2014.09.12 06:00:00.497,1.38588,1.38597,1.69,1.00
2014.09.12 06:00:02.318,1.38588,1.38597,1.69,2.44
2014.09.12 06:00:03.102,1.3859,1.38597,1.00,1.19
2014.09.12 06:00:03.153,1.3859,1.38598,3.19,1.00
2014.09.12 06:00:03.254,1.38592,1.38598,1.00,1.00
2014.09.12 06:00:03.457,1.38593,1.386,1.00,1.69
2014.09.12 06:00:03.760,1.38593,1.38602,1.25,1.50
2014.09.12 06:00:03.912,1.38595,1.38602,1.00,1.00
2014.09.12 06:00:04.418,1.38596,1.38603,1.00,1.69
2014.09.12 06:00:05.024,1.38595,1.38603,2.25,2.44
2014.09.12 06:00:05.529,1.38596,1.38603,1.12,1.00
2014.09.12 06:00:05.631,1.38596,1.38605,1.12,1.69
2014.09.12 06:00:07.038,1.38596,1.38605,2.06,1.25
2014.09.12 06:00:07.139,1.38595,1.38603,2.25,1.00
2014.09.12 06:00:07.695,1.38595,1.38601,3.00,1.00
2014.09.12 06:00:08.630,1.38595,1.38603,3.00,1.69
2014.09.12 06:00:09.162,1.38596,1.38603,1.00,1.69
2014.09.12 06:00:09.666,1.38595,1.38603,2.44,1.69
2014.09.12 06:00:09.768,1.38595,1.38603,2.44,2.06
2014.09.12 06:00:09.960,1.38596,1.38603,1.00,1.69
2014.09.12 06:00:10.262,1.38596,1.38601,1.00,1.00
2014.09.12 06:00:10.566,1.386,1.38602,1.00,1.00
2014.09.12 06:00:11.104,1.38601,1.38603,1.00,1.50
2014.09.12 06:00:11.717,1.38601,1.38605,3.82,2.06
2014.09.12 06:00:12.021,1.38605,1.38608,1.00,1.37
2014.09.12 06:00:12.324,1.38605,1.38609,3.07,1.25
2014.09.12 06:00:12.980,1.38605,1.38609,3.07,2.06
2014.09.12 06:00:13.485,1.38606,1.38609,1.00,2.81
2014.09.12 06:00:14.052,1.38604,1.38607,3.07,1.00
2014.09.12 06:00:14.356,1.38606,1.38609,4.65,1.25
2014.09.12 06:00:14.457,1.38604,1.38607,1.50,1.00
2014.09.12 06:00:14.559,1.38604,1.38609,1.50,1.69
2014.09.12 06:00:14.610,1.38606,1.3861,2.70,1.00
2014.09.12 06:00:14.763,1.38606,1.38607,1.00,1.00
2014.09.12 06:00:14.864,1.38603,1.38607,1.00,1.00
2014.09.12 06:00:15.017,1.38601,1.38607,1.00,1.00
2014.09.12 06:00:15.560,1.38601,1.38605,1.00,1.00
2014.09.12 06:00:16.016,1.38598,1.38603,3.07,1.00
2014.09.12 06:00:16.067,1.38596,1.38603,6.26,1.00
2014.09.12 06:00:16.577,1.38599,1.38604,1.00,2.06
2014.09.12 06:00:16.799,1.38597,1.38604,2.70,2.44
2014.09.12 06:00:16.850,1.38596,1.38603,1.25,1.37
2014.09.12 06:00:17.903,1.38596,1.38603,1.00,2.06
2014.09.12 06:00:18.994,1.38596,1.38603,1.12,2.81
2014.09.12 06:00:19.146,1.38598,1.38603,2.70,1.19
2014.09.12 06:00:19.670,1.38597,1.38603,3.82,1.19
2014.09.12 06:00:20.188,1.38598,1.38603,1.00,1.19
2014.09.12 06:00:20.800,1.38598,1.38604,1.00,2.06
2014.09.12 06:00:21.304,1.38598,1.38603,1.00,1.56
2014.09.12 06:00:21.719,1.38597,1.38603,1.50,1.56
2014.09.12 06:00:22.318,1.38597,1.38603,1.50,1.56
2014.09.12 06:00:22.420,1.38597,1.38603,1.50,1.56
2014.09.12 06:00:23.291,1.38597,1.38603,1.50,2.06
2014.09.12 06:00:23.746,1.38595,1.38603,1.87,2.06
2014.09.12 06:00:24.408,1.38595,1.38602,1.00,1.31
2014.09.12 06:00:24.509,1.38593,1.38601,6.75,2.44
2014.09.12 06:00:24.679,1.38589,1.38597,2.25,2.81
2014.09.12 06:00:24.730,1.38589,1.38596,1.12,2.81
2014.09.12 06:00:25.034,1.38589,1.38595,1.00,1.00
2014.09.12 06:00:25.547,1.38589,1.38596,1.00,4.31
2014.09.12 06:00:26.021,1.38588,1.38596,1.00,5.06
2014.09.12 06:00:27.050,1.38587,1.38596,1.00,4.31
2014.09.12 06:00:27.554,1.38586,1.38595,4.01,1.19
2014.09.12 06:00:27.858,1.38593,1.38595,1.00,1.19
2014.09.12 06:00:28.769,1.38593,1.38595,1.00,1.00
2014.09.12 06:00:29.273,1.38592,1.38596,1.00,2.06
2014.09.12 06:00:29.476,1.38588,1.38594,2.44,1.00
2014.09.12 06:00:29.527,1.38588,1.38596,2.44,3.56
2014.09.12 06:00:29.830,1.38589,1.38594,1.00,1.00
2014.09.12 06:00:30.370,1.38586,1.38595,4.39,1.62
2014.09.12 06:00:30.910,1.38586,1.38595,1.69,1.62
2014.09.12 06:00:31.451,1.38585,1.38595,4.31,2.06
2014.09.12 06:00:33.270,1.38586,1.38594,1.50,1.31
2014.09.12 06:00:34.376,1.38585,1.38594,3.19,2.06
2014.09.12 06:00:35.443,1.38585,1.38595,3.19,1.25
2014.09.12 06:00:35.494,1.3859,1.38595,1.00,1.25
2014.09.12 06:00:36.150,1.3859,1.38597,1.50,1.50
2014.09.12 06:00:36.554,1.3859,1.38599,1.50,2.81
2014.09.12 06:00:37.738,1.3859,1.38599,1.50,2.06
2014.09.12 06:00:39.776,1.38591,1.38599,1.00,2.06
2014.09.12 06:00:40.453,1.38591,1.38599,1.00,2.06
2014.09.12 06:00:42.746,1.3859,1.38598,1.00,1.56
2014.09.12 06:00:43.307,1.38589,1.38598,3.94,3.56
2014.09.12 06:00:43.835,1.38589,1.38598,3.94,3.56
2014.09.12 06:00:44.441,1.38589,1.38598,4.31,2.62
2014.09.12 06:00:45.705,1.38591,1.38598,1.00,2.06
2014.09.12 06:00:47.717,1.38591,1.38598,1.00,2.06
2014.09.12 06:00:48.493,1.38591,1.38598,1.00,2.06
2014.09.12 06:00:51.803,1.3859,1.38597,1.00,1.12
2014.09.12 06:00:52.308,1.3859,1.38596,1.00,1.25
2014.09.12 06:00:52.964,1.3859,1.38598,1.00,3.19
2014.09.12 06:00:53.267,1.3859,1.38596,1.00,1.00
2014.09.12 06:00:53.369,1.3859,1.38598,1.00,2.44
2014.09.12 06:00:53.621,1.3859,1.38598,1.00,2.06
2014.09.12 06:00:54.176,1.3859,1.38598,1.50,2.06
2014.09.12 06:00:54.479,1.3859,1.38598,1.50,2.81
2014.09.12 06:00:55.228,1.3859,1.38597,1.50,1.37
2014.09.12 06:00:55.768,1.3859,1.38597,1.12,1.37
2014.09.12 06:00:56.825,1.3859,1.38596,1.00,1.25
2014.09.12 06:00:57.345,1.38589,1.38596,1.69,1.00
2014.09.12 06:00:57.649,1.38588,1.38594,1.00,1.00
2014.09.12 06:00:58.002,1.38588,1.38592,1.00,1.12
2014.09.12 06:00:58.053,1.38586,1.38592,1.00,1.31
2014.09.12 06:00:58.103,1.38585,1.38592,1.12,1.62
2014.09.12 06:00:58.608,1.38585,1.38589,1.00,1.00
2014.09.12 06:00:59.219,1.38585,1.38593,1.00,4.31
2014.09.12 06:01:00.237,1.38585,1.38592,1.00,1.62
2014.09.12 06:01:02.811,1.38585,1.38593,1.00,2.81
2014.09.12 06:01:03.314,1.38588,1.38593,1.00,2.25
2014.09.12 06:01:03.617,1.38588,1.38591,1.50,1.00
2014.09.12 06:01:04.591,1.38588,1.38593,1.50,3.00
2014.09.12 06:01:05.897,1.38588,1.38595,2.25,2.81
2014.09.12 06:01:05.948,1.38591,1.38595,1.00,1.69
2014.09.12 06:01:06.100,1.38591,1.38597,1.00,1.31
2014.09.12 06:01:06.604,1.3859,1.38598,1.00,2.06
2014.09.12 06:01:07.116,1.38591,1.38597,1.50,1.25
2014.09.12 06:01:07.322,1.38588,1.38598,6.94,2.06
2014.09.12 06:01:07.426,1.38588,1.38598,6.19,3.56
2014.09.12 06:01:08.032,1.38588,1.38598,5.44,2.81
2014.09.12 06:01:08.133,1.38588,1.38597,3.94,2.44
2014.09.12 06:01:08.486,1.3859,1.38597,1.00,2.44
2014.09.12 06:01:08.688,1.38588,1.38597,3.94,1.56
2014.09.12 06:01:08.890,1.3859,1.38597,1.00,1.56
2014.09.12 06:01:09.435,1.38589,1.38597,1.50,2.06
2014.09.12 06:01:10.158,1.38589,1.38597,1.50,2.81
2014.09.12 06:01:10.663,1.38589,1.38597,1.00,2.06
2014.09.12 06:01:11.181,1.38589,1.38597,1.00,1.12
2014.09.12 06:01:12.343,1.38589,1.38597,1.00,1.62
2014.09.12 06:01:12.656,1.38589,1.38596,1.50,1.37
2014.09.12 06:01:12.858,1.38589,1.38596,1.50,1.69
2014.09.12 06:01:13.590,1.38589,1.38596,1.00,2.06
2014.09.12 06:01:13.862,1.38587,1.38593,1.00,1.00
2014.09.12 06:01:14.401,1.38587,1.38595,1.00,1.69
2014.09.12 06:01:14.924,1.38586,1.38595,1.69,1.69
2014.09.12 06:01:15.493,1.38586,1.38595,1.25,1.69
2014.09.12 06:01:16.194,1.38586,1.38595,1.69,2.06
2014.09.12 06:01:16.713,1.38587,1.38595,1.00,2.06
2014.09.12 06:01:17.221,1.38586,1.38595,1.25,2.06
2014.09.12 06:01:17.732,1.38586,1.38595,1.25,2.06
2014.09.12 06:01:18.049,1.38588,1.38596,1.00,6.56
2014.09.12 06:01:18.555,1.38589,1.38596,1.50,1.69
2014.09.12 06:01:19.097,1.38589,1.38596,1.00,1.69
2014.09.12 06:01:20.093,1.38589,1.38596,1.00,1.25
2014.09.12 06:01:21.179,1.38589,1.38596,1.00,1.69
2014.09.12 06:01:22.604,1.38589,1.38596,1.00,2.06
2014.09.12 06:01:23.114,1.38589,1.38596,1.00,2.06
2014.09.12 06:01:23.646,1.38589,1.38596,1.00,2.44
2014.09.12 06:01:24.151,1.38589,1.38596,1.00,2.06
2014.09.12 06:01:25.109,1.38589,1.38596,1.00,2.06
2014.09.12 06:01:26.871,1.38588,1.38596,1.00,3.94
2014.09.12 06:01:27.376,1.38587,1.38592,3.75,1.00
2014.09.12 06:01:27.578,1.38588,1.38594,1.00,1.00
2014.09.12 06:01:28.809,1.38589,1.38594,2.25,1.00
2014.09.12 06:01:29.371,1.38589,1.38595,1.50,2.06
2014.09.12 06:01:30.426,1.38589,1.38595,3.00,2.06
2014.09.12 06:01:30.933,1.38589,1.38593,3.00,1.37
2014.09.12 06:01:31.237,1.38589,1.38594,3.00,1.12
2014.09.12 06:01:32.348,1.38589,1.38596,2.25,2.81
2014.09.12 06:01:32.858,1.38589,1.38596,2.25,2.06
2014.09.12 06:01:33.639,1.38589,1.38594,2.25,1.00
2014.09.12 06:01:34.150,1.38589,1.38596,2.25,2.06
2014.09.12 06:01:34.251,1.38589,1.38596,2.25,2.06
2014.09.12 06:01:34.813,1.38589,1.38596,2.25,2.06
2014.09.12 06:01:35.350,1.3859,1.38597,1.00,1.56
2014.09.12 06:01:35.754,1.38589,1.38599,3.00,5.06
2014.09.12 06:01:36.689,1.38589,1.38598,3.19,1.19
2014.09.12 06:01:37.055,1.38591,1.38598,1.00,1.19
2014.09.12 06:01:37.693,1.3859,1.38598,1.00,1.19
2014.09.12 06:01:39.054,1.38589,1.38598,3.56,2.06
2014.09.12 06:01:39.567,1.3859,1.38598,1.50,2.06
2014.09.12 06:01:39.971,1.38591,1.38598,1.37,1.19
2014.09.12 06:01:40.275,1.38599,1.386,1.12,1.00
2014.09.12 06:01:40.428,1.38597,1.38604,6.00,1.25
2014.09.12 06:01:41.590,1.38598,1.38604,1.00,1.50
2014.09.12 06:01:41.641,1.38598,1.38604,1.00,1.87
2014.09.12 06:01:42.146,1.38597,1.38604,2.06,1.37
2014.09.12 06:01:42.237,1.38597,1.38604,2.06,1.12
2014.09.12 06:01:42.788,1.38597,1.38604,2.06,1.37
2014.09.12 06:01:43.316,1.38597,1.38604,1.87,1.12
2014.09.12 06:01:43.832,1.38597,1.38604,1.87,1.37
2014.09.12 06:01:45.186,1.38597,1.38604,1.87,1.37
2014.09.12 06:01:46.666,1.38601,1.38604,1.50,1.00
2014.09.12 06:01:47.172,1.38601,1.38606,1.50,1.19
2014.09.12 06:01:47.677,1.38601,1.38606,1.00,1.19
2014.09.12 06:01:47.985,1.386,1.38607,1.00,1.25
2014.09.12 06:01:48.596,1.38602,1.38608,1.00,1.19
2014.09.12 06:01:49.201,1.38602,1.38608,1.00,1.56
2014.09.12 06:01:49.353,1.386,1.38607,1.00,1.56
2014.09.12 06:01:49.906,1.386,1.38607,1.00,3.56
2014.09.12 06:01:50.079,1.38598,1.38607,1.25,3.56
2014.09.12 06:01:51.683,1.38598,1.38606,1.00,2.06
2014.09.12 06:01:53.628,1.38598,1.38606,1.00,1.31
2014.09.12 06:02:01.370,1.38599,1.38607,1.00,2.44
2014.09.12 06:02:01.976,1.38599,1.38607,1.69,2.44
2014.09.12 06:02:02.077,1.38599,1.38607,1.31,2.81
2014.09.12 06:02:02.178,1.38598,1.38607,3.56,2.81
2014.09.12 06:02:03.065,1.38597,1.38607,1.31,2.81
2014.09.12 06:02:04.078,1.38597,1.38606,1.25,2.06
2014.09.12 06:02:04.583,1.38597,1.38606,1.69,1.19
2014.09.12 06:02:04.684,1.38598,1.38606,2.25,1.19
2014.09.12 06:02:04.887,1.38601,1.38607,2.25,3.00
2014.09.12 06:02:05.107,1.38603,1.38607,1.00,1.00
2014.09.12 06:02:05.209,1.38601,1.38609,2.25,2.06
2014.09.12 06:02:06.975,1.38601,1.38609,1.00,2.81
2014.09.12 06:02:07.480,1.38599,1.38606,1.19,1.00
2014.09.12 06:02:08.011,1.38599,1.38605,1.19,1.00
2014.09.12 06:02:08.164,1.38598,1.38605,2.06,1.00
2014.09.12 06:02:08.678,1.38598,1.38605,2.44,1.00
2014.09.12 06:02:08.880,1.38599,1.38607,1.87,1.69
2014.09.12 06:02:09.133,1.38602,1.38609,3.00,2.06
2014.09.12 06:02:10.194,1.38603,1.38609,1.00,1.25
2014.09.12 06:02:11.092,1.38602,1.38609,4.12,1.25
2014.09.12 06:02:11.744,1.38603,1.38609,1.00,1.25
2014.09.12 06:02:12.474,1.38602,1.38609,3.37,1.25
2014.09.12 06:02:13.671,1.38602,1.3861,1.50,3.56
2014.09.12 06:02:14.141,1.386,1.38609,1.31,2.62
2014.09.12 06:02:15.577,1.386,1.38609,1.25,1.69
2014.09.12 06:02:16.439,1.38601,1.38609,1.00,2.44
2014.09.12 06:02:17.006,1.38601,1.38609,1.00,2.81
2014.09.12 06:02:17.561,1.386,1.38608,1.25,1.62
2014.09.12 06:02:18.321,1.38601,1.38609,1.00,3.56
2014.09.12 06:02:18.624,1.38602,1.38609,1.87,1.19
2014.09.12 06:02:18.675,1.38602,1.3861,2.06,2.44
2014.09.12 06:02:19.080,1.38605,1.3861,1.00,1.25
2014.09.12 06:02:19.282,1.38603,1.38611,1.12,1.19
2014.09.12 06:02:20.306,1.38603,1.38612,2.81,2.25
2014.09.12 06:02:20.508,1.38604,1.38608,1.00,1.00
2014.09.12 06:02:20.660,1.38601,1.38606,1.00,1.12
2014.09.12 06:02:20.813,1.38599,1.38605,1.50,1.00
2014.09.12 06:02:21.066,1.38597,1.38603,1.69,1.00
2014.09.12 06:02:21.218,1.38596,1.38603,1.00,1.25
2014.09.12 06:02:21.320,1.38595,1.38601,1.69,1.00
2014.09.12 06:02:21.778,1.38592,1.38601,1.69,3.19
2014.09.12 06:02:22.988,1.38592,1.38601,2.81,3.19
2014.09.12 06:02:23.524,1.38594,1.38601,1.00,2.81
2014.09.12 06:02:24.496,1.38592,1.38601,2.81,2.81
2014.09.12 06:02:24.698,1.38592,1.38599,1.69,1.37
2014.09.12 06:02:25.001,1.38588,1.38597,2.44,4.31
2014.09.12 06:02:25.153,1.38588,1.38594,1.25,1.00
2014.09.12 06:02:25.254,1.38587,1.38596,2.44,2.06
2014.09.12 06:02:25.884,1.38587,1.38595,1.56,1.50
2014.09.12 06:02:27.428,1.38586,1.38596,3.19,6.26
2014.09.12 06:02:27.996,1.38588,1.38594,1.00,1.25
2014.09.12 06:02:28.097,1.38586,1.38594,2.81,1.25
2014.09.12 06:02:28.604,1.38586,1.38595,4.31,2.81
2014.09.12 06:02:32.405,1.38589,1.38596,1.00,3.19
2014.09.12 06:02:32.935,1.38587,1.38595,1.31,1.69
2014.09.12 06:02:33.310,1.38587,1.38595,2.44,1.69
2014.09.12 06:02:34.230,1.38588,1.38597,2.25,2.81
2014.09.12 06:02:35.250,1.38587,1.38597,2.81,1.69
2014.09.12 06:02:35.351,1.38589,1.38597,1.62,1.69
2014.09.12 06:02:35.861,1.38592,1.38598,1.12,1.69
2014.09.12 06:02:36.265,1.3859,1.38598,1.12,1.69
2014.09.12 06:02:36.518,1.38589,1.38598,3.19,3.94
2014.09.12 06:02:36.771,1.38587,1.38593,1.50,1.00
2014.09.12 06:02:36.922,1.38586,1.38593,1.50,1.50
2014.09.12 06:02:37.125,1.38584,1.38592,1.00,3.19
2014.09.12 06:02:37.579,1.38585,1.38593,1.31,1.25
2014.09.12 06:02:37.630,1.38586,1.38593,1.37,1.25
2014.09.12 06:02:38.439,1.38588,1.38594,1.00,1.19
2014.09.12 06:02:38.792,1.38587,1.38596,3.56,1.12
2014.09.12 06:02:39.420,1.38587,1.38596,3.19,1.37
2014.09.12 06:02:39.843,1.38591,1.38596,1.00,1.37
2014.09.12 06:02:40.944,1.38591,1.38596,1.50,1.12
2014.09.12 06:02:41.855,1.38591,1.38598,1.50,2.81
2014.09.12 06:02:41.906,1.38593,1.38598,1.00,2.81
2014.09.12 06:02:42.415,1.38593,1.38599,1.50,3.56
2014.09.12 06:02:42.924,1.38593,1.38599,1.50,3.94
2014.09.12 06:02:43.026,1.38591,1.38597,1.50,1.50
2014.09.12 06:02:44.569,1.38588,1.38597,3.00,2.81
2014.09.12 06:02:45.689,1.38588,1.38597,1.37,3.19
2014.09.12 06:02:46.456,1.38589,1.38597,1.37,3.94
2014.09.12 06:02:47.163,1.38591,1.386,1.69,1.00
2014.09.12 06:02:47.680,1.38591,1.386,2.81,1.37
2014.09.12 06:02:47.983,1.38591,1.38598,1.00,1.56
2014.09.12 06:02:48.034,1.38589,1.38598,1.12,5.06
2014.09.12 06:02:48.236,1.38587,1.38596,1.69,2.62
2014.09.12 06:02:48.287,1.38587,1.38596,1.69,2.62
2014.09.12 06:02:48.540,1.38585,1.38593,3.94,1.37
2014.09.12 06:02:49.044,1.38585,1.38593,3.19,1.37
2014.09.12 06:02:49.559,1.38585,1.38593,2.44,1.37
2014.09.12 06:02:50.104,1.38585,1.3859,3.19,1.00
2014.09.12 06:02:50.357,1.38585,1.38592,3.19,1.12
2014.09.12 06:02:50.458,1.38585,1.38589,3.94,1.00
2014.09.12 06:02:50.559,1.38585,1.38592,3.94,1.37
2014.09.12 06:02:51.697,1.38586,1.38593,1.00,2.06
2014.09.12 06:02:51.798,1.38583,1.38591,1.69,1.00
2014.09.12 06:02:52.052,1.38585,1.38589,1.00,1.19
2014.09.12 06:02:52.103,1.38582,1.38587,3.75,1.00
2014.09.12 06:02:52.205,1.38581,1.38589,1.87,2.06
2014.09.12 06:02:52.710,1.38579,1.38589,1.31,3.56
2014.09.12 06:02:53.013,1.38579,1.38589,3.19,3.56
2014.09.12 06:02:53.216,1.3858,1.38589,1.25,3.56
2014.09.12 06:02:53.721,1.3858,1.38589,1.69,2.44
2014.09.12 06:02:54.226,1.38579,1.38589,2.44,3.56
2014.09.12 06:02:54.652,1.38582,1.38589,1.00,1.69
2014.09.12 06:02:56.917,1.38581,1.3859,1.50,1.69
2014.09.12 06:02:57.925,1.38581,1.38589,1.50,1.00
2014.09.12 06:02:58.442,1.38582,1.3859,1.00,1.25
2014.09.12 06:02:58.952,1.38583,1.3859,1.00,1.25
2014.09.12 06:03:00.661,1.38582,1.3859,1.50,1.25
2014.09.12 06:03:05.197,1.38582,1.3859,1.00,1.69
2014.09.12 06:03:10.458,1.38582,1.3859,1.50,1.00
2014.09.12 06:03:11.531,1.38583,1.3859,1.00,1.00
2014.09.12 06:03:11.886,1.3858,1.3859,5.06,1.00
2014.09.12 06:03:12.398,1.38582,1.3859,1.12,1.12
2014.09.12 06:03:12.965,1.38583,1.3859,1.00,2.06
2014.09.12 06:03:14.961,1.38582,1.3859,1.12,2.06
2014.09.12 06:03:16.978,1.38582,1.38589,1.37,1.25
2014.09.12 06:03:19.577,1.38582,1.38589,1.50,1.00
2014.09.12 06:03:20.095,1.38583,1.38589,1.00,1.00
2014.09.12 06:03:20.609,1.38582,1.38589,1.12,1.00
2014.09.12 06:03:21.841,1.38582,1.3859,1.12,2.06
2014.09.12 06:03:22.447,1.38583,1.38589,1.00,1.00
2014.09.12 06:03:22.997,1.38583,1.3859,1.00,2.06
2014.09.12 06:03:24.062,1.38584,1.3859,1.00,2.06
2014.09.12 06:03:24.516,1.38586,1.3859,1.00,2.44
2014.09.12 06:03:25.633,1.38586,1.3859,1.00,1.50
2014.09.12 06:03:25.937,1.38584,1.38592,1.12,1.25
2014.09.12 06:03:25.988,1.38586,1.38592,1.00,1.25
2014.09.12 06:03:26.140,1.38586,1.38595,5.89,3.75
2014.09.12 06:03:26.645,1.38589,1.38597,1.12,1.69
2014.09.12 06:03:27.963,1.38589,1.38598,1.31,2.44
2014.09.12 06:03:28.519,1.3859,1.38597,1.00,1.25
2014.09.12 06:03:30.320,1.38589,1.38597,3.45,1.00
2014.09.12 06:03:30.572,1.38592,1.386,1.00,1.19
2014.09.12 06:03:31.077,1.38592,1.386,1.50,1.19
2014.09.12 06:03:31.582,1.38594,1.386,1.00,1.19
2014.09.12 06:03:32.088,1.38592,1.386,3.00,1.19
2014.09.12 06:03:32.342,1.38594,1.38602,1.00,1.69
2014.09.12 06:03:33.008,1.38593,1.38602,1.69,1.69
2014.09.12 06:03:33.552,1.38594,1.38602,1.00,1.69
2014.09.12 06:03:34.193,1.38593,1.38602,1.25,1.69
2014.09.12 06:03:34.843,1.38594,1.38602,1.00,1.69
2014.09.12 06:03:36.495,1.38593,1.38602,1.69,1.69
2014.09.12 06:03:37.422,1.38594,1.38602,1.00,1.69
2014.09.12 06:03:37.939,1.38592,1.38602,3.94,1.19
2014.09.12 06:03:38.808,1.38592,1.38601,2.06,1.19
2014.09.12 06:03:39.315,1.38593,1.38601,1.50,1.19
2014.09.12 06:03:39.930,1.38592,1.38601,2.06,1.19
2014.09.12 06:03:40.345,1.38594,1.38601,1.00,1.19
2014.09.12 06:03:40.900,1.38594,1.38602,1.00,3.19
2014.09.12 06:03:41.445,1.38593,1.38602,1.31,2.44
2014.09.12 06:03:42.062,1.38594,1.38602,1.00,2.44
2014.09.12 06:03:42.929,1.38594,1.38603,1.00,1.25
2014.09.12 06:03:43.031,1.38596,1.38604,1.00,3.56
2014.09.12 06:03:43.334,1.38597,1.38604,2.62,1.19
2014.09.12 06:03:43.435,1.38598,1.38605,1.00,1.00
2014.09.12 06:03:43.940,1.38599,1.38606,2.25,1.00
2014.09.12 06:03:44.092,1.38601,1.38606,1.00,1.00
2014.09.12 06:03:44.624,1.38601,1.38607,1.00,1.25
2014.09.12 06:03:44.675,1.38599,1.38607,1.87,1.25
2014.09.12 06:03:44.777,1.38603,1.38607,1.00,1.25
2014.09.12 06:03:45.881,1.38602,1.38607,1.00,1.25
2014.09.12 06:03:47.004,1.38602,1.38606,1.00,1.00
2014.09.12 06:03:47.054,1.386,1.38606,1.00,1.87
2014.09.12 06:03:47.559,1.38599,1.38605,1.25,1.00
2014.09.12 06:03:48.493,1.38599,1.38606,1.00,1.00
2014.09.12 06:03:50.845,1.38598,1.38606,1.50,1.00
2014.09.12 06:03:51.395,1.38599,1.38606,1.00,1.25
2014.09.12 06:03:51.936,1.38598,1.38606,1.69,1.25
2014.09.12 06:03:53.238,1.38599,1.38606,1.00,1.25
2014.09.12 06:03:54.753,1.386,1.38606,1.00,1.31
2014.09.12 06:03:56.624,1.386,1.38607,1.00,5.51
2014.09.12 06:03:57.549,1.386,1.38606,1.00,2.06
2014.09.12 06:03:58.099,1.386,1.38605,1.00,1.00
2014.09.12 06:03:58.302,1.38598,1.38604,1.25,1.00
2014.09.12 06:03:59.814,1.38599,1.38604,1.00,1.12
2014.09.12 06:04:03.239,1.386,1.38604,1.00,1.00
2014.09.12 06:04:03.744,1.386,1.38606,1.00,1.31
2014.09.12 06:04:04.025,1.38598,1.38607,1.69,1.87
2014.09.12 06:04:07.458,1.38598,1.38607,1.69,5.14
2014.09.12 06:04:09.013,1.38598,1.38607,1.69,1.69
2014.09.12 06:04:09.517,1.38598,1.38607,2.44,1.69
2014.09.12 06:04:10.043,1.38598,1.38607,2.44,1.69
2014.09.12 06:04:10.574,1.38598,1.38607,1.50,1.69
2014.09.12 06:04:15.136,1.38598,1.38607,2.44,2.44
2014.09.12 06:04:15.582,1.386,1.38607,1.00,2.44
2014.09.12 06:04:15.886,1.38602,1.38608,1.00,1.69
2014.09.12 06:04:16.340,1.38603,1.3861,1.25,1.50
2014.09.12 06:04:16.643,1.38602,1.38609,1.69,1.37
2014.09.12 06:04:17.148,1.38602,1.38609,1.19,1.37
2014.09.12 06:04:17.653,1.38602,1.38609,1.19,2.62
2014.09.12 06:04:18.010,1.38599,1.38608,2.25,1.31
2014.09.12 06:04:18.414,1.38597,1.38605,1.50,1.50
2014.09.12 06:04:19.119,1.38598,1.38605,1.69,1.50
2014.09.12 06:04:19.656,1.38598,1.38606,1.69,1.50
2014.09.12 06:04:23.459,1.38598,1.38607,2.44,2.62
2014.09.12 06:04:25.345,1.38598,1.38607,1.69,1.87
2014.09.12 06:04:25.860,1.38599,1.38607,2.25,1.50
2014.09.12 06:04:27.345,1.38599,1.38607,1.25,2.06
2014.09.12 06:04:28.752,1.38599,1.38607,1.25,2.06
2014.09.12 06:04:29.262,1.38599,1.38606,1.00,1.37
2014.09.12 06:04:29.767,1.38598,1.38606,1.25,1.37
2014.09.12 06:04:30.753,1.38598,1.38606,1.25,1.69
2014.09.12 06:04:32.995,1.38598,1.38606,1.50,2.44
2014.09.12 06:04:39.606,1.38598,1.38606,2.25,1.31
2014.09.12 06:04:39.859,1.38603,1.38607,1.00,1.87
2014.09.12 06:04:40.011,1.38603,1.38609,1.00,1.25
2014.09.12 06:04:40.516,1.38604,1.3861,1.50,1.19
2014.09.12 06:04:41.149,1.38604,1.38612,1.00,1.31
2014.09.12 06:04:41.354,1.38604,1.38613,1.31,1.87
2014.09.12 06:04:42.645,1.38604,1.38613,2.81,1.31
2014.09.12 06:04:45.252,1.38605,1.38612,1.00,1.19
2014.09.12 06:04:51.884,1.38605,1.38613,1.00,4.31
2014.09.12 06:04:53.453,1.38605,1.3861,1.00,1.37
2014.09.12 06:04:53.605,1.38601,1.38609,2.25,5.06
2014.09.12 06:04:53.757,1.38601,1.38608,1.00,1.25
2014.09.12 06:04:54.262,1.38601,1.38607,1.00,1.00
2014.09.12 06:04:54.363,1.38599,1.38607,1.12,1.00
2014.09.12 06:04:54.935,1.38599,1.38607,1.00,2.62
2014.09.12 06:04:55.461,1.38599,1.38607,1.00,3.37
2014.09.12 06:04:55.817,1.38599,1.38606,1.00,2.06
2014.09.12 06:04:56.120,1.38595,1.38602,1.31,2.62
2014.09.12 06:04:56.578,1.38596,1.38603,1.00,1.31
2014.09.12 06:04:57.104,1.38595,1.38603,2.62,1.31
2014.09.12 06:04:57.612,1.38594,1.38603,1.25,2.06
2014.09.12 06:04:58.236,1.38592,1.38602,5.44,1.31
2014.09.12 06:04:59.989,1.38594,1.38602,1.00,1.69
2014.09.12 06:05:00.505,1.38593,1.38602,1.25,1.00
2014.09.12 06:05:01.320,1.38595,1.38602,1.00,1.12
2014.09.12 06:05:01.624,1.38597,1.38604,1.12,1.19
2014.09.12 06:05:01.725,1.38597,1.38606,2.44,2.81
2014.09.12 06:05:01.980,1.38597,1.38605,1.69,2.62
2014.09.12 06:05:02.508,1.38597,1.38605,1.00,1.69
2014.09.12 06:05:03.577,1.38597,1.38605,1.00,1.56
2014.09.12 06:05:04.491,1.38597,1.38606,1.69,2.81
2014.09.12 06:05:07.267,1.38597,1.38603,1.69,1.00
2014.09.12 06:05:08.873,1.38597,1.38606,1.69,2.81
2014.09.12 06:05:10.094,1.38598,1.38606,1.00,2.81
2014.09.12 06:05:14.358,1.38598,1.38607,2.06,3.56
2014.09.12 06:05:14.878,1.38598,1.38607,2.06,2.81
2014.09.12 06:05:15.232,1.38596,1.38604,1.00,1.69
2014.09.12 06:05:15.283,1.38595,1.38602,3.37,1.00
2014.09.12 06:05:15.385,1.38596,1.38604,1.00,1.25
2014.09.12 06:05:15.638,1.38597,1.38604,2.25,1.25
2014.09.12 06:05:16.165,1.38597,1.38605,1.87,1.69
2014.09.12 06:05:16.568,1.38597,1.38607,2.81,5.81
2014.09.12 06:05:17.817,1.386,1.38607,1.00,5.44
2014.09.12 06:05:18.351,1.38601,1.38607,1.00,5.44
2014.09.12 06:05:18.675,1.38599,1.38607,1.00,4.69
2014.09.12 06:05:19.128,1.38601,1.38606,1.00,1.00
2014.09.12 06:05:19.635,1.386,1.38606,1.00,1.00
2014.09.12 06:05:20.039,1.38602,1.38606,1.00,1.00
2014.09.12 06:05:20.544,1.38601,1.38608,2.25,1.19
2014.09.12 06:05:21.056,1.38601,1.38609,1.50,3.19
2014.09.12 06:05:21.584,1.38602,1.38609,1.00,2.44
2014.09.12 06:05:22.089,1.38601,1.38609,2.25,2.44
2014.09.12 06:05:27.133,1.38601,1.3861,3.00,2.06
2014.09.12 06:05:28.210,1.38601,1.3861,3.00,2.06
2014.09.12 06:05:29.135,1.38601,1.38608,3.00,1.00
2014.09.12 06:05:29.442,1.38601,1.3861,3.00,5.06
2014.09.12 06:05:29.594,1.38601,1.38607,1.50,1.00
2014.09.12 06:05:30.102,1.386,1.38607,1.50,1.00
2014.09.12 06:05:32.257,1.386,1.38607,1.50,1.62
2014.09.12 06:05:32.762,1.386,1.38608,2.25,2.81
2014.09.12 06:05:33.116,1.38601,1.38609,2.06,1.50
2014.09.12 06:05:33.419,1.38606,1.3861,1.00,1.50
2014.09.12 06:05:33.924,1.38607,1.38611,1.69,1.50
2014.09.12 06:05:34.536,1.38607,1.38616,1.69,2.06
2014.09.12 06:05:35.147,1.38606,1.38616,2.06,2.06
2014.09.12 06:05:35.656,1.38606,1.38615,1.19,1.69
2014.09.12 06:05:35.858,1.38606,1.38611,1.19,1.00
2014.09.12 06:05:36.364,1.38606,1.38613,1.00,1.19
2014.09.12 06:05:37.415,1.38606,1.38614,3.56,2.06
2014.09.12 06:05:38.637,1.38608,1.38614,1.00,2.25
2014.09.12 06:05:39.244,1.38608,1.38613,1.50,1.00
2014.09.12 06:05:39.963,1.38608,1.38615,1.00,2.81
2014.09.12 06:05:40.485,1.38608,1.38613,1.00,1.00
2014.09.12 06:05:40.997,1.38608,1.38614,1.00,1.31
2014.09.12 06:05:41.516,1.38608,1.38613,1.00,1.00
2014.09.12 06:05:42.389,1.38608,1.38612,1.00,1.25
2014.09.12 06:05:48.424,1.3861,1.38613,1.00,1.19
2014.09.12 06:05:48.732,1.38612,1.38613,1.00,1.00
2014.09.12 06:05:49.100,1.38611,1.38615,1.00,1.25
2014.09.12 06:05:49.605,1.38612,1.38615,1.00,1.25
2014.09.12 06:05:49.714,1.3861,1.38615,1.50,1.25
2014.09.12 06:05:50.219,1.3861,1.38614,1.00,1.69
2014.09.12 06:05:50.270,1.3861,1.38611,1.00,1.00
2014.09.12 06:05:50.522,1.38608,1.3861,1.00,1.00
2014.09.12 06:05:50.674,1.38605,1.38609,1.87,1.00
2014.09.12 06:05:50.826,1.38605,1.38608,1.50,1.00
2014.09.12 06:05:51.331,1.38605,1.38609,1.00,1.00
2014.09.12 06:05:51.836,1.38605,1.3861,1.12,1.00
2014.09.12 06:05:52.038,1.38605,1.38609,1.12,1.00
2014.09.12 06:05:52.441,1.38605,1.3861,1.00,1.00
2014.09.12 06:05:53.648,1.38605,1.38611,1.00,1.50
2014.09.12 06:05:54.532,1.38605,1.38612,2.25,1.25
2014.09.12 06:05:54.785,1.38607,1.38613,1.00,1.69
2014.09.12 06:05:55.302,1.38608,1.38613,1.00,1.19
2014.09.12 06:05:55.353,1.38608,1.38614,1.00,2.25
2014.09.12 06:05:56.320,1.38611,1.38614,1.00,1.50
2014.09.12 06:05:56.421,1.38612,1.38617,1.00,5.44
2014.09.12 06:05:56.939,1.38613,1.38618,1.00,1.19
2014.09.12 06:05:57.607,1.38613,1.38619,1.37,1.50
2014.09.12 06:05:57.860,1.38617,1.38623,1.00,1.50
2014.09.12 06:05:58.365,1.38617,1.38622,1.00,1.00
2014.09.12 06:05:59.735,1.38619,1.38622,1.00,1.00
2014.09.12 06:06:01.161,1.38619,1.38625,1.00,3.19
2014.09.12 06:06:02.025,1.3862,1.38625,1.00,2.44
2014.09.12 06:06:02.327,1.3862,1.38626,1.00,1.25
2014.09.12 06:06:04.886,1.38622,1.38627,1.00,3.19
2014.09.12 06:06:05.658,1.38622,1.38625,1.00,1.00
2014.09.12 06:06:06.072,1.38622,1.38627,1.00,1.25
2014.09.12 06:06:07.142,1.38622,1.38625,1.00,1.00
2014.09.12 06:06:07.445,1.3862,1.38625,1.12,1.00
2014.09.12 06:06:07.962,1.38619,1.38624,1.62,1.00
2014.09.12 06:06:08.499,1.38619,1.38625,1.12,1.50
2014.09.12 06:06:10.251,1.38619,1.38626,1.00,1.00
2014.09.12 06:06:10.454,1.38619,1.38626,1.87,1.00
2014.09.12 06:06:10.555,1.38619,1.38626,1.50,1.00
2014.09.12 06:06:11.222,1.38619,1.38626,1.37,1.00
2014.09.12 06:06:11.375,1.38619,1.38623,1.12,1.00
2014.09.12 06:06:11.881,1.38618,1.38623,1.12,1.00
2014.09.12 06:06:12.386,1.38618,1.38622,1.12,1.00
2014.09.12 06:06:12.490,1.38618,1.38625,1.12,2.25
2014.09.12 06:06:13.781,1.38618,1.38621,1.00,1.00
2014.09.12 06:06:14.285,1.38616,1.38622,2.44,1.87
2014.09.12 06:06:14.907,1.38616,1.38619,1.69,1.00
2014.09.12 06:06:15.412,1.38616,1.38618,1.19,1.00
2014.09.12 06:06:15.665,1.38611,1.38617,1.37,3.00
2014.09.12 06:06:16.481,1.38613,1.38617,1.00,1.00
2014.09.12 06:06:16.884,1.38613,1.38615,1.00,1.00
2014.09.12 06:06:16.985,1.38614,1.38618,1.00,1.00
2014.09.12 06:06:17.188,1.38614,1.38616,1.00,1.00
2014.09.12 06:06:17.339,1.38612,1.38616,1.00,1.00
2014.09.12 06:06:17.441,1.38611,1.38614,1.00,1.00
2014.09.12 06:06:17.945,1.3861,1.38615,1.00,1.00
2014.09.12 06:06:19.399,1.3861,1.38617,1.00,3.19
2014.09.12 06:06:19.752,1.38612,1.38618,1.00,2.44
2014.09.12 06:06:20.257,1.38611,1.38616,1.00,1.00
2014.09.12 06:06:20.572,1.3861,1.38614,1.50,1.00
2014.09.12 06:06:22.702,1.3861,1.38616,2.25,1.00
2014.09.12 06:06:25.049,1.38609,1.38616,1.25,2.62
2014.09.12 06:06:25.562,1.38609,1.38615,1.25,1.00
2014.09.12 06:06:25.869,1.3861,1.38615,1.37,1.00
2014.09.12 06:06:26.122,1.38612,1.38617,1.25,1.50
2014.09.12 06:06:26.636,1.38612,1.38618,1.25,1.50
2014.09.12 06:06:27.148,1.38612,1.38618,1.69,1.50
2014.09.12 06:06:27.910,1.38614,1.38618,1.00,1.50
2014.09.12 06:06:31.877,1.38612,1.38618,1.19,1.50
2014.09.12 06:06:32.382,1.38612,1.38618,1.25,1.50
2014.09.12 06:06:33.271,1.38615,1.38618,1.00,1.50
2014.09.12 06:06:33.574,1.38615,1.3862,1.37,1.00
2014.09.12 06:06:33.828,1.38615,1.38618,1.37,1.50
2014.09.12 06:06:34.334,1.38615,1.38619,1.37,1.00
2014.09.12 06:06:35.658,1.38615,1.38619,1.37,1.00
2014.09.12 06:06:36.224,1.38616,1.38621,1.56,1.50
2014.09.12 06:06:36.477,1.38618,1.38622,2.44,1.00
2014.09.12 06:06:36.779,1.38624,1.38626,1.00,1.00
2014.09.12 06:06:37.109,1.38624,1.3863,1.00,1.00
2014.09.12 06:06:37.312,1.38624,1.3863,1.37,1.00
2014.09.12 06:06:38.630,1.38624,1.3863,1.37,1.00
2014.09.12 06:06:39.146,1.38624,1.3863,1.37,1.00
2014.09.12 06:06:39.248,1.38624,1.3863,1.37,1.50
2014.09.12 06:06:39.812,1.38624,1.38629,1.37,1.00
2014.09.12 06:06:41.523,1.38624,1.38629,1.62,1.50
2014.09.12 06:06:42.041,1.38624,1.38631,1.62,1.50
2014.09.12 06:06:43.002,1.38625,1.38632,1.62,6.75
2014.09.12 06:06:43.522,1.38625,1.38631,1.62,1.00
2014.09.12 06:06:44.682,1.38625,1.38632,1.37,6.94
2014.09.12 06:06:45.883,1.38625,1.38632,1.12,6.94
2014.09.12 06:06:51.100,1.38625,1.38631,2.06,1.00
2014.09.12 06:06:51.505,1.38626,1.38632,1.37,1.50
2014.09.12 06:06:51.808,1.38628,1.38633,1.62,1.00
2014.09.12 06:06:51.909,1.38628,1.38633,1.31,1.00
2014.09.12 06:06:52.372,1.38628,1.38635,1.25,1.00
2014.09.12 06:06:53.471,1.38628,1.38635,1.00,3.37
2014.09.12 06:06:53.825,1.38627,1.38632,1.69,1.00
2014.09.12 06:06:54.229,1.38625,1.38632,1.25,3.00
2014.09.12 06:06:54.684,1.38625,1.3863,1.25,1.00
2014.09.12 06:06:57.686,1.38623,1.3863,2.06,2.25
2014.09.12 06:06:58.197,1.38623,1.3863,1.12,1.50
2014.09.12 06:06:59.800,1.38623,1.38629,1.50,1.00
2014.09.12 06:07:00.323,1.38623,1.38628,1.25,1.87
2014.09.12 06:07:00.728,1.3862,1.38627,1.69,1.00
2014.09.12 06:07:01.252,1.3862,1.38626,1.25,1.00
2014.09.12 06:07:02.232,1.38619,1.38626,1.87,1.69
2014.09.12 06:07:03.753,1.38619,1.38626,1.87,2.44
2014.09.12 06:07:04.261,1.38619,1.38626,1.87,1.69
2014.09.12 06:07:04.824,1.38619,1.38626,1.87,1.31
2014.09.12 06:07:06.215,1.38619,1.38626,1.87,1.62
2014.09.12 06:07:07.143,1.38618,1.38625,1.69,1.50
2014.09.12 06:07:08.137,1.38618,1.38625,1.87,1.69
2014.09.12 06:07:08.856,1.38618,1.38626,1.87,1.50
2014.09.12 06:07:09.472,1.38619,1.38623,1.00,1.00
2014.09.12 06:07:09.574,1.38617,1.38622,3.00,1.00
2014.09.12 06:07:09.776,1.38617,1.3862,1.00,1.12
2014.09.12 06:07:09.877,1.38615,1.3862,1.25,1.12
2014.09.12 06:07:10.779,1.38613,1.38621,1.69,1.69
2014.09.12 06:07:11.083,1.38613,1.38621,2.06,1.69
2014.09.12 06:07:11.691,1.38613,1.3862,2.06,1.12
2014.09.12 06:07:12.739,1.38613,1.38622,2.44,3.94
2014.09.12 06:07:12.890,1.38613,1.38622,2.81,3.19
2014.09.12 06:07:13.395,1.38613,1.38621,2.06,1.00
2014.09.12 06:07:13.902,1.38613,1.3862,2.06,1.00
2014.09.12 06:07:14.446,1.38613,1.3862,1.12,1.25
2014.09.12 06:07:14.748,1.38612,1.38616,1.50,1.00
2014.09.12 06:07:15.051,1.38611,1.38615,1.00,4.39
2014.09.12 06:07:15.203,1.38609,1.38614,2.02,3.19
2014.09.12 06:07:15.370,1.38609,1.38611,2.02,1.00
2014.09.12 06:07:15.774,1.38605,1.38611,2.44,1.00
2014.09.12 06:07:16.311,1.38605,1.38611,1.00,1.50
2014.09.12 06:07:19.327,1.38605,1.38612,1.87,3.94
2014.09.12 06:07:19.831,1.38605,1.38612,1.62,3.00
2014.09.12 06:07:21.800,1.38605,1.38613,1.87,1.69
2014.09.12 06:07:22.498,1.38605,1.38613,1.87,4.01
2014.09.12 06:07:23.725,1.38605,1.38612,1.50,1.69
2014.09.12 06:07:25.642,1.38605,1.38612,1.87,2.44
2014.09.12 06:07:25.991,1.38603,1.38607,1.25,1.00
2014.09.12 06:07:26.395,1.38604,1.3861,1.00,1.00
2014.09.12 06:07:31.078,1.38604,1.3861,1.00,1.69
2014.09.12 06:07:31.505,1.38604,1.38609,1.00,4.57
2014.09.12 06:07:31.808,1.38597,1.38602,2.44,1.12
2014.09.12 06:07:32.313,1.38598,1.38602,1.62,1.00
2014.09.12 06:07:32.970,1.38599,1.38605,1.12,1.12
2014.09.12 06:07:33.525,1.386,1.38605,1.00,1.00
2014.09.12 06:07:34.029,1.386,1.38607,1.87,1.19
2014.09.12 06:07:34.656,1.386,1.38607,1.25,1.00
2014.09.12 06:07:35.019,1.38602,1.38607,1.00,1.12
2014.09.12 06:07:35.525,1.386,1.38607,1.00,2.06
2014.09.12 06:07:36.352,1.386,1.38606,1.00,2.06
2014.09.12 06:07:36.555,1.38597,1.38604,2.44,1.50
2014.09.12 06:07:36.657,1.38597,1.38604,1.69,5.32
2014.09.12 06:07:37.190,1.38597,1.38604,2.06,3.00
2014.09.12 06:07:37.693,1.38598,1.38604,1.25,1.12
2014.09.12 06:07:38.610,1.38598,1.38605,1.00,2.81
2014.09.12 06:07:39.114,1.38599,1.38604,1.50,1.00
2014.09.12 06:07:40.051,1.38599,1.38605,1.50,2.81
2014.09.12 06:07:42.701,1.38602,1.38605,1.00,1.50
2014.09.12 06:07:46.847,1.38602,1.38607,1.50,2.81
2014.09.12 06:07:53.316,1.38602,1.38608,2.25,2.44
2014.09.12 06:07:53.943,1.38602,1.38608,2.25,1.62
2014.09.12 06:07:54.196,1.386,1.38604,1.25,1.00
2014.09.12 06:07:54.703,1.38599,1.38604,1.50,1.12
2014.09.12 06:07:55.264,1.38598,1.38604,1.50,1.87
2014.09.12 06:07:55.568,1.38598,1.38601,1.00,1.00
2014.09.12 06:07:55.872,1.386,1.38603,1.50,1.00
2014.09.12 06:07:55.973,1.386,1.38605,1.50,2.44
2014.09.12 06:07:57.007,1.386,1.38605,1.50,3.19
2014.09.12 06:07:58.436,1.386,1.38605,1.50,2.44
2014.09.12 06:07:59.173,1.386,1.38604,1.50,1.00
2014.09.12 06:08:04.782,1.38601,1.38605,1.00,1.69
2014.09.12 06:08:05.034,1.38599,1.38606,1.50,3.56
2014.09.12 06:08:06.347,1.38599,1.38602,1.50,1.00
2014.09.12 06:08:06.650,1.38601,1.38604,1.00,1.25
2014.09.12 06:08:06.902,1.38599,1.38604,1.50,1.25
2014.09.12 06:08:07.155,1.38601,1.38605,1.00,1.69
2014.09.12 06:08:07.659,1.386,1.38603,1.00,1.50
2014.09.12 06:08:08.921,1.386,1.38604,1.00,1.69
2014.09.12 06:08:09.781,1.38599,1.38604,1.50,1.69
2014.09.12 06:08:10.793,1.38599,1.38604,2.62,1.50
2014.09.12 06:08:11.299,1.386,1.38605,1.00,1.12
2014.09.12 06:08:11.828,1.38601,1.38605,1.50,1.00
2014.09.12 06:08:13.959,1.386,1.38605,1.00,1.00
2014.09.12 06:08:14.473,1.38599,1.38605,2.25,1.00
2014.09.12 06:08:16.859,1.38599,1.38606,2.25,3.19
2014.09.12 06:08:19.262,1.386,1.38606,1.00,2.44
2014.09.12 06:08:20.699,1.386,1.38606,1.00,2.44
2014.09.12 06:08:21.002,1.38596,1.38601,1.20,1.00
2014.09.12 06:08:21.053,1.38596,1.38599,1.20,1.00
2014.09.12 06:08:21.154,1.38596,1.38601,1.20,1.00
2014.09.12 06:08:21.256,1.38596,1.386,1.20,1.50
2014.09.12 06:08:21.559,1.38594,1.386,2.44,1.00
2014.09.12 06:08:29.729,1.38594,1.38601,2.44,1.12
2014.09.12 06:08:29.981,1.38596,1.38601,1.00,1.00
2014.09.12 06:08:30.284,1.38598,1.38603,1.00,2.06
2014.09.12 06:08:30.972,1.386,1.38603,1.00,1.19
2014.09.12 06:08:31.023,1.386,1.38605,1.50,2.25
2014.09.12 06:08:31.427,1.38601,1.38607,1.00,1.31
2014.09.12 06:08:33.350,1.38601,1.38607,2.25,2.25
2014.09.12 06:08:33.923,1.38601,1.38607,2.25,1.87
2014.09.12 06:08:34.429,1.38601,1.38607,2.25,1.37
2014.09.12 06:08:35.334,1.38601,1.38607,2.25,3.37
2014.09.12 06:08:38.795,1.386,1.38605,1.50,1.12
2014.09.12 06:08:39.299,1.386,1.38606,1.50,1.00
2014.09.12 06:08:39.891,1.386,1.38605,1.50,1.00
2014.09.12 06:08:40.782,1.386,1.38606,1.50,1.00
2014.09.12 06:08:41.038,1.38602,1.38608,1.50,5.70
2014.09.12 06:08:41.493,1.386,1.38605,1.50,1.00
2014.09.12 06:08:42.574,1.386,1.38606,1.50,1.31
2014.09.12 06:08:43.285,1.386,1.38605,1.50,1.00
2014.09.12 06:08:46.201,1.386,1.38606,1.50,1.12
2014.09.12 06:08:46.706,1.386,1.38604,1.50,1.37
2014.09.12 06:08:46.807,1.38598,1.38604,1.00,1.37
2014.09.12 06:08:51.081,1.38598,1.38604,1.00,1.56
2014.09.12 06:08:51.687,1.38598,1.38604,1.00,2.06
2014.09.12 06:08:56.519,1.38598,1.38602,1.00,1.00
2014.09.12 06:08:57.078,1.38599,1.38604,1.00,1.69
2014.09.12 06:08:58.932,1.38599,1.38604,1.50,1.00
2014.09.12 06:08:59.170,1.38599,1.38602,1.50,1.00
2014.09.12 06:08:59.696,1.38599,1.38603,1.50,1.00
2014.09.12 06:09:00.377,1.38599,1.38605,1.50,1.62
2014.09.12 06:09:01.198,1.38597,1.38605,1.50,2.06
2014.09.12 06:09:02.700,1.38597,1.38603,1.50,1.00
2014.09.12 06:09:04.233,1.38597,1.38604,1.50,3.64
2014.09.12 06:09:04.541,1.38595,1.38604,1.12,4.01
2014.09.12 06:09:04.844,1.38594,1.38599,1.69,1.00
2014.09.12 06:09:05.360,1.38593,1.386,1.69,3.45
2014.09.12 06:09:05.879,1.38593,1.386,1.00,4.39
2014.09.12 06:09:06.388,1.38593,1.38599,1.00,1.25
2014.09.12 06:09:06.851,1.38596,1.386,1.00,1.69
2014.09.12 06:09:07.820,1.38596,1.386,1.00,1.00
2014.09.12 06:09:08.327,1.38596,1.38602,1.00,2.06
2014.09.12 06:09:09.645,1.38596,1.38602,1.00,5.51
2014.09.12 06:09:10.150,1.38596,1.38601,1.00,1.25
2014.09.12 06:09:11.629,1.38596,1.38602,1.00,7.01
2014.09.12 06:09:13.483,1.38596,1.38602,1.00,3.94
2014.09.12 06:09:15.640,1.38594,1.38599,1.00,3.07
2014.09.12 06:09:15.944,1.38588,1.38593,1.12,3.07
2014.09.12 06:09:16.096,1.38587,1.38595,1.12,4.39
2014.09.12 06:09:16.399,1.38587,1.38594,1.12,4.57
2014.09.12 06:09:16.500,1.38587,1.38594,1.12,1.50
2014.09.12 06:09:19.208,1.38587,1.38594,1.12,1.69
2014.09.12 06:09:19.734,1.38587,1.38595,1.37,2.44
2014.09.12 06:09:20.457,1.38587,1.38595,1.12,2.44
2014.09.12 06:09:21.150,1.38587,1.38595,1.12,1.50
2014.09.12 06:09:21.683,1.38587,1.38595,1.12,2.44
2014.09.12 06:09:25.479,1.38588,1.38595,1.12,1.69
2014.09.12 06:09:26.387,1.38588,1.38595,1.12,1.25
2014.09.12 06:09:26.892,1.38589,1.38596,1.00,1.19
2014.09.12 06:09:28.908,1.38589,1.38597,1.00,4.31
2014.09.12 06:09:30.361,1.38589,1.38595,1.00,1.12
2014.09.12 06:09:30.462,1.38587,1.38595,3.19,4.57
2014.09.12 06:09:30.513,1.38586,1.38593,1.00,1.31
2014.09.12 06:09:30.563,1.38585,1.38593,3.75,5.14
2014.09.12 06:09:31.078,1.38585,1.3859,3.00,1.12
2014.09.12 06:09:31.133,1.38583,1.3859,1.25,1.12
2014.09.12 06:09:31.675,1.38583,1.38591,1.00,1.00
2014.09.12 06:09:32.189,1.38583,1.38591,1.00,1.37
2014.09.12 06:09:33.151,1.38584,1.3859,1.00,1.00
2014.09.12 06:09:36.956,1.38583,1.3859,1.69,1.00
2014.09.12 06:09:40.227,1.38584,1.38591,1.00,1.37
2014.09.12 06:09:40.745,1.38583,1.38591,2.25,1.12
2014.09.12 06:09:43.634,1.38583,1.38592,3.37,1.69
2014.09.12 06:09:44.167,1.38584,1.38592,1.00,2.81
2014.09.12 06:09:44.218,1.38584,1.38592,1.00,6.64
2014.09.12 06:09:44.723,1.38585,1.38591,1.00,2.06
2014.09.12 06:09:45.584,1.38583,1.38591,1.00,2.06
2014.09.12 06:09:45.786,1.38583,1.3859,1.00,1.50
2014.09.12 06:09:47.020,1.38584,1.3859,1.00,1.50
2014.09.12 06:09:47.373,1.38581,1.38591,3.19,2.81
2014.09.12 06:09:47.884,1.38581,1.3859,3.19,2.44
2014.09.12 06:09:48.238,1.38581,1.38588,1.25,3.00
2014.09.12 06:09:48.560,1.38578,1.38584,1.00,1.00
2014.09.12 06:09:48.981,1.38579,1.38586,1.00,2.06
2014.09.12 06:09:49.197,1.38577,1.38586,1.87,2.06
2014.09.12 06:09:49.708,1.38577,1.38586,1.31,3.56
2014.09.12 06:09:50.126,1.38579,1.38586,1.00,3.56
2014.09.12 06:09:50.328,1.38577,1.38586,1.31,3.56
2014.09.12 06:09:50.837,1.38578,1.38586,1.00,2.44
2014.09.12 06:09:51.852,1.38577,1.38586,1.87,2.44
2014.09.12 06:09:52.460,1.38577,1.38586,1.87,2.44
2014.09.12 06:09:52.713,1.3858,1.38586,1.00,1.31
2014.09.12 06:09:53.224,1.38579,1.38586,2.25,1.25
2014.09.12 06:09:53.984,1.3858,1.38587,1.00,1.19
2014.09.12 06:09:54.493,1.3858,1.38588,1.00,2.44
2014.09.12 06:09:54.840,1.3858,1.38589,2.06,2.25
2014.09.12 06:09:56.059,1.3858,1.38589,1.62,3.19
2014.09.12 06:09:56.262,1.38583,1.3859,1.12,1.25
2014.09.12 06:09:57.322,1.38583,1.38593,5.06,3.19
2014.09.12 06:09:58.799,1.38583,1.38593,4.69,3.56
2014.09.12 06:09:59.606,1.38583,1.38593,3.37,4.69
2014.09.12 06:09:59.809,1.38583,1.38593,1.87,3.94
2014.09.12 06:10:00.313,1.38584,1.38593,1.00,3.19
2014.09.12 06:10:01.861,1.38583,1.38593,2.81,1.69
2014.09.12 06:10:05.337,1.38583,1.38593,1.69,1.31
2014.09.12 06:10:06.428,1.38583,1.38593,1.69,1.62
2014.09.12 06:10:06.580,1.38585,1.38593,1.00,1.62
2014.09.12 06:10:07.243,1.38584,1.38593,2.25,1.69
2014.09.12 06:10:07.757,1.38584,1.38593,3.19,1.69
2014.09.12 06:10:08.262,1.38584,1.38593,3.19,1.69
2014.09.12 06:10:08.819,1.38584,1.38593,3.94,1.62
2014.09.12 06:10:09.325,1.38584,1.38593,2.62,1.25
2014.09.12 06:10:10.261,1.38583,1.38593,1.25,3.94
2014.09.12 06:10:10.565,1.38581,1.38588,1.00,1.50
2014.09.12 06:10:12.435,1.38581,1.38588,1.00,1.50
2014.09.12 06:10:13.310,1.3858,1.38588,1.00,1.87
2014.09.12 06:10:13.820,1.3858,1.38589,2.44,1.31
2014.09.12 06:10:14.608,1.38582,1.3859,1.00,1.12
2014.09.12 06:10:16.602,1.38584,1.3859,1.00,1.25
2014.09.12 06:10:17.950,1.38584,1.38591,1.00,1.00
2014.09.12 06:10:24.841,1.38585,1.3859,1.00,1.19
2014.09.12 06:10:25.347,1.38586,1.3859,1.00,1.19
2014.09.12 06:10:26.206,1.38585,1.3859,1.00,1.19
2014.09.12 06:10:26.712,1.38584,1.3859,1.50,1.19
2014.09.12 06:10:27.216,1.38585,1.3859,1.00,1.19
2014.09.12 06:10:27.731,1.38584,1.38589,2.25,1.25
2014.09.12 06:10:28.603,1.38584,1.38591,2.25,1.19
2014.09.12 06:10:29.364,1.38585,1.38591,1.00,1.19
2014.09.12 06:10:29.466,1.38583,1.38591,1.00,1.31
2014.09.12 06:10:29.618,1.38583,1.38589,1.00,1.19
2014.09.12 06:10:33.055,1.38583,1.38589,1.87,1.25
2014.09.12 06:10:33.983,1.38584,1.38589,1.00,1.25
2014.09.12 06:10:35.093,1.38584,1.3859,1.00,1.25
2014.09.12 06:10:35.396,1.38586,1.3859,1.00,1.25
2014.09.12 06:10:37.090,1.38586,1.38593,2.25,1.56
2014.09.12 06:10:40.203,1.38586,1.38592,1.50,1.31
2014.09.12 06:10:42.588,1.38586,1.38593,1.87,1.62
2014.09.12 06:10:43.107,1.38587,1.38593,1.12,1.25
2014.09.12 06:10:43.639,1.38587,1.38593,1.12,1.19
2014.09.12 06:10:46.089,1.38588,1.38593,1.00,1.19
2014.09.12 06:10:47.174,1.38589,1.38593,1.00,1.19
2014.09.12 06:10:47.679,1.38588,1.38593,1.50,1.19
2014.09.12 06:10:48.089,1.38588,1.38595,2.25,1.25
2014.09.12 06:10:48.191,1.3859,1.38595,1.00,1.25
2014.09.12 06:10:48.745,1.38591,1.38595,1.00,1.25
2014.09.12 06:10:49.268,1.3859,1.38595,3.00,1.25
2014.09.12 06:10:50.257,1.3859,1.38598,3.00,1.69
2014.09.12 06:10:50.763,1.3859,1.38598,3.00,1.69
2014.09.12 06:10:50.914,1.3859,1.38597,3.00,1.87
2014.09.12 06:10:51.419,1.3859,1.38597,3.00,1.12
2014.09.12 06:10:51.722,1.38592,1.38599,1.00,2.06
2014.09.12 06:10:51.873,1.38593,1.386,2.25,2.25
2014.09.12 06:10:51.924,1.38595,1.386,1.00,1.00
2014.09.12 06:10:52.025,1.38596,1.38602,1.12,1.69
2014.09.12 06:10:52.126,1.38598,1.38602,1.00,1.00
2014.09.12 06:10:52.278,1.38598,1.38606,1.87,2.44
2014.09.12 06:10:52.683,1.386,1.38608,1.00,4.31
2014.09.12 06:10:53.715,1.386,1.38608,1.69,1.69
2014.09.12 06:10:54.253,1.38601,1.38608,1.00,1.62
2014.09.12 06:10:58.052,1.38599,1.38608,3.00,2.06
2014.09.12 06:10:59.609,1.38599,1.38608,3.19,1.56
2014.09.12 06:10:59.660,1.386,1.38604,1.00,1.00
2014.09.12 06:10:59.862,1.38601,1.38607,1.50,1.25
2014.09.12 06:11:00.367,1.38602,1.38607,1.00,1.25
2014.09.12 06:11:01.023,1.38602,1.3861,1.00,2.81
2014.09.12 06:11:01.910,1.38602,1.38609,1.00,1.00
2014.09.12 06:11:02.416,1.38601,1.38608,1.50,1.50
2014.09.12 06:11:02.932,1.386,1.38608,1.69,2.25
2014.09.12 06:11:03.662,1.38601,1.38608,1.00,1.00
2014.09.12 06:11:05.756,1.38601,1.38608,2.62,1.87
2014.09.12 06:11:06.009,1.38599,1.38607,1.31,3.00
2014.09.12 06:11:06.060,1.38599,1.38605,1.00,1.94
2014.09.12 06:11:06.111,1.38597,1.38602,1.00,1.12
2014.09.12 06:11:06.619,1.38595,1.38602,1.69,1.37
2014.09.12 06:11:07.166,1.38595,1.38602,1.00,2.06
2014.09.12 06:11:08.029,1.38595,1.38602,1.00,1.69
2014.09.12 06:11:08.543,1.38595,1.38603,1.00,2.06
2014.09.12 06:11:09.387,1.38595,1.38603,1.00,3.19
2014.09.12 06:11:10.372,1.38595,1.38603,1.00,3.94
2014.09.12 06:11:10.674,1.38593,1.38601,2.44,1.37
2014.09.12 06:11:10.942,1.38593,1.38602,2.44,4.31
2014.09.12 06:11:11.346,1.38595,1.38602,1.50,1.25
2014.09.12 06:11:11.801,1.38595,1.38601,1.50,1.19
2014.09.12 06:11:12.306,1.38595,1.38602,1.50,1.87
2014.09.12 06:11:12.911,1.38597,1.38602,1.00,1.50
2014.09.12 06:11:13.215,1.38598,1.38604,1.50,1.00
2014.09.12 06:11:13.722,1.38599,1.38606,1.00,1.31
2014.09.12 06:11:13.823,1.38601,1.38606,1.00,1.19
2014.09.12 06:11:14.025,1.38601,1.38607,1.50,1.00
2014.09.12 06:11:14.494,1.38603,1.38608,1.00,1.12
2014.09.12 06:11:14.696,1.38602,1.38611,2.62,2.44
2014.09.12 06:11:14.747,1.38605,1.38611,1.00,2.44
2014.09.12 06:11:15.253,1.38605,1.38611,1.50,1.00
2014.09.12 06:11:15.556,1.38607,1.38613,1.00,1.69
2014.09.12 06:11:15.910,1.38608,1.38614,1.00,1.00
2014.09.12 06:11:15.961,1.38611,1.38614,1.00,1.00
2014.09.12 06:11:16.263,1.38615,1.38616,1.00,1.00
2014.09.12 06:11:17.366,1.38615,1.38623,3.00,2.06
2014.09.12 06:11:17.895,1.38615,1.38623,3.00,2.06
2014.09.12 06:11:18.207,1.38615,1.38622,1.87,3.19
2014.09.12 06:11:18.510,1.38613,1.3862,1.69,4.95
2014.09.12 06:11:18.562,1.38611,1.38618,1.25,1.12
2014.09.12 06:11:18.666,1.38609,1.38617,2.44,3.19
2014.09.12 06:11:19.020,1.38611,1.38618,1.00,2.06
2014.09.12 06:11:19.576,1.38611,1.38618,1.37,1.19
2014.09.12 06:11:19.627,1.38611,1.3862,2.06,1.87
2014.09.12 06:11:19.829,1.38614,1.38621,1.00,1.25
2014.09.12 06:11:20.082,1.38611,1.3862,3.94,2.62
2014.09.12 06:11:20.133,1.38611,1.38618,1.50,1.19
2014.09.12 06:11:20.386,1.38609,1.38616,1.25,1.50
2014.09.12 06:11:20.436,1.38609,1.38615,1.00,1.69
2014.09.12 06:11:20.487,1.38606,1.38615,1.69,2.81
2014.09.12 06:11:20.589,1.38606,1.38611,1.25,1.00
2014.09.12 06:11:20.791,1.38606,1.38614,1.25,1.31
2014.09.12 06:11:20.993,1.38606,1.38614,1.25,1.62
2014.09.12 06:11:21.094,1.38606,1.38614,1.25,1.31
2014.09.12 06:11:21.397,1.38606,1.38614,1.31,1.62
2014.09.12 06:11:21.802,1.38606,1.38614,1.00,2.44
2014.09.12 06:11:22.156,1.38604,1.3861,1.00,1.25
2014.09.12 06:11:22.460,1.38601,1.3861,3.94,1.69
2014.09.12 06:11:22.892,1.38601,1.38611,4.69,3.11
2014.09.12 06:11:23.145,1.38598,1.38606,1.50,2.36
2014.09.12 06:11:23.197,1.38598,1.38606,1.50,2.29
2014.09.12 06:11:23.495,1.38598,1.38606,1.50,2.81
2014.09.12 06:11:24.001,1.38596,1.38604,1.69,1.00
2014.09.12 06:11:24.556,1.38596,1.38606,2.44,3.49
2014.09.12 06:11:24.607,1.38599,1.38606,1.00,3.49
2014.09.12 06:11:24.809,1.386,1.38609,3.00,1.69
2014.09.12 06:11:25.314,1.386,1.38609,1.00,1.52
2014.09.12 06:11:25.861,1.386,1.38608,1.00,1.69
2014.09.12 06:11:26.392,1.38599,1.38608,3.19,1.19
2014.09.12 06:11:26.443,1.38602,1.38608,1.00,1.31
2014.09.12 06:11:26.695,1.38599,1.38607,1.69,1.31
2014.09.12 06:11:26.797,1.38599,1.38606,1.25,1.37
2014.09.12 06:11:26.898,1.38596,1.38604,2.06,1.25
2014.09.12 06:11:27.100,1.38597,1.38604,1.87,1.25
2014.09.12 06:11:27.757,1.38599,1.38605,1.00,1.19
2014.09.12 06:11:27.908,1.38599,1.38609,5.06,3.49
2014.09.12 06:11:27.959,1.38601,1.38608,1.00,1.00
2014.09.12 06:11:28.968,1.38599,1.38608,1.50,2.44
2014.09.12 06:11:29.441,1.38601,1.38608,1.00,2.44
2014.09.12 06:11:29.694,1.38601,1.38609,1.50,1.25
2014.09.12 06:11:30.199,1.38602,1.3861,2.44,1.69
2014.09.12 06:11:30.704,1.38603,1.3861,1.00,2.06
2014.09.12 06:11:31.260,1.38604,1.38612,1.25,2.81
2014.09.12 06:11:31.311,1.38604,1.38612,2.81,1.25
2014.09.12 06:11:31.563,1.38607,1.38615,1.12,2.06
2014.09.12 06:11:32.533,1.38607,1.38616,1.31,3.49
2014.09.12 06:11:33.255,1.38608,1.38616,1.12,3.11
2014.09.12 06:11:33.356,1.38609,1.38616,3.37,1.19
2014.09.12 06:11:33.457,1.3861,1.38618,1.31,1.87
2014.09.12 06:11:33.962,1.38612,1.38618,1.87,1.00
2014.09.12 06:11:34.467,1.38612,1.3862,1.00,1.56
2014.09.12 06:11:34.669,1.38611,1.3862,3.00,1.62
2014.09.12 06:11:35.174,1.38609,1.38617,2.44,1.37
2014.09.12 06:11:35.700,1.38608,1.38617,1.25,2.44
2014.09.12 06:11:36.479,1.38608,1.38617,1.31,1.50
2014.09.12 06:11:36.530,1.38609,1.38617,1.37,1.00
2014.09.12 06:11:37.035,1.38609,1.38618,3.37,2.06
2014.09.12 06:11:37.339,1.38608,1.38615,1.69,1.00
2014.09.12 06:11:37.871,1.38608,1.38614,1.25,1.00
2014.09.12 06:11:38.533,1.38606,1.38614,1.62,1.25
2014.09.12 06:11:39.038,1.38605,1.38613,1.69,1.12
2014.09.12 06:11:39.342,1.38603,1.3861,2.74,1.50
2014.09.12 06:11:39.645,1.38603,1.3861,2.74,2.62
2014.09.12 06:11:39.746,1.38601,1.38609,1.00,1.69
2014.09.12 06:11:40.251,1.386,1.38609,1.31,2.06
2014.09.12 06:11:41.670,1.386,1.38609,1.31,2.06
2014.09.12 06:11:42.075,1.38601,1.38609,2.25,1.31
2014.09.12 06:11:42.608,1.386,1.38608,2.06,2.25
2014.09.12 06:11:43.012,1.386,1.38608,1.69,6.37
2014.09.12 06:11:43.467,1.38601,1.38608,1.25,3.75
2014.09.12 06:11:43.989,1.38601,1.38609,1.00,2.06
2014.09.12 06:11:44.780,1.38601,1.38609,1.37,1.69
2014.09.12 06:11:46.255,1.38602,1.38609,1.37,1.69
2014.09.12 06:11:46.756,1.38602,1.38609,1.00,1.69
2014.09.12 06:11:47.275,1.38603,1.3861,1.12,2.44
2014.09.12 06:11:47.477,1.38605,1.3861,1.00,2.44
2014.09.12 06:11:47.931,1.38607,1.3861,1.00,1.19
2014.09.12 06:11:48.235,1.3861,1.38615,1.00,1.00
2014.09.12 06:11:48.286,1.3861,1.38618,1.12,4.69
2014.09.12 06:11:50.436,1.3861,1.38619,2.06,2.81
2014.09.12 06:11:51.299,1.38613,1.38619,1.00,1.19
2014.09.12 06:11:51.964,1.38611,1.38619,1.00,1.19
2014.09.12 06:11:52.066,1.38613,1.38619,1.00,1.56
2014.09.12 06:11:52.470,1.38613,1.3862,1.00,2.81
2014.09.12 06:11:52.571,1.38613,1.3862,1.00,2.81
2014.09.12 06:11:53.076,1.38613,1.3862,1.00,2.44
2014.09.12 06:11:53.580,1.38613,1.3862,1.00,2.06
2014.09.12 06:11:55.040,1.3861,1.3862,2.81,1.87
2014.09.12 06:11:55.091,1.3861,1.38619,2.44,1.37
2014.09.12 06:11:55.394,1.38607,1.38613,1.00,1.00
2014.09.12 06:11:55.698,1.38602,1.38609,1.00,2.06
2014.09.12 06:11:55.799,1.386,1.38607,1.69,1.00
2014.09.12 06:11:55.901,1.38598,1.38606,1.25,2.02
2014.09.12 06:11:56.305,1.38597,1.38604,1.19,1.00
2014.09.12 06:11:57.467,1.38596,1.38604,1.25,1.69
2014.09.12 06:11:57.995,1.38596,1.38603,1.25,1.00
2014.09.12 06:11:58.519,1.38595,1.38604,1.31,1.69
2014.09.12 06:12:00.319,1.38595,1.38604,1.62,2.44
2014.09.12 06:12:00.736,1.38596,1.38604,1.87,2.44
2014.09.12 06:12:01.040,1.386,1.38606,1.37,1.69
2014.09.12 06:12:01.192,1.38603,1.38608,1.00,1.00
2014.09.12 06:12:01.243,1.38604,1.38611,1.00,2.44
2014.09.12 06:12:01.396,1.38606,1.38611,1.00,1.19
2014.09.12 06:12:01.548,1.38606,1.38614,1.50,1.50
2014.09.12 06:12:02.075,1.38606,1.38616,2.25,4.69
2014.09.12 06:12:02.596,1.38606,1.38616,1.69,6.26
2014.09.12 06:12:03.501,1.38606,1.38616,2.06,6.64
2014.09.12 06:12:04.238,1.38606,1.38616,2.06,5.06
2014.09.12 06:12:05.717,1.38606,1.38616,2.44,4.69
2014.09.12 06:12:08.207,1.38606,1.38614,3.19,1.00
2014.09.12 06:12:08.711,1.38606,1.38616,3.19,5.44
2014.09.12 06:12:09.211,1.38606,1.38616,2.06,5.44
2014.09.12 06:12:09.837,1.38606,1.38616,4.69,4.69
2014.09.12 06:12:10.737,1.38607,1.38616,2.06,3.19
2014.09.12 06:12:11.923,1.38607,1.38616,3.19,3.19
2014.09.12 06:12:12.535,1.38611,1.38616,1.00,1.25
2014.09.12 06:12:12.838,1.38613,1.38617,1.12,1.19
2014.09.12 06:12:13.280,1.38611,1.38617,1.87,1.19
2014.09.12 06:12:13.331,1.38611,1.38617,1.87,1.19
2014.09.12 06:12:13.381,1.38611,1.38621,1.87,3.19
2014.09.12 06:12:15.834,1.3861,1.38621,1.69,5.44
2014.09.12 06:12:15.935,1.3861,1.38621,1.69,4.69
2014.09.12 06:12:16.448,1.3861,1.3862,1.62,1.62
2014.09.12 06:12:18.392,1.3861,1.3862,2.06,2.44
2014.09.12 06:12:18.901,1.3861,1.3862,2.81,3.94
2014.09.12 06:12:19.433,1.3861,1.3862,2.44,3.19
2014.09.12 06:12:21.877,1.3861,1.38619,1.69,1.31
2014.09.12 06:12:22.966,1.3861,1.38619,1.25,1.31
2014.09.12 06:12:23.669,1.3861,1.38617,1.25,1.00
2014.09.12 06:12:24.175,1.38609,1.38617,1.19,1.50
2014.09.12 06:12:24.797,1.38607,1.38616,2.81,1.00
2014.09.12 06:12:25.345,1.38607,1.38617,2.44,1.31
2014.09.12 06:12:26.167,1.38607,1.38617,1.69,4.39
2014.09.12 06:12:26.470,1.38606,1.38613,1.00,1.00
2014.09.12 06:12:29.164,1.38605,1.38612,1.19,1.00
2014.09.12 06:12:29.366,1.38603,1.38612,1.12,2.81
2014.09.12 06:12:30.375,1.38603,1.38612,1.37,3.56
2014.09.12 06:12:30.910,1.38603,1.38612,1.00,3.94
2014.09.12 06:12:31.415,1.38604,1.38612,3.75,3.94
2014.09.12 06:12:31.965,1.38605,1.38612,1.00,3.94
2014.09.12 06:12:33.881,1.38606,1.38612,1.00,4.50
2014.09.12 06:12:34.397,1.38607,1.38612,1.00,2.25
2014.09.12 06:12:34.910,1.38606,1.38612,1.25,2.25
2014.09.12 06:12:36.916,1.38607,1.38612,1.00,2.25
2014.09.12 06:12:37.814,1.38605,1.38612,3.94,2.25
2014.09.12 06:12:39.226,1.38607,1.38612,1.00,2.25
2014.09.12 06:12:40.239,1.38605,1.38612,3.94,2.25
2014.09.12 06:12:41.536,1.38607,1.38612,1.00,2.25
2014.09.12 06:12:42.120,1.38605,1.38612,3.19,2.25
2014.09.12 06:12:42.561,1.38608,1.38612,1.00,2.25
2014.09.12 06:12:43.067,1.38609,1.38612,1.00,2.25
2014.09.12 06:12:43.218,1.3861,1.38616,1.00,1.69
2014.09.12 06:12:44.903,1.3861,1.38617,1.12,3.94
2014.09.12 06:12:48.672,1.3861,1.38617,1.00,4.69
2014.09.12 06:12:51.889,1.38608,1.38616,1.25,1.25
2014.09.12 06:12:52.931,1.38608,1.38615,1.25,1.00
2014.09.12 06:12:53.385,1.38607,1.3861,1.50,1.50
2014.09.12 06:12:53.688,1.38605,1.38609,1.25,1.00
2014.09.12 06:12:54.665,1.38603,1.38609,1.00,1.69
2014.09.12 06:12:56.062,1.38603,1.38608,1.00,1.00
2014.09.12 06:12:56.567,1.38603,1.38609,1.00,1.00
2014.09.12 06:12:57.068,1.38603,1.38609,1.00,2.44
2014.09.12 06:13:00.142,1.38603,1.38609,1.00,2.06
2014.09.12 06:13:02.750,1.38603,1.38609,1.00,1.69
2014.09.12 06:13:04.782,1.38602,1.38609,1.00,2.44
2014.09.12 06:13:06.877,1.38602,1.38608,1.00,1.31
2014.09.12 06:13:09.852,1.38602,1.38608,1.00,1.56
2014.09.12 06:13:10.812,1.38601,1.38606,1.00,1.12
2014.09.12 06:13:12.614,1.38603,1.38606,1.00,1.00
2014.09.12 06:13:12.967,1.38605,1.38608,1.00,1.19
2014.09.12 06:13:13.784,1.38605,1.38611,1.00,3.94
2014.09.12 06:13:14.395,1.38606,1.38611,1.12,3.19
2014.09.12 06:13:14.497,1.38608,1.38611,1.00,2.44
2014.09.12 06:13:15.002,1.38609,1.38611,2.25,1.00
2014.09.12 06:13:15.205,1.38609,1.38615,2.25,1.19
2014.09.12 06:13:15.438,1.38611,1.38615,1.00,1.19
2014.09.12 06:13:16.095,1.38611,1.38616,1.00,1.87
2014.09.12 06:13:16.907,1.38612,1.38616,1.00,1.00
2014.09.12 06:13:17.009,1.38615,1.38616,1.00,1.00
2014.09.12 06:13:17.060,1.38615,1.3862,1.00,2.44
2014.09.12 06:13:17.313,1.38617,1.38621,1.50,5.81
2014.09.12 06:13:17.819,1.38617,1.38621,1.50,1.69
2014.09.12 06:13:18.374,1.38617,1.38621,1.50,1.00
2014.09.12 06:13:21.970,1.38617,1.38623,2.25,1.25
2014.09.12 06:13:22.122,1.38619,1.38624,1.00,2.44
2014.09.12 06:13:22.426,1.38621,1.38626,1.00,1.19
2014.09.12 06:13:23.478,1.38621,1.38629,1.00,3.56
2014.09.12 06:13:23.529,1.38623,1.38629,1.00,3.56
2014.09.12 06:13:24.202,1.38622,1.38629,1.50,2.81
2014.09.12 06:13:29.341,1.38619,1.38627,2.44,1.31
2014.09.12 06:13:29.442,1.38622,1.38625,1.00,1.00
2014.09.12 06:13:29.746,1.38619,1.38625,1.25,1.12
2014.09.12 06:13:29.848,1.38621,1.38627,1.50,7.01
2014.09.12 06:13:30.356,1.38619,1.38624,1.25,1.00
2014.09.12 06:13:31.306,1.38619,1.38622,1.00,1.00
2014.09.12 06:13:31.356,1.38617,1.38622,1.12,1.00
2014.09.12 06:13:31.508,1.38615,1.38622,1.50,3.19
2014.09.12 06:13:31.711,1.38615,1.38621,1.00,1.50
2014.09.12 06:13:32.576,1.38613,1.3862,2.62,1.25
2014.09.12 06:13:33.451,1.38613,1.3862,2.62,1.25
2014.09.12 06:13:33.956,1.38613,1.38619,3.37,1.00
2014.09.12 06:13:34.461,1.38615,1.3862,1.00,1.00
2014.09.12 06:13:36.070,1.38617,1.3862,1.00,1.00
2014.09.12 06:13:36.576,1.38617,1.38622,1.00,1.19
2014.09.12 06:13:36.778,1.38615,1.38621,1.50,1.25
2014.09.12 06:13:36.880,1.38617,1.38622,1.00,1.69
2014.09.12 06:13:37.082,1.38618,1.38624,1.50,2.25
2014.09.12 06:13:37.363,1.38621,1.38626,1.00,1.00
2014.09.12 06:13:37.667,1.38625,1.38627,1.00,1.00
2014.09.12 06:13:37.768,1.38625,1.38631,1.00,1.69
2014.09.12 06:13:37.920,1.38627,1.38632,1.00,3.00
2014.09.12 06:13:38.224,1.3863,1.38634,1.50,1.19
2014.09.12 06:13:38.478,1.38628,1.38634,1.50,1.19
2014.09.12 06:13:38.983,1.38627,1.38634,1.50,1.19
2014.09.12 06:13:39.186,1.38628,1.38635,1.50,1.69
2014.09.12 06:13:40.205,1.38628,1.38637,3.00,3.94
2014.09.12 06:13:41.740,1.38628,1.38637,2.25,6.26
2014.09.12 06:13:42.272,1.38628,1.38636,1.50,5.51
2014.09.12 06:13:42.797,1.38627,1.38636,1.00,4.76
2014.09.12 06:13:43.000,1.38626,1.38632,3.00,1.19
2014.09.12 06:13:43.505,1.38624,1.38631,1.00,1.69
2014.09.12 06:13:45.066,1.38624,1.3863,1.00,4.01
2014.09.12 06:13:46.070,1.38624,1.38629,1.00,1.00
2014.09.12 06:13:46.664,1.38623,1.38629,2.25,1.00
2014.09.12 06:13:47.375,1.38623,1.3863,2.25,1.69
2014.09.12 06:13:47.679,1.38621,1.38625,1.50,1.00
2014.09.12 06:13:47.830,1.38618,1.38625,3.19,1.00
2014.09.12 06:13:48.273,1.38618,1.38625,2.06,3.07
2014.09.12 06:13:48.631,1.38617,1.38624,2.25,1.69
2014.09.12 06:13:48.884,1.38615,1.38624,2.81,4.76
2014.09.12 06:13:51.386,1.38615,1.38623,1.87,1.69
2014.09.12 06:13:51.487,1.38615,1.38624,2.62,1.31
2014.09.12 06:13:51.791,1.38616,1.38624,1.12,1.69
2014.09.12 06:13:52.296,1.38615,1.38622,2.62,1.12
2014.09.12 06:13:52.701,1.38616,1.38624,1.37,1.31
2014.09.12 06:13:53.004,1.38616,1.38625,4.50,1.69
2014.09.12 06:13:53.105,1.38619,1.38625,1.00,1.31
2014.09.12 06:13:54.216,1.38618,1.38625,2.06,1.00
2014.09.12 06:13:54.721,1.38618,1.38626,2.06,1.25
2014.09.12 06:13:55.260,1.38619,1.38627,1.00,6.26
2014.09.12 06:13:55.770,1.38619,1.38626,1.50,1.25
2014.09.12 06:13:56.283,1.38619,1.38625,1.12,1.00
2014.09.12 06:13:57.673,1.38617,1.38625,2.06,1.69
2014.09.12 06:13:58.218,1.38617,1.38625,2.06,1.69
2014.09.12 06:13:58.723,1.38618,1.38625,1.12,1.69
2014.09.12 06:13:59.242,1.38618,1.38624,1.00,1.00
2014.09.12 06:13:59.748,1.38619,1.38625,1.12,3.19
2014.09.12 06:14:00.505,1.38617,1.38625,1.31,1.69
2014.09.12 06:14:01.011,1.38616,1.38623,1.31,1.00
2014.09.12 06:14:01.162,1.38615,1.38622,1.12,2.44
2014.09.12 06:14:01.468,1.38615,1.38621,1.37,1.69
2014.09.12 06:14:01.721,1.38615,1.38621,1.00,1.25
2014.09.12 06:14:02.135,1.38617,1.38621,1.00,1.25
2014.09.12 06:14:02.973,1.38616,1.38621,1.00,1.25
2014.09.12 06:14:03.889,1.38616,1.3862,1.12,1.00
2014.09.12 06:14:04.400,1.38617,1.38621,1.00,1.25
2014.09.12 06:14:04.703,1.38622,1.38625,1.00,1.00
2014.09.12 06:14:04.804,1.38622,1.38627,1.50,1.00
2014.09.12 06:14:04.906,1.38626,1.38629,1.00,1.50
2014.09.12 06:14:05.007,1.38628,1.38631,1.00,1.00
2014.09.12 06:14:05.058,1.38628,1.38634,1.50,3.00
2014.09.12 06:14:05.109,1.3863,1.38634,1.00,1.00
2014.09.12 06:14:05.210,1.38628,1.38634,2.25,1.00
2014.09.12 06:14:05.261,1.38628,1.38636,1.50,1.00
2014.09.12 06:14:05.766,1.38628,1.38635,1.00,1.50
2014.09.12 06:14:06.321,1.3863,1.38635,1.00,1.12
2014.09.12 06:14:06.625,1.38635,1.38638,1.00,3.00
2014.09.12 06:14:06.777,1.3863,1.38637,2.81,3.00
2014.09.12 06:14:06.828,1.38632,1.38638,1.00,5.44
2014.09.12 06:14:07.282,1.3863,1.38637,1.69,1.00
2014.09.12 06:14:07.737,1.38631,1.38638,4.12,1.25
2014.09.12 06:14:08.042,1.38636,1.38639,1.00,1.19
2014.09.12 06:14:08.194,1.38638,1.38641,1.50,1.25
2014.09.12 06:14:09.076,1.38637,1.38645,1.00,1.50
2014.09.12 06:14:09.582,1.38636,1.38645,2.81,3.30
2014.09.12 06:14:09.936,1.38635,1.38643,3.56,1.00
2014.09.12 06:14:10.240,1.38635,1.3864,1.31,1.00
2014.09.12 06:14:10.915,1.38635,1.3864,1.19,1.50
2014.09.12 06:14:11.742,1.38632,1.38641,2.06,3.49
2014.09.12 06:14:12.046,1.38632,1.38638,1.25,1.00
2014.09.12 06:14:12.551,1.38631,1.38637,1.19,1.00
2014.09.12 06:14:13.079,1.38631,1.38638,1.69,1.50
2014.09.12 06:14:13.586,1.38631,1.38638,1.00,1.69
2014.09.12 06:14:14.094,1.3863,1.38638,1.00,2.44
2014.09.12 06:14:14.877,1.38631,1.38637,1.00,1.25
2014.09.12 06:14:15.665,1.38629,1.38638,1.31,4.76
2014.09.12 06:14:15.766,1.38628,1.38636,2.81,1.50
2014.09.12 06:14:15.868,1.38629,1.38636,1.69,1.87
2014.09.12 06:14:16.034,1.38626,1.38634,5.44,1.00
2014.09.12 06:14:16.338,1.38623,1.38629,1.00,1.12
2014.09.12 06:14:16.855,1.38621,1.38629,3.94,1.87
2014.09.12 06:14:17.366,1.38621,1.38628,1.87,1.00
2014.09.12 06:14:17.417,1.38621,1.38628,1.00,1.00
2014.09.12 06:14:17.990,1.38619,1.38629,2.81,2.25
2014.09.12 06:14:18.195,1.38619,1.38629,2.06,5.32
2014.09.12 06:14:18.702,1.38621,1.38628,1.37,1.25
2014.09.12 06:14:19.221,1.38621,1.38629,1.37,4.76
2014.09.12 06:14:19.625,1.38619,1.38629,2.81,3.56
2014.09.12 06:14:20.230,1.38619,1.38628,2.06,1.25
2014.09.12 06:14:20.281,1.38619,1.38626,2.06,1.00
2014.09.12 06:14:20.787,1.38619,1.38627,2.81,1.00
2014.09.12 06:14:21.444,1.38619,1.38628,1.37,2.44
2014.09.12 06:14:21.957,1.38619,1.38628,2.06,4.76
2014.09.12 06:14:22.260,1.3862,1.38628,1.37,1.19
2014.09.12 06:14:22.475,1.3862,1.38629,1.62,1.50
2014.09.12 06:14:22.954,1.3862,1.38629,1.62,1.50
2014.09.12 06:14:23.055,1.3862,1.38629,1.62,3.82
2014.09.12 06:14:23.568,1.3862,1.38628,1.37,1.00
2014.09.12 06:14:23.875,1.38621,1.38628,1.37,1.00
2014.09.12 06:14:24.393,1.38621,1.38629,1.37,1.31
2014.09.12 06:14:24.953,1.38621,1.38629,1.37,2.06
2014.09.12 06:14:27.243,1.38621,1.38629,1.12,2.06
2014.09.12 06:14:27.748,1.38621,1.38628,1.37,1.25
2014.09.12 06:14:30.287,1.38622,1.3863,1.12,2.81
2014.09.12 06:14:31.325,1.3862,1.38629,2.81,1.19
2014.09.12 06:14:31.973,1.38621,1.38628,1.00,1.25
2014.09.12 06:14:32.505,1.38621,1.38628,1.00,1.69
2014.09.12 06:14:33.009,1.38621,1.38628,2.25,1.19
2014.09.12 06:14:34.347,1.38622,1.3863,1.12,1.19
2014.09.12 06:14:34.915,1.38622,1.38631,1.31,3.94
2014.09.12 06:14:35.420,1.38621,1.38628,1.69,1.00
2014.09.12 06:14:35.723,1.38617,1.38621,3.00,1.00
2014.09.12 06:14:35.874,1.38615,1.3862,1.50,1.00
2014.09.12 06:14:36.127,1.38613,1.38619,1.00,1.00
2014.09.12 06:14:36.279,1.38611,1.38619,1.69,1.00
2014.09.12 06:14:36.632,1.38611,1.38617,1.69,1.00
2014.09.12 06:14:38.184,1.3861,1.38617,2.81,2.25
2014.09.12 06:14:38.963,1.38612,1.38617,1.00,1.00
2014.09.12 06:14:39.495,1.38612,1.38619,1.00,1.69
2014.09.12 06:14:40.042,1.38613,1.38619,1.00,1.25
2014.09.12 06:14:43.894,1.38612,1.38619,1.12,1.69
2014.09.12 06:14:45.241,1.38613,1.38619,1.00,2.44
2014.09.12 06:14:45.756,1.38611,1.38619,2.44,1.69
2014.09.12 06:14:46.280,1.38613,1.38619,1.00,1.25
2014.09.12 06:14:47.995,1.38613,1.3862,1.37,2.44
2014.09.12 06:14:48.500,1.38611,1.3862,3.56,1.50
2014.09.12 06:14:49.768,1.38612,1.3862,2.06,2.25
2014.09.12 06:14:50.281,1.38614,1.3862,1.00,2.62
2014.09.12 06:14:51.163,1.38613,1.3862,1.12,2.62
2014.09.12 06:14:51.691,1.38613,1.3862,1.62,1.50
2014.09.12 06:14:52.775,1.38613,1.3862,1.25,2.25
2014.09.12 06:14:53.280,1.38612,1.38619,1.69,1.50
2014.09.12 06:14:53.869,1.38612,1.38619,1.50,2.44
2014.09.12 06:14:54.637,1.38611,1.38618,2.62,1.25
2014.09.12 06:14:55.149,1.38611,1.38618,2.81,1.00
2014.09.12 06:14:56.700,1.38611,1.38619,1.87,2.25
2014.09.12 06:14:57.685,1.38612,1.38618,1.00,1.00
2014.09.12 06:14:58.455,1.38612,1.38619,1.00,2.62
2014.09.12 06:14:58.956,1.38611,1.38619,2.25,2.62
2014.09.12 06:14:59.474,1.38611,1.38618,1.50,1.31
2014.09.12 06:15:00.292,1.38612,1.38618,1.00,2.81
2014.09.12 06:15:01.416,1.3861,1.38618,1.31,3.19
2014.09.12 06:15:01.619,1.38612,1.38618,1.00,3.19
2014.09.12 06:15:02.126,1.38612,1.38618,1.37,3.19
2014.09.12 06:15:03.656,1.38613,1.38619,1.00,1.00
2014.09.12 06:15:04.172,1.38612,1.38619,1.50,1.12
2014.09.12 06:15:04.475,1.38614,1.38615,1.00,1.00
2014.09.12 06:15:04.728,1.38612,1.38614,1.00,1.00
2014.09.12 06:15:04.779,1.3861,1.38614,1.00,3.07
2014.09.12 06:15:04.830,1.3861,1.38613,1.50,3.07
2014.09.12 06:15:04.982,1.38606,1.38611,1.19,3.45
2014.09.12 06:15:05.033,1.38607,1.38609,1.25,1.50
2014.09.12 06:15:05.134,1.38606,1.38609,1.00,4.57
2014.09.12 06:15:05.185,1.38604,1.38609,3.00,4.57
2014.09.12 06:15:05.589,1.38602,1.38607,1.00,6.07
2014.09.12 06:15:05.842,1.38602,1.38607,1.00,1.50
2014.09.12 06:15:05.993,1.38602,1.38607,1.00,4.20
2014.09.12 06:15:06.246,1.386,1.38605,1.69,1.00
2014.09.12 06:15:06.782,1.38601,1.38606,1.00,1.69
2014.09.12 06:15:07.337,1.38599,1.38605,1.00,2.06
2014.09.12 06:15:07.438,1.38596,1.38605,4.50,2.44
2014.09.12 06:15:07.892,1.38596,1.38605,2.25,5.51
2014.09.12 06:15:09.052,1.38597,1.38603,1.25,1.12
2014.09.12 06:15:09.409,1.38596,1.38601,1.31,1.00
2014.09.12 06:15:10.347,1.38596,1.38603,1.69,2.44
2014.09.12 06:15:10.857,1.38596,1.38603,2.06,1.25
2014.09.12 06:15:11.822,1.38596,1.38603,1.12,1.25
2014.09.12 06:15:12.356,1.38597,1.38602,1.00,1.00
2014.09.12 06:15:14.361,1.38597,1.38603,1.12,4.01
2014.09.12 06:15:14.922,1.38597,1.38603,1.12,1.69
2014.09.12 06:15:15.466,1.38598,1.38605,1.12,2.06
2014.09.12 06:15:15.619,1.38598,1.38605,1.37,1.69
2014.09.12 06:15:16.154,1.38599,1.38605,1.00,1.69
2014.09.12 06:15:17.519,1.38599,1.38605,1.37,1.00
2014.09.12 06:15:17.671,1.38601,1.38607,1.12,1.50
2014.09.12 06:15:17.924,1.38603,1.38608,1.37,1.00
2014.09.12 06:15:18.328,1.38602,1.38607,1.00,1.50
2014.09.12 06:15:18.580,1.38604,1.38608,1.00,1.25
2014.09.12 06:15:18.883,1.38602,1.38607,1.69,1.00
2014.09.12 06:15:19.136,1.386,1.38607,1.25,1.00
2014.09.12 06:15:20.074,1.38599,1.38607,2.44,2.06
2014.09.12 06:15:20.327,1.38598,1.38606,2.06,1.37
2014.09.12 06:15:20.832,1.38598,1.38606,1.31,1.87
2014.09.12 06:15:21.347,1.38598,1.38606,1.12,2.06
2014.09.12 06:15:21.666,1.386,1.38606,1.00,1.25
2014.09.12 06:15:22.171,1.38599,1.38606,1.00,3.94
2014.09.12 06:15:22.675,1.38598,1.38606,1.00,2.44
2014.09.12 06:15:22.979,1.38603,1.38609,1.00,1.69
2014.09.12 06:15:23.080,1.38601,1.38609,1.12,1.19
2014.09.12 06:15:23.584,1.386,1.38609,1.31,3.19
2014.09.12 06:15:23.988,1.38599,1.38606,1.50,1.00
2014.09.12 06:15:24.291,1.38599,1.38606,1.00,1.69
2014.09.12 06:15:24.668,1.38596,1.38605,2.06,1.19
2014.09.12 06:15:24.971,1.38595,1.38603,1.12,1.31
2014.09.12 06:15:25.123,1.38595,1.38603,1.00,2.06
2014.09.12 06:15:25.225,1.38593,1.386,1.50,1.31
2014.09.12 06:15:25.428,1.38593,1.38599,1.50,1.19
2014.09.12 06:15:25.530,1.3859,1.38599,1.25,1.19
2014.09.12 06:15:26.875,1.38589,1.38597,1.69,1.25
2014.09.12 06:15:27.127,1.38588,1.38597,1.50,3.56
2014.09.12 06:15:27.992,1.3859,1.38596,1.00,2.25
2014.09.12 06:15:28.195,1.3859,1.38599,3.94,2.06
2014.09.12 06:15:28.448,1.38592,1.38599,1.00,2.06
2014.09.12 06:15:28.600,1.38593,1.386,1.00,1.69
2014.09.12 06:15:28.701,1.38595,1.386,1.00,1.25
2014.09.12 06:15:29.234,1.38593,1.386,1.50,1.25
2014.09.12 06:15:29.336,1.38596,1.386,1.00,1.25
2014.09.12 06:15:29.856,1.38595,1.386,1.00,1.00
2014.09.12 06:15:30.260,1.38597,1.386,1.00,1.00
2014.09.12 06:15:30.802,1.38597,1.38601,1.00,1.00
2014.09.12 06:15:31.215,1.38595,1.38601,1.00,1.00
2014.09.12 06:15:31.719,1.38595,1.38602,1.00,1.25
2014.09.12 06:15:32.490,1.38595,1.38603,1.31,3.37
2014.09.12 06:15:32.642,1.38598,1.38603,1.00,1.50
2014.09.12 06:15:33.096,1.38596,1.38602,1.12,1.00
2014.09.12 06:15:33.601,1.38597,1.38603,1.00,1.87
2014.09.12 06:15:34.536,1.38598,1.38602,1.00,1.12
2014.09.12 06:15:34.637,1.38594,1.38602,2.62,2.44
2014.09.12 06:15:35.143,1.38593,1.386,1.00,1.00
2014.09.12 06:15:35.814,1.38592,1.386,1.00,1.31
2014.09.12 06:15:37.076,1.38591,1.386,2.25,2.81
2014.09.12 06:15:37.379,1.38595,1.38602,1.00,3.75
2014.09.12 06:15:37.682,1.38597,1.38604,1.12,2.25
2014.09.12 06:15:40.784,1.38597,1.38604,1.00,1.37
2014.09.12 06:15:41.088,1.38595,1.38604,2.06,2.06
2014.09.12 06:15:51.060,1.38597,1.38602,1.00,1.00
2014.09.12 06:15:51.262,1.38598,1.38604,1.00,1.69
2014.09.12 06:15:52.120,1.38598,1.38604,1.00,1.62
2014.09.12 06:15:53.809,1.38598,1.38604,1.00,1.12
2014.09.12 06:15:53.859,1.386,1.38605,1.00,2.81
2014.09.12 06:15:54.364,1.386,1.38606,1.00,1.56
2014.09.12 06:15:54.415,1.386,1.38606,1.00,1.56
2014.09.12 06:15:55.307,1.386,1.38605,1.00,1.37
2014.09.12 06:15:55.509,1.38598,1.38604,1.25,1.12
2014.09.12 06:15:56.014,1.38598,1.38604,1.25,1.37
2014.09.12 06:15:56.606,1.38598,1.38604,1.00,1.12
2014.09.12 06:15:57.174,1.38599,1.38604,1.00,1.12
2014.09.12 06:15:58.403,1.38598,1.38604,1.00,1.12
2014.09.12 06:15:59.043,1.38598,1.38603,1.00,1.00
2014.09.12 06:15:59.687,1.38597,1.38603,2.25,1.00
2014.09.12 06:16:02.347,1.38597,1.38602,1.00,1.00
2014.09.12 06:16:02.550,1.38596,1.38602,1.00,1.62
2014.09.12 06:16:02.752,1.38592,1.38597,1.50,1.37
2014.09.12 06:16:02.853,1.3859,1.38596,1.00,2.14
2014.09.12 06:16:02.904,1.38589,1.38593,1.00,1.00
2014.09.12 06:16:03.268,1.38583,1.38588,1.00,1.19
2014.09.12 06:16:03.319,1.38581,1.38588,1.00,1.69
2014.09.12 06:16:03.825,1.38581,1.3859,2.25,3.94
2014.09.12 06:16:04.440,1.38583,1.3859,1.00,2.06
2014.09.12 06:16:05.327,1.38583,1.3859,1.00,1.69
2014.09.12 06:16:05.831,1.38582,1.38592,2.25,3.94
2014.09.12 06:16:06.134,1.38584,1.38592,1.00,4.31
2014.09.12 06:16:06.543,1.38587,1.38592,1.00,1.69
2014.09.12 06:16:07.019,1.38587,1.38594,1.00,3.56
2014.09.12 06:16:07.624,1.38587,1.38594,1.00,2.44
2014.09.12 06:16:08.483,1.38586,1.38594,1.50,2.44
2014.09.12 06:16:09.053,1.38587,1.38594,1.00,2.44
2014.09.12 06:16:09.567,1.38586,1.38594,1.12,2.44
2014.09.12 06:16:10.436,1.38586,1.38594,1.50,2.44
2014.09.12 06:16:11.134,1.38589,1.38594,1.00,1.25
2014.09.12 06:16:11.479,1.3859,1.38596,1.50,1.25
2014.09.12 06:16:11.991,1.38591,1.38597,1.00,1.19
2014.09.12 06:16:13.006,1.38591,1.38597,1.00,1.00
2014.09.12 06:16:14.453,1.38591,1.38596,1.00,1.00
2014.09.12 06:16:14.655,1.38591,1.38596,1.00,1.87
2014.09.12 06:16:14.756,1.38588,1.38595,1.00,1.62
2014.09.12 06:16:15.262,1.38589,1.38595,1.12,1.25
2014.09.12 06:16:15.363,1.3859,1.38597,2.25,1.00
2014.09.12 06:16:15.414,1.38592,1.38597,1.00,1.00
2014.09.12 06:16:15.616,1.38593,1.386,1.00,1.19
2014.09.12 06:16:15.717,1.38593,1.38602,1.69,2.81
2014.09.12 06:16:15.869,1.38595,1.38602,1.00,1.69
2014.09.12 06:16:20.645,1.38595,1.38601,1.00,1.00
2014.09.12 06:16:20.948,1.38595,1.386,1.00,1.56
2014.09.12 06:16:20.999,1.38592,1.386,1.50,1.56
2014.09.12 06:16:21.253,1.38592,1.38596,1.00,1.00
2014.09.12 06:16:21.406,1.38587,1.38595,1.25,5.06
2014.09.12 06:16:21.508,1.38587,1.38592,1.00,1.00
2014.09.12 06:16:22.014,1.38586,1.38592,1.00,1.69
2014.09.12 06:16:22.317,1.38582,1.3859,1.00,2.06
2014.09.12 06:16:22.886,1.38582,1.38588,1.00,1.12
2014.09.12 06:16:24.109,1.38583,1.38588,1.00,1.00
2014.09.12 06:16:24.463,1.38583,1.38591,1.50,1.69
2014.09.12 06:16:25.091,1.38584,1.38591,1.00,1.19
2014.09.12 06:16:26.328,1.38584,1.38592,1.00,1.31
2014.09.12 06:16:27.969,1.38585,1.38592,1.00,1.69
2014.09.12 06:16:28.426,1.38588,1.38592,1.00,1.00
2014.09.12 06:16:28.729,1.38586,1.38592,1.50,1.00
2014.09.12 06:16:29.234,1.38585,1.38592,1.00,3.00
2014.09.12 06:16:29.858,1.38586,1.38592,1.00,1.00
2014.09.12 06:16:29.908,1.38588,1.38593,1.00,1.25
2014.09.12 06:16:31.095,1.38587,1.38593,1.00,1.00
2014.09.12 06:16:31.612,1.38586,1.38593,1.00,1.12
2014.09.12 06:16:33.673,1.38587,1.38593,1.00,1.25
2014.09.12 06:16:35.862,1.38587,1.38595,1.00,3.56
2014.09.12 06:16:36.394,1.3859,1.38595,1.00,1.25
2014.09.12 06:16:36.597,1.3859,1.38597,1.00,1.00
2014.09.12 06:16:36.799,1.38592,1.38598,1.00,1.50
2014.09.12 06:16:36.900,1.38593,1.386,2.25,1.69
2014.09.12 06:16:37.002,1.38595,1.38601,1.00,1.25
2014.09.12 06:16:37.154,1.38597,1.38604,1.12,2.44
2014.09.12 06:16:37.307,1.38599,1.38604,1.00,1.69
2014.09.12 06:16:37.711,1.38599,1.38608,2.81,2.81
2014.09.12 06:16:37.863,1.38601,1.38609,1.00,3.19
2014.09.12 06:16:38.744,1.38601,1.38609,1.50,1.69
2014.09.12 06:16:39.613,1.38602,1.38609,1.00,1.69
2014.09.12 06:16:41.610,1.38601,1.38609,1.00,2.81
2014.09.12 06:16:42.122,1.38601,1.38609,1.00,4.31
2014.09.12 06:16:42.504,1.38601,1.38606,1.00,1.87
2014.09.12 06:16:43.009,1.38597,1.38606,1.65,2.81
2014.09.12 06:16:43.060,1.38596,1.38603,2.81,1.12
2014.09.12 06:16:43.363,1.38594,1.38603,1.00,2.25
2014.09.12 06:16:45.629,1.38593,1.38602,4.31,1.12
2014.09.12 06:16:46.208,1.38594,1.38604,1.00,7.31
2014.09.12 06:16:46.983,1.38594,1.38601,1.00,1.25
2014.09.12 06:16:47.438,1.38593,1.386,2.44,1.37
2014.09.12 06:16:47.841,1.38591,1.38598,1.50,1.12
2014.09.12 06:16:48.585,1.38591,1.38598,1.00,2.06
2014.09.12 06:16:48.989,1.38591,1.38595,1.00,1.00
2014.09.12 06:16:49.292,1.38587,1.38595,4.69,1.50
2014.09.12 06:16:49.808,1.38587,1.38595,4.69,1.00
2014.09.12 06:16:51.402,1.38588,1.38596,1.12,3.56
2014.09.12 06:16:51.909,1.38589,1.38596,2.25,1.31
2014.09.12 06:16:54.075,1.38589,1.38597,2.25,1.87
2014.09.12 06:16:58.411,1.38589,1.38597,4.57,1.87
2014.09.12 06:16:58.951,1.38591,1.38596,1.00,1.50
2014.09.12 06:17:00.028,1.38589,1.38596,2.25,1.50
2014.09.12 06:17:00.537,1.38589,1.38596,4.57,1.50
2014.09.12 06:17:01.672,1.38589,1.38596,1.50,1.50
2014.09.12 06:17:02.186,1.38589,1.38595,2.25,2.62
2014.09.12 06:17:03.626,1.38589,1.38594,1.50,1.37
2014.09.12 06:17:04.924,1.38589,1.38595,1.00,3.56
2014.09.12 06:17:06.563,1.38589,1.38595,1.00,2.62
2014.09.12 06:17:07.068,1.38589,1.38595,5.32,1.00
2014.09.12 06:17:07.220,1.38592,1.38599,1.00,1.25
2014.09.12 06:17:07.472,1.38595,1.38599,1.00,1.00
2014.09.12 06:17:07.977,1.38595,1.386,1.00,1.12
2014.09.12 06:17:13.760,1.38594,1.38601,2.44,1.00
2014.09.12 06:17:16.256,1.38596,1.38602,1.00,1.87
2014.09.12 06:17:18.201,1.38596,1.38604,3.37,1.50
2014.09.12 06:17:18.252,1.38599,1.38604,1.00,1.50
2014.09.12 06:17:18.404,1.38599,1.38606,2.25,1.00
2014.09.12 06:17:18.505,1.38599,1.38608,4.50,1.25
2014.09.12 06:17:18.556,1.38602,1.38608,1.00,1.25
2014.09.12 06:17:18.759,1.38602,1.38611,6.26,1.00
2014.09.12 06:17:19.264,1.38605,1.38613,1.12,2.81
2014.09.12 06:17:21.023,1.38604,1.38614,1.69,4.31
2014.09.12 06:17:21.228,1.38604,1.3861,1.00,1.37
2014.09.12 06:17:21.431,1.38602,1.38609,1.50,1.00
2014.09.12 06:17:21.835,1.38602,1.38611,3.00,1.25
2014.09.12 06:17:22.344,1.38604,1.38612,1.00,1.69
2014.09.12 06:17:22.799,1.38603,1.3861,1.00,4.31
2014.09.12 06:17:23.101,1.38601,1.38609,2.44,1.31
2014.09.12 06:17:23.606,1.38602,1.38609,1.00,1.25
2014.09.12 06:17:24.130,1.38603,1.38609,1.12,1.00
2014.09.12 06:17:28.123,1.38603,1.38609,1.00,1.37
2014.09.12 06:17:28.375,1.38601,1.38609,1.00,3.75
2014.09.12 06:17:28.901,1.38601,1.38609,1.00,4.69
2014.09.12 06:17:33.868,1.38601,1.38607,1.00,1.62
2014.09.12 06:17:34.390,1.38601,1.38607,1.00,1.25
2014.09.12 06:17:34.593,1.38601,1.38609,1.12,2.25
2014.09.12 06:17:34.745,1.38605,1.3861,1.00,1.31
2014.09.12 06:17:35.402,1.38605,1.38611,1.12,5.06
2014.09.12 06:17:35.554,1.38603,1.3861,1.50,1.62
2014.09.12 06:17:35.605,1.38603,1.3861,1.50,1.37
2014.09.12 06:17:35.958,1.38601,1.3861,2.44,1.69
2014.09.12 06:17:36.060,1.38603,1.3861,1.00,1.19
2014.09.12 06:17:37.324,1.38603,1.3861,1.00,1.56
2014.09.12 06:17:37.425,1.38601,1.38609,1.31,1.62
2014.09.12 06:17:37.931,1.386,1.38608,1.50,3.37
2014.09.12 06:17:38.437,1.386,1.38607,1.50,1.12
2014.09.12 06:17:39.552,1.386,1.38607,1.87,1.00
2014.09.12 06:17:40.163,1.38601,1.38607,1.00,1.00
2014.09.12 06:17:40.604,1.38603,1.3861,1.12,2.81
2014.09.12 06:17:40.705,1.38606,1.3861,1.00,1.00
2014.09.12 06:17:40.806,1.38606,1.38613,1.00,2.06
2014.09.12 06:17:42.416,1.38606,1.38613,1.00,2.06
2014.09.12 06:17:42.927,1.38606,1.38613,1.00,2.06
2014.09.12 06:17:43.435,1.38606,1.38612,1.00,1.87
2014.09.12 06:17:43.537,1.38604,1.38611,1.00,1.37
2014.09.12 06:17:45.016,1.38604,1.3861,1.00,1.62
2014.09.12 06:17:46.496,1.38604,1.38611,1.00,3.56
2014.09.12 06:17:48.619,1.38604,1.3861,1.00,2.81
2014.09.12 06:17:48.854,1.38602,1.3861,1.25,3.94
2014.09.12 06:17:50.244,1.38601,1.38608,2.25,1.31
2014.09.12 06:17:50.345,1.38603,1.3861,1.25,2.62
2014.09.12 06:17:50.446,1.38605,1.38609,1.00,1.50
2014.09.12 06:17:50.953,1.38606,1.38609,1.12,1.00
2014.09.12 06:17:51.004,1.38604,1.38609,1.87,1.00
2014.09.12 06:17:54.273,1.38603,1.3861,1.50,2.62
2014.09.12 06:17:54.323,1.38603,1.3861,1.50,2.62
2014.09.12 06:17:54.778,1.38601,1.3861,3.94,3.00
2014.09.12 06:17:55.305,1.38601,1.38608,3.00,1.31
2014.09.12 06:17:55.833,1.38601,1.38608,2.25,1.31
2014.09.12 06:17:57.764,1.38601,1.38608,1.00,1.31
2014.09.12 06:17:58.423,1.38601,1.38609,1.50,1.56
2014.09.12 06:17:58.928,1.38603,1.38609,1.00,1.25
2014.09.12 06:17:59.668,1.38603,1.3861,1.00,2.62
2014.09.12 06:18:00.227,1.38603,1.38608,1.00,1.50
2014.09.12 06:18:00.531,1.38602,1.38608,1.00,2.06
2014.09.12 06:18:00.581,1.38599,1.38608,4.54,2.81
2014.09.12 06:18:01.086,1.38599,1.38607,1.69,1.87
2014.09.12 06:18:02.451,1.38599,1.38607,1.50,4.31
2014.09.12 06:18:03.879,1.38599,1.38607,1.50,3.56
2014.09.12 06:18:04.387,1.38599,1.38607,1.50,3.56
2014.09.12 06:18:04.590,1.38599,1.38607,1.50,3.56
2014.09.12 06:18:04.892,1.38597,1.38605,3.37,5.06
2014.09.12 06:18:05.586,1.38597,1.38605,2.25,5.06
2014.09.12 06:18:06.091,1.38596,1.38603,1.00,1.62
2014.09.12 06:18:09.308,1.38596,1.38603,1.00,1.69
2014.09.12 06:18:09.612,1.38598,1.38606,1.50,2.81
2014.09.12 06:18:10.140,1.38599,1.38606,1.00,3.56
2014.09.12 06:18:10.656,1.38599,1.38606,1.00,2.06
2014.09.12 06:18:12.441,1.38599,1.38607,1.00,2.44
2014.09.12 06:18:21.303,1.386,1.38608,1.00,1.56
2014.09.12 06:18:22.022,1.386,1.38609,1.00,2.06
2014.09.12 06:18:22.620,1.386,1.38609,1.00,2.06
2014.09.12 06:18:26.002,1.386,1.38608,1.00,1.69
2014.09.12 06:18:33.321,1.386,1.38609,1.00,2.81
2014.09.12 06:18:33.422,1.386,1.38609,1.12,2.81
2014.09.12 06:18:33.540,1.38603,1.38609,1.00,1.69
2014.09.12 06:18:33.843,1.38608,1.38615,1.12,1.75
2014.09.12 06:18:34.045,1.3861,1.38616,1.00,1.25
2014.09.12 06:18:34.550,1.38609,1.38618,2.25,1.31
2014.09.12 06:18:34.771,1.38609,1.38616,1.00,1.62
2014.09.12 06:18:35.074,1.38607,1.38613,1.00,1.12
2014.09.12 06:18:35.580,1.38607,1.38611,1.19,1.50
2014.09.12 06:18:35.782,1.38606,1.38611,1.00,1.25
2014.09.12 06:18:36.288,1.38606,1.38613,1.50,2.44
2014.09.12 06:18:36.592,1.38608,1.38613,1.00,2.81
2014.09.12 06:18:36.794,1.38605,1.38613,3.37,1.56
2014.09.12 06:18:37.299,1.38605,1.38611,1.00,1.12
2014.09.12 06:18:37.806,1.38604,1.38612,1.50,1.56
2014.09.12 06:18:39.733,1.38604,1.38612,1.00,2.06
2014.09.12 06:18:40.237,1.38604,1.38612,1.00,2.06
2014.09.12 06:18:40.338,1.38604,1.38612,1.00,2.06
2014.09.12 06:18:40.898,1.38604,1.38614,2.81,5.81
2014.09.12 06:18:40.949,1.38604,1.38614,3.94,3.94
2014.09.12 06:18:41.253,1.3861,1.38616,5.32,1.50
2014.09.12 06:18:41.304,1.38612,1.38618,1.37,1.69
2014.09.12 06:18:41.456,1.38612,1.38618,1.37,1.00
2014.09.12 06:18:41.557,1.38613,1.3862,2.25,1.12
2014.09.12 06:18:41.759,1.38616,1.38623,1.87,1.69
2014.09.12 06:18:41.861,1.38616,1.38625,2.25,3.19
2014.09.12 06:18:41.962,1.38618,1.38625,1.00,1.69
2014.09.12 06:18:42.063,1.38616,1.38624,1.00,1.00
2014.09.12 06:18:42.568,1.38616,1.38624,1.37,3.00
2014.09.12 06:18:43.082,1.38616,1.38624,1.37,3.94
2014.09.12 06:18:44.348,1.38616,1.38624,1.37,3.94
2014.09.12 06:18:45.819,1.38618,1.38624,1.37,2.44
2014.09.12 06:18:46.322,1.38618,1.38624,1.12,1.69
2014.09.12 06:18:46.624,1.38616,1.38624,1.87,1.69
2014.09.12 06:18:47.231,1.38616,1.38624,2.62,1.25
2014.09.12 06:18:47.783,1.38617,1.38624,1.37,1.69
2014.09.12 06:18:47.884,1.38616,1.38624,2.62,2.44
2014.09.12 06:18:48.392,1.3862,1.38624,1.87,1.50
2014.09.12 06:18:48.493,1.38618,1.38627,2.62,1.69
2014.09.12 06:18:48.897,1.38619,1.38626,1.12,1.69
2014.09.12 06:18:50.473,1.38619,1.38626,1.37,1.50
2014.09.12 06:18:52.465,1.38619,1.38626,1.37,1.25
2014.09.12 06:18:52.971,1.3862,1.38627,1.12,1.00
2014.09.12 06:18:53.476,1.3862,1.38628,1.12,1.69
2014.09.12 06:18:56.186,1.3862,1.38628,2.06,1.69
2014.09.12 06:18:56.489,1.38624,1.38631,1.50,1.25
2014.09.12 06:18:56.994,1.38626,1.38632,1.12,1.25
2014.09.12 06:18:57.619,1.38626,1.38635,1.50,4.31
2014.09.12 06:18:58.585,1.38626,1.38634,1.12,1.19
2014.09.12 06:18:59.979,1.38625,1.38632,1.69,1.00
2014.09.12 06:19:00.485,1.38624,1.38632,2.44,1.00
2014.09.12 06:19:01.744,1.38625,1.38632,1.00,1.69
2014.09.12 06:19:02.412,1.38624,1.38632,2.25,1.69
2014.09.12 06:19:02.917,1.38625,1.38633,1.00,5.06
2014.09.12 06:19:09.660,1.38625,1.38632,1.00,1.31
2014.09.12 06:19:10.657,1.38625,1.38632,1.00,2.06
2014.09.12 06:19:12.113,1.38625,1.38632,1.37,1.69
2014.09.12 06:19:12.639,1.38625,1.38632,1.37,1.69
2014.09.12 06:19:13.763,1.38625,1.38632,1.37,1.69
2014.09.12 06:19:15.704,1.38625,1.38632,1.00,1.31
2014.09.12 06:19:16.300,1.38625,1.38632,1.00,2.06
2014.09.12 06:19:22.381,1.38625,1.38632,1.37,1.69
2014.09.12 06:19:22.886,1.38625,1.38632,1.12,1.19
2014.09.12 06:19:24.793,1.38625,1.38632,1.00,2.44
2014.09.12 06:19:25.385,1.38625,1.38632,1.37,2.44
2014.09.12 06:19:25.537,1.38623,1.38631,1.00,4.01
2014.09.12 06:19:25.663,1.38622,1.38628,1.00,3.56
2014.09.12 06:19:25.765,1.3862,1.38627,2.44,1.37
2014.09.12 06:19:26.637,1.38618,1.38627,4.31,1.56
2014.09.12 06:19:26.940,1.3862,1.38627,1.00,1.56
2014.09.12 06:19:27.041,1.38618,1.38627,2.81,1.56
2014.09.12 06:19:29.701,1.38618,1.38627,2.62,2.06
2014.09.12 06:19:29.870,1.38618,1.38627,2.62,2.81
2014.09.12 06:19:30.419,1.38618,1.38627,2.62,2.44
2014.09.12 06:19:30.621,1.38618,1.38627,2.62,2.06
2014.09.12 06:19:30.975,1.38619,1.38627,2.06,1.12
2014.09.12 06:19:31.026,1.38621,1.38627,1.37,1.12
2014.09.12 06:19:31.329,1.38622,1.38629,1.12,2.06
2014.09.12 06:19:31.935,1.38622,1.3863,1.37,2.06
2014.09.12 06:19:32.599,1.38622,1.3863,1.37,1.31
2014.09.12 06:19:33.715,1.38622,1.3863,1.00,1.31
2014.09.12 06:19:34.779,1.38622,1.3863,1.00,2.06
2014.09.12 06:19:36.602,1.38622,1.3863,1.00,1.31
2014.09.12 06:19:37.721,1.3862,1.3863,3.19,1.69
2014.09.12 06:19:39.031,1.3862,1.38629,3.56,1.37
2014.09.12 06:19:39.558,1.3862,1.38629,2.06,1.00
2014.09.12 06:19:41.549,1.3862,1.38628,2.81,1.00
2014.09.12 06:19:42.122,1.3862,1.38629,2.06,1.00
2014.09.12 06:19:42.783,1.3862,1.38629,2.81,1.19
2014.09.12 06:19:44.592,1.3862,1.38629,2.62,1.25
2014.09.12 06:19:47.590,1.3862,1.38629,2.06,1.19
2014.09.12 06:19:49.641,1.3862,1.38629,1.87,1.25
2014.09.12 06:19:51.182,1.3862,1.38629,1.87,1.62
2014.09.12 06:19:52.302,1.3862,1.3863,1.87,5.06
2014.09.12 06:19:52.707,1.38623,1.3863,1.87,1.62
2014.09.12 06:19:52.910,1.38624,1.38633,1.87,2.81
2014.09.12 06:19:53.112,1.38627,1.38633,1.00,2.81
2014.09.12 06:19:55.961,1.38627,1.38633,1.00,1.31
2014.09.12 06:19:56.013,1.38624,1.38633,2.25,3.19
2014.09.12 06:19:56.317,1.38623,1.38629,1.00,1.37
2014.09.12 06:19:56.520,1.3862,1.38629,1.50,2.81
2014.09.12 06:19:57.025,1.38619,1.38627,2.02,2.25
2014.09.12 06:19:58.248,1.38618,1.38626,3.19,1.05
2014.09.12 06:19:58.754,1.38621,1.38628,1.37,1.69
2014.09.12 06:19:59.276,1.38621,1.38628,1.00,1.69
2014.09.12 06:20:00.185,1.38621,1.38629,1.00,1.19
2014.09.12 06:20:00.768,1.38621,1.38629,1.00,2.44
2014.09.12 06:20:00.869,1.38619,1.38628,1.50,2.06
2014.09.12 06:20:02.592,1.38617,1.38626,3.56,1.31
2014.09.12 06:20:03.108,1.38617,1.38626,2.81,1.31
2014.09.12 06:20:03.983,1.38617,1.38626,2.81,1.56
2014.09.12 06:20:04.864,1.38617,1.38626,3.56,1.62
2014.09.12 06:20:05.398,1.38617,1.38626,3.19,1.62
2014.09.12 06:20:05.908,1.38617,1.38625,1.69,1.62
2014.09.12 06:20:06.112,1.38618,1.38625,1.00,1.62
2014.09.12 06:20:06.617,1.38617,1.38625,1.25,2.06
2014.09.12 06:20:08.002,1.38615,1.38623,3.94,1.37
2014.09.12 06:20:08.052,1.38615,1.38623,2.25,2.06
2014.09.12 06:20:08.103,1.38615,1.38622,1.50,2.00
2014.09.12 06:20:08.205,1.38613,1.38619,1.50,1.50
2014.09.12 06:20:08.306,1.38611,1.38617,1.50,3.00
2014.09.12 06:20:08.609,1.38608,1.38615,1.00,1.31
2014.09.12 06:20:09.113,1.38606,1.38616,1.19,7.31
2014.09.12 06:20:09.617,1.38605,1.38615,4.31,1.69
2014.09.12 06:20:11.020,1.38605,1.38615,3.94,2.06
2014.09.12 06:20:12.826,1.38608,1.38615,1.00,2.06
2014.09.12 06:20:12.928,1.38606,1.38615,3.94,1.56
2014.09.12 06:20:13.810,1.38607,1.38616,1.00,3.56
2014.09.12 06:20:14.594,1.38606,1.38616,1.50,2.81
2014.09.12 06:20:15.099,1.38605,1.38615,5.81,2.06
2014.09.12 06:20:15.452,1.38608,1.38616,1.00,1.31
2014.09.12 06:20:18.562,1.38609,1.38617,1.00,4.31
2014.09.12 06:20:19.164,1.38609,1.38617,1.00,4.31
2014.09.12 06:20:20.535,1.38609,1.38617,1.00,4.31
2014.09.12 06:20:21.061,1.38606,1.38616,1.69,7.31
2014.09.12 06:20:21.263,1.38606,1.38614,1.69,1.37
2014.09.12 06:20:21.465,1.38605,1.38614,1.25,4.31
2014.09.12 06:20:22.173,1.38604,1.38613,1.69,2.44
2014.09.12 06:20:22.478,1.38603,1.38612,1.25,1.12
2014.09.12 06:20:22.988,1.38603,1.38611,1.31,1.00
2014.09.12 06:20:23.519,1.38603,1.38612,1.31,3.19
2014.09.12 06:20:24.176,1.38604,1.38612,1.00,4.31
2014.09.12 06:20:25.277,1.38604,1.38612,1.00,3.56
2014.09.12 06:20:25.781,1.38608,1.38612,1.00,1.19
2014.09.12 06:20:26.717,1.38608,1.38615,1.00,1.31
2014.09.12 06:20:27.227,1.38608,1.38616,1.25,2.06
2014.09.12 06:20:31.545,1.38609,1.38616,1.00,1.62
2014.09.12 06:20:41.919,1.38609,1.38616,1.00,1.62
2014.09.12 06:20:42.071,1.38607,1.38616,1.50,4.31
2014.09.12 06:20:42.576,1.38607,1.38616,1.12,5.81
2014.09.12 06:20:43.113,1.38608,1.38615,1.00,1.31
2014.09.12 06:20:43.315,1.38608,1.38615,1.00,1.62
2014.09.12 06:20:43.836,1.38608,1.38615,1.00,1.62
2014.09.12 06:20:45.496,1.38609,1.38616,1.00,3.56
2014.09.12 06:20:45.648,1.3861,1.38616,1.00,1.00
2014.09.12 06:20:45.952,1.3861,1.38613,1.12,1.00
2014.09.12 06:20:46.053,1.38611,1.38619,1.00,2.44
2014.09.12 06:20:46.558,1.38611,1.38618,1.00,3.26
2014.09.12 06:20:46.932,1.38611,1.38618,1.00,1.69
2014.09.12 06:20:47.812,1.38612,1.38619,1.00,1.69
2014.09.12 06:20:47.964,1.38613,1.38621,1.50,2.44
2014.09.12 06:20:48.468,1.38613,1.38622,1.87,2.44
2014.09.12 06:20:48.569,1.38615,1.38622,1.00,1.19
2014.09.12 06:20:49.460,1.38613,1.38622,2.44,1.69
2014.09.12 06:20:49.662,1.38616,1.38623,1.00,1.69
2014.09.12 06:20:50.066,1.38616,1.38624,1.00,3.56
2014.09.12 06:20:50.587,1.38616,1.38623,1.00,1.00
2014.09.12 06:20:50.890,1.38618,1.38625,1.00,5.44
2014.09.12 06:20:51.750,1.38619,1.38625,1.12,1.69
2014.09.12 06:20:52.103,1.38619,1.38626,1.12,1.12
2014.09.12 06:20:52.608,1.38618,1.38626,1.00,1.00
2014.09.12 06:20:52.760,1.38619,1.38625,1.37,1.50
2014.09.12 06:20:52.861,1.38622,1.38629,1.00,1.69
2014.09.12 06:20:53.315,1.38624,1.38629,1.00,1.25
2014.09.12 06:20:54.253,1.38624,1.38632,1.00,1.31
2014.09.12 06:20:54.707,1.38624,1.3863,1.00,2.06
2014.09.12 06:20:54.859,1.38621,1.38628,1.00,2.06
2014.09.12 06:20:54.910,1.38621,1.38625,1.00,1.12
2014.09.12 06:20:55.011,1.38619,1.38624,2.25,1.00
2014.09.12 06:20:55.768,1.38617,1.38624,1.00,1.00
2014.09.12 06:20:56.341,1.38616,1.38624,3.56,1.69
2014.09.12 06:20:56.842,1.38616,1.38624,1.31,1.69
2014.09.12 06:20:58.014,1.38615,1.38623,1.50,1.87
2014.09.12 06:20:58.520,1.38616,1.38624,1.12,1.19
2014.09.12 06:20:58.924,1.38619,1.38624,1.00,1.19
2014.09.12 06:20:59.317,1.38619,1.38626,1.00,2.06
2014.09.12 06:21:00.313,1.38619,1.38625,1.00,1.31
2014.09.12 06:21:00.619,1.38619,1.38624,1.00,1.19
2014.09.12 06:21:00.771,1.38616,1.38623,1.00,1.19
2014.09.12 06:21:01.305,1.38615,1.38624,4.50,1.69
2014.09.12 06:21:01.356,1.38617,1.38624,1.00,1.00
2014.09.12 06:21:01.862,1.38618,1.38626,1.00,1.69
2014.09.12 06:21:03.540,1.38616,1.38626,4.12,2.81
2014.09.12 06:21:03.894,1.38616,1.38626,3.75,4.31
2014.09.12 06:21:04.247,1.38615,1.38621,1.00,4.57
2014.09.12 06:21:04.550,1.38618,1.38621,1.00,3.00
2014.09.12 06:21:04.652,1.38617,1.38621,1.00,3.00
2014.09.12 06:21:04.854,1.38619,1.38621,1.00,1.00
2014.09.12 06:21:05.157,1.3862,1.38625,1.00,1.19
2014.09.12 06:21:05.209,1.38618,1.38621,1.00,1.00
2014.09.12 06:21:05.310,1.38618,1.38621,1.00,1.00
2014.09.12 06:21:05.412,1.38618,1.38621,1.00,1.00
2014.09.12 06:21:05.615,1.38616,1.38621,1.00,1.00
2014.09.12 06:21:05.867,1.38614,1.38621,2.44,1.00
2014.09.12 06:21:05.969,1.38614,1.38621,2.44,1.00
2014.09.12 06:21:06.171,1.38616,1.38621,1.00,1.00
2014.09.12 06:21:06.474,1.38615,1.38621,1.50,1.00
2014.09.12 06:21:06.525,1.3862,1.38624,1.00,1.50
2014.09.12 06:21:06.626,1.38617,1.38621,1.25,1.00
2014.09.12 06:21:06.779,1.38619,1.38625,1.00,1.00
2014.09.12 06:21:06.830,1.3862,1.38625,1.50,1.00
2014.09.12 06:21:06.881,1.3862,1.38629,1.50,1.69
2014.09.12 06:21:06.932,1.38626,1.3863,1.00,3.75
2014.09.12 06:21:07.033,1.38624,1.38629,1.50,1.25
2014.09.12 06:21:07.135,1.38624,1.38631,1.00,1.00
2014.09.12 06:21:07.185,1.38624,1.38632,1.00,1.69
2014.09.12 06:21:07.287,1.38629,1.38632,1.00,2.44
2014.09.12 06:21:07.400,1.38624,1.38632,1.00,2.44
2014.09.12 06:21:07.502,1.38629,1.38632,1.00,2.44
2014.09.12 06:21:07.707,1.38627,1.38632,1.00,1.69
2014.09.12 06:21:07.808,1.38627,1.38633,1.00,1.00
2014.09.12 06:21:07.930,1.38628,1.38632,1.00,2.06
2014.09.12 06:21:08.283,1.38624,1.38632,1.00,2.06
2014.09.12 06:21:08.384,1.38624,1.38632,1.00,2.06
2014.09.12 06:21:09.123,1.38624,1.38632,1.00,2.81
2014.09.12 06:21:10.435,1.38624,1.38632,1.00,1.62
2014.09.12 06:21:10.949,1.38624,1.38632,1.00,1.31
2014.09.12 06:21:11.280,1.38624,1.38632,1.00,1.62
2014.09.12 06:21:11.583,1.38624,1.38632,1.37,1.69
2014.09.12 06:21:13.053,1.38625,1.38632,1.12,1.25
2014.09.12 06:21:13.561,1.38624,1.38632,1.00,1.31
2014.09.12 06:21:14.066,1.38624,1.38631,1.00,1.00
2014.09.12 06:21:17.170,1.38624,1.38631,1.00,1.69
2014.09.12 06:21:17.524,1.38621,1.3863,3.37,2.06
2014.09.12 06:21:17.625,1.38621,1.38627,1.00,1.12
2014.09.12 06:21:17.928,1.38618,1.38624,1.87,1.00
2014.09.12 06:21:18.433,1.38618,1.38623,1.87,1.00
2014.09.12 06:21:19.349,1.38618,1.38622,2.25,1.00
2014.09.12 06:21:20.494,1.38618,1.38622,1.69,1.00
2014.09.12 06:21:21.199,1.38618,1.38622,1.12,1.00
2014.09.12 06:21:21.250,1.38618,1.38622,1.12,1.00
2014.09.12 06:21:21.352,1.38618,1.38626,1.00,1.00
2014.09.12 06:21:21.453,1.38618,1.38623,1.37,1.00
2014.09.12 06:21:21.555,1.38618,1.38626,1.00,1.87
2014.09.12 06:21:21.708,1.3862,1.38626,1.00,1.50
2014.09.12 06:21:22.011,1.38617,1.38622,1.69,1.00
2014.09.12 06:21:23.292,1.38616,1.38619,1.25,1.00
2014.09.12 06:21:24.879,1.38616,1.3862,1.37,1.00
2014.09.12 06:21:24.980,1.38616,1.38622,1.50,1.00
2014.09.12 06:21:25.183,1.38622,1.38627,1.00,3.56
2014.09.12 06:21:25.688,1.38621,1.38627,1.12,1.25
2014.09.12 06:21:25.991,1.38628,1.38633,1.00,3.64
2014.09.12 06:21:26.042,1.38629,1.38633,1.00,1.25
2014.09.12 06:21:26.194,1.38631,1.38634,1.00,1.31
2014.09.12 06:21:26.497,1.38632,1.38635,1.00,1.12
2014.09.12 06:21:26.650,1.38631,1.38636,1.00,1.50
2014.09.12 06:21:26.852,1.38633,1.38636,1.00,1.00
2014.09.12 06:21:26.954,1.38631,1.38636,1.00,1.00
2014.09.12 06:21:27.055,1.38633,1.38636,1.00,1.00
2014.09.12 06:21:27.208,1.38633,1.38636,1.00,1.00
2014.09.12 06:21:27.311,1.3863,1.38636,1.00,1.50
2014.09.12 06:21:27.361,1.3863,1.38636,1.00,5.32
2014.09.12 06:21:27.665,1.38625,1.38627,1.00,1.00
2014.09.12 06:21:28.170,1.38625,1.38627,1.00,1.00
2014.09.12 06:21:28.747,1.38625,1.3863,1.12,1.00
2014.09.12 06:21:29.482,1.38626,1.38631,1.00,1.00
2014.09.12 06:21:29.987,1.38626,1.38632,3.37,1.00
2014.09.12 06:21:31.492,1.38627,1.3863,1.00,1.00
2014.09.12 06:21:31.593,1.38629,1.38634,1.00,1.50
2014.09.12 06:21:31.695,1.38626,1.38634,1.50,1.50
2014.09.12 06:21:32.250,1.38626,1.38629,1.00,1.00
2014.09.12 06:21:32.756,1.38625,1.38629,2.62,1.00
2014.09.12 06:21:33.098,1.38628,1.38634,1.00,3.56
2014.09.12 06:21:33.250,1.38628,1.3863,1.00,1.00
2014.09.12 06:21:33.906,1.38626,1.3863,2.06,1.00
2014.09.12 06:21:35.889,1.38626,1.38631,2.81,1.00
2014.09.12 06:21:36.041,1.38629,1.38631,1.00,1.00
2014.09.12 06:21:36.092,1.38629,1.38634,1.50,1.00
2014.09.12 06:21:36.597,1.38627,1.38634,2.62,1.00
2014.09.12 06:21:36.854,1.38627,1.38632,2.62,1.00
2014.09.12 06:21:37.387,1.38627,1.38631,2.62,1.00
2014.09.12 06:21:37.988,1.38628,1.38631,1.50,1.00
2014.09.12 06:21:38.291,1.38629,1.38634,1.25,1.50
2014.09.12 06:21:39.060,1.38629,1.38635,1.31,1.00
2014.09.12 06:21:39.728,1.38629,1.38632,1.69,1.00
2014.09.12 06:21:40.233,1.38628,1.38631,1.25,1.00
2014.09.12 06:21:42.460,1.38628,1.38636,1.12,2.06
2014.09.12 06:21:42.971,1.38629,1.38636,1.00,1.25
2014.09.12 06:21:43.224,1.3863,1.38633,1.00,1.00
2014.09.12 06:21:44.031,1.38629,1.38633,3.37,1.00
2014.09.12 06:21:44.668,1.38629,1.38633,3.56,1.00
2014.09.12 06:21:45.277,1.38631,1.38634,1.12,1.00
2014.09.12 06:21:45.328,1.38631,1.38635,1.50,1.00
2014.09.12 06:21:45.578,1.38633,1.38636,1.00,1.00
2014.09.12 06:21:45.630,1.38632,1.38638,1.87,1.00
2014.09.12 06:21:46.136,1.38631,1.38639,1.50,1.50
2014.09.12 06:21:46.289,1.38631,1.38639,1.00,4.31
2014.09.12 06:21:46.341,1.38629,1.38637,1.69,1.25
2014.09.12 06:21:46.442,1.3863,1.38633,1.12,1.00
2014.09.12 06:21:46.543,1.38629,1.38634,3.56,1.00
2014.09.12 06:21:47.058,1.38629,1.38633,1.25,1.00
2014.09.12 06:21:47.109,1.38628,1.38631,1.69,1.00
2014.09.12 06:21:47.615,1.38628,1.38631,1.00,1.00
2014.09.12 06:21:47.869,1.38628,1.38634,1.19,1.00
2014.09.12 06:21:47.970,1.38629,1.38632,1.25,1.00
2014.09.12 06:21:48.072,1.3863,1.38634,1.00,1.00
2014.09.12 06:21:48.426,1.38627,1.38632,2.81,1.00
2014.09.12 06:21:48.628,1.38627,1.3863,2.44,1.00
2014.09.12 06:21:49.386,1.38627,1.3863,1.69,1.00
2014.09.12 06:21:50.504,1.38627,1.3863,1.25,1.00
2014.09.12 06:21:50.656,1.38625,1.38629,3.56,1.00
2014.09.12 06:21:50.960,1.38627,1.38629,1.00,1.00
2014.09.12 06:21:51.162,1.38626,1.3863,1.12,1.00
2014.09.12 06:21:51.465,1.38628,1.38631,1.00,1.00
2014.09.12 06:21:51.970,1.38629,1.38631,1.00,1.00
2014.09.12 06:21:52.677,1.38627,1.38631,1.31,1.00
2014.09.12 06:21:53.474,1.38627,1.3863,1.25,1.00
2014.09.12 06:21:53.525,1.38625,1.38629,3.56,1.00
2014.09.12 06:21:54.582,1.38624,1.38627,2.62,1.00
2014.09.12 06:21:54.684,1.38624,1.38629,1.00,1.00
2014.09.12 06:21:55.189,1.38625,1.38629,3.00,1.00
2014.09.12 06:21:55.240,1.38627,1.38629,1.00,1.00
2014.09.12 06:21:55.443,1.38625,1.38629,3.00,1.00
2014.09.12 06:21:55.913,1.38625,1.38628,1.50,1.00
2014.09.12 06:21:56.130,1.38624,1.38631,1.00,2.44
2014.09.12 06:21:56.642,1.38625,1.38631,1.00,2.44
2014.09.12 06:21:57.152,1.38625,1.38631,1.00,2.81
2014.09.12 06:21:57.510,1.38626,1.38631,1.00,5.81
2014.09.12 06:21:57.560,1.38622,1.38629,1.50,4.01
2014.09.12 06:21:57.662,1.38624,1.38628,1.00,4.12
2014.09.12 06:21:57.763,1.38621,1.38628,1.50,4.12
2014.09.12 06:21:57.864,1.38623,1.38628,1.00,3.75
2014.09.12 06:21:57.965,1.38621,1.38628,1.00,2.62
2014.09.12 06:21:58.479,1.38621,1.38628,1.00,4.57
2014.09.12 06:21:58.531,1.38619,1.38628,1.00,1.87
2014.09.12 06:21:58.949,1.38617,1.38627,2.62,3.56
2014.09.12 06:21:59.151,1.38617,1.38623,1.12,1.25
2014.09.12 06:21:59.354,1.38615,1.38622,1.50,1.00
2014.09.12 06:21:59.885,1.38614,1.38622,2.25,1.50
2014.09.12 06:22:00.189,1.38614,1.38617,1.00,1.00
2014.09.12 06:22:00.290,1.38615,1.38622,1.00,2.25
2014.09.12 06:22:00.745,1.38618,1.38622,1.00,2.62
2014.09.12 06:22:01.258,1.38619,1.38624,1.00,5.06
2014.09.12 06:22:01.561,1.38621,1.38624,1.00,1.87
2014.09.12 06:22:02.067,1.38621,1.38624,1.00,1.00
2014.09.12 06:22:02.371,1.38621,1.38624,1.00,1.00
2014.09.12 06:22:02.882,1.38622,1.38624,1.00,1.00
2014.09.12 06:22:03.135,1.38618,1.38624,2.62,1.00
2014.09.12 06:22:03.287,1.38618,1.38621,1.87,1.00
2014.09.12 06:22:04.815,1.38618,1.38624,1.50,1.69
2014.09.12 06:22:04.916,1.38615,1.38623,2.62,2.06
2014.09.12 06:22:05.018,1.38615,1.38621,1.50,1.69
2014.09.12 06:22:05.170,1.38615,1.38618,1.00,1.00
2014.09.12 06:22:05.372,1.38608,1.38615,1.19,1.00
2014.09.12 06:22:05.473,1.38608,1.38612,2.06,1.00
2014.09.12 06:22:06.028,1.38608,1.38617,1.19,1.00
2014.09.12 06:22:06.787,1.38607,1.3861,3.00,1.00
2014.09.12 06:22:07.441,1.38607,1.3861,3.00,1.00
2014.09.12 06:22:09.295,1.38605,1.3861,2.96,1.00
2014.09.12 06:22:09.446,1.38603,1.38609,1.87,1.12
2014.09.12 06:22:09.498,1.38603,1.38608,1.00,1.37
2014.09.12 06:22:09.650,1.38599,1.38607,1.87,1.87
2014.09.12 06:22:09.701,1.38599,1.38607,1.87,1.00
2014.09.12 06:22:10.156,1.38601,1.38607,1.00,1.87
2014.09.12 06:22:12.307,1.38601,1.38608,3.00,1.87
2014.09.12 06:22:13.178,1.38601,1.38604,1.50,1.00
2014.09.12 06:22:13.481,1.38603,1.38609,1.00,1.00
2014.09.12 06:22:13.785,1.38603,1.38606,4.20,1.00
2014.09.12 06:22:13.937,1.38603,1.38606,1.50,1.00
2014.09.12 06:22:13.988,1.38604,1.38609,2.70,1.00
2014.09.12 06:22:14.291,1.38604,1.38611,2.70,2.81
2014.09.12 06:22:14.342,1.38603,1.38611,1.50,2.81
2014.09.12 06:22:14.719,1.38603,1.38611,1.00,2.81
2014.09.12 06:22:14.770,1.38603,1.38606,1.00,1.00
2014.09.12 06:22:15.074,1.38597,1.38601,3.00,1.00
2014.09.12 06:22:15.377,1.38602,1.38604,1.00,1.00
2014.09.12 06:22:15.890,1.38602,1.38607,2.25,1.50
2014.09.12 06:22:15.941,1.38604,1.38607,1.37,1.50
2014.09.12 06:22:16.042,1.38607,1.3861,1.12,3.00
2014.09.12 06:22:16.093,1.38608,1.3861,1.37,2.25
2014.09.12 06:22:16.445,1.38609,1.38614,3.07,1.00
2014.09.12 06:22:17.281,1.3861,1.38616,1.00,1.31
2014.09.12 06:22:17.332,1.38609,1.38615,3.07,1.62
2014.09.12 06:22:17.434,1.38606,1.3861,1.12,1.00
2014.09.12 06:22:17.535,1.38603,1.38607,1.50,1.00
2014.09.12 06:22:17.585,1.38605,1.38609,4.20,1.00
2014.09.12 06:22:17.636,1.38607,1.38612,1.00,2.25
2014.09.12 06:22:17.788,1.38607,1.38613,3.45,1.50
2014.09.12 06:22:18.041,1.38606,1.38613,1.69,1.50
2014.09.12 06:22:18.444,1.38605,1.38612,1.50,1.25
2014.09.12 06:22:19.641,1.38605,1.38611,1.50,1.00
2014.09.12 06:22:20.359,1.38605,1.38611,3.00,1.37
2014.09.12 06:22:20.461,1.38603,1.38611,3.94,1.87
2014.09.12 06:22:20.814,1.38601,1.38609,1.12,2.06
2014.09.12 06:22:21.643,1.38602,1.38609,1.00,1.12
2014.09.12 06:22:21.846,1.386,1.38609,2.44,2.25
2014.09.12 06:22:22.351,1.38601,1.38609,1.00,2.25
2014.09.12 06:22:22.862,1.38601,1.38609,1.25,1.12
2014.09.12 06:22:24.664,1.38601,1.38609,3.19,1.00
2014.09.12 06:22:25.595,1.38603,1.38609,1.00,1.00
2014.09.12 06:22:25.899,1.38605,1.38612,1.00,3.56
2014.09.12 06:22:26.631,1.38606,1.38612,1.00,3.19
2014.09.12 06:22:26.683,1.38606,1.38612,1.00,2.25
2014.09.12 06:22:27.090,1.38607,1.38614,1.37,1.87
2014.09.12 06:22:27.241,1.38608,1.38615,1.12,1.00
2014.09.12 06:22:27.443,1.3861,1.38616,1.00,1.69
2014.09.12 06:22:27.814,1.38608,1.38616,1.69,2.06
2014.09.12 06:22:28.498,1.38607,1.38616,2.06,2.25
2014.09.12 06:22:28.808,1.38607,1.38615,1.37,2.81
2014.09.12 06:22:29.113,1.38605,1.38613,1.50,3.94
2014.09.12 06:22:29.316,1.38603,1.38612,3.00,3.56
2014.09.12 06:22:29.989,1.38604,1.38611,1.37,1.00
2014.09.12 06:22:30.141,1.38607,1.38614,1.00,1.87
2014.09.12 06:22:30.444,1.38605,1.38614,1.00,2.25
2014.09.12 06:22:30.647,1.38605,1.38615,2.62,4.31
2014.09.12 06:22:31.101,1.38608,1.38615,1.00,1.19
2014.09.12 06:22:31.202,1.38606,1.38615,1.69,1.69
2014.09.12 06:22:32.199,1.38606,1.38611,1.25,1.00
2014.09.12 06:22:33.206,1.38606,1.38609,1.25,1.00
2014.09.12 06:22:33.307,1.38606,1.38614,1.50,2.06
2014.09.12 06:22:33.812,1.38605,1.38613,1.69,3.56
2014.09.12 06:22:34.481,1.38605,1.38613,1.50,2.06
2014.09.12 06:22:35.549,1.38605,1.38613,1.00,3.56
2014.09.12 06:22:36.054,1.38604,1.38612,1.00,5.44
2014.09.12 06:22:36.598,1.38602,1.38612,1.31,5.44
2014.09.12 06:22:37.856,1.38604,1.38612,1.00,5.81
2014.09.12 06:22:37.957,1.38602,1.3861,2.44,1.25
2014.09.12 06:22:38.008,1.38603,1.3861,1.19,1.00
2014.09.12 06:22:38.311,1.38607,1.38615,1.25,1.69
2014.09.12 06:22:39.774,1.38607,1.38615,2.06,1.25
2014.09.12 06:22:41.210,1.3861,1.38617,1.00,2.81
2014.09.12 06:22:41.311,1.38608,1.38617,1.50,2.06
2014.09.12 06:22:41.830,1.38608,1.38617,2.81,1.56
2014.09.12 06:22:43.885,1.38608,1.38616,1.69,2.06
2014.09.12 06:22:44.390,1.38609,1.38616,1.00,2.06
2014.09.12 06:22:44.908,1.38608,1.38616,1.25,2.06
2014.09.12 06:22:45.527,1.38607,1.38615,2.44,1.50
2014.09.12 06:22:47.302,1.38608,1.38616,1.25,1.31
2014.09.12 06:22:55.082,1.38607,1.38611,1.69,1.00
2014.09.12 06:23:00.218,1.38607,1.38612,3.94,1.00
2014.09.12 06:23:00.745,1.38608,1.38613,1.31,1.00
2014.09.12 06:23:01.048,1.38608,1.38611,1.25,1.00
2014.09.12 06:23:01.581,1.38607,1.38611,2.06,1.00
2014.09.12 06:23:02.640,1.38606,1.38612,1.19,1.00
2014.09.12 06:23:03.148,1.38605,1.38612,2.06,6.75
2014.09.12 06:23:03.653,1.38605,1.38613,3.56,1.00
2014.09.12 06:23:04.158,1.38606,1.38615,1.31,3.56
2014.09.12 06:23:04.704,1.38605,1.38615,3.19,3.00
2014.09.12 06:23:06.025,1.38605,1.38615,4.31,3.37
2014.09.12 06:23:06.429,1.38607,1.38615,1.87,1.00
2014.09.12 06:23:06.934,1.38608,1.38616,1.12,2.06
2014.09.12 06:23:07.237,1.38608,1.3861,1.00,1.12
2014.09.12 06:23:07.541,1.38605,1.38608,1.00,2.62
2014.09.12 06:23:07.794,1.38598,1.38606,1.12,1.50
2014.09.12 06:23:08.653,1.38597,1.38606,2.06,2.62
2014.09.12 06:23:09.224,1.38598,1.38606,1.31,1.31
2014.09.12 06:23:09.728,1.38598,1.38606,1.25,2.06
2014.09.12 06:23:11.830,1.38598,1.38606,1.25,1.31
2014.09.12 06:23:13.467,1.38599,1.38606,1.00,1.69
2014.09.12 06:23:13.821,1.38597,1.38607,2.25,8.06
2014.09.12 06:23:14.343,1.38598,1.38607,1.12,5.44
2014.09.12 06:23:14.798,1.38595,1.38603,2.25,1.00
2014.09.12 06:23:14.849,1.38595,1.38602,1.00,2.25
2014.09.12 06:23:15.304,1.38591,1.38599,2.06,1.00
2014.09.12 06:23:15.658,1.38593,1.38601,3.56,1.25
2014.09.12 06:23:15.760,1.38595,1.38601,1.37,1.00
2014.09.12 06:23:16.265,1.38597,1.38602,1.50,1.00
2014.09.12 06:23:16.469,1.38597,1.38605,1.50,1.19
2014.09.12 06:23:16.974,1.38599,1.38606,1.25,1.12
2014.09.12 06:23:17.277,1.38602,1.38607,1.69,3.00
2014.09.12 06:23:18.490,1.386,1.38607,1.56,1.50
2014.09.12 06:23:19.725,1.38599,1.38607,1.25,3.00
2014.09.12 06:23:20.237,1.38599,1.38607,1.25,2.62
2014.09.12 06:23:20.955,1.38599,1.38607,1.31,2.62
2014.09.12 06:23:21.460,1.386,1.38607,3.00,2.25
2014.09.12 06:23:21.964,1.38598,1.38607,2.25,5.06
2014.09.12 06:23:22.469,1.38597,1.38607,1.50,3.94
2014.09.12 06:23:23.023,1.38597,1.38606,1.12,1.31
2014.09.12 06:23:23.679,1.38595,1.38604,6.94,1.25
2014.09.12 06:23:23.982,1.38596,1.38602,1.25,1.50
2014.09.12 06:23:24.505,1.38596,1.38602,1.69,1.50
2014.09.12 06:23:25.063,1.38596,1.38602,1.31,1.50
2014.09.12 06:23:28.588,1.38595,1.38602,3.19,1.50
2014.09.12 06:23:29.688,1.38595,1.38602,2.62,1.50
2014.09.12 06:23:30.246,1.38596,1.38604,1.00,1.19
2014.09.12 06:23:30.851,1.38596,1.38604,1.00,1.25
2014.09.12 06:23:32.257,1.38595,1.38604,3.00,1.25
2014.09.12 06:23:32.762,1.38595,1.38604,2.62,1.25
2014.09.12 06:23:34.175,1.38595,1.38604,2.81,1.19
2014.09.12 06:23:34.679,1.38594,1.38602,3.19,1.00
2014.09.12 06:23:35.213,1.38594,1.38602,1.69,1.31
2014.09.12 06:23:38.886,1.38594,1.38602,4.69,1.12
2014.09.12 06:23:39.189,1.38598,1.38605,1.37,1.69
2014.09.12 06:23:39.341,1.38597,1.38605,3.37,1.69
2014.09.12 06:23:39.543,1.38597,1.38603,1.37,1.00
2014.09.12 06:23:43.279,1.38597,1.38604,1.62,1.00
2014.09.12 06:23:43.803,1.38597,1.38604,1.62,1.00
2014.09.12 06:23:44.330,1.38596,1.38604,2.81,1.50
2014.09.12 06:23:44.583,1.38598,1.38606,4.87,1.50
2014.09.12 06:23:44.634,1.38598,1.38606,4.12,1.50
2014.09.12 06:23:44.785,1.38598,1.38606,3.00,1.00
2014.09.12 06:23:44.887,1.38602,1.38606,1.00,1.00
2014.09.12 06:23:45.140,1.386,1.38607,1.00,4.01
2014.09.12 06:23:45.650,1.38601,1.38607,1.00,1.69
2014.09.12 06:23:46.168,1.38602,1.38608,1.00,3.94
2014.09.12 06:23:46.726,1.38603,1.38608,1.00,5.44
2014.09.12 06:23:47.529,1.38601,1.38607,1.00,3.00
2014.09.12 06:23:47.630,1.38598,1.38607,3.19,3.00
2014.09.12 06:23:47.833,1.38599,1.38606,1.50,3.56
2014.09.12 06:23:48.237,1.38599,1.38603,1.00,1.50
2014.09.12 06:23:48.288,1.38596,1.38603,1.00,1.50
2014.09.12 06:23:48.490,1.38596,1.38604,1.00,1.50
2014.09.12 06:23:48.995,1.38595,1.38604,1.00,2.62
2014.09.12 06:23:49.046,1.38595,1.38604,2.06,1.50
2014.09.12 06:23:49.298,1.38597,1.38607,4.31,3.19
2014.09.12 06:23:49.803,1.38598,1.38607,1.87,2.44
2014.09.12 06:23:50.317,1.38598,1.38607,1.56,3.19
2014.09.12 06:23:50.826,1.38597,1.38607,6.94,2.81
2014.09.12 06:23:51.330,1.38598,1.38606,1.37,1.00
2014.09.12 06:23:51.836,1.38598,1.38607,1.12,2.81
2014.09.12 06:23:51.937,1.38598,1.38605,1.12,1.00
2014.09.12 06:23:52.443,1.38596,1.38604,1.69,1.50
2014.09.12 06:23:52.747,1.38596,1.38601,1.19,1.00
2014.09.12 06:23:53.328,1.38596,1.38602,1.19,3.37
2014.09.12 06:23:53.429,1.38593,1.38602,1.00,3.56
2014.09.12 06:23:54.202,1.38593,1.38601,1.00,3.45
2014.09.12 06:23:54.809,1.38593,1.38598,1.00,1.00
2014.09.12 06:23:55.314,1.38591,1.38597,1.19,1.00
2014.09.12 06:23:55.466,1.3859,1.38597,1.00,1.37
2014.09.12 06:23:55.719,1.38589,1.38595,1.00,1.37
2014.09.12 06:23:56.225,1.38587,1.38595,1.31,1.00
2014.09.12 06:23:56.731,1.38586,1.38595,2.06,2.06
2014.09.12 06:23:57.034,1.38586,1.38593,1.12,1.50
2014.09.12 06:23:57.563,1.38586,1.38595,3.56,1.87
2014.09.12 06:23:58.069,1.38587,1.38594,1.00,1.00
2014.09.12 06:23:58.321,1.38586,1.38592,1.25,1.00
2014.09.12 06:23:58.827,1.38585,1.38593,2.81,1.31
2014.09.12 06:24:00.300,1.38586,1.38594,1.50,1.37
2014.09.12 06:24:00.703,1.38587,1.38595,1.31,1.12
2014.09.12 06:24:01.108,1.38589,1.38598,1.00,1.62
2014.09.12 06:24:01.626,1.38589,1.38596,1.00,1.00
2014.09.12 06:24:02.086,1.38588,1.38598,1.69,1.69
2014.09.12 06:24:02.708,1.38588,1.38595,1.00,1.62
2014.09.12 06:24:03.212,1.38587,1.38595,1.25,1.62
2014.09.12 06:24:03.920,1.38587,1.38595,1.00,1.31
2014.09.12 06:24:04.536,1.38585,1.38595,6.56,2.00
2014.09.12 06:24:04.637,1.38586,1.38594,1.00,1.87
2014.09.12 06:24:04.738,1.38587,1.38596,1.19,1.69
2014.09.12 06:24:05.243,1.38587,1.38597,1.19,5.89
2014.09.12 06:24:05.749,1.38588,1.38597,4.31,2.44
2014.09.12 06:24:06.319,1.38588,1.38597,3.56,1.19
2014.09.12 06:24:06.622,1.38593,1.38597,1.50,1.19
2014.09.12 06:24:07.055,1.38595,1.38597,1.00,1.19
2014.09.12 06:24:07.157,1.38595,1.38603,1.00,4.69
2014.09.12 06:24:07.674,1.38593,1.38602,5.06,1.25
2014.09.12 06:24:08.338,1.38593,1.38602,5.81,1.00
2014.09.12 06:24:08.843,1.38596,1.38602,1.00,2.25
2014.09.12 06:24:09.384,1.38595,1.38602,2.06,2.25
2014.09.12 06:24:09.889,1.38594,1.38602,1.12,1.31
2014.09.12 06:24:12.597,1.38595,1.38602,1.00,1.31
2014.09.12 06:24:13.101,1.38595,1.38603,1.25,5.44
2014.09.12 06:24:13.659,1.38594,1.38602,2.81,1.00
2014.09.12 06:24:15.115,1.38594,1.38602,1.87,3.00
2014.09.12 06:24:19.916,1.38593,1.38602,1.87,2.81
2014.09.12 06:24:21.045,1.38593,1.38601,1.12,1.31
2014.09.12 06:24:23.532,1.38593,1.38601,1.37,2.44
2014.09.12 06:24:24.600,1.38593,1.386,1.31,1.00
2014.09.12 06:24:25.256,1.38593,1.38601,1.31,1.25
2014.09.12 06:24:25.866,1.38593,1.386,1.31,1.00
2014.09.12 06:24:27.205,1.38593,1.38602,1.31,3.94
2014.09.12 06:24:27.739,1.38593,1.38602,2.81,6.26
2014.09.12 06:24:28.244,1.38593,1.38602,2.81,6.26
2014.09.12 06:24:28.749,1.38593,1.38599,2.81,1.12
2014.09.12 06:24:28.901,1.38591,1.38599,3.56,1.12
2014.09.12 06:24:29.777,1.38591,1.38599,1.31,3.07
2014.09.12 06:24:30.242,1.38589,1.38595,3.94,1.00
2014.09.12 06:24:30.546,1.38586,1.38593,1.69,1.12
2014.09.12 06:24:30.900,1.38587,1.38596,1.31,3.19
2014.09.12 06:24:31.444,1.38588,1.38596,1.00,2.44
2014.09.12 06:24:32.902,1.38588,1.38596,1.50,2.62
2014.09.12 06:24:33.425,1.38588,1.38596,1.50,2.25
2014.09.12 06:24:36.180,1.38589,1.38596,1.00,1.50
2014.09.12 06:24:36.281,1.38589,1.38598,1.00,5.81
2014.09.12 06:24:36.332,1.38589,1.38595,1.50,1.00
2014.09.12 06:24:37.623,1.38589,1.38596,1.00,1.00
2014.09.12 06:24:39.012,1.38589,1.38597,1.25,4.39
2014.09.12 06:24:40.010,1.38588,1.38597,1.00,4.39
2014.09.12 06:24:40.111,1.38588,1.38598,1.12,6.19
2014.09.12 06:24:40.616,1.38589,1.38595,1.87,1.00
2014.09.12 06:24:40.718,1.38589,1.38598,1.50,4.69
2014.09.12 06:24:41.223,1.38589,1.38598,3.19,2.25
2014.09.12 06:24:41.757,1.38589,1.38597,2.81,1.00
2014.09.12 06:24:42.110,1.38591,1.38599,1.12,2.44
2014.09.12 06:24:42.615,1.38591,1.38599,1.87,1.12
2014.09.12 06:24:43.134,1.38591,1.38599,2.81,1.12
2014.09.12 06:24:44.817,1.38591,1.386,1.31,2.06
2014.09.12 06:24:45.349,1.38591,1.386,2.06,1.12
2014.09.12 06:24:46.212,1.38591,1.386,1.19,1.31
2014.09.12 06:24:47.235,1.38591,1.38601,1.25,4.31
2014.09.12 06:24:50.375,1.3859,1.38599,1.00,1.31
2014.09.12 06:24:50.678,1.38589,1.38597,1.25,1.00
2014.09.12 06:24:51.240,1.38589,1.38598,1.25,1.00
2014.09.12 06:24:51.948,1.38589,1.38598,1.25,1.19
2014.09.12 06:24:52.964,1.38589,1.38596,1.25,1.00
2014.09.12 06:24:53.599,1.38589,1.38599,1.25,7.39
2014.09.12 06:24:54.204,1.38588,1.38596,2.44,1.00
2014.09.12 06:24:54.508,1.38585,1.38591,3.56,1.00
2014.09.12 06:24:54.912,1.38581,1.3859,6.56,1.00
2014.09.12 06:24:55.317,1.38582,1.38592,2.62,1.25
2014.09.12 06:24:55.570,1.38584,1.38593,3.37,2.81
2014.09.12 06:24:56.074,1.38584,1.38594,2.81,2.81
2014.09.12 06:24:56.598,1.38584,1.38594,3.56,5.89
2014.09.12 06:24:58.600,1.38585,1.38594,3.26,3.56
2014.09.12 06:24:59.106,1.38585,1.38595,3.56,3.19
2014.09.12 06:24:59.789,1.38585,1.38595,3.94,3.19
2014.09.12 06:25:00.756,1.38585,1.38595,1.62,3.19
2014.09.12 06:25:01.062,1.38589,1.38596,1.37,1.00
2014.09.12 06:25:01.264,1.38593,1.38599,1.00,1.50
2014.09.12 06:25:01.365,1.38593,1.38601,1.50,1.50
2014.09.12 06:25:04.965,1.38592,1.38602,2.81,1.69
2014.09.12 06:25:05.486,1.38593,1.38602,1.31,2.06
2014.09.12 06:25:05.990,1.38593,1.38602,1.62,2.44
2014.09.12 06:25:06.520,1.38594,1.38602,1.00,2.25
2014.09.12 06:25:06.823,1.38591,1.38602,3.75,2.81
2014.09.12 06:25:06.925,1.38593,1.38599,1.00,1.19
2014.09.12 06:25:06.976,1.38591,1.38599,1.00,2.44
2014.09.12 06:25:07.027,1.38591,1.38595,1.00,1.00
2014.09.12 06:25:07.128,1.38588,1.38595,1.50,1.25
2014.09.12 06:25:07.280,1.38588,1.38593,1.00,1.12
2014.09.12 06:25:07.381,1.38585,1.38593,1.69,2.06
2014.09.12 06:25:07.432,1.38585,1.38591,1.00,1.25
2014.09.12 06:25:07.988,1.38584,1.38592,1.00,2.44
2014.09.12 06:25:08.090,1.38581,1.3859,2.25,2.44
2014.09.12 06:25:08.595,1.38581,1.38588,1.50,2.62
2014.09.12 06:25:08.646,1.38581,1.38586,1.50,1.00
2014.09.12 06:25:09.151,1.3858,1.38588,1.50,2.44
2014.09.12 06:25:09.454,1.38582,1.38588,1.00,2.44
2014.09.12 06:25:09.706,1.3858,1.38586,2.25,1.00
2014.09.12 06:25:10.905,1.38578,1.38586,3.37,1.00
2014.09.12 06:25:11.873,1.38578,1.38586,1.00,1.99
2014.09.12 06:25:13.627,1.38577,1.38587,1.25,7.24
2014.09.12 06:25:13.780,1.38578,1.38587,1.19,4.99
2014.09.12 06:25:14.393,1.38578,1.38587,1.19,4.24
2014.09.12 06:25:15.535,1.38578,1.38587,1.19,3.86
2014.09.12 06:25:16.722,1.38579,1.38586,3.56,1.05
2014.09.12 06:25:17.026,1.38582,1.38591,1.31,1.69
2014.09.12 06:25:17.531,1.38585,1.38592,1.00,3.19
2014.09.12 06:25:17.582,1.38585,1.38592,1.00,1.50
2014.09.12 06:25:18.087,1.38586,1.38593,2.25,1.25
2014.09.12 06:25:18.591,1.38587,1.38593,1.50,1.31
2014.09.12 06:25:19.719,1.38588,1.38593,1.00,1.25
2014.09.12 06:25:20.022,1.38586,1.38593,6.00,2.44
2014.09.12 06:25:20.527,1.38585,1.38593,1.50,2.44
2014.09.12 06:25:20.780,1.38587,1.38593,1.00,1.25
2014.09.12 06:25:21.285,1.38587,1.38596,1.50,3.19
2014.09.12 06:25:21.897,1.38587,1.38596,1.62,3.56
2014.09.12 06:25:23.833,1.38585,1.38595,3.56,1.25
2014.09.12 06:25:24.137,1.38585,1.38593,1.00,1.69
2014.09.12 06:25:24.546,1.38585,1.38594,4.69,1.69
2014.09.12 06:25:24.749,1.38585,1.38592,4.69,1.00
2014.09.12 06:25:25.052,1.38584,1.3859,1.19,1.50
2014.09.12 06:25:25.355,1.38584,1.38588,1.00,1.50
2014.09.12 06:25:25.658,1.38584,1.38586,1.00,1.00
2014.09.12 06:25:26.192,1.38581,1.38585,1.00,1.00
2014.09.12 06:25:26.243,1.38581,1.38587,1.00,2.25
2014.09.12 06:25:26.597,1.38583,1.38586,1.00,1.00
2014.09.12 06:25:26.700,1.38581,1.38586,1.69,1.00
2014.09.12 06:25:27.205,1.3858,1.38586,1.25,1.50
2014.09.12 06:25:27.610,1.38578,1.38586,3.37,1.37
2014.09.12 06:25:28.151,1.38577,1.38586,6.56,2.62
2014.09.12 06:25:28.657,1.38576,1.38586,3.56,2.44
2014.09.12 06:25:28.960,1.3858,1.38587,1.00,1.50
2014.09.12 06:25:29.566,1.38579,1.38587,3.00,1.00
2014.09.12 06:25:29.870,1.38581,1.38589,1.69,1.00
2014.09.12 06:25:30.173,1.38583,1.3859,1.19,1.00
2014.09.12 06:25:30.477,1.38584,1.38592,2.44,2.44
2014.09.12 06:25:30.981,1.38584,1.38591,3.56,1.50
2014.09.12 06:25:31.819,1.38584,1.38591,3.19,1.50
2014.09.12 06:25:32.021,1.38584,1.38591,1.50,1.50
2014.09.12 06:25:33.834,1.38584,1.38591,2.62,1.50
2014.09.12 06:25:34.374,1.38584,1.38591,5.70,1.50
2014.09.12 06:25:34.476,1.38584,1.38593,6.64,1.50
2014.09.12 06:25:35.031,1.38584,1.38593,1.50,2.81
2014.09.12 06:25:35.536,1.38582,1.38592,7.39,3.00
2014.09.12 06:25:35.738,1.38581,1.3859,4.31,1.87
2014.09.12 06:25:36.243,1.38581,1.38588,1.25,1.12
2014.09.12 06:25:36.597,1.3858,1.38586,1.19,1.00
2014.09.12 06:25:37.152,1.38577,1.38586,1.25,1.50
2014.09.12 06:25:37.405,1.38577,1.38584,1.25,1.00
2014.09.12 06:25:37.506,1.38577,1.38587,1.25,3.37
2014.09.12 06:25:37.556,1.38577,1.38586,1.25,4.57
2014.09.12 06:25:37.810,1.38577,1.38586,1.25,1.87
2014.09.12 06:25:37.961,1.38577,1.38584,1.00,1.00
2014.09.12 06:25:38.473,1.38576,1.38583,1.69,1.00
2014.09.12 06:25:40.030,1.38576,1.38586,1.25,7.76
2014.09.12 06:25:41.127,1.38576,1.38586,2.44,5.44
2014.09.12 06:25:42.757,1.38576,1.38583,2.44,1.00
2014.09.12 06:25:43.333,1.38576,1.38583,1.69,1.00
2014.09.12 06:25:45.066,1.38576,1.38584,1.69,1.25
2014.09.12 06:25:45.370,1.38575,1.38584,1.69,2.44
2014.09.12 06:25:45.674,1.38567,1.3857,1.00,1.12
2014.09.12 06:25:45.725,1.38564,1.38569,1.00,1.00
2014.09.12 06:25:45.776,1.38563,1.38567,1.00,1.00
2014.09.12 06:25:46.282,1.38563,1.38564,1.00,1.00
2014.09.12 06:25:46.434,1.38563,1.38568,1.00,2.25
2014.09.12 06:25:46.536,1.38563,1.38567,1.00,1.19
2014.09.12 06:25:46.832,1.38563,1.38568,1.00,1.00
2014.09.12 06:25:47.775,1.38564,1.38568,1.00,1.00
2014.09.12 06:25:47.826,1.38564,1.3857,1.00,1.00
2014.09.12 06:25:47.978,1.3856,1.3857,3.94,1.25
2014.09.12 06:25:48.230,1.38564,1.38571,1.50,1.31
2014.09.12 06:25:48.533,1.38567,1.38572,1.50,1.00
2014.09.12 06:25:49.054,1.38567,1.38574,1.00,2.44
2014.09.12 06:25:49.518,1.38567,1.38574,2.62,2.44
2014.09.12 06:25:49.670,1.38569,1.38576,2.62,1.50
2014.09.12 06:25:49.923,1.38569,1.38578,2.25,1.50
2014.09.12 06:25:50.125,1.38569,1.38577,1.00,2.62
2014.09.12 06:25:50.646,1.38569,1.38578,1.87,3.37
2014.09.12 06:25:51.155,1.38569,1.38578,3.19,1.50
2014.09.12 06:25:51.206,1.38569,1.38576,4.76,1.50
2014.09.12 06:25:51.711,1.38571,1.38576,2.44,1.00
2014.09.12 06:25:52.237,1.38571,1.38576,3.56,1.00
2014.09.12 06:25:55.910,1.3857,1.38576,1.50,1.00
2014.09.12 06:25:56.112,1.38568,1.38576,1.31,1.50
2014.09.12 06:25:56.567,1.3857,1.38574,1.50,1.50
2014.09.12 06:25:58.415,1.38569,1.38574,1.00,1.50
2014.09.12 06:25:58.719,1.38567,1.38573,1.00,1.00
2014.09.12 06:25:58.770,1.38567,1.38572,1.00,1.37
2014.09.12 06:25:58.822,1.38565,1.38572,1.50,3.00
2014.09.12 06:25:59.327,1.38562,1.3857,1.50,1.00
2014.09.12 06:25:59.832,1.38562,1.38568,1.50,1.00
2014.09.12 06:25:59.933,1.38562,1.3857,1.50,1.00
2014.09.12 06:26:00.186,1.38562,1.3857,1.50,1.87
2014.09.12 06:26:01.112,1.38561,1.38568,1.00,1.00
2014.09.12 06:26:01.421,1.38561,1.38565,1.00,1.00
2014.09.12 06:26:01.942,1.38561,1.38564,1.00,1.00
2014.09.12 06:26:02.505,1.3856,1.38564,1.50,1.00
2014.09.12 06:26:03.024,1.38558,1.38563,1.00,1.50
2014.09.12 06:26:03.075,1.38556,1.38563,1.69,1.50
2014.09.12 06:26:03.585,1.38556,1.38562,1.31,1.50
2014.09.12 06:26:04.515,1.38554,1.38562,2.81,2.25
2014.09.12 06:26:05.032,1.38554,1.38562,1.56,1.50
2014.09.12 06:26:05.451,1.38553,1.38559,3.19,1.00
2014.09.12 06:26:05.657,1.38553,1.38562,3.56,3.00
2014.09.12 06:26:05.758,1.38553,1.3856,3.56,1.00
2014.09.12 06:26:05.809,1.38553,1.3856,3.56,1.00
2014.09.12 06:26:06.314,1.38552,1.38559,1.69,1.50
2014.09.12 06:26:06.517,1.38553,1.38559,2.81,1.50
2014.09.12 06:26:06.719,1.38553,1.38561,2.81,1.50
2014.09.12 06:26:07.250,1.38555,1.38561,1.87,1.00
2014.09.12 06:26:07.787,1.38555,1.38561,1.87,1.00
2014.09.12 06:26:08.748,1.38554,1.38561,2.06,1.00
2014.09.12 06:26:09.298,1.38555,1.38561,1.00,1.00
2014.09.12 06:26:10.546,1.38552,1.38561,3.56,1.50
2014.09.12 06:26:11.050,1.38551,1.38561,1.69,2.62
2014.09.12 06:26:11.706,1.38552,1.3856,1.62,1.00
2014.09.12 06:26:11.959,1.3855,1.38559,4.69,1.00
2014.09.12 06:26:12.368,1.3855,1.38559,4.69,1.00
2014.09.12 06:26:12.673,1.3855,1.38559,3.94,1.00
2014.09.12 06:26:14.105,1.3855,1.38558,3.94,1.00
2014.09.12 06:26:14.829,1.3855,1.38558,1.69,1.00
2014.09.12 06:26:15.831,1.38551,1.38557,1.00,1.12
2014.09.12 06:26:15.883,1.3855,1.38554,1.50,1.00
2014.09.12 06:26:15.985,1.38547,1.38555,1.31,3.37
2014.09.12 06:26:16.086,1.38545,1.38553,3.19,1.50
2014.09.12 06:26:16.187,1.38545,1.38553,1.69,4.87
2014.09.12 06:26:16.289,1.38543,1.3855,1.31,1.00
2014.09.12 06:26:16.793,1.38542,1.3855,1.56,1.12
2014.09.12 06:26:17.652,1.38541,1.3855,2.44,1.00
2014.09.12 06:26:18.274,1.38541,1.3855,2.06,2.81
2014.09.12 06:26:19.302,1.38541,1.3855,2.06,2.06
2014.09.12 06:26:19.560,1.38541,1.38549,1.19,2.25
2014.09.12 06:26:19.611,1.38539,1.38549,3.56,3.56
2014.09.12 06:26:19.914,1.38536,1.38546,2.06,3.19
2014.09.12 06:26:19.965,1.38535,1.38544,5.81,1.25
2014.09.12 06:26:20.117,1.38535,1.38542,2.06,1.50
2014.09.12 06:26:20.623,1.38537,1.38543,1.50,1.00
2014.09.12 06:26:20.927,1.38539,1.38543,1.00,1.00
2014.09.12 06:26:21.129,1.38539,1.38546,1.00,1.00
2014.09.12 06:26:21.603,1.38539,1.38544,1.00,1.00
2014.09.12 06:26:22.109,1.38538,1.38545,1.37,1.50
2014.09.12 06:26:23.186,1.38539,1.38545,1.50,2.25
2014.09.12 06:26:23.237,1.38537,1.38545,1.87,3.94
2014.09.12 06:26:23.288,1.38537,1.38543,1.00,1.00
2014.09.12 06:26:23.604,1.38534,1.38541,1.62,1.87
2014.09.12 06:26:23.705,1.38533,1.38541,1.19,3.37
2014.09.12 06:26:23.756,1.38532,1.38541,1.31,3.56
2014.09.12 06:26:23.908,1.38531,1.38538,1.31,1.00
2014.09.12 06:26:24.416,1.3853,1.38538,2.81,1.00
2014.09.12 06:26:24.921,1.38532,1.38538,1.00,1.00
2014.09.12 06:26:25.224,1.38534,1.38539,1.00,1.25
2014.09.12 06:26:25.528,1.38532,1.38539,1.00,1.69
2014.09.12 06:26:26.032,1.38531,1.38539,2.81,3.19
2014.09.12 06:26:26.554,1.38531,1.38538,2.06,1.00
2014.09.12 06:26:27.020,1.3853,1.38536,1.00,1.00
2014.09.12 06:26:27.425,1.38532,1.38539,1.00,1.31
2014.09.12 06:26:27.729,1.38533,1.3854,2.25,1.50
2014.09.12 06:26:28.032,1.38536,1.3854,1.00,1.50
2014.09.12 06:26:28.538,1.38537,1.38541,1.00,1.00
2014.09.12 06:26:28.639,1.38536,1.38543,1.62,1.00
2014.09.12 06:26:29.143,1.38538,1.38544,1.50,1.00
2014.09.12 06:26:29.245,1.38541,1.38544,1.00,1.00
2014.09.12 06:26:29.295,1.38542,1.38546,1.00,2.44
2014.09.12 06:26:29.346,1.38539,1.38546,1.50,2.44
2014.09.12 06:26:29.448,1.38542,1.38546,1.50,1.69
2014.09.12 06:26:29.801,1.38544,1.38548,1.50,1.00
2014.09.12 06:26:29.974,1.38544,1.3855,1.00,1.25
2014.09.12 06:26:30.480,1.38545,1.38551,1.12,1.69
2014.09.12 06:26:30.885,1.38542,1.38549,1.87,1.00
2014.09.12 06:26:30.986,1.38541,1.38547,4.12,1.00
2014.09.12 06:26:31.138,1.38539,1.38546,1.69,1.00
2014.09.12 06:26:31.290,1.38537,1.38544,1.19,1.12
2014.09.12 06:26:31.795,1.38536,1.38543,1.69,1.12
2014.09.12 06:26:32.047,1.38539,1.38545,1.00,3.26
2014.09.12 06:26:32.148,1.38539,1.38545,1.50,1.25
2014.09.12 06:26:32.906,1.38538,1.38546,2.25,1.69
2014.09.12 06:26:33.512,1.38538,1.38543,1.25,1.00
2014.09.12 06:26:33.764,1.38535,1.38543,3.00,1.00
2014.09.12 06:26:33.865,1.38535,1.38541,1.50,1.00
2014.09.12 06:26:34.471,1.38537,1.38542,1.00,1.00
2014.09.12 06:26:34.724,1.38538,1.38544,1.00,4.12
2014.09.12 06:26:35.230,1.38539,1.38544,1.00,1.50
2014.09.12 06:26:35.688,1.3854,1.38546,1.00,2.25
2014.09.12 06:26:36.586,1.3854,1.38547,1.00,5.51
2014.09.12 06:26:36.687,1.38542,1.38545,1.00,1.00
2014.09.12 06:26:37.116,1.3854,1.38545,1.00,1.00
2014.09.12 06:26:37.318,1.38538,1.38545,2.06,1.00
2014.09.12 06:26:37.420,1.38538,1.38545,1.00,4.39
2014.09.12 06:26:37.622,1.38536,1.38543,1.12,1.00
2014.09.12 06:26:37.723,1.38538,1.38543,1.50,1.00
2014.09.12 06:26:38.352,1.38535,1.38543,1.50,2.06
2014.09.12 06:26:38.504,1.38537,1.38542,1.00,3.37
2014.09.12 06:26:38.908,1.38535,1.38542,2.25,1.12
2014.09.12 06:26:39.430,1.38536,1.38542,1.50,1.00
2014.09.12 06:26:40.197,1.38535,1.38543,2.25,2.06
2014.09.12 06:26:40.704,1.38536,1.38544,1.50,2.44
2014.09.12 06:26:41.716,1.38538,1.38544,1.00,2.06
2014.09.12 06:26:43.656,1.38538,1.38545,1.50,2.44
2014.09.12 06:26:43.959,1.38542,1.38546,1.00,1.69
2014.09.12 06:26:44.397,1.38543,1.38549,1.50,2.06
2014.09.12 06:26:44.651,1.38544,1.3855,2.25,1.69
2014.09.12 06:26:44.955,1.38546,1.38551,1.00,1.69
2014.09.12 06:26:45.157,1.38544,1.38549,1.00,1.00
2014.09.12 06:26:45.663,1.38544,1.3855,1.50,1.25
2014.09.12 06:26:46.168,1.38543,1.38551,1.50,1.19
2014.09.12 06:26:47.266,1.38542,1.3855,1.69,1.31
2014.09.12 06:26:47.418,1.38541,1.38549,2.25,2.62
2014.09.12 06:26:47.721,1.3854,1.38546,1.25,1.12
2014.09.12 06:26:48.024,1.38539,1.38545,1.50,1.69
2014.09.12 06:26:48.176,1.38535,1.38543,1.69,5.89
2014.09.12 06:26:48.379,1.38533,1.38541,1.50,1.69
2014.09.12 06:26:48.430,1.38533,1.38541,3.45,1.31
2014.09.12 06:26:49.188,1.38533,1.38541,1.50,1.69
2014.09.12 06:26:49.693,1.38532,1.3854,1.87,1.50
2014.09.12 06:26:50.197,1.38534,1.3854,1.00,1.00
2014.09.12 06:26:50.703,1.38534,1.38541,1.00,1.00
2014.09.12 06:26:52.350,1.38533,1.38541,2.06,1.25
2014.09.12 06:26:54.651,1.38533,1.38541,1.50,1.19
2014.09.12 06:26:55.643,1.38533,1.38541,2.06,1.25
2014.09.12 06:26:56.149,1.38534,1.38541,1.00,1.31
2014.09.12 06:26:57.115,1.38534,1.3854,2.25,1.00
2014.09.12 06:26:57.620,1.38532,1.3854,1.31,1.12
2014.09.12 06:26:58.161,1.38532,1.3854,1.31,1.50
2014.09.12 06:26:58.666,1.38532,1.38541,1.69,2.25
2014.09.12 06:26:59.138,1.38531,1.38539,3.19,1.00
2014.09.12 06:26:59.648,1.38531,1.38538,1.25,1.00
2014.09.12 06:27:00.320,1.38531,1.38539,2.25,3.37
2014.09.12 06:27:00.765,1.38533,1.38539,1.12,1.00
2014.09.12 06:27:01.119,1.38535,1.38539,1.00,1.00
2014.09.12 06:27:01.648,1.38536,1.38544,1.50,3.19
2014.09.12 06:27:03.825,1.38536,1.38544,2.06,3.94
2014.09.12 06:27:04.330,1.38536,1.38544,2.06,3.94
2014.09.12 06:27:06.689,1.38536,1.38544,2.06,1.69
2014.09.12 06:27:07.196,1.38538,1.38545,1.50,3.56
2014.09.12 06:27:07.601,1.3854,1.38545,1.00,3.19
2014.09.12 06:27:07.904,1.38542,1.38545,1.00,1.00
2014.09.12 06:27:07.955,1.38542,1.38549,1.00,2.44
2014.09.12 06:27:08.007,1.38542,1.38549,1.87,1.50
2014.09.12 06:27:08.108,1.38546,1.38549,1.00,1.00
2014.09.12 06:27:08.412,1.38548,1.3855,1.50,1.00
2014.09.12 06:27:08.829,1.38548,1.38555,1.50,1.25
2014.09.12 06:27:09.334,1.38548,1.38554,1.50,1.50
2014.09.12 06:27:12.764,1.38547,1.38554,3.00,3.19
2014.09.12 06:27:13.067,1.38546,1.38552,1.00,1.00
2014.09.12 06:27:13.536,1.38545,1.38551,1.00,1.69
2014.09.12 06:27:14.903,1.38544,1.38551,1.87,1.69
2014.09.12 06:27:15.408,1.38543,1.38551,1.50,7.76
2014.09.12 06:27:15.914,1.38542,1.38549,1.69,1.37
2014.09.12 06:27:16.144,1.38542,1.3855,1.69,4.31
2014.09.12 06:27:16.536,1.38543,1.3855,1.00,3.56
2014.09.12 06:27:17.078,1.38542,1.3855,1.50,5.06
2014.09.12 06:27:17.387,1.38545,1.38552,1.00,4.76
2014.09.12 06:27:17.488,1.38546,1.38552,1.50,1.69
2014.09.12 06:27:18.032,1.38545,1.38553,1.00,4.69
2014.09.12 06:27:18.799,1.38544,1.38552,1.50,1.69
2014.09.12 06:27:18.850,1.38544,1.3855,1.50,1.00
2014.09.12 06:27:20.229,1.38543,1.3855,2.25,1.25
2014.09.12 06:27:21.653,1.38544,1.3855,1.00,1.25
2014.09.12 06:27:22.365,1.38544,1.38551,1.00,1.50
2014.09.12 06:27:23.989,1.38544,1.38552,1.50,1.31
2014.09.12 06:27:24.296,1.38544,1.38551,1.00,1.37
2014.09.12 06:27:24.823,1.38545,1.38551,1.00,1.37
2014.09.12 06:27:25.343,1.38546,1.38551,1.00,1.00
2014.09.12 06:27:27.404,1.38546,1.38551,1.00,1.19
2014.09.12 06:27:27.952,1.38547,1.38551,1.00,1.19
2014.09.12 06:27:28.388,1.38547,1.38552,1.00,1.69
2014.09.12 06:27:28.807,1.38544,1.38551,1.00,1.50
2014.09.12 06:27:30.022,1.38544,1.38551,1.00,1.69
2014.09.12 06:27:31.338,1.38545,1.38551,1.00,2.06
2014.09.12 06:27:31.749,1.38545,1.38553,1.00,2.81
2014.09.12 06:27:32.527,1.38545,1.38553,1.12,2.81
2014.09.12 06:27:33.075,1.38545,1.38552,1.12,1.00
2014.09.12 06:27:33.178,1.38545,1.3855,1.00,5.25
2014.09.12 06:27:33.683,1.38543,1.38549,2.06,1.00
2014.09.12 06:27:34.087,1.38542,1.38547,1.12,1.00
2014.09.12 06:27:34.409,1.38543,1.38549,1.37,1.69
2014.09.12 06:27:34.460,1.38541,1.3855,3.19,7.69
2014.09.12 06:27:34.510,1.38543,1.3855,1.00,3.94
2014.09.12 06:27:34.612,1.38544,1.38551,1.00,2.44
2014.09.12 06:27:34.915,1.38546,1.38551,1.00,1.00
2014.09.12 06:27:35.219,1.38549,1.38555,1.00,1.62
2014.09.12 06:27:35.370,1.3855,1.38554,1.00,1.00
2014.09.12 06:27:35.573,1.3855,1.38556,1.00,1.25
2014.09.12 06:27:36.078,1.38549,1.38557,2.25,2.44
2014.09.12 06:27:36.594,1.38549,1.38557,2.44,1.25
2014.09.12 06:27:36.746,1.38551,1.38558,1.00,2.44
2014.09.12 06:27:37.256,1.38552,1.38557,1.50,1.25
2014.09.12 06:27:37.560,1.38553,1.38557,1.87,1.50
2014.09.12 06:27:37.762,1.38552,1.38556,1.50,1.50
2014.09.12 06:27:37.863,1.3855,1.38555,1.69,1.00
2014.09.12 06:27:38.427,1.3855,1.38556,1.69,2.25
2014.09.12 06:27:38.941,1.3855,1.38555,1.50,1.00
2014.09.12 06:27:39.674,1.3855,1.38556,1.50,2.25
2014.09.12 06:27:40.285,1.3855,1.38555,1.50,1.00
2014.09.12 06:27:41.003,1.3855,1.38556,1.50,2.25
2014.09.12 06:27:41.514,1.3855,1.38555,1.50,1.00
2014.09.12 06:27:42.023,1.38551,1.38555,1.00,1.50
2014.09.12 06:27:42.528,1.3855,1.38555,1.00,3.00
2014.09.12 06:27:43.033,1.38549,1.38556,1.50,2.44
2014.09.12 06:27:43.582,1.3855,1.38556,1.00,1.69
2014.09.12 06:27:44.093,1.3855,1.38556,1.00,2.44
2014.09.12 06:27:44.654,1.3855,1.38556,1.00,1.69
2014.09.12 06:27:45.884,1.38551,1.38555,1.50,1.50
2014.09.12 06:27:47.494,1.38552,1.38555,1.00,1.50
2014.09.12 06:27:48.004,1.38551,1.38555,1.50,1.50
2014.09.12 06:27:48.760,1.3855,1.38555,1.00,1.00
2014.09.12 06:27:53.208,1.38549,1.38555,1.00,1.50
2014.09.12 06:27:53.714,1.38547,1.38555,2.25,3.00
2014.09.12 06:27:53.967,1.38547,1.38552,1.00,1.00
2014.09.12 06:27:54.018,1.38545,1.38551,1.50,1.00
2014.09.12 06:27:54.321,1.38542,1.3855,2.44,2.62
2014.09.12 06:27:54.827,1.38542,1.3855,1.50,4.69
2014.09.12 06:27:55.331,1.38541,1.3855,1.50,5.44
2014.09.12 06:27:55.836,1.3854,1.38548,2.44,1.69
2014.09.12 06:27:56.599,1.3854,1.38548,2.25,1.69
2014.09.12 06:27:57.337,1.38539,1.38547,3.19,1.69
2014.09.12 06:27:57.741,1.38539,1.38547,1.87,1.50
2014.09.12 06:27:58.398,1.38539,1.38548,2.62,1.31
2014.09.12 06:27:58.549,1.38539,1.38547,2.25,1.50
2014.09.12 06:27:58.649,1.3854,1.38545,1.00,1.00
2014.09.12 06:27:58.702,1.38537,1.38545,3.56,2.06
2014.09.12 06:27:58.905,1.38537,1.38544,1.69,2.25
2014.09.12 06:27:59.411,1.38537,1.38544,1.25,1.87
2014.09.12 06:27:59.714,1.38537,1.38544,1.37,1.50
2014.09.12 06:27:59.883,1.38537,1.38545,1.87,1.69
2014.09.12 06:28:00.391,1.38537,1.38545,1.87,1.69
2014.09.12 06:28:00.905,1.38538,1.38545,3.00,1.25
2014.09.12 06:28:03.145,1.38538,1.38546,2.44,2.81
2014.09.12 06:28:03.647,1.38538,1.38545,1.69,1.00
2014.09.12 06:28:04.027,1.3854,1.38545,1.00,1.00
2014.09.12 06:28:04.532,1.38542,1.38547,1.37,1.00
2014.09.12 06:28:05.037,1.38542,1.38549,1.87,1.69
2014.09.12 06:28:05.550,1.38543,1.3855,1.87,3.56
2014.09.12 06:28:06.055,1.38543,1.38549,1.12,1.50
2014.09.12 06:28:06.358,1.38542,1.38547,1.00,1.00
2014.09.12 06:28:06.905,1.38542,1.38548,1.00,2.25
2014.09.12 06:28:07.847,1.38542,1.38547,1.00,1.00
2014.09.12 06:28:08.323,1.38542,1.38544,1.00,1.00
2014.09.12 06:28:08.627,1.38542,1.38546,1.12,1.00
2014.09.12 06:28:08.728,1.38542,1.38548,1.87,1.00
2014.09.12 06:28:08.931,1.38544,1.3855,1.37,2.44
2014.09.12 06:28:09.082,1.38544,1.38551,3.00,2.25
2014.09.12 06:28:09.537,1.38544,1.38553,2.25,3.19
2014.09.12 06:28:09.638,1.38544,1.38551,2.25,1.00
2014.09.12 06:28:09.941,1.38542,1.38548,1.12,1.00
2014.09.12 06:28:10.445,1.38542,1.38547,1.00,1.00
2014.09.12 06:28:11.137,1.38541,1.38547,1.12,1.50
2014.09.12 06:28:11.899,1.38542,1.38547,1.00,2.25
2014.09.12 06:28:12.408,1.38541,1.38548,3.00,2.44
2014.09.12 06:28:12.913,1.38542,1.38547,1.00,1.00
2014.09.12 06:28:13.220,1.38542,1.38545,1.00,1.00
2014.09.12 06:28:13.728,1.38541,1.38545,1.00,1.00
2014.09.12 06:28:14.235,1.38542,1.38545,1.00,1.00
2014.09.12 06:28:14.783,1.38542,1.38546,1.00,1.50
2014.09.12 06:28:15.913,1.38542,1.38547,1.00,1.69
2014.09.12 06:28:16.891,1.38541,1.38548,1.12,1.19
2014.09.12 06:28:19.599,1.3854,1.38548,2.62,3.56
2014.09.12 06:28:20.103,1.3854,1.38546,1.50,1.69
2014.09.12 06:28:20.627,1.3854,1.38545,1.50,1.50
2014.09.12 06:28:21.602,1.38542,1.38545,1.00,1.50
2014.09.12 06:28:21.905,1.38539,1.38545,1.87,1.00
2014.09.12 06:28:26.595,1.38539,1.38545,1.37,1.25
2014.09.12 06:28:27.308,1.38539,1.38546,1.87,1.00
2014.09.12 06:28:27.926,1.3854,1.38547,1.12,1.69
2014.09.12 06:28:28.693,1.3854,1.38547,1.37,1.25
2014.09.12 06:28:29.241,1.38541,1.38548,2.62,2.25
2014.09.12 06:28:29.402,1.38541,1.38548,3.37,1.50
2014.09.12 06:28:29.904,1.38543,1.38549,2.25,1.00
2014.09.12 06:28:31.001,1.38543,1.38549,1.50,1.00
2014.09.12 06:28:31.103,1.38543,1.38549,3.00,1.00
2014.09.12 06:28:31.406,1.38549,1.38553,1.87,2.25
2014.09.12 06:28:32.119,1.38549,1.38555,1.87,5.06
2014.09.12 06:28:32.652,1.38549,1.38555,1.87,4.12
2014.09.12 06:28:33.202,1.38549,1.38554,1.87,1.00
2014.09.12 06:28:33.505,1.38555,1.38557,1.00,1.00
2014.09.12 06:28:33.606,1.38556,1.3856,1.00,3.75
2014.09.12 06:28:33.758,1.38558,1.38561,1.50,2.44
2014.09.12 06:28:33.960,1.38558,1.38564,1.50,1.25
2014.09.12 06:28:34.767,1.38557,1.38565,1.87,1.69
2014.09.12 06:28:35.272,1.38558,1.38565,1.00,1.69
2014.09.12 06:28:35.323,1.38562,1.38565,1.00,1.69
2014.09.12 06:28:35.626,1.38568,1.38574,1.00,1.19
2014.09.12 06:28:35.929,1.38567,1.38574,1.50,3.19
2014.09.12 06:28:37.090,1.38566,1.38573,1.87,1.69
2014.09.12 06:28:37.606,1.38567,1.38574,1.00,3.94
2014.09.12 06:28:38.119,1.38566,1.38573,1.87,1.50
2014.09.12 06:28:38.636,1.38567,1.38574,2.25,3.94
2014.09.12 06:28:39.586,1.38567,1.38574,1.87,3.94
2014.09.12 06:28:40.172,1.38568,1.38574,1.00,3.19
2014.09.12 06:28:40.483,1.3857,1.38576,1.00,2.44
2014.09.12 06:28:41.211,1.38569,1.38575,1.12,1.00
2014.09.12 06:28:41.313,1.38567,1.38575,1.50,1.50
2014.09.12 06:28:41.364,1.38566,1.38573,1.50,1.00
2014.09.12 06:28:42.688,1.38567,1.38573,1.00,1.50
2014.09.12 06:28:42.992,1.38569,1.38573,1.87,1.69
2014.09.12 06:28:43.446,1.38567,1.38575,2.62,2.06
2014.09.12 06:28:44.708,1.38566,1.38573,1.69,1.00
2014.09.12 06:28:44.911,1.38563,1.38572,3.56,2.62
2014.09.12 06:28:45.417,1.38562,1.38568,2.06,1.50
2014.09.12 06:28:45.938,1.38562,1.38569,1.87,1.00
2014.09.12 06:28:46.649,1.38563,1.38569,1.00,1.00
2014.09.12 06:28:46.851,1.38563,1.38571,1.50,2.44
2014.09.12 06:28:47.361,1.38564,1.38571,1.87,2.06
2014.09.12 06:28:47.867,1.38563,1.3857,1.31,1.12
2014.09.12 06:28:48.372,1.38562,1.38569,3.00,1.69
2014.09.12 06:28:49.461,1.38561,1.38568,3.56,1.50
2014.09.12 06:28:49.965,1.38561,1.38568,2.81,1.50
2014.09.12 06:28:50.470,1.3856,1.38566,2.06,1.00
2014.09.12 06:28:50.775,1.38558,1.38565,1.69,1.00
2014.09.12 06:28:51.506,1.38558,1.38565,1.00,1.00
2014.09.12 06:28:51.860,1.38557,1.38563,1.00,1.50
2014.09.12 06:28:52.368,1.38555,1.38562,5.06,1.50
2014.09.12 06:28:52.932,1.38557,1.38562,1.87,1.00
2014.09.12 06:28:52.982,1.38557,1.38565,2.62,3.19
2014.09.12 06:28:53.033,1.38559,1.38565,1.37,1.19
2014.09.12 06:28:53.084,1.38559,1.38566,2.62,3.00
2014.09.12 06:28:53.443,1.38562,1.38567,1.00,1.50
2014.09.12 06:28:53.796,1.38562,1.38566,1.87,1.00
2014.09.12 06:28:54.150,1.38563,1.38567,1.00,1.00
2014.09.12 06:28:54.453,1.38566,1.38571,1.12,1.19
2014.09.12 06:28:54.504,1.38568,1.3857,1.12,1.00
2014.09.12 06:28:54.555,1.38568,1.38572,1.12,1.00
2014.09.12 06:28:54.606,1.38568,1.38574,1.87,2.25
2014.09.12 06:28:54.757,1.3857,1.38574,1.00,1.50
2014.09.12 06:28:55.280,1.3857,1.38573,1.00,1.00
2014.09.12 06:28:55.432,1.38571,1.38576,1.00,1.50
2014.09.12 06:28:55.482,1.38573,1.38576,1.00,1.00
2014.09.12 06:28:55.989,1.38574,1.38578,1.50,1.69
2014.09.12 06:28:56.293,1.38577,1.3858,1.00,1.00
2014.09.12 06:28:56.395,1.38577,1.38582,1.50,3.75
2014.09.12 06:28:57.202,1.38577,1.38584,1.50,2.44
2014.09.12 06:28:57.707,1.38577,1.38584,2.62,1.25
2014.09.12 06:28:58.240,1.38577,1.38584,1.50,1.00
2014.09.12 06:28:58.998,1.38577,1.38584,2.62,1.50
2014.09.12 06:28:59.200,1.38577,1.38583,1.00,3.37
2014.09.12 06:28:59.519,1.38573,1.38578,1.00,1.00
2014.09.12 06:28:59.721,1.38571,1.38577,1.00,1.50
2014.09.12 06:28:59.923,1.3857,1.38575,1.50,1.00
2014.09.12 06:29:00.429,1.38568,1.38575,2.25,1.87
2014.09.12 06:29:00.480,1.38568,1.38573,1.50,1.00
2014.09.12 06:29:00.581,1.38566,1.38573,3.75,1.00
2014.09.12 06:29:00.985,1.38568,1.38574,1.00,1.12
2014.09.12 06:29:01.289,1.38574,1.38578,1.00,1.50
2014.09.12 06:29:01.339,1.38575,1.3858,1.00,3.37
2014.09.12 06:29:01.441,1.38572,1.3858,3.37,2.25
2014.09.12 06:29:01.643,1.38573,1.38578,1.00,1.00
2014.09.12 06:29:01.845,1.38572,1.3858,1.00,4.50
2014.09.12 06:29:01.946,1.38574,1.3858,1.00,1.50
2014.09.12 06:29:02.199,1.38572,1.3858,3.75,1.00
2014.09.12 06:29:02.300,1.38572,1.38579,4.12,1.00
2014.09.12 06:29:02.604,1.38572,1.38576,1.00,1.00
2014.09.12 06:29:02.856,1.38569,1.38576,3.56,1.00
2014.09.12 06:29:03.513,1.38569,1.38576,2.06,1.50
2014.09.12 06:29:03.917,1.38571,1.38576,1.37,1.00
2014.09.12 06:29:04.018,1.38571,1.38578,1.87,3.00
2014.09.12 06:29:04.220,1.38573,1.38578,1.37,1.00
2014.09.12 06:29:04.321,1.38573,1.3858,2.62,1.00
2014.09.12 06:29:04.840,1.38574,1.3858,1.37,1.50
2014.09.12 06:29:05.042,1.38573,1.38578,1.87,1.00
2014.09.12 06:29:05.245,1.38572,1.38579,3.00,1.50
2014.09.12 06:29:05.449,1.38572,1.38577,1.87,1.00
2014.09.12 06:29:05.853,1.38573,1.3858,1.00,3.00
2014.09.12 06:29:06.358,1.38573,1.3858,2.25,2.62
2014.09.12 06:29:06.863,1.38572,1.38579,2.62,1.50
2014.09.12 06:29:06.965,1.38574,1.3858,1.37,1.50
2014.09.12 06:29:07.369,1.38572,1.38579,3.75,1.50
2014.09.12 06:29:08.771,1.38571,1.38577,1.50,1.50
2014.09.12 06:29:09.075,1.38569,1.38575,1.00,1.50
2014.09.12 06:29:09.651,1.38568,1.38575,1.50,1.00
2014.09.12 06:29:11.281,1.38569,1.38575,1.00,1.12
2014.09.12 06:29:11.792,1.38569,1.38576,1.50,2.25
2014.09.12 06:29:12.300,1.38569,1.38575,1.50,1.50
2014.09.12 06:29:13.683,1.38569,1.38574,1.00,1.00
2014.09.12 06:29:13.785,1.38567,1.38574,1.50,1.37
2014.09.12 06:29:14.190,1.38566,1.38572,1.00,1.37
2014.09.12 06:29:14.572,1.38564,1.38572,4.12,1.37
2014.09.12 06:29:15.331,1.38567,1.38573,1.12,1.50
2014.09.12 06:29:15.635,1.38571,1.38573,1.00,1.00
2014.09.12 06:29:15.787,1.38573,1.38578,1.00,1.00
2014.09.12 06:29:15.838,1.38573,1.3858,1.12,5.25
2014.09.12 06:29:16.192,1.38571,1.38578,1.87,1.00
2014.09.12 06:29:19.245,1.38571,1.38578,1.37,1.00
2014.09.12 06:29:19.750,1.38571,1.38578,1.12,1.00
2014.09.12 06:29:20.521,1.3857,1.38578,1.50,1.69
2014.09.12 06:29:20.824,1.38569,1.38576,1.50,1.50
2014.09.12 06:29:21.127,1.38568,1.38574,1.00,1.50
2014.09.12 06:29:21.431,1.38565,1.38569,1.00,1.00
2014.09.12 06:29:21.684,1.38563,1.3857,1.50,1.50
2014.09.12 06:29:22.189,1.38562,1.38569,1.69,2.62
2014.09.12 06:29:22.703,1.38561,1.38568,1.31,1.00
2014.09.12 06:29:23.163,1.3856,1.38567,2.44,1.87
2014.09.12 06:29:23.667,1.38559,1.38566,2.06,1.50
2014.09.12 06:29:24.275,1.38561,1.38568,1.12,2.44
2014.09.12 06:29:24.628,1.38563,1.38569,1.00,1.00
2014.09.12 06:29:25.133,1.38561,1.38568,2.06,1.50
2014.09.12 06:29:25.640,1.38561,1.38568,2.06,2.25
2014.09.12 06:29:31.328,1.3856,1.38566,1.25,1.00
2014.09.12 06:29:31.631,1.38557,1.38562,1.25,1.00
2014.09.12 06:29:32.135,1.38555,1.38563,1.31,2.62
2014.09.12 06:29:32.637,1.38555,1.38563,1.31,2.62
2014.09.12 06:29:32.941,1.38555,1.38561,1.31,1.50
2014.09.12 06:29:33.498,1.38554,1.38561,5.06,1.50
2014.09.12 06:29:34.821,1.38554,1.38561,4.31,1.00
2014.09.12 06:29:34.922,1.38557,1.38564,1.31,1.00
2014.09.12 06:29:35.024,1.38559,1.38565,1.12,1.25
2014.09.12 06:29:35.327,1.38562,1.38567,1.50,1.00
2014.09.12 06:29:35.378,1.38562,1.3857,1.50,1.19
2014.09.12 06:29:35.832,1.38562,1.38569,4.12,1.69
2014.09.12 06:29:36.136,1.38567,1.3857,1.50,1.00
2014.09.12 06:29:36.187,1.38567,1.38574,1.50,4.31
2014.09.12 06:29:36.691,1.38567,1.38574,1.00,1.00
2014.09.12 06:29:37.045,1.38568,1.38576,1.62,1.69
2014.09.12 06:29:37.348,1.3857,1.38577,1.87,1.50
2014.09.12 06:29:37.602,1.38573,1.3858,1.87,1.25
2014.09.12 06:29:37.653,1.38574,1.38581,1.37,1.31
2014.09.12 06:29:38.209,1.38574,1.38581,1.12,1.25
2014.09.12 06:29:39.065,1.38573,1.3858,1.19,1.00
2014.09.12 06:29:39.409,1.38572,1.38577,1.69,2.25
2014.09.12 06:29:39.612,1.38569,1.38575,1.31,1.50
2014.09.12 06:29:40.981,1.38568,1.38575,1.69,1.50
2014.09.12 06:29:41.236,1.38566,1.38573,2.06,1.00
2014.09.12 06:29:41.540,1.38569,1.38575,1.00,2.25
2014.09.12 06:29:41.591,1.38569,1.38577,1.50,1.50
2014.09.12 06:29:41.692,1.38571,1.38577,1.00,1.00
2014.09.12 06:29:41.895,1.38573,1.3858,1.50,2.14
2014.09.12 06:29:42.098,1.38572,1.38577,4.31,1.00
2014.09.12 06:29:42.351,1.3857,1.38576,2.44,1.00
2014.09.12 06:29:42.452,1.38568,1.38574,2.44,1.00
2014.09.12 06:29:43.454,1.38567,1.38574,1.00,1.00
2014.09.12 06:29:44.052,1.38566,1.38574,1.25,2.25
2014.09.12 06:29:44.103,1.38565,1.38572,2.44,1.00
2014.09.12 06:29:44.407,1.38565,1.38569,1.19,1.50
2014.09.12 06:29:44.559,1.38562,1.38568,1.25,1.00
2014.09.12 06:29:44.711,1.38561,1.38566,1.00,1.00
2014.09.12 06:29:44.862,1.38559,1.38565,1.25,1.00
2014.09.12 06:29:45.367,1.38557,1.38564,1.19,1.00
2014.09.12 06:29:45.845,1.38556,1.38564,1.25,1.37
2014.09.12 06:29:46.048,1.38555,1.38561,1.00,1.00
2014.09.12 06:29:46.352,1.38553,1.38558,1.25,1.00
2014.09.12 06:29:46.706,1.38551,1.3856,1.69,3.75
2014.09.12 06:29:46.909,1.38556,1.38561,1.00,2.25
2014.09.12 06:29:47.112,1.38557,1.38565,1.50,1.50
2014.09.12 06:29:47.956,1.38557,1.38566,1.50,2.44
2014.09.12 06:29:49.077,1.38557,1.38566,1.69,2.44
2014.09.12 06:29:50.558,1.38557,1.38566,2.06,1.87
2014.09.12 06:29:50.912,1.38556,1.38564,2.81,1.00
2014.09.12 06:29:51.215,1.3856,1.38565,1.87,1.00
2014.09.12 06:29:52.506,1.38561,1.38565,1.00,1.00
2014.09.12 06:29:52.557,1.38561,1.38568,1.37,1.25
2014.09.12 06:29:53.093,1.38562,1.38569,1.87,4.69
2014.09.12 06:29:53.532,1.38561,1.38567,1.00,1.12
2014.09.12 06:29:53.835,1.38558,1.38564,1.00,2.25
2014.09.12 06:29:54.341,1.38558,1.38565,1.50,2.44
2014.09.12 06:29:54.745,1.38558,1.38563,1.00,1.00
2014.09.12 06:29:55.048,1.38555,1.3856,1.12,1.50
2014.09.12 06:29:55.201,1.38553,1.3856,2.62,1.50
2014.09.12 06:29:55.554,1.38553,1.3856,2.62,1.50
2014.09.12 06:29:56.771,1.38554,1.38563,1.87,5.06
2014.09.12 06:29:57.024,1.38553,1.3856,2.62,1.00
2014.09.12 06:29:57.633,1.38553,1.38561,2.62,1.50
2014.09.12 06:29:58.260,1.38553,1.3856,2.44,1.00
2014.09.12 06:29:58.808,1.38553,1.38558,1.25,1.00
2014.09.12 06:29:58.960,1.38551,1.38557,1.00,1.00
2014.09.12 06:29:59.213,1.38553,1.38557,1.00,1.00
2014.09.12 06:29:59.264,1.38553,1.38559,1.50,1.00
2014.09.12 06:29:59.365,1.38556,1.38561,1.00,1.00
2014.09.12 06:29:59.501,1.38558,1.38564,1.50,1.00
2014.09.12 06:29:59.653,1.3856,1.38565,1.50,1.00
2014.09.12 06:30:00.159,1.38559,1.38566,1.00,1.00
2014.09.12 06:30:00.463,1.38557,1.38564,1.69,1.87
2014.09.12 06:30:00.968,1.38556,1.38563,1.19,1.00
2014.09.12 06:30:01.476,1.38556,1.38563,1.00,1.00
2014.09.12 06:30:02.158,1.38556,1.38563,1.00,2.25
2014.09.12 06:30:03.385,1.38556,1.38563,1.00,1.87
2014.09.12 06:30:04.659,1.38555,1.38564,1.50,4.69
2014.09.12 06:30:04.962,1.38561,1.38566,1.50,3.19
2014.09.12 06:30:05.164,1.38561,1.38566,1.00,1.00
2014.09.12 06:30:05.266,1.38559,1.38563,1.00,1.00
2014.09.12 06:30:05.569,1.38557,1.38564,3.19,1.12
2014.09.12 06:30:06.080,1.38556,1.38563,2.44,1.50
2014.09.12 06:30:06.585,1.38555,1.38563,2.44,1.50
2014.09.12 06:30:07.090,1.38555,1.38561,1.19,2.62
2014.09.12 06:30:07.393,1.38554,1.38561,1.25,3.00
2014.09.12 06:30:07.898,1.38555,1.38561,1.12,1.00
2014.09.12 06:30:09.582,1.38555,1.38563,3.75,1.69
2014.09.12 06:30:09.683,1.38557,1.38563,1.00,1.31
2014.09.12 06:30:09.986,1.38562,1.38564,1.00,1.00
2014.09.12 06:30:10.441,1.38563,1.3857,1.00,3.19
2014.09.12 06:30:10.643,1.38565,1.38572,1.00,2.25
2014.09.12 06:30:11.148,1.38566,1.38572,1.50,1.50
2014.09.12 06:30:11.551,1.38566,1.38574,1.50,1.31
2014.09.12 06:30:11.753,1.38569,1.38576,1.00,2.62
2014.09.12 06:30:12.171,1.38568,1.38574,1.00,1.00
2014.09.12 06:30:12.691,1.38567,1.38574,1.50,1.50
2014.09.12 06:30:16.092,1.38567,1.38573,1.50,1.00
2014.09.12 06:30:16.395,1.38564,1.38571,3.56,1.00
2014.09.12 06:30:16.597,1.38563,1.3857,1.69,2.25
2014.09.12 06:30:16.648,1.38563,1.38568,1.00,1.50
2014.09.12 06:30:16.901,1.38559,1.38566,3.19,1.50
2014.09.12 06:30:17.997,1.38559,1.38565,3.94,1.00
2014.09.12 06:30:18.201,1.3856,1.38567,1.62,2.25
2014.09.12 06:30:18.504,1.38563,1.3857,1.00,3.19
2014.09.12 06:30:18.605,1.38563,1.3857,1.00,2.44
2014.09.12 06:30:19.116,1.38563,1.38569,1.50,1.00
2014.09.12 06:30:19.648,1.38562,1.38569,3.56,1.50
2014.09.12 06:30:20.203,1.38563,1.38569,1.00,1.00
2014.09.12 06:30:20.709,1.38563,1.3857,1.00,1.50
2014.09.12 06:30:25.307,1.38564,1.3857,1.00,1.00
2014.09.12 06:30:25.409,1.38562,1.38568,3.00,1.00
2014.09.12 06:30:25.712,1.38559,1.38562,1.00,2.25
2014.09.12 06:30:26.016,1.38552,1.38558,3.07,1.50
2014.09.12 06:30:26.068,1.3855,1.38558,8.25,1.50
2014.09.12 06:30:26.118,1.38549,1.38554,1.50,1.50
2014.09.12 06:30:26.170,1.38547,1.38554,5.25,1.50
2014.09.12 06:30:26.423,1.38545,1.38553,1.87,1.50
2014.09.12 06:30:26.525,1.38544,1.3855,2.62,1.00
2014.09.12 06:30:26.727,1.38545,1.38554,1.12,4.31
2014.09.12 06:30:27.093,1.38548,1.38553,1.00,1.19
2014.09.12 06:30:27.144,1.38548,1.38554,1.00,1.87
2014.09.12 06:30:27.246,1.38549,1.38556,1.00,3.75
2014.09.12 06:30:27.549,1.38551,1.38558,1.00,2.44
2014.09.12 06:30:29.001,1.38552,1.38558,1.00,1.50
2014.09.12 06:30:30.316,1.38551,1.38558,1.69,1.50
2014.09.12 06:30:30.972,1.38552,1.38558,1.00,1.50
2014.09.12 06:30:31.476,1.38551,1.38558,1.69,1.87
2014.09.12 06:30:32.026,1.38551,1.38558,1.69,1.87
2014.09.12 06:30:32.331,1.3855,1.38554,1.19,1.87
2014.09.12 06:30:32.483,1.38548,1.38554,1.25,2.62
2014.09.12 06:30:33.424,1.38547,1.38554,2.44,2.62
2014.09.12 06:30:34.185,1.38547,1.38554,1.69,2.62
2014.09.12 06:30:34.422,1.38543,1.38548,2.25,1.31
2014.09.12 06:30:34.524,1.38541,1.38547,1.00,1.00
2014.09.12 06:30:35.031,1.38538,1.38547,3.19,2.25
2014.09.12 06:30:35.435,1.38538,1.38547,2.44,2.25
2014.09.12 06:30:35.637,1.3854,1.38547,1.50,2.25
2014.09.12 06:30:38.713,1.3854,1.38544,1.50,1.00
2014.09.12 06:30:39.268,1.38539,1.38544,1.87,1.00
2014.09.12 06:30:39.420,1.3854,1.38546,1.00,1.00
2014.09.12 06:30:39.936,1.3854,1.38547,1.12,1.00
2014.09.12 06:30:40.450,1.3854,1.38547,1.25,1.37
2014.09.12 06:30:40.853,1.38542,1.38547,1.00,1.37
2014.09.12 06:30:41.370,1.38542,1.38547,1.00,1.37
2014.09.12 06:30:42.394,1.38542,1.38547,1.00,1.87
2014.09.12 06:30:42.546,1.38541,1.38548,1.50,3.56
2014.09.12 06:30:42.597,1.38543,1.38548,1.00,2.81
2014.09.12 06:30:43.305,1.38541,1.3855,3.19,4.31
2014.09.12 06:30:43.834,1.38541,1.3855,2.44,4.31
2014.09.12 06:30:44.109,1.38541,1.38548,1.69,1.37
2014.09.12 06:30:44.412,1.38541,1.38548,1.31,1.00
2014.09.12 06:30:44.917,1.38541,1.38548,2.44,1.37
2014.09.12 06:30:45.623,1.38541,1.38549,1.50,1.87
2014.09.12 06:30:46.885,1.38542,1.38548,1.00,1.87
2014.09.12 06:30:47.389,1.38542,1.38549,2.44,2.25
2014.09.12 06:30:48.022,1.38542,1.38548,1.25,1.37
2014.09.12 06:30:48.334,1.38539,1.38546,2.44,1.37
2014.09.12 06:30:48.961,1.38539,1.38546,1.69,1.87
2014.09.12 06:30:49.466,1.3854,1.38546,1.50,1.25
2014.09.12 06:30:49.517,1.38541,1.38548,1.00,3.56
2014.09.12 06:30:49.922,1.38541,1.3855,2.81,2.81
2014.09.12 06:30:51.626,1.38541,1.38549,3.19,1.00
2014.09.12 06:30:52.030,1.38545,1.38551,1.00,2.44
2014.09.12 06:30:52.182,1.38546,1.38553,1.50,4.12
2014.09.12 06:30:52.636,1.38545,1.38551,4.87,1.00
2014.09.12 06:30:52.686,1.38545,1.38551,1.50,1.00
2014.09.12 06:30:52.737,1.38543,1.38549,1.50,1.50
2014.09.12 06:30:53.646,1.38543,1.38548,1.00,1.00
2014.09.12 06:30:53.848,1.38541,1.38548,2.44,1.50
2014.09.12 06:30:54.101,1.38541,1.38548,1.00,2.06
2014.09.12 06:30:54.202,1.38539,1.38546,2.25,2.06
2014.09.12 06:30:54.720,1.3854,1.38546,1.00,2.44
2014.09.12 06:30:55.249,1.38539,1.38546,1.50,2.81
2014.09.12 06:30:55.949,1.3854,1.38546,1.00,3.19
2014.09.12 06:30:56.382,1.38539,1.38544,1.50,1.00
2014.09.12 06:30:56.996,1.3854,1.38544,1.00,1.00
2014.09.12 06:30:57.198,1.3854,1.38546,1.00,2.44
2014.09.12 06:30:57.603,1.38541,1.38548,1.87,1.69
2014.09.12 06:30:58.159,1.3854,1.38547,1.25,1.00
2014.09.12 06:30:58.664,1.38541,1.38548,1.00,1.31
2014.09.12 06:30:59.169,1.3854,1.38547,1.25,1.00
2014.09.12 06:31:01.035,1.3854,1.38546,1.00,1.00
2014.09.12 06:31:01.590,1.3854,1.38547,1.00,2.25
2014.09.12 06:31:02.132,1.38541,1.38547,1.12,1.00
2014.09.12 06:31:02.323,1.3854,1.38547,1.50,1.87
2014.09.12 06:31:02.829,1.3854,1.38544,1.00,1.00
2014.09.12 06:31:03.283,1.3854,1.38546,1.00,3.19
2014.09.12 06:31:03.837,1.3854,1.38543,1.00,1.00
2014.09.12 06:31:04.350,1.38539,1.38544,1.50,1.00
2014.09.12 06:31:04.862,1.38539,1.38543,1.50,1.00
2014.09.12 06:31:05.397,1.3854,1.38543,1.00,1.00
2014.09.12 06:31:05.716,1.38539,1.38545,1.50,1.12
2014.09.12 06:31:05.818,1.38539,1.38542,1.50,1.00
2014.09.12 06:31:06.225,1.38539,1.38544,1.00,1.25
2014.09.12 06:31:06.377,1.38539,1.38542,1.00,1.87
2014.09.12 06:31:07.005,1.38539,1.38542,1.00,1.87
2014.09.12 06:31:07.468,1.38536,1.3854,1.00,1.00
2014.09.12 06:31:07.974,1.38539,1.38541,1.00,1.00
2014.09.12 06:31:08.557,1.38539,1.38542,1.00,2.62
2014.09.12 06:31:09.066,1.3854,1.38542,1.00,1.00
2014.09.12 06:31:09.116,1.38539,1.38544,1.00,2.81
2014.09.12 06:31:09.635,1.3854,1.38544,1.00,3.56
2014.09.12 06:31:09.889,1.38539,1.38542,1.00,1.00
2014.09.12 06:31:10.557,1.38539,1.38541,1.00,1.00
2014.09.12 06:31:10.961,1.38536,1.38541,1.00,1.87
2014.09.12 06:31:11.062,1.38533,1.3854,1.00,1.87
2014.09.12 06:31:11.597,1.38532,1.38539,1.19,1.12
2014.09.12 06:31:12.105,1.38531,1.38538,1.69,1.12
2014.09.12 06:31:12.210,1.38531,1.38538,1.25,1.12
2014.09.12 06:31:12.831,1.38532,1.38539,1.50,1.37
2014.09.12 06:31:12.881,1.38532,1.38539,1.87,1.00
2014.09.12 06:31:13.084,1.38536,1.38543,1.87,2.44
2014.09.12 06:31:13.336,1.3854,1.38544,1.00,1.00
2014.09.12 06:31:13.438,1.3854,1.38547,1.50,1.50
2014.09.12 06:31:13.640,1.38542,1.38549,1.50,2.25
2014.09.12 06:31:14.044,1.38544,1.3855,1.00,1.50
2014.09.12 06:31:14.549,1.38545,1.38551,1.50,1.25
2014.09.12 06:31:17.078,1.38544,1.38551,2.06,3.00
2014.09.12 06:31:17.383,1.38542,1.38546,2.81,1.00
2014.09.12 06:31:18.454,1.38542,1.38545,1.00,1.00
2014.09.12 06:31:18.960,1.3854,1.38546,2.44,1.87
2014.09.12 06:31:19.264,1.38539,1.38543,2.25,1.00
2014.09.12 06:31:19.768,1.3854,1.38544,2.25,1.00
2014.09.12 06:31:20.271,1.38539,1.38544,1.00,1.00
2014.09.12 06:31:20.581,1.38539,1.38542,1.00,1.00
2014.09.12 06:31:20.632,1.38539,1.38544,1.00,1.00
2014.09.12 06:31:20.884,1.3854,1.38546,1.00,1.12
2014.09.12 06:31:21.107,1.3854,1.38543,1.00,1.00
2014.09.12 06:31:21.208,1.38539,1.38545,1.00,1.00
2014.09.12 06:31:21.620,1.38539,1.38543,1.00,1.00
2014.09.12 06:31:21.978,1.38539,1.38545,2.25,1.00
2014.09.12 06:31:22.331,1.38539,1.38543,1.00,1.00
2014.09.12 06:31:22.534,1.3854,1.38546,1.00,1.50
2014.09.12 06:31:23.429,1.38539,1.38546,1.00,3.37
2014.09.12 06:31:23.935,1.38539,1.38545,1.69,1.00
2014.09.12 06:31:24.391,1.38539,1.38543,1.25,1.00
2014.09.12 06:31:24.698,1.3854,1.38542,1.00,1.00
2014.09.12 06:31:24.749,1.3854,1.38545,1.00,1.50
2014.09.12 06:31:24.901,1.38541,1.38546,1.87,1.00
2014.09.12 06:31:24.952,1.38541,1.38548,1.87,3.37
2014.09.12 06:31:25.104,1.38543,1.3855,1.37,3.00
2014.09.12 06:31:25.507,1.38546,1.38551,1.00,1.25
2014.09.12 06:31:25.981,1.38544,1.38551,2.25,1.25
2014.09.12 06:31:26.499,1.38545,1.38552,1.00,1.37
2014.09.12 06:31:27.004,1.38545,1.38552,1.12,1.25
2014.09.12 06:31:27.612,1.38546,1.38553,1.00,2.44
2014.09.12 06:31:27.814,1.38548,1.38554,1.00,1.25
2014.09.12 06:31:28.016,1.38549,1.38556,1.69,2.25
2014.09.12 06:31:28.838,1.38549,1.38555,1.25,1.00
2014.09.12 06:31:28.990,1.38548,1.38553,1.00,1.00
2014.09.12 06:31:29.102,1.38545,1.38552,3.56,1.50
2014.09.12 06:31:29.304,1.38545,1.3855,1.25,1.00
2014.09.12 06:31:29.658,1.38547,1.38551,1.00,1.00
2014.09.12 06:31:29.709,1.38547,1.38553,1.00,1.00
2014.09.12 06:31:30.214,1.38548,1.38553,1.00,1.50
2014.09.12 06:31:30.315,1.38546,1.38553,1.50,1.50
2014.09.12 06:31:30.719,1.38545,1.3855,1.00,1.00
2014.09.12 06:31:31.424,1.38544,1.3855,1.00,1.50
2014.09.12 06:31:32.491,1.38544,1.3855,1.00,1.87
2014.09.12 06:31:32.795,1.3854,1.38546,1.69,1.00
2014.09.12 06:31:32.947,1.38542,1.38548,1.00,1.87
2014.09.12 06:31:33.806,1.38542,1.38548,1.00,1.87
2014.09.12 06:31:34.528,1.38542,1.38548,3.00,1.37
2014.09.12 06:31:34.731,1.38545,1.38548,1.00,1.00
2014.09.12 06:31:35.135,1.38543,1.3855,1.50,1.37
2014.09.12 06:31:35.288,1.38543,1.3855,1.50,1.87
2014.09.12 06:31:35.608,1.3854,1.38546,1.00,1.37
2014.09.12 06:31:36.116,1.38539,1.38546,2.81,1.87
2014.09.12 06:31:36.621,1.3854,1.38546,1.00,1.87
2014.09.12 06:31:37.030,1.3854,1.38546,1.50,1.87
2014.09.12 06:31:37.535,1.38541,1.38546,1.00,1.00
2014.09.12 06:31:37.636,1.38539,1.38546,1.50,1.00
2014.09.12 06:31:37.838,1.38541,1.38546,1.00,1.00
2014.09.12 06:31:38.343,1.3854,1.38547,2.81,3.00
2014.09.12 06:31:38.798,1.38543,1.38548,1.00,2.06
2014.09.12 06:31:40.324,1.38543,1.38548,1.00,1.87
2014.09.12 06:31:40.944,1.38543,1.38548,1.00,1.87
2014.09.12 06:31:50.835,1.38542,1.38548,2.25,1.50
2014.09.12 06:31:51.188,1.38544,1.38548,1.00,1.50
2014.09.12 06:31:51.694,1.38544,1.38551,1.50,3.56
2014.09.12 06:31:52.085,1.38542,1.38551,2.62,3.56
2014.09.12 06:31:52.438,1.38541,1.38546,1.00,1.00
2014.09.12 06:31:52.952,1.38541,1.38548,1.00,1.87
2014.09.12 06:31:54.006,1.38541,1.38547,1.50,1.62
2014.09.12 06:31:54.511,1.38542,1.38549,1.00,3.56
2014.09.12 06:31:54.764,1.38542,1.38549,1.00,2.81
2014.09.12 06:31:55.291,1.38543,1.38549,1.00,2.81
2014.09.12 06:31:58.610,1.38542,1.38549,1.00,2.44
2014.09.12 06:31:59.171,1.38542,1.38549,1.50,3.19
2014.09.12 06:32:00.089,1.38543,1.38549,1.00,3.19
2014.09.12 06:32:00.595,1.38543,1.38549,1.00,1.69
2014.09.12 06:32:01.127,1.38544,1.38549,1.00,1.25
2014.09.12 06:32:02.351,1.38543,1.3855,1.50,5.06
2014.09.12 06:32:02.452,1.38545,1.38549,1.00,1.69
2014.09.12 06:32:03.859,1.38543,1.38549,1.00,1.50
2014.09.12 06:32:04.403,1.38541,1.38549,1.69,1.50
2014.09.12 06:32:05.362,1.38541,1.38549,1.50,1.50
2014.09.12 06:32:06.403,1.38542,1.38549,1.00,1.50
2014.09.12 06:32:06.968,1.38541,1.38549,1.00,1.50
2014.09.12 06:32:07.120,1.38541,1.38547,1.00,1.50
2014.09.12 06:32:07.423,1.3854,1.38547,1.25,1.37
2014.09.12 06:32:07.928,1.38539,1.38546,1.50,1.50
2014.09.12 06:32:08.511,1.3854,1.38546,1.50,2.25
2014.09.12 06:32:09.041,1.38539,1.38544,1.00,1.00
2014.09.12 06:32:09.344,1.3854,1.38547,2.25,1.50
2014.09.12 06:32:09.496,1.38543,1.38547,1.00,1.00
2014.09.12 06:32:09.547,1.38543,1.38549,1.50,1.00
2014.09.12 06:32:09.952,1.38546,1.3855,1.00,1.50
2014.09.12 06:32:10.154,1.38546,1.38552,1.00,3.19
2014.09.12 06:32:10.508,1.38548,1.38552,1.00,2.44
2014.09.12 06:32:11.458,1.38546,1.38552,2.25,1.00
2014.09.12 06:32:12.003,1.38547,1.38552,1.00,1.00
2014.09.12 06:32:12.521,1.38546,1.38552,2.25,1.00
2014.09.12 06:32:13.135,1.38547,1.38552,1.00,2.25
2014.09.12 06:32:14.130,1.38545,1.38552,2.81,2.25
2014.09.12 06:32:14.233,1.38548,1.38552,1.00,2.25
2014.09.12 06:32:14.385,1.38548,1.38554,1.00,2.25
2014.09.12 06:32:14.890,1.38548,1.38555,2.25,2.06
2014.09.12 06:32:15.231,1.38548,1.38555,1.87,1.25
2014.09.12 06:32:15.537,1.38551,1.38556,1.00,1.87
2014.09.12 06:32:15.790,1.38549,1.38554,1.00,1.00
2014.09.12 06:32:16.210,1.38547,1.38554,2.25,1.87
2014.09.12 06:32:16.311,1.38547,1.38556,3.00,1.69
2014.09.12 06:32:16.614,1.38547,1.38554,1.50,1.00
2014.09.12 06:32:17.276,1.38549,1.38555,1.00,1.25
2014.09.12 06:32:17.780,1.3855,1.38557,1.50,2.44
2014.09.12 06:32:18.284,1.38549,1.38556,2.25,1.50
2014.09.12 06:32:18.789,1.3855,1.38555,1.50,1.00
2014.09.12 06:32:18.941,1.3855,1.38557,1.00,1.00
2014.09.12 06:32:19.446,1.38551,1.38558,1.50,3.19
2014.09.12 06:32:20.766,1.38551,1.38557,1.00,1.00
2014.09.12 06:32:21.280,1.3855,1.38557,2.81,1.50
2014.09.12 06:32:21.812,1.3855,1.38557,2.06,1.50
2014.09.12 06:32:22.317,1.38552,1.38558,1.00,1.50
2014.09.12 06:32:23.176,1.38553,1.38558,1.50,1.50
2014.09.12 06:32:23.681,1.38553,1.38557,1.00,1.00
2014.09.12 06:32:23.782,1.38551,1.38557,1.00,1.50
2014.09.12 06:32:24.287,1.3855,1.38556,1.69,1.00
2014.09.12 06:32:26.286,1.3855,1.38557,2.25,2.44
2014.09.12 06:32:26.540,1.38553,1.38557,1.12,1.00
2014.09.12 06:32:26.641,1.38555,1.3856,1.50,1.00
2014.09.12 06:32:27.197,1.38556,1.3856,1.00,1.00
2014.09.12 06:32:27.248,1.38556,1.38563,1.00,1.00
2014.09.12 06:32:27.760,1.38556,1.38562,1.69,1.00
2014.09.12 06:32:28.270,1.38556,1.38563,1.69,1.00
2014.09.12 06:32:29.573,1.38556,1.38563,1.62,1.00
2014.09.12 06:32:29.624,1.3856,1.38565,1.25,2.25
2014.09.12 06:32:29.927,1.38562,1.38565,1.25,1.00
2014.09.12 06:32:29.978,1.38562,1.38569,1.25,1.00
2014.09.12 06:32:30.491,1.38563,1.3857,1.00,1.69
2014.09.12 06:32:31.023,1.38562,1.38569,3.19,1.87
2014.09.12 06:32:33.857,1.38562,1.38569,1.87,1.50
2014.09.12 06:32:34.362,1.38564,1.3857,1.87,1.00
2014.09.12 06:32:34.878,1.38564,1.38571,1.87,2.44
2014.09.12 06:32:35.428,1.38564,1.3857,1.87,1.00
2014.09.12 06:32:35.937,1.38564,1.38571,1.87,1.50
2014.09.12 06:32:37.592,1.38565,1.38572,1.00,1.50
2014.09.12 06:32:37.794,1.38565,1.38572,1.37,1.12
2014.09.12 06:32:38.046,1.38567,1.38574,1.00,1.25
2014.09.12 06:32:38.581,1.38565,1.38574,3.56,2.06
2014.09.12 06:32:38.682,1.38565,1.38572,3.56,1.00
2014.09.12 06:32:38.986,1.38563,1.38567,1.00,1.87
2014.09.12 06:32:40.083,1.3856,1.38567,1.50,1.50
2014.09.12 06:32:40.379,1.38562,1.38567,1.00,1.50
2014.09.12 06:32:40.883,1.38561,1.38568,1.37,1.12
2014.09.12 06:32:42.443,1.38561,1.38568,1.31,1.12
2014.09.12 06:32:43.000,1.38562,1.38569,1.00,1.31
2014.09.12 06:32:44.050,1.38562,1.38569,2.06,1.00
2014.09.12 06:32:44.556,1.38563,1.3857,2.81,1.00
2014.09.12 06:32:45.068,1.38563,1.38569,1.25,1.00
2014.09.12 06:32:45.320,1.38561,1.38569,1.69,1.69
2014.09.12 06:32:45.623,1.3856,1.38567,3.75,1.12
2014.09.12 06:32:45.926,1.38558,1.38564,1.62,1.00
2014.09.12 06:32:46.819,1.38559,1.38565,1.00,1.31
2014.09.12 06:32:48.354,1.3856,1.38566,1.00,2.06
2014.09.12 06:32:48.862,1.38559,1.38566,3.00,2.06
2014.09.12 06:32:49.399,1.3856,1.38567,1.00,1.31
2014.09.12 06:32:49.702,1.3856,1.38569,3.00,2.62
2014.09.12 06:32:50.581,1.38562,1.38568,1.87,1.00
2014.09.12 06:32:51.086,1.38561,1.38567,2.06,1.00
2014.09.12 06:32:54.144,1.38561,1.38568,2.44,1.50
2014.09.12 06:32:55.159,1.38561,1.38567,1.00,1.37
2014.09.12 06:32:55.361,1.38559,1.38566,3.00,3.75
2014.09.12 06:32:55.867,1.3856,1.38567,1.50,1.00
2014.09.12 06:32:57.268,1.38561,1.38568,1.50,4.50
2014.09.12 06:32:58.170,1.38559,1.38568,3.19,3.75
2014.09.12 06:32:58.736,1.38559,1.38568,3.19,4.69
2014.09.12 06:32:59.278,1.38559,1.38568,3.19,5.06
2014.09.12 06:32:59.783,1.38561,1.38566,1.00,1.00
2014.09.12 06:32:59.884,1.38561,1.38568,1.00,1.69
2014.09.12 06:33:02.458,1.38561,1.38568,1.00,1.62
2014.09.12 06:33:02.959,1.3856,1.38567,1.69,1.12
2014.09.12 06:33:03.469,1.3856,1.38567,1.50,2.44
2014.09.12 06:33:04.490,1.3856,1.38567,2.25,2.81
2014.09.12 06:33:06.123,1.3856,1.38566,2.25,1.00
2014.09.12 06:33:06.628,1.3856,1.38565,1.00,1.12
2014.09.12 06:33:07.284,1.38559,1.38564,1.00,1.12
2014.09.12 06:33:07.486,1.38559,1.38561,1.00,1.31
2014.09.12 06:33:07.537,1.38555,1.38561,1.12,2.06
2014.09.12 06:33:07.588,1.38555,1.38561,1.00,2.06
2014.09.12 06:33:07.867,1.3855,1.38556,1.12,1.00
2014.09.12 06:33:08.019,1.3855,1.38554,1.00,1.50
2014.09.12 06:33:08.374,1.3855,1.38554,1.00,4.76
2014.09.12 06:33:08.677,1.38549,1.38551,1.00,1.00
2014.09.12 06:33:09.194,1.38548,1.38551,1.00,1.50
2014.09.12 06:33:09.738,1.38549,1.38551,1.00,1.00
2014.09.12 06:33:10.246,1.38548,1.38551,1.00,1.50
2014.09.12 06:33:10.785,1.38548,1.38552,1.00,1.69
2014.09.12 06:33:11.364,1.3855,1.38552,1.00,1.50
2014.09.12 06:33:11.722,1.38546,1.3855,1.12,1.00
2014.09.12 06:33:12.302,1.38549,1.3855,1.00,1.00
2014.09.12 06:33:13.206,1.38549,1.38551,1.00,1.00
2014.09.12 06:33:13.800,1.38549,1.38551,1.00,1.00
2014.09.12 06:33:14.326,1.38549,1.38551,1.00,1.00
2014.09.12 06:33:14.842,1.38549,1.38551,1.00,1.00
2014.09.12 06:33:14.999,1.38549,1.38553,1.00,1.69
2014.09.12 06:33:15.510,1.38549,1.38552,1.00,1.00
2014.09.12 06:33:15.663,1.3855,1.38554,1.00,1.00
2014.09.12 06:33:16.018,1.3855,1.38556,1.00,3.37
2014.09.12 06:33:16.524,1.38549,1.38556,1.00,3.75
2014.09.12 06:33:17.060,1.3855,1.38556,1.00,3.37
2014.09.12 06:33:17.571,1.38549,1.38555,1.69,1.12
2014.09.12 06:33:18.081,1.3855,1.38552,1.00,1.00
2014.09.12 06:33:18.387,1.38547,1.38549,1.00,1.12
2014.09.12 06:33:18.439,1.38547,1.38549,1.00,1.50
2014.09.12 06:33:18.944,1.38545,1.38548,1.00,1.50
2014.09.12 06:33:19.197,1.38541,1.38548,1.69,1.87
2014.09.12 06:33:20.652,1.38541,1.38547,1.69,1.00
2014.09.12 06:33:21.222,1.38541,1.38548,1.69,1.87
2014.09.12 06:33:22.340,1.38542,1.38548,1.00,1.69
2014.09.12 06:33:22.694,1.38544,1.3855,1.00,2.25
2014.09.12 06:33:23.199,1.38545,1.38552,1.00,1.69
2014.09.12 06:33:23.704,1.38545,1.38552,1.12,1.25
2014.09.12 06:33:24.008,1.38549,1.38555,1.50,1.50
2014.09.12 06:33:24.311,1.38551,1.38555,1.69,1.00
2014.09.12 06:33:24.816,1.38552,1.38555,1.00,1.00
2014.09.12 06:33:25.018,1.38551,1.38558,1.25,1.00
2014.09.12 06:33:26.149,1.38551,1.38556,1.00,1.00
2014.09.12 06:33:26.453,1.38549,1.38553,1.31,1.00
2014.09.12 06:33:26.605,1.38548,1.38552,1.69,1.00
2014.09.12 06:33:26.756,1.38546,1.38549,1.00,1.00
2014.09.12 06:33:26.959,1.38543,1.38547,1.50,1.00
2014.09.12 06:33:27.262,1.38542,1.38545,2.25,1.50
2014.09.12 06:33:27.313,1.3854,1.38545,1.25,1.50
2014.09.12 06:33:27.818,1.3854,1.38546,1.25,1.00
2014.09.12 06:33:28.324,1.38541,1.38547,1.50,1.00
2014.09.12 06:33:28.831,1.38541,1.38547,2.44,1.00
2014.09.12 06:33:28.982,1.38541,1.38545,2.44,1.00
2014.09.12 06:33:29.084,1.3854,1.38544,1.50,1.00
2014.09.12 06:33:29.589,1.38539,1.38544,1.25,1.50
2014.09.12 06:33:30.136,1.3854,1.38544,1.00,1.00
2014.09.12 06:33:30.581,1.38539,1.38546,2.25,3.00
2014.09.12 06:33:30.834,1.3854,1.38543,1.00,1.00
2014.09.12 06:33:31.087,1.38531,1.38536,1.00,1.19
2014.09.12 06:33:31.188,1.3853,1.38534,1.00,1.19
2014.09.12 06:33:31.593,1.38528,1.38534,1.50,1.19
2014.09.12 06:33:31.695,1.38528,1.38535,1.50,1.25
2014.09.12 06:33:32.200,1.38528,1.38534,2.25,1.00
2014.09.12 06:33:32.655,1.3853,1.38536,1.00,3.94
2014.09.12 06:33:32.806,1.3853,1.38537,1.50,1.50
2014.09.12 06:33:33.311,1.38529,1.38536,3.94,1.50
2014.09.12 06:33:33.987,1.38531,1.38536,1.00,1.00
2014.09.12 06:33:34.068,1.38531,1.38538,1.00,1.12
2014.09.12 06:33:34.574,1.38532,1.38538,1.00,1.00
2014.09.12 06:33:34.625,1.38534,1.38541,1.00,3.94
2014.09.12 06:33:35.131,1.38532,1.38539,1.69,1.00
2014.09.12 06:33:35.233,1.38532,1.38539,1.25,1.12
2014.09.12 06:33:35.385,1.38531,1.38537,1.69,1.12
2014.09.12 06:33:35.739,1.3853,1.38537,1.25,1.87
2014.09.12 06:33:35.791,1.3853,1.38537,1.25,1.87
2014.09.12 06:33:36.297,1.38529,1.38534,1.00,1.00
2014.09.12 06:33:36.809,1.3853,1.38533,1.50,1.00
2014.09.12 06:33:37.129,1.38528,1.38533,3.75,1.00
2014.09.12 06:33:37.648,1.38528,1.38532,3.00,1.00
2014.09.12 06:33:37.916,1.38528,1.38534,3.00,1.69
2014.09.12 06:33:38.421,1.38528,1.38534,1.50,1.69
2014.09.12 06:33:38.939,1.38529,1.38534,1.50,1.69
2014.09.12 06:33:39.450,1.38528,1.38533,2.25,1.25
2014.09.12 06:33:40.642,1.38529,1.38534,1.00,1.69
2014.09.12 06:33:41.150,1.3853,1.38533,1.00,1.25
2014.09.12 06:33:41.675,1.3853,1.38534,1.00,1.00
2014.09.12 06:33:42.189,1.38529,1.38534,3.00,1.00
2014.09.12 06:33:42.745,1.3853,1.38535,1.50,1.00
2014.09.12 06:33:42.998,1.3853,1.38533,1.00,1.00
2014.09.12 06:33:43.520,1.38529,1.38534,3.00,1.00
2014.09.12 06:33:44.132,1.3853,1.38534,1.00,1.00
2014.09.12 06:33:44.488,1.3853,1.38536,1.00,3.19
2014.09.12 06:33:44.590,1.3853,1.38536,1.50,2.81
2014.09.12 06:33:44.692,1.3853,1.38536,1.50,1.69
2014.09.12 06:33:45.482,1.38531,1.38537,1.00,1.12
2014.09.12 06:33:45.684,1.38534,1.38538,1.00,1.31
2014.09.12 06:33:45.987,1.38537,1.38539,1.50,1.00
2014.09.12 06:33:46.694,1.38537,1.38543,2.25,1.19
2014.09.12 06:33:46.795,1.38537,1.38544,2.25,2.06
2014.09.12 06:33:47.300,1.38538,1.38545,1.50,1.19
2014.09.12 06:33:47.451,1.3854,1.38546,1.37,1.25
2014.09.12 06:33:47.869,1.38541,1.38548,1.00,1.25
2014.09.12 06:33:48.020,1.3854,1.38546,3.00,1.25
2014.09.12 06:33:48.525,1.38539,1.38545,1.00,1.00
2014.09.12 06:33:49.031,1.38538,1.38543,1.00,1.00
2014.09.12 06:33:49.081,1.38536,1.38543,1.25,2.25
2014.09.12 06:33:49.385,1.38535,1.3854,1.69,1.00
2014.09.12 06:33:49.587,1.38535,1.38542,1.69,1.50
2014.09.12 06:33:49.790,1.38538,1.38545,1.00,2.81
2014.09.12 06:33:50.294,1.38537,1.38543,1.50,2.44
2014.09.12 06:33:50.699,1.38535,1.38542,1.25,1.00
2014.09.12 06:33:50.750,1.38535,1.38542,1.25,2.25
2014.09.12 06:33:51.053,1.38532,1.38538,1.00,1.12
2014.09.12 06:33:51.457,1.38532,1.38538,1.00,1.87
2014.09.12 06:33:51.983,1.38531,1.38538,2.25,2.06
2014.09.12 06:33:52.373,1.38531,1.38536,1.50,1.37
2014.09.12 06:33:52.677,1.38526,1.38529,1.69,1.50
2014.09.12 06:33:52.983,1.38524,1.38527,1.19,1.50
2014.09.12 06:33:53.034,1.38524,1.38529,1.19,1.00
2014.09.12 06:33:53.085,1.38523,1.3853,1.00,3.75
2014.09.12 06:33:53.187,1.38525,1.38531,1.00,3.94
2014.09.12 06:33:53.495,1.38527,1.38533,1.31,1.00
2014.09.12 06:33:53.799,1.3853,1.38537,1.12,1.69
2014.09.12 06:33:53.900,1.38532,1.38538,1.00,1.00
2014.09.12 06:33:54.306,1.38533,1.38539,2.70,1.00
2014.09.12 06:33:54.816,1.38535,1.38541,1.87,1.19
2014.09.12 06:33:54.918,1.38536,1.38543,1.00,2.25
2014.09.12 06:33:55.423,1.38537,1.38544,1.50,1.69
2014.09.12 06:33:57.253,1.38537,1.38544,1.00,2.25
2014.09.12 06:33:57.759,1.38536,1.38543,2.25,1.50
2014.09.12 06:33:58.062,1.38535,1.38541,1.12,1.37
2014.09.12 06:33:58.365,1.38528,1.38533,1.50,1.25
2014.09.12 06:33:58.416,1.38526,1.38533,1.00,1.69
2014.09.12 06:33:58.467,1.38527,1.38533,1.00,3.19
2014.09.12 06:33:58.972,1.38526,1.38531,1.00,1.00
2014.09.12 06:33:59.275,1.38526,1.38533,1.00,2.44
2014.09.12 06:33:59.780,1.38527,1.38533,1.00,1.69
2014.09.12 06:33:59.949,1.38529,1.38533,1.00,1.69
2014.09.12 06:34:00.457,1.38528,1.38533,1.00,1.25
2014.09.12 06:34:00.760,1.38523,1.38529,3.00,1.50
2014.09.12 06:34:00.811,1.38523,1.38527,2.25,1.00
2014.09.12 06:34:01.216,1.3852,1.38526,1.19,1.05
2014.09.12 06:34:02.193,1.38522,1.38526,1.00,1.05
2014.09.12 06:34:02.294,1.38524,1.38529,1.50,1.42
2014.09.12 06:34:02.345,1.38527,1.38531,1.50,1.12
2014.09.12 06:34:02.396,1.38528,1.38531,1.50,1.12
2014.09.12 06:34:02.548,1.38526,1.38529,3.00,1.00
2014.09.12 06:34:02.650,1.38526,1.38531,1.50,1.50
2014.09.12 06:34:03.478,1.38525,1.38531,2.25,1.50
2014.09.12 06:34:03.832,1.38527,1.38532,1.00,1.00
2014.09.12 06:34:04.034,1.38527,1.38534,3.19,3.00
2014.09.12 06:34:04.539,1.38528,1.38535,1.50,3.56
2014.09.12 06:34:05.059,1.38529,1.38536,1.00,2.81
2014.09.12 06:34:05.617,1.38528,1.38535,1.69,1.00
2014.09.12 06:34:06.098,1.3853,1.38537,1.12,2.06
2014.09.12 06:34:06.503,1.3853,1.38538,3.19,2.06
2014.09.12 06:34:07.013,1.38531,1.38538,1.00,1.25
2014.09.12 06:34:09.862,1.38531,1.38539,1.12,1.12
2014.09.12 06:34:10.374,1.38532,1.38539,2.25,1.87
2014.09.12 06:34:10.947,1.38533,1.38539,1.00,1.31
2014.09.12 06:34:11.453,1.38534,1.38541,1.00,1.62
2014.09.12 06:34:11.705,1.38533,1.3854,1.25,1.50
2014.09.12 06:34:12.229,1.38533,1.3854,1.00,1.69
2014.09.12 06:34:12.534,1.38537,1.38544,1.50,5.32
2014.09.12 06:34:12.837,1.38541,1.38547,1.00,1.19
2014.09.12 06:34:13.011,1.38541,1.38548,1.00,1.00
2014.09.12 06:34:16.424,1.38545,1.38548,1.00,1.25
2014.09.12 06:34:16.727,1.38545,1.3855,1.00,1.25
2014.09.12 06:34:17.182,1.38543,1.38548,1.00,1.00
2014.09.12 06:34:17.687,1.38544,1.38548,1.00,1.00
2014.09.12 06:34:17.839,1.38542,1.38548,1.25,1.00
2014.09.12 06:34:18.243,1.38542,1.38546,1.00,1.00
2014.09.12 06:34:18.547,1.38539,1.38543,1.00,1.00
2014.09.12 06:34:19.001,1.3854,1.38541,1.00,1.00
2014.09.12 06:34:19.312,1.38538,1.38541,1.00,1.00
2014.09.12 06:34:19.625,1.3854,1.38543,1.00,1.00
2014.09.12 06:34:20.106,1.38539,1.38545,1.37,2.81
2014.09.12 06:34:20.157,1.38542,1.38545,1.12,2.44
2014.09.12 06:34:20.663,1.38543,1.38545,1.00,2.25
2014.09.12 06:34:21.173,1.38542,1.38545,1.00,1.50
2014.09.12 06:34:21.279,1.38539,1.38545,2.81,1.50
2014.09.12 06:34:21.483,1.38541,1.38545,1.12,1.00
2014.09.12 06:34:21.584,1.38541,1.38547,1.12,1.25
2014.09.12 06:34:21.736,1.38543,1.38548,1.00,1.00
2014.09.12 06:34:22.241,1.38542,1.38549,1.87,1.25
2014.09.12 06:34:23.305,1.38542,1.38548,2.06,1.00
2014.09.12 06:34:23.810,1.38541,1.38548,2.06,1.50
2014.09.12 06:34:24.164,1.3854,1.38546,3.75,1.00
2014.09.12 06:34:24.467,1.38538,1.38542,1.00,1.50
2014.09.12 06:34:24.569,1.38535,1.38542,6.94,1.50
2014.09.12 06:34:25.589,1.38535,1.38542,2.25,1.50
2014.09.12 06:34:26.199,1.38535,1.38538,3.00,1.00
2014.09.12 06:34:26.504,1.38534,1.38536,1.00,1.00
2014.09.12 06:34:26.706,1.3853,1.38537,1.25,1.50
2014.09.12 06:34:26.757,1.3853,1.38535,1.25,1.00
2014.09.12 06:34:27.076,1.3853,1.38533,1.00,1.00
2014.09.12 06:34:27.656,1.38526,1.38533,1.25,1.00
2014.09.12 06:34:28.539,1.38526,1.38533,2.06,1.50
2014.09.12 06:34:28.691,1.3853,1.38533,1.00,1.00
2014.09.12 06:34:28.742,1.3853,1.38536,1.00,1.00
2014.09.12 06:34:29.246,1.38532,1.38537,1.00,1.00
2014.09.12 06:34:29.348,1.3853,1.38537,3.19,1.00
2014.09.12 06:34:29.903,1.3853,1.38536,2.44,1.00
2014.09.12 06:34:30.004,1.38529,1.38532,2.44,1.00
2014.09.12 06:34:30.310,1.38526,1.38528,1.00,1.00
2014.09.12 06:34:30.714,1.38522,1.38525,2.69,1.00
2014.09.12 06:34:30.866,1.38519,1.38525,3.00,1.00
2014.09.12 06:34:30.967,1.38523,1.38527,1.50,3.00
2014.09.12 06:34:31.119,1.3852,1.38527,1.00,3.75
2014.09.12 06:34:31.170,1.3852,1.38523,1.00,1.00
2014.09.12 06:34:31.271,1.38521,1.38527,1.00,3.00
2014.09.12 06:34:31.473,1.3852,1.38525,2.25,1.00
2014.09.12 06:34:31.979,1.3852,1.38527,3.00,3.19
2014.09.12 06:34:32.741,1.38521,1.38527,1.50,1.25
2014.09.12 06:34:34.875,1.38522,1.38526,1.00,1.00
2014.09.12 06:34:35.179,1.38528,1.38535,1.50,4.31
2014.09.12 06:34:35.684,1.38528,1.38536,1.50,1.69
2014.09.12 06:34:36.945,1.3853,1.38535,1.00,1.00
2014.09.12 06:34:37.778,1.3853,1.38536,1.50,1.87
2014.09.12 06:34:38.384,1.3853,1.38535,1.50,1.00
2014.09.12 06:34:38.688,1.38533,1.38538,1.00,3.00
2014.09.12 06:34:38.891,1.38535,1.38541,1.50,3.00
2014.09.12 06:34:38.942,1.38537,1.38541,1.00,3.00
2014.09.12 06:34:39.296,1.38537,1.38544,1.50,3.56
2014.09.12 06:34:39.801,1.38538,1.38544,1.50,1.31
2014.09.12 06:34:40.442,1.38537,1.38544,1.00,1.37
2014.09.12 06:34:41.185,1.38537,1.38542,1.00,1.00
2014.09.12 06:34:42.149,1.38537,1.38544,1.00,1.37
2014.09.12 06:34:43.934,1.38537,1.38542,1.00,1.00
2014.09.12 06:34:44.439,1.38537,1.38543,1.00,1.00
2014.09.12 06:34:46.690,1.38538,1.38544,1.00,1.31
2014.09.12 06:34:47.195,1.38537,1.38544,1.25,1.12
2014.09.12 06:34:48.355,1.38537,1.38544,1.62,1.00
2014.09.12 06:34:49.357,1.38537,1.38545,2.81,1.25
2014.09.12 06:34:49.509,1.38537,1.38546,2.81,3.56
2014.09.12 06:34:49.561,1.38539,1.38546,1.00,2.81
2014.09.12 06:34:50.260,1.38539,1.38547,2.06,1.25
2014.09.12 06:34:51.505,1.38538,1.38547,1.69,1.69
2014.09.12 06:34:52.011,1.38541,1.38546,1.00,1.50
2014.09.12 06:34:52.112,1.38536,1.38545,1.69,1.69
2014.09.12 06:34:52.677,1.38536,1.38545,2.06,1.69
2014.09.12 06:34:53.206,1.38536,1.38545,2.62,1.25
2014.09.12 06:34:54.395,1.38536,1.38546,2.81,3.19
2014.09.12 06:34:54.799,1.38539,1.38546,4.01,1.00
2014.09.12 06:34:55.102,1.38544,1.38547,1.12,1.00
2014.09.12 06:34:56.224,1.38542,1.38546,1.50,1.00
2014.09.12 06:34:56.577,1.38541,1.38544,1.00,1.00
2014.09.12 06:34:57.116,1.3854,1.38543,1.00,1.50
2014.09.12 06:34:57.167,1.38536,1.38543,2.25,1.50
2014.09.12 06:34:59.220,1.38536,1.38543,1.87,1.25
2014.09.12 06:34:59.524,1.38539,1.38545,1.00,2.44
2014.09.12 06:34:59.726,1.38539,1.38547,1.50,1.19
2014.09.12 06:34:59.777,1.38541,1.38548,2.25,4.31
2014.09.12 06:35:00.030,1.38539,1.38546,3.75,1.25
2014.09.12 06:35:00.536,1.38538,1.38546,1.50,1.25
2014.09.12 06:35:01.042,1.38538,1.38545,1.50,1.69
2014.09.12 06:35:01.194,1.38538,1.38545,1.50,5.51
2014.09.12 06:35:01.346,1.38536,1.38544,3.00,1.31
2014.09.12 06:35:01.853,1.38536,1.38543,1.50,1.50
2014.09.12 06:35:02.492,1.38536,1.38542,1.00,1.00
2014.09.12 06:35:03.020,1.38535,1.38541,1.00,2.25
2014.09.12 06:35:03.541,1.38534,1.38541,1.00,2.25
2014.09.12 06:35:04.046,1.38532,1.38541,3.56,3.00
2014.09.12 06:35:06.060,1.38534,1.38541,1.50,1.25
2014.09.12 06:35:06.464,1.38536,1.38543,1.00,1.87
2014.09.12 06:35:06.969,1.38537,1.38542,1.00,1.00
2014.09.12 06:35:07.475,1.38535,1.3854,1.00,1.00
2014.09.12 06:35:07.982,1.38535,1.38539,1.00,1.12
2014.09.12 06:35:08.487,1.38533,1.3854,1.87,3.19
2014.09.12 06:35:09.020,1.38534,1.38541,2.25,1.69
2014.09.12 06:35:09.539,1.38533,1.3854,2.81,1.00
2014.09.12 06:35:10.045,1.38534,1.3854,1.50,1.50
2014.09.12 06:35:11.080,1.38534,1.38541,1.50,1.50
2014.09.12 06:35:14.164,1.38535,1.38541,1.00,1.50
2014.09.12 06:35:14.676,1.38536,1.38542,1.00,1.69
2014.09.12 06:35:15.195,1.38535,1.38542,2.25,1.69
2014.09.12 06:35:15.762,1.38535,1.38541,1.00,1.00
2014.09.12 06:35:16.270,1.38533,1.3854,1.87,1.50
2014.09.12 06:35:16.818,1.38533,1.38539,1.37,1.00
2014.09.12 06:35:17.503,1.38533,1.3854,1.37,1.50
2014.09.12 06:35:18.013,1.38533,1.3854,1.12,1.50
2014.09.12 06:35:18.555,1.38532,1.38539,1.87,1.69
2014.09.12 06:35:19.074,1.38532,1.38539,1.87,2.06
2014.09.12 06:35:19.631,1.38531,1.38539,2.62,2.06
2014.09.12 06:35:20.151,1.38532,1.38539,1.00,2.06
2014.09.12 06:35:20.686,1.38532,1.38538,1.00,1.00
2014.09.12 06:35:23.298,1.38531,1.38539,1.50,2.44
2014.09.12 06:35:24.476,1.38531,1.38539,1.50,2.81
2014.09.12 06:35:24.781,1.38523,1.38528,1.15,1.87
2014.09.12 06:35:24.832,1.38522,1.38527,1.69,1.87
2014.09.12 06:35:25.186,1.3852,1.38527,1.50,1.19
2014.09.12 06:35:25.441,1.38522,1.38528,1.00,1.69
2014.09.12 06:35:25.492,1.38522,1.38528,1.50,1.00
2014.09.12 06:35:26.000,1.38523,1.3853,1.50,1.69
2014.09.12 06:35:26.536,1.38523,1.3853,1.00,1.00
2014.09.12 06:35:26.738,1.38525,1.38531,1.00,1.69
2014.09.12 06:35:27.041,1.38529,1.38534,1.00,2.25
2014.09.12 06:35:27.496,1.38529,1.38536,2.25,2.44
2014.09.12 06:35:28.766,1.3853,1.38537,1.00,2.81
2014.09.12 06:35:29.294,1.3853,1.38537,1.37,1.25
2014.09.12 06:35:29.446,1.38533,1.38537,1.00,1.00
2014.09.12 06:35:29.649,1.38532,1.3854,1.00,3.19
2014.09.12 06:35:30.178,1.38533,1.3854,1.00,1.69
2014.09.12 06:35:30.430,1.38533,1.38541,2.62,2.44
2014.09.12 06:35:30.733,1.38534,1.38541,1.37,1.25
2014.09.12 06:35:31.238,1.38537,1.38541,1.00,1.00
2014.09.12 06:35:31.757,1.38538,1.38542,1.00,2.25
2014.09.12 06:35:32.060,1.38542,1.38545,2.62,1.50
2014.09.12 06:35:32.515,1.38544,1.3855,1.00,1.19
2014.09.12 06:35:33.046,1.38543,1.3855,1.87,1.69
2014.09.12 06:35:34.039,1.38544,1.3855,1.00,1.19
2014.09.12 06:35:34.292,1.38542,1.38549,1.00,1.62
2014.09.12 06:35:34.494,1.38539,1.38547,4.31,1.25
2014.09.12 06:35:34.974,1.38539,1.38542,2.25,1.00
2014.09.12 06:35:35.849,1.38538,1.3854,1.50,1.00
2014.09.12 06:35:36.154,1.38532,1.38538,1.50,1.00
2014.09.12 06:35:36.508,1.38532,1.38537,1.00,1.00
2014.09.12 06:35:37.040,1.38531,1.38537,1.50,1.00
2014.09.12 06:35:38.206,1.38532,1.38537,1.00,1.25
2014.09.12 06:35:39.331,1.38531,1.38538,1.12,2.44
2014.09.12 06:35:40.248,1.38531,1.38537,1.50,1.19
2014.09.12 06:35:40.299,1.38533,1.38537,1.00,1.19
2014.09.12 06:35:40.810,1.38534,1.38539,1.50,1.69
2014.09.12 06:35:41.316,1.38533,1.38539,1.50,1.19
2014.09.12 06:35:41.720,1.38531,1.38535,1.00,1.00
2014.09.12 06:35:41.922,1.38526,1.38533,2.25,3.56
2014.09.12 06:35:42.428,1.38526,1.38532,1.50,2.44
2014.09.12 06:35:42.681,1.38527,1.38533,1.12,2.44
2014.09.12 06:35:42.833,1.38529,1.38533,1.50,1.69
2014.09.12 06:35:43.439,1.38527,1.38534,1.50,2.44
2014.09.12 06:35:43.590,1.38527,1.38532,1.00,1.69
2014.09.12 06:35:43.642,1.38524,1.38529,1.50,1.00
2014.09.12 06:35:43.743,1.38522,1.38529,2.25,1.87
2014.09.12 06:35:43.794,1.38522,1.38528,1.00,2.62
2014.09.12 06:35:44.098,1.38519,1.38523,3.75,1.00
2014.09.12 06:35:44.603,1.3852,1.38523,3.00,1.00
2014.09.12 06:35:44.906,1.3852,1.38521,1.00,1.12
2014.09.12 06:35:44.957,1.38517,1.38521,1.25,2.62
2014.09.12 06:35:45.008,1.38515,1.38518,1.00,1.31
2014.09.12 06:35:45.059,1.38512,1.38517,1.00,1.50
2014.09.12 06:35:45.109,1.3851,1.38517,2.25,2.25
2014.09.12 06:35:45.160,1.38508,1.38515,3.75,1.87
2014.09.12 06:35:45.413,1.38508,1.38512,1.00,1.19
2014.09.12 06:35:45.615,1.38506,1.38512,1.00,1.31
2014.09.12 06:35:45.666,1.38504,1.38512,3.75,1.31
2014.09.12 06:35:45.767,1.38506,1.38512,1.00,1.19
2014.09.12 06:35:46.390,1.38506,1.38513,1.00,1.69
2014.09.12 06:35:46.794,1.38503,1.38512,1.50,1.56
2014.09.12 06:35:46.946,1.38502,1.3851,2.06,1.25
2014.09.12 06:35:46.997,1.38502,1.3851,1.00,3.19
2014.09.12 06:35:47.350,1.38504,1.38509,1.00,1.50
2014.09.12 06:35:47.688,1.38501,1.38509,1.12,1.37
2014.09.12 06:35:47.942,1.38498,1.38508,2.44,1.12
2014.09.12 06:35:48.246,1.38498,1.38505,1.69,1.37
2014.09.12 06:35:48.703,1.385,1.38504,1.00,1.12
2014.09.12 06:35:49.108,1.38497,1.38504,2.06,1.00
2014.09.12 06:35:49.562,1.385,1.38506,1.00,1.00
2014.09.12 06:35:49.865,1.38504,1.38508,1.00,1.69
2014.09.12 06:35:50.118,1.38504,1.38509,1.00,2.25
2014.09.12 06:35:50.623,1.38504,1.38508,1.12,1.00
2014.09.12 06:35:50.724,1.38503,1.38508,1.12,1.00
2014.09.12 06:35:50.876,1.38506,1.3851,1.12,1.50
2014.09.12 06:35:50.977,1.38506,1.38512,3.82,2.44
2014.09.12 06:35:51.786,1.38508,1.38514,3.00,1.19
2014.09.12 06:35:51.836,1.38509,1.38516,1.00,1.19
2014.09.12 06:35:52.139,1.38509,1.38517,1.87,1.00
2014.09.12 06:35:52.190,1.38511,1.38518,4.20,1.69
2014.09.12 06:35:52.493,1.38514,1.38518,1.37,1.00
2014.09.12 06:35:52.999,1.38515,1.38521,1.12,1.69
2014.09.12 06:35:53.503,1.38513,1.38522,1.37,2.06
2014.09.12 06:35:53.554,1.38513,1.38522,1.37,1.69
2014.09.12 06:35:53.904,1.38518,1.38523,1.00,1.00
2014.09.12 06:35:54.207,1.38523,1.38528,1.00,2.06
2014.09.12 06:35:54.716,1.38523,1.38529,1.00,2.44
2014.09.12 06:35:55.177,1.38521,1.38529,1.31,3.19
2014.09.12 06:35:56.337,1.3852,1.38529,2.25,1.69
2014.09.12 06:35:56.882,1.3852,1.38526,1.00,1.00
2014.09.12 06:35:57.396,1.38521,1.38526,1.00,1.00
2014.09.12 06:35:57.923,1.3852,1.38529,2.25,2.44
2014.09.12 06:35:58.433,1.3852,1.38529,1.50,1.19
2014.09.12 06:35:58.736,1.38519,1.38528,1.31,1.00
2014.09.12 06:35:58.989,1.38519,1.38526,1.00,1.00
2014.09.12 06:35:59.595,1.38516,1.38524,2.25,1.19
2014.09.12 06:35:59.898,1.38515,1.38521,1.50,1.00
2014.09.12 06:36:00.100,1.38512,1.38519,1.00,1.25
2014.09.12 06:36:00.525,1.38512,1.38521,1.00,1.69
2014.09.12 06:36:01.031,1.38513,1.38521,1.12,1.25
2014.09.12 06:36:01.901,1.38511,1.38521,1.69,2.44
2014.09.12 06:36:02.418,1.3851,1.3852,2.81,1.00
2014.09.12 06:36:03.308,1.3851,1.3852,2.44,1.69
2014.09.12 06:36:03.611,1.3851,1.3852,2.81,1.31
2014.09.12 06:36:04.119,1.3851,1.3852,2.81,1.31
2014.09.12 06:36:04.422,1.38512,1.3852,2.44,1.12
2014.09.12 06:36:04.725,1.38514,1.38521,1.87,1.25
2014.09.12 06:36:05.230,1.38514,1.38522,4.57,1.19
2014.09.12 06:36:05.483,1.38514,1.38522,1.69,1.00
2014.09.12 06:36:05.736,1.38514,1.38522,4.01,1.00
2014.09.12 06:36:06.241,1.38515,1.38523,1.00,1.00
2014.09.12 06:36:06.556,1.38515,1.38521,1.00,1.00
2014.09.12 06:36:06.856,1.38515,1.38521,1.37,1.00
2014.09.12 06:36:07.037,1.38513,1.38521,5.32,1.69
2014.09.12 06:36:07.186,1.38512,1.38517,1.31,1.00
2014.09.12 06:36:07.793,1.38511,1.38518,1.50,1.25
2014.09.12 06:36:08.099,1.38517,1.38521,1.00,1.00
2014.09.12 06:36:08.251,1.38517,1.38523,1.00,1.69
2014.09.12 06:36:08.759,1.38518,1.38525,2.25,2.25
2014.09.12 06:36:09.063,1.3852,1.38526,1.00,1.50
2014.09.12 06:36:09.577,1.3852,1.38527,1.00,1.69
2014.09.12 06:36:10.081,1.38521,1.38528,2.25,3.19
2014.09.12 06:36:11.686,1.38521,1.38528,1.50,3.56
2014.09.12 06:36:11.989,1.38519,1.38527,2.25,1.00
2014.09.12 06:36:12.292,1.3852,1.38525,1.00,1.69
2014.09.12 06:36:12.393,1.38518,1.38525,1.50,2.44
2014.09.12 06:36:12.596,1.38522,1.38525,1.00,3.94
2014.09.12 06:36:12.798,1.38519,1.38523,1.00,1.50
2014.09.12 06:36:13.404,1.38517,1.38523,1.25,1.00
2014.09.12 06:36:13.606,1.38515,1.38521,1.00,1.00
2014.09.12 06:36:13.909,1.38513,1.3852,2.44,3.00
2014.09.12 06:36:15.398,1.38514,1.3852,1.00,2.06
2014.09.12 06:36:16.320,1.38514,1.38519,1.50,1.19
2014.09.12 06:36:16.624,1.38511,1.38514,1.00,1.00
2014.09.12 06:36:16.927,1.3851,1.38512,1.00,1.00
2014.09.12 06:36:16.978,1.38508,1.38511,1.00,1.00
2014.09.12 06:36:17.080,1.38506,1.38511,1.69,1.00
2014.09.12 06:36:17.598,1.38507,1.38511,1.00,1.00
2014.09.12 06:36:17.801,1.38506,1.38513,1.87,2.44
2014.09.12 06:36:18.307,1.38505,1.38512,1.00,1.50
2014.09.12 06:36:18.812,1.38504,1.38511,1.50,2.25
2014.09.12 06:36:19.316,1.38505,1.38511,1.50,1.00
2014.09.12 06:36:19.823,1.38504,1.38511,1.87,2.62
2014.09.12 06:36:20.595,1.38504,1.38511,1.00,2.62
2014.09.12 06:36:20.696,1.38502,1.3851,2.06,1.12
2014.09.12 06:36:20.799,1.38504,1.3851,1.50,1.37
2014.09.12 06:36:21.317,1.38503,1.3851,1.00,2.06
2014.09.12 06:36:21.933,1.38504,1.3851,1.50,1.62
2014.09.12 06:36:23.224,1.38503,1.3851,1.50,1.87
2014.09.12 06:36:23.527,1.38503,1.38509,1.00,4.20
2014.09.12 06:36:24.069,1.38503,1.38508,1.00,1.00
2014.09.12 06:36:24.595,1.38503,1.38509,1.00,4.20
2014.09.12 06:36:25.101,1.38502,1.38509,1.00,5.70
2014.09.12 06:36:25.627,1.38502,1.38508,1.00,1.25
2014.09.12 06:36:26.496,1.38502,1.38509,1.00,3.00
2014.09.12 06:36:27.041,1.38502,1.38509,1.00,2.62
2014.09.12 06:36:29.001,1.38502,1.38509,1.00,1.12
2014.09.12 06:36:29.304,1.38505,1.38511,1.00,1.69
2014.09.12 06:36:29.810,1.38506,1.38511,1.00,1.69
2014.09.12 06:36:30.517,1.38505,1.38511,1.50,1.50
2014.09.12 06:36:31.281,1.38506,1.38511,1.00,1.50
2014.09.12 06:36:31.914,1.38507,1.38511,1.50,1.50
2014.09.12 06:36:32.217,1.38509,1.38513,1.00,1.00
2014.09.12 06:36:32.419,1.3851,1.38515,1.00,1.00
2014.09.12 06:36:32.571,1.3851,1.38517,1.12,1.69
2014.09.12 06:36:33.076,1.38511,1.38517,1.50,1.69
2014.09.12 06:36:33.621,1.38512,1.38517,1.00,1.87
2014.09.12 06:36:34.333,1.38511,1.38517,1.50,1.87
2014.09.12 06:36:34.844,1.3851,1.38517,1.00,3.37
2014.09.12 06:36:35.389,1.3851,1.38517,1.00,3.00
2014.09.12 06:36:35.753,1.38509,1.38516,2.25,2.44
2014.09.12 06:36:36.268,1.38509,1.38516,1.50,2.44
2014.09.12 06:36:36.773,1.38509,1.38516,1.00,1.87
2014.09.12 06:36:36.975,1.38506,1.38513,2.25,1.87
2014.09.12 06:36:37.077,1.38506,1.38512,1.00,1.87
2014.09.12 06:36:37.482,1.38503,1.3851,1.50,2.62
2014.09.12 06:36:38.298,1.38503,1.38509,1.00,1.69
2014.09.12 06:36:38.803,1.38503,1.38508,1.00,1.12
2014.09.12 06:36:39.055,1.38505,1.3851,1.00,2.62
2014.09.12 06:36:39.560,1.38505,1.38511,1.50,1.25
2014.09.12 06:36:41.208,1.38504,1.38511,3.00,1.87
2014.09.12 06:36:42.950,1.38506,1.38511,1.00,1.00
2014.09.12 06:36:43.354,1.38507,1.38513,1.00,1.25
2014.09.12 06:36:43.961,1.38506,1.38513,2.62,1.25
2014.09.12 06:36:44.466,1.38507,1.38514,1.50,3.19
2014.09.12 06:36:45.675,1.38508,1.38514,1.00,3.19
2014.09.12 06:36:47.080,1.38508,1.38514,1.00,3.56
2014.09.12 06:36:48.755,1.38507,1.38514,1.50,3.56
2014.09.12 06:36:49.329,1.38508,1.38514,1.50,2.06
2014.09.12 06:36:49.869,1.38507,1.38514,1.00,2.81
2014.09.12 06:36:54.832,1.38507,1.38514,1.00,2.81
2014.09.12 06:36:55.337,1.38508,1.38514,1.50,1.50
2014.09.12 06:36:57.478,1.38508,1.38514,1.50,1.87
2014.09.12 06:36:57.636,1.38506,1.38514,1.50,1.87
2014.09.12 06:37:00.130,1.38509,1.38513,1.50,1.25
2014.09.12 06:37:00.488,1.38509,1.38516,1.50,5.81
2014.09.12 06:37:02.164,1.38508,1.38515,3.00,2.81
2014.09.12 06:37:02.672,1.38509,1.38515,1.50,1.31
2014.09.12 06:37:03.307,1.38509,1.38516,1.50,1.50
2014.09.12 06:37:03.358,1.38511,1.38516,1.00,1.00
2014.09.12 06:37:03.662,1.38514,1.38516,1.00,1.00
2014.09.12 06:37:03.763,1.38515,1.38519,1.00,2.81
2014.09.12 06:37:05.366,1.38513,1.38519,4.12,1.12
2014.09.12 06:37:05.829,1.38515,1.38519,1.00,1.12
2014.09.12 06:37:06.970,1.38516,1.38519,1.50,1.12
2014.09.12 06:37:07.021,1.38516,1.38522,2.25,1.87
2014.09.12 06:37:07.122,1.38516,1.38522,2.62,1.00
2014.09.12 06:37:07.425,1.3852,1.38525,1.00,1.25
2014.09.12 06:37:07.526,1.3852,1.38528,1.87,2.06
2014.09.12 06:37:07.677,1.38523,1.38528,1.00,1.19
2014.09.12 06:37:07.930,1.38524,1.38529,1.50,1.69
2014.09.12 06:37:08.435,1.38524,1.38529,1.50,1.62
2014.09.12 06:37:09.653,1.38524,1.38529,1.50,1.31
2014.09.12 06:37:09.855,1.38526,1.38531,1.00,1.69
2014.09.12 06:37:10.361,1.38525,1.38531,1.00,1.31
2014.09.12 06:37:10.900,1.38525,1.38532,1.00,3.56
2014.09.12 06:37:11.416,1.38526,1.38532,1.50,1.31
2014.09.12 06:37:11.921,1.38526,1.38532,1.50,1.00
2014.09.12 06:37:15.187,1.38526,1.38533,1.50,2.25
2014.09.12 06:37:15.692,1.38529,1.38533,1.00,1.50
2014.09.12 06:37:15.996,1.38532,1.38538,1.50,1.31
2014.09.12 06:37:16.763,1.38532,1.38539,1.50,3.19
2014.09.12 06:37:22.772,1.38532,1.38539,2.62,1.69
2014.09.12 06:37:22.823,1.38535,1.3854,1.00,2.25
2014.09.12 06:37:23.126,1.38532,1.3854,1.69,1.75
2014.09.12 06:37:23.429,1.3853,1.38536,2.25,2.00
2014.09.12 06:37:24.882,1.38528,1.38534,1.00,1.31
2014.09.12 06:37:25.186,1.38526,1.38533,1.50,2.06
2014.09.12 06:37:25.642,1.38526,1.3853,1.00,1.00
2014.09.12 06:37:25.794,1.38526,1.38532,1.00,1.25
2014.09.12 06:37:26.148,1.38524,1.38529,1.00,1.87
2014.09.12 06:37:26.250,1.38522,1.38528,3.56,1.12
2014.09.12 06:37:26.504,1.38522,1.38526,1.00,1.00
2014.09.12 06:37:26.757,1.38519,1.38526,1.69,1.12
2014.09.12 06:37:27.060,1.38519,1.38523,1.69,1.00
2014.09.12 06:37:27.705,1.38519,1.38526,1.50,1.31
2014.09.12 06:37:28.207,1.38517,1.38527,3.19,2.44
2014.09.12 06:37:28.678,1.38519,1.38527,1.00,2.81
2014.09.12 06:37:28.982,1.38521,1.38527,1.50,1.19
2014.09.12 06:37:29.083,1.38523,1.38529,1.00,2.25
2014.09.12 06:37:29.336,1.38525,1.38529,1.50,2.25
2014.09.12 06:37:29.539,1.38527,1.38532,1.50,5.81
2014.09.12 06:37:30.044,1.38526,1.38532,2.25,3.56
2014.09.12 06:37:30.347,1.38524,1.38531,1.50,1.69
2014.09.12 06:37:30.449,1.38522,1.38527,1.12,1.00
2014.09.12 06:37:30.956,1.38521,1.38527,2.25,1.00
2014.09.12 06:37:31.361,1.38523,1.38528,1.00,1.50
2014.09.12 06:37:31.613,1.38523,1.3853,1.50,2.44
2014.09.12 06:37:32.447,1.38524,1.3853,1.50,1.25
2014.09.12 06:37:32.954,1.38524,1.38531,1.50,3.75
2014.09.12 06:37:33.879,1.38525,1.38531,1.00,3.00
2014.09.12 06:37:33.930,1.38528,1.38531,1.00,1.50
2014.09.12 06:37:34.133,1.38529,1.38533,1.50,1.69
2014.09.12 06:37:34.638,1.38528,1.38534,1.50,1.56
2014.09.12 06:37:36.511,1.38528,1.38535,1.50,4.12
2014.09.12 06:37:36.764,1.3853,1.38535,1.00,1.50
2014.09.12 06:37:37.886,1.38528,1.38535,1.50,1.50
2014.09.12 06:37:39.660,1.38529,1.38535,1.00,1.00
2014.09.12 06:37:40.210,1.38529,1.38536,1.00,1.87
2014.09.12 06:37:43.635,1.38529,1.38535,1.00,1.00
2014.09.12 06:37:44.374,1.38528,1.38535,1.87,1.00
2014.09.12 06:37:45.778,1.38529,1.38535,1.00,1.00
2014.09.12 06:37:46.183,1.38527,1.38534,1.69,1.00
2014.09.12 06:37:46.235,1.38527,1.38534,1.00,1.37
2014.09.12 06:37:46.540,1.38525,1.38529,1.00,1.00
2014.09.12 06:37:46.974,1.38523,1.3853,1.31,1.50
2014.09.12 06:37:48.405,1.38524,1.38531,1.00,2.44
2014.09.12 06:37:48.909,1.38523,1.3853,1.25,1.00
2014.09.12 06:37:53.125,1.38523,1.38529,1.50,1.37
2014.09.12 06:37:53.226,1.38521,1.38526,1.50,1.87
2014.09.12 06:37:53.429,1.38518,1.38523,2.44,1.87
2014.09.12 06:37:53.934,1.38518,1.38522,1.19,1.00
2014.09.12 06:37:54.187,1.38519,1.38526,2.44,2.62
2014.09.12 06:37:54.339,1.38522,1.38527,1.00,1.50
2014.09.12 06:37:54.844,1.38523,1.38526,1.00,1.00
2014.09.12 06:37:55.350,1.38522,1.38527,1.00,1.87
2014.09.12 06:37:55.954,1.38523,1.38527,1.00,1.87
2014.09.12 06:37:56.459,1.38524,1.38528,1.00,1.87
2014.09.12 06:37:56.655,1.38522,1.38528,1.00,1.87
2014.09.12 06:37:57.160,1.38522,1.38529,1.12,1.50
2014.09.12 06:37:57.666,1.38521,1.38528,1.69,1.50
2014.09.12 06:37:58.170,1.38522,1.38529,1.00,1.00
2014.09.12 06:37:58.695,1.38521,1.38528,1.69,1.00
2014.09.12 06:37:59.061,1.38523,1.38528,1.00,1.00
2014.09.12 06:37:59.163,1.38521,1.38528,3.19,1.00
2014.09.12 06:38:00.233,1.38522,1.38529,1.00,1.50
2014.09.12 06:38:00.738,1.38521,1.38528,2.44,1.50
2014.09.12 06:38:00.940,1.38521,1.38526,1.00,1.00
2014.09.12 06:38:01.344,1.3852,1.38523,1.50,1.00
2014.09.12 06:38:01.672,1.3852,1.38526,1.50,1.87
2014.09.12 06:38:02.664,1.3852,1.38523,1.00,1.00
2014.09.12 06:38:02.974,1.38518,1.38521,1.00,1.00
2014.09.12 06:38:03.177,1.38511,1.38517,1.19,1.00
2014.09.12 06:38:03.228,1.3851,1.38517,3.94,1.12
2014.09.12 06:38:03.733,1.3851,1.38516,1.25,4.20
2014.09.12 06:38:04.261,1.3851,1.38515,1.00,2.44
2014.09.12 06:38:04.989,1.3851,1.38515,1.00,2.44
2014.09.12 06:38:05.039,1.38508,1.38515,1.50,2.25
2014.09.12 06:38:05.553,1.38508,1.38515,1.50,1.87
2014.09.12 06:38:06.064,1.38508,1.38515,1.69,2.62
2014.09.12 06:38:06.576,1.38508,1.38515,1.69,2.25
2014.09.12 06:38:07.153,1.38508,1.38515,2.25,1.50
2014.09.12 06:38:07.315,1.3851,1.38515,1.00,1.50
2014.09.12 06:38:08.267,1.38508,1.38515,2.44,1.87
2014.09.12 06:38:08.873,1.38509,1.38516,1.00,1.12
2014.09.12 06:38:08.974,1.38511,1.38516,1.00,1.00
2014.09.12 06:38:09.740,1.38511,1.38516,1.50,1.87
2014.09.12 06:38:09.842,1.38511,1.38516,1.50,1.69
2014.09.12 06:38:09.943,1.38508,1.38516,3.56,1.69
2014.09.12 06:38:10.045,1.38509,1.38517,1.19,2.62
2014.09.12 06:38:10.449,1.38511,1.38518,2.06,1.50
2014.09.12 06:38:10.753,1.38515,1.38518,1.69,1.00
2014.09.12 06:38:10.854,1.38517,1.38523,1.25,1.00
2014.09.12 06:38:11.381,1.38517,1.38524,2.44,1.00
2014.09.12 06:38:13.701,1.38517,1.38523,1.69,1.50
2014.09.12 06:38:14.206,1.38515,1.38522,2.06,1.00
2014.09.12 06:38:14.730,1.38515,1.38522,1.69,1.37
2014.09.12 06:38:15.547,1.38515,1.38522,1.00,1.37
2014.09.12 06:38:16.065,1.38515,1.38522,1.00,1.37
2014.09.12 06:38:16.674,1.38515,1.38522,1.00,1.00
2014.09.12 06:38:20.119,1.38516,1.38523,1.50,2.06
2014.09.12 06:38:21.141,1.38516,1.38523,3.75,1.87
2014.09.12 06:38:21.544,1.38516,1.38522,1.50,1.37
2014.09.12 06:38:21.645,1.38516,1.38523,2.25,1.12
2014.09.12 06:38:21.847,1.38516,1.38521,1.00,1.87
2014.09.12 06:38:21.898,1.38514,1.38521,3.75,1.87
2014.09.12 06:38:22.627,1.38514,1.3852,1.50,1.00
2014.09.12 06:38:23.867,1.38514,1.3852,1.50,1.37
2014.09.12 06:38:25.176,1.38513,1.3852,2.25,1.37
2014.09.12 06:38:25.641,1.38514,1.38521,1.00,1.00
2014.09.12 06:38:26.045,1.38516,1.38523,1.00,3.94
2014.09.12 06:38:27.803,1.38516,1.38523,2.06,1.00
2014.09.12 06:38:29.264,1.38516,1.38523,1.69,1.87
2014.09.12 06:38:29.416,1.38515,1.38522,1.00,2.06
2014.09.12 06:38:29.924,1.38515,1.38521,1.00,1.87
2014.09.12 06:38:30.429,1.38514,1.38521,2.44,1.87
2014.09.12 06:38:34.195,1.38513,1.3852,3.19,1.37
2014.09.12 06:38:34.448,1.38512,1.38519,1.69,1.87
2014.09.12 06:38:34.953,1.38512,1.38519,1.69,1.87
2014.09.12 06:38:35.407,1.38513,1.38521,2.06,1.62
2014.09.12 06:38:35.811,1.38515,1.38522,1.25,1.87
2014.09.12 06:38:36.320,1.38514,1.38521,2.44,1.12
2014.09.12 06:38:36.728,1.38514,1.38521,3.19,1.37
2014.09.12 06:38:36.981,1.38513,1.3852,3.94,1.37
2014.09.12 06:38:37.031,1.38513,1.3852,1.25,1.37
2014.09.12 06:38:37.336,1.38511,1.38518,2.44,1.37
2014.09.12 06:38:37.992,1.38509,1.38515,1.00,1.50
2014.09.12 06:38:38.093,1.38507,1.38515,1.00,1.50
2014.09.12 06:38:38.144,1.38506,1.38513,1.69,1.00
2014.09.12 06:38:38.649,1.38504,1.38512,2.44,1.00
2014.09.12 06:38:40.208,1.38505,1.38512,1.00,2.44
2014.09.12 06:38:44.222,1.38506,1.38512,1.50,1.87
2014.09.12 06:38:44.749,1.38505,1.38513,3.19,2.62
2014.09.12 06:38:45.404,1.38505,1.38513,3.19,2.62
2014.09.12 06:38:46.579,1.38505,1.38513,3.19,2.62
2014.09.12 06:38:47.084,1.38505,1.38512,1.69,1.37
2014.09.12 06:38:47.690,1.38505,1.38513,2.25,1.37
2014.09.12 06:38:49.279,1.38505,1.38513,3.00,1.37
2014.09.12 06:38:50.876,1.38505,1.38513,3.75,1.37
2014.09.12 06:38:50.978,1.38506,1.38513,1.12,1.50
2014.09.12 06:38:51.130,1.38509,1.38515,1.00,1.37
2014.09.12 06:38:51.181,1.38509,1.38515,1.12,1.12
2014.09.12 06:38:51.737,1.38509,1.38516,3.75,2.06
2014.09.12 06:38:52.705,1.3851,1.38517,2.62,1.87
2014.09.12 06:38:52.996,1.3851,1.38517,2.25,1.87
2014.09.12 06:38:53.502,1.3851,1.38517,2.44,1.87
2014.09.12 06:38:54.369,1.3851,1.38517,1.87,1.87
2014.09.12 06:38:54.874,1.3851,1.38517,1.87,1.87
2014.09.12 06:38:55.421,1.38509,1.38516,2.25,1.87
2014.09.12 06:38:56.883,1.3851,1.38516,1.00,1.87
2014.09.12 06:38:57.787,1.38509,1.38516,1.50,1.87
2014.09.12 06:38:59.882,1.3851,1.38516,1.00,1.87
2014.09.12 06:39:04.274,1.38509,1.38516,1.50,1.00
2014.09.12 06:39:04.778,1.38509,1.38515,1.00,1.00
2014.09.12 06:39:05.342,1.38509,1.38515,1.19,1.00
2014.09.12 06:39:07.178,1.3851,1.38516,1.25,1.87
2014.09.12 06:39:08.004,1.38513,1.38517,1.00,1.50
2014.09.12 06:39:08.509,1.38514,1.38518,1.00,1.00
2014.09.12 06:39:08.913,1.38515,1.38519,1.00,2.44
2014.09.12 06:39:09.419,1.38517,1.3852,1.00,1.00
2014.09.12 06:39:10.022,1.38517,1.38521,1.00,1.31
2014.09.12 06:39:13.418,1.38515,1.38522,1.50,4.31
2014.09.12 06:39:13.620,1.38517,1.38522,1.00,4.69
2014.09.12 06:39:15.557,1.38517,1.38522,1.00,5.44
2014.09.12 06:39:15.861,1.38519,1.38522,1.50,1.00
2014.09.12 06:39:15.962,1.3852,1.38524,1.50,1.50
2014.09.12 06:39:16.164,1.38522,1.38525,1.00,1.25
2014.09.12 06:39:17.075,1.38522,1.38528,1.50,2.81
2014.09.12 06:39:18.977,1.38522,1.38527,1.50,2.06
2014.09.12 06:39:19.029,1.3852,1.38527,1.50,3.56
2014.09.12 06:39:19.735,1.3852,1.38526,1.50,1.69
2014.09.12 06:39:20.652,1.38521,1.38527,1.00,3.56
2014.09.12 06:39:20.905,1.38521,1.38524,1.00,1.00
2014.09.12 06:39:21.057,1.38514,1.38519,2.25,2.25
2014.09.12 06:39:21.159,1.38511,1.38517,2.25,3.37
2014.09.12 06:39:21.462,1.38509,1.38516,2.44,1.12
2014.09.12 06:39:21.513,1.38511,1.38516,1.00,1.12
2014.09.12 06:39:21.816,1.38513,1.38518,1.50,1.25
2014.09.12 06:39:22.120,1.38515,1.3852,1.00,1.19
2014.09.12 06:39:22.841,1.38514,1.38521,1.50,3.56
2014.09.12 06:39:23.822,1.38514,1.38521,1.50,3.56
2014.09.12 06:39:26.097,1.38515,1.38521,1.00,2.81
2014.09.12 06:39:26.851,1.38515,1.38521,1.50,1.25
2014.09.12 06:39:27.623,1.38514,1.38521,1.00,1.69
2014.09.12 06:39:28.191,1.38514,1.38521,1.00,1.69
2014.09.12 06:39:33.165,1.38515,1.38522,1.00,4.31
2014.09.12 06:39:33.670,1.38516,1.38522,1.00,3.56
2014.09.12 06:39:34.175,1.38516,1.38522,1.00,2.81
2014.09.12 06:39:35.530,1.38515,1.38522,1.87,1.69
2014.09.12 06:39:36.036,1.38515,1.38522,1.87,1.50
2014.09.12 06:39:36.546,1.38515,1.38522,2.62,1.50
2014.09.12 06:39:37.054,1.38517,1.38522,1.00,1.50
2014.09.12 06:39:47.668,1.38517,1.38524,1.00,4.31
2014.09.12 06:39:50.981,1.38518,1.38523,1.00,1.12
2014.09.12 06:39:54.863,1.38519,1.38524,1.00,3.94
2014.09.12 06:39:55.166,1.38521,1.38524,1.50,1.19
2014.09.12 06:39:55.924,1.38521,1.38526,1.50,1.00
2014.09.12 06:39:56.126,1.38522,1.38528,1.00,2.62
2014.09.12 06:39:57.265,1.38523,1.38529,1.00,3.56
2014.09.12 06:39:57.770,1.38525,1.3853,1.00,3.56
2014.09.12 06:39:58.276,1.38524,1.3853,1.50,1.25
2014.09.12 06:39:59.192,1.38524,1.38529,1.00,1.37
2014.09.12 06:39:59.735,1.38523,1.38529,1.00,1.69
2014.09.12 06:40:00.240,1.38523,1.38529,1.00,1.62
2014.09.12 06:40:01.200,1.38523,1.38528,1.00,1.50
2014.09.12 06:40:01.508,1.3852,1.38524,1.25,1.00
2014.09.12 06:40:01.559,1.3852,1.38523,1.00,1.00
2014.09.12 06:40:01.660,1.38517,1.38522,1.69,1.50
2014.09.12 06:40:01.761,1.38515,1.3852,3.00,1.00
2014.09.12 06:40:02.267,1.38514,1.3852,1.50,1.69
2014.09.12 06:40:02.774,1.38513,1.38519,1.50,1.12
2014.09.12 06:40:03.291,1.38512,1.38519,1.00,3.37
2014.09.12 06:40:03.802,1.38513,1.38519,1.00,1.87
2014.09.12 06:40:04.833,1.38512,1.38519,1.00,2.25
2014.09.12 06:40:04.884,1.3851,1.38519,3.94,3.37
2014.09.12 06:40:05.544,1.3851,1.38517,5.06,1.00
2014.09.12 06:40:05.847,1.38509,1.38513,1.00,1.00
2014.09.12 06:40:06.356,1.38505,1.38512,3.00,1.00
2014.09.12 06:40:06.883,1.38506,1.38513,2.25,1.50
2014.09.12 06:40:09.315,1.38507,1.38513,1.00,1.00
2014.09.12 06:40:09.618,1.3851,1.38516,1.50,1.31
2014.09.12 06:40:09.719,1.3851,1.38517,1.00,2.06
2014.09.12 06:40:10.223,1.3851,1.38515,1.50,1.00
2014.09.12 06:40:10.728,1.3851,1.38516,1.00,2.25
2014.09.12 06:40:11.273,1.3851,1.38515,1.00,1.00
2014.09.12 06:40:11.790,1.38509,1.38517,3.75,1.31
2014.09.12 06:40:12.352,1.3851,1.38517,1.50,1.31
2014.09.12 06:40:12.808,1.38512,1.38518,1.00,1.12
2014.09.12 06:40:13.442,1.38514,1.38518,1.00,1.12
2014.09.12 06:40:14.099,1.38514,1.38519,1.00,2.06
2014.09.12 06:40:14.150,1.38512,1.38519,1.50,2.06
2014.09.12 06:40:14.655,1.38513,1.3852,1.50,1.87
2014.09.12 06:40:15.687,1.38514,1.3852,1.00,1.00
2014.09.12 06:40:16.254,1.38515,1.3852,1.00,1.00
2014.09.12 06:40:18.256,1.38517,1.38521,1.12,1.00
2014.09.12 06:40:18.307,1.38517,1.38523,1.87,2.44
2014.09.12 06:40:18.409,1.3852,1.38525,1.00,1.69
2014.09.12 06:40:18.560,1.38523,1.3853,1.00,3.56
2014.09.12 06:40:19.700,1.38523,1.3853,1.00,1.00
2014.09.12 06:40:20.279,1.38522,1.38529,1.00,1.00
2014.09.12 06:40:21.390,1.3852,1.38529,4.31,1.00
2014.09.12 06:40:21.895,1.3852,1.38529,1.12,2.81
2014.09.12 06:40:22.554,1.3852,1.38529,1.12,2.81
2014.09.12 06:40:25.743,1.3852,1.38529,1.25,3.94
2014.09.12 06:40:25.996,1.38518,1.38523,3.75,1.00
2014.09.12 06:40:26.248,1.38516,1.38523,1.50,2.06
2014.09.12 06:40:26.450,1.38515,1.38521,1.69,1.00
2014.09.12 06:40:26.955,1.38513,1.3852,3.00,1.50
2014.09.12 06:40:28.064,1.38513,1.3852,4.31,1.50
2014.09.12 06:40:28.569,1.38515,1.3852,1.00,1.50
2014.09.12 06:40:30.094,1.38514,1.38521,1.12,1.25
2014.09.12 06:40:30.397,1.38516,1.38522,1.00,1.25
2014.09.12 06:40:30.700,1.38518,1.38521,1.00,1.69
2014.09.12 06:40:30.852,1.38515,1.38521,1.00,1.25
2014.09.12 06:40:31.380,1.38514,1.38522,3.00,2.06
2014.09.12 06:40:32.504,1.38515,1.38522,1.00,1.69
2014.09.12 06:40:33.397,1.38514,1.38522,3.75,1.19
2014.09.12 06:40:34.066,1.38514,1.3852,2.25,1.00
2014.09.12 06:40:34.269,1.38516,1.3852,1.00,2.81
2014.09.12 06:40:34.370,1.38513,1.3852,1.00,2.06
2014.09.12 06:40:37.744,1.38513,1.38519,1.00,1.00
2014.09.12 06:40:37.795,1.38513,1.38519,1.50,1.69
2014.09.12 06:40:37.896,1.3851,1.38515,1.00,1.00
2014.09.12 06:40:38.149,1.38508,1.38515,2.06,2.25
2014.09.12 06:40:40.228,1.38508,1.38514,1.00,1.00
2014.09.12 06:40:40.751,1.38508,1.38515,1.12,3.94
2014.09.12 06:40:42.077,1.38508,1.38514,1.00,1.00
2014.09.12 06:40:42.655,1.38507,1.38514,3.19,1.50
2014.09.12 06:40:45.449,1.38506,1.38513,3.19,1.50
2014.09.12 06:40:45.969,1.38507,1.38514,1.50,2.44
2014.09.12 06:40:47.520,1.38507,1.38514,1.50,2.44
2014.09.12 06:40:48.258,1.38508,1.38514,1.00,1.69
2014.09.12 06:40:48.785,1.38509,1.38514,1.12,1.50
2014.09.12 06:40:48.886,1.38512,1.38515,1.00,1.25
2014.09.12 06:40:48.988,1.3851,1.38515,1.50,1.25
2014.09.12 06:40:49.495,1.38509,1.38515,1.00,1.69
2014.09.12 06:40:50.005,1.38509,1.38515,1.00,2.06
2014.09.12 06:40:50.514,1.38509,1.38515,1.00,2.06
2014.09.12 06:40:51.023,1.3851,1.38515,1.00,2.06
2014.09.12 06:40:53.930,1.38511,1.38515,1.00,1.69
2014.09.12 06:40:54.436,1.38512,1.38516,1.00,1.31
2014.09.12 06:40:54.814,1.3851,1.38514,1.00,1.87
2014.09.12 06:40:54.915,1.38508,1.38514,1.87,2.44
2014.09.12 06:40:55.117,1.38505,1.38512,3.19,1.00
2014.09.12 06:40:55.622,1.38505,1.38511,1.69,2.25
2014.09.12 06:40:56.268,1.38504,1.38511,2.25,3.94
2014.09.12 06:40:56.813,1.38504,1.38511,2.25,4.31
2014.09.12 06:40:57.546,1.38504,1.38509,1.00,3.56
2014.09.12 06:40:58.060,1.38503,1.38509,1.50,3.56
2014.09.12 06:40:58.825,1.38503,1.38509,1.50,2.06
2014.09.12 06:41:01.005,1.38504,1.3851,1.00,4.12
2014.09.12 06:41:01.914,1.38505,1.3851,1.00,2.06
2014.09.12 06:41:02.016,1.38502,1.38509,1.69,1.00
2014.09.12 06:41:02.520,1.38502,1.3851,1.69,1.69
2014.09.12 06:41:03.032,1.38503,1.3851,1.00,2.44
2014.09.12 06:41:03.548,1.38502,1.3851,1.50,2.44
2014.09.12 06:41:04.052,1.38503,1.3851,1.25,1.50
2014.09.12 06:41:04.554,1.38504,1.3851,1.50,1.00
2014.09.12 06:41:05.160,1.38505,1.3851,1.00,1.25
2014.09.12 06:41:05.758,1.38504,1.38509,1.87,1.37
2014.09.12 06:41:05.960,1.38502,1.38509,1.50,3.94
2014.09.12 06:41:06.466,1.38502,1.38508,1.87,1.25
2014.09.12 06:41:06.567,1.38505,1.38508,1.00,1.25
2014.09.12 06:41:06.769,1.38505,1.3851,2.25,1.50
2014.09.12 06:41:06.820,1.38505,1.38513,2.81,2.44
2014.09.12 06:41:06.871,1.38509,1.38513,1.00,2.44
2014.09.12 06:41:07.123,1.38509,1.38515,1.00,1.12
2014.09.12 06:41:07.991,1.38509,1.38516,1.50,2.44
2014.09.12 06:41:08.092,1.38508,1.38515,3.00,2.62
2014.09.12 06:41:08.496,1.38509,1.38516,1.50,1.69
2014.09.12 06:41:09.862,1.38508,1.38515,2.44,1.00
2014.09.12 06:41:10.367,1.38507,1.38514,2.25,3.75
2014.09.12 06:41:10.871,1.38508,1.38513,1.00,1.00
2014.09.12 06:41:12.593,1.38509,1.38513,1.00,1.00
2014.09.12 06:41:13.116,1.38509,1.38514,1.00,1.50
2014.09.12 06:41:13.873,1.38509,1.38515,2.25,1.50
2014.09.12 06:41:14.277,1.38511,1.38515,1.00,1.00
2014.09.12 06:41:14.782,1.3851,1.38516,1.00,1.00
2014.09.12 06:41:17.322,1.38511,1.38516,1.00,1.00
2014.09.12 06:41:17.423,1.38511,1.38518,2.25,2.62
2014.09.12 06:41:17.575,1.38512,1.38518,2.62,1.00
2014.09.12 06:41:17.726,1.38514,1.3852,1.50,2.44
2014.09.12 06:41:18.130,1.38513,1.38517,1.50,1.00
2014.09.12 06:41:18.433,1.38512,1.38514,1.00,1.87
2014.09.12 06:41:18.636,1.38508,1.38513,1.00,1.50
2014.09.12 06:41:19.140,1.38507,1.38513,1.00,1.50
2014.09.12 06:41:19.292,1.38507,1.38515,1.00,3.75
2014.09.12 06:41:19.540,1.38509,1.38515,1.50,1.00
2014.09.12 06:41:20.045,1.3851,1.38515,1.00,1.00
2014.09.12 06:41:20.503,1.3851,1.38517,2.25,1.69
2014.09.12 06:41:21.008,1.38509,1.38516,1.25,1.00
2014.09.12 06:41:21.529,1.3851,1.38517,1.50,1.69
2014.09.12 06:41:22.034,1.38511,1.38519,1.00,4.69
2014.09.12 06:41:22.287,1.38514,1.38519,1.00,3.56
2014.09.12 06:41:22.489,1.38514,1.38519,1.00,2.44
2014.09.12 06:41:22.640,1.38512,1.38519,1.00,2.44
2014.09.12 06:41:23.145,1.38513,1.3852,2.25,2.44
2014.09.12 06:41:23.773,1.38513,1.3852,2.25,1.69
2014.09.12 06:41:24.680,1.38513,1.3852,2.25,3.19
2014.09.12 06:41:25.433,1.38513,1.3852,1.50,2.06
2014.09.12 06:41:25.535,1.38511,1.38518,1.69,1.12
2014.09.12 06:41:26.525,1.3851,1.38517,2.06,1.00
2014.09.12 06:41:27.239,1.38511,1.38518,1.87,1.12
2014.09.12 06:41:27.744,1.38511,1.38518,1.87,1.00
2014.09.12 06:41:28.336,1.38513,1.38518,1.00,1.00
2014.09.12 06:41:28.841,1.38514,1.3852,1.00,1.50
2014.09.12 06:41:29.361,1.38514,1.38521,1.00,2.44
2014.09.12 06:41:29.876,1.38515,1.3852,1.00,1.00
2014.09.12 06:41:32.075,1.38514,1.3852,2.62,1.00
2014.09.12 06:41:32.480,1.38516,1.38521,1.00,1.25
2014.09.12 06:41:32.985,1.38517,1.38521,1.00,1.00
2014.09.12 06:41:34.393,1.38518,1.38521,1.00,1.00
2014.09.12 06:41:34.444,1.38518,1.38524,1.00,3.56
2014.09.12 06:41:34.949,1.38517,1.38524,2.25,3.56
2014.09.12 06:41:35.461,1.38518,1.38524,1.00,2.06
2014.09.12 06:41:35.965,1.38519,1.38524,1.00,1.19
2014.09.12 06:41:36.268,1.38519,1.38525,1.00,3.94
2014.09.12 06:41:36.707,1.38516,1.38525,2.62,4.69
2014.09.12 06:41:36.963,1.38516,1.38523,1.50,1.00
2014.09.12 06:41:37.468,1.38515,1.38522,1.25,1.12
2014.09.12 06:41:38.092,1.38514,1.38522,1.69,1.31
2014.09.12 06:41:38.602,1.38514,1.38521,1.25,1.00
2014.09.12 06:41:39.313,1.38515,1.38521,1.00,1.00
2014.09.12 06:41:39.616,1.38523,1.3853,2.50,3.94
2014.09.12 06:41:39.768,1.38522,1.38525,1.50,1.00
2014.09.12 06:41:39.869,1.3852,1.38524,1.69,1.00
2014.09.12 06:41:40.071,1.38521,1.38528,1.50,3.00
2014.09.12 06:41:40.374,1.38522,1.38529,1.50,2.44
2014.09.12 06:41:40.526,1.38524,1.3853,1.50,3.19
2014.09.12 06:41:41.484,1.38524,1.3853,1.50,1.00
2014.09.12 06:41:41.989,1.38522,1.38529,3.19,1.50
2014.09.12 06:41:43.504,1.38522,1.38529,2.44,1.50
2014.09.12 06:41:49.116,1.38522,1.38529,2.81,1.00
2014.09.12 06:41:50.010,1.38523,1.3853,1.87,2.44
2014.09.12 06:41:50.515,1.38524,1.38531,1.37,1.25
2014.09.12 06:41:51.026,1.38524,1.38531,1.00,1.69
2014.09.12 06:41:54.153,1.38523,1.3853,1.69,1.50
2014.09.12 06:41:54.458,1.3852,1.38527,3.75,1.00
2014.09.12 06:41:54.966,1.38519,1.38526,1.69,1.12
2014.09.12 06:41:55.471,1.3852,1.38527,2.25,2.06
2014.09.12 06:41:55.984,1.3852,1.38527,1.50,2.81
2014.09.12 06:41:56.511,1.38519,1.38526,2.44,1.12
2014.09.12 06:41:58.713,1.3852,1.38526,1.00,1.00
2014.09.12 06:41:58.967,1.38522,1.38529,1.50,4.31
2014.09.12 06:41:59.169,1.38524,1.3853,1.00,2.06
2014.09.12 06:41:59.674,1.38523,1.3853,1.69,1.50
2014.09.12 06:42:00.229,1.38523,1.3853,1.50,2.06
2014.09.12 06:42:00.583,1.38521,1.3853,3.19,2.44
2014.09.12 06:42:00.809,1.38523,1.3853,1.00,2.44
2014.09.12 06:42:01.358,1.38525,1.3853,1.12,1.00
2014.09.12 06:42:01.510,1.38525,1.38532,1.12,1.50
2014.09.12 06:42:01.864,1.38526,1.38529,1.00,1.50
2014.09.12 06:42:02.116,1.38523,1.38529,1.87,1.00
2014.09.12 06:42:02.268,1.38521,1.38527,2.25,1.50
2014.09.12 06:42:02.572,1.38522,1.38527,1.00,5.32
2014.09.12 06:42:02.925,1.38523,1.38528,1.00,1.69
2014.09.12 06:42:03.884,1.38524,1.38529,1.50,1.19
2014.09.12 06:42:04.086,1.38526,1.38529,1.00,1.00
2014.09.12 06:42:04.136,1.38526,1.38532,1.00,4.69
2014.09.12 06:42:04.288,1.38528,1.38532,1.50,2.25
2014.09.12 06:42:04.794,1.38529,1.38532,1.00,1.00
2014.09.12 06:42:04.946,1.38529,1.38534,1.12,1.69
2014.09.12 06:42:05.456,1.38529,1.38534,3.37,1.00
2014.09.12 06:42:06.305,1.38529,1.38534,3.56,1.00
2014.09.12 06:42:06.809,1.3853,1.38534,3.37,1.00
2014.09.12 06:42:09.130,1.38529,1.38534,1.50,1.00
2014.09.12 06:42:10.568,1.38529,1.38534,1.00,1.37
2014.09.12 06:42:10.670,1.38527,1.38534,1.25,1.37
2014.09.12 06:42:10.974,1.38526,1.38533,3.00,2.06
2014.09.12 06:42:11.479,1.38525,1.38531,1.69,1.50
2014.09.12 06:42:11.984,1.38526,1.38532,1.00,1.50
2014.09.12 06:42:12.541,1.38527,1.38532,1.00,1.69
2014.09.12 06:42:12.983,1.38525,1.38531,1.50,1.87
2014.09.12 06:42:13.488,1.38525,1.38529,1.00,1.31
2014.09.12 06:42:13.791,1.38528,1.38531,2.62,1.00
2014.09.12 06:42:13.842,1.38531,1.38533,1.50,2.25
2014.09.12 06:42:14.146,1.38533,1.38536,1.00,1.00
2014.09.12 06:42:14.461,1.38535,1.38537,1.50,1.50
2014.09.12 06:42:14.613,1.38538,1.38542,3.19,1.00
2014.09.12 06:42:14.664,1.38541,1.38542,1.50,1.00
2014.09.12 06:42:14.968,1.38545,1.3855,1.50,1.50
2014.09.12 06:42:15.474,1.38547,1.3855,1.50,1.00
2014.09.12 06:42:15.625,1.38547,1.3855,1.50,1.00
2014.09.12 06:42:16.080,1.38549,1.3855,1.00,1.00
2014.09.12 06:42:16.181,1.3855,1.38554,1.00,1.69
2014.09.12 06:42:16.685,1.38549,1.38555,1.00,1.69
2014.09.12 06:42:17.190,1.38548,1.38555,1.50,1.69
2014.09.12 06:42:17.704,1.38548,1.38554,1.50,1.00
2014.09.12 06:42:18.109,1.38546,1.38553,3.00,2.06
2014.09.12 06:42:18.210,1.38546,1.38553,1.50,2.06
2014.09.12 06:42:18.514,1.38542,1.38547,2.25,1.25
2014.09.12 06:42:18.616,1.38541,1.38545,1.50,1.00
2014.09.12 06:42:18.919,1.38537,1.38542,1.00,1.00
2014.09.12 06:42:19.173,1.38535,1.38542,2.44,2.25
2014.09.12 06:42:19.577,1.38537,1.38544,1.00,1.50
2014.09.12 06:42:20.083,1.38538,1.38544,1.00,1.50
2014.09.12 06:42:20.536,1.38539,1.38546,1.00,2.62
2014.09.12 06:42:21.041,1.3854,1.38546,1.00,1.87
2014.09.12 06:42:21.546,1.38539,1.38545,1.00,1.00
2014.09.12 06:42:22.505,1.3854,1.38547,1.00,2.06
2014.09.12 06:42:23.012,1.3854,1.38547,2.25,2.06
2014.09.12 06:42:23.536,1.3854,1.38546,1.00,1.00
2014.09.12 06:42:27.031,1.38539,1.38546,2.25,1.00
2014.09.12 06:42:27.941,1.3854,1.38546,1.00,1.00
2014.09.12 06:42:28.608,1.38539,1.38546,2.44,1.00
2014.09.12 06:42:28.861,1.38539,1.38544,2.25,1.37
2014.09.12 06:42:28.962,1.38537,1.38544,3.19,1.37
2014.09.12 06:42:29.416,1.38539,1.38544,1.00,1.50
2014.09.12 06:42:29.921,1.38538,1.38545,1.69,1.00
2014.09.12 06:42:30.772,1.38539,1.38545,1.00,1.00
2014.09.12 06:42:31.277,1.38539,1.38546,1.00,1.50
2014.09.12 06:42:31.784,1.38539,1.38546,1.00,1.87
2014.09.12 06:42:32.298,1.38539,1.38546,1.00,2.62
2014.09.12 06:42:32.551,1.38537,1.38544,1.69,1.12
2014.09.12 06:42:32.904,1.38536,1.38543,1.50,1.87
2014.09.12 06:42:33.412,1.38536,1.38541,1.00,1.87
2014.09.12 06:42:34.488,1.38536,1.38541,1.00,1.87
2014.09.12 06:42:35.000,1.38535,1.38541,1.50,1.87
2014.09.12 06:42:37.701,1.38535,1.38542,3.75,2.81
2014.09.12 06:42:37.904,1.38538,1.38543,1.00,1.00
2014.09.12 06:42:38.055,1.38539,1.38545,1.50,1.50
2014.09.12 06:42:38.410,1.3854,1.38548,1.50,2.81
2014.09.12 06:42:39.108,1.3854,1.38548,1.50,2.62
2014.09.12 06:42:39.613,1.3854,1.38548,1.87,3.00
2014.09.12 06:42:40.320,1.38541,1.38548,1.37,3.19
2014.09.12 06:42:41.002,1.38541,1.38548,1.50,3.19
2014.09.12 06:42:41.508,1.3854,1.38547,4.31,1.50
2014.09.12 06:42:48.356,1.38541,1.38547,1.00,1.25
2014.09.12 06:42:48.861,1.38542,1.38548,1.00,1.19
2014.09.12 06:42:48.962,1.38542,1.38549,1.00,1.25
2014.09.12 06:42:49.476,1.38541,1.38549,1.25,2.81
2014.09.12 06:42:49.627,1.3854,1.38547,2.44,1.00
2014.09.12 06:42:50.132,1.3854,1.38546,1.19,1.50
2014.09.12 06:42:50.587,1.38539,1.38546,3.19,1.50
2014.09.12 06:42:51.119,1.3854,1.38546,1.00,1.50
2014.09.12 06:42:51.877,1.38539,1.38546,3.00,1.50
2014.09.12 06:42:52.383,1.38539,1.38545,2.25,1.50
2014.09.12 06:42:52.941,1.3854,1.38545,1.00,1.50
2014.09.12 06:42:53.452,1.3854,1.38546,1.50,1.00
2014.09.12 06:42:53.962,1.3854,1.38547,2.25,2.44
2014.09.12 06:42:54.538,1.3854,1.38546,1.50,1.00
2014.09.12 06:42:55.280,1.3854,1.38547,2.25,2.44
2014.09.12 06:42:56.594,1.38541,1.38547,1.37,1.25
2014.09.12 06:42:56.797,1.38543,1.3855,1.50,6.75
2014.09.12 06:42:57.403,1.38543,1.38549,1.00,1.00
2014.09.12 06:42:57.454,1.38541,1.38548,1.50,1.00
2014.09.12 06:42:58.120,1.38541,1.38547,1.00,1.00
2014.09.12 06:42:58.621,1.3854,1.38547,5.81,1.50
2014.09.12 06:43:01.680,1.3854,1.38543,3.94,1.00
2014.09.12 06:43:02.034,1.38536,1.38542,3.19,1.00
2014.09.12 06:43:02.135,1.38539,1.38543,1.00,1.00
2014.09.12 06:43:02.236,1.38537,1.38542,1.25,1.00
2014.09.12 06:43:02.388,1.38539,1.38542,1.00,1.00
2014.09.12 06:43:02.893,1.38538,1.38541,1.00,1.50
2014.09.12 06:43:03.314,1.38538,1.38543,1.00,1.50
2014.09.12 06:43:03.466,1.38536,1.38542,3.19,1.00
2014.09.12 06:43:05.226,1.38537,1.38542,1.00,1.00
2014.09.12 06:43:05.730,1.38536,1.38542,3.19,1.50
2014.09.12 06:43:11.015,1.38536,1.38541,1.25,1.00
2014.09.12 06:43:13.003,1.38535,1.38541,2.25,1.50
2014.09.12 06:43:13.939,1.38536,1.38541,1.00,1.50
2014.09.12 06:43:14.708,1.38538,1.38541,1.00,1.50
2014.09.12 06:43:15.246,1.38537,1.38541,1.00,1.00
2014.09.12 06:43:15.701,1.38535,1.38539,1.69,1.00
2014.09.12 06:43:16.055,1.38536,1.38542,1.00,2.25
2014.09.12 06:43:16.510,1.38535,1.3854,1.25,1.00
2014.09.12 06:43:16.813,1.38538,1.3854,1.00,2.25
2014.09.12 06:43:16.992,1.38536,1.3854,1.00,1.00
2014.09.12 06:43:18.004,1.38534,1.3854,2.06,1.00
2014.09.12 06:43:18.207,1.38533,1.38538,2.81,1.00
2014.09.12 06:43:19.267,1.38532,1.38538,1.56,1.00
2014.09.12 06:43:19.772,1.38533,1.38538,1.62,1.00
2014.09.12 06:43:21.716,1.38535,1.38539,1.12,1.50
2014.09.12 06:43:21.930,1.38535,1.38541,1.12,1.69
2014.09.12 06:43:22.611,1.38533,1.38541,1.31,3.19
2014.09.12 06:43:22.914,1.38535,1.38541,1.00,2.81
2014.09.12 06:43:23.432,1.38533,1.38541,1.37,2.25
2014.09.12 06:43:24.719,1.38534,1.38541,2.81,2.25
2014.09.12 06:43:25.337,1.38535,1.38541,1.37,1.69
2014.09.12 06:43:25.744,1.38535,1.38539,1.00,1.00
2014.09.12 06:43:25.795,1.38533,1.38539,1.00,1.00
2014.09.12 06:43:26.302,1.38532,1.38538,4.69,1.00
2014.09.12 06:43:26.773,1.38534,1.38539,1.00,3.75
2014.09.12 06:43:27.127,1.38534,1.3854,1.00,1.50
2014.09.12 06:43:27.632,1.38535,1.38541,1.00,1.69
2014.09.12 06:43:29.652,1.38534,1.38541,2.44,1.50
2014.09.12 06:43:32.050,1.38532,1.38539,3.56,1.00
2014.09.12 06:43:32.355,1.38532,1.38536,1.00,1.00
2014.09.12 06:43:32.457,1.3853,1.38535,2.81,1.00
2014.09.12 06:43:32.810,1.38527,1.38535,2.81,1.50
2014.09.12 06:43:33.447,1.38527,1.38534,2.06,1.00
2014.09.12 06:43:33.966,1.38529,1.38534,1.00,1.00
2014.09.12 06:43:34.490,1.3853,1.38534,1.37,1.00
2014.09.12 06:43:34.591,1.38531,1.38536,4.31,1.50
2014.09.12 06:43:34.793,1.38533,1.38537,1.00,1.00
2014.09.12 06:43:35.298,1.38533,1.38538,1.00,1.50
2014.09.12 06:43:38.670,1.38532,1.38536,1.00,1.50
2014.09.12 06:43:38.974,1.3853,1.38534,1.00,1.50
2014.09.12 06:43:39.518,1.38528,1.38533,1.69,1.50
2014.09.12 06:43:40.057,1.38528,1.38533,1.00,1.50
2014.09.12 06:43:44.900,1.38527,1.38533,1.25,1.50
2014.09.12 06:43:47.055,1.38526,1.38533,5.06,1.50
2014.09.12 06:43:47.560,1.38526,1.38532,1.69,1.12
2014.09.12 06:43:48.074,1.38525,1.38531,1.50,1.00
2014.09.12 06:43:49.179,1.38525,1.38532,2.25,2.81
2014.09.12 06:43:49.633,1.38525,1.3853,1.69,1.00
2014.09.12 06:43:50.940,1.38525,1.38531,1.50,1.87
2014.09.12 06:43:53.723,1.38525,1.38529,1.50,1.50
2014.09.12 06:43:54.086,1.38523,1.38529,1.12,1.50
2014.09.12 06:43:56.633,1.38523,1.38528,1.12,1.00
2014.09.12 06:43:57.142,1.38523,1.38529,1.87,1.00
2014.09.12 06:43:57.953,1.38522,1.38528,1.87,1.00
2014.09.12 06:43:58.515,1.38522,1.38529,2.62,1.00
2014.09.12 06:43:59.712,1.38522,1.38528,2.81,1.00
2014.09.12 06:44:00.380,1.38521,1.38528,2.06,1.00
2014.09.12 06:44:00.683,1.3852,1.38527,1.00,1.12
2014.09.12 06:44:01.137,1.3852,1.38525,1.00,1.00
2014.09.12 06:44:01.188,1.38518,1.38525,2.81,1.50
2014.09.12 06:44:02.289,1.38518,1.38525,1.87,1.50
2014.09.12 06:44:02.794,1.38518,1.38525,1.87,1.50
2014.09.12 06:44:03.320,1.38518,1.38525,1.87,1.50
2014.09.12 06:44:05.522,1.38519,1.38526,1.37,1.50
2014.09.12 06:44:06.026,1.38519,1.38527,1.62,3.19
2014.09.12 06:44:12.019,1.3852,1.38528,2.25,3.00
2014.09.12 06:44:13.185,1.38521,1.38528,1.87,1.50
2014.09.12 06:44:13.691,1.38521,1.38528,2.06,1.50
2014.09.12 06:44:14.515,1.38522,1.38529,1.31,1.00
2014.09.12 06:44:17.270,1.38522,1.38529,1.37,1.00
2014.09.12 06:44:17.624,1.38523,1.38531,3.19,1.00
2014.09.12 06:44:17.725,1.38527,1.38532,1.50,1.00
2014.09.12 06:44:18.028,1.38532,1.38539,2.44,2.25
2014.09.12 06:44:18.898,1.38533,1.38539,1.00,1.50
2014.09.12 06:44:19.507,1.38533,1.3854,1.87,2.81
2014.09.12 06:44:19.911,1.38534,1.38541,1.87,1.00
2014.09.12 06:44:20.214,1.38534,1.38541,1.50,1.00
2014.09.12 06:44:20.265,1.38536,1.38541,1.00,1.00
2014.09.12 06:44:20.771,1.38534,1.38541,1.87,1.00
2014.09.12 06:44:21.124,1.38533,1.38539,2.06,1.50
2014.09.12 06:44:21.427,1.38537,1.38541,1.00,1.00
2014.09.12 06:44:21.680,1.38535,1.38541,4.69,1.00
2014.09.12 06:44:21.977,1.38537,1.38541,1.00,2.25
2014.09.12 06:44:22.230,1.38535,1.38541,1.87,1.50
2014.09.12 06:44:22.634,1.38532,1.38538,3.37,1.50
2014.09.12 06:44:22.887,1.38531,1.38538,1.12,2.25
2014.09.12 06:44:23.543,1.3853,1.38537,4.69,1.00
2014.09.12 06:44:26.602,1.3853,1.38537,1.12,1.00
2014.09.12 06:44:27.116,1.3853,1.38538,1.31,2.81
2014.09.12 06:44:28.049,1.3853,1.38538,1.62,2.81
2014.09.12 06:44:28.558,1.38531,1.38538,1.31,2.62
2014.09.12 06:44:29.917,1.38531,1.38537,2.06,1.00
2014.09.12 06:44:31.001,1.38532,1.38537,1.00,1.00
2014.09.12 06:44:31.051,1.38532,1.38539,1.37,1.25
2014.09.12 06:44:31.714,1.38533,1.38539,1.37,1.00
2014.09.12 06:44:32.224,1.38533,1.38539,1.12,1.00
2014.09.12 06:44:37.043,1.38533,1.38539,1.37,1.00
2014.09.12 06:44:37.552,1.38533,1.3854,1.87,2.06
2014.09.12 06:44:37.858,1.38533,1.3854,2.06,1.87
2014.09.12 06:44:38.369,1.38532,1.38539,5.14,1.50
2014.09.12 06:44:38.622,1.38531,1.38538,2.62,1.50
2014.09.12 06:44:39.137,1.38533,1.38538,1.00,2.25
2014.09.12 06:44:39.578,1.38533,1.38536,1.00,1.00
2014.09.12 06:44:39.629,1.3853,1.38536,2.25,1.50
2014.09.12 06:44:40.159,1.38528,1.38535,4.20,1.69
2014.09.12 06:44:40.662,1.38529,1.38534,1.00,1.00
2014.09.12 06:44:41.066,1.38529,1.38532,1.50,1.00
2014.09.12 06:44:43.000,1.38529,1.38533,1.87,1.00
2014.09.12 06:44:43.303,1.38532,1.38535,1.50,2.25
2014.09.12 06:44:43.606,1.38534,1.38536,1.50,1.00
2014.09.12 06:44:43.657,1.38533,1.38538,1.50,1.50
2014.09.12 06:44:44.161,1.38533,1.38538,1.37,1.50
2014.09.12 06:44:44.313,1.38536,1.38538,1.50,1.00
2014.09.12 06:44:44.767,1.38537,1.3854,2.25,2.06
2014.09.12 06:44:45.020,1.38536,1.3854,3.82,1.69
2014.09.12 06:44:45.162,1.38535,1.3854,1.50,2.44
2014.09.12 06:44:47.603,1.38535,1.38541,1.87,1.25
2014.09.12 06:44:48.575,1.38535,1.38542,1.87,6.37
2014.09.12 06:44:50.128,1.38536,1.38542,1.00,3.00
2014.09.12 06:44:52.622,1.38537,1.38541,1.00,1.00
2014.09.12 06:44:52.724,1.38537,1.38543,1.12,3.00
2014.09.12 06:44:52.775,1.38537,1.38543,3.82,3.00
2014.09.12 06:44:53.078,1.38544,1.38547,5.40,1.19
2014.09.12 06:44:53.382,1.38546,1.38549,6.90,1.50
2014.09.12 06:44:53.584,1.38545,1.38548,5.40,1.19
2014.09.12 06:44:54.178,1.38547,1.38549,1.50,1.19
2014.09.12 06:44:54.280,1.38548,1.38552,1.50,1.00
2014.09.12 06:44:54.835,1.38549,1.38552,1.00,1.00
2014.09.12 06:44:54.987,1.38549,1.38555,1.12,3.56
2014.09.12 06:44:55.493,1.3855,1.38556,1.50,1.69
2014.09.12 06:44:56.000,1.38551,1.38556,1.00,1.25
2014.09.12 06:44:56.152,1.38553,1.38557,1.00,4.87
2014.09.12 06:44:56.456,1.38557,1.3856,1.00,1.00
2014.09.12 06:44:56.709,1.38557,1.38563,1.00,1.25
2014.09.12 06:44:57.234,1.38556,1.38563,1.50,1.25
2014.09.12 06:44:57.637,1.38554,1.38563,2.62,1.25
2014.09.12 06:44:58.227,1.38554,1.38563,3.00,1.25
2014.09.12 06:44:58.738,1.38556,1.38562,1.00,1.00
2014.09.12 06:44:58.890,1.38556,1.38558,1.00,1.00
2014.09.12 06:44:59.143,1.38554,1.38557,1.50,1.00
2014.09.12 06:44:59.194,1.38554,1.38555,1.50,1.00
2014.09.12 06:44:59.599,1.38552,1.38556,1.00,3.82
2014.09.12 06:45:00.110,1.38551,1.38556,1.00,3.82
2014.09.12 06:45:00.466,1.38551,1.38553,1.00,1.37
2014.09.12 06:45:00.769,1.38543,1.38549,3.00,6.89
2014.09.12 06:45:01.072,1.38542,1.38544,2.25,5.39
2014.09.12 06:45:01.195,1.38541,1.38544,1.50,1.12
2014.09.12 06:45:01.906,1.38541,1.38542,1.00,1.12
2014.09.12 06:45:02.261,1.38541,1.38546,1.00,3.82
2014.09.12 06:45:02.312,1.38541,1.38546,1.00,1.12
2014.09.12 06:45:02.515,1.38541,1.38546,1.50,3.07
2014.09.12 06:45:02.616,1.38541,1.38547,1.50,1.00
2014.09.12 06:45:03.121,1.38538,1.38547,4.69,1.50
2014.09.12 06:45:03.636,1.38538,1.38547,3.94,1.69
2014.09.12 06:45:04.242,1.3854,1.38547,1.00,1.69
2014.09.12 06:45:04.292,1.3854,1.38547,3.82,1.69
2014.09.12 06:45:04.646,1.38542,1.38549,1.12,1.25
2014.09.12 06:45:04.696,1.38542,1.38549,3.82,1.25
2014.09.12 06:45:05.203,1.38542,1.38549,1.50,2.44
2014.09.12 06:45:06.467,1.38541,1.38549,1.69,2.44
2014.09.12 06:45:06.972,1.38541,1.38548,1.69,1.50
2014.09.12 06:45:08.541,1.38541,1.38547,1.00,1.50
2014.09.12 06:45:08.697,1.38539,1.38546,3.19,1.87
2014.09.12 06:45:08.747,1.38539,1.38544,1.69,1.00
2014.09.12 06:45:09.722,1.38538,1.38544,1.00,1.50
2014.09.12 06:45:11.539,1.38537,1.38544,4.95,1.50
2014.09.12 06:45:11.641,1.38537,1.38544,3.00,1.50
2014.09.12 06:45:13.311,1.38537,1.38544,3.00,1.50
2014.09.12 06:45:13.832,1.38537,1.38544,2.62,1.50
2014.09.12 06:45:19.117,1.38537,1.38544,2.81,2.25
2014.09.12 06:45:20.638,1.38537,1.38543,1.31,4.57
2014.09.12 06:45:21.870,1.38536,1.38542,2.62,3.07
2014.09.12 06:45:24.109,1.38537,1.3854,1.62,1.00
2014.09.12 06:45:24.211,1.38538,1.38543,1.37,1.50
2014.09.12 06:45:24.718,1.38537,1.38541,3.37,1.00
2014.09.12 06:45:24.769,1.38537,1.38541,2.62,3.82
2014.09.12 06:45:25.225,1.38537,1.38543,2.62,3.82
2014.09.12 06:45:25.528,1.38538,1.38544,1.87,2.70
2014.09.12 06:45:25.680,1.3854,1.38546,2.62,4.57
2014.09.12 06:45:26.339,1.38541,1.38545,1.12,1.50
2014.09.12 06:45:26.593,1.38541,1.38546,1.12,1.12
2014.09.12 06:45:26.645,1.38541,1.38546,1.12,3.82
2014.09.12 06:45:27.151,1.3854,1.38545,2.06,3.07
2014.09.12 06:45:27.679,1.38539,1.38543,3.00,1.00
2014.09.12 06:45:28.190,1.3854,1.38543,1.00,1.00
2014.09.12 06:45:28.695,1.38539,1.38543,1.69,1.00
2014.09.12 06:45:29.200,1.38537,1.38543,1.87,1.00
2014.09.12 06:45:30.199,1.38539,1.38543,1.00,1.00
2014.09.12 06:45:30.301,1.38539,1.38545,1.00,4.50
2014.09.12 06:45:30.503,1.38537,1.38545,1.87,4.87
2014.09.12 06:45:31.025,1.38537,1.38543,2.62,1.00
2014.09.12 06:45:31.329,1.38537,1.38545,1.87,5.25
2014.09.12 06:45:32.095,1.38537,1.38542,1.87,1.00
2014.09.12 06:45:32.600,1.38536,1.38543,4.12,1.50
2014.09.12 06:45:32.902,1.38536,1.38542,1.00,2.25
2014.09.12 06:45:33.105,1.38535,1.38543,1.69,1.50
2014.09.12 06:45:33.698,1.38536,1.38543,1.50,1.50
2014.09.12 06:45:34.138,1.38536,1.38543,1.87,1.50
2014.09.12 06:45:35.208,1.38536,1.38542,1.62,1.00
2014.09.12 06:45:40.042,1.38536,1.38544,2.81,1.00
2014.09.12 06:45:40.551,1.38537,1.38545,1.62,3.56
2014.09.12 06:45:41.937,1.3854,1.38545,1.00,3.56
2014.09.12 06:45:44.120,1.38538,1.38545,2.81,3.37
2014.09.12 06:45:44.631,1.3854,1.38545,1.12,1.00
2014.09.12 06:45:45.178,1.38541,1.38547,1.00,1.19
2014.09.12 06:45:45.662,1.38541,1.38548,1.00,2.81
2014.09.12 06:45:48.667,1.38541,1.38548,1.00,1.69
2014.09.12 06:45:50.975,1.3854,1.38548,2.25,2.44
2014.09.12 06:45:51.076,1.38539,1.38545,2.44,1.00
2014.09.12 06:45:51.582,1.38538,1.38545,1.25,4.12
2014.09.12 06:45:52.651,1.38538,1.38545,1.00,5.06
2014.09.12 06:45:53.159,1.38538,1.38545,1.00,5.06
2014.09.12 06:45:56.015,1.38538,1.38545,1.00,4.31
2014.09.12 06:45:56.521,1.38538,1.38545,1.00,4.31
2014.09.12 06:45:57.530,1.38538,1.38545,1.00,4.69
2014.09.12 06:45:58.222,1.38538,1.38545,1.00,3.37
2014.09.12 06:45:58.748,1.38537,1.38545,4.12,3.75
2014.09.12 06:45:59.202,1.38539,1.38545,1.00,3.37
2014.09.12 06:45:59.621,1.38537,1.38545,3.75,3.75
2014.09.12 06:46:00.193,1.38539,1.38545,1.00,3.00
2014.09.12 06:46:00.698,1.38539,1.38545,1.00,3.37
2014.09.12 06:46:01.254,1.38539,1.38545,1.00,3.00
2014.09.12 06:46:01.766,1.38539,1.38545,1.00,3.56
2014.09.12 06:46:02.175,1.38537,1.38545,3.75,3.37
2014.09.12 06:46:03.471,1.38539,1.38545,1.00,3.19
2014.09.12 06:46:04.608,1.38537,1.38545,4.31,2.44
2014.09.12 06:46:05.109,1.38537,1.38545,4.12,2.44
2014.09.12 06:46:05.966,1.38537,1.38545,3.37,3.19
2014.09.12 06:46:06.471,1.38538,1.38545,1.37,2.25
2014.09.12 06:46:07.034,1.38539,1.38545,1.87,2.25
2014.09.12 06:46:07.338,1.38543,1.38548,1.00,1.19
2014.09.12 06:46:08.046,1.38543,1.38549,1.00,2.25
2014.09.12 06:46:08.552,1.38544,1.38549,1.00,1.50
2014.09.12 06:46:10.098,1.38544,1.3855,1.00,3.94
2014.09.12 06:46:10.461,1.38544,1.38548,1.00,1.00
2014.09.12 06:46:10.916,1.38543,1.3855,1.12,3.19
2014.09.12 06:46:11.437,1.38543,1.3855,1.12,5.44
2014.09.12 06:46:11.964,1.38542,1.38549,1.87,1.31
2014.09.12 06:46:13.530,1.38542,1.38548,1.50,1.00
2014.09.12 06:46:14.034,1.3854,1.38548,3.56,1.50
2014.09.12 06:46:14.288,1.38541,1.38546,1.00,1.00
2014.09.12 06:46:14.591,1.38541,1.38548,1.12,3.19
2014.09.12 06:46:15.095,1.38542,1.38548,1.00,3.19
2014.09.12 06:46:22.011,1.38542,1.38548,1.50,1.19
2014.09.12 06:46:22.516,1.38541,1.38548,1.50,1.69
2014.09.12 06:46:23.034,1.38542,1.38549,1.00,2.06
2014.09.12 06:46:23.582,1.38541,1.38548,2.62,1.69
2014.09.12 06:46:23.835,1.38544,1.38548,1.00,1.25
2014.09.12 06:46:24.391,1.38544,1.38549,1.00,1.69
2014.09.12 06:46:24.896,1.38543,1.38549,1.50,1.25
2014.09.12 06:46:25.199,1.38543,1.38549,1.00,2.81
2014.09.12 06:46:25.603,1.3854,1.38547,3.00,2.81
2014.09.12 06:46:26.007,1.3854,1.38545,3.37,1.00
2014.09.12 06:46:26.310,1.38545,1.38549,2.25,1.19
2014.09.12 06:46:26.815,1.38546,1.38549,1.50,1.19
2014.09.12 06:46:26.866,1.38546,1.38552,1.50,2.44
2014.09.12 06:46:27.398,1.38546,1.38552,1.50,1.25
2014.09.12 06:46:28.294,1.38545,1.38552,3.56,1.50
2014.09.12 06:46:28.345,1.38545,1.3855,3.94,1.00
2014.09.12 06:46:28.648,1.38543,1.38548,1.00,1.50
2014.09.12 06:46:29.154,1.38542,1.38549,1.37,1.25
2014.09.12 06:46:32.790,1.38543,1.38548,1.00,1.00
2014.09.12 06:46:34.536,1.38542,1.38545,1.25,1.00
2014.09.12 06:46:34.991,1.38543,1.38548,1.50,1.25
2014.09.12 06:46:38.383,1.38541,1.38548,1.69,2.25
2014.09.12 06:46:40.769,1.38539,1.38548,2.81,3.00
2014.09.12 06:46:40.920,1.38539,1.38545,2.06,1.00
2014.09.12 06:46:41.447,1.38539,1.38545,1.25,1.50
2014.09.12 06:46:41.955,1.38538,1.38545,2.44,3.75
2014.09.12 06:46:42.420,1.38538,1.38544,2.44,1.37
2014.09.12 06:46:42.950,1.38537,1.38544,2.44,2.62
2014.09.12 06:46:43.476,1.38537,1.38544,2.25,2.81
2014.09.12 06:46:44.352,1.38537,1.38544,1.00,5.06
2014.09.12 06:46:44.554,1.38533,1.3854,4.31,1.00
2014.09.12 06:46:45.059,1.38533,1.38539,1.50,1.25
2014.09.12 06:46:45.564,1.38532,1.38539,1.50,1.69
2014.09.12 06:46:46.069,1.38533,1.3854,1.00,4.31
2014.09.12 06:46:46.773,1.38532,1.38539,1.00,1.25
2014.09.12 06:46:47.076,1.38531,1.38537,2.44,1.50
2014.09.12 06:46:47.594,1.38531,1.38538,3.94,1.50
2014.09.12 06:46:47.897,1.3853,1.38535,1.19,1.00
2014.09.12 06:46:47.998,1.38529,1.38535,1.00,1.50
2014.09.12 06:46:48.149,1.38529,1.38532,1.00,1.00
2014.09.12 06:46:48.251,1.38529,1.38534,1.00,1.00
2014.09.12 06:46:48.352,1.38527,1.38532,1.00,1.00
2014.09.12 06:46:48.705,1.38526,1.3853,1.00,1.87
2014.09.12 06:46:49.008,1.38526,1.38528,1.00,1.00
2014.09.12 06:46:49.820,1.38526,1.3853,1.00,3.00
2014.09.12 06:46:49.922,1.38524,1.3853,1.00,2.25
2014.09.12 06:46:50.914,1.38523,1.3853,1.00,3.00
2014.09.12 06:46:51.015,1.38523,1.38529,1.00,3.82
2014.09.12 06:46:51.520,1.38522,1.38527,1.00,1.50
2014.09.12 06:46:52.179,1.38522,1.38529,1.00,2.25
2014.09.12 06:46:52.683,1.38522,1.38528,1.00,1.50
2014.09.12 06:46:53.195,1.38522,1.38527,1.00,1.00
2014.09.12 06:46:54.776,1.38522,1.38528,1.00,1.50
2014.09.12 06:46:55.543,1.38522,1.38526,1.00,1.00
2014.09.12 06:46:56.047,1.38522,1.38525,1.00,1.00
2014.09.12 06:46:56.598,1.38522,1.38526,1.00,1.00
2014.09.12 06:46:57.132,1.38522,1.38525,1.00,1.00
2014.09.12 06:46:57.650,1.38522,1.38526,1.00,1.00
2014.09.12 06:46:58.248,1.38522,1.38525,1.00,1.00
2014.09.12 06:46:59.010,1.38522,1.38526,1.00,1.50
2014.09.12 06:46:59.777,1.38522,1.38527,1.00,1.00
2014.09.12 06:47:00.693,1.38522,1.38526,1.00,1.00
2014.09.12 06:47:01.538,1.38522,1.38528,1.00,3.56
2014.09.12 06:47:02.143,1.38521,1.38528,1.50,5.06
2014.09.12 06:47:02.748,1.38521,1.38526,1.50,1.00
2014.09.12 06:47:03.294,1.38521,1.38528,1.50,4.69
2014.09.12 06:47:03.948,1.38522,1.38528,1.00,3.19
2014.09.12 06:47:05.124,1.38522,1.38528,1.00,2.81
2014.09.12 06:47:05.529,1.38523,1.3853,2.25,3.19
2014.09.12 06:47:05.832,1.38526,1.3853,1.00,1.25
2014.09.12 06:47:07.289,1.38526,1.38531,1.00,1.25
2014.09.12 06:47:12.542,1.38526,1.38533,1.50,2.81
2014.09.12 06:47:12.745,1.38528,1.38533,1.00,1.69
2014.09.12 06:47:13.250,1.38529,1.38533,1.00,1.00
2014.09.12 06:47:14.982,1.38528,1.38533,1.50,1.00
2014.09.12 06:47:15.490,1.38525,1.38532,3.94,1.00
2014.09.12 06:47:16.014,1.38525,1.38532,2.25,1.12
2014.09.12 06:47:17.108,1.38525,1.38531,1.00,1.00
2014.09.12 06:47:17.617,1.38525,1.38531,1.00,1.62
2014.09.12 06:47:19.272,1.38523,1.3853,2.25,1.87
2014.09.12 06:47:19.474,1.38522,1.3853,3.94,1.87
2014.09.12 06:47:19.777,1.38524,1.3853,1.00,2.81
2014.09.12 06:47:20.137,1.38522,1.3853,2.25,2.81
2014.09.12 06:47:20.495,1.38522,1.38528,2.25,1.87
2014.09.12 06:47:21.715,1.38521,1.38528,3.00,1.87
2014.09.12 06:47:22.785,1.38521,1.38527,1.50,1.37
2014.09.12 06:47:23.089,1.3852,1.38523,1.00,1.87
2014.09.12 06:47:23.493,1.38517,1.38523,2.25,1.87
2014.09.12 06:47:24.085,1.38516,1.38523,2.44,1.87
2014.09.12 06:47:24.898,1.38516,1.38523,1.69,1.87
2014.09.12 06:47:25.405,1.38515,1.38522,1.69,4.12
2014.09.12 06:47:25.911,1.38516,1.38522,1.00,1.12
2014.09.12 06:47:27.189,1.38516,1.38523,1.50,1.87
2014.09.12 06:47:27.392,1.38515,1.38523,1.12,1.87
2014.09.12 06:47:27.919,1.38516,1.38524,1.00,3.56
2014.09.12 06:47:28.525,1.38515,1.38523,2.06,1.62
2014.09.12 06:47:29.038,1.38516,1.38524,1.00,3.94
2014.09.12 06:47:30.054,1.38515,1.38524,1.69,4.69
2014.09.12 06:47:32.012,1.38515,1.38524,2.81,3.56
2014.09.12 06:47:32.994,1.38515,1.38523,3.56,1.12
2014.09.12 06:47:33.498,1.38515,1.38522,3.56,1.00
2014.09.12 06:47:34.158,1.38515,1.38522,3.37,1.00
2014.09.12 06:47:34.804,1.38515,1.38524,2.25,4.31
2014.09.12 06:47:35.006,1.38515,1.38524,3.37,4.31
2014.09.12 06:47:36.436,1.38516,1.38524,1.00,4.31
2014.09.12 06:47:36.940,1.38515,1.38524,4.31,4.31
2014.09.12 06:47:37.480,1.38515,1.38524,4.31,3.56
2014.09.12 06:47:39.225,1.38516,1.38524,1.25,3.56
2014.09.12 06:47:39.746,1.38516,1.38524,1.25,2.81
2014.09.12 06:47:40.516,1.38516,1.38524,1.50,2.81
2014.09.12 06:47:40.729,1.38516,1.38524,1.00,2.81
2014.09.12 06:47:40.947,1.38516,1.38524,1.25,1.50
2014.09.12 06:47:40.998,1.38519,1.38525,1.00,1.87
2014.09.12 06:47:41.301,1.38521,1.38526,1.50,1.00
2014.09.12 06:47:41.809,1.38521,1.38528,1.50,3.56
2014.09.12 06:47:44.600,1.38521,1.38528,1.50,1.69
2014.09.12 06:47:45.225,1.38521,1.38528,1.00,2.06
2014.09.12 06:47:45.730,1.3852,1.38526,1.25,1.00
2014.09.12 06:47:46.436,1.38521,1.38528,1.00,3.19
2014.09.12 06:47:46.638,1.38521,1.38528,2.25,3.75
2014.09.12 06:47:46.992,1.38523,1.38528,1.00,1.00
2014.09.12 06:47:47.244,1.38524,1.3853,1.50,1.50
2014.09.12 06:47:47.750,1.38524,1.38531,2.25,3.19
2014.09.12 06:47:49.908,1.38524,1.3853,1.25,1.00
2014.09.12 06:47:50.110,1.38523,1.38529,1.69,2.25
2014.09.12 06:47:50.464,1.38522,1.38529,1.00,2.25
2014.09.12 06:47:51.258,1.38522,1.38529,1.00,2.62
2014.09.12 06:47:53.547,1.38522,1.38529,3.75,2.25
2014.09.12 06:47:54.902,1.38522,1.38528,1.50,1.00
2014.09.12 06:47:55.356,1.3852,1.38525,1.00,1.50
2014.09.12 06:47:56.129,1.38519,1.38526,1.62,3.75
2014.09.12 06:47:56.446,1.38522,1.38526,1.37,1.50
2014.09.12 06:47:56.549,1.38522,1.38527,1.37,1.00
2014.09.12 06:47:56.801,1.38522,1.38525,1.00,1.00
2014.09.12 06:47:56.903,1.38522,1.38527,1.00,1.00
2014.09.12 06:47:57.206,1.38521,1.38525,1.00,1.00
2014.09.12 06:47:57.357,1.38521,1.38528,1.00,1.87
2014.09.12 06:47:57.863,1.38521,1.38528,1.25,1.12
2014.09.12 06:47:58.268,1.38522,1.38529,1.37,3.19
2014.09.12 06:47:58.471,1.38524,1.3853,1.12,2.44
2014.09.12 06:47:58.774,1.38525,1.38532,1.50,3.56
2014.09.12 06:47:58.977,1.38523,1.3853,1.00,1.00
2014.09.12 06:48:00.372,1.38523,1.3853,1.00,3.82
2014.09.12 06:48:00.676,1.38521,1.38526,2.25,1.00
2014.09.12 06:48:01.181,1.3852,1.38526,3.75,1.50
2014.09.12 06:48:02.746,1.3852,1.38527,3.94,1.50
2014.09.12 06:48:03.255,1.3852,1.38526,3.19,1.00
2014.09.12 06:48:03.848,1.38521,1.38526,1.00,1.00
2014.09.12 06:48:05.481,1.3852,1.38526,2.44,1.00
2014.09.12 06:48:12.614,1.38522,1.38526,1.50,1.00
2014.09.12 06:48:15.051,1.38521,1.38526,1.50,1.00
2014.09.12 06:48:16.009,1.38522,1.38526,1.00,1.00
2014.09.12 06:48:16.312,1.38523,1.3853,1.00,2.25
2014.09.12 06:48:16.665,1.38525,1.38531,1.00,1.50
2014.09.12 06:48:16.918,1.38527,1.38534,1.00,1.00
2014.09.12 06:48:17.829,1.38526,1.38533,2.25,1.50
2014.09.12 06:48:19.260,1.38527,1.38534,1.50,2.25
2014.09.12 06:48:20.945,1.38528,1.38535,1.00,1.19
2014.09.12 06:48:21.864,1.38529,1.38534,1.00,1.25
2014.09.12 06:48:22.374,1.38528,1.38535,1.50,1.19
2014.09.12 06:48:22.882,1.38528,1.38536,1.50,5.06
2014.09.12 06:48:23.394,1.38529,1.38536,1.00,5.81
2014.09.12 06:48:23.988,1.38529,1.38536,1.00,8.14
2014.09.12 06:48:24.508,1.38529,1.38535,1.00,1.25
2014.09.12 06:48:28.976,1.3853,1.38535,1.50,1.69
2014.09.12 06:48:31.977,1.3853,1.38534,1.50,1.00
2014.09.12 06:48:32.079,1.3853,1.38536,1.50,3.56
2014.09.12 06:48:33.564,1.3853,1.38535,1.50,1.00
2014.09.12 06:48:34.784,1.38531,1.38535,1.00,1.50
2014.09.12 06:48:35.289,1.3853,1.38535,1.50,2.25
2014.09.12 06:48:37.079,1.38531,1.38535,1.50,1.69
2014.09.12 06:48:38.049,1.38531,1.38536,1.50,1.69
2014.09.12 06:48:41.708,1.38531,1.38536,1.87,1.69
2014.09.12 06:48:42.213,1.38533,1.38537,1.50,1.00
2014.09.12 06:48:43.536,1.38533,1.38539,1.50,1.19
2014.09.12 06:48:44.567,1.38533,1.38539,1.50,1.00
2014.09.12 06:48:45.757,1.38533,1.3854,1.50,3.56
2014.09.12 06:48:46.414,1.38533,1.3854,1.50,3.94
2014.09.12 06:48:48.157,1.38533,1.38538,1.50,1.00
2014.09.12 06:48:48.694,1.38534,1.38539,1.00,1.00
2014.09.12 06:48:49.975,1.38534,1.3854,1.00,2.81
2014.09.12 06:48:50.840,1.38534,1.3854,1.00,2.81
2014.09.12 06:48:51.356,1.38534,1.3854,1.00,3.75
2014.09.12 06:48:54.507,1.38534,1.3854,1.37,2.25
2014.09.12 06:49:04.727,1.38534,1.3854,1.12,2.25
2014.09.12 06:49:05.947,1.38535,1.3854,1.00,1.00
2014.09.12 06:49:07.055,1.38534,1.3854,1.00,1.12
2014.09.12 06:49:07.583,1.38533,1.3854,1.00,2.62
2014.09.12 06:49:07.976,1.38533,1.38538,1.00,1.00
2014.09.12 06:49:10.488,1.38533,1.3854,1.00,4.31
2014.09.12 06:49:12.642,1.38533,1.38539,1.00,1.62
2014.09.12 06:49:13.459,1.38533,1.3854,1.00,4.69
2014.09.12 06:49:13.970,1.38532,1.38539,1.50,1.69
2014.09.12 06:49:14.121,1.38528,1.38535,3.75,3.00
2014.09.12 06:49:14.172,1.38528,1.38532,1.00,1.00
2014.09.12 06:49:14.324,1.38526,1.38532,1.00,2.25
2014.09.12 06:49:14.375,1.38525,1.3853,1.00,1.00
2014.09.12 06:49:14.729,1.38523,1.38528,1.19,1.50
2014.09.12 06:49:15.233,1.38523,1.38526,1.19,1.12
2014.09.12 06:49:15.890,1.3852,1.38526,1.00,1.31
2014.09.12 06:49:16.396,1.38521,1.38526,1.00,1.69
2014.09.12 06:49:16.935,1.38521,1.38526,1.00,1.69
2014.09.12 06:49:17.465,1.38521,1.38526,1.00,2.06
2014.09.12 06:49:17.817,1.38519,1.38526,1.50,2.81
2014.09.12 06:49:18.457,1.38519,1.38526,1.87,2.25
2014.09.12 06:49:19.185,1.38521,1.38526,1.00,1.87
2014.09.12 06:49:19.690,1.3852,1.38526,1.50,1.50
2014.09.12 06:49:19.993,1.38513,1.3852,1.50,2.25
2014.09.12 06:49:20.772,1.38512,1.38519,2.25,2.62
2014.09.12 06:49:21.293,1.38512,1.38518,1.00,1.12
2014.09.12 06:49:21.798,1.38512,1.38518,1.00,1.87
2014.09.12 06:49:22.606,1.38511,1.38518,2.44,1.87
2014.09.12 06:49:22.710,1.38511,1.38518,2.44,1.87
2014.09.12 06:49:24.463,1.38512,1.38518,1.00,1.50
2014.09.12 06:49:24.867,1.38511,1.38516,3.19,1.00
2014.09.12 06:49:25.480,1.3851,1.38516,1.00,2.62
2014.09.12 06:49:25.784,1.38502,1.38508,3.00,1.00
2014.09.12 06:49:26.288,1.38501,1.38508,1.50,1.50
2014.09.12 06:49:26.794,1.38502,1.38508,1.00,2.25
2014.09.12 06:49:27.375,1.38501,1.38508,1.50,2.25
2014.09.12 06:49:27.729,1.38503,1.38508,1.00,2.25
2014.09.12 06:49:28.527,1.38504,1.38508,1.00,3.00
2014.09.12 06:49:29.029,1.38504,1.38507,1.00,1.50
2014.09.12 06:49:30.289,1.38506,1.38507,1.00,1.00
2014.09.12 06:49:30.541,1.38509,1.38511,3.00,1.00
2014.09.12 06:49:30.592,1.38511,1.38513,1.50,1.00
2014.09.12 06:49:31.091,1.38511,1.38515,1.50,3.00
2014.09.12 06:49:32.563,1.38511,1.38515,1.00,4.12
2014.09.12 06:49:33.068,1.38512,1.38515,1.50,1.50
2014.09.12 06:49:33.170,1.38511,1.38514,1.00,1.37
2014.09.12 06:49:33.372,1.38504,1.3851,1.00,1.50
2014.09.12 06:49:33.423,1.38503,1.38508,1.50,1.00
2014.09.12 06:49:33.950,1.38502,1.38508,1.50,1.25
2014.09.12 06:49:35.033,1.38503,1.38509,1.00,4.31
2014.09.12 06:49:35.539,1.38503,1.3851,1.12,3.56
2014.09.12 06:49:36.197,1.38502,1.38508,2.81,1.00
2014.09.12 06:49:36.706,1.38502,1.38509,2.81,1.87
2014.09.12 06:49:37.215,1.38502,1.38508,2.81,1.00
2014.09.12 06:49:37.519,1.38504,1.3851,1.50,1.87
2014.09.12 06:49:38.024,1.38505,1.38511,1.50,1.50
2014.09.12 06:49:38.327,1.38511,1.38513,1.50,1.00
2014.09.12 06:49:38.709,1.38512,1.38517,3.37,1.50
2014.09.12 06:49:38.760,1.38513,1.38518,1.87,1.50
2014.09.12 06:49:39.267,1.38514,1.3852,2.62,2.81
2014.09.12 06:49:39.771,1.38514,1.3852,1.87,2.62
2014.09.12 06:49:39.822,1.38514,1.3852,1.12,3.37
2014.09.12 06:49:40.125,1.38511,1.38517,1.87,1.37
2014.09.12 06:49:40.226,1.38511,1.38517,1.50,1.50
2014.09.12 06:49:40.734,1.3851,1.38516,1.00,1.00
2014.09.12 06:49:41.188,1.38508,1.38517,5.25,3.75
2014.09.12 06:49:41.742,1.38508,1.38517,5.06,4.31
2014.09.12 06:49:41.844,1.38508,1.38512,2.62,1.00
2014.09.12 06:49:41.895,1.38506,1.38511,1.50,1.50
2014.09.12 06:49:41.947,1.38506,1.38509,1.50,1.00
2014.09.12 06:49:42.099,1.38503,1.3851,1.00,2.44
2014.09.12 06:49:42.654,1.38504,1.3851,1.00,1.69
2014.09.12 06:49:42.857,1.38507,1.3851,1.00,1.00
2014.09.12 06:49:43.377,1.38506,1.38512,1.50,2.44
2014.09.12 06:49:43.680,1.38508,1.38515,1.00,1.69
2014.09.12 06:49:43.983,1.38509,1.38516,1.00,3.56
2014.09.12 06:49:46.191,1.38508,1.38515,2.44,1.00
2014.09.12 06:49:46.292,1.38508,1.38513,1.25,1.00
2014.09.12 06:49:46.696,1.38505,1.38512,1.00,1.00
2014.09.12 06:49:46.747,1.38504,1.38512,2.06,3.37
2014.09.12 06:49:46.999,1.38501,1.38508,1.69,1.50
2014.09.12 06:49:47.504,1.38502,1.38509,3.75,1.50
2014.09.12 06:49:48.008,1.38502,1.3851,3.94,2.06
2014.09.12 06:49:48.110,1.38504,1.3851,1.50,2.06
2014.09.12 06:49:48.362,1.38505,1.38513,1.50,6.56
2014.09.12 06:49:48.777,1.38507,1.38513,1.00,2.06
2014.09.12 06:49:50.891,1.38508,1.38513,1.00,2.06
2014.09.12 06:49:51.810,1.38507,1.38513,1.00,2.06
2014.09.12 06:49:54.615,1.38508,1.38513,1.50,1.69
2014.09.12 06:49:55.499,1.38508,1.38514,1.00,2.81
2014.09.12 06:49:55.600,1.38508,1.38514,1.00,2.62
2014.09.12 06:49:57.038,1.38509,1.38514,1.00,3.75
2014.09.12 06:49:57.551,1.38508,1.38512,1.00,1.00
2014.09.12 06:49:57.955,1.38505,1.38511,1.69,1.00
2014.09.12 06:49:58.056,1.38507,1.38511,1.00,1.00
2014.09.12 06:49:58.309,1.38508,1.38513,1.50,1.25
2014.09.12 06:49:58.763,1.38506,1.38513,1.50,2.06
2014.09.12 06:49:59.709,1.38506,1.38511,1.50,1.50
2014.09.12 06:50:00.216,1.38505,1.38511,1.50,1.50
2014.09.12 06:50:00.267,1.38507,1.38511,1.00,1.50
2014.09.12 06:50:00.741,1.38509,1.38512,1.50,1.00
2014.09.12 06:50:00.944,1.38507,1.38513,3.00,1.00
2014.09.12 06:50:01.561,1.38508,1.38514,1.00,1.50
2014.09.12 06:50:01.713,1.38506,1.38513,1.00,1.69
2014.09.12 06:50:01.966,1.38508,1.38514,1.50,4.69
2014.09.12 06:50:02.473,1.38507,1.38514,1.50,2.44
2014.09.12 06:50:02.978,1.38507,1.38513,1.50,1.50
2014.09.12 06:50:03.546,1.38508,1.38513,1.00,1.69
2014.09.12 06:50:04.481,1.38508,1.38514,1.00,5.44
2014.09.12 06:50:05.000,1.38508,1.38513,1.00,1.00
2014.09.12 06:50:09.361,1.38508,1.38512,1.00,1.00
2014.09.12 06:50:09.867,1.38507,1.38514,1.00,3.56
2014.09.12 06:50:14.158,1.38507,1.38512,1.00,1.00
2014.09.12 06:50:14.663,1.38506,1.38513,1.50,10.01
2014.09.12 06:50:14.915,1.38506,1.38513,1.50,7.69
2014.09.12 06:50:15.330,1.38506,1.38512,1.50,1.19
2014.09.12 06:50:19.504,1.38507,1.38513,1.50,3.19
2014.09.12 06:50:25.186,1.38507,1.38512,1.50,1.00
2014.09.12 06:50:25.813,1.38507,1.38513,1.50,1.12
2014.09.12 06:50:26.729,1.38508,1.38513,1.00,1.00
2014.09.12 06:50:26.831,1.38511,1.38515,1.00,1.62
2014.09.12 06:50:27.222,1.38508,1.38514,1.00,1.12
2014.09.12 06:50:30.955,1.38508,1.38513,1.00,1.00
2014.09.12 06:50:31.731,1.38509,1.38513,1.50,1.00
2014.09.12 06:50:32.236,1.38509,1.38514,1.50,1.25
2014.09.12 06:50:32.960,1.38509,1.38514,1.50,1.37
2014.09.12 06:50:33.263,1.3851,1.38515,1.00,2.06
2014.09.12 06:50:33.465,1.38512,1.38516,1.00,2.06
2014.09.12 06:50:34.755,1.38511,1.38516,1.50,1.00
2014.09.12 06:50:35.265,1.38511,1.38515,1.50,1.00
2014.09.12 06:50:35.805,1.3851,1.38515,1.50,3.37
2014.09.12 06:50:36.310,1.38511,1.38515,1.00,1.00
2014.09.12 06:50:37.118,1.38511,1.38516,1.00,1.12
2014.09.12 06:50:37.675,1.38512,1.38516,1.50,1.12
2014.09.12 06:50:46.685,1.38511,1.38516,1.00,1.50
2014.09.12 06:50:49.867,1.3851,1.38516,1.00,1.69
2014.09.12 06:50:49.918,1.38508,1.38517,1.69,5.06
2014.09.12 06:50:50.434,1.38508,1.38514,1.00,2.25
2014.09.12 06:50:55.979,1.38508,1.38514,1.00,2.44
2014.09.12 06:50:57.178,1.3851,1.38514,1.00,2.44
2014.09.12 06:50:57.482,1.38513,1.38517,2.25,1.50
2014.09.12 06:50:57.735,1.38516,1.38521,1.00,1.00
2014.09.12 06:50:58.189,1.38518,1.38522,1.00,1.25
2014.09.12 06:50:58.341,1.38518,1.38525,3.00,1.87
2014.09.12 06:50:58.847,1.38517,1.38524,1.50,1.12
2014.09.12 06:50:58.898,1.38517,1.38522,1.00,1.50
2014.09.12 06:50:58.949,1.38515,1.38522,2.25,2.25
2014.09.12 06:50:59.000,1.38514,1.38521,1.25,1.12
2014.09.12 06:50:59.354,1.38512,1.38519,1.50,2.25
2014.09.12 06:50:59.607,1.38511,1.38518,1.00,2.62
2014.09.12 06:51:00.061,1.38509,1.38516,2.25,1.69
2014.09.12 06:51:00.415,1.38511,1.38516,1.00,1.69
2014.09.12 06:51:00.920,1.38512,1.38516,1.00,1.25
2014.09.12 06:51:01.439,1.38512,1.38518,1.00,1.00
2014.09.12 06:51:03.143,1.38512,1.38518,1.00,1.37
2014.09.12 06:51:04.099,1.38512,1.38517,1.00,1.37
2014.09.12 06:51:04.625,1.38512,1.38517,1.00,1.00
2014.09.12 06:51:05.239,1.38512,1.38518,1.00,2.44
2014.09.12 06:51:05.906,1.38512,1.38517,1.00,1.00
2014.09.12 06:51:06.411,1.38511,1.38518,1.69,1.50
2014.09.12 06:51:06.664,1.38513,1.3852,1.00,2.44
2014.09.12 06:51:06.816,1.38514,1.38521,1.00,3.00
2014.09.12 06:51:06.968,1.38516,1.38522,1.50,1.69
2014.09.12 06:51:07.475,1.38515,1.38522,1.00,3.75
2014.09.12 06:51:07.980,1.38515,1.38521,1.00,1.00
2014.09.12 06:51:08.483,1.38515,1.38522,1.00,3.75
2014.09.12 06:51:09.015,1.38515,1.38521,1.00,1.12
2014.09.12 06:51:10.844,1.38515,1.38522,1.00,2.25
2014.09.12 06:51:11.349,1.38514,1.38521,1.25,1.50
2014.09.12 06:51:11.861,1.38513,1.3852,1.69,1.87
2014.09.12 06:51:12.114,1.38511,1.3852,5.06,2.81
2014.09.12 06:51:13.285,1.38512,1.3852,1.25,3.94
2014.09.12 06:51:13.790,1.38511,1.3852,4.31,4.31
2014.09.12 06:51:13.891,1.38511,1.38518,2.25,1.25
2014.09.12 06:51:14.195,1.38506,1.38513,1.00,2.25
2014.09.12 06:51:14.499,1.38505,1.38511,1.50,1.00
2014.09.12 06:51:15.014,1.38506,1.38513,1.50,5.81
2014.09.12 06:51:15.551,1.38506,1.38513,1.50,5.06
2014.09.12 06:51:19.941,1.38508,1.38513,1.00,1.50
2014.09.12 06:51:23.945,1.38507,1.38512,1.50,1.00
2014.09.12 06:51:24.199,1.38505,1.38512,1.00,1.50
2014.09.12 06:51:24.704,1.38505,1.38511,1.00,2.62
2014.09.12 06:51:25.192,1.38503,1.3851,1.50,1.00
2014.09.12 06:51:25.495,1.38506,1.38511,1.00,1.00
2014.09.12 06:51:25.748,1.38509,1.38515,1.00,2.25
2014.09.12 06:51:26.252,1.3851,1.38516,1.00,1.12
2014.09.12 06:51:27.820,1.38511,1.38517,1.50,1.37
2014.09.12 06:51:28.072,1.38511,1.38518,1.50,3.19
2014.09.12 06:51:28.789,1.38512,1.38518,1.50,1.87
2014.09.12 06:51:33.728,1.38513,1.38518,1.00,1.69
2014.09.12 06:51:33.879,1.38514,1.3852,1.00,2.25
2014.09.12 06:51:34.384,1.38515,1.38519,1.00,1.00
2014.09.12 06:51:35.044,1.38515,1.38522,1.00,1.69
2014.09.12 06:51:35.348,1.38517,1.38523,1.50,3.19
2014.09.12 06:51:36.106,1.38517,1.38522,1.50,1.87
2014.09.12 06:51:36.258,1.38513,1.3852,1.00,2.44
2014.09.12 06:51:36.309,1.38512,1.3852,2.44,5.89
2014.09.12 06:51:36.714,1.38511,1.38517,1.50,2.62
2014.09.12 06:51:37.982,1.38511,1.38517,1.50,1.69
2014.09.12 06:51:39.492,1.38511,1.38517,1.50,1.69
2014.09.12 06:51:44.015,1.38511,1.38518,2.25,1.50
2014.09.12 06:51:44.066,1.38513,1.38518,1.00,1.50
2014.09.12 06:51:47.471,1.38512,1.38518,1.00,1.87
2014.09.12 06:51:47.976,1.3851,1.38517,2.06,1.00
2014.09.12 06:51:48.490,1.3851,1.38517,1.31,1.00
2014.09.12 06:51:50.935,1.3851,1.38517,1.69,1.37
2014.09.12 06:51:51.239,1.38504,1.38509,1.00,1.50
2014.09.12 06:51:51.441,1.38501,1.38507,1.50,3.00
2014.09.12 06:51:51.946,1.38501,1.38506,1.00,1.69
2014.09.12 06:51:52.256,1.38499,1.38506,1.50,3.19
2014.09.12 06:51:52.780,1.385,1.38506,1.50,1.25
2014.09.12 06:51:54.137,1.385,1.38507,1.87,1.69
2014.09.12 06:51:54.187,1.38502,1.38507,1.00,1.00
2014.09.12 06:51:54.490,1.38503,1.38507,1.69,1.00
2014.09.12 06:51:54.541,1.38504,1.3851,2.06,1.50
2014.09.12 06:51:54.642,1.38504,1.38512,3.19,1.25
2014.09.12 06:51:54.946,1.38504,1.3851,1.69,1.00
2014.09.12 06:51:55.148,1.38505,1.38512,1.00,1.31
2014.09.12 06:51:56.677,1.38505,1.38512,1.00,1.62
2014.09.12 06:51:56.829,1.38507,1.38513,1.50,2.06
2014.09.12 06:51:57.334,1.38506,1.38513,1.25,1.12
2014.09.12 06:51:57.791,1.38509,1.38514,1.00,1.00
2014.09.12 06:51:57.892,1.3851,1.38516,1.00,1.12
2014.09.12 06:51:58.396,1.3851,1.38517,1.50,1.69
2014.09.12 06:51:58.901,1.3851,1.38518,2.44,4.31
2014.09.12 06:52:00.658,1.3851,1.38517,1.00,1.00
2014.09.12 06:52:01.172,1.38511,1.38518,1.00,3.56
2014.09.12 06:52:03.247,1.3851,1.38517,1.69,1.12
2014.09.12 06:52:08.169,1.3851,1.38516,1.00,1.00
2014.09.12 06:52:10.392,1.3851,1.38515,1.00,1.00
2014.09.12 06:52:11.255,1.38509,1.38515,2.44,1.00
2014.09.12 06:52:11.609,1.38507,1.38514,3.75,1.50
2014.09.12 06:52:12.126,1.38506,1.38513,1.00,1.50
2014.09.12 06:52:13.713,1.38504,1.38513,4.31,3.56
2014.09.12 06:52:14.016,1.38502,1.38508,1.50,1.50
2014.09.12 06:52:14.521,1.38501,1.38508,1.69,1.87
2014.09.12 06:52:16.306,1.38501,1.38507,1.00,1.00
2014.09.12 06:52:17.471,1.385,1.38507,3.00,1.50
2014.09.12 06:52:18.188,1.38501,1.38507,1.00,1.00
2014.09.12 06:52:18.921,1.385,1.38507,3.00,1.50
2014.09.12 06:52:20.223,1.38501,1.38507,1.00,1.50
2014.09.12 06:52:22.264,1.38501,1.38508,2.25,3.00
2014.09.12 06:52:22.768,1.38502,1.38509,1.50,2.44
2014.09.12 06:52:27.720,1.38502,1.38509,3.19,3.37
2014.09.12 06:52:29.866,1.38502,1.38507,2.25,1.00
2014.09.12 06:52:30.477,1.38502,1.38508,2.25,1.87
2014.09.12 06:52:30.832,1.38502,1.38508,1.00,3.56
2014.09.12 06:52:31.337,1.38501,1.38508,1.50,3.56
2014.09.12 06:52:31.870,1.38502,1.38508,1.00,1.62
2014.09.12 06:52:31.991,1.38501,1.38507,3.37,1.87
2014.09.12 06:52:32.345,1.38503,1.38508,1.00,1.37
2014.09.12 06:52:32.850,1.38503,1.38508,1.00,1.00
2014.09.12 06:52:33.599,1.38503,1.38509,1.00,1.87
2014.09.12 06:52:34.130,1.38504,1.3851,1.69,1.12
2014.09.12 06:52:34.988,1.38505,1.38511,1.00,1.87
2014.09.12 06:52:35.545,1.38505,1.38512,1.00,1.69
2014.09.12 06:52:35.949,1.38505,1.38512,1.00,2.06
2014.09.12 06:52:36.469,1.38504,1.38511,3.56,1.87
2014.09.12 06:52:36.984,1.38503,1.38509,2.44,1.00
2014.09.12 06:52:37.389,1.38503,1.38509,1.19,1.87
2014.09.12 06:52:38.202,1.38503,1.38509,1.00,1.37
2014.09.12 06:52:38.728,1.38503,1.38509,1.00,1.37
2014.09.12 06:52:38.779,1.38503,1.38509,1.00,1.37
2014.09.12 06:52:39.296,1.38503,1.38509,1.00,1.12
2014.09.12 06:52:41.917,1.38503,1.38509,1.00,1.87
2014.09.12 06:52:42.422,1.38503,1.38509,1.00,1.12
2014.09.12 06:52:42.946,1.38503,1.38507,1.00,1.00
2014.09.12 06:52:43.929,1.38503,1.38508,1.00,1.00
2014.09.12 06:52:46.302,1.38501,1.38508,3.19,1.12
2014.09.12 06:52:46.852,1.38501,1.38508,2.81,1.12
2014.09.12 06:52:47.173,1.38505,1.38509,1.00,1.00
2014.09.12 06:52:47.508,1.3851,1.38513,1.87,1.50
2014.09.12 06:52:48.014,1.38511,1.38513,1.00,1.50
2014.09.12 06:52:48.166,1.3851,1.38517,3.00,1.50
2014.09.12 06:52:49.383,1.3851,1.38517,2.25,1.87
2014.09.12 06:52:49.484,1.38509,1.38516,2.81,1.50
2014.09.12 06:52:49.995,1.38509,1.38516,3.56,1.50
2014.09.12 06:52:50.507,1.38509,1.38515,1.69,2.25
2014.09.12 06:52:51.043,1.38509,1.38515,1.25,2.25
2014.09.12 06:52:54.050,1.38509,1.38514,1.25,2.25
2014.09.12 06:52:54.253,1.38508,1.38512,1.19,1.00
2014.09.12 06:52:54.557,1.38508,1.3851,1.00,1.00
2014.09.12 06:52:55.314,1.38504,1.38509,1.00,1.00
2014.09.12 06:52:55.365,1.38505,1.38512,1.00,1.00
2014.09.12 06:52:55.908,1.38505,1.38511,1.00,1.00
2014.09.12 06:52:57.332,1.38505,1.38512,1.00,1.69
2014.09.12 06:52:58.356,1.38504,1.38511,1.50,1.00
2014.09.12 06:53:00.559,1.38504,1.3851,2.06,1.00
2014.09.12 06:53:01.065,1.38503,1.38509,1.50,1.00
2014.09.12 06:53:01.217,1.38504,1.38506,1.00,1.00
2014.09.12 06:53:01.318,1.38504,1.38511,2.25,2.25
2014.09.12 06:53:01.823,1.38505,1.38511,1.50,1.00
2014.09.12 06:53:02.424,1.38505,1.3851,1.50,1.37
2014.09.12 06:53:02.778,1.38503,1.38508,3.19,1.00
2014.09.12 06:53:02.879,1.38503,1.38506,3.19,1.00
2014.09.12 06:53:03.151,1.385,1.38507,3.94,3.00
2014.09.12 06:53:03.202,1.385,1.38505,3.94,1.00
2014.09.12 06:53:03.508,1.38502,1.38506,1.00,1.00
2014.09.12 06:53:03.864,1.385,1.38504,2.44,1.00
2014.09.12 06:53:03.966,1.385,1.38506,2.25,1.00
2014.09.12 06:53:04.168,1.385,1.38504,1.50,1.00
2014.09.12 06:53:04.625,1.385,1.38506,2.25,1.00
2014.09.12 06:53:05.080,1.385,1.38504,2.25,1.00
2014.09.12 06:53:05.181,1.385,1.38506,2.25,1.00
2014.09.12 06:53:05.585,1.385,1.38504,2.25,1.00
2014.09.12 06:53:06.809,1.385,1.38505,3.00,1.00
2014.09.12 06:53:07.353,1.385,1.38504,3.00,1.00
2014.09.12 06:53:07.818,1.385,1.38506,1.50,2.62
2014.09.12 06:53:08.323,1.385,1.38505,1.50,1.12
2014.09.12 06:53:08.861,1.38501,1.38505,1.50,1.00
2014.09.12 06:53:09.429,1.38501,1.38506,1.50,2.62
2014.09.12 06:53:12.381,1.385,1.38506,1.00,1.12
2014.09.12 06:53:12.432,1.385,1.38504,1.00,1.00
2014.09.12 06:53:14.315,1.38501,1.38504,1.00,1.00
2014.09.12 06:53:14.416,1.38501,1.38506,1.87,1.00
2014.09.12 06:53:14.719,1.38503,1.38506,1.00,1.00
2014.09.12 06:53:14.921,1.38501,1.38506,1.50,1.00
2014.09.12 06:53:15.435,1.38502,1.38505,1.50,1.00
2014.09.12 06:53:15.486,1.38502,1.38508,1.50,1.50
2014.09.12 06:53:16.143,1.38502,1.38507,2.25,1.00
2014.09.12 06:53:16.295,1.38502,1.38509,2.25,2.25
2014.09.12 06:53:17.104,1.38503,1.38509,1.00,1.00
2014.09.12 06:53:18.194,1.38502,1.38509,2.44,1.87
2014.09.12 06:53:18.245,1.38502,1.38507,1.31,1.00
2014.09.12 06:53:18.548,1.38501,1.38505,1.50,1.00
2014.09.12 06:53:18.700,1.38501,1.38507,1.50,1.00
2014.09.12 06:53:18.801,1.38501,1.38505,1.50,1.00
2014.09.12 06:53:20.223,1.38501,1.38506,1.50,1.00
2014.09.12 06:53:20.783,1.38501,1.38507,3.00,1.00
2014.09.12 06:53:21.338,1.38501,1.38505,3.19,1.00
2014.09.12 06:53:21.893,1.38501,1.38507,2.25,1.00
2014.09.12 06:53:22.152,1.38501,1.38507,2.25,1.37
2014.09.12 06:53:22.854,1.38501,1.38508,1.50,4.31
2014.09.12 06:53:23.359,1.38502,1.38508,1.00,2.06
2014.09.12 06:53:23.565,1.38502,1.38508,1.00,1.87
2014.09.12 06:53:23.717,1.38505,1.38509,1.00,1.00
2014.09.12 06:53:24.222,1.38504,1.3851,1.00,1.00
2014.09.12 06:53:24.727,1.38504,1.38511,1.00,3.00
2014.09.12 06:53:26.509,1.38504,1.38511,1.00,3.37
2014.09.12 06:53:27.631,1.38503,1.38511,3.94,3.37
2014.09.12 06:53:27.956,1.38502,1.38508,3.94,1.00
2014.09.12 06:53:28.411,1.38501,1.38508,3.19,1.50
2014.09.12 06:53:29.869,1.38501,1.38508,2.25,2.62
2014.09.12 06:53:33.299,1.38501,1.38508,2.25,2.25
2014.09.12 06:53:33.501,1.38501,1.38508,2.25,1.37
2014.09.12 06:53:33.956,1.38502,1.38508,1.00,1.12
2014.09.12 06:53:34.410,1.38503,1.3851,1.00,2.44
2014.09.12 06:53:35.792,1.38503,1.3851,2.81,2.62
2014.09.12 06:53:36.914,1.38503,1.3851,2.44,3.37
2014.09.12 06:53:37.519,1.38503,1.3851,2.25,3.56
2014.09.12 06:53:38.037,1.38503,1.3851,2.25,2.81
2014.09.12 06:53:40.514,1.38503,1.3851,2.25,3.37
2014.09.12 06:53:41.232,1.38502,1.38509,3.00,1.87
2014.09.12 06:53:42.824,1.38502,1.38509,3.00,1.87
2014.09.12 06:53:43.498,1.38502,1.38509,3.00,1.87
2014.09.12 06:53:44.000,1.38502,1.38509,3.00,1.87
2014.09.12 06:53:45.622,1.38502,1.38506,1.50,1.05
2014.09.12 06:53:45.926,1.38495,1.38497,1.50,1.19
2014.09.12 06:53:45.977,1.38491,1.38494,1.50,1.00
2014.09.12 06:53:46.078,1.3849,1.38493,1.00,1.00
2014.09.12 06:53:46.381,1.3849,1.38496,1.00,1.69
2014.09.12 06:53:46.482,1.3849,1.38494,1.50,1.00
2014.09.12 06:53:46.684,1.38491,1.38496,1.12,1.00
2014.09.12 06:53:46.887,1.3849,1.38498,4.31,2.44
2014.09.12 06:53:47.089,1.3849,1.38496,1.25,1.00
2014.09.12 06:53:47.462,1.38489,1.38494,2.25,1.00
2014.09.12 06:53:47.563,1.38489,1.38496,1.50,1.69
2014.09.12 06:53:47.664,1.38488,1.38494,7.69,1.00
2014.09.12 06:53:47.967,1.38488,1.38491,3.19,1.00
2014.09.12 06:53:48.270,1.38486,1.38488,1.50,1.00
2014.09.12 06:53:48.573,1.38484,1.38487,2.25,1.00
2014.09.12 06:53:48.876,1.38481,1.38485,4.12,1.00
2014.09.12 06:53:49.381,1.38481,1.38486,3.75,1.00
2014.09.12 06:53:49.891,1.38481,1.38486,3.56,1.00
2014.09.12 06:53:50.191,1.38481,1.38484,2.81,1.00
2014.09.12 06:53:50.292,1.38481,1.38487,1.69,1.12
2014.09.12 06:53:50.444,1.38481,1.38484,1.69,1.00
2014.09.12 06:53:50.545,1.38481,1.38486,1.69,1.00
2014.09.12 06:53:51.002,1.38481,1.38486,3.26,1.00
2014.09.12 06:53:51.341,1.38488,1.3849,1.00,1.00
2014.09.12 06:53:51.393,1.38491,1.38493,1.00,1.00
2014.09.12 06:53:51.596,1.3849,1.38495,1.12,1.50
2014.09.12 06:53:52.102,1.3849,1.38496,1.12,3.00
2014.09.12 06:53:53.274,1.3849,1.38494,1.00,1.50
2014.09.12 06:53:53.780,1.38488,1.38494,2.06,2.25
2014.09.12 06:53:54.405,1.38488,1.38494,1.62,2.25
2014.09.12 06:53:54.916,1.38491,1.38494,1.00,1.00
2014.09.12 06:53:55.119,1.38491,1.38496,2.25,1.00
2014.09.12 06:53:56.886,1.38493,1.38496,1.00,1.00
2014.09.12 06:53:56.987,1.3849,1.38496,1.87,1.00
2014.09.12 06:53:57.189,1.38488,1.38495,1.87,1.25
2014.09.12 06:53:57.341,1.38488,1.38492,1.00,1.00
2014.09.12 06:53:57.448,1.38486,1.38491,1.50,1.00
2014.09.12 06:53:57.549,1.38484,1.38491,1.50,1.69
2014.09.12 06:53:57.903,1.38483,1.38488,2.25,1.00
2014.09.12 06:53:58.408,1.38482,1.38488,1.50,3.00
2014.09.12 06:53:58.942,1.38482,1.38487,1.50,1.50
2014.09.12 06:53:59.609,1.3848,1.38487,2.25,1.00
2014.09.12 06:53:59.710,1.38484,1.38488,1.00,1.50
2014.09.12 06:53:59.862,1.38482,1.38488,2.25,1.50
2014.09.12 06:54:00.418,1.38483,1.38488,1.00,1.50
2014.09.12 06:54:00.620,1.38482,1.38486,1.00,1.25
2014.09.12 06:54:01.024,1.3848,1.38487,1.50,4.50
2014.09.12 06:54:01.531,1.3848,1.38486,1.87,1.00
2014.09.12 06:54:01.884,1.3848,1.38488,1.87,3.00
2014.09.12 06:54:02.391,1.38481,1.38488,1.87,4.50
2014.09.12 06:54:02.912,1.38481,1.38488,1.50,3.19
2014.09.12 06:54:03.435,1.38481,1.38488,2.25,1.00
2014.09.12 06:54:03.976,1.38481,1.38489,4.12,1.69
2014.09.12 06:54:04.525,1.38482,1.38489,1.00,1.69
2014.09.12 06:54:04.987,1.38482,1.38487,1.00,1.00
2014.09.12 06:54:06.315,1.38485,1.38489,1.00,1.00
2014.09.12 06:54:06.467,1.38484,1.38491,1.50,2.44
2014.09.12 06:54:06.981,1.38485,1.3849,1.00,1.00
2014.09.12 06:54:07.492,1.38484,1.38491,1.50,3.19
2014.09.12 06:54:09.093,1.38484,1.3849,1.87,1.69
2014.09.12 06:54:09.598,1.38484,1.38491,2.25,1.69
2014.09.12 06:54:10.808,1.38484,1.38491,2.62,3.19
2014.09.12 06:54:12.120,1.38485,1.38492,1.00,4.69
2014.09.12 06:54:12.726,1.38485,1.3849,1.00,1.00
2014.09.12 06:54:13.574,1.38485,1.38491,1.00,1.69
2014.09.12 06:54:14.444,1.38485,1.3849,1.00,1.00
2014.09.12 06:54:15.563,1.38484,1.3849,1.87,1.00
2014.09.12 06:54:15.919,1.38484,1.3849,1.00,1.87
2014.09.12 06:54:16.424,1.38483,1.3849,4.31,1.87
2014.09.12 06:54:16.953,1.38484,1.38491,1.50,4.31
2014.09.12 06:54:18.534,1.38484,1.38491,1.50,4.31
2014.09.12 06:54:18.737,1.38483,1.3849,2.25,1.62
2014.09.12 06:54:19.141,1.38484,1.38491,1.12,2.06
2014.09.12 06:54:19.444,1.38486,1.38491,1.87,1.00
2014.09.12 06:54:19.646,1.38487,1.38494,2.25,3.75
2014.09.12 06:54:20.152,1.38487,1.38495,1.87,1.69
2014.09.12 06:54:20.253,1.38487,1.38495,5.32,1.69
2014.09.12 06:54:20.638,1.38488,1.38495,2.25,2.81
2014.09.12 06:54:20.941,1.38487,1.38495,1.87,2.81
2014.09.12 06:54:21.452,1.38488,1.38493,1.00,1.87
2014.09.12 06:54:21.856,1.38486,1.38493,2.81,2.62
2014.09.12 06:54:22.777,1.38486,1.38493,2.62,2.62
2014.09.12 06:54:24.289,1.38486,1.38493,2.62,2.62
2014.09.12 06:54:24.940,1.38486,1.38493,1.87,2.62
2014.09.12 06:54:25.486,1.38486,1.38493,2.25,2.62
2014.09.12 06:54:26.781,1.38486,1.38493,2.25,2.62
2014.09.12 06:54:28.062,1.38486,1.38493,2.25,3.00
2014.09.12 06:54:28.880,1.38486,1.38492,1.00,1.50
2014.09.12 06:54:29.387,1.38485,1.38492,1.50,1.50
2014.09.12 06:54:30.856,1.38486,1.38492,1.00,1.69
2014.09.12 06:54:31.361,1.38487,1.38492,1.00,1.00
2014.09.12 06:54:31.462,1.38485,1.38492,1.00,1.50
2014.09.12 06:54:31.981,1.38485,1.38492,1.00,1.69
2014.09.12 06:54:32.388,1.38483,1.38492,2.44,2.81
2014.09.12 06:54:32.489,1.38483,1.38491,2.06,1.25
2014.09.12 06:54:33.094,1.38483,1.3849,2.06,1.50
2014.09.12 06:54:34.507,1.38484,1.38491,1.00,1.69
2014.09.12 06:54:34.558,1.38484,1.38489,1.00,1.00
2014.09.12 06:54:35.474,1.38484,1.38488,1.00,1.31
2014.09.12 06:54:35.779,1.3848,1.38486,1.00,2.81
2014.09.12 06:54:36.194,1.3848,1.38485,1.00,1.50
2014.09.12 06:54:36.598,1.38479,1.38484,1.00,1.37
2014.09.12 06:54:36.902,1.38476,1.38481,1.00,1.00
2014.09.12 06:54:37.407,1.38475,1.3848,1.12,1.00
2014.09.12 06:54:38.496,1.38474,1.3848,1.00,2.62
2014.09.12 06:54:38.547,1.38471,1.38478,5.44,1.00
2014.09.12 06:54:38.598,1.38471,1.38477,3.37,1.00
2014.09.12 06:54:39.102,1.3847,1.38477,1.87,2.62
2014.09.12 06:54:40.188,1.3847,1.38477,1.69,2.25
2014.09.12 06:54:40.492,1.38476,1.3848,1.00,1.00
2014.09.12 06:54:40.593,1.38476,1.38482,1.50,1.50
2014.09.12 06:54:41.097,1.38476,1.38483,3.00,1.25
2014.09.12 06:54:42.801,1.38477,1.38484,1.12,1.25
2014.09.12 06:54:43.719,1.38478,1.38484,1.00,1.69
2014.09.12 06:54:43.979,1.38479,1.38486,2.25,3.56
2014.09.12 06:54:49.387,1.38479,1.38487,3.19,2.81
2014.09.12 06:54:51.224,1.38481,1.38487,1.12,1.50
2014.09.12 06:54:52.782,1.38482,1.38486,1.00,1.00
2014.09.12 06:54:54.305,1.38481,1.38486,1.50,1.00
2014.09.12 06:54:55.960,1.38481,1.38487,1.50,1.25
2014.09.12 06:54:56.727,1.38481,1.38487,1.50,1.19
2014.09.12 06:54:57.257,1.38482,1.38487,1.50,2.44
2014.09.12 06:54:57.560,1.38485,1.38487,1.00,1.50
2014.09.12 06:54:57.863,1.38485,1.38487,1.00,1.00
2014.09.12 06:54:58.016,1.38487,1.38491,1.00,4.50
2014.09.12 06:54:58.528,1.38489,1.38492,1.00,1.50
2014.09.12 06:55:00.067,1.38489,1.38492,1.00,1.00
2014.09.12 06:55:00.271,1.38489,1.3849,1.00,1.00
2014.09.12 06:55:00.928,1.38489,1.38492,1.50,1.00
2014.09.12 06:55:00.979,1.38489,1.38492,1.87,1.00
2014.09.12 06:55:01.132,1.38493,1.38495,1.50,1.00
2014.09.12 06:55:01.233,1.38493,1.38497,1.50,2.25
2014.09.12 06:55:01.386,1.38493,1.38495,1.50,1.00
2014.09.12 06:55:01.487,1.38493,1.38497,1.50,1.50
2014.09.12 06:55:02.274,1.38497,1.385,1.00,3.00
2014.09.12 06:55:02.456,1.38498,1.385,1.00,1.12
2014.09.12 06:55:02.507,1.38499,1.38502,1.50,1.50
2014.09.12 06:55:02.810,1.38501,1.38504,1.00,1.00
2014.09.12 06:55:03.315,1.38502,1.38506,1.50,2.44
2014.09.12 06:55:03.820,1.385,1.38503,1.50,1.00
2014.09.12 06:55:03.921,1.38497,1.38503,1.50,2.06
2014.09.12 06:55:04.224,1.38495,1.38501,1.00,2.81
2014.09.12 06:55:04.375,1.38494,1.38498,1.00,1.25
2014.09.12 06:55:04.426,1.38492,1.38498,1.50,1.31
2014.09.12 06:55:04.830,1.38492,1.38497,1.50,1.50
2014.09.12 06:55:05.336,1.38492,1.38496,1.50,1.87
2014.09.12 06:55:06.362,1.38492,1.38496,1.50,1.50
2014.09.12 06:55:07.160,1.38492,1.38498,1.50,3.56
2014.09.12 06:55:07.464,1.38483,1.38489,1.00,1.00
2014.09.12 06:55:07.565,1.38482,1.38488,1.00,1.19
2014.09.12 06:55:07.667,1.3848,1.38486,1.00,1.00
2014.09.12 06:55:08.020,1.38482,1.38487,1.00,1.31
2014.09.12 06:55:08.904,1.38483,1.38487,1.00,1.25
2014.09.12 06:55:09.412,1.38483,1.38488,1.12,1.00
2014.09.12 06:55:10.585,1.38483,1.38488,1.37,1.00
2014.09.12 06:55:10.888,1.38485,1.3849,1.87,1.00
2014.09.12 06:55:11.040,1.38485,1.38493,1.87,2.44
2014.09.12 06:55:11.242,1.38488,1.38493,1.00,2.44
2014.09.12 06:55:11.847,1.38488,1.38493,1.00,1.00
2014.09.12 06:55:12.630,1.38486,1.38492,1.00,1.87
2014.09.12 06:55:12.933,1.38484,1.38487,1.00,1.00
2014.09.12 06:55:13.085,1.38482,1.38487,1.87,1.00
2014.09.12 06:55:13.589,1.38483,1.38487,1.50,1.00
2014.09.12 06:55:14.252,1.38482,1.38487,1.87,1.00
2014.09.12 06:55:16.848,1.38481,1.38487,1.00,1.50
2014.09.12 06:55:17.359,1.38483,1.38487,1.50,1.00
2014.09.12 06:55:17.612,1.38486,1.38492,1.50,3.00
2014.09.12 06:55:18.116,1.38486,1.38491,1.50,1.00
2014.09.12 06:55:18.369,1.38483,1.38489,1.69,1.50
2014.09.12 06:55:18.918,1.38482,1.38488,2.06,1.50
2014.09.12 06:55:20.552,1.38482,1.38487,1.50,1.00
2014.09.12 06:55:20.754,1.3848,1.38486,1.95,1.00
2014.09.12 06:55:23.052,1.3848,1.38486,1.47,1.50
2014.09.12 06:55:23.153,1.38484,1.38486,1.00,1.00
2014.09.12 06:55:23.519,1.38482,1.38487,1.50,1.00
2014.09.12 06:55:24.284,1.38482,1.38486,1.50,1.00
2014.09.12 06:55:24.790,1.38481,1.38486,1.50,1.00
2014.09.12 06:55:24.993,1.38483,1.38486,1.00,1.00
2014.09.12 06:55:25.961,1.38483,1.38487,1.50,1.50
2014.09.12 06:55:26.482,1.38482,1.38486,1.00,1.00
2014.09.12 06:55:27.282,1.38483,1.38486,1.00,1.00
2014.09.12 06:55:27.434,1.38484,1.38489,1.00,3.00
2014.09.12 06:55:27.636,1.38485,1.38491,1.00,3.94
2014.09.12 06:55:27.876,1.38486,1.38491,1.87,2.25
2014.09.12 06:55:28.180,1.3849,1.38493,1.12,1.50
2014.09.12 06:55:28.382,1.3849,1.38495,2.62,2.25
2014.09.12 06:55:28.786,1.38492,1.38495,1.00,1.50
2014.09.12 06:55:28.938,1.38492,1.38498,1.50,2.44
2014.09.12 06:55:29.468,1.38492,1.38498,1.50,2.44
2014.09.12 06:55:29.969,1.38492,1.38496,1.50,1.00
2014.09.12 06:55:31.182,1.38493,1.38496,1.00,1.00
2014.09.12 06:55:31.284,1.38493,1.38498,1.00,1.25
2014.09.12 06:55:31.890,1.38492,1.38498,1.00,1.25
2014.09.12 06:55:32.745,1.38492,1.38497,1.00,1.00
2014.09.12 06:55:34.049,1.38492,1.38498,1.00,3.19
2014.09.12 06:55:34.783,1.38491,1.38497,1.00,1.00
2014.09.12 06:55:35.087,1.38489,1.38496,1.00,1.00
2014.09.12 06:55:35.138,1.38488,1.38494,2.06,1.00
2014.09.12 06:55:35.643,1.38486,1.38493,1.69,2.25
2014.09.12 06:55:36.421,1.38486,1.38493,2.81,1.50
2014.09.12 06:55:36.524,1.38484,1.38492,2.25,1.12
2014.09.12 06:55:36.574,1.38484,1.3849,1.50,1.00
2014.09.12 06:55:36.777,1.38481,1.38488,2.81,1.00
2014.09.12 06:55:37.282,1.38481,1.38487,1.69,1.00
2014.09.12 06:55:38.968,1.38481,1.38487,1.87,1.50
2014.09.12 06:55:39.473,1.38482,1.38488,1.37,1.00
2014.09.12 06:55:40.753,1.38482,1.38488,1.00,1.00
2014.09.12 06:55:40.955,1.3848,1.38487,1.10,1.00
2014.09.12 06:55:41.360,1.38479,1.38486,1.57,1.50
2014.09.12 06:55:41.865,1.38478,1.38485,2.14,1.50
2014.09.12 06:55:42.424,1.38478,1.38485,1.76,1.12
2014.09.12 06:55:43.649,1.3848,1.38487,1.57,1.69
2014.09.12 06:55:43.952,1.38485,1.38488,1.12,1.50
2014.09.12 06:55:44.003,1.38485,1.3849,1.62,1.00
2014.09.12 06:55:44.307,1.38484,1.3849,1.50,3.82
2014.09.12 06:55:44.459,1.38485,1.38492,1.00,3.19
2014.09.12 06:55:44.561,1.38483,1.3849,2.44,1.00
2014.09.12 06:55:44.713,1.38482,1.38488,3.19,1.00
2014.09.12 06:55:45.218,1.38483,1.38489,1.69,1.00
2014.09.12 06:55:45.740,1.38484,1.3849,1.50,1.25
2014.09.12 06:55:46.250,1.38484,1.38489,1.50,1.87
2014.09.12 06:55:46.887,1.38484,1.38488,1.50,1.00
2014.09.12 06:55:48.037,1.38482,1.38488,2.25,1.00
2014.09.12 06:55:49.147,1.38484,1.38488,1.00,1.00
2014.09.12 06:55:49.349,1.38482,1.38487,1.50,1.12
2014.09.12 06:55:49.855,1.38483,1.38487,1.00,1.00
2014.09.12 06:55:51.546,1.38483,1.38486,1.00,1.00
2014.09.12 06:55:52.685,1.3848,1.38486,2.32,1.00
2014.09.12 06:55:53.945,1.38482,1.38486,1.00,1.87
2014.09.12 06:55:54.877,1.38483,1.38486,1.50,1.00
2014.09.12 06:55:55.383,1.38482,1.38486,1.00,1.12
2014.09.12 06:55:56.291,1.38481,1.38486,1.00,1.00
2014.09.12 06:55:56.954,1.38481,1.38487,1.00,1.69
2014.09.12 06:55:59.058,1.38481,1.38487,1.00,1.69
2014.09.12 06:55:59.563,1.3848,1.38486,1.57,2.62
2014.09.12 06:56:00.068,1.3848,1.38486,1.10,2.81
2014.09.12 06:56:02.220,1.3848,1.38484,1.10,1.00
2014.09.12 06:56:02.767,1.3848,1.38485,1.10,1.12
2014.09.12 06:56:03.673,1.3848,1.38485,1.10,1.37
2014.09.12 06:56:08.533,1.38481,1.38487,1.00,4.69
2014.09.12 06:56:09.281,1.38481,1.38487,1.00,4.69
2014.09.12 06:56:09.801,1.38481,1.38487,1.00,5.06
2014.09.12 06:56:10.003,1.38478,1.38485,1.57,1.50
2014.09.12 06:56:10.153,1.38478,1.38482,1.57,1.00
2014.09.12 06:56:11.247,1.38477,1.38482,1.07,1.69
2014.09.12 06:56:11.298,1.38476,1.38481,1.00,1.75
2014.09.12 06:56:11.349,1.38473,1.38479,2.06,1.12
2014.09.12 06:56:11.450,1.38473,1.38477,1.00,1.00
2014.09.12 06:56:11.653,1.38474,1.38479,1.00,2.62
2014.09.12 06:56:12.158,1.38475,1.38479,1.50,1.50
2014.09.12 06:56:12.511,1.38473,1.38479,1.69,1.50
2014.09.12 06:56:12.714,1.38475,1.38479,1.00,1.50
2014.09.12 06:56:12.966,1.38476,1.38482,1.50,2.44
2014.09.12 06:56:13.219,1.38478,1.38483,1.12,2.44
2014.09.12 06:56:13.522,1.38482,1.38484,1.00,1.00
2014.09.12 06:56:13.826,1.38482,1.38487,1.50,1.00
2014.09.12 06:56:14.179,1.38483,1.3849,1.50,3.56
2014.09.12 06:56:14.859,1.38483,1.38488,1.50,1.00
2014.09.12 06:56:15.502,1.38483,1.38488,1.50,1.37
2014.09.12 06:56:15.654,1.38483,1.38489,1.00,1.12
2014.09.12 06:56:16.159,1.38483,1.3849,1.25,2.25
2014.09.12 06:56:17.845,1.38482,1.38488,2.44,1.37
2014.09.12 06:56:18.047,1.3848,1.38487,2.06,2.62
2014.09.12 06:56:20.679,1.3848,1.38486,1.25,1.00
2014.09.12 06:56:20.881,1.38482,1.38486,1.00,1.00
2014.09.12 06:56:21.733,1.38482,1.38486,1.50,2.62
2014.09.12 06:56:22.037,1.38479,1.38483,1.25,1.00
2014.09.12 06:56:22.138,1.38482,1.38484,1.50,1.00
2014.09.12 06:56:22.643,1.38482,1.38486,1.50,1.00
2014.09.12 06:56:23.149,1.38482,1.38487,1.00,2.25
2014.09.12 06:56:23.654,1.38483,1.38487,1.50,2.25
2014.09.12 06:56:24.159,1.38484,1.38489,1.12,1.50
2014.09.12 06:56:24.362,1.38485,1.38489,1.62,1.00
2014.09.12 06:56:24.412,1.38486,1.38491,2.06,1.50
2014.09.12 06:56:24.463,1.38488,1.38491,1.37,1.50
2014.09.12 06:56:24.615,1.38488,1.38495,2.25,2.25
2014.09.12 06:56:24.969,1.38491,1.38496,1.12,1.00
2014.09.12 06:56:25.300,1.38493,1.38498,1.31,1.00
2014.09.12 06:56:26.158,1.38492,1.38497,1.19,1.00
2014.09.12 06:56:26.966,1.38492,1.38496,1.19,1.00
2014.09.12 06:56:27.371,1.3849,1.38497,2.81,1.50
2014.09.12 06:56:29.062,1.38491,1.38495,1.25,1.00
2014.09.12 06:56:30.186,1.38491,1.38494,1.25,1.00
2014.09.12 06:56:30.697,1.3849,1.38493,1.69,1.50
2014.09.12 06:56:31.000,1.38487,1.38491,1.69,1.50
2014.09.12 06:56:31.505,1.38487,1.38492,3.19,1.50
2014.09.12 06:56:32.009,1.38486,1.38492,1.25,1.50
2014.09.12 06:56:33.013,1.38486,1.38493,1.31,1.00
2014.09.12 06:56:34.211,1.38486,1.38493,1.62,1.00
2014.09.12 06:56:34.615,1.38488,1.38495,1.87,1.50
2014.09.12 06:56:35.233,1.3849,1.38495,1.00,1.50
2014.09.12 06:56:35.738,1.3849,1.38496,1.25,1.50
2014.09.12 06:56:36.285,1.38491,1.38496,2.44,1.50
2014.09.12 06:56:36.589,1.38494,1.38499,1.69,1.00
2014.09.12 06:56:36.740,1.38494,1.38501,3.56,1.12
2014.09.12 06:56:37.245,1.38496,1.38502,1.00,1.50
2014.09.12 06:56:37.447,1.38498,1.38504,1.00,1.50
2014.09.12 06:56:37.952,1.38498,1.38505,2.44,1.50
2014.09.12 06:56:39.163,1.38498,1.38505,3.19,1.50
2014.09.12 06:56:39.722,1.38499,1.38505,1.00,1.50
2014.09.12 06:56:40.855,1.38499,1.38503,1.00,1.00
2014.09.12 06:56:41.158,1.38499,1.38502,1.00,1.00
2014.09.12 06:56:41.310,1.38497,1.38501,1.00,1.00
2014.09.12 06:56:41.612,1.38495,1.38499,2.44,1.00
2014.09.12 06:56:41.815,1.38494,1.38499,5.44,1.50
2014.09.12 06:56:42.579,1.38494,1.38502,4.31,1.00
2014.09.12 06:56:42.933,1.38497,1.38504,1.69,1.50
2014.09.12 06:56:43.085,1.385,1.38504,1.00,1.50
2014.09.12 06:56:43.187,1.385,1.38506,3.00,2.25
2014.09.12 06:56:43.389,1.38501,1.38508,1.69,2.25
2014.09.12 06:56:43.491,1.38501,1.38506,2.44,1.00
2014.09.12 06:56:44.403,1.385,1.38506,2.44,1.50
2014.09.12 06:56:44.913,1.385,1.38505,2.44,1.00
2014.09.12 06:56:45.521,1.385,1.38506,1.69,1.00
2014.09.12 06:56:48.469,1.385,1.38505,1.50,1.00
2014.09.12 06:56:48.772,1.38498,1.38503,2.44,1.50
2014.09.12 06:56:48.924,1.38497,1.38503,1.69,1.50
2014.09.12 06:56:49.076,1.38497,1.38502,1.69,1.87
2014.09.12 06:56:49.227,1.38495,1.38502,1.25,3.37
2014.09.12 06:56:51.434,1.38495,1.38502,1.25,3.37
2014.09.12 06:56:51.536,1.38494,1.38502,2.44,3.75
2014.09.12 06:56:52.517,1.38495,1.38502,1.69,1.50
2014.09.12 06:56:53.081,1.38496,1.38503,1.25,2.25
2014.09.12 06:56:53.601,1.38495,1.38502,2.44,1.00
2014.09.12 06:56:54.222,1.38495,1.38501,1.19,1.00
2014.09.12 06:56:54.727,1.38494,1.38501,3.19,1.50
2014.09.12 06:56:55.251,1.38495,1.38502,1.69,2.25
2014.09.12 06:56:56.397,1.38495,1.38501,1.00,1.00
2014.09.12 06:56:56.498,1.38493,1.38499,2.44,1.00
2014.09.12 06:56:56.801,1.38491,1.38498,2.44,1.87
2014.09.12 06:56:57.305,1.38491,1.38497,1.00,1.12
2014.09.12 06:56:57.815,1.38492,1.38499,1.50,2.62
2014.09.12 06:56:58.329,1.38491,1.38498,1.12,1.00
2014.09.12 06:56:59.220,1.38492,1.38499,1.50,2.62
2014.09.12 06:57:00.774,1.38492,1.38499,1.50,1.87
2014.09.12 06:57:01.283,1.38493,1.385,3.00,1.87
2014.09.12 06:57:01.806,1.38493,1.38501,3.94,2.62
2014.09.12 06:57:03.458,1.38493,1.38501,3.94,1.00
2014.09.12 06:57:03.962,1.38495,1.38502,1.87,2.62
2014.09.12 06:57:04.317,1.38497,1.38503,1.00,2.62
2014.09.12 06:57:04.823,1.38495,1.38504,3.56,3.75
2014.09.12 06:57:05.278,1.38494,1.38501,2.44,1.50
2014.09.12 06:57:05.481,1.38493,1.38498,1.50,2.25
2014.09.12 06:57:05.885,1.38493,1.38496,1.50,1.00
2014.09.12 06:57:06.400,1.38491,1.38497,2.44,1.87
2014.09.12 06:57:06.507,1.38489,1.38497,3.19,1.87
2014.09.12 06:57:06.865,1.3849,1.38494,1.69,1.00
2014.09.12 06:57:07.371,1.38488,1.38494,2.44,1.00
2014.09.12 06:57:07.876,1.38488,1.38495,2.44,3.00
2014.09.12 06:57:08.404,1.38488,1.38495,1.69,4.12
2014.09.12 06:57:09.162,1.38488,1.38495,1.25,2.62
2014.09.12 06:57:09.667,1.38488,1.38495,1.69,3.37
2014.09.12 06:57:10.173,1.38488,1.38493,1.19,1.00
2014.09.12 06:57:10.476,1.38488,1.38495,2.06,3.00
2014.09.12 06:57:10.678,1.38488,1.38495,2.06,3.00
2014.09.12 06:57:10.779,1.38488,1.38495,2.06,2.25
2014.09.12 06:57:11.144,1.38491,1.38496,1.00,1.00
2014.09.12 06:57:11.649,1.38492,1.38499,1.25,1.50
2014.09.12 06:57:12.153,1.38492,1.38498,1.25,1.00
2014.09.12 06:57:12.667,1.38492,1.38498,1.69,1.00
2014.09.12 06:57:13.379,1.38492,1.38499,2.06,1.50
2014.09.12 06:57:13.631,1.38495,1.38499,2.44,1.00
2014.09.12 06:57:13.783,1.38497,1.38502,1.00,1.50
2014.09.12 06:57:14.288,1.38497,1.38503,1.00,2.77
2014.09.12 06:57:14.732,1.38494,1.38502,1.25,1.50
2014.09.12 06:57:16.515,1.38493,1.38501,4.69,1.00
2014.09.12 06:57:16.666,1.38493,1.38499,1.00,1.50
2014.09.12 06:57:17.188,1.38492,1.38498,1.69,1.00
2014.09.12 06:57:17.493,1.38488,1.38494,1.25,1.50
2014.09.12 06:57:17.797,1.38486,1.38492,1.69,1.50
2014.09.12 06:57:18.151,1.38484,1.38489,3.19,1.00
2014.09.12 06:57:18.314,1.38484,1.38489,2.25,1.00
2014.09.12 06:57:18.826,1.38484,1.38488,2.25,1.00
2014.09.12 06:57:19.330,1.38484,1.38489,2.25,1.00
2014.09.12 06:57:19.836,1.38484,1.3849,1.50,2.25
2014.09.12 06:57:20.349,1.38484,1.38489,1.50,1.00
2014.09.12 06:57:20.854,1.38483,1.38488,2.44,1.00
2014.09.12 06:57:21.358,1.38483,1.38489,2.44,1.00
2014.09.12 06:57:21.918,1.38483,1.3849,2.25,1.87
2014.09.12 06:57:22.423,1.38482,1.38489,2.62,1.00
2014.09.12 06:57:22.929,1.38482,1.38488,2.44,1.00
2014.09.12 06:57:23.434,1.3848,1.38487,3.56,1.00
2014.09.12 06:57:23.755,1.3848,1.38487,2.25,1.00
2014.09.12 06:57:24.272,1.38481,1.38488,1.50,4.87
2014.09.12 06:57:24.664,1.38482,1.38488,1.69,1.50
2014.09.12 06:57:25.168,1.38483,1.38489,1.00,1.50
2014.09.12 06:57:25.673,1.38483,1.38491,1.00,1.19
2014.09.12 06:57:26.177,1.38482,1.38491,3.19,2.06
2014.09.12 06:57:29.414,1.38484,1.38491,1.00,1.87
2014.09.12 06:57:30.497,1.38483,1.38491,2.25,1.87
2014.09.12 06:57:32.442,1.38482,1.38489,3.19,1.12
2014.09.12 06:57:32.747,1.38482,1.38488,2.44,1.37
2014.09.12 06:57:34.550,1.38482,1.38488,1.50,1.00
2014.09.12 06:57:36.581,1.38482,1.38489,1.87,3.19
2014.09.12 06:57:37.122,1.38482,1.38488,1.87,1.00
2014.09.12 06:57:49.628,1.38481,1.38488,1.00,1.87
2014.09.12 06:57:50.133,1.3848,1.38487,3.19,1.50
2014.09.12 06:57:50.483,1.38478,1.38485,1.31,1.50
2014.09.12 06:57:50.636,1.38476,1.38483,1.00,2.25
2014.09.12 06:57:50.789,1.38475,1.38481,1.12,1.00
2014.09.12 06:57:51.294,1.38475,1.3848,1.12,1.12
2014.09.12 06:57:53.363,1.38473,1.3848,4.31,1.00
2014.09.12 06:57:53.878,1.38473,1.3848,4.31,1.00
2014.09.12 06:57:55.286,1.38473,1.3848,4.31,1.00
2014.09.12 06:57:55.589,1.3848,1.38482,1.00,2.25
2014.09.12 06:57:55.690,1.38479,1.38486,1.12,2.25
2014.09.12 06:57:56.195,1.38478,1.38485,1.37,1.00
2014.09.12 06:57:57.775,1.38477,1.38485,4.69,1.50
2014.09.12 06:57:57.826,1.38477,1.38483,2.44,1.00
2014.09.12 06:57:58.129,1.38476,1.38481,1.25,1.00
2014.09.12 06:57:58.680,1.38474,1.38481,1.37,1.00
2014.09.12 06:57:59.252,1.38474,1.38481,2.62,1.00
2014.09.12 06:57:59.756,1.38476,1.38482,1.37,1.00
2014.09.12 06:58:01.473,1.38474,1.38482,4.31,1.00
2014.09.12 06:58:02.035,1.38474,1.38482,2.81,1.50
2014.09.12 06:58:02.573,1.38476,1.38482,1.00,1.50
2014.09.12 06:58:04.369,1.38475,1.38482,1.87,2.44
2014.09.12 06:58:04.876,1.38474,1.38481,2.06,1.00
2014.09.12 06:58:05.577,1.38474,1.38482,2.62,1.50
2014.09.12 06:58:07.670,1.38474,1.38482,2.06,1.69
2014.09.12 06:58:08.209,1.38475,1.38482,1.87,1.69
2014.09.12 06:58:08.733,1.38475,1.38482,2.06,1.00
2014.09.12 06:58:13.021,1.38475,1.38482,3.19,1.00
2014.09.12 06:58:13.677,1.38477,1.38482,1.00,1.00
2014.09.12 06:58:13.980,1.38485,1.38488,1.00,1.00
2014.09.12 06:58:14.385,1.38481,1.38488,2.44,1.00
2014.09.12 06:58:14.889,1.3848,1.38487,3.56,1.00
2014.09.12 06:58:15.432,1.3848,1.38486,2.81,1.00
2014.09.12 06:58:15.965,1.3848,1.38485,1.19,1.00
2014.09.12 06:58:16.268,1.38478,1.38486,1.62,3.00
2014.09.12 06:58:16.641,1.38477,1.38484,2.62,1.00
2014.09.12 06:58:16.692,1.38477,1.38484,3.75,1.00
2014.09.12 06:58:16.894,1.38478,1.38485,1.87,3.37
2014.09.12 06:58:17.298,1.38477,1.38484,2.25,1.50
2014.09.12 06:58:17.803,1.38478,1.38485,1.00,1.25
2014.09.12 06:58:18.435,1.38479,1.38486,1.00,1.19
2014.09.12 06:58:18.940,1.38478,1.38485,1.25,2.25
2014.09.12 06:58:19.345,1.38477,1.38483,1.50,1.00
2014.09.12 06:58:19.850,1.38476,1.38484,1.31,2.81
2014.09.12 06:58:20.153,1.38476,1.38482,1.25,1.00
2014.09.12 06:58:20.961,1.38475,1.38481,1.31,1.00
2014.09.12 06:58:21.466,1.38475,1.38482,1.31,3.75
2014.09.12 06:58:21.971,1.38475,1.38481,1.56,1.00
2014.09.12 06:58:22.520,1.38475,1.38482,1.00,3.75
2014.09.12 06:58:22.824,1.38475,1.38482,1.37,4.50
2014.09.12 06:58:24.524,1.38475,1.38482,1.00,3.37
2014.09.12 06:58:25.030,1.38474,1.38481,3.56,1.50
2014.09.12 06:58:25.534,1.38474,1.38481,3.56,1.50
2014.09.12 06:58:26.696,1.38474,1.38482,3.56,4.12
2014.09.12 06:58:27.201,1.38476,1.38483,1.19,1.50
2014.09.12 06:58:27.559,1.38478,1.38483,1.37,1.00
2014.09.12 06:58:27.660,1.38478,1.38485,1.37,1.69
2014.09.12 06:58:28.182,1.38479,1.38486,4.12,1.50
2014.09.12 06:58:32.981,1.38479,1.38486,6.00,1.69
2014.09.12 06:58:33.814,1.3848,1.38486,1.00,2.06
2014.09.12 06:58:34.358,1.38479,1.38486,5.62,1.87
2014.09.12 06:58:34.876,1.3848,1.38486,1.00,1.87
2014.09.12 06:58:35.432,1.38479,1.38486,5.62,1.87
2014.09.12 06:58:36.043,1.3848,1.38486,1.00,1.50
2014.09.12 06:58:36.396,1.38481,1.38488,1.00,1.25
2014.09.12 06:58:37.283,1.38481,1.38488,1.37,1.00
2014.09.12 06:58:37.384,1.38481,1.38488,1.12,1.12
2014.09.12 06:58:38.040,1.38482,1.38488,1.50,1.00
2014.09.12 06:58:38.556,1.38482,1.38489,3.37,2.44
2014.09.12 06:58:40.300,1.38484,1.38489,1.00,2.44
2014.09.12 06:58:42.687,1.38485,1.38489,1.00,3.19
2014.09.12 06:58:43.111,1.38482,1.38489,1.12,2.44
2014.09.12 06:58:44.175,1.38481,1.38488,4.31,1.00
2014.09.12 06:58:44.700,1.38481,1.38488,3.56,1.50
2014.09.12 06:58:46.801,1.38482,1.38489,2.62,3.00
2014.09.12 06:58:51.140,1.38482,1.38489,3.56,3.00
2014.09.12 06:58:52.240,1.38483,1.38489,1.00,2.44
2014.09.12 06:58:53.229,1.38483,1.3849,1.37,2.44
2014.09.12 06:58:53.777,1.38483,1.3849,1.37,2.06
2014.09.12 06:59:01.724,1.38482,1.38489,3.37,1.00
2014.09.12 06:59:03.859,1.38483,1.38489,1.12,1.00
2014.09.12 06:59:04.162,1.38481,1.38488,2.81,1.87
2014.09.12 06:59:07.944,1.38481,1.38488,1.87,2.25
2014.09.12 06:59:08.247,1.38483,1.38487,1.37,1.00
2014.09.12 06:59:08.461,1.38482,1.38489,3.00,3.19
2014.09.12 06:59:08.967,1.38482,1.38488,1.25,1.00
2014.09.12 06:59:09.473,1.38482,1.38489,2.06,2.25
2014.09.12 06:59:09.974,1.38483,1.38489,1.50,1.50
2014.09.12 06:59:10.277,1.38486,1.3849,1.37,1.50
2014.09.12 06:59:10.479,1.38488,1.38493,1.50,1.50
2014.09.12 06:59:10.682,1.38492,1.38495,1.00,2.25
2014.09.12 06:59:10.834,1.38492,1.38497,1.50,1.00
2014.09.12 06:59:10.935,1.38492,1.38499,1.12,1.69
2014.09.12 06:59:11.451,1.38493,1.38499,1.00,1.00
2014.09.12 06:59:11.963,1.38493,1.385,1.00,1.00
2014.09.12 06:59:12.480,1.38494,1.385,1.50,1.00
2014.09.12 06:59:12.632,1.38494,1.38498,1.50,1.00
2014.09.12 06:59:13.153,1.38493,1.38498,1.50,1.00
2014.09.12 06:59:13.609,1.38493,1.38496,1.87,1.00
2014.09.12 06:59:14.017,1.38491,1.38496,1.37,1.00
2014.09.12 06:59:14.118,1.38491,1.38494,1.37,1.00
2014.09.12 06:59:14.272,1.38489,1.38493,1.00,1.00
2014.09.12 06:59:14.323,1.38487,1.3849,1.12,1.00
2014.09.12 06:59:14.477,1.38484,1.38487,1.87,1.00
2014.09.12 06:59:14.578,1.38484,1.38486,1.37,1.00
2014.09.12 06:59:14.680,1.38481,1.38486,1.37,1.12
2014.09.12 06:59:15.189,1.3848,1.38487,2.62,1.00
2014.09.12 06:59:16.429,1.3848,1.38487,2.81,1.00
2014.09.12 06:59:17.020,1.3848,1.38486,2.81,1.50
2014.09.12 06:59:17.121,1.3848,1.38484,2.81,1.00
2014.09.12 06:59:17.425,1.3848,1.38485,2.81,1.00
2014.09.12 06:59:17.728,1.3848,1.38486,2.81,1.50
2014.09.12 06:59:18.233,1.3848,1.38485,2.06,1.00
2014.09.12 06:59:18.738,1.3848,1.38484,1.62,1.00
2014.09.12 06:59:19.243,1.3848,1.38483,1.37,1.00
2014.09.12 06:59:19.749,1.3848,1.38482,1.12,1.50
2014.09.12 06:59:22.256,1.38479,1.38482,3.37,1.00
2014.09.12 06:59:23.163,1.3848,1.38483,1.37,1.00
2014.09.12 06:59:25.256,1.38479,1.38483,3.37,1.00
2014.09.12 06:59:33.194,1.38479,1.38483,1.87,1.50
2014.09.12 06:59:33.908,1.38479,1.38483,1.69,1.50
2014.09.12 06:59:34.427,1.38479,1.38483,1.69,1.00
2014.09.12 06:59:34.966,1.38479,1.38483,1.69,1.50
2014.09.12 06:59:35.472,1.38479,1.38482,1.69,1.00
2014.09.12 06:59:35.774,1.38479,1.38484,2.81,1.00
2014.09.12 06:59:36.397,1.3848,1.38484,1.00,1.00
2014.09.12 06:59:37.049,1.38479,1.38484,2.81,1.00
2014.09.12 06:59:38.929,1.3848,1.38484,1.00,1.00
2014.09.12 06:59:39.444,1.38479,1.38484,2.44,1.00
2014.09.12 06:59:41.487,1.38479,1.38486,1.69,1.50
2014.09.12 06:59:46.599,1.38479,1.38486,3.94,1.50
2014.09.12 06:59:47.121,1.38479,1.38484,1.50,1.00
2014.09.12 06:59:47.657,1.38479,1.38485,1.50,1.50
2014.09.12 06:59:48.202,1.38479,1.38485,1.50,1.50
2014.09.12 06:59:48.758,1.38479,1.38484,1.50,1.50
2014.09.12 06:59:50.525,1.38479,1.38486,3.00,1.31
2014.09.12 06:59:51.900,1.3848,1.38486,1.00,1.00
2014.09.12 06:59:52.651,1.3848,1.38487,1.50,1.00
2014.09.12 06:59:53.167,1.3848,1.38487,3.94,1.00
2014.09.12 06:59:55.003,1.3848,1.38487,1.69,1.12
2014.09.12 06:59:56.116,1.3848,1.38487,1.69,1.50
2014.09.12 06:59:59.260,1.3848,1.38488,3.19,1.69
2014.09.12 06:59:59.361,1.38482,1.38488,1.00,1.25
