2014.09.15 18:00:00.102,1.38666,1.38673,2.06,2.25
2014.09.15 18:00:00.254,1.38666,1.38668,1.25,1.00
2014.09.15 18:00:00.658,1.38666,1.3867,1.00,1.00
2014.09.15 18:00:01.166,1.38667,1.3867,2.25,1.00
2014.09.15 18:00:01.217,1.38667,1.38674,2.25,2.44
2014.09.15 18:00:02.281,1.38668,1.38674,1.00,1.69
2014.09.15 18:00:02.382,1.38671,1.38674,1.00,1.00
2014.09.15 18:00:02.433,1.38671,1.38676,1.50,1.12
2014.09.15 18:00:02.585,1.38673,1.38677,1.00,1.00
2014.09.15 18:00:03.090,1.38672,1.38677,1.00,1.00
2014.09.15 18:00:04.906,1.38671,1.38677,1.19,1.87
2014.09.15 18:00:05.411,1.38671,1.38678,1.69,1.50
2014.09.15 18:00:05.916,1.38671,1.38677,1.25,1.00
2014.09.15 18:00:06.480,1.3867,1.38676,1.69,1.00
2014.09.15 18:00:06.530,1.38669,1.3867,1.00,1.00
2014.09.15 18:00:06.733,1.38666,1.3867,2.44,1.00
2014.09.15 18:00:07.551,1.38666,1.3867,2.44,1.00
2014.09.15 18:00:07.803,1.38668,1.3867,1.00,1.00
2014.09.15 18:00:08.310,1.38669,1.38671,1.00,1.00
2014.09.15 18:00:08.923,1.38669,1.38673,1.00,1.00
2014.09.15 18:00:10.237,1.38669,1.38671,1.00,1.00
2014.09.15 18:00:10.440,1.38668,1.38673,1.00,1.50
2014.09.15 18:00:10.894,1.3867,1.38675,1.00,1.31
2014.09.15 18:00:11.461,1.3867,1.38676,1.00,2.62
2014.09.15 18:00:12.035,1.3867,1.38676,1.00,2.62
2014.09.15 18:00:15.116,1.38669,1.38676,3.19,2.62
2014.09.15 18:00:15.721,1.38669,1.38675,2.44,1.00
2014.09.15 18:00:16.024,1.38666,1.38671,1.69,1.00
2014.09.15 18:00:17.651,1.38668,1.38671,1.00,1.00
2014.09.15 18:00:20.554,1.38667,1.38671,1.69,1.00
2014.09.15 18:00:22.578,1.38668,1.38671,1.00,1.00
2014.09.15 18:00:23.123,1.38667,1.38671,1.25,1.00
2014.09.15 18:00:24.350,1.38668,1.38671,1.00,1.00
2014.09.15 18:00:24.653,1.38668,1.38674,1.50,1.12
2014.09.15 18:00:25.168,1.38668,1.38674,1.50,1.37
2014.09.15 18:00:27.537,1.38668,1.38674,1.50,1.37
2014.09.15 18:00:31.369,1.38666,1.38669,1.69,1.50
2014.09.15 18:00:31.521,1.38665,1.38671,4.12,1.87
2014.09.15 18:00:32.025,1.38666,1.38673,1.00,2.06
2014.09.15 18:00:32.559,1.38667,1.38673,1.00,2.06
2014.09.15 18:00:33.084,1.38667,1.38673,1.00,1.37
2014.09.15 18:00:34.798,1.38666,1.38673,1.50,2.62
2014.09.15 18:00:35.644,1.38666,1.38671,1.50,1.00
2014.09.15 18:00:35.796,1.38668,1.38673,1.00,1.37
2014.09.15 18:00:39.802,1.38668,1.38675,1.69,1.87
2014.09.15 18:00:41.759,1.38668,1.38675,1.69,1.87
2014.09.15 18:00:46.916,1.38668,1.38675,1.69,2.62
2014.09.15 18:00:57.696,1.38668,1.38674,1.00,1.69
2014.09.15 18:00:58.245,1.38669,1.38676,1.00,1.69
2014.09.15 18:00:59.085,1.38669,1.38676,1.25,1.37
2014.09.15 18:01:00.007,1.38669,1.38676,1.25,1.12
2014.09.15 18:01:00.312,1.38673,1.38677,1.00,1.50
2014.09.15 18:01:00.514,1.38673,1.38679,1.50,1.87
2014.09.15 18:01:00.666,1.38671,1.38678,3.56,1.50
2014.09.15 18:01:00.717,1.38671,1.38676,3.56,1.50
2014.09.15 18:01:01.375,1.38671,1.38676,3.94,1.50
2014.09.15 18:01:06.335,1.38672,1.38677,1.25,1.50
2014.09.15 18:01:06.840,1.38671,1.38676,2.44,1.00
2014.09.15 18:01:07.568,1.38671,1.38676,1.69,1.00
2014.09.15 18:01:08.704,1.38671,1.38676,2.44,1.00
2014.09.15 18:01:12.081,1.38672,1.38679,1.25,1.50
2014.09.15 18:01:13.651,1.38673,1.38679,1.50,1.00
2014.09.15 18:01:13.760,1.38673,1.38677,1.50,1.00
2014.09.15 18:01:17.261,1.38672,1.38678,2.44,1.00
2014.09.15 18:01:17.666,1.38674,1.38679,1.50,2.44
2014.09.15 18:01:18.271,1.38675,1.3868,1.50,1.19
2014.09.15 18:01:18.383,1.38675,1.38682,1.50,4.87
2014.09.15 18:01:18.838,1.38676,1.38683,1.12,1.69
2014.09.15 18:01:18.889,1.38679,1.38683,1.00,1.25
2014.09.15 18:01:18.940,1.38679,1.38685,1.50,3.00
2014.09.15 18:01:18.991,1.38681,1.38685,1.50,1.00
2014.09.15 18:01:19.495,1.38682,1.38686,1.00,1.12
2014.09.15 18:01:20.022,1.38683,1.38687,1.50,1.00
2014.09.15 18:01:20.703,1.38683,1.38689,1.50,1.00
2014.09.15 18:01:26.316,1.38684,1.38689,1.25,1.50
2014.09.15 18:01:26.368,1.38686,1.38689,1.00,1.00
2014.09.15 18:01:26.520,1.38687,1.38692,1.00,1.12
2014.09.15 18:01:26.906,1.38685,1.38692,3.37,1.87
2014.09.15 18:01:29.004,1.38685,1.38691,2.25,1.00
2014.09.15 18:01:31.654,1.38685,1.3869,2.25,1.00
2014.09.15 18:01:34.740,1.38685,1.38687,1.50,1.00
2014.09.15 18:01:34.993,1.38683,1.38686,1.50,1.50
2014.09.15 18:01:35.498,1.38682,1.38689,3.94,1.00
2014.09.15 18:01:35.550,1.38685,1.38691,1.19,1.50
2014.09.15 18:01:36.156,1.38685,1.38693,3.19,2.25
2014.09.15 18:01:36.710,1.38685,1.38692,5.81,1.50
2014.09.15 18:01:37.303,1.38685,1.38693,4.31,1.50
2014.09.15 18:01:37.946,1.38685,1.38693,3.94,1.50
2014.09.15 18:01:39.220,1.38685,1.38691,2.81,1.00
2014.09.15 18:01:39.523,1.38675,1.38685,1.00,4.75
2014.09.15 18:01:39.625,1.38675,1.38679,1.00,2.25
2014.09.15 18:01:39.676,1.38675,1.38677,1.00,2.25
2014.09.15 18:01:39.727,1.38673,1.38677,1.00,2.25
2014.09.15 18:01:39.930,1.38672,1.38679,1.69,1.00
2014.09.15 18:01:41.157,1.38674,1.38679,1.19,1.50
2014.09.15 18:01:42.338,1.38674,1.3868,1.56,2.25
2014.09.15 18:01:51.481,1.38675,1.3868,1.19,1.50
2014.09.15 18:01:54.085,1.38673,1.3868,5.06,1.50
2014.09.15 18:02:03.220,1.38675,1.3868,1.00,1.00
2014.09.15 18:02:03.271,1.38675,1.38682,1.50,3.00
2014.09.15 18:02:05.434,1.38675,1.38681,1.00,1.00
2014.09.15 18:02:05.952,1.38674,1.38681,1.69,2.25
2014.09.15 18:02:10.809,1.38673,1.3868,5.44,1.00
2014.09.15 18:02:11.467,1.38675,1.38681,1.00,1.12
2014.09.15 18:02:11.977,1.38674,1.38681,1.31,1.12
2014.09.15 18:02:12.897,1.38675,1.38681,1.00,1.12
2014.09.15 18:02:13.474,1.38675,1.3868,1.00,1.00
2014.09.15 18:02:14.786,1.38675,1.38682,1.00,2.62
2014.09.15 18:02:15.982,1.38675,1.38679,1.00,1.00
2014.09.15 18:02:17.318,1.38675,1.38678,1.00,1.00
2014.09.15 18:02:18.075,1.38674,1.38678,1.69,1.00
2014.09.15 18:02:18.530,1.38674,1.3868,1.69,1.00
2014.09.15 18:02:18.631,1.38673,1.38677,2.06,1.00
2014.09.15 18:02:18.884,1.38673,1.38678,1.19,1.00
2014.09.15 18:02:19.546,1.38673,1.38676,1.19,1.00
2014.09.15 18:02:19.701,1.38672,1.38676,1.69,1.00
2014.09.15 18:02:19.960,1.38672,1.38675,1.69,1.00
2014.09.15 18:02:20.475,1.38671,1.38675,2.44,1.00
2014.09.15 18:02:21.144,1.38671,1.38675,1.50,1.00
2014.09.15 18:02:21.651,1.38671,1.38674,1.50,1.00
2014.09.15 18:02:23.369,1.38671,1.38676,2.25,1.00
2014.09.15 18:02:24.454,1.38671,1.38674,2.25,1.00
2014.09.15 18:02:25.812,1.38671,1.38674,3.00,1.00
2014.09.15 18:02:26.226,1.38671,1.38675,1.50,1.00
2014.09.15 18:02:26.478,1.3867,1.38673,1.25,1.00
2014.09.15 18:02:26.580,1.38669,1.38675,1.69,2.25
2014.09.15 18:02:26.882,1.38669,1.38673,2.44,1.00
2014.09.15 18:02:27.385,1.38669,1.38673,1.50,1.00
2014.09.15 18:02:28.083,1.38669,1.38672,1.50,1.00
2014.09.15 18:02:28.962,1.38669,1.38674,1.25,1.00
2014.09.15 18:02:31.531,1.38669,1.38673,1.00,1.00
2014.09.15 18:02:37.008,1.38669,1.38674,1.00,1.00
2014.09.15 18:02:39.091,1.38669,1.38672,1.00,1.00
2014.09.15 18:02:39.348,1.38669,1.38674,1.00,1.12
2014.09.15 18:02:40.914,1.38668,1.38674,2.44,1.12
2014.09.15 18:02:41.429,1.38669,1.38673,1.50,1.00
2014.09.15 18:02:43.197,1.38669,1.38675,1.50,1.12
2014.09.15 18:02:43.702,1.38669,1.38675,1.00,1.37
2014.09.15 18:02:44.878,1.38669,1.38675,1.00,1.00
2014.09.15 18:02:45.386,1.3867,1.38676,1.50,1.00
2014.09.15 18:02:45.898,1.3867,1.38677,2.62,3.37
2014.09.15 18:02:46.403,1.3867,1.38676,2.62,1.00
2014.09.15 18:02:47.887,1.3867,1.38676,2.25,1.37
2014.09.15 18:02:48.873,1.3867,1.38676,2.62,1.12
2014.09.15 18:02:51.227,1.3867,1.38675,2.62,1.00
2014.09.15 18:02:53.282,1.3867,1.38677,2.25,4.87
2014.09.15 18:02:53.635,1.3867,1.38674,1.12,1.50
2014.09.15 18:03:04.034,1.3867,1.38675,1.12,1.50
2014.09.15 18:03:04.539,1.38671,1.38674,1.00,1.50
2014.09.15 18:03:06.871,1.3867,1.38676,1.12,1.87
2014.09.15 18:03:07.125,1.3867,1.38674,1.50,1.00
2014.09.15 18:03:11.319,1.3867,1.38674,1.50,1.00
2014.09.15 18:03:11.369,1.3867,1.38677,4.69,2.25
2014.09.15 18:03:11.420,1.3867,1.38677,4.69,2.25
2014.09.15 18:03:11.925,1.38671,1.38676,1.00,1.50
2014.09.15 18:03:12.430,1.38672,1.38677,1.50,1.00
2014.09.15 18:03:13.586,1.38671,1.38677,2.25,1.12
2014.09.15 18:03:14.088,1.38671,1.38678,1.00,4.12
2014.09.15 18:03:14.490,1.38671,1.38678,1.00,4.12
2014.09.15 18:03:19.537,1.3867,1.38678,1.87,5.06
2014.09.15 18:03:20.839,1.38671,1.38678,1.00,5.81
2014.09.15 18:03:26.110,1.38671,1.38678,1.50,5.81
2014.09.15 18:03:26.622,1.38671,1.38678,1.50,5.81
2014.09.15 18:03:30.689,1.3867,1.38677,1.69,1.87
2014.09.15 18:03:31.699,1.38671,1.38678,1.50,5.81
2014.09.15 18:03:32.244,1.3867,1.38677,1.31,1.37
2014.09.15 18:03:41.913,1.38671,1.38677,1.00,3.37
2014.09.15 18:03:43.374,1.38671,1.38675,1.00,1.00
2014.09.15 18:03:43.424,1.38669,1.38675,2.06,1.50
2014.09.15 18:03:44.525,1.38669,1.38675,2.06,1.50
2014.09.15 18:03:44.930,1.38671,1.38677,1.00,1.00
2014.09.15 18:03:44.981,1.38672,1.38677,1.37,1.00
2014.09.15 18:03:45.082,1.38672,1.38679,1.62,2.25
2014.09.15 18:03:45.586,1.38674,1.3868,1.50,2.62
2014.09.15 18:03:46.204,1.38674,1.38681,3.37,1.50
2014.09.15 18:03:46.708,1.38675,1.3868,1.00,1.00
2014.09.15 18:03:47.220,1.38674,1.38679,2.06,1.50
2014.09.15 18:03:48.404,1.38674,1.3868,3.56,1.00
2014.09.15 18:03:49.071,1.38674,1.38679,3.56,1.00
2014.09.15 18:03:53.266,1.38674,1.38679,1.87,1.00
2014.09.15 18:03:57.094,1.38674,1.3868,1.87,1.50
2014.09.15 18:04:05.106,1.38674,1.38681,3.37,3.00
2014.09.15 18:04:07.089,1.38675,1.38682,1.12,1.25
2014.09.15 18:04:08.886,1.38675,1.3868,1.12,1.00
2014.09.15 18:04:09.553,1.38675,1.38681,1.00,1.00
2014.09.15 18:04:10.936,1.38675,1.38679,1.25,1.00
2014.09.15 18:04:11.708,1.38675,1.3868,1.25,1.00
2014.09.15 18:04:12.164,1.38672,1.38679,1.00,1.25
2014.09.15 18:04:12.669,1.38672,1.38678,1.00,1.00
2014.09.15 18:04:13.174,1.38673,1.38678,1.00,1.00
2014.09.15 18:04:13.675,1.38671,1.38678,2.44,1.00
2014.09.15 18:04:14.180,1.38671,1.38679,2.44,1.00
2014.09.15 18:04:14.719,1.38671,1.38679,2.44,1.37
2014.09.15 18:04:15.308,1.38671,1.38679,1.69,1.37
2014.09.15 18:04:21.528,1.38671,1.38679,3.19,2.62
2014.09.15 18:04:22.051,1.38671,1.38678,1.25,3.75
2014.09.15 18:04:24.702,1.38671,1.38674,1.00,1.00
2014.09.15 18:04:25.211,1.3867,1.38674,2.44,1.00
2014.09.15 18:04:30.666,1.3867,1.38674,1.87,1.50
2014.09.15 18:04:31.431,1.3867,1.38674,1.69,1.50
2014.09.15 18:04:33.205,1.3867,1.38675,2.06,1.00
2014.09.15 18:04:34.450,1.3867,1.38673,1.69,1.00
2014.09.15 18:04:34.703,1.38668,1.38671,1.00,1.00
2014.09.15 18:04:35.368,1.38668,1.38672,1.00,1.00
2014.09.15 18:04:36.900,1.38668,1.38672,1.69,1.00
2014.09.15 18:04:38.930,1.38668,1.38672,1.00,1.00
2014.09.15 18:04:39.544,1.38668,1.38674,1.00,1.50
2014.09.15 18:04:40.106,1.38668,1.38674,1.69,1.50
2014.09.15 18:04:45.179,1.3867,1.38674,1.00,1.00
2014.09.15 18:04:45.230,1.3867,1.38676,1.69,1.00
2014.09.15 18:04:45.288,1.3867,1.38676,3.56,1.00
2014.09.15 18:04:45.390,1.3867,1.38675,1.31,1.00
2014.09.15 18:04:45.894,1.3867,1.38676,3.94,1.50
2014.09.15 18:04:47.709,1.3867,1.38674,3.94,1.00
2014.09.15 18:04:48.236,1.3867,1.38674,2.81,1.00
2014.09.15 18:04:55.186,1.3867,1.38676,3.00,1.50
2014.09.15 18:04:55.692,1.3867,1.38675,3.00,1.00
2014.09.15 18:05:02.787,1.3867,1.38674,2.44,1.00
2014.09.15 18:05:03.195,1.3867,1.38675,2.81,1.00
2014.09.15 18:05:04.092,1.3867,1.38674,3.19,1.00
2014.09.15 18:05:05.097,1.3867,1.38674,2.44,1.00
2014.09.15 18:05:10.351,1.3867,1.38676,1.25,1.00
2014.09.15 18:05:13.191,1.3867,1.38674,1.25,1.00
2014.09.15 18:05:20.691,1.38669,1.38673,1.69,1.50
2014.09.15 18:05:21.481,1.38669,1.38673,1.00,1.50
2014.09.15 18:05:21.811,1.38669,1.38671,1.00,1.00
2014.09.15 18:05:23.565,1.38669,1.38673,1.00,1.50
2014.09.15 18:05:30.482,1.38669,1.38674,1.00,1.50
2014.09.15 18:05:34.617,1.38669,1.38675,1.00,3.00
2014.09.15 18:05:35.165,1.38669,1.38676,2.62,3.00
2014.09.15 18:05:35.433,1.3867,1.38676,6.37,1.00
2014.09.15 18:05:35.635,1.3867,1.38676,1.00,1.50
2014.09.15 18:05:36.380,1.38669,1.38676,2.62,1.50
2014.09.15 18:05:36.990,1.38669,1.38676,3.56,1.50
2014.09.15 18:05:37.559,1.38669,1.38675,3.56,1.00
2014.09.15 18:05:38.063,1.38669,1.38675,2.62,1.00
2014.09.15 18:05:38.673,1.38669,1.38674,1.50,1.00
2014.09.15 18:05:40.928,1.38669,1.38675,2.25,1.00
2014.09.15 18:05:41.502,1.38669,1.38674,1.50,1.00
2014.09.15 18:05:43.726,1.38669,1.38675,1.50,2.62
2014.09.15 18:05:48.581,1.38669,1.38674,1.50,1.00
2014.09.15 18:05:49.280,1.38668,1.38673,1.25,1.50
2014.09.15 18:05:49.946,1.38668,1.38674,1.25,1.50
2014.09.15 18:05:57.426,1.38668,1.38673,1.00,1.00
2014.09.15 18:05:59.410,1.38668,1.38674,1.50,1.87
2014.09.15 18:06:08.203,1.38668,1.38675,1.69,1.12
2014.09.15 18:06:12.418,1.38668,1.38675,2.25,1.87
2014.09.15 18:06:13.983,1.38668,1.38675,2.25,2.62
2014.09.15 18:06:16.499,1.38668,1.38674,2.25,1.00
2014.09.15 18:06:17.003,1.38667,1.38674,3.37,1.50
2014.09.15 18:06:17.407,1.38667,1.38672,1.50,1.12
2014.09.15 18:06:17.761,1.38669,1.38673,1.00,1.00
2014.09.15 18:06:17.862,1.38669,1.38675,1.00,1.00
2014.09.15 18:06:18.368,1.38669,1.38676,1.50,3.00
2014.09.15 18:06:19.271,1.38669,1.38676,1.87,3.00
2014.09.15 18:06:19.816,1.38671,1.38676,1.00,2.25
2014.09.15 18:06:22.230,1.3867,1.38676,2.25,1.12
2014.09.15 18:06:24.787,1.3867,1.38677,1.50,3.56
2014.09.15 18:06:26.912,1.3867,1.38676,1.50,1.00
2014.09.15 18:06:28.633,1.3867,1.38677,1.50,3.19
2014.09.15 18:06:32.328,1.3867,1.38676,1.50,1.00
2014.09.15 18:06:33.868,1.3867,1.38677,1.00,2.44
2014.09.15 18:06:34.508,1.3867,1.38676,1.00,1.69
2014.09.15 18:06:35.053,1.3867,1.38675,1.00,2.25
2014.09.15 18:06:41.185,1.3867,1.38676,1.00,3.19
2014.09.15 18:06:41.694,1.3867,1.38675,1.00,1.00
2014.09.15 18:06:51.065,1.38669,1.38675,1.00,1.50
2014.09.15 18:06:51.675,1.38668,1.38675,3.56,1.50
2014.09.15 18:06:52.305,1.38668,1.38674,1.31,1.00
2014.09.15 18:06:53.512,1.38668,1.38675,1.50,1.00
2014.09.15 18:06:55.296,1.38668,1.38673,1.50,1.00
2014.09.15 18:06:57.029,1.38668,1.38672,1.50,1.00
2014.09.15 18:06:59.253,1.38668,1.38674,1.00,1.50
2014.09.15 18:07:01.215,1.38668,1.38673,1.00,1.00
2014.09.15 18:07:04.557,1.38668,1.38674,1.12,1.00
2014.09.15 18:07:05.966,1.38668,1.38674,1.37,1.00
2014.09.15 18:07:11.896,1.38668,1.38676,1.37,3.19
2014.09.15 18:07:12.695,1.38668,1.38676,1.37,2.25
2014.09.15 18:07:15.727,1.38668,1.38675,1.37,1.00
2014.09.15 18:07:17.605,1.38669,1.38676,1.50,2.25
2014.09.15 18:07:19.448,1.38669,1.38676,1.87,1.50
2014.09.15 18:07:28.185,1.3867,1.38677,1.00,2.62
2014.09.15 18:07:28.718,1.38669,1.38676,2.06,1.50
2014.09.15 18:07:29.922,1.38669,1.38675,1.31,1.00
2014.09.15 18:07:30.327,1.38668,1.38673,1.69,1.00
2014.09.15 18:07:31.865,1.38668,1.38673,1.00,1.50
2014.09.15 18:07:49.176,1.38668,1.38674,1.50,1.50
2014.09.15 18:07:49.712,1.38668,1.38674,1.50,1.87
2014.09.15 18:08:00.411,1.38668,1.38673,1.50,1.37
2014.09.15 18:08:00.922,1.38668,1.38673,1.50,1.00
2014.09.15 18:08:01.461,1.38668,1.38674,1.50,1.87
2014.09.15 18:08:02.020,1.38669,1.38675,1.50,2.62
2014.09.15 18:08:02.525,1.38669,1.38673,1.50,1.00
2014.09.15 18:08:03.029,1.38669,1.38674,1.50,1.50
2014.09.15 18:08:03.578,1.38668,1.38674,4.69,1.50
2014.09.15 18:08:07.981,1.38668,1.38672,3.19,1.00
2014.09.15 18:08:11.777,1.38669,1.38672,1.00,1.00
2014.09.15 18:08:12.859,1.38668,1.38672,3.00,1.00
2014.09.15 18:08:14.368,1.38668,1.38674,3.00,1.00
2014.09.15 18:08:14.620,1.38668,1.38672,3.00,1.00
2014.09.15 18:08:15.256,1.38668,1.38673,1.50,1.00
2014.09.15 18:08:15.764,1.38668,1.38672,1.50,1.00
2014.09.15 18:08:17.237,1.38668,1.38671,1.50,1.00
2014.09.15 18:08:19.463,1.38668,1.38672,1.50,1.00
2014.09.15 18:08:19.665,1.38668,1.38674,1.50,1.50
2014.09.15 18:08:19.867,1.38668,1.38672,2.25,1.00
2014.09.15 18:08:20.220,1.38669,1.38675,1.00,4.87
2014.09.15 18:08:20.724,1.38668,1.38675,3.75,1.87
2014.09.15 18:08:21.244,1.38668,1.38675,4.69,1.87
2014.09.15 18:08:22.368,1.38668,1.38675,3.19,1.37
2014.09.15 18:08:22.978,1.38668,1.38675,3.19,1.12
2014.09.15 18:08:23.491,1.38668,1.38675,2.25,1.50
2014.09.15 18:08:27.445,1.38669,1.38675,1.00,1.00
2014.09.15 18:08:27.959,1.3867,1.38676,1.50,1.87
2014.09.15 18:08:29.203,1.3867,1.38676,2.25,1.50
2014.09.15 18:08:30.091,1.3867,1.38675,2.25,1.00
2014.09.15 18:08:30.602,1.38669,1.38676,1.00,3.56
2014.09.15 18:08:31.969,1.38669,1.38674,1.00,1.00
2014.09.15 18:08:32.221,1.38669,1.38676,1.00,1.31
2014.09.15 18:08:33.964,1.38669,1.38676,1.25,1.87
2014.09.15 18:08:34.664,1.38668,1.38676,3.19,1.31
2014.09.15 18:08:36.364,1.38668,1.38674,3.19,1.00
2014.09.15 18:08:38.496,1.38668,1.38676,3.19,1.31
2014.09.15 18:08:40.925,1.38669,1.38676,1.00,2.06
2014.09.15 18:08:41.783,1.3867,1.38675,1.50,1.00
2014.09.15 18:08:42.287,1.3867,1.38674,1.00,1.00
2014.09.15 18:08:44.170,1.38669,1.38674,1.25,1.00
2014.09.15 18:08:44.322,1.38668,1.38672,3.19,1.00
2014.09.15 18:08:44.423,1.38668,1.38675,3.19,1.50
2014.09.15 18:08:45.276,1.38668,1.38675,2.44,3.00
2014.09.15 18:08:48.035,1.38668,1.38673,3.19,1.00
2014.09.15 18:08:51.069,1.38668,1.38673,3.94,1.00
2014.09.15 18:08:56.544,1.3867,1.38673,1.00,1.00
2014.09.15 18:08:56.746,1.3867,1.38676,1.50,1.87
2014.09.15 18:09:02.621,1.3867,1.38676,1.00,1.87
2014.09.15 18:09:03.232,1.38671,1.38676,1.50,1.12
2014.09.15 18:09:04.722,1.3867,1.38676,1.00,1.12
2014.09.15 18:09:05.404,1.38669,1.38676,2.44,1.12
2014.09.15 18:09:07.831,1.3867,1.38676,1.00,1.12
2014.09.15 18:09:14.785,1.38669,1.38676,1.25,1.12
2014.09.15 18:09:18.284,1.38669,1.38675,1.25,1.00
2014.09.15 18:09:19.509,1.3867,1.38675,1.00,1.00
2014.09.15 18:09:19.711,1.38673,1.38678,1.00,1.20
2014.09.15 18:09:20.216,1.38672,1.38678,1.50,1.00
2014.09.15 18:09:20.721,1.38673,1.38678,1.50,1.00
2014.09.15 18:09:21.281,1.38673,1.38677,1.00,1.00
2014.09.15 18:09:21.788,1.38671,1.38677,3.19,1.37
2014.09.15 18:09:22.505,1.38671,1.38677,1.25,1.37
2014.09.15 18:09:23.111,1.38671,1.38675,1.00,1.00
2014.09.15 18:09:23.720,1.3867,1.38675,3.94,1.00
2014.09.15 18:09:24.226,1.3867,1.38675,4.69,1.00
2014.09.15 18:09:24.687,1.38671,1.38673,1.25,1.00
2014.09.15 18:09:24.788,1.3867,1.38675,3.19,1.12
2014.09.15 18:09:25.293,1.3867,1.38675,1.19,1.37
2014.09.15 18:09:25.873,1.38668,1.38675,1.50,2.62
2014.09.15 18:09:26.420,1.38668,1.38675,1.50,2.62
2014.09.15 18:09:30.973,1.38668,1.38675,2.44,1.37
2014.09.15 18:09:34.792,1.38668,1.38675,2.25,3.37
2014.09.15 18:09:39.208,1.38669,1.38675,1.00,1.87
2014.09.15 18:09:40.400,1.38668,1.38675,1.25,2.62
2014.09.15 18:10:00.726,1.38668,1.38675,2.44,1.50
2014.09.15 18:10:01.244,1.38669,1.38676,1.00,2.81
2014.09.15 18:10:02.845,1.3867,1.38676,1.00,2.62
2014.09.15 18:10:03.350,1.3867,1.38676,1.00,2.62
2014.09.15 18:10:03.893,1.38669,1.38675,1.25,1.87
2014.09.15 18:10:05.964,1.3867,1.38675,1.00,1.12
2014.09.15 18:10:07.514,1.38669,1.38675,1.00,1.12
2014.09.15 18:10:08.019,1.3867,1.38675,1.00,1.12
2014.09.15 18:10:08.576,1.38669,1.38675,1.00,1.12
2014.09.15 18:10:09.721,1.3867,1.38675,1.00,1.12
2014.09.15 18:10:11.248,1.3867,1.38677,2.44,3.37
2014.09.15 18:10:11.779,1.38671,1.38677,1.50,1.00
2014.09.15 18:10:17.366,1.38671,1.38678,1.50,2.25
2014.09.15 18:10:30.074,1.38671,1.38678,1.69,2.62
2014.09.15 18:10:30.629,1.38672,1.38677,1.50,1.00
2014.09.15 18:10:36.125,1.38671,1.38677,2.06,1.00
2014.09.15 18:10:40.761,1.38672,1.38677,1.50,1.00
2014.09.15 18:10:41.262,1.38672,1.38678,2.25,1.00
2014.09.15 18:10:42.086,1.38672,1.38677,2.25,1.00
2014.09.15 18:10:43.206,1.38672,1.38678,1.69,1.00
2014.09.15 18:10:51.348,1.38672,1.38677,1.87,1.00
2014.09.15 18:10:51.934,1.38672,1.38676,1.12,1.00
2014.09.15 18:10:52.464,1.3867,1.38675,2.06,1.00
2014.09.15 18:10:54.106,1.3867,1.38675,1.69,1.00
2014.09.15 18:10:56.196,1.38671,1.38678,1.00,1.87
2014.09.15 18:10:56.652,1.3867,1.38676,1.25,1.00
2014.09.15 18:10:57.470,1.38669,1.38676,2.44,2.25
2014.09.15 18:10:59.138,1.38669,1.38675,2.44,1.00
2014.09.15 18:10:59.925,1.38669,1.38676,2.44,1.50
2014.09.15 18:11:00.481,1.38669,1.38675,1.25,1.50
2014.09.15 18:11:00.986,1.38668,1.38674,1.25,1.00
2014.09.15 18:11:01.491,1.38667,1.38673,1.31,1.00
2014.09.15 18:11:01.795,1.38665,1.3867,3.19,1.00
2014.09.15 18:11:06.079,1.38664,1.38669,1.37,1.00
2014.09.15 18:11:08.536,1.38664,1.3867,1.37,1.00
2014.09.15 18:11:11.048,1.38664,1.38671,2.06,1.00
2014.09.15 18:11:15.320,1.38664,1.38668,1.69,1.50
2014.09.15 18:11:15.662,1.38658,1.38664,1.69,2.25
2014.09.15 18:11:19.926,1.38657,1.38664,1.69,2.25
2014.09.15 18:11:20.458,1.38656,1.38663,2.81,1.00
2014.09.15 18:11:20.964,1.38656,1.38663,1.87,1.00
2014.09.15 18:11:21.493,1.38657,1.38664,1.00,3.00
2014.09.15 18:11:22.002,1.38656,1.38663,1.87,1.00
2014.09.15 18:11:29.841,1.38656,1.38661,2.25,1.00
2014.09.15 18:11:31.960,1.38656,1.38663,2.25,1.00
2014.09.15 18:11:43.266,1.38662,1.38665,1.50,1.50
2014.09.15 18:11:43.418,1.38662,1.38668,1.87,2.06
2014.09.15 18:11:43.936,1.3866,1.38666,1.69,1.00
2014.09.15 18:11:44.037,1.3866,1.38664,1.25,1.00
2014.09.15 18:11:44.390,1.38659,1.38666,1.19,3.75
2014.09.15 18:11:44.805,1.38659,1.38664,1.69,1.00
2014.09.15 18:11:45.108,1.38662,1.38665,1.87,1.00
2014.09.15 18:11:45.361,1.38662,1.38668,1.87,1.00
2014.09.15 18:11:45.980,1.38662,1.38667,1.87,1.00
2014.09.15 18:11:47.032,1.38662,1.38669,2.06,2.25
2014.09.15 18:11:48.267,1.38663,1.38669,2.81,1.50
2014.09.15 18:11:48.419,1.38666,1.38672,1.00,1.69
2014.09.15 18:11:48.924,1.38665,1.38672,1.50,2.44
2014.09.15 18:11:49.585,1.38666,1.38672,1.50,1.00
2014.09.15 18:12:01.112,1.38665,1.38672,1.25,1.50
2014.09.15 18:12:01.618,1.38666,1.38672,1.12,1.00
2014.09.15 18:12:03.965,1.38666,1.38673,1.12,2.81
2014.09.15 18:12:04.939,1.38667,1.38673,1.50,2.06
2014.09.15 18:12:07.841,1.38668,1.38673,1.50,1.69
2014.09.15 18:12:08.043,1.38668,1.38675,2.06,1.50
2014.09.15 18:12:08.559,1.3867,1.38677,1.00,3.19
2014.09.15 18:12:09.067,1.3867,1.38677,1.00,2.44
2014.09.15 18:12:14.330,1.3867,1.38677,2.25,2.44
2014.09.15 18:12:18.251,1.3867,1.38677,2.25,2.06
2014.09.15 18:12:23.128,1.3867,1.38676,1.00,1.12
2014.09.15 18:12:24.901,1.38669,1.38678,2.44,6.19
2014.09.15 18:12:26.155,1.3867,1.38677,1.00,3.94
2014.09.15 18:12:35.494,1.3867,1.38675,1.00,1.00
2014.09.15 18:12:37.684,1.38669,1.38675,3.00,1.12
2014.09.15 18:12:38.284,1.38668,1.38675,4.69,1.22
2014.09.15 18:12:42.490,1.38668,1.38676,1.50,3.37
2014.09.15 18:12:42.541,1.38668,1.38672,1.50,1.00
2014.09.15 18:12:43.046,1.38667,1.38671,2.44,1.00
2014.09.15 18:12:43.574,1.38667,1.3867,2.44,1.00
2014.09.15 18:12:45.833,1.38667,1.38673,2.25,1.00
2014.09.15 18:12:45.943,1.38667,1.3867,2.25,1.00
2014.09.15 18:12:46.200,1.38667,1.38672,2.25,1.00
2014.09.15 18:12:48.144,1.38667,1.38674,2.25,1.69
2014.09.15 18:12:48.295,1.38667,1.38671,2.25,1.00
2014.09.15 18:12:49.793,1.38667,1.3867,2.25,1.00
2014.09.15 18:12:49.945,1.38667,1.38671,1.50,1.00
2014.09.15 18:12:50.271,1.38667,1.38673,1.50,1.00
2014.09.15 18:12:52.704,1.38667,1.38671,1.50,1.00
2014.09.15 18:12:53.374,1.38667,1.38672,1.50,1.00
2014.09.15 18:12:53.984,1.38667,1.38669,1.00,1.00
2014.09.15 18:12:54.337,1.38667,1.38671,1.00,1.00
2014.09.15 18:12:56.427,1.38667,1.38673,1.25,1.00
2014.09.15 18:13:03.245,1.38667,1.3867,1.31,1.00
2014.09.15 18:13:04.095,1.38667,1.38672,1.31,1.00
2014.09.15 18:13:18.974,1.38667,1.38672,1.62,1.00
2014.09.15 18:13:19.277,1.38673,1.38677,1.50,1.12
2014.09.15 18:13:19.782,1.38672,1.38679,1.00,2.81
2014.09.15 18:13:20.653,1.38673,1.38679,1.00,2.81
2014.09.15 18:13:21.009,1.38673,1.38679,1.50,1.31
2014.09.15 18:13:21.514,1.38674,1.3868,1.12,1.69
2014.09.15 18:13:22.018,1.38674,1.3868,1.25,1.50
2014.09.15 18:13:22.069,1.38674,1.38678,1.25,1.00
2014.09.15 18:13:22.812,1.38673,1.3868,4.31,2.25
2014.09.15 18:13:23.591,1.38673,1.38677,3.19,1.00
2014.09.15 18:13:24.096,1.38673,1.38678,3.94,1.00
2014.09.15 18:13:24.744,1.38672,1.38678,5.81,1.00
2014.09.15 18:13:27.761,1.38674,1.38678,1.50,1.00
2014.09.15 18:13:29.586,1.38673,1.38678,3.19,1.00
2014.09.15 18:13:30.125,1.38673,1.38679,3.94,1.00
2014.09.15 18:13:38.058,1.38673,1.38679,1.50,1.37
2014.09.15 18:13:38.362,1.38673,1.38676,1.87,1.00
2014.09.15 18:13:38.413,1.38673,1.38678,1.87,1.00
2014.09.15 18:13:39.182,1.38673,1.38679,2.25,1.00
2014.09.15 18:13:39.886,1.38674,1.38679,1.50,1.00
2014.09.15 18:13:39.988,1.38676,1.38679,1.00,1.00
2014.09.15 18:13:40.291,1.38681,1.38683,1.00,1.00
2014.09.15 18:13:40.342,1.38682,1.38685,1.00,1.12
2014.09.15 18:13:41.012,1.38682,1.38688,1.00,1.37
2014.09.15 18:13:41.522,1.38683,1.38688,1.12,1.37
2014.09.15 18:13:41.623,1.38685,1.38687,1.50,1.00
2014.09.15 18:13:42.140,1.38686,1.38688,1.50,1.00
2014.09.15 18:13:45.229,1.38685,1.38688,1.00,1.00
2014.09.15 18:13:45.735,1.38685,1.38689,1.00,1.00
2014.09.15 18:13:46.682,1.38685,1.38688,1.25,1.00
2014.09.15 18:13:47.924,1.38686,1.38688,1.50,1.00
2014.09.15 18:13:48.127,1.38687,1.3869,1.50,1.00
2014.09.15 18:13:50.295,1.38687,1.38692,1.50,1.00
2014.09.15 18:13:51.169,1.38689,1.38692,1.00,1.00
2014.09.15 18:13:51.473,1.38692,1.38695,1.00,1.00
2014.09.15 18:13:52.156,1.38691,1.38695,2.25,1.00
2014.09.15 18:13:52.847,1.38691,1.38694,1.50,1.00
2014.09.15 18:13:53.150,1.3869,1.38692,1.00,1.12
2014.09.15 18:13:53.201,1.38689,1.38692,1.50,1.12
2014.09.15 18:13:53.302,1.38686,1.38691,1.00,1.00
2014.09.15 18:13:53.453,1.38683,1.38691,2.44,3.75
2014.09.15 18:13:54.019,1.38685,1.38692,1.50,3.94
2014.09.15 18:13:54.070,1.38685,1.38692,1.50,4.31
2014.09.15 18:14:00.983,1.38685,1.38692,2.25,2.62
2014.09.15 18:14:03.269,1.38685,1.38692,1.50,2.62
2014.09.15 18:14:04.264,1.38685,1.38692,1.50,2.25
2014.09.15 18:14:04.365,1.38687,1.38692,1.00,1.00
2014.09.15 18:14:04.871,1.38687,1.38695,1.00,1.87
2014.09.15 18:14:05.980,1.38687,1.38695,1.00,1.87
2014.09.15 18:14:17.900,1.38687,1.38695,1.12,3.00
2014.09.15 18:14:18.405,1.38687,1.38694,1.50,1.12
2014.09.15 18:14:22.603,1.38689,1.38695,2.62,1.19
2014.09.15 18:14:22.654,1.38689,1.38696,2.62,1.00
2014.09.15 18:14:22.857,1.38692,1.38698,1.12,1.25
2014.09.15 18:14:23.361,1.38692,1.38697,1.87,1.00
2014.09.15 18:14:31.128,1.38693,1.38697,1.87,1.00
2014.09.15 18:14:55.778,1.38692,1.38698,3.37,1.00
2014.09.15 18:15:07.971,1.38692,1.38698,1.87,1.00
2014.09.15 18:15:08.484,1.38692,1.38698,2.06,1.00
2014.09.15 18:15:12.943,1.38692,1.38697,1.87,1.00
2014.09.15 18:15:17.305,1.38692,1.38696,2.25,1.00
2014.09.15 18:15:26.821,1.38691,1.38696,1.87,1.00
2014.09.15 18:15:28.192,1.38691,1.38697,1.87,1.00
2014.09.15 18:15:29.362,1.38692,1.38697,1.00,1.00
2014.09.15 18:15:30.236,1.38691,1.38697,2.06,1.00
2014.09.15 18:15:33.276,1.38692,1.38697,1.00,1.00
2014.09.15 18:15:44.912,1.38692,1.38698,1.87,1.50
2014.09.15 18:15:45.912,1.38693,1.38698,1.00,1.00
2014.09.15 18:15:46.485,1.38693,1.387,1.00,2.81
2014.09.15 18:15:47.031,1.38693,1.387,2.25,2.06
2014.09.15 18:15:47.797,1.38692,1.38699,3.37,1.00
2014.09.15 18:15:48.301,1.38692,1.38698,3.37,1.00
2014.09.15 18:16:24.185,1.38692,1.38699,3.75,1.50
2014.09.15 18:16:28.066,1.38692,1.38698,3.00,1.00
2014.09.15 18:16:29.115,1.38692,1.38699,3.00,1.69
2014.09.15 18:16:45.941,1.38692,1.38698,1.25,1.00
2014.09.15 18:17:09.508,1.38692,1.38699,2.44,1.12
2014.09.15 18:17:10.015,1.38693,1.387,1.00,1.25
2014.09.15 18:17:10.576,1.38694,1.387,1.00,1.25
2014.09.15 18:17:11.081,1.38695,1.38701,1.00,1.12
2014.09.15 18:17:17.971,1.38695,1.387,1.00,1.00
2014.09.15 18:17:19.730,1.38694,1.387,1.69,1.00
2014.09.15 18:17:30.513,1.38695,1.387,1.00,1.00
2014.09.15 18:17:30.666,1.38693,1.38699,1.69,1.12
2014.09.15 18:17:33.969,1.38693,1.38697,1.50,1.00
2014.09.15 18:17:37.110,1.38693,1.38698,1.69,1.00
2014.09.15 18:17:39.270,1.38693,1.38698,2.44,1.00
2014.09.15 18:17:41.224,1.38692,1.38698,3.19,1.00
2014.09.15 18:17:47.485,1.38692,1.38699,1.00,1.31
2014.09.15 18:17:47.994,1.38691,1.38698,1.69,1.00
2014.09.15 18:17:48.686,1.38691,1.38698,1.25,1.37
2014.09.15 18:17:50.208,1.3869,1.38697,3.19,1.87
2014.09.15 18:17:56.660,1.3869,1.38696,1.25,1.00
2014.09.15 18:18:02.049,1.38691,1.38696,1.00,1.50
2014.09.15 18:18:02.557,1.3869,1.38697,2.81,1.50
2014.09.15 18:18:05.208,1.38691,1.38696,1.62,1.00
2014.09.15 18:18:06.603,1.3869,1.38696,5.06,1.00
2014.09.15 18:18:07.138,1.3869,1.38697,4.31,1.50
2014.09.15 18:18:08.131,1.3869,1.38696,4.31,1.00
2014.09.15 18:18:08.701,1.3869,1.38696,2.81,1.00
2014.09.15 18:18:09.244,1.38691,1.38696,1.50,1.00
2014.09.15 18:18:13.974,1.3869,1.38696,3.56,1.00
2014.09.15 18:18:15.872,1.3869,1.38696,3.56,1.00
2014.09.15 18:18:19.349,1.3869,1.38696,3.56,1.00
2014.09.15 18:18:23.752,1.3869,1.38696,2.81,1.00
2014.09.15 18:18:24.367,1.3869,1.38695,4.31,1.00
2014.09.15 18:18:27.061,1.3869,1.38696,4.31,1.00
2014.09.15 18:18:36.536,1.38691,1.38698,1.37,1.50
2014.09.15 18:18:43.577,1.38692,1.38699,2.62,1.50
2014.09.15 18:18:45.049,1.38692,1.38698,1.37,1.00
2014.09.15 18:18:45.617,1.38691,1.38698,3.56,1.00
2014.09.15 18:18:48.278,1.38691,1.38697,2.06,1.00
2014.09.15 18:18:50.086,1.38691,1.38697,2.06,1.00
2014.09.15 18:18:52.491,1.38692,1.38697,1.50,1.00
2014.09.15 18:18:52.877,1.38691,1.38695,3.56,1.00
2014.09.15 18:18:53.384,1.38691,1.38696,1.25,1.50
2014.09.15 18:18:53.888,1.3869,1.38697,3.19,3.00
2014.09.15 18:18:54.394,1.3869,1.38697,2.25,3.75
2014.09.15 18:19:00.906,1.38691,1.38697,1.00,1.00
2014.09.15 18:19:02.977,1.38692,1.38697,1.00,1.00
2014.09.15 18:19:03.502,1.38694,1.38697,1.00,1.00
2014.09.15 18:19:03.604,1.38694,1.38699,1.00,1.25
2014.09.15 18:19:05.201,1.38693,1.38699,2.44,1.00
2014.09.15 18:19:10.018,1.38694,1.38699,1.00,1.12
2014.09.15 18:19:10.119,1.38695,1.38699,1.00,3.00
2014.09.15 18:19:10.373,1.38698,1.38703,1.00,1.69
2014.09.15 18:19:10.895,1.38697,1.38704,1.00,3.19
2014.09.15 18:19:11.423,1.38696,1.38704,1.50,3.56
2014.09.15 18:19:11.928,1.38695,1.38702,2.44,2.62
2014.09.15 18:19:12.722,1.38696,1.38702,1.00,1.00
2014.09.15 18:19:13.226,1.38696,1.38703,1.50,2.06
2014.09.15 18:19:19.221,1.38696,1.387,1.50,1.00
2014.09.15 18:19:19.668,1.38696,1.38703,2.25,4.31
2014.09.15 18:19:20.224,1.38696,1.38702,1.50,1.50
2014.09.15 18:19:20.729,1.38695,1.38701,2.06,1.00
2014.09.15 18:19:22.481,1.38695,1.387,1.50,1.00
2014.09.15 18:19:23.142,1.38695,1.38701,1.50,2.25
2014.09.15 18:19:23.570,1.38695,1.38701,1.87,2.62
2014.09.15 18:19:24.075,1.38695,1.38698,1.12,1.00
2014.09.15 18:19:26.997,1.38695,1.38699,1.12,1.00
2014.09.15 18:19:28.977,1.38695,1.38698,1.12,1.00
2014.09.15 18:19:34.455,1.38694,1.38698,1.00,1.00
2014.09.15 18:19:35.064,1.38693,1.38698,3.00,1.00
2014.09.15 18:19:39.288,1.38694,1.38698,1.00,1.00
2014.09.15 18:19:47.414,1.38693,1.38698,2.25,1.00
2014.09.15 18:19:52.849,1.38693,1.38697,1.50,1.00
2014.09.15 18:19:58.818,1.38693,1.38696,1.50,1.50
2014.09.15 18:20:04.953,1.38693,1.38697,1.50,1.00
2014.09.15 18:20:05.458,1.38693,1.38696,1.50,1.00
2014.09.15 18:20:06.314,1.38693,1.38697,1.50,2.25
2014.09.15 18:20:10.321,1.38693,1.38696,1.50,1.00
2014.09.15 18:20:14.842,1.38692,1.38696,1.50,2.25
2014.09.15 18:20:38.888,1.38692,1.38695,1.50,1.00
2014.09.15 18:20:43.265,1.38692,1.38694,1.50,1.00
2014.09.15 18:20:43.771,1.38691,1.38693,1.50,1.00
2014.09.15 18:20:44.281,1.38689,1.38693,2.06,1.00
2014.09.15 18:20:45.144,1.38689,1.38693,1.31,1.00
2014.09.15 18:20:45.650,1.38689,1.38693,1.62,1.00
2014.09.15 18:20:46.765,1.38689,1.38693,1.12,1.00
2014.09.15 18:20:47.273,1.38689,1.38693,1.37,1.00
2014.09.15 18:20:47.785,1.38689,1.38693,1.12,1.00
2014.09.15 18:20:48.739,1.38689,1.38693,1.62,1.00
2014.09.15 18:20:49.264,1.38689,1.38693,1.31,1.00
2014.09.15 18:20:50.009,1.38689,1.38693,1.62,1.00
2014.09.15 18:20:50.835,1.38689,1.38693,1.31,1.00
2014.09.15 18:20:51.443,1.38689,1.38693,1.62,1.00
2014.09.15 18:20:53.108,1.38689,1.38693,1.31,1.00
2014.09.15 18:20:53.616,1.38689,1.38693,1.62,1.00
2014.09.15 18:20:54.121,1.38689,1.38693,1.31,1.00
2014.09.15 18:20:54.839,1.38689,1.38693,1.62,1.00
2014.09.15 18:20:55.538,1.38689,1.38693,1.31,1.00
2014.09.15 18:20:56.052,1.38689,1.38693,1.62,1.00
2014.09.15 18:20:56.599,1.38689,1.38693,1.31,1.00
2014.09.15 18:20:57.105,1.38689,1.38693,1.62,1.00
2014.09.15 18:20:57.619,1.38689,1.38693,1.31,1.00
2014.09.15 18:20:58.269,1.38689,1.38693,1.62,1.00
2014.09.15 18:20:58.773,1.38689,1.38693,1.31,1.00
2014.09.15 18:21:00.598,1.38689,1.38692,1.31,1.00
2014.09.15 18:21:00.901,1.38685,1.3869,2.44,1.50
2014.09.15 18:21:01.053,1.38685,1.38688,1.25,1.00
2014.09.15 18:21:01.568,1.38684,1.38687,2.44,1.50
2014.09.15 18:21:02.075,1.38684,1.38687,1.50,1.50
2014.09.15 18:21:07.137,1.38684,1.38688,1.87,1.50
2014.09.15 18:21:11.948,1.38684,1.38691,1.87,2.25
2014.09.15 18:21:21.139,1.38685,1.38691,1.00,1.69
2014.09.15 18:21:31.857,1.38685,1.38692,1.50,2.44
2014.09.15 18:21:32.365,1.38685,1.38691,1.50,1.00
2014.09.15 18:21:44.250,1.38684,1.38691,2.44,1.50
2014.09.15 18:21:46.154,1.38684,1.38691,3.56,1.00
2014.09.15 18:21:47.336,1.38684,1.38691,3.56,1.00
2014.09.15 18:21:47.440,1.38685,1.38693,1.50,1.12
2014.09.15 18:21:49.392,1.38684,1.38691,2.81,1.00
2014.09.15 18:21:49.932,1.38684,1.3869,2.81,1.00
2014.09.15 18:21:50.445,1.38684,1.38689,2.81,1.00
2014.09.15 18:21:51.003,1.38684,1.38689,2.81,1.50
2014.09.15 18:21:53.053,1.38684,1.3869,2.81,1.00
2014.09.15 18:22:00.976,1.38686,1.38693,1.12,1.69
2014.09.15 18:22:04.997,1.38686,1.38693,1.37,2.25
2014.09.15 18:22:05.452,1.38685,1.38691,1.12,1.00
2014.09.15 18:22:05.553,1.38683,1.38689,1.62,1.50
2014.09.15 18:22:06.060,1.38682,1.38689,2.06,3.00
2014.09.15 18:22:06.675,1.38682,1.38689,1.31,3.00
2014.09.15 18:22:07.015,1.38682,1.38689,1.62,3.00
2014.09.15 18:22:07.683,1.38682,1.38688,2.06,1.00
2014.09.15 18:22:07.939,1.38682,1.38688,2.06,1.00
2014.09.15 18:22:08.143,1.38684,1.38689,1.00,2.25
2014.09.15 18:22:08.915,1.38682,1.38689,1.12,3.00
2014.09.15 18:22:09.017,1.38682,1.38689,1.37,3.00
2014.09.15 18:22:09.118,1.38682,1.38689,1.00,3.00
2014.09.15 18:22:09.477,1.38682,1.38691,1.50,3.00
2014.09.15 18:22:09.998,1.38682,1.38691,1.69,3.00
2014.09.15 18:22:12.129,1.38682,1.38691,3.56,2.44
2014.09.15 18:22:13.912,1.38685,1.38692,1.12,3.19
2014.09.15 18:22:18.968,1.38685,1.38692,1.00,1.37
2014.09.15 18:22:20.868,1.38687,1.38692,1.00,1.87
2014.09.15 18:22:21.120,1.3869,1.38695,1.00,1.12
2014.09.15 18:22:21.626,1.38689,1.38696,1.00,1.87
2014.09.15 18:22:21.727,1.38687,1.38694,1.69,2.62
2014.09.15 18:22:22.287,1.38687,1.38693,1.69,1.87
2014.09.15 18:22:23.316,1.38687,1.38692,1.00,1.00
2014.09.15 18:22:23.468,1.38685,1.38691,2.81,1.00
2014.09.15 18:22:23.975,1.38685,1.38692,2.81,3.00
2014.09.15 18:22:24.486,1.38686,1.38692,1.12,2.25
2014.09.15 18:22:31.740,1.38686,1.38693,2.06,2.25
2014.09.15 18:22:33.346,1.38685,1.38692,3.56,1.00
2014.09.15 18:22:49.598,1.38685,1.38692,2.81,1.00
2014.09.15 18:22:52.018,1.38686,1.38692,1.00,1.00
2014.09.15 18:22:52.542,1.38686,1.38693,1.12,3.00
2014.09.15 18:22:53.155,1.38686,1.38692,1.12,1.50
2014.09.15 18:22:55.293,1.38686,1.38693,1.00,2.62
2014.09.15 18:22:55.807,1.38686,1.38692,1.00,1.00
2014.09.15 18:22:57.118,1.38686,1.38693,1.00,2.62
2014.09.15 18:22:59.686,1.38686,1.38692,1.00,1.00
2014.09.15 18:23:00.256,1.38685,1.38692,3.37,2.25
2014.09.15 18:23:00.812,1.38685,1.38691,3.37,1.00
2014.09.15 18:23:01.676,1.38685,1.38692,3.37,2.44
2014.09.15 18:23:02.327,1.38686,1.38693,1.00,4.31
2014.09.15 18:23:02.877,1.38686,1.38693,1.00,2.06
2014.09.15 18:23:03.613,1.38686,1.38692,1.00,1.00
2014.09.15 18:23:04.254,1.38685,1.38692,2.44,1.00
2014.09.15 18:23:09.730,1.38685,1.38693,3.00,1.50
2014.09.15 18:23:10.340,1.38685,1.38692,2.25,3.00
2014.09.15 18:23:15.159,1.38686,1.38692,1.00,2.25
2014.09.15 18:23:22.769,1.38686,1.3869,1.00,1.00
2014.09.15 18:23:23.274,1.38685,1.3869,1.00,1.00
2014.09.15 18:23:38.115,1.38685,1.38689,1.00,1.00
2014.09.15 18:23:38.419,1.38683,1.38685,1.00,1.00
2014.09.15 18:23:38.471,1.3868,1.38684,2.06,1.00
2014.09.15 18:23:38.976,1.38679,1.38683,2.06,1.50
2014.09.15 18:23:39.279,1.38678,1.38682,1.12,1.00
2014.09.15 18:23:39.431,1.38676,1.3868,1.56,1.50
2014.09.15 18:23:39.532,1.38676,1.38683,2.81,3.00
2014.09.15 18:23:39.936,1.38678,1.38681,1.50,1.50
2014.09.15 18:23:40.445,1.38676,1.38681,2.44,2.25
2014.09.15 18:23:41.000,1.38675,1.38681,1.69,2.25
2014.09.15 18:23:42.373,1.38675,1.38681,1.50,2.25
2014.09.15 18:23:42.677,1.38673,1.38677,1.25,1.00
2014.09.15 18:23:45.224,1.38673,1.38677,1.62,1.00
2014.09.15 18:23:45.275,1.38674,1.38679,1.56,1.50
2014.09.15 18:23:45.377,1.38676,1.38681,1.00,1.50
2014.09.15 18:23:45.882,1.38676,1.38682,1.12,1.50
2014.09.15 18:23:46.034,1.38676,1.38683,1.87,1.50
2014.09.15 18:23:46.488,1.3868,1.38686,1.00,1.50
2014.09.15 18:23:46.540,1.3868,1.38684,1.50,1.00
2014.09.15 18:23:47.477,1.3868,1.38685,1.50,1.00
2014.09.15 18:23:47.982,1.38681,1.38685,1.00,1.00
2014.09.15 18:23:48.488,1.38681,1.38686,1.12,1.50
2014.09.15 18:23:49.554,1.38681,1.38688,1.31,1.50
2014.09.15 18:23:49.604,1.38681,1.38688,2.44,1.50
2014.09.15 18:23:49.706,1.38685,1.38691,1.75,1.50
2014.09.15 18:23:49.807,1.38688,1.38691,1.31,1.00
2014.09.15 18:23:49.858,1.38687,1.38693,3.56,1.50
2014.09.15 18:23:54.604,1.38687,1.3869,1.12,1.50
2014.09.15 18:23:54.756,1.38686,1.38689,1.12,1.50
2014.09.15 18:23:55.271,1.38685,1.38689,1.69,1.50
2014.09.15 18:24:05.786,1.38685,1.38688,1.50,1.50
2014.09.15 18:24:05.887,1.38685,1.38687,1.50,1.50
2014.09.15 18:24:06.191,1.3868,1.38684,1.69,1.50
2014.09.15 18:24:06.394,1.38683,1.38684,1.50,1.00
2014.09.15 18:24:06.445,1.38683,1.38686,1.50,1.50
2014.09.15 18:24:07.155,1.38683,1.38685,1.87,1.00
2014.09.15 18:24:07.307,1.38683,1.38686,2.25,1.50
2014.09.15 18:24:08.221,1.38682,1.38687,3.19,1.50
2014.09.15 18:24:08.728,1.38682,1.38688,4.69,1.50
2014.09.15 18:24:14.763,1.38683,1.3869,3.94,1.50
2014.09.15 18:24:15.267,1.38685,1.3869,1.00,1.50
2014.09.15 18:24:19.703,1.38685,1.38691,1.37,1.50
2014.09.15 18:24:19.906,1.38686,1.38692,1.87,1.50
2014.09.15 18:24:20.671,1.38686,1.3869,1.37,1.00
2014.09.15 18:24:20.825,1.38686,1.3869,1.12,1.50
2014.09.15 18:24:22.142,1.38687,1.3869,1.87,1.00
2014.09.15 18:24:23.195,1.38686,1.3869,1.00,1.50
2014.09.15 18:24:23.700,1.38685,1.3869,2.06,1.50
2014.09.15 18:24:30.093,1.38685,1.38691,1.87,1.00
2014.09.15 18:24:31.179,1.38685,1.38692,1.87,1.00
2014.09.15 18:24:31.717,1.38685,1.38693,4.12,1.50
2014.09.15 18:24:40.022,1.38686,1.38693,2.81,1.50
2014.09.15 18:24:41.125,1.38686,1.38693,2.81,1.50
2014.09.15 18:24:41.796,1.38686,1.38691,1.31,1.00
2014.09.15 18:24:41.998,1.38685,1.38694,6.56,1.50
2014.09.15 18:24:42.158,1.38692,1.38695,1.00,1.50
2014.09.15 18:24:42.310,1.38694,1.38698,1.50,1.00
2014.09.15 18:24:42.815,1.38695,1.38698,1.00,1.00
2014.09.15 18:24:42.866,1.38695,1.387,1.00,1.00
2014.09.15 18:24:43.219,1.38697,1.387,1.00,1.00
2014.09.15 18:24:43.724,1.38698,1.38701,1.12,1.50
2014.09.15 18:24:44.265,1.38697,1.38701,1.50,1.50
2014.09.15 18:24:44.568,1.38694,1.38697,1.12,1.50
2014.09.15 18:24:45.076,1.38695,1.387,1.56,1.00
2014.09.15 18:24:45.127,1.38696,1.38702,1.62,1.50
2014.09.15 18:24:45.178,1.38696,1.38701,1.31,1.00
2014.09.15 18:24:45.228,1.38698,1.387,1.00,1.00
2014.09.15 18:24:45.531,1.38695,1.387,5.06,1.00
2014.09.15 18:24:46.137,1.38698,1.387,1.00,1.00
2014.09.15 18:24:50.507,1.38697,1.38701,1.37,1.00
2014.09.15 18:24:51.023,1.38697,1.38702,1.37,1.50
2014.09.15 18:24:56.492,1.38697,1.38702,1.37,1.50
2014.09.15 18:24:57.061,1.38697,1.38702,1.87,1.00
2014.09.15 18:24:57.567,1.38699,1.38703,1.87,1.50
2014.09.15 18:25:00.128,1.387,1.38704,2.62,1.00
2014.09.15 18:25:00.179,1.387,1.38705,2.62,2.25
2014.09.15 18:25:00.331,1.38703,1.38708,1.37,1.50
2014.09.15 18:25:00.836,1.38705,1.38709,1.12,1.50
2014.09.15 18:25:01.346,1.38704,1.38708,1.31,1.00
2014.09.15 18:25:01.497,1.38704,1.38709,1.62,1.00
2014.09.15 18:25:02.003,1.38704,1.3871,2.06,1.00
2014.09.15 18:25:05.982,1.38706,1.3871,1.25,1.00
2014.09.15 18:25:06.285,1.38705,1.38709,2.44,1.50
2014.09.15 18:25:07.883,1.38705,1.38707,1.50,1.50
2014.09.15 18:25:08.186,1.38705,1.38709,1.50,1.50
2014.09.15 18:25:19.437,1.38705,1.38707,1.50,1.00
2014.09.15 18:25:19.690,1.38701,1.38705,2.81,1.00
2014.09.15 18:25:20.213,1.387,1.38704,1.19,1.50
2014.09.15 18:25:20.832,1.38699,1.38704,2.06,1.50
2014.09.15 18:25:22.506,1.387,1.38706,1.00,1.00
2014.09.15 18:25:22.557,1.38701,1.38707,1.56,1.00
2014.09.15 18:25:22.810,1.38703,1.38709,1.37,1.00
2014.09.15 18:25:24.567,1.38704,1.38709,1.87,1.00
2014.09.15 18:25:24.824,1.38704,1.38709,2.06,1.00
2014.09.15 18:25:30.079,1.38704,1.38709,1.87,1.00
2014.09.15 18:25:37.944,1.38704,1.38709,2.06,1.00
2014.09.15 18:25:40.529,1.38704,1.3871,2.44,1.50
2014.09.15 18:25:43.779,1.38705,1.3871,2.44,1.00
2014.09.15 18:25:44.324,1.38705,1.38709,1.69,1.00
2014.09.15 18:25:44.829,1.38705,1.38709,2.06,1.50
2014.09.15 18:25:52.855,1.38705,1.38709,2.44,1.00
2014.09.15 18:25:53.361,1.38704,1.38708,2.06,1.00
2014.09.15 18:25:54.366,1.38704,1.38709,2.25,1.00
2014.09.15 18:25:57.576,1.38704,1.38707,1.12,1.00
2014.09.15 18:25:57.879,1.387,1.38703,1.25,1.00
2014.09.15 18:25:58.131,1.38697,1.38702,2.81,1.00
2014.09.15 18:25:58.682,1.38697,1.38702,2.81,1.00
2014.09.15 18:25:59.801,1.38698,1.38702,1.56,1.00
2014.09.15 18:25:59.952,1.38699,1.38704,1.62,1.00
2014.09.15 18:26:00.003,1.38699,1.38705,1.62,1.50
2014.09.15 18:26:00.205,1.38702,1.38707,1.00,1.25
2014.09.15 18:26:00.508,1.38703,1.38706,1.00,1.00
2014.09.15 18:26:00.660,1.387,1.38705,1.69,1.00
2014.09.15 18:26:01.581,1.387,1.38704,1.87,1.00
2014.09.15 18:26:02.090,1.38699,1.38704,1.25,1.00
2014.09.15 18:26:05.260,1.38699,1.38703,1.25,1.00
2014.09.15 18:26:05.765,1.38698,1.38703,1.31,1.00
2014.09.15 18:26:06.269,1.38698,1.38702,1.31,1.00
2014.09.15 18:26:06.895,1.38698,1.38702,2.06,1.00
2014.09.15 18:26:07.534,1.38698,1.38702,1.31,1.00
2014.09.15 18:26:08.039,1.38698,1.38701,1.31,1.00
2014.09.15 18:26:10.369,1.38698,1.38702,1.31,1.00
2014.09.15 18:26:10.424,1.38698,1.38704,2.06,1.00
2014.09.15 18:26:10.963,1.38698,1.38705,2.06,1.00
2014.09.15 18:26:13.537,1.387,1.38706,1.12,1.00
2014.09.15 18:26:13.840,1.38701,1.38708,1.00,3.75
2014.09.15 18:26:14.523,1.38701,1.38707,1.00,1.00
2014.09.15 18:26:15.060,1.387,1.38707,1.00,1.50
2014.09.15 18:26:15.586,1.387,1.38706,1.00,1.00
2014.09.15 18:26:16.116,1.387,1.38706,3.37,1.00
2014.09.15 18:26:16.268,1.38701,1.38708,1.87,2.44
2014.09.15 18:26:17.754,1.38701,1.38707,1.00,1.00
2014.09.15 18:26:18.259,1.387,1.38707,1.25,1.00
2014.09.15 18:26:22.816,1.387,1.38707,1.00,1.62
2014.09.15 18:26:24.615,1.387,1.38707,1.00,2.06
2014.09.15 18:26:25.130,1.387,1.38707,1.00,2.06
2014.09.15 18:26:27.852,1.38703,1.38707,1.00,1.69
2014.09.15 18:26:28.055,1.38705,1.38711,2.25,1.00
2014.09.15 18:26:28.262,1.38707,1.38711,1.00,1.00
2014.09.15 18:26:28.822,1.38707,1.38712,1.00,1.25
2014.09.15 18:26:30.246,1.38708,1.38712,1.00,1.00
2014.09.15 18:26:30.757,1.38709,1.38712,1.00,1.00
2014.09.15 18:26:31.524,1.38708,1.38712,1.50,1.00
2014.09.15 18:26:36.688,1.38707,1.38712,2.44,1.00
2014.09.15 18:26:37.253,1.38707,1.38713,1.69,1.37
2014.09.15 18:26:40.287,1.38706,1.38713,1.69,1.87
2014.09.15 18:26:42.555,1.38707,1.38712,1.00,1.87
2014.09.15 18:26:43.976,1.38707,1.38713,1.50,1.12
2014.09.15 18:26:44.709,1.38708,1.38712,1.00,1.00
2014.09.15 18:26:46.609,1.3871,1.38712,1.00,1.00
2014.09.15 18:26:46.862,1.38711,1.38716,1.50,1.19
2014.09.15 18:26:47.485,1.38712,1.38716,1.00,1.19
2014.09.15 18:26:48.013,1.38711,1.38718,1.12,4.69
2014.09.15 18:26:48.664,1.3871,1.38717,2.81,1.00
2014.09.15 18:26:51.109,1.38711,1.38715,1.87,1.00
2014.09.15 18:26:51.960,1.38709,1.38715,2.06,1.00
2014.09.15 18:26:52.468,1.38709,1.38716,2.06,1.50
2014.09.15 18:26:59.100,1.38712,1.38716,1.12,1.25
2014.09.15 18:26:59.151,1.38712,1.38718,1.87,1.50
2014.09.15 18:26:59.363,1.38714,1.38718,1.00,1.00
2014.09.15 18:26:59.414,1.38714,1.3872,1.00,2.06
2014.09.15 18:26:59.918,1.38715,1.3872,1.00,1.31
2014.09.15 18:27:00.443,1.38714,1.38719,1.12,1.00
2014.09.15 18:27:00.959,1.38712,1.38718,1.87,1.50
2014.09.15 18:27:01.463,1.38713,1.38718,1.00,2.25
2014.09.15 18:27:05.380,1.38712,1.38718,1.00,3.00
2014.09.15 18:27:05.923,1.38712,1.38717,1.00,1.00
2014.09.15 18:27:06.176,1.38713,1.38715,1.00,1.00
2014.09.15 18:27:06.378,1.3871,1.38715,1.00,1.00
2014.09.15 18:27:07.047,1.38708,1.38715,3.94,2.62
2014.09.15 18:27:07.584,1.38709,1.38716,1.00,2.81
2014.09.15 18:27:08.836,1.38709,1.38715,1.00,1.00
2014.09.15 18:27:09.340,1.38708,1.38714,1.31,1.00
2014.09.15 18:27:09.889,1.38708,1.38713,1.00,1.00
2014.09.15 18:27:11.306,1.38708,1.38714,1.00,2.25
2014.09.15 18:27:11.660,1.38707,1.38711,2.25,1.00
2014.09.15 18:27:11.812,1.38704,1.38711,3.00,3.37
2014.09.15 18:27:12.317,1.38704,1.38708,1.00,1.00
2014.09.15 18:27:14.413,1.38704,1.38709,1.00,3.37
2014.09.15 18:27:15.093,1.38706,1.38709,1.00,1.00
2014.09.15 18:27:15.195,1.38705,1.38711,1.00,1.00
2014.09.15 18:27:15.599,1.38704,1.38709,1.25,1.00
2014.09.15 18:27:16.517,1.38704,1.38708,1.00,1.50
2014.09.15 18:27:17.022,1.38703,1.38708,1.00,1.50
2014.09.15 18:27:18.811,1.38703,1.38708,1.37,1.50
2014.09.15 18:27:18.913,1.38706,1.38711,2.62,2.25
2014.09.15 18:27:19.064,1.38706,1.38713,2.62,1.50
2014.09.15 18:27:19.572,1.38707,1.38714,2.62,3.75
2014.09.15 18:27:21.644,1.38706,1.38713,1.31,1.00
2014.09.15 18:27:22.149,1.38706,1.38712,2.25,1.00
2014.09.15 18:27:26.684,1.38706,1.38713,1.69,2.25
2014.09.15 18:27:27.406,1.38706,1.38712,1.25,1.00
2014.09.15 18:27:27.508,1.38706,1.38711,1.00,1.45
2014.09.15 18:27:27.760,1.38702,1.38709,3.94,2.62
2014.09.15 18:27:27.912,1.38702,1.38707,2.25,1.00
2014.09.15 18:27:28.424,1.38701,1.38707,2.25,1.50
2014.09.15 18:27:28.944,1.38701,1.38706,2.25,1.50
2014.09.15 18:27:29.492,1.38701,1.38707,2.25,1.50
2014.09.15 18:27:29.796,1.38701,1.38705,1.50,1.00
2014.09.15 18:27:30.372,1.38701,1.38706,1.50,2.25
2014.09.15 18:27:30.676,1.38699,1.38704,3.19,1.50
2014.09.15 18:27:35.712,1.38699,1.38705,1.69,1.00
2014.09.15 18:27:43.569,1.38699,1.38704,1.50,1.00
2014.09.15 18:27:43.946,1.38703,1.38705,1.00,1.00
2014.09.15 18:27:44.098,1.38706,1.38709,1.50,1.00
2014.09.15 18:27:44.149,1.38708,1.3871,1.00,1.00
2014.09.15 18:27:44.200,1.38708,1.38712,1.00,3.37
2014.09.15 18:27:44.351,1.38705,1.38712,3.00,1.87
2014.09.15 18:27:44.453,1.38708,1.38712,1.50,1.12
2014.09.15 18:27:44.755,1.38708,1.38714,1.50,1.00
2014.09.15 18:27:45.263,1.38707,1.38714,3.19,1.50
2014.09.15 18:27:45.671,1.38709,1.38714,1.00,1.50
2014.09.15 18:27:50.396,1.38708,1.38715,1.50,3.56
2014.09.15 18:27:50.901,1.38709,1.38713,1.00,1.50
2014.09.15 18:27:51.011,1.38707,1.38713,1.69,1.00
2014.09.15 18:27:51.572,1.38707,1.38714,1.69,4.12
2014.09.15 18:27:53.852,1.38707,1.38713,1.50,1.00
2014.09.15 18:27:54.361,1.38707,1.38714,1.50,1.87
2014.09.15 18:27:54.872,1.38709,1.38714,1.00,1.12
2014.09.15 18:27:55.375,1.38706,1.38713,4.12,1.87
2014.09.15 18:27:55.881,1.38703,1.3871,1.25,3.00
2014.09.15 18:27:56.133,1.38702,1.38708,3.75,1.50
2014.09.15 18:27:56.655,1.38701,1.38708,2.44,2.25
2014.09.15 18:27:57.177,1.38701,1.38707,1.69,3.00
2014.09.15 18:27:59.547,1.38701,1.38706,1.50,1.00
2014.09.15 18:28:00.002,1.38699,1.38707,1.25,1.87
2014.09.15 18:28:00.895,1.38701,1.38708,1.50,4.50
2014.09.15 18:28:01.418,1.387,1.38707,1.50,1.50
2014.09.15 18:28:01.723,1.38699,1.38705,1.00,1.37
2014.09.15 18:28:02.228,1.38698,1.38704,1.50,1.12
2014.09.15 18:28:04.633,1.38698,1.38705,2.25,3.37
2014.09.15 18:28:05.148,1.38697,1.38704,2.25,1.50
2014.09.15 18:28:13.149,1.38697,1.38704,3.00,2.62
2014.09.15 18:28:18.050,1.38696,1.38703,2.06,1.87
2014.09.15 18:28:18.718,1.38696,1.38702,1.69,1.00
2014.09.15 18:28:19.224,1.38696,1.38703,1.50,3.56
2014.09.15 18:28:31.024,1.38696,1.38702,1.50,1.00
2014.09.15 18:28:34.231,1.38696,1.38703,1.50,3.37
2014.09.15 18:28:34.599,1.38696,1.38702,1.50,1.37
2014.09.15 18:28:36.164,1.38695,1.38702,1.00,1.37
2014.09.15 18:28:38.184,1.38696,1.38702,1.50,1.37
2014.09.15 18:28:39.096,1.38694,1.38702,2.25,1.37
2014.09.15 18:28:44.140,1.38694,1.38702,2.44,1.87
2014.09.15 18:28:45.773,1.38694,1.38703,2.44,3.56
2014.09.15 18:28:49.348,1.38694,1.38702,2.44,1.87
2014.09.15 18:28:49.799,1.38694,1.38701,2.44,1.87
2014.09.15 18:28:50.305,1.38694,1.387,1.50,1.37
2014.09.15 18:28:52.816,1.38694,1.387,1.00,1.87
2014.09.15 18:28:53.904,1.38694,1.387,1.00,1.87
2014.09.15 18:28:59.527,1.38693,1.38699,1.69,1.37
2014.09.15 18:28:59.628,1.38693,1.387,1.00,3.37
2014.09.15 18:29:00.132,1.38694,1.38701,1.00,1.37
2014.09.15 18:29:00.234,1.38694,1.38701,1.00,1.00
2014.09.15 18:29:00.798,1.38694,1.38702,2.25,2.25
2014.09.15 18:29:01.091,1.38695,1.38702,1.50,1.87
2014.09.15 18:29:01.702,1.38694,1.38702,2.25,1.87
2014.09.15 18:29:02.228,1.38695,1.38702,1.50,1.87
2014.09.15 18:29:04.608,1.38694,1.38702,3.00,1.37
2014.09.15 18:29:17.831,1.38694,1.387,1.50,1.12
2014.09.15 18:29:19.397,1.38695,1.387,1.00,1.12
2014.09.15 18:29:19.988,1.38694,1.387,2.44,1.12
2014.09.15 18:29:20.853,1.38694,1.387,3.19,1.37
2014.09.15 18:29:25.970,1.38694,1.38701,1.50,1.37
2014.09.15 18:29:31.553,1.38692,1.38698,1.19,1.37
2014.09.15 18:29:32.162,1.38691,1.38697,2.25,1.12
2014.09.15 18:29:33.192,1.38691,1.38693,2.25,1.37
2014.09.15 18:29:33.395,1.38687,1.38692,1.50,1.00
2014.09.15 18:29:34.156,1.38685,1.38692,3.19,1.00
2014.09.15 18:29:34.661,1.38685,1.38692,1.00,1.00
2014.09.15 18:29:35.165,1.38684,1.38691,2.81,1.00
2014.09.15 18:29:35.697,1.38684,1.38691,3.56,1.00
2014.09.15 18:29:36.671,1.38685,1.38692,1.25,1.87
2014.09.15 18:29:39.483,1.38686,1.38692,1.00,1.12
2014.09.15 18:29:45.715,1.38685,1.38691,2.25,1.00
2014.09.15 18:29:46.262,1.38684,1.38691,2.25,1.37
2014.09.15 18:29:46.768,1.38684,1.38691,2.25,1.00
2014.09.15 18:29:51.399,1.38684,1.38691,2.44,1.37
2014.09.15 18:29:51.905,1.38685,1.38693,1.50,2.81
2014.09.15 18:29:59.518,1.38685,1.38692,2.25,1.87
2014.09.15 18:30:00.150,1.38686,1.38692,1.50,1.87
2014.09.15 18:30:04.030,1.38685,1.38692,3.19,1.87
2014.09.15 18:30:04.536,1.38685,1.38692,3.19,1.50
2014.09.15 18:30:09.141,1.38685,1.38692,2.44,1.50
2014.09.15 18:30:10.131,1.38685,1.38692,1.50,1.50
2014.09.15 18:30:24.688,1.38685,1.38691,1.00,1.00
2014.09.15 18:30:25.193,1.38684,1.38691,3.19,1.50
2014.09.15 18:30:26.588,1.38687,1.38691,1.00,1.00
2014.09.15 18:30:26.638,1.38688,1.38694,1.12,2.06
2014.09.15 18:30:26.689,1.3869,1.38695,1.00,6.00
2014.09.15 18:30:26.893,1.38691,1.38697,1.69,2.25
2014.09.15 18:30:27.398,1.38692,1.38698,1.00,1.00
2014.09.15 18:30:28.791,1.38691,1.38698,1.50,1.87
2014.09.15 18:30:33.242,1.3869,1.38698,1.69,1.50
2014.09.15 18:30:33.782,1.3869,1.38697,2.44,1.00
2014.09.15 18:30:34.292,1.3869,1.38699,3.37,2.81
2014.09.15 18:30:35.109,1.3869,1.38699,5.06,2.06
2014.09.15 18:30:39.230,1.38691,1.38699,1.19,1.87
2014.09.15 18:30:42.695,1.38691,1.38699,1.19,2.62
2014.09.15 18:30:44.514,1.38693,1.38699,1.19,1.12
2014.09.15 18:30:52.057,1.38693,1.387,2.44,1.87
2014.09.15 18:30:53.029,1.38693,1.387,2.44,1.87
2014.09.15 18:30:54.211,1.38693,1.387,2.44,1.50
2014.09.15 18:30:56.358,1.38694,1.38701,1.25,1.87
2014.09.15 18:30:57.118,1.38695,1.38701,1.19,1.12
2014.09.15 18:30:57.935,1.38695,1.38702,1.69,1.50
2014.09.15 18:31:00.493,1.38695,1.38702,2.44,2.62
2014.09.15 18:31:01.013,1.38695,1.38702,2.44,2.62
2014.09.15 18:31:04.268,1.38695,1.38702,1.69,4.87
2014.09.15 18:31:07.059,1.38695,1.38702,2.44,3.37
2014.09.15 18:31:08.556,1.38695,1.38702,2.44,1.87
2014.09.15 18:31:09.635,1.38695,1.38702,2.44,1.50
2014.09.15 18:31:15.690,1.38695,1.38702,1.69,1.50
2014.09.15 18:31:23.580,1.38695,1.38702,2.44,1.50
2014.09.15 18:31:24.223,1.38696,1.38703,1.25,3.37
2014.09.15 18:31:26.979,1.38696,1.38703,1.00,4.12
2014.09.15 18:31:28.755,1.38696,1.38702,1.25,1.87
2014.09.15 18:31:29.271,1.38695,1.38701,1.50,2.62
2014.09.15 18:31:30.168,1.38694,1.38701,1.69,4.12
2014.09.15 18:31:31.022,1.38694,1.38701,2.44,4.12
2014.09.15 18:31:34.029,1.38694,1.38701,1.50,3.37
2014.09.15 18:31:34.601,1.38693,1.387,2.81,2.25
2014.09.15 18:31:38.347,1.38693,1.387,2.44,1.87
2014.09.15 18:31:39.614,1.38693,1.38699,1.69,1.12
2014.09.15 18:31:40.624,1.38692,1.38699,2.44,2.62
2014.09.15 18:31:41.143,1.38692,1.38698,1.19,1.00
2014.09.15 18:31:41.743,1.38691,1.38698,5.06,1.00
2014.09.15 18:31:42.809,1.38692,1.38698,1.25,1.00
2014.09.15 18:31:43.929,1.38692,1.38698,1.19,1.00
2014.09.15 18:31:48.013,1.38692,1.38697,1.19,1.00
2014.09.15 18:31:49.168,1.3869,1.38697,2.06,1.00
2014.09.15 18:31:50.696,1.38691,1.38698,1.69,2.25
2014.09.15 18:31:51.209,1.38691,1.38698,2.44,2.25
2014.09.15 18:31:51.528,1.38691,1.38697,1.19,1.87
2014.09.15 18:31:52.094,1.38691,1.38697,1.19,2.25
2014.09.15 18:31:52.618,1.3869,1.38697,2.81,2.25
2014.09.15 18:31:57.419,1.38691,1.38698,2.44,4.12
2014.09.15 18:31:57.924,1.38691,1.38697,1.25,4.87
2014.09.15 18:31:59.792,1.38691,1.38698,2.81,3.00
2014.09.15 18:32:00.307,1.38691,1.38697,1.25,1.50
2014.09.15 18:32:01.950,1.3869,1.38697,1.31,1.50
2014.09.15 18:32:02.254,1.38692,1.38698,1.19,1.87
2014.09.15 18:32:03.363,1.38691,1.387,2.44,3.37
2014.09.15 18:32:04.380,1.38691,1.387,3.19,3.37
2014.09.15 18:32:04.986,1.38693,1.387,1.00,2.32
2014.09.15 18:32:05.520,1.38693,1.387,1.69,1.87
2014.09.15 18:32:07.709,1.38693,1.387,1.25,1.87
2014.09.15 18:32:08.268,1.38693,1.387,1.25,1.87
2014.09.15 18:32:08.779,1.38693,1.387,1.69,1.50
2014.09.15 18:32:08.881,1.38695,1.38701,1.50,2.25
2014.09.15 18:32:09.437,1.38695,1.387,1.00,1.00
2014.09.15 18:32:09.941,1.38694,1.38701,1.50,3.75
2014.09.15 18:32:10.485,1.38695,1.38701,1.25,3.75
2014.09.15 18:32:11.184,1.38695,1.387,1.25,1.00
2014.09.15 18:32:11.739,1.38695,1.387,1.25,1.37
2014.09.15 18:32:12.380,1.38694,1.387,1.69,1.37
2014.09.15 18:32:13.149,1.38694,1.387,1.69,1.12
2014.09.15 18:32:13.453,1.387,1.38703,2.25,1.00
2014.09.15 18:32:13.604,1.387,1.38707,1.50,1.87
2014.09.15 18:32:13.908,1.38698,1.38705,1.69,1.00
2014.09.15 18:32:15.003,1.38698,1.38705,1.25,1.00
2014.09.15 18:32:15.306,1.387,1.38707,1.00,1.69
2014.09.15 18:32:15.710,1.38698,1.38703,1.69,1.12
2014.09.15 18:32:16.015,1.38697,1.38702,1.19,1.87
2014.09.15 18:32:16.989,1.38696,1.38703,1.25,1.37
2014.09.15 18:32:18.299,1.38695,1.38703,2.44,1.87
2014.09.15 18:32:21.794,1.38696,1.38703,1.19,1.12
2014.09.15 18:32:22.906,1.38696,1.38702,1.19,1.00
2014.09.15 18:32:23.419,1.38696,1.38703,1.69,1.12
2014.09.15 18:32:23.934,1.38696,1.38704,2.06,1.87
2014.09.15 18:32:24.940,1.38697,1.38703,1.25,1.00
2014.09.15 18:32:25.600,1.38697,1.38702,1.25,1.50
2014.09.15 18:32:26.116,1.38696,1.38703,1.25,1.12
2014.09.15 18:32:27.017,1.38696,1.38703,2.44,1.37
2014.09.15 18:32:29.041,1.38697,1.38703,1.25,1.12
2014.09.15 18:32:37.792,1.38698,1.38704,1.00,1.87
2014.09.15 18:32:38.304,1.38697,1.38704,1.25,2.62
2014.09.15 18:32:39.793,1.38698,1.38704,1.00,1.87
2014.09.15 18:32:39.844,1.38699,1.38704,2.06,1.50
2014.09.15 18:32:40.046,1.38701,1.38707,2.25,1.12
2014.09.15 18:32:40.348,1.38703,1.38709,2.06,1.50
2014.09.15 18:32:40.500,1.38704,1.38711,1.25,2.25
2014.09.15 18:32:40.854,1.38704,1.38711,2.44,2.25
2014.09.15 18:32:41.241,1.38704,1.38711,2.44,1.87
2014.09.15 18:32:41.750,1.38705,1.38712,1.25,2.62
2014.09.15 18:32:42.257,1.38705,1.38712,2.44,1.87
2014.09.15 18:32:42.762,1.38707,1.38713,1.25,2.62
2014.09.15 18:32:43.437,1.38707,1.38713,1.25,2.62
2014.09.15 18:32:44.453,1.38706,1.38713,1.69,2.62
2014.09.15 18:32:45.816,1.38706,1.38713,1.69,3.37
2014.09.15 18:32:52.028,1.38707,1.38713,1.25,2.62
2014.09.15 18:32:53.052,1.38706,1.38713,1.69,3.37
2014.09.15 18:32:54.962,1.38706,1.38713,1.69,3.37
2014.09.15 18:32:56.335,1.38706,1.38713,1.69,3.37
2014.09.15 18:32:56.839,1.38706,1.38713,1.69,3.37
2014.09.15 18:32:57.502,1.38706,1.38713,1.69,3.37
2014.09.15 18:33:00.152,1.38706,1.38713,1.69,2.62
2014.09.15 18:33:00.455,1.38706,1.38712,1.19,1.87
2014.09.15 18:33:01.279,1.38703,1.3871,3.19,1.37
2014.09.15 18:33:01.791,1.38704,1.3871,1.50,1.00
2014.09.15 18:33:02.301,1.38704,1.38711,1.50,2.25
2014.09.15 18:33:07.789,1.38705,1.38711,1.19,1.50
2014.09.15 18:33:09.986,1.38705,1.38712,2.44,1.50
2014.09.15 18:33:11.140,1.38705,1.38711,1.69,1.00
2014.09.15 18:33:12.673,1.38705,1.38712,1.69,1.12
2014.09.15 18:33:13.364,1.38705,1.38712,1.69,2.62
2014.09.15 18:33:13.896,1.38704,1.38711,2.44,1.87
2014.09.15 18:33:15.157,1.38704,1.38709,1.69,1.00
2014.09.15 18:33:15.310,1.38702,1.38709,3.19,1.87
2014.09.15 18:33:16.843,1.38704,1.3871,1.00,1.12
2014.09.15 18:33:16.894,1.38706,1.38711,1.00,1.12
2014.09.15 18:33:18.078,1.38706,1.38711,1.50,1.37
2014.09.15 18:33:18.612,1.38706,1.38712,1.50,2.25
2014.09.15 18:33:19.616,1.38706,1.38713,1.69,3.37
2014.09.15 18:33:24.982,1.38706,1.38712,1.69,1.12
2014.09.15 18:33:29.450,1.38706,1.38713,2.44,2.62
2014.09.15 18:33:30.868,1.38705,1.38712,1.25,1.12
2014.09.15 18:33:34.344,1.38705,1.38712,1.19,1.12
2014.09.15 18:33:34.967,1.38705,1.38712,1.19,1.37
2014.09.15 18:33:35.303,1.38705,1.38712,1.19,1.37
2014.09.15 18:33:46.023,1.38705,1.38712,1.19,1.37
2014.09.15 18:33:48.166,1.38704,1.38712,3.19,1.37
2014.09.15 18:33:49.577,1.38705,1.38712,1.19,1.37
2014.09.15 18:33:52.556,1.38705,1.38712,1.19,1.12
2014.09.15 18:33:53.179,1.38706,1.38713,2.44,1.87
2014.09.15 18:33:54.377,1.38706,1.38713,2.44,1.87
2014.09.15 18:33:56.584,1.38705,1.38712,1.25,1.37
2014.09.15 18:34:00.223,1.38706,1.38712,1.25,1.37
2014.09.15 18:34:02.291,1.38706,1.38712,1.19,1.37
2014.09.15 18:34:07.133,1.38706,1.38713,1.50,3.37
2014.09.15 18:34:07.661,1.38705,1.38712,2.44,1.37
2014.09.15 18:34:08.165,1.38705,1.38711,1.19,1.12
2014.09.15 18:34:08.267,1.38705,1.38708,1.19,1.00
2014.09.15 18:34:08.317,1.38703,1.38708,1.50,1.50
2014.09.15 18:34:08.368,1.38703,1.38706,1.50,1.00
2014.09.15 18:34:08.470,1.38701,1.38707,4.12,2.25
2014.09.15 18:34:09.076,1.38701,1.38707,1.12,4.57
2014.09.15 18:34:09.754,1.38698,1.38707,3.37,4.12
2014.09.15 18:34:10.266,1.38698,1.38705,3.37,1.50
2014.09.15 18:34:11.489,1.38699,1.38705,1.44,1.50
2014.09.15 18:34:12.220,1.38698,1.38706,3.75,1.87
2014.09.15 18:34:12.916,1.38698,1.38706,3.75,1.12
2014.09.15 18:34:13.900,1.38699,1.38706,1.37,1.12
2014.09.15 18:34:14.414,1.38699,1.38706,1.37,1.12
2014.09.15 18:34:14.959,1.387,1.38706,1.44,1.12
2014.09.15 18:34:18.532,1.38699,1.38706,2.62,1.12
2014.09.15 18:34:19.940,1.38698,1.38705,1.19,2.06
2014.09.15 18:34:19.991,1.38697,1.38704,4.69,1.87
2014.09.15 18:34:21.246,1.38697,1.38704,1.25,1.87
2014.09.15 18:34:23.285,1.38697,1.38704,2.44,1.12
2014.09.15 18:34:32.436,1.38697,1.38702,1.19,1.00
2014.09.15 18:34:33.981,1.38696,1.38701,1.25,1.00
2014.09.15 18:34:34.488,1.38696,1.38703,1.31,1.50
2014.09.15 18:34:36.192,1.38696,1.38703,2.06,1.50
2014.09.15 18:34:40.190,1.38696,1.38701,1.69,1.50
2014.09.15 18:34:44.285,1.38697,1.38701,1.19,1.50
2014.09.15 18:34:47.014,1.38697,1.38703,1.56,1.50
2014.09.15 18:34:53.733,1.38698,1.38703,1.31,1.00
2014.09.15 18:34:54.298,1.38698,1.38704,1.31,1.50
2014.09.15 18:34:56.200,1.38699,1.38704,1.19,1.50
2014.09.15 18:35:01.152,1.38697,1.38704,1.19,2.62
2014.09.15 18:35:01.666,1.38697,1.38703,1.19,1.50
2014.09.15 18:35:02.224,1.38699,1.38704,1.19,1.00
2014.09.15 18:35:04.257,1.38698,1.38704,1.31,1.00
2014.09.15 18:35:04.782,1.38698,1.38703,1.31,1.00
2014.09.15 18:35:05.944,1.38698,1.38703,1.19,1.00
2014.09.15 18:35:08.245,1.38698,1.38704,1.19,1.50
2014.09.15 18:35:15.184,1.38699,1.38704,1.19,1.50
2014.09.15 18:35:21.461,1.38698,1.38704,1.69,1.50
2014.09.15 18:35:21.994,1.38698,1.38703,1.19,1.00
2014.09.15 18:35:22.773,1.38697,1.38703,1.19,1.00
2014.09.15 18:35:23.280,1.38697,1.38702,1.19,1.00
2014.09.15 18:35:23.784,1.38696,1.38702,1.25,1.00
2014.09.15 18:35:24.969,1.38697,1.38702,1.25,2.25
2014.09.15 18:35:26.162,1.38696,1.38702,1.25,2.25
2014.09.15 18:35:28.974,1.38696,1.387,1.25,1.00
2014.09.15 18:35:29.076,1.38696,1.38702,1.25,1.50
2014.09.15 18:35:29.663,1.38697,1.38701,1.25,1.00
2014.09.15 18:35:33.176,1.38695,1.38701,2.06,1.00
2014.09.15 18:35:33.378,1.38695,1.38698,1.12,1.00
2014.09.15 18:35:33.683,1.38691,1.38695,2.44,1.00
2014.09.15 18:35:34.227,1.38691,1.38694,1.19,1.50
2014.09.15 18:35:34.681,1.3869,1.38694,2.44,1.50
2014.09.15 18:35:35.789,1.3869,1.38694,1.69,1.50
2014.09.15 18:35:36.934,1.3869,1.38696,2.44,1.00
2014.09.15 18:35:37.439,1.38691,1.38696,2.81,1.00
2014.09.15 18:35:38.193,1.38691,1.38696,1.19,1.00
2014.09.15 18:35:38.698,1.38691,1.38695,1.19,1.50
2014.09.15 18:35:39.249,1.3869,1.38695,2.06,1.50
2014.09.15 18:35:39.839,1.3869,1.38694,1.69,1.00
2014.09.15 18:35:40.042,1.38688,1.38693,3.00,1.00
2014.09.15 18:35:41.279,1.38689,1.38693,1.00,1.00
2014.09.15 18:35:43.103,1.38688,1.38693,1.69,1.00
2014.09.15 18:35:43.623,1.38688,1.38694,1.69,1.00
2014.09.15 18:35:49.110,1.38688,1.38694,2.44,1.00
2014.09.15 18:35:50.382,1.38688,1.38695,5.06,1.00
2014.09.15 18:35:50.892,1.38688,1.38694,1.69,1.00
2014.09.15 18:35:52.946,1.38689,1.38695,1.69,1.12
2014.09.15 18:35:53.451,1.38689,1.38694,1.25,1.00
2014.09.15 18:35:54.351,1.38692,1.38696,2.06,2.25
2014.09.15 18:35:54.655,1.38697,1.38704,1.69,2.25
2014.09.15 18:35:55.008,1.38698,1.38704,1.25,1.50
2014.09.15 18:35:56.255,1.38699,1.38704,1.19,1.50
2014.09.15 18:35:56.797,1.38699,1.38705,1.31,1.00
2014.09.15 18:35:57.330,1.387,1.38706,1.12,1.00
2014.09.15 18:35:57.784,1.38699,1.38704,1.25,1.00
2014.09.15 18:35:58.435,1.38699,1.38704,1.19,1.50
2014.09.15 18:35:58.998,1.38701,1.38704,1.00,1.50
2014.09.15 18:35:59.554,1.38702,1.38704,1.00,1.50
2014.09.15 18:36:04.003,1.38702,1.38706,1.00,1.50
2014.09.15 18:36:05.293,1.38702,1.38707,1.00,1.50
2014.09.15 18:36:09.658,1.38702,1.38706,1.00,1.00
2014.09.15 18:36:10.181,1.38702,1.38707,1.00,3.37
2014.09.15 18:36:10.978,1.38702,1.38706,1.00,1.00
2014.09.15 18:36:11.552,1.38702,1.38707,1.00,2.62
2014.09.15 18:36:12.083,1.38702,1.38706,1.00,1.50
2014.09.15 18:36:13.728,1.38703,1.38707,1.00,3.00
2014.09.15 18:36:14.081,1.38701,1.38707,1.12,3.00
2014.09.15 18:36:17.289,1.38701,1.38707,1.62,1.00
2014.09.15 18:36:17.793,1.38701,1.38708,1.87,3.00
2014.09.15 18:36:18.096,1.38702,1.3871,1.87,1.31
2014.09.15 18:36:18.197,1.38708,1.38711,1.00,3.75
2014.09.15 18:36:18.460,1.38712,1.38715,1.50,1.00
2014.09.15 18:36:18.561,1.38712,1.38719,1.50,3.19
2014.09.15 18:36:18.713,1.38711,1.38717,1.00,1.00
2014.09.15 18:36:20.528,1.38711,1.38718,2.06,2.25
2014.09.15 18:36:22.312,1.38711,1.38716,1.00,1.50
2014.09.15 18:36:22.514,1.38708,1.38714,1.00,3.00
2014.09.15 18:36:23.027,1.38707,1.38713,1.25,2.25
2014.09.15 18:36:23.578,1.38706,1.38712,1.69,1.00
2014.09.15 18:36:24.291,1.38707,1.38712,1.00,1.50
2014.09.15 18:36:26.921,1.38706,1.38712,1.00,1.50
2014.09.15 18:36:27.439,1.38705,1.38711,1.25,3.00
2014.09.15 18:36:28.888,1.38704,1.38711,2.44,3.37
2014.09.15 18:36:31.177,1.38704,1.3871,1.69,1.00
2014.09.15 18:36:31.684,1.38704,1.3871,1.25,1.37
2014.09.15 18:36:33.623,1.38703,1.3871,2.44,3.07
2014.09.15 18:36:33.775,1.38703,1.38708,1.69,1.00
2014.09.15 18:36:34.462,1.38703,1.38709,1.69,2.25
2014.09.15 18:36:34.987,1.38703,1.38709,1.00,1.50
2014.09.15 18:36:46.356,1.38703,1.38709,1.00,2.62
2014.09.15 18:37:02.475,1.38703,1.38708,1.00,1.37
2014.09.15 18:37:02.980,1.38701,1.38708,3.94,3.37
2014.09.15 18:37:03.745,1.38701,1.38708,3.19,3.37
2014.09.15 18:37:04.116,1.38702,1.38708,1.00,1.12
2014.09.15 18:37:04.217,1.38704,1.3871,1.50,2.62
2014.09.15 18:37:05.495,1.38704,1.38711,2.44,1.87
2014.09.15 18:37:06.477,1.38704,1.3871,1.25,1.37
2014.09.15 18:37:10.868,1.38703,1.3871,3.19,1.37
2014.09.15 18:37:13.087,1.38703,1.3871,3.56,1.00
2014.09.15 18:37:13.596,1.38704,1.38711,1.50,1.50
2014.09.15 18:37:14.516,1.38704,1.38711,3.19,1.50
2014.09.15 18:37:18.648,1.38706,1.38712,1.00,1.00
2014.09.15 18:37:20.813,1.38707,1.38712,1.00,1.00
2014.09.15 18:37:20.915,1.38707,1.38714,1.69,4.12
2014.09.15 18:37:22.434,1.38707,1.38714,2.44,1.87
2014.09.15 18:37:25.169,1.38708,1.38715,1.69,1.00
2014.09.15 18:37:25.732,1.38708,1.38715,1.69,1.00
2014.09.15 18:37:26.236,1.38708,1.38715,1.69,1.00
2014.09.15 18:37:31.004,1.38709,1.38715,1.25,1.00
2014.09.15 18:37:39.332,1.38709,1.38715,2.44,1.00
2014.09.15 18:37:45.052,1.38709,1.38715,1.69,1.00
2014.09.15 18:37:56.808,1.38709,1.38716,1.25,1.87
2014.09.15 18:38:00.285,1.38709,1.38716,2.44,1.87
2014.09.15 18:38:04.811,1.38709,1.38716,2.81,1.50
2014.09.15 18:38:06.807,1.3871,1.38716,1.19,1.50
2014.09.15 18:38:07.880,1.38709,1.38716,2.81,1.50
2014.09.15 18:38:08.410,1.38709,1.38715,2.81,1.00
2014.09.15 18:38:09.879,1.38709,1.38715,3.56,1.00
2014.09.15 18:38:13.482,1.38709,1.38715,1.31,1.00
2014.09.15 18:38:14.412,1.3871,1.38715,1.00,1.00
2014.09.15 18:38:14.513,1.3871,1.38717,2.44,1.87
2014.09.15 18:38:16.889,1.3871,1.38718,1.69,3.00
2014.09.15 18:38:19.531,1.3871,1.38715,1.19,1.00
2014.09.15 18:38:20.461,1.3871,1.38714,1.19,1.00
2014.09.15 18:38:20.512,1.38709,1.38714,1.50,1.00
2014.09.15 18:38:21.065,1.38709,1.38715,1.50,1.50
2014.09.15 18:38:21.698,1.38709,1.38716,1.69,2.25
2014.09.15 18:38:29.545,1.38709,1.38715,1.50,1.00
2014.09.15 18:38:30.001,1.38711,1.38716,1.00,1.31
2014.09.15 18:38:30.355,1.38711,1.38718,2.44,3.75
2014.09.15 18:38:38.331,1.38711,1.38718,3.19,3.75
2014.09.15 18:38:40.231,1.38711,1.38717,1.69,1.00
2014.09.15 18:38:40.790,1.38711,1.38718,1.69,2.25
2014.09.15 18:38:42.337,1.38711,1.38718,1.00,2.25
2014.09.15 18:38:45.088,1.3871,1.38718,2.44,2.25
2014.09.15 18:38:45.739,1.3871,1.38718,2.44,2.62
2014.09.15 18:38:46.955,1.3871,1.38718,2.81,2.62
2014.09.15 18:38:51.295,1.3871,1.38717,3.56,1.00
2014.09.15 18:38:51.813,1.38712,1.38718,1.00,1.50
2014.09.15 18:39:06.339,1.38713,1.38718,1.00,1.50
2014.09.15 18:39:08.488,1.38713,1.38719,1.25,2.25
2014.09.15 18:39:13.290,1.38713,1.38719,1.69,2.25
2014.09.15 18:39:20.602,1.38713,1.38719,1.25,1.50
2014.09.15 18:39:23.020,1.38713,1.38718,1.25,1.00
2014.09.15 18:39:23.563,1.38712,1.38717,1.00,1.00
2014.09.15 18:39:24.100,1.38712,1.38718,1.37,1.50
2014.09.15 18:39:24.302,1.38714,1.3872,1.87,1.00
2014.09.15 18:39:24.454,1.38716,1.3872,1.00,1.00
2014.09.15 18:39:24.974,1.38716,1.38721,1.00,1.00
2014.09.15 18:39:31.774,1.38716,1.38722,1.69,1.00
2014.09.15 18:39:32.299,1.38716,1.38723,3.94,1.00
2014.09.15 18:39:33.744,1.38716,1.38723,3.94,1.00
2014.09.15 18:39:36.474,1.38716,1.38723,3.94,1.00
2014.09.15 18:39:37.843,1.38717,1.38723,1.25,1.00
2014.09.15 18:39:49.461,1.38716,1.38723,2.81,1.00
2014.09.15 18:39:51.807,1.38716,1.38723,3.56,1.00
2014.09.15 18:40:00.296,1.38716,1.38723,2.06,2.25
2014.09.15 18:40:01.323,1.38716,1.38723,2.81,1.50
2014.09.15 18:40:05.084,1.38717,1.38724,2.44,2.62
2014.09.15 18:40:05.604,1.38717,1.38723,2.81,1.00
2014.09.15 18:40:09.413,1.38717,1.38723,2.44,1.00
2014.09.15 18:40:12.454,1.38717,1.38724,2.44,2.25
2014.09.15 18:40:14.583,1.38717,1.38723,2.44,1.00
2014.09.15 18:40:15.242,1.38717,1.38723,1.69,1.00
2014.09.15 18:40:16.994,1.38717,1.38724,1.69,2.25
2014.09.15 18:40:21.513,1.38717,1.38723,2.44,1.00
2014.09.15 18:40:22.317,1.38717,1.38723,2.44,1.00
2014.09.15 18:40:22.823,1.38717,1.38724,2.44,2.25
2014.09.15 18:40:30.966,1.38717,1.38723,1.69,1.00
2014.09.15 18:40:33.051,1.38716,1.38723,4.69,2.25
2014.09.15 18:40:36.263,1.38717,1.38723,1.19,2.25
2014.09.15 18:40:37.384,1.38717,1.38722,1.19,1.00
2014.09.15 18:40:38.495,1.38716,1.38722,1.69,2.25
2014.09.15 18:40:39.000,1.38717,1.38723,1.00,1.00
2014.09.15 18:40:40.601,1.38717,1.38724,1.69,2.25
2014.09.15 18:40:41.119,1.38717,1.38723,1.69,1.00
2014.09.15 18:40:41.979,1.38717,1.38724,1.25,1.50
2014.09.15 18:40:44.991,1.38717,1.38723,1.25,1.00
2014.09.15 18:40:45.928,1.38717,1.38724,1.31,1.50
2014.09.15 18:40:46.460,1.38717,1.38724,1.62,1.50
2014.09.15 18:40:46.982,1.38717,1.38724,1.25,1.50
2014.09.15 18:40:47.541,1.38717,1.38723,1.25,1.00
2014.09.15 18:40:48.075,1.38717,1.38724,1.25,1.50
2014.09.15 18:40:48.731,1.38717,1.38723,1.25,1.00
2014.09.15 18:40:49.901,1.38717,1.38724,1.25,1.50
2014.09.15 18:40:50.406,1.38718,1.38724,1.25,1.50
2014.09.15 18:40:52.534,1.38718,1.38723,1.25,1.00
2014.09.15 18:40:54.314,1.38718,1.38724,1.25,1.50
2014.09.15 18:40:54.826,1.38718,1.38723,1.25,1.00
2014.09.15 18:40:55.333,1.38718,1.38724,1.25,1.50
2014.09.15 18:40:55.919,1.38718,1.38723,1.25,1.00
2014.09.15 18:40:58.254,1.38718,1.38724,1.25,1.50
2014.09.15 18:40:58.783,1.38718,1.38724,1.19,1.50
2014.09.15 18:41:00.237,1.38718,1.38723,1.19,1.00
2014.09.15 18:41:01.384,1.38718,1.38724,1.19,1.50
2014.09.15 18:41:02.185,1.38718,1.38723,1.69,1.00
2014.09.15 18:41:04.685,1.38718,1.38724,1.19,2.25
2014.09.15 18:41:05.258,1.38717,1.38724,2.44,2.25
2014.09.15 18:41:06.453,1.38717,1.38724,1.69,3.00
2014.09.15 18:41:06.967,1.38717,1.38723,1.25,1.12
2014.09.15 18:41:09.765,1.38717,1.38724,1.25,2.62
2014.09.15 18:41:10.544,1.38716,1.38723,3.19,1.87
2014.09.15 18:41:24.646,1.38716,1.38723,3.94,1.00
2014.09.15 18:41:25.158,1.38716,1.38724,4.31,1.87
2014.09.15 18:41:25.881,1.38717,1.38724,1.25,1.87
2014.09.15 18:41:29.079,1.38717,1.38724,1.19,1.87
2014.09.15 18:41:32.301,1.38717,1.38724,1.25,1.87
2014.09.15 18:41:33.475,1.38717,1.38724,1.19,1.87
2014.09.15 18:41:39.851,1.38717,1.38723,1.19,1.00
2014.09.15 18:41:42.205,1.38716,1.38723,3.94,1.00
2014.09.15 18:41:43.706,1.38717,1.38723,1.19,1.00
2014.09.15 18:41:45.370,1.38717,1.38722,1.19,1.00
2014.09.15 18:41:45.572,1.38717,1.38724,1.19,2.62
2014.09.15 18:41:46.303,1.38717,1.38724,1.25,2.62
2014.09.15 18:41:48.332,1.38717,1.38724,1.69,1.00
2014.09.15 18:42:02.379,1.38719,1.38724,1.00,1.00
2014.09.15 18:42:03.612,1.38719,1.38725,1.00,1.00
2014.09.15 18:42:04.122,1.38719,1.38726,1.25,4.87
2014.09.15 18:42:05.898,1.38719,1.38725,1.25,1.00
2014.09.15 18:42:06.718,1.38719,1.38724,1.25,1.00
2014.09.15 18:42:17.628,1.38718,1.38725,1.19,1.50
2014.09.15 18:42:19.203,1.38718,1.38725,1.25,2.25
2014.09.15 18:42:19.837,1.38718,1.38724,1.31,1.00
2014.09.15 18:42:20.343,1.38718,1.38724,1.31,1.00
2014.09.15 18:42:21.167,1.38717,1.38724,2.81,2.25
2014.09.15 18:42:22.500,1.38722,1.38724,1.00,2.25
2014.09.15 18:42:22.652,1.38723,1.38727,1.00,1.50
2014.09.15 18:42:23.007,1.38721,1.38727,1.25,2.25
2014.09.15 18:42:23.566,1.38719,1.38726,1.69,2.25
2014.09.15 18:42:24.176,1.38719,1.38726,1.25,2.25
2014.09.15 18:42:24.681,1.38719,1.38726,1.62,2.25
2014.09.15 18:42:25.286,1.38719,1.38725,1.62,1.00
2014.09.15 18:42:26.787,1.3872,1.38725,1.37,1.00
2014.09.15 18:42:26.938,1.3872,1.38727,3.37,2.44
2014.09.15 18:42:27.191,1.3872,1.38727,1.00,3.19
2014.09.15 18:42:27.714,1.3872,1.38726,1.00,1.50
2014.09.15 18:42:28.249,1.3872,1.38727,1.00,3.75
2014.09.15 18:42:29.018,1.3872,1.38726,1.00,1.00
2014.09.15 18:42:29.549,1.3872,1.38727,1.00,3.75
2014.09.15 18:42:32.136,1.3872,1.38726,1.00,1.00
2014.09.15 18:42:32.680,1.38719,1.38726,3.19,1.50
2014.09.15 18:42:33.208,1.3872,1.38727,1.12,2.25
2014.09.15 18:42:38.622,1.38719,1.38726,2.06,1.00
2014.09.15 18:42:41.231,1.38719,1.38726,2.06,1.00
2014.09.15 18:42:47.416,1.38723,1.38726,1.00,1.50
2014.09.15 18:42:47.517,1.38724,1.38728,1.00,2.25
2014.09.15 18:42:47.618,1.38724,1.3873,1.87,2.25
2014.09.15 18:42:48.275,1.38724,1.38731,2.81,3.75
2014.09.15 18:42:51.014,1.38724,1.3873,2.81,1.00
2014.09.15 18:42:51.702,1.38724,1.38731,2.81,4.50
2014.09.15 18:42:52.316,1.38724,1.3873,2.81,1.00
2014.09.15 18:42:53.359,1.38724,1.38731,2.81,3.75
2014.09.15 18:42:55.673,1.38725,1.38729,1.25,1.00
2014.09.15 18:42:55.857,1.38725,1.38731,1.25,3.00
2014.09.15 18:42:58.964,1.38725,1.3873,1.25,1.00
2014.09.15 18:42:59.771,1.38725,1.38731,1.25,3.75
2014.09.15 18:43:00.379,1.38724,1.38731,2.81,3.00
2014.09.15 18:43:00.989,1.38725,1.38731,1.00,1.50
2014.09.15 18:43:02.910,1.38725,1.38731,1.62,1.50
2014.09.15 18:43:04.584,1.38728,1.38731,1.25,2.25
2014.09.15 18:43:04.736,1.38728,1.38735,1.25,2.25
2014.09.15 18:43:05.241,1.38728,1.38735,2.06,1.50
2014.09.15 18:43:05.811,1.38728,1.38734,1.31,1.50
2014.09.15 18:43:06.420,1.38729,1.38735,1.25,1.00
2014.09.15 18:43:11.235,1.38728,1.38734,2.06,1.00
2014.09.15 18:43:11.792,1.38728,1.38735,2.81,3.00
2014.09.15 18:43:15.585,1.38728,1.38735,2.06,2.25
2014.09.15 18:43:15.787,1.38732,1.38737,1.00,3.00
2014.09.15 18:43:16.292,1.38731,1.38737,1.62,1.00
2014.09.15 18:43:17.150,1.3873,1.38738,1.56,3.00
2014.09.15 18:43:17.732,1.3873,1.38737,1.56,1.00
2014.09.15 18:43:18.367,1.3873,1.38738,2.62,2.25
2014.09.15 18:43:21.338,1.38731,1.38737,1.37,1.00
2014.09.15 18:43:21.899,1.38731,1.38737,1.12,1.00
2014.09.15 18:43:24.530,1.38731,1.38738,1.69,4.50
2014.09.15 18:43:24.631,1.38733,1.38738,1.00,1.50
2014.09.15 18:43:25.136,1.38733,1.38737,1.12,1.00
2014.09.15 18:43:26.872,1.38732,1.38738,1.62,1.50
2014.09.15 18:43:28.927,1.38732,1.38739,1.62,1.50
2014.09.15 18:43:29.650,1.38731,1.38738,3.56,3.00
2014.09.15 18:43:29.909,1.38733,1.3874,2.81,3.00
2014.09.15 18:43:30.112,1.38734,1.38742,2.06,1.25
2014.09.15 18:43:30.629,1.38736,1.38741,1.69,1.50
2014.09.15 18:43:31.119,1.38738,1.38741,1.25,1.00
2014.09.15 18:43:31.272,1.3874,1.38745,3.00,1.50
2014.09.15 18:43:31.575,1.38742,1.38745,1.50,1.00
2014.09.15 18:43:31.626,1.38742,1.38747,1.50,1.12
2014.09.15 18:43:32.136,1.38741,1.38747,1.69,1.00
2014.09.15 18:43:32.237,1.38741,1.38747,2.06,1.00
2014.09.15 18:43:32.338,1.38741,1.38747,2.06,1.00
2014.09.15 18:43:34.891,1.38742,1.38749,1.00,3.00
2014.09.15 18:43:35.414,1.38742,1.38748,1.50,1.00
2014.09.15 18:43:35.935,1.38742,1.38749,2.62,3.75
2014.09.15 18:43:36.448,1.38746,1.38748,1.37,1.00
2014.09.15 18:43:36.500,1.38746,1.3875,1.37,2.25
2014.09.15 18:43:36.551,1.38745,1.3875,1.12,3.00
2014.09.15 18:43:36.653,1.38743,1.38748,1.25,1.00
2014.09.15 18:43:36.754,1.38741,1.38747,2.44,1.00
2014.09.15 18:43:36.856,1.38741,1.38745,1.31,2.25
2014.09.15 18:43:37.007,1.38737,1.38742,1.00,1.50
2014.09.15 18:43:37.059,1.38736,1.3874,1.19,1.00
2014.09.15 18:43:37.237,1.38735,1.3874,1.50,2.25
2014.09.15 18:43:37.289,1.38733,1.38737,1.25,1.50
2014.09.15 18:43:37.946,1.3873,1.38736,1.25,1.00
2014.09.15 18:43:38.955,1.38729,1.38736,1.69,1.50
2014.09.15 18:43:42.740,1.3873,1.38736,1.25,1.00
2014.09.15 18:43:45.801,1.3873,1.38735,1.25,1.50
2014.09.15 18:43:46.962,1.38729,1.38736,2.06,1.00
2014.09.15 18:43:47.064,1.3873,1.38738,2.06,4.50
2014.09.15 18:43:47.582,1.3873,1.38737,1.31,1.00
2014.09.15 18:43:48.093,1.3873,1.38736,1.31,2.25
2014.09.15 18:43:48.643,1.38729,1.38736,2.06,1.00
2014.09.15 18:43:49.213,1.3873,1.38737,1.31,1.00
2014.09.15 18:43:50.158,1.3873,1.38737,1.19,2.62
2014.09.15 18:43:51.290,1.38729,1.38738,2.44,4.87
2014.09.15 18:43:51.495,1.38731,1.38737,1.12,1.50
2014.09.15 18:43:52.006,1.3873,1.38738,1.87,1.12
2014.09.15 18:43:52.564,1.38731,1.38738,1.19,1.12
2014.09.15 18:43:56.297,1.3873,1.38739,4.31,2.62
2014.09.15 18:43:56.814,1.3873,1.38736,2.44,1.12
2014.09.15 18:43:57.320,1.3873,1.38735,1.19,1.00
2014.09.15 18:43:57.875,1.38729,1.38735,1.69,1.00
2014.09.15 18:43:58.399,1.38728,1.38734,2.06,1.00
2014.09.15 18:43:58.946,1.38728,1.38734,1.12,1.00
2014.09.15 18:43:59.451,1.38728,1.38735,1.87,1.00
2014.09.15 18:43:59.975,1.38728,1.38735,2.81,1.00
2014.09.15 18:44:04.633,1.3873,1.38735,2.81,1.00
2014.09.15 18:44:04.734,1.38732,1.38737,1.00,1.00
2014.09.15 18:44:04.785,1.38732,1.38739,1.50,5.25
2014.09.15 18:44:04.937,1.3873,1.38737,3.19,1.12
2014.09.15 18:44:06.106,1.3873,1.38737,1.25,3.75
2014.09.15 18:44:07.594,1.38729,1.38736,1.69,1.50
2014.09.15 18:44:08.217,1.38729,1.38736,1.69,2.25
2014.09.15 18:44:10.183,1.3873,1.38736,1.00,1.50
2014.09.15 18:44:11.143,1.38731,1.38738,1.50,4.31
2014.09.15 18:44:11.706,1.38732,1.38738,1.50,2.06
2014.09.15 18:44:12.213,1.38732,1.38739,1.50,6.37
2014.09.15 18:44:13.261,1.38734,1.38738,1.00,1.00
2014.09.15 18:44:13.363,1.38734,1.38741,1.50,2.25
2014.09.15 18:44:13.869,1.38735,1.38741,1.00,1.00
2014.09.15 18:44:14.409,1.38735,1.38741,1.19,1.00
2014.09.15 18:44:20.127,1.38736,1.38742,1.69,1.00
2014.09.15 18:44:20.815,1.38736,1.38741,1.69,1.00
2014.09.15 18:44:26.236,1.38735,1.38742,2.44,2.25
2014.09.15 18:44:27.305,1.38735,1.38741,2.44,1.00
2014.09.15 18:44:38.847,1.38735,1.38741,1.69,1.00
2014.09.15 18:44:40.550,1.38735,1.38741,2.44,1.00
2014.09.15 18:44:41.175,1.38735,1.38742,2.44,2.25
2014.09.15 18:44:48.986,1.38735,1.38741,1.50,1.37
2014.09.15 18:44:49.290,1.38731,1.38737,1.50,1.00
2014.09.15 18:44:49.794,1.3873,1.38737,1.69,1.00
2014.09.15 18:44:52.932,1.3873,1.38736,1.25,1.00
2014.09.15 18:44:55.777,1.38729,1.38736,1.69,1.50
2014.09.15 18:44:58.915,1.38729,1.38736,2.44,1.50
2014.09.15 18:45:00.490,1.3873,1.38735,1.25,1.00
2014.09.15 18:45:01.221,1.38729,1.38735,1.69,1.00
2014.09.15 18:45:01.725,1.38728,1.38736,3.94,1.00
2014.09.15 18:45:02.242,1.3873,1.38737,1.69,1.87
2014.09.15 18:45:05.365,1.38729,1.38737,2.44,1.12
2014.09.15 18:45:06.047,1.3873,1.38737,1.00,1.87
2014.09.15 18:45:07.205,1.3873,1.38736,1.00,1.00
2014.09.15 18:45:07.728,1.3873,1.38737,1.00,2.25
2014.09.15 18:45:09.646,1.3873,1.38736,1.00,1.00
2014.09.15 18:45:10.252,1.3873,1.38737,1.00,3.00
2014.09.15 18:45:14.223,1.38729,1.38736,2.81,1.50
2014.09.15 18:45:19.183,1.38729,1.38736,2.81,2.62
2014.09.15 18:45:19.537,1.38729,1.38733,1.31,1.50
2014.09.15 18:45:20.349,1.38727,1.38733,1.69,1.00
2014.09.15 18:45:21.390,1.38727,1.38734,1.69,2.25
2014.09.15 18:45:21.894,1.38727,1.38733,1.25,1.50
2014.09.15 18:45:25.548,1.38728,1.38733,1.25,1.00
2014.09.15 18:45:28.238,1.38727,1.38733,1.25,1.00
2014.09.15 18:45:29.179,1.38727,1.38734,1.25,1.00
2014.09.15 18:45:29.683,1.38727,1.38734,2.06,1.00
2014.09.15 18:45:35.179,1.38727,1.38734,2.06,2.25
2014.09.15 18:45:36.465,1.38726,1.38734,2.44,3.00
2014.09.15 18:45:37.175,1.38727,1.38734,1.50,2.25
2014.09.15 18:45:37.480,1.38728,1.38733,1.19,1.50
2014.09.15 18:45:38.049,1.38728,1.38734,1.19,2.25
2014.09.15 18:45:38.894,1.38728,1.38734,1.25,2.25
2014.09.15 18:45:39.960,1.38728,1.38734,1.19,2.25
2014.09.15 18:45:40.971,1.38728,1.38734,1.25,2.25
2014.09.15 18:45:43.071,1.38728,1.38734,1.19,2.25
2014.09.15 18:45:43.576,1.38728,1.38733,1.19,1.00
2014.09.15 18:45:44.300,1.38726,1.38733,3.19,1.00
2014.09.15 18:45:45.308,1.38728,1.38733,1.25,1.00
2014.09.15 18:45:45.837,1.38728,1.38734,1.25,2.25
2014.09.15 18:45:46.349,1.38728,1.38733,1.25,1.00
2014.09.15 18:45:47.424,1.38727,1.38733,1.69,1.00
2014.09.15 18:45:52.312,1.38727,1.38734,1.25,1.50
2014.09.15 18:45:53.420,1.38728,1.38734,1.50,1.00
2014.09.15 18:45:55.039,1.38726,1.38734,3.94,1.00
2014.09.15 18:45:55.565,1.38726,1.38735,3.94,4.12
2014.09.15 18:45:55.900,1.38726,1.38733,3.94,1.50
2014.09.15 18:46:03.041,1.38727,1.38734,2.44,1.00
2014.09.15 18:46:03.546,1.38728,1.38735,2.44,3.00
2014.09.15 18:46:04.453,1.38728,1.38734,2.44,1.00
2014.09.15 18:46:05.012,1.38728,1.38735,2.44,2.25
2014.09.15 18:46:05.533,1.38728,1.38734,2.44,1.50
2014.09.15 18:46:11.268,1.38728,1.38735,2.44,3.00
2014.09.15 18:46:11.929,1.38728,1.38735,2.44,3.00
2014.09.15 18:46:12.692,1.38729,1.38736,1.00,1.50
2014.09.15 18:46:13.204,1.3873,1.38736,1.25,1.50
2014.09.15 18:46:20.385,1.3873,1.38736,1.19,1.50
2014.09.15 18:46:22.450,1.3873,1.38736,1.25,1.00
2014.09.15 18:46:23.455,1.38729,1.38736,1.69,1.50
2014.09.15 18:46:36.795,1.38729,1.38736,1.69,1.50
2014.09.15 18:46:41.320,1.38729,1.38736,1.50,2.62
2014.09.15 18:46:42.804,1.38729,1.38736,2.44,2.62
2014.09.15 18:46:54.404,1.38729,1.38736,1.69,2.62
2014.09.15 18:47:02.119,1.38729,1.38736,2.44,2.25
2014.09.15 18:47:03.120,1.38729,1.38736,2.44,2.25
2014.09.15 18:47:04.983,1.38729,1.38735,1.25,1.50
2014.09.15 18:47:12.062,1.38728,1.38735,3.19,1.50
2014.09.15 18:47:33.531,1.38727,1.38736,2.44,4.12
2014.09.15 18:47:34.023,1.38732,1.38736,1.00,3.00
2014.09.15 18:47:34.528,1.38731,1.38736,1.00,3.00
2014.09.15 18:47:35.000,1.38733,1.38736,1.00,2.25
2014.09.15 18:47:35.101,1.38736,1.3874,1.12,1.00
2014.09.15 18:47:35.858,1.38736,1.38741,1.25,2.62
2014.09.15 18:47:36.706,1.38736,1.3874,1.25,1.12
2014.09.15 18:47:37.110,1.38733,1.3874,3.94,1.87
2014.09.15 18:47:38.286,1.38733,1.38739,1.25,1.12
2014.09.15 18:47:40.402,1.38733,1.38739,1.19,1.87
2014.09.15 18:47:40.605,1.38731,1.38737,1.50,1.00
2014.09.15 18:47:41.109,1.3873,1.38737,1.69,2.25
2014.09.15 18:47:41.735,1.3873,1.38737,1.69,2.25
2014.09.15 18:47:43.217,1.38731,1.38737,1.19,1.87
2014.09.15 18:47:43.763,1.38731,1.38737,1.69,1.37
2014.09.15 18:47:45.226,1.38731,1.38738,1.69,1.50
2014.09.15 18:47:45.731,1.38731,1.38738,1.25,1.87
2014.09.15 18:47:46.804,1.38729,1.38738,4.31,5.06
2014.09.15 18:47:47.246,1.38732,1.38738,1.50,1.31
2014.09.15 18:47:49.720,1.38732,1.38739,1.69,2.62
2014.09.15 18:47:50.929,1.3873,1.38737,1.25,1.87
2014.09.15 18:47:51.388,1.38732,1.38739,1.00,2.81
2014.09.15 18:47:53.666,1.38731,1.38737,3.19,1.00
2014.09.15 18:47:54.223,1.38731,1.38736,1.25,1.00
2014.09.15 18:47:55.803,1.38731,1.38737,1.25,1.87
2014.09.15 18:47:57.741,1.38731,1.38735,1.25,1.00
2014.09.15 18:47:57.943,1.38729,1.38735,1.00,2.25
2014.09.15 18:47:59.203,1.38729,1.38735,1.37,1.50
2014.09.15 18:47:59.709,1.3873,1.38737,1.12,2.06
2014.09.15 18:48:00.371,1.38729,1.38736,4.12,1.50
2014.09.15 18:48:05.682,1.38729,1.38735,1.50,1.00
2014.09.15 18:48:07.594,1.38729,1.38736,2.25,2.44
2014.09.15 18:48:11.039,1.38728,1.38735,2.81,1.00
2014.09.15 18:48:11.342,1.38728,1.38733,1.25,1.00
2014.09.15 18:48:12.353,1.38728,1.38734,1.12,1.50
2014.09.15 18:48:12.858,1.38729,1.38734,1.50,1.00
2014.09.15 18:48:18.923,1.38729,1.38732,1.50,1.00
2014.09.15 18:48:19.431,1.38728,1.38732,1.50,2.25
2014.09.15 18:48:20.616,1.38728,1.38733,1.50,1.50
2014.09.15 18:48:22.045,1.38728,1.38734,2.25,1.00
2014.09.15 18:48:26.535,1.38728,1.38735,3.00,2.44
2014.09.15 18:48:27.610,1.38728,1.38737,5.06,2.81
2014.09.15 18:48:28.381,1.3873,1.38737,1.00,1.62
2014.09.15 18:48:28.893,1.3873,1.38737,1.00,1.12
2014.09.15 18:48:33.192,1.3873,1.38737,1.00,2.06
2014.09.15 18:48:34.974,1.38728,1.38735,4.31,1.50
2014.09.15 18:48:35.479,1.38728,1.38735,3.56,1.50
2014.09.15 18:48:36.403,1.38729,1.38735,1.12,1.50
2014.09.15 18:48:36.908,1.3873,1.38737,1.00,2.06
2014.09.15 18:48:42.939,1.38729,1.38737,2.25,1.37
2014.09.15 18:48:43.462,1.38728,1.38735,4.31,2.25
2014.09.15 18:48:43.977,1.38729,1.38734,1.00,1.00
2014.09.15 18:48:44.280,1.38726,1.38731,1.19,1.12
2014.09.15 18:48:44.948,1.38726,1.38732,1.19,3.37
2014.09.15 18:48:45.049,1.38724,1.38731,1.50,1.37
2014.09.15 18:48:46.447,1.38724,1.3873,1.50,2.62
2014.09.15 18:48:47.041,1.38722,1.38729,2.44,1.87
2014.09.15 18:48:47.544,1.38722,1.38729,1.50,1.37
2014.09.15 18:48:48.321,1.38723,1.3873,1.00,2.62
2014.09.15 18:48:48.916,1.38723,1.3873,1.00,1.37
2014.09.15 18:48:49.424,1.38723,1.3873,1.00,1.87
2014.09.15 18:48:50.148,1.38723,1.3873,1.00,1.37
2014.09.15 18:48:54.801,1.38724,1.3873,1.00,1.37
2014.09.15 18:48:55.311,1.38725,1.3873,1.50,1.37
2014.09.15 18:48:57.563,1.38725,1.38732,1.50,1.87
2014.09.15 18:48:59.685,1.38725,1.38731,1.50,1.37
2014.09.15 18:49:00.200,1.38723,1.3873,1.25,1.87
2014.09.15 18:49:00.705,1.38722,1.3873,1.69,2.62
2014.09.15 18:49:01.296,1.38722,1.3873,1.25,2.81
2014.09.15 18:49:01.802,1.38721,1.3873,3.19,5.06
2014.09.15 18:49:02.312,1.38723,1.3873,1.00,2.06
2014.09.15 18:49:04.262,1.38722,1.38729,1.00,1.37
2014.09.15 18:49:05.773,1.38722,1.38729,1.00,1.87
2014.09.15 18:49:06.707,1.38722,1.38729,1.00,1.37
2014.09.15 18:49:07.263,1.38722,1.38729,1.00,1.37
2014.09.15 18:49:07.768,1.38723,1.38729,1.00,1.37
2014.09.15 18:49:08.122,1.38721,1.38728,1.87,1.37
2014.09.15 18:49:09.375,1.38722,1.38729,1.50,2.62
2014.09.15 18:49:09.885,1.38723,1.38729,1.50,1.37
2014.09.15 18:49:13.023,1.38723,1.38728,1.50,1.37
2014.09.15 18:49:14.212,1.38723,1.38728,1.50,1.00
2014.09.15 18:49:14.516,1.38721,1.38728,3.19,1.12
2014.09.15 18:49:15.072,1.38721,1.38727,1.00,1.00
2014.09.15 18:49:15.670,1.38721,1.38728,1.00,1.25
2014.09.15 18:49:17.322,1.38721,1.38728,1.00,2.44
2014.09.15 18:49:17.423,1.38719,1.38725,2.25,1.37
2014.09.15 18:49:17.726,1.38717,1.38724,1.25,1.87
2014.09.15 18:49:18.491,1.38717,1.38723,1.00,1.00
2014.09.15 18:49:18.995,1.38716,1.38722,1.50,1.12
2014.09.15 18:49:19.522,1.38716,1.38721,1.50,1.37
2014.09.15 18:49:19.875,1.38717,1.38722,1.00,1.87
2014.09.15 18:49:19.976,1.38719,1.38724,1.00,1.00
2014.09.15 18:49:20.481,1.38718,1.38724,1.00,1.37
2014.09.15 18:49:20.785,1.38715,1.38721,1.69,1.50
2014.09.15 18:49:21.289,1.38715,1.3872,1.69,1.00
2014.09.15 18:49:21.794,1.38715,1.38721,1.00,1.50
2014.09.15 18:49:21.845,1.38714,1.38719,2.25,1.12
2014.09.15 18:49:22.149,1.38713,1.38719,1.69,1.57
2014.09.15 18:49:22.763,1.38712,1.38719,1.00,2.62
2014.09.15 18:49:23.274,1.38711,1.38717,1.50,1.87
2014.09.15 18:49:24.400,1.38711,1.38716,1.50,1.00
2014.09.15 18:49:25.121,1.38711,1.38717,1.50,1.87
2014.09.15 18:49:25.574,1.38711,1.38716,1.50,1.62
2014.09.15 18:49:25.726,1.38709,1.38712,1.00,1.50
2014.09.15 18:49:25.827,1.38707,1.38712,1.00,1.50
2014.09.15 18:49:25.980,1.38704,1.38712,3.00,2.25
2014.09.15 18:49:26.031,1.38707,1.38712,1.00,1.00
2014.09.15 18:49:26.334,1.38709,1.38713,1.00,1.00
2014.09.15 18:49:26.537,1.38707,1.38713,1.69,1.00
2014.09.15 18:49:27.495,1.38706,1.38713,1.00,1.25
2014.09.15 18:49:27.801,1.38705,1.38711,1.00,1.00
2014.09.15 18:49:28.104,1.38701,1.38706,1.00,1.12
2014.09.15 18:49:28.155,1.38699,1.38706,1.69,1.87
2014.09.15 18:49:28.256,1.38698,1.38706,2.44,2.62
2014.09.15 18:49:28.773,1.38698,1.38702,1.69,1.00
2014.09.15 18:49:29.305,1.38697,1.38703,3.19,1.00
2014.09.15 18:49:29.406,1.38697,1.38703,1.00,1.00
2014.09.15 18:49:29.507,1.38699,1.38704,1.00,1.12
2014.09.15 18:49:29.659,1.38699,1.38706,1.50,2.06
2014.09.15 18:49:30.171,1.387,1.38707,2.25,3.19
2014.09.15 18:49:30.683,1.387,1.38707,2.25,2.44
2014.09.15 18:49:31.758,1.387,1.38707,1.25,1.87
2014.09.15 18:49:33.878,1.38699,1.38706,2.25,1.31
2014.09.15 18:49:34.382,1.38698,1.38705,2.44,1.50
2014.09.15 18:49:38.062,1.38698,1.38704,2.44,1.00
2014.09.15 18:49:38.927,1.38698,1.38703,1.69,1.00
2014.09.15 18:49:39.229,1.38697,1.38701,2.44,1.00
2014.09.15 18:49:39.767,1.38697,1.38702,2.44,1.00
2014.09.15 18:49:40.271,1.38697,1.38703,1.50,1.25
2014.09.15 18:49:41.417,1.38698,1.38704,1.00,1.19
2014.09.15 18:49:41.976,1.38699,1.38704,1.00,1.19
2014.09.15 18:49:42.533,1.38699,1.38706,1.50,4.87
2014.09.15 18:49:45.679,1.38699,1.38705,1.50,1.00
2014.09.15 18:49:46.283,1.38698,1.38705,1.00,2.44
2014.09.15 18:49:48.181,1.38698,1.38705,1.00,4.87
2014.09.15 18:49:48.635,1.38696,1.38702,2.25,1.00
2014.09.15 18:49:48.939,1.38697,1.38704,1.50,3.56
2014.09.15 18:49:48.991,1.38697,1.38703,1.00,1.37
2014.09.15 18:49:49.297,1.38695,1.38701,1.50,2.25
2014.09.15 18:49:49.449,1.38697,1.38703,1.00,1.50
2014.09.15 18:49:49.955,1.38697,1.38702,1.00,1.87
2014.09.15 18:49:50.158,1.38694,1.387,1.69,1.00
2014.09.15 18:49:51.234,1.38693,1.387,1.00,3.19
2014.09.15 18:49:51.759,1.38692,1.38699,1.00,1.87
2014.09.15 18:49:52.012,1.3869,1.38697,3.56,1.00
2014.09.15 18:49:52.214,1.38689,1.38696,3.19,1.50
2014.09.15 18:49:52.517,1.38687,1.38694,3.56,1.00
2014.09.15 18:49:52.668,1.38687,1.38696,5.06,3.00
2014.09.15 18:49:53.532,1.38688,1.38695,1.00,1.00
2014.09.15 18:49:54.567,1.38687,1.38694,2.06,1.00
2014.09.15 18:49:55.081,1.38687,1.38694,1.31,1.00
2014.09.15 18:49:55.636,1.38687,1.38695,3.00,2.25
2014.09.15 18:49:56.150,1.38687,1.38694,2.25,1.50
2014.09.15 18:49:56.656,1.38687,1.38693,1.00,1.00
2014.09.15 18:49:57.009,1.38686,1.38689,1.50,1.00
2014.09.15 18:49:57.212,1.38682,1.38689,3.94,1.37
2014.09.15 18:49:57.718,1.38682,1.38688,1.19,1.87
2014.09.15 18:49:58.172,1.38681,1.38688,2.25,1.87
2014.09.15 18:49:58.722,1.3868,1.38687,3.19,2.62
2014.09.15 18:49:59.228,1.38682,1.38687,1.37,1.50
2014.09.15 18:49:59.430,1.38685,1.3869,1.00,1.00
2014.09.15 18:49:59.531,1.38686,1.38692,1.00,3.19
2014.09.15 18:50:00.036,1.38684,1.38691,1.50,1.50
2014.09.15 18:50:00.390,1.38686,1.38691,1.50,2.25
2014.09.15 18:50:00.895,1.38685,1.38693,1.50,1.62
2014.09.15 18:50:01.249,1.38687,1.38692,1.12,1.00
2014.09.15 18:50:01.567,1.38687,1.38694,2.62,1.50
2014.09.15 18:50:01.820,1.38688,1.38692,1.00,1.00
2014.09.15 18:50:02.325,1.38687,1.38692,1.00,1.00
2014.09.15 18:50:02.830,1.38687,1.38691,1.00,1.50
2014.09.15 18:50:03.436,1.38687,1.3869,1.00,1.00
2014.09.15 18:50:05.024,1.38687,1.38691,1.00,1.00
2014.09.15 18:50:05.126,1.38687,1.38693,1.00,2.44
2014.09.15 18:50:05.227,1.38687,1.3869,1.00,1.00
2014.09.15 18:50:07.079,1.38687,1.38691,1.00,1.00
2014.09.15 18:50:08.494,1.38687,1.3869,1.00,1.00
2014.09.15 18:50:08.910,1.38685,1.3869,2.44,1.50
2014.09.15 18:50:09.062,1.38685,1.38687,1.00,1.00
2014.09.15 18:50:09.112,1.38683,1.38687,2.25,1.00
2014.09.15 18:50:09.163,1.38683,1.38689,1.50,1.50
2014.09.15 18:50:09.677,1.38681,1.38689,2.44,1.50
2014.09.15 18:50:10.186,1.38681,1.38689,1.69,2.06
2014.09.15 18:50:10.746,1.38682,1.38689,1.00,2.06
2014.09.15 18:50:10.898,1.38684,1.38689,1.00,1.25
2014.09.15 18:50:10.999,1.38684,1.38691,2.44,1.50
2014.09.15 18:50:11.793,1.38683,1.3869,1.19,1.00
2014.09.15 18:50:11.995,1.38682,1.38689,1.25,1.00
2014.09.15 18:50:12.603,1.38683,1.38689,1.00,1.00
2014.09.15 18:50:12.704,1.38683,1.38691,2.62,3.19
2014.09.15 18:50:13.209,1.38683,1.3869,1.12,1.00
2014.09.15 18:50:13.760,1.38684,1.3869,1.12,1.00
2014.09.15 18:50:14.462,1.38684,1.38691,1.50,4.12
2014.09.15 18:50:15.243,1.38684,1.3869,1.00,1.00
2014.09.15 18:50:15.747,1.38682,1.3869,3.19,1.00
2014.09.15 18:50:16.266,1.38682,1.3869,2.44,1.00
2014.09.15 18:50:16.800,1.38682,1.3869,3.19,1.00
2014.09.15 18:50:16.901,1.38682,1.38688,3.19,1.00
2014.09.15 18:50:17.312,1.38682,1.38691,3.19,5.06
2014.09.15 18:50:18.375,1.38684,1.38691,1.00,2.81
2014.09.15 18:50:18.880,1.38685,1.38691,1.50,2.06
2014.09.15 18:50:23.317,1.38685,1.3869,1.50,1.87
2014.09.15 18:50:23.368,1.38683,1.38689,1.69,1.12
2014.09.15 18:50:23.521,1.38682,1.38689,3.19,2.62
2014.09.15 18:50:23.622,1.38683,1.38689,1.69,1.00
2014.09.15 18:50:24.178,1.38683,1.3869,1.69,2.25
2014.09.15 18:50:25.686,1.38683,1.38689,1.25,1.00
2014.09.15 18:50:26.325,1.38682,1.38689,3.00,2.25
2014.09.15 18:50:28.302,1.38682,1.38689,3.37,2.25
2014.09.15 18:50:29.023,1.38682,1.38689,2.25,1.00
2014.09.15 18:50:30.043,1.38682,1.38687,2.62,1.00
2014.09.15 18:50:30.549,1.38682,1.38687,4.31,1.50
2014.09.15 18:50:32.540,1.38682,1.38687,2.62,1.50
2014.09.15 18:50:32.904,1.38682,1.38687,3.37,1.50
2014.09.15 18:50:33.106,1.38682,1.38687,1.50,1.50
2014.09.15 18:50:33.610,1.38683,1.38687,1.37,1.00
2014.09.15 18:50:33.661,1.38684,1.38691,1.31,2.25
2014.09.15 18:50:33.712,1.38684,1.38691,2.06,3.00
2014.09.15 18:50:34.252,1.38686,1.38691,2.81,1.50
2014.09.15 18:50:34.725,1.38689,1.38692,1.50,1.50
2014.09.15 18:50:34.980,1.38687,1.38691,1.69,1.50
2014.09.15 18:50:37.000,1.38688,1.38691,1.50,1.50
2014.09.15 18:50:37.526,1.38688,1.38692,3.37,2.25
2014.09.15 18:50:37.953,1.38688,1.3869,1.25,1.00
2014.09.15 18:50:38.458,1.38687,1.3869,1.00,1.00
2014.09.15 18:50:38.660,1.38687,1.38692,1.19,1.50
2014.09.15 18:50:39.165,1.38689,1.38692,1.50,1.50
2014.09.15 18:50:41.005,1.38689,1.38692,1.69,1.50
2014.09.15 18:50:41.156,1.38689,1.38698,4.31,2.44
2014.09.15 18:50:41.661,1.38692,1.38694,1.19,1.00
2014.09.15 18:50:41.712,1.38691,1.38693,1.00,1.50
2014.09.15 18:50:42.224,1.3869,1.38693,1.69,1.50
2014.09.15 18:50:42.326,1.38693,1.38695,1.00,1.00
2014.09.15 18:50:42.833,1.38693,1.38699,3.56,1.50
2014.09.15 18:50:44.782,1.38691,1.38694,2.06,1.50
2014.09.15 18:50:45.035,1.38689,1.38691,1.00,1.00
2014.09.15 18:50:45.554,1.38688,1.38692,1.25,1.50
2014.09.15 18:50:46.062,1.38688,1.38692,2.06,1.50
2014.09.15 18:50:46.567,1.38688,1.38692,1.25,1.50
2014.09.15 18:50:47.097,1.38688,1.38691,1.69,1.50
2014.09.15 18:50:47.909,1.38688,1.38692,1.31,2.25
2014.09.15 18:50:50.287,1.38688,1.38691,1.56,1.50
2014.09.15 18:50:50.808,1.38688,1.38692,1.56,2.25
2014.09.15 18:50:52.540,1.38688,1.38692,2.81,1.50
2014.09.15 18:50:53.045,1.38691,1.38696,1.31,1.50
2014.09.15 18:50:55.138,1.38691,1.38695,1.69,1.00
2014.09.15 18:50:55.549,1.38691,1.38693,1.19,1.50
2014.09.15 18:50:55.869,1.38691,1.38695,1.19,1.50
2014.09.15 18:50:56.385,1.3869,1.38695,2.81,1.00
2014.09.15 18:50:56.790,1.3869,1.38695,2.81,1.00
2014.09.15 18:50:56.891,1.3869,1.38694,2.44,1.00
2014.09.15 18:50:57.636,1.3869,1.38694,1.69,1.00
2014.09.15 18:50:57.838,1.38689,1.38692,2.06,1.00
2014.09.15 18:50:57.940,1.38689,1.38694,1.31,1.50
2014.09.15 18:50:58.041,1.38689,1.38692,1.31,1.00
2014.09.15 18:50:58.646,1.38688,1.38692,1.62,1.00
2014.09.15 18:50:59.835,1.38688,1.38693,1.62,1.50
2014.09.15 18:51:03.557,1.38687,1.38693,2.44,1.50
2014.09.15 18:51:03.912,1.38687,1.3869,1.69,1.00
2014.09.15 18:51:04.115,1.38685,1.38689,1.50,1.50
2014.09.15 18:51:17.892,1.38684,1.38687,1.50,1.00
2014.09.15 18:51:18.045,1.38682,1.38685,1.00,3.00
2014.09.15 18:51:18.247,1.3868,1.38683,1.12,1.00
2014.09.15 18:51:18.500,1.38679,1.38681,1.00,1.00
2014.09.15 18:51:18.601,1.38677,1.38681,1.50,1.50
2014.09.15 18:51:19.106,1.38677,1.3868,1.00,1.00
2014.09.15 18:51:22.001,1.38677,1.38681,1.00,1.50
2014.09.15 18:51:22.506,1.38677,1.38681,1.37,1.00
2014.09.15 18:51:27.898,1.38677,1.38681,2.81,1.00
2014.09.15 18:51:30.734,1.38678,1.38682,1.62,1.00
2014.09.15 18:51:31.244,1.38678,1.38682,1.31,1.00
2014.09.15 18:51:33.894,1.38679,1.38683,1.50,1.50
2014.09.15 18:51:33.945,1.38679,1.38683,2.62,1.00
2014.09.15 18:51:33.995,1.38682,1.38686,1.62,1.50
2014.09.15 18:51:34.097,1.38684,1.38689,2.06,1.12
2014.09.15 18:51:34.646,1.38684,1.38688,1.69,1.50
2014.09.15 18:51:47.884,1.38684,1.38688,1.12,1.00
2014.09.15 18:51:47.935,1.38684,1.3869,1.12,1.50
2014.09.15 18:51:48.448,1.38684,1.3869,1.69,1.50
2014.09.15 18:51:49.203,1.38685,1.3869,1.19,1.50
2014.09.15 18:51:50.315,1.38684,1.3869,1.69,1.87
2014.09.15 18:51:51.252,1.38684,1.38688,1.69,1.50
2014.09.15 18:51:51.556,1.3868,1.38684,3.56,1.00
2014.09.15 18:51:52.424,1.3868,1.38684,1.25,1.00
2014.09.15 18:51:52.931,1.3868,1.38683,1.25,1.00
2014.09.15 18:51:53.743,1.38679,1.38684,2.44,1.00
2014.09.15 18:51:54.247,1.38679,1.38683,2.44,1.00
2014.09.15 18:51:54.751,1.38679,1.38684,2.44,1.50
2014.09.15 18:51:55.334,1.38679,1.38683,2.44,1.00
2014.09.15 18:52:00.243,1.38682,1.38687,1.19,2.25
2014.09.15 18:52:00.294,1.38682,1.38687,1.19,2.25
2014.09.15 18:52:00.446,1.38685,1.38688,1.25,1.00
2014.09.15 18:52:00.951,1.38685,1.38687,2.06,1.00
2014.09.15 18:52:01.498,1.38685,1.38688,2.06,1.00
2014.09.15 18:52:03.336,1.38685,1.38689,1.25,2.25
2014.09.15 18:52:07.783,1.38685,1.3869,1.25,1.00
2014.09.15 18:52:08.920,1.38686,1.3869,1.25,1.00
2014.09.15 18:52:09.938,1.38686,1.3869,1.19,1.00
2014.09.15 18:52:13.990,1.38686,1.38691,1.19,1.00
2014.09.15 18:52:14.243,1.38687,1.38693,1.69,2.25
2014.09.15 18:52:14.344,1.38689,1.38694,1.19,1.00
2014.09.15 18:52:14.597,1.38691,1.38696,1.25,1.00
2014.09.15 18:52:15.781,1.38691,1.38696,1.19,1.00
2014.09.15 18:52:20.675,1.3869,1.38696,3.94,1.00
2014.09.15 18:52:24.070,1.3869,1.38696,1.25,1.00
2014.09.15 18:52:24.121,1.3869,1.38694,1.25,1.00
2014.09.15 18:52:24.425,1.38689,1.38692,2.06,1.50
2014.09.15 18:52:24.526,1.38688,1.38692,2.06,1.50
2014.09.15 18:52:30.107,1.38688,1.38691,1.87,1.00
2014.09.15 18:52:36.050,1.38688,1.3869,1.50,1.00
2014.09.15 18:52:41.843,1.38688,1.38691,1.50,1.00
2014.09.15 18:52:42.348,1.38688,1.3869,1.00,1.50
2014.09.15 18:52:46.196,1.38688,1.38692,1.00,1.00
2014.09.15 18:52:50.491,1.38688,1.3869,1.50,1.00
2014.09.15 18:52:50.996,1.38688,1.38692,1.50,1.87
2014.09.15 18:52:53.043,1.38688,1.38692,1.50,1.87
2014.09.15 18:52:53.856,1.38688,1.38691,1.50,1.87
2014.09.15 18:52:54.210,1.38686,1.38689,1.50,1.50
2014.09.15 18:53:06.149,1.38686,1.38691,1.50,1.37
2014.09.15 18:53:10.899,1.38686,1.38691,1.50,1.12
2014.09.15 18:53:11.203,1.38686,1.38693,1.69,1.00
2014.09.15 18:53:11.732,1.38686,1.38694,1.69,3.56
2014.09.15 18:53:11.986,1.38689,1.38694,1.00,1.31
2014.09.15 18:53:13.502,1.38689,1.38695,1.50,4.12
2014.09.15 18:53:19.521,1.3869,1.38695,1.00,1.00
2014.09.15 18:53:22.845,1.38689,1.38695,3.19,1.00
2014.09.15 18:53:23.537,1.38689,1.38696,2.44,2.25
2014.09.15 18:53:27.798,1.38689,1.38696,2.81,3.00
2014.09.15 18:53:28.303,1.38689,1.38697,3.19,2.06
2014.09.15 18:53:32.542,1.3869,1.38698,1.00,4.12
2014.09.15 18:53:34.554,1.3869,1.38698,3.00,1.50
2014.09.15 18:53:34.970,1.3869,1.38698,4.31,1.00
2014.09.15 18:53:35.530,1.3869,1.38698,2.81,1.00
2014.09.15 18:53:36.594,1.3869,1.38698,2.81,1.50
2014.09.15 18:53:39.736,1.3869,1.38698,2.06,1.50
2014.09.15 18:53:41.552,1.3869,1.38697,2.81,1.00
2014.09.15 18:53:42.064,1.3869,1.38698,2.06,1.87
2014.09.15 18:53:43.830,1.3869,1.38698,1.69,1.87
2014.09.15 18:53:45.383,1.3869,1.38698,2.44,2.25
2014.09.15 18:53:46.285,1.3869,1.38698,2.44,3.37
2014.09.15 18:53:51.128,1.3869,1.38698,3.19,2.62
2014.09.15 18:53:52.071,1.3869,1.38698,3.19,2.62
2014.09.15 18:53:52.597,1.3869,1.38698,1.50,2.62
2014.09.15 18:53:56.194,1.38691,1.38697,1.00,1.37
2014.09.15 18:53:56.710,1.38691,1.38697,1.00,1.12
2014.09.15 18:53:59.103,1.3869,1.38697,1.50,1.87
2014.09.15 18:54:03.088,1.38691,1.38698,1.00,2.62
2014.09.15 18:54:03.601,1.38692,1.38699,1.50,1.69
2014.09.15 18:54:06.897,1.38693,1.38699,1.00,1.87
2014.09.15 18:54:07.467,1.38692,1.38699,1.69,1.87
2014.09.15 18:54:15.020,1.38693,1.38699,1.00,1.87
2014.09.15 18:54:15.717,1.38692,1.38699,1.69,1.87
2014.09.15 18:54:18.908,1.38692,1.38699,2.44,1.37
2014.09.15 18:54:20.166,1.38692,1.38698,1.69,1.37
2014.09.15 18:54:20.844,1.38692,1.38698,1.69,1.37
2014.09.15 18:54:24.249,1.38693,1.38698,1.00,1.37
2014.09.15 18:54:24.761,1.38694,1.38697,1.50,1.00
2014.09.15 18:54:29.218,1.38693,1.38697,1.50,1.12
2014.09.15 18:54:33.851,1.38693,1.38697,1.00,1.37
2014.09.15 18:54:34.381,1.38693,1.38697,1.25,1.50
2014.09.15 18:54:45.164,1.38693,1.38696,1.00,1.00
2014.09.15 18:54:45.719,1.38693,1.38697,1.00,1.50
2014.09.15 18:54:46.268,1.38693,1.38696,1.00,1.00
2014.09.15 18:54:48.435,1.38693,1.38697,1.00,1.50
2014.09.15 18:54:50.669,1.38693,1.38698,1.00,1.12
2014.09.15 18:54:51.580,1.38693,1.38697,1.00,1.00
2014.09.15 18:54:52.083,1.38693,1.38698,1.00,1.12
2014.09.15 18:54:56.841,1.38691,1.38698,3.94,2.62
2014.09.15 18:54:57.567,1.38691,1.38696,3.19,1.00
2014.09.15 18:54:58.190,1.38691,1.38697,2.25,1.12
2014.09.15 18:54:59.241,1.38691,1.38695,1.50,1.00
2014.09.15 18:54:59.797,1.38691,1.38698,1.50,3.56
2014.09.15 18:55:00.990,1.38689,1.38696,3.94,1.87
2014.09.15 18:55:01.847,1.38689,1.38696,4.69,1.87
2014.09.15 18:55:09.411,1.38689,1.38697,3.19,2.06
2014.09.15 18:55:09.915,1.38689,1.38697,2.44,1.87
2014.09.15 18:55:12.067,1.38689,1.38695,2.44,1.00
2014.09.15 18:55:12.594,1.38689,1.38694,1.69,1.00
2014.09.15 18:55:20.687,1.38689,1.38693,1.69,1.00
2014.09.15 18:55:24.402,1.38689,1.38694,1.69,1.50
2014.09.15 18:55:27.855,1.38689,1.38695,1.69,1.00
2014.09.15 18:55:28.633,1.38689,1.38693,1.69,1.00
2014.09.15 18:55:29.156,1.38688,1.38692,1.69,1.50
2014.09.15 18:55:29.719,1.38688,1.38692,1.00,1.50
2014.09.15 18:55:30.337,1.38689,1.38692,1.00,1.50
2014.09.15 18:55:31.147,1.38688,1.38692,1.00,1.50
2014.09.15 18:55:31.653,1.38688,1.38693,1.00,1.87
2014.09.15 18:55:40.963,1.38688,1.38695,2.44,1.00
2014.09.15 18:55:41.367,1.38691,1.38695,1.00,1.00
2014.09.15 18:55:50.795,1.38691,1.38694,1.00,1.50
2014.09.15 18:55:51.359,1.38691,1.38695,1.00,1.50
2014.09.15 18:56:00.203,1.38691,1.38696,1.00,1.00
2014.09.15 18:56:01.181,1.38691,1.38695,1.00,1.00
2014.09.15 18:56:01.686,1.38691,1.38696,1.00,1.50
2014.09.15 18:56:02.439,1.38691,1.38697,1.31,1.50
2014.09.15 18:56:13.762,1.38691,1.38696,1.31,1.50
2014.09.15 18:56:19.716,1.38692,1.38696,1.00,1.50
2014.09.15 18:56:23.074,1.38692,1.38697,1.00,1.00
2014.09.15 18:56:25.255,1.38692,1.38698,1.00,2.25
2014.09.15 18:56:28.091,1.38694,1.38699,1.00,2.25
2014.09.15 18:56:28.748,1.38694,1.387,1.00,3.56
2014.09.15 18:56:41.851,1.38693,1.387,2.62,1.50
2014.09.15 18:56:42.722,1.38694,1.38701,1.50,1.50
2014.09.15 18:56:43.076,1.38696,1.38702,1.50,1.62
2014.09.15 18:56:46.598,1.38695,1.38702,1.50,1.37
2014.09.15 18:56:48.142,1.38695,1.38702,1.50,1.12
2014.09.15 18:56:50.049,1.38695,1.38702,1.87,1.00
2014.09.15 18:56:50.596,1.38696,1.38703,1.12,4.50
2014.09.15 18:56:51.121,1.38695,1.38702,1.87,1.25
2014.09.15 18:56:52.050,1.38695,1.38702,2.25,1.69
2014.09.15 18:56:52.628,1.38695,1.387,1.50,1.00
2014.09.15 18:56:54.769,1.38695,1.38702,1.12,3.19
2014.09.15 18:56:55.317,1.38695,1.38702,1.12,1.69
2014.09.15 18:56:55.520,1.38698,1.38702,1.00,1.69
2014.09.15 18:56:56.037,1.38698,1.38703,1.00,3.19
2014.09.15 18:56:56.189,1.38696,1.38703,1.87,3.19
2014.09.15 18:56:59.599,1.38696,1.38702,1.00,1.00
2014.09.15 18:57:00.796,1.38696,1.38703,2.25,3.19
2014.09.15 18:57:01.980,1.38696,1.38702,1.00,1.00
2014.09.15 18:57:05.978,1.38695,1.38702,1.12,1.00
2014.09.15 18:57:14.015,1.38695,1.38702,1.12,1.69
2014.09.15 18:57:19.413,1.38694,1.38701,3.00,1.25
2014.09.15 18:57:25.118,1.38695,1.38702,1.50,2.44
2014.09.15 18:57:25.822,1.38694,1.38702,2.25,2.44
2014.09.15 18:57:27.051,1.38694,1.38703,3.75,2.81
2014.09.15 18:57:28.410,1.38694,1.38701,3.00,1.50
2014.09.15 18:57:29.126,1.38695,1.38702,1.00,1.25
2014.09.15 18:57:29.746,1.38694,1.38703,3.00,4.31
2014.09.15 18:57:30.109,1.38696,1.38702,1.00,1.31
2014.09.15 18:57:30.657,1.38695,1.38702,1.50,4.31
2014.09.15 18:57:31.320,1.38695,1.38702,1.50,3.56
2014.09.15 18:57:32.032,1.38695,1.38702,1.50,3.56
2014.09.15 18:57:33.252,1.38694,1.38701,2.44,1.12
2014.09.15 18:57:37.166,1.38695,1.38702,1.00,2.06
2014.09.15 18:57:42.851,1.38695,1.38702,1.00,1.62
2014.09.15 18:57:43.356,1.38694,1.38701,2.44,1.87
2014.09.15 18:57:47.055,1.38694,1.387,1.50,1.12
2014.09.15 18:57:47.207,1.38692,1.38699,3.19,1.50
2014.09.15 18:57:49.587,1.38692,1.38699,1.87,3.19
2014.09.15 18:57:49.789,1.38694,1.38701,3.37,1.50
2014.09.15 18:57:50.092,1.38696,1.38701,1.00,1.87
2014.09.15 18:57:50.619,1.38695,1.38701,1.00,2.62
2014.09.15 18:57:50.924,1.38695,1.38697,1.00,1.00
2014.09.15 18:57:51.025,1.38692,1.38699,1.00,4.12
2014.09.15 18:57:51.076,1.38692,1.38699,1.00,2.62
2014.09.15 18:57:51.530,1.38693,1.38701,3.00,1.50
2014.09.15 18:57:52.037,1.38694,1.38701,1.00,1.50
2014.09.15 18:57:52.778,1.38694,1.387,1.50,1.00
2014.09.15 18:57:53.439,1.38694,1.38699,1.00,1.00
2014.09.15 18:57:53.944,1.38693,1.38699,1.50,1.12
2014.09.15 18:57:54.711,1.38693,1.38696,1.50,1.00
2014.09.15 18:57:54.964,1.38693,1.38699,1.87,1.00
2014.09.15 18:57:55.116,1.38695,1.38702,2.25,3.00
2014.09.15 18:57:56.333,1.38695,1.38701,1.00,1.00
2014.09.15 18:57:56.435,1.38696,1.38703,1.00,1.69
2014.09.15 18:57:56.537,1.38695,1.387,1.00,1.00
2014.09.15 18:57:56.638,1.38696,1.38703,1.00,2.81
2014.09.15 18:57:59.009,1.38695,1.387,2.25,1.00
2014.09.15 18:57:59.517,1.38695,1.38701,2.25,1.12
2014.09.15 18:58:01.348,1.38696,1.38701,1.00,1.00
2014.09.15 18:58:01.449,1.38696,1.38703,1.50,1.50
2014.09.15 18:58:01.752,1.38696,1.38701,1.00,1.00
2014.09.15 18:58:02.208,1.38696,1.38703,1.50,1.87
2014.09.15 18:58:08.731,1.38697,1.38703,1.00,1.50
2014.09.15 18:58:09.239,1.38696,1.38703,3.75,1.50
2014.09.15 18:58:09.765,1.38697,1.38703,1.50,1.50
2014.09.15 18:58:11.341,1.38696,1.38703,3.19,1.50
2014.09.15 18:58:11.957,1.38695,1.38703,3.19,1.50
2014.09.15 18:58:15.056,1.38696,1.38703,1.00,1.69
2014.09.15 18:58:15.768,1.38696,1.38703,2.62,1.69
2014.09.15 18:58:18.623,1.38696,1.38705,2.06,2.81
2014.09.15 18:58:19.178,1.38696,1.38705,1.69,3.19
2014.09.15 18:58:23.231,1.38696,1.38703,1.31,1.00
2014.09.15 18:58:23.891,1.38696,1.38703,2.06,1.00
2014.09.15 18:58:24.404,1.38697,1.38704,1.12,1.00
2014.09.15 18:58:30.263,1.38696,1.38703,2.81,1.00
2014.09.15 18:58:30.820,1.38697,1.38704,1.31,1.50
2014.09.15 18:58:30.972,1.38698,1.38704,1.37,1.00
2014.09.15 18:58:35.767,1.38697,1.38704,1.25,1.00
2014.09.15 18:58:35.818,1.38696,1.38702,3.19,1.00
2014.09.15 18:58:36.122,1.38693,1.38698,1.69,1.50
2014.09.15 18:58:36.627,1.3869,1.38697,1.62,1.00
2014.09.15 18:58:38.700,1.38689,1.38694,1.62,1.00
2014.09.15 18:58:38.854,1.38689,1.38698,2.06,3.94
2014.09.15 18:58:40.299,1.38689,1.38698,1.87,3.19
2014.09.15 18:58:40.871,1.38689,1.38697,1.87,1.00
2014.09.15 18:58:41.529,1.38689,1.38698,2.62,3.19
2014.09.15 18:58:41.966,1.3869,1.38694,1.37,1.00
2014.09.15 18:58:45.404,1.38688,1.38694,3.56,1.00
2014.09.15 18:58:46.783,1.38688,1.38694,3.56,1.00
2014.09.15 18:58:47.085,1.38688,1.38696,2.81,1.00
2014.09.15 18:58:47.607,1.3869,1.38697,1.87,2.25
2014.09.15 18:58:49.736,1.3869,1.38697,1.87,3.19
2014.09.15 18:58:50.268,1.38689,1.38696,2.06,1.50
2014.09.15 18:58:51.337,1.38689,1.38696,1.87,2.44
2014.09.15 18:58:51.844,1.38688,1.38695,3.56,1.50
2014.09.15 18:58:52.490,1.38688,1.38694,1.62,1.00
2014.09.15 18:58:56.598,1.38687,1.38694,1.37,1.00
2014.09.15 18:58:58.403,1.38687,1.38694,1.37,1.00
2014.09.15 18:59:00.239,1.38687,1.38694,1.37,1.00
2014.09.15 18:59:02.204,1.38688,1.38695,1.87,1.50
2014.09.15 18:59:04.124,1.38688,1.38695,4.31,1.50
2014.09.15 18:59:04.536,1.38688,1.38695,4.31,1.50
2014.09.15 18:59:07.129,1.38688,1.38695,4.69,1.50
2014.09.15 18:59:07.382,1.38694,1.387,1.87,1.69
2014.09.15 18:59:08.367,1.38695,1.38701,1.12,1.00
2014.09.15 18:59:08.772,1.38695,1.38701,1.37,1.00
2014.09.15 18:59:08.874,1.38693,1.38698,1.69,1.00
2014.09.15 18:59:09.076,1.38691,1.38696,2.25,1.50
2014.09.15 18:59:09.379,1.38687,1.38695,5.81,2.25
2014.09.15 18:59:09.784,1.38686,1.38692,1.87,1.50
2014.09.15 18:59:10.087,1.38683,1.38689,2.62,1.69
2014.09.15 18:59:11.169,1.38683,1.38689,1.87,1.25
2014.09.15 18:59:13.669,1.38683,1.38689,1.37,1.25
2014.09.15 18:59:14.182,1.38683,1.38689,1.87,1.19
2014.09.15 18:59:16.980,1.38683,1.3869,1.87,3.94
2014.09.15 18:59:18.107,1.38684,1.3869,1.37,1.69
2014.09.15 18:59:18.612,1.38683,1.3869,1.87,2.44
2014.09.15 18:59:19.927,1.38683,1.38689,1.87,1.25
2014.09.15 18:59:20.432,1.38683,1.38689,1.37,1.69
2014.09.15 18:59:21.232,1.38683,1.38689,1.12,1.69
2014.09.15 18:59:22.417,1.38683,1.38689,1.00,2.44
2014.09.15 18:59:23.031,1.38682,1.38688,1.00,1.25
2014.09.15 18:59:23.550,1.38681,1.38687,2.25,1.50
2014.09.15 18:59:24.071,1.38681,1.38686,1.12,1.00
2014.09.15 18:59:24.592,1.38681,1.38688,1.12,2.44
2014.09.15 18:59:25.105,1.38681,1.38688,1.12,1.69
2014.09.15 18:59:26.382,1.38682,1.38689,1.00,4.69
2014.09.15 18:59:27.096,1.3868,1.38684,1.00,1.00
2014.09.15 18:59:27.450,1.38677,1.38683,1.50,1.00
2014.09.15 18:59:27.803,1.38676,1.38681,1.00,1.00
2014.09.15 18:59:27.854,1.38674,1.38681,3.37,1.00
2014.09.15 18:59:28.359,1.38674,1.38683,3.37,5.44
2014.09.15 18:59:28.914,1.38674,1.38681,1.87,1.00
2014.09.15 18:59:30.328,1.38674,1.38681,1.12,2.44
2014.09.15 18:59:30.849,1.38673,1.38679,1.50,3.00
2014.09.15 18:59:31.357,1.38674,1.38679,3.00,1.00
2014.09.15 18:59:31.877,1.38674,1.38681,2.62,3.19
2014.09.15 18:59:33.329,1.38674,1.38681,1.00,1.69
2014.09.15 18:59:34.273,1.38673,1.3868,2.62,2.44
2014.09.15 18:59:34.778,1.38672,1.38679,2.25,3.00
2014.09.15 18:59:35.951,1.38673,1.38679,1.00,2.44
2014.09.15 18:59:36.455,1.38673,1.38679,1.50,2.44
2014.09.15 18:59:37.584,1.38673,1.3868,2.25,3.19
2014.09.15 18:59:38.780,1.38673,1.38677,1.50,1.00
2014.09.15 18:59:38.983,1.38668,1.38673,2.25,1.00
2014.09.15 18:59:39.286,1.38666,1.38673,3.00,1.69
2014.09.15 18:59:39.817,1.38666,1.38672,1.50,1.50
2014.09.15 18:59:40.329,1.38665,1.38671,1.87,1.25
2014.09.15 18:59:41.277,1.38665,1.38671,1.50,1.69
2014.09.15 18:59:41.529,1.38663,1.38671,1.50,3.19
2014.09.15 18:59:42.275,1.38663,1.38669,1.50,1.00
2014.09.15 18:59:42.780,1.38663,1.3867,1.50,1.50
2014.09.15 18:59:43.295,1.38663,1.3867,1.50,3.19
2014.09.15 18:59:43.845,1.38662,1.38669,1.50,2.81
2014.09.15 18:59:44.350,1.38662,1.38668,1.50,1.25
2014.09.15 18:59:45.522,1.38663,1.38668,1.00,1.25
2014.09.15 18:59:46.140,1.38662,1.38669,3.75,1.19
2014.09.15 18:59:47.077,1.38662,1.38669,3.00,1.25
2014.09.15 18:59:47.146,1.38662,1.38669,3.37,1.25
2014.09.15 18:59:47.702,1.38663,1.38669,1.00,1.25
2014.09.15 18:59:50.502,1.38664,1.3867,1.37,1.69
2014.09.15 18:59:51.554,1.38665,1.38671,1.00,1.19
2014.09.15 18:59:52.540,1.38665,1.38672,1.00,1.69
2014.09.15 18:59:53.045,1.38664,1.38671,1.50,3.37
2014.09.15 18:59:53.614,1.38664,1.3867,1.50,1.19
2014.09.15 18:59:54.651,1.38664,1.38671,1.50,3.19
2014.09.15 18:59:55.183,1.38665,1.38671,1.00,1.19
2014.09.15 18:59:55.688,1.38664,1.38671,1.00,1.69
2014.09.15 18:59:56.193,1.38664,1.38671,1.00,1.69
2014.09.15 18:59:57.023,1.38664,1.3867,1.00,1.00
2014.09.15 18:59:57.528,1.38665,1.38669,1.00,2.25
2014.09.15 18:59:57.972,1.38663,1.38669,1.00,2.25
2014.09.15 18:59:58.519,1.38664,1.3867,1.00,1.25
2014.09.15 18:59:59.340,1.38664,1.38669,3.00,1.00
2014.09.15 18:59:59.845,1.38664,1.3867,2.25,1.25
