2016.04.19 22:00:00.135,1.2407,1.24092,1.50,0.37
2016.04.19 22:00:00.666,1.24069,1.24093,2.25,0.75
2016.04.19 22:00:01.020,1.24074,1.24096,0.75,2.44
2016.04.19 22:00:01.223,1.2407,1.24094,2.25,0.75
2016.04.19 22:00:02.340,1.24069,1.24088,1.50,0.75
2016.04.19 22:00:02.441,1.24069,1.2409,0.37,3.00
2016.04.19 22:00:02.492,1.24068,1.24088,0.75,0.75
2016.04.19 22:00:02.594,1.24068,1.2409,0.75,1.87
2016.04.19 22:00:04.070,1.24069,1.2409,0.75,0.75
2016.04.19 22:00:04.248,1.24069,1.24094,0.75,0.75
2016.04.19 22:00:04.653,1.24072,1.24095,0.75,1.50
2016.04.19 22:00:04.956,1.2407,1.24092,0.75,0.75
2016.04.19 22:00:05.008,1.24071,1.24095,0.75,0.75
2016.04.19 22:00:05.627,1.24071,1.24093,0.37,0.75
2016.04.19 22:00:05.932,1.24068,1.2409,0.75,1.50
2016.04.19 22:00:06.458,1.2407,1.2409,1.50,1.50
2016.04.19 22:00:06.981,1.2407,1.24093,1.50,0.75
2016.04.19 22:00:07.539,1.24069,1.24093,1.50,0.75
2016.04.19 22:00:07.774,1.24072,1.24091,0.75,0.75
2016.04.19 22:00:08.830,1.24075,1.24094,0.75,0.75
2016.04.19 22:00:09.033,1.24076,1.24096,0.75,0.19
2016.04.19 22:00:09.236,1.24075,1.24094,1.50,0.75
2016.04.19 22:00:09.438,1.24075,1.24096,0.75,0.94
2016.04.19 22:00:09.942,1.24076,1.24096,0.75,0.19
2016.04.19 22:00:10.144,1.24079,1.24096,0.75,0.19
2016.04.19 22:00:10.650,1.24081,1.24096,0.75,0.19
2016.04.19 22:00:11.989,1.2408,1.24096,0.75,0.19
2016.04.19 22:00:17.863,1.2408,1.24097,2.25,0.19
2016.04.19 22:00:18.982,1.24075,1.24095,1.50,0.75
2016.04.19 22:00:20.700,1.24075,1.24094,0.75,0.75
2016.04.19 22:00:21.206,1.24075,1.24095,0.75,1.87
2016.04.19 22:00:22.903,1.24075,1.24094,0.75,0.75
2016.04.19 22:00:23.934,1.24075,1.24095,2.25,2.25
2016.04.19 22:00:24.636,1.24074,1.24095,0.75,2.25
2016.04.19 22:00:24.886,1.24072,1.24092,0.75,0.75
2016.04.19 22:00:28.450,1.24072,1.24089,0.75,0.37
2016.04.19 22:00:28.551,1.2407,1.24089,1.50,0.37
2016.04.19 22:00:29.052,1.24069,1.24089,0.75,0.37
2016.04.19 22:00:33.279,1.24069,1.2409,0.75,1.12
2016.04.19 22:00:37.400,1.24069,1.24088,0.75,0.75
2016.04.19 22:00:37.711,1.24069,1.24083,0.75,0.37
2016.04.19 22:00:38.991,1.24066,1.24083,0.75,0.37
2016.04.19 22:00:39.042,1.24066,1.24086,0.75,0.75
2016.04.19 22:00:39.365,1.24066,1.24084,0.75,0.75
2016.04.19 22:00:40.176,1.24065,1.24084,2.25,0.75
2016.04.19 22:00:40.806,1.24065,1.24082,0.75,0.75
2016.04.19 22:00:41.530,1.24065,1.24083,2.25,0.75
2016.04.19 22:00:42.161,1.24065,1.24082,2.25,0.75
2016.04.19 22:00:43.061,1.24065,1.24083,0.75,0.75
2016.04.19 22:00:43.593,1.24065,1.24082,2.25,0.75
2016.04.19 22:00:44.335,1.24065,1.24084,0.75,0.75
2016.04.19 22:00:44.864,1.24065,1.24085,0.75,0.75
2016.04.19 22:00:45.432,1.24065,1.24084,0.75,0.75
2016.04.19 22:00:45.944,1.24065,1.24085,2.25,3.00
2016.04.19 22:00:46.500,1.24065,1.24084,2.25,0.75
2016.04.19 22:00:47.052,1.24065,1.24085,2.25,2.25
2016.04.19 22:00:47.562,1.24065,1.24084,2.25,0.75
2016.04.19 22:00:48.273,1.24065,1.24085,0.75,2.25
2016.04.19 22:00:48.803,1.24065,1.24084,0.75,0.75
2016.04.19 22:00:49.476,1.24065,1.24085,0.75,3.75
2016.04.19 22:00:50.174,1.24065,1.24084,0.75,0.75
2016.04.19 22:00:51.259,1.24065,1.24085,0.75,3.00
2016.04.19 22:00:51.763,1.24065,1.24084,0.75,0.75
2016.04.19 22:00:52.310,1.24065,1.24085,0.75,3.00
2016.04.19 22:00:54.169,1.24066,1.24086,0.75,0.37
2016.04.19 22:00:55.819,1.24066,1.24088,0.75,0.75
2016.04.19 22:00:55.870,1.24069,1.24089,0.75,1.87
2016.04.19 22:00:56.507,1.24069,1.2409,0.75,3.37
2016.04.19 22:00:57.036,1.24069,1.24089,0.75,0.75
2016.04.19 22:00:57.757,1.24069,1.24088,0.75,0.37
2016.04.19 22:00:58.316,1.24069,1.24087,0.75,0.75
2016.04.19 22:00:59.485,1.24069,1.24088,0.75,0.75
2016.04.19 22:01:00.831,1.24069,1.24087,0.75,0.37
2016.04.19 22:01:00.933,1.24065,1.24085,2.25,0.37
2016.04.19 22:01:01.135,1.24062,1.24084,0.75,1.87
2016.04.19 22:01:01.338,1.24062,1.24082,0.75,0.37
2016.04.19 22:01:01.845,1.24062,1.24081,0.75,1.12
2016.04.19 22:01:02.422,1.24062,1.2408,0.75,1.12
2016.04.19 22:01:02.748,1.24062,1.24082,0.75,1.50
2016.04.19 22:01:03.103,1.24062,1.24084,0.75,1.87
2016.04.19 22:01:03.154,1.24062,1.24081,0.75,0.37
2016.04.19 22:01:03.698,1.24062,1.24082,0.75,0.37
2016.04.19 22:01:06.414,1.24064,1.24082,0.75,0.37
2016.04.19 22:01:08.548,1.24064,1.24083,0.75,0.37
2016.04.19 22:01:09.119,1.24064,1.24084,0.75,0.37
2016.04.19 22:01:09.873,1.24064,1.2408,0.75,0.37
2016.04.19 22:01:10.462,1.24064,1.24082,0.75,0.75
2016.04.19 22:01:10.965,1.24064,1.24083,0.75,1.12
2016.04.19 22:01:11.676,1.24064,1.24082,0.75,0.37
2016.04.19 22:01:11.939,1.24067,1.24082,0.75,0.37
2016.04.19 22:01:11.990,1.24067,1.24084,0.75,0.37
2016.04.19 22:01:12.575,1.24067,1.24085,0.75,1.12
2016.04.19 22:01:13.105,1.24067,1.24086,0.75,0.75
2016.04.19 22:01:13.156,1.24067,1.24084,0.75,0.37
2016.04.19 22:01:13.556,1.24067,1.24086,0.75,0.37
2016.04.19 22:01:13.933,1.24067,1.24088,0.75,1.87
2016.04.19 22:01:14.535,1.24067,1.24087,0.75,0.75
2016.04.19 22:01:14.750,1.24067,1.24085,0.75,0.37
2016.04.19 22:01:15.124,1.24067,1.24087,0.75,1.50
2016.04.19 22:01:15.444,1.24067,1.24084,0.75,0.75
2016.04.19 22:01:15.985,1.24067,1.24083,0.75,0.75
2016.04.19 22:01:17.078,1.24066,1.24083,0.75,0.75
2016.04.19 22:01:17.613,1.24066,1.24082,0.75,0.37
2016.04.19 22:01:18.115,1.24064,1.24083,1.50,0.75
2016.04.19 22:01:18.645,1.24063,1.24082,0.75,0.37
2016.04.19 22:01:19.155,1.24068,1.24082,0.75,1.12
2016.04.19 22:01:19.302,1.24068,1.24084,0.75,1.50
2016.04.19 22:01:19.818,1.24068,1.24085,0.75,1.12
2016.04.19 22:01:20.821,1.24071,1.24085,0.75,0.75
2016.04.19 22:01:20.975,1.24071,1.24089,0.75,0.37
2016.04.19 22:01:21.826,1.24071,1.2409,0.75,1.50
2016.04.19 22:01:23.503,1.24071,1.24091,0.75,1.50
2016.04.19 22:01:24.453,1.24071,1.24092,0.75,2.62
2016.04.19 22:01:24.504,1.24071,1.24089,0.75,0.37
2016.04.19 22:01:25.104,1.24071,1.2409,0.75,0.75
2016.04.19 22:01:26.117,1.24072,1.2409,0.75,0.37
2016.04.19 22:01:26.667,1.24072,1.24089,0.75,1.50
2016.04.19 22:01:27.218,1.24072,1.24088,0.75,0.75
2016.04.19 22:01:27.268,1.24072,1.2409,0.75,1.12
2016.04.19 22:01:27.412,1.2407,1.24089,1.50,0.37
2016.04.19 22:01:27.463,1.2407,1.24087,1.50,0.75
2016.04.19 22:01:27.783,1.24069,1.24084,1.50,0.75
2016.04.19 22:01:27.885,1.24067,1.24084,0.75,1.50
2016.04.19 22:01:28.037,1.2407,1.24084,0.75,0.75
2016.04.19 22:01:28.138,1.2407,1.24087,2.25,2.62
2016.04.19 22:01:29.283,1.2407,1.24088,2.25,0.75
2016.04.19 22:01:29.816,1.2407,1.24087,2.25,0.75
2016.04.19 22:01:30.367,1.2407,1.24086,2.25,0.75
2016.04.19 22:01:30.519,1.24072,1.24087,0.75,0.75
2016.04.19 22:01:30.621,1.24072,1.24089,0.75,0.75
2016.04.19 22:01:30.750,1.24072,1.24091,0.75,1.12
2016.04.19 22:01:31.293,1.24072,1.24092,0.75,1.50
2016.04.19 22:01:31.830,1.24072,1.24091,0.75,0.75
2016.04.19 22:01:32.781,1.24072,1.24093,0.75,0.75
2016.04.19 22:01:33.771,1.24072,1.24092,0.75,0.75
2016.04.19 22:01:36.994,1.24072,1.24091,0.75,0.37
2016.04.19 22:01:37.699,1.24072,1.2409,0.75,0.75
2016.04.19 22:01:38.401,1.24072,1.24091,0.75,0.75
2016.04.19 22:01:40.662,1.24072,1.24087,0.75,0.37
2016.04.19 22:01:40.763,1.2407,1.24087,0.75,0.37
2016.04.19 22:01:41.366,1.2407,1.24086,2.25,0.75
2016.04.19 22:01:42.884,1.2407,1.24087,2.25,0.75
2016.04.19 22:01:43.410,1.2407,1.24086,2.25,0.37
2016.04.19 22:01:44.243,1.2407,1.24085,2.25,0.37
2016.04.19 22:01:45.391,1.2407,1.24084,2.25,0.37
2016.04.19 22:01:45.693,1.2407,1.24086,2.25,1.50
2016.04.19 22:01:48.814,1.2407,1.24085,0.75,0.75
2016.04.19 22:01:50.725,1.2407,1.24082,0.75,0.37
2016.04.19 22:01:50.978,1.2407,1.24087,0.75,0.75
2016.04.19 22:01:51.876,1.2407,1.24084,0.75,0.37
2016.04.19 22:01:52.471,1.2407,1.24085,0.75,0.37
2016.04.19 22:01:53.349,1.2407,1.24086,0.75,0.75
2016.04.19 22:01:53.661,1.2407,1.24088,2.25,1.12
2016.04.19 22:01:53.778,1.2407,1.2409,2.25,1.87
2016.04.19 22:01:56.124,1.24071,1.2409,0.75,0.37
2016.04.19 22:01:56.630,1.24071,1.24089,0.75,0.37
2016.04.19 22:01:57.223,1.24071,1.2409,0.75,0.75
2016.04.19 22:01:57.787,1.24071,1.24089,0.75,0.37
2016.04.19 22:01:59.439,1.24071,1.24085,0.75,0.37
2016.04.19 22:01:59.771,1.24071,1.24083,0.75,0.37
2016.04.19 22:02:00.199,1.24071,1.24085,0.75,0.37
2016.04.19 22:02:00.250,1.24071,1.24089,0.75,1.12
2016.04.19 22:02:00.680,1.2407,1.24087,1.50,0.37
2016.04.19 22:02:01.186,1.2407,1.24086,1.50,0.37
2016.04.19 22:02:01.490,1.24068,1.24083,0.75,0.75
2016.04.19 22:02:01.541,1.24068,1.24087,0.75,1.12
2016.04.19 22:02:02.651,1.24069,1.24087,0.37,1.12
2016.04.19 22:02:03.205,1.24068,1.24086,1.12,0.75
2016.04.19 22:02:03.470,1.2407,1.24086,1.50,0.75
2016.04.19 22:02:03.571,1.2407,1.24088,2.25,0.37
2016.04.19 22:02:03.887,1.24072,1.2409,0.75,0.75
2016.04.19 22:02:03.938,1.24072,1.24092,0.75,1.12
2016.04.19 22:02:04.445,1.24072,1.24091,0.75,0.37
2016.04.19 22:02:05.061,1.24072,1.2409,0.75,0.37
2016.04.19 22:02:08.130,1.24072,1.24088,0.75,0.37
2016.04.19 22:02:10.896,1.24072,1.24089,0.75,0.75
2016.04.19 22:02:13.935,1.24075,1.2409,0.37,0.37
2016.04.19 22:02:14.036,1.24075,1.24092,0.37,0.75
2016.04.19 22:02:18.040,1.24075,1.24093,3.37,0.37
2016.04.19 22:02:18.589,1.24075,1.24094,3.37,0.75
2016.04.19 22:02:19.263,1.24078,1.24094,1.87,0.37
2016.04.19 22:02:23.238,1.24078,1.24092,0.75,0.37
2016.04.19 22:02:24.299,1.24076,1.24092,0.75,0.75
2016.04.19 22:02:26.232,1.24076,1.24093,0.75,1.12
2016.04.19 22:02:26.283,1.24076,1.24095,0.75,0.75
2016.04.19 22:02:27.290,1.24076,1.24096,0.75,0.37
2016.04.19 22:02:28.634,1.24075,1.24094,2.25,0.75
2016.04.19 22:02:28.937,1.24075,1.24092,1.12,1.12
2016.04.19 22:02:29.241,1.24075,1.2409,0.37,0.37
2016.04.19 22:02:30.161,1.24074,1.2409,1.50,0.37
2016.04.19 22:02:30.569,1.24075,1.24088,1.50,0.75
2016.04.19 22:02:31.219,1.24075,1.24089,1.12,0.37
2016.04.19 22:02:39.151,1.24075,1.2409,0.37,0.75
2016.04.19 22:02:40.266,1.24075,1.24082,0.37,0.37
2016.04.19 22:02:40.681,1.24075,1.24087,0.37,0.37
2016.04.19 22:02:41.412,1.24074,1.24087,1.50,0.75
2016.04.19 22:02:41.768,1.24075,1.24089,1.50,1.12
2016.04.19 22:02:44.258,1.24075,1.24088,1.50,0.37
2016.04.19 22:02:46.072,1.24075,1.24089,1.50,0.37
2016.04.19 22:02:46.598,1.24075,1.2409,1.50,0.75
2016.04.19 22:02:48.500,1.24075,1.24088,1.50,0.37
2016.04.19 22:02:49.569,1.24075,1.24087,1.50,0.37
2016.04.19 22:02:50.813,1.24075,1.24086,1.12,1.12
2016.04.19 22:02:51.117,1.24075,1.24088,1.50,1.50
2016.04.19 22:02:52.071,1.24075,1.24089,0.37,0.75
2016.04.19 22:02:52.173,1.24075,1.24091,1.50,0.75
2016.04.19 22:02:52.275,1.24075,1.24093,0.37,1.50
2016.04.19 22:02:54.081,1.24077,1.24093,1.50,0.75
2016.04.19 22:02:57.081,1.24075,1.24093,5.25,1.12
2016.04.19 22:02:57.589,1.24075,1.24092,5.25,0.37
2016.04.19 22:02:58.542,1.24075,1.24091,2.25,0.75
2016.04.19 22:02:59.051,1.24075,1.2409,0.75,0.37
2016.04.19 22:03:03.718,1.24074,1.2409,4.12,0.75
2016.04.19 22:03:04.243,1.24075,1.24089,1.12,0.75
2016.04.19 22:03:04.745,1.24075,1.2409,1.50,1.12
2016.04.19 22:03:05.258,1.24075,1.24089,1.50,0.75
2016.04.19 22:03:05.696,1.24076,1.24092,0.75,1.50
2016.04.19 22:03:05.747,1.24076,1.24094,0.75,1.87
2016.04.19 22:03:06.282,1.24076,1.24095,2.25,4.12
2016.04.19 22:03:06.872,1.24077,1.24095,0.75,3.37
2016.04.19 22:03:07.414,1.24076,1.24095,1.50,4.87
2016.04.19 22:03:11.893,1.24077,1.24095,0.75,1.12
2016.04.19 22:03:13.403,1.24077,1.24096,0.75,1.69
2016.04.19 22:03:16.045,1.24077,1.24094,0.75,0.37
2016.04.19 22:03:18.737,1.24078,1.24094,0.75,0.37
2016.04.19 22:03:20.187,1.24078,1.24097,0.75,2.44
2016.04.19 22:03:20.288,1.24077,1.24095,1.50,0.75
2016.04.19 22:03:20.827,1.24077,1.24096,0.75,2.25
2016.04.19 22:03:21.340,1.24077,1.24095,0.75,0.37
2016.04.19 22:03:21.860,1.24077,1.24096,0.75,1.87
2016.04.19 22:03:24.592,1.24078,1.24096,0.75,0.75
2016.04.19 22:03:25.149,1.24077,1.24097,2.25,2.44
2016.04.19 22:03:25.752,1.24077,1.24096,2.25,0.75
2016.04.19 22:03:26.302,1.24078,1.24096,0.75,0.75
2016.04.19 22:03:26.818,1.24077,1.24096,0.75,1.50
2016.04.19 22:03:27.332,1.24077,1.24095,0.75,0.37
2016.04.19 22:03:27.955,1.24077,1.24096,0.75,1.50
2016.04.19 22:03:30.642,1.24085,1.24096,1.50,0.75
2016.04.19 22:03:31.164,1.24085,1.24097,1.50,0.94
2016.04.19 22:03:34.765,1.24085,1.24096,1.50,0.19
2016.04.19 22:03:35.612,1.24082,1.24096,1.12,0.19
2016.04.19 22:03:35.778,1.24077,1.24096,0.75,0.56
2016.04.19 22:03:37.727,1.24078,1.24096,1.50,0.56
2016.04.19 22:03:38.329,1.24077,1.24096,2.25,0.56
2016.04.19 22:03:41.724,1.24077,1.24095,2.25,0.37
2016.04.19 22:03:43.859,1.24077,1.24096,2.25,1.69
2016.04.19 22:03:44.429,1.24078,1.24096,0.75,0.56
2016.04.19 22:03:49.835,1.24078,1.24097,0.75,0.56
2016.04.19 22:03:51.290,1.24078,1.24095,1.50,0.37
2016.04.19 22:03:58.259,1.24076,1.24095,1.50,2.62
2016.04.19 22:03:58.566,1.24075,1.24093,6.00,0.75
2016.04.19 22:04:00.093,1.24075,1.24094,6.75,0.75
2016.04.19 22:04:00.400,1.24077,1.24093,1.50,0.75
2016.04.19 22:04:02.509,1.24077,1.24092,1.50,1.12
2016.04.19 22:04:02.611,1.24075,1.24094,3.00,2.62
2016.04.19 22:04:03.508,1.24075,1.24093,5.25,1.00
2016.04.19 22:04:03.610,1.24076,1.24095,1.50,4.12
2016.04.19 22:04:03.711,1.24075,1.24094,6.75,1.50
2016.04.19 22:04:04.611,1.24075,1.24094,7.50,1.00
2016.04.19 22:04:07.470,1.24075,1.24094,7.50,1.37
2016.04.19 22:04:09.028,1.24075,1.24094,3.00,1.50
2016.04.19 22:04:09.572,1.24075,1.24093,2.25,1.00
2016.04.19 22:04:09.673,1.24077,1.24094,1.00,1.87
2016.04.19 22:04:10.184,1.24075,1.24094,3.00,1.87
2016.04.19 22:04:10.712,1.24077,1.24094,1.00,1.87
2016.04.19 22:04:11.330,1.24076,1.24094,1.50,1.87
2016.04.19 22:04:18.691,1.24076,1.24093,1.50,1.00
2016.04.19 22:04:19.290,1.24076,1.24093,1.50,1.37
2016.04.19 22:04:19.813,1.24075,1.24093,1.12,1.75
2016.04.19 22:04:23.359,1.24075,1.24091,1.00,1.00
2016.04.19 22:04:24.880,1.24076,1.24093,1.00,1.50
2016.04.19 22:04:25.438,1.24076,1.24092,1.50,1.12
2016.04.19 22:04:31.284,1.24076,1.24092,1.50,1.00
2016.04.19 22:04:31.849,1.24076,1.24091,1.50,1.50
2016.04.19 22:04:32.355,1.24075,1.24091,1.00,2.25
2016.04.19 22:04:32.831,1.24073,1.24091,1.50,2.25
2016.04.19 22:04:33.482,1.24073,1.2409,1.50,1.50
2016.04.19 22:04:34.344,1.24073,1.24091,1.50,2.25
2016.04.19 22:04:34.597,1.24076,1.2409,1.00,1.50
2016.04.19 22:04:34.699,1.24078,1.24094,1.00,1.00
2016.04.19 22:04:35.206,1.24077,1.24092,1.00,1.00
2016.04.19 22:04:35.258,1.24075,1.24092,1.50,1.00
2016.04.19 22:04:35.360,1.24073,1.24091,2.25,1.00
2016.04.19 22:04:35.411,1.24075,1.24091,1.00,1.00
2016.04.19 22:04:35.937,1.24076,1.24092,1.50,1.00
2016.04.19 22:04:44.107,1.24076,1.24093,1.50,1.50
2016.04.19 22:04:47.690,1.24079,1.24094,1.12,1.50
2016.04.19 22:04:48.245,1.24079,1.24094,1.37,1.50
2016.04.19 22:04:49.527,1.24079,1.24094,1.12,1.00
2016.04.19 22:04:50.099,1.24079,1.24094,1.37,1.00
2016.04.19 22:04:51.431,1.24079,1.24094,1.12,1.00
2016.04.19 22:04:52.884,1.24079,1.24095,1.12,2.25
2016.04.19 22:04:53.217,1.24079,1.24091,1.12,1.00
2016.04.19 22:04:53.737,1.24079,1.24095,1.37,1.50
2016.04.19 22:04:53.890,1.24079,1.24098,1.87,1.00
2016.04.19 22:04:54.423,1.24081,1.24098,1.00,1.00
2016.04.19 22:04:54.929,1.24081,1.24099,1.00,1.87
2016.04.19 22:05:00.644,1.2408,1.24098,1.50,1.00
2016.04.19 22:05:00.796,1.24079,1.24096,1.50,1.00
2016.04.19 22:05:01.349,1.24079,1.24097,1.00,2.25
2016.04.19 22:05:01.899,1.24079,1.24096,1.00,1.00
2016.04.19 22:05:02.415,1.24079,1.24097,1.00,2.25
2016.04.19 22:05:03.654,1.24077,1.24096,2.25,1.00
2016.04.19 22:05:03.806,1.24077,1.24093,2.25,1.00
2016.04.19 22:05:03.907,1.24077,1.24096,1.50,2.25
2016.04.19 22:05:05.980,1.24077,1.24095,1.00,1.00
2016.04.19 22:05:09.382,1.24075,1.24095,3.00,1.00
2016.04.19 22:05:15.051,1.24075,1.24095,4.50,2.25
2016.04.19 22:05:15.229,1.24077,1.24095,1.00,1.00
2016.04.19 22:05:18.536,1.24075,1.24095,4.50,2.25
2016.04.19 22:05:19.883,1.24077,1.24095,1.00,3.00
2016.04.19 22:05:20.222,1.24075,1.24095,1.50,1.50
2016.04.19 22:05:21.811,1.24076,1.24095,1.00,1.00
2016.04.19 22:05:25.826,1.24076,1.24096,1.00,3.19
2016.04.19 22:05:26.956,1.24076,1.24095,1.50,1.50
2016.04.19 22:05:27.529,1.24076,1.24096,1.00,3.19
2016.04.19 22:05:28.122,1.24076,1.24095,1.00,1.50
2016.04.19 22:05:29.733,1.24076,1.24096,1.00,3.19
2016.04.19 22:05:30.105,1.24076,1.24094,1.00,1.00
2016.04.19 22:05:30.308,1.24076,1.24096,1.50,4.69
2016.04.19 22:05:30.822,1.24076,1.24095,1.00,3.00
2016.04.19 22:05:30.923,1.24075,1.24093,1.00,1.00
2016.04.19 22:05:31.126,1.24075,1.24095,3.75,3.00
2016.04.19 22:05:31.670,1.24075,1.24095,6.00,1.50
2016.04.19 22:05:32.191,1.24077,1.24096,1.00,2.44
2016.04.19 22:05:39.252,1.24077,1.24095,1.00,1.00
2016.04.19 22:05:40.125,1.24077,1.24095,1.00,1.37
2016.04.19 22:05:40.475,1.24075,1.24091,2.25,1.00
2016.04.19 22:05:41.568,1.24076,1.24091,1.00,1.00
2016.04.19 22:05:41.670,1.24076,1.24093,1.00,1.50
2016.04.19 22:05:41.721,1.24076,1.24095,1.00,1.50
2016.04.19 22:05:44.151,1.24075,1.24088,2.25,1.12
2016.04.19 22:05:44.254,1.24073,1.24089,1.00,1.50
2016.04.19 22:05:44.305,1.2407,1.24088,1.50,1.00
2016.04.19 22:05:44.356,1.2407,1.24086,1.00,1.50
2016.04.19 22:05:44.509,1.2407,1.2409,3.00,3.00
2016.04.19 22:05:44.661,1.2407,1.24087,1.50,1.00
2016.04.19 22:05:44.813,1.24068,1.24087,2.25,1.00
2016.04.19 22:05:45.656,1.24068,1.24088,2.25,1.50
2016.04.19 22:05:45.707,1.24071,1.24087,1.00,1.00
2016.04.19 22:05:45.808,1.24071,1.24091,2.62,1.87
2016.04.19 22:05:45.910,1.24071,1.24091,3.37,2.25
2016.04.19 22:05:46.453,1.24072,1.2409,1.50,1.00
2016.04.19 22:05:46.960,1.24072,1.24089,1.50,1.00
2016.04.19 22:05:47.470,1.24072,1.2409,1.50,3.00
2016.04.19 22:05:48.032,1.24072,1.24089,1.50,1.00
2016.04.19 22:05:48.631,1.24072,1.2409,1.50,1.50
2016.04.19 22:05:50.484,1.24072,1.24091,1.87,1.50
2016.04.19 22:05:51.292,1.24072,1.2409,1.87,1.50
2016.04.19 22:05:51.805,1.24072,1.24091,1.87,1.00
2016.04.19 22:05:52.717,1.24072,1.2409,1.87,1.50
2016.04.19 22:05:54.188,1.24072,1.24091,1.50,1.50
2016.04.19 22:05:54.806,1.24072,1.2409,1.50,1.50
2016.04.19 22:05:55.497,1.24072,1.24091,1.50,2.25
2016.04.19 22:05:56.048,1.24072,1.2409,1.50,2.25
2016.04.19 22:05:57.625,1.24072,1.2409,2.25,1.00
2016.04.19 22:05:58.130,1.24072,1.24091,2.25,1.00
2016.04.19 22:05:59.132,1.24072,1.2409,2.25,1.00
2016.04.19 22:05:59.660,1.24072,1.24089,1.87,1.00
2016.04.19 22:06:00.165,1.24072,1.2409,1.87,1.50
2016.04.19 22:06:01.152,1.24072,1.24089,1.87,1.00
2016.04.19 22:06:01.702,1.24072,1.2409,1.87,3.00
2016.04.19 22:06:02.737,1.24072,1.24089,1.87,1.00
2016.04.19 22:06:03.306,1.24072,1.2409,1.87,3.00
2016.04.19 22:06:07.821,1.24074,1.2409,1.00,1.00
2016.04.19 22:06:08.023,1.24072,1.24092,2.62,3.75
2016.04.19 22:06:08.564,1.24072,1.24091,2.25,1.00
2016.04.19 22:06:09.141,1.24073,1.24092,1.00,3.00
2016.04.19 22:06:09.807,1.24072,1.24092,2.25,3.75
2016.04.19 22:06:11.019,1.24072,1.24091,2.25,1.00
2016.04.19 22:06:11.571,1.24072,1.24092,3.00,3.00
2016.04.19 22:06:12.628,1.24072,1.24091,2.25,1.00
2016.04.19 22:06:13.165,1.24072,1.24091,3.00,1.00
2016.04.19 22:06:16.076,1.24072,1.24091,2.25,1.00
2016.04.19 22:06:17.665,1.24072,1.24091,2.62,1.00
2016.04.19 22:06:18.185,1.24072,1.24092,3.00,3.00
2016.04.19 22:06:18.819,1.24072,1.2409,2.25,1.00
2016.04.19 22:06:19.073,1.24072,1.24089,1.50,1.00
2016.04.19 22:06:19.835,1.24072,1.2409,1.50,1.00
2016.04.19 22:06:23.376,1.24072,1.24091,1.50,1.00
2016.04.19 22:06:25.833,1.24073,1.24091,1.00,1.00
2016.04.19 22:06:26.373,1.24073,1.24092,1.50,1.50
2016.04.19 22:06:28.240,1.24073,1.24092,1.87,2.25
2016.04.19 22:06:28.767,1.24073,1.24091,2.25,1.00
2016.04.19 22:06:30.006,1.24073,1.24091,1.50,1.00
2016.04.19 22:06:30.557,1.24073,1.24092,1.50,1.50
2016.04.19 22:06:31.100,1.24073,1.24091,2.25,1.00
2016.04.19 22:06:31.595,1.24077,1.24091,1.00,1.00
2016.04.19 22:06:31.696,1.24077,1.24094,1.00,1.00
2016.04.19 22:06:31.798,1.24078,1.24096,1.00,1.69
2016.04.19 22:06:33.031,1.24078,1.24095,1.00,1.00
2016.04.19 22:06:38.475,1.24079,1.24095,1.00,1.00
2016.04.19 22:06:39.203,1.24079,1.24096,1.00,1.25
2016.04.19 22:06:51.244,1.2408,1.24097,1.50,2.44
2016.04.19 22:06:52.073,1.24079,1.24097,2.25,2.44
2016.04.19 22:06:52.622,1.2408,1.24097,1.50,2.44
2016.04.19 22:06:54.276,1.24079,1.24097,2.25,2.44
2016.04.19 22:06:54.777,1.2408,1.24097,1.50,1.69
2016.04.19 22:06:55.431,1.24079,1.24097,2.25,1.69
2016.04.19 22:06:55.980,1.2408,1.24097,1.50,1.69
2016.04.19 22:06:57.370,1.24079,1.24097,2.25,2.44
2016.04.19 22:06:58.071,1.2408,1.24097,1.50,2.44
2016.04.19 22:06:58.324,1.2408,1.24094,1.50,1.00
2016.04.19 22:06:58.476,1.24078,1.24093,1.00,1.00
2016.04.19 22:06:58.527,1.24077,1.24095,1.00,1.00
2016.04.19 22:06:58.679,1.24077,1.24093,1.00,1.00
2016.04.19 22:06:58.781,1.24077,1.24095,1.00,1.50
2016.04.19 22:06:59.288,1.24077,1.24094,1.00,1.00
2016.04.19 22:06:59.669,1.24077,1.24092,1.00,1.00
2016.04.19 22:07:00.965,1.24077,1.24094,1.00,1.00
2016.04.19 22:07:01.420,1.24077,1.24092,1.00,1.00
2016.04.19 22:07:04.932,1.24077,1.24091,1.00,1.00
2016.04.19 22:07:05.235,1.24077,1.24089,1.00,1.00
2016.04.19 22:07:06.380,1.24077,1.2409,1.00,1.00
2016.04.19 22:07:10.182,1.24077,1.24089,1.00,1.00
2016.04.19 22:07:10.400,1.24077,1.24091,1.00,1.00
2016.04.19 22:07:10.951,1.24077,1.24089,1.00,1.00
2016.04.19 22:07:11.873,1.24077,1.24091,1.00,1.12
2016.04.19 22:07:12.491,1.24077,1.24089,1.00,1.00
2016.04.19 22:07:13.002,1.24077,1.2409,1.00,1.00
2016.04.19 22:07:13.528,1.24077,1.24089,1.00,1.00
2016.04.19 22:07:14.143,1.24077,1.2409,1.00,1.00
2016.04.19 22:07:14.691,1.24077,1.24089,1.00,1.00
2016.04.19 22:07:15.900,1.24077,1.24091,1.00,1.12
2016.04.19 22:07:17.480,1.24076,1.24091,1.00,1.12
2016.04.19 22:07:18.024,1.24075,1.24091,2.25,1.12
2016.04.19 22:07:21.401,1.24075,1.24089,2.25,1.00
2016.04.19 22:07:21.511,1.24075,1.24091,1.00,1.12
2016.04.19 22:07:24.925,1.24075,1.24089,1.00,1.00
2016.04.19 22:07:25.460,1.24075,1.2409,1.00,1.00
2016.04.19 22:07:39.286,1.24075,1.24092,2.25,1.00
2016.04.19 22:07:40.345,1.24075,1.2409,2.25,1.00
2016.04.19 22:07:45.374,1.24076,1.2409,1.00,1.12
2016.04.19 22:07:48.860,1.24076,1.24091,1.00,1.00
2016.04.19 22:07:52.233,1.24076,1.2409,1.00,1.12
2016.04.19 22:07:55.611,1.24076,1.24091,1.00,1.75
2016.04.19 22:07:56.872,1.24074,1.24091,1.50,1.50
2016.04.19 22:07:57.352,1.24075,1.24093,1.00,1.50
2016.04.19 22:07:57.898,1.24076,1.24092,1.00,1.00
2016.04.19 22:07:59.479,1.24076,1.24093,1.00,1.00
2016.04.19 22:07:59.581,1.24078,1.24095,1.00,1.37
2016.04.19 22:07:59.784,1.24079,1.24096,1.50,1.25
2016.04.19 22:08:00.301,1.24079,1.24098,2.25,1.19
2016.04.19 22:08:00.699,1.24079,1.24098,2.25,1.00
2016.04.19 22:08:01.227,1.24079,1.24099,1.87,2.25
2016.04.19 22:08:01.438,1.24079,1.24097,1.87,1.00
2016.04.19 22:08:02.233,1.2408,1.24099,1.50,1.00
2016.04.19 22:08:02.341,1.24081,1.241,1.37,1.69
2016.04.19 22:08:02.443,1.2408,1.241,1.12,1.69
2016.04.19 22:08:03.194,1.2408,1.24099,1.00,1.00
2016.04.19 22:08:03.699,1.2408,1.24098,1.00,1.00
2016.04.19 22:08:04.212,1.2408,1.24099,1.00,1.00
2016.04.19 22:08:05.598,1.2408,1.24098,2.62,1.00
2016.04.19 22:08:05.864,1.2408,1.241,2.62,1.50
2016.04.19 22:08:06.401,1.24081,1.241,1.00,1.50
2016.04.19 22:08:06.832,1.24084,1.241,1.00,1.00
2016.04.19 22:08:06.933,1.24081,1.241,2.25,1.00
2016.04.19 22:08:07.871,1.24081,1.241,2.62,1.00
2016.04.19 22:08:08.462,1.24081,1.241,1.87,1.00
2016.04.19 22:08:09.064,1.24081,1.24102,1.87,1.19
2016.04.19 22:08:09.582,1.24081,1.24102,2.62,1.19
2016.04.19 22:08:09.822,1.24081,1.24099,2.62,1.00
2016.04.19 22:08:10.346,1.24081,1.24102,2.62,1.19
2016.04.19 22:08:10.865,1.24081,1.24102,2.25,1.19
2016.04.19 22:08:16.607,1.24083,1.241,1.50,1.00
2016.04.19 22:08:17.112,1.24084,1.241,1.00,1.00
2016.04.19 22:08:18.101,1.24084,1.24102,1.00,1.19
2016.04.19 22:08:18.405,1.24084,1.24103,1.37,1.69
2016.04.19 22:08:19.730,1.24084,1.241,1.75,1.00
2016.04.19 22:08:21.764,1.24084,1.24102,1.37,1.19
2016.04.19 22:08:22.350,1.24084,1.24102,1.00,1.19
2016.04.19 22:08:25.512,1.24084,1.24099,1.00,1.00
2016.04.19 22:08:29.269,1.24084,1.24103,1.00,2.44
2016.04.19 22:08:30.273,1.24086,1.241,1.00,1.25
2016.04.19 22:08:30.781,1.24086,1.24101,2.25,1.19
2016.04.19 22:08:34.882,1.24086,1.24101,2.25,1.25
2016.04.19 22:08:35.417,1.24086,1.24102,1.50,1.19
2016.04.19 22:08:38.679,1.24088,1.24104,1.00,1.19
2016.04.19 22:08:40.286,1.2409,1.24106,1.00,1.69
2016.04.19 22:08:40.588,1.2409,1.24106,1.00,1.25
2016.04.19 22:08:40.743,1.2409,1.24104,1.00,1.00
2016.04.19 22:08:41.371,1.2409,1.24106,1.00,1.25
2016.04.19 22:08:41.948,1.2409,1.24105,1.00,1.00
2016.04.19 22:08:42.549,1.2409,1.24106,3.00,1.25
2016.04.19 22:08:43.099,1.24092,1.24106,1.00,1.25
2016.04.19 22:08:43.555,1.2409,1.24107,1.00,1.69
2016.04.19 22:08:44.100,1.2409,1.24105,2.25,1.00
2016.04.19 22:08:44.762,1.2409,1.24104,1.00,1.00
2016.04.19 22:08:45.370,1.2409,1.24107,2.25,1.19
2016.04.19 22:08:46.259,1.2409,1.24104,3.00,1.00
2016.04.19 22:08:46.800,1.2409,1.24105,3.00,1.00
2016.04.19 22:08:49.954,1.2409,1.24104,1.50,1.00
2016.04.19 22:08:50.473,1.2409,1.24105,1.50,1.25
2016.04.19 22:08:54.031,1.24089,1.24107,2.62,1.19
2016.04.19 22:08:54.567,1.24089,1.24104,3.00,1.00
2016.04.19 22:08:55.087,1.24089,1.24105,3.00,1.25
2016.04.19 22:08:56.350,1.24089,1.24104,3.00,1.00
2016.04.19 22:08:56.994,1.24089,1.24105,2.62,1.25
2016.04.19 22:08:58.830,1.24089,1.24103,1.87,1.00
2016.04.19 22:08:59.352,1.24089,1.24102,1.87,1.00
2016.04.19 22:08:59.504,1.24089,1.24104,1.87,1.00
2016.04.19 22:08:59.977,1.24089,1.24102,1.87,1.00
2016.04.19 22:09:00.180,1.24089,1.24104,1.87,1.00
2016.04.19 22:09:00.708,1.24089,1.241,1.50,1.00
2016.04.19 22:09:00.759,1.24087,1.241,1.50,1.00
2016.04.19 22:09:00.810,1.24087,1.24103,1.50,1.00
2016.04.19 22:09:00.861,1.24085,1.24103,3.00,1.00
2016.04.19 22:09:00.962,1.24085,1.24101,2.25,1.00
2016.04.19 22:09:01.579,1.24085,1.241,1.00,1.00
2016.04.19 22:09:02.348,1.24085,1.24102,2.25,1.00
2016.04.19 22:09:02.878,1.24084,1.24101,1.50,1.00
2016.04.19 22:09:03.919,1.24084,1.241,1.50,1.00
2016.04.19 22:09:04.550,1.24084,1.24098,1.50,1.00
2016.04.19 22:09:05.076,1.24084,1.24097,1.50,1.00
2016.04.19 22:09:05.127,1.24084,1.24099,1.50,1.00
2016.04.19 22:09:07.331,1.24084,1.241,1.50,1.00
2016.04.19 22:09:07.762,1.24084,1.24098,1.50,1.00
2016.04.19 22:09:08.437,1.24084,1.24099,1.50,1.00
2016.04.19 22:09:09.423,1.24084,1.24098,1.50,1.00
2016.04.19 22:09:10.191,1.24084,1.24103,1.50,1.00
2016.04.19 22:09:10.253,1.24084,1.24103,1.50,2.25
2016.04.19 22:09:10.796,1.24084,1.241,1.50,1.00
2016.04.19 22:09:11.444,1.24084,1.24101,1.50,1.12
2016.04.19 22:09:11.793,1.24083,1.24101,1.00,1.75
2016.04.19 22:09:12.308,1.24083,1.24101,1.00,1.87
2016.04.19 22:09:12.842,1.24082,1.24098,1.00,1.00
2016.04.19 22:09:13.848,1.24082,1.241,1.00,1.37
2016.04.19 22:09:19.075,1.24082,1.241,1.00,1.87
2016.04.19 22:09:19.865,1.24082,1.241,1.00,1.37
2016.04.19 22:09:20.414,1.24081,1.24098,2.25,1.12
2016.04.19 22:09:20.967,1.24081,1.24095,2.25,1.00
2016.04.19 22:09:21.635,1.24081,1.24096,2.25,1.00
2016.04.19 22:09:22.136,1.24081,1.24095,2.25,1.00
2016.04.19 22:09:22.638,1.24081,1.24096,1.00,1.00
2016.04.19 22:09:23.373,1.24081,1.24095,1.50,1.00
2016.04.19 22:09:23.952,1.24081,1.24096,1.50,1.12
2016.04.19 22:09:24.476,1.24081,1.24095,1.50,1.00
2016.04.19 22:09:25.028,1.24081,1.24096,1.50,1.12
2016.04.19 22:09:25.549,1.24081,1.24095,1.50,1.00
2016.04.19 22:09:27.058,1.24081,1.24096,1.00,1.12
2016.04.19 22:09:27.430,1.24081,1.24096,1.00,1.75
2016.04.19 22:09:28.516,1.2408,1.24094,1.50,1.12
2016.04.19 22:09:28.889,1.2408,1.24095,3.00,1.37
2016.04.19 22:09:29.391,1.2408,1.24095,3.00,1.12
2016.04.19 22:09:30.214,1.2408,1.24095,3.00,1.37
2016.04.19 22:09:31.517,1.2408,1.24096,1.50,1.87
2016.04.19 22:09:32.569,1.2408,1.24096,2.25,1.12
2016.04.19 22:09:33.147,1.2408,1.24095,3.75,1.00
2016.04.19 22:09:33.672,1.2408,1.24096,4.50,1.50
2016.04.19 22:09:34.173,1.2408,1.24095,6.75,1.00
2016.04.19 22:09:34.675,1.2408,1.24095,3.75,1.50
2016.04.19 22:09:35.799,1.2408,1.24095,3.75,1.00
2016.04.19 22:09:36.307,1.2408,1.24096,2.25,1.12
2016.04.19 22:09:36.857,1.2408,1.24095,3.75,1.00
2016.04.19 22:09:37.785,1.2408,1.24096,2.25,1.12
2016.04.19 22:09:38.312,1.2408,1.24095,3.75,1.00
2016.04.19 22:09:38.862,1.2408,1.24096,2.25,1.12
2016.04.19 22:09:39.385,1.2408,1.24095,3.75,1.00
2016.04.19 22:09:40.487,1.2408,1.24096,2.25,1.12
2016.04.19 22:09:41.008,1.2408,1.24095,3.75,1.00
2016.04.19 22:09:42.416,1.2408,1.24096,2.25,1.12
2016.04.19 22:09:42.923,1.2408,1.24095,3.75,1.00
2016.04.19 22:09:43.480,1.2408,1.24096,2.25,1.12
2016.04.19 22:09:44.126,1.2408,1.24095,3.75,1.00
2016.04.19 22:09:44.828,1.2408,1.24096,2.25,1.12
2016.04.19 22:09:45.378,1.2408,1.24095,3.75,1.00
2016.04.19 22:09:45.880,1.2408,1.24096,2.25,1.12
2016.04.19 22:09:46.832,1.2408,1.24095,3.75,1.00
2016.04.19 22:09:47.551,1.2408,1.24096,2.25,1.12
2016.04.19 22:09:48.053,1.2408,1.24095,3.75,1.00
2016.04.19 22:09:49.336,1.2408,1.24096,2.25,1.12
2016.04.19 22:09:49.839,1.2408,1.24095,3.75,1.00
2016.04.19 22:09:50.916,1.2408,1.24096,2.25,1.12
2016.04.19 22:09:51.341,1.2408,1.24095,3.75,1.50
2016.04.19 22:09:51.874,1.2408,1.24096,2.25,1.50
2016.04.19 22:09:52.922,1.2408,1.24096,2.25,1.12
2016.04.19 22:09:53.846,1.2408,1.24095,3.75,1.00
2016.04.19 22:09:54.427,1.2408,1.24096,2.25,1.12
2016.04.19 22:09:55.049,1.2408,1.24095,3.75,1.00
2016.04.19 22:09:55.599,1.2408,1.24096,2.25,1.12
2016.04.19 22:09:56.119,1.2408,1.24095,3.75,1.00
2016.04.19 22:09:56.839,1.2408,1.24096,2.25,1.12
2016.04.19 22:09:57.386,1.2408,1.24095,3.75,1.00
2016.04.19 22:09:57.909,1.2408,1.24096,2.25,1.12
2016.04.19 22:09:58.440,1.2408,1.24095,3.75,1.00
2016.04.19 22:09:58.941,1.2408,1.24096,2.25,1.12
2016.04.19 22:09:59.512,1.24081,1.24095,2.25,1.00
2016.04.19 22:10:00.245,1.24081,1.24096,2.25,1.00
2016.04.19 22:10:00.810,1.24081,1.24095,2.25,1.00
2016.04.19 22:10:01.725,1.2408,1.24095,4.50,1.00
2016.04.19 22:10:02.030,1.24078,1.2409,1.00,1.00
2016.04.19 22:10:02.562,1.24077,1.2409,1.50,1.00
2016.04.19 22:10:02.968,1.24079,1.2409,1.00,1.00
2016.04.19 22:10:03.773,1.24081,1.24091,1.00,1.00
2016.04.19 22:10:03.976,1.24083,1.24095,1.00,1.50
2016.04.19 22:10:04.027,1.24082,1.24095,1.37,1.50
2016.04.19 22:10:04.179,1.24085,1.24096,1.50,1.00
2016.04.19 22:10:04.687,1.24085,1.24095,1.50,1.00
2016.04.19 22:10:04.979,1.24085,1.24098,1.50,1.00
2016.04.19 22:10:05.738,1.24085,1.24099,2.25,1.12
2016.04.19 22:10:07.482,1.24085,1.241,2.25,2.25
2016.04.19 22:10:08.024,1.24085,1.24101,2.62,1.87
2016.04.19 22:10:10.313,1.24086,1.241,1.00,1.75
2016.04.19 22:10:11.142,1.24087,1.241,1.00,1.75
2016.04.19 22:10:11.452,1.24089,1.241,1.00,1.50
2016.04.19 22:10:16.088,1.24089,1.241,1.00,1.50
2016.04.19 22:10:22.509,1.24086,1.241,1.00,1.37
2016.04.19 22:10:23.056,1.24086,1.241,1.00,1.87
2016.04.19 22:10:25.611,1.24086,1.241,1.00,2.25
2016.04.19 22:10:25.713,1.24085,1.24098,1.50,1.37
2016.04.19 22:10:25.764,1.24083,1.24098,1.50,1.50
2016.04.19 22:10:25.916,1.2408,1.24096,2.25,1.75
2016.04.19 22:10:26.926,1.24082,1.24096,1.00,1.50
2016.04.19 22:10:31.614,1.24082,1.24095,2.25,1.00
2016.04.19 22:10:32.139,1.24084,1.24096,1.00,2.62
2016.04.19 22:10:32.240,1.2408,1.24095,3.75,1.75
2016.04.19 22:10:32.545,1.2408,1.24093,2.25,1.12
2016.04.19 22:10:33.052,1.2408,1.24093,1.50,1.12
2016.04.19 22:10:33.361,1.24085,1.24095,1.12,1.00
2016.04.19 22:10:33.463,1.24081,1.24097,1.87,1.50
2016.04.19 22:10:33.616,1.2408,1.24095,2.25,1.00
2016.04.19 22:10:33.668,1.2408,1.24096,1.00,2.25
2016.04.19 22:10:34.175,1.24078,1.24094,1.37,2.25
2016.04.19 22:10:34.488,1.24075,1.24091,4.50,1.50
2016.04.19 22:10:34.789,1.24075,1.24089,2.25,1.75
2016.04.19 22:10:35.349,1.24075,1.24089,2.62,1.87
2016.04.19 22:10:36.426,1.24075,1.24089,3.00,1.75
2016.04.19 22:10:40.746,1.24075,1.2409,3.00,2.62
2016.04.19 22:10:41.394,1.24075,1.2409,1.50,1.87
2016.04.19 22:10:42.096,1.24075,1.2409,3.00,1.87
2016.04.19 22:10:42.603,1.24075,1.2409,3.00,2.62
2016.04.19 22:10:42.933,1.24075,1.2409,3.00,2.62
2016.04.19 22:10:43.237,1.24077,1.24089,1.37,1.37
2016.04.19 22:10:43.760,1.24077,1.24092,1.37,2.62
2016.04.19 22:10:47.971,1.24077,1.24092,1.37,1.75
2016.04.19 22:10:48.580,1.24077,1.24092,1.37,1.87
2016.04.19 22:10:48.840,1.24079,1.24092,1.12,1.87
2016.04.19 22:10:50.064,1.24078,1.24093,1.50,1.75
2016.04.19 22:10:51.132,1.24083,1.24093,1.00,1.75
2016.04.19 22:10:51.284,1.2408,1.24095,1.00,2.62
2016.04.19 22:10:51.549,1.2408,1.24095,1.00,1.50
2016.04.19 22:10:52.380,1.2408,1.24095,2.25,1.87
2016.04.19 22:10:55.369,1.2408,1.24095,1.50,1.50
2016.04.19 22:10:55.993,1.24079,1.24089,3.00,1.00
2016.04.19 22:10:56.535,1.2408,1.24089,1.50,1.00
2016.04.19 22:10:57.047,1.24079,1.24089,2.25,1.00
2016.04.19 22:10:57.568,1.2408,1.24089,1.50,1.00
2016.04.19 22:10:58.104,1.24079,1.24089,2.25,1.00
2016.04.19 22:10:58.606,1.2408,1.24089,1.50,1.00
2016.04.19 22:10:59.229,1.24083,1.24089,1.37,1.00
2016.04.19 22:10:59.380,1.24086,1.24095,1.00,1.00
2016.04.19 22:10:59.583,1.2408,1.24097,3.00,1.12
2016.04.19 22:10:59.887,1.24078,1.24094,1.00,1.00
2016.04.19 22:11:00.396,1.24078,1.24096,1.00,1.12
2016.04.19 22:11:03.387,1.24078,1.24093,1.00,1.37
2016.04.19 22:11:03.893,1.24077,1.24093,2.25,2.25
2016.04.19 22:11:04.297,1.24077,1.24093,2.25,1.50
2016.04.19 22:11:04.896,1.24078,1.24093,1.50,1.00
2016.04.19 22:11:07.700,1.24078,1.24094,1.50,1.12
2016.04.19 22:11:09.022,1.24078,1.2409,1.00,1.37
2016.04.19 22:11:09.124,1.24076,1.24091,1.00,1.75
2016.04.19 22:11:09.229,1.24076,1.24091,1.50,1.12
2016.04.19 22:11:10.184,1.24078,1.24092,1.00,1.50
2016.04.19 22:11:15.129,1.24077,1.24093,1.50,1.37
2016.04.19 22:11:18.305,1.24077,1.24091,1.00,1.87
2016.04.19 22:11:18.609,1.24075,1.2409,6.00,2.25
2016.04.19 22:11:19.160,1.24076,1.2409,1.00,1.87
2016.04.19 22:11:20.865,1.24078,1.24089,1.00,1.50
2016.04.19 22:11:22.249,1.24078,1.2409,1.00,1.00
2016.04.19 22:11:26.247,1.24079,1.24092,1.00,1.37
2016.04.19 22:11:26.777,1.24079,1.24092,1.00,1.00
2016.04.19 22:11:32.218,1.2408,1.24094,1.00,1.87
2016.04.19 22:11:32.269,1.24085,1.24094,1.50,1.37
2016.04.19 22:11:32.421,1.24085,1.24097,1.50,3.37
2016.04.19 22:11:32.573,1.24087,1.24097,1.00,1.00
2016.04.19 22:11:32.827,1.24087,1.24099,1.00,1.00
2016.04.19 22:11:37.633,1.24086,1.241,1.00,2.62
2016.04.19 22:11:38.174,1.24086,1.24099,1.00,1.37
2016.04.19 22:11:39.948,1.24086,1.241,1.00,2.25
2016.04.19 22:11:42.371,1.24086,1.241,1.00,2.25
2016.04.19 22:11:45.571,1.24086,1.24099,1.00,1.50
2016.04.19 22:11:47.177,1.24085,1.241,2.62,3.00
2016.04.19 22:11:47.482,1.24083,1.24094,1.00,2.62
2016.04.19 22:11:47.585,1.24081,1.24092,1.00,1.12
2016.04.19 22:11:47.839,1.24079,1.24092,1.50,1.50
2016.04.19 22:11:47.889,1.24079,1.24092,1.50,1.50
2016.04.19 22:11:48.347,1.24078,1.24087,1.00,1.00
2016.04.19 22:11:48.879,1.24077,1.24087,1.50,1.00
2016.04.19 22:11:49.449,1.24077,1.24088,1.50,1.12
2016.04.19 22:11:52.390,1.24077,1.24088,1.50,1.87
2016.04.19 22:11:53.416,1.24077,1.24087,1.00,1.12
2016.04.19 22:11:54.364,1.24078,1.24085,1.00,1.50
2016.04.19 22:11:54.937,1.24078,1.24085,1.00,1.00
2016.04.19 22:11:57.306,1.24078,1.24087,1.00,1.87
2016.04.19 22:11:57.807,1.24078,1.24086,1.00,1.00
2016.04.19 22:12:01.155,1.24078,1.24088,1.00,1.00
2016.04.19 22:12:01.416,1.24077,1.24084,1.00,2.25
2016.04.19 22:12:01.467,1.24075,1.24082,1.00,1.37
2016.04.19 22:12:01.973,1.24074,1.24082,1.00,1.50
2016.04.19 22:12:04.398,1.24076,1.24083,1.00,1.37
2016.04.19 22:12:04.449,1.24077,1.24085,1.00,2.44
2016.04.19 22:12:04.601,1.24077,1.24087,1.00,1.94
2016.04.19 22:12:04.854,1.24077,1.24088,1.00,1.50
2016.04.19 22:12:05.274,1.24077,1.24089,1.00,1.75
2016.04.19 22:12:05.470,1.24078,1.2409,1.00,2.25
2016.04.19 22:12:09.036,1.24078,1.24092,1.00,1.37
2016.04.19 22:12:09.469,1.24078,1.24091,1.00,1.75
2016.04.19 22:12:09.987,1.24078,1.24091,1.00,1.87
2016.04.19 22:12:10.566,1.24077,1.24091,1.00,1.87
2016.04.19 22:12:12.178,1.24078,1.24092,1.00,1.37
2016.04.19 22:12:12.280,1.24078,1.24094,1.00,2.62
2016.04.19 22:12:12.432,1.2408,1.24095,1.50,1.75
2016.04.19 22:12:12.796,1.2408,1.24095,1.00,1.50
2016.04.19 22:12:14.150,1.2408,1.24095,1.00,1.00
2016.04.19 22:12:16.961,1.24081,1.24096,1.00,1.87
2016.04.19 22:12:32.569,1.2408,1.24096,3.00,1.50
2016.04.19 22:12:33.001,1.2408,1.24094,3.00,1.37
2016.04.19 22:12:40.409,1.2408,1.24095,1.00,1.50
2016.04.19 22:12:40.910,1.2408,1.24095,1.00,1.12
2016.04.19 22:12:44.171,1.24081,1.24095,1.00,1.12
2016.04.19 22:12:44.474,1.24083,1.24097,1.00,1.00
2016.04.19 22:12:49.286,1.24082,1.24097,1.00,1.00
2016.04.19 22:12:49.838,1.24082,1.24098,1.50,1.87
2016.04.19 22:12:50.211,1.24082,1.24098,1.50,1.87
2016.04.19 22:12:52.265,1.24083,1.24097,1.00,1.50
2016.04.19 22:12:53.860,1.24084,1.24097,1.00,1.37
2016.04.19 22:12:54.756,1.24082,1.24097,1.50,1.37
2016.04.19 22:12:59.033,1.24082,1.24097,1.50,1.12
2016.04.19 22:13:08.940,1.24085,1.24098,1.00,1.37
2016.04.19 22:13:10.046,1.24085,1.24098,1.00,1.50
2016.04.19 22:13:14.018,1.24088,1.24098,1.00,1.00
2016.04.19 22:13:14.120,1.24086,1.24097,1.00,1.00
2016.04.19 22:13:14.791,1.24088,1.24097,1.00,1.00
2016.04.19 22:13:20.540,1.24088,1.24098,1.00,1.00
2016.04.19 22:13:26.494,1.24088,1.24097,1.00,1.00
2016.04.19 22:13:27.535,1.24088,1.24098,1.00,1.00
2016.04.19 22:13:30.303,1.24088,1.24097,1.00,1.00
2016.04.19 22:13:30.947,1.24091,1.24097,1.00,1.00
2016.04.19 22:13:34.039,1.24091,1.24098,1.00,1.00
2016.04.19 22:13:35.255,1.24091,1.24097,1.00,1.00
2016.04.19 22:13:38.063,1.24091,1.24098,1.00,1.00
2016.04.19 22:13:38.901,1.24089,1.24098,1.50,1.00
2016.04.19 22:13:39.574,1.24088,1.24097,1.00,1.00
2016.04.19 22:13:40.123,1.24088,1.24098,1.00,1.00
2016.04.19 22:13:45.228,1.24089,1.24098,1.00,1.00
2016.04.19 22:13:45.281,1.24091,1.24098,1.00,1.00
2016.04.19 22:13:45.629,1.24089,1.24098,1.00,1.00
2016.04.19 22:13:46.179,1.24089,1.24097,1.00,1.00
2016.04.19 22:13:50.525,1.2409,1.24097,1.00,1.00
2016.04.19 22:13:57.353,1.2409,1.24098,2.25,1.00
2016.04.19 22:13:58.094,1.2409,1.24097,2.25,1.00
2016.04.19 22:14:05.982,1.24091,1.24097,1.00,1.00
2016.04.19 22:14:08.525,1.2409,1.24097,1.50,1.00
2016.04.19 22:14:09.073,1.24089,1.24097,1.00,1.00
2016.04.19 22:14:10.097,1.24087,1.24097,1.00,1.00
2016.04.19 22:14:10.279,1.24085,1.24098,1.50,1.00
2016.04.19 22:14:10.807,1.24085,1.24097,1.00,1.00
2016.04.19 22:14:15.710,1.24086,1.24097,1.00,1.00
2016.04.19 22:14:19.777,1.24085,1.24097,2.25,1.00
2016.04.19 22:14:19.928,1.24082,1.24097,1.50,1.75
2016.04.19 22:14:20.363,1.24082,1.24098,1.00,2.62
2016.04.19 22:14:20.898,1.24082,1.24098,1.50,1.50
2016.04.19 22:14:22.823,1.24084,1.24099,1.00,1.75
2016.04.19 22:14:29.114,1.24083,1.24099,1.00,3.37
2016.04.19 22:14:34.736,1.24083,1.24098,1.00,1.12
2016.04.19 22:14:35.296,1.24083,1.24096,1.00,1.37
2016.04.19 22:14:39.635,1.24082,1.24097,1.50,1.12
2016.04.19 22:14:40.153,1.24082,1.24098,1.00,1.87
2016.04.19 22:14:44.878,1.24084,1.24098,1.00,1.87
2016.04.19 22:14:45.862,1.24082,1.24096,1.00,1.12
2016.04.19 22:14:48.611,1.24082,1.24096,1.00,1.12
2016.04.19 22:14:48.713,1.24084,1.24097,1.00,1.37
2016.04.19 22:14:53.172,1.24083,1.24098,1.00,1.75
2016.04.19 22:14:53.388,1.24084,1.241,1.50,5.62
2016.04.19 22:14:54.816,1.24085,1.241,1.50,2.25
2016.04.19 22:14:54.918,1.24085,1.24102,3.00,1.37
2016.04.19 22:14:55.430,1.24086,1.24102,1.00,1.37
2016.04.19 22:14:55.972,1.24085,1.24103,2.25,4.12
2016.04.19 22:14:56.822,1.24086,1.24102,1.00,1.37
2016.04.19 22:14:57.578,1.24086,1.241,1.00,1.00
2016.04.19 22:14:57.629,1.24084,1.241,4.12,1.12
2016.04.19 22:14:57.831,1.24084,1.24099,1.00,3.00
2016.04.19 22:14:57.933,1.24082,1.24099,1.50,2.25
2016.04.19 22:14:58.344,1.24081,1.24097,1.00,2.25
2016.04.19 22:14:58.650,1.24083,1.24098,1.00,1.12
2016.04.19 22:14:58.955,1.24083,1.24099,1.50,1.87
2016.04.19 22:14:59.006,1.24085,1.24099,1.00,1.00
2016.04.19 22:14:59.512,1.24085,1.241,1.00,2.25
2016.04.19 22:15:00.391,1.24086,1.241,1.00,1.87
2016.04.19 22:15:00.442,1.24086,1.241,1.00,1.50
2016.04.19 22:15:00.644,1.24086,1.24102,1.50,1.00
2016.04.19 22:15:00.695,1.24088,1.24103,1.00,3.00
2016.04.19 22:15:01.209,1.24088,1.24103,1.00,1.12
2016.04.19 22:15:02.156,1.24088,1.24104,1.00,5.25
2016.04.19 22:15:07.124,1.24088,1.24102,1.00,2.25
2016.04.19 22:15:07.637,1.24086,1.24102,1.00,2.25
2016.04.19 22:15:08.176,1.24086,1.24102,1.00,2.25
2016.04.19 22:15:08.726,1.24086,1.24102,1.00,2.25
2016.04.19 22:15:09.722,1.24087,1.24102,1.00,3.75
2016.04.19 22:15:10.225,1.24087,1.24102,1.00,4.12
2016.04.19 22:15:10.726,1.24087,1.24101,1.00,1.00
2016.04.19 22:15:12.835,1.24086,1.24101,1.50,1.00
2016.04.19 22:15:14.860,1.24087,1.24102,1.00,4.50
2016.04.19 22:15:15.942,1.24086,1.24101,1.50,1.12
2016.04.19 22:15:16.445,1.24086,1.24102,1.00,4.50
2016.04.19 22:15:17.349,1.24087,1.24101,1.00,1.37
2016.04.19 22:15:17.899,1.24086,1.24101,1.50,1.37
2016.04.19 22:15:18.405,1.24087,1.24101,1.00,2.25
2016.04.19 22:15:18.456,1.24086,1.24097,1.00,1.00
2016.04.19 22:15:18.608,1.24084,1.24098,1.50,1.00
2016.04.19 22:15:18.861,1.24084,1.241,1.00,2.25
2016.04.19 22:15:19.270,1.24085,1.24102,2.25,4.87
2016.04.19 22:15:20.980,1.24089,1.24102,1.00,1.87
2016.04.19 22:15:21.183,1.2409,1.24104,1.00,1.00
2016.04.19 22:15:21.537,1.24088,1.24102,2.25,1.00
2016.04.19 22:15:21.790,1.24084,1.241,1.00,2.25
2016.04.19 22:15:22.377,1.24083,1.24099,1.50,1.00
2016.04.19 22:15:22.883,1.24084,1.241,1.00,1.87
2016.04.19 22:15:23.450,1.24085,1.24101,1.50,1.50
2016.04.19 22:15:25.831,1.24084,1.24101,2.25,1.50
2016.04.19 22:15:26.336,1.24085,1.24101,1.50,1.50
2016.04.19 22:15:26.993,1.24085,1.24101,1.50,1.50
2016.04.19 22:15:27.938,1.24084,1.24101,3.00,1.75
2016.04.19 22:15:28.480,1.24084,1.241,1.50,2.25
2016.04.19 22:15:29.016,1.24085,1.24101,2.25,2.25
2016.04.19 22:15:33.339,1.24083,1.24099,2.25,1.00
2016.04.19 22:15:33.390,1.24083,1.24097,1.50,1.00
2016.04.19 22:15:34.347,1.24083,1.24098,1.50,1.00
2016.04.19 22:15:35.052,1.24083,1.24097,1.50,1.00
2016.04.19 22:15:37.259,1.24083,1.24098,1.50,1.00
2016.04.19 22:15:37.864,1.24083,1.24097,1.50,1.00
2016.04.19 22:15:38.566,1.24083,1.24098,1.50,1.00
2016.04.19 22:15:39.069,1.24083,1.24097,2.25,1.00
2016.04.19 22:15:39.571,1.24083,1.24098,2.25,1.00
2016.04.19 22:15:40.099,1.24083,1.24097,2.25,1.00
2016.04.19 22:15:40.906,1.24083,1.24098,2.25,1.00
2016.04.19 22:15:41.980,1.24083,1.24097,2.25,1.00
2016.04.19 22:15:42.893,1.24083,1.24098,2.25,1.00
2016.04.19 22:15:43.410,1.24083,1.24097,2.25,1.00
2016.04.19 22:15:45.615,1.24083,1.24098,1.50,1.12
2016.04.19 22:15:46.204,1.24083,1.24097,1.00,1.00
2016.04.19 22:15:46.758,1.24083,1.24096,1.00,1.00
2016.04.19 22:15:47.514,1.24082,1.24096,3.75,1.00
2016.04.19 22:15:49.553,1.24082,1.24097,3.00,1.00
2016.04.19 22:15:50.059,1.24082,1.24096,3.00,1.00
2016.04.19 22:15:57.751,1.24082,1.24097,3.00,1.00
2016.04.19 22:15:59.643,1.24084,1.24097,1.00,1.00
2016.04.19 22:15:59.694,1.24085,1.24099,1.00,1.12
2016.04.19 22:15:59.846,1.24085,1.24102,3.00,2.25
2016.04.19 22:16:01.006,1.24085,1.24101,1.50,1.00
2016.04.19 22:16:01.664,1.24085,1.241,1.50,1.00
2016.04.19 22:16:02.167,1.24085,1.24101,1.00,1.00
2016.04.19 22:16:02.770,1.24085,1.241,2.25,1.00
2016.04.19 22:16:03.312,1.24085,1.24101,2.25,1.00
2016.04.19 22:16:03.824,1.24085,1.241,2.25,1.00
2016.04.19 22:16:09.646,1.24085,1.24101,3.00,1.00
2016.04.19 22:16:10.172,1.24085,1.241,1.50,1.00
2016.04.19 22:16:10.639,1.24083,1.24099,1.50,1.37
2016.04.19 22:16:11.044,1.24083,1.24099,3.00,1.00
2016.04.19 22:16:11.578,1.24084,1.24099,1.00,1.50
2016.04.19 22:16:12.161,1.24083,1.24099,3.00,1.00
2016.04.19 22:16:12.830,1.24084,1.24099,1.00,1.50
2016.04.19 22:16:13.833,1.24083,1.24099,3.00,1.00
2016.04.19 22:16:18.159,1.24084,1.24099,1.00,1.00
2016.04.19 22:16:18.743,1.24083,1.24099,3.75,1.00
2016.04.19 22:16:21.950,1.24083,1.241,3.75,3.00
2016.04.19 22:16:22.966,1.24083,1.24099,3.75,1.00
2016.04.19 22:16:24.773,1.24083,1.241,3.75,3.00
2016.04.19 22:16:25.608,1.24083,1.24097,3.00,1.00
2016.04.19 22:16:25.912,1.24083,1.24095,1.50,1.00
2016.04.19 22:16:26.166,1.2408,1.24094,1.50,1.00
2016.04.19 22:16:26.816,1.2408,1.24096,2.25,1.00
2016.04.19 22:16:27.320,1.2408,1.24094,2.25,1.00
2016.04.19 22:16:27.868,1.2408,1.24095,2.25,1.00
2016.04.19 22:16:28.472,1.2408,1.24094,1.00,1.00
2016.04.19 22:16:28.948,1.2408,1.24096,2.25,1.00
2016.04.19 22:16:29.501,1.2408,1.24095,2.25,1.00
2016.04.19 22:16:30.228,1.2408,1.24094,2.25,1.00
2016.04.19 22:16:30.778,1.2408,1.24095,1.00,1.00
2016.04.19 22:16:31.279,1.2408,1.24094,1.00,1.00
2016.04.19 22:16:31.926,1.2408,1.24095,1.00,3.00
2016.04.19 22:16:32.427,1.2408,1.24094,1.00,1.00
2016.04.19 22:16:33.936,1.2408,1.24095,1.50,1.50
2016.04.19 22:16:34.038,1.2408,1.24092,1.00,1.00
2016.04.19 22:16:34.089,1.2408,1.24094,1.00,1.00
2016.04.19 22:16:34.140,1.2408,1.24091,1.00,1.00
2016.04.19 22:16:34.246,1.24079,1.24094,1.12,1.00
2016.04.19 22:16:34.787,1.24079,1.24095,3.37,1.00
2016.04.19 22:16:35.084,1.24079,1.24093,1.87,1.00
2016.04.19 22:16:35.378,1.24079,1.24096,1.12,2.62
2016.04.19 22:16:35.890,1.2408,1.24097,3.75,1.50
2016.04.19 22:16:37.093,1.2408,1.24096,3.00,1.00
2016.04.19 22:16:37.625,1.2408,1.24095,1.50,2.25
2016.04.19 22:16:43.644,1.2408,1.24096,1.50,3.75
2016.04.19 22:16:44.150,1.2408,1.24095,1.50,1.50
2016.04.19 22:16:46.621,1.2408,1.24096,1.50,3.75
2016.04.19 22:16:47.232,1.2408,1.24095,1.50,1.50
2016.04.19 22:16:48.548,1.2408,1.24092,1.50,1.00
2016.04.19 22:16:48.701,1.24077,1.24094,1.87,1.12
2016.04.19 22:16:48.752,1.24077,1.24092,1.87,1.00
2016.04.19 22:16:48.854,1.24078,1.24094,2.62,1.50
2016.04.19 22:16:49.431,1.24078,1.24094,1.87,1.00
2016.04.19 22:16:52.835,1.24078,1.24095,3.37,2.25
2016.04.19 22:16:53.540,1.24078,1.24095,3.37,1.50
2016.04.19 22:16:55.647,1.24078,1.24096,3.37,3.37
2016.04.19 22:16:56.193,1.24078,1.24095,3.37,1.50
2016.04.19 22:16:56.744,1.24078,1.24096,3.37,3.37
2016.04.19 22:16:57.357,1.24078,1.24095,3.37,1.00
2016.04.19 22:16:58.383,1.24078,1.24096,2.62,3.00
2016.04.19 22:16:59.007,1.24078,1.24095,2.62,2.25
2016.04.19 22:17:00.866,1.24078,1.24096,3.37,4.12
2016.04.19 22:17:01.373,1.24078,1.24095,2.62,2.25
2016.04.19 22:17:03.241,1.24078,1.24096,3.37,3.37
2016.04.19 22:17:03.862,1.24078,1.24095,3.37,1.50
2016.04.19 22:17:05.065,1.24078,1.24096,2.62,3.37
2016.04.19 22:17:05.585,1.24078,1.24095,2.62,1.50
2016.04.19 22:17:06.969,1.24078,1.24096,2.62,3.37
2016.04.19 22:17:07.484,1.24078,1.24095,2.62,1.50
2016.04.19 22:17:10.091,1.24078,1.24096,1.87,3.75
2016.04.19 22:17:12.095,1.24078,1.24095,2.62,2.25
2016.04.19 22:17:15.790,1.24078,1.24096,2.62,3.00
2016.04.19 22:17:16.291,1.24078,1.24095,2.62,2.25
2016.04.19 22:17:19.805,1.24078,1.24094,2.62,1.00
2016.04.19 22:17:20.354,1.24077,1.24094,3.37,1.00
2016.04.19 22:17:23.224,1.24077,1.24092,2.62,1.00
2016.04.19 22:17:23.732,1.24077,1.24093,2.62,1.00
2016.04.19 22:17:24.272,1.24078,1.24094,1.12,1.00
2016.04.19 22:17:24.777,1.24078,1.24094,1.37,1.00
2016.04.19 22:17:27.079,1.24078,1.24093,2.62,1.00
2016.04.19 22:17:29.441,1.24078,1.24089,1.87,1.00
2016.04.19 22:17:29.544,1.24077,1.24093,1.37,4.12
2016.04.19 22:17:29.595,1.24078,1.24093,1.12,4.12
2016.04.19 22:17:29.900,1.24077,1.24088,1.37,2.25
2016.04.19 22:17:30.001,1.24077,1.24089,1.37,1.00
2016.04.19 22:17:30.204,1.24078,1.24092,1.37,1.00
2016.04.19 22:17:30.407,1.24077,1.24094,1.87,1.00
2016.04.19 22:17:30.508,1.24082,1.24095,1.00,1.00
2016.04.19 22:17:30.828,1.24084,1.24098,1.00,1.00
2016.04.19 22:17:32.488,1.24084,1.24099,1.00,1.00
2016.04.19 22:17:32.991,1.24084,1.24098,1.00,1.00
2016.04.19 22:17:33.716,1.24084,1.24099,1.00,1.00
2016.04.19 22:17:34.404,1.24084,1.241,1.00,3.75
2016.04.19 22:17:34.920,1.24084,1.24099,1.00,1.50
2016.04.19 22:17:37.727,1.24084,1.241,1.00,1.50
2016.04.19 22:17:38.621,1.24084,1.24099,1.00,1.00
2016.04.19 22:17:40.253,1.24084,1.241,1.00,2.25
2016.04.19 22:17:40.424,1.24084,1.24098,1.00,1.00
2016.04.19 22:17:41.524,1.24084,1.241,1.00,3.00
2016.04.19 22:17:41.726,1.24081,1.24097,3.00,1.00
2016.04.19 22:17:42.030,1.24083,1.24098,1.00,1.50
2016.04.19 22:17:42.557,1.24083,1.24099,1.50,1.50
2016.04.19 22:17:43.060,1.24083,1.24098,1.50,1.50
2016.04.19 22:17:44.472,1.24083,1.24099,1.50,1.50
2016.04.19 22:17:45.065,1.24083,1.24098,1.50,1.00
2016.04.19 22:17:46.500,1.24083,1.24099,2.25,1.50
2016.04.19 22:17:47.022,1.24083,1.24098,2.25,1.00
2016.04.19 22:17:49.092,1.24083,1.24099,2.25,1.50
2016.04.19 22:17:49.679,1.24083,1.24098,2.25,1.00
2016.04.19 22:17:50.299,1.24083,1.24099,2.25,1.50
2016.04.19 22:17:51.315,1.24083,1.24098,2.25,1.00
2016.04.19 22:17:52.831,1.24083,1.24099,2.25,1.50
2016.04.19 22:17:53.441,1.24083,1.24098,2.25,1.00
2016.04.19 22:17:54.227,1.24083,1.24099,2.25,1.50
2016.04.19 22:17:54.731,1.24083,1.24098,2.25,1.00
2016.04.19 22:17:56.872,1.24083,1.24099,2.25,1.50
2016.04.19 22:17:57.483,1.24083,1.24098,2.25,1.00
2016.04.19 22:17:58.001,1.24083,1.24099,2.25,1.50
2016.04.19 22:17:58.646,1.24083,1.24098,2.25,1.00
2016.04.19 22:18:00.257,1.24083,1.24099,1.50,1.00
2016.04.19 22:18:00.792,1.24082,1.24098,3.00,1.12
2016.04.19 22:18:01.310,1.24082,1.24099,3.00,1.00
2016.04.19 22:18:03.075,1.24082,1.241,2.25,1.87
2016.04.19 22:18:03.578,1.24082,1.241,2.25,3.37
2016.04.19 22:18:04.484,1.24082,1.241,2.25,3.75
2016.04.19 22:18:05.006,1.24082,1.24099,2.25,1.00
2016.04.19 22:18:09.013,1.24082,1.241,1.00,4.50
2016.04.19 22:18:09.516,1.24082,1.24099,2.25,1.00
2016.04.19 22:18:10.030,1.24083,1.24099,1.50,1.00
2016.04.19 22:18:10.818,1.24083,1.241,2.25,2.25
2016.04.19 22:18:11.322,1.24083,1.24099,2.25,1.00
2016.04.19 22:18:12.630,1.24083,1.241,2.25,2.25
2016.04.19 22:18:13.237,1.24083,1.24099,2.25,1.00
2016.04.19 22:18:14.640,1.24083,1.241,2.25,2.25
2016.04.19 22:18:15.476,1.24083,1.24099,2.25,1.00
2016.04.19 22:18:16.596,1.24083,1.241,1.50,3.75
2016.04.19 22:18:17.247,1.24083,1.24099,1.50,1.00
2016.04.19 22:18:18.564,1.24083,1.241,1.50,3.75
2016.04.19 22:18:19.109,1.24083,1.24099,1.50,1.50
2016.04.19 22:18:23.238,1.24083,1.24098,1.50,1.12
2016.04.19 22:18:23.831,1.24083,1.24099,1.50,1.00
2016.04.19 22:18:24.358,1.24083,1.241,1.50,3.37
2016.04.19 22:18:25.016,1.24083,1.24099,1.50,1.00
2016.04.19 22:18:27.423,1.24083,1.241,1.50,3.37
2016.04.19 22:18:27.972,1.24083,1.24099,1.50,1.00
2016.04.19 22:18:30.678,1.24083,1.241,1.50,3.37
2016.04.19 22:18:31.190,1.24083,1.24099,1.50,1.00
2016.04.19 22:18:31.822,1.24083,1.241,1.50,1.12
2016.04.19 22:18:32.340,1.24083,1.24099,1.50,1.50
2016.04.19 22:18:34.702,1.24083,1.241,1.50,1.12
2016.04.19 22:18:35.465,1.24083,1.24099,1.50,1.00
2016.04.19 22:18:36.458,1.24084,1.24099,1.00,1.00
2016.04.19 22:18:38.494,1.24085,1.24099,1.50,1.50
2016.04.19 22:18:39.637,1.24084,1.24099,2.25,1.50
2016.04.19 22:18:40.338,1.24085,1.24099,1.50,1.50
2016.04.19 22:18:41.039,1.24084,1.24099,2.25,1.00
2016.04.19 22:18:42.053,1.24085,1.24099,1.50,1.50
2016.04.19 22:18:42.557,1.24084,1.24099,2.25,1.50
2016.04.19 22:18:43.651,1.24085,1.24099,1.50,1.00
2016.04.19 22:18:44.614,1.24084,1.24099,2.25,1.50
2016.04.19 22:18:45.536,1.24085,1.24099,1.50,1.00
2016.04.19 22:18:46.066,1.24084,1.24098,2.25,1.00
2016.04.19 22:18:46.622,1.24085,1.24098,1.50,1.00
2016.04.19 22:18:47.525,1.24084,1.24098,1.00,1.00
2016.04.19 22:18:48.063,1.24084,1.24099,1.00,1.50
2016.04.19 22:18:53.507,1.24083,1.24099,3.00,1.50
2016.04.19 22:18:56.057,1.24084,1.24099,1.00,1.00
2016.04.19 22:18:56.607,1.24084,1.241,1.00,3.75
2016.04.19 22:18:57.110,1.24084,1.24099,1.00,1.00
2016.04.19 22:18:57.708,1.24083,1.241,2.25,3.37
2016.04.19 22:18:58.471,1.24083,1.241,2.25,3.37
2016.04.19 22:18:58.986,1.24083,1.24098,2.25,1.00
2016.04.19 22:19:03.955,1.24083,1.24099,3.00,1.12
2016.04.19 22:19:10.014,1.24083,1.24098,1.00,1.00
2016.04.19 22:19:10.563,1.24083,1.24099,1.50,1.50
2016.04.19 22:19:19.128,1.24084,1.24099,1.00,1.00
2016.04.19 22:19:26.569,1.24083,1.24098,2.25,1.00
2016.04.19 22:19:26.974,1.24085,1.24099,1.50,1.50
2016.04.19 22:19:27.277,1.24089,1.24099,1.00,1.00
2016.04.19 22:19:27.846,1.24089,1.241,1.00,1.00
2016.04.19 22:19:28.099,1.24086,1.241,1.00,1.87
2016.04.19 22:19:28.635,1.24085,1.241,1.00,1.87
2016.04.19 22:19:29.435,1.24085,1.24099,1.50,1.00
2016.04.19 22:19:30.144,1.24085,1.241,1.50,1.87
2016.04.19 22:19:30.597,1.24088,1.24099,1.00,1.00
2016.04.19 22:19:31.327,1.24088,1.241,1.00,1.87
2016.04.19 22:19:31.842,1.24087,1.241,1.00,1.00
2016.04.19 22:19:32.493,1.24087,1.24099,1.00,1.00
2016.04.19 22:19:38.308,1.24086,1.241,1.00,1.37
2016.04.19 22:19:38.511,1.24085,1.241,1.50,3.00
2016.04.19 22:19:39.058,1.24085,1.24099,1.50,1.00
2016.04.19 22:19:39.993,1.24085,1.241,1.50,1.50
2016.04.19 22:19:40.612,1.24085,1.24099,1.50,1.00
2016.04.19 22:19:42.116,1.24085,1.241,1.50,3.00
2016.04.19 22:19:42.617,1.24085,1.24099,1.50,1.00
2016.04.19 22:19:43.119,1.24085,1.241,1.50,1.50
2016.04.19 22:19:43.711,1.24085,1.24099,1.00,1.00
2016.04.19 22:19:44.716,1.24085,1.241,1.00,1.00
2016.04.19 22:19:45.220,1.24085,1.24099,1.00,1.00
2016.04.19 22:19:45.771,1.24085,1.241,2.25,1.00
2016.04.19 22:19:46.303,1.24086,1.24099,1.00,1.00
2016.04.19 22:19:46.354,1.24089,1.241,1.00,1.00
2016.04.19 22:19:46.860,1.24087,1.24099,1.00,1.00
2016.04.19 22:19:47.827,1.24088,1.24102,1.00,2.62
2016.04.19 22:19:48.304,1.2409,1.24102,1.00,1.87
2016.04.19 22:19:48.985,1.2409,1.24103,1.00,2.62
2016.04.19 22:19:49.704,1.2409,1.24101,1.00,1.00
2016.04.19 22:19:50.502,1.2409,1.241,1.00,1.00
2016.04.19 22:19:51.081,1.2409,1.24101,1.00,1.00
2016.04.19 22:19:52.813,1.2409,1.241,1.00,1.00
2016.04.19 22:19:54.404,1.2409,1.24099,1.00,1.00
2016.04.19 22:19:55.073,1.2409,1.241,1.00,3.00
2016.04.19 22:19:55.688,1.2409,1.24099,1.00,1.00
2016.04.19 22:19:56.444,1.24089,1.24099,1.00,1.12
2016.04.19 22:19:57.485,1.24089,1.241,1.00,1.87
2016.04.19 22:19:57.788,1.24089,1.24098,1.00,1.00
2016.04.19 22:19:58.305,1.24088,1.24098,1.00,1.00
2016.04.19 22:19:58.807,1.24088,1.24099,1.00,1.00
2016.04.19 22:19:59.365,1.24088,1.24098,1.00,1.00
2016.04.19 22:20:00.217,1.24088,1.24099,1.00,1.00
2016.04.19 22:20:00.862,1.24088,1.24098,1.00,1.00
2016.04.19 22:20:01.548,1.24088,1.24099,1.00,1.00
2016.04.19 22:20:02.068,1.24084,1.24098,1.50,1.00
2016.04.19 22:20:02.271,1.24085,1.24096,1.00,1.00
2016.04.19 22:20:02.474,1.24085,1.24099,3.00,1.00
2016.04.19 22:20:03.241,1.24085,1.241,3.75,1.00
2016.04.19 22:20:03.744,1.24085,1.24099,3.75,1.00
2016.04.19 22:20:04.399,1.2409,1.24099,1.00,1.00
2016.04.19 22:20:04.551,1.24091,1.24104,1.00,1.00
2016.04.19 22:20:05.085,1.24092,1.24105,1.00,1.00
2016.04.19 22:20:05.624,1.24092,1.24106,1.00,1.00
2016.04.19 22:20:06.129,1.24092,1.24105,1.00,1.00
2016.04.19 22:20:08.806,1.24092,1.24107,1.00,2.44
2016.04.19 22:20:09.360,1.24092,1.24107,1.00,2.44
2016.04.19 22:20:10.020,1.24092,1.24107,1.00,1.69
2016.04.19 22:20:10.643,1.24092,1.24107,1.00,2.06
2016.04.19 22:20:11.162,1.24091,1.24107,1.00,1.69
2016.04.19 22:20:11.890,1.24091,1.24105,1.00,1.00
2016.04.19 22:20:12.797,1.24091,1.24106,1.00,1.00
2016.04.19 22:20:13.321,1.24091,1.24105,1.00,1.00
2016.04.19 22:20:13.850,1.24091,1.24106,1.00,1.00
2016.04.19 22:20:14.506,1.24091,1.24105,1.00,1.00
2016.04.19 22:20:15.857,1.24091,1.24105,1.00,1.87
2016.04.19 22:20:16.009,1.24089,1.24101,1.00,1.00
2016.04.19 22:20:16.157,1.24087,1.24102,1.50,1.00
2016.04.19 22:20:16.670,1.24087,1.24101,1.50,1.00
2016.04.19 22:20:17.665,1.24087,1.24102,1.50,1.00
2016.04.19 22:20:18.373,1.24087,1.24101,2.25,1.00
2016.04.19 22:20:18.881,1.24088,1.24103,2.25,1.00
2016.04.19 22:20:18.982,1.2409,1.24103,1.00,1.00
2016.04.19 22:20:19.083,1.2409,1.24105,2.25,1.00
2016.04.19 22:20:20.044,1.2409,1.24106,2.25,1.00
2016.04.19 22:20:20.546,1.2409,1.24105,1.00,1.00
2016.04.19 22:20:21.071,1.2409,1.24102,2.25,1.00
2016.04.19 22:20:21.172,1.2409,1.24104,1.00,1.12
2016.04.19 22:20:21.708,1.2409,1.24103,1.00,1.00
2016.04.19 22:20:23.928,1.2409,1.24104,1.00,1.12
2016.04.19 22:20:24.527,1.2409,1.24103,1.00,1.00
2016.04.19 22:20:25.825,1.2409,1.24104,1.00,1.12
2016.04.19 22:20:26.330,1.2409,1.24103,1.25,1.00
2016.04.19 22:20:27.332,1.2409,1.24104,1.25,1.12
2016.04.19 22:20:29.738,1.2409,1.24105,1.25,3.00
2016.04.19 22:20:30.266,1.2409,1.24104,1.25,1.00
2016.04.19 22:20:31.403,1.24089,1.24103,1.19,1.00
2016.04.19 22:20:31.555,1.24088,1.24102,1.50,1.50
2016.04.19 22:20:31.608,1.24088,1.241,1.00,1.50
2016.04.19 22:20:31.660,1.24086,1.241,1.00,1.50
2016.04.19 22:20:31.860,1.24085,1.24098,3.00,1.00
2016.04.19 22:20:32.721,1.24084,1.24098,3.19,1.00
2016.04.19 22:20:33.294,1.24085,1.24099,1.50,1.00
2016.04.19 22:20:33.796,1.24084,1.24098,3.19,1.00
2016.04.19 22:20:34.425,1.24085,1.24099,1.50,1.19
2016.04.19 22:20:34.902,1.24082,1.24098,1.25,1.25
2016.04.19 22:20:34.953,1.24085,1.24098,1.00,1.25
2016.04.19 22:20:35.054,1.24082,1.24099,1.25,2.06
2016.04.19 22:20:35.206,1.24085,1.24099,1.00,2.44
2016.04.19 22:20:35.411,1.24082,1.24099,1.25,2.44
2016.04.19 22:20:35.512,1.24085,1.24099,1.00,1.69
2016.04.19 22:20:35.715,1.24082,1.24099,1.25,1.69
2016.04.19 22:20:38.058,1.24083,1.24099,1.00,2.06
2016.04.19 22:20:38.595,1.24083,1.24099,1.00,1.87
2016.04.19 22:20:39.099,1.24084,1.241,1.50,3.75
2016.04.19 22:20:39.627,1.24085,1.241,6.19,1.00
2016.04.19 22:20:39.879,1.24085,1.24098,2.25,1.00
2016.04.19 22:20:41.036,1.24085,1.24099,2.25,1.25
2016.04.19 22:20:41.539,1.24085,1.24098,2.25,1.00
2016.04.19 22:20:42.090,1.24085,1.24099,1.00,1.25
2016.04.19 22:20:42.682,1.24085,1.24098,2.25,1.00
2016.04.19 22:20:43.215,1.24085,1.24099,2.25,1.00
2016.04.19 22:20:43.850,1.24085,1.24098,2.25,1.00
2016.04.19 22:20:45.017,1.24085,1.24099,3.75,1.00
2016.04.19 22:20:45.545,1.24085,1.24098,3.75,1.00
2016.04.19 22:20:46.095,1.24086,1.24098,1.00,1.00
2016.04.19 22:20:46.723,1.24085,1.24099,1.00,1.00
2016.04.19 22:20:47.317,1.24085,1.24098,1.00,1.00
2016.04.19 22:20:49.024,1.24085,1.24099,1.00,1.00
2016.04.19 22:20:51.332,1.24085,1.24098,1.00,1.00
2016.04.19 22:20:53.180,1.24085,1.24099,1.50,1.00
2016.04.19 22:20:53.690,1.24085,1.24098,1.00,1.00
2016.04.19 22:20:54.412,1.24085,1.24099,1.50,1.00
2016.04.19 22:20:55.395,1.24085,1.24098,1.00,1.00
2016.04.19 22:20:55.496,1.24082,1.24096,1.00,1.00
2016.04.19 22:20:56.014,1.24081,1.24095,1.50,2.25
2016.04.19 22:21:00.210,1.24081,1.24096,1.50,3.00
2016.04.19 22:21:00.798,1.24081,1.24093,1.00,1.00
2016.04.19 22:21:01.488,1.24081,1.24094,1.00,1.00
2016.04.19 22:21:01.997,1.2408,1.24094,1.69,1.00
2016.04.19 22:21:02.515,1.24081,1.24093,1.00,1.00
2016.04.19 22:21:03.065,1.24081,1.24094,1.00,1.00
2016.04.19 22:21:04.039,1.24082,1.24093,1.00,1.00
2016.04.19 22:21:05.020,1.24081,1.24093,1.00,1.00
2016.04.19 22:21:05.564,1.2408,1.24093,1.00,1.00
2016.04.19 22:21:06.806,1.2408,1.24094,1.00,1.50
2016.04.19 22:21:07.755,1.2408,1.24093,1.00,1.00
2016.04.19 22:21:09.783,1.2408,1.24093,1.00,1.19
2016.04.19 22:21:10.335,1.2408,1.24094,1.00,1.25
2016.04.19 22:21:11.000,1.24081,1.24094,1.19,1.00
2016.04.19 22:21:12.723,1.24081,1.24094,1.00,1.00
2016.04.19 22:21:13.316,1.24081,1.24095,1.00,1.00
2016.04.19 22:21:13.817,1.24081,1.24094,1.00,1.00
2016.04.19 22:21:14.547,1.24082,1.24094,1.00,1.00
2016.04.19 22:21:14.649,1.24084,1.24095,1.00,1.00
2016.04.19 22:21:14.977,1.24088,1.24098,1.00,1.00
2016.04.19 22:21:15.078,1.24089,1.241,1.00,1.00
2016.04.19 22:21:15.621,1.24088,1.241,1.19,1.00
2016.04.19 22:21:16.167,1.24088,1.24101,1.19,1.00
2016.04.19 22:21:16.963,1.24088,1.241,1.19,1.00
2016.04.19 22:21:18.019,1.24087,1.241,1.00,1.87
2016.04.19 22:21:18.204,1.24086,1.24095,1.00,1.00
2016.04.19 22:21:18.256,1.24082,1.24095,1.50,1.00
2016.04.19 22:21:18.762,1.24081,1.24094,1.00,1.00
2016.04.19 22:21:18.863,1.24079,1.24095,1.69,1.50
2016.04.19 22:21:19.388,1.24079,1.24094,2.44,1.00
2016.04.19 22:21:19.910,1.24079,1.24093,2.44,1.00
2016.04.19 22:21:20.798,1.24079,1.24094,2.44,1.00
2016.04.19 22:21:21.402,1.24079,1.24093,2.44,1.00
2016.04.19 22:21:22.218,1.24079,1.24092,1.69,1.00
2016.04.19 22:21:22.811,1.24079,1.24093,1.25,1.00
2016.04.19 22:21:23.321,1.24079,1.24092,1.25,1.00
2016.04.19 22:21:26.656,1.24078,1.24093,2.44,1.00
2016.04.19 22:21:27.536,1.24078,1.24092,2.44,1.00
2016.04.19 22:21:28.586,1.24078,1.24093,2.44,1.00
2016.04.19 22:21:29.088,1.24078,1.24092,2.44,1.00
2016.04.19 22:21:32.792,1.24078,1.24093,2.44,1.00
2016.04.19 22:21:33.701,1.24078,1.24092,1.69,1.00
2016.04.19 22:21:34.768,1.24078,1.24093,1.69,1.00
2016.04.19 22:21:35.494,1.24078,1.24092,1.19,1.00
2016.04.19 22:21:41.499,1.24078,1.24093,1.19,1.00
2016.04.19 22:21:42.606,1.24078,1.24092,1.19,1.00
2016.04.19 22:21:43.460,1.24078,1.24093,1.19,1.00
2016.04.19 22:21:44.710,1.24078,1.24092,1.19,1.00
2016.04.19 22:21:45.530,1.24078,1.24093,1.19,1.00
2016.04.19 22:21:46.038,1.24078,1.24092,1.19,1.00
2016.04.19 22:21:47.554,1.24078,1.24093,1.19,1.00
2016.04.19 22:21:48.133,1.24078,1.24092,1.19,1.00
2016.04.19 22:21:55.078,1.24078,1.24093,1.69,1.00
2016.04.19 22:21:56.107,1.24078,1.24092,1.19,1.00
2016.04.19 22:21:57.594,1.24078,1.24093,1.69,1.00
2016.04.19 22:21:58.297,1.24078,1.24092,1.69,1.00
2016.04.19 22:21:59.047,1.24079,1.24092,1.19,1.00
2016.04.19 22:22:01.205,1.24079,1.24094,1.19,1.62
2016.04.19 22:22:02.103,1.24079,1.24092,1.19,1.00
2016.04.19 22:22:02.703,1.24079,1.24093,1.19,1.00
2016.04.19 22:22:03.363,1.24079,1.24092,1.19,1.00
2016.04.19 22:22:04.404,1.24079,1.24093,1.19,1.00
2016.04.19 22:22:06.714,1.24079,1.24092,1.19,1.00
2016.04.19 22:22:07.324,1.24079,1.24093,1.19,1.00
2016.04.19 22:22:10.321,1.24079,1.24092,1.19,1.00
2016.04.19 22:22:15.180,1.24079,1.24094,1.19,1.25
2016.04.19 22:22:31.741,1.24079,1.24092,1.56,1.00
2016.04.19 22:22:32.450,1.24079,1.24092,1.19,1.37
2016.04.19 22:22:32.606,1.24076,1.24092,4.69,1.37
2016.04.19 22:22:34.321,1.24077,1.24092,2.44,1.00
2016.04.19 22:22:34.809,1.24078,1.24092,1.19,1.00
2016.04.19 22:22:37.855,1.24078,1.24094,1.19,1.56
2016.04.19 22:22:38.367,1.24078,1.24092,1.19,1.00
2016.04.19 22:22:38.948,1.24078,1.24094,1.69,1.56
2016.04.19 22:22:39.550,1.24078,1.24094,1.69,1.56
2016.04.19 22:22:44.681,1.24078,1.24094,1.69,1.56
2016.04.19 22:22:45.633,1.24078,1.24094,1.69,1.56
2016.04.19 22:22:46.634,1.24078,1.24094,1.69,1.56
2016.04.19 22:22:47.185,1.24078,1.24094,1.69,1.56
2016.04.19 22:22:48.903,1.24078,1.24094,1.69,1.56
2016.04.19 22:22:49.807,1.24078,1.24094,1.69,1.56
2016.04.19 22:22:52.662,1.24078,1.24094,1.69,1.56
2016.04.19 22:22:53.750,1.24078,1.24092,1.69,1.00
2016.04.19 22:22:56.404,1.24078,1.2409,1.19,1.00
2016.04.19 22:22:56.709,1.24074,1.2408,1.00,1.00
2016.04.19 22:22:56.760,1.24072,1.2408,1.00,1.00
2016.04.19 22:22:57.271,1.24071,1.24082,1.69,1.87
2016.04.19 22:22:58.749,1.24071,1.24082,1.69,1.87
2016.04.19 22:23:00.369,1.24071,1.24082,1.69,1.87
2016.04.19 22:23:01.878,1.24071,1.24079,1.25,1.00
2016.04.19 22:23:09.754,1.24071,1.2408,1.25,1.00
2016.04.19 22:23:14.256,1.24071,1.24083,1.25,1.87
2016.04.19 22:23:14.358,1.2407,1.24079,1.19,1.00
2016.04.19 22:23:14.510,1.24068,1.24079,1.00,1.37
2016.04.19 22:23:14.561,1.24066,1.24077,1.25,1.37
2016.04.19 22:23:14.968,1.24066,1.24072,1.25,1.00
2016.04.19 22:23:15.373,1.24061,1.2407,2.25,1.00
2016.04.19 22:23:15.575,1.24061,1.24072,2.62,1.00
2016.04.19 22:23:15.677,1.24062,1.24075,1.50,1.50
2016.04.19 22:23:15.728,1.24062,1.24079,1.50,1.19
2016.04.19 22:23:16.639,1.24064,1.2408,1.00,1.69
2016.04.19 22:23:16.942,1.24066,1.24081,1.00,1.50
2016.04.19 22:23:16.993,1.24068,1.24083,1.00,1.00
2016.04.19 22:23:17.381,1.24068,1.24081,1.00,1.00
2016.04.19 22:23:18.170,1.24068,1.24082,1.00,1.00
2016.04.19 22:23:18.675,1.24068,1.24081,1.00,1.00
2016.04.19 22:23:20.269,1.24068,1.24082,1.00,1.00
2016.04.19 22:23:20.778,1.24068,1.24081,1.87,1.00
2016.04.19 22:23:21.325,1.24068,1.24082,1.87,1.00
2016.04.19 22:23:21.782,1.24068,1.2408,1.12,1.00
2016.04.19 22:23:22.083,1.24068,1.24081,1.31,1.00
2016.04.19 22:23:22.633,1.24067,1.2408,2.81,1.00
2016.04.19 22:23:23.313,1.24067,1.24081,2.81,1.00
2016.04.19 22:23:24.088,1.24067,1.2408,2.81,1.00
2016.04.19 22:23:25.200,1.24067,1.24081,2.81,1.00
2016.04.19 22:23:25.742,1.24067,1.2408,2.81,1.00
2016.04.19 22:23:27.756,1.24068,1.24083,1.31,1.25
2016.04.19 22:23:28.263,1.24068,1.24084,1.31,1.00
2016.04.19 22:23:29.016,1.24068,1.24083,1.31,1.00
2016.04.19 22:23:29.829,1.24068,1.24084,1.31,1.00
2016.04.19 22:23:30.336,1.24068,1.24083,1.31,1.00
2016.04.19 22:23:30.857,1.24068,1.24084,1.31,1.00
2016.04.19 22:23:31.287,1.24068,1.24082,1.19,1.87
2016.04.19 22:23:31.629,1.24066,1.24079,2.85,1.37
2016.04.19 22:23:32.047,1.24066,1.24079,2.06,2.25
2016.04.19 22:23:32.673,1.24066,1.24078,1.12,1.87
2016.04.19 22:23:32.774,1.24066,1.24076,1.00,1.00
2016.04.19 22:23:33.114,1.24065,1.24075,1.22,1.00
2016.04.19 22:23:33.664,1.24065,1.24076,1.19,1.00
2016.04.19 22:23:34.210,1.24065,1.24075,1.24,1.00
2016.04.19 22:23:34.843,1.24065,1.24076,3.19,1.00
2016.04.19 22:23:36.048,1.24065,1.24075,3.19,1.00
2016.04.19 22:23:36.752,1.24065,1.24077,2.47,1.50
2016.04.19 22:23:37.512,1.24066,1.24081,2.10,1.87
2016.04.19 22:23:37.614,1.24068,1.24083,1.19,1.50
2016.04.19 22:23:38.122,1.24068,1.24082,1.19,1.00
2016.04.19 22:23:38.876,1.24068,1.24083,1.19,1.00
2016.04.19 22:23:39.475,1.24068,1.24082,1.19,1.00
2016.04.19 22:23:43.677,1.24066,1.24078,2.85,1.00
2016.04.19 22:23:43.890,1.24068,1.24085,1.69,3.75
2016.04.19 22:23:44.692,1.24068,1.24083,3.56,1.00
2016.04.19 22:23:45.508,1.24068,1.24082,2.81,1.00
2016.04.19 22:23:49.041,1.24067,1.24083,2.06,1.00
2016.04.19 22:23:49.590,1.24067,1.24082,1.56,1.00
2016.04.19 22:23:52.431,1.24067,1.24083,1.56,1.00
2016.04.19 22:23:52.932,1.24067,1.24082,1.56,1.00
2016.04.19 22:23:55.650,1.24067,1.24083,2.06,1.00
2016.04.19 22:23:56.363,1.24067,1.24082,1.56,1.00
2016.04.19 22:23:57.704,1.24069,1.24082,1.00,1.00
2016.04.19 22:23:57.806,1.24069,1.24085,1.19,3.56
2016.04.19 22:23:58.062,1.24071,1.24084,1.00,1.00
2016.04.19 22:23:58.166,1.24072,1.24084,1.19,1.00
2016.04.19 22:23:58.268,1.24072,1.24087,1.19,1.50
2016.04.19 22:23:59.037,1.24072,1.24087,1.25,1.00
2016.04.19 22:23:59.623,1.24073,1.24087,1.19,1.00
2016.04.19 22:24:00.424,1.24073,1.24088,1.19,1.00
2016.04.19 22:24:00.931,1.24073,1.24087,1.19,1.00
2016.04.19 22:24:01.886,1.24073,1.24086,1.69,1.00
2016.04.19 22:24:02.617,1.24077,1.24086,1.00,1.00
2016.04.19 22:24:02.820,1.24079,1.24089,1.25,1.00
2016.04.19 22:24:02.921,1.2408,1.24092,1.00,1.00
2016.04.19 22:24:03.023,1.2408,1.24094,2.25,1.00
2016.04.19 22:24:03.567,1.2408,1.24093,1.00,1.00
2016.04.19 22:24:05.913,1.2408,1.24094,2.25,1.00
2016.04.19 22:24:06.565,1.2408,1.24093,2.25,1.00
2016.04.19 22:24:09.973,1.2408,1.24094,2.25,1.00
2016.04.19 22:24:10.511,1.2408,1.24093,1.00,1.00
2016.04.19 22:24:11.041,1.2408,1.24094,2.25,1.00
2016.04.19 22:24:11.543,1.2408,1.24093,2.25,1.00
2016.04.19 22:24:13.595,1.2408,1.24094,2.25,1.00
2016.04.19 22:24:14.134,1.2408,1.24093,1.00,1.00
2016.04.19 22:24:14.904,1.2408,1.24094,2.25,1.00
2016.04.19 22:24:15.135,1.24081,1.24096,1.04,1.12
2016.04.19 22:24:15.641,1.24082,1.24096,1.25,1.50
2016.04.19 22:24:15.793,1.24081,1.24092,1.19,1.00
2016.04.19 22:24:16.152,1.24083,1.24092,1.04,1.00
2016.04.19 22:24:16.203,1.24083,1.24097,1.04,1.00
2016.04.19 22:24:16.639,1.24081,1.24097,1.19,1.50
2016.04.19 22:24:16.690,1.24081,1.24094,1.19,1.87
2016.04.19 22:24:17.095,1.24081,1.24094,1.19,1.50
2016.04.19 22:24:17.877,1.24081,1.24094,1.19,1.50
2016.04.19 22:24:18.741,1.24083,1.24094,1.04,1.50
2016.04.19 22:24:18.793,1.24083,1.24098,1.04,4.50
2016.04.19 22:24:19.234,1.2408,1.24097,4.31,1.00
2016.04.19 22:24:19.335,1.24081,1.24095,1.19,1.00
2016.04.19 22:24:19.639,1.24081,1.24094,1.19,1.50
2016.04.19 22:24:20.162,1.24083,1.24094,1.04,1.50
2016.04.19 22:24:20.213,1.24083,1.24098,1.04,1.50
2016.04.19 22:24:20.641,1.24081,1.24096,1.19,1.50
2016.04.19 22:24:20.692,1.24081,1.24095,1.19,1.50
2016.04.19 22:24:21.152,1.24081,1.24095,1.22,1.50
2016.04.19 22:24:21.203,1.24081,1.24099,1.22,3.00
2016.04.19 22:24:21.608,1.24081,1.24096,3.22,1.00
2016.04.19 22:24:21.659,1.24081,1.24096,3.19,1.50
2016.04.19 22:24:21.710,1.24081,1.24092,3.19,1.00
2016.04.19 22:24:22.303,1.24081,1.24095,3.19,1.37
2016.04.19 22:24:22.404,1.24082,1.24095,1.69,1.00
2016.04.19 22:24:22.455,1.24082,1.24097,1.72,1.50
2016.04.19 22:24:22.948,1.24083,1.24093,1.00,1.00
2016.04.19 22:24:23.406,1.2408,1.24097,2.44,2.25
2016.04.19 22:24:23.457,1.2408,1.24097,3.22,1.00
2016.04.19 22:24:23.862,1.2408,1.24095,1.22,1.00
2016.04.19 22:24:23.963,1.2408,1.24091,2.44,1.00
2016.04.19 22:24:25.228,1.24081,1.24094,1.19,1.00
2016.04.19 22:24:25.279,1.24081,1.24097,1.22,1.69
2016.04.19 22:24:25.753,1.2408,1.24095,4.69,3.19
2016.04.19 22:24:25.854,1.2408,1.24094,3.19,1.50
2016.04.19 22:24:26.931,1.24081,1.24095,1.19,1.69
2016.04.19 22:24:26.982,1.24081,1.24097,1.22,1.69
2016.04.19 22:24:27.466,1.2408,1.24094,2.44,2.25
2016.04.19 22:24:28.149,1.2408,1.24094,2.44,2.25
2016.04.19 22:24:28.720,1.2408,1.24094,2.44,2.25
2016.04.19 22:24:29.264,1.2408,1.24094,2.44,2.25
2016.04.19 22:24:29.823,1.2408,1.24094,2.44,2.25
2016.04.19 22:24:30.869,1.24082,1.24094,1.19,1.87
2016.04.19 22:24:30.971,1.24082,1.24097,1.22,1.69
2016.04.19 22:24:31.361,1.2408,1.24095,4.72,2.81
2016.04.19 22:24:31.467,1.2408,1.24095,3.19,3.56
2016.04.19 22:24:31.979,1.2408,1.24094,3.19,1.37
2016.04.19 22:24:32.080,1.2408,1.24097,3.97,1.69
2016.04.19 22:24:32.544,1.2408,1.24094,3.22,1.50
2016.04.19 22:24:32.595,1.2408,1.24093,3.19,1.37
2016.04.19 22:24:33.455,1.2408,1.24093,1.69,1.12
2016.04.19 22:24:34.015,1.2408,1.24093,3.19,1.37
2016.04.19 22:24:34.559,1.24081,1.24093,1.22,1.00
2016.04.19 22:24:34.610,1.24081,1.24097,1.22,1.19
2016.04.19 22:24:35.079,1.2408,1.24096,1.19,2.81
2016.04.19 22:24:35.608,1.2408,1.24093,1.19,1.12
2016.04.19 22:24:36.178,1.24081,1.24093,1.19,1.37
2016.04.19 22:24:36.778,1.2408,1.24093,2.44,1.00
2016.04.19 22:24:36.829,1.2408,1.24095,1.69,1.50
2016.04.19 22:24:36.881,1.2408,1.24098,1.72,3.75
2016.04.19 22:24:37.280,1.2408,1.24098,3.97,1.37
2016.04.19 22:24:37.381,1.2408,1.24095,3.19,3.00
2016.04.19 22:24:37.891,1.2408,1.24095,1.19,1.50
2016.04.19 22:24:39.395,1.24082,1.24095,1.19,1.12
2016.04.19 22:24:39.496,1.24082,1.24097,1.22,1.00
2016.04.19 22:24:39.980,1.2408,1.24096,1.19,1.87
2016.04.19 22:24:40.557,1.2408,1.24095,3.19,1.37
2016.04.19 22:24:40.994,1.24082,1.24097,1.22,1.25
2016.04.19 22:24:41.499,1.2408,1.24096,3.19,2.62
2016.04.19 22:24:42.211,1.2408,1.24095,3.94,2.62
2016.04.19 22:24:43.393,1.24082,1.24095,1.19,1.00
2016.04.19 22:24:43.509,1.24082,1.24097,1.22,1.25
2016.04.19 22:24:43.864,1.24081,1.24095,1.22,1.00
2016.04.19 22:24:44.016,1.2408,1.24095,4.31,3.37
2016.04.19 22:24:44.565,1.2408,1.24095,4.31,3.37
2016.04.19 22:24:47.034,1.24081,1.24096,1.19,1.50
2016.04.19 22:24:47.136,1.24081,1.24097,1.22,1.69
2016.04.19 22:24:47.515,1.2408,1.24095,2.47,1.37
2016.04.19 22:24:47.617,1.2408,1.24095,3.19,4.50
2016.04.19 22:24:48.171,1.2408,1.24094,1.19,1.37
2016.04.19 22:24:48.672,1.24081,1.24095,1.19,4.50
2016.04.19 22:24:49.022,1.24082,1.24095,1.19,1.00
2016.04.19 22:24:49.124,1.24082,1.24097,1.22,1.69
2016.04.19 22:24:49.602,1.24081,1.24095,1.19,3.37
2016.04.19 22:24:49.653,1.24081,1.24095,1.19,2.25
2016.04.19 22:24:51.329,1.24081,1.24097,1.72,1.69
2016.04.19 22:24:51.849,1.24081,1.24095,1.19,1.00
2016.04.19 22:24:51.951,1.24081,1.24093,1.19,1.37
2016.04.19 22:24:52.456,1.24081,1.24093,1.19,1.12
2016.04.19 22:24:53.324,1.24081,1.24095,1.22,1.87
2016.04.19 22:24:53.375,1.24081,1.24097,1.22,1.69
2016.04.19 22:24:53.827,1.24081,1.24095,1.69,3.00
2016.04.19 22:24:53.878,1.24081,1.24092,1.69,1.00
2016.04.19 22:24:54.577,1.24081,1.24094,1.19,1.37
2016.04.19 22:24:55.450,1.24081,1.24097,1.72,1.19
2016.04.19 22:24:55.914,1.24081,1.24095,1.69,1.00
2016.04.19 22:24:55.965,1.24081,1.24095,1.19,3.75
2016.04.19 22:24:56.532,1.24081,1.24093,1.19,1.37
2016.04.19 22:24:59.962,1.24083,1.24093,1.19,1.12
2016.04.19 22:25:00.335,1.24083,1.24095,1.22,2.62
2016.04.19 22:25:00.937,1.24083,1.24093,1.25,1.37
2016.04.19 22:25:01.700,1.24083,1.24093,1.25,1.12
2016.04.19 22:25:02.345,1.24083,1.24096,1.29,1.50
2016.04.19 22:25:02.864,1.24084,1.24093,1.00,1.00
2016.04.19 22:25:03.452,1.24084,1.24097,1.04,2.06
2016.04.19 22:25:03.503,1.24084,1.24097,1.04,1.69
2016.04.19 22:25:03.853,1.24084,1.24095,1.04,1.50
2016.04.19 22:25:03.955,1.24084,1.24093,1.00,1.37
2016.04.19 22:25:04.514,1.24084,1.24094,1.00,1.37
2016.04.19 22:25:04.840,1.24084,1.24094,1.04,1.37
2016.04.19 22:25:04.985,1.24082,1.24096,1.22,1.00
2016.04.19 22:25:05.349,1.2408,1.24095,2.44,2.62
2016.04.19 22:25:05.400,1.2408,1.24092,2.44,1.00
2016.04.19 22:25:05.738,1.24081,1.24093,1.19,1.12
2016.04.19 22:25:06.309,1.24081,1.24093,1.19,1.37
2016.04.19 22:25:06.818,1.24081,1.24093,1.19,1.12
2016.04.19 22:25:08.423,1.24081,1.24093,1.19,1.37
2016.04.19 22:25:10.424,1.24082,1.24093,1.19,1.00
2016.04.19 22:25:10.475,1.24082,1.24095,1.19,2.25
2016.04.19 22:25:10.576,1.24082,1.24095,1.22,1.00
2016.04.19 22:25:10.944,1.2408,1.24092,2.29,1.00
2016.04.19 22:25:11.163,1.2408,1.24092,2.25,1.00
2016.04.19 22:25:11.330,1.2408,1.24092,1.19,1.00
2016.04.19 22:25:11.781,1.24082,1.24095,1.00,2.25
2016.04.19 22:25:11.883,1.24082,1.24095,1.04,1.00
2016.04.19 22:25:12.339,1.24081,1.24094,1.19,1.50
2016.04.19 22:25:13.040,1.24081,1.24094,1.19,2.25
2016.04.19 22:25:13.490,1.24081,1.24095,1.72,1.00
2016.04.19 22:25:13.859,1.24081,1.24093,1.22,1.12
2016.04.19 22:25:13.961,1.24081,1.24093,1.19,1.12
2016.04.19 22:25:14.496,1.24081,1.24093,1.19,1.37
2016.04.19 22:25:16.383,1.24081,1.24095,1.69,1.50
2016.04.19 22:25:16.485,1.24081,1.24096,1.72,1.25
2016.04.19 22:25:16.898,1.24081,1.24093,1.22,1.00
2016.04.19 22:25:16.949,1.24081,1.24093,1.19,1.00
2016.04.19 22:25:17.494,1.24082,1.24096,1.22,1.25
2016.04.19 22:25:17.895,1.24081,1.24094,1.22,1.50
2016.04.19 22:25:17.946,1.24081,1.24094,1.19,1.50
2016.04.19 22:25:18.497,1.24081,1.24094,1.19,2.25
2016.04.19 22:25:18.999,1.24081,1.24093,1.19,1.12
2016.04.19 22:25:19.693,1.24082,1.24095,1.19,4.12
2016.04.19 22:25:19.794,1.24082,1.24095,1.22,1.00
2016.04.19 22:25:20.178,1.24081,1.24094,1.22,1.50
2016.04.19 22:25:20.279,1.24081,1.24094,1.19,1.50
2016.04.19 22:25:20.804,1.24081,1.24094,1.19,2.25
2016.04.19 22:25:21.308,1.24081,1.24094,1.19,2.25
2016.04.19 22:25:22.017,1.24081,1.24094,1.19,1.87
2016.04.19 22:25:22.079,1.24081,1.24094,1.19,2.25
2016.04.19 22:25:23.382,1.24081,1.24094,1.19,2.25
2016.04.19 22:25:24.616,1.24081,1.24094,1.19,2.25
2016.04.19 22:25:25.418,1.24081,1.24094,1.69,1.00
2016.04.19 22:25:25.469,1.24081,1.24094,1.72,1.00
2016.04.19 22:25:25.924,1.24081,1.24095,1.22,1.87
2016.04.19 22:25:25.975,1.24081,1.24094,1.19,1.37
2016.04.19 22:25:27.182,1.24081,1.24094,1.00,1.37
2016.04.19 22:25:27.233,1.24081,1.24094,1.00,1.00
2016.04.19 22:25:27.284,1.24081,1.24095,1.04,1.00
2016.04.19 22:25:27.748,1.24079,1.24093,1.72,1.00
2016.04.19 22:25:27.799,1.2408,1.24093,1.25,1.00
2016.04.19 22:25:28.323,1.24079,1.24092,1.69,1.00
2016.04.19 22:25:29.719,1.24079,1.24093,1.69,1.00
2016.04.19 22:25:30.220,1.24079,1.24092,1.69,1.00
2016.04.19 22:25:33.729,1.24079,1.24093,1.69,1.00
2016.04.19 22:25:35.779,1.2408,1.24095,2.47,2.62
2016.04.19 22:25:36.183,1.24079,1.24094,3.19,1.00
2016.04.19 22:25:36.285,1.2408,1.24092,1.25,1.00
2016.04.19 22:25:36.695,1.2408,1.24093,1.72,1.00
2016.04.19 22:25:36.746,1.2408,1.24095,3.22,1.50
2016.04.19 22:25:37.188,1.24087,1.24098,1.04,1.00
2016.04.19 22:25:37.290,1.24085,1.24098,1.12,1.87
2016.04.19 22:25:37.493,1.24085,1.241,4.50,2.62
2016.04.19 22:25:37.670,1.24088,1.24101,1.69,1.50
2016.04.19 22:25:37.975,1.24092,1.24105,1.29,1.00
2016.04.19 22:25:38.229,1.24092,1.24104,1.69,1.00
2016.04.19 22:25:38.969,1.24092,1.24107,1.69,1.00
2016.04.19 22:25:39.506,1.24092,1.24105,1.69,1.00
2016.04.19 22:25:40.300,1.24092,1.24106,1.69,1.00
2016.04.19 22:25:40.801,1.24092,1.24105,1.69,1.00
2016.04.19 22:25:42.372,1.24092,1.24106,1.69,1.00
2016.04.19 22:25:43.300,1.24093,1.24108,2.44,1.50
2016.04.19 22:25:43.819,1.24092,1.24105,1.69,1.00
2016.04.19 22:25:44.506,1.24093,1.24108,1.69,1.87
2016.04.19 22:25:44.556,1.24093,1.24108,1.50,2.06
2016.04.19 22:25:44.709,1.24091,1.24106,1.00,1.25
2016.04.19 22:25:44.911,1.2409,1.24102,1.69,1.12
2016.04.19 22:25:45.230,1.24089,1.24102,2.44,1.50
2016.04.19 22:25:45.577,1.24092,1.24104,1.22,1.00
2016.04.19 22:25:45.931,1.24093,1.24104,1.19,1.00
2016.04.19 22:25:46.336,1.24093,1.24104,1.25,1.00
2016.04.19 22:25:46.538,1.24094,1.24108,1.00,1.00
2016.04.19 22:25:47.015,1.24093,1.24107,1.69,1.50
2016.04.19 22:25:48.125,1.24093,1.24109,2.25,2.62
2016.04.19 22:25:48.518,1.24093,1.24107,1.50,1.00
2016.04.19 22:25:48.831,1.24093,1.24107,1.50,2.25
2016.04.19 22:25:49.126,1.24093,1.24109,1.50,3.94
2016.04.19 22:25:49.536,1.24093,1.24106,1.50,1.00
2016.04.19 22:25:49.840,1.24093,1.24104,1.50,1.00
2016.04.19 22:25:52.462,1.24093,1.24106,1.50,1.37
2016.04.19 22:25:52.665,1.24093,1.24108,2.25,1.69
2016.04.19 22:25:53.092,1.24093,1.24105,1.50,1.00
2016.04.19 22:25:53.628,1.24093,1.24104,1.50,1.00
2016.04.19 22:25:54.285,1.24093,1.24107,2.25,1.12
2016.04.19 22:25:54.742,1.24093,1.24105,1.50,1.00
2016.04.19 22:25:55.389,1.24093,1.24108,1.50,1.25
2016.04.19 22:25:55.751,1.24093,1.24106,1.50,1.00
2016.04.19 22:25:56.273,1.24093,1.24105,2.25,1.00
2016.04.19 22:25:56.374,1.24093,1.24108,2.25,1.69
2016.04.19 22:25:56.770,1.24093,1.24105,1.50,1.00
2016.04.19 22:25:57.490,1.24093,1.24108,2.25,2.44
2016.04.19 22:25:57.591,1.24093,1.24108,2.25,1.69
2016.04.19 22:25:57.878,1.24093,1.24108,2.44,1.50
2016.04.19 22:25:58.181,1.24094,1.24106,1.19,1.12
2016.04.19 22:25:58.692,1.24094,1.24106,1.19,1.37
2016.04.19 22:25:59.495,1.24094,1.24108,1.19,1.00
2016.04.19 22:25:59.859,1.24094,1.24106,1.19,1.00
2016.04.19 22:26:00.371,1.24094,1.24106,1.19,1.37
2016.04.19 22:26:01.900,1.24094,1.24109,1.69,1.69
2016.04.19 22:26:02.356,1.24095,1.24106,1.19,1.00
2016.04.19 22:26:02.883,1.24094,1.24106,1.19,1.37
2016.04.19 22:26:03.399,1.24094,1.24106,1.19,1.12
2016.04.19 22:26:03.989,1.24094,1.24106,1.19,1.37
2016.04.19 22:26:04.329,1.24094,1.24108,1.19,1.00
2016.04.19 22:26:04.745,1.24094,1.24106,1.19,1.00
2016.04.19 22:26:04.897,1.24093,1.24106,1.19,1.37
2016.04.19 22:26:05.327,1.24094,1.24108,1.19,2.62
2016.04.19 22:26:05.757,1.24094,1.24106,1.69,1.00
2016.04.19 22:26:06.294,1.24094,1.24106,1.19,1.37
2016.04.19 22:26:06.607,1.24094,1.24109,1.19,1.87
2016.04.19 22:26:07.057,1.24094,1.24105,1.19,1.00
2016.04.19 22:26:09.023,1.24094,1.24108,1.19,3.37
2016.04.19 22:26:09.483,1.24094,1.24106,1.19,1.00
2016.04.19 22:26:10.321,1.24094,1.24106,1.19,1.37
2016.04.19 22:26:10.822,1.24094,1.24106,1.19,1.12
2016.04.19 22:26:11.325,1.24094,1.24108,1.19,2.25
2016.04.19 22:26:11.427,1.24094,1.24108,1.19,1.00
2016.04.19 22:26:11.876,1.24094,1.24107,1.19,1.37
2016.04.19 22:26:12.423,1.24094,1.24107,1.19,1.37
2016.04.19 22:26:13.754,1.24094,1.24108,1.69,1.50
2016.04.19 22:26:14.218,1.24094,1.24105,1.69,1.00
2016.04.19 22:26:15.790,1.24094,1.24108,1.69,1.50
2016.04.19 22:26:16.156,1.24094,1.24106,1.69,1.00
2016.04.19 22:26:16.680,1.24094,1.24106,1.69,1.37
2016.04.19 22:26:17.186,1.24094,1.24107,1.69,1.50
2016.04.19 22:26:17.288,1.24094,1.24108,1.69,1.87
2016.04.19 22:26:17.692,1.24094,1.24105,1.69,1.00
2016.04.19 22:26:18.791,1.24094,1.24108,1.69,1.00
2016.04.19 22:26:19.221,1.24094,1.24105,1.69,1.00
2016.04.19 22:26:19.887,1.24094,1.24108,1.69,1.00
2016.04.19 22:26:20.247,1.24094,1.24106,1.69,1.00
2016.04.19 22:26:20.847,1.24094,1.24105,1.69,1.87
2016.04.19 22:26:21.823,1.24094,1.24108,1.69,1.50
2016.04.19 22:26:22.166,1.24094,1.24105,1.69,1.00
2016.04.19 22:26:23.228,1.24094,1.24108,1.69,1.00
2016.04.19 22:26:23.578,1.24094,1.24104,1.69,1.00
2016.04.19 22:26:27.715,1.24094,1.24107,1.19,1.00
2016.04.19 22:26:28.169,1.24094,1.24105,1.69,1.00
2016.04.19 22:26:29.721,1.24094,1.24107,1.19,1.00
2016.04.19 22:26:30.238,1.24094,1.24105,1.69,1.12
2016.04.19 22:26:30.844,1.24094,1.24107,1.69,1.00
2016.04.19 22:26:31.348,1.24094,1.24106,1.69,1.37
2016.04.19 22:26:32.223,1.24094,1.24107,1.69,1.87
2016.04.19 22:26:32.527,1.24095,1.24107,1.69,1.00
2016.04.19 22:26:32.724,1.24095,1.24106,1.19,1.00
2016.04.19 22:26:32.825,1.24094,1.24105,1.25,1.00
2016.04.19 22:26:33.568,1.24094,1.24107,1.25,1.00
2016.04.19 22:26:34.028,1.24094,1.24104,1.25,1.00
2016.04.19 22:26:34.577,1.24094,1.24108,1.25,2.25
2016.04.19 22:26:34.678,1.24094,1.24108,1.25,1.00
2016.04.19 22:26:35.010,1.24094,1.24104,1.25,1.00
2016.04.19 22:26:35.536,1.24094,1.24105,1.25,1.50
2016.04.19 22:26:35.587,1.24094,1.24107,1.25,1.00
2016.04.19 22:26:36.039,1.24094,1.24105,1.25,1.00
2016.04.19 22:26:36.564,1.24094,1.24107,1.25,1.00
2016.04.19 22:26:37.086,1.24094,1.24105,1.25,1.00
2016.04.19 22:26:37.586,1.24094,1.24108,1.25,1.50
2016.04.19 22:26:38.132,1.24094,1.24104,1.25,1.00
2016.04.19 22:26:38.594,1.24094,1.24107,1.25,1.00
2016.04.19 22:26:39.037,1.24094,1.24105,1.25,1.00
2016.04.19 22:26:39.538,1.24094,1.24107,1.19,1.37
2016.04.19 22:26:39.692,1.24095,1.24107,1.25,1.00
2016.04.19 22:26:40.020,1.24094,1.24105,1.19,1.00
2016.04.19 22:26:40.334,1.24095,1.24105,1.19,1.00
2016.04.19 22:26:40.896,1.24095,1.24107,1.19,1.00
2016.04.19 22:26:41.274,1.24095,1.24105,1.19,1.00
2016.04.19 22:26:41.593,1.24095,1.24103,1.19,1.00
2016.04.19 22:26:41.644,1.24093,1.24103,2.44,1.00
2016.04.19 22:26:42.108,1.24094,1.24105,1.00,1.00
2016.04.19 22:26:42.849,1.24095,1.24105,1.19,1.00
2016.04.19 22:26:47.169,1.24095,1.24104,1.19,1.00
2016.04.19 22:27:04.835,1.24094,1.24104,1.69,1.12
2016.04.19 22:27:06.836,1.24095,1.24107,1.19,1.37
2016.04.19 22:27:07.377,1.24095,1.24104,1.19,1.00
2016.04.19 22:27:08.046,1.24095,1.24105,1.19,1.00
2016.04.19 22:27:08.739,1.24095,1.24104,1.19,1.00
2016.04.19 22:27:12.566,1.24095,1.24107,1.19,1.87
2016.04.19 22:27:13.022,1.24097,1.24105,1.19,1.00
2016.04.19 22:27:13.458,1.24097,1.24107,1.19,1.00
2016.04.19 22:27:13.661,1.24104,1.24111,1.12,2.25
2016.04.19 22:27:13.763,1.24105,1.24111,1.50,1.00
2016.04.19 22:27:14.118,1.24108,1.24112,1.00,1.50
2016.04.19 22:27:14.171,1.24108,1.24114,1.00,1.00
2016.04.19 22:27:14.286,1.24106,1.24113,1.12,1.50
2016.04.19 22:27:14.439,1.24109,1.24115,1.19,1.50
2016.04.19 22:27:14.541,1.24105,1.24114,6.75,1.25
2016.04.19 22:27:14.592,1.24108,1.24112,1.50,1.50
2016.04.19 22:27:14.890,1.24105,1.24112,7.12,1.50
2016.04.19 22:27:15.782,1.24105,1.24113,1.12,1.50
2016.04.19 22:27:16.187,1.24108,1.24112,1.00,1.50
2016.04.19 22:27:16.288,1.24105,1.24112,5.62,1.50
2016.04.19 22:27:16.718,1.24106,1.24112,1.19,1.50
2016.04.19 22:27:17.293,1.24105,1.24113,2.25,1.50
2016.04.19 22:27:17.815,1.24105,1.24112,5.25,1.50
2016.04.19 22:27:18.153,1.24109,1.24113,1.19,1.50
2016.04.19 22:27:18.701,1.24105,1.24112,4.50,1.50
2016.04.19 22:27:19.055,1.24105,1.24113,1.19,1.50
2016.04.19 22:27:19.156,1.24105,1.24113,2.25,1.50
2016.04.19 22:27:19.621,1.24109,1.24112,1.50,2.25
2016.04.19 22:27:19.766,1.24107,1.24113,1.25,1.50
2016.04.19 22:27:19.818,1.24108,1.24113,1.19,1.50
2016.04.19 22:27:19.871,1.24108,1.24117,1.69,1.00
2016.04.19 22:27:19.922,1.24108,1.24115,1.69,1.00
2016.04.19 22:27:20.023,1.24106,1.24114,1.00,1.25
2016.04.19 22:27:20.075,1.24109,1.24115,1.00,1.19
2016.04.19 22:27:20.177,1.24104,1.24113,4.12,1.50
2016.04.19 22:27:20.682,1.24105,1.24112,1.50,1.50
2016.04.19 22:27:21.374,1.24104,1.24113,1.50,1.50
2016.04.19 22:27:21.910,1.24105,1.24112,2.25,1.50
2016.04.19 22:27:22.664,1.24107,1.24112,1.19,1.50
2016.04.19 22:27:22.766,1.24105,1.24112,1.50,1.50
2016.04.19 22:27:23.535,1.24107,1.24112,1.19,1.50
2016.04.19 22:27:23.889,1.24105,1.24112,1.50,1.50
2016.04.19 22:27:24.668,1.24106,1.24112,1.19,1.50
2016.04.19 22:27:26.834,1.24105,1.24112,3.00,1.50
2016.04.19 22:27:42.820,1.24107,1.24112,1.19,1.50
2016.04.19 22:27:42.923,1.24105,1.24112,3.00,1.50
2016.04.19 22:27:43.371,1.24107,1.24112,1.19,1.50
2016.04.19 22:27:43.474,1.24106,1.24112,1.00,1.50
2016.04.19 22:27:43.677,1.24107,1.24112,1.19,1.50
2016.04.19 22:27:44.113,1.24104,1.24112,1.12,1.50
2016.04.19 22:27:44.265,1.24101,1.24111,1.31,1.00
2016.04.19 22:27:44.782,1.24102,1.24112,1.00,2.62
2016.04.19 22:27:45.329,1.24101,1.24111,1.00,1.00
2016.04.19 22:27:47.382,1.24101,1.24111,1.00,1.37
2016.04.19 22:27:47.885,1.24101,1.24111,1.00,1.12
2016.04.19 22:27:48.453,1.24101,1.24111,1.00,1.37
2016.04.19 22:27:48.986,1.24101,1.24111,1.00,1.12
2016.04.19 22:27:49.544,1.24104,1.24111,1.00,1.12
2016.04.19 22:27:50.056,1.24105,1.2411,1.00,1.00
2016.04.19 22:27:50.561,1.24105,1.24111,1.00,1.00
2016.04.19 22:27:51.094,1.24105,1.24112,1.00,1.87
2016.04.19 22:27:51.748,1.24105,1.24112,1.00,1.87
2016.04.19 22:27:52.299,1.24105,1.24112,1.00,1.87
2016.04.19 22:27:54.862,1.24105,1.24112,1.00,1.87
2016.04.19 22:27:56.336,1.24105,1.24112,1.00,1.87
2016.04.19 22:27:56.916,1.24105,1.24112,1.00,1.87
2016.04.19 22:27:57.419,1.24105,1.24112,1.00,1.87
2016.04.19 22:27:58.019,1.24104,1.24112,1.00,1.87
2016.04.19 22:27:58.788,1.24104,1.24112,1.00,1.87
2016.04.19 22:27:59.781,1.24104,1.24112,1.00,1.87
2016.04.19 22:28:00.449,1.24104,1.24112,1.00,1.87
2016.04.19 22:28:01.077,1.24104,1.24112,1.00,1.87
2016.04.19 22:28:01.584,1.24104,1.24113,1.19,3.00
2016.04.19 22:28:02.147,1.24104,1.24113,1.00,4.50
2016.04.19 22:28:03.507,1.24104,1.24112,1.00,1.37
2016.04.19 22:28:04.407,1.24104,1.24112,1.00,1.37
2016.04.19 22:28:12.415,1.24104,1.24111,1.00,1.00
2016.04.19 22:28:12.686,1.241,1.24111,2.44,1.00
2016.04.19 22:28:13.293,1.241,1.24111,2.25,1.00
2016.04.19 22:28:13.868,1.24101,1.2411,1.00,1.00
2016.04.19 22:28:15.534,1.241,1.24111,1.00,1.00
2016.04.19 22:28:15.671,1.24101,1.24111,1.19,1.00
2016.04.19 22:28:16.214,1.24102,1.24112,1.00,1.87
2016.04.19 22:28:16.720,1.24102,1.24112,1.00,1.87
2016.04.19 22:28:17.265,1.24102,1.2411,1.00,1.00
2016.04.19 22:28:19.247,1.24102,1.24111,1.00,1.00
2016.04.19 22:28:19.759,1.24102,1.2411,1.00,1.00
2016.04.19 22:28:20.726,1.24101,1.2411,1.00,1.00
2016.04.19 22:28:21.093,1.24101,1.2411,1.19,1.00
2016.04.19 22:28:22.262,1.24101,1.24112,1.19,1.87
2016.04.19 22:28:23.367,1.24101,1.24112,1.19,1.87
2016.04.19 22:28:23.933,1.241,1.24112,2.44,1.87
2016.04.19 22:28:26.186,1.241,1.24112,1.69,1.87
2016.04.19 22:28:26.691,1.24099,1.24112,3.19,1.87
2016.04.19 22:28:29.047,1.241,1.24112,1.69,1.87
2016.04.19 22:28:29.596,1.241,1.24112,1.69,1.87
2016.04.19 22:28:30.851,1.241,1.24112,1.69,1.87
2016.04.19 22:28:31.412,1.241,1.24112,1.69,1.87
2016.04.19 22:28:31.954,1.241,1.24112,1.50,1.87
2016.04.19 22:28:32.472,1.24099,1.24112,2.25,3.00
2016.04.19 22:28:33.059,1.241,1.24112,1.50,3.00
2016.04.19 22:28:34.731,1.241,1.24112,1.50,3.00
2016.04.19 22:28:35.362,1.241,1.24112,1.50,3.00
2016.04.19 22:28:35.614,1.24099,1.24112,3.19,3.00
2016.04.19 22:28:38.045,1.24099,1.24111,1.00,1.37
2016.04.19 22:28:39.432,1.24099,1.24111,1.19,1.37
2016.04.19 22:28:40.477,1.24099,1.24111,1.19,1.12
2016.04.19 22:28:40.533,1.24099,1.24111,1.25,1.12
2016.04.19 22:28:40.684,1.24099,1.24111,1.19,1.12
2016.04.19 22:28:40.898,1.24099,1.24111,1.25,1.37
2016.04.19 22:28:41.430,1.24099,1.24111,1.19,1.37
2016.04.19 22:28:41.933,1.24099,1.24111,1.19,1.12
2016.04.19 22:28:42.483,1.24099,1.24111,1.19,1.37
2016.04.19 22:28:43.053,1.24099,1.24111,1.19,1.12
2016.04.19 22:28:43.555,1.24099,1.24111,1.19,1.37
2016.04.19 22:28:44.056,1.24099,1.24111,1.19,1.12
2016.04.19 22:28:44.574,1.24099,1.24111,1.25,1.37
2016.04.19 22:28:44.726,1.241,1.24111,1.19,1.37
2016.04.19 22:28:45.410,1.241,1.24111,1.19,1.37
2016.04.19 22:28:45.912,1.241,1.24111,1.19,1.37
2016.04.19 22:28:49.347,1.241,1.24111,2.44,1.50
2016.04.19 22:28:50.305,1.241,1.24111,2.44,1.50
2016.04.19 22:28:53.329,1.241,1.24111,1.19,1.37
2016.04.19 22:28:54.121,1.241,1.24111,1.19,1.37
2016.04.19 22:28:54.736,1.241,1.24111,1.19,1.37
2016.04.19 22:28:55.284,1.241,1.24111,2.44,1.37
2016.04.19 22:28:57.139,1.241,1.24111,2.44,1.37
2016.04.19 22:28:59.557,1.241,1.24111,1.19,1.37
2016.04.19 22:28:59.936,1.24099,1.2411,2.25,1.37
2016.04.19 22:29:00.472,1.24099,1.2411,1.00,2.06
2016.04.19 22:29:02.436,1.24099,1.2411,1.19,1.87
2016.04.19 22:29:02.939,1.24099,1.24109,1.19,1.00
2016.04.19 22:29:04.170,1.24099,1.2411,1.19,1.50
2016.04.19 22:29:05.100,1.24099,1.2411,1.19,1.50
2016.04.19 22:29:05.601,1.24099,1.2411,1.19,1.50
2016.04.19 22:29:06.104,1.24099,1.2411,1.19,1.50
2016.04.19 22:29:08.306,1.24099,1.2411,1.69,1.12
2016.04.19 22:29:08.842,1.24099,1.2411,1.69,1.37
2016.04.19 22:29:09.457,1.24099,1.2411,1.69,1.12
2016.04.19 22:29:12.231,1.24099,1.24111,1.69,1.37
2016.04.19 22:29:13.025,1.24099,1.24111,1.69,1.37
2016.04.19 22:29:13.564,1.24099,1.24111,1.69,1.37
2016.04.19 22:29:14.841,1.24099,1.24111,1.69,1.37
2016.04.19 22:29:16.228,1.24099,1.24111,1.69,1.37
2016.04.19 22:29:17.649,1.24099,1.24109,1.50,1.00
2016.04.19 22:29:18.199,1.24099,1.24109,1.69,1.00
2016.04.19 22:29:18.402,1.24104,1.24112,1.00,2.44
2016.04.19 22:29:18.453,1.24101,1.24112,1.00,1.69
2016.04.19 22:29:18.998,1.241,1.24109,2.25,1.00
2016.04.19 22:29:19.542,1.241,1.24108,2.25,1.00
2016.04.19 22:29:20.423,1.241,1.24109,1.00,1.00
2016.04.19 22:29:20.953,1.24099,1.24109,1.50,1.00
2016.04.19 22:29:21.504,1.24099,1.24108,1.50,1.00
2016.04.19 22:29:23.413,1.24099,1.24109,1.50,1.00
2016.04.19 22:29:23.952,1.24099,1.24108,1.50,1.00
2016.04.19 22:29:25.304,1.24099,1.24109,1.50,1.00
2016.04.19 22:29:25.835,1.24099,1.24108,1.50,1.00
2016.04.19 22:29:29.942,1.24099,1.24109,1.50,1.00
2016.04.19 22:29:30.471,1.24099,1.24108,1.50,1.00
2016.04.19 22:29:31.828,1.24099,1.24109,1.50,1.00
2016.04.19 22:29:32.718,1.24099,1.24108,1.50,1.00
2016.04.19 22:29:33.872,1.24099,1.24109,1.50,1.00
2016.04.19 22:29:34.730,1.24099,1.24108,1.50,1.00
2016.04.19 22:29:35.139,1.24099,1.2411,1.50,1.00
2016.04.19 22:29:36.392,1.24099,1.24109,1.50,1.00
2016.04.19 22:29:36.994,1.24099,1.2411,1.50,3.00
2016.04.19 22:29:37.500,1.24099,1.24109,1.50,1.00
2016.04.19 22:29:38.926,1.24099,1.2411,1.50,3.00
2016.04.19 22:29:39.484,1.24099,1.24109,1.50,1.00
2016.04.19 22:29:40.800,1.24099,1.2411,1.00,3.00
2016.04.19 22:29:41.324,1.24099,1.24109,1.00,1.00
2016.04.19 22:29:42.803,1.24099,1.2411,1.00,3.00
2016.04.19 22:29:43.341,1.24099,1.24109,1.00,1.00
2016.04.19 22:29:44.291,1.24099,1.2411,1.25,1.50
2016.04.19 22:29:45.145,1.24099,1.24109,1.25,1.00
2016.04.19 22:29:46.601,1.24099,1.2411,1.25,3.00
2016.04.19 22:29:47.112,1.24099,1.24109,1.25,1.00
2016.04.19 22:29:47.658,1.24099,1.24108,1.25,1.00
2016.04.19 22:29:50.169,1.24099,1.2411,1.00,1.00
2016.04.19 22:29:50.271,1.24097,1.2411,2.62,1.50
2016.04.19 22:29:50.416,1.24098,1.24105,1.87,1.00
2016.04.19 22:29:50.723,1.24098,1.24103,1.12,1.00
2016.04.19 22:29:51.135,1.24096,1.24103,1.00,1.00
2016.04.19 22:29:51.186,1.24094,1.24103,3.00,1.00
2016.04.19 22:29:51.237,1.24094,1.24101,1.50,1.00
2016.04.19 22:29:51.802,1.24092,1.241,1.19,1.00
2016.04.19 22:29:51.853,1.24092,1.24103,1.19,1.00
2016.04.19 22:29:51.921,1.24093,1.24103,1.19,1.00
2016.04.19 22:29:52.231,1.24092,1.241,1.00,2.25
2016.04.19 22:29:52.738,1.24091,1.24098,1.19,1.00
2016.04.19 22:29:53.240,1.24091,1.24098,1.00,1.00
2016.04.19 22:29:53.496,1.24092,1.241,1.00,1.00
2016.04.19 22:29:54.004,1.24092,1.24101,1.00,1.00
2016.04.19 22:29:54.207,1.24094,1.24102,1.00,1.00
2016.04.19 22:29:54.539,1.24092,1.24103,2.44,1.00
2016.04.19 22:29:55.045,1.24092,1.24104,1.50,1.50
2016.04.19 22:29:55.096,1.24092,1.24102,1.00,1.00
2016.04.19 22:29:55.602,1.24091,1.24101,1.00,1.50
2016.04.19 22:29:56.114,1.24091,1.24098,1.00,1.50
2016.04.19 22:29:56.621,1.24092,1.24101,1.00,1.12
2016.04.19 22:29:57.934,1.24091,1.24101,1.00,1.12
2016.04.19 22:29:58.366,1.24093,1.24101,1.00,1.00
2016.04.19 22:29:58.417,1.24091,1.24101,1.00,1.00
2016.04.19 22:29:58.522,1.24092,1.24099,1.00,1.00
2016.04.19 22:29:58.733,1.24092,1.24104,3.00,1.00
2016.04.19 22:29:58.936,1.24094,1.24104,1.00,1.00
2016.04.19 22:29:59.442,1.24094,1.24105,1.00,1.50
2016.04.19 22:30:01.048,1.24094,1.24104,1.00,1.00
2016.04.19 22:30:01.595,1.24094,1.24105,1.00,1.50
2016.04.19 22:30:02.128,1.24094,1.24104,1.00,1.00
2016.04.19 22:30:03.483,1.24094,1.24105,1.00,1.50
2016.04.19 22:30:04.240,1.24094,1.24104,1.00,1.00
2016.04.19 22:30:05.117,1.24092,1.24104,1.00,1.00
2016.04.19 22:30:05.685,1.24092,1.24106,1.00,2.25
2016.04.19 22:30:06.036,1.2409,1.24103,3.00,1.00
2016.04.19 22:30:06.188,1.24089,1.24103,1.25,4.12
2016.04.19 22:30:06.492,1.24085,1.24097,1.50,1.00
2016.04.19 22:30:06.846,1.24083,1.24095,1.00,1.50
2016.04.19 22:30:08.567,1.24083,1.24096,1.00,2.25
2016.04.19 22:30:09.092,1.24083,1.24095,1.00,1.50
2016.04.19 22:30:09.593,1.24083,1.24096,1.00,2.25
2016.04.19 22:30:10.276,1.24083,1.24095,1.00,1.50
2016.04.19 22:30:10.804,1.24083,1.24096,1.00,2.25
2016.04.19 22:30:11.539,1.24083,1.24095,1.00,1.50
2016.04.19 22:30:12.044,1.24083,1.24096,1.00,1.50
2016.04.19 22:30:12.563,1.24083,1.24095,1.00,1.50
2016.04.19 22:30:12.829,1.24085,1.24099,4.31,1.00
2016.04.19 22:30:12.930,1.24085,1.24097,2.44,1.00
2016.04.19 22:30:13.133,1.24086,1.24099,1.00,1.00
2016.04.19 22:30:13.694,1.24087,1.24098,1.00,1.00
2016.04.19 22:30:13.746,1.24085,1.24098,2.44,1.00
2016.04.19 22:30:14.253,1.24085,1.24099,2.25,1.50
2016.04.19 22:30:14.760,1.24085,1.24098,2.25,1.50
2016.04.19 22:30:15.310,1.24084,1.24098,2.44,1.00
2016.04.19 22:30:15.839,1.24085,1.24098,1.50,1.50
2016.04.19 22:30:16.241,1.24087,1.24097,1.00,1.00
2016.04.19 22:30:16.770,1.24087,1.24098,1.00,1.00
2016.04.19 22:30:17.281,1.24087,1.24097,1.00,1.00
2016.04.19 22:30:17.585,1.24087,1.24099,1.19,1.50
2016.04.19 22:30:18.103,1.24087,1.24099,1.19,1.37
2016.04.19 22:30:20.295,1.24087,1.24099,1.19,1.87
2016.04.19 22:30:20.800,1.24087,1.24099,1.19,1.87
2016.04.19 22:30:21.308,1.24087,1.24097,1.19,1.00
2016.04.19 22:30:21.611,1.24087,1.24099,1.19,1.00
2016.04.19 22:30:22.168,1.24087,1.24098,1.19,1.00
2016.04.19 22:30:22.697,1.24087,1.24099,1.19,1.00
2016.04.19 22:30:23.323,1.24087,1.24098,1.19,1.00
2016.04.19 22:30:23.828,1.24087,1.24099,1.31,1.00
2016.04.19 22:30:24.365,1.24087,1.24099,2.06,1.00
2016.04.19 22:30:24.716,1.24087,1.24101,1.31,1.50
2016.04.19 22:30:25.129,1.24087,1.24099,1.31,1.00
2016.04.19 22:30:25.378,1.24087,1.24099,1.31,1.00
2016.04.19 22:30:25.881,1.24087,1.241,1.31,1.00
2016.04.19 22:30:26.420,1.24087,1.24099,2.06,1.00
2016.04.19 22:30:26.973,1.24089,1.24099,1.00,1.00
2016.04.19 22:30:28.004,1.24089,1.241,1.00,1.00
2016.04.19 22:30:28.538,1.24089,1.24099,1.00,1.00
2016.04.19 22:30:29.923,1.24089,1.24099,1.19,1.00
2016.04.19 22:30:30.718,1.24089,1.24101,1.19,1.37
2016.04.19 22:30:31.243,1.24089,1.24101,1.19,1.37
2016.04.19 22:30:32.146,1.24089,1.24101,1.19,1.37
2016.04.19 22:30:32.729,1.24089,1.24101,1.19,1.37
2016.04.19 22:30:34.827,1.24087,1.241,1.25,1.87
2016.04.19 22:30:35.232,1.24089,1.241,1.00,2.25
2016.04.19 22:30:35.738,1.2409,1.24101,1.25,1.00
2016.04.19 22:30:36.555,1.2409,1.24102,2.44,2.25
2016.04.19 22:30:37.070,1.2409,1.24101,1.25,1.00
2016.04.19 22:30:37.686,1.2409,1.24102,2.44,1.87
2016.04.19 22:30:38.668,1.2409,1.24102,2.44,1.87
2016.04.19 22:30:39.719,1.2409,1.24102,1.25,1.87
2016.04.19 22:30:40.242,1.2409,1.24102,2.44,1.87
2016.04.19 22:30:42.374,1.24091,1.24102,1.00,2.62
2016.04.19 22:30:42.888,1.24091,1.24102,1.00,2.62
2016.04.19 22:30:44.031,1.24091,1.24101,1.00,1.00
2016.04.19 22:30:44.731,1.24091,1.241,1.00,1.00
2016.04.19 22:30:45.404,1.24091,1.24101,1.00,1.50
2016.04.19 22:30:46.054,1.24091,1.241,1.00,1.00
2016.04.19 22:30:47.137,1.24091,1.24101,1.00,1.50
2016.04.19 22:30:48.016,1.24091,1.241,1.00,1.00
2016.04.19 22:30:48.818,1.24091,1.24101,1.00,1.50
2016.04.19 22:30:49.656,1.24091,1.241,1.00,1.00
2016.04.19 22:30:51.129,1.24091,1.24101,1.00,1.50
2016.04.19 22:30:52.063,1.24091,1.241,1.00,1.00
2016.04.19 22:30:52.790,1.24089,1.241,3.19,1.00
2016.04.19 22:30:53.296,1.24089,1.24099,1.00,1.50
2016.04.19 22:30:53.959,1.24089,1.241,1.25,1.50
2016.04.19 22:30:55.063,1.24089,1.24101,1.25,1.00
2016.04.19 22:30:55.960,1.24089,1.241,1.25,1.00
2016.04.19 22:30:57.166,1.24089,1.24101,1.25,1.00
2016.04.19 22:30:58.170,1.24089,1.241,1.25,1.00
2016.04.19 22:30:58.722,1.24089,1.24101,1.25,1.00
2016.04.19 22:30:59.268,1.2409,1.241,1.00,1.00
2016.04.19 22:31:02.204,1.2409,1.24099,1.25,1.00
2016.04.19 22:31:08.763,1.24093,1.24099,1.00,1.00
2016.04.19 22:31:09.068,1.24097,1.24101,1.00,1.00
2016.04.19 22:31:09.205,1.24093,1.24101,1.00,1.00
2016.04.19 22:31:09.723,1.24093,1.24102,1.00,1.50
2016.04.19 22:31:14.238,1.24094,1.24102,1.00,1.50
2016.04.19 22:31:23.141,1.24095,1.24104,1.50,1.00
2016.04.19 22:31:23.842,1.24095,1.24106,1.69,1.87
2016.04.19 22:31:24.553,1.24095,1.24106,1.25,1.50
2016.04.19 22:31:25.097,1.24095,1.24106,1.19,1.50
2016.04.19 22:31:25.619,1.24095,1.24106,2.25,1.50
2016.04.19 22:31:25.882,1.24095,1.24106,2.44,1.50
2016.04.19 22:31:26.085,1.24095,1.24106,1.00,1.50
2016.04.19 22:31:26.237,1.24095,1.24106,2.25,1.37
2016.04.19 22:31:26.338,1.24095,1.24106,2.44,1.50
2016.04.19 22:31:26.632,1.24095,1.24106,3.19,1.50
2016.04.19 22:31:27.551,1.24095,1.24107,3.19,1.12
2016.04.19 22:31:28.057,1.24095,1.24107,3.19,1.37
2016.04.19 22:31:28.606,1.24095,1.24107,3.19,1.37
2016.04.19 22:31:29.152,1.24095,1.24107,3.19,1.37
2016.04.19 22:31:29.655,1.24095,1.24107,3.19,1.37
2016.04.19 22:31:30.260,1.24095,1.24107,1.69,1.37
2016.04.19 22:31:31.264,1.24095,1.24107,1.69,1.37
2016.04.19 22:31:32.715,1.24095,1.24107,1.69,1.37
2016.04.19 22:31:33.394,1.24095,1.24107,1.69,1.37
2016.04.19 22:31:34.012,1.24095,1.24107,3.19,1.37
2016.04.19 22:31:34.822,1.24095,1.24107,1.69,1.37
2016.04.19 22:31:35.414,1.24095,1.24107,3.19,1.37
2016.04.19 22:31:36.341,1.24095,1.24107,2.44,1.37
2016.04.19 22:31:36.442,1.24096,1.24107,1.19,1.37
2016.04.19 22:31:37.417,1.24096,1.24105,1.69,1.00
2016.04.19 22:31:37.679,1.24096,1.24105,1.25,1.00
2016.04.19 22:31:38.192,1.24096,1.24106,1.19,1.12
2016.04.19 22:31:39.433,1.24096,1.24106,1.19,1.37
2016.04.19 22:31:41.439,1.24096,1.24106,1.69,1.12
2016.04.19 22:31:43.444,1.24096,1.24106,1.69,1.37
2016.04.19 22:31:44.466,1.24096,1.24106,1.69,1.12
2016.04.19 22:31:44.999,1.24096,1.24106,1.69,1.37
2016.04.19 22:31:47.669,1.24096,1.24106,1.69,1.12
2016.04.19 22:31:48.198,1.24096,1.24106,1.19,1.37
2016.04.19 22:31:48.299,1.24096,1.24107,1.19,1.12
2016.04.19 22:31:48.760,1.24096,1.24107,1.19,1.37
2016.04.19 22:31:48.862,1.24096,1.24107,1.00,1.37
2016.04.19 22:31:49.413,1.24096,1.24105,1.19,1.00
2016.04.19 22:31:51.117,1.24096,1.24106,1.19,1.00
2016.04.19 22:31:51.646,1.24095,1.24105,1.19,1.00
2016.04.19 22:31:51.697,1.24095,1.24107,1.19,2.25
2016.04.19 22:31:51.900,1.24095,1.24105,2.44,1.00
2016.04.19 22:31:52.405,1.24095,1.24105,2.25,1.00
2016.04.19 22:31:52.934,1.24095,1.24106,2.25,1.00
2016.04.19 22:31:53.426,1.24092,1.24104,1.00,1.00
2016.04.19 22:32:02.903,1.24092,1.24103,1.00,1.00
2016.04.19 22:32:03.443,1.24092,1.24104,1.00,1.50
2016.04.19 22:32:03.966,1.24092,1.24103,1.00,1.00
2016.04.19 22:32:04.157,1.2409,1.24103,1.00,1.50
2016.04.19 22:32:04.914,1.2409,1.24102,2.25,1.00
2016.04.19 22:32:05.420,1.2409,1.24103,1.00,1.00
2016.04.19 22:32:05.926,1.2409,1.24103,2.44,1.37
2016.04.19 22:32:06.716,1.2409,1.24103,1.25,1.50
2016.04.19 22:32:07.729,1.2409,1.24101,1.50,1.00
2016.04.19 22:32:08.034,1.24086,1.24098,1.19,1.00
2016.04.19 22:32:08.237,1.24086,1.24098,1.00,1.00
2016.04.19 22:32:08.767,1.24087,1.24098,1.37,1.00
2016.04.19 22:32:09.139,1.24089,1.241,1.00,1.50
2016.04.19 22:32:09.595,1.24091,1.241,1.50,1.00
2016.04.19 22:32:09.646,1.24091,1.24102,1.50,1.50
2016.04.19 22:32:10.101,1.24092,1.24104,1.00,1.50
2016.04.19 22:32:12.682,1.24091,1.24103,1.00,1.00
2016.04.19 22:32:13.188,1.2409,1.24102,1.25,1.00
2016.04.19 22:32:16.358,1.24088,1.24102,1.19,1.00
2016.04.19 22:32:17.892,1.24089,1.24102,1.19,1.00
2016.04.19 22:32:20.223,1.24089,1.24102,2.44,1.00
2016.04.19 22:32:20.529,1.24091,1.24103,1.00,1.50
2016.04.19 22:32:21.211,1.24092,1.24103,1.19,1.00
2016.04.19 22:32:21.733,1.24091,1.24103,1.19,1.00
2016.04.19 22:32:23.435,1.24093,1.24103,1.19,1.00
2016.04.19 22:32:26.311,1.24093,1.24105,1.19,3.00
2016.04.19 22:32:26.478,1.24091,1.24104,1.69,1.12
2016.04.19 22:32:29.538,1.24091,1.24105,1.19,3.37
2016.04.19 22:32:30.468,1.24091,1.24104,1.19,1.00
2016.04.19 22:32:31.776,1.24092,1.24104,1.19,1.00
2016.04.19 22:32:32.081,1.2409,1.24103,2.44,1.00
2016.04.19 22:32:32.527,1.24089,1.24103,2.44,1.87
2016.04.19 22:32:33.060,1.2409,1.24103,1.50,1.50
2016.04.19 22:32:33.579,1.24089,1.24103,2.44,1.50
2016.04.19 22:32:34.381,1.2409,1.24103,1.50,1.50
2016.04.19 22:32:36.535,1.2409,1.24101,1.50,1.00
2016.04.19 22:32:37.690,1.24089,1.24101,1.69,1.00
2016.04.19 22:32:38.453,1.2409,1.24101,1.50,1.00
2016.04.19 22:32:39.045,1.24089,1.24101,1.69,1.00
2016.04.19 22:32:39.595,1.2409,1.24101,1.50,1.00
2016.04.19 22:32:41.061,1.24089,1.24101,1.69,1.00
2016.04.19 22:32:41.650,1.2409,1.24101,1.50,1.00
2016.04.19 22:32:42.302,1.24089,1.24101,1.69,1.00
2016.04.19 22:32:42.805,1.2409,1.24101,1.50,1.00
2016.04.19 22:32:43.312,1.24089,1.24101,1.25,1.00
2016.04.19 22:32:43.862,1.24087,1.24101,3.19,1.00
2016.04.19 22:32:44.326,1.24089,1.24101,1.19,1.00
2016.04.19 22:32:44.858,1.24089,1.24101,2.44,1.00
2016.04.19 22:32:46.001,1.2409,1.24101,1.50,1.00
2016.04.19 22:32:46.613,1.24089,1.24101,3.19,1.00
2016.04.19 22:32:47.597,1.2409,1.24101,1.50,1.00
2016.04.19 22:32:48.116,1.24089,1.24101,3.19,1.00
2016.04.19 22:32:48.619,1.2409,1.24101,1.50,1.00
2016.04.19 22:32:49.125,1.24089,1.24101,2.44,1.00
2016.04.19 22:32:49.659,1.2409,1.24101,1.50,1.00
2016.04.19 22:32:50.172,1.24089,1.24101,2.44,1.00
2016.04.19 22:32:50.773,1.2409,1.24101,1.50,1.00
2016.04.19 22:32:51.325,1.24089,1.24101,2.44,1.00
2016.04.19 22:32:51.868,1.2409,1.24101,1.50,1.00
2016.04.19 22:32:52.378,1.24089,1.24101,2.44,1.00
2016.04.19 22:32:52.880,1.2409,1.24101,1.50,1.00
2016.04.19 22:32:56.237,1.24089,1.24101,3.19,1.00
2016.04.19 22:32:56.745,1.2409,1.24101,1.50,1.00
2016.04.19 22:32:57.280,1.24089,1.24101,2.44,1.00
2016.04.19 22:32:57.831,1.2409,1.24101,1.50,1.00
2016.04.19 22:32:59.146,1.24089,1.24101,2.44,1.00
2016.04.19 22:32:59.690,1.2409,1.24101,1.50,1.00
2016.04.19 22:33:00.212,1.24089,1.24101,1.25,1.00
2016.04.19 22:33:02.770,1.24089,1.24101,1.19,1.00
2016.04.19 22:33:10.069,1.24089,1.24102,2.44,1.00
2016.04.19 22:33:10.373,1.2409,1.24104,1.50,1.87
2016.04.19 22:33:11.372,1.24089,1.24103,2.44,1.00
2016.04.19 22:33:12.676,1.2409,1.24104,1.69,1.87
2016.04.19 22:33:13.260,1.2409,1.24103,1.69,1.00
2016.04.19 22:33:14.412,1.24089,1.24104,2.44,1.87
2016.04.19 22:33:14.929,1.24089,1.24103,1.19,1.00
2016.04.19 22:33:21.568,1.24091,1.24103,1.00,1.00
2016.04.19 22:33:23.157,1.2409,1.24102,1.69,1.00
2016.04.19 22:33:37.922,1.24091,1.24105,2.25,2.25
2016.04.19 22:33:38.025,1.24094,1.24106,1.37,1.87
2016.04.19 22:33:38.317,1.24097,1.24108,1.00,1.37
2016.04.19 22:33:38.368,1.24097,1.24108,1.00,1.00
2016.04.19 22:33:42.430,1.24095,1.24108,5.06,1.00
2016.04.19 22:33:42.960,1.24095,1.24108,1.25,1.37
2016.04.19 22:33:43.506,1.24095,1.24108,1.25,1.12
2016.04.19 22:33:44.014,1.24095,1.24108,1.25,1.37
2016.04.19 22:33:44.584,1.24095,1.24108,1.25,1.12
2016.04.19 22:33:45.085,1.24095,1.24108,2.44,1.37
2016.04.19 22:33:45.136,1.24097,1.24108,1.19,1.37
2016.04.19 22:33:45.673,1.24097,1.24108,1.19,1.12
2016.04.19 22:33:46.155,1.24094,1.24107,3.56,1.12
2016.04.19 22:33:46.537,1.24094,1.24105,3.19,1.50
2016.04.19 22:33:47.422,1.24094,1.24106,3.19,1.50
2016.04.19 22:33:47.968,1.24094,1.24105,3.19,1.50
2016.04.19 22:33:48.524,1.24094,1.24106,3.19,1.50
2016.04.19 22:33:49.025,1.24094,1.24105,3.19,2.25
2016.04.19 22:33:52.662,1.24094,1.24104,3.19,1.00
2016.04.19 22:33:52.713,1.24094,1.24104,2.25,1.00
2016.04.19 22:33:52.865,1.24092,1.24104,1.25,1.00
2016.04.19 22:34:00.450,1.24093,1.24104,1.00,1.12
2016.04.19 22:34:01.051,1.24094,1.24104,1.00,1.50
2016.04.19 22:34:01.615,1.24093,1.24104,1.00,1.50
2016.04.19 22:34:02.116,1.24094,1.24104,1.00,1.50
2016.04.19 22:34:02.682,1.24093,1.24104,1.00,1.50
2016.04.19 22:34:03.320,1.24093,1.24105,2.25,1.00
2016.04.19 22:34:03.372,1.24097,1.24105,1.00,1.00
2016.04.19 22:34:03.423,1.24097,1.24109,1.19,1.00
2016.04.19 22:34:03.524,1.24098,1.24107,1.19,1.00
2016.04.19 22:34:03.626,1.24094,1.24107,2.25,1.00
2016.04.19 22:34:04.113,1.24094,1.24105,2.25,1.00
2016.04.19 22:34:04.486,1.24095,1.24105,1.19,1.00
2016.04.19 22:34:04.853,1.24094,1.24104,1.25,1.00
2016.04.19 22:34:05.157,1.24093,1.24106,1.19,3.00
2016.04.19 22:34:05.208,1.24093,1.24104,1.19,1.00
2016.04.19 22:34:07.929,1.24093,1.24104,1.69,1.00
2016.04.19 22:34:10.134,1.24093,1.24104,1.00,1.00
2016.04.19 22:34:10.635,1.24092,1.24104,2.06,1.00
2016.04.19 22:34:11.876,1.24092,1.24104,2.81,1.00
2016.04.19 22:34:12.079,1.24092,1.24104,2.06,1.00
2016.04.19 22:34:12.384,1.24095,1.24105,2.62,1.50
2016.04.19 22:34:12.904,1.24097,1.24105,1.31,1.50
2016.04.19 22:34:13.897,1.24096,1.24106,1.56,2.62
2016.04.19 22:34:14.415,1.24096,1.24105,1.56,1.50
2016.04.19 22:34:16.396,1.24097,1.24106,1.31,2.62
2016.04.19 22:34:16.583,1.24095,1.24106,3.37,2.62
2016.04.19 22:34:17.088,1.24094,1.24105,1.69,1.00
2016.04.19 22:34:33.121,1.24094,1.24105,1.50,2.25
2016.04.19 22:34:33.628,1.24094,1.24105,1.69,1.00
2016.04.19 22:34:37.924,1.24094,1.24104,1.19,1.00
2016.04.19 22:34:40.145,1.24094,1.24105,1.19,1.50
2016.04.19 22:34:40.259,1.24094,1.24107,1.19,1.50
2016.04.19 22:34:40.766,1.24094,1.24105,1.19,1.50
2016.04.19 22:34:41.289,1.24094,1.24106,1.50,1.87
2016.04.19 22:34:41.852,1.24094,1.24105,1.19,1.50
2016.04.19 22:34:42.467,1.24094,1.24106,1.19,1.87
2016.04.19 22:34:43.000,1.24094,1.24105,1.19,1.50
2016.04.19 22:34:44.821,1.24094,1.24106,1.69,1.87
2016.04.19 22:34:45.477,1.24094,1.24105,1.69,1.50
2016.04.19 22:34:48.940,1.24094,1.24105,1.50,2.25
2016.04.19 22:34:49.467,1.24094,1.24105,1.69,2.25
2016.04.19 22:34:50.696,1.24094,1.24107,1.69,1.87
2016.04.19 22:34:51.417,1.24094,1.24106,1.69,1.00
2016.04.19 22:34:52.527,1.24094,1.24107,1.69,1.50
2016.04.19 22:34:53.533,1.24094,1.24106,1.69,1.00
2016.04.19 22:34:56.860,1.24094,1.24107,1.19,1.50
2016.04.19 22:34:57.661,1.24094,1.24106,1.19,1.00
2016.04.19 22:34:58.708,1.24093,1.24107,1.69,1.50
2016.04.19 22:34:59.283,1.24093,1.24104,1.69,1.00
2016.04.19 22:35:01.394,1.24094,1.24104,1.00,1.50
2016.04.19 22:35:01.899,1.24094,1.24104,1.19,1.50
2016.04.19 22:35:02.810,1.24093,1.24104,1.50,1.12
2016.04.19 22:35:03.322,1.24093,1.24103,1.00,1.87
2016.04.19 22:35:03.838,1.24093,1.24103,1.69,1.12
2016.04.19 22:35:04.356,1.24094,1.24103,1.19,1.00
2016.04.19 22:35:04.469,1.24094,1.24103,1.69,1.00
2016.04.19 22:35:04.723,1.24094,1.24103,1.00,1.50
2016.04.19 22:35:07.419,1.24094,1.24103,1.19,1.50
2016.04.19 22:35:10.305,1.24095,1.24104,1.25,1.00
2016.04.19 22:35:11.807,1.24095,1.24103,1.25,1.00
2016.04.19 22:35:12.408,1.24094,1.24104,1.19,1.00
2016.04.19 22:35:12.703,1.24093,1.24105,1.69,1.50
2016.04.19 22:35:15.019,1.24093,1.24104,1.25,1.00
2016.04.19 22:35:15.371,1.24094,1.24103,1.19,1.00
2016.04.19 22:35:16.826,1.24094,1.24105,1.19,2.62
2016.04.19 22:35:17.360,1.24094,1.24105,1.00,1.37
2016.04.19 22:35:17.868,1.24094,1.24103,1.00,1.00
2016.04.19 22:35:18.020,1.24093,1.24105,1.00,3.37
2016.04.19 22:35:18.324,1.24093,1.24105,1.00,1.87
2016.04.19 22:35:18.832,1.24093,1.24105,1.19,2.62
2016.04.19 22:35:20.337,1.24093,1.24105,1.19,2.62
2016.04.19 22:35:20.941,1.24093,1.24105,1.19,2.62
2016.04.19 22:35:21.489,1.24093,1.24105,1.19,2.62
2016.04.19 22:35:22.545,1.24093,1.24105,1.19,1.37
2016.04.19 22:35:23.061,1.24093,1.24105,1.19,2.62
2016.04.19 22:35:23.371,1.24092,1.24105,1.19,1.50
2016.04.19 22:35:23.896,1.24092,1.24105,1.19,1.50
2016.04.19 22:35:25.591,1.24092,1.24105,1.19,3.00
2016.04.19 22:35:25.751,1.24092,1.24103,1.19,1.00
2016.04.19 22:35:30.817,1.24093,1.24104,1.19,1.00
2016.04.19 22:35:42.396,1.24092,1.24102,1.19,1.00
2016.04.19 22:35:45.918,1.24093,1.24104,1.69,1.00
2016.04.19 22:35:46.020,1.24093,1.24104,1.69,1.00
2016.04.19 22:35:47.471,1.24093,1.24104,1.50,1.50
2016.04.19 22:35:47.574,1.24091,1.24102,2.44,1.00
2016.04.19 22:35:48.122,1.2409,1.241,1.25,1.00
2016.04.19 22:36:01.261,1.24088,1.24098,2.44,1.00
2016.04.19 22:36:01.363,1.24088,1.24098,1.69,1.00
2016.04.19 22:36:05.687,1.24088,1.24097,1.25,1.00
2016.04.19 22:36:05.738,1.24087,1.24095,1.50,1.00
2016.04.19 22:36:06.244,1.24088,1.24095,1.00,1.00
2016.04.19 22:36:06.548,1.24089,1.24095,1.19,2.25
2016.04.19 22:36:11.464,1.24088,1.24094,1.19,1.00
2016.04.19 22:36:11.566,1.24085,1.24092,1.69,1.00
2016.04.19 22:36:11.720,1.24083,1.24091,1.19,1.00
2016.04.19 22:36:12.237,1.24082,1.24092,2.44,1.00
2016.04.19 22:36:14.209,1.24082,1.24092,1.50,1.00
2016.04.19 22:36:14.996,1.24082,1.24092,1.19,1.00
2016.04.19 22:36:16.738,1.24082,1.2409,1.19,1.50
2016.04.19 22:36:17.183,1.24079,1.2409,4.69,1.00
2016.04.19 22:36:17.235,1.24079,1.24087,2.44,1.00
2016.04.19 22:36:17.626,1.24075,1.24087,1.69,1.00
2016.04.19 22:36:18.273,1.24077,1.24087,1.00,1.00
2016.04.19 22:36:18.780,1.24076,1.24087,1.19,1.00
2016.04.19 22:36:19.381,1.24075,1.24084,1.00,1.00
2016.04.19 22:36:19.584,1.24073,1.24084,1.25,1.00
2016.04.19 22:36:19.685,1.24076,1.24084,1.00,1.00
2016.04.19 22:36:20.492,1.24076,1.24084,1.19,1.00
2016.04.19 22:36:21.810,1.24075,1.24084,1.00,1.00
2016.04.19 22:36:21.989,1.24072,1.24083,1.05,1.00
2016.04.19 22:36:22.293,1.24075,1.24083,1.00,1.00
2016.04.19 22:36:22.394,1.24072,1.24083,1.25,1.00
2016.04.19 22:36:22.597,1.24074,1.24083,1.00,1.00
2016.04.19 22:36:23.002,1.24076,1.24084,1.00,1.00
2016.04.19 22:36:23.553,1.24075,1.24084,1.69,1.00
2016.04.19 22:36:24.172,1.24075,1.24083,1.69,1.00
2016.04.19 22:36:24.223,1.24073,1.24083,1.25,1.00
2016.04.19 22:36:24.426,1.24071,1.24083,1.00,1.00
2016.04.19 22:36:24.951,1.24071,1.24083,1.69,1.00
2016.04.19 22:36:25.268,1.24071,1.2408,1.19,1.50
2016.04.19 22:36:25.955,1.2407,1.24081,1.19,1.50
2016.04.19 22:36:26.757,1.24071,1.2408,1.19,1.50
2016.04.19 22:36:27.659,1.24071,1.24081,1.19,1.50
2016.04.19 22:36:27.954,1.24069,1.2408,1.19,1.50
2016.04.19 22:36:28.490,1.24069,1.2408,1.69,1.50
2016.04.19 22:36:29.085,1.24071,1.24081,1.19,1.50
2016.04.19 22:36:29.416,1.2407,1.2408,1.00,1.50
2016.04.19 22:36:29.922,1.24069,1.2408,1.25,1.00
2016.04.19 22:36:34.783,1.24068,1.2408,1.31,1.00
2016.04.19 22:36:42.535,1.24069,1.24082,1.19,1.00
2016.04.19 22:37:01.579,1.24068,1.24082,1.69,2.25
2016.04.19 22:37:02.092,1.2407,1.24082,1.19,2.25
2016.04.19 22:37:07.438,1.2407,1.24081,1.19,1.37
2016.04.19 22:37:12.023,1.2407,1.24077,1.19,1.00
2016.04.19 22:37:12.175,1.24067,1.24075,1.25,1.00
2016.04.19 22:37:12.809,1.24067,1.24074,1.25,1.00
2016.04.19 22:37:13.334,1.24067,1.24074,1.19,1.00
2016.04.19 22:37:14.526,1.24067,1.24075,1.19,1.00
2016.04.19 22:37:16.552,1.24067,1.24074,1.19,1.00
2016.04.19 22:37:17.079,1.24067,1.24075,1.19,1.00
2016.04.19 22:37:18.570,1.24067,1.24074,1.19,1.00
2016.04.19 22:37:19.355,1.24067,1.24078,1.69,1.87
2016.04.19 22:37:19.456,1.24067,1.24075,1.19,1.00
2016.04.19 22:37:19.963,1.24068,1.24075,1.19,1.00
2016.04.19 22:37:20.317,1.2407,1.2408,1.00,1.87
2016.04.19 22:37:20.369,1.2407,1.24082,1.00,1.37
2016.04.19 22:37:20.596,1.24071,1.24078,1.00,1.00
2016.04.19 22:37:20.698,1.24071,1.24084,1.19,4.69
2016.04.19 22:37:21.089,1.24071,1.24079,1.19,1.00
2016.04.19 22:37:21.190,1.2407,1.2408,1.50,1.00
2016.04.19 22:37:21.241,1.24072,1.2408,1.00,1.50
2016.04.19 22:37:21.700,1.24075,1.24086,1.50,1.50
2016.04.19 22:37:21.852,1.24074,1.24084,2.44,1.00
2016.04.19 22:37:21.997,1.24075,1.24087,1.25,1.37
2016.04.19 22:37:22.054,1.24075,1.24088,1.25,1.50
2016.04.19 22:37:22.267,1.24075,1.24085,2.44,1.00
2016.04.19 22:37:22.419,1.24073,1.24084,2.81,2.25
2016.04.19 22:37:22.578,1.24073,1.24081,2.81,1.00
2016.04.19 22:37:22.680,1.24073,1.24084,2.81,2.25
2016.04.19 22:37:22.731,1.24075,1.24084,1.00,2.25
2016.04.19 22:37:22.832,1.24075,1.24087,2.25,1.50
2016.04.19 22:37:22.985,1.24075,1.24085,2.25,1.00
2016.04.19 22:37:23.086,1.24075,1.24087,3.19,1.00
2016.04.19 22:37:23.343,1.24074,1.24084,2.44,1.50
2016.04.19 22:37:23.654,1.24073,1.24082,3.56,1.00
2016.04.19 22:37:24.190,1.24075,1.24082,1.19,1.00
2016.04.19 22:37:25.210,1.24075,1.24083,1.19,1.00
2016.04.19 22:37:25.750,1.24075,1.24082,1.19,1.00
2016.04.19 22:37:26.605,1.24073,1.24082,1.00,1.00
2016.04.19 22:37:26.706,1.24071,1.24077,1.19,1.00
2016.04.19 22:37:26.808,1.24069,1.24077,4.31,1.00
2016.04.19 22:37:27.412,1.24069,1.24078,3.56,1.00
2016.04.19 22:37:27.463,1.24069,1.24078,4.31,1.00
2016.04.19 22:37:29.328,1.24071,1.24081,1.19,1.37
2016.04.19 22:37:29.429,1.24071,1.24078,1.19,1.00
2016.04.19 22:37:29.581,1.24068,1.24079,1.19,1.12
2016.04.19 22:37:29.683,1.24067,1.24081,1.69,1.87
2016.04.19 22:37:29.835,1.24068,1.24076,1.19,1.00
2016.04.19 22:37:30.345,1.24067,1.24076,2.44,1.00
2016.04.19 22:37:30.850,1.24067,1.24075,2.44,1.00
2016.04.19 22:37:31.237,1.24067,1.24078,2.44,1.87
2016.04.19 22:37:32.863,1.24067,1.24077,1.69,1.50
2016.04.19 22:37:32.965,1.24067,1.24075,1.69,1.00
2016.04.19 22:37:33.067,1.24068,1.24079,1.19,1.87
2016.04.19 22:37:33.581,1.24068,1.24075,1.19,1.00
2016.04.19 22:37:33.701,1.24068,1.24078,1.19,1.00
2016.04.19 22:37:35.369,1.24069,1.24077,1.19,1.00
2016.04.19 22:37:35.876,1.2407,1.24078,2.44,1.00
2016.04.19 22:37:36.007,1.2407,1.24081,2.44,1.00
2016.04.19 22:37:36.109,1.2407,1.24079,1.69,1.00
2016.04.19 22:37:36.622,1.2407,1.24078,3.19,1.00
2016.04.19 22:37:37.137,1.2407,1.24079,3.19,1.00
2016.04.19 22:37:37.721,1.2407,1.24078,2.44,1.00
2016.04.19 22:37:39.788,1.2407,1.24079,2.44,1.00
2016.04.19 22:37:40.643,1.2407,1.24078,2.44,1.00
2016.04.19 22:37:41.835,1.24071,1.24083,1.25,1.00
2016.04.19 22:37:42.106,1.24072,1.24083,1.19,1.00
2016.04.19 22:37:42.611,1.24072,1.24084,1.19,3.00
2016.04.19 22:37:43.018,1.24072,1.24077,1.69,1.00
2016.04.19 22:37:43.436,1.24074,1.24077,1.19,1.00
2016.04.19 22:37:45.142,1.24074,1.24078,1.19,1.00
2016.04.19 22:37:50.962,1.24074,1.24081,1.19,1.50
2016.04.19 22:37:51.014,1.24074,1.24084,1.19,1.00
2016.04.19 22:37:51.116,1.24074,1.24082,1.19,1.00
2016.04.19 22:37:51.419,1.24074,1.2408,1.19,1.00
2016.04.19 22:37:51.927,1.24074,1.24079,1.19,1.00
2016.04.19 22:37:52.877,1.24074,1.2408,1.19,1.00
2016.04.19 22:37:53.204,1.24071,1.24079,1.69,1.00
2016.04.19 22:37:53.782,1.2407,1.24078,3.94,1.00
2016.04.19 22:37:53.883,1.2407,1.2408,3.94,1.00
2016.04.19 22:37:53.985,1.2407,1.24077,2.44,1.00
2016.04.19 22:37:54.086,1.2407,1.24077,1.50,1.00
2016.04.19 22:37:54.633,1.24069,1.24076,1.00,1.00
2016.04.19 22:37:55.331,1.24069,1.24078,1.19,1.87
2016.04.19 22:37:55.387,1.24069,1.24078,1.19,1.50
2016.04.19 22:37:58.399,1.24069,1.24076,1.19,1.00
2016.04.19 22:37:58.934,1.24069,1.24078,1.19,1.50
2016.04.19 22:38:00.966,1.24069,1.24079,1.19,1.00
2016.04.19 22:38:01.017,1.24069,1.24079,1.19,1.37
2016.04.19 22:38:01.570,1.24069,1.24078,1.19,1.50
2016.04.19 22:38:04.724,1.24069,1.2408,1.19,3.37
2016.04.19 22:38:04.926,1.24068,1.24081,3.94,4.12
2016.04.19 22:38:05.506,1.24068,1.2408,3.19,1.50
2016.04.19 22:38:06.057,1.24068,1.24081,3.19,1.50
2016.04.19 22:38:06.460,1.24069,1.24077,1.19,1.00
2016.04.19 22:38:06.562,1.24071,1.24079,1.00,1.00
2016.04.19 22:38:06.714,1.24074,1.2408,1.00,1.00
2016.04.19 22:38:06.765,1.24074,1.24082,1.00,1.12
2016.04.19 22:38:06.816,1.24074,1.24084,1.50,1.00
2016.04.19 22:38:06.970,1.24075,1.24081,1.50,1.00
2016.04.19 22:38:07.071,1.24075,1.24086,1.25,1.00
2016.04.19 22:38:07.863,1.24075,1.24087,2.44,1.12
2016.04.19 22:38:08.471,1.24075,1.24086,2.44,1.00
2016.04.19 22:38:09.762,1.24075,1.24087,2.44,1.12
2016.04.19 22:38:11.088,1.24075,1.24086,1.25,1.00
2016.04.19 22:38:11.392,1.24073,1.24084,1.25,1.00
2016.04.19 22:38:11.725,1.24072,1.2408,1.19,1.00
2016.04.19 22:38:12.080,1.24072,1.24082,1.69,2.25
2016.04.19 22:38:12.595,1.24072,1.24082,1.69,2.25
2016.04.19 22:38:13.427,1.24074,1.24085,1.00,2.25
2016.04.19 22:38:13.529,1.24073,1.24081,1.31,1.00
2016.04.19 22:38:13.630,1.24075,1.24084,1.00,1.00
2016.04.19 22:38:14.035,1.24073,1.24083,1.31,2.62
2016.04.19 22:38:14.489,1.24074,1.24085,1.00,2.25
2016.04.19 22:38:15.041,1.24073,1.24085,4.31,2.25
2016.04.19 22:38:15.594,1.24074,1.24085,1.00,2.25
2016.04.19 22:38:17.539,1.24073,1.24085,4.31,1.00
2016.04.19 22:38:18.087,1.24074,1.24085,1.00,2.25
2016.04.19 22:38:18.606,1.24073,1.24085,4.31,1.50
2016.04.19 22:38:18.709,1.24073,1.24082,4.31,1.00
2016.04.19 22:38:18.810,1.24073,1.24086,2.81,1.69
2016.04.19 22:38:19.345,1.24074,1.24086,1.00,1.69
2016.04.19 22:38:19.938,1.24073,1.24086,4.31,1.69
2016.04.19 22:38:20.547,1.24074,1.24086,1.00,1.69
2016.04.19 22:38:21.061,1.24073,1.24086,4.31,1.69
2016.04.19 22:38:21.604,1.24074,1.24086,1.00,1.69
2016.04.19 22:38:22.629,1.24073,1.24084,1.69,1.00
2016.04.19 22:38:22.933,1.24071,1.24081,1.00,1.50
2016.04.19 22:38:22.984,1.24071,1.24083,1.00,1.12
2016.04.19 22:38:23.034,1.24071,1.24078,1.00,1.00
2016.04.19 22:38:23.539,1.24071,1.24079,1.00,1.50
2016.04.19 22:38:23.589,1.24071,1.24082,1.50,1.12
2016.04.19 22:38:23.741,1.24071,1.24078,1.00,1.00
2016.04.19 22:38:24.254,1.24069,1.24079,1.19,2.25
2016.04.19 22:38:24.694,1.24069,1.24076,1.19,1.00
2016.04.19 22:38:25.455,1.24069,1.24077,1.19,1.00
2016.04.19 22:38:25.758,1.24069,1.24079,1.19,2.25
2016.04.19 22:38:26.775,1.24069,1.24079,1.00,2.25
2016.04.19 22:38:26.978,1.24069,1.24082,1.69,2.25
2016.04.19 22:38:27.512,1.24071,1.24083,1.00,1.12
2016.04.19 22:38:27.665,1.24072,1.24083,1.19,1.12
2016.04.19 22:38:30.651,1.24072,1.24083,1.00,1.00
2016.04.19 22:38:30.753,1.2407,1.24083,1.69,1.12
2016.04.19 22:38:31.275,1.2407,1.24083,2.44,2.06
2016.04.19 22:38:31.810,1.2407,1.24082,1.69,2.06
2016.04.19 22:38:32.012,1.24069,1.24081,1.69,1.31
2016.04.19 22:38:32.164,1.24066,1.24078,1.69,1.00
2016.04.19 22:38:32.670,1.24066,1.24078,1.00,1.00
2016.04.19 22:38:36.203,1.24065,1.24077,1.69,1.00
2016.04.19 22:38:36.507,1.24062,1.24075,1.00,1.50
2016.04.19 22:38:37.012,1.24061,1.24075,2.44,1.50
2016.04.19 22:38:37.240,1.24063,1.24075,1.19,1.50
2016.04.19 22:38:37.947,1.24063,1.24076,1.19,3.19
2016.04.19 22:38:38.250,1.24063,1.24071,1.19,3.75
2016.04.19 22:38:38.452,1.24061,1.24071,1.69,3.75
2016.04.19 22:38:40.956,1.2406,1.2407,1.25,2.25
2016.04.19 22:38:41.108,1.24061,1.24072,1.00,1.00
2016.04.19 22:38:41.210,1.24063,1.24075,1.00,3.56
2016.04.19 22:38:41.755,1.24063,1.24075,1.00,1.12
2016.04.19 22:38:45.681,1.24064,1.24075,1.00,2.81
2016.04.19 22:38:46.187,1.24065,1.24075,1.00,2.25
2016.04.19 22:38:46.732,1.24066,1.24076,1.00,1.00
2016.04.19 22:38:47.321,1.24065,1.24076,1.00,1.19
2016.04.19 22:38:51.073,1.24064,1.24076,1.00,1.19
2016.04.19 22:38:51.634,1.24063,1.24075,1.00,2.44
2016.04.19 22:39:00.410,1.24064,1.24075,1.00,2.62
2016.04.19 22:39:02.525,1.24064,1.24075,1.00,2.62
2016.04.19 22:39:02.626,1.2406,1.24072,1.50,1.00
2016.04.19 22:39:02.829,1.24062,1.24073,1.00,1.25
2016.04.19 22:39:02.930,1.24064,1.24076,1.00,1.00
2016.04.19 22:39:02.981,1.24066,1.24077,1.50,1.50
2016.04.19 22:39:03.290,1.24068,1.2408,1.00,2.25
2016.04.19 22:39:03.796,1.24068,1.2408,1.00,2.62
2016.04.19 22:39:04.099,1.24065,1.2408,3.00,2.62
2016.04.19 22:39:04.251,1.24064,1.24078,3.19,1.25
2016.04.19 22:39:04.771,1.24066,1.24079,1.00,1.69
2016.04.19 22:39:05.075,1.24069,1.2408,1.00,1.19
2016.04.19 22:39:05.127,1.24068,1.2408,1.69,2.44
2016.04.19 22:39:05.691,1.24068,1.2408,1.00,1.00
2016.04.19 22:39:07.141,1.24066,1.24079,1.69,1.00
2016.04.19 22:39:07.192,1.24065,1.24077,3.19,1.00
2016.04.19 22:39:07.243,1.24065,1.24077,3.00,1.00
2016.04.19 22:39:07.599,1.24063,1.24076,1.69,1.00
2016.04.19 22:39:14.208,1.24063,1.24075,1.00,1.50
2016.04.19 22:39:15.311,1.24063,1.24076,1.00,2.44
2016.04.19 22:39:15.813,1.24063,1.24075,1.00,1.50
2016.04.19 22:39:16.356,1.24063,1.24076,1.00,2.44
2016.04.19 22:39:16.887,1.24063,1.24075,1.00,1.50
2016.04.19 22:39:17.927,1.24063,1.24076,1.00,2.44
2016.04.19 22:39:19.421,1.24063,1.24075,1.00,1.50
2016.04.19 22:39:19.924,1.24063,1.24076,1.00,2.44
2016.04.19 22:39:20.516,1.24063,1.24075,1.50,1.50
2016.04.19 22:39:21.176,1.24063,1.24076,1.50,2.44
2016.04.19 22:39:21.699,1.24064,1.24076,1.00,1.25
2016.04.19 22:39:21.952,1.24066,1.24076,1.00,1.25
2016.04.19 22:39:31.871,1.24066,1.24076,1.00,1.31
2016.04.19 22:39:32.405,1.24065,1.24075,1.00,1.00
2016.04.19 22:39:37.553,1.24066,1.24075,1.00,2.06
2016.04.19 22:39:38.160,1.24064,1.24075,1.50,2.06
2016.04.19 22:39:44.584,1.24067,1.24075,1.00,2.06
2016.04.19 22:39:44.950,1.24069,1.24075,1.00,1.69
2016.04.19 22:39:45.479,1.24067,1.24072,1.50,1.00
2016.04.19 22:39:45.530,1.24063,1.24072,2.25,1.00
2016.04.19 22:39:45.631,1.24061,1.24073,1.50,1.12
2016.04.19 22:39:46.188,1.24062,1.24073,1.00,1.12
2016.04.19 22:39:49.167,1.24061,1.24073,1.50,1.12
2016.04.19 22:39:49.757,1.24062,1.24073,1.00,1.31
2016.04.19 22:39:50.358,1.24061,1.24073,1.50,1.31
2016.04.19 22:39:50.986,1.24062,1.24074,1.00,2.44
2016.04.19 22:39:51.553,1.24064,1.24074,1.00,1.69
2016.04.19 22:39:51.937,1.24066,1.24076,1.00,2.06
2016.04.19 22:39:52.139,1.24064,1.24076,1.00,2.06
2016.04.19 22:39:54.158,1.24062,1.24075,1.50,1.19
2016.04.19 22:39:56.516,1.24062,1.24075,1.50,1.00
2016.04.19 22:39:56.719,1.24064,1.24075,1.00,1.12
2016.04.19 22:39:57.621,1.24065,1.24077,1.00,1.87
2016.04.19 22:39:57.924,1.24068,1.24079,1.00,1.00
2016.04.19 22:39:58.228,1.2407,1.24081,1.00,1.50
2016.04.19 22:40:01.197,1.24069,1.24078,1.00,1.00
2016.04.19 22:40:01.702,1.24068,1.24079,1.00,1.00
2016.04.19 22:40:04.600,1.24067,1.24079,1.50,1.00
2016.04.19 22:40:08.821,1.24068,1.24079,1.00,1.00
2016.04.19 22:40:09.325,1.24067,1.24079,1.50,1.00
2016.04.19 22:40:12.529,1.24068,1.24079,1.00,1.00
2016.04.19 22:40:15.018,1.24067,1.24079,1.50,1.12
2016.04.19 22:40:21.293,1.24067,1.24078,1.00,1.00
2016.04.19 22:40:29.276,1.24068,1.24078,1.00,1.00
2016.04.19 22:40:29.327,1.24068,1.24082,1.00,1.87
2016.04.19 22:40:29.379,1.24071,1.24082,1.00,1.50
2016.04.19 22:40:29.765,1.24073,1.24082,1.00,1.00
2016.04.19 22:40:30.079,1.24073,1.2408,1.00,1.00
2016.04.19 22:40:31.067,1.24071,1.2408,1.50,1.00
2016.04.19 22:40:31.758,1.24069,1.2408,1.50,1.00
2016.04.19 22:40:31.961,1.24068,1.24078,1.00,1.00
2016.04.19 22:40:33.758,1.24068,1.24081,1.00,1.25
2016.04.19 22:40:42.691,1.24067,1.24082,1.00,2.44
2016.04.19 22:40:45.596,1.24067,1.24082,1.00,2.06
2016.04.19 22:40:49.567,1.24068,1.24081,1.00,1.69
2016.04.19 22:40:56.198,1.24068,1.24081,1.00,1.25
2016.04.19 22:40:58.255,1.24069,1.24082,1.00,1.50
2016.04.19 22:40:58.734,1.24069,1.24082,1.00,1.69
2016.04.19 22:41:02.007,1.2407,1.24082,1.50,1.69
2016.04.19 22:41:02.518,1.24069,1.24082,2.25,1.19
2016.04.19 22:41:02.858,1.24072,1.24084,1.00,2.06
2016.04.19 22:41:03.263,1.24074,1.24085,1.00,1.19
2016.04.19 22:41:05.039,1.24073,1.24086,1.00,3.19
2016.04.19 22:41:05.690,1.24073,1.24085,1.00,1.50
2016.04.19 22:41:07.021,1.24073,1.24086,1.00,4.50
2016.04.19 22:41:07.523,1.24073,1.24085,1.00,1.50
2016.04.19 22:41:10.874,1.24072,1.24085,1.00,1.87
2016.04.19 22:41:15.861,1.24072,1.24086,1.00,4.87
2016.04.19 22:41:16.774,1.24071,1.24085,1.25,2.25
2016.04.19 22:41:17.653,1.24071,1.24085,1.19,2.25
2016.04.19 22:41:18.346,1.24071,1.24084,1.19,1.00
2016.04.19 22:41:20.170,1.24071,1.24085,1.19,2.25
2016.04.19 22:41:27.883,1.24073,1.24083,1.00,1.00
2016.04.19 22:41:27.934,1.24073,1.24086,1.00,2.06
2016.04.19 22:41:27.985,1.24075,1.24086,1.00,1.69
2016.04.19 22:41:28.290,1.24078,1.24092,1.00,2.06
2016.04.19 22:41:28.849,1.24079,1.24095,1.25,2.81
2016.04.19 22:41:29.355,1.24077,1.24093,1.19,3.19
2016.04.19 22:41:32.428,1.24077,1.24093,1.19,2.81
2016.04.19 22:41:32.580,1.24077,1.24088,1.19,1.00
2016.04.19 22:41:35.775,1.24077,1.24087,1.19,1.00
2016.04.19 22:41:36.317,1.24077,1.24088,1.19,1.00
2016.04.19 22:41:36.728,1.24077,1.24088,1.25,1.00
2016.04.19 22:41:39.479,1.24079,1.24088,1.00,1.00
2016.04.19 22:41:39.997,1.24078,1.24088,1.00,1.00
2016.04.19 22:41:42.100,1.24077,1.24088,1.25,1.00
2016.04.19 22:41:42.688,1.24077,1.24089,1.25,1.00
2016.04.19 22:41:43.213,1.24078,1.24089,1.00,1.00
2016.04.19 22:41:46.329,1.24078,1.24092,1.50,2.44
2016.04.19 22:41:46.431,1.24079,1.24093,1.00,2.62
2016.04.19 22:41:46.483,1.24082,1.24093,1.00,1.50
2016.04.19 22:41:46.586,1.24083,1.24095,1.00,4.69
2016.04.19 22:41:47.087,1.24082,1.24095,1.50,1.00
2016.04.19 22:41:49.024,1.24082,1.24095,1.00,1.31
2016.04.19 22:41:49.687,1.24082,1.24095,1.00,1.12
2016.04.19 22:41:50.690,1.2408,1.24095,2.25,1.12
2016.04.19 22:41:52.044,1.2408,1.24095,3.75,2.62
2016.04.19 22:41:54.121,1.2408,1.24095,3.00,1.12
2016.04.19 22:41:55.869,1.24082,1.24095,1.00,2.62
2016.04.19 22:41:58.669,1.2408,1.24095,3.00,4.50
2016.04.19 22:41:59.230,1.2408,1.24095,1.69,4.69
2016.04.19 22:42:00.540,1.24079,1.24095,2.44,2.06
2016.04.19 22:42:16.832,1.24079,1.24094,1.25,2.25
2016.04.19 22:42:34.801,1.24078,1.24094,1.19,1.62
2016.04.19 22:42:37.381,1.24078,1.24093,1.19,2.25
2016.04.19 22:42:38.706,1.24078,1.24093,1.19,1.12
2016.04.19 22:42:43.023,1.24078,1.24093,1.50,2.06
2016.04.19 22:42:43.671,1.24078,1.24093,1.69,2.06
2016.04.19 22:42:44.596,1.24078,1.24093,1.50,1.31
2016.04.19 22:42:45.371,1.24078,1.24093,1.69,2.44
2016.04.19 22:43:01.121,1.24078,1.24091,1.69,1.00
2016.04.19 22:43:03.842,1.24078,1.24092,1.69,1.50
2016.04.19 22:43:04.351,1.24078,1.24091,1.69,1.00
2016.04.19 22:43:04.882,1.24078,1.24092,1.69,1.12
2016.04.19 22:43:07.014,1.24077,1.24091,1.19,1.00
2016.04.19 22:43:07.541,1.24076,1.2409,1.69,1.00
2016.04.19 22:43:11.182,1.24076,1.24092,1.19,3.75
2016.04.19 22:43:11.944,1.24076,1.24092,1.69,1.50
2016.04.19 22:43:14.260,1.2408,1.24093,1.25,3.00
2016.04.19 22:43:19.007,1.24078,1.24091,1.19,1.87
2016.04.19 22:43:28.676,1.24078,1.2409,1.19,1.00
2016.04.19 22:43:29.680,1.24078,1.24089,1.19,1.00
2016.04.19 22:43:29.882,1.24075,1.24089,1.19,1.00
2016.04.19 22:43:30.563,1.24076,1.24089,1.19,1.00
2016.04.19 22:43:33.534,1.24076,1.24087,1.19,1.00
2016.04.19 22:43:34.057,1.24075,1.24087,1.19,1.00
2016.04.19 22:43:38.448,1.24075,1.24085,1.19,1.00
2016.04.19 22:43:38.752,1.24074,1.24088,1.69,2.62
2016.04.19 22:43:38.904,1.24078,1.24089,1.19,1.50
2016.04.19 22:43:39.057,1.24078,1.24091,1.69,1.00
2016.04.19 22:43:39.526,1.24078,1.24093,2.44,2.25
2016.04.19 22:43:40.075,1.24079,1.24093,1.25,3.00
2016.04.19 22:43:43.425,1.24079,1.24093,1.25,2.62
2016.04.19 22:43:55.798,1.24079,1.24093,1.25,1.37
2016.04.19 22:43:56.298,1.24079,1.24093,1.25,1.50
2016.04.19 22:43:56.839,1.24079,1.24093,1.69,1.12
2016.04.19 22:44:01.742,1.24079,1.24088,1.19,1.00
2016.04.19 22:44:02.258,1.24077,1.24088,1.19,1.00
2016.04.19 22:44:02.561,1.24076,1.24084,1.00,1.87
2016.04.19 22:44:02.663,1.24073,1.24088,2.44,4.87
2016.04.19 22:44:03.020,1.24076,1.24088,1.19,1.37
2016.04.19 22:44:03.580,1.24076,1.24088,1.19,1.12
2016.04.19 22:44:06.083,1.24075,1.24087,1.19,1.00
2016.04.19 22:44:06.387,1.24073,1.24083,1.19,1.00
2016.04.19 22:44:07.125,1.24072,1.24083,1.19,1.00
2016.04.19 22:44:11.799,1.24075,1.24083,1.19,1.00
2016.04.19 22:44:11.850,1.24075,1.24085,2.44,2.25
2016.04.19 22:44:11.964,1.24079,1.24086,1.00,1.00
2016.04.19 22:44:12.015,1.24079,1.24092,1.50,2.25
2016.04.19 22:44:12.066,1.24082,1.2409,1.00,1.00
2016.04.19 22:44:12.168,1.24082,1.24092,1.00,1.00
2016.04.19 22:44:12.701,1.24081,1.24092,2.25,1.00
2016.04.19 22:44:12.803,1.24084,1.24094,1.00,1.00
2016.04.19 22:44:13.107,1.24089,1.24098,1.00,1.00
2016.04.19 22:44:13.608,1.2409,1.24099,1.00,1.00
2016.04.19 22:44:15.233,1.2409,1.24098,1.50,1.00
2016.04.19 22:44:15.536,1.24092,1.24098,1.00,1.00
2016.04.19 22:44:16.412,1.24091,1.24098,1.69,1.00
2016.04.19 22:44:17.392,1.24093,1.24098,1.00,1.00
2016.04.19 22:44:18.667,1.24092,1.24098,1.50,1.00
2016.04.19 22:44:19.347,1.24093,1.24098,1.00,1.00
2016.04.19 22:44:22.294,1.24091,1.24098,1.69,1.00
2016.04.19 22:44:22.827,1.24092,1.24098,1.50,1.00
2016.04.19 22:44:23.330,1.24091,1.24098,1.69,1.00
2016.04.19 22:44:24.349,1.24091,1.24099,1.50,1.00
2016.04.19 22:44:24.850,1.24089,1.24098,2.81,1.00
2016.04.19 22:44:26.659,1.2409,1.24099,1.31,1.00
2016.04.19 22:44:27.870,1.2409,1.24099,1.19,1.00
2016.04.19 22:44:28.207,1.24091,1.24099,1.50,1.00
2016.04.19 22:44:34.454,1.24089,1.24099,1.12,1.00
2016.04.19 22:44:34.989,1.24089,1.24099,1.31,1.00
2016.04.19 22:44:57.119,1.24089,1.24098,1.69,1.00
2016.04.19 22:44:59.852,1.24089,1.24098,1.50,1.00
2016.04.19 22:44:59.954,1.24087,1.24098,4.50,1.00
2016.04.19 22:45:00.459,1.24085,1.24098,2.44,1.00
2016.04.19 22:45:01.029,1.24085,1.24098,1.19,1.19
2016.04.19 22:45:02.716,1.24085,1.24098,2.25,1.19
2016.04.19 22:45:14.267,1.24085,1.24097,1.69,1.00
2016.04.19 22:45:14.812,1.24085,1.24097,4.69,1.00
2016.04.19 22:45:15.330,1.24088,1.24098,1.00,1.00
2016.04.19 22:45:15.975,1.2409,1.24098,1.00,1.50
2016.04.19 22:45:16.482,1.24088,1.24099,1.50,1.00
2016.04.19 22:45:17.022,1.24087,1.24099,1.50,1.00
2016.04.19 22:45:17.450,1.24087,1.24099,2.44,1.00
2016.04.19 22:45:17.794,1.24087,1.24099,1.69,1.69
2016.04.19 22:45:19.497,1.24088,1.24099,1.00,1.69
2016.04.19 22:45:21.482,1.24087,1.24099,1.69,1.69
2016.04.19 22:45:21.671,1.24087,1.24099,2.44,1.50
2016.04.19 22:45:22.234,1.24088,1.24098,1.19,1.00
2016.04.19 22:45:23.487,1.24088,1.24099,1.19,1.50
2016.04.19 22:45:24.089,1.24088,1.24098,1.19,1.00
2016.04.19 22:45:24.801,1.24087,1.24099,2.44,1.50
2016.04.19 22:45:25.303,1.24087,1.24098,2.44,1.00
2016.04.19 22:45:26.279,1.24091,1.24098,1.00,1.12
2016.04.19 22:45:26.786,1.24091,1.24099,1.25,1.00
2016.04.19 22:45:26.888,1.24089,1.24098,1.50,1.00
2016.04.19 22:45:27.441,1.24089,1.24099,1.00,1.00
2016.04.19 22:45:27.492,1.24089,1.24099,1.69,1.00
2016.04.19 22:45:30.111,1.24092,1.24099,1.19,1.00
2016.04.19 22:45:30.415,1.24097,1.241,1.12,1.00
2016.04.19 22:45:30.466,1.24097,1.24104,1.12,1.00
2016.04.19 22:45:30.517,1.24097,1.24107,1.12,1.00
2016.04.19 22:45:30.570,1.24095,1.24106,4.50,1.12
2016.04.19 22:45:30.684,1.24095,1.241,1.87,1.00
2016.04.19 22:45:30.786,1.24093,1.241,1.25,1.00
2016.04.19 22:45:31.234,1.24091,1.241,2.81,1.00
2016.04.19 22:45:31.443,1.24092,1.241,1.19,1.00
2016.04.19 22:45:31.958,1.24092,1.24099,1.69,1.00
2016.04.19 22:45:32.483,1.24092,1.24099,1.69,1.00
2016.04.19 22:45:32.534,1.24091,1.24099,2.06,1.00
2016.04.19 22:45:33.335,1.24091,1.24099,1.69,1.00
2016.04.19 22:45:34.291,1.24091,1.24098,2.44,1.00
2016.04.19 22:45:34.865,1.24091,1.24099,2.81,1.00
2016.04.19 22:45:35.377,1.24091,1.24098,1.19,1.00
2016.04.19 22:45:36.008,1.24093,1.24099,1.25,1.00
2016.04.19 22:45:36.312,1.24093,1.24099,2.06,1.00
2016.04.19 22:45:36.589,1.24093,1.24099,1.31,1.00
2016.04.19 22:45:36.691,1.24092,1.24101,2.44,1.00
2016.04.19 22:45:36.742,1.24096,1.24101,1.00,1.00
2016.04.19 22:45:36.995,1.24099,1.2411,1.00,1.25
2016.04.19 22:45:37.538,1.24099,1.24109,1.00,1.00
2016.04.19 22:45:38.023,1.24102,1.2411,1.00,1.00
2016.04.19 22:45:38.074,1.24103,1.24112,1.00,3.37
2016.04.19 22:45:38.277,1.24101,1.24112,1.00,1.50
2016.04.19 22:45:38.379,1.24101,1.2411,1.00,1.00
2016.04.19 22:45:38.429,1.24099,1.2411,2.25,1.00
2016.04.19 22:45:38.690,1.24099,1.24112,1.00,2.25
2016.04.19 22:45:38.893,1.24099,1.2411,1.00,1.00
2016.04.19 22:45:39.879,1.24099,1.24112,1.00,2.62
2016.04.19 22:45:40.132,1.24099,1.24112,1.00,3.00
2016.04.19 22:45:40.650,1.24099,1.24112,1.00,3.00
2016.04.19 22:45:42.686,1.24104,1.24113,1.00,1.87
2016.04.19 22:45:42.939,1.24105,1.24118,3.00,1.69
2016.04.19 22:45:43.309,1.24105,1.24118,3.94,1.69
2016.04.19 22:45:47.168,1.24109,1.2412,1.00,2.06
2016.04.19 22:45:47.371,1.2411,1.24122,2.25,5.62
2016.04.19 22:45:47.472,1.2411,1.2412,1.00,1.00
2016.04.19 22:45:47.776,1.24108,1.24118,1.00,1.00
2016.04.19 22:45:48.599,1.24107,1.24119,1.19,1.50
2016.04.19 22:45:49.555,1.24106,1.24118,2.44,1.00
2016.04.19 22:45:54.497,1.24109,1.24118,1.00,1.00
2016.04.19 22:45:54.713,1.2411,1.24122,1.00,1.87
2016.04.19 22:45:55.020,1.24113,1.24123,1.00,1.25
2016.04.19 22:45:55.605,1.24111,1.24124,3.94,1.00
2016.04.19 22:45:55.924,1.24109,1.2412,1.19,1.37
2016.04.19 22:45:55.975,1.24108,1.2412,2.62,1.37
2016.04.19 22:45:56.670,1.24106,1.24119,3.19,1.12
2016.04.19 22:45:57.216,1.24107,1.24118,1.19,1.00
2016.04.19 22:45:58.824,1.24106,1.24119,1.19,1.50
2016.04.19 22:45:59.372,1.24106,1.24118,1.19,1.00
2016.04.19 22:45:59.949,1.24106,1.24118,1.69,1.00
2016.04.19 22:46:00.482,1.24106,1.24118,1.19,1.00
2016.04.19 22:46:00.939,1.24107,1.24116,1.19,1.00
2016.04.19 22:46:01.244,1.24102,1.24109,1.00,1.00
2016.04.19 22:46:01.345,1.24099,1.24109,1.50,1.00
2016.04.19 22:46:01.653,1.241,1.24107,1.00,1.00
2016.04.19 22:46:01.957,1.24097,1.24103,1.00,1.00
2016.04.19 22:46:02.110,1.24097,1.24105,1.00,1.00
2016.04.19 22:46:02.465,1.24098,1.24103,1.00,1.00
2016.04.19 22:46:04.779,1.24098,1.24105,1.00,1.25
2016.04.19 22:46:04.982,1.241,1.24107,1.00,1.19
2016.04.19 22:46:05.083,1.24102,1.2411,1.19,1.00
2016.04.19 22:46:05.137,1.24102,1.24113,1.19,1.00
2016.04.19 22:46:05.240,1.24102,1.24112,1.00,1.00
2016.04.19 22:46:05.447,1.241,1.24112,1.25,1.00
2016.04.19 22:46:05.551,1.241,1.24112,1.19,1.00
2016.04.19 22:46:05.652,1.241,1.24112,1.19,1.00
2016.04.19 22:46:06.624,1.241,1.24112,3.19,1.00
2016.04.19 22:46:07.071,1.241,1.24112,1.69,1.00
2016.04.19 22:46:07.172,1.241,1.2411,1.25,1.50
2016.04.19 22:46:07.615,1.241,1.2411,1.19,1.50
2016.04.19 22:46:08.655,1.24099,1.24111,2.44,1.50
2016.04.19 22:46:09.647,1.241,1.2411,1.19,1.50
2016.04.19 22:46:11.151,1.241,1.24111,1.19,2.25
2016.04.19 22:46:12.054,1.24099,1.2411,2.44,1.50
2016.04.19 22:46:12.567,1.24099,1.24111,2.44,2.25
2016.04.19 22:46:13.185,1.24099,1.2411,2.44,1.50
2016.04.19 22:46:15.502,1.24099,1.24111,3.19,2.25
2016.04.19 22:46:15.684,1.24099,1.24114,3.19,1.19
2016.04.19 22:46:16.139,1.241,1.24111,1.19,1.00
2016.04.19 22:46:29.602,1.24101,1.24108,1.19,1.00
2016.04.19 22:46:29.654,1.24101,1.24108,1.00,1.00
2016.04.19 22:46:29.705,1.24098,1.24106,1.19,1.00
2016.04.19 22:46:29.756,1.24097,1.24106,2.62,1.00
2016.04.19 22:46:30.304,1.24098,1.24105,1.19,2.25
2016.04.19 22:46:30.810,1.24098,1.24105,1.00,2.25
2016.04.19 22:46:32.203,1.24097,1.24105,1.50,1.00
2016.04.19 22:46:32.506,1.24099,1.24105,1.00,2.25
2016.04.19 22:46:37.773,1.241,1.24106,1.25,1.00
2016.04.19 22:46:37.825,1.24102,1.2411,1.00,2.25
2016.04.19 22:46:37.927,1.24099,1.2411,1.00,2.25
2016.04.19 22:46:38.433,1.24098,1.2411,1.69,2.25
2016.04.19 22:46:44.765,1.24099,1.24109,1.19,1.00
2016.04.19 22:46:45.599,1.24098,1.24109,1.50,1.00
2016.04.19 22:46:46.218,1.24098,1.24109,1.19,1.00
2016.04.19 22:46:46.728,1.24098,1.24109,1.00,1.00
2016.04.19 22:46:56.824,1.24097,1.24109,2.81,1.00
2016.04.19 22:47:01.108,1.24098,1.2411,2.06,2.25
2016.04.19 22:47:01.618,1.24099,1.2411,1.19,1.00
2016.04.19 22:47:02.141,1.24098,1.24109,1.69,1.00
2016.04.19 22:47:02.644,1.24099,1.24109,1.19,1.00
2016.04.19 22:47:02.945,1.24099,1.24109,1.19,1.00
2016.04.19 22:47:03.487,1.24098,1.24109,1.00,1.00
2016.04.19 22:47:04.150,1.24098,1.24109,1.19,1.00
2016.04.19 22:47:07.285,1.24097,1.24103,1.19,1.00
2016.04.19 22:47:07.387,1.24096,1.24102,1.87,1.00
2016.04.19 22:47:07.489,1.24092,1.24102,1.00,1.00
2016.04.19 22:47:07.591,1.24091,1.241,1.00,1.00
2016.04.19 22:47:07.692,1.24091,1.24103,1.00,1.00
2016.04.19 22:47:07.743,1.24091,1.24101,1.00,1.00
2016.04.19 22:47:07.943,1.24093,1.24105,1.50,1.25
2016.04.19 22:47:08.562,1.24094,1.24105,1.00,1.00
2016.04.19 22:47:09.063,1.24093,1.24105,1.00,1.00
2016.04.19 22:47:09.653,1.24094,1.24105,1.00,1.00
2016.04.19 22:47:10.955,1.24093,1.24105,1.00,1.00
2016.04.19 22:47:12.304,1.24093,1.24103,1.00,1.00
2016.04.19 22:47:12.935,1.24093,1.24103,1.19,1.00
2016.04.19 22:47:17.312,1.24094,1.24105,1.25,2.44
2016.04.19 22:47:22.201,1.24091,1.24105,1.69,2.62
2016.04.19 22:47:22.355,1.24091,1.24103,1.69,1.00
2016.04.19 22:47:22.858,1.24091,1.24103,1.69,1.00
2016.04.19 22:47:30.112,1.24092,1.24103,1.00,1.12
2016.04.19 22:47:33.209,1.24092,1.24103,1.19,1.00
2016.04.19 22:47:33.855,1.24092,1.24103,1.00,1.00
2016.04.19 22:47:33.906,1.2409,1.24101,3.00,1.00
2016.04.19 22:47:34.108,1.24088,1.24101,1.00,2.25
2016.04.19 22:47:34.311,1.24087,1.24099,1.87,1.00
2016.04.19 22:47:34.879,1.24087,1.24099,1.69,1.00
2016.04.19 22:47:35.326,1.24088,1.24099,1.19,1.00
2016.04.19 22:47:35.837,1.24088,1.241,1.69,1.50
2016.04.19 22:47:36.935,1.24088,1.24101,1.69,3.19
2016.04.19 22:47:37.445,1.24091,1.24102,1.00,1.00
2016.04.19 22:47:37.597,1.24091,1.24105,1.87,2.44
2016.04.19 22:47:37.649,1.24093,1.24105,1.00,2.44
2016.04.19 22:47:37.751,1.24091,1.24105,1.87,2.44
2016.04.19 22:47:38.315,1.24092,1.24105,1.00,2.25
2016.04.19 22:47:39.250,1.24093,1.24105,1.00,2.25
2016.04.19 22:47:39.547,1.24091,1.24105,2.62,1.00
2016.04.19 22:47:42.015,1.24092,1.24105,1.00,1.00
2016.04.19 22:47:42.427,1.24094,1.24105,1.00,1.50
2016.04.19 22:47:42.962,1.24095,1.24106,1.00,1.00
2016.04.19 22:47:43.527,1.24094,1.24106,1.87,1.00
2016.04.19 22:47:44.966,1.24094,1.24106,2.06,1.00
2016.04.19 22:47:45.497,1.24095,1.24108,2.44,1.50
2016.04.19 22:47:45.548,1.24097,1.24108,1.00,1.50
2016.04.19 22:47:45.863,1.24099,1.24108,1.00,1.00
2016.04.19 22:47:45.914,1.24097,1.24108,1.00,1.00
2016.04.19 22:47:48.334,1.24097,1.24107,1.00,1.00
2016.04.19 22:47:48.537,1.24095,1.24107,2.25,1.69
2016.04.19 22:47:49.043,1.24095,1.24106,2.25,1.00
2016.04.19 22:47:49.526,1.24097,1.24106,1.00,1.00
2016.04.19 22:47:50.227,1.24098,1.24106,1.00,1.00
2016.04.19 22:47:50.728,1.24097,1.24106,1.00,1.00
2016.04.19 22:47:51.275,1.24097,1.24107,1.00,1.50
2016.04.19 22:47:52.997,1.24097,1.24106,1.00,1.00
2016.04.19 22:47:53.557,1.24097,1.24107,1.00,1.50
2016.04.19 22:47:54.226,1.24097,1.24106,1.00,1.00
2016.04.19 22:47:54.837,1.24098,1.24106,1.00,1.00
2016.04.19 22:47:55.363,1.24098,1.24107,1.00,1.00
2016.04.19 22:47:55.943,1.24098,1.24106,1.00,1.00
2016.04.19 22:47:58.567,1.24098,1.24107,1.00,1.00
2016.04.19 22:47:59.138,1.24098,1.24106,1.00,1.00
2016.04.19 22:48:00.744,1.24098,1.24107,1.00,1.00
2016.04.19 22:48:01.065,1.24101,1.24108,1.12,1.00
2016.04.19 22:48:01.166,1.24104,1.24114,1.00,1.50
2016.04.19 22:48:01.369,1.24108,1.24118,1.00,1.00
2016.04.19 22:48:01.976,1.24107,1.24118,1.00,2.25
2016.04.19 22:48:02.077,1.24105,1.24118,3.75,2.25
2016.04.19 22:48:02.662,1.24104,1.24118,3.00,1.00
2016.04.19 22:48:03.264,1.24105,1.24118,1.50,1.00
2016.04.19 22:48:04.302,1.24104,1.24118,3.75,1.50
2016.04.19 22:48:04.829,1.24105,1.24118,1.50,1.50
2016.04.19 22:48:10.649,1.24105,1.24115,1.00,1.00
2016.04.19 22:48:10.800,1.24101,1.24114,3.79,1.00
2016.04.19 22:48:10.902,1.24101,1.24112,1.69,1.00
2016.04.19 22:48:11.448,1.241,1.24112,3.56,1.00
2016.04.19 22:48:18.760,1.24099,1.24109,1.19,1.00
2016.04.19 22:48:18.861,1.24096,1.24109,1.12,1.00
2016.04.19 22:48:19.367,1.24096,1.24106,1.00,1.00
2016.04.19 22:48:19.956,1.24097,1.24106,1.25,1.00
2016.04.19 22:48:20.164,1.24095,1.24106,1.00,1.00
2016.04.19 22:48:20.714,1.24096,1.24106,1.00,1.25
2016.04.19 22:48:27.931,1.24095,1.241,1.19,1.00
2016.04.19 22:48:28.235,1.24093,1.24097,1.00,1.00
2016.04.19 22:48:28.336,1.24093,1.24099,1.00,1.50
2016.04.19 22:48:28.848,1.24094,1.24102,1.00,1.19
2016.04.19 22:48:29.355,1.24093,1.24102,1.00,1.00
2016.04.19 22:48:30.706,1.24094,1.24102,1.00,1.00
2016.04.19 22:48:31.781,1.24094,1.24101,1.00,1.00
2016.04.19 22:48:31.832,1.24092,1.24101,1.00,1.00
2016.04.19 22:48:32.403,1.24093,1.24102,1.00,1.00
2016.04.19 22:48:32.941,1.24092,1.24101,1.00,1.00
2016.04.19 22:48:38.010,1.24092,1.24102,1.00,1.50
2016.04.19 22:48:38.512,1.24092,1.24101,1.00,1.00
2016.04.19 22:48:40.014,1.24092,1.24102,1.00,1.50
2016.04.19 22:48:40.718,1.24092,1.24101,1.00,1.00
2016.04.19 22:48:42.575,1.24092,1.241,1.00,1.00
2016.04.19 22:48:43.181,1.24092,1.241,1.00,2.44
2016.04.19 22:48:43.729,1.24092,1.241,1.00,2.44
2016.04.19 22:48:48.410,1.24092,1.24097,1.00,1.00
2016.04.19 22:48:49.017,1.24093,1.24097,1.00,1.25
2016.04.19 22:48:49.321,1.24092,1.24095,1.00,1.00
2016.04.19 22:48:53.563,1.24091,1.24095,1.00,2.44
2016.04.19 22:48:55.502,1.24091,1.24095,1.00,1.19
2016.04.19 22:48:56.005,1.24091,1.24095,1.00,2.25
2016.04.19 22:48:58.337,1.24093,1.24098,1.00,1.25
2016.04.19 22:48:59.255,1.24093,1.24097,1.00,1.00
2016.04.19 22:48:59.797,1.24093,1.24099,1.00,1.69
2016.04.19 22:49:00.753,1.24093,1.24099,1.00,1.69
2016.04.19 22:49:01.700,1.24093,1.24098,1.00,1.00
2016.04.19 22:49:01.751,1.24092,1.24096,1.00,1.00
2016.04.19 22:49:02.069,1.24092,1.24094,1.00,1.00
2016.04.19 22:49:02.222,1.24093,1.24097,1.00,1.00
2016.04.19 22:49:02.426,1.24093,1.24101,1.00,1.50
2016.04.19 22:49:02.629,1.24092,1.24104,1.25,1.50
2016.04.19 22:49:02.730,1.24092,1.24104,1.19,1.50
2016.04.19 22:49:04.719,1.24092,1.24104,2.44,1.00
2016.04.19 22:49:05.062,1.24092,1.24104,2.44,1.00
2016.04.19 22:49:09.667,1.24092,1.24103,2.44,1.00
2016.04.19 22:49:18.253,1.24092,1.24102,3.56,1.00
2016.04.19 22:49:18.355,1.24092,1.241,2.25,1.00
2016.04.19 22:49:18.861,1.24093,1.24099,1.00,1.00
2016.04.19 22:49:19.806,1.24092,1.24099,1.00,1.00
2016.04.19 22:49:23.972,1.24092,1.24098,1.00,1.00
2016.04.19 22:49:24.023,1.24092,1.24101,1.00,2.25
2016.04.19 22:49:24.524,1.24093,1.24102,1.00,1.00
2016.04.19 22:49:24.626,1.24093,1.241,1.00,1.00
2016.04.19 22:49:25.186,1.24092,1.241,1.00,1.00
2016.04.19 22:49:25.723,1.24093,1.241,1.00,1.00
2016.04.19 22:49:27.836,1.24093,1.24097,1.00,1.00
2016.04.19 22:49:28.343,1.24092,1.24096,1.00,1.25
2016.04.19 22:49:28.857,1.24093,1.24098,1.00,1.19
2016.04.19 22:49:28.908,1.24093,1.24098,1.00,1.00
2016.04.19 22:49:31.689,1.24093,1.24097,1.00,1.00
2016.04.19 22:49:32.293,1.24092,1.24097,1.00,1.00
2016.04.19 22:49:37.454,1.24092,1.24096,1.00,1.00
2016.04.19 22:49:39.552,1.24092,1.24098,1.00,1.00
2016.04.19 22:49:41.033,1.24092,1.24096,1.00,1.00
2016.04.19 22:49:41.639,1.24093,1.24096,1.00,1.00
2016.04.19 22:49:42.998,1.24092,1.24093,1.00,1.00
2016.04.19 22:49:43.050,1.24084,1.24093,1.00,1.00
2016.04.19 22:49:43.634,1.24083,1.24094,1.25,1.00
2016.04.19 22:49:44.610,1.24083,1.24093,1.25,1.00
2016.04.19 22:49:50.218,1.24083,1.24094,1.00,1.00
2016.04.19 22:50:00.526,1.24083,1.24093,1.00,1.00
2016.04.19 22:50:00.678,1.2408,1.24091,3.75,1.00
2016.04.19 22:50:01.185,1.2408,1.24089,1.25,1.00
2016.04.19 22:50:01.287,1.24077,1.24086,1.87,1.00
2016.04.19 22:50:01.439,1.24075,1.24085,2.25,1.00
2016.04.19 22:50:01.540,1.24075,1.24083,1.00,1.00
2016.04.19 22:50:01.592,1.24072,1.24083,1.37,1.00
2016.04.19 22:50:01.743,1.24071,1.24082,1.50,1.00
2016.04.19 22:50:03.833,1.2407,1.24084,2.81,1.50
2016.04.19 22:50:06.318,1.2407,1.24082,2.06,1.50
2016.04.19 22:50:06.722,1.24069,1.2408,1.19,1.50
2016.04.19 22:50:07.432,1.24068,1.24079,1.00,1.00
2016.04.19 22:50:07.636,1.2407,1.2408,1.00,2.44
2016.04.19 22:50:07.940,1.24071,1.24083,1.00,1.25
2016.04.19 22:50:08.042,1.24073,1.24084,1.00,1.19
2016.04.19 22:50:08.094,1.24073,1.24086,1.31,2.25
2016.04.19 22:50:08.196,1.24075,1.24086,1.00,3.00
2016.04.19 22:50:08.572,1.24076,1.24088,1.00,1.50
2016.04.19 22:50:08.724,1.24079,1.24089,1.00,1.00
2016.04.19 22:50:09.230,1.24078,1.2409,1.31,1.00
2016.04.19 22:50:09.968,1.24078,1.2409,2.06,1.00
2016.04.19 22:50:10.500,1.24078,1.2409,2.06,1.00
2016.04.19 22:50:10.638,1.24078,1.2409,1.31,1.00
2016.04.19 22:50:11.731,1.24078,1.2409,2.06,1.00
2016.04.19 22:50:12.383,1.24078,1.2409,1.31,1.00
2016.04.19 22:50:13.353,1.24077,1.24089,2.81,1.00
2016.04.19 22:50:13.966,1.24077,1.24089,1.69,1.00
2016.04.19 22:50:18.852,1.24077,1.24088,1.69,1.00
2016.04.19 22:50:19.004,1.24076,1.24088,1.31,1.00
2016.04.19 22:50:21.506,1.24077,1.24088,1.19,1.00
2016.04.19 22:50:22.161,1.24077,1.24085,1.19,1.00
2016.04.19 22:50:22.212,1.24075,1.24085,1.50,1.00
2016.04.19 22:50:22.364,1.24072,1.24085,2.81,1.00
2016.04.19 22:50:22.876,1.2407,1.24084,4.50,1.00
2016.04.19 22:50:30.441,1.24074,1.24085,1.00,1.00
2016.04.19 22:50:30.583,1.24074,1.24087,1.69,1.00
2016.04.19 22:50:30.787,1.24073,1.24083,2.81,1.00
2016.04.19 22:50:31.192,1.2407,1.24083,5.44,1.00
2016.04.19 22:50:31.552,1.2407,1.24081,3.19,1.00
2016.04.19 22:50:31.856,1.24069,1.24079,1.00,1.00
2016.04.19 22:50:32.184,1.24067,1.24077,1.00,1.00
2016.04.19 22:50:32.337,1.24068,1.2408,1.87,3.00
2016.04.19 22:50:32.439,1.2407,1.24082,1.00,1.50
2016.04.19 22:50:32.591,1.24074,1.24081,1.00,1.50
2016.04.19 22:50:32.743,1.24073,1.24085,1.31,1.00
2016.04.19 22:50:32.844,1.24076,1.24085,1.19,1.00
2016.04.19 22:50:32.973,1.24078,1.24087,1.25,1.00
2016.04.19 22:50:33.480,1.24079,1.24088,1.25,1.00
2016.04.19 22:50:33.531,1.24079,1.24088,1.19,1.00
2016.04.19 22:50:33.885,1.24082,1.24086,1.00,1.00
2016.04.19 22:50:34.087,1.24078,1.24086,1.25,1.00
2016.04.19 22:50:34.817,1.2408,1.24086,1.00,1.00
2016.04.19 22:50:34.918,1.24078,1.24086,1.25,1.00
2016.04.19 22:50:39.178,1.24078,1.24087,1.25,1.00
2016.04.19 22:50:40.318,1.24082,1.24088,1.00,1.00
2016.04.19 22:50:40.419,1.2408,1.24087,1.25,1.00
2016.04.19 22:50:40.470,1.2408,1.24087,1.69,1.00
2016.04.19 22:50:40.572,1.24084,1.2409,2.25,1.00
2016.04.19 22:50:43.355,1.24084,1.24087,1.00,1.00
2016.04.19 22:50:43.410,1.24082,1.24087,1.00,1.50
2016.04.19 22:50:43.461,1.24082,1.24085,1.00,1.00
2016.04.19 22:50:43.512,1.24079,1.24085,1.50,1.00
2016.04.19 22:50:44.042,1.24078,1.24085,1.25,1.00
2016.04.19 22:50:44.846,1.24078,1.24085,1.19,2.25
2016.04.19 22:50:45.431,1.24078,1.24085,1.00,1.00
2016.04.19 22:50:47.658,1.2408,1.24085,1.00,2.25
2016.04.19 22:50:53.973,1.2408,1.24086,1.00,1.00
2016.04.19 22:50:54.176,1.2408,1.24088,1.00,1.00
2016.04.19 22:50:54.727,1.2408,1.24087,1.00,1.00
2016.04.19 22:50:55.290,1.2408,1.24087,1.19,1.00
2016.04.19 22:50:58.925,1.24084,1.24087,1.00,1.00
2016.04.19 22:51:00.665,1.24085,1.24087,1.00,1.00
2016.04.19 22:51:01.413,1.24084,1.24087,1.00,1.00
2016.04.19 22:51:01.945,1.24085,1.24087,1.00,1.00
2016.04.19 22:51:02.472,1.24085,1.24088,1.00,1.00
2016.04.19 22:51:04.376,1.24084,1.24088,1.00,1.50
2016.04.19 22:51:06.627,1.24085,1.24087,1.00,1.00
2016.04.19 22:51:07.154,1.24085,1.24088,1.00,1.00
2016.04.19 22:51:07.757,1.24084,1.24087,1.00,1.00
2016.04.19 22:51:10.463,1.24084,1.24087,1.00,1.00
2016.04.19 22:51:10.565,1.24084,1.24087,1.00,1.00
2016.04.19 22:51:11.470,1.24083,1.24087,1.00,1.00
2016.04.19 22:51:11.874,1.24086,1.24087,1.00,1.00
2016.04.19 22:51:12.027,1.24084,1.2409,1.50,2.25
2016.04.19 22:51:12.230,1.24087,1.2409,1.00,1.00
2016.04.19 22:51:12.332,1.24088,1.24095,1.00,1.50
2016.04.19 22:51:12.433,1.24088,1.24098,1.00,1.00
2016.04.19 22:51:13.094,1.24089,1.24098,1.00,1.00
2016.04.19 22:51:14.421,1.24089,1.241,1.25,3.00
2016.04.19 22:51:14.526,1.24092,1.241,1.00,2.25
2016.04.19 22:51:15.032,1.24091,1.241,1.00,2.25
2016.04.19 22:51:16.634,1.24091,1.241,1.19,2.25
2016.04.19 22:51:17.135,1.24091,1.241,1.25,2.25
2016.04.19 22:51:20.167,1.2409,1.24099,1.19,1.00
2016.04.19 22:51:20.693,1.2409,1.24099,1.19,1.00
2016.04.19 22:51:21.229,1.2409,1.24099,1.69,1.00
2016.04.19 22:51:23.187,1.2409,1.24101,1.69,3.00
2016.04.19 22:51:23.619,1.2409,1.241,1.25,1.00
2016.04.19 22:51:24.902,1.2409,1.241,1.19,2.25
2016.04.19 22:51:25.115,1.2409,1.241,1.19,1.00
2016.04.19 22:51:27.358,1.2409,1.24098,1.19,1.00
2016.04.19 22:51:27.460,1.24089,1.24097,1.25,1.00
2016.04.19 22:51:27.824,1.2409,1.24099,1.00,1.00
2016.04.19 22:51:27.875,1.24092,1.241,1.00,2.25
2016.04.19 22:51:28.078,1.24089,1.24102,1.69,1.00
2016.04.19 22:51:28.591,1.2409,1.24101,1.19,1.00
2016.04.19 22:51:32.160,1.24089,1.24098,2.25,1.00
2016.04.19 22:51:32.312,1.24089,1.24097,1.25,1.00
2016.04.19 22:51:32.770,1.24088,1.24095,1.19,1.50
2016.04.19 22:51:33.302,1.24086,1.24094,1.87,1.00
2016.04.19 22:51:38.781,1.24086,1.24095,1.31,1.50
2016.04.19 22:51:39.293,1.24086,1.24096,1.31,1.00
2016.04.19 22:51:39.947,1.24086,1.24097,1.69,1.00
2016.04.19 22:51:40.393,1.24088,1.24101,1.56,1.50
2016.04.19 22:51:40.495,1.24093,1.24105,1.19,3.00
2016.04.19 22:51:40.597,1.24095,1.24104,2.06,1.00
2016.04.19 22:51:41.111,1.24097,1.24105,1.00,2.62
2016.04.19 22:51:41.613,1.24096,1.24105,1.00,1.50
2016.04.19 22:51:45.419,1.24095,1.24105,4.12,2.25
2016.04.19 22:51:45.722,1.24099,1.24105,1.00,1.50
2016.04.19 22:51:45.837,1.24099,1.24107,1.00,1.12
2016.04.19 22:51:46.597,1.24099,1.24107,1.00,1.37
2016.04.19 22:51:47.794,1.24098,1.24107,1.25,1.37
2016.04.19 22:51:48.333,1.24098,1.24107,1.25,1.50
2016.04.19 22:51:48.942,1.24098,1.24106,1.25,1.00
2016.04.19 22:51:49.501,1.24098,1.24107,1.25,1.12
2016.04.19 22:51:49.954,1.24098,1.24107,1.69,1.37
2016.04.19 22:51:50.807,1.24098,1.24107,1.69,1.12
2016.04.19 22:51:51.092,1.24096,1.24107,1.31,1.12
2016.04.19 22:51:51.713,1.24096,1.24106,1.19,1.00
2016.04.19 22:51:52.558,1.24096,1.24107,1.19,1.50
2016.04.19 22:51:52.817,1.24096,1.24106,1.25,1.00
2016.04.19 22:51:55.261,1.24096,1.24108,1.25,1.12
2016.04.19 22:51:55.794,1.24096,1.24107,1.25,1.12
2016.04.19 22:51:57.886,1.24097,1.24109,1.69,1.37
2016.04.19 22:51:57.987,1.241,1.2411,1.50,1.50
2016.04.19 22:51:58.418,1.241,1.24111,1.50,1.00
2016.04.19 22:52:02.478,1.241,1.24109,1.31,1.00
2016.04.19 22:52:02.630,1.24098,1.24108,3.00,1.00
2016.04.19 22:52:02.681,1.24098,1.24106,1.50,1.00
2016.04.19 22:52:02.732,1.24096,1.24108,1.00,1.37
2016.04.19 22:52:03.330,1.24096,1.24106,1.12,1.00
2016.04.19 22:52:05.471,1.24096,1.24106,1.37,1.00
2016.04.19 22:52:07.763,1.24096,1.24106,1.56,1.00
2016.04.19 22:52:08.295,1.24096,1.24107,2.44,1.00
2016.04.19 22:52:10.403,1.24098,1.24107,1.19,1.00
2016.04.19 22:52:11.768,1.24096,1.24107,3.19,1.00
2016.04.19 22:52:12.408,1.24096,1.24107,3.19,1.00
2016.04.19 22:52:28.297,1.24095,1.24105,4.31,1.00
2016.04.19 22:52:28.348,1.24095,1.24105,2.81,1.00
2016.04.19 22:52:28.852,1.24094,1.24104,2.25,1.12
2016.04.19 22:52:29.402,1.24094,1.24104,2.44,1.12
2016.04.19 22:52:34.300,1.24095,1.24104,1.69,1.50
2016.04.19 22:52:34.809,1.24095,1.24104,1.69,1.37
2016.04.19 22:52:35.316,1.24095,1.24104,1.69,1.50
2016.04.19 22:52:39.980,1.24095,1.24105,1.69,1.50
2016.04.19 22:52:40.182,1.24094,1.24103,2.81,1.00
2016.04.19 22:52:49.232,1.24094,1.241,1.19,1.00
2016.04.19 22:52:49.283,1.24092,1.241,1.69,1.00
2016.04.19 22:52:49.939,1.24089,1.24097,2.44,1.00
2016.04.19 22:52:50.041,1.24088,1.24097,1.50,1.00
2016.04.19 22:52:52.913,1.24088,1.24095,1.31,1.50
2016.04.19 22:52:53.430,1.24088,1.24096,1.25,1.50
2016.04.19 22:52:54.320,1.24088,1.24095,1.25,1.50
2016.04.19 22:52:54.972,1.24088,1.24096,1.31,1.50
2016.04.19 22:52:55.812,1.24088,1.24095,1.31,1.00
2016.04.19 22:52:56.764,1.24087,1.24095,1.00,1.50
2016.04.19 22:52:56.816,1.24088,1.24097,1.00,1.00
2016.04.19 22:52:57.260,1.24087,1.241,1.37,3.00
2016.04.19 22:52:57.911,1.24087,1.241,1.31,2.25
2016.04.19 22:52:58.063,1.24087,1.241,2.06,1.00
2016.04.19 22:52:59.477,1.24087,1.24098,1.19,1.00
2016.04.19 22:53:13.518,1.24087,1.24095,2.44,1.00
2016.04.19 22:53:13.670,1.24088,1.24095,1.00,2.25
2016.04.19 22:53:13.721,1.24086,1.24095,1.31,2.25
2016.04.19 22:53:14.272,1.24083,1.24094,2.06,1.00
2016.04.19 22:53:18.996,1.24083,1.24095,3.94,2.25
2016.04.19 22:53:19.408,1.24087,1.24095,1.19,2.25
2016.04.19 22:53:31.329,1.24088,1.24096,1.25,1.50
2016.04.19 22:53:31.787,1.24086,1.24093,1.25,1.00
2016.04.19 22:53:32.317,1.24085,1.24095,2.44,1.00
2016.04.19 22:53:32.924,1.24085,1.24095,3.19,2.25
2016.04.19 22:53:44.201,1.24085,1.24094,3.94,1.00
2016.04.19 22:53:46.033,1.24085,1.24093,2.06,1.00
2016.04.19 22:53:46.286,1.24084,1.24091,1.00,1.00
2016.04.19 22:53:46.792,1.24081,1.24091,1.19,1.00
2016.04.19 22:53:47.406,1.24081,1.2409,1.19,1.50
2016.04.19 22:53:48.332,1.24081,1.24091,1.19,2.25
2016.04.19 22:53:48.693,1.24081,1.24088,1.19,1.00
2016.04.19 22:53:48.752,1.24081,1.24088,1.00,1.00
2016.04.19 22:53:50.786,1.2408,1.24088,1.25,1.00
2016.04.19 22:54:01.796,1.24077,1.24085,1.69,1.00
2016.04.19 22:54:01.847,1.24076,1.24085,2.62,2.25
2016.04.19 22:54:02.151,1.24078,1.24085,1.00,1.00
2016.04.19 22:54:02.454,1.24079,1.24087,1.00,1.00
2016.04.19 22:54:02.556,1.24081,1.24087,1.00,1.00
2016.04.19 22:54:03.087,1.24082,1.24087,1.00,1.00
2016.04.19 22:54:12.557,1.24082,1.24089,1.00,1.00
2016.04.19 22:54:17.624,1.24082,1.24087,1.00,1.00
2016.04.19 22:54:18.945,1.24082,1.24089,1.00,1.00
2016.04.19 22:54:23.475,1.24082,1.24088,1.00,1.00
2016.04.19 22:54:30.966,1.24082,1.24089,1.00,1.00
2016.04.19 22:54:31.784,1.24082,1.24086,1.00,1.00
2016.04.19 22:54:31.886,1.24077,1.24083,1.00,1.00
2016.04.19 22:54:31.988,1.24073,1.24084,1.00,1.00
2016.04.19 22:54:32.494,1.24073,1.24085,1.12,1.50
2016.04.19 22:54:32.646,1.24075,1.24085,1.12,1.50
2016.04.19 22:54:32.747,1.24077,1.24089,1.00,1.25
2016.04.19 22:54:37.242,1.24076,1.24088,2.25,1.00
2016.04.19 22:54:40.956,1.24075,1.24087,6.00,1.00
2016.04.19 22:54:41.007,1.24075,1.24084,2.25,1.00
2016.04.19 22:54:41.058,1.24073,1.24086,6.00,1.00
2016.04.19 22:54:42.657,1.24075,1.24086,2.25,1.00
2016.04.19 22:54:42.910,1.24077,1.2409,1.56,3.00
2016.04.19 22:54:42.961,1.24078,1.2409,1.69,1.00
2016.04.19 22:54:43.164,1.24077,1.24088,1.87,1.00
2016.04.19 22:54:43.670,1.24077,1.24088,3.00,1.00
2016.04.19 22:55:01.921,1.24076,1.24088,1.87,1.00
2016.04.19 22:55:02.422,1.24076,1.24088,1.00,1.00
2016.04.19 22:55:05.830,1.24076,1.24088,1.37,1.00
2016.04.19 22:55:06.985,1.24076,1.24086,1.50,1.00
2016.04.19 22:55:09.312,1.24078,1.24086,1.19,1.00
2016.04.19 22:55:15.369,1.24078,1.24088,1.19,1.00
2016.04.19 22:55:24.303,1.24078,1.24089,1.19,1.00
2016.04.19 22:55:26.862,1.24077,1.24089,2.81,1.00
2016.04.19 22:55:31.085,1.24076,1.24089,5.06,1.00
2016.04.19 22:55:32.144,1.24077,1.24089,2.81,1.00
2016.04.19 22:55:33.052,1.24077,1.24089,1.87,1.00
2016.04.19 22:55:33.682,1.24076,1.24089,5.06,1.00
2016.04.19 22:55:40.836,1.24078,1.24089,1.31,1.00
2016.04.19 22:55:41.083,1.24077,1.24089,1.87,1.00
2016.04.19 22:55:41.610,1.24077,1.24089,2.44,1.00
2016.04.19 22:55:42.787,1.24077,1.24083,1.69,1.00
2016.04.19 22:55:42.838,1.24076,1.24081,1.00,1.00
2016.04.19 22:55:42.889,1.24076,1.24083,1.00,1.00
2016.04.19 22:55:43.449,1.24076,1.24084,1.19,1.00
2016.04.19 22:55:47.542,1.24076,1.24084,1.19,1.00
2016.04.19 22:55:50.971,1.24076,1.24083,1.19,1.00
2016.04.19 22:55:51.072,1.24076,1.24083,1.00,1.00
2016.04.19 22:55:55.235,1.24076,1.24084,1.00,1.00
2016.04.19 22:55:55.387,1.24078,1.24085,1.25,2.25
2016.04.19 22:56:01.044,1.24078,1.24084,1.25,1.00
2016.04.19 22:56:05.761,1.24076,1.24085,1.69,1.50
2016.04.19 22:56:05.812,1.24076,1.24087,1.69,1.00
2016.04.19 22:56:11.181,1.24076,1.24088,1.56,1.00
2016.04.19 22:56:16.172,1.24077,1.24086,1.19,1.00
2016.04.19 22:56:16.324,1.24075,1.24086,1.25,1.00
2016.04.19 22:56:16.426,1.24073,1.24085,1.00,1.50
2016.04.19 22:56:17.024,1.24071,1.24084,2.06,1.00
2016.04.19 22:56:20.852,1.24071,1.24084,2.06,1.00
2016.04.19 22:56:21.704,1.24071,1.24083,1.31,1.00
2016.04.19 22:56:22.419,1.24071,1.24083,1.31,1.00
2016.04.19 22:56:31.764,1.2407,1.24083,3.94,1.00
2016.04.19 22:56:32.371,1.24071,1.24084,1.31,1.00
2016.04.19 22:56:32.574,1.24071,1.24084,1.31,1.00
2016.04.19 22:56:37.682,1.2407,1.24083,4.69,1.00
2016.04.19 22:56:42.827,1.24072,1.24085,1.56,1.87
2016.04.19 22:56:42.929,1.24074,1.24087,1.69,1.00
2016.04.19 22:56:43.283,1.24075,1.24088,3.94,1.25
2016.04.19 22:56:43.812,1.24075,1.24088,5.06,1.00
2016.04.19 22:56:44.332,1.24077,1.24088,1.31,1.00
2016.04.19 22:56:48.253,1.24078,1.2409,1.56,2.25
2016.04.19 22:56:48.359,1.24079,1.2409,1.44,1.00
2016.04.19 22:56:48.410,1.2408,1.24093,1.19,1.00
2016.04.19 22:56:51.466,1.2408,1.24093,1.25,1.19
2016.04.19 22:56:52.143,1.2408,1.24093,1.69,1.00
2016.04.19 22:56:52.483,1.2408,1.24091,1.69,1.00
2016.04.19 22:57:04.021,1.24079,1.24093,1.31,1.00
2016.04.19 22:57:11.503,1.24081,1.24093,1.19,1.25
2016.04.19 22:57:15.917,1.24082,1.24095,1.25,2.25
2016.04.19 22:57:16.019,1.24083,1.24095,1.19,1.00
2016.04.19 22:57:17.671,1.24081,1.24094,2.81,1.00
2016.04.19 22:57:17.882,1.24081,1.24092,1.50,1.00
2016.04.19 22:57:17.984,1.24079,1.24092,2.62,1.00
2016.04.19 22:57:18.595,1.24079,1.24092,1.69,1.00
2016.04.19 22:57:22.166,1.24079,1.24091,1.19,1.00
2016.04.19 22:57:22.773,1.24077,1.24089,2.06,1.00
2016.04.19 22:57:27.891,1.24078,1.2409,1.19,1.50
2016.04.19 22:57:27.942,1.24079,1.24092,1.19,1.00
2016.04.19 22:57:27.993,1.24082,1.24093,1.00,1.00
2016.04.19 22:57:28.044,1.24082,1.24095,1.00,2.25
2016.04.19 22:57:28.096,1.2408,1.24095,4.31,1.87
2016.04.19 22:57:28.197,1.24082,1.24095,1.00,1.50
2016.04.19 22:57:28.748,1.24083,1.24095,1.69,1.69
2016.04.19 22:57:29.628,1.24084,1.24095,1.19,1.50
2016.04.19 22:57:30.439,1.24084,1.24096,1.19,2.44
2016.04.19 22:57:31.734,1.24084,1.24095,1.19,1.50
2016.04.19 22:57:31.835,1.24082,1.24092,1.00,1.00
2016.04.19 22:57:31.987,1.2408,1.24092,2.62,1.25
2016.04.19 22:57:32.495,1.24078,1.2409,1.19,1.00
2016.04.19 22:57:33.000,1.24078,1.24089,1.00,1.00
2016.04.19 22:57:34.654,1.24078,1.2409,1.62,2.25
2016.04.19 22:57:34.755,1.24079,1.24093,2.44,1.00
2016.04.19 22:57:34.908,1.24082,1.24094,1.12,1.00
2016.04.19 22:57:35.213,1.24081,1.24095,1.75,2.25
2016.04.19 22:57:35.315,1.24082,1.24095,1.00,1.00
2016.04.19 22:57:35.517,1.24081,1.24091,1.00,1.00
2016.04.19 22:57:35.670,1.24079,1.2409,1.31,1.50
2016.04.19 22:57:35.721,1.2408,1.2409,1.19,1.50
2016.04.19 22:57:35.824,1.24078,1.2409,2.81,2.25
2016.04.19 22:57:36.146,1.24077,1.24087,1.31,1.00
2016.04.19 22:57:36.657,1.24076,1.24087,1.19,1.00
2016.04.19 22:57:37.799,1.24076,1.24086,1.69,1.00
2016.04.19 22:57:38.612,1.24076,1.24089,1.69,1.50
2016.04.19 22:57:39.462,1.24076,1.24087,1.19,1.00
2016.04.19 22:57:39.665,1.24075,1.24087,2.44,1.00
2016.04.19 22:57:39.748,1.24077,1.24087,1.19,1.00
2016.04.19 22:57:48.472,1.24074,1.24085,1.12,1.00
2016.04.19 22:57:49.071,1.24075,1.24085,1.00,1.00
2016.04.19 22:57:50.410,1.24074,1.24087,1.19,1.25
2016.04.19 22:57:50.923,1.24074,1.24087,1.31,1.00
2016.04.19 22:57:51.432,1.24075,1.24086,1.19,1.69
2016.04.19 22:57:54.742,1.24075,1.24086,1.00,1.25
2016.04.19 22:57:55.359,1.24072,1.24084,2.44,1.00
2016.04.19 22:57:55.511,1.24071,1.24084,2.62,1.00
2016.04.19 22:57:55.714,1.24073,1.24085,1.25,1.50
2016.04.19 22:57:55.816,1.24073,1.24089,1.69,1.69
2016.04.19 22:57:56.069,1.24078,1.24089,1.00,1.25
2016.04.19 22:57:56.578,1.24077,1.24089,1.19,1.00
2016.04.19 22:58:07.068,1.24075,1.24089,3.19,1.00
2016.04.19 22:58:07.170,1.24075,1.24089,1.12,1.19
2016.04.19 22:58:07.842,1.24075,1.24089,3.19,1.25
2016.04.19 22:58:16.702,1.24075,1.24087,3.19,1.00
2016.04.19 22:58:40.021,1.24077,1.24087,1.00,1.00
2016.04.19 22:58:40.164,1.24077,1.2409,1.25,2.25
2016.04.19 22:58:40.712,1.24078,1.2409,1.50,2.44
2016.04.19 22:58:44.036,1.24077,1.2409,2.25,1.00
2016.04.19 22:58:44.537,1.24078,1.2409,1.00,1.25
2016.04.19 22:58:45.964,1.24078,1.24088,1.00,1.00
2016.04.19 22:58:46.755,1.24077,1.24088,1.25,1.00
2016.04.19 22:58:47.112,1.24075,1.24088,1.50,1.00
2016.04.19 22:58:47.163,1.24077,1.24088,1.00,1.00
2016.04.19 22:58:47.668,1.24077,1.24087,1.00,1.00
2016.04.19 22:58:47.974,1.24077,1.24089,1.00,1.00
2016.04.19 22:58:48.503,1.24077,1.24086,1.00,1.00
2016.04.19 22:58:48.604,1.24075,1.24086,1.00,1.00
2016.04.19 22:58:48.814,1.24073,1.24086,1.00,1.00
2016.04.19 22:58:49.422,1.24072,1.24086,1.00,1.00
2016.04.19 22:58:50.281,1.24072,1.24085,1.00,1.50
2016.04.19 22:58:51.024,1.24071,1.24085,1.25,1.50
2016.04.19 22:58:51.560,1.24071,1.24086,1.25,2.25
2016.04.19 22:58:52.061,1.24071,1.24085,1.25,1.50
2016.04.19 22:58:52.614,1.24071,1.24086,1.25,2.25
2016.04.19 22:58:53.322,1.24071,1.24085,1.25,1.50
2016.04.19 22:58:54.015,1.24071,1.24086,1.25,2.25
2016.04.19 22:58:54.574,1.24071,1.24085,1.31,1.50
2016.04.19 22:58:57.221,1.24071,1.24086,1.25,2.25
2016.04.19 22:58:57.723,1.24071,1.24085,1.25,1.50
2016.04.19 22:58:58.230,1.24071,1.24086,1.25,2.25
2016.04.19 22:58:58.774,1.24071,1.24085,1.25,1.50
2016.04.19 22:58:59.725,1.24071,1.24086,1.25,2.25
2016.04.19 22:59:00.227,1.24071,1.24085,1.25,1.50
2016.04.19 22:59:00.728,1.24071,1.24086,1.25,2.25
2016.04.19 22:59:01.436,1.24071,1.24085,1.25,1.50
2016.04.19 22:59:02.238,1.24071,1.24086,1.25,2.25
2016.04.19 22:59:03.244,1.24071,1.24085,1.25,1.50
2016.04.19 22:59:04.236,1.24071,1.24086,1.25,2.25
2016.04.19 22:59:04.804,1.24071,1.24085,1.25,1.50
2016.04.19 22:59:05.877,1.24072,1.24085,1.00,2.25
2016.04.19 22:59:06.029,1.24072,1.24087,2.81,1.00
2016.04.19 22:59:06.383,1.24073,1.24087,2.06,1.00
2016.04.19 22:59:12.676,1.24074,1.24088,1.19,1.00
2016.04.19 22:59:33.394,1.24075,1.24088,1.25,1.00
2016.04.19 22:59:34.855,1.24075,1.24088,1.19,1.00
2016.04.19 22:59:37.604,1.24075,1.24089,1.19,1.25
2016.04.19 22:59:38.235,1.24075,1.24089,2.44,1.00
2016.04.19 22:59:39.293,1.24076,1.24089,1.00,1.00
2016.04.19 22:59:43.516,1.24075,1.24089,1.69,1.00
2016.04.19 22:59:44.760,1.24075,1.24087,1.69,1.00
2016.04.19 22:59:44.912,1.24072,1.24087,3.94,1.00
2016.04.19 22:59:45.504,1.24074,1.24087,1.00,1.00
2016.04.19 22:59:46.073,1.24074,1.24087,1.19,1.00
2016.04.19 22:59:48.247,1.24074,1.24087,1.19,1.00
2016.04.19 22:59:55.990,1.24075,1.24083,1.19,1.00
2016.04.19 22:59:56.092,1.24072,1.24083,1.25,1.00
2016.04.19 22:59:56.244,1.24073,1.24085,1.00,2.25
