2016.04.25 14:00:00.220,1.25087,1.25103,1.50,1.00
2016.04.25 14:00:00.524,1.25084,1.251,1.00,1.20
2016.04.25 14:00:00.828,1.25084,1.25098,1.00,1.00
2016.04.25 14:00:00.879,1.25082,1.25098,1.00,1.00
2016.04.25 14:00:01.234,1.25079,1.25094,1.65,1.00
2016.04.25 14:00:01.336,1.25079,1.25098,1.20,2.25
2016.04.25 14:00:01.643,1.25081,1.25098,1.00,1.00
2016.04.25 14:00:01.947,1.25083,1.25098,1.00,1.00
2016.04.25 14:00:01.998,1.2508,1.25098,1.50,1.00
2016.04.25 14:00:02.150,1.25083,1.25098,1.00,1.00
2016.04.25 14:00:02.458,1.2508,1.25096,1.00,1.00
2016.04.25 14:00:02.560,1.25082,1.25095,1.00,1.00
2016.04.25 14:00:03.061,1.25091,1.25096,1.00,1.00
2016.04.25 14:00:03.163,1.25092,1.25098,1.00,1.00
2016.04.25 14:00:03.265,1.25099,1.251,1.00,1.00
2016.04.25 14:00:03.317,1.25099,1.25102,1.00,1.00
2016.04.25 14:00:03.469,1.25097,1.25102,1.00,1.00
2016.04.25 14:00:03.521,1.25094,1.25102,1.00,1.00
2016.04.25 14:00:03.774,1.25093,1.25104,1.00,1.00
2016.04.25 14:00:03.825,1.25089,1.25106,1.12,1.50
2016.04.25 14:00:04.029,1.2509,1.25108,1.00,1.12
2016.04.25 14:00:04.537,1.25091,1.25108,1.00,1.00
2016.04.25 14:00:05.105,1.25092,1.25108,1.00,1.00
2016.04.25 14:00:05.459,1.25093,1.25106,1.00,1.00
2016.04.25 14:00:05.773,1.25095,1.25105,1.00,1.00
2016.04.25 14:00:06.078,1.25095,1.25103,1.00,1.00
2016.04.25 14:00:06.382,1.25093,1.25099,1.50,1.00
2016.04.25 14:00:06.815,1.25095,1.25099,1.00,1.00
2016.04.25 14:00:07.550,1.25092,1.25098,2.25,1.00
2016.04.25 14:00:07.652,1.25089,1.25093,1.00,1.00
2016.04.25 14:00:08.134,1.25089,1.25095,1.12,1.00
2016.04.25 14:00:08.644,1.2509,1.25095,1.00,1.00
2016.04.25 14:00:09.171,1.25089,1.25095,1.00,1.00
2016.04.25 14:00:09.745,1.2509,1.25095,1.00,1.00
2016.04.25 14:00:10.249,1.25089,1.25093,1.00,1.00
2016.04.25 14:00:10.301,1.25086,1.25092,1.12,1.00
2016.04.25 14:00:10.402,1.25085,1.25094,2.81,1.50
2016.04.25 14:00:10.706,1.25088,1.25094,1.50,1.00
2016.04.25 14:00:11.011,1.25097,1.25098,1.00,1.00
2016.04.25 14:00:11.345,1.25095,1.25098,1.50,1.00
2016.04.25 14:00:11.396,1.25098,1.25099,1.00,1.00
2016.04.25 14:00:11.902,1.25101,1.25102,1.00,2.62
2016.04.25 14:00:12.308,1.25101,1.25103,2.25,1.00
2016.04.25 14:00:12.460,1.25101,1.25105,3.19,1.00
2016.04.25 14:00:12.512,1.25104,1.25107,1.50,1.87
2016.04.25 14:00:12.816,1.25105,1.25109,1.00,1.00
2016.04.25 14:00:13.018,1.25107,1.25109,1.00,1.00
2016.04.25 14:00:13.170,1.25106,1.25109,1.00,1.12
2016.04.25 14:00:13.323,1.25106,1.25107,1.00,1.00
2016.04.25 14:00:13.980,1.25104,1.25107,1.50,1.00
2016.04.25 14:00:14.184,1.25105,1.25112,1.00,1.12
2016.04.25 14:00:14.286,1.25108,1.25114,1.00,1.50
2016.04.25 14:00:14.641,1.25109,1.25117,1.87,1.69
2016.04.25 14:00:14.744,1.25108,1.25115,2.25,1.37
2016.04.25 14:00:15.255,1.25108,1.25115,1.50,1.31
2016.04.25 14:00:15.356,1.25105,1.25115,3.75,3.19
2016.04.25 14:00:15.559,1.25108,1.25115,1.50,1.12
2016.04.25 14:00:15.862,1.25108,1.25113,1.50,2.06
2016.04.25 14:00:16.175,1.2511,1.25113,1.50,2.25
2016.04.25 14:00:17.014,1.25108,1.25113,1.50,2.25
2016.04.25 14:00:17.217,1.25108,1.25112,1.12,1.50
2016.04.25 14:00:17.420,1.25111,1.25118,4.20,1.10
2016.04.25 14:00:17.522,1.25117,1.25119,1.10,1.37
2016.04.25 14:00:17.674,1.2512,1.25125,1.00,1.00
2016.04.25 14:00:17.775,1.25121,1.25128,1.00,1.50
2016.04.25 14:00:17.826,1.25123,1.25128,1.00,1.50
2016.04.25 14:00:18.130,1.25125,1.25126,1.50,1.10
2016.04.25 14:00:18.383,1.25129,1.2513,2.25,1.50
2016.04.25 14:00:18.484,1.25127,1.25133,3.00,3.26
2016.04.25 14:00:18.636,1.25126,1.25131,1.50,1.01
2016.04.25 14:00:19.182,1.25124,1.25129,1.00,1.07
2016.04.25 14:00:19.436,1.25124,1.25128,1.00,2.25
2016.04.25 14:00:19.588,1.25121,1.25127,1.50,1.07
2016.04.25 14:00:19.949,1.25122,1.25128,1.00,2.44
2016.04.25 14:00:20.493,1.25121,1.25125,2.25,1.50
2016.04.25 14:00:20.999,1.25119,1.25124,1.50,1.07
2016.04.25 14:00:21.151,1.25118,1.25126,2.62,2.25
2016.04.25 14:00:21.552,1.25119,1.25127,1.37,1.50
2016.04.25 14:00:21.603,1.25121,1.2513,1.00,3.94
2016.04.25 14:00:21.654,1.25121,1.2513,1.75,3.19
2016.04.25 14:00:22.160,1.25123,1.25131,1.65,1.20
2016.04.25 14:00:22.405,1.25123,1.25128,1.57,1.00
2016.04.25 14:00:22.456,1.25123,1.25131,1.27,1.20
2016.04.25 14:00:22.962,1.25123,1.25133,4.20,2.32
2016.04.25 14:00:23.265,1.25124,1.25134,3.82,3.07
2016.04.25 14:00:23.782,1.25126,1.25133,2.02,1.00
2016.04.25 14:00:24.100,1.25128,1.25134,1.87,1.00
2016.04.25 14:00:24.894,1.25128,1.25132,2.25,1.00
2016.04.25 14:00:25.147,1.25121,1.25127,3.07,1.00
2016.04.25 14:00:25.199,1.2512,1.25124,1.87,1.00
2016.04.25 14:00:25.402,1.25117,1.25123,1.50,1.50
2016.04.25 14:00:25.614,1.25117,1.25121,1.87,1.00
2016.04.25 14:00:25.915,1.25115,1.25119,3.07,1.50
2016.04.25 14:00:26.233,1.25114,1.25117,2.70,1.00
2016.04.25 14:00:26.335,1.2511,1.25115,1.95,1.00
2016.04.25 14:00:26.387,1.2511,1.25113,1.57,1.50
2016.04.25 14:00:26.439,1.25108,1.25113,1.20,1.50
2016.04.25 14:00:26.495,1.25107,1.25109,3.37,1.50
2016.04.25 14:00:26.822,1.25106,1.25108,2.62,2.50
2016.04.25 14:00:27.218,1.25106,1.2511,1.50,1.50
2016.04.25 14:00:27.471,1.25107,1.25111,1.45,1.50
2016.04.25 14:00:27.624,1.25109,1.25116,1.87,2.62
2016.04.25 14:00:27.675,1.25111,1.25114,1.50,1.50
2016.04.25 14:00:28.316,1.25113,1.25116,1.00,3.00
2016.04.25 14:00:28.675,1.25113,1.25115,1.00,2.25
2016.04.25 14:00:28.827,1.25112,1.25113,1.00,1.00
2016.04.25 14:00:28.980,1.25114,1.25116,1.00,1.50
2016.04.25 14:00:29.336,1.25115,1.25119,1.00,1.00
2016.04.25 14:00:29.589,1.25114,1.25116,1.10,1.00
2016.04.25 14:00:29.691,1.25115,1.25118,1.00,1.50
2016.04.25 14:00:30.110,1.25115,1.2512,3.00,1.00
2016.04.25 14:00:30.364,1.25116,1.25122,1.57,1.50
2016.04.25 14:00:30.869,1.25115,1.25123,3.07,1.00
2016.04.25 14:00:31.240,1.25114,1.25122,1.57,2.89
2016.04.25 14:00:31.444,1.2511,1.25119,1.87,6.37
2016.04.25 14:00:31.497,1.25109,1.25118,1.50,4.20
2016.04.25 14:00:32.039,1.25107,1.25116,3.26,1.10
2016.04.25 14:00:32.344,1.25116,1.25119,1.10,1.75
2016.04.25 14:00:32.395,1.25116,1.2512,1.20,1.50
2016.04.25 14:00:32.446,1.25115,1.25123,1.50,3.07
2016.04.25 14:00:32.951,1.25115,1.25124,3.82,3.07
2016.04.25 14:00:33.153,1.25116,1.25121,1.50,1.00
2016.04.25 14:00:33.255,1.25113,1.25121,2.62,2.54
2016.04.25 14:00:33.457,1.25115,1.25121,3.07,2.16
2016.04.25 14:00:33.508,1.25115,1.25124,5.62,1.50
2016.04.25 14:00:34.047,1.25116,1.25124,1.27,3.00
2016.04.25 14:00:34.300,1.25117,1.25125,1.65,2.02
2016.04.25 14:00:34.643,1.25119,1.25127,2.62,1.75
2016.04.25 14:00:34.693,1.25121,1.25128,1.00,1.27
2016.04.25 14:00:34.952,1.25123,1.2513,1.00,3.07
2016.04.25 14:00:35.499,1.25124,1.25129,1.12,1.07
2016.04.25 14:00:35.704,1.25124,1.25131,1.12,3.19
2016.04.25 14:00:37.018,1.25128,1.25131,1.00,4.41
2016.04.25 14:00:37.119,1.25129,1.25133,1.00,1.20
2016.04.25 14:00:37.322,1.25129,1.25135,1.00,1.20
2016.04.25 14:00:37.575,1.25127,1.25136,2.93,3.37
2016.04.25 14:00:37.672,1.25127,1.25133,3.68,1.00
2016.04.25 14:00:37.976,1.25126,1.25135,3.60,3.37
2016.04.25 14:00:38.027,1.25127,1.25135,1.37,2.70
2016.04.25 14:00:38.634,1.25125,1.25135,4.87,6.66
2016.04.25 14:00:39.142,1.25126,1.25134,1.00,2.25
2016.04.25 14:00:39.512,1.25125,1.25131,1.65,1.00
2016.04.25 14:00:39.851,1.2512,1.25126,1.20,1.20
2016.04.25 14:00:40.003,1.2512,1.25127,1.65,1.95
2016.04.25 14:00:40.054,1.25122,1.25128,1.37,1.95
2016.04.25 14:00:40.206,1.25124,1.2513,1.00,1.07
2016.04.25 14:00:40.308,1.25123,1.25133,2.62,3.37
2016.04.25 14:00:40.460,1.2513,1.25133,1.00,3.00
2016.04.25 14:00:40.807,1.25135,1.25138,1.12,1.12
2016.04.25 14:00:41.011,1.25131,1.25139,2.32,1.10
2016.04.25 14:00:41.062,1.25132,1.25139,2.70,1.00
2016.04.25 14:00:41.113,1.25132,1.25141,3.45,1.95
2016.04.25 14:00:41.266,1.25133,1.25139,1.37,1.50
2016.04.25 14:00:41.780,1.2513,1.25139,1.95,1.95
2016.04.25 14:00:41.933,1.2513,1.25139,5.32,1.57
2016.04.25 14:00:42.085,1.25133,1.25141,3.00,1.12
2016.04.25 14:00:42.187,1.25132,1.25141,1.12,4.12
2016.04.25 14:00:42.395,1.2513,1.2514,3.52,2.77
2016.04.25 14:00:42.548,1.2513,1.2514,2.77,2.40
2016.04.25 14:00:42.875,1.25131,1.2514,1.45,2.32
2016.04.25 14:00:43.180,1.25131,1.25139,1.20,1.07
2016.04.25 14:00:43.613,1.25132,1.25141,1.00,3.75
2016.04.25 14:00:43.765,1.25132,1.25141,1.50,3.37
2016.04.25 14:00:44.169,1.25135,1.25143,1.12,3.99
2016.04.25 14:00:44.321,1.25137,1.25144,1.00,2.62
2016.04.25 14:00:44.726,1.25134,1.25144,3.00,5.49
2016.04.25 14:00:44.979,1.25133,1.25143,2.32,2.70
2016.04.25 14:00:45.131,1.25132,1.25141,1.57,2.32
2016.04.25 14:00:45.442,1.2513,1.25139,2.32,3.80
2016.04.25 14:00:45.745,1.25127,1.25136,1.20,1.50
2016.04.25 14:00:46.100,1.25129,1.25138,1.10,1.85
2016.04.25 14:00:46.635,1.25129,1.25138,2.32,1.57
2016.04.25 14:00:47.380,1.25129,1.25138,3.07,1.20
2016.04.25 14:00:47.894,1.25129,1.25138,2.32,1.20
2016.04.25 14:00:48.197,1.25129,1.25136,1.50,1.07
2016.04.25 14:00:48.501,1.25127,1.25136,1.65,1.87
2016.04.25 14:00:48.863,1.25125,1.25134,1.95,1.07
2016.04.25 14:00:49.396,1.25125,1.25134,1.10,1.20
2016.04.25 14:00:49.700,1.25126,1.25135,1.57,2.25
2016.04.25 14:00:49.845,1.25128,1.25137,1.50,2.02
2016.04.25 14:00:50.506,1.25127,1.25135,1.85,1.10
2016.04.25 14:00:50.557,1.25126,1.25135,1.07,1.10
2016.04.25 14:00:51.051,1.25128,1.25137,1.20,2.25
2016.04.25 14:00:51.558,1.25129,1.25137,1.07,1.50
2016.04.25 14:00:51.912,1.25132,1.25137,1.10,1.00
2016.04.25 14:00:51.963,1.25132,1.25139,1.57,1.50
2016.04.25 14:00:52.021,1.25132,1.25141,2.25,1.57
2016.04.25 14:00:52.324,1.25137,1.25145,1.50,2.02
2016.04.25 14:00:52.628,1.25139,1.25146,1.07,1.50
2016.04.25 14:00:53.134,1.25139,1.25147,1.07,1.12
2016.04.25 14:00:53.913,1.25141,1.25147,1.10,1.00
2016.04.25 14:00:54.015,1.25141,1.25149,1.07,1.00
2016.04.25 14:00:54.166,1.25142,1.25151,1.87,1.00
2016.04.25 14:00:54.273,1.25144,1.25151,1.50,1.00
2016.04.25 14:00:54.808,1.25145,1.25153,2.32,1.00
2016.04.25 14:00:54.909,1.25145,1.25155,3.37,1.65
2016.04.25 14:00:55.011,1.25145,1.25155,6.37,1.57
2016.04.25 14:00:55.264,1.25149,1.25157,1.50,1.00
2016.04.25 14:00:55.811,1.25148,1.25157,1.57,2.62
2016.04.25 14:00:56.221,1.25148,1.25156,1.20,1.87
2016.04.25 14:00:57.476,1.25147,1.25156,1.50,1.87
2016.04.25 14:00:57.993,1.25153,1.25157,1.00,1.87
2016.04.25 14:00:58.044,1.25153,1.2516,1.10,1.12
2016.04.25 14:00:58.348,1.2515,1.25159,2.40,1.57
2016.04.25 14:00:58.652,1.25149,1.25154,1.10,1.12
2016.04.25 14:00:58.958,1.25148,1.25152,1.00,1.87
2016.04.25 14:00:59.110,1.25142,1.25152,1.65,1.87
2016.04.25 14:00:59.637,1.25142,1.25152,2.02,1.87
2016.04.25 14:01:00.135,1.25141,1.2515,1.50,1.87
2016.04.25 14:01:00.439,1.25139,1.25148,1.65,4.65
2016.04.25 14:01:00.742,1.2514,1.25149,1.32,1.00
2016.04.25 14:01:01.073,1.25142,1.25151,2.62,1.00
2016.04.25 14:01:01.376,1.2514,1.25149,1.95,1.00
2016.04.25 14:01:02.046,1.2514,1.25149,2.25,1.50
2016.04.25 14:01:02.350,1.25143,1.25152,1.07,1.87
2016.04.25 14:01:02.856,1.25142,1.2515,1.00,2.62
2016.04.25 14:01:03.380,1.25142,1.25149,1.00,1.50
2016.04.25 14:01:03.633,1.2514,1.25147,1.57,1.00
2016.04.25 14:01:04.138,1.25138,1.25146,2.25,1.00
2016.04.25 14:01:04.478,1.25135,1.25144,1.20,1.20
2016.04.25 14:01:04.983,1.25136,1.25144,2.25,1.00
2016.04.25 14:01:05.344,1.25135,1.25144,3.75,3.00
2016.04.25 14:01:05.446,1.25132,1.25141,1.94,1.50
2016.04.25 14:01:05.547,1.25131,1.25141,3.15,2.62
2016.04.25 14:01:05.649,1.2513,1.25139,2.25,1.87
2016.04.25 14:01:06.003,1.25128,1.25138,3.00,4.12
2016.04.25 14:01:06.055,1.25127,1.25136,1.65,3.15
2016.04.25 14:01:06.562,1.25125,1.25135,3.07,1.10
2016.04.25 14:01:07.533,1.25125,1.25134,3.37,1.00
2016.04.25 14:01:07.887,1.25128,1.25134,1.00,2.32
2016.04.25 14:01:08.361,1.2513,1.25134,1.00,1.57
2016.04.25 14:01:08.664,1.25132,1.25136,1.00,1.00
2016.04.25 14:01:08.766,1.2513,1.25136,1.00,1.00
2016.04.25 14:01:08.918,1.2513,1.25134,1.00,1.00
2016.04.25 14:01:09.262,1.25129,1.25137,1.59,1.12
2016.04.25 14:01:09.363,1.25129,1.25137,1.14,2.62
2016.04.25 14:01:09.566,1.25133,1.25138,1.00,1.00
2016.04.25 14:01:09.971,1.25134,1.25137,1.00,2.25
2016.04.25 14:01:10.470,1.25134,1.25138,1.00,1.20
2016.04.25 14:01:10.925,1.25136,1.25138,1.00,1.50
2016.04.25 14:01:11.077,1.25134,1.25138,1.00,1.87
2016.04.25 14:01:11.128,1.25135,1.25137,1.00,1.00
2016.04.25 14:01:11.250,1.25132,1.25137,1.00,1.12
2016.04.25 14:01:11.351,1.25134,1.25137,1.00,1.20
2016.04.25 14:01:11.555,1.2513,1.25135,1.00,1.00
2016.04.25 14:01:11.606,1.25132,1.25135,1.00,1.12
2016.04.25 14:01:11.657,1.2513,1.25136,1.50,2.89
2016.04.25 14:01:11.708,1.2513,1.25135,1.50,1.76
2016.04.25 14:01:11.860,1.25126,1.25133,1.00,2.32
2016.04.25 14:01:12.012,1.25129,1.25131,1.00,1.00
2016.04.25 14:01:12.063,1.25128,1.25131,1.00,1.00
2016.04.25 14:01:12.114,1.25125,1.25132,3.75,1.00
2016.04.25 14:01:12.285,1.25125,1.25131,1.00,1.47
2016.04.25 14:01:12.386,1.25123,1.25128,1.00,1.12
2016.04.25 14:01:12.437,1.25121,1.25127,1.50,1.76
2016.04.25 14:01:12.539,1.25123,1.25127,1.00,1.20
2016.04.25 14:01:12.944,1.25123,1.25129,1.00,1.39
2016.04.25 14:01:13.045,1.25125,1.25129,1.00,1.12
2016.04.25 14:01:13.554,1.25125,1.25131,1.50,1.57
2016.04.25 14:01:13.706,1.25125,1.25134,1.00,1.50
2016.04.25 14:01:14.566,1.25127,1.25134,1.00,1.87
2016.04.25 14:01:15.082,1.25127,1.25133,1.00,1.12
2016.04.25 14:01:15.184,1.25127,1.25134,1.00,1.20
2016.04.25 14:01:15.732,1.25127,1.25135,1.50,1.50
2016.04.25 14:01:15.783,1.2513,1.25135,1.00,1.00
2016.04.25 14:01:15.834,1.25128,1.25135,1.00,1.00
2016.04.25 14:01:16.036,1.25131,1.25136,1.00,1.20
2016.04.25 14:01:16.591,1.2513,1.25137,1.00,3.37
2016.04.25 14:01:17.205,1.2513,1.25136,1.00,1.57
2016.04.25 14:01:17.928,1.2513,1.25136,1.00,2.02
2016.04.25 14:01:18.476,1.2513,1.25138,1.00,3.07
2016.04.25 14:01:19.025,1.2513,1.25136,1.00,1.00
2016.04.25 14:01:19.805,1.2513,1.25138,1.00,2.14
2016.04.25 14:01:20.008,1.25128,1.25137,1.10,1.10
2016.04.25 14:01:20.110,1.25128,1.25135,1.50,1.10
2016.04.25 14:01:20.302,1.25125,1.25134,1.00,1.27
2016.04.25 14:01:21.110,1.25125,1.25134,1.19,1.46
2016.04.25 14:01:21.160,1.25128,1.25134,1.00,1.46
2016.04.25 14:01:21.438,1.25128,1.25135,3.00,1.00
2016.04.25 14:01:21.489,1.25129,1.25137,1.50,1.20
2016.04.25 14:01:21.794,1.25129,1.25135,1.98,1.00
2016.04.25 14:01:22.301,1.25129,1.25136,1.50,1.00
2016.04.25 14:01:22.608,1.25127,1.25134,1.87,1.87
2016.04.25 14:01:22.811,1.25124,1.25134,2.40,3.75
2016.04.25 14:01:22.862,1.25126,1.25134,1.56,2.62
2016.04.25 14:01:23.367,1.25126,1.25135,2.31,3.75
2016.04.25 14:01:23.545,1.25125,1.25132,1.00,1.20
2016.04.25 14:01:23.747,1.25125,1.25133,1.00,2.40
2016.04.25 14:01:24.253,1.25125,1.25132,1.00,1.00
2016.04.25 14:01:24.456,1.25125,1.25131,1.00,2.44
2016.04.25 14:01:24.623,1.25121,1.25129,1.50,1.76
2016.04.25 14:01:25.129,1.25121,1.25127,1.50,1.00
2016.04.25 14:01:25.534,1.2512,1.25125,1.00,1.00
2016.04.25 14:01:25.703,1.25116,1.25125,3.52,3.07
2016.04.25 14:01:25.906,1.25116,1.25125,1.71,1.65
2016.04.25 14:01:26.159,1.25115,1.25125,4.19,4.50
2016.04.25 14:01:26.463,1.25115,1.25122,2.31,1.07
2016.04.25 14:01:26.615,1.25115,1.25124,1.20,3.71
2016.04.25 14:01:26.715,1.25115,1.25121,1.00,1.75
2016.04.25 14:01:27.221,1.25111,1.25121,3.44,4.50
2016.04.25 14:01:27.525,1.25115,1.25124,2.09,1.20
2016.04.25 14:01:27.677,1.25115,1.25123,1.57,1.10
2016.04.25 14:01:27.778,1.25115,1.25122,1.50,1.57
2016.04.25 14:01:27.880,1.25113,1.25122,1.98,3.75
2016.04.25 14:01:28.387,1.25113,1.25118,1.50,1.31
2016.04.25 14:01:28.438,1.25111,1.25117,1.26,1.10
2016.04.25 14:01:28.490,1.25111,1.25115,1.12,1.00
2016.04.25 14:01:28.801,1.25102,1.2511,1.94,1.01
2016.04.25 14:01:28.954,1.251,1.25108,3.81,1.57
2016.04.25 14:01:29.005,1.25099,1.25107,2.01,1.20
2016.04.25 14:01:29.056,1.25099,1.25106,1.56,1.37
2016.04.25 14:01:29.107,1.25099,1.25104,1.00,1.57
2016.04.25 14:01:29.158,1.25096,1.25104,1.06,2.02
2016.04.25 14:01:29.311,1.25094,1.25103,1.56,3.45
2016.04.25 14:01:29.462,1.25093,1.25101,1.56,1.50
2016.04.25 14:01:29.789,1.25088,1.25096,1.50,2.25
2016.04.25 14:01:29.941,1.25085,1.25095,4.12,2.59
2016.04.25 14:01:30.093,1.25086,1.25093,1.00,1.20
2016.04.25 14:01:30.397,1.25073,1.25075,1.50,1.50
2016.04.25 14:01:30.448,1.2507,1.25071,3.00,1.00
2016.04.25 14:01:30.549,1.2507,1.25071,1.00,1.50
2016.04.25 14:01:30.651,1.25062,1.25069,1.31,2.14
2016.04.25 14:01:30.803,1.25066,1.25069,1.00,1.57
2016.04.25 14:01:31.119,1.25074,1.25075,1.00,1.20
2016.04.25 14:01:31.434,1.25076,1.25078,1.37,1.12
2016.04.25 14:01:31.586,1.25074,1.25077,1.37,1.00
2016.04.25 14:01:31.789,1.25073,1.25075,1.50,1.00
2016.04.25 14:01:31.842,1.25073,1.25078,1.50,1.07
2016.04.25 14:01:32.272,1.25075,1.25078,1.00,1.50
2016.04.25 14:01:32.777,1.25076,1.25078,1.50,1.50
2016.04.25 14:01:32.981,1.25076,1.25079,1.00,1.28
2016.04.25 14:01:33.082,1.25071,1.25079,1.87,1.26
2016.04.25 14:01:33.184,1.2507,1.25077,1.00,1.14
2016.04.25 14:01:33.285,1.25068,1.25077,1.00,1.56
2016.04.25 14:01:33.589,1.25066,1.25068,2.25,1.00
2016.04.25 14:01:33.742,1.2506,1.25064,1.00,1.50
2016.04.25 14:01:33.793,1.25056,1.25064,2.25,3.26
2016.04.25 14:01:33.844,1.25053,1.25063,1.87,2.62
2016.04.25 14:01:33.895,1.25053,1.25059,1.87,1.00
2016.04.25 14:01:34.202,1.25064,1.25066,1.00,2.32
2016.04.25 14:01:34.304,1.25063,1.25068,1.37,3.00
2016.04.25 14:01:34.406,1.25062,1.25068,1.00,1.50
2016.04.25 14:01:34.861,1.25061,1.25065,1.00,1.07
2016.04.25 14:01:35.328,1.25059,1.25065,2.25,1.07
2016.04.25 14:01:35.544,1.25059,1.25068,1.50,1.12
2016.04.25 14:01:35.847,1.25059,1.25069,1.10,1.76
2016.04.25 14:01:36.356,1.25061,1.25069,1.00,2.06
2016.04.25 14:01:36.794,1.25063,1.25069,1.50,1.22
2016.04.25 14:01:36.845,1.25064,1.25072,1.95,3.00
2016.04.25 14:01:36.947,1.25066,1.25072,2.02,1.00
2016.04.25 14:01:37.250,1.25067,1.25071,2.32,1.00
2016.04.25 14:01:37.301,1.25067,1.25077,2.40,1.69
2016.04.25 14:01:38.072,1.25068,1.25077,1.00,1.84
2016.04.25 14:01:38.224,1.25069,1.25077,1.50,2.51
2016.04.25 14:01:38.477,1.25065,1.25073,2.25,1.07
2016.04.25 14:01:39.025,1.25065,1.25072,1.50,1.07
2016.04.25 14:01:39.459,1.25067,1.25072,1.12,1.07
2016.04.25 14:01:39.611,1.2507,1.25076,1.50,1.10
2016.04.25 14:01:39.662,1.25074,1.25076,1.00,1.00
2016.04.25 14:01:39.763,1.2507,1.25076,3.07,1.00
2016.04.25 14:01:39.917,1.2507,1.25078,1.00,1.25
2016.04.25 14:01:40.543,1.25071,1.2508,1.00,1.39
2016.04.25 14:01:41.259,1.25071,1.2508,2.62,1.76
2016.04.25 14:01:41.310,1.25071,1.2508,3.45,1.76
2016.04.25 14:01:41.816,1.25071,1.25081,1.95,2.89
2016.04.25 14:01:42.119,1.2507,1.25078,1.87,1.57
2016.04.25 14:01:42.456,1.2507,1.25073,1.87,1.00
2016.04.25 14:01:42.912,1.2507,1.25076,1.87,2.44
2016.04.25 14:01:43.419,1.2507,1.25074,1.87,1.00
2016.04.25 14:01:43.916,1.2507,1.25072,1.50,1.00
2016.04.25 14:01:43.968,1.25068,1.25072,1.50,1.00
2016.04.25 14:01:44.120,1.25066,1.25072,1.50,1.00
2016.04.25 14:01:44.435,1.25066,1.25072,1.87,1.00
2016.04.25 14:01:44.738,1.25066,1.25073,1.50,1.87
2016.04.25 14:01:45.228,1.25067,1.25074,1.37,1.20
2016.04.25 14:01:45.531,1.25071,1.25076,1.50,1.00
2016.04.25 14:01:45.784,1.25071,1.25079,1.50,1.50
2016.04.25 14:01:45.885,1.25074,1.2508,1.00,1.07
2016.04.25 14:01:46.292,1.25075,1.25081,1.50,1.01
2016.04.25 14:01:46.646,1.25075,1.25081,1.50,2.51
2016.04.25 14:01:47.180,1.25074,1.25079,1.50,1.00
2016.04.25 14:01:47.488,1.25071,1.25079,2.70,1.12
2016.04.25 14:01:47.586,1.25071,1.25079,4.57,1.31
2016.04.25 14:01:47.941,1.25071,1.25079,1.87,2.21
2016.04.25 14:01:48.463,1.25072,1.25079,1.50,1.46
2016.04.25 14:01:49.005,1.25071,1.25079,1.50,2.21
2016.04.25 14:01:49.520,1.2507,1.25079,3.52,2.21
2016.04.25 14:01:50.038,1.25071,1.25077,1.00,1.00
2016.04.25 14:01:50.585,1.2507,1.25077,2.02,1.00
2016.04.25 14:01:50.972,1.25071,1.25079,1.00,1.67
2016.04.25 14:01:51.124,1.25073,1.25079,1.87,1.10
2016.04.25 14:01:51.579,1.25072,1.2508,1.50,1.57
2016.04.25 14:01:52.084,1.25072,1.2508,1.50,1.57
2016.04.25 14:01:52.610,1.25071,1.25077,1.50,1.20
2016.04.25 14:01:52.712,1.25068,1.25077,1.50,1.57
2016.04.25 14:01:53.530,1.2507,1.25077,1.00,1.57
2016.04.25 14:01:53.840,1.25077,1.2508,1.00,1.10
2016.04.25 14:01:53.891,1.25077,1.25083,1.00,1.12
2016.04.25 14:01:54.194,1.25079,1.25085,1.00,1.10
2016.04.25 14:01:54.699,1.25078,1.25086,2.25,1.00
2016.04.25 14:01:55.111,1.25075,1.25085,3.00,3.52
2016.04.25 14:01:55.213,1.25075,1.25084,1.10,2.70
2016.04.25 14:01:57.225,1.25074,1.25082,1.07,1.00
2016.04.25 14:01:57.749,1.25073,1.25084,1.50,5.25
2016.04.25 14:01:58.053,1.25073,1.25079,1.50,1.00
2016.04.25 14:01:58.357,1.25075,1.2508,1.87,1.50
2016.04.25 14:01:58.929,1.25076,1.2508,1.37,1.00
2016.04.25 14:01:59.537,1.25075,1.2508,3.07,1.00
2016.04.25 14:02:00.042,1.25076,1.2508,2.25,1.00
2016.04.25 14:02:00.245,1.25076,1.25082,2.70,1.00
2016.04.25 14:02:00.752,1.25077,1.25082,1.00,1.00
2016.04.25 14:02:01.269,1.25078,1.25083,3.52,1.00
2016.04.25 14:02:01.573,1.25078,1.25085,1.20,2.44
2016.04.25 14:02:02.090,1.25079,1.25085,1.00,2.25
2016.04.25 14:02:02.620,1.25078,1.25084,2.77,1.00
2016.04.25 14:02:02.875,1.25078,1.25081,2.02,1.00
2016.04.25 14:02:03.380,1.25077,1.2508,2.40,1.00
2016.04.25 14:02:03.702,1.25067,1.25069,1.00,1.00
2016.04.25 14:02:03.753,1.25066,1.25068,1.00,1.00
2016.04.25 14:02:03.955,1.25064,1.25066,2.25,1.00
2016.04.25 14:02:04.057,1.2506,1.25065,2.32,1.00
2016.04.25 14:02:04.260,1.25058,1.25063,3.00,1.19
2016.04.25 14:02:04.803,1.25057,1.25063,2.16,1.19
2016.04.25 14:02:05.308,1.25057,1.25061,2.16,1.00
2016.04.25 14:02:05.867,1.25057,1.25059,2.16,1.00
2016.04.25 14:02:05.969,1.25053,1.25058,3.66,1.00
2016.04.25 14:02:06.020,1.25053,1.25056,2.91,1.25
2016.04.25 14:02:07.688,1.25051,1.25055,2.16,2.06
2016.04.25 14:02:07.789,1.2505,1.25055,2.16,2.06
2016.04.25 14:02:07.873,1.25046,1.25048,1.20,1.00
2016.04.25 14:02:07.925,1.25046,1.25052,1.10,2.81
2016.04.25 14:02:08.179,1.25047,1.25051,2.16,2.44
2016.04.25 14:02:08.331,1.25048,1.25052,2.16,1.09
2016.04.25 14:02:09.380,1.25051,1.25054,1.74,1.29
2016.04.25 14:02:09.532,1.25051,1.25055,1.74,1.00
2016.04.25 14:02:09.987,1.25049,1.25056,1.89,1.25
2016.04.25 14:02:10.518,1.25049,1.25056,1.89,1.69
2016.04.25 14:02:11.293,1.25049,1.25054,1.74,1.19
2016.04.25 14:02:12.579,1.25048,1.25054,1.74,1.19
2016.04.25 14:02:13.557,1.2505,1.25054,1.74,1.19
2016.04.25 14:02:13.608,1.2505,1.25056,1.82,1.19
2016.04.25 14:02:13.710,1.25052,1.25058,1.00,1.25
2016.04.25 14:02:14.014,1.25054,1.2506,1.00,1.19
2016.04.25 14:02:14.269,1.25055,1.25062,1.12,1.19
2016.04.25 14:02:14.472,1.25057,1.25062,1.00,1.19
2016.04.25 14:02:14.675,1.25055,1.25062,1.50,1.39
2016.04.25 14:02:14.907,1.25055,1.25059,1.50,1.19
2016.04.25 14:02:15.160,1.25052,1.25059,2.40,1.19
2016.04.25 14:02:15.261,1.25052,1.25062,3.15,2.50
2016.04.25 14:02:15.413,1.25055,1.25062,1.00,2.50
2016.04.25 14:02:16.052,1.25053,1.25059,1.00,1.19
2016.04.25 14:02:17.519,1.25054,1.25059,1.00,1.19
2016.04.25 14:02:18.024,1.25053,1.25055,1.00,1.00
2016.04.25 14:02:18.075,1.25051,1.25055,1.20,1.00
2016.04.25 14:02:18.176,1.25049,1.25055,1.20,1.00
2016.04.25 14:02:18.715,1.25048,1.25055,1.20,2.44
2016.04.25 14:02:20.018,1.2505,1.25055,1.12,1.69
2016.04.25 14:02:20.119,1.25051,1.25057,3.24,1.10
2016.04.25 14:02:20.372,1.25051,1.25055,3.75,1.00
2016.04.25 14:02:20.524,1.25049,1.25052,1.50,1.00
2016.04.25 14:02:20.726,1.25046,1.25052,2.49,1.00
2016.04.25 14:02:21.265,1.25046,1.25052,1.74,1.69
2016.04.25 14:02:21.519,1.25046,1.2505,1.74,1.19
2016.04.25 14:02:22.035,1.25045,1.2505,1.00,1.19
2016.04.25 14:02:22.675,1.25044,1.2505,2.40,1.19
2016.04.25 14:02:23.500,1.25044,1.25049,1.57,1.69
2016.04.25 14:02:24.022,1.25043,1.25048,1.00,1.25
2016.04.25 14:02:24.225,1.25041,1.25049,2.25,1.84
2016.04.25 14:02:24.428,1.25043,1.25049,1.00,1.39
2016.04.25 14:02:24.936,1.25041,1.25049,4.20,1.19
2016.04.25 14:02:26.463,1.25042,1.25045,1.87,1.00
2016.04.25 14:02:26.718,1.2504,1.25045,2.25,1.69
2016.04.25 14:02:26.769,1.25039,1.25041,1.50,1.00
2016.04.25 14:02:26.820,1.25038,1.2504,1.00,1.00
2016.04.25 14:02:26.921,1.25037,1.25039,1.00,1.22
2016.04.25 14:02:26.973,1.25035,1.25039,1.00,1.69
2016.04.25 14:02:27.024,1.25032,1.25039,1.95,1.69
2016.04.25 14:02:27.277,1.25035,1.25037,1.00,1.00
2016.04.25 14:02:27.530,1.25034,1.2504,1.50,1.19
2016.04.25 14:02:27.935,1.25034,1.25037,1.87,1.00
2016.04.25 14:02:28.138,1.25033,1.2504,1.50,1.76
2016.04.25 14:02:28.484,1.25033,1.25037,1.50,1.00
2016.04.25 14:02:28.636,1.2503,1.25036,1.50,2.81
2016.04.25 14:02:28.737,1.25028,1.25036,1.50,3.56
2016.04.25 14:02:29.248,1.25028,1.25036,1.50,3.56
2016.04.25 14:02:29.763,1.25027,1.25035,2.33,1.69
2016.04.25 14:02:30.194,1.25027,1.25034,1.00,1.84
2016.04.25 14:02:30.346,1.25025,1.25033,1.58,1.01
2016.04.25 14:02:30.881,1.25023,1.25032,2.25,2.06
2016.04.25 14:02:30.984,1.25023,1.2503,1.50,2.51
2016.04.25 14:02:31.138,1.25021,1.2503,1.12,2.44
2016.04.25 14:02:31.290,1.25022,1.25031,1.00,2.44
2016.04.25 14:02:31.798,1.25023,1.25031,1.50,1.69
2016.04.25 14:02:32.304,1.25022,1.25031,1.50,1.69
2016.04.25 14:02:32.821,1.25022,1.25032,1.95,2.51
2016.04.25 14:02:33.720,1.25024,1.25032,1.00,2.14
2016.04.25 14:02:34.242,1.25025,1.25032,1.25,2.89
2016.04.25 14:02:34.589,1.25031,1.25035,1.12,1.12
2016.04.25 14:02:34.896,1.25043,1.25047,1.00,1.12
2016.04.25 14:02:35.199,1.25051,1.25055,2.25,1.50
2016.04.25 14:02:35.352,1.25046,1.25052,1.00,1.00
2016.04.25 14:02:35.404,1.25043,1.25045,2.25,1.00
2016.04.25 14:02:35.455,1.2504,1.25043,3.07,1.00
2016.04.25 14:02:35.608,1.25037,1.25045,1.12,3.00
2016.04.25 14:02:35.963,1.25044,1.25048,1.00,12.56
2016.04.25 14:02:36.014,1.25043,1.25046,1.00,1.00
2016.04.25 14:02:36.065,1.25045,1.25046,1.50,1.00
2016.04.25 14:02:36.116,1.25047,1.2505,1.00,1.19
2016.04.25 14:02:36.218,1.25049,1.25052,1.00,1.00
2016.04.25 14:02:36.523,1.25047,1.25052,1.00,1.00
2016.04.25 14:02:36.574,1.2505,1.25052,1.00,1.00
2016.04.25 14:02:36.828,1.2505,1.25057,1.50,1.10
2016.04.25 14:02:37.132,1.25049,1.25059,3.82,2.89
2016.04.25 14:02:37.821,1.25049,1.25058,1.20,2.25
2016.04.25 14:02:38.225,1.25049,1.25056,2.32,1.00
2016.04.25 14:02:38.428,1.25046,1.25056,3.00,3.00
2016.04.25 14:02:38.479,1.25046,1.25053,3.00,1.00
2016.04.25 14:02:38.782,1.25043,1.2505,2.02,2.62
2016.04.25 14:02:38.985,1.2504,1.25047,1.00,1.00
2016.04.25 14:02:39.036,1.25039,1.25045,2.21,1.00
2016.04.25 14:02:39.340,1.25042,1.25048,2.51,1.50
2016.04.25 14:02:39.542,1.25045,1.25054,1.47,3.00
2016.04.25 14:02:39.643,1.25045,1.25054,3.82,1.50
2016.04.25 14:02:39.796,1.25045,1.25051,3.45,1.00
2016.04.25 14:02:40.099,1.25042,1.25047,2.25,1.00
2016.04.25 14:02:40.403,1.25041,1.25047,2.77,1.50
2016.04.25 14:02:40.655,1.25038,1.25046,1.95,1.00
2016.04.25 14:02:40.807,1.25038,1.25044,1.95,1.00
2016.04.25 14:02:41.335,1.25041,1.25044,1.00,1.00
2016.04.25 14:02:41.740,1.25038,1.25044,4.50,1.00
2016.04.25 14:02:42.262,1.25038,1.25046,5.25,1.00
2016.04.25 14:02:42.516,1.25042,1.25047,1.62,1.00
2016.04.25 14:02:42.567,1.25042,1.25049,1.62,1.57
2016.04.25 14:02:42.819,1.25042,1.2505,4.31,1.00
2016.04.25 14:02:43.324,1.25044,1.25051,1.95,1.00
2016.04.25 14:02:43.643,1.25048,1.25051,1.37,1.00
2016.04.25 14:02:43.694,1.25048,1.25052,1.37,1.00
2016.04.25 14:02:43.746,1.25051,1.25055,1.00,1.50
2016.04.25 14:02:43.950,1.25049,1.25057,1.95,2.25
2016.04.25 14:02:44.052,1.25051,1.2506,1.50,4.57
2016.04.25 14:02:44.205,1.25054,1.2506,1.01,1.50
2016.04.25 14:02:44.706,1.25054,1.25061,1.07,1.50
2016.04.25 14:02:44.808,1.25052,1.2506,3.64,1.00
2016.04.25 14:02:45.333,1.25052,1.25061,2.70,1.00
2016.04.25 14:02:46.570,1.25052,1.2506,2.70,1.00
2016.04.25 14:02:47.038,1.25051,1.25059,2.70,1.00
2016.04.25 14:02:47.313,1.2505,1.25056,3.75,1.00
2016.04.25 14:02:47.465,1.25047,1.25054,2.02,1.00
2016.04.25 14:02:47.974,1.25045,1.25053,2.25,1.00
2016.04.25 14:02:48.381,1.25046,1.25055,3.15,1.00
2016.04.25 14:02:48.895,1.25046,1.25053,3.00,1.00
2016.04.25 14:02:49.199,1.2505,1.25057,3.52,1.00
2016.04.25 14:02:49.692,1.25049,1.25055,4.50,1.00
2016.04.25 14:02:49.844,1.25048,1.25054,1.00,1.12
2016.04.25 14:02:50.148,1.25046,1.25054,1.27,1.50
2016.04.25 14:02:50.651,1.25046,1.25053,1.57,1.00
2016.04.25 14:02:51.155,1.25046,1.25053,1.00,1.12
2016.04.25 14:02:51.576,1.25044,1.25052,2.70,1.00
2016.04.25 14:02:51.672,1.25044,1.2505,2.70,1.00
2016.04.25 14:02:51.824,1.25042,1.2505,1.87,1.12
2016.04.25 14:02:52.279,1.25042,1.25048,1.20,1.00
2016.04.25 14:02:52.710,1.2504,1.25048,1.12,1.20
2016.04.25 14:02:52.964,1.2504,1.25048,2.25,3.90
2016.04.25 14:02:53.471,1.25042,1.25048,2.40,1.00
2016.04.25 14:02:53.623,1.25042,1.2505,2.02,6.00
2016.04.25 14:02:54.128,1.25042,1.25047,1.50,3.75
2016.04.25 14:02:54.633,1.2504,1.25047,1.95,3.75
2016.04.25 14:02:54.936,1.25041,1.25047,1.75,3.75
2016.04.25 14:02:55.037,1.25041,1.25047,1.00,3.75
2016.04.25 14:02:55.347,1.25042,1.25049,1.65,1.00
2016.04.25 14:02:55.499,1.25041,1.25049,4.12,1.00
2016.04.25 14:02:57.517,1.25042,1.25049,3.07,1.00
2016.04.25 14:02:58.038,1.25041,1.25049,3.75,3.66
2016.04.25 14:02:58.694,1.25041,1.25049,2.70,3.66
2016.04.25 14:02:58.997,1.25047,1.25055,2.70,3.10
2016.04.25 14:02:59.304,1.2505,1.25058,3.07,1.00
2016.04.25 14:02:59.405,1.25053,1.25059,1.37,2.91
2016.04.25 14:02:59.709,1.25056,1.25062,1.37,1.10
2016.04.25 14:03:00.012,1.25055,1.25061,1.01,2.91
2016.04.25 14:03:00.316,1.25056,1.25062,2.25,1.25
2016.04.25 14:03:00.862,1.25056,1.25063,1.95,1.00
2016.04.25 14:03:01.375,1.25055,1.25063,3.37,5.16
2016.04.25 14:03:01.628,1.25056,1.25061,1.20,1.00
2016.04.25 14:03:01.830,1.25053,1.25059,2.70,1.00
2016.04.25 14:03:02.638,1.25051,1.25057,3.45,1.00
2016.04.25 14:03:03.146,1.2505,1.25058,5.25,1.00
2016.04.25 14:03:03.957,1.2505,1.25058,1.20,1.00
2016.04.25 14:03:04.261,1.2505,1.25055,1.10,1.00
2016.04.25 14:03:05.317,1.2505,1.25055,2.81,1.00
2016.04.25 14:03:05.469,1.2505,1.25055,1.00,1.00
2016.04.25 14:03:05.978,1.25049,1.25055,2.40,1.00
2016.04.25 14:03:06.079,1.25051,1.25057,1.00,1.00
2016.04.25 14:03:06.281,1.2505,1.25054,1.87,1.00
2016.04.25 14:03:06.383,1.25049,1.25053,1.00,1.00
2016.04.25 14:03:06.484,1.25046,1.25052,1.87,1.00
2016.04.25 14:03:07.004,1.25045,1.25052,2.62,1.00
2016.04.25 14:03:07.055,1.25045,1.25049,1.50,1.00
2016.04.25 14:03:07.156,1.25043,1.25047,2.77,1.00
2016.04.25 14:03:07.207,1.25042,1.25045,1.87,1.00
2016.04.25 14:03:07.308,1.25038,1.25043,3.00,1.00
2016.04.25 14:03:07.359,1.25038,1.25043,1.87,1.00
2016.04.25 14:03:07.612,1.25037,1.25045,1.12,3.07
2016.04.25 14:03:07.764,1.25037,1.25045,1.87,3.82
2016.04.25 14:03:08.098,1.25046,1.25047,1.00,1.00
2016.04.25 14:03:08.250,1.25045,1.25052,1.57,4.41
2016.04.25 14:03:08.454,1.25045,1.25054,1.57,3.17
2016.04.25 14:03:08.975,1.25046,1.25054,2.25,3.74
2016.04.25 14:03:09.278,1.25046,1.25052,1.62,3.24
2016.04.25 14:03:09.783,1.25045,1.25052,2.14,2.49
2016.04.25 14:03:10.298,1.25047,1.25053,1.12,1.00
2016.04.25 14:03:10.804,1.25046,1.25054,1.65,2.49
2016.04.25 14:03:11.108,1.25046,1.25054,1.57,2.49
2016.04.25 14:03:11.158,1.25046,1.25053,1.20,2.49
2016.04.25 14:03:11.462,1.25045,1.25053,4.27,2.49
2016.04.25 14:03:11.918,1.25052,1.25055,1.00,1.50
2016.04.25 14:03:11.969,1.25049,1.25055,2.62,1.50
2016.04.25 14:03:12.020,1.25051,1.25055,1.00,1.00
2016.04.25 14:03:12.325,1.25047,1.25053,2.77,2.49
2016.04.25 14:03:12.781,1.25047,1.25053,1.57,2.49
2016.04.25 14:03:12.832,1.25047,1.25055,1.65,1.50
2016.04.25 14:03:12.984,1.25049,1.25055,1.62,1.00
2016.04.25 14:03:13.321,1.25052,1.25056,1.01,1.00
2016.04.25 14:03:13.372,1.25052,1.25058,1.01,1.00
2016.04.25 14:03:13.878,1.25052,1.25059,1.01,4.18
2016.04.25 14:03:14.182,1.25052,1.25059,1.76,4.18
2016.04.25 14:03:15.101,1.25052,1.2506,3.45,2.49
2016.04.25 14:03:15.304,1.25052,1.25059,1.12,1.10
2016.04.25 14:03:15.355,1.25051,1.25057,1.75,2.49
2016.04.25 14:03:15.406,1.25049,1.25057,3.07,2.49
2016.04.25 14:03:15.616,1.25049,1.25057,3.07,2.49
2016.04.25 14:03:15.920,1.25049,1.25054,1.00,1.00
2016.04.25 14:03:16.021,1.25047,1.25055,2.64,1.00
2016.04.25 14:03:16.425,1.25047,1.25053,1.57,1.00
2016.04.25 14:03:16.476,1.25047,1.25056,1.57,3.00
2016.04.25 14:03:16.989,1.25046,1.25055,3.45,2.49
2016.04.25 14:03:17.307,1.25046,1.25054,1.87,1.87
2016.04.25 14:03:17.459,1.25044,1.25052,1.00,1.95
2016.04.25 14:03:17.756,1.25045,1.25054,2.64,1.87
2016.04.25 14:03:18.168,1.25046,1.25055,1.12,3.82
2016.04.25 14:03:18.471,1.25042,1.25051,1.09,1.87
2016.04.25 14:03:18.775,1.2504,1.2505,4.74,1.65
2016.04.25 14:03:19.281,1.2504,1.2505,2.64,1.50
2016.04.25 14:03:20.334,1.2504,1.2505,3.02,1.50
2016.04.25 14:03:20.486,1.25043,1.25052,3.00,2.62
2016.04.25 14:03:20.537,1.25045,1.25052,1.95,1.00
2016.04.25 14:03:20.689,1.25048,1.25056,1.57,1.12
2016.04.25 14:03:20.941,1.25048,1.25054,1.57,1.08
2016.04.25 14:03:21.166,1.2505,1.25057,1.00,1.19
2016.04.25 14:03:21.217,1.25049,1.25057,2.00,1.19
2016.04.25 14:03:21.268,1.25049,1.25059,2.25,3.59
2016.04.25 14:03:21.419,1.25049,1.25059,1.87,4.34
2016.04.25 14:03:21.926,1.25049,1.25057,1.00,1.57
2016.04.25 14:03:22.335,1.25047,1.25057,4.44,2.70
2016.04.25 14:03:22.639,1.25047,1.25053,1.00,1.95
2016.04.25 14:03:22.690,1.25045,1.25053,1.74,3.07
2016.04.25 14:03:23.214,1.25045,1.25054,1.00,3.25
2016.04.25 14:03:23.771,1.25043,1.25053,2.32,1.20
2016.04.25 14:03:24.741,1.25043,1.25053,3.32,1.95
2016.04.25 14:03:25.144,1.25043,1.25051,1.74,1.95
2016.04.25 14:03:25.738,1.25043,1.25053,1.20,4.87
2016.04.25 14:03:26.093,1.25041,1.2505,4.02,1.10
2016.04.25 14:03:26.295,1.2504,1.2505,3.07,2.32
2016.04.25 14:03:26.750,1.2504,1.2505,1.50,5.62
2016.04.25 14:03:27.110,1.25041,1.2505,1.32,3.45
2016.04.25 14:03:27.665,1.2504,1.25049,1.40,1.76
2016.04.25 14:03:28.209,1.25039,1.25049,3.65,2.89
2016.04.25 14:03:28.765,1.25041,1.25049,1.32,3.07
2016.04.25 14:03:29.757,1.2504,1.25048,1.40,1.12
2016.04.25 14:03:31.637,1.25039,1.25049,1.57,1.68
2016.04.25 14:03:31.738,1.25041,1.25049,1.37,1.68
2016.04.25 14:03:32.092,1.25041,1.25049,2.02,1.58
2016.04.25 14:03:32.143,1.25041,1.25049,2.02,1.39
2016.04.25 14:03:32.447,1.25045,1.25054,1.50,3.39
2016.04.25 14:03:32.649,1.25046,1.25055,2.25,2.64
2016.04.25 14:03:32.700,1.25046,1.25053,2.25,1.00
2016.04.25 14:03:33.003,1.25043,1.25052,2.62,1.64
2016.04.25 14:03:33.054,1.25043,1.25052,2.62,1.37
2016.04.25 14:03:33.156,1.25045,1.25052,1.12,1.08
2016.04.25 14:03:33.408,1.25047,1.25055,1.87,1.94
2016.04.25 14:03:33.687,1.25046,1.25052,1.75,1.08
2016.04.25 14:03:33.740,1.25045,1.25052,3.90,1.08
2016.04.25 14:03:33.943,1.25045,1.25054,1.20,1.65
2016.04.25 14:03:34.246,1.25044,1.25052,2.32,1.18
2016.04.25 14:03:34.777,1.25044,1.25051,1.00,1.26
2016.04.25 14:03:35.283,1.25042,1.25051,1.57,1.34
2016.04.25 14:03:36.048,1.25041,1.25051,5.06,1.57
2016.04.25 14:03:36.373,1.25041,1.25049,1.27,1.08
2016.04.25 14:03:37.871,1.2504,1.25049,2.40,2.02
2016.04.25 14:03:38.073,1.25042,1.25049,2.62,1.57
2016.04.25 14:03:38.225,1.25043,1.25051,2.25,1.10
2016.04.25 14:03:38.327,1.25043,1.25049,2.62,1.00
2016.04.25 14:03:38.694,1.25043,1.25052,2.25,3.82
2016.04.25 14:03:39.240,1.25042,1.25052,3.75,2.77
2016.04.25 14:03:39.755,1.25042,1.25052,4.12,3.15
2016.04.25 14:03:39.957,1.25042,1.2505,1.20,1.37
2016.04.25 14:03:40.916,1.2504,1.25049,4.12,1.00
2016.04.25 14:03:41.700,1.2504,1.25048,2.25,3.00
2016.04.25 14:03:42.008,1.25039,1.25046,1.50,2.25
2016.04.25 14:03:42.311,1.25037,1.25046,1.12,2.70
2016.04.25 14:03:42.818,1.25036,1.25045,2.62,1.70
2016.04.25 14:03:43.374,1.25036,1.25045,1.87,2.32
2016.04.25 14:03:43.626,1.25037,1.25047,3.90,3.75
2016.04.25 14:03:44.144,1.25037,1.25047,5.62,1.65
2016.04.25 14:03:44.657,1.25039,1.25047,1.27,1.50
2016.04.25 14:03:44.708,1.25041,1.25048,1.00,1.23
2016.04.25 14:03:45.014,1.25044,1.25051,1.12,1.23
2016.04.25 14:03:45.519,1.25042,1.25052,3.07,4.95
2016.04.25 14:03:46.081,1.25043,1.25048,1.10,1.00
2016.04.25 14:03:46.233,1.2504,1.25049,3.00,2.44
2016.04.25 14:03:47.201,1.25041,1.25049,1.20,1.00
2016.04.25 14:03:47.706,1.25042,1.2505,1.00,1.87
2016.04.25 14:03:48.111,1.25041,1.2505,3.34,3.19
2016.04.25 14:03:48.567,1.25042,1.25049,1.50,1.01
2016.04.25 14:03:48.973,1.25045,1.25051,1.50,1.57
2016.04.25 14:03:49.175,1.25045,1.25052,1.50,1.10
2016.04.25 14:03:49.791,1.25045,1.25051,1.50,1.00
2016.04.25 14:03:50.296,1.25043,1.25052,1.16,2.32
2016.04.25 14:03:50.448,1.25043,1.25052,1.64,3.07
2016.04.25 14:03:50.991,1.25043,1.25052,1.18,3.07
2016.04.25 14:03:51.546,1.25043,1.25052,2.39,1.10
2016.04.25 14:03:51.841,1.25045,1.25052,1.47,1.50
2016.04.25 14:03:51.943,1.25047,1.25054,1.00,1.10
2016.04.25 14:03:52.448,1.25045,1.25055,5.25,3.29
2016.04.25 14:03:53.262,1.25045,1.25055,6.37,1.50
2016.04.25 14:03:53.767,1.25047,1.25057,1.87,6.48
2016.04.25 14:03:54.278,1.25047,1.25055,2.70,1.23
2016.04.25 14:03:54.430,1.25045,1.25054,2.40,1.37
2016.04.25 14:03:54.945,1.25044,1.25052,3.75,1.00
2016.04.25 14:03:56.375,1.25044,1.25054,1.95,2.32
2016.04.25 14:03:56.426,1.25045,1.25054,1.87,2.62
2016.04.25 14:03:57.496,1.25046,1.25055,1.75,3.82
2016.04.25 14:03:57.648,1.2505,1.25056,1.00,1.25
2016.04.25 14:03:57.749,1.25048,1.25057,1.12,2.06
2016.04.25 14:03:58.032,1.25047,1.25055,2.96,1.37
2016.04.25 14:03:58.337,1.25043,1.25052,3.00,2.44
2016.04.25 14:03:58.439,1.25044,1.25052,1.57,1.69
2016.04.25 14:03:58.952,1.25044,1.25052,2.40,1.69
2016.04.25 14:03:59.003,1.25044,1.2505,1.65,1.00
2016.04.25 14:03:59.163,1.25042,1.25049,1.00,3.57
2016.04.25 14:03:59.214,1.2504,1.25049,1.27,3.01
2016.04.25 14:03:59.719,1.2504,1.25049,4.09,3.01
2016.04.25 14:03:59.972,1.2504,1.25049,2.40,2.63
2016.04.25 14:04:00.352,1.25039,1.25048,2.62,1.37
2016.04.25 14:04:00.859,1.2504,1.25049,1.57,1.69
2016.04.25 14:04:01.163,1.25041,1.25049,1.76,1.00
2016.04.25 14:04:01.385,1.25045,1.25053,1.00,4.32
2016.04.25 14:04:01.487,1.25045,1.25053,3.34,2.07
2016.04.25 14:04:01.640,1.25045,1.25053,1.65,2.07
2016.04.25 14:04:01.745,1.25045,1.25053,2.21,2.07
2016.04.25 14:04:02.658,1.25046,1.25052,3.07,1.65
2016.04.25 14:04:02.912,1.25044,1.25052,4.50,1.00
2016.04.25 14:04:03.165,1.25047,1.25055,1.20,8.62
2016.04.25 14:04:03.572,1.25047,1.25051,1.57,1.00
2016.04.25 14:04:04.076,1.25045,1.25052,3.00,1.00
2016.04.25 14:04:04.581,1.25045,1.25052,1.65,1.00
2016.04.25 14:04:04.912,1.25043,1.2505,2.62,1.31
2016.04.25 14:04:05.014,1.25043,1.25051,1.31,1.69
2016.04.25 14:04:05.167,1.25044,1.25052,1.20,2.81
2016.04.25 14:04:05.724,1.25042,1.25049,1.83,1.00
2016.04.25 14:04:05.775,1.2504,1.25049,2.14,1.87
2016.04.25 14:04:05.877,1.2504,1.25044,2.14,1.00
2016.04.25 14:04:06.411,1.25039,1.25044,1.56,1.00
2016.04.25 14:04:06.775,1.25037,1.25044,1.50,1.12
2016.04.25 14:04:06.827,1.25037,1.25041,1.50,1.00
2016.04.25 14:04:06.979,1.25034,1.25039,1.00,1.00
2016.04.25 14:04:07.181,1.25033,1.25036,1.00,1.00
2016.04.25 14:04:07.334,1.2503,1.25036,1.00,1.25
2016.04.25 14:04:07.524,1.25027,1.25033,4.00,1.00
2016.04.25 14:04:07.726,1.25029,1.25036,1.00,1.00
2016.04.25 14:04:07.828,1.25029,1.25038,1.47,1.57
2016.04.25 14:04:07.929,1.25031,1.25036,1.00,1.00
2016.04.25 14:04:07.980,1.25029,1.25036,1.20,1.69
2016.04.25 14:04:08.535,1.25028,1.25036,2.59,1.19
2016.04.25 14:04:08.940,1.25027,1.25033,1.50,1.00
2016.04.25 14:04:09.243,1.25023,1.25026,1.87,1.50
2016.04.25 14:04:09.345,1.25018,1.25025,1.00,4.31
2016.04.25 14:04:09.397,1.25018,1.25019,1.00,1.87
2016.04.25 14:04:09.549,1.25013,1.25017,1.00,1.00
2016.04.25 14:04:09.600,1.2501,1.25017,3.82,1.00
2016.04.25 14:04:09.702,1.2501,1.25015,1.00,1.00
2016.04.25 14:04:09.753,1.25008,1.25015,1.20,1.00
2016.04.25 14:04:09.855,1.25007,1.25012,2.62,1.00
2016.04.25 14:04:09.957,1.25006,1.25012,1.65,1.00
2016.04.25 14:04:10.388,1.25008,1.25013,1.00,1.00
2016.04.25 14:04:10.692,1.25003,1.25008,2.06,1.00
2016.04.25 14:04:10.844,1.25004,1.25011,1.37,2.40
2016.04.25 14:04:11.299,1.25005,1.25011,1.50,1.00
2016.04.25 14:04:11.535,1.25004,1.2501,2.06,1.00
2016.04.25 14:04:12.041,1.25005,1.25013,1.37,1.07
2016.04.25 14:04:12.142,1.25007,1.25014,1.12,1.65
2016.04.25 14:04:12.665,1.25005,1.25011,1.00,1.00
2016.04.25 14:04:12.766,1.25005,1.25014,3.37,2.96
2016.04.25 14:04:12.817,1.25005,1.25014,3.37,2.59
2016.04.25 14:04:13.221,1.25006,1.25015,1.37,1.07
2016.04.25 14:04:13.373,1.2501,1.25017,1.12,1.87
2016.04.25 14:04:13.881,1.25009,1.25018,3.19,1.69
2016.04.25 14:04:14.134,1.25009,1.25016,1.00,1.50
2016.04.25 14:04:14.387,1.2501,1.25018,1.87,1.10
2016.04.25 14:04:14.476,1.25013,1.25019,1.25,1.07
2016.04.25 14:04:14.780,1.25014,1.25021,2.25,1.00
2016.04.25 14:04:14.831,1.25014,1.2502,1.50,1.39
2016.04.25 14:04:14.932,1.25012,1.2502,1.69,5.14
2016.04.25 14:04:14.983,1.2501,1.25017,3.56,1.50
2016.04.25 14:04:15.489,1.25009,1.25017,1.87,3.25
2016.04.25 14:04:15.540,1.25009,1.25017,1.87,3.25
2016.04.25 14:04:15.844,1.25013,1.25019,1.69,1.07
2016.04.25 14:04:16.374,1.25013,1.2502,1.69,3.92
2016.04.25 14:04:16.654,1.25016,1.25023,1.12,3.94
2016.04.25 14:04:16.756,1.25017,1.25024,1.12,1.10
2016.04.25 14:04:16.908,1.25018,1.25021,1.00,2.91
2016.04.25 14:04:17.010,1.25017,1.25024,1.50,3.74
2016.04.25 14:04:17.162,1.25017,1.25021,1.50,1.00
2016.04.25 14:04:17.478,1.25014,1.25018,1.00,1.10
2016.04.25 14:04:17.529,1.25011,1.25018,1.00,1.20
2016.04.25 14:04:17.580,1.25007,1.25018,5.32,2.25
2016.04.25 14:04:17.884,1.2501,1.25017,1.00,1.50
2016.04.25 14:04:18.385,1.2501,1.25018,4.12,1.07
2016.04.25 14:04:18.587,1.25012,1.2502,2.62,2.32
2016.04.25 14:04:18.739,1.25013,1.2502,3.00,1.00
2016.04.25 14:04:19.244,1.25015,1.25022,1.50,1.50
2016.04.25 14:04:19.781,1.25015,1.25022,1.69,1.50
2016.04.25 14:04:20.286,1.25016,1.25023,1.12,1.50
2016.04.25 14:04:20.635,1.25018,1.25025,1.87,2.91
2016.04.25 14:04:21.140,1.25018,1.25025,1.50,2.99
2016.04.25 14:04:24.427,1.25019,1.25025,1.00,2.07
2016.04.25 14:04:24.948,1.25018,1.25026,3.75,1.28
2016.04.25 14:04:25.482,1.25019,1.25026,1.50,2.84
2016.04.25 14:04:25.785,1.25019,1.25025,1.00,1.66
2016.04.25 14:04:25.887,1.25017,1.25023,1.50,1.00
2016.04.25 14:04:26.089,1.25017,1.25025,1.50,3.21
2016.04.25 14:04:26.241,1.25017,1.25022,1.00,1.08
2016.04.25 14:04:26.443,1.25013,1.25022,3.26,1.82
2016.04.25 14:04:26.705,1.25013,1.2502,2.32,1.00
2016.04.25 14:04:27.573,1.25013,1.2502,1.00,1.69
2016.04.25 14:04:28.219,1.25013,1.25019,1.00,1.09
2016.04.25 14:04:28.371,1.25011,1.25018,1.00,1.69
2016.04.25 14:04:28.675,1.2501,1.25016,1.00,1.31
2016.04.25 14:04:29.076,1.25008,1.25016,1.00,3.75
2016.04.25 14:04:29.229,1.25009,1.25014,1.50,1.37
2016.04.25 14:04:29.331,1.25007,1.25014,1.50,1.50
2016.04.25 14:04:29.432,1.25005,1.25014,4.76,1.57
2016.04.25 14:04:29.685,1.25005,1.25012,2.32,1.37
2016.04.25 14:04:29.836,1.25003,1.2501,1.50,1.12
2016.04.25 14:04:30.089,1.25003,1.25012,1.50,2.32
2016.04.25 14:04:30.500,1.25003,1.2501,3.37,3.75
2016.04.25 14:04:30.652,1.24999,1.25005,2.14,1.00
2016.04.25 14:04:30.855,1.24998,1.25006,1.00,3.19
2016.04.25 14:04:31.365,1.24999,1.25004,1.69,1.19
2016.04.25 14:04:31.894,1.24999,1.25002,1.69,1.00
2016.04.25 14:04:32.413,1.24997,1.25004,2.96,1.19
2016.04.25 14:04:32.781,1.24998,1.25,1.25,1.00
2016.04.25 14:04:33.087,1.24991,1.24993,1.00,1.69
2016.04.25 14:04:33.138,1.24987,1.24993,1.00,2.44
2016.04.25 14:04:33.240,1.24983,1.24992,2.59,1.65
2016.04.25 14:04:33.493,1.24983,1.2499,1.87,1.00
2016.04.25 14:04:33.695,1.24979,1.24988,1.12,4.31
2016.04.25 14:04:33.796,1.24979,1.24984,1.37,1.00
2016.04.25 14:04:34.101,1.24965,1.24969,2.25,1.25
2016.04.25 14:04:34.414,1.2497,1.24976,1.50,1.57
2016.04.25 14:04:34.718,1.24979,1.24984,1.87,1.08
2016.04.25 14:04:34.870,1.2498,1.24986,1.95,1.00
2016.04.25 14:04:34.921,1.2498,1.24983,1.87,1.00
2016.04.25 14:04:35.022,1.24979,1.24986,1.10,2.06
2016.04.25 14:04:35.224,1.24981,1.24988,4.87,1.19
2016.04.25 14:04:35.275,1.24981,1.24989,4.87,1.12
2016.04.25 14:04:35.326,1.24985,1.2499,1.00,1.00
2016.04.25 14:04:35.579,1.24983,1.24992,1.00,4.69
2016.04.25 14:04:36.108,1.24983,1.2499,1.27,1.19
2016.04.25 14:04:36.621,1.24982,1.2499,2.02,1.69
2016.04.25 14:04:36.824,1.24982,1.24988,1.20,1.19
2016.04.25 14:04:37.349,1.24981,1.24988,2.25,1.19
2016.04.25 14:04:37.855,1.24982,1.24988,1.00,1.19
2016.04.25 14:04:38.405,1.24983,1.24988,1.00,1.31
2016.04.25 14:04:38.557,1.24979,1.24988,3.82,1.60
2016.04.25 14:04:38.912,1.2498,1.24989,1.50,2.89
2016.04.25 14:04:39.014,1.24981,1.24989,1.75,1.07
2016.04.25 14:04:39.167,1.24987,1.24993,1.00,1.39
2016.04.25 14:04:39.218,1.24989,1.24994,1.00,2.81
2016.04.25 14:04:39.729,1.24987,1.24995,1.95,1.31
2016.04.25 14:04:40.032,1.24993,1.25,2.32,1.19
2016.04.25 14:04:40.335,1.24995,1.25003,1.50,2.09
2016.04.25 14:04:40.840,1.24994,1.25004,4.50,2.62
2016.04.25 14:04:40.891,1.24994,1.25004,4.87,2.02
2016.04.25 14:04:41.246,1.24995,1.25003,3.52,1.12
2016.04.25 14:04:41.620,1.24994,1.25,2.70,1.00
2016.04.25 14:04:41.923,1.24992,1.25,1.12,3.94
2016.04.25 14:04:41.974,1.2499,1.24999,2.62,1.39
2016.04.25 14:04:42.228,1.24989,1.24997,1.50,1.57
2016.04.25 14:04:42.532,1.24993,1.24999,1.00,2.00
2016.04.25 14:04:42.634,1.2499,1.24996,1.50,1.00
2016.04.25 14:04:42.685,1.24994,1.24996,1.08,1.50
2016.04.25 14:04:42.786,1.24994,1.24999,1.06,2.44
2016.04.25 14:04:43.291,1.24994,1.24999,1.06,1.00
2016.04.25 14:04:43.900,1.24991,1.24999,3.13,1.00
2016.04.25 14:04:43.951,1.24993,1.24999,1.37,1.00
2016.04.25 14:04:44.355,1.24995,1.25,1.87,1.00
2016.04.25 14:04:44.659,1.25001,1.25003,1.00,1.00
2016.04.25 14:04:44.710,1.25,1.25006,1.00,1.50
2016.04.25 14:04:45.013,1.25001,1.25009,2.25,2.51
2016.04.25 14:04:45.115,1.25003,1.25009,1.00,1.39
2016.04.25 14:04:45.424,1.25009,1.25015,2.62,1.20
2016.04.25 14:04:45.475,1.2501,1.25018,2.02,1.12
2016.04.25 14:04:45.526,1.25012,1.25019,1.00,2.51
2016.04.25 14:04:45.779,1.25008,1.25016,1.50,1.20
2016.04.25 14:04:45.881,1.25008,1.25017,1.50,3.56
2016.04.25 14:04:45.932,1.25008,1.25017,1.50,3.56
2016.04.25 14:04:46.190,1.2501,1.25017,1.00,1.56
2016.04.25 14:04:46.697,1.25009,1.25016,1.50,1.20
2016.04.25 14:04:47.235,1.25008,1.25015,4.12,1.00
2016.04.25 14:04:47.739,1.25008,1.25016,1.57,2.06
2016.04.25 14:04:48.042,1.25005,1.25014,3.07,2.06
2016.04.25 14:04:48.547,1.25006,1.25012,1.20,1.00
2016.04.25 14:04:48.699,1.25007,1.2501,1.20,1.00
2016.04.25 14:04:49.004,1.25006,1.25012,1.37,1.00
2016.04.25 14:04:49.207,1.25005,1.25012,1.27,1.00
2016.04.25 14:04:49.741,1.25005,1.25011,2.25,1.00
2016.04.25 14:04:50.687,1.25006,1.25013,4.57,1.00
2016.04.25 14:04:51.194,1.25008,1.25014,1.00,1.00
2016.04.25 14:04:51.498,1.2501,1.25015,1.00,1.50
2016.04.25 14:04:52.450,1.25008,1.25015,1.20,1.00
2016.04.25 14:04:52.551,1.25008,1.25013,1.12,1.00
2016.04.25 14:04:53.006,1.25006,1.25012,1.50,1.50
2016.04.25 14:04:53.510,1.25005,1.25011,1.19,1.00
2016.04.25 14:04:54.252,1.25004,1.25011,1.20,1.00
2016.04.25 14:04:54.855,1.25005,1.2501,1.00,1.00
2016.04.25 14:04:55.125,1.25007,1.25011,1.00,1.09
2016.04.25 14:04:55.277,1.25006,1.25013,1.50,1.00
2016.04.25 14:04:55.485,1.25008,1.25013,1.00,1.00
2016.04.25 14:04:55.738,1.25009,1.25015,1.50,1.12
2016.04.25 14:04:55.991,1.25009,1.25012,1.50,1.00
2016.04.25 14:04:56.060,1.25007,1.25012,1.50,1.00
2016.04.25 14:04:56.213,1.25005,1.25012,1.50,1.12
2016.04.25 14:04:56.895,1.25005,1.25011,1.10,1.87
2016.04.25 14:04:57.242,1.25002,1.25004,1.50,1.00
2016.04.25 14:04:57.546,1.25,1.25002,1.00,1.57
2016.04.25 14:04:57.597,1.24995,1.25002,1.00,1.57
2016.04.25 14:04:57.850,1.24996,1.25003,1.87,1.10
2016.04.25 14:04:58.159,1.24999,1.25005,1.50,1.50
2016.04.25 14:04:58.463,1.25001,1.25006,1.00,1.00
2016.04.25 14:04:59.013,1.25001,1.25005,1.00,1.00
2016.04.25 14:04:59.370,1.24998,1.25005,1.46,1.00
2016.04.25 14:04:59.881,1.24999,1.25006,1.69,1.00
2016.04.25 14:05:00.209,1.24999,1.25008,5.14,1.10
2016.04.25 14:05:00.259,1.25,1.25006,1.25,1.10
2016.04.25 14:05:00.513,1.24996,1.25004,1.19,1.20
2016.04.25 14:05:01.038,1.24997,1.25005,2.17,1.50
2016.04.25 14:05:01.141,1.24999,1.25006,1.19,1.65
2016.04.25 14:05:01.600,1.24997,1.25005,3.19,1.00
2016.04.25 14:05:01.852,1.24997,1.25004,2.44,1.37
2016.04.25 14:05:02.157,1.24995,1.25,1.19,1.07
2016.04.25 14:05:02.562,1.24992,1.25001,2.44,1.07
2016.04.25 14:05:02.664,1.24994,1.25001,1.19,1.07
2016.04.25 14:05:03.103,1.24994,1.25002,1.19,2.02
2016.04.25 14:05:03.608,1.24994,1.25002,2.06,1.20
2016.04.25 14:05:04.318,1.24996,1.25002,1.19,1.27
2016.04.25 14:05:04.773,1.24999,1.25004,1.25,1.75
2016.04.25 14:05:05.219,1.24999,1.25006,1.50,1.69
2016.04.25 14:05:05.371,1.25001,1.25006,1.00,1.32
2016.04.25 14:05:05.674,1.25002,1.25008,1.50,2.64
2016.04.25 14:05:05.776,1.25001,1.25006,1.50,2.25
2016.04.25 14:05:05.878,1.25001,1.25009,2.14,1.50
2016.04.25 14:05:05.930,1.25001,1.2501,4.76,3.07
2016.04.25 14:05:06.436,1.25003,1.25009,1.00,2.12
2016.04.25 14:05:06.741,1.25004,1.25009,2.81,1.74
2016.04.25 14:05:06.792,1.25005,1.25012,1.31,2.57
2016.04.25 14:05:06.844,1.25007,1.25012,1.37,1.82
2016.04.25 14:05:07.147,1.25012,1.25014,1.00,1.28
2016.04.25 14:05:07.646,1.25012,1.25016,2.06,1.37
2016.04.25 14:05:08.151,1.25014,1.2502,1.69,4.23
2016.04.25 14:05:08.354,1.25014,1.25019,1.00,1.45
2016.04.25 14:05:08.759,1.25014,1.25021,1.00,3.18
2016.04.25 14:05:08.860,1.25014,1.25021,1.00,3.56
2016.04.25 14:05:09.163,1.25012,1.25016,1.50,1.37
2016.04.25 14:05:09.315,1.25008,1.25014,1.00,1.20
2016.04.25 14:05:09.905,1.25006,1.25015,1.19,1.50
2016.04.25 14:05:10.057,1.25008,1.25015,1.19,1.50
2016.04.25 14:05:10.612,1.25008,1.25013,2.44,1.00
2016.04.25 14:05:10.934,1.25,1.25001,3.00,1.00
2016.04.25 14:05:10.986,1.24995,1.24997,2.25,1.00
2016.04.25 14:05:11.139,1.24994,1.24997,1.25,1.50
2016.04.25 14:05:11.341,1.24993,1.24995,1.50,1.00
2016.04.25 14:05:11.493,1.24991,1.24994,1.00,1.00
2016.04.25 14:05:11.595,1.24994,1.24999,1.19,1.50
2016.04.25 14:05:11.697,1.24996,1.25,1.00,1.18
2016.04.25 14:05:11.900,1.24995,1.25002,1.62,1.00
2016.04.25 14:05:12.002,1.24996,1.25005,1.37,3.51
2016.04.25 14:05:12.052,1.25,1.25005,1.00,2.31
2016.04.25 14:05:12.465,1.25,1.25006,1.50,1.45
2016.04.25 14:05:12.768,1.25,1.25005,1.87,1.45
2016.04.25 14:05:12.921,1.24998,1.25005,1.39,1.12
2016.04.25 14:05:13.073,1.24998,1.25003,2.06,1.00
2016.04.25 14:05:13.225,1.24996,1.25003,2.44,1.12
2016.04.25 14:05:13.377,1.24994,1.24999,1.69,1.00
2016.04.25 14:05:13.478,1.24992,1.25,1.87,2.02
2016.04.25 14:05:13.630,1.24991,1.24996,1.50,1.00
2016.04.25 14:05:13.782,1.24991,1.24999,1.87,1.57
2016.04.25 14:05:13.833,1.24991,1.24997,1.95,1.00
2016.04.25 14:05:14.338,1.24992,1.24997,2.62,1.00
2016.04.25 14:05:14.872,1.24992,1.24997,2.81,1.00
2016.04.25 14:05:15.382,1.24992,1.24996,1.69,1.00
2016.04.25 14:05:15.534,1.2499,1.24995,1.84,1.00
2016.04.25 14:05:15.736,1.24989,1.24992,1.69,1.00
2016.04.25 14:05:15.787,1.24989,1.24994,1.25,1.00
2016.04.25 14:05:16.343,1.24986,1.24994,2.17,1.12
2016.04.25 14:05:16.925,1.24986,1.24994,2.17,1.00
2016.04.25 14:05:17.464,1.24988,1.24993,1.50,1.00
2016.04.25 14:05:17.666,1.24988,1.24995,1.50,1.20
2016.04.25 14:05:18.079,1.24988,1.24991,1.87,1.00
2016.04.25 14:05:18.418,1.24982,1.24983,1.50,1.00
2016.04.25 14:05:18.672,1.24974,1.24978,2.81,1.00
2016.04.25 14:05:18.723,1.24974,1.24978,1.50,1.00
2016.04.25 14:05:19.351,1.24972,1.24977,2.62,1.00
2016.04.25 14:05:19.404,1.24971,1.24977,1.25,1.00
2016.04.25 14:05:19.657,1.24971,1.24978,1.37,1.10
2016.04.25 14:05:20.243,1.24972,1.24978,1.87,1.10
2016.04.25 14:05:20.345,1.24972,1.24977,1.50,1.00
2016.04.25 14:05:20.648,1.24972,1.24975,1.31,1.00
2016.04.25 14:05:20.952,1.24969,1.24973,1.31,1.00
2016.04.25 14:05:21.255,1.24964,1.24966,1.87,1.09
2016.04.25 14:05:21.559,1.2496,1.24963,1.62,1.00
2016.04.25 14:05:21.610,1.2496,1.24965,1.62,1.00
2016.04.25 14:05:21.762,1.24962,1.24967,1.31,1.50
2016.04.25 14:05:22.015,1.2496,1.24969,4.69,1.00
2016.04.25 14:05:22.066,1.24962,1.24967,1.25,1.00
2016.04.25 14:05:22.376,1.24962,1.24964,1.19,1.00
2016.04.25 14:05:22.528,1.2496,1.24962,1.00,1.00
2016.04.25 14:05:22.579,1.24958,1.2496,1.00,1.00
2016.04.25 14:05:22.681,1.24954,1.24959,3.64,1.00
2016.04.25 14:05:22.732,1.24954,1.24959,1.32,1.50
2016.04.25 14:05:22.834,1.24953,1.24957,1.37,1.00
2016.04.25 14:05:23.288,1.24953,1.24959,1.00,1.50
2016.04.25 14:05:23.339,1.2495,1.24957,1.19,1.00
2016.04.25 14:05:23.694,1.24949,1.24958,1.25,5.76
2016.04.25 14:05:23.795,1.24948,1.24953,2.25,1.00
2016.04.25 14:05:24.335,1.24949,1.24955,1.00,2.68
2016.04.25 14:05:24.878,1.24949,1.24954,1.00,1.12
2016.04.25 14:05:25.383,1.24949,1.24955,1.00,1.08
2016.04.25 14:05:25.921,1.24949,1.24954,1.00,2.25
2016.04.25 14:05:26.224,1.24949,1.24952,1.25,1.00
2016.04.25 14:05:26.801,1.24949,1.24952,1.19,1.00
2016.04.25 14:05:27.155,1.24948,1.24952,1.00,1.00
2016.04.25 14:05:27.661,1.24949,1.24954,1.00,2.25
2016.04.25 14:05:27.815,1.24948,1.24952,1.00,1.00
2016.04.25 14:05:28.018,1.24949,1.24952,1.00,1.10
2016.04.25 14:05:28.220,1.24948,1.24954,1.00,1.28
2016.04.25 14:05:29.012,1.24949,1.24955,1.00,3.00
2016.04.25 14:05:29.315,1.24949,1.24957,2.25,1.69
2016.04.25 14:05:29.619,1.24951,1.24958,1.00,1.50
2016.04.25 14:05:29.930,1.24955,1.24958,1.00,1.20
2016.04.25 14:05:29.980,1.24952,1.24958,1.00,1.00
2016.04.25 14:05:30.031,1.24952,1.2496,1.50,1.63
2016.04.25 14:05:30.335,1.24954,1.24962,1.00,3.51
2016.04.25 14:05:30.437,1.24957,1.24962,1.00,2.38
2016.04.25 14:05:30.980,1.24956,1.24962,2.62,1.20
2016.04.25 14:05:31.435,1.24958,1.24965,1.12,2.32
2016.04.25 14:05:31.944,1.24958,1.24963,1.50,1.00
2016.04.25 14:05:32.449,1.24959,1.24964,1.69,1.16
2016.04.25 14:05:32.601,1.24959,1.24966,2.06,1.57
2016.04.25 14:05:32.703,1.24961,1.24966,1.00,1.20
2016.04.25 14:05:33.222,1.24961,1.24965,1.50,1.00
2016.04.25 14:05:33.728,1.24961,1.24964,1.50,1.00
2016.04.25 14:05:33.981,1.24958,1.24964,1.00,1.87
2016.04.25 14:05:34.082,1.24956,1.24961,1.00,1.00
2016.04.25 14:05:34.437,1.24956,1.24958,1.00,1.00
2016.04.25 14:05:34.538,1.24956,1.24961,1.00,1.00
2016.04.25 14:05:34.912,1.24956,1.24962,1.69,1.00
2016.04.25 14:05:35.823,1.24956,1.24963,1.87,1.98
2016.04.25 14:05:35.924,1.24958,1.24966,1.37,6.10
2016.04.25 14:05:36.228,1.24961,1.24967,1.00,2.05
2016.04.25 14:05:36.670,1.24962,1.24965,1.31,1.00
2016.04.25 14:05:36.721,1.24964,1.24969,1.95,2.25
2016.04.25 14:05:36.924,1.24966,1.24971,2.25,1.00
2016.04.25 14:05:37.441,1.24966,1.24972,1.12,1.08
2016.04.25 14:05:37.705,1.24967,1.24973,1.69,4.50
2016.04.25 14:05:37.807,1.24967,1.24972,1.69,1.08
2016.04.25 14:05:38.161,1.24966,1.24974,1.00,3.52
2016.04.25 14:05:38.683,1.24966,1.24974,1.87,1.65
2016.04.25 14:05:38.886,1.24968,1.24976,1.87,1.10
2016.04.25 14:05:39.341,1.24968,1.24974,2.06,1.50
2016.04.25 14:05:39.687,1.2497,1.24978,4.50,2.25
2016.04.25 14:05:39.891,1.24973,1.2498,1.25,7.03
2016.04.25 14:05:40.093,1.24971,1.24979,1.00,3.75
2016.04.25 14:05:40.764,1.24971,1.24979,2.40,1.12
2016.04.25 14:05:42.061,1.24971,1.24977,1.65,1.37
2016.04.25 14:05:42.314,1.24968,1.24976,2.40,1.50
2016.04.25 14:05:42.415,1.24969,1.24976,1.19,1.50
2016.04.25 14:05:42.953,1.24968,1.24976,2.59,1.00
2016.04.25 14:05:43.268,1.24968,1.24973,2.59,1.00
2016.04.25 14:05:43.787,1.2497,1.24972,1.25,1.00
2016.04.25 14:05:44.321,1.2497,1.24973,1.25,1.00
2016.04.25 14:05:44.473,1.24968,1.24973,1.09,1.00
2016.04.25 14:05:44.524,1.24968,1.24971,1.84,1.00
2016.04.25 14:05:44.575,1.24969,1.24974,1.12,1.00
2016.04.25 14:05:44.677,1.24969,1.24972,2.44,1.00
2016.04.25 14:05:45.202,1.24968,1.24972,1.19,1.00
2016.04.25 14:05:45.463,1.24968,1.24974,1.31,1.00
2016.04.25 14:05:45.616,1.24972,1.24977,1.19,1.57
2016.04.25 14:05:45.768,1.24972,1.24978,3.56,1.00
2016.04.25 14:05:45.970,1.24972,1.2498,2.06,5.34
2016.04.25 14:05:46.274,1.24974,1.2498,1.31,3.54
2016.04.25 14:05:46.757,1.24974,1.24978,1.19,1.00
2016.04.25 14:05:47.262,1.24973,1.24979,2.06,1.00
2016.04.25 14:05:47.767,1.24973,1.24981,1.69,2.25
2016.04.25 14:05:49.421,1.24973,1.24979,1.69,1.00
2016.04.25 14:05:49.573,1.24971,1.24979,1.19,2.02
2016.04.25 14:05:49.877,1.24974,1.2498,1.31,3.75
2016.04.25 14:05:50.422,1.24974,1.24981,1.69,1.07
2016.04.25 14:05:50.828,1.24973,1.24974,1.50,1.00
2016.04.25 14:05:50.929,1.2497,1.24975,1.25,4.14
2016.04.25 14:05:50.981,1.24969,1.24974,2.81,1.50
2016.04.25 14:05:51.234,1.24969,1.24975,1.69,3.39
2016.04.25 14:05:51.541,1.24966,1.24968,1.50,2.12
2016.04.25 14:05:51.845,1.2495,1.24956,1.50,1.95
2016.04.25 14:05:52.098,1.24953,1.24957,1.19,1.10
2016.04.25 14:05:52.297,1.24953,1.2496,1.31,1.07
2016.04.25 14:05:52.802,1.24953,1.24961,2.44,2.25
2016.04.25 14:05:53.406,1.24953,1.24962,2.44,2.40
2016.04.25 14:05:53.926,1.24956,1.24961,1.25,1.87
2016.04.25 14:05:54.279,1.24954,1.24963,1.50,3.00
2016.04.25 14:05:54.533,1.24955,1.24963,1.31,4.50
2016.04.25 14:05:54.837,1.2496,1.24963,1.19,1.00
2016.04.25 14:05:54.938,1.2496,1.24966,1.19,1.20
2016.04.25 14:05:56.017,1.24961,1.24965,1.25,1.00
2016.04.25 14:05:56.684,1.2496,1.24963,1.19,1.00
2016.04.25 14:05:56.736,1.24958,1.24963,2.44,1.00
2016.04.25 14:05:57.263,1.24956,1.24963,1.19,1.87
2016.04.25 14:05:58.366,1.24955,1.24962,1.69,3.15
2016.04.25 14:05:58.468,1.24955,1.2496,1.69,1.07
2016.04.25 14:05:58.973,1.24955,1.2496,1.19,1.00
2016.04.25 14:05:59.478,1.24955,1.24961,1.19,1.20
2016.04.25 14:05:59.788,1.24955,1.24964,2.81,3.37
2016.04.25 14:06:00.204,1.24955,1.24961,4.69,1.00
2016.04.25 14:06:00.508,1.2496,1.24962,1.00,1.00
2016.04.25 14:06:01.721,1.2496,1.24962,2.25,1.00
2016.04.25 14:06:02.312,1.2496,1.24962,2.50,1.12
2016.04.25 14:06:02.363,1.24961,1.24964,1.00,2.62
2016.04.25 14:06:02.414,1.24963,1.24965,1.00,3.75
2016.04.25 14:06:02.617,1.24962,1.24964,1.00,1.00
2016.04.25 14:06:02.668,1.24963,1.24965,1.00,4.14
2016.04.25 14:06:02.997,1.24964,1.24967,1.00,1.50
2016.04.25 14:06:03.098,1.24961,1.24967,1.00,1.50
2016.04.25 14:06:03.251,1.24961,1.24964,1.00,3.39
2016.04.25 14:06:03.554,1.24958,1.2496,1.25,1.00
2016.04.25 14:06:03.858,1.24957,1.24959,1.00,1.00
2016.04.25 14:06:04.354,1.24958,1.2496,1.00,1.00
2016.04.25 14:06:04.506,1.24959,1.24961,1.00,1.20
2016.04.25 14:06:04.809,1.24962,1.24964,1.00,2.25
2016.04.25 14:06:04.911,1.24963,1.24966,1.00,1.45
2016.04.25 14:06:05.459,1.24962,1.24964,1.69,1.00
2016.04.25 14:06:05.712,1.24965,1.24967,1.00,1.07
2016.04.25 14:06:06.015,1.2496,1.24963,2.06,1.00
2016.04.25 14:06:06.564,1.24957,1.2496,3.37,1.00
2016.04.25 14:06:06.615,1.24958,1.24961,1.12,1.00
2016.04.25 14:06:07.172,1.24958,1.2496,1.69,1.00
2016.04.25 14:06:07.475,1.2496,1.24962,1.19,1.00
2016.04.25 14:06:07.981,1.2496,1.24962,1.19,1.00
2016.04.25 14:06:08.285,1.24955,1.24957,1.87,1.00
2016.04.25 14:06:08.436,1.24954,1.24956,2.62,1.00
2016.04.25 14:06:08.942,1.24954,1.24956,2.81,1.00
2016.04.25 14:06:09.618,1.24954,1.24958,2.81,1.14
2016.04.25 14:06:10.030,1.24957,1.24959,1.31,1.00
2016.04.25 14:06:10.335,1.24953,1.24955,1.12,1.00
2016.04.25 14:06:10.438,1.24955,1.24957,1.19,2.25
2016.04.25 14:06:10.590,1.24952,1.24955,2.77,1.00
2016.04.25 14:06:10.844,1.24954,1.24955,1.00,1.00
2016.04.25 14:06:11.186,1.24949,1.24952,3.15,1.00
2016.04.25 14:06:11.389,1.24946,1.24949,2.77,1.00
2016.04.25 14:06:11.440,1.24949,1.24951,1.25,1.50
2016.04.25 14:06:11.743,1.24947,1.2495,2.81,1.00
2016.04.25 14:06:11.845,1.24945,1.24949,2.70,1.00
2016.04.25 14:06:12.098,1.24946,1.24949,1.50,1.00
2016.04.25 14:06:12.609,1.24947,1.2495,1.50,3.00
2016.04.25 14:06:12.913,1.24946,1.24949,1.00,1.00
2016.04.25 14:06:13.216,1.24947,1.24949,1.25,1.00
2016.04.25 14:06:13.721,1.24947,1.24949,1.19,1.50
2016.04.25 14:06:14.329,1.24947,1.2495,1.19,1.00
2016.04.25 14:06:14.632,1.24949,1.2495,1.25,3.00
2016.04.25 14:06:15.037,1.24946,1.24948,1.65,1.00
2016.04.25 14:06:15.088,1.24945,1.24947,2.25,1.00
2016.04.25 14:06:15.139,1.24945,1.24949,1.12,1.00
2016.04.25 14:06:15.190,1.24946,1.2495,1.19,1.50
2016.04.25 14:06:15.493,1.24946,1.24948,1.25,1.00
2016.04.25 14:06:15.595,1.24946,1.24949,1.19,1.00
2016.04.25 14:06:15.848,1.24944,1.24947,3.19,1.00
2016.04.25 14:06:16.354,1.24944,1.24947,2.44,1.00
2016.04.25 14:06:16.608,1.24944,1.24948,2.06,1.50
2016.04.25 14:06:16.861,1.24944,1.24946,1.25,1.00
2016.04.25 14:06:17.362,1.24945,1.24947,1.25,1.00
2016.04.25 14:06:17.910,1.24944,1.24946,1.25,1.00
2016.04.25 14:06:18.482,1.24942,1.24945,2.62,1.00
2016.04.25 14:06:18.989,1.24943,1.24945,1.00,1.00
2016.04.25 14:06:19.164,1.24942,1.24946,5.25,2.25
2016.04.25 14:06:19.417,1.24946,1.24947,1.00,1.50
2016.04.25 14:06:19.923,1.24945,1.24947,1.69,1.00
2016.04.25 14:06:20.125,1.24942,1.24946,6.56,1.00
2016.04.25 14:06:20.369,1.24943,1.24945,1.12,1.00
2016.04.25 14:06:20.573,1.24943,1.24946,1.69,1.00
2016.04.25 14:06:21.098,1.24943,1.24947,1.69,1.00
2016.04.25 14:06:21.613,1.24943,1.24948,1.69,1.00
2016.04.25 14:06:22.018,1.24945,1.24948,1.19,1.00
2016.04.25 14:06:22.322,1.24943,1.24947,1.69,1.00
2016.04.25 14:06:22.621,1.24943,1.24948,1.19,1.95
2016.04.25 14:06:22.672,1.24941,1.24946,2.06,1.00
2016.04.25 14:06:23.132,1.24941,1.24948,1.69,1.10
2016.04.25 14:06:23.336,1.24941,1.24946,1.69,1.00
2016.04.25 14:06:23.686,1.24944,1.24951,1.31,1.20
2016.04.25 14:06:24.507,1.24944,1.24951,1.56,1.20
2016.04.25 14:06:24.658,1.24948,1.24953,1.19,1.10
2016.04.25 14:06:25.160,1.24948,1.24952,1.31,1.00
2016.04.25 14:06:25.767,1.24948,1.24953,1.69,1.00
2016.04.25 14:06:25.970,1.24948,1.24956,1.69,1.20
2016.04.25 14:06:26.475,1.24949,1.24956,1.69,1.20
2016.04.25 14:06:27.410,1.2495,1.24953,1.00,1.00
2016.04.25 14:06:27.917,1.24951,1.24953,1.00,1.00
2016.04.25 14:06:27.968,1.24951,1.24955,1.25,1.00
2016.04.25 14:06:28.171,1.2495,1.24953,1.00,1.00
2016.04.25 14:06:28.222,1.24948,1.24953,2.81,1.00
2016.04.25 14:06:28.323,1.24951,1.24953,1.00,1.00
2016.04.25 14:06:28.613,1.2495,1.24957,1.31,2.22
2016.04.25 14:06:29.120,1.24949,1.24955,3.19,1.00
2016.04.25 14:06:29.668,1.24949,1.24955,1.00,1.00
2016.04.25 14:06:30.175,1.24949,1.24956,1.12,1.57
2016.04.25 14:06:30.529,1.24951,1.24958,1.00,2.59
2016.04.25 14:06:31.044,1.2495,1.24959,1.12,4.12
2016.04.25 14:06:31.347,1.24952,1.24961,1.87,3.00
2016.04.25 14:06:31.858,1.24951,1.2496,1.31,4.50
2016.04.25 14:06:32.576,1.2495,1.24959,4.84,1.65
2016.04.25 14:06:33.102,1.2495,1.24959,4.46,2.02
2016.04.25 14:06:33.608,1.2495,1.24958,1.50,2.02
2016.04.25 14:06:33.913,1.2495,1.24958,1.00,4.27
2016.04.25 14:06:34.219,1.24947,1.24952,1.00,1.00
2016.04.25 14:06:34.678,1.24948,1.24956,1.00,2.62
2016.04.25 14:06:35.336,1.24949,1.24956,1.00,1.87
2016.04.25 14:06:35.640,1.24951,1.24956,1.00,1.12
2016.04.25 14:06:35.980,1.24953,1.24958,1.00,1.50
2016.04.25 14:06:36.284,1.24955,1.24958,1.00,1.00
2016.04.25 14:06:37.969,1.24952,1.24958,1.20,1.00
2016.04.25 14:06:38.071,1.24952,1.24955,1.00,1.00
2016.04.25 14:06:38.509,1.2495,1.24953,1.00,1.00
2016.04.25 14:06:39.015,1.24949,1.24952,1.50,1.00
2016.04.25 14:06:39.367,1.24947,1.24952,1.10,1.00
2016.04.25 14:06:39.645,1.24949,1.24953,1.00,1.00
2016.04.25 14:06:39.949,1.24949,1.24951,1.00,1.00
2016.04.25 14:06:40.459,1.24949,1.24952,1.50,1.00
2016.04.25 14:06:40.763,1.24951,1.24952,1.00,1.00
2016.04.25 14:06:40.814,1.24949,1.24952,1.50,1.00
2016.04.25 14:06:41.328,1.24949,1.24951,1.00,1.00
2016.04.25 14:06:41.379,1.24947,1.24949,1.50,1.12
2016.04.25 14:06:41.480,1.24946,1.24948,1.12,1.00
2016.04.25 14:06:41.986,1.24945,1.24949,1.00,1.00
2016.04.25 14:06:42.494,1.24947,1.24953,1.00,4.69
2016.04.25 14:06:42.999,1.24948,1.24953,1.00,1.10
2016.04.25 14:06:43.714,1.2495,1.24953,1.00,1.10
2016.04.25 14:06:43.916,1.2495,1.24957,1.50,3.07
2016.04.25 14:06:44.574,1.2495,1.24954,1.50,1.32
2016.04.25 14:06:44.990,1.2495,1.24952,1.00,2.07
2016.04.25 14:06:45.092,1.24948,1.24952,1.00,2.07
2016.04.25 14:06:45.602,1.24946,1.24951,2.06,1.00
2016.04.25 14:06:45.956,1.24948,1.24951,1.00,1.00
2016.04.25 14:06:46.461,1.24949,1.2495,1.00,1.32
2016.04.25 14:06:46.866,1.24949,1.24952,1.00,1.32
2016.04.25 14:06:47.372,1.24948,1.24952,1.00,1.32
2016.04.25 14:06:48.093,1.24947,1.24952,1.00,1.32
2016.04.25 14:06:48.433,1.24949,1.24952,1.00,1.32
2016.04.25 14:06:48.635,1.24949,1.24955,1.50,1.47
2016.04.25 14:06:49.141,1.2495,1.24956,1.00,1.69
2016.04.25 14:06:49.642,1.24951,1.24956,1.00,1.32
2016.04.25 14:06:49.895,1.24949,1.24956,2.06,1.32
2016.04.25 14:06:50.299,1.24949,1.24954,1.00,1.32
2016.04.25 14:06:50.613,1.24949,1.24956,1.00,2.52
2016.04.25 14:06:51.647,1.24948,1.24956,1.69,3.19
2016.04.25 14:06:51.853,1.24947,1.24953,1.50,1.12
2016.04.25 14:06:52.712,1.24946,1.24953,1.00,1.12
2016.04.25 14:06:53.238,1.24945,1.24954,1.00,4.20
2016.04.25 14:06:53.743,1.24946,1.24953,1.00,3.45
2016.04.25 14:06:54.248,1.24945,1.24954,1.25,4.86
2016.04.25 14:06:54.753,1.24946,1.24953,1.00,2.47
2016.04.25 14:06:56.959,1.24944,1.24952,2.81,2.06
2016.04.25 14:06:57.010,1.24944,1.24951,2.06,1.19
2016.04.25 14:06:57.263,1.24942,1.2495,1.00,1.69
2016.04.25 14:06:57.820,1.24942,1.2495,1.31,3.94
2016.04.25 14:06:58.326,1.24942,1.2495,1.31,4.84
2016.04.25 14:06:58.427,1.24942,1.24947,1.19,1.00
2016.04.25 14:06:58.934,1.24943,1.24946,1.25,1.00
2016.04.25 14:06:59.239,1.24941,1.24943,1.00,1.00
2016.04.25 14:06:59.340,1.24941,1.24946,1.00,1.12
2016.04.25 14:06:59.391,1.24943,1.24946,1.00,1.00
2016.04.25 14:07:00.201,1.24942,1.24944,1.00,1.00
2016.04.25 14:07:00.718,1.24942,1.24945,1.00,1.00
2016.04.25 14:07:00.819,1.2494,1.24945,1.12,1.00
2016.04.25 14:07:00.870,1.2494,1.24943,1.00,1.00
2016.04.25 14:07:00.972,1.24938,1.24943,1.12,1.00
2016.04.25 14:07:01.275,1.24941,1.24944,1.00,1.00
2016.04.25 14:07:01.584,1.24937,1.24941,1.00,1.00
2016.04.25 14:07:01.937,1.24936,1.24943,1.00,2.32
2016.04.25 14:07:02.471,1.24937,1.24944,1.50,1.50
2016.04.25 14:07:03.075,1.24938,1.24945,1.25,2.62
2016.04.25 14:07:03.529,1.24939,1.24944,1.50,1.12
2016.04.25 14:07:03.617,1.24937,1.24943,2.02,1.12
2016.04.25 14:07:03.721,1.24937,1.24945,3.00,1.12
2016.04.25 14:07:04.025,1.24939,1.24945,1.50,2.62
2016.04.25 14:07:04.530,1.24938,1.24947,1.87,1.56
2016.04.25 14:07:04.806,1.24941,1.24945,1.00,1.00
2016.04.25 14:07:05.110,1.2494,1.24943,1.00,1.00
2016.04.25 14:07:05.414,1.24942,1.24943,1.00,1.00
2016.04.25 14:07:05.516,1.24942,1.24946,1.00,1.25
2016.04.25 14:07:05.718,1.24943,1.24949,2.06,1.25
2016.04.25 14:07:05.821,1.24946,1.2495,1.00,1.19
2016.04.25 14:07:06.329,1.24946,1.24953,1.87,4.50
2016.04.25 14:07:06.684,1.24945,1.24949,2.44,1.00
2016.04.25 14:07:07.042,1.24945,1.24951,2.44,1.25
2016.04.25 14:07:07.549,1.24945,1.24952,1.87,3.37
2016.04.25 14:07:08.073,1.24945,1.24952,3.00,3.37
2016.04.25 14:07:08.578,1.24945,1.24952,1.87,3.37
2016.04.25 14:07:09.394,1.24945,1.2495,1.87,1.00
2016.04.25 14:07:10.050,1.24945,1.24952,1.87,1.14
2016.04.25 14:07:10.595,1.24945,1.24952,2.62,1.14
2016.04.25 14:07:11.100,1.24947,1.24953,1.25,3.33
2016.04.25 14:07:11.404,1.24945,1.24954,5.44,1.29
2016.04.25 14:07:13.045,1.24945,1.24954,4.31,1.64
2016.04.25 14:07:13.904,1.24948,1.24954,1.12,2.73
2016.04.25 14:07:14.006,1.2495,1.24955,1.37,1.00
2016.04.25 14:07:14.112,1.2495,1.24958,2.44,1.29
2016.04.25 14:07:14.315,1.24953,1.2496,1.00,3.85
2016.04.25 14:07:14.820,1.24951,1.24959,2.25,1.14
2016.04.25 14:07:15.365,1.24951,1.2496,3.75,2.40
2016.04.25 14:07:15.943,1.24953,1.24959,1.19,1.00
2016.04.25 14:07:16.044,1.24952,1.24961,3.94,1.12
2016.04.25 14:07:16.096,1.24952,1.24958,3.94,1.00
2016.04.25 14:07:16.148,1.24952,1.24957,1.50,1.00
2016.04.25 14:07:16.251,1.24952,1.24959,1.76,2.56
2016.04.25 14:07:16.555,1.24954,1.2496,1.75,1.00
2016.04.25 14:07:17.062,1.24955,1.24958,1.00,1.00
2016.04.25 14:07:17.597,1.24955,1.24959,1.00,1.00
2016.04.25 14:07:17.913,1.24955,1.24962,1.00,1.00
2016.04.25 14:07:17.964,1.24954,1.24962,4.31,1.00
2016.04.25 14:07:18.167,1.24955,1.24962,1.50,1.08
2016.04.25 14:07:18.683,1.24954,1.24963,1.09,1.50
2016.04.25 14:07:19.120,1.24956,1.24965,1.00,2.40
2016.04.25 14:07:19.777,1.24956,1.24962,1.01,1.00
2016.04.25 14:07:20.081,1.24956,1.24964,2.44,1.56
2016.04.25 14:07:20.183,1.24957,1.24965,2.06,1.10
2016.04.25 14:07:20.689,1.24959,1.24966,1.12,1.50
2016.04.25 14:07:20.892,1.24961,1.24969,1.31,1.20
2016.04.25 14:07:21.347,1.24963,1.2497,1.00,8.25
2016.04.25 14:07:21.752,1.24961,1.24967,1.00,1.12
2016.04.25 14:07:22.257,1.24961,1.24966,1.00,1.10
2016.04.25 14:07:22.781,1.2496,1.24966,1.00,2.25
2016.04.25 14:07:23.290,1.2496,1.24964,1.50,1.00
2016.04.25 14:07:23.795,1.24962,1.24964,1.12,1.00
2016.04.25 14:07:23.910,1.24964,1.24967,1.00,1.00
2016.04.25 14:07:24.437,1.24964,1.24968,1.00,1.10
2016.04.25 14:07:24.591,1.24962,1.24968,2.25,1.10
2016.04.25 14:07:24.743,1.24962,1.24965,1.69,1.00
2016.04.25 14:07:24.946,1.24962,1.24968,1.00,1.20
2016.04.25 14:07:25.131,1.24963,1.24968,1.37,1.00
2016.04.25 14:07:25.657,1.24963,1.24969,1.50,1.00
2016.04.25 14:07:25.859,1.24962,1.24969,2.81,1.20
2016.04.25 14:07:26.062,1.24962,1.24967,2.06,3.39
2016.04.25 14:07:26.365,1.24962,1.24965,1.69,1.00
2016.04.25 14:07:26.620,1.2496,1.24966,2.62,1.20
2016.04.25 14:07:27.125,1.2496,1.24967,1.87,4.89
2016.04.25 14:07:27.631,1.2496,1.24967,2.25,4.21
2016.04.25 14:07:28.134,1.2496,1.24964,1.87,1.00
2016.04.25 14:07:28.438,1.24955,1.24961,2.25,1.20
2016.04.25 14:07:28.791,1.24957,1.24962,1.00,1.60
2016.04.25 14:07:29.341,1.24956,1.24963,1.00,1.75
2016.04.25 14:07:29.851,1.24957,1.24964,1.00,1.12
2016.04.25 14:07:29.902,1.24957,1.24965,1.00,3.00
2016.04.25 14:07:30.114,1.24957,1.24964,1.87,2.62
2016.04.25 14:07:30.368,1.24961,1.24969,3.19,2.62
2016.04.25 14:07:30.419,1.24963,1.24969,1.00,1.50
2016.04.25 14:07:30.926,1.24964,1.2497,3.00,1.20
2016.04.25 14:07:31.332,1.24966,1.24971,1.00,1.50
2016.04.25 14:07:31.839,1.24966,1.24971,2.25,1.10
2016.04.25 14:07:32.344,1.24965,1.24968,1.87,1.00
2016.04.25 14:07:32.546,1.24963,1.24968,1.87,1.20
2016.04.25 14:07:33.917,1.24963,1.24968,1.50,1.65
2016.04.25 14:07:33.968,1.24963,1.24967,1.50,1.50
2016.04.25 14:07:34.070,1.24959,1.24964,1.87,1.00
2016.04.25 14:07:34.575,1.24958,1.24965,2.62,2.25
2016.04.25 14:07:34.958,1.2496,1.24964,1.00,1.50
2016.04.25 14:07:35.110,1.24962,1.24968,2.06,1.65
2016.04.25 14:07:35.160,1.24964,1.24969,1.00,3.19
2016.04.25 14:07:35.312,1.24964,1.24971,2.44,1.20
2016.04.25 14:07:35.721,1.24964,1.24968,1.12,1.00
2016.04.25 14:07:35.873,1.24962,1.24968,2.62,1.00
2016.04.25 14:07:36.277,1.24965,1.24969,1.00,1.00
2016.04.25 14:07:36.581,1.24969,1.24972,1.00,1.27
2016.04.25 14:07:36.784,1.24967,1.24972,2.62,1.00
2016.04.25 14:07:37.209,1.2497,1.24972,1.00,1.00
2016.04.25 14:07:37.665,1.24972,1.24974,1.00,1.00
2016.04.25 14:07:37.716,1.24973,1.24975,1.00,1.00
2016.04.25 14:07:38.171,1.24975,1.24977,1.00,1.00
2016.04.25 14:07:38.375,1.24974,1.24977,1.50,1.00
2016.04.25 14:07:38.578,1.24974,1.24975,1.50,1.00
2016.04.25 14:07:38.629,1.24972,1.24975,1.00,1.12
2016.04.25 14:07:38.832,1.24969,1.24974,1.50,4.27
2016.04.25 14:07:39.236,1.24969,1.24972,1.00,1.08
2016.04.25 14:07:40.044,1.2497,1.24971,1.50,1.00
2016.04.25 14:07:40.348,1.2497,1.24971,1.00,1.00
2016.04.25 14:07:40.449,1.24968,1.24969,1.00,1.00
2016.04.25 14:07:40.601,1.24967,1.24972,1.00,1.26
2016.04.25 14:07:40.703,1.24964,1.24969,1.50,1.25
2016.04.25 14:07:40.755,1.24963,1.24969,1.00,1.68
2016.04.25 14:07:40.857,1.24961,1.24967,1.00,2.31
2016.04.25 14:07:41.211,1.2496,1.24963,1.00,1.12
2016.04.25 14:07:41.515,1.24959,1.2496,1.00,1.00
2016.04.25 14:07:41.566,1.24959,1.24963,1.00,2.01
2016.04.25 14:07:41.819,1.24957,1.24964,1.00,5.68
2016.04.25 14:07:41.870,1.24959,1.24964,1.00,5.68
2016.04.25 14:07:42.392,1.24958,1.24964,1.00,4.18
2016.04.25 14:07:42.696,1.24956,1.24964,1.25,3.62
2016.04.25 14:07:43.000,1.24956,1.24959,1.00,1.08
2016.04.25 14:07:44.046,1.24956,1.2496,1.00,1.10
2016.04.25 14:07:44.577,1.24957,1.2496,1.00,1.10
2016.04.25 14:07:45.051,1.2496,1.24962,1.50,1.12
2016.04.25 14:07:45.102,1.24962,1.24963,1.00,1.50
2016.04.25 14:07:45.254,1.24963,1.24965,1.00,1.00
2016.04.25 14:07:45.306,1.24964,1.24967,1.12,1.20
2016.04.25 14:07:45.357,1.24966,1.24967,1.00,1.20
2016.04.25 14:07:45.863,1.24966,1.2497,1.00,2.47
2016.04.25 14:07:46.545,1.24965,1.2497,1.87,1.50
2016.04.25 14:07:46.747,1.24966,1.24972,1.00,2.38
2016.04.25 14:07:47.258,1.24967,1.24972,1.00,1.18
2016.04.25 14:07:47.379,1.24967,1.24972,1.00,1.16
2016.04.25 14:07:47.909,1.24967,1.24971,1.00,2.16
2016.04.25 14:07:48.397,1.24969,1.24971,1.00,2.16
2016.04.25 14:07:48.912,1.2497,1.24971,1.00,2.16
2016.04.25 14:07:49.352,1.24972,1.24975,1.00,1.20
2016.04.25 14:07:49.403,1.24972,1.24976,1.00,1.65
2016.04.25 14:07:49.505,1.24974,1.24976,1.00,1.00
2016.04.25 14:07:49.915,1.24973,1.24974,1.00,1.00
2016.04.25 14:07:50.315,1.24971,1.24974,1.00,1.00
2016.04.25 14:07:50.820,1.2497,1.24974,1.50,1.00
2016.04.25 14:07:50.922,1.24972,1.24974,1.00,1.00
2016.04.25 14:07:51.578,1.24971,1.24974,1.00,1.00
2016.04.25 14:07:51.959,1.2497,1.24972,1.50,2.25
2016.04.25 14:07:52.212,1.24972,1.24975,1.00,4.50
2016.04.25 14:07:52.263,1.24973,1.24976,1.00,1.57
2016.04.25 14:07:52.416,1.24972,1.24977,1.12,1.87
2016.04.25 14:07:52.924,1.24973,1.24975,1.00,4.50
2016.04.25 14:07:53.453,1.24974,1.24977,1.00,4.57
2016.04.25 14:07:53.958,1.24974,1.24976,1.00,4.50
2016.04.25 14:07:54.463,1.24974,1.24979,1.00,2.70
2016.04.25 14:07:54.868,1.24976,1.24977,1.00,1.87
2016.04.25 14:07:55.322,1.24977,1.24979,1.00,4.50
2016.04.25 14:07:55.424,1.24978,1.24981,1.00,1.00
2016.04.25 14:07:55.937,1.24978,1.2498,1.00,1.00
2016.04.25 14:07:56.190,1.24978,1.24984,1.00,2.21
2016.04.25 14:07:56.695,1.24979,1.24985,1.00,2.25
2016.04.25 14:07:57.214,1.2498,1.24984,1.00,1.00
2016.04.25 14:07:57.366,1.24978,1.24984,3.00,1.00
2016.04.25 14:07:57.467,1.2498,1.24984,1.00,1.00
2016.04.25 14:07:58.049,1.24979,1.24985,1.00,1.65
2016.04.25 14:07:58.355,1.2498,1.24982,1.12,1.87
2016.04.25 14:07:58.862,1.24978,1.24983,2.62,2.16
2016.04.25 14:07:58.963,1.24979,1.24985,1.50,1.10
2016.04.25 14:07:59.166,1.2498,1.24982,1.12,2.16
2016.04.25 14:07:59.708,1.24981,1.24983,1.00,1.87
2016.04.25 14:08:00.427,1.2498,1.24983,2.62,1.87
2016.04.25 14:08:00.479,1.2498,1.24986,2.62,1.20
2016.04.25 14:08:00.985,1.2498,1.24986,1.50,1.95
2016.04.25 14:08:01.395,1.2498,1.24982,1.00,1.87
2016.04.25 14:08:02.043,1.24981,1.24982,1.00,1.87
2016.04.25 14:08:02.201,1.24979,1.24982,1.87,1.87
2016.04.25 14:08:02.888,1.24978,1.24982,1.25,1.95
2016.04.25 14:08:03.394,1.24977,1.24981,1.00,1.87
2016.04.25 14:08:03.901,1.24976,1.24981,1.12,2.62
2016.04.25 14:08:04.450,1.24976,1.24981,1.37,2.62
2016.04.25 14:08:05.001,1.24976,1.24982,1.37,1.95
2016.04.25 14:08:05.269,1.24976,1.24979,1.12,1.87
2016.04.25 14:08:05.453,1.2497,1.24975,3.37,1.00
2016.04.25 14:08:06.212,1.2497,1.24974,2.81,1.00
2016.04.25 14:08:07.405,1.24969,1.24976,1.87,2.62
2016.04.25 14:08:07.556,1.24971,1.24976,1.12,2.62
2016.04.25 14:08:08.085,1.24971,1.24976,1.87,1.00
2016.04.25 14:08:08.618,1.24971,1.24976,1.87,1.00
2016.04.25 14:08:09.584,1.24974,1.24976,1.00,1.00
2016.04.25 14:08:10.093,1.24974,1.24976,1.00,1.00
2016.04.25 14:08:10.396,1.24974,1.2498,1.37,1.87
2016.04.25 14:08:10.678,1.24974,1.24979,2.62,2.62
2016.04.25 14:08:11.269,1.24975,1.24978,1.00,1.00
2016.04.25 14:08:11.471,1.24975,1.24976,1.00,1.00
2016.04.25 14:08:11.522,1.24973,1.24976,1.00,1.00
2016.04.25 14:08:12.038,1.24973,1.24976,1.37,1.00
2016.04.25 14:08:12.391,1.24972,1.24978,2.62,1.00
2016.04.25 14:08:12.492,1.24972,1.24976,2.25,1.00
2016.04.25 14:08:12.644,1.24972,1.24976,1.87,1.00
2016.04.25 14:08:13.174,1.24971,1.24976,1.12,1.00
2016.04.25 14:08:13.882,1.24972,1.24976,1.00,1.00
2016.04.25 14:08:14.382,1.24974,1.24977,1.00,1.00
2016.04.25 14:08:14.686,1.24973,1.2498,2.25,1.00
2016.04.25 14:08:14.998,1.24975,1.24981,4.50,1.00
2016.04.25 14:08:15.303,1.2498,1.24984,1.75,1.10
2016.04.25 14:08:15.354,1.24981,1.24986,1.94,1.50
2016.04.25 14:08:15.405,1.24985,1.24986,1.00,1.00
2016.04.25 14:08:15.506,1.24984,1.2499,2.25,1.00
2016.04.25 14:08:15.658,1.24984,1.24988,3.00,1.00
2016.04.25 14:08:15.759,1.24984,1.2499,2.62,1.00
2016.04.25 14:08:16.012,1.24984,1.24988,2.44,1.00
2016.04.25 14:08:16.198,1.24984,1.2499,3.19,1.57
2016.04.25 14:08:16.855,1.24985,1.24991,2.25,2.02
2016.04.25 14:08:16.906,1.24985,1.24989,2.44,1.87
2016.04.25 14:08:17.008,1.24985,1.24991,1.50,1.87
2016.04.25 14:08:17.110,1.24983,1.24991,3.00,4.12
2016.04.25 14:08:17.294,1.24983,1.24986,1.62,1.00
2016.04.25 14:08:17.801,1.24983,1.24987,1.31,1.00
2016.04.25 14:08:18.104,1.24982,1.24986,1.50,1.00
2016.04.25 14:08:18.650,1.24982,1.24988,1.50,1.00
2016.04.25 14:08:18.752,1.24982,1.24986,1.50,1.00
2016.04.25 14:08:18.955,1.24982,1.24988,1.00,1.00
2016.04.25 14:08:19.006,1.24983,1.24988,1.50,1.00
2016.04.25 14:08:19.448,1.24983,1.24988,1.75,1.00
2016.04.25 14:08:19.853,1.24986,1.24992,1.50,1.20
2016.04.25 14:08:20.157,1.24986,1.24992,1.00,1.00
2016.04.25 14:08:20.613,1.24985,1.24988,2.44,1.00
2016.04.25 14:08:20.917,1.24985,1.24989,2.44,1.00
2016.04.25 14:08:21.019,1.24985,1.24991,2.44,1.00
2016.04.25 14:08:21.221,1.24986,1.24992,3.37,1.20
2016.04.25 14:08:21.579,1.24988,1.24994,3.56,1.00
2016.04.25 14:08:22.084,1.24989,1.24995,1.50,1.87
2016.04.25 14:08:22.539,1.24989,1.24995,1.87,2.25
2016.04.25 14:08:23.297,1.24992,1.24996,1.12,1.00
2016.04.25 14:08:23.601,1.24993,1.24998,1.00,2.23
2016.04.25 14:08:24.016,1.24992,1.24996,1.00,1.10
2016.04.25 14:08:24.168,1.2499,1.24997,1.87,1.20
2016.04.25 14:08:24.219,1.2499,1.24993,1.50,1.00
2016.04.25 14:08:24.421,1.24988,1.24993,1.12,1.00
2016.04.25 14:08:24.472,1.24988,1.24991,1.50,1.00
2016.04.25 14:08:24.977,1.24987,1.2499,1.37,1.00
2016.04.25 14:08:25.028,1.24987,1.24992,1.37,1.00
2016.04.25 14:08:25.534,1.24988,1.24993,1.50,1.00
2016.04.25 14:08:25.686,1.24988,1.24991,1.87,1.00
2016.04.25 14:08:26.546,1.24988,1.24989,1.50,1.00
2016.04.25 14:08:26.748,1.24982,1.24987,1.00,1.57
2016.04.25 14:08:26.799,1.24982,1.24986,1.00,1.87
2016.04.25 14:08:27.204,1.24981,1.24986,1.00,1.20
2016.04.25 14:08:27.659,1.24982,1.24988,1.50,2.62
2016.04.25 14:08:28.013,1.24983,1.24984,1.00,1.00
2016.04.25 14:08:28.064,1.24983,1.24986,1.00,1.57
2016.04.25 14:08:28.472,1.24983,1.24984,1.00,1.00
2016.04.25 14:08:28.675,1.24982,1.24987,2.25,1.00
2016.04.25 14:08:28.878,1.24984,1.24989,2.25,1.00
2016.04.25 14:08:29.387,1.24984,1.24987,1.69,1.00
2016.04.25 14:08:29.691,1.24982,1.24983,1.00,1.50
2016.04.25 14:08:29.946,1.2498,1.24982,1.00,1.00
2016.04.25 14:08:30.258,1.24978,1.24982,1.00,1.50
2016.04.25 14:08:30.763,1.24977,1.24984,1.12,1.57
2016.04.25 14:08:31.288,1.24978,1.24981,1.12,1.00
2016.04.25 14:08:31.591,1.24974,1.24976,1.12,1.00
2016.04.25 14:08:31.693,1.24973,1.24976,1.00,1.50
2016.04.25 14:08:31.895,1.24971,1.24976,1.12,1.50
2016.04.25 14:08:31.997,1.24972,1.24976,1.37,1.00
2016.04.25 14:08:33.352,1.24973,1.24977,1.12,1.50
2016.04.25 14:08:33.806,1.24975,1.24978,1.00,1.00
2016.04.25 14:08:33.857,1.24975,1.2498,1.00,1.65
2016.04.25 14:08:33.908,1.24977,1.2498,1.00,1.10
2016.04.25 14:08:34.222,1.24977,1.24982,1.87,1.20
2016.04.25 14:08:34.727,1.24978,1.24979,1.12,1.50
2016.04.25 14:08:34.829,1.24976,1.2498,1.12,1.50
2016.04.25 14:08:35.302,1.24976,1.24978,1.00,1.00
2016.04.25 14:08:35.807,1.24975,1.24979,1.50,1.00
2016.04.25 14:08:36.346,1.24975,1.24978,1.50,1.00
2016.04.25 14:08:36.397,1.24975,1.2498,1.50,1.00
2016.04.25 14:08:36.724,1.24975,1.24978,1.37,1.00
2016.04.25 14:08:37.403,1.24974,1.2498,3.00,1.00
2016.04.25 14:08:37.913,1.24975,1.24982,1.50,1.50
2016.04.25 14:08:38.431,1.24976,1.24982,1.00,1.69
2016.04.25 14:08:39.294,1.24975,1.24982,1.18,1.87
2016.04.25 14:08:39.825,1.24975,1.24982,1.56,1.50
2016.04.25 14:08:39.876,1.24975,1.24984,2.50,2.62
2016.04.25 14:08:40.337,1.24978,1.24985,1.37,1.20
2016.04.25 14:08:41.329,1.24978,1.24985,1.37,1.20
2016.04.25 14:08:41.632,1.2498,1.24987,3.37,1.75
2016.04.25 14:08:41.734,1.24981,1.24988,2.25,1.50
2016.04.25 14:08:41.835,1.24983,1.2499,1.12,1.50
2016.04.25 14:08:42.118,1.24983,1.24988,1.25,2.25
2016.04.25 14:08:42.826,1.24983,1.24989,1.37,3.75
2016.04.25 14:08:43.129,1.24982,1.24985,1.87,1.00
2016.04.25 14:08:43.231,1.24981,1.24985,1.31,1.00
2016.04.25 14:08:43.737,1.24982,1.24988,3.00,2.62
2016.04.25 14:08:44.270,1.24983,1.24988,1.00,1.20
2016.04.25 14:08:44.373,1.24982,1.24989,2.62,1.10
2016.04.25 14:08:44.883,1.24985,1.24991,1.00,1.20
2016.04.25 14:08:44.934,1.24985,1.24991,1.37,1.20
2016.04.25 14:08:45.483,1.24985,1.24993,3.37,4.50
2016.04.25 14:08:45.987,1.24986,1.24992,1.69,1.20
2016.04.25 14:08:46.291,1.24987,1.24994,1.75,3.00
2016.04.25 14:08:46.422,1.24987,1.24992,1.12,1.20
2016.04.25 14:08:46.927,1.24986,1.24991,3.00,1.10
2016.04.25 14:08:47.548,1.24986,1.24991,3.00,1.10
2016.04.25 14:08:47.801,1.24986,1.24989,1.37,1.00
2016.04.25 14:08:47.852,1.24985,1.24988,1.50,1.00
2016.04.25 14:08:48.358,1.24985,1.24989,1.37,1.00
2016.04.25 14:08:49.256,1.24985,1.24989,1.00,1.00
2016.04.25 14:08:49.357,1.24984,1.24987,1.87,1.00
2016.04.25 14:08:49.660,1.24983,1.24984,1.00,1.00
2016.04.25 14:08:49.770,1.24981,1.24984,1.00,1.00
2016.04.25 14:08:49.872,1.24981,1.24983,1.00,1.87
2016.04.25 14:08:50.024,1.24976,1.24979,1.00,1.00
2016.04.25 14:08:50.126,1.24974,1.24979,1.00,1.00
2016.04.25 14:08:50.227,1.24973,1.24977,1.87,1.00
2016.04.25 14:08:50.328,1.24972,1.24979,1.56,1.00
2016.04.25 14:08:51.058,1.24972,1.24979,1.08,1.00
2016.04.25 14:08:51.160,1.24972,1.24979,1.45,1.00
2016.04.25 14:08:51.464,1.24972,1.24977,1.83,1.00
2016.04.25 14:08:51.977,1.24973,1.24978,1.00,1.00
2016.04.25 14:08:52.474,1.24975,1.24978,1.50,1.00
2016.04.25 14:08:52.897,1.24976,1.2498,1.00,1.10
2016.04.25 14:08:53.049,1.24978,1.2498,1.00,1.10
2016.04.25 14:08:53.100,1.24979,1.24983,1.00,1.57
2016.04.25 14:08:53.303,1.2498,1.24984,1.12,1.10
2016.04.25 14:08:53.847,1.2498,1.24983,2.62,1.00
2016.04.25 14:08:54.101,1.2498,1.24985,2.25,1.65
2016.04.25 14:08:54.603,1.2498,1.24984,1.50,1.00
2016.04.25 14:08:54.985,1.24982,1.24984,1.00,1.00
2016.04.25 14:08:55.508,1.24982,1.24983,1.00,1.00
2016.04.25 14:08:55.787,1.2498,1.24984,3.00,2.25
2016.04.25 14:08:55.838,1.2498,1.24981,1.50,1.00
2016.04.25 14:08:55.939,1.2498,1.24984,1.00,3.26
2016.04.25 14:08:55.990,1.24977,1.2498,2.06,1.00
2016.04.25 14:08:56.495,1.24975,1.24979,3.37,1.00
2016.04.25 14:08:56.731,1.24974,1.2498,2.25,3.04
2016.04.25 14:08:56.933,1.24974,1.24978,1.00,1.00
2016.04.25 14:08:57.443,1.24973,1.24978,2.25,1.00
2016.04.25 14:08:57.914,1.24973,1.24976,1.37,1.00
2016.04.25 14:08:58.217,1.2497,1.24971,2.25,1.00
2016.04.25 14:08:58.471,1.24967,1.2497,1.00,1.00
2016.04.25 14:08:59.140,1.24968,1.2497,1.00,1.00
2016.04.25 14:09:01.297,1.24968,1.2497,1.50,1.00
2016.04.25 14:09:01.550,1.24965,1.24968,1.50,1.00
2016.04.25 14:09:02.056,1.24964,1.24968,1.50,1.00
2016.04.25 14:09:02.208,1.24964,1.24966,1.00,1.00
2016.04.25 14:09:02.288,1.24962,1.24966,1.12,1.00
2016.04.25 14:09:02.339,1.24962,1.24968,1.12,1.00
2016.04.25 14:09:02.542,1.24962,1.24966,1.50,1.00
2016.04.25 14:09:02.897,1.24962,1.24964,1.00,1.00
2016.04.25 14:09:03.433,1.24962,1.24965,1.00,1.00
2016.04.25 14:09:03.534,1.24962,1.24967,1.00,1.00
2016.04.25 14:09:03.636,1.24962,1.24965,1.00,1.00
2016.04.25 14:09:03.889,1.24962,1.24967,1.00,1.00
2016.04.25 14:09:04.884,1.24962,1.24966,1.00,1.00
2016.04.25 14:09:04.985,1.24961,1.24964,1.00,1.00
2016.04.25 14:09:05.288,1.24961,1.24966,1.00,1.00
2016.04.25 14:09:05.833,1.2496,1.24966,1.50,1.12
2016.04.25 14:09:06.367,1.24961,1.24965,1.00,1.00
2016.04.25 14:09:06.630,1.24961,1.24967,1.00,1.00
2016.04.25 14:09:06.782,1.24961,1.24965,1.00,1.00
2016.04.25 14:09:07.388,1.24962,1.24966,1.12,1.00
2016.04.25 14:09:07.945,1.24963,1.24966,1.50,1.00
2016.04.25 14:09:08.502,1.24963,1.24969,1.69,1.27
2016.04.25 14:09:08.604,1.24964,1.24966,1.25,1.00
2016.04.25 14:09:08.806,1.24963,1.24968,1.50,1.20
2016.04.25 14:09:09.114,1.24964,1.2497,2.06,1.20
2016.04.25 14:09:09.618,1.24964,1.2497,2.06,1.47
2016.04.25 14:09:10.980,1.24964,1.24968,1.50,1.47
2016.04.25 14:09:11.082,1.24962,1.24968,1.00,3.90
2016.04.25 14:09:11.133,1.24962,1.24966,1.00,1.10
2016.04.25 14:09:11.642,1.24961,1.24965,1.50,1.00
2016.04.25 14:09:12.176,1.24961,1.24966,1.50,1.10
2016.04.25 14:09:12.580,1.24963,1.24967,1.00,1.20
2016.04.25 14:09:12.986,1.24965,1.24969,1.50,1.00
2016.04.25 14:09:13.559,1.24965,1.2497,1.50,1.27
2016.04.25 14:09:13.886,1.24965,1.24968,1.50,1.10
2016.04.25 14:09:14.190,1.24961,1.24967,1.00,2.25
2016.04.25 14:09:14.839,1.24961,1.24966,1.00,1.57
2016.04.25 14:09:15.274,1.24962,1.24968,1.00,2.32
2016.04.25 14:09:15.375,1.24965,1.24969,1.00,1.87
2016.04.25 14:09:15.477,1.24963,1.2497,1.00,3.00
2016.04.25 14:09:15.983,1.24964,1.24969,1.00,1.45
2016.04.25 14:09:18.299,1.24962,1.24968,1.00,1.09
2016.04.25 14:09:18.602,1.24959,1.24966,2.25,1.10
2016.04.25 14:09:19.153,1.24959,1.24967,3.75,1.10
2016.04.25 14:09:19.687,1.24959,1.24966,2.62,1.00
2016.04.25 14:09:20.320,1.24959,1.24966,2.25,1.00
2016.04.25 14:09:20.623,1.24957,1.2496,1.50,1.00
2016.04.25 14:09:21.131,1.24957,1.24962,1.50,1.57
2016.04.25 14:09:21.660,1.24956,1.24961,1.25,1.10
2016.04.25 14:09:22.594,1.24955,1.24958,3.56,1.00
2016.04.25 14:09:22.797,1.24953,1.24958,2.25,1.00
2016.04.25 14:09:22.898,1.24953,1.24956,2.25,1.00
2016.04.25 14:09:23.576,1.24952,1.24955,2.44,1.00
2016.04.25 14:09:23.632,1.24951,1.24952,1.00,1.12
2016.04.25 14:09:23.683,1.24946,1.24947,2.25,1.00
2016.04.25 14:09:23.734,1.24947,1.24948,2.25,1.00
2016.04.25 14:09:23.987,1.24948,1.24949,1.00,1.00
2016.04.25 14:09:24.089,1.24948,1.24952,1.00,1.00
2016.04.25 14:09:24.443,1.24952,1.24953,1.00,1.00
2016.04.25 14:09:24.552,1.24952,1.24955,1.00,1.00
2016.04.25 14:09:24.862,1.24952,1.24958,1.37,1.57
2016.04.25 14:09:24.964,1.24953,1.24959,1.50,1.20
2016.04.25 14:09:25.066,1.24953,1.24959,2.25,1.20
2016.04.25 14:09:25.613,1.24954,1.2496,1.12,1.65
2016.04.25 14:09:25.967,1.24955,1.24959,1.50,1.00
2016.04.25 14:09:26.068,1.24955,1.24962,3.00,1.20
2016.04.25 14:09:26.591,1.24957,1.24962,1.00,1.20
2016.04.25 14:09:27.375,1.24957,1.24959,1.00,1.00
2016.04.25 14:09:27.527,1.24953,1.24956,2.44,1.00
2016.04.25 14:09:28.001,1.24953,1.24959,1.87,1.20
2016.04.25 14:09:28.102,1.24953,1.24961,3.19,6.00
2016.04.25 14:09:28.406,1.24957,1.24961,1.50,1.00
2016.04.25 14:09:28.507,1.24957,1.24963,1.50,1.10
2016.04.25 14:09:29.180,1.24957,1.24962,1.87,1.00
2016.04.25 14:09:29.827,1.24957,1.24963,1.87,1.10
2016.04.25 14:09:30.290,1.24957,1.24966,4.84,2.25
2016.04.25 14:09:30.795,1.24959,1.24964,2.25,1.00
2016.04.25 14:09:31.100,1.24962,1.24965,1.87,1.00
2016.04.25 14:09:31.353,1.24962,1.24968,1.50,1.10
2016.04.25 14:09:31.877,1.24962,1.24968,1.50,1.10
2016.04.25 14:09:31.928,1.24962,1.24965,1.50,1.00
2016.04.25 14:09:32.127,1.2496,1.24967,6.34,1.65
2016.04.25 14:09:32.280,1.24964,1.24967,1.00,1.00
2016.04.25 14:09:32.585,1.24969,1.24972,2.44,1.00
2016.04.25 14:09:32.890,1.24971,1.24974,2.44,1.00
2016.04.25 14:09:33.081,1.24972,1.24976,1.87,1.00
2016.04.25 14:09:33.591,1.24971,1.24977,2.25,1.48
2016.04.25 14:09:33.894,1.24973,1.24977,1.69,1.00
2016.04.25 14:09:34.046,1.24973,1.24979,1.50,1.38
2016.04.25 14:09:34.281,1.24973,1.24977,1.50,1.00
2016.04.25 14:09:34.601,1.24973,1.2498,1.87,2.73
2016.04.25 14:09:35.154,1.24975,1.2498,2.25,2.88
2016.04.25 14:09:35.666,1.24975,1.2498,1.19,1.68
2016.04.25 14:09:36.121,1.24976,1.2498,1.37,1.00
2016.04.25 14:09:36.172,1.24977,1.24982,2.25,1.10
2016.04.25 14:09:36.325,1.24977,1.24982,3.19,1.00
2016.04.25 14:09:36.376,1.24979,1.24985,1.50,1.07
2016.04.25 14:09:36.908,1.24979,1.24984,2.62,1.00
2016.04.25 14:09:37.567,1.24979,1.24983,1.50,1.00
2016.04.25 14:09:38.234,1.24979,1.24984,1.50,1.00
2016.04.25 14:09:38.285,1.24981,1.24984,1.00,1.18
2016.04.25 14:09:38.591,1.24979,1.24981,1.00,1.00
2016.04.25 14:09:39.204,1.24979,1.24981,1.00,1.00
2016.04.25 14:09:39.772,1.24977,1.24981,1.19,1.00
2016.04.25 14:09:40.103,1.24978,1.2498,1.25,1.00
2016.04.25 14:09:40.356,1.24976,1.24979,1.50,1.00
2016.04.25 14:09:40.609,1.24975,1.24977,1.69,1.00
2016.04.25 14:09:40.710,1.24971,1.24974,1.12,1.00
2016.04.25 14:09:40.963,1.24971,1.24973,1.00,1.00
2016.04.25 14:09:41.478,1.2497,1.24973,3.37,1.00
2016.04.25 14:09:41.781,1.2497,1.24972,1.50,1.00
2016.04.25 14:09:42.328,1.2497,1.24972,1.69,1.00
2016.04.25 14:09:42.631,1.24966,1.24969,1.12,1.50
2016.04.25 14:09:43.062,1.24965,1.24967,1.12,1.00
2016.04.25 14:09:43.409,1.24964,1.24966,1.12,1.00
2016.04.25 14:09:43.518,1.24962,1.24964,1.87,1.00
2016.04.25 14:09:43.720,1.24959,1.24962,1.10,1.00
2016.04.25 14:09:44.115,1.24962,1.24964,1.12,1.00
2016.04.25 14:09:44.166,1.24962,1.24966,1.50,1.50
2016.04.25 14:09:44.268,1.24963,1.24968,1.50,1.00
2016.04.25 14:09:44.892,1.24963,1.24967,1.12,1.00
2016.04.25 14:09:45.442,1.24964,1.24967,1.12,1.00
2016.04.25 14:09:46.587,1.24964,1.24966,1.12,1.00
2016.04.25 14:09:46.639,1.24961,1.24966,4.57,1.00
2016.04.25 14:09:46.742,1.24961,1.24968,4.57,1.00
2016.04.25 14:09:47.101,1.24956,1.24963,1.50,1.00
2016.04.25 14:09:47.254,1.24952,1.24956,2.25,1.00
2016.04.25 14:09:47.305,1.24954,1.24955,1.50,1.00
2016.04.25 14:09:47.559,1.24947,1.24949,1.50,1.00
2016.04.25 14:09:47.712,1.24945,1.24949,2.25,1.00
2016.04.25 14:09:48.015,1.24946,1.2495,2.25,1.50
2016.04.25 14:09:48.538,1.24947,1.2495,2.25,1.00
2016.04.25 14:09:49.181,1.24948,1.24952,1.50,1.00
2016.04.25 14:09:49.232,1.24948,1.24953,3.75,1.00
2016.04.25 14:09:49.384,1.24951,1.24954,1.37,1.00
2016.04.25 14:09:49.839,1.24954,1.24956,1.87,1.00
2016.04.25 14:09:49.890,1.24953,1.24955,1.87,1.00
2016.04.25 14:09:50.042,1.24954,1.24957,1.87,1.00
2016.04.25 14:09:50.143,1.24954,1.24956,1.50,1.00
2016.04.25 14:09:50.649,1.24954,1.24956,1.87,1.00
2016.04.25 14:09:51.002,1.24953,1.24956,2.25,1.00
2016.04.25 14:09:51.154,1.24952,1.24955,2.62,1.00
2016.04.25 14:09:51.660,1.24953,1.24955,1.87,1.50
2016.04.25 14:09:52.200,1.24955,1.24956,1.00,1.00
2016.04.25 14:09:52.251,1.24955,1.24958,1.00,1.00
2016.04.25 14:09:52.765,1.24953,1.24959,3.07,1.50
2016.04.25 14:09:53.292,1.24956,1.24963,2.25,2.07
2016.04.25 14:09:53.810,1.24958,1.24963,1.00,1.00
2016.04.25 14:09:54.318,1.24959,1.24964,1.50,1.50
2016.04.25 14:09:54.823,1.24959,1.24965,1.50,1.00
2016.04.25 14:09:55.317,1.24959,1.24967,3.26,1.65
2016.04.25 14:09:55.419,1.24961,1.24966,1.00,1.00
2016.04.25 14:09:55.672,1.2496,1.24969,1.50,2.40
2016.04.25 14:09:56.529,1.2496,1.24968,1.50,3.37
2016.04.25 14:09:56.633,1.2496,1.24963,1.87,1.00
2016.04.25 14:09:56.735,1.2496,1.24965,2.25,1.00
2016.04.25 14:09:56.937,1.24962,1.24968,1.87,1.00
2016.04.25 14:09:57.442,1.24962,1.24968,1.57,1.00
2016.04.25 14:09:57.976,1.24963,1.24968,2.25,1.00
2016.04.25 14:09:58.486,1.24963,1.24969,2.25,1.00
2016.04.25 14:09:58.990,1.24964,1.2497,2.25,1.00
2016.04.25 14:09:59.495,1.24965,1.24971,2.25,3.66
2016.04.25 14:09:59.950,1.24967,1.24972,1.87,1.12
2016.04.25 14:10:00.357,1.24968,1.24974,1.00,1.00
2016.04.25 14:10:00.461,1.24968,1.24975,1.37,1.20
2016.04.25 14:10:01.019,1.2497,1.24977,1.50,1.95
2016.04.25 14:10:01.538,1.2497,1.24977,1.87,1.10
2016.04.25 14:10:02.047,1.2497,1.24976,2.25,1.00
2016.04.25 14:10:02.655,1.2497,1.24975,2.25,1.00
2016.04.25 14:10:03.059,1.2497,1.24974,1.50,1.00
2016.04.25 14:10:03.312,1.2497,1.24976,1.50,2.44
2016.04.25 14:10:03.516,1.2497,1.24974,1.50,1.00
2016.04.25 14:10:04.048,1.24969,1.24974,2.25,1.00
2016.04.25 14:10:04.593,1.24969,1.24975,1.50,2.40
2016.04.25 14:10:04.897,1.24969,1.24977,1.87,1.25
2016.04.25 14:10:05.502,1.24971,1.24976,1.00,1.00
2016.04.25 14:10:07.399,1.2497,1.24976,1.95,1.00
2016.04.25 14:10:08.177,1.2497,1.24976,2.32,1.00
2016.04.25 14:10:08.721,1.24972,1.24979,1.12,1.07
2016.04.25 14:10:08.773,1.24973,1.24981,2.70,1.12
2016.04.25 14:10:09.078,1.24977,1.24981,1.12,1.00
2016.04.25 14:10:09.583,1.24977,1.24984,2.02,1.00
2016.04.25 14:10:09.785,1.24979,1.24984,1.37,1.00
2016.04.25 14:10:10.357,1.24981,1.24987,1.00,1.76
2016.04.25 14:10:10.408,1.24983,1.24987,1.00,1.69
2016.04.25 14:10:10.459,1.24983,1.24989,1.00,2.08
2016.04.25 14:10:10.611,1.24982,1.24986,1.00,1.00
2016.04.25 14:10:10.662,1.2498,1.24986,1.12,1.00
2016.04.25 14:10:11.168,1.24978,1.24985,2.25,1.27
2016.04.25 14:10:11.727,1.24978,1.24984,1.87,1.00
2016.04.25 14:10:11.779,1.24978,1.24983,1.50,2.06
2016.04.25 14:10:12.087,1.24973,1.24978,1.00,4.12
2016.04.25 14:10:12.460,1.2497,1.24977,1.00,2.02
2016.04.25 14:10:12.562,1.2497,1.24975,1.00,1.00
2016.04.25 14:10:13.079,1.24969,1.24975,1.20,1.00
2016.04.25 14:10:13.619,1.24967,1.24975,3.00,1.00
2016.04.25 14:10:13.932,1.24966,1.24969,1.00,1.69
2016.04.25 14:10:13.983,1.24961,1.24967,2.25,1.00
2016.04.25 14:10:14.690,1.2496,1.24967,1.20,1.87
2016.04.25 14:10:14.943,1.24959,1.24965,1.65,1.19
2016.04.25 14:10:15.448,1.24959,1.24964,1.50,2.32
2016.04.25 14:10:15.524,1.24956,1.24964,1.50,1.95
2016.04.25 14:10:16.133,1.24956,1.24964,1.87,1.57
2016.04.25 14:10:18.526,1.24957,1.24964,1.87,1.32
2016.04.25 14:10:18.830,1.24959,1.24967,1.87,3.19
2016.04.25 14:10:19.134,1.2496,1.24967,2.25,1.76
2016.04.25 14:10:19.437,1.24963,1.24969,1.50,1.20
2016.04.25 14:10:20.096,1.24964,1.2497,1.00,3.00
2016.04.25 14:10:20.308,1.24965,1.24971,2.25,3.00
2016.04.25 14:10:20.915,1.24965,1.24971,1.87,1.50
2016.04.25 14:10:21.712,1.24966,1.24967,1.00,2.32
2016.04.25 14:10:21.814,1.24963,1.24964,1.00,1.00
2016.04.25 14:10:21.865,1.24962,1.24964,1.00,1.20
2016.04.25 14:10:21.916,1.24961,1.24963,1.00,1.00
2016.04.25 14:10:22.422,1.2496,1.24964,2.25,1.07
2016.04.25 14:10:23.177,1.2496,1.24965,2.25,1.57
2016.04.25 14:10:24.670,1.2496,1.24963,1.50,1.00
2016.04.25 14:10:25.200,1.24962,1.24965,1.00,1.20
2016.04.25 14:10:25.709,1.24963,1.24966,1.00,1.20
2016.04.25 14:10:26.252,1.24962,1.24966,2.62,1.20
2016.04.25 14:10:26.860,1.24962,1.24967,2.62,1.50
2016.04.25 14:10:26.911,1.24965,1.2497,1.50,3.00
2016.04.25 14:10:27.429,1.24966,1.24971,1.50,1.50
2016.04.25 14:10:27.480,1.24967,1.24972,1.50,1.25
2016.04.25 14:10:27.683,1.24969,1.24975,1.00,1.19
2016.04.25 14:10:27.734,1.24969,1.24978,1.00,5.06
2016.04.25 14:10:27.835,1.2497,1.24978,3.37,2.44
2016.04.25 14:10:28.674,1.24972,1.24979,1.87,1.00
2016.04.25 14:10:28.827,1.24974,1.24981,1.50,1.39
2016.04.25 14:10:31.391,1.24975,1.24981,1.00,1.32
2016.04.25 14:10:32.089,1.24975,1.24981,1.87,1.39
2016.04.25 14:10:32.190,1.24976,1.24984,1.75,1.10
2016.04.25 14:10:32.697,1.24978,1.24982,1.50,1.00
2016.04.25 14:10:32.950,1.24975,1.24982,4.50,1.00
2016.04.25 14:10:33.002,1.24978,1.24982,1.00,1.00
2016.04.25 14:10:33.103,1.24979,1.24986,1.00,1.57
2016.04.25 14:10:33.693,1.2498,1.24988,1.00,3.94
2016.04.25 14:10:34.199,1.24981,1.24988,1.50,1.27
2016.04.25 14:10:34.654,1.24981,1.24986,1.50,1.00
2016.04.25 14:10:34.842,1.24978,1.24986,1.25,1.57
2016.04.25 14:10:35.297,1.24981,1.24985,1.00,3.37
2016.04.25 14:10:35.399,1.2498,1.24988,2.25,4.20
2016.04.25 14:10:35.921,1.24981,1.24988,1.00,1.87
2016.04.25 14:10:36.276,1.2498,1.24989,1.20,4.27
2016.04.25 14:10:36.782,1.24978,1.24985,3.00,1.12
2016.04.25 14:10:37.485,1.24978,1.24986,3.00,1.00
2016.04.25 14:10:37.788,1.24977,1.24985,2.25,3.37
2016.04.25 14:10:38.304,1.24979,1.24987,1.95,2.51
2016.04.25 14:10:38.822,1.2498,1.24987,1.12,1.95
2016.04.25 14:10:39.355,1.2498,1.24987,1.87,1.47
2016.04.25 14:10:39.456,1.24982,1.24988,1.00,1.95
2016.04.25 14:10:40.016,1.24981,1.24987,1.50,1.10
2016.04.25 14:10:40.168,1.24979,1.24985,1.10,1.00
2016.04.25 14:10:40.371,1.2498,1.24987,1.50,1.10
2016.04.25 14:10:40.658,1.24982,1.24988,1.20,4.01
2016.04.25 14:10:41.183,1.24981,1.24985,1.20,1.00
2016.04.25 14:10:41.695,1.24981,1.24986,1.20,1.12
2016.04.25 14:10:42.213,1.2498,1.24988,2.25,1.45
2016.04.25 14:10:42.531,1.24982,1.24988,2.25,1.45
2016.04.25 14:10:44.011,1.24982,1.24988,2.25,3.26
2016.04.25 14:10:44.516,1.24982,1.24987,2.25,1.01
2016.04.25 14:10:46.208,1.24981,1.24988,2.62,3.82
2016.04.25 14:10:47.137,1.24981,1.24988,2.62,1.95
2016.04.25 14:10:47.669,1.24979,1.24988,4.95,2.32
2016.04.25 14:10:48.174,1.24979,1.24986,1.95,2.53
2016.04.25 14:10:48.679,1.2498,1.24986,1.00,3.43
2016.04.25 14:10:49.187,1.24979,1.24985,1.87,2.16
2016.04.25 14:10:49.491,1.24977,1.2498,2.25,2.16
2016.04.25 14:10:49.744,1.24975,1.24979,1.00,2.16
2016.04.25 14:10:49.896,1.24972,1.24979,2.25,2.16
2016.04.25 14:10:50.053,1.24973,1.24979,2.25,2.16
2016.04.25 14:10:50.204,1.24974,1.24982,1.50,1.13
2016.04.25 14:10:50.710,1.24974,1.24983,1.12,5.31
2016.04.25 14:10:50.912,1.24975,1.24983,1.27,1.20
2016.04.25 14:10:51.038,1.24975,1.24983,4.57,1.00
2016.04.25 14:10:51.342,1.24974,1.24981,1.50,4.56
2016.04.25 14:10:51.696,1.24971,1.2498,1.95,6.13
2016.04.25 14:10:51.943,1.24969,1.24979,4.01,5.76
2016.04.25 14:10:52.449,1.2497,1.24977,1.00,1.63
2016.04.25 14:10:52.602,1.24968,1.24976,1.00,2.57
2016.04.25 14:10:52.905,1.24969,1.24977,1.00,2.38
2016.04.25 14:10:53.057,1.24969,1.24977,1.65,1.12
2016.04.25 14:10:53.562,1.24969,1.24975,1.27,1.00
2016.04.25 14:10:53.869,1.24964,1.24971,2.40,1.00
2016.04.25 14:10:54.395,1.24962,1.24972,6.19,3.00
2016.04.25 14:10:54.938,1.24962,1.24971,2.06,2.40
2016.04.25 14:10:55.442,1.24964,1.24971,1.00,2.25
2016.04.25 14:10:55.493,1.24964,1.24973,1.37,3.00
2016.04.25 14:10:55.856,1.24965,1.24974,1.00,2.40
2016.04.25 14:10:55.907,1.24964,1.24974,2.25,3.15
2016.04.25 14:10:56.210,1.24963,1.24973,4.27,3.75
2016.04.25 14:10:56.514,1.24967,1.24974,3.19,1.65
2016.04.25 14:10:57.020,1.24968,1.24974,1.19,1.15
2016.04.25 14:10:57.538,1.24967,1.24975,2.51,1.57
2016.04.25 14:10:58.429,1.24968,1.24975,1.69,1.53
2016.04.25 14:10:59.035,1.24967,1.24975,4.76,2.32
2016.04.25 14:10:59.186,1.24967,1.24975,2.32,2.76
2016.04.25 14:10:59.339,1.24966,1.24972,1.00,2.62
2016.04.25 14:10:59.440,1.24963,1.2497,2.77,1.12
2016.04.25 14:10:59.947,1.2496,1.2497,5.44,4.50
2016.04.25 14:11:00.462,1.2496,1.2497,6.56,4.87
2016.04.25 14:11:01.083,1.2496,1.24968,6.19,1.00
2016.04.25 14:11:01.589,1.2496,1.24967,3.19,1.00
2016.04.25 14:11:02.043,1.24959,1.24967,1.32,1.75
2016.04.25 14:11:02.176,1.24959,1.24967,2.14,1.12
2016.04.25 14:11:02.733,1.2496,1.24967,1.39,1.87
2016.04.25 14:11:02.886,1.2496,1.24965,1.01,1.00
2016.04.25 14:11:03.089,1.24959,1.24967,1.29,1.87
2016.04.25 14:11:03.588,1.2496,1.24968,1.19,2.62
2016.04.25 14:11:04.044,1.24959,1.24967,2.06,1.00
2016.04.25 14:11:04.590,1.24959,1.24967,2.14,1.50
2016.04.25 14:11:05.096,1.24959,1.24968,3.26,2.32
2016.04.25 14:11:05.630,1.24959,1.24967,3.26,1.00
2016.04.25 14:11:06.166,1.2496,1.24968,2.96,1.00
2016.04.25 14:11:06.557,1.24962,1.2497,1.37,3.37
2016.04.25 14:11:06.810,1.24964,1.24973,1.50,2.40
2016.04.25 14:11:06.962,1.24964,1.24972,1.37,1.50
2016.04.25 14:11:07.266,1.24972,1.24976,1.20,1.12
2016.04.25 14:11:07.520,1.24972,1.24979,1.76,1.37
2016.04.25 14:11:07.621,1.24972,1.2498,1.57,2.62
2016.04.25 14:11:07.925,1.2497,1.24978,1.82,1.00
2016.04.25 14:11:08.457,1.2497,1.24979,2.32,1.50
2016.04.25 14:11:08.992,1.2497,1.2498,4.95,2.70
2016.04.25 14:11:09.311,1.2497,1.24978,1.87,1.57
2016.04.25 14:11:09.362,1.2497,1.24978,1.87,1.95
2016.04.25 14:11:09.478,1.24969,1.24975,2.51,1.00
2016.04.25 14:11:09.984,1.24968,1.24976,3.19,1.28
2016.04.25 14:11:10.338,1.24969,1.24973,1.37,1.00
2016.04.25 14:11:10.440,1.24968,1.24973,2.06,1.00
2016.04.25 14:11:10.647,1.24969,1.24974,1.87,1.00
2016.04.25 14:11:10.799,1.2497,1.24976,1.50,1.12
2016.04.25 14:11:10.901,1.24968,1.24974,2.62,1.00
2016.04.25 14:11:11.366,1.24967,1.24972,1.47,1.00
2016.04.25 14:11:11.641,1.2497,1.24978,1.87,4.50
2016.04.25 14:11:12.150,1.24969,1.24977,4.50,1.57
2016.04.25 14:11:12.766,1.24969,1.24977,3.75,1.07
2016.04.25 14:11:12.875,1.24969,1.24977,3.75,1.07
2016.04.25 14:11:13.380,1.2497,1.24978,4.12,1.07
2016.04.25 14:11:13.910,1.24971,1.24979,2.62,1.50
2016.04.25 14:11:14.767,1.24973,1.24979,1.87,1.07
2016.04.25 14:11:14.869,1.24973,1.24981,3.00,1.50
2016.04.25 14:11:14.970,1.24974,1.24983,1.37,2.70
2016.04.25 14:11:15.476,1.24976,1.24984,2.25,1.33
2016.04.25 14:11:15.781,1.24976,1.24983,1.37,1.00
2016.04.25 14:11:15.884,1.24977,1.24986,1.75,2.02
2016.04.25 14:11:16.424,1.24977,1.24985,1.37,2.25
2016.04.25 14:11:16.829,1.24976,1.24983,1.37,1.00
2016.04.25 14:11:16.981,1.24975,1.24983,5.59,1.87
2016.04.25 14:11:17.431,1.24973,1.24982,1.39,3.07
2016.04.25 14:11:18.012,1.24972,1.24981,1.76,3.07
2016.04.25 14:11:18.470,1.24974,1.24981,1.37,1.20
2016.04.25 14:11:18.799,1.24977,1.24984,1.37,1.09
2016.04.25 14:11:19.102,1.24978,1.24984,2.62,1.00
2016.04.25 14:11:19.254,1.24978,1.24987,2.70,1.10
2016.04.25 14:11:19.893,1.24979,1.24987,1.25,1.57
2016.04.25 14:11:20.440,1.24978,1.24987,2.51,1.95
2016.04.25 14:11:20.840,1.24977,1.24987,5.32,6.07
2016.04.25 14:11:21.346,1.24977,1.24984,1.10,1.87
2016.04.25 14:11:23.300,1.24976,1.24985,2.51,2.25
2016.04.25 14:11:24.054,1.24976,1.24984,1.57,1.00
2016.04.25 14:11:24.207,1.24975,1.24984,1.10,3.82
2016.04.25 14:11:24.651,1.24978,1.24983,2.35,1.00
2016.04.25 14:11:24.804,1.24983,1.24992,2.73,1.37
2016.04.25 14:11:24.905,1.24983,1.24988,1.95,1.00
2016.04.25 14:11:25.008,1.24983,1.24992,1.57,2.25
2016.04.25 14:11:25.110,1.24983,1.2499,1.07,1.37
2016.04.25 14:11:25.615,1.24983,1.24989,2.25,2.25
2016.04.25 14:11:25.958,1.24987,1.24989,1.12,1.00
2016.04.25 14:11:26.010,1.24989,1.24992,1.00,1.00
2016.04.25 14:11:26.213,1.24989,1.24994,1.00,1.87
2016.04.25 14:11:26.617,1.24988,1.24996,1.00,1.87
2016.04.25 14:11:26.668,1.24989,1.24996,1.50,1.87
2016.04.25 14:11:27.212,1.24989,1.24995,1.50,1.87
2016.04.25 14:11:27.363,1.24986,1.24994,2.24,1.00
2016.04.25 14:11:27.515,1.24986,1.24994,1.24,1.20
2016.04.25 14:11:28.066,1.24985,1.24992,1.00,1.50
2016.04.25 14:11:28.369,1.24983,1.2499,1.14,1.07
2016.04.25 14:11:29.446,1.24982,1.24988,1.50,1.00
2016.04.25 14:11:29.749,1.2498,1.24985,3.66,1.87
2016.04.25 14:11:29.851,1.24978,1.24984,2.91,1.20
2016.04.25 14:11:30.154,1.24975,1.24984,3.22,2.32
2016.04.25 14:11:30.657,1.24974,1.24982,1.20,1.00
2016.04.25 14:11:31.175,1.24974,1.24983,2.62,3.00
2016.04.25 14:11:31.276,1.24979,1.24983,1.00,2.25
2016.04.25 14:11:31.530,1.24983,1.24987,1.00,1.12
2016.04.25 14:11:32.041,1.24983,1.24989,1.00,3.15
2016.04.25 14:11:32.546,1.24984,1.24989,1.00,1.65
2016.04.25 14:11:33.083,1.24983,1.24989,2.40,1.65
2016.04.25 14:11:33.337,1.24984,1.24991,1.00,1.65
2016.04.25 14:11:34.362,1.24984,1.2499,1.00,4.03
2016.04.25 14:11:34.514,1.24982,1.2499,1.20,5.77
2016.04.25 14:11:34.665,1.2498,1.24989,1.10,1.95
2016.04.25 14:11:34.969,1.2498,1.24985,1.20,1.07
2016.04.25 14:11:35.153,1.24979,1.24987,1.65,4.12
2016.04.25 14:11:35.659,1.2498,1.24987,1.00,2.25
2016.04.25 14:11:35.863,1.24982,1.24987,1.00,2.06
2016.04.25 14:11:36.015,1.2498,1.24989,1.50,1.57
2016.04.25 14:11:36.198,1.2498,1.24988,1.50,2.32
2016.04.25 14:11:36.656,1.2498,1.24988,2.62,1.65
2016.04.25 14:11:37.161,1.24981,1.2499,2.40,1.50
2016.04.25 14:11:37.263,1.24984,1.2499,1.20,1.50
2016.04.25 14:11:37.768,1.24984,1.24991,1.27,1.20
2016.04.25 14:11:37.819,1.24986,1.24991,1.00,1.10
2016.04.25 14:11:37.921,1.24987,1.24993,1.20,1.00
2016.04.25 14:11:38.036,1.24987,1.24996,1.20,3.07
2016.04.25 14:11:38.137,1.24989,1.24996,1.00,2.32
2016.04.25 14:11:38.289,1.24987,1.24996,1.00,1.95
2016.04.25 14:11:38.800,1.24986,1.24995,1.00,3.36
2016.04.25 14:11:39.328,1.24986,1.24995,1.00,5.23
2016.04.25 14:11:39.833,1.24985,1.24995,2.32,3.45
2016.04.25 14:11:40.364,1.24984,1.24992,2.32,1.00
2016.04.25 14:11:40.517,1.24984,1.24991,1.57,1.47
2016.04.25 14:11:40.669,1.24981,1.2499,3.00,1.27
2016.04.25 14:11:40.972,1.2498,1.2499,2.51,1.20
2016.04.25 14:11:41.514,1.24981,1.2499,1.00,3.07
2016.04.25 14:11:41.968,1.24983,1.2499,1.00,2.32
2016.04.25 14:11:42.396,1.24985,1.24991,1.00,1.20
2016.04.25 14:11:42.909,1.24984,1.24993,2.21,2.25
2016.04.25 14:11:43.213,1.24987,1.24993,1.00,2.62
2016.04.25 14:11:43.314,1.24985,1.24993,1.12,3.00
2016.04.25 14:11:43.450,1.24987,1.24993,1.00,1.50
2016.04.25 14:11:43.502,1.24988,1.24995,1.00,1.57
2016.04.25 14:11:43.907,1.24987,1.24992,2.51,1.00
2016.04.25 14:11:44.059,1.24985,1.24993,1.50,2.14
2016.04.25 14:11:44.110,1.24985,1.24992,1.50,1.47
2016.04.25 14:11:44.212,1.24982,1.2499,4.31,1.50
2016.04.25 14:11:44.364,1.24983,1.24988,1.20,1.00
2016.04.25 14:11:44.583,1.24981,1.24989,1.39,1.12
2016.04.25 14:11:45.088,1.24982,1.24989,1.00,1.95
2016.04.25 14:11:45.972,1.24984,1.2499,1.20,1.07
2016.04.25 14:11:46.023,1.24984,1.24991,1.20,1.00
2016.04.25 14:11:46.277,1.24984,1.24993,2.55,1.65
2016.04.25 14:11:46.783,1.24984,1.24992,2.92,1.00
2016.04.25 14:11:46.839,1.24984,1.24993,2.92,1.27
2016.04.25 14:11:47.243,1.24985,1.24994,1.42,4.50
2016.04.25 14:11:47.834,1.24985,1.24993,1.42,1.20
2016.04.25 14:11:48.847,1.24985,1.24994,1.42,2.25
2016.04.25 14:11:49.101,1.24987,1.24996,2.99,1.57
2016.04.25 14:11:49.556,1.2499,1.24999,1.65,3.00
2016.04.25 14:11:50.011,1.24991,1.25,1.25,3.52
2016.04.25 14:11:50.516,1.2499,1.24998,5.06,1.00
2016.04.25 14:11:51.022,1.2499,1.24999,6.56,3.37
2016.04.25 14:11:51.534,1.2499,1.24998,4.69,1.00
2016.04.25 14:11:51.685,1.2499,1.25,5.81,3.52
2016.04.25 14:11:51.837,1.2499,1.24999,7.31,1.87
2016.04.25 14:11:51.990,1.2499,1.24996,2.21,1.00
2016.04.25 14:11:52.091,1.24989,1.24994,1.69,1.00
2016.04.25 14:11:52.293,1.24988,1.24995,1.01,1.12
2016.04.25 14:11:52.799,1.24986,1.24996,3.94,5.25
2016.04.25 14:11:53.346,1.24987,1.24996,1.20,3.00
2016.04.25 14:11:53.851,1.24986,1.24996,3.56,4.50
2016.04.25 14:11:54.002,1.24988,1.24996,2.17,3.75
2016.04.25 14:11:54.503,1.24989,1.24997,1.19,1.20
2016.04.25 14:11:54.706,1.24986,1.24994,2.92,1.00
2016.04.25 14:11:55.212,1.24988,1.24996,1.65,3.00
2016.04.25 14:11:55.263,1.24989,1.24996,1.37,1.87
2016.04.25 14:11:55.414,1.2499,1.24997,1.12,1.00
2016.04.25 14:11:55.466,1.24992,1.24998,1.09,1.10
2016.04.25 14:11:55.870,1.24994,1.25,1.19,1.20
2016.04.25 14:11:56.398,1.24994,1.25001,1.19,4.12
2016.04.25 14:11:57.174,1.24992,1.25001,3.71,3.37
2016.04.25 14:11:57.478,1.24991,1.24999,1.00,2.32
2016.04.25 14:11:57.982,1.2499,1.24998,1.25,1.65
2016.04.25 14:11:58.350,1.24992,1.24999,1.00,3.75
2016.04.25 14:11:58.653,1.24994,1.25001,1.20,1.65
2016.04.25 14:11:59.376,1.24994,1.25001,1.74,2.40
2016.04.25 14:11:59.881,1.24995,1.25001,1.74,3.37
2016.04.25 14:12:00.185,1.24996,1.25001,2.58,3.00
2016.04.25 14:12:00.504,1.24993,1.24999,2.77,1.37
2016.04.25 14:12:01.038,1.24992,1.25001,2.77,5.25
2016.04.25 14:12:01.584,1.24991,1.25001,2.96,5.62
2016.04.25 14:12:02.613,1.24993,1.25001,1.31,3.75
2016.04.25 14:12:02.913,1.24991,1.24999,1.46,1.65
2016.04.25 14:12:02.964,1.24991,1.24997,1.09,1.50
2016.04.25 14:12:03.553,1.24989,1.24997,5.06,1.50
2016.04.25 14:12:04.062,1.24988,1.24996,2.96,1.27
2016.04.25 14:12:04.926,1.24988,1.24996,2.21,1.65
2016.04.25 14:12:05.956,1.2499,1.24996,1.31,1.20
2016.04.25 14:12:06.512,1.24988,1.24995,2.21,1.00
2016.04.25 14:12:06.614,1.24988,1.24995,2.02,1.00
2016.04.25 14:12:06.715,1.24987,1.24994,3.00,1.50
2016.04.25 14:12:07.019,1.24984,1.24992,1.39,1.95
2016.04.25 14:12:07.525,1.24983,1.24992,1.46,2.25
2016.04.25 14:12:07.751,1.24983,1.24991,1.12,1.57
2016.04.25 14:12:08.107,1.24982,1.2499,1.69,2.32
2016.04.25 14:12:08.412,1.2498,1.24986,1.00,4.20
2016.04.25 14:12:08.463,1.24977,1.24983,2.06,1.87
2016.04.25 14:12:08.718,1.24974,1.2498,1.57,1.37
2016.04.25 14:12:08.820,1.24971,1.24979,1.31,1.95
2016.04.25 14:12:09.331,1.24969,1.24978,5.44,1.20
2016.04.25 14:12:09.693,1.24969,1.24975,2.81,1.00
2016.04.25 14:12:09.996,1.24969,1.24973,1.69,1.00
2016.04.25 14:12:10.149,1.24966,1.24971,1.12,1.00
2016.04.25 14:12:10.281,1.24963,1.2497,1.69,1.00
2016.04.25 14:12:10.636,1.24963,1.24972,3.07,1.12
2016.04.25 14:12:11.185,1.24966,1.24972,1.00,1.07
2016.04.25 14:12:11.639,1.24968,1.24975,1.37,3.00
2016.04.25 14:12:11.791,1.2497,1.24978,1.37,1.20
2016.04.25 14:12:11.943,1.24972,1.24979,2.25,1.50
2016.04.25 14:12:12.044,1.2497,1.24979,3.37,3.37
2016.04.25 14:12:12.572,1.2497,1.24978,2.62,1.50
2016.04.25 14:12:12.988,1.24973,1.24979,1.00,1.07
2016.04.25 14:12:13.314,1.24974,1.24982,4.12,1.50
2016.04.25 14:12:13.826,1.24975,1.24983,1.12,1.50
2016.04.25 14:12:14.330,1.24975,1.24982,1.00,3.82
2016.04.25 14:12:14.535,1.24973,1.24981,1.20,1.95
2016.04.25 14:12:15.041,1.24971,1.2498,3.75,1.57
2016.04.25 14:12:15.142,1.24972,1.2498,1.87,1.20
2016.04.25 14:12:15.651,1.24973,1.24981,3.00,1.50
2016.04.25 14:12:15.954,1.24976,1.24983,1.12,1.50
2016.04.25 14:12:16.766,1.24976,1.24984,1.87,1.87
2016.04.25 14:12:16.970,1.24978,1.24984,2.62,1.50
2016.04.25 14:12:17.071,1.24978,1.24986,3.75,1.07
2016.04.25 14:12:17.580,1.24978,1.24986,2.44,1.87
2016.04.25 14:12:17.733,1.24978,1.24984,1.00,2.33
2016.04.25 14:12:17.898,1.24974,1.24981,1.50,1.50
2016.04.25 14:12:18.411,1.24975,1.24981,1.00,1.69
2016.04.25 14:12:18.817,1.24976,1.24983,1.12,1.57
2016.04.25 14:12:19.361,1.24977,1.24984,1.00,2.25
2016.04.25 14:12:20.166,1.24976,1.24984,1.12,2.62
2016.04.25 14:12:20.217,1.24979,1.24984,1.00,1.50
2016.04.25 14:12:20.369,1.24977,1.24984,1.00,1.50
2016.04.25 14:12:20.419,1.24979,1.24984,1.00,1.50
2016.04.25 14:12:20.824,1.2498,1.24986,1.00,2.70
2016.04.25 14:12:21.430,1.24979,1.24986,1.00,3.27
2016.04.25 14:12:21.945,1.24978,1.24986,1.00,5.52
2016.04.25 14:12:22.230,1.24982,1.24986,1.00,2.52
2016.04.25 14:12:22.533,1.24983,1.24987,1.00,1.32
2016.04.25 14:12:22.705,1.24986,1.2499,1.00,3.37
2016.04.25 14:12:22.908,1.24986,1.24992,1.00,5.07
2016.04.25 14:12:23.717,1.24988,1.24993,1.00,1.72
2016.04.25 14:12:23.935,1.24989,1.24995,1.00,1.87
2016.04.25 14:12:24.340,1.24989,1.24997,1.37,2.66
2016.04.25 14:12:24.856,1.24989,1.24995,1.50,1.12
2016.04.25 14:12:24.995,1.24989,1.24994,1.50,3.37
2016.04.25 14:12:25.248,1.24988,1.24995,1.00,2.77
2016.04.25 14:12:25.604,1.24991,1.24995,1.00,2.70
2016.04.25 14:12:25.908,1.24993,1.25,1.50,1.47
2016.04.25 14:12:26.413,1.24993,1.25,1.00,1.03
2016.04.25 14:12:26.869,1.24995,1.25001,1.00,1.39
2016.04.25 14:12:26.970,1.24993,1.25002,1.20,1.95
2016.04.25 14:12:27.115,1.24993,1.25001,2.59,1.19
2016.04.25 14:12:27.318,1.24993,1.25002,1.27,1.20
2016.04.25 14:12:27.824,1.24994,1.25001,2.02,1.50
2016.04.25 14:12:28.026,1.24993,1.25002,4.12,1.57
2016.04.25 14:12:28.241,1.24992,1.25,1.95,3.75
2016.04.25 14:12:28.343,1.24991,1.25,1.57,3.82
2016.04.25 14:12:28.545,1.24989,1.24997,1.65,1.00
2016.04.25 14:12:28.647,1.24989,1.24996,1.65,1.37
2016.04.25 14:12:28.952,1.24988,1.24993,1.50,1.76
2016.04.25 14:12:29.003,1.24986,1.24993,1.00,1.76
2016.04.25 14:12:29.531,1.24987,1.24993,1.00,1.20
2016.04.25 14:12:30.037,1.24986,1.24993,1.50,1.76
2016.04.25 14:12:30.599,1.24986,1.24993,1.00,1.82
2016.04.25 14:12:31.105,1.24985,1.2499,1.00,1.87
2016.04.25 14:12:31.358,1.24983,1.24991,1.57,2.14
2016.04.25 14:12:31.459,1.24983,1.24987,1.50,1.37
2016.04.25 14:12:31.543,1.24981,1.24987,1.50,2.25
2016.04.25 14:12:31.697,1.24978,1.24986,2.64,1.87
2016.04.25 14:12:32.152,1.24976,1.24986,3.76,6.37
2016.04.25 14:12:32.254,1.24975,1.24984,1.50,2.25
2016.04.25 14:12:33.381,1.24974,1.24982,2.62,3.00
2016.04.25 14:12:33.533,1.24974,1.2498,1.00,1.62
2016.04.25 14:12:33.634,1.24972,1.2498,1.50,1.50
2016.04.25 14:12:34.140,1.24972,1.24979,1.14,1.87
2016.04.25 14:12:34.444,1.2497,1.24975,1.50,1.12
2016.04.25 14:12:34.595,1.24968,1.24975,1.50,2.62
2016.04.25 14:12:35.092,1.24968,1.24973,1.00,1.07
2016.04.25 14:12:35.597,1.24967,1.24973,1.00,1.07
2016.04.25 14:12:36.760,1.24966,1.24973,1.00,1.82
2016.04.25 14:12:37.266,1.24966,1.24973,1.87,1.57
2016.04.25 14:12:37.777,1.24966,1.24973,2.44,1.76
2016.04.25 14:12:38.323,1.24966,1.24972,1.00,1.57
2016.04.25 14:12:38.532,1.24963,1.24971,1.00,1.20
2016.04.25 14:12:38.735,1.24961,1.24969,4.02,1.50
2016.04.25 14:12:38.987,1.24958,1.24967,3.45,1.95
2016.04.25 14:12:39.521,1.24958,1.24966,2.70,1.12
2016.04.25 14:12:39.977,1.24956,1.24962,3.15,1.00
2016.04.25 14:12:40.230,1.24954,1.24962,1.12,3.00
2016.04.25 14:12:40.483,1.24956,1.24962,1.00,3.00
2016.04.25 14:12:40.992,1.24954,1.24962,1.50,1.87
2016.04.25 14:12:41.245,1.24953,1.2496,1.00,1.50
2016.04.25 14:12:41.799,1.24953,1.24961,1.00,3.34
2016.04.25 14:12:42.315,1.24952,1.24961,3.00,1.39
2016.04.25 14:12:42.820,1.24954,1.24962,1.00,5.06
2016.04.25 14:12:43.195,1.24952,1.24961,1.12,2.40
2016.04.25 14:12:43.701,1.24951,1.2496,1.12,3.75
2016.04.25 14:12:44.371,1.24951,1.2496,1.00,5.32
2016.04.25 14:12:44.876,1.24951,1.24959,1.12,1.87
2016.04.25 14:12:45.410,1.24951,1.2496,1.12,3.94
2016.04.25 14:12:45.741,1.24954,1.24961,1.00,3.07
2016.04.25 14:12:46.247,1.24954,1.2496,1.00,1.01
2016.04.25 14:12:46.298,1.24954,1.2496,1.00,1.10
2016.04.25 14:12:46.713,1.24956,1.24961,1.00,2.77
2016.04.25 14:12:46.931,1.24957,1.24963,1.00,2.32
2016.04.25 14:12:47.185,1.24959,1.24964,1.00,3.01
2016.04.25 14:12:47.492,1.24963,1.2497,1.57,1.00
2016.04.25 14:12:47.949,1.24967,1.24973,1.00,5.14
2016.04.25 14:12:48.102,1.24966,1.24972,1.00,1.50
2016.04.25 14:12:48.770,1.24968,1.24972,1.00,1.00
2016.04.25 14:12:48.972,1.24966,1.24973,1.00,1.10
2016.04.25 14:12:49.201,1.24969,1.24974,1.00,1.76
2016.04.25 14:12:49.707,1.24969,1.24975,1.00,3.29
2016.04.25 14:12:50.161,1.24969,1.24976,1.50,1.20
2016.04.25 14:12:50.404,1.24972,1.24975,1.00,1.00
2016.04.25 14:12:50.708,1.2497,1.24975,1.50,1.00
2016.04.25 14:12:51.113,1.2497,1.24974,1.00,1.37
2016.04.25 14:12:51.577,1.2497,1.24976,1.50,3.67
2016.04.25 14:12:52.084,1.2497,1.24975,1.50,1.47
2016.04.25 14:12:52.611,1.2497,1.24975,1.50,1.10
2016.04.25 14:12:53.285,1.2497,1.24973,1.50,1.00
2016.04.25 14:12:53.689,1.24973,1.24975,1.00,1.50
2016.04.25 14:12:53.923,1.24978,1.24981,1.00,1.50
2016.04.25 14:12:54.328,1.24976,1.24981,1.57,1.20
2016.04.25 14:12:54.631,1.24973,1.24979,2.62,1.69
2016.04.25 14:12:54.783,1.24972,1.24976,1.00,1.87
2016.04.25 14:12:54.834,1.24968,1.24976,1.87,1.50
2016.04.25 14:12:54.886,1.24968,1.24975,1.00,1.50
2016.04.25 14:12:54.987,1.24966,1.24974,3.37,1.50
2016.04.25 14:12:55.495,1.24965,1.24974,3.75,3.15
2016.04.25 14:12:56.001,1.24965,1.24972,1.12,1.87
2016.04.25 14:12:56.657,1.24963,1.24972,4.50,2.62
2016.04.25 14:12:57.079,1.24965,1.24972,1.00,2.21
2016.04.25 14:12:57.180,1.24965,1.24971,1.20,1.37
2016.04.25 14:12:57.435,1.24965,1.2497,1.65,1.00
2016.04.25 14:12:57.486,1.24965,1.24972,2.10,1.10
2016.04.25 14:12:57.942,1.24963,1.24971,1.72,1.10
2016.04.25 14:12:58.143,1.24963,1.24969,1.30,1.00
2016.04.25 14:12:58.647,1.24963,1.24968,1.09,1.50
2016.04.25 14:12:58.951,1.2496,1.24967,1.20,3.90
2016.04.25 14:12:59.484,1.24959,1.24965,1.27,1.07
2016.04.25 14:12:59.888,1.24959,1.24967,2.40,2.25
2016.04.25 14:12:59.939,1.24959,1.24967,2.40,1.10
2016.04.25 14:13:00.293,1.24958,1.24967,1.57,1.95
2016.04.25 14:13:00.627,1.24958,1.24964,1.20,4.87
2016.04.25 14:13:00.931,1.24954,1.2496,1.20,1.69
2016.04.25 14:13:01.337,1.24951,1.24958,1.09,2.89
2016.04.25 14:13:01.855,1.24949,1.24958,1.51,3.64
2016.04.25 14:13:02.398,1.24949,1.24958,2.35,3.64
2016.04.25 14:13:02.903,1.2495,1.24958,1.87,3.82
2016.04.25 14:13:03.055,1.24949,1.24957,2.54,1.69
2016.04.25 14:13:03.812,1.24949,1.24958,2.73,1.95
2016.04.25 14:13:04.066,1.24949,1.24958,2.50,1.65
2016.04.25 14:13:04.571,1.24949,1.24957,1.00,2.51
2016.04.25 14:13:05.126,1.24949,1.24957,1.50,1.76
2016.04.25 14:13:05.633,1.24949,1.24957,1.12,1.01
2016.04.25 14:13:06.159,1.24951,1.24958,1.00,3.07
2016.04.25 14:13:07.011,1.2495,1.24958,2.68,2.25
2016.04.25 14:13:07.516,1.24951,1.24958,1.50,1.20
2016.04.25 14:13:07.922,1.2495,1.24959,3.52,2.06
2016.04.25 14:13:08.924,1.2495,1.24959,2.77,3.94
2016.04.25 14:13:09.025,1.2495,1.24959,1.65,3.19
2016.04.25 14:13:09.709,1.2495,1.24959,1.20,2.81
2016.04.25 14:13:10.269,1.24949,1.24958,1.27,1.20
2016.04.25 14:13:10.785,1.24949,1.24958,1.65,1.95
2016.04.25 14:13:11.038,1.24949,1.24958,4.46,1.76
2016.04.25 14:13:11.371,1.2495,1.2496,3.75,5.44
2016.04.25 14:13:11.879,1.2495,1.2496,4.50,2.96
2016.04.25 14:13:12.238,1.24951,1.2496,1.00,2.59
2016.04.25 14:13:12.414,1.2495,1.2496,2.25,2.96
2016.04.25 14:13:12.818,1.24952,1.2496,1.50,2.59
2016.04.25 14:13:13.324,1.24954,1.24961,1.50,1.07
2016.04.25 14:13:13.843,1.24954,1.24961,1.75,1.07
2016.04.25 14:13:14.349,1.24954,1.24962,2.25,3.56
2016.04.25 14:13:14.880,1.24955,1.2496,1.87,1.00
2016.04.25 14:13:15.210,1.24955,1.24962,1.12,1.46
2016.04.25 14:13:15.835,1.24957,1.24963,1.00,3.56
2016.04.25 14:13:17.296,1.24959,1.24963,1.00,1.69
2016.04.25 14:13:17.534,1.24962,1.24967,1.00,3.00
2016.04.25 14:13:17.989,1.24963,1.24969,1.00,2.35
2016.04.25 14:13:18.251,1.24961,1.24967,1.00,1.87
2016.04.25 14:13:18.302,1.24961,1.24965,1.00,1.00
2016.04.25 14:13:18.454,1.24959,1.24965,1.00,3.43
2016.04.25 14:13:18.657,1.24961,1.24965,1.00,1.95
2016.04.25 14:13:18.960,1.24963,1.24966,1.00,1.50
2016.04.25 14:13:19.061,1.24963,1.24968,1.00,1.63
2016.04.25 14:13:19.163,1.24965,1.24968,1.00,1.26
2016.04.25 14:13:19.513,1.2497,1.24974,1.00,1.07
2016.04.25 14:13:19.716,1.24975,1.24979,1.00,6.95
2016.04.25 14:13:19.767,1.24976,1.24979,1.00,6.20
2016.04.25 14:13:19.920,1.24977,1.24979,1.00,1.10
2016.04.25 14:13:20.429,1.24979,1.2498,1.00,1.00
2016.04.25 14:13:20.481,1.2498,1.24985,1.50,7.14
2016.04.25 14:13:20.835,1.24982,1.24986,1.00,4.21
2016.04.25 14:13:21.037,1.24983,1.24988,1.00,1.09
2016.04.25 14:13:21.139,1.24981,1.24987,2.25,1.00
2016.04.25 14:13:21.393,1.24979,1.24985,1.20,1.00
2016.04.25 14:13:21.747,1.24981,1.24986,1.00,1.65
2016.04.25 14:13:21.950,1.24981,1.24989,1.27,2.25
2016.04.25 14:13:22.471,1.24982,1.24991,1.12,2.25
2016.04.25 14:13:22.522,1.24983,1.24991,1.87,1.50
2016.04.25 14:13:23.028,1.24986,1.24991,1.00,1.87
2016.04.25 14:13:23.516,1.24988,1.24991,1.00,1.12
2016.04.25 14:13:23.669,1.24989,1.24994,1.00,1.12
2016.04.25 14:13:23.822,1.24989,1.24996,1.00,3.00
2016.04.25 14:13:24.177,1.24991,1.24997,1.00,4.51
2016.04.25 14:13:24.525,1.24993,1.25,1.00,1.57
2016.04.25 14:13:24.828,1.24993,1.24998,1.00,1.50
2016.04.25 14:13:25.283,1.24991,1.24998,1.10,4.96
2016.04.25 14:13:25.675,1.24993,1.24997,1.00,1.00
2016.04.25 14:13:25.828,1.2499,1.24996,1.20,1.00
2016.04.25 14:13:26.334,1.2499,1.24995,1.00,1.87
2016.04.25 14:13:26.613,1.24986,1.24993,1.00,2.59
2016.04.25 14:13:27.119,1.24986,1.24993,1.00,1.57
2016.04.25 14:13:27.633,1.24985,1.24993,2.44,1.76
2016.04.25 14:13:28.311,1.24985,1.24993,2.25,2.32
2016.04.25 14:13:28.816,1.24984,1.24992,2.25,1.57
2016.04.25 14:13:29.178,1.24983,1.24989,1.69,2.25
2016.04.25 14:13:29.382,1.24982,1.24989,1.00,4.87
2016.04.25 14:13:29.887,1.24982,1.24989,1.00,3.37
2016.04.25 14:13:30.089,1.24983,1.24989,1.00,1.07
2016.04.25 14:13:30.614,1.24984,1.2499,1.00,1.57
2016.04.25 14:13:31.119,1.24984,1.24989,1.00,1.07
2016.04.25 14:13:31.670,1.24982,1.24989,1.00,1.57
2016.04.25 14:13:32.177,1.24982,1.24988,1.00,1.57
2016.04.25 14:13:32.278,1.2498,1.24987,1.00,1.47
2016.04.25 14:13:32.641,1.24979,1.24987,1.57,3.15
2016.04.25 14:13:33.046,1.24976,1.24985,1.50,2.40
2016.04.25 14:13:33.147,1.24975,1.24981,1.00,1.37
2016.04.25 14:13:33.299,1.24972,1.24981,1.87,2.32
2016.04.25 14:13:33.830,1.24973,1.2498,1.50,1.07
2016.04.25 14:13:34.033,1.24977,1.24984,1.50,1.50
2016.04.25 14:13:34.539,1.24978,1.24985,2.62,1.50
2016.04.25 14:13:35.022,1.24982,1.24986,1.00,1.20
2016.04.25 14:13:35.226,1.24982,1.24988,1.12,1.57
2016.04.25 14:13:35.836,1.24982,1.24989,1.00,1.27
2016.04.25 14:13:36.042,1.2498,1.24987,1.87,1.27
2016.04.25 14:13:36.144,1.2498,1.24987,1.00,1.82
2016.04.25 14:13:36.651,1.24979,1.24986,1.00,1.57
2016.04.25 14:13:37.007,1.24982,1.24985,1.00,1.00
2016.04.25 14:13:37.159,1.24982,1.24989,4.03,1.12
2016.04.25 14:13:37.210,1.24983,1.24991,1.00,3.37
2016.04.25 14:13:37.362,1.24982,1.24991,1.50,3.37
2016.04.25 14:13:37.667,1.24984,1.24991,1.00,3.75
2016.04.25 14:13:37.768,1.24984,1.2499,1.00,1.00
2016.04.25 14:13:37.870,1.24984,1.24992,1.00,1.20
2016.04.25 14:13:38.022,1.24986,1.24993,1.00,2.25
2016.04.25 14:13:38.527,1.24987,1.24993,1.00,1.50
2016.04.25 14:13:38.780,1.24987,1.24995,1.50,1.53
2016.04.25 14:13:39.367,1.24987,1.24995,1.00,1.90
2016.04.25 14:13:39.830,1.24984,1.24994,2.89,2.32
2016.04.25 14:13:40.345,1.24986,1.24994,1.74,2.32
2016.04.25 14:13:41.935,1.24985,1.24994,1.31,3.07
2016.04.25 14:13:42.087,1.24984,1.24994,2.32,3.88
2016.04.25 14:13:42.391,1.24984,1.24989,1.00,2.32
2016.04.25 14:13:42.492,1.24981,1.24988,1.50,2.62
2016.04.25 14:13:42.744,1.24979,1.24986,1.20,1.12
2016.04.25 14:13:42.795,1.24978,1.24985,2.25,1.37
2016.04.25 14:13:43.118,1.24971,1.24974,1.00,1.00
2016.04.25 14:13:43.219,1.24967,1.24973,1.00,1.12
2016.04.25 14:13:43.321,1.24964,1.24971,1.69,1.32
2016.04.25 14:13:43.871,1.24962,1.24971,2.06,2.70
2016.04.25 14:13:44.377,1.24963,1.24971,2.25,1.95
2016.04.25 14:13:44.731,1.24962,1.24969,2.06,1.50
2016.04.25 14:13:45.282,1.24961,1.24967,1.50,1.12
2016.04.25 14:13:45.788,1.24961,1.24968,1.75,1.07
2016.04.25 14:13:45.990,1.24962,1.24969,1.87,1.50
2016.04.25 14:13:46.202,1.24962,1.24971,3.37,2.25
2016.04.25 14:13:46.253,1.24964,1.24971,1.00,2.25
2016.04.25 14:13:46.304,1.24963,1.24971,1.85,1.07
2016.04.25 14:13:46.607,1.24965,1.24972,1.75,1.07
2016.04.25 14:13:46.912,1.24971,1.24978,2.44,1.07
2016.04.25 14:13:47.435,1.24973,1.24979,1.12,1.07
2016.04.25 14:13:49.237,1.24973,1.24979,1.87,1.07
2016.04.25 14:13:49.338,1.24975,1.24983,1.37,1.20
2016.04.25 14:13:49.543,1.24976,1.24985,2.96,4.50
2016.04.25 14:13:49.851,1.24981,1.24986,3.19,1.12
2016.04.25 14:13:50.256,1.24983,1.24991,1.87,1.07
2016.04.25 14:13:50.761,1.24984,1.24992,1.50,1.95
2016.04.25 14:13:51.211,1.24986,1.24992,1.00,1.20
2016.04.25 14:13:51.717,1.24986,1.24992,1.50,1.57
2016.04.25 14:13:52.255,1.24986,1.24992,1.50,1.87
2016.04.25 14:13:52.558,1.24984,1.24991,1.87,2.25
2016.04.25 14:13:53.012,1.24984,1.24991,3.75,3.00
2016.04.25 14:13:53.164,1.24985,1.24992,1.87,1.07
2016.04.25 14:13:53.620,1.24988,1.24993,1.00,1.07
2016.04.25 14:13:53.874,1.2499,1.24996,1.69,1.39
2016.04.25 14:13:54.440,1.24989,1.24996,1.69,3.94
2016.04.25 14:13:54.945,1.24989,1.24995,1.12,1.69
2016.04.25 14:13:55.601,1.24989,1.24994,1.12,1.07
2016.04.25 14:13:56.160,1.24988,1.24994,1.69,1.07
2016.04.25 14:13:56.467,1.24991,1.24995,1.00,1.07
2016.04.25 14:13:56.568,1.24991,1.24999,1.50,1.20
2016.04.25 14:13:57.081,1.24991,1.24997,1.50,1.32
2016.04.25 14:13:57.283,1.24991,1.24996,1.50,1.85
2016.04.25 14:13:57.763,1.24989,1.24995,1.87,1.50
2016.04.25 14:13:58.300,1.24989,1.24995,1.37,1.50
2016.04.25 14:13:59.009,1.2499,1.24996,2.06,1.07
2016.04.25 14:14:00.385,1.24991,1.24996,1.00,1.07
2016.04.25 14:14:00.537,1.24992,1.24998,2.06,1.07
2016.04.25 14:14:00.638,1.24992,1.24999,2.06,1.09
2016.04.25 14:14:01.317,1.24992,1.25,1.87,3.00
2016.04.25 14:14:01.822,1.24993,1.25001,1.31,2.06
2016.04.25 14:14:02.024,1.24993,1.24995,1.25,1.00
2016.04.25 14:14:02.075,1.24991,1.24995,1.00,1.00
2016.04.25 14:14:02.429,1.24991,1.24998,1.50,2.51
2016.04.25 14:14:03.006,1.24991,1.24997,1.50,1.20
2016.04.25 14:14:03.170,1.24991,1.24995,1.50,1.50
2016.04.25 14:14:03.373,1.24989,1.24995,1.50,3.00
2016.04.25 14:14:03.880,1.24989,1.24995,2.44,1.07
2016.04.25 14:14:04.082,1.24989,1.24997,3.00,1.87
2016.04.25 14:14:04.626,1.24989,1.24997,3.19,1.69
2016.04.25 14:14:05.514,1.24991,1.24997,1.00,1.69
2016.04.25 14:14:06.378,1.24989,1.24996,1.69,1.65
2016.04.25 14:14:06.754,1.24989,1.24994,1.69,1.00
2016.04.25 14:14:08.069,1.24988,1.24994,2.44,1.57
2016.04.25 14:14:08.372,1.24985,1.24992,1.69,2.62
2016.04.25 14:14:08.877,1.24986,1.24993,1.50,1.10
2016.04.25 14:14:09.019,1.24989,1.24993,1.00,1.00
2016.04.25 14:14:09.323,1.24992,1.24996,1.50,1.50
2016.04.25 14:14:09.829,1.24992,1.24995,1.50,1.50
2016.04.25 14:14:10.999,1.2499,1.24995,1.50,2.25
2016.04.25 14:14:12.852,1.2499,1.24995,1.00,1.00
2016.04.25 14:14:13.376,1.24989,1.24996,1.50,3.00
2016.04.25 14:14:13.585,1.24989,1.24993,1.50,1.00
2016.04.25 14:14:13.901,1.24986,1.24991,1.50,3.00
2016.04.25 14:14:14.103,1.24984,1.2499,1.00,1.50
2016.04.25 14:14:15.099,1.24982,1.2499,1.25,5.25
2016.04.25 14:14:15.604,1.24983,1.2499,1.00,3.37
2016.04.25 14:14:16.762,1.24982,1.2499,1.25,3.00
2016.04.25 14:14:17.411,1.24981,1.2499,2.40,3.37
2016.04.25 14:14:17.762,1.24982,1.24987,1.00,1.00
2016.04.25 14:14:18.014,1.24982,1.24989,1.12,1.20
2016.04.25 14:14:18.217,1.2498,1.24987,6.00,1.00
2016.04.25 14:14:18.770,1.24982,1.2499,2.89,1.50
2016.04.25 14:14:18.821,1.24983,1.24988,1.10,1.00
2016.04.25 14:14:19.163,1.24982,1.24986,1.76,1.00
2016.04.25 14:14:19.916,1.24982,1.24987,1.69,1.00
2016.04.25 14:14:20.515,1.24981,1.24987,1.20,1.00
2016.04.25 14:14:21.030,1.24982,1.24987,1.00,1.00
2016.04.25 14:14:22.132,1.24982,1.24987,1.37,1.00
2016.04.25 14:14:22.283,1.24984,1.24989,1.00,1.00
2016.04.25 14:14:22.789,1.24985,1.24989,1.50,1.00
2016.04.25 14:14:22.991,1.24985,1.24993,2.25,2.70
2016.04.25 14:14:24.022,1.24986,1.24993,1.37,1.07
2016.04.25 14:14:24.123,1.24986,1.24995,3.26,1.57
2016.04.25 14:14:24.628,1.24988,1.24997,1.65,5.25
2016.04.25 14:14:25.140,1.24989,1.24996,1.50,1.20
2016.04.25 14:14:25.645,1.24989,1.24998,2.40,2.62
2016.04.25 14:14:25.900,1.24989,1.24996,2.40,1.37
2016.04.25 14:14:26.186,1.24986,1.24994,4.09,1.00
2016.04.25 14:14:26.287,1.24989,1.24994,1.00,1.00
2016.04.25 14:14:26.440,1.2499,1.24998,1.26,1.95
2016.04.25 14:14:26.794,1.2499,1.24994,1.50,2.25
2016.04.25 14:14:27.002,1.24984,1.24991,2.25,1.20
2016.04.25 14:14:27.528,1.24984,1.24992,3.00,1.20
2016.04.25 14:14:27.579,1.24984,1.24989,3.00,1.00
2016.04.25 14:14:28.005,1.24984,1.24992,3.57,1.20
2016.04.25 14:14:28.512,1.24985,1.24991,1.50,1.00
2016.04.25 14:14:29.057,1.24984,1.24991,3.19,1.00
2016.04.25 14:14:30.056,1.24984,1.24991,3.19,1.00
2016.04.25 14:14:30.574,1.24986,1.24992,1.32,1.20
2016.04.25 14:14:30.625,1.24986,1.2499,1.32,1.00
2016.04.25 14:14:30.676,1.24984,1.2499,1.87,1.00
2016.04.25 14:14:30.777,1.24984,1.24993,1.50,2.62
2016.04.25 14:14:31.085,1.24984,1.2499,1.50,1.00
2016.04.25 14:14:31.389,1.2498,1.24988,1.67,1.10
2016.04.25 14:14:31.895,1.2498,1.24988,1.00,4.87
2016.04.25 14:14:32.182,1.24978,1.24987,1.01,1.57
2016.04.25 14:14:33.063,1.24978,1.24986,2.51,1.57
2016.04.25 14:14:33.367,1.24977,1.24984,1.27,1.50
2016.04.25 14:14:33.722,1.24974,1.24982,1.69,3.19
2016.04.25 14:14:33.874,1.24973,1.24981,1.09,2.02
2016.04.25 14:14:34.389,1.24971,1.24981,2.89,4.20
2016.04.25 14:14:35.118,1.24971,1.24977,3.56,1.00
2016.04.25 14:14:35.678,1.24971,1.24977,1.69,1.12
2016.04.25 14:14:35.982,1.24969,1.24971,1.00,1.00
2016.04.25 14:14:36.287,1.24968,1.2497,2.62,2.50
2016.04.25 14:14:36.656,1.24969,1.24972,1.69,1.00
2016.04.25 14:14:37.179,1.24968,1.24972,4.12,1.00
2016.04.25 14:14:37.717,1.24971,1.24974,1.20,1.00
2016.04.25 14:14:38.081,1.24972,1.24976,3.56,1.00
2016.04.25 14:14:38.182,1.24972,1.24979,5.59,1.00
2016.04.25 14:14:38.233,1.24972,1.24976,5.89,1.00
2016.04.25 14:14:38.536,1.24973,1.24977,2.32,1.00
2016.04.25 14:14:39.111,1.24975,1.24978,3.00,1.00
2016.04.25 14:14:39.515,1.24975,1.2498,1.12,1.50
2016.04.25 14:14:39.616,1.24975,1.24981,5.44,1.00
2016.04.25 14:14:39.668,1.24978,1.24983,1.37,1.50
2016.04.25 14:14:40.267,1.24979,1.24985,1.00,1.00
2016.04.25 14:14:40.722,1.24981,1.24987,1.37,2.25
2016.04.25 14:14:40.773,1.24981,1.24988,1.75,1.05
2016.04.25 14:14:41.026,1.24982,1.2499,3.00,1.57
2016.04.25 14:14:41.177,1.24983,1.24992,2.25,1.65
2016.04.25 14:14:41.369,1.24986,1.24993,1.19,4.50
2016.04.25 14:14:41.521,1.24987,1.24995,1.00,2.62
2016.04.25 14:14:41.878,1.24984,1.24992,2.02,1.00
2016.04.25 14:14:42.383,1.24986,1.24994,1.20,1.57
2016.04.25 14:14:42.737,1.24986,1.24995,5.44,1.27
2016.04.25 14:14:43.041,1.24988,1.24997,2.59,2.25
2016.04.25 14:14:43.193,1.24988,1.24998,2.14,1.27
2016.04.25 14:14:43.698,1.2499,1.24998,1.00,1.57
2016.04.25 14:14:45.615,1.24989,1.24997,1.27,1.57
2016.04.25 14:14:46.144,1.24989,1.24996,1.00,1.47
2016.04.25 14:14:46.296,1.24986,1.24994,2.40,3.19
2016.04.25 14:14:46.448,1.24984,1.24993,1.65,1.87
2016.04.25 14:14:46.549,1.24984,1.24993,1.84,2.44
2016.04.25 14:14:46.651,1.24984,1.24992,1.84,1.20
2016.04.25 14:14:46.752,1.24984,1.24993,3.71,3.94
2016.04.25 14:14:47.374,1.24986,1.24992,1.69,1.07
2016.04.25 14:14:48.129,1.24986,1.24994,2.06,1.87
2016.04.25 14:14:48.668,1.24988,1.24994,1.50,1.20
2016.04.25 14:14:49.174,1.24987,1.24994,1.25,3.19
2016.04.25 14:14:49.495,1.2499,1.24997,1.00,1.50
2016.04.25 14:14:50.001,1.2499,1.24996,1.25,1.50
2016.04.25 14:14:50.828,1.24988,1.24996,1.87,2.62
2016.04.25 14:14:51.030,1.2499,1.24996,1.00,1.50
2016.04.25 14:14:51.535,1.24991,1.24997,1.50,1.07
2016.04.25 14:14:52.208,1.24989,1.24997,2.25,1.07
2016.04.25 14:14:52.543,1.2499,1.24999,2.02,1.82
2016.04.25 14:14:53.055,1.24991,1.24999,1.00,1.45
2016.04.25 14:14:53.658,1.24991,1.24999,1.19,1.57
2016.04.25 14:14:55.346,1.24991,1.24999,1.00,3.00
2016.04.25 14:14:57.292,1.2499,1.24998,1.39,1.09
2016.04.25 14:14:57.850,1.2499,1.24998,1.29,1.01
2016.04.25 14:14:58.844,1.2499,1.24996,1.12,1.00
2016.04.25 14:14:58.945,1.2499,1.24994,1.00,1.00
2016.04.25 14:14:59.098,1.24987,1.24995,2.06,2.77
2016.04.25 14:14:59.199,1.24987,1.24993,2.06,1.00
2016.04.25 14:14:59.703,1.24988,1.24993,1.00,1.00
2016.04.25 14:15:00.108,1.24989,1.24996,1.00,3.00
2016.04.25 14:15:00.961,1.24989,1.24994,1.00,1.00
2016.04.25 14:15:01.266,1.24989,1.24996,3.19,1.12
2016.04.25 14:15:01.317,1.24991,1.24998,1.50,1.00
2016.04.25 14:15:01.433,1.24992,1.24999,2.00,1.00
2016.04.25 14:15:01.534,1.24994,1.25001,1.00,1.00
2016.04.25 14:15:02.040,1.24993,1.25002,1.10,1.81
2016.04.25 14:15:02.598,1.24993,1.25002,1.00,2.38
2016.04.25 14:15:03.103,1.24993,1.25002,1.87,2.01
2016.04.25 14:15:03.305,1.24995,1.25002,1.00,1.84
2016.04.25 14:15:03.360,1.24995,1.25002,1.00,1.65
2016.04.25 14:15:03.727,1.24996,1.25003,1.56,2.17
2016.04.25 14:15:03.929,1.24997,1.25005,1.31,1.45
2016.04.25 14:15:04.081,1.24998,1.25006,2.44,1.30
2016.04.25 14:15:04.132,1.24999,1.25006,1.29,1.10
2016.04.25 14:15:04.641,1.24998,1.25006,1.50,2.02
2016.04.25 14:15:04.894,1.24996,1.25005,2.25,1.87
2016.04.25 14:15:05.147,1.24997,1.25005,1.20,2.62
2016.04.25 14:15:05.723,1.24997,1.25003,1.65,1.00
2016.04.25 14:15:06.027,1.24995,1.25003,1.65,3.07
2016.04.25 14:15:06.383,1.24993,1.25001,2.70,1.37
2016.04.25 14:15:06.536,1.24992,1.25,1.31,3.00
2016.04.25 14:15:07.076,1.24991,1.25,2.77,6.37
2016.04.25 14:15:07.581,1.2499,1.24999,1.50,2.40
2016.04.25 14:15:08.100,1.2499,1.24999,1.50,2.77
2016.04.25 14:15:08.634,1.24993,1.24999,1.00,3.52
2016.04.25 14:15:08.786,1.24993,1.24999,3.15,2.25
2016.04.25 14:15:09.307,1.24991,1.25,3.94,2.77
2016.04.25 14:15:09.844,1.24991,1.24999,2.70,1.85
2016.04.25 14:15:10.299,1.24989,1.24997,1.57,1.57
2016.04.25 14:15:10.847,1.24988,1.24997,3.00,1.57
2016.04.25 14:15:11.050,1.24987,1.24997,2.32,3.45
2016.04.25 14:15:11.100,1.24987,1.24996,1.65,3.37
2016.04.25 14:15:11.253,1.24988,1.24995,1.50,1.45
2016.04.25 14:15:11.506,1.24988,1.24996,1.57,2.70
2016.04.25 14:15:12.038,1.24988,1.24996,2.02,1.50
2016.04.25 14:15:12.546,1.24987,1.24997,4.87,2.25
2016.04.25 14:15:12.860,1.24989,1.24997,3.37,1.87
2016.04.25 14:15:12.963,1.2499,1.24999,3.37,1.50
2016.04.25 14:15:13.491,1.24991,1.25,2.02,3.10
2016.04.25 14:15:14.540,1.24991,1.25001,2.40,5.20
2016.04.25 14:15:14.641,1.24991,1.25,2.40,3.10
2016.04.25 14:15:15.153,1.24991,1.25,2.02,3.85
2016.04.25 14:15:15.658,1.24991,1.25,2.40,1.42
2016.04.25 14:15:16.204,1.24991,1.25,2.02,1.42
2016.04.25 14:15:16.767,1.24991,1.25,2.02,1.04
2016.04.25 14:15:17.447,1.24991,1.24997,1.50,3.70
2016.04.25 14:15:17.548,1.24989,1.24995,1.50,1.52
2016.04.25 14:15:17.649,1.24987,1.24994,1.50,1.00
2016.04.25 14:15:18.161,1.24986,1.24995,3.15,1.79
2016.04.25 14:15:18.860,1.24986,1.24995,2.77,1.79
2016.04.25 14:15:19.404,1.24986,1.24996,2.77,4.64
2016.04.25 14:15:19.865,1.24986,1.24993,2.02,2.58
2016.04.25 14:15:20.370,1.24986,1.24993,1.87,2.58
2016.04.25 14:15:21.872,1.24986,1.24995,2.25,2.47
2016.04.25 14:15:22.381,1.24986,1.24995,2.40,1.79
2016.04.25 14:15:22.887,1.24986,1.24996,2.40,8.20
2016.04.25 14:15:23.090,1.24986,1.24996,3.15,3.37
2016.04.25 14:15:23.690,1.24988,1.24996,1.87,4.20
2016.04.25 14:15:23.993,1.24986,1.24995,2.02,1.04
2016.04.25 14:15:24.672,1.24986,1.24995,1.65,3.29
2016.04.25 14:15:25.027,1.24987,1.24994,1.75,1.00
2016.04.25 14:15:25.533,1.24988,1.24995,4.12,1.50
2016.04.25 14:15:25.837,1.24988,1.24991,1.20,1.00
2016.04.25 14:15:26.140,1.24985,1.2499,1.00,1.00
2016.04.25 14:15:26.647,1.24986,1.24988,1.00,1.00
2016.04.25 14:15:26.901,1.24983,1.24985,2.76,1.00
2016.04.25 14:15:27.104,1.24979,1.24986,1.50,3.75
2016.04.25 14:15:27.458,1.24976,1.24984,1.57,1.12
2016.04.25 14:15:27.509,1.24976,1.24985,1.57,5.47
2016.04.25 14:15:27.812,1.24975,1.24981,1.00,2.58
2016.04.25 14:15:28.015,1.24973,1.2498,1.50,1.10
2016.04.25 14:15:28.217,1.24971,1.24981,4.81,2.70
2016.04.25 14:15:28.541,1.24972,1.2498,1.12,1.10
2016.04.25 14:15:29.213,1.24972,1.24983,3.15,5.39
2016.04.25 14:15:29.762,1.24973,1.24982,1.00,1.79
2016.04.25 14:15:30.280,1.24974,1.24982,1.00,1.79
2016.04.25 14:15:30.382,1.24974,1.24982,1.00,1.42
2016.04.25 14:15:30.433,1.24974,1.24982,1.00,1.79
2016.04.25 14:15:30.959,1.24972,1.24982,2.21,2.54
2016.04.25 14:15:31.465,1.24974,1.24981,1.00,3.40
2016.04.25 14:15:31.990,1.24973,1.2498,1.50,1.34
2016.04.25 14:15:32.142,1.24971,1.2498,1.76,1.72
2016.04.25 14:15:32.599,1.24973,1.2498,1.50,1.29
2016.04.25 14:15:33.616,1.24973,1.2498,1.50,1.57
2016.04.25 14:15:33.818,1.24971,1.24979,2.02,1.64
2016.04.25 14:15:34.453,1.24971,1.24979,1.65,2.25
2016.04.25 14:15:34.957,1.24971,1.2498,1.84,2.96
2016.04.25 14:15:35.500,1.24971,1.2498,1.84,1.84
2016.04.25 14:15:36.006,1.24971,1.2498,2.21,2.96
2016.04.25 14:15:36.511,1.24972,1.24981,2.51,1.39
2016.04.25 14:15:36.818,1.24972,1.24979,1.76,1.00
2016.04.25 14:15:37.172,1.24971,1.24978,1.00,3.37
2016.04.25 14:15:37.677,1.2497,1.24978,3.00,3.00
2016.04.25 14:15:38.379,1.2497,1.24976,1.00,2.14
2016.04.25 14:15:38.532,1.24968,1.24975,1.57,1.00
2016.04.25 14:15:38.734,1.24968,1.24976,1.57,3.07
2016.04.25 14:15:39.264,1.24968,1.24975,1.69,1.39
2016.04.25 14:15:39.784,1.24968,1.24976,1.69,3.26
2016.04.25 14:15:40.682,1.24967,1.24976,1.19,3.64
2016.04.25 14:15:40.885,1.24967,1.24976,1.00,3.07
2016.04.25 14:15:41.087,1.24968,1.24977,3.00,1.65
2016.04.25 14:15:41.569,1.24969,1.24978,3.75,2.77
2016.04.25 14:15:42.466,1.24969,1.24978,3.37,3.52
2016.04.25 14:15:42.861,1.24968,1.24975,1.50,1.12
2016.04.25 14:15:42.962,1.24965,1.24973,1.31,1.27
2016.04.25 14:15:43.467,1.24966,1.24972,1.12,1.95
2016.04.25 14:15:45.288,1.24966,1.24973,1.87,1.07
2016.04.25 14:15:45.390,1.24966,1.24974,2.25,1.20
2016.04.25 14:15:45.939,1.24969,1.24976,1.57,1.00
2016.04.25 14:15:46.800,1.24968,1.24977,2.62,2.25
2016.04.25 14:15:47.409,1.24968,1.24977,1.87,1.87
2016.04.25 14:15:48.096,1.24968,1.24977,3.75,2.25
2016.04.25 14:15:48.147,1.24968,1.24977,4.69,2.44
2016.04.25 14:15:48.805,1.24968,1.24977,2.59,1.09
2016.04.25 14:15:49.159,1.24967,1.24977,1.84,6.00
2016.04.25 14:15:50.081,1.24967,1.24976,2.59,1.20
2016.04.25 14:15:50.603,1.24968,1.24976,1.00,1.20
2016.04.25 14:15:51.248,1.24967,1.24976,3.90,1.20
2016.04.25 14:15:51.774,1.24968,1.24977,1.00,6.00
2016.04.25 14:15:52.178,1.24967,1.24974,2.40,1.50
2016.04.25 14:15:52.759,1.24967,1.24974,2.06,1.09
2016.04.25 14:15:53.410,1.24965,1.24974,7.76,1.76
2016.04.25 14:15:55.187,1.24967,1.24976,2.06,2.77
2016.04.25 14:15:55.704,1.2497,1.24976,1.00,2.40
2016.04.25 14:15:57.025,1.2497,1.24978,1.87,1.45
2016.04.25 14:15:57.551,1.24971,1.24977,1.00,2.02
2016.04.25 14:15:58.219,1.2497,1.24973,2.25,1.00
2016.04.25 14:15:58.725,1.24969,1.24972,1.50,1.00
2016.04.25 14:15:58.928,1.24972,1.24973,1.00,1.00
2016.04.25 14:15:59.232,1.24971,1.24975,3.15,1.00
2016.04.25 14:15:59.886,1.24972,1.24976,3.19,1.00
2016.04.25 14:15:59.937,1.24975,1.24978,1.62,2.25
2016.04.25 14:16:00.443,1.24975,1.24978,1.50,1.00
2016.04.25 14:16:00.960,1.24975,1.24978,2.25,1.00
2016.04.25 14:16:01.493,1.24975,1.24979,3.75,1.00
2016.04.25 14:16:01.544,1.24976,1.24979,2.25,1.00
2016.04.25 14:16:02.050,1.24976,1.24979,2.25,1.00
2016.04.25 14:16:02.101,1.24976,1.2498,2.62,1.00
2016.04.25 14:16:02.202,1.24978,1.2498,1.87,1.00
2016.04.25 14:16:02.505,1.24981,1.24985,1.00,2.25
2016.04.25 14:16:02.910,1.24983,1.24985,1.00,1.00
2016.04.25 14:16:03.254,1.24984,1.24986,2.62,1.00
2016.04.25 14:16:03.801,1.24985,1.24986,1.50,1.00
2016.04.25 14:16:04.155,1.24983,1.24985,1.25,1.00
2016.04.25 14:16:04.206,1.24982,1.24984,2.06,1.00
2016.04.25 14:16:04.714,1.24983,1.24984,1.57,1.00
2016.04.25 14:16:05.454,1.24982,1.24986,2.51,1.50
2016.04.25 14:16:05.506,1.24982,1.24984,2.51,1.00
2016.04.25 14:16:06.013,1.24982,1.24985,1.84,1.00
2016.04.25 14:16:06.319,1.24981,1.24984,3.37,1.00
2016.04.25 14:16:06.370,1.24982,1.24984,1.65,1.00
2016.04.25 14:16:07.097,1.24982,1.24985,1.87,1.00
2016.04.25 14:16:08.552,1.24982,1.24988,1.69,1.57
2016.04.25 14:16:10.565,1.24982,1.24988,2.06,1.00
2016.04.25 14:16:11.473,1.24982,1.24988,2.06,1.00
2016.04.25 14:16:11.873,1.24982,1.24986,1.69,1.00
2016.04.25 14:16:12.126,1.2498,1.24985,2.25,1.50
2016.04.25 14:16:12.228,1.2498,1.24983,1.00,1.00
2016.04.25 14:16:12.683,1.24977,1.24982,1.87,1.00
2016.04.25 14:16:13.520,1.24976,1.24982,1.69,1.00
2016.04.25 14:16:13.679,1.24975,1.2498,4.18,1.00
2016.04.25 14:16:13.830,1.24975,1.24983,4.55,1.01
2016.04.25 14:16:13.982,1.24975,1.24985,7.33,6.94
2016.04.25 14:16:14.134,1.24977,1.24985,1.37,1.65
2016.04.25 14:16:15.131,1.24976,1.24985,1.09,2.59
2016.04.25 14:16:15.383,1.24976,1.24983,1.09,1.00
2016.04.25 14:16:15.687,1.24971,1.24975,1.50,1.00
2016.04.25 14:16:15.738,1.24968,1.24975,1.74,1.00
2016.04.25 14:16:15.790,1.24968,1.24976,2.11,1.20
2016.04.25 14:16:15.963,1.24968,1.24975,1.74,1.20
2016.04.25 14:16:16.537,1.24967,1.24975,3.00,1.20
2016.04.25 14:16:16.790,1.24967,1.24973,2.62,1.00
2016.04.25 14:16:17.023,1.24964,1.24971,3.43,1.10
2016.04.25 14:16:17.780,1.24964,1.2497,4.36,1.00
2016.04.25 14:16:18.315,1.24964,1.24969,2.62,1.00
2016.04.25 14:16:20.394,1.24964,1.2497,3.26,1.00
2016.04.25 14:16:20.903,1.24964,1.24971,3.26,1.69
2016.04.25 14:16:21.358,1.24964,1.24967,1.50,1.50
2016.04.25 14:16:21.509,1.24962,1.24966,1.25,1.00
2016.04.25 14:16:22.367,1.24959,1.24966,1.87,1.00
2016.04.25 14:16:23.210,1.24959,1.24966,1.50,1.37
2016.04.25 14:16:23.312,1.24959,1.24961,1.50,1.00
2016.04.25 14:16:23.363,1.24959,1.24964,1.50,1.37
2016.04.25 14:16:23.557,1.24957,1.24962,1.50,2.81
2016.04.25 14:16:23.660,1.24957,1.2496,1.00,1.00
2016.04.25 14:16:23.813,1.24957,1.24962,1.00,1.00
2016.04.25 14:16:24.218,1.24957,1.24959,1.00,1.00
2016.04.25 14:16:24.562,1.24954,1.24959,1.00,1.00
2016.04.25 14:16:27.181,1.24954,1.2496,1.37,1.65
2016.04.25 14:16:27.333,1.24955,1.24962,3.75,1.00
2016.04.25 14:16:27.637,1.24961,1.24968,3.82,1.00
2016.04.25 14:16:27.789,1.24962,1.24966,1.69,1.00
2016.04.25 14:16:28.093,1.2496,1.24961,1.50,1.00
2016.04.25 14:16:28.144,1.24957,1.24961,1.50,1.00
2016.04.25 14:16:28.346,1.24957,1.2496,1.87,1.00
2016.04.25 14:16:28.397,1.24958,1.24962,1.37,1.00
2016.04.25 14:16:28.902,1.24958,1.24962,3.00,1.00
2016.04.25 14:16:31.779,1.24958,1.24963,3.00,1.00
2016.04.25 14:16:32.287,1.24959,1.24964,1.10,1.00
2016.04.25 14:16:32.591,1.2496,1.24966,2.40,1.00
2016.04.25 14:16:32.642,1.2496,1.24968,2.40,1.00
2016.04.25 14:16:33.047,1.24961,1.24966,1.07,1.00
2016.04.25 14:16:33.351,1.24958,1.24964,1.50,1.00
2016.04.25 14:16:33.532,1.24958,1.24962,1.50,1.00
2016.04.25 14:16:33.863,1.24955,1.24961,1.51,1.00
2016.04.25 14:16:34.117,1.24955,1.24959,1.26,1.00
2016.04.25 14:16:34.624,1.24953,1.24959,2.13,1.00
2016.04.25 14:16:35.146,1.24953,1.2496,2.74,1.69
2016.04.25 14:16:35.651,1.24955,1.24961,1.00,1.25
2016.04.25 14:16:35.954,1.24955,1.24959,1.00,1.00
2016.04.25 14:16:36.106,1.24951,1.24958,2.44,1.25
2016.04.25 14:16:36.258,1.24951,1.24956,1.50,1.00
2016.04.25 14:16:36.562,1.24949,1.24952,1.00,2.25
2016.04.25 14:16:36.613,1.24945,1.24952,1.20,3.00
2016.04.25 14:16:37.170,1.24948,1.24952,1.00,3.15
2016.04.25 14:16:37.720,1.24949,1.24952,1.00,1.50
2016.04.25 14:16:39.149,1.24948,1.24952,1.00,1.00
2016.04.25 14:16:39.300,1.24948,1.24954,1.00,5.64
2016.04.25 14:16:39.814,1.24948,1.24953,1.00,1.50
2016.04.25 14:16:40.315,1.24949,1.24953,1.00,1.87
2016.04.25 14:16:41.499,1.24948,1.24953,1.00,1.50
2016.04.25 14:16:41.752,1.24948,1.24951,1.00,1.74
2016.04.25 14:16:42.259,1.24949,1.24951,1.00,1.74
2016.04.25 14:16:43.554,1.24949,1.24952,1.00,1.50
2016.04.25 14:16:45.206,1.24949,1.24953,1.00,1.31
2016.04.25 14:16:45.408,1.24949,1.24955,1.00,1.50
2016.04.25 14:16:45.925,1.24949,1.24954,1.00,1.74
2016.04.25 14:16:46.941,1.24949,1.24953,1.00,1.74
2016.04.25 14:16:47.665,1.24948,1.24953,1.20,1.74
2016.04.25 14:16:48.420,1.24948,1.24953,1.47,1.74
2016.04.25 14:16:48.929,1.2495,1.24954,1.12,1.74
2016.04.25 14:16:49.030,1.24949,1.24958,1.87,2.70
2016.04.25 14:16:49.957,1.24952,1.24957,1.00,2.40
2016.04.25 14:16:50.260,1.24967,1.24969,1.93,1.50
2016.04.25 14:16:50.362,1.2497,1.24972,1.50,1.12
2016.04.25 14:16:50.413,1.24969,1.24975,1.26,3.75
2016.04.25 14:16:50.500,1.24972,1.24974,1.50,1.50
2016.04.25 14:16:50.602,1.24972,1.24974,1.50,1.00
2016.04.25 14:16:50.653,1.24972,1.24975,1.50,1.00
2016.04.25 14:16:51.059,1.2497,1.24972,1.50,1.00
2016.04.25 14:16:51.161,1.24967,1.24972,1.50,1.12
2016.04.25 14:16:51.514,1.24967,1.2497,1.50,1.00
2016.04.25 14:16:51.616,1.24963,1.24969,3.60,1.12
2016.04.25 14:16:51.718,1.24966,1.24971,1.50,2.62
2016.04.25 14:16:52.021,1.24969,1.24974,1.26,2.62
2016.04.25 14:16:52.554,1.24969,1.24975,1.07,1.87
2016.04.25 14:16:52.716,1.24967,1.24975,3.94,1.87
2016.04.25 14:16:53.227,1.24966,1.24974,1.95,1.00
2016.04.25 14:16:53.578,1.24965,1.24972,6.60,1.00
2016.04.25 14:16:53.831,1.24961,1.24969,3.52,2.62
2016.04.25 14:16:53.882,1.24964,1.24969,1.20,1.87
2016.04.25 14:16:54.186,1.2496,1.24966,3.19,1.12
2016.04.25 14:16:54.338,1.24959,1.24966,1.46,1.46
2016.04.25 14:16:54.517,1.24959,1.24966,1.09,1.84
2016.04.25 14:16:54.871,1.24959,1.24967,1.65,2.25
2016.04.25 14:16:55.189,1.2496,1.24968,1.37,2.70
2016.04.25 14:16:55.704,1.2496,1.24963,1.46,1.00
2016.04.25 14:16:55.930,1.24954,1.2496,2.59,1.50
2016.04.25 14:16:56.132,1.24954,1.24962,1.67,2.62
2016.04.25 14:16:56.384,1.24955,1.24962,1.75,1.00
2016.04.25 14:16:56.486,1.24957,1.24964,1.50,1.57
2016.04.25 14:16:56.991,1.24959,1.24965,1.12,1.50
2016.04.25 14:16:57.350,1.24962,1.24965,1.20,1.50
2016.04.25 14:16:57.553,1.2496,1.24965,1.27,1.50
2016.04.25 14:16:57.655,1.2496,1.24966,2.02,1.00
2016.04.25 14:16:58.160,1.24961,1.24967,1.37,1.00
2016.04.25 14:16:58.798,1.24962,1.24966,1.00,1.00
2016.04.25 14:16:58.848,1.24959,1.24966,4.39,1.00
2016.04.25 14:16:59.101,1.24959,1.24964,1.95,1.00
2016.04.25 14:16:59.152,1.24959,1.24964,1.57,1.00
2016.04.25 14:16:59.305,1.24956,1.24964,2.62,1.12
2016.04.25 14:17:00.102,1.24956,1.24963,1.87,1.00
2016.04.25 14:17:00.653,1.24957,1.24963,1.65,1.00
2016.04.25 14:17:01.162,1.24957,1.24963,1.20,1.00
2016.04.25 14:17:01.673,1.24955,1.24963,1.20,1.12
2016.04.25 14:17:01.976,1.24958,1.24964,1.32,6.00
2016.04.25 14:17:02.497,1.24958,1.24964,1.32,1.20
2016.04.25 14:17:02.800,1.2496,1.24963,1.32,1.00
2016.04.25 14:17:02.952,1.24957,1.24963,3.27,1.00
2016.04.25 14:17:03.959,1.24956,1.24963,1.27,1.12
2016.04.25 14:17:04.061,1.24954,1.24961,1.07,1.00
2016.04.25 14:17:04.162,1.24953,1.24961,1.00,1.10
2016.04.25 14:17:04.213,1.24953,1.24959,1.00,1.00
2016.04.25 14:17:04.660,1.24951,1.24957,4.21,1.00
2016.04.25 14:17:05.166,1.2495,1.24957,3.46,1.00
2016.04.25 14:17:05.470,1.24952,1.24959,1.70,1.12
2016.04.25 14:17:05.774,1.24957,1.24962,1.14,1.00
2016.04.25 14:17:06.280,1.24957,1.24963,1.60,2.25
2016.04.25 14:17:06.629,1.24957,1.24965,1.79,2.25
2016.04.25 14:17:07.137,1.24957,1.24965,2.65,1.00
2016.04.25 14:17:07.864,1.24957,1.24966,2.89,1.50
2016.04.25 14:17:08.413,1.24957,1.24965,5.89,1.00
2016.04.25 14:17:08.615,1.24959,1.24967,1.10,2.25
2016.04.25 14:17:09.158,1.2496,1.24967,1.27,2.25
2016.04.25 14:17:09.412,1.2496,1.24968,3.15,1.50
2016.04.25 14:17:09.715,1.24962,1.2497,2.32,4.12
2016.04.25 14:17:10.224,1.24964,1.24971,1.27,1.00
2016.04.25 14:17:10.427,1.24963,1.24969,2.25,1.00
2016.04.25 14:17:10.630,1.24962,1.24969,1.12,1.12
2016.04.25 14:17:11.136,1.24962,1.24969,3.07,1.00
2016.04.25 14:17:11.541,1.24964,1.2497,2.25,1.00
2016.04.25 14:17:11.642,1.24966,1.24973,1.20,1.00
2016.04.25 14:17:11.744,1.24969,1.24975,1.00,2.68
2016.04.25 14:17:11.997,1.24972,1.24979,1.57,1.00
2016.04.25 14:17:12.098,1.24972,1.24981,4.57,1.12
2016.04.25 14:17:12.199,1.24974,1.24982,1.50,4.12
2016.04.25 14:17:12.704,1.24974,1.24982,1.50,4.12
2016.04.25 14:17:12.962,1.24974,1.24982,1.50,2.62
2016.04.25 14:17:13.563,1.24974,1.24982,4.87,1.50
2016.04.25 14:17:13.665,1.24978,1.24982,1.87,1.50
2016.04.25 14:17:13.766,1.24979,1.24985,1.00,1.00
2016.04.25 14:17:13.968,1.24979,1.24985,1.87,1.50
2016.04.25 14:17:14.070,1.24976,1.24984,1.20,2.62
2016.04.25 14:17:14.578,1.24975,1.24982,2.25,1.00
2016.04.25 14:17:15.083,1.24975,1.24982,1.50,1.37
2016.04.25 14:17:15.583,1.24969,1.24972,8.81,1.00
2016.04.25 14:17:15.685,1.24971,1.24973,1.07,1.12
2016.04.25 14:17:15.786,1.24968,1.24973,1.00,2.81
2016.04.25 14:17:15.887,1.24964,1.24972,1.65,1.50
2016.04.25 14:17:15.989,1.24965,1.24971,1.37,1.50
2016.04.25 14:17:16.090,1.24964,1.2497,3.52,1.37
2016.04.25 14:17:16.242,1.24964,1.24969,1.50,1.37
2016.04.25 14:17:16.293,1.24961,1.24966,2.25,1.00
2016.04.25 14:17:16.400,1.2496,1.24965,2.32,1.00
2016.04.25 14:17:16.451,1.2496,1.24968,2.70,4.50
2016.04.25 14:17:16.907,1.24961,1.24969,1.20,2.25
2016.04.25 14:17:17.110,1.2496,1.24967,3.00,1.00
2016.04.25 14:17:17.625,1.2496,1.24966,1.12,1.00
2016.04.25 14:17:17.778,1.24958,1.24966,3.82,1.00
2016.04.25 14:17:17.981,1.24959,1.24966,2.44,1.25
2016.04.25 14:17:18.284,1.24962,1.24968,1.12,3.75
2016.04.25 14:17:18.588,1.24963,1.24968,2.25,1.00
2016.04.25 14:17:18.639,1.24963,1.2497,3.00,1.00
2016.04.25 14:17:18.993,1.24967,1.24971,1.37,1.00
2016.04.25 14:17:19.044,1.24967,1.24973,1.50,1.00
2016.04.25 14:17:19.408,1.24966,1.24971,1.57,1.00
2016.04.25 14:17:19.459,1.24965,1.2497,3.37,1.00
2016.04.25 14:17:19.662,1.24963,1.2497,1.94,1.00
2016.04.25 14:17:19.915,1.24966,1.24969,1.00,1.00
2016.04.25 14:17:20.168,1.24964,1.24969,1.00,1.00
2016.04.25 14:17:20.549,1.24963,1.24967,1.57,1.00
2016.04.25 14:17:21.004,1.24963,1.24966,1.50,1.00
2016.04.25 14:17:21.567,1.24964,1.24965,1.00,1.50
2016.04.25 14:17:22.076,1.24962,1.24965,1.00,1.00
2016.04.25 14:17:22.887,1.24963,1.24966,1.87,1.00
2016.04.25 14:17:23.055,1.24965,1.2497,2.25,1.00
2016.04.25 14:17:23.157,1.24965,1.24968,6.75,1.00
2016.04.25 14:17:23.664,1.24965,1.24969,2.25,1.00
2016.04.25 14:17:24.219,1.24965,1.24968,2.25,1.00
2016.04.25 14:17:24.624,1.24964,1.24967,1.57,1.00
2016.04.25 14:17:24.929,1.24963,1.24966,1.20,1.00
2016.04.25 14:17:25.283,1.24962,1.24966,1.50,1.00
2016.04.25 14:17:25.434,1.24962,1.24965,1.00,1.00
2016.04.25 14:17:26.192,1.2496,1.24964,4.87,1.00
2016.04.25 14:17:26.343,1.2496,1.24966,4.12,1.50
2016.04.25 14:17:26.434,1.24961,1.24966,2.02,1.00
2016.04.25 14:17:26.989,1.24963,1.24966,1.95,1.00
2016.04.25 14:17:27.696,1.24963,1.24966,1.95,1.00
2016.04.25 14:17:28.202,1.24962,1.24966,1.01,1.00
2016.04.25 14:17:28.708,1.24962,1.24965,1.01,1.00
2016.04.25 14:17:29.244,1.24962,1.24965,1.20,1.00
2016.04.25 14:17:29.782,1.24962,1.24966,1.20,1.50
2016.04.25 14:17:30.886,1.24961,1.24965,3.07,1.00
2016.04.25 14:17:31.189,1.24964,1.24965,1.12,1.00
2016.04.25 14:17:32.247,1.24964,1.24966,1.12,1.00
2016.04.25 14:17:32.907,1.24964,1.24967,1.12,1.00
2016.04.25 14:17:33.882,1.24962,1.24967,2.70,1.00
2016.04.25 14:17:34.347,1.24962,1.24965,1.12,1.00
2016.04.25 14:17:34.398,1.24962,1.24966,1.12,1.00
2016.04.25 14:17:34.735,1.24962,1.24964,1.12,1.00
2016.04.25 14:17:34.837,1.24959,1.24962,1.84,1.00
2016.04.25 14:17:34.939,1.24959,1.24961,1.10,1.00
2016.04.25 14:17:34.990,1.24956,1.2496,3.71,1.00
2016.04.25 14:17:35.546,1.24956,1.24961,4.12,1.00
2016.04.25 14:17:35.745,1.24959,1.24961,1.12,1.00
2016.04.25 14:17:37.303,1.2496,1.24961,1.12,1.00
2016.04.25 14:17:37.506,1.24956,1.2496,1.39,1.50
2016.04.25 14:17:37.708,1.24958,1.2496,1.50,1.50
2016.04.25 14:17:38.350,1.24959,1.24961,1.50,1.00
2016.04.25 14:17:38.654,1.24954,1.24957,7.12,1.00
2016.04.25 14:17:39.009,1.24952,1.24956,3.82,1.00
2016.04.25 14:17:39.111,1.24953,1.24955,1.57,1.00
2016.04.25 14:17:39.629,1.24952,1.24954,1.69,1.00
2016.04.25 14:17:40.390,1.24953,1.24955,1.50,1.50
2016.04.25 14:17:40.662,1.24954,1.24958,1.37,1.00
2016.04.25 14:17:41.271,1.24954,1.24959,2.62,1.00
2016.04.25 14:17:41.473,1.24954,1.2496,2.22,1.00
2016.04.25 14:17:42.460,1.24956,1.24959,1.12,1.00
2016.04.25 14:17:42.576,1.24956,1.2496,1.00,1.00
2016.04.25 14:17:43.011,1.24956,1.24958,1.00,1.00
2016.04.25 14:17:43.213,1.24953,1.24956,2.07,1.00
2016.04.25 14:17:43.678,1.24951,1.24955,1.95,1.00
2016.04.25 14:17:43.990,1.24952,1.24957,1.69,1.00
2016.04.25 14:17:44.496,1.24952,1.24957,2.44,1.00
2016.04.25 14:17:45.132,1.24952,1.24957,4.09,1.00
2016.04.25 14:17:45.766,1.24954,1.24957,3.57,1.00
2016.04.25 14:17:46.434,1.24954,1.24957,3.19,1.00
2016.04.25 14:17:47.482,1.24954,1.24957,3.57,1.00
2016.04.25 14:17:47.583,1.24954,1.24959,3.57,1.00
2016.04.25 14:17:48.089,1.24954,1.24959,2.70,1.00
2016.04.25 14:17:48.689,1.24954,1.24959,2.32,1.00
2016.04.25 14:17:49.470,1.24954,1.24959,1.57,1.00
2016.04.25 14:17:50.276,1.24954,1.24959,1.95,1.00
2016.04.25 14:17:50.822,1.24954,1.24959,2.32,1.00
2016.04.25 14:17:51.498,1.24954,1.24959,4.06,1.00
2016.04.25 14:17:52.216,1.24954,1.24959,3.61,1.00
2016.04.25 14:17:52.891,1.24954,1.24959,2.25,1.00
2016.04.25 14:17:53.402,1.24954,1.24958,2.25,1.00
2016.04.25 14:17:54.105,1.24954,1.24958,4.50,1.00
2016.04.25 14:17:54.560,1.24952,1.24957,3.37,1.00
2016.04.25 14:17:54.793,1.24952,1.24957,1.50,1.00
2016.04.25 14:17:55.308,1.24952,1.24957,1.37,1.00
2016.04.25 14:17:55.813,1.24952,1.24957,1.00,1.00
2016.04.25 14:17:56.611,1.24952,1.24957,1.50,1.00
2016.04.25 14:17:57.139,1.24953,1.24957,2.81,1.00
2016.04.25 14:17:57.190,1.24953,1.24959,2.06,1.00
2016.04.25 14:17:57.443,1.24954,1.2496,1.87,1.00
2016.04.25 14:17:57.697,1.24956,1.24962,1.00,2.31
2016.04.25 14:17:57.748,1.24955,1.24962,3.00,2.16
2016.04.25 14:17:59.802,1.24955,1.24961,1.87,1.00
2016.04.25 14:17:59.854,1.24956,1.24961,1.00,1.00
2016.04.25 14:18:00.360,1.24953,1.24962,2.32,1.10
2016.04.25 14:18:01.139,1.24953,1.24963,4.12,4.56
2016.04.25 14:18:01.824,1.24954,1.24963,1.57,2.77
2016.04.25 14:18:02.381,1.24955,1.24965,1.27,10.97
2016.04.25 14:18:02.886,1.24955,1.24963,1.00,2.68
2016.04.25 14:18:03.395,1.24955,1.24964,3.37,1.37
2016.04.25 14:18:03.904,1.24955,1.24965,4.87,4.65
2016.04.25 14:18:04.207,1.24954,1.24961,1.07,1.00
2016.04.25 14:18:04.359,1.24953,1.24961,1.35,1.50
2016.04.25 14:18:04.914,1.24953,1.24959,1.27,1.00
2016.04.25 14:18:05.449,1.24954,1.2496,1.00,1.27
2016.04.25 14:18:06.188,1.24953,1.2496,1.00,1.27
2016.04.25 14:18:06.500,1.24955,1.24961,1.12,2.25
2016.04.25 14:18:06.601,1.24955,1.24964,1.00,3.94
2016.04.25 14:18:07.113,1.24956,1.24964,1.12,2.40
2016.04.25 14:18:07.777,1.24956,1.24965,2.40,2.02
2016.04.25 14:18:08.394,1.24955,1.24963,2.32,1.00
2016.04.25 14:18:08.772,1.24955,1.24965,1.10,3.64
2016.04.25 14:18:09.176,1.24959,1.24965,1.00,1.84
2016.04.25 14:18:09.479,1.24959,1.24963,1.00,2.06
2016.04.25 14:18:09.530,1.24957,1.24963,1.00,2.06
2016.04.25 14:18:10.045,1.24956,1.24963,1.50,1.12
2016.04.25 14:18:10.702,1.24957,1.24965,1.00,2.21
2016.04.25 14:18:10.973,1.24957,1.24966,2.25,1.00
2016.04.25 14:18:11.176,1.24959,1.24968,1.00,3.82
2016.04.25 14:18:11.681,1.24957,1.24966,3.45,1.37
2016.04.25 14:18:12.281,1.24957,1.24966,2.31,1.95
2016.04.25 14:18:12.584,1.24954,1.24964,1.50,4.65
2016.04.25 14:18:13.133,1.24954,1.24964,1.50,5.21
2016.04.25 14:18:13.908,1.24954,1.24964,1.50,4.27
2016.04.25 14:18:14.312,1.24954,1.24962,1.69,1.94
2016.04.25 14:18:14.692,1.24953,1.24962,1.50,1.50
2016.04.25 14:18:15.198,1.24953,1.24963,1.50,2.02
2016.04.25 14:18:15.812,1.24954,1.24963,1.20,1.20
2016.04.25 14:18:16.194,1.24954,1.24961,1.09,1.25
2016.04.25 14:18:16.497,1.24949,1.24954,1.00,2.06
2016.04.25 14:18:16.846,1.24949,1.24955,1.00,3.45
2016.04.25 14:18:17.352,1.24949,1.24955,1.00,1.87
2016.04.25 14:18:17.757,1.24949,1.24956,1.00,1.00
2016.04.25 14:18:18.267,1.24948,1.24956,1.71,1.00
2016.04.25 14:18:18.774,1.24948,1.24956,2.50,1.12
2016.04.25 14:18:19.522,1.24949,1.24956,1.28,1.50
2016.04.25 14:18:19.724,1.24949,1.24957,1.63,1.00
2016.04.25 14:18:19.927,1.2495,1.24957,1.10,3.37
2016.04.25 14:18:20.113,1.2495,1.24956,1.10,1.00
2016.04.25 14:18:20.618,1.24951,1.24957,1.08,1.50
2016.04.25 14:18:20.821,1.2495,1.24959,2.38,2.32
2016.04.25 14:18:21.124,1.24951,1.24959,1.15,2.25
2016.04.25 14:18:21.629,1.2495,1.24959,2.38,2.25
2016.04.25 14:18:21.932,1.24954,1.24959,1.00,1.69
2016.04.25 14:18:22.135,1.24954,1.24962,5.38,1.12
2016.04.25 14:18:22.338,1.24954,1.24963,1.65,1.20
2016.04.25 14:18:22.440,1.24954,1.24963,1.65,2.40
2016.04.25 14:18:22.744,1.24952,1.24962,2.25,2.40
2016.04.25 14:18:23.322,1.24953,1.24961,1.50,1.50
2016.04.25 14:18:23.947,1.24951,1.24961,2.40,3.85
2016.04.25 14:18:24.461,1.24951,1.24961,2.40,4.23
2016.04.25 14:18:25.016,1.24951,1.24958,1.00,1.37
2016.04.25 14:18:25.219,1.24949,1.24957,2.02,2.44
2016.04.25 14:18:25.523,1.24946,1.24956,1.65,4.50
2016.04.25 14:18:25.581,1.24948,1.24956,1.00,2.62
2016.04.25 14:18:26.087,1.24948,1.24955,1.00,2.40
2016.04.25 14:18:26.592,1.24949,1.24957,1.00,4.01
2016.04.25 14:18:27.096,1.24949,1.24957,1.00,3.64
2016.04.25 14:18:27.641,1.24949,1.24955,1.00,1.50
2016.04.25 14:18:28.745,1.24949,1.24955,1.00,1.37
2016.04.25 14:18:29.292,1.24948,1.24955,1.50,1.12
2016.04.25 14:18:29.596,1.24951,1.24958,1.18,1.50
2016.04.25 14:18:29.697,1.24951,1.2496,1.63,2.81
2016.04.25 14:18:29.850,1.24951,1.24957,1.15,1.87
2016.04.25 14:18:30.033,1.24949,1.24956,2.38,1.12
2016.04.25 14:18:30.343,1.24952,1.24959,1.00,1.12
2016.04.25 14:18:30.495,1.24953,1.24961,1.12,1.12
2016.04.25 14:18:30.547,1.24953,1.24962,1.87,1.25
2016.04.25 14:18:31.073,1.24954,1.24962,1.50,1.12
2016.04.25 14:18:31.857,1.24953,1.24962,1.57,1.12
2016.04.25 14:18:31.959,1.24957,1.24964,1.50,1.10
2016.04.25 14:18:32.383,1.24954,1.24963,2.77,1.20
2016.04.25 14:18:32.891,1.24955,1.24963,1.50,1.27
2016.04.25 14:18:33.396,1.24954,1.24963,3.15,1.65
2016.04.25 14:18:33.968,1.24954,1.24964,6.90,4.12
2016.04.25 14:18:34.170,1.24954,1.24963,2.32,2.73
2016.04.25 14:18:34.272,1.24953,1.24963,1.18,4.39
2016.04.25 14:18:34.821,1.24953,1.24962,1.18,1.10
2016.04.25 14:18:35.079,1.24952,1.2496,1.57,1.14
2016.04.25 14:18:35.131,1.24951,1.2496,2.70,1.24
2016.04.25 14:18:35.284,1.24951,1.2496,1.50,3.18
2016.04.25 14:18:35.774,1.2495,1.24957,1.00,3.82
2016.04.25 14:18:36.279,1.24949,1.24956,1.00,2.02
2016.04.25 14:18:36.818,1.24949,1.24956,1.00,1.50
2016.04.25 14:18:37.319,1.24949,1.24956,1.00,5.24
2016.04.25 14:18:37.623,1.24949,1.24953,1.00,1.10
2016.04.25 14:18:38.129,1.24948,1.24954,1.00,1.50
2016.04.25 14:18:38.634,1.24949,1.24956,1.00,2.51
2016.04.25 14:18:39.487,1.24949,1.24957,1.32,2.62
2016.04.25 14:18:39.992,1.24949,1.24956,1.74,1.50
2016.04.25 14:18:40.497,1.24949,1.24955,1.32,2.25
2016.04.25 14:18:41.007,1.24949,1.24955,1.32,3.00
2016.04.25 14:18:41.354,1.24949,1.24954,1.00,2.32
2016.04.25 14:18:41.658,1.24949,1.24953,1.00,3.75
2016.04.25 14:18:42.344,1.24948,1.24953,1.00,7.20
2016.04.25 14:18:42.647,1.24949,1.24954,1.00,2.96
2016.04.25 14:18:43.457,1.24949,1.24954,1.00,1.12
2016.04.25 14:18:43.983,1.24949,1.24955,1.00,2.59
2016.04.25 14:18:44.489,1.24949,1.24956,2.25,1.50
2016.04.25 14:18:44.742,1.24949,1.24956,2.25,1.75
2016.04.25 14:18:44.844,1.24948,1.24955,1.00,1.65
2016.04.25 14:18:45.349,1.24948,1.24955,1.00,1.20
2016.04.25 14:18:45.711,1.24949,1.24955,1.00,2.25
2016.04.25 14:18:46.217,1.24948,1.24956,1.00,4.15
2016.04.25 14:18:46.718,1.24948,1.24955,1.00,2.56
2016.04.25 14:18:47.233,1.24949,1.24955,1.00,1.20
2016.04.25 14:18:48.342,1.24949,1.24956,1.00,1.95
2016.04.25 14:18:48.947,1.2495,1.24958,3.75,2.25
2016.04.25 14:18:48.998,1.2495,1.24958,3.90,1.12
2016.04.25 14:18:49.505,1.2495,1.24959,8.14,1.00
2016.04.25 14:18:50.010,1.24952,1.2496,1.00,3.07
2016.04.25 14:18:50.551,1.24952,1.2496,1.00,4.50
2016.04.25 14:18:50.753,1.2495,1.2496,11.62,1.12
2016.04.25 14:18:50.855,1.24954,1.2496,1.00,1.00
2016.04.25 14:18:51.158,1.24956,1.24962,1.00,4.89
2016.04.25 14:18:51.310,1.24958,1.24964,1.00,1.10
2016.04.25 14:18:51.361,1.24958,1.24965,1.00,3.64
2016.04.25 14:18:51.652,1.24954,1.24963,2.56,1.95
2016.04.25 14:18:51.855,1.24958,1.24963,1.00,1.07
2016.04.25 14:18:51.957,1.24958,1.24965,1.00,1.57
2016.04.25 14:18:52.159,1.2496,1.24966,1.00,1.00
2016.04.25 14:18:52.462,1.24957,1.24963,1.50,1.75
2016.04.25 14:18:52.513,1.24955,1.24963,1.57,1.85
2016.04.25 14:18:52.565,1.24958,1.24963,1.00,1.95
2016.04.25 14:18:52.666,1.24955,1.24963,1.57,3.31
2016.04.25 14:18:53.962,1.24954,1.24961,1.20,1.20
2016.04.25 14:18:54.468,1.24955,1.24961,1.20,1.00
2016.04.25 14:18:55.335,1.24955,1.24962,1.20,1.00
2016.04.25 14:18:56.728,1.24956,1.24962,2.25,1.00
2016.04.25 14:18:56.981,1.24956,1.24961,1.50,1.37
2016.04.25 14:18:57.335,1.24956,1.24962,1.50,1.95
2016.04.25 14:18:57.856,1.24956,1.24963,2.25,1.20
2016.04.25 14:18:58.398,1.24956,1.24964,1.50,1.84
2016.04.25 14:18:58.903,1.24956,1.24965,3.75,6.94
2016.04.25 14:18:59.059,1.24956,1.24964,3.94,1.09
2016.04.25 14:18:59.362,1.24956,1.24961,1.00,2.51
2016.04.25 14:18:59.666,1.24956,1.24962,2.25,1.10
2016.04.25 14:19:00.208,1.24955,1.24963,2.32,1.57
2016.04.25 14:19:00.723,1.24955,1.24964,5.25,1.09
2016.04.25 14:19:00.878,1.24955,1.24965,6.00,8.44
2016.04.25 14:19:00.929,1.24955,1.24965,6.00,8.44
2016.04.25 14:19:01.439,1.24957,1.24964,2.25,1.46
2016.04.25 14:19:02.398,1.24957,1.24965,2.25,6.75
2016.04.25 14:19:02.711,1.24959,1.24965,1.12,1.50
2016.04.25 14:19:02.762,1.24958,1.24967,2.25,1.65
2016.04.25 14:19:03.216,1.24959,1.24967,1.50,2.25
2016.04.25 14:19:04.140,1.24959,1.24966,2.25,1.00
2016.04.25 14:19:04.443,1.24959,1.24965,1.50,3.00
2016.04.25 14:19:04.494,1.24957,1.24963,1.00,1.00
2016.04.25 14:19:04.546,1.24955,1.24963,1.65,1.00
2016.04.25 14:19:04.950,1.24954,1.24962,1.00,1.45
2016.04.25 14:19:05.456,1.24955,1.24962,1.00,1.57
2016.04.25 14:19:05.507,1.24953,1.24962,3.07,1.57
2016.04.25 14:19:06.014,1.24954,1.24961,1.12,1.87
2016.04.25 14:19:07.252,1.24953,1.24961,2.62,2.25
2016.04.25 14:19:07.990,1.24954,1.24961,1.12,2.06
2016.04.25 14:19:08.496,1.24954,1.24962,1.27,1.50
2016.04.25 14:19:09.335,1.24955,1.24962,1.00,1.50
2016.04.25 14:19:09.706,1.24954,1.24963,1.57,1.57
2016.04.25 14:19:10.060,1.24954,1.24963,1.95,2.14
2016.04.25 14:19:10.397,1.24954,1.24961,1.95,1.19
2016.04.25 14:19:10.700,1.24953,1.24956,2.32,1.00
2016.04.25 14:19:10.903,1.24948,1.24957,1.57,4.01
2016.04.25 14:19:11.408,1.24949,1.24956,1.10,1.39
2016.04.25 14:19:11.559,1.24949,1.24956,1.10,1.76
2016.04.25 14:19:12.068,1.24949,1.24956,1.50,1.57
2016.04.25 14:19:12.169,1.24949,1.24957,2.02,1.00
2016.04.25 14:19:12.612,1.24951,1.24958,1.00,3.19
2016.04.25 14:19:13.270,1.24951,1.24958,1.20,1.84
2016.04.25 14:19:13.472,1.24951,1.2496,3.45,1.76
2016.04.25 14:19:13.705,1.24954,1.24961,1.37,1.09
2016.04.25 14:19:13.909,1.24955,1.24963,2.62,1.50
2016.04.25 14:19:14.061,1.24955,1.24963,1.87,1.50
2016.04.25 14:19:14.365,1.24957,1.24963,1.37,1.00
2016.04.25 14:19:14.517,1.24958,1.24966,2.70,1.50
2016.04.25 14:19:14.618,1.2496,1.24967,1.07,1.19
2016.04.25 14:19:14.770,1.24958,1.24967,3.94,2.59
2016.04.25 14:19:15.313,1.24958,1.24967,2.62,1.39
2016.04.25 14:19:17.069,1.2496,1.24967,1.00,1.39
2016.04.25 14:19:17.570,1.24958,1.24965,1.50,1.00
2016.04.25 14:19:18.278,1.24957,1.24965,1.07,1.87
2016.04.25 14:19:18.836,1.24959,1.24965,1.00,1.50
2016.04.25 14:19:19.038,1.24961,1.24966,1.20,1.00
2016.04.25 14:19:19.089,1.24961,1.24968,2.02,1.69
2016.04.25 14:19:19.444,1.24961,1.2497,4.12,1.00
2016.04.25 14:19:20.237,1.24962,1.2497,1.07,1.87
2016.04.25 14:19:20.490,1.24964,1.2497,1.07,1.50
2016.04.25 14:19:21.190,1.24964,1.2497,1.57,2.81
2016.04.25 14:19:21.695,1.24964,1.2497,1.00,1.69
2016.04.25 14:19:22.290,1.24966,1.24969,1.00,1.19
2016.04.25 14:19:22.391,1.24967,1.2497,1.00,1.57
2016.04.25 14:19:22.493,1.24968,1.24972,1.00,1.00
2016.04.25 14:19:22.594,1.2497,1.24972,1.00,1.00
2016.04.25 14:19:22.696,1.24971,1.24976,1.00,1.69
2016.04.25 14:19:22.848,1.24973,1.24975,1.00,1.00
2016.04.25 14:19:22.901,1.24973,1.24977,1.00,1.25
2016.04.25 14:19:22.952,1.24973,1.24977,1.00,1.69
2016.04.25 14:19:23.054,1.24973,1.24978,1.00,1.20
2016.04.25 14:19:23.559,1.24974,1.24979,1.00,1.20
2016.04.25 14:19:23.812,1.24972,1.24978,1.10,1.87
2016.04.25 14:19:23.914,1.24973,1.24976,1.00,1.00
2016.04.25 14:19:24.067,1.24974,1.24979,1.00,1.10
2016.04.25 14:19:24.522,1.24976,1.24979,1.00,1.00
2016.04.25 14:19:24.573,1.24975,1.24979,2.25,1.00
2016.04.25 14:19:24.826,1.24974,1.24981,1.07,2.25
2016.04.25 14:19:24.929,1.24973,1.2498,1.10,1.00
2016.04.25 14:19:25.081,1.24975,1.2498,1.00,1.50
2016.04.25 14:19:25.535,1.24972,1.2498,1.57,1.12
2016.04.25 14:19:25.586,1.24972,1.24977,1.07,1.00
2016.04.25 14:19:25.839,1.24967,1.24972,1.57,2.62
2016.04.25 14:19:26.060,1.24963,1.24971,1.20,3.75
2016.04.25 14:19:26.987,1.24965,1.24971,1.00,1.50
2016.04.25 14:19:27.088,1.24965,1.24973,1.00,2.70
2016.04.25 14:19:27.393,1.24964,1.2497,1.00,1.50
2016.04.25 14:19:27.545,1.24962,1.2497,2.21,1.50
2016.04.25 14:19:28.220,1.24962,1.24968,3.94,1.50
2016.04.25 14:19:28.725,1.24962,1.24969,3.94,1.50
2016.04.25 14:19:29.045,1.24965,1.24969,1.00,1.50
2016.04.25 14:19:29.594,1.24965,1.2497,1.50,1.50
2016.04.25 14:19:30.067,1.24962,1.24966,3.56,1.00
2016.04.25 14:19:30.579,1.24962,1.24966,2.62,1.50
2016.04.25 14:19:31.212,1.24961,1.24966,1.00,2.62
2016.04.25 14:19:33.667,1.2496,1.24966,1.00,2.25
2016.04.25 14:19:34.172,1.24961,1.24965,1.00,1.07
2016.04.25 14:19:34.324,1.24961,1.24966,1.00,1.20
2016.04.25 14:19:34.527,1.24964,1.24967,1.00,1.57
2016.04.25 14:19:34.578,1.24962,1.24967,1.00,1.20
2016.04.25 14:19:34.628,1.24964,1.24967,1.00,1.20
2016.04.25 14:19:34.831,1.24967,1.24971,1.00,1.00
2016.04.25 14:19:34.932,1.24967,1.24974,1.20,1.12
2016.04.25 14:19:35.463,1.24967,1.24975,1.27,1.20
2016.04.25 14:19:35.666,1.24968,1.24975,1.50,1.00
2016.04.25 14:19:36.425,1.24967,1.24976,2.44,4.12
2016.04.25 14:19:36.730,1.24966,1.24974,1.50,2.02
2016.04.25 14:19:37.249,1.24965,1.24973,1.20,1.77
2016.04.25 14:19:37.603,1.24964,1.24973,1.20,2.07
2016.04.25 14:19:37.862,1.24964,1.24969,1.07,2.07
2016.04.25 14:19:37.964,1.24961,1.24969,1.76,2.14
2016.04.25 14:19:38.216,1.2496,1.2497,3.26,3.45
2016.04.25 14:19:39.314,1.2496,1.24968,2.89,1.50
2016.04.25 14:19:39.516,1.24958,1.24966,1.76,1.69
2016.04.25 14:19:39.617,1.24957,1.24965,1.19,2.25
2016.04.25 14:19:39.668,1.24956,1.24965,1.65,1.50
2016.04.25 14:19:39.719,1.24957,1.24966,1.07,2.89
2016.04.25 14:19:40.234,1.24957,1.24966,2.32,2.32
2016.04.25 14:19:41.627,1.24957,1.24966,2.51,1.07
2016.04.25 14:19:42.650,1.24958,1.24966,1.50,1.07
2016.04.25 14:19:43.230,1.24958,1.24966,1.12,1.07
2016.04.25 14:19:43.925,1.24957,1.24966,3.07,1.07
2016.04.25 14:19:44.542,1.24957,1.24966,1.95,1.45
2016.04.25 14:19:45.199,1.24957,1.24966,3.26,1.39
2016.04.25 14:19:45.646,1.2496,1.24967,1.65,1.12
2016.04.25 14:19:45.748,1.2496,1.24969,2.77,1.87
2016.04.25 14:19:46.255,1.24961,1.24969,1.50,2.25
2016.04.25 14:19:46.801,1.24961,1.24969,1.87,1.50
2016.04.25 14:19:47.314,1.24961,1.24969,1.87,1.87
2016.04.25 14:19:49.453,1.24961,1.24969,1.87,1.50
2016.04.25 14:19:49.756,1.24963,1.24972,1.47,1.95
2016.04.25 14:19:51.673,1.24963,1.24972,1.57,1.20
2016.04.25 14:19:52.181,1.24962,1.24972,4.01,1.57
2016.04.25 14:19:53.381,1.24964,1.24973,4.65,1.87
2016.04.25 14:19:53.904,1.24964,1.24973,1.69,1.09
2016.04.25 14:19:53.955,1.24965,1.24973,1.69,1.09
2016.04.25 14:19:54.208,1.24966,1.24975,3.00,1.27
2016.04.25 14:19:54.360,1.24966,1.24973,1.00,1.07
2016.04.25 14:19:54.562,1.24964,1.24973,2.32,1.95
2016.04.25 14:19:55.077,1.24965,1.24973,1.50,3.07
2016.04.25 14:19:55.384,1.24965,1.24971,1.00,1.37
2016.04.25 14:19:55.435,1.24963,1.24969,1.69,1.37
2016.04.25 14:19:55.587,1.2496,1.2497,7.50,4.50
2016.04.25 14:19:56.133,1.24962,1.24971,1.57,1.57
2016.04.25 14:19:56.638,1.24961,1.24971,3.82,3.82
2016.04.25 14:19:56.991,1.24963,1.24971,1.37,2.32
2016.04.25 14:19:57.326,1.24963,1.24968,1.00,2.62
2016.04.25 14:19:57.378,1.24961,1.24967,1.50,1.57
2016.04.25 14:19:57.481,1.24959,1.24966,1.00,1.20
2016.04.25 14:19:57.633,1.2496,1.24964,1.00,1.20
2016.04.25 14:19:57.684,1.24958,1.24964,1.00,1.45
2016.04.25 14:19:57.937,1.24956,1.24964,2.62,1.65
2016.04.25 14:19:58.291,1.24956,1.24961,1.00,1.12
2016.04.25 14:19:58.730,1.24956,1.24959,1.00,1.07
2016.04.25 14:19:59.235,1.24955,1.24959,1.00,1.07
2016.04.25 14:19:59.538,1.24953,1.24958,1.00,1.50
2016.04.25 14:20:00.043,1.24951,1.24957,1.00,1.07
2016.04.25 14:20:00.396,1.24951,1.24957,1.00,1.95
2016.04.25 14:20:00.548,1.24951,1.24957,1.00,2.06
2016.04.25 14:20:00.853,1.24949,1.24957,1.50,5.97
2016.04.25 14:20:01.356,1.24949,1.24956,1.00,1.92
2016.04.25 14:20:01.459,1.24949,1.24952,1.00,1.00
2016.04.25 14:20:01.560,1.24949,1.24954,1.00,1.86
2016.04.25 14:20:01.611,1.24949,1.24951,1.00,1.50
2016.04.25 14:20:02.149,1.24949,1.24952,1.00,1.07
2016.04.25 14:20:02.504,1.24948,1.24955,1.37,1.50
2016.04.25 14:20:02.555,1.24951,1.24955,1.00,1.50
2016.04.25 14:20:02.807,1.24954,1.24959,1.00,1.10
2016.04.25 14:20:02.909,1.24956,1.2496,1.00,1.10
2016.04.25 14:20:03.495,1.24955,1.24961,1.00,1.95
2016.04.25 14:20:04.102,1.24955,1.24961,1.00,3.75
2016.04.25 14:20:04.434,1.24952,1.24961,4.36,3.75
2016.04.25 14:20:04.939,1.24953,1.24961,2.26,3.37
2016.04.25 14:20:06.365,1.24953,1.24961,3.20,3.37
2016.04.25 14:20:07.071,1.24954,1.24961,2.11,3.00
2016.04.25 14:20:07.223,1.24954,1.24964,3.43,7.31
2016.04.25 14:20:07.577,1.24953,1.24958,1.50,1.87
2016.04.25 14:20:07.679,1.24951,1.24958,4.14,3.75
2016.04.25 14:20:08.792,1.24952,1.24958,2.49,7.50
2016.04.25 14:20:09.145,1.24954,1.24958,1.00,3.90
2016.04.25 14:20:09.650,1.24954,1.2496,1.50,1.20
2016.04.25 14:20:10.151,1.24954,1.2496,1.00,1.95
2016.04.25 14:20:11.368,1.24956,1.24961,1.00,4.20
2016.04.25 14:20:11.520,1.24957,1.24964,1.12,1.07
2016.04.25 14:20:11.622,1.24958,1.24965,1.20,1.27
2016.04.25 14:20:11.775,1.24961,1.24966,1.00,2.25
2016.04.25 14:20:11.977,1.24965,1.2497,1.00,1.10
2016.04.25 14:20:12.482,1.24965,1.24973,1.50,5.62
2016.04.25 14:20:13.242,1.24964,1.24971,1.20,1.00
2016.04.25 14:20:13.909,1.24963,1.2497,3.75,1.00
2016.04.25 14:20:14.075,1.24967,1.24972,1.00,2.25
2016.04.25 14:20:14.433,1.24967,1.24974,1.27,1.50
2016.04.25 14:20:14.999,1.24967,1.24975,1.20,1.65
2016.04.25 14:20:15.354,1.24965,1.24974,2.21,1.37
2016.04.25 14:20:15.901,1.24967,1.24975,1.00,3.15
2016.04.25 14:20:16.002,1.24965,1.24975,2.02,3.52
2016.04.25 14:20:16.204,1.24967,1.24975,1.00,3.52
2016.04.25 14:20:16.508,1.24969,1.24976,1.00,2.81
2016.04.25 14:20:16.821,1.24973,1.2498,1.12,1.19
2016.04.25 14:20:17.823,1.24972,1.24982,4.12,2.44
2016.04.25 14:20:18.144,1.24974,1.24983,3.75,2.14
2016.04.25 14:20:18.245,1.24975,1.24983,1.20,2.96
2016.04.25 14:20:18.397,1.24974,1.24983,1.50,4.09
2016.04.25 14:20:18.901,1.24974,1.24982,1.10,2.14
2016.04.25 14:20:19.406,1.24974,1.24982,1.20,3.26
2016.04.25 14:20:19.559,1.24974,1.24981,1.20,1.39
2016.04.25 14:20:20.073,1.24975,1.24982,1.00,2.07
2016.04.25 14:20:20.578,1.24974,1.24981,1.10,1.66
2016.04.25 14:20:20.865,1.24978,1.24986,1.00,4.50
2016.04.25 14:20:21.068,1.24979,1.24986,1.00,1.57
2016.04.25 14:20:21.573,1.24978,1.24985,1.10,1.00
2016.04.25 14:20:22.100,1.24978,1.24987,1.10,4.57
2016.04.25 14:20:22.454,1.2498,1.24987,1.50,1.95
2016.04.25 14:20:22.606,1.24981,1.24989,1.10,3.82
2016.04.25 14:20:23.141,1.24984,1.24991,1.00,2.53
2016.04.25 14:20:23.445,1.24983,1.24992,2.40,3.75
2016.04.25 14:20:23.950,1.24984,1.24992,1.00,2.62
2016.04.25 14:20:24.435,1.24984,1.2499,1.00,2.16
2016.04.25 14:20:24.536,1.24985,1.24991,1.00,1.20
2016.04.25 14:20:24.588,1.24987,1.24992,1.00,1.00
2016.04.25 14:20:24.892,1.24992,1.24998,1.00,1.65
2016.04.25 14:20:25.394,1.24993,1.24999,1.00,1.75
2016.04.25 14:20:26.241,1.24992,1.24998,1.07,1.12
2016.04.25 14:20:26.343,1.24995,1.24998,1.00,1.50
2016.04.25 14:20:26.848,1.24995,1.25001,1.50,2.28
2016.04.25 14:20:26.950,1.24995,1.24999,1.00,1.90
2016.04.25 14:20:27.051,1.24992,1.24997,1.57,1.00
2016.04.25 14:20:27.558,1.24993,1.24998,1.00,1.04
2016.04.25 14:20:30.258,1.24993,1.24999,1.00,1.95
2016.04.25 14:20:30.808,1.24993,1.24999,1.00,3.90
2016.04.25 14:20:31.357,1.24992,1.24998,1.00,1.12
2016.04.25 14:20:31.711,1.24994,1.24998,1.00,1.12
2016.04.25 14:20:31.761,1.24991,1.24999,1.00,2.02
2016.04.25 14:20:32.287,1.24991,1.24999,1.20,1.65
2016.04.25 14:20:32.794,1.2499,1.24999,1.65,4.31
2016.04.25 14:20:33.565,1.2499,1.24999,1.65,3.56
2016.04.25 14:20:34.074,1.2499,1.24998,1.20,2.77
2016.04.25 14:20:34.592,1.24989,1.24997,1.50,1.75
2016.04.25 14:20:35.185,1.24989,1.24997,1.87,1.50
2016.04.25 14:20:35.714,1.24988,1.24996,2.02,1.12
2016.04.25 14:20:36.385,1.24989,1.24997,1.50,1.50
2016.04.25 14:20:36.936,1.24989,1.24997,1.87,2.50
2016.04.25 14:20:37.494,1.24989,1.24998,2.25,3.90
2016.04.25 14:20:38.032,1.2499,1.24998,1.27,2.40
2016.04.25 14:20:38.874,1.24989,1.24998,3.19,3.34
2016.04.25 14:20:39.403,1.24989,1.24998,3.00,2.40
2016.04.25 14:20:39.909,1.24989,1.24998,2.62,3.15
2016.04.25 14:20:40.415,1.24989,1.24997,2.25,2.25
2016.04.25 14:20:40.691,1.24989,1.24993,2.25,1.00
2016.04.25 14:20:40.792,1.24989,1.24996,1.00,1.31
2016.04.25 14:20:40.893,1.24989,1.24996,3.52,1.25
2016.04.25 14:20:42.064,1.24989,1.24996,3.14,1.25
2016.04.25 14:20:42.468,1.24991,1.24998,3.48,1.00
2016.04.25 14:20:42.670,1.24993,1.25001,3.33,2.70
2016.04.25 14:20:42.721,1.24993,1.25,3.33,1.19
2016.04.25 14:20:43.028,1.24993,1.25001,3.48,1.12
2016.04.25 14:20:43.482,1.24993,1.25001,3.48,2.81
2016.04.25 14:20:43.684,1.24993,1.25001,3.48,1.00
2016.04.25 14:20:44.195,1.24994,1.25001,3.33,1.20
2016.04.25 14:20:44.995,1.24994,1.25001,3.33,1.76
2016.04.25 14:20:45.299,1.24997,1.25002,3.33,1.31
2016.04.25 14:20:45.750,1.24997,1.25002,3.33,1.00
2016.04.25 14:20:46.003,1.24997,1.25002,3.33,1.69
2016.04.25 14:20:46.476,1.24993,1.25,4.08,1.12
2016.04.25 14:20:47.202,1.24996,1.25001,3.33,3.94
2016.04.25 14:20:47.922,1.24992,1.25,2.17,1.25
2016.04.25 14:20:47.974,1.24992,1.25,1.43,3.56
2016.04.25 14:20:48.278,1.24993,1.25,3.33,5.51
2016.04.25 14:20:49.325,1.24993,1.25,3.33,4.57
2016.04.25 14:20:49.870,1.24993,1.25,3.33,3.75
2016.04.25 14:20:49.971,1.24992,1.25,3.33,3.75
2016.04.25 14:20:50.509,1.24992,1.25,3.33,4.31
2016.04.25 14:20:51.314,1.24992,1.25,3.33,5.81
2016.04.25 14:20:52.114,1.24992,1.24998,3.33,1.25
2016.04.25 14:20:52.992,1.24993,1.25,3.33,4.01
2016.04.25 14:20:53.498,1.24992,1.25,4.83,1.50
2016.04.25 14:20:53.952,1.24992,1.25,4.08,3.34
2016.04.25 14:20:55.157,1.24992,1.24999,3.33,1.00
2016.04.25 14:20:56.377,1.24993,1.25,3.33,1.65
2016.04.25 14:20:56.479,1.24995,1.25,3.33,1.65
2016.04.25 14:20:56.867,1.24995,1.25002,5.58,1.47
2016.04.25 14:20:56.918,1.24998,1.25003,3.33,3.45
2016.04.25 14:20:57.221,1.24997,1.25003,3.00,5.62
2016.04.25 14:20:58.541,1.24999,1.25002,1.00,1.25
2016.04.25 14:20:58.693,1.24999,1.25003,1.00,2.06
2016.04.25 14:20:58.795,1.25,1.25003,1.00,1.87
2016.04.25 14:20:58.947,1.24997,1.25003,5.25,1.62
2016.04.25 14:20:59.049,1.24999,1.25003,1.00,1.62
2016.04.25 14:20:59.332,1.25001,1.25005,1.00,1.69
2016.04.25 14:20:59.585,1.24997,1.25005,1.76,2.06
2016.04.25 14:20:59.637,1.24997,1.25005,1.57,1.87
2016.04.25 14:20:59.940,1.25,1.25004,3.00,1.87
2016.04.25 14:21:00.244,1.25,1.25006,3.75,1.20
2016.04.25 14:21:00.346,1.24998,1.25007,1.00,3.45
2016.04.25 14:21:00.447,1.25,1.25004,1.00,1.00
2016.04.25 14:21:00.600,1.24997,1.25005,1.10,1.50
2016.04.25 14:21:01.105,1.24996,1.25004,1.20,1.50
2016.04.25 14:21:01.367,1.24996,1.25004,1.20,1.50
2016.04.25 14:21:01.776,1.24996,1.25004,1.20,1.12
2016.04.25 14:21:02.299,1.24996,1.25004,1.20,1.37
2016.04.25 14:21:02.350,1.24998,1.25004,1.00,1.50
2016.04.25 14:21:02.655,1.25,1.25006,3.00,2.44
2016.04.25 14:21:02.958,1.25,1.25008,3.75,2.32
2016.04.25 14:21:03.362,1.25,1.25007,3.00,1.75
2016.04.25 14:21:03.839,1.25001,1.25009,3.00,3.07
2016.04.25 14:21:04.357,1.25001,1.25008,3.00,1.66
2016.04.25 14:21:05.817,1.24998,1.25007,1.07,1.87
2016.04.25 14:21:06.322,1.24998,1.25006,4.57,1.50
2016.04.25 14:21:06.824,1.24998,1.25006,3.00,2.40
2016.04.25 14:21:07.602,1.24997,1.25005,1.09,1.00
2016.04.25 14:21:08.115,1.24996,1.25006,4.27,3.75
2016.04.25 14:21:08.217,1.25,1.25006,1.00,1.01
2016.04.25 14:21:08.722,1.25001,1.25009,1.50,1.19
2016.04.25 14:21:09.026,1.25001,1.25009,1.00,1.69
2016.04.25 14:21:09.077,1.25002,1.25009,1.37,1.69
2016.04.25 14:21:09.229,1.25004,1.25013,2.81,1.01
2016.04.25 14:21:09.330,1.25005,1.25012,1.50,1.69
2016.04.25 14:21:10.115,1.25003,1.25012,3.26,1.56
2016.04.25 14:21:10.630,1.25002,1.25011,1.29,2.14
2016.04.25 14:21:11.143,1.25002,1.25011,1.57,1.95
2016.04.25 14:21:11.685,1.25003,1.25011,1.12,1.95
2016.04.25 14:21:12.191,1.25003,1.25011,1.00,3.00
2016.04.25 14:21:13.691,1.25004,1.25011,1.00,1.87
2016.04.25 14:21:14.203,1.25003,1.25011,1.10,1.37
2016.04.25 14:21:14.506,1.25006,1.25012,1.12,2.51
2016.04.25 14:21:14.607,1.25007,1.25012,1.00,1.25
2016.04.25 14:21:14.809,1.25007,1.25015,2.25,1.20
2016.04.25 14:21:15.539,1.25009,1.25016,1.00,1.87
2016.04.25 14:21:15.946,1.25009,1.25017,1.37,1.00
2016.04.25 14:21:16.198,1.25012,1.25017,1.00,1.00
2016.04.25 14:21:16.560,1.25014,1.2502,1.12,1.39
2016.04.25 14:21:17.116,1.25014,1.25023,1.00,2.25
2016.04.25 14:21:17.651,1.25014,1.25023,1.10,1.57
2016.04.25 14:21:18.160,1.25013,1.25023,3.90,2.62
2016.04.25 14:21:18.211,1.25017,1.25023,1.00,2.62
2016.04.25 14:21:18.313,1.25015,1.25023,1.00,2.62
2016.04.25 14:21:18.465,1.25015,1.2502,1.87,1.25
2016.04.25 14:21:19.110,1.25015,1.25022,1.50,1.57
2016.04.25 14:21:19.616,1.25016,1.25022,1.00,1.87
2016.04.25 14:21:20.157,1.25015,1.25022,1.50,1.27
2016.04.25 14:21:22.660,1.25017,1.25023,1.00,1.69
2016.04.25 14:21:23.167,1.25018,1.25024,1.00,2.87
2016.04.25 14:21:23.679,1.25016,1.25024,1.00,3.32
2016.04.25 14:21:23.730,1.25016,1.25024,1.00,4.25
2016.04.25 14:21:24.082,1.25016,1.25024,1.12,1.89
2016.04.25 14:21:24.588,1.25019,1.25023,1.00,1.10
2016.04.25 14:21:25.045,1.25018,1.25025,1.12,1.50
2016.04.25 14:21:25.747,1.25016,1.25025,2.06,2.25
2016.04.25 14:21:26.252,1.25016,1.25025,4.27,2.02
2016.04.25 14:21:26.783,1.25017,1.25025,3.37,2.47
2016.04.25 14:21:27.238,1.25016,1.25024,1.41,1.27
2016.04.25 14:21:27.852,1.25019,1.25025,1.79,3.00
2016.04.25 14:21:28.156,1.25027,1.25032,2.72,1.00
2016.04.25 14:21:28.258,1.25027,1.25034,2.14,1.50
2016.04.25 14:21:29.296,1.25029,1.25034,1.69,1.00
2016.04.25 14:21:29.347,1.25029,1.25038,1.69,3.94
2016.04.25 14:21:29.803,1.25028,1.25035,2.80,1.00
2016.04.25 14:21:30.123,1.25028,1.25032,1.60,1.00
2016.04.25 14:21:30.376,1.25023,1.25027,2.91,1.00
2016.04.25 14:21:31.448,1.2502,1.25027,2.09,1.00
2016.04.25 14:21:32.688,1.2502,1.25027,2.62,1.00
2016.04.25 14:21:32.991,1.25018,1.25025,3.77,1.00
2016.04.25 14:21:33.294,1.2502,1.25027,1.69,1.00
2016.04.25 14:21:33.840,1.25019,1.25027,1.46,1.00
2016.04.25 14:21:35.058,1.25019,1.25027,1.28,1.50
2016.04.25 14:21:35.362,1.25016,1.25023,1.37,1.00
2016.04.25 14:21:35.767,1.25015,1.2502,3.32,1.00
2016.04.25 14:21:35.919,1.25015,1.25022,1.12,1.00
2016.04.25 14:21:36.380,1.25013,1.2502,1.19,1.00
2016.04.25 14:21:36.960,1.25014,1.2502,1.31,1.00
2016.04.25 14:21:37.466,1.25012,1.2502,4.90,1.00
2016.04.25 14:21:37.781,1.25015,1.25023,1.71,1.50
2016.04.25 14:21:37.983,1.25017,1.25023,1.31,1.00
2016.04.25 14:21:38.488,1.25017,1.25024,1.50,2.25
2016.04.25 14:21:38.916,1.25016,1.25023,1.50,1.00
2016.04.25 14:21:39.456,1.25016,1.25023,1.37,1.00
2016.04.25 14:21:40.612,1.25016,1.25023,1.12,1.00
2016.04.25 14:21:40.822,1.25017,1.25023,1.31,1.00
2016.04.25 14:21:41.912,1.25016,1.25025,5.89,1.57
2016.04.25 14:21:42.417,1.25017,1.25025,1.00,1.10
2016.04.25 14:21:42.518,1.25016,1.25026,6.64,2.70
2016.04.25 14:21:42.777,1.25016,1.25025,2.89,1.10
2016.04.25 14:21:42.866,1.25017,1.25026,1.37,2.70
2016.04.25 14:21:43.170,1.2502,1.25026,1.76,1.50
2016.04.25 14:21:43.323,1.2502,1.25028,1.84,1.50
2016.04.25 14:21:43.822,1.25025,1.25029,1.37,2.21
2016.04.25 14:21:43.925,1.25029,1.25031,1.25,1.00
2016.04.25 14:21:44.027,1.25028,1.25035,1.39,1.50
2016.04.25 14:21:44.129,1.25028,1.25036,1.07,3.37
2016.04.25 14:21:44.231,1.25028,1.25035,2.14,3.37
2016.04.25 14:21:44.736,1.25027,1.25034,1.50,1.00
2016.04.25 14:21:45.140,1.25025,1.25034,5.81,1.50
2016.04.25 14:21:45.647,1.25025,1.25034,5.81,2.25
2016.04.25 14:21:46.506,1.25025,1.25034,5.81,1.12
2016.04.25 14:21:47.141,1.25025,1.25034,3.94,1.87
2016.04.25 14:21:48.657,1.25026,1.25034,1.69,1.87
2016.04.25 14:21:48.859,1.25025,1.25033,1.87,1.57
2016.04.25 14:21:48.927,1.25025,1.25033,1.12,1.45
2016.04.25 14:21:49.029,1.25023,1.25029,1.12,1.00
2016.04.25 14:21:50.311,1.2502,1.25029,8.06,1.87
2016.04.25 14:21:51.496,1.25022,1.25029,1.39,1.12
2016.04.25 14:21:51.547,1.25022,1.25031,2.51,1.87
2016.04.25 14:21:51.850,1.25024,1.25032,1.50,1.50
2016.04.25 14:21:52.153,1.25026,1.25033,2.44,1.50
2016.04.25 14:21:52.457,1.25034,1.25038,1.00,3.15
2016.04.25 14:21:52.609,1.25032,1.2504,2.00,2.32
2016.04.25 14:21:53.114,1.25031,1.25038,4.01,1.00
2016.04.25 14:21:53.468,1.2503,1.25036,4.01,1.00
2016.04.25 14:21:54.019,1.2503,1.25036,1.39,1.00
2016.04.25 14:21:54.675,1.2503,1.25038,1.76,1.12
2016.04.25 14:21:55.223,1.25029,1.25038,3.64,2.25
2016.04.25 14:21:55.375,1.25029,1.25035,3.64,1.00
2016.04.25 14:21:55.905,1.2503,1.25035,1.19,1.00
2016.04.25 14:21:56.262,1.25029,1.25035,1.57,1.00
2016.04.25 14:21:56.684,1.2503,1.25032,1.00,1.50
2016.04.25 14:21:56.786,1.25025,1.25032,4.01,1.87
2016.04.25 14:21:56.887,1.25025,1.25028,1.00,1.00
2016.04.25 14:21:57.040,1.25023,1.25028,1.01,1.00
2016.04.25 14:21:57.242,1.25025,1.25028,1.00,1.00
2016.04.25 14:21:57.344,1.25022,1.25028,1.76,1.12
2016.04.25 14:21:57.773,1.25022,1.25026,1.26,1.00
2016.04.25 14:21:58.078,1.25019,1.25022,1.00,1.00
2016.04.25 14:21:58.331,1.25019,1.25023,1.69,1.00
2016.04.25 14:21:58.635,1.25017,1.25022,1.31,1.00
2016.04.25 14:21:59.141,1.25017,1.25023,3.94,1.00
2016.04.25 14:21:59.661,1.25017,1.25022,3.94,1.00
2016.04.25 14:21:59.864,1.25017,1.25019,1.00,1.00
2016.04.25 14:21:59.966,1.25015,1.25018,1.25,1.00
2016.04.25 14:22:00.487,1.25014,1.25019,1.25,1.00
2016.04.25 14:22:00.993,1.25014,1.2502,3.90,1.00
2016.04.25 14:22:01.497,1.25015,1.25022,3.94,1.00
2016.04.25 14:22:01.863,1.25017,1.25022,1.19,1.00
2016.04.25 14:22:02.486,1.25016,1.25022,1.25,1.00
2016.04.25 14:22:02.789,1.25017,1.25023,1.37,1.00
2016.04.25 14:22:02.953,1.25018,1.25026,2.59,1.00
2016.04.25 14:22:03.054,1.2502,1.25028,1.12,5.70
2016.04.25 14:22:03.512,1.25022,1.25028,1.19,4.95
2016.04.25 14:22:04.024,1.25022,1.25028,3.07,2.25
2016.04.25 14:22:04.387,1.25023,1.2503,1.75,1.00
2016.04.25 14:22:04.589,1.25024,1.25033,2.40,3.75
2016.04.25 14:22:05.096,1.25027,1.25033,1.31,3.00
2016.04.25 14:22:05.628,1.25025,1.25033,2.21,2.25
2016.04.25 14:22:06.155,1.25028,1.25033,1.19,3.37
2016.04.25 14:22:06.932,1.25025,1.25034,2.21,1.57
2016.04.25 14:22:07.453,1.25027,1.25034,1.19,1.20
2016.04.25 14:22:07.554,1.25027,1.25032,1.19,2.16
2016.04.25 14:22:08.144,1.25025,1.25033,5.59,2.16
2016.04.25 14:22:08.447,1.25029,1.25033,1.19,2.16
2016.04.25 14:22:09.857,1.25029,1.25034,1.19,2.54
2016.04.25 14:22:10.379,1.25029,1.25035,1.19,3.06
2016.04.25 14:22:10.857,1.25026,1.25033,1.84,1.50
2016.04.25 14:22:10.960,1.25024,1.2503,1.94,1.00
2016.04.25 14:22:11.479,1.25026,1.2503,1.19,1.00
2016.04.25 14:22:11.964,1.25023,1.25029,1.19,1.00
2016.04.25 14:22:12.798,1.25026,1.25029,1.00,1.00
2016.04.25 14:22:13.000,1.25028,1.2503,1.00,1.00
2016.04.25 14:22:13.051,1.25027,1.25032,1.25,1.00
2016.04.25 14:22:13.207,1.25029,1.25034,1.00,2.97
2016.04.25 14:22:13.611,1.25031,1.25035,1.00,1.00
2016.04.25 14:22:13.713,1.25029,1.25037,2.81,1.10
2016.04.25 14:22:13.965,1.2503,1.25035,2.25,1.00
2016.04.25 14:22:14.576,1.25031,1.25035,1.12,1.00
2016.04.25 14:22:14.728,1.25031,1.2504,1.27,1.65
2016.04.25 14:22:14.880,1.25034,1.25041,1.00,1.50
2016.04.25 14:22:15.387,1.25031,1.25039,1.46,1.37
2016.04.25 14:22:15.489,1.2503,1.25039,4.31,1.87
2016.04.25 14:22:15.990,1.25031,1.25039,2.44,1.87
2016.04.25 14:22:16.498,1.2503,1.25038,4.57,1.12
2016.04.25 14:22:16.998,1.2503,1.25036,1.32,1.12
2016.04.25 14:22:17.307,1.25029,1.25036,5.35,2.25
2016.04.25 14:22:17.518,1.25029,1.25036,5.35,1.50
2016.04.25 14:22:20.994,1.2503,1.25036,1.00,1.87
2016.04.25 14:22:21.297,1.25029,1.25037,2.99,2.62
2016.04.25 14:22:21.399,1.25033,1.25037,1.23,2.25
2016.04.25 14:22:21.601,1.25033,1.25039,1.61,1.00
2016.04.25 14:22:21.804,1.25033,1.25041,1.61,3.82
2016.04.25 14:22:22.335,1.25032,1.25041,1.76,5.43
2016.04.25 14:22:22.510,1.25035,1.25041,1.19,5.43
2016.04.25 14:22:22.662,1.25031,1.2504,5.89,1.00
2016.04.25 14:22:22.713,1.25033,1.2504,1.75,1.00
2016.04.25 14:22:23.117,1.25035,1.25042,1.25,1.57
2016.04.25 14:22:23.421,1.25034,1.25042,2.32,1.00
2016.04.25 14:22:23.931,1.25034,1.25043,2.14,1.10
2016.04.25 14:22:24.437,1.25035,1.25044,3.70,3.45
2016.04.25 14:22:24.980,1.25037,1.25044,1.25,2.70
2016.04.25 14:22:25.507,1.25035,1.25043,2.76,1.00
2016.04.25 14:22:25.709,1.25035,1.25043,1.87,1.65
2016.04.25 14:22:26.214,1.25034,1.25043,5.02,2.40
2016.04.25 14:22:26.746,1.25034,1.25043,3.52,2.02
2016.04.25 14:22:27.292,1.25035,1.25043,1.00,1.27
2016.04.25 14:22:27.595,1.25034,1.25041,1.20,1.00
2016.04.25 14:22:28.277,1.25035,1.25041,1.00,1.87
2016.04.25 14:22:28.647,1.25033,1.25041,2.21,2.62
2016.04.25 14:22:29.177,1.25032,1.2504,4.61,1.50
2016.04.25 14:22:29.834,1.25032,1.2504,2.02,1.87
2016.04.25 14:22:29.885,1.25032,1.2504,3.71,1.87
2016.04.25 14:22:30.340,1.25034,1.25042,3.48,1.00
2016.04.25 14:22:30.939,1.25035,1.25042,1.20,3.00
2016.04.25 14:22:31.394,1.25035,1.25043,3.07,2.62
2016.04.25 14:22:31.546,1.25033,1.25042,3.00,2.43
2016.04.25 14:22:31.850,1.25032,1.25038,1.10,1.00
2016.04.25 14:22:32.205,1.2503,1.25037,3.82,1.00
2016.04.25 14:22:32.431,1.2503,1.25037,4.57,1.00
2016.04.25 14:22:32.633,1.2503,1.25037,1.94,1.12
2016.04.25 14:22:32.785,1.25029,1.25034,1.50,1.00
2016.04.25 14:22:32.887,1.25028,1.25033,1.12,1.00
2016.04.25 14:22:32.988,1.25026,1.25033,1.65,1.50
2016.04.25 14:22:33.090,1.25025,1.25031,3.00,1.00
2016.04.25 14:22:33.977,1.25025,1.25031,2.81,1.00
2016.04.25 14:22:34.806,1.25025,1.25029,1.50,1.00
2016.04.25 14:22:34.857,1.25024,1.25029,1.50,1.25
2016.04.25 14:22:34.958,1.25021,1.25029,3.29,1.31
2016.04.25 14:22:35.110,1.25021,1.25025,1.69,1.00
2016.04.25 14:22:35.313,1.2502,1.25027,4.31,1.00
2016.04.25 14:22:35.818,1.2502,1.25027,1.87,1.00
2016.04.25 14:22:35.971,1.25019,1.25024,3.64,1.00
2016.04.25 14:22:36.484,1.25019,1.25025,3.19,1.00
2016.04.25 14:22:36.788,1.25019,1.25023,2.81,1.00
2016.04.25 14:22:37.522,1.2502,1.25025,3.34,1.00
2016.04.25 14:22:37.725,1.25021,1.25028,1.65,1.00
2016.04.25 14:22:38.324,1.25021,1.25028,2.77,1.00
2016.04.25 14:22:38.843,1.25021,1.25028,1.39,1.87
2016.04.25 14:22:39.602,1.2502,1.25027,10.46,1.00
2016.04.25 14:22:39.919,1.25018,1.25026,6.19,1.12
2016.04.25 14:22:40.375,1.25019,1.25023,1.01,1.00
2016.04.25 14:22:40.476,1.25019,1.25025,1.76,1.00
2016.04.25 14:22:40.932,1.25017,1.25023,1.69,1.00
2016.04.25 14:22:41.134,1.25014,1.25021,1.95,1.50
2016.04.25 14:22:41.236,1.25012,1.25021,2.87,1.50
2016.04.25 14:22:41.287,1.25015,1.25021,1.00,1.87
2016.04.25 14:22:41.800,1.25014,1.25021,3.37,1.50
2016.04.25 14:22:42.127,1.25015,1.25023,1.69,3.00
2016.04.25 14:22:42.533,1.25017,1.25025,1.52,1.69
2016.04.25 14:22:42.786,1.2502,1.25025,1.50,1.50
2016.04.25 14:22:42.937,1.2502,1.25028,1.87,1.65
2016.04.25 14:22:43.443,1.25021,1.25029,1.69,4.75
2016.04.25 14:22:43.949,1.25021,1.25029,3.75,2.31
2016.04.25 14:22:44.000,1.25023,1.25028,1.00,3.00
2016.04.25 14:22:44.109,1.25023,1.2503,1.00,8.25
2016.04.25 14:22:45.491,1.25022,1.2503,1.75,3.75
2016.04.25 14:22:46.604,1.25024,1.2503,1.69,1.00
2016.04.25 14:22:46.655,1.25023,1.25032,2.06,1.65
2016.04.25 14:22:47.479,1.25025,1.25032,1.00,1.50
2016.04.25 14:22:48.106,1.25024,1.25032,1.20,2.62
2016.04.25 14:22:48.642,1.25024,1.25031,1.00,1.50
2016.04.25 14:22:48.895,1.25026,1.25031,1.00,1.12
2016.04.25 14:22:49.400,1.25025,1.25031,1.08,1.95
2016.04.25 14:22:49.915,1.25023,1.25031,1.16,2.32
2016.04.25 14:22:50.280,1.25022,1.25028,3.14,1.00
2016.04.25 14:22:50.331,1.25021,1.25028,4.69,1.00
2016.04.25 14:22:50.867,1.25021,1.25029,3.32,1.10
2016.04.25 14:22:51.385,1.25021,1.25028,6.80,1.00
2016.04.25 14:22:51.899,1.25021,1.25029,6.80,1.00
2016.04.25 14:22:52.422,1.2502,1.25029,6.32,2.25
2016.04.25 14:22:52.473,1.2502,1.25029,5.64,2.25
2016.04.25 14:22:52.990,1.25021,1.25029,2.16,2.25
2016.04.25 14:22:54.343,1.25021,1.25028,2.54,1.00
2016.04.25 14:22:56.301,1.25021,1.25028,2.91,1.00
2016.04.25 14:22:56.803,1.25021,1.25028,3.85,1.00
2016.04.25 14:22:57.343,1.25023,1.25029,1.69,1.00
2016.04.25 14:22:57.861,1.25022,1.25029,3.94,1.00
2016.04.25 14:22:58.407,1.25021,1.2503,2.62,2.96
2016.04.25 14:22:58.962,1.25021,1.25029,3.00,1.00
2016.04.25 14:22:59.468,1.2502,1.25028,3.00,1.20
2016.04.25 14:23:00.137,1.25022,1.25029,1.12,3.37
2016.04.25 14:23:00.339,1.25022,1.25029,2.32,1.00
2016.04.25 14:23:00.866,1.25022,1.2503,1.95,1.87
2016.04.25 14:23:01.754,1.25022,1.2503,1.57,1.57
2016.04.25 14:23:02.275,1.25023,1.2503,1.69,1.57
2016.04.25 14:23:02.563,1.25023,1.2503,1.50,1.57
2016.04.25 14:23:03.974,1.25023,1.2503,1.65,1.50
2016.04.25 14:23:04.680,1.25025,1.25031,1.12,1.00
2016.04.25 14:23:05.376,1.25025,1.25032,1.00,1.65
2016.04.25 14:23:05.881,1.25025,1.25033,2.62,2.25
2016.04.25 14:23:07.373,1.25026,1.25033,1.09,2.06
2016.04.25 14:23:07.677,1.25026,1.25033,1.95,1.12
2016.04.25 14:23:08.188,1.25026,1.25034,2.51,1.00
2016.04.25 14:23:08.725,1.25026,1.25034,2.51,1.00
2016.04.25 14:23:09.275,1.25027,1.25034,1.29,1.00
2016.04.25 14:23:09.483,1.25026,1.25034,2.51,1.00
2016.04.25 14:23:09.992,1.25027,1.25035,1.45,1.57
2016.04.25 14:23:10.095,1.2503,1.25035,1.00,1.50
2016.04.25 14:23:10.248,1.25027,1.25035,1.07,3.00
2016.04.25 14:23:10.793,1.25027,1.25034,1.20,1.00
2016.04.25 14:23:10.894,1.25029,1.25034,1.00,1.00
2016.04.25 14:23:11.046,1.2503,1.25036,1.20,1.50
2016.04.25 14:23:11.300,1.2503,1.25034,1.07,1.00
2016.04.25 14:23:11.351,1.25027,1.25034,1.45,1.00
2016.04.25 14:23:11.604,1.25026,1.25033,1.20,1.00
2016.04.25 14:23:12.066,1.25025,1.2503,3.15,1.00
2016.04.25 14:23:12.370,1.25026,1.25031,1.85,1.00
2016.04.25 14:23:12.421,1.25029,1.25033,1.00,1.00
2016.04.25 14:23:12.941,1.25026,1.25033,3.07,1.00
2016.04.25 14:23:12.992,1.25026,1.25033,1.57,1.00
2016.04.25 14:23:13.497,1.25025,1.25034,4.20,1.57
2016.04.25 14:23:13.800,1.25026,1.25033,2.25,1.00
2016.04.25 14:23:14.106,1.25037,1.25039,1.50,1.00
2016.04.25 14:23:14.207,1.25037,1.25042,1.50,2.25
2016.04.25 14:23:14.733,1.25036,1.25042,1.07,1.12
2016.04.25 14:23:15.289,1.25036,1.2504,1.07,1.00
2016.04.25 14:23:15.391,1.25034,1.25039,1.07,1.00
2016.04.25 14:23:15.896,1.25033,1.25039,1.07,1.12
2016.04.25 14:23:17.109,1.25033,1.2504,1.32,2.62
2016.04.25 14:23:17.770,1.25033,1.25041,1.07,2.25
2016.04.25 14:23:18.272,1.25033,1.25041,3.45,1.87
2016.04.25 14:23:18.782,1.25033,1.25041,1.07,3.75
2016.04.25 14:23:18.883,1.25033,1.25041,1.07,3.00
2016.04.25 14:23:19.234,1.25033,1.2504,1.50,1.50
2016.04.25 14:23:19.739,1.2503,1.25039,5.44,1.50
2016.04.25 14:23:20.256,1.25031,1.25039,1.32,1.50
2016.04.25 14:23:20.804,1.25031,1.25037,1.32,1.37
2016.04.25 14:23:21.309,1.2503,1.25036,1.57,1.12
2016.04.25 14:23:23.321,1.25029,1.25036,1.95,1.37
2016.04.25 14:23:24.258,1.25029,1.25034,1.95,1.12
2016.04.25 14:23:25.089,1.25028,1.25034,1.20,1.00
2016.04.25 14:23:25.595,1.25026,1.25033,2.62,1.12
2016.04.25 14:23:26.885,1.25028,1.25033,1.32,1.00
2016.04.25 14:23:27.391,1.25027,1.25033,2.81,1.00
2016.04.25 14:23:27.997,1.25027,1.25035,3.64,1.50
2016.04.25 14:23:28.527,1.25028,1.25035,2.44,1.00
2016.04.25 14:23:28.831,1.2503,1.25035,1.50,1.00
2016.04.25 14:23:29.098,1.2503,1.25037,1.81,1.20
2016.04.25 14:23:29.648,1.25029,1.25038,2.06,1.84
2016.04.25 14:23:30.153,1.2503,1.25038,1.20,1.84
2016.04.25 14:23:30.254,1.2503,1.25038,2.02,1.84
2016.04.25 14:23:31.252,1.2503,1.25038,1.57,2.77
2016.04.25 14:23:31.556,1.25026,1.25035,1.09,2.77
2016.04.25 14:23:31.657,1.25025,1.25031,3.75,1.00
2016.04.25 14:23:31.809,1.25023,1.25031,3.19,1.65
2016.04.25 14:23:31.936,1.25024,1.25031,2.02,1.65
2016.04.25 14:23:33.610,1.25024,1.2503,3.37,1.00
2016.04.25 14:23:34.535,1.25025,1.2503,1.27,1.00
2016.04.25 14:23:35.050,1.25028,1.25032,1.31,1.10
2016.04.25 14:23:36.612,1.25028,1.25033,1.25,1.00
2016.04.25 14:23:37.248,1.25028,1.25031,1.25,1.00
2016.04.25 14:23:37.759,1.25028,1.25032,1.25,1.00
2016.04.25 14:23:38.340,1.25028,1.25033,1.25,1.00
2016.04.25 14:23:40.882,1.25026,1.25033,1.23,1.37
2016.04.25 14:23:41.085,1.25025,1.25033,3.14,1.50
2016.04.25 14:23:41.578,1.25025,1.25029,1.50,1.00
2016.04.25 14:23:42.087,1.25024,1.25029,1.50,1.00
2016.04.25 14:23:42.599,1.25024,1.2503,1.50,1.00
2016.04.25 14:23:44.636,1.25024,1.25031,1.50,1.25
2016.04.25 14:23:45.141,1.25023,1.25032,3.33,3.52
2016.04.25 14:23:45.737,1.25023,1.25032,2.91,2.77
2016.04.25 14:23:46.055,1.25018,1.25021,2.06,1.00
2016.04.25 14:23:46.207,1.25015,1.25023,1.65,2.21
2016.04.25 14:23:46.258,1.25015,1.25021,1.20,1.50
2016.04.25 14:23:46.564,1.25015,1.25023,3.81,1.65
2016.04.25 14:23:48.845,1.25015,1.25022,1.86,1.00
2016.04.25 14:23:49.719,1.25014,1.25022,1.69,1.37
2016.04.25 14:23:49.921,1.25014,1.25018,1.50,1.00
2016.04.25 14:23:51.021,1.25014,1.2502,1.50,1.31
2016.04.25 14:23:51.707,1.25016,1.25019,1.00,1.00
2016.04.25 14:23:52.212,1.25016,1.25021,1.00,4.65
2016.04.25 14:23:52.970,1.25016,1.25019,1.00,3.00
2016.04.25 14:23:54.362,1.25016,1.25021,1.00,3.75
2016.04.25 14:23:55.196,1.25016,1.2502,1.00,3.00
2016.04.25 14:23:55.758,1.25016,1.25021,1.00,1.31
2016.04.25 14:23:56.819,1.25015,1.25021,1.50,1.00
2016.04.25 14:23:56.971,1.25014,1.25018,1.00,1.00
2016.04.25 14:23:57.072,1.25012,1.25018,1.20,1.12
2016.04.25 14:23:57.325,1.2501,1.25015,1.20,1.00
2016.04.25 14:23:57.577,1.2501,1.25017,1.14,1.12
2016.04.25 14:23:58.096,1.25009,1.25014,1.50,1.00
2016.04.25 14:23:58.198,1.25005,1.25011,5.21,1.00
2016.04.25 14:23:58.301,1.25007,1.2501,1.00,1.00
2016.04.25 14:23:58.756,1.25009,1.25012,1.00,1.10
2016.04.25 14:23:59.506,1.2501,1.25012,1.00,1.00
2016.04.25 14:24:00.014,1.2501,1.25013,1.00,3.00
2016.04.25 14:24:00.597,1.25011,1.25013,1.00,3.75
2016.04.25 14:24:01.108,1.25012,1.25014,1.00,1.00
2016.04.25 14:24:01.831,1.2501,1.25012,1.50,1.00
2016.04.25 14:24:01.932,1.2501,1.25014,1.50,1.00
2016.04.25 14:24:02.135,1.25012,1.25014,1.00,1.00
2016.04.25 14:24:02.237,1.25013,1.25016,1.00,1.00
2016.04.25 14:24:02.389,1.25013,1.25018,1.00,1.00
2016.04.25 14:24:02.683,1.25016,1.25018,1.00,1.00
2016.04.25 14:24:02.987,1.25018,1.2502,1.00,1.00
2016.04.25 14:24:03.038,1.25018,1.25022,1.00,1.50
2016.04.25 14:24:03.848,1.25018,1.25021,1.00,1.00
2016.04.25 14:24:04.202,1.2502,1.25022,1.00,1.00
2016.04.25 14:24:04.405,1.25018,1.25022,1.00,1.00
2016.04.25 14:24:04.914,1.25018,1.25021,1.00,1.00
2016.04.25 14:24:05.116,1.2502,1.25021,1.00,1.00
2016.04.25 14:24:05.369,1.25018,1.25022,1.20,1.00
2016.04.25 14:24:05.876,1.25018,1.25021,1.00,1.00
2016.04.25 14:24:06.997,1.25018,1.2502,1.00,1.00
2016.04.25 14:24:07.527,1.25019,1.25021,1.00,1.00
2016.04.25 14:24:07.628,1.25017,1.2502,1.20,1.00
2016.04.25 14:24:08.220,1.25017,1.25019,1.09,1.00
2016.04.25 14:24:08.321,1.25016,1.25018,2.44,1.00
2016.04.25 14:24:08.475,1.25016,1.25019,1.50,2.25
2016.04.25 14:24:08.527,1.25013,1.25019,1.00,3.75
2016.04.25 14:24:09.032,1.25014,1.25018,1.00,2.62
2016.04.25 14:24:09.083,1.25012,1.25018,1.00,1.87
2016.04.25 14:24:09.134,1.25014,1.25018,1.00,1.87
2016.04.25 14:24:09.488,1.25012,1.25018,1.10,1.87
2016.04.25 14:24:09.589,1.25014,1.25018,1.00,1.50
2016.04.25 14:24:10.052,1.25011,1.25018,1.57,1.50
2016.04.25 14:24:10.103,1.25014,1.25018,1.00,1.50
2016.04.25 14:24:10.154,1.25011,1.25018,1.57,1.50
2016.04.25 14:24:10.761,1.25011,1.25018,1.07,2.25
2016.04.25 14:24:11.272,1.25011,1.25018,1.07,2.25
2016.04.25 14:24:11.374,1.2501,1.25018,1.84,3.00
2016.04.25 14:24:11.880,1.25009,1.25018,1.39,1.87
2016.04.25 14:24:12.133,1.25009,1.25016,1.20,1.37
2016.04.25 14:24:12.482,1.25008,1.25014,1.07,1.37
2016.04.25 14:24:12.988,1.25008,1.25014,1.09,1.00
2016.04.25 14:24:13.525,1.25008,1.25015,1.09,2.44
2016.04.25 14:24:14.031,1.25007,1.25014,3.76,1.00
2016.04.25 14:24:14.537,1.25007,1.25014,2.22,1.00
2016.04.25 14:24:14.841,1.25008,1.25014,1.50,1.00
2016.04.25 14:24:15.347,1.25008,1.25015,2.25,1.50
2016.04.25 14:24:15.884,1.2501,1.25016,1.00,1.50
2016.04.25 14:24:16.189,1.25009,1.25016,1.20,1.87
2016.04.25 14:24:16.695,1.2501,1.25016,1.00,1.87
2016.04.25 14:24:19.076,1.25008,1.25015,2.82,2.25
2016.04.25 14:24:19.631,1.25008,1.25016,1.47,1.65
2016.04.25 14:24:20.136,1.25007,1.25016,2.25,2.02
2016.04.25 14:24:20.934,1.25007,1.25015,2.25,1.00
2016.04.25 14:24:21.439,1.25007,1.25016,1.50,1.20
2016.04.25 14:24:22.459,1.25007,1.25015,2.44,1.00
2016.04.25 14:24:22.610,1.25006,1.25014,1.00,1.07
2016.04.25 14:24:22.762,1.25006,1.25011,1.00,1.00
2016.04.25 14:24:22.952,1.25003,1.25011,1.50,1.37
2016.04.25 14:24:23.004,1.25001,1.2501,2.62,2.62
2016.04.25 14:24:24.706,1.25002,1.25011,1.20,3.82
2016.04.25 14:24:26.425,1.25002,1.25011,1.45,2.70
2016.04.25 14:24:26.949,1.25003,1.25011,1.07,1.12
2016.04.25 14:24:27.454,1.25002,1.25012,2.06,6.37
2016.04.25 14:24:27.657,1.25002,1.25009,2.06,1.00
2016.04.25 14:24:27.955,1.25002,1.25012,1.69,6.00
2016.04.25 14:24:28.863,1.25007,1.25012,1.00,5.44
2016.04.25 14:24:29.015,1.25009,1.25015,1.50,2.77
2016.04.25 14:24:29.066,1.25007,1.25015,2.32,2.77
2016.04.25 14:24:29.151,1.2501,1.25015,1.50,1.12
2016.04.25 14:24:29.405,1.25004,1.25011,2.51,1.50
2016.04.25 14:24:29.608,1.25008,1.25011,1.25,2.25
2016.04.25 14:24:29.761,1.25009,1.25015,1.00,1.00
2016.04.25 14:24:30.064,1.25006,1.25014,2.70,1.87
2016.04.25 14:24:30.928,1.25005,1.25014,4.50,1.27
2016.04.25 14:24:31.030,1.25005,1.25014,4.50,2.77
2016.04.25 14:24:31.535,1.25005,1.25013,3.37,1.31
2016.04.25 14:24:32.230,1.25005,1.25012,4.87,1.87
2016.04.25 14:24:32.735,1.25005,1.25012,6.94,1.87
2016.04.25 14:24:34.033,1.25005,1.25013,5.44,2.16
2016.04.25 14:24:34.767,1.25005,1.25013,5.25,2.16
2016.04.25 14:24:34.818,1.25005,1.25012,4.50,2.16
2016.04.25 14:24:35.330,1.25006,1.25012,1.39,2.16
2016.04.25 14:24:37.201,1.25006,1.25013,2.59,2.25
2016.04.25 14:24:37.708,1.25007,1.25014,1.20,2.25
2016.04.25 14:24:38.215,1.25007,1.25015,2.45,2.62
2016.04.25 14:24:38.723,1.25007,1.25015,5.22,1.27
2016.04.25 14:24:39.315,1.25007,1.25015,2.02,1.57
2016.04.25 14:24:39.824,1.25007,1.25014,3.71,1.00
2016.04.25 14:24:40.355,1.25008,1.25014,1.00,1.12
2016.04.25 14:24:40.897,1.25006,1.25014,6.19,1.00
2016.04.25 14:24:41.454,1.25007,1.25014,2.96,1.00
2016.04.25 14:24:41.970,1.25005,1.25014,2.81,1.27
2016.04.25 14:24:42.374,1.25005,1.25013,1.50,2.25
2016.04.25 14:24:42.526,1.25004,1.25012,1.20,3.52
2016.04.25 14:24:43.060,1.25004,1.25011,1.76,2.25
2016.04.25 14:24:43.565,1.25004,1.2501,1.57,1.00
2016.04.25 14:24:43.918,1.25002,1.2501,2.81,1.50
2016.04.25 14:24:44.473,1.25002,1.2501,2.44,2.02
2016.04.25 14:24:45.023,1.25002,1.25008,1.50,3.75
2016.04.25 14:24:45.767,1.25002,1.25007,2.44,1.00
2016.04.25 14:24:46.084,1.25001,1.25006,1.20,1.50
2016.04.25 14:24:46.906,1.25002,1.25006,1.00,1.50
2016.04.25 14:24:47.671,1.25,1.25006,3.94,1.50
2016.04.25 14:24:48.813,1.25,1.25005,1.50,2.25
2016.04.25 14:24:48.965,1.24998,1.25003,1.50,1.00
2016.04.25 14:24:49.218,1.24995,1.25001,2.02,1.00
2016.04.25 14:24:49.320,1.24995,1.24999,1.87,1.00
2016.04.25 14:24:49.472,1.24995,1.25002,1.00,1.50
2016.04.25 14:24:49.562,1.24997,1.25001,1.00,1.00
2016.04.25 14:24:49.613,1.24995,1.25001,2.07,1.00
2016.04.25 14:24:50.126,1.24995,1.25,1.00,1.50
2016.04.25 14:24:50.581,1.24994,1.25002,3.65,2.25
2016.04.25 14:24:51.130,1.24995,1.25002,3.56,1.87
2016.04.25 14:24:52.184,1.24996,1.25002,1.50,1.00
2016.04.25 14:24:52.722,1.24995,1.25001,3.75,1.00
2016.04.25 14:24:53.235,1.24995,1.25002,4.50,1.00
2016.04.25 14:24:54.043,1.24997,1.25002,1.50,1.00
2016.04.25 14:24:54.587,1.24997,1.25003,1.20,1.00
2016.04.25 14:24:55.092,1.24998,1.25004,1.10,2.25
2016.04.25 14:24:57.687,1.24996,1.25004,2.44,2.40
2016.04.25 14:24:58.192,1.24996,1.25004,3.94,1.65
2016.04.25 14:24:59.293,1.24998,1.25004,1.00,1.65
2016.04.25 14:24:59.646,1.24998,1.25006,4.87,1.00
2016.04.25 14:25:00.183,1.24998,1.25005,3.00,1.12
2016.04.25 14:25:00.335,1.24997,1.25003,1.50,1.00
2016.04.25 14:25:00.437,1.24994,1.25003,2.25,3.15
2016.04.25 14:25:00.955,1.24993,1.25001,3.00,1.12
2016.04.25 14:25:01.606,1.24993,1.25001,2.62,1.75
2016.04.25 14:25:02.147,1.24993,1.25001,1.50,1.50
2016.04.25 14:25:03.618,1.24992,1.24999,1.50,1.00
2016.04.25 14:25:04.123,1.24991,1.24999,4.87,1.00
2016.04.25 14:25:04.665,1.24992,1.24999,2.25,1.00
2016.04.25 14:25:05.170,1.2499,1.24999,4.76,1.20
2016.04.25 14:25:05.271,1.24992,1.24999,1.50,1.12
2016.04.25 14:25:05.820,1.24992,1.25,1.87,1.20
2016.04.25 14:25:07.725,1.24994,1.25,1.10,1.00
2016.04.25 14:25:08.028,1.24993,1.25002,3.00,1.50
2016.04.25 14:25:09.648,1.24993,1.25002,3.37,2.25
2016.04.25 14:25:10.158,1.24994,1.25002,1.50,1.50
2016.04.25 14:25:11.234,1.24994,1.25002,1.50,2.25
2016.04.25 14:25:11.759,1.24995,1.25002,1.50,1.00
2016.04.25 14:25:11.810,1.24995,1.25004,1.87,2.40
2016.04.25 14:25:13.812,1.24995,1.25004,4.12,2.40
2016.04.25 14:25:14.325,1.24996,1.25004,1.57,1.50
2016.04.25 14:25:14.427,1.24996,1.25004,1.07,2.62
2016.04.25 14:25:14.730,1.24989,1.24997,2.44,1.87
2016.04.25 14:25:15.235,1.2499,1.24997,2.40,1.20
2016.04.25 14:25:15.576,1.25001,1.25004,1.12,1.00
2016.04.25 14:25:15.678,1.25001,1.25008,2.62,2.62
2016.04.25 14:25:15.831,1.25002,1.25007,1.07,1.50
2016.04.25 14:25:16.087,1.24999,1.25006,1.12,1.37
2016.04.25 14:25:16.982,1.24998,1.25005,1.27,1.12
2016.04.25 14:25:17.806,1.24996,1.25005,2.32,3.07
2016.04.25 14:25:18.319,1.24997,1.25004,1.07,1.12
2016.04.25 14:25:21.887,1.24998,1.25004,2.32,1.00
2016.04.25 14:25:22.392,1.24998,1.25005,1.10,1.50
2016.04.25 14:25:22.912,1.24998,1.25005,2.25,1.50
2016.04.25 14:25:23.656,1.24999,1.25005,1.20,1.50
2016.04.25 14:25:24.322,1.24999,1.25007,1.57,1.50
2016.04.25 14:25:24.771,1.25002,1.25007,1.37,1.57
2016.04.25 14:25:24.923,1.25003,1.2501,1.39,1.50
2016.04.25 14:25:25.024,1.25004,1.25012,1.10,1.10
2016.04.25 14:25:25.529,1.25003,1.25012,2.51,2.89
2016.04.25 14:25:26.034,1.25004,1.25012,1.57,1.57
2016.04.25 14:25:26.881,1.25004,1.25012,1.50,1.87
2016.04.25 14:25:27.386,1.25003,1.25011,2.70,2.62
2016.04.25 14:25:28.115,1.25003,1.2501,2.70,2.25
2016.04.25 14:25:28.808,1.25004,1.25012,1.50,4.50
2016.04.25 14:25:29.335,1.25003,1.25011,1.07,1.50
2016.04.25 14:25:30.327,1.25003,1.25011,1.07,4.50
2016.04.25 14:25:30.530,1.25003,1.25011,2.32,1.50
2016.04.25 14:25:30.581,1.25005,1.25011,1.50,1.87
2016.04.25 14:25:30.890,1.25002,1.25009,2.25,1.00
2016.04.25 14:25:31.244,1.25001,1.25009,2.25,1.37
2016.04.25 14:25:31.749,1.25001,1.25009,2.62,1.12
2016.04.25 14:25:33.712,1.25001,1.25009,5.62,2.25
2016.04.25 14:25:34.015,1.24999,1.25007,3.71,1.50
2016.04.25 14:25:35.437,1.24999,1.25007,2.02,1.87
2016.04.25 14:25:35.939,1.24999,1.25007,1.64,1.87
2016.04.25 14:25:36.461,1.24999,1.25008,2.02,3.00
2016.04.25 14:25:36.993,1.24999,1.25008,1.64,3.15
2016.04.25 14:25:37.541,1.24998,1.25007,4.34,1.37
2016.04.25 14:25:37.744,1.24997,1.25006,3.41,3.07
2016.04.25 14:25:38.257,1.24997,1.25006,1.07,3.07
2016.04.25 14:25:38.790,1.24997,1.25006,1.07,4.20
2016.04.25 14:25:39.295,1.24996,1.25006,1.95,4.39
2016.04.25 14:25:39.648,1.24998,1.25006,1.12,1.20
2016.04.25 14:25:40.154,1.24999,1.25008,1.27,3.94
2016.04.25 14:25:40.458,1.25,1.25008,2.62,2.02
2016.04.25 14:25:40.964,1.25001,1.25009,1.07,1.50
2016.04.25 14:25:41.469,1.25,1.25009,3.75,1.20
2016.04.25 14:25:42.554,1.25,1.25009,3.75,1.76
2016.04.25 14:25:43.019,1.25001,1.2501,5.47,1.10
2016.04.25 14:25:43.071,1.25002,1.25011,4.27,2.02
2016.04.25 14:25:43.475,1.25005,1.25013,1.57,1.39
2016.04.25 14:25:44.175,1.25006,1.25014,1.57,3.15
2016.04.25 14:25:44.710,1.25006,1.25015,1.87,5.40
2016.04.25 14:25:47.030,1.25007,1.25016,3.34,4.31
2016.04.25 14:25:47.633,1.25007,1.25016,4.09,1.87
2016.04.25 14:25:47.987,1.25009,1.25016,1.07,1.20
2016.04.25 14:25:48.291,1.25015,1.25018,1.01,1.01
2016.04.25 14:25:48.444,1.25016,1.25024,1.20,2.44
2016.04.25 14:25:48.749,1.25014,1.2502,2.70,1.31
2016.04.25 14:25:48.901,1.25012,1.2502,2.40,4.46
2016.04.25 14:25:49.407,1.2501,1.2502,4.31,6.19
2016.04.25 14:25:49.458,1.2501,1.25019,3.19,1.46
2016.04.25 14:25:49.812,1.25012,1.25019,1.50,6.00
2016.04.25 14:25:49.863,1.25012,1.25019,1.87,1.50
2016.04.25 14:25:49.964,1.25012,1.25021,2.44,1.57
2016.04.25 14:25:50.088,1.25012,1.25021,3.00,2.81
2016.04.25 14:25:50.594,1.25013,1.2502,1.07,1.00
2016.04.25 14:25:50.846,1.2501,1.25019,2.25,3.34
2016.04.25 14:25:50.998,1.2501,1.25017,1.69,1.37
2016.04.25 14:25:51.309,1.2501,1.25019,1.95,3.07
2016.04.25 14:25:51.814,1.2501,1.25019,1.20,1.87
2016.04.25 14:25:52.348,1.2501,1.25018,1.20,1.65
2016.04.25 14:25:52.907,1.25011,1.25018,1.00,1.95
2016.04.25 14:25:53.379,1.25011,1.2502,1.46,7.87
2016.04.25 14:25:53.886,1.25012,1.2502,1.31,5.81
2016.04.25 14:25:54.391,1.25013,1.2502,1.00,3.37
2016.04.25 14:25:54.897,1.25012,1.2502,1.00,3.75
2016.04.25 14:25:55.469,1.25014,1.2502,1.00,4.50
2016.04.25 14:25:55.974,1.25012,1.25021,3.56,4.50
2016.04.25 14:25:57.847,1.25014,1.2502,1.00,1.27
2016.04.25 14:25:58.252,1.25015,1.25022,1.10,2.25
2016.04.25 14:25:58.353,1.25014,1.2502,1.10,1.00
2016.04.25 14:25:58.875,1.25014,1.25021,1.00,1.00
2016.04.25 14:25:59.384,1.25014,1.25021,1.12,1.57
2016.04.25 14:25:59.688,1.25016,1.25022,2.25,1.10
2016.04.25 14:26:00.191,1.25016,1.25023,2.62,1.10
2016.04.25 14:26:00.948,1.2502,1.25023,1.00,1.12
2016.04.25 14:26:01.150,1.25022,1.25027,1.50,1.87
2016.04.25 14:26:01.252,1.25021,1.25025,1.07,2.21
2016.04.25 14:26:01.776,1.2502,1.25025,1.50,2.96
2016.04.25 14:26:04.167,1.2502,1.25025,1.07,1.19
2016.04.25 14:26:04.672,1.2502,1.25025,1.07,2.39
2016.04.25 14:26:05.076,1.25019,1.25023,1.10,1.27
2016.04.25 14:26:05.127,1.25017,1.2502,1.50,2.62
2016.04.25 14:26:05.278,1.25014,1.25019,2.32,1.87
2016.04.25 14:26:05.329,1.25013,1.25015,1.00,2.21
2016.04.25 14:26:05.480,1.25009,1.25013,2.62,1.83
2016.04.25 14:26:05.683,1.25008,1.25013,1.07,1.83
2016.04.25 14:26:06.788,1.25007,1.25013,1.07,2.21
2016.04.25 14:26:07.293,1.25004,1.25013,3.00,4.46
2016.04.25 14:26:07.344,1.25004,1.25012,2.25,1.57
2016.04.25 14:26:07.396,1.25004,1.2501,2.25,1.83
2016.04.25 14:26:07.700,1.25005,1.25012,1.50,2.02
2016.04.25 14:26:07.751,1.25004,1.2501,1.50,1.37
2016.04.25 14:26:08.258,1.25003,1.2501,1.50,4.83
2016.04.25 14:26:08.862,1.25003,1.25009,1.50,1.83
2016.04.25 14:26:09.368,1.25003,1.2501,3.00,1.50
2016.04.25 14:26:09.470,1.25005,1.25012,1.57,1.50
2016.04.25 14:26:09.792,1.25007,1.25012,1.50,1.50
2016.04.25 14:26:10.392,1.25006,1.25012,1.47,1.50
2016.04.25 14:26:10.937,1.25006,1.25011,1.10,1.50
2016.04.25 14:26:11.248,1.25009,1.25013,1.00,1.50
2016.04.25 14:26:11.299,1.25009,1.25017,1.20,4.50
2016.04.25 14:26:11.401,1.25009,1.25012,1.20,1.50
2016.04.25 14:26:11.502,1.25007,1.25014,2.40,1.50
2016.04.25 14:26:12.672,1.25006,1.25015,3.00,2.96
2016.04.25 14:26:12.774,1.25006,1.25013,2.25,1.87
2016.04.25 14:26:13.302,1.25006,1.25015,2.02,3.37
2016.04.25 14:26:13.826,1.25006,1.25015,4.12,1.09
2016.04.25 14:26:13.978,1.25006,1.25013,3.37,1.87
2016.04.25 14:26:14.678,1.25005,1.25012,1.07,1.25
2016.04.25 14:26:15.395,1.25005,1.25014,1.95,3.45
2016.04.25 14:26:15.900,1.25007,1.25014,1.20,1.00
2016.04.25 14:26:16.204,1.25006,1.25013,3.00,1.87
2016.04.25 14:26:16.609,1.25007,1.25016,1.39,4.20
2016.04.25 14:26:17.013,1.25009,1.25016,1.00,3.64
2016.04.25 14:26:17.960,1.25011,1.25016,1.00,1.29
2016.04.25 14:26:18.329,1.2501,1.25017,1.20,1.12
2016.04.25 14:26:18.532,1.25012,1.25017,1.00,1.00
2016.04.25 14:26:18.878,1.25016,1.2502,1.00,1.57
2016.04.25 14:26:19.081,1.25017,1.25023,2.25,1.50
2016.04.25 14:26:19.587,1.25019,1.25024,1.00,1.00
2016.04.25 14:26:20.234,1.25019,1.25024,1.00,1.37
2016.04.25 14:26:21.453,1.2502,1.25024,1.00,1.50
2016.04.25 14:26:21.860,1.2502,1.25026,1.00,2.77
2016.04.25 14:26:22.392,1.25019,1.25026,1.20,3.52
2016.04.25 14:26:23.269,1.2502,1.25026,1.00,2.40
2016.04.25 14:26:24.127,1.2502,1.25026,1.20,2.44
2016.04.25 14:26:26.013,1.25019,1.25026,1.50,2.32
2016.04.25 14:26:26.529,1.25019,1.25025,1.50,1.65
2016.04.25 14:26:26.681,1.25017,1.25024,1.20,1.37
2016.04.25 14:26:26.833,1.25015,1.25023,3.00,2.06
2016.04.25 14:26:27.376,1.25017,1.25024,1.00,3.47
2016.04.25 14:26:27.731,1.25019,1.25024,1.00,1.57
2016.04.25 14:26:28.035,1.25016,1.25025,1.57,4.12
2016.04.25 14:26:28.636,1.25016,1.25025,1.65,3.75
2016.04.25 14:26:29.141,1.25017,1.25025,3.00,2.62
2016.04.25 14:26:29.653,1.25018,1.25026,1.95,2.14
2016.04.25 14:26:31.384,1.25018,1.25027,2.62,2.46
2016.04.25 14:26:31.896,1.25018,1.25027,3.37,2.02
2016.04.25 14:26:32.754,1.25018,1.25027,3.37,2.40
2016.04.25 14:26:33.301,1.25019,1.25028,2.89,2.51
2016.04.25 14:26:33.453,1.2502,1.25028,1.10,1.57
2016.04.25 14:26:33.705,1.25021,1.25029,2.02,1.46
2016.04.25 14:26:33.806,1.25021,1.2503,3.07,1.32
2016.04.25 14:26:34.398,1.25021,1.2503,3.75,1.09
2016.04.25 14:26:35.297,1.25021,1.2503,3.00,2.96
2016.04.25 14:26:36.365,1.25021,1.2503,1.50,5.40
2016.04.25 14:26:36.567,1.2502,1.2503,3.15,3.52
2016.04.25 14:26:36.673,1.2502,1.2503,3.34,4.84
2016.04.25 14:26:37.410,1.2502,1.2503,2.40,4.84
2016.04.25 14:26:37.512,1.2502,1.25029,3.15,1.00
2016.04.25 14:26:38.017,1.25021,1.2503,1.50,3.34
2016.04.25 14:26:38.370,1.25021,1.25028,1.50,1.00
2016.04.25 14:26:38.913,1.2502,1.25028,1.50,1.00
2016.04.25 14:26:39.423,1.25022,1.25029,2.06,1.25
2016.04.25 14:26:39.676,1.25023,1.25032,3.64,1.01
2016.04.25 14:26:39.778,1.25026,1.25034,1.07,4.01
2016.04.25 14:26:39.829,1.25026,1.25034,1.32,2.51
2016.04.25 14:26:40.386,1.25026,1.25034,1.32,2.14
2016.04.25 14:26:40.487,1.25024,1.25031,3.00,1.00
2016.04.25 14:26:40.538,1.25023,1.25031,1.20,1.20
2016.04.25 14:26:40.589,1.25023,1.25031,1.84,1.65
2016.04.25 14:26:41.147,1.25022,1.2503,3.00,1.50
2016.04.25 14:26:41.604,1.25024,1.25032,1.20,1.20
2016.04.25 14:26:41.705,1.25024,1.25034,4.69,6.19
2016.04.25 14:26:42.211,1.25024,1.25032,1.50,1.00
2016.04.25 14:26:42.564,1.25024,1.2503,1.69,1.00
2016.04.25 14:26:43.070,1.25022,1.25032,5.44,3.75
2016.04.25 14:26:43.592,1.25022,1.25032,4.12,4.50
2016.04.25 14:26:44.104,1.25022,1.25031,3.37,1.39
2016.04.25 14:26:45.013,1.25022,1.25031,2.25,2.02
2016.04.25 14:26:45.520,1.25021,1.25029,3.00,3.75
2016.04.25 14:26:46.024,1.25021,1.25029,1.10,3.45
2016.04.25 14:26:46.366,1.25026,1.25031,1.50,1.00
2016.04.25 14:26:46.873,1.25025,1.25031,1.50,1.00
2016.04.25 14:26:47.437,1.25025,1.25032,2.25,3.00
2016.04.25 14:26:47.979,1.25025,1.25032,2.25,2.63
2016.04.25 14:26:48.492,1.25025,1.25032,1.50,3.57
2016.04.25 14:26:49.194,1.25025,1.25031,1.50,1.00
2016.04.25 14:26:49.745,1.25024,1.25032,1.50,3.20
2016.04.25 14:26:49.846,1.25025,1.25032,1.57,1.87
2016.04.25 14:26:50.099,1.25026,1.25034,2.25,1.70
2016.04.25 14:26:50.149,1.25026,1.25034,2.25,1.70
2016.04.25 14:26:51.454,1.25027,1.25034,1.50,1.12
2016.04.25 14:26:51.981,1.25025,1.25033,4.01,1.12
2016.04.25 14:26:53.835,1.25026,1.25034,1.87,1.31
2016.04.25 14:26:54.340,1.25025,1.25033,6.75,1.00
2016.04.25 14:26:54.391,1.25025,1.25033,3.75,1.00
2016.04.25 14:26:54.941,1.25027,1.25034,1.00,2.06
2016.04.25 14:26:55.449,1.25025,1.25034,5.25,1.50
2016.04.25 14:26:55.710,1.25028,1.25034,1.00,1.12
2016.04.25 14:26:56.260,1.25029,1.25035,1.00,1.31
2016.04.25 14:26:56.766,1.25028,1.25035,1.00,1.31
2016.04.25 14:26:57.069,1.25033,1.25035,1.00,1.00
2016.04.25 14:26:57.515,1.25033,1.25038,1.00,11.25
2016.04.25 14:26:57.616,1.25037,1.2504,1.00,3.94
2016.04.25 14:26:57.970,1.25035,1.25041,1.10,1.37
2016.04.25 14:26:58.072,1.25035,1.25038,1.00,1.00
2016.04.25 14:26:58.404,1.25034,1.25036,1.00,1.12
2016.04.25 14:26:58.910,1.25033,1.25035,1.00,1.12
2016.04.25 14:26:59.011,1.25032,1.25034,1.00,1.00
2016.04.25 14:26:59.519,1.25032,1.25035,1.00,2.62
2016.04.25 14:27:00.024,1.25032,1.25035,1.00,1.50
2016.04.25 14:27:00.125,1.25032,1.25036,1.00,2.25
2016.04.25 14:27:00.479,1.25032,1.25035,1.00,1.37
2016.04.25 14:27:00.714,1.25031,1.25034,1.00,3.19
2016.04.25 14:27:00.916,1.25031,1.25034,1.00,3.00
2016.04.25 14:27:01.118,1.25031,1.25033,1.00,1.50
2016.04.25 14:27:01.422,1.25032,1.25035,1.00,1.87
2016.04.25 14:27:02.156,1.25032,1.25035,1.00,1.50
2016.04.25 14:27:02.678,1.25033,1.25036,1.00,1.50
2016.04.25 14:27:03.181,1.25034,1.25036,1.00,1.87
2016.04.25 14:27:03.825,1.25033,1.25037,1.00,2.25
2016.04.25 14:27:05.369,1.25035,1.25038,1.00,2.77
2016.04.25 14:27:05.621,1.25036,1.25039,1.00,1.31
2016.04.25 14:27:07.260,1.25036,1.2504,1.00,2.25
2016.04.25 14:27:07.614,1.25037,1.2504,1.00,1.50
2016.04.25 14:27:07.816,1.25038,1.2504,1.00,1.50
2016.04.25 14:27:07.935,1.25037,1.2504,1.00,1.31
2016.04.25 14:27:08.591,1.25037,1.25041,1.00,2.62
2016.04.25 14:27:09.097,1.25037,1.2504,1.00,1.00
2016.04.25 14:27:09.299,1.25039,1.25042,1.00,1.00
2016.04.25 14:27:09.603,1.25042,1.25045,1.00,1.10
2016.04.25 14:27:10.669,1.25043,1.25046,1.00,1.87
2016.04.25 14:27:11.174,1.25042,1.25046,1.00,2.25
2016.04.25 14:27:11.679,1.25043,1.25046,1.00,1.87
2016.04.25 14:27:12.219,1.25042,1.25045,1.00,1.50
2016.04.25 14:27:13.609,1.25042,1.25045,1.00,1.87
2016.04.25 14:27:14.141,1.25042,1.25045,1.00,1.12
2016.04.25 14:27:14.666,1.25042,1.25045,1.00,1.87
2016.04.25 14:27:15.182,1.25042,1.25045,1.00,1.12
2016.04.25 14:27:17.373,1.25043,1.25046,1.00,1.00
2016.04.25 14:27:17.960,1.25043,1.25048,1.00,5.62
2016.04.25 14:27:18.276,1.25044,1.25048,1.00,6.00
2016.04.25 14:27:18.631,1.25045,1.25048,1.00,1.57
2016.04.25 14:27:18.859,1.25047,1.2505,1.00,1.50
2016.04.25 14:27:18.910,1.25048,1.25051,1.00,1.50
2016.04.25 14:27:19.415,1.25049,1.25053,1.00,2.32
2016.04.25 14:27:19.718,1.25052,1.25054,1.00,1.50
2016.04.25 14:27:20.241,1.25052,1.25055,1.00,1.12
2016.04.25 14:27:21.355,1.25052,1.25055,1.00,1.50
2016.04.25 14:27:21.756,1.25051,1.25055,1.00,1.50
2016.04.25 14:27:21.857,1.25052,1.25055,1.00,1.95
2016.04.25 14:27:22.920,1.25051,1.25055,1.00,1.95
2016.04.25 14:27:23.426,1.25051,1.25055,1.00,1.10
2016.04.25 14:27:25.114,1.25051,1.25055,1.00,4.01
2016.04.25 14:27:26.290,1.25051,1.25055,1.00,5.21
2016.04.25 14:27:26.932,1.25049,1.25055,1.50,3.71
2016.04.25 14:27:27.120,1.25051,1.25055,1.00,3.71
2016.04.25 14:27:28.029,1.25052,1.25055,1.00,1.01
2016.04.25 14:27:28.558,1.25052,1.25056,1.00,1.39
2016.04.25 14:27:31.979,1.25051,1.25056,1.00,2.14
2016.04.25 14:27:32.484,1.2505,1.25055,1.00,2.77
2016.04.25 14:27:32.686,1.25052,1.25054,1.00,1.00
2016.04.25 14:27:33.224,1.25052,1.25055,1.00,1.50
2016.04.25 14:27:33.376,1.25053,1.25057,1.00,1.46
2016.04.25 14:27:33.781,1.25055,1.25059,1.00,2.14
2016.04.25 14:27:34.286,1.25055,1.2506,1.00,3.94
2016.04.25 14:27:34.852,1.25054,1.25059,1.00,1.50
2016.04.25 14:27:35.735,1.25054,1.25058,1.00,1.57
2016.04.25 14:27:36.267,1.25054,1.25059,1.00,1.39
2016.04.25 14:27:36.797,1.25055,1.25059,1.00,1.39
2016.04.25 14:27:37.500,1.25055,1.25059,1.00,2.51
2016.04.25 14:27:37.652,1.25054,1.25059,1.00,2.14
2016.04.25 14:27:37.703,1.25055,1.25059,1.00,2.14
2016.04.25 14:27:38.269,1.25054,1.25059,1.00,3.26
2016.04.25 14:27:40.383,1.25055,1.25059,1.00,4.57
2016.04.25 14:27:42.391,1.25054,1.25059,1.00,1.76
2016.04.25 14:27:42.940,1.25055,1.25059,1.00,1.76
2016.04.25 14:27:43.202,1.25055,1.25059,1.00,1.76
2016.04.25 14:27:43.505,1.25057,1.2506,1.00,1.12
2016.04.25 14:27:43.606,1.25056,1.25059,1.00,1.50
2016.04.25 14:27:43.708,1.25057,1.2506,1.00,1.25
2016.04.25 14:27:44.213,1.25056,1.2506,1.00,1.27
2016.04.25 14:27:44.690,1.25055,1.25058,1.50,1.00
2016.04.25 14:27:45.195,1.25054,1.25058,1.00,1.10
2016.04.25 14:27:45.709,1.25054,1.25058,1.00,2.32
2016.04.25 14:27:48.608,1.25054,1.25059,1.00,1.76
2016.04.25 14:27:50.160,1.25053,1.25059,1.00,1.32
2016.04.25 14:27:50.640,1.25055,1.2506,1.00,5.62
2016.04.25 14:27:51.204,1.25055,1.2506,1.00,5.32
2016.04.25 14:27:51.706,1.25054,1.25059,1.00,2.66
2016.04.25 14:27:52.208,1.25055,1.25059,1.00,2.32
2016.04.25 14:27:53.901,1.25054,1.25059,1.50,2.25
2016.04.25 14:27:54.407,1.25055,1.25059,1.00,2.25
2016.04.25 14:27:55.144,1.25056,1.25059,1.00,2.25
2016.04.25 14:27:55.674,1.25055,1.25059,1.00,2.62
2016.04.25 14:27:56.175,1.25055,1.25059,1.50,3.00
2016.04.25 14:27:56.702,1.25055,1.25059,1.00,1.87
2016.04.25 14:27:57.207,1.25055,1.25059,1.00,2.06
2016.04.25 14:27:57.517,1.25053,1.25057,1.00,2.25
2016.04.25 14:27:57.671,1.2505,1.25055,1.50,2.25
2016.04.25 14:27:57.775,1.25049,1.25055,1.10,1.12
2016.04.25 14:27:58.860,1.2505,1.25055,1.00,2.81
2016.04.25 14:27:59.444,1.2505,1.25055,1.00,1.69
2016.04.25 14:28:00.032,1.25049,1.25055,1.50,1.69
2016.04.25 14:28:00.257,1.25049,1.25054,1.00,3.19
2016.04.25 14:28:00.840,1.25048,1.25052,1.00,1.12
2016.04.25 14:28:01.199,1.25047,1.25049,1.00,1.00
2016.04.25 14:28:01.351,1.25045,1.25049,1.00,1.00
2016.04.25 14:28:01.979,1.25049,1.25052,1.00,2.32
2016.04.25 14:28:02.131,1.25047,1.25051,1.00,1.07
2016.04.25 14:28:02.639,1.25047,1.25052,1.00,1.87
2016.04.25 14:28:04.177,1.25045,1.25052,1.00,1.82
2016.04.25 14:28:04.689,1.25045,1.2505,1.50,1.12
2016.04.25 14:28:04.899,1.25044,1.2505,1.00,4.50
2016.04.25 14:28:04.951,1.25041,1.25048,1.00,1.62
2016.04.25 14:28:05.103,1.25041,1.25046,1.00,2.70
2016.04.25 14:28:05.255,1.25039,1.25045,1.50,1.32
2016.04.25 14:28:05.760,1.2504,1.25045,1.00,2.51
2016.04.25 14:28:07.004,1.25039,1.25044,1.50,1.10
2016.04.25 14:28:07.511,1.2504,1.25044,1.00,1.95
2016.04.25 14:28:08.068,1.25037,1.25043,1.00,1.22
2016.04.25 14:28:08.584,1.25037,1.25042,1.00,2.62
2016.04.25 14:28:09.089,1.25039,1.25042,1.00,2.25
2016.04.25 14:28:09.291,1.2504,1.25045,1.00,4.69
2016.04.25 14:28:09.828,1.25039,1.25044,1.50,1.07
2016.04.25 14:28:09.879,1.25037,1.25044,1.00,1.87
2016.04.25 14:28:10.031,1.25036,1.25043,1.00,3.15
2016.04.25 14:28:10.334,1.25035,1.25041,1.00,2.25
2016.04.25 14:28:10.852,1.25035,1.25042,2.49,1.75
2016.04.25 14:28:11.004,1.25035,1.25043,2.49,2.70
2016.04.25 14:28:11.307,1.25037,1.25043,1.00,1.57
2016.04.25 14:28:11.745,1.25035,1.25043,2.49,1.95
2016.04.25 14:28:11.898,1.25035,1.25042,1.74,2.04
2016.04.25 14:28:12.050,1.25033,1.25039,1.82,1.50
2016.04.25 14:28:12.556,1.25033,1.25038,1.74,1.20
2016.04.25 14:28:12.657,1.25031,1.25038,1.74,1.20
2016.04.25 14:28:13.752,1.2503,1.25038,2.16,1.20
2016.04.25 14:28:14.262,1.25029,1.25038,1.10,1.10
2016.04.25 14:28:14.795,1.25028,1.25038,4.50,2.70
2016.04.25 14:28:15.305,1.25028,1.25038,2.62,2.62
2016.04.25 14:28:16.491,1.25027,1.25037,2.02,5.25
2016.04.25 14:28:17.027,1.25026,1.25036,5.87,2.02
2016.04.25 14:28:17.735,1.25026,1.25035,4.12,1.87
2016.04.25 14:28:18.039,1.25024,1.25034,6.75,1.27
2016.04.25 14:28:18.344,1.25025,1.25032,1.20,1.00
2016.04.25 14:28:18.655,1.2502,1.25029,2.32,3.45
2016.04.25 14:28:19.190,1.25019,1.25029,5.27,3.75
2016.04.25 14:28:19.696,1.25022,1.25029,1.00,1.50
2016.04.25 14:28:20.089,1.2502,1.25027,1.87,1.46
2016.04.25 14:28:20.243,1.25018,1.25026,1.00,2.58
2016.04.25 14:28:20.750,1.25018,1.25026,1.00,6.33
2016.04.25 14:28:21.280,1.25017,1.25025,1.00,1.64
2016.04.25 14:28:25.637,1.25017,1.25025,1.00,5.06
2016.04.25 14:28:26.344,1.25017,1.25025,1.00,4.31
2016.04.25 14:28:27.564,1.25019,1.25026,1.00,3.19
2016.04.25 14:28:27.969,1.2502,1.25026,1.00,2.06
2016.04.25 14:28:28.531,1.25017,1.25025,1.57,1.00
2016.04.25 14:28:28.583,1.25017,1.25025,1.57,2.25
2016.04.25 14:28:28.684,1.25015,1.25022,1.50,2.06
2016.04.25 14:28:28.786,1.25013,1.25018,1.00,1.81
2016.04.25 14:28:28.837,1.2501,1.25018,3.00,1.81
2016.04.25 14:28:28.888,1.25009,1.25018,1.31,1.87
2016.04.25 14:28:29.394,1.25008,1.25017,1.20,2.70
2016.04.25 14:28:29.636,1.25008,1.25015,1.00,1.00
2016.04.25 14:28:29.939,1.25008,1.25013,1.00,1.00
2016.04.25 14:28:30.242,1.25006,1.25011,2.39,1.69
2016.04.25 14:28:30.765,1.25006,1.2501,1.29,1.00
2016.04.25 14:28:31.277,1.25006,1.2501,2.66,1.00
2016.04.25 14:28:31.580,1.25006,1.25008,2.58,1.00
2016.04.25 14:28:32.691,1.25005,1.25008,2.58,1.00
2016.04.25 14:28:32.895,1.25,1.25004,1.79,1.00
2016.04.25 14:28:32.996,1.24998,1.25003,5.28,1.00
2016.04.25 14:28:33.139,1.24998,1.25001,2.58,1.50
2016.04.25 14:28:33.445,1.25002,1.25004,2.58,1.69
2016.04.25 14:28:33.808,1.25005,1.25009,1.19,1.07
2016.04.25 14:28:34.322,1.25003,1.25007,2.58,1.69
2016.04.25 14:28:35.080,1.25002,1.25007,2.58,1.50
2016.04.25 14:28:35.583,1.25002,1.25006,2.58,1.50
2016.04.25 14:28:36.491,1.25001,1.25006,2.58,2.25
2016.04.25 14:28:37.292,1.25,1.25006,1.19,1.00
2016.04.25 14:28:37.444,1.24998,1.25004,3.33,1.00
2016.04.25 14:28:37.979,1.24998,1.25003,3.33,1.00
2016.04.25 14:28:38.795,1.24998,1.25003,1.00,1.00
2016.04.25 14:28:38.897,1.24998,1.25003,3.71,1.00
2016.04.25 14:28:39.977,1.25,1.25003,2.58,1.00
2016.04.25 14:28:41.198,1.24999,1.25003,2.58,1.00
2016.04.25 14:28:42.890,1.25,1.25004,2.58,1.69
2016.04.25 14:28:43.498,1.24998,1.25004,1.34,1.00
2016.04.25 14:28:43.600,1.24998,1.25003,1.10,1.37
2016.04.25 14:28:43.903,1.24993,1.24998,3.48,1.50
2016.04.25 14:28:45.203,1.24994,1.24998,2.96,1.50
2016.04.25 14:28:45.704,1.24994,1.24999,3.75,1.69
2016.04.25 14:28:46.811,1.24995,1.25001,1.69,1.50
2016.04.25 14:28:47.271,1.24994,1.24999,3.37,1.69
2016.04.25 14:28:47.323,1.24993,1.24999,1.20,1.31
2016.04.25 14:28:47.425,1.24991,1.24998,1.50,2.81
2016.04.25 14:28:47.627,1.24988,1.24994,1.12,1.20
2016.04.25 14:28:48.614,1.24988,1.24994,1.25,1.76
2016.04.25 14:28:49.118,1.24986,1.24994,3.75,1.95
2016.04.25 14:28:49.662,1.2499,1.24994,1.00,1.95
2016.04.25 14:28:50.179,1.24991,1.24994,1.00,1.95
2016.04.25 14:28:50.726,1.24992,1.24994,1.00,1.10
2016.04.25 14:28:51.030,1.2499,1.24994,1.50,1.00
2016.04.25 14:28:51.436,1.24992,1.24993,1.00,1.00
2016.04.25 14:28:51.948,1.24992,1.24994,1.00,1.50
2016.04.25 14:28:52.461,1.24991,1.24994,1.00,1.50
2016.04.25 14:28:52.984,1.24992,1.24994,1.00,1.50
2016.04.25 14:28:53.487,1.24992,1.24994,1.00,1.50
2016.04.25 14:28:53.740,1.24993,1.24996,1.00,1.10
2016.04.25 14:28:55.018,1.24994,1.24996,1.00,1.01
2016.04.25 14:28:55.323,1.24995,1.24998,1.00,1.50
2016.04.25 14:28:55.676,1.24992,1.24997,1.00,1.00
2016.04.25 14:28:55.962,1.24992,1.24995,1.00,1.00
2016.04.25 14:28:56.518,1.24991,1.24995,1.00,1.00
2016.04.25 14:28:57.330,1.24989,1.24995,1.00,1.00
2016.04.25 14:28:57.432,1.24989,1.24993,1.00,2.44
2016.04.25 14:28:57.736,1.24992,1.24995,1.00,1.10
2016.04.25 14:28:57.838,1.24993,1.24996,1.00,1.65
2016.04.25 14:28:58.346,1.24994,1.24998,1.00,2.32
2016.04.25 14:28:58.769,1.24995,1.24999,1.50,1.01
2016.04.25 14:28:59.341,1.24995,1.25,1.00,1.46
2016.04.25 14:29:00.856,1.24996,1.25,1.00,1.09
2016.04.25 14:29:01.373,1.24995,1.25002,1.00,2.62
2016.04.25 14:29:01.885,1.24997,1.25002,1.00,3.75
2016.04.25 14:29:02.407,1.24998,1.25002,1.00,3.37
2016.04.25 14:29:02.660,1.24996,1.25002,1.00,4.12
2016.04.25 14:29:03.287,1.24998,1.25002,1.00,2.25
2016.04.25 14:29:04.016,1.24997,1.25002,1.00,2.25
2016.04.25 14:29:04.639,1.24995,1.25001,1.50,1.65
2016.04.25 14:29:05.164,1.24996,1.25001,1.00,1.65
2016.04.25 14:29:07.010,1.24997,1.25001,1.00,2.77
2016.04.25 14:29:07.521,1.24997,1.25003,1.00,1.50
2016.04.25 14:29:08.022,1.24997,1.25003,1.00,1.12
2016.04.25 14:29:08.529,1.24998,1.25003,1.00,1.12
2016.04.25 14:29:09.049,1.24998,1.25002,1.00,1.12
2016.04.25 14:29:09.774,1.24998,1.25002,1.00,1.37
2016.04.25 14:29:10.282,1.24995,1.25001,1.50,1.56
2016.04.25 14:29:10.789,1.24994,1.25,1.00,6.00
2016.04.25 14:29:11.295,1.24994,1.25,1.00,3.82
2016.04.25 14:29:11.396,1.24996,1.25,1.00,1.95
2016.04.25 14:29:11.702,1.24998,1.25,1.00,1.50
2016.04.25 14:29:11.804,1.24999,1.25003,1.00,1.95
2016.04.25 14:29:11.855,1.25001,1.25004,1.00,2.89
2016.04.25 14:29:12.367,1.25001,1.25005,1.00,1.27
2016.04.25 14:29:12.874,1.25,1.25005,1.00,1.50
2016.04.25 14:29:13.364,1.25002,1.25005,1.00,1.12
2016.04.25 14:29:13.883,1.25001,1.25006,1.00,1.57
2016.04.25 14:29:14.565,1.25,1.25007,1.00,6.45
2016.04.25 14:29:15.121,1.25,1.25007,1.00,3.45
2016.04.25 14:29:16.405,1.25,1.25007,1.00,2.14
2016.04.25 14:29:16.758,1.25002,1.25007,1.00,3.45
2016.04.25 14:29:17.300,1.25004,1.25007,1.00,1.10
2016.04.25 14:29:18.399,1.25004,1.25008,1.00,1.20
2016.04.25 14:29:18.959,1.25005,1.25009,1.50,1.87
2016.04.25 14:29:19.461,1.25004,1.2501,2.25,2.18
2016.04.25 14:29:19.996,1.25005,1.25011,1.00,3.75
2016.04.25 14:29:20.250,1.25007,1.25011,1.00,3.75
2016.04.25 14:29:20.990,1.25006,1.25011,1.00,2.25
2016.04.25 14:29:22.139,1.25006,1.2501,1.00,1.20
2016.04.25 14:29:26.305,1.25007,1.2501,1.00,1.09
2016.04.25 14:29:27.281,1.25005,1.25009,1.00,1.10
2016.04.25 14:29:27.794,1.25004,1.25009,1.00,2.89
2016.04.25 14:29:30.061,1.25005,1.25009,1.00,1.39
2016.04.25 14:29:30.587,1.25005,1.25009,1.00,2.32
2016.04.25 14:29:31.114,1.25004,1.25008,1.00,1.57
2016.04.25 14:29:31.504,1.25004,1.25006,1.00,1.00
2016.04.25 14:29:31.909,1.25001,1.25005,1.00,1.00
2016.04.25 14:29:32.010,1.25001,1.25003,1.00,1.50
2016.04.25 14:29:32.526,1.24999,1.25001,1.00,1.50
2016.04.25 14:29:32.729,1.24999,1.25003,1.00,3.82
2016.04.25 14:29:33.142,1.24997,1.25003,1.00,2.77
2016.04.25 14:29:33.711,1.24998,1.25003,1.00,2.77
2016.04.25 14:29:33.813,1.25,1.25003,1.50,2.02
2016.04.25 14:29:34.066,1.25001,1.25005,1.00,1.27
2016.04.25 14:29:34.167,1.25003,1.25007,1.00,4.69
2016.04.25 14:29:34.218,1.25002,1.25007,1.00,2.81
2016.04.25 14:29:34.269,1.25003,1.25006,1.00,1.07
2016.04.25 14:29:34.795,1.25003,1.25008,1.00,1.50
2016.04.25 14:29:35.069,1.25,1.25006,1.00,3.07
2016.04.25 14:29:35.221,1.24997,1.25003,1.12,1.12
2016.04.25 14:29:35.474,1.24997,1.25002,1.00,1.09
2016.04.25 14:29:36.136,1.24997,1.25,1.00,1.00
2016.04.25 14:29:36.642,1.24998,1.25002,1.00,1.12
2016.04.25 14:29:36.988,1.25,1.25003,1.00,1.87
2016.04.25 14:29:37.191,1.25002,1.25005,1.00,1.31
2016.04.25 14:29:37.396,1.25002,1.25007,1.00,3.19
2016.04.25 14:29:38.001,1.25002,1.25005,1.00,1.00
2016.04.25 14:29:38.423,1.25004,1.25007,1.00,2.59
2016.04.25 14:29:38.626,1.25007,1.25012,1.00,3.19
2016.04.25 14:29:39.131,1.25008,1.25012,1.00,1.20
2016.04.25 14:29:40.329,1.25007,1.25012,1.00,3.71
2016.04.25 14:29:40.687,1.25007,1.25012,1.00,4.46
2016.04.25 14:29:41.270,1.25007,1.25012,1.00,3.34
2016.04.25 14:29:41.832,1.25007,1.25011,1.00,2.00
2016.04.25 14:29:42.262,1.25005,1.25009,3.00,1.12
2016.04.25 14:29:42.515,1.25004,1.25009,1.50,1.50
2016.04.25 14:29:43.029,1.25005,1.25009,1.00,1.01
2016.04.25 14:29:43.579,1.25005,1.2501,1.50,1.70
2016.04.25 14:29:44.084,1.25005,1.25009,1.00,1.57
2016.04.25 14:29:44.589,1.25005,1.25009,1.00,1.95
2016.04.25 14:29:45.117,1.25005,1.25008,1.00,1.00
2016.04.25 14:29:45.269,1.25002,1.25008,1.00,2.62
2016.04.25 14:29:45.795,1.25002,1.25008,1.00,3.37
2016.04.25 14:29:47.098,1.25002,1.25008,1.00,1.50
2016.04.25 14:29:47.618,1.25002,1.25008,1.00,2.62
2016.04.25 14:29:50.176,1.25004,1.25008,1.00,1.57
2016.04.25 14:29:50.480,1.25007,1.2501,1.00,1.12
2016.04.25 14:29:50.784,1.2501,1.25011,1.50,1.00
2016.04.25 14:29:51.290,1.25009,1.25011,1.50,1.00
2016.04.25 14:29:51.606,1.25011,1.25013,1.00,1.32
2016.04.25 14:29:51.721,1.25011,1.25014,2.25,1.20
2016.04.25 14:29:51.874,1.25013,1.25015,1.00,1.50
2016.04.25 14:29:51.975,1.25014,1.25016,1.50,1.10
2016.04.25 14:29:52.380,1.25016,1.25018,1.00,2.25
2016.04.25 14:29:52.684,1.25018,1.25021,2.25,1.40
2016.04.25 14:29:52.734,1.25018,1.25022,2.25,2.63
2016.04.25 14:29:53.681,1.25017,1.25021,1.00,1.00
2016.04.25 14:29:54.035,1.25019,1.25022,1.00,1.39
2016.04.25 14:29:54.361,1.25021,1.25025,1.50,1.50
2016.04.25 14:29:54.670,1.25023,1.25026,1.00,1.75
2016.04.25 14:29:55.174,1.25021,1.25024,2.25,1.12
2016.04.25 14:29:55.326,1.25021,1.25024,1.50,2.32
2016.04.25 14:29:55.427,1.25019,1.25023,1.69,1.07
2016.04.25 14:29:55.524,1.25017,1.25021,1.50,1.00
2016.04.25 14:29:55.727,1.25017,1.25023,1.00,1.09
2016.04.25 14:29:56.183,1.25017,1.25022,2.25,2.25
2016.04.25 14:29:56.486,1.25014,1.25018,2.25,1.10
2016.04.25 14:29:56.835,1.25014,1.25016,2.25,1.00
2016.04.25 14:29:57.139,1.25012,1.25017,1.00,2.14
2016.04.25 14:29:57.645,1.25012,1.25016,1.00,1.20
2016.04.25 14:29:58.177,1.25011,1.25016,1.50,1.10
2016.04.25 14:29:58.834,1.25014,1.25018,1.00,3.00
2016.04.25 14:29:58.986,1.25014,1.25018,1.50,1.95
2016.04.25 14:29:59.189,1.25016,1.25018,1.00,1.10
2016.04.25 14:29:59.732,1.25015,1.25018,3.00,1.50
2016.04.25 14:30:00.421,1.25016,1.25017,1.00,1.10
2016.04.25 14:30:00.826,1.25014,1.25018,1.50,1.20
2016.04.25 14:30:01.355,1.25014,1.25018,1.50,1.27
2016.04.25 14:30:02.304,1.25015,1.2502,1.00,2.89
2016.04.25 14:30:02.812,1.25016,1.25021,2.25,2.14
2016.04.25 14:30:03.345,1.25016,1.25022,2.25,1.09
2016.04.25 14:30:04.988,1.25017,1.25021,1.00,1.25
2016.04.25 14:30:05.364,1.2502,1.25022,1.00,1.29
2016.04.25 14:30:05.466,1.2502,1.25025,1.00,1.00
2016.04.25 14:30:05.518,1.25023,1.25026,1.00,1.10
2016.04.25 14:30:05.823,1.25026,1.25028,1.50,1.10
2016.04.25 14:30:07.794,1.25025,1.25026,1.87,1.00
2016.04.25 14:30:08.098,1.25021,1.25027,1.00,1.50
2016.04.25 14:30:08.608,1.25021,1.25025,1.00,1.12
2016.04.25 14:30:09.130,1.25021,1.25025,1.00,1.37
2016.04.25 14:30:10.410,1.2502,1.25024,1.50,1.37
2016.04.25 14:30:10.563,1.25015,1.25021,1.00,1.00
2016.04.25 14:30:10.614,1.25015,1.25022,1.00,2.32
2016.04.25 14:30:11.417,1.25015,1.25021,1.00,2.62
2016.04.25 14:30:11.721,1.25019,1.25022,1.00,1.31
2016.04.25 14:30:11.773,1.25019,1.25023,1.00,1.69
2016.04.25 14:30:11.927,1.25019,1.25025,1.50,1.29
2016.04.25 14:30:12.179,1.25019,1.25026,1.50,1.20
2016.04.25 14:30:12.281,1.25021,1.25025,1.00,1.12
2016.04.25 14:30:12.847,1.25021,1.25026,1.00,1.20
2016.04.25 14:30:13.403,1.25022,1.25027,1.00,1.87
2016.04.25 14:30:14.213,1.25023,1.25027,1.00,1.87
2016.04.25 14:30:14.718,1.25023,1.25028,1.00,2.25
2016.04.25 14:30:15.346,1.25025,1.25028,1.00,1.50
2016.04.25 14:30:15.515,1.25025,1.2503,1.50,1.10
2016.04.25 14:30:16.022,1.25025,1.25032,1.50,2.14
2016.04.25 14:30:16.600,1.25025,1.2503,1.50,1.00
2016.04.25 14:30:17.156,1.25025,1.2503,1.00,1.37
2016.04.25 14:30:17.661,1.25024,1.25029,1.50,1.20
2016.04.25 14:30:17.883,1.25022,1.25028,1.00,1.12
2016.04.25 14:30:18.137,1.25021,1.25024,1.10,1.00
2016.04.25 14:30:18.652,1.25023,1.25024,1.00,1.00
2016.04.25 14:30:19.332,1.25023,1.25025,1.00,1.00
2016.04.25 14:30:19.535,1.25022,1.25024,1.00,1.00
2016.04.25 14:30:20.527,1.25023,1.25024,1.00,1.00
2016.04.25 14:30:21.041,1.25022,1.25024,1.00,1.00
2016.04.25 14:30:23.071,1.25023,1.25025,1.00,1.00
2016.04.25 14:30:23.760,1.25024,1.25029,1.00,1.95
2016.04.25 14:30:24.214,1.25025,1.25029,1.00,1.95
2016.04.25 14:30:24.367,1.25032,1.25035,1.00,1.20
2016.04.25 14:30:24.418,1.25035,1.25039,1.00,2.62
2016.04.25 14:30:24.796,1.25035,1.2504,1.00,4.50
2016.04.25 14:30:25.099,1.25033,1.25039,1.20,1.75
2016.04.25 14:30:25.403,1.25031,1.25038,1.20,2.25
2016.04.25 14:30:25.656,1.25031,1.25037,1.20,1.00
2016.04.25 14:30:26.186,1.25031,1.25039,1.20,1.75
2016.04.25 14:30:26.489,1.25031,1.25034,1.20,1.00
2016.04.25 14:30:26.995,1.25032,1.25033,1.00,1.00
2016.04.25 14:30:28.203,1.2503,1.25033,2.25,1.00
2016.04.25 14:30:28.709,1.2503,1.25033,1.50,1.50
2016.04.25 14:30:29.567,1.2503,1.25032,1.00,1.00
2016.04.25 14:30:29.719,1.25025,1.25029,3.07,1.00
2016.04.25 14:30:30.331,1.25025,1.25028,1.00,1.00
2016.04.25 14:30:30.635,1.25028,1.25031,1.00,2.02
2016.04.25 14:30:30.737,1.25027,1.2503,1.00,1.50
2016.04.25 14:30:30.788,1.25026,1.25028,1.00,1.00
2016.04.25 14:30:30.990,1.25024,1.25028,1.87,1.00
2016.04.25 14:30:31.503,1.25023,1.25028,1.12,1.00
2016.04.25 14:30:33.515,1.25023,1.25028,2.25,1.00
2016.04.25 14:30:34.038,1.25023,1.25029,1.75,1.00
2016.04.25 14:30:34.564,1.25023,1.25029,1.50,1.00
2016.04.25 14:30:35.578,1.25025,1.25029,1.00,1.00
2016.04.25 14:30:35.961,1.25025,1.25032,1.00,2.77
2016.04.25 14:30:36.113,1.25027,1.25032,1.00,2.25
2016.04.25 14:30:36.417,1.25028,1.25032,1.61,1.00
2016.04.25 14:30:36.761,1.25025,1.25029,1.46,1.00
2016.04.25 14:30:37.066,1.25025,1.25028,1.46,1.00
2016.04.25 14:30:38.604,1.25023,1.25027,5.43,1.00
2016.04.25 14:30:39.142,1.25023,1.25027,3.67,1.00
2016.04.25 14:30:40.805,1.25023,1.25028,4.61,1.00
2016.04.25 14:30:41.362,1.25023,1.25028,3.11,1.00
2016.04.25 14:30:41.888,1.25024,1.25028,1.83,1.00
2016.04.25 14:30:42.211,1.25024,1.25028,1.39,1.00
2016.04.25 14:30:42.581,1.25024,1.25028,1.39,1.00
2016.04.25 14:30:43.483,1.25024,1.25028,2.02,1.00
2016.04.25 14:30:44.439,1.25024,1.25027,2.02,1.00
2016.04.25 14:30:44.770,1.25024,1.25028,2.58,1.00
2016.04.25 14:30:45.287,1.25024,1.25028,2.58,1.00
2016.04.25 14:30:46.084,1.25024,1.25026,1.50,1.50
2016.04.25 14:30:46.135,1.25022,1.25024,1.72,1.00
2016.04.25 14:30:46.542,1.25018,1.25022,1.87,1.00
2016.04.25 14:30:48.026,1.25019,1.25022,1.87,1.00
2016.04.25 14:30:48.127,1.25019,1.25024,2.62,1.00
2016.04.25 14:30:48.632,1.2502,1.25024,2.25,1.00
2016.04.25 14:30:49.576,1.2502,1.25025,2.25,1.00
2016.04.25 14:30:50.348,1.2502,1.25024,1.50,1.00
2016.04.25 14:30:50.808,1.25018,1.25024,1.64,1.00
2016.04.25 14:30:51.163,1.25018,1.25021,1.12,1.00
2016.04.25 14:30:51.315,1.25016,1.2502,1.50,1.00
2016.04.25 14:30:52.235,1.25014,1.25023,3.00,4.31
2016.04.25 14:30:53.691,1.25015,1.25023,1.50,1.69
2016.04.25 14:30:53.893,1.25016,1.25023,1.37,1.69
2016.04.25 14:30:54.037,1.25018,1.25026,1.37,4.31
2016.04.25 14:30:54.088,1.25018,1.25027,1.87,2.32
2016.04.25 14:30:54.615,1.25019,1.25027,1.87,1.39
2016.04.25 14:30:55.140,1.25019,1.25026,2.25,1.00
2016.04.25 14:30:55.256,1.25019,1.25025,1.87,1.69
2016.04.25 14:30:56.881,1.25019,1.25024,1.12,3.00
2016.04.25 14:30:57.387,1.25019,1.25023,1.00,1.39
2016.04.25 14:30:57.690,1.25017,1.25019,1.00,2.81
2016.04.25 14:30:57.944,1.25011,1.25018,1.37,1.10
2016.04.25 14:30:58.097,1.25013,1.2502,1.37,3.75
2016.04.25 14:30:58.300,1.25014,1.25021,1.12,1.69
2016.04.25 14:30:59.289,1.25013,1.25019,3.07,1.00
2016.04.25 14:30:59.592,1.25013,1.25017,2.25,1.00
2016.04.25 14:31:00.123,1.25012,1.25018,1.50,1.20
2016.04.25 14:31:00.427,1.25009,1.25015,2.25,1.00
2016.04.25 14:31:00.961,1.25009,1.25016,1.50,1.00
2016.04.25 14:31:01.489,1.25008,1.25016,3.75,1.00
2016.04.25 14:31:02.606,1.25008,1.25016,3.37,2.62
2016.04.25 14:31:02.910,1.25005,1.25013,6.15,1.00
2016.04.25 14:31:03.667,1.25005,1.25011,7.65,1.00
2016.04.25 14:31:04.183,1.25005,1.25011,1.65,1.31
2016.04.25 14:31:04.688,1.25004,1.25013,3.00,3.90
2016.04.25 14:31:05.198,1.25004,1.25013,1.20,4.50
2016.04.25 14:31:05.501,1.25005,1.25011,3.82,2.44
2016.04.25 14:31:05.653,1.25006,1.25014,3.82,1.50
2016.04.25 14:31:06.419,1.25006,1.25014,7.20,2.44
2016.04.25 14:31:06.925,1.25006,1.25013,1.57,1.00
2016.04.25 14:31:07.470,1.25006,1.25014,1.20,1.50
2016.04.25 14:31:07.978,1.25007,1.25014,1.37,1.10
2016.04.25 14:31:09.277,1.25007,1.25015,1.37,2.32
2016.04.25 14:31:09.430,1.25011,1.25017,1.87,2.44
2016.04.25 14:31:09.582,1.25013,1.25019,1.57,1.00
2016.04.25 14:31:09.734,1.25013,1.2502,3.65,1.50
2016.04.25 14:31:09.836,1.25015,1.25022,2.32,2.62
2016.04.25 14:31:10.165,1.25018,1.25025,1.50,3.34
2016.04.25 14:31:10.318,1.25018,1.25026,1.95,1.84
2016.04.25 14:31:10.419,1.25018,1.25025,1.95,1.19
2016.04.25 14:31:10.673,1.25017,1.25025,1.50,1.31
2016.04.25 14:31:10.724,1.25017,1.25023,1.50,1.50
2016.04.25 14:31:11.967,1.25017,1.25023,1.00,1.00
2016.04.25 14:31:13.028,1.25016,1.25024,4.02,1.50
2016.04.25 14:31:13.542,1.25017,1.25024,1.50,1.50
2016.04.25 14:31:15.600,1.25017,1.25024,2.07,1.50
2016.04.25 14:31:15.943,1.25017,1.25025,5.07,1.50
2016.04.25 14:31:16.246,1.25017,1.25023,5.07,1.00
2016.04.25 14:31:16.770,1.25017,1.25023,4.41,1.00
2016.04.25 14:31:17.155,1.2502,1.25023,1.00,1.00
2016.04.25 14:31:17.733,1.25017,1.25023,4.41,1.00
2016.04.25 14:31:19.285,1.25017,1.25025,1.50,3.00
2016.04.25 14:31:19.493,1.25017,1.25023,1.50,1.00
2016.04.25 14:31:20.402,1.25017,1.25025,2.62,3.00
2016.04.25 14:31:21.009,1.25017,1.25025,1.87,3.00
2016.04.25 14:31:21.558,1.25017,1.25024,4.50,1.00
2016.04.25 14:31:22.392,1.25018,1.25024,1.20,1.50
2016.04.25 14:31:23.158,1.25017,1.25022,4.12,1.00
2016.04.25 14:31:23.512,1.25015,1.25022,9.90,1.50
2016.04.25 14:31:23.865,1.25015,1.2502,5.02,1.00
2016.04.25 14:31:24.378,1.25016,1.25019,1.87,1.00
2016.04.25 14:31:24.652,1.25016,1.25021,1.87,1.00
2016.04.25 14:31:25.160,1.25015,1.2502,1.00,1.25
2016.04.25 14:31:25.684,1.25013,1.25017,4.01,1.00
2016.04.25 14:31:25.988,1.25006,1.25007,2.62,1.00
2016.04.25 14:31:26.241,1.25001,1.25006,1.75,1.00
2016.04.25 14:31:26.342,1.25001,1.25009,1.95,4.09
2016.04.25 14:31:26.900,1.25003,1.25008,2.49,1.25
2016.04.25 14:31:27.414,1.25002,1.25005,2.25,1.00
2016.04.25 14:31:27.566,1.25,1.25003,1.50,1.69
2016.04.25 14:31:27.650,1.24998,1.25,3.37,1.00
2016.04.25 14:31:28.156,1.24998,1.25001,1.95,1.25
2016.04.25 14:31:28.489,1.24996,1.25003,3.45,1.50
2016.04.25 14:31:29.415,1.24996,1.25002,3.45,1.00
2016.04.25 14:31:29.920,1.24996,1.25002,1.57,1.00
2016.04.25 14:31:30.720,1.24995,1.25002,5.70,1.50
2016.04.25 14:31:31.246,1.24996,1.25002,2.25,1.50
2016.04.25 14:31:32.646,1.24996,1.25002,2.25,1.00
2016.04.25 14:31:32.797,1.24995,1.25,2.70,1.00
2016.04.25 14:31:32.899,1.24995,1.25002,3.56,1.01
2016.04.25 14:31:32.950,1.24995,1.25002,3.00,1.20
2016.04.25 14:31:33.059,1.24995,1.25003,3.45,1.57
2016.04.25 14:31:33.111,1.24995,1.24999,3.45,1.00
2016.04.25 14:31:33.363,1.24995,1.25001,1.87,1.25
2016.04.25 14:31:34.081,1.24995,1.25003,2.25,3.19
2016.04.25 14:31:34.702,1.24995,1.25002,2.25,1.00
2016.04.25 14:31:35.349,1.24995,1.25002,1.87,1.00
2016.04.25 14:31:35.819,1.24997,1.25002,1.50,1.00
2016.04.25 14:31:36.443,1.24997,1.25004,1.87,4.87
2016.04.25 14:31:36.964,1.24997,1.25004,1.87,1.20
2016.04.25 14:31:37.319,1.24999,1.25005,1.00,1.57
2016.04.25 14:31:37.471,1.24999,1.25006,1.12,1.20
2016.04.25 14:31:37.982,1.25,1.25007,1.00,2.62
2016.04.25 14:31:38.487,1.25001,1.25006,1.00,1.09
2016.04.25 14:31:39.352,1.25001,1.25006,1.00,2.89
2016.04.25 14:31:39.403,1.24997,1.25005,2.51,1.57
2016.04.25 14:31:39.569,1.24997,1.25004,1.12,1.57
2016.04.25 14:31:41.574,1.24995,1.25004,2.25,1.20
2016.04.25 14:31:45.566,1.24995,1.25004,1.00,1.95
2016.04.25 14:31:46.347,1.24995,1.25004,1.00,1.65
2016.04.25 14:31:46.802,1.24995,1.25003,1.37,1.57
2016.04.25 14:31:47.054,1.24997,1.25005,1.00,1.57
2016.04.25 14:31:47.565,1.24996,1.25005,6.07,1.57
2016.04.25 14:31:47.808,1.24998,1.25007,2.62,3.26
2016.04.25 14:31:48.321,1.24999,1.25007,1.25,4.39
2016.04.25 14:31:48.892,1.24998,1.25006,2.06,2.32
2016.04.25 14:31:49.347,1.24998,1.25001,1.50,1.00
2016.04.25 14:31:49.550,1.24996,1.25003,1.50,1.10
2016.04.25 14:31:49.702,1.24995,1.25001,2.51,1.00
2016.04.25 14:31:49.933,1.24994,1.25001,1.00,2.25
2016.04.25 14:31:50.439,1.24992,1.25001,3.90,1.50
2016.04.25 14:31:50.971,1.24992,1.25002,4.12,4.12
2016.04.25 14:31:52.256,1.24994,1.25002,1.00,2.62
2016.04.25 14:31:52.357,1.24996,1.25002,1.00,1.87
2016.04.25 14:31:52.660,1.24994,1.25003,2.70,1.57
2016.04.25 14:31:53.165,1.24994,1.25002,1.50,2.25
2016.04.25 14:31:55.645,1.24993,1.25001,3.52,1.20
2016.04.25 14:31:56.280,1.24993,1.25002,2.77,2.25
2016.04.25 14:32:00.083,1.24995,1.25002,1.00,1.50
2016.04.25 14:32:00.623,1.24994,1.25002,4.69,1.69
2016.04.25 14:32:00.674,1.24994,1.25002,3.37,1.50
2016.04.25 14:32:00.876,1.24996,1.25002,1.50,1.50
2016.04.25 14:32:01.028,1.24996,1.25004,3.90,1.20
2016.04.25 14:32:01.478,1.24996,1.25,2.32,1.00
2016.04.25 14:32:01.682,1.24992,1.24999,2.25,1.57
2016.04.25 14:32:01.732,1.24992,1.24997,1.50,1.00
2016.04.25 14:32:02.238,1.24992,1.25,2.62,1.87
2016.04.25 14:32:02.541,1.24993,1.25001,2.62,1.50
2016.04.25 14:32:04.952,1.24994,1.25002,2.32,2.89
2016.04.25 14:32:07.187,1.24994,1.25003,1.20,4.57
2016.04.25 14:32:07.490,1.25,1.25006,1.00,1.95
2016.04.25 14:32:08.027,1.24999,1.25008,1.20,2.77
2016.04.25 14:32:08.552,1.24999,1.25008,1.20,3.15
2016.04.25 14:32:09.227,1.25001,1.25008,1.12,3.15
2016.04.25 14:32:10.053,1.25,1.25008,1.00,3.15
2016.04.25 14:32:12.048,1.25,1.25008,2.40,1.84
2016.04.25 14:32:12.382,1.25004,1.25012,1.20,1.20
2016.04.25 14:32:12.636,1.25003,1.25009,1.50,1.00
2016.04.25 14:32:12.687,1.25002,1.25009,1.65,1.00
2016.04.25 14:32:13.192,1.25002,1.25009,1.00,2.81
2016.04.25 14:32:13.726,1.25001,1.25009,1.00,2.81
2016.04.25 14:32:14.251,1.25,1.25009,5.02,3.94
2016.04.25 14:32:14.843,1.25,1.25007,1.20,1.00
2016.04.25 14:32:14.894,1.25,1.25004,1.65,1.00
2016.04.25 14:32:15.147,1.24996,1.25001,1.00,1.00
2016.04.25 14:32:15.655,1.24995,1.25002,1.00,1.20
2016.04.25 14:32:15.756,1.24994,1.25,2.40,1.00
2016.04.25 14:32:15.958,1.24995,1.25003,1.20,2.25
2016.04.25 14:32:16.160,1.24997,1.25005,1.65,2.77
2016.04.25 14:32:16.262,1.24999,1.25005,1.00,1.57
2016.04.25 14:32:16.767,1.24998,1.25006,5.25,1.00
2016.04.25 14:32:17.181,1.24998,1.25004,3.75,1.00
2016.04.25 14:32:17.436,1.24996,1.25002,1.00,1.50
2016.04.25 14:32:17.588,1.24996,1.25003,2.32,1.00
2016.04.25 14:32:18.300,1.24997,1.25004,1.50,1.00
2016.04.25 14:32:18.609,1.24997,1.25002,1.50,1.00
2016.04.25 14:32:18.914,1.24996,1.25003,1.20,1.50
2016.04.25 14:32:19.174,1.24996,1.25002,1.20,1.69
2016.04.25 14:32:19.565,1.24991,1.24997,1.50,1.00
2016.04.25 14:32:19.868,1.24988,1.24991,1.00,1.10
2016.04.25 14:32:19.970,1.24984,1.24991,1.50,1.10
2016.04.25 14:32:20.375,1.24983,1.24991,3.82,1.10
2016.04.25 14:32:22.374,1.24984,1.24991,1.00,1.10
2016.04.25 14:32:23.711,1.24985,1.24992,1.00,1.07
2016.04.25 14:32:23.863,1.24986,1.24994,1.00,1.84
2016.04.25 14:32:24.116,1.24986,1.24992,2.62,1.00
2016.04.25 14:32:24.269,1.24983,1.24992,5.25,1.00
2016.04.25 14:32:24.818,1.24983,1.24991,4.12,1.00
2016.04.25 14:32:25.331,1.24982,1.2499,1.95,1.50
2016.04.25 14:32:25.887,1.24982,1.24989,1.20,1.00
2016.04.25 14:32:27.095,1.24982,1.2499,2.02,1.50
2016.04.25 14:32:27.601,1.24982,1.2499,2.77,1.00
2016.04.25 14:32:27.853,1.24983,1.24988,1.00,1.00
2016.04.25 14:32:27.954,1.24982,1.24991,3.37,4.69
2016.04.25 14:32:28.466,1.24984,1.24991,2.62,1.69
2016.04.25 14:32:28.822,1.24985,1.24992,1.20,2.25
2016.04.25 14:32:29.329,1.24986,1.24993,1.20,1.00
2016.04.25 14:32:30.048,1.24986,1.24994,1.57,1.69
2016.04.25 14:32:30.575,1.24987,1.24994,1.87,1.00
2016.04.25 14:32:31.123,1.24987,1.24994,3.37,1.00
2016.04.25 14:32:31.325,1.24991,1.24995,1.00,1.25
2016.04.25 14:32:31.477,1.24991,1.24999,3.15,1.20
2016.04.25 14:32:31.529,1.24993,1.24999,1.00,1.10
2016.04.25 14:32:32.147,1.24993,1.24999,1.87,1.00
2016.04.25 14:32:32.349,1.24994,1.25001,1.12,1.32
2016.04.25 14:32:32.858,1.24995,1.25001,1.00,1.00
2016.04.25 14:32:33.384,1.24995,1.25002,1.00,1.25
2016.04.25 14:32:33.889,1.24994,1.25002,2.70,1.25
2016.04.25 14:32:34.463,1.24994,1.25001,4.20,1.00
2016.04.25 14:32:35.042,1.24995,1.25001,1.00,1.00
2016.04.25 14:32:35.506,1.24995,1.25004,1.37,4.25
2016.04.25 14:32:35.657,1.24998,1.25005,1.37,2.51
2016.04.25 14:32:35.855,1.25,1.25006,1.00,1.00
2016.04.25 14:32:36.518,1.25,1.25007,3.75,1.00
2016.04.25 14:32:37.039,1.25,1.25006,3.00,1.00
2016.04.25 14:32:37.998,1.25,1.25003,3.00,1.00
2016.04.25 14:32:38.113,1.24999,1.25003,1.27,1.50
2016.04.25 14:32:38.165,1.25,1.25005,1.00,1.20
2016.04.25 14:32:38.469,1.24998,1.25005,1.12,1.50
2016.04.25 14:32:39.004,1.24998,1.25004,1.87,1.00
2016.04.25 14:32:39.541,1.24998,1.25005,1.87,1.25
2016.04.25 14:32:41.388,1.24998,1.25004,1.00,1.00
2016.04.25 14:32:41.792,1.25,1.25005,1.00,1.50
2016.04.25 14:32:42.178,1.24998,1.25005,1.00,1.50
2016.04.25 14:32:42.696,1.24997,1.25005,3.45,1.50
2016.04.25 14:32:43.400,1.24998,1.25005,1.50,1.25
2016.04.25 14:32:44.109,1.24998,1.25001,1.87,1.00
2016.04.25 14:32:44.313,1.24995,1.25002,3.07,1.12
2016.04.25 14:32:44.834,1.24995,1.25004,2.40,1.50
2016.04.25 14:32:45.008,1.24995,1.25001,1.65,1.00
2016.04.25 14:32:46.140,1.24995,1.25001,2.25,1.50
2016.04.25 14:32:46.634,1.24993,1.25,1.00,1.25
2016.04.25 14:32:46.786,1.24992,1.24999,1.50,1.29
2016.04.25 14:32:47.293,1.24992,1.25,1.87,1.76
2016.04.25 14:32:47.844,1.24992,1.24999,1.87,1.29
2016.04.25 14:32:48.349,1.24992,1.25,1.87,2.32
2016.04.25 14:32:48.690,1.24995,1.25001,1.50,1.31
2016.04.25 14:32:48.742,1.24995,1.25003,1.87,3.82
2016.04.25 14:32:49.249,1.24995,1.25003,1.12,3.07
2016.04.25 14:32:50.059,1.24995,1.25002,1.00,1.07
2016.04.25 14:32:50.564,1.24994,1.25002,1.00,1.39
2016.04.25 14:32:51.070,1.24994,1.25003,2.44,1.76
2016.04.25 14:32:51.604,1.24995,1.25003,3.14,1.07
2016.04.25 14:32:52.152,1.24997,1.25004,1.00,1.57
2016.04.25 14:32:52.653,1.24995,1.25004,3.07,3.26
2016.04.25 14:32:53.408,1.24995,1.25004,6.00,1.50
2016.04.25 14:32:54.406,1.24995,1.25004,3.97,2.62
2016.04.25 14:32:54.912,1.24995,1.25,2.62,1.81
2016.04.25 14:32:55.260,1.24989,1.24993,1.10,1.81
2016.04.25 14:32:55.362,1.24987,1.24993,1.20,1.81
2016.04.25 14:32:55.413,1.24987,1.24995,1.20,1.31
2016.04.25 14:32:55.515,1.24988,1.24994,1.00,1.81
2016.04.25 14:32:56.020,1.24987,1.24994,1.95,1.81
2016.04.25 14:32:56.071,1.24987,1.24996,1.95,4.72
2016.04.25 14:32:57.634,1.24987,1.24996,1.95,3.26
2016.04.25 14:32:58.139,1.24987,1.24997,5.32,4.39
2016.04.25 14:33:01.729,1.2499,1.24997,1.00,1.57
2016.04.25 14:33:02.234,1.24989,1.24997,1.50,1.76
2016.04.25 14:33:02.850,1.2499,1.24997,1.00,1.57
2016.04.25 14:33:03.053,1.24988,1.24997,2.65,1.76
2016.04.25 14:33:03.609,1.24987,1.24996,1.20,2.09
2016.04.25 14:33:04.114,1.24986,1.24995,1.57,1.57
2016.04.25 14:33:04.216,1.24985,1.24994,3.52,2.39
2016.04.25 14:33:04.732,1.24986,1.24994,1.50,1.64
2016.04.25 14:33:05.509,1.24986,1.24994,2.25,1.07
2016.04.25 14:33:06.014,1.24986,1.24995,4.08,2.44
2016.04.25 14:33:06.266,1.24988,1.24996,1.50,2.25
2016.04.25 14:33:06.390,1.2499,1.24996,1.12,1.50
2016.04.25 14:33:06.544,1.2499,1.24999,3.45,1.57
2016.04.25 14:33:06.596,1.24992,1.24999,1.00,1.20
2016.04.25 14:33:07.422,1.24991,1.25,3.15,1.69
2016.04.25 14:33:08.782,1.24991,1.24998,1.10,1.12
2016.04.25 14:33:09.313,1.24992,1.25,1.00,4.69
2016.04.25 14:33:09.821,1.24992,1.25,2.25,1.76
2016.04.25 14:33:10.334,1.24993,1.25001,1.20,2.20
2016.04.25 14:33:11.781,1.24993,1.25001,1.57,1.16
2016.04.25 14:33:12.301,1.24994,1.25003,1.57,4.15
2016.04.25 14:33:12.834,1.24994,1.25003,1.50,2.73
2016.04.25 14:33:13.348,1.24995,1.25003,1.00,2.77
2016.04.25 14:33:13.893,1.24993,1.25002,1.50,4.23
2016.04.25 14:33:14.196,1.2499,1.24999,1.95,3.03
2016.04.25 14:33:15.714,1.24992,1.24999,1.00,1.20
2016.04.25 14:33:16.226,1.24992,1.25001,1.20,2.95
2016.04.25 14:33:16.791,1.24992,1.25001,3.07,2.28
2016.04.25 14:33:17.603,1.24992,1.25002,3.07,6.59
2016.04.25 14:33:18.601,1.24992,1.25001,5.70,1.29
2016.04.25 14:33:18.927,1.24998,1.25002,1.50,3.00
2016.04.25 14:33:19.029,1.24998,1.25003,2.25,1.00
2016.04.25 14:33:19.546,1.24998,1.25005,4.50,1.19
2016.04.25 14:33:19.991,1.25,1.25007,1.00,1.84
2016.04.25 14:33:20.496,1.25,1.25007,2.25,1.09
2016.04.25 14:33:21.199,1.24999,1.25006,1.65,1.31
2016.04.25 14:33:21.554,1.25,1.25007,1.75,2.14
2016.04.25 14:33:22.071,1.25001,1.25007,1.07,2.06
2016.04.25 14:33:22.324,1.24999,1.25007,2.51,3.19
2016.04.25 14:33:22.460,1.24999,1.25006,1.76,2.44
2016.04.25 14:33:22.763,1.24997,1.25004,2.89,1.00
2016.04.25 14:33:22.865,1.24995,1.25002,4.50,1.19
2016.04.25 14:33:22.966,1.24994,1.25001,1.95,1.19
2016.04.25 14:33:23.488,1.24993,1.25002,2.25,2.59
2016.04.25 14:33:23.994,1.24993,1.24998,2.25,1.00
2016.04.25 14:33:24.148,1.24992,1.24998,1.57,3.37
2016.04.25 14:33:24.301,1.24989,1.24996,1.12,4.31
2016.04.25 14:33:24.352,1.24988,1.24994,2.32,1.00
2016.04.25 14:33:24.425,1.24987,1.24994,4.12,1.00
2016.04.25 14:33:25.087,1.24988,1.24996,1.65,2.44
2016.04.25 14:33:25.138,1.2499,1.24996,1.12,1.69
2016.04.25 14:33:25.540,1.24991,1.24996,1.12,1.25
2016.04.25 14:33:25.642,1.24992,1.24998,1.95,1.25
2016.04.25 14:33:26.006,1.24993,1.25,1.95,1.91
2016.04.25 14:33:26.830,1.24995,1.25001,1.00,1.65
2016.04.25 14:33:26.982,1.24996,1.25002,1.95,1.69
2016.04.25 14:33:27.033,1.24997,1.25003,1.12,1.50
2016.04.25 14:33:27.236,1.24999,1.25006,1.07,4.31
2016.04.25 14:33:27.589,1.25,1.25006,1.76,1.00
2016.04.25 14:33:27.691,1.25001,1.25009,2.07,1.29
2016.04.25 14:33:28.198,1.25001,1.25006,1.32,1.00
2016.04.25 14:33:28.248,1.25,1.25006,1.09,2.44
2016.04.25 14:33:28.762,1.25,1.25006,1.09,1.69
2016.04.25 14:33:29.498,1.25,1.25004,1.09,1.25
2016.04.25 14:33:29.700,1.25001,1.25007,1.65,1.19
2016.04.25 14:33:29.954,1.25003,1.25007,1.00,1.25
2016.04.25 14:33:30.363,1.25004,1.25012,1.20,3.48
2016.04.25 14:33:30.895,1.25005,1.25011,1.95,1.19
2016.04.25 14:33:30.996,1.25005,1.25011,2.40,1.19
2016.04.25 14:33:31.148,1.25006,1.25014,1.00,3.75
2016.04.25 14:33:31.199,1.25008,1.25014,1.50,2.25
2016.04.25 14:33:31.352,1.25009,1.25015,1.57,1.00
2016.04.25 14:33:31.757,1.25008,1.25014,1.20,1.00
2016.04.25 14:33:31.859,1.25005,1.25014,1.57,1.69
2016.04.25 14:33:31.910,1.25005,1.25013,1.00,3.19
2016.04.25 14:33:32.415,1.25003,1.25012,2.25,1.84
2016.04.25 14:33:32.750,1.25006,1.25012,1.12,1.09
2016.04.25 14:33:33.257,1.25006,1.25014,2.25,1.69
2016.04.25 14:33:34.210,1.25006,1.25012,1.07,1.19
2016.04.25 14:33:34.412,1.25004,1.25011,2.62,1.19
2016.04.25 14:33:34.920,1.25004,1.25012,1.50,2.59
2016.04.25 14:33:35.433,1.25004,1.25012,1.50,2.21
2016.04.25 14:33:37.267,1.25004,1.25011,3.00,1.19
2016.04.25 14:33:37.502,1.25007,1.25015,2.70,5.14
2016.04.25 14:33:38.008,1.25008,1.25016,1.57,1.19
2016.04.25 14:33:38.521,1.25009,1.25017,3.00,3.56
2016.04.25 14:33:39.030,1.2501,1.25014,3.00,1.74
2016.04.25 14:33:39.131,1.2501,1.25017,2.70,2.68
2016.04.25 14:33:39.239,1.25013,1.25017,1.00,1.19
2016.04.25 14:33:39.291,1.25014,1.25018,1.00,1.74
2016.04.25 14:33:39.393,1.25014,1.25021,2.62,1.69
2016.04.25 14:33:39.710,1.25015,1.25017,1.50,1.74
2016.04.25 14:33:39.762,1.25015,1.25019,1.00,1.74
2016.04.25 14:33:39.914,1.25016,1.25021,1.37,2.68
2016.04.25 14:33:40.167,1.25018,1.25023,1.27,1.74
2016.04.25 14:33:40.370,1.2502,1.25023,1.00,1.74
2016.04.25 14:33:40.775,1.25017,1.25021,1.47,1.00
2016.04.25 14:33:40.876,1.25016,1.25022,1.10,2.06
2016.04.25 14:33:41.133,1.25016,1.25023,1.00,2.89
2016.04.25 14:33:41.336,1.25017,1.25022,3.45,1.25
2016.04.25 14:33:41.771,1.25016,1.25024,1.87,1.46
2016.04.25 14:33:42.125,1.25017,1.25025,3.07,1.69
2016.04.25 14:33:42.428,1.25019,1.25027,2.32,3.76
2016.04.25 14:33:43.246,1.2502,1.25027,1.87,1.19
2016.04.25 14:33:43.751,1.2502,1.25028,1.95,1.31
2016.04.25 14:33:43.853,1.25019,1.25028,5.62,1.19
2016.04.25 14:33:44.095,1.25021,1.25029,1.87,1.31
2016.04.25 14:33:44.197,1.25022,1.25031,1.12,3.53
2016.04.25 14:33:44.704,1.25023,1.2503,1.57,1.19
2016.04.25 14:33:44.856,1.25023,1.25032,2.32,2.14
2016.04.25 14:33:45.396,1.25023,1.2503,1.50,1.25
2016.04.25 14:33:45.650,1.25025,1.25032,1.65,2.44
2016.04.25 14:33:45.953,1.25027,1.25033,1.00,1.01
2016.04.25 14:33:46.471,1.25026,1.25033,1.87,1.69
2016.04.25 14:33:46.976,1.25026,1.25033,2.62,1.00
2016.04.25 14:33:47.537,1.25026,1.25033,2.25,1.62
2016.04.25 14:33:47.639,1.25025,1.25033,1.87,2.81
2016.04.25 14:33:48.135,1.25024,1.25028,1.00,1.20
2016.04.25 14:33:49.044,1.25023,1.25028,1.10,1.20
2016.04.25 14:33:49.196,1.25024,1.25031,1.57,1.50
2016.04.25 14:33:49.750,1.25023,1.25033,5.32,4.57
2016.04.25 14:33:50.915,1.25024,1.25031,1.20,1.00
2016.04.25 14:33:51.117,1.25024,1.25029,1.50,1.00
2016.04.25 14:33:51.168,1.25022,1.25029,1.95,1.00
2016.04.25 14:33:51.674,1.25021,1.25029,1.50,1.62
2016.04.25 14:33:52.182,1.2502,1.25028,1.87,1.00
2016.04.25 14:33:52.711,1.2502,1.25027,2.62,1.00
2016.04.25 14:33:52.904,1.2502,1.25029,3.00,2.21
2016.04.25 14:33:53.428,1.25021,1.25029,1.20,2.06
2016.04.25 14:33:53.933,1.25021,1.25027,1.20,1.00
2016.04.25 14:33:54.691,1.25021,1.25029,1.20,2.06
2016.04.25 14:33:55.213,1.25023,1.25029,1.20,1.00
2016.04.25 14:33:55.867,1.25022,1.25028,2.44,1.00
2016.04.25 14:33:56.373,1.25022,1.25029,2.06,1.25
2016.04.25 14:33:56.984,1.25022,1.2503,2.62,2.25
2016.04.25 14:33:57.370,1.25022,1.25028,1.87,1.00
2016.04.25 14:33:57.674,1.25022,1.25029,3.00,1.00
2016.04.25 14:33:58.180,1.25024,1.2503,1.20,1.00
2016.04.25 14:33:58.511,1.25024,1.25032,2.25,1.00
2016.04.25 14:33:59.480,1.25024,1.25033,3.75,2.40
2016.04.25 14:33:59.683,1.25026,1.25034,3.07,1.50
2016.04.25 14:33:59.991,1.25028,1.25035,1.75,1.57
2016.04.25 14:34:00.193,1.2503,1.25037,2.00,3.76
2016.04.25 14:34:00.395,1.2503,1.25036,1.31,1.00
2016.04.25 14:34:00.943,1.25028,1.25037,5.06,1.50
2016.04.25 14:34:01.468,1.2503,1.25036,1.00,1.00
2016.04.25 14:34:01.569,1.2503,1.25038,1.00,1.20
2016.04.25 14:34:02.074,1.2503,1.25038,2.70,3.66
2016.04.25 14:34:02.379,1.25029,1.25035,1.50,1.00
2016.04.25 14:34:02.783,1.25028,1.25033,2.25,1.00
2016.04.25 14:34:02.935,1.25026,1.25034,2.09,1.00
2016.04.25 14:34:02.986,1.25026,1.25032,1.59,1.00
2016.04.25 14:34:03.515,1.25026,1.25033,3.22,1.00
2016.04.25 14:34:04.021,1.25026,1.25034,4.27,1.00
2016.04.25 14:34:04.532,1.25027,1.25034,1.04,1.00
2016.04.25 14:34:05.098,1.25028,1.25035,1.53,2.44
2016.04.25 14:34:05.622,1.25027,1.25034,2.77,1.00
2016.04.25 14:34:07.270,1.25027,1.25035,3.37,2.25
2016.04.25 14:34:07.606,1.25027,1.25033,3.00,1.00
2016.04.25 14:34:08.111,1.25027,1.25034,4.57,1.00
2016.04.25 14:34:08.650,1.25027,1.25034,5.14,1.00
2016.04.25 14:34:09.154,1.25027,1.25035,2.14,1.50
2016.04.25 14:34:09.911,1.25027,1.25034,1.45,1.00
2016.04.25 14:34:10.164,1.25025,1.25034,5.06,1.20
2016.04.25 14:34:10.718,1.25026,1.25033,1.09,1.00
2016.04.25 14:34:11.269,1.25026,1.25033,1.09,1.00
2016.04.25 14:34:11.814,1.25026,1.25035,1.46,3.75
2016.04.25 14:34:12.027,1.25025,1.25029,4.69,1.00
2016.04.25 14:34:13.162,1.25025,1.25029,1.20,1.00
2016.04.25 14:34:14.780,1.25024,1.25029,1.82,1.00
2016.04.25 14:34:16.194,1.25025,1.2503,1.65,1.50
2016.04.25 14:34:16.703,1.25026,1.25029,1.31,1.00
2016.04.25 14:34:17.023,1.25031,1.25034,1.69,4.50
2016.04.25 14:34:17.074,1.25031,1.25033,1.87,1.00
2016.04.25 14:34:17.176,1.25032,1.25034,1.37,1.00
2016.04.25 14:34:17.379,1.25031,1.25035,1.94,1.00
2016.04.25 14:34:17.430,1.25032,1.25034,1.25,1.00
2016.04.25 14:34:17.935,1.25034,1.25036,1.00,1.00
2016.04.25 14:34:18.265,1.25026,1.25029,2.39,1.00
2016.04.25 14:34:18.469,1.25023,1.25027,1.37,1.00
2016.04.25 14:34:19.026,1.25022,1.25027,2.06,1.00
2016.04.25 14:34:19.434,1.25021,1.25026,2.96,1.00
2016.04.25 14:34:19.738,1.2502,1.25022,1.20,1.00
2016.04.25 14:34:20.264,1.25019,1.25021,1.00,1.00
2016.04.25 14:34:20.517,1.25016,1.2502,1.95,1.00
2016.04.25 14:34:21.348,1.25017,1.25021,1.12,1.00
2016.04.25 14:34:21.399,1.25015,1.2502,5.01,1.00
2016.04.25 14:34:21.593,1.25016,1.25018,1.00,1.00
2016.04.25 14:34:21.745,1.25016,1.2502,1.00,1.50
2016.04.25 14:34:21.847,1.25014,1.2502,2.14,1.00
2016.04.25 14:34:22.150,1.25017,1.25019,1.00,1.00
2016.04.25 14:34:22.454,1.25016,1.25022,1.09,1.00
2016.04.25 14:34:22.746,1.25017,1.25024,2.25,1.20
2016.04.25 14:34:23.253,1.2502,1.25025,2.44,1.50
2016.04.25 14:34:24.359,1.2502,1.25025,2.25,1.00
2016.04.25 14:34:25.101,1.25022,1.25026,1.12,1.00
2016.04.25 14:34:25.480,1.2502,1.25024,2.62,1.00
2016.04.25 14:34:25.683,1.25017,1.25022,1.95,1.00
2016.04.25 14:34:25.913,1.25016,1.25021,4.12,1.00
2016.04.25 14:34:26.014,1.25017,1.2502,1.00,1.00
2016.04.25 14:34:26.218,1.25015,1.25019,1.09,1.00
2016.04.25 14:34:26.320,1.25014,1.25018,1.50,1.00
2016.04.25 14:34:26.421,1.25012,1.25018,2.32,1.00
2016.04.25 14:34:26.630,1.25012,1.25015,1.94,1.00
2016.04.25 14:34:26.783,1.25012,1.25014,1.00,1.00
2016.04.25 14:34:26.884,1.25011,1.25016,2.02,1.00
2016.04.25 14:34:27.417,1.25014,1.25015,1.00,1.00
2016.04.25 14:34:27.901,1.25019,1.2502,2.25,2.85
2016.04.25 14:34:28.004,1.25017,1.25022,1.57,1.50
2016.04.25 14:34:28.106,1.25019,1.25024,1.00,1.20
2016.04.25 14:34:28.207,1.25018,1.25025,1.87,3.75
2016.04.25 14:34:28.511,1.2502,1.25026,2.70,1.50
2016.04.25 14:34:28.613,1.2502,1.25027,6.45,1.00
2016.04.25 14:34:29.029,1.25022,1.25028,1.12,1.00
2016.04.25 14:34:30.133,1.25021,1.25028,1.85,1.50
2016.04.25 14:34:30.235,1.2502,1.25027,1.12,1.50
2016.04.25 14:34:30.531,1.25019,1.25024,1.57,1.00
2016.04.25 14:34:31.037,1.25019,1.25024,2.70,1.00
2016.04.25 14:34:31.493,1.25018,1.25022,1.57,1.00
2016.04.25 14:34:31.696,1.2502,1.25024,1.00,1.00
2016.04.25 14:34:32.581,1.2502,1.25025,1.00,1.00
2016.04.25 14:34:32.776,1.25019,1.25025,2.77,1.00
2016.04.25 14:34:32.828,1.25021,1.25027,1.75,1.00
2016.04.25 14:34:32.929,1.25022,1.2503,2.70,5.32
2016.04.25 14:34:33.132,1.25023,1.25027,1.10,1.00
2016.04.25 14:34:33.437,1.25021,1.25025,1.95,1.00
2016.04.25 14:34:33.640,1.25021,1.25025,1.12,1.00
2016.04.25 14:34:33.893,1.2502,1.25023,1.01,1.00
2016.04.25 14:34:34.045,1.2502,1.25025,1.00,1.00
2016.04.25 14:34:34.886,1.2502,1.25026,1.00,1.50
2016.04.25 14:34:35.145,1.2502,1.25026,2.14,1.50
2016.04.25 14:34:36.655,1.2502,1.25026,1.09,1.50
2016.04.25 14:34:37.109,1.25018,1.25023,3.37,1.00
2016.04.25 14:34:37.464,1.25018,1.25026,1.20,1.57
2016.04.25 14:34:38.071,1.25018,1.25025,2.32,1.00
2016.04.25 14:34:38.597,1.25018,1.25024,2.32,1.00
2016.04.25 14:34:39.951,1.25018,1.25024,2.32,1.00
2016.04.25 14:34:40.074,1.2502,1.25026,1.00,1.50
2016.04.25 14:34:40.378,1.25018,1.25024,1.95,1.00
2016.04.25 14:34:40.732,1.25017,1.25023,1.10,1.50
2016.04.25 14:34:40.955,1.25017,1.25023,1.20,1.50
2016.04.25 14:34:41.141,1.25016,1.25023,4.57,1.50
2016.04.25 14:34:41.242,1.25017,1.25023,1.85,1.00
2016.04.25 14:34:41.293,1.25017,1.25025,1.85,2.32
2016.04.25 14:34:41.801,1.25017,1.25024,3.94,1.00
2016.04.25 14:34:42.317,1.25017,1.25024,1.65,1.50
2016.04.25 14:34:42.827,1.25017,1.25024,2.62,1.00
2016.04.25 14:34:43.333,1.25018,1.25025,1.65,2.25
2016.04.25 14:34:43.867,1.25017,1.25025,3.37,2.25
2016.04.25 14:34:44.375,1.25018,1.25026,5.02,3.15
2016.04.25 14:34:44.887,1.25019,1.25025,2.32,1.00
2016.04.25 14:34:45.240,1.25018,1.25025,3.75,1.00
2016.04.25 14:34:45.758,1.25018,1.25025,4.50,1.00
2016.04.25 14:34:45.960,1.25018,1.25023,2.70,1.00
2016.04.25 14:34:46.324,1.25017,1.25021,2.25,1.00
2016.04.25 14:34:46.476,1.25016,1.25023,1.47,2.25
2016.04.25 14:34:46.628,1.25014,1.25021,7.31,1.00
2016.04.25 14:34:46.780,1.25015,1.2502,1.20,1.00
2016.04.25 14:34:46.982,1.25013,1.25019,1.20,1.00
2016.04.25 14:34:47.530,1.25011,1.25019,2.25,2.40
2016.04.25 14:34:48.039,1.25011,1.25019,4.50,1.20
2016.04.25 14:34:48.574,1.25013,1.25019,1.37,1.20
2016.04.25 14:34:49.480,1.25013,1.25019,1.85,1.10
2016.04.25 14:34:49.990,1.25015,1.2502,1.37,1.00
2016.04.25 14:34:50.495,1.25014,1.25021,2.77,1.00
2016.04.25 14:34:50.798,1.25013,1.25019,6.00,1.00
2016.04.25 14:34:51.046,1.25012,1.25018,2.32,1.00
2016.04.25 14:34:51.248,1.25012,1.2502,1.95,1.65
2016.04.25 14:34:51.854,1.25013,1.25022,1.27,5.73
2016.04.25 14:34:52.399,1.25013,1.25022,2.02,3.75
2016.04.25 14:34:52.903,1.25012,1.2502,2.25,1.00
2016.04.25 14:34:53.450,1.25012,1.25021,3.75,5.21
2016.04.25 14:34:53.501,1.25014,1.25019,1.00,1.00
2016.04.25 14:34:54.005,1.25011,1.25019,1.95,1.20
2016.04.25 14:34:54.664,1.2501,1.25018,1.95,1.00
2016.04.25 14:34:55.169,1.2501,1.25019,2.77,1.65
2016.04.25 14:34:55.692,1.25012,1.25017,1.00,1.00
2016.04.25 14:34:56.198,1.2501,1.25016,3.82,1.00
2016.04.25 14:34:56.450,1.2501,1.25018,2.62,1.00
2016.04.25 14:34:56.551,1.2501,1.25016,3.82,1.00
2016.04.25 14:34:56.752,1.2501,1.25018,2.70,1.00
2016.04.25 14:34:57.259,1.25011,1.25019,4.87,1.25
2016.04.25 14:34:57.411,1.25015,1.2502,3.00,1.00
2016.04.25 14:34:57.462,1.25016,1.25024,1.57,3.37
2016.04.25 14:34:57.816,1.25015,1.25024,7.87,1.50
2016.04.25 14:34:58.321,1.25018,1.25026,1.57,3.75
2016.04.25 14:34:59.229,1.25019,1.25026,1.57,3.00
2016.04.25 14:34:59.583,1.2502,1.25028,3.00,2.14
2016.04.25 14:34:59.836,1.25021,1.25028,2.89,1.00
2016.04.25 14:34:59.887,1.25022,1.2503,2.00,1.01
2016.04.25 14:35:00.374,1.25024,1.25033,2.14,2.14
2016.04.25 14:35:00.882,1.25024,1.25033,1.62,1.84
2016.04.25 14:35:01.387,1.25022,1.25032,5.02,2.62
2016.04.25 14:35:01.801,1.25022,1.2503,4.20,1.00
2016.04.25 14:35:02.122,1.25022,1.2503,3.75,1.00
2016.04.25 14:35:02.426,1.25026,1.2503,1.00,1.00
2016.04.25 14:35:02.628,1.25027,1.25032,1.87,1.00
2016.04.25 14:35:02.830,1.25027,1.25034,2.25,1.25
2016.04.25 14:35:03.393,1.25027,1.25034,5.70,1.25
2016.04.25 14:35:03.645,1.25027,1.25035,1.50,1.65
2016.04.25 14:35:04.150,1.25026,1.25035,1.87,4.27
2016.04.25 14:35:04.252,1.25026,1.25035,2.25,4.27
2016.04.25 14:35:04.585,1.25028,1.25035,1.37,3.34
2016.04.25 14:35:04.737,1.25029,1.25038,1.85,5.51
2016.04.25 14:35:05.242,1.2503,1.25038,1.50,5.14
2016.04.25 14:35:05.546,1.25028,1.25037,1.95,3.82
2016.04.25 14:35:05.865,1.25027,1.25036,2.77,3.52
2016.04.25 14:35:06.068,1.25026,1.25034,1.20,1.00
2016.04.25 14:35:06.372,1.25022,1.2503,2.25,2.06
2016.04.25 14:35:06.676,1.2502,1.25027,3.00,1.00
2016.04.25 14:35:07.287,1.25019,1.25027,3.52,1.00
2016.04.25 14:35:08.087,1.25021,1.25027,1.50,1.00
2016.04.25 14:35:08.491,1.25021,1.25028,1.00,5.02
2016.04.25 14:35:09.048,1.25022,1.25028,1.37,4.65
2016.04.25 14:35:09.577,1.25021,1.25026,1.75,1.00
2016.04.25 14:35:09.678,1.25017,1.25025,3.07,3.00
2016.04.25 14:35:10.133,1.25017,1.25026,4.95,4.69
2016.04.25 14:35:10.387,1.25017,1.25024,2.32,1.00
2016.04.25 14:35:10.489,1.25018,1.25024,1.00,1.00
2016.04.25 14:35:10.591,1.25016,1.25023,2.25,3.75
2016.04.25 14:35:10.692,1.25015,1.25022,1.07,2.25
2016.04.25 14:35:10.996,1.25017,1.25022,1.75,1.50
2016.04.25 14:35:11.148,1.25017,1.25024,1.65,1.25
2016.04.25 14:35:11.685,1.25018,1.25026,3.37,2.44
2016.04.25 14:35:12.241,1.25019,1.25027,2.02,3.00
2016.04.25 14:35:12.493,1.2502,1.25027,2.32,2.06
2016.04.25 14:35:13.029,1.25022,1.25029,1.50,2.25
2016.04.25 14:35:13.080,1.25022,1.25029,1.12,2.25
2016.04.25 14:35:13.231,1.25021,1.25028,2.77,1.31
2016.04.25 14:35:13.586,1.2502,1.25029,3.75,5.25
2016.04.25 14:35:14.125,1.2502,1.25026,1.57,1.00
2016.04.25 14:35:14.628,1.25019,1.25025,2.25,3.00
2016.04.25 14:35:15.133,1.25019,1.25025,1.00,1.12
2016.04.25 14:35:15.661,1.25018,1.25025,1.50,2.62
2016.04.25 14:35:15.965,1.25016,1.25022,3.82,3.00
2016.04.25 14:35:16.511,1.25016,1.25024,3.00,5.21
2016.04.25 14:35:17.090,1.25016,1.25022,2.62,1.19
2016.04.25 14:35:17.819,1.25015,1.25022,1.95,1.19
2016.04.25 14:35:18.331,1.25015,1.25022,1.65,1.19
2016.04.25 14:35:18.687,1.25015,1.25022,2.02,1.31
2016.04.25 14:35:19.687,1.25017,1.25022,1.37,1.46
2016.04.25 14:35:19.788,1.25019,1.25024,1.12,1.69
2016.04.25 14:35:19.941,1.2502,1.25026,1.87,1.25
2016.04.25 14:35:19.993,1.2502,1.25026,1.95,1.25
2016.04.25 14:35:20.096,1.2502,1.25027,1.27,2.06
2016.04.25 14:35:20.603,1.25018,1.25025,2.62,1.25
2016.04.25 14:35:21.055,1.2502,1.25028,1.20,2.06
2016.04.25 14:35:21.157,1.2502,1.25026,1.20,1.19
2016.04.25 14:35:21.410,1.25017,1.25025,2.70,2.06
2016.04.25 14:35:21.713,1.25018,1.25026,1.57,1.76
2016.04.25 14:35:22.330,1.25018,1.25026,1.00,1.84
2016.04.25 14:35:22.845,1.25017,1.25025,1.27,1.00
2016.04.25 14:35:22.896,1.25016,1.25024,3.37,1.31
2016.04.25 14:35:23.402,1.25017,1.25025,2.02,2.06
2016.04.25 14:35:23.705,1.25018,1.25025,1.75,1.19
2016.04.25 14:35:24.248,1.25017,1.25025,3.45,1.19
2016.04.25 14:35:24.753,1.25019,1.25025,1.50,1.29
2016.04.25 14:35:25.056,1.25019,1.25025,1.87,1.19
2016.04.25 14:35:25.108,1.25019,1.25027,2.25,2.51
2016.04.25 14:35:25.859,1.2502,1.25027,4.12,1.19
2016.04.25 14:35:26.314,1.2502,1.2503,4.50,3.94
2016.04.25 14:35:26.869,1.2502,1.25029,7.87,1.19
2016.04.25 14:35:27.462,1.25022,1.2503,5.02,1.00
2016.04.25 14:35:27.967,1.25023,1.25031,2.25,2.59
2016.04.25 14:35:28.474,1.25024,1.25031,1.50,2.44
2016.04.25 14:35:28.777,1.25024,1.25031,1.00,2.44
2016.04.25 14:35:29.081,1.25022,1.25029,4.50,1.19
2016.04.25 14:35:29.384,1.25022,1.25029,4.20,3.19
2016.04.25 14:35:29.738,1.25025,1.25032,2.62,1.29
2016.04.25 14:35:30.243,1.25026,1.25032,3.37,1.19
2016.04.25 14:35:30.294,1.25026,1.25034,4.12,1.69
2016.04.25 14:35:30.648,1.25026,1.25034,2.25,1.69
2016.04.25 14:35:31.153,1.25026,1.25034,1.87,2.06
2016.04.25 14:35:31.662,1.25027,1.25035,4.12,1.69
2016.04.25 14:35:32.178,1.25028,1.25035,1.00,1.19
2016.04.25 14:35:32.690,1.25027,1.25035,1.57,3.19
2016.04.25 14:35:32.842,1.25027,1.25037,1.27,4.69
2016.04.25 14:35:32.943,1.25028,1.25035,1.00,1.00
2016.04.25 14:35:33.146,1.25026,1.25034,7.50,3.19
2016.04.25 14:35:33.694,1.25025,1.25034,3.15,3.26
2016.04.25 14:35:34.199,1.25025,1.25034,5.02,2.59
2016.04.25 14:35:34.502,1.25025,1.25031,4.27,2.25
2016.04.25 14:35:35.183,1.25026,1.25031,3.45,2.25
2016.04.25 14:35:35.792,1.25026,1.25031,3.45,2.25
2016.04.25 14:35:36.398,1.25026,1.25031,3.00,2.25
2016.04.25 14:35:36.532,1.25026,1.25034,1.50,4.31
2016.04.25 14:35:37.003,1.25026,1.25032,1.37,1.19
2016.04.25 14:35:37.206,1.25025,1.25032,1.12,1.29
2016.04.25 14:35:37.458,1.25023,1.25032,1.12,2.81
2016.04.25 14:35:37.960,1.25023,1.25032,1.50,4.31
2016.04.25 14:35:38.415,1.25023,1.25028,1.50,1.00
2016.04.25 14:35:38.567,1.25021,1.25027,1.12,1.00
2016.04.25 14:35:38.770,1.25019,1.25028,1.00,3.94
2016.04.25 14:35:39.625,1.25018,1.25027,2.02,2.02
2016.04.25 14:35:39.978,1.25017,1.25024,1.85,1.19
2016.04.25 14:35:40.212,1.25017,1.25024,1.00,3.64
2016.04.25 14:35:40.943,1.25014,1.25023,3.90,2.96
2016.04.25 14:35:41.044,1.25014,1.25023,3.52,2.21
2016.04.25 14:35:41.600,1.25014,1.25023,1.95,2.21
2016.04.25 14:35:42.142,1.25014,1.25021,1.20,2.44
2016.04.25 14:35:42.243,1.25013,1.25018,1.12,1.25
2016.04.25 14:35:42.497,1.25014,1.25022,1.00,4.39
2016.04.25 14:35:43.003,1.25015,1.25022,1.00,2.59
2016.04.25 14:35:43.823,1.25014,1.25023,1.75,3.19
2016.04.25 14:35:45.322,1.25015,1.25023,2.40,1.19
2016.04.25 14:35:45.575,1.25018,1.25024,1.50,1.01
2016.04.25 14:35:46.088,1.25019,1.25026,1.00,1.19
2016.04.25 14:35:47.064,1.25018,1.25026,2.32,1.19
2016.04.25 14:35:47.726,1.25019,1.25026,3.90,1.19
2016.04.25 14:35:48.131,1.2502,1.25026,1.00,1.19
2016.04.25 14:35:48.333,1.25019,1.25026,3.15,1.19
2016.04.25 14:35:49.637,1.25019,1.25027,3.00,1.39
2016.04.25 14:35:49.983,1.25019,1.25024,2.62,1.25
2016.04.25 14:35:50.740,1.25022,1.25026,1.00,1.19
2016.04.25 14:35:52.828,1.25021,1.25029,1.50,1.39
2016.04.25 14:35:53.284,1.2502,1.25027,2.25,1.87
2016.04.25 14:35:54.087,1.25018,1.25027,5.70,3.37
2016.04.25 14:35:54.599,1.25018,1.25025,2.32,1.00
2016.04.25 14:35:55.256,1.25018,1.25025,2.25,1.50
2016.04.25 14:35:55.788,1.25018,1.25025,4.50,1.87
2016.04.25 14:35:56.249,1.25019,1.25027,1.12,1.87
2016.04.25 14:35:56.350,1.25021,1.25028,2.25,1.57
2016.04.25 14:35:56.859,1.25022,1.2503,1.50,1.50
2016.04.25 14:35:57.061,1.25022,1.2503,1.00,1.12
2016.04.25 14:35:57.214,1.25021,1.25028,2.62,1.00
2016.04.25 14:35:57.366,1.25021,1.25028,1.12,1.12
2016.04.25 14:35:58.406,1.25021,1.25029,1.87,2.62
2016.04.25 14:35:58.911,1.25021,1.25029,1.00,1.47
2016.04.25 14:35:59.447,1.25021,1.25029,1.00,1.20
2016.04.25 14:36:00.796,1.2502,1.25029,1.85,1.20
2016.04.25 14:36:01.362,1.25022,1.25029,1.00,2.70
2016.04.25 14:36:01.686,1.2502,1.25027,1.95,1.00
2016.04.25 14:36:02.213,1.2502,1.25029,1.50,7.01
2016.04.25 14:36:02.750,1.25021,1.25029,1.00,2.62
2016.04.25 14:36:03.054,1.2502,1.25029,1.75,2.25
2016.04.25 14:36:03.559,1.25021,1.2503,3.37,3.75
2016.04.25 14:36:04.093,1.25021,1.2503,3.37,3.19
2016.04.25 14:36:04.826,1.25021,1.25029,2.44,1.19
2016.04.25 14:36:05.314,1.25021,1.25028,2.25,1.00
2016.04.25 14:36:05.574,1.25019,1.25029,2.25,1.50
2016.04.25 14:36:05.676,1.25021,1.25029,1.00,1.00
2016.04.25 14:36:06.081,1.25021,1.25027,2.25,1.00
2016.04.25 14:36:07.006,1.25019,1.25028,1.50,2.25
2016.04.25 14:36:07.309,1.25018,1.25027,1.12,2.25
2016.04.25 14:36:07.827,1.25018,1.25024,1.00,1.12
2016.04.25 14:36:08.132,1.25014,1.25021,1.50,2.25
2016.04.25 14:36:08.633,1.25014,1.25021,1.12,1.87
2016.04.25 14:36:09.139,1.25012,1.2502,1.37,1.12
2016.04.25 14:36:09.691,1.25012,1.25021,1.75,5.44
2016.04.25 14:36:10.923,1.25012,1.2502,1.50,1.69
2016.04.25 14:36:11.441,1.25012,1.2502,1.75,1.69
2016.04.25 14:36:11.967,1.25012,1.2502,1.00,2.25
2016.04.25 14:36:13.331,1.25011,1.2502,1.00,2.62
2016.04.25 14:36:13.847,1.25011,1.25019,1.00,1.00
2016.04.25 14:36:14.151,1.25009,1.25018,2.25,1.62
2016.04.25 14:36:14.455,1.25008,1.25017,1.69,1.87
2016.04.25 14:36:14.607,1.25008,1.25016,1.19,1.87
2016.04.25 14:36:15.121,1.25005,1.25013,2.62,1.50
2016.04.25 14:36:15.627,1.25006,1.25014,1.00,3.75
2016.04.25 14:36:15.930,1.25005,1.25013,1.00,1.50
2016.04.25 14:36:16.236,1.24999,1.25008,2.77,1.50
2016.04.25 14:36:16.741,1.24999,1.25008,1.19,2.25
2016.04.25 14:36:17.246,1.25,1.25008,1.50,1.50
2016.04.25 14:36:17.557,1.25,1.25008,4.83,1.50
2016.04.25 14:36:17.860,1.25003,1.25011,3.33,1.87
2016.04.25 14:36:18.365,1.25004,1.25013,1.14,3.19
2016.04.25 14:36:18.908,1.25003,1.25012,4.83,1.50
2016.04.25 14:36:19.261,1.25004,1.25013,3.14,1.12
2016.04.25 14:36:19.767,1.25004,1.25012,2.39,1.50
2016.04.25 14:36:20.532,1.25003,1.25012,3.33,2.06
2016.04.25 14:36:21.370,1.25003,1.25012,2.96,1.56
2016.04.25 14:36:21.541,1.25006,1.25012,2.25,1.50
2016.04.25 14:36:21.845,1.25006,1.25014,2.62,4.12
2016.04.25 14:36:22.350,1.25006,1.25014,3.75,1.87
2016.04.25 14:36:22.552,1.25004,1.25013,1.50,3.56
2016.04.25 14:36:22.656,1.25006,1.25011,2.25,1.00
2016.04.25 14:36:23.162,1.25007,1.25012,2.25,1.12
2016.04.25 14:36:23.668,1.25006,1.25012,2.62,1.25
2016.04.25 14:36:24.477,1.25006,1.25011,2.62,1.00
2016.04.25 14:36:24.991,1.25005,1.25011,3.00,1.00
2016.04.25 14:36:25.295,1.25001,1.25008,1.12,1.12
2016.04.25 14:36:25.750,1.25,1.25006,1.12,1.00
2016.04.25 14:36:26.271,1.25,1.25006,1.50,1.00
2016.04.25 14:36:26.827,1.24999,1.25007,3.75,1.00
2016.04.25 14:36:27.335,1.24999,1.25006,3.00,1.00
2016.04.25 14:36:27.507,1.24999,1.25006,3.00,1.00
2016.04.25 14:36:27.710,1.24999,1.25004,1.69,1.00
2016.04.25 14:36:28.215,1.24999,1.25005,1.00,1.00
2016.04.25 14:36:28.707,1.24998,1.25003,1.12,1.00
2016.04.25 14:36:29.212,1.24999,1.25003,1.00,2.44
2016.04.25 14:36:29.891,1.24999,1.25,1.00,1.00
2016.04.25 14:36:30.418,1.24999,1.25001,1.00,1.00
2016.04.25 14:36:31.023,1.24998,1.25001,1.00,1.00
2016.04.25 14:36:31.540,1.24998,1.25002,1.00,1.25
2016.04.25 14:36:32.101,1.24999,1.25003,1.00,2.44
2016.04.25 14:36:32.635,1.24999,1.25004,1.12,1.00
2016.04.25 14:36:33.141,1.24998,1.25003,1.37,1.00
2016.04.25 14:36:34.242,1.24999,1.25002,1.12,1.00
2016.04.25 14:36:34.596,1.24999,1.25004,1.12,1.00
2016.04.25 14:36:35.969,1.24998,1.25005,1.37,1.69
2016.04.25 14:36:36.070,1.24999,1.25007,1.37,2.06
2016.04.25 14:36:36.428,1.25,1.25004,1.37,1.00
2016.04.25 14:36:36.479,1.24999,1.25004,3.75,1.00
2016.04.25 14:36:37.134,1.24999,1.25005,1.00,4.12
2016.04.25 14:36:38.275,1.24999,1.25006,1.37,2.44
2016.04.25 14:36:38.780,1.25,1.25007,1.87,3.75
2016.04.25 14:36:39.477,1.25,1.25008,1.00,1.25
2016.04.25 14:36:39.932,1.24999,1.25005,2.25,1.00
2016.04.25 14:36:40.083,1.24999,1.25007,2.25,1.12
2016.04.25 14:36:40.387,1.24999,1.25005,3.37,1.00
2016.04.25 14:36:40.901,1.24999,1.25007,2.62,2.25
2016.04.25 14:36:41.683,1.24999,1.25007,1.87,2.44
2016.04.25 14:36:42.491,1.24999,1.25007,1.50,1.50
2016.04.25 14:36:43.388,1.24999,1.25006,1.87,1.00
2016.04.25 14:36:43.691,1.24998,1.25006,1.50,1.00
2016.04.25 14:36:44.683,1.24999,1.25006,1.00,1.00
2016.04.25 14:36:45.444,1.24999,1.25007,2.25,1.87
2016.04.25 14:36:46.143,1.24999,1.25007,2.25,1.50
2016.04.25 14:36:46.703,1.24998,1.25007,3.94,1.69
2016.04.25 14:36:47.760,1.24999,1.25007,2.62,1.50
2016.04.25 14:36:48.064,1.25,1.25009,1.50,1.87
2016.04.25 14:36:48.951,1.24999,1.25009,3.19,2.06
2016.04.25 14:36:49.586,1.24999,1.25009,4.12,1.69
2016.04.25 14:36:49.818,1.25,1.25007,2.25,1.00
2016.04.25 14:36:49.870,1.25,1.25007,1.50,1.12
2016.04.25 14:36:50.023,1.24998,1.25004,1.87,1.50
2016.04.25 14:36:50.528,1.24999,1.25004,1.00,4.69
2016.04.25 14:36:51.070,1.24999,1.25003,1.00,1.25
2016.04.25 14:36:51.398,1.24999,1.25,1.00,1.00
2016.04.25 14:36:51.449,1.24999,1.25002,1.00,1.00
2016.04.25 14:36:51.954,1.24999,1.25003,1.00,2.25
2016.04.25 14:36:53.010,1.24999,1.25004,1.00,1.56
2016.04.25 14:36:53.182,1.24997,1.24999,1.00,1.00
2016.04.25 14:36:53.334,1.24995,1.24998,1.12,1.00
2016.04.25 14:36:54.085,1.24995,1.24996,1.00,1.00
2016.04.25 14:36:54.602,1.24994,1.24997,1.00,1.00
2016.04.25 14:36:57.122,1.24993,1.24997,1.12,1.00
2016.04.25 14:36:57.995,1.24994,1.24997,1.00,1.00
2016.04.25 14:36:58.769,1.24994,1.24998,1.00,1.50
2016.04.25 14:36:59.274,1.24994,1.24999,1.00,5.32
2016.04.25 14:36:59.577,1.24996,1.24999,1.00,1.00
2016.04.25 14:37:00.080,1.24995,1.25,1.00,4.31
2016.04.25 14:37:00.599,1.24994,1.24998,1.00,1.00
2016.04.25 14:37:01.138,1.24993,1.24998,1.00,3.75
2016.04.25 14:37:01.650,1.24993,1.24997,1.00,1.12
2016.04.25 14:37:02.179,1.24994,1.24997,1.00,1.00
2016.04.25 14:37:03.532,1.24993,1.24997,1.00,1.00
2016.04.25 14:37:04.063,1.24993,1.24996,1.00,1.00
2016.04.25 14:37:04.215,1.24991,1.24995,1.00,3.08
2016.04.25 14:37:04.568,1.2499,1.24994,1.00,1.20
2016.04.25 14:37:05.527,1.2499,1.24993,1.00,3.26
2016.04.25 14:37:06.032,1.24989,1.24993,1.00,3.56
2016.04.25 14:37:06.551,1.24988,1.24993,1.00,2.81
2016.04.25 14:37:07.359,1.24988,1.2499,1.00,1.00
2016.04.25 14:37:07.464,1.24985,1.24989,1.12,1.00
2016.04.25 14:37:08.038,1.24985,1.24987,1.00,1.00
2016.04.25 14:37:08.089,1.24985,1.24989,1.00,1.27
2016.04.25 14:37:08.594,1.24985,1.24987,1.00,1.00
2016.04.25 14:37:09.128,1.24984,1.24988,1.00,2.32
2016.04.25 14:37:09.637,1.24985,1.24987,1.00,1.12
2016.04.25 14:37:10.172,1.24986,1.24989,1.00,1.20
2016.04.25 14:37:10.678,1.24985,1.24989,1.00,1.10
2016.04.25 14:37:11.192,1.24986,1.24989,1.00,1.10
2016.04.25 14:37:11.357,1.24988,1.2499,1.00,1.95
2016.04.25 14:37:11.812,1.24988,1.24993,1.00,2.40
2016.04.25 14:37:12.425,1.24991,1.24993,1.00,2.40
2016.04.25 14:37:12.728,1.24988,1.24993,1.12,2.62
2016.04.25 14:37:12.829,1.2499,1.24993,1.00,2.62
2016.04.25 14:37:13.133,1.24992,1.24995,1.00,3.75
2016.04.25 14:37:13.461,1.24994,1.24996,1.00,3.00
2016.04.25 14:37:13.563,1.24995,1.24998,1.00,2.06
2016.04.25 14:37:13.664,1.24996,1.25,1.00,2.70
2016.04.25 14:37:14.222,1.24995,1.24999,1.00,1.50
2016.04.25 14:37:14.989,1.24996,1.25,1.00,2.44
2016.04.25 14:37:15.527,1.24996,1.25,1.00,1.65
2016.04.25 14:37:15.730,1.24999,1.25002,1.00,3.00
2016.04.25 14:37:15.781,1.24999,1.25002,1.00,1.69
2016.04.25 14:37:16.286,1.24999,1.25004,1.00,7.31
2016.04.25 14:37:16.830,1.24999,1.25003,1.00,1.19
2016.04.25 14:37:17.395,1.24998,1.25003,1.12,3.56
2016.04.25 14:37:18.376,1.24999,1.25002,1.00,1.00
2016.04.25 14:37:20.097,1.24998,1.25002,1.12,3.37
2016.04.25 14:37:20.704,1.24998,1.25002,1.37,1.00
2016.04.25 14:37:20.805,1.24998,1.25003,1.50,1.00
2016.04.25 14:37:20.957,1.24999,1.25005,1.12,4.09
2016.04.25 14:37:21.311,1.25,1.25006,1.37,1.10
2016.04.25 14:37:21.463,1.25001,1.25009,2.25,2.81
2016.04.25 14:37:21.716,1.25002,1.25011,2.62,4.94
2016.04.25 14:37:21.965,1.25002,1.2501,1.12,2.81
2016.04.25 14:37:25.710,1.25001,1.25009,1.00,1.20
2016.04.25 14:37:26.918,1.25,1.25009,3.75,1.57
2016.04.25 14:37:27.455,1.25001,1.2501,3.00,4.86
2016.04.25 14:37:28.269,1.25001,1.2501,1.87,3.74
2016.04.25 14:37:30.096,1.25,1.25009,6.56,1.46
2016.04.25 14:37:32.471,1.25004,1.25009,1.37,1.32
2016.04.25 14:37:32.572,1.25007,1.25011,1.00,1.00
2016.04.25 14:37:32.674,1.25005,1.25013,2.25,1.70
2016.04.25 14:37:32.977,1.25008,1.25013,1.00,4.01
2016.04.25 14:37:33.521,1.25007,1.25012,1.00,1.12
2016.04.25 14:37:33.875,1.25005,1.25013,1.00,4.27
2016.04.25 14:37:33.926,1.25005,1.25011,1.00,1.19
2016.04.25 14:37:34.585,1.25005,1.25009,1.00,1.00
2016.04.25 14:37:34.992,1.25003,1.25009,1.00,1.37
2016.04.25 14:37:35.448,1.25005,1.25007,1.00,1.00
2016.04.25 14:37:35.853,1.25003,1.25005,1.00,1.00
2016.04.25 14:37:37.585,1.25001,1.25005,1.00,1.00
2016.04.25 14:37:37.787,1.25,1.25003,1.00,1.25
2016.04.25 14:37:38.091,1.24999,1.25002,1.00,1.69
2016.04.25 14:37:38.458,1.24997,1.24999,1.50,1.50
2016.04.25 14:37:38.863,1.24998,1.25001,1.00,1.00
2016.04.25 14:37:39.393,1.24998,1.25,1.00,1.50
2016.04.25 14:37:40.050,1.24998,1.25002,1.50,1.87
2016.04.25 14:37:40.504,1.25,1.25002,1.00,1.50
2016.04.25 14:37:40.757,1.24999,1.25002,1.00,1.69
2016.04.25 14:37:40.808,1.25002,1.25004,1.00,6.00
2016.04.25 14:37:40.909,1.25003,1.25006,1.00,2.44
2016.04.25 14:37:41.061,1.25004,1.25007,1.00,1.69
2016.04.25 14:37:41.364,1.25003,1.25005,1.00,1.69
2016.04.25 14:37:41.610,1.25001,1.25005,1.50,1.69
2016.04.25 14:37:41.817,1.25003,1.25005,1.00,1.69
2016.04.25 14:37:41.868,1.25002,1.25005,1.00,1.69
2016.04.25 14:37:42.437,1.25001,1.25004,1.00,1.00
2016.04.25 14:37:42.488,1.24999,1.25004,1.50,2.91
2016.04.25 14:37:42.753,1.24999,1.25003,1.00,2.44
2016.04.25 14:37:43.157,1.24997,1.24999,1.50,1.00
2016.04.25 14:37:43.682,1.24997,1.25001,1.50,1.31
2016.04.25 14:37:44.137,1.24998,1.24999,1.00,1.50
2016.04.25 14:37:44.339,1.24999,1.25001,1.00,3.19
2016.04.25 14:37:45.214,1.24998,1.25,1.00,1.00
2016.04.25 14:37:45.738,1.24999,1.25001,1.00,2.81
2016.04.25 14:37:46.041,1.25001,1.25003,1.00,2.96
2016.04.25 14:37:46.484,1.25001,1.25004,1.00,1.87
2016.04.25 14:37:47.260,1.25003,1.25005,1.00,1.31
2016.04.25 14:37:47.564,1.25005,1.25008,1.00,6.00
2016.04.25 14:37:48.084,1.25005,1.25008,1.00,6.19
2016.04.25 14:37:48.596,1.25004,1.25007,1.00,1.25
2016.04.25 14:37:48.748,1.25001,1.25006,1.00,1.12
2016.04.25 14:37:48.800,1.25001,1.25005,1.00,1.50
2016.04.25 14:37:49.204,1.24999,1.25003,2.25,2.06
2016.04.25 14:37:49.255,1.25001,1.25003,1.00,1.87
2016.04.25 14:37:49.357,1.24999,1.25003,2.25,1.87
2016.04.25 14:37:49.681,1.25001,1.25003,1.00,1.87
2016.04.25 14:37:49.985,1.25002,1.25006,1.00,1.69
2016.04.25 14:37:50.391,1.24999,1.25006,1.50,2.06
2016.04.25 14:37:50.846,1.25002,1.25004,1.00,1.25
2016.04.25 14:37:51.380,1.25001,1.25005,1.00,2.81
2016.04.25 14:37:51.684,1.25003,1.25005,1.00,2.25
2016.04.25 14:37:52.208,1.25004,1.25006,1.00,1.50
2016.04.25 14:37:52.527,1.25004,1.25008,1.00,4.12
2016.04.25 14:37:52.629,1.25004,1.25007,1.00,1.19
2016.04.25 14:37:52.932,1.25005,1.25008,1.00,3.00
2016.04.25 14:37:53.084,1.25007,1.2501,1.00,2.44
2016.04.25 14:37:53.600,1.25006,1.2501,1.00,1.25
2016.04.25 14:37:54.105,1.25006,1.2501,1.00,1.19
2016.04.25 14:37:54.235,1.25007,1.2501,1.00,1.69
2016.04.25 14:37:54.637,1.25005,1.2501,1.50,1.56
2016.04.25 14:37:54.738,1.25005,1.25008,1.00,1.69
2016.04.25 14:37:54.998,1.25004,1.25007,1.00,1.50
2016.04.25 14:37:55.512,1.25004,1.25007,1.00,1.00
2016.04.25 14:37:56.056,1.25005,1.25008,1.00,1.31
2016.04.25 14:37:57.913,1.25006,1.25009,1.00,2.25
2016.04.25 14:37:58.015,1.25006,1.2501,1.00,1.00
2016.04.25 14:37:58.497,1.25004,1.25009,1.00,1.50
2016.04.25 14:37:59.002,1.25003,1.25007,1.00,1.50
2016.04.25 14:38:01.022,1.25004,1.25007,1.00,2.62
2016.04.25 14:38:01.529,1.25005,1.25008,1.50,2.44
2016.04.25 14:38:02.079,1.25005,1.25007,1.50,1.50
2016.04.25 14:38:02.560,1.25001,1.25007,1.00,1.87
2016.04.25 14:38:02.713,1.25,1.25004,1.00,1.12
2016.04.25 14:38:03.242,1.24999,1.25003,1.00,1.12
2016.04.25 14:38:03.545,1.25002,1.25004,1.00,1.12
2016.04.25 14:38:03.749,1.25,1.25003,1.00,1.00
2016.04.25 14:38:04.502,1.25,1.25004,1.50,1.50
2016.04.25 14:38:05.420,1.25,1.25002,1.50,1.50
2016.04.25 14:38:05.958,1.24996,1.25003,1.00,3.37
2016.04.25 14:38:06.009,1.24996,1.25001,1.00,1.37
2016.04.25 14:38:06.413,1.24994,1.25,1.00,2.06
2016.04.25 14:38:06.720,1.24996,1.24999,1.00,1.69
2016.04.25 14:38:07.224,1.24995,1.25,1.00,4.31
2016.04.25 14:38:07.528,1.24998,1.25001,1.00,3.00
2016.04.25 14:38:08.073,1.24997,1.25001,1.50,2.81
2016.04.25 14:38:08.888,1.24997,1.25,1.00,1.00
2016.04.25 14:38:09.393,1.24997,1.25001,1.00,1.12
2016.04.25 14:38:09.703,1.24999,1.25002,1.00,2.70
2016.04.25 14:38:09.855,1.25001,1.25004,1.00,1.50
2016.04.25 14:38:10.029,1.24999,1.25006,1.50,4.69
2016.04.25 14:38:10.130,1.25001,1.25005,1.00,2.06
2016.04.25 14:38:10.636,1.25,1.25004,1.50,1.87
2016.04.25 14:38:11.141,1.25,1.25004,1.00,1.50
2016.04.25 14:38:11.293,1.24997,1.25001,1.00,1.00
2016.04.25 14:38:11.647,1.24995,1.25001,1.00,2.62
2016.04.25 14:38:12.430,1.24996,1.24998,1.00,1.50
2016.04.25 14:38:12.886,1.24994,1.24999,1.00,1.87
2016.04.25 14:38:13.089,1.24996,1.25,1.00,2.70
2016.04.25 14:38:13.292,1.24997,1.25002,1.00,2.14
2016.04.25 14:38:13.444,1.24999,1.25002,1.00,1.87
2016.04.25 14:38:13.697,1.25001,1.25004,1.00,1.00
2016.04.25 14:38:13.798,1.25002,1.25006,1.00,1.00
2016.04.25 14:38:13.950,1.25,1.25008,1.00,4.31
2016.04.25 14:38:14.113,1.25,1.25005,1.00,1.69
2016.04.25 14:38:14.468,1.25002,1.25005,1.00,1.12
2016.04.25 14:38:14.822,1.24999,1.25005,1.00,1.00
2016.04.25 14:38:15.074,1.25001,1.25005,1.00,1.12
2016.04.25 14:38:15.125,1.24999,1.25005,1.00,1.12
2016.04.25 14:38:15.794,1.25,1.25006,1.00,2.06
2016.04.25 14:38:15.997,1.25002,1.25006,1.00,1.69
2016.04.25 14:38:16.098,1.25002,1.25008,1.00,2.81
2016.04.25 14:38:16.257,1.25002,1.25008,1.00,3.37
2016.04.25 14:38:16.825,1.25002,1.25008,1.00,2.62
2016.04.25 14:38:17.138,1.25004,1.25008,1.00,2.62
2016.04.25 14:38:17.668,1.25003,1.25008,1.00,1.87
2016.04.25 14:38:17.770,1.25001,1.25008,1.00,1.50
2016.04.25 14:38:18.338,1.25001,1.25007,1.00,1.00
2016.04.25 14:38:18.490,1.25004,1.25008,1.00,2.06
2016.04.25 14:38:18.962,1.25003,1.2501,1.00,5.25
2016.04.25 14:38:19.468,1.25002,1.25008,1.00,3.37
2016.04.25 14:38:19.570,1.25,1.25006,1.00,2.25
2016.04.25 14:38:19.621,1.25,1.25006,1.00,3.75
2016.04.25 14:38:19.925,1.24999,1.25003,1.00,1.50
2016.04.25 14:38:20.077,1.24998,1.25003,1.00,1.50
2016.04.25 14:38:20.280,1.24996,1.25004,1.50,1.87
2016.04.25 14:38:20.432,1.24998,1.25004,1.00,2.25
2016.04.25 14:38:21.591,1.24998,1.25004,1.00,1.87
2016.04.25 14:38:22.107,1.24998,1.25004,1.00,4.50
2016.04.25 14:38:22.158,1.24998,1.25003,1.00,1.00
2016.04.25 14:38:22.697,1.24998,1.25003,1.00,1.19
2016.04.25 14:38:23.001,1.24998,1.25005,1.00,1.69
2016.04.25 14:38:23.524,1.24999,1.25003,1.00,1.00
2016.04.25 14:38:23.626,1.24997,1.25004,1.00,3.94
2016.04.25 14:38:24.810,1.24996,1.25003,2.25,4.50
2016.04.25 14:38:25.166,1.24998,1.25003,1.00,3.19
2016.04.25 14:38:25.672,1.24998,1.25003,1.00,2.44
2016.04.25 14:38:26.622,1.25,1.25003,1.00,1.27
2016.04.25 14:38:26.825,1.25001,1.25007,1.00,3.19
2016.04.25 14:38:27.361,1.25002,1.25009,1.00,4.31
2016.04.25 14:38:27.723,1.25001,1.25006,1.00,2.06
2016.04.25 14:38:27.926,1.25001,1.25006,1.00,1.00
2016.04.25 14:38:28.522,1.25001,1.25007,1.00,2.25
2016.04.25 14:38:29.348,1.25,1.25004,1.00,1.00
2016.04.25 14:38:29.399,1.24997,1.25004,4.50,1.00
2016.04.25 14:38:29.955,1.24997,1.25004,4.31,1.00
2016.04.25 14:38:30.901,1.24997,1.25002,2.62,1.00
2016.04.25 14:38:31.216,1.24999,1.25002,1.87,1.00
2016.04.25 14:38:31.519,1.24999,1.25005,1.87,3.19
2016.04.25 14:38:32.025,1.24999,1.25005,1.87,3.19
2016.04.25 14:38:32.227,1.24999,1.25006,2.25,2.51
2016.04.25 14:38:32.278,1.25002,1.25006,1.87,1.31
2016.04.25 14:38:32.377,1.25002,1.25008,1.87,2.06
2016.04.25 14:38:32.580,1.25005,1.25009,1.87,2.06
2016.04.25 14:38:33.238,1.25005,1.2501,1.87,2.06
2016.04.25 14:38:33.577,1.25007,1.25013,1.87,1.75
2016.04.25 14:38:34.138,1.25007,1.25012,1.87,1.00
2016.04.25 14:38:34.646,1.25006,1.25012,1.87,1.50
2016.04.25 14:38:34.899,1.25004,1.25012,1.50,1.69
2016.04.25 14:38:35.410,1.25004,1.25012,1.69,2.06
2016.04.25 14:38:35.716,1.25004,1.2501,1.50,1.62
2016.04.25 14:38:35.969,1.25,1.25007,1.00,3.00
2016.04.25 14:38:36.222,1.24998,1.25005,2.25,1.12
2016.04.25 14:38:36.727,1.24997,1.25006,1.00,5.06
2016.04.25 14:38:37.235,1.24998,1.25004,1.87,1.00
2016.04.25 14:38:37.439,1.24998,1.25006,2.25,3.07
2016.04.25 14:38:38.539,1.24998,1.25006,2.62,4.12
2016.04.25 14:38:39.044,1.24998,1.25005,2.25,2.62
2016.04.25 14:38:39.499,1.25,1.25004,1.00,1.00
2016.04.25 14:38:39.852,1.25001,1.25006,1.00,2.25
2016.04.25 14:38:40.146,1.25002,1.25009,1.00,2.32
2016.04.25 14:38:40.754,1.25003,1.25009,1.00,1.57
2016.04.25 14:38:40.856,1.25,1.25009,1.12,1.57
2016.04.25 14:38:41.458,1.24999,1.25009,2.06,1.31
2016.04.25 14:38:41.610,1.24999,1.25009,3.37,1.12
2016.04.25 14:38:43.954,1.25,1.25009,1.87,1.00
2016.04.25 14:38:44.156,1.25003,1.25011,1.12,2.62
2016.04.25 14:38:44.560,1.25001,1.25011,3.37,3.56
2016.04.25 14:38:45.190,1.25003,1.25011,1.00,2.44
2016.04.25 14:38:45.703,1.25004,1.25012,1.87,1.39
2016.04.25 14:38:47.768,1.25002,1.25012,1.87,2.96
2016.04.25 14:38:48.312,1.25003,1.25012,1.50,2.44
2016.04.25 14:38:48.829,1.25003,1.25012,1.00,1.19
2016.04.25 14:38:49.132,1.25005,1.25013,1.00,2.06
2016.04.25 14:38:49.674,1.25004,1.25013,1.12,2.44
2016.04.25 14:38:49.725,1.25005,1.25013,1.00,1.50
2016.04.25 14:38:50.230,1.25005,1.25013,1.87,1.00
2016.04.25 14:38:50.894,1.25005,1.25013,1.12,1.00
2016.04.25 14:38:51.096,1.25006,1.25013,1.69,1.00
2016.04.25 14:38:51.706,1.25007,1.25015,2.25,2.06
2016.04.25 14:38:52.010,1.25009,1.25015,1.87,1.25
2016.04.25 14:38:52.262,1.2501,1.2502,1.69,3.26
2016.04.25 14:38:52.669,1.2501,1.25018,1.37,1.00
2016.04.25 14:38:52.871,1.2501,1.2502,3.75,2.62
2016.04.25 14:38:53.383,1.2501,1.2502,3.00,3.37
2016.04.25 14:38:53.781,1.2501,1.25019,3.00,1.12
2016.04.25 14:38:53.883,1.2501,1.25018,2.25,1.00
2016.04.25 14:38:54.136,1.25011,1.2502,1.50,2.62
2016.04.25 14:38:54.642,1.25011,1.25021,1.87,1.87
2016.04.25 14:38:55.164,1.25011,1.2502,3.75,1.87
2016.04.25 14:38:55.669,1.25013,1.2502,2.62,1.19
2016.04.25 14:38:56.023,1.25011,1.2502,1.62,1.31
2016.04.25 14:38:56.494,1.25012,1.2502,1.37,1.19
2016.04.25 14:38:56.545,1.25012,1.25021,3.37,1.10
2016.04.25 14:38:56.697,1.25013,1.25023,4.12,3.00
2016.04.25 14:38:57.101,1.25013,1.25022,1.87,1.69
2016.04.25 14:38:57.613,1.25013,1.25022,1.87,1.37
2016.04.25 14:38:58.118,1.25013,1.25023,1.50,6.34
2016.04.25 14:38:58.776,1.25013,1.25021,3.37,1.00
2016.04.25 14:38:59.304,1.25013,1.2502,3.37,1.00
2016.04.25 14:39:00.016,1.25013,1.25021,1.50,1.00
2016.04.25 14:39:00.611,1.25013,1.2502,3.37,1.00
2016.04.25 14:39:01.111,1.25013,1.2502,3.37,1.00
2016.04.25 14:39:01.617,1.25014,1.25021,1.50,1.00
2016.04.25 14:39:02.162,1.25013,1.2502,4.87,1.00
2016.04.25 14:39:02.668,1.25013,1.2502,4.12,1.00
2016.04.25 14:39:03.833,1.25015,1.25021,1.50,1.12
2016.04.25 14:39:04.375,1.25015,1.2502,1.50,1.00
2016.04.25 14:39:04.426,1.25015,1.25022,1.50,1.50
2016.04.25 14:39:04.931,1.25015,1.25021,1.12,1.00
2016.04.25 14:39:05.441,1.25014,1.2502,2.25,1.00
2016.04.25 14:39:05.543,1.25012,1.2502,1.50,3.00
2016.04.25 14:39:06.057,1.25013,1.25023,1.12,2.44
2016.04.25 14:39:06.116,1.25014,1.25023,2.06,2.81
2016.04.25 14:39:06.270,1.25014,1.25023,2.62,1.69
2016.04.25 14:39:06.472,1.25014,1.25023,1.50,1.37
2016.04.25 14:39:06.978,1.25013,1.25023,1.50,2.25
2016.04.25 14:39:07.505,1.25012,1.25023,5.62,1.37
2016.04.25 14:39:08.328,1.25013,1.25022,1.87,1.12
2016.04.25 14:39:08.832,1.25013,1.25021,1.50,1.50
2016.04.25 14:39:10.136,1.25013,1.25021,1.87,1.00
2016.04.25 14:39:10.590,1.25015,1.2502,1.00,1.25
2016.04.25 14:39:10.743,1.25014,1.25023,1.50,2.06
2016.04.25 14:39:11.176,1.25014,1.25022,1.00,1.62
2016.04.25 14:39:11.681,1.25013,1.2502,1.87,1.12
2016.04.25 14:39:12.196,1.25012,1.25021,1.50,1.69
2016.04.25 14:39:12.725,1.25012,1.2502,1.50,1.00
2016.04.25 14:39:13.244,1.25012,1.25021,1.50,1.69
2016.04.25 14:39:13.844,1.25012,1.2502,1.50,1.00
2016.04.25 14:39:14.672,1.25012,1.25021,2.25,1.69
2016.04.25 14:39:14.874,1.25012,1.2502,1.50,1.37
2016.04.25 14:39:15.402,1.25011,1.2502,2.62,1.87
2016.04.25 14:39:16.058,1.25012,1.2502,1.00,1.87
2016.04.25 14:39:16.400,1.25013,1.25021,1.87,2.06
2016.04.25 14:39:16.703,1.25013,1.25022,2.25,2.62
2016.04.25 14:39:17.158,1.25013,1.2502,3.00,1.00
2016.04.25 14:39:17.462,1.25015,1.2502,1.37,1.00
2016.04.25 14:39:17.563,1.25016,1.25023,1.69,1.31
2016.04.25 14:39:18.113,1.25016,1.25023,1.00,1.00
2016.04.25 14:39:18.619,1.25017,1.25024,1.00,1.69
2016.04.25 14:39:20.311,1.25016,1.25024,1.50,2.06
2016.04.25 14:39:20.997,1.25016,1.25024,1.37,3.19
2016.04.25 14:39:21.502,1.25017,1.25024,1.12,1.00
2016.04.25 14:39:21.654,1.25018,1.25026,1.50,1.87
2016.04.25 14:39:22.335,1.25019,1.25026,1.87,1.87
2016.04.25 14:39:22.437,1.25019,1.25024,2.62,1.00
2016.04.25 14:39:22.538,1.25017,1.25024,3.75,1.87
2016.04.25 14:39:22.942,1.25016,1.25023,1.00,1.12
2016.04.25 14:39:23.063,1.25016,1.25021,1.12,1.00
2016.04.25 14:39:23.416,1.25015,1.25024,1.69,4.87
2016.04.25 14:39:23.924,1.25014,1.25024,6.37,4.50
2016.04.25 14:39:24.407,1.25016,1.25024,6.00,2.25
2016.04.25 14:39:24.913,1.25019,1.25025,3.00,1.50
2016.04.25 14:39:25.528,1.25019,1.25027,2.62,2.62
2016.04.25 14:39:26.034,1.25019,1.25026,2.62,1.00
2016.04.25 14:39:26.832,1.25019,1.25025,2.62,1.00
2016.04.25 14:39:27.293,1.25019,1.25024,2.25,1.87
2016.04.25 14:39:27.344,1.25017,1.25024,2.25,3.00
2016.04.25 14:39:27.861,1.25017,1.25024,2.25,3.37
2016.04.25 14:39:27.912,1.25014,1.25024,3.75,4.12
2016.04.25 14:39:28.927,1.25014,1.25023,1.75,1.12
2016.04.25 14:39:29.079,1.25014,1.25023,1.50,1.50
2016.04.25 14:39:29.615,1.25014,1.25024,1.50,5.25
2016.04.25 14:39:30.144,1.25013,1.25023,3.75,3.00
2016.04.25 14:39:31.321,1.25013,1.25021,1.50,2.25
2016.04.25 14:39:31.958,1.25011,1.25021,5.81,5.25
2016.04.25 14:39:32.466,1.25012,1.2502,1.62,1.50
2016.04.25 14:39:33.245,1.25012,1.2502,1.25,2.25
2016.04.25 14:39:33.347,1.25012,1.2502,2.06,1.00
2016.04.25 14:39:33.851,1.25012,1.25022,2.06,3.19
2016.04.25 14:39:34.382,1.25013,1.25021,1.50,4.31
2016.04.25 14:39:34.685,1.25013,1.25021,3.94,1.87
2016.04.25 14:39:34.736,1.25012,1.25019,1.87,1.25
2016.04.25 14:39:35.159,1.25012,1.25019,1.00,2.06
2016.04.25 14:39:35.463,1.25012,1.25015,1.00,1.12
2016.04.25 14:39:35.564,1.2501,1.25015,1.25,1.12
2016.04.25 14:39:35.615,1.25008,1.25015,1.31,1.50
2016.04.25 14:39:36.480,1.25007,1.25014,1.56,1.00
2016.04.25 14:39:38.260,1.25007,1.25014,1.31,1.50
2016.04.25 14:39:38.981,1.25006,1.25015,2.06,1.50
2016.04.25 14:39:40.919,1.25006,1.25015,4.50,1.50
2016.04.25 14:39:41.691,1.25008,1.25017,1.69,2.25
2016.04.25 14:39:42.199,1.25008,1.25017,1.69,2.25
2016.04.25 14:39:42.778,1.25007,1.25017,3.94,3.75
2016.04.25 14:39:43.285,1.25007,1.25017,2.62,4.31
2016.04.25 14:39:44.554,1.25007,1.25017,4.31,3.00
2016.04.25 14:39:45.099,1.25007,1.25016,4.31,1.00
2016.04.25 14:39:46.857,1.25007,1.25015,3.19,1.00
2016.04.25 14:39:47.410,1.25008,1.25015,3.00,1.00
2016.04.25 14:39:47.461,1.25008,1.25015,2.25,1.00
2016.04.25 14:39:48.313,1.25008,1.25016,2.62,1.87
2016.04.25 14:39:48.862,1.25007,1.25015,1.87,1.12
2016.04.25 14:39:50.217,1.25006,1.25015,1.87,1.87
2016.04.25 14:39:50.723,1.25005,1.25012,4.12,1.00
2016.04.25 14:39:51.229,1.25004,1.25012,1.12,1.00
2016.04.25 14:39:51.764,1.25004,1.25014,1.87,4.08
2016.04.25 14:39:52.605,1.25004,1.25014,1.87,4.08
2016.04.25 14:39:53.110,1.25004,1.25014,2.25,1.50
2016.04.25 14:39:53.615,1.25006,1.25015,1.00,1.64
2016.04.25 14:39:54.170,1.25006,1.25015,1.12,2.62
2016.04.25 14:39:55.182,1.25006,1.25015,1.50,1.50
2016.04.25 14:39:55.702,1.25006,1.25015,1.87,1.87
2016.04.25 14:39:56.225,1.25006,1.25015,3.00,1.00
2016.04.25 14:39:57.331,1.25006,1.25015,1.12,1.12
2016.04.25 14:39:57.875,1.25008,1.25016,1.00,1.00
2016.04.25 14:39:58.179,1.25012,1.25021,3.00,2.44
2016.04.25 14:39:58.685,1.25013,1.2502,1.50,1.00
2016.04.25 14:39:59.220,1.25013,1.25022,1.87,3.00
2016.04.25 14:39:59.372,1.25014,1.25022,1.12,1.87
2016.04.25 14:39:59.675,1.25014,1.25023,3.75,1.69
2016.04.25 14:40:00.190,1.25016,1.25024,1.87,4.50
2016.04.25 14:40:03.302,1.25016,1.25022,1.50,1.00
2016.04.25 14:40:03.606,1.25014,1.25019,1.50,1.00
2016.04.25 14:40:03.909,1.25012,1.25019,1.31,1.00
2016.04.25 14:40:04.557,1.25012,1.25018,1.31,1.00
2016.04.25 14:40:05.065,1.25012,1.25019,1.31,3.00
2016.04.25 14:40:06.385,1.25012,1.25018,1.25,1.00
2016.04.25 14:40:06.919,1.25012,1.25017,1.25,1.00
2016.04.25 14:40:07.562,1.25012,1.25018,1.25,1.00
2016.04.25 14:40:08.072,1.25012,1.25019,1.25,1.00
2016.04.25 14:40:08.634,1.25012,1.25018,1.00,1.12
2016.04.25 14:40:08.786,1.25012,1.25015,1.00,1.00
2016.04.25 14:40:08.887,1.2501,1.25014,1.00,1.00
2016.04.25 14:40:09.291,1.25007,1.25012,1.50,1.00
2016.04.25 14:40:09.494,1.25007,1.25009,1.69,1.00
2016.04.25 14:40:09.772,1.25005,1.25009,1.87,1.00
2016.04.25 14:40:10.177,1.25005,1.25011,1.12,1.50
2016.04.25 14:40:10.480,1.25005,1.25014,1.87,1.47
2016.04.25 14:40:10.531,1.25005,1.25014,2.62,1.37
2016.04.25 14:40:10.632,1.25007,1.25015,1.31,1.12
2016.04.25 14:40:10.683,1.2501,1.25016,1.19,1.37
2016.04.25 14:40:10.988,1.25012,1.25017,1.00,1.00
2016.04.25 14:40:11.443,1.25012,1.25019,1.00,4.12
2016.04.25 14:40:11.946,1.25012,1.25018,1.00,1.00
2016.04.25 14:40:12.491,1.25012,1.25017,1.00,2.25
2016.04.25 14:40:12.593,1.25011,1.25014,1.00,1.00
2016.04.25 14:40:12.695,1.25008,1.25013,2.44,1.00
2016.04.25 14:40:12.796,1.25007,1.25013,1.50,1.12
2016.04.25 14:40:13.377,1.25007,1.25014,1.25,2.25
2016.04.25 14:40:13.529,1.25008,1.25016,2.62,1.00
2016.04.25 14:40:14.061,1.25009,1.25017,1.87,1.50
2016.04.25 14:40:14.356,1.25009,1.25014,1.69,1.00
2016.04.25 14:40:14.659,1.25006,1.2501,2.81,1.00
2016.04.25 14:40:15.191,1.25006,1.25013,2.06,1.00
2016.04.25 14:40:15.716,1.25008,1.25013,1.50,1.00
2016.04.25 14:40:15.767,1.25008,1.25011,1.50,1.00
2016.04.25 14:40:15.868,1.25008,1.25014,1.50,1.00
2016.04.25 14:40:16.070,1.2501,1.25015,1.12,1.00
2016.04.25 14:40:16.121,1.2501,1.25017,1.87,1.00
2016.04.25 14:40:16.552,1.2501,1.2502,4.31,6.00
2016.04.25 14:40:16.704,1.25011,1.25018,1.19,1.00
2016.04.25 14:40:16.755,1.2501,1.25018,2.06,1.37
2016.04.25 14:40:17.109,1.2501,1.25015,1.50,1.00
2016.04.25 14:40:17.514,1.25008,1.25014,1.50,1.00
2016.04.25 14:40:18.139,1.25008,1.25015,1.50,1.00
2016.04.25 14:40:18.690,1.25007,1.25015,1.31,1.00
2016.04.25 14:40:18.841,1.25007,1.25017,1.25,3.75
2016.04.25 14:40:18.993,1.25009,1.25017,1.12,3.00
2016.04.25 14:40:22.608,1.25008,1.25014,1.50,1.50
2016.04.25 14:40:23.115,1.25007,1.25014,1.69,1.50
2016.04.25 14:40:24.752,1.25007,1.25015,1.87,4.12
2016.04.25 14:40:25.106,1.25007,1.25015,1.87,2.25
2016.04.25 14:40:25.721,1.25007,1.25016,3.00,1.87
2016.04.25 14:40:26.038,1.2501,1.25018,1.00,1.50
2016.04.25 14:40:26.392,1.2501,1.2502,1.69,2.25
2016.04.25 14:40:26.912,1.2501,1.2502,2.44,3.75
2016.04.25 14:40:27.196,1.2501,1.25016,1.12,1.00
2016.04.25 14:40:27.499,1.25006,1.25014,5.06,1.50
2016.04.25 14:40:28.125,1.25006,1.25014,2.44,1.00
2016.04.25 14:40:28.673,1.25007,1.25015,1.19,4.12
2016.04.25 14:40:29.230,1.25007,1.25014,1.19,1.00
2016.04.25 14:40:30.045,1.25006,1.25015,4.31,1.50
2016.04.25 14:40:30.298,1.25009,1.25017,1.12,1.12
2016.04.25 14:40:30.803,1.2501,1.25018,1.87,1.87
2016.04.25 14:40:31.172,1.2501,1.25015,1.25,1.00
2016.04.25 14:40:31.274,1.25009,1.25017,1.31,3.56
2016.04.25 14:40:31.375,1.25009,1.25015,1.19,1.00
2016.04.25 14:40:31.628,1.25008,1.25015,2.06,1.00
2016.04.25 14:40:32.138,1.25008,1.25016,2.06,1.00
2016.04.25 14:40:32.683,1.25008,1.25017,1.69,1.87
2016.04.25 14:40:33.188,1.25007,1.25016,1.00,1.37
2016.04.25 14:40:33.694,1.25007,1.25017,4.31,3.37
2016.04.25 14:40:33.745,1.25007,1.25017,4.69,6.75
2016.04.25 14:40:34.099,1.25007,1.25016,2.44,4.50
2016.04.25 14:40:34.403,1.25009,1.25015,1.19,1.69
2016.04.25 14:40:34.454,1.25007,1.25015,1.50,1.69
2016.04.25 14:40:34.606,1.25007,1.25014,1.50,3.37
2016.04.25 14:40:34.708,1.25004,1.25014,2.44,4.50
2016.04.25 14:40:35.257,1.25004,1.25013,1.25,2.25
2016.04.25 14:40:35.795,1.25004,1.25013,1.31,2.62
2016.04.25 14:40:36.123,1.25006,1.25013,1.19,1.87
2016.04.25 14:40:36.565,1.25004,1.25013,1.69,2.25
2016.04.25 14:40:37.115,1.25004,1.25013,1.31,2.25
2016.04.25 14:40:38.303,1.25004,1.25013,1.31,2.25
2016.04.25 14:40:38.808,1.25005,1.25013,1.19,2.62
2016.04.25 14:40:39.655,1.25004,1.25013,2.06,2.25
2016.04.25 14:40:40.202,1.25005,1.25013,1.25,2.25
2016.04.25 14:40:40.880,1.25007,1.25013,1.12,1.00
2016.04.25 14:40:41.032,1.25008,1.25017,3.94,1.25
2016.04.25 14:40:41.537,1.2501,1.25018,1.00,1.00
2016.04.25 14:40:42.183,1.2501,1.25018,2.81,1.12
2016.04.25 14:40:44.356,1.2501,1.25019,2.25,2.25
2016.04.25 14:40:44.668,1.2501,1.25019,4.12,1.00
2016.04.25 14:40:45.173,1.25011,1.2502,1.81,5.06
2016.04.25 14:40:45.678,1.25012,1.2502,2.25,2.62
2016.04.25 14:40:46.833,1.25014,1.2502,1.87,2.25
2016.04.25 14:40:48.384,1.25014,1.25021,2.62,1.12
2016.04.25 14:40:48.944,1.25012,1.25021,5.06,1.12
2016.04.25 14:40:49.477,1.25012,1.25022,5.06,3.00
2016.04.25 14:40:49.985,1.25012,1.25021,5.06,1.00
2016.04.25 14:40:50.137,1.25014,1.25022,3.00,2.62
2016.04.25 14:40:50.643,1.25014,1.25023,4.50,2.70
2016.04.25 14:40:51.167,1.25014,1.25021,4.50,1.00
2016.04.25 14:40:51.952,1.25014,1.25022,3.00,3.75
2016.04.25 14:40:52.306,1.25016,1.25022,2.62,1.12
2016.04.25 14:40:52.827,1.25016,1.25023,2.62,4.12
2016.04.25 14:40:52.933,1.25013,1.25023,4.87,4.12
2016.04.25 14:40:53.085,1.25013,1.25023,4.50,1.87
2016.04.25 14:40:53.565,1.25013,1.25023,4.50,2.25
2016.04.25 14:40:53.899,1.25013,1.25023,4.50,2.25
2016.04.25 14:40:54.353,1.25013,1.25023,6.00,2.25
2016.04.25 14:40:55.007,1.25015,1.25023,2.25,3.00
2016.04.25 14:40:55.534,1.25015,1.25024,2.25,5.25
2016.04.25 14:40:56.113,1.25015,1.25023,2.25,1.00
2016.04.25 14:40:56.657,1.25014,1.25024,6.19,7.01
2016.04.25 14:40:57.188,1.25016,1.25024,2.62,3.52
2016.04.25 14:40:57.729,1.25016,1.25023,2.25,1.00
2016.04.25 14:40:58.637,1.25014,1.25023,2.44,2.02
2016.04.25 14:40:59.142,1.25014,1.25024,2.06,7.31
2016.04.25 14:40:59.655,1.25015,1.25021,1.31,1.00
2016.04.25 14:40:59.757,1.25015,1.25023,3.19,1.20
2016.04.25 14:41:00.301,1.25017,1.25024,1.00,1.00
2016.04.25 14:41:00.706,1.25018,1.25026,1.00,2.44
2016.04.25 14:41:01.077,1.25018,1.25028,2.25,3.45
2016.04.25 14:41:01.639,1.25018,1.25028,1.75,3.82
2016.04.25 14:41:02.453,1.25018,1.25028,2.25,3.45
2016.04.25 14:41:02.756,1.25017,1.25025,3.19,1.00
2016.04.25 14:41:02.926,1.25017,1.25027,4.69,1.87
2016.04.25 14:41:03.431,1.25019,1.25028,1.37,1.57
2016.04.25 14:41:03.979,1.25018,1.25028,2.25,3.82
2016.04.25 14:41:04.521,1.2502,1.25028,1.87,3.07
2016.04.25 14:41:04.723,1.25018,1.25028,1.12,6.45
2016.04.25 14:41:04.825,1.25017,1.25024,3.37,1.87
2016.04.25 14:41:05.136,1.25013,1.25021,2.62,1.12
2016.04.25 14:41:05.439,1.25012,1.25017,2.81,1.00
2016.04.25 14:41:05.490,1.25011,1.25019,1.00,1.50
2016.04.25 14:41:05.997,1.25011,1.25021,1.87,6.15
2016.04.25 14:41:06.251,1.25012,1.25021,1.50,6.34
2016.04.25 14:41:06.756,1.2501,1.2502,3.37,1.37
2016.04.25 14:41:07.269,1.2501,1.25019,3.56,2.62
2016.04.25 14:41:07.576,1.25008,1.25017,2.44,4.12
2016.04.25 14:41:08.040,1.25008,1.25015,1.69,1.00
2016.04.25 14:41:08.571,1.25006,1.25015,1.87,7.50
2016.04.25 14:41:09.447,1.25005,1.25013,1.00,3.37
2016.04.25 14:41:10.874,1.25005,1.25013,1.00,4.31
2016.04.25 14:41:11.626,1.25004,1.25012,2.25,3.37
2016.04.25 14:41:12.242,1.25006,1.25013,1.87,1.50
2016.04.25 14:41:12.572,1.25008,1.25016,1.01,3.75
2016.04.25 14:41:12.676,1.25006,1.25014,2.62,1.00
2016.04.25 14:41:12.728,1.25006,1.25013,1.87,1.37
2016.04.25 14:41:13.032,1.25003,1.25013,3.94,2.40
2016.04.25 14:41:13.235,1.25003,1.25013,3.94,2.02
2016.04.25 14:41:14.552,1.25003,1.25013,3.75,1.27
2016.04.25 14:41:14.966,1.25006,1.25013,3.00,1.50
2016.04.25 14:41:15.219,1.25008,1.25018,1.12,2.32
2016.04.25 14:41:15.745,1.25008,1.25018,1.31,1.39
2016.04.25 14:41:16.259,1.25008,1.25018,1.75,1.50
2016.04.25 14:41:16.870,1.25009,1.25018,1.50,1.50
2016.04.25 14:41:17.778,1.25011,1.25018,1.37,1.00
2016.04.25 14:41:17.829,1.25012,1.25021,1.50,1.87
2016.04.25 14:41:18.364,1.25011,1.25021,1.50,1.87
2016.04.25 14:41:18.869,1.25013,1.25021,1.87,1.00
2016.04.25 14:41:19.747,1.25013,1.25021,1.12,1.00
2016.04.25 14:41:20.252,1.25013,1.25022,1.87,2.25
2016.04.25 14:41:20.454,1.25013,1.25023,3.00,3.90
2016.04.25 14:41:21.152,1.25013,1.25022,3.56,1.00
2016.04.25 14:41:21.657,1.25014,1.25022,3.19,1.00
2016.04.25 14:41:22.300,1.25014,1.25023,2.06,4.87
2016.04.25 14:41:22.704,1.25013,1.25023,4.12,1.50
2016.04.25 14:41:23.221,1.25013,1.25023,4.27,3.00
2016.04.25 14:41:23.755,1.25012,1.25021,3.07,1.87
2016.04.25 14:41:24.163,1.25012,1.2502,1.50,1.37
2016.04.25 14:41:24.673,1.25011,1.2502,1.19,4.69
2016.04.25 14:41:24.724,1.2501,1.25019,2.59,1.00
2016.04.25 14:41:24.775,1.2501,1.25018,2.59,1.37
2016.04.25 14:41:26.884,1.25008,1.25017,3.26,1.87
2016.04.25 14:41:26.935,1.25008,1.25018,1.39,6.00
2016.04.25 14:41:27.088,1.2501,1.25018,1.12,5.25
2016.04.25 14:41:27.391,1.25011,1.25021,4.31,2.25
2016.04.25 14:41:27.738,1.25013,1.25019,1.87,1.00
2016.04.25 14:41:27.839,1.25013,1.25021,1.50,1.12
2016.04.25 14:41:28.366,1.25014,1.25022,2.25,1.87
2016.04.25 14:41:28.676,1.25015,1.25024,1.31,2.25
2016.04.25 14:41:28.728,1.25015,1.25024,2.81,1.87
2016.04.25 14:41:28.930,1.25015,1.25024,1.87,1.12
2016.04.25 14:41:29.133,1.25015,1.25024,2.06,1.50
2016.04.25 14:41:29.386,1.25016,1.25024,1.25,2.25
2016.04.25 14:41:29.742,1.25015,1.25022,1.50,1.00
2016.04.25 14:41:30.247,1.25015,1.25023,1.12,2.62
2016.04.25 14:41:31.020,1.25016,1.25023,1.00,2.62
2016.04.25 14:41:31.326,1.25021,1.25028,1.00,2.02
2016.04.25 14:41:31.378,1.25021,1.25029,1.00,3.37
2016.04.25 14:41:31.805,1.25021,1.25028,1.00,1.37
2016.04.25 14:41:32.114,1.25022,1.25029,1.50,1.87
2016.04.25 14:41:32.316,1.25025,1.25029,1.00,1.00
2016.04.25 14:41:32.905,1.25025,1.2503,1.50,1.50
2016.04.25 14:41:33.259,1.25026,1.25032,1.00,1.95
2016.04.25 14:41:33.562,1.25026,1.2503,1.00,1.00
2016.04.25 14:41:33.714,1.25022,1.2503,1.00,5.62
2016.04.25 14:41:34.219,1.25023,1.2503,1.00,3.75
2016.04.25 14:41:34.641,1.25025,1.2503,1.00,1.00
2016.04.25 14:41:34.995,1.25026,1.25032,1.00,1.87
2016.04.25 14:41:35.499,1.25026,1.25032,1.00,3.00
2016.04.25 14:41:36.015,1.25025,1.25031,1.50,1.50
2016.04.25 14:41:36.318,1.25027,1.25032,1.00,3.00
2016.04.25 14:41:38.017,1.25026,1.25033,1.00,3.75
2016.04.25 14:41:38.323,1.25029,1.25035,1.00,1.50
2016.04.25 14:41:39.537,1.2503,1.25036,1.00,4.41
2016.04.25 14:41:39.790,1.25031,1.25038,1.00,2.25
2016.04.25 14:41:40.295,1.2503,1.25037,2.25,1.12
2016.04.25 14:41:40.497,1.25032,1.25037,1.00,1.12
2016.04.25 14:41:40.954,1.25034,1.25038,1.00,1.50
2016.04.25 14:41:41.005,1.25031,1.25038,1.00,1.50
2016.04.25 14:41:41.106,1.2503,1.25036,2.62,1.00
2016.04.25 14:41:41.359,1.25029,1.25035,1.87,1.50
2016.04.25 14:41:42.330,1.25029,1.25036,1.12,1.12
2016.04.25 14:41:42.835,1.25029,1.25037,1.12,4.57
2016.04.25 14:41:43.747,1.25029,1.25036,1.12,2.25
2016.04.25 14:41:44.152,1.25028,1.25035,1.12,3.00
2016.04.25 14:41:44.253,1.25027,1.25034,1.00,4.50
2016.04.25 14:41:44.781,1.25028,1.25037,1.25,3.52
2016.04.25 14:41:44.984,1.25028,1.25036,1.25,3.00
2016.04.25 14:41:45.490,1.25028,1.25035,1.25,1.69
2016.04.25 14:41:46.165,1.25028,1.25035,1.25,1.25
2016.04.25 14:41:46.684,1.25028,1.25036,1.25,1.69
2016.04.25 14:41:47.293,1.25028,1.25037,1.12,4.12
2016.04.25 14:41:47.820,1.25027,1.25035,1.19,5.59
2016.04.25 14:41:48.331,1.25027,1.25035,1.12,2.25
2016.04.25 14:41:48.635,1.2503,1.25037,1.00,1.00
2016.04.25 14:41:49.183,1.25029,1.25036,1.50,1.50
2016.04.25 14:41:49.487,1.25025,1.25033,2.06,1.50
2016.04.25 14:41:49.792,1.25026,1.25035,2.44,1.57
2016.04.25 14:41:50.297,1.25028,1.25035,1.69,2.44
2016.04.25 14:41:50.500,1.25029,1.25036,1.50,3.00
2016.04.25 14:41:50.601,1.25029,1.25035,1.69,1.37
2016.04.25 14:41:50.985,1.25029,1.25036,2.06,1.12
2016.04.25 14:41:51.491,1.25029,1.25037,1.69,1.95
2016.04.25 14:41:51.643,1.25031,1.25038,2.06,1.50
2016.04.25 14:41:51.745,1.25032,1.2504,2.59,1.50
2016.04.25 14:41:51.898,1.25032,1.25038,2.44,1.12
2016.04.25 14:41:52.070,1.25029,1.25037,1.50,2.25
2016.04.25 14:41:52.222,1.25028,1.25035,2.25,1.50
2016.04.25 14:41:52.526,1.25028,1.25035,2.25,1.00
2016.04.25 14:41:52.627,1.25027,1.25035,1.25,1.00
2016.04.25 14:41:53.158,1.25027,1.25035,1.00,1.37
2016.04.25 14:41:53.310,1.25031,1.25035,1.00,3.29
2016.04.25 14:41:53.614,1.25033,1.25036,1.00,1.12
2016.04.25 14:41:53.715,1.25033,1.25039,1.19,1.00
2016.04.25 14:41:54.222,1.25033,1.2504,1.50,1.12
2016.04.25 14:41:54.525,1.25031,1.25036,1.50,1.00
2016.04.25 14:41:54.778,1.25028,1.25034,1.00,1.00
2016.04.25 14:41:54.879,1.25026,1.25034,1.00,1.37
2016.04.25 14:41:55.560,1.25026,1.25032,1.50,1.00
2016.04.25 14:41:55.913,1.25025,1.25034,2.62,3.75
2016.04.25 14:41:56.116,1.25029,1.25035,1.12,1.20
2016.04.25 14:41:56.400,1.25032,1.25039,1.00,1.20
2016.04.25 14:41:56.502,1.25032,1.2504,1.50,1.10
2016.04.25 14:41:56.806,1.25041,1.25049,1.37,1.87
2016.04.25 14:41:57.110,1.25043,1.25052,2.06,2.81
2016.04.25 14:41:57.717,1.25044,1.25052,1.00,1.12
2016.04.25 14:41:57.920,1.25042,1.25052,3.71,2.25
2016.04.25 14:41:58.313,1.25042,1.25052,3.94,3.14
2016.04.25 14:41:58.820,1.25042,1.2505,1.12,1.12
2016.04.25 14:41:59.363,1.25042,1.25049,1.00,1.37
2016.04.25 14:41:59.868,1.25041,1.25049,1.12,1.12
2016.04.25 14:42:00.378,1.25042,1.2505,1.87,1.00
2016.04.25 14:42:00.731,1.2504,1.25049,3.71,1.37
2016.04.25 14:42:01.085,1.25038,1.25046,1.12,1.00
2016.04.25 14:42:01.615,1.25037,1.25046,3.45,1.50
2016.04.25 14:42:02.453,1.25038,1.25045,1.50,1.75
2016.04.25 14:42:03.077,1.25038,1.25046,1.50,3.37
2016.04.25 14:42:03.582,1.25038,1.25044,1.50,1.50
2016.04.25 14:42:04.126,1.25039,1.25044,1.00,1.12
2016.04.25 14:42:05.378,1.25036,1.25044,4.09,1.12
2016.04.25 14:42:06.552,1.25036,1.25044,2.62,1.12
2016.04.25 14:42:07.053,1.25037,1.25044,1.37,1.00
2016.04.25 14:42:07.413,1.2504,1.25046,1.12,1.69
2016.04.25 14:42:07.914,1.2504,1.25046,3.75,1.00
2016.04.25 14:42:08.418,1.25042,1.25046,1.00,1.00
2016.04.25 14:42:08.577,1.25044,1.25047,1.50,1.00
2016.04.25 14:42:08.678,1.25043,1.25048,1.25,1.50
2016.04.25 14:42:08.881,1.25044,1.25048,1.87,1.00
2016.04.25 14:42:09.128,1.25044,1.2505,2.62,1.00
2016.04.25 14:42:09.331,1.25047,1.25052,1.12,1.00
2016.04.25 14:42:09.837,1.25046,1.25053,3.56,2.25
2016.04.25 14:42:09.989,1.25046,1.25053,2.81,1.00
2016.04.25 14:42:10.343,1.25045,1.2505,4.12,1.00
2016.04.25 14:42:10.495,1.25044,1.25048,1.00,1.00
2016.04.25 14:42:10.747,1.25042,1.25047,1.50,1.00
2016.04.25 14:42:10.849,1.25045,1.2505,1.00,4.50
2016.04.25 14:42:11.356,1.25044,1.25049,1.00,3.00
2016.04.25 14:42:11.659,1.25046,1.25049,1.00,1.87
2016.04.25 14:42:11.963,1.25051,1.25053,1.00,1.65
2016.04.25 14:42:12.215,1.25051,1.25055,1.00,1.27
2016.04.25 14:42:12.504,1.2505,1.25053,1.50,2.81
2016.04.25 14:42:12.706,1.2505,1.25054,1.50,2.44
2016.04.25 14:42:13.212,1.2505,1.25054,1.50,1.00
2016.04.25 14:42:13.572,1.2505,1.25053,1.50,2.62
2016.04.25 14:42:13.884,1.2505,1.25054,1.50,1.25
2016.04.25 14:42:14.391,1.25051,1.25056,1.00,1.27
2016.04.25 14:42:14.910,1.25046,1.25053,4.12,1.37
2016.04.25 14:42:15.013,1.25049,1.25054,1.00,1.37
2016.04.25 14:42:15.215,1.2505,1.25055,1.00,2.25
2016.04.25 14:42:15.685,1.25052,1.25056,1.00,1.87
2016.04.25 14:42:16.221,1.25051,1.25056,1.00,1.50
2016.04.25 14:42:16.524,1.25053,1.25057,1.00,1.87
2016.04.25 14:42:16.727,1.25055,1.2506,1.00,1.87
2016.04.25 14:42:17.125,1.25057,1.2506,1.00,1.12
2016.04.25 14:42:17.630,1.25056,1.2506,1.00,1.50
2016.04.25 14:42:18.135,1.25056,1.2506,1.00,1.87
2016.04.25 14:42:18.222,1.25052,1.25058,1.00,1.37
2016.04.25 14:42:18.425,1.25054,1.25057,1.00,1.00
2016.04.25 14:42:18.729,1.25056,1.25058,1.00,1.50
2016.04.25 14:42:19.033,1.25061,1.25063,1.00,1.00
2016.04.25 14:42:19.290,1.25061,1.25067,1.00,1.87
2016.04.25 14:42:19.805,1.25061,1.25066,1.00,1.50
2016.04.25 14:42:20.310,1.25064,1.25066,2.41,1.12
2016.04.25 14:42:20.362,1.25064,1.25069,2.16,1.31
2016.04.25 14:42:20.431,1.25066,1.2507,1.00,1.50
2016.04.25 14:42:20.533,1.25064,1.25071,1.76,1.50
2016.04.25 14:42:20.837,1.25068,1.25073,1.00,3.37
2016.04.25 14:42:20.938,1.25064,1.25071,1.20,1.87
2016.04.25 14:42:21.039,1.25067,1.25072,1.00,4.12
2016.04.25 14:42:21.154,1.25064,1.25072,1.00,3.37
2016.04.25 14:42:21.511,1.25068,1.25072,1.00,4.12
2016.04.25 14:42:21.562,1.2507,1.25072,1.00,3.00
2016.04.25 14:42:21.613,1.25068,1.25072,1.12,1.87
2016.04.25 14:42:21.765,1.25068,1.25076,4.31,1.39
2016.04.25 14:42:22.350,1.25068,1.25075,2.25,1.95
2016.04.25 14:42:22.851,1.25068,1.25074,2.25,3.00
2016.04.25 14:42:23.239,1.25065,1.25074,5.62,1.85
2016.04.25 14:42:23.391,1.25068,1.25073,2.25,1.57
2016.04.25 14:42:24.919,1.25069,1.25073,1.00,1.50
2016.04.25 14:42:25.122,1.25069,1.25077,1.69,1.27
2016.04.25 14:42:25.274,1.25068,1.25077,1.31,1.57
2016.04.25 14:42:25.780,1.2507,1.25077,1.50,3.15
2016.04.25 14:42:26.285,1.2507,1.25076,1.50,1.87
2016.04.25 14:42:26.976,1.25069,1.25076,1.50,2.25
2016.04.25 14:42:27.480,1.25069,1.25075,1.50,2.25
2016.04.25 14:42:27.846,1.25068,1.25075,1.00,5.62
2016.04.25 14:42:27.999,1.25066,1.25074,1.00,3.75
2016.04.25 14:42:28.503,1.25065,1.25073,1.50,1.00
2016.04.25 14:42:29.314,1.25065,1.25073,1.50,3.37
2016.04.25 14:42:29.968,1.25065,1.25072,1.50,1.50
2016.04.25 14:42:30.488,1.25065,1.25072,1.00,1.87
2016.04.25 14:42:30.817,1.25056,1.25065,2.81,3.00
2016.04.25 14:42:31.120,1.25052,1.25059,3.15,1.12
2016.04.25 14:42:31.661,1.25051,1.25061,3.45,2.44
2016.04.25 14:42:32.191,1.25052,1.25062,1.57,4.87
2016.04.25 14:42:32.494,1.25049,1.25055,1.69,1.00
2016.04.25 14:42:32.952,1.25049,1.25058,1.00,5.62
2016.04.25 14:42:33.305,1.25048,1.25058,3.37,5.25
2016.04.25 14:42:34.441,1.2505,1.25058,3.90,1.00
2016.04.25 14:42:34.593,1.25052,1.2506,1.50,1.12
2016.04.25 14:42:34.846,1.25053,1.25062,1.84,1.00
2016.04.25 14:42:34.897,1.25053,1.2506,1.84,1.00
2016.04.25 14:42:35.444,1.2505,1.25059,5.81,1.12
2016.04.25 14:42:35.647,1.2505,1.25059,1.87,3.00
2016.04.25 14:42:35.849,1.2505,1.25056,1.87,1.00
2016.04.25 14:42:36.255,1.25048,1.25055,1.87,1.00
2016.04.25 14:42:36.458,1.25047,1.25057,3.19,6.00
2016.04.25 14:42:36.711,1.25047,1.25055,3.19,1.00
2016.04.25 14:42:37.849,1.25048,1.25056,1.31,1.12
2016.04.25 14:42:38.357,1.25048,1.25056,1.19,2.25
2016.04.25 14:42:38.902,1.25048,1.25056,1.69,1.12
2016.04.25 14:42:39.205,1.25054,1.25057,1.37,1.00
2016.04.25 14:42:39.257,1.25054,1.25059,1.50,1.00
2016.04.25 14:42:39.308,1.25054,1.25061,1.87,1.00
2016.04.25 14:42:39.359,1.25054,1.25063,1.50,1.87
2016.04.25 14:42:39.752,1.25053,1.25062,1.31,1.37
2016.04.25 14:42:40.055,1.25051,1.25058,1.69,1.00
2016.04.25 14:42:40.106,1.25051,1.25058,2.44,1.00
2016.04.25 14:42:41.308,1.2505,1.25058,1.87,1.87
2016.04.25 14:42:41.665,1.2505,1.25056,2.62,1.00
2016.04.25 14:42:42.281,1.2505,1.25056,3.94,1.00
2016.04.25 14:42:43.462,1.2505,1.25056,2.25,1.00
2016.04.25 14:42:43.513,1.2505,1.25058,3.00,1.50
2016.04.25 14:42:44.167,1.2505,1.25058,3.75,1.00
2016.04.25 14:42:44.269,1.25052,1.25056,1.00,1.00
2016.04.25 14:42:44.564,1.25049,1.25056,1.00,1.00
2016.04.25 14:42:45.130,1.25049,1.25055,1.00,1.00
2016.04.25 14:42:45.635,1.25048,1.25055,2.06,1.00
2016.04.25 14:42:46.133,1.25046,1.25053,3.19,1.00
2016.04.25 14:42:46.488,1.25046,1.25051,2.06,1.00
2016.04.25 14:42:46.793,1.25043,1.2505,1.31,2.25
2016.04.25 14:42:46.980,1.25043,1.25048,1.31,1.00
2016.04.25 14:42:47.285,1.25041,1.25048,2.25,1.00
2016.04.25 14:42:47.790,1.2504,1.25048,2.06,1.50
2016.04.25 14:42:48.574,1.25041,1.25048,1.00,2.25
2016.04.25 14:42:50.094,1.2504,1.25048,2.06,1.12
2016.04.25 14:42:50.345,1.25042,1.25048,1.00,1.12
2016.04.25 14:42:50.667,1.25036,1.25038,1.00,1.00
2016.04.25 14:42:50.971,1.25027,1.25029,1.50,1.00
2016.04.25 14:42:51.022,1.25024,1.25029,1.69,1.00
2016.04.25 14:42:51.531,1.25025,1.25032,1.50,3.37
2016.04.25 14:42:52.037,1.25025,1.2503,1.25,1.00
2016.04.25 14:42:52.189,1.25023,1.2503,1.00,1.12
2016.04.25 14:42:53.404,1.25022,1.25027,4.31,1.00
2016.04.25 14:42:53.757,1.2502,1.25026,3.56,1.00
2016.04.25 14:42:53.909,1.25021,1.25027,1.61,1.25
2016.04.25 14:42:54.414,1.25021,1.25027,1.98,1.00
2016.04.25 14:42:55.763,1.25021,1.25026,1.88,1.00
2016.04.25 14:42:56.421,1.25023,1.25025,1.32,1.00
2016.04.25 14:42:56.624,1.25022,1.25025,1.32,1.00
2016.04.25 14:42:57.971,1.25022,1.25028,1.32,2.81
2016.04.25 14:42:58.630,1.25022,1.25025,1.32,1.00
2016.04.25 14:42:58.733,1.25019,1.25025,1.88,1.00
2016.04.25 14:42:59.121,1.25018,1.25023,1.69,1.00
2016.04.25 14:42:59.729,1.25017,1.25021,1.31,1.00
2016.04.25 14:43:00.250,1.25015,1.25022,4.12,1.00
2016.04.25 14:43:00.301,1.25015,1.25024,1.50,2.25
2016.04.25 14:43:00.830,1.25015,1.25021,3.37,1.00
2016.04.25 14:43:01.236,1.25015,1.25023,2.62,1.00
2016.04.25 14:43:01.781,1.25015,1.25023,1.87,1.00
2016.04.25 14:43:02.235,1.25016,1.25024,3.56,1.50
2016.04.25 14:43:02.387,1.2502,1.25026,1.70,1.00
2016.04.25 14:43:02.439,1.25023,1.25026,1.32,1.00
2016.04.25 14:43:02.541,1.2502,1.25028,2.45,1.00
2016.04.25 14:43:02.696,1.2502,1.25028,2.82,1.00
2016.04.25 14:43:03.352,1.2502,1.25028,3.57,1.00
2016.04.25 14:43:03.656,1.2502,1.25026,1.12,1.00
2016.04.25 14:43:03.757,1.25018,1.25026,2.25,1.00
2016.04.25 14:43:03.860,1.25019,1.25025,1.75,1.00
2016.04.25 14:43:03.912,1.2502,1.25027,2.82,1.50
2016.04.25 14:43:04.418,1.25021,1.25027,2.62,1.50
2016.04.25 14:43:04.671,1.25025,1.25031,1.50,1.00
2016.04.25 14:43:04.924,1.25025,1.25032,3.00,1.00
2016.04.25 14:43:05.119,1.25028,1.25034,1.69,1.00
2016.04.25 14:43:05.321,1.25026,1.25034,1.69,1.00
2016.04.25 14:43:05.826,1.25026,1.25034,1.75,1.00
2016.04.25 14:43:06.361,1.2503,1.25035,1.00,1.50
2016.04.25 14:43:06.565,1.2503,1.25038,3.20,2.62
2016.04.25 14:43:06.869,1.25027,1.25033,3.75,1.00
2016.04.25 14:43:07.383,1.25027,1.25034,1.50,1.00
2016.04.25 14:43:07.788,1.25027,1.25034,1.00,1.00
2016.04.25 14:43:07.890,1.25027,1.25032,1.00,1.00
2016.04.25 14:43:08.142,1.25027,1.25034,1.00,1.12
2016.04.25 14:43:08.842,1.25026,1.25034,1.25,1.87
2016.04.25 14:43:09.466,1.25025,1.25034,1.87,1.87
2016.04.25 14:43:09.518,1.25025,1.25031,3.37,1.00
2016.04.25 14:43:09.569,1.25025,1.2503,3.00,1.00
2016.04.25 14:43:09.873,1.25022,1.25029,1.69,1.00
2016.04.25 14:43:09.924,1.25022,1.25027,1.37,1.00
2016.04.25 14:43:10.076,1.25019,1.25027,3.94,1.00
2016.04.25 14:43:10.602,1.25021,1.25028,1.50,1.00
2016.04.25 14:43:10.704,1.25021,1.25026,1.50,1.00
2016.04.25 14:43:10.857,1.25019,1.25026,1.87,1.31
2016.04.25 14:43:10.959,1.25018,1.25026,1.31,1.31
2016.04.25 14:43:11.761,1.25021,1.25026,1.00,1.31
2016.04.25 14:43:11.862,1.25017,1.25026,2.44,1.12
2016.04.25 14:43:12.165,1.2502,1.25024,1.00,1.00
2016.04.25 14:43:12.216,1.25017,1.25024,1.37,1.00
2016.04.25 14:43:12.760,1.25015,1.25024,3.75,1.31
2016.04.25 14:43:13.063,1.25017,1.25024,1.75,1.31
2016.04.25 14:43:13.518,1.2502,1.25026,1.00,2.44
2016.04.25 14:43:13.783,1.25019,1.25023,1.00,1.00
2016.04.25 14:43:13.834,1.25017,1.25024,1.00,1.00
2016.04.25 14:43:13.885,1.25016,1.25021,1.50,1.00
2016.04.25 14:43:14.088,1.25016,1.25023,2.06,1.50
2016.04.25 14:43:14.592,1.25016,1.25023,3.19,1.25
2016.04.25 14:43:14.820,1.25015,1.25021,1.50,1.00
2016.04.25 14:43:15.127,1.25013,1.25022,2.25,2.25
2016.04.25 14:43:15.632,1.25014,1.25022,1.25,1.00
2016.04.25 14:43:15.683,1.25014,1.25022,1.69,1.00
2016.04.25 14:43:16.228,1.25016,1.25023,1.56,1.00
2016.04.25 14:43:16.737,1.25016,1.25023,2.62,1.00
2016.04.25 14:43:17.243,1.25018,1.25023,1.50,1.00
2016.04.25 14:43:17.797,1.25018,1.25024,1.00,1.00
2016.04.25 14:43:19.918,1.25019,1.25024,1.00,1.00
2016.04.25 14:43:20.329,1.2502,1.25024,1.19,1.00
2016.04.25 14:43:20.481,1.25019,1.25025,1.69,1.50
2016.04.25 14:43:20.633,1.25017,1.25023,3.94,1.00
2016.04.25 14:43:20.684,1.25017,1.25023,2.25,1.00
2016.04.25 14:43:21.190,1.25015,1.25021,1.56,1.12
2016.04.25 14:43:21.241,1.25014,1.25021,2.25,1.12
2016.04.25 14:43:21.342,1.25012,1.25019,1.31,1.00
2016.04.25 14:43:21.848,1.2501,1.25018,2.44,1.69
2016.04.25 14:43:22.295,1.25011,1.2502,1.62,1.87
2016.04.25 14:43:22.801,1.25012,1.25019,1.75,1.00
2016.04.25 14:43:23.207,1.25012,1.25018,1.00,1.00
2016.04.25 14:43:23.712,1.25011,1.25018,1.12,1.00
2016.04.25 14:43:24.116,1.25012,1.25018,1.00,1.00
2016.04.25 14:43:24.218,1.2501,1.25016,6.37,1.00
2016.04.25 14:43:24.725,1.25011,1.25016,1.00,1.00
2016.04.25 14:43:24.877,1.25011,1.25018,1.00,1.00
2016.04.25 14:43:25.131,1.25013,1.25019,1.37,1.00
2016.04.25 14:43:25.436,1.25015,1.25019,1.37,1.00
2016.04.25 14:43:25.956,1.25015,1.2502,1.00,1.00
2016.04.25 14:43:26.162,1.25015,1.25022,2.06,1.69
2016.04.25 14:43:26.314,1.25017,1.25023,1.00,1.50
2016.04.25 14:43:26.466,1.25016,1.25026,2.62,2.62
2016.04.25 14:43:26.974,1.25016,1.25025,1.87,1.00
2016.04.25 14:43:27.126,1.25017,1.25023,1.00,1.00
2016.04.25 14:43:27.176,1.25017,1.25025,1.00,1.50
2016.04.25 14:43:27.328,1.25017,1.25022,1.00,1.00
2016.04.25 14:43:27.632,1.25015,1.2502,1.69,1.00
2016.04.25 14:43:28.149,1.25014,1.25021,1.25,1.00
2016.04.25 14:43:28.668,1.25013,1.2502,3.00,1.00
2016.04.25 14:43:29.022,1.25013,1.2502,2.81,1.50
2016.04.25 14:43:29.532,1.25014,1.2502,3.00,1.00
2016.04.25 14:43:29.835,1.25015,1.2502,1.31,1.00
2016.04.25 14:43:30.584,1.25016,1.2502,1.25,1.50
2016.04.25 14:43:30.889,1.2503,1.25032,1.00,1.00
2016.04.25 14:43:30.990,1.25027,1.25032,2.62,1.75
2016.04.25 14:43:31.345,1.25026,1.25032,4.50,1.00
2016.04.25 14:43:32.267,1.25027,1.25034,1.25,1.00
2016.04.25 14:43:32.318,1.25027,1.25032,1.25,1.00
2016.04.25 14:43:32.723,1.25027,1.25033,2.06,1.00
2016.04.25 14:43:33.128,1.2503,1.25035,1.12,1.00
2016.04.25 14:43:33.332,1.2503,1.25036,5.44,1.31
2016.04.25 14:43:33.484,1.25033,1.25039,1.87,1.69
2016.04.25 14:43:33.686,1.25031,1.25036,1.94,1.00
2016.04.25 14:43:33.737,1.25031,1.25036,1.69,1.00
2016.04.25 14:43:33.788,1.25031,1.25034,1.50,1.00
2016.04.25 14:43:33.840,1.2503,1.25033,1.27,1.00
2016.04.25 14:43:34.026,1.25028,1.25033,1.00,1.00
2016.04.25 14:43:34.180,1.25026,1.25033,1.27,1.00
2016.04.25 14:43:34.685,1.25026,1.25034,2.62,1.31
2016.04.25 14:43:35.290,1.25027,1.25034,1.00,1.00
2016.04.25 14:43:35.796,1.25025,1.25034,3.14,1.00
2016.04.25 14:43:36.253,1.25024,1.25034,6.19,1.00
2016.04.25 14:43:36.304,1.25025,1.25031,1.69,1.00
2016.04.25 14:43:36.498,1.25025,1.25034,1.69,1.00
2016.04.25 14:43:36.701,1.25024,1.25029,6.14,1.00
2016.04.25 14:43:36.752,1.25024,1.25029,1.69,1.00
2016.04.25 14:43:37.264,1.25022,1.2503,3.56,1.50
2016.04.25 14:43:37.801,1.25023,1.25032,2.44,2.06
2016.04.25 14:43:38.310,1.25024,1.25032,2.44,1.31
2016.04.25 14:43:38.865,1.25025,1.25032,2.06,1.00
2016.04.25 14:43:39.146,1.25029,1.25037,1.00,4.87
2016.04.25 14:43:39.653,1.25027,1.25035,1.00,2.81
2016.04.25 14:43:39.806,1.25025,1.25032,2.06,1.00
2016.04.25 14:43:40.161,1.25027,1.25034,1.19,1.00
2016.04.25 14:43:40.262,1.25029,1.25034,1.00,1.00
2016.04.25 14:43:40.848,1.25027,1.25034,3.52,1.00
2016.04.25 14:43:41.354,1.25027,1.25033,3.00,1.00
2016.04.25 14:43:42.468,1.25028,1.25033,1.12,1.31
2016.04.25 14:43:42.822,1.25028,1.2503,1.00,1.00
2016.04.25 14:43:43.340,1.25026,1.2503,2.25,2.25
2016.04.25 14:43:43.492,1.25023,1.25029,1.12,1.00
2016.04.25 14:43:43.997,1.25022,1.2503,4.31,2.25
2016.04.25 14:43:44.508,1.25024,1.25031,1.00,1.50
2016.04.25 14:43:45.016,1.25024,1.25031,4.50,1.00
2016.04.25 14:43:45.270,1.25024,1.25028,2.25,1.00
2016.04.25 14:43:45.574,1.25024,1.25026,2.25,1.50
2016.04.25 14:43:45.625,1.25024,1.25028,2.25,2.06
2016.04.25 14:43:45.776,1.2502,1.25028,5.25,3.56
2016.04.25 14:43:45.979,1.2502,1.25026,3.24,1.00
2016.04.25 14:43:48.669,1.25019,1.25026,1.00,1.00
2016.04.25 14:43:49.382,1.25018,1.25026,2.49,1.00
2016.04.25 14:43:49.686,1.25022,1.25026,1.00,1.00
2016.04.25 14:43:50.938,1.25022,1.25028,1.00,1.00
2016.04.25 14:43:51.443,1.25023,1.25028,1.00,1.25
2016.04.25 14:43:51.993,1.25023,1.25029,1.00,1.50
2016.04.25 14:43:52.498,1.25024,1.2503,1.00,1.00
2016.04.25 14:43:53.003,1.25023,1.2503,1.87,1.12
2016.04.25 14:43:53.546,1.25022,1.2503,1.25,1.50
2016.04.25 14:43:53.597,1.25021,1.2503,7.55,2.44
2016.04.25 14:43:53.800,1.25019,1.25028,4.37,1.19
2016.04.25 14:43:54.356,1.25019,1.25026,1.74,1.00
2016.04.25 14:43:54.639,1.25021,1.25026,1.50,1.00
2016.04.25 14:43:55.156,1.25022,1.25026,1.74,1.12
2016.04.25 14:43:55.510,1.2502,1.25026,1.50,1.12
2016.04.25 14:43:56.208,1.25022,1.25026,1.74,1.12
2016.04.25 14:43:58.319,1.25022,1.25026,1.74,1.87
2016.04.25 14:43:58.371,1.25019,1.25025,2.68,1.00
2016.04.25 14:43:58.422,1.25019,1.25024,2.49,1.31
2016.04.25 14:43:58.473,1.25017,1.25023,2.49,1.31
2016.04.25 14:43:59.797,1.25016,1.25023,1.32,1.87
2016.04.25 14:44:00.898,1.25017,1.25023,1.00,1.50
2016.04.25 14:44:01.881,1.25015,1.25023,3.38,1.50
2016.04.25 14:44:02.184,1.25017,1.25023,1.32,1.50
2016.04.25 14:44:02.487,1.25015,1.25023,3.01,1.69
2016.04.25 14:44:02.759,1.25017,1.25022,1.00,1.25
2016.04.25 14:44:02.961,1.25017,1.25025,1.50,3.00
2016.04.25 14:44:03.315,1.25019,1.25025,1.00,1.69
2016.04.25 14:44:03.467,1.25017,1.25025,1.50,1.50
2016.04.25 14:44:03.999,1.25016,1.25025,3.19,2.06
2016.04.25 14:44:04.151,1.25015,1.25025,5.44,5.62
2016.04.25 14:44:04.655,1.25015,1.25025,5.44,4.87
2016.04.25 14:44:05.189,1.25015,1.25025,2.44,7.87
2016.04.25 14:44:05.239,1.25015,1.25023,2.25,2.06
2016.04.25 14:44:05.745,1.25014,1.25021,3.80,1.31
2016.04.25 14:44:06.049,1.25014,1.25019,1.93,1.00
2016.04.25 14:44:06.557,1.25013,1.25019,1.74,1.19
2016.04.25 14:44:08.758,1.25015,1.2502,1.00,1.19
2016.04.25 14:44:08.809,1.25013,1.2502,2.62,1.19
2016.04.25 14:44:08.860,1.25013,1.25021,5.30,2.44
2016.04.25 14:44:09.159,1.25019,1.25023,1.74,1.12
2016.04.25 14:44:09.261,1.25019,1.25025,1.74,2.25
2016.04.25 14:44:09.565,1.25016,1.25025,5.06,2.62
2016.04.25 14:44:09.767,1.25016,1.25022,1.19,1.12
2016.04.25 14:44:09.903,1.25015,1.25021,1.25,1.12
2016.04.25 14:44:10.363,1.25014,1.25019,1.00,1.00
2016.04.25 14:44:10.878,1.25012,1.2502,1.19,2.06
2016.04.25 14:44:12.291,1.25013,1.25021,3.80,2.44
2016.04.25 14:44:12.815,1.25013,1.25021,4.55,2.81
2016.04.25 14:44:14.072,1.25016,1.25021,3.62,2.81
2016.04.25 14:44:14.376,1.2502,1.25026,1.00,1.31
2016.04.25 14:44:14.882,1.2502,1.25026,1.00,1.12
2016.04.25 14:44:15.388,1.25021,1.25026,1.00,1.12
2016.04.25 14:44:15.818,1.25019,1.25027,3.24,1.87
2016.04.25 14:44:15.970,1.2502,1.25027,1.64,1.50
2016.04.25 14:44:16.477,1.2502,1.25027,2.58,1.87
2016.04.25 14:44:16.883,1.25018,1.25023,1.52,2.25
2016.04.25 14:44:17.137,1.25016,1.25022,2.58,2.44
2016.04.25 14:44:17.642,1.25018,1.25022,1.27,1.31
2016.04.25 14:44:17.945,1.25018,1.25023,3.71,2.14
2016.04.25 14:44:18.484,1.25018,1.25023,2.58,5.51
2016.04.25 14:44:19.360,1.25018,1.25023,2.58,4.76
2016.04.25 14:44:19.714,1.25015,1.25023,2.58,3.26
2016.04.25 14:44:20.220,1.25015,1.2502,3.33,1.12
2016.04.25 14:44:20.807,1.25014,1.2502,4.41,1.12
2016.04.25 14:44:21.111,1.25017,1.2502,2.58,1.00
2016.04.25 14:44:21.213,1.25015,1.25019,2.96,1.12
2016.04.25 14:44:21.290,1.25015,1.25017,2.96,1.00
2016.04.25 14:44:21.342,1.25011,1.25017,3.00,1.50
2016.04.25 14:44:21.444,1.25011,1.25016,1.50,1.31
2016.04.25 14:44:22.101,1.25012,1.25015,1.00,1.69
2016.04.25 14:44:22.667,1.25011,1.25016,1.50,1.19
2016.04.25 14:44:24.928,1.25011,1.25017,3.37,1.00
2016.04.25 14:44:25.464,1.25011,1.25018,2.62,2.06
2016.04.25 14:44:25.818,1.25015,1.25018,1.00,1.69
2016.04.25 14:44:26.274,1.25015,1.2502,1.00,1.69
2016.04.25 14:44:26.780,1.25015,1.25021,1.00,1.00
2016.04.25 14:44:27.267,1.25017,1.25021,1.00,1.19
2016.04.25 14:44:27.586,1.25019,1.25023,1.00,2.81
2016.04.25 14:44:28.558,1.25019,1.25025,1.00,1.62
2016.04.25 14:44:29.073,1.25019,1.25026,1.00,4.31
2016.04.25 14:44:29.527,1.2502,1.25024,1.00,3.00
2016.04.25 14:44:29.772,1.25018,1.25024,1.00,1.69
2016.04.25 14:44:30.277,1.25019,1.25023,1.00,1.00
2016.04.25 14:44:30.733,1.25018,1.25022,1.00,1.37
2016.04.25 14:44:30.829,1.25016,1.25021,2.25,1.37
2016.04.25 14:44:31.536,1.25016,1.25021,1.00,2.06
2016.04.25 14:44:31.587,1.25014,1.25021,1.50,2.06
2016.04.25 14:44:31.897,1.25016,1.25021,1.50,2.06
2016.04.25 14:44:32.103,1.25018,1.25022,1.00,1.00
2016.04.25 14:44:32.155,1.25018,1.25024,1.12,1.25
2016.04.25 14:44:32.686,1.25019,1.25025,1.00,2.25
2016.04.25 14:44:32.837,1.25017,1.25024,1.12,3.19
2016.04.25 14:44:32.888,1.25017,1.25024,1.00,4.69
2016.04.25 14:44:33.031,1.25014,1.25022,1.12,2.81
2016.04.25 14:44:33.536,1.25013,1.2502,1.00,1.31
2016.04.25 14:44:34.085,1.25011,1.2502,3.75,2.06
2016.04.25 14:44:34.186,1.25011,1.25019,2.25,1.31
2016.04.25 14:44:34.692,1.25013,1.25019,1.12,1.19
2016.04.25 14:44:35.541,1.25011,1.25019,3.37,1.56
2016.04.25 14:44:36.046,1.25011,1.25019,1.87,1.69
2016.04.25 14:44:36.548,1.25012,1.25018,1.00,3.94
2016.04.25 14:44:37.077,1.25011,1.25018,1.00,3.56
2016.04.25 14:44:37.178,1.25011,1.25016,1.00,1.37
2016.04.25 14:44:37.280,1.25008,1.25014,2.25,1.19
2016.04.25 14:44:37.825,1.25008,1.25015,1.00,2.06
2016.04.25 14:44:38.346,1.25009,1.25015,1.00,1.25
2016.04.25 14:44:39.359,1.25009,1.25016,1.00,2.44
2016.04.25 14:44:39.869,1.25008,1.25016,1.00,2.81
2016.04.25 14:44:41.210,1.25008,1.25016,1.00,2.81
2016.04.25 14:44:41.760,1.25009,1.25016,1.00,2.81
2016.04.25 14:44:42.117,1.25007,1.25013,1.25,1.31
2016.04.25 14:44:42.471,1.25009,1.25013,1.00,1.31
2016.04.25 14:44:42.573,1.25007,1.25013,1.31,1.19
2016.04.25 14:44:43.079,1.25008,1.25013,1.00,1.19
2016.04.25 14:44:43.231,1.25008,1.25016,2.62,3.56
2016.04.25 14:44:43.739,1.25009,1.25016,1.00,2.06
2016.04.25 14:44:44.736,1.25008,1.25017,1.57,3.56
2016.04.25 14:44:45.261,1.25007,1.25014,5.25,1.19
2016.04.25 14:44:46.199,1.25008,1.25015,2.62,1.31
2016.04.25 14:44:46.796,1.2501,1.25015,1.50,1.31
2016.04.25 14:44:47.200,1.2501,1.25019,3.90,3.34
2016.04.25 14:44:47.503,1.25011,1.25017,1.12,1.31
2016.04.25 14:44:48.939,1.25011,1.25018,1.12,1.31
2016.04.25 14:44:49.465,1.25011,1.25019,1.00,3.34
2016.04.25 14:44:49.718,1.25009,1.25018,1.87,3.19
2016.04.25 14:44:50.255,1.25009,1.25018,2.25,3.19
2016.04.25 14:44:51.557,1.25009,1.25017,2.06,1.19
2016.04.25 14:44:52.107,1.25011,1.25018,2.06,2.06
2016.04.25 14:44:52.411,1.25013,1.25019,1.87,1.19
2016.04.25 14:44:52.714,1.25016,1.25022,1.00,1.19
2016.04.25 14:44:53.644,1.25016,1.25022,1.37,1.19
2016.04.25 14:44:53.796,1.25016,1.25025,2.32,4.76
2016.04.25 14:44:54.342,1.25016,1.25024,1.10,1.69
2016.04.25 14:44:54.859,1.25017,1.25024,1.00,1.31
2016.04.25 14:44:54.960,1.25017,1.25024,1.00,2.00
2016.04.25 14:44:55.495,1.25016,1.25023,1.00,1.94
2016.04.25 14:44:56.749,1.25015,1.25023,2.81,2.06
2016.04.25 14:44:57.254,1.25014,1.25023,8.81,2.96
2016.04.25 14:44:57.779,1.25015,1.25023,2.21,2.14
2016.04.25 14:44:58.316,1.25015,1.25023,2.21,2.59
2016.04.25 14:44:58.997,1.25015,1.25023,1.20,2.96
2016.04.25 14:44:59.503,1.25014,1.25017,3.00,1.19
2016.04.25 14:44:59.655,1.25013,1.25017,1.00,1.69
2016.04.25 14:44:59.756,1.25009,1.25017,4.20,1.69
2016.04.25 14:45:00.262,1.2501,1.25017,1.50,1.69
2016.04.25 14:45:01.538,1.2501,1.25017,3.45,1.31
2016.04.25 14:45:02.377,1.2501,1.25016,3.07,1.69
2016.04.25 14:45:02.478,1.25007,1.25013,5.32,1.37
2016.04.25 14:45:02.529,1.25007,1.25013,3.15,1.37
2016.04.25 14:45:02.710,1.25007,1.25012,3.00,2.06
2016.04.25 14:45:03.015,1.25007,1.25013,3.00,1.69
2016.04.25 14:45:03.168,1.25005,1.25011,1.50,1.00
2016.04.25 14:45:03.686,1.25004,1.2501,1.07,2.25
2016.04.25 14:45:03.989,1.25003,1.25007,1.50,1.00
2016.04.25 14:45:04.445,1.25005,1.25009,1.00,1.00
2016.04.25 14:45:04.953,1.25004,1.25009,1.20,1.00
2016.04.25 14:45:05.963,1.25003,1.25009,4.50,1.19
2016.04.25 14:45:07.626,1.25003,1.25009,1.50,4.50
2016.04.25 14:45:07.778,1.25002,1.25008,1.20,2.06
2016.04.25 14:45:08.031,1.25002,1.25008,2.25,1.25
2016.04.25 14:45:08.558,1.25002,1.25009,1.50,2.25
2016.04.25 14:45:08.810,1.25002,1.25009,1.50,3.00
2016.04.25 14:45:08.912,1.25002,1.25009,1.50,3.75
2016.04.25 14:45:09.416,1.25002,1.25009,1.50,1.87
2016.04.25 14:45:10.004,1.25002,1.25004,1.50,1.00
2016.04.25 14:45:10.106,1.25001,1.25006,2.25,3.19
2016.04.25 14:45:10.308,1.25001,1.25003,3.75,1.00
2016.04.25 14:45:10.561,1.24998,1.25003,1.07,2.06
2016.04.25 14:45:10.662,1.24997,1.25002,2.32,1.69
2016.04.25 14:45:10.877,1.24999,1.25002,2.25,1.19
2016.04.25 14:45:11.738,1.24999,1.25003,2.25,3.19
2016.04.25 14:45:12.272,1.24998,1.25002,1.57,1.25
2016.04.25 14:45:12.794,1.24998,1.25002,1.57,1.19
2016.04.25 14:45:13.706,1.24998,1.25002,1.57,1.25
2016.04.25 14:45:16.109,1.24998,1.25003,2.25,1.50
2016.04.25 14:45:16.261,1.24996,1.25002,2.32,1.00
2016.04.25 14:45:16.313,1.24996,1.24999,1.57,1.00
2016.04.25 14:45:16.515,1.24997,1.25003,1.10,4.31
2016.04.25 14:45:17.023,1.24997,1.25002,1.10,1.00
2016.04.25 14:45:17.528,1.25,1.25005,1.00,2.06
2016.04.25 14:45:17.832,1.25001,1.25007,2.32,1.31
2016.04.25 14:45:18.353,1.25001,1.25006,1.07,1.00
2016.04.25 14:45:18.657,1.25,1.25004,1.76,1.00
2016.04.25 14:45:19.010,1.25,1.25002,1.57,1.00
2016.04.25 14:45:19.523,1.24998,1.25001,1.20,1.00
2016.04.25 14:45:20.039,1.24997,1.25001,2.32,1.00
2016.04.25 14:45:21.203,1.24997,1.25,2.40,1.00
2016.04.25 14:45:21.254,1.24999,1.25002,1.50,1.12
2016.04.25 14:45:21.792,1.24999,1.25003,1.50,1.00
2016.04.25 14:45:22.294,1.24999,1.25002,1.50,1.00
2016.04.25 14:45:23.474,1.24999,1.25004,1.50,1.12
2016.04.25 14:45:23.726,1.24999,1.25002,1.50,1.00
2016.04.25 14:45:23.878,1.24995,1.25002,3.82,1.50
2016.04.25 14:45:23.980,1.24995,1.25002,5.32,1.87
2016.04.25 14:45:24.516,1.24995,1.25001,2.32,1.37
2016.04.25 14:45:25.358,1.24995,1.25001,2.32,1.87
2016.04.25 14:45:25.863,1.24995,1.25001,2.51,2.81
2016.04.25 14:45:26.269,1.24995,1.25002,4.01,3.19
2016.04.25 14:45:26.320,1.24995,1.24999,3.26,1.00
2016.04.25 14:45:26.624,1.24994,1.24997,2.40,1.12
2016.04.25 14:45:26.776,1.24994,1.24999,3.34,1.50
2016.04.25 14:45:26.879,1.24997,1.25001,1.00,2.25
2016.04.25 14:45:27.183,1.25,1.25004,3.00,1.12
2016.04.25 14:45:27.335,1.24998,1.25002,1.50,1.00
2016.04.25 14:45:27.689,1.24996,1.25001,1.00,1.00
2016.04.25 14:45:27.792,1.24994,1.24999,1.65,1.12
2016.04.25 14:45:28.302,1.24994,1.24997,1.00,1.00
2016.04.25 14:45:28.706,1.24993,1.24995,1.20,1.00
2016.04.25 14:45:28.808,1.24991,1.24994,1.00,1.00
2016.04.25 14:45:28.859,1.24989,1.24992,3.07,1.00
2016.04.25 14:45:29.011,1.24987,1.24991,1.50,1.00
2016.04.25 14:45:29.365,1.24987,1.24989,1.50,1.00
2016.04.25 14:45:29.466,1.24985,1.24989,1.57,1.00
2016.04.25 14:45:29.618,1.24984,1.24987,2.25,1.00
2016.04.25 14:45:29.811,1.24983,1.24988,2.25,1.00
2016.04.25 14:45:30.318,1.24983,1.24988,1.50,1.50
2016.04.25 14:45:30.851,1.24982,1.24988,1.57,1.12
2016.04.25 14:45:31.394,1.24982,1.24989,2.51,1.69
2016.04.25 14:45:31.923,1.24982,1.24988,1.57,1.00
2016.04.25 14:45:32.324,1.24984,1.2499,1.10,1.87
2016.04.25 14:45:32.476,1.24985,1.24991,2.32,1.00
2016.04.25 14:45:32.831,1.24985,1.24992,1.01,1.25
2016.04.25 14:45:33.639,1.24987,1.24994,1.07,1.69
2016.04.25 14:45:34.144,1.24988,1.24994,1.07,1.12
2016.04.25 14:45:34.526,1.24989,1.24996,1.07,3.37
2016.04.25 14:45:35.883,1.2499,1.24996,1.12,1.00
2016.04.25 14:45:35.934,1.2499,1.24996,5.70,1.00
2016.04.25 14:45:36.036,1.24993,1.24998,1.27,1.00
2016.04.25 14:45:36.137,1.24994,1.25,1.57,1.12
2016.04.25 14:45:36.490,1.24992,1.25,2.70,1.50
2016.04.25 14:45:37.111,1.24992,1.24998,1.57,1.12
2016.04.25 14:45:37.635,1.24991,1.24999,1.50,2.25
2016.04.25 14:45:37.889,1.24995,1.25,1.00,2.32
2016.04.25 14:45:38.394,1.24994,1.25001,6.37,1.00
2016.04.25 14:45:39.998,1.24995,1.25002,2.77,1.12
2016.04.25 14:45:40.496,1.24996,1.25001,2.62,1.12
2016.04.25 14:45:41.001,1.24996,1.25,3.37,1.00
2016.04.25 14:45:41.860,1.24995,1.25,1.07,1.00
2016.04.25 14:45:42.417,1.24995,1.25001,1.45,2.25
2016.04.25 14:45:42.958,1.24995,1.25,1.45,1.50
2016.04.25 14:45:43.790,1.24995,1.25001,1.53,1.50
2016.04.25 14:45:44.308,1.24995,1.25,1.45,1.00
2016.04.25 14:45:44.813,1.24995,1.24999,1.45,1.00
2016.04.25 14:45:45.461,1.24996,1.25001,2.84,1.50
2016.04.25 14:45:45.816,1.24998,1.25004,1.23,1.00
2016.04.25 14:45:46.069,1.24998,1.25002,3.71,1.00
2016.04.25 14:45:46.725,1.24998,1.25004,1.27,1.50
2016.04.25 14:45:47.230,1.25,1.25003,1.00,1.00
2016.04.25 14:45:47.521,1.25,1.25005,1.00,2.25
2016.04.25 14:45:48.782,1.25,1.25004,1.57,1.00
2016.04.25 14:45:49.327,1.24999,1.25003,3.07,1.00
2016.04.25 14:45:49.888,1.25,1.25004,2.66,1.00
2016.04.25 14:45:50.399,1.25,1.25003,1.07,1.00
2016.04.25 14:45:50.920,1.24999,1.25003,1.50,1.00
2016.04.25 14:45:51.424,1.24999,1.25004,2.25,1.00
2016.04.25 14:45:51.929,1.25,1.25005,1.46,1.12
2016.04.25 14:45:52.081,1.25,1.25006,5.32,1.87
2016.04.25 14:45:52.223,1.25001,1.25009,1.50,2.25
2016.04.25 14:45:52.274,1.25001,1.25007,1.50,1.00
2016.04.25 14:45:52.577,1.25001,1.25005,1.50,1.00
2016.04.25 14:45:53.082,1.25001,1.25006,1.69,1.00
2016.04.25 14:45:54.596,1.25001,1.25007,2.44,1.50
2016.04.25 14:45:55.293,1.25001,1.25006,2.25,1.00
2016.04.25 14:45:56.264,1.25001,1.25007,1.50,1.12
2016.04.25 14:45:58.066,1.25001,1.25006,1.50,1.00
2016.04.25 14:45:58.520,1.25002,1.25009,1.57,1.12
2016.04.25 14:45:58.850,1.25004,1.25012,1.20,3.37
2016.04.25 14:45:58.901,1.25004,1.25012,1.85,2.25
2016.04.25 14:45:59.413,1.25005,1.25012,2.25,3.00
2016.04.25 14:46:01.980,1.25005,1.25012,1.50,3.37
2016.04.25 14:46:04.250,1.25005,1.2501,2.25,1.00
2016.04.25 14:46:04.594,1.25005,1.25007,1.50,1.00
2016.04.25 14:46:04.645,1.25003,1.25007,1.20,1.00
2016.04.25 14:46:04.746,1.25001,1.25007,1.95,1.00
2016.04.25 14:46:05.252,1.25002,1.25008,1.20,1.00
2016.04.25 14:46:06.205,1.25001,1.25008,1.07,1.37
2016.04.25 14:46:06.726,1.25001,1.25006,1.07,1.00
2016.04.25 14:46:07.443,1.25001,1.25007,1.32,1.00
2016.04.25 14:46:07.595,1.25,1.25007,4.27,1.00
2016.04.25 14:46:10.027,1.25,1.25006,4.46,1.00
2016.04.25 14:46:13.196,1.24999,1.25006,1.12,1.12
2016.04.25 14:46:13.399,1.25,1.25004,1.00,1.00
2016.04.25 14:46:15.215,1.24999,1.25005,1.69,1.00
2016.04.25 14:46:17.103,1.24998,1.25005,4.12,1.00
2016.04.25 14:46:17.204,1.25,1.25005,1.00,2.25
2016.04.25 14:46:17.784,1.24999,1.25005,1.00,1.50
2016.04.25 14:46:18.327,1.25,1.25005,1.00,3.00
2016.04.25 14:46:18.681,1.24998,1.25002,1.00,1.00
2016.04.25 14:46:18.782,1.24995,1.25,1.50,1.00
2016.04.25 14:46:18.883,1.24995,1.24998,1.00,1.00
2016.04.25 14:46:19.187,1.2499,1.24995,1.00,1.50
2016.04.25 14:46:19.440,1.24988,1.24995,1.12,2.25
2016.04.25 14:46:19.794,1.2499,1.24995,1.00,4.12
2016.04.25 14:46:20.097,1.2499,1.24993,1.00,1.12
2016.04.25 14:46:20.628,1.24989,1.24993,1.00,1.12
2016.04.25 14:46:21.130,1.2499,1.24993,1.00,1.12
2016.04.25 14:46:21.231,1.24987,1.24994,5.25,1.12
2016.04.25 14:46:21.738,1.24987,1.24993,4.50,1.50
2016.04.25 14:46:22.281,1.24988,1.24993,3.75,2.25
2016.04.25 14:46:23.167,1.24988,1.2499,2.25,1.00
2016.04.25 14:46:23.495,1.24985,1.2499,2.25,1.00
2016.04.25 14:46:23.597,1.24985,1.24987,1.00,1.00
2016.04.25 14:46:23.699,1.24981,1.24985,1.00,1.50
2016.04.25 14:46:23.800,1.24979,1.24982,1.00,1.00
2016.04.25 14:46:24.105,1.24976,1.24977,1.00,1.00
2016.04.25 14:46:24.156,1.24971,1.24977,1.37,1.00
2016.04.25 14:46:24.207,1.2497,1.24978,3.75,1.12
2016.04.25 14:46:24.308,1.24971,1.24976,1.00,1.00
2016.04.25 14:46:25.325,1.24971,1.24974,1.50,1.00
2016.04.25 14:46:25.527,1.24969,1.24974,1.87,1.00
2016.04.25 14:46:25.817,1.24969,1.24976,1.00,1.69
2016.04.25 14:46:25.969,1.24968,1.24975,1.12,2.25
2016.04.25 14:46:26.272,1.24966,1.24971,1.00,1.00
2016.04.25 14:46:26.374,1.24964,1.24971,1.50,1.00
2016.04.25 14:46:26.891,1.24963,1.24972,4.12,1.50
2016.04.25 14:46:27.001,1.24964,1.24972,1.37,1.50
2016.04.25 14:46:28.382,1.24969,1.24973,1.00,1.87
2016.04.25 14:46:28.686,1.2497,1.24976,1.87,1.50
2016.04.25 14:46:29.496,1.24971,1.24977,1.50,1.69
2016.04.25 14:46:31.007,1.24972,1.24976,1.50,1.00
2016.04.25 14:46:31.509,1.2497,1.24977,2.62,2.06
2016.04.25 14:46:31.561,1.2497,1.24977,1.50,2.06
2016.04.25 14:46:31.612,1.24968,1.24976,1.50,1.50
2016.04.25 14:46:32.117,1.24968,1.24973,1.50,1.87
2016.04.25 14:46:32.420,1.24966,1.24973,1.69,1.87
2016.04.25 14:46:33.508,1.24967,1.24974,1.00,2.00
2016.04.25 14:46:33.610,1.24967,1.24974,1.12,1.00
2016.04.25 14:46:33.661,1.2497,1.24975,1.00,3.75
2016.04.25 14:46:33.964,1.24968,1.24976,3.19,2.44
2016.04.25 14:46:34.469,1.24968,1.24974,1.32,1.00
2016.04.25 14:46:35.408,1.24967,1.24974,1.69,1.25
2016.04.25 14:46:36.018,1.24967,1.24973,1.32,1.00
2016.04.25 14:46:36.523,1.24967,1.24975,1.32,4.87
2016.04.25 14:46:37.051,1.24966,1.24973,1.69,1.00
2016.04.25 14:46:37.556,1.24966,1.24974,2.44,1.12
2016.04.25 14:46:38.743,1.24967,1.24974,1.00,1.31
2016.04.25 14:46:38.794,1.24968,1.24974,1.87,1.25
2016.04.25 14:46:38.998,1.2497,1.24978,1.12,1.69
2016.04.25 14:46:39.049,1.24972,1.24978,1.00,1.69
2016.04.25 14:46:39.353,1.24973,1.24979,3.37,1.50
2016.04.25 14:46:39.404,1.24973,1.24982,3.37,3.37
2016.04.25 14:46:39.658,1.24976,1.24982,1.00,2.06
2016.04.25 14:46:40.164,1.24975,1.24982,1.50,1.12
2016.04.25 14:46:40.685,1.24975,1.24981,1.00,1.00
2016.04.25 14:46:41.190,1.24975,1.24982,1.50,2.62
2016.04.25 14:46:41.704,1.24975,1.24981,1.00,1.50
2016.04.25 14:46:41.907,1.24972,1.2498,3.94,1.87
2016.04.25 14:46:42.805,1.24972,1.2498,2.82,1.37
2016.04.25 14:46:43.745,1.24973,1.24979,1.32,1.31
2016.04.25 14:46:43.897,1.24971,1.24979,2.07,1.69
2016.04.25 14:46:44.646,1.24972,1.24979,1.00,3.56
2016.04.25 14:46:44.799,1.24972,1.24977,1.00,1.00
2016.04.25 14:46:45.054,1.2497,1.24977,2.62,1.87
2016.04.25 14:46:46.118,1.2497,1.24976,1.00,1.12
2016.04.25 14:46:46.370,1.24968,1.24975,2.97,1.12
2016.04.25 14:46:46.522,1.2497,1.24975,1.00,1.50
2016.04.25 14:46:47.033,1.24968,1.24975,2.82,1.50
2016.04.25 14:46:47.551,1.2497,1.24974,1.00,1.00
2016.04.25 14:46:47.703,1.24968,1.24974,2.82,1.87
2016.04.25 14:46:48.208,1.24967,1.24975,6.19,1.87
2016.04.25 14:46:48.722,1.24967,1.24974,2.44,1.00
2016.04.25 14:46:49.491,1.24967,1.24975,2.44,3.56
2016.04.25 14:46:49.592,1.24967,1.24972,1.12,1.00
2016.04.25 14:46:49.795,1.24965,1.24971,7.32,1.00
2016.04.25 14:46:50.048,1.24967,1.24971,1.00,1.00
2016.04.25 14:46:50.250,1.24965,1.2497,4.32,1.12
2016.04.25 14:46:50.352,1.24967,1.24971,1.00,1.12
2016.04.25 14:46:50.857,1.24966,1.2497,3.94,1.00
2016.04.25 14:46:51.009,1.24967,1.24972,1.00,1.00
2016.04.25 14:46:51.511,1.24968,1.24972,1.32,1.00
2016.04.25 14:46:52.117,1.24967,1.24972,1.32,1.00
2016.04.25 14:46:52.659,1.24967,1.24971,2.07,1.00
2016.04.25 14:46:53.168,1.24968,1.24971,1.32,1.00
2016.04.25 14:46:53.421,1.24966,1.2497,1.32,1.00
2016.04.25 14:46:53.951,1.24965,1.2497,2.44,1.50
2016.04.25 14:46:54.456,1.24966,1.24969,1.00,1.00
2016.04.25 14:46:54.964,1.24965,1.2497,2.25,1.50
2016.04.25 14:46:55.318,1.24967,1.24973,1.00,2.44
2016.04.25 14:46:55.672,1.24969,1.24973,1.00,1.00
2016.04.25 14:46:58.139,1.24969,1.24972,1.00,1.00
2016.04.25 14:46:58.241,1.24966,1.24971,3.37,1.00
2016.04.25 14:46:58.443,1.24966,1.24969,1.50,1.00
2016.04.25 14:46:58.696,1.24963,1.24968,1.27,1.00
2016.04.25 14:46:58.899,1.24963,1.2497,1.19,1.69
2016.04.25 14:46:59.051,1.24965,1.24969,2.58,1.00
2016.04.25 14:47:00.067,1.24965,1.2497,3.33,1.00
2016.04.25 14:47:00.581,1.24965,1.24971,3.33,1.00
2016.04.25 14:47:01.092,1.24965,1.24972,3.33,2.06
2016.04.25 14:47:01.641,1.24967,1.24971,2.58,1.00
2016.04.25 14:47:01.743,1.24963,1.24969,1.87,1.00
2016.04.25 14:47:02.138,1.24964,1.2497,1.64,1.87
2016.04.25 14:47:02.442,1.24965,1.2497,4.50,2.25
2016.04.25 14:47:02.645,1.24967,1.24974,1.25,1.12
2016.04.25 14:47:02.743,1.24968,1.24974,3.00,1.12
2016.04.25 14:47:03.250,1.24967,1.24974,1.00,1.12
2016.04.25 14:47:03.605,1.24969,1.24975,1.00,1.87
2016.04.25 14:47:04.113,1.24968,1.24977,1.50,5.44
2016.04.25 14:47:04.618,1.2497,1.24976,1.00,1.31
2016.04.25 14:47:04.922,1.24972,1.24977,1.00,1.19
2016.04.25 14:47:04.972,1.24972,1.24979,1.00,1.69
2016.04.25 14:47:05.074,1.24974,1.24979,1.00,1.69
2016.04.25 14:47:05.579,1.24974,1.24977,1.00,1.00
2016.04.25 14:47:05.680,1.24971,1.24977,2.81,1.00
2016.04.25 14:47:06.185,1.24972,1.24977,1.12,1.00
2016.04.25 14:47:06.997,1.24971,1.24978,1.69,1.00
2016.04.25 14:47:07.543,1.24971,1.24976,1.69,1.00
2016.04.25 14:47:08.402,1.24971,1.24978,3.19,1.31
2016.04.25 14:47:09.645,1.24971,1.24979,1.50,2.25
2016.04.25 14:47:09.696,1.24971,1.24976,1.00,1.50
2016.04.25 14:47:10.001,1.24966,1.24974,3.94,4.12
2016.04.25 14:47:10.514,1.24965,1.24974,5.06,3.94
2016.04.25 14:47:10.837,1.24966,1.24974,4.50,3.56
2016.04.25 14:47:11.862,1.24965,1.24972,8.06,1.31
2016.04.25 14:47:12.338,1.24967,1.24975,1.56,3.94
2016.04.25 14:47:12.707,1.24965,1.24972,6.37,1.50
2016.04.25 14:47:12.859,1.24965,1.24972,6.37,1.12
2016.04.25 14:47:13.372,1.24966,1.24974,5.06,1.37
2016.04.25 14:47:14.234,1.24967,1.24974,3.00,1.37
2016.04.25 14:47:14.749,1.24967,1.24973,1.00,1.12
2016.04.25 14:47:15.277,1.24967,1.24973,1.00,1.62
2016.04.25 14:47:15.787,1.24967,1.24973,3.75,1.00
2016.04.25 14:47:18.073,1.24969,1.24974,1.50,1.87
2016.04.25 14:47:18.275,1.24971,1.24977,3.37,1.12
2016.04.25 14:47:18.780,1.24972,1.24977,2.62,1.12
2016.04.25 14:47:19.033,1.24975,1.24978,1.50,1.00
2016.04.25 14:47:19.340,1.24982,1.24984,1.50,1.00
2016.04.25 14:47:19.391,1.24982,1.24986,1.50,1.50
2016.04.25 14:47:19.442,1.24982,1.24989,3.75,1.25
2016.04.25 14:47:19.544,1.24986,1.2499,1.12,3.00
2016.04.25 14:47:20.074,1.24984,1.2499,1.12,2.25
2016.04.25 14:47:20.580,1.24984,1.2499,1.12,2.25
2016.04.25 14:47:21.337,1.24984,1.2499,1.12,4.12
2016.04.25 14:47:21.539,1.24982,1.2499,3.37,3.19
2016.04.25 14:47:21.742,1.24985,1.2499,2.62,2.81
2016.04.25 14:47:22.265,1.24984,1.24992,1.87,2.00
2016.04.25 14:47:22.675,1.24984,1.2499,1.12,2.25
2016.04.25 14:47:23.082,1.24986,1.24988,1.87,2.25
2016.04.25 14:47:23.285,1.24989,1.24994,1.12,1.00
2016.04.25 14:47:23.791,1.24989,1.24995,2.62,1.50
2016.04.25 14:47:23.892,1.24993,1.24995,1.00,1.50
2016.04.25 14:47:23.943,1.24991,1.24995,1.12,1.50
2016.04.25 14:47:24.044,1.24991,1.24997,1.12,1.50
2016.04.25 14:47:24.240,1.24991,1.24999,1.87,3.00
2016.04.25 14:47:24.745,1.24992,1.24998,2.25,2.62
2016.04.25 14:47:25.048,1.2499,1.24998,4.87,1.12
2016.04.25 14:47:25.706,1.24989,1.24998,4.87,4.12
2016.04.25 14:47:26.212,1.24989,1.24996,6.00,2.81
2016.04.25 14:47:26.465,1.2499,1.24997,1.00,2.25
2016.04.25 14:47:26.516,1.24992,1.24997,1.50,2.25
2016.04.25 14:47:26.820,1.24998,1.25001,1.00,1.50
2016.04.25 14:47:26.972,1.24996,1.25004,1.12,2.06
2016.04.25 14:47:27.376,1.24997,1.25003,1.00,1.37
2016.04.25 14:47:27.680,1.24996,1.25,1.00,2.25
2016.04.25 14:47:27.731,1.24994,1.25,1.00,2.25
2016.04.25 14:47:28.085,1.24993,1.24999,1.00,2.44
2016.04.25 14:47:28.186,1.24993,1.24999,1.00,2.44
2016.04.25 14:47:28.695,1.24993,1.24998,1.00,2.44
2016.04.25 14:47:29.201,1.24992,1.24998,1.12,2.44
2016.04.25 14:47:29.914,1.24993,1.24997,1.00,1.00
2016.04.25 14:47:30.116,1.24993,1.25,3.00,1.50
2016.04.25 14:47:30.268,1.24994,1.24997,1.00,1.00
2016.04.25 14:47:30.887,1.24994,1.24996,1.00,1.00
2016.04.25 14:47:31.089,1.24993,1.24998,1.00,1.00
2016.04.25 14:47:31.303,1.24992,1.24996,2.25,1.00
2016.04.25 14:47:31.606,1.24994,1.24998,1.00,1.00
2016.04.25 14:47:31.909,1.24996,1.25002,3.00,2.06
2016.04.25 14:47:31.960,1.24998,1.25002,1.00,2.06
2016.04.25 14:47:32.353,1.24999,1.25004,1.00,1.69
2016.04.25 14:47:32.405,1.24999,1.25001,1.00,1.00
2016.04.25 14:47:32.658,1.25,1.25005,1.87,2.44
2016.04.25 14:47:32.760,1.25,1.25002,1.87,1.00
2016.04.25 14:47:33.262,1.25,1.25003,1.00,1.00
2016.04.25 14:47:33.577,1.25,1.25002,1.00,1.00
2016.04.25 14:47:33.628,1.25,1.25003,1.00,1.00
2016.04.25 14:47:34.133,1.25,1.25002,1.50,1.00
2016.04.25 14:47:34.458,1.25,1.25004,1.50,1.50
2016.04.25 14:47:34.560,1.25,1.25002,1.50,1.00
2016.04.25 14:47:34.611,1.25,1.25004,1.00,1.00
2016.04.25 14:47:35.137,1.24999,1.25004,1.87,1.87
2016.04.25 14:47:35.238,1.24999,1.25003,1.12,1.37
2016.04.25 14:47:35.638,1.24997,1.25001,1.00,1.69
2016.04.25 14:47:35.992,1.24997,1.24999,1.00,1.00
2016.04.25 14:47:36.498,1.24997,1.24998,1.00,1.00
2016.04.25 14:47:36.831,1.24995,1.24997,1.87,1.00
2016.04.25 14:47:37.134,1.24994,1.24999,6.00,1.00
2016.04.25 14:47:37.185,1.24995,1.24997,1.50,1.00
2016.04.25 14:47:37.236,1.24996,1.24998,4.50,1.00
2016.04.25 14:47:37.338,1.24993,1.24997,2.25,1.00
2016.04.25 14:47:37.439,1.24995,1.24998,1.00,1.00
2016.04.25 14:47:37.642,1.24996,1.25,1.12,2.62
2016.04.25 14:47:37.743,1.24996,1.24998,1.12,1.00
2016.04.25 14:47:37.794,1.24996,1.25,1.12,2.81
2016.04.25 14:47:38.097,1.24996,1.24997,1.12,1.00
2016.04.25 14:47:38.351,1.24994,1.24997,1.00,1.00
2016.04.25 14:47:38.452,1.24995,1.25,1.12,3.94
2016.04.25 14:47:38.554,1.24997,1.25,1.12,1.69
2016.04.25 14:47:38.785,1.24998,1.25001,1.00,1.00
2016.04.25 14:47:38.988,1.25,1.25002,1.12,1.25
2016.04.25 14:47:39.241,1.24997,1.25,2.25,1.00
2016.04.25 14:47:39.444,1.24995,1.24997,1.00,1.00
2016.04.25 14:47:39.495,1.24993,1.24996,1.12,1.00
2016.04.25 14:47:39.875,1.24993,1.24998,1.87,1.00
2016.04.25 14:47:39.977,1.24995,1.24998,1.12,1.00
2016.04.25 14:47:40.684,1.24995,1.24999,1.12,1.12
2016.04.25 14:47:41.198,1.24995,1.25,1.12,1.31
2016.04.25 14:47:41.503,1.25001,1.25003,1.00,1.00
2016.04.25 14:47:41.554,1.24999,1.25003,1.50,1.00
2016.04.25 14:47:42.320,1.24999,1.25004,1.12,1.00
2016.04.25 14:47:42.624,1.25002,1.25005,1.00,1.50
2016.04.25 14:47:42.776,1.25,1.25005,1.50,1.00
2016.04.25 14:47:43.287,1.25,1.25004,2.25,1.00
2016.04.25 14:47:44.061,1.25,1.25005,1.50,1.50
2016.04.25 14:47:44.365,1.25001,1.25004,1.27,1.00
2016.04.25 14:47:44.561,1.24999,1.25003,3.37,1.00
2016.04.25 14:47:44.713,1.24999,1.25005,3.37,1.50
2016.04.25 14:47:45.168,1.25002,1.25005,2.25,1.00
2016.04.25 14:47:45.269,1.25002,1.25007,3.00,1.69
2016.04.25 14:47:45.371,1.25006,1.25007,2.25,1.00
2016.04.25 14:47:45.423,1.25006,1.25009,2.25,1.50
2016.04.25 14:47:45.524,1.25007,1.25011,2.25,1.00
2016.04.25 14:47:46.084,1.25007,1.2501,2.25,1.00
2016.04.25 14:47:46.589,1.25007,1.25011,1.00,1.00
2016.04.25 14:47:47.100,1.25007,1.25012,1.00,1.00
2016.04.25 14:47:47.602,1.25006,1.25011,3.75,1.00
2016.04.25 14:47:48.107,1.25006,1.2501,2.62,1.00
2016.04.25 14:47:49.162,1.25004,1.25009,3.00,1.00
2016.04.25 14:47:49.404,1.25005,1.2501,1.50,1.00
2016.04.25 14:47:49.506,1.25005,1.25012,3.00,1.00
2016.04.25 14:47:50.012,1.25005,1.25011,2.25,1.00
2016.04.25 14:47:50.521,1.25004,1.2501,4.50,1.00
2016.04.25 14:47:50.572,1.25007,1.25012,2.25,1.50
2016.04.25 14:47:50.674,1.25007,1.25014,3.00,2.25
2016.04.25 14:47:51.180,1.25007,1.25014,1.75,1.00
2016.04.25 14:47:51.804,1.25007,1.25014,1.50,1.00
2016.04.25 14:47:52.057,1.25007,1.25011,1.12,1.00
2016.04.25 14:47:52.568,1.25005,1.25009,1.37,1.00
2016.04.25 14:47:52.620,1.25004,1.25009,5.25,1.00
2016.04.25 14:47:52.721,1.25004,1.25011,3.00,1.87
2016.04.25 14:47:52.846,1.25004,1.25009,2.25,1.00
2016.04.25 14:47:53.371,1.25005,1.25009,2.25,1.00
2016.04.25 14:47:54.272,1.25005,1.2501,3.00,1.50
2016.04.25 14:47:54.578,1.25006,1.25009,2.25,1.31
2016.04.25 14:47:55.284,1.25005,1.2501,2.25,2.44
2016.04.25 14:47:55.790,1.25004,1.25008,2.25,1.00
2016.04.25 14:47:56.348,1.25005,1.25009,2.49,1.00
2016.04.25 14:47:56.601,1.25002,1.25007,1.37,1.00
2016.04.25 14:47:56.703,1.25001,1.25011,3.00,4.69
2016.04.25 14:47:56.855,1.25003,1.2501,1.87,2.06
2016.04.25 14:47:57.158,1.25006,1.25011,1.74,1.19
2016.04.25 14:47:57.682,1.25005,1.25011,1.50,2.06
2016.04.25 14:47:58.138,1.25003,1.25011,1.87,1.50
2016.04.25 14:47:58.481,1.25004,1.25012,1.37,2.44
2016.04.25 14:47:58.941,1.25005,1.25013,1.00,3.00
2016.04.25 14:47:59.446,1.25004,1.25012,1.12,1.00
2016.04.25 14:47:59.598,1.25004,1.25012,1.00,3.56
2016.04.25 14:47:59.702,1.25002,1.25011,1.00,2.06
2016.04.25 14:48:00.207,1.25002,1.2501,2.91,3.75
2016.04.25 14:48:00.662,1.25002,1.25011,2.91,2.44
2016.04.25 14:48:01.089,1.25001,1.2501,2.62,2.44
2016.04.25 14:48:01.595,1.25001,1.25009,1.50,1.12
2016.04.25 14:48:01.849,1.25001,1.25009,2.25,1.00
2016.04.25 14:48:02.153,1.2501,1.25014,1.50,1.69
2016.04.25 14:48:02.557,1.25009,1.25016,2.54,1.00
2016.04.25 14:48:03.111,1.25009,1.25017,2.91,1.69
2016.04.25 14:48:03.565,1.25008,1.25016,4.04,2.06
2016.04.25 14:48:04.379,1.25008,1.25016,2.16,1.75
2016.04.25 14:48:04.886,1.25007,1.25014,3.66,2.06
2016.04.25 14:48:05.398,1.25006,1.25014,1.00,2.44
2016.04.25 14:48:05.915,1.25005,1.25013,2.54,1.69
2016.04.25 14:48:06.218,1.25005,1.25014,2.25,5.25
2016.04.25 14:48:06.741,1.25005,1.25014,3.00,3.75
2016.04.25 14:48:07.129,1.25007,1.25014,1.50,3.00
2016.04.25 14:48:07.281,1.25007,1.25016,1.37,1.12
2016.04.25 14:48:07.786,1.25007,1.25015,1.50,1.62
2016.04.25 14:48:08.132,1.25004,1.25006,1.50,1.12
2016.04.25 14:48:08.285,1.25,1.25006,1.87,1.87
2016.04.25 14:48:08.691,1.25003,1.25008,2.16,3.56
2016.04.25 14:48:08.894,1.25001,1.25007,1.00,1.62
2016.04.25 14:48:09.401,1.25,1.25007,3.66,1.00
2016.04.25 14:48:09.918,1.25,1.25007,4.41,1.37
2016.04.25 14:48:10.766,1.25001,1.25007,1.00,1.12
2016.04.25 14:48:11.070,1.25004,1.25007,1.00,1.12
2016.04.25 14:48:11.121,1.25001,1.25007,1.50,1.12
2016.04.25 14:48:11.427,1.25003,1.25007,1.00,1.12
2016.04.25 14:48:11.991,1.25001,1.25008,1.27,1.50
2016.04.25 14:48:12.294,1.25003,1.25009,1.14,1.00
2016.04.25 14:48:12.598,1.25,1.25006,3.00,1.37
2016.04.25 14:48:12.751,1.24995,1.25001,2.25,2.25
2016.04.25 14:48:13.004,1.24993,1.25001,2.58,4.20
2016.04.25 14:48:13.326,1.24991,1.24999,3.17,1.50
2016.04.25 14:48:14.287,1.24991,1.24999,2.58,2.25
2016.04.25 14:48:14.670,1.24992,1.24999,1.00,1.12
2016.04.25 14:48:14.771,1.24994,1.24999,1.00,1.12
2016.04.25 14:48:15.287,1.24994,1.25001,1.00,1.50
2016.04.25 14:48:15.816,1.24995,1.25002,1.00,1.62
2016.04.25 14:48:16.646,1.24994,1.25001,2.39,1.00
2016.04.25 14:48:16.975,1.24994,1.25002,6.70,1.62
2016.04.25 14:48:17.496,1.24994,1.25002,5.58,1.25
2016.04.25 14:48:17.828,1.24995,1.24998,1.87,1.00
2016.04.25 14:48:17.930,1.24995,1.25002,1.87,2.06
2016.04.25 14:48:17.981,1.24997,1.25,1.50,1.00
2016.04.25 14:48:18.082,1.24997,1.25002,1.00,1.00
2016.04.25 14:48:18.408,1.24996,1.25,1.27,1.00
2016.04.25 14:48:18.713,1.24996,1.24999,1.27,1.00
2016.04.25 14:48:19.323,1.24994,1.25,1.14,2.25
2016.04.25 14:48:19.374,1.24995,1.24998,1.19,1.00
2016.04.25 14:48:19.901,1.24995,1.24997,1.19,1.00
2016.04.25 14:48:20.457,1.24992,1.24997,1.19,1.00
2016.04.25 14:48:20.962,1.24991,1.24996,1.14,1.50
2016.04.25 14:48:21.165,1.24992,1.24994,1.19,1.00
2016.04.25 14:48:21.743,1.24991,1.24995,1.64,1.50
2016.04.25 14:48:22.287,1.24991,1.24994,1.14,1.00
2016.04.25 14:48:22.389,1.2499,1.24994,1.00,1.00
2016.04.25 14:48:22.907,1.24989,1.24993,1.12,1.00
2016.04.25 14:48:23.160,1.24989,1.24995,1.12,1.00
2016.04.25 14:48:23.211,1.24989,1.24993,1.12,1.00
2016.04.25 14:48:23.757,1.24989,1.24994,1.19,1.00
2016.04.25 14:48:24.061,1.24988,1.2499,2.58,1.00
2016.04.25 14:48:24.112,1.24985,1.24989,3.70,1.00
2016.04.25 14:48:24.365,1.24985,1.24988,2.58,1.00
2016.04.25 14:48:24.922,1.24985,1.24988,2.58,1.00
2016.04.25 14:48:25.350,1.24985,1.24991,2.58,2.06
2016.04.25 14:48:25.452,1.24985,1.24989,4.08,1.00
2016.04.25 14:48:26.014,1.24986,1.2499,1.31,1.00
2016.04.25 14:48:26.340,1.24987,1.24992,2.06,1.00
2016.04.25 14:48:27.119,1.24987,1.24991,1.56,1.00
2016.04.25 14:48:27.321,1.24986,1.24991,2.62,1.00
2016.04.25 14:48:27.856,1.24986,1.24992,2.25,1.00
2016.04.25 14:48:28.365,1.24986,1.24991,1.12,1.00
2016.04.25 14:48:28.866,1.24985,1.24991,2.25,1.00
2016.04.25 14:48:29.070,1.24985,1.2499,1.87,1.00
2016.04.25 14:48:30.166,1.24985,1.2499,1.37,1.00
2016.04.25 14:48:30.238,1.24985,1.24992,1.87,1.00
2016.04.25 14:48:31.234,1.24985,1.24992,2.25,1.00
2016.04.25 14:48:31.908,1.24984,1.24992,3.37,1.00
2016.04.25 14:48:32.337,1.24986,1.24994,2.62,1.50
2016.04.25 14:48:32.640,1.2499,1.24994,1.00,1.00
2016.04.25 14:48:33.145,1.24988,1.24995,1.00,1.87
2016.04.25 14:48:33.347,1.2499,1.24995,1.00,1.87
2016.04.25 14:48:33.751,1.24987,1.24995,1.37,2.25
2016.04.25 14:48:33.903,1.24986,1.24995,1.87,2.77
2016.04.25 14:48:34.004,1.24989,1.24994,1.00,1.00
2016.04.25 14:48:34.260,1.2499,1.24996,1.00,1.50
2016.04.25 14:48:34.966,1.24988,1.24996,1.87,1.12
2016.04.25 14:48:36.073,1.24987,1.24995,4.12,1.00
2016.04.25 14:48:36.224,1.24985,1.24995,5.25,2.62
2016.04.25 14:48:36.477,1.24985,1.24993,4.87,1.00
2016.04.25 14:48:37.006,1.24985,1.24994,3.37,3.00
2016.04.25 14:48:37.968,1.24986,1.24994,1.00,1.50
2016.04.25 14:48:38.322,1.24988,1.24996,1.50,2.06
2016.04.25 14:48:38.626,1.2499,1.24997,1.00,1.12
2016.04.25 14:48:39.146,1.24989,1.24997,1.87,1.12
2016.04.25 14:48:39.299,1.24987,1.24997,4.12,4.50
2016.04.25 14:48:39.503,1.24989,1.24997,1.00,1.87
2016.04.25 14:48:40.008,1.2499,1.24997,2.62,1.25
2016.04.25 14:48:40.312,1.2499,1.24999,1.87,1.69
2016.04.25 14:48:40.817,1.2499,1.24999,2.62,1.37
2016.04.25 14:48:41.271,1.24988,1.24998,5.25,2.25
2016.04.25 14:48:41.423,1.24988,1.24997,1.50,3.37
2016.04.25 14:48:41.937,1.24987,1.24996,1.00,3.14
2016.04.25 14:48:42.141,1.24985,1.24994,5.25,2.62
2016.04.25 14:48:42.647,1.24986,1.24994,1.12,1.50
2016.04.25 14:48:43.152,1.24987,1.24994,1.00,1.50
2016.04.25 14:48:43.203,1.24985,1.24994,1.50,1.50
2016.04.25 14:48:43.758,1.24985,1.24993,1.00,1.50
2016.04.25 14:48:43.860,1.24988,1.24994,1.00,2.25
2016.04.25 14:48:44.062,1.24989,1.24997,2.25,2.39
2016.04.25 14:48:44.570,1.2499,1.24997,1.00,1.12
2016.04.25 14:48:44.823,1.24988,1.24997,2.49,4.87
2016.04.25 14:48:45.328,1.24987,1.24994,1.00,1.12
2016.04.25 14:48:45.638,1.24983,1.24992,3.24,1.69
2016.04.25 14:48:46.042,1.2498,1.24989,3.61,2.06
2016.04.25 14:48:46.525,1.24982,1.24989,2.49,2.06
2016.04.25 14:48:47.031,1.24981,1.24989,1.00,1.69
2016.04.25 14:48:47.335,1.24984,1.24989,1.00,1.00
2016.04.25 14:48:47.386,1.24984,1.24991,1.00,1.25
2016.04.25 14:48:47.588,1.24986,1.24993,1.00,1.19
2016.04.25 14:48:47.639,1.24986,1.24993,2.25,1.00
2016.04.25 14:48:47.728,1.24986,1.24995,2.25,2.62
2016.04.25 14:48:48.132,1.24986,1.24994,1.00,1.87
2016.04.25 14:48:48.665,1.24985,1.24993,3.00,1.00
2016.04.25 14:48:48.985,1.24984,1.2499,1.00,1.87
2016.04.25 14:48:49.087,1.24982,1.2499,1.50,2.25
2016.04.25 14:48:49.592,1.24983,1.2499,1.74,1.87
2016.04.25 14:48:50.386,1.24985,1.24992,1.00,2.25
2016.04.25 14:48:50.926,1.24984,1.24992,2.06,1.50
2016.04.25 14:48:51.545,1.24982,1.24992,7.44,1.87
2016.04.25 14:48:51.596,1.24984,1.24992,1.00,2.25
2016.04.25 14:48:52.001,1.24986,1.24992,1.00,1.50
2016.04.25 14:48:52.153,1.24986,1.24994,1.00,1.12
2016.04.25 14:48:52.608,1.24984,1.24991,4.87,1.00
2016.04.25 14:48:52.935,1.24983,1.2499,1.00,2.44
2016.04.25 14:48:53.036,1.2498,1.2499,2.25,5.44
2016.04.25 14:48:53.289,1.2498,1.24988,2.62,1.12
2016.04.25 14:48:53.643,1.24983,1.24988,1.74,1.87
2016.04.25 14:48:54.199,1.24983,1.24989,1.74,1.50
2016.04.25 14:48:55.088,1.24983,1.2499,2.49,1.50
2016.04.25 14:48:55.746,1.24986,1.2499,1.00,1.00
2016.04.25 14:48:56.000,1.2499,1.24995,1.50,1.00
2016.04.25 14:48:56.102,1.2499,1.24999,3.75,1.69
2016.04.25 14:48:56.172,1.2499,1.25,3.37,4.31
2016.04.25 14:48:56.274,1.24991,1.25,1.87,1.87
2016.04.25 14:48:56.628,1.24989,1.24997,4.50,1.00
2016.04.25 14:48:56.679,1.2499,1.24998,1.10,4.50
2016.04.25 14:48:57.188,1.24987,1.24995,1.50,1.87
2016.04.25 14:48:57.693,1.24987,1.24994,1.74,1.00
2016.04.25 14:48:57.845,1.2499,1.24994,1.00,1.00
2016.04.25 14:48:57.947,1.24988,1.24994,1.00,1.00
2016.04.25 14:48:58.100,1.24987,1.24996,3.61,1.87
2016.04.25 14:48:58.611,1.24987,1.24995,3.99,1.12
2016.04.25 14:49:00.115,1.24987,1.24996,3.99,1.00
2016.04.25 14:49:00.216,1.24987,1.24997,5.86,3.00
2016.04.25 14:49:00.520,1.24989,1.24995,1.74,1.12
2016.04.25 14:49:00.571,1.24987,1.24994,1.95,1.00
2016.04.25 14:49:01.044,1.24986,1.24992,1.65,1.00
2016.04.25 14:49:01.550,1.24986,1.24993,1.74,1.12
2016.04.25 14:49:02.119,1.24986,1.24994,1.74,1.00
2016.04.25 14:49:02.632,1.24986,1.24994,2.68,1.25
2016.04.25 14:49:03.137,1.24987,1.24993,1.93,1.00
2016.04.25 14:49:03.483,1.24992,1.24997,1.50,1.50
2016.04.25 14:49:03.585,1.24992,1.24999,1.00,1.12
2016.04.25 14:49:03.788,1.24994,1.24999,1.00,1.00
2016.04.25 14:49:04.208,1.24994,1.25001,1.50,1.50
2016.04.25 14:49:04.709,1.24995,1.25001,1.00,1.00
2016.04.25 14:49:05.213,1.24995,1.25002,1.00,1.12
2016.04.25 14:49:05.567,1.24999,1.25003,1.00,1.87
2016.04.25 14:49:05.862,1.25,1.25006,2.25,1.19
2016.04.25 14:49:05.913,1.25,1.25008,3.75,2.25
2016.04.25 14:49:06.065,1.25002,1.25008,1.00,1.00
2016.04.25 14:49:06.579,1.25002,1.25009,1.00,1.69
2016.04.25 14:49:06.883,1.25002,1.25011,1.00,3.75
2016.04.25 14:49:07.402,1.25004,1.25011,1.00,4.87
2016.04.25 14:49:07.657,1.25002,1.25011,1.12,4.50
2016.04.25 14:49:08.184,1.25002,1.2501,1.12,1.00
2016.04.25 14:49:08.438,1.25005,1.25011,1.00,1.50
2016.04.25 14:49:08.643,1.25007,1.25015,1.00,2.62
2016.04.25 14:49:08.745,1.2501,1.25015,1.00,1.00
2016.04.25 14:49:09.253,1.25009,1.25016,1.00,2.44
2016.04.25 14:49:09.597,1.25003,1.25011,2.25,2.25
2016.04.25 14:49:09.850,1.25003,1.25011,1.00,1.87
2016.04.25 14:49:10.154,1.25001,1.25009,1.57,1.50
2016.04.25 14:49:10.255,1.25003,1.25009,1.74,2.44
2016.04.25 14:49:10.457,1.25007,1.25014,2.87,1.00
2016.04.25 14:49:10.508,1.25008,1.25017,1.00,3.75
2016.04.25 14:49:11.013,1.25007,1.25015,1.00,5.25
2016.04.25 14:49:11.064,1.25007,1.25013,1.00,1.00
2016.04.25 14:49:11.580,1.25008,1.25013,1.74,1.87
2016.04.25 14:49:11.883,1.25005,1.25013,3.62,1.87
2016.04.25 14:49:12.085,1.25008,1.25013,1.74,3.37
2016.04.25 14:49:12.605,1.25008,1.25013,1.74,1.50
2016.04.25 14:49:13.184,1.25007,1.25013,1.50,1.50
2016.04.25 14:49:14.228,1.25006,1.25013,3.75,1.87
2016.04.25 14:49:14.755,1.25007,1.25013,1.50,1.50
2016.04.25 14:49:15.843,1.25007,1.25013,1.00,4.69
2016.04.25 14:49:15.894,1.25005,1.25012,2.25,1.12
2016.04.25 14:49:16.401,1.25006,1.25012,1.00,1.31
2016.04.25 14:49:16.914,1.25006,1.25013,1.00,3.75
2016.04.25 14:49:17.258,1.25008,1.25013,1.00,3.19
2016.04.25 14:49:17.512,1.2501,1.25016,1.00,1.00
2016.04.25 14:49:17.764,1.25011,1.25018,2.25,1.25
2016.04.25 14:49:18.265,1.25011,1.25017,2.25,1.50
2016.04.25 14:49:18.367,1.25009,1.25016,1.00,1.12
2016.04.25 14:49:18.872,1.25008,1.25015,2.25,1.12
2016.04.25 14:49:19.393,1.25008,1.25016,3.00,2.25
2016.04.25 14:49:19.918,1.25007,1.25015,3.00,1.12
2016.04.25 14:49:21.374,1.25008,1.25015,1.12,1.00
2016.04.25 14:49:21.425,1.2501,1.25016,1.00,1.50
2016.04.25 14:49:21.729,1.25012,1.25019,3.00,2.62
2016.04.25 14:49:22.233,1.25011,1.25019,1.00,2.06
2016.04.25 14:49:23.077,1.25013,1.25019,1.00,2.06
2016.04.25 14:49:23.406,1.25016,1.25022,1.00,1.00
2016.04.25 14:49:23.710,1.25016,1.25024,2.25,1.12
2016.04.25 14:49:23.762,1.25018,1.25025,2.25,2.62
2016.04.25 14:49:24.271,1.25018,1.25024,2.25,1.00
2016.04.25 14:49:24.887,1.25019,1.25024,2.25,1.12
2016.04.25 14:49:25.192,1.25017,1.2502,2.25,2.62
2016.04.25 14:49:25.686,1.25016,1.25018,2.25,1.00
2016.04.25 14:49:25.888,1.25017,1.2502,2.25,1.12
2016.04.25 14:49:26.394,1.25016,1.25022,2.25,4.31
2016.04.25 14:49:26.994,1.25017,1.25022,1.00,4.31
2016.04.25 14:49:27.097,1.25019,1.25022,1.00,1.69
2016.04.25 14:49:27.149,1.25019,1.25023,1.00,1.69
2016.04.25 14:49:27.201,1.25022,1.25023,1.00,1.25
2016.04.25 14:49:27.253,1.25022,1.25026,1.00,1.50
2016.04.25 14:49:27.354,1.25022,1.25028,1.00,1.50
2016.04.25 14:49:27.860,1.25022,1.25029,1.00,1.87
2016.04.25 14:49:28.383,1.25022,1.25029,1.50,1.50
2016.04.25 14:49:28.902,1.25022,1.2503,1.69,4.69
2016.04.25 14:49:30.108,1.25022,1.25031,3.94,1.69
2016.04.25 14:49:30.260,1.25024,1.25032,1.12,3.56
2016.04.25 14:49:30.406,1.25026,1.25032,1.00,1.31
2016.04.25 14:49:30.659,1.25026,1.25033,1.00,1.00
2016.04.25 14:49:31.617,1.25025,1.25033,1.87,1.50
2016.04.25 14:49:32.161,1.25025,1.25032,1.87,1.25
2016.04.25 14:49:33.019,1.25025,1.25031,1.50,1.37
2016.04.25 14:49:33.171,1.25022,1.2503,2.25,2.81
2016.04.25 14:49:33.676,1.25023,1.25029,1.87,2.06
2016.04.25 14:49:34.199,1.25024,1.25029,1.12,1.50
2016.04.25 14:49:34.756,1.25024,1.2503,1.12,1.12
2016.04.25 14:49:35.261,1.25023,1.2503,1.12,1.37
2016.04.25 14:49:35.463,1.25025,1.25029,1.00,1.00
2016.04.25 14:49:36.328,1.25024,1.25029,2.62,1.00
2016.04.25 14:49:36.834,1.25022,1.25032,3.00,2.62
2016.04.25 14:49:37.339,1.25023,1.25031,1.50,1.12
2016.04.25 14:49:37.491,1.25022,1.2503,4.50,1.50
2016.04.25 14:49:37.996,1.25022,1.25029,1.12,1.00
2016.04.25 14:49:38.502,1.25022,1.2503,1.87,1.50
2016.04.25 14:49:39.592,1.25023,1.2503,1.00,1.00
2016.04.25 14:49:40.097,1.25022,1.25031,3.00,4.50
2016.04.25 14:49:40.602,1.25023,1.25031,1.25,2.44
2016.04.25 14:49:40.956,1.25025,1.25031,1.00,2.44
2016.04.25 14:49:41.108,1.25025,1.25032,1.00,2.25
2016.04.25 14:49:41.613,1.25026,1.25032,1.00,1.50
2016.04.25 14:49:41.764,1.25028,1.25034,1.00,1.69
2016.04.25 14:49:41.967,1.25026,1.25034,1.50,1.50
2016.04.25 14:49:42.487,1.25025,1.25034,3.37,3.37
2016.04.25 14:49:43.190,1.25024,1.25034,7.12,3.00
2016.04.25 14:49:43.696,1.25025,1.25034,2.62,3.37
2016.04.25 14:49:44.200,1.25026,1.25034,2.62,1.87
2016.04.25 14:49:44.710,1.25026,1.25034,1.87,1.50
2016.04.25 14:49:45.215,1.25029,1.25034,1.00,1.50
2016.04.25 14:49:45.367,1.2503,1.25036,1.00,1.87
2016.04.25 14:49:45.519,1.25028,1.25036,2.62,1.87
2016.04.25 14:49:46.059,1.25027,1.25034,1.12,2.25
2016.04.25 14:49:46.261,1.25025,1.25034,4.12,1.87
2016.04.25 14:49:46.363,1.25027,1.25034,1.00,3.00
2016.04.25 14:49:46.873,1.25027,1.25034,1.00,3.00
2016.04.25 14:49:47.379,1.25026,1.25034,1.12,2.62
2016.04.25 14:49:48.482,1.25026,1.25034,1.00,2.06
2016.04.25 14:49:48.989,1.25025,1.25033,1.00,1.00
2016.04.25 14:49:49.512,1.25025,1.25033,1.00,2.06
2016.04.25 14:49:49.864,1.25023,1.25032,4.87,1.12
2016.04.25 14:49:50.319,1.25024,1.25031,1.00,1.37
2016.04.25 14:49:50.849,1.25023,1.2503,1.00,1.12
2016.04.25 14:49:51.164,1.25025,1.2503,1.00,1.87
2016.04.25 14:49:51.570,1.25023,1.2503,1.00,1.00
2016.04.25 14:49:52.075,1.25023,1.25029,2.25,1.00
2016.04.25 14:49:52.372,1.25025,1.25029,1.00,1.00
2016.04.25 14:49:52.878,1.25024,1.25029,1.00,1.00
2016.04.25 14:49:53.333,1.2502,1.25028,1.27,1.00
2016.04.25 14:49:53.486,1.25022,1.25027,1.00,1.50
2016.04.25 14:49:53.739,1.2502,1.25027,2.25,2.06
2016.04.25 14:49:54.591,1.25018,1.25024,1.50,1.50
2016.04.25 14:49:54.944,1.2502,1.25024,1.00,2.25
2016.04.25 14:49:55.449,1.25019,1.25023,1.00,1.00
2016.04.25 14:49:55.601,1.25017,1.25023,2.25,1.12
2016.04.25 14:49:56.277,1.25017,1.25022,1.00,1.00
2016.04.25 14:49:56.784,1.25016,1.25021,1.50,1.12
2016.04.25 14:49:57.334,1.25017,1.25021,2.25,1.12
2016.04.25 14:49:57.899,1.25017,1.2502,2.25,1.00
2016.04.25 14:49:58.050,1.25015,1.2502,1.00,1.00
2016.04.25 14:49:58.791,1.25015,1.25021,1.50,1.12
2016.04.25 14:50:00.593,1.25015,1.25022,3.00,1.87
2016.04.25 14:50:00.745,1.25014,1.2502,1.50,1.00
2016.04.25 14:50:00.997,1.25011,1.2502,3.75,5.25
2016.04.25 14:50:01.048,1.25012,1.25018,2.25,1.00
2016.04.25 14:50:02.361,1.25011,1.25018,3.00,1.00
2016.04.25 14:50:02.912,1.25012,1.25018,1.00,1.00
2016.04.25 14:50:03.418,1.25013,1.25018,2.25,1.00
2016.04.25 14:50:04.057,1.25012,1.25018,3.00,1.00
2016.04.25 14:50:04.816,1.25012,1.25019,3.75,1.00
2016.04.25 14:50:05.119,1.25015,1.25021,1.00,1.00
2016.04.25 14:50:05.321,1.25016,1.25023,2.25,1.50
2016.04.25 14:50:05.437,1.25018,1.25024,2.25,1.00
2016.04.25 14:50:05.955,1.25018,1.25023,1.50,1.00
2016.04.25 14:50:07.670,1.25017,1.25022,3.00,1.00
2016.04.25 14:50:09.021,1.25017,1.25023,1.66,1.00
2016.04.25 14:50:09.878,1.25017,1.25022,1.66,1.00
2016.04.25 14:50:10.383,1.25016,1.25023,3.82,1.00
2016.04.25 14:50:10.994,1.25016,1.25023,3.07,1.00
2016.04.25 14:50:13.171,1.25016,1.25022,2.32,1.00
2016.04.25 14:50:13.475,1.25015,1.2502,2.32,1.00
2016.04.25 14:50:13.995,1.25016,1.25021,2.25,1.00
2016.04.25 14:50:15.790,1.25016,1.2502,2.25,1.00
2016.04.25 14:50:16.065,1.25014,1.25019,3.00,2.70
2016.04.25 14:50:16.269,1.25017,1.25019,2.25,1.00
2016.04.25 14:50:16.421,1.25017,1.25021,2.25,2.40
2016.04.25 14:50:16.580,1.25015,1.2502,3.00,1.00
2016.04.25 14:50:16.734,1.25013,1.25019,2.25,1.12
2016.04.25 14:50:16.937,1.25011,1.25018,3.75,1.00
2016.04.25 14:50:17.442,1.25012,1.25019,1.00,1.87
2016.04.25 14:50:17.967,1.25012,1.25019,3.00,2.25
2016.04.25 14:50:18.483,1.25012,1.25019,3.00,1.87
2016.04.25 14:50:19.002,1.25012,1.25018,2.25,1.00
2016.04.25 14:50:19.954,1.25012,1.25019,3.00,1.50
2016.04.25 14:50:20.459,1.25014,1.25019,1.00,1.00
2016.04.25 14:50:20.980,1.25015,1.2502,1.00,1.00
2016.04.25 14:50:21.435,1.25016,1.25022,3.37,1.00
2016.04.25 14:50:21.487,1.25018,1.25023,1.00,2.81
2016.04.25 14:50:21.892,1.2502,1.25023,1.00,1.50
2016.04.25 14:50:22.351,1.25018,1.25024,1.00,2.25
2016.04.25 14:50:22.865,1.25019,1.25024,1.00,1.50
2016.04.25 14:50:23.392,1.25018,1.25025,1.00,1.50
2016.04.25 14:50:23.746,1.25018,1.25023,1.00,1.00
2016.04.25 14:50:24.279,1.25017,1.25023,1.00,1.12
2016.04.25 14:50:24.801,1.25017,1.25022,1.00,1.12
2016.04.25 14:50:26.082,1.25016,1.25022,1.10,1.12
2016.04.25 14:50:26.486,1.25017,1.25025,1.00,1.87
2016.04.25 14:50:26.956,1.2502,1.25025,1.00,1.12
2016.04.25 14:50:27.822,1.25019,1.25025,1.12,1.00
2016.04.25 14:50:28.328,1.2502,1.25025,1.00,1.00
2016.04.25 14:50:28.850,1.25019,1.25026,1.00,3.37
2016.04.25 14:50:29.388,1.2502,1.25026,1.00,2.62
2016.04.25 14:50:29.439,1.25018,1.25026,3.37,2.62
2016.04.25 14:50:29.940,1.2502,1.25026,1.00,1.00
2016.04.25 14:50:30.041,1.25018,1.25026,4.12,1.00
2016.04.25 14:50:30.244,1.2502,1.25026,1.00,1.00
2016.04.25 14:50:30.767,1.25019,1.25026,1.00,1.00
2016.04.25 14:50:31.293,1.2502,1.25028,1.00,4.87
2016.04.25 14:50:31.963,1.25019,1.25027,1.50,1.57
2016.04.25 14:50:32.552,1.2502,1.25027,1.50,1.20
2016.04.25 14:50:33.201,1.25019,1.25027,2.25,1.76
2016.04.25 14:50:33.904,1.2502,1.25027,2.25,1.39
2016.04.25 14:50:34.431,1.2502,1.25027,3.00,1.76
2016.04.25 14:50:34.934,1.2502,1.25027,2.25,2.04
2016.04.25 14:50:35.987,1.25018,1.25027,3.64,1.76
2016.04.25 14:50:36.560,1.2502,1.25027,1.00,2.04
2016.04.25 14:50:37.011,1.25022,1.25027,2.25,1.76
2016.04.25 14:50:37.062,1.25023,1.25027,1.00,1.25
2016.04.25 14:50:37.265,1.25024,1.25029,1.50,1.00
2016.04.25 14:50:37.316,1.25026,1.25029,1.87,1.00
2016.04.25 14:50:37.468,1.25026,1.25032,1.87,2.40
2016.04.25 14:50:38.344,1.25026,1.25032,1.87,2.59
2016.04.25 14:50:39.067,1.25026,1.25032,3.37,1.39
2016.04.25 14:50:39.219,1.25026,1.25033,4.12,1.95
2016.04.25 14:50:39.371,1.25028,1.25033,1.00,1.57
2016.04.25 14:50:39.915,1.25028,1.25034,1.25,1.00
2016.04.25 14:50:40.955,1.2503,1.25034,1.00,2.06
2016.04.25 14:50:41.208,1.25033,1.2504,1.20,3.00
2016.04.25 14:50:41.711,1.25031,1.2504,6.37,1.87
2016.04.25 14:50:42.218,1.25032,1.25039,1.09,2.25
2016.04.25 14:50:42.521,1.25035,1.2504,1.25,2.62
2016.04.25 14:50:42.824,1.25037,1.2504,1.00,1.50
2016.04.25 14:50:44.105,1.25032,1.2504,3.71,2.44
2016.04.25 14:50:44.703,1.25032,1.25039,3.56,2.06
2016.04.25 14:50:47.009,1.25033,1.25039,1.00,2.81
2016.04.25 14:50:47.510,1.25032,1.25039,1.12,1.69
2016.04.25 14:50:48.086,1.25033,1.25039,2.62,2.06
2016.04.25 14:50:49.085,1.25033,1.25039,2.62,2.06
2016.04.25 14:50:49.598,1.25033,1.25039,2.62,2.06
2016.04.25 14:50:50.819,1.25032,1.25039,4.27,1.87
2016.04.25 14:50:52.496,1.25032,1.25039,4.27,1.87
2016.04.25 14:50:52.799,1.25032,1.25039,4.27,2.25
2016.04.25 14:50:53.061,1.25032,1.25039,4.27,2.44
2016.04.25 14:50:53.569,1.25032,1.25039,4.27,2.06
2016.04.25 14:50:54.308,1.25032,1.25036,1.00,1.50
2016.04.25 14:50:54.391,1.25029,1.25036,3.75,1.69
2016.04.25 14:50:54.543,1.25026,1.25035,6.07,3.07
2016.04.25 14:50:54.745,1.2503,1.25035,1.00,1.87
2016.04.25 14:50:55.249,1.2503,1.25036,1.10,1.87
2016.04.25 14:50:55.593,1.25032,1.25038,1.00,2.00
2016.04.25 14:50:55.746,1.25029,1.25037,1.50,3.00
2016.04.25 14:50:56.253,1.25029,1.25036,1.69,1.87
2016.04.25 14:50:56.305,1.25029,1.25034,1.69,1.37
2016.04.25 14:50:56.407,1.25026,1.25033,3.19,1.37
2016.04.25 14:50:56.910,1.25025,1.25032,3.64,1.25
2016.04.25 14:50:57.418,1.25025,1.25033,3.45,2.25
2016.04.25 14:50:58.045,1.25025,1.25033,2.62,4.57
2016.04.25 14:50:58.549,1.25026,1.25033,1.32,1.57
2016.04.25 14:50:59.075,1.25026,1.25034,1.32,3.07
2016.04.25 14:50:59.682,1.25027,1.25034,2.25,1.87
2016.04.25 14:50:59.934,1.25026,1.25034,1.00,1.95
2016.04.25 14:51:00.130,1.25023,1.25031,2.14,1.12
2016.04.25 14:51:00.747,1.25024,1.25032,1.10,1.20
2016.04.25 14:51:01.100,1.25025,1.25033,3.26,1.10
2016.04.25 14:51:01.414,1.25028,1.25033,2.44,1.00
2016.04.25 14:51:01.465,1.25028,1.25035,2.44,1.12
2016.04.25 14:51:01.971,1.25026,1.25034,1.85,3.82
2016.04.25 14:51:02.022,1.25025,1.25033,4.69,1.50
2016.04.25 14:51:02.571,1.25024,1.25033,3.75,3.00
2016.04.25 14:51:04.111,1.25025,1.25032,2.77,1.65
2016.04.25 14:51:05.883,1.25025,1.25034,4.95,3.26
2016.04.25 14:51:05.985,1.25025,1.25032,3.64,1.01
2016.04.25 14:51:06.239,1.25024,1.25032,1.20,1.87
2016.04.25 14:51:07.943,1.25025,1.25032,1.00,3.75
2016.04.25 14:51:08.044,1.25023,1.2503,5.25,1.87
2016.04.25 14:51:08.197,1.2502,1.25028,1.50,2.14
2016.04.25 14:51:08.248,1.2502,1.25026,1.00,1.37
2016.04.25 14:51:08.754,1.25019,1.25025,1.00,1.95
2016.04.25 14:51:09.268,1.25019,1.25025,1.00,2.32
2016.04.25 14:51:10.193,1.2502,1.25025,1.00,1.95
2016.04.25 14:51:10.843,1.2502,1.25025,1.00,2.32
2016.04.25 14:51:11.596,1.2502,1.25025,1.00,1.95
2016.04.25 14:51:12.145,1.25019,1.25025,1.00,1.57
2016.04.25 14:51:12.347,1.25015,1.25022,2.40,1.00
2016.04.25 14:51:12.855,1.25015,1.25022,1.00,2.25
2016.04.25 14:51:13.007,1.25017,1.25023,1.00,1.57
2016.04.25 14:51:13.312,1.25019,1.25025,1.00,1.20
2016.04.25 14:51:13.363,1.25022,1.25024,1.00,1.00
2016.04.25 14:51:13.617,1.25017,1.25026,1.65,3.75
2016.04.25 14:51:14.418,1.25017,1.25026,3.90,4.50
2016.04.25 14:51:14.973,1.25017,1.25026,4.27,5.25
2016.04.25 14:51:15.612,1.25017,1.25026,1.20,7.87
2016.04.25 14:51:15.714,1.25016,1.25024,1.27,3.15
2016.04.25 14:51:16.246,1.25019,1.25023,3.00,1.50
2016.04.25 14:51:16.347,1.25018,1.25024,2.02,1.50
2016.04.25 14:51:16.853,1.25017,1.25026,1.39,4.76
2016.04.25 14:51:19.186,1.25016,1.25024,2.59,1.20
2016.04.25 14:51:19.630,1.25016,1.25024,1.09,1.65
2016.04.25 14:51:19.782,1.25013,1.25023,3.71,3.90
2016.04.25 14:51:19.833,1.25013,1.25022,2.14,1.95
2016.04.25 14:51:20.368,1.25012,1.2502,4.65,2.62
2016.04.25 14:51:22.336,1.25012,1.2502,3.90,3.37
2016.04.25 14:51:22.675,1.25018,1.2502,2.25,1.50
2016.04.25 14:51:22.726,1.25018,1.25024,2.25,4.57
2016.04.25 14:51:22.928,1.25021,1.25024,1.00,1.50
2016.04.25 14:51:23.232,1.2503,1.25036,3.90,3.00
2016.04.25 14:51:23.512,1.25031,1.25036,1.00,1.87
2016.04.25 14:51:23.614,1.2503,1.25036,2.25,1.87
2016.04.25 14:51:24.128,1.2503,1.25035,2.25,1.87
2016.04.25 14:51:24.634,1.25031,1.25035,1.00,1.87
2016.04.25 14:51:24.932,1.25032,1.25038,1.00,2.96
2016.04.25 14:51:25.441,1.25032,1.25038,1.00,1.87
2016.04.25 14:51:26.093,1.25031,1.25038,3.34,1.87
2016.04.25 14:51:27.154,1.25033,1.25038,1.00,1.87
2016.04.25 14:51:27.455,1.25032,1.2504,1.95,1.12
2016.04.25 14:51:27.961,1.25031,1.25039,2.25,1.12
2016.04.25 14:51:28.163,1.2503,1.25038,2.70,1.50
2016.04.25 14:51:28.489,1.25028,1.25036,2.25,5.62
2016.04.25 14:51:29.943,1.25028,1.25034,2.25,1.50
2016.04.25 14:51:30.449,1.25028,1.25035,2.25,5.02
2016.04.25 14:51:30.973,1.25026,1.25033,4.50,1.00
2016.04.25 14:51:31.507,1.25026,1.25035,5.44,3.34
2016.04.25 14:51:32.199,1.25027,1.25034,2.40,1.69
2016.04.25 14:51:32.975,1.25027,1.25034,2.40,1.69
2016.04.25 14:51:35.268,1.25026,1.25033,4.69,1.50
2016.04.25 14:51:35.572,1.25029,1.25034,2.25,2.06
2016.04.25 14:51:36.102,1.25029,1.25034,2.25,1.87
2016.04.25 14:51:36.256,1.25029,1.25036,2.25,2.02
2016.04.25 14:51:37.009,1.25029,1.25033,2.40,1.00
2016.04.25 14:51:37.520,1.25028,1.25032,4.87,1.00
2016.04.25 14:51:38.037,1.25028,1.25032,3.07,1.00
2016.04.25 14:51:39.258,1.25028,1.25031,1.10,1.00
2016.04.25 14:51:39.349,1.25027,1.25028,1.50,1.00
2016.04.25 14:51:39.453,1.25024,1.25028,3.00,1.00
2016.04.25 14:51:39.966,1.25024,1.25028,1.10,1.00
2016.04.25 14:51:40.493,1.25024,1.25028,1.20,1.00
2016.04.25 14:51:41.329,1.25025,1.25029,1.10,1.00
2016.04.25 14:51:41.482,1.25027,1.2503,1.87,1.00
2016.04.25 14:51:41.533,1.25029,1.25032,2.25,1.00
2016.04.25 14:51:41.735,1.25027,1.25031,3.75,1.00
2016.04.25 14:51:41.887,1.25027,1.25032,1.00,1.00
2016.04.25 14:51:41.938,1.25029,1.2503,1.00,1.00
2016.04.25 14:51:42.443,1.25028,1.2503,1.00,1.00
2016.04.25 14:51:42.493,1.25026,1.2503,3.07,1.00
2016.04.25 14:51:42.998,1.25026,1.25029,3.07,1.00
2016.04.25 14:51:43.503,1.25026,1.2503,1.20,1.00
2016.04.25 14:51:43.604,1.25028,1.2503,1.00,2.25
2016.04.25 14:51:44.184,1.25028,1.25029,1.00,1.00
2016.04.25 14:51:44.285,1.25024,1.25028,2.70,1.00
2016.04.25 14:51:44.809,1.25025,1.25029,3.15,1.00
2016.04.25 14:51:45.011,1.25025,1.25028,1.65,1.00
2016.04.25 14:51:45.315,1.25023,1.25025,1.00,1.00
2016.04.25 14:51:45.831,1.25021,1.25025,2.62,1.00
2016.04.25 14:51:46.333,1.25021,1.25024,1.10,1.00
2016.04.25 14:51:47.964,1.2502,1.25025,3.45,1.00
2016.04.25 14:51:48.505,1.25022,1.25025,1.65,1.00
2016.04.25 14:51:48.990,1.25022,1.25023,1.00,1.00
2016.04.25 14:51:49.041,1.2502,1.25023,4.95,1.00
2016.04.25 14:51:49.597,1.25018,1.25022,2.06,1.00
2016.04.25 14:51:49.989,1.2502,1.25024,1.50,1.00
2016.04.25 14:51:50.430,1.25019,1.25022,1.20,1.00
2016.04.25 14:51:50.949,1.25017,1.25022,4.20,1.00
2016.04.25 14:51:51.253,1.2502,1.25023,1.00,1.00
2016.04.25 14:51:51.959,1.25017,1.25023,2.70,1.00
2016.04.25 14:51:53.132,1.25017,1.25022,3.82,1.00
2016.04.25 14:51:53.649,1.25016,1.25021,4.50,1.00
2016.04.25 14:51:54.166,1.25016,1.25022,5.25,1.00
2016.04.25 14:51:54.667,1.25016,1.25023,5.25,1.00
2016.04.25 14:51:55.454,1.25016,1.25022,4.87,1.00
2016.04.25 14:51:55.984,1.25016,1.25021,1.12,1.00
2016.04.25 14:51:56.135,1.25016,1.25023,1.12,1.00
2016.04.25 14:51:56.633,1.25019,1.25024,1.00,1.50
2016.04.25 14:51:56.835,1.25021,1.25026,1.00,1.50
2016.04.25 14:51:57.341,1.25021,1.25024,1.00,1.00
2016.04.25 14:51:57.392,1.25019,1.25024,2.25,1.00
2016.04.25 14:51:57.912,1.25018,1.25022,1.00,1.00
2016.04.25 14:51:58.419,1.25017,1.25022,1.12,1.00
2016.04.25 14:51:59.085,1.25017,1.25023,1.12,1.20
2016.04.25 14:51:59.457,1.25019,1.25024,1.00,2.62
2016.04.25 14:51:59.962,1.25019,1.25024,1.00,1.10
2016.04.25 14:52:00.979,1.25019,1.25024,1.87,1.00
2016.04.25 14:52:01.513,1.25019,1.25026,1.31,1.07
2016.04.25 14:52:06.817,1.25021,1.25026,1.00,1.07
2016.04.25 14:52:08.134,1.25021,1.25027,1.00,1.32
2016.04.25 14:52:09.164,1.2502,1.25027,1.12,1.32
2016.04.25 14:52:09.714,1.25019,1.25027,3.75,1.32
2016.04.25 14:52:10.236,1.25019,1.25027,2.62,1.32
2016.04.25 14:52:10.742,1.2502,1.25028,3.75,2.25
2016.04.25 14:52:11.168,1.25021,1.25028,1.84,1.27
2016.04.25 14:52:11.320,1.25021,1.2503,2.62,1.20
2016.04.25 14:52:11.675,1.25022,1.25027,1.20,1.00
2016.04.25 14:52:12.120,1.25019,1.25026,3.94,1.00
2016.04.25 14:52:12.672,1.25019,1.25025,3.56,1.00
2016.04.25 14:52:13.177,1.25016,1.25024,2.32,1.57
2016.04.25 14:52:13.705,1.25016,1.25024,2.25,2.70
2016.04.25 14:52:14.213,1.25016,1.25022,2.25,1.00
2016.04.25 14:52:15.329,1.25016,1.25023,1.87,2.32
2016.04.25 14:52:15.833,1.25016,1.25022,2.25,1.50
2016.04.25 14:52:17.732,1.25016,1.25023,2.25,1.20
2016.04.25 14:52:18.561,1.25015,1.25023,1.57,1.20
2016.04.25 14:52:19.068,1.25015,1.25024,5.51,1.10
2016.04.25 14:52:19.618,1.25015,1.25023,8.32,1.00
2016.04.25 14:52:20.124,1.25015,1.25023,6.07,1.00
2016.04.25 14:52:20.629,1.25015,1.25023,7.95,1.00
2016.04.25 14:52:21.868,1.25015,1.25022,2.70,1.00
2016.04.25 14:52:22.326,1.25014,1.25021,1.10,1.00
2016.04.25 14:52:22.847,1.25014,1.2502,1.20,1.12
2016.04.25 14:52:23.418,1.25012,1.2502,2.32,1.12
2016.04.25 14:52:24.142,1.25012,1.2502,4.95,1.00
2016.04.25 14:52:24.806,1.25014,1.25022,1.27,1.27
2016.04.25 14:52:24.958,1.25015,1.25023,1.47,1.57
2016.04.25 14:52:25.463,1.25015,1.25023,1.57,1.20
2016.04.25 14:52:26.285,1.25016,1.25022,1.87,1.00
2016.04.25 14:52:26.790,1.25015,1.25022,1.27,1.12
2016.04.25 14:52:28.792,1.25015,1.25021,1.00,1.00
2016.04.25 14:52:29.298,1.25015,1.2502,1.00,1.00
2016.04.25 14:52:29.864,1.25014,1.2502,1.10,1.00
2016.04.25 14:52:30.495,1.25015,1.2502,1.00,1.12
2016.04.25 14:52:30.900,1.25013,1.2502,1.10,2.62
2016.04.25 14:52:31.002,1.25011,1.25018,4.50,1.00
2016.04.25 14:52:31.547,1.25011,1.25019,3.00,1.12
2016.04.25 14:52:32.897,1.25011,1.25018,3.37,1.25
2016.04.25 14:52:33.427,1.25012,1.25017,1.20,1.00
2016.04.25 14:52:33.960,1.25011,1.25019,3.75,3.75
2016.04.25 14:52:34.681,1.25011,1.25019,5.81,1.00
2016.04.25 14:52:36.207,1.25012,1.25019,2.77,1.00
2016.04.25 14:52:37.286,1.25012,1.25021,3.15,5.25
2016.04.25 14:52:37.790,1.25013,1.25021,3.90,3.15
2016.04.25 14:52:40.155,1.25015,1.25022,1.12,3.07
2016.04.25 14:52:40.925,1.25015,1.25022,1.87,1.10
2016.04.25 14:52:41.329,1.25016,1.25024,1.57,1.20
2016.04.25 14:52:41.846,1.25016,1.25023,1.07,1.12
2016.04.25 14:52:42.351,1.25015,1.25023,3.00,1.00
2016.04.25 14:52:42.901,1.25015,1.25021,2.62,1.00
2016.04.25 14:52:43.203,1.25014,1.25019,1.57,1.00
2016.04.25 14:52:43.557,1.25014,1.25021,1.10,1.87
2016.04.25 14:52:43.754,1.25014,1.25018,1.00,1.00
2016.04.25 14:52:43.907,1.25012,1.25018,2.25,1.00
2016.04.25 14:52:44.411,1.25011,1.25018,1.27,1.00
2016.04.25 14:52:44.462,1.25013,1.25018,1.00,1.00
2016.04.25 14:52:45.006,1.25014,1.2502,1.00,5.25
2016.04.25 14:52:45.513,1.25013,1.25019,1.00,1.20
2016.04.25 14:52:46.019,1.25014,1.25018,1.00,1.00
2016.04.25 14:52:46.590,1.25013,1.25018,1.00,1.20
2016.04.25 14:52:46.894,1.25009,1.25011,1.87,1.00
2016.04.25 14:52:46.945,1.25007,1.25009,1.50,1.00
2016.04.25 14:52:47.046,1.25005,1.25008,1.00,1.00
2016.04.25 14:52:47.097,1.25005,1.2501,1.00,1.10
2016.04.25 14:52:47.198,1.25003,1.25009,1.12,1.20
2016.04.25 14:52:47.704,1.25002,1.25009,1.12,2.40
2016.04.25 14:52:48.855,1.25002,1.25009,1.37,1.20
2016.04.25 14:52:49.367,1.25,1.2501,7.50,5.25
2016.04.25 14:52:49.874,1.25,1.25009,6.00,1.20
2016.04.25 14:52:50.422,1.25002,1.25009,1.50,1.20
2016.04.25 14:52:50.725,1.25001,1.25009,1.37,1.50
2016.04.25 14:52:50.930,1.25003,1.25011,1.09,1.84
2016.04.25 14:52:51.435,1.25003,1.2501,1.65,1.20
2016.04.25 14:52:51.738,1.25002,1.25008,1.50,1.00
2016.04.25 14:52:51.839,1.25,1.25007,1.09,1.09
2016.04.25 14:52:52.345,1.24999,1.25007,4.20,1.95
2016.04.25 14:52:52.446,1.25003,1.25007,1.00,1.07
2016.04.25 14:52:52.547,1.25003,1.25009,1.10,1.50
2016.04.25 14:52:52.628,1.25005,1.25009,1.00,1.50
2016.04.25 14:52:52.679,1.25005,1.25012,1.00,2.32
2016.04.25 14:52:52.933,1.25003,1.25009,1.57,1.00
2016.04.25 14:52:53.237,1.24989,1.24991,1.50,1.07
2016.04.25 14:52:53.288,1.24988,1.24991,1.50,1.07
2016.04.25 14:52:53.390,1.24986,1.24991,1.50,1.07
2016.04.25 14:52:53.915,1.24985,1.24991,2.25,1.07
2016.04.25 14:52:54.269,1.24986,1.24991,1.37,1.07
2016.04.25 14:52:54.421,1.24987,1.24994,1.37,2.02
2016.04.25 14:52:55.290,1.24988,1.24993,1.00,1.00
2016.04.25 14:52:55.391,1.24985,1.24992,2.32,1.00
2016.04.25 14:52:55.543,1.24985,1.24991,1.00,1.50
2016.04.25 14:52:55.851,1.24981,1.24986,1.00,1.50
2016.04.25 14:52:56.053,1.24979,1.24986,1.00,1.95
2016.04.25 14:52:56.356,1.24978,1.24986,1.57,3.45
2016.04.25 14:52:56.458,1.24978,1.24984,1.57,1.00
2016.04.25 14:52:56.509,1.24976,1.24984,1.87,1.00
2016.04.25 14:52:57.018,1.24975,1.24983,1.95,1.20
2016.04.25 14:52:57.584,1.24975,1.24984,2.51,5.51
2016.04.25 14:52:58.152,1.24976,1.24983,1.00,1.57
2016.04.25 14:52:58.253,1.24979,1.24984,1.50,1.47
2016.04.25 14:52:58.355,1.24979,1.24985,1.76,2.25
2016.04.25 14:52:58.507,1.24978,1.24984,1.69,1.37
2016.04.25 14:52:58.608,1.24977,1.24985,1.50,3.82
2016.04.25 14:52:58.811,1.24975,1.24984,2.02,3.00
2016.04.25 14:52:59.636,1.24976,1.24984,1.00,1.87
2016.04.25 14:53:00.141,1.24976,1.24985,1.27,3.75
2016.04.25 14:53:00.492,1.24979,1.24985,1.00,1.50
2016.04.25 14:53:00.695,1.2498,1.24988,1.00,6.45
2016.04.25 14:53:01.200,1.24979,1.24987,1.57,1.47
2016.04.25 14:53:01.739,1.2498,1.24988,1.25,4.95
2016.04.25 14:53:02.157,1.24979,1.24984,1.57,1.00
2016.04.25 14:53:02.460,1.24975,1.24976,1.00,1.00
2016.04.25 14:53:02.658,1.24968,1.24972,1.00,1.00
2016.04.25 14:53:02.709,1.24966,1.24972,1.12,1.00
2016.04.25 14:53:03.215,1.24964,1.24972,2.06,3.00
2016.04.25 14:53:03.734,1.24964,1.24972,1.12,4.12
2016.04.25 14:53:03.785,1.24964,1.24969,1.12,1.00
2016.04.25 14:53:03.886,1.24964,1.24971,1.12,1.20
2016.04.25 14:53:04.392,1.24963,1.24967,1.50,1.00
2016.04.25 14:53:04.544,1.24961,1.24967,1.87,1.00
2016.04.25 14:53:04.994,1.24959,1.24967,1.87,1.12
2016.04.25 14:53:08.024,1.24958,1.24966,1.09,1.00
2016.04.25 14:53:08.433,1.2496,1.24967,1.37,1.10
2016.04.25 14:53:08.636,1.24962,1.2497,3.75,3.00
2016.04.25 14:53:09.142,1.24961,1.24968,1.27,1.00
2016.04.25 14:53:11.664,1.2496,1.24968,1.95,1.20
2016.04.25 14:53:12.346,1.24959,1.24968,1.64,2.89
2016.04.25 14:53:12.771,1.24959,1.24965,1.76,1.00
2016.04.25 14:53:13.284,1.24958,1.24966,3.64,1.12
2016.04.25 14:53:13.826,1.24958,1.24965,2.51,1.00
2016.04.25 14:53:13.878,1.24958,1.24965,1.57,1.00
2016.04.25 14:53:14.383,1.24958,1.24966,1.69,2.44
2016.04.25 14:53:14.888,1.24958,1.24965,1.87,2.62
2016.04.25 14:53:15.040,1.24958,1.24962,1.50,1.00
2016.04.25 14:53:15.142,1.24954,1.24962,2.96,1.37
2016.04.25 14:53:15.648,1.24955,1.24962,1.37,1.50
2016.04.25 14:53:15.800,1.24958,1.24965,1.00,1.69
2016.04.25 14:53:16.053,1.24957,1.24965,2.81,1.32
2016.04.25 14:53:16.255,1.24957,1.24965,2.62,1.07
2016.04.25 14:53:16.458,1.24959,1.24965,1.37,1.09
2016.04.25 14:53:16.984,1.24959,1.24966,1.50,1.50
2016.04.25 14:53:17.187,1.24958,1.24967,2.59,1.20
2016.04.25 14:53:17.707,1.2496,1.24968,3.00,1.50
2016.04.25 14:53:18.213,1.24961,1.24968,3.00,1.00
2016.04.25 14:53:18.586,1.24962,1.2497,1.50,3.75
2016.04.25 14:53:19.137,1.24963,1.24971,1.75,2.62
2016.04.25 14:53:19.755,1.24964,1.24971,1.12,3.00
2016.04.25 14:53:20.195,1.24965,1.24971,1.37,2.62
2016.04.25 14:53:20.500,1.24968,1.24972,1.75,2.32
2016.04.25 14:53:20.602,1.24968,1.24976,1.01,1.39
2016.04.25 14:53:20.905,1.24969,1.24977,2.25,1.45
2016.04.25 14:53:21.296,1.24968,1.24977,2.51,1.32
2016.04.25 14:53:21.803,1.24968,1.24977,3.82,1.10
2016.04.25 14:53:21.964,1.24969,1.24974,2.32,1.00
2016.04.25 14:53:22.160,1.24969,1.24974,1.57,1.00
2016.04.25 14:53:22.516,1.24967,1.24972,1.50,1.00
2016.04.25 14:53:22.719,1.24963,1.24971,2.40,1.12
2016.04.25 14:53:22.921,1.24962,1.2497,1.12,1.95
2016.04.25 14:53:23.444,1.2496,1.24968,2.32,2.32
2016.04.25 14:53:23.646,1.24959,1.24967,1.65,1.20
2016.04.25 14:53:24.051,1.24958,1.24964,3.37,1.00
2016.04.25 14:53:24.576,1.24958,1.24964,1.87,1.00
2016.04.25 14:53:24.779,1.24959,1.24966,1.00,1.00
2016.04.25 14:53:24.952,1.24959,1.24964,1.00,1.00
2016.04.25 14:53:25.481,1.24958,1.24965,3.37,1.50
2016.04.25 14:53:26.061,1.2496,1.24966,1.50,1.00
2016.04.25 14:53:26.575,1.2496,1.24967,3.45,1.00
2016.04.25 14:53:27.335,1.2496,1.24967,1.95,1.00
2016.04.25 14:53:28.151,1.24962,1.24967,1.00,1.00
2016.04.25 14:53:28.666,1.24962,1.24968,1.00,1.00
2016.04.25 14:53:29.223,1.24961,1.24969,1.50,1.57
2016.04.25 14:53:30.020,1.24961,1.24969,1.75,1.57
2016.04.25 14:53:30.549,1.24962,1.24968,1.00,1.00
2016.04.25 14:53:31.128,1.2496,1.24968,4.39,1.25
2016.04.25 14:53:31.539,1.24961,1.24965,1.25,1.00
2016.04.25 14:53:32.044,1.24959,1.24967,1.00,3.75
2016.04.25 14:53:32.743,1.2496,1.24967,1.00,3.37
2016.04.25 14:53:33.148,1.24964,1.24967,1.00,3.52
2016.04.25 14:53:33.350,1.24964,1.2497,1.00,1.32
2016.04.25 14:53:33.728,1.24965,1.24972,1.00,3.37
2016.04.25 14:53:34.346,1.24965,1.24972,1.00,5.25
2016.04.25 14:53:34.448,1.24962,1.2497,1.01,1.31
2016.04.25 14:53:34.852,1.2496,1.24968,5.70,1.00
2016.04.25 14:53:35.591,1.24961,1.24968,1.00,1.00
2016.04.25 14:53:36.199,1.24961,1.24969,1.00,3.07
2016.04.25 14:53:36.725,1.2496,1.24968,1.57,1.00
2016.04.25 14:53:37.284,1.2496,1.24967,1.12,1.00
2016.04.25 14:53:37.824,1.2496,1.24968,1.00,1.95
2016.04.25 14:53:38.078,1.24962,1.24968,1.00,3.07
2016.04.25 14:53:38.851,1.24962,1.24967,1.00,2.06
2016.04.25 14:53:38.953,1.2496,1.24967,1.00,2.06
2016.04.25 14:53:39.459,1.24957,1.24967,5.44,3.56
2016.04.25 14:53:39.986,1.24958,1.24967,1.65,5.44
2016.04.25 14:53:40.498,1.24958,1.24966,1.20,2.02
2016.04.25 14:53:41.009,1.24959,1.24967,1.00,2.62
2016.04.25 14:53:42.566,1.24959,1.24967,2.62,1.50
2016.04.25 14:53:42.617,1.24959,1.24969,3.07,4.57
2016.04.25 14:53:43.124,1.24959,1.24968,2.62,4.31
2016.04.25 14:53:43.702,1.24959,1.24968,3.00,3.56
2016.04.25 14:53:43.855,1.24964,1.24968,1.00,4.31
2016.04.25 14:53:44.407,1.24965,1.24968,1.00,3.19
2016.04.25 14:53:44.924,1.24965,1.24968,1.50,1.57
2016.04.25 14:53:45.429,1.24964,1.24969,1.00,2.32
2016.04.25 14:53:48.427,1.24965,1.24969,1.00,2.32
2016.04.25 14:53:48.882,1.24964,1.2497,1.50,3.45
2016.04.25 14:53:49.085,1.24963,1.24968,1.00,1.07
2016.04.25 14:53:49.986,1.24962,1.24968,1.00,1.57
2016.04.25 14:53:50.840,1.24961,1.24968,1.00,4.01
2016.04.25 14:53:51.481,1.24961,1.24968,1.00,2.89
2016.04.25 14:53:51.986,1.2496,1.24967,1.00,1.20
2016.04.25 14:53:52.179,1.24956,1.24965,1.50,1.95
2016.04.25 14:53:52.433,1.24956,1.24962,1.12,1.00
2016.04.25 14:53:52.686,1.24953,1.24963,4.12,3.37
2016.04.25 14:53:53.226,1.24955,1.24963,1.00,2.25
2016.04.25 14:53:53.532,1.24954,1.2496,3.15,1.00
2016.04.25 14:53:53.859,1.2495,1.24955,1.12,1.50
2016.04.25 14:53:54.136,1.24948,1.24955,2.25,1.50
2016.04.25 14:53:54.643,1.24948,1.24956,3.00,1.07
2016.04.25 14:53:55.296,1.24948,1.24956,3.00,1.07
2016.04.25 14:53:55.397,1.24948,1.24957,3.15,1.65
2016.04.25 14:53:55.802,1.2495,1.24957,1.37,1.20
2016.04.25 14:53:56.107,1.24956,1.24959,1.19,1.57
2016.04.25 14:53:56.208,1.24956,1.24962,1.08,1.57
2016.04.25 14:53:56.260,1.24956,1.24962,1.83,1.57
2016.04.25 14:53:56.462,1.24954,1.2496,1.07,1.00
2016.04.25 14:53:56.967,1.24953,1.2496,1.07,1.00
2016.04.25 14:53:57.512,1.24952,1.2496,1.95,1.57
2016.04.25 14:53:57.966,1.24953,1.24961,1.87,1.07
2016.04.25 14:53:58.017,1.24953,1.24962,2.70,1.00
2016.04.25 14:53:58.269,1.24953,1.2496,2.02,1.00
2016.04.25 14:53:58.472,1.24952,1.2496,2.40,2.25
2016.04.25 14:53:58.943,1.24953,1.24957,1.50,1.00
2016.04.25 14:53:59.259,1.24953,1.24961,2.25,2.40
2016.04.25 14:53:59.664,1.24954,1.24961,1.37,1.65
2016.04.25 14:54:00.087,1.24957,1.24965,3.37,3.34
2016.04.25 14:54:00.592,1.24957,1.24965,2.62,2.40
2016.04.25 14:54:01.113,1.24957,1.24965,1.50,3.71
2016.04.25 14:54:01.315,1.24959,1.24965,3.00,3.34
2016.04.25 14:54:01.417,1.2496,1.24967,1.50,3.07
2016.04.25 14:54:01.771,1.2496,1.24968,3.37,1.50
2016.04.25 14:54:02.108,1.24964,1.24972,1.20,1.27
2016.04.25 14:54:02.260,1.24966,1.24972,1.00,1.25
2016.04.25 14:54:02.564,1.24965,1.24971,1.00,1.50
2016.04.25 14:54:02.909,1.24965,1.24973,1.50,1.95
2016.04.25 14:54:03.414,1.24966,1.24974,1.00,3.75
2016.04.25 14:54:03.915,1.24965,1.24973,1.00,2.70
2016.04.25 14:54:04.118,1.24963,1.24971,3.07,1.10
2016.04.25 14:54:04.623,1.24962,1.2497,3.45,1.87
2016.04.25 14:54:04.674,1.24962,1.24968,2.32,1.00
2016.04.25 14:54:04.927,1.2496,1.24968,1.50,1.20
2016.04.25 14:54:05.928,1.2496,1.24968,2.25,2.59
2016.04.25 14:54:06.230,1.2496,1.24968,1.50,1.20
2016.04.25 14:54:06.683,1.2496,1.24968,1.50,1.84
2016.04.25 14:54:07.087,1.2496,1.24964,1.00,1.00
2016.04.25 14:54:07.240,1.24957,1.24963,1.20,1.00
2016.04.25 14:54:07.785,1.24955,1.24962,2.25,1.00
2016.04.25 14:54:08.038,1.24954,1.24962,1.27,1.00
2016.04.25 14:54:08.612,1.24954,1.2496,1.65,1.00
2016.04.25 14:54:08.664,1.24954,1.24963,1.20,2.77
2016.04.25 14:54:08.715,1.24954,1.2496,1.20,1.00
2016.04.25 14:54:09.108,1.24953,1.24959,1.00,1.57
2016.04.25 14:54:09.260,1.24951,1.24957,3.75,1.00
2016.04.25 14:54:09.664,1.24951,1.24955,3.37,1.00
2016.04.25 14:54:10.195,1.24951,1.24957,2.25,1.20
2016.04.25 14:54:11.104,1.24951,1.24958,1.12,1.10
2016.04.25 14:54:11.649,1.24951,1.24958,1.37,1.10
2016.04.25 14:54:12.155,1.24953,1.24959,1.12,1.07
2016.04.25 14:54:12.206,1.24953,1.2496,3.37,1.00
2016.04.25 14:54:12.357,1.24955,1.24962,1.00,4.57
2016.04.25 14:54:12.898,1.24955,1.24962,1.00,3.07
2016.04.25 14:54:13.260,1.24958,1.24962,1.00,1.76
2016.04.25 14:54:13.413,1.24958,1.24965,1.00,1.57
2016.04.25 14:54:13.954,1.24956,1.24965,1.87,3.52
2016.04.25 14:54:14.359,1.24955,1.24963,4.12,1.00
2016.04.25 14:54:15.070,1.24955,1.24964,2.62,6.37
2016.04.25 14:54:15.605,1.24955,1.24962,1.00,1.12
2016.04.25 14:54:17.164,1.24956,1.24962,1.00,1.10
2016.04.25 14:54:17.670,1.24955,1.24964,3.37,1.65
2016.04.25 14:54:18.176,1.24955,1.24964,2.40,3.75
2016.04.25 14:54:18.715,1.24955,1.24962,2.40,1.00
2016.04.25 14:54:19.229,1.24956,1.24964,1.00,4.12
2016.04.25 14:54:19.734,1.24955,1.24964,4.65,4.12
2016.04.25 14:54:20.267,1.24956,1.24964,1.00,1.87
2016.04.25 14:54:21.753,1.24956,1.24964,1.00,2.62
2016.04.25 14:54:22.121,1.24954,1.24961,4.57,1.00
2016.04.25 14:54:22.676,1.24954,1.2496,4.57,1.00
2016.04.25 14:54:23.153,1.24954,1.24963,3.82,3.82
2016.04.25 14:54:23.355,1.24954,1.24961,3.82,1.37
2016.04.25 14:54:23.557,1.24951,1.24958,1.00,1.12
2016.04.25 14:54:24.105,1.2495,1.24959,4.12,1.57
2016.04.25 14:54:24.629,1.2495,1.24959,4.87,1.27
2016.04.25 14:54:25.468,1.2495,1.2496,2.25,6.94
2016.04.25 14:54:27.421,1.2495,1.24955,1.10,1.00
2016.04.25 14:54:27.725,1.24946,1.2495,1.00,1.00
2016.04.25 14:54:28.230,1.24947,1.24951,1.00,2.02
2016.04.25 14:54:28.533,1.24942,1.24951,1.00,3.45
2016.04.25 14:54:29.895,1.24944,1.2495,1.00,1.10
2016.04.25 14:54:30.047,1.24944,1.24953,2.77,1.09
2016.04.25 14:54:30.561,1.24945,1.24953,1.57,1.50
2016.04.25 14:54:31.080,1.24945,1.24953,1.57,1.62
2016.04.25 14:54:32.112,1.24945,1.24953,1.57,1.31
2016.04.25 14:54:32.617,1.24945,1.24953,1.57,2.06
2016.04.25 14:54:33.652,1.24945,1.24949,1.57,1.00
2016.04.25 14:54:33.955,1.24938,1.2494,1.00,1.00
2016.04.25 14:54:34.006,1.24935,1.2494,1.00,1.00
2016.04.25 14:54:34.107,1.24938,1.24943,1.00,1.20
2016.04.25 14:54:34.337,1.24939,1.24946,1.20,2.06
2016.04.25 14:54:34.691,1.24937,1.24944,1.50,1.00
2016.04.25 14:54:34.742,1.24936,1.24943,1.00,1.10
2016.04.25 14:54:35.206,1.24936,1.24944,1.87,1.20
2016.04.25 14:54:35.409,1.2494,1.24947,2.25,3.07
2016.04.25 14:54:35.561,1.2494,1.24948,6.75,1.31
2016.04.25 14:54:36.020,1.24943,1.24949,1.12,3.15
2016.04.25 14:54:36.553,1.24943,1.24949,1.87,3.00
2016.04.25 14:54:37.283,1.24942,1.24948,1.12,1.69
2016.04.25 14:54:37.791,1.24941,1.24949,1.10,4.20
2016.04.25 14:54:39.910,1.24941,1.24947,1.10,3.00
2016.04.25 14:54:41.120,1.2494,1.24948,3.82,1.69
2016.04.25 14:54:42.507,1.2494,1.24948,3.82,3.37
2016.04.25 14:54:43.733,1.2494,1.24948,2.32,4.12
2016.04.25 14:54:44.829,1.2494,1.24949,2.32,5.70
2016.04.25 14:54:45.510,1.2494,1.24948,1.20,1.20
2016.04.25 14:54:46.023,1.2494,1.24948,4.95,1.10
2016.04.25 14:54:46.944,1.24941,1.24948,2.25,3.07
2016.04.25 14:54:47.369,1.24941,1.24948,1.87,3.07
2016.04.25 14:54:47.823,1.24941,1.24949,2.25,4.57
2016.04.25 14:54:48.792,1.24941,1.24947,1.50,2.62
2016.04.25 14:54:48.844,1.24941,1.24945,1.50,3.00
2016.04.25 14:54:48.895,1.24939,1.24945,1.50,3.75
2016.04.25 14:54:49.248,1.24937,1.24944,1.00,1.25
2016.04.25 14:54:49.754,1.24937,1.24944,1.50,1.25
2016.04.25 14:54:49.805,1.24936,1.24944,2.77,1.25
2016.04.25 14:54:50.310,1.24938,1.24945,1.00,1.09
2016.04.25 14:54:51.116,1.24937,1.24946,1.50,3.19
2016.04.25 14:54:52.313,1.24937,1.24946,1.87,2.44
2016.04.25 14:54:52.757,1.24937,1.24944,1.50,3.00
2016.04.25 14:54:53.267,1.24936,1.24943,2.77,1.31
2016.04.25 14:54:54.270,1.24936,1.24945,2.02,4.46
2016.04.25 14:54:55.391,1.24936,1.24942,2.02,1.50
2016.04.25 14:54:55.695,1.24932,1.24939,1.50,1.50
2016.04.25 14:54:55.897,1.2493,1.24938,3.90,1.00
2016.04.25 14:54:56.423,1.2493,1.24939,3.90,1.20
2016.04.25 14:54:56.999,1.2493,1.24939,3.90,3.52
2016.04.25 14:54:57.049,1.2493,1.24934,3.52,1.00
2016.04.25 14:54:57.151,1.24928,1.24936,2.25,1.50
2016.04.25 14:54:57.404,1.24926,1.24935,3.82,1.95
2016.04.25 14:54:57.808,1.24926,1.24932,3.07,1.00
2016.04.25 14:54:57.910,1.24927,1.24934,1.57,1.00
2016.04.25 14:54:58.035,1.24929,1.24935,1.50,1.20
2016.04.25 14:54:58.339,1.24928,1.2493,2.25,1.00
2016.04.25 14:54:58.440,1.24923,1.2493,1.00,1.50
2016.04.25 14:54:58.592,1.24923,1.24929,1.00,1.37
2016.04.25 14:54:58.643,1.2492,1.24929,3.15,3.00
2016.04.25 14:54:59.085,1.2492,1.24925,2.25,1.00
2016.04.25 14:54:59.136,1.24917,1.24924,1.65,1.00
2016.04.25 14:54:59.641,1.24919,1.24925,1.00,1.20
2016.04.25 14:55:00.174,1.2492,1.24927,1.00,1.32
2016.04.25 14:55:00.478,1.24922,1.24928,1.37,1.87
2016.04.25 14:55:00.630,1.24924,1.2493,1.87,1.31
2016.04.25 14:55:00.732,1.24924,1.24932,2.62,3.75
2016.04.25 14:55:00.884,1.24923,1.2493,1.20,1.00
2016.04.25 14:55:01.086,1.24921,1.24928,1.95,1.00
2016.04.25 14:55:01.390,1.24915,1.24922,1.87,1.39
2016.04.25 14:55:01.695,1.24912,1.24921,4.50,2.44
2016.04.25 14:55:01.849,1.24912,1.24919,3.00,1.25
2016.04.25 14:55:02.008,1.24911,1.24918,1.27,1.45
2016.04.25 14:55:02.311,1.2491,1.24919,5.70,1.29
2016.04.25 14:55:02.362,1.2491,1.24918,5.89,1.19
2016.04.25 14:55:02.897,1.2491,1.24915,1.50,1.25
2016.04.25 14:55:02.948,1.24908,1.24915,2.06,1.25
2016.04.25 14:55:03.467,1.24909,1.24917,1.87,1.29
2016.04.25 14:55:03.871,1.24911,1.24917,1.00,1.29
2016.04.25 14:55:04.023,1.24911,1.2492,2.32,4.76
2016.04.25 14:55:04.203,1.24913,1.24921,1.12,3.26
2016.04.25 14:55:04.305,1.24915,1.2492,1.00,1.19
2016.04.25 14:55:04.457,1.24915,1.24922,1.00,2.81
2016.04.25 14:55:04.609,1.24913,1.24919,1.37,1.00
2016.04.25 14:55:04.913,1.24912,1.24921,4.95,1.29
2016.04.25 14:55:05.322,1.24913,1.2492,2.06,1.00
2016.04.25 14:55:05.828,1.24913,1.24921,3.75,2.06
2016.04.25 14:55:06.081,1.24916,1.24923,1.12,2.02
2016.04.25 14:55:06.226,1.24916,1.24922,2.32,1.00
2016.04.25 14:55:06.731,1.24917,1.24923,1.87,1.00
2016.04.25 14:55:07.236,1.24916,1.24922,1.57,1.00
2016.04.25 14:55:07.761,1.24916,1.24923,1.57,1.00
2016.04.25 14:55:08.258,1.24916,1.24919,1.20,1.00
2016.04.25 14:55:08.410,1.24914,1.24919,1.12,1.00
2016.04.25 14:55:08.461,1.24916,1.24919,1.12,1.00
2016.04.25 14:55:08.512,1.24917,1.24923,1.00,2.25
2016.04.25 14:55:08.613,1.24916,1.24924,2.32,1.00
2016.04.25 14:55:08.840,1.24917,1.24924,1.47,1.00
2016.04.25 14:55:09.446,1.24917,1.24924,3.82,1.00
2016.04.25 14:55:10.308,1.24917,1.24924,1.87,1.31
2016.04.25 14:55:10.611,1.24915,1.2492,1.12,1.00
2016.04.25 14:55:10.813,1.24915,1.24923,1.12,4.31
2016.04.25 14:55:11.352,1.24916,1.24923,1.00,2.81
2016.04.25 14:55:11.556,1.24913,1.24918,3.75,1.00
2016.04.25 14:55:11.708,1.24913,1.24918,1.20,1.00
2016.04.25 14:55:12.121,1.24912,1.24916,2.70,1.00
2016.04.25 14:55:12.639,1.24914,1.24917,1.57,1.00
2016.04.25 14:55:12.690,1.24917,1.24922,1.00,1.87
2016.04.25 14:55:12.842,1.24919,1.24922,1.00,1.00
2016.04.25 14:55:12.995,1.24916,1.24922,2.80,1.00
2016.04.25 14:55:13.147,1.2492,1.24923,1.23,1.00
2016.04.25 14:55:13.349,1.2492,1.24927,1.60,1.12
2016.04.25 14:55:13.758,1.24918,1.24928,5.05,5.14
2016.04.25 14:55:14.264,1.24918,1.24926,2.05,1.50
2016.04.25 14:55:14.762,1.24917,1.24927,2.70,3.07
2016.04.25 14:55:15.267,1.24918,1.24924,1.00,1.50
2016.04.25 14:55:15.773,1.24917,1.24925,1.00,1.27
2016.04.25 14:55:16.276,1.24917,1.24926,2.88,3.75
2016.04.25 14:55:16.782,1.24917,1.24926,1.68,3.82
2016.04.25 14:55:16.934,1.24916,1.24923,1.10,1.50
2016.04.25 14:55:17.266,1.24916,1.24925,4.50,1.65
2016.04.25 14:55:17.782,1.24917,1.24925,1.20,1.00
2016.04.25 14:55:18.417,1.24916,1.24925,4.18,1.50
2016.04.25 14:55:18.821,1.24916,1.24918,1.12,1.50
2016.04.25 14:55:18.873,1.24913,1.24916,1.87,1.00
2016.04.25 14:55:18.923,1.2491,1.24912,3.37,1.00
2016.04.25 14:55:19.126,1.24889,1.249,1.47,1.00
2016.04.25 14:55:19.289,1.24889,1.24891,1.12,1.00
2016.04.25 14:55:19.392,1.24888,1.24892,1.50,1.00
2016.04.25 14:55:19.444,1.24888,1.24891,1.57,1.00
2016.04.25 14:55:19.597,1.24888,1.24893,1.87,1.00
2016.04.25 14:55:19.699,1.24891,1.24895,1.87,1.00
2016.04.25 14:55:20.005,1.24896,1.24904,1.97,1.50
2016.04.25 14:55:20.320,1.24899,1.24906,1.50,3.00
2016.04.25 14:55:20.624,1.24902,1.24906,1.12,1.50
2016.04.25 14:55:20.928,1.24911,1.24916,1.50,1.87
2016.04.25 14:55:21.446,1.24912,1.24917,1.57,1.50
2016.04.25 14:55:21.547,1.24912,1.24919,1.57,1.93
2016.04.25 14:55:21.851,1.24915,1.24919,1.00,1.56
2016.04.25 14:55:21.952,1.24911,1.24919,1.50,2.25
2016.04.25 14:55:22.104,1.2491,1.24916,2.25,1.00
2016.04.25 14:55:22.352,1.24907,1.24915,1.10,4.95
2016.04.25 14:55:22.607,1.24907,1.24915,1.95,1.87
2016.04.25 14:55:22.911,1.24907,1.24914,1.07,1.37
2016.04.25 14:55:23.064,1.24906,1.24914,1.10,1.50
2016.04.25 14:55:23.216,1.24905,1.24911,2.32,1.00
2016.04.25 14:55:23.452,1.24904,1.24911,1.00,1.00
2016.04.25 14:55:23.806,1.24902,1.2491,2.77,1.87
2016.04.25 14:55:24.399,1.24905,1.2491,1.00,1.12
2016.04.25 14:55:24.653,1.24905,1.24912,1.50,1.50
2016.04.25 14:55:25.159,1.24905,1.24914,4.05,3.37
2016.04.25 14:55:25.375,1.24908,1.24915,1.00,2.25
2016.04.25 14:55:25.729,1.24906,1.24913,3.37,1.00
2016.04.25 14:55:26.032,1.24907,1.24915,1.20,1.95
2016.04.25 14:55:26.184,1.2491,1.24915,1.00,2.25
2016.04.25 14:55:26.286,1.24907,1.24915,1.65,1.50
2016.04.25 14:55:26.690,1.2491,1.24915,1.00,1.50
2016.04.25 14:55:26.893,1.24906,1.24915,6.37,1.00
2016.04.25 14:55:27.398,1.24906,1.24913,2.62,1.00
2016.04.25 14:55:27.499,1.24905,1.24913,3.00,1.50
2016.04.25 14:55:27.667,1.24905,1.24913,1.75,1.50
2016.04.25 14:55:27.970,1.24909,1.24915,1.12,1.50
2016.04.25 14:55:28.173,1.24909,1.24916,1.31,2.70
2016.04.25 14:55:28.427,1.24908,1.24915,1.29,1.37
2016.04.25 14:55:28.533,1.24905,1.24911,2.89,1.12
2016.04.25 14:55:28.585,1.24905,1.24911,2.81,2.62
2016.04.25 14:55:28.635,1.24904,1.24911,1.50,3.00
2016.04.25 14:55:28.832,1.24904,1.24911,1.87,1.12
2016.04.25 14:55:29.035,1.24904,1.24908,1.00,1.10
2016.04.25 14:55:29.137,1.249,1.24908,4.57,1.10
2016.04.25 14:55:29.541,1.249,1.24909,3.45,1.20
2016.04.25 14:55:30.089,1.24903,1.24911,1.50,1.07
2016.04.25 14:55:30.594,1.24904,1.24912,1.12,1.87
2016.04.25 14:55:30.645,1.24904,1.24913,1.75,4.12
2016.04.25 14:55:30.747,1.24904,1.24913,1.85,1.95
2016.04.25 14:55:31.353,1.24905,1.24913,1.50,1.95
2016.04.25 14:55:32.172,1.24905,1.24913,1.12,1.95
2016.04.25 14:55:32.273,1.24906,1.24913,1.00,2.14
2016.04.25 14:55:32.576,1.24903,1.24911,2.25,3.00
2016.04.25 14:55:32.779,1.24901,1.24911,1.87,4.12
2016.04.25 14:55:33.134,1.249,1.24909,5.70,1.95
2016.04.25 14:55:33.639,1.24901,1.24908,1.00,1.10
2016.04.25 14:55:33.882,1.24898,1.24906,3.00,1.50
2016.04.25 14:55:33.984,1.24898,1.24905,1.50,1.37
2016.04.25 14:55:34.188,1.24896,1.24905,1.27,2.32
2016.04.25 14:55:34.392,1.24894,1.24903,1.39,1.50
2016.04.25 14:55:34.919,1.24892,1.24901,1.95,1.95
2016.04.25 14:55:35.425,1.24893,1.24901,1.95,1.87
2016.04.25 14:55:36.161,1.24893,1.24902,4.20,2.32
2016.04.25 14:55:36.465,1.24895,1.24902,1.37,1.95
2016.04.25 14:55:36.968,1.24895,1.24904,1.20,3.07
2016.04.25 14:55:37.377,1.24897,1.24904,1.20,1.50
2016.04.25 14:55:37.882,1.24895,1.24905,4.65,4.50
2016.04.25 14:55:38.431,1.24895,1.24904,5.70,1.20
2016.04.25 14:55:39.902,1.24896,1.24905,1.20,1.95
2016.04.25 14:55:40.698,1.24896,1.24903,2.32,1.00
2016.04.25 14:55:41.105,1.24897,1.24905,2.40,1.87
2016.04.25 14:55:41.307,1.24897,1.24905,1.65,3.75
2016.04.25 14:55:41.814,1.24896,1.24903,1.65,1.00
2016.04.25 14:55:42.123,1.24895,1.24903,2.40,2.25
2016.04.25 14:55:42.628,1.24895,1.24903,1.87,2.40
2016.04.25 14:55:43.537,1.24895,1.24903,1.57,2.25
2016.04.25 14:55:43.891,1.24895,1.24902,1.10,1.75
2016.04.25 14:55:44.398,1.24894,1.24903,1.20,4.20
2016.04.25 14:55:45.028,1.24895,1.24902,1.00,1.57
2016.04.25 14:55:45.749,1.24894,1.24903,1.10,4.95
2016.04.25 14:55:46.303,1.24895,1.24902,1.00,1.76
2016.04.25 14:55:46.455,1.24892,1.24901,1.12,2.25
2016.04.25 14:55:46.657,1.24891,1.249,2.32,3.07
2016.04.25 14:55:47.172,1.2489,1.24899,2.02,6.00
2016.04.25 14:55:47.677,1.24889,1.24897,1.37,1.07
2016.04.25 14:55:48.182,1.2489,1.24898,2.25,1.12
2016.04.25 14:55:49.137,1.2489,1.24898,1.00,2.25
2016.04.25 14:55:49.796,1.2489,1.24898,1.20,1.57
2016.04.25 14:55:50.351,1.24889,1.24898,2.32,2.32
2016.04.25 14:55:51.162,1.24889,1.24898,1.95,1.95
2016.04.25 14:55:51.365,1.2489,1.24898,1.57,1.27
2016.04.25 14:55:52.175,1.2489,1.24899,1.95,1.95
2016.04.25 14:55:54.179,1.2489,1.24898,1.50,1.95
2016.04.25 14:55:54.331,1.24888,1.24897,1.10,4.87
2016.04.25 14:55:54.786,1.2489,1.24897,1.00,4.20
2016.04.25 14:55:55.102,1.24891,1.24898,1.00,1.27
2016.04.25 14:55:55.609,1.2489,1.24899,1.95,4.57
2016.04.25 14:55:57.788,1.24892,1.24899,1.00,3.07
2016.04.25 14:55:58.097,1.24894,1.24902,1.12,3.82
2016.04.25 14:55:58.604,1.24895,1.24903,1.00,1.50
2016.04.25 14:55:59.116,1.24895,1.24903,1.57,1.10
2016.04.25 14:55:59.703,1.24895,1.24904,1.00,4.87
2016.04.25 14:56:00.463,1.24895,1.24901,1.12,1.00
2016.04.25 14:56:00.514,1.24895,1.24899,1.00,1.85
2016.04.25 14:56:00.641,1.2489,1.24898,1.65,2.70
2016.04.25 14:56:00.793,1.24887,1.24896,4.39,1.95
2016.04.25 14:56:01.298,1.24887,1.24896,1.31,3.37
2016.04.25 14:56:01.601,1.24889,1.24896,1.00,3.37
2016.04.25 14:56:01.792,1.24888,1.24896,3.00,1.57
2016.04.25 14:56:03.258,1.24889,1.24896,1.00,1.57
2016.04.25 14:56:03.778,1.2489,1.24896,1.00,1.95
2016.04.25 14:56:04.284,1.24889,1.24896,1.87,1.95
2016.04.25 14:56:04.830,1.2489,1.24896,1.00,2.32
2016.04.25 14:56:05.463,1.24889,1.24896,1.00,2.32
2016.04.25 14:56:05.995,1.2489,1.24897,1.12,2.77
2016.04.25 14:56:06.601,1.2489,1.24897,1.37,1.65
2016.04.25 14:56:07.132,1.2489,1.24897,1.87,2.02
2016.04.25 14:56:08.439,1.2489,1.24897,3.75,1.65
2016.04.25 14:56:08.945,1.2489,1.24897,3.37,2.21
2016.04.25 14:56:10.242,1.2489,1.24897,2.25,3.00
2016.04.25 14:56:11.015,1.24889,1.24896,1.00,2.25
2016.04.25 14:56:11.368,1.24892,1.24896,1.00,2.25
2016.04.25 14:56:11.570,1.24892,1.24898,3.00,1.00
2016.04.25 14:56:11.773,1.2489,1.24898,1.87,1.20
2016.04.25 14:56:12.285,1.24889,1.24898,2.40,2.40
2016.04.25 14:56:12.337,1.24889,1.24895,2.02,1.00
2016.04.25 14:56:12.843,1.24888,1.24895,1.10,2.32
2016.04.25 14:56:13.190,1.24886,1.24895,1.20,6.07
2016.04.25 14:56:13.695,1.24885,1.24894,2.62,1.95
2016.04.25 14:56:14.549,1.24886,1.24895,2.77,8.25
2016.04.25 14:56:14.854,1.24883,1.24891,3.07,1.12
2016.04.25 14:56:15.157,1.24882,1.2489,3.37,1.50
2016.04.25 14:56:15.685,1.24882,1.2489,2.25,1.12
2016.04.25 14:56:16.190,1.24881,1.2489,4.31,1.39
2016.04.25 14:56:16.695,1.24882,1.24889,2.47,1.57
2016.04.25 14:56:17.212,1.24882,1.2489,3.75,1.50
2016.04.25 14:56:18.327,1.24882,1.2489,3.75,2.62
2016.04.25 14:56:18.640,1.2488,1.24886,1.19,2.25
2016.04.25 14:56:18.842,1.24879,1.24888,6.48,2.77
2016.04.25 14:56:20.377,1.2488,1.24889,3.14,1.87
2016.04.25 14:56:21.078,1.2488,1.24889,5.77,1.50
2016.04.25 14:56:21.665,1.24881,1.2489,1.04,4.46
2016.04.25 14:56:21.954,1.24883,1.24889,3.00,1.00
2016.04.25 14:56:22.106,1.24884,1.24892,3.14,2.25
2016.04.25 14:56:22.617,1.24884,1.24892,2.02,3.37
2016.04.25 14:56:23.159,1.24884,1.24891,4.08,1.87
2016.04.25 14:56:23.681,1.24884,1.24891,2.73,1.50
2016.04.25 14:56:24.138,1.24883,1.24891,2.20,1.69
2016.04.25 14:56:24.442,1.24881,1.2489,3.40,2.89
2016.04.25 14:56:25.352,1.2488,1.24888,1.50,2.32
2016.04.25 14:56:25.454,1.24878,1.24887,3.89,1.00
2016.04.25 14:56:26.988,1.24878,1.24888,3.14,3.52
2016.04.25 14:56:27.506,1.24878,1.24888,4.08,4.09
2016.04.25 14:56:28.011,1.24878,1.24888,5.44,1.09
2016.04.25 14:56:28.214,1.24878,1.24888,2.44,3.15
2016.04.25 14:56:28.663,1.24879,1.24888,2.40,1.65
2016.04.25 14:56:28.915,1.2488,1.24889,4.08,2.40
2016.04.25 14:56:29.017,1.2488,1.24886,4.45,1.00
2016.04.25 14:56:29.522,1.2488,1.24889,4.45,4.65
2016.04.25 14:56:30.119,1.2488,1.24889,4.27,4.46
2016.04.25 14:56:30.206,1.2488,1.24889,4.27,4.46
2016.04.25 14:56:30.770,1.2488,1.24889,5.77,1.65
2016.04.25 14:56:31.586,1.24881,1.24889,1.57,1.20
2016.04.25 14:56:32.091,1.2488,1.24889,3.19,1.27
2016.04.25 14:56:32.616,1.2488,1.24888,1.87,1.87
2016.04.25 14:56:33.122,1.24881,1.24889,1.76,1.12
2016.04.25 14:56:33.665,1.24882,1.24891,1.07,3.07
2016.04.25 14:56:34.170,1.24882,1.24888,1.07,1.00
2016.04.25 14:56:34.675,1.24882,1.24889,1.57,1.00
2016.04.25 14:56:35.209,1.24882,1.24888,1.07,1.00
2016.04.25 14:56:35.311,1.24881,1.24886,1.39,1.00
2016.04.25 14:56:35.412,1.24881,1.24888,1.07,2.25
2016.04.25 14:56:35.921,1.24881,1.2489,1.57,3.07
2016.04.25 14:56:36.222,1.24882,1.2489,2.14,1.25
2016.04.25 14:56:36.728,1.24883,1.24892,2.32,1.87
2016.04.25 14:56:37.665,1.24884,1.24893,1.57,3.82
2016.04.25 14:56:38.170,1.24885,1.24893,1.95,1.12
2016.04.25 14:56:38.582,1.24887,1.24894,1.50,2.25
2016.04.25 14:56:38.691,1.24888,1.24896,3.26,1.57
2016.04.25 14:56:39.196,1.24889,1.24897,1.50,1.12
2016.04.25 14:56:40.461,1.2489,1.24899,1.57,1.37
2016.04.25 14:56:40.865,1.24891,1.249,2.32,3.37
2016.04.25 14:56:41.164,1.2489,1.249,2.51,3.82
2016.04.25 14:56:41.772,1.2489,1.24899,2.51,1.00
2016.04.25 14:56:42.941,1.2489,1.24899,1.95,1.37
2016.04.25 14:56:43.446,1.2489,1.24899,1.76,2.00
2016.04.25 14:56:43.951,1.24889,1.24899,1.39,3.07
2016.04.25 14:56:44.545,1.2489,1.24898,1.31,1.45
2016.04.25 14:56:44.648,1.24891,1.249,2.25,1.27
2016.04.25 14:56:45.964,1.24892,1.249,2.40,1.57
2016.04.25 14:56:46.395,1.24892,1.249,2.59,2.21
2016.04.25 14:56:46.598,1.24891,1.24899,2.44,1.00
2016.04.25 14:56:46.902,1.24893,1.24902,2.32,3.26
2016.04.25 14:56:47.447,1.24893,1.24902,4.20,1.20
2016.04.25 14:56:48.947,1.24898,1.24903,1.00,1.95
2016.04.25 14:56:49.100,1.249,1.24908,4.39,1.25
2016.04.25 14:56:49.639,1.24901,1.24909,1.87,1.12
2016.04.25 14:56:49.892,1.24901,1.24909,1.32,4.01
2016.04.25 14:56:50.426,1.24901,1.24908,2.40,1.37
2016.04.25 14:56:51.096,1.249,1.24906,1.07,1.12
2016.04.25 14:56:51.422,1.24898,1.24906,1.50,2.62
2016.04.25 14:56:51.726,1.24898,1.24906,1.50,1.87
2016.04.25 14:56:52.130,1.24904,1.24907,1.00,2.25
2016.04.25 14:56:52.283,1.24907,1.2491,1.69,2.62
2016.04.25 14:56:52.334,1.24905,1.24911,1.57,1.87
2016.04.25 14:56:52.586,1.24903,1.24908,1.87,1.00
2016.04.25 14:56:53.026,1.24903,1.2491,1.50,1.00
2016.04.25 14:56:53.550,1.24902,1.24911,2.02,1.12
2016.04.25 14:56:54.070,1.24902,1.24912,3.52,2.25
2016.04.25 14:56:55.256,1.24902,1.24912,3.15,1.50
2016.04.25 14:56:55.408,1.24907,1.24912,1.00,1.50
2016.04.25 14:56:55.711,1.2491,1.24913,1.00,1.10
2016.04.25 14:56:55.863,1.24909,1.24915,1.00,1.12
2016.04.25 14:56:56.379,1.24909,1.24916,1.00,3.90
2016.04.25 14:56:56.531,1.24911,1.24917,1.00,4.87
2016.04.25 14:56:56.834,1.24914,1.24917,1.00,1.10
2016.04.25 14:56:57.095,1.24914,1.24919,1.00,3.52
2016.04.25 14:56:57.146,1.24914,1.24919,1.00,3.52
2016.04.25 14:56:57.650,1.24914,1.24919,1.00,3.90
2016.04.25 14:56:58.732,1.24914,1.24919,1.00,1.65
2016.04.25 14:56:58.883,1.24912,1.24919,1.00,1.20
2016.04.25 14:56:59.089,1.24914,1.24918,1.00,1.12
2016.04.25 14:56:59.393,1.2491,1.24917,1.50,4.57
2016.04.25 14:56:59.824,1.2491,1.24916,1.00,1.57
2016.04.25 14:57:00.231,1.24913,1.24916,1.00,1.57
2016.04.25 14:57:00.384,1.24912,1.24919,1.00,1.27
2016.04.25 14:57:00.687,1.2491,1.24919,1.27,2.02
2016.04.25 14:57:00.788,1.2491,1.24917,2.32,1.47
2016.04.25 14:57:01.674,1.2491,1.24917,1.00,2.70
2016.04.25 14:57:02.179,1.2491,1.24917,1.50,3.07
2016.04.25 14:57:02.730,1.24909,1.24916,1.50,1.95
2016.04.25 14:57:03.684,1.24909,1.24916,1.00,1.57
2016.04.25 14:57:04.189,1.24908,1.24916,1.00,1.47
2016.04.25 14:57:04.492,1.24905,1.24912,1.00,2.44
2016.04.25 14:57:05.013,1.24903,1.2491,3.07,1.87
2016.04.25 14:57:05.317,1.24895,1.24903,1.12,4.31
2016.04.25 14:57:05.418,1.24894,1.24902,1.00,1.09
2016.04.25 14:57:05.672,1.24892,1.24898,2.44,1.19
2016.04.25 14:57:05.981,1.24892,1.249,2.62,1.01
2016.04.25 14:57:06.487,1.24893,1.249,1.00,1.01
2016.04.25 14:57:06.588,1.24894,1.24901,4.12,3.64
2016.04.25 14:57:06.802,1.24894,1.24903,1.87,5.06
2016.04.25 14:57:07.307,1.24894,1.249,1.00,1.12
2016.04.25 14:57:07.812,1.24892,1.249,4.12,2.44
2016.04.25 14:57:07.964,1.24891,1.24899,1.25,1.09
2016.04.25 14:57:08.116,1.2489,1.24896,5.02,1.12
2016.04.25 14:57:08.268,1.24889,1.24898,4.76,1.76
2016.04.25 14:57:08.420,1.24889,1.24898,3.26,1.76
2016.04.25 14:57:08.926,1.24888,1.24895,1.25,1.46
2016.04.25 14:57:09.589,1.24887,1.24895,1.87,1.09
2016.04.25 14:57:10.094,1.2489,1.24897,1.00,6.82
2016.04.25 14:57:10.196,1.24888,1.24897,1.20,5.70
2016.04.25 14:57:10.247,1.24888,1.24893,1.95,1.00
2016.04.25 14:57:10.298,1.24888,1.24896,1.20,4.31
2016.04.25 14:57:10.399,1.24888,1.24897,3.52,2.21
2016.04.25 14:57:11.453,1.24889,1.24897,1.37,2.06
2016.04.25 14:57:11.831,1.24888,1.24896,1.00,1.09
2016.04.25 14:57:12.403,1.24889,1.24896,1.00,1.20
2016.04.25 14:57:12.941,1.24886,1.24896,6.37,2.02
2016.04.25 14:57:13.396,1.24886,1.24894,1.00,2.25
2016.04.25 14:57:13.498,1.24885,1.24891,1.57,1.00
2016.04.25 14:57:13.549,1.24885,1.24893,1.57,1.12
2016.04.25 14:57:14.060,1.24884,1.24892,5.89,1.00
2016.04.25 14:57:14.857,1.24884,1.24893,2.89,1.12
2016.04.25 14:57:15.456,1.24884,1.24894,4.39,2.32
2016.04.25 14:57:15.963,1.24884,1.24893,3.34,1.65
2016.04.25 14:57:16.510,1.24885,1.24893,3.82,2.32
2016.04.25 14:57:16.914,1.24886,1.24895,3.94,3.00
2016.04.25 14:57:17.166,1.24886,1.24894,1.50,1.37
2016.04.25 14:57:17.318,1.24885,1.24894,1.20,3.15
2016.04.25 14:57:17.845,1.24884,1.24894,4.12,2.40
2016.04.25 14:57:18.148,1.24885,1.24892,2.40,1.00
2016.04.25 14:57:18.300,1.24885,1.24894,5.96,2.02
2016.04.25 14:57:18.352,1.24888,1.24894,1.69,1.65
2016.04.25 14:57:18.554,1.24889,1.24897,1.12,1.57
2016.04.25 14:57:18.756,1.24889,1.24897,3.15,1.00
2016.04.25 14:57:19.009,1.2489,1.24896,3.75,1.20
2016.04.25 14:57:19.464,1.24889,1.24895,1.00,1.87
2016.04.25 14:57:19.946,1.24886,1.24894,3.37,2.51
2016.04.25 14:57:20.300,1.24885,1.24891,1.50,1.20
2016.04.25 14:57:20.351,1.24883,1.24891,1.56,2.32
2016.04.25 14:57:20.654,1.24885,1.24891,1.37,1.20
2016.04.25 14:57:21.176,1.24885,1.24893,4.12,2.62
2016.04.25 14:57:21.682,1.24886,1.24892,1.12,1.12
2016.04.25 14:57:22.089,1.24884,1.24892,1.50,1.50
2016.04.25 14:57:22.139,1.24884,1.2489,1.50,1.00
2016.04.25 14:57:22.645,1.24885,1.24892,1.12,2.81
2016.04.25 14:57:22.903,1.24885,1.24893,1.87,4.12
2016.04.25 14:57:23.105,1.24883,1.24892,2.25,2.62
2016.04.25 14:57:23.627,1.24884,1.24891,3.00,1.57
2016.04.25 14:57:24.178,1.24885,1.24892,1.87,1.20
2016.04.25 14:57:24.585,1.24883,1.24891,1.20,1.00
2016.04.25 14:57:25.091,1.24883,1.24892,1.20,2.40
2016.04.25 14:57:25.353,1.24883,1.24892,1.00,4.50
2016.04.25 14:57:25.858,1.24882,1.2489,1.00,4.27
2016.04.25 14:57:26.615,1.24881,1.2489,1.65,3.15
2016.04.25 14:57:26.918,1.24883,1.2489,1.00,3.90
2016.04.25 14:57:27.434,1.24882,1.2489,1.87,3.52
2016.04.25 14:57:27.944,1.24882,1.2489,3.34,3.34
2016.04.25 14:57:28.499,1.24883,1.2489,1.62,2.44
2016.04.25 14:57:29.042,1.24882,1.24891,4.09,1.87
2016.04.25 14:57:29.550,1.24884,1.24891,3.15,1.50
2016.04.25 14:57:29.600,1.24884,1.24893,3.15,3.37
2016.04.25 14:57:30.098,1.24889,1.24894,1.00,1.00
2016.04.25 14:57:30.402,1.24891,1.24897,1.00,1.00
2016.04.25 14:57:30.503,1.24891,1.249,1.22,3.00
2016.04.25 14:57:30.806,1.2489,1.24899,2.06,1.37
2016.04.25 14:57:31.110,1.2489,1.24899,2.81,1.12
2016.04.25 14:57:31.314,1.24891,1.24898,3.00,1.50
2016.04.25 14:57:31.873,1.24892,1.24899,1.20,1.00
2016.04.25 14:57:32.658,1.24892,1.249,1.19,1.57
2016.04.25 14:57:33.178,1.24892,1.24898,1.12,1.00
2016.04.25 14:57:33.532,1.24893,1.249,1.12,1.87
2016.04.25 14:57:34.562,1.24892,1.249,2.21,1.87
2016.04.25 14:57:34.664,1.24892,1.24899,1.29,1.57
2016.04.25 14:57:34.766,1.24889,1.24898,4.46,2.25
2016.04.25 14:57:35.272,1.24894,1.24896,1.50,1.65
2016.04.25 14:57:35.425,1.24894,1.24898,1.00,1.50
2016.04.25 14:57:35.728,1.24895,1.249,1.50,1.20
2016.04.25 14:57:36.032,1.24895,1.24903,1.37,1.45
2016.04.25 14:57:36.561,1.24897,1.24904,1.00,3.75
2016.04.25 14:57:36.763,1.24895,1.24903,2.40,1.12
2016.04.25 14:57:36.865,1.24894,1.24903,3.94,1.50
2016.04.25 14:57:37.168,1.24892,1.24898,1.31,1.87
2016.04.25 14:57:37.219,1.24892,1.24898,1.31,1.10
2016.04.25 14:57:37.725,1.24893,1.24898,2.51,1.50
2016.04.25 14:57:37.776,1.24894,1.24898,1.62,1.00
2016.04.25 14:57:37.827,1.24897,1.24902,1.25,3.37
2016.04.25 14:57:37.929,1.24897,1.24902,1.25,1.50
2016.04.25 14:57:38.030,1.24898,1.24904,1.46,1.00
2016.04.25 14:57:38.238,1.24898,1.24906,1.84,1.65
2016.04.25 14:57:38.289,1.24901,1.24906,1.19,1.65
2016.04.25 14:57:38.797,1.24903,1.24908,1.25,2.70
2016.04.25 14:57:39.344,1.24903,1.24907,1.25,1.20
2016.04.25 14:57:39.597,1.24899,1.24907,1.56,2.70
2016.04.25 14:57:39.749,1.24899,1.24907,2.44,1.10
2016.04.25 14:57:40.053,1.24905,1.24911,1.31,2.70
2016.04.25 14:57:40.577,1.24905,1.24912,2.44,3.37
2016.04.25 14:57:40.900,1.24908,1.24912,1.25,1.00
2016.04.25 14:57:41.052,1.24906,1.24913,1.20,1.50
2016.04.25 14:57:41.590,1.24904,1.24912,2.44,1.50
2016.04.25 14:57:42.096,1.24904,1.24913,2.06,2.77
2016.04.25 14:57:42.249,1.24904,1.24912,1.39,1.12
2016.04.25 14:57:42.556,1.24907,1.24913,1.39,1.12
2016.04.25 14:57:42.760,1.24907,1.24915,2.44,3.90
2016.04.25 14:57:42.963,1.24907,1.24913,1.19,2.25
2016.04.25 14:57:43.468,1.24906,1.24914,1.84,1.20
2016.04.25 14:57:44.015,1.24907,1.24913,1.31,1.00
2016.04.25 14:57:44.419,1.24909,1.24915,1.25,4.50
2016.04.25 14:57:44.969,1.24908,1.24917,1.94,6.00
2016.04.25 14:57:45.392,1.2491,1.24916,1.56,1.57
2016.04.25 14:57:45.875,1.2491,1.24918,2.14,1.57
2016.04.25 14:57:46.027,1.2491,1.24916,1.76,1.50
2016.04.25 14:57:46.445,1.24914,1.24916,1.00,1.50
2016.04.25 14:57:46.648,1.24914,1.2492,2.44,3.00
2016.04.25 14:57:46.699,1.24914,1.2492,1.69,1.50
2016.04.25 14:57:46.863,1.24916,1.2492,1.25,1.50
2016.04.25 14:57:47.629,1.24913,1.24922,2.51,3.75
2016.04.25 14:57:48.141,1.24914,1.24921,2.25,1.07
2016.04.25 14:57:48.445,1.24916,1.24922,1.12,1.87
2016.04.25 14:57:48.942,1.24919,1.24923,1.00,1.87
2016.04.25 14:57:48.994,1.24922,1.24924,1.00,1.12
2016.04.25 14:57:49.353,1.24918,1.24925,1.69,1.45
2016.04.25 14:57:49.712,1.24918,1.24924,1.31,1.20
2016.04.25 14:57:50.318,1.24917,1.24925,1.69,3.00
2016.04.25 14:57:50.673,1.24916,1.24923,1.31,3.00
2016.04.25 14:57:50.775,1.24917,1.24923,1.19,2.32
2016.04.25 14:57:50.826,1.2492,1.24923,1.25,2.70
2016.04.25 14:57:51.028,1.24917,1.24921,2.06,1.00
2016.04.25 14:57:51.467,1.24917,1.24923,1.69,2.02
2016.04.25 14:57:51.569,1.24918,1.24925,1.31,4.95
2016.04.25 14:57:52.228,1.24918,1.24925,1.56,1.10
2016.04.25 14:57:52.329,1.24918,1.24923,1.19,1.00
2016.04.25 14:57:52.481,1.24918,1.24925,1.19,1.57
2016.04.25 14:57:52.986,1.24919,1.24925,1.19,3.45
2016.04.25 14:57:53.896,1.24918,1.24926,1.31,2.62
2016.04.25 14:57:54.048,1.24918,1.24923,1.19,1.50
2016.04.25 14:57:54.346,1.24913,1.24918,1.10,1.00
2016.04.25 14:57:54.548,1.24915,1.24919,1.56,1.20
2016.04.25 14:57:54.700,1.24916,1.24922,3.71,1.50
2016.04.25 14:57:55.255,1.24917,1.24924,1.25,2.32
2016.04.25 14:57:55.306,1.24916,1.24925,3.26,3.37
2016.04.25 14:57:55.863,1.24916,1.24924,3.19,1.50
2016.04.25 14:57:56.370,1.24918,1.24926,2.44,1.12
2016.04.25 14:57:56.472,1.24918,1.24926,2.81,2.62
2016.04.25 14:57:56.725,1.24919,1.24927,1.75,2.22
2016.04.25 14:57:57.079,1.24924,1.24928,1.19,1.65
2016.04.25 14:57:57.281,1.24922,1.24928,3.94,1.65
2016.04.25 14:57:57.433,1.24922,1.2493,2.44,2.97
2016.04.25 14:57:57.888,1.24923,1.2493,3.94,1.00
2016.04.25 14:57:58.422,1.24923,1.24932,5.06,4.32
2016.04.25 14:57:58.727,1.24926,1.24935,3.19,3.52
2016.04.25 14:57:59.945,1.24927,1.24937,3.71,6.19
2016.04.25 14:58:00.248,1.24931,1.24937,1.19,5.07
2016.04.25 14:58:00.755,1.24928,1.24936,1.84,1.20
2016.04.25 14:58:01.058,1.24932,1.24937,1.19,5.07
2016.04.25 14:58:01.361,1.24929,1.24937,2.44,2.82
2016.04.25 14:58:02.641,1.2493,1.24935,2.06,1.00
2016.04.25 14:58:02.793,1.24931,1.24937,1.31,1.12
2016.04.25 14:58:02.996,1.24934,1.24938,1.19,2.32
2016.04.25 14:58:03.249,1.24932,1.24938,3.19,2.32
2016.04.25 14:58:03.350,1.24936,1.24938,1.25,2.25
2016.04.25 14:58:03.502,1.24934,1.2494,1.31,1.00
2016.04.25 14:58:04.007,1.24935,1.24942,1.25,1.50
2016.04.25 14:58:04.472,1.24936,1.24943,1.19,3.07
2016.04.25 14:58:05.079,1.24936,1.24942,1.69,1.12
2016.04.25 14:58:06.527,1.24936,1.24942,1.31,4.74
2016.04.25 14:58:06.981,1.24939,1.24941,1.25,1.07
2016.04.25 14:58:07.133,1.24941,1.24943,1.25,2.25
2016.04.25 14:58:07.438,1.24941,1.24944,1.25,1.10
2016.04.25 14:58:07.989,1.24941,1.24943,1.25,1.00
2016.04.25 14:58:08.404,1.24938,1.24943,1.25,1.00
2016.04.25 14:58:08.656,1.24936,1.24941,1.50,1.00
2016.04.25 14:58:09.002,1.24934,1.24937,1.31,1.12
2016.04.25 14:58:09.305,1.24933,1.2494,1.69,1.12
2016.04.25 14:58:09.843,1.24933,1.2494,3.94,1.50
2016.04.25 14:58:10.348,1.24936,1.24941,1.56,1.50
2016.04.25 14:58:11.493,1.2494,1.24942,1.25,1.50
2016.04.25 14:58:12.012,1.2494,1.24942,1.25,1.20
2016.04.25 14:58:12.540,1.24938,1.24942,1.31,1.10
2016.04.25 14:58:12.843,1.24936,1.24938,1.12,1.07
2016.04.25 14:58:13.198,1.24935,1.24937,2.81,1.20
2016.04.25 14:58:13.502,1.24937,1.24939,1.37,2.25
2016.04.25 14:58:13.604,1.24935,1.24937,1.12,1.37
2016.04.25 14:58:13.707,1.24933,1.24939,1.76,1.75
2016.04.25 14:58:13.809,1.24936,1.2494,1.07,1.50
2016.04.25 14:58:14.012,1.24933,1.2494,3.94,2.25
2016.04.25 14:58:14.316,1.24934,1.24937,1.31,2.25
2016.04.25 14:58:14.367,1.24933,1.24937,1.12,3.00
2016.04.25 14:58:14.468,1.2493,1.24935,3.56,1.07
2016.04.25 14:58:15.232,1.2493,1.24935,1.69,1.07
2016.04.25 14:58:15.334,1.24934,1.24936,1.25,1.12
2016.04.25 14:58:15.486,1.24935,1.24939,1.62,1.95
2016.04.25 14:58:15.587,1.24935,1.24941,2.06,1.10
2016.04.25 14:58:15.638,1.24935,1.24942,2.81,2.70
2016.04.25 14:58:15.987,1.24938,1.24942,1.69,1.50
2016.04.25 14:58:16.523,1.24938,1.24943,1.56,1.20
2016.04.25 14:58:16.978,1.2494,1.24944,1.62,1.50
2016.04.25 14:58:17.488,1.2494,1.24944,1.25,1.50
2016.04.25 14:58:18.080,1.24942,1.24944,2.06,1.10
2016.04.25 14:58:18.250,1.24942,1.24946,2.44,1.50
2016.04.25 14:58:18.402,1.24944,1.24946,1.31,1.00
2016.04.25 14:58:18.453,1.24944,1.24949,1.31,2.25
2016.04.25 14:58:18.757,1.24946,1.24949,1.25,1.65
2016.04.25 14:58:18.860,1.24947,1.24952,1.31,4.12
2016.04.25 14:58:19.399,1.24947,1.24953,1.31,3.07
2016.04.25 14:58:20.057,1.24948,1.24952,1.56,1.10
2016.04.25 14:58:20.362,1.24953,1.24955,1.00,4.64
2016.04.25 14:58:20.533,1.24956,1.24959,1.19,1.03
2016.04.25 14:58:20.838,1.24957,1.24963,1.69,2.32
2016.04.25 14:58:20.939,1.2496,1.24963,1.19,2.65
2016.04.25 14:58:21.735,1.24962,1.24964,1.19,1.10
2016.04.25 14:58:22.039,1.24959,1.24963,1.69,1.19
2016.04.25 14:58:22.140,1.24961,1.24965,1.19,4.87
2016.04.25 14:58:22.662,1.24961,1.24965,1.19,1.10
2016.04.25 14:58:22.966,1.24961,1.24964,1.25,2.58
2016.04.25 14:58:23.572,1.24961,1.24964,1.19,2.65
2016.04.25 14:58:25.320,1.24961,1.24965,1.19,2.47
2016.04.25 14:58:25.878,1.24962,1.24965,1.19,1.20
2016.04.25 14:58:26.181,1.24961,1.24965,1.19,4.60
2016.04.25 14:58:26.232,1.24961,1.24964,1.19,1.27
2016.04.25 14:58:26.485,1.24959,1.24964,1.19,3.29
2016.04.25 14:58:26.890,1.24956,1.24962,1.19,1.34
2016.04.25 14:58:26.991,1.24958,1.24962,1.19,1.34
2016.04.25 14:58:27.295,1.24955,1.24958,1.25,1.57
2016.04.25 14:58:27.345,1.24953,1.24958,1.19,1.65
2016.04.25 14:58:27.884,1.24955,1.24959,1.19,1.26
2016.04.25 14:58:28.195,1.24955,1.24958,1.25,6.52
2016.04.25 14:58:28.844,1.24955,1.24958,1.19,1.57
2016.04.25 14:58:28.997,1.24951,1.24958,1.69,3.59
2016.04.25 14:58:29.504,1.24951,1.24955,1.19,1.10
2016.04.25 14:58:30.012,1.2495,1.24956,1.31,3.14
2016.04.25 14:58:30.518,1.2495,1.24955,1.31,2.25
2016.04.25 14:58:31.174,1.24948,1.24954,1.19,1.20
2016.04.25 14:58:31.528,1.2495,1.24954,1.19,1.20
2016.04.25 14:58:32.048,1.24951,1.24955,1.19,1.10
2016.04.25 14:58:34.733,1.24952,1.24955,1.31,1.10
2016.04.25 14:58:35.239,1.2495,1.24954,1.00,3.37
2016.04.25 14:58:35.746,1.2495,1.24955,1.69,2.32
2016.04.25 14:58:35.848,1.24951,1.24955,2.06,1.07
2016.04.25 14:58:35.950,1.24953,1.24957,1.31,1.20
2016.04.25 14:58:36.052,1.24953,1.24959,1.69,1.65
2016.04.25 14:58:36.204,1.24953,1.24958,1.19,2.62
2016.04.25 14:58:37.694,1.24952,1.24958,1.31,1.57
2016.04.25 14:58:38.138,1.24955,1.24958,1.31,1.87
2016.04.25 14:58:38.240,1.24955,1.24959,1.19,1.07
2016.04.25 14:58:38.747,1.24954,1.24959,1.69,1.95
2016.04.25 14:58:39.250,1.24954,1.24959,1.94,1.10
2016.04.25 14:58:39.554,1.24959,1.24961,1.19,1.00
2016.04.25 14:58:39.605,1.24959,1.24961,1.19,1.00
2016.04.25 14:58:40.112,1.24959,1.24961,1.25,1.19
2016.04.25 14:58:40.647,1.24959,1.24963,1.69,1.10
2016.04.25 14:58:41.002,1.24961,1.24964,1.69,1.57
2016.04.25 14:58:41.298,1.24961,1.24967,2.44,2.06
2016.04.25 14:58:41.552,1.24958,1.24963,1.69,1.00
2016.04.25 14:58:41.907,1.24962,1.24964,1.00,1.12
2016.04.25 14:58:42.110,1.2496,1.24966,3.19,1.20
2016.04.25 14:58:42.617,1.2496,1.24966,3.19,1.69
2016.04.25 14:58:42.870,1.24962,1.24966,1.19,1.69
2016.04.25 14:58:43.073,1.2496,1.24966,1.69,1.69
2016.04.25 14:58:43.835,1.2496,1.24966,2.44,2.81
2016.04.25 14:58:44.188,1.2496,1.24967,2.81,3.94
2016.04.25 14:58:44.289,1.24962,1.24967,1.19,3.94
2016.04.25 14:58:44.643,1.2496,1.24967,2.81,3.94
2016.04.25 14:58:45.149,1.2496,1.24965,1.25,2.25
2016.04.25 14:58:45.405,1.24962,1.24965,1.00,1.50
2016.04.25 14:58:45.507,1.24963,1.24967,1.00,2.25
2016.04.25 14:58:45.961,1.24964,1.24968,1.19,3.75
2016.04.25 14:58:46.536,1.24964,1.24968,1.12,2.32
2016.04.25 14:58:46.689,1.24961,1.24968,2.44,3.07
2016.04.25 14:58:46.790,1.24961,1.24968,2.06,3.37
2016.04.25 14:58:47.296,1.24963,1.24967,1.00,1.75
2016.04.25 14:58:47.701,1.24964,1.24969,1.00,3.00
2016.04.25 14:58:47.752,1.24965,1.24968,1.19,1.10
2016.04.25 14:58:48.056,1.24964,1.24969,1.87,2.40
2016.04.25 14:58:48.409,1.24964,1.24968,1.19,3.00
2016.04.25 14:58:48.460,1.24962,1.24968,1.19,3.00
2016.04.25 14:58:48.662,1.24962,1.24965,1.69,1.00
2016.04.25 14:58:49.170,1.24962,1.24966,1.00,1.57
2016.04.25 14:58:49.676,1.24963,1.24967,1.31,1.12
2016.04.25 14:58:49.981,1.24965,1.24969,1.69,1.65
2016.04.25 14:58:50.487,1.24966,1.2497,1.19,1.57
2016.04.25 14:58:51.028,1.24966,1.2497,1.19,1.10
2016.04.25 14:58:51.566,1.24965,1.2497,1.69,1.10
2016.04.25 14:58:52.161,1.24965,1.24968,1.19,2.62
2016.04.25 14:58:52.211,1.24963,1.24968,2.25,2.62
2016.04.25 14:58:52.717,1.24962,1.24968,1.69,1.50
2016.04.25 14:58:52.767,1.24965,1.24968,1.19,1.50
2016.04.25 14:58:53.020,1.24965,1.24971,1.69,1.00
2016.04.25 14:58:53.290,1.24964,1.24971,1.69,1.12
2016.04.25 14:58:53.798,1.24965,1.2497,1.25,1.10
2016.04.25 14:58:54.322,1.24965,1.24971,1.19,1.20
2016.04.25 14:58:55.402,1.24966,1.24971,1.69,1.20
2016.04.25 14:58:56.557,1.24966,1.24971,1.69,1.10
2016.04.25 14:58:57.162,1.24967,1.24971,1.19,1.00
2016.04.25 14:58:57.718,1.24965,1.24971,3.00,1.20
2016.04.25 14:58:58.260,1.24965,1.2497,1.69,1.00
2016.04.25 14:58:59.687,1.24965,1.24969,2.44,1.50
2016.04.25 14:59:00.513,1.24966,1.24969,1.00,1.20
2016.04.25 14:59:01.892,1.24965,1.2497,1.50,2.25
2016.04.25 14:59:02.427,1.24965,1.24969,1.50,1.50
2016.04.25 14:59:03.115,1.24965,1.24969,1.50,1.20
2016.04.25 14:59:03.670,1.24967,1.2497,1.00,1.87
2016.04.25 14:59:04.187,1.24967,1.24971,1.00,1.87
2016.04.25 14:59:04.642,1.24965,1.2497,1.00,1.10
2016.04.25 14:59:04.811,1.24963,1.24967,1.31,1.00
2016.04.25 14:59:05.117,1.2496,1.24965,1.00,1.87
2016.04.25 14:59:05.622,1.2496,1.24964,1.00,1.50
2016.04.25 14:59:06.128,1.24959,1.24964,1.12,1.50
2016.04.25 14:59:06.633,1.2496,1.24965,1.00,1.07
2016.04.25 14:59:07.797,1.24961,1.24965,1.00,1.57
2016.04.25 14:59:08.212,1.24964,1.24967,1.00,1.01
2016.04.25 14:59:08.314,1.24965,1.24968,1.00,1.50
2016.04.25 14:59:08.830,1.24965,1.24968,2.44,1.00
2016.04.25 14:59:09.335,1.24966,1.24971,1.00,5.25
2016.04.25 14:59:10.018,1.24965,1.24969,1.69,1.25
2016.04.25 14:59:10.321,1.24967,1.2497,1.00,1.29
2016.04.25 14:59:10.372,1.24967,1.24971,1.00,1.20
2016.04.25 14:59:10.915,1.24967,1.24972,1.00,1.10
2016.04.25 14:59:12.076,1.24967,1.24974,1.25,1.76
2016.04.25 14:59:12.695,1.24967,1.24972,1.10,1.00
2016.04.25 14:59:13.070,1.24968,1.24974,3.00,1.32
2016.04.25 14:59:13.525,1.24971,1.24975,1.00,3.19
2016.04.25 14:59:13.677,1.2497,1.24977,1.00,1.01
2016.04.25 14:59:13.729,1.2497,1.24977,1.50,1.76
2016.04.25 14:59:14.323,1.24969,1.24978,3.07,2.51
2016.04.25 14:59:14.827,1.24969,1.24976,3.07,1.00
2016.04.25 14:59:15.182,1.24971,1.24979,2.51,2.25
2016.04.25 14:59:15.249,1.24972,1.24979,1.47,1.07
2016.04.25 14:59:15.758,1.24971,1.24979,3.19,1.27
2016.04.25 14:59:17.257,1.24971,1.2498,3.94,3.75
2016.04.25 14:59:17.590,1.24975,1.24982,2.51,1.12
2016.04.25 14:59:17.641,1.24975,1.24983,3.34,2.02
2016.04.25 14:59:17.995,1.24982,1.24985,1.00,1.65
2016.04.25 14:59:18.319,1.24989,1.24993,1.00,2.62
2016.04.25 14:59:18.371,1.24987,1.24994,1.00,4.57
2016.04.25 14:59:18.626,1.24987,1.24992,1.00,1.07
2016.04.25 14:59:18.931,1.24981,1.24988,6.19,1.07
2016.04.25 14:59:19.084,1.2498,1.24988,4.31,1.87
2016.04.25 14:59:19.338,1.2498,1.24986,1.69,1.50
2016.04.25 14:59:19.390,1.24978,1.24986,2.44,3.19
2016.04.25 14:59:19.542,1.24977,1.24981,1.20,1.50
2016.04.25 14:59:19.746,1.24972,1.24981,3.94,4.50
2016.04.25 14:59:19.798,1.24972,1.2498,2.51,1.20
2016.04.25 14:59:20.154,1.24973,1.24981,3.56,1.50
2016.04.25 14:59:20.403,1.24975,1.24983,3.07,1.20
2016.04.25 14:59:20.707,1.24974,1.2498,1.69,1.00
2016.04.25 14:59:21.212,1.24977,1.24982,1.12,2.89
2016.04.25 14:59:21.526,1.24978,1.24983,1.07,1.37
2016.04.25 14:59:22.031,1.24977,1.24983,1.50,3.75
2016.04.25 14:59:22.386,1.24975,1.24982,1.50,1.50
2016.04.25 14:59:22.690,1.24973,1.24976,1.20,1.50
2016.04.25 14:59:22.892,1.24968,1.24973,1.20,1.00
2016.04.25 14:59:23.397,1.24966,1.24973,1.50,1.00
2016.04.25 14:59:23.945,1.24966,1.24972,1.50,1.12
2016.04.25 14:59:24.634,1.24966,1.24973,1.50,2.81
2016.04.25 14:59:25.140,1.24965,1.24973,1.39,3.45
2016.04.25 14:59:25.648,1.24964,1.24972,1.95,2.70
2016.04.25 14:59:26.117,1.24964,1.24968,1.07,1.00
2016.04.25 14:59:26.218,1.24961,1.24967,1.00,1.50
2016.04.25 14:59:26.762,1.24959,1.24966,2.51,1.07
2016.04.25 14:59:27.319,1.24962,1.24968,1.69,1.76
2016.04.25 14:59:27.421,1.24963,1.24969,1.00,1.20
2016.04.25 14:59:27.935,1.24962,1.24968,1.26,1.00
2016.04.25 14:59:28.447,1.24961,1.24968,3.07,1.00
2016.04.25 14:59:28.649,1.24962,1.24968,1.57,1.00
2016.04.25 14:59:28.953,1.24961,1.24968,3.26,1.00
2016.04.25 14:59:29.157,1.24962,1.24966,1.10,1.00
2016.04.25 14:59:29.461,1.24964,1.24969,2.25,2.32
2016.04.25 14:59:29.765,1.24962,1.24965,1.00,1.00
2016.04.25 14:59:29.816,1.2496,1.24965,1.10,1.00
2016.04.25 14:59:29.974,1.2496,1.24965,1.85,1.00
2016.04.25 14:59:30.480,1.2496,1.24967,1.95,1.57
2016.04.25 14:59:30.985,1.24962,1.24967,1.57,1.00
2016.04.25 14:59:31.288,1.24962,1.24967,2.14,1.00
2016.04.25 14:59:31.339,1.24963,1.24969,1.25,1.95
2016.04.25 14:59:32.104,1.24962,1.24969,1.01,1.57
2016.04.25 14:59:32.156,1.24963,1.24969,1.25,1.57
2016.04.25 14:59:32.662,1.24962,1.24968,1.76,1.10
2016.04.25 14:59:33.271,1.24962,1.24968,1.85,1.10
2016.04.25 14:59:33.783,1.24962,1.24967,3.82,1.00
2016.04.25 14:59:33.834,1.24962,1.24967,3.45,1.00
2016.04.25 14:59:34.361,1.24962,1.24968,2.51,1.10
2016.04.25 14:59:34.893,1.24962,1.24968,2.51,1.10
2016.04.25 14:59:35.164,1.24962,1.24966,2.14,1.00
2016.04.25 14:59:35.712,1.24961,1.24967,1.20,1.57
2016.04.25 14:59:36.218,1.24961,1.24968,1.20,1.50
2016.04.25 14:59:37.643,1.2496,1.24969,2.25,2.77
2016.04.25 14:59:37.997,1.2496,1.24967,3.00,1.00
2016.04.25 14:59:39.450,1.2496,1.24967,1.20,1.07
2016.04.25 14:59:39.955,1.24958,1.24966,4.31,1.50
2016.04.25 14:59:40.386,1.24959,1.24966,1.20,1.50
2016.04.25 14:59:40.843,1.24961,1.24966,1.39,1.50
2016.04.25 14:59:41.197,1.24961,1.24968,1.90,2.32
2016.04.25 14:59:41.929,1.24961,1.24968,1.90,1.07
2016.04.25 14:59:42.438,1.24962,1.24968,1.00,1.07
2016.04.25 14:59:42.540,1.24961,1.24968,2.04,1.07
2016.04.25 14:59:42.844,1.24961,1.24969,3.14,1.20
2016.04.25 14:59:43.046,1.24961,1.24967,2.39,1.00
2016.04.25 14:59:43.248,1.24957,1.24965,2.84,1.20
2016.04.25 14:59:43.400,1.24958,1.24965,1.37,1.57
2016.04.25 14:59:43.936,1.24958,1.24966,1.20,1.57
2016.04.25 14:59:44.938,1.2496,1.24966,1.00,1.07
2016.04.25 14:59:45.497,1.2496,1.24967,1.10,3.00
2016.04.25 14:59:45.800,1.24962,1.24967,1.00,1.57
2016.04.25 14:59:46.010,1.24961,1.24968,3.00,1.50
2016.04.25 14:59:46.519,1.2496,1.24968,2.51,2.32
2016.04.25 14:59:47.028,1.24962,1.24968,1.12,3.82
2016.04.25 14:59:47.131,1.24966,1.24968,1.08,1.07
2016.04.25 14:59:47.232,1.24966,1.24973,1.23,6.37
2016.04.25 14:59:47.435,1.24969,1.24974,1.39,1.07
2016.04.25 14:59:47.537,1.24969,1.24976,1.83,2.89
2016.04.25 14:59:47.689,1.24969,1.24974,1.83,1.07
2016.04.25 14:59:47.790,1.24969,1.24976,1.83,2.44
2016.04.25 14:59:48.708,1.2497,1.24976,1.39,1.20
2016.04.25 14:59:49.442,1.2497,1.24977,1.23,4.50
2016.04.25 14:59:49.949,1.24969,1.24977,3.70,4.50
2016.04.25 14:59:50.627,1.2497,1.24977,2.02,1.50
2016.04.25 14:59:50.931,1.24979,1.24983,1.00,1.84
2016.04.25 14:59:51.083,1.24976,1.24984,1.10,4.57
2016.04.25 14:59:51.588,1.24975,1.24983,3.19,1.00
2016.04.25 14:59:52.098,1.24979,1.24983,1.00,1.00
2016.04.25 14:59:52.251,1.24979,1.24986,1.12,3.00
2016.04.25 14:59:52.454,1.24978,1.24984,1.75,1.16
2016.04.25 14:59:52.506,1.24977,1.24984,2.21,1.64
2016.04.25 14:59:52.655,1.24975,1.24982,1.76,1.34
2016.04.25 14:59:52.756,1.24973,1.2498,2.14,1.12
2016.04.25 14:59:53.261,1.24973,1.2498,1.56,1.50
2016.04.25 14:59:53.974,1.24973,1.2498,1.69,1.50
2016.04.25 14:59:54.482,1.24973,1.2498,2.06,1.50
2016.04.25 14:59:54.786,1.24974,1.2498,1.94,1.07
2016.04.25 14:59:54.938,1.24976,1.24984,1.09,3.89
2016.04.25 14:59:54.989,1.24976,1.24984,2.59,3.89
2016.04.25 14:59:55.362,1.24979,1.24986,1.46,3.62
2016.04.25 14:59:56.019,1.24979,1.24986,2.89,1.00
2016.04.25 14:59:56.274,1.2498,1.24987,3.64,2.14
2016.04.25 14:59:56.613,1.24986,1.24993,1.57,1.20
2016.04.25 14:59:57.120,1.24986,1.24994,2.51,2.32
2016.04.25 14:59:57.642,1.24985,1.24993,2.44,1.22
2016.04.25 14:59:57.945,1.24989,1.24994,1.00,3.00
2016.04.25 14:59:58.249,1.24987,1.24996,3.37,5.62
2016.04.25 14:59:58.604,1.24988,1.24997,1.00,2.77
2016.04.25 14:59:58.717,1.24989,1.24996,1.37,1.50
2016.04.25 14:59:59.400,1.24989,1.24997,3.75,1.50
2016.04.25 14:59:59.703,1.24994,1.24997,1.00,1.50
2016.04.25 14:59:59.885,1.24992,1.24999,1.62,1.32
2016.04.25 14:59:59.987,1.24993,1.25,1.50,1.26
