2012.10.08 19:00:00.254,1.01559,1.01573,1.50,3.71
2012.10.08 19:00:00.373,1.01559,1.01574,1.73,2.44
2012.10.08 19:00:00.552,1.01561,1.01574,1.73,2.44
2012.10.08 19:00:02.024,1.0156,1.01575,1.50,2.48
2012.10.08 19:00:02.586,1.01565,1.01577,1.50,2.48
2012.10.08 19:00:03.073,1.01562,1.01579,3.98,3.60
2012.10.08 19:00:03.131,1.01562,1.01579,3.98,3.60
2012.10.08 19:00:03.633,1.01562,1.01577,2.48,1.50
2012.10.08 19:00:04.074,1.01565,1.01577,1.50,1.50
2012.10.08 19:00:04.433,1.01563,1.01579,1.73,2.48
2012.10.08 19:00:04.493,1.01562,1.01578,3.23,1.73
2012.10.08 19:00:06.255,1.01561,1.01576,2.25,1.73
2012.10.08 19:00:06.814,1.01561,1.01573,1.50,2.48
2012.10.08 19:00:10.372,1.01561,1.01574,1.50,1.50
2012.10.08 19:00:10.962,1.01561,1.01574,1.50,1.50
2012.10.08 19:00:14.111,1.01562,1.01575,1.50,1.73
2012.10.08 19:00:14.837,1.01561,1.01575,1.50,1.73
2012.10.08 19:00:16.112,1.01561,1.01576,1.50,3.98
2012.10.08 19:00:17.862,1.01561,1.01576,2.25,2.48
2012.10.08 19:00:18.428,1.01564,1.01577,2.25,2.48
2012.10.08 19:00:19.202,1.01563,1.01577,1.50,1.73
2012.10.08 19:00:20.433,1.01564,1.01577,3.00,1.73
2012.10.08 19:00:21.077,1.01563,1.01577,1.13,1.73
2012.10.08 19:00:24.172,1.01563,1.01577,1.50,1.73
2012.10.08 19:00:24.352,1.01564,1.01579,3.00,2.48
2012.10.08 19:00:24.613,1.01567,1.01582,1.50,2.48
2012.10.08 19:00:24.973,1.01571,1.01584,1.50,2.48
2012.10.08 19:00:25.395,1.01573,1.01588,1.88,1.54
2012.10.08 19:00:25.582,1.01573,1.01588,2.63,1.54
2012.10.08 19:00:26.359,1.01573,1.01589,2.63,1.73
2012.10.08 19:00:26.884,1.01573,1.01588,2.63,1.73
2012.10.08 19:00:28.243,1.01576,1.01589,1.50,1.73
2012.10.08 19:00:28.606,1.01577,1.01589,1.50,1.50
2012.10.08 19:00:29.892,1.01578,1.01593,2.25,3.23
2012.10.08 19:00:29.953,1.01578,1.01593,3.75,2.48
2012.10.08 19:00:30.012,1.01578,1.01593,3.75,2.48
2012.10.08 19:00:30.193,1.01582,1.01596,1.50,2.85
2012.10.08 19:00:30.552,1.01582,1.01596,2.25,2.48
2012.10.08 19:00:31.302,1.01582,1.01596,2.25,2.48
2012.10.08 19:00:33.274,1.01582,1.01596,2.25,2.48
2012.10.08 19:00:37.653,1.01582,1.01596,1.50,2.48
2012.10.08 19:00:38.372,1.01583,1.01598,1.50,2.48
2012.10.08 19:00:41.694,1.01583,1.01597,1.50,2.48
2012.10.08 19:00:48.632,1.01586,1.01605,1.50,2.48
2012.10.08 19:00:48.753,1.01588,1.01603,1.50,3.98
2012.10.08 19:00:48.873,1.01589,1.01604,1.50,2.25
2012.10.08 19:00:49.494,1.01589,1.01602,1.50,2.48
2012.10.08 19:00:50.052,1.01588,1.01601,1.50,2.25
2012.10.08 19:00:58.963,1.01587,1.01601,1.13,3.23
2012.10.08 19:00:59.082,1.01585,1.01601,1.50,3.98
2012.10.08 19:00:59.614,1.01585,1.01601,2.25,3.23
2012.10.08 19:01:01.025,1.01584,1.01599,3.75,1.50
2012.10.08 19:01:01.635,1.01583,1.01597,1.50,3.23
2012.10.08 19:01:02.232,1.01583,1.01597,1.50,3.23
2012.10.08 19:01:07.661,1.01583,1.01595,1.50,1.73
2012.10.08 19:01:14.552,1.01583,1.01595,1.50,2.48
2012.10.08 19:01:17.014,1.01582,1.01595,1.50,2.48
2012.10.08 19:01:24.562,1.01583,1.01594,1.50,2.25
2012.10.08 19:01:25.342,1.01583,1.01594,1.50,2.25
2012.10.08 19:01:26.494,1.01583,1.01594,1.50,1.50
2012.10.08 19:01:32.822,1.01582,1.01593,2.25,2.25
2012.10.08 19:01:32.942,1.01579,1.01593,2.25,2.25
2012.10.08 19:01:35.434,1.0158,1.01591,1.50,2.25
2012.10.08 19:01:35.503,1.0158,1.01591,1.50,1.50
2012.10.08 19:01:37.857,1.01578,1.01592,1.50,1.50
2012.10.08 19:01:39.242,1.01577,1.0159,2.25,1.50
2012.10.08 19:01:39.554,1.01571,1.01586,4.73,3.00
2012.10.08 19:01:39.672,1.01571,1.01586,3.98,3.00
2012.10.08 19:01:43.023,1.0157,1.01585,1.50,3.00
2012.10.08 19:01:55.992,1.0157,1.01584,3.00,1.50
2012.10.08 19:02:07.312,1.0157,1.01585,2.25,1.13
2012.10.08 19:02:14.773,1.0157,1.01585,2.25,2.25
2012.10.08 19:02:28.663,1.01569,1.01583,2.25,1.50
2012.10.08 19:02:29.179,1.01569,1.01583,1.50,2.25
2012.10.08 19:02:34.272,1.01568,1.01582,1.13,2.25
2012.10.08 19:02:34.393,1.01566,1.0158,2.63,2.48
2012.10.08 19:02:34.944,1.01566,1.0158,2.25,3.23
2012.10.08 19:02:38.354,1.01566,1.0158,2.25,2.48
2012.10.08 19:02:47.582,1.01567,1.01583,1.73,3.23
2012.10.08 19:02:47.642,1.01568,1.01583,1.50,3.23
2012.10.08 19:02:47.946,1.01573,1.01585,1.50,1.50
2012.10.08 19:02:48.269,1.01573,1.01588,3.00,3.00
2012.10.08 19:02:48.587,1.01575,1.01588,2.25,1.73
2012.10.08 19:02:49.144,1.01578,1.0159,1.50,2.63
2012.10.08 19:02:49.503,1.0158,1.01593,1.50,1.13
2012.10.08 19:02:49.571,1.0158,1.01594,1.50,3.75
2012.10.08 19:02:50.108,1.0158,1.01594,1.50,2.25
2012.10.08 19:03:01.563,1.0158,1.01594,2.25,2.25
2012.10.08 19:03:02.713,1.0158,1.01594,2.25,2.25
2012.10.08 19:03:04.294,1.01583,1.01597,1.50,2.63
2012.10.08 19:03:09.312,1.01583,1.01597,1.50,3.75
2012.10.08 19:03:09.624,1.01583,1.01597,4.73,1.50
2012.10.08 19:03:12.613,1.01583,1.01597,2.25,2.48
2012.10.08 19:03:12.991,1.01578,1.0159,1.50,1.50
2012.10.08 19:03:13.053,1.01578,1.0159,1.13,1.50
2012.10.08 19:03:13.293,1.01578,1.0159,1.50,1.50
2012.10.08 19:03:13.413,1.01578,1.01593,2.25,4.73
2012.10.08 19:03:14.243,1.01578,1.0159,2.25,1.50
2012.10.08 19:03:20.234,1.01582,1.0159,1.13,1.50
2012.10.08 19:03:20.353,1.01582,1.01594,1.88,2.25
2012.10.08 19:03:24.533,1.01582,1.01594,1.50,1.50
2012.10.08 19:03:25.634,1.01581,1.01594,1.50,2.25
2012.10.08 19:03:25.814,1.01578,1.01591,1.50,1.50
2012.10.08 19:03:26.993,1.01578,1.01592,1.50,2.25
2012.10.08 19:03:28.694,1.01578,1.01592,1.50,3.00
2012.10.08 19:03:29.240,1.01578,1.01592,1.50,3.98
2012.10.08 19:03:31.678,1.01577,1.01592,3.00,3.23
2012.10.08 19:03:31.805,1.01575,1.01588,1.73,2.25
2012.10.08 19:03:31.863,1.01573,1.01588,3.00,3.23
2012.10.08 19:03:32.223,1.01571,1.01584,1.50,2.25
2012.10.08 19:03:33.332,1.01571,1.01585,1.50,3.23
2012.10.08 19:03:34.182,1.01571,1.01585,1.50,3.23
2012.10.08 19:03:37.590,1.01571,1.01585,1.50,2.48
2012.10.08 19:03:41.879,1.01573,1.01586,2.25,1.50
2012.10.08 19:03:42.020,1.01573,1.01588,2.25,1.73
2012.10.08 19:03:42.384,1.01572,1.01589,3.75,2.85
2012.10.08 19:03:43.032,1.01573,1.01589,1.50,3.60
2012.10.08 19:03:44.333,1.01573,1.01588,1.50,1.35
2012.10.08 19:03:44.434,1.01573,1.01588,1.50,1.35
2012.10.08 19:03:48.562,1.01572,1.01588,3.75,1.35
2012.10.08 19:03:51.142,1.01572,1.01589,3.75,3.60
2012.10.08 19:03:53.685,1.01574,1.01589,1.50,2.85
2012.10.08 19:03:54.223,1.01577,1.0159,3.00,1.50
2012.10.08 19:03:54.403,1.01577,1.01592,3.75,2.10
2012.10.08 19:03:55.872,1.01577,1.01592,3.75,1.73
2012.10.08 19:03:57.123,1.01577,1.0159,1.50,1.50
2012.10.08 19:04:02.894,1.01576,1.0159,1.50,2.25
2012.10.08 19:04:03.601,1.01576,1.0159,1.50,2.48
2012.10.08 19:04:06.294,1.01576,1.01588,1.50,1.50
2012.10.08 19:04:06.653,1.01573,1.01586,2.48,1.50
2012.10.08 19:04:07.182,1.01573,1.01586,1.50,1.73
2012.10.08 19:04:07.684,1.01572,1.01586,1.50,1.73
2012.10.08 19:04:10.697,1.01571,1.01586,3.00,2.48
2012.10.08 19:04:10.767,1.01574,1.01588,1.50,1.73
2012.10.08 19:04:10.835,1.01575,1.01589,1.50,2.10
2012.10.08 19:04:11.484,1.01575,1.01588,1.50,2.48
2012.10.08 19:04:12.463,1.01574,1.01588,1.50,3.23
2012.10.08 19:04:13.374,1.01573,1.01587,1.50,2.25
2012.10.08 19:04:13.674,1.01572,1.01584,1.50,1.50
2012.10.08 19:04:14.662,1.01572,1.01586,1.50,4.13
2012.10.08 19:04:14.965,1.01569,1.01584,1.50,2.10
2012.10.08 19:04:15.023,1.01569,1.01584,1.50,2.10
2012.10.08 19:04:15.083,1.01571,1.01584,1.50,2.10
2012.10.08 19:04:15.612,1.01571,1.01584,3.00,1.13
2012.10.08 19:04:16.273,1.01573,1.01584,1.50,1.13
2012.10.08 19:04:16.455,1.01573,1.01587,1.50,1.73
2012.10.08 19:04:16.983,1.01573,1.01588,2.25,3.98
2012.10.08 19:04:21.502,1.01574,1.01588,1.73,2.25
2012.10.08 19:04:21.623,1.01577,1.01591,1.50,3.00
2012.10.08 19:04:23.994,1.01577,1.0159,2.25,1.50
2012.10.08 19:04:24.114,1.01578,1.01592,1.50,2.48
2012.10.08 19:04:24.725,1.0158,1.01592,1.50,1.50
2012.10.08 19:04:24.967,1.01583,1.01596,1.50,2.48
2012.10.08 19:04:29.900,1.01583,1.01596,2.25,1.73
2012.10.08 19:04:30.143,1.01584,1.01598,1.50,1.73
2012.10.08 19:04:33.954,1.01584,1.01598,2.25,1.73
2012.10.08 19:04:34.014,1.01584,1.01597,1.50,1.73
2012.10.08 19:04:38.946,1.01584,1.01597,1.50,1.73
2012.10.08 19:04:39.014,1.01587,1.01599,1.35,3.23
2012.10.08 19:04:39.135,1.01589,1.016,1.13,1.50
2012.10.08 19:04:39.254,1.01589,1.01602,1.13,3.00
2012.10.08 19:04:39.806,1.0159,1.01604,1.50,2.25
2012.10.08 19:04:40.323,1.01591,1.01604,2.25,1.50
2012.10.08 19:04:48.048,1.01591,1.01604,2.25,1.50
2012.10.08 19:04:54.025,1.01588,1.01601,2.48,1.50
2012.10.08 19:04:54.145,1.01587,1.01598,1.50,1.50
2012.10.08 19:04:54.854,1.01584,1.01598,2.25,3.00
2012.10.08 19:04:55.914,1.01584,1.01598,3.00,1.50
2012.10.08 19:04:56.033,1.01584,1.016,3.00,2.25
2012.10.08 19:04:56.153,1.01584,1.016,3.00,1.50
2012.10.08 19:04:56.464,1.01587,1.016,2.48,1.50
2012.10.08 19:04:57.031,1.01587,1.016,3.23,1.50
2012.10.08 19:04:58.252,1.01587,1.016,3.23,1.50
2012.10.08 19:04:59.884,1.01587,1.016,3.23,1.50
2012.10.08 19:05:16.133,1.01588,1.016,1.50,1.73
2012.10.08 19:05:17.613,1.01585,1.016,3.38,3.23
2012.10.08 19:05:23.643,1.01585,1.016,3.00,3.23
2012.10.08 19:05:24.183,1.01587,1.01601,1.50,1.50
2012.10.08 19:05:25.743,1.01587,1.01599,1.50,1.50
2012.10.08 19:05:34.557,1.01585,1.01599,3.00,1.50
2012.10.08 19:05:43.354,1.01584,1.01597,1.73,1.50
2012.10.08 19:05:43.415,1.01584,1.01597,1.73,1.50
2012.10.08 19:05:45.894,1.01583,1.01597,3.00,1.73
2012.10.08 19:05:46.454,1.01583,1.01597,3.00,1.73
2012.10.08 19:05:49.393,1.01583,1.01597,3.00,1.50
2012.10.08 19:05:49.697,1.01583,1.01597,3.38,1.50
2012.10.08 19:05:52.317,1.01585,1.01597,1.50,1.50
2012.10.08 19:06:04.965,1.01585,1.01598,1.50,1.73
2012.10.08 19:06:08.103,1.01584,1.01598,1.50,3.23
2012.10.08 19:06:14.763,1.01583,1.01598,3.00,3.23
2012.10.08 19:06:28.435,1.01583,1.01594,2.25,1.50
2012.10.08 19:06:28.553,1.01582,1.01594,1.88,1.50
2012.10.08 19:06:29.074,1.01582,1.01594,1.13,1.50
2012.10.08 19:06:29.434,1.01581,1.01594,2.25,1.50
2012.10.08 19:06:30.203,1.01581,1.01594,3.00,1.50
2012.10.08 19:06:33.013,1.01581,1.01594,3.00,1.50
2012.10.08 19:06:33.635,1.01581,1.01594,3.00,1.50
2012.10.08 19:06:38.042,1.01581,1.01594,3.00,1.50
2012.10.08 19:06:38.657,1.01581,1.01594,3.00,1.50
2012.10.08 19:06:56.996,1.01581,1.01594,3.00,1.50
2012.10.08 19:06:57.066,1.01579,1.01593,3.23,3.00
2012.10.08 19:06:57.184,1.01578,1.01591,1.88,1.50
2012.10.08 19:06:57.802,1.01579,1.01591,1.50,1.73
2012.10.08 19:07:09.583,1.01578,1.01593,1.73,3.00
2012.10.08 19:07:12.404,1.01581,1.01594,1.50,1.73
2012.10.08 19:07:12.705,1.01582,1.01596,3.38,1.73
2012.10.08 19:07:13.073,1.01582,1.01596,3.38,1.73
2012.10.08 19:07:19.383,1.01583,1.01596,1.50,1.73
2012.10.08 19:07:20.083,1.01581,1.01594,2.25,1.50
2012.10.08 19:07:20.205,1.01578,1.01591,2.85,1.50
2012.10.08 19:07:20.323,1.01578,1.01591,2.63,1.50
2012.10.08 19:07:21.282,1.01578,1.01591,1.13,1.50
2012.10.08 19:07:22.472,1.01578,1.01591,1.50,1.50
2012.10.08 19:07:23.993,1.01578,1.01593,1.50,1.50
2012.10.08 19:07:42.054,1.0158,1.01594,1.50,1.50
2012.10.08 19:07:42.182,1.0158,1.01595,2.25,3.00
2012.10.08 19:07:42.304,1.01582,1.01595,1.50,1.50
2012.10.08 19:07:42.852,1.01582,1.01597,3.75,2.25
2012.10.08 19:07:46.044,1.01582,1.01596,2.63,1.50
2012.10.08 19:07:46.405,1.0158,1.01593,1.13,2.25
2012.10.08 19:07:46.987,1.0158,1.01593,2.63,2.25
2012.10.08 19:07:54.732,1.01578,1.01593,2.10,2.25
2012.10.08 19:07:56.454,1.01577,1.01592,3.38,1.73
2012.10.08 19:08:04.605,1.01577,1.01592,3.00,1.73
2012.10.08 19:08:05.436,1.01577,1.01592,3.00,1.73
2012.10.08 19:08:07.848,1.01577,1.01592,3.00,1.73
2012.10.08 19:08:19.619,1.01585,1.01593,1.50,1.73
2012.10.08 19:08:20.063,1.01599,1.01605,1.50,1.13
2012.10.08 19:08:20.653,1.01602,1.01609,1.50,1.35
2012.10.08 19:08:20.728,1.01599,1.0161,2.25,1.13
2012.10.08 19:08:21.174,1.01599,1.01613,1.50,2.10
2012.10.08 19:08:21.965,1.01599,1.01613,1.50,1.73
2012.10.08 19:08:22.704,1.01598,1.01613,2.25,1.73
2012.10.08 19:09:33.823,1.016,1.01615,1.50,2.48
2012.10.08 19:09:34.064,1.01602,1.01617,2.25,1.73
2012.10.08 19:09:35.075,1.01602,1.01615,3.00,1.35
2012.10.08 19:09:35.135,1.01602,1.0161,2.25,1.50
2012.10.08 19:09:35.634,1.016,1.0161,1.50,1.73
2012.10.08 19:09:35.814,1.01598,1.0161,1.50,1.50
2012.10.08 19:09:36.373,1.01599,1.0161,1.50,1.50
2012.10.08 19:09:48.463,1.01597,1.0161,3.00,1.73
2012.10.08 19:09:48.995,1.01597,1.01609,1.50,1.50
2012.10.08 19:09:52.706,1.01597,1.01609,1.50,1.50
2012.10.08 19:09:53.243,1.01595,1.0161,2.48,1.50
2012.10.08 19:09:54.443,1.01597,1.0161,1.50,1.50
2012.10.08 19:09:55.084,1.01597,1.0161,1.50,1.50
2012.10.08 19:10:00.733,1.01595,1.0161,3.23,1.50
2012.10.08 19:10:02.003,1.01595,1.0161,3.23,1.50
2012.10.08 19:10:02.854,1.01595,1.0161,3.23,1.50
2012.10.08 19:10:03.453,1.01595,1.0161,3.23,1.50
2012.10.08 19:10:05.443,1.01595,1.0161,2.48,2.25
2012.10.08 19:10:08.688,1.01596,1.0161,1.73,2.25
2012.10.08 19:10:08.943,1.01596,1.0161,1.73,2.25
2012.10.08 19:10:10.135,1.01596,1.0161,1.73,2.25
2012.10.08 19:10:11.704,1.01595,1.0161,3.23,2.25
2012.10.08 19:10:11.766,1.01595,1.0161,3.23,2.25
2012.10.08 19:10:14.364,1.01593,1.01607,2.25,1.50
2012.10.08 19:10:14.923,1.01595,1.0161,1.50,3.60
2012.10.08 19:10:14.984,1.01597,1.0161,1.50,2.10
2012.10.08 19:10:15.342,1.01594,1.0161,1.50,2.85
2012.10.08 19:10:16.134,1.01594,1.01609,1.50,1.50
2012.10.08 19:10:19.172,1.01594,1.01609,1.50,1.50
2012.10.08 19:10:28.305,1.01594,1.01611,2.25,4.73
2012.10.08 19:10:31.333,1.01594,1.01609,3.00,1.35
2012.10.08 19:10:31.634,1.01594,1.01609,2.25,1.73
2012.10.08 19:10:32.173,1.01594,1.01611,3.00,3.98
2012.10.08 19:10:32.694,1.01594,1.0161,3.00,1.73
2012.10.08 19:10:41.484,1.01592,1.01607,1.50,1.73
2012.10.08 19:10:42.047,1.0159,1.01605,4.50,2.85
2012.10.08 19:10:44.684,1.0159,1.01605,3.75,2.85
2012.10.08 19:10:53.044,1.01592,1.01607,3.75,2.48
2012.10.08 19:10:53.284,1.01595,1.01609,2.25,2.63
2012.10.08 19:10:58.296,1.01595,1.01609,1.50,2.25
2012.10.08 19:10:58.833,1.01595,1.01607,1.50,1.50
2012.10.08 19:11:00.685,1.01594,1.01607,1.50,1.88
2012.10.08 19:11:01.224,1.01593,1.01607,1.50,1.13
2012.10.08 19:11:02.286,1.01593,1.01608,1.50,2.48
2012.10.08 19:11:04.135,1.01595,1.01608,1.50,2.25
2012.10.08 19:11:04.346,1.01595,1.01609,1.50,1.50
2012.10.08 19:11:04.883,1.01595,1.0161,1.50,2.85
2012.10.08 19:11:27.653,1.01595,1.0161,1.50,3.23
2012.10.08 19:11:28.285,1.01595,1.01608,1.50,1.50
2012.10.08 19:11:28.786,1.01595,1.01609,1.50,1.50
2012.10.08 19:11:30.434,1.01596,1.01609,1.50,1.50
2012.10.08 19:11:31.001,1.01596,1.01611,3.00,2.48
2012.10.08 19:11:42.075,1.01599,1.01612,2.25,1.73
2012.10.08 19:11:42.196,1.01602,1.01615,2.25,1.50
2012.10.08 19:11:42.314,1.01602,1.01616,2.25,1.73
2012.10.08 19:11:42.863,1.01602,1.01616,1.50,2.48
2012.10.08 19:11:48.615,1.01606,1.01619,1.50,1.73
2012.10.08 19:11:48.674,1.01607,1.0162,2.25,2.63
2012.10.08 19:11:48.735,1.01608,1.0162,1.50,1.13
2012.10.08 19:11:48.794,1.01608,1.01624,3.00,2.48
2012.10.08 19:11:49.574,1.01609,1.01623,1.50,1.50
2012.10.08 19:11:50.193,1.01608,1.01623,2.25,2.25
2012.10.08 19:12:02.045,1.01607,1.01622,1.50,1.50
2012.10.08 19:12:06.744,1.01604,1.01621,4.35,3.23
2012.10.08 19:12:09.803,1.01603,1.01618,3.00,2.48
2012.10.08 19:12:15.554,1.01605,1.0162,1.50,1.73
2012.10.08 19:12:17.745,1.01605,1.01621,1.73,2.48
2012.10.08 19:12:29.843,1.01604,1.0162,3.23,1.50
2012.10.08 19:12:29.966,1.01605,1.01618,1.73,1.50
2012.10.08 19:12:30.508,1.01605,1.0162,3.75,2.25
2012.10.08 19:12:31.405,1.01605,1.0162,3.75,2.25
2012.10.08 19:12:43.989,1.01613,1.01623,1.50,1.73
2012.10.08 19:12:44.117,1.01613,1.01626,1.50,1.73
2012.10.08 19:12:44.188,1.01616,1.01626,2.25,1.73
2012.10.08 19:12:44.261,1.01617,1.01628,2.25,1.50
2012.10.08 19:12:44.328,1.01617,1.0163,2.25,2.63
2012.10.08 19:12:44.833,1.01616,1.0163,1.35,3.38
2012.10.08 19:12:45.144,1.01616,1.0163,1.35,3.38
2012.10.08 19:12:46.147,1.01616,1.0163,3.83,1.88
2012.10.08 19:12:46.444,1.01618,1.01633,1.13,3.75
2012.10.08 19:12:47.868,1.01619,1.01633,1.35,3.00
2012.10.08 19:12:56.953,1.01619,1.01634,2.85,1.50
2012.10.08 19:12:57.524,1.01619,1.01634,3.00,1.73
2012.10.08 19:13:00.673,1.0162,1.01636,1.50,3.60
2012.10.08 19:13:00.855,1.01623,1.01636,1.50,1.88
2012.10.08 19:13:01.464,1.01623,1.01637,1.50,1.50
2012.10.08 19:13:07.396,1.01623,1.01636,1.50,3.00
2012.10.08 19:13:20.365,1.01623,1.01638,3.00,3.98
2012.10.08 19:13:20.425,1.01627,1.01638,1.50,2.48
2012.10.08 19:13:20.987,1.01627,1.01638,1.88,2.25
2012.10.08 19:13:22.763,1.01627,1.01638,1.88,2.25
2012.10.08 19:13:25.681,1.01627,1.01638,3.00,2.25
2012.10.08 19:13:27.118,1.01627,1.01638,1.88,2.25
2012.10.08 19:13:27.184,1.01627,1.01641,1.88,1.50
2012.10.08 19:13:27.817,1.01626,1.0164,2.10,1.50
2012.10.08 19:13:28.364,1.01626,1.0164,3.23,1.50
2012.10.08 19:13:31.864,1.01626,1.0164,2.10,1.50
2012.10.08 19:13:32.962,1.01625,1.0164,1.73,1.50
2012.10.08 19:13:39.745,1.01624,1.01638,2.10,2.25
2012.10.08 19:13:39.803,1.01624,1.01638,1.13,2.25
2012.10.08 19:13:42.033,1.01624,1.01638,2.25,2.25
2012.10.08 19:13:54.544,1.01626,1.0164,1.73,3.00
2012.10.08 19:14:09.495,1.01626,1.01642,1.73,4.13
2012.10.08 19:14:10.084,1.01627,1.01641,1.50,1.50
2012.10.08 19:14:11.500,1.01628,1.01641,1.50,1.50
2012.10.08 19:14:24.054,1.01628,1.01639,1.50,1.50
2012.10.08 19:14:40.765,1.01625,1.01637,3.75,2.25
2012.10.08 19:14:41.184,1.01627,1.01639,1.50,1.50
2012.10.08 19:14:42.306,1.0163,1.01641,1.50,1.50
2012.10.08 19:14:43.224,1.01628,1.01641,3.00,1.50
2012.10.08 19:14:43.344,1.01626,1.0164,2.25,1.50
2012.10.08 19:14:43.853,1.01625,1.0164,3.00,1.73
2012.10.08 19:14:44.183,1.01627,1.0164,1.50,1.73
2012.10.08 19:14:44.485,1.01626,1.01638,1.50,1.50
2012.10.08 19:14:44.843,1.01628,1.01637,1.50,1.50
2012.10.08 19:14:49.075,1.01625,1.01639,3.75,1.50
2012.10.08 19:15:00.545,1.01625,1.0164,3.00,1.50
2012.10.08 19:15:00.606,1.01628,1.0164,1.50,1.50
2012.10.08 19:15:00.905,1.0163,1.01644,3.23,2.25
2012.10.08 19:15:00.964,1.01632,1.01644,1.50,2.25
2012.10.08 19:15:01.265,1.01634,1.01644,1.50,1.50
2012.10.08 19:15:03.034,1.01631,1.0165,1.88,3.75
2012.10.08 19:15:05.674,1.01631,1.01645,1.50,1.50
2012.10.08 19:15:05.974,1.0163,1.01646,1.50,1.50
2012.10.08 19:15:14.325,1.0163,1.01644,1.13,3.23
2012.10.08 19:15:16.265,1.01629,1.01644,2.25,3.23
2012.10.08 19:15:16.324,1.01629,1.01644,1.50,3.98
2012.10.08 19:15:16.805,1.01628,1.01641,1.13,1.50
2012.10.08 19:15:26.406,1.01626,1.01641,2.25,1.88
2012.10.08 19:15:27.233,1.01625,1.01641,3.38,3.23
2012.10.08 19:15:27.294,1.01625,1.0164,2.63,1.73
2012.10.08 19:15:27.414,1.01625,1.01641,3.60,3.00
2012.10.08 19:15:28.055,1.01626,1.01641,2.25,1.50
2012.10.08 19:15:30.214,1.01625,1.0164,5.10,1.50
2012.10.08 19:15:30.274,1.01625,1.0164,4.88,1.73
2012.10.08 19:15:30.334,1.01625,1.0164,3.38,2.48
2012.10.08 19:15:30.605,1.01626,1.01641,3.00,1.50
2012.10.08 19:15:30.724,1.01626,1.01641,3.00,1.50
2012.10.08 19:15:34.464,1.01626,1.01641,3.00,1.50
2012.10.08 19:15:38.577,1.01626,1.01641,1.50,2.63
2012.10.08 19:15:38.706,1.01624,1.01637,3.23,1.50
2012.10.08 19:15:39.254,1.01624,1.0164,1.50,3.98
2012.10.08 19:15:39.846,1.01625,1.0164,1.50,2.48
2012.10.08 19:15:47.094,1.01625,1.0164,2.25,1.73
2012.10.08 19:15:47.633,1.01625,1.01641,2.25,1.73
2012.10.08 19:15:48.016,1.01625,1.01641,2.25,1.73
2012.10.08 19:15:48.133,1.01625,1.01641,2.25,1.73
2012.10.08 19:15:48.931,1.01625,1.01641,2.25,1.73
2012.10.08 19:15:50.871,1.01625,1.01641,2.25,1.73
2012.10.08 19:15:57.624,1.01625,1.01641,2.25,1.73
2012.10.08 19:15:58.320,1.01624,1.01638,1.50,1.50
2012.10.08 19:16:10.465,1.01626,1.01638,1.50,2.25
2012.10.08 19:16:10.585,1.01626,1.0164,1.50,1.73
2012.10.08 19:16:10.645,1.01626,1.01642,3.00,1.73
2012.10.08 19:16:10.946,1.01632,1.01645,1.50,1.69
2012.10.08 19:16:11.304,1.01633,1.01648,3.00,2.25
2012.10.08 19:16:11.854,1.01633,1.01648,3.00,1.50
2012.10.08 19:16:12.224,1.01636,1.01648,1.50,1.50
2012.10.08 19:16:13.907,1.01633,1.01648,3.23,1.50
2012.10.08 19:16:15.517,1.01635,1.01649,1.73,1.50
2012.10.08 19:16:15.585,1.01635,1.0165,3.60,3.00
2012.10.08 19:16:17.744,1.01634,1.01649,3.23,1.50
2012.10.08 19:16:18.520,1.01633,1.01648,3.60,1.50
2012.10.08 19:16:22.393,1.01637,1.0165,1.50,2.25
2012.10.08 19:16:22.634,1.01638,1.01653,1.50,1.50
2012.10.08 19:16:23.577,1.01638,1.01655,3.60,3.00
2012.10.08 19:16:29.184,1.01639,1.01652,1.73,1.50
2012.10.08 19:16:30.905,1.01637,1.01652,3.98,3.00
2012.10.08 19:16:31.264,1.01636,1.0165,1.35,2.25
2012.10.08 19:16:31.805,1.01634,1.01649,4.35,1.50
2012.10.08 19:16:33.486,1.01635,1.0165,2.10,1.50
2012.10.08 19:16:46.963,1.01633,1.0165,2.48,3.75
2012.10.08 19:16:49.722,1.01632,1.01647,7.20,1.50
2012.10.08 19:16:50.083,1.01632,1.01647,5.33,1.50
2012.10.08 19:16:50.822,1.01632,1.01647,4.58,2.25
2012.10.08 19:16:50.896,1.01628,1.01642,2.25,1.50
2012.10.08 19:16:56.047,1.01628,1.01639,1.50,1.50
2012.10.08 19:16:56.551,1.01625,1.01639,2.63,1.50
2012.10.08 19:17:00.595,1.01626,1.01641,1.50,2.25
2012.10.08 19:17:03.773,1.01626,1.01641,1.50,1.50
2012.10.08 19:17:04.334,1.01626,1.01641,1.50,2.25
2012.10.08 19:17:07.178,1.01625,1.01639,2.85,1.50
2012.10.08 19:17:11.290,1.01625,1.01639,2.25,1.50
2012.10.08 19:17:12.545,1.01625,1.01639,2.25,1.50
2012.10.08 19:17:13.983,1.01625,1.01639,2.25,1.50
2012.10.08 19:17:21.485,1.01624,1.01639,3.00,3.00
2012.10.08 19:17:26.286,1.01625,1.01639,2.25,1.50
2012.10.08 19:17:30.145,1.01625,1.01639,2.25,1.50
2012.10.08 19:17:34.717,1.01625,1.01641,3.60,3.00
2012.10.08 19:17:37.134,1.01625,1.01639,2.10,1.50
2012.10.08 19:17:43.145,1.01626,1.0164,1.73,1.50
2012.10.08 19:17:47.298,1.01626,1.01639,1.73,1.50
2012.10.08 19:17:49.354,1.01626,1.01639,1.73,1.50
2012.10.08 19:17:52.807,1.01626,1.01639,1.73,1.50
2012.10.08 19:17:55.824,1.01626,1.0164,3.23,1.50
2012.10.08 19:17:59.276,1.01627,1.0164,1.50,1.50
2012.10.08 19:17:59.777,1.01628,1.01641,1.50,2.25
2012.10.08 19:18:00.925,1.01628,1.01643,2.63,1.73
2012.10.08 19:18:01.045,1.01631,1.01643,1.88,1.73
2012.10.08 19:18:01.225,1.01634,1.01648,2.48,1.50
2012.10.08 19:18:01.636,1.01634,1.01649,1.73,3.00
2012.10.08 19:18:03.354,1.01633,1.01648,1.73,1.50
2012.10.08 19:18:03.914,1.01633,1.01648,1.73,1.50
2012.10.08 19:18:05.464,1.01635,1.01648,1.50,1.50
2012.10.08 19:18:08.304,1.01634,1.01648,2.25,1.50
2012.10.08 19:18:08.624,1.01634,1.01648,2.48,1.50
2012.10.08 19:18:08.684,1.01634,1.0165,3.23,1.50
2012.10.08 19:18:15.796,1.01634,1.0165,3.23,1.50
2012.10.08 19:18:26.277,1.01634,1.0165,1.73,2.25
2012.10.08 19:18:26.405,1.01634,1.0165,1.50,2.48
2012.10.08 19:18:26.645,1.01636,1.0165,1.50,2.48
2012.10.08 19:18:28.065,1.01635,1.01648,1.50,1.50
2012.10.08 19:18:28.425,1.01639,1.01651,1.50,2.63
2012.10.08 19:18:28.665,1.01636,1.01651,1.73,2.63
2012.10.08 19:18:33.076,1.01641,1.0165,1.50,1.50
2012.10.08 19:18:33.436,1.01643,1.01654,1.50,1.50
2012.10.08 19:18:34.236,1.01643,1.01654,1.50,1.50
2012.10.08 19:18:38.175,1.01643,1.01654,1.50,1.50
2012.10.08 19:18:40.554,1.0164,1.01654,1.50,1.50
2012.10.08 19:18:40.735,1.01637,1.01653,4.58,1.50
2012.10.08 19:18:41.243,1.0164,1.01653,1.50,1.50
2012.10.08 19:18:45.126,1.01642,1.01653,1.50,1.50
2012.10.08 19:18:45.187,1.01642,1.01655,1.50,1.88
2012.10.08 19:18:45.255,1.01645,1.01655,1.50,1.88
2012.10.08 19:18:47.365,1.01645,1.01658,1.50,2.48
2012.10.08 19:18:48.855,1.01645,1.01656,1.50,1.88
2012.10.08 19:18:48.914,1.01643,1.01656,1.50,1.88
2012.10.08 19:18:49.476,1.01644,1.01656,1.50,1.88
2012.10.08 19:18:50.005,1.01645,1.01656,1.50,1.88
2012.10.08 19:18:52.936,1.01645,1.01653,1.50,1.50
2012.10.08 19:18:53.057,1.01641,1.01653,1.50,1.50
2012.10.08 19:18:53.235,1.01641,1.01653,1.50,1.50
2012.10.08 19:18:53.835,1.01639,1.01653,1.88,3.38
2012.10.08 19:18:53.955,1.01638,1.0165,1.50,1.13
2012.10.08 19:18:54.495,1.01637,1.0165,1.50,2.63
2012.10.08 19:18:57.504,1.01636,1.0165,2.48,1.13
2012.10.08 19:18:57.565,1.01638,1.0165,1.50,1.13
2012.10.08 19:18:58.399,1.01635,1.0165,4.73,1.13
2012.10.08 19:19:00.043,1.01636,1.0165,1.73,1.13
2012.10.08 19:19:00.295,1.01638,1.01652,2.25,2.85
2012.10.08 19:19:00.535,1.01638,1.01652,2.25,1.50
2012.10.08 19:19:01.502,1.01638,1.01651,1.50,1.50
2012.10.08 19:19:01.925,1.01635,1.0165,2.48,2.25
2012.10.08 19:19:05.046,1.01635,1.0165,2.48,2.25
2012.10.08 19:19:07.955,1.01635,1.0165,1.73,2.25
2012.10.08 19:19:08.556,1.01635,1.0165,1.73,2.25
2012.10.08 19:19:14.215,1.01635,1.0165,1.73,2.25
2012.10.08 19:19:14.574,1.01636,1.0165,1.73,2.25
2012.10.08 19:19:15.774,1.01634,1.0165,2.48,3.38
2012.10.08 19:19:16.074,1.01634,1.01648,2.48,1.50
2012.10.08 19:19:16.625,1.01634,1.01649,3.98,1.50
2012.10.08 19:19:17.175,1.01633,1.01648,1.50,3.38
2012.10.08 19:19:17.766,1.01633,1.01648,1.50,3.38
2012.10.08 19:19:19.334,1.01633,1.01648,1.50,3.00
2012.10.08 19:19:20.334,1.01632,1.01648,2.48,3.00
2012.10.08 19:19:23.464,1.01633,1.01648,1.73,1.50
2012.10.08 19:19:24.004,1.01632,1.01647,3.98,2.25
2012.10.08 19:19:24.244,1.01633,1.01647,1.73,1.50
2012.10.08 19:19:24.304,1.01633,1.01649,3.98,3.00
2012.10.08 19:19:24.363,1.01633,1.01649,3.00,3.75
2012.10.08 19:19:24.905,1.01633,1.01649,3.98,2.63
2012.10.08 19:19:34.284,1.01633,1.01649,3.98,2.63
2012.10.08 19:19:43.985,1.0163,1.01643,3.68,1.50
2012.10.08 19:19:44.045,1.0163,1.01643,2.25,2.25
2012.10.08 19:19:44.165,1.01627,1.01641,3.23,1.50
2012.10.08 19:19:49.236,1.01628,1.01642,3.00,1.50
2012.10.08 19:19:49.417,1.0163,1.01644,1.73,1.50
2012.10.08 19:19:49.954,1.0163,1.01645,1.73,5.63
2012.10.08 19:20:27.624,1.0163,1.01644,1.73,1.50
2012.10.08 19:20:28.164,1.0163,1.01644,1.73,1.88
2012.10.08 19:20:30.625,1.0163,1.01645,1.73,2.25
2012.10.08 19:20:34.595,1.0163,1.01644,2.48,1.50
2012.10.08 19:20:35.216,1.0163,1.01643,2.48,1.50
2012.10.08 19:20:50.324,1.01629,1.01643,2.48,1.13
2012.10.08 19:20:50.575,1.01626,1.0164,1.50,1.73
2012.10.08 19:20:51.195,1.01626,1.0164,1.50,1.73
2012.10.08 19:20:51.634,1.01625,1.01639,1.50,2.25
2012.10.08 19:20:52.116,1.01622,1.01636,2.25,1.50
2012.10.08 19:20:52.477,1.0162,1.01633,1.50,2.25
2012.10.08 19:20:53.036,1.0162,1.01631,1.50,1.50
2012.10.08 19:20:53.609,1.0162,1.01631,1.50,1.50
2012.10.08 19:20:54.650,1.0162,1.01631,1.50,1.50
2012.10.08 19:20:55.337,1.01622,1.01632,2.25,1.50
2012.10.08 19:20:55.887,1.01622,1.01632,3.00,1.50
2012.10.08 19:20:56.394,1.01622,1.01636,3.00,1.13
2012.10.08 19:20:56.948,1.01622,1.01636,3.00,1.13
2012.10.08 19:20:57.198,1.01622,1.01636,3.00,1.35
2012.10.08 19:20:57.375,1.01622,1.01635,1.50,1.35
2012.10.08 19:21:01.338,1.01622,1.01635,1.50,1.35
2012.10.08 19:21:02.795,1.01622,1.01636,1.50,1.73
2012.10.08 19:21:02.975,1.01624,1.01637,2.25,1.50
2012.10.08 19:21:09.365,1.01622,1.01635,3.00,1.13
2012.10.08 19:21:09.484,1.01622,1.01634,1.50,1.50
2012.10.08 19:21:11.196,1.01621,1.01634,1.50,2.25
2012.10.08 19:21:12.986,1.01621,1.01634,1.50,2.25
2012.10.08 19:21:13.386,1.01621,1.01634,1.50,1.50
2012.10.08 19:21:14.095,1.01619,1.01633,1.50,2.25
2012.10.08 19:21:14.427,1.01619,1.01633,1.50,2.96
2012.10.08 19:21:16.114,1.01619,1.01632,1.50,1.46
2012.10.08 19:21:18.436,1.01617,1.01631,3.00,1.50
2012.10.08 19:21:18.615,1.01617,1.01631,3.00,1.50
2012.10.08 19:21:22.796,1.01619,1.01631,1.50,1.50
2012.10.08 19:21:22.914,1.0162,1.01631,2.25,1.50
2012.10.08 19:21:24.505,1.0162,1.01631,2.25,1.50
2012.10.08 19:21:39.227,1.01618,1.01632,1.73,1.50
2012.10.08 19:21:43.038,1.01618,1.01631,1.73,2.25
2012.10.08 19:21:45.115,1.01618,1.01632,3.23,1.50
2012.10.08 19:21:45.294,1.01618,1.01631,1.73,2.25
2012.10.08 19:21:52.026,1.01621,1.01635,1.50,3.00
2012.10.08 19:21:52.145,1.01623,1.01635,3.00,2.25
2012.10.08 19:21:52.385,1.01623,1.01638,3.75,1.88
2012.10.08 19:21:52.528,1.01626,1.01638,1.50,1.88
2012.10.08 19:21:52.836,1.01626,1.01639,1.50,3.23
2012.10.08 19:21:52.896,1.01626,1.01638,1.50,1.13
2012.10.08 19:21:53.435,1.01625,1.01639,2.25,1.13
2012.10.08 19:22:02.346,1.01624,1.01638,1.13,1.35
2012.10.08 19:22:03.026,1.01623,1.01637,1.88,1.73
2012.10.08 19:22:03.745,1.01623,1.01637,2.25,1.73
2012.10.08 19:22:04.117,1.01621,1.01635,1.50,2.48
2012.10.08 19:22:04.667,1.01619,1.01633,2.25,3.00
2012.10.08 19:22:05.410,1.0162,1.01633,2.25,2.48
2012.10.08 19:22:06.686,1.0162,1.01633,2.25,1.73
2012.10.08 19:22:08.617,1.0162,1.01633,2.25,1.73
2012.10.08 19:22:14.727,1.0162,1.01632,2.25,1.50
2012.10.08 19:22:14.965,1.01617,1.01632,3.00,2.48
2012.10.08 19:22:16.716,1.01616,1.0163,2.25,1.13
2012.10.08 19:22:16.974,1.01616,1.0163,2.25,1.35
2012.10.08 19:22:18.006,1.01613,1.01624,1.73,2.25
2012.10.08 19:22:18.126,1.01613,1.01623,1.50,1.13
2012.10.08 19:22:18.485,1.0161,1.01622,1.50,1.50
2012.10.08 19:22:18.996,1.01611,1.01623,1.50,1.13
2012.10.08 19:22:19.795,1.01609,1.01624,1.50,2.48
2012.10.08 19:22:19.855,1.01609,1.01622,1.50,1.50
2012.10.08 19:22:20.095,1.01607,1.01622,1.50,2.10
2012.10.08 19:22:23.415,1.01607,1.01622,2.25,1.73
2012.10.08 19:22:28.385,1.01607,1.01622,2.25,1.73
2012.10.08 19:22:28.505,1.01613,1.01625,1.50,3.00
2012.10.08 19:22:28.744,1.01613,1.01626,2.25,1.50
2012.10.08 19:22:29.674,1.01614,1.01626,2.25,1.50
2012.10.08 19:22:32.724,1.01613,1.01626,3.00,1.50
2012.10.08 19:22:37.824,1.01614,1.01626,2.25,1.50
2012.10.08 19:22:37.945,1.01616,1.01628,2.25,1.73
2012.10.08 19:22:39.826,1.01615,1.01628,2.25,1.73
2012.10.08 19:22:40.006,1.01619,1.0163,1.50,2.48
2012.10.08 19:22:40.246,1.01619,1.0163,2.25,2.48
2012.10.08 19:22:45.666,1.01619,1.0163,2.25,1.73
2012.10.08 19:22:46.215,1.01619,1.0163,2.25,1.73
2012.10.08 19:22:51.615,1.01619,1.01632,2.25,1.73
2012.10.08 19:22:52.308,1.0162,1.01632,1.50,1.73
2012.10.08 19:22:55.958,1.0162,1.01635,2.25,2.48
2012.10.08 19:22:56.207,1.01624,1.01638,1.50,2.10
2012.10.08 19:22:56.327,1.01624,1.0164,3.00,1.73
2012.10.08 19:22:56.686,1.01627,1.0164,2.25,1.50
2012.10.08 19:22:56.865,1.01629,1.0164,1.50,1.50
2012.10.08 19:22:57.406,1.0163,1.0164,1.50,1.50
2012.10.08 19:22:58.168,1.01629,1.0164,1.50,1.50
2012.10.08 19:23:01.885,1.01629,1.01644,1.50,3.23
2012.10.08 19:23:18.264,1.01628,1.01644,1.50,3.98
2012.10.08 19:23:35.780,1.01627,1.01641,3.00,1.50
2012.10.08 19:23:43.625,1.01628,1.01642,3.00,1.50
2012.10.08 19:23:50.015,1.01626,1.01641,2.25,2.48
2012.10.08 19:23:50.316,1.01626,1.01639,2.25,1.73
2012.10.08 19:23:52.745,1.01628,1.01642,2.25,3.23
2012.10.08 19:23:52.987,1.0163,1.01644,2.25,3.23
2012.10.08 19:23:53.046,1.01633,1.01644,1.50,3.23
2012.10.08 19:23:53.549,1.01633,1.01644,1.50,1.50
2012.10.08 19:23:56.947,1.01633,1.01645,2.25,1.50
2012.10.08 19:23:57.256,1.01633,1.01644,1.50,1.73
2012.10.08 19:23:57.316,1.0163,1.01644,3.00,1.73
2012.10.08 19:23:59.995,1.0163,1.01643,1.50,2.25
2012.10.08 19:24:00.235,1.01628,1.01643,3.00,3.98
2012.10.08 19:24:00.296,1.01628,1.01642,1.50,1.50
2012.10.08 19:24:04.564,1.01628,1.01642,1.50,1.73
2012.10.08 19:24:24.605,1.01628,1.01641,1.50,1.73
2012.10.08 19:24:26.025,1.01626,1.01641,3.00,3.23
2012.10.08 19:24:28.528,1.01626,1.01639,2.25,1.50
2012.10.08 19:24:28.717,1.01623,1.01639,3.75,2.48
2012.10.08 19:24:28.962,1.01622,1.01636,1.50,2.48
2012.10.08 19:24:29.029,1.0162,1.01634,2.25,1.73
2012.10.08 19:24:29.556,1.0162,1.01634,1.50,1.73
2012.10.08 19:24:31.174,1.01619,1.01634,2.25,1.73
2012.10.08 19:24:31.595,1.01618,1.01632,1.50,1.73
2012.10.08 19:24:33.556,1.01621,1.01632,1.50,1.73
2012.10.08 19:24:33.735,1.01621,1.01634,1.50,2.10
2012.10.08 19:24:34.585,1.01621,1.01634,1.50,1.73
2012.10.08 19:24:35.804,1.01621,1.01634,1.50,1.73
2012.10.08 19:24:38.194,1.0162,1.01635,2.25,3.98
2012.10.08 19:24:48.835,1.01621,1.01635,1.50,2.48
2012.10.08 19:24:49.137,1.01625,1.01636,1.50,1.13
2012.10.08 19:24:49.317,1.01625,1.01639,1.50,3.23
2012.10.08 19:24:49.933,1.01625,1.01639,1.50,3.00
2012.10.08 19:24:50.455,1.01625,1.01639,1.50,3.71
2012.10.08 19:24:56.655,1.01625,1.01639,1.50,2.25
2012.10.08 19:25:00.235,1.01625,1.01639,1.50,3.23
2012.10.08 19:25:00.355,1.01624,1.01637,1.50,2.25
2012.10.08 19:25:00.865,1.01622,1.01637,2.25,3.23
2012.10.08 19:25:01.177,1.01622,1.01637,2.25,3.23
2012.10.08 19:25:02.016,1.01623,1.01637,1.50,2.48
2012.10.08 19:25:02.555,1.01625,1.01639,2.25,1.50
2012.10.08 19:25:02.637,1.01625,1.0164,2.25,3.00
2012.10.08 19:25:02.694,1.01625,1.0164,3.00,2.25
2012.10.08 19:25:11.276,1.01628,1.01641,1.50,1.73
2012.10.08 19:25:11.636,1.01633,1.01646,1.50,1.73
2012.10.08 19:25:12.175,1.01633,1.01646,1.50,1.73
2012.10.08 19:25:13.606,1.01632,1.01646,2.25,1.73
2012.10.08 19:25:15.265,1.0163,1.01645,1.50,1.73
2012.10.08 19:25:15.639,1.0163,1.01645,1.50,1.73
2012.10.08 19:25:18.525,1.01629,1.01645,3.00,2.48
2012.10.08 19:25:20.275,1.01629,1.01644,3.00,1.73
2012.10.08 19:25:20.975,1.01628,1.01641,3.75,1.73
2012.10.08 19:25:21.496,1.0163,1.01643,1.50,2.48
2012.10.08 19:25:25.105,1.01628,1.01641,2.25,1.73
2012.10.08 19:25:34.875,1.01629,1.01641,1.50,1.73
2012.10.08 19:25:34.936,1.01629,1.01643,2.25,3.75
2012.10.08 19:25:35.181,1.01629,1.01643,3.00,2.25
2012.10.08 19:25:35.366,1.01631,1.01646,3.00,3.98
2012.10.08 19:25:38.816,1.01631,1.01646,2.25,4.73
2012.10.08 19:25:38.877,1.01628,1.01642,2.48,1.50
2012.10.08 19:25:39.115,1.01628,1.0164,1.50,1.50
2012.10.08 19:25:39.637,1.01628,1.01643,1.50,3.23
2012.10.08 19:25:41.476,1.01626,1.01643,4.13,3.23
2012.10.08 19:25:44.526,1.0163,1.01643,1.50,1.73
2012.10.08 19:25:44.945,1.01628,1.01642,3.00,1.73
2012.10.08 19:25:54.464,1.01628,1.01642,3.00,1.73
2012.10.08 19:25:58.265,1.01628,1.01641,2.25,1.50
2012.10.08 19:26:15.277,1.01627,1.0164,2.25,1.50
2012.10.08 19:26:15.457,1.01627,1.01639,1.50,1.50
2012.10.08 19:26:15.696,1.01623,1.01636,1.13,1.73
2012.10.08 19:26:17.387,1.01626,1.01637,1.50,1.50
2012.10.08 19:26:17.887,1.01626,1.01638,2.25,1.50
2012.10.08 19:26:32.736,1.01627,1.01641,1.50,3.38
2012.10.08 19:26:33.282,1.01627,1.01639,1.50,1.50
2012.10.08 19:26:46.416,1.01624,1.01638,1.88,4.13
2012.10.08 19:26:46.776,1.01623,1.01635,2.25,1.88
2012.10.08 19:26:47.076,1.0162,1.01633,1.50,1.13
2012.10.08 19:26:52.386,1.0162,1.01633,1.50,1.88
2012.10.08 19:26:54.456,1.0162,1.01633,1.50,1.88
2012.10.08 19:27:00.795,1.01619,1.01632,3.75,1.50
2012.10.08 19:27:00.983,1.01619,1.01633,3.75,2.63
2012.10.08 19:27:01.883,1.01619,1.01633,3.00,1.88
2012.10.08 19:27:04.609,1.01619,1.01633,3.00,1.50
2012.10.08 19:27:14.705,1.01619,1.01633,3.00,2.25
2012.10.08 19:27:20.025,1.01619,1.01633,3.00,2.25
2012.10.08 19:27:34.568,1.01619,1.01633,3.00,1.50
2012.10.08 19:27:35.867,1.01619,1.01633,3.00,1.50
2012.10.08 19:27:40.435,1.01619,1.01633,3.00,1.50
2012.10.08 19:27:44.835,1.01619,1.01633,3.00,1.50
2012.10.08 19:27:45.136,1.01618,1.01634,1.50,2.25
2012.10.08 19:27:45.447,1.01618,1.01634,1.50,2.48
2012.10.08 19:27:45.509,1.01618,1.01634,1.65,2.48
2012.10.08 19:27:47.198,1.0162,1.01636,1.50,2.85
2012.10.08 19:27:53.986,1.01619,1.01636,3.00,3.23
2012.10.08 19:27:54.504,1.01619,1.01636,3.00,3.23
2012.10.08 19:28:04.506,1.01619,1.01634,3.00,1.13
2012.10.08 19:28:09.034,1.01619,1.01635,3.00,1.73
2012.10.08 19:28:15.274,1.0162,1.01636,1.50,3.98
2012.10.08 19:28:15.556,1.01621,1.01636,1.50,2.48
2012.10.08 19:28:15.798,1.01624,1.01637,3.00,1.88
2012.10.08 19:28:15.985,1.01626,1.0164,3.00,2.85
2012.10.08 19:28:16.558,1.01626,1.0164,3.23,1.88
2012.10.08 19:28:21.605,1.01626,1.0164,1.73,4.13
2012.10.08 19:28:35.056,1.01626,1.0164,3.23,1.88
2012.10.08 19:28:44.407,1.01626,1.01641,3.98,3.00
2012.10.08 19:28:47.636,1.01626,1.0164,3.98,1.13
2012.10.08 19:29:00.677,1.01627,1.0164,2.25,1.88
2012.10.08 19:29:01.037,1.01629,1.01644,3.00,3.23
2012.10.08 19:29:01.396,1.01627,1.01642,3.98,2.25
2012.10.08 19:29:01.696,1.01627,1.01642,3.00,3.23
2012.10.08 19:29:02.117,1.01626,1.01638,1.73,1.50
2012.10.08 19:29:06.506,1.01628,1.01638,1.50,1.50
2012.10.08 19:29:06.626,1.01628,1.01642,1.50,3.23
2012.10.08 19:29:06.805,1.01628,1.01642,1.50,3.23
2012.10.08 19:29:09.085,1.01629,1.01642,2.25,2.48
2012.10.08 19:29:10.080,1.01629,1.01643,2.25,1.88
2012.10.08 19:29:10.150,1.01627,1.01642,1.50,1.50
2012.10.08 19:29:13.056,1.01625,1.01642,3.60,2.25
2012.10.08 19:29:13.177,1.01625,1.01642,3.38,2.48
2012.10.08 19:29:13.856,1.01625,1.01638,1.50,1.50
2012.10.08 19:29:14.426,1.01625,1.01638,1.50,2.25
2012.10.08 19:29:21.775,1.01625,1.01638,1.50,1.50
2012.10.08 19:29:32.857,1.01625,1.01638,1.50,1.50
2012.10.08 19:29:33.387,1.01625,1.0164,3.00,2.48
2012.10.08 19:29:33.981,1.01625,1.0164,3.00,2.48
2012.10.08 19:29:34.107,1.01624,1.01638,1.50,1.50
2012.10.08 19:29:36.337,1.01623,1.01638,3.23,2.25
2012.10.08 19:29:42.466,1.01624,1.01638,1.50,2.25
2012.10.08 19:29:42.976,1.01623,1.01638,3.23,3.00
2012.10.08 19:29:43.434,1.01622,1.01636,1.50,1.13
2012.10.08 19:29:43.745,1.01623,1.01636,2.25,1.13
2012.10.08 19:29:44.027,1.01623,1.01638,2.25,2.25
2012.10.08 19:29:53.057,1.01623,1.01636,1.50,2.63
2012.10.08 19:29:54.426,1.01623,1.01636,2.25,2.63
2012.10.08 19:29:54.486,1.01623,1.01636,2.25,2.63
2012.10.08 19:29:54.847,1.01623,1.01636,2.25,2.63
2012.10.08 19:29:54.968,1.01623,1.01636,2.25,2.63
2012.10.08 19:29:55.275,1.01621,1.01634,2.10,1.50
2012.10.08 19:29:55.456,1.01621,1.01636,2.63,2.85
2012.10.08 19:29:55.969,1.01621,1.01635,2.85,1.13
2012.10.08 19:29:56.657,1.01621,1.01635,2.25,1.73
2012.10.08 19:29:57.015,1.01619,1.01633,1.50,1.13
2012.10.08 19:30:01.268,1.01623,1.01633,1.50,1.13
2012.10.08 19:30:01.577,1.01627,1.01639,2.25,1.73
2012.10.08 19:30:02.235,1.01628,1.01642,1.50,2.48
2012.10.08 19:30:10.006,1.01628,1.01641,3.00,1.13
2012.10.08 19:30:10.566,1.01628,1.01642,2.25,2.48
2012.10.08 19:30:21.865,1.01628,1.01642,3.00,1.28
2012.10.08 19:30:22.393,1.01628,1.01642,3.00,1.43
2012.10.08 19:30:24.405,1.01628,1.01642,3.00,1.43
2012.10.08 19:30:26.147,1.01625,1.01641,4.73,1.20
2012.10.08 19:30:29.365,1.01625,1.0164,2.25,1.73
2012.10.08 19:30:29.546,1.01625,1.01639,1.50,1.20
2012.10.08 19:30:30.071,1.01624,1.01638,1.50,1.50
2012.10.08 19:30:36.705,1.01625,1.01638,1.50,1.50
2012.10.08 19:30:40.946,1.01626,1.0164,1.50,1.95
2012.10.08 19:30:41.671,1.01627,1.0164,1.50,1.95
2012.10.08 19:30:43.378,1.01626,1.0164,1.50,2.10
2012.10.08 19:30:52.116,1.01626,1.0164,1.50,1.35
2012.10.08 19:31:02.286,1.01626,1.0164,1.50,1.35
2012.10.08 19:31:04.705,1.01625,1.01639,2.25,1.50
2012.10.08 19:31:05.256,1.01626,1.01639,2.48,1.13
2012.10.08 19:31:06.396,1.01626,1.0164,1.50,3.60
2012.10.08 19:31:06.468,1.01623,1.01639,4.73,1.13
2012.10.08 19:31:07.026,1.01624,1.01639,1.73,1.13
2012.10.08 19:31:07.566,1.01625,1.0164,2.85,1.50
2012.10.08 19:31:08.996,1.01625,1.01639,2.85,2.25
2012.10.08 19:31:09.057,1.01623,1.01637,3.98,1.13
2012.10.08 19:31:09.978,1.01623,1.01637,1.73,3.38
2012.10.08 19:31:10.049,1.0162,1.01634,1.73,1.13
2012.10.08 19:31:14.431,1.01621,1.01634,1.73,1.13
2012.10.08 19:31:26.218,1.01619,1.01633,3.00,1.50
2012.10.08 19:31:26.786,1.01619,1.01634,3.00,1.50
2012.10.08 19:31:26.916,1.01621,1.01634,1.50,1.50
2012.10.08 19:31:27.096,1.01621,1.01635,3.23,1.50
2012.10.08 19:31:27.156,1.01624,1.01637,2.25,1.13
2012.10.08 19:31:27.457,1.01625,1.01639,1.50,3.75
2012.10.08 19:31:27.855,1.01625,1.01639,1.50,3.00
2012.10.08 19:31:34.566,1.01625,1.01639,1.50,3.00
2012.10.08 19:31:52.097,1.01625,1.01639,1.50,3.00
2012.10.08 19:32:04.106,1.01625,1.01639,3.00,2.63
2012.10.08 19:32:13.106,1.01625,1.01639,3.00,1.88
2012.10.08 19:32:19.126,1.01627,1.01641,1.50,1.50
2012.10.08 19:32:23.666,1.01625,1.01639,4.35,1.13
2012.10.08 19:32:24.207,1.01625,1.01639,2.25,1.13
2012.10.08 19:32:24.716,1.01625,1.01639,2.25,1.13
2012.10.08 19:32:50.370,1.01623,1.01637,2.85,1.13
2012.10.08 19:32:50.796,1.01623,1.01637,1.73,2.25
2012.10.08 19:32:51.337,1.01624,1.01637,1.50,1.88
2012.10.08 19:32:51.856,1.01624,1.01637,2.25,1.88
2012.10.08 19:32:54.637,1.01624,1.01636,2.25,1.13
2012.10.08 19:32:55.147,1.01624,1.01637,2.25,1.88
2012.10.08 19:32:55.207,1.01624,1.01637,2.25,1.88
2012.10.08 19:32:56.206,1.01625,1.01637,1.73,1.13
2012.10.08 19:32:59.396,1.01623,1.01639,3.98,2.25
2012.10.08 19:33:00.796,1.01625,1.01639,3.23,1.50
2012.10.08 19:33:01.136,1.01628,1.0164,1.50,1.88
2012.10.08 19:33:01.377,1.01632,1.01644,2.25,1.73
2012.10.08 19:33:02.856,1.01631,1.01644,3.23,1.13
2012.10.08 19:33:05.976,1.01632,1.01644,1.73,1.13
2012.10.08 19:33:06.216,1.01633,1.01648,2.48,1.88
2012.10.08 19:33:18.517,1.01633,1.01648,2.48,1.88
2012.10.08 19:33:21.307,1.01633,1.01648,2.48,1.88
2012.10.08 19:33:30.516,1.01633,1.01648,2.48,2.25
2012.10.08 19:33:31.237,1.01636,1.01648,1.50,2.25
2012.10.08 19:33:31.700,1.01636,1.01646,1.50,1.50
2012.10.08 19:33:31.769,1.01633,1.01646,2.25,1.50
2012.10.08 19:33:38.399,1.01633,1.01645,1.50,1.50
2012.10.08 19:33:38.516,1.0163,1.01643,2.48,1.50
2012.10.08 19:33:39.162,1.01631,1.01643,1.73,1.50
2012.10.08 19:33:53.477,1.01629,1.01642,1.73,1.50
2012.10.08 19:33:53.536,1.01627,1.01642,4.35,1.50
2012.10.08 19:33:54.077,1.01627,1.01641,2.10,3.38
2012.10.08 19:33:54.896,1.01628,1.01641,1.50,1.88
2012.10.08 19:34:09.706,1.01628,1.01641,1.50,1.88
2012.10.08 19:34:12.706,1.01628,1.01641,1.50,1.88
2012.10.08 19:34:14.466,1.01628,1.01641,2.25,1.88
2012.10.08 19:34:18.190,1.01628,1.01641,2.25,1.88
2012.10.08 19:34:18.508,1.01632,1.01644,2.25,1.50
2012.10.08 19:34:19.247,1.01632,1.01645,2.48,1.88
2012.10.08 19:34:22.397,1.01632,1.01645,2.48,1.88
2012.10.08 19:34:22.577,1.0163,1.01643,2.48,1.13
2012.10.08 19:34:22.877,1.01628,1.0164,2.25,1.13
2012.10.08 19:34:29.697,1.01628,1.0164,1.50,1.13
2012.10.08 19:34:30.287,1.01626,1.0164,2.48,1.88
2012.10.08 19:34:30.466,1.01626,1.0164,3.23,1.88
2012.10.08 19:34:30.998,1.01626,1.0164,2.48,1.88
2012.10.08 19:34:35.718,1.01626,1.01639,2.48,1.50
2012.10.08 19:34:36.276,1.01623,1.01637,1.73,2.25
2012.10.08 19:34:37.496,1.01624,1.01637,2.48,1.50
2012.10.08 19:34:42.278,1.01624,1.01637,2.48,1.50
2012.10.08 19:34:45.306,1.01624,1.01637,2.48,1.50
2012.10.08 19:34:46.296,1.01624,1.01639,2.48,3.75
2012.10.08 19:34:47.706,1.01623,1.01636,1.73,1.50
2012.10.08 19:34:48.546,1.01625,1.01639,1.73,3.75
2012.10.08 19:34:49.388,1.01625,1.01639,1.73,3.75
2012.10.08 19:34:54.488,1.01624,1.01639,1.73,3.00
2012.10.08 19:35:01.397,1.01623,1.01636,1.73,2.25
2012.10.08 19:35:11.948,1.01624,1.01638,1.73,3.00
2012.10.08 19:35:14.739,1.01623,1.01638,3.23,3.00
2012.10.08 19:35:17.056,1.01623,1.01638,3.23,3.00
2012.10.08 19:35:21.515,1.01625,1.01638,1.73,2.25
2012.10.08 19:35:22.129,1.01626,1.01639,2.48,1.50
2012.10.08 19:35:22.576,1.01626,1.0164,3.23,1.13
2012.10.08 19:35:30.039,1.01626,1.0164,2.48,1.88
2012.10.08 19:35:30.278,1.01625,1.0164,1.73,4.13
2012.10.08 19:35:50.046,1.01624,1.01638,1.73,1.50
2012.10.08 19:36:50.136,1.01623,1.0164,1.73,2.25
2012.10.08 19:36:55.487,1.01625,1.01639,1.73,1.50
2012.10.08 19:37:01.008,1.01625,1.0164,2.48,3.38
2012.10.08 19:37:01.367,1.01627,1.0164,2.25,1.13
2012.10.08 19:37:17.017,1.01626,1.0164,1.73,1.13
2012.10.08 19:37:20.298,1.01626,1.0164,1.73,1.13
2012.10.08 19:37:21.816,1.01627,1.0164,2.25,1.13
2012.10.08 19:37:22.728,1.01627,1.0164,2.25,1.13
2012.10.08 19:37:25.078,1.01626,1.0164,1.73,1.13
2012.10.08 19:37:26.727,1.01628,1.0164,2.25,1.13
2012.10.08 19:37:26.969,1.0163,1.01642,3.23,1.13
2012.10.08 19:37:27.280,1.01631,1.01645,1.73,4.50
2012.10.08 19:37:27.887,1.01631,1.01645,3.23,2.25
2012.10.08 19:37:28.190,1.01634,1.01646,1.50,1.13
2012.10.08 19:37:28.697,1.01632,1.01647,3.23,3.38
2012.10.08 19:37:29.285,1.01632,1.01647,3.23,2.25
2012.10.08 19:37:33.410,1.01632,1.01645,1.73,1.88
2012.10.08 19:37:33.717,1.01626,1.01641,5.48,1.50
2012.10.08 19:37:34.017,1.01626,1.01641,3.98,2.63
2012.10.08 19:37:46.898,1.01626,1.0164,1.73,1.13
2012.10.08 19:37:55.808,1.0163,1.0164,1.50,1.13
2012.10.08 19:37:56.362,1.0163,1.01642,1.50,1.13
2012.10.08 19:37:57.292,1.01628,1.01642,1.50,1.13
2012.10.08 19:38:00.606,1.01628,1.0164,1.50,1.13
2012.10.08 19:38:00.787,1.01626,1.0164,1.50,1.13
2012.10.08 19:38:01.293,1.01625,1.01639,1.50,3.00
2012.10.08 19:38:01.548,1.01626,1.01639,2.25,1.50
2012.10.08 19:38:02.092,1.01626,1.01639,2.25,1.50
2012.10.08 19:38:02.686,1.01626,1.01639,2.25,1.50
2012.10.08 19:38:04.557,1.01626,1.01641,2.25,4.13
2012.10.08 19:38:05.170,1.01629,1.01641,1.50,2.63
2012.10.08 19:38:05.237,1.01629,1.01641,1.50,1.13
2012.10.08 19:38:07.507,1.0163,1.01641,2.48,1.50
2012.10.08 19:38:07.567,1.01628,1.01641,2.25,1.73
2012.10.08 19:38:08.146,1.01628,1.01641,2.25,1.73
2012.10.08 19:38:15.959,1.01627,1.01641,3.00,1.73
2012.10.08 19:38:34.657,1.01627,1.01641,3.00,1.50
2012.10.08 19:38:35.987,1.01627,1.01641,3.00,2.48
2012.10.08 19:39:04.468,1.01625,1.01639,2.25,1.88
2012.10.08 19:39:09.149,1.01625,1.01639,1.50,1.88
2012.10.08 19:39:10.637,1.01624,1.01638,2.25,1.35
2012.10.08 19:39:10.696,1.01624,1.01638,1.50,1.35
2012.10.08 19:39:16.687,1.01624,1.01637,2.25,1.73
2012.10.08 19:39:17.438,1.01624,1.01635,2.25,1.35
2012.10.08 19:39:17.968,1.01624,1.01635,2.25,1.73
2012.10.08 19:39:19.716,1.0162,1.01635,3.75,1.73
2012.10.08 19:39:45.956,1.0162,1.01635,3.00,2.10
2012.10.08 19:39:52.509,1.01623,1.01635,1.50,1.35
2012.10.08 19:39:53.085,1.01621,1.01636,2.25,3.60
2012.10.08 19:39:53.598,1.01623,1.01636,1.50,1.35
2012.10.08 19:39:54.139,1.01621,1.01636,3.00,2.85
2012.10.08 19:39:57.977,1.01623,1.01636,1.50,1.35
2012.10.08 19:39:58.538,1.01622,1.01636,1.50,1.35
2012.10.08 19:39:59.198,1.01622,1.01637,3.75,1.73
2012.10.08 19:40:00.428,1.01622,1.01636,3.75,1.35
2012.10.08 19:40:03.398,1.01624,1.01636,1.50,1.35
2012.10.08 19:40:04.178,1.01624,1.01638,1.50,2.48
2012.10.08 19:40:05.489,1.01624,1.01636,1.50,1.35
2012.10.08 19:40:06.357,1.01622,1.01636,3.00,1.35
2012.10.08 19:40:06.688,1.01624,1.01638,1.50,1.35
2012.10.08 19:40:07.008,1.01624,1.0164,3.23,2.48
2012.10.08 19:40:07.529,1.01624,1.01641,3.23,4.35
2012.10.08 19:40:13.886,1.01624,1.0164,3.23,1.35
2012.10.08 19:40:13.949,1.01621,1.01635,2.25,3.60
2012.10.08 19:40:14.248,1.01623,1.01636,2.25,1.35
2012.10.08 19:40:14.608,1.01627,1.01639,1.50,1.50
2012.10.08 19:40:14.847,1.01625,1.01639,3.00,1.13
2012.10.08 19:40:14.967,1.01625,1.0164,3.00,2.85
2012.10.08 19:40:15.541,1.01625,1.0164,3.00,2.10
2012.10.08 19:40:39.127,1.01625,1.0164,2.25,2.48
2012.10.08 19:40:40.241,1.01627,1.01641,2.25,1.73
2012.10.08 19:40:40.787,1.01627,1.01641,2.25,1.73
2012.10.08 19:40:46.639,1.01625,1.01641,1.50,3.23
2012.10.08 19:40:53.404,1.01625,1.01641,2.25,3.23
2012.10.08 19:41:13.627,1.01625,1.01641,1.50,3.60
2012.10.08 19:41:16.762,1.01625,1.01641,1.50,3.60
2012.10.08 19:41:16.827,1.01624,1.0164,2.85,1.73
2012.10.08 19:41:25.588,1.01625,1.01641,1.50,4.73
2012.10.08 19:41:26.302,1.01625,1.01641,1.50,3.60
2012.10.08 19:41:26.806,1.01625,1.01641,1.50,4.35
2012.10.08 19:41:34.286,1.01625,1.01641,1.50,4.35
2012.10.08 19:41:44.506,1.01625,1.0164,2.25,1.13
2012.10.08 19:41:56.955,1.01625,1.01637,2.25,1.50
2012.10.08 19:41:59.787,1.01625,1.01639,2.25,3.23
2012.10.08 19:42:00.237,1.01624,1.01638,3.00,1.13
2012.10.08 19:42:03.607,1.01622,1.01637,3.75,1.50
2012.10.08 19:42:04.448,1.01622,1.01637,3.75,2.25
2012.10.08 19:42:05.888,1.01623,1.01637,1.50,2.25
2012.10.08 19:42:06.458,1.01624,1.01639,1.50,4.35
2012.10.08 19:42:08.877,1.01621,1.01638,3.00,2.48
2012.10.08 19:42:09.519,1.0162,1.01635,2.55,2.25
2012.10.08 19:42:09.938,1.01619,1.01633,2.48,2.25
2012.10.08 19:42:10.709,1.01618,1.01633,3.75,2.25
2012.10.08 19:42:11.248,1.01619,1.01633,1.50,2.25
2012.10.08 19:42:17.227,1.01622,1.01635,1.50,1.73
2012.10.08 19:42:17.528,1.01624,1.01636,1.50,1.50
2012.10.08 19:42:17.791,1.01624,1.01639,1.50,3.00
2012.10.08 19:42:18.550,1.01624,1.01639,2.25,2.25
2012.10.08 19:42:23.708,1.01621,1.01638,6.98,3.00
2012.10.08 19:42:25.578,1.01622,1.01638,1.50,3.23
2012.10.08 19:42:27.210,1.01624,1.01638,1.50,2.25
2012.10.08 19:42:32.618,1.01624,1.01639,3.00,3.00
2012.10.08 19:42:37.310,1.01624,1.01639,3.23,3.00
2012.10.08 19:42:39.179,1.01624,1.01639,3.00,3.00
2012.10.08 19:42:43.041,1.01625,1.01639,1.50,2.25
2012.10.08 19:42:46.081,1.01624,1.01639,3.98,2.25
2012.10.08 19:42:47.729,1.01624,1.01639,3.23,3.00
2012.10.08 19:42:50.738,1.01624,1.01639,2.48,3.75
2012.10.08 19:43:14.121,1.01624,1.01639,1.50,3.00
2012.10.08 19:43:14.430,1.01622,1.01637,3.23,2.25
2012.10.08 19:43:14.959,1.01622,1.01637,2.48,2.25
2012.10.08 19:43:16.518,1.01622,1.01637,2.48,3.75
2012.10.08 19:43:16.828,1.01622,1.01635,2.25,2.10
2012.10.08 19:43:17.408,1.0162,1.01635,2.85,4.35
2012.10.08 19:43:31.188,1.0162,1.01635,2.10,2.85
2012.10.08 19:43:31.691,1.01619,1.01634,1.73,1.50
2012.10.08 19:43:33.269,1.01619,1.01636,3.23,2.10
2012.10.08 19:43:33.867,1.01619,1.01636,3.23,2.48
2012.10.08 19:43:34.548,1.01619,1.01636,3.23,2.48
2012.10.08 19:43:35.323,1.01619,1.01635,3.23,1.35
2012.10.08 19:43:36.702,1.01619,1.01635,2.48,1.35
2012.10.08 19:43:47.979,1.01619,1.01635,2.48,1.35
2012.10.08 19:44:00.288,1.01619,1.01635,1.73,1.35
2012.10.08 19:44:06.158,1.01619,1.01634,1.73,1.50
2012.10.08 19:44:06.278,1.01617,1.01631,1.50,1.50
2012.10.08 19:44:06.699,1.01615,1.0163,1.05,1.50
2012.10.08 19:44:07.957,1.01616,1.01631,1.50,2.25
2012.10.08 19:44:08.738,1.01618,1.01631,1.50,1.88
2012.10.08 19:44:09.098,1.01618,1.01632,1.50,1.13
2012.10.08 19:44:10.348,1.01618,1.01632,1.50,1.88
2012.10.08 19:44:12.688,1.01618,1.01632,1.50,1.88
2012.10.08 19:44:15.678,1.01618,1.01632,1.50,1.50
2012.10.08 19:44:16.557,1.01616,1.01631,1.73,1.13
2012.10.08 19:44:17.189,1.01616,1.01631,1.73,1.88
2012.10.08 19:44:21.059,1.01616,1.0163,1.73,1.50
2012.10.08 19:44:22.799,1.01616,1.0163,1.73,1.50
2012.10.08 19:44:28.178,1.01614,1.01628,3.83,1.50
2012.10.08 19:44:29.628,1.01612,1.01629,4.35,3.00
2012.10.08 19:44:39.247,1.01612,1.01629,3.98,2.25
2012.10.08 19:45:05.448,1.01614,1.01629,2.48,3.00
2012.10.08 19:45:13.610,1.01612,1.01628,1.73,3.75
2012.10.08 19:45:28.467,1.01612,1.01628,2.10,3.75
2012.10.08 19:45:29.598,1.01613,1.01628,3.98,1.50
2012.10.08 19:45:30.127,1.01613,1.0163,1.73,3.75
2012.10.08 19:45:30.188,1.01613,1.0163,1.73,3.98
2012.10.08 19:45:31.238,1.01613,1.01628,2.48,1.50
2012.10.08 19:45:35.449,1.01613,1.01627,2.48,1.50
2012.10.08 19:45:36.058,1.01611,1.01626,2.25,2.10
2012.10.08 19:45:40.519,1.01611,1.01625,2.25,1.73
2012.10.08 19:45:40.640,1.01609,1.01625,1.50,2.25
2012.10.08 19:45:40.999,1.0161,1.01624,2.25,1.13
2012.10.08 19:45:43.709,1.01608,1.01623,2.85,1.50
2012.10.08 19:45:44.267,1.01609,1.01625,2.48,1.73
2012.10.08 19:45:45.187,1.01609,1.01626,3.23,4.35
2012.10.08 19:45:45.697,1.01609,1.01626,2.85,3.60
2012.10.08 19:45:51.199,1.01609,1.01626,3.60,2.48
2012.10.08 19:46:00.478,1.01609,1.01626,3.23,2.48
2012.10.08 19:46:00.948,1.01609,1.01626,3.23,3.23
2012.10.08 19:46:05.378,1.01609,1.01626,3.23,3.98
2012.10.08 19:46:07.528,1.01609,1.01626,3.23,3.98
2012.10.08 19:46:08.309,1.01609,1.01623,2.48,1.50
2012.10.08 19:46:08.848,1.01609,1.01623,1.73,3.00
2012.10.08 19:46:10.638,1.01611,1.01621,2.25,1.50
2012.10.08 19:46:11.629,1.01611,1.01622,2.25,1.50
2012.10.08 19:46:14.249,1.0161,1.01625,2.48,3.00
2012.10.08 19:46:14.372,1.01611,1.01626,2.25,1.35
2012.10.08 19:46:14.558,1.01611,1.01625,3.00,1.50
2012.10.08 19:46:15.078,1.01611,1.01626,3.00,2.10
2012.10.08 19:46:24.621,1.01611,1.01626,1.50,3.23
2012.10.08 19:46:34.229,1.0161,1.01624,1.50,1.73
2012.10.08 19:46:34.518,1.0161,1.01624,1.50,1.73
2012.10.08 19:46:36.638,1.01613,1.01624,1.50,1.73
2012.10.08 19:46:42.748,1.01613,1.01624,1.50,1.73
2012.10.08 19:46:44.449,1.01613,1.01624,1.50,1.73
2012.10.08 19:46:45.179,1.01613,1.01624,1.50,1.73
2012.10.08 19:46:52.277,1.01613,1.01625,1.50,2.10
2012.10.08 19:46:54.040,1.0161,1.01625,3.00,2.10
2012.10.08 19:46:59.908,1.0161,1.01624,1.50,3.23
2012.10.08 19:47:00.738,1.0161,1.01624,1.50,2.48
2012.10.08 19:47:01.957,1.0161,1.01624,1.50,2.48
2012.10.08 19:47:02.709,1.0161,1.01624,1.50,2.48
2012.10.08 19:47:03.828,1.01609,1.01624,1.50,3.23
2012.10.08 19:47:03.948,1.01609,1.01621,1.50,1.50
2012.10.08 19:47:07.009,1.01608,1.01621,1.73,2.25
2012.10.08 19:47:07.398,1.0161,1.01621,2.25,2.25
2012.10.08 19:47:07.700,1.01613,1.01623,1.13,1.50
2012.10.08 19:47:07.758,1.01612,1.01623,1.88,1.50
2012.10.08 19:47:07.938,1.01615,1.01624,1.50,1.35
2012.10.08 19:47:08.060,1.01609,1.01624,1.13,1.35
2012.10.08 19:47:08.578,1.01611,1.01624,2.25,1.35
2012.10.08 19:47:08.838,1.01611,1.01624,2.25,1.35
2012.10.08 19:47:24.669,1.01611,1.01625,2.25,1.35
2012.10.08 19:47:25.148,1.01611,1.01625,1.50,1.73
2012.10.08 19:47:25.269,1.01609,1.01621,1.88,1.50
2012.10.08 19:47:25.867,1.01606,1.01621,2.48,1.50
2012.10.08 19:47:26.498,1.01608,1.01623,2.25,4.35
2012.10.08 19:47:31.038,1.01608,1.01622,3.00,1.73
2012.10.08 19:47:34.348,1.01608,1.01622,2.25,1.73
2012.10.08 19:47:37.678,1.01608,1.01622,3.00,1.73
2012.10.08 19:47:40.099,1.01608,1.01622,3.00,2.48
2012.10.08 19:47:40.824,1.01608,1.01622,3.00,2.48
2012.10.08 19:47:46.389,1.01608,1.01622,1.50,3.23
2012.10.08 19:47:47.802,1.01608,1.01622,1.50,3.23
2012.10.08 19:47:48.468,1.01608,1.01622,1.50,3.23
2012.10.08 19:47:49.070,1.01608,1.0162,1.50,1.50
2012.10.08 19:47:52.938,1.01608,1.01622,1.50,1.73
2012.10.08 19:47:53.858,1.01608,1.01623,1.50,2.48
2012.10.08 19:47:54.549,1.01608,1.01623,1.50,2.48
2012.10.08 19:47:54.899,1.01608,1.01622,1.50,2.85
2012.10.08 19:47:55.438,1.01607,1.0162,1.50,1.50
2012.10.08 19:47:55.968,1.01607,1.01621,2.25,1.13
2012.10.08 19:47:56.507,1.01607,1.01621,1.50,1.13
2012.10.08 19:47:58.098,1.01607,1.01621,2.25,1.13
2012.10.08 19:47:58.338,1.0161,1.01621,1.50,1.13
2012.10.08 19:47:58.880,1.0161,1.01623,2.25,1.73
2012.10.08 19:48:06.177,1.01608,1.01623,2.25,1.73
2012.10.08 19:48:08.818,1.01609,1.01623,2.25,1.73
2012.10.08 19:48:12.609,1.01609,1.01623,2.25,1.73
2012.10.08 19:48:13.269,1.01609,1.01623,2.25,1.73
2012.10.08 19:48:13.619,1.01609,1.01624,2.25,2.48
2012.10.08 19:48:27.658,1.01609,1.01623,2.25,1.73
2012.10.08 19:48:37.629,1.01609,1.01621,2.25,1.13
2012.10.08 19:48:38.158,1.01607,1.01621,1.50,1.88
2012.10.08 19:48:39.068,1.01607,1.01621,1.50,1.88
2012.10.08 19:49:11.368,1.01607,1.01621,3.00,1.13
2012.10.08 19:49:14.549,1.01607,1.01621,1.50,1.13
2012.10.08 19:49:15.096,1.01607,1.01622,1.50,2.25
2012.10.08 19:49:15.600,1.01607,1.01622,1.50,2.25
2012.10.08 19:49:30.789,1.01608,1.01623,2.25,3.98
2012.10.08 19:49:32.878,1.01608,1.01623,2.25,4.73
2012.10.08 19:49:33.000,1.01608,1.01623,2.25,4.35
2012.10.08 19:49:33.529,1.01608,1.01623,2.25,4.35
2012.10.08 19:49:34.691,1.01608,1.01623,2.25,4.35
2012.10.08 19:49:34.758,1.01608,1.01623,2.25,3.60
2012.10.08 19:49:44.569,1.01608,1.01623,2.25,4.35
2012.10.08 19:49:44.657,1.01608,1.01623,2.25,3.60
2012.10.08 19:49:52.452,1.01608,1.01623,1.50,3.60
2012.10.08 19:49:52.897,1.01607,1.01619,1.50,1.50
2012.10.08 19:49:53.418,1.01605,1.01619,1.73,2.25
2012.10.08 19:50:00.488,1.01605,1.0162,3.98,2.63
2012.10.08 19:50:04.593,1.01605,1.0162,3.98,2.63
2012.10.08 19:50:08.949,1.01605,1.0162,3.98,2.63
2012.10.08 19:50:14.457,1.01605,1.0162,3.98,2.63
2012.10.08 19:50:14.698,1.01605,1.0162,3.98,2.63
2012.10.08 19:50:24.579,1.01605,1.0162,3.98,2.63
2012.10.08 19:50:24.647,1.01605,1.0162,3.98,2.63
2012.10.08 19:50:32.291,1.01606,1.0162,2.25,2.63
2012.10.08 19:50:34.551,1.01606,1.0162,1.50,2.63
2012.10.08 19:50:54.588,1.01606,1.0162,2.25,2.63
2012.10.08 19:50:57.589,1.01606,1.0162,2.25,2.63
2012.10.08 19:50:58.308,1.01606,1.0162,2.25,2.63
2012.10.08 19:51:03.699,1.01606,1.0162,2.25,1.88
2012.10.08 19:51:14.628,1.01606,1.01622,2.48,1.50
2012.10.08 19:51:14.747,1.01606,1.01622,2.48,2.25
2012.10.08 19:51:15.253,1.01606,1.01622,2.48,2.25
2012.10.08 19:51:18.628,1.01606,1.01621,1.73,1.50
2012.10.08 19:51:19.648,1.01605,1.01621,2.48,1.50
2012.10.08 19:51:24.559,1.01605,1.01621,2.48,1.50
2012.10.08 19:51:25.359,1.01605,1.01621,2.48,1.50
2012.10.08 19:51:34.678,1.01605,1.01621,2.48,1.50
2012.10.08 19:51:35.825,1.01605,1.01621,2.48,1.50
2012.10.08 19:51:42.008,1.01605,1.0162,1.50,1.50
2012.10.08 19:51:44.528,1.01606,1.0162,1.50,1.50
2012.10.08 19:52:04.588,1.01604,1.01619,2.48,1.13
2012.10.08 19:52:14.869,1.01606,1.01619,2.25,1.13
2012.10.08 19:52:24.762,1.01605,1.01619,2.48,1.13
2012.10.08 19:52:34.517,1.01605,1.01619,2.48,1.13
2012.10.08 19:52:44.221,1.01604,1.01619,3.98,1.13
2012.10.08 19:52:54.461,1.01604,1.01618,2.48,2.25
2012.10.08 19:52:58.512,1.01614,1.0162,1.50,2.63
2012.10.08 19:52:58.700,1.01614,1.01629,2.48,1.95
2012.10.08 19:52:58.759,1.01614,1.01627,2.48,1.50
2012.10.08 19:52:58.880,1.01611,1.01626,1.73,1.88
2012.10.08 19:52:58.950,1.0161,1.01626,1.73,2.63
2012.10.08 19:52:59.010,1.0161,1.01625,1.73,1.13
2012.10.08 19:53:14.519,1.01609,1.01625,3.23,2.25
2012.10.08 19:53:14.890,1.01609,1.01625,3.23,2.25
2012.10.08 19:53:15.448,1.01609,1.01623,1.73,1.50
2012.10.08 19:53:15.969,1.0161,1.01625,1.73,3.75
2012.10.08 19:53:17.100,1.0161,1.01624,1.73,1.50
2012.10.08 19:53:20.630,1.01609,1.01624,2.85,3.00
2012.10.08 19:53:20.750,1.01609,1.01623,2.85,1.50
2012.10.08 19:53:21.359,1.01609,1.01624,2.85,3.00
2012.10.08 19:53:21.738,1.01611,1.01624,1.50,1.50
2012.10.08 19:53:49.200,1.01611,1.01624,2.48,1.50
2012.10.08 19:53:49.936,1.01608,1.01624,1.73,2.25
2012.10.08 19:53:50.480,1.01609,1.01624,1.73,2.25
2012.10.08 19:54:05.440,1.01613,1.01626,1.50,1.13
2012.10.08 19:54:05.679,1.01613,1.01627,1.50,1.88
2012.10.08 19:54:12.045,1.01615,1.01627,1.50,1.88
2012.10.08 19:54:12.229,1.01618,1.01632,2.25,1.50
2012.10.08 19:54:13.770,1.01618,1.01633,2.25,3.00
2012.10.08 19:54:28.320,1.01618,1.01633,1.50,1.50
2012.10.08 19:54:40.409,1.01618,1.01633,2.25,1.50
2012.10.08 19:54:52.605,1.01618,1.01633,2.48,1.50
2012.10.08 19:54:52.729,1.01618,1.01634,3.23,2.25
2012.10.08 19:54:57.731,1.0162,1.01633,2.48,1.13
2012.10.08 19:54:57.979,1.01622,1.01635,1.50,1.88
2012.10.08 19:54:58.169,1.01622,1.01635,1.73,1.88
2012.10.08 19:54:58.735,1.01622,1.01637,2.48,2.25
2012.10.08 19:54:59.249,1.01622,1.01637,2.48,2.25
2012.10.08 19:55:00.390,1.01624,1.01638,1.73,1.50
2012.10.08 19:55:00.569,1.01624,1.0164,1.73,3.00
2012.10.08 19:55:00.809,1.01627,1.01641,1.73,2.25
2012.10.08 19:55:01.049,1.01625,1.0164,2.48,1.50
2012.10.08 19:55:01.611,1.01624,1.0164,1.73,3.00
2012.10.08 19:55:03.079,1.01627,1.01641,1.50,1.73
2012.10.08 19:55:04.570,1.0163,1.01642,1.50,1.73
2012.10.08 19:55:04.690,1.01631,1.01646,1.73,1.13
2012.10.08 19:55:05.229,1.01633,1.01647,1.73,1.50
2012.10.08 19:55:18.469,1.01633,1.01648,1.73,3.75
2012.10.08 19:55:22.379,1.01633,1.01648,2.48,3.75
2012.10.08 19:55:35.139,1.01633,1.01648,2.48,4.13
2012.10.08 19:55:36.002,1.01633,1.01647,3.23,1.50
2012.10.08 19:55:36.239,1.01633,1.01648,3.23,2.63
2012.10.08 19:55:37.520,1.01631,1.01645,4.73,1.50
2012.10.08 19:55:41.001,1.01634,1.01645,1.50,1.50
2012.10.08 19:55:41.180,1.01634,1.01647,1.73,2.25
2012.10.08 19:55:47.280,1.01634,1.01645,1.73,1.50
2012.10.08 19:55:47.582,1.0163,1.01641,1.50,1.88
2012.10.08 19:55:47.639,1.01627,1.01641,2.48,1.88
2012.10.08 19:55:47.940,1.01628,1.01643,2.48,2.63
2012.10.08 19:55:48.058,1.01628,1.01643,1.73,3.38
2012.10.08 19:55:51.329,1.01626,1.01637,2.48,1.13
2012.10.08 19:55:51.466,1.01624,1.01638,2.48,2.63
2012.10.08 19:55:51.989,1.01623,1.01638,1.73,2.63
2012.10.08 19:55:52.258,1.01625,1.01638,1.73,2.63
2012.10.08 19:55:52.679,1.01625,1.01641,4.73,1.13
2012.10.08 19:55:53.255,1.0163,1.01642,1.73,1.50
2012.10.08 19:55:53.400,1.0163,1.01644,3.23,1.13
2012.10.08 19:55:53.541,1.0163,1.01644,3.23,1.88
2012.10.08 19:55:53.816,1.01628,1.01641,1.73,2.25
2012.10.08 19:55:54.351,1.01625,1.01639,2.48,1.50
2012.10.08 19:55:58.349,1.01625,1.01641,3.23,1.50
2012.10.08 19:55:58.868,1.01625,1.01642,3.23,3.00
2012.10.08 19:55:59.229,1.01625,1.01639,2.48,1.50
2012.10.08 19:56:02.699,1.01624,1.01639,2.85,2.25
2012.10.08 19:56:02.939,1.01621,1.01634,1.35,2.25
2012.10.08 19:56:14.619,1.01619,1.01632,1.73,1.50
2012.10.08 19:56:14.799,1.01617,1.01632,2.48,2.63
2012.10.08 19:56:29.199,1.01616,1.0163,2.70,1.88
2012.10.08 19:56:30.379,1.01616,1.0163,1.35,1.88
2012.10.08 19:56:31.482,1.01616,1.01629,1.35,1.50
2012.10.08 19:56:36.780,1.01616,1.01629,1.35,1.50
2012.10.08 19:56:42.799,1.01616,1.01629,1.35,1.50
2012.10.08 19:56:43.319,1.01615,1.01629,1.73,1.50
2012.10.08 19:56:46.439,1.01614,1.01627,1.73,1.13
2012.10.08 19:56:46.799,1.01612,1.01626,1.35,1.50
2012.10.08 19:56:47.400,1.01612,1.01626,1.35,1.88
2012.10.08 19:56:53.428,1.01609,1.01625,3.98,1.88
2012.10.08 19:56:53.778,1.01609,1.01623,1.73,1.50
2012.10.08 19:56:56.679,1.01608,1.01622,1.73,2.25
2012.10.08 19:56:57.171,1.01606,1.0162,1.73,3.00
2012.10.08 19:56:57.243,1.01605,1.01619,1.73,1.88
2012.10.08 19:56:57.315,1.01605,1.01619,1.73,1.50
2012.10.08 19:56:57.858,1.01604,1.01619,3.60,2.25
2012.10.08 19:56:59.959,1.01604,1.01618,1.73,2.25
2012.10.08 19:57:00.863,1.01604,1.01619,3.23,3.00
2012.10.08 19:57:01.069,1.01604,1.01617,1.73,1.50
2012.10.08 19:57:01.671,1.01604,1.01618,1.73,2.25
2012.10.08 19:57:02.179,1.01604,1.01619,1.73,1.50
2012.10.08 19:57:02.539,1.01604,1.01617,1.73,1.50
2012.10.08 19:57:02.850,1.01604,1.01619,1.73,1.50
2012.10.08 19:57:03.111,1.01604,1.01617,1.73,1.50
2012.10.08 19:57:03.299,1.01604,1.01619,3.23,3.00
2012.10.08 19:57:03.847,1.01604,1.01618,1.73,1.50
2012.10.08 19:57:05.040,1.01604,1.01617,1.73,1.50
2012.10.08 19:57:05.580,1.01602,1.01617,3.98,2.25
2012.10.08 19:57:06.195,1.01602,1.01618,1.73,2.25
2012.10.08 19:57:07.299,1.01601,1.01618,3.83,4.13
2012.10.08 19:57:07.420,1.01601,1.01615,3.08,1.50
2012.10.08 19:57:09.280,1.01601,1.01615,1.73,2.63
2012.10.08 19:57:11.529,1.016,1.01615,2.48,3.38
2012.10.08 19:57:11.872,1.016,1.01614,2.48,1.50
2012.10.08 19:57:12.420,1.01599,1.01613,1.73,1.88
2012.10.08 19:57:17.850,1.01599,1.01611,1.73,1.50
2012.10.08 19:57:18.100,1.01597,1.01611,2.10,2.25
2012.10.08 19:57:19.109,1.01597,1.01611,1.73,2.25
2012.10.08 19:57:19.169,1.01597,1.01609,1.73,1.50
2012.10.08 19:57:19.546,1.01597,1.01611,1.73,2.25
2012.10.08 19:57:19.670,1.01597,1.01611,2.48,2.25
2012.10.08 19:57:20.209,1.01597,1.0161,2.10,1.50
2012.10.08 19:57:34.039,1.01596,1.01611,2.48,3.00
2012.10.08 19:57:39.371,1.01595,1.01609,2.85,1.50
2012.10.08 19:57:40.090,1.01596,1.01611,2.48,4.50
2012.10.08 19:57:46.573,1.01595,1.01609,2.10,1.50
2012.10.08 19:57:47.240,1.01597,1.0161,1.73,1.50
2012.10.08 19:57:47.853,1.01597,1.01611,1.73,1.50
2012.10.08 19:57:48.639,1.016,1.01612,1.73,3.00
2012.10.08 19:57:48.939,1.01602,1.01617,2.48,2.25
2012.10.08 19:57:54.944,1.01602,1.01617,2.48,2.63
2012.10.08 19:57:58.048,1.01602,1.01617,2.48,2.25
2012.10.08 19:58:00.890,1.01606,1.01617,1.50,1.50
2012.10.08 19:58:01.244,1.01606,1.01621,3.23,2.25
2012.10.08 19:58:08.089,1.01606,1.01621,3.23,1.50
2012.10.08 19:58:08.629,1.01606,1.01621,3.60,1.50
2012.10.08 19:58:09.215,1.01606,1.01621,3.23,1.50
2012.10.08 19:58:11.649,1.01606,1.01621,3.23,1.50
2012.10.08 19:58:15.469,1.01606,1.01621,3.23,1.50
2012.10.08 19:58:20.959,1.01607,1.01622,2.25,2.25
2012.10.08 19:58:23.880,1.01607,1.01622,2.25,2.25
2012.10.08 19:58:25.110,1.01607,1.01622,1.88,3.00
2012.10.08 19:58:25.171,1.01604,1.01619,6.23,1.50
2012.10.08 19:58:31.169,1.01605,1.01621,2.48,2.25
2012.10.08 19:58:33.390,1.01604,1.0162,1.73,3.00
2012.10.08 19:58:33.509,1.01602,1.01617,3.98,2.25
2012.10.08 19:58:34.624,1.01602,1.01617,2.48,2.25
2012.10.08 19:58:41.014,1.01601,1.01616,1.73,1.50
2012.10.08 19:58:43.292,1.01601,1.01618,2.48,4.88
2012.10.08 19:58:53.869,1.01601,1.01616,1.73,1.50
2012.10.08 19:59:00.519,1.01601,1.01618,3.23,3.00
2012.10.08 19:59:10.101,1.01601,1.01618,3.60,2.25
2012.10.08 19:59:15.171,1.01602,1.01618,1.73,2.33
2012.10.08 19:59:18.830,1.01602,1.01618,1.73,2.25
2012.10.08 19:59:19.150,1.01602,1.01618,3.60,2.25
2012.10.08 19:59:19.669,1.01605,1.01619,2.48,1.50
2012.10.08 19:59:20.410,1.01604,1.0162,2.48,3.75
2012.10.08 19:59:26.499,1.01604,1.01618,1.73,1.50
2012.10.08 19:59:26.803,1.01604,1.01617,1.73,2.25
2012.10.08 19:59:27.590,1.01603,1.01617,1.73,2.25
2012.10.08 19:59:31.429,1.01603,1.01617,1.73,2.25
2012.10.08 19:59:31.950,1.01604,1.01619,2.48,1.50
2012.10.08 19:59:36.719,1.01604,1.01619,2.48,1.50
2012.10.08 19:59:38.069,1.01603,1.01619,1.73,3.75
2012.10.08 19:59:43.561,1.01604,1.01617,1.50,1.50
2012.10.08 19:59:44.311,1.01602,1.01617,1.73,3.00
2012.10.08 19:59:45.281,1.01602,1.01617,1.73,3.00
2012.10.08 19:59:54.829,1.01602,1.01615,1.50,1.50
