2012.10.17 15:00:00.784,1.03294,1.03306,2.48,4.50
2012.10.17 15:00:01.335,1.03293,1.03306,2.48,3.75
2012.10.17 15:00:01.464,1.03293,1.03306,3.98,3.75
2012.10.17 15:00:02.593,1.03293,1.03306,2.48,1.50
2012.10.17 15:00:03.074,1.03292,1.03305,1.73,3.75
2012.10.17 15:00:03.133,1.03291,1.03305,4.73,4.50
2012.10.17 15:00:03.493,1.03288,1.03298,1.35,1.50
2012.10.17 15:00:03.676,1.03288,1.03299,2.10,1.50
2012.10.17 15:00:03.803,1.03288,1.03299,2.10,1.50
2012.10.17 15:00:04.103,1.03289,1.03299,1.73,1.50
2012.10.17 15:00:04.344,1.0329,1.03302,1.35,2.25
2012.10.17 15:00:04.846,1.0329,1.03303,1.35,2.25
2012.10.17 15:00:04.914,1.0329,1.03304,2.10,1.58
2012.10.17 15:00:05.762,1.0329,1.03304,2.10,3.00
2012.10.17 15:00:06.263,1.03291,1.03305,1.35,2.25
2012.10.17 15:00:06.343,1.03291,1.03305,2.10,2.25
2012.10.17 15:00:07.603,1.03291,1.03306,1.73,1.50
2012.10.17 15:00:07.907,1.03296,1.03311,5.48,3.23
2012.10.17 15:00:08.497,1.03298,1.03312,2.48,3.23
2012.10.17 15:00:08.693,1.03299,1.03313,1.73,1.73
2012.10.17 15:00:09.235,1.03301,1.03315,1.35,1.13
2012.10.17 15:00:09.594,1.03301,1.03312,2.10,1.50
2012.10.17 15:00:09.896,1.03297,1.03312,1.73,1.50
2012.10.17 15:00:11.063,1.03296,1.03312,3.45,1.50
2012.10.17 15:00:11.604,1.03296,1.03311,2.10,2.48
2012.10.17 15:00:11.723,1.03296,1.03311,2.10,2.48
2012.10.17 15:00:12.264,1.03297,1.03313,2.33,2.48
2012.10.17 15:00:12.893,1.033,1.03313,1.73,1.73
2012.10.17 15:00:12.954,1.03301,1.03314,3.98,1.73
2012.10.17 15:00:13.314,1.03303,1.03315,2.48,4.50
2012.10.17 15:00:13.843,1.03303,1.03315,3.98,4.50
2012.10.17 15:00:14.398,1.03304,1.03315,1.35,4.50
2012.10.17 15:00:14.913,1.03303,1.03318,1.73,3.23
2012.10.17 15:00:16.203,1.03303,1.03317,1.73,1.73
2012.10.17 15:00:17.408,1.03302,1.03318,3.23,2.25
2012.10.17 15:00:18.165,1.03304,1.03318,1.73,1.50
2012.10.17 15:00:18.475,1.03309,1.03322,2.48,1.50
2012.10.17 15:00:18.992,1.03308,1.03322,1.73,1.73
2012.10.17 15:00:19.524,1.03308,1.03322,1.73,1.73
2012.10.17 15:00:20.847,1.03308,1.03324,3.98,2.48
2012.10.17 15:00:21.362,1.03312,1.03324,3.98,1.50
2012.10.17 15:00:21.605,1.03313,1.03325,2.33,2.25
2012.10.17 15:00:21.663,1.03313,1.0332,2.10,1.50
2012.10.17 15:00:21.786,1.03311,1.03321,1.50,1.50
2012.10.17 15:00:22.302,1.03308,1.03321,1.12,3.00
2012.10.17 15:00:23.222,1.03306,1.03319,1.73,2.25
2012.10.17 15:00:27.046,1.03302,1.03316,1.73,3.75
2012.10.17 15:00:27.173,1.03302,1.03314,1.50,4.73
2012.10.17 15:00:27.593,1.03301,1.03316,2.13,4.97
2012.10.17 15:00:28.165,1.03303,1.03316,1.73,1.73
2012.10.17 15:00:28.349,1.03305,1.03319,1.73,1.13
2012.10.17 15:00:28.773,1.03307,1.03323,5.48,5.63
2012.10.17 15:00:28.833,1.03307,1.03322,6.23,1.50
2012.10.17 15:00:29.734,1.03306,1.03317,1.50,1.50
2012.10.17 15:00:29.795,1.03306,1.03315,1.73,1.50
2012.10.17 15:00:30.303,1.03302,1.03316,1.35,2.25
2012.10.17 15:00:33.426,1.03301,1.03317,3.23,2.25
2012.10.17 15:00:34.354,1.03307,1.0332,4.73,2.25
2012.10.17 15:00:34.414,1.03307,1.0332,6.26,2.25
2012.10.17 15:00:34.774,1.03312,1.0332,1.35,1.50
2012.10.17 15:00:34.892,1.03311,1.03322,1.73,1.50
2012.10.17 15:00:35.073,1.0331,1.03322,4.35,1.50
2012.10.17 15:00:35.375,1.0331,1.03324,3.98,2.48
2012.10.17 15:00:35.495,1.0331,1.03321,3.98,1.50
2012.10.17 15:00:35.774,1.0331,1.03324,3.98,2.48
2012.10.17 15:00:36.325,1.03311,1.03326,1.35,6.98
2012.10.17 15:00:36.563,1.03311,1.03326,1.35,3.98
2012.10.17 15:00:36.624,1.03317,1.03328,1.50,6.23
2012.10.17 15:00:36.803,1.03318,1.03331,2.10,1.73
2012.10.17 15:00:36.864,1.03318,1.03332,2.51,2.25
2012.10.17 15:00:38.042,1.03318,1.03331,1.73,2.25
2012.10.17 15:00:38.683,1.03316,1.03327,1.73,1.50
2012.10.17 15:00:39.004,1.03313,1.03324,2.48,1.50
2012.10.17 15:00:39.135,1.03313,1.03324,2.48,1.50
2012.10.17 15:00:39.989,1.03313,1.03329,4.38,2.63
2012.10.17 15:00:40.067,1.03315,1.03329,3.60,2.25
2012.10.17 15:00:40.146,1.03317,1.03329,1.73,1.50
2012.10.17 15:00:40.220,1.03319,1.03331,2.48,2.48
2012.10.17 15:00:40.724,1.03319,1.0333,1.73,1.50
2012.10.17 15:00:41.582,1.03318,1.0333,7.01,1.50
2012.10.17 15:00:42.124,1.03318,1.03332,7.01,2.25
2012.10.17 15:00:45.194,1.03319,1.03334,3.08,2.25
2012.10.17 15:00:48.504,1.0332,1.03336,3.23,2.85
2012.10.17 15:00:49.063,1.03319,1.03332,2.48,1.50
2012.10.17 15:00:49.605,1.03319,1.03334,2.48,1.50
2012.10.17 15:00:50.123,1.0332,1.03335,3.83,1.50
2012.10.17 15:00:51.503,1.03319,1.03335,1.73,3.00
2012.10.17 15:00:52.073,1.03319,1.03335,1.73,3.00
2012.10.17 15:00:52.592,1.03318,1.03333,3.23,1.50
2012.10.17 15:00:53.114,1.03318,1.03333,3.23,2.25
2012.10.17 15:00:54.037,1.03318,1.03332,2.48,1.50
2012.10.17 15:00:54.343,1.03317,1.03326,3.75,1.73
2012.10.17 15:00:54.864,1.03317,1.03326,3.75,1.50
2012.10.17 15:00:54.925,1.03313,1.03326,1.73,1.50
2012.10.17 15:00:55.246,1.03314,1.03326,1.73,1.50
2012.10.17 15:00:55.677,1.03316,1.03328,2.48,1.73
2012.10.17 15:00:56.023,1.03317,1.03332,1.73,4.35
2012.10.17 15:00:57.385,1.03318,1.03332,1.73,3.23
2012.10.17 15:00:57.923,1.03318,1.03332,1.73,3.23
2012.10.17 15:00:58.805,1.03319,1.03332,4.73,1.73
2012.10.17 15:00:58.932,1.03319,1.03333,4.73,1.88
2012.10.17 15:00:59.233,1.03323,1.03333,4.73,1.13
2012.10.17 15:00:59.294,1.03324,1.03337,2.48,2.25
2012.10.17 15:00:59.353,1.03324,1.03337,3.98,2.25
2012.10.17 15:00:59.832,1.03326,1.0334,1.35,2.48
2012.10.17 15:01:00.765,1.03326,1.0334,1.35,2.25
2012.10.17 15:01:02.703,1.03327,1.0334,2.10,1.73
2012.10.17 15:01:02.823,1.03328,1.0334,1.73,1.50
2012.10.17 15:01:02.884,1.03331,1.03348,1.58,2.48
2012.10.17 15:01:02.944,1.03331,1.03348,2.33,2.25
2012.10.17 15:01:03.303,1.03336,1.03346,1.35,4.50
2012.10.17 15:01:03.853,1.03339,1.03348,1.73,3.75
2012.10.17 15:01:03.987,1.0334,1.03351,2.48,1.50
2012.10.17 15:01:04.234,1.0334,1.03354,2.48,3.75
2012.10.17 15:01:05.313,1.0334,1.03352,1.73,1.50
2012.10.17 15:01:06.523,1.03339,1.03352,4.73,1.88
2012.10.17 15:01:06.706,1.03336,1.03347,2.88,3.75
2012.10.17 15:01:06.893,1.03336,1.03343,2.88,1.50
2012.10.17 15:01:07.134,1.03336,1.03346,2.13,2.48
2012.10.17 15:01:07.253,1.03336,1.03346,1.38,1.73
2012.10.17 15:01:07.829,1.03335,1.03347,1.73,2.10
2012.10.17 15:01:08.974,1.03335,1.03347,1.73,2.85
2012.10.17 15:01:09.098,1.03331,1.03345,3.23,3.98
2012.10.17 15:01:09.224,1.03331,1.03344,1.50,3.23
2012.10.17 15:01:09.829,1.03328,1.03341,2.85,1.73
2012.10.17 15:01:10.204,1.0333,1.03341,1.73,1.50
2012.10.17 15:01:10.793,1.0333,1.03342,1.73,1.73
2012.10.17 15:01:11.114,1.0333,1.03342,1.73,1.50
2012.10.17 15:01:12.254,1.03331,1.03343,3.23,1.50
2012.10.17 15:01:12.314,1.03331,1.03345,3.23,1.73
2012.10.17 15:01:13.696,1.03332,1.03347,1.73,1.73
2012.10.17 15:01:14.254,1.03332,1.03347,1.73,1.73
2012.10.17 15:01:15.024,1.03333,1.03343,1.73,1.50
2012.10.17 15:01:15.504,1.03331,1.03342,2.48,2.25
2012.10.17 15:01:15.625,1.0333,1.03342,3.23,1.50
2012.10.17 15:01:16.143,1.0333,1.03345,3.98,2.25
2012.10.17 15:01:16.532,1.0333,1.03343,3.98,2.25
2012.10.17 15:01:17.992,1.03331,1.03346,1.73,3.23
2012.10.17 15:01:18.425,1.03331,1.03346,1.73,3.23
2012.10.17 15:01:19.262,1.0333,1.03346,6.23,2.48
2012.10.17 15:01:20.454,1.03331,1.03346,5.48,2.25
2012.10.17 15:01:21.013,1.03332,1.03349,1.73,2.85
2012.10.17 15:01:21.695,1.03332,1.03349,2.48,2.85
2012.10.17 15:01:22.444,1.03333,1.03349,1.73,2.85
2012.10.17 15:01:25.123,1.03332,1.03349,5.85,3.23
2012.10.17 15:01:28.074,1.03334,1.03349,2.48,2.25
2012.10.17 15:01:28.134,1.03335,1.0335,1.73,2.48
2012.10.17 15:01:32.532,1.03338,1.03353,1.73,6.98
2012.10.17 15:01:37.683,1.03335,1.03352,3.98,1.35
2012.10.17 15:01:38.842,1.03338,1.03353,1.73,3.98
2012.10.17 15:01:38.965,1.0334,1.03355,1.73,3.60
2012.10.17 15:01:39.144,1.0334,1.03355,3.98,1.13
2012.10.17 15:01:39.825,1.03341,1.03356,1.73,1.73
2012.10.17 15:01:40.566,1.03341,1.03354,1.73,1.50
2012.10.17 15:01:40.873,1.03341,1.03354,1.73,3.00
2012.10.17 15:01:40.994,1.03341,1.03355,2.48,2.25
2012.10.17 15:01:43.926,1.03341,1.03353,2.48,1.50
2012.10.17 15:01:43.996,1.03339,1.03352,2.48,2.25
2012.10.17 15:01:44.514,1.03339,1.03352,2.48,1.35
2012.10.17 15:01:44.902,1.03339,1.03351,1.73,2.25
2012.10.17 15:01:45.453,1.03339,1.03351,1.73,2.25
2012.10.17 15:01:46.514,1.03338,1.03349,1.73,1.50
2012.10.17 15:01:46.814,1.03336,1.03349,1.73,1.50
2012.10.17 15:01:47.359,1.03336,1.03351,1.73,1.73
2012.10.17 15:01:48.713,1.03337,1.03352,1.73,3.23
2012.10.17 15:01:49.628,1.03337,1.03352,1.73,4.35
2012.10.17 15:01:49.765,1.03337,1.03352,1.73,3.60
2012.10.17 15:01:50.123,1.03341,1.03357,3.98,4.85
2012.10.17 15:01:50.483,1.03341,1.03354,2.10,3.75
2012.10.17 15:01:50.783,1.03341,1.03355,2.48,1.50
2012.10.17 15:01:51.323,1.03341,1.03354,1.73,1.50
2012.10.17 15:01:51.504,1.0334,1.03352,1.73,1.88
2012.10.17 15:01:51.624,1.03337,1.03352,2.48,2.10
2012.10.17 15:01:51.802,1.03336,1.0335,1.73,2.48
2012.10.17 15:01:52.163,1.03336,1.03349,1.73,1.73
2012.10.17 15:01:52.713,1.03336,1.03349,1.73,2.48
2012.10.17 15:01:53.195,1.03337,1.0335,1.73,2.48
2012.10.17 15:01:53.264,1.03337,1.0335,1.73,1.88
2012.10.17 15:01:53.584,1.03336,1.0335,3.98,1.35
2012.10.17 15:01:53.883,1.03336,1.0335,3.23,1.35
2012.10.17 15:01:54.353,1.03336,1.0335,1.73,1.35
2012.10.17 15:01:54.644,1.03336,1.0335,2.48,2.10
2012.10.17 15:01:55.733,1.03337,1.03351,1.50,3.23
2012.10.17 15:01:55.793,1.03337,1.03351,1.73,2.25
2012.10.17 15:01:56.034,1.03338,1.03353,1.73,3.08
2012.10.17 15:01:56.213,1.03339,1.03355,3.23,4.35
2012.10.17 15:01:56.993,1.03339,1.03354,2.48,1.73
2012.10.17 15:01:57.865,1.0334,1.03354,2.48,1.50
2012.10.17 15:01:57.944,1.03341,1.03355,2.48,2.25
2012.10.17 15:01:58.013,1.03341,1.03354,1.73,1.73
2012.10.17 15:01:58.444,1.03339,1.03353,1.73,3.98
2012.10.17 15:01:58.633,1.0334,1.03353,1.73,3.23
2012.10.17 15:01:58.814,1.03343,1.03354,3.75,2.48
2012.10.17 15:01:59.356,1.03343,1.03355,5.85,1.50
2012.10.17 15:02:00.138,1.03344,1.03357,1.73,3.23
2012.10.17 15:02:00.677,1.03344,1.03357,2.48,3.23
2012.10.17 15:02:01.003,1.03346,1.03357,2.48,2.25
2012.10.17 15:02:01.364,1.03347,1.03355,3.00,3.23
2012.10.17 15:02:01.913,1.03347,1.03351,3.00,3.60
2012.10.17 15:02:03.513,1.03338,1.03352,3.98,1.35
2012.10.17 15:02:03.763,1.03335,1.03351,1.73,2.48
2012.10.17 15:02:05.782,1.03337,1.03349,3.23,1.13
2012.10.17 15:02:05.842,1.03337,1.03351,3.98,1.50
2012.10.17 15:02:06.643,1.03339,1.03351,1.73,1.50
2012.10.17 15:02:07.054,1.03338,1.03349,1.73,1.50
2012.10.17 15:02:07.233,1.03338,1.03349,1.73,1.50
2012.10.17 15:02:07.737,1.03338,1.03349,1.73,1.50
2012.10.17 15:02:07.864,1.0334,1.0335,1.50,1.73
2012.10.17 15:02:07.925,1.03338,1.03349,2.48,1.50
2012.10.17 15:02:08.175,1.03338,1.03349,1.73,1.73
2012.10.17 15:02:08.853,1.03338,1.03349,1.73,1.50
2012.10.17 15:02:09.201,1.03339,1.03349,2.48,1.50
2012.10.17 15:02:12.295,1.03339,1.03349,2.48,2.48
2012.10.17 15:02:12.366,1.03339,1.03349,1.73,2.48
2012.10.17 15:02:12.434,1.03338,1.03349,3.98,2.48
2012.10.17 15:02:13.642,1.03334,1.03348,3.98,1.50
2012.10.17 15:02:13.973,1.03339,1.03352,1.73,2.48
2012.10.17 15:02:14.485,1.03339,1.03352,1.73,2.25
2012.10.17 15:02:14.814,1.03338,1.03351,2.48,1.50
2012.10.17 15:02:15.399,1.03336,1.0335,2.48,1.50
2012.10.17 15:02:19.214,1.03336,1.03349,1.50,1.35
2012.10.17 15:02:19.274,1.03331,1.03342,1.35,1.50
2012.10.17 15:02:19.393,1.03329,1.03342,1.35,1.73
2012.10.17 15:02:19.454,1.03329,1.03343,1.35,1.50
2012.10.17 15:02:19.514,1.03329,1.03342,1.35,1.73
2012.10.17 15:02:20.052,1.03325,1.03342,5.85,1.73
2012.10.17 15:02:20.553,1.03328,1.03342,1.73,2.48
2012.10.17 15:02:20.855,1.03328,1.03339,1.73,1.35
2012.10.17 15:02:20.973,1.03324,1.03337,5.48,1.73
2012.10.17 15:02:21.273,1.03324,1.03335,3.98,1.50
2012.10.17 15:02:21.395,1.03324,1.03336,3.98,1.50
2012.10.17 15:02:21.513,1.03324,1.03338,5.48,1.50
2012.10.17 15:02:24.951,1.0333,1.0334,3.75,3.38
2012.10.17 15:02:25.092,1.03334,1.03342,1.50,1.50
2012.10.17 15:02:25.232,1.03334,1.03347,3.23,1.88
2012.10.17 15:02:25.663,1.03334,1.03346,1.73,1.35
2012.10.17 15:02:26.224,1.03334,1.03348,2.48,1.73
2012.10.17 15:02:26.285,1.03333,1.03349,3.23,4.35
2012.10.17 15:02:27.158,1.03333,1.03348,3.60,1.13
2012.10.17 15:02:27.881,1.03332,1.03345,3.98,2.25
2012.10.17 15:02:28.384,1.03332,1.03344,3.98,2.25
2012.10.17 15:02:28.694,1.03334,1.03347,4.73,1.50
2012.10.17 15:02:29.173,1.03334,1.03347,4.73,1.73
2012.10.17 15:02:29.533,1.0333,1.03345,4.73,3.00
2012.10.17 15:02:29.843,1.03328,1.0334,1.35,1.50
2012.10.17 15:02:31.134,1.03326,1.0334,4.73,1.50
2012.10.17 15:02:34.162,1.03327,1.03341,3.98,3.23
2012.10.17 15:02:35.653,1.03327,1.03341,5.48,1.73
2012.10.17 15:02:36.714,1.03327,1.0334,4.73,1.50
2012.10.17 15:02:39.403,1.03327,1.03339,3.98,1.50
2012.10.17 15:02:39.464,1.03323,1.03338,1.58,1.73
2012.10.17 15:02:39.523,1.03322,1.03337,3.45,1.50
2012.10.17 15:02:39.583,1.03322,1.03337,2.10,1.50
2012.10.17 15:02:39.644,1.03325,1.03337,3.75,2.25
2012.10.17 15:02:40.182,1.03325,1.03332,3.98,1.50
2012.10.17 15:02:40.974,1.03323,1.0333,3.75,1.35
2012.10.17 15:02:41.272,1.03325,1.03331,3.75,2.10
2012.10.17 15:02:41.333,1.03321,1.03331,3.75,1.73
2012.10.17 15:02:41.392,1.03318,1.03331,1.73,1.73
2012.10.17 15:02:43.063,1.03316,1.0333,4.73,1.73
2012.10.17 15:02:43.184,1.03312,1.03327,5.48,3.75
2012.10.17 15:02:49.444,1.03313,1.03327,2.48,1.50
2012.10.17 15:02:49.744,1.03318,1.0333,1.35,1.50
2012.10.17 15:02:49.803,1.03318,1.03331,1.35,1.88
2012.10.17 15:02:50.378,1.03317,1.03331,2.85,1.88
2012.10.17 15:02:50.695,1.03317,1.03331,2.85,1.88
2012.10.17 15:02:51.624,1.03318,1.03331,3.98,1.50
2012.10.17 15:02:52.504,1.03318,1.03331,3.98,1.50
2012.10.17 15:02:52.815,1.03318,1.03329,3.98,2.25
2012.10.17 15:02:52.875,1.03318,1.03328,3.98,1.50
2012.10.17 15:02:53.548,1.03318,1.03326,3.75,2.48
2012.10.17 15:02:54.302,1.03318,1.03323,3.75,2.25
2012.10.17 15:02:54.875,1.03309,1.03324,6.23,1.88
2012.10.17 15:02:57.193,1.0331,1.03322,1.73,1.50
2012.10.17 15:02:59.014,1.0331,1.03321,1.73,1.50
2012.10.17 15:02:59.073,1.03309,1.03315,1.13,1.50
2012.10.17 15:02:59.134,1.03308,1.03318,1.35,1.50
2012.10.17 15:02:59.193,1.03307,1.03318,3.23,2.25
2012.10.17 15:03:00.284,1.03303,1.03315,1.73,1.50
2012.10.17 15:03:00.405,1.03302,1.03314,1.73,1.50
2012.10.17 15:03:00.894,1.03301,1.03313,1.73,1.50
2012.10.17 15:03:01.074,1.03299,1.03312,6.98,1.50
2012.10.17 15:03:01.193,1.03299,1.0331,5.25,1.50
2012.10.17 15:03:01.254,1.03299,1.03309,5.48,1.50
2012.10.17 15:03:02.185,1.03299,1.03311,3.98,1.50
2012.10.17 15:03:03.353,1.03296,1.03306,2.63,1.50
2012.10.17 15:03:03.414,1.03295,1.03306,2.48,1.50
2012.10.17 15:03:03.478,1.03295,1.03304,2.10,1.50
2012.10.17 15:03:03.548,1.03293,1.03304,1.73,2.25
2012.10.17 15:03:03.617,1.03288,1.033,2.85,1.50
2012.10.17 15:03:04.204,1.03289,1.03301,5.48,1.50
2012.10.17 15:03:04.264,1.03289,1.03301,5.48,1.73
2012.10.17 15:03:05.234,1.03289,1.03301,1.73,1.73
2012.10.17 15:03:05.308,1.03286,1.03298,3.98,1.73
2012.10.17 15:03:07.553,1.03287,1.03298,3.60,1.50
2012.10.17 15:03:07.678,1.03287,1.03302,3.60,1.73
2012.10.17 15:03:08.834,1.03287,1.03302,6.23,1.73
2012.10.17 15:03:12.925,1.03291,1.03302,3.75,1.73
2012.10.17 15:03:13.283,1.03293,1.03307,3.38,1.73
2012.10.17 15:03:13.409,1.03293,1.03307,3.38,1.73
2012.10.17 15:03:13.848,1.03292,1.03304,2.10,1.73
2012.10.17 15:03:14.214,1.03291,1.03306,4.73,3.23
2012.10.17 15:03:14.573,1.0329,1.03306,2.10,3.90
2012.10.17 15:03:14.634,1.0329,1.03303,1.88,1.65
2012.10.17 15:03:14.753,1.03288,1.03303,1.50,5.40
2012.10.17 15:03:15.054,1.03286,1.03299,4.35,2.78
2012.10.17 15:03:15.295,1.03281,1.03296,4.73,1.13
2012.10.17 15:03:15.473,1.03281,1.03296,4.73,1.35
2012.10.17 15:03:16.203,1.03282,1.03293,2.10,1.50
2012.10.17 15:03:16.384,1.03286,1.03296,3.98,1.13
2012.10.17 15:03:16.902,1.03287,1.03297,1.73,2.63
2012.10.17 15:03:17.092,1.0329,1.03302,2.25,1.73
2012.10.17 15:03:17.216,1.0329,1.03304,2.48,2.48
2012.10.17 15:03:17.534,1.03292,1.03304,1.50,1.73
2012.10.17 15:03:22.173,1.03292,1.03305,1.73,2.48
2012.10.17 15:03:22.704,1.03293,1.03302,1.50,1.50
2012.10.17 15:03:23.062,1.03287,1.03302,1.49,3.98
2012.10.17 15:03:23.202,1.03287,1.03302,1.35,3.98
2012.10.17 15:03:23.707,1.03288,1.03301,3.75,2.10
2012.10.17 15:03:23.894,1.0329,1.03301,4.73,1.35
2012.10.17 15:03:24.313,1.03288,1.03302,2.85,3.23
2012.10.17 15:03:25.324,1.03288,1.03302,1.50,1.73
2012.10.17 15:03:25.872,1.03286,1.03301,1.73,3.23
2012.10.17 15:03:26.575,1.03286,1.03301,1.35,3.23
2012.10.17 15:03:26.937,1.03292,1.03305,1.73,1.73
2012.10.17 15:03:27.254,1.03291,1.03305,3.98,1.73
2012.10.17 15:03:28.022,1.03294,1.03307,3.23,1.73
2012.10.17 15:03:28.323,1.033,1.03308,1.13,2.48
2012.10.17 15:03:28.705,1.03302,1.03309,2.48,3.00
2012.10.17 15:03:29.347,1.03299,1.0331,2.48,1.73
2012.10.17 15:03:29.413,1.03301,1.03313,3.75,1.73
2012.10.17 15:03:29.903,1.03301,1.03315,3.98,3.98
2012.10.17 15:03:30.902,1.03301,1.03314,3.98,1.73
2012.10.17 15:03:31.024,1.03297,1.03308,2.10,2.25
2012.10.17 15:03:31.084,1.03297,1.03308,1.50,2.48
2012.10.17 15:03:31.203,1.03294,1.03308,4.73,1.73
2012.10.17 15:03:31.383,1.03294,1.03308,5.48,3.00
2012.10.17 15:03:32.913,1.03295,1.03309,4.35,3.23
2012.10.17 15:03:33.033,1.03294,1.03308,1.35,3.23
2012.10.17 15:03:33.093,1.03292,1.03308,3.98,3.98
2012.10.17 15:03:33.337,1.03292,1.03307,1.35,2.48
2012.10.17 15:03:33.914,1.03291,1.03306,2.40,2.48
2012.10.17 15:03:34.473,1.0329,1.03303,1.50,1.73
2012.10.17 15:03:34.715,1.03288,1.03301,3.00,1.35
2012.10.17 15:03:34.952,1.03286,1.033,4.73,2.48
2012.10.17 15:03:35.373,1.03285,1.03298,1.50,1.73
2012.10.17 15:03:37.564,1.03284,1.03298,1.73,2.48
2012.10.17 15:03:39.538,1.03284,1.03298,1.50,3.23
2012.10.17 15:03:40.239,1.03283,1.03296,1.50,1.73
2012.10.17 15:03:40.318,1.03282,1.03295,1.88,2.48
2012.10.17 15:03:40.654,1.0328,1.03293,1.88,1.73
2012.10.17 15:03:40.893,1.0328,1.03293,1.88,1.73
2012.10.17 15:03:41.323,1.0328,1.03293,1.13,2.48
2012.10.17 15:03:41.873,1.0328,1.03293,1.13,3.23
2012.10.17 15:03:42.354,1.0328,1.03293,1.13,1.73
2012.10.17 15:03:43.543,1.03279,1.03293,1.35,3.23
2012.10.17 15:03:46.305,1.03279,1.03293,1.35,2.48
2012.10.17 15:03:46.992,1.03279,1.03293,1.35,2.48
2012.10.17 15:03:47.356,1.0328,1.03294,1.13,3.23
2012.10.17 15:03:48.163,1.03282,1.03294,1.88,2.48
2012.10.17 15:03:48.360,1.03283,1.03295,1.13,1.73
2012.10.17 15:03:56.976,1.03281,1.03296,3.38,2.48
2012.10.17 15:03:57.593,1.03281,1.03296,1.88,2.48
2012.10.17 15:03:58.164,1.03277,1.03291,2.63,1.73
2012.10.17 15:03:58.343,1.03276,1.03289,3.45,2.48
2012.10.17 15:03:58.582,1.03276,1.03289,1.95,3.23
2012.10.17 15:03:58.944,1.03276,1.03288,1.35,1.73
2012.10.17 15:03:59.004,1.03276,1.03288,2.85,1.73
2012.10.17 15:03:59.542,1.03277,1.03289,1.35,1.73
2012.10.17 15:04:00.223,1.03277,1.03289,1.35,1.73
2012.10.17 15:04:01.153,1.03278,1.03292,2.48,3.23
2012.10.17 15:04:01.723,1.03278,1.03291,2.85,1.73
2012.10.17 15:04:01.783,1.03278,1.03292,2.85,2.48
2012.10.17 15:04:02.324,1.03279,1.03292,4.73,3.23
2012.10.17 15:04:02.863,1.03278,1.03292,3.60,1.73
2012.10.17 15:04:03.294,1.03278,1.03291,3.60,2.48
2012.10.17 15:04:03.616,1.03276,1.03289,3.60,2.48
2012.10.17 15:04:04.144,1.03276,1.03289,2.85,2.48
2012.10.17 15:04:04.675,1.03276,1.03289,1.35,1.73
2012.10.17 15:04:05.204,1.03276,1.03289,1.35,1.73
2012.10.17 15:04:05.755,1.03275,1.03289,5.48,1.73
2012.10.17 15:04:06.299,1.03274,1.03287,1.13,1.73
2012.10.17 15:04:06.445,1.03275,1.03287,4.13,2.48
2012.10.17 15:04:06.984,1.03275,1.03288,4.35,3.23
2012.10.17 15:04:08.294,1.03275,1.03288,1.13,3.23
2012.10.17 15:04:08.821,1.03273,1.03288,2.48,3.98
2012.10.17 15:04:10.344,1.03273,1.03287,2.10,1.73
2012.10.17 15:04:10.465,1.03276,1.03288,1.73,2.25
2012.10.17 15:04:10.975,1.03276,1.0329,3.23,1.73
2012.10.17 15:04:11.605,1.03276,1.0329,2.40,1.73
2012.10.17 15:04:12.154,1.03276,1.03291,3.90,1.73
2012.10.17 15:04:12.357,1.03276,1.0329,3.98,1.73
2012.10.17 15:04:12.904,1.03275,1.03286,4.35,1.50
2012.10.17 15:04:13.653,1.03275,1.03286,3.98,1.73
2012.10.17 15:04:14.798,1.03274,1.03286,1.35,1.73
2012.10.17 15:04:15.113,1.03273,1.03286,1.35,1.35
2012.10.17 15:04:15.357,1.03273,1.03285,1.35,1.73
2012.10.17 15:04:15.885,1.03273,1.03286,2.85,1.73
2012.10.17 15:04:16.403,1.03273,1.03286,2.10,1.73
2012.10.17 15:04:16.954,1.03273,1.03286,1.35,1.73
2012.10.17 15:04:17.494,1.03269,1.03283,3.60,1.73
2012.10.17 15:04:18.009,1.03273,1.03287,3.75,1.73
2012.10.17 15:04:18.079,1.03273,1.03287,5.48,1.73
2012.10.17 15:04:18.965,1.03273,1.03284,3.98,2.25
2012.10.17 15:04:19.146,1.03273,1.03285,1.73,2.10
2012.10.17 15:04:19.394,1.03272,1.03285,2.25,1.73
2012.10.17 15:04:19.703,1.03273,1.03285,1.58,3.23
2012.10.17 15:04:19.883,1.03275,1.03285,1.13,2.48
2012.10.17 15:04:20.123,1.03272,1.03286,1.73,1.73
2012.10.17 15:04:20.683,1.03272,1.03286,1.73,3.23
2012.10.17 15:04:21.493,1.03274,1.03286,1.50,1.73
2012.10.17 15:04:21.613,1.03274,1.03287,2.85,1.73
2012.10.17 15:04:22.282,1.03274,1.03286,2.85,1.50
2012.10.17 15:04:22.884,1.03276,1.03286,1.13,1.50
2012.10.17 15:04:24.144,1.03279,1.03288,1.50,1.73
2012.10.17 15:04:24.347,1.03275,1.03286,1.50,1.73
2012.10.17 15:04:24.673,1.03274,1.03285,1.50,1.73
2012.10.17 15:04:24.793,1.03276,1.03286,1.50,3.98
2012.10.17 15:04:25.610,1.03271,1.03284,1.50,1.73
2012.10.17 15:04:28.896,1.0327,1.03282,1.50,3.23
2012.10.17 15:04:29.823,1.03271,1.03282,1.50,3.98
2012.10.17 15:04:30.823,1.03271,1.03282,1.73,3.98
2012.10.17 15:04:30.883,1.03271,1.03282,1.73,3.23
2012.10.17 15:04:31.137,1.03277,1.03286,1.50,2.39
2012.10.17 15:04:31.205,1.03279,1.03288,1.50,1.64
2012.10.17 15:04:31.266,1.03275,1.03287,1.73,1.11
2012.10.17 15:04:31.814,1.03275,1.03287,1.73,1.13
2012.10.17 15:04:31.874,1.03275,1.03285,1.73,4.50
2012.10.17 15:04:32.234,1.03275,1.03287,2.10,1.13
2012.10.17 15:04:32.694,1.03275,1.03284,2.10,1.50
2012.10.17 15:04:32.755,1.03275,1.03284,2.10,1.50
2012.10.17 15:04:32.824,1.03275,1.03288,1.73,1.73
2012.10.17 15:04:34.254,1.03276,1.03287,1.73,1.73
2012.10.17 15:04:35.807,1.0328,1.03293,1.73,1.73
2012.10.17 15:04:36.113,1.0328,1.03292,1.50,2.10
2012.10.17 15:04:36.175,1.03278,1.03292,2.85,2.85
2012.10.17 15:04:37.343,1.03275,1.03288,1.73,2.85
2012.10.17 15:04:37.583,1.03275,1.03288,1.73,2.85
2012.10.17 15:04:37.703,1.03277,1.03288,1.73,2.63
2012.10.17 15:04:38.143,1.03276,1.03288,1.73,2.85
2012.10.17 15:04:38.694,1.03276,1.03288,1.73,2.85
2012.10.17 15:04:38.824,1.03276,1.03288,2.48,2.85
2012.10.17 15:04:38.883,1.03276,1.03288,2.48,2.63
2012.10.17 15:04:40.414,1.03279,1.0329,1.73,2.48
2012.10.17 15:04:40.476,1.03282,1.0329,2.48,1.73
2012.10.17 15:04:40.785,1.03288,1.03295,1.73,6.00
2012.10.17 15:04:40.845,1.03288,1.03295,1.73,5.25
2012.10.17 15:04:42.071,1.03288,1.03302,1.73,3.98
2012.10.17 15:04:43.386,1.03287,1.03299,3.23,1.50
2012.10.17 15:04:43.836,1.03287,1.03298,2.25,2.48
2012.10.17 15:04:44.275,1.03282,1.03294,3.23,1.50
2012.10.17 15:04:45.683,1.03282,1.03296,2.48,3.23
2012.10.17 15:04:46.142,1.03282,1.03294,1.73,6.00
2012.10.17 15:04:46.220,1.0328,1.03293,1.73,4.59
2012.10.17 15:04:46.663,1.03279,1.03289,2.25,1.35
2012.10.17 15:04:46.724,1.03275,1.03289,2.10,2.85
2012.10.17 15:04:46.785,1.03275,1.03289,1.35,2.48
2012.10.17 15:04:47.144,1.03275,1.03288,1.73,1.73
2012.10.17 15:04:51.014,1.03275,1.03286,1.50,1.73
2012.10.17 15:04:51.134,1.03274,1.03286,3.00,2.10
2012.10.17 15:04:53.683,1.03276,1.03287,2.25,1.35
2012.10.17 15:04:53.744,1.03277,1.03289,1.73,3.98
2012.10.17 15:04:53.926,1.03277,1.03291,3.23,1.73
2012.10.17 15:04:57.924,1.03279,1.03291,1.73,1.73
2012.10.17 15:04:58.164,1.03279,1.03292,1.73,1.73
2012.10.17 15:04:58.284,1.0328,1.03293,2.25,1.73
2012.10.17 15:04:59.018,1.0328,1.03294,2.40,5.85
2012.10.17 15:04:59.820,1.0328,1.03294,2.40,4.73
2012.10.17 15:04:59.945,1.03283,1.03297,2.40,3.23
2012.10.17 15:05:00.243,1.03283,1.03297,1.73,1.73
2012.10.17 15:05:00.543,1.03284,1.03299,3.98,1.35
2012.10.17 15:05:00.723,1.03286,1.033,1.50,4.22
2012.10.17 15:05:00.903,1.03286,1.033,1.73,1.35
2012.10.17 15:05:01.453,1.03286,1.03302,3.23,1.26
2012.10.17 15:05:02.023,1.03286,1.03302,3.23,1.73
2012.10.17 15:05:02.204,1.03285,1.03299,3.98,1.73
2012.10.17 15:05:02.265,1.03285,1.03299,3.75,1.73
2012.10.17 15:05:02.623,1.03285,1.03294,1.50,1.73
2012.10.17 15:05:02.746,1.03283,1.03293,1.50,1.73
2012.10.17 15:05:02.876,1.03284,1.03295,1.73,2.48
2012.10.17 15:05:03.236,1.03286,1.03299,1.50,1.73
2012.10.17 15:05:03.543,1.03287,1.03297,1.50,4.73
2012.10.17 15:05:03.663,1.03286,1.03298,1.50,1.73
2012.10.17 15:05:03.783,1.03286,1.03298,1.50,3.23
2012.10.17 15:05:04.405,1.03286,1.03298,1.50,3.98
2012.10.17 15:05:04.913,1.03286,1.03298,1.50,1.73
2012.10.17 15:05:06.543,1.03286,1.03297,1.50,2.48
2012.10.17 15:05:07.418,1.03285,1.03297,2.25,2.48
2012.10.17 15:05:09.314,1.03286,1.03298,2.25,1.73
2012.10.17 15:05:09.374,1.03286,1.03301,2.48,5.07
2012.10.17 15:05:09.923,1.03288,1.03301,1.73,3.98
2012.10.17 15:05:10.968,1.03287,1.03297,2.48,1.50
2012.10.17 15:05:11.315,1.03281,1.03293,1.50,1.35
2012.10.17 15:05:11.434,1.0328,1.03293,1.50,2.10
2012.10.17 15:05:11.674,1.03285,1.03294,1.88,1.35
2012.10.17 15:05:11.975,1.03287,1.03297,1.50,1.73
2012.10.17 15:05:12.095,1.03285,1.03295,1.50,1.73
2012.10.17 15:05:12.216,1.03285,1.03295,1.50,1.73
2012.10.17 15:05:13.393,1.03282,1.03296,1.73,3.23
2012.10.17 15:05:13.774,1.03283,1.03299,1.73,4.73
2012.10.17 15:05:13.838,1.03286,1.03299,1.73,3.98
2012.10.17 15:05:14.363,1.03286,1.03299,1.50,2.85
2012.10.17 15:05:14.664,1.03285,1.03297,2.40,5.48
2012.10.17 15:05:14.724,1.03285,1.03294,1.50,1.50
2012.10.17 15:05:15.233,1.03283,1.03296,1.65,1.73
2012.10.17 15:05:15.965,1.03283,1.03293,1.73,1.50
2012.10.17 15:05:17.150,1.03283,1.03294,1.73,1.50
2012.10.17 15:05:18.635,1.0328,1.03294,2.48,2.10
2012.10.17 15:05:18.755,1.0328,1.03293,1.50,3.23
2012.10.17 15:05:18.887,1.0328,1.03292,1.50,1.73
2012.10.17 15:05:19.016,1.0328,1.0329,1.50,1.50
2012.10.17 15:05:19.942,1.03279,1.0329,1.73,1.50
2012.10.17 15:05:20.463,1.03278,1.03292,1.73,2.85
2012.10.17 15:05:22.345,1.03278,1.0329,1.73,1.50
2012.10.17 15:05:22.526,1.03277,1.0329,2.48,2.25
2012.10.17 15:05:23.254,1.03279,1.03293,1.73,2.48
2012.10.17 15:05:23.314,1.03282,1.03293,1.50,1.73
2012.10.17 15:05:23.494,1.03279,1.03293,2.48,3.23
2012.10.17 15:05:24.003,1.03279,1.03292,1.73,1.73
2012.10.17 15:05:24.905,1.03279,1.03291,1.73,3.23
2012.10.17 15:05:25.437,1.03278,1.03291,1.73,3.23
2012.10.17 15:05:25.686,1.03277,1.03289,1.50,3.23
2012.10.17 15:05:25.755,1.03275,1.03288,1.73,1.73
2012.10.17 15:05:25.814,1.03274,1.03287,1.73,1.13
2012.10.17 15:05:25.874,1.03274,1.03287,1.50,1.35
2012.10.17 15:05:25.934,1.03272,1.03286,5.48,2.48
2012.10.17 15:05:27.243,1.03273,1.03288,4.13,1.73
2012.10.17 15:05:27.305,1.03276,1.03288,1.73,1.73
2012.10.17 15:05:28.114,1.03276,1.03289,1.73,1.73
2012.10.17 15:05:29.280,1.03277,1.0329,2.25,2.48
2012.10.17 15:05:30.149,1.03278,1.03293,1.73,2.48
2012.10.17 15:05:39.224,1.03279,1.03291,2.48,1.73
2012.10.17 15:05:39.764,1.0328,1.03295,2.48,1.73
2012.10.17 15:05:39.884,1.03281,1.03295,1.73,1.73
2012.10.17 15:05:40.894,1.03283,1.03296,1.50,2.10
2012.10.17 15:05:40.954,1.03283,1.03296,2.25,1.35
2012.10.17 15:05:41.443,1.03287,1.033,1.73,1.73
2012.10.17 15:05:41.864,1.03287,1.03301,2.48,2.10
2012.10.17 15:05:44.185,1.03289,1.03298,1.50,1.73
2012.10.17 15:05:44.424,1.03286,1.033,1.73,2.48
2012.10.17 15:05:46.210,1.0329,1.03301,1.50,1.73
2012.10.17 15:05:46.335,1.03292,1.03301,1.50,1.73
2012.10.17 15:05:46.944,1.03294,1.03308,1.50,1.73
2012.10.17 15:05:47.067,1.03294,1.03309,1.73,3.98
2012.10.17 15:05:48.203,1.03294,1.03308,1.73,1.73
2012.10.17 15:05:48.745,1.03296,1.0331,3.23,1.73
2012.10.17 15:05:48.805,1.03296,1.0331,3.23,1.73
2012.10.17 15:05:48.925,1.03296,1.03309,3.23,1.73
2012.10.17 15:05:49.294,1.03296,1.03309,1.50,3.98
2012.10.17 15:05:49.714,1.03294,1.03308,1.50,1.73
2012.10.17 15:05:51.313,1.03293,1.03307,1.73,1.73
2012.10.17 15:05:51.885,1.03293,1.03307,1.50,3.23
2012.10.17 15:05:53.464,1.03294,1.03305,1.50,1.73
2012.10.17 15:05:54.100,1.03292,1.03306,2.25,5.10
2012.10.17 15:05:54.604,1.03294,1.03306,2.25,1.73
2012.10.17 15:05:55.575,1.03295,1.03308,1.73,1.73
2012.10.17 15:05:55.884,1.03296,1.03308,2.48,1.50
2012.10.17 15:05:56.734,1.03299,1.03309,1.35,3.98
2012.10.17 15:05:56.794,1.03301,1.03309,1.35,3.75
2012.10.17 15:05:56.914,1.03306,1.03311,1.73,3.75
2012.10.17 15:05:57.154,1.03306,1.0332,3.98,1.11
2012.10.17 15:05:57.416,1.03308,1.03322,1.50,1.73
2012.10.17 15:05:57.954,1.03313,1.03324,1.50,2.10
2012.10.17 15:05:58.643,1.03313,1.03322,1.50,1.73
2012.10.17 15:05:59.015,1.03311,1.03321,1.73,1.50
2012.10.17 15:05:59.077,1.03311,1.03319,1.50,1.50
2012.10.17 15:05:59.525,1.0331,1.03321,1.50,1.73
2012.10.17 15:05:59.585,1.0331,1.03321,1.50,1.73
2012.10.17 15:05:59.705,1.03309,1.03321,1.73,2.48
2012.10.17 15:05:59.883,1.03307,1.0332,1.50,3.23
2012.10.17 15:06:00.063,1.03307,1.0332,1.50,2.48
2012.10.17 15:06:01.584,1.03307,1.0332,1.50,3.23
2012.10.17 15:06:01.946,1.03306,1.03315,1.50,2.25
2012.10.17 15:06:02.185,1.03303,1.03314,2.48,1.50
2012.10.17 15:06:02.364,1.03304,1.03314,1.73,1.50
2012.10.17 15:06:03.158,1.03304,1.03316,3.15,1.50
2012.10.17 15:06:03.235,1.03304,1.03319,3.53,2.48
2012.10.17 15:06:03.544,1.03304,1.03316,2.78,2.25
2012.10.17 15:06:03.667,1.03304,1.03316,2.85,2.48
2012.10.17 15:06:03.736,1.03304,1.03316,1.50,2.48
2012.10.17 15:06:04.274,1.03304,1.03313,1.73,1.50
2012.10.17 15:06:04.393,1.03304,1.03317,1.73,2.48
2012.10.17 15:06:04.453,1.03304,1.03317,1.73,2.48
2012.10.17 15:06:05.190,1.03304,1.03317,1.73,2.48
2012.10.17 15:06:06.024,1.03306,1.03318,1.50,1.73
2012.10.17 15:06:06.463,1.03304,1.03316,1.50,2.48
2012.10.17 15:06:06.804,1.03304,1.03317,1.73,1.73
2012.10.17 15:06:07.165,1.03306,1.03317,1.50,3.23
2012.10.17 15:06:07.981,1.03304,1.03314,1.50,1.73
2012.10.17 15:06:08.325,1.033,1.0331,1.50,1.73
2012.10.17 15:06:09.114,1.03302,1.03314,2.25,1.73
2012.10.17 15:06:09.503,1.03304,1.03314,1.50,1.73
2012.10.17 15:06:09.846,1.03304,1.03314,1.50,1.73
2012.10.17 15:06:10.028,1.03307,1.03319,1.50,2.48
2012.10.17 15:06:10.217,1.03305,1.03319,3.98,2.25
2012.10.17 15:06:10.403,1.03307,1.0332,2.25,3.98
2012.10.17 15:06:10.733,1.03307,1.03322,2.48,1.73
2012.10.17 15:06:11.274,1.03308,1.03321,1.73,3.23
2012.10.17 15:06:11.814,1.03307,1.03321,2.48,3.23
2012.10.17 15:06:13.833,1.03307,1.03321,1.73,1.73
2012.10.17 15:06:14.145,1.0332,1.03327,1.50,5.25
2012.10.17 15:06:14.446,1.03324,1.0333,1.50,6.00
2012.10.17 15:06:14.515,1.03324,1.0333,1.50,6.00
2012.10.17 15:06:14.573,1.03324,1.03329,1.50,1.50
2012.10.17 15:06:14.694,1.03324,1.03336,1.73,1.50
2012.10.17 15:06:14.754,1.03324,1.03336,1.50,3.98
2012.10.17 15:06:15.267,1.03322,1.03331,1.50,1.50
2012.10.17 15:06:15.573,1.03322,1.03333,1.50,1.73
2012.10.17 15:06:15.695,1.03318,1.03333,3.23,2.48
2012.10.17 15:06:16.633,1.0332,1.03331,1.50,2.48
2012.10.17 15:06:16.754,1.03319,1.03333,2.48,4.73
2012.10.17 15:06:17.118,1.03319,1.03335,3.23,6.98
2012.10.17 15:06:17.364,1.03319,1.03331,2.48,1.50
2012.10.17 15:06:17.855,1.03319,1.03331,2.48,2.25
2012.10.17 15:06:18.213,1.03317,1.03324,3.98,1.50
2012.10.17 15:06:18.393,1.03317,1.03326,3.75,1.50
2012.10.17 15:06:18.935,1.03317,1.03328,4.50,2.48
2012.10.17 15:06:19.173,1.03313,1.03328,1.73,3.23
2012.10.17 15:06:19.413,1.03313,1.03327,1.35,1.73
2012.10.17 15:06:21.034,1.03313,1.03327,1.35,1.73
2012.10.17 15:06:21.334,1.03321,1.03329,1.50,1.59
2012.10.17 15:06:21.575,1.03321,1.03335,1.73,2.48
2012.10.17 15:06:21.705,1.03321,1.03335,1.73,3.23
2012.10.17 15:06:21.825,1.03319,1.03335,1.73,3.23
2012.10.17 15:06:23.644,1.0332,1.03336,1.35,3.23
2012.10.17 15:06:23.888,1.0332,1.03336,2.10,3.98
2012.10.17 15:06:24.404,1.0332,1.03335,1.35,2.48
2012.10.17 15:06:24.606,1.0332,1.03335,1.35,1.50
2012.10.17 15:06:25.134,1.03322,1.03335,1.73,1.50
2012.10.17 15:06:26.359,1.0332,1.03331,1.35,1.50
2012.10.17 15:06:26.497,1.03317,1.0333,3.83,1.50
2012.10.17 15:06:26.624,1.03314,1.03328,1.73,1.73
2012.10.17 15:06:26.804,1.03313,1.03328,2.10,2.48
2012.10.17 15:06:30.175,1.03314,1.03329,2.48,4.35
2012.10.17 15:06:30.353,1.03317,1.03331,2.48,3.23
2012.10.17 15:06:30.715,1.03317,1.03331,2.25,2.48
2012.10.17 15:06:31.015,1.03315,1.03326,1.73,2.25
2012.10.17 15:06:31.375,1.03312,1.03326,2.25,3.23
2012.10.17 15:06:31.753,1.0331,1.03326,3.98,2.48
2012.10.17 15:06:32.555,1.03311,1.03326,2.48,2.48
2012.10.17 15:06:33.514,1.03311,1.03326,2.48,3.23
2012.10.17 15:06:33.694,1.03309,1.03324,2.48,1.73
2012.10.17 15:06:34.593,1.03309,1.03324,2.48,1.73
2012.10.17 15:06:34.878,1.03306,1.03317,3.23,1.50
2012.10.17 15:06:34.947,1.03306,1.03317,3.00,1.73
2012.10.17 15:06:35.078,1.03306,1.03317,2.25,3.23
2012.10.17 15:06:35.152,1.03306,1.03317,2.48,2.25
2012.10.17 15:06:35.791,1.03306,1.03318,2.48,2.48
2012.10.17 15:06:35.865,1.03306,1.03319,3.23,1.50
2012.10.17 15:06:36.639,1.03307,1.03322,2.48,2.48
2012.10.17 15:06:37.144,1.03306,1.0332,1.73,1.73
2012.10.17 15:06:37.206,1.03306,1.0332,1.73,3.98
2012.10.17 15:06:37.715,1.03307,1.0332,2.48,2.48
2012.10.17 15:06:37.774,1.03307,1.03322,3.98,2.10
2012.10.17 15:06:38.326,1.03309,1.03324,2.48,2.85
2012.10.17 15:06:38.874,1.0331,1.03324,2.48,2.85
2012.10.17 15:06:41.796,1.03311,1.03324,2.25,2.10
2012.10.17 15:06:42.355,1.03311,1.03324,2.25,2.85
2012.10.17 15:06:46.580,1.03309,1.03324,2.48,2.85
2012.10.17 15:06:49.315,1.03311,1.03325,1.73,1.73
2012.10.17 15:06:49.442,1.03311,1.03326,1.73,3.98
2012.10.17 15:06:49.564,1.03311,1.03326,1.73,3.98
2012.10.17 15:06:50.044,1.03311,1.03326,1.73,4.73
2012.10.17 15:06:51.547,1.03311,1.03326,3.23,3.23
2012.10.17 15:06:51.674,1.03311,1.03326,3.23,1.73
2012.10.17 15:06:51.734,1.03312,1.03327,2.10,3.23
2012.10.17 15:06:52.275,1.03315,1.03328,2.25,4.73
2012.10.17 15:06:52.395,1.03311,1.03324,2.48,1.35
2012.10.17 15:06:52.754,1.03306,1.03317,1.50,2.48
2012.10.17 15:06:52.818,1.03306,1.03317,1.50,2.48
2012.10.17 15:06:53.573,1.03302,1.03318,2.48,6.60
2012.10.17 15:06:53.867,1.03304,1.03318,2.48,5.48
2012.10.17 15:06:54.116,1.03309,1.03322,1.73,2.85
2012.10.17 15:06:54.493,1.0331,1.03323,1.50,1.59
2012.10.17 15:06:54.734,1.0331,1.03323,1.73,1.73
2012.10.17 15:06:55.917,1.03311,1.03326,2.85,2.48
2012.10.17 15:06:55.985,1.03311,1.03326,2.85,2.48
2012.10.17 15:06:57.663,1.03311,1.03326,3.60,2.48
2012.10.17 15:06:57.997,1.03311,1.03327,3.98,6.08
2012.10.17 15:06:58.064,1.03312,1.03327,2.48,6.08
2012.10.17 15:06:58.184,1.03313,1.03327,2.48,4.58
2012.10.17 15:06:58.304,1.03315,1.03327,1.73,3.98
2012.10.17 15:06:58.484,1.03315,1.03325,1.73,1.50
2012.10.17 15:06:58.797,1.03309,1.03319,1.73,1.50
2012.10.17 15:06:58.984,1.03306,1.03319,1.50,2.48
2012.10.17 15:06:59.714,1.03306,1.03319,1.50,2.10
2012.10.17 15:06:59.833,1.03305,1.03319,1.73,2.10
2012.10.17 15:07:00.505,1.03306,1.03319,2.25,1.35
2012.10.17 15:07:01.062,1.03306,1.03321,2.48,5.85
2012.10.17 15:07:01.983,1.03309,1.0332,1.50,1.35
2012.10.17 15:07:02.047,1.03309,1.03321,2.25,1.73
2012.10.17 15:07:02.595,1.03309,1.03322,2.25,2.10
2012.10.17 15:07:03.006,1.03308,1.03321,1.50,5.85
2012.10.17 15:07:03.835,1.03305,1.0332,2.48,2.10
2012.10.17 15:07:05.823,1.03304,1.0332,3.23,3.60
2012.10.17 15:07:07.723,1.03304,1.0332,3.23,3.98
2012.10.17 15:07:08.064,1.03304,1.0332,3.23,3.23
2012.10.17 15:07:11.063,1.03306,1.0332,2.48,1.35
2012.10.17 15:07:15.454,1.03307,1.03321,2.25,3.60
2012.10.17 15:07:15.933,1.03309,1.03322,2.48,3.98
2012.10.17 15:07:16.054,1.03308,1.03323,1.35,2.48
2012.10.17 15:07:16.653,1.03308,1.0332,1.35,1.50
2012.10.17 15:07:16.774,1.03307,1.0332,2.48,2.25
2012.10.17 15:07:17.133,1.03307,1.0332,2.48,2.25
2012.10.17 15:07:18.975,1.03311,1.03323,1.73,2.48
2012.10.17 15:07:19.036,1.03312,1.03324,1.73,2.25
2012.10.17 15:07:19.497,1.03314,1.03327,1.73,2.25
2012.10.17 15:07:19.866,1.03314,1.03328,1.73,1.13
2012.10.17 15:07:20.066,1.03314,1.03328,1.73,2.25
2012.10.17 15:07:20.305,1.0331,1.03325,2.48,2.85
2012.10.17 15:07:20.544,1.03313,1.03325,1.73,1.13
2012.10.17 15:07:20.664,1.03312,1.03326,1.73,3.75
2012.10.17 15:07:20.726,1.0331,1.03324,3.23,4.50
2012.10.17 15:07:20.793,1.03311,1.03326,2.48,3.23
2012.10.17 15:07:20.853,1.03311,1.03326,2.48,3.60
2012.10.17 15:07:21.715,1.03313,1.03321,1.73,1.50
2012.10.17 15:07:22.074,1.03302,1.03317,1.73,2.25
2012.10.17 15:07:23.623,1.03301,1.03316,2.48,1.50
2012.10.17 15:07:26.185,1.033,1.03317,3.98,2.63
2012.10.17 15:07:26.484,1.033,1.03316,3.98,1.73
2012.10.17 15:07:27.203,1.03302,1.03315,2.48,1.50
2012.10.17 15:07:28.375,1.03299,1.03315,2.48,1.50
2012.10.17 15:07:29.074,1.03303,1.03316,3.23,1.35
2012.10.17 15:07:29.134,1.03303,1.03317,3.23,3.38
2012.10.17 15:07:29.707,1.03303,1.03317,3.23,1.50
2012.10.17 15:07:30.742,1.03303,1.03318,1.73,2.25
2012.10.17 15:07:30.819,1.03305,1.03321,2.85,2.48
2012.10.17 15:07:31.076,1.03305,1.0332,2.85,2.48
2012.10.17 15:07:31.194,1.03305,1.03318,2.85,1.73
2012.10.17 15:07:31.504,1.03304,1.03319,3.23,1.73
2012.10.17 15:07:33.833,1.03304,1.0332,3.23,2.85
2012.10.17 15:07:34.313,1.03306,1.03321,1.73,1.73
2012.10.17 15:07:34.435,1.03306,1.03318,2.48,3.98
2012.10.17 15:07:34.554,1.03306,1.03319,2.48,2.25
2012.10.17 15:07:34.613,1.03303,1.03316,3.23,3.75
2012.10.17 15:07:34.674,1.03303,1.03316,1.73,4.73
2012.10.17 15:07:34.853,1.03303,1.03316,1.73,5.48
2012.10.17 15:07:35.033,1.03301,1.03317,3.23,1.50
2012.10.17 15:07:35.153,1.03304,1.03319,2.85,1.73
2012.10.17 15:07:36.114,1.03304,1.0332,3.60,2.48
2012.10.17 15:07:37.075,1.03306,1.03321,1.35,2.48
2012.10.17 15:07:37.135,1.03306,1.03321,1.35,1.73
2012.10.17 15:07:39.554,1.03308,1.03323,2.48,2.48
2012.10.17 15:07:39.622,1.03308,1.0332,2.25,1.05
2012.10.17 15:07:39.863,1.03308,1.03323,2.48,4.35
2012.10.17 15:07:40.403,1.03308,1.03323,2.48,4.35
2012.10.17 15:07:40.921,1.03308,1.03323,2.48,2.85
2012.10.17 15:07:42.004,1.03306,1.03322,3.23,1.88
2012.10.17 15:07:42.594,1.03306,1.03323,1.73,2.85
2012.10.17 15:07:43.099,1.03306,1.03323,1.73,2.85
2012.10.17 15:07:43.426,1.03313,1.03323,2.48,1.50
2012.10.17 15:07:43.486,1.03313,1.03327,2.48,3.00
2012.10.17 15:07:43.675,1.03316,1.0333,1.73,1.73
2012.10.17 15:07:43.737,1.03314,1.0333,4.35,1.50
2012.10.17 15:07:43.866,1.03316,1.0333,2.48,3.98
2012.10.17 15:07:44.165,1.03313,1.03327,2.48,1.50
2012.10.17 15:07:44.229,1.03313,1.03327,2.40,1.73
2012.10.17 15:07:44.897,1.03313,1.03327,2.40,2.48
2012.10.17 15:07:45.443,1.03313,1.03327,2.48,1.73
2012.10.17 15:07:49.364,1.03314,1.03327,1.73,2.48
2012.10.17 15:07:49.732,1.03314,1.03328,2.48,1.50
2012.10.17 15:07:50.255,1.03314,1.03329,3.23,1.50
2012.10.17 15:07:50.824,1.03314,1.0333,3.23,3.98
2012.10.17 15:07:51.363,1.03314,1.0333,3.23,3.23
2012.10.17 15:07:54.884,1.03314,1.0333,3.60,2.48
2012.10.17 15:07:57.534,1.03314,1.03328,1.35,3.75
2012.10.17 15:07:57.595,1.03312,1.03328,2.48,3.98
2012.10.17 15:07:58.133,1.0331,1.03325,1.73,1.50
2012.10.17 15:07:59.073,1.03311,1.03324,3.98,1.50
2012.10.17 15:07:59.782,1.03311,1.03324,3.98,1.50
2012.10.17 15:08:00.024,1.03309,1.03322,1.73,1.50
2012.10.17 15:08:01.111,1.03309,1.03322,1.73,1.73
2012.10.17 15:08:01.626,1.03309,1.03322,1.73,1.73
2012.10.17 15:08:01.793,1.03309,1.03322,1.73,1.73
2012.10.17 15:08:03.254,1.03309,1.03324,1.73,1.73
2012.10.17 15:08:03.314,1.03311,1.03324,1.73,1.73
2012.10.17 15:08:03.434,1.03312,1.03326,1.73,2.48
2012.10.17 15:08:07.096,1.03313,1.03328,1.73,2.85
2012.10.17 15:08:07.644,1.03313,1.03328,1.73,2.85
2012.10.17 15:08:10.733,1.03313,1.0333,3.98,1.35
2012.10.17 15:08:11.364,1.03314,1.03331,1.50,5.10
2012.10.17 15:08:12.048,1.03314,1.03331,1.50,5.85
2012.10.17 15:08:12.954,1.03313,1.03326,2.48,1.73
2012.10.17 15:08:13.014,1.03313,1.03323,2.25,3.98
2012.10.17 15:08:13.582,1.0331,1.03322,1.50,2.48
2012.10.17 15:08:13.706,1.03306,1.03322,2.25,3.23
2012.10.17 15:08:13.775,1.03306,1.03322,1.50,3.23
2012.10.17 15:08:13.955,1.03302,1.03318,4.35,3.23
2012.10.17 15:08:14.275,1.03302,1.03316,1.88,1.73
2012.10.17 15:08:14.393,1.03302,1.03316,1.50,3.23
2012.10.17 15:08:14.916,1.033,1.03316,3.75,4.73
2012.10.17 15:08:17.046,1.03301,1.03316,2.25,2.85
2012.10.17 15:08:17.593,1.03301,1.03316,2.25,1.35
2012.10.17 15:08:18.335,1.03301,1.03316,2.25,1.35
2012.10.17 15:08:19.995,1.03301,1.03316,2.25,1.35
2012.10.17 15:08:20.295,1.03303,1.03318,3.98,1.73
2012.10.17 15:08:20.833,1.03304,1.0332,1.73,1.35
2012.10.17 15:08:22.645,1.03303,1.03317,2.48,2.48
2012.10.17 15:08:23.926,1.03303,1.03317,1.73,2.48
2012.10.17 15:08:24.293,1.03301,1.03315,3.00,1.73
2012.10.17 15:08:24.353,1.03301,1.03312,1.50,1.73
2012.10.17 15:08:24.475,1.033,1.03312,1.50,2.48
2012.10.17 15:08:24.957,1.03296,1.03312,3.23,3.98
2012.10.17 15:08:27.214,1.03296,1.03311,2.25,1.35
2012.10.17 15:08:27.454,1.03299,1.03313,2.25,2.48
2012.10.17 15:08:28.113,1.03299,1.03313,2.48,2.48
2012.10.17 15:08:28.234,1.03299,1.03314,3.23,1.73
2012.10.17 15:08:29.282,1.033,1.03315,2.48,1.73
2012.10.17 15:08:29.361,1.03299,1.03315,5.48,3.23
2012.10.17 15:08:29.904,1.03299,1.03314,3.23,2.48
2012.10.17 15:08:31.034,1.03299,1.03314,3.23,1.73
2012.10.17 15:08:31.734,1.03298,1.03313,1.73,1.73
2012.10.17 15:08:31.853,1.03298,1.03313,1.73,1.73
2012.10.17 15:08:32.275,1.03301,1.03316,2.25,2.10
2012.10.17 15:08:32.864,1.03302,1.03317,2.25,3.98
2012.10.17 15:08:34.157,1.033,1.03316,3.98,1.73
2012.10.17 15:08:34.355,1.033,1.03313,1.50,1.73
2012.10.17 15:08:34.737,1.033,1.03316,3.23,3.98
2012.10.17 15:08:34.925,1.03303,1.03316,2.48,2.48
2012.10.17 15:08:36.225,1.03303,1.03317,2.48,1.73
2012.10.17 15:08:36.974,1.033,1.03314,4.73,2.48
2012.10.17 15:08:37.687,1.03302,1.03317,1.50,2.48
2012.10.17 15:08:37.764,1.03302,1.03318,1.73,4.35
2012.10.17 15:08:41.595,1.03303,1.03318,3.98,1.73
2012.10.17 15:08:41.796,1.03303,1.03319,3.98,3.23
2012.10.17 15:08:42.973,1.03303,1.03319,2.25,3.23
2012.10.17 15:08:43.034,1.03303,1.03319,2.25,3.98
2012.10.17 15:08:44.278,1.03303,1.03319,2.48,4.73
2012.10.17 15:08:44.605,1.03303,1.03319,2.48,4.73
2012.10.17 15:08:45.093,1.03303,1.03319,3.98,3.23
2012.10.17 15:08:46.214,1.03304,1.03321,3.75,2.10
2012.10.17 15:08:46.393,1.03306,1.03322,1.35,5.48
2012.10.17 15:08:47.143,1.03307,1.03322,3.23,1.73
2012.10.17 15:08:47.405,1.03308,1.03323,1.50,3.60
2012.10.17 15:08:49.766,1.0331,1.03323,1.50,3.60
2012.10.17 15:08:50.704,1.0331,1.03323,1.50,3.23
2012.10.17 15:08:51.017,1.03312,1.03324,1.50,1.73
2012.10.17 15:08:51.225,1.03312,1.03325,1.50,1.73
2012.10.17 15:08:52.176,1.03312,1.03325,1.50,3.23
2012.10.17 15:08:52.635,1.03312,1.03325,1.50,3.23
2012.10.17 15:08:52.813,1.0331,1.03325,1.50,3.98
2012.10.17 15:08:52.873,1.0331,1.03325,1.50,3.23
2012.10.17 15:08:53.383,1.0331,1.03325,1.50,3.23
2012.10.17 15:08:53.913,1.03311,1.03325,1.50,3.23
2012.10.17 15:08:54.934,1.0331,1.03323,1.73,4.35
2012.10.17 15:08:55.065,1.03309,1.03316,1.50,1.50
2012.10.17 15:08:55.686,1.03308,1.03316,3.75,2.63
2012.10.17 15:08:55.924,1.03302,1.03316,1.50,2.10
2012.10.17 15:08:56.884,1.03299,1.03314,2.48,2.48
2012.10.17 15:08:59.274,1.03295,1.0331,4.13,1.73
2012.10.17 15:09:03.083,1.03296,1.03311,1.73,1.73
2012.10.17 15:09:05.724,1.03296,1.03312,1.73,1.73
2012.10.17 15:09:07.145,1.03292,1.03305,1.13,1.73
2012.10.17 15:09:07.276,1.03291,1.03305,1.50,1.73
2012.10.17 15:09:07.805,1.03293,1.03307,3.75,1.35
2012.10.17 15:09:07.985,1.03294,1.0331,1.73,2.48
2012.10.17 15:09:08.118,1.03298,1.0331,1.50,1.73
2012.10.17 15:09:08.675,1.03299,1.03311,2.25,1.73
2012.10.17 15:09:09.194,1.03298,1.03312,1.50,2.10
2012.10.17 15:09:10.024,1.03298,1.03312,1.50,2.10
2012.10.17 15:09:10.384,1.03301,1.03313,1.50,5.48
2012.10.17 15:09:10.624,1.03302,1.03314,1.50,6.23
2012.10.17 15:09:11.594,1.03302,1.03314,1.50,6.23
2012.10.17 15:09:12.707,1.03302,1.03317,1.50,3.23
2012.10.17 15:09:12.834,1.03304,1.03317,1.73,2.48
2012.10.17 15:09:13.014,1.03306,1.03318,1.58,4.50
2012.10.17 15:09:13.075,1.0331,1.03322,1.73,3.75
2012.10.17 15:09:13.495,1.03309,1.03321,2.48,3.98
2012.10.17 15:09:13.735,1.03307,1.03321,2.25,6.23
2012.10.17 15:09:17.936,1.0331,1.03322,1.50,5.48
2012.10.17 15:09:18.176,1.0331,1.03322,1.73,3.75
2012.10.17 15:09:18.305,1.0331,1.03324,1.73,2.48
2012.10.17 15:09:18.845,1.03312,1.03326,1.50,4.73
2012.10.17 15:09:21.334,1.03312,1.03326,1.50,3.23
2012.10.17 15:09:23.465,1.03312,1.03326,1.73,2.48
2012.10.17 15:09:23.823,1.03312,1.03326,1.73,2.48
2012.10.17 15:09:28.126,1.03312,1.03319,1.73,1.50
2012.10.17 15:09:28.306,1.0331,1.03316,1.50,3.75
2012.10.17 15:09:28.666,1.03308,1.03313,2.25,2.25
2012.10.17 15:09:29.473,1.03306,1.0331,3.00,1.50
2012.10.17 15:09:29.564,1.03303,1.03314,1.50,1.73
2012.10.17 15:09:29.779,1.03302,1.03315,1.50,3.84
2012.10.17 15:09:29.919,1.03301,1.03315,3.08,2.34
2012.10.17 15:09:30.056,1.03301,1.03316,3.83,1.73
2012.10.17 15:09:30.593,1.03301,1.03317,3.83,2.48
2012.10.17 15:09:32.135,1.03301,1.03316,2.70,4.73
2012.10.17 15:09:32.444,1.033,1.03313,1.73,1.73
2012.10.17 15:09:32.974,1.03297,1.03311,3.26,2.48
2012.10.17 15:09:34.855,1.03298,1.03311,1.73,2.25
2012.10.17 15:09:35.125,1.033,1.03315,2.48,2.34
2012.10.17 15:09:35.976,1.03301,1.03316,1.73,1.35
2012.10.17 15:09:36.129,1.033,1.03315,3.98,2.48
2012.10.17 15:09:36.480,1.03301,1.03314,3.98,2.63
2012.10.17 15:09:36.617,1.03301,1.03314,4.73,1.13
2012.10.17 15:09:37.704,1.03302,1.03315,1.73,2.25
2012.10.17 15:09:39.346,1.03302,1.03311,1.50,3.75
2012.10.17 15:09:39.587,1.03299,1.03305,1.91,2.48
2012.10.17 15:09:40.143,1.03294,1.03307,1.73,3.98
2012.10.17 15:09:40.503,1.03294,1.03307,1.73,3.98
2012.10.17 15:09:41.008,1.03294,1.03307,1.73,4.73
2012.10.17 15:09:41.533,1.03294,1.03307,1.73,3.98
2012.10.17 15:09:41.608,1.03294,1.03307,1.73,3.98
2012.10.17 15:09:42.844,1.03295,1.0331,2.10,3.23
2012.10.17 15:09:45.486,1.03296,1.03312,6.23,3.60
2012.10.17 15:09:45.736,1.03295,1.0331,2.85,2.48
2012.10.17 15:09:46.267,1.03297,1.0331,2.48,2.25
2012.10.17 15:09:48.446,1.03297,1.03305,1.73,2.12
2012.10.17 15:09:48.755,1.03292,1.03303,1.13,1.73
2012.10.17 15:09:49.235,1.03291,1.03306,2.25,7.73
2012.10.17 15:09:49.596,1.03289,1.03306,4.35,6.60
2012.10.17 15:09:51.486,1.03288,1.03303,2.85,1.35
2012.10.17 15:09:51.547,1.03288,1.03302,2.10,1.73
2012.10.17 15:09:52.886,1.0329,1.03302,2.10,1.50
2012.10.17 15:09:53.385,1.0329,1.03304,1.73,1.73
2012.10.17 15:09:53.688,1.03289,1.03304,3.98,2.48
2012.10.17 15:09:54.819,1.03289,1.03302,3.98,1.88
2012.10.17 15:09:55.126,1.03287,1.03299,1.50,1.73
2012.10.17 15:09:55.666,1.03282,1.03295,1.73,1.73
2012.10.17 15:09:56.026,1.03282,1.03296,2.48,2.10
2012.10.17 15:09:56.087,1.03282,1.03296,2.48,1.35
2012.10.17 15:09:56.594,1.03284,1.03296,2.48,1.35
2012.10.17 15:09:57.016,1.0328,1.03297,4.73,1.73
2012.10.17 15:09:58.349,1.03282,1.03297,4.73,2.85
2012.10.17 15:09:58.417,1.03281,1.03296,1.73,4.73
2012.10.17 15:10:02.566,1.03282,1.03297,4.73,2.48
2012.10.17 15:10:02.635,1.03283,1.03297,2.48,1.73
2012.10.17 15:10:02.996,1.03283,1.03295,1.73,1.73
2012.10.17 15:10:03.054,1.03283,1.03296,2.48,3.98
2012.10.17 15:10:03.375,1.03285,1.03296,1.73,3.75
2012.10.17 15:10:03.435,1.03285,1.03296,1.73,3.75
2012.10.17 15:10:04.445,1.03285,1.03296,1.73,3.75
2012.10.17 15:10:04.864,1.03285,1.03297,1.73,2.48
2012.10.17 15:10:05.425,1.03285,1.03297,1.73,2.48
2012.10.17 15:10:05.551,1.03289,1.03299,1.50,3.98
2012.10.17 15:10:06.271,1.03289,1.03299,1.73,3.75
2012.10.17 15:10:06.344,1.0329,1.03303,1.50,2.48
2012.10.17 15:10:06.915,1.03288,1.03303,1.73,3.23
2012.10.17 15:10:13.135,1.03288,1.03302,2.48,1.35
2012.10.17 15:10:14.005,1.03289,1.03302,1.73,1.35
2012.10.17 15:10:14.144,1.03289,1.03303,1.73,3.23
2012.10.17 15:10:15.818,1.03288,1.03303,3.23,2.10
2012.10.17 15:10:15.965,1.03294,1.03305,1.50,5.85
2012.10.17 15:10:16.205,1.03294,1.03305,3.98,4.50
2012.10.17 15:10:16.745,1.03295,1.03308,2.48,1.50
2012.10.17 15:10:17.186,1.03294,1.03307,2.25,2.48
2012.10.17 15:10:17.714,1.03294,1.03306,1.50,1.35
2012.10.17 15:10:20.055,1.03292,1.03304,2.48,1.35
2012.10.17 15:10:20.436,1.0329,1.03304,1.73,4.73
2012.10.17 15:10:21.172,1.03294,1.03303,2.25,2.10
2012.10.17 15:10:21.617,1.03291,1.03306,2.10,2.48
2012.10.17 15:10:22.177,1.03291,1.03304,1.73,1.73
2012.10.17 15:10:22.725,1.03291,1.03306,1.73,2.48
2012.10.17 15:10:23.026,1.03293,1.03307,3.00,1.35
2012.10.17 15:10:23.086,1.03296,1.03308,1.50,1.35
2012.10.17 15:10:23.847,1.03292,1.03306,3.98,3.98
2012.10.17 15:10:23.907,1.03292,1.03304,2.48,1.73
2012.10.17 15:10:24.427,1.03291,1.03304,2.25,2.48
2012.10.17 15:10:24.632,1.03291,1.03304,1.50,2.48
2012.10.17 15:10:27.978,1.0329,1.03303,2.48,1.35
2012.10.17 15:10:28.484,1.0329,1.03303,1.50,1.73
2012.10.17 15:10:30.849,1.0329,1.03305,1.50,4.35
2012.10.17 15:10:31.167,1.03291,1.03305,1.50,2.85
2012.10.17 15:10:31.474,1.03291,1.03305,2.25,2.48
2012.10.17 15:10:33.875,1.0329,1.03304,2.48,1.73
2012.10.17 15:10:33.996,1.03289,1.03302,1.50,2.10
2012.10.17 15:10:34.116,1.03288,1.03299,2.25,1.73
2012.10.17 15:10:34.238,1.03284,1.03299,1.50,2.48
2012.10.17 15:10:36.435,1.03285,1.03299,1.50,1.35
2012.10.17 15:10:38.858,1.03286,1.03299,3.23,1.35
2012.10.17 15:10:38.926,1.03289,1.03299,1.50,1.35
2012.10.17 15:10:39.452,1.03287,1.03301,1.73,3.23
2012.10.17 15:10:39.833,1.03283,1.03299,3.75,2.10
2012.10.17 15:10:40.398,1.03285,1.03299,1.50,2.48
2012.10.17 15:10:40.525,1.03285,1.03299,1.50,2.48
2012.10.17 15:10:41.636,1.03285,1.03301,4.73,3.98
2012.10.17 15:10:41.696,1.03286,1.03303,3.23,4.35
2012.10.17 15:10:41.815,1.03286,1.03302,1.73,2.48
2012.10.17 15:10:42.265,1.03289,1.03303,2.25,3.60
2012.10.17 15:10:42.566,1.0329,1.03305,3.23,2.48
2012.10.17 15:10:47.510,1.03295,1.03305,2.25,1.50
2012.10.17 15:10:47.652,1.03295,1.0331,3.38,2.48
2012.10.17 15:10:47.800,1.03297,1.0331,2.48,1.73
2012.10.17 15:10:50.355,1.03299,1.03314,1.50,3.23
2012.10.17 15:10:51.934,1.03298,1.03312,1.50,2.10
2012.10.17 15:10:52.180,1.03297,1.03311,1.50,1.35
2012.10.17 15:10:52.305,1.03297,1.03311,1.73,1.35
2012.10.17 15:10:53.199,1.03298,1.03312,1.50,3.60
2012.10.17 15:10:53.268,1.03298,1.03312,1.50,3.60
2012.10.17 15:10:55.845,1.03298,1.03312,1.50,3.23
2012.10.17 15:10:57.207,1.03297,1.0331,3.98,2.10
2012.10.17 15:10:57.397,1.03294,1.0331,1.73,3.60
2012.10.17 15:10:57.755,1.03293,1.03307,1.73,2.48
2012.10.17 15:10:59.715,1.03291,1.03304,1.73,1.35
2012.10.17 15:10:59.837,1.03291,1.03304,1.50,1.35
2012.10.17 15:11:00.727,1.03291,1.03304,1.73,2.10
2012.10.17 15:11:01.610,1.03293,1.03304,1.50,1.73
2012.10.17 15:11:01.687,1.03293,1.03307,2.48,1.73
2012.10.17 15:11:02.290,1.03293,1.03307,3.23,1.73
2012.10.17 15:11:02.804,1.03294,1.03308,1.73,2.48
2012.10.17 15:11:03.525,1.03293,1.03308,1.73,2.10
2012.10.17 15:11:04.926,1.03293,1.03308,4.73,1.35
2012.10.17 15:11:06.780,1.03291,1.03305,1.73,1.35
2012.10.17 15:11:07.046,1.0329,1.03304,4.73,2.48
2012.10.17 15:11:07.955,1.03292,1.03305,3.75,1.35
2012.10.17 15:11:08.505,1.03292,1.03306,5.48,1.73
2012.10.17 15:11:11.306,1.03293,1.03308,2.48,2.85
2012.10.17 15:11:11.849,1.03297,1.03309,2.10,2.48
2012.10.17 15:11:11.978,1.03302,1.03313,2.48,2.84
2012.10.17 15:11:12.107,1.03307,1.03314,1.13,2.25
2012.10.17 15:11:12.175,1.0331,1.03314,1.50,2.25
2012.10.17 15:11:12.356,1.03317,1.03321,1.73,4.13
2012.10.17 15:11:12.415,1.03321,1.03326,3.75,4.41
2012.10.17 15:11:12.778,1.03322,1.0333,1.88,1.50
2012.10.17 15:11:12.845,1.03324,1.0333,1.35,1.50
2012.10.17 15:11:12.965,1.03326,1.03332,1.87,1.50
2012.10.17 15:11:13.505,1.03322,1.03332,4.20,1.50
2012.10.17 15:11:14.229,1.03321,1.0333,6.98,1.88
2012.10.17 15:11:14.356,1.03322,1.0333,1.73,1.88
2012.10.17 15:11:14.416,1.03323,1.0333,1.50,1.13
2012.10.17 15:11:14.943,1.03322,1.0333,4.88,3.38
2012.10.17 15:11:15.317,1.03326,1.03332,1.50,1.50
2012.10.17 15:11:15.377,1.03326,1.03333,1.50,2.70
2012.10.17 15:11:15.881,1.03322,1.03331,1.50,1.32
2012.10.17 15:11:15.950,1.03322,1.03331,1.50,1.32
2012.10.17 15:11:16.206,1.03321,1.03333,4.73,3.23
2012.10.17 15:11:16.325,1.03321,1.03333,3.98,2.48
2012.10.17 15:11:16.567,1.03317,1.03331,2.25,2.10
2012.10.17 15:11:16.749,1.03314,1.03328,1.13,1.73
2012.10.17 15:11:16.817,1.03314,1.03326,1.13,2.48
2012.10.17 15:11:17.606,1.03309,1.03323,3.98,2.10
2012.10.17 15:11:17.665,1.03309,1.03323,4.73,2.10
2012.10.17 15:11:18.094,1.03309,1.03322,2.48,1.35
2012.10.17 15:11:18.495,1.03309,1.03323,3.23,1.35
2012.10.17 15:11:18.888,1.03309,1.03325,3.23,3.23
2012.10.17 15:11:18.957,1.03313,1.03325,1.73,2.48
2012.10.17 15:11:19.086,1.03311,1.03325,3.23,2.48
2012.10.17 15:11:19.626,1.03311,1.03327,3.60,1.73
2012.10.17 15:11:19.745,1.03314,1.03328,3.00,3.23
2012.10.17 15:11:20.192,1.03319,1.0333,3.75,1.73
2012.10.17 15:11:20.259,1.03318,1.0333,1.50,1.73
2012.10.17 15:11:20.636,1.03318,1.03332,2.48,1.35
2012.10.17 15:11:20.755,1.03318,1.03333,2.85,1.73
2012.10.17 15:11:21.067,1.03322,1.03333,1.73,1.50
2012.10.17 15:11:21.426,1.03325,1.03335,3.75,1.50
2012.10.17 15:11:21.751,1.03329,1.03336,1.73,1.50
2012.10.17 15:11:22.056,1.0333,1.03338,1.73,1.50
2012.10.17 15:11:22.246,1.03331,1.03339,1.50,1.50
2012.10.17 15:11:22.369,1.03335,1.03341,1.88,1.73
2012.10.17 15:11:22.678,1.03336,1.03342,1.35,1.80
2012.10.17 15:11:23.226,1.03337,1.03342,1.50,1.50
2012.10.17 15:11:24.103,1.03335,1.03343,3.98,1.13
2012.10.17 15:11:24.408,1.03327,1.03338,2.48,1.50
2012.10.17 15:11:24.485,1.03328,1.03338,1.50,1.73
2012.10.17 15:11:24.629,1.03326,1.03338,1.50,2.48
2012.10.17 15:11:24.696,1.03326,1.03339,1.50,5.48
2012.10.17 15:11:24.758,1.03324,1.03338,1.88,1.73
2012.10.17 15:11:25.265,1.03322,1.03336,2.48,1.73
2012.10.17 15:11:25.334,1.03324,1.03336,1.73,1.73
2012.10.17 15:11:25.785,1.03327,1.03339,2.70,2.48
2012.10.17 15:11:26.325,1.03328,1.03339,1.73,1.73
2012.10.17 15:11:26.535,1.03328,1.03339,1.73,1.73
2012.10.17 15:11:26.669,1.03328,1.03341,1.73,1.73
2012.10.17 15:11:27.625,1.03329,1.03341,1.50,1.73
2012.10.17 15:11:28.186,1.0333,1.03341,1.50,1.73
2012.10.17 15:11:28.246,1.03331,1.03341,1.73,1.50
2012.10.17 15:11:28.368,1.03332,1.03344,1.73,1.73
2012.10.17 15:11:28.438,1.03333,1.03345,1.50,1.73
2012.10.17 15:11:28.920,1.03331,1.03345,3.23,1.73
2012.10.17 15:11:29.235,1.0333,1.03341,2.25,1.73
2012.10.17 15:11:29.737,1.03327,1.03341,2.48,3.98
2012.10.17 15:11:30.415,1.03327,1.03343,2.48,3.23
2012.10.17 15:11:30.564,1.03327,1.03343,1.73,3.23
2012.10.17 15:11:32.034,1.03331,1.03344,3.98,2.48
2012.10.17 15:11:32.625,1.03336,1.03344,3.75,1.73
2012.10.17 15:11:32.926,1.03338,1.03344,3.98,1.50
2012.10.17 15:11:33.172,1.03341,1.03349,1.50,1.50
2012.10.17 15:11:34.025,1.03339,1.03351,1.73,1.73
2012.10.17 15:11:34.476,1.03341,1.03351,1.73,2.01
2012.10.17 15:11:34.598,1.03345,1.03351,2.10,2.01
2012.10.17 15:11:34.845,1.03348,1.03356,1.73,2.63
2012.10.17 15:11:35.354,1.03348,1.03356,1.73,2.63
2012.10.17 15:11:35.595,1.03345,1.03356,1.50,4.35
2012.10.17 15:11:35.775,1.03345,1.03354,1.50,1.73
2012.10.17 15:11:36.135,1.03343,1.0335,1.50,1.73
2012.10.17 15:11:36.451,1.0334,1.03347,3.00,2.85
2012.10.17 15:11:36.594,1.03336,1.03347,1.64,3.04
2012.10.17 15:11:36.659,1.03333,1.03346,2.25,3.23
2012.10.17 15:11:37.505,1.03332,1.03346,1.50,2.48
2012.10.17 15:11:38.025,1.03331,1.03343,4.50,1.73
2012.10.17 15:11:38.145,1.03329,1.03339,1.50,1.73
2012.10.17 15:11:38.329,1.03327,1.03343,2.48,7.73
2012.10.17 15:11:38.635,1.03332,1.03341,1.50,1.50
2012.10.17 15:11:39.036,1.03332,1.03343,1.73,1.50
2012.10.17 15:11:39.595,1.03332,1.03346,1.73,1.35
2012.10.17 15:11:39.776,1.03339,1.03347,2.48,3.23
2012.10.17 15:11:39.956,1.03338,1.03348,3.23,2.10
2012.10.17 15:11:40.266,1.03339,1.03352,1.73,1.73
2012.10.17 15:11:40.717,1.03338,1.03349,2.70,1.73
2012.10.17 15:11:41.195,1.03338,1.03348,2.70,3.23
2012.10.17 15:11:41.554,1.03338,1.03347,2.48,1.35
2012.10.17 15:11:42.196,1.03334,1.03347,1.73,1.35
2012.10.17 15:11:42.585,1.03332,1.03346,1.73,1.73
2012.10.17 15:11:43.436,1.0333,1.03344,1.50,3.23
2012.10.17 15:11:43.496,1.03329,1.03343,2.70,1.73
2012.10.17 15:11:43.564,1.03329,1.03342,2.48,1.73
2012.10.17 15:11:43.866,1.03329,1.03341,2.48,1.73
2012.10.17 15:11:44.368,1.03328,1.03341,1.73,1.73
2012.10.17 15:11:44.898,1.03325,1.0334,2.25,1.73
2012.10.17 15:11:45.296,1.03324,1.0334,3.98,3.98
2012.10.17 15:11:47.015,1.03324,1.03339,3.23,2.48
2012.10.17 15:11:47.076,1.03324,1.03337,3.00,1.73
2012.10.17 15:11:47.394,1.03322,1.03334,3.75,1.73
2012.10.17 15:11:47.936,1.03323,1.03336,1.50,1.73
2012.10.17 15:11:48.135,1.03323,1.03336,1.50,1.73
2012.10.17 15:11:48.315,1.03321,1.03335,2.25,1.73
2012.10.17 15:11:50.146,1.0332,1.03334,1.73,1.35
2012.10.17 15:11:50.205,1.0332,1.03334,1.73,1.73
2012.10.17 15:11:51.834,1.0332,1.03334,1.73,1.73
2012.10.17 15:11:51.956,1.03321,1.03334,1.35,1.73
2012.10.17 15:11:52.515,1.03321,1.03334,1.35,1.73
2012.10.17 15:11:53.435,1.03321,1.03334,1.35,2.48
2012.10.17 15:11:53.965,1.03321,1.03334,1.35,2.48
2012.10.17 15:11:55.259,1.03318,1.03333,4.12,1.73
2012.10.17 15:11:55.764,1.0332,1.03333,1.73,1.73
2012.10.17 15:11:56.066,1.03327,1.03335,1.13,3.00
2012.10.17 15:11:56.446,1.03327,1.03341,4.88,3.23
2012.10.17 15:11:56.505,1.03327,1.03341,1.13,3.23
2012.10.17 15:11:58.196,1.03327,1.03341,1.50,3.23
2012.10.17 15:11:58.317,1.03326,1.03341,1.73,2.48
2012.10.17 15:11:58.377,1.03326,1.03341,1.50,3.23
2012.10.17 15:11:58.737,1.03327,1.03342,2.25,1.73
2012.10.17 15:11:58.856,1.03327,1.03342,2.48,1.73
2012.10.17 15:11:58.976,1.03328,1.03343,3.23,2.48
2012.10.17 15:11:59.335,1.0333,1.03344,1.73,1.73
2012.10.17 15:11:59.696,1.03332,1.03344,1.50,1.73
2012.10.17 15:11:59.758,1.03335,1.03344,1.50,1.73
2012.10.17 15:12:00.264,1.03335,1.03349,1.73,3.98
2012.10.17 15:12:00.765,1.03335,1.03349,1.73,3.23
2012.10.17 15:12:01.587,1.0334,1.03351,2.25,1.73
2012.10.17 15:12:01.894,1.0334,1.03354,1.50,2.85
2012.10.17 15:12:03.415,1.03338,1.03353,2.10,1.73
2012.10.17 15:12:04.759,1.03336,1.03351,2.10,1.73
2012.10.17 15:12:05.103,1.03336,1.03347,1.13,1.73
2012.10.17 15:12:05.414,1.03336,1.0335,1.35,1.73
2012.10.17 15:12:05.475,1.03336,1.0335,1.35,1.73
2012.10.17 15:12:06.145,1.03336,1.0335,1.35,1.73
2012.10.17 15:12:07.172,1.03335,1.03348,1.35,2.48
2012.10.17 15:12:07.545,1.03335,1.03348,1.35,2.48
2012.10.17 15:12:08.395,1.03334,1.03348,1.50,2.48
2012.10.17 15:12:09.086,1.03332,1.03348,1.73,2.48
2012.10.17 15:12:09.418,1.03335,1.03349,1.73,2.48
2012.10.17 15:12:09.945,1.03337,1.03351,1.73,3.98
2012.10.17 15:12:10.246,1.03339,1.03352,2.25,1.73
2012.10.17 15:12:10.616,1.03339,1.03353,2.25,1.73
2012.10.17 15:12:11.714,1.03341,1.03354,2.48,1.73
2012.10.17 15:12:12.206,1.03346,1.03355,1.50,1.35
2012.10.17 15:12:12.506,1.03346,1.03357,2.48,2.25
2012.10.17 15:12:12.688,1.03346,1.03361,2.48,1.73
2012.10.17 15:12:13.056,1.03348,1.03361,1.50,1.73
2012.10.17 15:12:13.676,1.03347,1.03361,1.73,1.73
2012.10.17 15:12:15.514,1.03347,1.03363,2.48,2.48
2012.10.17 15:12:15.816,1.03346,1.0336,1.50,5.48
2012.10.17 15:12:16.816,1.03344,1.03356,2.48,1.73
2012.10.17 15:12:17.628,1.03344,1.03356,2.48,1.73
2012.10.17 15:12:18.195,1.03344,1.03358,2.85,1.73
2012.10.17 15:12:18.612,1.03344,1.03358,2.10,2.48
2012.10.17 15:12:18.677,1.03344,1.03358,1.88,2.48
2012.10.17 15:12:22.285,1.03344,1.03359,2.25,1.73
2012.10.17 15:12:22.954,1.03344,1.03359,1.50,3.23
2012.10.17 15:12:23.495,1.03343,1.03359,1.50,3.23
2012.10.17 15:12:25.024,1.03342,1.03356,1.73,1.73
2012.10.17 15:12:25.326,1.03342,1.03356,1.50,2.48
2012.10.17 15:12:25.829,1.03339,1.03353,2.10,1.73
2012.10.17 15:12:26.136,1.03336,1.03347,1.64,1.73
2012.10.17 15:12:26.255,1.03333,1.03347,2.48,1.73
2012.10.17 15:12:26.557,1.03333,1.03346,1.50,1.73
2012.10.17 15:12:27.195,1.03332,1.03346,5.25,3.23
2012.10.17 15:12:27.865,1.03331,1.03346,2.25,2.48
2012.10.17 15:12:28.696,1.03331,1.03342,1.50,1.73
2012.10.17 15:12:28.935,1.03325,1.03335,1.73,1.73
2012.10.17 15:12:29.355,1.03323,1.03335,3.98,1.73
2012.10.17 15:12:29.484,1.03323,1.03336,3.75,1.73
2012.10.17 15:12:30.382,1.03321,1.03336,2.25,1.73
2012.10.17 15:12:30.528,1.03322,1.03338,1.13,2.33
2012.10.17 15:12:30.726,1.03325,1.0334,2.25,2.48
2012.10.17 15:12:31.217,1.03322,1.03336,1.88,1.73
2012.10.17 15:12:35.202,1.03322,1.03336,1.50,5.48
2012.10.17 15:12:35.729,1.03322,1.03333,1.50,1.73
2012.10.17 15:12:35.856,1.03318,1.0333,1.65,1.50
2012.10.17 15:12:36.277,1.03316,1.0333,1.50,1.73
2012.10.17 15:12:36.335,1.03315,1.0333,4.13,1.73
2012.10.17 15:12:38.315,1.03315,1.0333,1.35,2.48
2012.10.17 15:12:41.256,1.03318,1.03329,1.50,1.73
2012.10.17 15:12:41.735,1.03318,1.03332,2.48,1.73
2012.10.17 15:12:44.234,1.03317,1.03332,3.98,1.73
2012.10.17 15:12:45.634,1.0332,1.03333,1.50,1.73
2012.10.17 15:12:45.694,1.0332,1.03333,1.73,1.73
2012.10.17 15:12:45.875,1.03319,1.03333,1.73,1.73
2012.10.17 15:12:46.889,1.03319,1.03331,1.50,1.58
2012.10.17 15:12:47.196,1.03317,1.03327,3.75,1.73
2012.10.17 15:12:47.621,1.03311,1.03325,1.50,1.73
2012.10.17 15:12:50.226,1.03311,1.03326,1.50,2.48
2012.10.17 15:12:50.775,1.03312,1.03327,2.48,2.48
2012.10.17 15:12:51.334,1.03313,1.03328,2.48,2.48
2012.10.17 15:12:52.847,1.03318,1.03328,1.50,1.73
2012.10.17 15:12:53.026,1.03319,1.03331,1.13,2.82
2012.10.17 15:12:53.146,1.03319,1.03331,1.35,1.73
2012.10.17 15:12:53.567,1.03321,1.03336,3.00,3.23
2012.10.17 15:12:53.693,1.03324,1.03336,1.13,1.73
2012.10.17 15:12:53.874,1.03325,1.03339,2.25,1.73
2012.10.17 15:12:54.585,1.03325,1.0334,3.23,5.48
2012.10.17 15:12:54.907,1.03326,1.03341,2.48,2.48
2012.10.17 15:12:55.277,1.03327,1.03343,2.48,2.48
2012.10.17 15:12:55.395,1.03327,1.03343,2.48,3.23
2012.10.17 15:12:56.121,1.03326,1.03341,3.23,3.98
2012.10.17 15:12:58.545,1.03327,1.03341,1.73,1.73
2012.10.17 15:12:58.785,1.03327,1.03342,3.23,1.73
2012.10.17 15:12:59.025,1.03327,1.03341,1.73,1.73
2012.10.17 15:12:59.594,1.03327,1.03341,1.73,1.73
2012.10.17 15:13:00.186,1.03327,1.0334,1.73,1.73
2012.10.17 15:13:00.248,1.03326,1.0334,1.13,1.73
2012.10.17 15:13:00.556,1.03328,1.03341,2.25,1.73
2012.10.17 15:13:00.916,1.03328,1.03341,2.25,1.73
2012.10.17 15:13:00.976,1.03329,1.03341,2.25,1.73
2012.10.17 15:13:01.395,1.03328,1.03341,1.50,3.23
2012.10.17 15:13:01.866,1.03327,1.03339,1.73,1.73
2012.10.17 15:13:02.105,1.03325,1.03336,1.13,1.73
2012.10.17 15:13:02.626,1.03324,1.03338,1.73,1.73
2012.10.17 15:13:03.064,1.0333,1.0334,1.50,2.25
2012.10.17 15:13:03.211,1.0333,1.0334,1.50,2.25
2012.10.17 15:13:03.839,1.03331,1.0334,1.50,2.25
2012.10.17 15:13:04.166,1.03332,1.03344,2.25,1.73
2012.10.17 15:13:04.799,1.03332,1.03344,2.25,1.73
2012.10.17 15:13:04.986,1.03332,1.03344,2.48,1.50
2012.10.17 15:13:06.285,1.03333,1.03349,3.23,2.48
2012.10.17 15:13:06.405,1.03333,1.03349,3.98,2.48
2012.10.17 15:13:07.260,1.03336,1.03351,2.48,3.23
2012.10.17 15:13:07.916,1.03337,1.03351,1.73,3.23
2012.10.17 15:13:09.467,1.03339,1.03353,1.73,2.48
2012.10.17 15:13:09.717,1.0334,1.03355,1.73,1.73
2012.10.17 15:13:10.267,1.03341,1.03355,1.50,2.48
2012.10.17 15:13:10.340,1.03341,1.03355,1.73,2.48
2012.10.17 15:13:10.946,1.03342,1.03355,4.50,2.48
2012.10.17 15:13:11.576,1.03342,1.03356,4.58,3.23
2012.10.17 15:13:12.346,1.03346,1.03356,3.75,2.48
2012.10.17 15:13:12.527,1.03344,1.03358,1.35,2.48
2012.10.17 15:13:13.035,1.03344,1.03356,1.35,1.73
2012.10.17 15:13:13.575,1.03345,1.03359,3.00,3.23
2012.10.17 15:13:15.694,1.03345,1.03359,4.13,2.48
2012.10.17 15:13:15.816,1.03348,1.03361,2.48,1.73
2012.10.17 15:13:16.181,1.03348,1.03362,3.60,4.73
2012.10.17 15:13:16.488,1.0335,1.03362,2.25,4.73
2012.10.17 15:13:19.870,1.03352,1.03365,1.73,2.48
2012.10.17 15:13:21.125,1.0335,1.03367,1.73,2.85
2012.10.17 15:13:21.627,1.0335,1.03364,1.73,2.48
2012.10.17 15:13:22.476,1.03349,1.03364,1.35,2.48
2012.10.17 15:13:22.718,1.03348,1.03364,2.85,4.35
2012.10.17 15:13:23.229,1.03346,1.03362,6.08,1.73
2012.10.17 15:13:23.954,1.03346,1.03363,3.83,2.48
2012.10.17 15:13:24.500,1.03346,1.03363,3.83,2.48
2012.10.17 15:13:24.695,1.03346,1.03361,3.08,2.48
2012.10.17 15:13:24.936,1.03346,1.03362,5.33,1.73
2012.10.17 15:13:28.126,1.03346,1.03362,2.48,1.73
2012.10.17 15:13:29.061,1.03346,1.03362,2.48,1.73
2012.10.17 15:13:29.595,1.03346,1.03362,2.48,1.73
2012.10.17 15:13:31.716,1.03346,1.03362,2.48,1.73
2012.10.17 15:13:31.775,1.03348,1.03363,4.73,2.85
2012.10.17 15:13:32.948,1.03349,1.03364,1.73,1.73
2012.10.17 15:13:36.625,1.03349,1.03365,1.73,3.98
2012.10.17 15:13:37.165,1.03349,1.03365,3.08,3.98
2012.10.17 15:13:37.346,1.03351,1.03365,2.48,1.73
2012.10.17 15:13:37.825,1.03355,1.03367,1.50,1.73
2012.10.17 15:13:37.885,1.03355,1.03367,1.50,1.73
2012.10.17 15:13:38.185,1.03355,1.0337,1.73,2.48
2012.10.17 15:13:38.744,1.03355,1.0337,1.65,2.48
2012.10.17 15:13:39.874,1.03354,1.03368,2.10,1.73
2012.10.17 15:13:41.516,1.03353,1.03367,5.10,2.48
2012.10.17 15:13:44.076,1.03351,1.03364,2.25,1.73
2012.10.17 15:13:44.151,1.03349,1.03364,1.73,3.23
2012.10.17 15:13:47.086,1.03348,1.03364,3.23,3.23
2012.10.17 15:13:48.205,1.03349,1.03364,2.48,1.73
2012.10.17 15:13:48.735,1.03348,1.03364,3.83,3.23
2012.10.17 15:13:50.106,1.03351,1.03364,1.73,3.23
2012.10.17 15:13:50.826,1.03352,1.03364,4.50,3.23
2012.10.17 15:13:50.947,1.03355,1.03364,1.50,2.48
2012.10.17 15:13:51.006,1.03355,1.03367,1.50,1.35
2012.10.17 15:13:51.186,1.03355,1.0337,2.10,3.84
2012.10.17 15:13:51.247,1.03356,1.0337,1.73,3.09
2012.10.17 15:13:53.786,1.03355,1.03371,3.83,1.73
2012.10.17 15:13:53.968,1.03354,1.03366,1.35,1.50
2012.10.17 15:13:54.087,1.03351,1.03364,1.73,1.50
2012.10.17 15:13:54.446,1.0335,1.03364,2.10,1.73
2012.10.17 15:13:54.567,1.03351,1.03364,1.73,2.25
2012.10.17 15:13:54.625,1.03358,1.03365,1.50,1.50
2012.10.17 15:13:54.928,1.03359,1.03366,4.88,1.50
2012.10.17 15:13:55.831,1.03359,1.03369,1.88,1.73
2012.10.17 15:13:55.912,1.03359,1.03375,3.60,3.23
2012.10.17 15:13:56.815,1.03359,1.03374,3.23,2.48
2012.10.17 15:13:56.996,1.0336,1.03374,3.08,1.73
2012.10.17 15:13:57.355,1.0336,1.03377,3.08,2.48
2012.10.17 15:13:57.657,1.03361,1.03377,1.73,1.73
2012.10.17 15:13:57.775,1.03363,1.03378,3.00,1.35
2012.10.17 15:13:58.317,1.03362,1.03376,5.48,2.48
2012.10.17 15:13:58.865,1.03362,1.03374,5.25,2.48
2012.10.17 15:13:59.165,1.0336,1.03373,1.35,1.73
2012.10.17 15:13:59.646,1.03365,1.03374,1.50,1.73
2012.10.17 15:14:00.256,1.03365,1.03378,2.25,2.48
2012.10.17 15:14:00.335,1.03365,1.03378,1.73,3.98
2012.10.17 15:14:00.467,1.03362,1.03375,1.73,2.25
2012.10.17 15:14:00.526,1.03364,1.03373,3.98,2.25
2012.10.17 15:14:01.094,1.03363,1.03374,4.73,1.50
2012.10.17 15:14:05.105,1.03364,1.03379,4.73,1.35
2012.10.17 15:14:06.054,1.03364,1.03379,3.98,1.35
2012.10.17 15:14:06.246,1.03364,1.03379,3.98,1.35
2012.10.17 15:14:06.606,1.03365,1.03379,1.73,1.73
2012.10.17 15:14:06.906,1.03367,1.03381,1.13,3.23
2012.10.17 15:14:08.471,1.03365,1.03377,1.73,2.25
2012.10.17 15:14:08.540,1.03362,1.03374,1.73,2.48
2012.10.17 15:14:08.604,1.03358,1.03374,1.73,3.23
2012.10.17 15:14:09.359,1.03361,1.03374,2.48,2.48
2012.10.17 15:14:09.669,1.03365,1.03379,2.25,2.10
2012.10.17 15:14:09.741,1.03365,1.03379,3.23,2.10
2012.10.17 15:14:09.933,1.03365,1.03381,3.98,2.48
2012.10.17 15:14:10.245,1.03374,1.03381,1.73,1.50
2012.10.17 15:14:10.568,1.03374,1.03386,1.73,2.48
2012.10.17 15:14:11.118,1.03374,1.03386,1.73,1.73
2012.10.17 15:14:12.346,1.03374,1.03388,1.73,1.73
2012.10.17 15:14:12.406,1.03377,1.03389,1.35,1.73
2012.10.17 15:14:12.466,1.03378,1.03392,2.48,2.48
2012.10.17 15:14:12.704,1.03378,1.03393,3.23,1.88
2012.10.17 15:14:13.507,1.03383,1.03393,1.50,1.50
2012.10.17 15:14:13.747,1.03388,1.03398,1.50,1.17
2012.10.17 15:14:14.105,1.03388,1.034,4.50,1.92
2012.10.17 15:14:14.166,1.03388,1.034,4.73,1.88
2012.10.17 15:14:14.285,1.0339,1.03403,3.98,3.23
2012.10.17 15:14:14.848,1.0339,1.03403,3.98,2.48
2012.10.17 15:14:16.365,1.03394,1.03403,3.75,1.73
2012.10.17 15:14:16.667,1.03399,1.03404,3.75,2.25
2012.10.17 15:14:17.215,1.03399,1.03406,3.75,1.13
2012.10.17 15:14:19.270,1.03399,1.03407,3.00,1.73
2012.10.17 15:14:19.685,1.03397,1.03407,3.75,3.23
2012.10.17 15:14:19.876,1.03397,1.03403,3.75,2.25
2012.10.17 15:14:20.070,1.03391,1.03401,1.73,1.50
2012.10.17 15:14:20.375,1.0339,1.03401,1.50,1.73
2012.10.17 15:14:20.636,1.03389,1.03401,1.13,1.73
2012.10.17 15:14:21.176,1.03388,1.03401,1.73,2.48
2012.10.17 15:14:21.509,1.03385,1.03398,1.73,2.48
2012.10.17 15:14:24.154,1.0338,1.03394,4.50,2.25
2012.10.17 15:14:24.220,1.03379,1.03394,1.73,2.48
2012.10.17 15:14:24.287,1.03379,1.03393,1.73,1.73
2012.10.17 15:14:24.827,1.03379,1.0339,1.73,1.73
2012.10.17 15:14:25.019,1.03384,1.03393,1.50,1.50
2012.10.17 15:14:25.090,1.03386,1.03397,1.88,1.73
2012.10.17 15:14:25.158,1.03389,1.03398,1.50,1.50
2012.10.17 15:14:25.218,1.03389,1.03398,2.85,1.50
2012.10.17 15:14:25.287,1.03391,1.03398,3.75,1.50
2012.10.17 15:14:25.946,1.03391,1.03402,3.98,1.13
2012.10.17 15:14:26.486,1.03389,1.03401,6.23,1.73
2012.10.17 15:14:27.027,1.03385,1.03397,1.73,1.50
2012.10.17 15:14:27.568,1.03386,1.03397,1.50,1.73
2012.10.17 15:14:27.637,1.03386,1.03397,2.10,1.50
2012.10.17 15:14:27.876,1.03386,1.034,2.10,5.48
2012.10.17 15:14:28.458,1.03386,1.03398,1.73,1.50
2012.10.17 15:14:28.528,1.03383,1.03395,3.08,1.50
2012.10.17 15:14:28.655,1.03383,1.03395,2.33,1.73
2012.10.17 15:14:28.775,1.03383,1.03395,1.50,1.73
2012.10.17 15:14:28.896,1.03383,1.03395,1.50,1.73
2012.10.17 15:14:29.226,1.03382,1.03395,5.48,1.73
2012.10.17 15:14:30.695,1.03382,1.03395,3.23,1.73
2012.10.17 15:14:31.088,1.03381,1.03395,1.50,2.48
2012.10.17 15:14:31.156,1.03381,1.03395,1.73,1.73
2012.10.17 15:14:32.713,1.03377,1.0339,2.10,1.73
2012.10.17 15:14:33.596,1.03375,1.03389,2.10,2.25
2012.10.17 15:14:33.716,1.03375,1.03388,1.35,1.73
2012.10.17 15:14:33.896,1.03375,1.03385,1.13,1.73
2012.10.17 15:14:34.325,1.03371,1.03384,3.23,1.73
2012.10.17 15:14:34.986,1.03371,1.03384,1.73,3.23
2012.10.17 15:14:35.105,1.03371,1.03384,1.73,1.73
2012.10.17 15:14:36.426,1.0337,1.03384,1.73,1.73
2012.10.17 15:14:36.785,1.03371,1.03384,1.35,1.73
2012.10.17 15:14:38.828,1.03371,1.03387,4.20,3.60
2012.10.17 15:14:39.135,1.03371,1.03384,2.10,1.73
2012.10.17 15:14:41.715,1.03372,1.03386,1.73,3.23
2012.10.17 15:14:41.836,1.03371,1.03384,4.35,1.73
2012.10.17 15:14:41.956,1.03372,1.03386,1.73,1.73
2012.10.17 15:14:42.475,1.03372,1.03386,1.73,1.73
2012.10.17 15:14:43.685,1.03373,1.03386,1.73,1.73
2012.10.17 15:14:44.007,1.03372,1.03385,1.35,2.48
2012.10.17 15:14:44.317,1.03372,1.03386,2.10,1.73
2012.10.17 15:14:44.495,1.03373,1.03387,1.73,1.73
2012.10.17 15:14:44.948,1.03373,1.03387,2.48,1.73
2012.10.17 15:14:45.468,1.03372,1.03387,2.10,1.73
2012.10.17 15:14:45.988,1.0337,1.03384,2.48,1.50
2012.10.17 15:14:46.056,1.03369,1.03384,1.73,1.73
2012.10.17 15:14:46.787,1.0337,1.03384,2.85,1.73
2012.10.17 15:14:48.845,1.03371,1.03386,1.73,2.48
2012.10.17 15:14:49.026,1.03371,1.03383,1.73,1.50
2012.10.17 15:14:49.087,1.03371,1.03383,1.73,2.87
2012.10.17 15:14:49.152,1.03369,1.03382,1.88,3.98
2012.10.17 15:14:49.219,1.03369,1.03381,1.50,1.73
2012.10.17 15:14:49.527,1.03365,1.03382,2.48,2.48
2012.10.17 15:14:49.915,1.03366,1.03382,2.48,1.35
2012.10.17 15:14:52.459,1.0337,1.03385,1.73,1.73
2012.10.17 15:14:52.995,1.03368,1.03385,4.73,1.73
2012.10.17 15:14:53.525,1.03368,1.03385,3.23,1.73
2012.10.17 15:14:55.985,1.03368,1.03384,3.23,2.10
2012.10.17 15:14:56.105,1.03368,1.03384,3.23,2.10
2012.10.17 15:14:58.425,1.03368,1.03384,3.23,2.10
2012.10.17 15:14:59.375,1.03368,1.03384,3.23,1.73
2012.10.17 15:15:00.556,1.03369,1.03385,1.35,1.73
2012.10.17 15:15:01.695,1.03371,1.03387,2.48,3.23
2012.10.17 15:15:03.617,1.03371,1.03387,2.48,3.23
2012.10.17 15:15:03.856,1.03373,1.03387,1.73,3.23
2012.10.17 15:15:04.395,1.03373,1.03389,3.98,3.23
2012.10.17 15:15:04.517,1.03372,1.03386,1.73,2.48
2012.10.17 15:15:05.056,1.03369,1.03383,2.48,1.73
2012.10.17 15:15:06.783,1.03369,1.03386,3.23,1.73
2012.10.17 15:15:07.763,1.03369,1.03385,1.73,3.98
2012.10.17 15:15:08.125,1.03373,1.03387,1.73,1.73
2012.10.17 15:15:08.675,1.03373,1.03387,1.73,1.73
2012.10.17 15:15:09.740,1.03375,1.0339,2.40,3.75
2012.10.17 15:15:09.952,1.03379,1.03388,1.50,1.73
2012.10.17 15:15:10.206,1.03379,1.03391,1.50,1.73
2012.10.17 15:15:10.449,1.03383,1.03397,1.50,2.48
2012.10.17 15:15:10.524,1.03387,1.03397,1.13,2.48
2012.10.17 15:15:11.088,1.03387,1.03397,1.35,2.25
2012.10.17 15:15:12.175,1.03384,1.03397,2.10,3.00
2012.10.17 15:15:12.757,1.03384,1.03397,2.10,1.73
2012.10.17 15:15:13.076,1.03383,1.03393,2.25,1.73
2012.10.17 15:15:13.135,1.03379,1.03393,3.23,3.23
2012.10.17 15:15:13.315,1.03378,1.03393,2.48,3.23
2012.10.17 15:15:13.864,1.03378,1.03393,1.73,3.23
2012.10.17 15:15:14.406,1.03376,1.03391,1.35,2.10
2012.10.17 15:15:14.466,1.03376,1.03391,1.35,2.10
2012.10.17 15:15:14.978,1.03373,1.03386,2.10,1.50
2012.10.17 15:15:15.280,1.03374,1.03388,1.73,1.50
2012.10.17 15:15:15.795,1.03381,1.03394,1.50,1.73
2012.10.17 15:15:16.096,1.03378,1.03391,2.25,1.73
2012.10.17 15:15:16.636,1.0338,1.03394,1.73,2.48
2012.10.17 15:15:17.196,1.0338,1.03394,1.73,2.48
2012.10.17 15:15:17.455,1.0338,1.03394,1.73,2.48
2012.10.17 15:15:17.577,1.0338,1.03391,1.50,1.73
2012.10.17 15:15:18.115,1.03379,1.03391,2.25,1.73
2012.10.17 15:15:18.806,1.03379,1.03391,1.50,1.73
2012.10.17 15:15:19.357,1.03376,1.0339,2.48,2.34
2012.10.17 15:15:19.675,1.03374,1.03381,3.98,1.50
2012.10.17 15:15:19.796,1.03375,1.03383,1.50,1.50
2012.10.17 15:15:20.036,1.03374,1.03382,3.98,3.00
2012.10.17 15:15:20.340,1.03372,1.03377,3.75,1.50
2012.10.17 15:15:20.899,1.03362,1.03377,3.98,2.25
2012.10.17 15:15:21.107,1.03361,1.03376,1.73,2.48
2012.10.17 15:15:22.085,1.03358,1.03373,2.10,3.23
2012.10.17 15:15:22.145,1.03359,1.03373,1.73,3.98
2012.10.17 15:15:22.266,1.03358,1.03373,1.73,4.73
2012.10.17 15:15:22.794,1.03358,1.03373,1.73,3.23
2012.10.17 15:15:24.935,1.03359,1.03373,2.48,1.73
2012.10.17 15:15:25.595,1.03359,1.03373,2.48,1.73
2012.10.17 15:15:26.075,1.03357,1.03373,2.48,2.48
2012.10.17 15:15:26.507,1.03354,1.03368,3.98,1.73
2012.10.17 15:15:27.376,1.03357,1.03368,1.50,1.73
2012.10.17 15:15:27.595,1.03355,1.03368,1.73,1.73
2012.10.17 15:15:28.565,1.03357,1.03368,1.50,1.73
2012.10.17 15:15:28.925,1.03361,1.03369,2.63,3.75
2012.10.17 15:15:30.096,1.03361,1.03375,1.50,1.73
2012.10.17 15:15:31.186,1.03359,1.03375,3.60,1.73
2012.10.17 15:15:31.724,1.03361,1.03374,1.50,1.73
2012.10.17 15:15:33.525,1.03359,1.03373,2.85,2.48
2012.10.17 15:15:35.454,1.0336,1.03373,5.10,2.48
2012.10.17 15:15:35.755,1.0336,1.03376,3.98,2.48
2012.10.17 15:15:36.294,1.03361,1.03377,1.73,1.73
2012.10.17 15:15:37.094,1.03362,1.03378,3.98,2.85
2012.10.17 15:15:42.206,1.03364,1.03378,2.48,5.25
2012.10.17 15:15:42.266,1.03364,1.03379,4.73,1.73
2012.10.17 15:15:42.687,1.03367,1.03381,2.48,1.35
2012.10.17 15:15:46.066,1.03368,1.03382,1.73,2.48
2012.10.17 15:15:49.816,1.03368,1.03384,1.73,3.23
2012.10.17 15:15:50.511,1.03369,1.03381,1.73,3.98
2012.10.17 15:15:50.699,1.03368,1.0338,1.13,1.73
2012.10.17 15:15:50.959,1.03366,1.03378,1.35,1.73
2012.10.17 15:15:51.026,1.03365,1.03378,2.10,1.73
2012.10.17 15:15:51.387,1.03367,1.03378,1.50,1.73
2012.10.17 15:15:51.745,1.0337,1.0338,2.63,1.73
2012.10.17 15:15:51.927,1.0337,1.03383,2.10,2.25
2012.10.17 15:15:52.336,1.03369,1.03383,5.48,2.48
2012.10.17 15:15:52.757,1.03367,1.03382,3.14,3.23
2012.10.17 15:15:52.875,1.03367,1.03378,1.27,4.73
2012.10.17 15:15:52.937,1.03367,1.03377,1.27,1.73
2012.10.17 15:15:53.548,1.03363,1.03377,2.48,1.73
2012.10.17 15:15:54.115,1.03362,1.03377,1.50,1.73
2012.10.17 15:15:54.176,1.0336,1.03371,3.37,3.75
2012.10.17 15:15:54.535,1.03356,1.03361,1.50,1.50
2012.10.17 15:15:54.716,1.0335,1.03359,3.68,1.73
2012.10.17 15:15:54.779,1.03353,1.03359,3.29,1.73
2012.10.17 15:15:54.845,1.03346,1.03359,2.55,1.73
2012.10.17 15:15:54.905,1.03346,1.03359,1.73,1.73
2012.10.17 15:15:55.086,1.03344,1.03359,2.85,1.73
2012.10.17 15:15:55.505,1.03347,1.03362,1.73,1.73
2012.10.17 15:15:55.625,1.03347,1.03362,1.73,1.73
2012.10.17 15:15:56.295,1.0335,1.03362,1.50,1.73
2012.10.17 15:15:56.535,1.03352,1.03363,2.25,3.98
2012.10.17 15:15:56.655,1.0335,1.03365,3.23,5.48
2012.10.17 15:15:57.288,1.03353,1.03367,1.73,3.23
2012.10.17 15:15:58.937,1.03353,1.03367,3.00,1.73
2012.10.17 15:16:03.775,1.03352,1.03362,1.73,1.50
2012.10.17 15:16:04.076,1.03348,1.03361,1.73,1.73
2012.10.17 15:16:04.495,1.03349,1.03364,1.73,3.23
2012.10.17 15:16:09.016,1.03351,1.03363,2.48,1.50
2012.10.17 15:16:09.265,1.03346,1.03361,1.50,4.73
2012.10.17 15:16:10.035,1.03346,1.03361,1.50,4.73
2012.10.17 15:16:10.182,1.03346,1.03361,1.50,4.73
2012.10.17 15:16:10.734,1.03347,1.03361,1.50,4.73
2012.10.17 15:16:12.125,1.03346,1.0336,1.50,1.73
2012.10.17 15:16:12.817,1.03346,1.03361,1.73,2.48
2012.10.17 15:16:13.390,1.03347,1.03361,1.50,1.73
2012.10.17 15:16:13.706,1.03348,1.03361,2.25,4.73
2012.10.17 15:16:14.065,1.0335,1.03363,2.25,1.73
2012.10.17 15:16:14.305,1.03351,1.03363,1.35,1.50
2012.10.17 15:16:14.710,1.03351,1.03364,1.35,4.73
2012.10.17 15:16:15.226,1.03351,1.03366,1.35,3.23
2012.10.17 15:16:15.639,1.03351,1.03365,1.13,3.98
2012.10.17 15:16:15.961,1.03349,1.03364,1.73,1.73
2012.10.17 15:16:18.635,1.03349,1.03364,3.23,1.73
2012.10.17 15:16:20.786,1.03349,1.03364,1.73,1.73
2012.10.17 15:16:21.306,1.03348,1.03364,3.98,2.48
2012.10.17 15:16:21.935,1.03348,1.03362,1.50,2.48
2012.10.17 15:16:21.995,1.03346,1.0336,1.73,2.48
2012.10.17 15:16:23.986,1.03346,1.03362,3.23,4.35
2012.10.17 15:16:24.106,1.03347,1.03362,2.63,2.48
2012.10.17 15:16:24.167,1.03349,1.03363,2.25,1.73
2012.10.17 15:16:24.419,1.03349,1.03364,2.25,3.98
2012.10.17 15:16:24.606,1.03352,1.03367,1.35,4.73
2012.10.17 15:16:25.146,1.03351,1.03364,2.25,3.98
2012.10.17 15:16:25.211,1.03351,1.03359,1.50,1.50
2012.10.17 15:16:25.276,1.03347,1.03359,2.48,1.50
2012.10.17 15:16:25.455,1.03346,1.03353,4.35,1.50
2012.10.17 15:16:25.825,1.03345,1.03358,2.25,1.73
2012.10.17 15:16:25.945,1.03345,1.03358,2.48,1.50
2012.10.17 15:16:26.485,1.03345,1.03358,2.25,2.48
2012.10.17 15:16:26.667,1.03346,1.03358,1.50,2.48
2012.10.17 15:16:27.205,1.03344,1.03358,1.73,1.73
2012.10.17 15:16:27.906,1.03343,1.03358,3.23,1.73
2012.10.17 15:16:29.656,1.03347,1.03358,1.50,2.48
2012.10.17 15:16:29.777,1.03345,1.03357,1.50,1.73
2012.10.17 15:16:29.837,1.03343,1.03356,3.60,1.73
2012.10.17 15:16:30.255,1.03343,1.03359,2.10,6.23
2012.10.17 15:16:30.315,1.03346,1.03359,1.50,5.48
2012.10.17 15:16:30.909,1.03346,1.03359,2.25,3.98
2012.10.17 15:16:31.410,1.03346,1.03359,1.50,3.98
2012.10.17 15:16:32.379,1.03345,1.03359,2.25,3.98
2012.10.17 15:16:32.685,1.03345,1.03353,1.50,1.50
2012.10.17 15:16:33.066,1.03345,1.03353,1.50,1.73
2012.10.17 15:16:33.626,1.03342,1.03353,2.25,1.73
2012.10.17 15:16:33.713,1.03339,1.03354,3.23,2.48
2012.10.17 15:16:36.305,1.03337,1.03351,7.35,2.10
2012.10.17 15:16:37.378,1.03337,1.03351,6.60,2.10
2012.10.17 15:16:37.497,1.0334,1.03351,2.48,1.13
2012.10.17 15:16:37.615,1.03339,1.03353,8.10,1.88
2012.10.17 15:16:37.735,1.03341,1.03352,1.35,1.50
2012.10.17 15:16:38.095,1.03341,1.03353,1.50,1.50
2012.10.17 15:16:38.156,1.03341,1.03353,1.73,1.50
2012.10.17 15:16:38.576,1.03342,1.03354,1.35,1.50
2012.10.17 15:16:39.927,1.03341,1.03352,2.10,1.50
2012.10.17 15:16:39.985,1.0334,1.0335,1.13,1.73
2012.10.17 15:16:40.355,1.03337,1.03349,1.35,1.50
2012.10.17 15:16:42.443,1.03336,1.03351,2.85,1.73
2012.10.17 15:16:43.128,1.03338,1.03351,2.10,1.73
2012.10.17 15:16:43.199,1.03339,1.03351,2.10,1.50
2012.10.17 15:16:43.386,1.03341,1.03354,1.35,1.35
2012.10.17 15:16:43.686,1.03342,1.03354,1.35,2.48
2012.10.17 15:16:44.225,1.0334,1.0335,1.73,1.73
2012.10.17 15:16:44.555,1.03338,1.0335,2.48,1.73
2012.10.17 15:16:45.754,1.03337,1.0335,4.73,1.50
2012.10.17 15:16:46.338,1.03337,1.0335,3.98,1.50
2012.10.17 15:16:50.207,1.03336,1.03348,3.23,1.73
2012.10.17 15:16:50.267,1.03336,1.03347,2.48,1.50
2012.10.17 15:16:50.566,1.03333,1.03345,1.73,1.73
2012.10.17 15:16:50.636,1.03333,1.03345,1.73,1.73
2012.10.17 15:16:51.007,1.03334,1.03345,1.73,1.50
2012.10.17 15:16:51.357,1.03341,1.03348,3.98,1.50
2012.10.17 15:16:51.537,1.03342,1.03353,1.73,3.00
2012.10.17 15:16:51.655,1.03341,1.03353,1.73,2.25
2012.10.17 15:16:51.775,1.03343,1.03353,1.35,2.25
2012.10.17 15:16:52.275,1.03344,1.03355,2.85,1.50
2012.10.17 15:16:53.057,1.03345,1.03358,1.73,1.73
2012.10.17 15:16:53.117,1.03345,1.03359,1.73,1.73
2012.10.17 15:16:53.605,1.03345,1.03359,1.73,2.48
2012.10.17 15:16:53.909,1.03341,1.03354,2.10,1.73
2012.10.17 15:16:54.316,1.0334,1.03351,3.60,1.73
2012.10.17 15:16:54.378,1.03339,1.03348,2.25,1.73
2012.10.17 15:16:54.915,1.03335,1.03349,4.73,1.73
2012.10.17 15:16:56.555,1.03336,1.03349,3.23,1.73
2012.10.17 15:16:56.796,1.0334,1.03352,2.48,1.73
2012.10.17 15:16:57.156,1.03344,1.03355,2.48,1.73
2012.10.17 15:16:57.339,1.03344,1.03356,2.48,1.73
2012.10.17 15:16:57.526,1.03342,1.03355,3.23,1.73
2012.10.17 15:16:57.587,1.03342,1.03355,1.73,2.85
2012.10.17 15:16:57.657,1.03342,1.03353,1.73,1.73
2012.10.17 15:16:58.015,1.03339,1.03351,1.50,3.23
2012.10.17 15:16:58.496,1.03339,1.03352,3.75,3.23
2012.10.17 15:16:58.695,1.03339,1.03352,2.25,2.48
2012.10.17 15:16:59.206,1.03336,1.03348,3.60,1.50
2012.10.17 15:16:59.565,1.03334,1.03344,1.73,1.50
2012.10.17 15:16:59.868,1.03336,1.03347,1.50,1.73
2012.10.17 15:16:59.937,1.03336,1.03347,1.73,1.50
2012.10.17 15:17:00.495,1.03335,1.03347,1.73,1.50
2012.10.17 15:17:01.096,1.03335,1.03348,1.35,1.73
2012.10.17 15:17:01.397,1.03333,1.03347,3.60,1.73
2012.10.17 15:17:02.021,1.03333,1.03347,3.23,1.73
2012.10.17 15:17:02.754,1.03336,1.03349,1.35,3.23
2012.10.17 15:17:02.820,1.03336,1.03349,1.35,2.48
2012.10.17 15:17:03.440,1.03338,1.0335,2.48,1.73
2012.10.17 15:17:03.985,1.03339,1.0335,1.50,1.73
2012.10.17 15:17:04.105,1.03338,1.03351,3.23,1.50
2012.10.17 15:17:04.407,1.03338,1.03351,2.85,1.50
2012.10.17 15:17:04.587,1.03337,1.03348,2.48,1.50
2012.10.17 15:17:05.186,1.03336,1.03348,3.60,1.50
2012.10.17 15:17:05.997,1.0334,1.03351,1.50,1.73
2012.10.17 15:17:06.058,1.03341,1.03351,1.50,1.73
2012.10.17 15:17:06.727,1.03341,1.03354,1.73,1.73
2012.10.17 15:17:07.253,1.03341,1.03353,1.73,1.50
2012.10.17 15:17:07.436,1.03342,1.03353,2.48,1.50
2012.10.17 15:17:07.975,1.03342,1.03354,1.73,1.50
2012.10.17 15:17:08.666,1.03342,1.03354,1.73,1.73
2012.10.17 15:17:08.906,1.03341,1.03354,1.50,1.73
2012.10.17 15:17:09.727,1.0334,1.03352,4.73,1.73
2012.10.17 15:17:10.945,1.03339,1.03353,2.48,1.73
2012.10.17 15:17:12.227,1.03338,1.03351,1.50,2.48
2012.10.17 15:17:12.766,1.03338,1.03352,2.63,3.98
2012.10.17 15:17:13.316,1.03338,1.03354,3.60,5.48
2012.10.17 15:17:14.176,1.03341,1.03354,1.50,4.73
2012.10.17 15:17:14.488,1.03342,1.03356,1.50,4.13
2012.10.17 15:17:14.618,1.03345,1.03358,2.25,3.23
2012.10.17 15:17:14.685,1.03345,1.03356,1.50,1.35
2012.10.17 15:17:14.926,1.03345,1.03356,1.50,2.10
2012.10.17 15:17:15.166,1.03341,1.03356,1.73,2.10
2012.10.17 15:17:16.539,1.0334,1.03353,2.48,1.73
2012.10.17 15:17:16.727,1.03338,1.03351,1.73,3.98
2012.10.17 15:17:17.127,1.03338,1.03351,1.73,3.98
2012.10.17 15:17:17.806,1.03335,1.03349,1.88,1.73
2012.10.17 15:17:18.344,1.03333,1.03347,1.73,1.73
2012.10.17 15:17:18.941,1.03336,1.03349,1.50,2.48
2012.10.17 15:17:19.257,1.03336,1.03349,2.25,1.73
2012.10.17 15:17:19.676,1.03336,1.03349,2.25,1.73
2012.10.17 15:17:20.285,1.03336,1.03349,2.25,1.73
2012.10.17 15:17:20.785,1.03334,1.03349,2.48,2.48
2012.10.17 15:17:21.785,1.03334,1.03349,3.23,1.73
2012.10.17 15:17:22.310,1.03334,1.03349,3.23,1.73
2012.10.17 15:17:22.870,1.03332,1.03345,2.85,1.73
2012.10.17 15:17:23.428,1.03331,1.03345,3.60,1.73
2012.10.17 15:17:23.976,1.03334,1.03347,1.73,4.73
2012.10.17 15:17:24.095,1.03334,1.03348,1.50,2.48
2012.10.17 15:17:24.335,1.03332,1.03348,2.10,2.48
2012.10.17 15:17:25.215,1.03332,1.03347,1.50,2.85
2012.10.17 15:17:25.275,1.03332,1.03347,1.73,2.85
2012.10.17 15:17:26.515,1.03332,1.03347,6.98,2.10
2012.10.17 15:17:27.866,1.03332,1.03345,3.98,3.98
2012.10.17 15:17:28.227,1.03332,1.03339,3.00,2.25
2012.10.17 15:17:28.466,1.03332,1.0334,3.00,1.73
2012.10.17 15:17:29.547,1.03332,1.03339,3.75,1.35
2012.10.17 15:17:29.666,1.03328,1.03339,2.85,1.35
2012.10.17 15:17:30.085,1.03328,1.03341,2.63,1.73
2012.10.17 15:17:30.331,1.03326,1.0334,1.50,3.23
2012.10.17 15:17:30.896,1.03325,1.0334,1.73,3.23
2012.10.17 15:17:31.535,1.03324,1.0334,1.65,3.98
2012.10.17 15:17:32.206,1.03324,1.0334,1.73,3.98
2012.10.17 15:17:33.797,1.03327,1.03338,3.75,1.35
2012.10.17 15:17:34.317,1.03327,1.0334,3.98,1.73
2012.10.17 15:17:34.457,1.03327,1.03339,3.75,2.85
2012.10.17 15:17:35.006,1.03327,1.03339,3.75,2.85
2012.10.17 15:17:35.485,1.03324,1.03338,1.73,2.48
2012.10.17 15:17:36.004,1.03323,1.03339,3.98,2.10
2012.10.17 15:17:44.468,1.03319,1.03335,3.98,1.73
2012.10.17 15:17:44.827,1.03318,1.03329,1.50,1.73
2012.10.17 15:17:45.981,1.03315,1.03329,2.40,1.73
2012.10.17 15:17:48.495,1.03315,1.03329,2.48,1.73
2012.10.17 15:17:48.615,1.03315,1.0333,2.25,2.48
2012.10.17 15:17:50.065,1.03315,1.0333,2.25,2.48
2012.10.17 15:17:50.545,1.03317,1.03331,4.73,1.35
2012.10.17 15:17:51.085,1.03318,1.03331,1.73,1.35
2012.10.17 15:17:51.961,1.03318,1.03331,2.48,1.35
2012.10.17 15:17:52.496,1.03318,1.03333,1.73,3.23
2012.10.17 15:17:53.236,1.03318,1.03333,2.85,2.48
2012.10.17 15:17:53.297,1.03321,1.03333,1.50,1.73
2012.10.17 15:17:53.416,1.03321,1.03333,1.50,1.73
2012.10.17 15:17:53.657,1.03321,1.03333,1.73,1.50
2012.10.17 15:17:54.185,1.03324,1.03338,1.50,1.73
2012.10.17 15:17:56.170,1.03322,1.03337,3.23,3.23
2012.10.17 15:17:56.296,1.03322,1.03337,1.73,4.73
2012.10.17 15:17:56.716,1.03322,1.03335,1.50,1.73
2012.10.17 15:17:56.836,1.03322,1.03335,1.73,2.48
2012.10.17 15:17:57.367,1.03322,1.03337,1.73,4.73
2012.10.17 15:17:58.918,1.03322,1.03337,1.73,4.73
2012.10.17 15:18:02.006,1.03322,1.03337,1.73,2.48
2012.10.17 15:18:04.226,1.03322,1.03336,1.50,4.73
2012.10.17 15:18:04.796,1.03322,1.03335,2.48,2.10
2012.10.17 15:18:04.855,1.03322,1.03335,2.48,2.10
2012.10.17 15:18:05.427,1.03329,1.03335,1.50,1.50
2012.10.17 15:18:05.680,1.0333,1.03338,1.50,1.50
2012.10.17 15:18:05.750,1.0333,1.03339,1.50,1.50
2012.10.17 15:18:05.881,1.0333,1.03344,1.50,3.23
2012.10.17 15:18:07.167,1.0333,1.03345,3.00,2.10
2012.10.17 15:18:08.077,1.0333,1.03345,3.00,1.35
2012.10.17 15:18:08.195,1.03331,1.03346,1.50,3.60
2012.10.17 15:18:08.315,1.03332,1.03345,1.50,1.73
2012.10.17 15:18:08.929,1.03332,1.03346,1.50,3.23
2012.10.17 15:18:09.444,1.03332,1.03345,1.50,1.35
2012.10.17 15:18:15.466,1.03334,1.03348,1.50,2.07
2012.10.17 15:18:15.586,1.03334,1.03348,1.73,2.07
2012.10.17 15:18:16.625,1.03333,1.03347,1.50,1.73
2012.10.17 15:18:16.745,1.03334,1.03347,1.73,2.48
2012.10.17 15:18:17.267,1.03333,1.03347,1.73,2.48
2012.10.17 15:18:17.775,1.03334,1.03347,1.73,1.73
2012.10.17 15:18:18.325,1.03336,1.03348,1.73,2.48
2012.10.17 15:18:20.057,1.03334,1.0335,3.23,5.85
2012.10.17 15:18:22.476,1.03332,1.03346,1.73,3.60
2012.10.17 15:18:23.526,1.03331,1.03344,1.50,2.48
2012.10.17 15:18:23.585,1.03328,1.03341,1.13,1.73
2012.10.17 15:18:23.705,1.03326,1.03338,4.12,1.73
2012.10.17 15:18:23.825,1.03325,1.03338,2.39,1.73
2012.10.17 15:18:24.386,1.03324,1.03337,3.23,1.73
2012.10.17 15:18:24.889,1.03325,1.03337,1.50,1.73
2012.10.17 15:18:26.957,1.03325,1.03337,1.50,1.73
2012.10.17 15:18:27.296,1.03325,1.03337,1.50,1.73
2012.10.17 15:18:27.367,1.03325,1.03337,1.50,1.73
2012.10.17 15:18:28.697,1.03323,1.03336,2.48,2.48
2012.10.17 15:18:28.766,1.03323,1.03336,2.25,2.48
2012.10.17 15:18:29.896,1.03321,1.03335,1.50,2.48
2012.10.17 15:18:30.436,1.03323,1.03335,1.50,2.48
2012.10.17 15:18:31.026,1.03323,1.03335,1.50,2.48
2012.10.17 15:18:31.398,1.03324,1.03336,3.00,1.13
2012.10.17 15:18:31.636,1.03329,1.03341,1.50,1.73
2012.10.17 15:18:31.817,1.03324,1.03338,2.85,1.73
2012.10.17 15:18:32.124,1.03322,1.03337,3.23,2.48
2012.10.17 15:18:33.195,1.03323,1.03337,1.50,1.73
2012.10.17 15:18:34.256,1.03323,1.03337,1.50,1.73
2012.10.17 15:18:34.435,1.03324,1.03337,1.73,1.73
2012.10.17 15:18:35.440,1.03324,1.03335,1.73,1.73
2012.10.17 15:18:35.524,1.0333,1.03344,3.00,2.48
2012.10.17 15:18:37.452,1.0333,1.03343,1.50,2.48
2012.10.17 15:18:37.520,1.0333,1.03343,1.50,2.48
2012.10.17 15:18:37.589,1.0333,1.03343,1.50,2.85
2012.10.17 15:18:41.319,1.03332,1.03343,1.50,1.50
2012.10.17 15:18:41.397,1.03335,1.03348,1.50,1.73
2012.10.17 15:18:41.461,1.03335,1.03348,1.50,1.73
2012.10.17 15:18:41.785,1.03335,1.03348,1.50,1.73
2012.10.17 15:18:44.945,1.03335,1.0335,3.75,1.73
2012.10.17 15:18:45.006,1.03335,1.03349,3.00,1.73
2012.10.17 15:18:45.066,1.03335,1.03347,1.50,4.73
2012.10.17 15:18:45.185,1.03335,1.03345,1.50,1.73
2012.10.17 15:18:49.007,1.03332,1.03344,1.50,1.73
2012.10.17 15:18:49.306,1.03332,1.03344,1.50,1.73
2012.10.17 15:18:49.855,1.03332,1.03346,1.50,2.85
2012.10.17 15:18:50.476,1.03332,1.03346,1.50,1.35
2012.10.17 15:19:00.127,1.03331,1.03343,1.50,4.73
2012.10.17 15:19:00.316,1.0333,1.03338,3.00,3.98
2012.10.17 15:19:00.495,1.03327,1.03337,1.50,1.73
2012.10.17 15:19:00.616,1.03324,1.03337,1.50,1.73
2012.10.17 15:19:00.910,1.03324,1.03337,1.50,1.73
2012.10.17 15:19:01.857,1.03323,1.03338,1.73,3.60
2012.10.17 15:19:02.046,1.03325,1.03338,1.50,3.23
2012.10.17 15:19:02.586,1.03324,1.03339,2.48,2.48
2012.10.17 15:19:06.667,1.03324,1.03338,2.48,1.35
2012.10.17 15:19:06.725,1.03324,1.03338,2.25,2.10
2012.10.17 15:19:07.419,1.03322,1.03336,3.00,2.48
2012.10.17 15:19:07.504,1.03322,1.03336,3.23,2.48
2012.10.17 15:19:15.395,1.03326,1.03339,1.50,1.73
2012.10.17 15:19:17.406,1.03325,1.03339,3.00,3.23
2012.10.17 15:19:23.807,1.03321,1.03335,3.75,1.73
2012.10.17 15:19:23.986,1.03319,1.0333,1.13,1.73
2012.10.17 15:19:24.046,1.0332,1.0333,1.13,1.73
2012.10.17 15:19:24.105,1.0332,1.0333,1.13,1.73
2012.10.17 15:19:24.407,1.03319,1.03329,1.50,1.73
2012.10.17 15:19:24.717,1.03319,1.03328,1.50,1.73
2012.10.17 15:19:26.897,1.03312,1.03327,2.48,2.48
2012.10.17 15:19:27.018,1.03311,1.03323,1.73,1.50
2012.10.17 15:19:27.137,1.0331,1.03323,1.73,1.73
2012.10.17 15:19:27.496,1.03309,1.03323,1.73,2.10
2012.10.17 15:19:28.221,1.03308,1.0332,1.73,1.73
2012.10.17 15:19:28.527,1.03307,1.03319,4.73,2.48
2012.10.17 15:19:28.647,1.03308,1.03319,1.73,1.73
2012.10.17 15:19:30.293,1.03308,1.03318,1.73,1.50
2012.10.17 15:19:30.757,1.03308,1.0332,1.73,1.73
2012.10.17 15:19:33.006,1.03307,1.0332,1.73,1.73
2012.10.17 15:19:33.545,1.03307,1.0332,4.73,1.73
2012.10.17 15:19:34.067,1.03307,1.03318,3.23,1.73
2012.10.17 15:19:38.176,1.03305,1.03318,3.98,1.73
2012.10.17 15:19:40.115,1.03305,1.03318,3.98,1.73
2012.10.17 15:19:41.187,1.03305,1.03318,3.98,1.73
2012.10.17 15:19:41.928,1.03305,1.03313,2.25,1.73
2012.10.17 15:19:42.595,1.03301,1.03313,1.13,1.73
2012.10.17 15:19:44.090,1.03307,1.03314,1.50,1.73
2012.10.17 15:19:44.398,1.03307,1.03315,2.48,3.75
2012.10.17 15:19:44.699,1.0331,1.03315,3.00,3.00
2012.10.17 15:19:44.766,1.0331,1.03317,3.00,3.75
2012.10.17 15:19:44.828,1.03313,1.03325,5.48,1.73
2012.10.17 15:19:45.340,1.03313,1.03325,6.23,1.73
2012.10.17 15:19:46.136,1.03314,1.03325,1.50,1.73
2012.10.17 15:19:46.848,1.03314,1.03325,1.50,1.73
2012.10.17 15:19:48.815,1.03314,1.03325,1.50,1.73
2012.10.17 15:19:49.239,1.03316,1.03329,1.50,1.73
2012.10.17 15:19:49.311,1.0332,1.0333,2.25,3.98
2012.10.17 15:19:49.378,1.03321,1.03332,1.73,1.73
2012.10.17 15:19:49.906,1.03322,1.03333,1.73,1.73
2012.10.17 15:19:50.463,1.03322,1.03334,2.48,1.73
2012.10.17 15:19:57.187,1.03323,1.03335,1.13,2.48
2012.10.17 15:19:58.832,1.03322,1.03335,3.23,2.48
2012.10.17 15:19:59.197,1.03326,1.03335,2.25,1.73
2012.10.17 15:19:59.555,1.0333,1.03339,1.50,1.73
2012.10.17 15:19:59.916,1.03327,1.03335,1.50,1.73
2012.10.17 15:20:00.216,1.03331,1.03341,1.50,1.73
2012.10.17 15:20:00.720,1.03332,1.03341,1.50,1.73
2012.10.17 15:20:01.108,1.03332,1.03343,1.50,3.98
2012.10.17 15:20:09.908,1.0333,1.03342,1.50,1.73
2012.10.17 15:20:10.812,1.03331,1.03343,1.73,3.98
2012.10.17 15:20:10.883,1.03331,1.03345,1.50,3.23
2012.10.17 15:20:14.958,1.03331,1.03345,1.50,3.23
2012.10.17 15:20:15.226,1.03331,1.03345,1.73,3.23
2012.10.17 15:20:15.407,1.03336,1.03348,3.75,3.23
2012.10.17 15:20:15.468,1.03336,1.03348,4.73,1.50
2012.10.17 15:20:15.529,1.03337,1.03351,1.73,3.23
2012.10.17 15:20:15.907,1.03339,1.03353,3.75,1.73
2012.10.17 15:20:16.408,1.0334,1.03353,1.50,1.73
2012.10.17 15:20:17.472,1.0334,1.03354,1.50,3.00
2012.10.17 15:20:18.636,1.0334,1.03354,1.50,3.23
2012.10.17 15:20:19.028,1.03342,1.03354,1.50,1.73
2012.10.17 15:20:19.587,1.03343,1.03355,1.73,2.10
2012.10.17 15:20:19.665,1.03343,1.03357,1.73,2.48
2012.10.17 15:20:29.876,1.03342,1.03356,1.73,2.48
2012.10.17 15:20:31.017,1.03342,1.03356,2.48,2.48
2012.10.17 15:20:31.986,1.03344,1.03358,1.50,4.35
2012.10.17 15:20:32.166,1.03346,1.03358,1.50,2.10
2012.10.17 15:20:32.287,1.03347,1.03358,1.50,2.10
2012.10.17 15:20:32.825,1.03349,1.03358,1.73,1.50
2012.10.17 15:20:33.415,1.03349,1.03362,1.73,2.48
2012.10.17 15:20:33.488,1.03349,1.03362,1.73,1.73
2012.10.17 15:20:34.068,1.0335,1.03363,1.73,1.73
2012.10.17 15:20:34.656,1.03351,1.03364,1.50,1.73
2012.10.17 15:20:38.098,1.03352,1.03364,1.50,1.73
2012.10.17 15:20:38.218,1.03353,1.03365,2.48,2.25
2012.10.17 15:20:38.408,1.03354,1.03368,1.73,1.73
2012.10.17 15:20:38.526,1.03357,1.03368,1.50,1.73
2012.10.17 15:20:39.077,1.03357,1.0337,3.00,1.73
2012.10.17 15:20:40.088,1.03357,1.0337,1.50,1.73
2012.10.17 15:20:41.536,1.03354,1.03367,2.48,2.10
2012.10.17 15:20:43.478,1.03354,1.03367,2.48,2.48
2012.10.17 15:20:43.538,1.03354,1.03365,1.50,1.73
2012.10.17 15:20:43.897,1.03349,1.03361,1.73,3.75
2012.10.17 15:20:44.019,1.03347,1.03357,1.50,1.73
2012.10.17 15:20:44.146,1.03345,1.03354,2.63,2.48
2012.10.17 15:20:45.949,1.03343,1.03354,3.00,1.35
2012.10.17 15:20:46.020,1.03347,1.03355,1.50,1.35
2012.10.17 15:20:46.158,1.03348,1.0336,1.50,4.73
2012.10.17 15:20:46.589,1.03348,1.0336,1.50,3.23
2012.10.17 15:20:47.049,1.03344,1.03355,3.37,1.50
2012.10.17 15:20:47.120,1.03344,1.03355,3.14,1.73
2012.10.17 15:20:47.190,1.03344,1.03355,1.64,1.73
2012.10.17 15:20:47.617,1.03341,1.03354,2.25,1.73
2012.10.17 15:20:48.566,1.0334,1.0335,1.50,1.50
2012.10.17 15:20:48.867,1.03336,1.03348,2.25,1.73
2012.10.17 15:20:49.347,1.03336,1.0335,2.25,1.35
2012.10.17 15:20:50.406,1.03338,1.03352,3.00,1.35
2012.10.17 15:20:50.467,1.03339,1.03352,2.25,1.35
2012.10.17 15:20:51.646,1.03339,1.03352,2.25,1.35
2012.10.17 15:20:52.233,1.03337,1.03353,3.23,1.73
2012.10.17 15:20:52.296,1.03337,1.03353,3.23,1.73
2012.10.17 15:20:52.616,1.03337,1.03353,3.23,1.73
2012.10.17 15:20:52.986,1.03339,1.03353,2.25,1.73
2012.10.17 15:20:53.285,1.03337,1.03353,3.23,1.73
2012.10.17 15:20:53.527,1.03339,1.03353,2.25,1.73
2012.10.17 15:20:53.645,1.03339,1.03353,2.25,2.48
2012.10.17 15:20:53.706,1.03339,1.03353,2.25,2.48
2012.10.17 15:20:55.504,1.03336,1.03347,1.50,1.73
2012.10.17 15:20:55.571,1.03336,1.03347,1.50,1.73
2012.10.17 15:20:55.772,1.03334,1.03347,1.50,3.23
2012.10.17 15:20:56.327,1.03336,1.03348,5.25,1.35
2012.10.17 15:20:56.448,1.03337,1.0335,1.73,1.35
2012.10.17 15:20:56.518,1.0334,1.0335,1.50,1.35
2012.10.17 15:20:56.846,1.0334,1.0335,1.50,1.35
2012.10.17 15:20:57.406,1.03338,1.03351,3.75,2.10
2012.10.17 15:20:58.246,1.03338,1.03351,1.50,1.73
2012.10.17 15:21:00.185,1.0334,1.03351,1.50,1.73
2012.10.17 15:21:00.306,1.0334,1.03351,2.48,1.50
2012.10.17 15:21:00.427,1.03346,1.03355,1.50,1.73
2012.10.17 15:21:00.969,1.03347,1.03357,2.48,1.59
2012.10.17 15:21:01.097,1.03347,1.0336,2.48,1.73
2012.10.17 15:21:02.475,1.03349,1.03363,1.50,3.60
2012.10.17 15:21:02.837,1.0335,1.03365,1.50,3.98
2012.10.17 15:21:03.384,1.03353,1.03366,1.50,1.73
2012.10.17 15:21:06.507,1.03349,1.03363,2.48,2.48
2012.10.17 15:21:06.687,1.03349,1.03363,1.73,2.48
2012.10.17 15:21:06.746,1.03349,1.03363,2.48,2.48
2012.10.17 15:21:07.288,1.03353,1.03366,1.50,1.73
2012.10.17 15:21:07.467,1.03349,1.03365,1.73,3.60
2012.10.17 15:21:08.016,1.03347,1.03362,1.73,2.48
2012.10.17 15:21:12.228,1.03346,1.03352,3.00,3.75
2012.10.17 15:21:12.467,1.03344,1.03354,1.50,3.23
2012.10.17 15:21:12.976,1.03343,1.03354,1.50,2.48
2012.10.17 15:21:13.136,1.03339,1.03354,2.25,2.48
2012.10.17 15:21:15.235,1.03339,1.03354,2.25,2.48
2012.10.17 15:21:19.167,1.03339,1.03353,2.25,2.10
2012.10.17 15:21:19.465,1.03337,1.03353,2.25,3.60
2012.10.17 15:21:20.235,1.03339,1.03353,1.50,2.10
2012.10.17 15:21:21.606,1.03337,1.03351,2.25,1.73
2012.10.17 15:21:21.666,1.03337,1.03351,2.25,1.73
2012.10.17 15:21:22.097,1.03335,1.03351,2.48,3.23
2012.10.17 15:21:22.337,1.03334,1.03349,3.38,4.73
2012.10.17 15:21:22.888,1.03334,1.03347,1.50,2.10
2012.10.17 15:21:23.007,1.03332,1.03346,2.25,1.73
2012.10.17 15:21:23.427,1.03331,1.03342,3.75,1.73
2012.10.17 15:21:23.966,1.03324,1.03338,1.50,1.73
2012.10.17 15:21:24.912,1.03323,1.03338,2.25,2.40
2012.10.17 15:21:25.897,1.03324,1.03338,1.50,2.40
2012.10.17 15:21:25.962,1.03323,1.03338,2.25,2.40
2012.10.17 15:21:26.578,1.03323,1.03338,2.25,2.48
2012.10.17 15:21:26.697,1.03324,1.03338,2.25,2.48
2012.10.17 15:21:28.619,1.03323,1.03338,2.48,1.73
2012.10.17 15:21:28.688,1.03326,1.03338,1.50,1.73
2012.10.17 15:21:29.901,1.03325,1.0334,3.98,2.48
2012.10.17 15:21:30.555,1.03324,1.0334,8.48,3.23
2012.10.17 15:21:31.258,1.03324,1.03338,3.00,1.73
2012.10.17 15:21:31.437,1.03322,1.03337,1.73,3.60
2012.10.17 15:21:31.927,1.03321,1.03337,6.23,3.60
2012.10.17 15:21:32.285,1.03318,1.03333,1.88,1.73
2012.10.17 15:21:34.296,1.03316,1.03331,2.25,1.73
2012.10.17 15:21:37.558,1.03317,1.03331,3.75,1.73
2012.10.17 15:21:37.868,1.03321,1.03331,1.50,1.35
2012.10.17 15:21:38.106,1.03321,1.03332,1.50,1.35
2012.10.17 15:21:38.799,1.03321,1.03336,2.25,3.23
2012.10.17 15:21:38.870,1.03323,1.03336,1.50,3.23
2012.10.17 15:21:39.417,1.03324,1.03337,1.50,1.73
2012.10.17 15:21:39.726,1.03319,1.03334,1.35,2.48
2012.10.17 15:21:40.266,1.03319,1.03333,2.48,2.10
2012.10.17 15:21:42.195,1.03323,1.03336,2.25,3.23
2012.10.17 15:21:42.496,1.03326,1.03337,1.50,4.73
2012.10.17 15:21:43.306,1.03324,1.03337,2.25,4.73
2012.10.17 15:21:45.927,1.03323,1.03331,4.73,2.10
2012.10.17 15:21:46.237,1.03317,1.03329,1.50,4.73
2012.10.17 15:21:46.417,1.03314,1.0333,5.48,1.73
2012.10.17 15:21:47.317,1.03315,1.0333,1.73,1.73
2012.10.17 15:21:51.696,1.03315,1.03331,3.23,3.08
2012.10.17 15:21:53.547,1.03319,1.03331,1.50,3.08
2012.10.17 15:21:54.657,1.03317,1.03331,3.00,3.08
2012.10.17 15:21:55.911,1.03317,1.03331,2.25,3.08
2012.10.17 15:21:56.037,1.03313,1.03329,2.48,2.48
2012.10.17 15:21:56.576,1.03313,1.03326,1.50,1.58
2012.10.17 15:21:57.077,1.03314,1.03329,1.73,1.73
2012.10.17 15:21:58.049,1.03314,1.03329,1.73,3.23
2012.10.17 15:21:58.119,1.03316,1.03331,1.50,4.58
2012.10.17 15:21:58.723,1.03317,1.03331,1.50,3.83
2012.10.17 15:21:59.889,1.03318,1.03331,1.50,1.73
2012.10.17 15:22:00.078,1.03319,1.03333,1.50,1.73
2012.10.17 15:22:00.148,1.03323,1.03334,1.50,2.85
2012.10.17 15:22:00.648,1.03321,1.03335,3.00,2.48
2012.10.17 15:22:02.306,1.03321,1.03336,3.00,1.73
2012.10.17 15:22:04.076,1.03321,1.03336,3.00,1.73
2012.10.17 15:22:04.626,1.03321,1.03336,3.00,4.73
2012.10.17 15:22:05.597,1.03321,1.03336,3.00,4.73
2012.10.17 15:22:06.181,1.03321,1.03336,3.23,4.73
2012.10.17 15:22:07.447,1.03321,1.03336,2.48,4.73
2012.10.17 15:22:09.468,1.03322,1.03332,2.25,3.75
2012.10.17 15:22:09.650,1.03318,1.03331,1.69,1.73
2012.10.17 15:22:09.778,1.03317,1.03331,1.50,2.48
2012.10.17 15:22:10.316,1.03316,1.03331,3.23,1.73
2012.10.17 15:22:10.616,1.03318,1.03332,3.23,3.08
2012.10.17 15:22:11.573,1.03317,1.03332,1.35,5.33
2012.10.17 15:22:13.599,1.03316,1.03332,3.23,5.33
2012.10.17 15:22:14.288,1.03316,1.03332,3.23,3.23
2012.10.17 15:22:15.246,1.03316,1.0333,1.73,2.48
2012.10.17 15:22:16.299,1.03316,1.0333,1.73,2.48
2012.10.17 15:22:16.787,1.03316,1.03333,1.73,5.70
2012.10.17 15:22:17.397,1.03317,1.03332,2.25,1.20
2012.10.17 15:22:18.021,1.03317,1.03332,3.75,2.33
2012.10.17 15:22:18.085,1.03317,1.0333,2.25,1.73
2012.10.17 15:22:19.225,1.03317,1.03332,1.50,2.70
2012.10.17 15:22:19.842,1.03317,1.03332,3.00,2.10
2012.10.17 15:22:20.815,1.0332,1.03334,1.50,2.85
2012.10.17 15:22:21.418,1.03319,1.03335,1.73,1.35
2012.10.17 15:22:23.396,1.03319,1.03333,1.73,1.73
2012.10.17 15:22:23.576,1.03318,1.03332,1.50,1.73
2012.10.17 15:22:23.636,1.03317,1.03332,1.73,2.48
2012.10.17 15:22:23.696,1.03316,1.03329,1.50,1.73
2012.10.17 15:22:24.816,1.03316,1.03331,2.48,1.73
2012.10.17 15:22:25.177,1.03316,1.03333,3.98,5.10
2012.10.17 15:22:25.416,1.03316,1.03332,3.98,1.73
2012.10.17 15:22:25.966,1.03316,1.03332,3.98,1.73
2012.10.17 15:22:27.485,1.03318,1.03332,1.50,2.10
2012.10.17 15:22:28.127,1.03319,1.03333,1.50,2.48
2012.10.17 15:22:28.187,1.0332,1.03333,2.25,1.35
2012.10.17 15:22:28.369,1.03322,1.03333,2.25,1.35
2012.10.17 15:22:28.676,1.03324,1.03337,3.00,4.35
2012.10.17 15:22:28.798,1.03324,1.03337,3.00,1.35
2012.10.17 15:22:29.347,1.03323,1.03335,3.38,3.98
2012.10.17 15:22:29.848,1.03323,1.03336,1.50,5.48
2012.10.17 15:22:30.387,1.03321,1.03334,3.00,1.35
2012.10.17 15:22:30.962,1.03321,1.03334,1.50,1.35
2012.10.17 15:22:31.766,1.0332,1.03333,1.73,1.73
2012.10.17 15:22:32.507,1.03318,1.03332,1.50,3.60
2012.10.17 15:22:32.567,1.03316,1.03332,2.25,4.35
2012.10.17 15:22:33.596,1.03316,1.03329,3.00,1.35
2012.10.17 15:22:37.006,1.03316,1.03329,1.50,1.35
2012.10.17 15:22:40.718,1.03313,1.03328,1.73,1.73
2012.10.17 15:22:41.157,1.03312,1.03325,1.73,2.85
2012.10.17 15:22:41.517,1.03311,1.03322,1.50,3.23
2012.10.17 15:22:42.067,1.03309,1.03321,1.50,1.73
2012.10.17 15:22:42.885,1.03309,1.03321,1.73,1.73
2012.10.17 15:22:44.007,1.03306,1.03321,1.73,1.73
2012.10.17 15:22:46.247,1.03305,1.03321,3.98,1.73
2012.10.17 15:22:48.831,1.03305,1.03321,2.48,2.48
2012.10.17 15:22:49.686,1.03305,1.0332,2.48,2.25
2012.10.17 15:22:49.987,1.03303,1.03315,1.73,1.50
2012.10.17 15:22:50.226,1.03303,1.03315,1.73,2.25
2012.10.17 15:22:50.785,1.03299,1.03313,4.73,1.50
2012.10.17 15:22:52.337,1.033,1.03313,1.73,1.50
2012.10.17 15:22:53.687,1.033,1.03313,1.73,1.50
2012.10.17 15:22:54.190,1.03302,1.03313,2.48,1.50
2012.10.17 15:22:54.439,1.03307,1.03319,3.23,1.50
2012.10.17 15:22:54.866,1.03307,1.0332,2.48,1.73
2012.10.17 15:22:56.670,1.03305,1.0332,3.23,1.73
2012.10.17 15:22:56.866,1.03305,1.0332,2.48,1.73
2012.10.17 15:22:57.879,1.03303,1.03318,6.63,3.00
2012.10.17 15:22:57.957,1.033,1.03314,1.73,1.13
2012.10.17 15:23:02.875,1.03299,1.03314,4.73,1.13
2012.10.17 15:23:07.396,1.03299,1.03314,3.98,2.25
2012.10.17 15:23:07.516,1.03299,1.03313,1.73,1.50
2012.10.17 15:23:08.715,1.03298,1.03313,1.73,1.50
2012.10.17 15:23:09.609,1.03298,1.03311,1.73,1.50
2012.10.17 15:23:10.157,1.03297,1.03313,1.73,2.48
2012.10.17 15:23:11.971,1.03301,1.03314,1.73,2.63
2012.10.17 15:23:12.547,1.03304,1.03315,1.73,5.25
2012.10.17 15:23:12.907,1.03302,1.03315,1.73,5.25
2012.10.17 15:23:13.445,1.033,1.03315,1.73,3.00
2012.10.17 15:23:16.808,1.033,1.03315,1.73,3.75
2012.10.17 15:23:23.208,1.03306,1.03315,1.50,2.25
2012.10.17 15:23:23.328,1.03307,1.03323,1.35,1.73
2012.10.17 15:23:25.155,1.03307,1.03324,1.35,5.48
2012.10.17 15:23:26.566,1.03309,1.03324,4.73,2.48
2012.10.17 15:23:27.084,1.03312,1.03327,4.73,1.73
2012.10.17 15:23:28.277,1.03313,1.03327,3.23,1.73
2012.10.17 15:23:29.296,1.03313,1.03327,2.48,1.73
2012.10.17 15:23:31.266,1.03311,1.03327,3.60,3.23
2012.10.17 15:23:31.795,1.03311,1.03327,3.60,3.23
2012.10.17 15:23:32.308,1.03312,1.03327,2.48,1.73
2012.10.17 15:23:32.746,1.03315,1.03328,2.48,1.73
2012.10.17 15:23:32.806,1.03315,1.03329,2.48,2.48
2012.10.17 15:23:33.166,1.03313,1.03327,2.48,3.75
2012.10.17 15:23:33.346,1.03313,1.03327,2.48,3.98
2012.10.17 15:23:34.967,1.03313,1.03327,2.48,3.98
2012.10.17 15:23:35.147,1.03313,1.03326,2.48,1.73
2012.10.17 15:23:35.207,1.03313,1.03326,2.25,1.73
2012.10.17 15:23:35.873,1.0331,1.03324,1.13,2.48
2012.10.17 15:23:36.129,1.03308,1.03324,1.73,4.73
2012.10.17 15:23:37.847,1.03307,1.0332,1.73,1.73
2012.10.17 15:23:37.966,1.03305,1.03319,3.60,1.73
2012.10.17 15:23:38.086,1.03306,1.03321,1.73,1.73
2012.10.17 15:23:38.587,1.03305,1.0332,2.10,1.73
2012.10.17 15:23:41.153,1.03304,1.0332,1.35,5.48
2012.10.17 15:23:41.613,1.03304,1.0332,1.35,2.48
2012.10.17 15:23:41.855,1.03304,1.0332,1.13,2.48
2012.10.17 15:23:42.276,1.03304,1.03318,1.88,3.23
2012.10.17 15:23:42.336,1.03304,1.03318,1.88,3.23
2012.10.17 15:23:43.497,1.03306,1.03318,1.50,2.48
2012.10.17 15:23:44.057,1.03304,1.03318,1.50,2.48
2012.10.17 15:23:44.176,1.03306,1.03318,1.50,2.48
2012.10.17 15:23:44.347,1.03303,1.03318,3.23,2.48
2012.10.17 15:23:44.876,1.03304,1.03318,1.50,2.48
2012.10.17 15:23:45.426,1.03304,1.03318,1.50,2.48
2012.10.17 15:23:45.726,1.03303,1.03317,2.48,3.98
2012.10.17 15:23:45.965,1.03303,1.03317,2.25,4.73
2012.10.17 15:23:46.308,1.03303,1.03314,2.25,4.73
2012.10.17 15:23:47.186,1.03303,1.03314,1.50,3.98
2012.10.17 15:23:47.307,1.03305,1.0332,5.48,3.95
2012.10.17 15:23:47.547,1.03303,1.03319,7.73,2.48
2012.10.17 15:23:50.176,1.03303,1.03317,4.73,1.50
2012.10.17 15:23:53.046,1.03303,1.03318,4.73,2.48
2012.10.17 15:23:53.493,1.03301,1.03317,2.48,6.23
2012.10.17 15:23:54.176,1.03301,1.03315,1.73,1.73
2012.10.17 15:23:54.535,1.03297,1.03311,2.10,2.48
2012.10.17 15:23:55.096,1.03298,1.03312,1.73,2.48
2012.10.17 15:24:04.357,1.033,1.03312,1.73,1.50
2012.10.17 15:24:04.898,1.033,1.03312,1.73,1.50
2012.10.17 15:24:05.256,1.03302,1.03315,2.48,4.73
2012.10.17 15:24:05.806,1.03302,1.03317,2.48,2.48
2012.10.17 15:24:06.447,1.033,1.03314,2.85,1.50
2012.10.17 15:24:06.570,1.033,1.03312,2.10,1.50
2012.10.17 15:24:06.878,1.033,1.03312,1.13,2.48
2012.10.17 15:24:07.708,1.03298,1.03312,1.73,1.73
2012.10.17 15:24:08.519,1.03298,1.03313,1.73,2.48
2012.10.17 15:24:09.267,1.03298,1.03312,1.73,1.73
2012.10.17 15:24:09.689,1.03298,1.03309,1.35,1.50
2012.10.17 15:24:10.292,1.03298,1.0331,1.73,2.25
2012.10.17 15:24:15.706,1.03297,1.03311,1.73,2.48
2012.10.17 15:24:16.007,1.03295,1.03308,3.23,1.73
2012.10.17 15:24:21.885,1.03295,1.0331,1.73,1.73
2012.10.17 15:24:23.797,1.03297,1.0331,1.35,1.50
2012.10.17 15:24:24.161,1.03309,1.03314,1.50,3.00
2012.10.17 15:24:24.486,1.03309,1.0332,1.73,1.73
2012.10.17 15:24:25.069,1.03314,1.03324,1.50,2.25
2012.10.17 15:24:25.141,1.03315,1.03328,2.25,1.88
2012.10.17 15:24:25.212,1.03321,1.03329,2.25,1.37
2012.10.17 15:24:25.281,1.03321,1.0333,2.25,1.23
2012.10.17 15:24:25.351,1.03321,1.0333,2.48,1.37
2012.10.17 15:24:25.858,1.03321,1.03332,2.25,1.50
2012.10.17 15:24:25.977,1.03322,1.03333,1.73,2.25
2012.10.17 15:24:26.869,1.03323,1.03337,1.73,3.23
2012.10.17 15:24:27.376,1.03322,1.03335,3.23,2.48
2012.10.17 15:24:27.618,1.03322,1.03332,1.73,1.50
2012.10.17 15:24:27.797,1.03319,1.0333,1.73,1.50
2012.10.17 15:24:28.346,1.03319,1.03332,1.73,1.73
2012.10.17 15:24:28.467,1.03318,1.03331,5.48,2.48
2012.10.17 15:24:28.587,1.03318,1.03329,3.75,1.73
2012.10.17 15:24:28.947,1.03318,1.03327,3.75,3.23
2012.10.17 15:24:29.007,1.03313,1.03325,1.50,1.73
2012.10.17 15:24:29.366,1.03312,1.03325,2.48,3.23
2012.10.17 15:24:29.680,1.03312,1.03325,2.48,3.23
2012.10.17 15:24:30.407,1.03312,1.03325,1.73,1.73
2012.10.17 15:24:30.950,1.0331,1.03324,2.48,2.48
2012.10.17 15:24:34.266,1.0331,1.03324,2.48,2.85
2012.10.17 15:24:36.651,1.0331,1.03321,2.48,1.50
2012.10.17 15:24:36.908,1.03307,1.0332,2.48,2.25
2012.10.17 15:24:36.968,1.03307,1.03318,3.23,1.13
2012.10.17 15:24:37.040,1.03307,1.03318,3.23,1.13
2012.10.17 15:24:37.171,1.03307,1.03318,3.00,1.35
2012.10.17 15:24:37.478,1.03304,1.03317,4.50,1.73
2012.10.17 15:24:37.847,1.03305,1.03315,1.50,2.48
2012.10.17 15:24:39.086,1.03303,1.03316,2.25,2.48
2012.10.17 15:24:41.458,1.03303,1.03315,2.25,3.09
2012.10.17 15:24:41.517,1.03303,1.03315,1.50,3.09
2012.10.17 15:24:41.579,1.03301,1.03313,2.48,1.50
2012.10.17 15:24:41.707,1.03299,1.03313,1.73,1.73
2012.10.17 15:24:45.317,1.03297,1.03311,1.73,2.48
2012.10.17 15:24:46.526,1.03297,1.03309,1.73,2.25
2012.10.17 15:24:50.966,1.03297,1.03311,1.73,2.48
2012.10.17 15:24:54.267,1.03297,1.03311,1.73,2.48
2012.10.17 15:24:54.387,1.033,1.03313,4.50,1.73
2012.10.17 15:24:54.634,1.03304,1.03316,1.73,1.73
2012.10.17 15:24:55.176,1.03304,1.03319,1.73,2.48
2012.10.17 15:24:56.356,1.03304,1.03319,1.73,3.23
2012.10.17 15:24:56.672,1.03304,1.03316,1.73,1.73
2012.10.17 15:24:56.917,1.033,1.03313,3.23,1.13
2012.10.17 15:24:57.278,1.03303,1.03315,1.73,1.73
2012.10.17 15:24:57.350,1.03303,1.03315,1.73,1.50
2012.10.17 15:24:57.476,1.03303,1.03316,1.73,3.23
2012.10.17 15:25:00.898,1.03307,1.03318,1.50,1.73
2012.10.17 15:25:01.020,1.03308,1.03321,3.00,1.73
2012.10.17 15:25:01.327,1.03314,1.03326,1.50,1.50
2012.10.17 15:25:01.628,1.03314,1.03326,1.50,1.50
2012.10.17 15:25:01.927,1.03315,1.03327,1.73,3.98
2012.10.17 15:25:02.287,1.03317,1.03327,1.50,1.73
2012.10.17 15:25:02.527,1.03319,1.03327,1.50,1.50
2012.10.17 15:25:03.305,1.03319,1.0333,1.50,1.73
2012.10.17 15:25:04.444,1.0332,1.03331,1.50,1.73
2012.10.17 15:25:05.006,1.03319,1.03331,1.50,3.23
2012.10.17 15:25:05.367,1.03319,1.03328,1.50,1.73
2012.10.17 15:25:05.726,1.03315,1.03328,1.50,1.73
2012.10.17 15:25:07.409,1.03316,1.03329,2.25,1.35
2012.10.17 15:25:07.478,1.03318,1.03331,1.73,2.48
2012.10.17 15:25:08.026,1.03318,1.03329,1.50,1.73
2012.10.17 15:25:10.026,1.03318,1.0333,1.73,6.23
2012.10.17 15:25:10.209,1.03323,1.03331,1.50,1.35
2012.10.17 15:25:10.280,1.03324,1.03333,1.73,2.63
2012.10.17 15:25:10.351,1.03324,1.03334,1.73,2.25
2012.10.17 15:25:10.424,1.03325,1.03334,1.73,2.25
2012.10.17 15:25:11.287,1.03328,1.03338,1.50,1.50
2012.10.17 15:25:11.788,1.03328,1.0334,1.50,1.73
2012.10.17 15:25:15.317,1.03328,1.03338,1.50,1.50
2012.10.17 15:25:16.077,1.03328,1.03338,1.50,1.50
2012.10.17 15:25:16.258,1.03328,1.03342,3.00,2.48
2012.10.17 15:25:16.330,1.03333,1.03342,1.50,1.73
2012.10.17 15:25:16.883,1.03332,1.03344,1.73,1.73
2012.10.17 15:25:17.469,1.03333,1.03344,1.50,3.23
2012.10.17 15:25:18.168,1.03329,1.03344,2.48,3.23
2012.10.17 15:25:18.288,1.03328,1.03343,2.85,1.73
2012.10.17 15:25:18.620,1.03328,1.03341,1.35,2.25
2012.10.17 15:25:19.085,1.03327,1.03342,2.48,2.25
2012.10.17 15:25:19.446,1.03335,1.03342,1.73,1.50
2012.10.17 15:25:19.986,1.03337,1.03347,1.50,1.73
2012.10.17 15:25:20.106,1.03337,1.03348,1.50,1.73
2012.10.17 15:25:20.647,1.03336,1.03349,1.50,1.73
2012.10.17 15:25:20.766,1.03336,1.03346,1.50,1.73
2012.10.17 15:25:22.946,1.03338,1.03348,1.50,3.98
2012.10.17 15:25:23.007,1.03338,1.03348,1.50,3.98
2012.10.17 15:25:24.468,1.03344,1.0335,1.50,3.98
2012.10.17 15:25:24.708,1.0334,1.03352,2.48,4.50
2012.10.17 15:25:25.456,1.0334,1.03352,1.50,4.73
2012.10.17 15:25:25.758,1.03341,1.03352,1.50,4.73
2012.10.17 15:25:26.059,1.03341,1.03352,1.73,3.98
2012.10.17 15:25:26.428,1.03341,1.0335,1.73,1.50
2012.10.17 15:25:26.787,1.03338,1.0335,2.10,2.48
2012.10.17 15:25:27.312,1.03338,1.0335,1.35,3.98
2012.10.17 15:25:32.770,1.03335,1.03346,1.73,1.50
2012.10.17 15:25:33.405,1.03333,1.03346,2.48,1.50
2012.10.17 15:25:33.929,1.03333,1.03346,1.73,1.73
2012.10.17 15:25:36.680,1.03335,1.03349,1.73,2.48
2012.10.17 15:25:37.613,1.03335,1.03349,1.73,1.73
2012.10.17 15:25:37.977,1.03339,1.03351,1.73,1.73
2012.10.17 15:25:38.517,1.03338,1.03351,1.35,1.73
2012.10.17 15:25:39.017,1.03339,1.03353,1.73,3.23
2012.10.17 15:25:39.247,1.03339,1.03351,1.73,1.73
2012.10.17 15:25:40.317,1.03337,1.03348,3.60,1.50
2012.10.17 15:25:40.696,1.03337,1.03351,3.23,3.23
2012.10.17 15:25:40.816,1.03337,1.03348,2.48,2.25
2012.10.17 15:25:41.396,1.03337,1.03348,1.73,2.25
2012.10.17 15:25:41.456,1.03336,1.03348,1.50,3.23
2012.10.17 15:25:41.576,1.03336,1.03348,1.73,2.48
2012.10.17 15:25:41.696,1.03334,1.03346,2.10,1.50
2012.10.17 15:25:42.010,1.03334,1.03348,3.60,2.48
2012.10.17 15:25:43.296,1.03336,1.03347,1.50,3.98
2012.10.17 15:25:43.656,1.03334,1.03343,1.50,2.48
2012.10.17 15:25:43.959,1.03333,1.03343,1.50,2.48
2012.10.17 15:25:44.136,1.03334,1.03346,1.50,2.48
2012.10.17 15:25:44.316,1.03334,1.03347,1.73,1.73
2012.10.17 15:25:45.079,1.03334,1.03348,1.73,1.73
2012.10.17 15:25:46.024,1.03333,1.03346,1.73,1.50
2012.10.17 15:25:46.674,1.03332,1.03346,1.73,4.73
2012.10.17 15:25:47.141,1.03331,1.03343,4.73,1.73
2012.10.17 15:25:47.959,1.03331,1.03343,6.23,1.50
2012.10.17 15:25:48.571,1.03329,1.03343,3.60,2.48
2012.10.17 15:25:48.950,1.03332,1.03346,1.73,4.73
2012.10.17 15:25:49.466,1.03331,1.03344,2.48,1.50
2012.10.17 15:25:49.857,1.03331,1.03346,2.48,2.85
2012.10.17 15:25:50.306,1.03337,1.03347,1.73,1.88
2012.10.17 15:25:50.487,1.03337,1.03349,1.73,2.85
2012.10.17 15:25:50.667,1.03338,1.03349,1.50,2.85
2012.10.17 15:25:50.969,1.0334,1.03353,1.73,3.98
2012.10.17 15:25:52.198,1.03337,1.03351,2.48,3.75
2012.10.17 15:25:52.446,1.03336,1.03349,2.10,2.25
2012.10.17 15:25:53.747,1.03336,1.03348,2.10,2.25
2012.10.17 15:25:53.867,1.03335,1.03348,1.73,3.98
2012.10.17 15:25:54.661,1.03335,1.03348,2.10,1.50
2012.10.17 15:25:55.403,1.0334,1.0335,1.73,3.75
2012.10.17 15:25:55.482,1.03339,1.03352,3.23,1.50
2012.10.17 15:25:56.016,1.03339,1.03353,1.73,3.23
2012.10.17 15:25:57.096,1.03338,1.03353,1.73,3.23
2012.10.17 15:25:58.666,1.03337,1.03352,2.48,3.23
2012.10.17 15:25:59.448,1.03337,1.03352,2.48,2.48
2012.10.17 15:26:05.408,1.03337,1.03352,2.25,2.48
2012.10.17 15:26:06.323,1.03335,1.03345,1.73,1.13
2012.10.17 15:26:07.092,1.03336,1.03348,1.35,1.50
2012.10.17 15:26:07.175,1.03336,1.03348,1.73,2.25
2012.10.17 15:26:07.700,1.03335,1.03348,4.73,3.23
2012.10.17 15:26:08.487,1.03334,1.03348,2.48,3.98
2012.10.17 15:26:15.955,1.03334,1.03347,1.73,2.10
2012.10.17 15:26:16.138,1.03334,1.03347,1.50,2.85
2012.10.17 15:26:17.615,1.03332,1.03342,2.48,2.25
2012.10.17 15:26:17.799,1.03328,1.03342,3.23,2.48
2012.10.17 15:26:18.349,1.03329,1.03342,2.48,1.73
2012.10.17 15:26:20.407,1.03329,1.03342,3.23,1.73
2012.10.17 15:26:24.356,1.03329,1.03341,3.23,1.73
2012.10.17 15:26:27.598,1.03328,1.03341,1.73,1.73
2012.10.17 15:26:30.287,1.03328,1.03342,1.73,4.73
2012.10.17 15:26:35.626,1.03328,1.03341,1.73,1.73
2012.10.17 15:26:35.809,1.03329,1.03341,1.73,1.73
2012.10.17 15:26:36.177,1.03329,1.03341,1.73,2.48
2012.10.17 15:26:36.358,1.03325,1.03335,1.35,1.50
2012.10.17 15:26:37.000,1.03324,1.03337,1.73,3.23
2012.10.17 15:26:37.085,1.03327,1.03339,1.73,2.10
2012.10.17 15:26:37.517,1.03327,1.0334,3.23,3.23
2012.10.17 15:26:37.701,1.03325,1.03339,1.50,1.73
2012.10.17 15:26:38.237,1.03322,1.03339,3.60,2.48
2012.10.17 15:26:39.537,1.03325,1.03337,2.48,1.73
2012.10.17 15:26:41.036,1.03327,1.0334,2.10,2.25
2012.10.17 15:26:41.097,1.03331,1.0334,2.48,1.50
2012.10.17 15:26:41.398,1.03334,1.03344,1.50,1.73
2012.10.17 15:26:41.576,1.03334,1.03344,1.50,1.73
2012.10.17 15:26:41.827,1.03334,1.03348,1.73,5.48
2012.10.17 15:26:42.446,1.03336,1.03348,1.50,5.48
2012.10.17 15:26:43.018,1.03336,1.03348,1.50,5.48
2012.10.17 15:26:43.526,1.03336,1.03349,1.50,1.73
2012.10.17 15:26:44.118,1.03336,1.03349,1.73,1.73
2012.10.17 15:26:47.076,1.03335,1.03349,2.48,1.73
2012.10.17 15:26:47.208,1.03335,1.03349,3.23,1.73
2012.10.17 15:26:51.189,1.03335,1.03347,1.73,4.73
2012.10.17 15:26:51.370,1.03333,1.03345,1.50,3.98
2012.10.17 15:26:51.559,1.0333,1.03344,1.73,1.73
2012.10.17 15:26:51.983,1.0333,1.0334,1.73,3.75
2012.10.17 15:26:52.407,1.03329,1.0334,1.50,3.98
2012.10.17 15:26:55.426,1.03329,1.0334,1.50,3.98
2012.10.17 15:26:55.547,1.03329,1.0334,1.50,3.98
2012.10.17 15:26:56.325,1.0333,1.0334,1.50,3.98
2012.10.17 15:26:57.218,1.03328,1.0334,1.73,3.98
2012.10.17 15:26:59.167,1.03328,1.0334,1.73,3.98
2012.10.17 15:27:01.706,1.03331,1.0334,1.50,3.98
2012.10.17 15:27:04.403,1.03331,1.0334,1.50,3.98
2012.10.17 15:27:07.137,1.0333,1.0334,1.50,3.98
2012.10.17 15:27:09.747,1.03329,1.0334,1.50,3.98
2012.10.17 15:27:10.276,1.03329,1.03341,1.50,3.98
2012.10.17 15:27:12.967,1.03327,1.0334,2.48,1.73
2012.10.17 15:27:13.507,1.03325,1.03339,2.10,2.48
2012.10.17 15:27:14.046,1.03329,1.03341,1.50,4.73
2012.10.17 15:27:15.678,1.03329,1.03341,1.50,3.98
2012.10.17 15:27:16.807,1.03329,1.03341,2.25,3.98
2012.10.17 15:27:17.157,1.03329,1.03341,2.25,3.98
2012.10.17 15:27:17.216,1.03329,1.03341,2.25,3.98
2012.10.17 15:27:26.325,1.0333,1.03341,1.50,3.98
2012.10.17 15:27:26.867,1.03329,1.0334,2.48,3.98
2012.10.17 15:27:26.987,1.03329,1.0334,2.48,3.98
2012.10.17 15:27:27.194,1.03329,1.0334,2.48,3.98
2012.10.17 15:27:27.741,1.0333,1.0334,1.73,3.98
2012.10.17 15:27:28.297,1.03329,1.03343,2.48,3.98
2012.10.17 15:27:29.357,1.03329,1.03342,2.48,1.73
2012.10.17 15:27:31.987,1.03329,1.03343,2.48,3.23
2012.10.17 15:27:32.590,1.03329,1.03342,3.23,1.73
2012.10.17 15:27:32.838,1.03329,1.03341,1.73,1.73
2012.10.17 15:27:41.498,1.03329,1.03341,1.73,3.23
2012.10.17 15:27:44.826,1.03328,1.03341,1.73,2.48
2012.10.17 15:27:55.936,1.03329,1.03342,1.73,2.48
2012.10.17 15:27:56.716,1.03328,1.0334,1.73,1.73
2012.10.17 15:27:59.158,1.03329,1.03343,1.73,3.23
2012.10.17 15:28:02.946,1.03327,1.03343,3.98,4.35
2012.10.17 15:28:03.129,1.03327,1.03341,3.98,1.50
2012.10.17 15:28:03.365,1.03329,1.03341,1.73,1.50
2012.10.17 15:28:03.485,1.03328,1.03343,1.73,1.73
2012.10.17 15:28:06.036,1.0333,1.03344,1.73,1.88
2012.10.17 15:28:07.006,1.03331,1.03343,1.50,2.10
2012.10.17 15:28:07.368,1.0333,1.03342,1.73,1.35
2012.10.17 15:28:07.836,1.0333,1.03342,1.73,1.50
2012.10.17 15:28:08.316,1.0333,1.03343,1.73,1.73
2012.10.17 15:28:09.065,1.0333,1.03343,1.73,2.48
2012.10.17 15:28:09.270,1.03328,1.03341,1.73,4.73
2012.10.17 15:28:09.396,1.03327,1.03341,3.23,6.98
2012.10.17 15:28:10.686,1.03327,1.03341,2.48,3.98
2012.10.17 15:28:11.287,1.03327,1.03341,1.73,3.98
2012.10.17 15:28:13.447,1.03324,1.03336,2.10,1.73
2012.10.17 15:28:15.166,1.03322,1.03336,1.73,1.73
2012.10.17 15:28:15.777,1.03323,1.03336,3.23,1.73
2012.10.17 15:28:16.158,1.03323,1.03336,1.73,1.73
2012.10.17 15:28:17.257,1.03323,1.03336,1.73,1.73
2012.10.17 15:28:18.057,1.03323,1.03337,3.98,2.10
2012.10.17 15:28:18.118,1.03326,1.03339,1.73,2.48
2012.10.17 15:28:18.177,1.03326,1.03339,1.73,1.50
2012.10.17 15:28:18.304,1.03326,1.03341,2.85,1.73
2012.10.17 15:28:18.371,1.03328,1.03343,2.48,2.48
2012.10.17 15:28:18.906,1.03328,1.03343,3.23,2.25
2012.10.17 15:28:19.416,1.03329,1.03343,1.73,2.25
2012.10.17 15:28:19.970,1.03328,1.03341,1.73,1.50
2012.10.17 15:28:20.518,1.03329,1.03341,1.73,1.50
2012.10.17 15:28:22.466,1.03329,1.03343,1.73,2.25
2012.10.17 15:28:24.252,1.03329,1.03343,2.48,1.50
2012.10.17 15:28:24.378,1.03331,1.03345,1.73,3.23
2012.10.17 15:28:26.018,1.03332,1.03348,1.73,5.10
2012.10.17 15:28:26.688,1.03336,1.0335,1.73,4.35
2012.10.17 15:28:27.107,1.03338,1.0335,1.73,3.60
2012.10.17 15:28:27.286,1.03338,1.03348,1.50,4.73
2012.10.17 15:28:27.590,1.03339,1.0335,1.50,1.35
2012.10.17 15:28:27.979,1.03341,1.03354,1.73,2.48
2012.10.17 15:28:30.037,1.03342,1.03353,1.73,1.50
2012.10.17 15:28:30.156,1.03342,1.03356,1.73,2.48
2012.10.17 15:28:31.357,1.03342,1.03356,2.10,1.50
2012.10.17 15:28:31.602,1.03347,1.03356,1.50,1.50
2012.10.17 15:28:31.669,1.03347,1.03356,1.50,1.50
2012.10.17 15:28:31.730,1.03351,1.03359,1.73,1.50
2012.10.17 15:28:31.858,1.0335,1.03363,1.73,1.13
2012.10.17 15:28:32.247,1.0335,1.03364,1.73,1.88
2012.10.17 15:28:32.607,1.03351,1.03364,2.13,1.50
2012.10.17 15:28:32.727,1.03353,1.03366,1.73,1.50
2012.10.17 15:28:33.826,1.03352,1.03367,1.73,3.23
2012.10.17 15:28:34.787,1.03353,1.03367,2.48,2.63
2012.10.17 15:28:34.907,1.03351,1.03367,1.73,3.60
2012.10.17 15:28:35.769,1.03351,1.03367,1.73,3.60
2012.10.17 15:28:36.871,1.03351,1.03367,2.85,3.00
2012.10.17 15:28:37.392,1.03351,1.03367,2.10,3.00
2012.10.17 15:28:39.408,1.03351,1.03367,1.35,2.25
2012.10.17 15:28:41.586,1.0335,1.03366,2.48,4.50
2012.10.17 15:28:41.707,1.0335,1.03363,1.73,1.35
2012.10.17 15:28:41.828,1.03348,1.03361,2.62,1.73
2012.10.17 15:28:42.337,1.03348,1.03361,1.12,3.23
2012.10.17 15:28:42.696,1.03346,1.03361,1.73,3.98
2012.10.17 15:28:43.466,1.03346,1.03361,1.35,3.23
2012.10.17 15:28:43.866,1.03343,1.03358,4.35,1.50
2012.10.17 15:28:43.927,1.03343,1.03358,3.60,1.73
2012.10.17 15:28:45.917,1.03345,1.03358,1.73,1.50
2012.10.17 15:28:46.437,1.03345,1.03358,1.73,1.50
2012.10.17 15:28:46.797,1.03343,1.03356,1.73,1.50
2012.10.17 15:28:47.427,1.03342,1.03358,3.23,2.63
2012.10.17 15:28:47.566,1.03342,1.03358,5.13,2.63
2012.10.17 15:28:47.626,1.03342,1.03358,5.13,2.63
2012.10.17 15:28:47.877,1.03342,1.03358,3.98,2.63
2012.10.17 15:28:48.207,1.03342,1.03358,3.23,2.63
2012.10.17 15:28:49.587,1.03344,1.03358,1.73,1.88
2012.10.17 15:28:50.742,1.03344,1.0336,3.23,1.88
2012.10.17 15:28:51.297,1.03345,1.0336,2.48,1.88
2012.10.17 15:28:51.886,1.03345,1.0336,2.48,2.10
2012.10.17 15:28:51.957,1.03344,1.0336,1.73,1.73
2012.10.17 15:28:53.299,1.03343,1.03358,4.73,4.73
2012.10.17 15:28:53.426,1.03343,1.03357,2.48,1.50
2012.10.17 15:28:54.738,1.03345,1.03358,2.48,1.73
2012.10.17 15:28:55.277,1.03344,1.03359,2.10,2.10
2012.10.17 15:28:55.837,1.03345,1.0336,1.73,3.00
2012.10.17 15:28:55.957,1.03345,1.0336,3.23,3.00
2012.10.17 15:28:56.437,1.03349,1.0336,1.73,1.50
2012.10.17 15:28:56.557,1.0335,1.03366,2.10,1.13
2012.10.17 15:28:56.617,1.0335,1.03366,2.10,1.13
2012.10.17 15:28:57.136,1.03349,1.03366,4.73,1.13
2012.10.17 15:28:57.257,1.03349,1.03366,3.98,2.10
2012.10.17 15:28:57.615,1.03349,1.03365,3.63,1.50
2012.10.17 15:28:57.677,1.03349,1.03365,3.63,1.73
2012.10.17 15:28:58.096,1.03348,1.03363,2.48,2.25
2012.10.17 15:28:58.336,1.03348,1.03363,1.73,3.23
2012.10.17 15:28:59.907,1.03349,1.03363,1.73,1.50
2012.10.17 15:29:00.268,1.03349,1.03363,1.73,1.50
2012.10.17 15:29:00.360,1.03348,1.03363,1.35,1.50
2012.10.17 15:29:01.446,1.03348,1.03362,1.73,2.25
2012.10.17 15:29:01.968,1.03347,1.03362,2.10,2.25
2012.10.17 15:29:02.026,1.03347,1.03362,2.10,2.25
2012.10.17 15:29:03.976,1.03348,1.03362,1.73,2.25
2012.10.17 15:29:04.648,1.03348,1.03362,1.73,3.75
2012.10.17 15:29:05.006,1.03345,1.03357,1.73,1.50
2012.10.17 15:29:05.186,1.03345,1.03356,1.73,1.50
2012.10.17 15:29:05.687,1.03345,1.03356,1.73,2.25
2012.10.17 15:29:05.997,1.03345,1.03358,1.73,2.48
2012.10.17 15:29:06.181,1.03345,1.03358,1.73,2.48
2012.10.17 15:29:08.428,1.03345,1.03358,2.88,2.25
2012.10.17 15:29:08.487,1.03345,1.03358,3.63,1.50
2012.10.17 15:29:08.607,1.03347,1.03361,1.73,1.50
2012.10.17 15:29:08.848,1.03349,1.03362,1.73,1.13
2012.10.17 15:29:09.266,1.03347,1.03362,2.48,1.13
2012.10.17 15:29:09.327,1.03346,1.0336,1.73,1.73
2012.10.17 15:29:10.080,1.03345,1.0336,3.98,1.50
2012.10.17 15:29:11.477,1.03346,1.0336,1.35,1.73
2012.10.17 15:29:12.016,1.03346,1.03359,1.35,2.48
2012.10.17 15:29:12.196,1.03346,1.03359,1.35,2.48
2012.10.17 15:29:12.738,1.03345,1.03359,1.35,2.48
2012.10.17 15:29:15.079,1.03345,1.03359,1.35,2.48
2012.10.17 15:29:15.348,1.03345,1.03359,1.35,2.25
2012.10.17 15:29:15.469,1.03347,1.03362,2.48,3.23
2012.10.17 15:29:16.587,1.03349,1.03363,1.73,1.73
2012.10.17 15:29:19.867,1.03349,1.03363,3.23,3.09
2012.10.17 15:29:19.928,1.03349,1.03363,3.23,3.09
2012.10.17 15:29:20.048,1.03348,1.03361,1.73,2.48
2012.10.17 15:29:20.111,1.03345,1.0336,1.35,2.25
2012.10.17 15:29:20.180,1.03346,1.0336,1.73,2.25
2012.10.17 15:29:20.636,1.03347,1.03362,2.48,1.73
2012.10.17 15:29:24.268,1.03348,1.03362,3.23,1.35
2012.10.17 15:29:25.419,1.03349,1.03364,1.73,2.85
2012.10.17 15:29:25.959,1.03351,1.03366,3.98,1.50
2012.10.17 15:29:26.496,1.03351,1.03367,3.23,1.50
2012.10.17 15:29:26.999,1.03351,1.03367,1.73,2.25
2012.10.17 15:29:27.630,1.03349,1.03363,3.98,1.50
2012.10.17 15:29:27.759,1.03349,1.03361,1.73,1.50
2012.10.17 15:29:27.818,1.03348,1.03361,1.73,2.25
2012.10.17 15:29:27.878,1.03347,1.03361,1.73,3.23
2012.10.17 15:29:28.258,1.03344,1.03357,2.10,1.73
2012.10.17 15:29:29.197,1.03345,1.0336,1.73,2.48
2012.10.17 15:29:29.557,1.03347,1.03362,3.23,1.73
2012.10.17 15:29:29.796,1.03348,1.03364,2.48,2.48
2012.10.17 15:29:30.590,1.03349,1.03363,2.48,1.73
2012.10.17 15:29:31.316,1.03349,1.03362,1.73,1.73
2012.10.17 15:29:39.908,1.03348,1.03363,3.23,2.10
2012.10.17 15:29:40.639,1.03351,1.03366,2.48,2.48
2012.10.17 15:29:40.952,1.03351,1.03367,3.23,2.25
2012.10.17 15:29:41.238,1.03351,1.03367,3.23,2.25
2012.10.17 15:29:41.598,1.03355,1.0337,2.48,1.73
2012.10.17 15:29:41.718,1.03356,1.03372,2.48,1.13
2012.10.17 15:29:42.367,1.03358,1.03373,1.50,1.35
2012.10.17 15:29:42.727,1.03359,1.03374,1.73,2.12
2012.10.17 15:29:45.642,1.0336,1.03376,2.48,2.48
2012.10.17 15:29:46.727,1.0336,1.03376,2.48,2.48
2012.10.17 15:29:46.846,1.0336,1.03372,1.73,1.50
2012.10.17 15:29:46.906,1.0336,1.03372,1.73,1.73
2012.10.17 15:29:47.446,1.03357,1.03372,2.48,2.48
2012.10.17 15:29:49.078,1.03358,1.03374,1.73,2.25
2012.10.17 15:29:49.137,1.03359,1.03374,2.48,1.50
2012.10.17 15:29:49.718,1.03361,1.03376,1.73,3.98
2012.10.17 15:29:51.246,1.03362,1.03376,2.48,3.23
2012.10.17 15:29:51.786,1.03364,1.03376,1.73,2.48
2012.10.17 15:29:53.627,1.03363,1.03376,1.50,2.48
2012.10.17 15:29:54.716,1.03363,1.03377,1.73,4.35
2012.10.17 15:29:56.986,1.03364,1.03376,1.73,2.48
2012.10.17 15:29:57.503,1.03364,1.03376,1.73,1.73
2012.10.17 15:29:58.006,1.03364,1.03376,1.73,3.23
2012.10.17 15:29:58.328,1.03364,1.03376,1.73,2.48
2012.10.17 15:29:59.770,1.0336,1.03374,1.58,2.63
2012.10.17 15:30:00.016,1.03359,1.03374,1.73,3.60
2012.10.17 15:30:00.557,1.03357,1.03371,2.10,1.73
2012.10.17 15:30:01.328,1.03358,1.03373,1.73,3.98
2012.10.17 15:30:01.451,1.03358,1.03373,1.73,3.23
2012.10.17 15:30:01.521,1.03358,1.03374,3.23,2.85
2012.10.17 15:30:01.778,1.03361,1.03374,2.48,1.73
2012.10.17 15:30:02.759,1.03359,1.03373,3.23,1.73
2012.10.17 15:30:04.287,1.03358,1.03373,2.33,2.48
2012.10.17 15:30:04.596,1.03358,1.03371,1.73,2.48
2012.10.17 15:30:04.967,1.03358,1.03369,1.73,1.50
2012.10.17 15:30:05.147,1.03357,1.03369,1.73,1.73
2012.10.17 15:30:05.749,1.03354,1.03369,1.92,4.35
2012.10.17 15:30:06.275,1.03352,1.03365,1.73,3.60
2012.10.17 15:30:06.776,1.03353,1.03364,1.73,1.73
2012.10.17 15:30:07.290,1.03353,1.03365,1.73,1.35
2012.10.17 15:30:09.028,1.03353,1.03366,1.73,2.48
2012.10.17 15:30:09.756,1.03353,1.03366,3.23,3.98
2012.10.17 15:30:10.867,1.03352,1.03366,2.48,4.35
2012.10.17 15:30:11.237,1.03353,1.03366,1.50,2.85
2012.10.17 15:30:11.967,1.03354,1.03365,1.50,1.35
2012.10.17 15:30:12.146,1.03354,1.03366,1.50,5.10
2012.10.17 15:30:13.296,1.03354,1.03366,1.50,2.85
2012.10.17 15:30:13.808,1.03353,1.03366,1.73,2.10
2012.10.17 15:30:15.558,1.03354,1.03366,1.50,2.85
2012.10.17 15:30:15.878,1.03359,1.03366,1.73,1.50
2012.10.17 15:30:16.238,1.03359,1.03374,3.23,1.43
2012.10.17 15:30:16.816,1.03359,1.03372,2.48,1.05
2012.10.17 15:30:17.250,1.03356,1.03371,2.48,1.50
2012.10.17 15:30:17.330,1.03356,1.03371,1.73,3.23
2012.10.17 15:30:17.877,1.03355,1.03371,3.83,2.48
2012.10.17 15:30:18.419,1.03354,1.03369,2.48,1.50
2012.10.17 15:30:22.031,1.03354,1.03368,1.73,1.50
2012.10.17 15:30:22.101,1.03354,1.03368,1.73,2.48
2012.10.17 15:30:22.167,1.03354,1.03367,1.73,1.73
2012.10.17 15:30:23.256,1.03354,1.03368,1.73,3.23
2012.10.17 15:30:23.787,1.03355,1.03368,1.73,3.60
2012.10.17 15:30:24.306,1.03355,1.03368,1.73,2.10
2012.10.17 15:30:24.818,1.03355,1.03367,1.73,3.00
2012.10.17 15:30:25.367,1.03352,1.03366,1.35,2.48
2012.10.17 15:30:25.427,1.03352,1.03366,1.35,2.48
2012.10.17 15:30:25.977,1.03351,1.03365,1.73,1.73
2012.10.17 15:30:26.218,1.03348,1.03362,2.48,1.73
2012.10.17 15:30:26.280,1.03348,1.03362,1.50,1.73
2012.10.17 15:30:26.527,1.03347,1.03361,3.23,1.73
2012.10.17 15:30:28.207,1.03353,1.03362,1.73,1.50
2012.10.17 15:30:28.399,1.03353,1.03369,2.48,4.73
2012.10.17 15:30:28.458,1.03353,1.03369,2.48,4.73
2012.10.17 15:30:28.698,1.03352,1.03365,2.48,1.50
2012.10.17 15:30:28.879,1.03352,1.03368,1.73,2.48
2012.10.17 15:30:29.807,1.03352,1.03368,1.73,2.48
2012.10.17 15:30:31.756,1.03353,1.03368,2.48,1.73
2012.10.17 15:30:34.608,1.03353,1.03368,3.23,1.73
2012.10.17 15:30:35.146,1.03353,1.03368,3.23,1.73
2012.10.17 15:30:41.364,1.03353,1.03367,1.73,3.23
2012.10.17 15:30:42.178,1.03353,1.03367,1.73,1.73
2012.10.17 15:30:42.727,1.03353,1.03368,1.73,1.35
2012.10.17 15:30:44.028,1.03353,1.03367,1.73,1.73
2012.10.17 15:30:44.586,1.03357,1.03369,1.50,1.73
2012.10.17 15:30:47.247,1.03355,1.03368,1.73,2.10
2012.10.17 15:30:49.657,1.03355,1.03368,1.73,1.35
2012.10.17 15:30:52.568,1.03355,1.03371,3.23,5.10
2012.10.17 15:30:52.747,1.03355,1.03371,3.23,5.48
2012.10.17 15:30:54.550,1.03356,1.03371,3.23,1.35
2012.10.17 15:30:55.308,1.03356,1.0337,3.98,1.35
2012.10.17 15:30:55.706,1.03356,1.03368,1.50,2.48
2012.10.17 15:30:56.207,1.03351,1.03364,2.48,1.50
2012.10.17 15:30:58.428,1.03351,1.03364,2.48,1.73
2012.10.17 15:31:28.673,1.0335,1.03363,1.73,2.48
2012.10.17 15:31:28.859,1.03348,1.03358,1.73,1.50
2012.10.17 15:31:28.927,1.03348,1.03358,1.73,1.50
2012.10.17 15:31:29.407,1.03343,1.03354,1.73,2.25
2012.10.17 15:31:29.528,1.03341,1.03354,1.73,1.73
2012.10.17 15:31:30.067,1.03341,1.03354,1.73,1.73
2012.10.17 15:31:30.979,1.03337,1.03349,1.73,1.50
2012.10.17 15:31:31.107,1.03337,1.03348,1.73,1.50
2012.10.17 15:31:31.409,1.03334,1.03347,1.73,1.73
2012.10.17 15:31:31.657,1.03333,1.03343,2.48,1.88
2012.10.17 15:31:32.209,1.0333,1.03344,1.35,1.50
2012.10.17 15:31:32.280,1.0333,1.03345,2.51,2.25
2012.10.17 15:31:32.338,1.03332,1.03346,1.73,2.25
2012.10.17 15:31:32.757,1.03334,1.03349,1.73,1.73
2012.10.17 15:31:32.938,1.03334,1.03346,1.73,2.48
2012.10.17 15:31:33.476,1.03329,1.03345,1.73,3.23
2012.10.17 15:31:34.010,1.03329,1.03345,1.73,3.23
2012.10.17 15:31:34.258,1.03331,1.03346,2.48,2.48
2012.10.17 15:31:34.918,1.03339,1.03349,1.50,1.32
2012.10.17 15:31:35.037,1.0334,1.03352,1.73,3.23
2012.10.17 15:31:35.159,1.0334,1.03353,1.73,3.23
2012.10.17 15:31:35.707,1.03339,1.03353,1.73,1.73
2012.10.17 15:31:36.128,1.0334,1.03355,1.73,3.60
2012.10.17 15:31:36.608,1.03342,1.03357,2.48,1.13
2012.10.17 15:31:37.396,1.03345,1.03358,1.73,3.23
2012.10.17 15:31:37.898,1.03344,1.03358,1.73,3.23
2012.10.17 15:31:39.309,1.03346,1.03359,1.73,3.23
2012.10.17 15:31:39.857,1.0335,1.03364,1.73,4.73
2012.10.17 15:31:40.398,1.03348,1.03359,1.35,1.50
2012.10.17 15:31:40.456,1.03347,1.03359,1.35,1.50
2012.10.17 15:31:40.517,1.03347,1.03362,1.35,3.23
2012.10.17 15:31:40.577,1.03346,1.03362,3.23,3.23
2012.10.17 15:31:41.088,1.03345,1.03359,2.85,1.50
2012.10.17 15:31:41.573,1.03345,1.03358,1.73,2.25
2012.10.17 15:31:42.034,1.03349,1.03362,1.73,2.25
2012.10.17 15:31:42.158,1.03349,1.03364,2.48,1.73
2012.10.17 15:31:42.704,1.03349,1.03365,2.48,5.07
2012.10.17 15:31:43.926,1.03349,1.03365,2.48,5.07
2012.10.17 15:31:44.467,1.03346,1.03364,4.73,3.23
2012.10.17 15:31:45.437,1.03346,1.03363,4.73,1.73
2012.10.17 15:31:45.803,1.03346,1.03359,1.73,2.25
2012.10.17 15:31:45.989,1.03345,1.03358,1.73,2.48
2012.10.17 15:31:46.107,1.03344,1.03357,2.62,1.50
2012.10.17 15:31:46.698,1.03341,1.03357,1.73,1.50
2012.10.17 15:31:47.620,1.03344,1.03359,3.23,2.48
2012.10.17 15:31:47.688,1.03345,1.0336,1.73,2.25
2012.10.17 15:31:47.748,1.03345,1.0336,1.73,1.50
2012.10.17 15:31:47.808,1.03346,1.0336,1.73,1.50
2012.10.17 15:31:48.061,1.0335,1.03362,1.73,1.50
2012.10.17 15:31:49.456,1.03347,1.03362,2.48,2.48
2012.10.17 15:31:49.757,1.03348,1.03362,1.73,1.73
2012.10.17 15:31:50.957,1.03349,1.03365,3.23,1.35
2012.10.17 15:31:52.548,1.03353,1.03367,2.48,1.58
2012.10.17 15:31:52.667,1.03355,1.0337,1.73,1.05
2012.10.17 15:31:52.788,1.03356,1.0337,1.73,1.73
2012.10.17 15:31:54.887,1.03359,1.03371,1.73,1.13
2012.10.17 15:31:54.948,1.0336,1.03373,1.73,1.73
2012.10.17 15:31:55.496,1.03362,1.03375,1.73,2.25
2012.10.17 15:31:55.617,1.03362,1.03375,1.73,2.48
2012.10.17 15:31:56.128,1.03361,1.03374,2.48,2.25
2012.10.17 15:31:59.067,1.03359,1.03372,1.73,1.50
2012.10.17 15:31:59.127,1.03358,1.03372,1.73,2.25
2012.10.17 15:31:59.427,1.03357,1.03372,2.48,2.48
2012.10.17 15:32:00.246,1.03357,1.03372,3.23,2.48
2012.10.17 15:32:01.199,1.0336,1.03375,1.73,3.98
2012.10.17 15:32:02.882,1.0336,1.03374,1.73,2.48
2012.10.17 15:32:03.418,1.03359,1.03374,1.73,2.48
2012.10.17 15:32:03.538,1.03359,1.03372,1.73,1.50
2012.10.17 15:32:03.608,1.0336,1.03374,2.10,1.50
2012.10.17 15:32:03.797,1.03361,1.03374,2.48,1.50
2012.10.17 15:32:04.108,1.03361,1.0337,2.48,1.50
2012.10.17 15:32:04.360,1.03363,1.03376,1.35,1.37
2012.10.17 15:32:04.548,1.03363,1.03378,1.35,1.35
2012.10.17 15:32:05.234,1.03364,1.03378,4.38,1.35
2012.10.17 15:32:05.639,1.03364,1.03379,2.88,1.50
2012.10.17 15:32:05.698,1.03366,1.03381,2.48,3.00
2012.10.17 15:32:06.619,1.03364,1.0338,4.76,2.10
2012.10.17 15:32:06.928,1.03364,1.03379,3.63,2.85
2012.10.17 15:32:07.268,1.03364,1.03379,2.66,2.85
2012.10.17 15:32:07.814,1.03362,1.03378,4.01,2.25
2012.10.17 15:32:09.587,1.0336,1.03374,2.85,2.25
2012.10.17 15:32:10.108,1.0336,1.03373,1.35,4.35
2012.10.17 15:32:10.737,1.03358,1.03373,3.23,2.10
2012.10.17 15:32:11.346,1.03358,1.03373,3.23,2.85
2012.10.17 15:32:12.141,1.03358,1.03372,1.73,1.50
2012.10.17 15:32:12.648,1.03356,1.0337,2.27,2.85
2012.10.17 15:32:15.318,1.03356,1.0337,1.73,3.83
2012.10.17 15:32:15.377,1.03356,1.0337,1.73,3.83
2012.10.17 15:32:16.028,1.03354,1.0337,1.35,3.08
2012.10.17 15:32:16.729,1.03354,1.0337,1.35,3.08
2012.10.17 15:32:17.027,1.03353,1.03367,4.35,1.50
2012.10.17 15:32:17.209,1.03353,1.03369,3.60,1.73
2012.10.17 15:32:17.770,1.03352,1.03367,2.48,1.73
2012.10.17 15:32:18.278,1.0335,1.03365,2.48,2.33
2012.10.17 15:32:18.628,1.0335,1.03365,2.48,3.08
2012.10.17 15:32:18.717,1.0335,1.03365,2.48,2.33
2012.10.17 15:32:19.018,1.03352,1.03365,1.73,4.58
2012.10.17 15:32:19.658,1.03349,1.03365,3.63,4.35
2012.10.17 15:32:20.186,1.03349,1.03365,3.63,2.85
2012.10.17 15:32:20.707,1.0335,1.03365,2.13,2.10
2012.10.17 15:32:21.209,1.0335,1.03365,2.13,2.85
2012.10.17 15:32:21.748,1.03351,1.03365,2.48,2.10
2012.10.17 15:32:22.657,1.03352,1.03365,1.73,2.10
2012.10.17 15:32:22.967,1.03356,1.03365,2.48,2.10
2012.10.17 15:32:23.579,1.03354,1.03365,2.85,2.10
2012.10.17 15:32:24.820,1.03358,1.03371,2.48,2.33
2012.10.17 15:32:24.951,1.0336,1.03371,2.48,1.35
2012.10.17 15:32:25.498,1.03361,1.03371,1.35,1.35
2012.10.17 15:32:25.819,1.03361,1.03371,1.35,1.35
2012.10.17 15:32:27.453,1.03361,1.03376,3.60,4.20
2012.10.17 15:32:28.227,1.03368,1.03379,3.75,1.73
2012.10.17 15:32:28.408,1.03369,1.03381,1.73,1.73
2012.10.17 15:32:29.524,1.03367,1.03379,2.10,3.75
2012.10.17 15:32:29.828,1.03367,1.03378,1.73,3.75
2012.10.17 15:32:29.949,1.03367,1.03378,1.73,3.75
2012.10.17 15:32:30.084,1.03367,1.03378,1.73,3.75
2012.10.17 15:32:30.447,1.03366,1.03379,2.85,1.50
2012.10.17 15:32:35.946,1.03364,1.03378,3.23,1.50
2012.10.17 15:32:36.138,1.03361,1.03376,1.73,1.50
2012.10.17 15:32:36.670,1.03359,1.03376,5.85,1.50
2012.10.17 15:32:37.220,1.03359,1.03375,5.10,3.08
2012.10.17 15:32:37.697,1.0336,1.03375,1.73,3.08
2012.10.17 15:32:38.118,1.03357,1.03372,2.10,1.73
2012.10.17 15:32:38.237,1.03357,1.03373,2.10,1.50
2012.10.17 15:32:38.687,1.03361,1.03373,1.73,1.50
2012.10.17 15:32:39.232,1.03362,1.03373,1.73,1.50
2012.10.17 15:32:39.868,1.03358,1.03373,4.38,2.25
2012.10.17 15:32:41.246,1.03358,1.03373,2.13,2.63
2012.10.17 15:32:41.999,1.03357,1.03372,1.73,3.00
2012.10.17 15:32:42.082,1.03353,1.03367,4.73,2.25
2012.10.17 15:32:42.418,1.03353,1.03364,3.98,1.13
2012.10.17 15:32:42.997,1.03352,1.03368,3.23,2.10
2012.10.17 15:32:43.448,1.03357,1.03369,1.73,1.35
2012.10.17 15:32:43.627,1.03359,1.03371,1.73,3.23
2012.10.17 15:32:43.688,1.03359,1.03371,1.73,3.00
2012.10.17 15:32:44.589,1.03358,1.03372,5.48,1.13
2012.10.17 15:32:44.658,1.03358,1.03372,3.98,2.85
2012.10.17 15:32:44.837,1.03358,1.03372,4.73,2.63
2012.10.17 15:32:45.139,1.03357,1.03372,2.48,2.63
2012.10.17 15:32:45.678,1.03358,1.03372,2.48,1.13
2012.10.17 15:32:46.168,1.03359,1.03373,1.73,1.88
2012.10.17 15:32:46.877,1.03359,1.03372,1.73,1.13
2012.10.17 15:32:46.937,1.03359,1.03369,1.50,1.73
2012.10.17 15:32:46.998,1.03359,1.03369,2.25,1.73
2012.10.17 15:32:47.300,1.0336,1.03372,1.73,1.50
2012.10.17 15:32:47.358,1.0336,1.03372,1.73,1.50
2012.10.17 15:32:47.727,1.03359,1.03374,1.73,3.75
2012.10.17 15:32:48.378,1.03361,1.03374,1.73,3.75
2012.10.17 15:32:51.217,1.03359,1.03373,2.48,1.13
2012.10.17 15:32:51.608,1.03359,1.03373,2.48,2.63
2012.10.17 15:32:51.838,1.03359,1.03373,1.73,1.35
2012.10.17 15:32:52.725,1.03359,1.03372,1.73,3.23
2012.10.17 15:32:53.277,1.03359,1.03372,1.73,3.23
2012.10.17 15:32:53.607,1.03357,1.03372,3.23,3.23
2012.10.17 15:32:54.536,1.03356,1.0337,3.23,1.50
2012.10.17 15:32:54.600,1.03356,1.0337,2.48,2.25
2012.10.17 15:32:55.078,1.03353,1.03366,1.35,2.25
2012.10.17 15:32:55.626,1.03355,1.0337,1.73,3.98
2012.10.17 15:32:56.178,1.03355,1.0337,1.73,3.98
2012.10.17 15:32:57.728,1.03355,1.03371,2.48,4.73
2012.10.17 15:32:59.810,1.03353,1.03368,1.73,5.10
2012.10.17 15:33:00.357,1.03353,1.03366,1.73,2.25
2012.10.17 15:33:00.922,1.0335,1.03365,2.48,2.48
2012.10.17 15:33:01.466,1.03349,1.03365,2.48,2.48
2012.10.17 15:33:01.807,1.03349,1.03365,2.48,2.48
2012.10.17 15:33:03.106,1.03349,1.03364,2.48,1.13
2012.10.17 15:33:03.647,1.03349,1.03364,1.73,1.13
2012.10.17 15:33:03.917,1.03349,1.03364,2.48,1.13
2012.10.17 15:33:04.197,1.03349,1.03364,2.48,1.13
2012.10.17 15:33:05.206,1.03349,1.03365,2.48,2.48
2012.10.17 15:33:05.736,1.03349,1.03365,1.73,2.48
2012.10.17 15:33:11.227,1.03349,1.03363,2.48,1.88
2012.10.17 15:33:11.737,1.03349,1.03363,1.73,1.88
2012.10.17 15:33:12.367,1.03349,1.03363,2.48,1.88
2012.10.17 15:33:14.773,1.03349,1.03363,2.48,2.25
2012.10.17 15:33:15.371,1.03349,1.03364,2.48,2.63
2012.10.17 15:33:15.618,1.03353,1.03365,2.13,1.13
2012.10.17 15:33:15.978,1.03355,1.0337,2.88,3.75
2012.10.17 15:33:16.097,1.03356,1.03371,2.48,1.50
2012.10.17 15:33:16.692,1.03356,1.03371,2.48,2.48
2012.10.17 15:33:21.547,1.03356,1.03371,2.48,2.48
2012.10.17 15:33:21.667,1.03356,1.03372,3.98,2.25
2012.10.17 15:33:22.187,1.03356,1.03372,3.98,3.00
2012.10.17 15:33:22.728,1.03357,1.03373,2.48,2.10
2012.10.17 15:33:23.267,1.03357,1.03372,2.48,1.50
2012.10.17 15:33:24.538,1.03356,1.03372,4.73,2.25
2012.10.17 15:33:24.656,1.03356,1.03372,4.73,3.00
2012.10.17 15:33:25.747,1.03356,1.03372,4.73,2.25
2012.10.17 15:33:31.096,1.03359,1.03373,1.73,1.88
2012.10.17 15:33:32.344,1.0336,1.03373,1.73,1.50
2012.10.17 15:33:32.658,1.03364,1.03374,2.48,1.13
2012.10.17 15:33:33.080,1.03366,1.03376,2.51,3.00
2012.10.17 15:33:33.389,1.03371,1.0338,2.48,3.00
2012.10.17 15:33:33.508,1.03371,1.03381,2.48,1.50
2012.10.17 15:33:34.057,1.0337,1.03384,4.35,3.75
2012.10.17 15:33:36.610,1.03369,1.0338,1.73,1.50
2012.10.17 15:33:36.878,1.03369,1.0338,1.73,1.50
2012.10.17 15:33:40.000,1.03366,1.0338,2.85,3.00
2012.10.17 15:33:40.187,1.03366,1.0338,2.10,3.23
2012.10.17 15:33:40.307,1.03366,1.0338,2.10,3.00
2012.10.17 15:33:41.407,1.03366,1.03381,1.73,3.00
2012.10.17 15:33:44.727,1.03365,1.03381,3.98,3.00
2012.10.17 15:33:45.543,1.03364,1.03378,2.48,1.50
2012.10.17 15:33:46.168,1.03366,1.0338,1.73,2.25
2012.10.17 15:33:46.290,1.03366,1.0338,2.88,2.25
2012.10.17 15:33:54.377,1.03369,1.03382,1.73,3.00
2012.10.17 15:33:54.558,1.03369,1.03382,3.98,3.75
2012.10.17 15:33:54.678,1.03369,1.03382,2.48,3.75
2012.10.17 15:33:54.979,1.03369,1.03383,2.48,3.38
2012.10.17 15:34:03.048,1.03367,1.03382,1.73,1.73
2012.10.17 15:34:03.107,1.03367,1.0338,1.73,1.50
2012.10.17 15:34:03.616,1.03367,1.03381,1.73,1.50
2012.10.17 15:34:03.961,1.03367,1.0338,1.73,3.75
2012.10.17 15:34:05.906,1.03367,1.03383,1.73,4.50
2012.10.17 15:34:09.488,1.03365,1.03381,2.25,1.50
2012.10.17 15:34:09.672,1.03365,1.03377,1.73,2.25
2012.10.17 15:34:09.740,1.03363,1.03377,2.51,6.00
2012.10.17 15:34:09.807,1.03363,1.03377,2.10,6.00
2012.10.17 15:34:10.619,1.03363,1.03377,2.85,2.25
2012.10.17 15:34:10.747,1.03363,1.03378,2.85,1.50
2012.10.17 15:34:11.107,1.03364,1.03376,1.50,3.75
2012.10.17 15:34:11.467,1.03362,1.03376,1.73,3.75
2012.10.17 15:34:12.394,1.03362,1.03372,1.50,3.75
2012.10.17 15:34:12.577,1.0336,1.03375,1.73,1.50
2012.10.17 15:34:13.957,1.03363,1.03377,2.48,1.50
2012.10.17 15:34:14.476,1.03363,1.03377,2.48,1.50
2012.10.17 15:34:15.251,1.03362,1.03376,2.51,4.50
2012.10.17 15:34:16.017,1.03362,1.03376,1.35,4.50
2012.10.17 15:34:22.435,1.03363,1.03377,3.98,1.13
2012.10.17 15:34:23.807,1.03363,1.03377,3.98,1.13
2012.10.17 15:34:24.167,1.03363,1.03372,3.98,2.25
2012.10.17 15:34:25.087,1.03361,1.03373,1.73,1.73
2012.10.17 15:34:25.328,1.03361,1.03373,1.73,1.73
2012.10.17 15:34:25.867,1.0336,1.03371,1.73,2.48
2012.10.17 15:34:26.227,1.0336,1.03373,1.73,1.73
2012.10.17 15:34:26.407,1.03361,1.03373,4.73,1.50
2012.10.17 15:34:26.646,1.03362,1.03375,1.73,2.85
2012.10.17 15:34:27.178,1.03361,1.03374,1.73,2.48
2012.10.17 15:34:28.048,1.03361,1.03375,1.73,4.35
2012.10.17 15:34:28.587,1.03362,1.03375,1.73,2.85
2012.10.17 15:34:30.017,1.03361,1.03374,1.73,2.25
2012.10.17 15:34:30.528,1.03361,1.03373,1.73,2.48
2012.10.17 15:34:35.028,1.0336,1.03372,1.73,1.13
2012.10.17 15:34:36.078,1.0336,1.03372,1.73,2.48
2012.10.17 15:34:39.448,1.03358,1.03371,2.48,2.25
2012.10.17 15:34:41.147,1.03358,1.03371,2.48,2.63
2012.10.17 15:34:43.587,1.03359,1.03371,3.98,2.25
2012.10.17 15:34:43.647,1.03359,1.03371,3.98,2.25
2012.10.17 15:34:45.230,1.03356,1.03369,1.73,1.50
2012.10.17 15:34:45.301,1.03355,1.03369,4.73,2.25
2012.10.17 15:34:45.874,1.03355,1.0337,3.23,1.73
2012.10.17 15:34:46.337,1.03356,1.0337,1.73,1.73
2012.10.17 15:34:46.868,1.03357,1.03371,2.48,2.48
2012.10.17 15:34:47.427,1.03358,1.03372,4.73,1.50
2012.10.17 15:34:49.007,1.03358,1.03372,3.98,3.00
2012.10.17 15:34:51.499,1.03358,1.03371,4.73,2.25
2012.10.17 15:34:56.238,1.03358,1.03371,4.73,2.25
2012.10.17 15:34:56.958,1.03358,1.03371,4.73,2.25
2012.10.17 15:34:57.739,1.03358,1.03371,3.98,2.25
2012.10.17 15:34:59.470,1.0336,1.03371,1.73,1.50
2012.10.17 15:34:59.537,1.03359,1.03372,3.98,1.50
2012.10.17 15:34:59.898,1.0336,1.03372,1.73,2.25
2012.10.17 15:35:00.017,1.0336,1.03372,1.73,2.25
2012.10.17 15:35:00.257,1.0336,1.0337,1.73,2.25
2012.10.17 15:35:00.377,1.03358,1.0337,1.73,2.25
2012.10.17 15:35:00.995,1.03355,1.0337,2.48,2.25
2012.10.17 15:35:02.257,1.03355,1.0337,1.73,2.48
2012.10.17 15:35:02.567,1.03355,1.0337,1.73,3.23
2012.10.17 15:35:02.806,1.03355,1.0337,1.35,4.73
2012.10.17 15:35:03.237,1.03355,1.0337,1.35,3.23
2012.10.17 15:35:04.018,1.03353,1.03366,2.48,2.25
2012.10.17 15:35:04.137,1.03353,1.03367,2.48,3.23
2012.10.17 15:35:04.258,1.03352,1.03363,1.73,2.25
2012.10.17 15:35:04.968,1.03351,1.03363,1.73,1.50
2012.10.17 15:35:08.257,1.03351,1.03365,1.73,4.13
2012.10.17 15:35:12.206,1.0335,1.03365,1.73,4.13
2012.10.17 15:35:25.459,1.03352,1.03365,1.73,1.50
2012.10.17 15:35:25.768,1.03352,1.03366,1.73,4.32
2012.10.17 15:35:26.497,1.03352,1.03364,2.48,1.50
2012.10.17 15:35:31.726,1.03352,1.03366,1.73,4.73
2012.10.17 15:35:36.478,1.03351,1.03366,3.37,1.50
2012.10.17 15:35:40.089,1.03351,1.03365,5.24,3.00
2012.10.17 15:35:40.518,1.03351,1.03363,3.23,1.50
2012.10.17 15:35:40.878,1.03349,1.03361,2.48,1.50
2012.10.17 15:35:40.997,1.03349,1.03363,2.48,3.00
2012.10.17 15:35:46.478,1.03349,1.03363,3.98,1.73
2012.10.17 15:35:47.269,1.03349,1.03363,3.98,1.73
2012.10.17 15:35:47.588,1.03347,1.03361,2.48,1.50
2012.10.17 15:35:47.907,1.03347,1.03361,2.48,1.73
2012.10.17 15:36:00.538,1.03347,1.03362,1.73,3.23
2012.10.17 15:36:01.167,1.03348,1.03362,1.50,3.23
2012.10.17 15:36:01.787,1.03347,1.03362,2.48,3.23
2012.10.17 15:36:03.577,1.03347,1.03357,1.73,1.50
2012.10.17 15:36:03.937,1.03345,1.03361,1.73,4.05
2012.10.17 15:36:08.539,1.03347,1.03358,1.73,3.98
2012.10.17 15:36:08.657,1.03347,1.03357,1.50,1.73
2012.10.17 15:36:09.197,1.03342,1.03357,1.73,3.98
2012.10.17 15:36:10.159,1.03342,1.03357,1.73,3.98
2012.10.17 15:36:13.248,1.03345,1.03357,1.13,1.73
2012.10.17 15:36:13.370,1.03347,1.03361,2.10,1.05
2012.10.17 15:36:13.888,1.03347,1.03362,2.10,2.33
2012.10.17 15:36:14.917,1.03347,1.03362,1.73,2.33
2012.10.17 15:36:14.977,1.03347,1.03361,2.10,1.05
2012.10.17 15:36:19.357,1.03344,1.03359,1.73,2.25
2012.10.17 15:36:19.417,1.03344,1.03359,1.73,2.48
2012.10.17 15:36:19.538,1.03342,1.03357,1.73,3.23
2012.10.17 15:36:20.077,1.03341,1.03356,3.60,2.48
2012.10.17 15:36:22.569,1.03341,1.03356,1.73,3.23
2012.10.17 15:36:23.528,1.0334,1.03352,1.73,1.73
2012.10.17 15:36:24.058,1.0334,1.03352,1.50,1.73
2012.10.17 15:36:24.737,1.0334,1.03353,1.73,1.73
2012.10.17 15:36:27.989,1.0334,1.03353,2.10,3.23
2012.10.17 15:36:28.227,1.0334,1.03353,1.73,3.23
2012.10.17 15:36:29.160,1.0334,1.03354,1.73,4.73
2012.10.17 15:36:30.297,1.03342,1.03355,1.73,1.73
2012.10.17 15:36:30.857,1.03342,1.03355,1.73,1.73
2012.10.17 15:36:32.717,1.0334,1.03355,3.98,1.73
2012.10.17 15:36:33.228,1.0334,1.03355,3.98,1.73
2012.10.17 15:36:34.957,1.03341,1.03355,1.73,2.48
2012.10.17 15:36:35.198,1.03346,1.03357,1.73,3.38
2012.10.17 15:36:35.318,1.03346,1.03357,1.73,1.50
2012.10.17 15:36:35.438,1.03348,1.03361,2.25,2.48
2012.10.17 15:36:36.440,1.03349,1.0336,1.50,1.73
2012.10.17 15:36:36.498,1.0335,1.03363,2.48,2.85
2012.10.17 15:36:37.271,1.03347,1.03362,3.37,3.23
2012.10.17 15:36:37.818,1.03347,1.03362,1.73,1.73
2012.10.17 15:36:40.217,1.03348,1.03362,1.35,1.73
2012.10.17 15:36:40.791,1.03348,1.03362,2.10,1.73
2012.10.17 15:36:45.509,1.03349,1.03364,1.73,2.48
2012.10.17 15:36:45.922,1.03351,1.03365,3.98,1.73
2012.10.17 15:36:45.997,1.03353,1.03367,1.35,2.48
2012.10.17 15:36:46.538,1.03353,1.03367,2.10,1.73
2012.10.17 15:36:46.598,1.03353,1.03367,2.10,1.73
2012.10.17 15:36:47.213,1.03355,1.03369,1.73,2.48
2012.10.17 15:36:49.149,1.03353,1.03368,3.60,1.73
2012.10.17 15:36:58.868,1.03353,1.03364,1.73,1.50
2012.10.17 15:36:59.290,1.0335,1.03363,1.73,2.25
2012.10.17 15:36:59.470,1.03348,1.03363,1.82,2.48
2012.10.17 15:37:00.984,1.03348,1.03364,1.73,2.10
2012.10.17 15:37:04.478,1.03348,1.03364,6.23,1.73
2012.10.17 15:37:06.008,1.0335,1.03364,1.73,2.48
2012.10.17 15:37:06.538,1.0335,1.03364,1.73,2.48
2012.10.17 15:37:06.998,1.03353,1.03366,1.73,2.48
2012.10.17 15:37:08.141,1.03355,1.03369,1.35,2.48
2012.10.17 15:37:10.628,1.03353,1.03367,1.73,3.23
2012.10.17 15:37:11.389,1.03357,1.03366,1.13,2.48
2012.10.17 15:37:11.510,1.03354,1.03369,3.00,1.73
2012.10.17 15:37:11.689,1.03354,1.03368,1.73,2.48
2012.10.17 15:37:11.927,1.03353,1.03368,1.73,2.48
2012.10.17 15:37:12.507,1.03352,1.03368,8.10,2.48
2012.10.17 15:37:14.567,1.03352,1.03368,7.73,2.48
2012.10.17 15:37:14.927,1.03352,1.03368,6.23,3.23
2012.10.17 15:37:14.987,1.03352,1.03367,2.48,1.73
2012.10.17 15:37:16.767,1.03351,1.03364,1.73,1.73
2012.10.17 15:37:17.338,1.03351,1.03366,1.73,1.35
2012.10.17 15:37:19.508,1.03354,1.03367,2.25,3.23
2012.10.17 15:37:20.288,1.03353,1.03367,3.23,3.23
2012.10.17 15:37:20.777,1.03354,1.03366,3.75,1.73
2012.10.17 15:37:20.840,1.03354,1.03366,1.73,1.50
2012.10.17 15:37:20.970,1.03355,1.03368,2.48,1.50
2012.10.17 15:37:21.039,1.03357,1.0337,1.73,3.23
2012.10.17 15:37:21.278,1.03358,1.03372,2.25,2.10
2012.10.17 15:37:21.579,1.0336,1.03373,2.25,1.35
2012.10.17 15:37:21.638,1.03361,1.03373,2.48,1.35
2012.10.17 15:37:22.071,1.03364,1.03376,3.60,3.75
2012.10.17 15:37:22.379,1.03369,1.03376,3.23,3.75
2012.10.17 15:37:25.777,1.03368,1.03376,2.48,3.00
2012.10.17 15:37:26.339,1.03368,1.03376,1.73,3.00
2012.10.17 15:37:26.819,1.03368,1.03376,1.73,3.75
2012.10.17 15:37:27.241,1.03369,1.03382,1.73,1.73
2012.10.17 15:37:27.757,1.03369,1.03382,1.73,1.73
2012.10.17 15:37:28.319,1.03371,1.03382,1.50,1.73
2012.10.17 15:37:30.427,1.03369,1.03382,2.48,1.73
2012.10.17 15:37:31.318,1.03371,1.03384,1.73,2.10
2012.10.17 15:37:31.437,1.03371,1.03384,1.73,2.10
2012.10.17 15:37:35.144,1.03371,1.03385,1.50,2.48
2012.10.17 15:37:39.668,1.03371,1.03385,1.73,2.48
2012.10.17 15:37:40.389,1.03371,1.03385,2.48,2.48
2012.10.17 15:37:40.568,1.03373,1.03385,1.50,1.73
2012.10.17 15:37:41.918,1.03373,1.03386,1.50,3.23
2012.10.17 15:37:42.520,1.03374,1.03386,1.50,2.48
2012.10.17 15:37:43.130,1.03374,1.03386,1.50,1.73
2012.10.17 15:37:44.658,1.03372,1.03386,2.10,1.73
2012.10.17 15:37:44.718,1.03372,1.03386,2.10,1.73
2012.10.17 15:37:44.839,1.03372,1.03386,2.48,1.73
2012.10.17 15:37:45.297,1.03372,1.03386,2.48,1.73
2012.10.17 15:37:45.818,1.03372,1.03386,2.10,1.73
2012.10.17 15:37:46.842,1.03372,1.03386,2.10,2.48
2012.10.17 15:37:47.168,1.03372,1.03386,1.88,2.48
2012.10.17 15:37:47.904,1.03372,1.03389,2.10,4.73
2012.10.17 15:37:52.377,1.03372,1.03388,1.73,1.73
2012.10.17 15:37:56.543,1.03372,1.03389,1.73,3.23
2012.10.17 15:38:02.604,1.03373,1.03388,2.48,1.73
2012.10.17 15:38:03.759,1.03376,1.0339,1.50,1.73
2012.10.17 15:38:03.822,1.03378,1.03391,1.50,3.23
2012.10.17 15:38:03.950,1.03379,1.03391,1.50,3.23
2012.10.17 15:38:04.261,1.03384,1.03395,1.50,2.48
2012.10.17 15:38:04.458,1.03387,1.03395,1.50,1.50
2012.10.17 15:38:04.758,1.03392,1.034,1.50,1.35
2012.10.17 15:38:05.119,1.03395,1.03403,1.50,1.73
2012.10.17 15:38:05.179,1.03395,1.03404,1.50,2.10
2012.10.17 15:38:05.244,1.03395,1.03404,1.50,2.10
2012.10.17 15:38:05.684,1.03396,1.03406,1.50,6.23
2012.10.17 15:38:08.321,1.034,1.03409,1.50,2.48
2012.10.17 15:38:08.460,1.034,1.03411,1.50,2.48
2012.10.17 15:38:08.518,1.03399,1.03409,2.48,1.50
2012.10.17 15:38:08.640,1.034,1.03414,1.50,1.73
2012.10.17 15:38:08.759,1.03399,1.03414,1.73,1.73
2012.10.17 15:38:08.819,1.03399,1.0341,1.73,4.73
2012.10.17 15:38:09.060,1.03396,1.03407,1.50,1.58
2012.10.17 15:38:09.546,1.03393,1.03406,1.88,2.33
2012.10.17 15:38:09.848,1.03394,1.03406,1.13,2.33
2012.10.17 15:38:10.610,1.03395,1.03406,1.50,2.33
2012.10.17 15:38:10.917,1.03391,1.03406,3.23,2.33
2012.10.17 15:38:13.320,1.0339,1.03406,3.38,2.33
2012.10.17 15:38:13.509,1.0339,1.03403,1.50,3.83
2012.10.17 15:38:13.760,1.0339,1.03403,1.73,2.33
2012.10.17 15:38:14.307,1.03388,1.03403,1.73,3.08
2012.10.17 15:38:14.489,1.03387,1.03402,2.62,1.73
2012.10.17 15:38:15.230,1.03386,1.03402,1.35,2.48
2012.10.17 15:38:15.661,1.03386,1.03399,1.13,3.08
2012.10.17 15:38:17.911,1.03386,1.03399,1.50,3.08
2012.10.17 15:38:18.218,1.03389,1.03403,1.50,2.85
2012.10.17 15:38:18.339,1.03389,1.03403,2.25,2.85
2012.10.17 15:38:18.819,1.03389,1.03403,1.50,1.35
2012.10.17 15:38:19.306,1.03389,1.03402,2.25,1.73
2012.10.17 15:38:19.389,1.03386,1.03401,3.75,1.73
2012.10.17 15:38:20.388,1.03385,1.03399,3.23,1.58
2012.10.17 15:38:28.698,1.03387,1.03402,1.50,3.60
2012.10.17 15:38:28.999,1.03389,1.03402,1.50,2.25
2012.10.17 15:38:29.062,1.03389,1.03402,1.73,1.73
2012.10.17 15:38:29.981,1.0339,1.03403,1.50,1.35
2012.10.17 15:38:30.590,1.03389,1.03403,2.25,1.35
2012.10.17 15:38:32.319,1.0339,1.03403,2.25,1.35
2012.10.17 15:38:32.527,1.03389,1.03402,1.50,1.73
2012.10.17 15:38:32.831,1.03387,1.03401,1.50,1.73
2012.10.17 15:38:32.902,1.03387,1.03401,1.50,1.73
2012.10.17 15:38:33.339,1.03385,1.034,3.00,1.73
2012.10.17 15:38:35.778,1.03386,1.03401,1.13,3.23
2012.10.17 15:38:36.079,1.03389,1.03402,2.25,1.73
2012.10.17 15:38:36.717,1.03389,1.03403,2.25,1.73
2012.10.17 15:38:36.958,1.03388,1.03401,3.75,1.73
2012.10.17 15:38:37.079,1.03388,1.03401,2.25,1.73
2012.10.17 15:38:37.798,1.03388,1.03401,1.73,1.73
2012.10.17 15:38:37.862,1.03388,1.03403,1.73,3.98
2012.10.17 15:38:38.050,1.03392,1.03403,2.48,1.50
2012.10.17 15:38:38.607,1.03393,1.03408,1.50,2.48
2012.10.17 15:38:42.046,1.03392,1.03408,1.73,2.85
2012.10.17 15:38:42.118,1.03393,1.03408,3.23,1.35
2012.10.17 15:38:43.829,1.03393,1.03408,3.23,1.35
2012.10.17 15:38:43.891,1.03395,1.03409,1.50,2.85
2012.10.17 15:38:43.959,1.03393,1.03409,3.23,3.60
2012.10.17 15:38:44.380,1.03391,1.03405,1.50,1.73
2012.10.17 15:38:44.510,1.03388,1.03403,1.35,3.23
2012.10.17 15:38:44.570,1.03388,1.03401,1.13,2.48
2012.10.17 15:38:45.109,1.03388,1.03403,1.35,3.23
2012.10.17 15:38:45.559,1.0339,1.03405,4.50,1.73
2012.10.17 15:38:45.679,1.03391,1.03406,2.48,2.48
2012.10.17 15:38:46.217,1.03393,1.03407,1.73,1.73
2012.10.17 15:38:46.897,1.03393,1.03407,1.73,1.73
2012.10.17 15:38:47.317,1.03396,1.0341,1.73,1.73
2012.10.17 15:38:47.438,1.03396,1.0341,2.48,1.73
2012.10.17 15:38:49.690,1.03397,1.03409,1.73,1.73
2012.10.17 15:38:50.048,1.03393,1.03407,1.50,1.73
2012.10.17 15:38:50.408,1.03395,1.03408,2.25,1.73
2012.10.17 15:38:50.973,1.03393,1.03408,3.98,1.73
2012.10.17 15:38:51.188,1.03398,1.03411,1.50,2.10
2012.10.17 15:38:51.528,1.03399,1.03411,1.73,1.35
2012.10.17 15:38:51.888,1.03402,1.03415,1.50,1.05
2012.10.17 15:38:51.948,1.034,1.03415,5.48,1.05
2012.10.17 15:38:52.997,1.03401,1.03417,3.23,2.48
2012.10.17 15:38:54.652,1.03404,1.03417,3.75,1.35
2012.10.17 15:38:54.848,1.03407,1.03418,1.50,1.35
2012.10.17 15:38:55.031,1.03412,1.0342,1.13,1.43
2012.10.17 15:38:55.337,1.03412,1.0342,2.63,1.43
2012.10.17 15:38:55.457,1.03412,1.0342,2.63,1.43
2012.10.17 15:38:55.714,1.03412,1.0342,2.10,1.20
2012.10.17 15:38:56.569,1.0341,1.03425,1.35,3.23
2012.10.17 15:38:56.689,1.0341,1.03425,1.28,3.23
2012.10.17 15:38:57.220,1.0341,1.03423,1.13,3.23
2012.10.17 15:38:57.400,1.03407,1.03423,3.90,2.48
2012.10.17 15:38:57.589,1.03409,1.03422,1.73,1.73
2012.10.17 15:38:57.907,1.03407,1.03422,4.73,1.73
2012.10.17 15:38:58.238,1.03407,1.03421,3.23,1.73
2012.10.17 15:38:58.798,1.03406,1.03419,1.35,1.73
2012.10.17 15:38:59.388,1.03407,1.0342,1.73,1.50
2012.10.17 15:38:59.927,1.03408,1.0342,2.10,1.50
2012.10.17 15:39:00.438,1.03408,1.03422,2.10,1.73
2012.10.17 15:39:01.017,1.03409,1.03422,2.48,1.73
2012.10.17 15:39:02.622,1.03408,1.03423,2.10,2.48
2012.10.17 15:39:03.489,1.03409,1.03423,1.35,2.48
2012.10.17 15:39:03.809,1.03409,1.03424,3.23,2.48
2012.10.17 15:39:04.227,1.0341,1.03424,3.23,1.73
2012.10.17 15:39:05.368,1.0341,1.03424,3.98,1.73
2012.10.17 15:39:05.707,1.03412,1.03424,1.50,1.73
2012.10.17 15:39:06.228,1.03413,1.03425,1.50,1.73
2012.10.17 15:39:06.287,1.03415,1.03428,1.50,5.10
2012.10.17 15:39:06.528,1.03415,1.03429,4.13,2.48
2012.10.17 15:39:06.650,1.03417,1.03429,3.00,1.73
2012.10.17 15:39:06.988,1.03418,1.0343,1.73,1.73
2012.10.17 15:39:09.310,1.03423,1.03431,4.50,1.50
2012.10.17 15:39:09.439,1.03422,1.03433,1.50,1.73
2012.10.17 15:39:09.499,1.03422,1.03433,1.50,1.73
2012.10.17 15:39:09.740,1.03423,1.03435,1.73,2.10
2012.10.17 15:39:09.917,1.03425,1.03436,1.73,5.48
2012.10.17 15:39:09.977,1.03425,1.03436,1.73,1.73
2012.10.17 15:39:10.548,1.03425,1.03436,1.73,4.73
2012.10.17 15:39:11.101,1.03425,1.03436,2.25,3.98
2012.10.17 15:39:11.428,1.03432,1.0344,1.73,2.25
2012.10.17 15:39:11.738,1.03432,1.03441,1.73,2.25
2012.10.17 15:39:11.799,1.03432,1.03441,1.73,1.50
2012.10.17 15:39:11.918,1.0343,1.03441,2.48,1.50
2012.10.17 15:39:12.219,1.03428,1.03444,2.10,3.23
2012.10.17 15:39:12.399,1.03428,1.03444,3.23,4.73
2012.10.17 15:39:12.901,1.03425,1.03434,2.48,1.13
2012.10.17 15:39:12.988,1.0342,1.03434,3.75,1.95
2012.10.17 15:39:13.064,1.0342,1.03434,3.00,1.95
2012.10.17 15:39:13.488,1.03419,1.03433,1.64,4.58
2012.10.17 15:39:14.499,1.03419,1.03432,1.64,1.73
2012.10.17 15:39:15.220,1.0342,1.03432,1.73,2.48
2012.10.17 15:39:15.579,1.0342,1.0343,1.64,2.48
2012.10.17 15:39:15.640,1.03417,1.0343,1.50,2.48
2012.10.17 15:39:15.941,1.03417,1.0343,1.73,3.23
2012.10.17 15:39:16.009,1.03417,1.0343,1.50,3.23
2012.10.17 15:39:16.321,1.03415,1.03427,2.25,1.58
2012.10.17 15:39:16.509,1.03415,1.03426,2.25,1.73
2012.10.17 15:39:17.058,1.03415,1.03426,2.25,1.73
2012.10.17 15:39:17.603,1.03415,1.03426,1.50,2.48
2012.10.17 15:39:20.093,1.03415,1.03429,4.50,1.73
2012.10.17 15:39:20.398,1.03418,1.03432,1.50,3.00
2012.10.17 15:39:21.042,1.0342,1.03433,1.50,1.73
2012.10.17 15:39:21.168,1.0342,1.03433,1.50,1.73
2012.10.17 15:39:21.470,1.03425,1.03438,1.50,1.58
2012.10.17 15:39:21.968,1.03425,1.03439,2.48,1.58
2012.10.17 15:39:22.518,1.03427,1.0344,2.10,1.73
2012.10.17 15:39:22.964,1.03427,1.0344,2.10,1.50
2012.10.17 15:39:23.478,1.0343,1.0344,1.50,1.50
2012.10.17 15:39:23.657,1.03427,1.0344,1.35,1.73
2012.10.17 15:39:23.777,1.03427,1.0344,1.13,3.23
2012.10.17 15:39:24.579,1.03428,1.0344,1.50,2.48
2012.10.17 15:39:24.909,1.03431,1.03445,1.50,1.73
2012.10.17 15:39:25.424,1.03432,1.03445,1.50,2.82
2012.10.17 15:39:25.549,1.03428,1.0344,3.98,1.50
2012.10.17 15:39:25.668,1.03426,1.03438,1.50,1.58
2012.10.17 15:39:25.978,1.03426,1.03437,1.50,1.50
2012.10.17 15:39:26.157,1.03426,1.03437,1.50,1.73
2012.10.17 15:39:26.689,1.03427,1.03438,1.50,1.58
2012.10.17 15:39:26.748,1.03427,1.03439,1.50,2.33
2012.10.17 15:39:26.808,1.03427,1.03439,2.25,2.33
2012.10.17 15:39:27.107,1.03423,1.03438,3.23,1.73
2012.10.17 15:39:27.228,1.03423,1.03436,2.48,1.73
2012.10.17 15:39:27.848,1.03423,1.03436,2.48,2.48
2012.10.17 15:39:28.619,1.03423,1.03436,1.73,2.48
2012.10.17 15:39:29.689,1.03421,1.03434,1.35,3.23
2012.10.17 15:39:29.991,1.03416,1.03429,1.50,1.73
2012.10.17 15:39:30.058,1.03416,1.03429,2.25,3.23
2012.10.17 15:39:30.179,1.03412,1.03426,1.73,2.48
2012.10.17 15:39:30.494,1.03411,1.03425,2.25,2.48
2012.10.17 15:39:31.277,1.03411,1.03425,1.73,3.98
2012.10.17 15:39:31.898,1.03411,1.03425,1.73,3.98
2012.10.17 15:39:32.518,1.03412,1.03425,1.73,2.48
2012.10.17 15:39:33.462,1.03412,1.03426,3.23,1.73
2012.10.17 15:39:34.198,1.03412,1.03426,4.35,1.73
2012.10.17 15:39:34.688,1.03418,1.0343,1.50,3.23
2012.10.17 15:39:34.809,1.03418,1.0343,1.73,2.48
2012.10.17 15:39:35.420,1.03418,1.03432,1.73,1.73
2012.10.17 15:39:35.797,1.0342,1.03433,1.50,2.48
2012.10.17 15:39:38.072,1.0342,1.03433,1.50,2.48
2012.10.17 15:39:40.039,1.03422,1.03433,2.25,1.73
2012.10.17 15:39:40.398,1.03422,1.03436,3.23,1.73
2012.10.17 15:39:43.217,1.03423,1.03437,1.73,3.23
2012.10.17 15:39:43.279,1.03423,1.03437,1.73,3.98
2012.10.17 15:39:43.409,1.03423,1.03437,1.73,3.98
2012.10.17 15:39:43.887,1.03423,1.03437,1.73,3.23
2012.10.17 15:39:44.409,1.03425,1.03438,1.73,1.73
2012.10.17 15:39:44.528,1.03425,1.03439,1.73,1.50
2012.10.17 15:39:44.588,1.03426,1.0344,1.73,2.48
2012.10.17 15:39:45.157,1.03425,1.0344,2.48,3.60
2012.10.17 15:39:46.767,1.03425,1.03439,2.48,3.00
2012.10.17 15:39:48.188,1.03427,1.0344,2.85,2.25
2012.10.17 15:39:48.978,1.03427,1.0344,1.73,1.88
2012.10.17 15:39:49.237,1.0342,1.03433,2.48,3.23
2012.10.17 15:39:49.372,1.03419,1.03432,1.73,3.23
2012.10.17 15:39:49.917,1.03419,1.03432,1.73,1.73
2012.10.17 15:39:53.378,1.03419,1.03431,1.73,1.73
2012.10.17 15:39:54.958,1.03416,1.03429,1.73,1.50
2012.10.17 15:39:55.019,1.03415,1.03427,2.48,2.25
2012.10.17 15:39:55.078,1.03415,1.03426,2.48,4.50
2012.10.17 15:39:55.199,1.03414,1.03427,1.73,1.50
2012.10.17 15:39:56.339,1.03414,1.03428,2.48,2.10
2012.10.17 15:39:56.758,1.03417,1.03429,3.00,1.73
2012.10.17 15:39:57.237,1.03415,1.03429,1.73,3.23
2012.10.17 15:39:57.817,1.03415,1.03429,1.73,3.23
2012.10.17 15:39:57.937,1.03415,1.03429,1.73,1.73
2012.10.17 15:39:58.452,1.03414,1.03428,1.73,2.48
2012.10.17 15:39:59.118,1.03415,1.03428,1.73,1.73
2012.10.17 15:39:59.177,1.03415,1.03426,1.73,1.50
2012.10.17 15:39:59.298,1.03415,1.03429,1.73,3.98
2012.10.17 15:40:00.037,1.03415,1.03429,1.73,3.98
2012.10.17 15:40:00.162,1.03411,1.03426,2.85,2.48
2012.10.17 15:40:00.232,1.03411,1.03424,1.35,1.50
2012.10.17 15:40:00.561,1.03411,1.03424,1.35,2.25
2012.10.17 15:40:00.628,1.03411,1.03424,1.35,2.48
2012.10.17 15:40:01.682,1.03409,1.03424,2.48,1.50
2012.10.17 15:40:01.868,1.03413,1.03428,1.73,3.98
2012.10.17 15:40:01.927,1.03414,1.03427,2.48,1.50
2012.10.17 15:40:02.288,1.03416,1.03428,3.98,1.50
2012.10.17 15:40:03.617,1.03415,1.0343,2.48,6.75
2012.10.17 15:40:03.738,1.03417,1.0343,1.73,3.00
2012.10.17 15:40:04.160,1.03418,1.0343,1.73,1.50
2012.10.17 15:40:04.467,1.03417,1.0343,1.73,1.50
2012.10.17 15:40:04.648,1.03421,1.03433,1.73,1.73
2012.10.17 15:40:04.767,1.03421,1.03434,2.48,2.25
2012.10.17 15:40:04.887,1.03423,1.03434,2.10,1.50
2012.10.17 15:40:05.130,1.03424,1.03435,1.73,1.50
2012.10.17 15:40:07.448,1.03427,1.03439,1.35,1.73
2012.10.17 15:40:07.808,1.03427,1.03439,1.35,1.50
2012.10.17 15:40:11.961,1.03424,1.03438,2.48,4.73
2012.10.17 15:40:14.358,1.03424,1.03435,1.35,3.75
2012.10.17 15:40:14.747,1.03423,1.03435,1.73,3.75
2012.10.17 15:40:14.867,1.03423,1.03435,1.73,3.75
2012.10.17 15:40:14.987,1.03423,1.03436,1.73,1.50
2012.10.17 15:40:15.107,1.03423,1.03435,1.73,4.50
2012.10.17 15:40:15.167,1.03423,1.03435,1.73,4.73
2012.10.17 15:40:16.289,1.03421,1.03434,3.60,3.98
2012.10.17 15:40:16.408,1.03421,1.0343,2.85,3.75
2012.10.17 15:40:16.528,1.03421,1.0343,1.88,3.75
2012.10.17 15:40:16.588,1.03423,1.0343,1.50,3.75
2012.10.17 15:40:16.708,1.03418,1.0343,1.73,3.75
2012.10.17 15:40:17.128,1.03419,1.03428,1.16,3.75
2012.10.17 15:40:17.248,1.03417,1.03428,2.48,3.98
2012.10.17 15:40:17.428,1.03416,1.03428,1.73,3.75
2012.10.17 15:40:17.491,1.03416,1.0343,3.23,3.98
2012.10.17 15:40:22.549,1.03415,1.03428,2.48,1.50
2012.10.17 15:40:23.011,1.03415,1.03428,2.48,1.50
2012.10.17 15:40:25.201,1.03414,1.03427,1.73,1.73
2012.10.17 15:40:25.271,1.03413,1.03426,1.73,3.75
2012.10.17 15:40:25.338,1.03413,1.03426,1.73,3.98
2012.10.17 15:40:25.889,1.03413,1.03426,1.73,5.48
2012.10.17 15:40:26.579,1.03411,1.03424,2.48,5.25
2012.10.17 15:40:27.668,1.03414,1.03424,3.00,4.73
2012.10.17 15:40:27.788,1.03417,1.0343,1.73,2.48
2012.10.17 15:40:30.428,1.03415,1.03431,3.23,3.23
2012.10.17 15:40:31.878,1.03415,1.0343,3.23,1.73
2012.10.17 15:40:33.818,1.03415,1.0343,3.23,1.73
2012.10.17 15:40:34.259,1.03415,1.0343,3.23,1.73
2012.10.17 15:40:35.615,1.03422,1.03435,2.62,2.25
2012.10.17 15:40:35.689,1.03423,1.03436,2.48,1.73
2012.10.17 15:40:36.248,1.03423,1.03436,2.48,1.73
2012.10.17 15:40:41.358,1.03421,1.03435,2.48,5.10
2012.10.17 15:40:41.717,1.03418,1.03431,1.73,2.25
2012.10.17 15:40:42.227,1.03417,1.0343,1.73,1.73
2012.10.17 15:40:42.950,1.03416,1.0343,1.73,1.73
2012.10.17 15:40:43.833,1.03417,1.0343,1.73,1.73
2012.10.17 15:40:45.487,1.03416,1.03431,2.29,2.25
2012.10.17 15:40:45.608,1.03418,1.0343,2.55,1.50
2012.10.17 15:40:45.728,1.03418,1.0343,1.73,1.50
2012.10.17 15:40:48.387,1.03417,1.0343,2.48,3.00
2012.10.17 15:40:48.448,1.0342,1.0343,1.73,1.50
2012.10.17 15:40:48.568,1.0342,1.03429,1.50,1.50
2012.10.17 15:40:49.069,1.03415,1.03429,3.60,1.50
2012.10.17 15:40:49.249,1.03415,1.03429,3.60,1.50
2012.10.17 15:40:55.239,1.03413,1.03426,2.48,1.73
2012.10.17 15:40:56.588,1.03413,1.03427,2.48,1.73
2012.10.17 15:40:58.776,1.03413,1.03426,2.48,3.98
2012.10.17 15:40:59.348,1.03413,1.03426,2.48,1.73
2012.10.17 15:41:01.941,1.03412,1.03426,2.48,1.50
2012.10.17 15:41:02.251,1.0341,1.03422,3.37,3.75
2012.10.17 15:41:02.500,1.03407,1.03419,1.26,1.50
2012.10.17 15:41:02.618,1.03407,1.03419,1.26,1.50
2012.10.17 15:41:03.088,1.03407,1.0342,2.76,2.25
2012.10.17 15:41:03.555,1.03407,1.03423,2.01,3.98
2012.10.17 15:41:03.808,1.03407,1.03418,1.04,3.98
2012.10.17 15:41:04.504,1.03404,1.03418,2.10,3.98
2012.10.17 15:41:07.467,1.03404,1.03418,2.48,3.98
2012.10.17 15:41:13.877,1.03406,1.03418,1.13,3.98
2012.10.17 15:41:14.357,1.03406,1.03418,1.13,3.98
2012.10.17 15:41:14.778,1.03406,1.03418,1.13,3.98
2012.10.17 15:41:15.361,1.03406,1.03418,1.13,3.98
2012.10.17 15:41:15.869,1.03407,1.03418,1.13,3.98
2012.10.17 15:41:16.620,1.03407,1.03418,1.13,3.98
2012.10.17 15:41:16.858,1.03407,1.03421,1.13,6.98
2012.10.17 15:41:17.170,1.03407,1.03421,1.88,5.48
2012.10.17 15:41:20.408,1.0341,1.03422,1.50,3.98
2012.10.17 15:41:20.708,1.03411,1.03423,1.73,1.73
2012.10.17 15:41:20.828,1.03413,1.03424,1.50,2.48
2012.10.17 15:41:21.069,1.03412,1.03426,2.48,1.73
2012.10.17 15:41:21.324,1.03412,1.03427,2.48,1.35
2012.10.17 15:41:21.389,1.03412,1.03428,2.85,1.73
2012.10.17 15:41:22.817,1.03413,1.03428,1.73,2.10
2012.10.17 15:41:23.449,1.03415,1.03428,2.62,1.35
2012.10.17 15:41:25.448,1.03414,1.03427,3.23,1.73
2012.10.17 15:41:25.950,1.03413,1.03425,2.48,1.50
2012.10.17 15:41:27.443,1.03414,1.03428,2.10,2.85
2012.10.17 15:41:27.988,1.03414,1.03426,1.35,1.50
2012.10.17 15:41:28.049,1.03414,1.03426,1.35,2.48
2012.10.17 15:41:28.407,1.03411,1.03425,2.10,1.73
2012.10.17 15:41:28.878,1.03411,1.03421,2.85,3.75
2012.10.17 15:41:29.177,1.03408,1.03421,1.73,4.73
2012.10.17 15:41:30.747,1.03409,1.03421,1.35,4.73
2012.10.17 15:41:31.337,1.03409,1.03423,1.35,1.73
2012.10.17 15:41:31.397,1.03413,1.03424,7.50,2.48
2012.10.17 15:41:32.958,1.03413,1.03424,7.50,2.48
2012.10.17 15:41:33.077,1.03413,1.03424,7.50,2.48
2012.10.17 15:41:33.148,1.03411,1.03424,3.75,2.48
2012.10.17 15:41:49.837,1.03412,1.03422,3.75,2.48
2012.10.17 15:41:50.944,1.03413,1.03422,3.75,2.48
2012.10.17 15:41:56.528,1.03413,1.03423,3.75,2.48
2012.10.17 15:42:00.442,1.0341,1.03422,3.75,1.35
2012.10.17 15:42:00.569,1.03408,1.0342,1.73,2.48
2012.10.17 15:42:00.875,1.03408,1.0342,1.50,2.48
2012.10.17 15:42:02.407,1.03406,1.0342,1.50,2.85
2012.10.17 15:42:03.031,1.03404,1.03416,3.75,1.35
2012.10.17 15:42:10.237,1.03403,1.03417,1.50,3.23
2012.10.17 15:42:18.787,1.03402,1.03416,3.98,3.98
2012.10.17 15:42:21.199,1.03402,1.03416,3.75,2.48
2012.10.17 15:42:21.378,1.03398,1.03412,1.50,2.48
2012.10.17 15:42:21.438,1.03397,1.03412,1.13,2.48
2012.10.17 15:42:21.558,1.03397,1.03409,1.13,1.73
2012.10.17 15:42:22.102,1.03398,1.03411,1.50,1.73
2012.10.17 15:42:22.707,1.03398,1.03413,1.73,3.23
2012.10.17 15:42:25.238,1.03398,1.03412,1.50,3.23
2012.10.17 15:42:25.748,1.03397,1.03412,1.73,2.48
2012.10.17 15:42:26.227,1.03394,1.03408,1.50,2.48
2012.10.17 15:42:26.808,1.03388,1.03408,1.73,3.23
2012.10.17 15:42:28.567,1.03393,1.03408,1.50,3.23
2012.10.17 15:42:29.737,1.03393,1.03408,1.50,3.23
2012.10.17 15:42:30.239,1.0339,1.03407,4.73,1.35
2012.10.17 15:42:30.580,1.0339,1.03407,4.73,1.35
2012.10.17 15:42:30.787,1.0339,1.03407,4.73,1.35
2012.10.17 15:42:31.307,1.0339,1.03407,3.98,1.35
2012.10.17 15:42:32.026,1.0339,1.03406,3.23,1.35
2012.10.17 15:42:32.228,1.0339,1.03405,1.73,2.48
2012.10.17 15:42:32.529,1.03389,1.03403,2.25,1.35
2012.10.17 15:42:34.808,1.03382,1.03399,1.73,1.35
2012.10.17 15:42:34.928,1.03382,1.03399,2.25,1.35
2012.10.17 15:42:35.288,1.0339,1.03399,3.75,1.13
2012.10.17 15:42:35.589,1.03393,1.034,1.50,1.13
2012.10.17 15:42:35.828,1.03393,1.03404,1.73,1.73
2012.10.17 15:42:35.980,1.03393,1.03407,1.73,1.35
2012.10.17 15:42:37.178,1.03393,1.03407,1.73,1.35
2012.10.17 15:42:37.711,1.03392,1.03408,3.23,3.60
2012.10.17 15:42:38.248,1.03393,1.03408,1.73,2.85
2012.10.17 15:42:38.777,1.03393,1.03408,1.73,2.85
2012.10.17 15:42:39.388,1.03393,1.03408,1.73,2.85
2012.10.17 15:42:45.298,1.03391,1.03407,2.10,3.98
2012.10.17 15:42:46.427,1.03391,1.03407,2.10,3.98
2012.10.17 15:42:48.599,1.03391,1.03407,1.73,3.23
2012.10.17 15:42:51.322,1.0339,1.03404,1.35,1.73
2012.10.17 15:42:51.737,1.03389,1.03404,1.73,1.73
2012.10.17 15:42:52.426,1.0339,1.03404,1.73,3.23
2012.10.17 15:42:52.610,1.03387,1.03402,1.73,2.85
2012.10.17 15:42:53.027,1.03385,1.03401,1.73,1.73
2012.10.17 15:42:53.567,1.03385,1.03401,1.73,1.73
2012.10.17 15:42:54.638,1.03385,1.034,1.73,1.50
2012.10.17 15:42:54.697,1.03385,1.034,1.73,1.50
2012.10.17 15:42:55.238,1.03386,1.03402,2.48,5.48
2012.10.17 15:42:55.779,1.03388,1.03404,2.40,3.98
2012.10.17 15:42:56.299,1.03388,1.03404,2.40,2.48
2012.10.17 15:42:56.925,1.03388,1.03404,2.48,1.73
2012.10.17 15:42:58.760,1.03386,1.03402,3.23,2.25
2012.10.17 15:42:59.426,1.03386,1.03402,3.23,2.48
2012.10.17 15:43:01.567,1.03386,1.03402,3.23,2.48
2012.10.17 15:43:03.273,1.03386,1.03402,2.48,3.23
2012.10.17 15:43:04.667,1.03384,1.034,4.35,3.23
2012.10.17 15:43:04.728,1.03384,1.034,4.35,3.23
2012.10.17 15:43:05.493,1.03384,1.034,4.35,3.23
2012.10.17 15:43:06.618,1.03384,1.034,4.35,2.48
2012.10.17 15:43:16.659,1.03388,1.03403,2.62,1.73
2012.10.17 15:43:17.017,1.03394,1.03406,1.50,3.23
2012.10.17 15:43:17.618,1.03393,1.03406,1.50,2.48
2012.10.17 15:43:17.919,1.03389,1.03405,3.23,1.73
2012.10.17 15:43:18.648,1.03387,1.03401,2.10,2.48
2012.10.17 15:43:19.598,1.03386,1.03401,2.48,2.48
2012.10.17 15:43:20.258,1.03388,1.03404,2.48,1.35
2012.10.17 15:43:21.297,1.03391,1.03406,3.00,3.23
2012.10.17 15:43:21.779,1.03391,1.03406,3.00,3.23
2012.10.17 15:43:22.248,1.03391,1.03406,3.00,3.23
2012.10.17 15:43:23.017,1.03391,1.03406,2.25,3.23
2012.10.17 15:43:25.388,1.03394,1.03406,1.50,2.85
2012.10.17 15:43:26.588,1.03394,1.03406,1.50,2.48
2012.10.17 15:43:26.958,1.03391,1.03406,1.50,3.98
2012.10.17 15:43:27.764,1.03391,1.03406,3.75,2.48
2012.10.17 15:43:27.833,1.03392,1.03406,1.50,2.48
2012.10.17 15:43:28.257,1.03392,1.03406,1.50,3.23
2012.10.17 15:43:29.338,1.03392,1.03406,1.50,2.48
2012.10.17 15:43:30.448,1.03393,1.03406,1.50,1.73
2012.10.17 15:43:31.999,1.03393,1.03407,2.25,3.98
2012.10.17 15:43:32.440,1.03393,1.03407,1.50,3.98
2012.10.17 15:43:32.977,1.03393,1.03406,1.50,1.73
2012.10.17 15:43:35.307,1.03391,1.03405,2.25,1.73
2012.10.17 15:43:37.728,1.03391,1.03405,2.25,2.10
2012.10.17 15:43:40.058,1.0339,1.03405,1.73,2.48
2012.10.17 15:43:40.118,1.0339,1.03403,1.50,2.48
2012.10.17 15:43:40.747,1.03387,1.03402,1.73,3.60
2012.10.17 15:43:41.320,1.03387,1.03402,3.23,2.10
2012.10.17 15:43:45.619,1.03387,1.034,3.00,1.35
2012.10.17 15:43:45.678,1.03387,1.034,1.50,2.10
2012.10.17 15:43:46.217,1.03384,1.03399,1.73,1.73
2012.10.17 15:43:48.038,1.03383,1.03399,3.00,3.60
2012.10.17 15:43:48.280,1.03385,1.03399,1.73,3.60
2012.10.17 15:43:48.400,1.03389,1.03399,1.50,2.10
2012.10.17 15:43:48.820,1.03391,1.03403,1.50,1.35
2012.10.17 15:43:48.881,1.03391,1.03403,1.50,1.35
2012.10.17 15:43:50.177,1.03388,1.03404,2.10,1.73
2012.10.17 15:43:50.739,1.03388,1.03404,2.10,1.73
2012.10.17 15:43:51.643,1.03388,1.03404,1.73,2.48
2012.10.17 15:43:52.179,1.03388,1.03404,1.73,1.73
2012.10.17 15:43:52.669,1.03388,1.03404,1.73,1.73
2012.10.17 15:43:53.988,1.03391,1.03405,1.50,3.98
2012.10.17 15:43:54.570,1.03391,1.03405,1.50,2.48
2012.10.17 15:43:57.443,1.03393,1.03407,3.75,2.48
2012.10.17 15:44:01.759,1.03394,1.03407,3.00,2.48
2012.10.17 15:44:05.396,1.03393,1.03407,3.90,2.48
2012.10.17 15:44:06.851,1.03394,1.03407,3.00,2.48
2012.10.17 15:44:08.797,1.03394,1.03407,3.00,2.48
2012.10.17 15:44:09.917,1.03394,1.03407,3.00,2.48
2012.10.17 15:44:12.700,1.03394,1.03407,1.50,2.48
2012.10.17 15:44:15.408,1.03394,1.03407,1.50,2.48
2012.10.17 15:44:16.071,1.03394,1.03407,3.75,1.73
2012.10.17 15:44:27.630,1.03393,1.03409,3.00,4.32
2012.10.17 15:44:28.287,1.03393,1.03407,3.00,2.48
2012.10.17 15:44:28.806,1.03394,1.03407,3.00,2.48
2012.10.17 15:44:29.629,1.03393,1.03407,3.00,2.48
2012.10.17 15:44:30.159,1.03394,1.03408,3.00,1.73
2012.10.17 15:44:30.729,1.03393,1.03407,3.00,2.48
2012.10.17 15:44:31.463,1.03394,1.03407,3.00,2.48
2012.10.17 15:44:36.518,1.03393,1.03409,4.50,4.35
2012.10.17 15:44:37.450,1.03394,1.03409,3.00,4.35
2012.10.17 15:44:41.569,1.03393,1.03409,5.10,3.98
2012.10.17 15:44:42.432,1.03395,1.03409,1.50,1.73
2012.10.17 15:44:42.500,1.03397,1.03412,1.50,2.48
2012.10.17 15:44:42.809,1.03403,1.03415,1.50,1.73
2012.10.17 15:44:43.133,1.03404,1.03415,1.50,1.73
2012.10.17 15:44:43.806,1.03404,1.0342,3.23,1.73
2012.10.17 15:44:44.958,1.03404,1.0342,2.48,1.73
2012.10.17 15:44:46.499,1.03407,1.03421,2.25,2.10
2012.10.17 15:44:46.822,1.03411,1.03429,3.98,3.23
2012.10.17 15:44:47.069,1.03412,1.03429,1.73,2.48
2012.10.17 15:44:47.609,1.03411,1.03429,3.98,3.23
2012.10.17 15:44:48.109,1.03411,1.03429,3.23,3.23
2012.10.17 15:44:48.721,1.03411,1.03428,3.23,1.73
2012.10.17 15:44:49.278,1.03412,1.03428,2.48,2.48
2012.10.17 15:44:50.659,1.03413,1.0343,2.48,2.48
2012.10.17 15:44:50.970,1.0342,1.03431,1.50,1.50
2012.10.17 15:44:51.854,1.03421,1.03433,1.50,3.35
2012.10.17 15:44:51.930,1.03425,1.03433,1.50,1.10
2012.10.17 15:44:52.058,1.03425,1.03438,1.50,2.82
2012.10.17 15:44:52.179,1.03425,1.03438,1.50,1.73
2012.10.17 15:44:52.600,1.03425,1.03438,1.50,1.73
2012.10.17 15:44:52.901,1.03423,1.03438,1.13,1.73
2012.10.17 15:44:53.493,1.03423,1.03438,1.35,1.73
2012.10.17 15:44:54.052,1.03428,1.03441,1.50,1.35
2012.10.17 15:44:54.119,1.03428,1.03443,1.73,2.85
2012.10.17 15:44:54.682,1.03429,1.03444,1.73,2.10
2012.10.17 15:44:54.990,1.0343,1.03445,2.25,1.73
2012.10.17 15:44:55.300,1.03434,1.03446,2.25,2.48
2012.10.17 15:44:55.840,1.03434,1.03449,2.25,1.76
2012.10.17 15:44:55.903,1.03436,1.03449,2.48,1.16
2012.10.17 15:44:55.971,1.03438,1.03449,1.50,2.66
2012.10.17 15:44:56.231,1.03441,1.03452,2.48,1.50
2012.10.17 15:44:56.300,1.03441,1.03453,3.23,2.48
2012.10.17 15:44:56.480,1.03441,1.03454,3.23,1.73
2012.10.17 15:44:56.898,1.03444,1.0346,1.65,2.48
2012.10.17 15:44:57.031,1.03444,1.03455,1.65,1.73
2012.10.17 15:44:57.208,1.03444,1.03455,2.40,1.73
2012.10.17 15:44:57.393,1.03444,1.03455,1.65,1.73
2012.10.17 15:44:57.908,1.03443,1.03454,1.65,1.73
2012.10.17 15:44:58.028,1.03441,1.03453,2.40,1.50
2012.10.17 15:44:58.746,1.0344,1.03455,1.65,2.48
2012.10.17 15:44:58.974,1.03447,1.03458,1.65,1.73
2012.10.17 15:44:59.521,1.03447,1.0346,1.65,1.73
2012.10.17 15:44:59.642,1.03444,1.0346,3.15,2.48
2012.10.17 15:44:59.713,1.03444,1.03459,2.40,1.73
2012.10.17 15:45:00.102,1.03441,1.03457,1.65,3.23
2012.10.17 15:45:00.289,1.03443,1.03457,1.65,1.73
2012.10.17 15:45:00.350,1.03443,1.03455,2.40,1.73
2012.10.17 15:45:00.529,1.03445,1.03458,1.65,1.73
2012.10.17 15:45:00.712,1.03445,1.03458,1.50,1.73
2012.10.17 15:45:01.030,1.03444,1.0346,2.54,1.73
2012.10.17 15:45:01.669,1.03444,1.03465,1.73,3.60
2012.10.17 15:45:01.748,1.03444,1.03461,1.73,2.85
2012.10.17 15:45:02.078,1.03443,1.0346,3.23,1.35
2012.10.17 15:45:02.518,1.03443,1.03459,1.50,1.73
2012.10.17 15:45:03.484,1.03441,1.03456,1.50,3.47
2012.10.17 15:45:03.553,1.0344,1.03455,2.40,2.48
2012.10.17 15:45:04.109,1.0344,1.03452,1.50,1.73
2012.10.17 15:45:04.411,1.03436,1.03451,1.65,1.73
2012.10.17 15:45:04.781,1.03435,1.0345,1.65,2.10
2012.10.17 15:45:04.985,1.03431,1.03449,4.65,1.73
2012.10.17 15:45:05.125,1.03431,1.03445,3.23,1.73
2012.10.17 15:45:06.039,1.03429,1.03445,2.33,1.73
2012.10.17 15:45:06.219,1.03429,1.03444,2.25,2.07
2012.10.17 15:45:06.580,1.03424,1.0344,1.73,3.57
2012.10.17 15:45:07.000,1.03425,1.03439,1.73,1.35
2012.10.17 15:45:07.539,1.03428,1.03443,1.50,1.35
2012.10.17 15:45:07.900,1.03428,1.03443,1.73,1.35
2012.10.17 15:45:08.559,1.03427,1.03445,2.48,1.35
2012.10.17 15:45:09.078,1.03427,1.03443,1.73,1.35
2012.10.17 15:45:09.379,1.03431,1.03445,1.50,2.48
2012.10.17 15:45:10.117,1.03431,1.03447,1.73,2.10
2012.10.17 15:45:10.251,1.03431,1.03446,1.73,1.35
2012.10.17 15:45:10.622,1.03428,1.03443,2.48,2.10
2012.10.17 15:45:10.930,1.03426,1.03437,1.73,1.13
2012.10.17 15:45:11.049,1.03421,1.03437,3.23,1.35
2012.10.17 15:45:11.169,1.03421,1.03437,3.23,1.35
2012.10.17 15:45:11.681,1.03421,1.03437,3.23,1.35
2012.10.17 15:45:12.189,1.03422,1.03437,1.50,1.35
2012.10.17 15:45:12.249,1.03422,1.03437,1.50,2.48
2012.10.17 15:45:12.429,1.0342,1.03433,1.50,1.73
2012.10.17 15:45:12.490,1.03417,1.03433,1.50,1.73
2012.10.17 15:45:12.729,1.03416,1.03432,2.25,2.48
2012.10.17 15:45:13.371,1.03416,1.03432,1.73,2.48
2012.10.17 15:45:13.932,1.03415,1.03432,2.48,2.48
2012.10.17 15:45:14.450,1.03416,1.03433,3.98,1.35
2012.10.17 15:45:15.250,1.03416,1.03433,3.23,2.10
2012.10.17 15:45:15.773,1.03417,1.03433,1.73,2.10
2012.10.17 15:45:18.010,1.03416,1.03432,1.50,1.73
2012.10.17 15:45:18.188,1.03417,1.03432,1.50,1.73
2012.10.17 15:45:19.428,1.03414,1.03432,1.73,1.73
2012.10.17 15:45:19.731,1.03421,1.03436,1.13,1.73
2012.10.17 15:45:19.802,1.03421,1.03437,1.13,3.08
2012.10.17 15:45:19.990,1.03421,1.03437,1.35,1.73
2012.10.17 15:45:20.050,1.03421,1.03437,1.35,1.73
2012.10.17 15:45:20.601,1.03421,1.03438,2.10,2.48
2012.10.17 15:45:21.029,1.03421,1.03437,1.73,1.54
2012.10.17 15:45:21.489,1.03421,1.03437,1.73,1.73
2012.10.17 15:45:24.068,1.03421,1.03438,1.73,1.58
2012.10.17 15:45:24.429,1.03423,1.03439,1.50,1.20
2012.10.17 15:45:24.489,1.03424,1.0344,3.23,1.20
2012.10.17 15:45:24.989,1.03424,1.03441,3.23,2.48
2012.10.17 15:45:25.139,1.03425,1.03442,2.48,2.10
2012.10.17 15:45:26.582,1.03425,1.03442,1.73,1.13
2012.10.17 15:45:27.917,1.03425,1.03442,1.73,1.35
2012.10.17 15:45:29.990,1.03425,1.03442,1.73,1.20
2012.10.17 15:45:30.709,1.03425,1.03442,1.73,1.35
2012.10.17 15:45:31.788,1.03425,1.03443,1.35,2.48
2012.10.17 15:45:32.148,1.03426,1.03444,1.73,1.73
2012.10.17 15:45:35.278,1.03428,1.03445,1.50,1.73
2012.10.17 15:45:35.680,1.03431,1.03447,1.50,1.35
2012.10.17 15:45:36.220,1.03432,1.03448,1.50,1.35
2012.10.17 15:45:36.280,1.03432,1.03448,1.73,1.35
2012.10.17 15:45:36.829,1.03431,1.03448,1.13,1.73
2012.10.17 15:45:36.888,1.03431,1.03448,1.13,4.32
2012.10.17 15:45:37.069,1.0343,1.03446,1.50,2.48
2012.10.17 15:45:37.839,1.03429,1.03445,3.00,2.48
2012.10.17 15:45:39.118,1.03431,1.03445,1.50,2.85
2012.10.17 15:45:39.196,1.03431,1.03445,3.00,1.35
2012.10.17 15:45:39.749,1.03434,1.03449,1.50,3.20
2012.10.17 15:45:40.261,1.03434,1.03448,2.25,2.07
2012.10.17 15:45:43.309,1.03434,1.03448,1.50,2.48
2012.10.17 15:45:43.431,1.0343,1.03446,5.10,1.73
2012.10.17 15:45:43.558,1.0343,1.03444,2.85,1.73
2012.10.17 15:45:44.980,1.0343,1.03446,3.60,1.73
2012.10.17 15:45:45.102,1.03432,1.03447,2.25,1.73
2012.10.17 15:45:45.371,1.0343,1.03447,1.35,3.23
2012.10.17 15:45:45.430,1.0343,1.03446,1.13,1.73
2012.10.17 15:45:45.788,1.03427,1.03442,1.50,3.23
2012.10.17 15:45:47.229,1.03429,1.03442,1.50,3.00
2012.10.17 15:45:47.348,1.03426,1.03442,2.25,3.23
2012.10.17 15:45:47.889,1.03428,1.03444,2.48,1.35
2012.10.17 15:45:48.189,1.03427,1.03443,3.23,1.73
2012.10.17 15:45:49.902,1.03425,1.03438,2.25,1.73
2012.10.17 15:45:50.191,1.03421,1.03436,1.50,2.48
2012.10.17 15:45:50.261,1.03421,1.03436,1.50,1.73
2012.10.17 15:45:50.390,1.0342,1.03433,3.75,1.58
2012.10.17 15:45:50.510,1.0342,1.0343,3.00,1.73
2012.10.17 15:45:50.630,1.03416,1.0343,3.98,1.73
2012.10.17 15:45:50.749,1.03418,1.03432,2.48,2.48
2012.10.17 15:45:51.869,1.03424,1.03438,3.23,2.10
2012.10.17 15:45:52.669,1.03424,1.0344,2.10,1.73
2012.10.17 15:45:53.209,1.03424,1.03441,2.10,3.98
2012.10.17 15:45:53.818,1.03424,1.03441,2.10,3.23
2012.10.17 15:45:54.180,1.03423,1.03439,2.85,1.73
2012.10.17 15:45:54.730,1.03423,1.0344,2.85,2.48
2012.10.17 15:45:54.789,1.03423,1.0344,2.85,2.48
2012.10.17 15:45:56.478,1.03422,1.03438,3.98,3.23
2012.10.17 15:45:57.749,1.03422,1.03438,3.23,2.25
2012.10.17 15:45:58.321,1.03423,1.03438,1.35,2.25
2012.10.17 15:45:58.448,1.03424,1.03439,2.85,1.50
2012.10.17 15:45:58.760,1.03424,1.0344,2.63,2.48
2012.10.17 15:45:59.308,1.03425,1.0344,1.73,2.48
2012.10.17 15:45:59.851,1.03424,1.03441,3.23,2.48
2012.10.17 15:46:02.179,1.03426,1.03442,1.73,3.60
2012.10.17 15:46:02.717,1.03428,1.03442,1.13,2.48
2012.10.17 15:46:10.329,1.03426,1.03442,3.23,2.25
2012.10.17 15:46:11.399,1.03426,1.03442,3.23,2.48
2012.10.17 15:46:11.961,1.03426,1.03442,2.48,2.48
2012.10.17 15:46:14.874,1.03424,1.03438,2.48,1.50
2012.10.17 15:46:15.189,1.03424,1.03438,4.73,1.73
2012.10.17 15:46:15.730,1.03425,1.03439,2.48,1.73
2012.10.17 15:46:17.026,1.03426,1.03441,1.13,1.73
2012.10.17 15:46:18.799,1.03428,1.03441,1.50,1.73
2012.10.17 15:46:18.860,1.03428,1.03441,1.50,1.73
2012.10.17 15:46:19.008,1.0343,1.03441,1.50,2.48
2012.10.17 15:46:19.551,1.03431,1.03445,3.38,1.73
2012.10.17 15:46:19.669,1.03431,1.03445,2.10,1.73
2012.10.17 15:46:21.419,1.03431,1.03443,1.35,2.48
2012.10.17 15:46:21.479,1.0343,1.03443,1.73,3.98
2012.10.17 15:46:21.539,1.03428,1.03441,1.13,2.25
2012.10.17 15:46:21.658,1.03427,1.03441,1.73,1.73
2012.10.17 15:46:22.199,1.03427,1.0344,1.50,2.48
2012.10.17 15:46:22.258,1.03425,1.0344,2.25,2.48
2012.10.17 15:46:23.049,1.03425,1.0344,1.50,2.48
2012.10.17 15:46:23.739,1.03424,1.0344,1.50,2.48
2012.10.17 15:46:24.277,1.03423,1.0344,4.88,2.48
2012.10.17 15:46:25.249,1.03423,1.03438,4.88,1.73
2012.10.17 15:46:27.511,1.03424,1.03437,1.35,2.48
2012.10.17 15:46:27.572,1.03422,1.03437,2.48,3.23
2012.10.17 15:46:28.091,1.03424,1.03438,1.65,1.73
2012.10.17 15:46:28.388,1.03425,1.03436,2.78,1.73
2012.10.17 15:46:29.128,1.03425,1.03438,2.85,1.73
2012.10.17 15:46:30.368,1.03426,1.03439,1.13,1.73
2012.10.17 15:46:31.959,1.03426,1.03439,2.25,2.48
2012.10.17 15:46:32.019,1.03426,1.03439,2.48,2.48
2012.10.17 15:46:32.559,1.03425,1.03439,1.73,1.73
2012.10.17 15:46:32.970,1.03425,1.03439,1.73,3.98
2012.10.17 15:46:33.810,1.03422,1.03437,1.73,2.48
2012.10.17 15:46:34.301,1.03419,1.03435,2.25,3.23
2012.10.17 15:46:34.978,1.03419,1.03435,1.50,3.98
2012.10.17 15:46:35.488,1.0342,1.03435,1.73,1.73
2012.10.17 15:46:40.598,1.03419,1.03434,1.65,1.35
2012.10.17 15:46:41.218,1.03418,1.03434,1.65,1.35
2012.10.17 15:46:41.344,1.03418,1.03432,1.65,1.73
2012.10.17 15:46:41.469,1.03415,1.03429,2.25,1.73
2012.10.17 15:46:41.771,1.03412,1.03428,1.73,3.23
2012.10.17 15:46:41.840,1.03411,1.03427,2.48,1.73
2012.10.17 15:46:42.139,1.03409,1.03425,3.75,2.48
2012.10.17 15:46:42.258,1.03409,1.03425,3.75,3.23
2012.10.17 15:46:43.088,1.03409,1.03425,3.75,3.23
2012.10.17 15:46:46.460,1.03411,1.03425,3.23,1.73
2012.10.17 15:46:47.008,1.03411,1.03424,1.73,1.73
2012.10.17 15:46:48.599,1.03409,1.03424,2.10,1.73
2012.10.17 15:46:49.166,1.03408,1.03422,2.10,1.73
2012.10.17 15:46:50.919,1.03407,1.0342,1.73,2.10
2012.10.17 15:46:51.463,1.03407,1.0342,1.73,2.10
2012.10.17 15:46:51.718,1.03407,1.03421,1.73,2.10
2012.10.17 15:46:52.416,1.03408,1.03422,1.73,1.73
2012.10.17 15:46:53.229,1.03408,1.03421,1.73,2.48
2012.10.17 15:46:53.410,1.03405,1.03419,1.13,1.73
2012.10.17 15:46:53.531,1.03405,1.03419,1.13,1.73
2012.10.17 15:46:53.892,1.03402,1.03412,1.73,1.50
2012.10.17 15:46:54.336,1.034,1.03415,1.73,3.98
2012.10.17 15:46:54.541,1.03402,1.03415,1.50,3.23
2012.10.17 15:46:54.998,1.03402,1.03415,2.48,2.48
2012.10.17 15:46:57.319,1.034,1.03413,2.25,1.73
2012.10.17 15:46:57.379,1.03399,1.03413,1.35,1.73
2012.10.17 15:46:57.919,1.034,1.03414,1.73,2.48
2012.10.17 15:46:57.980,1.034,1.03414,2.48,2.48
2012.10.17 15:46:59.054,1.03401,1.03414,1.35,1.73
2012.10.17 15:46:59.589,1.03401,1.03413,1.13,1.73
2012.10.17 15:46:59.821,1.03401,1.03413,1.13,1.73
2012.10.17 15:47:00.369,1.03399,1.03413,1.35,3.23
2012.10.17 15:47:04.639,1.03396,1.03411,1.73,1.73
2012.10.17 15:47:04.759,1.03396,1.03411,1.73,1.73
2012.10.17 15:47:09.730,1.03395,1.03409,1.73,1.50
2012.10.17 15:47:10.499,1.03397,1.03412,2.48,2.10
2012.10.17 15:47:12.652,1.03397,1.03412,2.48,2.85
2012.10.17 15:47:13.371,1.03397,1.03412,2.48,2.85
2012.10.17 15:47:16.189,1.03397,1.03412,2.85,1.73
2012.10.17 15:47:17.519,1.03397,1.03412,2.85,1.73
2012.10.17 15:47:17.700,1.03395,1.03407,1.73,1.50
2012.10.17 15:47:17.818,1.03393,1.03407,4.73,1.73
2012.10.17 15:47:18.369,1.03393,1.03407,6.00,2.48
2012.10.17 15:47:18.728,1.03397,1.03409,2.25,2.48
2012.10.17 15:47:18.849,1.03397,1.0341,2.48,1.73
2012.10.17 15:47:19.396,1.03397,1.0341,2.48,1.73
2012.10.17 15:47:19.546,1.03397,1.03411,2.48,1.73
2012.10.17 15:47:19.702,1.03397,1.03412,3.23,2.85
2012.10.17 15:47:20.028,1.03397,1.03411,3.23,1.73
2012.10.17 15:47:20.570,1.03397,1.03412,3.23,2.10
2012.10.17 15:47:21.340,1.03397,1.03412,3.23,1.73
2012.10.17 15:47:23.330,1.034,1.03415,1.13,3.98
2012.10.17 15:47:23.782,1.03401,1.03415,1.50,3.23
2012.10.17 15:47:23.864,1.03404,1.03417,2.25,2.48
2012.10.17 15:47:25.700,1.03403,1.03417,2.48,1.73
2012.10.17 15:47:26.458,1.034,1.03415,3.23,2.48
2012.10.17 15:47:27.430,1.034,1.03411,2.48,1.50
2012.10.17 15:47:27.550,1.03395,1.0341,5.48,3.98
2012.10.17 15:47:27.670,1.03395,1.0341,1.73,3.98
2012.10.17 15:47:28.210,1.03394,1.03406,3.23,1.73
2012.10.17 15:47:32.868,1.03395,1.03406,1.50,1.73
2012.10.17 15:47:33.410,1.03393,1.03406,2.78,1.73
2012.10.17 15:47:34.721,1.03394,1.03408,4.28,2.48
2012.10.17 15:47:34.849,1.03394,1.03408,4.28,2.48
2012.10.17 15:47:35.159,1.03398,1.03412,2.48,2.10
2012.10.17 15:47:35.401,1.03398,1.03414,3.23,4.73
2012.10.17 15:47:37.756,1.034,1.03416,3.23,1.73
2012.10.17 15:47:38.951,1.034,1.03416,5.48,1.73
2012.10.17 15:47:39.718,1.034,1.03416,3.23,1.73
2012.10.17 15:47:39.839,1.034,1.03412,1.73,1.73
2012.10.17 15:47:39.962,1.03399,1.0341,1.73,2.48
2012.10.17 15:47:40.810,1.03396,1.0341,2.48,3.60
2012.10.17 15:47:41.359,1.03395,1.03408,1.73,1.73
2012.10.17 15:47:41.718,1.03394,1.03408,2.78,2.48
2012.10.17 15:47:43.238,1.03395,1.03408,2.10,1.73
2012.10.17 15:47:44.188,1.03395,1.03408,2.85,1.50
2012.10.17 15:47:46.409,1.03395,1.03408,1.35,2.48
2012.10.17 15:47:48.701,1.03396,1.03411,2.25,2.48
2012.10.17 15:47:49.006,1.03398,1.03412,2.25,1.73
2012.10.17 15:47:49.285,1.03398,1.03412,2.25,1.73
2012.10.17 15:47:50.019,1.03395,1.03409,2.85,1.73
2012.10.17 15:47:50.198,1.03394,1.03408,2.10,1.73
2012.10.17 15:47:50.738,1.03394,1.03405,3.15,1.50
2012.10.17 15:47:53.161,1.03394,1.03407,1.35,1.73
2012.10.17 15:47:54.498,1.03394,1.03407,1.35,1.73
2012.10.17 15:47:54.800,1.03398,1.0341,1.50,1.73
2012.10.17 15:48:00.412,1.03397,1.03412,3.60,2.48
2012.10.17 15:48:00.918,1.03398,1.03412,1.50,1.73
2012.10.17 15:48:04.280,1.03399,1.03412,1.50,1.73
2012.10.17 15:48:04.519,1.03398,1.03412,2.25,1.73
2012.10.17 15:48:05.059,1.03398,1.03412,2.63,1.73
2012.10.17 15:48:07.389,1.03398,1.03412,1.50,1.73
2012.10.17 15:48:09.890,1.03397,1.03412,3.23,2.48
2012.10.17 15:48:12.299,1.03397,1.03412,3.23,1.73
2012.10.17 15:48:15.101,1.03397,1.03411,1.88,2.48
2012.10.17 15:48:15.878,1.03393,1.03408,3.15,2.48
2012.10.17 15:48:18.419,1.03394,1.03409,2.03,3.98
2012.10.17 15:48:32.659,1.03393,1.03407,2.40,2.48
2012.10.17 15:48:35.259,1.03394,1.03407,2.03,3.98
2012.10.17 15:48:35.769,1.03394,1.03407,2.03,2.48
2012.10.17 15:48:40.441,1.03394,1.03407,2.03,3.98
2012.10.17 15:48:41.149,1.03394,1.03405,2.03,1.73
2012.10.17 15:48:45.673,1.03394,1.03407,2.78,1.73
2012.10.17 15:48:49.453,1.03397,1.0341,1.50,3.23
2012.10.17 15:48:49.770,1.03402,1.03412,2.63,2.07
2012.10.17 15:48:50.130,1.03407,1.03413,1.73,1.50
2012.10.17 15:48:51.259,1.03406,1.03421,4.35,1.73
2012.10.17 15:48:51.569,1.03406,1.03421,4.35,1.73
2012.10.17 15:48:53.180,1.03406,1.03421,1.13,1.73
2012.10.17 15:48:53.684,1.03406,1.03422,1.13,3.23
2012.10.17 15:48:55.555,1.03403,1.03415,1.73,1.50
2012.10.17 15:48:55.859,1.03399,1.03415,2.85,1.73
2012.10.17 15:48:55.979,1.03399,1.03415,2.85,1.73
2012.10.17 15:48:56.638,1.03399,1.03415,1.35,2.48
2012.10.17 15:48:57.140,1.034,1.03416,2.48,3.23
2012.10.17 15:48:57.789,1.03402,1.03416,1.50,3.23
2012.10.17 15:48:57.849,1.03402,1.03416,3.23,1.73
2012.10.17 15:49:08.259,1.03402,1.03418,2.48,3.23
2012.10.17 15:49:09.410,1.03402,1.03418,2.48,3.23
2012.10.17 15:49:09.619,1.03402,1.03416,2.25,2.48
2012.10.17 15:49:10.179,1.034,1.03416,2.25,3.98
2012.10.17 15:49:10.831,1.034,1.03416,2.25,3.98
2012.10.17 15:49:12.779,1.034,1.03416,2.25,3.98
2012.10.17 15:49:13.838,1.03402,1.03415,1.50,1.73
2012.10.17 15:49:14.407,1.03404,1.03418,1.50,2.10
2012.10.17 15:49:15.130,1.03403,1.03418,3.00,3.60
2012.10.17 15:49:19.329,1.03401,1.03417,3.75,1.35
2012.10.17 15:49:23.049,1.034,1.03415,1.50,1.35
2012.10.17 15:49:23.703,1.03401,1.03415,2.25,1.35
2012.10.17 15:49:24.439,1.03401,1.03415,2.25,1.35
2012.10.17 15:49:24.988,1.03401,1.03417,2.25,1.35
2012.10.17 15:49:25.470,1.03402,1.03417,2.25,1.35
2012.10.17 15:49:25.745,1.03409,1.03418,1.73,1.50
2012.10.17 15:49:25.813,1.03409,1.03418,1.73,1.50
2012.10.17 15:49:25.939,1.03409,1.0342,1.73,1.50
2012.10.17 15:49:26.495,1.03409,1.03423,3.98,1.73
2012.10.17 15:49:27.129,1.03409,1.03423,3.98,1.73
2012.10.17 15:49:28.130,1.03409,1.03424,3.23,3.98
2012.10.17 15:49:28.250,1.03409,1.03425,4.73,1.73
2012.10.17 15:49:31.102,1.03409,1.03423,2.48,3.98
2012.10.17 15:49:31.231,1.03408,1.03423,1.73,5.48
2012.10.17 15:49:31.781,1.03408,1.03424,2.48,2.48
2012.10.17 15:49:33.538,1.03406,1.03418,3.23,1.50
2012.10.17 15:49:33.661,1.03403,1.03418,2.10,1.73
2012.10.17 15:49:34.570,1.03403,1.03419,3.23,1.73
2012.10.17 15:49:35.130,1.03405,1.03419,1.73,1.73
2012.10.17 15:49:38.960,1.03406,1.03421,1.50,2.48
2012.10.17 15:49:39.468,1.03403,1.03421,3.23,3.98
2012.10.17 15:50:00.929,1.03403,1.0342,1.73,1.73
2012.10.17 15:50:01.468,1.03403,1.0342,1.73,1.73
2012.10.17 15:50:01.949,1.03406,1.0342,1.50,1.73
2012.10.17 15:50:02.308,1.03408,1.03422,2.25,2.48
2012.10.17 15:50:02.429,1.03406,1.03422,2.48,3.23
2012.10.17 15:50:08.051,1.0341,1.03422,1.50,1.35
2012.10.17 15:50:08.289,1.0341,1.03424,1.73,1.35
2012.10.17 15:50:08.410,1.03406,1.03423,1.73,3.23
2012.10.17 15:50:08.649,1.03406,1.03423,1.73,3.23
2012.10.17 15:50:10.590,1.03406,1.03423,2.25,3.23
2012.10.17 15:50:11.153,1.03406,1.03423,2.85,4.32
2012.10.17 15:50:14.114,1.03406,1.03421,1.13,1.73
2012.10.17 15:50:21.044,1.03405,1.03421,2.48,1.73
2012.10.17 15:50:23.348,1.03405,1.03421,2.48,1.73
2012.10.17 15:50:24.159,1.03405,1.03421,2.48,2.10
2012.10.17 15:50:24.399,1.03405,1.03421,2.48,2.10
2012.10.17 15:50:25.719,1.03405,1.03421,2.48,2.10
2012.10.17 15:50:32.559,1.03405,1.03421,2.48,2.10
2012.10.17 15:50:37.381,1.03405,1.03419,2.25,1.73
2012.10.17 15:50:37.453,1.03404,1.03419,3.00,1.73
2012.10.17 15:50:37.581,1.03405,1.03419,2.48,1.73
2012.10.17 15:50:37.820,1.03405,1.03419,2.48,1.73
2012.10.17 15:50:38.739,1.03405,1.03418,3.23,1.73
2012.10.17 15:50:39.059,1.03405,1.03418,3.00,1.73
2012.10.17 15:50:39.239,1.03404,1.03418,3.98,1.73
2012.10.17 15:50:42.830,1.03405,1.03418,1.50,1.73
2012.10.17 15:50:44.053,1.03404,1.03418,3.23,1.73
2012.10.17 15:50:44.338,1.03404,1.0342,2.48,1.73
2012.10.17 15:50:44.473,1.03406,1.03421,1.88,1.73
2012.10.17 15:50:44.541,1.03408,1.03421,1.50,1.73
2012.10.17 15:50:44.662,1.03408,1.03421,2.25,1.73
2012.10.17 15:50:45.000,1.03408,1.03421,2.25,1.73
2012.10.17 15:50:45.061,1.03406,1.03421,1.13,1.73
2012.10.17 15:50:54.501,1.03408,1.03421,1.50,1.73
2012.10.17 15:50:55.039,1.03405,1.03421,3.23,1.73
2012.10.17 15:50:58.969,1.03405,1.0342,3.23,2.48
2012.10.17 15:50:59.028,1.03405,1.0342,3.23,2.48
2012.10.17 15:50:59.569,1.03404,1.03419,2.25,1.73
2012.10.17 15:51:00.472,1.03404,1.03417,2.25,1.35
2012.10.17 15:51:00.600,1.034,1.03412,3.83,1.73
2012.10.17 15:51:01.241,1.03399,1.03412,1.73,1.73
2012.10.17 15:51:02.951,1.03397,1.03411,2.48,1.73
2012.10.17 15:51:03.339,1.03397,1.03411,2.48,1.73
2012.10.17 15:51:03.760,1.03397,1.0341,1.73,1.73
2012.10.17 15:51:03.819,1.03397,1.03411,1.73,1.73
2012.10.17 15:51:06.369,1.03397,1.03411,3.23,1.73
2012.10.17 15:51:12.780,1.03397,1.0341,2.40,1.73
2012.10.17 15:51:13.779,1.03397,1.0341,2.48,1.73
2012.10.17 15:51:16.979,1.03397,1.0341,3.23,1.73
2012.10.17 15:51:17.158,1.03397,1.0341,3.23,1.73
2012.10.17 15:51:23.544,1.03396,1.03409,1.73,2.48
2012.10.17 15:51:23.671,1.03393,1.03407,6.15,1.50
2012.10.17 15:51:23.731,1.03394,1.03407,2.03,1.50
2012.10.17 15:51:23.852,1.03394,1.03407,1.80,3.23
2012.10.17 15:51:24.619,1.03394,1.03406,2.55,1.73
2012.10.17 15:51:25.279,1.03394,1.03408,2.55,2.48
2012.10.17 15:51:27.439,1.03394,1.03407,1.80,1.73
2012.10.17 15:51:27.559,1.03394,1.03407,1.80,1.73
2012.10.17 15:51:28.099,1.03393,1.03408,2.55,1.73
2012.10.17 15:51:28.619,1.03394,1.0341,2.55,5.48
2012.10.17 15:51:28.679,1.03394,1.0341,2.78,4.73
2012.10.17 15:51:31.958,1.03394,1.03408,2.03,1.73
2012.10.17 15:51:32.530,1.03393,1.03408,3.30,1.73
2012.10.17 15:51:34.052,1.03393,1.03408,3.30,1.73
2012.10.17 15:51:34.588,1.03394,1.03407,1.80,2.48
2012.10.17 15:51:35.550,1.03393,1.03408,4.80,1.73
2012.10.17 15:51:36.378,1.03394,1.03407,1.80,2.48
2012.10.17 15:51:37.018,1.03394,1.03408,2.18,1.73
2012.10.17 15:51:40.301,1.03394,1.03408,1.80,3.98
2012.10.17 15:51:40.840,1.03393,1.03408,3.30,3.23
2012.10.17 15:51:41.780,1.03394,1.03408,1.80,3.23
2012.10.17 15:51:44.296,1.03393,1.03408,3.30,3.23
2012.10.17 15:51:47.258,1.03393,1.03408,2.55,3.23
2012.10.17 15:51:48.050,1.03393,1.03408,1.80,3.23
2012.10.17 15:51:48.233,1.03391,1.03402,1.50,2.48
2012.10.17 15:51:48.360,1.0339,1.03402,3.00,3.23
2012.10.17 15:51:48.423,1.03385,1.03401,1.88,2.48
2012.10.17 15:51:48.940,1.03386,1.03402,1.50,5.82
2012.10.17 15:51:50.321,1.03386,1.03402,1.50,3.98
2012.10.17 15:51:53.199,1.03386,1.03402,3.53,3.23
2012.10.17 15:51:53.989,1.03386,1.03402,3.60,3.23
2012.10.17 15:51:56.960,1.03386,1.03402,3.38,3.23
2012.10.17 15:51:57.933,1.03386,1.03402,3.60,3.23
2012.10.17 15:51:59.749,1.03386,1.03402,3.98,3.23
2012.10.17 15:52:00.809,1.03386,1.03402,3.98,3.98
2012.10.17 15:52:02.062,1.03387,1.03402,1.73,3.23
2012.10.17 15:52:02.379,1.0339,1.03403,1.50,1.73
2012.10.17 15:52:03.009,1.03392,1.03403,1.35,1.73
2012.10.17 15:52:03.549,1.03392,1.03409,1.35,6.60
2012.10.17 15:52:03.969,1.03392,1.03409,1.35,6.23
2012.10.17 15:52:06.210,1.03393,1.03409,1.50,3.98
2012.10.17 15:52:06.870,1.03394,1.03409,1.50,1.73
2012.10.17 15:52:07.630,1.03394,1.0341,1.88,5.07
2012.10.17 15:52:08.268,1.03394,1.0341,2.63,3.23
2012.10.17 15:52:10.569,1.03396,1.0341,1.50,1.73
2012.10.17 15:52:11.060,1.03399,1.03411,2.25,1.73
2012.10.17 15:52:11.120,1.03399,1.03412,2.25,2.48
2012.10.17 15:52:11.240,1.03399,1.03413,3.23,2.48
2012.10.17 15:52:11.301,1.03399,1.03413,3.75,1.73
2012.10.17 15:52:11.850,1.03401,1.03415,2.25,1.73
2012.10.17 15:52:11.909,1.03401,1.03416,2.48,1.73
2012.10.17 15:52:13.069,1.03403,1.03417,1.50,1.73
2012.10.17 15:52:13.481,1.03401,1.03417,4.73,3.23
2012.10.17 15:52:19.432,1.03401,1.03413,1.50,1.73
2012.10.17 15:52:19.563,1.034,1.03416,4.58,3.23
2012.10.17 15:52:19.929,1.03403,1.03416,3.23,1.73
2012.10.17 15:52:20.088,1.03403,1.03416,3.23,1.73
2012.10.17 15:52:21.969,1.03403,1.03417,3.23,1.73
2012.10.17 15:52:22.510,1.03405,1.03419,2.25,3.23
2012.10.17 15:52:28.482,1.03405,1.03418,1.65,2.48
2012.10.17 15:52:29.231,1.03405,1.03416,1.50,1.73
2012.10.17 15:52:29.593,1.03404,1.03416,1.50,1.73
2012.10.17 15:52:30.609,1.03398,1.0341,2.25,1.73
2012.10.17 15:52:31.794,1.03396,1.0341,1.50,1.73
2012.10.17 15:52:32.102,1.03398,1.03411,1.50,1.35
2012.10.17 15:52:32.171,1.034,1.03411,2.25,1.35
2012.10.17 15:52:32.710,1.03401,1.03413,1.50,2.48
2012.10.17 15:52:33.350,1.03401,1.03414,1.50,1.73
2012.10.17 15:52:33.883,1.034,1.03412,1.50,1.73
2012.10.17 15:52:34.071,1.03397,1.0341,1.50,1.73
2012.10.17 15:52:34.130,1.03397,1.0341,1.50,1.73
2012.10.17 15:52:34.646,1.03395,1.0341,2.25,2.10
2012.10.17 15:52:43.770,1.03397,1.0341,1.50,3.23
2012.10.17 15:52:44.729,1.03397,1.0341,1.50,2.48
2012.10.17 15:52:47.240,1.03397,1.0341,1.50,2.48
2012.10.17 15:52:47.599,1.034,1.03412,1.50,1.73
2012.10.17 15:52:48.126,1.03398,1.03413,1.88,2.48
2012.10.17 15:52:49.330,1.03398,1.03412,1.35,2.48
2012.10.17 15:52:49.751,1.034,1.03414,1.73,2.48
2012.10.17 15:52:49.884,1.03405,1.03416,1.73,1.13
2012.10.17 15:52:50.026,1.03407,1.0342,1.50,2.10
2012.10.17 15:52:50.460,1.03408,1.03421,3.00,1.73
2012.10.17 15:52:50.819,1.03411,1.03424,1.50,6.23
2012.10.17 15:52:51.492,1.0341,1.03422,1.88,1.73
2012.10.17 15:52:52.332,1.0341,1.03422,1.13,1.73
2012.10.17 15:52:52.530,1.03407,1.03421,2.63,3.23
2012.10.17 15:52:56.799,1.03407,1.03421,1.13,3.23
2012.10.17 15:52:57.319,1.03407,1.03421,1.88,1.73
2012.10.17 15:52:57.990,1.03407,1.03419,1.13,1.73
2012.10.17 15:52:58.290,1.03406,1.03418,2.48,1.73
2012.10.17 15:53:01.291,1.03406,1.03418,2.48,1.73
2012.10.17 15:53:01.809,1.03406,1.03418,1.73,1.73
2012.10.17 15:53:01.932,1.03407,1.03421,3.00,3.98
2012.10.17 15:53:02.475,1.0341,1.03421,1.13,3.98
2012.10.17 15:53:05.800,1.03411,1.03421,1.13,3.98
2012.10.17 15:53:06.160,1.03412,1.03426,1.73,3.98
2012.10.17 15:53:06.649,1.03411,1.03423,2.18,3.75
2012.10.17 15:53:07.179,1.03411,1.03423,1.20,3.98
2012.10.17 15:53:08.380,1.03409,1.03423,1.73,3.98
2012.10.17 15:53:09.219,1.03411,1.03423,1.50,3.98
2012.10.17 15:53:09.659,1.03411,1.03423,1.73,3.75
2012.10.17 15:53:09.779,1.03411,1.03423,1.50,3.98
2012.10.17 15:53:13.189,1.03411,1.03423,3.00,3.98
2012.10.17 15:53:17.400,1.03411,1.03423,3.00,3.98
2012.10.17 15:53:21.050,1.03411,1.03423,2.48,3.98
2012.10.17 15:53:21.169,1.03411,1.03424,2.48,1.73
2012.10.17 15:53:22.490,1.03411,1.03423,3.98,3.98
2012.10.17 15:53:22.610,1.03411,1.03423,3.00,3.98
2012.10.17 15:53:24.270,1.03411,1.03423,1.50,3.98
2012.10.17 15:53:25.230,1.03411,1.03423,1.50,3.98
2012.10.17 15:53:27.021,1.03411,1.03425,1.73,1.73
2012.10.17 15:53:27.668,1.03413,1.03426,3.00,4.73
2012.10.17 15:53:28.209,1.03414,1.03426,1.50,3.98
2012.10.17 15:53:33.170,1.03413,1.03425,3.00,4.73
2012.10.17 15:53:40.210,1.03412,1.03425,1.73,5.48
2012.10.17 15:53:40.750,1.03412,1.03425,1.65,5.48
2012.10.17 15:53:42.869,1.03412,1.03425,1.73,1.73
2012.10.17 15:53:42.930,1.03412,1.03425,1.73,1.50
2012.10.17 15:53:43.471,1.03412,1.03425,1.73,1.50
2012.10.17 15:53:43.605,1.0341,1.03425,1.73,3.75
2012.10.17 15:53:43.672,1.03409,1.03421,2.48,1.50
2012.10.17 15:53:43.746,1.03407,1.03421,1.73,3.00
2012.10.17 15:53:43.930,1.03406,1.03421,2.88,3.00
2012.10.17 15:53:44.469,1.03406,1.03418,2.13,1.50
2012.10.17 15:53:52.870,1.03406,1.03418,2.48,1.50
2012.10.17 15:53:53.500,1.03405,1.03418,3.23,1.50
2012.10.17 15:53:54.591,1.03405,1.03417,2.48,4.50
2012.10.17 15:53:55.230,1.03401,1.03414,1.35,1.50
2012.10.17 15:53:55.314,1.034,1.03414,2.48,1.88
2012.10.17 15:53:55.454,1.03401,1.03414,1.73,1.88
2012.10.17 15:53:55.960,1.03401,1.03414,3.23,1.13
2012.10.17 15:53:57.230,1.03402,1.03418,2.48,3.23
2012.10.17 15:53:57.349,1.03403,1.03418,2.48,1.50
2012.10.17 15:53:58.319,1.03403,1.03418,3.23,2.25
2012.10.17 15:53:58.860,1.03406,1.03418,1.73,2.25
2012.10.17 15:54:01.059,1.03405,1.03417,1.73,1.13
2012.10.17 15:54:02.380,1.03405,1.03419,3.23,1.13
2012.10.17 15:54:04.392,1.03406,1.03419,1.73,1.13
2012.10.17 15:54:04.639,1.03404,1.03418,1.73,2.25
2012.10.17 15:54:04.999,1.03407,1.03419,1.73,3.00
2012.10.17 15:54:05.129,1.03407,1.03419,1.73,3.00
2012.10.17 15:54:05.300,1.03407,1.03419,3.23,1.50
2012.10.17 15:54:05.928,1.03407,1.0342,1.73,1.50
2012.10.17 15:54:10.971,1.03405,1.03417,2.48,1.50
2012.10.17 15:54:11.031,1.03405,1.03417,2.48,1.73
2012.10.17 15:54:12.820,1.03407,1.03418,1.73,2.48
2012.10.17 15:54:12.941,1.03407,1.03418,1.73,1.50
2012.10.17 15:54:13.002,1.03407,1.03421,3.23,1.13
2012.10.17 15:54:13.300,1.03406,1.0342,2.48,1.13
2012.10.17 15:54:14.181,1.03404,1.03419,2.48,1.13
2012.10.17 15:54:15.530,1.03404,1.03416,2.48,1.73
2012.10.17 15:54:15.649,1.03403,1.03415,3.63,1.50
2012.10.17 15:54:17.139,1.03403,1.03415,1.73,1.50
2012.10.17 15:54:19.680,1.03403,1.03415,2.48,1.50
2012.10.17 15:54:19.859,1.03404,1.03415,2.48,1.50
2012.10.17 15:54:20.389,1.03404,1.03416,3.23,1.13
2012.10.17 15:54:25.399,1.03404,1.03418,3.23,1.13
2012.10.17 15:54:26.619,1.03404,1.03419,3.15,2.25
2012.10.17 15:54:28.013,1.03406,1.0342,1.73,3.00
2012.10.17 15:54:29.310,1.03406,1.0342,1.73,1.50
2012.10.17 15:54:29.979,1.03405,1.0342,3.23,1.50
2012.10.17 15:54:31.352,1.03406,1.0342,1.73,1.50
2012.10.17 15:54:32.689,1.03405,1.0342,2.48,1.50
2012.10.17 15:54:34.889,1.03405,1.03421,2.48,4.50
2012.10.17 15:54:35.830,1.03406,1.03421,1.35,1.50
2012.10.17 15:54:38.660,1.03407,1.03423,2.48,1.50
2012.10.17 15:54:39.137,1.03408,1.03422,2.48,1.50
2012.10.17 15:54:39.259,1.03408,1.03422,2.48,1.73
2012.10.17 15:54:39.818,1.0341,1.03422,1.73,1.50
2012.10.17 15:54:40.794,1.03408,1.03422,2.48,2.48
2012.10.17 15:55:05.144,1.03408,1.03421,3.23,1.73
2012.10.17 15:55:05.210,1.03406,1.03419,1.73,2.25
2012.10.17 15:55:05.761,1.03403,1.03418,1.73,2.25
2012.10.17 15:55:10.759,1.03403,1.03419,1.73,2.25
2012.10.17 15:55:11.486,1.03402,1.03416,1.73,2.25
2012.10.17 15:55:11.565,1.03402,1.03416,1.73,2.25
2012.10.17 15:55:12.359,1.03403,1.03418,2.48,1.50
2012.10.17 15:55:13.919,1.03403,1.03418,2.48,1.50
2012.10.17 15:55:16.201,1.03402,1.03417,3.23,1.35
2012.10.17 15:55:16.560,1.03402,1.03415,1.73,2.25
2012.10.17 15:55:17.101,1.03404,1.0342,1.73,4.35
2012.10.17 15:55:17.641,1.03402,1.03417,1.73,4.13
2012.10.17 15:55:17.881,1.03401,1.03417,3.98,4.13
2012.10.17 15:55:18.060,1.03403,1.03417,1.73,4.13
2012.10.17 15:55:26.840,1.03403,1.03417,1.35,1.50
2012.10.17 15:55:30.230,1.03403,1.03416,1.73,1.50
2012.10.17 15:55:39.870,1.03402,1.03416,4.35,1.50
2012.10.17 15:55:44.419,1.03403,1.03418,3.60,1.50
2012.10.17 15:55:45.269,1.03403,1.03417,1.73,2.25
2012.10.17 15:55:49.963,1.03402,1.03418,3.60,1.50
2012.10.17 15:55:51.520,1.03407,1.0342,2.48,1.50
2012.10.17 15:55:52.075,1.03409,1.03421,2.25,3.98
2012.10.17 15:55:55.152,1.03409,1.03421,2.25,3.98
2012.10.17 15:55:55.712,1.03409,1.03421,2.25,3.98
2012.10.17 15:55:59.401,1.03409,1.03421,2.25,4.73
2012.10.17 15:56:05.762,1.03408,1.03423,2.25,4.35
2012.10.17 15:56:06.468,1.03408,1.03423,2.25,3.98
2012.10.17 15:56:11.300,1.03408,1.03421,2.25,3.98
2012.10.17 15:56:11.805,1.03407,1.03421,2.85,3.98
2012.10.17 15:56:15.389,1.03408,1.03423,2.63,1.73
2012.10.17 15:56:15.712,1.03408,1.03422,2.63,4.73
2012.10.17 15:56:17.231,1.03408,1.03423,2.25,3.98
2012.10.17 15:56:17.757,1.03408,1.03423,2.25,3.98
2012.10.17 15:56:30.483,1.03411,1.03423,1.50,3.98
2012.10.17 15:56:30.554,1.03412,1.03424,2.25,1.35
2012.10.17 15:56:30.622,1.03412,1.03424,2.25,1.35
2012.10.17 15:56:30.683,1.03412,1.03424,2.25,1.35
2012.10.17 15:56:30.900,1.03412,1.03425,2.25,1.35
2012.10.17 15:56:31.151,1.03411,1.03425,3.00,1.35
2012.10.17 15:56:31.210,1.0341,1.03424,1.50,1.73
2012.10.17 15:56:32.390,1.0341,1.03424,2.25,1.73
2012.10.17 15:56:33.004,1.0341,1.03424,2.25,1.73
2012.10.17 15:56:35.861,1.03409,1.03424,2.48,2.48
2012.10.17 15:56:36.970,1.03411,1.03424,1.50,2.48
2012.10.17 15:56:37.694,1.03409,1.03424,2.48,2.48
2012.10.17 15:56:38.140,1.0341,1.03424,2.25,1.73
2012.10.17 15:56:40.630,1.0341,1.03425,2.25,1.73
2012.10.17 15:56:40.871,1.0341,1.03425,2.25,1.73
2012.10.17 15:56:40.992,1.0341,1.03425,3.98,1.73
2012.10.17 15:56:41.180,1.0341,1.03425,3.98,1.73
2012.10.17 15:56:43.964,1.03413,1.03425,2.25,1.73
2012.10.17 15:56:44.302,1.03413,1.03427,2.25,6.60
2012.10.17 15:56:44.881,1.03413,1.03425,2.25,1.73
2012.10.17 15:56:49.020,1.03411,1.03425,2.48,2.48
2012.10.17 15:56:49.529,1.03409,1.03425,1.35,1.73
2012.10.17 15:56:51.480,1.03408,1.03423,2.85,1.73
2012.10.17 15:56:52.010,1.03409,1.03425,2.48,3.98
2012.10.17 15:56:52.330,1.0341,1.03425,2.48,2.48
2012.10.17 15:56:52.751,1.0341,1.03423,2.48,1.73
2012.10.17 15:56:52.811,1.03409,1.03423,2.48,1.73
2012.10.17 15:56:53.331,1.03408,1.03422,1.35,1.50
2012.10.17 15:56:53.922,1.03409,1.03423,2.48,1.73
2012.10.17 15:56:54.279,1.03408,1.03422,1.35,1.73
2012.10.17 15:56:54.640,1.03409,1.03424,2.48,2.48
2012.10.17 15:56:55.201,1.03409,1.03424,2.48,1.73
2012.10.17 15:57:01.420,1.03409,1.03423,1.35,1.73
2012.10.17 15:57:01.783,1.03407,1.03422,1.73,1.73
2012.10.17 15:57:02.034,1.03406,1.03418,1.73,1.50
2012.10.17 15:57:03.696,1.03406,1.03421,1.73,3.00
2012.10.17 15:57:03.769,1.03405,1.03419,1.73,2.25
2012.10.17 15:57:11.721,1.03403,1.03417,3.23,2.25
2012.10.17 15:57:12.021,1.03403,1.03417,3.23,2.48
2012.10.17 15:57:15.571,1.03403,1.03417,1.73,2.48
2012.10.17 15:57:17.108,1.03403,1.03417,1.73,2.48
2012.10.17 15:57:21.173,1.03403,1.03417,2.48,3.98
2012.10.17 15:57:23.841,1.03401,1.03414,3.98,1.50
2012.10.17 15:57:23.961,1.034,1.03413,1.35,1.73
2012.10.17 15:57:24.020,1.034,1.03413,1.35,3.23
2012.10.17 15:57:24.569,1.03398,1.03413,1.73,3.98
2012.10.17 15:57:24.810,1.03396,1.03408,1.43,1.50
2012.10.17 15:57:24.871,1.03396,1.03408,1.43,1.50
2012.10.17 15:57:25.383,1.03395,1.03407,1.43,1.50
2012.10.17 15:57:27.141,1.03395,1.03407,1.05,1.50
2012.10.17 15:57:30.734,1.03394,1.03407,2.48,1.50
2012.10.17 15:57:31.051,1.03395,1.03407,2.10,1.50
2012.10.17 15:57:31.112,1.03397,1.03407,1.73,1.50
2012.10.17 15:57:31.629,1.03395,1.03408,2.85,1.50
2012.10.17 15:57:31.870,1.03395,1.03408,2.10,1.50
2012.10.17 15:57:34.970,1.03395,1.03407,1.73,1.50
2012.10.17 15:57:35.570,1.03394,1.03408,1.73,2.48
2012.10.17 15:57:36.080,1.03394,1.03408,1.73,2.48
2012.10.17 15:57:40.501,1.03394,1.03408,2.48,2.48
2012.10.17 15:57:41.021,1.03394,1.03408,2.48,2.48
2012.10.17 15:57:41.448,1.03393,1.03408,3.60,2.48
2012.10.17 15:57:43.673,1.03393,1.03408,3.60,1.73
2012.10.17 15:57:44.041,1.0339,1.03403,1.73,3.00
2012.10.17 15:57:44.342,1.03386,1.03402,2.48,2.48
2012.10.17 15:57:44.878,1.03387,1.03403,2.48,3.23
2012.10.17 15:57:45.393,1.03387,1.03403,2.48,3.98
2012.10.17 15:57:46.031,1.03387,1.03403,2.85,3.23
2012.10.17 15:57:46.735,1.03387,1.03403,2.85,3.98
2012.10.17 15:57:57.770,1.03387,1.03403,2.48,3.23
2012.10.17 15:57:58.780,1.03387,1.03403,2.48,3.23
2012.10.17 15:57:59.340,1.03387,1.03403,3.23,3.23
2012.10.17 15:58:06.721,1.03393,1.03405,2.48,1.73
2012.10.17 15:58:10.061,1.03388,1.03404,2.85,1.73
2012.10.17 15:58:20.293,1.03391,1.03403,1.73,3.00
2012.10.17 15:58:22.260,1.03391,1.03403,1.73,1.50
2012.10.17 15:58:22.441,1.03391,1.03404,2.48,2.25
2012.10.17 15:58:22.500,1.03391,1.03404,2.48,1.50
2012.10.17 15:58:22.880,1.03393,1.03409,2.48,1.50
2012.10.17 15:58:23.430,1.03398,1.03409,1.73,1.50
2012.10.17 15:58:24.229,1.03398,1.03409,1.73,1.50
2012.10.17 15:58:27.280,1.03397,1.03409,1.73,1.50
2012.10.17 15:58:27.400,1.03398,1.03411,1.73,2.48
2012.10.17 15:58:27.939,1.034,1.03413,1.73,1.73
2012.10.17 15:58:28.581,1.03401,1.03412,1.73,1.50
2012.10.17 15:58:28.645,1.03401,1.03415,2.48,3.00
2012.10.17 15:58:28.712,1.03403,1.03415,1.73,3.00
2012.10.17 15:58:29.071,1.03405,1.03415,1.73,2.25
2012.10.17 15:58:33.638,1.03405,1.03418,1.73,4.50
2012.10.17 15:58:34.910,1.03405,1.03417,1.73,1.50
2012.10.17 15:58:35.031,1.03405,1.03416,1.73,2.25
2012.10.17 15:58:36.102,1.03405,1.03417,1.73,1.50
2012.10.17 15:58:36.222,1.03405,1.03417,1.73,1.50
2012.10.17 15:58:36.881,1.03405,1.03417,1.73,1.50
2012.10.17 15:58:38.322,1.03405,1.03417,1.73,1.50
2012.10.17 15:58:39.199,1.03405,1.03417,1.73,2.25
2012.10.17 15:58:39.884,1.03405,1.03417,1.73,3.00
2012.10.17 15:58:40.503,1.03405,1.03415,1.73,1.50
2012.10.17 15:58:41.039,1.03405,1.03416,1.73,1.50
2012.10.17 15:58:41.410,1.03405,1.03416,1.73,1.50
2012.10.17 15:58:41.591,1.03405,1.03415,1.73,2.25
2012.10.17 15:58:41.890,1.03405,1.03415,1.73,2.25
2012.10.17 15:58:45.223,1.03405,1.03416,1.73,1.50
2012.10.17 15:58:47.113,1.03406,1.03416,1.73,1.50
2012.10.17 15:58:57.142,1.03406,1.03416,1.73,1.50
2012.10.17 15:58:59.721,1.03406,1.03415,1.73,2.25
2012.10.17 15:58:59.782,1.03401,1.03414,1.35,2.48
2012.10.17 15:58:59.843,1.03401,1.03412,1.73,1.73
2012.10.17 15:59:00.454,1.03399,1.03412,2.48,3.75
2012.10.17 15:59:01.142,1.03399,1.03412,2.48,3.75
2012.10.17 15:59:01.381,1.03399,1.03411,1.73,3.00
2012.10.17 15:59:01.890,1.03396,1.03407,2.48,1.50
2012.10.17 15:59:05.421,1.03396,1.03408,2.48,3.00
2012.10.17 15:59:05.540,1.03397,1.03408,1.73,1.50
2012.10.17 15:59:09.322,1.034,1.03411,1.73,2.25
2012.10.17 15:59:09.680,1.03405,1.03416,1.73,2.25
2012.10.17 15:59:09.740,1.03404,1.03416,1.73,2.25
2012.10.17 15:59:09.860,1.03405,1.03417,1.73,1.73
2012.10.17 15:59:10.394,1.03406,1.03418,1.73,3.00
2012.10.17 15:59:11.740,1.03406,1.03418,1.73,2.25
2012.10.17 15:59:13.899,1.03406,1.0342,1.73,3.00
2012.10.17 15:59:14.821,1.03406,1.03419,1.73,2.25
2012.10.17 15:59:15.364,1.03406,1.03418,1.73,1.50
2012.10.17 15:59:15.903,1.03406,1.03418,1.73,1.50
2012.10.17 15:59:19.592,1.03405,1.03418,1.73,2.25
2012.10.17 15:59:19.653,1.03405,1.03418,1.73,2.48
2012.10.17 15:59:21.351,1.03402,1.03418,3.23,1.73
2012.10.17 15:59:23.380,1.03402,1.03418,3.23,1.73
2012.10.17 15:59:23.500,1.03402,1.03416,3.23,1.13
2012.10.17 15:59:23.683,1.03402,1.03413,1.73,2.25
2012.10.17 15:59:24.004,1.034,1.03413,1.73,2.25
2012.10.17 15:59:25.160,1.034,1.03414,1.73,3.75
2012.10.17 15:59:25.722,1.034,1.03414,3.98,1.50
2012.10.17 15:59:26.281,1.03402,1.03415,3.23,1.50
2012.10.17 15:59:28.895,1.03402,1.03418,1.73,4.73
2012.10.17 15:59:28.961,1.03402,1.03418,1.73,3.98
2012.10.17 15:59:30.669,1.03404,1.03418,1.73,2.48
2012.10.17 15:59:31.911,1.03403,1.03419,2.48,3.98
2012.10.17 15:59:33.110,1.03404,1.03418,1.73,1.73
2012.10.17 15:59:36.179,1.03403,1.03416,2.48,1.73
2012.10.17 15:59:36.421,1.03403,1.03414,1.73,1.73
2012.10.17 15:59:36.981,1.034,1.03414,2.48,1.50
2012.10.17 15:59:37.520,1.034,1.03416,2.48,2.48
2012.10.17 15:59:38.564,1.03402,1.03417,2.48,3.23
2012.10.17 15:59:45.050,1.03402,1.03418,2.48,2.48
2012.10.17 15:59:45.351,1.03401,1.03416,1.73,2.25
2012.10.17 15:59:46.031,1.03402,1.03417,1.73,2.48
2012.10.17 15:59:47.184,1.03402,1.03417,1.73,3.98
2012.10.17 15:59:48.548,1.03404,1.03418,3.23,2.25
2012.10.17 15:59:48.851,1.03406,1.03421,2.48,1.50
2012.10.17 15:59:48.911,1.03406,1.03421,2.48,1.50
2012.10.17 15:59:49.160,1.03408,1.03422,2.48,1.73
2012.10.17 15:59:49.670,1.03408,1.03423,3.98,1.73
2012.10.17 15:59:51.201,1.03408,1.03423,6.23,1.50
2012.10.17 15:59:51.320,1.0341,1.03425,2.48,2.63
2012.10.17 15:59:51.614,1.0341,1.03425,2.48,2.63
2012.10.17 15:59:51.685,1.0341,1.03425,2.48,2.63
2012.10.17 15:59:52.560,1.03408,1.03425,4.73,3.38
2012.10.17 15:59:52.951,1.0341,1.03425,2.48,1.88
2012.10.17 15:59:57.949,1.0341,1.03425,3.23,1.50
2012.10.17 15:59:58.133,1.0341,1.03425,1.73,3.98
