2016.05.16 01:00:00.204,1.23007,1.23013,1.00,1.19
2016.05.16 01:00:00.406,1.23005,1.23013,2.77,1.19
2016.05.16 01:00:01.260,1.23005,1.23014,2.40,1.69
2016.05.16 01:00:02.164,1.23005,1.23012,2.40,1.00
2016.05.16 01:00:02.698,1.23005,1.23013,2.02,1.25
2016.05.16 01:00:03.024,1.23005,1.23015,3.52,1.00
2016.05.16 01:00:03.530,1.23006,1.23015,1.20,1.00
2016.05.16 01:00:04.086,1.23007,1.23016,1.00,1.69
2016.05.16 01:00:04.591,1.23005,1.23017,4.50,2.25
2016.05.16 01:00:04.844,1.23007,1.23017,1.07,1.50
2016.05.16 01:00:05.148,1.2301,1.2302,1.87,1.87
2016.05.16 01:00:05.497,1.23018,1.23026,1.20,1.19
2016.05.16 01:00:06.049,1.23019,1.23026,1.00,1.19
2016.05.16 01:00:07.315,1.23018,1.23027,1.57,6.19
2016.05.16 01:00:08.277,1.23017,1.23025,1.10,1.69
2016.05.16 01:00:08.821,1.23015,1.23024,3.75,1.25
2016.05.16 01:00:09.575,1.23015,1.23022,3.00,1.00
2016.05.16 01:00:11.678,1.23013,1.23022,1.85,1.00
2016.05.16 01:00:11.982,1.23012,1.23019,1.07,1.00
2016.05.16 01:00:12.499,1.23014,1.23019,1.10,1.00
2016.05.16 01:00:13.151,1.23014,1.23021,1.10,1.00
2016.05.16 01:00:14.541,1.23014,1.2302,1.10,1.00
2016.05.16 01:00:15.046,1.23014,1.23019,1.10,1.00
2016.05.16 01:00:15.147,1.23013,1.23017,1.57,1.00
2016.05.16 01:00:15.400,1.23011,1.23017,2.25,1.69
2016.05.16 01:00:15.653,1.23008,1.23016,2.32,1.00
2016.05.16 01:00:16.746,1.23008,1.23018,1.57,1.69
2016.05.16 01:00:16.847,1.23008,1.23013,1.57,1.00
2016.05.16 01:00:17.201,1.23008,1.23017,1.50,2.44
2016.05.16 01:00:17.582,1.23008,1.23014,1.00,3.19
2016.05.16 01:00:17.633,1.23005,1.23011,1.00,1.97
2016.05.16 01:00:17.886,1.23002,1.23009,1.00,1.57
2016.05.16 01:00:17.988,1.23,1.23008,1.00,1.26
2016.05.16 01:00:18.089,1.22998,1.23007,1.87,2.44
2016.05.16 01:00:18.292,1.22998,1.23007,1.00,1.97
2016.05.16 01:00:18.828,1.22999,1.23005,1.00,1.50
2016.05.16 01:00:19.386,1.22997,1.23005,1.12,1.50
2016.05.16 01:00:19.899,1.22999,1.23005,1.00,1.50
2016.05.16 01:00:20.271,1.23003,1.23005,1.00,1.00
2016.05.16 01:00:20.373,1.23005,1.23009,1.00,1.29
2016.05.16 01:00:20.424,1.23005,1.2301,2.25,1.07
2016.05.16 01:00:20.727,1.23003,1.23011,1.12,1.50
2016.05.16 01:00:21.233,1.23004,1.23011,1.00,1.50
2016.05.16 01:00:21.707,1.23002,1.23011,1.50,2.44
2016.05.16 01:00:25.775,1.23001,1.2301,1.00,1.09
2016.05.16 01:00:27.297,1.23001,1.2301,1.00,3.64
2016.05.16 01:00:27.814,1.22998,1.23009,5.25,2.25
2016.05.16 01:00:28.346,1.22998,1.23009,5.25,4.31
2016.05.16 01:00:28.887,1.22998,1.23009,5.25,3.94
2016.05.16 01:00:29.645,1.22998,1.23007,1.65,1.09
2016.05.16 01:00:30.852,1.22997,1.23006,2.62,1.00
2016.05.16 01:00:31.157,1.22996,1.23004,1.00,1.00
2016.05.16 01:00:31.690,1.22995,1.23005,2.70,3.64
2016.05.16 01:00:31.994,1.22997,1.23006,1.87,1.29
2016.05.16 01:00:32.152,1.22997,1.23008,1.95,4.39
2016.05.16 01:00:32.203,1.22997,1.23005,1.07,1.00
2016.05.16 01:00:32.356,1.22996,1.23005,1.20,1.00
2016.05.16 01:00:32.862,1.22998,1.23005,1.00,1.19
2016.05.16 01:00:33.404,1.22997,1.23005,1.12,1.19
2016.05.16 01:00:35.672,1.22996,1.23005,3.15,1.19
2016.05.16 01:00:37.209,1.22995,1.23006,6.75,1.46
2016.05.16 01:00:39.370,1.22997,1.23006,1.00,1.09
2016.05.16 01:00:39.884,1.22998,1.23008,1.50,2.51
2016.05.16 01:00:41.195,1.22997,1.23006,1.57,1.25
2016.05.16 01:00:41.724,1.22998,1.23007,1.00,1.29
2016.05.16 01:00:43.245,1.22997,1.23006,1.57,1.25
2016.05.16 01:00:44.098,1.22998,1.23007,1.12,1.76
2016.05.16 01:00:44.616,1.22997,1.23006,1.57,1.25
2016.05.16 01:00:46.056,1.23001,1.23007,1.00,1.29
2016.05.16 01:00:46.208,1.23003,1.23009,1.00,1.25
2016.05.16 01:00:46.538,1.23,1.23007,5.62,1.00
2016.05.16 01:00:46.791,1.22997,1.23005,1.00,1.12
2016.05.16 01:00:46.892,1.22999,1.23006,1.00,1.25
2016.05.16 01:00:48.149,1.22997,1.23005,4.31,1.00
2016.05.16 01:00:48.402,1.22996,1.23005,1.00,1.76
2016.05.16 01:00:49.846,1.22997,1.23004,1.00,2.06
2016.05.16 01:00:50.351,1.22996,1.23006,1.46,1.84
2016.05.16 01:00:51.851,1.22996,1.23006,1.84,1.46
2016.05.16 01:00:52.371,1.22996,1.23006,1.84,1.46
2016.05.16 01:00:52.822,1.23,1.23006,1.31,1.09
2016.05.16 01:00:53.075,1.23,1.23008,2.32,1.69
2016.05.16 01:00:54.710,1.23001,1.2301,1.00,2.51
2016.05.16 01:00:55.762,1.23002,1.2301,1.00,1.76
2016.05.16 01:00:56.279,1.23003,1.23011,1.00,1.07
2016.05.16 01:00:57.266,1.23004,1.23011,1.00,1.07
2016.05.16 01:00:57.419,1.23006,1.23012,1.00,1.12
2016.05.16 01:00:57.711,1.23006,1.23014,2.81,1.00
2016.05.16 01:00:58.215,1.23007,1.23015,1.46,1.69
2016.05.16 01:00:58.672,1.23005,1.23013,1.95,1.00
2016.05.16 01:00:59.185,1.23005,1.23014,1.95,1.50
2016.05.16 01:00:59.719,1.23004,1.23013,2.70,1.00
2016.05.16 01:01:00.044,1.23006,1.23015,1.00,2.14
2016.05.16 01:01:00.714,1.23005,1.23014,1.01,1.50
2016.05.16 01:01:01.225,1.23006,1.23015,1.00,4.09
2016.05.16 01:01:03.100,1.23007,1.23015,1.00,1.84
2016.05.16 01:01:03.151,1.2301,1.23015,1.00,1.76
2016.05.16 01:01:03.354,1.2301,1.23018,2.25,1.87
2016.05.16 01:01:03.505,1.23012,1.23018,1.00,1.87
2016.05.16 01:01:03.708,1.23013,1.23019,1.00,1.50
2016.05.16 01:01:03.926,1.23014,1.23021,1.00,1.84
2016.05.16 01:01:04.496,1.23013,1.23021,1.00,1.84
2016.05.16 01:01:09.606,1.23014,1.23021,1.00,1.84
2016.05.16 01:01:10.112,1.23015,1.23023,1.00,1.87
2016.05.16 01:01:10.628,1.23014,1.23023,1.00,3.75
2016.05.16 01:01:10.780,1.23014,1.23023,1.56,3.75
2016.05.16 01:01:10.881,1.23014,1.23023,1.31,3.75
2016.05.16 01:01:11.878,1.23013,1.23022,1.65,2.02
2016.05.16 01:01:12.413,1.23012,1.23021,1.50,1.95
2016.05.16 01:01:12.463,1.23012,1.2302,1.50,1.87
2016.05.16 01:01:12.565,1.2301,1.23019,5.14,1.50
2016.05.16 01:01:13.070,1.2301,1.2302,3.71,2.40
2016.05.16 01:01:14.162,1.23009,1.2302,6.00,2.77
2016.05.16 01:01:14.314,1.23009,1.23017,4.39,1.00
2016.05.16 01:01:14.466,1.23008,1.23017,1.20,1.37
2016.05.16 01:01:14.978,1.23007,1.23017,1.10,1.76
2016.05.16 01:01:15.659,1.23007,1.23016,1.66,1.69
2016.05.16 01:01:16.558,1.23007,1.23016,1.10,2.57
2016.05.16 01:01:19.876,1.23007,1.23018,2.81,3.90
2016.05.16 01:01:19.927,1.23009,1.23018,1.00,3.90
2016.05.16 01:01:20.331,1.23012,1.2302,1.00,4.84
2016.05.16 01:01:20.584,1.23014,1.23022,1.00,2.25
2016.05.16 01:01:21.861,1.23013,1.23022,2.21,1.00
2016.05.16 01:01:22.368,1.23012,1.2302,1.00,1.00
2016.05.16 01:01:22.743,1.23009,1.23018,1.65,1.46
2016.05.16 01:01:22.845,1.23008,1.23017,2.81,1.56
2016.05.16 01:01:23.441,1.23007,1.23015,1.75,1.00
2016.05.16 01:01:23.492,1.23006,1.23015,1.46,2.62
2016.05.16 01:01:23.998,1.23005,1.23014,3.07,1.87
2016.05.16 01:01:24.587,1.23005,1.23014,3.07,2.25
2016.05.16 01:01:24.638,1.23004,1.23013,1.10,2.25
2016.05.16 01:01:25.144,1.23003,1.23012,1.31,1.95
2016.05.16 01:01:25.650,1.23004,1.23012,1.00,1.95
2016.05.16 01:01:25.953,1.23006,1.23012,1.56,1.57
2016.05.16 01:01:26.081,1.23006,1.23014,1.56,1.87
2016.05.16 01:01:26.384,1.23007,1.23016,1.87,3.07
2016.05.16 01:01:26.902,1.23007,1.23017,1.25,3.34
2016.05.16 01:01:27.531,1.23008,1.23016,1.00,1.31
2016.05.16 01:01:28.147,1.23007,1.23017,1.50,4.09
2016.05.16 01:01:28.659,1.23007,1.23016,1.50,1.00
2016.05.16 01:01:30.112,1.23007,1.23017,1.87,2.96
2016.05.16 01:01:30.567,1.23011,1.23019,1.19,2.77
2016.05.16 01:01:30.782,1.23012,1.23019,1.00,1.50
2016.05.16 01:01:30.934,1.23012,1.23021,1.00,4.01
2016.05.16 01:01:31.489,1.23011,1.23021,1.39,3.26
2016.05.16 01:01:31.742,1.2301,1.2302,2.32,2.89
2016.05.16 01:01:32.247,1.23012,1.2302,1.00,2.51
2016.05.16 01:01:33.050,1.23012,1.2302,1.00,2.51
2016.05.16 01:01:33.555,1.23011,1.2302,1.00,3.64
2016.05.16 01:01:37.196,1.23011,1.2302,1.00,4.39
2016.05.16 01:01:38.639,1.2301,1.2302,1.57,5.14
2016.05.16 01:01:38.957,1.23008,1.23016,1.50,1.56
2016.05.16 01:01:39.109,1.23007,1.23015,1.10,3.19
2016.05.16 01:01:39.261,1.23005,1.23015,2.32,4.39
2016.05.16 01:01:39.515,1.23004,1.23014,1.76,2.44
2016.05.16 01:01:39.819,1.23002,1.23012,2.44,2.44
2016.05.16 01:01:41.153,1.23003,1.23012,1.10,5.44
2016.05.16 01:01:41.406,1.23001,1.23011,1.01,1.69
2016.05.16 01:01:41.659,1.23003,1.2301,1.00,3.94
2016.05.16 01:01:41.939,1.23003,1.2301,1.19,1.25
2016.05.16 01:01:42.802,1.23003,1.23012,1.00,2.96
2016.05.16 01:01:43.308,1.23001,1.2301,2.44,1.31
2016.05.16 01:01:43.359,1.23001,1.2301,2.44,2.44
2016.05.16 01:01:43.654,1.22998,1.23008,2.14,1.01
2016.05.16 01:01:45.715,1.22998,1.23008,2.89,1.66
2016.05.16 01:01:47.748,1.23001,1.23009,1.00,4.95
2016.05.16 01:01:47.849,1.23,1.23009,1.31,3.15
2016.05.16 01:01:47.951,1.23002,1.23009,1.00,2.32
2016.05.16 01:01:48.318,1.23003,1.23012,1.31,2.21
2016.05.16 01:01:48.521,1.23005,1.23013,1.00,2.16
2016.05.16 01:01:49.516,1.23006,1.23013,1.00,1.34
2016.05.16 01:01:50.026,1.23006,1.23014,1.00,1.28
2016.05.16 01:01:52.583,1.23005,1.23014,3.00,2.09
2016.05.16 01:01:55.923,1.23007,1.23014,1.00,2.46
2016.05.16 01:01:56.227,1.23009,1.23015,1.00,1.00
2016.05.16 01:01:56.379,1.23006,1.23015,3.19,1.50
2016.05.16 01:01:56.884,1.23005,1.23015,2.51,3.82
2016.05.16 01:01:57.696,1.23004,1.23014,3.26,1.37
2016.05.16 01:01:59.969,1.23005,1.23014,2.59,1.87
2016.05.16 01:02:02.690,1.23006,1.23014,1.00,1.87
2016.05.16 01:02:03.689,1.23005,1.23014,2.59,1.12
2016.05.16 01:02:07.637,1.23004,1.23014,2.44,1.37
2016.05.16 01:02:08.250,1.23004,1.23012,1.69,1.00
2016.05.16 01:02:10.756,1.23003,1.23012,1.39,1.14
2016.05.16 01:02:10.807,1.23002,1.23009,3.94,1.00
2016.05.16 01:02:10.858,1.23002,1.2301,1.76,2.39
2016.05.16 01:02:12.114,1.22999,1.23008,2.21,1.00
2016.05.16 01:02:13.481,1.22999,1.2301,4.46,2.01
2016.05.16 01:02:14.970,1.23,1.2301,4.84,3.14
2016.05.16 01:02:15.475,1.23,1.23009,4.84,1.00
2016.05.16 01:02:16.428,1.23,1.2301,2.59,4.26
2016.05.16 01:02:16.967,1.23,1.2301,2.59,4.69
2016.05.16 01:02:17.548,1.23,1.2301,2.59,4.69
2016.05.16 01:02:18.057,1.23002,1.2301,1.31,1.50
2016.05.16 01:02:18.260,1.23001,1.2301,3.19,1.56
2016.05.16 01:02:18.969,1.22999,1.23007,1.69,2.06
2016.05.16 01:02:19.474,1.22998,1.23007,1.19,2.44
2016.05.16 01:02:19.576,1.22998,1.23007,1.19,2.44
2016.05.16 01:02:22.361,1.22996,1.23005,3.56,1.31
2016.05.16 01:02:22.512,1.22996,1.23005,1.31,1.69
2016.05.16 01:02:22.563,1.22996,1.23005,1.25,1.69
2016.05.16 01:02:23.698,1.22995,1.23004,3.34,1.31
2016.05.16 01:02:24.200,1.22995,1.23004,3.34,1.56
2016.05.16 01:02:27.102,1.22995,1.23004,3.34,1.56
2016.05.16 01:02:27.612,1.22996,1.23005,1.00,3.14
2016.05.16 01:02:28.717,1.22995,1.23005,2.59,3.14
2016.05.16 01:02:30.255,1.22995,1.23005,2.72,4.50
2016.05.16 01:02:30.570,1.22995,1.23005,2.72,5.62
2016.05.16 01:02:31.434,1.22996,1.23004,1.00,1.50
2016.05.16 01:02:31.738,1.22997,1.23006,1.14,3.19
2016.05.16 01:02:32.469,1.22997,1.23006,1.14,2.81
2016.05.16 01:02:32.877,1.22995,1.23004,1.22,1.12
2016.05.16 01:02:32.928,1.22997,1.23004,1.00,1.12
2016.05.16 01:02:33.586,1.22997,1.23006,1.00,2.06
2016.05.16 01:02:34.125,1.22998,1.23006,1.00,1.25
2016.05.16 01:02:35.327,1.22998,1.23005,1.00,1.00
2016.05.16 01:02:35.631,1.23001,1.23009,1.14,1.50
2016.05.16 01:02:35.761,1.23002,1.23011,1.79,2.36
2016.05.16 01:02:36.064,1.23001,1.2301,2.25,3.14
2016.05.16 01:02:36.165,1.23,1.23009,1.97,1.00
2016.05.16 01:02:37.017,1.23001,1.23009,1.00,1.25
2016.05.16 01:02:41.065,1.23001,1.2301,1.18,3.19
2016.05.16 01:02:42.151,1.23,1.23007,1.64,1.37
2016.05.16 01:02:42.585,1.22999,1.23007,1.10,2.25
2016.05.16 01:02:43.090,1.22998,1.23007,1.09,1.87
2016.05.16 01:02:43.245,1.22997,1.23007,1.07,1.50
2016.05.16 01:02:43.296,1.22997,1.23003,1.45,1.00
2016.05.16 01:02:43.599,1.22994,1.23001,2.27,1.37
2016.05.16 01:02:44.105,1.22993,1.23,1.32,2.25
2016.05.16 01:02:44.916,1.22993,1.23,1.32,2.62
2016.05.16 01:02:46.005,1.22991,1.23,1.34,3.19
2016.05.16 01:02:46.157,1.2299,1.22999,1.41,1.00
2016.05.16 01:02:46.671,1.22989,1.22998,2.57,1.50
2016.05.16 01:02:48.165,1.2299,1.22999,1.64,2.62
2016.05.16 01:02:48.471,1.22989,1.22998,3.40,1.50
2016.05.16 01:02:53.193,1.2299,1.22998,1.26,2.25
2016.05.16 01:02:53.396,1.22988,1.22997,1.95,2.44
2016.05.16 01:02:53.548,1.22987,1.22995,1.41,1.12
2016.05.16 01:02:54.063,1.22985,1.22994,2.81,2.76
2016.05.16 01:02:54.569,1.22984,1.22993,2.25,2.25
2016.05.16 01:02:55.082,1.22984,1.22993,1.19,1.50
2016.05.16 01:02:56.880,1.22984,1.22993,1.69,2.81
2016.05.16 01:02:57.509,1.22984,1.22992,1.69,1.31
2016.05.16 01:02:58.194,1.22985,1.22993,2.44,1.12
2016.05.16 01:02:58.600,1.22986,1.22993,1.44,1.12
2016.05.16 01:02:58.961,1.2299,1.22995,1.00,3.75
2016.05.16 01:02:59.091,1.2299,1.22999,1.37,6.56
2016.05.16 01:02:59.698,1.2299,1.22997,2.25,1.00
2016.05.16 01:02:59.925,1.22991,1.22999,1.00,2.25
2016.05.16 01:02:59.976,1.22993,1.22999,1.00,2.25
2016.05.16 01:03:00.485,1.22993,1.23001,1.00,3.00
2016.05.16 01:03:01.302,1.22991,1.23001,1.46,3.00
2016.05.16 01:03:01.911,1.22991,1.23001,1.84,4.50
2016.05.16 01:03:02.421,1.22992,1.23001,1.00,4.50
2016.05.16 01:03:03.617,1.22995,1.23001,1.00,1.87
2016.05.16 01:03:03.719,1.22996,1.23001,1.31,1.00
2016.05.16 01:03:03.770,1.22996,1.23004,1.31,1.87
2016.05.16 01:03:03.820,1.22998,1.23004,1.00,1.12
2016.05.16 01:03:03.922,1.22998,1.23006,1.00,1.00
2016.05.16 01:03:04.276,1.23001,1.23007,1.00,2.06
2016.05.16 01:03:04.581,1.23005,1.23008,1.00,1.50
2016.05.16 01:03:05.109,1.23006,1.23012,1.00,3.90
2016.05.16 01:03:06.062,1.23005,1.23011,1.50,3.19
2016.05.16 01:03:06.113,1.23,1.23009,1.87,1.94
2016.05.16 01:03:06.164,1.23,1.23009,1.00,2.51
2016.05.16 01:03:06.387,1.22997,1.23007,1.00,2.40
2016.05.16 01:03:06.893,1.22997,1.23005,1.00,1.69
2016.05.16 01:03:07.417,1.22998,1.23005,1.00,1.62
2016.05.16 01:03:09.243,1.22998,1.23005,1.00,1.50
2016.05.16 01:03:09.294,1.22997,1.23005,1.00,2.44
2016.05.16 01:03:09.800,1.22996,1.23003,1.00,1.56
2016.05.16 01:03:11.729,1.22995,1.23002,1.00,1.56
2016.05.16 01:03:12.033,1.22993,1.23002,1.25,1.31
2016.05.16 01:03:12.538,1.22992,1.23,1.00,1.62
2016.05.16 01:03:13.266,1.22991,1.23,1.12,1.62
2016.05.16 01:03:14.792,1.22989,1.22998,2.96,2.06
2016.05.16 01:03:15.660,1.22988,1.22997,1.19,2.44
2016.05.16 01:03:15.762,1.22987,1.22997,1.57,2.62
2016.05.16 01:03:16.309,1.22985,1.22994,5.44,1.31
2016.05.16 01:03:16.994,1.22985,1.22994,1.31,1.69
2016.05.16 01:03:20.821,1.22984,1.22993,1.87,3.56
2016.05.16 01:03:21.155,1.22983,1.22993,1.69,2.44
2016.05.16 01:03:21.674,1.22985,1.22992,1.25,2.06
2016.05.16 01:03:24.538,1.22983,1.22992,5.06,3.52
2016.05.16 01:03:28.160,1.22982,1.2299,3.94,1.95
2016.05.16 01:03:28.362,1.22983,1.22989,2.25,1.69
2016.05.16 01:03:28.979,1.22979,1.22987,1.00,1.66
2016.05.16 01:03:29.494,1.22977,1.22986,1.31,1.31
2016.05.16 01:03:30.095,1.22978,1.22987,1.12,1.57
2016.05.16 01:03:30.653,1.22978,1.22988,1.87,1.95
2016.05.16 01:03:31.833,1.22978,1.22987,1.87,1.57
2016.05.16 01:03:32.966,1.22978,1.22987,1.45,1.20
2016.05.16 01:03:33.708,1.22977,1.22986,1.70,1.00
2016.05.16 01:03:34.354,1.22977,1.22986,1.82,1.00
2016.05.16 01:03:35.635,1.22977,1.22986,1.70,1.00
2016.05.16 01:03:38.391,1.22977,1.22985,1.07,1.00
2016.05.16 01:03:42.681,1.22975,1.22984,4.34,1.00
2016.05.16 01:03:43.434,1.22979,1.22985,1.14,1.27
2016.05.16 01:03:43.971,1.2298,1.22986,1.14,1.00
2016.05.16 01:03:44.511,1.2298,1.22988,1.14,1.69
2016.05.16 01:03:45.384,1.22979,1.22987,1.26,1.62
2016.05.16 01:03:45.541,1.22979,1.22987,1.26,2.44
2016.05.16 01:03:45.844,1.2298,1.22988,1.12,1.20
2016.05.16 01:03:45.947,1.2298,1.22988,1.26,1.12
2016.05.16 01:03:46.251,1.2298,1.22989,3.14,3.00
2016.05.16 01:03:48.693,1.2298,1.2299,3.14,4.76
2016.05.16 01:03:49.226,1.2298,1.2299,3.51,2.89
2016.05.16 01:03:49.544,1.22989,1.22993,1.82,1.87
2016.05.16 01:03:49.645,1.22989,1.22997,1.14,1.50
2016.05.16 01:03:49.747,1.22988,1.22997,1.14,1.50
2016.05.16 01:03:50.369,1.22988,1.22996,1.26,1.00
2016.05.16 01:03:50.898,1.2299,1.22999,1.14,3.34
2016.05.16 01:03:51.101,1.22991,1.23,1.14,2.62
2016.05.16 01:03:51.152,1.22991,1.23,1.14,1.50
2016.05.16 01:03:52.350,1.22991,1.23001,1.34,2.25
2016.05.16 01:03:52.786,1.22991,1.23,1.34,1.12
2016.05.16 01:03:54.360,1.2299,1.22998,1.59,1.00
2016.05.16 01:03:54.906,1.22989,1.22999,2.27,3.00
2016.05.16 01:03:55.559,1.22989,1.22998,3.02,1.50
2016.05.16 01:03:57.330,1.22989,1.22997,1.39,1.00
2016.05.16 01:03:57.848,1.22988,1.22996,1.20,1.00
2016.05.16 01:03:58.415,1.22988,1.22997,1.50,1.50
2016.05.16 01:03:59.329,1.22989,1.22998,1.00,2.81
2016.05.16 01:03:59.834,1.22987,1.22998,4.01,1.31
2016.05.16 01:03:59.884,1.22987,1.22995,3.26,1.00
2016.05.16 01:04:00.171,1.22984,1.22993,2.06,1.50
2016.05.16 01:04:00.373,1.22983,1.2299,1.26,1.00
2016.05.16 01:04:01.131,1.22982,1.22992,1.73,1.50
2016.05.16 01:04:01.652,1.22982,1.22993,2.59,3.15
2016.05.16 01:04:02.158,1.22983,1.22992,1.19,1.00
2016.05.16 01:04:02.663,1.22984,1.22993,1.69,1.50
2016.05.16 01:04:02.999,1.22983,1.22994,2.02,2.25
2016.05.16 01:04:03.202,1.22984,1.22993,1.12,1.00
2016.05.16 01:04:03.404,1.22983,1.22993,2.21,2.06
2016.05.16 01:04:03.708,1.22984,1.22993,2.06,2.06
2016.05.16 01:04:04.486,1.22984,1.22993,1.50,1.31
2016.05.16 01:04:05.023,1.22983,1.22991,2.02,1.00
2016.05.16 01:04:06.505,1.22983,1.22991,2.40,1.00
2016.05.16 01:04:07.038,1.22982,1.22986,2.32,1.00
2016.05.16 01:04:07.241,1.22979,1.22986,3.75,1.12
2016.05.16 01:04:07.292,1.22979,1.22985,1.12,1.56
2016.05.16 01:04:07.445,1.22976,1.22985,2.25,2.06
2016.05.16 01:04:07.597,1.22979,1.22987,1.00,1.65
2016.05.16 01:04:07.924,1.2298,1.22989,3.45,1.00
2016.05.16 01:04:08.379,1.22982,1.22991,1.00,1.50
2016.05.16 01:04:12.074,1.22983,1.22992,1.12,1.69
2016.05.16 01:04:12.176,1.22984,1.22993,1.65,1.87
2016.05.16 01:04:12.683,1.22985,1.22994,1.00,1.50
2016.05.16 01:04:13.209,1.22984,1.22993,3.37,1.12
2016.05.16 01:04:13.310,1.22984,1.22993,2.25,1.00
2016.05.16 01:04:13.887,1.22983,1.22993,2.96,1.00
2016.05.16 01:04:16.572,1.22983,1.22993,2.81,1.31
2016.05.16 01:04:19.459,1.22985,1.22994,1.12,1.31
2016.05.16 01:04:19.994,1.22984,1.22993,2.32,1.12
2016.05.16 01:04:20.642,1.22984,1.22992,1.57,1.00
2016.05.16 01:04:21.162,1.22984,1.22991,1.00,1.00
2016.05.16 01:04:21.668,1.22982,1.22991,1.84,1.12
2016.05.16 01:04:23.839,1.22981,1.22988,1.69,1.00
2016.05.16 01:04:24.142,1.22977,1.22986,2.06,1.56
2016.05.16 01:04:24.446,1.22976,1.22985,3.56,1.56
2016.05.16 01:04:24.699,1.22975,1.22982,1.00,1.56
2016.05.16 01:04:24.801,1.22975,1.22984,1.00,2.40
2016.05.16 01:04:25.146,1.22978,1.22984,1.00,1.50
2016.05.16 01:04:25.248,1.22978,1.22986,1.29,1.50
2016.05.16 01:04:25.350,1.2298,1.22989,1.12,1.31
2016.05.16 01:04:26.600,1.2298,1.2299,4.65,1.00
2016.05.16 01:04:27.115,1.22981,1.2299,1.00,1.00
2016.05.16 01:04:27.649,1.2298,1.2299,5.40,2.25
2016.05.16 01:04:28.198,1.22981,1.2299,1.00,2.25
2016.05.16 01:04:29.469,1.2298,1.22991,2.16,1.97
2016.05.16 01:04:29.621,1.2298,1.2299,3.52,2.20
2016.05.16 01:04:30.315,1.22982,1.2299,1.00,1.82
2016.05.16 01:04:30.820,1.22981,1.2299,1.00,2.57
2016.05.16 01:04:31.332,1.22981,1.2299,1.87,1.07
2016.05.16 01:04:31.918,1.22981,1.2299,2.39,1.25
2016.05.16 01:04:32.222,1.22985,1.22993,1.14,1.27
2016.05.16 01:04:32.729,1.22985,1.22994,2.25,1.69
2016.05.16 01:04:33.032,1.22982,1.22991,2.91,1.00
2016.05.16 01:04:34.315,1.22981,1.2299,1.97,1.00
2016.05.16 01:04:34.619,1.22981,1.22989,1.25,1.00
2016.05.16 01:04:35.155,1.2298,1.22987,4.01,1.00
2016.05.16 01:04:35.408,1.22979,1.22987,1.87,1.00
2016.05.16 01:04:35.913,1.22979,1.22988,1.50,1.12
2016.05.16 01:04:36.229,1.22979,1.22986,1.25,1.00
2016.05.16 01:04:36.533,1.22976,1.22984,1.84,1.00
2016.05.16 01:04:37.453,1.22976,1.22983,1.76,1.00
2016.05.16 01:04:38.111,1.22975,1.22985,3.34,3.00
2016.05.16 01:04:38.162,1.22975,1.22983,3.34,1.00
2016.05.16 01:04:38.263,1.22975,1.22983,1.20,1.26
2016.05.16 01:04:38.365,1.2298,1.22984,1.00,1.64
2016.05.16 01:04:38.466,1.22981,1.22985,1.56,1.50
2016.05.16 01:04:38.517,1.22981,1.22988,1.56,1.57
2016.05.16 01:04:38.618,1.2298,1.22989,2.44,1.82
2016.05.16 01:04:39.176,1.22979,1.22988,2.02,1.12
2016.05.16 01:04:39.328,1.2298,1.22989,2.81,1.87
2016.05.16 01:04:40.041,1.2298,1.22989,4.09,1.50
2016.05.16 01:04:40.564,1.22982,1.22991,1.69,1.87
2016.05.16 01:04:41.070,1.22983,1.22991,1.00,1.00
2016.05.16 01:04:42.697,1.22981,1.2299,2.59,1.14
2016.05.16 01:04:43.000,1.22981,1.22987,1.00,1.18
2016.05.16 01:04:43.548,1.22978,1.22987,4.76,1.18
2016.05.16 01:04:47.934,1.2298,1.22989,2.06,1.51
2016.05.16 01:04:48.824,1.22981,1.2299,1.12,4.26
2016.05.16 01:04:49.127,1.22982,1.2299,1.87,1.87
2016.05.16 01:04:49.380,1.22984,1.22993,1.00,3.70
2016.05.16 01:04:49.508,1.22984,1.22993,1.00,2.57
2016.05.16 01:04:49.610,1.22986,1.22993,1.00,1.25
2016.05.16 01:04:50.117,1.22986,1.22996,1.00,1.64
2016.05.16 01:04:53.123,1.22987,1.22997,1.00,1.45
2016.05.16 01:04:53.605,1.22987,1.22992,1.00,1.00
2016.05.16 01:04:53.657,1.22987,1.22995,1.00,1.14
2016.05.16 01:04:53.708,1.22986,1.22995,1.50,1.64
2016.05.16 01:04:54.214,1.22985,1.22994,2.02,1.14
2016.05.16 01:04:55.008,1.22984,1.22994,2.81,1.26
2016.05.16 01:04:55.160,1.22986,1.22995,1.00,1.26
2016.05.16 01:04:55.666,1.22987,1.22996,1.00,1.34
2016.05.16 01:04:58.136,1.22987,1.22991,1.25,1.00
2016.05.16 01:04:59.010,1.22986,1.22991,1.04,1.00
2016.05.16 01:05:01.321,1.22985,1.22991,3.32,1.00
2016.05.16 01:05:01.372,1.22985,1.22994,4.45,1.00
2016.05.16 01:05:01.904,1.22988,1.22995,1.52,1.00
2016.05.16 01:05:04.744,1.22988,1.22994,1.39,1.00
2016.05.16 01:05:07.971,1.22985,1.22994,5.65,1.00
2016.05.16 01:05:08.784,1.22985,1.22992,4.52,1.00
2016.05.16 01:05:09.614,1.22985,1.2299,1.20,1.00
2016.05.16 01:05:09.918,1.22981,1.22987,2.62,1.00
2016.05.16 01:05:10.070,1.22982,1.2299,1.12,1.57
2016.05.16 01:05:10.577,1.2298,1.22989,2.16,1.00
2016.05.16 01:05:10.729,1.2298,1.22989,2.54,1.00
2016.05.16 01:05:11.268,1.22981,1.22989,1.12,1.00
2016.05.16 01:05:13.978,1.22982,1.22989,1.00,1.00
2016.05.16 01:05:14.515,1.22982,1.22989,1.56,1.00
2016.05.16 01:05:14.723,1.2298,1.22989,2.02,1.00
2016.05.16 01:05:15.325,1.22983,1.22989,1.31,1.00
2016.05.16 01:05:15.629,1.22985,1.22989,1.00,1.00
2016.05.16 01:05:15.680,1.22985,1.22991,1.00,1.57
2016.05.16 01:05:15.781,1.22984,1.22993,1.50,2.89
2016.05.16 01:05:19.689,1.22984,1.22993,1.69,2.89
2016.05.16 01:05:21.136,1.22984,1.22993,1.31,2.89
2016.05.16 01:05:24.927,1.22985,1.22993,1.00,2.89
2016.05.16 01:05:25.478,1.22984,1.22993,1.31,2.89
2016.05.16 01:05:25.985,1.22984,1.22993,3.19,2.51
2016.05.16 01:05:26.646,1.22985,1.22993,1.50,2.51
2016.05.16 01:05:27.235,1.22984,1.22993,3.19,2.51
2016.05.16 01:05:27.737,1.22984,1.22993,1.31,2.89
2016.05.16 01:05:27.970,1.22985,1.22993,2.62,1.50
2016.05.16 01:05:28.073,1.22985,1.22994,3.56,1.50
2016.05.16 01:05:29.528,1.22985,1.22992,1.37,1.00
2016.05.16 01:05:29.680,1.22982,1.2299,1.95,1.00
2016.05.16 01:05:29.833,1.22981,1.22989,1.69,1.00
2016.05.16 01:05:30.338,1.22981,1.22988,1.69,1.00
2016.05.16 01:05:32.101,1.2298,1.2299,1.39,4.12
2016.05.16 01:05:32.652,1.22981,1.2299,1.37,3.75
2016.05.16 01:05:35.610,1.22981,1.2299,2.57,1.00
2016.05.16 01:05:36.126,1.22982,1.22991,3.32,1.00
2016.05.16 01:05:40.286,1.22983,1.22992,1.93,1.10
2016.05.16 01:05:40.591,1.22987,1.22994,1.14,2.44
2016.05.16 01:05:40.692,1.22988,1.22997,1.51,1.69
2016.05.16 01:05:40.743,1.22988,1.22999,1.76,3.26
2016.05.16 01:05:41.921,1.22989,1.22996,1.82,1.00
2016.05.16 01:05:42.365,1.22991,1.22999,1.00,2.21
2016.05.16 01:05:42.672,1.22989,1.22996,1.19,1.00
2016.05.16 01:05:42.978,1.22983,1.22989,1.62,1.00
2016.05.16 01:05:43.484,1.22981,1.2299,2.39,1.00
2016.05.16 01:05:44.004,1.22981,1.2299,1.87,1.00
2016.05.16 01:05:44.916,1.22982,1.22992,2.39,1.20
2016.05.16 01:05:44.967,1.22982,1.22992,2.39,1.20
2016.05.16 01:05:45.480,1.22983,1.22992,1.82,2.06
2016.05.16 01:05:49.206,1.22983,1.22991,1.82,1.00
2016.05.16 01:05:49.757,1.22982,1.22991,1.24,1.97
2016.05.16 01:05:50.062,1.22981,1.22991,1.07,3.43
2016.05.16 01:05:50.610,1.2298,1.22989,2.35,1.00
2016.05.16 01:05:51.141,1.2298,1.2299,2.72,2.72
2016.05.16 01:05:56.841,1.2298,1.22989,2.72,1.00
2016.05.16 01:05:58.568,1.2298,1.22989,2.44,1.37
2016.05.16 01:05:59.569,1.2298,1.2299,1.82,2.02
2016.05.16 01:05:59.873,1.2298,1.2299,3.02,1.59
2016.05.16 01:06:00.280,1.2298,1.22987,2.27,1.00
2016.05.16 01:06:00.573,1.22976,1.22985,5.14,1.00
2016.05.16 01:06:01.028,1.22976,1.22985,3.75,1.50
2016.05.16 01:06:01.492,1.22975,1.22983,4.01,1.00
2016.05.16 01:06:04.060,1.22974,1.22982,1.57,1.00
2016.05.16 01:06:04.364,1.22973,1.22981,1.31,1.00
2016.05.16 01:06:04.869,1.22973,1.22982,2.06,1.00
2016.05.16 01:06:05.402,1.22974,1.22983,1.56,2.25
2016.05.16 01:06:05.556,1.22973,1.22982,2.19,1.37
2016.05.16 01:06:06.073,1.22973,1.22982,1.81,1.87
2016.05.16 01:06:06.794,1.22973,1.22982,1.81,2.06
2016.05.16 01:06:07.660,1.22973,1.22982,1.25,2.44
2016.05.16 01:06:08.166,1.22972,1.22981,1.57,1.50
2016.05.16 01:06:08.673,1.22972,1.22981,1.10,2.25
2016.05.16 01:06:09.510,1.22972,1.2298,1.25,1.00
2016.05.16 01:06:13.153,1.22972,1.2298,1.87,1.00
2016.05.16 01:06:15.656,1.22972,1.2298,1.12,1.00
2016.05.16 01:06:16.180,1.22972,1.2298,1.12,3.37
2016.05.16 01:06:16.888,1.22971,1.22979,1.56,1.19
2016.05.16 01:06:17.091,1.22972,1.22981,1.31,6.56
2016.05.16 01:06:17.718,1.22973,1.22981,1.00,3.94
2016.05.16 01:06:22.416,1.22971,1.22979,3.64,1.12
2016.05.16 01:06:22.529,1.22971,1.22979,1.76,1.87
2016.05.16 01:06:22.883,1.22971,1.22979,1.31,1.00
2016.05.16 01:06:22.984,1.22972,1.22979,1.56,1.00
2016.05.16 01:06:23.086,1.22973,1.22981,1.31,2.89
2016.05.16 01:06:24.305,1.22973,1.22981,1.56,2.44
2016.05.16 01:06:24.670,1.22972,1.22981,1.20,3.19
2016.05.16 01:06:24.721,1.22972,1.22981,1.20,3.19
2016.05.16 01:06:33.488,1.22971,1.22981,1.76,3.64
2016.05.16 01:06:34.964,1.22971,1.2298,1.66,1.50
2016.05.16 01:06:35.268,1.2297,1.22977,2.40,1.12
2016.05.16 01:06:35.793,1.22969,1.22978,2.21,1.50
2016.05.16 01:06:36.403,1.22969,1.22978,2.21,1.50
2016.05.16 01:06:37.095,1.22969,1.22978,2.21,1.50
2016.05.16 01:06:37.749,1.2297,1.22978,1.39,1.12
2016.05.16 01:06:38.282,1.2297,1.22978,1.76,1.12
2016.05.16 01:06:38.798,1.22971,1.22979,1.69,1.00
2016.05.16 01:06:39.344,1.22971,1.22979,1.25,1.37
2016.05.16 01:06:39.886,1.22972,1.22979,1.31,1.00
2016.05.16 01:06:40.407,1.22972,1.2298,1.39,2.81
2016.05.16 01:06:40.947,1.22974,1.22981,1.00,2.44
2016.05.16 01:06:41.616,1.22974,1.2298,1.56,1.31
2016.05.16 01:06:41.920,1.22979,1.22983,1.00,1.20
2016.05.16 01:06:42.022,1.22982,1.22988,1.00,2.51
2016.05.16 01:06:42.527,1.22981,1.2299,2.46,3.56
2016.05.16 01:06:42.679,1.22982,1.2299,1.14,3.56
2016.05.16 01:06:42.780,1.22983,1.2299,1.82,1.00
2016.05.16 01:06:42.882,1.22983,1.22991,1.82,2.06
2016.05.16 01:06:43.193,1.22977,1.22982,1.00,1.00
2016.05.16 01:06:43.295,1.22975,1.22982,1.00,1.87
2016.05.16 01:06:43.396,1.22975,1.22979,1.00,1.00
2016.05.16 01:06:43.447,1.2297,1.22979,3.26,1.10
2016.05.16 01:06:43.498,1.2297,1.22979,1.84,1.57
2016.05.16 01:06:44.013,1.22969,1.22978,1.18,1.20
2016.05.16 01:06:44.514,1.22969,1.22979,1.97,2.40
2016.05.16 01:06:45.026,1.2297,1.22979,1.45,2.40
2016.05.16 01:06:45.431,1.22972,1.2298,1.00,1.57
2016.05.16 01:06:45.937,1.22972,1.2298,1.20,1.12
2016.05.16 01:06:47.175,1.22972,1.22981,1.20,1.31
2016.05.16 01:06:47.478,1.22974,1.22982,1.00,2.06
2016.05.16 01:06:48.395,1.22976,1.22982,1.00,2.06
2016.05.16 01:06:48.598,1.22978,1.22986,1.10,2.44
2016.05.16 01:06:50.820,1.2298,1.22986,1.00,1.69
2016.05.16 01:06:51.072,1.2298,1.22988,2.25,2.44
2016.05.16 01:06:51.657,1.22979,1.22988,1.00,2.81
2016.05.16 01:06:51.759,1.22981,1.22988,1.00,2.81
2016.05.16 01:06:52.782,1.2298,1.22988,2.25,2.06
2016.05.16 01:06:53.378,1.22978,1.22987,1.34,1.00
2016.05.16 01:06:54.895,1.22977,1.22985,1.07,1.12
2016.05.16 01:06:55.147,1.22974,1.22983,3.19,1.00
2016.05.16 01:06:55.706,1.22974,1.22983,2.44,1.87
2016.05.16 01:06:56.523,1.22974,1.22983,2.44,1.50
2016.05.16 01:06:58.448,1.22974,1.22982,1.69,1.00
2016.05.16 01:06:59.026,1.22974,1.22983,2.44,1.50
2016.05.16 01:07:05.177,1.22974,1.22982,1.82,1.00
2016.05.16 01:07:05.713,1.22974,1.22983,2.57,3.00
2016.05.16 01:07:06.925,1.22974,1.22982,1.82,1.00
2016.05.16 01:07:07.438,1.22974,1.22983,2.44,3.00
2016.05.16 01:07:08.756,1.22974,1.22983,2.57,3.00
2016.05.16 01:07:09.267,1.22974,1.22983,2.57,1.50
2016.05.16 01:07:09.642,1.22974,1.22983,2.44,1.64
2016.05.16 01:07:10.812,1.22975,1.22983,1.07,1.18
2016.05.16 01:07:11.421,1.22975,1.22981,1.07,1.00
2016.05.16 01:07:11.624,1.22973,1.22981,1.07,1.12
2016.05.16 01:07:12.162,1.22972,1.22982,2.25,1.45
2016.05.16 01:07:12.414,1.22974,1.22983,1.57,2.20
2016.05.16 01:07:12.920,1.22975,1.22984,2.81,1.26
2016.05.16 01:07:14.812,1.22975,1.22984,3.94,1.31
2016.05.16 01:07:15.934,1.22975,1.22983,1.69,1.00
2016.05.16 01:07:16.451,1.22975,1.22983,1.69,1.56
2016.05.16 01:07:17.283,1.22975,1.22983,1.69,1.69
2016.05.16 01:07:19.641,1.22976,1.22984,1.57,1.50
2016.05.16 01:07:20.120,1.22977,1.22986,1.20,2.81
2016.05.16 01:07:20.861,1.22976,1.22985,2.25,1.00
2016.05.16 01:07:21.366,1.22977,1.22986,2.25,1.69
2016.05.16 01:07:22.858,1.22981,1.22987,1.00,3.19
2016.05.16 01:07:23.434,1.2298,1.22987,1.00,2.81
2016.05.16 01:07:25.747,1.22981,1.22987,1.00,3.19
2016.05.16 01:07:26.998,1.22981,1.22987,1.00,2.44
2016.05.16 01:07:30.549,1.2298,1.22985,1.00,1.00
2016.05.16 01:07:30.650,1.22977,1.22985,1.57,1.12
2016.05.16 01:07:31.307,1.22978,1.22986,1.50,1.20
2016.05.16 01:07:31.758,1.22979,1.22988,1.07,2.44
2016.05.16 01:07:35.873,1.22979,1.22985,1.57,1.00
2016.05.16 01:07:36.075,1.22976,1.22985,2.81,2.25
2016.05.16 01:07:39.158,1.22976,1.22985,2.06,4.12
2016.05.16 01:07:39.310,1.22974,1.22981,2.62,1.00
2016.05.16 01:07:39.462,1.22973,1.2298,1.25,1.00
2016.05.16 01:07:40.275,1.22972,1.2298,1.00,2.77
2016.05.16 01:07:41.157,1.22971,1.2298,3.34,1.27
2016.05.16 01:07:41.702,1.22971,1.22982,3.64,4.39
2016.05.16 01:07:42.078,1.22975,1.22982,1.12,1.57
2016.05.16 01:07:42.363,1.22976,1.22985,1.25,5.70
2016.05.16 01:07:42.868,1.22976,1.22985,1.76,1.87
2016.05.16 01:07:43.457,1.22976,1.22986,1.32,3.75
2016.05.16 01:07:44.018,1.22976,1.22985,1.76,2.25
2016.05.16 01:07:44.681,1.22976,1.22984,1.76,1.00
2016.05.16 01:07:46.381,1.22978,1.22986,1.12,2.62
2016.05.16 01:07:46.736,1.22979,1.22988,1.76,2.81
2016.05.16 01:07:50.276,1.22979,1.22988,1.07,3.75
2016.05.16 01:07:59.097,1.2298,1.22989,2.14,3.82
2016.05.16 01:07:59.602,1.22981,1.22988,1.00,1.00
2016.05.16 01:08:00.349,1.2298,1.22988,1.20,1.00
2016.05.16 01:08:04.066,1.22979,1.22987,2.06,1.00
2016.05.16 01:08:04.572,1.2298,1.22988,1.69,2.70
2016.05.16 01:08:04.826,1.22981,1.2299,1.84,4.31
2016.05.16 01:08:04.877,1.22982,1.2299,1.01,4.31
2016.05.16 01:08:05.216,1.22987,1.22994,1.50,2.62
2016.05.16 01:08:05.630,1.22987,1.22992,1.50,1.00
2016.05.16 01:08:05.781,1.22984,1.22992,1.07,1.69
2016.05.16 01:08:06.319,1.22983,1.22993,1.57,3.94
2016.05.16 01:08:06.836,1.22983,1.22993,2.14,4.69
2016.05.16 01:08:08.575,1.22983,1.22992,2.14,1.00
2016.05.16 01:08:09.979,1.22984,1.22993,1.20,2.06
2016.05.16 01:08:10.030,1.22986,1.22993,1.00,2.06
2016.05.16 01:08:10.381,1.22988,1.22997,2.14,1.31
2016.05.16 01:08:10.634,1.22987,1.22995,2.14,1.00
2016.05.16 01:08:11.139,1.22986,1.22995,2.25,6.00
2016.05.16 01:08:13.486,1.22984,1.22994,1.95,3.56
2016.05.16 01:08:13.989,1.22986,1.22994,1.00,3.75
2016.05.16 01:08:14.669,1.22985,1.22994,1.01,2.25
2016.05.16 01:08:14.720,1.22984,1.22992,3.82,1.00
2016.05.16 01:08:14.973,1.22981,1.2299,1.76,2.81
2016.05.16 01:08:21.116,1.22981,1.2299,1.29,1.87
2016.05.16 01:08:23.330,1.22981,1.2299,1.76,1.12
2016.05.16 01:08:24.356,1.22981,1.22989,1.29,1.00
2016.05.16 01:08:24.408,1.2298,1.22989,4.20,1.37
2016.05.16 01:08:25.014,1.2298,1.22989,1.19,5.14
2016.05.16 01:08:25.546,1.2298,1.22989,1.39,2.25
2016.05.16 01:08:26.857,1.2298,1.22988,2.44,1.00
2016.05.16 01:08:27.360,1.2298,1.22989,1.69,3.15
2016.05.16 01:08:32.783,1.22981,1.2299,1.31,3.82
2016.05.16 01:08:34.297,1.22982,1.22991,1.50,1.10
2016.05.16 01:08:34.601,1.22982,1.22993,2.77,4.31
2016.05.16 01:08:35.600,1.22982,1.22993,3.07,2.25
2016.05.16 01:08:36.078,1.22982,1.22991,3.45,1.00
2016.05.16 01:08:36.582,1.22983,1.22992,1.57,1.00
2016.05.16 01:08:38.654,1.22982,1.22991,1.95,1.00
2016.05.16 01:08:38.957,1.2298,1.22989,1.46,1.00
2016.05.16 01:08:43.989,1.2298,1.22989,1.20,1.00
2016.05.16 01:08:46.377,1.2298,1.22989,1.50,1.50
2016.05.16 01:08:46.703,1.22978,1.2298,1.00,1.00
2016.05.16 01:08:47.007,1.22978,1.22982,1.00,1.87
2016.05.16 01:08:47.211,1.22975,1.22983,2.62,1.50
2016.05.16 01:08:47.313,1.22975,1.22984,2.25,1.27
2016.05.16 01:08:47.557,1.22974,1.22982,1.12,1.10
2016.05.16 01:08:48.107,1.22974,1.22982,1.12,2.62
2016.05.16 01:08:48.616,1.22973,1.22982,2.81,1.20
2016.05.16 01:08:50.337,1.22973,1.22982,2.25,1.20
2016.05.16 01:08:50.887,1.22972,1.2298,2.35,1.00
2016.05.16 01:08:51.436,1.22972,1.2298,1.19,2.25
2016.05.16 01:08:51.841,1.22973,1.22982,1.00,2.62
2016.05.16 01:08:52.447,1.22972,1.22979,1.90,1.00
2016.05.16 01:08:52.964,1.22971,1.22979,2.27,1.00
2016.05.16 01:08:53.499,1.22971,1.2298,3.02,2.25
2016.05.16 01:08:55.702,1.22971,1.2298,2.14,1.37
2016.05.16 01:08:56.253,1.2297,1.2298,1.39,2.70
2016.05.16 01:08:56.802,1.2297,1.22978,1.76,1.00
2016.05.16 01:08:57.795,1.2297,1.22979,2.06,1.57
2016.05.16 01:08:58.149,1.22974,1.2298,1.00,3.15
2016.05.16 01:08:58.403,1.22975,1.22982,1.18,1.00
2016.05.16 01:08:59.105,1.22973,1.22982,1.69,1.37
2016.05.16 01:08:59.206,1.22972,1.2298,1.27,1.00
2016.05.16 01:08:59.612,1.22971,1.2298,1.25,9.07
2016.05.16 01:09:00.119,1.22972,1.22979,1.00,1.95
2016.05.16 01:09:00.457,1.2297,1.22979,1.87,1.95
2016.05.16 01:09:00.977,1.22969,1.22979,1.12,4.57
2016.05.16 01:09:02.891,1.2297,1.22979,1.00,3.45
2016.05.16 01:09:03.715,1.22969,1.22978,2.25,1.20
2016.05.16 01:09:04.245,1.22969,1.22978,1.12,2.32
2016.05.16 01:09:08.307,1.22968,1.22977,2.14,1.12
2016.05.16 01:09:11.144,1.22969,1.22978,1.00,3.07
2016.05.16 01:09:11.711,1.22968,1.22977,2.51,1.12
2016.05.16 01:09:12.234,1.22968,1.22976,1.31,1.28
2016.05.16 01:09:12.387,1.22965,1.22974,5.81,1.00
2016.05.16 01:09:12.740,1.22969,1.22975,1.00,1.07
2016.05.16 01:09:12.842,1.2297,1.22977,1.10,1.87
2016.05.16 01:09:13.063,1.22972,1.22981,1.00,2.25
2016.05.16 01:09:13.266,1.22973,1.22982,1.00,4.07
2016.05.16 01:09:14.930,1.22973,1.22982,1.00,4.45
2016.05.16 01:09:15.564,1.22971,1.22981,1.39,2.25
2016.05.16 01:09:15.615,1.22971,1.22978,1.39,1.00
2016.05.16 01:09:15.919,1.22967,1.22973,3.75,1.40
2016.05.16 01:09:16.123,1.22969,1.22976,1.50,1.87
2016.05.16 01:09:16.174,1.22971,1.22976,1.00,1.87
2016.05.16 01:09:16.363,1.22968,1.22976,1.31,1.20
2016.05.16 01:09:16.869,1.22967,1.22976,3.19,1.20
2016.05.16 01:09:16.971,1.22967,1.22972,2.44,1.00
2016.05.16 01:09:17.476,1.22967,1.22973,1.19,1.00
2016.05.16 01:09:18.023,1.22967,1.22972,1.19,1.00
2016.05.16 01:09:18.365,1.22966,1.22969,4.69,1.00
2016.05.16 01:09:18.467,1.22962,1.22966,4.31,1.00
2016.05.16 01:09:18.568,1.22961,1.22965,1.62,1.00
2016.05.16 01:09:19.102,1.2296,1.22965,1.19,1.00
2016.05.16 01:09:19.607,1.22959,1.22967,3.56,1.00
2016.05.16 01:09:20.121,1.22958,1.22965,3.94,1.00
2016.05.16 01:09:22.534,1.22959,1.22965,1.12,1.00
2016.05.16 01:09:23.044,1.22957,1.22965,2.14,2.25
2016.05.16 01:09:23.550,1.22956,1.22964,2.89,1.00
2016.05.16 01:09:26.373,1.22956,1.22963,3.26,1.00
2016.05.16 01:09:27.331,1.22956,1.22965,1.76,2.25
2016.05.16 01:09:27.655,1.22957,1.22965,1.87,2.25
2016.05.16 01:09:28.261,1.22959,1.22966,1.94,1.00
2016.05.16 01:09:28.731,1.22958,1.22967,3.75,1.00
2016.05.16 01:09:29.297,1.22958,1.22967,3.45,1.00
2016.05.16 01:09:29.398,1.2296,1.22969,1.50,2.51
2016.05.16 01:09:29.601,1.22961,1.22969,2.06,1.00
2016.05.16 01:09:29.904,1.22961,1.22968,1.09,1.00
2016.05.16 01:09:29.955,1.2296,1.22966,1.69,1.00
2016.05.16 01:09:30.006,1.2296,1.22968,1.31,1.00
2016.05.16 01:09:30.314,1.22959,1.22968,1.12,1.20
2016.05.16 01:09:31.053,1.22958,1.22968,2.25,1.57
2016.05.16 01:09:33.487,1.22958,1.22966,2.19,1.00
2016.05.16 01:09:33.988,1.22958,1.22966,1.62,1.00
2016.05.16 01:09:34.842,1.22958,1.22966,1.25,1.50
2016.05.16 01:09:36.394,1.22957,1.22964,2.51,1.00
2016.05.16 01:09:39.858,1.22955,1.22963,3.56,1.00
2016.05.16 01:09:40.224,1.22955,1.22963,1.31,1.00
2016.05.16 01:09:42.654,1.22955,1.22964,2.06,1.00
2016.05.16 01:09:43.606,1.22956,1.22965,1.50,1.00
2016.05.16 01:09:44.707,1.22956,1.22966,1.87,3.26
2016.05.16 01:09:45.069,1.22956,1.22965,1.87,2.25
2016.05.16 01:09:45.574,1.22957,1.22966,1.12,1.69
2016.05.16 01:09:46.765,1.22956,1.22966,1.95,1.69
2016.05.16 01:09:47.326,1.22956,1.22965,1.95,1.00
2016.05.16 01:09:48.128,1.22957,1.22966,1.12,1.25
2016.05.16 01:09:48.669,1.22955,1.22966,4.39,3.19
2016.05.16 01:09:49.180,1.22955,1.22964,5.51,1.00
2016.05.16 01:09:49.282,1.22955,1.22964,2.14,1.00
2016.05.16 01:09:50.247,1.22955,1.22963,2.06,1.00
2016.05.16 01:09:51.247,1.22955,1.22963,1.62,1.00
2016.05.16 01:09:52.365,1.22955,1.22963,1.25,1.00
2016.05.16 01:09:54.199,1.22954,1.22961,2.59,1.00
2016.05.16 01:09:54.433,1.22952,1.22961,3.19,1.00
2016.05.16 01:09:54.939,1.22951,1.2296,1.29,1.00
2016.05.16 01:09:55.986,1.22952,1.22961,1.31,1.00
2016.05.16 01:09:56.491,1.22952,1.22962,1.69,1.57
2016.05.16 01:09:57.863,1.22953,1.22963,1.12,1.09
2016.05.16 01:09:58.217,1.22956,1.22963,1.00,1.09
2016.05.16 01:09:58.421,1.22957,1.22966,1.00,2.59
2016.05.16 01:10:00.469,1.22956,1.22965,2.06,1.00
2016.05.16 01:10:00.571,1.2296,1.22966,1.12,1.20
2016.05.16 01:10:00.836,1.2296,1.2297,3.94,1.00
2016.05.16 01:10:01.354,1.22962,1.22971,1.20,1.12
2016.05.16 01:10:01.607,1.22964,1.22971,1.00,1.00
2016.05.16 01:10:02.135,1.22966,1.22972,1.00,1.25
2016.05.16 01:10:02.968,1.22965,1.22972,2.25,1.31
2016.05.16 01:10:03.473,1.22966,1.22972,1.00,1.00
2016.05.16 01:10:03.524,1.22964,1.22973,2.44,2.39
2016.05.16 01:10:03.626,1.22965,1.22971,1.50,1.00
2016.05.16 01:10:04.175,1.22962,1.22971,1.39,1.24
2016.05.16 01:10:04.680,1.22963,1.22971,1.00,1.18
2016.05.16 01:10:05.061,1.22965,1.22972,1.00,1.31
2016.05.16 01:10:06.480,1.22966,1.22972,1.00,1.25
2016.05.16 01:10:06.984,1.22966,1.22973,1.00,1.18
2016.05.16 01:10:10.333,1.22967,1.22974,1.00,1.64
2016.05.16 01:10:10.487,1.22968,1.22975,1.00,2.51
2016.05.16 01:10:10.992,1.22965,1.22975,3.64,1.57
2016.05.16 01:10:11.144,1.22964,1.22973,2.95,1.00
2016.05.16 01:10:11.683,1.22964,1.22972,1.26,1.00
2016.05.16 01:10:12.198,1.22965,1.22972,1.00,1.00
2016.05.16 01:10:12.703,1.22964,1.22973,1.00,3.51
2016.05.16 01:10:13.223,1.22965,1.22973,1.18,2.25
2016.05.16 01:10:13.729,1.22965,1.22974,1.18,3.15
2016.05.16 01:10:14.510,1.22965,1.22973,1.18,1.00
2016.05.16 01:10:15.054,1.22964,1.22974,1.12,2.40
2016.05.16 01:10:15.618,1.22964,1.22975,1.31,7.26
2016.05.16 01:10:16.366,1.22967,1.22975,1.00,6.59
2016.05.16 01:10:17.612,1.22967,1.22976,1.00,1.15
2016.05.16 01:10:21.026,1.22965,1.22976,6.26,1.90
2016.05.16 01:10:21.702,1.22965,1.22976,6.02,1.15
2016.05.16 01:10:22.107,1.22965,1.22975,2.89,1.34
2016.05.16 01:10:22.670,1.22964,1.22974,2.81,3.51
2016.05.16 01:10:23.202,1.22966,1.22974,1.00,1.64
2016.05.16 01:10:23.712,1.22965,1.22974,2.96,1.18
2016.05.16 01:10:24.236,1.22966,1.22975,1.00,3.66
2016.05.16 01:10:25.381,1.22965,1.22974,1.46,1.18
2016.05.16 01:10:27.588,1.22965,1.22974,1.46,1.14
2016.05.16 01:10:29.879,1.22966,1.22974,1.00,1.14
2016.05.16 01:10:30.389,1.22965,1.22974,1.46,1.14
2016.05.16 01:10:31.019,1.22965,1.22974,1.46,1.56
2016.05.16 01:10:37.384,1.22964,1.22972,1.12,1.31
2016.05.16 01:10:41.471,1.22963,1.22972,1.01,1.31
2016.05.16 01:10:47.402,1.22962,1.22971,3.82,1.00
2016.05.16 01:10:49.236,1.22962,1.22971,3.26,1.56
2016.05.16 01:10:53.368,1.22963,1.22972,1.01,1.31
2016.05.16 01:10:54.238,1.22962,1.22971,2.14,1.00
2016.05.16 01:10:54.662,1.22966,1.22973,1.00,1.66
2016.05.16 01:10:54.966,1.22967,1.22975,1.31,1.66
2016.05.16 01:11:03.834,1.22966,1.22974,1.69,2.06
2016.05.16 01:11:03.987,1.22968,1.22976,1.00,1.20
2016.05.16 01:11:04.291,1.22969,1.22978,1.31,1.50
2016.05.16 01:11:04.393,1.2297,1.22978,1.29,1.12
2016.05.16 01:11:05.273,1.22971,1.2298,1.25,4.27
2016.05.16 01:11:05.812,1.22971,1.2298,1.50,2.02
2016.05.16 01:11:06.159,1.22971,1.22979,1.50,1.37
2016.05.16 01:11:07.446,1.22971,1.22979,1.25,1.00
2016.05.16 01:11:07.952,1.22972,1.2298,1.00,1.84
2016.05.16 01:11:10.744,1.22972,1.22981,1.50,1.65
2016.05.16 01:11:11.951,1.22972,1.22981,1.81,1.65
2016.05.16 01:11:12.944,1.22974,1.22982,1.00,1.87
2016.05.16 01:11:14.871,1.22973,1.22982,2.77,2.25
2016.05.16 01:11:16.082,1.22975,1.22983,3.37,1.50
2016.05.16 01:11:16.284,1.22977,1.22984,1.00,2.10
2016.05.16 01:11:16.799,1.22977,1.22985,1.25,2.44
2016.05.16 01:11:17.452,1.22978,1.22987,1.00,8.32
2016.05.16 01:11:18.263,1.22978,1.22984,1.00,1.00
2016.05.16 01:11:18.884,1.22978,1.22985,1.00,2.62
2016.05.16 01:11:19.430,1.22978,1.22984,1.00,1.00
2016.05.16 01:11:19.945,1.22978,1.22985,1.00,2.62
2016.05.16 01:11:21.154,1.22978,1.22986,1.00,2.32
2016.05.16 01:11:25.680,1.22977,1.22986,1.25,1.10
2016.05.16 01:11:27.172,1.22977,1.22985,1.25,1.00
2016.05.16 01:11:27.486,1.22975,1.22983,3.26,1.00
2016.05.16 01:11:27.588,1.22974,1.22982,1.19,1.00
2016.05.16 01:11:27.690,1.22972,1.2298,3.56,1.00
2016.05.16 01:11:27.894,1.22971,1.2298,1.69,2.02
2016.05.16 01:11:28.405,1.22972,1.22979,1.00,1.00
2016.05.16 01:11:30.411,1.22974,1.2298,1.00,1.00
2016.05.16 01:11:31.119,1.22974,1.22981,1.00,1.10
2016.05.16 01:11:32.053,1.22975,1.22981,1.00,1.10
2016.05.16 01:11:32.567,1.22974,1.22981,1.00,1.10
2016.05.16 01:11:36.911,1.22974,1.22979,1.00,1.00
2016.05.16 01:11:38.719,1.22973,1.22979,1.69,1.00
2016.05.16 01:11:42.946,1.22971,1.22977,1.19,1.00
2016.05.16 01:11:43.098,1.22968,1.22975,1.29,1.00
2016.05.16 01:11:43.250,1.22968,1.22973,1.19,1.00
2016.05.16 01:11:43.301,1.22967,1.22973,1.00,1.00
2016.05.16 01:11:43.806,1.22964,1.22972,1.19,1.20
2016.05.16 01:11:44.339,1.22964,1.22974,3.56,1.45
2016.05.16 01:11:44.844,1.22965,1.22975,4.69,1.87
2016.05.16 01:11:45.933,1.22966,1.22975,1.19,1.45
2016.05.16 01:11:49.829,1.22966,1.22975,1.69,1.09
2016.05.16 01:11:50.334,1.22967,1.22975,1.19,1.09
2016.05.16 01:11:51.175,1.22967,1.22976,1.19,2.81
2016.05.16 01:11:51.906,1.22966,1.22974,1.69,1.31
2016.05.16 01:11:52.209,1.22966,1.22975,2.25,4.31
2016.05.16 01:11:52.753,1.22965,1.22974,5.06,1.46
2016.05.16 01:11:52.804,1.22965,1.22972,2.44,1.56
2016.05.16 01:11:53.107,1.22962,1.22973,4.69,2.51
2016.05.16 01:11:54.773,1.22962,1.22973,3.94,4.01
2016.05.16 01:12:03.231,1.22962,1.22971,2.44,2.06
2016.05.16 01:12:15.958,1.22961,1.22969,2.44,1.00
2016.05.16 01:12:16.008,1.22961,1.22969,2.44,1.66
2016.05.16 01:12:16.605,1.22962,1.2297,1.19,2.81
2016.05.16 01:12:17.118,1.22962,1.2297,1.19,1.46
2016.05.16 01:12:18.082,1.22964,1.2297,1.00,1.04
2016.05.16 01:12:18.592,1.22963,1.22971,1.25,5.76
2016.05.16 01:12:19.198,1.22964,1.22971,1.00,2.76
2016.05.16 01:12:19.300,1.22966,1.22971,1.00,2.25
2016.05.16 01:12:19.835,1.22966,1.22972,1.00,1.50
2016.05.16 01:12:20.363,1.22965,1.22972,1.00,1.50
2016.05.16 01:12:20.889,1.22966,1.22972,1.00,1.50
2016.05.16 01:12:21.423,1.22965,1.22972,2.25,1.50
2016.05.16 01:12:24.374,1.22966,1.22972,1.00,1.50
2016.05.16 01:12:27.102,1.22965,1.22972,1.00,1.50
2016.05.16 01:12:30.340,1.22963,1.22972,2.44,4.12
2016.05.16 01:12:40.345,1.22963,1.22971,1.25,2.25
2016.05.16 01:12:46.971,1.22964,1.22971,1.00,2.25
2016.05.16 01:12:47.477,1.22963,1.22971,1.00,2.25
2016.05.16 01:12:48.542,1.22964,1.22971,1.00,2.39
2016.05.16 01:12:49.047,1.22963,1.22971,1.00,1.64
2016.05.16 01:12:50.947,1.22961,1.22971,2.44,1.64
2016.05.16 01:12:55.001,1.22963,1.22971,1.00,2.06
2016.05.16 01:13:07.655,1.22963,1.22971,1.81,1.50
2016.05.16 01:13:09.954,1.22963,1.22972,1.81,3.00
2016.05.16 01:13:16.127,1.22964,1.22973,1.37,2.25
2016.05.16 01:13:16.634,1.22964,1.22973,2.62,3.00
2016.05.16 01:13:21.543,1.22965,1.22973,1.12,1.50
2016.05.16 01:13:21.696,1.22965,1.22975,5.51,4.20
2016.05.16 01:13:22.339,1.22966,1.22975,2.44,2.40
2016.05.16 01:13:22.842,1.22966,1.22974,2.44,1.00
2016.05.16 01:13:23.435,1.22966,1.22975,2.44,2.40
2016.05.16 01:13:26.499,1.22966,1.22975,1.69,1.65
2016.05.16 01:13:26.702,1.22967,1.22977,1.12,3.52
2016.05.16 01:13:33.379,1.22968,1.22975,1.87,1.00
2016.05.16 01:13:37.179,1.22968,1.22975,1.69,2.25
2016.05.16 01:13:44.518,1.22968,1.22976,2.81,1.65
2016.05.16 01:13:45.395,1.2297,1.22978,2.25,2.14
2016.05.16 01:13:45.496,1.22973,1.22981,1.00,2.89
2016.05.16 01:13:45.648,1.22974,1.22982,1.00,1.12
2016.05.16 01:13:46.157,1.22973,1.22982,3.15,1.50
2016.05.16 01:13:46.703,1.22974,1.22983,1.00,2.40
2016.05.16 01:13:47.924,1.22973,1.22981,3.15,1.00
2016.05.16 01:13:48.459,1.22973,1.22982,3.15,1.00
2016.05.16 01:13:50.227,1.22974,1.22983,1.12,2.40
2016.05.16 01:13:51.365,1.22974,1.22982,1.12,1.00
2016.05.16 01:13:51.880,1.22975,1.22983,1.50,1.65
2016.05.16 01:13:53.962,1.22977,1.22984,1.00,1.57
2016.05.16 01:13:54.478,1.22976,1.22984,1.00,2.32
2016.05.16 01:13:55.832,1.22977,1.22984,1.00,2.70
2016.05.16 01:13:59.284,1.22979,1.22984,1.00,2.25
2016.05.16 01:13:59.587,1.2298,1.22986,1.00,1.07
2016.05.16 01:14:00.097,1.22978,1.22987,1.69,3.00
2016.05.16 01:14:00.612,1.2298,1.22987,1.00,2.25
2016.05.16 01:14:02.693,1.22979,1.22987,1.25,1.50
2016.05.16 01:14:03.599,1.2298,1.22987,1.00,1.50
2016.05.16 01:14:06.194,1.22981,1.22987,1.00,1.50
2016.05.16 01:14:06.553,1.22979,1.22987,1.69,1.50
2016.05.16 01:14:08.369,1.22979,1.22988,1.69,1.87
2016.05.16 01:14:15.152,1.22979,1.22986,1.69,1.00
2016.05.16 01:14:16.388,1.22979,1.22988,1.69,1.87
2016.05.16 01:14:25.696,1.22979,1.22988,1.19,1.87
2016.05.16 01:14:28.697,1.22979,1.22986,1.19,1.00
2016.05.16 01:14:30.607,1.22978,1.22987,1.69,1.50
2016.05.16 01:14:31.329,1.22981,1.22987,1.19,1.00
2016.05.16 01:14:31.886,1.22981,1.2299,3.19,4.50
2016.05.16 01:14:32.705,1.22981,1.22989,2.44,1.00
2016.05.16 01:14:33.241,1.22981,1.2299,2.44,4.50
2016.05.16 01:14:33.834,1.22981,1.22989,2.44,1.00
2016.05.16 01:14:34.339,1.22979,1.22989,2.44,1.00
2016.05.16 01:14:34.940,1.2298,1.2299,1.19,4.87
2016.05.16 01:14:35.484,1.2298,1.22989,1.19,1.50
2016.05.16 01:14:36.209,1.2298,1.2299,1.19,4.12
2016.05.16 01:14:36.782,1.2298,1.22989,1.19,1.50
2016.05.16 01:14:37.766,1.22979,1.2299,2.44,2.25
2016.05.16 01:14:38.306,1.2298,1.22989,1.69,1.50
2016.05.16 01:14:39.974,1.2298,1.2299,1.19,2.25
2016.05.16 01:14:40.985,1.2298,1.22991,1.19,3.00
2016.05.16 01:14:41.569,1.2298,1.2299,1.69,1.00
2016.05.16 01:14:41.923,1.22982,1.22988,1.00,1.00
2016.05.16 01:14:42.934,1.22981,1.22989,2.44,3.00
2016.05.16 01:14:43.525,1.22981,1.22988,2.44,1.00
2016.05.16 01:14:44.059,1.22981,1.22988,1.00,1.00
2016.05.16 01:14:44.564,1.22979,1.22987,3.19,1.00
2016.05.16 01:14:45.200,1.22979,1.22988,3.19,1.00
2016.05.16 01:14:45.717,1.22981,1.22988,1.19,1.00
2016.05.16 01:14:45.768,1.22981,1.22991,1.19,3.37
2016.05.16 01:14:46.274,1.22982,1.22992,1.69,1.00
2016.05.16 01:14:46.375,1.22983,1.22992,1.19,1.00
2016.05.16 01:14:46.427,1.22983,1.22994,1.69,3.37
2016.05.16 01:14:46.478,1.22983,1.22992,1.69,1.00
2016.05.16 01:14:46.764,1.22983,1.22994,2.44,1.87
2016.05.16 01:14:55.248,1.22984,1.22991,1.19,1.00
2016.05.16 01:14:55.351,1.22984,1.22993,1.19,1.00
2016.05.16 01:14:55.535,1.22984,1.2299,1.00,1.12
2016.05.16 01:14:55.637,1.22981,1.2299,1.69,1.12
2016.05.16 01:14:55.992,1.22979,1.22987,1.19,1.00
2016.05.16 01:14:56.295,1.22979,1.2299,1.69,1.87
2016.05.16 01:14:56.497,1.22979,1.22988,1.69,1.00
2016.05.16 01:14:57.033,1.22978,1.22987,1.19,1.00
2016.05.16 01:14:57.185,1.22978,1.22989,1.19,4.12
2016.05.16 01:14:57.286,1.22978,1.22986,1.19,1.00
2016.05.16 01:14:58.953,1.22978,1.22988,1.19,1.50
2016.05.16 01:15:00.502,1.22978,1.22987,1.19,1.00
2016.05.16 01:15:00.654,1.22977,1.22987,1.25,1.12
2016.05.16 01:15:00.706,1.22977,1.22985,1.25,1.00
2016.05.16 01:15:00.858,1.22976,1.22987,1.69,1.50
2016.05.16 01:15:02.475,1.22976,1.22986,1.69,1.00
2016.05.16 01:15:02.627,1.22976,1.22983,1.69,1.00
2016.05.16 01:15:02.901,1.22974,1.22983,1.19,1.50
2016.05.16 01:15:03.774,1.22973,1.22984,1.69,3.37
2016.05.16 01:15:04.605,1.22973,1.22983,1.69,1.00
2016.05.16 01:15:05.043,1.22974,1.22985,2.44,2.25
2016.05.16 01:15:05.397,1.22974,1.22985,3.19,1.50
2016.05.16 01:15:07.260,1.22975,1.22987,3.19,2.25
2016.05.16 01:15:07.806,1.22977,1.22988,1.69,1.62
2016.05.16 01:15:08.109,1.22978,1.22989,1.69,1.87
2016.05.16 01:15:10.982,1.22978,1.22989,1.19,1.87
2016.05.16 01:15:11.084,1.22978,1.22989,1.19,1.12
2016.05.16 01:15:11.589,1.22979,1.22988,1.69,1.00
2016.05.16 01:15:12.193,1.22979,1.22989,2.44,1.00
2016.05.16 01:15:12.698,1.2298,1.22988,2.44,1.00
2016.05.16 01:15:13.506,1.22979,1.2299,1.69,1.87
2016.05.16 01:15:13.713,1.22979,1.22987,1.69,1.69
2016.05.16 01:15:13.967,1.22978,1.22987,1.25,1.50
2016.05.16 01:15:15.092,1.22978,1.22989,1.25,3.00
2016.05.16 01:15:18.141,1.22979,1.22989,1.50,1.00
2016.05.16 01:15:18.588,1.22979,1.22991,2.25,5.81
2016.05.16 01:15:19.109,1.22979,1.2299,2.25,1.50
2016.05.16 01:15:19.892,1.22979,1.22989,2.25,1.12
2016.05.16 01:15:20.945,1.2298,1.22989,1.00,1.50
2016.05.16 01:15:21.047,1.2298,1.22989,3.19,1.00
2016.05.16 01:15:24.593,1.22979,1.22988,1.19,1.00
2016.05.16 01:15:25.411,1.22979,1.22989,1.19,1.12
2016.05.16 01:15:27.519,1.22979,1.22988,1.19,1.00
2016.05.16 01:15:29.120,1.22979,1.22989,1.19,2.25
2016.05.16 01:15:29.656,1.22979,1.22989,1.69,2.25
2016.05.16 01:15:32.288,1.22979,1.22987,1.69,1.00
2016.05.16 01:15:33.872,1.22979,1.22987,1.25,1.00
2016.05.16 01:15:35.431,1.22981,1.22987,1.19,1.00
2016.05.16 01:15:35.481,1.22982,1.2299,1.25,1.00
2016.05.16 01:15:35.532,1.22984,1.2299,1.00,1.00
2016.05.16 01:15:35.684,1.22984,1.22993,1.19,2.62
2016.05.16 01:15:36.190,1.22984,1.22992,1.19,1.00
2016.05.16 01:15:37.040,1.22984,1.22995,1.19,3.00
2016.05.16 01:15:37.545,1.22984,1.22995,1.69,4.50
2016.05.16 01:15:38.450,1.22985,1.22995,3.94,4.12
2016.05.16 01:15:38.998,1.22986,1.22996,1.50,3.56
2016.05.16 01:15:39.149,1.22986,1.22992,1.50,1.00
2016.05.16 01:15:39.453,1.22986,1.22994,1.50,1.00
2016.05.16 01:15:39.554,1.22986,1.22996,1.50,2.81
2016.05.16 01:15:40.497,1.22986,1.22995,1.50,1.00
2016.05.16 01:15:41.799,1.22985,1.22995,2.44,2.25
2016.05.16 01:15:44.014,1.22985,1.22995,1.69,2.62
2016.05.16 01:15:44.562,1.22985,1.22995,1.69,3.75
2016.05.16 01:15:50.287,1.22985,1.22994,1.25,1.00
2016.05.16 01:15:50.338,1.22985,1.22992,1.69,1.00
2016.05.16 01:15:50.540,1.22985,1.22994,1.25,3.15
2016.05.16 01:15:51.018,1.22987,1.22994,1.00,1.20
2016.05.16 01:15:51.975,1.22987,1.22996,1.00,4.39
2016.05.16 01:15:52.128,1.22988,1.22997,1.25,1.50
2016.05.16 01:15:52.179,1.2299,1.22998,1.00,3.07
2016.05.16 01:15:52.483,1.22992,1.22999,1.00,1.00
2016.05.16 01:15:53.075,1.22991,1.22999,1.25,1.00
2016.05.16 01:15:53.333,1.22991,1.23001,1.25,3.37
2016.05.16 01:15:53.940,1.22992,1.23,1.00,1.00
2016.05.16 01:15:54.577,1.22991,1.23,1.25,1.00
2016.05.16 01:15:56.356,1.22992,1.23001,1.00,2.25
2016.05.16 01:15:56.813,1.22993,1.23002,1.00,2.02
2016.05.16 01:15:57.016,1.22993,1.23003,2.44,2.62
2016.05.16 01:15:57.542,1.22994,1.23004,1.19,2.25
2016.05.16 01:15:58.265,1.23,1.23004,1.00,1.50
2016.05.16 01:15:58.417,1.23002,1.23005,1.00,1.00
2016.05.16 01:15:58.569,1.23004,1.23007,1.00,1.50
2016.05.16 01:15:58.771,1.23005,1.2301,2.25,1.27
2016.05.16 01:15:58.873,1.23005,1.23012,2.25,1.95
2016.05.16 01:15:58.924,1.23007,1.23012,1.00,1.20
2016.05.16 01:15:59.475,1.23008,1.23013,1.00,3.64
2016.05.16 01:15:59.992,1.23009,1.23014,2.25,1.12
2016.05.16 01:16:00.093,1.23009,1.23016,2.25,1.57
2016.05.16 01:16:00.549,1.2301,1.23019,1.50,3.07
2016.05.16 01:16:01.076,1.23008,1.23019,1.19,3.45
2016.05.16 01:16:01.612,1.23008,1.23019,2.44,4.20
2016.05.16 01:16:02.143,1.23008,1.23018,2.25,1.01
2016.05.16 01:16:03.649,1.23009,1.23018,1.50,2.14
2016.05.16 01:16:04.183,1.23009,1.23018,1.50,1.76
2016.05.16 01:16:04.824,1.23011,1.23019,1.00,1.20
2016.05.16 01:16:05.078,1.23011,1.23021,2.25,1.76
2016.05.16 01:16:05.129,1.23013,1.23021,1.00,1.57
2016.05.16 01:16:05.440,1.23015,1.2302,1.00,1.07
2016.05.16 01:16:05.491,1.23011,1.2302,1.69,2.51
2016.05.16 01:16:06.255,1.2301,1.23018,2.25,1.10
2016.05.16 01:16:07.100,1.2301,1.2302,2.25,1.76
2016.05.16 01:16:07.555,1.23012,1.23019,1.00,1.00
2016.05.16 01:16:08.066,1.23011,1.2302,2.44,1.00
2016.05.16 01:16:08.603,1.23012,1.23021,1.50,1.20
2016.05.16 01:16:08.907,1.23015,1.23024,1.50,2.25
2016.05.16 01:16:10.474,1.23015,1.23021,1.50,1.00
2016.05.16 01:16:11.469,1.23015,1.2302,2.25,3.75
2016.05.16 01:16:11.571,1.23012,1.2302,1.69,3.00
2016.05.16 01:16:12.078,1.23011,1.23019,1.50,1.50
2016.05.16 01:16:12.768,1.2301,1.23018,1.69,2.51
2016.05.16 01:16:15.853,1.23012,1.23018,1.00,1.32
2016.05.16 01:16:16.973,1.23012,1.23019,2.44,1.07
2016.05.16 01:16:17.426,1.23014,1.23021,1.00,2.44
2016.05.16 01:16:17.933,1.23013,1.23022,2.25,1.50
2016.05.16 01:16:18.551,1.23015,1.23022,1.00,2.25
2016.05.16 01:16:19.092,1.23014,1.23022,1.00,2.62
2016.05.16 01:16:19.868,1.23013,1.23022,1.00,4.12
2016.05.16 01:16:20.383,1.23015,1.23022,1.00,4.50
2016.05.16 01:16:21.151,1.23014,1.23022,2.25,1.50
2016.05.16 01:16:21.916,1.23015,1.23022,1.00,1.87
2016.05.16 01:16:22.118,1.23013,1.2302,1.50,1.50
2016.05.16 01:16:22.371,1.23012,1.23019,1.25,2.25
2016.05.16 01:16:22.675,1.23015,1.2302,2.25,1.10
2016.05.16 01:16:22.877,1.23016,1.23023,1.00,1.69
2016.05.16 01:16:23.381,1.23015,1.23024,1.65,1.46
2016.05.16 01:16:24.652,1.23014,1.23021,2.25,1.00
2016.05.16 01:16:24.804,1.23013,1.23021,1.09,1.00
2016.05.16 01:16:25.231,1.23014,1.23022,2.21,1.00
2016.05.16 01:16:25.293,1.23017,1.23025,1.31,2.96
2016.05.16 01:16:25.345,1.23017,1.23025,1.56,1.31
2016.05.16 01:16:25.446,1.23018,1.23026,1.66,1.50
2016.05.16 01:16:25.954,1.2302,1.23026,2.14,1.00
2016.05.16 01:16:26.308,1.23021,1.23028,1.95,1.00
2016.05.16 01:16:26.358,1.23021,1.23028,4.95,1.00
2016.05.16 01:16:26.517,1.23023,1.2303,2.51,1.00
2016.05.16 01:16:26.770,1.23025,1.23033,1.39,1.25
2016.05.16 01:16:28.962,1.23025,1.23035,3.82,2.32
2016.05.16 01:16:29.468,1.23027,1.23036,2.81,1.84
2016.05.16 01:16:30.328,1.23027,1.23035,2.81,1.00
2016.05.16 01:16:32.194,1.23029,1.23035,1.00,1.00
2016.05.16 01:16:32.884,1.2303,1.23035,1.00,1.00
2016.05.16 01:16:33.238,1.23031,1.23037,1.00,1.87
2016.05.16 01:16:34.642,1.2303,1.23037,2.25,1.50
2016.05.16 01:16:35.640,1.2303,1.23034,1.50,1.00
2016.05.16 01:16:35.691,1.23027,1.23034,3.19,1.00
2016.05.16 01:16:35.742,1.23027,1.23032,3.19,1.00
2016.05.16 01:16:35.843,1.23024,1.23031,3.34,1.50
2016.05.16 01:16:35.995,1.23022,1.23029,1.00,1.10
2016.05.16 01:16:36.326,1.23024,1.2303,1.00,4.12
2016.05.16 01:16:36.680,1.23026,1.23031,1.00,3.00
2016.05.16 01:16:38.399,1.23025,1.23031,1.00,3.75
2016.05.16 01:16:39.499,1.23024,1.2303,1.00,1.20
2016.05.16 01:16:39.805,1.23022,1.2303,1.20,1.65
2016.05.16 01:16:39.957,1.23021,1.23027,1.22,1.50
2016.05.16 01:16:40.159,1.23018,1.23025,1.69,1.50
2016.05.16 01:16:41.158,1.23017,1.23025,1.25,1.07
2016.05.16 01:16:41.259,1.23016,1.23023,1.50,1.75
2016.05.16 01:16:41.411,1.23014,1.23021,1.69,1.07
2016.05.16 01:16:41.614,1.23016,1.2302,1.00,2.70
2016.05.16 01:16:41.765,1.23017,1.23022,1.00,1.32
2016.05.16 01:16:41.939,1.23019,1.23025,1.00,2.62
2016.05.16 01:16:41.990,1.23019,1.23025,1.00,1.20
2016.05.16 01:16:42.496,1.2302,1.23026,1.00,2.25
2016.05.16 01:16:43.002,1.23021,1.23027,1.00,1.07
2016.05.16 01:16:43.532,1.23022,1.23027,1.00,1.07
2016.05.16 01:16:44.052,1.23022,1.23028,1.00,1.57
2016.05.16 01:16:44.565,1.23023,1.23028,1.00,1.57
2016.05.16 01:16:45.226,1.23021,1.23028,1.19,1.57
2016.05.16 01:16:45.278,1.23021,1.23024,1.19,1.00
2016.05.16 01:16:45.430,1.23016,1.23024,3.26,1.00
2016.05.16 01:16:45.583,1.23017,1.23023,1.19,1.50
2016.05.16 01:16:46.352,1.23018,1.23024,1.25,1.07
2016.05.16 01:16:46.858,1.23019,1.23024,1.00,1.07
2016.05.16 01:16:47.362,1.2302,1.23025,1.00,1.50
2016.05.16 01:16:47.666,1.23023,1.2303,1.00,3.00
2016.05.16 01:16:48.171,1.23024,1.23031,2.25,1.50
2016.05.16 01:16:48.475,1.23026,1.23032,1.00,1.07
2016.05.16 01:16:48.848,1.23028,1.23032,1.00,1.07
2016.05.16 01:16:49.101,1.2303,1.23035,2.25,1.57
2016.05.16 01:16:49.354,1.2303,1.23037,2.25,2.25
2016.05.16 01:16:49.859,1.2303,1.23034,1.50,1.12
2016.05.16 01:16:49.910,1.23028,1.23034,1.00,2.06
2016.05.16 01:16:50.449,1.23026,1.23033,1.19,1.69
2016.05.16 01:16:50.955,1.23026,1.23031,1.19,1.00
2016.05.16 01:16:51.469,1.23027,1.2303,1.25,1.00
2016.05.16 01:16:53.310,1.23025,1.23031,1.19,1.00
2016.05.16 01:16:53.879,1.23025,1.23032,1.19,1.65
2016.05.16 01:16:54.133,1.23029,1.23033,1.00,3.19
2016.05.16 01:16:54.285,1.23029,1.23035,1.25,1.57
2016.05.16 01:16:54.438,1.23031,1.23035,1.00,1.10
2016.05.16 01:16:54.945,1.23031,1.23037,1.00,1.26
2016.05.16 01:16:55.497,1.23032,1.23038,1.25,1.50
2016.05.16 01:16:56.021,1.23033,1.23039,1.00,2.44
2016.05.16 01:16:56.332,1.23036,1.23042,1.00,2.44
2016.05.16 01:16:56.638,1.23038,1.23044,1.25,1.07
2016.05.16 01:16:57.156,1.23037,1.23045,1.76,1.57
2016.05.16 01:16:57.365,1.2304,1.23045,1.00,1.10
2016.05.16 01:16:57.517,1.23041,1.23049,1.00,2.32
2016.05.16 01:16:58.505,1.23041,1.23047,1.10,1.00
2016.05.16 01:16:58.607,1.2304,1.23042,1.57,1.00
2016.05.16 01:16:58.708,1.23037,1.2304,1.00,1.50
2016.05.16 01:16:58.760,1.23034,1.23038,1.76,1.00
2016.05.16 01:16:58.862,1.23032,1.23039,1.00,4.12
2016.05.16 01:16:59.217,1.23034,1.23039,1.00,1.00
2016.05.16 01:16:59.319,1.23031,1.23039,1.76,1.50
2016.05.16 01:16:59.415,1.23031,1.23039,1.25,2.25
2016.05.16 01:16:59.518,1.23029,1.23036,1.10,1.10
2016.05.16 01:16:59.670,1.23028,1.23035,2.44,1.07
2016.05.16 01:17:00.176,1.23028,1.23033,1.25,1.00
2016.05.16 01:17:00.867,1.23025,1.23034,4.76,1.10
2016.05.16 01:17:01.171,1.23026,1.2303,1.19,1.00
2016.05.16 01:17:01.590,1.23025,1.23033,2.51,1.00
2016.05.16 01:17:02.825,1.23025,1.23034,4.76,1.57
2016.05.16 01:17:03.027,1.23025,1.23034,1.76,1.10
2016.05.16 01:17:07.576,1.23025,1.23033,1.01,1.50
2016.05.16 01:17:07.677,1.23023,1.23031,1.76,1.50
2016.05.16 01:17:07.728,1.23023,1.2303,1.20,1.00
2016.05.16 01:17:07.830,1.23021,1.23028,1.09,1.00
2016.05.16 01:17:08.032,1.23018,1.23027,2.51,1.10
2016.05.16 01:17:08.200,1.23018,1.23026,1.01,2.25
2016.05.16 01:17:08.504,1.23015,1.23023,1.69,1.07
2016.05.16 01:17:08.757,1.23013,1.2302,1.69,1.10
2016.05.16 01:17:08.960,1.23015,1.23019,1.00,1.00
2016.05.16 01:17:09.112,1.23016,1.23021,1.00,1.32
2016.05.16 01:17:09.214,1.23019,1.23021,1.00,1.10
2016.05.16 01:17:09.352,1.23017,1.23023,1.00,1.00
2016.05.16 01:17:09.453,1.23017,1.23026,2.25,2.32
2016.05.16 01:17:09.958,1.23017,1.23024,2.25,1.00
2016.05.16 01:17:10.060,1.23017,1.23022,1.50,1.00
2016.05.16 01:17:10.262,1.23014,1.23021,1.00,1.50
2016.05.16 01:17:10.363,1.23018,1.23021,1.00,1.50
2016.05.16 01:17:10.516,1.23018,1.23024,1.19,1.50
2016.05.16 01:17:10.618,1.23019,1.23027,1.25,1.50
2016.05.16 01:17:11.124,1.2302,1.23027,1.50,1.50
2016.05.16 01:17:11.377,1.2302,1.23024,1.00,1.00
2016.05.16 01:17:11.683,1.23012,1.23018,1.50,1.20
2016.05.16 01:17:11.896,1.2301,1.23017,1.69,1.57
2016.05.16 01:17:12.254,1.2301,1.23019,2.06,2.32
2016.05.16 01:17:12.759,1.23012,1.23019,1.00,1.10
2016.05.16 01:17:13.322,1.23011,1.23019,1.25,1.10
2016.05.16 01:17:13.424,1.23012,1.23017,1.00,1.00
2016.05.16 01:17:13.833,1.23013,1.2302,1.00,1.12
2016.05.16 01:17:13.884,1.23016,1.23021,1.00,1.57
2016.05.16 01:17:14.137,1.2302,1.23025,1.50,1.50
2016.05.16 01:17:14.289,1.23021,1.23027,1.00,1.00
2016.05.16 01:17:14.340,1.23023,1.23027,1.00,1.00
2016.05.16 01:17:14.669,1.23023,1.2303,1.00,1.00
2016.05.16 01:17:15.073,1.23024,1.23032,1.50,1.00
2016.05.16 01:17:15.477,1.23026,1.23034,1.00,1.87
2016.05.16 01:17:16.162,1.23026,1.23035,1.00,1.20
2016.05.16 01:17:16.668,1.23028,1.23036,1.00,3.94
2016.05.16 01:17:16.870,1.23029,1.23038,2.25,1.12
2016.05.16 01:17:17.283,1.23028,1.23035,1.09,1.00
2016.05.16 01:17:17.816,1.23028,1.23036,1.01,1.00
2016.05.16 01:17:18.321,1.23028,1.23037,1.01,1.10
2016.05.16 01:17:18.826,1.23029,1.23038,1.00,2.32
2016.05.16 01:17:19.850,1.2303,1.23038,1.00,1.57
2016.05.16 01:17:20.153,1.23031,1.23039,1.10,1.01
2016.05.16 01:17:20.204,1.2303,1.23037,2.40,1.00
2016.05.16 01:17:20.367,1.23028,1.23037,1.09,1.65
2016.05.16 01:17:20.418,1.23029,1.23038,1.00,3.75
2016.05.16 01:17:20.882,1.23029,1.23037,1.00,1.57
2016.05.16 01:17:21.389,1.2303,1.23037,1.00,1.10
2016.05.16 01:17:21.641,1.23028,1.23037,1.01,1.57
2016.05.16 01:17:22.134,1.23027,1.23035,1.76,1.00
2016.05.16 01:17:22.438,1.23025,1.23033,2.44,1.50
2016.05.16 01:17:23.919,1.23026,1.23035,1.20,3.75
2016.05.16 01:17:24.222,1.23027,1.23036,2.44,1.00
2016.05.16 01:17:24.526,1.23029,1.23038,1.10,1.57
2016.05.16 01:17:25.937,1.23027,1.23038,4.31,1.50
2016.05.16 01:17:29.074,1.23029,1.23038,1.56,2.25
2016.05.16 01:17:29.553,1.23032,1.23038,1.56,1.50
2016.05.16 01:17:29.604,1.23032,1.2304,1.56,3.34
2016.05.16 01:17:29.655,1.23033,1.2304,1.81,1.65
2016.05.16 01:17:29.808,1.23034,1.23042,1.57,1.10
2016.05.16 01:17:29.960,1.23034,1.23043,2.70,2.70
2016.05.16 01:17:30.062,1.23034,1.23042,1.20,1.10
2016.05.16 01:17:30.368,1.23028,1.23038,6.19,2.25
2016.05.16 01:17:30.463,1.23028,1.23037,4.57,1.07
2016.05.16 01:17:30.567,1.23028,1.23035,1.57,2.32
2016.05.16 01:17:30.618,1.23027,1.23033,2.25,1.00
2016.05.16 01:17:31.075,1.23029,1.23035,1.81,1.50
2016.05.16 01:17:31.127,1.2303,1.23037,1.56,1.07
2016.05.16 01:17:31.631,1.2303,1.23038,1.56,1.07
2016.05.16 01:17:32.138,1.2303,1.23039,2.40,1.50
2016.05.16 01:17:33.682,1.2303,1.23039,2.59,2.25
2016.05.16 01:17:34.517,1.23029,1.23037,1.69,1.00
2016.05.16 01:17:34.619,1.23028,1.23037,2.62,1.20
2016.05.16 01:17:35.137,1.23027,1.23036,3.26,1.10
2016.05.16 01:17:36.166,1.23026,1.23036,1.39,1.95
2016.05.16 01:17:37.873,1.23026,1.23034,1.07,1.00
2016.05.16 01:17:38.226,1.23026,1.23032,1.07,1.00
2016.05.16 01:17:38.328,1.23023,1.23033,3.56,1.20
2016.05.16 01:17:40.249,1.23023,1.23032,2.44,1.00
2016.05.16 01:17:40.299,1.23023,1.2303,1.50,1.00
2016.05.16 01:17:40.451,1.23022,1.2303,1.65,2.25
2016.05.16 01:17:46.945,1.23023,1.2303,1.12,1.65
2016.05.16 01:17:47.047,1.23023,1.23033,2.62,2.21
2016.05.16 01:17:47.199,1.23023,1.23033,3.00,1.39
2016.05.16 01:17:48.431,1.23025,1.23034,1.57,1.76
2016.05.16 01:17:48.532,1.23028,1.23034,1.00,1.69
2016.05.16 01:17:48.684,1.23029,1.23036,1.00,1.00
2016.05.16 01:17:49.198,1.23029,1.23037,1.07,3.19
2016.05.16 01:17:49.720,1.23029,1.23036,1.07,1.50
2016.05.16 01:17:50.271,1.23028,1.23036,1.07,1.50
2016.05.16 01:17:50.773,1.23028,1.23037,1.57,2.51
2016.05.16 01:17:51.278,1.2303,1.23038,1.20,2.14
2016.05.16 01:17:51.808,1.2303,1.23039,3.07,1.76
2016.05.16 01:17:53.590,1.2303,1.23039,1.57,1.57
2016.05.16 01:17:55.113,1.2303,1.23037,1.07,1.00
2016.05.16 01:17:55.215,1.2303,1.23035,1.07,1.00
2016.05.16 01:17:55.421,1.23026,1.23033,1.50,1.00
2016.05.16 01:17:55.522,1.23025,1.23031,1.07,1.00
2016.05.16 01:17:55.685,1.23023,1.23031,3.26,1.00
2016.05.16 01:17:56.251,1.23023,1.23032,2.14,1.00
2016.05.16 01:17:56.760,1.23023,1.23031,1.39,1.00
2016.05.16 01:18:00.520,1.23023,1.23029,1.20,1.00
2016.05.16 01:18:00.672,1.23021,1.23029,2.25,1.00
2016.05.16 01:18:01.679,1.23021,1.23029,2.06,1.00
2016.05.16 01:18:02.205,1.23021,1.2303,2.81,1.20
2016.05.16 01:18:02.714,1.23022,1.23031,3.19,1.09
2016.05.16 01:18:03.218,1.23022,1.2303,2.44,1.00
2016.05.16 01:18:03.522,1.23023,1.23032,1.76,2.44
2016.05.16 01:18:03.826,1.23024,1.23034,1.20,3.82
2016.05.16 01:18:03.876,1.23023,1.23034,5.70,2.70
2016.05.16 01:18:04.393,1.23023,1.23032,4.95,1.00
2016.05.16 01:18:04.903,1.23024,1.23033,1.66,1.20
2016.05.16 01:18:05.712,1.23025,1.23034,3.37,2.32
2016.05.16 01:18:06.079,1.23026,1.23035,2.81,2.59
2016.05.16 01:18:06.708,1.23026,1.23035,2.06,1.46
2016.05.16 01:18:06.759,1.23026,1.23033,2.06,1.00
2016.05.16 01:18:07.314,1.23024,1.23034,2.21,1.50
2016.05.16 01:18:08.300,1.23023,1.23034,4.12,1.87
2016.05.16 01:18:12.978,1.23023,1.23034,2.77,2.06
2016.05.16 01:18:13.534,1.23023,1.23032,1.56,2.06
2016.05.16 01:18:14.370,1.23023,1.23032,1.56,3.19
2016.05.16 01:18:15.029,1.23021,1.23029,4.12,1.00
2016.05.16 01:18:15.080,1.23021,1.23027,3.37,1.00
2016.05.16 01:18:15.131,1.23021,1.23027,1.22,1.00
2016.05.16 01:18:15.182,1.2302,1.23027,1.31,1.25
2016.05.16 01:18:15.288,1.2302,1.23024,1.31,1.00
2016.05.16 01:18:15.348,1.23018,1.23026,3.19,1.20
2016.05.16 01:18:15.753,1.23017,1.23026,1.84,1.25
2016.05.16 01:18:16.209,1.23018,1.23024,1.07,1.00
2016.05.16 01:18:16.310,1.23016,1.23024,2.06,1.00
2016.05.16 01:18:16.842,1.23015,1.23024,2.25,1.00
2016.05.16 01:18:18.509,1.23015,1.23024,2.25,1.00
2016.05.16 01:18:19.014,1.23018,1.23025,1.87,1.50
2016.05.16 01:18:19.255,1.23019,1.23028,2.81,2.06
2016.05.16 01:18:20.115,1.23021,1.23028,1.12,1.25
2016.05.16 01:18:20.672,1.23021,1.23029,1.57,1.00
2016.05.16 01:18:21.343,1.23021,1.2303,2.32,1.50
2016.05.16 01:18:21.954,1.23021,1.23029,1.64,1.00
2016.05.16 01:18:22.216,1.2302,1.23028,2.89,1.00
2016.05.16 01:18:22.805,1.2302,1.23025,1.64,1.00
2016.05.16 01:18:22.856,1.2302,1.23025,1.64,1.00
2016.05.16 01:18:23.008,1.23018,1.23023,1.27,1.00
2016.05.16 01:18:23.261,1.23016,1.2302,1.69,2.25
2016.05.16 01:18:23.363,1.23015,1.23018,1.56,1.00
2016.05.16 01:18:23.414,1.23013,1.23018,2.62,1.00
2016.05.16 01:18:23.515,1.2301,1.23017,3.64,1.00
2016.05.16 01:18:23.835,1.2301,1.23017,2.51,1.00
2016.05.16 01:18:23.887,1.23011,1.2302,1.56,2.51
2016.05.16 01:18:23.938,1.23012,1.2302,1.12,2.44
2016.05.16 01:18:24.443,1.23012,1.23021,2.77,1.00
2016.05.16 01:18:25.114,1.23012,1.23022,2.02,1.20
2016.05.16 01:18:25.637,1.23012,1.23022,1.09,1.20
2016.05.16 01:18:26.078,1.23013,1.2302,1.69,1.00
2016.05.16 01:18:26.584,1.23011,1.23019,4.87,1.00
2016.05.16 01:18:27.021,1.2301,1.23016,4.50,1.00
2016.05.16 01:18:27.123,1.2301,1.23018,1.76,1.00
2016.05.16 01:18:28.003,1.23009,1.23017,1.76,1.00
2016.05.16 01:18:28.281,1.2301,1.23019,1.66,1.10
2016.05.16 01:18:29.325,1.2301,1.23017,1.66,1.00
2016.05.16 01:18:29.629,1.23009,1.23014,1.00,1.00
2016.05.16 01:18:29.831,1.23009,1.23016,1.00,1.00
2016.05.16 01:18:30.374,1.2301,1.23016,1.00,1.00
2016.05.16 01:18:31.222,1.23013,1.23016,1.00,1.00
2016.05.16 01:18:31.324,1.23011,1.23017,1.00,1.09
2016.05.16 01:18:31.630,1.23013,1.23018,1.00,3.19
2016.05.16 01:18:31.934,1.23015,1.23022,1.00,1.01
2016.05.16 01:18:32.036,1.23015,1.23021,1.00,1.07
2016.05.16 01:18:32.541,1.23015,1.23022,1.39,1.69
2016.05.16 01:18:32.947,1.23016,1.23024,1.32,1.31
2016.05.16 01:18:33.252,1.23015,1.23025,5.95,1.65
2016.05.16 01:18:33.303,1.23015,1.23023,3.70,1.00
2016.05.16 01:18:33.556,1.23015,1.23025,2.95,2.40
2016.05.16 01:18:34.110,1.23018,1.23027,1.14,3.64
2016.05.16 01:18:34.755,1.23018,1.23027,1.32,3.64
2016.05.16 01:18:35.361,1.23021,1.23028,1.42,1.22
2016.05.16 01:18:35.412,1.23021,1.2303,1.52,1.65
2016.05.16 01:18:35.556,1.23026,1.23031,1.14,1.31
2016.05.16 01:18:35.660,1.23026,1.23034,1.14,1.69
2016.05.16 01:18:36.115,1.23027,1.23036,1.18,1.12
2016.05.16 01:18:36.641,1.23027,1.23036,1.32,1.12
2016.05.16 01:18:38.568,1.23026,1.23034,2.01,1.12
2016.05.16 01:18:38.836,1.23023,1.23031,3.00,1.00
2016.05.16 01:18:38.937,1.23022,1.23031,2.54,1.00
2016.05.16 01:18:41.201,1.23022,1.23029,2.16,1.00
2016.05.16 01:18:41.506,1.23017,1.23027,4.34,1.00
2016.05.16 01:18:42.868,1.23018,1.23027,1.28,1.00
2016.05.16 01:18:43.857,1.23017,1.23026,2.89,1.00
2016.05.16 01:18:44.160,1.23015,1.23025,1.32,1.20
2016.05.16 01:18:44.212,1.23014,1.23025,2.70,3.64
2016.05.16 01:18:44.515,1.23012,1.23021,1.76,1.10
2016.05.16 01:18:44.667,1.23011,1.2302,2.51,1.00
2016.05.16 01:18:45.715,1.23011,1.23022,1.66,1.95
2016.05.16 01:18:46.221,1.2301,1.2302,3.64,1.00
2016.05.16 01:18:46.272,1.23011,1.23018,1.29,1.00
2016.05.16 01:18:46.501,1.23009,1.23018,2.62,1.00
2016.05.16 01:18:46.653,1.23009,1.23016,3.37,1.00
2016.05.16 01:18:46.855,1.23007,1.23015,3.71,1.00
2016.05.16 01:18:47.057,1.23007,1.23013,2.77,1.00
2016.05.16 01:18:47.462,1.23005,1.23012,4.39,1.00
2016.05.16 01:18:47.563,1.23005,1.23007,1.07,1.00
2016.05.16 01:18:47.733,1.23002,1.23008,1.37,1.25
2016.05.16 01:18:47.785,1.23002,1.23005,1.00,1.00
2016.05.16 01:18:47.836,1.23002,1.23007,1.00,1.00
2016.05.16 01:18:47.887,1.23005,1.23007,1.00,1.00
2016.05.16 01:18:48.092,1.23006,1.2301,1.00,2.51
2016.05.16 01:18:48.194,1.23005,1.23008,1.00,1.00
2016.05.16 01:18:48.245,1.23,1.23008,2.32,1.00
2016.05.16 01:18:48.448,1.22998,1.23007,4.12,1.00
2016.05.16 01:18:48.701,1.22997,1.23004,1.62,1.00
2016.05.16 01:18:49.090,1.22995,1.23001,1.75,1.00
2016.05.16 01:18:49.192,1.22993,1.23001,2.25,1.00
2016.05.16 01:18:49.799,1.22993,1.23002,1.20,1.25
2016.05.16 01:18:50.327,1.22992,1.23001,4.87,1.00
2016.05.16 01:18:50.877,1.22993,1.23002,1.20,1.25
2016.05.16 01:18:51.416,1.22994,1.23003,1.00,1.39
2016.05.16 01:18:56.643,1.22995,1.23004,1.00,2.44
2016.05.16 01:18:56.744,1.22997,1.23004,1.00,2.44
2016.05.16 01:18:56.947,1.22999,1.23006,1.00,1.20
2016.05.16 01:18:57.452,1.23,1.23009,1.12,1.76
2016.05.16 01:18:59.363,1.23,1.2301,3.37,5.06
2016.05.16 01:18:59.414,1.23,1.2301,3.75,4.31
2016.05.16 01:18:59.945,1.23002,1.23011,1.00,1.82
2016.05.16 01:19:00.451,1.23003,1.23012,1.00,3.19
2016.05.16 01:19:00.804,1.23001,1.23012,1.65,2.57
2016.05.16 01:19:02.389,1.23003,1.23012,1.00,2.57
2016.05.16 01:19:02.697,1.23001,1.2301,1.65,1.39
2016.05.16 01:19:04.817,1.23001,1.2301,1.00,1.60
2016.05.16 01:19:05.870,1.23001,1.2301,1.00,2.59
2016.05.16 01:19:06.375,1.23,1.23009,2.77,1.00
2016.05.16 01:19:06.938,1.23,1.23009,2.77,1.00
2016.05.16 01:19:08.714,1.23,1.23009,2.02,1.00
2016.05.16 01:19:08.898,1.23,1.23009,2.77,1.00
2016.05.16 01:19:14.540,1.23,1.23011,1.27,5.44
2016.05.16 01:19:18.338,1.23,1.23009,6.15,1.00
2016.05.16 01:19:19.005,1.23,1.23011,3.15,4.69
2016.05.16 01:19:21.205,1.23003,1.23011,1.00,3.56
2016.05.16 01:19:21.512,1.2301,1.23017,1.00,2.14
2016.05.16 01:19:21.563,1.2301,1.23017,1.00,1.31
2016.05.16 01:19:21.665,1.2301,1.23018,1.00,1.10
2016.05.16 01:19:22.298,1.23011,1.23019,1.00,1.24
2016.05.16 01:19:22.842,1.23012,1.23021,1.00,3.70
2016.05.16 01:19:23.872,1.23012,1.23021,1.00,3.70
2016.05.16 01:19:25.180,1.2301,1.23021,7.20,2.20
2016.05.16 01:19:27.463,1.23014,1.23022,1.00,2.40
2016.05.16 01:19:27.564,1.23015,1.23022,1.00,1.84
2016.05.16 01:19:27.716,1.23016,1.23024,1.56,2.44
2016.05.16 01:19:27.919,1.23016,1.23027,1.56,6.94
2016.05.16 01:19:28.721,1.23022,1.23027,1.00,4.39
2016.05.16 01:19:28.873,1.23024,1.23027,1.31,1.00
2016.05.16 01:19:28.924,1.23024,1.23029,1.31,1.20
2016.05.16 01:19:29.026,1.23022,1.23031,2.14,1.25
2016.05.16 01:19:29.531,1.23025,1.23032,1.00,1.20
2016.05.16 01:19:30.071,1.23025,1.23033,1.00,2.89
2016.05.16 01:19:31.079,1.23027,1.23033,1.31,2.51
2016.05.16 01:19:31.419,1.23024,1.23033,2.32,1.64
2016.05.16 01:19:31.940,1.23024,1.23033,1.50,3.21
2016.05.16 01:19:32.496,1.23023,1.23032,1.00,1.10
2016.05.16 01:19:32.908,1.23021,1.2303,2.70,1.00
2016.05.16 01:19:33.262,1.23025,1.23033,1.00,2.51
2016.05.16 01:19:33.414,1.23025,1.23033,1.69,3.26
2016.05.16 01:19:33.718,1.23029,1.23036,1.25,3.71
2016.05.16 01:19:33.769,1.23028,1.23036,1.19,1.09
2016.05.16 01:19:33.989,1.23028,1.23037,1.44,1.00
2016.05.16 01:19:34.193,1.23026,1.23036,3.19,1.25
2016.05.16 01:19:34.294,1.23026,1.23033,1.50,1.00
2016.05.16 01:19:34.600,1.23027,1.23032,1.69,1.00
2016.05.16 01:19:34.753,1.23027,1.23035,1.69,1.20
2016.05.16 01:19:35.290,1.23028,1.23037,1.19,2.14
2016.05.16 01:19:35.796,1.23025,1.23034,3.21,1.00
2016.05.16 01:19:35.999,1.23024,1.23033,2.39,1.25
2016.05.16 01:19:36.303,1.23029,1.23034,1.14,1.76
2016.05.16 01:19:36.436,1.2303,1.23037,1.14,2.00
2016.05.16 01:19:36.487,1.23031,1.23037,1.14,1.25
2016.05.16 01:19:36.588,1.23031,1.23039,1.14,1.00
2016.05.16 01:19:36.791,1.2303,1.2304,1.34,1.50
2016.05.16 01:19:36.943,1.2303,1.23039,1.21,1.31
2016.05.16 01:19:37.450,1.23033,1.23039,1.00,2.06
2016.05.16 01:19:37.777,1.23034,1.23042,1.14,1.19
2016.05.16 01:19:38.030,1.23035,1.23044,1.14,3.26
2016.05.16 01:19:38.806,1.23035,1.23043,1.14,1.25
2016.05.16 01:19:39.806,1.23033,1.23042,1.71,1.00
2016.05.16 01:19:40.009,1.23036,1.23044,2.39,1.50
2016.05.16 01:19:40.162,1.23037,1.23046,1.04,1.20
2016.05.16 01:19:40.683,1.23037,1.23045,1.64,1.00
2016.05.16 01:19:40.734,1.23037,1.23042,1.50,1.00
2016.05.16 01:19:40.836,1.23035,1.2304,1.20,1.00
2016.05.16 01:19:41.342,1.23032,1.2304,1.64,1.00
2016.05.16 01:19:41.494,1.23032,1.23038,1.50,1.00
2016.05.16 01:19:41.797,1.23028,1.23035,2.46,2.25
2016.05.16 01:19:42.480,1.23026,1.23033,3.14,1.00
2016.05.16 01:19:43.728,1.23025,1.23033,3.59,1.00
2016.05.16 01:19:44.267,1.23025,1.23032,3.59,1.00
2016.05.16 01:19:44.317,1.23025,1.23032,3.59,1.00
2016.05.16 01:19:44.520,1.23024,1.23031,1.28,1.25
2016.05.16 01:19:46.698,1.23022,1.2303,1.34,1.00
2016.05.16 01:19:47.213,1.23022,1.23031,1.14,2.96
2016.05.16 01:19:49.280,1.2302,1.2303,5.95,1.50
2016.05.16 01:19:49.736,1.2302,1.23031,3.32,4.46
2016.05.16 01:19:50.248,1.23021,1.2303,1.04,1.50
2016.05.16 01:19:50.759,1.23021,1.23031,1.04,3.34
2016.05.16 01:19:50.911,1.23021,1.2303,1.34,1.50
2016.05.16 01:19:51.425,1.23021,1.23031,1.79,1.84
2016.05.16 01:19:51.736,1.23025,1.23032,1.14,1.39
2016.05.16 01:19:52.039,1.23025,1.23034,2.39,1.09
2016.05.16 01:19:53.038,1.23025,1.23036,3.21,1.76
2016.05.16 01:19:53.341,1.23027,1.23037,1.14,1.57
2016.05.16 01:19:53.847,1.23027,1.23038,3.14,4.31
2016.05.16 01:19:54.439,1.2303,1.23038,1.14,2.44
2016.05.16 01:19:55.598,1.2303,1.23039,2.39,4.76
2016.05.16 01:19:56.182,1.23029,1.23038,1.24,3.64
2016.05.16 01:19:56.284,1.23033,1.23038,1.00,2.51
2016.05.16 01:19:56.589,1.23036,1.23041,1.18,1.50
2016.05.16 01:19:56.741,1.23034,1.23043,1.14,1.84
2016.05.16 01:19:57.265,1.23035,1.23044,1.14,4.76
2016.05.16 01:19:59.376,1.23034,1.23042,1.64,1.00
2016.05.16 01:20:00.039,1.23032,1.23041,5.57,1.00
2016.05.16 01:20:00.444,1.23031,1.2304,1.15,1.00
2016.05.16 01:20:00.798,1.23029,1.23037,2.54,1.00
2016.05.16 01:20:01.335,1.2303,1.23038,1.14,1.69
2016.05.16 01:20:01.615,1.23028,1.23038,1.79,1.69
2016.05.16 01:20:01.818,1.23027,1.23035,2.25,1.50
2016.05.16 01:20:02.122,1.23027,1.23035,1.00,2.62
2016.05.16 01:20:02.453,1.23024,1.23033,1.26,1.10
2016.05.16 01:20:03.314,1.23024,1.23033,1.14,1.10
2016.05.16 01:20:03.901,1.23024,1.23035,1.14,5.62
2016.05.16 01:20:09.330,1.23027,1.23034,1.56,1.07
2016.05.16 01:20:09.431,1.23029,1.23036,1.00,2.14
2016.05.16 01:20:09.837,1.23027,1.23036,1.25,3.26
2016.05.16 01:20:09.989,1.23025,1.23034,2.44,1.57
2016.05.16 01:20:10.495,1.23023,1.23033,1.85,2.32
2016.05.16 01:20:14.261,1.23024,1.23033,1.50,1.07
2016.05.16 01:20:14.873,1.23025,1.23033,1.50,1.07
2016.05.16 01:20:16.270,1.23024,1.23033,1.31,1.07
2016.05.16 01:20:17.303,1.23025,1.23033,1.00,1.07
2016.05.16 01:20:18.537,1.23025,1.23034,1.31,1.57
2016.05.16 01:20:19.048,1.23025,1.23034,1.31,1.27
2016.05.16 01:20:19.351,1.2303,1.23039,1.31,4.76
2016.05.16 01:20:19.605,1.23032,1.23041,1.31,3.19
2016.05.16 01:20:20.123,1.23033,1.23042,1.00,3.64
2016.05.16 01:20:23.150,1.23033,1.23039,1.00,1.00
2016.05.16 01:20:23.689,1.23031,1.23039,2.51,1.00
2016.05.16 01:20:26.242,1.2303,1.23039,3.00,1.46
2016.05.16 01:20:26.293,1.23028,1.23036,1.87,1.00
2016.05.16 01:20:26.546,1.23027,1.23035,2.25,1.01
2016.05.16 01:20:26.698,1.23027,1.23034,1.00,1.50
2016.05.16 01:20:27.112,1.23027,1.23032,1.50,1.31
2016.05.16 01:20:27.415,1.23024,1.23031,1.00,1.20
2016.05.16 01:20:27.466,1.23022,1.23031,1.87,1.57
2016.05.16 01:20:30.754,1.23022,1.2303,1.50,1.07
2016.05.16 01:20:32.104,1.23022,1.2303,1.81,1.07
2016.05.16 01:20:34.142,1.23023,1.2303,1.56,1.07
2016.05.16 01:20:36.856,1.23023,1.2303,1.31,1.50
2016.05.16 01:20:38.132,1.23023,1.2303,1.56,1.50
2016.05.16 01:20:42.313,1.23025,1.2303,1.56,1.50
2016.05.16 01:20:45.502,1.23024,1.23031,3.75,1.50
2016.05.16 01:20:47.419,1.23026,1.23031,3.00,1.50
2016.05.16 01:20:47.622,1.23028,1.23035,3.37,1.95
2016.05.16 01:20:47.724,1.23029,1.23037,1.56,1.07
2016.05.16 01:20:47.956,1.2303,1.23038,1.56,1.09
2016.05.16 01:20:48.057,1.23034,1.23038,1.00,1.09
2016.05.16 01:20:48.565,1.23032,1.23038,1.56,1.07
2016.05.16 01:20:48.869,1.23033,1.23038,3.00,1.10
2016.05.16 01:20:49.407,1.23033,1.23039,3.00,1.50
2016.05.16 01:20:50.041,1.23034,1.23039,3.00,1.50
2016.05.16 01:20:50.142,1.23034,1.23041,3.00,1.50
2016.05.16 01:20:51.621,1.23035,1.23041,3.00,1.50
2016.05.16 01:20:56.841,1.23034,1.23041,3.00,1.50
2016.05.16 01:20:59.231,1.23035,1.23041,3.00,1.50
2016.05.16 01:21:01.329,1.23034,1.23041,3.00,1.50
2016.05.16 01:21:02.431,1.23032,1.23041,2.81,2.25
2016.05.16 01:21:02.934,1.23031,1.2304,3.19,4.50
2016.05.16 01:21:03.137,1.23036,1.2304,3.00,1.50
2016.05.16 01:21:03.238,1.23036,1.23041,3.00,1.00
2016.05.16 01:21:03.441,1.23036,1.23044,3.75,1.69
2016.05.16 01:21:09.747,1.23035,1.23044,4.50,1.69
2016.05.16 01:21:10.183,1.23037,1.23044,3.00,1.69
2016.05.16 01:21:13.077,1.23035,1.23044,3.00,2.44
2016.05.16 01:21:13.625,1.23035,1.23043,3.00,1.39
2016.05.16 01:21:15.290,1.23032,1.23042,1.87,1.95
2016.05.16 01:21:15.795,1.23032,1.2304,1.87,1.50
2016.05.16 01:21:16.861,1.23032,1.2304,3.94,1.50
2016.05.16 01:21:18.089,1.2303,1.23038,2.51,1.10
2016.05.16 01:21:18.241,1.23027,1.23035,6.82,1.00
2016.05.16 01:21:18.613,1.23026,1.23034,3.19,1.57
2016.05.16 01:21:18.969,1.23025,1.23034,1.82,1.57
2016.05.16 01:21:22.660,1.23025,1.23034,3.70,1.57
2016.05.16 01:21:23.165,1.23023,1.23032,3.51,1.20
2016.05.16 01:21:23.882,1.23023,1.23032,1.39,1.20
2016.05.16 01:21:24.487,1.23024,1.23033,1.14,2.25
2016.05.16 01:21:32.658,1.23025,1.23033,1.14,2.25
2016.05.16 01:21:39.266,1.23024,1.23033,1.14,2.25
2016.05.16 01:21:40.783,1.23024,1.23033,1.14,2.62
2016.05.16 01:21:40.935,1.23023,1.23029,1.39,1.00
2016.05.16 01:21:40.986,1.23023,1.2303,1.39,1.87
2016.05.16 01:21:41.087,1.23024,1.23028,1.00,1.50
2016.05.16 01:21:41.189,1.23022,1.23027,1.00,1.50
2016.05.16 01:21:41.410,1.23016,1.23023,2.95,1.00
2016.05.16 01:21:41.917,1.23015,1.23022,2.76,1.00
2016.05.16 01:21:42.567,1.23013,1.23022,2.35,1.00
2016.05.16 01:21:42.887,1.23012,1.23022,3.77,1.50
2016.05.16 01:21:43.141,1.23011,1.23019,4.71,1.00
2016.05.16 01:21:45.044,1.23011,1.23018,2.57,1.00
2016.05.16 01:21:45.549,1.2301,1.23017,2.57,1.00
2016.05.16 01:21:47.028,1.2301,1.23018,2.57,1.20
2016.05.16 01:21:47.534,1.23009,1.23018,5.91,1.20
2016.05.16 01:21:50.402,1.23009,1.23017,5.21,1.00
2016.05.16 01:21:51.406,1.23009,1.23017,1.27,1.00
2016.05.16 01:21:56.278,1.23009,1.23018,2.62,1.57
2016.05.16 01:21:58.030,1.2301,1.23018,1.31,1.57
2016.05.16 01:22:02.393,1.23009,1.23018,2.70,1.10
2016.05.16 01:22:03.195,1.23009,1.23018,2.70,1.10
2016.05.16 01:22:05.011,1.23009,1.23018,2.70,1.10
2016.05.16 01:22:06.795,1.23008,1.23017,5.32,1.00
2016.05.16 01:22:07.300,1.23009,1.23018,2.62,1.00
2016.05.16 01:22:07.847,1.23009,1.23018,2.62,1.00
2016.05.16 01:22:08.559,1.2301,1.23019,1.56,1.20
2016.05.16 01:22:09.064,1.2301,1.23019,1.25,1.20
2016.05.16 01:22:09.178,1.23013,1.2302,1.00,6.56
2016.05.16 01:22:09.482,1.23016,1.23025,1.76,2.40
2016.05.16 01:22:10.013,1.23017,1.23026,2.14,1.50
2016.05.16 01:22:12.368,1.23017,1.23025,1.39,1.00
2016.05.16 01:22:12.873,1.23015,1.23024,1.56,1.87
2016.05.16 01:22:13.409,1.23015,1.23023,1.56,1.00
2016.05.16 01:22:13.926,1.23015,1.23024,1.56,1.87
2016.05.16 01:22:15.852,1.23014,1.23023,1.65,1.00
2016.05.16 01:22:15.903,1.23014,1.23023,1.09,1.00
2016.05.16 01:22:18.774,1.23015,1.23023,1.00,1.00
2016.05.16 01:22:19.642,1.23013,1.23024,3.94,1.12
2016.05.16 01:22:20.109,1.23013,1.23022,2.44,1.31
2016.05.16 01:22:20.415,1.2301,1.23019,3.37,1.56
2016.05.16 01:22:20.951,1.2301,1.23018,1.27,1.31
2016.05.16 01:22:21.624,1.2301,1.23019,2.02,1.31
2016.05.16 01:22:22.132,1.2301,1.23019,3.52,1.31
2016.05.16 01:22:26.027,1.2301,1.2302,2.77,2.96
2016.05.16 01:22:26.610,1.2301,1.2302,1.27,4.46
2016.05.16 01:22:30.188,1.23011,1.2302,1.00,3.29
2016.05.16 01:22:30.716,1.2301,1.23019,4.09,1.00
2016.05.16 01:22:33.429,1.2301,1.23018,1.50,1.12
2016.05.16 01:22:33.993,1.23009,1.23018,3.00,1.87
2016.05.16 01:22:34.529,1.2301,1.23019,1.20,2.54
2016.05.16 01:22:36.409,1.23009,1.23018,1.22,3.00
2016.05.16 01:22:36.460,1.23007,1.23017,3.26,1.03
2016.05.16 01:22:36.763,1.23006,1.23014,2.25,1.00
2016.05.16 01:22:36.917,1.23005,1.23014,1.20,3.10
2016.05.16 01:22:37.463,1.23005,1.23014,1.20,3.85
2016.05.16 01:22:38.007,1.23005,1.23014,1.20,3.10
2016.05.16 01:22:40.905,1.23009,1.23015,1.00,6.56
2016.05.16 01:22:41.209,1.23011,1.23015,1.00,1.00
2016.05.16 01:22:41.828,1.23012,1.23015,1.00,1.00
2016.05.16 01:22:42.031,1.23016,1.23021,1.00,1.87
2016.05.16 01:22:42.233,1.23019,1.23025,1.00,3.07
2016.05.16 01:22:44.263,1.23017,1.23026,1.20,1.60
2016.05.16 01:22:44.769,1.23018,1.23026,1.00,1.97
2016.05.16 01:22:45.850,1.23017,1.23025,1.20,1.00
2016.05.16 01:22:46.235,1.23016,1.23023,1.87,1.00
2016.05.16 01:22:46.437,1.23018,1.23026,1.00,2.44
2016.05.16 01:22:46.972,1.23018,1.23027,1.00,1.60
2016.05.16 01:22:51.089,1.23017,1.23027,1.09,1.60
2016.05.16 01:22:51.611,1.23017,1.23027,1.09,1.46
2016.05.16 01:22:56.336,1.23016,1.23027,3.94,1.97
2016.05.16 01:22:59.319,1.23016,1.23024,2.62,1.00
2016.05.16 01:22:59.829,1.23015,1.23024,2.14,1.00
2016.05.16 01:23:03.948,1.23015,1.23023,1.32,1.00
2016.05.16 01:23:04.453,1.23014,1.23023,1.29,1.76
2016.05.16 01:23:06.188,1.23014,1.23023,2.44,1.69
2016.05.16 01:23:06.636,1.23013,1.23022,1.20,1.84
2016.05.16 01:23:07.161,1.23014,1.23023,1.27,1.65
2016.05.16 01:23:08.189,1.23014,1.23023,1.27,1.09
2016.05.16 01:23:15.379,1.23015,1.23024,1.10,2.32
2016.05.16 01:23:15.632,1.23017,1.23025,1.00,4.50
2016.05.16 01:23:15.734,1.23017,1.23025,1.10,1.12
2016.05.16 01:23:16.239,1.23018,1.23027,1.00,2.62
2016.05.16 01:23:16.969,1.23018,1.23027,1.57,2.25
2016.05.16 01:23:18.936,1.23017,1.23026,2.32,1.25
2016.05.16 01:23:19.466,1.23016,1.23025,2.25,1.00
2016.05.16 01:23:30.250,1.23016,1.23023,2.06,1.12
2016.05.16 01:23:30.401,1.23013,1.23021,2.14,1.00
2016.05.16 01:23:30.554,1.23012,1.23019,1.79,1.00
2016.05.16 01:23:30.605,1.23011,1.23019,1.09,1.00
2016.05.16 01:23:30.807,1.23009,1.23018,1.09,1.31
2016.05.16 01:23:32.179,1.23008,1.23017,3.19,1.00
2016.05.16 01:23:32.706,1.23007,1.23017,1.07,1.39
2016.05.16 01:23:33.776,1.23008,1.23017,1.10,1.57
2016.05.16 01:23:34.167,1.23007,1.23015,1.32,1.56
2016.05.16 01:23:34.369,1.23005,1.23015,4.57,3.64
2016.05.16 01:23:34.899,1.23007,1.23015,1.00,2.62
2016.05.16 01:23:35.405,1.23007,1.23016,1.00,2.06
2016.05.16 01:23:35.918,1.23007,1.23017,1.20,2.44
2016.05.16 01:23:36.510,1.23007,1.23017,1.84,2.44
2016.05.16 01:23:37.384,1.23008,1.23018,2.44,5.51
2016.05.16 01:23:37.435,1.23008,1.23018,3.19,1.27
2016.05.16 01:23:38.114,1.23008,1.23017,3.37,1.00
2016.05.16 01:23:38.636,1.23009,1.23018,1.20,1.20
2016.05.16 01:23:41.866,1.2301,1.23019,1.00,2.44
2016.05.16 01:23:42.402,1.23011,1.2302,1.12,1.57
2016.05.16 01:23:45.000,1.23011,1.2302,1.12,3.07
2016.05.16 01:23:47.759,1.2301,1.23017,4.39,1.00
2016.05.16 01:23:48.165,1.23009,1.23018,1.10,2.44
2016.05.16 01:23:48.673,1.23008,1.23017,3.64,1.00
2016.05.16 01:23:51.418,1.23008,1.23016,1.57,1.31
2016.05.16 01:23:51.570,1.23008,1.23014,1.00,1.10
2016.05.16 01:23:51.874,1.23002,1.23007,1.00,1.31
2016.05.16 01:23:51.925,1.22999,1.23007,1.69,1.31
2016.05.16 01:23:51.977,1.22999,1.23007,1.25,2.44
2016.05.16 01:23:52.089,1.22997,1.23006,1.31,1.57
2016.05.16 01:23:52.769,1.22998,1.23005,1.00,1.50
2016.05.16 01:23:53.022,1.22998,1.23007,1.20,1.46
2016.05.16 01:23:53.914,1.22998,1.23007,1.65,1.76
2016.05.16 01:23:57.304,1.22997,1.23004,2.25,1.31
2016.05.16 01:23:57.455,1.22996,1.23003,1.10,1.00
2016.05.16 01:23:57.985,1.22994,1.23003,1.46,1.00
2016.05.16 01:23:58.492,1.22995,1.23004,1.25,2.06
2016.05.16 01:23:59.241,1.22994,1.23003,1.46,1.00
2016.05.16 01:24:00.196,1.22994,1.23003,2.21,1.56
2016.05.16 01:24:00.414,1.22993,1.23002,1.39,1.56
2016.05.16 01:24:00.617,1.22992,1.23,1.46,1.56
2016.05.16 01:24:01.021,1.2299,1.23,3.94,1.76
2016.05.16 01:24:02.096,1.2299,1.23,2.44,1.76
2016.05.16 01:24:02.299,1.22992,1.23,1.56,1.65
2016.05.16 01:24:02.754,1.22993,1.23004,1.66,3.82
2016.05.16 01:24:04.912,1.22993,1.23004,4.01,2.89
2016.05.16 01:24:05.438,1.22993,1.23003,1.76,2.14
2016.05.16 01:24:05.951,1.22993,1.23003,1.71,1.57
2016.05.16 01:24:07.156,1.22993,1.23002,1.61,1.00
2016.05.16 01:24:08.037,1.22993,1.23004,2.46,2.32
2016.05.16 01:24:08.138,1.22993,1.23004,2.46,2.32
2016.05.16 01:24:08.928,1.22994,1.23001,1.26,1.00
2016.05.16 01:24:09.452,1.22994,1.23002,1.14,1.00
2016.05.16 01:24:09.503,1.22994,1.23002,1.00,1.31
2016.05.16 01:24:09.705,1.22992,1.23,4.01,1.00
2016.05.16 01:24:10.060,1.22992,1.22998,1.32,1.00
2016.05.16 01:24:10.364,1.22989,1.22996,1.69,1.00
2016.05.16 01:24:10.911,1.22987,1.22997,3.34,1.00
2016.05.16 01:24:11.434,1.22987,1.22997,3.34,1.56
2016.05.16 01:24:13.398,1.22988,1.22997,1.31,1.00
2016.05.16 01:24:14.771,1.22989,1.22998,1.56,1.00
2016.05.16 01:24:15.632,1.2299,1.22999,1.31,1.20
2016.05.16 01:24:15.821,1.22991,1.22997,1.00,1.00
2016.05.16 01:24:16.326,1.22988,1.22997,2.21,1.20
2016.05.16 01:24:18.980,1.2299,1.22998,3.56,1.07
2016.05.16 01:24:19.132,1.22991,1.23,1.57,2.40
2016.05.16 01:24:19.536,1.22991,1.22998,4.27,1.00
2016.05.16 01:24:19.670,1.22992,1.23,1.12,1.65
2016.05.16 01:24:20.023,1.22992,1.22998,2.25,1.00
2016.05.16 01:24:20.176,1.22991,1.22998,1.57,1.00
2016.05.16 01:24:20.682,1.2299,1.22997,1.31,1.00
2016.05.16 01:24:20.906,1.2299,1.22995,1.31,1.00
2016.05.16 01:24:21.091,1.2299,1.22997,1.00,1.95
2016.05.16 01:24:21.193,1.22986,1.22997,3.26,1.95
2016.05.16 01:24:21.698,1.22986,1.22995,3.26,1.10
2016.05.16 01:24:23.085,1.22988,1.22996,1.12,1.07
2016.05.16 01:24:23.590,1.22988,1.22997,2.62,2.25
2016.05.16 01:24:27.104,1.22989,1.22997,1.00,1.50
2016.05.16 01:24:29.349,1.22987,1.22997,2.96,1.50
2016.05.16 01:24:33.143,1.22987,1.22997,2.96,1.50
2016.05.16 01:24:33.407,1.22987,1.22994,1.84,1.00
2016.05.16 01:24:33.711,1.22982,1.22989,1.00,1.10
2016.05.16 01:24:34.248,1.22981,1.2299,2.44,1.07
2016.05.16 01:24:34.753,1.22981,1.22991,1.76,1.07
2016.05.16 01:24:35.267,1.22981,1.2299,1.31,1.57
2016.05.16 01:24:36.411,1.2298,1.2299,4.76,2.32
2016.05.16 01:24:36.968,1.22983,1.22991,1.12,1.50
2016.05.16 01:24:37.987,1.22984,1.22991,1.00,1.50
2016.05.16 01:24:38.525,1.22985,1.22992,2.62,1.50
2016.05.16 01:24:39.527,1.22985,1.22992,2.25,1.50
2016.05.16 01:24:39.730,1.22984,1.22994,2.77,1.50
2016.05.16 01:24:41.279,1.22985,1.22994,1.50,1.50
2016.05.16 01:24:41.788,1.22984,1.22994,2.02,2.06
2016.05.16 01:24:42.316,1.22983,1.22991,4.69,1.00
2016.05.16 01:24:42.620,1.22983,1.22992,1.12,3.75
2016.05.16 01:24:42.721,1.2298,1.22991,4.46,1.76
2016.05.16 01:24:42.772,1.22981,1.22991,1.81,1.20
2016.05.16 01:24:43.291,1.22982,1.2299,1.31,1.00
2016.05.16 01:24:43.854,1.22982,1.22991,1.31,1.20
2016.05.16 01:24:44.376,1.22982,1.22992,1.56,3.19
2016.05.16 01:24:44.880,1.22984,1.22992,1.00,1.69
2016.05.16 01:24:44.982,1.22986,1.22992,1.00,1.69
2016.05.16 01:24:45.285,1.22991,1.22997,1.00,1.50
2016.05.16 01:24:45.337,1.22991,1.22998,1.00,1.00
2016.05.16 01:24:45.878,1.2299,1.22999,1.25,1.32
2016.05.16 01:24:46.657,1.22991,1.22999,1.25,1.32
2016.05.16 01:24:47.162,1.22991,1.23,1.50,2.25
2016.05.16 01:24:47.839,1.22991,1.23,1.81,2.25
2016.05.16 01:24:48.192,1.22993,1.23002,1.31,3.19
2016.05.16 01:24:51.585,1.22993,1.23002,2.06,1.69
2016.05.16 01:25:04.159,1.22993,1.23002,1.69,1.69
2016.05.16 01:25:04.361,1.22992,1.22999,1.00,1.66
2016.05.16 01:25:04.564,1.22989,1.22999,2.81,3.19
2016.05.16 01:25:05.067,1.22989,1.22999,1.69,5.06
2016.05.16 01:25:06.134,1.22988,1.22996,1.27,1.00
2016.05.16 01:25:06.475,1.22984,1.2299,1.12,1.00
2016.05.16 01:25:06.526,1.22983,1.22989,1.69,1.00
2016.05.16 01:25:06.577,1.22983,1.22988,1.12,1.31
2016.05.16 01:25:06.780,1.22979,1.22988,1.50,2.81
2016.05.16 01:25:07.285,1.22978,1.22987,1.69,1.27
2016.05.16 01:25:07.830,1.22979,1.22988,1.00,2.44
2016.05.16 01:25:07.881,1.22981,1.22988,1.00,1.31
2016.05.16 01:25:08.389,1.22981,1.2299,1.12,5.25
2016.05.16 01:25:09.487,1.22981,1.2299,1.00,5.25
2016.05.16 01:25:09.690,1.22982,1.2299,1.00,1.76
2016.05.16 01:25:10.229,1.22983,1.22991,1.00,2.81
2016.05.16 01:25:10.381,1.22984,1.22991,1.14,1.07
2016.05.16 01:25:10.533,1.22986,1.22994,1.00,2.14
2016.05.16 01:25:11.064,1.22984,1.22994,1.52,1.57
2016.05.16 01:25:11.983,1.22984,1.22994,3.02,1.71
2016.05.16 01:25:12.616,1.22985,1.22994,1.50,1.71
2016.05.16 01:25:13.292,1.22986,1.22994,1.00,1.71
2016.05.16 01:25:14.284,1.22987,1.22994,1.00,1.34
2016.05.16 01:25:14.691,1.22987,1.22996,1.26,2.06
2016.05.16 01:25:15.206,1.22989,1.22996,1.00,1.50
2016.05.16 01:25:16.544,1.22989,1.22997,1.00,1.50
2016.05.16 01:25:18.399,1.22991,1.22997,1.00,1.50
2016.05.16 01:25:18.753,1.22991,1.22999,1.00,3.07
2016.05.16 01:25:22.323,1.2299,1.22999,2.95,1.57
2016.05.16 01:25:22.866,1.22993,1.22999,1.18,1.07
2016.05.16 01:25:23.069,1.22994,1.23002,1.14,1.26
2016.05.16 01:25:23.473,1.22995,1.23003,1.14,1.07
2016.05.16 01:25:23.576,1.22995,1.23003,1.00,1.57
2016.05.16 01:25:23.779,1.22992,1.23,2.46,1.00
2016.05.16 01:25:23.965,1.2299,1.22998,1.69,1.10
2016.05.16 01:25:25.763,1.22989,1.22999,2.95,4.12
2016.05.16 01:25:26.985,1.2299,1.22999,1.07,1.50
2016.05.16 01:25:27.603,1.22992,1.22999,1.00,1.50
2016.05.16 01:25:28.658,1.22992,1.23,1.00,1.57
2016.05.16 01:25:29.568,1.22993,1.23,1.00,1.20
2016.05.16 01:25:29.872,1.22995,1.23001,1.00,1.50
2016.05.16 01:25:30.074,1.22996,1.23003,1.00,1.50
2016.05.16 01:25:34.092,1.22997,1.23003,1.00,1.07
2016.05.16 01:25:34.597,1.22997,1.23004,1.00,1.69
2016.05.16 01:25:35.107,1.22995,1.23003,1.12,1.20
2016.05.16 01:25:41.454,1.22996,1.23004,1.00,1.95
2016.05.16 01:25:41.505,1.22996,1.23004,1.87,1.07
2016.05.16 01:25:41.653,1.22997,1.23005,1.56,1.20
2016.05.16 01:25:41.856,1.22999,1.23008,1.00,3.37
2016.05.16 01:25:42.363,1.22997,1.23007,5.06,1.09
2016.05.16 01:25:44.392,1.22997,1.23006,3.94,1.00
2016.05.16 01:25:44.494,1.22996,1.23005,1.76,1.10
2016.05.16 01:25:44.646,1.22996,1.23004,1.25,1.07
2016.05.16 01:25:47.590,1.22995,1.23001,1.69,1.00
2016.05.16 01:25:47.842,1.2299,1.22998,1.00,2.59
2016.05.16 01:25:48.351,1.22991,1.22998,1.00,1.87
2016.05.16 01:25:48.881,1.2299,1.22998,1.50,1.50
2016.05.16 01:25:49.754,1.22989,1.22998,2.81,2.62
2016.05.16 01:25:50.269,1.2299,1.22998,1.50,2.62
2016.05.16 01:25:50.776,1.22989,1.22998,3.19,2.25
2016.05.16 01:25:50.929,1.22994,1.22998,1.00,2.25
2016.05.16 01:25:51.132,1.22996,1.23,1.00,1.50
2016.05.16 01:25:51.233,1.22997,1.23002,1.31,1.32
2016.05.16 01:25:51.425,1.22999,1.23005,1.00,1.87
2016.05.16 01:25:51.962,1.22998,1.23006,2.62,1.50
2016.05.16 01:25:55.650,1.22999,1.23006,1.00,1.50
2016.05.16 01:25:56.210,1.22998,1.23006,2.62,1.50
2016.05.16 01:25:57.659,1.22999,1.23006,1.00,1.50
2016.05.16 01:25:58.188,1.22998,1.23006,2.25,1.50
2016.05.16 01:25:58.909,1.22998,1.23003,1.00,1.56
2016.05.16 01:25:59.010,1.22995,1.23003,2.25,1.95
2016.05.16 01:25:59.258,1.22994,1.23001,1.00,1.50
2016.05.16 01:25:59.795,1.22994,1.23002,1.00,1.50
2016.05.16 01:26:00.847,1.22995,1.23002,1.25,1.50
2016.05.16 01:26:01.151,1.22997,1.23004,1.00,1.07
2016.05.16 01:26:01.302,1.22995,1.23004,1.31,1.95
2016.05.16 01:26:01.556,1.22993,1.23002,1.50,3.00
2016.05.16 01:26:02.073,1.22994,1.23002,1.00,4.12
2016.05.16 01:26:02.243,1.22992,1.23001,1.27,1.20
2016.05.16 01:26:02.806,1.22993,1.23002,1.00,3.94
2016.05.16 01:26:02.857,1.22995,1.23002,1.00,1.50
2016.05.16 01:26:03.009,1.22995,1.23004,3.94,3.75
2016.05.16 01:26:03.559,1.22997,1.23005,1.00,1.32
2016.05.16 01:26:04.102,1.22996,1.23005,2.81,2.14
2016.05.16 01:26:04.507,1.22994,1.23004,1.69,1.46
2016.05.16 01:26:04.760,1.22993,1.23003,1.39,1.87
2016.05.16 01:26:07.275,1.22995,1.23003,1.00,2.25
2016.05.16 01:26:07.817,1.22995,1.23003,1.00,1.10
2016.05.16 01:26:08.323,1.22995,1.23005,2.77,3.37
2016.05.16 01:26:08.828,1.22995,1.23005,2.91,2.81
2016.05.16 01:26:09.717,1.22995,1.23005,2.91,2.81
2016.05.16 01:26:10.021,1.22997,1.23006,1.14,5.25
2016.05.16 01:26:10.122,1.22999,1.23008,1.00,4.31
2016.05.16 01:26:10.325,1.23,1.23008,1.14,1.07
2016.05.16 01:26:10.872,1.23001,1.2301,1.18,5.81
2016.05.16 01:26:11.967,1.23,1.23009,1.00,1.84
2016.05.16 01:26:12.734,1.23,1.23009,1.37,1.84
2016.05.16 01:26:13.340,1.23,1.23009,2.62,1.46
2016.05.16 01:26:13.694,1.22998,1.23007,2.02,1.00
2016.05.16 01:26:14.213,1.22998,1.23008,2.70,1.47
2016.05.16 01:26:15.299,1.22998,1.23005,1.07,1.00
2016.05.16 01:26:15.400,1.22996,1.23005,3.94,2.25
2016.05.16 01:26:15.970,1.22995,1.23005,6.94,1.87
2016.05.16 01:26:17.507,1.22997,1.23005,1.00,2.81
2016.05.16 01:26:17.838,1.22998,1.23007,1.20,2.40
2016.05.16 01:26:18.714,1.22998,1.23007,1.20,2.40
2016.05.16 01:26:21.980,1.22998,1.23007,1.20,1.65
2016.05.16 01:26:22.234,1.23,1.23008,1.00,3.37
2016.05.16 01:26:23.294,1.23,1.23008,1.00,1.20
2016.05.16 01:26:23.811,1.23001,1.23009,1.00,2.81
2016.05.16 01:26:24.216,1.23,1.2301,4.69,1.12
2016.05.16 01:26:24.732,1.23,1.23011,3.94,3.34
2016.05.16 01:26:25.273,1.23002,1.23011,1.00,3.34
2016.05.16 01:26:26.390,1.23003,1.23011,1.00,1.09
2016.05.16 01:26:26.916,1.23003,1.23011,1.57,1.00
2016.05.16 01:26:28.948,1.23004,1.23014,1.10,3.82
2016.05.16 01:26:29.459,1.23003,1.23011,1.07,1.00
2016.05.16 01:26:30.062,1.23002,1.23011,2.25,1.50
2016.05.16 01:26:31.188,1.23004,1.23011,1.00,1.00
2016.05.16 01:26:31.719,1.23002,1.2301,1.07,1.00
2016.05.16 01:26:32.225,1.23002,1.23011,1.20,1.00
2016.05.16 01:26:32.730,1.23003,1.2301,1.10,1.00
2016.05.16 01:26:35.773,1.23,1.23007,2.96,1.00
2016.05.16 01:26:36.311,1.22999,1.23008,3.00,2.25
2016.05.16 01:26:36.817,1.22999,1.23007,1.50,1.00
2016.05.16 01:26:37.712,1.23,1.23008,1.57,2.25
2016.05.16 01:26:42.075,1.22999,1.23008,3.26,2.62
2016.05.16 01:26:45.875,1.22999,1.23008,3.26,2.62
2016.05.16 01:26:48.095,1.23,1.23008,1.50,2.25
2016.05.16 01:26:49.097,1.23,1.23009,1.87,2.44
2016.05.16 01:26:54.607,1.23,1.23008,2.44,1.00
2016.05.16 01:26:55.061,1.23001,1.23009,1.76,1.25
2016.05.16 01:26:55.214,1.23002,1.23011,1.56,1.31
2016.05.16 01:26:55.366,1.23004,1.23011,2.06,1.31
2016.05.16 01:26:55.569,1.23005,1.23013,2.96,1.12
2016.05.16 01:26:56.088,1.23005,1.23014,2.21,1.00
2016.05.16 01:26:56.190,1.23004,1.23014,3.37,1.00
2016.05.16 01:26:56.696,1.23004,1.23013,3.37,1.00
2016.05.16 01:26:58.050,1.23004,1.23011,2.25,1.00
2016.05.16 01:26:58.353,1.23004,1.23009,1.50,1.00
2016.05.16 01:26:58.404,1.23001,1.23009,2.32,1.50
2016.05.16 01:26:58.943,1.23001,1.23008,1.89,1.00
2016.05.16 01:26:59.468,1.23001,1.23008,1.32,1.00
2016.05.16 01:27:01.192,1.23001,1.23009,1.32,1.12
2016.05.16 01:27:02.396,1.23001,1.23008,1.32,1.00
2016.05.16 01:27:02.447,1.23001,1.23006,1.32,1.00
2016.05.16 01:27:02.596,1.22999,1.23007,2.14,1.00
2016.05.16 01:27:03.107,1.23,1.23008,1.76,1.00
2016.05.16 01:27:03.655,1.22999,1.23009,1.76,1.00
2016.05.16 01:27:04.174,1.22999,1.23008,1.76,1.00
2016.05.16 01:27:05.707,1.22999,1.23009,1.39,1.50
2016.05.16 01:27:06.665,1.22999,1.2301,4.76,1.76
2016.05.16 01:27:07.204,1.22999,1.23009,2.51,1.00
2016.05.16 01:27:10.150,1.23,1.2301,1.39,1.01
2016.05.16 01:27:14.583,1.23,1.23009,2.46,1.00
2016.05.16 01:27:24.593,1.22999,1.23007,2.32,1.69
2016.05.16 01:27:24.897,1.22997,1.23001,1.50,1.56
2016.05.16 01:27:24.948,1.22994,1.23001,1.69,1.56
2016.05.16 01:27:25.050,1.22993,1.23001,1.20,1.31
2016.05.16 01:27:25.101,1.22992,1.22999,2.44,1.56
2016.05.16 01:27:25.253,1.2299,1.22999,2.02,2.96
2016.05.16 01:27:25.801,1.22988,1.22997,1.26,1.12
2016.05.16 01:27:26.365,1.22988,1.22996,1.26,1.00
2016.05.16 01:27:26.466,1.22986,1.22995,3.56,1.00
2016.05.16 01:27:26.989,1.22985,1.22995,1.39,1.76
2016.05.16 01:27:27.091,1.22986,1.22995,1.01,3.26
2016.05.16 01:27:27.546,1.22988,1.22996,1.00,1.09
2016.05.16 01:27:28.194,1.22988,1.22997,1.00,3.00
2016.05.16 01:27:31.222,1.22987,1.22996,1.27,1.46
2016.05.16 01:27:33.904,1.22987,1.22996,1.34,1.00
2016.05.16 01:27:34.864,1.22986,1.22995,5.01,1.00
2016.05.16 01:27:34.915,1.22986,1.22994,3.14,1.00
2016.05.16 01:27:35.162,1.22985,1.2299,1.64,1.00
2016.05.16 01:27:35.264,1.22982,1.22988,2.25,1.00
2016.05.16 01:27:35.365,1.2298,1.22985,1.28,1.00
2016.05.16 01:27:35.618,1.22976,1.22986,1.57,4.31
2016.05.16 01:27:36.123,1.22975,1.22985,5.27,1.57
2016.05.16 01:27:36.658,1.22977,1.22986,1.00,1.76
2016.05.16 01:27:36.910,1.22978,1.22986,1.14,1.32
2016.05.16 01:27:37.416,1.22979,1.22988,1.14,4.31
2016.05.16 01:27:37.928,1.22982,1.22988,1.00,3.56
2016.05.16 01:27:39.276,1.2298,1.22988,1.18,3.56
2016.05.16 01:27:41.064,1.22979,1.22988,2.25,3.56
2016.05.16 01:27:41.115,1.22981,1.22988,1.00,3.56
2016.05.16 01:27:41.367,1.22978,1.22988,1.64,3.19
2016.05.16 01:27:41.836,1.22981,1.22988,1.00,5.81
2016.05.16 01:27:42.140,1.22985,1.22994,1.14,2.44
2016.05.16 01:27:42.242,1.22987,1.22995,1.00,1.39
2016.05.16 01:27:43.131,1.22987,1.22996,2.76,1.39
2016.05.16 01:27:43.435,1.22987,1.22996,2.46,1.19
2016.05.16 01:27:43.637,1.22986,1.22995,1.10,2.89
2016.05.16 01:27:43.941,1.22987,1.22996,1.24,3.26
2016.05.16 01:27:44.716,1.22986,1.22995,1.20,1.07
2016.05.16 01:27:45.020,1.22983,1.22993,3.71,1.25
2016.05.16 01:27:45.710,1.22983,1.22992,3.71,1.00
2016.05.16 01:27:46.416,1.22984,1.22993,1.69,1.25
2016.05.16 01:27:47.785,1.22988,1.22995,1.00,5.95
2016.05.16 01:27:48.092,1.22993,1.22999,1.56,2.06
2016.05.16 01:27:48.143,1.22993,1.23002,2.06,3.19
2016.05.16 01:27:48.399,1.22993,1.23002,2.59,1.46
2016.05.16 01:27:49.554,1.22994,1.23003,1.69,2.44
2016.05.16 01:27:51.310,1.22995,1.23004,3.56,1.69
2016.05.16 01:27:51.844,1.22995,1.23004,2.06,1.69
2016.05.16 01:27:53.419,1.22995,1.23004,2.06,1.20
2016.05.16 01:27:54.001,1.22997,1.23006,1.19,3.94
2016.05.16 01:27:55.547,1.22995,1.23005,2.96,1.19
2016.05.16 01:28:01.681,1.22997,1.23006,1.00,5.35
2016.05.16 01:28:05.334,1.22996,1.23005,1.69,1.19
2016.05.16 01:28:06.951,1.22995,1.23002,1.20,1.31
2016.05.16 01:28:07.154,1.22992,1.23001,1.50,3.00
2016.05.16 01:28:07.658,1.22991,1.23001,1.84,2.25
2016.05.16 01:28:10.610,1.22993,1.23001,1.87,2.06
2016.05.16 01:28:15.740,1.22993,1.23001,2.62,2.06
2016.05.16 01:28:17.618,1.22992,1.23001,4.12,2.81
2016.05.16 01:28:18.138,1.22992,1.23001,3.00,2.81
2016.05.16 01:28:24.571,1.22994,1.23001,1.94,1.50
2016.05.16 01:28:24.773,1.22996,1.23004,1.69,1.32
2016.05.16 01:28:25.372,1.22997,1.23006,1.31,2.51
2016.05.16 01:28:25.952,1.22997,1.23006,1.56,2.51
2016.05.16 01:28:35.045,1.22997,1.23006,1.00,2.51
2016.05.16 01:28:36.266,1.22996,1.23005,2.32,1.57
2016.05.16 01:28:40.252,1.22995,1.23005,4.95,4.76
2016.05.16 01:28:40.757,1.22995,1.23004,1.12,2.44
2016.05.16 01:28:41.569,1.22995,1.23004,1.12,3.19
2016.05.16 01:28:46.168,1.22995,1.23004,1.12,3.19
2016.05.16 01:28:52.565,1.22995,1.23004,1.00,3.19
2016.05.16 01:28:53.105,1.22995,1.23004,5.06,1.32
2016.05.16 01:28:53.695,1.22995,1.23005,4.76,3.82
2016.05.16 01:28:55.397,1.22997,1.23005,1.31,1.26
2016.05.16 01:28:58.906,1.22996,1.23005,2.44,1.57
2016.05.16 01:28:59.419,1.22996,1.23005,1.25,2.14
2016.05.16 01:28:59.741,1.22995,1.23005,5.14,3.64
2016.05.16 01:28:59.793,1.22995,1.23005,4.95,4.57
2016.05.16 01:29:00.008,1.22995,1.23004,5.32,1.66
2016.05.16 01:29:01.704,1.22994,1.23004,1.46,2.81
2016.05.16 01:29:03.767,1.22994,1.23004,1.46,2.81
2016.05.16 01:29:04.301,1.22995,1.23004,1.50,2.81
2016.05.16 01:29:04.869,1.22995,1.23004,1.57,2.14
2016.05.16 01:29:05.387,1.22995,1.23006,4.20,2.32
2016.05.16 01:29:06.074,1.22995,1.23006,3.45,4.57
2016.05.16 01:29:08.228,1.22997,1.23005,1.00,2.32
2016.05.16 01:29:08.279,1.22997,1.23006,1.00,3.07
2016.05.16 01:29:08.330,1.22999,1.23006,1.00,1.82
2016.05.16 01:29:08.878,1.23,1.23008,1.65,1.56
2016.05.16 01:29:13.995,1.23,1.23008,1.65,1.56
2016.05.16 01:29:14.583,1.22998,1.23007,1.76,2.14
2016.05.16 01:29:15.387,1.22998,1.23006,1.29,1.31
2016.05.16 01:29:15.691,1.22998,1.23005,1.47,1.56
2016.05.16 01:29:15.944,1.22996,1.23005,3.56,2.81
2016.05.16 01:29:16.495,1.22996,1.23004,1.01,1.56
2016.05.16 01:29:18.706,1.22996,1.23003,1.10,1.56
2016.05.16 01:29:19.804,1.22995,1.23004,1.50,2.89
2016.05.16 01:29:20.907,1.22994,1.23003,4.57,1.66
2016.05.16 01:29:21.493,1.22997,1.23004,1.57,1.31
2016.05.16 01:29:21.898,1.22997,1.23005,1.57,1.00
2016.05.16 01:29:22.101,1.22997,1.23005,1.57,1.56
2016.05.16 01:29:25.386,1.22996,1.23005,2.25,2.81
2016.05.16 01:29:25.941,1.22996,1.23003,1.87,1.31
2016.05.16 01:29:26.144,1.22995,1.23002,3.15,1.00
2016.05.16 01:29:26.692,1.22995,1.23003,3.15,1.31
2016.05.16 01:29:27.028,1.22995,1.23002,2.40,1.56
2016.05.16 01:29:29.207,1.22997,1.23004,1.00,2.21
2016.05.16 01:29:29.309,1.22997,1.23004,1.00,1.65
2016.05.16 01:29:29.814,1.22998,1.23005,1.00,2.06
2016.05.16 01:29:30.132,1.22995,1.23005,5.40,3.94
2016.05.16 01:29:30.183,1.22997,1.23005,1.00,3.94
2016.05.16 01:29:30.517,1.22999,1.23006,1.00,3.64
2016.05.16 01:29:30.568,1.23,1.23006,1.00,1.39
2016.05.16 01:29:31.747,1.23001,1.23007,1.00,3.94
2016.05.16 01:29:31.983,1.23002,1.23007,1.00,1.00
2016.05.16 01:29:32.191,1.23004,1.2301,1.00,4.46
2016.05.16 01:29:32.652,1.23004,1.2301,1.00,1.46
2016.05.16 01:29:32.754,1.23006,1.23011,1.00,2.06
2016.05.16 01:29:32.906,1.23006,1.23013,1.00,4.12
2016.05.16 01:29:33.452,1.23006,1.23014,1.12,2.81
2016.05.16 01:29:34.451,1.23007,1.23014,1.00,1.69
2016.05.16 01:29:34.956,1.23007,1.23015,1.00,3.26
2016.05.16 01:29:36.026,1.23006,1.23015,1.00,1.39
2016.05.16 01:29:38.412,1.23005,1.23015,4.57,2.51
2016.05.16 01:29:38.463,1.23007,1.23015,1.00,3.26
2016.05.16 01:29:38.766,1.2301,1.23016,1.00,1.57
2016.05.16 01:29:38.817,1.23007,1.23016,2.70,1.00
2016.05.16 01:29:39.248,1.23009,1.23016,1.00,1.87
2016.05.16 01:29:39.400,1.23009,1.23017,1.00,1.09
2016.05.16 01:29:39.905,1.2301,1.23018,1.50,2.06
2016.05.16 01:29:40.440,1.23009,1.23017,1.00,1.84
2016.05.16 01:29:40.954,1.23009,1.23017,1.12,1.09
2016.05.16 01:29:42.286,1.23008,1.23016,1.20,1.87
2016.05.16 01:29:42.388,1.23006,1.23015,3.37,1.00
2016.05.16 01:29:44.002,1.23007,1.23016,1.12,2.84
2016.05.16 01:29:44.467,1.23009,1.23016,1.00,1.21
2016.05.16 01:29:44.999,1.23008,1.23018,1.20,3.32
2016.05.16 01:29:45.050,1.23008,1.23018,1.20,3.32
2016.05.16 01:29:45.151,1.2301,1.23018,1.00,1.82
2016.05.16 01:29:45.662,1.23008,1.23016,1.95,1.00
2016.05.16 01:29:45.965,1.23006,1.23014,2.51,1.18
2016.05.16 01:29:47.449,1.23007,1.23015,1.00,1.41
2016.05.16 01:29:48.404,1.23006,1.23015,1.84,1.41
2016.05.16 01:29:48.959,1.23006,1.23015,1.84,2.16
2016.05.16 01:29:49.635,1.23004,1.23012,2.25,1.26
2016.05.16 01:29:49.887,1.23003,1.23012,1.46,2.91
2016.05.16 01:29:50.429,1.23003,1.23011,1.27,1.25
2016.05.16 01:29:51.139,1.23002,1.23011,1.27,2.59
2016.05.16 01:29:52.131,1.23002,1.2301,1.27,1.00
2016.05.16 01:29:52.985,1.23001,1.23007,2.62,1.00
2016.05.16 01:29:53.188,1.22996,1.23005,3.75,1.26
2016.05.16 01:29:53.694,1.22996,1.23005,1.00,1.34
2016.05.16 01:29:53.943,1.22998,1.23006,1.00,5.57
2016.05.16 01:29:54.374,1.22995,1.23004,7.65,1.14
2016.05.16 01:29:56.854,1.22995,1.23002,3.52,1.18
2016.05.16 01:29:56.906,1.22995,1.23,1.65,1.00
2016.05.16 01:29:57.210,1.22993,1.23,1.87,1.90
2016.05.16 01:29:58.116,1.22993,1.23,1.87,1.79
2016.05.16 01:29:58.618,1.22992,1.22999,1.87,1.14
2016.05.16 01:29:59.318,1.22992,1.22999,1.87,1.14
2016.05.16 01:29:59.880,1.22993,1.23001,1.87,3.19
2016.05.16 01:30:01.053,1.22994,1.23002,1.00,1.57
2016.05.16 01:30:01.560,1.22995,1.23002,2.25,1.10
2016.05.16 01:30:02.110,1.22995,1.23004,1.37,3.37
2016.05.16 01:30:02.640,1.22994,1.23003,2.21,2.59
2016.05.16 01:30:02.843,1.22993,1.23002,3.26,1.76
2016.05.16 01:30:03.379,1.22993,1.23002,3.56,3.19
2016.05.16 01:30:04.540,1.22993,1.23,2.06,1.20
2016.05.16 01:30:05.621,1.22993,1.23,1.87,2.77
2016.05.16 01:30:06.062,1.22993,1.22998,1.12,2.25
2016.05.16 01:30:06.315,1.22988,1.22996,1.50,1.66
2016.05.16 01:30:06.417,1.22986,1.22996,1.65,2.81
2016.05.16 01:30:06.569,1.22985,1.22995,5.62,3.71
2016.05.16 01:30:06.772,1.22983,1.22991,1.20,1.69
2016.05.16 01:30:06.924,1.22982,1.22991,2.25,3.94
2016.05.16 01:30:07.026,1.22981,1.2299,1.46,1.76
2016.05.16 01:30:07.229,1.2298,1.22987,3.07,1.56
2016.05.16 01:30:07.331,1.22979,1.22988,2.00,2.14
2016.05.16 01:30:07.860,1.2298,1.22989,3.00,3.56
2016.05.16 01:30:08.695,1.22981,1.22989,1.00,2.81
2016.05.16 01:30:08.847,1.22984,1.22989,1.12,1.00
2016.05.16 01:30:09.151,1.22978,1.22987,1.39,2.14
2016.05.16 01:30:09.606,1.2298,1.22989,2.32,3.82
2016.05.16 01:30:10.113,1.22981,1.22989,1.20,3.56
2016.05.16 01:30:11.232,1.22983,1.22989,1.00,1.87
2016.05.16 01:30:11.385,1.22984,1.2299,1.00,2.81
2016.05.16 01:30:11.962,1.22985,1.22991,1.50,3.00
2016.05.16 01:30:12.511,1.22985,1.2299,1.12,2.25
2016.05.16 01:30:12.866,1.22985,1.2299,1.56,2.25
2016.05.16 01:30:13.471,1.22985,1.22991,1.56,3.75
2016.05.16 01:30:14.030,1.22986,1.22991,1.56,3.75
2016.05.16 01:30:14.550,1.22986,1.2299,1.56,2.25
2016.05.16 01:30:15.072,1.22989,1.22991,2.06,1.00
2016.05.16 01:30:15.276,1.22992,1.22998,2.06,2.81
2016.05.16 01:30:16.243,1.22992,1.23,1.46,2.06
2016.05.16 01:30:16.798,1.22991,1.22999,1.31,2.06
2016.05.16 01:30:17.333,1.22992,1.23,1.12,4.09
2016.05.16 01:30:18.034,1.22992,1.22999,1.69,1.19
2016.05.16 01:30:18.237,1.22994,1.23,2.06,2.44
2016.05.16 01:30:18.423,1.22997,1.23003,1.31,3.56
2016.05.16 01:30:18.928,1.22996,1.23004,2.06,1.25
2016.05.16 01:30:19.232,1.22996,1.23002,2.06,1.00
2016.05.16 01:30:19.435,1.22995,1.23002,1.25,2.06
2016.05.16 01:30:19.486,1.22994,1.23002,1.76,2.81
2016.05.16 01:30:19.639,1.22993,1.23001,1.09,4.50
2016.05.16 01:30:20.184,1.22993,1.22999,1.46,1.00
2016.05.16 01:30:20.664,1.22993,1.22999,1.76,1.00
2016.05.16 01:30:21.891,1.22992,1.22999,3.19,1.00
2016.05.16 01:30:22.211,1.22996,1.23,1.31,1.87
2016.05.16 01:30:22.515,1.22996,1.23003,1.56,2.44
2016.05.16 01:30:24.345,1.22995,1.23002,2.14,1.25
2016.05.16 01:30:24.648,1.22992,1.23,2.14,4.69
2016.05.16 01:30:25.741,1.22991,1.22999,1.95,1.31
2016.05.16 01:30:27.915,1.22991,1.23,2.14,2.89
2016.05.16 01:30:37.877,1.22994,1.23,1.56,1.76
2016.05.16 01:30:38.231,1.22996,1.23002,1.56,1.69
2016.05.16 01:30:38.736,1.22996,1.23004,1.65,1.69
2016.05.16 01:30:38.787,1.22998,1.23004,1.00,1.31
2016.05.16 01:30:38.941,1.22996,1.23004,2.77,1.19
2016.05.16 01:30:38.992,1.22996,1.23005,1.84,4.31
2016.05.16 01:30:39.346,1.22997,1.23003,1.31,2.44
2016.05.16 01:30:39.851,1.22998,1.23004,1.00,1.19
2016.05.16 01:30:40.127,1.22996,1.23005,1.76,1.27
2016.05.16 01:30:40.821,1.22997,1.23006,2.06,3.19
2016.05.16 01:30:41.336,1.22997,1.23006,2.81,4.69
2016.05.16 01:30:43.583,1.22997,1.23005,1.50,1.47
2016.05.16 01:30:44.093,1.22997,1.23005,1.00,2.77
2016.05.16 01:30:45.548,1.22996,1.23003,1.20,1.69
2016.05.16 01:30:45.700,1.22994,1.23003,1.46,3.34
2016.05.16 01:30:48.397,1.22994,1.23002,1.00,1.65
2016.05.16 01:30:48.902,1.22993,1.23002,1.76,1.09
2016.05.16 01:30:51.665,1.22996,1.23003,1.00,3.94
2016.05.16 01:30:52.124,1.22994,1.23004,2.96,2.25
2016.05.16 01:30:52.801,1.22995,1.23004,1.50,2.25
2016.05.16 01:30:53.019,1.22997,1.23004,1.00,1.87
2016.05.16 01:30:53.323,1.22997,1.23005,1.00,4.69
2016.05.16 01:30:57.488,1.22997,1.23005,1.56,4.69
2016.05.16 01:30:57.590,1.22996,1.23005,2.32,1.10
2016.05.16 01:30:57.792,1.22996,1.23005,1.10,1.57
2016.05.16 01:30:58.113,1.23001,1.23005,1.31,1.12
2016.05.16 01:30:58.164,1.23001,1.23006,1.31,1.50
2016.05.16 01:30:58.215,1.23001,1.23009,1.39,2.06
2016.05.16 01:30:58.266,1.23005,1.23009,1.00,2.81
2016.05.16 01:30:58.468,1.23005,1.23011,1.00,1.00
2016.05.16 01:30:58.620,1.23002,1.23011,1.10,1.56
2016.05.16 01:30:58.923,1.23,1.23009,2.77,1.76
2016.05.16 01:30:59.112,1.22999,1.23008,1.00,1.41
2016.05.16 01:30:59.365,1.22998,1.23007,1.00,1.97
2016.05.16 01:30:59.668,1.22996,1.23005,1.00,2.25
2016.05.16 01:31:00.184,1.22997,1.23005,1.00,1.50
2016.05.16 01:31:00.336,1.22995,1.23004,4.65,1.27
2016.05.16 01:31:00.438,1.22995,1.23003,2.25,1.46
2016.05.16 01:31:00.819,1.22992,1.23,1.84,1.00
2016.05.16 01:31:01.021,1.2299,1.22999,2.77,1.79
2016.05.16 01:31:01.526,1.22988,1.22998,3.19,1.60
2016.05.16 01:31:02.689,1.2299,1.22998,1.00,3.47
2016.05.16 01:31:03.445,1.22992,1.22998,1.00,1.84
2016.05.16 01:31:03.986,1.22992,1.23,1.00,2.14
2016.05.16 01:31:06.218,1.22993,1.23,1.00,1.32
2016.05.16 01:31:07.633,1.22994,1.23,1.00,1.39
2016.05.16 01:31:08.166,1.22994,1.23002,1.12,1.64
2016.05.16 01:31:08.713,1.22996,1.23002,1.00,1.64
2016.05.16 01:31:09.017,1.22996,1.23004,1.31,2.89
2016.05.16 01:31:12.116,1.22995,1.23004,2.44,1.64
2016.05.16 01:31:17.221,1.22995,1.23005,1.87,6.94
2016.05.16 01:31:23.776,1.22997,1.23005,1.00,4.31
2016.05.16 01:31:24.029,1.22995,1.23004,1.20,1.22
2016.05.16 01:31:24.384,1.22997,1.23003,1.00,1.31
2016.05.16 01:31:24.921,1.22997,1.23004,1.00,2.65
2016.05.16 01:31:26.048,1.22998,1.23004,1.00,1.76
2016.05.16 01:31:26.593,1.22997,1.23004,1.00,1.01
2016.05.16 01:31:26.947,1.22999,1.23005,1.00,5.65
2016.05.16 01:31:30.279,1.22999,1.23005,1.00,1.46
2016.05.16 01:31:30.867,1.22998,1.23005,1.00,1.46
2016.05.16 01:31:31.382,1.22998,1.23004,1.00,1.00
2016.05.16 01:31:31.906,1.22999,1.23004,1.00,1.00
2016.05.16 01:31:32.260,1.22997,1.23004,1.00,1.69
2016.05.16 01:31:32.361,1.22995,1.23001,1.57,1.69
2016.05.16 01:31:32.867,1.22994,1.23,1.00,1.62
2016.05.16 01:31:36.475,1.22995,1.23001,1.00,2.77
2016.05.16 01:31:36.576,1.22995,1.23002,1.00,1.31
2016.05.16 01:31:38.595,1.22994,1.23002,1.00,1.69
2016.05.16 01:31:45.733,1.22997,1.23002,1.00,2.44
2016.05.16 01:31:45.986,1.23,1.23006,2.25,1.95
2016.05.16 01:31:46.037,1.23002,1.23006,1.00,1.95
2016.05.16 01:31:46.088,1.23,1.23006,2.25,1.20
2016.05.16 01:31:46.190,1.23001,1.23007,1.00,1.20
2016.05.16 01:31:46.947,1.23003,1.23008,1.00,3.19
2016.05.16 01:31:47.516,1.23002,1.23008,1.00,2.06
2016.05.16 01:31:48.318,1.23003,1.23009,1.00,1.84
2016.05.16 01:31:48.722,1.23005,1.2301,1.00,4.50
2016.05.16 01:31:49.076,1.23003,1.2301,1.00,3.75
2016.05.16 01:31:50.066,1.23003,1.2301,1.00,4.12
2016.05.16 01:31:50.218,1.23001,1.23008,1.00,1.12
2016.05.16 01:31:51.070,1.23001,1.23009,1.00,3.15
2016.05.16 01:31:52.020,1.23003,1.23008,1.00,1.00
2016.05.16 01:31:52.541,1.23002,1.2301,1.00,4.87
2016.05.16 01:31:54.477,1.23002,1.2301,1.00,3.75
2016.05.16 01:31:54.781,1.23004,1.2301,2.25,1.57
2016.05.16 01:31:55.330,1.23005,1.2301,1.50,3.15
2016.05.16 01:31:55.872,1.23004,1.23009,1.00,1.50
2016.05.16 01:31:59.335,1.23005,1.23009,1.00,3.75
2016.05.16 01:31:59.837,1.23006,1.23009,1.00,3.37
2016.05.16 01:32:00.367,1.23005,1.23009,1.00,3.75
2016.05.16 01:32:05.268,1.23004,1.23009,1.00,1.25
2016.05.16 01:32:05.829,1.23003,1.2301,1.00,1.87
2016.05.16 01:32:07.761,1.23001,1.2301,2.62,2.62
2016.05.16 01:32:08.085,1.23003,1.23008,1.00,3.00
2016.05.16 01:32:08.246,1.23003,1.23008,1.00,1.00
2016.05.16 01:32:09.478,1.23005,1.23009,1.00,3.94
2016.05.16 01:32:09.850,1.23006,1.2301,1.00,1.25
2016.05.16 01:32:10.964,1.23007,1.23012,1.00,3.15
2016.05.16 01:32:11.066,1.23007,1.23013,1.00,2.81
2016.05.16 01:32:11.196,1.23009,1.23013,1.00,2.44
2016.05.16 01:32:11.248,1.23007,1.23012,1.00,2.25
2016.05.16 01:32:16.251,1.23008,1.23012,1.00,2.06
2016.05.16 01:32:16.774,1.23007,1.23012,1.00,2.06
2016.05.16 01:32:19.629,1.23005,1.23012,1.57,2.06
2016.05.16 01:32:19.781,1.23004,1.23009,1.00,1.69
2016.05.16 01:32:19.882,1.23002,1.23008,1.50,1.62
2016.05.16 01:32:20.417,1.23002,1.23006,1.00,1.00
2016.05.16 01:32:20.476,1.23,1.23007,1.10,1.75
2016.05.16 01:32:20.527,1.23002,1.23007,1.00,1.75
2016.05.16 01:32:21.050,1.23001,1.23007,1.00,1.50
2016.05.16 01:32:21.838,1.23001,1.23007,1.00,1.50
2016.05.16 01:32:23.077,1.23,1.23007,2.32,2.25
2016.05.16 01:32:23.178,1.23,1.23006,2.25,1.31
2016.05.16 01:32:23.604,1.23001,1.23008,1.00,2.32
2016.05.16 01:32:24.177,1.23001,1.23008,1.00,2.32
2016.05.16 01:32:26.698,1.23001,1.23008,1.00,1.75
2016.05.16 01:32:28.082,1.23002,1.23007,1.00,1.12
2016.05.16 01:32:28.184,1.23002,1.23007,1.00,1.00
2016.05.16 01:32:28.704,1.23002,1.23008,1.00,1.00
2016.05.16 01:32:29.505,1.23003,1.23009,1.00,1.65
2016.05.16 01:32:30.563,1.23006,1.23009,1.00,1.27
2016.05.16 01:32:30.811,1.23011,1.23016,1.14,1.69
2016.05.16 01:32:31.317,1.23012,1.23018,1.18,2.81
2016.05.16 01:32:32.586,1.23012,1.23017,1.14,1.31
2016.05.16 01:32:33.226,1.23012,1.23017,1.31,1.31
2016.05.16 01:32:34.522,1.23011,1.23018,1.00,1.69
2016.05.16 01:32:34.673,1.2301,1.23014,1.57,1.12
2016.05.16 01:32:34.826,1.23006,1.23013,1.00,2.25
2016.05.16 01:32:35.328,1.23006,1.23012,1.00,2.44
2016.05.16 01:32:35.793,1.23004,1.23012,1.65,3.19
2016.05.16 01:32:37.814,1.23003,1.23011,1.50,1.87
2016.05.16 01:32:38.189,1.23004,1.23013,1.45,1.76
2016.05.16 01:32:38.493,1.23006,1.23012,1.00,1.14
2016.05.16 01:32:38.646,1.23003,1.23011,1.50,1.12
2016.05.16 01:32:39.165,1.23003,1.23012,1.57,1.09
2016.05.16 01:32:39.687,1.23004,1.23013,1.57,1.95
2016.05.16 01:32:40.533,1.23003,1.23012,3.82,1.00
2016.05.16 01:32:40.779,1.23004,1.23015,4.50,2.96
2016.05.16 01:32:41.083,1.23005,1.23016,3.19,6.47
2016.05.16 01:32:41.694,1.23006,1.23015,1.20,1.12
2016.05.16 01:32:42.201,1.23005,1.23015,4.69,3.00
2016.05.16 01:32:42.716,1.23005,1.23016,7.31,3.15
2016.05.16 01:32:43.272,1.23007,1.23016,4.12,2.32
2016.05.16 01:32:43.575,1.2301,1.23017,1.12,1.69
2016.05.16 01:32:48.201,1.23009,1.23017,3.45,2.81
2016.05.16 01:32:48.353,1.23007,1.23015,2.81,1.50
2016.05.16 01:32:48.606,1.23006,1.23013,1.20,1.12
2016.05.16 01:32:48.810,1.23001,1.23011,3.37,1.46
2016.05.16 01:32:49.215,1.23001,1.23009,1.10,1.50
2016.05.16 01:32:49.757,1.23,1.23009,2.70,1.50
2016.05.16 01:32:50.264,1.22999,1.23007,2.70,1.12
2016.05.16 01:32:50.315,1.22998,1.23007,2.51,1.12
2016.05.16 01:32:50.863,1.22998,1.23007,1.84,1.12
2016.05.16 01:32:52.085,1.22999,1.23008,1.00,1.87
2016.05.16 01:32:52.287,1.23001,1.23009,1.00,4.27
2016.05.16 01:32:52.829,1.23,1.23009,1.57,2.70
2016.05.16 01:32:53.872,1.23001,1.23009,2.62,2.32
2016.05.16 01:32:54.182,1.23003,1.23009,1.12,1.69
2016.05.16 01:32:54.681,1.23001,1.23008,1.65,1.12
2016.05.16 01:32:54.884,1.23003,1.23009,1.00,1.69
2016.05.16 01:32:59.885,1.23002,1.23009,1.32,1.69
2016.05.16 01:33:00.088,1.23,1.23007,3.34,1.00
2016.05.16 01:33:00.240,1.22999,1.23006,1.69,1.62
2016.05.16 01:33:00.780,1.23,1.23005,2.25,2.81
2016.05.16 01:33:01.292,1.23001,1.23005,1.00,2.44
2016.05.16 01:33:01.797,1.23,1.23005,2.25,2.44
2016.05.16 01:33:02.131,1.23002,1.23005,1.00,1.69
2016.05.16 01:33:02.648,1.23001,1.23006,1.00,2.62
2016.05.16 01:33:02.951,1.23004,1.23006,1.00,3.00
2016.05.16 01:33:03.205,1.23005,1.23007,1.00,1.31
2016.05.16 01:33:03.390,1.23006,1.2301,1.00,1.00
2016.05.16 01:33:03.441,1.23008,1.23011,1.00,1.25
2016.05.16 01:33:03.594,1.23007,1.23013,1.00,1.46
2016.05.16 01:33:03.746,1.23009,1.23014,1.00,1.31
2016.05.16 01:33:05.043,1.23006,1.23014,1.87,1.31
2016.05.16 01:33:05.552,1.23007,1.23014,1.00,1.31
2016.05.16 01:33:07.187,1.23008,1.23015,1.00,4.01
2016.05.16 01:33:07.390,1.23008,1.23015,1.50,2.62
2016.05.16 01:33:07.896,1.23008,1.23016,1.00,1.57
2016.05.16 01:33:09.864,1.23008,1.23016,1.00,1.39
2016.05.16 01:33:10.413,1.23008,1.23016,1.00,1.39
2016.05.16 01:33:10.515,1.2301,1.23016,1.00,1.39
2016.05.16 01:33:11.020,1.23011,1.23017,1.00,2.14
2016.05.16 01:33:11.525,1.23011,1.23018,1.00,2.32
2016.05.16 01:33:12.586,1.23012,1.23018,1.00,1.95
2016.05.16 01:33:12.839,1.23014,1.2302,1.00,1.76
2016.05.16 01:33:12.941,1.23015,1.23021,1.00,3.45
2016.05.16 01:33:13.476,1.23016,1.23024,1.00,1.64
2016.05.16 01:33:14.003,1.23015,1.23024,1.87,1.70
2016.05.16 01:33:16.405,1.23015,1.23023,1.00,1.95
2016.05.16 01:33:16.988,1.23014,1.23022,1.31,1.57
2016.05.16 01:33:18.483,1.23014,1.23022,1.50,1.27
2016.05.16 01:33:19.252,1.23016,1.23022,1.00,2.40
2016.05.16 01:33:19.778,1.23014,1.23023,2.81,2.62
2016.05.16 01:33:20.197,1.23017,1.23023,1.00,1.50
2016.05.16 01:33:20.400,1.23019,1.23026,1.18,1.19
2016.05.16 01:33:20.451,1.23021,1.23026,1.14,1.19
2016.05.16 01:33:20.552,1.23023,1.23027,1.00,1.50
2016.05.16 01:33:20.805,1.23021,1.23027,1.64,1.69
2016.05.16 01:33:20.856,1.23021,1.23027,1.14,1.69
2016.05.16 01:33:21.388,1.23021,1.23027,1.82,1.50
2016.05.16 01:33:21.902,1.2302,1.23027,6.51,1.69
2016.05.16 01:33:22.456,1.23021,1.23027,1.82,1.50
2016.05.16 01:33:24.537,1.23021,1.23027,1.82,1.50
2016.05.16 01:33:25.127,1.23021,1.23027,1.82,1.50
2016.05.16 01:33:28.401,1.23021,1.23027,1.14,1.69
2016.05.16 01:33:28.962,1.23021,1.23027,2.20,1.50
2016.05.16 01:33:29.513,1.23021,1.23027,1.14,1.69
2016.05.16 01:33:30.037,1.23021,1.23027,1.14,2.44
2016.05.16 01:33:30.088,1.23021,1.23027,1.00,2.06
2016.05.16 01:33:30.139,1.2302,1.23025,1.50,1.19
2016.05.16 01:33:30.291,1.23018,1.23026,1.18,4.09
2016.05.16 01:33:31.352,1.23018,1.23025,1.14,3.19
2016.05.16 01:33:32.544,1.23019,1.23025,1.14,2.06
2016.05.16 01:33:33.359,1.23018,1.23026,1.14,1.57
2016.05.16 01:33:33.662,1.23016,1.23024,1.84,1.12
2016.05.16 01:33:34.613,1.23017,1.23025,1.00,4.71
2016.05.16 01:33:35.119,1.23016,1.23025,1.00,4.52
2016.05.16 01:33:37.239,1.23016,1.23024,1.00,2.09
2016.05.16 01:33:38.159,1.23018,1.23024,1.00,2.09
2016.05.16 01:33:39.878,1.23017,1.23025,1.00,6.02
2016.05.16 01:33:40.391,1.23017,1.23024,1.00,2.32
2016.05.16 01:33:40.722,1.23019,1.23024,1.00,1.20
2016.05.16 01:33:42.046,1.23017,1.23023,1.14,1.00
2016.05.16 01:33:42.098,1.23016,1.23023,1.69,1.00
2016.05.16 01:33:42.604,1.23016,1.23023,1.00,1.34
2016.05.16 01:33:43.297,1.23016,1.23023,1.00,1.04
2016.05.16 01:33:43.821,1.23017,1.23024,1.00,2.39
2016.05.16 01:33:44.579,1.23018,1.23025,1.00,2.51
2016.05.16 01:33:45.117,1.23018,1.23026,1.00,3.07
2016.05.16 01:33:46.438,1.23018,1.23025,1.00,3.64
2016.05.16 01:33:46.803,1.23016,1.23024,1.69,1.50
2016.05.16 01:33:46.854,1.23016,1.23023,1.25,1.50
2016.05.16 01:33:47.158,1.23014,1.23022,1.25,3.94
2016.05.16 01:33:47.411,1.23012,1.2302,1.00,1.01
2016.05.16 01:33:47.563,1.23011,1.23019,1.10,1.01
2016.05.16 01:33:47.866,1.23009,1.23016,1.00,1.46
2016.05.16 01:33:48.417,1.23009,1.23016,1.00,1.57
2016.05.16 01:33:48.724,1.23011,1.23016,1.00,1.57
2016.05.16 01:33:48.926,1.23013,1.23017,1.00,1.20
2016.05.16 01:33:49.179,1.23013,1.23019,1.00,2.32
2016.05.16 01:33:50.126,1.23012,1.23019,1.00,1.10
2016.05.16 01:33:51.079,1.23012,1.23018,1.00,1.00
2016.05.16 01:33:51.812,1.2301,1.23018,1.69,1.00
2016.05.16 01:33:53.181,1.2301,1.23019,1.69,1.95
2016.05.16 01:33:54.183,1.2301,1.23016,1.69,1.37
2016.05.16 01:33:54.285,1.23008,1.23015,1.10,2.25
2016.05.16 01:33:54.539,1.23006,1.23015,1.10,1.61
2016.05.16 01:33:54.893,1.23007,1.23015,1.19,2.51
2016.05.16 01:33:55.045,1.23006,1.23017,4.31,3.51
2016.05.16 01:33:55.590,1.23006,1.23015,3.56,1.12
2016.05.16 01:33:55.793,1.23006,1.23014,2.44,1.26
2016.05.16 01:33:56.770,1.23005,1.23015,2.89,4.71
2016.05.16 01:33:59.957,1.23006,1.23015,1.10,3.96
2016.05.16 01:34:00.605,1.23006,1.23015,1.10,3.96
2016.05.16 01:34:01.103,1.23003,1.23014,5.81,1.79
2016.05.16 01:34:02.407,1.23005,1.23013,1.50,3.21
2016.05.16 01:34:02.908,1.23004,1.23013,2.06,2.84
2016.05.16 01:34:03.862,1.23005,1.23013,1.50,3.21
2016.05.16 01:34:04.437,1.23004,1.23013,3.56,1.57
2016.05.16 01:34:04.959,1.23005,1.23013,1.50,1.20
2016.05.16 01:34:05.784,1.23006,1.23013,3.56,1.07
2016.05.16 01:34:05.886,1.23008,1.23015,1.31,1.69
2016.05.16 01:34:06.038,1.23009,1.23017,1.00,2.01
2016.05.16 01:34:06.191,1.23006,1.23017,4.31,2.76
2016.05.16 01:34:06.242,1.23006,1.23016,2.81,1.71
2016.05.16 01:34:06.394,1.23005,1.23014,1.57,1.64
2016.05.16 01:34:06.546,1.23003,1.23013,2.06,2.54
2016.05.16 01:34:09.326,1.23004,1.23013,1.25,4.34
2016.05.16 01:34:09.831,1.23004,1.23013,1.00,4.90
2016.05.16 01:34:10.375,1.23005,1.23013,1.00,2.89
2016.05.16 01:34:10.881,1.23003,1.23013,2.14,2.70
2016.05.16 01:34:11.683,1.23006,1.23014,1.50,2.70
2016.05.16 01:34:11.936,1.23006,1.23015,1.57,1.76
2016.05.16 01:34:12.462,1.23006,1.23015,1.57,1.39
2016.05.16 01:34:13.365,1.23006,1.23015,1.10,2.51
2016.05.16 01:34:13.908,1.23006,1.23015,1.29,1.10
2016.05.16 01:34:23.827,1.23005,1.23014,7.57,1.00
2016.05.16 01:34:24.529,1.23006,1.23015,2.32,1.57
2016.05.16 01:34:25.144,1.23008,1.23017,1.00,2.51
2016.05.16 01:34:25.246,1.2301,1.23018,1.00,3.19
2016.05.16 01:34:25.347,1.2301,1.23019,1.09,1.84
2016.05.16 01:34:25.600,1.23013,1.2302,1.00,2.25
2016.05.16 01:34:25.803,1.23014,1.23022,1.00,1.00
2016.05.16 01:34:26.344,1.23014,1.23024,1.10,4.01
2016.05.16 01:34:26.883,1.23015,1.23024,1.00,3.26
2016.05.16 01:34:27.400,1.23015,1.23024,1.00,2.89
2016.05.16 01:34:28.473,1.23015,1.23024,2.25,2.70
2016.05.16 01:34:28.996,1.23015,1.23024,1.00,3.07
2016.05.16 01:34:29.502,1.23016,1.23025,2.06,3.64
2016.05.16 01:34:30.025,1.23016,1.23025,1.69,4.57
2016.05.16 01:34:33.322,1.23019,1.23026,1.25,1.22
2016.05.16 01:34:34.934,1.23018,1.23026,1.25,1.19
2016.05.16 01:34:35.472,1.23016,1.23026,3.82,2.89
2016.05.16 01:34:38.765,1.23016,1.23025,3.82,1.69
2016.05.16 01:34:40.301,1.23018,1.23025,1.81,1.69
2016.05.16 01:34:40.903,1.23018,1.23025,1.50,1.31
2016.05.16 01:34:42.119,1.23019,1.23027,1.00,4.27
2016.05.16 01:34:42.624,1.23019,1.23027,1.25,3.34
2016.05.16 01:34:44.160,1.23019,1.23027,1.81,2.96
2016.05.16 01:34:44.597,1.23018,1.23027,1.57,4.76
2016.05.16 01:34:45.114,1.23017,1.23026,2.06,1.65
2016.05.16 01:34:45.524,1.2302,1.23026,1.00,1.20
2016.05.16 01:34:45.828,1.23023,1.23027,1.56,1.69
2016.05.16 01:34:46.069,1.23022,1.23028,1.00,2.44
2016.05.16 01:34:46.373,1.2302,1.23027,1.00,2.14
2016.05.16 01:34:46.829,1.23016,1.23025,3.19,3.19
2016.05.16 01:34:47.367,1.23018,1.23025,2.06,1.84
2016.05.16 01:34:47.418,1.23018,1.23026,2.06,3.75
2016.05.16 01:34:48.324,1.23019,1.23026,1.00,1.20
2016.05.16 01:34:49.678,1.23019,1.23027,2.57,1.01
2016.05.16 01:34:50.082,1.23023,1.23028,1.22,1.50
2016.05.16 01:34:50.285,1.23023,1.23032,1.22,1.65
2016.05.16 01:34:50.789,1.23025,1.23032,1.00,1.37
2016.05.16 01:34:51.042,1.23024,1.23033,1.01,6.07
2016.05.16 01:34:51.497,1.23026,1.23034,1.50,3.82
2016.05.16 01:34:51.818,1.2303,1.23037,1.64,1.65
2016.05.16 01:34:52.122,1.23028,1.23035,1.10,1.00
2016.05.16 01:34:52.375,1.23026,1.23033,2.44,1.00
2016.05.16 01:34:52.527,1.23023,1.23032,3.37,1.12
2016.05.16 01:34:52.629,1.23023,1.2303,1.46,1.00
2016.05.16 01:34:53.131,1.23024,1.23032,1.00,1.57
2016.05.16 01:34:53.659,1.23022,1.23031,2.81,1.87
2016.05.16 01:34:54.013,1.23021,1.2303,1.39,2.62
2016.05.16 01:34:55.639,1.23025,1.23031,1.00,1.95
2016.05.16 01:34:55.741,1.23026,1.23033,1.00,1.65
2016.05.16 01:34:55.842,1.23026,1.23035,1.10,1.29
2016.05.16 01:34:55.944,1.23028,1.23036,1.00,2.89
2016.05.16 01:34:56.898,1.23025,1.23035,3.94,2.25
2016.05.16 01:34:58.066,1.23028,1.23035,1.00,1.00
2016.05.16 01:34:58.371,1.2303,1.23037,1.20,1.12
2016.05.16 01:34:58.523,1.23031,1.2304,1.10,6.07
2016.05.16 01:34:58.776,1.23032,1.2304,1.50,1.00
2016.05.16 01:35:00.718,1.23034,1.23041,1.00,1.87
2016.05.16 01:35:01.238,1.23034,1.23043,1.25,2.40
2016.05.16 01:35:04.290,1.23037,1.23042,1.00,1.07
2016.05.16 01:35:04.595,1.23045,1.23048,1.00,2.25
2016.05.16 01:35:04.646,1.23046,1.23052,1.00,2.70
2016.05.16 01:35:04.697,1.23044,1.23052,1.00,2.62
2016.05.16 01:35:04.748,1.23046,1.23053,1.00,1.00
2016.05.16 01:35:05.204,1.23046,1.23056,1.76,4.57
2016.05.16 01:35:05.407,1.23049,1.23055,1.00,1.12
2016.05.16 01:35:05.660,1.2305,1.23058,1.00,5.32
2016.05.16 01:35:06.202,1.23051,1.23058,1.00,1.20
2016.05.16 01:35:06.713,1.23051,1.23059,1.00,1.27
2016.05.16 01:35:08.209,1.23053,1.23059,1.00,1.57
2016.05.16 01:35:08.259,1.2305,1.23059,3.19,1.12
2016.05.16 01:35:08.606,1.23051,1.2306,1.01,1.00
2016.05.16 01:35:08.910,1.23049,1.23059,2.44,2.25
2016.05.16 01:35:08.961,1.2305,1.23059,1.39,2.25
2016.05.16 01:35:09.163,1.23052,1.23059,1.19,1.00
2016.05.16 01:35:09.668,1.23053,1.23062,1.69,2.25
2016.05.16 01:35:10.304,1.23053,1.23062,1.69,2.25
2016.05.16 01:35:10.907,1.23053,1.2306,1.69,1.00
2016.05.16 01:35:11.434,1.23052,1.2306,1.19,1.47
2016.05.16 01:35:11.586,1.2305,1.2306,1.76,1.57
2016.05.16 01:35:11.993,1.23048,1.23058,1.69,3.75
2016.05.16 01:35:12.055,1.23046,1.23056,2.44,1.37
2016.05.16 01:35:12.582,1.23045,1.23054,3.19,2.25
2016.05.16 01:35:12.785,1.23045,1.23053,1.19,1.07
2016.05.16 01:35:13.291,1.23045,1.23055,1.84,3.37
2016.05.16 01:35:13.796,1.23045,1.23056,5.44,1.87
2016.05.16 01:35:14.332,1.23047,1.23057,1.69,2.40
2016.05.16 01:35:14.850,1.23047,1.23057,1.69,2.40
2016.05.16 01:35:15.154,1.2305,1.23058,1.00,1.57
2016.05.16 01:35:15.357,1.2305,1.23059,1.01,2.32
2016.05.16 01:35:16.389,1.23051,1.2306,1.10,3.07
2016.05.16 01:35:16.989,1.23051,1.2306,1.10,2.32
2016.05.16 01:35:17.293,1.23047,1.23055,2.25,1.12
2016.05.16 01:35:17.799,1.23047,1.23055,1.20,1.00
2016.05.16 01:35:17.951,1.23047,1.23055,1.76,1.00
2016.05.16 01:35:18.468,1.23047,1.23056,2.21,1.20
2016.05.16 01:35:21.978,1.23046,1.23055,2.06,1.00
2016.05.16 01:35:22.291,1.23041,1.2305,1.57,5.51
2016.05.16 01:35:22.392,1.2304,1.23049,1.65,1.39
2016.05.16 01:35:22.494,1.23044,1.23048,1.00,1.01
2016.05.16 01:35:23.005,1.23044,1.23048,1.00,3.15
2016.05.16 01:35:23.552,1.23044,1.23048,1.00,2.77
2016.05.16 01:35:24.007,1.23045,1.23048,2.50,3.82
2016.05.16 01:35:24.209,1.23047,1.2305,1.00,2.89
2016.05.16 01:35:24.754,1.23047,1.23052,1.00,3.07
2016.05.16 01:35:25.358,1.23047,1.23052,1.00,2.65
2016.05.16 01:35:25.959,1.23048,1.23052,1.00,1.90
2016.05.16 01:35:26.313,1.23048,1.23053,1.00,1.20
2016.05.16 01:35:26.516,1.23049,1.23053,1.00,1.27
2016.05.16 01:35:26.567,1.23048,1.23053,1.00,1.27
2016.05.16 01:35:26.708,1.23049,1.23054,1.00,2.95
2016.05.16 01:35:26.759,1.23048,1.23054,1.00,2.95
2016.05.16 01:35:27.264,1.23049,1.23052,1.00,1.10
2016.05.16 01:35:27.365,1.23048,1.23053,1.00,1.95
2016.05.16 01:35:27.908,1.23048,1.23053,1.00,3.07
2016.05.16 01:35:28.457,1.23047,1.23052,1.00,3.00
2016.05.16 01:35:29.123,1.23048,1.23051,1.00,1.84
2016.05.16 01:35:29.950,1.23048,1.23052,1.00,2.39
2016.05.16 01:35:30.560,1.23048,1.23052,1.00,1.64
2016.05.16 01:35:31.268,1.23048,1.23052,1.00,1.82
2016.05.16 01:35:34.234,1.23048,1.23052,1.00,1.82
2016.05.16 01:35:34.284,1.23046,1.23052,1.00,2.25
2016.05.16 01:35:34.336,1.23045,1.23051,2.25,1.04
2016.05.16 01:35:34.519,1.23043,1.23049,1.00,1.14
2016.05.16 01:35:34.570,1.23044,1.23048,1.00,2.21
2016.05.16 01:35:35.076,1.23044,1.23048,1.00,1.21
2016.05.16 01:35:35.618,1.23045,1.23048,1.00,1.21
2016.05.16 01:35:36.608,1.23045,1.23049,1.00,1.21
2016.05.16 01:35:37.666,1.23046,1.2305,1.00,1.64
2016.05.16 01:35:39.242,1.23043,1.23049,1.00,1.21
2016.05.16 01:35:39.394,1.23044,1.23047,1.00,1.20
2016.05.16 01:35:39.698,1.23042,1.23047,1.00,2.01
2016.05.16 01:35:39.761,1.23043,1.23047,1.00,1.26
2016.05.16 01:35:40.064,1.23044,1.23047,1.00,1.64
2016.05.16 01:35:40.347,1.23045,1.23049,1.00,2.76
2016.05.16 01:35:40.398,1.23047,1.23049,1.00,1.64
2016.05.16 01:35:40.551,1.23048,1.23051,1.00,2.25
2016.05.16 01:35:40.754,1.2305,1.23053,2.50,1.66
2016.05.16 01:35:41.007,1.23051,1.23054,1.00,2.39
2016.05.16 01:35:41.564,1.23051,1.23054,1.00,1.87
2016.05.16 01:35:41.768,1.23053,1.23055,1.00,1.20
2016.05.16 01:35:42.122,1.23055,1.2306,1.00,1.52
2016.05.16 01:35:42.376,1.23057,1.2306,1.00,1.34
2016.05.16 01:35:42.630,1.23058,1.23061,1.00,1.07
2016.05.16 01:35:42.812,1.23055,1.23062,3.00,1.26
2016.05.16 01:35:42.864,1.23055,1.23061,3.00,1.60
2016.05.16 01:35:42.915,1.23053,1.2306,1.00,2.95
2016.05.16 01:35:43.016,1.23051,1.23056,1.00,1.18
2016.05.16 01:35:43.169,1.23052,1.23056,1.00,2.01
2016.05.16 01:35:43.473,1.23059,1.23062,1.00,3.37
2016.05.16 01:35:43.524,1.2306,1.23063,1.00,3.71
2016.05.16 01:35:43.763,1.2306,1.23062,2.25,1.50
2016.05.16 01:35:43.814,1.2306,1.23066,2.25,1.00
2016.05.16 01:35:44.117,1.23062,1.23067,1.00,2.02
2016.05.16 01:35:44.423,1.23065,1.23068,1.50,2.62
2016.05.16 01:35:44.929,1.23065,1.23069,2.25,1.71
2016.05.16 01:35:46.378,1.23065,1.2307,2.25,2.39
2016.05.16 01:35:47.822,1.23065,1.23071,2.25,1.52
2016.05.16 01:35:48.176,1.23067,1.23071,1.00,3.47
2016.05.16 01:35:49.465,1.23068,1.23073,1.00,1.04
2016.05.16 01:35:49.819,1.23067,1.23073,1.00,1.04
2016.05.16 01:35:50.358,1.23068,1.23073,1.00,1.04
2016.05.16 01:35:50.624,1.23069,1.23073,1.00,1.04
2016.05.16 01:35:50.776,1.23068,1.23074,1.00,1.96
2016.05.16 01:35:51.281,1.23068,1.23075,1.00,3.77
2016.05.16 01:35:52.583,1.23068,1.23075,1.00,3.77
2016.05.16 01:35:52.854,1.2307,1.23075,1.00,3.77
2016.05.16 01:35:53.435,1.2307,1.23076,2.25,3.14
2016.05.16 01:35:54.035,1.2307,1.23074,1.00,1.00
2016.05.16 01:35:54.941,1.23067,1.23073,1.00,1.37
2016.05.16 01:35:55.093,1.23065,1.23072,2.25,1.26
2016.05.16 01:35:55.623,1.23065,1.23072,2.25,4.31
2016.05.16 01:36:00.300,1.23064,1.23071,2.25,1.09
2016.05.16 01:36:00.502,1.23066,1.23071,1.00,1.84
2016.05.16 01:36:01.053,1.23065,1.23071,1.00,1.84
2016.05.16 01:36:01.410,1.23063,1.23071,1.00,3.15
2016.05.16 01:36:01.959,1.23062,1.2307,1.18,2.70
2016.05.16 01:36:03.355,1.23062,1.2307,1.00,2.51
2016.05.16 01:36:03.406,1.2306,1.23069,2.32,2.81
2016.05.16 01:36:03.620,1.23059,1.23067,1.57,3.94
2016.05.16 01:36:03.924,1.23057,1.23065,1.00,1.95
2016.05.16 01:36:04.278,1.23055,1.23063,1.57,1.31
2016.05.16 01:36:04.380,1.23053,1.23062,3.00,1.37
2016.05.16 01:36:04.885,1.23054,1.2306,1.00,1.57
2016.05.16 01:36:05.494,1.23055,1.2306,1.50,1.76
2016.05.16 01:36:05.798,1.23057,1.23062,1.00,2.44
2016.05.16 01:36:06.656,1.23055,1.23062,1.64,1.69
2016.05.16 01:36:07.161,1.23054,1.23062,1.14,1.45
2016.05.16 01:36:07.446,1.23052,1.23062,2.06,1.87
2016.05.16 01:36:07.699,1.23051,1.2306,1.00,5.89
2016.05.16 01:36:08.204,1.23051,1.23059,1.00,2.25
2016.05.16 01:36:09.935,1.2305,1.23058,2.39,2.40
2016.05.16 01:36:10.888,1.23051,1.23059,1.00,2.21
2016.05.16 01:36:11.557,1.23051,1.23059,1.00,1.27
2016.05.16 01:36:11.658,1.23051,1.23059,1.00,1.65
2016.05.16 01:36:12.194,1.23051,1.23059,1.00,1.57
2016.05.16 01:36:14.816,1.23052,1.23059,1.00,1.65
2016.05.16 01:36:15.119,1.23056,1.23063,1.00,4.50
2016.05.16 01:36:15.644,1.23055,1.23064,2.39,2.62
2016.05.16 01:36:18.168,1.23057,1.23064,1.14,1.45
2016.05.16 01:36:18.270,1.23056,1.23065,1.07,1.37
2016.05.16 01:36:18.810,1.23055,1.23064,2.57,1.87
2016.05.16 01:36:19.605,1.23054,1.23063,3.32,1.00
2016.05.16 01:36:19.808,1.23053,1.23062,1.34,1.12
2016.05.16 01:36:19.961,1.23051,1.23061,1.82,2.21
2016.05.16 01:36:20.506,1.23051,1.2306,1.25,3.26
2016.05.16 01:36:20.658,1.23049,1.23059,1.87,1.12
2016.05.16 01:36:21.456,1.2305,1.23059,1.00,2.62
2016.05.16 01:36:21.961,1.23049,1.23058,2.39,2.40
2016.05.16 01:36:22.012,1.23051,1.23058,1.00,1.65
2016.05.16 01:36:22.296,1.23052,1.23061,1.50,1.95
2016.05.16 01:36:23.946,1.23052,1.23063,1.04,4.69
2016.05.16 01:36:24.465,1.23052,1.23062,1.04,1.84
2016.05.16 01:36:26.035,1.23052,1.23062,1.20,1.27
2016.05.16 01:36:28.448,1.23052,1.23062,1.20,1.65
2016.05.16 01:36:31.378,1.23052,1.23063,1.34,6.94
2016.05.16 01:36:35.003,1.23051,1.23062,5.57,1.84
2016.05.16 01:36:36.160,1.23051,1.2306,4.07,1.00
2016.05.16 01:36:36.262,1.23051,1.2306,2.20,3.15
2016.05.16 01:36:36.959,1.2305,1.23059,1.14,2.70
2016.05.16 01:36:37.508,1.2305,1.23059,1.64,4.12
2016.05.16 01:36:38.009,1.23051,1.23059,1.00,2.62
2016.05.16 01:36:38.664,1.2305,1.23059,1.64,2.62
2016.05.16 01:36:38.818,1.23051,1.23059,1.14,2.62
2016.05.16 01:36:39.021,1.23051,1.2306,1.64,1.50
2016.05.16 01:36:39.376,1.23054,1.23061,1.64,1.10
2016.05.16 01:36:39.527,1.23053,1.23062,1.64,1.10
2016.05.16 01:36:40.070,1.23054,1.23061,1.00,1.00
2016.05.16 01:36:43.290,1.23053,1.23061,1.18,1.00
2016.05.16 01:36:43.394,1.23054,1.23062,1.64,2.32
2016.05.16 01:36:43.898,1.23056,1.23064,1.00,1.07
2016.05.16 01:36:44.442,1.23055,1.23064,2.39,1.20
2016.05.16 01:36:47.068,1.23056,1.23064,1.00,1.95
2016.05.16 01:36:49.027,1.23057,1.23064,1.00,1.95
2016.05.16 01:36:54.003,1.23061,1.23065,1.00,1.07
2016.05.16 01:36:54.155,1.23061,1.23066,1.50,1.00
2016.05.16 01:36:54.307,1.23061,1.23069,1.00,1.26
2016.05.16 01:36:54.762,1.23058,1.23068,1.71,3.21
2016.05.16 01:36:55.066,1.23059,1.23066,1.00,1.07
2016.05.16 01:37:01.014,1.23058,1.23066,1.00,2.70
2016.05.16 01:37:01.550,1.23059,1.23066,1.00,1.57
2016.05.16 01:37:03.558,1.23061,1.23066,1.00,1.07
2016.05.16 01:37:03.863,1.23061,1.23068,1.00,2.02
2016.05.16 01:37:05.774,1.2306,1.23069,2.81,5.44
2016.05.16 01:37:06.927,1.23063,1.23069,1.31,3.19
2016.05.16 01:37:07.029,1.23065,1.23072,2.25,3.26
2016.05.16 01:37:07.181,1.23066,1.23074,1.00,1.87
2016.05.16 01:37:07.686,1.23065,1.23074,1.00,6.14
2016.05.16 01:37:10.438,1.23064,1.23073,1.25,2.02
2016.05.16 01:37:10.540,1.23063,1.23071,1.39,1.69
2016.05.16 01:37:10.642,1.23063,1.23072,1.20,4.50
2016.05.16 01:37:10.693,1.23063,1.23071,1.00,1.07
2016.05.16 01:37:11.199,1.23064,1.23072,1.00,1.50
2016.05.16 01:37:11.721,1.23064,1.23073,1.31,3.26
2016.05.16 01:37:12.626,1.23065,1.23073,1.00,1.57
2016.05.16 01:37:12.979,1.23066,1.23074,1.31,2.77
2016.05.16 01:37:15.798,1.23067,1.23074,1.00,1.27
2016.05.16 01:37:17.756,1.23067,1.23074,1.00,1.57
2016.05.16 01:37:18.059,1.23064,1.23071,2.40,1.12
2016.05.16 01:37:18.262,1.23062,1.23071,1.20,2.02
2016.05.16 01:37:18.666,1.23061,1.2307,1.50,1.87
2016.05.16 01:37:18.717,1.2306,1.23069,1.31,1.50
2016.05.16 01:37:19.254,1.23059,1.23067,1.00,2.44
2016.05.16 01:37:26.022,1.23058,1.23067,1.20,1.87
2016.05.16 01:37:26.224,1.23056,1.23065,1.20,6.56
2016.05.16 01:37:26.427,1.23054,1.23063,2.40,1.87
2016.05.16 01:37:26.971,1.23053,1.23062,1.25,5.14
2016.05.16 01:37:27.472,1.23054,1.23062,1.00,4.39
2016.05.16 01:37:31.154,1.23053,1.23062,1.50,3.82
2016.05.16 01:37:31.951,1.23053,1.23061,1.00,2.32
2016.05.16 01:37:41.169,1.23051,1.2306,1.84,1.57
2016.05.16 01:37:41.220,1.23051,1.23059,1.65,1.00
2016.05.16 01:37:41.373,1.2305,1.23056,3.19,1.31
2016.05.16 01:37:41.676,1.23046,1.23055,1.69,3.26
2016.05.16 01:37:41.979,1.23046,1.23055,1.69,2.51
2016.05.16 01:37:42.333,1.23048,1.23055,1.00,1.01
2016.05.16 01:37:43.676,1.23048,1.23056,1.00,1.01
2016.05.16 01:37:44.622,1.23049,1.23056,1.00,1.01
2016.05.16 01:37:44.774,1.23049,1.23057,1.00,1.84
2016.05.16 01:37:45.296,1.23049,1.23059,1.69,3.19
2016.05.16 01:37:46.383,1.23049,1.23058,1.25,1.84
2016.05.16 01:37:48.953,1.23048,1.23058,1.39,2.21
2016.05.16 01:37:49.892,1.23048,1.23054,1.00,1.56
2016.05.16 01:37:50.398,1.23047,1.23054,1.25,2.51
2016.05.16 01:37:50.927,1.23048,1.23056,1.00,2.25
2016.05.16 01:37:51.460,1.23047,1.23057,2.40,1.57
2016.05.16 01:37:52.265,1.23047,1.23056,1.46,1.00
2016.05.16 01:37:53.003,1.23047,1.23055,1.09,1.00
2016.05.16 01:37:53.542,1.23047,1.23056,1.84,1.00
2016.05.16 01:37:54.020,1.23046,1.23053,3.00,1.00
2016.05.16 01:37:54.526,1.23045,1.23052,2.44,1.69
2016.05.16 01:37:55.092,1.23045,1.23052,2.44,1.69
2016.05.16 01:37:55.396,1.23043,1.23049,2.25,2.44
2016.05.16 01:37:55.548,1.23041,1.23047,1.00,1.56
2016.05.16 01:37:55.599,1.23038,1.23047,4.01,1.56
2016.05.16 01:37:57.773,1.23039,1.23048,1.25,3.75
2016.05.16 01:37:58.077,1.23038,1.23049,5.81,2.21
2016.05.16 01:37:58.253,1.23038,1.23047,4.87,1.00
2016.05.16 01:37:58.758,1.23039,1.23048,1.65,1.00
2016.05.16 01:37:59.062,1.23042,1.23051,1.25,1.65
2016.05.16 01:37:59.567,1.23042,1.23051,1.25,1.20
2016.05.16 01:38:01.356,1.23042,1.23051,1.81,1.20
2016.05.16 01:38:02.006,1.2304,1.2305,6.75,1.00
2016.05.16 01:38:02.513,1.2304,1.23049,2.59,1.84
2016.05.16 01:38:03.690,1.2304,1.23049,1.39,1.76
2016.05.16 01:38:05.294,1.23039,1.23047,2.81,1.56
2016.05.16 01:38:05.840,1.23039,1.23047,1.25,1.66
2016.05.16 01:38:11.779,1.23039,1.23048,3.00,1.75
2016.05.16 01:38:12.083,1.23044,1.23051,2.06,1.00
2016.05.16 01:38:12.184,1.23045,1.23053,2.06,1.07
2016.05.16 01:38:12.388,1.23048,1.23056,1.56,1.95
2016.05.16 01:38:12.869,1.23045,1.23054,4.31,1.20
2016.05.16 01:38:13.374,1.23046,1.23054,1.56,1.50
2016.05.16 01:38:14.131,1.23048,1.23054,1.00,1.50
2016.05.16 01:38:14.350,1.23049,1.23057,1.31,2.25
2016.05.16 01:38:14.869,1.2305,1.23058,1.00,1.50
2016.05.16 01:38:15.886,1.2305,1.23058,1.56,1.50
2016.05.16 01:38:16.110,1.23052,1.2306,1.31,3.37
2016.05.16 01:38:18.171,1.2305,1.2306,2.25,5.25
2016.05.16 01:38:18.716,1.2305,1.23058,3.19,1.00
2016.05.16 01:38:19.019,1.23048,1.23056,1.50,1.00
2016.05.16 01:38:19.121,1.23047,1.23056,1.20,1.87
2016.05.16 01:38:19.304,1.23047,1.23055,1.00,1.50
2016.05.16 01:38:20.164,1.23048,1.23055,1.00,1.50
2016.05.16 01:38:20.730,1.23048,1.23056,1.00,1.57
2016.05.16 01:38:21.270,1.23048,1.23057,1.00,4.69
2016.05.16 01:38:27.536,1.23049,1.23057,1.00,3.56
2016.05.16 01:38:27.840,1.23051,1.23059,1.00,2.25
2016.05.16 01:38:28.407,1.2305,1.23059,1.20,2.62
2016.05.16 01:38:34.084,1.2305,1.23059,1.76,2.62
2016.05.16 01:38:38.922,1.2305,1.23059,1.20,2.81
2016.05.16 01:38:40.462,1.23051,1.23059,1.00,3.19
2016.05.16 01:38:41.999,1.2305,1.23058,1.65,1.20
2016.05.16 01:38:42.261,1.23048,1.23057,1.01,1.10
2016.05.16 01:38:42.312,1.23048,1.23056,1.25,1.07
2016.05.16 01:38:44.115,1.23049,1.23056,1.00,1.07
2016.05.16 01:38:44.634,1.23047,1.23056,1.29,1.57
2016.05.16 01:38:44.836,1.23046,1.23055,2.02,1.50
2016.05.16 01:38:45.241,1.23045,1.23052,1.50,1.00
2016.05.16 01:38:45.302,1.23044,1.23053,1.50,3.00
2016.05.16 01:38:45.353,1.23047,1.23052,1.00,1.27
2016.05.16 01:38:45.606,1.23049,1.23056,1.00,1.57
2016.05.16 01:38:45.708,1.23051,1.23057,1.00,2.25
2016.05.16 01:38:45.809,1.23051,1.23059,1.00,2.44
2016.05.16 01:38:46.045,1.23053,1.23059,1.00,1.69
2016.05.16 01:38:46.298,1.2305,1.2306,2.32,1.39
2016.05.16 01:38:46.830,1.23051,1.2306,1.12,1.32
2016.05.16 01:38:47.345,1.23052,1.2306,1.00,1.76
2016.05.16 01:38:50.358,1.23054,1.2306,1.00,1.32
2016.05.16 01:38:50.712,1.23057,1.23061,1.18,1.07
2016.05.16 01:38:50.763,1.23058,1.23063,1.00,1.69
2016.05.16 01:38:50.864,1.23059,1.23065,1.28,1.00
2016.05.16 01:38:50.966,1.2306,1.23067,1.50,1.12
2016.05.16 01:38:51.195,1.23064,1.23071,1.00,1.12
2016.05.16 01:38:51.245,1.23064,1.23072,1.14,1.10
2016.05.16 01:38:51.599,1.23062,1.23071,2.27,1.50
2016.05.16 01:38:51.651,1.23062,1.2307,1.45,1.87
2016.05.16 01:38:51.803,1.23061,1.23069,1.18,3.37
2016.05.16 01:38:52.208,1.23058,1.23067,1.64,1.95
2016.05.16 01:38:52.444,1.23057,1.23066,1.50,1.87
2016.05.16 01:38:52.950,1.23057,1.23066,1.00,1.50
2016.05.16 01:38:54.345,1.23059,1.23066,1.00,1.50
2016.05.16 01:38:58.229,1.23058,1.23066,1.00,1.87
2016.05.16 01:38:58.751,1.23057,1.23065,1.12,2.02
2016.05.16 01:38:59.055,1.23056,1.23063,1.00,1.12
2016.05.16 01:38:59.358,1.23056,1.23062,1.00,1.87
2016.05.16 01:38:59.409,1.23054,1.23062,1.00,3.00
2016.05.16 01:38:59.914,1.23055,1.23061,1.00,1.20
2016.05.16 01:39:03.518,1.23056,1.23061,1.00,1.20
2016.05.16 01:39:03.620,1.23057,1.23063,1.00,3.56
2016.05.16 01:39:03.839,1.23057,1.23065,1.50,3.75
2016.05.16 01:39:04.412,1.23058,1.23065,1.00,3.75
2016.05.16 01:39:04.514,1.23056,1.23065,1.20,3.75
2016.05.16 01:39:04.766,1.23058,1.23065,1.00,2.62
2016.05.16 01:39:06.007,1.23059,1.23065,1.00,2.25
2016.05.16 01:39:06.804,1.23057,1.23065,1.37,1.50
2016.05.16 01:39:07.352,1.23057,1.23065,1.00,1.87
2016.05.16 01:39:08.813,1.23058,1.23065,1.00,1.87
2016.05.16 01:39:09.356,1.23057,1.23065,1.19,1.87
2016.05.16 01:39:10.371,1.23057,1.23065,1.19,1.87
2016.05.16 01:39:18.978,1.23059,1.23067,1.00,3.26
2016.05.16 01:39:19.029,1.23059,1.23067,1.00,2.32
2016.05.16 01:39:19.530,1.23059,1.23067,1.20,1.20
2016.05.16 01:39:21.303,1.23059,1.23067,1.76,1.27
2016.05.16 01:39:22.026,1.2306,1.23068,2.96,1.00
2016.05.16 01:39:24.648,1.2306,1.23068,2.96,1.00
2016.05.16 01:39:25.196,1.2306,1.23069,2.96,3.34
2016.05.16 01:39:26.448,1.2306,1.23069,1.20,2.59
2016.05.16 01:39:26.971,1.2306,1.23068,2.40,1.00
2016.05.16 01:39:27.475,1.23061,1.23068,1.00,1.00
2016.05.16 01:39:30.331,1.2306,1.23068,2.40,1.00
2016.05.16 01:39:32.317,1.2306,1.23069,1.20,4.27
2016.05.16 01:39:32.914,1.2306,1.23069,1.20,3.90
2016.05.16 01:39:33.056,1.23057,1.23067,2.32,2.51
2016.05.16 01:39:33.158,1.23056,1.23065,1.20,4.69
2016.05.16 01:39:33.209,1.23055,1.23062,4.12,1.19
2016.05.16 01:39:33.463,1.23054,1.2306,1.00,2.25
2016.05.16 01:39:33.565,1.23054,1.2306,1.00,3.26
2016.05.16 01:39:33.616,1.23054,1.2306,1.00,4.09
2016.05.16 01:39:34.320,1.23051,1.2306,1.20,2.96
2016.05.16 01:39:35.181,1.2305,1.23059,2.32,4.31
2016.05.16 01:39:35.484,1.23048,1.23057,2.25,2.62
2016.05.16 01:39:36.035,1.23048,1.23056,2.25,1.50
2016.05.16 01:39:38.882,1.23048,1.23057,2.25,3.37
2016.05.16 01:39:39.384,1.23048,1.23057,1.20,6.00
2016.05.16 01:39:42.967,1.23047,1.23055,1.50,1.00
2016.05.16 01:39:43.119,1.23045,1.23053,4.95,1.00
2016.05.16 01:39:43.170,1.23046,1.23055,1.00,4.69
2016.05.16 01:39:43.322,1.23045,1.23053,1.00,2.32
2016.05.16 01:39:43.828,1.23047,1.23053,1.50,1.07
2016.05.16 01:39:44.071,1.23047,1.23055,1.50,1.87
2016.05.16 01:39:44.577,1.23047,1.23056,1.57,1.20
2016.05.16 01:39:45.350,1.23048,1.23056,1.00,1.20
2016.05.16 01:39:48.361,1.23047,1.23056,2.32,1.07
2016.05.16 01:39:50.432,1.23048,1.23056,1.00,1.20
2016.05.16 01:39:52.842,1.23047,1.23055,1.95,1.10
2016.05.16 01:39:54.084,1.23046,1.23055,4.95,1.47
2016.05.16 01:39:54.289,1.23045,1.23052,1.10,1.00
2016.05.16 01:39:54.795,1.23044,1.23053,3.34,1.27
2016.05.16 01:39:55.099,1.23044,1.23051,1.00,2.81
2016.05.16 01:39:55.352,1.23042,1.23049,1.31,1.00
2016.05.16 01:39:55.554,1.23039,1.23047,2.14,1.00
2016.05.16 01:39:55.884,1.23039,1.23046,1.00,1.87
2016.05.16 01:39:56.237,1.23037,1.23046,3.75,2.62
2016.05.16 01:39:56.440,1.2304,1.23045,1.00,1.65
2016.05.16 01:39:56.592,1.2304,1.23049,5.01,1.07
2016.05.16 01:39:56.643,1.23045,1.2305,1.00,3.19
2016.05.16 01:39:56.795,1.23043,1.23051,1.00,1.00
2016.05.16 01:39:56.846,1.23044,1.23049,1.00,1.00
2016.05.16 01:39:56.947,1.23042,1.23049,1.00,1.00
2016.05.16 01:39:57.071,1.23041,1.23048,1.65,1.75
2016.05.16 01:39:57.233,1.2304,1.23046,1.00,1.81
2016.05.16 01:39:57.391,1.23039,1.23047,1.00,3.26
2016.05.16 01:39:57.811,1.23037,1.23045,5.01,1.50
2016.05.16 01:39:58.265,1.23036,1.2304,1.39,1.56
2016.05.16 01:39:58.570,1.23035,1.23038,2.25,1.32
2016.05.16 01:39:58.773,1.23038,1.23042,1.00,1.00
2016.05.16 01:39:58.926,1.23039,1.23045,1.00,1.07
2016.05.16 01:39:59.129,1.23037,1.23045,2.25,1.07
2016.05.16 01:39:59.635,1.23036,1.23044,1.50,1.07
2016.05.16 01:40:00.344,1.23035,1.23044,1.57,1.07
2016.05.16 01:40:00.875,1.23035,1.23044,5.32,1.07
2016.05.16 01:40:01.397,1.23035,1.23044,5.70,1.07
2016.05.16 01:40:02.416,1.23036,1.23044,1.00,1.57
2016.05.16 01:40:02.770,1.23034,1.23043,2.44,2.25
2016.05.16 01:40:03.349,1.23035,1.23043,1.50,1.50
2016.05.16 01:40:03.579,1.23039,1.23043,1.00,1.50
2016.05.16 01:40:03.732,1.23039,1.23045,1.18,1.87
2016.05.16 01:40:03.833,1.23038,1.23046,1.47,1.50
2016.05.16 01:40:04.809,1.2304,1.23047,1.00,1.39
2016.05.16 01:40:04.860,1.23043,1.23049,1.00,4.01
2016.05.16 01:40:05.067,1.23046,1.23052,1.00,1.10
2016.05.16 01:40:05.371,1.23048,1.23054,1.00,1.95
2016.05.16 01:40:05.422,1.23046,1.23054,3.75,1.12
2016.05.16 01:40:05.877,1.23044,1.23052,1.27,1.12
2016.05.16 01:40:06.029,1.23044,1.2305,1.00,1.00
2016.05.16 01:40:06.555,1.23044,1.23049,1.00,1.00
2016.05.16 01:40:07.065,1.23043,1.2305,1.00,1.57
2016.05.16 01:40:07.612,1.23044,1.23049,1.00,1.10
2016.05.16 01:40:12.722,1.23043,1.2305,2.06,1.07
2016.05.16 01:40:13.928,1.23043,1.2305,2.06,1.20
2016.05.16 01:40:15.243,1.23046,1.2305,1.56,1.07
2016.05.16 01:40:15.397,1.23048,1.23054,1.00,2.51
2016.05.16 01:40:15.929,1.23048,1.23055,1.56,1.07
2016.05.16 01:40:17.945,1.23049,1.23056,1.31,1.50
2016.05.16 01:40:21.558,1.23046,1.23056,1.76,3.37
2016.05.16 01:40:22.142,1.23047,1.23055,1.56,1.65
2016.05.16 01:40:26.760,1.23048,1.23056,1.56,1.87
2016.05.16 01:40:30.237,1.23048,1.23056,1.56,1.87
2016.05.16 01:40:30.715,1.23048,1.23057,1.56,1.20
2016.05.16 01:40:33.551,1.23048,1.23057,1.00,1.65
2016.05.16 01:40:33.703,1.2305,1.23057,1.00,1.20
2016.05.16 01:40:34.007,1.23051,1.23059,1.56,1.29
2016.05.16 01:40:34.520,1.2305,1.23059,3.26,1.10
2016.05.16 01:40:34.974,1.23048,1.23057,2.14,1.10
2016.05.16 01:40:35.480,1.23048,1.23056,1.31,1.09
2016.05.16 01:40:35.986,1.23047,1.23056,1.56,2.14
2016.05.16 01:40:38.733,1.23047,1.23055,1.00,1.10
2016.05.16 01:40:39.242,1.23048,1.23056,1.00,1.32
2016.05.16 01:40:42.657,1.23049,1.23056,1.00,1.32
2016.05.16 01:40:43.176,1.23048,1.23056,1.31,1.32
2016.05.16 01:40:43.823,1.23049,1.23056,1.00,1.32
2016.05.16 01:40:44.365,1.23048,1.23056,1.31,1.32
2016.05.16 01:40:45.557,1.23048,1.23057,1.00,1.95
2016.05.16 01:40:47.602,1.23047,1.23057,2.51,1.95
2016.05.16 01:40:49.939,1.23048,1.23057,1.00,2.70
2016.05.16 01:40:50.491,1.23049,1.23056,1.00,1.01
2016.05.16 01:40:51.038,1.23048,1.23056,1.00,1.01
2016.05.16 01:40:54.202,1.23047,1.23054,1.76,1.00
2016.05.16 01:40:54.253,1.23046,1.23054,3.34,1.00
2016.05.16 01:40:54.787,1.23045,1.23053,1.56,2.96
2016.05.16 01:40:58.489,1.23045,1.23053,1.56,2.51
2016.05.16 01:40:59.016,1.23045,1.23052,1.00,1.10
2016.05.16 01:40:59.307,1.23043,1.23052,1.57,1.20
2016.05.16 01:40:59.560,1.23043,1.23051,1.00,3.45
2016.05.16 01:41:00.109,1.23042,1.2305,1.50,3.00
2016.05.16 01:41:00.619,1.23041,1.23048,1.00,1.10
2016.05.16 01:41:00.670,1.23039,1.23048,1.87,1.10
2016.05.16 01:41:01.256,1.23039,1.23048,1.00,1.34
2016.05.16 01:41:01.811,1.23039,1.23048,1.00,1.04
2016.05.16 01:41:05.652,1.23038,1.23047,1.84,1.00
2016.05.16 01:41:06.185,1.23039,1.23048,1.00,1.04
2016.05.16 01:41:11.544,1.23039,1.23047,1.50,1.00
2016.05.16 01:41:11.746,1.23037,1.23046,2.14,1.24
2016.05.16 01:41:12.252,1.23036,1.23045,1.50,2.25
2016.05.16 01:41:12.303,1.23035,1.23045,2.59,4.50
2016.05.16 01:41:12.630,1.23034,1.23043,1.95,1.71
2016.05.16 01:41:13.150,1.23035,1.23042,1.50,1.07
2016.05.16 01:41:13.686,1.23034,1.23042,1.00,1.21
2016.05.16 01:41:14.037,1.23036,1.23043,1.00,1.50
2016.05.16 01:41:14.254,1.23038,1.23046,1.00,1.57
2016.05.16 01:41:14.788,1.23038,1.23047,1.50,2.14
2016.05.16 01:41:14.890,1.2304,1.23047,1.00,1.32
2016.05.16 01:41:15.395,1.23039,1.23047,1.00,1.15
2016.05.16 01:41:15.903,1.23039,1.23048,1.00,3.70
2016.05.16 01:41:16.483,1.23038,1.23047,3.52,1.09
2016.05.16 01:41:20.255,1.23039,1.23047,1.00,1.09
2016.05.16 01:41:22.186,1.23041,1.23049,1.00,1.71
2016.05.16 01:41:22.490,1.23046,1.23054,1.50,1.20
2016.05.16 01:41:29.251,1.23045,1.23054,2.40,1.20
2016.05.16 01:41:31.358,1.23045,1.23053,3.52,1.00
2016.05.16 01:41:32.205,1.23045,1.23053,2.77,1.00
2016.05.16 01:41:36.764,1.23046,1.23054,1.12,1.20
2016.05.16 01:41:37.504,1.23045,1.23054,5.02,1.20
2016.05.16 01:41:38.039,1.23046,1.23054,1.00,1.20
2016.05.16 01:41:41.684,1.23045,1.23054,2.77,1.20
2016.05.16 01:41:43.570,1.23046,1.23054,1.00,1.20
2016.05.16 01:41:44.074,1.23047,1.23055,1.00,2.25
2016.05.16 01:41:44.622,1.23045,1.23055,3.52,3.75
2016.05.16 01:41:45.161,1.23045,1.23054,2.02,1.65
2016.05.16 01:41:45.694,1.23046,1.23054,1.00,1.20
2016.05.16 01:41:46.785,1.23045,1.23054,3.52,1.20
2016.05.16 01:41:49.752,1.23045,1.23054,2.32,1.57
2016.05.16 01:41:50.288,1.23044,1.23053,1.09,1.20
2016.05.16 01:41:55.682,1.23046,1.23053,1.56,1.20
2016.05.16 01:41:55.986,1.2305,1.23055,1.56,1.69
2016.05.16 01:41:56.087,1.2305,1.23057,1.56,1.32
2016.05.16 01:41:56.188,1.23051,1.23059,1.56,1.87
2016.05.16 01:41:56.558,1.23051,1.23059,1.94,1.50
2016.05.16 01:42:01.661,1.23052,1.23059,1.56,1.50
2016.05.16 01:42:02.166,1.23052,1.2306,1.56,2.44
2016.05.16 01:42:07.991,1.23053,1.2306,1.56,1.50
2016.05.16 01:42:12.388,1.23051,1.2306,2.14,1.20
2016.05.16 01:42:15.795,1.23051,1.2306,1.66,1.29
2016.05.16 01:42:15.997,1.23049,1.23058,1.76,1.87
2016.05.16 01:42:16.528,1.23049,1.23058,1.34,2.25
2016.05.16 01:42:18.085,1.23048,1.23056,1.34,1.00
2016.05.16 01:42:18.984,1.23048,1.23056,1.20,1.87
2016.05.16 01:42:19.494,1.23047,1.23055,2.25,1.00
2016.05.16 01:42:20.072,1.23046,1.23055,2.44,2.62
2016.05.16 01:42:20.123,1.23046,1.23053,1.69,1.00
2016.05.16 01:42:20.326,1.23044,1.23052,3.00,1.00
2016.05.16 01:42:21.912,1.23044,1.2305,1.07,1.00
2016.05.16 01:42:22.512,1.23043,1.2305,1.50,2.25
2016.05.16 01:42:24.127,1.23043,1.23049,1.50,1.00
2016.05.16 01:42:24.629,1.23043,1.23049,1.20,1.00
2016.05.16 01:42:27.593,1.23043,1.23048,1.20,1.00
2016.05.16 01:42:28.719,1.23042,1.23048,1.69,1.00
2016.05.16 01:42:37.828,1.23042,1.23048,1.69,1.00
2016.05.16 01:42:38.209,1.23043,1.23046,1.00,1.00
2016.05.16 01:42:38.513,1.23038,1.23039,1.50,1.00
2016.05.16 01:42:38.564,1.23038,1.2304,1.00,2.25
2016.05.16 01:42:38.716,1.23037,1.23038,1.00,1.00
2016.05.16 01:42:38.919,1.23038,1.2304,1.00,1.50
2016.05.16 01:42:39.284,1.23038,1.23039,1.00,1.00
2016.05.16 01:42:39.385,1.23036,1.23039,1.50,1.00
2016.05.16 01:42:39.487,1.23034,1.23038,1.50,1.00
2016.05.16 01:42:40.113,1.23034,1.23037,1.00,1.00
2016.05.16 01:42:40.634,1.23033,1.23037,1.00,1.00
2016.05.16 01:42:41.116,1.23031,1.23038,1.00,1.00
2016.05.16 01:42:41.219,1.23035,1.23038,1.00,1.87
2016.05.16 01:42:41.321,1.23032,1.23038,2.25,3.75
2016.05.16 01:42:41.524,1.23033,1.23039,1.00,1.50
2016.05.16 01:42:41.879,1.23032,1.2304,1.50,1.20
2016.05.16 01:42:42.458,1.23033,1.23041,1.00,2.06
2016.05.16 01:42:44.409,1.23033,1.2304,1.50,1.20
2016.05.16 01:42:46.142,1.23032,1.2304,1.00,3.45
2016.05.16 01:42:46.398,1.23032,1.23037,1.12,1.00
2016.05.16 01:42:46.499,1.2303,1.23037,1.50,1.25
2016.05.16 01:42:47.024,1.2303,1.23036,1.00,1.20
2016.05.16 01:42:47.550,1.23028,1.23036,1.37,1.20
2016.05.16 01:42:48.015,1.23027,1.23034,2.21,1.00
2016.05.16 01:42:48.318,1.23025,1.23033,1.12,1.20
2016.05.16 01:42:48.843,1.23028,1.23033,1.00,1.10
2016.05.16 01:42:49.148,1.2303,1.23034,1.00,1.07
2016.05.16 01:42:49.654,1.2303,1.23035,1.31,1.20
2016.05.16 01:42:51.667,1.23029,1.23035,1.64,1.95
2016.05.16 01:42:51.983,1.23034,1.2304,1.14,1.10
2016.05.16 01:42:52.339,1.23033,1.23041,1.26,1.01
2016.05.16 01:42:53.709,1.23032,1.2304,1.34,1.00
2016.05.16 01:42:54.508,1.23032,1.2304,2.09,1.00
2016.05.16 01:42:56.719,1.23032,1.2304,2.46,1.00
2016.05.16 01:42:57.250,1.23033,1.23041,2.01,1.76
2016.05.16 01:42:59.308,1.23032,1.23041,2.46,1.39
2016.05.16 01:43:01.109,1.23032,1.23041,3.59,1.01
2016.05.16 01:43:08.526,1.23032,1.23041,3.21,2.14
2016.05.16 01:43:09.083,1.23033,1.2304,1.14,1.00
2016.05.16 01:43:09.748,1.23033,1.2304,1.14,1.00
2016.05.16 01:43:10.453,1.23033,1.23041,1.14,1.39
2016.05.16 01:43:10.827,1.23033,1.2304,1.14,1.00
2016.05.16 01:43:12.453,1.23033,1.23041,1.34,1.25
2016.05.16 01:43:13.119,1.23033,1.23042,1.34,2.81
2016.05.16 01:43:13.434,1.23038,1.23043,1.24,3.75
2016.05.16 01:43:13.535,1.23038,1.23045,1.61,1.19
2016.05.16 01:43:13.687,1.2304,1.23046,1.90,1.87
2016.05.16 01:43:13.738,1.2304,1.23046,5.27,1.12
2016.05.16 01:43:14.284,1.23041,1.23049,1.34,1.31
2016.05.16 01:43:16.724,1.23041,1.23049,2.09,1.31
2016.05.16 01:43:19.125,1.2304,1.23048,2.95,1.31
2016.05.16 01:43:19.176,1.2304,1.23049,2.76,2.81
2016.05.16 01:43:20.226,1.23041,1.23049,1.84,1.31
2016.05.16 01:43:23.028,1.23041,1.23049,1.84,1.31
2016.05.16 01:43:24.724,1.2304,1.23049,5.81,1.62
2016.05.16 01:43:25.229,1.2304,1.23048,2.06,2.62
2016.05.16 01:43:26.405,1.2304,1.23048,4.31,1.12
2016.05.16 01:43:27.616,1.2304,1.23048,4.31,2.25
2016.05.16 01:43:28.036,1.23043,1.2305,1.56,3.71
2016.05.16 01:43:28.087,1.23043,1.2305,1.81,3.34
2016.05.16 01:43:28.137,1.23044,1.2305,1.56,2.89
2016.05.16 01:43:28.543,1.23046,1.23051,1.00,1.00
2016.05.16 01:43:28.947,1.23048,1.23053,1.56,1.19
2016.05.16 01:43:29.099,1.23046,1.23054,2.59,1.87
2016.05.16 01:43:29.251,1.23046,1.23054,2.14,1.12
2016.05.16 01:43:29.303,1.23046,1.23052,2.14,1.25
2016.05.16 01:43:29.606,1.23045,1.2305,2.06,1.00
2016.05.16 01:43:30.363,1.23045,1.23051,1.56,1.25
2016.05.16 01:43:30.735,1.23045,1.23052,1.56,1.69
2016.05.16 01:43:32.420,1.23043,1.2305,2.21,1.37
2016.05.16 01:43:32.470,1.23042,1.2305,3.19,2.62
2016.05.16 01:43:32.521,1.23042,1.23048,2.44,2.06
2016.05.16 01:43:32.572,1.2304,1.23047,2.40,1.12
2016.05.16 01:43:32.623,1.2304,1.23047,1.76,3.94
2016.05.16 01:43:33.374,1.23037,1.23043,2.14,1.00
2016.05.16 01:43:33.475,1.23036,1.23042,1.45,1.19
2016.05.16 01:43:33.577,1.23035,1.2304,1.31,1.00
2016.05.16 01:43:34.324,1.23035,1.2304,1.31,2.06
2016.05.16 01:43:34.865,1.23033,1.2304,1.69,1.69
2016.05.16 01:43:39.134,1.23033,1.2304,1.81,1.31
2016.05.16 01:43:39.286,1.23033,1.23039,1.00,1.20
2016.05.16 01:43:39.387,1.23031,1.23037,1.56,1.00
2016.05.16 01:43:39.590,1.23029,1.23037,1.26,1.87
2016.05.16 01:43:39.641,1.23028,1.23036,3.14,1.31
2016.05.16 01:43:40.298,1.23026,1.23033,2.76,1.00
2016.05.16 01:43:40.400,1.23026,1.23031,1.18,1.00
2016.05.16 01:43:40.552,1.23022,1.23029,3.89,1.00
2016.05.16 01:43:41.061,1.23023,1.2303,1.14,1.10
2016.05.16 01:43:41.566,1.23023,1.2303,1.14,1.50
2016.05.16 01:43:42.099,1.23023,1.23028,1.14,1.00
2016.05.16 01:43:43.056,1.23022,1.2303,1.14,8.44
2016.05.16 01:43:43.259,1.23024,1.2303,1.12,1.07
2016.05.16 01:43:43.563,1.23021,1.23027,1.87,1.00
2016.05.16 01:43:43.918,1.23021,1.23029,1.00,1.84
2016.05.16 01:43:44.070,1.23022,1.23029,1.64,1.20
2016.05.16 01:43:44.615,1.23025,1.2303,1.12,1.01
2016.05.16 01:43:44.767,1.23023,1.23029,3.51,1.00
2016.05.16 01:43:44.869,1.23023,1.23032,5.01,2.81
2016.05.16 01:43:45.072,1.23027,1.23033,1.18,1.10
2016.05.16 01:43:45.577,1.23025,1.23033,1.64,2.81
2016.05.16 01:43:46.151,1.23024,1.23033,4.26,2.25
2016.05.16 01:43:47.329,1.23025,1.23032,1.14,1.09
2016.05.16 01:43:47.845,1.23023,1.23032,2.76,1.69
2016.05.16 01:43:50.265,1.23025,1.23033,1.14,3.56
2016.05.16 01:43:50.417,1.23026,1.23035,1.64,3.19
2016.05.16 01:43:50.966,1.23026,1.23035,2.39,3.19
2016.05.16 01:43:52.876,1.23027,1.23035,1.14,3.19
2016.05.16 01:43:54.305,1.23027,1.23035,1.14,3.56
2016.05.16 01:43:55.559,1.23026,1.23035,2.01,1.69
2016.05.16 01:43:58.762,1.23027,1.23035,1.26,3.19
2016.05.16 01:44:00.100,1.23026,1.23035,1.14,3.94
2016.05.16 01:44:00.605,1.23025,1.23033,2.01,1.20
2016.05.16 01:44:01.065,1.23025,1.23033,3.14,3.00
2016.05.16 01:44:05.947,1.23025,1.23031,1.26,1.00
2016.05.16 01:44:09.593,1.23024,1.23031,1.56,1.00
2016.05.16 01:44:10.140,1.23024,1.2303,1.56,1.00
2016.05.16 01:44:13.511,1.23021,1.2303,3.37,1.20
2016.05.16 01:44:15.121,1.23021,1.23028,1.50,1.00
2016.05.16 01:44:18.590,1.23024,1.2303,1.25,1.26
2016.05.16 01:44:18.895,1.23028,1.23034,1.56,1.76
2016.05.16 01:44:21.040,1.23026,1.23035,3.14,1.20
2016.05.16 01:44:21.545,1.2303,1.23038,1.64,2.62
2016.05.16 01:44:21.748,1.23031,1.2304,1.26,2.32
2016.05.16 01:44:21.849,1.23032,1.23039,1.71,1.00
2016.05.16 01:44:22.216,1.23032,1.23041,3.89,2.02
2016.05.16 01:44:22.729,1.23035,1.2304,1.14,1.00
2016.05.16 01:44:23.394,1.23033,1.23039,1.07,1.00
2016.05.16 01:44:23.494,1.23032,1.23039,1.07,1.00
2016.05.16 01:44:23.546,1.23031,1.23037,2.39,1.00
2016.05.16 01:44:23.850,1.23029,1.23035,2.39,1.00
2016.05.16 01:44:23.951,1.23029,1.23035,2.25,1.00
2016.05.16 01:44:24.508,1.2303,1.23034,1.00,1.00
2016.05.16 01:44:27.892,1.23028,1.23034,1.00,1.00
2016.05.16 01:44:30.539,1.23028,1.23033,1.00,1.00
2016.05.16 01:44:31.053,1.23028,1.23035,1.00,2.62
2016.05.16 01:44:31.759,1.23028,1.23035,1.12,2.25
2016.05.16 01:44:33.115,1.23028,1.23035,1.87,2.25
2016.05.16 01:44:35.489,1.2303,1.23035,1.37,1.50
2016.05.16 01:44:35.540,1.23031,1.23039,1.00,2.62
2016.05.16 01:44:35.642,1.23033,1.23039,1.00,1.00
2016.05.16 01:44:36.147,1.23032,1.23041,1.50,2.25
2016.05.16 01:44:36.668,1.23032,1.2304,1.87,1.50
2016.05.16 01:44:37.194,1.23033,1.23041,1.00,1.00
2016.05.16 01:44:37.701,1.23032,1.2304,1.50,1.00
2016.05.16 01:44:37.816,1.23032,1.23042,1.87,1.00
2016.05.16 01:44:38.348,1.23033,1.23042,1.87,1.00
2016.05.16 01:44:46.348,1.23033,1.23041,3.00,1.00
2016.05.16 01:44:48.637,1.23033,1.23042,1.50,1.50
2016.05.16 01:44:52.101,1.23034,1.23041,1.20,1.00
2016.05.16 01:44:52.465,1.23033,1.23038,2.25,1.00
2016.05.16 01:44:52.567,1.23031,1.23038,1.95,1.00
2016.05.16 01:44:52.668,1.2303,1.23038,1.00,1.00
2016.05.16 01:44:52.719,1.2303,1.23035,1.00,1.00
2016.05.16 01:44:53.024,1.23024,1.23031,2.96,1.31
2016.05.16 01:44:53.176,1.23024,1.23033,1.27,2.89
2016.05.16 01:44:53.328,1.23026,1.23033,1.12,1.31
2016.05.16 01:44:53.844,1.23026,1.23034,2.25,1.25
2016.05.16 01:44:54.245,1.23026,1.23032,1.27,1.00
2016.05.16 01:44:54.549,1.23024,1.23031,1.50,1.57
2016.05.16 01:44:55.057,1.23024,1.23029,2.25,1.00
2016.05.16 01:44:55.367,1.23022,1.23029,1.50,1.00
2016.05.16 01:44:55.671,1.23024,1.23028,1.00,1.00
2016.05.16 01:44:55.772,1.23021,1.23028,1.95,1.00
2016.05.16 01:44:56.177,1.2302,1.23026,1.57,1.00
2016.05.16 01:44:56.379,1.23018,1.23025,3.00,1.00
2016.05.16 01:44:56.911,1.23018,1.23026,1.00,1.25
2016.05.16 01:44:56.962,1.2302,1.23026,1.00,1.25
2016.05.16 01:44:57.468,1.2302,1.23027,2.25,1.00
2016.05.16 01:44:57.771,1.23024,1.23028,1.00,1.00
2016.05.16 01:44:58.278,1.23021,1.23028,1.12,1.00
2016.05.16 01:44:58.531,1.23021,1.23028,2.44,1.00
2016.05.16 01:44:59.037,1.23023,1.2303,1.69,3.75
2016.05.16 01:45:00.740,1.23021,1.2303,1.94,1.50
2016.05.16 01:45:01.324,1.23023,1.23028,1.25,1.00
2016.05.16 01:45:02.005,1.2302,1.23029,3.56,1.20
2016.05.16 01:45:03.454,1.23021,1.2303,2.06,3.75
2016.05.16 01:45:07.458,1.23022,1.23029,1.25,1.20
2016.05.16 01:45:14.146,1.23021,1.23029,1.31,1.20
2016.05.16 01:45:19.865,1.2302,1.23027,3.19,1.00
2016.05.16 01:45:19.966,1.2302,1.23027,2.44,1.00
2016.05.16 01:45:20.478,1.2302,1.23026,2.06,1.00
2016.05.16 01:45:21.196,1.23021,1.23028,1.50,1.00
2016.05.16 01:45:21.499,1.23024,1.23031,1.12,3.19
2016.05.16 01:45:22.024,1.23023,1.23031,2.96,1.00
2016.05.16 01:45:22.531,1.23025,1.23033,1.25,1.20
2016.05.16 01:45:23.216,1.23025,1.23032,1.31,1.00
2016.05.16 01:45:23.387,1.23025,1.23034,2.81,1.01
2016.05.16 01:45:23.438,1.23025,1.23032,2.81,1.00
2016.05.16 01:45:26.077,1.23025,1.23033,2.44,1.00
2016.05.16 01:45:28.137,1.23025,1.23032,2.06,1.00
2016.05.16 01:45:28.188,1.23026,1.23034,1.00,1.01
2016.05.16 01:45:28.239,1.23027,1.23035,1.56,3.64
2016.05.16 01:45:28.542,1.23031,1.23038,1.56,1.69
2016.05.16 01:45:28.643,1.23031,1.2304,2.06,4.39
2016.05.16 01:45:28.745,1.23034,1.23042,2.25,2.51
2016.05.16 01:45:28.846,1.23037,1.23043,1.87,1.50
2016.05.16 01:45:28.948,1.23037,1.23044,2.14,1.00
2016.05.16 01:45:29.036,1.23037,1.23044,3.56,1.00
2016.05.16 01:45:29.189,1.23038,1.23042,1.46,1.00
2016.05.16 01:45:29.240,1.23038,1.23045,1.46,1.50
2016.05.16 01:45:29.443,1.2304,1.23046,1.00,1.00
2016.05.16 01:45:29.646,1.23041,1.23048,1.31,1.25
2016.05.16 01:45:29.951,1.23042,1.23046,1.00,1.00
2016.05.16 01:45:30.084,1.23037,1.23045,2.14,1.00
2016.05.16 01:45:30.135,1.23037,1.23043,1.64,1.00
2016.05.16 01:45:30.287,1.23036,1.23045,3.19,2.62
2016.05.16 01:45:30.794,1.23036,1.23044,2.44,1.50
2016.05.16 01:45:31.127,1.23037,1.23046,1.84,3.75
2016.05.16 01:45:31.279,1.23037,1.23047,2.96,2.40
2016.05.16 01:45:32.875,1.23038,1.23048,1.46,2.59
2016.05.16 01:45:33.153,1.23038,1.23048,1.27,2.59
2016.05.16 01:45:33.324,1.23037,1.23045,2.51,1.50
2016.05.16 01:45:33.898,1.23036,1.23044,2.51,1.00
2016.05.16 01:45:34.528,1.23036,1.23043,1.09,1.50
2016.05.16 01:45:35.337,1.23034,1.23042,4.46,1.00
2016.05.16 01:45:36.773,1.23037,1.23045,1.69,5.81
2016.05.16 01:45:37.303,1.23036,1.23043,1.76,1.00
2016.05.16 01:45:38.432,1.23036,1.23044,1.76,1.25
2016.05.16 01:45:39.454,1.23036,1.23043,1.76,1.00
2016.05.16 01:45:40.860,1.23035,1.23041,1.76,1.00
2016.05.16 01:45:41.063,1.23034,1.2304,1.76,1.00
2016.05.16 01:45:41.384,1.23034,1.23041,1.01,1.00
2016.05.16 01:45:41.972,1.23034,1.2304,1.01,1.00
2016.05.16 01:45:42.456,1.23033,1.2304,2.70,1.50
2016.05.16 01:45:42.701,1.23036,1.23039,1.00,1.00
2016.05.16 01:45:42.803,1.23034,1.23039,1.00,1.50
2016.05.16 01:45:42.904,1.23032,1.23038,1.31,1.00
2016.05.16 01:45:43.411,1.23031,1.23037,1.56,1.00
2016.05.16 01:45:45.068,1.23029,1.23037,1.69,1.87
2016.05.16 01:45:45.623,1.23029,1.23036,1.69,1.00
2016.05.16 01:45:45.724,1.23029,1.23036,1.31,1.00
2016.05.16 01:45:47.177,1.23029,1.23036,1.56,1.00
2016.05.16 01:45:47.979,1.23029,1.23036,1.25,1.00
2016.05.16 01:45:48.531,1.2303,1.23036,1.00,1.00
2016.05.16 01:45:48.582,1.2303,1.23038,1.87,1.84
2016.05.16 01:45:48.683,1.23031,1.23039,1.81,1.39
2016.05.16 01:45:48.836,1.23033,1.2304,2.44,1.00
2016.05.16 01:45:48.889,1.23033,1.23041,3.56,1.00
2016.05.16 01:45:49.192,1.23033,1.2304,3.37,1.69
2016.05.16 01:45:49.704,1.23032,1.23039,1.76,1.00
2016.05.16 01:45:51.760,1.23033,1.23038,1.29,1.00
2016.05.16 01:45:52.302,1.23033,1.23038,1.01,1.00
2016.05.16 01:45:52.831,1.23033,1.23039,1.01,1.00
2016.05.16 01:45:53.341,1.23033,1.23038,1.01,1.00
2016.05.16 01:45:54.292,1.23033,1.23042,1.76,2.81
2016.05.16 01:45:54.344,1.23035,1.23042,1.00,2.06
2016.05.16 01:45:54.596,1.23034,1.23043,3.56,1.00
2016.05.16 01:45:54.748,1.23034,1.23041,1.69,1.00
2016.05.16 01:45:54.932,1.23032,1.23039,1.01,1.50
2016.05.16 01:45:55.438,1.23033,1.23039,1.25,2.06
2016.05.16 01:45:56.305,1.2303,1.23038,1.76,1.00
2016.05.16 01:45:56.458,1.2303,1.23038,1.76,1.00
2016.05.16 01:45:58.106,1.2303,1.23038,1.27,1.00
2016.05.16 01:45:58.607,1.23031,1.23039,1.12,1.50
2016.05.16 01:45:59.065,1.23033,1.23039,1.00,1.00
2016.05.16 01:45:59.166,1.23033,1.23041,1.62,1.00
2016.05.16 01:45:59.217,1.23036,1.23042,1.00,1.25
2016.05.16 01:45:59.319,1.23036,1.23044,1.65,1.25
2016.05.16 01:46:00.963,1.23038,1.23044,1.00,1.25
2016.05.16 01:46:03.422,1.23036,1.23044,2.02,1.69
2016.05.16 01:46:03.524,1.23036,1.23043,1.39,2.44
2016.05.16 01:46:03.625,1.23033,1.23041,2.40,1.69
2016.05.16 01:46:03.828,1.23031,1.2304,1.20,1.50
2016.05.16 01:46:04.081,1.23033,1.2304,1.00,1.87
2016.05.16 01:46:04.428,1.23035,1.23043,1.00,2.25
2016.05.16 01:46:04.934,1.23036,1.23043,1.65,1.25
2016.05.16 01:46:05.468,1.23035,1.23044,4.12,4.69
2016.05.16 01:46:05.519,1.23035,1.23042,2.62,1.25
2016.05.16 01:46:05.831,1.23031,1.23039,3.45,1.00
2016.05.16 01:46:06.467,1.23031,1.23039,1.95,1.00
2016.05.16 01:46:06.971,1.23032,1.23039,1.00,1.87
2016.05.16 01:46:08.077,1.23032,1.2304,1.00,5.06
2016.05.16 01:46:08.594,1.23033,1.23039,1.00,1.50
2016.05.16 01:46:09.108,1.23033,1.2304,1.12,5.44
2016.05.16 01:46:10.794,1.23033,1.2304,1.12,1.81
2016.05.16 01:46:11.853,1.23033,1.2304,1.87,1.81
2016.05.16 01:46:11.904,1.23033,1.23041,1.87,2.14
2016.05.16 01:46:12.231,1.23038,1.23042,1.00,1.25
2016.05.16 01:46:12.384,1.23039,1.23046,1.00,3.26
2016.05.16 01:46:12.636,1.23042,1.23048,1.00,4.27
2016.05.16 01:46:12.839,1.2304,1.23048,1.27,3.52
2016.05.16 01:46:13.347,1.2304,1.23048,1.65,1.65
2016.05.16 01:46:13.862,1.2304,1.23048,1.27,1.09
2016.05.16 01:46:13.964,1.23042,1.23048,1.00,1.09
2016.05.16 01:46:14.141,1.2304,1.23048,1.27,1.09
2016.05.16 01:46:14.727,1.23041,1.23048,1.12,1.09
2016.05.16 01:46:15.276,1.2304,1.23047,1.20,1.00
2016.05.16 01:46:15.650,1.23038,1.23045,2.25,1.00
2016.05.16 01:46:16.307,1.23038,1.23047,1.87,3.52
2016.05.16 01:46:17.046,1.23038,1.23046,1.87,1.00
2016.05.16 01:46:17.586,1.23038,1.23047,1.87,2.77
2016.05.16 01:46:18.311,1.23038,1.23046,2.06,1.00
2016.05.16 01:46:19.558,1.23041,1.23047,1.00,2.77
2016.05.16 01:46:19.912,1.23042,1.23049,1.00,1.65
2016.05.16 01:46:20.065,1.23047,1.23052,1.00,2.25
2016.05.16 01:46:20.217,1.23047,1.23053,1.00,1.65
2016.05.16 01:46:20.730,1.23047,1.23052,1.00,1.00
2016.05.16 01:46:21.231,1.23047,1.23051,1.00,1.00
2016.05.16 01:46:22.429,1.23043,1.23051,3.14,1.00
2016.05.16 01:46:22.632,1.23043,1.23049,1.51,1.00
2016.05.16 01:46:24.542,1.23043,1.23051,2.01,1.12
2016.05.16 01:46:30.588,1.23043,1.23051,2.01,1.12
2016.05.16 01:46:30.639,1.23043,1.23051,2.39,1.00
2016.05.16 01:46:31.847,1.23044,1.2305,1.26,1.00
2016.05.16 01:46:32.100,1.23042,1.23049,1.64,1.00
2016.05.16 01:46:32.253,1.23042,1.23047,1.18,1.00
2016.05.16 01:46:32.621,1.23042,1.23047,1.39,1.00
2016.05.16 01:46:33.138,1.23042,1.23048,1.82,1.09
2016.05.16 01:46:34.139,1.23042,1.2305,1.82,4.76
2016.05.16 01:46:34.647,1.23044,1.2305,1.00,2.59
2016.05.16 01:46:35.154,1.23042,1.2305,1.39,1.84
2016.05.16 01:46:38.996,1.23043,1.2305,1.14,1.39
2016.05.16 01:46:41.236,1.23041,1.2305,3.66,1.84
2016.05.16 01:46:41.741,1.23041,1.23049,2.76,1.69
2016.05.16 01:46:41.792,1.23043,1.2305,1.00,1.84
2016.05.16 01:46:42.355,1.23042,1.2305,1.87,3.71
2016.05.16 01:46:42.890,1.23043,1.23051,1.12,4.31
2016.05.16 01:46:44.579,1.23042,1.23051,1.00,4.31
2016.05.16 01:46:44.893,1.23044,1.23048,1.00,1.00
2016.05.16 01:46:44.994,1.23041,1.23049,1.57,1.50
2016.05.16 01:46:45.510,1.23043,1.23048,1.00,1.00
2016.05.16 01:46:46.163,1.23043,1.23049,1.00,1.10
2016.05.16 01:46:50.807,1.23043,1.23049,1.00,1.66
2016.05.16 01:46:50.908,1.23042,1.23047,1.00,2.59
2016.05.16 01:46:50.960,1.23039,1.23047,2.77,1.84
2016.05.16 01:46:51.314,1.23036,1.23044,1.65,2.21
2016.05.16 01:46:51.516,1.23035,1.23042,2.44,1.00
2016.05.16 01:46:52.022,1.23034,1.23041,1.39,1.00
2016.05.16 01:46:52.527,1.23034,1.23041,1.20,1.00
2016.05.16 01:46:53.080,1.23034,1.23042,1.20,1.12
2016.05.16 01:46:53.618,1.23033,1.23042,2.14,1.66
2016.05.16 01:46:53.720,1.23032,1.2304,1.84,1.56
2016.05.16 01:46:54.124,1.23035,1.2304,1.00,1.31
2016.05.16 01:46:54.630,1.23037,1.23044,1.00,2.51
2016.05.16 01:46:55.417,1.23039,1.23045,1.00,2.14
2016.05.16 01:46:55.518,1.23039,1.23046,1.00,1.25
2016.05.16 01:46:55.821,1.23038,1.23044,1.10,1.00
2016.05.16 01:46:59.689,1.23038,1.23046,1.10,2.44
2016.05.16 01:47:00.547,1.2304,1.23045,1.00,1.31
2016.05.16 01:47:01.726,1.23039,1.23047,1.12,1.76
2016.05.16 01:47:03.218,1.23039,1.23047,1.12,1.76
2016.05.16 01:47:03.554,1.23041,1.23048,1.12,3.82
2016.05.16 01:47:03.757,1.23042,1.23049,1.00,1.76
2016.05.16 01:47:03.878,1.23044,1.23049,1.00,1.84
2016.05.16 01:47:03.979,1.23042,1.23049,1.50,1.84
2016.05.16 01:47:04.484,1.23042,1.23048,1.00,1.56
2016.05.16 01:47:05.005,1.23043,1.23049,1.00,1.09
2016.05.16 01:47:05.339,1.23046,1.2305,1.00,2.25
2016.05.16 01:47:05.440,1.23047,1.23053,1.00,3.75
2016.05.16 01:47:05.894,1.23049,1.23055,1.00,1.65
2016.05.16 01:47:06.411,1.23045,1.23052,3.75,1.64
2016.05.16 01:47:06.563,1.23044,1.23051,1.00,2.81
2016.05.16 01:47:06.871,1.23041,1.23049,1.69,2.14
2016.05.16 01:47:07.630,1.23038,1.23046,1.19,1.56
2016.05.16 01:47:07.681,1.23037,1.23046,2.25,2.44
2016.05.16 01:47:07.833,1.23036,1.23044,2.06,2.14
2016.05.16 01:47:08.036,1.23034,1.23042,2.25,2.14
2016.05.16 01:47:08.565,1.23033,1.2304,1.31,1.39
2016.05.16 01:47:09.070,1.23031,1.2304,1.69,1.64
2016.05.16 01:47:10.663,1.23033,1.2304,1.25,1.07
2016.05.16 01:47:11.171,1.23032,1.2304,1.00,4.31
2016.05.16 01:47:11.730,1.23033,1.2304,1.00,5.81
2016.05.16 01:47:12.018,1.23031,1.2304,1.00,4.31
2016.05.16 01:47:13.708,1.2303,1.2304,2.44,6.19
2016.05.16 01:47:14.454,1.23031,1.2304,1.00,6.94
2016.05.16 01:47:15.141,1.23031,1.2304,1.50,5.06
2016.05.16 01:47:15.824,1.23033,1.2304,1.00,2.59
2016.05.16 01:47:16.180,1.23033,1.23041,1.87,2.62
2016.05.16 01:47:16.764,1.23034,1.23041,1.00,2.06
2016.05.16 01:47:17.272,1.23032,1.2304,1.39,1.76
2016.05.16 01:47:19.634,1.23032,1.23041,1.69,2.14
2016.05.16 01:47:21.437,1.23032,1.23041,1.69,1.64
2016.05.16 01:47:26.777,1.23033,1.23039,1.25,1.76
2016.05.16 01:47:27.841,1.23031,1.23037,1.12,1.00
2016.05.16 01:47:27.892,1.23031,1.23035,1.00,1.00
2016.05.16 01:47:27.993,1.23029,1.23035,1.50,2.32
2016.05.16 01:47:28.044,1.23025,1.23034,7.39,1.12
2016.05.16 01:47:28.196,1.23025,1.23033,3.19,1.07
2016.05.16 01:47:28.711,1.23024,1.23032,1.00,1.07
2016.05.16 01:47:29.196,1.23024,1.23032,2.25,1.64
2016.05.16 01:47:29.500,1.23027,1.23033,1.50,1.64
2016.05.16 01:47:29.652,1.23028,1.23037,1.12,3.94
2016.05.16 01:47:29.955,1.23027,1.23036,4.09,1.76
2016.05.16 01:47:30.209,1.23025,1.23034,5.59,2.81
2016.05.16 01:47:30.600,1.23026,1.23033,1.37,1.39
2016.05.16 01:47:30.903,1.23028,1.23036,2.06,1.64
2016.05.16 01:47:31.870,1.23028,1.23034,1.31,1.76
2016.05.16 01:47:32.102,1.23026,1.23033,1.20,1.31
2016.05.16 01:47:32.362,1.23026,1.23034,3.00,1.64
2016.05.16 01:47:32.717,1.23025,1.23033,1.31,2.81
2016.05.16 01:47:32.919,1.23026,1.23033,1.87,2.06
2016.05.16 01:47:33.071,1.23028,1.23035,1.69,2.06
2016.05.16 01:47:34.083,1.23027,1.23036,4.39,1.64
2016.05.16 01:47:34.537,1.23027,1.23035,2.06,4.76
2016.05.16 01:47:34.588,1.23027,1.23032,1.31,1.07
2016.05.16 01:47:36.114,1.23025,1.23031,1.50,1.07
2016.05.16 01:47:36.620,1.23024,1.2303,1.12,1.07
2016.05.16 01:47:38.596,1.23023,1.2303,1.25,1.39
2016.05.16 01:47:42.074,1.23022,1.23028,1.19,1.64
2016.05.16 01:47:42.125,1.23021,1.23028,2.06,2.14
2016.05.16 01:47:42.378,1.23017,1.23025,2.06,1.07
2016.05.16 01:47:42.954,1.23016,1.23024,2.06,2.06
2016.05.16 01:47:43.459,1.23017,1.23024,1.00,1.64
2016.05.16 01:47:43.764,1.23019,1.23025,1.31,1.07
2016.05.16 01:47:44.068,1.2302,1.23026,1.50,1.07
2016.05.16 01:47:44.608,1.2302,1.23027,3.37,1.07
2016.05.16 01:47:44.760,1.23018,1.23026,2.32,1.10
2016.05.16 01:47:44.912,1.23017,1.23025,3.19,1.07
2016.05.16 01:47:45.115,1.23015,1.23024,4.39,1.28
2016.05.16 01:47:45.367,1.23014,1.23023,4.69,1.57
2016.05.16 01:47:45.907,1.23014,1.23023,4.31,1.57
2016.05.16 01:47:46.454,1.23014,1.23023,4.69,1.57
2016.05.16 01:47:46.971,1.23014,1.23023,4.31,1.95
2016.05.16 01:47:49.323,1.23015,1.23021,1.12,1.00
2016.05.16 01:47:49.475,1.23013,1.23021,1.00,1.50
2016.05.16 01:47:49.980,1.23014,1.23021,2.25,1.07
2016.05.16 01:47:50.031,1.23014,1.23021,3.37,1.07
2016.05.16 01:47:50.576,1.23014,1.23021,2.62,1.07
2016.05.16 01:47:53.169,1.23014,1.23022,3.19,1.69
2016.05.16 01:47:53.683,1.23017,1.23022,1.81,1.50
2016.05.16 01:47:53.835,1.23018,1.23025,1.69,1.50
2016.05.16 01:47:54.414,1.23018,1.23026,1.69,1.50
2016.05.16 01:47:55.275,1.23017,1.23025,1.00,1.50
2016.05.16 01:47:55.796,1.23016,1.23024,2.02,1.20
2016.05.16 01:47:56.464,1.23016,1.23024,1.65,1.20
2016.05.16 01:47:57.226,1.23016,1.23023,1.65,1.00
2016.05.16 01:47:57.378,1.23015,1.23022,1.27,1.00
2016.05.16 01:47:57.685,1.23014,1.23021,3.37,1.07
2016.05.16 01:48:06.307,1.23015,1.23021,1.50,1.07
2016.05.16 01:48:06.585,1.23014,1.23023,1.75,3.51
2016.05.16 01:48:06.686,1.23017,1.23023,1.56,1.50
2016.05.16 01:48:06.838,1.23018,1.23026,1.50,1.20
2016.05.16 01:48:07.344,1.23019,1.23027,1.25,1.20
2016.05.16 01:48:07.574,1.23021,1.23027,1.00,1.20
2016.05.16 01:48:07.914,1.23022,1.23029,3.00,1.69
2016.05.16 01:48:08.067,1.23019,1.23027,2.96,1.69
2016.05.16 01:48:08.220,1.23017,1.23026,2.06,2.25
2016.05.16 01:48:08.828,1.23016,1.23025,4.57,1.07
2016.05.16 01:48:10.699,1.23016,1.23025,1.95,1.07
2016.05.16 01:48:11.224,1.23016,1.23024,3.00,1.07
2016.05.16 01:48:12.231,1.23018,1.23025,1.25,1.50
2016.05.16 01:48:13.000,1.23015,1.23024,3.94,1.57
2016.05.16 01:48:13.405,1.23013,1.23022,3.94,1.57
2016.05.16 01:48:13.506,1.23013,1.23021,2.06,1.50
2016.05.16 01:48:14.055,1.23011,1.2302,2.44,2.25
2016.05.16 01:48:18.425,1.23011,1.2302,1.56,2.25
2016.05.16 01:48:21.617,1.23011,1.23019,1.56,3.34
2016.05.16 01:48:22.318,1.23011,1.23019,1.31,3.71
2016.05.16 01:48:26.935,1.2301,1.23018,1.12,1.25
2016.05.16 01:48:27.451,1.2301,1.23018,3.00,1.32
2016.05.16 01:48:31.134,1.23011,1.23019,2.44,1.69
2016.05.16 01:48:31.648,1.23012,1.23019,1.00,1.69
2016.05.16 01:48:32.198,1.23012,1.23019,1.56,1.69
2016.05.16 01:48:33.753,1.23015,1.2302,1.87,4.31
2016.05.16 01:48:34.007,1.23022,1.23028,1.00,2.40
2016.05.16 01:48:34.517,1.23022,1.2303,1.00,1.69
2016.05.16 01:48:37.114,1.23022,1.2303,1.87,1.50
2016.05.16 01:48:37.819,1.23022,1.2303,1.87,1.50
2016.05.16 01:48:38.351,1.23021,1.23029,1.12,1.76
2016.05.16 01:48:38.856,1.23021,1.23028,1.00,1.00
2016.05.16 01:48:39.320,1.23023,1.23029,1.00,1.57
2016.05.16 01:48:39.621,1.23024,1.23031,1.00,1.65
2016.05.16 01:48:40.259,1.23027,1.23032,1.00,2.44
2016.05.16 01:48:40.423,1.23029,1.23035,1.00,3.75
2016.05.16 01:48:40.524,1.23029,1.23036,1.00,1.20
2016.05.16 01:48:40.868,1.23032,1.23037,1.00,1.50
2016.05.16 01:48:40.920,1.23033,1.23038,1.00,1.00
2016.05.16 01:48:41.325,1.2303,1.23038,1.20,1.69
2016.05.16 01:48:41.833,1.23029,1.23036,1.50,1.00
2016.05.16 01:48:42.585,1.23029,1.23037,1.00,1.65
2016.05.16 01:48:43.090,1.23029,1.23036,1.00,1.00
2016.05.16 01:48:43.394,1.23028,1.23034,1.00,1.00
2016.05.16 01:48:43.752,1.23028,1.23033,1.00,1.39
2016.05.16 01:48:44.380,1.23028,1.23034,1.00,2.81
2016.05.16 01:48:44.532,1.23026,1.23034,1.12,1.69
2016.05.16 01:48:44.633,1.23028,1.23034,1.00,1.69
2016.05.16 01:48:44.734,1.23026,1.23034,1.00,1.69
2016.05.16 01:48:45.253,1.23026,1.23035,1.12,3.19
2016.05.16 01:48:45.422,1.2303,1.23036,1.00,3.07
2016.05.16 01:48:45.524,1.23031,1.23037,1.00,1.01
2016.05.16 01:48:46.131,1.23034,1.23038,1.00,1.26
2016.05.16 01:48:46.641,1.23033,1.23039,1.00,1.07
2016.05.16 01:48:47.183,1.23034,1.23039,1.00,1.07
2016.05.16 01:48:47.715,1.23033,1.23039,1.00,1.07
2016.05.16 01:48:48.375,1.23034,1.2304,1.00,1.20
2016.05.16 01:48:48.527,1.23034,1.23041,1.00,2.14
2016.05.16 01:48:48.830,1.23032,1.23041,1.50,4.01
2016.05.16 01:48:49.450,1.23031,1.2304,1.87,3.07
2016.05.16 01:48:52.536,1.23032,1.2304,1.00,4.95
2016.05.16 01:48:56.213,1.23032,1.23039,1.00,1.00
2016.05.16 01:48:57.515,1.23032,1.2304,1.00,3.45
2016.05.16 01:49:02.416,1.23032,1.23039,1.00,1.00
2016.05.16 01:49:04.231,1.2303,1.23038,3.56,1.00
2016.05.16 01:49:04.437,1.23028,1.23036,4.31,1.00
2016.05.16 01:49:04.741,1.23028,1.23036,1.69,1.39
2016.05.16 01:49:05.246,1.23027,1.23035,1.69,1.32
2016.05.16 01:49:06.008,1.23028,1.23036,1.31,1.26
2016.05.16 01:49:09.635,1.23026,1.23035,2.51,1.01
2016.05.16 01:49:10.153,1.23028,1.23035,1.00,1.69
2016.05.16 01:49:10.457,1.23026,1.23035,1.12,1.69
2016.05.16 01:49:10.813,1.23028,1.23034,1.00,1.20
2016.05.16 01:49:11.359,1.23028,1.23036,2.06,1.69
2016.05.16 01:49:12.811,1.23029,1.23036,1.00,1.69
2016.05.16 01:49:13.130,1.23032,1.23037,1.00,1.50
2016.05.16 01:49:13.434,1.23036,1.23041,1.50,2.21
2016.05.16 01:49:13.586,1.23036,1.23043,1.50,1.69
2016.05.16 01:49:19.934,1.23036,1.23042,1.00,1.00
2016.05.16 01:49:20.951,1.23036,1.23043,1.00,1.25
2016.05.16 01:49:21.605,1.23036,1.23045,2.62,4.31
2016.05.16 01:49:23.235,1.23037,1.23045,1.00,3.26
2016.05.16 01:49:23.834,1.23036,1.23045,1.87,2.51
2016.05.16 01:49:25.768,1.23037,1.23044,1.00,1.10
2016.05.16 01:49:25.923,1.23039,1.23045,1.00,2.51
2016.05.16 01:49:26.126,1.2304,1.23046,1.00,1.25
2016.05.16 01:49:26.278,1.2304,1.23048,3.00,1.01
2016.05.16 01:49:26.787,1.23041,1.23049,1.00,2.89
2016.05.16 01:49:27.298,1.2304,1.23047,1.00,1.00
2016.05.16 01:49:27.834,1.23041,1.23049,1.00,1.76
2016.05.16 01:49:27.885,1.23043,1.23049,1.00,1.76
2016.05.16 01:49:27.987,1.23043,1.2305,1.00,1.10
2016.05.16 01:49:28.498,1.23044,1.23051,1.00,2.89
2016.05.16 01:49:29.025,1.23043,1.23051,1.00,2.89
2016.05.16 01:49:29.433,1.23041,1.2305,2.12,3.45
2016.05.16 01:49:29.958,1.23041,1.23049,2.87,1.00
2016.05.16 01:49:33.138,1.23042,1.23049,1.00,1.00
2016.05.16 01:49:33.747,1.23042,1.23048,1.00,1.00
2016.05.16 01:49:34.296,1.2304,1.23049,4.01,1.12
2016.05.16 01:49:34.712,1.23042,1.23047,1.00,1.00
2016.05.16 01:49:34.763,1.23042,1.23049,1.00,1.00
2016.05.16 01:49:34.966,1.23045,1.23051,1.00,1.39
2016.05.16 01:49:35.219,1.23045,1.23052,1.50,1.57
2016.05.16 01:49:36.948,1.23046,1.23053,1.00,1.87
2016.05.16 01:49:37.452,1.23047,1.23053,1.00,1.87
2016.05.16 01:49:37.807,1.23048,1.23055,1.00,2.51
2016.05.16 01:49:38.252,1.23049,1.23057,1.50,3.37
2016.05.16 01:49:38.656,1.23047,1.23056,1.50,2.70
2016.05.16 01:49:38.808,1.2305,1.23056,1.00,3.45
2016.05.16 01:49:39.298,1.23048,1.23056,1.00,1.57
2016.05.16 01:49:40.250,1.23046,1.23055,1.10,1.20
2016.05.16 01:49:40.787,1.23046,1.23054,1.00,1.00
2016.05.16 01:49:41.404,1.23048,1.23055,1.00,1.27
2016.05.16 01:49:41.709,1.2305,1.23057,2.25,2.70
2016.05.16 01:49:42.221,1.23051,1.23059,1.10,1.69
2016.05.16 01:49:42.726,1.23052,1.2306,1.10,4.69
2016.05.16 01:49:45.184,1.23051,1.2306,1.20,5.96
2016.05.16 01:49:45.539,1.23049,1.23057,1.00,1.87
2016.05.16 01:49:46.373,1.23049,1.23056,1.00,1.00
2016.05.16 01:49:47.400,1.23049,1.23055,1.00,1.00
2016.05.16 01:49:47.704,1.23047,1.23053,1.57,1.00
2016.05.16 01:49:47.906,1.23045,1.23052,1.50,1.50
2016.05.16 01:49:48.118,1.23043,1.23052,2.32,2.25
2016.05.16 01:49:48.385,1.23046,1.23053,1.00,1.57
2016.05.16 01:49:48.688,1.2305,1.23056,1.00,1.46
2016.05.16 01:49:48.739,1.23048,1.23057,1.12,4.12
2016.05.16 01:49:48.991,1.23047,1.23054,2.25,1.00
2016.05.16 01:49:49.143,1.23046,1.23054,1.65,1.25
2016.05.16 01:49:49.352,1.23048,1.23053,1.00,1.00
2016.05.16 01:49:49.403,1.23046,1.23053,1.65,1.00
2016.05.16 01:49:51.425,1.23046,1.23054,1.65,1.25
2016.05.16 01:49:52.028,1.23047,1.23055,1.00,1.69
2016.05.16 01:49:52.544,1.23046,1.23055,1.20,1.19
2016.05.16 01:49:54.444,1.23048,1.23055,1.00,1.19
2016.05.16 01:49:54.596,1.23049,1.23056,1.00,1.00
2016.05.16 01:49:55.115,1.2305,1.23057,1.00,1.09
2016.05.16 01:49:55.925,1.23049,1.23058,1.50,2.44
2016.05.16 01:49:58.428,1.2305,1.23058,1.00,1.69
2016.05.16 01:49:59.107,1.23048,1.23058,2.40,1.69
2016.05.16 01:50:00.240,1.23049,1.23058,1.00,1.69
2016.05.16 01:50:02.406,1.2305,1.23058,1.00,1.69
2016.05.16 01:50:05.143,1.23051,1.23059,1.57,1.00
2016.05.16 01:50:05.373,1.23054,1.2306,1.00,5.02
2016.05.16 01:50:05.677,1.23058,1.23064,1.00,2.21
2016.05.16 01:50:05.930,1.23056,1.23064,1.65,1.25
2016.05.16 01:50:06.032,1.23058,1.23065,1.00,1.56
2016.05.16 01:50:06.535,1.23056,1.23065,1.57,1.19
2016.05.16 01:50:09.223,1.23057,1.23065,1.10,1.00
2016.05.16 01:50:10.556,1.23057,1.23064,1.00,1.00
2016.05.16 01:50:10.905,1.23057,1.23062,1.00,1.00
2016.05.16 01:50:10.956,1.23055,1.23062,1.65,1.00
2016.05.16 01:50:11.159,1.23054,1.23061,1.00,2.81
2016.05.16 01:50:11.411,1.23052,1.23061,1.25,4.31
2016.05.16 01:50:13.034,1.23051,1.2306,1.39,2.40
2016.05.16 01:50:13.589,1.2305,1.23056,1.69,1.00
2016.05.16 01:50:13.776,1.23049,1.23056,1.00,1.27
2016.05.16 01:50:14.282,1.23048,1.23058,2.44,5.25
2016.05.16 01:50:14.590,1.23047,1.23055,1.27,1.00
2016.05.16 01:50:15.104,1.23045,1.23054,4.01,1.50
2016.05.16 01:50:21.658,1.23046,1.23055,1.01,4.57
2016.05.16 01:50:22.025,1.23046,1.23054,1.25,1.07
2016.05.16 01:50:26.758,1.23045,1.23053,2.06,2.32
2016.05.16 01:50:26.859,1.23044,1.23053,1.57,1.47
2016.05.16 01:50:27.366,1.23045,1.23053,1.12,1.07
2016.05.16 01:50:27.894,1.23046,1.23053,1.00,1.07
2016.05.16 01:50:28.443,1.23045,1.23053,1.00,1.45
2016.05.16 01:50:30.018,1.23044,1.23053,2.62,1.57
2016.05.16 01:50:30.170,1.23046,1.23053,1.00,1.57
2016.05.16 01:50:30.686,1.23045,1.23053,1.12,1.07
2016.05.16 01:50:31.000,1.23048,1.23054,1.00,1.50
2016.05.16 01:50:31.202,1.23049,1.23056,1.69,1.57
2016.05.16 01:50:31.732,1.2305,1.23058,1.00,1.45
2016.05.16 01:50:32.491,1.23051,1.23058,1.00,1.45
2016.05.16 01:50:32.592,1.23053,1.2306,1.00,2.44
2016.05.16 01:50:32.896,1.23055,1.2306,1.00,1.00
2016.05.16 01:50:33.443,1.23054,1.23061,1.69,2.81
2016.05.16 01:50:34.325,1.23054,1.2306,1.69,1.00
2016.05.16 01:50:35.512,1.23054,1.2306,1.69,1.87
2016.05.16 01:50:36.063,1.23053,1.2306,1.29,1.37
2016.05.16 01:50:37.258,1.23053,1.2306,1.10,1.37
2016.05.16 01:50:39.923,1.23054,1.23059,1.00,1.00
2016.05.16 01:50:40.431,1.23053,1.23061,1.10,1.87
2016.05.16 01:50:42.474,1.23054,1.23061,1.00,1.87
2016.05.16 01:50:42.576,1.23055,1.23062,1.50,1.87
2016.05.16 01:50:43.032,1.23055,1.23061,1.10,1.37
2016.05.16 01:50:43.286,1.23053,1.23061,1.00,2.02
2016.05.16 01:50:45.026,1.23052,1.2306,1.09,1.87
2016.05.16 01:50:45.287,1.23053,1.23061,1.00,1.27
2016.05.16 01:50:45.819,1.23053,1.23062,1.00,4.87
2016.05.16 01:50:47.337,1.23053,1.23062,1.76,4.27
2016.05.16 01:50:48.541,1.23055,1.23062,2.81,2.25
2016.05.16 01:50:49.286,1.23055,1.23062,4.31,1.87
2016.05.16 01:50:49.622,1.23059,1.23065,1.56,1.87
2016.05.16 01:50:49.723,1.2306,1.23067,1.31,1.00
2016.05.16 01:50:49.774,1.23061,1.23067,1.56,1.00
2016.05.16 01:50:49.876,1.23061,1.23069,1.66,3.75
2016.05.16 01:50:50.441,1.23062,1.2307,2.21,1.00
2016.05.16 01:50:50.745,1.23065,1.23071,1.66,1.12
2016.05.16 01:50:51.068,1.23064,1.23072,3.64,1.50
2016.05.16 01:50:51.592,1.23064,1.23071,2.14,1.37
2016.05.16 01:50:52.244,1.23064,1.23072,2.14,1.87
2016.05.16 01:50:53.443,1.23063,1.2307,2.81,1.50
2016.05.16 01:50:55.071,1.23063,1.2307,2.81,1.50
2016.05.16 01:50:55.652,1.23064,1.2307,1.76,1.12
2016.05.16 01:50:56.202,1.23063,1.23071,2.44,1.12
2016.05.16 01:50:56.253,1.23063,1.23071,2.06,1.75
2016.05.16 01:50:57.768,1.23063,1.23071,2.06,1.75
2016.05.16 01:51:00.853,1.23063,1.2307,2.06,1.37
2016.05.16 01:51:01.355,1.23062,1.2307,1.76,2.62
2016.05.16 01:51:01.559,1.23061,1.2307,2.81,3.00
2016.05.16 01:51:02.855,1.23061,1.2307,2.81,3.00
2016.05.16 01:51:03.581,1.23063,1.2307,1.56,1.87
2016.05.16 01:51:04.087,1.23062,1.2307,1.76,1.87
2016.05.16 01:51:04.564,1.23061,1.23069,1.10,1.50
2016.05.16 01:51:05.233,1.23062,1.23069,1.00,1.00
2016.05.16 01:51:05.738,1.2306,1.23068,1.39,1.12
2016.05.16 01:51:06.710,1.23061,1.23069,1.12,1.57
2016.05.16 01:51:07.216,1.23062,1.23071,1.00,4.50
2016.05.16 01:51:07.718,1.23061,1.2307,1.27,1.65
2016.05.16 01:51:08.263,1.23062,1.23071,1.00,3.75
2016.05.16 01:51:08.794,1.23062,1.2307,1.69,1.20
2016.05.16 01:51:10.103,1.23065,1.23072,1.56,2.40
2016.05.16 01:51:10.154,1.23066,1.23073,1.12,1.20
2016.05.16 01:51:10.699,1.23065,1.23075,5.77,2.59
2016.05.16 01:51:11.163,1.23065,1.23075,5.21,2.59
2016.05.16 01:51:11.692,1.23065,1.23075,2.96,1.65
2016.05.16 01:51:12.253,1.23067,1.23075,1.00,1.65
2016.05.16 01:51:12.801,1.23067,1.23075,1.00,1.12
2016.05.16 01:51:14.053,1.23066,1.23075,1.00,2.25
2016.05.16 01:51:14.458,1.23068,1.23075,1.00,1.00
2016.05.16 01:51:15.059,1.23067,1.23076,1.12,1.50
2016.05.16 01:51:15.364,1.23074,1.23077,2.25,3.90
2016.05.16 01:51:15.465,1.23071,1.23078,1.10,1.00
2016.05.16 01:51:15.516,1.23074,1.23078,1.00,1.00
2016.05.16 01:51:15.618,1.23072,1.23079,1.20,1.12
2016.05.16 01:51:17.471,1.23071,1.2308,2.44,1.00
2016.05.16 01:51:18.796,1.23076,1.23082,1.00,1.12
2016.05.16 01:51:19.100,1.23084,1.23085,1.00,1.12
2016.05.16 01:51:19.151,1.23082,1.23083,1.00,1.00
2016.05.16 01:51:19.253,1.23084,1.23088,1.07,1.50
2016.05.16 01:51:19.383,1.23082,1.23088,1.00,2.00
2016.05.16 01:51:19.788,1.2308,1.23087,1.39,1.25
2016.05.16 01:51:20.304,1.23079,1.23087,1.69,3.19
2016.05.16 01:51:20.838,1.23079,1.23087,1.82,3.56
2016.05.16 01:51:21.314,1.23079,1.23087,2.57,2.25
2016.05.16 01:51:21.618,1.23082,1.23087,1.14,1.00
2016.05.16 01:51:21.924,1.23083,1.23088,2.91,1.50
2016.05.16 01:51:22.308,1.23081,1.23087,1.39,1.00
2016.05.16 01:51:22.827,1.23079,1.23086,4.41,1.00
2016.05.16 01:51:23.481,1.2308,1.23088,2.57,3.15
2016.05.16 01:51:23.583,1.2308,1.23088,1.14,2.77
2016.05.16 01:51:23.684,1.23083,1.23088,2.57,2.25
2016.05.16 01:51:23.786,1.23083,1.2309,3.89,2.44
2016.05.16 01:51:24.310,1.23083,1.23092,2.57,1.37
2016.05.16 01:51:24.497,1.23083,1.23091,1.26,1.87
2016.05.16 01:51:24.599,1.23084,1.23091,2.72,1.12
2016.05.16 01:51:24.902,1.23083,1.23092,2.51,1.95
2016.05.16 01:51:25.408,1.23082,1.2309,2.81,1.20
2016.05.16 01:51:25.510,1.23081,1.2309,1.39,1.20
2016.05.16 01:51:25.661,1.2308,1.2309,1.29,2.32
2016.05.16 01:51:26.209,1.2308,1.23088,1.19,1.87
2016.05.16 01:51:26.513,1.23081,1.23089,3.23,1.00
2016.05.16 01:51:27.073,1.23081,1.2309,1.46,1.20
2016.05.16 01:51:27.539,1.23082,1.23092,2.81,1.87
2016.05.16 01:51:28.063,1.23082,1.23092,5.81,1.87
2016.05.16 01:51:28.589,1.23083,1.23092,1.25,1.87
2016.05.16 01:51:29.238,1.23082,1.2309,3.37,1.87
2016.05.16 01:51:30.458,1.23081,1.23089,1.25,1.20
2016.05.16 01:51:30.824,1.23084,1.23089,1.00,1.20
2016.05.16 01:51:31.347,1.23083,1.23089,1.00,1.20
2016.05.16 01:51:32.519,1.23085,1.23089,1.00,1.20
2016.05.16 01:51:32.772,1.23087,1.23093,1.00,3.45
2016.05.16 01:51:32.924,1.23087,1.23095,2.06,1.12
2016.05.16 01:51:33.438,1.23088,1.23096,1.00,2.02
2016.05.16 01:51:34.145,1.23089,1.23097,1.00,2.77
2016.05.16 01:51:34.296,1.2309,1.23099,2.81,1.27
2016.05.16 01:51:34.580,1.23095,1.231,1.00,1.27
2016.05.16 01:51:34.884,1.23098,1.23101,1.00,1.00
2016.05.16 01:51:34.935,1.23095,1.23102,1.00,4.12
2016.05.16 01:51:35.793,1.23095,1.23101,1.00,1.50
2016.05.16 01:51:36.022,1.23092,1.23101,3.94,1.50
2016.05.16 01:51:36.760,1.23092,1.23102,2.44,4.87
2016.05.16 01:51:37.113,1.23095,1.23102,1.00,4.87
2016.05.16 01:51:37.335,1.23092,1.23102,2.81,5.62
2016.05.16 01:51:37.894,1.23091,1.231,2.44,1.45
2016.05.16 01:51:38.863,1.23094,1.231,1.00,1.87
2016.05.16 01:51:39.375,1.23095,1.23101,1.00,1.87
2016.05.16 01:51:39.628,1.23097,1.23102,1.00,1.87
2016.05.16 01:51:39.931,1.23101,1.23106,1.00,1.50
2016.05.16 01:51:40.050,1.231,1.2311,1.00,1.00
2016.05.16 01:51:40.174,1.23102,1.23106,1.00,1.50
2016.05.16 01:51:41.132,1.231,1.23106,1.00,5.62
2016.05.16 01:51:41.335,1.23099,1.23104,1.00,1.50
2016.05.16 01:51:41.437,1.23097,1.23103,1.00,1.87
2016.05.16 01:51:41.939,1.23098,1.23103,1.00,2.62
2016.05.16 01:51:42.041,1.23099,1.23103,1.00,2.62
2016.05.16 01:51:42.551,1.23098,1.23102,1.00,2.25
2016.05.16 01:51:43.060,1.231,1.23102,2.25,2.25
2016.05.16 01:51:43.611,1.23101,1.23105,1.00,1.87
2016.05.16 01:51:44.130,1.23102,1.23106,1.00,2.25
2016.05.16 01:51:44.795,1.23103,1.23106,1.00,3.00
2016.05.16 01:51:44.998,1.23105,1.23107,1.00,1.57
2016.05.16 01:51:45.099,1.23106,1.2311,1.00,2.06
2016.05.16 01:51:45.301,1.23107,1.23112,1.00,1.45
2016.05.16 01:51:45.404,1.23108,1.23112,1.00,1.20
2016.05.16 01:51:45.781,1.23107,1.23113,1.00,2.32
2016.05.16 01:51:46.335,1.23106,1.23112,1.00,1.47
2016.05.16 01:51:46.537,1.2311,1.23113,2.25,3.07
2016.05.16 01:51:46.639,1.23111,1.23115,1.00,1.50
2016.05.16 01:51:46.741,1.23113,1.23116,1.00,1.87
2016.05.16 01:51:47.082,1.23114,1.23117,1.00,1.00
2016.05.16 01:51:47.436,1.23114,1.23121,1.00,2.20
2016.05.16 01:51:48.595,1.23114,1.2312,1.00,1.27
2016.05.16 01:51:49.101,1.23113,1.23121,1.00,2.70
2016.05.16 01:51:49.303,1.23112,1.23117,1.00,1.12
2016.05.16 01:51:49.543,1.23109,1.23117,1.25,2.25
2016.05.16 01:51:50.346,1.23114,1.23117,1.00,1.01
2016.05.16 01:51:50.549,1.23118,1.23121,1.00,2.02
2016.05.16 01:51:50.600,1.23118,1.23121,1.00,1.50
2016.05.16 01:51:50.834,1.23118,1.23124,1.00,1.37
2016.05.16 01:51:51.088,1.23116,1.23123,1.20,1.00
2016.05.16 01:51:51.594,1.23115,1.23123,1.20,1.37
2016.05.16 01:51:52.138,1.23115,1.23123,1.00,3.07
2016.05.16 01:51:52.543,1.23112,1.23121,1.76,1.50
2016.05.16 01:51:52.645,1.23112,1.23121,1.76,1.87
2016.05.16 01:51:53.154,1.23112,1.23121,1.09,1.27
2016.05.16 01:51:55.660,1.23112,1.23119,1.00,2.40
2016.05.16 01:51:55.862,1.23109,1.23119,1.20,2.62
2016.05.16 01:51:56.378,1.23109,1.23119,2.25,1.57
2016.05.16 01:51:56.544,1.23112,1.23119,1.00,1.57
2016.05.16 01:51:57.618,1.23113,1.23119,1.00,1.57
2016.05.16 01:51:57.921,1.23115,1.23124,1.00,1.50
2016.05.16 01:51:57.972,1.23117,1.23124,1.00,1.00
2016.05.16 01:51:58.124,1.23115,1.23124,1.50,1.00
2016.05.16 01:51:58.326,1.23118,1.23124,1.00,1.00
2016.05.16 01:51:59.654,1.23117,1.23125,1.00,2.81
2016.05.16 01:51:59.856,1.23115,1.23126,1.50,4.69
2016.05.16 01:52:00.159,1.23117,1.23125,1.00,1.62
2016.05.16 01:52:00.573,1.23119,1.23126,1.25,1.75
2016.05.16 01:52:00.725,1.23118,1.23126,1.19,2.62
2016.05.16 01:52:00.776,1.23118,1.23126,1.69,4.12
2016.05.16 01:52:01.099,1.23122,1.23125,1.00,2.62
2016.05.16 01:52:01.624,1.23122,1.23126,1.00,2.62
2016.05.16 01:52:01.842,1.23121,1.23124,1.00,1.37
2016.05.16 01:52:01.894,1.23118,1.23124,1.19,1.37
2016.05.16 01:52:02.097,1.23117,1.23126,1.00,3.75
2016.05.16 01:52:02.605,1.23116,1.23125,1.76,2.62
2016.05.16 01:52:03.132,1.23117,1.23124,1.00,2.25
2016.05.16 01:52:03.233,1.23115,1.23123,1.01,1.00
2016.05.16 01:52:03.914,1.23114,1.23125,1.76,3.45
2016.05.16 01:52:04.529,1.23114,1.23124,1.29,1.87
2016.05.16 01:52:05.035,1.23114,1.23125,1.29,5.32
2016.05.16 01:52:05.223,1.23115,1.23125,4.39,1.87
2016.05.16 01:52:05.728,1.23117,1.23127,1.69,3.00
2016.05.16 01:52:06.234,1.23118,1.23127,1.12,1.87
2016.05.16 01:52:06.690,1.23118,1.23126,1.19,1.50
2016.05.16 01:52:08.236,1.23118,1.23126,1.69,1.50
2016.05.16 01:52:08.768,1.23118,1.23126,1.19,1.50
2016.05.16 01:52:08.869,1.2312,1.23127,1.50,3.15
2016.05.16 01:52:09.224,1.23118,1.23126,1.00,1.20
2016.05.16 01:52:09.481,1.23119,1.23126,1.19,1.00
2016.05.16 01:52:10.065,1.23119,1.23127,1.19,2.77
2016.05.16 01:52:10.522,1.23121,1.2313,1.01,1.50
2016.05.16 01:52:10.776,1.23122,1.23131,1.20,1.12
2016.05.16 01:52:11.170,1.23122,1.23131,3.19,1.00
2016.05.16 01:52:11.473,1.23122,1.23129,1.39,1.00
2016.05.16 01:52:11.978,1.23122,1.23128,1.39,1.00
2016.05.16 01:52:12.817,1.23121,1.23126,1.76,1.00
2016.05.16 01:52:13.120,1.2312,1.23123,1.07,1.00
2016.05.16 01:52:13.172,1.23118,1.23123,1.29,1.00
2016.05.16 01:52:14.259,1.23117,1.23124,2.44,1.00
2016.05.16 01:52:14.765,1.23117,1.23125,3.94,1.00
2016.05.16 01:52:14.867,1.23118,1.23123,1.69,1.00
2016.05.16 01:52:15.122,1.23115,1.23122,1.26,1.00
2016.05.16 01:52:16.190,1.23114,1.23118,1.29,1.00
2016.05.16 01:52:16.303,1.23113,1.23119,1.32,1.00
2016.05.16 01:52:16.657,1.23111,1.23117,1.76,1.00
2016.05.16 01:52:19.075,1.23111,1.23119,1.29,1.50
2016.05.16 01:52:19.504,1.23111,1.2312,2.44,1.87
2016.05.16 01:52:19.912,1.23111,1.23118,2.44,1.00
2016.05.16 01:52:20.376,1.23111,1.2312,3.19,1.50
2016.05.16 01:52:20.608,1.23113,1.23123,1.29,1.95
2016.05.16 01:52:24.059,1.23113,1.23123,1.76,1.20
2016.05.16 01:52:24.405,1.23113,1.23123,1.39,1.87
2016.05.16 01:52:28.713,1.23113,1.2312,1.39,1.00
2016.05.16 01:52:29.903,1.23113,1.23123,2.44,2.40
2016.05.16 01:52:34.070,1.23116,1.23123,1.00,1.20
2016.05.16 01:52:34.373,1.23116,1.23125,1.20,2.77
2016.05.16 01:52:35.378,1.23117,1.23125,1.00,1.27
2016.05.16 01:52:36.165,1.23116,1.23125,1.20,2.02
2016.05.16 01:52:36.701,1.23115,1.23124,3.19,1.12
2016.05.16 01:52:36.752,1.23115,1.23122,3.19,1.00
2016.05.16 01:52:37.265,1.23113,1.23122,3.71,1.20
2016.05.16 01:52:41.419,1.23115,1.23124,1.01,1.20
2016.05.16 01:52:42.201,1.23116,1.23125,1.00,3.26
2016.05.16 01:52:42.782,1.23115,1.23124,2.32,1.10
2016.05.16 01:52:43.015,1.23115,1.23124,5.70,1.10
2016.05.16 01:52:43.319,1.23119,1.23127,1.00,1.32
2016.05.16 01:52:43.420,1.23119,1.23129,1.84,2.25
2016.05.16 01:52:43.925,1.2312,1.23129,1.50,1.45
2016.05.16 01:52:44.500,1.23119,1.23128,1.84,1.65
2016.05.16 01:52:45.034,1.23119,1.23127,1.09,1.00
2016.05.16 01:52:46.324,1.23118,1.23128,3.56,1.20
2016.05.16 01:52:46.425,1.23121,1.23129,1.00,1.50
2016.05.16 01:52:46.678,1.23122,1.23131,1.00,4.31
2016.05.16 01:52:47.182,1.23121,1.2313,1.50,1.27
2016.05.16 01:52:47.233,1.23123,1.23131,1.25,2.62
2016.05.16 01:52:47.636,1.23125,1.23133,1.00,1.12
2016.05.16 01:52:47.788,1.23125,1.23133,1.25,1.09
2016.05.16 01:52:48.041,1.23127,1.23133,1.00,1.20
2016.05.16 01:52:48.344,1.23133,1.23137,1.00,6.56
2016.05.16 01:52:48.547,1.23134,1.23138,1.00,4.31
2016.05.16 01:52:48.648,1.23135,1.23138,1.00,2.44
2016.05.16 01:52:48.750,1.23135,1.23137,1.50,1.50
2016.05.16 01:52:48.832,1.23138,1.23139,1.00,1.50
2016.05.16 01:52:48.984,1.2314,1.23144,1.00,1.12
2016.05.16 01:52:49.086,1.23143,1.23145,1.00,1.25
2016.05.16 01:52:49.390,1.23149,1.23152,1.00,2.25
2016.05.16 01:52:49.645,1.23149,1.23156,1.00,1.29
2016.05.16 01:52:50.101,1.23148,1.23156,1.00,2.32
2016.05.16 01:52:50.707,1.23147,1.23155,1.50,1.00
2016.05.16 01:52:50.758,1.23147,1.23153,1.50,1.00
2016.05.16 01:52:50.961,1.23144,1.23152,2.25,1.00
2016.05.16 01:52:51.175,1.23145,1.23154,1.69,2.62
2016.05.16 01:52:51.680,1.23145,1.23154,1.26,1.50
2016.05.16 01:52:52.185,1.23145,1.23155,1.26,1.57
2016.05.16 01:52:52.724,1.23145,1.23153,3.26,1.00
2016.05.16 01:52:53.254,1.23145,1.23154,4.01,1.00
2016.05.16 01:52:55.033,1.23145,1.23154,3.19,1.20
2016.05.16 01:52:55.367,1.23146,1.23155,1.25,2.40
2016.05.16 01:52:55.973,1.23147,1.23156,1.00,3.00
2016.05.16 01:52:56.074,1.23148,1.23157,2.44,2.25
2016.05.16 01:52:56.564,1.23146,1.23151,1.69,1.00
2016.05.16 01:52:56.615,1.23146,1.23151,1.25,1.00
2016.05.16 01:52:57.475,1.23143,1.2315,1.39,1.00
2016.05.16 01:52:57.627,1.23142,1.2315,1.46,1.00
2016.05.16 01:52:57.829,1.23146,1.23152,1.00,2.62
2016.05.16 01:52:58.062,1.23153,1.2316,1.10,1.00
2016.05.16 01:52:58.163,1.23153,1.23162,3.19,2.25
2016.05.16 01:52:58.517,1.23153,1.23159,2.81,1.00
2016.05.16 01:52:58.568,1.23153,1.23161,1.69,1.12
2016.05.16 01:52:58.721,1.23152,1.23159,1.39,1.00
2016.05.16 01:52:59.025,1.23151,1.23156,1.50,1.00
2016.05.16 01:52:59.212,1.23149,1.23157,1.31,1.10
2016.05.16 01:52:59.262,1.23148,1.23155,2.81,1.00
2016.05.16 01:52:59.414,1.23147,1.23154,2.06,1.00
2016.05.16 01:52:59.921,1.23144,1.23152,3.56,1.07
2016.05.16 01:53:00.333,1.23144,1.23152,1.69,1.57
2016.05.16 01:53:00.853,1.23143,1.23152,1.19,1.12
2016.05.16 01:53:01.359,1.23142,1.23147,1.95,1.00
2016.05.16 01:53:01.512,1.2314,1.23146,1.00,1.50
2016.05.16 01:53:01.615,1.23135,1.23144,4.76,1.00
2016.05.16 01:53:02.160,1.23136,1.23145,1.25,2.40
2016.05.16 01:53:04.594,1.23135,1.23144,3.71,1.00
2016.05.16 01:53:05.145,1.23136,1.23145,1.25,1.12
2016.05.16 01:53:06.785,1.23137,1.23146,1.00,3.15
2016.05.16 01:53:07.362,1.23136,1.23145,1.00,1.00
2016.05.16 01:53:07.867,1.23136,1.23144,1.00,1.00
2016.05.16 01:53:08.133,1.23137,1.23146,1.65,1.20
2016.05.16 01:53:08.539,1.23139,1.23146,1.00,1.50
2016.05.16 01:53:08.590,1.23139,1.23148,1.00,1.57
2016.05.16 01:53:09.273,1.23138,1.23147,2.32,1.10
2016.05.16 01:53:10.338,1.23138,1.23147,2.89,1.10
2016.05.16 01:53:10.843,1.23138,1.23147,1.39,1.10
2016.05.16 01:53:11.494,1.23138,1.23147,1.76,1.10
2016.05.16 01:53:12.606,1.23138,1.23149,4.76,2.06
2016.05.16 01:53:12.888,1.23142,1.23152,1.00,6.94
2016.05.16 01:53:12.990,1.23143,1.23152,1.19,1.20
2016.05.16 01:53:13.496,1.23144,1.23153,1.31,1.20
2016.05.16 01:53:14.002,1.23144,1.23153,1.62,1.00
2016.05.16 01:53:14.545,1.23145,1.23154,1.00,1.20
2016.05.16 01:53:15.082,1.23144,1.23153,1.31,1.00
2016.05.16 01:53:15.643,1.23145,1.23154,1.00,1.20
2016.05.16 01:53:16.108,1.23147,1.23155,1.00,1.20
2016.05.16 01:53:16.615,1.23148,1.23156,1.00,1.39
2016.05.16 01:53:16.968,1.23146,1.23155,1.00,1.25
2016.05.16 01:53:17.019,1.23145,1.23153,3.15,1.00
2016.05.16 01:53:17.529,1.23142,1.23153,1.46,3.00
2016.05.16 01:53:20.413,1.23142,1.23151,2.59,1.00
2016.05.16 01:53:20.978,1.23143,1.23152,1.19,1.27
2016.05.16 01:53:21.661,1.23144,1.23153,2.06,1.57
2016.05.16 01:53:24.263,1.23143,1.23152,1.29,1.12
2016.05.16 01:53:24.807,1.23143,1.23152,1.69,1.57
2016.05.16 01:53:25.346,1.23142,1.2315,1.00,1.00
2016.05.16 01:53:25.880,1.23141,1.2315,1.25,3.75
2016.05.16 01:53:26.937,1.2314,1.23148,1.69,1.00
2016.05.16 01:53:27.113,1.23139,1.23148,1.31,1.00
2016.05.16 01:53:27.227,1.2314,1.23149,1.14,1.95
2016.05.16 01:53:27.732,1.23138,1.23147,1.90,1.00
2016.05.16 01:53:28.156,1.23138,1.23149,1.32,3.07
2016.05.16 01:53:28.706,1.23139,1.23149,1.39,2.32
2016.05.16 01:53:29.258,1.2314,1.23149,1.14,3.07
2016.05.16 01:53:29.763,1.2314,1.23149,2.39,1.20
2016.05.16 01:53:31.659,1.23139,1.23147,1.45,1.00
2016.05.16 01:53:31.811,1.23137,1.23145,2.57,1.00
2016.05.16 01:53:31.862,1.23137,1.23145,1.82,1.00
2016.05.16 01:53:32.217,1.23136,1.23142,1.82,1.00
2016.05.16 01:53:32.268,1.23135,1.23143,2.76,1.00
2016.05.16 01:53:32.370,1.23136,1.23143,2.39,1.00
2016.05.16 01:53:32.698,1.23137,1.23146,1.14,1.10
2016.05.16 01:53:32.749,1.23136,1.23143,1.26,1.00
2016.05.16 01:53:32.851,1.23134,1.23143,4.07,1.50
2016.05.16 01:53:32.952,1.23134,1.2314,1.26,1.12
2016.05.16 01:53:33.104,1.2313,1.23137,1.82,1.00
2016.05.16 01:53:33.560,1.2313,1.23139,1.39,3.45
2016.05.16 01:53:34.066,1.2313,1.23137,1.39,1.00
2016.05.16 01:53:34.272,1.23129,1.23136,1.32,1.00
2016.05.16 01:53:34.676,1.23126,1.23134,3.32,1.00
2016.05.16 01:53:35.032,1.23127,1.23134,1.14,1.57
2016.05.16 01:53:35.339,1.23127,1.23134,1.14,2.25
2016.05.16 01:53:36.570,1.23126,1.23134,1.39,1.75
2016.05.16 01:53:37.943,1.23125,1.23134,1.32,1.75
2016.05.16 01:53:38.234,1.23126,1.23134,1.39,1.75
2016.05.16 01:53:38.740,1.23126,1.23135,1.45,3.45
2016.05.16 01:53:39.780,1.23131,1.23135,1.18,1.65
2016.05.16 01:53:39.831,1.23131,1.23136,1.64,1.95
2016.05.16 01:53:39.932,1.23129,1.23138,2.20,2.25
2016.05.16 01:53:40.439,1.23132,1.2314,1.14,1.01
2016.05.16 01:53:40.642,1.23132,1.23141,1.14,1.95
2016.05.16 01:53:41.404,1.23133,1.23142,1.14,3.00
2016.05.16 01:53:41.938,1.23133,1.23142,1.14,1.20
2016.05.16 01:53:42.349,1.23132,1.23142,1.14,1.20
2016.05.16 01:53:42.554,1.23133,1.23141,1.00,1.10
2016.05.16 01:53:43.060,1.23132,1.23141,1.00,1.50
2016.05.16 01:53:43.385,1.2313,1.23138,3.45,1.00
2016.05.16 01:53:43.637,1.23128,1.23138,2.44,1.12
2016.05.16 01:53:44.041,1.23129,1.23138,1.37,1.87
2016.05.16 01:53:44.442,1.23132,1.23138,1.00,1.95
2016.05.16 01:53:44.746,1.23134,1.23139,1.00,1.12
2016.05.16 01:53:44.898,1.23134,1.2314,1.00,1.20
2016.05.16 01:53:45.403,1.23135,1.23141,1.00,2.25
2016.05.16 01:53:45.657,1.23135,1.23144,1.87,1.50
2016.05.16 01:53:45.794,1.23137,1.23145,1.00,3.00
2016.05.16 01:53:45.996,1.23139,1.23146,1.00,1.00
2016.05.16 01:53:46.300,1.2314,1.23149,2.25,3.37
2016.05.16 01:53:47.137,1.23139,1.23148,1.50,1.65
2016.05.16 01:53:48.351,1.23138,1.23147,1.00,1.87
2016.05.16 01:53:48.868,1.23138,1.23146,1.00,1.12
2016.05.16 01:53:49.445,1.23138,1.23147,1.00,3.37
2016.05.16 01:53:49.603,1.23136,1.23145,1.31,1.00
2016.05.16 01:53:50.113,1.23137,1.23146,1.25,6.00
2016.05.16 01:53:51.829,1.23135,1.23143,1.19,1.50
2016.05.16 01:53:51.880,1.23133,1.23143,3.19,3.45
2016.05.16 01:53:52.083,1.23132,1.23142,2.89,1.20
2016.05.16 01:53:52.539,1.2313,1.2314,3.26,1.65
2016.05.16 01:53:52.641,1.2313,1.23139,1.00,1.12
2016.05.16 01:53:52.944,1.23133,1.2314,1.00,2.25
2016.05.16 01:53:53.445,1.23133,1.23141,1.00,2.25
2016.05.16 01:53:55.273,1.23133,1.23141,1.00,2.81
2016.05.16 01:53:55.781,1.23134,1.23141,1.00,2.81
2016.05.16 01:53:57.222,1.23134,1.23141,1.00,1.31
2016.05.16 01:53:58.789,1.23132,1.23141,1.25,2.44
2016.05.16 01:53:59.188,1.2313,1.2314,2.25,5.96
2016.05.16 01:53:59.542,1.23132,1.23139,1.00,1.01
2016.05.16 01:54:00.049,1.23131,1.23139,1.00,1.01
2016.05.16 01:54:00.201,1.23129,1.23139,1.00,1.76
2016.05.16 01:54:00.353,1.23128,1.23137,2.51,1.66
2016.05.16 01:54:00.683,1.2313,1.23137,1.00,1.66
2016.05.16 01:54:00.785,1.23131,1.23139,1.00,3.26
2016.05.16 01:54:01.290,1.23132,1.23141,1.50,1.76
2016.05.16 01:54:01.933,1.23133,1.23142,1.00,3.56
2016.05.16 01:54:02.085,1.23133,1.23142,1.00,3.14
2016.05.16 01:54:02.647,1.23132,1.23141,1.12,1.20
2016.05.16 01:54:03.054,1.23131,1.23138,1.87,1.10
2016.05.16 01:54:03.379,1.23129,1.23136,1.19,1.00
2016.05.16 01:54:03.942,1.23129,1.23137,1.19,1.00
2016.05.16 01:54:04.548,1.23129,1.23138,1.19,2.16
2016.05.16 01:54:05.082,1.23129,1.23137,2.44,1.00
2016.05.16 01:54:05.754,1.2313,1.23139,1.31,1.52
2016.05.16 01:54:06.109,1.23132,1.2314,1.00,2.32
2016.05.16 01:54:06.658,1.23132,1.23141,1.31,1.20
2016.05.16 01:54:10.416,1.23132,1.23142,1.62,2.76
2016.05.16 01:54:10.619,1.23132,1.23143,3.19,3.51
2016.05.16 01:54:10.670,1.23132,1.23143,3.19,2.76
2016.05.16 01:54:10.822,1.23132,1.23141,1.69,1.14
2016.05.16 01:54:11.509,1.23131,1.2314,2.62,1.00
2016.05.16 01:54:11.812,1.23132,1.23141,1.37,1.01
2016.05.16 01:54:12.421,1.23132,1.23141,3.00,1.01
2016.05.16 01:54:13.674,1.23133,1.23142,1.00,2.27
2016.05.16 01:54:14.138,1.23134,1.23143,1.37,1.76
2016.05.16 01:54:14.685,1.23133,1.23143,3.00,1.07
2016.05.16 01:54:16.619,1.23135,1.23143,1.00,1.07
2016.05.16 01:54:17.143,1.23134,1.23143,1.00,1.57
2016.05.16 01:54:18.434,1.23133,1.23142,3.00,1.10
2016.05.16 01:54:19.989,1.23131,1.23137,1.95,1.00
2016.05.16 01:54:20.278,1.23125,1.23134,2.62,3.26
2016.05.16 01:54:20.430,1.23126,1.23133,1.00,1.07
2016.05.16 01:54:20.683,1.23124,1.23133,1.50,1.57
2016.05.16 01:54:21.780,1.23124,1.23132,1.00,2.51
2016.05.16 01:54:21.932,1.23121,1.23129,1.20,1.00
2016.05.16 01:54:22.084,1.23118,1.23127,2.25,1.00
2016.05.16 01:54:22.137,1.23118,1.23127,2.25,1.00
2016.05.16 01:54:22.643,1.23119,1.23128,1.50,2.44
2016.05.16 01:54:22.795,1.23117,1.23128,3.19,2.44
2016.05.16 01:54:22.999,1.23117,1.23126,2.44,1.00
2016.05.16 01:54:23.334,1.23118,1.23125,1.00,3.75
2016.05.16 01:54:23.385,1.23116,1.23125,1.87,3.00
2016.05.16 01:54:24.006,1.23115,1.23124,1.87,1.20
2016.05.16 01:54:24.360,1.2312,1.23124,1.00,1.50
2016.05.16 01:54:24.412,1.23118,1.23126,1.00,5.14
2016.05.16 01:54:24.580,1.23119,1.23127,1.00,2.44
2016.05.16 01:54:25.099,1.23117,1.23126,1.37,1.09
2016.05.16 01:54:25.302,1.23118,1.23127,1.69,2.25
2016.05.16 01:54:26.660,1.2312,1.23129,1.56,3.56
2016.05.16 01:54:26.711,1.2312,1.23129,1.56,2.81
2016.05.16 01:54:27.015,1.23115,1.23121,4.31,1.00
2016.05.16 01:54:27.116,1.23112,1.23119,1.87,1.00
2016.05.16 01:54:27.619,1.23112,1.23119,1.31,1.57
2016.05.16 01:54:28.215,1.23113,1.23119,1.00,1.07
2016.05.16 01:54:28.317,1.23114,1.23121,1.00,1.09
2016.05.16 01:54:28.822,1.23114,1.2312,1.50,1.00
2016.05.16 01:54:29.251,1.23114,1.23122,1.00,1.10
2016.05.16 01:54:30.589,1.23116,1.23123,1.00,1.76
2016.05.16 01:54:31.565,1.23117,1.23125,1.00,2.14
2016.05.16 01:54:31.870,1.2312,1.23127,1.00,1.29
2016.05.16 01:54:33.120,1.2312,1.23128,1.50,1.20
2016.05.16 01:54:34.033,1.23122,1.23129,1.00,2.44
2016.05.16 01:54:36.732,1.23122,1.23127,1.00,1.00
2016.05.16 01:54:36.884,1.2312,1.23126,1.12,1.00
2016.05.16 01:54:37.427,1.23119,1.23126,3.94,1.00
2016.05.16 01:54:37.946,1.23117,1.23125,3.15,2.44
2016.05.16 01:54:38.480,1.23117,1.23125,3.75,2.25
2016.05.16 01:54:40.120,1.23117,1.23126,3.19,1.10
2016.05.16 01:54:40.750,1.23117,1.23125,3.19,1.50
2016.05.16 01:54:41.292,1.23117,1.23126,3.19,3.45
2016.05.16 01:54:42.042,1.23117,1.23125,3.19,1.50
2016.05.16 01:54:43.327,1.23117,1.23126,3.19,4.20
2016.05.16 01:54:43.902,1.23117,1.23125,3.19,1.50
2016.05.16 01:54:44.907,1.23117,1.23126,3.19,4.20
2016.05.16 01:54:45.408,1.23117,1.23125,3.19,1.50
2016.05.16 01:54:46.412,1.23117,1.23126,3.19,4.20
2016.05.16 01:54:47.719,1.23117,1.23125,3.19,1.50
2016.05.16 01:54:48.925,1.23118,1.23125,1.25,2.25
2016.05.16 01:54:50.309,1.23117,1.23125,2.25,2.25
2016.05.16 01:54:50.832,1.23115,1.23125,3.00,5.44
2016.05.16 01:54:51.499,1.23116,1.23125,1.25,5.44
2016.05.16 01:54:52.023,1.23115,1.23123,1.12,1.20
2016.05.16 01:54:52.377,1.23115,1.2312,1.12,1.00
2016.05.16 01:54:52.478,1.23113,1.23119,1.10,1.00
2016.05.16 01:54:52.984,1.2311,1.23119,1.82,1.00
2016.05.16 01:54:53.535,1.2311,1.23118,1.82,1.10
2016.05.16 01:54:53.939,1.23111,1.23115,1.69,1.00
2016.05.16 01:54:53.990,1.2311,1.23113,1.12,1.00
2016.05.16 01:54:54.092,1.23106,1.23113,2.44,1.00
2016.05.16 01:54:54.345,1.23105,1.23111,1.37,1.00
2016.05.16 01:54:54.889,1.23103,1.23111,1.39,1.20
2016.05.16 01:54:55.034,1.23102,1.23111,2.20,1.20
2016.05.16 01:54:55.540,1.23101,1.2311,1.22,4.50
2016.05.16 01:54:55.692,1.231,1.23107,2.95,1.00
2016.05.16 01:54:55.894,1.23098,1.23107,1.34,2.25
2016.05.16 01:54:57.962,1.23097,1.23106,1.90,1.00
2016.05.16 01:54:58.013,1.23096,1.23104,2.81,1.00
2016.05.16 01:54:58.316,1.23095,1.23103,2.09,1.12
2016.05.16 01:54:58.605,1.23092,1.23101,3.56,1.10
2016.05.16 01:54:59.221,1.23094,1.23102,1.14,1.07
2016.05.16 01:54:59.474,1.23096,1.23103,1.26,1.20
2016.05.16 01:54:59.525,1.23096,1.23104,1.64,1.50
2016.05.16 01:54:59.576,1.23097,1.23106,1.57,1.57
2016.05.16 01:55:00.405,1.23098,1.23107,1.39,2.02
2016.05.16 01:55:00.816,1.231,1.23107,1.39,1.20
2016.05.16 01:55:01.019,1.23101,1.2311,2.95,1.10
2016.05.16 01:55:02.313,1.23104,1.23111,1.18,1.57
2016.05.16 01:55:02.465,1.23104,1.23113,2.20,1.50
2016.05.16 01:55:03.273,1.23105,1.23114,1.50,1.95
2016.05.16 01:55:05.636,1.23105,1.23114,3.37,1.57
2016.05.16 01:55:05.838,1.23107,1.23114,1.37,1.57
2016.05.16 01:55:06.192,1.23106,1.23114,1.50,1.00
2016.05.16 01:55:06.445,1.23106,1.23114,2.06,1.00
2016.05.16 01:55:06.956,1.23107,1.23115,1.19,2.70
2016.05.16 01:55:07.506,1.23107,1.23114,1.19,1.00
2016.05.16 01:55:08.043,1.23107,1.23115,1.19,2.70
2016.05.16 01:55:08.891,1.23109,1.23115,1.00,2.62
2016.05.16 01:55:09.210,1.23112,1.2312,1.19,1.95
2016.05.16 01:55:09.514,1.23115,1.23121,1.00,1.00
2016.05.16 01:55:09.565,1.23116,1.23123,1.00,1.12
2016.05.16 01:55:09.818,1.23119,1.23127,1.00,1.95
2016.05.16 01:55:10.020,1.2312,1.23128,1.25,1.20
2016.05.16 01:55:10.546,1.23121,1.23129,1.00,3.07
2016.05.16 01:55:10.900,1.23121,1.2313,1.87,2.32
2016.05.16 01:55:11.305,1.23123,1.23131,1.00,2.51
2016.05.16 01:55:11.855,1.23122,1.2313,1.00,3.37
2016.05.16 01:55:12.401,1.23121,1.2313,1.00,1.87
2016.05.16 01:55:12.921,1.2312,1.2313,1.25,2.62
2016.05.16 01:55:13.454,1.2312,1.2313,3.94,4.12
2016.05.16 01:55:15.136,1.2312,1.23128,1.69,1.00
2016.05.16 01:55:15.643,1.23119,1.23127,1.69,1.00
2016.05.16 01:55:16.471,1.23117,1.23126,2.06,1.00
2016.05.16 01:55:17.012,1.23118,1.23127,1.19,1.20
2016.05.16 01:55:17.328,1.23113,1.23122,1.12,2.25
2016.05.16 01:55:17.833,1.23115,1.23122,1.00,1.20
2016.05.16 01:55:18.011,1.23115,1.23125,1.50,4.50
2016.05.16 01:55:18.567,1.23115,1.23125,2.62,2.62
2016.05.16 01:55:19.100,1.23116,1.23125,1.00,2.25
2016.05.16 01:55:20.355,1.23115,1.23124,3.00,1.20
2016.05.16 01:55:21.551,1.23117,1.23125,1.00,1.87
2016.05.16 01:55:21.854,1.23118,1.23127,1.31,3.75
2016.05.16 01:55:22.158,1.23116,1.23121,1.10,1.00
2016.05.16 01:55:22.259,1.23112,1.2312,1.25,1.50
2016.05.16 01:55:22.654,1.23114,1.23121,1.00,1.65
2016.05.16 01:55:22.755,1.23112,1.23121,1.25,2.02
2016.05.16 01:55:23.312,1.23111,1.2312,4.69,1.00
2016.05.16 01:55:23.514,1.23112,1.2312,1.19,1.00
2016.05.16 01:55:23.616,1.2311,1.23118,4.31,1.00
2016.05.16 01:55:23.717,1.2311,1.23116,1.00,1.00
2016.05.16 01:55:23.916,1.23106,1.23115,1.25,2.32
2016.05.16 01:55:24.172,1.23104,1.23113,2.44,1.00
2016.05.16 01:55:24.677,1.23104,1.23113,1.69,2.32
2016.05.16 01:55:25.115,1.23108,1.23113,1.00,2.32
2016.05.16 01:55:26.286,1.23107,1.23113,1.00,1.57
2016.05.16 01:55:26.609,1.2311,1.23116,1.00,3.07
2016.05.16 01:55:26.947,1.23111,1.23119,1.07,2.62
2016.05.16 01:55:28.627,1.23113,1.23118,1.00,1.65
2016.05.16 01:55:29.017,1.23113,1.2312,1.64,1.95
2016.05.16 01:55:29.523,1.23114,1.23122,1.00,1.95
2016.05.16 01:55:29.928,1.23116,1.23122,1.00,1.95
2016.05.16 01:55:30.131,1.23116,1.23123,1.00,1.46
2016.05.16 01:55:30.671,1.23115,1.23123,1.00,3.37
2016.05.16 01:55:31.221,1.23116,1.23123,1.00,2.06
2016.05.16 01:55:32.236,1.23116,1.23124,1.00,2.21
2016.05.16 01:55:32.759,1.23118,1.23124,1.00,2.96
2016.05.16 01:55:33.062,1.23122,1.23124,1.00,1.10
2016.05.16 01:55:33.264,1.23123,1.23128,1.00,1.00
2016.05.16 01:55:33.639,1.23124,1.2313,1.00,1.57
2016.05.16 01:55:34.142,1.23124,1.23129,1.00,1.00
2016.05.16 01:55:35.348,1.23124,1.2313,1.00,1.57
2016.05.16 01:55:35.875,1.23125,1.23129,1.00,1.00
2016.05.16 01:55:36.667,1.23125,1.2313,1.00,1.00
2016.05.16 01:55:36.965,1.23126,1.23133,1.00,3.56
2016.05.16 01:55:37.647,1.23125,1.23132,1.00,1.20
2016.05.16 01:55:38.464,1.23125,1.23131,1.50,2.44
2016.05.16 01:55:38.666,1.23122,1.23131,1.25,3.26
2016.05.16 01:55:38.869,1.23122,1.23131,1.00,3.82
2016.05.16 01:55:39.175,1.23124,1.23131,1.00,4.57
2016.05.16 01:55:39.276,1.23124,1.23131,1.00,4.57
2016.05.16 01:55:39.428,1.23122,1.2313,1.00,1.10
2016.05.16 01:55:39.964,1.23122,1.2313,1.00,4.12
2016.05.16 01:55:40.845,1.23122,1.23129,1.00,1.39
2016.05.16 01:55:41.510,1.23122,1.23127,1.00,1.00
2016.05.16 01:55:42.040,1.23122,1.23128,1.00,1.27
2016.05.16 01:55:42.249,1.23124,1.23127,1.00,1.00
2016.05.16 01:55:42.300,1.23124,1.23129,1.00,2.06
2016.05.16 01:55:42.805,1.23125,1.2313,1.50,1.12
2016.05.16 01:55:43.407,1.23124,1.23131,2.25,2.14
2016.05.16 01:55:43.660,1.23126,1.2313,1.00,1.00
2016.05.16 01:55:44.173,1.23126,1.23132,1.00,2.14
2016.05.16 01:55:44.779,1.23127,1.23132,1.00,1.07
2016.05.16 01:55:45.004,1.23129,1.23134,1.00,1.20
2016.05.16 01:55:45.307,1.2313,1.23137,1.50,2.89
2016.05.16 01:55:45.417,1.23128,1.23136,1.00,1.10
2016.05.16 01:55:47.894,1.23131,1.23137,1.00,2.51
2016.05.16 01:55:48.146,1.23129,1.23137,1.50,1.39
2016.05.16 01:55:48.665,1.23128,1.23136,1.10,1.00
2016.05.16 01:55:49.070,1.23126,1.23135,1.25,4.69
2016.05.16 01:55:49.594,1.23125,1.23134,3.15,1.00
2016.05.16 01:55:50.124,1.23125,1.23134,2.89,3.07
2016.05.16 01:55:51.157,1.23128,1.23134,1.00,2.32
2016.05.16 01:55:51.410,1.23128,1.23136,1.00,1.10
2016.05.16 01:55:51.927,1.23128,1.23137,1.66,2.14
2016.05.16 01:55:52.603,1.23129,1.23136,1.00,1.00
2016.05.16 01:55:52.705,1.23129,1.23137,1.56,1.76
2016.05.16 01:55:54.438,1.23129,1.23134,1.56,1.00
2016.05.16 01:55:54.488,1.23129,1.23134,1.00,1.00
2016.05.16 01:55:54.792,1.23126,1.23134,3.45,1.00
2016.05.16 01:55:56.407,1.23125,1.2313,3.75,1.00
2016.05.16 01:55:56.845,1.23124,1.23131,2.32,1.00
2016.05.16 01:55:57.149,1.23124,1.23129,1.81,1.00
2016.05.16 01:55:57.654,1.23124,1.2313,1.31,2.25
2016.05.16 01:55:58.220,1.23124,1.2313,1.56,1.00
2016.05.16 01:55:59.840,1.23124,1.23131,1.56,1.01
2016.05.16 01:56:00.663,1.23124,1.23131,1.00,1.10
2016.05.16 01:56:01.168,1.23124,1.2313,1.00,1.00
2016.05.16 01:56:02.595,1.23124,1.2313,1.00,1.66
2016.05.16 01:56:03.100,1.23124,1.23128,1.00,1.50
2016.05.16 01:56:03.352,1.2312,1.23127,2.44,1.20
2016.05.16 01:56:03.504,1.23117,1.23127,1.39,1.20
2016.05.16 01:56:03.755,1.23116,1.23125,7.31,1.00
2016.05.16 01:56:04.510,1.23119,1.23127,1.00,3.37
2016.05.16 01:56:04.815,1.23119,1.23128,2.89,1.10
2016.05.16 01:56:05.612,1.23119,1.23127,1.39,1.00
2016.05.16 01:56:06.380,1.23117,1.23122,2.59,1.00
2016.05.16 01:56:06.633,1.23113,1.23119,1.12,1.31
2016.05.16 01:56:06.684,1.23112,1.23118,3.00,1.56
2016.05.16 01:56:06.736,1.23111,1.23117,1.39,1.31
2016.05.16 01:56:07.128,1.23112,1.23119,1.00,1.20
2016.05.16 01:56:07.696,1.2311,1.23117,2.59,1.00
2016.05.16 01:56:08.820,1.2311,1.23117,1.69,1.00
2016.05.16 01:56:09.371,1.2311,1.23118,1.69,1.00
2016.05.16 01:56:09.675,1.23109,1.23116,4.12,1.00
2016.05.16 01:56:09.968,1.23108,1.23116,1.69,1.00
2016.05.16 01:56:10.069,1.23106,1.23114,2.14,1.00
2016.05.16 01:56:10.221,1.23106,1.23114,1.27,1.00
2016.05.16 01:56:10.726,1.23106,1.23115,1.27,1.20
2016.05.16 01:56:11.212,1.23106,1.23115,1.46,3.52
2016.05.16 01:56:12.965,1.23109,1.23116,1.00,1.50
2016.05.16 01:56:14.046,1.23109,1.23117,2.25,1.57
2016.05.16 01:56:16.177,1.2311,1.23117,1.00,1.07
2016.05.16 01:56:16.538,1.23114,1.23119,1.00,2.44
2016.05.16 01:56:16.589,1.23113,1.23119,1.00,1.01
2016.05.16 01:56:16.892,1.23115,1.23121,1.00,1.50
2016.05.16 01:56:17.145,1.23115,1.23122,1.00,1.20
2016.05.16 01:56:17.526,1.23116,1.23124,1.10,1.12
2016.05.16 01:56:18.082,1.23116,1.23125,1.10,3.07
2016.05.16 01:56:21.755,1.23117,1.23125,1.00,3.07
2016.05.16 01:56:22.257,1.23116,1.23125,1.10,3.07
2016.05.16 01:56:24.835,1.23116,1.23125,1.24,4.57
2016.05.16 01:56:25.250,1.23115,1.23123,2.46,1.00
2016.05.16 01:56:25.402,1.23114,1.23123,2.76,1.85
2016.05.16 01:56:26.129,1.23113,1.2312,1.39,1.00
2016.05.16 01:56:27.045,1.23113,1.2312,1.39,1.50
2016.05.16 01:56:27.566,1.2311,1.23118,1.82,1.00
2016.05.16 01:56:29.893,1.23111,1.2312,1.39,3.00
2016.05.16 01:56:32.005,1.23113,1.23119,1.00,2.77
2016.05.16 01:56:32.780,1.2311,1.23119,3.56,2.77
2016.05.16 01:56:37.938,1.23111,1.23119,1.56,2.02
2016.05.16 01:56:39.832,1.23111,1.23119,1.56,2.02
2016.05.16 01:56:39.933,1.23113,1.23119,1.56,1.20
2016.05.16 01:56:43.149,1.23114,1.2312,1.31,1.07
2016.05.16 01:56:43.967,1.23114,1.23122,1.31,3.07
2016.05.16 01:56:44.510,1.23115,1.23122,1.00,1.45
2016.05.16 01:56:46.859,1.23114,1.23122,1.31,1.07
2016.05.16 01:56:47.397,1.23114,1.23122,1.64,1.07
2016.05.16 01:56:47.916,1.23114,1.23122,1.64,1.07
2016.05.16 01:56:49.126,1.23113,1.23122,1.50,2.14
2016.05.16 01:56:49.631,1.23112,1.23121,1.64,1.10
2016.05.16 01:56:49.783,1.23112,1.2312,1.64,1.07
2016.05.16 01:56:50.803,1.23113,1.2312,1.00,2.32
2016.05.16 01:56:51.320,1.23112,1.2312,1.18,3.82
2016.05.16 01:56:52.491,1.23113,1.2312,1.00,2.32
2016.05.16 01:56:52.693,1.23111,1.23119,1.18,2.70
2016.05.16 01:56:53.927,1.2311,1.23119,2.25,1.95
2016.05.16 01:56:56.501,1.23111,1.23119,1.00,3.45
2016.05.16 01:56:57.006,1.2311,1.23119,1.18,2.32
2016.05.16 01:56:57.732,1.23109,1.23119,3.64,2.32
2016.05.16 01:56:58.707,1.2311,1.23118,1.00,1.10
2016.05.16 01:56:59.245,1.23111,1.23119,1.00,2.32
2016.05.16 01:56:59.750,1.2311,1.23117,1.00,1.65
2016.05.16 01:57:00.263,1.23107,1.23116,1.52,1.10
2016.05.16 01:57:00.820,1.23106,1.23115,4.52,1.00
2016.05.16 01:57:01.325,1.23107,1.23116,1.90,2.32
2016.05.16 01:57:02.687,1.23106,1.23116,1.46,2.32
2016.05.16 01:57:02.839,1.23106,1.23114,2.65,1.00
2016.05.16 01:57:09.272,1.23105,1.23114,1.37,2.77
2016.05.16 01:57:09.579,1.23104,1.23113,1.45,1.50
2016.05.16 01:57:10.138,1.23104,1.23114,1.60,4.50
2016.05.16 01:57:12.020,1.23103,1.23112,1.76,1.57
2016.05.16 01:57:12.071,1.23103,1.23112,1.00,2.89
2016.05.16 01:57:12.594,1.23102,1.2311,1.25,2.96
2016.05.16 01:57:13.497,1.23103,1.2311,1.00,2.21
2016.05.16 01:57:14.043,1.23103,1.23112,1.64,3.45
2016.05.16 01:57:14.750,1.23103,1.23112,1.64,2.70
2016.05.16 01:57:15.256,1.23104,1.23113,1.64,2.81
2016.05.16 01:57:16.803,1.23107,1.23113,1.00,3.56
2016.05.16 01:57:16.905,1.23105,1.23113,1.00,4.82
2016.05.16 01:57:17.128,1.23103,1.23113,1.31,4.82
2016.05.16 01:57:17.331,1.23104,1.23113,1.56,2.44
2016.05.16 01:57:17.635,1.23106,1.23115,1.00,5.39
2016.05.16 01:57:17.736,1.23109,1.23115,1.00,3.00
2016.05.16 01:57:17.888,1.2311,1.23119,1.87,2.25
2016.05.16 01:57:18.091,1.23112,1.23121,1.12,2.76
2016.05.16 01:57:21.284,1.23113,1.23121,1.00,1.50
2016.05.16 01:57:21.790,1.23112,1.2312,1.00,3.75
2016.05.16 01:57:22.325,1.23111,1.23119,1.25,1.20
2016.05.16 01:57:22.477,1.23109,1.23118,2.51,1.10
2016.05.16 01:57:22.679,1.23108,1.23116,2.51,1.50
2016.05.16 01:57:22.831,1.23106,1.23114,1.50,1.10
2016.05.16 01:57:26.132,1.23107,1.23114,1.00,1.20
2016.05.16 01:57:26.640,1.23107,1.23115,1.00,1.57
2016.05.16 01:57:27.322,1.23111,1.23116,1.00,2.70
2016.05.16 01:57:29.307,1.23112,1.23117,1.00,3.19
2016.05.16 01:57:29.358,1.2311,1.23117,1.69,2.62
2016.05.16 01:57:29.561,1.23115,1.2312,1.00,2.32
2016.05.16 01:57:29.897,1.23119,1.23123,1.00,1.95
2016.05.16 01:57:30.217,1.23117,1.23123,1.00,1.20
2016.05.16 01:57:36.461,1.23117,1.23123,1.00,1.57
2016.05.16 01:57:42.177,1.23116,1.23122,1.00,1.10
2016.05.16 01:57:42.337,1.23113,1.23119,1.95,1.00
2016.05.16 01:57:42.631,1.23107,1.23115,1.50,1.10
2016.05.16 01:57:43.175,1.23109,1.23115,1.00,3.07
2016.05.16 01:57:43.931,1.23109,1.23114,1.00,1.57
2016.05.16 01:57:44.177,1.23106,1.23113,1.25,1.10
2016.05.16 01:57:44.228,1.23106,1.2311,1.25,1.00
2016.05.16 01:57:44.532,1.231,1.23104,1.00,1.75
2016.05.16 01:57:44.633,1.23098,1.23103,1.00,1.50
2016.05.16 01:57:44.684,1.23096,1.23102,1.50,1.20
2016.05.16 01:57:44.836,1.23095,1.23102,1.56,1.85
2016.05.16 01:57:45.443,1.23097,1.23101,1.00,1.07
2016.05.16 01:57:45.697,1.23103,1.23109,1.00,1.87
2016.05.16 01:57:46.228,1.23103,1.2311,1.00,2.62
2016.05.16 01:57:47.227,1.23104,1.2311,1.00,2.62
2016.05.16 01:57:47.732,1.23102,1.23109,1.56,1.20
2016.05.16 01:57:47.834,1.231,1.23108,2.25,1.57
2016.05.16 01:57:48.036,1.23097,1.23106,5.62,1.00
2016.05.16 01:57:48.188,1.23097,1.23104,1.31,1.12
2016.05.16 01:57:48.340,1.23096,1.23103,1.00,1.26
2016.05.16 01:57:48.442,1.23093,1.23102,1.95,1.20
2016.05.16 01:57:48.980,1.23093,1.23102,1.50,1.57
2016.05.16 01:57:50.239,1.23094,1.23103,1.69,1.85
2016.05.16 01:57:50.290,1.23095,1.23104,2.06,1.07
2016.05.16 01:57:50.834,1.23094,1.23104,1.50,1.07
2016.05.16 01:57:52.751,1.23095,1.23104,2.25,1.10
2016.05.16 01:57:52.903,1.23097,1.23105,1.00,1.57
2016.05.16 01:57:53.206,1.23099,1.23107,1.00,2.14
2016.05.16 01:57:53.307,1.23099,1.23108,1.10,1.20
2016.05.16 01:57:53.510,1.23101,1.23109,1.00,2.32
2016.05.16 01:57:54.064,1.23101,1.2311,1.00,4.12
2016.05.16 01:57:54.568,1.23106,1.2311,1.00,1.87
2016.05.16 01:57:54.770,1.2311,1.23114,2.25,1.10
2016.05.16 01:57:54.821,1.23112,1.23114,1.00,1.00
2016.05.16 01:57:54.872,1.23113,1.23117,1.00,2.25
2016.05.16 01:57:54.973,1.23114,1.23118,1.00,1.50
2016.05.16 01:57:55.125,1.23114,1.23121,1.00,1.65
2016.05.16 01:57:55.456,1.23112,1.2312,1.50,1.27
2016.05.16 01:57:55.608,1.23112,1.2312,1.00,1.95
2016.05.16 01:57:58.390,1.23113,1.23119,1.00,1.50
2016.05.16 01:57:58.657,1.23114,1.23121,1.00,1.07
2016.05.16 01:57:58.759,1.23115,1.23123,1.00,1.50
2016.05.16 01:57:59.435,1.23117,1.23123,1.00,1.50
2016.05.16 01:57:59.952,1.23116,1.23123,1.00,1.07
2016.05.16 01:58:01.756,1.23115,1.23123,2.25,1.20
2016.05.16 01:58:05.970,1.23115,1.23123,2.39,1.20
2016.05.16 01:58:07.732,1.23118,1.23122,1.00,1.50
2016.05.16 01:58:08.239,1.23117,1.23123,1.25,1.07
2016.05.16 01:58:12.100,1.23116,1.23124,3.32,1.07
2016.05.16 01:58:12.609,1.23116,1.23125,3.32,2.25
2016.05.16 01:58:18.317,1.23116,1.23124,2.44,1.65
2016.05.16 01:58:18.609,1.23114,1.23122,1.00,2.32
2016.05.16 01:58:19.013,1.23114,1.23123,1.57,2.20
2016.05.16 01:58:19.522,1.23115,1.23123,1.50,1.45
2016.05.16 01:58:21.778,1.23115,1.23123,1.57,1.87
2016.05.16 01:58:24.245,1.23115,1.23123,1.57,1.87
2016.05.16 01:58:24.781,1.23116,1.23123,1.00,1.87
2016.05.16 01:58:25.289,1.23115,1.23123,2.32,1.81
2016.05.16 01:58:26.090,1.23116,1.23123,1.00,1.81
2016.05.16 01:58:27.539,1.23115,1.23124,2.32,2.51
2016.05.16 01:58:27.590,1.23114,1.23122,2.51,2.81
2016.05.16 01:58:27.867,1.2311,1.23119,3.34,2.76
2016.05.16 01:58:28.374,1.2311,1.23119,1.20,3.14
2016.05.16 01:58:29.664,1.2311,1.23119,1.20,3.14
2016.05.16 01:58:29.886,1.23112,1.23119,1.00,1.50
2016.05.16 01:58:30.190,1.23116,1.23121,1.50,1.00
2016.05.16 01:58:30.493,1.23118,1.23124,1.00,2.44
2016.05.16 01:58:30.796,1.2312,1.23124,1.00,1.50
2016.05.16 01:58:30.948,1.23122,1.23128,1.00,1.50
2016.05.16 01:58:31.488,1.23123,1.23128,1.00,1.00
2016.05.16 01:58:32.040,1.23123,1.23129,1.00,1.69
2016.05.16 01:58:32.402,1.23122,1.23127,1.00,1.00
2016.05.16 01:58:32.504,1.2312,1.23126,1.10,1.00
2016.05.16 01:58:32.555,1.23117,1.23125,2.59,1.00
2016.05.16 01:58:32.787,1.23116,1.23123,1.50,1.00
2016.05.16 01:58:33.333,1.23116,1.23124,1.10,1.50
2016.05.16 01:58:35.980,1.23116,1.23124,1.10,1.87
2016.05.16 01:58:37.000,1.23116,1.23124,1.10,1.50
2016.05.16 01:58:37.538,1.23116,1.23124,1.00,3.00
2016.05.16 01:58:40.466,1.23119,1.23124,1.00,1.50
2016.05.16 01:58:40.796,1.23124,1.23127,1.00,1.00
2016.05.16 01:58:41.050,1.23125,1.23131,1.50,1.69
2016.05.16 01:58:41.404,1.23125,1.23132,1.10,3.75
2016.05.16 01:58:41.506,1.23127,1.23132,1.00,2.62
2016.05.16 01:58:43.704,1.23128,1.23132,1.50,1.00
2016.05.16 01:58:44.007,1.2313,1.23134,1.00,1.84
2016.05.16 01:58:44.492,1.23128,1.23134,1.50,2.21
2016.05.16 01:58:44.943,1.23126,1.23134,1.50,2.96
2016.05.16 01:58:45.044,1.23126,1.23134,1.50,2.96
2016.05.16 01:58:45.549,1.23126,1.23133,1.50,2.70
2016.05.16 01:58:45.929,1.23124,1.23132,1.57,2.25
2016.05.16 01:58:46.384,1.23129,1.23131,1.00,4.20
2016.05.16 01:58:46.587,1.2313,1.23135,1.50,1.65
2016.05.16 01:58:47.093,1.23129,1.23134,1.00,1.50
2016.05.16 01:58:47.400,1.23127,1.23134,1.00,2.70
2016.05.16 01:58:47.973,1.23126,1.23133,1.64,2.25
2016.05.16 01:58:48.504,1.23127,1.23133,1.00,2.25
2016.05.16 01:58:49.049,1.23126,1.23133,1.00,1.87
2016.05.16 01:58:49.531,1.23128,1.23133,1.00,1.87
2016.05.16 01:58:49.835,1.23132,1.23134,1.00,1.50
2016.05.16 01:58:49.936,1.23135,1.23138,1.00,1.50
2016.05.16 01:58:50.037,1.23135,1.2314,1.00,1.69
2016.05.16 01:58:50.239,1.23139,1.23141,1.00,1.00
2016.05.16 01:58:50.290,1.23139,1.23144,1.00,2.32
2016.05.16 01:58:50.795,1.23138,1.23144,1.00,1.20
2016.05.16 01:58:50.897,1.23136,1.23143,1.64,1.00
2016.05.16 01:58:51.049,1.23136,1.23141,1.00,1.12
2016.05.16 01:58:53.479,1.23135,1.23141,2.25,1.87
2016.05.16 01:58:54.068,1.23133,1.23141,1.14,2.62
2016.05.16 01:58:55.181,1.23135,1.23141,1.00,1.87
2016.05.16 01:58:56.324,1.23133,1.23141,1.14,2.25
2016.05.16 01:58:58.085,1.23133,1.23139,1.64,1.00
2016.05.16 01:58:59.143,1.23136,1.23139,1.00,1.25
2016.05.16 01:58:59.346,1.23137,1.23141,1.00,2.25
2016.05.16 01:58:59.884,1.23135,1.23141,1.28,1.50
2016.05.16 01:59:01.223,1.23134,1.23141,1.07,2.25
2016.05.16 01:59:01.274,1.23134,1.23139,1.07,1.00
2016.05.16 01:59:03.634,1.23133,1.23139,1.14,1.69
2016.05.16 01:59:04.178,1.23133,1.23139,1.18,1.69
2016.05.16 01:59:08.982,1.23131,1.23139,2.25,6.19
2016.05.16 01:59:09.084,1.23128,1.23135,1.10,1.12
2016.05.16 01:59:09.237,1.23126,1.23132,2.32,1.19
2016.05.16 01:59:09.742,1.23126,1.23131,1.56,1.50
2016.05.16 01:59:09.947,1.23121,1.23127,1.00,1.87
2016.05.16 01:59:09.998,1.23119,1.23125,3.75,1.25
2016.05.16 01:59:10.302,1.2312,1.23122,1.00,1.50
2016.05.16 01:59:10.504,1.23121,1.23124,1.00,1.69
2016.05.16 01:59:12.350,1.23122,1.23125,1.00,1.19
2016.05.16 01:59:12.744,1.23123,1.23125,1.00,1.50
2016.05.16 01:59:12.795,1.23124,1.23127,1.00,1.25
2016.05.16 01:59:12.946,1.23125,1.23128,1.00,2.44
2016.05.16 01:59:13.151,1.23125,1.23128,1.00,1.69
2016.05.16 01:59:13.506,1.23126,1.2313,1.00,1.76
2016.05.16 01:59:13.884,1.23123,1.2313,1.00,2.81
2016.05.16 01:59:13.935,1.23125,1.23129,1.00,2.14
2016.05.16 01:59:14.440,1.23125,1.23128,1.00,1.69
2016.05.16 01:59:15.652,1.23124,1.23128,1.00,1.69
2016.05.16 01:59:16.321,1.23123,1.23128,1.00,1.76
2016.05.16 01:59:17.041,1.23125,1.23128,1.00,1.76
2016.05.16 01:59:17.287,1.23124,1.23128,1.00,1.76
2016.05.16 01:59:19.732,1.23125,1.23128,1.00,1.69
2016.05.16 01:59:20.237,1.23125,1.23128,1.00,1.69
2016.05.16 01:59:20.515,1.23127,1.2313,1.00,2.25
2016.05.16 01:59:20.919,1.23129,1.23134,1.00,6.44
2016.05.16 01:59:23.255,1.23129,1.23132,1.00,1.00
2016.05.16 01:59:24.668,1.23129,1.23133,1.00,3.67
2016.05.16 01:59:25.170,1.23128,1.23132,1.00,1.00
2016.05.16 01:59:25.700,1.2313,1.23134,1.00,3.30
2016.05.16 01:59:26.321,1.23129,1.23132,1.00,2.25
2016.05.16 01:59:26.473,1.23132,1.23134,1.00,1.00
2016.05.16 01:59:26.524,1.23134,1.23137,1.00,5.62
2016.05.16 01:59:26.625,1.23133,1.23135,1.00,1.25
2016.05.16 01:59:26.727,1.23134,1.23137,1.50,1.50
2016.05.16 01:59:27.273,1.23134,1.23138,1.50,1.25
2016.05.16 01:59:27.769,1.23136,1.2314,1.00,3.82
2016.05.16 01:59:28.275,1.23138,1.23141,1.00,2.32
2016.05.16 01:59:28.326,1.23138,1.23141,1.00,2.25
2016.05.16 01:59:28.377,1.23138,1.23141,1.00,3.19
2016.05.16 01:59:28.630,1.23138,1.23141,1.00,1.12
2016.05.16 01:59:29.168,1.23138,1.2314,1.00,3.00
2016.05.16 01:59:29.728,1.23137,1.2314,1.00,3.00
2016.05.16 01:59:30.269,1.23136,1.2314,1.00,2.62
2016.05.16 01:59:30.868,1.23137,1.23139,1.00,1.50
2016.05.16 01:59:31.276,1.23138,1.23139,1.50,1.00
2016.05.16 01:59:31.429,1.23142,1.23144,1.00,1.50
2016.05.16 01:59:31.530,1.23143,1.23146,1.00,1.00
2016.05.16 01:59:31.930,1.2314,1.23147,3.00,2.44
2016.05.16 01:59:32.573,1.2314,1.23147,2.25,2.81
2016.05.16 01:59:32.877,1.2314,1.23144,1.00,1.00
2016.05.16 01:59:33.027,1.23138,1.23143,1.00,1.34
2016.05.16 01:59:33.231,1.23135,1.23142,1.00,1.20
2016.05.16 01:59:33.736,1.23135,1.23142,1.00,4.09
2016.05.16 01:59:35.543,1.23136,1.23142,1.00,5.89
2016.05.16 01:59:36.271,1.23135,1.23142,1.00,5.89
2016.05.16 01:59:37.063,1.23135,1.23142,1.00,5.89
2016.05.16 01:59:37.641,1.23134,1.23139,1.00,1.95
2016.05.16 01:59:38.187,1.23134,1.23139,1.00,2.14
2016.05.16 01:59:38.784,1.23132,1.23139,1.00,3.26
2016.05.16 01:59:38.936,1.23132,1.23136,1.00,1.69
2016.05.16 01:59:39.940,1.23131,1.23136,1.00,1.69
2016.05.16 01:59:40.042,1.23129,1.23135,1.31,1.25
2016.05.16 01:59:40.661,1.2313,1.23135,1.00,2.51
2016.05.16 01:59:41.045,1.23128,1.23135,1.00,2.89
2016.05.16 01:59:41.097,1.23128,1.23133,1.00,1.25
2016.05.16 01:59:41.480,1.2313,1.23133,1.00,1.69
2016.05.16 01:59:42.980,1.2313,1.23133,1.00,1.69
2016.05.16 01:59:44.047,1.23131,1.23133,1.00,1.69
2016.05.16 01:59:44.777,1.23131,1.23134,1.00,1.69
2016.05.16 01:59:44.980,1.23133,1.23137,1.00,1.31
2016.05.16 01:59:45.132,1.23133,1.23137,2.06,1.19
2016.05.16 01:59:45.420,1.23139,1.23142,1.00,1.25
2016.05.16 01:59:45.994,1.23138,1.23143,1.00,2.81
2016.05.16 01:59:46.672,1.2314,1.23143,1.00,1.69
2016.05.16 01:59:47.076,1.2314,1.23145,1.00,1.25
2016.05.16 01:59:47.178,1.23142,1.23146,1.00,1.69
2016.05.16 01:59:47.710,1.23141,1.23147,1.00,3.56
2016.05.16 01:59:48.669,1.2314,1.23147,1.46,3.19
2016.05.16 01:59:49.073,1.23142,1.23146,1.00,1.69
2016.05.16 01:59:49.683,1.23141,1.23146,1.00,2.06
2016.05.16 01:59:50.068,1.23139,1.23145,1.39,2.81
2016.05.16 01:59:50.372,1.23142,1.23145,1.00,4.69
2016.05.16 01:59:50.776,1.2314,1.23145,1.00,2.44
2016.05.16 01:59:51.593,1.23139,1.23145,1.39,3.56
2016.05.16 01:59:53.414,1.23138,1.23145,1.20,2.81
2016.05.16 01:59:53.566,1.23136,1.23143,2.06,2.81
2016.05.16 01:59:53.668,1.23135,1.23142,1.10,4.31
2016.05.16 01:59:54.210,1.23135,1.2314,1.00,1.87
2016.05.16 01:59:54.962,1.23137,1.2314,1.00,1.87
2016.05.16 01:59:56.682,1.23136,1.2314,1.00,1.00
2016.05.16 01:59:58.414,1.23136,1.2314,1.00,1.37
2016.05.16 01:59:58.566,1.23133,1.2314,1.00,8.62
2016.05.16 01:59:59.073,1.23132,1.23138,1.00,2.06
2016.05.16 01:59:59.620,1.23133,1.23138,1.00,2.62
