2010.04.27 05:00:01.965,1.25605,1.25615,2.20,2.80
2010.04.27 05:00:02.154,1.25605,1.25615,2.20,4.00
2010.04.27 05:00:02.261,1.25605,1.25625,2.20,9.10
2010.04.27 05:00:08.334,1.25605,1.25625,2.20,8.30
2010.04.27 05:00:11.002,1.25605,1.25625,1.00,8.30
2010.04.27 05:00:12.988,1.25605,1.25625,1.00,9.90
2010.04.27 05:00:13.134,1.25605,1.25625,1.00,10.70
2010.04.27 05:00:13.201,1.256,1.2562,5.40,1.00
2010.04.27 05:00:13.273,1.256,1.2562,1.00,4.40
2010.04.27 05:00:13.642,1.256,1.2562,1.00,3.60
2010.04.27 05:00:13.718,1.256,1.2562,1.00,7.70
2010.04.27 05:00:14.063,1.256,1.2562,1.00,9.30
2010.04.27 05:00:14.929,1.256,1.25615,1.00,1.60
2010.04.27 05:00:17.608,1.25595,1.25615,4.50,1.60
2010.04.27 05:00:22.167,1.25595,1.25615,3.70,1.60
2010.04.27 05:00:22.419,1.25595,1.25615,3.30,1.60
2010.04.27 05:00:24.256,1.25595,1.25615,4.10,1.60
2010.04.27 05:00:24.498,1.256,1.2562,1.60,11.90
2010.04.27 05:00:24.945,1.256,1.2562,3.00,5.50
2010.04.27 05:00:25.220,1.256,1.25615,1.00,1.00
2010.04.27 05:00:26.582,1.25595,1.2561,1.00,1.00
2010.04.27 05:00:26.910,1.2559,1.2561,5.40,2.50
2010.04.27 05:00:29.636,1.2559,1.2561,5.40,3.30
2010.04.27 05:00:30.026,1.2559,1.2561,1.40,3.30
2010.04.27 05:00:30.156,1.2559,1.2561,1.00,4.90
2010.04.27 05:00:30.473,1.2559,1.2561,1.00,7.30
2010.04.27 05:00:31.087,1.2559,1.2561,7.80,1.00
2010.04.27 05:00:31.389,1.2559,1.2561,16.60,1.00
2010.04.27 05:00:33.225,1.25595,1.2561,1.00,1.00
2010.04.27 05:00:35.554,1.25595,1.25615,1.00,4.30
2010.04.27 05:00:35.685,1.25595,1.25615,3.00,4.10
2010.04.27 05:00:36.074,1.25595,1.25615,3.00,1.00
2010.04.27 05:00:36.333,1.25595,1.25615,3.80,1.00
2010.04.27 05:00:36.682,1.25595,1.25615,7.80,1.00
2010.04.27 05:00:37.155,1.256,1.2562,2.20,5.90
2010.04.27 05:00:37.333,1.256,1.2562,7.00,5.10
2010.04.27 05:00:37.513,1.256,1.2562,7.00,1.10
2010.04.27 05:00:37.695,1.256,1.2562,7.80,1.10
2010.04.27 05:00:37.875,1.256,1.2562,10.30,1.00
2010.04.27 05:00:38.025,1.25605,1.2562,10.40,1.00
2010.04.27 05:00:38.174,1.25605,1.25625,12.00,1.10
2010.04.27 05:00:38.324,1.25605,1.25625,11.80,3.50
2010.04.27 05:00:38.778,1.2561,1.25625,1.00,2.50
2010.04.27 05:00:39.248,1.25605,1.2562,3.00,2.40
2010.04.27 05:00:39.484,1.25605,1.2562,2.20,2.40
2010.04.27 05:00:42.252,1.25605,1.2562,2.20,3.20
2010.04.27 05:00:42.342,1.25605,1.2562,2.20,5.60
2010.04.27 05:00:42.432,1.256,1.2562,3.00,6.00
2010.04.27 05:00:42.523,1.256,1.2562,2.20,7.10
2010.04.27 05:00:43.312,1.256,1.2562,1.00,8.70
2010.04.27 05:00:44.491,1.256,1.2562,1.00,6.30
2010.04.27 05:00:44.642,1.256,1.2562,1.40,5.50
2010.04.27 05:00:44.791,1.256,1.2562,1.40,5.10
2010.04.27 05:00:45.391,1.256,1.25615,1.00,1.00
2010.04.27 05:00:48.854,1.256,1.25615,11.20,1.00
2010.04.27 05:00:50.973,1.256,1.2562,11.80,2.70
2010.04.27 05:00:53.736,1.256,1.2562,9.40,2.70
2010.04.27 05:00:53.901,1.256,1.2562,1.40,2.70
2010.04.27 05:00:55.196,1.25595,1.25615,19.30,1.00
2010.04.27 05:00:55.571,1.25595,1.25615,6.20,6.70
2010.04.27 05:00:55.772,1.25595,1.25615,1.00,10.70
2010.04.27 05:00:56.149,1.2559,1.25615,6.20,10.70
2010.04.27 05:00:56.343,1.2559,1.25615,3.00,10.70
2010.04.27 05:00:56.902,1.2559,1.2561,1.40,2.50
2010.04.27 05:00:58.009,1.2559,1.2561,1.00,4.90
2010.04.27 05:00:58.449,1.2559,1.2561,1.00,5.10
2010.04.27 05:01:06.185,1.2559,1.2561,1.00,3.50
2010.04.27 05:01:06.388,1.2559,1.2561,3.80,1.00
2010.04.27 05:01:06.582,1.2559,1.25615,3.80,9.30
2010.04.27 05:01:07.188,1.25595,1.25615,3.00,6.90
2010.04.27 05:01:07.435,1.25595,1.25615,3.00,3.30
2010.04.27 05:01:09.476,1.25595,1.25615,3.00,2.50
2010.04.27 05:01:10.606,1.25595,1.25615,3.10,1.00
2010.04.27 05:01:10.810,1.25595,1.25615,9.10,1.00
2010.04.27 05:01:11.019,1.256,1.2562,1.00,5.10
2010.04.27 05:01:11.696,1.256,1.2562,1.40,4.30
2010.04.27 05:01:11.966,1.256,1.2562,3.00,2.70
2010.04.27 05:01:12.412,1.256,1.2562,3.00,2.50
2010.04.27 05:01:16.896,1.256,1.2562,1.40,2.50
2010.04.27 05:01:17.958,1.256,1.2562,1.40,5.10
2010.04.27 05:01:18.113,1.256,1.2562,1.40,7.50
2010.04.27 05:01:18.163,1.256,1.2562,1.00,8.30
2010.04.27 05:01:18.312,1.25595,1.2562,4.10,8.30
2010.04.27 05:01:18.363,1.25595,1.2562,3.30,8.70
2010.04.27 05:01:18.514,1.25595,1.2562,3.30,9.30
2010.04.27 05:01:18.617,1.25595,1.25615,3.30,1.00
2010.04.27 05:01:19.694,1.25595,1.25615,1.70,3.30
2010.04.27 05:01:19.905,1.25595,1.25615,1.00,8.50
2010.04.27 05:01:20.325,1.2559,1.2561,10.20,1.00
2010.04.27 05:01:20.922,1.2559,1.2561,7.80,1.00
2010.04.27 05:01:23.597,1.2559,1.2561,8.60,1.00
2010.04.27 05:01:23.671,1.2559,1.25615,8.60,9.50
2010.04.27 05:01:23.834,1.25595,1.25615,1.00,4.70
2010.04.27 05:01:23.993,1.2559,1.25615,8.60,9.50
2010.04.27 05:01:24.151,1.2559,1.25615,11.00,9.90
2010.04.27 05:01:24.313,1.2559,1.25615,8.60,9.90
2010.04.27 05:01:24.950,1.2559,1.25615,11.00,9.90
2010.04.27 05:01:25.393,1.2559,1.25615,8.60,9.90
2010.04.27 05:01:29.161,1.2559,1.25615,11.10,9.90
2010.04.27 05:01:29.324,1.25595,1.25615,1.00,5.10
2010.04.27 05:01:29.491,1.25595,1.25615,1.00,4.30
2010.04.27 05:01:31.201,1.25595,1.25615,1.00,6.70
2010.04.27 05:01:31.280,1.2559,1.25615,15.50,7.90
2010.04.27 05:01:31.361,1.2559,1.25615,15.40,7.90
2010.04.27 05:01:31.440,1.2559,1.25615,15.00,7.90
2010.04.27 05:01:31.521,1.2559,1.25615,11.00,7.90
2010.04.27 05:01:31.600,1.2559,1.25615,11.10,7.90
2010.04.27 05:01:31.780,1.2559,1.25615,11.10,9.50
2010.04.27 05:01:31.861,1.2559,1.25615,11.00,9.50
2010.04.27 05:01:31.940,1.2559,1.25615,15.00,9.50
2010.04.27 05:01:35.834,1.2559,1.25605,13.40,3.20
2010.04.27 05:01:35.932,1.2559,1.25605,2.40,5.60
2010.04.27 05:01:36.031,1.25585,1.25605,2.20,5.60
2010.04.27 05:01:36.211,1.25585,1.25605,2.20,6.00
2010.04.27 05:01:36.300,1.25585,1.25605,3.00,6.80
2010.04.27 05:01:36.390,1.25585,1.25605,3.00,5.30
2010.04.27 05:01:36.725,1.25585,1.25605,3.00,3.30
2010.04.27 05:01:36.999,1.25585,1.25605,8.20,2.50
2010.04.27 05:01:37.276,1.2559,1.25605,1.00,1.60
2010.04.27 05:01:37.541,1.2559,1.2561,1.00,5.90
2010.04.27 05:01:38.863,1.2559,1.2561,2.20,4.30
2010.04.27 05:01:39.969,1.2559,1.25605,2.20,1.00
2010.04.27 05:01:40.152,1.2559,1.2561,2.20,4.30
2010.04.27 05:01:40.762,1.2559,1.2561,2.20,4.10
2010.04.27 05:01:43.287,1.2559,1.25605,2.20,2.40
2010.04.27 05:01:43.372,1.2559,1.2561,2.20,4.20
2010.04.27 05:01:43.462,1.2559,1.2561,2.20,8.10
2010.04.27 05:01:43.898,1.2559,1.2561,2.20,4.10
2010.04.27 05:01:47.378,1.25595,1.2561,1.00,3.30
2010.04.27 05:01:48.684,1.25595,1.2561,1.00,2.40
2010.04.27 05:01:48.817,1.25595,1.2561,1.00,1.00
2010.04.27 05:01:52.567,1.25595,1.2561,2.20,1.00
2010.04.27 05:02:04.123,1.25595,1.2561,2.20,2.40
2010.04.27 05:02:04.409,1.25595,1.25615,3.80,12.80
2010.04.27 05:02:04.768,1.256,1.25615,2.20,12.80
2010.04.27 05:02:04.803,1.256,1.25615,2.20,6.40
2010.04.27 05:02:04.954,1.256,1.2562,3.00,2.40
2010.04.27 05:02:05.102,1.25605,1.2562,1.00,1.60
2010.04.27 05:02:05.447,1.2561,1.25625,1.00,2.40
2010.04.27 05:02:10.003,1.25615,1.2563,1.00,5.60
2010.04.27 05:02:10.133,1.25615,1.2563,2.20,5.60
2010.04.27 05:02:10.267,1.25615,1.2563,2.20,6.40
2010.04.27 05:02:10.606,1.25615,1.25635,2.20,7.30
2010.04.27 05:02:10.814,1.25615,1.25635,2.20,4.90
2010.04.27 05:02:11.022,1.25615,1.25635,2.20,8.90
2010.04.27 05:02:13.174,1.25615,1.25635,2.20,9.00
2010.04.27 05:02:13.199,1.25615,1.2563,2.20,1.60
2010.04.27 05:02:13.240,1.25615,1.25625,2.20,1.00
2010.04.27 05:02:13.281,1.25615,1.25625,2.20,2.40
2010.04.27 05:02:13.318,1.25615,1.25625,1.00,2.40
2010.04.27 05:02:13.346,1.2561,1.25625,2.20,2.40
2010.04.27 05:02:14.916,1.25605,1.25625,3.00,9.60
2010.04.27 05:02:15.264,1.25605,1.25625,2.20,17.80
2010.04.27 05:02:15.555,1.256,1.2562,3.00,1.60
2010.04.27 05:02:16.121,1.256,1.2562,3.00,4.10
2010.04.27 05:02:18.181,1.256,1.2562,2.20,4.90
2010.04.27 05:02:18.229,1.256,1.2562,2.20,8.90
2010.04.27 05:02:18.279,1.256,1.25615,1.60,1.00
2010.04.27 05:02:18.328,1.25595,1.25615,5.00,1.00
2010.04.27 05:02:18.430,1.25595,1.25615,3.00,1.70
2010.04.27 05:02:18.649,1.25595,1.25615,3.00,3.30
2010.04.27 05:02:19.244,1.25595,1.25615,3.00,1.70
2010.04.27 05:02:19.484,1.256,1.2562,1.00,6.10
2010.04.27 05:02:19.734,1.256,1.2562,1.00,4.00
2010.04.27 05:02:19.984,1.256,1.2562,3.00,6.40
2010.04.27 05:02:20.453,1.256,1.2562,3.80,5.60
2010.04.27 05:02:23.429,1.256,1.2562,3.00,5.60
2010.04.27 05:02:23.455,1.256,1.2562,2.20,12.80
2010.04.27 05:02:23.480,1.256,1.2562,2.20,13.70
2010.04.27 05:02:23.497,1.256,1.2562,1.00,15.30
2010.04.27 05:02:23.517,1.256,1.2562,1.00,16.10
2010.04.27 05:02:23.540,1.256,1.2562,1.00,16.90
2010.04.27 05:02:23.631,1.256,1.25615,1.00,1.60
2010.04.27 05:02:23.710,1.256,1.25615,1.00,2.40
2010.04.27 05:02:24.051,1.25595,1.2561,1.00,2.40
2010.04.27 05:02:26.361,1.25595,1.2561,1.00,3.20
2010.04.27 05:02:26.422,1.25595,1.2561,1.00,5.60
2010.04.27 05:02:26.477,1.25595,1.2561,1.00,6.00
2010.04.27 05:02:26.771,1.2559,1.2561,3.00,10.90
2010.04.27 05:02:26.836,1.2559,1.2561,2.20,17.30
2010.04.27 05:02:26.896,1.2559,1.2561,1.00,17.30
2010.04.27 05:02:27.007,1.2559,1.2561,1.00,18.90
2010.04.27 05:02:27.189,1.2559,1.2561,1.00,19.00
2010.04.27 05:02:27.527,1.2559,1.2561,1.00,18.90
2010.04.27 05:02:28.547,1.2559,1.2561,1.00,18.10
2010.04.27 05:02:28.880,1.2559,1.2561,1.00,4.90
2010.04.27 05:02:29.220,1.2559,1.2561,3.00,1.60
2010.04.27 05:02:29.467,1.25595,1.2561,1.00,1.60
2010.04.27 05:02:29.800,1.25595,1.2561,2.20,1.60
2010.04.27 05:02:31.129,1.25595,1.2561,2.20,2.40
2010.04.27 05:02:32.041,1.25595,1.25615,3.00,4.90
2010.04.27 05:02:32.260,1.25595,1.25615,3.00,2.40
2010.04.27 05:02:35.605,1.2559,1.2561,10.60,5.20
2010.04.27 05:02:35.877,1.25595,1.2561,1.00,2.80
2010.04.27 05:02:35.924,1.25595,1.2561,1.00,2.00
2010.04.27 05:02:35.976,1.25595,1.2561,3.00,1.00
2010.04.27 05:02:36.338,1.25595,1.25615,3.00,6.40
2010.04.27 05:02:36.388,1.25595,1.25615,3.00,2.40
2010.04.27 05:02:36.595,1.256,1.2562,1.00,8.50
2010.04.27 05:02:36.647,1.256,1.2562,1.00,6.10
2010.04.27 05:02:36.795,1.256,1.2562,1.00,5.70
2010.04.27 05:02:36.846,1.25595,1.25615,9.80,1.00
2010.04.27 05:02:37.199,1.25595,1.25615,3.00,2.40
2010.04.27 05:02:37.628,1.256,1.2562,1.00,10.50
2010.04.27 05:02:37.989,1.256,1.2562,1.40,4.90
2010.04.27 05:02:38.183,1.256,1.2562,1.40,7.30
2010.04.27 05:02:38.365,1.256,1.2562,1.40,15.30
2010.04.27 05:02:38.545,1.256,1.2562,1.00,16.10
2010.04.27 05:02:42.346,1.256,1.25615,1.00,1.00
2010.04.27 05:02:43.390,1.256,1.2562,1.00,17.30
2010.04.27 05:02:43.619,1.256,1.2562,1.00,10.50
2010.04.27 05:02:43.847,1.256,1.2562,1.00,12.90
2010.04.27 05:02:44.075,1.256,1.2562,1.00,16.10
2010.04.27 05:02:44.309,1.256,1.2562,1.40,8.10
2010.04.27 05:02:44.538,1.256,1.2562,1.00,7.30
2010.04.27 05:02:44.968,1.256,1.2562,1.00,8.90
2010.04.27 05:02:45.168,1.256,1.2562,1.00,4.90
2010.04.27 05:02:46.324,1.256,1.2562,1.40,2.50
2010.04.27 05:02:46.584,1.256,1.2562,3.00,2.50
2010.04.27 05:02:53.965,1.256,1.2562,2.20,3.30
2010.04.27 05:02:54.062,1.256,1.2562,2.20,4.90
2010.04.27 05:02:54.261,1.256,1.2562,1.00,4.90
2010.04.27 05:02:54.363,1.256,1.25615,1.00,1.00
2010.04.27 05:02:56.117,1.25605,1.2562,1.00,2.50
2010.04.27 05:02:56.519,1.25605,1.25625,1.00,7.30
2010.04.27 05:02:56.610,1.25605,1.25625,3.20,4.90
2010.04.27 05:02:56.690,1.25605,1.25625,4.00,4.10
2010.04.27 05:02:56.734,1.25605,1.25625,4.80,3.30
2010.04.27 05:02:56.775,1.25605,1.25625,5.90,3.30
2010.04.27 05:02:57.044,1.25605,1.25625,3.50,5.70
2010.04.27 05:02:57.089,1.25605,1.25625,1.40,7.30
2010.04.27 05:02:57.444,1.25605,1.25625,1.00,7.30
2010.04.27 05:02:58.133,1.25605,1.25625,1.40,7.30
2010.04.27 05:03:04.977,1.25605,1.25625,1.00,7.30
2010.04.27 05:03:05.300,1.25605,1.2562,1.00,1.00
2010.04.27 05:03:06.659,1.256,1.2562,1.20,1.00
2010.04.27 05:03:06.828,1.256,1.25615,1.20,1.00
2010.04.27 05:03:06.997,1.256,1.25615,1.00,1.00
2010.04.27 05:03:08.728,1.25595,1.25615,20.70,1.00
2010.04.27 05:03:08.897,1.25595,1.25615,17.10,1.00
2010.04.27 05:03:09.446,1.25595,1.25615,17.00,1.00
2010.04.27 05:03:11.328,1.25595,1.25615,14.60,1.00
2010.04.27 05:03:11.349,1.25595,1.25615,12.20,1.00
2010.04.27 05:03:11.367,1.25595,1.25615,11.80,2.50
2010.04.27 05:03:11.435,1.25595,1.25615,11.80,4.10
2010.04.27 05:03:11.526,1.25595,1.25615,9.40,4.10
2010.04.27 05:03:11.578,1.25595,1.25615,8.60,4.90
2010.04.27 05:03:11.864,1.2559,1.25615,13.00,8.90
2010.04.27 05:03:11.881,1.2559,1.25615,11.80,9.70
2010.04.27 05:03:11.916,1.2559,1.2561,11.80,1.00
2010.04.27 05:03:12.365,1.2559,1.2561,11.00,1.00
2010.04.27 05:03:12.757,1.2559,1.2561,9.40,1.00
2010.04.27 05:03:13.097,1.2559,1.2561,11.10,1.00
2010.04.27 05:03:13.436,1.2559,1.2561,15.10,1.00
2010.04.27 05:03:15.277,1.2559,1.2561,15.90,1.00
2010.04.27 05:03:15.445,1.2559,1.2561,15.80,1.00
2010.04.27 05:03:15.615,1.2559,1.2561,15.90,1.00
2010.04.27 05:03:15.864,1.2559,1.2561,15.80,1.00
2010.04.27 05:03:20.757,1.2559,1.2561,13.40,1.00
2010.04.27 05:03:20.943,1.2559,1.2561,11.00,1.00
2010.04.27 05:03:21.204,1.2559,1.2561,3.00,1.00
2010.04.27 05:03:21.309,1.2559,1.2561,1.40,2.50
2010.04.27 05:03:22.133,1.2559,1.2561,1.40,1.00
2010.04.27 05:03:25.880,1.2559,1.2561,1.40,2.50
2010.04.27 05:03:31.482,1.2559,1.2561,1.00,9.70
2010.04.27 05:03:31.542,1.2559,1.25605,1.00,1.00
2010.04.27 05:03:31.601,1.2559,1.25605,1.00,2.40
2010.04.27 05:03:31.721,1.2559,1.25605,1.00,4.00
2010.04.27 05:03:31.843,1.25585,1.25605,7.00,4.10
2010.04.27 05:03:31.902,1.25585,1.25605,4.60,4.10
2010.04.27 05:03:31.961,1.25585,1.25605,2.20,4.10
2010.04.27 05:03:32.081,1.25585,1.25605,1.00,4.50
2010.04.27 05:03:32.140,1.25585,1.25605,1.00,6.10
2010.04.27 05:03:32.381,1.25585,1.256,1.00,1.00
2010.04.27 05:03:38.141,1.25585,1.256,1.00,1.70
2010.04.27 05:03:38.183,1.25585,1.256,1.00,1.00
2010.04.27 05:03:39.461,1.25585,1.25595,1.00,3.20
2010.04.27 05:03:39.702,1.25575,1.2559,1.00,2.40
2010.04.27 05:03:40.116,1.2557,1.2559,3.00,16.80
2010.04.27 05:03:40.307,1.2557,1.2559,2.20,14.40
2010.04.27 05:03:40.493,1.2557,1.2559,3.00,3.20
2010.04.27 05:03:40.720,1.2557,1.2559,4.60,3.20
2010.04.27 05:03:42.300,1.2557,1.2559,3.80,4.00
2010.04.27 05:03:42.400,1.2557,1.2559,2.20,4.00
2010.04.27 05:03:42.774,1.2557,1.2559,2.20,5.60
2010.04.27 05:03:42.887,1.25565,1.25585,3.00,1.00
2010.04.27 05:03:43.088,1.25565,1.25585,2.20,4.00
2010.04.27 05:03:43.193,1.2556,1.2558,5.00,1.60
2010.04.27 05:03:43.302,1.25565,1.25585,2.20,8.80
2010.04.27 05:03:43.653,1.25565,1.25585,2.20,5.60
2010.04.27 05:03:44.000,1.25565,1.25585,2.20,6.50
2010.04.27 05:03:47.148,1.25565,1.2558,2.20,2.40
2010.04.27 05:03:47.348,1.2556,1.2558,5.80,2.80
2010.04.27 05:03:47.448,1.2556,1.2558,4.60,2.80
2010.04.27 05:03:48.508,1.2556,1.2558,4.60,3.60
2010.04.27 05:03:48.988,1.2556,1.2558,5.40,1.00
2010.04.27 05:03:49.150,1.25565,1.25585,1.00,8.40
2010.04.27 05:03:49.307,1.25565,1.25585,1.00,6.80
2010.04.27 05:03:49.467,1.25565,1.25585,1.00,7.20
2010.04.27 05:03:50.857,1.25565,1.2558,1.00,2.40
2010.04.27 05:03:51.008,1.2556,1.25585,5.80,7.20
2010.04.27 05:03:51.087,1.2556,1.25585,6.20,5.60
2010.04.27 05:03:51.166,1.2557,1.25585,1.00,4.80
2010.04.27 05:03:51.247,1.2557,1.25585,1.00,1.00
2010.04.27 05:03:51.334,1.25565,1.25585,6.20,1.60
2010.04.27 05:03:51.417,1.25565,1.25585,2.20,4.00
2010.04.27 05:03:51.497,1.25565,1.25585,2.20,3.60
2010.04.27 05:03:54.110,1.25565,1.25585,2.20,5.20
2010.04.27 05:03:54.177,1.25565,1.2558,2.20,1.00
2010.04.27 05:04:10.453,1.25565,1.25585,2.20,6.80
2010.04.27 05:04:10.703,1.25565,1.25585,3.80,5.20
2010.04.27 05:04:10.799,1.25565,1.25585,10.20,5.20
2010.04.27 05:04:10.883,1.25565,1.25585,7.80,5.20
2010.04.27 05:04:10.972,1.25565,1.25585,3.80,5.20
2010.04.27 05:04:15.060,1.25565,1.25585,3.00,1.20
2010.04.27 05:04:15.303,1.25565,1.25585,3.00,1.00
2010.04.27 05:04:15.584,1.25565,1.2558,2.20,1.00
2010.04.27 05:04:27.742,1.25565,1.2558,1.00,1.00
2010.04.27 05:04:29.158,1.25565,1.2558,2.20,1.00
2010.04.27 05:04:29.600,1.25565,1.25585,3.00,7.20
2010.04.27 05:04:29.821,1.2557,1.2559,2.20,12.80
2010.04.27 05:04:30.180,1.2557,1.2559,2.20,8.80
2010.04.27 05:04:30.417,1.2557,1.2559,2.20,4.80
2010.04.27 05:04:34.368,1.2557,1.25595,3.80,8.10
2010.04.27 05:04:34.584,1.25575,1.25595,2.20,7.70
2010.04.27 05:04:34.790,1.25575,1.25595,2.20,6.80
2010.04.27 05:04:35.837,1.25575,1.25595,3.00,2.80
2010.04.27 05:04:35.877,1.25575,1.25595,3.00,2.00
2010.04.27 05:04:35.918,1.25575,1.25595,4.20,1.60
2010.04.27 05:04:35.958,1.2558,1.25595,1.00,1.60
2010.04.27 05:04:35.998,1.2558,1.25595,1.00,2.40
2010.04.27 05:04:36.278,1.25575,1.25595,2.20,4.00
2010.04.27 05:04:36.320,1.25575,1.25595,2.20,6.40
2010.04.27 05:04:36.356,1.25575,1.25595,2.20,6.80
2010.04.27 05:04:42.523,1.25575,1.25595,3.00,6.00
2010.04.27 05:04:42.637,1.2558,1.25595,2.20,1.00
2010.04.27 05:04:42.744,1.2558,1.256,2.20,6.90
2010.04.27 05:04:44.746,1.2558,1.25595,2.20,1.60
2010.04.27 05:04:44.827,1.2558,1.25595,1.00,5.60
2010.04.27 05:04:44.914,1.25575,1.25595,2.20,5.60
2010.04.27 05:04:45.234,1.25575,1.25595,2.20,6.00
2010.04.27 05:04:45.313,1.25575,1.25595,2.20,7.60
2010.04.27 05:04:46.356,1.2558,1.25595,1.60,4.00
2010.04.27 05:04:46.580,1.25585,1.25605,1.00,10.10
2010.04.27 05:04:46.810,1.25585,1.25605,1.00,9.20
2010.04.27 05:04:47.250,1.2559,1.25605,2.20,4.00
2010.04.27 05:04:47.537,1.2559,1.2561,2.20,4.00
2010.04.27 05:04:48.647,1.25595,1.2561,2.20,1.00
2010.04.27 05:05:01.535,1.25595,1.25615,4.60,2.40
2010.04.27 05:05:01.822,1.25595,1.25615,8.60,2.40
2010.04.27 05:05:06.051,1.25595,1.2561,8.60,1.00
2010.04.27 05:05:06.349,1.25595,1.2561,6.20,1.00
2010.04.27 05:05:06.717,1.25595,1.2561,2.20,1.00
2010.04.27 05:05:09.164,1.25595,1.25615,2.20,8.50
2010.04.27 05:05:10.162,1.25595,1.25615,2.20,8.90
2010.04.27 05:05:10.339,1.25595,1.2561,2.20,2.40
2010.04.27 05:05:11.339,1.25595,1.2561,1.00,7.20
2010.04.27 05:05:11.874,1.2559,1.2561,2.20,7.60
2010.04.27 05:05:14.037,1.2559,1.25605,2.20,1.00
2010.04.27 05:05:14.077,1.2559,1.25605,1.60,1.60
2010.04.27 05:05:14.121,1.2559,1.25605,1.60,3.20
2010.04.27 05:05:14.157,1.25585,1.25605,8.60,3.20
2010.04.27 05:05:14.428,1.25585,1.25605,7.00,4.80
2010.04.27 05:05:14.704,1.25585,1.25605,2.20,7.60
2010.04.27 05:05:14.983,1.2559,1.2561,3.00,3.70
2010.04.27 05:05:15.252,1.2559,1.2561,4.60,1.00
2010.04.27 05:05:15.603,1.2559,1.2561,2.20,2.40
2010.04.27 05:05:15.952,1.2559,1.25605,4.00,1.00
2010.04.27 05:05:16.300,1.2559,1.25605,4.00,7.20
2010.04.27 05:05:16.499,1.2559,1.25605,4.00,7.60
2010.04.27 05:05:16.698,1.25585,1.25605,8.60,7.60
2010.04.27 05:05:16.888,1.25585,1.25605,6.20,7.60
2010.04.27 05:05:18.606,1.25585,1.25605,6.20,6.00
2010.04.27 05:05:27.784,1.25585,1.25605,6.20,6.90
2010.04.27 05:05:31.216,1.25585,1.25605,6.20,8.50
2010.04.27 05:05:31.389,1.25585,1.256,6.20,1.00
2010.04.27 05:05:31.818,1.25585,1.256,2.20,1.00
2010.04.27 05:05:31.907,1.25585,1.25605,2.20,8.50
2010.04.27 05:05:40.155,1.25585,1.256,2.20,1.00
2010.04.27 05:05:43.480,1.25585,1.25605,2.20,8.90
2010.04.27 05:05:43.643,1.25585,1.25605,2.20,8.50
2010.04.27 05:05:50.377,1.25585,1.25605,2.20,7.60
2010.04.27 05:06:15.346,1.25585,1.256,2.20,1.00
2010.04.27 05:06:38.091,1.25585,1.25605,2.20,6.40
2010.04.27 05:06:38.157,1.25585,1.25605,2.20,6.00
2010.04.27 05:06:38.726,1.25585,1.25605,3.80,3.60
2010.04.27 05:06:39.021,1.25585,1.25605,4.60,1.20
2010.04.27 05:06:39.240,1.2559,1.25605,2.20,1.00
2010.04.27 05:06:40.888,1.2559,1.2561,3.80,3.20
2010.04.27 05:06:41.038,1.2559,1.2561,3.80,1.00
2010.04.27 05:06:41.187,1.2559,1.2561,4.60,1.00
2010.04.27 05:06:41.286,1.2559,1.2561,8.60,1.00
2010.04.27 05:06:41.387,1.25595,1.2561,1.00,1.00
2010.04.27 05:06:41.486,1.25595,1.2561,2.20,1.00
2010.04.27 05:06:42.510,1.25595,1.2561,1.00,4.00
2010.04.27 05:06:42.689,1.2559,1.2561,2.20,5.60
2010.04.27 05:06:42.867,1.2559,1.2561,2.20,6.00
2010.04.27 05:06:43.036,1.2559,1.2561,2.20,4.40
2010.04.27 05:06:43.547,1.25595,1.2561,1.00,1.20
2010.04.27 05:06:43.716,1.25595,1.2561,1.00,1.00
2010.04.27 05:06:43.925,1.25595,1.2561,1.00,1.60
2010.04.27 05:06:44.002,1.25595,1.2561,1.00,7.20
2010.04.27 05:06:44.076,1.25595,1.2561,1.00,11.20
2010.04.27 05:06:44.146,1.25595,1.2561,1.00,13.60
2010.04.27 05:06:44.444,1.25595,1.2561,1.00,9.60
2010.04.27 05:06:44.779,1.25595,1.2561,1.00,7.20
2010.04.27 05:06:49.417,1.25595,1.2561,1.00,4.00
2010.04.27 05:06:49.545,1.25595,1.2561,2.20,4.00
2010.04.27 05:06:49.825,1.25595,1.25615,2.20,8.00
2010.04.27 05:06:50.385,1.25595,1.25615,2.20,6.40
2010.04.27 05:07:06.381,1.25595,1.25615,6.20,6.40
2010.04.27 05:07:08.509,1.256,1.25615,1.60,1.00
2010.04.27 05:07:08.611,1.256,1.2562,2.20,4.00
2010.04.27 05:07:08.809,1.256,1.2562,2.20,3.20
2010.04.27 05:07:08.909,1.256,1.2562,2.20,2.40
2010.04.27 05:07:09.164,1.25605,1.2562,1.00,2.40
2010.04.27 05:07:15.879,1.25605,1.25625,1.00,12.50
2010.04.27 05:07:16.120,1.25605,1.25625,1.00,10.90
2010.04.27 05:07:16.359,1.25605,1.25625,1.00,8.50
2010.04.27 05:07:16.598,1.25605,1.25625,4.60,7.60
2010.04.27 05:07:37.370,1.25605,1.25625,1.00,7.60
2010.04.27 05:07:40.752,1.25605,1.25625,1.40,5.20
2010.04.27 05:07:40.912,1.2561,1.25625,1.00,1.20
2010.04.27 05:07:41.072,1.2561,1.25625,1.00,1.00
2010.04.27 05:07:42.792,1.2561,1.25625,1.00,2.90
2010.04.27 05:07:42.972,1.2561,1.25625,1.00,10.40
2010.04.27 05:07:43.111,1.2561,1.25625,1.00,2.40
2010.04.27 05:07:44.296,1.25605,1.25625,3.80,2.40
2010.04.27 05:07:44.483,1.25605,1.25625,3.00,2.40
2010.04.27 05:07:45.220,1.25605,1.25625,1.40,4.00
2010.04.27 05:07:45.402,1.25605,1.2562,1.00,2.40
2010.04.27 05:07:45.491,1.25605,1.2562,1.00,3.20
2010.04.27 05:07:45.811,1.25605,1.25615,1.00,2.40
2010.04.27 05:07:45.840,1.256,1.25615,2.40,4.00
2010.04.27 05:07:45.946,1.25595,1.25615,2.20,4.00
2010.04.27 05:07:46.038,1.25595,1.25615,3.00,3.20
2010.04.27 05:07:46.387,1.256,1.2562,2.20,8.80
2010.04.27 05:07:46.733,1.256,1.2562,5.40,6.40
2010.04.27 05:07:47.083,1.256,1.2562,5.40,2.40
2010.04.27 05:07:50.310,1.256,1.25625,6.20,8.50
2010.04.27 05:07:50.632,1.25605,1.25625,1.00,7.70
2010.04.27 05:07:51.046,1.25605,1.25625,1.00,5.70
2010.04.27 05:07:51.821,1.25605,1.25625,3.80,2.50
2010.04.27 05:07:51.907,1.2561,1.2563,1.00,16.50
2010.04.27 05:07:51.993,1.2561,1.2563,1.00,13.70
2010.04.27 05:07:52.156,1.2561,1.2563,1.00,8.90
2010.04.27 05:07:52.485,1.2561,1.2563,3.80,3.30
2010.04.27 05:07:52.571,1.2561,1.2563,3.80,4.90
2010.04.27 05:07:52.656,1.2561,1.2563,3.80,3.30
2010.04.27 05:07:52.731,1.2561,1.2563,3.80,1.00
2010.04.27 05:07:53.246,1.2561,1.2563,1.40,1.00
2010.04.27 05:07:56.138,1.25615,1.2563,1.00,1.00
2010.04.27 05:07:56.500,1.25615,1.25635,1.40,8.10
2010.04.27 05:07:56.606,1.25615,1.25635,1.40,9.70
2010.04.27 05:07:56.713,1.25615,1.25635,1.40,8.90
2010.04.27 05:07:56.819,1.25615,1.25635,1.40,9.70
2010.04.27 05:07:57.118,1.25615,1.25635,1.50,9.70
2010.04.27 05:07:57.459,1.25615,1.25635,1.40,9.70
2010.04.27 05:07:57.800,1.25615,1.25635,1.50,9.70
2010.04.27 05:07:58.509,1.25615,1.25635,1.40,9.70
2010.04.27 05:07:58.638,1.25615,1.25635,1.50,9.70
2010.04.27 05:08:00.687,1.25615,1.25635,1.40,9.70
2010.04.27 05:08:02.149,1.25615,1.25635,1.00,10.50
2010.04.27 05:08:02.450,1.2561,1.2563,3.00,1.70
2010.04.27 05:08:02.601,1.2561,1.2563,1.40,3.30
2010.04.27 05:08:02.752,1.25605,1.25625,17.40,1.00
2010.04.27 05:08:03.047,1.25605,1.25625,17.40,1.70
2010.04.27 05:08:03.402,1.25605,1.25625,3.00,3.30
2010.04.27 05:08:04.092,1.25605,1.25625,3.00,2.50
2010.04.27 05:08:04.391,1.25605,1.25625,3.00,1.00
2010.04.27 05:08:05.487,1.25605,1.25625,3.00,1.70
2010.04.27 05:08:05.690,1.25605,1.25625,4.60,1.70
2010.04.27 05:08:06.290,1.25605,1.25625,4.60,1.00
2010.04.27 05:08:07.385,1.25605,1.25625,7.00,1.00
2010.04.27 05:08:08.305,1.25605,1.25625,3.00,5.70
2010.04.27 05:08:08.548,1.25605,1.25625,3.00,4.90
2010.04.27 05:08:08.696,1.25605,1.25625,3.00,1.00
2010.04.27 05:08:08.835,1.25605,1.25625,5.40,1.00
2010.04.27 05:08:09.209,1.25605,1.25625,9.40,1.00
2010.04.27 05:08:11.144,1.25605,1.2563,11.80,8.90
2010.04.27 05:08:11.305,1.25605,1.2563,11.80,8.10
2010.04.27 05:08:11.464,1.2561,1.2563,1.00,8.10
2010.04.27 05:08:16.343,1.2561,1.2563,4.60,4.10
2010.04.27 05:08:16.465,1.2561,1.2563,7.80,1.00
2010.04.27 05:08:16.583,1.2561,1.25635,10.20,9.70
2010.04.27 05:08:16.703,1.2561,1.25635,14.20,8.90
2010.04.27 05:08:16.802,1.2561,1.25635,14.60,8.90
2010.04.27 05:08:17.003,1.25615,1.25635,1.00,8.90
2010.04.27 05:08:29.509,1.2562,1.2564,1.00,8.50
2010.04.27 05:08:29.856,1.25615,1.2564,7.80,9.30
2010.04.27 05:08:31.439,1.25615,1.2564,7.80,8.90
2010.04.27 05:08:31.770,1.2562,1.2564,1.00,8.10
2010.04.27 05:08:31.843,1.2562,1.2564,2.20,5.70
2010.04.27 05:08:31.920,1.2562,1.2564,3.00,4.90
2010.04.27 05:08:31.990,1.2562,1.2564,3.00,2.50
2010.04.27 05:08:32.065,1.2562,1.25645,3.00,10.20
2010.04.27 05:08:32.209,1.2562,1.25645,3.00,10.50
2010.04.27 05:08:35.434,1.25625,1.25645,1.00,10.50
2010.04.27 05:08:40.562,1.25625,1.25645,1.00,9.70
2010.04.27 05:08:40.801,1.25625,1.25645,2.20,5.70
2010.04.27 05:08:41.040,1.25625,1.25645,2.20,8.90
2010.04.27 05:08:41.270,1.25625,1.25645,3.00,1.70
2010.04.27 05:08:43.017,1.25625,1.25645,2.20,2.50
2010.04.27 05:08:43.238,1.25625,1.25645,2.20,6.90
2010.04.27 05:08:43.357,1.25625,1.25645,2.20,8.50
2010.04.27 05:08:48.394,1.25625,1.25645,1.00,10.10
2010.04.27 05:08:50.265,1.25625,1.2564,1.00,1.00
2010.04.27 05:08:53.943,1.25625,1.25645,1.00,10.10
2010.04.27 05:09:01.022,1.25625,1.25645,2.20,8.50
2010.04.27 05:09:02.100,1.25625,1.25645,3.00,7.70
2010.04.27 05:09:02.313,1.25625,1.25645,3.80,1.70
2010.04.27 05:09:05.732,1.2563,1.25645,1.00,1.00
2010.04.27 05:09:09.980,1.2563,1.2565,1.00,13.30
2010.04.27 05:09:10.221,1.2563,1.2565,1.00,8.90
2010.04.27 05:09:10.342,1.2563,1.25645,1.00,1.00
2010.04.27 05:09:13.578,1.25625,1.25645,3.80,1.70
2010.04.27 05:09:17.373,1.25625,1.25645,6.20,1.70
2010.04.27 05:09:17.587,1.2563,1.2565,3.00,3.70
2010.04.27 05:09:17.794,1.2563,1.2565,3.00,1.70
2010.04.27 05:09:20.996,1.2563,1.2565,1.40,3.30
2010.04.27 05:09:21.117,1.2563,1.2565,1.00,3.30
2010.04.27 05:09:21.237,1.25625,1.2565,10.80,4.90
2010.04.27 05:09:21.359,1.2563,1.2565,1.00,3.30
2010.04.27 05:09:21.478,1.2563,1.2565,3.20,3.30
2010.04.27 05:09:22.004,1.2563,1.2565,5.80,2.50
2010.04.27 05:09:22.260,1.2563,1.2565,12.20,2.50
2010.04.27 05:09:22.518,1.2563,1.2565,15.40,2.50
2010.04.27 05:09:23.299,1.2563,1.25645,10.60,1.00
2010.04.27 05:09:23.469,1.25625,1.25645,7.70,1.00
2010.04.27 05:09:23.637,1.25625,1.25645,8.20,1.00
2010.04.27 05:09:24.147,1.25625,1.25645,8.80,1.00
2010.04.27 05:09:24.500,1.25635,1.2565,2.20,1.20
2010.04.27 05:09:24.840,1.25635,1.2565,2.20,1.00
2010.04.27 05:09:25.027,1.25635,1.25655,1.00,12.70
2010.04.27 05:09:25.386,1.25635,1.25655,1.00,15.10
2010.04.27 05:09:25.607,1.25635,1.25655,1.00,19.20
2010.04.27 05:09:27.078,1.25635,1.25655,1.00,19.10
2010.04.27 05:09:27.410,1.25635,1.25655,1.00,19.20
2010.04.27 05:09:29.946,1.25635,1.25655,1.40,15.90
2010.04.27 05:09:30.168,1.25635,1.25655,3.00,5.70
2010.04.27 05:09:30.400,1.2564,1.2566,1.00,8.10
2010.04.27 05:09:30.800,1.2564,1.2566,1.40,7.30
2010.04.27 05:09:31.081,1.2564,1.2566,1.40,3.30
2010.04.27 05:09:43.355,1.2564,1.2566,3.00,1.00
2010.04.27 05:09:43.503,1.25645,1.2566,1.00,1.00
2010.04.27 05:09:43.653,1.25645,1.25665,6.20,4.10
2010.04.27 05:09:43.804,1.25645,1.25665,6.80,4.10
2010.04.27 05:09:44.103,1.25645,1.25665,8.40,1.60
2010.04.27 05:09:53.689,1.2565,1.2567,1.00,5.70
2010.04.27 05:09:53.834,1.2565,1.2567,3.20,5.70
2010.04.27 05:09:53.916,1.25655,1.2567,1.00,2.40
2010.04.27 05:09:53.990,1.25655,1.2567,4.80,2.40
2010.04.27 05:09:54.060,1.25655,1.2567,5.40,1.00
2010.04.27 05:09:54.328,1.25655,1.25675,5.40,2.50
2010.04.27 05:09:54.408,1.25655,1.25675,7.60,2.50
2010.04.27 05:09:55.301,1.25655,1.25675,9.20,1.00
2010.04.27 05:09:55.640,1.2566,1.25675,1.00,1.00
2010.04.27 05:10:09.626,1.25655,1.25675,14.80,1.00
2010.04.27 05:10:09.789,1.25655,1.25675,4.00,8.10
2010.04.27 05:10:09.952,1.25655,1.2567,4.00,1.00
2010.04.27 05:10:10.113,1.2565,1.2567,7.00,2.40
2010.04.27 05:10:10.609,1.2565,1.2567,1.00,4.90
2010.04.27 05:10:13.808,1.2565,1.2567,1.40,4.90
2010.04.27 05:10:13.925,1.25655,1.2567,2.20,1.00
2010.04.27 05:10:14.035,1.25655,1.25675,2.20,6.90
2010.04.27 05:10:14.145,1.25655,1.25675,2.20,2.10
2010.04.27 05:10:14.365,1.25655,1.2567,2.20,1.00
2010.04.27 05:10:15.046,1.25655,1.25675,2.20,8.50
2010.04.27 05:10:15.287,1.25655,1.25675,3.80,6.10
2010.04.27 05:10:16.906,1.2566,1.2568,2.20,3.60
2010.04.27 05:10:17.159,1.2566,1.2568,2.20,2.00
2010.04.27 05:10:17.217,1.2566,1.2568,2.20,1.20
2010.04.27 05:10:17.364,1.2566,1.2568,2.20,1.00
2010.04.27 05:10:20.343,1.2566,1.2568,3.00,1.00
2010.04.27 05:10:20.518,1.25665,1.2568,1.00,1.00
2010.04.27 05:10:20.836,1.25665,1.25685,1.00,4.40
2010.04.27 05:10:20.998,1.2567,1.25685,2.40,4.00
2010.04.27 05:10:21.457,1.2567,1.2569,1.00,6.50
2010.04.27 05:10:21.768,1.25665,1.2568,1.00,2.40
2010.04.27 05:10:25.549,1.25665,1.2568,1.00,1.00
2010.04.27 05:10:30.014,1.25665,1.25685,1.00,5.60
2010.04.27 05:10:30.675,1.25665,1.25685,1.00,7.20
2010.04.27 05:10:42.872,1.25665,1.2568,1.00,1.60
2010.04.27 05:10:43.248,1.25665,1.2568,1.00,2.40
2010.04.27 05:11:02.172,1.2566,1.2567,2.20,1.00
2010.04.27 05:11:02.304,1.25655,1.2567,4.00,4.80
2010.04.27 05:11:02.670,1.2565,1.2567,9.40,4.80
2010.04.27 05:11:02.809,1.25655,1.2567,1.40,4.10
2010.04.27 05:11:02.940,1.25655,1.2567,1.00,2.40
2010.04.27 05:11:03.070,1.2565,1.25675,5.80,15.40
2010.04.27 05:11:03.416,1.2565,1.2567,5.40,2.50
2010.04.27 05:11:05.624,1.25655,1.2567,1.00,1.00
2010.04.27 05:11:05.804,1.25655,1.25675,3.80,13.70
2010.04.27 05:11:05.896,1.25655,1.25675,3.00,11.30
2010.04.27 05:11:05.996,1.25655,1.25675,3.00,7.30
2010.04.27 05:11:06.095,1.25655,1.25675,5.40,3.30
2010.04.27 05:11:06.485,1.25655,1.25675,1.40,3.30
2010.04.27 05:11:07.894,1.25655,1.25675,1.40,2.50
2010.04.27 05:11:08.055,1.25655,1.25675,5.40,3.40
2010.04.27 05:11:08.402,1.25655,1.25675,1.00,9.00
2010.04.27 05:11:08.573,1.2565,1.2567,7.00,1.00
2010.04.27 05:11:08.882,1.2565,1.2567,5.40,1.00
2010.04.27 05:11:09.193,1.2565,1.2567,5.40,1.70
2010.04.27 05:11:09.507,1.2565,1.2567,1.00,7.30
2010.04.27 05:11:09.820,1.25655,1.2567,1.00,1.00
2010.04.27 05:11:10.413,1.25655,1.25675,3.00,2.50
2010.04.27 05:11:10.658,1.25655,1.25675,3.00,1.00
2010.04.27 05:11:11.003,1.25655,1.2568,3.00,9.30
2010.04.27 05:11:14.798,1.2566,1.2568,1.60,7.70
2010.04.27 05:11:14.849,1.2566,1.2568,1.60,6.10
2010.04.27 05:11:15.072,1.2566,1.2568,12.60,2.90
2010.04.27 05:11:15.291,1.2566,1.2568,12.80,2.50
2010.04.27 05:11:15.513,1.2566,1.2568,2.40,8.10
2010.04.27 05:11:15.731,1.2566,1.2568,1.60,8.10
2010.04.27 05:11:15.949,1.2566,1.2568,1.00,8.50
2010.04.27 05:11:17.573,1.2566,1.2568,1.00,7.70
2010.04.27 05:11:17.618,1.2566,1.2568,1.00,7.30
2010.04.27 05:11:17.712,1.2566,1.2568,1.00,5.70
2010.04.27 05:11:17.793,1.2566,1.2568,1.00,7.30
2010.04.27 05:11:17.873,1.2566,1.2568,3.00,4.90
2010.04.27 05:11:19.200,1.2566,1.2568,3.80,2.50
2010.04.27 05:11:25.606,1.2566,1.2568,5.40,2.50
2010.04.27 05:11:25.718,1.25665,1.2568,1.00,2.50
2010.04.27 05:11:25.921,1.25665,1.2568,1.60,2.50
2010.04.27 05:11:30.216,1.25665,1.25685,2.20,7.30
2010.04.27 05:11:30.369,1.2567,1.25685,1.00,4.10
2010.04.27 05:11:30.518,1.2567,1.25685,1.00,1.60
2010.04.27 05:11:30.666,1.2567,1.2569,1.00,4.90
2010.04.27 05:11:36.071,1.2567,1.2569,7.00,1.00
2010.04.27 05:11:36.317,1.25675,1.2569,1.20,1.00
2010.04.27 05:11:36.796,1.25675,1.2569,1.00,3.30
2010.04.27 05:11:37.037,1.2567,1.2569,11.80,1.00
2010.04.27 05:11:37.277,1.2567,1.2569,10.20,1.00
2010.04.27 05:11:38.416,1.2567,1.2569,10.20,1.70
2010.04.27 05:11:38.760,1.2567,1.2569,3.40,1.70
2010.04.27 05:11:38.992,1.2567,1.2569,3.40,3.30
2010.04.27 05:11:43.970,1.2567,1.2569,4.20,2.50
2010.04.27 05:11:44.143,1.2567,1.2569,6.60,1.00
2010.04.27 05:11:44.318,1.25675,1.2569,1.00,2.50
2010.04.27 05:11:44.494,1.25675,1.2569,1.00,2.50
2010.04.27 05:11:44.664,1.25675,1.2569,1.00,1.00
2010.04.27 05:11:44.907,1.25675,1.25695,1.80,4.10
2010.04.27 05:11:45.424,1.25675,1.25695,1.40,4.90
2010.04.27 05:11:45.663,1.25675,1.25695,1.40,5.70
2010.04.27 05:11:59.258,1.25675,1.25695,1.40,7.30
2010.04.27 05:12:00.415,1.25675,1.25695,1.40,9.70
2010.04.27 05:12:00.519,1.25675,1.25695,1.00,9.70
2010.04.27 05:12:00.739,1.2567,1.2569,11.60,2.50
2010.04.27 05:12:00.850,1.2567,1.2569,9.20,2.50
2010.04.27 05:12:00.959,1.2567,1.2569,3.80,4.90
2010.04.27 05:12:01.303,1.2567,1.25685,1.00,1.00
2010.04.27 05:12:01.801,1.2567,1.25685,1.00,2.50
2010.04.27 05:12:03.776,1.25665,1.25685,9.20,2.50
2010.04.27 05:12:03.888,1.25665,1.25685,6.00,2.50
2010.04.27 05:12:03.998,1.25665,1.25685,5.40,2.50
2010.04.27 05:12:06.485,1.25665,1.25685,5.40,1.00
2010.04.27 05:12:12.022,1.25665,1.25685,7.00,1.00
2010.04.27 05:12:12.152,1.2567,1.25685,1.00,1.00
2010.04.27 05:12:12.499,1.25665,1.25685,11.20,1.00
2010.04.27 05:12:12.842,1.2567,1.25685,1.00,1.00
2010.04.27 05:12:13.528,1.25665,1.25685,11.20,1.00
2010.04.27 05:12:13.687,1.2567,1.25685,1.00,1.00
2010.04.27 05:12:13.849,1.25665,1.25685,11.20,1.00
2010.04.27 05:12:15.014,1.25665,1.25685,8.80,1.00
2010.04.27 05:12:15.221,1.25665,1.25685,3.00,1.70
2010.04.27 05:12:19.644,1.25665,1.25685,3.00,3.30
2010.04.27 05:12:19.875,1.25665,1.25685,1.40,3.30
2010.04.27 05:12:19.994,1.25665,1.25685,1.40,4.90
2010.04.27 05:12:36.309,1.25665,1.25685,1.40,5.70
2010.04.27 05:12:36.549,1.25665,1.2568,1.40,1.00
2010.04.27 05:12:37.285,1.25665,1.2568,1.00,1.00
2010.04.27 05:12:39.405,1.2566,1.2568,6.00,1.00
2010.04.27 05:12:39.532,1.2566,1.2568,5.40,1.00
2010.04.27 05:12:58.367,1.2566,1.2568,5.40,1.70
2010.04.27 05:12:58.443,1.2566,1.2568,4.60,3.30
2010.04.27 05:12:58.802,1.25655,1.25675,10.40,2.50
2010.04.27 05:12:59.151,1.25655,1.25675,4.60,2.50
2010.04.27 05:12:59.839,1.25655,1.25675,4.60,3.30
2010.04.27 05:13:02.401,1.25655,1.25675,3.80,4.10
2010.04.27 05:13:02.607,1.25655,1.2567,2.20,6.40
2010.04.27 05:13:02.815,1.2565,1.25665,8.00,4.10
2010.04.27 05:13:02.946,1.2565,1.25665,1.00,4.10
2010.04.27 05:13:03.075,1.2565,1.25665,1.00,2.50
2010.04.27 05:13:06.314,1.2565,1.25665,1.00,4.10
2010.04.27 05:13:06.475,1.25645,1.25665,8.60,4.10
2010.04.27 05:13:06.615,1.25645,1.25665,8.70,4.10
2010.04.27 05:13:06.894,1.25645,1.25665,2.40,4.10
2010.04.27 05:13:07.033,1.25645,1.25665,2.40,4.10
2010.04.27 05:13:08.604,1.25645,1.25665,3.00,4.10
2010.04.27 05:13:09.004,1.2565,1.25665,2.40,2.50
2010.04.27 05:13:09.204,1.2565,1.2567,3.00,2.40
2010.04.27 05:13:09.404,1.2565,1.25675,7.00,10.50
2010.04.27 05:13:09.603,1.2565,1.25675,9.40,10.50
2010.04.27 05:13:09.812,1.2565,1.25675,11.00,10.50
2010.04.27 05:13:23.569,1.2565,1.2567,11.00,1.00
2010.04.27 05:13:23.678,1.2565,1.2567,9.40,1.00
2010.04.27 05:13:29.028,1.2565,1.25675,11.00,10.90
2010.04.27 05:13:29.227,1.2565,1.25675,11.00,10.50
2010.04.27 05:13:32.863,1.25655,1.25675,1.00,9.70
2010.04.27 05:13:32.977,1.2565,1.25675,13.80,8.10
2010.04.27 05:13:33.101,1.2565,1.2567,15.40,1.00
2010.04.27 05:13:33.218,1.2565,1.2567,13.80,4.00
2010.04.27 05:13:33.564,1.2565,1.2567,8.60,4.00
2010.04.27 05:13:33.678,1.2565,1.25675,7.00,10.50
2010.04.27 05:13:33.997,1.2565,1.25675,11.00,10.50
2010.04.27 05:13:38.286,1.25655,1.25675,1.00,8.90
2010.04.27 05:13:38.646,1.25655,1.25675,1.40,8.10
2010.04.27 05:13:40.864,1.25655,1.25675,2.20,5.70
2010.04.27 05:13:41.057,1.25655,1.25675,3.80,2.50
2010.04.27 05:13:41.245,1.25655,1.25675,1.40,2.50
2010.04.27 05:13:41.436,1.25655,1.25675,1.40,4.90
2010.04.27 05:13:41.626,1.25655,1.25675,3.00,2.40
2010.04.27 05:13:41.815,1.25655,1.25675,3.00,4.00
2010.04.27 05:14:05.128,1.25655,1.25675,3.00,1.60
2010.04.27 05:14:05.199,1.25655,1.25675,3.80,1.60
2010.04.27 05:14:05.504,1.2566,1.2568,1.00,5.70
2010.04.27 05:14:05.749,1.25655,1.2568,7.00,8.10
2010.04.27 05:14:05.871,1.25655,1.25675,5.40,2.40
2010.04.27 05:14:06.000,1.25655,1.25675,3.00,2.40
2010.04.27 05:14:06.238,1.25655,1.25675,3.00,4.00
2010.04.27 05:14:17.259,1.25655,1.25675,3.80,4.00
2010.04.27 05:14:17.387,1.25655,1.2568,3.80,10.10
2010.04.27 05:14:17.475,1.25655,1.2568,9.40,10.10
2010.04.27 05:14:17.567,1.25655,1.2568,11.80,10.10
2010.04.27 05:14:17.836,1.25655,1.2568,9.40,10.10
2010.04.27 05:14:18.016,1.25655,1.2568,5.40,10.10
2010.04.27 05:14:18.858,1.2566,1.2568,1.00,4.50
2010.04.27 05:14:19.068,1.2566,1.2568,1.00,4.10
2010.04.27 05:14:54.818,1.25655,1.2568,10.80,5.70
2010.04.27 05:15:00.794,1.25655,1.2568,10.80,9.70
2010.04.27 05:15:02.617,1.2566,1.2568,1.00,9.70
2010.04.27 05:15:05.719,1.2566,1.2568,1.00,8.90
2010.04.27 05:15:14.903,1.25655,1.25675,10.80,2.50
2010.04.27 05:15:18.850,1.25655,1.2568,10.80,9.70
2010.04.27 05:15:20.761,1.2566,1.2568,1.00,9.70
2010.04.27 05:15:21.870,1.2566,1.2568,1.00,5.70
2010.04.27 05:15:22.183,1.2566,1.2568,1.40,4.10
2010.04.27 05:15:22.423,1.2566,1.2568,1.40,3.30
2010.04.27 05:15:22.672,1.2566,1.2568,3.00,3.30
2010.04.27 05:15:25.649,1.2566,1.2568,4.60,3.30
2010.04.27 05:15:25.841,1.25665,1.2568,1.00,1.00
2010.04.27 05:15:26.031,1.25665,1.25685,1.40,5.70
2010.04.27 05:15:26.860,1.25665,1.25685,1.40,4.90
2010.04.27 05:15:27.120,1.25665,1.25685,1.40,3.30
2010.04.27 05:15:28.269,1.25665,1.25685,4.60,2.50
2010.04.27 05:15:28.349,1.25665,1.25685,7.80,1.00
2010.04.27 05:15:28.430,1.25665,1.25685,9.20,1.00
2010.04.27 05:15:28.509,1.25665,1.25685,11.60,1.00
2010.04.27 05:15:28.590,1.2567,1.2569,1.00,4.90
2010.04.27 05:15:36.037,1.25665,1.25685,12.70,1.00
2010.04.27 05:15:36.386,1.25665,1.25685,10.30,1.00
2010.04.27 05:15:39.622,1.25665,1.25685,9.50,1.70
2010.04.27 05:15:39.796,1.25665,1.25685,5.10,1.70
2010.04.27 05:15:41.666,1.25665,1.25685,2.70,8.10
2010.04.27 05:15:41.817,1.25665,1.25685,1.00,10.50
2010.04.27 05:15:43.977,1.25665,1.25685,1.60,7.30
2010.04.27 05:15:44.145,1.25665,1.25685,1.60,3.30
2010.04.27 05:15:47.295,1.25665,1.25685,4.00,2.50
2010.04.27 05:15:47.364,1.25665,1.25685,5.60,2.50
2010.04.27 05:15:47.435,1.2567,1.25685,1.00,2.50
2010.04.27 05:15:47.505,1.2567,1.25685,3.20,2.50
2010.04.27 05:15:47.575,1.2567,1.25685,4.40,2.50
2010.04.27 05:15:47.715,1.2567,1.25685,4.40,1.00
2010.04.27 05:15:48.050,1.2567,1.25685,8.40,1.00
2010.04.27 05:15:48.124,1.2567,1.2569,9.00,2.50
2010.04.27 05:15:48.266,1.2567,1.2569,11.40,2.50
2010.04.27 05:15:48.611,1.2567,1.2569,15.40,1.00
2010.04.27 05:15:49.296,1.2567,1.2569,14.60,1.70
2010.04.27 05:15:49.344,1.2567,1.2569,14.20,1.70
2010.04.27 05:15:49.443,1.2567,1.2569,14.20,3.30
2010.04.27 05:15:49.495,1.2567,1.2569,7.80,3.30
2010.04.27 05:15:49.545,1.2567,1.2569,1.40,3.30
2010.04.27 05:15:49.892,1.2567,1.2569,1.00,3.30
2010.04.27 05:15:49.952,1.2567,1.25685,1.00,2.50
2010.04.27 05:15:50.316,1.25665,1.25685,8.40,3.30
2010.04.27 05:15:50.656,1.25665,1.25685,5.60,3.30
2010.04.27 05:15:54.333,1.25665,1.2568,5.00,1.00
2010.04.27 05:15:55.883,1.25665,1.2568,9.00,1.00
2010.04.27 05:15:56.209,1.25665,1.2568,13.00,1.00
2010.04.27 05:15:56.333,1.25665,1.2568,9.00,1.00
2010.04.27 05:15:56.714,1.25665,1.25685,11.20,1.70
2010.04.27 05:15:56.833,1.25665,1.25685,15.20,1.70
2010.04.27 05:15:56.953,1.25665,1.25685,17.60,1.70
2010.04.27 05:16:00.658,1.25665,1.25685,13.60,1.70
2010.04.27 05:16:00.834,1.25665,1.25685,11.20,1.70
2010.04.27 05:16:02.290,1.25665,1.25685,7.20,1.70
2010.04.27 05:16:04.920,1.25665,1.25685,5.60,1.70
2010.04.27 05:16:05.166,1.25665,1.25685,4.80,1.70
2010.04.27 05:16:05.303,1.2566,1.25675,2.40,1.00
2010.04.27 05:16:05.434,1.25655,1.25675,5.90,1.00
2010.04.27 05:16:05.564,1.25655,1.25675,4.30,2.40
2010.04.27 05:16:05.693,1.25655,1.2567,2.80,1.00
2010.04.27 05:16:05.923,1.25655,1.25675,2.80,4.10
2010.04.27 05:16:06.382,1.25655,1.25675,3.50,3.30
2010.04.27 05:16:09.443,1.2566,1.2568,3.00,8.10
2010.04.27 05:16:09.563,1.2566,1.2568,3.00,7.30
2010.04.27 05:16:09.872,1.2566,1.2568,3.00,2.50
2010.04.27 05:16:10.222,1.25665,1.2568,1.00,1.00
2010.04.27 05:16:14.310,1.2566,1.2568,9.00,1.00
2010.04.27 05:16:14.591,1.2566,1.2568,8.60,1.00
2010.04.27 05:16:15.614,1.2566,1.2568,5.40,3.30
2010.04.27 05:16:15.840,1.2566,1.2568,3.00,4.10
2010.04.27 05:16:16.032,1.2566,1.2568,1.00,9.70
2010.04.27 05:16:19.989,1.2566,1.2568,2.20,9.70
2010.04.27 05:16:20.020,1.2566,1.2568,3.00,8.90
2010.04.27 05:16:20.078,1.25665,1.2568,1.60,8.90
2010.04.27 05:16:20.179,1.25665,1.2568,2.40,8.90
2010.04.27 05:16:20.213,1.25665,1.2568,2.40,7.30
2010.04.27 05:16:20.241,1.25665,1.2568,2.40,3.30
2010.04.27 05:16:20.318,1.25665,1.25685,2.40,3.70
2010.04.27 05:16:20.568,1.25665,1.25685,4.80,3.70
2010.04.27 05:16:20.607,1.25665,1.25685,5.60,2.50
2010.04.27 05:16:21.001,1.25665,1.25685,7.20,6.50
2010.04.27 05:16:21.911,1.25665,1.25685,7.20,2.50
2010.04.27 05:16:22.836,1.25665,1.25685,7.00,2.50
2010.04.27 05:16:23.289,1.25665,1.25685,6.20,3.30
2010.04.27 05:16:23.338,1.25665,1.2568,4.60,1.00
2010.04.27 05:16:23.440,1.25665,1.2568,3.00,1.00
2010.04.27 05:16:23.503,1.25665,1.25685,3.20,6.50
2010.04.27 05:16:23.558,1.25665,1.2568,1.00,1.00
2010.04.27 05:16:23.610,1.25665,1.2568,1.00,1.00
2010.04.27 05:16:23.864,1.25665,1.2568,5.00,1.00
2010.04.27 05:16:24.214,1.25665,1.25685,5.00,6.50
2010.04.27 05:16:27.841,1.25665,1.25685,3.40,6.50
2010.04.27 05:16:28.081,1.25665,1.25685,1.00,8.90
2010.04.27 05:16:28.309,1.25665,1.25685,1.00,18.60
2010.04.27 05:16:28.428,1.2566,1.2568,5.20,4.90
2010.04.27 05:16:28.546,1.2566,1.2568,3.00,4.90
2010.04.27 05:16:28.906,1.2566,1.2568,6.20,2.50
2010.04.27 05:16:29.178,1.2566,1.2568,7.80,2.50
2010.04.27 05:16:29.477,1.2566,1.2568,7.80,1.00
2010.04.27 05:16:29.749,1.2566,1.25685,8.60,8.90
2010.04.27 05:16:39.743,1.2566,1.2568,8.60,1.00
2010.04.27 05:16:40.703,1.2567,1.2568,1.00,1.00
2010.04.27 05:16:40.924,1.2567,1.2568,1.00,1.70
2010.04.27 05:16:41.145,1.2566,1.2568,3.00,1.70
2010.04.27 05:16:41.365,1.2566,1.2568,6.20,1.00
2010.04.27 05:16:44.322,1.2566,1.2568,5.40,1.00
2010.04.27 05:16:44.481,1.2566,1.2568,3.00,3.30
2010.04.27 05:16:44.783,1.2566,1.2568,5.40,1.00
2010.04.27 05:16:45.035,1.2566,1.2568,3.80,3.30
2010.04.27 05:16:45.285,1.2566,1.2568,8.60,1.00
2010.04.27 05:16:54.669,1.2566,1.2568,7.00,2.50
2010.04.27 05:16:54.888,1.2566,1.2568,7.00,1.00
2010.04.27 05:16:56.173,1.25665,1.2568,1.00,1.00
2010.04.27 05:16:58.980,1.25665,1.2568,2.40,1.00
2010.04.27 05:16:59.085,1.25665,1.25685,3.80,2.50
2010.04.27 05:16:59.175,1.25665,1.25685,4.60,2.50
2010.04.27 05:16:59.264,1.25665,1.25685,7.00,2.50
2010.04.27 05:16:59.355,1.25665,1.2569,15.00,5.30
2010.04.27 05:16:59.445,1.25665,1.2569,17.40,4.90
2010.04.27 05:16:59.790,1.2567,1.2569,1.00,8.50
2010.04.27 05:17:00.728,1.2567,1.2569,1.00,8.10
2010.04.27 05:17:01.526,1.2567,1.25685,1.00,1.00
2010.04.27 05:17:01.655,1.25665,1.2569,4.60,8.10
2010.04.27 05:17:01.776,1.25665,1.25685,4.60,1.00
2010.04.27 05:17:03.607,1.2567,1.2569,1.00,8.90
2010.04.27 05:17:03.708,1.2567,1.2569,1.00,5.70
2010.04.27 05:17:04.019,1.2567,1.2569,1.00,4.90
2010.04.27 05:17:04.328,1.2567,1.2569,2.20,3.30
2010.04.27 05:17:05.141,1.2567,1.25685,1.00,5.30
2010.04.27 05:17:05.340,1.25665,1.25685,3.80,4.80
2010.04.27 05:17:05.541,1.25665,1.25685,1.00,4.90
2010.04.27 05:17:05.739,1.2566,1.2568,12.20,1.00
2010.04.27 05:17:06.214,1.2566,1.2568,3.80,3.30
2010.04.27 05:17:06.462,1.2566,1.2568,5.40,3.30
2010.04.27 05:17:06.708,1.2566,1.2568,1.40,3.30
2010.04.27 05:17:07.368,1.2566,1.2568,1.00,4.10
2010.04.27 05:17:07.589,1.25655,1.25675,12.20,1.00
2010.04.27 05:17:07.808,1.25655,1.25675,8.20,1.00
2010.04.27 05:17:08.687,1.2566,1.25675,1.00,1.00
2010.04.27 05:17:09.111,1.2566,1.2568,3.20,2.50
2010.04.27 05:17:09.317,1.2566,1.2568,1.00,3.30
2010.04.27 05:17:09.527,1.2566,1.2568,1.00,4.90
2010.04.27 05:17:09.766,1.2566,1.25675,1.00,1.00
2010.04.27 05:17:10.189,1.25655,1.25675,9.00,1.00
2010.04.27 05:17:10.381,1.25655,1.25675,3.80,5.70
2010.04.27 05:17:10.574,1.2565,1.2567,4.30,1.00
2010.04.27 05:17:10.767,1.2565,1.2567,3.90,1.00
2010.04.27 05:17:15.517,1.2565,1.25675,5.10,7.70
2010.04.27 05:17:15.648,1.25655,1.25675,4.80,4.50
2010.04.27 05:17:15.797,1.2566,1.25675,1.00,2.00
2010.04.27 05:17:15.948,1.2566,1.2568,1.40,11.30
2010.04.27 05:17:16.100,1.2567,1.25685,1.00,11.70
2010.04.27 05:17:16.248,1.2567,1.25685,1.60,1.30
2010.04.27 05:17:16.396,1.2567,1.2569,2.20,6.00
2010.04.27 05:17:16.688,1.2567,1.2569,2.20,3.60
2010.04.27 05:17:17.001,1.25675,1.25695,6.60,1.00
2010.04.27 05:17:17.308,1.25675,1.25695,13.10,1.00
2010.04.27 05:17:17.615,1.25675,1.25695,13.10,2.50
2010.04.27 05:17:17.915,1.25675,1.25695,10.70,3.30
2010.04.27 05:17:18.054,1.25675,1.25695,10.30,3.30
2010.04.27 05:17:18.194,1.25675,1.25695,7.90,3.30
2010.04.27 05:17:18.753,1.25675,1.25695,9.50,3.30
2010.04.27 05:17:20.387,1.25675,1.25695,4.70,3.30
2010.04.27 05:17:20.611,1.25675,1.25695,2.30,4.10
2010.04.27 05:17:20.714,1.25675,1.25695,2.30,10.10
2010.04.27 05:17:20.823,1.25675,1.25695,2.20,10.10
2010.04.27 05:17:21.625,1.25675,1.25695,2.20,14.10
2010.04.27 05:17:21.904,1.25675,1.25695,2.20,10.10
2010.04.27 05:17:22.894,1.25675,1.25695,4.60,9.30
2010.04.27 05:17:23.103,1.25675,1.25695,5.40,4.90
2010.04.27 05:17:23.172,1.25675,1.25695,5.40,4.90
2010.04.27 05:17:23.312,1.25675,1.25695,7.00,4.90
2010.04.27 05:17:23.382,1.25675,1.25695,7.80,2.50
2010.04.27 05:17:23.687,1.25675,1.25695,7.80,2.50
2010.04.27 05:17:27.716,1.25675,1.25695,5.40,2.50
2010.04.27 05:17:27.746,1.25675,1.25695,4.60,3.30
2010.04.27 05:17:27.831,1.25675,1.25695,3.00,4.90
2010.04.27 05:17:27.860,1.25675,1.25695,2.20,4.90
2010.04.27 05:17:28.230,1.25675,1.25695,2.20,6.50
2010.04.27 05:17:30.203,1.25675,1.2569,1.00,2.40
2010.04.27 05:17:30.421,1.2567,1.2569,3.00,3.30
2010.04.27 05:17:30.920,1.2567,1.2569,1.40,3.30
2010.04.27 05:17:35.020,1.2567,1.2569,1.40,5.70
2010.04.27 05:17:35.161,1.2567,1.2569,1.00,6.50
2010.04.27 05:17:35.300,1.25665,1.2569,6.20,11.30
2010.04.27 05:17:35.606,1.25665,1.2569,3.80,11.30
2010.04.27 05:17:35.781,1.25665,1.25685,3.10,1.00
2010.04.27 05:17:35.949,1.25665,1.25685,1.50,1.00
2010.04.27 05:17:37.739,1.25665,1.25685,1.50,3.30
2010.04.27 05:17:37.889,1.25665,1.25685,1.00,8.10
2010.04.27 05:17:39.464,1.25665,1.25685,1.50,7.30
2010.04.27 05:17:39.538,1.25665,1.25685,1.50,5.70
2010.04.27 05:17:39.848,1.25665,1.25685,1.50,8.10
2010.04.27 05:17:39.990,1.25665,1.25685,3.10,10.50
2010.04.27 05:17:40.129,1.25665,1.25685,1.00,10.50
2010.04.27 05:17:43.785,1.25665,1.25685,1.00,8.90
2010.04.27 05:17:43.816,1.25665,1.25685,1.50,8.10
2010.04.27 05:17:43.848,1.25665,1.25685,1.50,6.50
2010.04.27 05:17:43.906,1.25665,1.25685,1.50,4.10
2010.04.27 05:17:44.087,1.25665,1.25685,1.50,3.30
2010.04.27 05:17:48.145,1.25665,1.25685,1.50,4.10
2010.04.27 05:17:48.228,1.25665,1.25685,1.50,7.30
2010.04.27 05:17:48.387,1.25665,1.2568,1.00,3.20
2010.04.27 05:17:48.466,1.25665,1.2568,1.00,1.00
2010.04.27 05:17:48.771,1.25665,1.2568,1.00,6.10
2010.04.27 05:17:49.092,1.2566,1.2568,3.80,1.00
2010.04.27 05:17:49.729,1.25655,1.2568,18.80,4.10
2010.04.27 05:17:50.046,1.25655,1.2568,17.20,5.70
2010.04.27 05:17:51.618,1.25655,1.25675,11.90,1.00
2010.04.27 05:17:51.735,1.25655,1.25675,8.80,1.70
2010.04.27 05:17:52.051,1.25655,1.2567,6.40,2.50
2010.04.27 05:17:52.254,1.25655,1.25665,4.00,8.90
2010.04.27 05:17:52.447,1.25645,1.25665,1.00,8.90
2010.04.27 05:17:52.639,1.2564,1.2566,3.00,1.00
2010.04.27 05:17:52.836,1.2564,1.2566,1.40,1.00
2010.04.27 05:17:55.837,1.2564,1.2566,7.00,1.00
2010.04.27 05:17:56.079,1.2564,1.25665,6.20,6.10
2010.04.27 05:17:56.317,1.25645,1.25665,1.00,3.30
2010.04.27 05:17:56.555,1.25645,1.25665,2.40,3.30
2010.04.27 05:18:02.776,1.2565,1.25665,3.20,2.50
2010.04.27 05:18:02.982,1.25655,1.2567,1.00,1.00
2010.04.27 05:18:08.149,1.25655,1.2567,3.20,1.00
2010.04.27 05:18:08.216,1.25655,1.2567,4.00,1.00
2010.04.27 05:18:08.284,1.25655,1.2567,5.60,1.00
2010.04.27 05:18:08.341,1.25655,1.2567,6.00,1.00
2010.04.27 05:18:08.462,1.25655,1.2567,5.20,1.00
2010.04.27 05:18:08.584,1.25655,1.2567,2.80,1.00
2010.04.27 05:18:08.643,1.25655,1.2567,1.20,2.50
2010.04.27 05:18:08.702,1.25655,1.2567,1.00,2.50
2010.04.27 05:18:18.069,1.2565,1.2567,5.60,4.10
2010.04.27 05:18:18.199,1.2565,1.2567,5.20,4.10
2010.04.27 05:18:18.462,1.2565,1.25665,1.00,1.70
2010.04.27 05:18:18.762,1.25645,1.25665,8.30,4.90
2010.04.27 05:18:19.032,1.2564,1.2566,3.20,2.50
2010.04.27 05:18:19.296,1.2564,1.25655,1.00,1.00
2010.04.27 05:18:20.759,1.25635,1.25655,1.00,6.90
2010.04.27 05:18:20.995,1.25625,1.25645,5.10,1.00
2010.04.27 05:18:21.460,1.25625,1.25645,4.70,1.00
2010.04.27 05:18:22.368,1.2563,1.2565,1.00,6.10
2010.04.27 05:18:22.673,1.25635,1.2565,1.00,1.00
2010.04.27 05:18:22.891,1.25635,1.2565,3.00,1.00
2010.04.27 05:18:23.114,1.25635,1.25655,3.00,3.30
2010.04.27 05:18:23.329,1.25635,1.25655,4.60,3.30
2010.04.27 05:18:26.620,1.25635,1.25655,4.60,2.40
2010.04.27 05:18:26.717,1.25635,1.25655,4.60,1.00
2010.04.27 05:18:31.217,1.25635,1.25655,8.60,1.00
2010.04.27 05:18:37.764,1.2564,1.25655,2.20,1.00
2010.04.27 05:18:41.314,1.2564,1.25655,1.00,1.00
2010.04.27 05:18:41.473,1.25635,1.25655,4.60,1.00
2010.04.27 05:18:43.683,1.2564,1.25655,1.00,1.00
2010.04.27 05:18:54.073,1.25635,1.25655,3.00,2.40
2010.04.27 05:18:54.393,1.25635,1.25655,2.20,2.40
2010.04.27 05:18:54.715,1.25625,1.2564,6.40,3.30
2010.04.27 05:18:55.040,1.2562,1.2564,4.00,6.10
2010.04.27 05:18:55.367,1.2562,1.2564,10.40,6.90
2010.04.27 05:18:55.713,1.2562,1.2564,8.00,6.90
2010.04.27 05:18:56.243,1.2562,1.2564,10.40,6.90
2010.04.27 05:18:56.417,1.2562,1.2564,11.00,6.90
2010.04.27 05:18:56.582,1.2562,1.2563,11.00,1.00
2010.04.27 05:18:56.755,1.25615,1.25635,1.40,4.90
2010.04.27 05:18:56.919,1.25615,1.25635,1.00,5.30
2010.04.27 05:18:57.090,1.25615,1.25635,1.00,4.90
2010.04.27 05:18:57.431,1.25615,1.25635,1.40,3.30
2010.04.27 05:18:57.722,1.25615,1.25635,11.00,1.70
2010.04.27 05:18:58.012,1.25615,1.25635,11.00,1.00
2010.04.27 05:18:58.302,1.2562,1.25635,1.00,1.00
2010.04.27 05:18:58.825,1.2562,1.25635,2.20,1.00
2010.04.27 05:18:59.830,1.2562,1.25635,1.00,1.00
2010.04.27 05:19:01.260,1.2562,1.25635,2.20,1.00
2010.04.27 05:19:01.941,1.25615,1.25635,4.60,1.00
2010.04.27 05:19:03.300,1.25615,1.25635,3.00,1.00
2010.04.27 05:19:03.718,1.25615,1.25635,1.40,2.40
2010.04.27 05:19:03.930,1.25615,1.25635,1.40,6.10
2010.04.27 05:19:04.140,1.25615,1.25635,1.00,10.10
2010.04.27 05:19:04.479,1.25615,1.25635,1.00,15.30
2010.04.27 05:19:04.819,1.25615,1.25635,1.00,4.90
2010.04.27 05:19:05.830,1.25615,1.2563,1.00,1.60
2010.04.27 05:19:06.000,1.2561,1.25625,3.00,1.00
2010.04.27 05:19:06.352,1.2561,1.25625,2.40,2.50
2010.04.27 05:19:06.533,1.256,1.2562,4.60,1.00
2010.04.27 05:19:06.884,1.256,1.2562,3.00,1.00
2010.04.27 05:19:07.781,1.256,1.2562,2.20,15.20
2010.04.27 05:19:08.023,1.256,1.2562,2.20,16.10
2010.04.27 05:19:09.514,1.256,1.2562,2.20,12.90
2010.04.27 05:19:09.842,1.256,1.2562,2.20,16.10
2010.04.27 05:19:09.970,1.256,1.2562,1.00,16.10
2010.04.27 05:19:10.219,1.25595,1.25615,7.50,1.00
2010.04.27 05:19:10.679,1.25595,1.2561,4.40,1.00
2010.04.27 05:19:10.809,1.25595,1.2561,1.00,1.70
2010.04.27 05:19:10.929,1.2559,1.2561,3.40,1.70
2010.04.27 05:19:11.270,1.2559,1.2561,3.00,1.70
2010.04.27 05:19:11.621,1.2559,1.2561,3.80,1.70
2010.04.27 05:19:11.973,1.25595,1.25615,2.20,8.50
2010.04.27 05:19:12.288,1.25595,1.25615,3.00,5.30
2010.04.27 05:19:12.593,1.25595,1.25615,3.00,3.30
2010.04.27 05:19:15.676,1.25595,1.25615,2.20,3.30
2010.04.27 05:19:15.935,1.25595,1.25615,1.00,3.30
2010.04.27 05:19:16.210,1.2559,1.2561,19.40,1.00
2010.04.27 05:19:16.364,1.2559,1.2561,17.00,1.00
2010.04.27 05:19:16.508,1.2559,1.2561,13.00,1.00
2010.04.27 05:19:16.929,1.2559,1.2561,9.00,1.00
2010.04.27 05:19:25.278,1.2559,1.2561,5.00,2.50
2010.04.27 05:19:25.415,1.2559,1.25615,5.00,5.70
2010.04.27 05:19:25.546,1.25595,1.25615,1.00,4.90
2010.04.27 05:19:29.626,1.25595,1.25615,1.40,4.90
2010.04.27 05:19:29.945,1.25595,1.25615,1.00,3.30
2010.04.27 05:19:30.109,1.25595,1.25615,3.00,3.30
2010.04.27 05:19:32.696,1.2559,1.25615,11.00,4.90
2010.04.27 05:19:32.902,1.2559,1.25615,7.00,8.90
2010.04.27 05:19:33.000,1.2559,1.25615,4.60,8.90
2010.04.27 05:19:33.201,1.2559,1.2561,4.60,1.60
2010.04.27 05:19:33.301,1.2559,1.2561,4.60,4.10
2010.04.27 05:19:33.909,1.2559,1.2561,1.00,4.90
2010.04.27 05:19:37.194,1.2559,1.2561,1.40,4.90
2010.04.27 05:19:37.427,1.2559,1.2561,1.00,4.90
2010.04.27 05:19:40.949,1.2559,1.2561,2.40,4.90
2010.04.27 05:19:41.088,1.2559,1.2561,3.00,4.90
2010.04.27 05:19:42.150,1.2559,1.2561,4.60,3.30
2010.04.27 05:19:42.382,1.25595,1.2561,1.00,1.00
2010.04.27 05:19:42.840,1.25595,1.25615,1.00,5.70
2010.04.27 05:19:43.070,1.25595,1.25615,1.00,4.90
2010.04.27 05:19:43.299,1.25595,1.25615,1.00,3.30
2010.04.27 05:19:43.799,1.25595,1.25615,1.00,4.90
2010.04.27 05:19:44.801,1.2559,1.2561,10.60,4.80
2010.04.27 05:19:44.994,1.25595,1.2561,1.00,1.00
2010.04.27 05:19:45.190,1.25595,1.25615,1.00,4.90
2010.04.27 05:19:49.668,1.25595,1.2561,1.00,1.00
2010.04.27 05:19:55.714,1.25595,1.2561,1.40,1.00
2010.04.27 05:19:55.908,1.25595,1.25615,1.40,4.90
2010.04.27 05:19:57.755,1.25595,1.2561,1.00,1.00
2010.04.27 05:19:57.996,1.2559,1.2561,10.80,1.00
2010.04.27 05:19:58.079,1.2559,1.2561,10.00,1.70
2010.04.27 05:19:58.171,1.2559,1.2561,7.60,1.70
2010.04.27 05:19:58.419,1.2559,1.2561,4.80,1.70
2010.04.27 05:19:58.514,1.2559,1.25605,1.00,1.00
2010.04.27 05:20:01.194,1.2559,1.2561,4.00,4.90
2010.04.27 05:20:01.316,1.2559,1.25615,6.20,6.10
2010.04.27 05:20:01.910,1.2559,1.25615,6.60,5.70
2010.04.27 05:20:02.076,1.25595,1.25615,1.00,4.90
2010.04.27 05:20:03.274,1.25595,1.25615,1.00,3.30
2010.04.27 05:20:04.614,1.25595,1.25615,3.00,3.30
2010.04.27 05:20:06.574,1.25595,1.25615,2.20,3.30
2010.04.27 05:20:06.993,1.25595,1.25615,1.00,3.30
2010.04.27 05:20:07.842,1.25595,1.25615,1.00,4.90
2010.04.27 05:20:08.103,1.25595,1.25615,1.00,3.30
2010.04.27 05:20:11.454,1.25595,1.25615,1.00,4.10
2010.04.27 05:20:11.622,1.25595,1.2561,1.00,1.60
2010.04.27 05:20:12.117,1.2559,1.2561,3.00,4.10
2010.04.27 05:20:12.448,1.2559,1.2561,3.00,3.30
2010.04.27 05:20:13.094,1.25595,1.2561,1.00,2.40
2010.04.27 05:20:15.862,1.25595,1.25615,1.00,10.50
2010.04.27 05:20:16.054,1.25595,1.25615,2.20,2.40
2010.04.27 05:20:18.139,1.25595,1.2561,2.20,1.00
2010.04.27 05:20:18.291,1.2559,1.256,1.00,1.00
2010.04.27 05:20:18.681,1.25585,1.256,3.00,1.00
2010.04.27 05:20:19.960,1.2559,1.256,1.00,1.00
2010.04.27 05:20:25.121,1.25585,1.256,3.00,1.00
2010.04.27 05:20:25.820,1.2559,1.256,1.00,1.00
2010.04.27 05:20:36.276,1.25585,1.256,3.00,1.00
2010.04.27 05:20:39.126,1.25585,1.25605,3.00,8.00
2010.04.27 05:20:40.300,1.25585,1.256,1.00,2.40
2010.04.27 05:20:43.063,1.2558,1.25595,2.20,1.60
2010.04.27 05:20:43.273,1.25575,1.25585,7.00,1.00
2010.04.27 05:20:43.662,1.25575,1.25585,1.00,3.20
2010.04.27 05:20:44.009,1.2556,1.2558,3.80,1.00
2010.04.27 05:20:44.347,1.2556,1.2558,3.80,2.40
2010.04.27 05:20:44.687,1.2556,1.2558,3.00,3.20
2010.04.27 05:20:45.035,1.2556,1.2558,3.00,6.90
2010.04.27 05:20:45.598,1.2556,1.2558,3.80,3.30
2010.04.27 05:20:47.553,1.2556,1.2558,3.80,2.40
2010.04.27 05:20:47.763,1.2556,1.2558,3.80,1.60
2010.04.27 05:20:47.872,1.2556,1.25585,3.80,14.90
2010.04.27 05:20:47.984,1.25565,1.25585,1.00,14.50
2010.04.27 05:20:48.290,1.25565,1.25585,1.00,12.90
2010.04.27 05:20:48.421,1.2557,1.25585,1.00,8.90
2010.04.27 05:20:50.294,1.2557,1.25585,1.00,3.30
2010.04.27 05:20:50.842,1.2557,1.2559,3.80,3.30
2010.04.27 05:20:51.012,1.25575,1.25595,3.20,3.30
2010.04.27 05:20:51.172,1.25575,1.25595,3.80,3.30
2010.04.27 05:20:51.776,1.25575,1.25595,3.00,4.10
2010.04.27 05:20:52.077,1.25575,1.2559,3.00,1.60
2010.04.27 05:20:52.466,1.25575,1.2559,1.00,1.60
2010.04.27 05:20:52.768,1.2557,1.25585,3.00,1.60
2010.04.27 05:20:52.896,1.2557,1.25585,2.20,1.60
2010.04.27 05:20:53.145,1.2557,1.25585,2.20,2.40
2010.04.27 05:20:54.391,1.2558,1.2559,3.00,4.00
2010.04.27 05:20:54.741,1.2559,1.256,3.00,4.00
2010.04.27 05:20:55.091,1.25595,1.25605,2.20,4.80
2010.04.27 05:20:55.624,1.25595,1.2561,3.00,8.00
2010.04.27 05:20:55.784,1.256,1.25615,1.00,4.80
2010.04.27 05:20:56.287,1.25605,1.25615,2.20,2.40
2010.04.27 05:20:59.691,1.25605,1.25615,1.60,2.40
2010.04.27 05:21:00.031,1.256,1.25615,3.00,2.40
2010.04.27 05:21:01.478,1.25605,1.2562,1.00,4.80
2010.04.27 05:21:01.632,1.25605,1.2562,3.00,1.60
2010.04.27 05:21:01.785,1.2561,1.2562,2.20,1.60
2010.04.27 05:21:03.083,1.2561,1.25625,2.20,10.40
2010.04.27 05:21:03.431,1.2561,1.25625,2.20,2.40
2010.04.27 05:21:06.637,1.2561,1.25625,2.20,4.00
2010.04.27 05:21:08.108,1.25605,1.25625,3.80,4.00
2010.04.27 05:21:08.333,1.25605,1.2562,3.80,1.60
2010.04.27 05:21:08.819,1.25605,1.25625,8.60,1.60
2010.04.27 05:21:09.150,1.2561,1.25625,3.00,1.60
2010.04.27 05:21:09.424,1.25615,1.2563,2.20,1.60
2010.04.27 05:21:09.691,1.2562,1.2563,1.00,1.60
2010.04.27 05:21:10.560,1.2562,1.25635,2.20,5.60
2010.04.27 05:21:10.759,1.2562,1.25635,3.00,7.20
2010.04.27 05:21:11.158,1.2562,1.2563,3.00,1.60
2010.04.27 05:21:13.419,1.2562,1.25635,3.00,6.40
2010.04.27 05:21:13.436,1.2562,1.25635,3.00,4.80
2010.04.27 05:21:13.529,1.2562,1.25635,3.00,2.40
2010.04.27 05:21:20.520,1.25625,1.25635,1.00,1.60
2010.04.27 05:21:20.714,1.2563,1.2564,1.00,4.00
2010.04.27 05:21:20.914,1.2563,1.2564,1.00,1.60
2010.04.27 05:21:21.358,1.2563,1.25645,1.00,5.60
2010.04.27 05:21:21.556,1.2563,1.2565,2.20,12.40
2010.04.27 05:21:21.904,1.25635,1.2565,3.00,2.00
2010.04.27 05:21:22.255,1.25635,1.2565,2.20,2.40
2010.04.27 05:21:22.603,1.25635,1.2565,2.20,1.60
2010.04.27 05:21:22.897,1.25635,1.2565,3.00,1.60
2010.04.27 05:21:23.479,1.2564,1.2565,1.00,1.60
2010.04.27 05:21:23.969,1.2564,1.2565,3.00,1.60
2010.04.27 05:21:24.320,1.2564,1.25655,3.00,1.60
2010.04.27 05:21:25.203,1.2564,1.25655,2.20,1.60
2010.04.27 05:21:26.377,1.2564,1.25655,2.20,2.40
2010.04.27 05:21:26.693,1.2564,1.25655,1.00,2.40
2010.04.27 05:21:26.917,1.2564,1.2565,1.00,2.40
2010.04.27 05:21:29.508,1.2564,1.2565,1.00,1.60
2010.04.27 05:21:30.556,1.2564,1.2565,1.00,2.40
2010.04.27 05:21:30.807,1.25635,1.2565,2.20,2.40
2010.04.27 05:21:35.389,1.2563,1.25645,2.20,11.20
2010.04.27 05:21:35.676,1.25625,1.2564,3.00,1.00
2010.04.27 05:21:36.543,1.25625,1.2564,3.00,2.40
2010.04.27 05:21:43.860,1.25625,1.2564,2.20,2.40
2010.04.27 05:21:46.239,1.25625,1.2564,1.00,2.40
2010.04.27 05:21:52.798,1.25625,1.2564,1.00,3.20
2010.04.27 05:21:53.091,1.2562,1.2564,3.00,3.60
2010.04.27 05:22:07.169,1.2562,1.2564,3.80,2.80
2010.04.27 05:22:07.360,1.25625,1.2564,1.00,2.40
2010.04.27 05:22:07.914,1.25625,1.2564,2.20,2.40
2010.04.27 05:22:09.154,1.25625,1.2564,2.20,3.20
2010.04.27 05:22:09.478,1.25625,1.25635,1.00,1.00
2010.04.27 05:22:09.651,1.25625,1.2563,1.00,1.00
2010.04.27 05:22:09.818,1.2562,1.2563,1.40,2.40
2010.04.27 05:22:10.078,1.25615,1.2563,1.00,1.00
2010.04.27 05:22:10.714,1.25615,1.25635,2.20,6.80
2010.04.27 05:22:10.983,1.2562,1.25635,2.20,2.40
2010.04.27 05:22:11.554,1.2562,1.25635,2.20,1.00
2010.04.27 05:22:12.326,1.2562,1.25635,2.20,2.40
2010.04.27 05:22:13.335,1.2562,1.25635,1.00,2.40
2010.04.27 05:22:15.907,1.25615,1.25635,3.00,2.40
2010.04.27 05:22:16.157,1.25615,1.25635,2.20,2.40
2010.04.27 05:22:16.402,1.25615,1.25635,2.20,3.30
2010.04.27 05:22:16.646,1.25615,1.25635,1.00,6.90
2010.04.27 05:22:16.896,1.2561,1.2563,3.00,3.30
2010.04.27 05:22:17.703,1.25615,1.2563,1.00,2.40
2010.04.27 05:22:18.961,1.25615,1.25635,1.00,8.50
2010.04.27 05:22:19.102,1.2561,1.2563,7.00,1.00
2010.04.27 05:22:19.242,1.2561,1.2563,6.60,1.00
2010.04.27 05:22:19.383,1.2561,1.2563,3.80,2.50
2010.04.27 05:22:19.522,1.2561,1.2563,2.20,4.10
2010.04.27 05:22:19.663,1.2561,1.2563,1.00,6.50
2010.04.27 05:22:19.803,1.2561,1.2563,1.40,5.70
2010.04.27 05:22:20.677,1.2561,1.2563,1.40,3.30
2010.04.27 05:22:24.647,1.2561,1.2563,3.80,3.30
2010.04.27 05:22:24.864,1.25615,1.25635,1.00,7.60
2010.04.27 05:22:25.865,1.2561,1.2563,7.40,1.00
2010.04.27 05:22:26.020,1.2561,1.2563,6.60,1.00
2010.04.27 05:22:29.448,1.25615,1.25635,1.00,8.10
2010.04.27 05:22:29.909,1.25615,1.25635,1.00,7.30
2010.04.27 05:22:32.078,1.25615,1.25635,2.20,6.50
2010.04.27 05:22:32.118,1.25615,1.25635,6.40,4.10
2010.04.27 05:22:32.381,1.25615,1.2564,8.10,15.70
2010.04.27 05:22:32.397,1.2562,1.2564,3.20,14.90
2010.04.27 05:22:32.445,1.25625,1.2564,1.00,1.00
2010.04.27 05:22:32.569,1.25625,1.25645,1.00,5.30
2010.04.27 05:22:32.908,1.25625,1.25645,1.00,4.90
2010.04.27 05:22:33.249,1.25625,1.25645,1.40,4.90
2010.04.27 05:22:37.896,1.25625,1.25645,1.00,4.90
2010.04.27 05:22:39.952,1.25625,1.25645,3.80,4.10
2010.04.27 05:22:40.093,1.25625,1.25645,3.80,2.50
2010.04.27 05:22:40.896,1.25625,1.25645,3.80,3.30
2010.04.27 05:22:41.316,1.25625,1.25645,1.40,3.30
2010.04.27 05:22:42.648,1.25625,1.2564,1.00,2.40
2010.04.27 05:22:42.840,1.2562,1.25635,3.00,2.40
2010.04.27 05:22:43.029,1.2562,1.25635,1.00,1.00
2010.04.27 05:22:46.109,1.2562,1.2564,1.00,5.70
2010.04.27 05:22:46.256,1.2562,1.2564,2.20,5.70
2010.04.27 05:22:50.679,1.2562,1.2564,5.40,1.00
2010.04.27 05:22:50.867,1.25625,1.25645,3.20,8.00
2010.04.27 05:22:51.035,1.25625,1.25645,3.80,5.30
2010.04.27 05:22:51.203,1.25625,1.25645,3.80,4.10
2010.04.27 05:22:52.806,1.25625,1.25645,3.80,2.50
2010.04.27 05:23:15.219,1.25625,1.25645,6.20,2.50
2010.04.27 05:23:15.370,1.25625,1.25645,10.30,1.00
2010.04.27 05:23:15.519,1.25625,1.25645,14.30,1.00
2010.04.27 05:23:15.670,1.25625,1.25645,18.30,1.00
2010.04.27 05:23:18.087,1.2563,1.2565,1.00,5.70
2010.04.27 05:23:18.208,1.2563,1.2565,1.00,4.90
2010.04.27 05:23:18.978,1.2563,1.2565,1.40,1.60
2010.04.27 05:23:19.118,1.25635,1.2565,1.00,1.60
2010.04.27 05:23:19.568,1.2563,1.2565,3.00,2.50
2010.04.27 05:23:21.172,1.2563,1.2565,1.60,3.30
2010.04.27 05:23:21.320,1.25625,1.2565,19.00,4.90
2010.04.27 05:23:22.587,1.25625,1.2565,19.70,4.90
2010.04.27 05:23:22.823,1.25635,1.25655,1.60,10.40
2010.04.27 05:23:23.290,1.25635,1.25655,3.00,5.60
2010.04.27 05:23:23.494,1.25635,1.25655,2.20,6.40
2010.04.27 05:23:23.699,1.25635,1.25655,3.00,5.60
2010.04.27 05:23:24.153,1.25635,1.25655,2.20,6.40
2010.04.27 05:23:24.353,1.25635,1.25655,2.20,8.90
2010.04.27 05:23:25.965,1.25635,1.2565,2.20,1.00
2010.04.27 05:23:26.107,1.2563,1.2565,2.20,2.40
2010.04.27 05:23:26.246,1.2563,1.25655,3.00,10.90
2010.04.27 05:23:26.385,1.2563,1.25655,3.00,11.30
2010.04.27 05:23:26.556,1.2563,1.25655,3.00,10.50
2010.04.27 05:23:27.208,1.2563,1.25655,3.80,9.70
2010.04.27 05:23:27.394,1.25635,1.25655,1.40,8.10
2010.04.27 05:23:30.285,1.25635,1.25655,1.00,8.90
2010.04.27 05:23:30.757,1.2563,1.2565,9.40,3.30
2010.04.27 05:23:30.891,1.25625,1.2565,6.10,11.30
2010.04.27 05:23:31.020,1.25625,1.2565,3.50,8.50
2010.04.27 05:23:31.146,1.25625,1.2565,3.10,10.10
2010.04.27 05:23:31.273,1.25625,1.25645,3.10,1.60
2010.04.27 05:23:31.670,1.25625,1.25645,6.40,1.60
2010.04.27 05:23:32.016,1.2563,1.2565,1.00,5.70
2010.04.27 05:23:32.365,1.2563,1.2565,1.00,4.90
2010.04.27 05:23:33.727,1.2563,1.2565,1.00,3.30
2010.04.27 05:23:40.175,1.2563,1.25645,1.00,1.00
2010.04.27 05:23:40.382,1.25625,1.25645,2.30,2.40
2010.04.27 05:23:40.801,1.25625,1.25645,2.30,4.00
2010.04.27 05:23:41.743,1.25625,1.2565,5.50,12.80
2010.04.27 05:23:41.931,1.25625,1.2565,5.50,11.20
2010.04.27 05:23:42.216,1.25625,1.2565,5.50,6.40
2010.04.27 05:23:42.803,1.25625,1.25645,5.50,1.00
2010.04.27 05:23:45.192,1.25625,1.25645,2.30,1.70
2010.04.27 05:23:45.934,1.25625,1.25645,2.30,3.30
2010.04.27 05:23:46.062,1.25625,1.25645,2.30,4.90
2010.04.27 05:23:59.797,1.25625,1.25645,2.30,5.70
2010.04.27 05:24:00.060,1.25625,1.25645,2.30,8.90
2010.04.27 05:24:00.322,1.25625,1.25645,2.20,9.20
2010.04.27 05:24:00.587,1.25625,1.2564,1.00,1.60
2010.04.27 05:24:02.999,1.25625,1.2564,1.00,2.40
2010.04.27 05:24:05.648,1.2562,1.25635,2.20,1.60
2010.04.27 05:24:05.752,1.2562,1.25635,1.60,4.80
2010.04.27 05:24:05.848,1.25615,1.25635,2.30,6.80
2010.04.27 05:24:05.950,1.25615,1.2563,2.30,2.40
2010.04.27 05:24:06.148,1.25615,1.2563,2.30,1.60
2010.04.27 05:24:06.249,1.25615,1.25635,2.30,8.10
2010.04.27 05:24:06.348,1.25615,1.25635,2.30,7.70
2010.04.27 05:24:08.146,1.25615,1.25635,2.30,6.80
2010.04.27 05:24:08.948,1.25615,1.25635,5.50,6.40
2010.04.27 05:24:09.146,1.25615,1.25635,8.70,5.20
2010.04.27 05:24:09.655,1.25615,1.25635,2.30,5.20
2010.04.27 05:24:09.996,1.25615,1.25635,2.30,6.80
2010.04.27 05:24:19.673,1.25615,1.25635,3.10,6.00
2010.04.27 05:24:19.893,1.25615,1.25635,4.70,1.60
2010.04.27 05:24:20.113,1.2562,1.25635,6.40,1.60
2010.04.27 05:24:23.354,1.2562,1.2564,4.60,6.80
2010.04.27 05:24:23.563,1.2562,1.2564,2.20,2.80
2010.04.27 05:24:23.772,1.2562,1.2564,6.20,2.40
2010.04.27 05:24:23.980,1.2562,1.2564,8.60,2.40
2010.04.27 05:24:24.740,1.2562,1.2564,7.00,4.00
2010.04.27 05:24:24.972,1.2562,1.2564,7.00,4.90
2010.04.27 05:24:25.202,1.2562,1.2564,4.60,4.90
2010.04.27 05:24:25.330,1.2562,1.2564,1.00,4.90
2010.04.27 05:24:26.181,1.2562,1.2564,4.60,3.30
2010.04.27 05:24:26.420,1.2562,1.2564,8.60,3.30
2010.04.27 05:24:29.890,1.2562,1.2564,6.20,4.90
2010.04.27 05:24:30.229,1.2562,1.2564,2.20,3.30
2010.04.27 05:24:30.570,1.2562,1.2564,6.20,2.40
2010.04.27 05:24:30.909,1.2562,1.2564,8.60,2.40
2010.04.27 05:24:32.820,1.2562,1.2564,8.60,1.00
2010.04.27 05:24:39.077,1.2562,1.2564,8.60,1.60
2010.04.27 05:24:39.167,1.2562,1.2564,8.60,4.00
2010.04.27 05:24:39.197,1.2562,1.25635,8.60,1.60
2010.04.27 05:24:39.288,1.2562,1.25635,8.00,1.60
2010.04.27 05:24:39.537,1.2562,1.25635,2.40,1.60
2010.04.27 05:24:39.579,1.2562,1.25635,6.40,1.60
2010.04.27 05:24:39.607,1.2562,1.25635,4.00,1.60
2010.04.27 05:24:39.860,1.25615,1.25635,5.50,1.60
2010.04.27 05:24:40.117,1.25615,1.25635,6.30,2.40
2010.04.27 05:24:40.371,1.25615,1.25635,10.30,2.40
2010.04.27 05:24:40.623,1.25615,1.25635,15.10,1.60
2010.04.27 05:24:40.869,1.2562,1.25635,6.40,1.60
2010.04.27 05:24:42.710,1.2562,1.25635,6.40,2.40
2010.04.27 05:24:43.150,1.25615,1.25635,8.70,2.40
2010.04.27 05:24:43.500,1.2562,1.2564,3.00,4.80
2010.04.27 05:24:43.850,1.2562,1.25645,3.00,10.10
2010.04.27 05:24:44.197,1.25625,1.25645,1.00,10.90
2010.04.27 05:24:45.380,1.25625,1.2564,1.00,1.00
2010.04.27 05:24:45.721,1.25625,1.2564,1.00,2.40
2010.04.27 05:24:48.900,1.25625,1.2564,1.00,1.00
2010.04.27 05:24:49.020,1.25625,1.25645,1.00,14.40
2010.04.27 05:24:49.143,1.25625,1.25645,1.00,14.90
2010.04.27 05:24:49.384,1.25625,1.25645,1.00,10.90
2010.04.27 05:24:49.421,1.25625,1.25645,1.00,8.10
2010.04.27 05:24:51.315,1.25625,1.25645,1.00,8.40
2010.04.27 05:24:51.414,1.25625,1.25645,1.00,9.30
2010.04.27 05:24:54.892,1.25625,1.25645,1.00,8.90
2010.04.27 05:24:55.955,1.25625,1.2564,1.00,1.60
2010.04.27 05:24:56.158,1.25625,1.2564,1.00,2.40
2010.04.27 05:24:56.267,1.25625,1.2564,1.00,2.70
2010.04.27 05:24:56.377,1.25625,1.2563,1.00,1.00
2010.04.27 05:24:56.688,1.2562,1.2563,1.00,1.00
2010.04.27 05:24:56.996,1.25615,1.2563,1.00,6.90
2010.04.27 05:24:57.308,1.25615,1.2563,1.00,10.90
2010.04.27 05:24:57.617,1.25615,1.2563,1.00,6.90
2010.04.27 05:24:59.955,1.25615,1.25635,3.80,2.90
2010.04.27 05:25:00.167,1.2562,1.25635,3.00,2.00
2010.04.27 05:25:00.384,1.2562,1.2564,5.40,4.90
2010.04.27 05:25:00.593,1.2562,1.2564,7.00,4.90
2010.04.27 05:25:00.803,1.25625,1.2564,1.00,4.90
2010.04.27 05:25:01.013,1.25625,1.2564,1.00,2.50
2010.04.27 05:25:03.912,1.25625,1.2564,1.00,1.00
2010.04.27 05:25:04.257,1.25625,1.25645,1.00,6.80
2010.04.27 05:25:09.182,1.25625,1.25645,1.40,6.00
2010.04.27 05:25:09.549,1.25625,1.25645,3.00,4.40
2010.04.27 05:25:09.920,1.25625,1.25645,3.00,1.60
2010.04.27 05:25:10.264,1.25625,1.25645,3.10,1.60
2010.04.27 05:25:10.617,1.2563,1.2565,2.20,7.60
2010.04.27 05:25:10.964,1.2563,1.2565,2.20,7.70
2010.04.27 05:25:13.311,1.2563,1.2565,2.20,9.30
2010.04.27 05:25:13.451,1.25625,1.2565,10.20,10.90
2010.04.27 05:25:13.719,1.25625,1.2565,3.80,10.90
2010.04.27 05:25:13.899,1.2563,1.2565,5.40,5.20
2010.04.27 05:25:14.059,1.25635,1.2565,3.80,3.20
2010.04.27 05:25:14.657,1.2564,1.2565,5.40,2.40
2010.04.27 05:25:15.015,1.2565,1.25665,8.00,7.60
2010.04.27 05:25:15.365,1.25645,1.2565,1.00,2.40
2010.04.27 05:25:15.713,1.2564,1.2565,3.00,2.40
2010.04.27 05:25:19.009,1.2564,1.2565,2.20,2.40
2010.04.27 05:25:19.141,1.2564,1.25655,1.00,2.40
2010.04.27 05:25:19.424,1.2564,1.25655,1.00,3.20
2010.04.27 05:25:19.477,1.2564,1.25655,1.00,2.40
2010.04.27 05:25:19.890,1.25635,1.25655,2.30,4.90
2010.04.27 05:25:21.211,1.25635,1.2565,2.20,2.40
2010.04.27 05:25:21.348,1.2563,1.2565,14.20,2.40
2010.04.27 05:25:21.483,1.2563,1.2565,13.40,1.00
2010.04.27 05:25:21.846,1.2563,1.25655,5.40,15.40
2010.04.27 05:25:22.191,1.2563,1.2565,1.40,2.50
2010.04.27 05:25:25.296,1.2563,1.2565,1.40,1.00
2010.04.27 05:25:26.095,1.2563,1.2565,1.00,1.00
2010.04.27 05:25:26.231,1.25625,1.2565,18.60,4.10
2010.04.27 05:25:26.371,1.25625,1.25645,13.10,1.60
2010.04.27 05:25:26.510,1.25625,1.25645,7.20,4.10
2010.04.27 05:25:26.881,1.25625,1.25645,1.00,2.50
2010.04.27 05:25:27.152,1.2563,1.25645,1.00,1.00
2010.04.27 05:25:27.420,1.2563,1.2565,2.40,2.50
2010.04.27 05:25:27.689,1.2563,1.2565,3.00,2.50
2010.04.27 05:25:28.596,1.2563,1.2565,4.60,2.50
2010.04.27 05:25:28.925,1.25645,1.25665,2.20,14.80
2010.04.27 05:25:29.246,1.2565,1.25665,2.20,1.00
2010.04.27 05:25:30.660,1.25645,1.25665,2.30,6.50
2010.04.27 05:25:30.989,1.25645,1.25665,2.30,8.10
2010.04.27 05:25:33.006,1.25645,1.25665,1.00,10.60
2010.04.27 05:25:40.671,1.2565,1.25665,8.00,1.60
2010.04.27 05:25:40.823,1.25655,1.2567,2.40,2.80
2010.04.27 05:25:40.979,1.25655,1.2567,2.20,1.00
2010.04.27 05:25:41.125,1.25655,1.25675,2.20,8.50
2010.04.27 05:25:41.703,1.25655,1.25675,2.20,9.00
2010.04.27 05:25:42.387,1.25655,1.25675,6.20,6.90
2010.04.27 05:25:44.124,1.25655,1.2567,6.20,1.00
2010.04.27 05:25:44.343,1.25655,1.2567,2.20,1.00
2010.04.27 05:25:56.619,1.25655,1.2567,2.20,2.40
2010.04.27 05:25:56.759,1.25655,1.2567,1.00,2.40
2010.04.27 05:25:58.130,1.25655,1.2567,3.80,1.60
2010.04.27 05:25:58.431,1.25655,1.25675,3.80,4.00
2010.04.27 05:25:58.732,1.25655,1.25675,3.80,2.40
2010.04.27 05:26:06.138,1.25655,1.25675,4.60,2.40
2010.04.27 05:26:06.257,1.2566,1.25675,1.60,1.00
2010.04.27 05:26:06.377,1.2566,1.25675,2.20,1.00
2010.04.27 05:26:08.121,1.2566,1.25675,2.20,2.40
2010.04.27 05:26:09.184,1.2566,1.25675,2.20,1.00
2010.04.27 05:26:10.195,1.2566,1.2568,2.20,14.10
2010.04.27 05:26:10.408,1.2566,1.2568,2.20,14.60
2010.04.27 05:26:10.525,1.2566,1.2568,2.20,10.60
2010.04.27 05:26:11.257,1.2566,1.2568,3.00,9.80
2010.04.27 05:26:11.480,1.2566,1.2568,2.20,9.70
2010.04.27 05:26:11.986,1.2566,1.2568,2.20,10.60
2010.04.27 05:26:12.208,1.2566,1.25675,2.20,1.00
2010.04.27 05:26:12.438,1.25655,1.25675,3.10,1.00
2010.04.27 05:26:12.767,1.25655,1.25675,3.10,2.40
2010.04.27 05:26:14.335,1.25655,1.25675,2.30,4.00
2010.04.27 05:26:14.647,1.25655,1.25675,3.10,2.40
2010.04.27 05:26:16.201,1.25655,1.25675,5.50,1.60
2010.04.27 05:26:16.436,1.2567,1.25685,2.20,2.40
2010.04.27 05:26:16.661,1.2567,1.25695,2.20,8.50
2010.04.27 05:26:16.859,1.2567,1.25685,2.20,1.00
2010.04.27 05:26:17.059,1.2567,1.25695,2.20,7.70
2010.04.27 05:26:17.854,1.25675,1.25695,2.20,3.70
2010.04.27 05:26:18.347,1.25675,1.257,10.20,8.60
2010.04.27 05:26:18.599,1.25685,1.257,8.00,2.90
2010.04.27 05:26:18.842,1.2569,1.25705,2.20,1.20
2010.04.27 05:26:19.201,1.2569,1.257,2.20,1.00
2010.04.27 05:26:19.507,1.2568,1.257,2.20,1.00
2010.04.27 05:26:19.811,1.2568,1.257,4.60,1.00
2010.04.27 05:26:20.156,1.2568,1.257,8.60,1.00
2010.04.27 05:26:21.368,1.25685,1.257,4.60,2.40
2010.04.27 05:26:21.560,1.25685,1.257,4.00,2.40
2010.04.27 05:26:21.742,1.2568,1.257,4.60,3.20
2010.04.27 05:26:21.923,1.2568,1.25695,2.40,1.00
2010.04.27 05:26:22.513,1.2568,1.257,6.20,1.60
2010.04.27 05:26:22.856,1.2568,1.257,8.60,1.60
2010.04.27 05:26:23.793,1.2568,1.257,8.80,1.60
2010.04.27 05:26:24.096,1.2569,1.25705,4.00,1.30
2010.04.27 05:26:24.591,1.25685,1.25705,3.00,3.60
2010.04.27 05:26:24.787,1.25685,1.25705,13.40,3.70
2010.04.27 05:26:24.973,1.25685,1.25705,7.00,3.70
2010.04.27 05:26:25.162,1.25685,1.25705,3.00,3.70
2010.04.27 05:26:25.353,1.25685,1.25705,9.40,5.30
2010.04.27 05:26:25.565,1.25685,1.257,5.60,2.40
2010.04.27 05:26:25.774,1.2568,1.257,5.40,3.70
2010.04.27 05:26:25.984,1.2568,1.257,9.40,2.90
2010.04.27 05:26:26.195,1.2568,1.257,3.00,3.70
2010.04.27 05:26:26.431,1.2568,1.257,3.00,5.30
2010.04.27 05:26:26.717,1.2568,1.257,4.60,6.10
2010.04.27 05:26:26.985,1.2568,1.257,3.00,6.10
2010.04.27 05:26:27.255,1.2568,1.25695,3.00,1.60
2010.04.27 05:26:28.113,1.2568,1.25695,1.60,2.40
2010.04.27 05:26:28.413,1.25675,1.25695,8.60,2.40
2010.04.27 05:26:29.093,1.2568,1.25695,1.60,1.60
2010.04.27 05:26:29.285,1.2568,1.257,10.20,1.30
2010.04.27 05:26:29.483,1.2568,1.25695,15.80,1.60
2010.04.27 05:26:29.673,1.25685,1.257,4.10,4.00
2010.04.27 05:26:29.983,1.25685,1.257,6.50,1.00
2010.04.27 05:26:30.239,1.25685,1.25705,1.00,8.50
2010.04.27 05:26:30.496,1.25685,1.25705,12.20,4.10
2010.04.27 05:26:30.754,1.25685,1.25705,13.80,4.10
2010.04.27 05:26:30.970,1.25685,1.25705,13.80,2.50
2010.04.27 05:26:32.582,1.25685,1.25705,13.00,4.10
2010.04.27 05:26:32.772,1.25685,1.25705,13.80,2.50
2010.04.27 05:26:33.031,1.2569,1.25705,1.60,2.50
2010.04.27 05:26:33.293,1.25695,1.25715,1.60,6.10
2010.04.27 05:26:33.551,1.25695,1.25715,2.20,5.20
2010.04.27 05:26:33.810,1.25695,1.25715,2.20,4.80
2010.04.27 05:26:34.332,1.25695,1.25715,6.20,4.80
2010.04.27 05:26:34.470,1.257,1.25725,16.60,6.10
2010.04.27 05:26:34.603,1.25705,1.25725,2.20,4.50
2010.04.27 05:26:34.861,1.25705,1.25725,2.20,4.10
2010.04.27 05:26:35.882,1.25705,1.25725,6.20,6.50
2010.04.27 05:26:37.072,1.25705,1.25725,6.20,5.60
2010.04.27 05:26:39.912,1.25705,1.25725,2.20,5.60
2010.04.27 05:26:40.081,1.25705,1.25725,2.20,4.00
2010.04.27 05:26:40.420,1.25705,1.25725,5.40,1.00
2010.04.27 05:26:40.620,1.2571,1.2573,3.00,6.10
2010.04.27 05:26:40.822,1.25715,1.2573,1.60,1.20
2010.04.27 05:26:41.117,1.25715,1.2573,4.00,1.20
2010.04.27 05:26:41.336,1.25715,1.25735,2.20,3.20
2010.04.27 05:26:41.683,1.25715,1.25735,2.20,4.80
2010.04.27 05:26:42.879,1.25715,1.2573,2.20,1.00
2010.04.27 05:26:43.184,1.25715,1.25735,2.20,4.80
2010.04.27 05:26:45.658,1.25715,1.2573,2.20,1.00
2010.04.27 05:26:47.731,1.25715,1.25735,2.20,4.00
2010.04.27 05:26:47.860,1.25715,1.25735,2.20,2.40
2010.04.27 05:26:48.123,1.25715,1.25735,7.80,2.40
2010.04.27 05:26:48.525,1.25715,1.25735,2.20,3.20
2010.04.27 05:26:48.789,1.25715,1.25735,2.20,4.80
2010.04.27 05:26:49.139,1.25715,1.25735,2.20,5.70
2010.04.27 05:26:50.962,1.2572,1.25735,4.00,2.50
2010.04.27 05:26:51.120,1.2572,1.25735,6.40,1.00
2010.04.27 05:26:51.282,1.2572,1.25735,10.20,1.00
2010.04.27 05:26:51.441,1.2572,1.25735,1.40,1.00
2010.04.27 05:26:52.002,1.2572,1.2574,7.80,5.20
2010.04.27 05:26:53.615,1.2572,1.2574,9.40,5.20
2010.04.27 05:26:54.127,1.2572,1.2574,7.80,5.20
2010.04.27 05:26:54.277,1.2572,1.2574,7.80,7.60
2010.04.27 05:26:54.602,1.2572,1.2574,7.00,8.40
2010.04.27 05:26:54.773,1.2572,1.2574,1.00,6.80
2010.04.27 05:26:54.938,1.2572,1.25735,1.00,5.20
2010.04.27 05:26:55.106,1.25715,1.25735,2.20,5.20
2010.04.27 05:26:57.287,1.25715,1.25735,2.20,6.00
2010.04.27 05:26:57.386,1.25715,1.25735,2.20,7.60
2010.04.27 05:26:57.711,1.25715,1.25735,3.00,4.40
2010.04.27 05:26:57.819,1.2572,1.25735,2.40,2.40
2010.04.27 05:26:58.016,1.2572,1.25735,6.40,2.40
2010.04.27 05:26:59.341,1.25715,1.25735,10.20,2.40
2010.04.27 05:26:59.648,1.25715,1.25735,8.60,2.40
2010.04.27 05:27:00.692,1.25705,1.2572,1.60,12.00
2010.04.27 05:27:01.243,1.25695,1.2571,3.40,4.80
2010.04.27 05:27:01.351,1.2569,1.25705,2.20,1.00
2010.04.27 05:27:01.698,1.25685,1.2571,9.40,7.70
2010.04.27 05:27:02.046,1.25685,1.25705,8.60,1.00
2010.04.27 05:27:02.385,1.25685,1.25705,6.20,1.00
2010.04.27 05:27:02.604,1.25685,1.25705,14.20,1.00
2010.04.27 05:27:02.824,1.25685,1.25705,6.20,1.70
2010.04.27 05:27:03.396,1.25685,1.25705,4.60,4.10
2010.04.27 05:27:03.453,1.25685,1.25705,3.00,4.90
2010.04.27 05:27:03.556,1.2568,1.25705,15.80,7.30
2010.04.27 05:27:03.607,1.2568,1.25705,11.80,7.30
2010.04.27 05:27:03.667,1.2568,1.2569,9.40,1.00
2010.04.27 05:27:03.724,1.2568,1.2569,4.60,1.00
2010.04.27 05:27:03.773,1.2568,1.2569,4.00,1.00
2010.04.27 05:27:03.872,1.2568,1.2569,4.00,3.20
2010.04.27 05:27:03.923,1.25675,1.2569,9.40,3.20
2010.04.27 05:27:03.973,1.25675,1.2569,5.40,4.00
2010.04.27 05:27:04.024,1.25675,1.2569,3.20,4.00
2010.04.27 05:27:04.074,1.25675,1.2569,1.60,4.00
2010.04.27 05:27:04.357,1.25675,1.2569,1.60,4.40
2010.04.27 05:27:04.763,1.25675,1.25685,1.60,1.00
2010.04.27 05:27:05.108,1.2567,1.25685,2.20,1.00
2010.04.27 05:27:05.461,1.25665,1.25685,2.60,6.10
2010.04.27 05:27:05.729,1.2567,1.25685,1.60,1.00
2010.04.27 05:27:06.000,1.25675,1.2569,1.60,5.70
2010.04.27 05:27:06.273,1.25675,1.2569,4.00,1.00
2010.04.27 05:27:06.548,1.25675,1.25695,10.20,2.50
2010.04.27 05:27:07.186,1.25675,1.25695,11.80,1.00
2010.04.27 05:27:08.469,1.25685,1.25695,1.60,1.00
2010.04.27 05:27:08.705,1.25685,1.257,3.20,8.00
2010.04.27 05:27:09.104,1.25685,1.257,3.20,4.00
2010.04.27 05:27:09.302,1.25685,1.25705,4.00,14.80
2010.04.27 05:27:09.504,1.2569,1.25705,1.00,8.40
2010.04.27 05:27:09.794,1.2569,1.25705,3.00,8.40
2010.04.27 05:27:09.987,1.2569,1.25705,4.60,1.00
2010.04.27 05:27:10.172,1.25695,1.2571,1.00,1.00
2010.04.27 05:27:10.732,1.2569,1.2571,4.60,1.70
2010.04.27 05:27:11.977,1.2569,1.2571,3.00,3.30
2010.04.27 05:27:12.243,1.2569,1.25705,2.40,1.00
2010.04.27 05:27:12.508,1.2569,1.25705,1.00,2.50
2010.04.27 05:27:12.609,1.2569,1.25705,1.00,1.60
2010.04.27 05:27:12.709,1.2569,1.2571,1.00,4.90
2010.04.27 05:27:12.803,1.2569,1.2571,1.00,1.70
2010.04.27 05:27:12.894,1.2569,1.2571,3.00,1.70
2010.04.27 05:27:12.991,1.2569,1.2571,3.00,1.00
2010.04.27 05:27:13.953,1.25695,1.25715,1.00,8.90
2010.04.27 05:27:14.300,1.257,1.2572,3.00,2.40
2010.04.27 05:27:14.680,1.25705,1.2572,1.00,1.00
2010.04.27 05:27:14.837,1.2571,1.25725,1.40,1.00
2010.04.27 05:27:14.987,1.25715,1.2573,2.20,1.00
2010.04.27 05:27:16.710,1.25715,1.2573,2.20,2.40
2010.04.27 05:27:17.381,1.25715,1.2573,2.20,1.60
2010.04.27 05:27:17.601,1.25715,1.25735,2.20,7.20
2010.04.27 05:27:17.823,1.25715,1.25735,6.20,2.40
2010.04.27 05:27:18.337,1.2572,1.2574,2.20,8.00
2010.04.27 05:27:18.509,1.2572,1.2574,2.20,8.40
2010.04.27 05:27:20.059,1.2572,1.25735,2.20,1.00
2010.04.27 05:27:20.274,1.25715,1.25735,7.80,4.80
2010.04.27 05:27:20.662,1.25715,1.25735,7.20,4.80
2010.04.27 05:27:20.881,1.25715,1.2573,7.20,1.00
2010.04.27 05:27:21.095,1.25715,1.25735,7.00,7.60
2010.04.27 05:27:21.313,1.25715,1.25735,3.00,7.60
2010.04.27 05:27:21.520,1.25715,1.25735,2.20,7.60
2010.04.27 05:27:22.350,1.25715,1.2573,2.20,1.00
2010.04.27 05:27:23.989,1.25715,1.25735,2.20,14.00
2010.04.27 05:27:24.031,1.25715,1.25735,2.20,8.40
2010.04.27 05:27:24.226,1.25715,1.25735,2.20,6.00
2010.04.27 05:27:32.826,1.25715,1.2573,2.20,1.00
2010.04.27 05:27:33.381,1.25705,1.25725,10.00,2.40
2010.04.27 05:27:33.532,1.25705,1.25725,7.00,2.40
2010.04.27 05:27:33.680,1.25705,1.25725,7.00,3.30
2010.04.27 05:27:33.968,1.25705,1.25725,3.00,3.30
2010.04.27 05:27:35.546,1.25705,1.25725,3.00,3.50
2010.04.27 05:27:38.897,1.25705,1.25725,1.00,3.50
2010.04.27 05:27:39.067,1.257,1.2572,1.00,6.90
2010.04.27 05:27:39.231,1.257,1.25705,1.00,1.00
2010.04.27 05:27:39.392,1.2569,1.2571,9.10,1.60
2010.04.27 05:27:39.547,1.25695,1.2571,1.00,4.80
2010.04.27 05:27:39.857,1.25695,1.2571,2.40,1.00
2010.04.27 05:27:40.215,1.25695,1.25715,3.00,3.60
2010.04.27 05:27:40.563,1.25695,1.25715,5.40,3.60
2010.04.27 05:27:41.049,1.25695,1.25715,1.00,7.30
2010.04.27 05:27:41.320,1.25695,1.25715,2.20,7.30
2010.04.27 05:27:42.451,1.257,1.2572,2.20,4.10
2010.04.27 05:27:42.996,1.257,1.2572,1.40,3.30
2010.04.27 05:27:43.322,1.257,1.2572,1.00,5.70
2010.04.27 05:27:43.623,1.257,1.2572,2.20,3.20
2010.04.27 05:27:44.496,1.257,1.25715,2.20,1.00
2010.04.27 05:27:44.965,1.257,1.25715,1.00,1.00
2010.04.27 05:27:45.246,1.257,1.25715,1.00,1.70
2010.04.27 05:27:47.054,1.257,1.25715,1.00,1.00
2010.04.27 05:27:47.635,1.257,1.2572,3.00,14.50
2010.04.27 05:27:47.750,1.257,1.25715,1.00,2.50
2010.04.27 05:27:48.148,1.257,1.2572,3.00,2.50
2010.04.27 05:27:48.502,1.257,1.2572,3.00,1.00
2010.04.27 05:27:48.851,1.25705,1.25725,2.20,16.00
2010.04.27 05:27:49.773,1.25705,1.25725,2.20,8.00
2010.04.27 05:27:50.361,1.25705,1.25725,3.00,5.60
2010.04.27 05:27:50.615,1.2571,1.2573,1.00,8.50
2010.04.27 05:27:50.874,1.2571,1.2573,1.40,5.70
2010.04.27 05:27:51.135,1.2571,1.2573,1.40,1.00
2010.04.27 05:27:51.665,1.2571,1.2573,3.80,1.00
2010.04.27 05:27:52.912,1.2571,1.2573,3.80,2.40
2010.04.27 05:27:53.561,1.25715,1.2573,1.00,2.40
2010.04.27 05:27:53.732,1.25715,1.2573,1.00,1.00
2010.04.27 05:27:54.081,1.25715,1.2573,3.00,1.00
2010.04.27 05:27:54.252,1.25715,1.25735,3.00,8.90
2010.04.27 05:27:54.540,1.25715,1.25735,3.00,8.80
2010.04.27 05:27:54.637,1.25715,1.2573,2.60,1.00
2010.04.27 05:27:54.726,1.25715,1.25735,2.60,5.70
2010.04.27 05:27:54.813,1.25715,1.25735,2.20,6.10
2010.04.27 05:27:54.903,1.25715,1.25735,2.20,4.50
2010.04.27 05:27:55.081,1.25715,1.25735,2.20,6.10
2010.04.27 05:27:56.781,1.25715,1.2573,2.20,1.60
2010.04.27 05:27:56.903,1.25715,1.25725,2.20,1.00
2010.04.27 05:27:57.028,1.25715,1.2573,1.00,3.70
2010.04.27 05:27:57.144,1.25715,1.2573,1.00,1.30
2010.04.27 05:27:57.384,1.25715,1.2573,1.00,1.00
2010.04.27 05:27:57.623,1.25715,1.2573,1.00,2.40
2010.04.27 05:27:57.740,1.25715,1.2573,1.00,1.00
2010.04.27 05:27:58.083,1.25715,1.25735,1.00,13.70
2010.04.27 05:27:58.433,1.25715,1.25735,3.00,3.30
2010.04.27 05:27:58.784,1.25725,1.2574,1.00,1.00
2010.04.27 05:27:58.991,1.25725,1.25745,5.40,1.30
2010.04.27 05:27:59.191,1.25725,1.25745,1.40,2.50
2010.04.27 05:27:59.392,1.25725,1.25745,3.00,6.50
2010.04.27 05:27:59.842,1.2573,1.2575,1.00,10.90
2010.04.27 05:28:00.185,1.2573,1.2575,1.00,7.30
2010.04.27 05:28:00.866,1.25725,1.2574,3.80,1.00
2010.04.27 05:28:01.044,1.25725,1.2574,1.00,1.00
2010.04.27 05:28:01.964,1.2572,1.25735,3.00,1.00
2010.04.27 05:28:02.281,1.2572,1.25735,2.20,1.00
2010.04.27 05:28:05.580,1.2572,1.25735,1.00,1.00
2010.04.27 05:28:06.099,1.25715,1.25735,3.00,1.00
2010.04.27 05:28:16.025,1.25715,1.25735,4.60,1.00
2010.04.27 05:28:16.325,1.2572,1.2574,3.00,1.00
2010.04.27 05:28:16.623,1.2573,1.25745,1.00,2.90
2010.04.27 05:28:16.917,1.2573,1.25745,1.00,2.50
2010.04.27 05:28:18.107,1.25725,1.25745,5.00,3.30
2010.04.27 05:28:18.277,1.25725,1.25745,1.00,5.70
2010.04.27 05:28:18.444,1.2572,1.2574,8.20,1.00
2010.04.27 05:28:21.776,1.25725,1.2574,1.00,1.00
2010.04.27 05:28:22.027,1.2572,1.2574,12.20,1.00
2010.04.27 05:28:22.443,1.2572,1.25745,9.00,4.90
2010.04.27 05:28:22.656,1.2572,1.2574,5.80,1.00
2010.04.27 05:28:22.868,1.2572,1.2574,3.40,3.30
2010.04.27 05:28:23.078,1.2572,1.2574,1.80,4.90
2010.04.27 05:28:23.286,1.2572,1.2574,1.00,7.30
2010.04.27 05:28:23.495,1.2572,1.25735,1.00,1.00
2010.04.27 05:28:23.613,1.2572,1.25735,1.00,1.00
2010.04.27 05:28:31.051,1.25715,1.25735,3.80,1.70
2010.04.27 05:28:31.192,1.25715,1.25735,1.00,1.70
2010.04.27 05:28:31.337,1.2571,1.2573,13.80,1.00
2010.04.27 05:28:31.486,1.2571,1.2573,9.80,1.70
2010.04.27 05:28:31.763,1.2571,1.2573,7.40,1.70
2010.04.27 05:28:31.917,1.2571,1.2573,1.00,1.70
2010.04.27 05:28:34.441,1.25705,1.2573,10.20,4.10
2010.04.27 05:28:34.726,1.25705,1.2573,10.60,12.90
2010.04.27 05:28:34.757,1.25705,1.2573,10.20,16.90
2010.04.27 05:28:34.782,1.25705,1.25725,8.60,1.60
2010.04.27 05:28:34.802,1.25705,1.25725,8.60,2.40
2010.04.27 05:28:34.826,1.25705,1.25725,6.20,2.40
2010.04.27 05:28:34.850,1.25705,1.25725,5.40,2.40
2010.04.27 05:28:34.910,1.25705,1.25725,3.80,2.40
2010.04.27 05:28:34.951,1.25705,1.25725,3.00,3.20
2010.04.27 05:28:35.074,1.257,1.25725,4.00,5.70
2010.04.27 05:28:35.099,1.257,1.25725,1.60,8.10
2010.04.27 05:28:35.122,1.257,1.2572,1.60,1.60
2010.04.27 05:28:35.421,1.257,1.25715,1.00,2.50
2010.04.27 05:28:35.781,1.25695,1.25715,6.00,2.50
2010.04.27 05:28:36.142,1.257,1.2572,1.40,4.90
2010.04.27 05:28:36.730,1.25705,1.25725,1.00,10.50
2010.04.27 05:28:37.073,1.25705,1.25725,2.20,10.50
2010.04.27 05:28:37.424,1.25705,1.25725,1.00,5.70
2010.04.27 05:28:37.775,1.25705,1.2572,1.00,2.40
2010.04.27 05:28:38.128,1.257,1.2572,2.60,3.20
2010.04.27 05:28:38.477,1.25695,1.25715,4.20,1.00
2010.04.27 05:28:38.740,1.25695,1.25715,4.20,1.70
2010.04.27 05:28:39.000,1.25695,1.25715,8.20,1.00
2010.04.27 05:28:39.489,1.25695,1.2572,8.20,10.90
2010.04.27 05:28:39.839,1.25695,1.2572,9.80,10.10
2010.04.27 05:28:40.783,1.25695,1.25715,5.00,4.90
2010.04.27 05:28:41.265,1.25695,1.25715,9.00,1.00
2010.04.27 05:28:41.527,1.257,1.2572,1.00,4.90
2010.04.27 05:28:41.873,1.257,1.25715,1.00,2.40
2010.04.27 05:28:42.225,1.25695,1.25715,9.00,1.00
2010.04.27 05:28:42.575,1.257,1.2572,1.00,9.70
2010.04.27 05:28:43.484,1.257,1.2572,1.00,8.90
2010.04.27 05:28:45.549,1.257,1.2572,1.40,6.50
2010.04.27 05:28:45.761,1.257,1.2572,3.00,4.90
2010.04.27 05:28:46.389,1.257,1.2572,3.00,4.00
2010.04.27 05:28:46.832,1.25705,1.25725,1.00,14.90
2010.04.27 05:28:47.243,1.2571,1.25725,1.00,7.30
2010.04.27 05:28:47.453,1.2571,1.2573,2.40,3.30
2010.04.27 05:28:47.661,1.2571,1.2573,3.00,1.00
2010.04.27 05:28:47.871,1.2571,1.2573,3.00,2.50
2010.04.27 05:28:48.201,1.2571,1.2573,3.00,1.00
2010.04.27 05:28:48.415,1.2571,1.2573,1.40,2.50
2010.04.27 05:28:49.260,1.2571,1.2573,1.00,3.30
2010.04.27 05:28:53.049,1.2571,1.2573,1.40,3.30
2010.04.27 05:28:54.776,1.2571,1.2573,1.40,4.90
2010.04.27 05:28:56.455,1.2571,1.2573,1.00,4.90
2010.04.27 05:28:56.647,1.2571,1.25725,1.00,1.00
2010.04.27 05:28:59.716,1.25705,1.25725,9.00,1.00
2010.04.27 05:29:01.869,1.25705,1.25725,3.80,1.70
2010.04.27 05:29:03.068,1.25705,1.25725,2.20,4.10
2010.04.27 05:29:03.317,1.257,1.2572,6.00,4.90
2010.04.27 05:29:03.607,1.257,1.2572,2.00,4.90
2010.04.27 05:29:03.866,1.257,1.2572,3.00,1.00
2010.04.27 05:29:04.111,1.257,1.25725,7.00,10.50
2010.04.27 05:29:04.347,1.25705,1.25725,1.00,10.50
2010.04.27 05:29:04.831,1.25705,1.25725,1.00,8.90
2010.04.27 05:29:06.067,1.25705,1.2572,1.00,1.60
2010.04.27 05:29:06.154,1.25705,1.2572,1.00,3.20
2010.04.27 05:29:06.369,1.257,1.2572,3.00,3.20
2010.04.27 05:29:06.674,1.257,1.2572,1.00,5.70
2010.04.27 05:29:06.829,1.257,1.2572,1.00,8.10
2010.04.27 05:29:07.253,1.257,1.2572,1.00,12.10
2010.04.27 05:29:08.613,1.257,1.2572,1.00,12.10
2010.04.27 05:29:12.192,1.257,1.2572,1.40,11.30
2010.04.27 05:29:12.574,1.257,1.2572,1.00,4.90
2010.04.27 05:29:12.754,1.25695,1.25715,9.10,2.50
2010.04.27 05:29:13.016,1.25695,1.25715,6.70,2.50
2010.04.27 05:29:13.217,1.257,1.25715,1.00,1.00
2010.04.27 05:29:13.578,1.257,1.25715,1.40,1.00
2010.04.27 05:29:14.154,1.25705,1.25725,1.00,10.50
2010.04.27 05:29:14.490,1.25705,1.25725,2.20,8.90
2010.04.27 05:29:15.154,1.25705,1.25725,2.20,8.00
2010.04.27 05:29:16.797,1.2571,1.25725,1.00,2.40
2010.04.27 05:29:17.705,1.25705,1.25725,3.00,2.40
2010.04.27 05:29:17.946,1.25705,1.25725,3.00,4.90
2010.04.27 05:29:18.190,1.25705,1.25725,5.40,2.50
2010.04.27 05:29:18.496,1.2571,1.2573,1.00,7.30
2010.04.27 05:29:18.806,1.2571,1.25725,1.00,1.00
2010.04.27 05:29:19.895,1.257,1.2572,3.80,1.00
2010.04.27 05:29:20.108,1.257,1.2572,2.20,1.70
2010.04.27 05:29:20.431,1.25705,1.25725,1.00,6.90
2010.04.27 05:29:20.971,1.2571,1.25725,1.00,1.70
2010.04.27 05:29:21.283,1.2571,1.25725,1.00,1.00
2010.04.27 05:29:24.608,1.2571,1.25725,1.00,2.40
2010.04.27 05:29:25.709,1.2571,1.2573,1.00,5.30
2010.04.27 05:29:26.049,1.2571,1.2573,1.00,4.90
2010.04.27 05:29:27.831,1.2571,1.2573,1.00,5.70
2010.04.27 05:29:28.761,1.25705,1.25725,4.60,2.40
2010.04.27 05:29:29.115,1.25705,1.25725,3.80,2.40
2010.04.27 05:29:29.987,1.25705,1.25725,3.00,7.20
2010.04.27 05:29:30.138,1.25705,1.25725,3.00,7.60
2010.04.27 05:29:30.438,1.25705,1.25725,3.00,8.50
2010.04.27 05:29:30.587,1.25705,1.25725,1.40,10.10
2010.04.27 05:29:32.810,1.25705,1.25725,1.40,8.50
2010.04.27 05:29:32.978,1.25705,1.25725,2.20,5.30
2010.04.27 05:29:33.139,1.2571,1.25725,2.20,3.20
2010.04.27 05:29:33.378,1.2571,1.25725,1.60,8.10
2010.04.27 05:29:33.541,1.25705,1.25725,3.00,8.50
2010.04.27 05:29:35.489,1.257,1.2572,5.60,4.90
2010.04.27 05:29:35.742,1.257,1.2572,1.60,4.90
2010.04.27 05:29:35.945,1.257,1.25715,1.00,2.50
2010.04.27 05:29:36.150,1.257,1.2572,1.00,5.70
2010.04.27 05:29:38.567,1.257,1.2572,1.00,4.10
2010.04.27 05:29:41.914,1.257,1.2572,3.00,1.70
2010.04.27 05:29:42.147,1.257,1.2572,2.20,1.70
2010.04.27 05:29:42.860,1.257,1.2572,3.00,1.70
2010.04.27 05:29:43.116,1.257,1.2572,4.60,1.70
2010.04.27 05:29:44.827,1.257,1.2572,4.60,1.00
2010.04.27 05:29:45.211,1.257,1.25725,4.60,13.30
2010.04.27 05:29:45.558,1.257,1.25725,5.00,8.50
2010.04.27 05:29:45.908,1.25705,1.25725,2.20,8.50
2010.04.27 05:29:48.870,1.257,1.2572,2.70,3.30
2010.04.27 05:29:49.145,1.257,1.2572,1.10,7.30
2010.04.27 05:29:49.426,1.257,1.25715,1.10,1.00
2010.04.27 05:29:49.730,1.257,1.2572,5.00,1.00
2010.04.27 05:29:50.003,1.257,1.25725,5.00,10.10
2010.04.27 05:29:50.145,1.25705,1.25725,2.20,8.50
2010.04.27 05:29:50.283,1.25705,1.25725,5.40,3.70
2010.04.27 05:29:50.663,1.25705,1.25725,3.00,7.60
2010.04.27 05:29:51.361,1.25705,1.2572,3.00,1.00
2010.04.27 05:29:51.710,1.25705,1.2572,1.00,1.70
2010.04.27 05:29:53.346,1.25705,1.25725,1.40,21.30
2010.04.27 05:29:53.556,1.25705,1.25725,1.40,8.50
2010.04.27 05:29:53.764,1.25705,1.25725,1.40,6.90
2010.04.27 05:29:54.102,1.25705,1.25725,1.40,6.50
2010.04.27 05:29:54.426,1.2571,1.25725,4.00,1.00
2010.04.27 05:29:54.613,1.25715,1.2573,5.40,1.00
2010.04.27 05:29:55.083,1.2572,1.2574,1.00,10.50
2010.04.27 05:29:55.971,1.2572,1.25735,1.00,1.60
2010.04.27 05:29:56.737,1.2572,1.2574,1.00,10.50
2010.04.27 05:29:57.127,1.2572,1.2574,1.00,16.10
2010.04.27 05:29:57.541,1.25715,1.2574,5.40,16.90
2010.04.27 05:29:57.752,1.25715,1.25735,3.80,1.00
2010.04.27 05:29:57.964,1.25715,1.25735,3.00,3.20
2010.04.27 05:29:58.172,1.25715,1.25735,3.00,4.80
2010.04.27 05:29:58.692,1.25715,1.25735,3.00,5.60
2010.04.27 05:29:59.028,1.25715,1.25735,1.40,10.10
2010.04.27 05:30:00.670,1.25715,1.2573,1.40,1.00
2010.04.27 05:30:01.398,1.25715,1.25735,1.40,10.20
2010.04.27 05:30:01.807,1.25715,1.25735,1.00,10.20
2010.04.27 05:30:02.841,1.25715,1.2573,1.00,1.00
2010.04.27 05:30:04.870,1.2571,1.2573,4.20,4.90
2010.04.27 05:30:04.971,1.2571,1.2573,2.60,6.90
2010.04.27 05:30:06.951,1.2571,1.2573,2.60,6.10
2010.04.27 05:30:07.098,1.2571,1.2573,5.00,3.70
2010.04.27 05:30:07.249,1.2571,1.2573,5.00,1.00
2010.04.27 05:30:07.399,1.25715,1.25735,1.00,11.90
2010.04.27 05:30:07.549,1.25715,1.25735,1.00,11.10
2010.04.27 05:30:07.699,1.25715,1.25735,1.00,10.60
2010.04.27 05:30:08.399,1.25715,1.25735,2.20,9.00
2010.04.27 05:30:08.799,1.25715,1.25735,2.20,8.20
2010.04.27 05:30:09.001,1.25715,1.25735,2.20,6.60
2010.04.27 05:30:09.401,1.25715,1.25735,4.60,5.80
2010.04.27 05:30:09.673,1.25715,1.25735,2.20,8.20
2010.04.27 05:30:10.276,1.25715,1.25735,2.20,6.60
2010.04.27 05:30:10.859,1.25715,1.25735,2.20,5.70
2010.04.27 05:30:11.807,1.25715,1.25735,3.80,5.70
2010.04.27 05:30:13.570,1.25715,1.25735,2.20,6.90
2010.04.27 05:30:13.717,1.25715,1.25735,2.20,7.80
2010.04.27 05:30:13.871,1.25715,1.25735,1.00,7.80
2010.04.27 05:30:14.514,1.25715,1.25735,2.20,7.80
2010.04.27 05:30:14.795,1.25715,1.25735,5.20,1.00
2010.04.27 05:30:15.072,1.25715,1.25735,3.60,4.90
2010.04.27 05:30:15.782,1.25715,1.25735,5.20,4.90
2010.04.27 05:30:16.376,1.25715,1.25735,3.60,8.10
2010.04.27 05:30:16.677,1.25715,1.25735,2.80,10.20
2010.04.27 05:30:19.556,1.25715,1.2573,2.80,3.20
2010.04.27 05:30:19.656,1.25715,1.2573,2.80,3.60
2010.04.27 05:30:19.898,1.25715,1.2573,2.80,4.40
2010.04.27 05:30:19.923,1.25705,1.25725,13.00,1.60
2010.04.27 05:30:20.058,1.25705,1.25725,13.00,1.60
2010.04.27 05:30:20.388,1.25705,1.25725,15.40,1.60
2010.04.27 05:30:20.697,1.25705,1.25725,15.40,1.60
2010.04.27 05:30:21.318,1.2571,1.2573,2.20,3.20
2010.04.27 05:30:21.414,1.2571,1.2573,2.20,2.40
2010.04.27 05:30:21.664,1.2571,1.2573,2.20,2.00
2010.04.27 05:30:21.722,1.2571,1.2573,2.20,1.20
2010.04.27 05:30:21.776,1.2571,1.2573,2.20,1.00
2010.04.27 05:30:26.726,1.2571,1.2573,1.00,3.30
2010.04.27 05:30:27.195,1.2571,1.2573,1.00,4.10
2010.04.27 05:30:27.529,1.25705,1.2573,5.40,7.30
2010.04.27 05:30:27.699,1.25705,1.25725,5.00,1.60
2010.04.27 05:30:27.868,1.25705,1.25725,2.60,2.40
2010.04.27 05:30:28.037,1.25705,1.25725,5.00,1.60
2010.04.27 05:30:28.207,1.25705,1.25725,5.00,1.60
2010.04.27 05:30:28.433,1.25705,1.25725,7.40,1.60
2010.04.27 05:30:28.655,1.25705,1.25725,7.40,1.60
2010.04.27 05:30:28.874,1.25705,1.25725,15.40,1.60
2010.04.27 05:30:29.094,1.25705,1.25725,15.40,1.60
2010.04.27 05:30:31.593,1.25705,1.25725,15.40,1.60
2010.04.27 05:30:32.062,1.25705,1.25725,15.40,1.60
2010.04.27 05:30:34.210,1.25705,1.25725,15.40,1.60
2010.04.27 05:30:34.272,1.25705,1.25725,16.60,1.60
2010.04.27 05:30:34.331,1.25705,1.2573,19.50,4.90
2010.04.27 05:30:34.391,1.2571,1.2573,1.00,4.90
2010.04.27 05:30:34.451,1.2571,1.2573,2.20,4.90
2010.04.27 05:30:34.608,1.2571,1.2573,2.20,3.30
2010.04.27 05:30:36.933,1.25715,1.2573,1.00,2.50
2010.04.27 05:30:37.147,1.2571,1.2573,9.00,7.30
2010.04.27 05:30:37.355,1.25705,1.2573,8.60,4.90
2010.04.27 05:30:37.431,1.2571,1.2573,2.20,4.90
2010.04.27 05:30:37.501,1.2571,1.2573,2.20,3.30
2010.04.27 05:30:52.271,1.2571,1.25725,2.20,3.20
2010.04.27 05:30:52.362,1.2571,1.25725,1.00,3.60
2010.04.27 05:30:52.451,1.25705,1.2572,8.30,1.00
2010.04.27 05:30:52.539,1.25705,1.2572,4.30,1.00
2010.04.27 05:30:52.627,1.25705,1.2572,1.00,1.00
2010.04.27 05:30:52.797,1.257,1.2572,8.20,1.00
2010.04.27 05:30:53.182,1.257,1.2572,12.20,1.00
2010.04.27 05:30:53.872,1.257,1.2572,10.60,2.50
2010.04.27 05:30:58.175,1.257,1.2572,8.20,3.30
2010.04.27 05:30:58.267,1.257,1.2572,5.80,3.30
2010.04.27 05:30:58.446,1.257,1.2572,1.80,3.30
2010.04.27 05:30:58.716,1.257,1.2572,4.20,3.30
2010.04.27 05:31:03.784,1.257,1.2572,3.80,3.30
2010.04.27 05:31:03.895,1.257,1.2572,1.40,4.90
2010.04.27 05:31:04.006,1.257,1.2572,1.40,4.90
2010.04.27 05:31:04.115,1.257,1.2572,1.00,4.90
2010.04.27 05:31:05.019,1.257,1.2572,1.40,3.30
2010.04.27 05:31:09.122,1.257,1.2572,4.60,1.00
2010.04.27 05:31:09.224,1.257,1.25725,12.20,7.90
2010.04.27 05:31:09.315,1.257,1.25725,5.80,7.90
2010.04.27 05:31:09.495,1.25705,1.25725,2.20,6.20
2010.04.27 05:31:10.114,1.2571,1.2573,3.00,10.90
2010.04.27 05:31:10.462,1.25715,1.25735,7.00,1.60
2010.04.27 05:31:10.813,1.2572,1.25735,1.00,2.40
2010.04.27 05:31:11.137,1.2572,1.25735,1.00,5.60
2010.04.27 05:31:13.012,1.25715,1.25735,4.60,6.50
2010.04.27 05:31:13.215,1.25715,1.25735,3.00,7.30
2010.04.27 05:31:13.417,1.2571,1.2573,3.60,2.40
2010.04.27 05:31:13.533,1.2571,1.2573,5.40,3.20
2010.04.27 05:31:13.653,1.2571,1.2573,5.40,4.80
2010.04.27 05:31:13.904,1.2571,1.2573,5.40,6.40
2010.04.27 05:31:14.025,1.2571,1.2573,5.40,4.80
2010.04.27 05:31:14.141,1.2571,1.2573,5.40,1.00
2010.04.27 05:31:14.262,1.25715,1.2573,1.00,1.00
2010.04.27 05:31:14.686,1.25715,1.25735,3.00,7.70
2010.04.27 05:31:14.873,1.25715,1.25735,3.00,8.10
2010.04.27 05:31:16.348,1.2571,1.2573,4.20,1.00
2010.04.27 05:31:16.565,1.2571,1.25725,1.40,1.00
2010.04.27 05:31:16.839,1.2571,1.25725,1.00,1.00
2010.04.27 05:31:25.759,1.2571,1.2573,1.40,3.70
2010.04.27 05:31:25.839,1.2571,1.2573,3.00,3.70
2010.04.27 05:31:25.970,1.2571,1.2573,7.80,2.10
2010.04.27 05:31:26.101,1.2571,1.25725,11.00,3.20
2010.04.27 05:31:26.233,1.2571,1.25725,4.00,2.40
2010.04.27 05:31:26.360,1.25705,1.25725,5.00,4.80
2010.04.27 05:31:26.491,1.25705,1.25725,5.80,1.00
2010.04.27 05:31:26.750,1.25705,1.25725,7.80,1.00
2010.04.27 05:31:27.195,1.25705,1.25725,11.80,1.00
2010.04.27 05:31:29.558,1.2571,1.25725,2.20,1.00
2010.04.27 05:31:31.030,1.2571,1.2573,3.80,6.10
2010.04.27 05:31:31.180,1.2571,1.2573,4.60,3.30
2010.04.27 05:31:31.481,1.2571,1.2573,3.00,3.30
2010.04.27 05:31:31.776,1.2571,1.2573,2.20,3.30
2010.04.27 05:31:31.943,1.2571,1.2573,4.60,2.50
2010.04.27 05:31:32.453,1.2571,1.2573,3.00,2.50
2010.04.27 05:31:35.727,1.2571,1.2573,3.80,2.50
2010.04.27 05:31:35.858,1.2571,1.2573,5.80,1.00
2010.04.27 05:31:35.987,1.2571,1.2573,8.20,1.00
2010.04.27 05:31:36.187,1.2571,1.2573,12.20,1.00
2010.04.27 05:31:39.306,1.2571,1.2573,9.40,1.00
2010.04.27 05:31:39.416,1.2571,1.2573,5.40,1.00
2010.04.27 05:31:39.526,1.2571,1.2573,3.00,1.00
2010.04.27 05:31:40.116,1.2571,1.2573,3.80,1.00
2010.04.27 05:31:40.240,1.2571,1.2573,9.00,1.70
2010.04.27 05:31:40.558,1.2571,1.2573,9.40,1.70
2010.04.27 05:31:40.680,1.2571,1.2573,3.00,1.70
2010.04.27 05:31:45.294,1.2571,1.2573,4.60,1.70
2010.04.27 05:31:45.383,1.2571,1.2573,8.60,1.70
2010.04.27 05:31:45.402,1.2571,1.2573,9.40,1.00
2010.04.27 05:31:45.448,1.2571,1.2573,11.80,1.00
2010.04.27 05:31:45.475,1.2571,1.2573,12.60,1.00
2010.04.27 05:31:45.516,1.2571,1.2573,13.00,1.00
2010.04.27 05:31:47.457,1.2571,1.2573,8.60,1.70
2010.04.27 05:31:47.689,1.2571,1.2573,5.40,1.00
2010.04.27 05:31:47.803,1.2571,1.2573,3.80,1.00
2010.04.27 05:31:47.918,1.2571,1.2573,9.40,1.00
2010.04.27 05:31:48.026,1.2571,1.2573,8.60,1.70
2010.04.27 05:31:48.598,1.25715,1.2573,2.20,1.00
2010.04.27 05:31:48.950,1.25715,1.25735,11.10,1.60
2010.04.27 05:31:49.296,1.25715,1.25735,11.20,1.60
2010.04.27 05:31:52.602,1.25715,1.25735,8.80,4.00
2010.04.27 05:31:52.692,1.25715,1.25735,7.20,4.00
2010.04.27 05:31:52.784,1.25715,1.25735,6.40,2.40
2010.04.27 05:31:53.086,1.2572,1.2574,1.00,12.50
2010.04.27 05:31:53.180,1.2572,1.2574,1.00,12.90
2010.04.27 05:31:53.270,1.2572,1.2574,1.00,12.10
2010.04.27 05:31:53.357,1.25715,1.2574,8.50,10.50
2010.04.27 05:31:53.442,1.2572,1.2574,1.60,10.50
2010.04.27 05:31:53.533,1.2572,1.25735,2.20,1.60
2010.04.27 05:31:53.623,1.2572,1.25735,1.00,1.60
2010.04.27 05:31:53.967,1.25725,1.25745,1.00,6.90
2010.04.27 05:31:54.518,1.25725,1.25745,1.00,4.90
2010.04.27 05:31:55.612,1.2572,1.2574,8.60,1.00
2010.04.27 05:31:55.943,1.2572,1.2574,5.40,1.00
2010.04.27 05:31:56.602,1.2572,1.2574,4.60,1.00
2010.04.27 05:31:57.265,1.2572,1.25735,3.00,1.00
2010.04.27 05:31:57.372,1.25715,1.25735,7.50,1.00
2010.04.27 05:31:57.593,1.25715,1.25735,4.60,1.70
2010.04.27 05:31:57.702,1.25715,1.25735,4.60,3.30
2010.04.27 05:31:58.115,1.25715,1.25735,4.60,3.30
2010.04.27 05:31:58.546,1.25715,1.2573,2.20,1.00
2010.04.27 05:31:58.757,1.2571,1.25725,1.00,1.00
2010.04.27 05:32:02.174,1.25715,1.2573,1.60,4.90
2010.04.27 05:32:02.336,1.2572,1.2573,1.60,1.00
2010.04.27 05:32:02.730,1.25715,1.2574,15.70,4.90
2010.04.27 05:32:02.978,1.2572,1.2574,2.20,3.30
2010.04.27 05:32:03.654,1.2572,1.25735,2.20,4.80
2010.04.27 05:32:03.852,1.2572,1.25735,1.00,4.80
2010.04.27 05:32:04.043,1.25715,1.25735,3.00,1.00
2010.04.27 05:32:04.430,1.25715,1.25735,3.00,1.70
2010.04.27 05:32:08.418,1.25715,1.25735,3.00,1.70
2010.04.27 05:32:09.686,1.2572,1.2574,1.00,3.30
2010.04.27 05:32:10.704,1.25715,1.25735,13.90,1.00
2010.04.27 05:32:11.204,1.25715,1.25735,5.90,1.00
2010.04.27 05:32:13.967,1.25715,1.25735,13.20,1.00
2010.04.27 05:32:14.079,1.25715,1.25735,19.60,1.00
2010.04.27 05:32:14.408,1.25715,1.25735,20.00,1.00
2010.04.27 05:32:15.209,1.25715,1.2574,20.00,3.30
2010.04.27 05:32:15.589,1.25715,1.2574,21.90,3.30
2010.04.27 05:32:17.456,1.25715,1.2574,21.60,3.30
2010.04.27 05:32:17.857,1.2572,1.2574,1.00,2.50
2010.04.27 05:32:18.458,1.2572,1.2574,4.60,1.00
2010.04.27 05:32:18.618,1.2572,1.2574,9.40,1.00
2010.04.27 05:32:18.777,1.2572,1.2574,11.80,1.00
2010.04.27 05:32:19.717,1.2572,1.2574,12.30,1.00
2010.04.27 05:32:20.106,1.25725,1.25745,1.60,8.50
2010.04.27 05:32:20.190,1.25725,1.25745,1.60,7.70
2010.04.27 05:32:20.268,1.25725,1.25745,1.60,7.70
2010.04.27 05:32:27.716,1.2572,1.25745,7.50,8.50
2010.04.27 05:32:27.905,1.2572,1.25745,5.40,9.30
2010.04.27 05:32:28.096,1.2572,1.2574,5.40,1.00
2010.04.27 05:32:29.025,1.2572,1.2574,3.00,1.70
2010.04.27 05:32:29.384,1.2572,1.2574,3.80,1.70
2010.04.27 05:32:30.334,1.2572,1.25735,3.80,1.00
2010.04.27 05:32:30.770,1.2572,1.2574,3.80,1.70
2010.04.27 05:32:31.278,1.2572,1.25735,2.20,1.00
2010.04.27 05:32:32.656,1.2572,1.2574,3.80,4.50
2010.04.27 05:32:32.814,1.2572,1.2574,3.80,1.70
2010.04.27 05:32:34.368,1.2572,1.2574,3.80,1.70
2010.04.27 05:32:34.444,1.2572,1.2574,4.60,1.00
2010.04.27 05:32:34.524,1.2572,1.2574,9.10,1.00
2010.04.27 05:32:34.684,1.25725,1.2574,1.00,1.00
2010.04.27 05:32:34.873,1.25725,1.25745,1.00,8.50
2010.04.27 05:32:34.983,1.25725,1.25745,1.00,7.70
2010.04.27 05:32:37.862,1.25725,1.25745,1.00,8.50
2010.04.27 05:32:37.943,1.25725,1.2574,1.00,1.00
2010.04.27 05:32:39.062,1.25725,1.25745,1.00,8.50
2010.04.27 05:32:39.202,1.25725,1.25745,1.00,8.50
2010.04.27 05:32:40.586,1.25725,1.25745,1.00,8.50
2010.04.27 05:32:45.101,1.25725,1.2574,1.00,1.00
2010.04.27 05:32:45.890,1.25725,1.25745,1.00,10.10
2010.04.27 05:32:45.979,1.25725,1.25745,1.00,6.10
2010.04.27 05:32:46.211,1.25725,1.25745,1.00,5.30
2010.04.27 05:32:46.901,1.25725,1.25745,1.00,4.50
2010.04.27 05:32:48.858,1.25725,1.25745,3.80,2.90
2010.04.27 05:32:49.017,1.25725,1.25745,6.60,2.50
2010.04.27 05:32:49.172,1.25725,1.25745,17.00,2.50
2010.04.27 05:32:49.482,1.25725,1.25745,15.40,2.50
2010.04.27 05:32:49.812,1.25725,1.25745,10.60,3.30
2010.04.27 05:32:50.128,1.25725,1.25745,5.80,3.30
2010.04.27 05:32:50.730,1.25725,1.25745,4.20,3.30
2010.04.27 05:32:50.943,1.25725,1.25745,1.40,3.30
2010.04.27 05:32:51.162,1.25725,1.2574,1.40,1.00
2010.04.27 05:32:51.381,1.25725,1.2574,1.00,1.00
2010.04.27 05:32:56.388,1.25725,1.2574,1.40,1.00
2010.04.27 05:32:56.582,1.25725,1.25745,1.40,3.30
2010.04.27 05:32:58.096,1.25725,1.2574,1.40,1.00
2010.04.27 05:32:58.196,1.25725,1.2574,1.00,1.00
2010.04.27 05:32:58.653,1.2573,1.2574,1.00,1.00
2010.04.27 05:32:58.792,1.2573,1.25745,2.40,1.00
2010.04.27 05:32:58.928,1.2573,1.25745,6.40,1.00
2010.04.27 05:32:59.317,1.2573,1.25745,9.40,1.00
2010.04.27 05:33:02.045,1.2575,1.2577,3.00,4.00
2010.04.27 05:33:02.201,1.25755,1.2578,1.00,2.40
2010.04.27 05:33:02.362,1.2575,1.25785,2.20,2.40
2010.04.27 05:33:02.520,1.2575,1.25785,1.00,4.40
2010.04.27 05:33:02.802,1.25745,1.2578,4.90,1.00
2010.04.27 05:33:03.300,1.25755,1.25775,2.60,1.00
2010.04.27 05:33:03.580,1.25755,1.25775,2.50,1.00
2010.04.27 05:33:04.125,1.25755,1.25775,4.10,1.00
2010.04.27 05:33:04.396,1.25755,1.2577,2.50,1.00
2010.04.27 05:33:04.670,1.25755,1.25775,6.50,4.40
2010.04.27 05:33:04.776,1.25755,1.25775,5.70,2.80
2010.04.27 05:33:04.877,1.25755,1.2578,5.70,10.80
2010.04.27 05:33:04.976,1.25755,1.2578,13.70,6.80
2010.04.27 05:33:05.315,1.25755,1.2578,13.80,6.80
2010.04.27 05:33:06.080,1.25755,1.2577,2.50,1.00
2010.04.27 05:33:06.432,1.25755,1.25775,2.50,5.60
2010.04.27 05:33:06.778,1.25755,1.2577,2.50,1.00
2010.04.27 05:33:07.959,1.25755,1.25775,2.20,3.20
2010.04.27 05:33:08.168,1.25755,1.25775,3.80,1.00
2010.04.27 05:33:09.175,1.25755,1.2577,2.20,1.00
2010.04.27 05:33:09.346,1.25755,1.25775,3.80,1.00
2010.04.27 05:33:10.339,1.25755,1.2577,2.20,1.00
2010.04.27 05:33:14.434,1.25755,1.2577,6.20,1.00
2010.04.27 05:33:14.646,1.25755,1.2577,4.60,1.00
2010.04.27 05:33:14.857,1.25755,1.25765,4.60,1.00
2010.04.27 05:33:14.934,1.25755,1.25765,1.00,1.00
2010.04.27 05:33:15.003,1.2575,1.25765,5.10,1.00
2010.04.27 05:33:15.144,1.2575,1.25765,2.70,1.00
2010.04.27 05:33:15.415,1.2575,1.25765,2.20,1.00
2010.04.27 05:33:16.377,1.2575,1.2577,7.80,5.20
2010.04.27 05:33:16.723,1.2575,1.2577,11.80,5.20
2010.04.27 05:33:18.302,1.2575,1.2577,14.20,5.20
2010.04.27 05:33:19.528,1.2575,1.2577,14.20,2.80
2010.04.27 05:33:19.699,1.25755,1.2577,12.00,1.60
2010.04.27 05:33:21.741,1.25755,1.25775,12.80,2.00
2010.04.27 05:33:22.033,1.2576,1.25775,2.20,1.00
2010.04.27 05:33:22.130,1.2576,1.25775,3.80,1.00
2010.04.27 05:33:22.708,1.2576,1.2578,12.60,2.00
2010.04.27 05:33:22.901,1.2576,1.2578,6.20,2.00
2010.04.27 05:33:23.902,1.2576,1.2578,8.60,1.20
2010.04.27 05:33:24.152,1.25765,1.2578,2.20,1.00
2010.04.27 05:33:24.853,1.25765,1.25785,2.20,10.40
2010.04.27 05:33:25.002,1.25765,1.25785,2.20,10.00
2010.04.27 05:33:25.242,1.25765,1.25785,2.20,6.00
2010.04.27 05:33:25.320,1.25765,1.25785,3.00,5.20
2010.04.27 05:33:25.403,1.2577,1.25785,1.60,1.20
2010.04.27 05:33:25.485,1.2577,1.25785,2.20,4.40
2010.04.27 05:33:25.781,1.25765,1.25785,3.00,6.00
2010.04.27 05:33:25.864,1.25765,1.25785,2.20,6.00
2010.04.27 05:33:27.700,1.25765,1.25785,4.60,5.20
2010.04.27 05:33:27.791,1.25765,1.25785,13.10,2.80
2010.04.27 05:33:27.879,1.2577,1.25785,1.60,2.40
2010.04.27 05:33:28.140,1.2577,1.25785,2.40,1.60
2010.04.27 05:33:28.455,1.25775,1.2579,1.60,2.00
2010.04.27 05:33:28.795,1.25775,1.2579,2.20,1.00
2010.04.27 05:33:31.880,1.25775,1.25795,2.20,5.20
2010.04.27 05:33:32.031,1.25775,1.25795,2.20,5.60
2010.04.27 05:33:32.182,1.25775,1.25795,2.20,4.80
2010.04.27 05:33:32.564,1.25775,1.2579,2.20,1.00
2010.04.27 05:33:32.786,1.2577,1.25785,3.00,3.20
2010.04.27 05:33:33.003,1.2577,1.2578,1.00,1.00
2010.04.27 05:33:33.930,1.25765,1.2578,1.00,1.00
2010.04.27 05:33:34.199,1.2576,1.2578,3.00,1.00
2010.04.27 05:33:34.469,1.2576,1.2578,3.00,3.30
2010.04.27 05:33:35.348,1.2576,1.2578,2.20,5.70
2010.04.27 05:33:35.432,1.2576,1.2578,2.20,12.10
2010.04.27 05:33:35.600,1.2576,1.2578,2.20,13.30
2010.04.27 05:33:35.756,1.2576,1.2578,2.20,14.90
2010.04.27 05:33:35.959,1.2576,1.2578,2.20,14.10
2010.04.27 05:33:36.288,1.2576,1.2578,2.20,11.70
2010.04.27 05:33:36.620,1.2576,1.25775,2.20,2.40
2010.04.27 05:33:36.959,1.25755,1.25775,2.50,2.40
2010.04.27 05:33:40.870,1.25755,1.2577,2.20,1.00
2010.04.27 05:33:41.090,1.25755,1.2577,1.00,1.00
2010.04.27 05:33:42.535,1.2575,1.2577,3.00,1.00
2010.04.27 05:33:44.905,1.25755,1.2577,1.00,1.00
2010.04.27 05:33:45.365,1.2575,1.2577,3.80,3.30
2010.04.27 05:33:45.649,1.2575,1.2577,3.00,3.30
2010.04.27 05:33:45.737,1.2575,1.2577,1.40,3.30
2010.04.27 05:33:46.297,1.2575,1.2577,1.40,4.10
2010.04.27 05:33:46.574,1.2575,1.2577,1.40,5.70
2010.04.27 05:33:48.782,1.2575,1.2577,3.00,2.50
2010.04.27 05:33:48.911,1.25755,1.25775,1.00,12.90
2010.04.27 05:33:49.035,1.25755,1.25775,3.00,8.10
2010.04.27 05:33:49.596,1.25755,1.25775,3.00,7.20
2010.04.27 05:33:51.904,1.25755,1.25775,2.20,7.20
2010.04.27 05:33:52.054,1.25755,1.25775,2.20,5.60
2010.04.27 05:33:53.369,1.25755,1.25775,2.20,6.80
2010.04.27 05:33:53.588,1.25755,1.25775,2.20,6.50
2010.04.27 05:33:53.808,1.25755,1.25775,1.00,8.10
2010.04.27 05:33:54.056,1.25755,1.2577,1.00,2.40
2010.04.27 05:33:54.533,1.25755,1.25775,1.00,7.20
2010.04.27 05:33:54.784,1.25755,1.25775,2.20,5.60
2010.04.27 05:33:57.357,1.25755,1.25775,8.60,5.60
2010.04.27 05:33:58.843,1.25765,1.2578,1.00,6.80
2010.04.27 05:33:59.106,1.25765,1.2578,1.00,1.20
2010.04.27 05:33:59.191,1.25765,1.2578,1.00,2.80
2010.04.27 05:33:59.242,1.25765,1.2578,1.00,3.20
2010.04.27 05:33:59.529,1.25765,1.2577,1.00,1.00
2010.04.27 05:33:59.580,1.25755,1.2577,2.20,2.40
2010.04.27 05:33:59.812,1.2575,1.2577,3.00,2.40
2010.04.27 05:34:01.181,1.2575,1.2577,3.80,1.00
2010.04.27 05:34:01.492,1.25755,1.25775,2.20,10.50
2010.04.27 05:34:01.670,1.25755,1.25775,2.20,10.10
2010.04.27 05:34:01.846,1.25755,1.25775,2.20,8.50
2010.04.27 05:34:02.024,1.2576,1.25775,3.00,1.60
2010.04.27 05:34:02.449,1.2577,1.25785,2.20,1.20
2010.04.27 05:34:02.797,1.2577,1.2579,2.20,6.90
2010.04.27 05:34:03.146,1.2577,1.25785,1.00,1.00
2010.04.27 05:34:04.171,1.2577,1.25785,2.20,1.00
2010.04.27 05:34:06.624,1.2577,1.2579,3.80,1.70
2010.04.27 05:34:07.250,1.2577,1.25795,14.20,9.70
2010.04.27 05:34:07.421,1.2577,1.25795,15.00,9.70
2010.04.27 05:34:07.765,1.2577,1.2579,2.20,1.70
2010.04.27 05:34:07.929,1.2577,1.2579,1.40,1.70
2010.04.27 05:34:12.280,1.2577,1.2579,1.40,3.30
2010.04.27 05:34:12.388,1.2577,1.2579,1.00,3.30
2010.04.27 05:34:12.498,1.2577,1.2579,1.00,5.70
2010.04.27 05:34:12.609,1.25765,1.2579,12.60,7.30
2010.04.27 05:34:12.753,1.25765,1.2579,8.10,11.30
2010.04.27 05:34:12.899,1.25765,1.2579,8.10,11.70
2010.04.27 05:34:13.598,1.25765,1.2579,8.10,11.30
2010.04.27 05:34:13.739,1.25765,1.2579,8.10,12.10
2010.04.27 05:34:16.018,1.2577,1.2579,1.00,8.10
2010.04.27 05:34:16.129,1.2577,1.2579,1.40,7.30
2010.04.27 05:34:16.237,1.2577,1.2579,3.00,1.70
2010.04.27 05:34:18.045,1.2577,1.25775,1.00,1.00
2010.04.27 05:34:18.346,1.25755,1.2577,1.00,1.00
2010.04.27 05:34:18.522,1.2575,1.2577,5.40,2.40
2010.04.27 05:34:18.700,1.2575,1.2577,1.40,3.30
2010.04.27 05:34:20.006,1.2575,1.2577,1.40,1.70
2010.04.27 05:34:23.009,1.2575,1.2577,3.00,1.70
2010.04.27 05:34:23.108,1.2575,1.2577,4.20,1.00
2010.04.27 05:34:23.207,1.2575,1.2577,5.80,1.00
2010.04.27 05:34:26.818,1.2575,1.2577,4.20,1.00
2010.04.27 05:34:28.251,1.2575,1.2577,1.80,1.70
2010.04.27 05:34:28.600,1.2575,1.2577,1.40,1.70
2010.04.27 05:34:34.083,1.2575,1.2577,3.00,1.70
2010.04.27 05:34:34.695,1.2575,1.2577,6.60,1.00
2010.04.27 05:34:35.064,1.2575,1.25775,6.60,12.10
2010.04.27 05:34:35.226,1.2575,1.25775,6.60,10.70
2010.04.27 05:34:35.393,1.2575,1.2577,6.60,1.00
2010.04.27 05:34:35.885,1.2575,1.2577,3.40,1.70
2010.04.27 05:34:36.043,1.2575,1.2577,3.00,3.30
2010.04.27 05:34:36.588,1.25745,1.25765,10.90,2.50
2010.04.27 05:34:36.816,1.25745,1.25765,10.60,2.50
2010.04.27 05:34:37.276,1.2575,1.25765,1.00,2.50
2010.04.27 05:34:43.535,1.25745,1.2576,13.20,1.60
2010.04.27 05:34:43.624,1.25745,1.2576,10.60,2.50
2010.04.27 05:34:43.702,1.25745,1.2576,2.60,2.50
2010.04.27 05:34:44.130,1.2574,1.25755,5.40,1.00
2010.04.27 05:34:44.314,1.2574,1.25755,5.20,1.00
2010.04.27 05:34:44.503,1.2574,1.25755,2.80,1.00
2010.04.27 05:34:45.712,1.2574,1.25755,1.20,1.00
2010.04.27 05:34:45.886,1.2574,1.25755,2.80,1.00
2010.04.27 05:34:46.271,1.2574,1.25755,1.00,1.00
2010.04.27 05:34:46.589,1.2574,1.25755,5.60,1.00
2010.04.27 05:34:46.902,1.2574,1.25755,3.60,1.00
2010.04.27 05:34:47.206,1.2574,1.25755,1.00,2.50
2010.04.27 05:34:50.133,1.25735,1.25755,16.20,3.30
2010.04.27 05:34:50.418,1.25735,1.25755,5.60,3.30
2010.04.27 05:34:50.453,1.25735,1.25755,4.00,3.30
2010.04.27 05:34:50.480,1.2573,1.25755,10.80,3.30
2010.04.27 05:34:50.510,1.25735,1.25755,1.00,3.30
2010.04.27 05:34:50.622,1.25735,1.2575,1.00,1.00
2010.04.27 05:34:50.649,1.25735,1.2575,1.00,2.50
2010.04.27 05:34:50.860,1.2573,1.2575,8.40,3.30
2010.04.27 05:34:50.890,1.2573,1.2575,5.20,3.30
2010.04.27 05:34:50.920,1.2573,1.2575,1.20,5.70
2010.04.27 05:34:50.989,1.2573,1.25745,1.20,1.00
2010.04.27 05:34:51.361,1.2573,1.25745,2.40,1.00
2010.04.27 05:34:52.782,1.2573,1.25745,11.20,1.00
2010.04.27 05:34:52.958,1.25735,1.25745,1.60,1.00
2010.04.27 05:34:53.133,1.25735,1.2575,1.00,2.50
2010.04.27 05:34:53.562,1.2573,1.2575,2.80,3.30
2010.04.27 05:34:53.781,1.2573,1.25745,2.40,1.00
2010.04.27 05:34:58.181,1.2573,1.2575,3.00,4.10
2010.04.27 05:34:58.303,1.25735,1.2575,1.00,1.00
2010.04.27 05:34:58.423,1.25745,1.2575,2.40,1.00
2010.04.27 05:34:58.764,1.25745,1.25755,1.60,1.60
2010.04.27 05:34:58.962,1.25745,1.25765,5.40,3.70
2010.04.27 05:34:59.166,1.25745,1.25765,8.50,2.50
2010.04.27 05:35:01.190,1.25745,1.25765,3.00,3.30
2010.04.27 05:35:01.319,1.25745,1.2576,1.40,1.00
2010.04.27 05:35:01.449,1.25745,1.2576,1.00,1.00
2010.04.27 05:35:04.822,1.25745,1.25765,6.20,2.50
2010.04.27 05:35:08.667,1.25745,1.25765,7.80,2.50
2010.04.27 05:35:08.725,1.25745,1.25765,8.50,2.50
2010.04.27 05:35:08.772,1.25745,1.25765,10.10,2.50
2010.04.27 05:35:08.826,1.2575,1.25765,1.00,2.50
2010.04.27 05:35:09.210,1.25755,1.2577,1.00,3.30
2010.04.27 05:35:09.540,1.25755,1.25775,4.40,1.00
2010.04.27 05:35:09.868,1.25755,1.25775,6.00,1.00
2010.04.27 05:35:16.932,1.25755,1.25775,3.60,1.00
2010.04.27 05:35:17.163,1.2575,1.25775,4.70,8.90
2010.04.27 05:35:17.289,1.2575,1.25775,3.50,16.10
2010.04.27 05:35:17.406,1.2575,1.2577,1.50,1.70
2010.04.27 05:35:17.525,1.2575,1.2577,1.00,1.70
2010.04.27 05:35:17.763,1.25745,1.2577,10.60,3.30
2010.04.27 05:35:18.005,1.2575,1.2577,7.20,2.50
2010.04.27 05:35:18.244,1.25755,1.2577,1.60,2.50
2010.04.27 05:35:18.555,1.25755,1.25775,4.40,2.50
2010.04.27 05:35:19.046,1.25755,1.2577,1.20,2.50
2010.04.27 05:35:19.365,1.25755,1.2577,1.00,2.50
2010.04.27 05:35:20.105,1.25745,1.2577,10.10,3.30
2010.04.27 05:35:20.252,1.25745,1.2577,10.50,3.30
2010.04.27 05:35:20.403,1.25745,1.2577,10.10,3.30
2010.04.27 05:35:21.605,1.25745,1.25765,5.40,1.00
2010.04.27 05:35:21.713,1.25745,1.25765,1.40,3.30
2010.04.27 05:35:22.027,1.25745,1.25765,1.00,3.30
2010.04.27 05:35:22.148,1.25745,1.2576,1.00,1.00
2010.04.27 05:35:23.692,1.25745,1.2576,1.00,1.70
2010.04.27 05:35:24.492,1.2574,1.2576,5.40,1.70
2010.04.27 05:35:24.909,1.2574,1.2576,3.00,3.30
2010.04.27 05:35:27.792,1.25735,1.2576,19.90,5.70
2010.04.27 05:35:27.870,1.25735,1.25755,19.90,1.00
2010.04.27 05:35:27.954,1.25735,1.25755,7.50,1.70
2010.04.27 05:35:28.277,1.25735,1.25755,3.50,1.70
2010.04.27 05:35:28.440,1.25735,1.25755,3.50,3.30
2010.04.27 05:35:28.947,1.25735,1.2575,1.00,1.00
2010.04.27 05:35:29.282,1.2573,1.2575,5.10,1.70
2010.04.27 05:35:29.611,1.2573,1.2575,3.50,1.70
2010.04.27 05:35:30.157,1.25735,1.2575,1.00,1.00
2010.04.27 05:35:30.517,1.2574,1.2575,2.40,1.00
2010.04.27 05:35:30.696,1.2574,1.25755,1.00,1.00
2010.04.27 05:35:31.324,1.2574,1.2576,5.60,1.00
2010.04.27 05:35:31.645,1.25745,1.25765,1.00,3.30
2010.04.27 05:35:31.960,1.25745,1.2576,1.00,1.00
2010.04.27 05:35:34.120,1.25745,1.25765,1.00,3.30
2010.04.27 05:35:35.518,1.2574,1.2576,7.90,1.00
2010.04.27 05:35:35.598,1.2574,1.2576,5.50,1.00
2010.04.27 05:35:35.708,1.2574,1.2576,5.10,1.00
2010.04.27 05:35:40.220,1.2574,1.25765,5.10,10.50
2010.04.27 05:35:40.339,1.2574,1.25765,7.50,9.70
2010.04.27 05:35:40.457,1.2574,1.25765,9.90,9.70
2010.04.27 05:35:40.519,1.2574,1.25765,17.90,9.70
2010.04.27 05:35:44.027,1.25745,1.25765,1.00,9.70
2010.04.27 05:35:45.247,1.25745,1.25765,1.00,8.10
2010.04.27 05:35:45.357,1.25745,1.25765,1.40,6.50
2010.04.27 05:35:45.416,1.25745,1.25765,2.20,4.90
2010.04.27 05:35:45.479,1.25745,1.25765,6.20,4.90
2010.04.27 05:35:45.506,1.25745,1.25765,8.60,2.50
2010.04.27 05:35:45.706,1.25745,1.25765,9.40,1.00
2010.04.27 05:35:46.050,1.25755,1.2577,1.00,2.50
2010.04.27 05:35:47.406,1.2575,1.2577,5.00,3.30
2010.04.27 05:35:47.569,1.25755,1.2577,1.00,7.70
2010.04.27 05:35:47.887,1.25755,1.2577,1.00,1.70
2010.04.27 05:35:48.269,1.25755,1.2577,1.00,1.00
2010.04.27 05:35:50.286,1.2575,1.2577,1.00,4.10
2010.04.27 05:35:50.566,1.2575,1.2577,1.00,5.30
2010.04.27 05:35:50.845,1.2575,1.2577,1.00,6.90
2010.04.27 05:35:55.592,1.2575,1.2577,1.00,8.50
2010.04.27 05:35:55.643,1.2575,1.25765,1.00,1.60
2010.04.27 05:35:55.693,1.25745,1.25765,15.50,1.60
2010.04.27 05:35:55.747,1.25745,1.25765,15.50,4.00
2010.04.27 05:35:56.139,1.25745,1.25765,4.10,5.60
2010.04.27 05:35:56.486,1.25745,1.25765,4.10,6.50
2010.04.27 05:35:58.287,1.25745,1.25765,4.90,4.90
2010.04.27 05:35:58.392,1.25745,1.25765,8.90,4.90
2010.04.27 05:35:58.455,1.25745,1.2576,10.50,2.40
2010.04.27 05:35:58.514,1.25745,1.2576,11.30,2.40
2010.04.27 05:35:58.575,1.25745,1.25765,11.40,5.30
2010.04.27 05:35:58.634,1.25745,1.25765,5.00,13.30
2010.04.27 05:35:58.694,1.25745,1.25765,5.70,12.40
2010.04.27 05:35:58.803,1.25745,1.25765,5.70,4.40
2010.04.27 05:35:58.862,1.25745,1.25765,3.30,4.40
2010.04.27 05:35:59.164,1.25745,1.25765,11.30,4.00
2010.04.27 05:35:59.463,1.25745,1.25765,13.70,4.00
2010.04.27 05:36:00.180,1.25745,1.25765,13.70,2.40
2010.04.27 05:36:00.233,1.2575,1.2577,3.20,6.10
2010.04.27 05:36:00.293,1.2575,1.2577,3.80,5.70
2010.04.27 05:36:00.354,1.2575,1.2577,5.40,1.70
2010.04.27 05:36:00.414,1.2575,1.2577,10.20,1.70
2010.04.27 05:36:00.477,1.2575,1.2577,8.60,1.00
2010.04.27 05:36:00.533,1.2575,1.2577,9.40,1.00
2010.04.27 05:36:00.592,1.2575,1.2577,11.80,1.00
2010.04.27 05:36:00.702,1.2575,1.2577,12.20,1.00
2010.04.27 05:36:00.764,1.2575,1.2577,13.80,1.00
2010.04.27 05:36:00.873,1.2575,1.25775,16.20,6.50
2010.04.27 05:36:03.213,1.25755,1.25775,4.00,2.50
2010.04.27 05:36:03.412,1.25755,1.25775,4.60,2.50
2010.04.27 05:36:03.512,1.25755,1.25775,3.80,3.30
2010.04.27 05:36:03.615,1.25755,1.25775,3.80,4.10
2010.04.27 05:36:03.713,1.2575,1.25775,14.60,5.70
2010.04.27 05:36:03.813,1.2575,1.25775,14.30,5.70
2010.04.27 05:36:05.711,1.25755,1.25775,2.40,5.70
2010.04.27 05:36:05.893,1.2576,1.25775,1.00,2.50
2010.04.27 05:36:05.985,1.2576,1.25785,2.40,18.90
2010.04.27 05:36:06.255,1.2576,1.2578,4.80,3.30
2010.04.27 05:36:06.606,1.2576,1.2578,3.80,3.20
2010.04.27 05:36:07.291,1.2576,1.2578,1.60,6.40
2010.04.27 05:36:07.632,1.2576,1.2578,1.00,6.40
2010.04.27 05:36:08.470,1.2576,1.2578,1.20,6.40
2010.04.27 05:36:09.202,1.2576,1.2578,2.00,6.40
2010.04.27 05:36:09.311,1.2576,1.2578,1.20,6.40
2010.04.27 05:36:10.131,1.2576,1.2578,7.60,3.20
2010.04.27 05:36:10.271,1.2576,1.2578,7.60,2.40
2010.04.27 05:36:10.576,1.2576,1.2578,10.00,1.00
2010.04.27 05:36:10.743,1.2576,1.25785,10.90,5.60
2010.04.27 05:36:11.002,1.25765,1.25785,1.00,4.80
2010.04.27 05:36:16.490,1.25765,1.25785,2.40,4.80
2010.04.27 05:36:16.833,1.25765,1.25785,12.80,4.80
2010.04.27 05:36:18.256,1.2577,1.25785,1.00,3.20
2010.04.27 05:36:18.521,1.2577,1.2579,1.00,4.00
2010.04.27 05:36:19.739,1.25765,1.2579,16.00,9.60
2010.04.27 05:36:19.952,1.25765,1.2578,8.00,1.00
2010.04.27 05:36:20.161,1.2576,1.2578,4.80,1.00
2010.04.27 05:36:20.658,1.25765,1.2578,1.00,1.60
2010.04.27 05:36:20.822,1.25765,1.25785,1.00,4.80
2010.04.27 05:36:20.981,1.25765,1.25785,2.40,4.80
2010.04.27 05:36:21.138,1.25765,1.25785,2.40,4.00
2010.04.27 05:36:21.692,1.25765,1.25785,1.60,8.00
2010.04.27 05:36:21.929,1.25765,1.25785,1.60,7.20
2010.04.27 05:36:22.341,1.2576,1.2578,5.60,1.60
2010.04.27 05:36:22.575,1.2576,1.2578,6.00,1.60
2010.04.27 05:36:27.895,1.2576,1.2578,5.20,1.60
2010.04.27 05:36:29.048,1.2576,1.2578,5.60,1.60
2010.04.27 05:36:30.758,1.2576,1.2578,4.00,1.60
2010.04.27 05:36:30.831,1.2576,1.2578,2.40,2.40
2010.04.27 05:36:30.910,1.2576,1.2578,2.00,3.70
2010.04.27 05:36:30.997,1.2576,1.2578,2.80,5.30
2010.04.27 05:36:31.074,1.2576,1.2578,2.80,2.90
2010.04.27 05:36:31.387,1.25765,1.2578,1.00,11.60
2010.04.27 05:36:31.747,1.25765,1.2578,1.00,1.60
2010.04.27 05:36:34.484,1.2576,1.2578,5.60,5.60
2010.04.27 05:36:34.586,1.2576,1.2578,5.20,8.00
2010.04.27 05:36:34.846,1.2576,1.2578,5.20,9.60
2010.04.27 05:36:34.950,1.2576,1.2578,2.80,9.60
2010.04.27 05:36:35.843,1.2576,1.2578,2.00,10.40
2010.04.27 05:36:35.955,1.2576,1.2578,1.00,10.40
2010.04.27 05:36:38.025,1.2576,1.2578,1.20,10.40
2010.04.27 05:36:38.172,1.2576,1.2578,1.20,6.40
2010.04.27 05:36:38.310,1.2576,1.2578,4.00,3.20
2010.04.27 05:36:39.459,1.2576,1.2578,4.00,5.60
2010.04.27 05:36:39.666,1.2576,1.25775,1.60,10.40
2010.04.27 05:36:39.865,1.25755,1.2577,1.00,4.00
2010.04.27 05:36:40.057,1.2575,1.25765,1.00,1.00
2010.04.27 05:36:40.245,1.25745,1.25765,1.80,3.60
2010.04.27 05:36:42.585,1.25745,1.2577,5.00,6.00
2010.04.27 05:36:46.480,1.2575,1.2577,1.00,5.20
2010.04.27 05:36:46.642,1.2575,1.2577,1.00,2.80
2010.04.27 05:36:46.783,1.2575,1.2577,1.00,2.40
2010.04.27 05:36:46.922,1.25745,1.2577,5.80,7.20
2010.04.27 05:36:47.061,1.25745,1.2577,5.00,7.60
2010.04.27 05:37:01.059,1.25745,1.25765,4.20,1.00
2010.04.27 05:37:01.300,1.25745,1.25765,1.00,1.00
2010.04.27 05:37:01.538,1.25745,1.25765,1.00,4.00
2010.04.27 05:37:01.779,1.25745,1.25765,1.00,4.80
2010.04.27 05:37:02.638,1.25745,1.25765,1.00,8.80
2010.04.27 05:37:02.827,1.25745,1.25765,1.00,11.20
2010.04.27 05:37:10.488,1.25745,1.25765,4.00,10.40
2010.04.27 05:37:10.614,1.25745,1.25765,2.40,4.00
2010.04.27 05:37:11.125,1.25745,1.25765,2.40,2.40
2010.04.27 05:37:11.246,1.25745,1.25765,2.40,1.00
2010.04.27 05:37:11.707,1.25745,1.2577,8.00,6.80
2010.04.27 05:37:12.046,1.25745,1.2577,10.00,2.40
2010.04.27 05:37:15.296,1.25745,1.25765,5.20,1.00
2010.04.27 05:37:15.561,1.25745,1.25765,4.80,1.00
2010.04.27 05:37:16.508,1.25745,1.2577,6.40,9.20
2010.04.27 05:37:16.884,1.25745,1.2577,5.60,10.00
2010.04.27 05:37:17.084,1.25745,1.25765,2.40,1.00
2010.04.27 05:37:17.277,1.25745,1.25765,1.00,4.00
2010.04.27 05:37:17.660,1.25745,1.25765,1.00,3.20
2010.04.27 05:37:17.923,1.25745,1.25765,2.40,3.20
2010.04.27 05:37:18.274,1.25745,1.25765,4.00,1.60
2010.04.27 05:37:19.865,1.25745,1.25765,4.00,2.40
2010.04.27 05:37:20.137,1.25745,1.25765,1.00,5.60
2010.04.27 05:37:21.207,1.25745,1.25765,1.00,8.00
2010.04.27 05:37:22.106,1.25745,1.25765,2.40,2.40
2010.04.27 05:37:22.707,1.25745,1.25765,1.00,4.00
2010.04.27 05:37:23.344,1.25745,1.25765,4.80,3.20
2010.04.27 05:37:23.863,1.25745,1.25765,3.20,3.20
2010.04.27 05:37:24.970,1.25745,1.25765,3.20,4.00
2010.04.27 05:37:25.061,1.25745,1.25765,1.00,4.00
2010.04.27 05:37:25.511,1.25745,1.25765,1.00,5.60
2010.04.27 05:37:26.881,1.2574,1.25765,4.40,8.80
2010.04.27 05:37:27.062,1.2574,1.25765,3.60,13.20
2010.04.27 05:37:27.244,1.2574,1.25765,3.60,18.80
2010.04.27 05:37:27.433,1.2574,1.25765,3.60,10.80
2010.04.27 05:37:27.613,1.2574,1.25765,3.20,10.80
2010.04.27 05:37:28.341,1.2574,1.25765,4.00,9.20
2010.04.27 05:37:51.036,1.2574,1.25765,5.60,9.20
2010.04.27 05:37:51.336,1.2574,1.25765,5.60,11.60
2010.04.27 05:37:51.636,1.2574,1.25765,5.60,19.60
2010.04.27 05:38:12.553,1.25745,1.25765,2.40,14.40
2010.04.27 05:38:12.887,1.25745,1.25765,2.40,12.00
2010.04.27 05:38:13.032,1.2575,1.25765,1.60,1.00
2010.04.27 05:38:28.486,1.25745,1.25765,4.80,1.00
2010.04.27 05:38:28.632,1.25745,1.25765,4.00,2.40
2010.04.27 05:38:36.387,1.25745,1.25765,4.80,1.00
2010.04.27 05:38:40.373,1.2575,1.25765,1.60,1.00
2010.04.27 05:38:44.165,1.2575,1.2577,1.60,8.40
2010.04.27 05:38:48.944,1.2575,1.2577,2.40,7.60
2010.04.27 05:38:49.075,1.2575,1.2577,3.20,1.00
2010.04.27 05:38:51.663,1.2575,1.2577,7.20,1.00
2010.04.27 05:38:51.905,1.25755,1.25775,2.40,2.40
2010.04.27 05:38:54.000,1.2576,1.25775,3.20,1.60
2010.04.27 05:38:54.200,1.25765,1.2578,1.00,1.60
2010.04.27 05:38:54.408,1.25765,1.25785,1.00,4.00
2010.04.27 05:38:54.607,1.25765,1.25785,2.40,2.40
2010.04.27 05:38:57.694,1.25765,1.25785,7.60,1.60
2010.04.27 05:38:58.122,1.2577,1.2579,1.00,6.40
2010.04.27 05:38:58.308,1.2577,1.2579,1.00,4.00
2010.04.27 05:38:59.014,1.25765,1.2579,9.20,3.20
2010.04.27 05:38:59.425,1.25765,1.2579,5.60,12.40
2010.04.27 05:38:59.777,1.25765,1.2579,4.80,10.80
2010.04.27 05:39:00.300,1.25765,1.2579,4.80,14.00
2010.04.27 05:39:00.442,1.25765,1.25785,4.00,4.80
2010.04.27 05:39:00.583,1.25765,1.25785,1.80,4.80
2010.04.27 05:39:00.790,1.25765,1.25785,1.80,5.60
2010.04.27 05:39:02.971,1.25765,1.2578,1.80,1.00
2010.04.27 05:39:03.396,1.25765,1.2578,1.60,1.00
2010.04.27 05:39:03.592,1.25765,1.25785,1.60,9.60
2010.04.27 05:39:03.790,1.25765,1.25785,1.60,7.20
2010.04.27 05:39:04.389,1.25765,1.2578,1.60,1.00
2010.04.27 05:39:05.388,1.25765,1.25785,2.40,10.80
2010.04.27 05:39:05.759,1.25765,1.25785,2.40,13.60
2010.04.27 05:39:05.931,1.2576,1.25775,4.40,1.00
2010.04.27 05:39:06.096,1.2576,1.25775,1.00,1.60
2010.04.27 05:39:06.254,1.25755,1.25775,4.60,1.60
2010.04.27 05:39:06.409,1.2576,1.25775,1.60,2.40
2010.04.27 05:39:06.561,1.2576,1.25775,1.60,1.00
2010.04.27 05:39:07.498,1.25765,1.2578,1.60,1.00
2010.04.27 05:39:08.000,1.25765,1.25775,1.60,1.00
2010.04.27 05:39:08.258,1.2576,1.25775,1.60,1.00
2010.04.27 05:39:13.859,1.2576,1.2578,1.60,5.60
2010.04.27 05:39:13.949,1.2576,1.2578,1.60,1.60
2010.04.27 05:39:14.450,1.2576,1.2578,4.00,1.00
2010.04.27 05:39:14.697,1.2576,1.2578,4.80,1.00
2010.04.27 05:39:15.250,1.25765,1.2578,1.60,1.00
2010.04.27 05:39:19.174,1.25765,1.25785,1.60,16.40
2010.04.27 05:39:19.266,1.25765,1.25785,1.60,12.80
2010.04.27 05:39:19.514,1.25765,1.25785,1.60,8.80
2010.04.27 05:39:21.494,1.25765,1.2578,1.60,1.00
2010.04.27 05:39:26.402,1.2576,1.2578,4.00,1.60
2010.04.27 05:39:26.544,1.2576,1.2578,2.40,1.60
2010.04.27 05:39:26.813,1.2576,1.2578,2.40,3.20
2010.04.27 05:39:26.953,1.2576,1.2578,1.60,3.20
2010.04.27 05:39:27.133,1.2576,1.2578,1.60,2.40
2010.04.27 05:39:28.559,1.2576,1.2578,1.60,6.40
2010.04.27 05:39:28.898,1.25755,1.25775,5.20,5.60
2010.04.27 05:39:29.240,1.25755,1.2577,4.00,1.00
2010.04.27 05:39:29.453,1.2575,1.2577,4.80,1.00
2010.04.27 05:39:29.673,1.2575,1.2577,4.40,1.00
2010.04.27 05:39:32.453,1.25755,1.2577,1.60,1.00
2010.04.27 05:39:33.839,1.2575,1.25765,2.40,1.00
2010.04.27 05:39:34.098,1.25745,1.2576,2.40,3.20
2010.04.27 05:39:34.364,1.2574,1.2576,2.00,4.40
2010.04.27 05:39:34.648,1.2574,1.2576,2.00,6.80
2010.04.27 05:39:34.908,1.2574,1.2576,1.60,7.20
2010.04.27 05:39:35.253,1.2574,1.2576,3.20,7.20
2010.04.27 05:39:36.611,1.2574,1.2576,3.20,6.40
2010.04.27 05:39:36.954,1.2574,1.25755,3.20,1.60
2010.04.27 05:39:37.195,1.2574,1.2576,3.20,5.60
2010.04.27 05:39:37.678,1.2574,1.2576,3.20,7.20
2010.04.27 05:39:39.270,1.2574,1.2576,3.20,6.80
2010.04.27 05:39:42.408,1.2574,1.2576,3.20,5.20
2010.04.27 05:39:43.858,1.2574,1.2576,3.20,6.80
2010.04.27 05:39:43.979,1.2574,1.25755,3.20,3.20
2010.04.27 05:39:44.161,1.25735,1.25755,3.40,4.80
2010.04.27 05:39:44.339,1.25735,1.25755,3.40,5.20
2010.04.27 05:39:44.689,1.25735,1.25755,3.40,5.40
2010.04.27 05:39:50.300,1.25735,1.25755,3.40,5.20
2010.04.27 05:39:55.626,1.25735,1.25755,4.20,5.20
2010.04.27 05:39:55.838,1.25735,1.25755,8.20,4.80
2010.04.27 05:39:55.889,1.25735,1.25755,8.20,2.40
2010.04.27 05:39:55.937,1.25735,1.25755,12.20,2.40
2010.04.27 05:39:56.038,1.25735,1.25755,14.60,2.40
2010.04.27 05:39:58.146,1.25735,1.25755,16.20,2.40
2010.04.27 05:39:58.695,1.25735,1.25755,14.60,2.40
2010.04.27 05:39:59.754,1.25735,1.25755,12.20,2.40
2010.04.27 05:40:00.307,1.25735,1.25755,12.20,1.00
2010.04.27 05:40:00.396,1.2574,1.25755,1.60,1.00
2010.04.27 05:40:00.488,1.2574,1.2576,1.60,3.20
2010.04.27 05:40:00.674,1.2574,1.2576,1.60,2.40
2010.04.27 05:40:08.714,1.2574,1.2576,1.60,3.60
2010.04.27 05:40:08.926,1.25735,1.25755,4.20,4.00
2010.04.27 05:40:09.087,1.25735,1.25755,3.40,4.80
2010.04.27 05:40:09.245,1.25735,1.25755,3.40,5.20
2010.04.27 05:40:15.265,1.25735,1.25755,1.80,5.20
2010.04.27 05:40:15.353,1.25735,1.25755,1.80,6.00
2010.04.27 05:40:15.823,1.2573,1.2575,4.00,1.00
2010.04.27 05:40:15.985,1.2573,1.2575,4.00,4.80
2010.04.27 05:40:16.076,1.2573,1.2575,3.20,8.00
2010.04.27 05:40:16.424,1.2573,1.25745,1.60,4.00
2010.04.27 05:40:16.774,1.25725,1.25745,3.40,4.80
2010.04.27 05:40:20.764,1.25725,1.25745,3.40,6.40
2010.04.27 05:40:20.820,1.25725,1.25735,3.40,2.40
2010.04.27 05:40:20.883,1.25725,1.25735,1.80,2.40
2010.04.27 05:40:20.942,1.25725,1.25735,1.00,8.00
2010.04.27 05:40:21.002,1.25725,1.25735,1.00,10.80
2010.04.27 05:40:21.061,1.2572,1.25735,1.60,10.80
2010.04.27 05:40:21.121,1.2572,1.2573,1.60,4.00
2010.04.27 05:40:21.467,1.2572,1.2573,4.00,4.00
2010.04.27 05:40:21.529,1.2572,1.2574,3.20,3.60
2010.04.27 05:40:21.594,1.2572,1.25735,1.60,1.00
2010.04.27 05:40:21.995,1.25715,1.25735,18.40,1.60
2010.04.27 05:40:22.343,1.25715,1.25735,12.80,1.60
2010.04.27 05:40:22.717,1.25715,1.25735,9.60,4.80
2010.04.27 05:40:22.954,1.2571,1.2573,4.50,1.00
2010.04.27 05:40:23.191,1.2571,1.2573,4.00,1.00
2010.04.27 05:40:23.910,1.2571,1.2573,3.20,4.00
2010.04.27 05:40:24.251,1.2571,1.2573,3.20,10.00
2010.04.27 05:40:24.590,1.2571,1.2573,3.20,8.00
2010.04.27 05:40:25.309,1.2571,1.2573,4.00,5.60
2010.04.27 05:40:25.478,1.2571,1.2573,2.40,7.20
2010.04.27 05:40:25.574,1.2571,1.2573,1.60,8.00
2010.04.27 05:40:25.749,1.2571,1.2573,1.60,7.60
2010.04.27 05:40:25.839,1.2571,1.2573,3.20,7.60
2010.04.27 05:40:26.510,1.25715,1.25725,1.60,2.40
2010.04.27 05:40:26.852,1.25715,1.25735,1.60,3.60
2010.04.27 05:40:27.918,1.25715,1.25735,1.60,6.00
2010.04.27 05:40:28.104,1.25715,1.25735,1.60,12.40
2010.04.27 05:40:28.290,1.25715,1.25735,2.40,2.80
2010.04.27 05:40:30.258,1.25715,1.25735,4.00,2.80
2010.04.27 05:40:31.400,1.2571,1.2573,8.80,1.00
2010.04.27 05:40:31.573,1.2571,1.2573,4.80,1.00
2010.04.27 05:40:37.618,1.25715,1.25735,1.00,9.40
2010.04.27 05:40:37.797,1.25715,1.25735,2.40,2.40
2010.04.27 05:40:37.975,1.25715,1.25735,2.40,1.00
2010.04.27 05:40:38.156,1.25715,1.25735,3.20,1.00
2010.04.27 05:40:38.863,1.25715,1.2573,1.60,1.00
2010.04.27 05:40:39.208,1.25705,1.25725,8.80,1.60
2010.04.27 05:40:39.549,1.25705,1.25725,5.60,1.60
2010.04.27 05:40:40.114,1.25705,1.25725,6.40,1.60
2010.04.27 05:40:40.683,1.2571,1.25725,2.40,1.60
2010.04.27 05:40:40.872,1.2571,1.2573,2.40,1.80
2010.04.27 05:40:41.236,1.2571,1.2573,6.40,1.80
2010.04.27 05:40:41.418,1.25715,1.2573,1.00,1.60
2010.04.27 05:40:42.312,1.2572,1.2574,12.00,2.40
2010.04.27 05:40:42.661,1.2572,1.2574,12.40,1.60
2010.04.27 05:40:42.890,1.25725,1.2574,1.60,1.60
2010.04.27 05:40:44.114,1.25725,1.25745,1.60,5.20
2010.04.27 05:40:44.427,1.25725,1.25745,3.20,3.60
2010.04.27 05:40:44.738,1.2572,1.2574,6.80,2.40
2010.04.27 05:40:44.836,1.2572,1.2574,6.40,2.40
2010.04.27 05:40:44.955,1.2572,1.2574,5.60,2.40
2010.04.27 05:40:45.078,1.2572,1.2574,5.60,2.60
2010.04.27 05:40:46.259,1.2572,1.2574,13.60,1.00
2010.04.27 05:40:46.512,1.25725,1.25745,1.60,7.60
2010.04.27 05:40:47.105,1.25725,1.25745,3.20,5.60
2010.04.27 05:40:47.447,1.25725,1.25745,4.00,2.40
2010.04.27 05:40:47.786,1.2573,1.25745,1.60,1.00
2010.04.27 05:40:48.933,1.2573,1.25755,14.40,6.80
2010.04.27 05:40:49.066,1.2573,1.25755,10.40,14.80
2010.04.27 05:40:49.194,1.25735,1.25755,1.60,17.20
2010.04.27 05:40:49.328,1.25735,1.25755,1.60,5.60
2010.04.27 05:40:51.086,1.25735,1.25755,1.60,2.40
2010.04.27 05:40:51.246,1.25735,1.25755,9.60,2.40
2010.04.27 05:40:51.403,1.25735,1.25755,10.40,4.80
2010.04.27 05:40:51.660,1.25735,1.25755,10.40,3.20
2010.04.27 05:40:51.820,1.25735,1.25755,2.40,1.00
2010.04.27 05:40:51.977,1.25735,1.25755,2.40,2.40
2010.04.27 05:40:52.816,1.25735,1.2576,8.80,10.00
2010.04.27 05:40:53.229,1.25735,1.25755,11.20,1.00
2010.04.27 05:40:53.510,1.2574,1.2576,14.80,1.60
2010.04.27 05:40:53.787,1.25745,1.2576,2.40,1.60
2010.04.27 05:40:54.069,1.2575,1.25765,1.00,1.60
2010.04.27 05:40:54.487,1.25745,1.25765,4.80,2.40
2010.04.27 05:40:54.840,1.25745,1.25765,1.60,5.20
2010.04.27 05:40:55.189,1.25745,1.2576,1.60,1.00
2010.04.27 05:40:56.482,1.2574,1.2576,4.80,1.00
2010.04.27 05:40:57.735,1.2575,1.25765,1.00,7.60
2010.04.27 05:40:57.906,1.2575,1.25765,2.40,1.60
2010.04.27 05:40:58.279,1.2575,1.2577,2.40,4.00
2010.04.27 05:40:58.462,1.25745,1.25765,5.20,1.00
2010.04.27 05:40:58.637,1.25745,1.25765,4.00,1.00
2010.04.27 05:40:58.991,1.2574,1.25765,5.20,13.80
2010.04.27 05:40:59.341,1.2574,1.2576,4.80,1.60
2010.04.27 05:41:00.034,1.2574,1.2576,2.40,3.20
2010.04.27 05:41:00.253,1.2574,1.2576,1.60,8.20
2010.04.27 05:41:00.479,1.2574,1.2576,1.60,3.00
2010.04.27 05:41:00.693,1.2574,1.2576,1.60,2.60
2010.04.27 05:41:02.500,1.2574,1.25755,1.60,1.00
2010.04.27 05:41:02.755,1.2574,1.25755,1.60,2.40
2010.04.27 05:41:03.013,1.2574,1.2576,1.60,3.20
2010.04.27 05:41:03.303,1.2574,1.2576,2.40,2.40
2010.04.27 05:41:03.594,1.25745,1.25765,3.20,5.20
2010.04.27 05:41:03.889,1.2575,1.2577,1.00,10.80
2010.04.27 05:41:04.176,1.25755,1.25775,2.40,15.00
2010.04.27 05:41:05.009,1.25755,1.25775,2.40,13.40
2010.04.27 05:41:05.293,1.25755,1.25775,9.60,1.80
2010.04.27 05:41:05.504,1.2576,1.2578,1.00,12.60
2010.04.27 05:41:05.714,1.2576,1.2578,2.40,4.20
2010.04.27 05:41:05.921,1.2576,1.2578,1.00,3.40
2010.04.27 05:41:06.684,1.2576,1.2578,1.00,11.20
2010.04.27 05:41:07.105,1.25755,1.2578,19.20,5.60
2010.04.27 05:41:07.448,1.25755,1.25775,2.40,4.80
2010.04.27 05:41:07.662,1.25755,1.25775,1.60,10.60
2010.04.27 05:41:07.884,1.25755,1.25775,2.40,5.60
2010.04.27 05:41:08.105,1.2575,1.2577,4.80,1.00
2010.04.27 05:41:08.545,1.2575,1.2577,2.40,1.00
2010.04.27 05:41:08.843,1.2575,1.2577,1.00,4.00
2010.04.27 05:41:10.966,1.2576,1.25775,1.60,13.20
2010.04.27 05:41:11.372,1.25755,1.2577,13.60,1.60
2010.04.27 05:41:11.557,1.25755,1.25775,1.00,3.40
2010.04.27 05:41:11.733,1.25755,1.25775,1.00,7.80
2010.04.27 05:41:12.244,1.25755,1.25775,1.00,10.20
2010.04.27 05:41:13.732,1.25755,1.25775,3.20,10.00
2010.04.27 05:41:13.931,1.25755,1.25775,4.80,10.00
2010.04.27 05:41:17.958,1.25755,1.25775,4.80,11.00
2010.04.27 05:41:18.118,1.25755,1.25775,4.80,14.60
2010.04.27 05:41:18.361,1.25755,1.25775,4.80,16.20
2010.04.27 05:41:20.375,1.25755,1.25775,4.80,14.60
2010.04.27 05:41:20.451,1.25755,1.25775,5.60,11.20
2010.04.27 05:41:20.829,1.25755,1.2578,6.00,13.20
2010.04.27 05:41:20.850,1.25755,1.2578,6.00,12.40
2010.04.27 05:41:21.271,1.25755,1.2578,8.40,12.40
2010.04.27 05:41:25.034,1.25755,1.2578,7.60,12.40
2010.04.27 05:41:39.487,1.2576,1.2578,1.00,12.40
2010.04.27 05:41:39.586,1.2576,1.2578,1.00,10.40
2010.04.27 05:41:39.774,1.2576,1.2578,1.00,8.00
2010.04.27 05:41:39.871,1.2576,1.2578,1.00,4.00
2010.04.27 05:41:43.298,1.25755,1.25775,5.20,1.60
2010.04.27 05:41:43.654,1.25755,1.25775,4.80,7.60
2010.04.27 05:41:43.892,1.2575,1.2577,1.00,8.00
2010.04.27 05:41:44.234,1.2575,1.25765,1.00,1.60
2010.04.27 05:41:58.120,1.2575,1.2577,1.00,10.40
2010.04.27 05:41:58.320,1.2575,1.2577,2.40,2.40
2010.04.27 05:41:59.568,1.25755,1.25775,1.00,20.60
2010.04.27 05:41:59.689,1.25755,1.25775,7.20,12.40
2010.04.27 05:41:59.810,1.25755,1.25775,8.80,4.40
2010.04.27 05:41:59.929,1.2576,1.25775,1.00,1.60
2010.04.27 05:42:01.754,1.2576,1.2578,1.00,4.80
2010.04.27 05:42:02.017,1.2576,1.2578,1.00,4.00
2010.04.27 05:42:02.209,1.25755,1.2578,10.00,10.60
2010.04.27 05:42:02.396,1.25755,1.2578,10.00,14.60
2010.04.27 05:42:02.585,1.25755,1.2578,10.00,17.10
2010.04.27 05:42:02.777,1.25755,1.25775,6.40,9.00
2010.04.27 05:42:02.967,1.25755,1.25775,9.20,12.20
2010.04.27 05:42:03.156,1.25755,1.25775,9.20,1.60
2010.04.27 05:42:03.497,1.25755,1.2578,10.00,10.60
2010.04.27 05:42:04.359,1.2576,1.2578,2.40,10.60
2010.04.27 05:42:04.538,1.2576,1.2578,2.40,4.00
2010.04.27 05:42:04.716,1.2576,1.2578,2.40,2.40
2010.04.27 05:42:04.898,1.2576,1.2578,6.00,1.60
2010.04.27 05:42:05.255,1.25765,1.2578,1.60,1.60
2010.04.27 05:42:07.604,1.25765,1.2578,1.60,2.40
2010.04.27 05:42:07.746,1.25765,1.2578,1.60,6.40
2010.04.27 05:42:07.815,1.25755,1.2578,10.80,16.80
2010.04.27 05:42:08.111,1.2576,1.2578,1.00,19.40
2010.04.27 05:42:08.191,1.25755,1.2578,9.20,15.80
2010.04.27 05:42:08.455,1.25755,1.2578,9.20,19.90
2010.04.27 05:42:08.794,1.25755,1.2578,8.80,19.90
2010.04.27 05:42:10.493,1.2576,1.2578,1.00,10.30
2010.04.27 05:42:10.625,1.2576,1.2578,2.40,5.80
2010.04.27 05:42:10.753,1.2576,1.2578,4.00,4.00
2010.04.27 05:42:11.059,1.2576,1.2578,4.00,2.40
2010.04.27 05:42:11.197,1.2576,1.25785,4.00,10.40
2010.04.27 05:42:11.334,1.2576,1.25785,4.80,10.40
2010.04.27 05:42:11.596,1.2576,1.25785,8.00,5.60
2010.04.27 05:42:11.937,1.2576,1.25785,10.80,9.60
2010.04.27 05:42:12.288,1.2576,1.2578,5.60,1.00
2010.04.27 05:42:12.639,1.25765,1.25785,2.40,6.40
2010.04.27 05:42:12.886,1.25765,1.25785,2.40,4.00
2010.04.27 05:42:13.377,1.25765,1.25785,5.60,2.40
2010.04.27 05:42:13.628,1.2577,1.2579,1.60,21.20
2010.04.27 05:42:13.889,1.2578,1.2579,1.00,1.60
2010.04.27 05:42:14.150,1.2578,1.25795,2.00,1.00
2010.04.27 05:42:14.411,1.25775,1.25795,2.00,7.20
2010.04.27 05:42:14.665,1.25775,1.25795,2.00,9.20
2010.04.27 05:42:15.082,1.25775,1.25795,7.60,3.20
2010.04.27 05:42:15.336,1.2578,1.25795,1.00,3.20
2010.04.27 05:42:15.598,1.25775,1.25795,9.20,3.20
2010.04.27 05:42:15.861,1.2578,1.25795,1.60,5.60
2010.04.27 05:42:15.977,1.2578,1.25795,1.60,1.60
2010.04.27 05:42:16.084,1.25775,1.258,18.00,6.40
2010.04.27 05:42:16.195,1.2578,1.258,1.00,12.80
2010.04.27 05:42:16.306,1.2578,1.258,2.40,8.80
2010.04.27 05:42:16.658,1.2578,1.258,2.40,4.80
2010.04.27 05:42:16.763,1.2578,1.258,2.40,2.40
2010.04.27 05:42:17.102,1.2578,1.258,4.00,1.00
2010.04.27 05:42:18.125,1.25785,1.258,3.60,2.40
2010.04.27 05:42:18.252,1.25785,1.258,1.20,2.40
2010.04.27 05:42:18.372,1.2578,1.258,2.40,2.40
2010.04.27 05:42:18.494,1.25785,1.258,1.00,1.60
2010.04.27 05:42:18.851,1.2578,1.258,6.00,1.60
2010.04.27 05:42:23.489,1.2578,1.258,3.60,1.60
2010.04.27 05:42:23.704,1.25775,1.258,10.00,9.60
2010.04.27 05:42:23.912,1.25775,1.258,10.00,10.40
2010.04.27 05:42:24.900,1.25775,1.258,10.00,10.60
2010.04.27 05:42:25.438,1.2579,1.258,1.00,6.60
2010.04.27 05:42:25.511,1.2579,1.258,1.00,2.40
2010.04.27 05:42:25.590,1.2579,1.25805,1.00,8.50
2010.04.27 05:42:25.631,1.2579,1.25805,1.00,4.50
2010.04.27 05:42:25.669,1.2579,1.25805,1.00,4.00
2010.04.27 05:42:26.764,1.2578,1.258,1.20,8.00
2010.04.27 05:42:27.031,1.2578,1.258,1.00,10.40
2010.04.27 05:42:27.304,1.25775,1.258,9.20,14.40
2010.04.27 05:42:27.561,1.25775,1.25795,9.20,1.60
2010.04.27 05:42:27.743,1.25775,1.25795,7.60,3.20
2010.04.27 05:42:27.924,1.25775,1.2579,1.20,3.20
2010.04.27 05:42:28.100,1.25775,1.2579,1.00,3.20
2010.04.27 05:42:29.700,1.2577,1.2579,4.80,6.40
2010.04.27 05:42:29.883,1.2577,1.2579,2.40,9.60
2010.04.27 05:42:30.128,1.2577,1.2579,1.00,11.20
2010.04.27 05:42:30.319,1.25765,1.2579,14.80,9.20
2010.04.27 05:42:30.500,1.25765,1.25785,4.40,8.00
2010.04.27 05:42:30.682,1.25765,1.25785,1.60,8.80
2010.04.27 05:42:30.862,1.2576,1.2578,4.00,1.00
2010.04.27 05:42:31.489,1.2576,1.2578,2.40,4.00
2010.04.27 05:42:32.348,1.2576,1.2578,4.00,1.00
2010.04.27 05:42:32.788,1.2577,1.25785,2.40,11.60
2010.04.27 05:42:33.011,1.25765,1.25785,4.00,8.80
2010.04.27 05:42:33.230,1.25765,1.25785,3.20,7.20
2010.04.27 05:42:33.667,1.25765,1.25785,6.80,7.20
2010.04.27 05:42:33.890,1.25765,1.25785,6.40,9.60
2010.04.27 05:42:34.549,1.25765,1.25785,6.40,13.60
2010.04.27 05:42:34.972,1.25765,1.25785,6.00,10.40
2010.04.27 05:42:35.183,1.25765,1.25785,6.40,13.60
2010.04.27 05:42:35.599,1.25765,1.25785,6.40,13.60
2010.04.27 05:42:36.155,1.25765,1.25785,6.40,13.60
2010.04.27 05:42:37.606,1.25765,1.25785,4.80,13.60
2010.04.27 05:42:37.789,1.2576,1.2578,4.00,2.40
2010.04.27 05:42:37.969,1.2576,1.25775,1.00,1.00
2010.04.27 05:42:38.138,1.25755,1.2577,4.40,4.00
2010.04.27 05:42:38.308,1.25755,1.25775,4.00,8.00
2010.04.27 05:42:38.477,1.2575,1.25775,9.20,8.00
2010.04.27 05:42:38.652,1.2575,1.2577,7.60,2.40
2010.04.27 05:42:38.829,1.2575,1.2577,4.40,8.80
2010.04.27 05:42:38.996,1.2575,1.2577,4.00,8.80
2010.04.27 05:42:39.496,1.2575,1.2577,4.00,4.80
2010.04.27 05:42:39.977,1.2575,1.2577,2.40,2.40
2010.04.27 05:42:40.437,1.2575,1.2577,4.00,2.40
2010.04.27 05:42:40.486,1.2575,1.2577,4.00,1.60
2010.04.27 05:42:40.538,1.2575,1.2577,4.00,3.20
2010.04.27 05:42:40.866,1.2575,1.2577,2.40,3.20
2010.04.27 05:42:41.192,1.2575,1.2577,1.00,3.20
2010.04.27 05:42:41.449,1.2575,1.25765,1.00,3.20
2010.04.27 05:42:42.738,1.25745,1.25765,7.20,3.20
2010.04.27 05:42:42.996,1.25745,1.25765,5.20,3.20
2010.04.27 05:42:44.478,1.25745,1.2576,1.00,3.20
2010.04.27 05:42:45.058,1.25745,1.2576,3.20,3.20
2010.04.27 05:42:45.188,1.25745,1.25765,4.80,3.20
2010.04.27 05:42:45.428,1.25745,1.25765,5.20,3.20
2010.04.27 05:42:48.025,1.25745,1.25765,6.80,3.20
2010.04.27 05:42:48.136,1.2575,1.25765,1.00,3.20
2010.04.27 05:43:00.342,1.2575,1.25765,2.40,3.20
2010.04.27 05:43:02.350,1.25755,1.25775,7.60,4.40
2010.04.27 05:43:02.657,1.25755,1.25775,7.60,3.20
2010.04.27 05:43:07.470,1.25755,1.25775,6.00,4.80
2010.04.27 05:43:07.623,1.25755,1.25775,2.40,4.80
2010.04.27 05:43:07.783,1.25755,1.25775,2.40,3.20
2010.04.27 05:43:08.285,1.2575,1.25775,5.60,12.80
2010.04.27 05:43:08.442,1.2575,1.2577,3.20,3.20
2010.04.27 05:43:10.085,1.25755,1.2577,1.00,3.20
2010.04.27 05:43:10.220,1.25755,1.2577,2.40,3.20
2010.04.27 05:43:10.349,1.25755,1.25775,2.40,7.20
2010.04.27 05:43:10.479,1.25755,1.25775,2.40,15.20
2010.04.27 05:43:10.609,1.25755,1.25775,2.40,12.80
2010.04.27 05:43:10.739,1.25755,1.25775,2.40,15.20
2010.04.27 05:43:13.809,1.2576,1.25775,1.60,8.00
2010.04.27 05:43:14.001,1.25755,1.25775,4.80,4.80
2010.04.27 05:43:14.188,1.25755,1.25775,5.20,4.80
2010.04.27 05:43:14.378,1.25755,1.25775,2.40,4.80
2010.04.27 05:43:18.792,1.25755,1.25775,3.20,4.80
2010.04.27 05:43:18.978,1.2576,1.25775,1.00,1.60
2010.04.27 05:43:19.358,1.25755,1.25775,4.40,3.20
2010.04.27 05:43:19.807,1.25755,1.25775,2.40,7.20
2010.04.27 05:43:21.591,1.25755,1.25775,4.80,7.20
2010.04.27 05:43:21.647,1.25755,1.25775,5.60,5.60
2010.04.27 05:43:21.707,1.25755,1.25775,6.00,4.00
2010.04.27 05:43:21.767,1.2576,1.25775,1.00,2.40
2010.04.27 05:43:21.828,1.2576,1.2578,1.00,5.80
2010.04.27 05:43:21.886,1.25755,1.2578,14.00,5.80
2010.04.27 05:43:22.046,1.25755,1.2578,14.00,6.00
2010.04.27 05:43:22.388,1.2576,1.25775,1.60,4.00
2010.04.27 05:43:23.777,1.2576,1.25775,1.60,8.80
2010.04.27 05:43:24.027,1.25755,1.25775,2.80,12.80
2010.04.27 05:43:24.280,1.25755,1.25775,5.20,5.60
2010.04.27 05:43:24.546,1.25755,1.25775,4.80,3.20
2010.04.27 05:43:28.864,1.25755,1.25775,3.20,3.20
2010.04.27 05:43:35.133,1.2576,1.25775,1.00,3.20
2010.04.27 05:43:36.066,1.25755,1.2577,1.00,1.60
2010.04.27 05:43:39.884,1.25755,1.2577,1.60,1.60
2010.04.27 05:43:40.054,1.25755,1.25775,1.00,4.00
2010.04.27 05:43:40.223,1.25755,1.2577,1.00,3.20
2010.04.27 05:43:41.711,1.2575,1.2577,4.00,3.20
2010.04.27 05:43:41.754,1.2575,1.2577,1.60,4.00
2010.04.27 05:43:42.085,1.2575,1.25765,1.00,1.60
2010.04.27 05:43:45.953,1.2575,1.25765,1.00,3.20
2010.04.27 05:43:46.031,1.25745,1.25765,8.40,3.20
2010.04.27 05:43:46.117,1.2575,1.25765,3.20,1.60
2010.04.27 05:43:46.203,1.2575,1.25765,2.40,1.60
2010.04.27 05:43:46.291,1.2575,1.25765,1.00,1.60
2010.04.27 05:43:46.373,1.2575,1.25765,4.80,3.20
2010.04.27 05:43:46.690,1.2575,1.25765,1.00,3.20
2010.04.27 05:43:50.070,1.25745,1.25765,2.00,4.80
2010.04.27 05:43:50.420,1.25745,1.25765,1.00,4.80
2010.04.27 05:43:50.537,1.2574,1.2576,2.00,4.00
2010.04.27 05:43:50.651,1.2574,1.25755,2.00,1.60
2010.04.27 05:43:50.759,1.25745,1.2576,1.00,4.00
2010.04.27 05:43:50.870,1.2574,1.2576,2.00,3.20
2010.04.27 05:43:51.201,1.2574,1.2576,2.00,4.80
2010.04.27 05:43:52.520,1.25745,1.2576,1.00,4.80
2010.04.27 05:43:52.741,1.25745,1.25765,1.00,6.00
2010.04.27 05:43:52.879,1.25745,1.25765,1.00,4.80
2010.04.27 05:43:56.061,1.2574,1.2576,4.40,1.60
2010.04.27 05:43:56.162,1.2574,1.2576,4.00,3.20
2010.04.27 05:43:57.627,1.2574,1.2576,4.80,3.20
2010.04.27 05:44:06.107,1.25745,1.2576,1.00,3.20
2010.04.27 05:44:06.177,1.25745,1.2576,3.20,3.20
2010.04.27 05:44:06.216,1.25745,1.25765,6.00,4.80
2010.04.27 05:44:06.256,1.2575,1.25765,1.00,4.00
2010.04.27 05:44:06.594,1.2575,1.25765,1.00,3.20
2010.04.27 05:44:09.277,1.25745,1.25765,2.40,3.20
2010.04.27 05:44:09.542,1.25745,1.25765,1.00,4.80
2010.04.27 05:44:10.175,1.25745,1.25765,1.60,4.80
2010.04.27 05:44:10.387,1.25745,1.25765,3.20,4.80
2010.04.27 05:44:10.609,1.2575,1.25765,1.00,3.20
2010.04.27 05:44:14.865,1.2575,1.25765,2.40,3.20
2010.04.27 05:44:15.324,1.2575,1.2577,2.40,3.20
2010.04.27 05:44:17.533,1.2575,1.2577,4.80,1.00
2010.04.27 05:44:18.923,1.2575,1.2577,4.00,1.00
2010.04.27 05:44:19.322,1.2575,1.2577,4.00,2.40
2010.04.27 05:44:20.633,1.2575,1.2577,2.40,4.00
2010.04.27 05:44:20.922,1.2575,1.2577,1.60,4.00
2010.04.27 05:44:21.025,1.2575,1.25765,1.60,1.60
2010.04.27 05:44:21.122,1.25745,1.25765,12.00,1.60
2010.04.27 05:44:21.223,1.25745,1.25765,6.40,1.60
2010.04.27 05:44:21.322,1.25745,1.25765,3.20,2.40
2010.04.27 05:44:21.665,1.25745,1.2576,2.40,1.60
2010.04.27 05:44:23.362,1.25745,1.2576,3.20,1.60
2010.04.27 05:44:23.573,1.25745,1.2576,6.40,1.60
2010.04.27 05:44:25.971,1.2575,1.2576,1.00,1.60
2010.04.27 05:44:26.003,1.2575,1.2576,2.40,1.60
2010.04.27 05:44:26.295,1.2575,1.25765,2.40,3.20
2010.04.27 05:44:28.301,1.2575,1.25765,2.40,1.60
2010.04.27 05:44:30.480,1.2575,1.25765,1.00,1.60
2010.04.27 05:44:30.689,1.25745,1.25765,10.00,1.60
2010.04.27 05:44:30.800,1.25745,1.25765,6.00,1.60
2010.04.27 05:44:30.909,1.25745,1.25765,4.80,1.60
2010.04.27 05:44:31.019,1.25745,1.25765,1.00,3.20
2010.04.27 05:44:33.860,1.25745,1.25765,1.00,9.60
2010.04.27 05:44:33.964,1.2574,1.25765,6.00,12.80
2010.04.27 05:44:34.250,1.2574,1.25765,5.20,12.80
2010.04.27 05:44:34.534,1.2574,1.2576,2.80,2.40
2010.04.27 05:44:34.822,1.2574,1.2576,2.40,2.40
2010.04.27 05:44:35.110,1.2574,1.2576,2.40,4.80
2010.04.27 05:44:35.808,1.2574,1.2576,4.00,3.20
2010.04.27 05:44:36.148,1.2574,1.2576,4.00,2.40
2010.04.27 05:44:36.818,1.2574,1.2576,2.40,4.80
2010.04.27 05:44:37.748,1.25745,1.25765,1.60,10.40
2010.04.27 05:44:37.942,1.25745,1.25765,2.40,8.00
2010.04.27 05:44:38.144,1.25745,1.25765,4.00,6.40
2010.04.27 05:44:38.339,1.25745,1.25765,2.40,2.40
2010.04.27 05:44:38.777,1.25745,1.25765,2.40,4.00
2010.04.27 05:44:38.999,1.25745,1.25765,2.40,4.80
2010.04.27 05:44:39.879,1.25745,1.25765,3.20,4.00
2010.04.27 05:44:40.100,1.25745,1.25765,13.60,1.60
2010.04.27 05:44:40.320,1.2575,1.25765,1.00,1.60
2010.04.27 05:44:40.880,1.2575,1.2577,1.00,7.20
2010.04.27 05:44:43.157,1.2575,1.2577,1.00,4.80
2010.04.27 05:44:43.939,1.2575,1.2577,2.40,4.00
2010.04.27 05:44:44.177,1.2575,1.2577,4.00,2.40
2010.04.27 05:44:44.414,1.25755,1.2577,1.60,1.60
2010.04.27 05:44:44.706,1.25765,1.25775,5.60,1.00
2010.04.27 05:44:45.000,1.25765,1.25785,6.00,7.60
2010.04.27 05:44:45.288,1.25765,1.25785,6.00,7.20
2010.04.27 05:44:46.616,1.25765,1.25785,3.60,7.20
2010.04.27 05:44:47.110,1.25765,1.25785,3.60,14.40
2010.04.27 05:44:47.521,1.25765,1.25785,6.00,13.60
2010.04.27 05:44:47.829,1.25765,1.25785,6.00,5.60
2010.04.27 05:44:48.149,1.25765,1.2578,3.60,10.40
2010.04.27 05:44:48.769,1.25765,1.2578,3.60,4.00
2010.04.27 05:44:49.117,1.25765,1.25785,3.60,13.60
2010.04.27 05:44:51.163,1.2576,1.2578,4.40,9.60
2010.04.27 05:44:51.340,1.2576,1.2578,4.40,12.00
2010.04.27 05:44:51.589,1.25755,1.2577,6.00,1.00
2010.04.27 05:44:51.839,1.25755,1.2577,1.00,3.20
2010.04.27 05:44:52.089,1.2575,1.2577,2.40,4.80
2010.04.27 05:44:52.535,1.25745,1.25765,7.20,1.60
2010.04.27 05:44:52.842,1.25745,1.25765,6.40,1.60
2010.04.27 05:44:54.862,1.25745,1.25765,2.40,6.40
2010.04.27 05:44:55.071,1.2574,1.25755,1.00,1.60
2010.04.27 05:44:55.268,1.25735,1.25755,7.60,1.60
2010.04.27 05:44:55.466,1.25735,1.25755,4.00,1.60
2010.04.27 05:44:55.669,1.25735,1.2575,3.20,1.60
2010.04.27 05:44:57.361,1.2573,1.2575,7.20,1.60
2010.04.27 05:44:57.547,1.2573,1.2575,1.00,3.20
2010.04.27 05:44:57.972,1.25745,1.2576,1.00,12.40
2010.04.27 05:44:58.318,1.25745,1.2576,1.00,3.20
2010.04.27 05:45:00.270,1.25745,1.2576,1.00,5.60
2010.04.27 05:45:00.470,1.25745,1.2576,1.00,3.20
2010.04.27 05:45:01.279,1.2574,1.2576,3.60,3.20
2010.04.27 05:45:01.534,1.2574,1.25755,1.00,3.20
2010.04.27 05:45:03.935,1.25735,1.25755,2.80,4.00
2010.04.27 05:45:04.104,1.25735,1.25755,1.20,6.40
2010.04.27 05:45:04.442,1.25735,1.25755,1.00,6.40
2010.04.27 05:45:04.787,1.2573,1.25745,1.00,1.60
2010.04.27 05:45:05.826,1.25735,1.25745,1.00,1.60
2010.04.27 05:45:06.063,1.25735,1.2575,1.00,1.60
2010.04.27 05:45:06.294,1.2574,1.2575,1.00,1.60
2010.04.27 05:45:06.421,1.2574,1.25755,1.00,2.40
2010.04.27 05:45:06.555,1.2574,1.25755,1.00,1.60
2010.04.27 05:45:06.695,1.25735,1.25755,1.20,4.00
2010.04.27 05:45:06.836,1.25735,1.2575,1.00,1.60
2010.04.27 05:45:07.346,1.2573,1.2575,2.80,2.40
2010.04.27 05:45:07.655,1.2573,1.25745,1.00,1.60
2010.04.27 05:45:08.517,1.25735,1.25755,3.20,4.00
2010.04.27 05:45:08.765,1.2574,1.25755,1.00,3.20
2010.04.27 05:45:09.233,1.2574,1.2576,1.00,6.40
2010.04.27 05:45:09.654,1.25735,1.2576,7.60,6.40
2010.04.27 05:45:09.868,1.25735,1.2576,7.60,17.00
2010.04.27 05:45:11.571,1.25735,1.2576,8.80,17.00
2010.04.27 05:45:11.820,1.2574,1.2576,3.20,14.60
2010.04.27 05:45:11.951,1.2574,1.2576,4.40,6.60
2010.04.27 05:45:12.083,1.25745,1.2576,3.20,4.00
2010.04.27 05:45:12.213,1.2575,1.2576,1.00,2.40
2010.04.27 05:45:12.471,1.2575,1.25765,1.00,1.60
2010.04.27 05:45:12.813,1.25745,1.25765,3.60,8.00
2010.04.27 05:45:13.664,1.25745,1.25765,3.60,8.20
2010.04.27 05:45:15.144,1.2575,1.25765,1.00,4.00
2010.04.27 05:45:15.427,1.2575,1.25765,1.00,1.60
2010.04.27 05:45:15.988,1.2575,1.2577,1.00,9.60
2010.04.27 05:45:16.950,1.25745,1.25765,6.00,1.60
2010.04.27 05:45:17.171,1.2575,1.25765,1.00,1.60
2010.04.27 05:45:20.397,1.2575,1.2577,1.00,5.60
2010.04.27 05:45:21.919,1.25755,1.2577,1.20,1.60
2010.04.27 05:45:21.984,1.2576,1.25775,1.00,8.40
2010.04.27 05:45:22.171,1.2576,1.2578,4.00,4.80
2010.04.27 05:45:22.237,1.2576,1.2578,4.00,4.00
2010.04.27 05:45:22.640,1.2576,1.2578,4.40,5.60
2010.04.27 05:45:22.985,1.2576,1.2578,10.80,4.00
2010.04.27 05:45:24.306,1.2576,1.2578,12.40,4.00
2010.04.27 05:45:24.671,1.2576,1.2578,10.00,4.00
2010.04.27 05:45:24.914,1.2576,1.2578,8.40,3.20
2010.04.27 05:45:25.149,1.2576,1.2578,12.40,3.20
2010.04.27 05:45:25.388,1.2576,1.2578,8.40,3.20
2010.04.27 05:45:25.965,1.2576,1.2578,4.40,3.20
2010.04.27 05:45:26.348,1.2576,1.2578,4.40,4.80
2010.04.27 05:45:26.469,1.25755,1.2578,11.20,5.60
2010.04.27 05:45:26.689,1.25755,1.25775,6.40,1.60
2010.04.27 05:45:27.131,1.25755,1.25775,6.00,1.60
2010.04.27 05:45:28.729,1.25755,1.25775,6.80,1.60
2010.04.27 05:45:29.226,1.25755,1.2578,6.80,5.60
2010.04.27 05:45:30.246,1.2576,1.2578,1.00,4.00
2010.04.27 05:45:30.845,1.2576,1.2578,3.20,4.00
2010.04.27 05:45:30.966,1.2576,1.2578,7.20,4.00
2010.04.27 05:45:32.506,1.2576,1.2578,1.00,4.00
2010.04.27 05:45:37.953,1.2576,1.2578,1.00,5.60
2010.04.27 05:45:38.148,1.25755,1.2578,11.20,14.40
2010.04.27 05:45:38.589,1.2576,1.2578,1.00,4.80
2010.04.27 05:45:44.784,1.2576,1.2578,3.20,4.80
2010.04.27 05:45:45.001,1.2576,1.2578,7.20,4.80
2010.04.27 05:45:46.190,1.2576,1.2578,7.20,6.40
2010.04.27 05:45:46.233,1.2576,1.2578,6.40,6.40
2010.04.27 05:45:46.508,1.2576,1.2578,6.40,5.60
2010.04.27 05:45:46.556,1.2576,1.2578,4.80,8.00
2010.04.27 05:45:46.602,1.2576,1.2578,4.80,4.00
2010.04.27 05:45:46.645,1.2576,1.2578,5.60,3.20
2010.04.27 05:45:46.692,1.2576,1.2578,6.00,3.20
2010.04.27 05:45:46.732,1.2576,1.2578,8.40,3.20
2010.04.27 05:45:46.771,1.2576,1.2578,12.40,3.20
2010.04.27 05:45:48.163,1.2576,1.25775,6.40,1.60
2010.04.27 05:45:48.494,1.2576,1.25775,2.40,4.00
2010.04.27 05:45:48.607,1.2576,1.2578,5.60,3.20
2010.04.27 05:45:48.722,1.2576,1.2578,8.00,3.20
2010.04.27 05:45:48.831,1.2576,1.2578,8.40,3.20
2010.04.27 05:45:49.051,1.2576,1.2578,10.80,3.20
2010.04.27 05:45:50.432,1.2576,1.2578,7.60,4.00
2010.04.27 05:45:50.542,1.2576,1.25775,3.60,1.60
2010.04.27 05:45:50.760,1.2576,1.25775,3.20,1.60
2010.04.27 05:45:50.871,1.2576,1.25775,1.00,1.60
2010.04.27 05:45:51.965,1.25755,1.25775,5.20,8.00
2010.04.27 05:45:52.086,1.25755,1.2577,3.60,3.20
2010.04.27 05:45:52.203,1.25755,1.2577,1.20,7.20
2010.04.27 05:45:52.324,1.25755,1.2577,1.20,16.80
2010.04.27 05:45:52.677,1.25755,1.25765,1.00,2.40
2010.04.27 05:45:53.029,1.2575,1.25765,1.20,4.00
2010.04.27 05:45:55.152,1.2575,1.25765,1.20,5.60
2010.04.27 05:45:55.572,1.2575,1.25765,1.20,6.40
2010.04.27 05:45:55.806,1.2575,1.2576,1.20,1.60
2010.04.27 05:45:56.022,1.2575,1.2576,1.20,3.20
2010.04.27 05:45:57.911,1.25745,1.2576,1.00,4.00
2010.04.27 05:45:58.371,1.25745,1.25765,1.00,18.80
2010.04.27 05:45:58.508,1.25745,1.25765,3.20,3.20
2010.04.27 05:45:58.649,1.2575,1.25765,1.00,3.20
2010.04.27 05:45:58.914,1.25745,1.25765,8.00,3.20
2010.04.27 05:45:59.270,1.25745,1.25765,5.60,8.00
2010.04.27 05:45:59.612,1.25745,1.25765,2.40,14.40
2010.04.27 05:45:59.951,1.25745,1.25765,2.40,16.00
2010.04.27 05:46:05.356,1.25745,1.25765,2.40,16.00
2010.04.27 05:46:06.120,1.25745,1.25765,2.40,16.80
2010.04.27 05:46:06.168,1.25745,1.25765,1.00,19.20
2010.04.27 05:46:06.443,1.2574,1.2576,1.00,4.00
2010.04.27 05:46:06.494,1.2574,1.2576,1.00,5.60
2010.04.27 05:46:06.762,1.2574,1.2576,1.00,6.40
2010.04.27 05:46:07.148,1.2574,1.25755,1.00,1.60
2010.04.27 05:46:08.581,1.25735,1.25755,7.60,1.60
2010.04.27 05:46:08.635,1.25735,1.25755,6.00,1.60
2010.04.27 05:46:08.696,1.25735,1.25755,2.00,1.60
2010.04.27 05:46:08.805,1.25735,1.2575,1.20,1.60
2010.04.27 05:46:09.210,1.25735,1.2575,1.00,1.60
2010.04.27 05:46:09.897,1.2573,1.2575,4.40,1.60
2010.04.27 05:46:10.079,1.2573,1.2575,2.40,4.00
2010.04.27 05:46:10.257,1.2573,1.2575,2.40,8.00
2010.04.27 05:46:10.439,1.25735,1.2575,3.20,2.40
2010.04.27 05:46:10.684,1.2574,1.2575,1.00,2.40
2010.04.27 05:46:10.875,1.25735,1.25755,5.60,4.40
2010.04.27 05:46:11.096,1.25735,1.25755,5.20,4.00
2010.04.27 05:46:12.459,1.2574,1.25755,1.00,3.20
2010.04.27 05:46:14.331,1.25735,1.25755,6.00,3.20
2010.04.27 05:46:14.600,1.25735,1.25755,5.60,3.20
2010.04.27 05:46:15.184,1.2574,1.25755,1.00,3.20
2010.04.27 05:46:18.833,1.25735,1.25755,6.80,4.00
2010.04.27 05:46:19.335,1.2574,1.25755,1.00,3.20
2010.04.27 05:46:19.518,1.25735,1.25755,8.40,3.20
2010.04.27 05:46:20.965,1.25735,1.25755,6.80,3.20
2010.04.27 05:46:39.709,1.25735,1.25755,7.60,3.20
2010.04.27 05:46:40.009,1.25735,1.25755,9.20,3.20
2010.04.27 05:46:41.757,1.25735,1.25755,9.20,1.60
2010.04.27 05:46:48.666,1.25735,1.25755,8.40,2.40
2010.04.27 05:46:48.990,1.25735,1.25755,6.80,4.00
2010.04.27 05:46:49.253,1.25735,1.25755,7.60,3.20
2010.04.27 05:46:52.766,1.2574,1.25755,1.60,3.20
2010.04.27 05:46:52.986,1.2574,1.25755,1.00,1.60
2010.04.27 05:46:53.261,1.2574,1.2576,1.20,4.00
2010.04.27 05:46:53.501,1.25745,1.25765,1.60,13.60
2010.04.27 05:46:53.835,1.25745,1.25765,1.60,16.00
2010.04.27 05:46:54.183,1.25745,1.25765,1.60,16.00
2010.04.27 05:46:55.505,1.25745,1.25765,1.60,16.00
2010.04.27 05:46:56.156,1.25745,1.2576,1.60,1.00
2010.04.27 05:46:56.287,1.2574,1.2576,2.80,4.00
2010.04.27 05:46:56.415,1.25735,1.2576,11.60,5.60
2010.04.27 05:46:56.545,1.25735,1.2576,10.00,5.60
2010.04.27 05:46:56.815,1.25735,1.25755,10.00,1.60
2010.04.27 05:46:59.117,1.25735,1.2576,10.00,5.60
2010.04.27 05:46:59.323,1.2574,1.2576,1.00,4.80
2010.04.27 05:46:59.433,1.2574,1.2576,1.00,3.20
2010.04.27 05:47:00.605,1.25735,1.25755,5.20,1.00
2010.04.27 05:47:00.674,1.25735,1.25755,4.80,1.00
2010.04.27 05:47:01.101,1.25735,1.25755,4.80,2.40
2010.04.27 05:47:02.617,1.2574,1.25755,1.00,1.60
2010.04.27 05:47:02.744,1.25745,1.2576,1.00,1.00
2010.04.27 05:47:02.865,1.25745,1.25765,4.00,12.40
2010.04.27 05:47:02.986,1.25745,1.25765,8.60,8.40
2010.04.27 05:47:03.315,1.25745,1.2577,11.00,12.40
2010.04.27 05:47:03.438,1.25745,1.25765,11.00,4.00
2010.04.27 05:47:06.162,1.25745,1.25765,11.20,4.00
2010.04.27 05:47:07.761,1.25745,1.25765,7.20,12.00
2010.04.27 05:47:07.883,1.25745,1.25765,6.60,14.40
2010.04.27 05:47:08.002,1.25745,1.25765,9.00,13.60
2010.04.27 05:47:08.125,1.25745,1.25765,8.00,9.60
2010.04.27 05:47:08.254,1.25745,1.25765,8.60,12.00
2010.04.27 05:47:08.491,1.25745,1.25765,10.20,8.00
2010.04.27 05:47:08.835,1.25745,1.25765,10.30,8.00
2010.04.27 05:47:08.957,1.25755,1.2577,3.80,1.00
2010.04.27 05:47:09.304,1.25755,1.25775,6.20,3.20
2010.04.27 05:47:09.642,1.25755,1.25775,6.20,7.20
2010.04.27 05:47:10.321,1.25755,1.25775,7.80,3.20
2010.04.27 05:47:10.534,1.25765,1.25775,1.00,1.60
2010.04.27 05:47:10.745,1.2577,1.2578,1.00,1.60
2010.04.27 05:47:10.964,1.2576,1.2578,7.60,1.00
2010.04.27 05:47:11.408,1.25755,1.2577,7.60,4.00
2010.04.27 05:47:11.573,1.25755,1.2577,8.80,4.00
2010.04.27 05:47:11.731,1.25755,1.25775,8.80,11.20
2010.04.27 05:47:11.892,1.25755,1.25775,8.80,7.20
2010.04.27 05:47:12.052,1.25755,1.25775,10.40,3.20
2010.04.27 05:47:12.211,1.2576,1.25775,1.00,3.20
2010.04.27 05:47:12.374,1.25755,1.2577,4.40,1.00
2010.04.27 05:47:12.533,1.25755,1.25765,1.20,1.00
2010.04.27 05:47:13.055,1.2575,1.25765,3.60,7.20
2010.04.27 05:47:13.407,1.25745,1.2576,1.60,2.40
2010.04.27 05:47:13.643,1.2574,1.25755,1.00,1.60
2010.04.27 05:47:13.882,1.25735,1.25755,10.00,1.60
2010.04.27 05:47:14.123,1.2574,1.2576,2.40,4.80
2010.04.27 05:47:14.363,1.2575,1.25765,1.00,11.60
2010.04.27 05:47:14.686,1.2575,1.25765,1.00,4.00
2010.04.27 05:47:15.043,1.2576,1.2578,2.40,12.00
2010.04.27 05:47:15.381,1.2576,1.2578,1.00,12.00
2010.04.27 05:47:15.723,1.2576,1.25775,1.00,1.60
2010.04.27 05:47:16.893,1.2576,1.25775,1.00,3.20
2010.04.27 05:47:19.165,1.25755,1.25775,1.20,3.20
2010.04.27 05:47:19.732,1.2576,1.25775,1.00,3.20
2010.04.27 05:47:21.619,1.25765,1.25775,1.00,3.20
2010.04.27 05:47:21.848,1.25765,1.2578,1.00,3.20
2010.04.27 05:47:23.783,1.25765,1.25785,2.00,4.00
2010.04.27 05:47:24.056,1.25765,1.25785,6.00,3.20
2010.04.27 05:47:24.791,1.25765,1.25785,7.60,3.20
2010.04.27 05:47:25.269,1.2577,1.25785,1.00,3.20
2010.04.27 05:47:25.618,1.25765,1.25785,7.60,3.20
2010.04.27 05:47:28.697,1.25765,1.25785,7.20,3.20
2010.04.27 05:47:28.979,1.25765,1.25785,4.80,6.40
2010.04.27 05:47:29.320,1.25765,1.25785,3.20,4.80
2010.04.27 05:47:29.668,1.25765,1.25785,1.60,4.80
2010.04.27 05:47:30.009,1.25765,1.25785,2.40,14.40
2010.04.27 05:47:30.268,1.25765,1.25785,2.40,14.40
2010.04.27 05:47:31.927,1.25765,1.25785,4.00,14.40
2010.04.27 05:47:32.018,1.25765,1.25785,4.80,13.60
2010.04.27 05:47:32.049,1.25765,1.25785,5.20,13.60
2010.04.27 05:47:32.108,1.25765,1.25785,7.60,13.60
2010.04.27 05:47:32.230,1.2577,1.25785,1.00,13.60
2010.04.27 05:47:32.268,1.2577,1.25785,1.00,9.60
2010.04.27 05:47:32.296,1.2577,1.25785,1.00,5.60
2010.04.27 05:47:32.356,1.2577,1.25785,1.00,3.20
2010.04.27 05:47:32.984,1.25765,1.25785,8.00,5.60
2010.04.27 05:47:33.331,1.25765,1.25785,7.20,6.40
2010.04.27 05:47:33.679,1.25765,1.25785,7.20,14.40
2010.04.27 05:47:34.027,1.25765,1.25785,8.00,13.60
2010.04.27 05:47:34.369,1.2577,1.25785,1.00,3.20
2010.04.27 05:47:34.722,1.2577,1.25785,2.40,1.60
2010.04.27 05:47:35.129,1.25775,1.2579,2.80,3.20
2010.04.27 05:47:35.281,1.25775,1.2579,1.00,3.20
2010.04.27 05:47:36.189,1.2578,1.25795,1.00,8.00
2010.04.27 05:47:36.545,1.2578,1.25795,2.80,1.60
2010.04.27 05:47:36.888,1.2578,1.25795,1.00,1.60
2010.04.27 05:47:38.136,1.2578,1.25795,1.20,1.60
2010.04.27 05:47:38.322,1.2579,1.25805,1.00,2.80
2010.04.27 05:47:38.497,1.2579,1.25805,1.00,1.60
2010.04.27 05:47:38.668,1.2579,1.2581,1.20,4.00
2010.04.27 05:47:40.126,1.25795,1.25815,1.00,22.00
2010.04.27 05:47:41.636,1.25795,1.25815,1.00,19.20
2010.04.27 05:47:41.905,1.25795,1.25815,1.00,19.20
2010.04.27 05:47:42.466,1.25795,1.25815,4.00,18.40
2010.04.27 05:47:42.811,1.25795,1.2582,7.20,21.60
2010.04.27 05:47:43.159,1.25795,1.2581,1.00,3.20
2010.04.27 05:47:43.508,1.2579,1.2581,2.40,3.20
2010.04.27 05:47:43.737,1.2579,1.25805,2.40,3.20
2010.04.27 05:47:44.956,1.25785,1.25805,7.20,4.00
2010.04.27 05:47:45.307,1.25785,1.25795,1.00,3.20
2010.04.27 05:47:45.653,1.2578,1.25795,4.80,3.20
2010.04.27 05:47:46.159,1.2579,1.25805,1.00,3.20
2010.04.27 05:47:46.446,1.2579,1.25805,1.00,1.60
2010.04.27 05:47:46.734,1.25795,1.25815,3.60,7.20
2010.04.27 05:47:47.083,1.2579,1.25815,6.10,8.80
2010.04.27 05:47:47.429,1.25795,1.25815,1.00,8.80
2010.04.27 05:47:47.778,1.25795,1.25815,1.00,4.80
2010.04.27 05:47:48.767,1.25795,1.25815,1.00,4.80
2010.04.27 05:47:49.640,1.258,1.2582,1.00,4.80
2010.04.27 05:47:50.935,1.258,1.25815,4.00,1.60
2010.04.27 05:47:51.177,1.25805,1.25825,4.80,3.60
2010.04.27 05:47:51.272,1.2581,1.2583,1.00,8.80
2010.04.27 05:47:52.063,1.2581,1.2583,1.00,6.40
2010.04.27 05:47:53.993,1.25805,1.2582,1.00,3.20
2010.04.27 05:47:54.154,1.258,1.2582,2.40,8.00
2010.04.27 05:47:54.313,1.25795,1.2582,2.90,14.40
2010.04.27 05:47:54.678,1.25795,1.2582,2.50,14.40
2010.04.27 05:47:54.845,1.258,1.2582,3.20,13.60
2010.04.27 05:47:55.017,1.258,1.25825,1.00,22.00
2010.04.27 05:47:55.186,1.258,1.25825,1.00,18.00
2010.04.27 05:47:55.353,1.258,1.25825,1.00,11.60
2010.04.27 05:47:55.523,1.258,1.2582,1.00,4.80
2010.04.27 05:47:56.353,1.25795,1.2581,6.00,2.40
2010.04.27 05:47:56.683,1.25795,1.2581,1.00,4.80
2010.04.27 05:47:57.434,1.25795,1.2581,1.00,4.00
2010.04.27 05:47:58.085,1.25795,1.25815,1.20,10.80
2010.04.27 05:47:58.573,1.25795,1.2582,1.20,14.40
2010.04.27 05:47:58.899,1.25795,1.25815,1.20,4.80
2010.04.27 05:47:59.248,1.25795,1.2581,1.00,3.20
2010.04.27 05:48:00.202,1.25795,1.25815,1.00,14.40
2010.04.27 05:48:00.833,1.25795,1.2581,1.00,8.80
2010.04.27 05:48:01.111,1.25785,1.25805,2.80,5.60
2010.04.27 05:48:01.277,1.25785,1.25805,1.00,9.60
2010.04.27 05:48:01.894,1.25785,1.25805,1.00,18.40
2010.04.27 05:48:02.551,1.25785,1.25805,1.00,22.40
2010.04.27 05:48:02.893,1.25775,1.25805,9.30,24.80
2010.04.27 05:48:03.376,1.25775,1.25795,6.90,6.40
2010.04.27 05:48:03.608,1.25775,1.25795,5.30,9.60
2010.04.27 05:48:04.052,1.25775,1.25795,1.00,10.40
2010.04.27 05:48:04.281,1.25775,1.2579,1.00,1.60
2010.04.27 05:48:07.337,1.25775,1.25795,1.00,11.20
2010.04.27 05:48:07.537,1.25775,1.25795,1.00,10.40
2010.04.27 05:48:07.841,1.2578,1.25795,5.60,6.40
2010.04.27 05:48:08.142,1.2578,1.258,3.20,3.20
2010.04.27 05:48:08.441,1.2578,1.258,4.80,3.20
2010.04.27 05:48:09.417,1.2578,1.258,6.40,3.20
2010.04.27 05:48:10.359,1.2578,1.25795,1.60,1.00
2010.04.27 05:48:10.489,1.25775,1.25795,5.70,1.00
2010.04.27 05:48:10.619,1.25775,1.25795,4.90,4.00
2010.04.27 05:48:10.878,1.25775,1.25795,1.70,4.00
2010.04.27 05:48:11.205,1.25775,1.25795,1.30,4.00
2010.04.27 05:48:12.636,1.25775,1.25795,1.30,4.80
2010.04.27 05:48:14.117,1.25775,1.25795,1.00,5.60
2010.04.27 05:48:14.356,1.25775,1.2579,1.00,3.20
2010.04.27 05:48:14.822,1.2577,1.2579,4.00,7.20
2010.04.27 05:48:15.049,1.2577,1.2579,4.80,16.00
2010.04.27 05:48:15.422,1.2577,1.2578,2.40,1.00
2010.04.27 05:48:15.768,1.2576,1.25775,1.00,7.20
2010.04.27 05:48:16.111,1.25755,1.25775,5.60,7.20
2010.04.27 05:48:16.586,1.25755,1.25775,6.40,7.20
2010.04.27 05:48:16.872,1.25755,1.25775,6.80,3.20
2010.04.27 05:48:18.368,1.25755,1.25775,8.40,1.60
2010.04.27 05:48:18.919,1.25765,1.25775,1.00,1.60
2010.04.27 05:48:19.108,1.25765,1.2578,1.00,4.00
2010.04.27 05:48:19.533,1.25765,1.2578,1.00,3.20
2010.04.27 05:48:22.584,1.2576,1.25775,1.00,3.20
2010.04.27 05:48:23.737,1.2576,1.2578,1.00,6.40
2010.04.27 05:48:24.049,1.25755,1.25775,8.80,3.20
2010.04.27 05:48:24.399,1.25755,1.25775,6.00,3.20
2010.04.27 05:48:26.559,1.25755,1.25775,8.80,3.20
2010.04.27 05:48:31.106,1.25755,1.25775,8.00,3.20
2010.04.27 05:48:31.204,1.25755,1.25775,6.40,3.20
2010.04.27 05:48:31.293,1.25755,1.25775,6.00,3.20
2010.04.27 05:48:33.514,1.25755,1.25775,8.40,3.20
2010.04.27 05:48:33.611,1.25755,1.25775,8.80,3.20
2010.04.27 05:48:35.590,1.25755,1.25775,6.40,3.20
2010.04.27 05:48:35.702,1.25755,1.25775,6.00,3.20
2010.04.27 05:48:38.261,1.25755,1.25775,7.60,3.20
2010.04.27 05:48:39.613,1.25755,1.25775,10.00,3.20
2010.04.27 05:48:39.783,1.25755,1.25775,10.00,1.60
2010.04.27 05:48:39.952,1.25755,1.2578,10.00,6.40
2010.04.27 05:48:41.040,1.2576,1.2578,1.00,6.40
2010.04.27 05:48:41.181,1.2576,1.2578,1.00,4.80
2010.04.27 05:48:41.546,1.2576,1.2578,1.00,4.00
2010.04.27 05:48:41.693,1.2576,1.2578,1.00,2.40
2010.04.27 05:48:50.213,1.25765,1.25785,4.80,3.20
2010.04.27 05:48:50.431,1.25765,1.25785,5.60,3.20
2010.04.27 05:48:50.778,1.25765,1.25785,8.40,3.20
2010.04.27 05:48:51.008,1.2577,1.25785,1.00,3.20
2010.04.27 05:48:51.230,1.25765,1.25785,8.40,3.20
2010.04.27 05:48:55.166,1.25765,1.25785,7.60,4.00
2010.04.27 05:48:55.509,1.25765,1.25785,10.80,4.00
2010.04.27 05:48:55.792,1.25765,1.25785,6.80,4.00
2010.04.27 05:48:57.817,1.25765,1.25785,8.40,3.20
2010.04.27 05:48:58.040,1.25765,1.25785,12.40,3.20
2010.04.27 05:48:59.006,1.25765,1.25785,10.80,3.20
2010.04.27 05:49:00.239,1.25765,1.2578,6.80,3.20
2010.04.27 05:49:00.456,1.25765,1.2578,5.20,3.20
2010.04.27 05:49:01.835,1.25765,1.2578,9.20,3.20
2010.04.27 05:49:02.135,1.25765,1.25785,12.80,4.00
2010.04.27 05:49:02.286,1.25765,1.25785,18.40,3.20
2010.04.27 05:49:02.907,1.25765,1.25785,8.00,3.20
2010.04.27 05:49:04.440,1.25765,1.2578,5.60,1.60
2010.04.27 05:49:04.452,1.25765,1.2578,6.40,1.60
2010.04.27 05:49:04.628,1.25765,1.2578,2.00,3.20
2010.04.27 05:49:04.804,1.25765,1.2578,1.20,3.20
2010.04.27 05:49:06.444,1.25765,1.2578,4.40,3.20
2010.04.27 05:49:06.475,1.25765,1.2578,6.80,3.20
2010.04.27 05:49:06.485,1.25765,1.2578,8.40,3.20
2010.04.27 05:49:06.504,1.25765,1.2578,7.60,3.20
2010.04.27 05:49:06.549,1.25765,1.2578,7.60,1.60
2010.04.27 05:49:06.683,1.25765,1.2578,11.60,1.60
2010.04.27 05:49:06.708,1.25765,1.25785,10.40,4.00
2010.04.27 05:49:06.725,1.25765,1.25785,14.40,4.00
2010.04.27 05:49:06.759,1.2577,1.25785,1.00,3.20
2010.04.27 05:49:06.830,1.25765,1.25785,6.40,3.20
2010.04.27 05:49:07.083,1.25765,1.25785,6.80,3.20
2010.04.27 05:49:07.136,1.25765,1.25785,3.20,6.40
2010.04.27 05:49:07.177,1.25765,1.25775,1.00,1.00
2010.04.27 05:49:07.273,1.25765,1.25775,1.00,4.80
2010.04.27 05:49:07.290,1.25765,1.25775,1.00,5.60
2010.04.27 05:49:07.306,1.25765,1.25775,1.00,7.20
2010.04.27 05:49:07.335,1.25765,1.25775,1.00,8.00
2010.04.27 05:49:07.957,1.25755,1.2577,1.00,2.40
2010.04.27 05:49:08.309,1.25755,1.2577,1.00,4.00
2010.04.27 05:49:09.723,1.25755,1.2577,2.80,3.20
2010.04.27 05:49:09.999,1.25755,1.2577,1.00,2.40
2010.04.27 05:49:10.598,1.25755,1.2577,2.80,1.60
2010.04.27 05:49:10.898,1.25755,1.25775,14.00,3.20
2010.04.27 05:49:11.026,1.25755,1.25775,2.80,4.00
2010.04.27 05:49:11.273,1.25755,1.25775,2.00,7.20
2010.04.27 05:49:11.394,1.25755,1.2577,2.00,3.20
2010.04.27 05:49:11.514,1.25755,1.2577,1.60,4.00
2010.04.27 05:49:11.930,1.2575,1.2577,2.40,4.80
2010.04.27 05:49:12.187,1.2575,1.25765,2.40,1.60
2010.04.27 05:49:12.706,1.2575,1.2577,2.40,4.00
2010.04.27 05:49:12.963,1.2575,1.2577,6.40,3.20
2010.04.27 05:49:13.362,1.2575,1.2577,8.80,3.20
2010.04.27 05:49:15.002,1.25755,1.2577,1.00,1.60
2010.04.27 05:49:15.248,1.2575,1.2577,9.60,3.20
2010.04.27 05:49:15.403,1.2575,1.2577,8.80,3.20
2010.04.27 05:49:16.181,1.25755,1.2577,2.40,3.20
2010.04.27 05:49:16.343,1.2576,1.25775,1.00,4.00
2010.04.27 05:49:16.564,1.25765,1.25775,1.00,1.60
2010.04.27 05:49:16.924,1.25765,1.2578,1.00,3.60
2010.04.27 05:49:17.157,1.25765,1.2578,1.00,3.20
2010.04.27 05:49:17.722,1.2576,1.2578,2.80,4.40
2010.04.27 05:49:18.063,1.25765,1.2578,1.00,3.20
2010.04.27 05:49:24.129,1.25765,1.2578,2.40,1.60
2010.04.27 05:49:24.360,1.25765,1.25785,2.40,4.80
2010.04.27 05:49:24.591,1.25765,1.25785,2.40,4.00
2010.04.27 05:49:24.821,1.25765,1.25785,4.00,4.00
2010.04.27 05:49:26.579,1.25765,1.25785,4.00,3.20
2010.04.27 05:49:26.837,1.2577,1.25785,1.00,3.20
2010.04.27 05:49:26.945,1.2577,1.2579,2.40,2.40
2010.04.27 05:49:27.235,1.2577,1.2579,1.60,2.40
2010.04.27 05:49:27.523,1.2577,1.25785,1.60,1.00
2010.04.27 05:49:27.809,1.25765,1.25785,8.60,1.00
2010.04.27 05:49:31.198,1.25765,1.2579,8.60,14.00
2010.04.27 05:49:31.267,1.25765,1.2579,9.40,13.20
2010.04.27 05:49:31.339,1.2577,1.2579,1.00,12.00
2010.04.27 05:49:31.407,1.2577,1.2579,1.00,8.00
2010.04.27 05:49:31.481,1.2577,1.2579,4.80,2.40
2010.04.27 05:49:31.558,1.25775,1.25795,1.00,16.00
2010.04.27 05:49:31.630,1.25775,1.2579,1.00,4.00
2010.04.27 05:49:31.895,1.2578,1.25795,1.60,7.20
2010.04.27 05:49:31.976,1.2578,1.25795,1.60,1.00
2010.04.27 05:49:32.730,1.2578,1.258,3.20,3.60
2010.04.27 05:49:33.070,1.2578,1.258,4.00,1.00
2010.04.27 05:49:33.237,1.2578,1.258,3.20,2.40
2010.04.27 05:49:33.401,1.2578,1.258,1.60,4.00
2010.04.27 05:49:33.728,1.2578,1.25795,1.60,1.60
2010.04.27 05:49:34.540,1.25775,1.25795,6.80,8.00
2010.04.27 05:49:34.842,1.25775,1.25795,2.80,9.60
2010.04.27 05:49:35.065,1.2577,1.2579,9.60,4.80
2010.04.27 05:49:35.278,1.2577,1.2579,9.60,8.80
2010.04.27 05:49:35.486,1.2577,1.2579,8.80,8.80
2010.04.27 05:49:35.700,1.2577,1.2579,9.60,8.00
2010.04.27 05:49:35.922,1.25775,1.2579,4.80,2.40
2010.04.27 05:49:36.139,1.25775,1.25795,6.80,3.20
2010.04.27 05:49:36.576,1.25775,1.25795,8.40,3.20
2010.04.27 05:49:37.930,1.25775,1.25795,10.00,1.60
2010.04.27 05:49:39.587,1.25775,1.25795,10.40,1.60
2010.04.27 05:49:40.324,1.25775,1.25795,10.00,1.60
2010.04.27 05:49:42.542,1.25775,1.258,10.00,4.00
2010.04.27 05:49:42.960,1.2578,1.258,1.60,4.00
2010.04.27 05:49:44.943,1.2578,1.25795,1.60,3.20
2010.04.27 05:49:46.452,1.25775,1.25795,7.60,3.20
2010.04.27 05:49:47.249,1.25775,1.25795,6.00,4.00
2010.04.27 05:49:47.367,1.25775,1.2579,1.00,1.00
2010.04.27 05:49:47.487,1.2577,1.2579,8.00,5.60
2010.04.27 05:49:47.607,1.25765,1.2579,10.00,5.60
2010.04.27 05:49:47.724,1.25765,1.25785,6.00,1.00
2010.04.27 05:49:47.845,1.25765,1.25785,2.80,4.00
2010.04.27 05:49:47.963,1.25765,1.25785,2.80,4.80
2010.04.27 05:49:48.456,1.25765,1.25785,2.40,4.80
2010.04.27 05:49:50.653,1.25765,1.25785,3.20,4.00
2010.04.27 05:49:51.013,1.25765,1.25785,2.40,4.80
2010.04.27 05:49:51.133,1.25765,1.25785,1.60,4.80
2010.04.27 05:49:51.252,1.2576,1.25785,17.20,4.80
2010.04.27 05:49:51.522,1.2576,1.25785,16.40,4.80
2010.04.27 05:49:51.654,1.2576,1.25785,8.40,4.80
2010.04.27 05:49:51.842,1.2576,1.25785,10.00,11.20
2010.04.27 05:49:52.033,1.2576,1.25785,9.20,15.20
2010.04.27 05:49:52.411,1.2576,1.25785,10.00,15.20
2010.04.27 05:49:52.793,1.2576,1.25785,11.60,8.80
2010.04.27 05:49:53.083,1.2576,1.25785,10.00,4.80
2010.04.27 05:49:53.374,1.2576,1.2578,8.80,4.00
2010.04.27 05:49:53.665,1.25765,1.2578,4.00,4.00
2010.04.27 05:49:53.958,1.2576,1.2578,7.60,3.20
2010.04.27 05:49:55.091,1.2576,1.2578,8.40,3.20
2010.04.27 05:49:55.565,1.25765,1.2578,1.00,3.20
2010.04.27 05:49:55.875,1.25765,1.25785,7.20,5.60
2010.04.27 05:49:56.386,1.25765,1.25785,7.20,3.20
2010.04.27 05:49:59.586,1.25765,1.25785,5.60,4.00
2010.04.27 05:49:59.854,1.25765,1.25785,3.20,4.00
2010.04.27 05:50:00.057,1.2576,1.2578,10.80,3.20
2010.04.27 05:50:00.257,1.2576,1.2578,8.40,3.20
2010.04.27 05:50:01.651,1.2576,1.2578,7.60,3.20
2010.04.27 05:50:02.112,1.2576,1.2578,8.40,3.20
2010.04.27 05:50:04.802,1.2576,1.2578,6.80,3.20
2010.04.27 05:50:04.919,1.2576,1.2578,6.00,3.20
2010.04.27 05:50:06.589,1.2576,1.2578,5.20,4.00
2010.04.27 05:50:06.729,1.2576,1.2578,1.20,5.60
2010.04.27 05:50:06.871,1.25755,1.25775,10.80,1.60
2010.04.27 05:50:07.012,1.25755,1.25775,9.20,3.20
2010.04.27 05:50:07.180,1.25755,1.25775,7.60,4.00
2010.04.27 05:50:07.341,1.25755,1.2577,2.40,3.20
2010.04.27 05:50:07.499,1.2575,1.2577,4.00,3.20
2010.04.27 05:50:07.661,1.2575,1.2577,1.60,5.60
2010.04.27 05:50:07.820,1.2575,1.25765,1.60,1.60
2010.04.27 05:50:07.979,1.25745,1.25765,10.40,1.60
2010.04.27 05:50:09.750,1.2575,1.25765,1.00,1.60
2010.04.27 05:50:12.529,1.2575,1.2577,1.00,1.00
2010.04.27 05:50:12.654,1.2575,1.2577,1.00,2.40
2010.04.27 05:50:13.004,1.25755,1.25775,1.60,7.20
2010.04.27 05:50:13.086,1.25755,1.25775,1.60,4.00
2010.04.27 05:50:13.391,1.25755,1.2577,1.00,1.60
2010.04.27 05:50:16.976,1.2575,1.2577,3.20,4.00
2010.04.27 05:50:17.047,1.2575,1.2577,1.00,4.00
2010.04.27 05:50:22.644,1.2575,1.25765,1.00,1.60
2010.04.27 05:50:22.674,1.2575,1.25765,1.00,3.20
2010.04.27 05:50:22.876,1.2575,1.2577,1.00,4.80
2010.04.27 05:50:23.078,1.2575,1.2577,1.00,4.00
2010.04.27 05:50:23.685,1.2575,1.2577,1.00,3.20
2010.04.27 05:50:23.888,1.2575,1.2577,1.00,2.40
2010.04.27 05:50:24.351,1.2575,1.2577,1.00,4.00
2010.04.27 05:50:24.526,1.25745,1.2577,9.20,6.40
2010.04.27 05:50:24.709,1.25745,1.25765,1.00,1.00
2010.04.27 05:50:25.047,1.25745,1.2576,1.00,1.60
2010.04.27 05:50:25.726,1.25745,1.2576,1.00,3.20
2010.04.27 05:50:29.359,1.2574,1.2576,3.20,3.20
2010.04.27 05:50:29.599,1.25735,1.25755,14.80,3.20
2010.04.27 05:50:29.834,1.25735,1.25755,12.40,3.20
2010.04.27 05:50:30.395,1.25735,1.25755,8.40,3.20
2010.04.27 05:50:31.376,1.2574,1.2576,1.00,4.00
2010.04.27 05:50:35.763,1.2574,1.2576,2.40,4.00
2010.04.27 05:50:35.890,1.25745,1.2576,1.00,3.20
2010.04.27 05:50:36.254,1.2574,1.2576,10.00,3.20
2010.04.27 05:50:36.373,1.2574,1.2576,6.00,3.20
2010.04.27 05:50:36.493,1.2574,1.2576,2.40,4.00
2010.04.27 05:50:38.869,1.2574,1.2576,9.20,3.20
2010.04.27 05:50:39.475,1.25745,1.2576,1.00,3.20
2010.04.27 05:50:39.773,1.25745,1.2576,4.80,3.20
2010.04.27 05:50:39.921,1.25745,1.2576,1.00,3.20
2010.04.27 05:50:40.562,1.2574,1.25755,8.80,1.60
2010.04.27 05:50:40.883,1.25745,1.25755,1.00,1.60
2010.04.27 05:50:45.440,1.25745,1.2576,5.20,2.40
2010.04.27 05:50:45.590,1.25745,1.25765,4.80,3.50
2010.04.27 05:50:47.165,1.25745,1.2576,4.80,1.60
2010.04.27 05:50:47.221,1.25745,1.2576,1.60,4.00
2010.04.27 05:50:47.321,1.2574,1.2576,2.80,4.80
2010.04.27 05:50:47.369,1.2574,1.2576,2.40,4.80
2010.04.27 05:50:55.170,1.2574,1.2576,3.20,4.00
2010.04.27 05:50:57.646,1.2574,1.2576,3.20,5.60
2010.04.27 05:50:57.990,1.2574,1.2576,1.00,4.00
2010.04.27 05:50:58.339,1.25735,1.2576,10.40,5.60
2010.04.27 05:50:58.682,1.2574,1.2576,5.60,3.20
2010.04.27 05:50:58.867,1.2574,1.2576,6.00,3.20
2010.04.27 05:50:59.058,1.2574,1.2576,6.80,3.20
2010.04.27 05:51:00.787,1.2574,1.2576,3.60,4.00
2010.04.27 05:51:00.967,1.2574,1.2576,2.40,4.00
2010.04.27 05:51:02.447,1.2574,1.2576,3.20,3.20
2010.04.27 05:51:02.465,1.2574,1.2576,5.60,3.20
2010.04.27 05:51:02.485,1.2574,1.2576,6.00,3.20
2010.04.27 05:51:02.525,1.2574,1.2576,6.80,3.20
2010.04.27 05:51:02.587,1.2574,1.2576,10.80,3.20
2010.04.27 05:51:02.755,1.2574,1.2576,12.40,3.20
2010.04.27 05:51:03.237,1.2574,1.2576,7.60,3.20
2010.04.27 05:51:03.796,1.2574,1.2576,8.40,3.20
2010.04.27 05:51:04.355,1.2574,1.2576,9.20,3.20
2010.04.27 05:51:04.638,1.25735,1.25755,16.40,1.00
2010.04.27 05:51:05.027,1.25735,1.25755,15.20,1.60
2010.04.27 05:51:05.188,1.25735,1.25755,14.40,1.60
2010.04.27 05:51:05.345,1.2574,1.25755,1.60,1.60
2010.04.27 05:51:09.089,1.2574,1.2575,1.00,1.60
2010.04.27 05:51:09.245,1.25735,1.2575,9.20,1.60
2010.04.27 05:51:09.407,1.2574,1.25755,1.60,1.00
2010.04.27 05:51:09.762,1.25735,1.2576,16.00,7.20
2010.04.27 05:51:10.055,1.25735,1.2576,13.60,7.20
2010.04.27 05:51:17.113,1.25735,1.25755,6.40,4.80
2010.04.27 05:51:17.233,1.25735,1.25755,3.20,4.80
2010.04.27 05:51:17.472,1.25735,1.25755,7.20,4.80
2010.04.27 05:51:17.711,1.25735,1.25755,9.60,4.80
2010.04.27 05:51:20.784,1.2574,1.25755,6.40,1.60
2010.04.27 05:51:20.894,1.2574,1.2576,12.80,8.00
2010.04.27 05:51:21.014,1.2574,1.2576,11.20,6.40
2010.04.27 05:51:21.132,1.2574,1.2576,11.20,4.00
2010.04.27 05:51:21.247,1.2574,1.2576,11.20,2.40
2010.04.27 05:51:21.522,1.2574,1.2576,4.80,2.40
2010.04.27 05:51:21.684,1.2574,1.2576,4.00,1.60
2010.04.27 05:51:22.001,1.2574,1.2576,4.00,3.20
2010.04.27 05:51:22.169,1.2574,1.25755,1.00,2.40
2010.04.27 05:51:22.326,1.25735,1.2575,8.80,1.00
2010.04.27 05:51:22.487,1.25735,1.25745,2.40,1.00
2010.04.27 05:51:22.835,1.2573,1.25745,1.60,1.00
2010.04.27 05:51:23.184,1.25725,1.25745,2.40,2.40
2010.04.27 05:51:33.627,1.25725,1.25745,1.60,2.40
2010.04.27 05:51:33.809,1.25725,1.25745,1.60,7.20
2010.04.27 05:51:36.130,1.25725,1.25745,4.00,3.20
2010.04.27 05:51:36.267,1.25725,1.25745,4.00,2.40
2010.04.27 05:51:44.230,1.25725,1.25745,4.80,1.60
2010.04.27 05:51:44.659,1.25725,1.2575,4.80,11.20
2010.04.27 05:51:44.937,1.25725,1.2575,5.60,6.40
2010.04.27 05:51:45.206,1.25725,1.2575,6.40,8.00
2010.04.27 05:51:45.745,1.25725,1.2575,6.40,6.40
2010.04.27 05:51:48.169,1.25725,1.2575,6.40,5.60
2010.04.27 05:51:48.375,1.2573,1.2575,1.00,2.40
2010.04.27 05:51:48.586,1.25735,1.2575,1.00,2.40
2010.04.27 05:51:48.796,1.25735,1.25755,2.40,11.50
2010.04.27 05:51:49.005,1.25735,1.25755,2.40,3.10
2010.04.27 05:51:49.285,1.25735,1.25755,2.40,2.70
2010.04.27 05:51:49.567,1.2573,1.2575,3.20,1.00
2010.04.27 05:51:50.126,1.2573,1.2575,2.40,4.00
2010.04.27 05:51:50.594,1.2573,1.2575,1.00,4.00
2010.04.27 05:51:50.795,1.2573,1.2575,1.00,5.60
2010.04.27 05:51:50.994,1.2573,1.2575,1.00,4.00
2010.04.27 05:52:00.462,1.25725,1.2575,20.00,4.80
2010.04.27 05:52:00.788,1.25725,1.2575,18.00,4.80
2010.04.27 05:52:01.025,1.25725,1.2575,18.00,6.40
2010.04.27 05:52:02.482,1.25725,1.25745,7.20,1.00
2010.04.27 05:52:02.688,1.25725,1.25745,4.80,1.00
2010.04.27 05:52:05.828,1.25725,1.25745,7.20,1.00
2010.04.27 05:52:05.927,1.2573,1.2575,2.40,5.20
2010.04.27 05:52:06.052,1.2573,1.2575,4.80,3.60
2010.04.27 05:52:06.181,1.2573,1.2575,6.40,3.20
2010.04.27 05:52:06.311,1.2573,1.2575,7.60,3.20
2010.04.27 05:52:06.443,1.25735,1.2575,2.40,1.60
2010.04.27 05:52:06.574,1.2574,1.25755,1.60,1.90
2010.04.27 05:52:06.702,1.2574,1.2576,5.20,5.20
2010.04.27 05:52:06.833,1.2574,1.2576,5.20,4.40
2010.04.27 05:52:06.962,1.2574,1.2576,4.80,4.00
2010.04.27 05:52:07.426,1.2574,1.25765,5.60,6.30
2010.04.27 05:52:07.652,1.2574,1.25765,7.20,5.90
2010.04.27 05:52:07.883,1.2574,1.25765,8.00,5.90
2010.04.27 05:52:08.114,1.25745,1.25765,1.60,4.30
2010.04.27 05:52:08.465,1.25745,1.25765,1.60,2.70
2010.04.27 05:52:09.034,1.25745,1.25765,8.00,1.10
2010.04.27 05:52:11.371,1.2575,1.25765,1.00,1.00
2010.04.27 05:52:11.583,1.25745,1.2577,13.60,6.50
2010.04.27 05:52:11.762,1.25745,1.2577,9.60,6.50
2010.04.27 05:52:13.318,1.25745,1.2577,9.60,6.40
2010.04.27 05:52:14.098,1.25745,1.2576,2.00,1.00
2010.04.27 05:52:14.219,1.25745,1.25765,1.00,10.40
2010.04.27 05:52:14.333,1.25745,1.25765,1.00,5.60
2010.04.27 05:52:14.451,1.2574,1.25765,12.10,6.40
2010.04.27 05:52:14.795,1.25745,1.2576,1.00,1.60
2010.04.27 05:52:16.058,1.2574,1.25755,7.20,1.00
2010.04.27 05:52:16.262,1.2574,1.2575,1.60,1.00
2010.04.27 05:52:16.462,1.25735,1.2575,1.60,1.00
2010.04.27 05:52:18.154,1.25735,1.25755,1.60,5.60
2010.04.27 05:52:18.741,1.2574,1.2576,7.20,4.40
2010.04.27 05:52:19.092,1.2574,1.2576,7.20,1.60
2010.04.27 05:52:20.388,1.2574,1.2576,6.40,2.40
2010.04.27 05:52:20.620,1.2574,1.2576,5.60,3.20
2010.04.27 05:52:24.780,1.2574,1.2576,6.40,2.40
2010.04.27 05:52:25.097,1.2574,1.2576,8.40,1.60
2010.04.27 05:52:25.403,1.2574,1.2576,6.40,2.40
2010.04.27 05:52:29.943,1.2574,1.2576,4.00,4.80
2010.04.27 05:52:30.097,1.2574,1.25755,1.60,4.00
2010.04.27 05:52:30.247,1.25735,1.25755,1.60,4.40
2010.04.27 05:52:33.126,1.25735,1.25755,1.60,6.00
2010.04.27 05:52:34.835,1.25735,1.25755,1.60,4.40
2010.04.27 05:52:36.288,1.2573,1.2575,9.60,4.00
2010.04.27 05:52:36.428,1.2573,1.2575,5.60,3.60
2010.04.27 05:52:36.566,1.2573,1.2575,11.20,3.60
2010.04.27 05:52:36.704,1.2573,1.2575,13.60,3.60
2010.04.27 05:52:40.103,1.2573,1.2575,13.60,5.20
2010.04.27 05:52:42.803,1.2573,1.2575,14.40,4.40
2010.04.27 05:52:42.912,1.25735,1.2575,1.60,1.00
2010.04.27 05:52:43.031,1.25735,1.25755,1.60,9.20
2010.04.27 05:52:43.291,1.25735,1.25755,1.60,8.40
2010.04.27 05:52:43.593,1.25735,1.25755,1.60,6.80
2010.04.27 05:52:45.231,1.25735,1.25755,1.60,6.00
2010.04.27 05:52:45.447,1.25735,1.25755,7.20,4.80
2010.04.27 05:52:45.872,1.25735,1.25755,9.60,4.80
2010.04.27 05:52:49.490,1.25735,1.25755,9.60,2.40
2010.04.27 05:52:49.646,1.25735,1.2576,11.20,12.40
2010.04.27 05:52:49.921,1.25735,1.2576,12.80,12.40
2010.04.27 05:52:50.938,1.2574,1.2576,5.60,6.00
2010.04.27 05:52:51.384,1.2575,1.2576,3.20,2.00
2010.04.27 05:52:51.574,1.25755,1.2577,3.20,1.00
2010.04.27 05:52:51.759,1.25755,1.2577,11.60,1.00
2010.04.27 05:52:52.276,1.25755,1.25775,4.00,3.20
2010.04.27 05:52:52.626,1.2575,1.2577,8.80,1.60
2010.04.27 05:52:52.971,1.2575,1.2577,8.80,4.00
2010.04.27 05:52:53.653,1.2575,1.25765,8.80,3.20
2010.04.27 05:52:54.002,1.2575,1.25765,6.40,3.20
2010.04.27 05:52:54.209,1.2575,1.25765,2.40,3.20
2010.04.27 05:52:54.889,1.2575,1.25765,1.00,3.20
2010.04.27 05:52:55.337,1.2575,1.2577,1.00,2.40
2010.04.27 05:52:55.685,1.2575,1.2577,3.20,1.00
2010.04.27 05:52:56.953,1.25745,1.25765,11.20,4.80
2010.04.27 05:52:57.216,1.2574,1.2576,12.80,1.00
2010.04.27 05:52:57.474,1.2574,1.2576,4.80,2.40
2010.04.27 05:52:57.980,1.2574,1.2576,2.40,4.00
2010.04.27 05:53:00.489,1.25735,1.2576,12.00,8.80
2010.04.27 05:53:00.682,1.25735,1.2576,11.20,9.20
2010.04.27 05:53:00.869,1.25735,1.2576,15.20,9.20
2010.04.27 05:53:08.459,1.2574,1.2576,1.60,7.60
2010.04.27 05:53:09.491,1.25735,1.2576,12.80,8.40
2010.04.27 05:53:09.843,1.2575,1.2576,1.00,2.40
2010.04.27 05:53:10.193,1.2575,1.25775,3.20,1.00
2010.04.27 05:53:10.732,1.2575,1.25775,13.40,2.40
2010.04.27 05:53:11.087,1.2577,1.2579,8.80,6.00
2010.04.27 05:53:11.437,1.2577,1.2579,7.20,3.20
2010.04.27 05:53:11.785,1.25775,1.25795,1.60,6.00
2010.04.27 05:53:12.135,1.2578,1.25795,1.00,1.00
2010.04.27 05:53:12.483,1.2578,1.25795,2.40,1.00
2010.04.27 05:53:12.831,1.2578,1.258,2.40,2.40
2010.04.27 05:53:13.177,1.25775,1.258,4.80,10.00
2010.04.27 05:53:13.529,1.25775,1.25795,4.00,3.20
2010.04.27 05:53:13.875,1.25775,1.25795,4.00,5.20
2010.04.27 05:53:14.374,1.25775,1.25795,3.20,6.80
2010.04.27 05:53:14.681,1.2577,1.25795,11.20,9.60
2010.04.27 05:53:14.981,1.2577,1.25795,12.00,6.80
2010.04.27 05:53:15.279,1.25775,1.25795,1.60,6.00
2010.04.27 05:53:16.136,1.2578,1.25795,1.60,4.00
2010.04.27 05:53:16.479,1.25775,1.25795,3.20,4.80
2010.04.27 05:53:16.559,1.25775,1.25795,3.20,4.00
2010.04.27 05:53:16.722,1.25775,1.25795,3.20,5.60
2010.04.27 05:53:16.864,1.25775,1.25795,1.60,7.20
2010.04.27 05:53:17.313,1.25775,1.25795,1.60,5.60
2010.04.27 05:53:17.924,1.25775,1.25795,1.60,6.40
2010.04.27 05:53:18.279,1.25775,1.25795,4.00,4.80
2010.04.27 05:53:18.630,1.25775,1.25795,4.00,2.40
2010.04.27 05:53:18.918,1.25775,1.25795,4.40,2.40
2010.04.27 05:53:21.281,1.25775,1.25795,4.40,3.20
2010.04.27 05:53:21.681,1.25775,1.25795,4.00,3.20
2010.04.27 05:53:22.182,1.25775,1.25795,4.00,2.40
2010.04.27 05:53:22.303,1.2578,1.25795,1.00,1.60
2010.04.27 05:53:22.580,1.25775,1.25795,4.80,1.60
2010.04.27 05:53:22.713,1.25785,1.258,1.00,3.20
2010.04.27 05:53:22.833,1.25785,1.258,2.40,1.60
2010.04.27 05:53:22.953,1.25785,1.25805,4.40,5.20
2010.04.27 05:53:23.074,1.25785,1.25805,4.50,2.80
2010.04.27 05:53:23.191,1.25785,1.25805,4.40,2.80
2010.04.27 05:53:23.534,1.25785,1.25805,2.80,4.00
2010.04.27 05:53:24.552,1.25785,1.25805,4.40,2.40
2010.04.27 05:53:24.891,1.25785,1.25805,4.40,2.40
2010.04.27 05:53:25.233,1.25785,1.25805,4.40,1.00
2010.04.27 05:53:25.442,1.25785,1.25805,6.80,1.00
2010.04.27 05:53:25.856,1.25785,1.258,4.00,4.00
2010.04.27 05:53:26.065,1.2578,1.25785,5.60,1.00
2010.04.27 05:53:26.333,1.25775,1.25785,2.80,1.00
2010.04.27 05:53:26.558,1.2576,1.25775,2.50,4.00
2010.04.27 05:53:26.788,1.2575,1.2577,12.00,4.00
2010.04.27 05:53:27.079,1.2575,1.25765,11.20,1.00
2010.04.27 05:53:27.314,1.2575,1.25755,2.40,1.00
2010.04.27 05:53:27.541,1.25745,1.2576,2.40,8.80
2010.04.27 05:53:28.118,1.2574,1.25755,2.40,1.00
2010.04.27 05:53:28.467,1.2574,1.25755,4.00,1.00
2010.04.27 05:53:28.814,1.2574,1.25765,16.00,8.40
2010.04.27 05:53:29.163,1.2574,1.25765,7.20,9.20
2010.04.27 05:53:29.501,1.2574,1.25765,4.80,9.20
2010.04.27 05:53:30.184,1.2575,1.25765,1.60,1.00
2010.04.27 05:53:30.533,1.2575,1.25765,8.00,1.00
2010.04.27 05:53:31.232,1.2575,1.25765,8.00,2.40
2010.04.27 05:53:31.470,1.25745,1.25765,6.40,3.60
2010.04.27 05:53:31.707,1.2575,1.25765,5.60,1.00
2010.04.27 05:53:31.936,1.2575,1.2577,5.60,1.00
2010.04.27 05:53:32.390,1.25755,1.25775,1.00,8.80
2010.04.27 05:53:34.510,1.2575,1.25775,15.60,8.80
2010.04.27 05:53:34.911,1.2575,1.2577,13.60,4.00
2010.04.27 05:53:35.112,1.2575,1.2577,1.60,4.00
2010.04.27 05:53:35.309,1.2575,1.2577,1.60,4.40
2010.04.27 05:53:35.509,1.2575,1.2577,1.60,6.00
2010.04.27 05:53:38.099,1.2575,1.2577,1.60,4.40
2010.04.27 05:53:38.699,1.2575,1.2577,1.60,6.00
2010.04.27 05:53:40.324,1.2575,1.2577,1.60,5.60
2010.04.27 05:53:40.788,1.2575,1.2577,1.60,4.80
2010.04.27 05:53:40.969,1.2575,1.2577,3.20,3.20
2010.04.27 05:53:41.458,1.2575,1.2577,4.00,2.40
2010.04.27 05:53:41.558,1.2575,1.2577,14.40,2.40
2010.04.27 05:53:43.663,1.2575,1.2577,11.20,3.20
2010.04.27 05:53:43.904,1.2575,1.2577,3.20,3.20
2010.04.27 05:53:44.371,1.2575,1.2577,3.20,4.40
2010.04.27 05:53:45.177,1.2575,1.2577,3.20,6.00
2010.04.27 05:53:46.414,1.25745,1.25765,4.80,1.00
2010.04.27 05:53:47.236,1.25745,1.25765,4.00,1.60
2010.04.27 05:53:47.565,1.25745,1.25765,4.00,2.00
2010.04.27 05:53:49.736,1.25745,1.25765,4.80,1.20
2010.04.27 05:53:50.065,1.25745,1.25765,4.80,1.00
2010.04.27 05:53:50.728,1.25745,1.2576,2.40,2.00
2010.04.27 05:53:50.860,1.25745,1.2576,1.60,1.00
2010.04.27 05:53:50.996,1.25745,1.25765,1.60,14.00
2010.04.27 05:53:51.126,1.25745,1.25765,1.60,10.00
2010.04.27 05:53:51.552,1.25745,1.25765,3.20,2.40
2010.04.27 05:53:51.717,1.25745,1.2577,6.40,10.00
2010.04.27 05:53:51.887,1.25745,1.2577,14.10,6.40
2010.04.27 05:53:52.384,1.25745,1.2577,11.70,8.80
2010.04.27 05:53:52.724,1.25745,1.2577,14.10,6.40
2010.04.27 05:53:53.464,1.25745,1.2577,11.70,8.80
2010.04.27 05:53:54.146,1.25745,1.2577,5.30,15.20
2010.04.27 05:53:54.278,1.25745,1.25765,3.70,1.00
2010.04.27 05:53:54.417,1.25745,1.2576,1.60,1.00
2010.04.27 05:53:54.800,1.25745,1.25765,1.60,15.60
2010.04.27 05:53:55.088,1.25745,1.25765,1.60,7.60
2010.04.27 05:53:56.614,1.25745,1.25765,2.40,6.80
2010.04.27 05:53:56.736,1.2575,1.25765,1.60,1.20
2010.04.27 05:53:57.137,1.2575,1.25765,1.60,1.00
2010.04.27 05:53:57.255,1.2575,1.25765,1.60,1.00
2010.04.27 05:54:01.072,1.2575,1.25765,1.60,1.20
2010.04.27 05:54:01.395,1.2575,1.25765,1.60,4.40
2010.04.27 05:54:01.518,1.25745,1.25765,2.40,12.40
2010.04.27 05:54:01.636,1.2574,1.25765,4.80,12.40
2010.04.27 05:54:01.752,1.2574,1.25765,4.80,15.60
2010.04.27 05:54:02.075,1.2574,1.25765,5.60,18.80
2010.04.27 05:54:02.272,1.2574,1.25765,6.40,18.80
2010.04.27 05:54:02.474,1.25745,1.25765,2.40,12.40
2010.04.27 05:54:02.674,1.25745,1.25765,2.40,4.80
2010.04.27 05:54:03.084,1.2575,1.25765,1.60,1.00
2010.04.27 05:54:06.001,1.2575,1.25765,1.60,2.40
2010.04.27 05:54:06.173,1.2575,1.25765,1.60,9.30
2010.04.27 05:54:06.292,1.2575,1.25765,1.60,7.70
2010.04.27 05:54:06.412,1.25745,1.25765,4.80,7.20
2010.04.27 05:54:06.738,1.25745,1.25765,4.80,1.00
2010.04.27 05:54:06.865,1.25745,1.25765,4.80,2.40
2010.04.27 05:54:07.111,1.25745,1.25765,4.00,2.40
2010.04.27 05:54:07.423,1.25745,1.25765,4.00,1.00
2010.04.27 05:54:07.615,1.25745,1.25765,4.80,1.00
2010.04.27 05:54:12.610,1.25745,1.25765,4.00,1.60
2010.04.27 05:54:12.843,1.25745,1.25765,1.60,6.00
2010.04.27 05:54:13.078,1.25745,1.25765,2.40,4.40
2010.04.27 05:54:13.580,1.2575,1.2577,1.60,3.20
2010.04.27 05:54:13.817,1.2575,1.2577,8.00,3.20
2010.04.27 05:54:15.900,1.2575,1.2577,9.60,3.20
2010.04.27 05:54:17.682,1.2575,1.2577,9.60,4.00
2010.04.27 05:54:17.990,1.2575,1.2577,7.20,4.00
2010.04.27 05:54:18.137,1.2575,1.2577,1.60,5.60
2010.04.27 05:54:22.990,1.2575,1.2576,1.60,2.40
2010.04.27 05:54:23.161,1.2575,1.25765,1.60,8.00
2010.04.27 05:54:23.330,1.2575,1.2577,1.60,5.60
2010.04.27 05:54:23.761,1.2575,1.2577,1.60,4.00
2010.04.27 05:54:25.820,1.25755,1.25775,1.60,5.20
2010.04.27 05:54:26.087,1.25755,1.25775,1.60,5.20
2010.04.27 05:54:33.079,1.25765,1.2578,1.60,1.20
2010.04.27 05:54:33.232,1.25765,1.25785,1.60,10.00
2010.04.27 05:54:33.378,1.25765,1.25785,4.00,1.00
2010.04.27 05:54:33.528,1.2577,1.25785,1.60,1.20
2010.04.27 05:54:33.837,1.2577,1.25785,1.60,1.00
2010.04.27 05:54:34.146,1.2577,1.2579,1.60,4.00
2010.04.27 05:54:34.455,1.2577,1.2579,1.60,5.60
2010.04.27 05:54:35.284,1.25765,1.2579,1.00,10.00
2010.04.27 05:54:35.533,1.2576,1.2578,5.20,1.00
2010.04.27 05:54:35.790,1.2576,1.2578,1.60,4.00
2010.04.27 05:54:36.341,1.25755,1.2578,6.40,14.80
2010.04.27 05:54:36.446,1.25755,1.2578,5.60,14.00
2010.04.27 05:54:36.768,1.25765,1.2578,1.00,3.60
2010.04.27 05:54:37.100,1.25765,1.25785,2.40,3.60
2010.04.27 05:54:37.478,1.25765,1.25785,2.80,2.00
2010.04.27 05:54:37.786,1.25765,1.2579,4.80,9.60
2010.04.27 05:54:39.044,1.25765,1.2579,4.80,9.80
2010.04.27 05:54:40.146,1.25765,1.25785,3.20,3.20
2010.04.27 05:54:40.288,1.25765,1.25785,2.40,6.40
2010.04.27 05:54:41.273,1.25765,1.25785,2.40,7.20
2010.04.27 05:54:41.685,1.25765,1.25785,1.60,7.20
2010.04.27 05:54:42.166,1.2577,1.25785,2.40,6.40
2010.04.27 05:54:42.383,1.2577,1.25795,6.40,12.20
2010.04.27 05:54:42.731,1.25775,1.2579,1.60,1.60
2010.04.27 05:54:43.271,1.2577,1.2579,2.40,3.20
2010.04.27 05:54:43.617,1.2577,1.2579,2.40,4.00
2010.04.27 05:54:43.966,1.2577,1.2579,4.00,4.00
2010.04.27 05:54:44.320,1.2577,1.2579,7.20,6.40
2010.04.27 05:54:44.669,1.25765,1.25785,4.00,1.00
2010.04.27 05:54:45.014,1.25765,1.25785,4.40,1.00
2010.04.27 05:54:45.354,1.25765,1.25785,4.40,4.00
2010.04.27 05:54:45.882,1.25765,1.2578,2.00,1.00
2010.04.27 05:54:46.086,1.2576,1.2578,15.30,3.20
2010.04.27 05:54:46.285,1.2576,1.2578,3.60,3.20
2010.04.27 05:54:46.484,1.2576,1.2578,3.20,3.20
2010.04.27 05:54:46.683,1.2576,1.2578,2.40,6.40
2010.04.27 05:54:46.832,1.2576,1.25775,2.40,1.60
2010.04.27 05:54:50.765,1.25755,1.25775,6.80,4.80
2010.04.27 05:54:50.941,1.25755,1.25775,4.00,5.40
2010.04.27 05:54:51.122,1.25755,1.25775,8.00,5.40
2010.04.27 05:54:51.300,1.25755,1.25775,10.40,5.40
2010.04.27 05:54:52.041,1.25755,1.25775,9.60,5.40
2010.04.27 05:54:54.900,1.25755,1.25775,9.60,3.00
2010.04.27 05:54:55.062,1.2576,1.25775,2.40,1.60
2010.04.27 05:54:55.290,1.2576,1.25775,6.40,1.60
2010.04.27 05:54:58.051,1.2576,1.25775,4.00,5.40
2010.04.27 05:54:58.342,1.2575,1.2577,10.40,1.00
2010.04.27 05:54:58.631,1.2575,1.2577,1.60,1.00
2010.04.27 05:54:58.920,1.2575,1.2577,1.60,2.40
2010.04.27 05:54:59.766,1.2575,1.2577,4.00,2.40
2010.04.27 05:54:59.998,1.2575,1.25765,1.60,1.00
2010.04.27 05:55:00.224,1.2575,1.2577,1.60,2.40
2010.04.27 05:55:01.419,1.2575,1.25765,1.60,1.00
2010.04.27 05:55:02.950,1.2575,1.2577,1.60,6.80
2010.04.27 05:55:03.176,1.2575,1.25775,7.20,18.80
2010.04.27 05:55:03.642,1.2575,1.25775,8.80,9.20
2010.04.27 05:55:03.863,1.2575,1.25765,8.80,1.00
2010.04.27 05:55:04.083,1.2574,1.2576,10.80,3.20
2010.04.27 05:55:04.415,1.25735,1.2575,1.60,4.00
2010.04.27 05:55:04.743,1.2573,1.2575,1.00,9.20
2010.04.27 05:55:05.073,1.2573,1.2575,2.40,6.00
2010.04.27 05:55:05.760,1.2573,1.2575,6.40,4.40
2010.04.27 05:55:06.099,1.2573,1.2575,2.40,6.00
2010.04.27 05:55:07.017,1.2573,1.25745,2.40,2.40
2010.04.27 05:55:07.456,1.2573,1.2575,1.00,9.20
2010.04.27 05:55:07.563,1.25725,1.2575,14.40,8.40
2010.04.27 05:55:07.660,1.2573,1.2575,1.00,6.40
2010.04.27 05:55:07.762,1.25725,1.25745,18.00,1.00
2010.04.27 05:55:07.858,1.25725,1.25745,16.00,3.20
2010.04.27 05:55:07.959,1.25725,1.25745,6.40,6.40
2010.04.27 05:55:08.057,1.25725,1.25745,3.20,6.40
2010.04.27 05:55:08.499,1.25725,1.25745,13.60,6.40
2010.04.27 05:55:08.838,1.2573,1.25745,1.00,1.60
2010.04.27 05:55:09.177,1.25725,1.25745,18.40,1.60
2010.04.27 05:55:09.518,1.2573,1.25745,1.00,1.60
2010.04.27 05:55:11.018,1.25725,1.25745,13.60,4.00
2010.04.27 05:55:11.257,1.25725,1.25745,2.40,6.40
2010.04.27 05:55:11.499,1.2572,1.2574,2.40,2.40
2010.04.27 05:55:11.718,1.25725,1.25745,1.00,4.00
2010.04.27 05:55:12.190,1.25725,1.2574,1.00,1.60
2010.04.27 05:55:12.418,1.25725,1.25745,1.00,4.00
2010.04.27 05:55:15.648,1.25725,1.25745,4.00,4.00
2010.04.27 05:55:15.793,1.25725,1.25745,10.40,1.00
2010.04.27 05:55:15.929,1.2573,1.2575,4.00,4.00
2010.04.27 05:55:16.071,1.25735,1.25755,2.40,4.80
2010.04.27 05:55:16.209,1.2574,1.25755,3.20,3.20
2010.04.27 05:55:16.348,1.2574,1.25755,3.20,1.60
2010.04.27 05:55:16.486,1.2574,1.25755,3.20,1.00
2010.04.27 05:55:16.626,1.2574,1.2576,1.00,3.20
2010.04.27 05:55:16.765,1.2574,1.2576,4.80,3.20
2010.04.27 05:55:17.165,1.2574,1.2576,8.80,3.20
2010.04.27 05:55:17.669,1.2574,1.25755,5.60,1.00
2010.04.27 05:55:17.949,1.25735,1.2575,2.40,1.00
2010.04.27 05:55:18.227,1.2573,1.2575,2.40,4.80
2010.04.27 05:55:18.986,1.2573,1.2575,1.00,6.40
2010.04.27 05:55:19.185,1.2573,1.2575,1.00,8.80
2010.04.27 05:55:19.503,1.25725,1.2575,10.40,9.20
2010.04.27 05:55:19.715,1.25725,1.25745,10.00,3.20
2010.04.27 05:55:19.918,1.25725,1.2574,5.60,1.00
2010.04.27 05:55:20.268,1.2572,1.2574,2.40,2.40
2010.04.27 05:55:20.956,1.2572,1.2574,6.40,1.60
2010.04.27 05:55:21.176,1.2572,1.2574,8.80,2.40
2010.04.27 05:55:21.626,1.2572,1.2574,2.40,1.00
2010.04.27 05:55:22.066,1.2572,1.2574,1.60,1.00
2010.04.27 05:55:22.205,1.2572,1.2574,2.40,6.40
2010.04.27 05:55:22.353,1.2572,1.25745,5.60,18.00
2010.04.27 05:55:22.499,1.2572,1.25745,7.60,9.60
2010.04.27 05:55:22.741,1.2572,1.25745,7.60,5.60
2010.04.27 05:55:22.891,1.2573,1.25745,4.80,3.20
2010.04.27 05:55:23.039,1.2573,1.2575,15.20,2.00
2010.04.27 05:55:23.386,1.25735,1.25755,2.40,6.00
2010.04.27 05:55:23.739,1.25735,1.25755,8.00,1.60
2010.04.27 05:55:24.289,1.25735,1.2576,8.80,5.60
2010.04.27 05:55:24.555,1.2574,1.2576,1.60,4.80
2010.04.27 05:55:25.089,1.2574,1.2576,14.80,4.80
2010.04.27 05:55:25.357,1.2574,1.2576,12.40,4.80
2010.04.27 05:55:25.624,1.2574,1.2576,4.40,4.80
2010.04.27 05:55:26.633,1.2574,1.2576,3.60,5.60
2010.04.27 05:55:26.855,1.25735,1.2575,1.00,1.60
2010.04.27 05:55:27.057,1.25735,1.2575,1.00,2.40
2010.04.27 05:55:27.267,1.2573,1.2575,10.40,1.20
2010.04.27 05:55:27.477,1.2573,1.25745,2.40,6.40
2010.04.27 05:55:27.659,1.25725,1.25745,1.60,8.00
2010.04.27 05:55:27.997,1.25725,1.2574,1.60,1.00
2010.04.27 05:55:28.181,1.25715,1.25735,6.80,1.00
2010.04.27 05:55:28.356,1.25715,1.25735,4.40,1.00
2010.04.27 05:55:28.705,1.25715,1.25735,4.00,2.40
2010.04.27 05:55:32.431,1.25715,1.25735,4.00,1.60
2010.04.27 05:55:32.604,1.2571,1.2573,18.80,1.60
2010.04.27 05:55:32.919,1.2571,1.2573,14.80,1.60
2010.04.27 05:55:33.086,1.25715,1.25735,1.00,5.60
2010.04.27 05:55:33.245,1.25715,1.25735,4.00,4.80
2010.04.27 05:55:33.401,1.25715,1.25735,5.60,3.20
2010.04.27 05:55:33.563,1.25715,1.25735,2.40,4.00
2010.04.27 05:55:33.720,1.25715,1.25735,1.00,5.60
2010.04.27 05:55:33.880,1.25715,1.25735,2.40,4.00
2010.04.27 05:55:34.040,1.25715,1.25735,1.00,5.60
2010.04.27 05:55:35.460,1.25715,1.25735,2.40,4.00
2010.04.27 05:55:36.526,1.25715,1.25735,4.00,2.40
2010.04.27 05:55:36.685,1.25715,1.25735,5.60,4.50
2010.04.27 05:55:36.840,1.25715,1.25735,1.60,10.40
2010.04.27 05:55:37.000,1.2571,1.25735,11.20,8.00
2010.04.27 05:55:37.160,1.2571,1.25735,8.80,8.00
2010.04.27 05:55:37.320,1.2571,1.25735,8.80,9.60
2010.04.27 05:55:38.592,1.2571,1.25735,8.80,9.70
2010.04.27 05:55:38.765,1.2571,1.25725,3.20,4.80
2010.04.27 05:55:38.936,1.25705,1.2572,5.20,5.20
2010.04.27 05:55:39.104,1.25705,1.25715,1.00,3.20
2010.04.27 05:55:39.443,1.25695,1.25715,8.40,3.20
2010.04.27 05:55:39.960,1.257,1.25715,2.40,3.20
2010.04.27 05:55:41.501,1.25695,1.25715,6.40,12.00
2010.04.27 05:55:41.721,1.25695,1.25715,7.60,3.20
2010.04.27 05:55:46.578,1.25695,1.25715,6.80,3.20
2010.04.27 05:55:46.758,1.25695,1.25715,6.80,5.60
2010.04.27 05:55:46.854,1.25695,1.25715,3.60,7.60
2010.04.27 05:55:46.942,1.25695,1.2571,2.40,1.60
2010.04.27 05:55:47.030,1.2569,1.2571,5.20,3.20
2010.04.27 05:55:47.351,1.25695,1.2571,1.60,3.20
2010.04.27 05:55:47.441,1.25695,1.2571,2.00,3.20
2010.04.27 05:55:48.472,1.25695,1.2571,1.00,1.60
2010.04.27 05:55:49.738,1.25695,1.2571,2.00,1.60
2010.04.27 05:55:50.619,1.25695,1.25715,3.60,1.10
2010.04.27 05:55:50.637,1.25695,1.25715,3.60,1.00
2010.04.27 05:55:50.661,1.25695,1.25715,4.00,1.00
2010.04.27 05:55:50.742,1.25695,1.25715,4.80,1.00
2010.04.27 05:55:51.310,1.257,1.25715,1.60,1.00
2010.04.27 05:55:52.087,1.257,1.25715,4.00,1.00
2010.04.27 05:55:52.279,1.25705,1.25725,1.60,13.90
2010.04.27 05:55:52.469,1.25705,1.25725,7.20,2.30
2010.04.27 05:55:52.657,1.25705,1.25725,7.60,1.90
2010.04.27 05:55:52.895,1.25705,1.25725,6.00,1.90
2010.04.27 05:55:53.092,1.25705,1.25725,6.00,1.00
2010.04.27 05:55:53.288,1.25705,1.25725,6.00,3.50
2010.04.27 05:55:53.485,1.25705,1.25725,4.40,3.50
2010.04.27 05:55:56.866,1.2571,1.25725,1.00,3.50
2010.04.27 05:56:00.667,1.25705,1.25725,6.40,3.50
2010.04.27 05:56:01.155,1.25705,1.25725,5.60,5.20
2010.04.27 05:56:01.367,1.25695,1.25715,6.80,1.00
2010.04.27 05:56:01.577,1.25695,1.25715,7.20,1.00
2010.04.27 05:56:01.885,1.25695,1.25715,4.80,4.00
2010.04.27 05:56:02.493,1.25695,1.25715,17.20,1.60
2010.04.27 05:56:04.257,1.25695,1.25715,15.60,3.20
2010.04.27 05:56:05.106,1.25695,1.25715,11.20,4.00
2010.04.27 05:56:05.457,1.2569,1.2571,17.20,1.60
2010.04.27 05:56:05.807,1.2569,1.2571,6.40,1.60
2010.04.27 05:56:06.044,1.2569,1.2571,6.00,1.60
2010.04.27 05:56:06.284,1.2569,1.2571,7.60,1.60
2010.04.27 05:56:06.762,1.2569,1.2571,6.00,1.60
2010.04.27 05:56:07.296,1.2569,1.25705,1.00,1.60
2010.04.27 05:56:09.714,1.25685,1.25705,18.00,2.40
2010.04.27 05:56:09.824,1.25685,1.25705,17.60,1.60
2010.04.27 05:56:10.150,1.25685,1.25705,16.00,3.20
2010.04.27 05:56:10.496,1.25685,1.25705,5.60,3.20
2010.04.27 05:56:10.839,1.25685,1.25705,3.20,3.20
2010.04.27 05:56:11.178,1.2568,1.257,5.60,1.00
2010.04.27 05:56:11.432,1.2568,1.257,4.80,1.00
2010.04.27 05:56:11.958,1.25685,1.25705,1.00,8.40
2010.04.27 05:56:12.332,1.25685,1.25705,2.40,6.80
2010.04.27 05:56:12.520,1.25685,1.25705,1.00,6.80
2010.04.27 05:56:12.715,1.25685,1.257,1.00,1.60
2010.04.27 05:56:13.335,1.2568,1.257,14.40,6.40
2010.04.27 05:56:13.694,1.2568,1.25695,1.60,2.40
2010.04.27 05:56:14.048,1.25675,1.25695,4.00,2.40
2010.04.27 05:56:14.445,1.25675,1.25695,4.00,4.00
2010.04.27 05:56:14.777,1.25675,1.25695,2.40,4.00
2010.04.27 05:56:15.107,1.2568,1.25695,1.00,3.20
2010.04.27 05:56:15.773,1.2568,1.257,1.00,5.60
2010.04.27 05:56:17.230,1.2568,1.257,1.00,6.40
2010.04.27 05:56:17.531,1.25675,1.25695,12.00,3.20
2010.04.27 05:56:17.683,1.25675,1.25695,1.20,4.00
2010.04.27 05:56:17.919,1.25675,1.25695,1.00,4.00
2010.04.27 05:56:22.478,1.25675,1.25695,1.00,4.80
2010.04.27 05:56:23.980,1.25675,1.25695,8.80,4.00
2010.04.27 05:56:24.359,1.25675,1.25695,8.80,3.20
2010.04.27 05:56:24.519,1.25675,1.25695,16.80,3.20
2010.04.27 05:56:24.999,1.2568,1.25695,1.00,3.20
2010.04.27 05:56:28.196,1.25675,1.25695,17.20,3.20
2010.04.27 05:56:28.247,1.25675,1.25695,16.80,3.20
2010.04.27 05:56:28.434,1.25675,1.25695,14.40,3.20
2010.04.27 05:56:28.479,1.25675,1.25695,10.40,4.00
2010.04.27 05:56:28.527,1.25675,1.2569,10.40,1.60
2010.04.27 05:56:28.780,1.25675,1.2569,6.40,1.60
2010.04.27 05:56:29.136,1.25675,1.2569,2.40,1.60
2010.04.27 05:56:30.663,1.2567,1.2569,18.40,2.40
2010.04.27 05:56:31.031,1.2567,1.2569,11.60,4.00
2010.04.27 05:56:31.277,1.2567,1.25685,2.40,1.60
2010.04.27 05:56:32.269,1.2567,1.25685,5.60,1.60
2010.04.27 05:56:32.456,1.2567,1.25685,13.60,1.60
2010.04.27 05:56:33.059,1.2567,1.2569,13.60,4.00
2010.04.27 05:56:33.261,1.2567,1.2569,13.60,3.20
2010.04.27 05:56:33.816,1.2567,1.2569,13.60,4.00
2010.04.27 05:56:34.649,1.2567,1.2569,11.20,7.20
2010.04.27 05:56:34.706,1.2567,1.2569,8.80,8.80
2010.04.27 05:56:34.806,1.2567,1.25685,8.80,1.60
2010.04.27 05:56:34.856,1.2567,1.25685,4.80,1.60
2010.04.27 05:56:34.908,1.2567,1.25685,1.00,1.60
2010.04.27 05:56:34.959,1.2567,1.25685,4.80,1.60
2010.04.27 05:56:35.016,1.2567,1.25685,8.80,1.60
2010.04.27 05:56:35.351,1.2567,1.25685,11.20,1.60
2010.04.27 05:56:36.679,1.2567,1.25685,10.40,1.60
2010.04.27 05:56:36.868,1.25665,1.25685,17.20,1.60
2010.04.27 05:56:37.487,1.25665,1.25685,16.00,3.20
2010.04.27 05:56:37.668,1.25665,1.25685,17.60,1.60
2010.04.27 05:56:37.927,1.2567,1.2569,1.00,5.20
2010.04.27 05:56:38.187,1.2567,1.2569,1.00,3.60
2010.04.27 05:56:38.446,1.2567,1.2569,2.40,1.60
2010.04.27 05:56:38.970,1.25665,1.2569,22.10,2.40
2010.04.27 05:56:39.362,1.25665,1.2569,18.90,4.00
2010.04.27 05:56:39.527,1.2567,1.2569,1.00,3.20
2010.04.27 05:56:40.116,1.25665,1.2569,21.80,5.60
2010.04.27 05:56:40.367,1.25665,1.2569,10.90,5.60
2010.04.27 05:56:41.498,1.25665,1.2568,4.00,1.00
2010.04.27 05:56:42.005,1.2566,1.25685,6.80,7.20
2010.04.27 05:56:42.095,1.25665,1.25685,1.00,12.30
2010.04.27 05:56:42.184,1.25665,1.25685,1.00,8.30
2010.04.27 05:56:42.365,1.25665,1.25685,1.00,7.50
2010.04.27 05:56:42.804,1.25665,1.25685,2.40,7.50
2010.04.27 05:56:43.054,1.25665,1.25685,4.00,7.50
2010.04.27 05:56:43.368,1.2567,1.25685,1.00,3.50
2010.04.27 05:56:43.795,1.2567,1.25685,6.40,1.00
2010.04.27 05:56:44.112,1.2567,1.2569,5.60,3.20
2010.04.27 05:56:44.280,1.2567,1.25685,1.00,1.00
2010.04.27 05:56:44.454,1.25665,1.25685,8.40,1.00
2010.04.27 05:56:44.619,1.25665,1.25685,4.40,1.00
2010.04.27 05:56:44.785,1.25665,1.25685,4.00,1.00
2010.04.27 05:56:45.168,1.25665,1.25685,4.80,1.00
2010.04.27 05:56:45.506,1.25665,1.25685,7.20,1.00
2010.04.27 05:56:46.535,1.25665,1.2569,7.20,8.00
2010.04.27 05:56:46.677,1.25665,1.25685,7.20,1.00
2010.04.27 05:56:46.825,1.25665,1.25685,11.20,1.00
2010.04.27 05:56:46.963,1.25665,1.25685,7.20,1.00
2010.04.27 05:56:47.243,1.25665,1.25685,4.80,1.00
2010.04.27 05:56:48.050,1.25665,1.25685,7.20,1.00
2010.04.27 05:56:48.723,1.25665,1.25685,8.00,1.00
2010.04.27 05:56:48.954,1.2567,1.25685,1.60,1.00
2010.04.27 05:56:51.529,1.2567,1.2569,4.00,4.80
2010.04.27 05:56:51.859,1.2567,1.2569,8.00,3.20
2010.04.27 05:56:52.184,1.2567,1.2569,5.60,4.00
2010.04.27 05:56:52.621,1.2567,1.2569,4.00,5.60
2010.04.27 05:56:52.684,1.2567,1.25685,4.00,1.00
2010.04.27 05:56:52.743,1.2567,1.2569,4.00,6.40
2010.04.27 05:56:52.803,1.2567,1.2569,1.60,9.70
2010.04.27 05:56:52.922,1.2567,1.25685,1.60,4.00
2010.04.27 05:56:53.174,1.25665,1.25685,6.80,4.00
2010.04.27 05:56:53.422,1.25665,1.25685,6.40,4.00
2010.04.27 05:56:55.641,1.25665,1.25685,4.00,7.70
2010.04.27 05:56:58.759,1.25665,1.25685,2.40,7.70
2010.04.27 05:56:59.031,1.25665,1.25685,6.40,5.30
2010.04.27 05:56:59.303,1.25665,1.2569,16.40,8.80
2010.04.27 05:56:59.571,1.25665,1.2569,12.40,4.80
2010.04.27 05:57:00.140,1.25665,1.25685,10.00,3.20
2010.04.27 05:57:00.356,1.25665,1.25685,7.60,1.60
2010.04.27 05:57:00.566,1.25665,1.2569,9.20,8.00
2010.04.27 05:57:00.771,1.25665,1.2569,10.00,9.60
2010.04.27 05:57:01.082,1.25665,1.2569,10.00,5.60
2010.04.27 05:57:02.876,1.25665,1.2569,7.60,8.00
2010.04.27 05:57:02.929,1.2566,1.2568,20.00,1.00
2010.04.27 05:57:03.020,1.2566,1.25685,16.40,6.40
2010.04.27 05:57:03.111,1.2566,1.2568,12.00,1.00
2010.04.27 05:57:03.161,1.2566,1.2568,8.00,1.00
2010.04.27 05:57:03.502,1.2566,1.2568,4.80,1.60
2010.04.27 05:57:03.855,1.25665,1.25685,6.80,3.50
2010.04.27 05:57:08.348,1.25665,1.25685,5.20,5.10
2010.04.27 05:57:08.478,1.25665,1.25685,4.40,9.90
2010.04.27 05:57:08.610,1.25665,1.25685,4.00,9.90
2010.04.27 05:57:08.739,1.25665,1.25685,4.80,13.10
2010.04.27 05:57:09.042,1.25665,1.25685,4.80,9.90
2010.04.27 05:57:09.386,1.25665,1.25685,14.00,3.50
2010.04.27 05:57:09.719,1.25665,1.25685,15.60,3.50
2010.04.27 05:57:10.048,1.25665,1.25685,13.20,3.50
2010.04.27 05:57:10.378,1.25665,1.25685,6.40,3.50
2010.04.27 05:57:14.845,1.25665,1.25685,8.00,3.50
2010.04.27 05:57:19.550,1.2566,1.2568,2.80,1.00
2010.04.27 05:57:19.778,1.25655,1.25675,18.40,1.00
2010.04.27 05:57:20.009,1.25655,1.25675,6.40,1.00
2010.04.27 05:57:20.267,1.25655,1.25675,5.60,1.00
2010.04.27 05:57:20.519,1.25655,1.25675,4.80,4.80
2010.04.27 05:57:20.776,1.25655,1.25675,3.20,4.80
2010.04.27 05:57:21.026,1.25655,1.25675,1.60,4.00
2010.04.27 05:57:21.339,1.2565,1.2567,6.40,4.00
2010.04.27 05:57:21.659,1.25655,1.2567,1.00,3.20
2010.04.27 05:57:21.977,1.25655,1.25675,1.00,5.90
2010.04.27 05:57:23.325,1.2565,1.2567,7.60,2.40
2010.04.27 05:57:23.558,1.2565,1.25665,4.00,3.20
2010.04.27 05:57:23.796,1.25645,1.25665,6.80,4.00
2010.04.27 05:57:24.026,1.25645,1.25665,2.40,4.00
2010.04.27 05:57:25.629,1.2564,1.25665,13.60,5.60
2010.04.27 05:57:25.920,1.2564,1.2566,8.00,4.00
2010.04.27 05:57:26.207,1.25645,1.25665,4.00,6.00
2010.04.27 05:57:26.495,1.2564,1.25665,10.00,7.90
2010.04.27 05:57:26.755,1.2564,1.2566,9.20,1.60
2010.04.27 05:57:27.019,1.25645,1.2566,1.00,1.60
2010.04.27 05:57:27.279,1.2564,1.25665,6.80,5.90
2010.04.27 05:57:27.536,1.25645,1.25665,1.00,5.90
2010.04.27 05:57:27.766,1.25645,1.25665,4.00,5.10
2010.04.27 05:57:28.020,1.25645,1.25665,5.60,3.50
2010.04.27 05:57:28.254,1.25645,1.25665,1.00,4.30
2010.04.27 05:57:28.482,1.2564,1.25665,10.40,4.30
2010.04.27 05:57:28.826,1.2564,1.25665,8.00,8.30
2010.04.27 05:57:29.177,1.25645,1.25665,4.40,3.50
2010.04.27 05:57:30.106,1.25645,1.25665,1.00,5.90
2010.04.27 05:57:30.398,1.25645,1.25665,1.00,9.90
2010.04.27 05:57:30.821,1.25645,1.2566,1.00,4.80
2010.04.27 05:57:31.140,1.25635,1.25655,3.60,5.60
2010.04.27 05:57:31.775,1.25635,1.25655,2.40,13.20
2010.04.27 05:57:32.332,1.2563,1.25645,2.00,1.00
2010.04.27 05:57:32.401,1.25625,1.25645,1.60,6.40
2010.04.27 05:57:32.698,1.25625,1.25645,3.20,6.40
2010.04.27 05:57:33.303,1.25625,1.25645,3.20,4.80
2010.04.27 05:57:34.464,1.25625,1.25645,7.20,4.00
2010.04.27 05:57:35.483,1.25625,1.25645,8.00,4.00
2010.04.27 05:57:35.825,1.25625,1.25645,4.00,4.80
2010.04.27 05:57:36.754,1.25625,1.2564,1.00,3.20
2010.04.27 05:57:36.952,1.25625,1.2564,5.60,3.20
2010.04.27 05:57:37.153,1.25625,1.25645,7.20,4.00
2010.04.27 05:57:39.251,1.25625,1.25645,2.40,6.40
2010.04.27 05:57:39.461,1.25625,1.25645,8.00,4.00
2010.04.27 05:57:39.671,1.2563,1.25645,2.40,2.40
2010.04.27 05:57:39.823,1.25635,1.2565,1.60,1.60
2010.04.27 05:57:39.970,1.25635,1.25655,1.60,12.30
2010.04.27 05:57:40.122,1.25635,1.25655,1.60,15.50
2010.04.27 05:57:40.270,1.25635,1.25655,1.60,15.60
2010.04.27 05:57:40.680,1.25635,1.25655,1.60,18.00
2010.04.27 05:57:41.360,1.25635,1.25655,1.60,15.50
2010.04.27 05:57:44.239,1.25635,1.25655,1.60,15.60
2010.04.27 05:57:44.686,1.2563,1.25655,3.20,18.70
2010.04.27 05:57:44.823,1.2563,1.2565,3.20,4.00
2010.04.27 05:57:45.560,1.2563,1.2565,2.40,4.00
2010.04.27 05:57:46.244,1.25625,1.25645,11.20,1.60
2010.04.27 05:57:46.556,1.25625,1.25645,10.40,1.60
2010.04.27 05:57:46.711,1.25625,1.25645,8.00,1.60
2010.04.27 05:57:47.271,1.25625,1.25645,5.60,4.00
2010.04.27 05:57:47.899,1.25625,1.25645,6.40,4.00
2010.04.27 05:57:48.112,1.25625,1.25645,10.40,3.20
2010.04.27 05:57:48.331,1.25625,1.25645,10.40,1.60
2010.04.27 05:57:48.660,1.25625,1.25645,10.80,1.60
2010.04.27 05:57:50.579,1.2563,1.2565,1.00,4.80
2010.04.27 05:57:56.307,1.2563,1.2565,1.00,4.00
2010.04.27 05:57:57.297,1.2563,1.2565,1.00,5.60
2010.04.27 05:57:57.369,1.25625,1.2565,16.40,5.60
2010.04.27 05:57:57.435,1.25625,1.2565,14.00,5.60
2010.04.27 05:57:57.505,1.25625,1.2565,14.80,5.60
2010.04.27 05:57:57.578,1.25625,1.2565,13.60,6.40
2010.04.27 05:57:57.646,1.25625,1.2565,9.60,6.40
2010.04.27 05:57:57.816,1.25625,1.25645,9.60,1.60
2010.04.27 05:57:59.517,1.25625,1.25645,8.00,1.60
2010.04.27 05:58:02.085,1.25625,1.2565,9.60,6.40
2010.04.27 05:58:02.195,1.25625,1.2565,10.80,4.00
2010.04.27 05:58:02.607,1.2563,1.2565,1.60,4.00
2010.04.27 05:58:03.064,1.2563,1.2565,1.60,2.40
2010.04.27 05:58:03.175,1.2563,1.2565,2.40,2.40
2010.04.27 05:58:03.419,1.2563,1.25655,7.20,14.30
2010.04.27 05:58:03.658,1.25635,1.25655,1.00,7.50
2010.04.27 05:58:03.896,1.25635,1.25655,5.60,1.90
2010.04.27 05:58:04.353,1.25635,1.25655,6.40,1.90
2010.04.27 05:58:05.380,1.25635,1.25655,6.80,1.00
2010.04.27 05:58:06.030,1.25635,1.25655,6.80,1.10
2010.04.27 05:58:06.360,1.25635,1.25655,6.40,1.10
2010.04.27 05:58:06.656,1.25635,1.25655,2.40,2.70
2010.04.27 05:58:06.939,1.25635,1.25655,6.40,2.70
2010.04.27 05:58:07.234,1.25635,1.25655,3.20,1.00
2010.04.27 05:58:10.352,1.25635,1.2566,6.40,10.00
2010.04.27 05:58:10.413,1.25635,1.2566,8.00,10.00
2010.04.27 05:58:10.472,1.25635,1.2566,11.40,9.60
2010.04.27 05:58:10.594,1.25635,1.2566,11.40,5.60
2010.04.27 05:58:10.853,1.25635,1.2566,10.60,4.00
2010.04.27 05:58:11.124,1.2564,1.2566,1.60,4.00
2010.04.27 05:58:11.645,1.2564,1.2566,4.00,2.40
2010.04.27 05:58:12.043,1.2564,1.2566,2.40,2.40
2010.04.27 05:58:13.572,1.2564,1.2566,3.20,2.40
2010.04.27 05:58:13.920,1.2564,1.25665,4.00,13.20
2010.04.27 05:58:14.160,1.25645,1.25665,8.60,1.60
2010.04.27 05:58:14.397,1.25645,1.25665,14.40,1.60
2010.04.27 05:58:14.635,1.25645,1.25665,11.00,1.60
2010.04.27 05:58:14.872,1.25645,1.25665,10.20,1.60
2010.04.27 05:58:15.293,1.25645,1.25665,9.40,1.60
2010.04.27 05:58:15.501,1.25645,1.25665,10.20,1.60
2010.04.27 05:58:15.716,1.25645,1.25665,8.60,1.60
2010.04.27 05:58:16.061,1.25645,1.25665,6.20,1.60
2010.04.27 05:58:16.401,1.25645,1.25665,1.00,2.40
2010.04.27 05:58:18.223,1.2564,1.25665,16.80,2.40
2010.04.27 05:58:18.583,1.2564,1.25665,12.80,2.40
2010.04.27 05:58:18.889,1.25645,1.25665,4.00,4.80
2010.04.27 05:58:19.203,1.25645,1.25665,4.00,1.00
2010.04.27 05:58:19.806,1.2564,1.25665,9.40,15.20
2010.04.27 05:58:20.346,1.2564,1.25665,10.20,14.40
2010.04.27 05:58:20.606,1.25645,1.2566,3.20,1.60
2010.04.27 05:58:21.874,1.2564,1.2566,9.40,1.60
2010.04.27 05:58:22.000,1.25645,1.25665,3.20,12.00
2010.04.27 05:58:22.125,1.25645,1.2566,4.00,1.00
2010.04.27 05:58:22.250,1.25645,1.2566,4.80,1.00
2010.04.27 05:58:22.372,1.25645,1.2566,4.00,4.80
2010.04.27 05:58:22.493,1.25645,1.2566,1.60,6.40
2010.04.27 05:58:22.823,1.2564,1.25655,2.40,1.00
2010.04.27 05:58:23.019,1.25635,1.2566,9.60,10.00
2010.04.27 05:58:23.200,1.25635,1.2566,10.60,5.60
2010.04.27 05:58:24.098,1.25635,1.25655,8.20,2.40
2010.04.27 05:58:24.343,1.25635,1.2565,1.60,9.60
2010.04.27 05:58:24.830,1.25635,1.25655,6.00,13.30
2010.04.27 05:58:25.080,1.25635,1.25655,1.60,6.80
2010.04.27 05:58:25.324,1.2563,1.2565,7.00,1.60
2010.04.27 05:58:25.676,1.25625,1.25645,10.80,1.20
2010.04.27 05:58:26.021,1.25625,1.25645,7.20,1.20
2010.04.27 05:58:26.360,1.25625,1.25645,6.40,1.20
2010.04.27 05:58:26.569,1.25625,1.25645,7.20,1.20
2010.04.27 05:58:26.980,1.25625,1.25645,10.40,1.00
2010.04.27 05:58:27.376,1.25625,1.2565,9.60,6.80
2010.04.27 05:58:27.561,1.25625,1.2564,8.80,1.00
2010.04.27 05:58:27.643,1.25625,1.25645,7.20,1.00
2010.04.27 05:58:27.720,1.25625,1.25645,3.20,12.00
2010.04.27 05:58:27.807,1.25625,1.2564,4.00,1.60
2010.04.27 05:58:27.881,1.25625,1.2564,10.40,2.40
2010.04.27 05:58:27.961,1.25625,1.25645,12.80,4.00
2010.04.27 05:58:28.185,1.25625,1.25645,9.20,1.60
2010.04.27 05:58:28.429,1.25625,1.2564,8.40,1.00
2010.04.27 05:58:28.772,1.2562,1.2564,2.00,25.30
2010.04.27 05:58:29.121,1.2562,1.25635,2.00,4.00
2010.04.27 05:58:29.788,1.2562,1.25635,4.40,4.00
2010.04.27 05:58:29.952,1.25625,1.25635,4.80,4.00
2010.04.27 05:58:30.244,1.25625,1.2564,6.40,4.00
2010.04.27 05:58:30.416,1.25625,1.25645,13.10,2.00
2010.04.27 05:58:30.580,1.25625,1.25645,9.10,1.60
2010.04.27 05:58:30.920,1.25625,1.2565,9.10,6.40
2010.04.27 05:58:33.206,1.25625,1.2565,9.10,8.80
2010.04.27 05:58:33.356,1.25625,1.2565,9.10,12.80
2010.04.27 05:58:33.817,1.25625,1.25645,8.30,1.00
2010.04.27 05:58:34.034,1.25625,1.2564,1.00,1.00
2010.04.27 05:58:34.348,1.2562,1.2564,10.40,16.00
2010.04.27 05:58:34.566,1.2562,1.2564,2.80,16.90
2010.04.27 05:58:35.025,1.2562,1.25635,2.80,4.00
2010.04.27 05:58:36.230,1.2562,1.25635,1.20,4.80
2010.04.27 05:58:36.706,1.25615,1.25635,4.40,4.80
2010.04.27 05:58:36.951,1.25615,1.25635,2.80,4.80
2010.04.27 05:58:37.202,1.2562,1.25635,1.60,4.00
2010.04.27 05:58:37.259,1.2562,1.25635,2.40,4.00
2010.04.27 05:58:37.438,1.2562,1.2564,2.40,15.20
2010.04.27 05:58:37.501,1.2562,1.2564,3.60,23.20
2010.04.27 05:58:37.664,1.25625,1.2564,2.40,21.60
2010.04.27 05:58:37.938,1.25625,1.2564,2.40,8.00
2010.04.27 05:58:38.003,1.25615,1.25635,19.90,1.00
2010.04.27 05:58:38.059,1.2562,1.25635,4.00,1.00
2010.04.27 05:58:38.518,1.25615,1.25635,7.40,1.00
2010.04.27 05:58:41.149,1.25615,1.25635,5.80,2.40
2010.04.27 05:58:42.014,1.25615,1.25635,6.60,1.60
2010.04.27 05:58:42.235,1.25615,1.25635,7.80,1.60
2010.04.27 05:58:42.536,1.25615,1.2563,6.20,1.00
2010.04.27 05:58:42.688,1.25615,1.2563,1.00,9.60
2010.04.27 05:58:42.848,1.25615,1.2563,1.00,2.40
2010.04.27 05:58:42.996,1.25605,1.2563,8.00,10.50
2010.04.27 05:58:43.147,1.25605,1.2563,5.60,12.10
2010.04.27 05:58:43.615,1.2561,1.25625,1.60,1.00
2010.04.27 05:58:43.845,1.2561,1.25625,1.60,7.20
2010.04.27 05:58:44.081,1.25605,1.25625,5.60,7.20
2010.04.27 05:58:44.465,1.25605,1.25625,1.60,7.20
2010.04.27 05:58:45.153,1.256,1.2562,13.20,4.80
2010.04.27 05:58:45.500,1.256,1.2562,2.40,4.00
2010.04.27 05:58:45.847,1.256,1.2562,2.40,5.60
2010.04.27 05:58:46.425,1.256,1.2562,2.40,4.00
2010.04.27 05:58:46.665,1.256,1.25615,2.40,1.60
2010.04.27 05:58:47.206,1.25595,1.25615,4.40,2.40
2010.04.27 05:58:47.331,1.25595,1.25615,2.00,2.40
2010.04.27 05:58:47.566,1.25595,1.25615,1.60,2.40
2010.04.27 05:58:48.240,1.25595,1.25615,2.00,2.40
2010.04.27 05:58:48.595,1.256,1.2562,1.00,12.10
2010.04.27 05:58:48.937,1.256,1.25615,1.00,1.60
2010.04.27 05:58:49.292,1.25595,1.25615,2.00,4.00
2010.04.27 05:58:49.539,1.25595,1.25615,3.20,2.40
2010.04.27 05:58:50.760,1.25595,1.25615,1.60,4.80
2010.04.27 05:58:51.110,1.25595,1.25615,1.60,12.40
2010.04.27 05:58:51.647,1.25595,1.25615,1.60,4.40
2010.04.27 05:58:51.987,1.25595,1.25615,1.60,4.00
2010.04.27 05:58:52.322,1.25595,1.25615,1.60,5.60
2010.04.27 05:58:52.654,1.2559,1.25615,15.90,6.40
2010.04.27 05:58:54.089,1.25595,1.25615,1.60,6.40
2010.04.27 05:58:54.427,1.25595,1.2561,12.00,3.20
2010.04.27 05:58:54.769,1.256,1.25615,2.40,8.80
2010.04.27 05:58:55.101,1.25595,1.25615,13.20,7.60
2010.04.27 05:58:55.427,1.25595,1.25615,12.80,1.60
2010.04.27 05:58:55.757,1.256,1.25615,4.00,1.60
2010.04.27 05:58:56.106,1.25595,1.25615,12.80,4.00
2010.04.27 05:58:56.454,1.25595,1.25615,8.80,4.80
2010.04.27 05:58:56.967,1.25595,1.2561,8.80,3.20
2010.04.27 05:58:57.315,1.25595,1.2561,6.40,3.20
2010.04.27 05:58:57.743,1.25595,1.2561,9.60,3.20
2010.04.27 05:58:57.954,1.25595,1.2561,14.40,3.20
2010.04.27 05:58:58.178,1.256,1.2561,1.00,3.20
2010.04.27 05:58:58.641,1.256,1.25615,8.80,4.00
2010.04.27 05:58:58.892,1.256,1.25615,4.80,1.60
2010.04.27 05:58:59.438,1.256,1.25615,2.40,1.60
2010.04.27 05:59:00.653,1.256,1.2562,2.40,3.20
2010.04.27 05:59:02.059,1.256,1.2562,5.20,1.60
2010.04.27 05:59:02.284,1.256,1.2562,4.40,1.60
2010.04.27 05:59:02.854,1.256,1.2562,4.00,2.40
2010.04.27 05:59:03.551,1.256,1.2562,4.00,1.60
2010.04.27 05:59:03.896,1.25605,1.25625,1.60,5.60
2010.04.27 05:59:04.973,1.25605,1.25625,1.60,9.60
2010.04.27 05:59:05.206,1.25605,1.25625,1.60,6.00
2010.04.27 05:59:05.733,1.2561,1.25625,8.80,3.20
2010.04.27 05:59:06.085,1.2561,1.2563,16.80,3.20
2010.04.27 05:59:06.431,1.2561,1.2563,18.40,1.60
2010.04.27 05:59:07.792,1.2561,1.25635,18.40,8.00
2010.04.27 05:59:08.179,1.2562,1.25635,5.60,5.60
2010.04.27 05:59:08.310,1.2562,1.25635,4.80,4.80
2010.04.27 05:59:08.441,1.2562,1.25635,4.80,3.20
2010.04.27 05:59:08.570,1.2561,1.25635,18.80,2.40
2010.04.27 05:59:08.699,1.2561,1.25635,14.80,4.00
2010.04.27 05:59:09.044,1.25615,1.25635,5.60,3.20
2010.04.27 05:59:13.620,1.2562,1.2564,1.60,4.00
2010.04.27 05:59:13.819,1.2562,1.2564,2.40,1.60
2010.04.27 05:59:14.018,1.2562,1.2564,7.60,1.60
2010.04.27 05:59:14.496,1.2562,1.2564,4.00,1.60
2010.04.27 05:59:14.750,1.2562,1.2564,4.00,2.40
2010.04.27 05:59:15.009,1.2562,1.2564,6.40,2.40
2010.04.27 05:59:15.264,1.2562,1.2564,14.40,1.00
2010.04.27 05:59:15.521,1.2562,1.2564,12.80,1.00
2010.04.27 05:59:15.875,1.2562,1.2564,1.60,3.60
2010.04.27 05:59:16.222,1.2562,1.2564,1.60,5.20
2010.04.27 05:59:16.908,1.25615,1.2564,8.00,7.60
2010.04.27 05:59:17.250,1.25615,1.25635,7.50,1.60
2010.04.27 05:59:17.728,1.25615,1.25635,5.10,4.00
2010.04.27 05:59:17.858,1.25615,1.25635,2.70,4.00
2010.04.27 05:59:17.986,1.25615,1.25635,1.90,4.00
2010.04.27 05:59:18.246,1.25615,1.25635,1.90,5.60
2010.04.27 05:59:19.886,1.25615,1.25625,1.00,1.60
2010.04.27 05:59:19.970,1.25615,1.25625,1.00,3.20
2010.04.27 05:59:20.058,1.25615,1.25625,1.00,8.10
2010.04.27 05:59:20.139,1.2561,1.25625,4.80,8.00
2010.04.27 05:59:20.230,1.2561,1.25625,2.40,9.60
2010.04.27 05:59:20.321,1.256,1.2562,2.10,3.20
2010.04.27 05:59:20.567,1.256,1.2562,2.90,3.20
2010.04.27 05:59:20.651,1.256,1.2562,1.00,5.60
2010.04.27 05:59:21.083,1.256,1.25615,1.00,1.60
2010.04.27 05:59:22.676,1.25595,1.25615,9.50,1.60
2010.04.27 05:59:22.982,1.25595,1.25615,5.50,3.20
2010.04.27 05:59:23.073,1.25595,1.25615,4.30,3.20
2010.04.27 05:59:24.687,1.25595,1.25615,2.70,5.60
2010.04.27 05:59:24.884,1.25595,1.2561,1.10,1.60
2010.04.27 05:59:25.485,1.25595,1.2561,3.50,1.60
2010.04.27 05:59:27.901,1.25595,1.2561,1.00,3.20
2010.04.27 05:59:27.934,1.2559,1.2561,3.60,4.80
2010.04.27 05:59:27.975,1.2559,1.25605,3.20,1.00
2010.04.27 05:59:28.017,1.25595,1.25605,4.00,1.00
2010.04.27 05:59:28.097,1.2559,1.25605,4.00,2.40
2010.04.27 05:59:28.136,1.2559,1.25605,4.00,5.60
2010.04.27 05:59:28.398,1.25585,1.25605,8.40,1.60
2010.04.27 05:59:28.441,1.2559,1.2561,1.00,6.40
2010.04.27 05:59:28.537,1.2559,1.2561,2.40,2.40
2010.04.27 05:59:28.604,1.2559,1.2561,2.40,1.00
2010.04.27 05:59:29.226,1.2559,1.2561,4.00,1.00
2010.04.27 05:59:30.249,1.2559,1.2561,1.60,2.40
2010.04.27 05:59:30.568,1.25585,1.2561,12.80,2.40
2010.04.27 05:59:30.696,1.25585,1.2561,10.40,4.00
2010.04.27 05:59:33.705,1.25585,1.2561,10.80,4.00
2010.04.27 05:59:33.952,1.25595,1.2562,10.40,10.00
2010.04.27 05:59:34.139,1.25595,1.2562,10.80,6.80
2010.04.27 05:59:34.326,1.25595,1.2562,13.20,6.40
2010.04.27 05:59:34.514,1.25595,1.2562,14.00,4.80
2010.04.27 05:59:35.268,1.256,1.2562,1.60,4.80
2010.04.27 05:59:36.832,1.256,1.25615,1.60,1.00
2010.04.27 05:59:37.110,1.25595,1.25615,1.60,5.20
2010.04.27 05:59:37.478,1.25595,1.25615,1.60,3.60
2010.04.27 05:59:37.847,1.2559,1.25615,6.40,1.60
2010.04.27 05:59:37.974,1.2559,1.2561,2.40,1.60
2010.04.27 05:59:38.241,1.2559,1.2561,2.40,4.00
2010.04.27 05:59:38.588,1.2559,1.2561,1.60,11.00
2010.04.27 05:59:38.935,1.2559,1.2561,3.20,6.90
2010.04.27 05:59:39.286,1.2559,1.25615,4.80,8.00
2010.04.27 05:59:39.623,1.2559,1.2561,4.80,1.00
2010.04.27 05:59:39.966,1.2559,1.25615,4.00,19.60
2010.04.27 05:59:40.311,1.2559,1.2561,1.60,1.60
2010.04.27 05:59:40.596,1.2559,1.2561,8.80,1.60
2010.04.27 05:59:41.033,1.2559,1.25615,10.40,3.20
2010.04.27 05:59:41.316,1.2559,1.25615,4.00,8.00
2010.04.27 05:59:42.004,1.2559,1.25615,6.40,5.60
2010.04.27 05:59:42.356,1.2559,1.25615,4.00,8.00
2010.04.27 05:59:42.910,1.25595,1.25615,5.60,4.00
2010.04.27 05:59:43.073,1.256,1.2562,13.60,3.20
2010.04.27 05:59:43.229,1.256,1.25625,18.40,12.00
2010.04.27 05:59:43.387,1.256,1.25625,17.60,14.00
2010.04.27 05:59:43.738,1.256,1.25625,12.80,14.00
2010.04.27 05:59:44.422,1.256,1.25625,12.00,14.00
2010.04.27 05:59:45.317,1.25605,1.25625,4.00,3.20
2010.04.27 05:59:45.646,1.256,1.25625,10.40,3.20
2010.04.27 05:59:45.999,1.256,1.25625,8.00,4.80
2010.04.27 05:59:46.344,1.256,1.25625,5.60,1.60
2010.04.27 05:59:46.807,1.25605,1.2563,4.00,12.40
2010.04.27 05:59:47.103,1.25605,1.2563,5.10,4.00
2010.04.27 05:59:47.402,1.25605,1.2563,5.10,5.60
2010.04.27 05:59:47.573,1.25605,1.2563,5.10,12.00
2010.04.27 05:59:48.227,1.25605,1.2563,5.10,5.60
2010.04.27 05:59:48.396,1.25605,1.2563,5.10,1.60
2010.04.27 05:59:48.749,1.2561,1.2563,2.40,1.60
2010.04.27 05:59:49.669,1.2561,1.2562,1.60,4.00
2010.04.27 05:59:49.690,1.2561,1.2562,4.00,4.00
2010.04.27 05:59:49.901,1.2561,1.25635,9.60,4.40
2010.04.27 05:59:50.104,1.2561,1.25635,4.00,2.40
2010.04.27 05:59:50.306,1.2561,1.25635,10.40,3.20
2010.04.27 05:59:50.506,1.25615,1.25635,8.00,3.20
2010.04.27 05:59:51.086,1.25615,1.25635,6.40,4.00
2010.04.27 05:59:51.444,1.2561,1.25625,10.40,2.40
2010.04.27 05:59:51.797,1.2561,1.2563,10.40,2.40
2010.04.27 05:59:52.687,1.2561,1.2563,12.00,2.40
2010.04.27 05:59:53.641,1.2561,1.25625,10.40,2.40
2010.04.27 05:59:53.842,1.25605,1.2563,17.40,5.20
2010.04.27 05:59:54.377,1.25605,1.2563,2.00,5.20
2010.04.27 05:59:54.725,1.2561,1.25635,1.60,6.00
2010.04.27 05:59:55.293,1.2561,1.25635,1.60,5.20
2010.04.27 05:59:55.573,1.2561,1.25635,8.00,3.60
2010.04.27 05:59:55.862,1.2561,1.25635,12.00,5.20
2010.04.27 05:59:56.219,1.25605,1.2563,8.80,2.40
2010.04.27 05:59:56.565,1.25605,1.2563,12.00,5.30
2010.04.27 05:59:56.915,1.2561,1.2563,1.60,1.00
2010.04.27 05:59:57.369,1.2561,1.25625,1.60,2.40
2010.04.27 05:59:57.718,1.25605,1.25625,1.60,2.90
2010.04.27 05:59:58.062,1.25605,1.2563,1.60,5.20
2010.04.27 05:59:59.323,1.2561,1.2563,4.80,1.20
2010.04.27 05:59:59.615,1.25615,1.25635,6.40,1.00
