2015.03.31 19:00:00.364,1.28854,1.28856,1.00,1.00
2015.03.31 19:00:00.667,1.2886,1.28863,1.50,1.00
2015.03.31 19:00:01.021,1.28863,1.28865,1.00,15.00
2015.03.31 19:00:01.122,1.28863,1.28866,1.50,15.00
2015.03.31 19:00:01.274,1.28866,1.28871,1.50,15.00
2015.03.31 19:00:01.377,1.28868,1.28874,2.40,3.12
2015.03.31 19:00:01.428,1.2887,1.28875,1.95,4.62
2015.03.31 19:00:01.732,1.28871,1.28874,1.87,3.12
2015.03.31 19:00:01.883,1.28868,1.28874,1.75,3.12
2015.03.31 19:00:02.086,1.2887,1.28874,1.12,3.12
2015.03.31 19:00:02.619,1.28869,1.28874,1.12,3.12
2015.03.31 19:00:05.611,1.28869,1.28874,1.12,3.12
2015.03.31 19:00:07.715,1.28869,1.28873,1.12,2.04
2015.03.31 19:00:08.227,1.28866,1.28872,1.37,8.41
2015.03.31 19:00:09.266,1.28867,1.28871,1.12,6.37
2015.03.31 19:00:09.368,1.28865,1.28869,1.75,6.37
2015.03.31 19:00:10.781,1.28864,1.28867,1.12,6.00
2015.03.31 19:00:12.103,1.28859,1.28863,1.12,14.62
2015.03.31 19:00:12.622,1.28855,1.28859,1.87,1.00
2015.03.31 19:00:15.088,1.2886,1.28863,1.12,1.00
2015.03.31 19:00:18.798,1.2886,1.28864,1.50,10.50
2015.03.31 19:00:18.901,1.28864,1.2887,1.12,1.25
2015.03.31 19:00:19.003,1.2886,1.28865,1.50,5.25
2015.03.31 19:00:19.309,1.28861,1.28863,1.00,8.50
2015.03.31 19:00:19.360,1.28858,1.28864,1.85,9.00
2015.03.31 19:00:19.512,1.28863,1.28867,1.05,1.78
2015.03.31 19:00:19.613,1.28864,1.28866,1.05,1.00
2015.03.31 19:00:19.715,1.28864,1.28868,1.12,1.00
2015.03.31 19:00:20.253,1.28863,1.28866,1.05,1.50
2015.03.31 19:00:20.356,1.2886,1.28864,1.50,3.25
2015.03.31 19:00:20.919,1.28855,1.28857,4.87,2.50
2015.03.31 19:00:21.244,1.28859,1.28862,1.12,3.25
2015.03.31 19:00:21.788,1.28864,1.28867,1.75,1.00
2015.03.31 19:00:23.769,1.28864,1.28867,1.75,1.00
2015.03.31 19:00:24.319,1.28865,1.28868,1.12,2.25
2015.03.31 19:00:27.638,1.28864,1.28867,1.75,1.00
2015.03.31 19:00:27.740,1.2886,1.28862,1.87,3.25
2015.03.31 19:00:30.544,1.2886,1.28865,1.80,5.27
2015.03.31 19:00:30.696,1.28859,1.28861,1.27,1.00
2015.03.31 19:00:39.236,1.28857,1.28859,1.05,1.00
2015.03.31 19:00:39.388,1.28855,1.28859,1.87,1.00
2015.03.31 19:00:40.887,1.28854,1.28858,1.50,1.00
2015.03.31 19:00:43.168,1.28855,1.28857,1.07,1.50
2015.03.31 19:00:52.457,1.28855,1.28858,1.07,1.00
2015.03.31 19:00:52.560,1.28855,1.28857,1.07,1.00
2015.03.31 19:00:52.992,1.28856,1.28861,1.10,1.40
2015.03.31 19:00:53.226,1.28856,1.28861,1.10,1.12
2015.03.31 19:00:54.265,1.28856,1.28861,1.10,1.37
2015.03.31 19:00:54.366,1.28856,1.28861,1.10,1.12
2015.03.31 19:00:55.732,1.28856,1.2886,1.00,1.00
2015.03.31 19:00:57.949,1.28854,1.2886,4.12,1.00
2015.03.31 19:00:58.150,1.28855,1.28858,1.20,1.00
2015.03.31 19:00:58.454,1.28854,1.28857,1.72,1.00
2015.03.31 19:00:58.757,1.28854,1.2886,1.87,1.00
2015.03.31 19:00:58.808,1.28854,1.2886,1.87,1.37
2015.03.31 19:00:58.860,1.28854,1.2886,1.87,1.00
2015.03.31 19:00:58.961,1.28854,1.28858,1.87,1.00
2015.03.31 19:00:59.077,1.28854,1.2886,1.87,1.00
2015.03.31 19:00:59.228,1.28859,1.2886,1.00,1.00
2015.03.31 19:00:59.556,1.28854,1.28857,1.87,1.50
2015.03.31 19:00:59.903,1.28854,1.2886,1.87,1.00
2015.03.31 19:01:02.118,1.28857,1.28861,1.75,1.00
2015.03.31 19:01:06.991,1.28858,1.2886,1.07,1.00
2015.03.31 19:01:07.042,1.28858,1.28859,1.00,1.00
2015.03.31 19:01:07.224,1.28853,1.28859,1.12,1.37
2015.03.31 19:01:07.325,1.28852,1.28858,3.15,1.12
2015.03.31 19:01:07.905,1.28852,1.28858,3.00,1.50
2015.03.31 19:01:13.272,1.28852,1.28856,3.00,1.50
2015.03.31 19:01:13.374,1.28852,1.28856,3.00,1.50
2015.03.31 19:01:20.026,1.28849,1.28859,2.25,2.09
2015.03.31 19:01:20.576,1.2885,1.28857,1.95,2.00
2015.03.31 19:01:21.247,1.2885,1.28856,1.95,1.00
2015.03.31 19:01:23.050,1.2885,1.28856,1.95,1.69
2015.03.31 19:01:23.647,1.2885,1.28855,1.95,1.12
2015.03.31 19:01:24.187,1.28854,1.28856,1.50,1.31
2015.03.31 19:01:24.725,1.28851,1.28855,1.50,1.12
2015.03.31 19:01:25.230,1.28854,1.28856,2.25,1.31
2015.03.31 19:01:25.939,1.28851,1.28855,3.00,1.12
2015.03.31 19:01:26.999,1.28853,1.28856,3.00,1.28
2015.03.31 19:01:27.100,1.28855,1.2886,3.00,1.12
2015.03.31 19:01:27.486,1.28855,1.2886,3.00,1.31
2015.03.31 19:01:28.036,1.28852,1.28857,3.00,1.27
2015.03.31 19:01:28.537,1.28851,1.28857,3.00,1.28
2015.03.31 19:01:29.275,1.28851,1.28857,3.00,1.27
2015.03.31 19:01:30.206,1.28848,1.28856,1.12,1.37
2015.03.31 19:01:30.791,1.28848,1.28856,1.12,1.87
2015.03.31 19:01:34.685,1.28848,1.28854,1.12,1.87
2015.03.31 19:01:35.287,1.28848,1.28854,1.12,1.87
2015.03.31 19:01:35.916,1.28848,1.28854,1.12,1.87
2015.03.31 19:01:46.182,1.28848,1.28854,1.12,1.41
2015.03.31 19:01:47.172,1.28848,1.28854,1.12,1.37
2015.03.31 19:01:47.776,1.28848,1.2885,1.05,1.00
2015.03.31 19:01:47.927,1.28847,1.2885,1.20,1.00
2015.03.31 19:01:48.352,1.28847,1.2885,1.12,1.37
2015.03.31 19:01:48.655,1.28843,1.28846,1.67,1.00
2015.03.31 19:01:49.311,1.28838,1.28842,1.47,1.00
2015.03.31 19:01:49.680,1.28836,1.28838,3.85,1.00
2015.03.31 19:01:52.681,1.28836,1.28838,3.85,1.00
2015.03.31 19:01:54.906,1.28832,1.28837,3.00,1.00
2015.03.31 19:01:55.475,1.28832,1.28836,1.87,1.00
2015.03.31 19:01:56.019,1.28831,1.28836,1.82,1.00
2015.03.31 19:01:58.897,1.28829,1.28836,1.12,1.12
2015.03.31 19:01:59.049,1.28829,1.28836,1.12,1.37
2015.03.31 19:01:59.150,1.28827,1.28836,6.67,1.37
2015.03.31 19:02:10.458,1.28827,1.28836,6.67,1.87
2015.03.31 19:02:11.387,1.28827,1.28836,6.67,2.27
2015.03.31 19:02:12.067,1.28827,1.28834,5.92,1.41
2015.03.31 19:02:16.700,1.28825,1.28834,6.23,1.37
2015.03.31 19:02:17.293,1.28827,1.28835,1.65,1.37
2015.03.31 19:02:19.487,1.28827,1.28835,2.02,1.37
2015.03.31 19:02:19.732,1.28831,1.28837,1.00,1.90
2015.03.31 19:02:20.035,1.28833,1.28837,1.12,1.37
2015.03.31 19:02:20.569,1.28833,1.28836,1.05,1.37
2015.03.31 19:02:21.076,1.28833,1.28837,1.12,1.37
2015.03.31 19:02:21.628,1.28832,1.28837,1.12,1.50
2015.03.31 19:02:22.204,1.28831,1.28837,1.12,1.00
2015.03.31 19:02:22.538,1.28827,1.28833,1.12,1.03
2015.03.31 19:02:22.589,1.28827,1.28833,1.12,1.03
2015.03.31 19:02:22.760,1.28827,1.28831,1.12,1.00
2015.03.31 19:02:23.014,1.28828,1.28833,1.50,1.00
2015.03.31 19:02:23.115,1.28828,1.28836,1.50,1.25
2015.03.31 19:02:23.462,1.2883,1.28837,1.50,1.03
2015.03.31 19:02:23.765,1.28833,1.28837,1.50,1.00
2015.03.31 19:02:24.528,1.28833,1.28836,1.50,1.00
2015.03.31 19:02:25.034,1.28832,1.28836,1.50,1.00
2015.03.31 19:02:25.573,1.28831,1.28836,1.65,1.00
2015.03.31 19:02:26.082,1.2883,1.28836,2.25,1.12
2015.03.31 19:02:26.791,1.2883,1.28836,2.25,1.37
2015.03.31 19:02:29.216,1.2883,1.28836,1.50,1.31
2015.03.31 19:02:29.725,1.28827,1.28835,3.75,1.00
2015.03.31 19:02:30.265,1.28827,1.28834,3.75,1.00
2015.03.31 19:02:30.991,1.28827,1.28836,1.75,1.31
2015.03.31 19:02:33.286,1.28827,1.28836,1.75,1.31
2015.03.31 19:02:35.725,1.28827,1.28833,1.75,1.00
2015.03.31 19:02:36.230,1.28826,1.28834,1.75,1.12
2015.03.31 19:02:38.802,1.28826,1.28833,3.00,1.00
2015.03.31 19:02:40.376,1.28827,1.28836,1.50,1.56
2015.03.31 19:02:40.956,1.28827,1.28836,2.25,1.12
2015.03.31 19:02:41.222,1.28829,1.28837,1.87,1.62
2015.03.31 19:02:41.746,1.28829,1.28837,2.62,1.62
2015.03.31 19:02:46.948,1.28829,1.28837,2.62,1.50
2015.03.31 19:02:47.468,1.28829,1.28838,2.62,1.62
2015.03.31 19:02:47.670,1.2883,1.28839,1.12,1.56
2015.03.31 19:02:48.138,1.28833,1.28841,1.50,1.87
2015.03.31 19:02:48.392,1.28834,1.28842,1.95,1.62
2015.03.31 19:02:48.694,1.28832,1.28841,1.50,2.27
2015.03.31 19:02:49.017,1.28828,1.28836,1.87,1.66
2015.03.31 19:02:49.538,1.28827,1.28836,2.62,2.09
2015.03.31 19:02:50.441,1.28827,1.28836,2.62,1.59
2015.03.31 19:02:50.955,1.28827,1.28836,2.62,1.59
2015.03.31 19:02:53.293,1.28827,1.28836,1.87,1.66
2015.03.31 19:02:55.152,1.28827,1.28836,1.87,1.65
2015.03.31 19:02:58.507,1.28827,1.28836,2.62,1.66
2015.03.31 19:02:58.560,1.28827,1.28836,2.62,1.66
2015.03.31 19:02:59.181,1.28827,1.28836,2.62,1.65
2015.03.31 19:02:59.775,1.28827,1.28836,2.62,1.31
2015.03.31 19:02:59.876,1.28827,1.28836,1.87,1.62
2015.03.31 19:02:59.978,1.28829,1.28839,1.20,1.27
2015.03.31 19:03:00.029,1.2883,1.28839,1.12,1.25
2015.03.31 19:03:00.577,1.28832,1.2884,1.50,1.19
2015.03.31 19:03:00.981,1.28833,1.28841,1.20,1.12
2015.03.31 19:03:02.906,1.28831,1.28842,4.50,2.06
2015.03.31 19:03:03.277,1.28833,1.28842,1.20,2.09
2015.03.31 19:03:06.514,1.28833,1.28839,1.20,1.00
2015.03.31 19:03:08.394,1.28833,1.28837,1.20,1.00
2015.03.31 19:03:08.757,1.28833,1.28839,1.20,1.00
2015.03.31 19:03:09.805,1.28833,1.28839,1.20,1.50
2015.03.31 19:03:10.064,1.28827,1.28836,1.12,1.37
2015.03.31 19:03:10.614,1.28826,1.28836,1.50,2.84
2015.03.31 19:03:10.817,1.28826,1.28836,2.62,1.31
2015.03.31 19:03:10.969,1.28828,1.28836,1.12,1.31
2015.03.31 19:03:11.473,1.28827,1.28836,1.12,3.56
2015.03.31 19:03:11.979,1.28828,1.28836,1.20,1.62
2015.03.31 19:03:12.182,1.28831,1.2884,1.50,1.50
2015.03.31 19:03:12.283,1.28831,1.28841,1.65,1.87
2015.03.31 19:03:15.379,1.28832,1.28841,1.00,2.06
2015.03.31 19:03:15.881,1.28832,1.28839,1.10,1.00
2015.03.31 19:03:16.348,1.28832,1.28841,1.10,1.25
2015.03.31 19:03:17.094,1.28832,1.2884,1.10,1.00
2015.03.31 19:03:21.495,1.28832,1.28839,1.57,1.00
2015.03.31 19:03:22.238,1.28832,1.28839,3.00,1.50
2015.03.31 19:03:25.067,1.28831,1.28839,1.75,1.87
2015.03.31 19:03:25.118,1.28831,1.28836,1.75,1.00
2015.03.31 19:03:25.270,1.28828,1.28836,1.87,1.50
2015.03.31 19:03:25.825,1.28829,1.28838,1.95,1.25
2015.03.31 19:03:26.330,1.2883,1.28841,3.45,1.31
2015.03.31 19:03:27.055,1.28831,1.28836,1.57,1.00
2015.03.31 19:03:28.784,1.2883,1.28837,1.20,1.12
2015.03.31 19:03:29.087,1.28827,1.28835,1.12,1.37
2015.03.31 19:03:29.239,1.28824,1.28835,3.00,1.37
2015.03.31 19:03:33.692,1.28824,1.28835,1.75,1.87
2015.03.31 19:03:34.327,1.28824,1.28836,2.62,1.87
2015.03.31 19:03:34.856,1.28827,1.28837,1.50,1.25
2015.03.31 19:03:34.957,1.28827,1.28837,3.37,1.00
2015.03.31 19:03:35.313,1.28829,1.28837,2.25,1.00
2015.03.31 19:03:35.435,1.28829,1.28839,2.25,1.00
2015.03.31 19:03:35.982,1.28831,1.28838,1.65,1.00
2015.03.31 19:03:36.621,1.28831,1.28837,1.20,1.00
2015.03.31 19:03:37.177,1.28831,1.28838,1.20,1.00
2015.03.31 19:03:39.143,1.28831,1.28837,1.20,1.00
2015.03.31 19:03:41.543,1.28831,1.28838,1.20,1.00
2015.03.31 19:03:42.313,1.28831,1.28837,1.20,1.00
2015.03.31 19:03:43.984,1.28831,1.28839,1.20,1.87
2015.03.31 19:03:45.312,1.28831,1.28839,1.20,1.87
2015.03.31 19:03:48.655,1.28831,1.28841,1.20,2.06
2015.03.31 19:03:57.975,1.28831,1.2884,1.20,1.20
2015.03.31 19:04:00.202,1.28831,1.28839,1.65,1.00
2015.03.31 19:04:00.253,1.28831,1.28837,1.20,1.00
2015.03.31 19:04:01.694,1.28831,1.28835,1.20,1.00
2015.03.31 19:04:02.135,1.28831,1.28837,1.20,1.00
2015.03.31 19:04:04.000,1.28831,1.28839,1.20,1.00
2015.03.31 19:04:04.530,1.28832,1.28839,1.00,1.00
2015.03.31 19:04:06.214,1.28832,1.28837,1.00,1.00
2015.03.31 19:04:06.752,1.28831,1.28837,1.20,1.00
2015.03.31 19:04:07.983,1.28831,1.28839,1.20,1.50
2015.03.31 19:04:08.782,1.28831,1.28841,1.65,1.12
2015.03.31 19:04:09.383,1.28831,1.28842,2.25,2.21
2015.03.31 19:04:13.516,1.28831,1.28841,1.50,1.87
2015.03.31 19:04:14.023,1.28831,1.28841,1.50,1.50
2015.03.31 19:04:21.022,1.28831,1.28841,1.50,1.37
2015.03.31 19:04:34.316,1.28831,1.28841,1.50,1.87
2015.03.31 19:04:37.233,1.2883,1.28841,1.87,1.87
2015.03.31 19:04:41.644,1.2883,1.2884,1.75,1.00
2015.03.31 19:04:41.983,1.28833,1.2884,1.37,1.50
2015.03.31 19:04:42.134,1.28837,1.28848,1.57,1.79
2015.03.31 19:04:42.185,1.28837,1.28848,2.32,1.32
2015.03.31 19:04:42.235,1.28838,1.28849,2.25,2.81
2015.03.31 19:04:47.363,1.2884,1.28847,1.07,1.00
2015.03.31 19:04:47.877,1.2884,1.28848,2.25,1.00
2015.03.31 19:04:48.573,1.2884,1.28847,1.87,1.00
2015.03.31 19:04:50.410,1.2884,1.28846,1.12,1.00
2015.03.31 19:04:54.633,1.2884,1.28848,1.12,2.62
2015.03.31 19:04:55.264,1.2884,1.28846,1.12,1.00
2015.03.31 19:04:55.569,1.28833,1.2884,1.75,1.00
2015.03.31 19:04:56.086,1.28833,1.28842,1.75,1.37
2015.03.31 19:04:56.614,1.28833,1.28842,1.75,1.00
2015.03.31 19:04:57.119,1.28834,1.28842,1.12,1.00
2015.03.31 19:05:04.649,1.28834,1.28838,1.12,1.00
2015.03.31 19:05:04.800,1.28831,1.28839,1.75,1.87
2015.03.31 19:05:04.901,1.28827,1.28839,3.37,3.37
2015.03.31 19:05:05.417,1.28827,1.28837,1.87,1.37
2015.03.31 19:05:05.826,1.28827,1.28838,2.25,2.21
2015.03.31 19:05:06.734,1.28827,1.28839,2.25,2.81
2015.03.31 19:05:08.025,1.28827,1.28839,2.25,2.81
2015.03.31 19:05:08.207,1.28827,1.28838,1.50,1.61
2015.03.31 19:05:09.266,1.28827,1.28838,2.25,1.20
2015.03.31 19:05:11.618,1.28827,1.28838,2.25,1.57
2015.03.31 19:05:12.412,1.28826,1.28837,1.75,1.37
2015.03.31 19:05:12.914,1.28826,1.28837,2.25,1.00
2015.03.31 19:05:13.015,1.28828,1.28838,1.57,1.10
2015.03.31 19:05:13.166,1.28829,1.2884,2.62,1.50
2015.03.31 19:05:13.773,1.28829,1.28841,3.45,1.10
2015.03.31 19:05:14.326,1.28832,1.28841,1.00,1.10
2015.03.31 19:05:14.830,1.28829,1.2884,1.12,1.00
2015.03.31 19:05:18.625,1.28829,1.2884,1.12,1.37
2015.03.31 19:05:19.134,1.28828,1.2884,2.62,1.47
2015.03.31 19:05:20.843,1.28828,1.2884,2.62,2.32
2015.03.31 19:05:22.813,1.2883,1.28842,1.20,1.87
2015.03.31 19:05:23.348,1.2883,1.28842,1.50,1.50
2015.03.31 19:05:44.763,1.28833,1.28842,1.00,2.25
2015.03.31 19:05:44.915,1.28833,1.28844,1.87,1.50
2015.03.31 19:05:45.016,1.28833,1.28844,2.62,1.12
2015.03.31 19:05:46.197,1.28835,1.28845,1.75,2.62
2015.03.31 19:05:46.739,1.28835,1.28844,1.75,1.00
2015.03.31 19:05:47.275,1.28835,1.28845,1.75,2.62
2015.03.31 19:05:50.024,1.28837,1.28847,1.20,2.62
2015.03.31 19:05:50.075,1.28837,1.28847,1.87,2.62
2015.03.31 19:05:51.276,1.28839,1.28849,1.87,1.52
2015.03.31 19:05:59.222,1.28839,1.28849,1.75,2.65
2015.03.31 19:05:59.823,1.28838,1.28848,1.75,1.87
2015.03.31 19:06:01.620,1.28838,1.28847,1.75,1.87
2015.03.31 19:06:02.777,1.28836,1.28846,3.37,1.37
2015.03.31 19:06:07.367,1.28836,1.28844,1.75,1.00
2015.03.31 19:06:08.252,1.28835,1.28844,1.12,4.12
2015.03.31 19:06:14.622,1.28835,1.28843,1.12,1.00
2015.03.31 19:06:18.103,1.28835,1.28842,1.12,1.00
2015.03.31 19:06:18.322,1.28835,1.2884,1.12,1.50
2015.03.31 19:06:18.524,1.28834,1.28839,3.00,1.50
2015.03.31 19:06:19.080,1.28834,1.28839,2.32,1.03
2015.03.31 19:06:19.587,1.28834,1.28838,2.32,2.25
2015.03.31 19:06:19.739,1.28834,1.28835,2.32,1.00
2015.03.31 19:06:21.035,1.28833,1.28837,2.25,2.62
2015.03.31 19:06:21.590,1.28833,1.28837,2.25,2.62
2015.03.31 19:06:24.622,1.28834,1.28839,2.25,3.64
2015.03.31 19:06:27.115,1.28834,1.28838,2.25,1.00
2015.03.31 19:06:29.425,1.28834,1.28837,2.25,1.00
2015.03.31 19:06:33.934,1.28832,1.28835,2.25,1.12
2015.03.31 19:06:34.239,1.28829,1.28833,2.62,1.00
2015.03.31 19:06:34.754,1.28829,1.28834,2.62,2.25
2015.03.31 19:06:40.646,1.28829,1.28833,2.62,1.00
2015.03.31 19:06:42.471,1.28829,1.28834,2.62,3.37
2015.03.31 19:06:43.024,1.28829,1.28832,2.62,1.00
2015.03.31 19:06:43.712,1.28828,1.28833,2.62,1.87
2015.03.31 19:06:44.449,1.28828,1.28831,2.62,1.00
2015.03.31 19:06:44.967,1.28827,1.2883,2.62,1.00
2015.03.31 19:06:46.203,1.28823,1.28828,1.57,1.00
2015.03.31 19:06:48.941,1.28822,1.28829,2.25,1.00
2015.03.31 19:07:02.695,1.28823,1.2883,1.57,1.00
2015.03.31 19:07:04.477,1.28822,1.28832,2.25,2.62
2015.03.31 19:07:05.048,1.28822,1.28832,2.25,2.62
2015.03.31 19:07:05.561,1.28822,1.28832,2.25,2.62
2015.03.31 19:07:07.599,1.28822,1.28832,3.37,1.87
2015.03.31 19:07:08.140,1.28822,1.28832,3.37,2.25
2015.03.31 19:07:23.887,1.28822,1.28833,2.62,1.87
2015.03.31 19:07:23.938,1.28828,1.28833,1.00,1.00
2015.03.31 19:07:24.243,1.2883,1.28837,1.20,1.00
2015.03.31 19:07:24.445,1.2883,1.28835,1.20,1.00
2015.03.31 19:07:24.749,1.28828,1.28835,1.65,2.25
2015.03.31 19:07:24.799,1.28828,1.28833,1.57,1.50
2015.03.31 19:07:25.305,1.28827,1.28833,1.20,1.00
2015.03.31 19:07:26.186,1.28828,1.28833,1.00,1.12
2015.03.31 19:07:26.885,1.2883,1.28833,1.00,1.00
2015.03.31 19:07:26.986,1.2883,1.28836,1.00,1.20
2015.03.31 19:07:29.955,1.28828,1.28837,1.50,2.62
2015.03.31 19:07:30.869,1.28828,1.28836,1.50,2.62
2015.03.31 19:07:31.223,1.28825,1.28834,2.62,1.87
2015.03.31 19:07:33.433,1.28825,1.28834,2.62,1.87
2015.03.31 19:07:38.525,1.28825,1.28835,2.62,3.37
2015.03.31 19:07:40.623,1.28826,1.28834,1.20,1.00
2015.03.31 19:07:40.826,1.28827,1.28836,2.25,2.25
2015.03.31 19:07:45.787,1.28829,1.28836,1.00,1.00
2015.03.31 19:07:45.889,1.28829,1.28837,1.87,1.10
2015.03.31 19:07:46.192,1.28839,1.28842,1.00,1.00
2015.03.31 19:07:46.495,1.28843,1.28845,1.00,1.12
2015.03.31 19:07:46.546,1.28843,1.28847,1.00,1.00
2015.03.31 19:07:46.951,1.28843,1.28851,1.00,1.57
2015.03.31 19:07:47.925,1.28843,1.2885,1.00,1.00
2015.03.31 19:07:49.408,1.28843,1.28851,1.00,2.32
2015.03.31 19:07:49.512,1.28841,1.28851,1.10,2.32
2015.03.31 19:07:51.021,1.28841,1.28848,1.10,1.00
2015.03.31 19:07:51.324,1.28838,1.28846,1.20,1.87
2015.03.31 19:07:59.751,1.28839,1.28846,1.00,1.00
2015.03.31 19:07:59.953,1.28842,1.28849,1.00,3.00
2015.03.31 19:08:00.054,1.28842,1.28849,1.00,1.20
2015.03.31 19:08:01.953,1.28839,1.28851,4.12,4.50
2015.03.31 19:08:05.853,1.2884,1.2885,1.27,2.25
2015.03.31 19:08:11.151,1.28841,1.2885,1.00,1.50
2015.03.31 19:08:11.853,1.28841,1.28849,1.00,1.50
2015.03.31 19:08:12.358,1.28843,1.2885,1.37,1.12
2015.03.31 19:08:12.460,1.28844,1.28851,1.12,1.50
2015.03.31 19:08:12.966,1.28843,1.28854,2.25,1.65
2015.03.31 19:08:15.476,1.28843,1.28854,1.87,3.52
2015.03.31 19:08:17.069,1.28844,1.28854,1.87,2.62
2015.03.31 19:08:18.978,1.28845,1.28854,1.57,1.50
2015.03.31 19:08:21.503,1.28846,1.28855,1.57,1.10
2015.03.31 19:08:31.888,1.28846,1.28856,1.95,2.70
2015.03.31 19:08:32.090,1.28848,1.28857,2.25,2.25
2015.03.31 19:08:32.141,1.2885,1.28857,1.00,1.50
2015.03.31 19:08:32.646,1.28851,1.28857,1.00,1.50
2015.03.31 19:08:40.499,1.28853,1.28857,1.00,1.00
2015.03.31 19:08:43.100,1.28853,1.2886,1.00,2.02
2015.03.31 19:08:44.092,1.28856,1.28863,1.00,4.50
2015.03.31 19:08:44.143,1.28856,1.28863,1.00,1.95
2015.03.31 19:08:44.244,1.28856,1.28864,1.00,1.00
2015.03.31 19:08:44.751,1.28858,1.28865,1.00,2.70
2015.03.31 19:08:45.299,1.28858,1.28864,1.00,1.00
2015.03.31 19:09:08.485,1.28856,1.28862,1.75,1.00
2015.03.31 19:09:11.486,1.28856,1.2886,1.75,1.00
2015.03.31 19:09:11.790,1.2885,1.28855,1.00,1.12
2015.03.31 19:09:11.841,1.28849,1.28855,1.20,1.87
2015.03.31 19:09:12.356,1.28846,1.28854,1.12,1.87
2015.03.31 19:09:18.380,1.28846,1.28853,1.12,1.50
2015.03.31 19:09:26.952,1.28846,1.28852,1.12,1.00
2015.03.31 19:09:32.439,1.28846,1.28853,1.12,1.00
2015.03.31 19:09:32.952,1.28845,1.28853,3.00,1.00
2015.03.31 19:09:35.770,1.28845,1.28854,3.00,3.00
2015.03.31 19:09:36.331,1.28845,1.28853,2.25,1.00
2015.03.31 19:09:41.717,1.28847,1.28854,1.20,1.87
2015.03.31 19:09:43.058,1.28847,1.28854,1.20,1.12
2015.03.31 19:09:44.449,1.28849,1.28854,1.00,1.00
2015.03.31 19:09:44.976,1.28849,1.28855,1.00,1.00
2015.03.31 19:09:45.078,1.2885,1.28855,1.37,1.00
2015.03.31 19:09:45.382,1.28856,1.28857,1.50,1.50
2015.03.31 19:09:45.685,1.28856,1.28857,1.20,1.50
2015.03.31 19:09:46.191,1.28858,1.28862,1.50,9.00
2015.03.31 19:09:48.673,1.28858,1.2886,1.50,3.00
2015.03.31 19:09:48.825,1.28858,1.28866,1.50,1.12
2015.03.31 19:09:51.836,1.28858,1.28868,1.50,4.15
2015.03.31 19:09:52.759,1.28858,1.28868,1.50,4.15
2015.03.31 19:09:52.961,1.28858,1.28867,1.50,1.12
2015.03.31 19:09:56.019,1.28858,1.28868,1.50,4.87
2015.03.31 19:09:57.064,1.28858,1.28868,1.50,4.15
2015.03.31 19:09:57.712,1.28858,1.28868,2.25,4.12
2015.03.31 19:09:57.972,1.2886,1.28868,1.57,1.50
2015.03.31 19:09:58.275,1.28862,1.28868,1.75,1.50
2015.03.31 19:09:58.528,1.2886,1.28868,1.50,1.50
2015.03.31 19:09:58.680,1.2886,1.28866,1.12,1.00
2015.03.31 19:09:58.933,1.28858,1.28866,1.00,1.00
2015.03.31 19:09:59.459,1.28858,1.28865,1.20,1.00
2015.03.31 19:10:00.231,1.28858,1.28865,1.20,1.12
2015.03.31 19:10:05.359,1.28858,1.28865,1.20,1.37
2015.03.31 19:10:08.255,1.28858,1.28865,1.20,1.12
2015.03.31 19:10:13.524,1.28857,1.28864,1.87,1.00
2015.03.31 19:10:20.593,1.28857,1.28864,1.87,1.37
2015.03.31 19:10:21.118,1.28857,1.28864,1.87,1.00
2015.03.31 19:10:23.237,1.28857,1.28864,1.50,1.03
2015.03.31 19:10:24.296,1.28857,1.28864,1.50,1.37
2015.03.31 19:10:25.209,1.2886,1.28864,1.00,1.37
2015.03.31 19:10:25.433,1.28856,1.28862,1.75,1.00
2015.03.31 19:10:25.960,1.28856,1.28864,1.75,1.41
2015.03.31 19:10:26.567,1.28856,1.28862,1.75,1.50
2015.03.31 19:10:26.669,1.28853,1.28862,2.25,1.50
2015.03.31 19:10:38.258,1.28853,1.28861,1.75,1.00
2015.03.31 19:10:38.787,1.28853,1.2886,1.75,1.12
2015.03.31 19:10:41.263,1.28853,1.28861,1.75,2.62
2015.03.31 19:10:41.432,1.28852,1.28861,1.50,2.62
2015.03.31 19:10:43.353,1.28853,1.28861,1.00,2.06
2015.03.31 19:10:43.890,1.28852,1.2886,1.00,1.87
2015.03.31 19:10:44.395,1.28852,1.2886,1.00,1.50
2015.03.31 19:10:45.584,1.28854,1.28859,1.00,1.12
2015.03.31 19:10:46.488,1.28853,1.28859,1.00,1.12
2015.03.31 19:10:46.792,1.28856,1.28861,1.00,1.37
2015.03.31 19:10:49.846,1.28856,1.28861,1.00,1.37
2015.03.31 19:10:51.107,1.28854,1.2886,1.00,1.37
2015.03.31 19:10:51.612,1.28855,1.28861,1.00,1.37
2015.03.31 19:10:52.777,1.28855,1.28861,1.00,1.37
2015.03.31 19:10:53.309,1.28856,1.28862,1.20,2.62
2015.03.31 19:10:53.569,1.28856,1.28862,1.20,2.25
2015.03.31 19:10:57.609,1.28858,1.28862,1.00,1.50
2015.03.31 19:10:58.089,1.28858,1.28864,1.00,1.50
2015.03.31 19:10:58.599,1.28858,1.28863,1.20,1.00
2015.03.31 19:10:59.314,1.28858,1.28864,1.20,2.62
2015.03.31 19:11:01.449,1.28858,1.28863,1.20,1.00
2015.03.31 19:11:02.728,1.28858,1.28864,1.00,2.25
2015.03.31 19:11:04.116,1.28859,1.28865,1.12,2.25
2015.03.31 19:11:12.939,1.28863,1.28865,1.00,2.25
2015.03.31 19:11:15.078,1.28863,1.28869,1.00,3.37
2015.03.31 19:11:17.002,1.28863,1.28867,1.00,1.00
2015.03.31 19:11:17.617,1.28863,1.28869,1.00,1.50
2015.03.31 19:11:18.963,1.28864,1.28869,1.00,1.00
2015.03.31 19:11:21.471,1.28862,1.28869,1.00,1.00
2015.03.31 19:11:21.623,1.28862,1.28867,1.00,1.00
2015.03.31 19:11:21.724,1.28861,1.2887,1.10,1.87
2015.03.31 19:11:22.385,1.28861,1.2887,1.12,1.00
2015.03.31 19:11:24.374,1.28861,1.28869,1.20,1.00
2015.03.31 19:11:24.935,1.28861,1.28869,1.20,1.00
2015.03.31 19:11:25.680,1.28861,1.28867,1.20,1.00
2015.03.31 19:11:26.135,1.28861,1.28864,1.00,1.00
2015.03.31 19:11:26.642,1.28858,1.28864,2.25,1.00
2015.03.31 19:11:28.187,1.28858,1.28865,1.75,1.12
2015.03.31 19:11:30.407,1.28858,1.28868,1.75,1.50
2015.03.31 19:11:31.064,1.28858,1.28866,1.75,1.00
2015.03.31 19:11:38.771,1.28858,1.28865,1.75,1.50
2015.03.31 19:11:41.200,1.28858,1.28864,1.87,1.00
2015.03.31 19:11:41.604,1.28857,1.28863,1.12,1.87
2015.03.31 19:11:41.706,1.28855,1.28861,1.75,1.50
2015.03.31 19:11:41.807,1.28853,1.2886,1.75,1.50
2015.03.31 19:11:43.014,1.28854,1.2886,1.10,1.50
2015.03.31 19:11:43.673,1.28854,1.28859,1.10,1.00
2015.03.31 19:11:43.724,1.28851,1.28857,1.87,1.00
2015.03.31 19:11:43.775,1.28851,1.28857,1.20,1.00
2015.03.31 19:11:43.826,1.28851,1.28859,1.20,1.50
2015.03.31 19:11:44.331,1.28854,1.28859,1.00,1.00
2015.03.31 19:11:44.584,1.28851,1.2886,2.25,1.50
2015.03.31 19:11:44.887,1.28854,1.2886,1.00,1.50
2015.03.31 19:11:45.240,1.28854,1.28862,1.00,1.50
2015.03.31 19:11:45.830,1.28854,1.28863,1.20,2.44
2015.03.31 19:11:46.343,1.28855,1.28863,1.00,1.50
2015.03.31 19:11:52.710,1.28856,1.28863,1.00,1.00
2015.03.31 19:11:55.504,1.28858,1.28863,1.00,1.00
2015.03.31 19:12:01.530,1.28858,1.28864,1.00,1.50
2015.03.31 19:12:02.064,1.28858,1.28864,1.00,1.87
2015.03.31 19:12:03.235,1.28855,1.28864,1.10,1.87
2015.03.31 19:12:04.639,1.28856,1.28864,1.00,2.62
2015.03.31 19:12:05.173,1.28857,1.28864,1.00,1.50
2015.03.31 19:12:05.357,1.28854,1.28862,1.95,1.37
2015.03.31 19:12:05.661,1.28853,1.28859,1.10,1.12
2015.03.31 19:12:09.640,1.28855,1.28859,1.00,1.00
2015.03.31 19:12:09.691,1.28855,1.28861,1.00,1.00
2015.03.31 19:12:09.742,1.28857,1.28861,1.00,1.00
2015.03.31 19:12:09.793,1.28857,1.28864,1.00,3.75
2015.03.31 19:12:10.313,1.28857,1.28864,1.20,1.12
2015.03.31 19:12:11.191,1.28858,1.28865,1.10,1.00
2015.03.31 19:12:11.711,1.28859,1.28865,1.00,1.00
2015.03.31 19:12:13.232,1.28857,1.28865,1.50,1.00
2015.03.31 19:12:13.738,1.28859,1.28866,1.00,1.00
2015.03.31 19:12:14.289,1.28859,1.28867,1.00,1.00
2015.03.31 19:12:15.257,1.2886,1.28867,1.00,1.00
2015.03.31 19:12:15.409,1.28861,1.28869,1.00,1.00
2015.03.31 19:12:15.864,1.28863,1.28872,1.00,1.22
2015.03.31 19:12:16.471,1.28862,1.28872,1.65,1.03
2015.03.31 19:12:16.774,1.28863,1.28872,2.25,1.00
2015.03.31 19:12:19.239,1.28863,1.28873,2.25,1.15
2015.03.31 19:12:19.991,1.28863,1.28873,2.25,1.90
2015.03.31 19:12:20.819,1.28864,1.28873,1.50,2.62
2015.03.31 19:12:21.699,1.28865,1.28873,1.75,1.00
2015.03.31 19:12:22.247,1.28866,1.28873,1.75,1.00
2015.03.31 19:12:22.957,1.28866,1.28872,1.75,1.00
2015.03.31 19:12:24.529,1.28866,1.2887,1.75,1.00
2015.03.31 19:12:25.839,1.28866,1.28872,1.75,1.87
2015.03.31 19:12:25.890,1.28866,1.28868,1.60,1.00
2015.03.31 19:12:25.991,1.28861,1.28868,2.25,1.00
2015.03.31 19:12:26.143,1.28858,1.28867,1.87,1.00
2015.03.31 19:12:26.649,1.28859,1.28868,3.37,1.00
2015.03.31 19:12:26.801,1.2886,1.28868,1.12,1.00
2015.03.31 19:12:27.205,1.28859,1.28868,1.20,1.00
2015.03.31 19:12:27.717,1.28859,1.28869,1.95,4.12
2015.03.31 19:12:28.072,1.28861,1.28871,1.95,1.00
2015.03.31 19:12:29.373,1.28861,1.2887,1.20,1.00
2015.03.31 19:12:29.524,1.28862,1.2887,1.12,1.00
2015.03.31 19:12:30.068,1.28862,1.28871,1.12,1.00
2015.03.31 19:12:30.617,1.28863,1.28872,1.20,1.00
2015.03.31 19:12:30.965,1.28864,1.28872,1.87,1.00
2015.03.31 19:12:31.491,1.28865,1.28873,1.75,1.50
2015.03.31 19:12:35.643,1.28865,1.28871,1.75,1.50
2015.03.31 19:12:35.996,1.28864,1.28869,1.12,1.00
2015.03.31 19:12:36.250,1.28862,1.28869,1.12,1.00
2015.03.31 19:12:36.755,1.28862,1.2887,2.62,2.25
2015.03.31 19:12:39.609,1.28862,1.28869,1.12,1.00
2015.03.31 19:12:40.186,1.28861,1.28869,1.12,1.00
2015.03.31 19:12:40.792,1.28861,1.28867,1.12,1.00
2015.03.31 19:12:41.088,1.2886,1.28867,1.20,1.00
2015.03.31 19:12:42.262,1.28859,1.28866,1.12,1.00
2015.03.31 19:12:43.966,1.28859,1.28867,1.12,1.00
2015.03.31 19:12:46.595,1.28859,1.28868,1.87,1.00
2015.03.31 19:12:50.062,1.28859,1.28867,1.12,1.00
2015.03.31 19:12:50.715,1.28859,1.28868,1.12,2.25
2015.03.31 19:12:52.982,1.28859,1.28866,1.87,1.00
2015.03.31 19:13:08.762,1.28859,1.28865,1.12,1.00
2015.03.31 19:13:08.914,1.28857,1.28865,1.87,1.50
2015.03.31 19:13:09.425,1.28859,1.28866,1.10,1.00
2015.03.31 19:13:11.436,1.28859,1.28868,1.10,1.12
2015.03.31 19:13:14.926,1.28858,1.28867,2.70,1.00
2015.03.31 19:13:17.572,1.28859,1.28868,1.10,1.50
2015.03.31 19:13:17.624,1.28859,1.28866,1.10,1.00
2015.03.31 19:13:20.620,1.28859,1.28867,1.57,1.00
2015.03.31 19:13:21.729,1.28857,1.28867,1.12,3.37
2015.03.31 19:13:23.329,1.28857,1.28865,1.75,1.00
2015.03.31 19:13:28.129,1.28857,1.28867,2.25,3.75
2015.03.31 19:13:28.932,1.28857,1.28866,2.25,1.00
2015.03.31 19:13:34.825,1.28859,1.28867,1.20,3.00
2015.03.31 19:13:35.090,1.28859,1.28866,1.87,1.50
2015.03.31 19:13:35.395,1.28859,1.28863,1.12,1.50
2015.03.31 19:13:35.547,1.28857,1.28863,1.12,2.62
2015.03.31 19:13:35.699,1.28856,1.28861,1.75,1.00
2015.03.31 19:13:36.215,1.28856,1.28862,1.75,1.00
2015.03.31 19:13:36.782,1.28856,1.28863,1.75,2.62
2015.03.31 19:13:40.083,1.28856,1.28864,1.75,1.50
2015.03.31 19:13:40.405,1.28858,1.28864,1.12,1.00
2015.03.31 19:13:40.912,1.28858,1.28865,1.12,2.25
2015.03.31 19:13:42.994,1.28858,1.28864,1.12,1.00
2015.03.31 19:13:43.499,1.28858,1.28866,1.12,2.62
2015.03.31 19:13:44.005,1.28859,1.28867,1.20,2.25
2015.03.31 19:13:44.509,1.2886,1.28867,1.50,1.50
2015.03.31 19:13:45.110,1.2886,1.28868,1.50,1.12
2015.03.31 19:13:53.631,1.2886,1.28867,1.50,1.00
2015.03.31 19:13:54.156,1.28859,1.28866,1.75,1.50
2015.03.31 19:13:56.097,1.2886,1.28868,1.50,1.50
2015.03.31 19:14:00.516,1.28861,1.28869,1.20,2.25
2015.03.31 19:14:02.949,1.28859,1.28868,3.00,1.00
2015.03.31 19:14:03.455,1.2886,1.28869,1.57,1.50
2015.03.31 19:14:07.770,1.28859,1.28866,1.87,1.00
2015.03.31 19:14:08.275,1.2886,1.28865,1.20,2.62
2015.03.31 19:14:08.579,1.28859,1.28863,1.20,1.00
2015.03.31 19:14:08.982,1.28858,1.28863,1.20,1.00
2015.03.31 19:14:09.792,1.28858,1.28864,1.20,3.37
2015.03.31 19:14:10.003,1.2886,1.28864,1.00,1.50
2015.03.31 19:14:10.622,1.28861,1.28865,1.00,1.50
2015.03.31 19:14:10.926,1.2886,1.28867,1.20,1.52
2015.03.31 19:14:11.689,1.28859,1.28866,1.50,1.50
2015.03.31 19:14:11.992,1.28859,1.28864,1.50,1.50
2015.03.31 19:14:14.457,1.28857,1.28864,1.20,1.50
2015.03.31 19:14:14.559,1.28857,1.28862,1.20,1.00
2015.03.31 19:14:15.064,1.28856,1.28863,1.12,1.00
2015.03.31 19:14:16.305,1.28856,1.28862,1.12,1.00
2015.03.31 19:14:16.809,1.28856,1.28863,1.12,1.00
2015.03.31 19:14:17.115,1.28856,1.28865,1.12,1.00
2015.03.31 19:14:18.407,1.28857,1.28866,1.20,1.50
2015.03.31 19:14:18.710,1.28857,1.28864,1.75,1.00
2015.03.31 19:14:19.114,1.28857,1.28862,1.75,1.00
2015.03.31 19:14:19.644,1.28856,1.28862,2.25,1.00
2015.03.31 19:14:21.070,1.28856,1.2886,2.25,1.00
2015.03.31 19:14:21.171,1.28856,1.28862,1.75,1.00
2015.03.31 19:14:21.272,1.28855,1.28862,1.50,1.50
2015.03.31 19:14:21.374,1.28858,1.28862,1.12,1.00
2015.03.31 19:14:21.727,1.28856,1.28861,1.75,1.50
2015.03.31 19:14:22.352,1.28856,1.28861,1.75,2.62
2015.03.31 19:14:22.504,1.28854,1.28858,1.75,1.50
2015.03.31 19:14:23.035,1.28853,1.28858,1.12,1.50
2015.03.31 19:14:23.545,1.28852,1.28858,1.75,1.50
2015.03.31 19:14:23.849,1.28852,1.2886,1.75,2.25
2015.03.31 19:14:24.001,1.28852,1.28858,1.75,1.00
2015.03.31 19:14:24.153,1.28852,1.2886,1.75,3.00
2015.03.31 19:14:24.583,1.28852,1.28855,1.75,1.00
2015.03.31 19:14:24.684,1.28852,1.28857,1.75,1.00
2015.03.31 19:14:24.785,1.28849,1.28857,1.75,1.50
2015.03.31 19:14:24.836,1.28849,1.28855,1.75,1.50
2015.03.31 19:14:25.089,1.2885,1.28857,1.75,1.50
2015.03.31 19:14:25.618,1.2885,1.28858,1.75,2.25
2015.03.31 19:14:26.330,1.28849,1.28858,1.87,2.25
2015.03.31 19:14:29.651,1.28849,1.28856,1.87,1.00
2015.03.31 19:14:30.261,1.28849,1.28858,1.12,1.50
2015.03.31 19:14:35.624,1.28849,1.28857,1.12,1.00
2015.03.31 19:14:35.877,1.2885,1.28857,1.12,1.00
2015.03.31 19:14:36.395,1.28851,1.28858,1.12,2.25
2015.03.31 19:14:43.969,1.28851,1.28859,1.87,1.50
2015.03.31 19:14:46.066,1.28851,1.2886,1.12,1.00
2015.03.31 19:14:46.269,1.28852,1.28862,1.20,1.95
2015.03.31 19:14:46.780,1.28853,1.28862,1.20,1.00
2015.03.31 19:14:47.039,1.28856,1.28862,1.00,1.00
2015.03.31 19:14:47.350,1.28857,1.28865,1.12,1.69
2015.03.31 19:14:50.730,1.28857,1.28864,1.12,1.00
2015.03.31 19:14:51.240,1.28857,1.28865,1.12,1.50
2015.03.31 19:14:52.587,1.28857,1.28863,1.12,1.00
2015.03.31 19:14:54.088,1.28855,1.28863,1.75,1.00
2015.03.31 19:14:57.784,1.28855,1.28862,1.75,1.50
2015.03.31 19:14:58.289,1.28855,1.28861,1.75,1.87
2015.03.31 19:15:01.655,1.28852,1.28856,1.75,1.37
2015.03.31 19:15:01.757,1.2885,1.28854,1.75,2.62
2015.03.31 19:15:01.858,1.28846,1.28854,1.75,3.37
2015.03.31 19:15:02.442,1.28846,1.28852,1.75,1.87
2015.03.31 19:15:02.746,1.28844,1.28852,1.12,1.50
2015.03.31 19:15:04.611,1.28844,1.28851,1.87,1.50
2015.03.31 19:15:05.071,1.28842,1.28851,1.75,1.50
2015.03.31 19:15:05.273,1.28842,1.28848,1.75,2.25
2015.03.31 19:15:05.494,1.28839,1.28848,1.12,4.12
2015.03.31 19:15:07.765,1.28839,1.28848,1.50,2.62
2015.03.31 19:15:09.278,1.28839,1.28849,1.50,1.87
2015.03.31 19:15:11.051,1.28839,1.2885,1.87,2.25
2015.03.31 19:15:13.799,1.28841,1.2885,1.00,1.12
2015.03.31 19:15:14.304,1.28841,1.28851,1.00,1.12
2015.03.31 19:15:14.831,1.28841,1.2885,1.00,1.00
2015.03.31 19:15:16.294,1.28842,1.2885,2.25,1.00
2015.03.31 19:15:16.345,1.28842,1.28852,3.37,2.40
2015.03.31 19:15:16.850,1.28843,1.28853,2.02,1.69
2015.03.31 19:15:19.475,1.28845,1.28853,1.37,1.50
2015.03.31 19:15:19.728,1.28853,1.2886,1.00,1.03
2015.03.31 19:15:19.880,1.28853,1.28862,1.20,1.23
2015.03.31 19:15:20.394,1.28853,1.28863,1.95,1.10
2015.03.31 19:15:20.771,1.28853,1.28863,1.95,1.47
2015.03.31 19:15:21.169,1.2885,1.2886,2.44,1.87
2015.03.31 19:15:21.719,1.2885,1.28858,2.00,1.50
2015.03.31 19:15:26.148,1.2885,1.28857,1.75,1.00
2015.03.31 19:15:29.127,1.2885,1.28856,1.75,3.75
2015.03.31 19:15:29.430,1.28849,1.28853,1.12,1.50
2015.03.31 19:15:29.481,1.28848,1.28853,1.50,1.50
2015.03.31 19:15:30.463,1.28847,1.28854,1.75,1.00
2015.03.31 19:15:32.151,1.28848,1.28857,2.25,1.87
2015.03.31 19:15:32.252,1.2885,1.28859,1.00,2.99
2015.03.31 19:15:32.555,1.28851,1.28858,1.95,1.50
2015.03.31 19:15:32.858,1.28854,1.28859,1.00,1.12
2015.03.31 19:15:34.010,1.28854,1.28862,1.00,1.10
2015.03.31 19:15:35.553,1.28855,1.28862,1.50,1.10
2015.03.31 19:15:36.094,1.28855,1.28863,1.50,1.57
2015.03.31 19:15:36.598,1.28854,1.28861,1.00,1.37
2015.03.31 19:15:40.191,1.28854,1.28861,1.00,1.87
2015.03.31 19:15:40.926,1.28852,1.28861,1.57,1.87
2015.03.31 19:15:42.753,1.28852,1.28861,1.95,1.12
2015.03.31 19:15:44.605,1.28852,1.28861,2.32,1.00
2015.03.31 19:15:45.110,1.28854,1.28861,1.00,1.37
2015.03.31 19:15:45.531,1.28856,1.28861,1.00,1.00
2015.03.31 19:15:46.702,1.28856,1.28861,2.62,1.00
2015.03.31 19:15:47.006,1.28856,1.28861,1.50,1.37
2015.03.31 19:15:47.524,1.28854,1.28861,3.37,1.37
2015.03.31 19:15:48.057,1.28856,1.28861,1.00,1.37
2015.03.31 19:15:49.925,1.28855,1.2886,1.87,1.37
2015.03.31 19:15:52.804,1.28854,1.2886,2.62,1.37
2015.03.31 19:15:53.318,1.28854,1.2886,1.57,1.37
2015.03.31 19:15:56.116,1.28851,1.28858,1.75,2.25
2015.03.31 19:15:58.411,1.28851,1.28857,2.25,1.00
2015.03.31 19:16:00.474,1.28852,1.28858,1.50,1.50
2015.03.31 19:16:01.005,1.28852,1.28857,1.50,1.00
2015.03.31 19:16:01.632,1.28851,1.28857,1.75,1.37
2015.03.31 19:16:02.160,1.2885,1.28854,1.12,1.50
2015.03.31 19:16:02.463,1.28846,1.2885,1.12,2.25
2015.03.31 19:16:02.766,1.28845,1.28848,1.75,1.50
2015.03.31 19:16:03.018,1.28842,1.28847,1.75,2.25
2015.03.31 19:16:04.460,1.28841,1.28847,1.12,2.25
2015.03.31 19:16:06.306,1.28841,1.28846,1.12,1.00
2015.03.31 19:16:06.357,1.28841,1.28846,1.12,1.37
2015.03.31 19:16:06.459,1.28839,1.28845,1.12,1.37
2015.03.31 19:16:06.967,1.28839,1.28846,1.12,1.37
2015.03.31 19:16:07.474,1.28841,1.28845,1.12,1.37
2015.03.31 19:16:08.339,1.28841,1.28846,1.12,2.62
2015.03.31 19:16:09.403,1.28839,1.28846,1.12,1.87
2015.03.31 19:16:10.580,1.28839,1.28847,1.12,3.37
2015.03.31 19:16:10.833,1.28839,1.28845,1.12,1.50
2015.03.31 19:16:13.728,1.28839,1.28845,1.12,1.37
2015.03.31 19:16:14.043,1.28838,1.28845,1.12,1.37
2015.03.31 19:16:14.207,1.28838,1.28845,1.87,1.12
2015.03.31 19:16:15.000,1.28841,1.28845,1.00,1.12
2015.03.31 19:16:15.528,1.28842,1.28847,1.00,2.62
2015.03.31 19:16:15.630,1.28842,1.28845,1.00,1.00
2015.03.31 19:16:15.689,1.28842,1.28847,1.00,1.87
2015.03.31 19:16:16.210,1.28844,1.28847,1.00,2.25
2015.03.31 19:16:16.646,1.28842,1.28847,1.00,2.25
2015.03.31 19:16:17.985,1.28842,1.28845,1.00,1.00
2015.03.31 19:16:20.288,1.28842,1.28846,1.00,1.50
2015.03.31 19:16:22.017,1.28842,1.28845,1.00,1.50
2015.03.31 19:16:22.320,1.28843,1.28845,1.00,1.00
2015.03.31 19:16:22.472,1.28841,1.28847,1.20,1.12
2015.03.31 19:16:22.573,1.28841,1.28848,1.85,1.50
2015.03.31 19:16:23.332,1.28843,1.28847,1.50,1.00
2015.03.31 19:16:23.736,1.28842,1.28845,2.25,1.00
2015.03.31 19:16:23.837,1.28842,1.28847,1.20,1.87
2015.03.31 19:16:24.665,1.28842,1.28847,1.20,1.50
2015.03.31 19:16:25.227,1.28842,1.28846,1.20,1.00
2015.03.31 19:16:25.731,1.28842,1.28847,1.20,1.50
2015.03.31 19:16:26.363,1.28842,1.28846,1.20,1.00
2015.03.31 19:16:26.900,1.28842,1.28847,1.20,2.25
2015.03.31 19:16:28.274,1.28844,1.28847,1.00,4.12
2015.03.31 19:16:28.780,1.28844,1.28848,1.00,1.87
2015.03.31 19:16:29.484,1.28843,1.28848,1.00,1.87
2015.03.31 19:16:30.009,1.28843,1.28847,1.00,2.25
2015.03.31 19:16:30.726,1.28841,1.28847,1.50,1.87
2015.03.31 19:16:31.091,1.28841,1.28845,1.00,1.00
2015.03.31 19:16:32.484,1.2884,1.28845,1.10,1.50
2015.03.31 19:16:33.663,1.2884,1.28847,1.20,1.87
2015.03.31 19:16:34.786,1.28839,1.28846,1.50,1.00
2015.03.31 19:16:35.139,1.28838,1.28843,1.12,1.00
2015.03.31 19:16:35.241,1.28838,1.28845,1.12,1.00
2015.03.31 19:16:35.464,1.28839,1.28847,1.20,2.25
2015.03.31 19:16:36.056,1.28839,1.28846,1.20,1.00
2015.03.31 19:16:36.584,1.28839,1.28847,1.20,1.50
2015.03.31 19:16:37.095,1.28838,1.28848,3.75,2.62
2015.03.31 19:16:37.463,1.2884,1.2885,1.57,1.20
2015.03.31 19:16:37.867,1.28841,1.2885,1.12,1.00
2015.03.31 19:16:38.121,1.28844,1.28854,1.50,3.75
2015.03.31 19:16:38.627,1.28846,1.28854,1.00,1.00
2015.03.31 19:16:39.131,1.28845,1.28854,1.10,1.00
2015.03.31 19:16:39.861,1.28844,1.28853,1.20,1.00
2015.03.31 19:16:40.449,1.28844,1.28853,1.20,1.37
2015.03.31 19:16:41.432,1.28844,1.28853,1.10,1.47
2015.03.31 19:16:42.711,1.28844,1.28853,1.10,1.47
2015.03.31 19:16:43.253,1.28843,1.28853,1.20,1.51
2015.03.31 19:16:43.883,1.28843,1.28853,3.45,1.97
2015.03.31 19:16:44.539,1.28843,1.28852,1.20,1.03
2015.03.31 19:16:45.418,1.28843,1.28853,1.95,1.22
2015.03.31 19:16:46.086,1.28843,1.28853,1.95,1.22
2015.03.31 19:16:47.102,1.28843,1.28853,1.20,1.95
2015.03.31 19:16:47.772,1.28843,1.28852,1.20,1.00
2015.03.31 19:16:48.075,1.28842,1.2885,1.12,1.87
2015.03.31 19:16:50.327,1.28843,1.28851,1.20,1.87
2015.03.31 19:16:50.831,1.28842,1.2885,1.87,1.00
2015.03.31 19:16:51.034,1.28842,1.28852,3.75,3.00
2015.03.31 19:16:51.540,1.28845,1.28853,1.20,1.50
2015.03.31 19:16:51.641,1.28848,1.28853,1.00,1.00
2015.03.31 19:16:51.945,1.28854,1.28859,3.75,1.37
2015.03.31 19:16:51.995,1.28854,1.28861,5.25,4.12
2015.03.31 19:16:52.097,1.28858,1.28861,1.07,3.37
2015.03.31 19:16:52.470,1.28859,1.28864,1.07,2.25
2015.03.31 19:16:53.036,1.28859,1.28865,1.07,1.87
2015.03.31 19:16:53.598,1.28859,1.28865,1.07,1.52
2015.03.31 19:16:54.086,1.28858,1.28863,1.50,1.87
2015.03.31 19:16:54.187,1.28856,1.28863,1.50,2.62
2015.03.31 19:16:54.957,1.28856,1.28862,1.50,1.57
2015.03.31 19:16:55.873,1.28856,1.2886,1.35,1.37
2015.03.31 19:16:56.042,1.28852,1.28857,1.57,1.37
2015.03.31 19:16:56.093,1.28852,1.28858,1.57,3.40
2015.03.31 19:16:56.295,1.28852,1.2886,1.57,3.37
2015.03.31 19:16:56.447,1.28855,1.2886,1.00,1.87
2015.03.31 19:16:56.751,1.28856,1.28859,1.50,1.12
2015.03.31 19:16:57.397,1.28853,1.28855,1.00,3.37
2015.03.31 19:16:57.599,1.28853,1.28854,1.00,3.40
2015.03.31 19:16:58.064,1.28853,1.28856,1.50,1.52
2015.03.31 19:16:58.216,1.28853,1.28858,2.25,1.10
2015.03.31 19:16:58.794,1.28853,1.28859,3.00,1.12
2015.03.31 19:17:00.271,1.28853,1.28856,1.50,1.00
2015.03.31 19:17:00.473,1.28853,1.28861,2.25,1.87
2015.03.31 19:17:02.070,1.28853,1.28859,1.50,1.00
2015.03.31 19:17:02.579,1.28853,1.2886,1.50,1.65
2015.03.31 19:17:04.466,1.28853,1.2886,1.50,2.02
2015.03.31 19:17:05.758,1.28852,1.28858,1.50,1.00
2015.03.31 19:17:08.914,1.28852,1.28859,1.50,1.20
2015.03.31 19:17:16.318,1.28852,1.28858,1.50,1.00
2015.03.31 19:17:17.015,1.28852,1.28859,1.50,3.52
2015.03.31 19:17:20.023,1.28852,1.28858,1.50,1.00
2015.03.31 19:17:21.929,1.28852,1.28859,1.50,1.65
2015.03.31 19:17:22.243,1.28854,1.28859,1.50,1.50
2015.03.31 19:17:23.792,1.28854,1.28858,1.50,1.00
2015.03.31 19:17:26.138,1.28854,1.2886,1.50,2.02
2015.03.31 19:17:26.643,1.28854,1.28859,1.50,1.00
2015.03.31 19:17:27.930,1.28852,1.28858,1.50,1.00
2015.03.31 19:17:28.503,1.28853,1.28858,1.07,1.00
2015.03.31 19:17:29.263,1.28853,1.28858,1.07,1.87
2015.03.31 19:17:29.783,1.28853,1.28857,1.07,1.37
2015.03.31 19:17:32.570,1.28852,1.28857,1.07,1.95
2015.03.31 19:17:33.107,1.28852,1.28855,1.07,1.00
2015.03.31 19:17:35.331,1.28852,1.28856,1.07,2.62
2015.03.31 19:17:38.711,1.28852,1.28856,1.07,2.65
2015.03.31 19:17:38.762,1.2885,1.28853,1.67,3.75
2015.03.31 19:17:38.863,1.28847,1.28852,1.07,1.87
2015.03.31 19:17:38.964,1.28844,1.28852,2.51,2.62
2015.03.31 19:17:39.469,1.28844,1.2885,1.07,1.57
2015.03.31 19:17:39.621,1.28843,1.2885,1.00,3.07
2015.03.31 19:17:40.137,1.28841,1.28848,3.07,1.00
2015.03.31 19:17:40.659,1.28841,1.28847,3.45,1.00
2015.03.31 19:17:41.298,1.28841,1.28846,3.07,1.00
2015.03.31 19:17:41.500,1.28841,1.28843,3.00,1.00
2015.03.31 19:17:41.958,1.28833,1.2884,3.37,1.87
2015.03.31 19:17:42.210,1.28832,1.28839,1.87,1.00
2015.03.31 19:17:42.312,1.28832,1.28839,1.50,1.00
2015.03.31 19:17:42.463,1.28831,1.28838,1.50,1.50
2015.03.31 19:17:42.766,1.28832,1.28839,1.85,1.75
2015.03.31 19:17:42.817,1.28833,1.28839,1.50,1.00
2015.03.31 19:17:43.324,1.28833,1.2884,1.50,1.20
2015.03.31 19:17:44.143,1.28833,1.28841,2.62,1.50
2015.03.31 19:17:44.345,1.28836,1.28844,1.95,1.07
2015.03.31 19:17:44.396,1.28838,1.28844,1.00,1.07
2015.03.31 19:17:44.670,1.28838,1.28846,1.57,1.39
2015.03.31 19:17:45.174,1.28837,1.28847,1.57,2.89
2015.03.31 19:17:45.679,1.28837,1.28847,1.57,2.72
2015.03.31 19:17:49.303,1.28837,1.28843,2.32,1.00
2015.03.31 19:17:49.505,1.28834,1.28842,1.65,1.12
2015.03.31 19:17:49.556,1.28834,1.28842,1.65,2.62
2015.03.31 19:17:50.308,1.28834,1.28839,1.20,1.00
2015.03.31 19:17:50.697,1.28832,1.28841,2.62,1.27
2015.03.31 19:17:52.189,1.28834,1.28842,1.00,4.50
2015.03.31 19:17:52.392,1.28836,1.28842,1.00,2.25
2015.03.31 19:17:52.859,1.28834,1.28842,1.00,2.25
2015.03.31 19:17:52.910,1.28836,1.28843,1.00,4.27
2015.03.31 19:17:52.960,1.28836,1.28843,1.00,2.40
2015.03.31 19:17:53.011,1.28839,1.28842,1.00,1.50
2015.03.31 19:17:53.524,1.28839,1.28843,1.00,1.50
2015.03.31 19:17:53.828,1.28841,1.28845,1.00,1.65
2015.03.31 19:17:54.030,1.28842,1.28846,1.00,1.87
2015.03.31 19:17:54.297,1.28842,1.28849,1.20,1.10
2015.03.31 19:17:56.029,1.28843,1.2885,1.00,1.20
2015.03.31 19:17:57.243,1.28842,1.2885,1.20,3.45
2015.03.31 19:17:59.632,1.28841,1.28847,1.07,1.12
2015.03.31 19:17:59.734,1.28838,1.28846,1.20,1.37
2015.03.31 19:18:00.239,1.28837,1.28844,2.25,1.50
2015.03.31 19:18:00.994,1.28837,1.28845,3.37,1.00
2015.03.31 19:18:01.095,1.28839,1.28848,1.00,3.00
2015.03.31 19:18:01.197,1.2884,1.28848,1.07,2.32
2015.03.31 19:18:05.820,1.28838,1.28848,2.02,3.75
2015.03.31 19:18:06.223,1.2884,1.28848,1.37,1.87
2015.03.31 19:18:08.743,1.28841,1.28848,1.00,1.90
2015.03.31 19:18:09.247,1.2884,1.28845,1.00,1.03
2015.03.31 19:18:10.184,1.2884,1.28846,1.00,1.52
2015.03.31 19:18:10.830,1.2884,1.28846,1.00,1.52
2015.03.31 19:18:11.441,1.2884,1.28846,1.00,1.52
2015.03.31 19:18:12.023,1.2884,1.28846,1.00,1.52
2015.03.31 19:18:12.770,1.2884,1.28846,1.00,1.52
2015.03.31 19:18:12.871,1.28838,1.28846,2.02,1.52
2015.03.31 19:18:13.389,1.28838,1.28847,2.02,1.65
2015.03.31 19:18:13.857,1.28837,1.28846,1.20,1.22
2015.03.31 19:18:14.582,1.28837,1.28845,1.20,1.52
2015.03.31 19:18:15.087,1.28836,1.28843,1.50,1.00
2015.03.31 19:18:18.332,1.28836,1.28844,2.25,2.65
2015.03.31 19:18:18.634,1.28836,1.28843,1.57,1.07
2015.03.31 19:18:23.818,1.28837,1.28845,1.07,1.76
2015.03.31 19:18:24.483,1.28837,1.28845,1.20,1.01
2015.03.31 19:18:24.534,1.2884,1.28846,1.00,1.57
2015.03.31 19:18:25.130,1.2884,1.28846,1.20,1.20
2015.03.31 19:18:30.280,1.28837,1.28846,1.87,1.57
2015.03.31 19:18:30.331,1.28837,1.28846,1.07,3.07
2015.03.31 19:18:30.684,1.28837,1.28843,1.07,1.00
2015.03.31 19:18:30.896,1.28835,1.28843,1.07,1.00
2015.03.31 19:18:32.434,1.28835,1.28844,1.57,1.00
2015.03.31 19:18:32.980,1.28835,1.28845,1.57,2.89
2015.03.31 19:18:35.921,1.28835,1.28845,1.57,3.82
2015.03.31 19:18:38.438,1.28835,1.28845,1.57,3.85
2015.03.31 19:18:38.842,1.28834,1.28842,1.07,1.75
2015.03.31 19:18:39.347,1.28833,1.28841,2.25,1.50
2015.03.31 19:18:41.584,1.28833,1.2884,1.50,1.50
2015.03.31 19:18:48.577,1.28836,1.2884,1.00,1.41
2015.03.31 19:18:48.830,1.28836,1.28844,1.00,1.69
2015.03.31 19:18:48.881,1.28836,1.28846,1.75,4.20
2015.03.31 19:18:48.931,1.28837,1.28845,1.07,1.00
2015.03.31 19:18:49.238,1.28835,1.28845,1.20,2.65
2015.03.31 19:18:49.751,1.28836,1.28843,1.00,1.00
2015.03.31 19:18:53.465,1.28834,1.28843,3.37,1.00
2015.03.31 19:18:58.310,1.28834,1.28842,3.00,1.00
2015.03.31 19:19:00.261,1.28834,1.28841,2.25,1.00
2015.03.31 19:19:01.168,1.28834,1.2884,1.50,1.00
2015.03.31 19:19:01.699,1.28835,1.28839,1.07,1.00
2015.03.31 19:19:02.805,1.28835,1.28841,1.07,1.60
2015.03.31 19:19:04.295,1.28837,1.28843,1.50,1.31
2015.03.31 19:19:04.598,1.28837,1.28839,1.50,1.00
2015.03.31 19:19:04.649,1.28833,1.28839,1.50,1.00
2015.03.31 19:19:07.235,1.28834,1.28842,1.65,1.27
2015.03.31 19:19:07.387,1.28836,1.28841,1.50,1.00
2015.03.31 19:19:07.903,1.28838,1.28841,1.00,1.00
2015.03.31 19:19:08.218,1.2884,1.28845,1.50,4.12
2015.03.31 19:19:09.205,1.2884,1.28843,1.50,1.00
2015.03.31 19:19:09.830,1.2884,1.28845,1.07,1.00
2015.03.31 19:19:10.619,1.2884,1.28846,1.07,1.00
2015.03.31 19:19:11.480,1.2884,1.28848,1.07,1.07
2015.03.31 19:19:14.971,1.28841,1.2885,1.12,4.87
2015.03.31 19:19:16.297,1.2884,1.2885,3.52,4.12
2015.03.31 19:19:16.841,1.2884,1.2885,2.77,4.12
2015.03.31 19:19:17.356,1.2884,1.28849,1.65,1.20
2015.03.31 19:19:20.321,1.2884,1.28849,1.20,1.57
2015.03.31 19:19:24.148,1.2884,1.28849,1.20,1.20
2015.03.31 19:19:26.418,1.2884,1.28849,2.02,1.20
2015.03.31 19:19:27.435,1.2884,1.28849,2.02,1.20
2015.03.31 19:19:27.979,1.2884,1.28849,1.57,1.20
2015.03.31 19:19:28.895,1.2884,1.28849,1.20,1.20
2015.03.31 19:19:31.198,1.2884,1.28849,1.57,3.15
2015.03.31 19:19:33.804,1.2884,1.28849,1.20,3.15
2015.03.31 19:19:46.917,1.2884,1.28846,1.20,1.00
2015.03.31 19:19:47.220,1.28837,1.28845,1.07,1.07
2015.03.31 19:19:49.651,1.28837,1.28843,1.07,1.00
2015.03.31 19:19:50.217,1.28837,1.28845,1.95,1.07
2015.03.31 19:19:50.520,1.28839,1.28844,1.50,1.00
2015.03.31 19:19:50.672,1.28839,1.28846,2.25,1.20
2015.03.31 19:19:59.657,1.28839,1.28845,2.25,3.37
2015.03.31 19:19:59.980,1.28837,1.28843,1.07,1.95
2015.03.31 19:20:02.437,1.28836,1.28843,1.20,1.50
2015.03.31 19:20:05.577,1.28836,1.28843,1.57,1.50
2015.03.31 19:20:05.859,1.28838,1.28845,1.95,1.07
2015.03.31 19:20:06.821,1.28838,1.28845,1.57,1.07
2015.03.31 19:20:14.305,1.28839,1.28844,1.00,1.10
2015.03.31 19:20:15.567,1.28839,1.28845,1.87,1.07
2015.03.31 19:20:15.821,1.28842,1.28849,1.12,1.50
2015.03.31 19:20:16.364,1.28843,1.2885,1.00,4.12
2015.03.31 19:20:20.099,1.28843,1.28849,1.00,1.92
2015.03.31 19:20:20.607,1.28844,1.28849,1.00,1.92
2015.03.31 19:20:27.087,1.28844,1.2885,1.00,4.17
2015.03.31 19:20:27.490,1.28843,1.2885,1.00,2.62
2015.03.31 19:20:30.939,1.28843,1.2885,1.37,1.50
2015.03.31 19:20:31.954,1.28843,1.2885,1.00,1.50
2015.03.31 19:20:32.495,1.28843,1.2885,1.87,1.87
2015.03.31 19:20:43.634,1.28843,1.2885,1.00,1.50
2015.03.31 19:20:43.685,1.28845,1.2885,1.00,1.50
2015.03.31 19:20:43.887,1.28845,1.28852,1.00,2.32
2015.03.31 19:20:47.881,1.28844,1.28852,1.12,2.70
2015.03.31 19:20:50.325,1.28846,1.28852,1.00,1.07
2015.03.31 19:20:50.628,1.28848,1.28855,1.50,2.81
2015.03.31 19:20:52.450,1.28845,1.28855,1.65,1.12
2015.03.31 19:20:53.607,1.28845,1.28854,1.65,1.00
2015.03.31 19:20:56.699,1.28845,1.28856,2.40,1.87
2015.03.31 19:20:57.258,1.28845,1.28856,2.40,1.87
2015.03.31 19:20:59.297,1.28847,1.28856,1.00,1.87
2015.03.31 19:21:00.270,1.28847,1.28856,1.00,2.25
2015.03.31 19:21:00.803,1.28847,1.28854,1.00,1.45
2015.03.31 19:21:08.530,1.28845,1.28854,1.00,2.62
2015.03.31 19:21:09.050,1.28844,1.28853,1.00,5.02
2015.03.31 19:21:09.202,1.28842,1.28848,1.00,1.12
2015.03.31 19:21:09.404,1.28839,1.28846,1.10,1.00
2015.03.31 19:21:09.923,1.28839,1.28846,1.00,1.50
2015.03.31 19:21:12.359,1.28839,1.28847,1.00,1.20
2015.03.31 19:21:18.106,1.28839,1.28845,1.00,1.00
2015.03.31 19:21:19.798,1.28839,1.28847,1.00,1.95
2015.03.31 19:21:21.318,1.28839,1.28847,1.50,1.10
2015.03.31 19:21:24.265,1.28839,1.28845,1.00,1.00
2015.03.31 19:21:25.627,1.28839,1.28847,1.00,1.10
2015.03.31 19:21:32.302,1.28839,1.28846,1.00,1.00
2015.03.31 19:21:33.611,1.28839,1.28847,1.12,1.10
2015.03.31 19:21:34.116,1.28838,1.28847,4.12,1.57
2015.03.31 19:21:34.269,1.28838,1.28845,4.12,1.00
2015.03.31 19:21:35.616,1.28838,1.28847,2.62,1.57
2015.03.31 19:21:36.431,1.28839,1.28847,1.00,1.57
2015.03.31 19:21:37.011,1.28839,1.28846,1.00,1.00
2015.03.31 19:21:37.554,1.2884,1.28846,1.00,1.00
2015.03.31 19:21:38.492,1.2884,1.28848,1.00,1.20
2015.03.31 19:21:39.038,1.28839,1.28848,1.00,1.95
2015.03.31 19:21:39.290,1.28837,1.28847,1.10,2.70
2015.03.31 19:21:42.518,1.28836,1.28846,1.95,1.00
2015.03.31 19:21:43.496,1.28836,1.28846,1.50,1.20
2015.03.31 19:21:43.799,1.28836,1.28844,1.00,1.00
2015.03.31 19:21:44.310,1.28836,1.28843,1.00,1.00
2015.03.31 19:21:45.565,1.28836,1.28842,1.00,1.00
2015.03.31 19:21:45.718,1.28833,1.28842,1.87,1.50
2015.03.31 19:21:46.428,1.28835,1.28842,1.00,3.00
2015.03.31 19:21:46.530,1.28837,1.28844,1.50,1.12
2015.03.31 19:21:46.632,1.28836,1.28845,1.57,1.00
2015.03.31 19:21:47.136,1.28836,1.28844,1.20,1.00
2015.03.31 19:21:47.502,1.28836,1.28846,1.95,1.50
2015.03.31 19:21:48.008,1.28836,1.28845,1.95,1.00
2015.03.31 19:21:52.132,1.28836,1.28843,1.20,1.00
2015.03.31 19:21:52.663,1.28836,1.28844,1.20,1.50
2015.03.31 19:21:56.111,1.28836,1.28842,1.20,1.00
2015.03.31 19:21:56.616,1.28836,1.28842,1.10,1.00
2015.03.31 19:21:59.742,1.28836,1.28841,1.10,2.62
2015.03.31 19:21:59.995,1.28836,1.28843,1.10,2.25
2015.03.31 19:22:05.290,1.28835,1.28844,1.20,2.25
2015.03.31 19:22:07.452,1.28835,1.28842,1.20,1.00
2015.03.31 19:22:14.835,1.28834,1.2884,1.87,1.00
2015.03.31 19:22:15.290,1.28834,1.2884,1.10,1.50
2015.03.31 19:22:16.005,1.28834,1.28842,1.10,3.77
2015.03.31 19:22:17.899,1.28834,1.2884,1.10,1.00
2015.03.31 19:22:18.417,1.28834,1.28841,1.10,1.12
2015.03.31 19:22:19.282,1.28834,1.2884,1.10,1.00
2015.03.31 19:22:19.917,1.28834,1.28841,1.10,1.50
2015.03.31 19:22:20.450,1.28834,1.28842,1.10,1.00
2015.03.31 19:22:20.904,1.28838,1.28844,1.00,2.70
2015.03.31 19:22:21.006,1.28838,1.28845,1.00,1.27
2015.03.31 19:22:21.056,1.28838,1.28843,1.00,1.00
2015.03.31 19:22:21.561,1.28835,1.28843,3.00,1.00
2015.03.31 19:22:22.119,1.28834,1.28844,2.62,1.37
2015.03.31 19:22:22.451,1.28836,1.28844,1.12,1.37
2015.03.31 19:22:23.179,1.28836,1.28846,3.00,3.75
2015.03.31 19:22:23.710,1.28838,1.28846,1.57,2.25
2015.03.31 19:22:23.761,1.28838,1.28844,1.57,1.00
2015.03.31 19:22:24.318,1.28838,1.28845,3.07,1.00
2015.03.31 19:22:26.425,1.28838,1.28846,4.20,1.50
2015.03.31 19:22:26.475,1.28838,1.28849,4.20,1.10
2015.03.31 19:22:26.779,1.28837,1.28847,3.37,1.37
2015.03.31 19:22:27.584,1.28837,1.28847,1.12,1.12
2015.03.31 19:22:28.112,1.28837,1.28846,1.12,1.50
2015.03.31 19:22:28.830,1.28836,1.28846,1.20,1.50
2015.03.31 19:22:29.866,1.28836,1.28846,1.20,2.62
2015.03.31 19:22:32.009,1.28836,1.28846,1.20,3.00
2015.03.31 19:22:34.769,1.28835,1.28846,2.62,2.62
2015.03.31 19:22:35.889,1.28835,1.28845,2.62,1.37
2015.03.31 19:22:39.900,1.28835,1.28843,1.12,1.00
2015.03.31 19:22:40.001,1.28835,1.28842,1.12,1.02
2015.03.31 19:22:40.203,1.28835,1.28844,1.12,1.12
2015.03.31 19:22:42.608,1.28835,1.28843,1.12,1.12
2015.03.31 19:22:43.056,1.28835,1.28841,1.12,1.00
2015.03.31 19:22:43.217,1.28834,1.28841,2.70,1.00
2015.03.31 19:22:43.737,1.28834,1.2884,1.20,1.00
2015.03.31 19:22:44.247,1.28833,1.2884,1.50,1.00
2015.03.31 19:22:46.757,1.28833,1.28841,1.50,1.00
2015.03.31 19:22:47.789,1.28833,1.28843,1.50,1.37
2015.03.31 19:22:48.247,1.28834,1.28844,2.40,2.02
2015.03.31 19:22:51.822,1.28834,1.28844,2.40,1.57
2015.03.31 19:22:52.817,1.28834,1.28844,2.70,1.37
2015.03.31 19:23:10.561,1.28833,1.28844,1.87,1.50
2015.03.31 19:23:19.671,1.28833,1.28844,2.62,1.87
2015.03.31 19:23:22.998,1.28833,1.28844,4.50,1.12
2015.03.31 19:23:23.507,1.28834,1.28844,1.75,1.12
2015.03.31 19:23:24.101,1.28835,1.28844,1.12,1.12
2015.03.31 19:23:24.655,1.28836,1.28844,1.12,1.37
2015.03.31 19:23:25.177,1.28836,1.28844,1.12,1.00
2015.03.31 19:23:32.956,1.28836,1.28843,1.50,1.00
2015.03.31 19:23:33.503,1.28836,1.28844,1.50,1.00
2015.03.31 19:23:43.449,1.28836,1.28843,1.50,1.00
2015.03.31 19:23:47.606,1.28836,1.28844,1.12,1.00
2015.03.31 19:23:47.909,1.28836,1.28841,1.12,1.00
2015.03.31 19:23:48.263,1.28833,1.28837,1.12,1.00
2015.03.31 19:23:48.721,1.28833,1.28839,1.12,1.00
2015.03.31 19:23:49.270,1.28833,1.2884,1.12,1.12
2015.03.31 19:23:51.590,1.28833,1.28839,1.12,1.00
2015.03.31 19:23:54.113,1.28833,1.2884,1.12,2.25
2015.03.31 19:23:54.618,1.28833,1.28839,1.12,1.00
2015.03.31 19:23:54.971,1.28831,1.28834,1.75,1.00
2015.03.31 19:23:55.174,1.28828,1.28834,1.20,1.00
2015.03.31 19:23:55.275,1.28827,1.28836,1.69,1.00
2015.03.31 19:23:55.785,1.28827,1.28838,1.69,2.25
2015.03.31 19:23:56.716,1.28826,1.28836,4.87,1.00
2015.03.31 19:23:57.268,1.28826,1.28834,4.12,1.00
2015.03.31 19:23:58.956,1.28826,1.28833,2.25,1.00
2015.03.31 19:24:00.023,1.28826,1.28832,2.25,1.00
2015.03.31 19:24:00.675,1.28825,1.28832,2.62,1.00
2015.03.31 19:24:01.206,1.28825,1.28831,1.87,1.00
2015.03.31 19:24:01.925,1.28825,1.28832,2.62,1.00
2015.03.31 19:24:02.374,1.28825,1.28834,2.62,1.00
2015.03.31 19:24:02.891,1.28826,1.28835,1.20,1.00
2015.03.31 19:24:03.583,1.28826,1.28835,1.57,1.00
2015.03.31 19:24:05.007,1.28826,1.28833,2.02,1.00
2015.03.31 19:24:05.663,1.28827,1.28834,1.12,1.00
2015.03.31 19:24:05.866,1.28829,1.28839,1.20,2.59
2015.03.31 19:24:06.390,1.2883,1.28839,1.20,1.25
2015.03.31 19:24:06.693,1.28833,1.2884,1.00,1.20
2015.03.31 19:24:06.947,1.28833,1.28843,1.00,1.25
2015.03.31 19:24:07.452,1.28833,1.28844,3.37,1.20
2015.03.31 19:24:07.573,1.28834,1.28844,1.37,1.20
2015.03.31 19:24:08.079,1.28834,1.28843,1.37,1.00
2015.03.31 19:24:08.584,1.28834,1.28842,1.37,1.00
2015.03.31 19:24:08.736,1.28835,1.28845,1.12,2.62
2015.03.31 19:24:09.276,1.28836,1.28844,1.12,1.20
2015.03.31 19:24:11.712,1.28835,1.28845,1.12,1.50
2015.03.31 19:24:12.217,1.28834,1.28845,1.87,2.62
2015.03.31 19:24:12.685,1.28834,1.28843,2.25,1.12
2015.03.31 19:24:14.004,1.28835,1.28841,1.07,1.37
2015.03.31 19:24:14.206,1.28834,1.28841,1.57,2.35
2015.03.31 19:24:16.229,1.28834,1.28842,1.50,1.50
2015.03.31 19:24:16.482,1.28836,1.28844,1.20,2.89
2015.03.31 19:24:17.013,1.28836,1.28845,1.10,1.39
2015.03.31 19:24:17.624,1.28836,1.28843,1.10,1.00
2015.03.31 19:24:18.134,1.28836,1.28845,1.57,1.20
2015.03.31 19:24:18.184,1.28836,1.28846,2.25,4.12
2015.03.31 19:24:18.703,1.28838,1.28846,1.07,3.37
2015.03.31 19:24:25.160,1.28838,1.28846,1.07,5.25
2015.03.31 19:24:25.464,1.28836,1.28841,1.07,1.00
2015.03.31 19:24:25.983,1.28836,1.28842,1.07,1.00
2015.03.31 19:24:30.280,1.28836,1.28841,1.07,1.00
2015.03.31 19:24:30.939,1.28836,1.28839,1.07,1.00
2015.03.31 19:24:31.243,1.2884,1.28841,1.00,1.10
2015.03.31 19:24:31.344,1.28841,1.28845,3.00,4.12
2015.03.31 19:24:31.395,1.28841,1.28845,3.00,3.75
2015.03.31 19:24:31.699,1.28844,1.28846,1.50,2.25
2015.03.31 19:24:32.002,1.28843,1.28851,1.50,1.00
2015.03.31 19:24:32.730,1.28843,1.28845,1.35,1.00
2015.03.31 19:24:33.059,1.28843,1.28846,1.50,1.00
2015.03.31 19:24:33.261,1.28843,1.28848,1.50,1.00
2015.03.31 19:24:34.682,1.28843,1.28849,1.50,1.20
2015.03.31 19:24:34.733,1.28843,1.28849,1.50,1.10
2015.03.31 19:24:36.359,1.28845,1.28847,1.00,1.00
2015.03.31 19:24:36.693,1.28845,1.28851,1.07,2.25
2015.03.31 19:24:37.229,1.28844,1.28846,1.50,1.00
2015.03.31 19:24:37.745,1.28844,1.28849,1.07,1.00
2015.03.31 19:24:39.750,1.28845,1.2885,1.87,1.00
2015.03.31 19:24:40.201,1.28847,1.2885,1.07,1.00
2015.03.31 19:24:42.149,1.28847,1.28849,1.50,1.00
2015.03.31 19:24:42.352,1.28844,1.28847,1.07,1.00
2015.03.31 19:24:42.402,1.28844,1.28846,1.00,1.00
2015.03.31 19:24:42.606,1.28844,1.28847,1.07,1.00
2015.03.31 19:24:43.153,1.28844,1.2885,1.07,1.00
2015.03.31 19:24:44.477,1.28844,1.28848,1.20,1.00
2015.03.31 19:24:44.957,1.28845,1.28849,4.20,1.00
2015.03.31 19:24:45.007,1.28846,1.28851,2.70,1.50
2015.03.31 19:24:45.058,1.28847,1.28851,1.12,1.50
2015.03.31 19:24:45.563,1.2885,1.28854,1.45,1.50
2015.03.31 19:24:46.103,1.2885,1.28853,1.95,3.00
2015.03.31 19:24:47.653,1.2885,1.28853,1.95,3.00
2015.03.31 19:24:48.986,1.28848,1.28851,1.20,1.50
2015.03.31 19:24:49.295,1.28847,1.28851,1.50,1.50
2015.03.31 19:24:49.447,1.28847,1.28849,1.50,1.00
2015.03.31 19:24:49.599,1.28844,1.28849,2.06,1.00
2015.03.31 19:24:51.595,1.28844,1.28851,1.87,1.00
2015.03.31 19:24:51.995,1.28845,1.28851,2.02,1.00
2015.03.31 19:24:52.298,1.28849,1.28852,1.87,1.00
2015.03.31 19:24:52.761,1.28851,1.28855,2.25,5.25
2015.03.31 19:24:53.266,1.28853,1.28855,1.50,5.25
2015.03.31 19:24:53.583,1.28854,1.28856,1.50,1.00
2015.03.31 19:24:55.341,1.28852,1.28855,1.65,5.25
2015.03.31 19:24:55.594,1.28852,1.28858,2.32,5.25
2015.03.31 19:25:03.140,1.28856,1.28858,1.07,5.25
2015.03.31 19:25:03.645,1.28853,1.28857,1.07,1.50
2015.03.31 19:25:03.746,1.28852,1.28855,1.50,5.25
2015.03.31 19:25:04.940,1.28851,1.28854,1.07,1.00
2015.03.31 19:25:05.092,1.28848,1.28853,1.50,1.00
2015.03.31 19:25:05.637,1.28848,1.28854,1.50,1.20
2015.03.31 19:25:05.687,1.28848,1.28852,1.50,1.00
2015.03.31 19:25:05.990,1.28846,1.28852,1.07,1.00
2015.03.31 19:25:06.574,1.28845,1.28852,1.50,1.00
2015.03.31 19:25:09.268,1.28845,1.28853,1.87,1.65
2015.03.31 19:25:09.953,1.28845,1.28854,1.87,2.25
2015.03.31 19:25:11.581,1.28846,1.28854,1.65,1.50
2015.03.31 19:25:11.786,1.28849,1.28855,1.57,5.25
2015.03.31 19:25:12.775,1.28851,1.28855,1.45,5.25
2015.03.31 19:25:14.089,1.28851,1.28855,1.20,5.25
2015.03.31 19:25:15.770,1.28851,1.28854,1.20,1.00
2015.03.31 19:25:23.774,1.28851,1.28854,1.07,1.00
2015.03.31 19:25:23.861,1.28851,1.28854,1.57,1.00
2015.03.31 19:25:24.363,1.28852,1.28854,1.00,1.00
2015.03.31 19:25:29.076,1.28852,1.28854,1.10,1.00
2015.03.31 19:25:29.604,1.28852,1.28855,1.57,5.25
2015.03.31 19:25:32.261,1.28852,1.28855,2.77,5.25
2015.03.31 19:25:32.785,1.28851,1.28855,2.25,5.25
2015.03.31 19:25:32.887,1.28849,1.28854,1.57,1.00
2015.03.31 19:25:33.425,1.28849,1.28855,1.57,1.10
2015.03.31 19:25:35.865,1.2885,1.28855,1.07,1.00
2015.03.31 19:25:36.608,1.28851,1.28855,1.07,1.00
2015.03.31 19:25:37.476,1.28851,1.28855,1.45,1.00
2015.03.31 19:25:38.313,1.28851,1.28857,1.45,1.00
2015.03.31 19:25:38.498,1.28851,1.28854,1.45,1.00
2015.03.31 19:25:38.650,1.28851,1.28857,2.70,1.00
2015.03.31 19:25:38.752,1.28854,1.28855,1.00,1.00
2015.03.31 19:25:38.954,1.28851,1.28857,1.45,1.00
2015.03.31 19:25:39.307,1.28851,1.28855,1.20,3.75
2015.03.31 19:25:39.510,1.28851,1.28857,1.45,1.00
2015.03.31 19:25:39.783,1.28851,1.28855,1.95,1.00
2015.03.31 19:25:40.036,1.28851,1.28858,1.95,1.50
2015.03.31 19:25:42.775,1.28851,1.28858,1.95,1.00
2015.03.31 19:25:45.593,1.28852,1.2886,1.95,1.57
2015.03.31 19:25:50.261,1.28854,1.2886,1.00,6.07
2015.03.31 19:25:50.513,1.28854,1.2886,2.62,5.25
2015.03.31 19:25:51.086,1.28855,1.2886,1.27,5.25
2015.03.31 19:25:53.935,1.28855,1.2886,2.77,5.25
2015.03.31 19:25:55.108,1.28856,1.2886,1.12,5.25
2015.03.31 19:25:56.522,1.28855,1.2886,2.77,5.25
2015.03.31 19:25:57.025,1.28855,1.2886,2.77,5.25
2015.03.31 19:25:58.579,1.28858,1.2886,1.50,5.25
2015.03.31 19:25:58.882,1.28859,1.28863,1.15,6.00
2015.03.31 19:25:58.984,1.28861,1.28865,1.50,11.25
2015.03.31 19:25:59.086,1.28859,1.28865,1.12,6.00
2015.03.31 19:25:59.389,1.28861,1.28865,1.50,3.00
2015.03.31 19:25:59.591,1.28861,1.2887,1.50,1.69
2015.03.31 19:25:59.692,1.28861,1.28866,1.50,3.00
2015.03.31 19:26:00.232,1.28861,1.28865,1.50,5.25
2015.03.31 19:26:00.596,1.2886,1.28865,1.57,6.45
2015.03.31 19:26:02.281,1.2886,1.28865,1.50,7.20
2015.03.31 19:26:03.357,1.2886,1.28865,1.65,6.15
2015.03.31 19:26:08.214,1.2886,1.28864,1.65,1.50
2015.03.31 19:26:12.306,1.2886,1.28863,1.50,1.50
2015.03.31 19:26:13.814,1.2886,1.28863,1.50,2.27
2015.03.31 19:26:14.059,1.2886,1.28861,1.50,1.20
2015.03.31 19:26:14.365,1.28856,1.28859,1.50,1.87
2015.03.31 19:26:14.877,1.28853,1.28858,2.50,1.12
2015.03.31 19:26:15.384,1.28852,1.28857,1.50,1.12
2015.03.31 19:26:17.687,1.28851,1.28855,1.50,1.00
2015.03.31 19:26:19.385,1.28853,1.28856,1.00,1.12
2015.03.31 19:26:19.914,1.28851,1.28855,1.50,1.00
2015.03.31 19:26:20.499,1.28851,1.28853,1.50,1.00
2015.03.31 19:26:20.705,1.28854,1.28855,1.50,1.00
2015.03.31 19:26:23.539,1.28855,1.28857,1.00,1.50
2015.03.31 19:26:23.691,1.28853,1.28855,1.00,1.00
2015.03.31 19:26:24.236,1.28851,1.28855,1.50,1.00
2015.03.31 19:26:25.884,1.28851,1.28857,1.50,1.00
2015.03.31 19:26:25.936,1.28854,1.28857,2.25,1.00
2015.03.31 19:26:27.098,1.28854,1.28855,1.00,1.00
2015.03.31 19:26:27.200,1.28854,1.28859,1.00,5.62
2015.03.31 19:26:27.554,1.28854,1.28859,1.00,1.00
2015.03.31 19:26:27.655,1.28855,1.28859,1.07,1.00
2015.03.31 19:26:27.960,1.2886,1.28863,1.07,1.00
2015.03.31 19:26:28.677,1.2886,1.28862,1.00,1.00
2015.03.31 19:26:28.780,1.2886,1.28866,1.07,1.10
2015.03.31 19:26:29.390,1.2886,1.28865,1.07,11.25
2015.03.31 19:26:30.006,1.2886,1.28863,1.00,1.00
2015.03.31 19:26:30.077,1.2886,1.28868,1.07,1.57
2015.03.31 19:26:32.824,1.2886,1.28864,1.07,1.00
2015.03.31 19:26:38.099,1.2886,1.28867,1.07,1.10
2015.03.31 19:26:38.452,1.2886,1.28869,1.20,1.10
2015.03.31 19:26:39.856,1.28864,1.2887,1.00,1.57
2015.03.31 19:26:40.108,1.28869,1.28876,1.00,1.07
2015.03.31 19:26:40.159,1.28869,1.28877,2.62,1.50
2015.03.31 19:26:40.462,1.28873,1.28877,1.07,1.00
2015.03.31 19:26:40.513,1.28873,1.2888,1.07,1.60
2015.03.31 19:26:41.063,1.28874,1.2888,1.50,1.00
2015.03.31 19:26:46.996,1.28874,1.28877,1.50,1.00
2015.03.31 19:26:48.879,1.28874,1.28876,1.50,1.00
2015.03.31 19:26:49.412,1.28874,1.28876,1.35,1.00
2015.03.31 19:26:50.179,1.28874,1.28876,1.50,1.00
2015.03.31 19:26:53.459,1.28874,1.28878,1.07,1.00
2015.03.31 19:26:53.611,1.28874,1.28878,1.85,1.00
2015.03.31 19:26:53.914,1.28874,1.28882,1.07,1.50
2015.03.31 19:26:54.425,1.28873,1.28875,1.50,1.00
2015.03.31 19:26:55.903,1.28873,1.28875,1.35,1.00
2015.03.31 19:26:58.734,1.28873,1.28876,1.50,1.00
2015.03.31 19:27:03.977,1.28871,1.28875,1.07,1.00
2015.03.31 19:27:04.432,1.28869,1.28874,1.95,1.00
2015.03.31 19:27:13.806,1.28869,1.28872,1.07,1.00
2015.03.31 19:27:14.109,1.28868,1.2887,1.07,1.12
2015.03.31 19:27:15.246,1.28868,1.28873,1.57,1.37
2015.03.31 19:27:15.448,1.28868,1.28874,1.57,2.62
2015.03.31 19:27:15.600,1.28867,1.28874,2.25,2.25
2015.03.31 19:27:16.985,1.2887,1.28875,1.50,1.00
2015.03.31 19:27:22.735,1.2887,1.28877,1.07,1.12
2015.03.31 19:27:28.983,1.2887,1.28879,1.50,1.27
2015.03.31 19:27:31.639,1.2887,1.28878,1.50,1.00
2015.03.31 19:27:33.754,1.2887,1.28877,1.50,1.00
2015.03.31 19:27:36.904,1.2887,1.28879,1.50,1.57
2015.03.31 19:27:40.835,1.2887,1.28879,1.50,1.20
2015.03.31 19:27:46.714,1.28872,1.2888,1.00,1.45
2015.03.31 19:27:47.956,1.28872,1.2888,1.37,1.50
2015.03.31 19:27:48.208,1.28873,1.28881,3.75,1.00
2015.03.31 19:27:48.461,1.28875,1.28885,1.87,5.25
2015.03.31 19:27:48.512,1.28877,1.28885,1.07,4.50
2015.03.31 19:27:48.563,1.28877,1.28883,1.07,1.00
2015.03.31 19:27:49.079,1.28876,1.28884,1.07,1.00
2015.03.31 19:27:57.806,1.28876,1.28883,1.57,1.00
2015.03.31 19:28:01.333,1.28876,1.28881,1.07,1.00
2015.03.31 19:28:07.820,1.28876,1.28884,1.07,1.37
2015.03.31 19:28:08.338,1.28876,1.28884,1.07,1.41
2015.03.31 19:28:09.012,1.28876,1.28883,1.07,1.12
2015.03.31 19:28:11.688,1.28876,1.28885,1.07,1.87
2015.03.31 19:28:12.240,1.28876,1.28883,1.07,1.00
2015.03.31 19:28:12.493,1.28875,1.28883,1.20,2.62
2015.03.31 19:28:13.118,1.28874,1.2888,2.25,1.00
2015.03.31 19:28:16.471,1.28874,1.28878,1.50,1.00
2015.03.31 19:28:16.674,1.2887,1.28875,1.87,1.00
2015.03.31 19:28:18.302,1.2887,1.28876,2.62,2.25
2015.03.31 19:28:19.933,1.2887,1.28877,2.25,1.50
2015.03.31 19:28:21.343,1.2887,1.28876,1.57,1.00
2015.03.31 19:28:25.344,1.2887,1.28872,1.07,1.00
2015.03.31 19:28:25.495,1.28867,1.28872,1.07,1.00
2015.03.31 19:28:27.702,1.28865,1.28872,1.57,1.00
2015.03.31 19:28:28.223,1.28865,1.28871,1.00,1.00
2015.03.31 19:28:28.740,1.28863,1.28871,1.20,1.00
2015.03.31 19:28:29.430,1.28863,1.2887,1.07,1.15
2015.03.31 19:28:29.532,1.28863,1.28869,1.07,1.37
2015.03.31 19:28:29.785,1.28857,1.28865,2.25,2.40
2015.03.31 19:28:29.936,1.28857,1.28863,2.25,1.00
2015.03.31 19:28:29.987,1.28857,1.28863,1.50,1.00
2015.03.31 19:28:30.928,1.28857,1.28861,1.50,1.00
2015.03.31 19:28:31.282,1.28857,1.28863,1.50,1.50
2015.03.31 19:28:31.535,1.28853,1.28863,1.57,2.32
2015.03.31 19:28:33.112,1.28853,1.28861,1.57,1.00
2015.03.31 19:28:35.753,1.28853,1.28862,2.32,1.00
2015.03.31 19:28:36.416,1.28855,1.28862,1.00,1.00
2015.03.31 19:28:36.719,1.28856,1.28862,2.25,1.00
2015.03.31 19:28:37.292,1.28856,1.28864,2.25,1.00
2015.03.31 19:28:38.851,1.28856,1.28861,2.25,1.00
2015.03.31 19:28:42.057,1.28856,1.28864,2.25,1.00
2015.03.31 19:28:47.310,1.28856,1.28862,1.50,1.00
2015.03.31 19:28:47.815,1.28856,1.28861,1.50,1.00
2015.03.31 19:28:47.916,1.28854,1.28861,1.50,1.00
2015.03.31 19:28:50.737,1.28854,1.28863,2.25,4.27
2015.03.31 19:28:50.838,1.28854,1.28863,2.25,3.52
2015.03.31 19:28:51.359,1.28857,1.28862,1.07,1.00
2015.03.31 19:28:52.045,1.28857,1.28861,1.07,1.00
2015.03.31 19:28:53.427,1.28857,1.28863,1.07,3.45
2015.03.31 19:28:56.206,1.28857,1.28863,1.07,1.95
2015.03.31 19:28:58.367,1.28857,1.28863,1.07,1.47
2015.03.31 19:28:58.909,1.28857,1.28864,1.07,1.20
2015.03.31 19:29:01.137,1.28857,1.28864,1.07,1.57
2015.03.31 19:29:02.535,1.28857,1.28858,1.00,1.50
2015.03.31 19:29:02.636,1.28855,1.28861,2.25,1.20
2015.03.31 19:29:02.738,1.28855,1.28861,1.20,1.12
2015.03.31 19:29:02.839,1.28855,1.28863,1.10,2.32
2015.03.31 19:29:02.890,1.28853,1.28863,2.62,2.25
2015.03.31 19:29:03.428,1.28857,1.28864,1.07,1.07
2015.03.31 19:29:05.015,1.28858,1.28866,1.07,4.57
2015.03.31 19:29:05.922,1.28858,1.28864,1.07,1.00
2015.03.31 19:29:11.308,1.28858,1.28866,1.57,2.70
2015.03.31 19:29:11.613,1.28859,1.28868,1.10,1.20
2015.03.31 19:29:12.162,1.28859,1.28867,1.10,1.00
2015.03.31 19:29:19.165,1.28858,1.28867,2.32,1.87
2015.03.31 19:29:19.468,1.28858,1.28861,1.50,1.00
2015.03.31 19:29:19.569,1.28858,1.28863,1.50,1.50
2015.03.31 19:29:25.897,1.28858,1.2886,1.50,1.00
2015.03.31 19:29:26.049,1.28856,1.2886,1.07,1.00
2015.03.31 19:29:26.505,1.28855,1.28862,1.07,1.00
2015.03.31 19:29:27.023,1.28855,1.28863,1.07,3.45
2015.03.31 19:29:30.015,1.28856,1.28863,1.47,1.10
2015.03.31 19:29:30.530,1.28855,1.28863,1.07,3.45
2015.03.31 19:29:40.757,1.28858,1.28863,2.25,1.07
2015.03.31 19:29:40.908,1.28858,1.28868,3.37,1.50
2015.03.31 19:29:41.422,1.2886,1.28869,1.10,1.07
2015.03.31 19:29:42.891,1.2886,1.2887,1.12,3.00
2015.03.31 19:29:43.442,1.2886,1.2887,1.20,3.45
2015.03.31 19:29:43.960,1.2886,1.2887,1.10,3.45
2015.03.31 19:29:50.114,1.2886,1.2887,1.10,3.07
2015.03.31 19:29:51.445,1.2886,1.2887,1.10,3.45
2015.03.31 19:29:55.621,1.2886,1.2887,1.95,2.70
2015.03.31 19:29:55.974,1.2886,1.28866,1.20,1.00
2015.03.31 19:29:56.576,1.2886,1.28865,1.57,1.00
2015.03.31 19:29:56.879,1.2886,1.28863,1.10,2.25
2015.03.31 19:29:57.184,1.28857,1.28863,1.07,2.25
2015.03.31 19:29:57.438,1.28857,1.28863,1.07,2.25
2015.03.31 19:29:58.543,1.28856,1.28864,2.25,1.10
2015.03.31 19:29:59.049,1.28856,1.28863,2.25,1.00
2015.03.31 19:30:00.503,1.28856,1.28865,2.25,3.52
2015.03.31 19:30:01.361,1.28857,1.28865,2.02,1.20
2015.03.31 19:30:01.462,1.28857,1.28863,1.20,1.00
2015.03.31 19:30:02.009,1.28857,1.28864,1.07,2.25
2015.03.31 19:30:02.953,1.28857,1.28864,1.07,1.87
2015.03.31 19:30:03.457,1.28857,1.28863,2.32,1.00
2015.03.31 19:30:03.861,1.28858,1.28866,1.07,1.00
2015.03.31 19:30:04.377,1.28858,1.28867,1.57,3.82
2015.03.31 19:30:05.148,1.28859,1.28869,2.62,2.32
2015.03.31 19:30:05.671,1.28859,1.2887,4.50,2.44
2015.03.31 19:30:07.612,1.28859,1.28868,4.50,1.00
2015.03.31 19:30:07.954,1.28862,1.28868,1.07,1.00
2015.03.31 19:30:10.520,1.28862,1.28865,1.00,1.00
2015.03.31 19:30:12.825,1.28861,1.28864,1.50,1.00
2015.03.31 19:30:13.542,1.28861,1.28863,1.00,1.00
2015.03.31 19:30:15.013,1.28859,1.28863,3.00,1.00
2015.03.31 19:30:18.017,1.28859,1.28862,1.50,1.00
2015.03.31 19:30:23.709,1.28859,1.28863,3.00,1.00
2015.03.31 19:30:31.617,1.28857,1.28862,1.07,1.00
2015.03.31 19:30:31.920,1.28857,1.28859,1.07,1.00
2015.03.31 19:30:32.133,1.28856,1.28859,1.12,1.50
2015.03.31 19:30:32.715,1.28856,1.28859,1.12,1.50
2015.03.31 19:30:34.440,1.28856,1.28858,1.12,1.37
2015.03.31 19:30:34.616,1.28856,1.28858,1.12,1.37
2015.03.31 19:30:35.132,1.28856,1.28857,1.12,1.12
2015.03.31 19:30:36.641,1.28854,1.28856,1.12,1.37
2015.03.31 19:30:37.163,1.28852,1.28854,1.00,1.37
2015.03.31 19:30:37.213,1.2885,1.28854,1.20,1.37
2015.03.31 19:30:37.265,1.2885,1.28854,1.20,1.37
2015.03.31 19:30:37.417,1.28848,1.28854,1.87,1.37
2015.03.31 19:30:37.942,1.28849,1.28853,1.20,1.12
2015.03.31 19:30:38.161,1.28848,1.28851,1.30,1.00
2015.03.31 19:30:40.980,1.2885,1.28853,1.00,1.37
2015.03.31 19:30:41.333,1.28849,1.28853,1.20,1.37
2015.03.31 19:30:42.182,1.28849,1.28853,1.57,1.00
2015.03.31 19:30:42.684,1.28849,1.28853,2.25,1.00
2015.03.31 19:30:47.991,1.28848,1.28851,1.72,1.00
2015.03.31 19:30:48.582,1.28849,1.28853,2.98,1.00
2015.03.31 19:30:49.949,1.28849,1.28853,2.25,1.00
2015.03.31 19:30:52.449,1.28849,1.28853,2.25,1.00
2015.03.31 19:30:58.409,1.28849,1.28853,1.20,1.00
2015.03.31 19:31:03.295,1.28849,1.28853,3.43,1.00
2015.03.31 19:31:03.801,1.2885,1.28854,1.20,1.00
2015.03.31 19:31:04.672,1.28852,1.28855,1.00,1.00
2015.03.31 19:31:04.774,1.28854,1.28857,1.50,1.00
2015.03.31 19:31:05.104,1.28855,1.28858,1.75,1.00
2015.03.31 19:31:07.465,1.28854,1.28857,1.50,1.00
2015.03.31 19:31:07.668,1.2885,1.28854,1.87,1.00
2015.03.31 19:31:12.099,1.2885,1.28854,1.12,1.00
2015.03.31 19:31:22.180,1.2885,1.28855,6.75,1.00
2015.03.31 19:31:22.317,1.28851,1.28857,1.20,1.00
2015.03.31 19:31:22.619,1.28854,1.2886,1.00,1.00
2015.03.31 19:31:22.720,1.28851,1.2886,1.20,1.00
2015.03.31 19:31:28.827,1.28852,1.2886,1.57,1.00
2015.03.31 19:31:29.367,1.28852,1.28861,1.12,1.50
2015.03.31 19:31:30.181,1.28852,1.28861,1.12,1.50
2015.03.31 19:31:30.283,1.28852,1.28855,1.05,1.00
2015.03.31 19:31:30.476,1.28852,1.28861,1.12,1.50
2015.03.31 19:31:30.629,1.28852,1.28858,1.12,1.00
2015.03.31 19:31:30.681,1.28852,1.28856,1.12,1.00
2015.03.31 19:31:31.228,1.28852,1.28856,1.12,1.00
2015.03.31 19:31:31.420,1.28852,1.28857,1.12,1.00
2015.03.31 19:31:31.914,1.28853,1.28861,1.85,1.00
2015.03.31 19:31:32.427,1.28854,1.28863,1.12,1.37
2015.03.31 19:31:32.479,1.28854,1.28858,1.05,1.00
2015.03.31 19:31:32.582,1.28854,1.2886,1.12,1.00
2015.03.31 19:31:32.683,1.28854,1.28857,1.05,1.00
2015.03.31 19:31:32.886,1.28854,1.2886,1.12,1.00
2015.03.31 19:31:33.294,1.28858,1.28861,1.50,1.00
2015.03.31 19:31:33.699,1.28858,1.28866,4.50,2.25
2015.03.31 19:31:34.253,1.28859,1.28868,1.65,1.39
2015.03.31 19:31:34.507,1.2886,1.28869,1.20,1.00
2015.03.31 19:31:34.710,1.28861,1.28872,1.12,2.09
2015.03.31 19:31:34.761,1.28861,1.28872,1.87,1.79
2015.03.31 19:31:35.280,1.28862,1.28872,1.20,1.01
2015.03.31 19:31:35.840,1.28862,1.28872,1.87,1.00
2015.03.31 19:31:37.063,1.28863,1.28872,3.37,1.00
2015.03.31 19:31:37.686,1.28864,1.28874,2.25,2.06
2015.03.31 19:31:38.280,1.28864,1.28872,1.75,1.00
2015.03.31 19:31:39.239,1.28864,1.28873,1.75,1.12
2015.03.31 19:31:46.038,1.28864,1.28873,2.25,1.37
2015.03.31 19:31:47.541,1.28864,1.28873,2.25,1.12
2015.03.31 19:31:47.948,1.28864,1.28872,1.50,1.37
2015.03.31 19:31:48.302,1.28864,1.28869,1.00,1.00
2015.03.31 19:31:48.417,1.28864,1.28872,1.00,2.32
2015.03.31 19:31:48.518,1.28864,1.28869,1.00,1.00
2015.03.31 19:31:50.449,1.28862,1.28869,1.20,1.50
2015.03.31 19:31:51.040,1.28861,1.2887,1.87,1.12
2015.03.31 19:31:51.601,1.28861,1.28868,1.87,1.00
2015.03.31 19:31:52.005,1.2886,1.28866,1.12,1.00
2015.03.31 19:31:52.219,1.28858,1.28866,3.00,1.50
2015.03.31 19:31:52.959,1.28858,1.28864,2.25,1.00
2015.03.31 19:31:53.895,1.28858,1.28866,3.00,2.25
2015.03.31 19:31:54.410,1.28858,1.28866,1.95,2.25
2015.03.31 19:31:54.530,1.28858,1.28864,1.95,1.00
2015.03.31 19:31:54.882,1.28858,1.28866,1.95,1.50
2015.03.31 19:31:55.454,1.28858,1.28864,1.95,1.00
2015.03.31 19:31:55.981,1.28858,1.28863,1.95,1.00
2015.03.31 19:31:56.977,1.28858,1.28864,1.20,1.00
2015.03.31 19:31:58.086,1.28857,1.28865,2.62,1.00
2015.03.31 19:31:58.410,1.28857,1.28862,2.62,1.00
2015.03.31 19:31:58.599,1.28857,1.28864,2.62,1.00
2015.03.31 19:32:00.473,1.28857,1.28864,2.62,1.37
2015.03.31 19:32:00.676,1.28857,1.28862,1.10,1.00
2015.03.31 19:32:01.129,1.28857,1.28864,1.10,2.25
2015.03.31 19:32:01.281,1.28857,1.28864,1.57,1.00
2015.03.31 19:32:01.628,1.28857,1.28862,1.87,1.00
2015.03.31 19:32:02.083,1.28857,1.28864,1.20,1.87
2015.03.31 19:32:04.979,1.28857,1.28863,1.20,1.00
2015.03.31 19:32:10.942,1.28857,1.28865,1.20,1.12
2015.03.31 19:32:11.284,1.28857,1.28865,1.20,1.15
2015.03.31 19:32:11.588,1.28857,1.28861,1.20,1.50
2015.03.31 19:32:12.131,1.28857,1.28861,1.00,1.87
2015.03.31 19:32:17.019,1.28857,1.28864,1.00,1.76
2015.03.31 19:32:21.979,1.28857,1.28864,1.00,1.87
2015.03.31 19:32:24.136,1.28857,1.28864,1.00,2.62
2015.03.31 19:32:24.639,1.28857,1.28862,1.00,1.00
2015.03.31 19:32:25.167,1.28855,1.28862,1.37,1.00
2015.03.31 19:32:25.754,1.28854,1.28862,1.57,1.37
2015.03.31 19:32:26.057,1.28851,1.28859,2.25,1.12
2015.03.31 19:32:26.696,1.28853,1.2886,1.47,1.50
2015.03.31 19:32:30.203,1.28855,1.2886,1.20,1.00
2015.03.31 19:32:30.409,1.28856,1.28863,1.07,1.00
2015.03.31 19:32:30.511,1.28856,1.28865,1.07,3.75
2015.03.31 19:32:31.268,1.28856,1.28865,1.07,5.65
2015.03.31 19:32:31.471,1.28855,1.2886,1.00,1.00
2015.03.31 19:32:31.623,1.2885,1.28857,2.81,1.00
2015.03.31 19:32:31.825,1.28848,1.28856,2.25,1.50
2015.03.31 19:32:31.926,1.28848,1.28856,1.20,1.50
2015.03.31 19:32:32.239,1.2885,1.28856,1.00,2.25
2015.03.31 19:32:32.784,1.28851,1.28857,1.00,1.00
2015.03.31 19:32:33.289,1.28851,1.28856,1.00,1.00
2015.03.31 19:32:36.452,1.2885,1.28856,1.20,1.00
2015.03.31 19:32:36.993,1.2885,1.28857,1.20,1.12
2015.03.31 19:32:39.423,1.28851,1.28857,1.48,1.12
2015.03.31 19:32:46.930,1.2885,1.28857,2.62,1.87
2015.03.31 19:32:50.101,1.2885,1.28854,2.62,1.00
2015.03.31 19:32:51.868,1.2885,1.28857,2.62,1.87
2015.03.31 19:32:54.698,1.2885,1.28854,2.62,1.00
2015.03.31 19:32:55.380,1.2885,1.28856,2.62,1.00
2015.03.31 19:32:56.237,1.2885,1.28854,2.62,1.00
2015.03.31 19:32:56.759,1.28852,1.28855,1.37,1.00
2015.03.31 19:32:58.329,1.28852,1.28857,1.37,1.87
2015.03.31 19:32:59.799,1.28852,1.28857,1.47,1.12
2015.03.31 19:33:01.880,1.28852,1.28857,1.27,1.00
2015.03.31 19:33:09.819,1.28852,1.28857,1.95,1.00
2015.03.31 19:33:10.388,1.28853,1.28857,1.12,1.00
2015.03.31 19:33:11.529,1.28854,1.28857,1.12,1.00
2015.03.31 19:33:21.343,1.28855,1.28857,1.20,1.00
2015.03.31 19:33:28.551,1.28852,1.28857,1.00,1.87
2015.03.31 19:33:33.747,1.28852,1.28854,1.00,1.00
2015.03.31 19:33:34.850,1.28852,1.28854,1.50,1.00
2015.03.31 19:33:35.001,1.28852,1.28856,1.00,1.00
2015.03.31 19:33:35.558,1.28852,1.28857,1.00,1.31
2015.03.31 19:33:43.907,1.28852,1.28857,1.00,2.62
2015.03.31 19:33:44.448,1.28852,1.28855,1.00,1.00
2015.03.31 19:33:47.217,1.28852,1.28856,1.00,1.00
2015.03.31 19:33:47.996,1.28852,1.28857,1.00,2.62
2015.03.31 19:33:48.780,1.28852,1.28855,1.00,1.00
2015.03.31 19:33:48.848,1.28852,1.28857,1.00,1.87
2015.03.31 19:33:49.387,1.28852,1.28856,1.00,1.00
2015.03.31 19:33:49.690,1.28849,1.28856,1.47,1.00
2015.03.31 19:33:49.897,1.28853,1.28856,1.00,1.00
2015.03.31 19:33:50.000,1.28851,1.28856,1.00,1.00
2015.03.31 19:33:50.519,1.28847,1.28855,1.50,1.00
2015.03.31 19:33:51.694,1.2885,1.28853,1.12,1.00
2015.03.31 19:33:58.206,1.2885,1.28853,1.37,1.00
2015.03.31 19:34:02.591,1.2885,1.28853,1.37,1.00
2015.03.31 19:34:02.692,1.2885,1.28857,1.37,1.12
2015.03.31 19:34:07.187,1.28849,1.28858,1.95,4.50
2015.03.31 19:34:09.328,1.28849,1.28858,1.47,1.87
2015.03.31 19:34:09.531,1.2885,1.28858,1.37,1.87
2015.03.31 19:34:09.733,1.28851,1.28859,1.87,1.37
2015.03.31 19:34:09.835,1.28853,1.28861,1.37,3.07
2015.03.31 19:34:09.987,1.28854,1.2886,1.37,1.00
2015.03.31 19:34:10.088,1.28854,1.28863,1.50,1.37
2015.03.31 19:34:10.517,1.28855,1.28864,1.20,1.00
2015.03.31 19:34:10.731,1.28856,1.28865,1.12,1.00
2015.03.31 19:34:11.236,1.28856,1.28866,1.87,2.06
2015.03.31 19:34:11.388,1.28856,1.28866,1.20,1.31
2015.03.31 19:34:18.650,1.28856,1.28866,1.20,1.37
2015.03.31 19:34:19.773,1.28856,1.28866,1.20,1.37
2015.03.31 19:34:20.089,1.28857,1.28866,1.20,1.37
2015.03.31 19:34:24.658,1.28856,1.28866,1.87,1.87
2015.03.31 19:34:25.868,1.28859,1.28867,1.00,1.87
2015.03.31 19:34:26.171,1.28859,1.28867,2.25,1.87
2015.03.31 19:34:26.920,1.28859,1.28868,3.00,1.12
2015.03.31 19:34:27.223,1.28861,1.2887,2.25,1.62
2015.03.31 19:34:28.103,1.28861,1.2887,2.25,1.37
2015.03.31 19:34:29.110,1.28861,1.2887,2.25,1.12
2015.03.31 19:34:29.738,1.28861,1.2887,1.75,1.37
2015.03.31 19:34:31.641,1.28861,1.2887,2.25,1.00
2015.03.31 19:34:32.216,1.28861,1.28872,1.75,1.37
2015.03.31 19:34:34.289,1.28863,1.28873,1.20,2.62
2015.03.31 19:34:34.492,1.28865,1.28873,1.10,1.00
2015.03.31 19:34:34.795,1.28872,1.28873,2.25,1.00
2015.03.31 19:34:35.350,1.28873,1.28875,1.00,3.00
2015.03.31 19:34:35.808,1.28873,1.28875,1.00,1.00
2015.03.31 19:34:36.014,1.28873,1.28882,1.00,1.37
2015.03.31 19:34:36.816,1.28873,1.2888,1.00,1.00
2015.03.31 19:34:37.282,1.28871,1.2888,1.10,1.50
2015.03.31 19:34:37.333,1.28871,1.28878,1.10,1.00
2015.03.31 19:34:37.586,1.2887,1.2888,1.50,3.75
2015.03.31 19:34:40.818,1.28869,1.28878,1.75,1.41
2015.03.31 19:34:41.122,1.28868,1.28873,1.00,1.00
2015.03.31 19:34:41.644,1.28868,1.28872,1.00,1.00
2015.03.31 19:34:43.184,1.28868,1.28872,1.00,2.06
2015.03.31 19:34:43.488,1.2886,1.28865,1.87,1.00
2015.03.31 19:34:43.589,1.28858,1.28865,1.12,1.12
2015.03.31 19:34:44.109,1.28857,1.28865,1.12,1.00
2015.03.31 19:34:44.916,1.28858,1.28866,1.20,1.12
2015.03.31 19:34:46.024,1.28858,1.28867,1.20,1.50
2015.03.31 19:34:46.595,1.28858,1.28867,1.87,1.00
2015.03.31 19:34:47.143,1.28858,1.28867,1.00,1.00
2015.03.31 19:34:47.671,1.28858,1.28868,1.00,1.12
2015.03.31 19:34:48.987,1.2886,1.28868,1.00,1.12
2015.03.31 19:34:49.291,1.28858,1.28864,1.50,1.00
2015.03.31 19:34:49.787,1.28858,1.28868,1.50,1.87
2015.03.31 19:34:50.321,1.28858,1.28868,1.50,1.50
2015.03.31 19:34:50.746,1.28858,1.28866,1.50,1.00
2015.03.31 19:34:51.429,1.28858,1.28867,1.50,1.00
2015.03.31 19:34:55.492,1.28859,1.28867,1.57,1.50
2015.03.31 19:34:55.812,1.2886,1.28868,1.87,1.00
2015.03.31 19:34:57.345,1.2886,1.28866,1.87,1.00
2015.03.31 19:34:58.344,1.2886,1.28868,1.87,1.50
2015.03.31 19:35:00.280,1.28864,1.28868,1.00,1.00
2015.03.31 19:35:00.711,1.28862,1.28868,1.20,1.00
2015.03.31 19:35:01.610,1.28862,1.28868,1.10,1.37
2015.03.31 19:35:02.123,1.28862,1.28868,1.00,2.62
2015.03.31 19:35:02.730,1.28863,1.28868,1.12,1.00
2015.03.31 19:35:02.883,1.28864,1.28868,3.00,1.00
2015.03.31 19:35:03.428,1.28868,1.28869,1.10,1.50
2015.03.31 19:35:05.938,1.28867,1.2887,2.32,1.50
2015.03.31 19:35:06.251,1.28867,1.28875,4.57,2.25
2015.03.31 19:35:06.470,1.28867,1.28878,4.57,1.57
2015.03.31 19:35:06.534,1.28867,1.28876,4.57,1.50
2015.03.31 19:35:06.782,1.28867,1.28878,4.57,1.57
2015.03.31 19:35:07.308,1.28867,1.28877,2.70,1.00
2015.03.31 19:35:12.660,1.28867,1.28877,1.20,2.62
2015.03.31 19:35:13.204,1.28865,1.28875,3.00,1.12
2015.03.31 19:35:26.870,1.28865,1.28873,2.25,1.00
2015.03.31 19:35:27.376,1.28863,1.28873,1.87,1.37
2015.03.31 19:35:30.122,1.28864,1.28874,3.45,1.37
2015.03.31 19:35:30.224,1.28865,1.28875,1.10,1.25
2015.03.31 19:35:30.375,1.28865,1.28875,3.00,1.25
2015.03.31 19:35:35.683,1.28867,1.28877,1.12,1.47
2015.03.31 19:35:37.129,1.28868,1.28878,1.87,3.37
2015.03.31 19:35:37.230,1.2887,1.28878,1.10,1.00
2015.03.31 19:35:37.751,1.2887,1.28882,2.25,2.77
2015.03.31 19:35:37.854,1.2887,1.28882,2.25,2.77
2015.03.31 19:35:38.079,1.28871,1.28883,3.82,2.51
2015.03.31 19:35:38.747,1.28871,1.28883,4.50,1.46
2015.03.31 19:35:39.461,1.28871,1.2888,4.50,1.00
2015.03.31 19:35:39.979,1.28871,1.28881,4.50,1.12
2015.03.31 19:35:40.508,1.28872,1.28883,1.20,2.06
2015.03.31 19:35:42.095,1.28875,1.28881,1.00,1.37
2015.03.31 19:35:42.777,1.28874,1.28881,1.00,1.37
2015.03.31 19:35:43.350,1.28874,1.28883,1.00,1.87
2015.03.31 19:35:47.336,1.28874,1.28883,1.00,1.87
2015.03.31 19:35:47.640,1.28874,1.2888,1.00,1.00
2015.03.31 19:35:49.723,1.28874,1.28882,1.00,1.20
2015.03.31 19:35:51.660,1.28875,1.28884,1.00,1.75
2015.03.31 19:35:52.178,1.28874,1.28884,1.50,2.25
2015.03.31 19:35:55.099,1.28874,1.2888,1.50,1.00
2015.03.31 19:35:55.988,1.28874,1.28883,1.50,1.20
2015.03.31 19:35:56.541,1.28875,1.28884,1.00,1.50
2015.03.31 19:35:57.079,1.28876,1.28884,1.00,1.50
2015.03.31 19:36:04.655,1.28877,1.28885,1.00,3.00
2015.03.31 19:36:04.756,1.28879,1.28886,1.00,1.12
2015.03.31 19:36:05.060,1.2888,1.28889,1.75,1.94
2015.03.31 19:36:05.621,1.2888,1.28889,1.75,1.37
2015.03.31 19:36:08.495,1.2888,1.28889,1.75,1.87
2015.03.31 19:36:08.748,1.28878,1.28888,2.62,1.37
2015.03.31 19:36:09.273,1.28879,1.28888,1.20,1.37
2015.03.31 19:36:09.983,1.28878,1.28886,1.12,1.12
2015.03.31 19:36:10.084,1.28876,1.28881,1.12,1.37
2015.03.31 19:36:10.185,1.28875,1.28879,1.12,1.00
2015.03.31 19:36:10.287,1.28873,1.28879,2.25,1.00
2015.03.31 19:36:10.389,1.28871,1.28879,3.75,1.00
2015.03.31 19:36:10.642,1.28871,1.28881,2.62,1.50
2015.03.31 19:36:11.165,1.28871,1.28879,1.87,1.00
2015.03.31 19:36:11.856,1.28871,1.28877,1.87,1.00
2015.03.31 19:36:11.957,1.28871,1.2888,1.87,1.12
2015.03.31 19:36:12.493,1.28871,1.2888,1.87,1.37
2015.03.31 19:36:13.832,1.28871,1.28878,1.87,1.00
2015.03.31 19:36:14.203,1.28869,1.28877,1.87,1.37
2015.03.31 19:36:14.305,1.28867,1.28876,2.06,1.12
2015.03.31 19:36:14.457,1.28867,1.28873,2.62,1.00
2015.03.31 19:36:14.508,1.28867,1.28873,1.57,1.00
2015.03.31 19:36:15.080,1.28864,1.28873,3.00,1.37
2015.03.31 19:36:15.598,1.28864,1.28873,2.25,1.37
2015.03.31 19:36:17.012,1.28867,1.28875,1.00,2.62
2015.03.31 19:36:17.113,1.28867,1.28875,1.00,2.62
2015.03.31 19:36:17.641,1.28866,1.28875,1.00,3.00
2015.03.31 19:36:18.178,1.28864,1.28874,3.75,1.57
2015.03.31 19:36:19.005,1.28864,1.28874,3.75,1.27
2015.03.31 19:36:19.898,1.28864,1.28874,3.75,1.57
2015.03.31 19:36:20.428,1.28864,1.28875,3.00,3.00
2015.03.31 19:36:20.958,1.28864,1.28874,2.25,2.62
2015.03.31 19:36:21.463,1.28865,1.28874,1.00,1.87
2015.03.31 19:36:22.629,1.28867,1.28874,1.00,1.87
2015.03.31 19:36:23.173,1.28868,1.28874,1.00,1.87
2015.03.31 19:36:30.232,1.2887,1.28874,1.00,1.75
2015.03.31 19:36:30.384,1.28874,1.28878,1.00,1.12
2015.03.31 19:36:30.536,1.28876,1.28881,1.00,1.50
2015.03.31 19:36:30.916,1.28878,1.28881,1.00,1.00
2015.03.31 19:36:31.320,1.28879,1.28881,1.00,1.00
2015.03.31 19:36:31.422,1.28877,1.28881,1.00,1.00
2015.03.31 19:36:31.523,1.28879,1.28882,1.00,1.00
2015.03.31 19:36:31.837,1.2888,1.28884,1.00,1.27
2015.03.31 19:36:31.939,1.28876,1.28879,1.00,1.37
2015.03.31 19:36:31.990,1.28875,1.28878,1.00,1.12
2015.03.31 19:36:32.040,1.28877,1.28882,1.00,2.14
2015.03.31 19:36:32.092,1.28878,1.28881,1.00,1.10
2015.03.31 19:36:32.599,1.28878,1.28881,1.00,1.00
2015.03.31 19:36:33.105,1.28879,1.28882,1.00,1.10
2015.03.31 19:36:33.694,1.28879,1.28882,1.00,1.00
2015.03.31 19:36:35.498,1.2888,1.28883,1.00,1.00
2015.03.31 19:36:35.801,1.2888,1.28886,1.50,1.20
2015.03.31 19:36:36.259,1.2888,1.28884,1.50,1.00
2015.03.31 19:36:36.571,1.2888,1.28886,1.50,1.20
2015.03.31 19:36:37.550,1.28883,1.28886,1.00,1.00
2015.03.31 19:36:39.070,1.28882,1.28886,1.00,1.00
2015.03.31 19:36:39.373,1.28884,1.28886,1.00,1.00
2015.03.31 19:36:39.897,1.28879,1.28883,1.50,1.00
2015.03.31 19:36:41.649,1.28885,1.28888,1.00,1.12
2015.03.31 19:36:45.357,1.28882,1.28888,1.00,1.87
2015.03.31 19:36:46.339,1.28882,1.28887,1.00,2.06
2015.03.31 19:36:46.915,1.28882,1.28886,1.00,1.12
2015.03.31 19:36:47.326,1.28882,1.28886,1.00,1.37
2015.03.31 19:36:47.429,1.28882,1.28886,1.00,1.12
2015.03.31 19:36:47.946,1.28882,1.28886,1.00,1.57
2015.03.31 19:36:50.017,1.28883,1.28888,1.00,1.75
2015.03.31 19:36:50.068,1.28883,1.28888,1.00,1.00
2015.03.31 19:36:50.595,1.28883,1.28887,1.20,1.00
2015.03.31 19:36:50.798,1.28886,1.28888,1.00,1.00
2015.03.31 19:36:51.340,1.28885,1.28888,1.00,1.00
2015.03.31 19:36:51.888,1.28884,1.28889,1.57,1.00
2015.03.31 19:36:53.650,1.28884,1.28888,1.57,1.00
2015.03.31 19:36:54.199,1.28884,1.28888,1.57,1.00
2015.03.31 19:36:54.715,1.28885,1.2889,1.00,1.00
2015.03.31 19:36:55.071,1.28885,1.28894,1.00,1.20
2015.03.31 19:36:56.694,1.28885,1.28891,1.12,1.00
2015.03.31 19:36:58.237,1.28885,1.28894,1.87,1.20
2015.03.31 19:36:59.475,1.28885,1.28892,1.50,1.00
2015.03.31 19:36:59.984,1.28884,1.28892,1.57,1.00
2015.03.31 19:37:00.136,1.28884,1.28889,1.10,1.00
2015.03.31 19:37:00.969,1.28884,1.28889,1.37,1.00
2015.03.31 19:37:05.497,1.28882,1.28886,1.95,1.00
2015.03.31 19:37:05.800,1.28878,1.28882,2.25,1.00
2015.03.31 19:37:05.852,1.2888,1.28882,3.00,1.00
2015.03.31 19:37:06.207,1.28878,1.28882,1.12,1.00
2015.03.31 19:37:06.401,1.28878,1.28884,1.12,1.00
2015.03.31 19:37:09.688,1.28878,1.28886,1.12,1.20
2015.03.31 19:37:10.201,1.28878,1.28885,1.00,1.00
2015.03.31 19:37:15.813,1.28878,1.28885,2.32,1.00
2015.03.31 19:37:16.184,1.28878,1.28885,2.70,1.00
2015.03.31 19:37:16.285,1.28881,1.28888,1.37,1.10
2015.03.31 19:37:16.437,1.28883,1.28885,1.00,1.00
2015.03.31 19:37:17.001,1.28883,1.28885,1.00,1.00
2015.03.31 19:37:17.854,1.28883,1.28886,1.00,1.00
2015.03.31 19:37:19.134,1.28883,1.28887,1.12,1.00
2015.03.31 19:37:19.642,1.28883,1.28886,1.12,1.00
2015.03.31 19:37:20.681,1.28883,1.28885,1.12,1.00
2015.03.31 19:37:23.198,1.28881,1.28885,1.57,1.00
2015.03.31 19:37:24.972,1.28882,1.28886,1.20,1.00
2015.03.31 19:37:25.023,1.28882,1.28886,1.47,1.00
2015.03.31 19:37:25.421,1.28882,1.28886,1.20,1.00
2015.03.31 19:37:25.725,1.28882,1.28886,1.87,1.00
2015.03.31 19:37:25.877,1.28883,1.28888,1.37,1.00
2015.03.31 19:37:25.929,1.28883,1.28888,1.00,1.00
2015.03.31 19:37:26.478,1.28882,1.28888,1.95,1.00
2015.03.31 19:37:27.136,1.28882,1.28889,1.95,1.00
2015.03.31 19:37:28.777,1.28883,1.28889,1.00,1.00
2015.03.31 19:37:29.396,1.28883,1.28887,1.50,1.00
2015.03.31 19:37:29.897,1.28883,1.28888,2.25,1.00
2015.03.31 19:37:30.495,1.28883,1.28889,2.70,1.00
2015.03.31 19:37:31.059,1.28883,1.28888,2.70,1.00
2015.03.31 19:37:32.374,1.28883,1.2889,2.32,1.00
2015.03.31 19:37:32.627,1.28883,1.2889,1.87,1.00
2015.03.31 19:37:33.477,1.28883,1.28889,1.50,1.00
2015.03.31 19:37:34.027,1.28883,1.28888,1.00,1.00
2015.03.31 19:37:34.131,1.28883,1.2889,1.00,1.00
2015.03.31 19:37:34.233,1.28883,1.28888,1.00,1.00
2015.03.31 19:37:34.335,1.28883,1.2889,1.00,1.00
2015.03.31 19:37:34.436,1.28886,1.28892,1.00,1.57
2015.03.31 19:37:34.759,1.28888,1.28893,1.20,3.00
2015.03.31 19:37:35.454,1.28888,1.28892,1.20,1.00
2015.03.31 19:37:35.558,1.28888,1.28895,1.20,1.50
2015.03.31 19:37:36.064,1.28888,1.28896,1.20,1.00
2015.03.31 19:37:36.589,1.28889,1.28896,1.00,1.00
2015.03.31 19:37:36.742,1.28889,1.28898,1.37,1.00
2015.03.31 19:37:37.310,1.28891,1.28898,1.00,1.00
2015.03.31 19:37:37.860,1.28891,1.28898,1.50,1.00
2015.03.31 19:37:38.668,1.28893,1.28898,1.00,1.00
2015.03.31 19:37:38.870,1.2889,1.28895,1.75,1.00
2015.03.31 19:37:38.972,1.2889,1.28898,1.75,1.87
2015.03.31 19:37:39.023,1.28889,1.28898,1.20,1.87
2015.03.31 19:37:39.073,1.28888,1.28895,1.12,1.00
2015.03.31 19:37:39.124,1.28887,1.28895,1.87,1.00
2015.03.31 19:37:39.175,1.28887,1.28892,1.45,1.00
2015.03.31 19:37:39.687,1.28886,1.28893,2.25,1.50
2015.03.31 19:37:45.049,1.28885,1.28893,1.12,1.50
2015.03.31 19:37:52.167,1.28885,1.2889,1.12,1.00
2015.03.31 19:37:52.371,1.28885,1.28892,1.12,1.00
2015.03.31 19:37:52.878,1.28884,1.28892,2.62,1.00
2015.03.31 19:37:56.569,1.28885,1.2889,1.50,1.00
2015.03.31 19:37:59.835,1.28885,1.28889,1.87,1.00
2015.03.31 19:38:00.365,1.28886,1.2889,1.20,1.00
2015.03.31 19:38:02.346,1.28887,1.2889,1.12,1.00
2015.03.31 19:38:02.758,1.28887,1.28891,1.37,1.00
2015.03.31 19:38:02.963,1.28887,1.28892,1.00,1.00
2015.03.31 19:38:05.140,1.28887,1.28895,1.00,1.00
2015.03.31 19:38:05.191,1.28887,1.28895,2.25,1.00
2015.03.31 19:38:06.264,1.28887,1.28892,1.10,1.00
2015.03.31 19:38:08.542,1.28885,1.28891,1.50,1.00
2015.03.31 19:38:09.202,1.28885,1.28892,1.12,1.00
2015.03.31 19:38:10.070,1.28887,1.28896,1.95,1.00
2015.03.31 19:38:10.171,1.2889,1.28896,1.37,1.00
2015.03.31 19:38:10.626,1.2889,1.28894,1.95,1.00
2015.03.31 19:38:10.930,1.28888,1.28892,1.57,1.00
2015.03.31 19:38:11.436,1.28887,1.28891,1.50,1.00
2015.03.31 19:38:12.884,1.28886,1.2889,2.32,1.00
2015.03.31 19:38:13.269,1.28885,1.28891,1.76,1.52
2015.03.31 19:38:13.320,1.28884,1.28887,1.76,1.00
2015.03.31 19:38:13.509,1.2888,1.28886,2.62,1.00
2015.03.31 19:38:14.014,1.2888,1.28886,1.95,1.00
2015.03.31 19:38:14.943,1.2888,1.28885,1.47,1.00
2015.03.31 19:38:16.213,1.2888,1.28885,1.87,1.00
2015.03.31 19:38:16.731,1.28882,1.28886,1.00,1.00
2015.03.31 19:38:17.865,1.28881,1.28887,2.02,1.00
2015.03.31 19:38:18.563,1.28881,1.28886,2.02,1.00
2015.03.31 19:38:27.238,1.28882,1.28887,1.87,1.00
2015.03.31 19:38:29.060,1.28884,1.28893,1.37,3.52
2015.03.31 19:38:29.212,1.28888,1.28891,1.37,1.00
2015.03.31 19:38:29.872,1.28889,1.28893,1.27,1.00
2015.03.31 19:38:30.376,1.28889,1.28893,1.27,1.00
2015.03.31 19:38:30.882,1.28887,1.28891,1.87,1.00
2015.03.31 19:38:31.822,1.28886,1.2889,1.20,1.00
2015.03.31 19:38:31.974,1.28886,1.28892,1.20,1.00
2015.03.31 19:38:38.734,1.28887,1.28892,2.62,1.00
2015.03.31 19:38:50.553,1.28887,1.2889,1.12,1.00
2015.03.31 19:38:50.604,1.28886,1.2889,1.07,1.00
2015.03.31 19:38:54.367,1.28883,1.2889,2.62,1.00
2015.03.31 19:38:54.880,1.28883,1.28889,2.25,1.00
2015.03.31 19:38:58.125,1.28885,1.2889,1.20,1.00
2015.03.31 19:38:59.663,1.28885,1.28892,1.20,2.25
2015.03.31 19:38:59.765,1.28887,1.28892,1.00,2.25
2015.03.31 19:39:00.679,1.28889,1.28892,1.00,1.50
2015.03.31 19:39:00.913,1.28893,1.28897,1.00,1.57
2015.03.31 19:39:01.168,1.28895,1.28898,1.00,1.00
2015.03.31 19:39:03.775,1.28893,1.28898,1.75,1.00
2015.03.31 19:39:03.826,1.2889,1.28894,1.95,1.00
2015.03.31 19:39:04.327,1.2889,1.28894,1.00,1.00
2015.03.31 19:39:04.866,1.2889,1.28895,1.00,1.00
2015.03.31 19:39:06.087,1.28891,1.28895,1.00,1.00
2015.03.31 19:39:07.582,1.28891,1.28897,1.00,1.00
2015.03.31 19:39:10.712,1.28891,1.28896,1.00,1.00
2015.03.31 19:39:12.532,1.28891,1.28897,1.00,1.00
2015.03.31 19:39:12.583,1.28894,1.28897,1.00,1.00
2015.03.31 19:39:13.088,1.28892,1.28898,1.20,1.00
2015.03.31 19:39:13.618,1.28893,1.28898,1.00,1.00
2015.03.31 19:39:13.770,1.28893,1.289,1.00,1.00
2015.03.31 19:39:14.123,1.2889,1.28894,2.55,1.00
2015.03.31 19:39:14.275,1.28888,1.28892,1.50,1.00
2015.03.31 19:39:14.795,1.28888,1.28892,1.10,1.00
2015.03.31 19:39:17.512,1.28887,1.28891,1.20,1.00
2015.03.31 19:39:18.022,1.28887,1.2889,1.00,1.00
2015.03.31 19:39:18.541,1.28886,1.2889,1.00,1.00
2015.03.31 19:39:22.464,1.28886,1.28891,1.00,1.00
2015.03.31 19:39:34.413,1.28886,1.28891,1.00,1.87
2015.03.31 19:39:34.514,1.28884,1.28888,1.10,1.00
2015.03.31 19:39:34.565,1.28883,1.28885,1.12,1.00
2015.03.31 19:39:34.616,1.28881,1.28884,2.70,1.00
2015.03.31 19:39:34.969,1.2888,1.28885,1.87,1.00
2015.03.31 19:39:36.352,1.28879,1.28885,1.10,1.00
2015.03.31 19:39:36.403,1.28879,1.28882,1.10,1.00
2015.03.31 19:39:37.331,1.28879,1.28883,1.10,1.00
2015.03.31 19:39:37.851,1.28879,1.28882,1.10,1.00
2015.03.31 19:39:38.366,1.28879,1.28881,1.10,1.00
2015.03.31 19:39:38.518,1.28879,1.28883,1.10,1.00
2015.03.31 19:39:40.582,1.2888,1.28883,1.00,1.00
2015.03.31 19:39:41.785,1.28877,1.28883,1.12,1.00
2015.03.31 19:39:42.370,1.28878,1.28883,1.10,1.00
2015.03.31 19:39:44.025,1.28878,1.28885,1.10,1.50
2015.03.31 19:39:44.127,1.28879,1.28883,1.00,1.00
2015.03.31 19:39:44.329,1.28883,1.28888,1.00,1.25
2015.03.31 19:39:44.481,1.28881,1.28888,1.00,1.31
2015.03.31 19:39:46.903,1.28882,1.28888,1.00,1.12
2015.03.31 19:39:47.463,1.28881,1.28888,1.00,1.12
2015.03.31 19:39:49.291,1.28881,1.28884,1.00,1.00
2015.03.31 19:39:49.809,1.2888,1.28883,1.00,1.00
2015.03.31 19:39:52.482,1.28881,1.28885,1.00,1.00
2015.03.31 19:39:53.779,1.28879,1.28885,1.00,1.00
2015.03.31 19:39:54.283,1.2888,1.28885,1.00,1.00
2015.03.31 19:39:54.788,1.2888,1.28884,1.00,1.00
2015.03.31 19:39:56.032,1.2888,1.28885,1.00,1.00
2015.03.31 19:39:58.192,1.2888,1.28886,1.00,1.00
2015.03.31 19:40:00.312,1.2888,1.28884,1.00,1.00
2015.03.31 19:40:01.008,1.28882,1.28884,1.00,1.00
2015.03.31 19:40:01.157,1.28882,1.28886,1.00,1.00
2015.03.31 19:40:01.309,1.28884,1.28886,1.00,1.00
2015.03.31 19:40:01.715,1.28886,1.28891,1.00,1.50
2015.03.31 19:40:01.875,1.28888,1.28891,1.00,1.00
2015.03.31 19:40:02.180,1.28885,1.2889,1.37,1.00
2015.03.31 19:40:02.384,1.28888,1.28891,1.00,1.00
2015.03.31 19:40:02.955,1.28888,1.28892,1.00,1.00
2015.03.31 19:40:03.157,1.28889,1.28891,1.00,1.00
2015.03.31 19:40:03.259,1.28889,1.28892,1.00,1.00
2015.03.31 19:40:03.774,1.2889,1.28893,1.00,1.00
2015.03.31 19:40:04.314,1.2889,1.28892,1.00,1.00
2015.03.31 19:40:06.044,1.28888,1.28892,1.10,1.00
2015.03.31 19:40:06.557,1.28888,1.28892,1.10,1.00
2015.03.31 19:40:07.074,1.28889,1.28892,1.00,1.00
2015.03.31 19:40:08.561,1.28889,1.28893,1.00,1.00
2015.03.31 19:40:09.116,1.28887,1.28894,1.20,1.00
2015.03.31 19:40:09.635,1.28887,1.28895,1.20,1.00
2015.03.31 19:40:10.847,1.28887,1.28894,1.20,1.00
2015.03.31 19:40:13.741,1.28887,1.28896,1.20,1.12
2015.03.31 19:40:16.488,1.28887,1.28896,2.70,1.37
2015.03.31 19:40:17.006,1.28887,1.28896,2.70,1.12
2015.03.31 19:40:17.797,1.28887,1.28896,2.70,1.37
2015.03.31 19:40:18.334,1.28887,1.28894,2.70,1.00
2015.03.31 19:40:18.852,1.28887,1.28895,2.70,1.00
2015.03.31 19:40:20.772,1.28887,1.28893,1.20,1.00
2015.03.31 19:40:23.192,1.28887,1.28894,1.57,1.00
2015.03.31 19:40:25.386,1.28889,1.28897,1.00,1.00
2015.03.31 19:40:25.488,1.28891,1.28899,1.00,1.20
2015.03.31 19:40:38.326,1.28893,1.28898,1.00,1.00
2015.03.31 19:40:38.800,1.2889,1.28898,1.95,1.00
2015.03.31 19:40:39.253,1.2889,1.28895,1.95,1.00
2015.03.31 19:40:39.689,1.2889,1.28896,1.95,1.00
2015.03.31 19:40:40.349,1.2889,1.28895,1.20,1.00
2015.03.31 19:40:40.551,1.28889,1.28893,1.50,1.00
2015.03.31 19:40:40.754,1.28887,1.28895,2.62,1.00
2015.03.31 19:40:41.107,1.28887,1.28893,1.87,1.00
2015.03.31 19:40:42.984,1.28887,1.28895,2.62,1.00
2015.03.31 19:40:43.648,1.28887,1.28893,1.87,1.00
2015.03.31 19:40:51.436,1.28887,1.28894,2.62,1.00
2015.03.31 19:40:52.124,1.28888,1.28895,1.20,1.00
2015.03.31 19:40:56.189,1.28888,1.28893,1.20,1.00
2015.03.31 19:40:56.973,1.28887,1.28893,1.20,1.00
2015.03.31 19:40:57.474,1.28885,1.28893,3.37,1.00
2015.03.31 19:40:59.824,1.28885,1.28892,3.00,1.00
2015.03.31 19:41:00.347,1.28887,1.28893,1.20,1.00
2015.03.31 19:41:00.806,1.28887,1.28895,1.20,1.12
2015.03.31 19:41:05.612,1.28887,1.28894,1.20,1.00
2015.03.31 19:41:08.947,1.28887,1.28893,1.65,1.00
2015.03.31 19:41:10.212,1.28887,1.28892,1.20,1.00
2015.03.31 19:41:10.718,1.28885,1.28891,3.00,1.00
2015.03.31 19:41:11.287,1.28885,1.28891,1.75,1.37
2015.03.31 19:41:11.388,1.28882,1.28888,1.20,1.00
2015.03.31 19:41:11.439,1.28881,1.28888,4.20,1.00
2015.03.31 19:41:11.591,1.28882,1.28892,1.20,1.00
2015.03.31 19:41:12.095,1.28882,1.28893,1.20,2.89
2015.03.31 19:41:13.089,1.28883,1.28892,1.00,1.87
2015.03.31 19:41:13.608,1.28883,1.28892,1.00,1.87
2015.03.31 19:41:14.385,1.28883,1.28893,1.20,4.12
2015.03.31 19:41:14.900,1.28882,1.28893,1.12,4.12
2015.03.31 19:41:17.698,1.28882,1.28892,1.12,1.87
2015.03.31 19:41:24.107,1.28882,1.28892,1.12,1.87
2015.03.31 19:41:24.554,1.28888,1.28893,1.00,1.00
2015.03.31 19:41:24.707,1.28889,1.28897,1.10,1.00
2015.03.31 19:41:24.808,1.28889,1.28899,1.10,1.31
2015.03.31 19:41:25.354,1.28889,1.28897,1.10,1.00
2015.03.31 19:41:30.310,1.28889,1.28898,1.10,1.00
2015.03.31 19:41:30.622,1.28891,1.289,1.12,2.32
2015.03.31 19:41:30.963,1.28891,1.28898,1.12,1.00
2015.03.31 19:41:34.701,1.28891,1.28897,1.00,1.00
2015.03.31 19:41:35.212,1.28891,1.28898,1.00,1.00
2015.03.31 19:41:36.481,1.28893,1.28898,1.87,1.00
2015.03.31 19:41:36.582,1.28894,1.28901,2.62,1.00
2015.03.31 19:41:36.733,1.28895,1.28901,1.50,1.00
2015.03.31 19:41:36.784,1.28895,1.28903,1.87,1.00
2015.03.31 19:41:38.770,1.28895,1.28901,3.00,1.00
2015.03.31 19:41:48.591,1.28895,1.28903,1.87,1.00
2015.03.31 19:41:48.693,1.28897,1.28903,1.75,1.00
2015.03.31 19:41:50.323,1.28897,1.28904,2.25,1.00
2015.03.31 19:41:50.424,1.28898,1.28906,1.45,1.00
2015.03.31 19:41:53.713,1.28897,1.28905,1.75,1.00
2015.03.31 19:41:54.307,1.28898,1.28904,1.50,1.00
2015.03.31 19:41:55.923,1.28899,1.28908,1.20,1.20
2015.03.31 19:41:56.445,1.289,1.28908,1.10,1.00
2015.03.31 19:42:04.611,1.289,1.28907,1.20,1.00
2015.03.31 19:42:05.415,1.289,1.28906,1.20,1.00
2015.03.31 19:42:06.395,1.28899,1.28905,1.95,1.00
2015.03.31 19:42:06.907,1.289,1.28906,1.20,1.00
2015.03.31 19:42:07.460,1.289,1.28907,1.10,1.00
2015.03.31 19:42:09.071,1.289,1.28907,1.95,1.00
2015.03.31 19:42:09.575,1.28901,1.28907,1.37,1.00
2015.03.31 19:42:10.119,1.28901,1.28907,1.12,1.00
2015.03.31 19:42:11.124,1.28901,1.28907,1.87,1.00
2015.03.31 19:42:15.986,1.28899,1.28907,1.12,1.00
2015.03.31 19:42:17.275,1.28899,1.28905,2.62,1.00
2015.03.31 19:42:18.612,1.28899,1.28906,2.62,1.00
2015.03.31 19:42:19.349,1.28899,1.28905,3.37,1.00
2015.03.31 19:42:19.794,1.28899,1.28905,3.94,1.00
2015.03.31 19:42:19.895,1.28902,1.28909,4.12,1.00
2015.03.31 19:42:20.427,1.28904,1.28908,1.65,1.00
2015.03.31 19:42:20.579,1.28902,1.28906,2.32,1.00
2015.03.31 19:42:20.630,1.28902,1.28907,2.40,1.00
2015.03.31 19:42:28.581,1.28902,1.28908,1.65,1.00
2015.03.31 19:42:29.706,1.289,1.28907,3.00,1.00
2015.03.31 19:42:29.960,1.28898,1.28907,2.25,1.12
2015.03.31 19:42:30.011,1.28898,1.28904,2.25,1.00
2015.03.31 19:42:30.471,1.289,1.28906,1.20,1.00
2015.03.31 19:42:30.674,1.28902,1.28906,1.00,1.00
2015.03.31 19:42:30.825,1.28902,1.28908,1.00,1.00
2015.03.31 19:42:31.078,1.28904,1.28908,1.50,1.00
2015.03.31 19:42:31.582,1.28904,1.28909,1.50,1.00
2015.03.31 19:42:32.085,1.28905,1.28909,1.87,1.00
2015.03.31 19:42:32.137,1.2891,1.28913,1.00,1.35
2015.03.31 19:42:32.188,1.28909,1.28913,1.00,1.50
2015.03.31 19:42:32.441,1.28912,1.28915,1.00,1.00
2015.03.31 19:42:32.955,1.28914,1.28918,1.00,1.87
2015.03.31 19:42:33.900,1.2891,1.28914,1.00,1.00
2015.03.31 19:42:35.865,1.2891,1.28914,1.00,1.00
2015.03.31 19:42:36.519,1.2891,1.28915,1.00,1.00
2015.03.31 19:42:38.700,1.2891,1.28914,1.00,1.00
2015.03.31 19:42:39.567,1.28914,1.28918,1.00,2.25
2015.03.31 19:42:40.472,1.2891,1.28913,1.00,1.00
2015.03.31 19:42:43.497,1.28911,1.28913,1.00,1.12
2015.03.31 19:42:43.548,1.2891,1.28913,1.00,1.50
2015.03.31 19:42:43.851,1.28908,1.2891,1.00,1.12
2015.03.31 19:42:44.581,1.28907,1.2891,1.00,1.27
2015.03.31 19:42:44.884,1.28904,1.28911,2.70,1.00
2015.03.31 19:42:45.192,1.28903,1.28909,4.12,1.00
2015.03.31 19:42:46.536,1.28903,1.28911,2.32,1.00
2015.03.31 19:42:46.891,1.28907,1.28911,1.50,1.00
2015.03.31 19:42:46.993,1.28909,1.28919,1.20,1.67
2015.03.31 19:42:47.604,1.28914,1.28919,1.00,1.00
2015.03.31 19:42:47.757,1.2892,1.28921,1.00,1.00
2015.03.31 19:42:47.858,1.28922,1.28924,1.00,1.00
2015.03.31 19:42:49.728,1.2892,1.28922,1.50,1.00
2015.03.31 19:42:49.931,1.28918,1.28922,1.10,1.00
2015.03.31 19:42:50.032,1.2892,1.28922,1.00,1.00
2015.03.31 19:42:50.905,1.2892,1.28922,1.00,1.00
2015.03.31 19:42:51.425,1.2892,1.28923,1.00,1.00
2015.03.31 19:42:52.006,1.28919,1.28923,1.00,1.00
2015.03.31 19:42:53.851,1.28918,1.28923,1.47,1.00
2015.03.31 19:42:54.104,1.28922,1.28927,1.50,1.37
2015.03.31 19:42:54.812,1.28923,1.28926,1.00,1.00
2015.03.31 19:42:55.003,1.28925,1.2893,1.00,1.00
2015.03.31 19:42:55.205,1.28925,1.28928,1.00,1.00
2015.03.31 19:42:56.872,1.28924,1.28928,1.50,1.00
2015.03.31 19:42:57.179,1.28925,1.28928,1.00,1.00
2015.03.31 19:42:57.705,1.28925,1.28929,1.00,1.00
2015.03.31 19:43:00.254,1.28922,1.28929,1.20,1.50
2015.03.31 19:43:00.305,1.28922,1.28927,1.00,1.12
2015.03.31 19:43:00.720,1.28918,1.28925,2.62,1.10
2015.03.31 19:43:01.259,1.28918,1.28925,1.00,1.50
2015.03.31 19:43:01.613,1.28918,1.28924,1.00,1.75
2015.03.31 19:43:03.181,1.28913,1.28923,1.20,3.00
2015.03.31 19:43:04.248,1.28913,1.28923,2.32,2.62
2015.03.31 19:43:04.754,1.28913,1.28923,2.62,3.00
2015.03.31 19:43:05.322,1.28913,1.28922,2.62,1.00
2015.03.31 19:43:06.587,1.28912,1.28922,2.25,1.20
2015.03.31 19:43:07.760,1.28912,1.28918,1.50,1.50
2015.03.31 19:43:08.113,1.28912,1.28916,1.00,1.00
2015.03.31 19:43:08.620,1.28912,1.28917,1.00,1.00
2015.03.31 19:43:09.158,1.28911,1.28916,1.00,1.00
2015.03.31 19:43:10.155,1.28911,1.28916,1.37,1.00
2015.03.31 19:43:10.673,1.28911,1.28917,1.37,1.00
2015.03.31 19:43:11.023,1.28911,1.28917,1.00,1.00
2015.03.31 19:43:11.554,1.28911,1.28916,1.00,1.20
2015.03.31 19:43:11.655,1.28911,1.28915,1.00,1.07
2015.03.31 19:43:11.756,1.28908,1.28915,1.50,1.07
2015.03.31 19:43:15.130,1.28908,1.28915,1.87,1.57
2015.03.31 19:43:15.632,1.28908,1.28915,2.70,1.00
2015.03.31 19:43:16.539,1.28908,1.28914,2.70,1.00
2015.03.31 19:43:17.089,1.28908,1.28914,1.20,1.00
2015.03.31 19:43:18.849,1.28908,1.28916,1.95,1.10
2015.03.31 19:43:19.335,1.28908,1.28914,1.95,1.00
2015.03.31 19:43:20.304,1.28908,1.28913,1.95,1.00
2015.03.31 19:43:20.609,1.28907,1.28911,1.20,1.00
2015.03.31 19:43:20.660,1.28904,1.28911,2.02,1.00
2015.03.31 19:43:21.219,1.28904,1.2891,1.65,1.00
2015.03.31 19:43:21.378,1.28904,1.2891,1.20,1.00
2015.03.31 19:43:21.673,1.28904,1.2891,1.57,1.00
2015.03.31 19:43:23.469,1.28904,1.28911,1.57,1.00
2015.03.31 19:43:24.391,1.28904,1.28911,1.27,1.00
2015.03.31 19:43:24.492,1.28904,1.28914,1.27,1.50
2015.03.31 19:43:24.689,1.28904,1.28914,1.57,1.50
2015.03.31 19:43:25.243,1.28904,1.28914,1.57,1.50
2015.03.31 19:43:33.413,1.28906,1.28914,1.00,1.50
2015.03.31 19:43:33.928,1.28905,1.28914,2.62,1.50
2015.03.31 19:43:35.163,1.28906,1.28914,1.12,1.50
2015.03.31 19:43:36.769,1.28906,1.28914,1.87,1.50
2015.03.31 19:43:37.289,1.28905,1.28914,2.62,1.00
2015.03.31 19:43:39.799,1.28905,1.28914,1.50,1.00
2015.03.31 19:43:40.351,1.28905,1.28913,1.50,1.50
2015.03.31 19:43:43.430,1.28906,1.28913,1.50,1.50
2015.03.31 19:43:43.582,1.28904,1.28913,1.20,1.50
2015.03.31 19:43:44.784,1.28903,1.28913,1.31,1.52
2015.03.31 19:43:44.936,1.28902,1.2891,3.19,1.00
2015.03.31 19:43:45.443,1.28902,1.28911,1.87,1.50
2015.03.31 19:43:46.760,1.28902,1.28912,2.40,1.20
2015.03.31 19:43:47.339,1.28903,1.28911,1.12,1.00
2015.03.31 19:43:48.438,1.28903,1.2891,1.50,1.00
2015.03.31 19:43:48.769,1.28903,1.28912,2.25,1.20
2015.03.31 19:43:49.946,1.28904,1.28912,1.00,1.20
2015.03.31 19:43:51.190,1.28905,1.28913,1.00,1.50
2015.03.31 19:43:51.720,1.28904,1.28913,2.25,1.50
2015.03.31 19:43:53.436,1.28904,1.28914,2.62,1.20
2015.03.31 19:43:54.070,1.28904,1.28913,1.87,1.00
2015.03.31 19:43:54.323,1.28906,1.28915,1.12,1.57
2015.03.31 19:43:54.826,1.28908,1.28917,1.00,3.37
2015.03.31 19:43:54.978,1.28908,1.28917,1.00,1.65
2015.03.31 19:43:56.353,1.28907,1.28917,1.12,1.65
2015.03.31 19:43:57.564,1.28907,1.28916,1.12,1.00
2015.03.31 19:43:58.086,1.28907,1.28915,1.00,1.00
2015.03.31 19:44:01.646,1.28907,1.28916,2.25,2.25
2015.03.31 19:44:02.207,1.2891,1.28916,1.50,1.00
2015.03.31 19:44:03.165,1.28908,1.28915,1.07,1.00
2015.03.31 19:44:03.216,1.28907,1.28915,1.65,1.50
2015.03.31 19:44:03.720,1.28906,1.28915,1.31,1.57
2015.03.31 19:44:05.781,1.28907,1.28915,1.00,1.57
2015.03.31 19:44:06.300,1.28906,1.28915,1.12,1.57
2015.03.31 19:44:06.402,1.28905,1.28911,1.57,1.00
2015.03.31 19:44:06.907,1.28903,1.28911,2.81,1.00
2015.03.31 19:44:08.139,1.28905,1.2891,1.00,1.00
2015.03.31 19:44:08.493,1.28904,1.28912,1.50,1.50
2015.03.31 19:44:09.428,1.28903,1.28912,1.95,1.50
2015.03.31 19:44:10.418,1.28904,1.28912,1.00,1.00
2015.03.31 19:44:10.961,1.28903,1.28912,1.20,1.00
2015.03.31 19:44:13.944,1.28903,1.28912,1.57,1.00
2015.03.31 19:44:14.484,1.28903,1.28912,1.20,1.50
2015.03.31 19:44:15.185,1.28903,1.2891,1.20,1.00
2015.03.31 19:44:15.875,1.28902,1.28907,1.20,1.00
2015.03.31 19:44:16.958,1.28901,1.28906,1.57,1.00
2015.03.31 19:44:17.494,1.289,1.28905,2.51,1.00
2015.03.31 19:44:20.258,1.289,1.28905,1.20,1.00
2015.03.31 19:44:22.662,1.289,1.28904,2.51,1.00
2015.03.31 19:44:23.024,1.289,1.28904,2.14,1.00
2015.03.31 19:44:23.537,1.289,1.28904,2.51,1.00
2015.03.31 19:44:28.922,1.289,1.28903,1.31,1.00
2015.03.31 19:44:30.237,1.28898,1.28903,1.67,1.00
2015.03.31 19:44:30.691,1.289,1.28905,1.05,1.10
2015.03.31 19:44:31.208,1.28897,1.28905,3.00,1.00
2015.03.31 19:44:31.720,1.28897,1.28905,3.00,1.00
2015.03.31 19:44:35.715,1.28898,1.28905,1.05,1.00
2015.03.31 19:44:36.072,1.28899,1.28904,1.05,1.00
2015.03.31 19:44:36.918,1.28901,1.28904,1.37,1.00
2015.03.31 19:44:37.487,1.28901,1.28904,1.00,1.00
2015.03.31 19:44:37.988,1.28899,1.28905,1.05,1.00
2015.03.31 19:44:38.528,1.289,1.28904,1.42,1.00
2015.03.31 19:44:40.645,1.28899,1.28904,1.05,1.00
2015.03.31 19:44:41.163,1.28898,1.28904,1.24,1.00
2015.03.31 19:44:41.706,1.28898,1.28904,1.05,1.00
2015.03.31 19:44:42.235,1.28896,1.28902,1.50,1.00
2015.03.31 19:44:42.755,1.28896,1.28902,1.42,1.00
2015.03.31 19:44:43.298,1.28896,1.28902,2.55,1.00
2015.03.31 19:44:45.418,1.28896,1.28901,2.17,1.00
2015.03.31 19:44:45.950,1.28896,1.28902,3.30,1.00
2015.03.31 19:44:46.640,1.28898,1.28903,1.30,1.00
2015.03.31 19:44:47.158,1.289,1.28904,1.05,1.00
2015.03.31 19:44:47.726,1.289,1.28905,1.00,1.00
2015.03.31 19:44:48.231,1.28899,1.28904,2.17,1.00
2015.03.31 19:44:49.624,1.28899,1.28905,2.92,1.00
2015.03.31 19:44:50.297,1.28901,1.28905,1.50,1.00
2015.03.31 19:44:51.278,1.28901,1.28904,1.50,1.00
2015.03.31 19:44:51.788,1.28901,1.28905,2.62,1.00
2015.03.31 19:44:52.042,1.28903,1.28908,1.00,1.12
2015.03.31 19:44:52.547,1.28901,1.28907,3.75,1.00
2015.03.31 19:44:53.067,1.28903,1.28908,1.00,1.00
2015.03.31 19:44:55.810,1.28901,1.28908,1.50,1.00
2015.03.31 19:44:55.912,1.289,1.28904,1.20,1.00
2015.03.31 19:44:56.114,1.289,1.28907,1.57,1.00
2015.03.31 19:44:56.216,1.28899,1.28907,4.80,1.00
2015.03.31 19:44:56.569,1.289,1.28905,1.05,1.00
2015.03.31 19:44:57.740,1.28899,1.28906,4.50,1.00
2015.03.31 19:44:58.209,1.28899,1.28908,3.00,1.00
2015.03.31 19:44:58.724,1.28899,1.28909,2.55,1.50
2015.03.31 19:44:59.229,1.28899,1.28909,2.55,1.50
2015.03.31 19:44:59.753,1.28899,1.28909,4.42,1.50
2015.03.31 19:45:00.311,1.28899,1.28909,4.57,1.20
2015.03.31 19:45:00.968,1.28899,1.28909,3.45,1.65
2015.03.31 19:45:01.069,1.28899,1.28908,2.70,1.37
2015.03.31 19:45:01.379,1.28897,1.28904,1.80,1.00
2015.03.31 19:45:01.683,1.28897,1.28904,1.30,1.87
2015.03.31 19:45:01.886,1.28894,1.28898,1.50,1.00
2015.03.31 19:45:01.937,1.28894,1.28897,1.12,1.00
2015.03.31 19:45:02.190,1.28891,1.289,2.25,1.87
2015.03.31 19:45:02.292,1.28891,1.289,1.50,1.00
2015.03.31 19:45:02.393,1.28891,1.28897,1.50,1.00
2015.03.31 19:45:02.596,1.28891,1.28899,1.50,1.00
2015.03.31 19:45:02.697,1.28891,1.28899,1.12,1.00
2015.03.31 19:45:03.051,1.28891,1.28899,3.45,1.00
2015.03.31 19:45:03.377,1.28894,1.28899,1.37,1.00
2015.03.31 19:45:03.924,1.28895,1.289,1.12,1.00
2015.03.31 19:45:04.920,1.28894,1.28901,1.37,1.87
2015.03.31 19:45:05.203,1.28896,1.28904,1.12,1.52
2015.03.31 19:45:05.254,1.28896,1.28906,2.02,3.75
2015.03.31 19:45:05.785,1.28897,1.28906,1.12,3.00
2015.03.31 19:45:08.392,1.28898,1.28906,1.12,1.50
2015.03.31 19:45:08.897,1.28898,1.28907,1.00,1.00
2015.03.31 19:45:10.541,1.28898,1.28907,1.57,1.00
2015.03.31 19:45:13.483,1.28897,1.28902,1.07,1.00
2015.03.31 19:45:13.988,1.28896,1.28901,1.57,1.00
2015.03.31 19:45:14.039,1.28896,1.28903,1.57,2.25
2015.03.31 19:45:14.177,1.28897,1.28905,1.45,2.25
2015.03.31 19:45:14.920,1.28896,1.28904,1.95,1.00
2015.03.31 19:45:15.463,1.28895,1.28904,1.87,2.25
2015.03.31 19:45:18.721,1.28895,1.28904,2.25,1.00
2015.03.31 19:45:18.772,1.28898,1.28906,1.37,2.40
2015.03.31 19:45:19.286,1.28897,1.28906,2.70,1.00
2015.03.31 19:45:19.801,1.289,1.28908,1.37,2.70
2015.03.31 19:45:20.349,1.289,1.28908,1.37,2.25
2015.03.31 19:45:24.009,1.28901,1.28908,1.00,2.25
2015.03.31 19:45:27.110,1.28899,1.28908,1.47,1.50
2015.03.31 19:45:27.848,1.28899,1.28908,1.47,1.50
2015.03.31 19:45:28.336,1.28901,1.28908,1.37,1.00
2015.03.31 19:45:28.841,1.28903,1.28911,1.37,4.12
2015.03.31 19:45:29.043,1.28903,1.28911,1.37,1.57
2015.03.31 19:45:29.346,1.28901,1.28911,1.95,1.10
2015.03.31 19:45:29.453,1.28901,1.2891,1.95,1.00
2015.03.31 19:45:29.959,1.28902,1.28911,1.37,1.57
2015.03.31 19:45:30.867,1.28903,1.28911,1.37,1.57
2015.03.31 19:45:31.372,1.28902,1.28911,1.37,1.10
2015.03.31 19:45:31.726,1.28902,1.28909,1.00,1.00
2015.03.31 19:45:32.231,1.28901,1.28909,1.37,1.65
2015.03.31 19:45:32.766,1.28901,1.28907,1.00,1.00
2015.03.31 19:45:35.270,1.28901,1.28909,1.00,2.25
2015.03.31 19:45:35.775,1.28901,1.2891,1.37,1.20
2015.03.31 19:45:36.134,1.28901,1.28907,1.00,1.00
2015.03.31 19:45:36.920,1.28899,1.28907,1.00,1.50
2015.03.31 19:45:37.471,1.28899,1.28906,1.00,1.20
2015.03.31 19:45:42.473,1.28899,1.28907,1.37,2.25
2015.03.31 19:45:42.524,1.28902,1.28907,1.00,1.50
2015.03.31 19:45:42.736,1.28904,1.28911,1.87,1.57
2015.03.31 19:45:43.259,1.28904,1.28911,1.12,1.00
2015.03.31 19:45:43.771,1.28904,1.28911,1.87,1.00
2015.03.31 19:45:46.791,1.28905,1.28912,1.12,2.32
2015.03.31 19:45:53.508,1.28904,1.28912,1.50,1.10
2015.03.31 19:45:54.094,1.28904,1.28911,1.00,1.00
2015.03.31 19:45:55.084,1.28904,1.28914,1.50,2.62
2015.03.31 19:45:57.060,1.28904,1.28912,2.62,1.10
2015.03.31 19:45:57.262,1.28903,1.28911,2.70,1.50
2015.03.31 19:45:58.365,1.28903,1.28911,2.70,1.50
2015.03.31 19:46:00.256,1.28903,1.28911,2.70,1.00
2015.03.31 19:46:00.768,1.28905,1.28911,1.37,1.00
2015.03.31 19:46:03.628,1.28906,1.28912,1.12,1.00
2015.03.31 19:46:03.730,1.28908,1.28913,1.00,1.00
2015.03.31 19:46:05.408,1.28908,1.28914,1.00,1.00
2015.03.31 19:46:20.323,1.28908,1.28911,1.00,1.00
2015.03.31 19:46:26.071,1.28907,1.2891,1.00,1.00
2015.03.31 19:46:26.624,1.28905,1.2891,3.00,1.00
2015.03.31 19:46:33.407,1.28905,1.28909,3.00,1.00
2015.03.31 19:46:33.913,1.28905,1.28908,1.57,1.00
2015.03.31 19:46:34.473,1.28905,1.28909,1.57,1.00
2015.03.31 19:46:36.182,1.28905,1.28909,1.57,1.00
2015.03.31 19:46:40.253,1.28905,1.28908,1.57,1.00
2015.03.31 19:46:40.716,1.28905,1.28912,1.57,1.00
2015.03.31 19:46:40.817,1.28908,1.28912,1.00,1.00
2015.03.31 19:46:41.990,1.28908,1.28911,1.00,1.00
2015.03.31 19:46:44.223,1.28905,1.2891,2.25,1.00
2015.03.31 19:46:44.728,1.28905,1.28911,3.00,1.00
2015.03.31 19:46:45.759,1.28905,1.28913,2.25,1.00
2015.03.31 19:46:46.628,1.28905,1.28913,2.62,1.00
2015.03.31 19:46:47.211,1.28905,1.28913,2.62,1.00
2015.03.31 19:46:47.773,1.28905,1.28913,3.07,1.00
2015.03.31 19:46:49.608,1.28906,1.28914,1.10,1.00
2015.03.31 19:46:50.897,1.28905,1.28915,3.82,1.50
2015.03.31 19:46:52.035,1.28905,1.28914,2.70,1.00
2015.03.31 19:46:52.351,1.28905,1.28916,2.70,1.57
2015.03.31 19:46:56.205,1.28905,1.28915,1.95,1.00
2015.03.31 19:46:56.649,1.28905,1.28915,1.20,2.62
2015.03.31 19:46:57.103,1.28905,1.28911,1.10,1.00
2015.03.31 19:47:00.474,1.28905,1.28912,1.10,1.87
2015.03.31 19:47:00.777,1.28909,1.28915,1.00,1.00
2015.03.31 19:47:00.928,1.28909,1.28917,1.00,1.50
2015.03.31 19:47:01.433,1.28909,1.28918,1.00,1.20
2015.03.31 19:47:01.961,1.28909,1.28918,1.20,1.00
2015.03.31 19:47:02.573,1.28909,1.28917,1.20,1.00
2015.03.31 19:47:03.252,1.28909,1.28919,1.95,1.10
2015.03.31 19:47:06.512,1.2891,1.28919,2.70,1.10
2015.03.31 19:47:06.866,1.28913,1.28917,1.00,1.00
2015.03.31 19:47:06.968,1.28913,1.28918,1.00,1.00
2015.03.31 19:47:07.331,1.28913,1.2892,1.00,1.00
2015.03.31 19:47:09.960,1.28913,1.28918,1.00,1.00
2015.03.31 19:47:10.183,1.28913,1.28921,1.00,1.00
2015.03.31 19:47:11.611,1.28913,1.28919,1.00,1.00
2015.03.31 19:47:13.587,1.28913,1.2892,1.20,1.00
2015.03.31 19:47:15.437,1.28913,1.28922,1.65,1.00
2015.03.31 19:47:17.330,1.28913,1.2892,1.20,1.00
2015.03.31 19:47:19.612,1.28913,1.2892,1.57,1.00
2015.03.31 19:47:20.116,1.28913,1.2892,1.27,1.00
2015.03.31 19:47:20.634,1.28913,1.2892,2.02,1.00
2015.03.31 19:47:26.116,1.28913,1.28921,2.77,1.00
2015.03.31 19:47:27.266,1.28914,1.28921,1.37,1.00
2015.03.31 19:47:27.770,1.28915,1.28922,1.00,1.00
2015.03.31 19:47:28.845,1.28915,1.28924,1.00,1.20
2015.03.31 19:47:30.849,1.28915,1.28924,1.37,1.20
2015.03.31 19:47:31.354,1.28916,1.28926,1.37,3.00
2015.03.31 19:47:31.556,1.28916,1.28926,1.87,3.00
2015.03.31 19:47:31.657,1.28916,1.28926,1.37,3.00
2015.03.31 19:47:32.573,1.28917,1.28926,1.87,2.25
2015.03.31 19:47:32.674,1.28917,1.28926,1.87,1.20
2015.03.31 19:47:32.775,1.28917,1.28927,1.87,1.50
2015.03.31 19:47:33.282,1.28918,1.28927,1.87,1.50
2015.03.31 19:47:33.818,1.28919,1.28928,1.37,1.50
2015.03.31 19:47:34.121,1.28926,1.2893,1.00,1.90
2015.03.31 19:47:34.223,1.28925,1.28932,1.00,1.00
2015.03.31 19:47:34.274,1.28924,1.28934,2.25,1.00
2015.03.31 19:47:34.375,1.28924,1.28932,2.25,1.00
2015.03.31 19:47:34.476,1.28924,1.28934,2.25,1.50
2015.03.31 19:47:35.057,1.28924,1.28934,1.95,1.00
2015.03.31 19:47:36.423,1.28924,1.28934,1.95,1.50
2015.03.31 19:47:37.080,1.28922,1.28934,4.50,2.62
2015.03.31 19:47:37.282,1.28922,1.28932,2.02,2.25
2015.03.31 19:47:37.792,1.28922,1.28932,2.40,2.25
2015.03.31 19:47:37.943,1.28925,1.28934,1.12,1.23
2015.03.31 19:47:38.449,1.28923,1.28933,4.18,1.00
2015.03.31 19:47:38.651,1.28921,1.28931,2.14,1.00
2015.03.31 19:47:38.954,1.28921,1.28929,1.47,1.00
2015.03.31 19:47:39.258,1.28918,1.28925,4.12,1.00
2015.03.31 19:47:39.561,1.28917,1.28924,2.62,1.75
2015.03.31 19:47:39.713,1.28917,1.28926,2.62,1.75
2015.03.31 19:47:40.369,1.28916,1.28926,1.37,1.10
2015.03.31 19:47:41.727,1.28916,1.28926,1.00,1.10
2015.03.31 19:47:42.238,1.28915,1.28925,2.70,2.25
2015.03.31 19:47:42.814,1.28914,1.28924,2.70,1.00
2015.03.31 19:47:45.226,1.28914,1.28924,3.07,1.00
2015.03.31 19:47:46.027,1.28914,1.28924,3.07,1.00
2015.03.31 19:47:49.413,1.28913,1.28922,4.87,1.00
2015.03.31 19:47:49.879,1.28913,1.2892,1.12,2.62
2015.03.31 19:47:50.031,1.28909,1.28918,4.87,1.00
2015.03.31 19:47:50.538,1.28909,1.28917,3.37,1.00
2015.03.31 19:47:52.358,1.28909,1.28917,1.10,1.50
2015.03.31 19:47:53.631,1.28908,1.28915,1.95,1.00
2015.03.31 19:47:53.883,1.28907,1.28915,1.50,1.87
2015.03.31 19:47:54.237,1.28906,1.28912,1.00,1.00
2015.03.31 19:47:54.540,1.28904,1.28908,1.12,1.00
2015.03.31 19:47:54.590,1.28904,1.2891,1.12,1.00
2015.03.31 19:47:54.742,1.28904,1.28908,1.12,1.00
2015.03.31 19:47:55.095,1.28907,1.28908,1.00,1.00
2015.03.31 19:47:55.146,1.28909,1.28911,1.00,1.00
2015.03.31 19:47:55.247,1.28911,1.28913,1.50,1.00
2015.03.31 19:47:55.298,1.28911,1.28915,1.50,1.50
2015.03.31 19:47:55.551,1.28909,1.28916,3.00,1.37
2015.03.31 19:47:55.936,1.2891,1.28919,1.00,1.87
2015.03.31 19:47:56.289,1.28908,1.28919,1.50,2.62
2015.03.31 19:47:56.825,1.28907,1.28917,1.20,2.25
2015.03.31 19:47:58.042,1.28907,1.28917,1.20,3.37
2015.03.31 19:47:58.295,1.28908,1.28917,1.20,1.12
2015.03.31 19:47:58.799,1.28908,1.28918,1.20,1.00
2015.03.31 19:47:59.656,1.2891,1.28921,1.00,6.21
2015.03.31 19:48:00.062,1.2891,1.28921,4.87,1.12
2015.03.31 19:48:00.264,1.28913,1.28923,1.00,1.20
2015.03.31 19:48:00.769,1.28911,1.28922,1.20,1.57
2015.03.31 19:48:00.972,1.2891,1.28919,1.57,1.00
2015.03.31 19:48:02.949,1.28911,1.2892,2.25,1.37
2015.03.31 19:48:03.101,1.28913,1.28924,1.95,2.62
2015.03.31 19:48:03.615,1.28914,1.28924,1.20,1.95
2015.03.31 19:48:04.125,1.28915,1.28923,1.00,1.00
2015.03.31 19:48:04.586,1.28915,1.28925,1.10,1.87
2015.03.31 19:48:05.111,1.28916,1.28925,1.12,1.12
2015.03.31 19:48:05.524,1.28916,1.28923,1.00,1.00
2015.03.31 19:48:06.063,1.28915,1.28924,2.25,1.20
2015.03.31 19:48:06.576,1.28915,1.28924,2.25,2.40
2015.03.31 19:48:07.382,1.28915,1.28924,2.25,1.65
2015.03.31 19:48:07.601,1.28912,1.28921,1.57,1.87
2015.03.31 19:48:08.124,1.28911,1.28921,1.65,2.77
2015.03.31 19:48:08.629,1.28912,1.28921,2.25,1.20
2015.03.31 19:48:09.134,1.28913,1.28923,1.00,4.87
2015.03.31 19:48:09.235,1.28912,1.28921,1.20,1.37
2015.03.31 19:48:10.009,1.28911,1.28922,1.50,1.57
2015.03.31 19:48:10.418,1.28911,1.28921,1.50,1.37
2015.03.31 19:48:10.923,1.28911,1.28919,1.50,1.37
2015.03.31 19:48:15.006,1.2891,1.28917,1.87,1.00
2015.03.31 19:48:15.107,1.28909,1.28918,1.57,1.37
2015.03.31 19:48:15.209,1.28911,1.28919,1.00,1.87
2015.03.31 19:48:16.670,1.28911,1.2892,1.00,1.57
2015.03.31 19:48:17.181,1.28911,1.28921,2.25,1.20
2015.03.31 19:48:17.721,1.28911,1.28921,3.00,1.00
2015.03.31 19:48:18.632,1.28913,1.28921,1.00,1.00
2015.03.31 19:48:18.683,1.28913,1.28923,1.00,1.23
2015.03.31 19:48:19.188,1.28914,1.28923,1.00,1.20
2015.03.31 19:48:19.790,1.28913,1.28923,1.10,1.00
2015.03.31 19:48:20.692,1.28913,1.28924,1.10,1.10
2015.03.31 19:48:20.794,1.28912,1.28921,1.20,1.00
2015.03.31 19:48:21.097,1.28911,1.2892,1.39,1.00
2015.03.31 19:48:21.642,1.28911,1.28921,3.94,1.00
2015.03.31 19:48:22.110,1.28913,1.28923,1.50,1.57
2015.03.31 19:48:22.627,1.28912,1.28921,1.20,1.00
2015.03.31 19:48:24.227,1.28911,1.2892,2.25,1.00
2015.03.31 19:48:24.774,1.2891,1.2892,4.12,2.25
2015.03.31 19:48:25.302,1.28911,1.2892,2.32,1.00
2015.03.31 19:48:25.504,1.28912,1.28922,1.10,1.00
2015.03.31 19:48:26.260,1.28912,1.28922,1.50,1.12
2015.03.31 19:48:26.773,1.28911,1.28921,1.57,1.10
2015.03.31 19:48:27.362,1.28912,1.28922,1.00,1.20
2015.03.31 19:48:28.139,1.28911,1.28922,1.10,1.95
2015.03.31 19:48:28.392,1.2891,1.28917,1.95,1.00
2015.03.31 19:48:28.745,1.28908,1.28915,1.47,1.00
2015.03.31 19:48:29.245,1.28905,1.28915,2.06,3.40
2015.03.31 19:48:29.908,1.28905,1.28915,1.87,2.27
2015.03.31 19:48:30.453,1.28905,1.28915,1.87,3.00
2015.03.31 19:48:32.128,1.28906,1.28916,1.57,1.00
2015.03.31 19:48:36.056,1.28907,1.28917,1.10,1.57
2015.03.31 19:48:36.595,1.28907,1.28917,1.57,1.50
2015.03.31 19:48:39.261,1.28909,1.2892,1.00,1.87
2015.03.31 19:48:43.366,1.2891,1.2892,1.00,1.87
2015.03.31 19:48:45.846,1.28911,1.2892,1.00,1.57
2015.03.31 19:48:45.947,1.28911,1.2892,1.00,1.10
2015.03.31 19:48:46.148,1.28913,1.28921,1.00,1.07
2015.03.31 19:48:46.655,1.28913,1.28923,3.00,3.00
2015.03.31 19:48:47.227,1.28913,1.28922,3.00,1.20
2015.03.31 19:48:53.982,1.28914,1.28923,1.00,1.45
2015.03.31 19:48:54.500,1.28914,1.28925,1.00,3.07
2015.03.31 19:48:58.110,1.28915,1.28925,1.00,2.32
2015.03.31 19:49:00.207,1.28916,1.28925,1.00,1.57
2015.03.31 19:49:00.814,1.28918,1.28925,1.00,1.57
2015.03.31 19:49:00.865,1.28918,1.28925,1.00,1.12
2015.03.31 19:49:00.916,1.28916,1.28925,3.19,1.12
2015.03.31 19:49:01.220,1.28918,1.28926,1.00,1.37
2015.03.31 19:49:04.459,1.28918,1.28926,2.25,1.12
2015.03.31 19:49:04.972,1.28919,1.28929,1.00,2.02
2015.03.31 19:49:05.482,1.28918,1.28929,1.84,1.57
2015.03.31 19:49:06.196,1.28919,1.28929,1.00,1.57
2015.03.31 19:49:06.711,1.2892,1.2893,3.00,2.65
2015.03.31 19:49:07.096,1.28921,1.2893,1.00,1.12
2015.03.31 19:49:07.348,1.28918,1.28928,5.23,1.37
2015.03.31 19:49:08.315,1.28919,1.28929,1.20,1.37
2015.03.31 19:49:09.175,1.28919,1.28929,1.39,1.37
2015.03.31 19:49:09.428,1.2892,1.28927,1.69,1.50
2015.03.31 19:49:09.680,1.28917,1.28925,1.12,2.62
2015.03.31 19:49:09.781,1.28915,1.28924,1.12,1.12
2015.03.31 19:49:09.883,1.28914,1.28925,1.65,3.37
2015.03.31 19:49:10.635,1.28914,1.28924,1.65,1.87
2015.03.31 19:49:14.913,1.28914,1.28922,1.50,1.00
2015.03.31 19:49:15.319,1.28918,1.28923,1.00,1.10
2015.03.31 19:49:15.521,1.28919,1.28927,1.00,1.00
2015.03.31 19:49:15.825,1.28917,1.28924,1.00,1.00
2015.03.31 19:49:16.352,1.28915,1.28924,1.84,1.00
2015.03.31 19:49:16.873,1.28915,1.28925,1.65,1.87
2015.03.31 19:49:17.588,1.28916,1.28925,1.00,1.12
2015.03.31 19:49:18.092,1.28915,1.28925,1.65,1.87
2015.03.31 19:49:18.780,1.28916,1.28925,1.00,1.12
2015.03.31 19:49:19.285,1.28917,1.28926,1.00,1.65
2015.03.31 19:49:19.471,1.28915,1.28926,3.15,1.65
2015.03.31 19:49:19.996,1.28916,1.28925,1.00,1.12
2015.03.31 19:49:20.507,1.28917,1.28926,1.00,1.65
2015.03.31 19:49:21.012,1.28917,1.28926,1.00,1.27
2015.03.31 19:49:21.596,1.28917,1.28925,1.00,1.87
2015.03.31 19:49:24.093,1.28917,1.28925,1.00,1.37
2015.03.31 19:49:24.668,1.28917,1.28925,1.00,1.87
2015.03.31 19:49:24.870,1.28917,1.28925,1.00,1.87
2015.03.31 19:49:24.979,1.28917,1.28924,1.00,1.37
2015.03.31 19:49:25.182,1.28915,1.28925,1.65,1.40
2015.03.31 19:49:25.688,1.28914,1.28925,3.00,1.57
2015.03.31 19:49:26.255,1.28916,1.28925,1.00,2.02
2015.03.31 19:49:27.290,1.28914,1.28925,3.00,2.02
2015.03.31 19:49:27.839,1.28915,1.28925,1.20,2.02
2015.03.31 19:49:29.406,1.28914,1.28924,3.00,1.37
2015.03.31 19:49:31.315,1.28916,1.28925,1.00,2.02
2015.03.31 19:49:32.583,1.28916,1.28924,1.00,1.12
2015.03.31 19:49:35.308,1.28916,1.28924,1.00,1.37
2015.03.31 19:49:36.310,1.28915,1.28924,1.20,1.37
2015.03.31 19:49:37.317,1.28914,1.28924,3.00,2.65
2015.03.31 19:49:37.872,1.28914,1.28924,2.25,1.12
2015.03.31 19:49:39.081,1.28916,1.28924,1.00,1.00
2015.03.31 19:49:39.599,1.28914,1.28924,2.25,1.00
2015.03.31 19:49:40.301,1.28915,1.28925,1.20,1.65
2015.03.31 19:49:41.759,1.28915,1.28924,1.20,1.00
2015.03.31 19:49:42.355,1.28915,1.28925,1.20,3.90
2015.03.31 19:49:43.011,1.28914,1.28925,1.50,3.15
2015.03.31 19:49:47.948,1.28916,1.28924,1.00,1.12
2015.03.31 19:49:48.471,1.28915,1.28924,1.20,1.00
2015.03.31 19:49:50.295,1.28915,1.28921,1.65,1.00
2015.03.31 19:49:52.223,1.28912,1.28921,2.25,3.02
2015.03.31 19:49:53.999,1.28912,1.28919,1.75,1.37
2015.03.31 19:49:54.202,1.28911,1.28918,1.20,1.52
2015.03.31 19:49:54.706,1.28911,1.28917,1.10,2.25
2015.03.31 19:49:58.001,1.28909,1.28919,2.62,1.87
2015.03.31 19:49:58.412,1.2891,1.28921,1.20,1.10
2015.03.31 19:49:58.944,1.2891,1.28921,1.87,1.10
2015.03.31 19:50:02.356,1.2891,1.2892,2.62,1.00
2015.03.31 19:50:02.903,1.2891,1.28921,1.87,1.20
2015.03.31 19:50:03.395,1.2891,1.28918,1.87,1.00
2015.03.31 19:50:03.900,1.28909,1.28917,1.12,1.00
2015.03.31 19:50:04.001,1.28908,1.28917,1.12,2.62
2015.03.31 19:50:04.102,1.28906,1.28917,1.01,3.10
2015.03.31 19:50:06.564,1.28905,1.28913,4.50,1.00
2015.03.31 19:50:08.452,1.28907,1.28914,1.20,1.00
2015.03.31 19:50:10.701,1.28905,1.28912,2.25,1.00
2015.03.31 19:50:11.256,1.28905,1.28913,1.07,1.00
2015.03.31 19:50:11.775,1.28907,1.28914,1.00,1.00
2015.03.31 19:50:12.289,1.28907,1.28915,1.00,1.20
2015.03.31 19:50:17.672,1.28908,1.28915,1.00,1.57
2015.03.31 19:50:17.975,1.28906,1.28915,2.70,1.57
2015.03.31 19:50:18.499,1.28907,1.28914,1.12,1.00
2015.03.31 19:50:19.545,1.28907,1.28913,1.12,1.00
2015.03.31 19:50:19.747,1.28907,1.28916,1.12,1.20
2015.03.31 19:50:19.848,1.28907,1.28911,1.12,1.00
2015.03.31 19:50:19.964,1.28907,1.28914,1.12,1.00
2015.03.31 19:50:22.375,1.28907,1.28915,1.12,1.95
2015.03.31 19:50:23.875,1.28906,1.28915,2.70,1.57
2015.03.31 19:50:28.517,1.28907,1.28915,1.00,1.57
2015.03.31 19:50:28.668,1.28908,1.28917,1.10,1.20
2015.03.31 19:50:32.743,1.28909,1.28917,1.00,1.10
2015.03.31 19:50:37.675,1.28908,1.28917,1.20,1.10
2015.03.31 19:50:40.133,1.28909,1.28917,1.00,1.10
2015.03.31 19:50:42.176,1.28908,1.28917,1.20,1.57
2015.03.31 19:50:42.980,1.28906,1.28915,2.25,1.12
2015.03.31 19:50:43.082,1.28906,1.28915,1.00,2.70
2015.03.31 19:50:43.597,1.28905,1.28915,1.10,2.70
2015.03.31 19:50:44.357,1.28908,1.28915,1.00,1.20
2015.03.31 19:50:44.897,1.28907,1.28916,1.50,1.50
2015.03.31 19:50:48.872,1.28909,1.28916,1.00,1.12
2015.03.31 19:50:49.384,1.28908,1.28916,1.00,1.87
2015.03.31 19:50:50.214,1.28907,1.28915,3.00,1.20
2015.03.31 19:50:50.806,1.28908,1.28915,1.00,1.20
2015.03.31 19:50:53.718,1.28907,1.28915,3.00,1.20
2015.03.31 19:50:54.049,1.2891,1.28916,1.37,1.12
2015.03.31 19:50:54.301,1.2891,1.28918,1.87,1.20
2015.03.31 19:50:55.135,1.2891,1.28918,1.37,1.57
2015.03.31 19:50:56.984,1.2891,1.28918,1.75,1.57
2015.03.31 19:50:57.735,1.2891,1.28919,1.75,2.62
2015.03.31 19:51:03.713,1.28911,1.2892,1.50,4.57
2015.03.31 19:51:05.472,1.28914,1.2892,1.50,1.07
2015.03.31 19:51:05.624,1.28915,1.28922,1.00,1.57
2015.03.31 19:51:05.727,1.28918,1.28925,1.00,3.02
2015.03.31 19:51:05.828,1.28919,1.28927,1.57,2.25
2015.03.31 19:51:05.929,1.28919,1.28927,1.27,1.50
2015.03.31 19:51:06.081,1.28922,1.28928,1.50,1.20
2015.03.31 19:51:06.245,1.28922,1.2893,1.57,1.90
2015.03.31 19:51:06.794,1.28922,1.28929,1.57,1.00
2015.03.31 19:51:07.299,1.28922,1.2893,1.10,1.03
2015.03.31 19:51:07.861,1.28923,1.2893,1.00,1.00
2015.03.31 19:51:08.390,1.28923,1.28931,1.00,1.22
2015.03.31 19:51:08.963,1.28923,1.28931,1.12,1.22
2015.03.31 19:51:10.375,1.28923,1.28931,1.12,1.22
2015.03.31 19:51:10.876,1.28923,1.28931,1.12,1.22
2015.03.31 19:51:11.385,1.28922,1.28931,1.47,2.70
2015.03.31 19:51:17.928,1.28921,1.28931,2.32,3.85
2015.03.31 19:51:18.477,1.28921,1.2893,1.45,1.15
2015.03.31 19:51:21.051,1.28921,1.28929,1.57,1.00
2015.03.31 19:51:21.253,1.2892,1.28929,1.87,1.50
2015.03.31 19:51:22.786,1.2892,1.28927,1.50,1.00
2015.03.31 19:51:22.837,1.28922,1.28927,1.00,1.00
2015.03.31 19:51:22.938,1.2892,1.28927,2.25,1.00
2015.03.31 19:51:25.864,1.2892,1.28926,1.00,1.00
2015.03.31 19:51:32.883,1.2892,1.28928,1.00,1.57
2015.03.31 19:51:33.990,1.28918,1.28928,2.70,1.10
2015.03.31 19:51:39.021,1.28918,1.28927,1.10,1.00
2015.03.31 19:51:39.616,1.28917,1.28926,1.20,1.00
2015.03.31 19:51:44.594,1.28919,1.28926,1.00,1.00
2015.03.31 19:51:45.210,1.2892,1.28926,1.00,1.00
2015.03.31 19:51:45.547,1.2892,1.28929,1.00,1.07
2015.03.31 19:51:46.336,1.28918,1.28929,3.82,1.07
2015.03.31 19:51:48.994,1.28916,1.28926,4.50,1.00
2015.03.31 19:51:49.298,1.28915,1.28925,1.76,1.00
2015.03.31 19:51:50.104,1.28916,1.28926,1.95,1.10
2015.03.31 19:51:52.668,1.28914,1.28926,3.00,2.32
2015.03.31 19:51:53.022,1.28919,1.28928,1.50,1.39
2015.03.31 19:51:59.482,1.28919,1.28928,2.25,1.00
2015.03.31 19:52:00.717,1.28919,1.28927,2.62,1.00
2015.03.31 19:52:01.244,1.28919,1.28929,2.62,2.25
2015.03.31 19:52:01.763,1.2892,1.28929,1.00,1.20
2015.03.31 19:52:06.504,1.2892,1.28929,1.37,1.20
2015.03.31 19:52:07.324,1.2892,1.2893,1.87,2.62
2015.03.31 19:52:11.078,1.28919,1.28927,3.45,1.00
2015.03.31 19:52:12.753,1.28919,1.28925,1.37,1.00
2015.03.31 19:52:13.272,1.28919,1.28925,1.00,1.00
2015.03.31 19:52:15.025,1.28919,1.28922,1.00,1.00
2015.03.31 19:52:15.076,1.28917,1.28922,1.10,1.00
2015.03.31 19:52:15.922,1.28915,1.28922,1.39,1.00
2015.03.31 19:52:16.023,1.28915,1.28926,1.76,1.57
2015.03.31 19:52:18.865,1.28914,1.28923,3.00,1.50
2015.03.31 19:52:19.169,1.28913,1.2892,1.87,1.00
2015.03.31 19:52:19.220,1.28913,1.28922,2.25,1.00
2015.03.31 19:52:27.019,1.28914,1.28922,1.12,1.00
2015.03.31 19:52:27.538,1.28914,1.28923,1.87,1.50
2015.03.31 19:52:29.517,1.28914,1.28922,1.12,1.00
2015.03.31 19:52:30.926,1.28914,1.28922,1.12,1.00
2015.03.31 19:52:31.467,1.28914,1.28921,1.45,1.00
2015.03.31 19:52:31.747,1.28914,1.28922,1.12,1.50
2015.03.31 19:52:32.283,1.28914,1.28923,1.50,1.00
2015.03.31 19:52:32.804,1.28914,1.28924,3.00,1.00
2015.03.31 19:52:43.355,1.28917,1.28924,1.00,1.00
2015.03.31 19:52:46.254,1.28917,1.28927,1.12,1.97
2015.03.31 19:52:46.456,1.28917,1.28927,1.87,1.95
2015.03.31 19:52:46.962,1.28918,1.28927,1.37,1.00
2015.03.31 19:52:49.756,1.28919,1.28927,1.87,1.00
2015.03.31 19:52:50.060,1.28926,1.28933,1.00,1.41
2015.03.31 19:52:50.262,1.28927,1.28934,1.50,1.00
2015.03.31 19:52:52.003,1.28927,1.28936,1.57,1.10
2015.03.31 19:52:52.806,1.28927,1.28935,1.57,1.00
2015.03.31 19:52:53.663,1.28929,1.28934,1.50,1.00
2015.03.31 19:52:57.584,1.28929,1.28936,1.50,1.10
2015.03.31 19:53:01.251,1.28929,1.28938,2.25,1.57
2015.03.31 19:53:01.569,1.28929,1.28936,1.50,1.00
2015.03.31 19:53:02.784,1.28927,1.28936,3.45,1.00
2015.03.31 19:53:04.959,1.28927,1.28933,1.10,1.00
2015.03.31 19:53:05.010,1.28924,1.28933,3.26,1.00
2015.03.31 19:53:05.424,1.28926,1.28932,1.37,1.00
2015.03.31 19:53:05.878,1.28927,1.28935,1.87,1.10
2015.03.31 19:53:06.536,1.28927,1.28934,1.12,1.00
2015.03.31 19:53:07.403,1.28927,1.28935,1.00,1.00
2015.03.31 19:53:07.918,1.28927,1.28934,1.00,1.00
2015.03.31 19:53:09.177,1.28927,1.28933,1.00,1.00
2015.03.31 19:53:09.547,1.28924,1.28933,1.50,1.12
2015.03.31 19:53:10.114,1.28924,1.28932,1.50,1.00
2015.03.31 19:53:10.720,1.28924,1.2893,1.50,1.00
2015.03.31 19:53:10.961,1.28922,1.2893,2.25,1.00
2015.03.31 19:53:13.110,1.28922,1.28929,1.50,1.00
2015.03.31 19:53:14.209,1.28922,1.2893,1.50,1.00
2015.03.31 19:53:18.049,1.28923,1.28931,1.20,1.50
2015.03.31 19:53:23.006,1.28922,1.28932,1.87,4.50
2015.03.31 19:53:24.560,1.28922,1.28931,3.00,1.00
2015.03.31 19:53:25.128,1.28922,1.2893,2.25,1.00
2015.03.31 19:53:28.014,1.28922,1.28931,1.87,1.00
2015.03.31 19:53:28.065,1.28923,1.28932,1.20,1.00
2015.03.31 19:53:28.569,1.28925,1.28933,1.57,1.00
2015.03.31 19:53:30.934,1.28925,1.28933,1.20,1.00
2015.03.31 19:53:31.453,1.28925,1.28932,1.27,1.00
2015.03.31 19:53:34.349,1.28926,1.28932,1.00,1.00
2015.03.31 19:53:35.473,1.28924,1.28931,2.62,1.00
2015.03.31 19:53:41.260,1.28924,1.28928,1.87,1.00
2015.03.31 19:53:41.615,1.28925,1.2893,1.27,1.00
2015.03.31 19:53:42.139,1.28925,1.2893,1.45,1.00
2015.03.31 19:53:42.911,1.28924,1.28929,4.87,1.00
2015.03.31 19:53:43.421,1.28925,1.28929,1.20,1.00
2015.03.31 19:53:43.522,1.28925,1.28931,1.20,1.00
2015.03.31 19:53:44.265,1.28925,1.2893,2.02,1.00
2015.03.31 19:53:45.287,1.28925,1.28935,2.77,1.86
2015.03.31 19:53:46.312,1.28926,1.28935,1.00,1.23
2015.03.31 19:53:47.270,1.28925,1.28936,3.90,4.90
2015.03.31 19:53:47.791,1.28927,1.28936,1.10,4.12
2015.03.31 19:53:48.104,1.28929,1.28935,1.00,1.00
2015.03.31 19:53:48.780,1.2893,1.28935,1.00,1.00
2015.03.31 19:53:48.881,1.2893,1.28938,1.00,1.20
2015.03.31 19:53:49.234,1.2893,1.28935,1.00,1.00
2015.03.31 19:53:49.994,1.28929,1.28935,1.50,1.00
2015.03.31 19:53:50.095,1.28929,1.28937,1.00,1.00
2015.03.31 19:53:51.208,1.28929,1.28936,1.00,1.00
2015.03.31 19:53:52.437,1.28929,1.28936,1.87,1.00
2015.03.31 19:53:52.952,1.2893,1.28937,1.12,1.00
2015.03.31 19:53:53.456,1.28931,1.28938,1.00,1.10
2015.03.31 19:53:55.401,1.28929,1.28938,1.87,1.10
2015.03.31 19:53:56.060,1.28929,1.28936,1.50,1.00
2015.03.31 19:53:56.565,1.28928,1.28936,2.32,1.00
2015.03.31 19:53:58.411,1.28929,1.28936,1.12,1.00
2015.03.31 19:53:58.954,1.28928,1.28936,1.57,1.00
2015.03.31 19:53:59.483,1.28928,1.28936,3.07,1.00
2015.03.31 19:54:01.871,1.28928,1.28939,3.07,2.70
2015.03.31 19:54:02.124,1.28928,1.28939,2.32,3.45
2015.03.31 19:54:02.643,1.2893,1.28939,1.00,1.95
2015.03.31 19:54:03.149,1.2893,1.28939,1.65,1.65
2015.03.31 19:54:06.309,1.28929,1.28939,2.25,2.40
2015.03.31 19:54:06.908,1.28929,1.28939,1.87,1.65
2015.03.31 19:54:07.422,1.28931,1.2894,1.00,3.00
2015.03.31 19:54:07.939,1.2893,1.2894,3.90,2.25
2015.03.31 19:54:08.816,1.2893,1.28939,1.95,1.00
2015.03.31 19:54:11.220,1.2893,1.28938,1.57,1.00
2015.03.31 19:54:12.229,1.2893,1.28938,1.20,1.00
2015.03.31 19:54:15.745,1.28931,1.28938,1.00,1.00
2015.03.31 19:54:16.373,1.28931,1.28939,1.00,1.10
2015.03.31 19:54:18.090,1.28931,1.28939,1.37,1.10
2015.03.31 19:54:18.292,1.2893,1.28939,1.57,1.00
2015.03.31 19:54:27.976,1.2893,1.28939,2.32,1.00
2015.03.31 19:54:28.329,1.28931,1.28939,1.20,1.00
2015.03.31 19:54:28.729,1.28931,1.28939,1.57,1.00
2015.03.31 19:54:29.034,1.28931,1.2894,1.20,2.25
2015.03.31 19:54:30.040,1.2893,1.28936,1.57,1.00
2015.03.31 19:54:30.370,1.28931,1.2894,1.10,2.25
2015.03.31 19:54:30.820,1.28931,1.28935,1.10,1.00
2015.03.31 19:54:31.029,1.28931,1.2894,1.10,2.62
2015.03.31 19:54:32.252,1.28931,1.2894,1.47,1.12
2015.03.31 19:54:32.605,1.28931,1.28939,1.10,1.00
2015.03.31 19:54:33.160,1.28931,1.28939,1.47,1.00
2015.03.31 19:54:33.362,1.28931,1.28939,1.57,1.00
2015.03.31 19:54:34.019,1.28931,1.28939,1.20,1.00
2015.03.31 19:54:34.442,1.2893,1.28936,1.50,1.00
2015.03.31 19:54:34.745,1.2893,1.28939,1.50,1.87
2015.03.31 19:54:35.641,1.2893,1.28937,1.50,1.00
2015.03.31 19:54:35.843,1.2893,1.28939,1.50,1.12
2015.03.31 19:54:37.577,1.28931,1.28939,1.57,1.00
2015.03.31 19:54:37.781,1.28931,1.28939,1.27,1.00
2015.03.31 19:54:38.043,1.28931,1.28941,1.65,1.20
2015.03.31 19:54:38.330,1.28932,1.28941,1.37,1.20
2015.03.31 19:54:38.784,1.28931,1.2894,1.65,1.00
2015.03.31 19:54:39.759,1.28931,1.2894,1.57,1.00
2015.03.31 19:54:40.493,1.28931,1.2894,1.65,1.00
2015.03.31 19:54:40.748,1.28931,1.2894,2.02,1.00
2015.03.31 19:54:41.125,1.28931,1.2894,2.02,1.00
2015.03.31 19:54:41.644,1.28931,1.28941,2.40,1.20
2015.03.31 19:54:42.262,1.28931,1.28941,3.15,1.20
2015.03.31 19:54:43.591,1.28934,1.28942,1.87,1.10
2015.03.31 19:54:44.314,1.28935,1.2894,2.62,1.00
2015.03.31 19:54:45.205,1.28935,1.28938,1.87,1.00
2015.03.31 19:54:45.407,1.28935,1.2894,1.00,1.00
2015.03.31 19:54:45.508,1.28933,1.2894,1.20,1.00
2015.03.31 19:54:45.609,1.28935,1.2894,1.00,1.00
2015.03.31 19:54:50.129,1.28935,1.28938,1.50,1.00
2015.03.31 19:54:50.382,1.28935,1.28941,1.87,1.00
2015.03.31 19:54:50.891,1.28935,1.28941,1.00,1.10
2015.03.31 19:54:52.265,1.28935,1.2894,1.12,1.00
2015.03.31 19:54:53.409,1.28934,1.2894,1.00,1.00
2015.03.31 19:54:54.516,1.28934,1.2894,1.37,1.00
2015.03.31 19:54:54.791,1.28932,1.2894,4.27,1.00
2015.03.31 19:54:55.128,1.28932,1.2894,4.50,1.00
2015.03.31 19:54:55.582,1.28932,1.2894,3.37,1.00
2015.03.31 19:54:56.711,1.28932,1.2894,3.00,1.00
2015.03.31 19:54:57.215,1.28934,1.28941,1.50,1.00
2015.03.31 19:54:57.762,1.28935,1.2894,1.00,1.00
2015.03.31 19:54:58.270,1.28934,1.2894,1.50,1.00
2015.03.31 19:54:59.100,1.28934,1.2894,2.62,1.00
2015.03.31 19:54:59.403,1.28934,1.28938,1.00,1.00
2015.03.31 19:55:00.156,1.28934,1.2894,1.50,1.00
2015.03.31 19:55:00.207,1.28934,1.2894,1.87,1.00
2015.03.31 19:55:00.620,1.28934,1.28941,1.50,1.00
2015.03.31 19:55:03.268,1.28932,1.28941,1.57,1.00
2015.03.31 19:55:05.171,1.28932,1.28941,1.57,1.00
2015.03.31 19:55:05.510,1.28934,1.28941,1.50,1.00
2015.03.31 19:55:06.026,1.28933,1.28941,1.37,1.00
2015.03.31 19:55:06.329,1.28933,1.28941,1.12,1.00
2015.03.31 19:55:07.352,1.28933,1.28941,1.37,1.00
2015.03.31 19:55:07.910,1.28933,1.28942,1.37,1.00
2015.03.31 19:55:08.368,1.28935,1.28941,1.37,1.00
2015.03.31 19:55:08.886,1.28934,1.2894,1.57,1.00
2015.03.31 19:55:10.614,1.28934,1.28942,1.57,1.00
2015.03.31 19:55:17.481,1.28934,1.28942,2.77,1.00
2015.03.31 19:55:17.532,1.28934,1.28944,2.77,1.27
2015.03.31 19:55:17.992,1.28935,1.2894,1.57,1.00
2015.03.31 19:55:18.630,1.28935,1.28942,2.02,1.00
2015.03.31 19:55:19.121,1.28935,1.28942,2.02,1.00
2015.03.31 19:55:19.668,1.28938,1.28942,1.50,1.00
2015.03.31 19:55:20.000,1.2894,1.28942,1.00,1.00
2015.03.31 19:55:21.712,1.2894,1.28943,1.00,1.00
2015.03.31 19:55:22.020,1.28937,1.28946,1.00,2.32
2015.03.31 19:55:22.273,1.28937,1.28946,2.62,2.77
2015.03.31 19:55:22.922,1.28937,1.28947,2.62,6.75
2015.03.31 19:55:23.225,1.28943,1.28947,1.50,1.12
2015.03.31 19:55:24.912,1.28943,1.28949,1.57,1.50
2015.03.31 19:55:25.063,1.28943,1.28953,3.45,1.47
2015.03.31 19:55:25.714,1.28943,1.28954,3.07,1.45
2015.03.31 19:55:26.299,1.28943,1.28955,4.12,5.62
2015.03.31 19:55:27.802,1.28944,1.28955,1.65,4.50
2015.03.31 19:55:28.350,1.28944,1.28955,1.65,4.50
2015.03.31 19:55:29.430,1.28944,1.28955,1.65,4.50
2015.03.31 19:55:30.069,1.28945,1.28955,1.00,3.00
2015.03.31 19:55:31.133,1.28946,1.28955,1.00,3.00
2015.03.31 19:55:35.675,1.28946,1.28948,1.00,1.00
2015.03.31 19:55:35.878,1.28946,1.28952,1.00,2.25
2015.03.31 19:55:39.164,1.28946,1.28953,1.00,1.12
2015.03.31 19:55:42.747,1.28946,1.28952,1.20,1.00
2015.03.31 19:55:47.140,1.28946,1.28953,1.00,1.12
2015.03.31 19:55:52.080,1.28946,1.28953,2.62,1.12
2015.03.31 19:55:52.790,1.28946,1.28953,1.00,1.12
2015.03.31 19:55:53.160,1.28946,1.28951,1.00,1.00
2015.03.31 19:55:54.041,1.28946,1.28952,1.00,1.00
2015.03.31 19:55:55.473,1.28946,1.28952,1.00,1.69
2015.03.31 19:55:55.978,1.28946,1.28951,1.00,1.07
2015.03.31 19:55:56.079,1.28946,1.28952,1.00,1.50
2015.03.31 19:55:56.281,1.28946,1.28947,1.00,1.00
2015.03.31 19:55:56.483,1.28946,1.2895,1.00,2.25
2015.03.31 19:55:57.810,1.28946,1.28952,1.00,1.50
2015.03.31 19:55:58.336,1.28946,1.28954,1.00,1.84
2015.03.31 19:55:59.718,1.28946,1.28952,1.10,1.00
2015.03.31 19:56:01.082,1.28946,1.28953,1.10,1.00
2015.03.31 19:56:02.190,1.28946,1.28954,1.10,1.50
2015.03.31 19:56:02.709,1.28947,1.28955,1.20,2.25
2015.03.31 19:56:03.241,1.28947,1.28955,1.45,1.00
2015.03.31 19:56:03.342,1.28948,1.28955,1.75,1.00
2015.03.31 19:56:04.107,1.28952,1.28955,1.00,1.00
2015.03.31 19:56:04.415,1.28952,1.28955,1.12,1.00
2015.03.31 19:56:04.930,1.28951,1.28955,1.12,1.00
2015.03.31 19:56:05.520,1.2895,1.28955,1.87,1.00
2015.03.31 19:56:05.879,1.28949,1.28955,2.62,1.00
2015.03.31 19:56:10.373,1.28951,1.28955,1.07,1.00
2015.03.31 19:56:10.474,1.28948,1.28954,1.50,1.00
2015.03.31 19:56:10.575,1.28946,1.28953,1.37,1.00
2015.03.31 19:56:11.080,1.28946,1.28952,1.00,1.00
2015.03.31 19:56:11.746,1.28946,1.28951,1.00,1.00
2015.03.31 19:56:15.200,1.28946,1.2895,1.00,1.00
2015.03.31 19:56:15.710,1.28946,1.28949,1.00,1.00
2015.03.31 19:56:18.460,1.28946,1.28951,1.00,1.87
2015.03.31 19:56:19.449,1.28946,1.2895,1.00,1.00
2015.03.31 19:56:21.099,1.28946,1.28948,1.00,1.00
2015.03.31 19:56:21.649,1.28946,1.28949,1.00,1.00
2015.03.31 19:56:23.889,1.28945,1.28947,1.00,1.00
2015.03.31 19:56:26.110,1.28941,1.28947,3.00,1.37
2015.03.31 19:56:27.240,1.28941,1.28946,3.00,1.62
2015.03.31 19:56:27.545,1.28932,1.28937,9.25,1.00
2015.03.31 19:56:27.646,1.2893,1.28934,11.64,1.12
2015.03.31 19:56:28.188,1.2893,1.28936,11.39,1.87
2015.03.31 19:56:28.342,1.2893,1.28935,10.64,1.12
2015.03.31 19:56:30.417,1.28935,1.28939,9.00,1.07
2015.03.31 19:56:30.469,1.28935,1.28939,9.00,1.07
2015.03.31 19:56:30.671,1.2894,1.28942,1.00,1.00
2015.03.31 19:56:30.968,1.28941,1.28942,1.50,1.00
2015.03.31 19:56:31.225,1.28939,1.28943,3.25,1.61
2015.03.31 19:56:31.326,1.2894,1.28943,1.00,1.23
2015.03.31 19:56:31.427,1.28941,1.28943,1.00,1.20
2015.03.31 19:56:31.478,1.28941,1.28947,1.00,1.50
2015.03.31 19:56:31.529,1.28941,1.28947,1.00,1.50
2015.03.31 19:56:31.631,1.28941,1.28948,1.00,2.25
2015.03.31 19:56:31.821,1.28941,1.28946,1.00,1.37
2015.03.31 19:56:32.033,1.28941,1.28943,1.00,1.00
2015.03.31 19:56:33.116,1.28943,1.2895,1.00,1.07
2015.03.31 19:56:33.369,1.28941,1.28945,2.25,1.00
2015.03.31 19:56:40.749,1.28941,1.28947,1.00,1.57
2015.03.31 19:56:41.267,1.28941,1.28948,1.00,2.54
2015.03.31 19:56:43.271,1.28941,1.28946,1.00,1.12
2015.03.31 19:56:43.373,1.28941,1.28947,1.00,1.50
2015.03.31 19:56:46.953,1.28943,1.28947,1.00,2.25
2015.03.31 19:56:48.613,1.28943,1.28945,1.00,1.00
2015.03.31 19:56:48.918,1.28941,1.28943,1.00,1.00
2015.03.31 19:56:49.451,1.28943,1.28944,1.00,1.10
2015.03.31 19:56:51.411,1.28941,1.28944,1.00,1.95
2015.03.31 19:56:51.714,1.28934,1.28938,4.75,1.87
2015.03.31 19:56:51.951,1.28932,1.28936,7.00,1.10
2015.03.31 19:56:56.811,1.28931,1.28936,7.57,1.10
2015.03.31 19:56:56.912,1.2893,1.28936,5.07,1.57
2015.03.31 19:56:56.964,1.28929,1.28932,1.32,1.12
2015.03.31 19:56:57.266,1.28922,1.2893,1.20,1.00
2015.03.31 19:56:57.969,1.28922,1.28931,1.20,1.20
2015.03.31 19:56:59.871,1.28927,1.28934,1.32,1.57
2015.03.31 19:56:59.972,1.28924,1.28929,1.69,1.00
2015.03.31 19:57:00.378,1.28928,1.28932,1.32,1.00
2015.03.31 19:57:00.767,1.28934,1.28936,1.50,1.05
2015.03.31 19:57:00.869,1.28934,1.28941,1.50,2.25
2015.03.31 19:57:00.971,1.28936,1.28941,1.50,1.12
2015.03.31 19:57:01.072,1.28936,1.28943,1.50,1.50
2015.03.31 19:57:01.627,1.28936,1.28941,1.50,1.00
2015.03.31 19:57:02.879,1.28935,1.28941,1.00,1.00
2015.03.31 19:57:02.943,1.28932,1.28941,3.37,1.12
2015.03.31 19:57:03.045,1.28932,1.28937,2.25,1.00
2015.03.31 19:57:03.370,1.28932,1.28941,3.37,1.12
2015.03.31 19:57:03.895,1.28934,1.28942,1.50,1.87
2015.03.31 19:57:04.459,1.28935,1.28942,1.37,1.87
2015.03.31 19:57:04.778,1.28937,1.28942,1.37,1.00
2015.03.31 19:57:05.297,1.28937,1.28944,1.37,1.50
2015.03.31 19:57:05.669,1.28936,1.28944,1.12,1.50
2015.03.31 19:57:06.200,1.28935,1.28942,2.62,1.00
2015.03.31 19:57:06.320,1.28935,1.28941,2.62,1.00
2015.03.31 19:57:06.624,1.28931,1.28934,1.32,1.00
2015.03.31 19:57:07.210,1.28928,1.28933,1.32,1.20
2015.03.31 19:57:08.209,1.28928,1.28933,2.24,1.65
2015.03.31 19:57:08.324,1.28932,1.28937,10.75,1.65
2015.03.31 19:57:08.489,1.2893,1.28935,5.43,1.25
2015.03.31 19:57:08.590,1.28938,1.2894,3.71,1.50
2015.03.31 19:57:08.860,1.28928,1.28933,10.00,1.65
2015.03.31 19:57:08.911,1.28934,1.28936,6.75,1.03
2015.03.31 19:57:08.975,1.28934,1.28936,7.50,1.03
2015.03.31 19:57:09.079,1.28934,1.28938,8.50,2.25
2015.03.31 19:57:09.612,1.28931,1.28936,8.25,1.03
2015.03.31 19:57:09.672,1.28931,1.28934,4.75,2.10
2015.03.31 19:57:11.417,1.28931,1.28934,1.00,1.10
2015.03.31 19:57:12.031,1.2893,1.28933,5.25,1.00
2015.03.31 19:57:12.144,1.28933,1.28941,7.50,3.00
2015.03.31 19:57:12.246,1.28934,1.2894,6.00,3.02
2015.03.31 19:57:12.398,1.28933,1.28936,9.75,1.57
2015.03.31 19:57:12.449,1.28933,1.2894,7.50,3.37
2015.03.31 19:57:12.512,1.28933,1.2894,7.50,3.37
2015.03.31 19:57:13.022,1.28934,1.28941,7.50,5.62
2015.03.31 19:57:13.243,1.28933,1.28936,3.75,1.57
2015.03.31 19:57:13.971,1.28932,1.28936,3.75,1.57
2015.03.31 19:57:14.238,1.28928,1.28936,1.37,1.57
2015.03.31 19:57:14.687,1.28933,1.28936,3.75,1.57
2015.03.31 19:57:15.211,1.28934,1.28937,1.00,1.10
2015.03.31 19:57:16.567,1.2893,1.28937,4.87,1.10
2015.03.31 19:57:16.754,1.28934,1.28937,1.00,1.10
2015.03.31 19:57:17.273,1.28934,1.28937,1.00,1.10
2015.03.31 19:57:17.323,1.2893,1.28939,13.12,1.87
2015.03.31 19:57:17.912,1.2893,1.28936,1.12,1.00
2015.03.31 19:57:18.417,1.2893,1.28939,1.12,1.87
2015.03.31 19:57:18.735,1.28935,1.28939,3.00,1.87
2015.03.31 19:57:18.832,1.2893,1.28939,1.12,1.87
2015.03.31 19:57:21.134,1.28931,1.28939,1.00,1.87
2015.03.31 19:57:21.639,1.28927,1.28937,6.07,1.57
2015.03.31 19:57:22.297,1.28928,1.28938,1.57,1.20
2015.03.31 19:57:23.146,1.28927,1.28936,1.07,1.00
2015.03.31 19:57:24.164,1.28927,1.28937,1.07,1.57
2015.03.31 19:57:25.847,1.28928,1.28937,1.12,3.56
2015.03.31 19:57:26.176,1.28926,1.28937,1.20,3.21
2015.03.31 19:57:26.328,1.28925,1.28934,2.62,1.00
2015.03.31 19:57:26.829,1.28925,1.28933,2.02,2.25
2015.03.31 19:57:29.529,1.28925,1.28933,1.65,2.25
2015.03.31 19:57:30.085,1.28923,1.28933,2.02,3.15
2015.03.31 19:57:30.388,1.28929,1.28935,1.00,1.78
2015.03.31 19:57:30.439,1.28929,1.28935,1.12,1.20
2015.03.31 19:57:30.692,1.28931,1.28938,1.00,3.00
2015.03.31 19:57:30.894,1.28928,1.28937,1.37,1.50
2015.03.31 19:57:31.401,1.28929,1.28935,1.00,1.00
2015.03.31 19:57:31.754,1.28927,1.28936,1.00,1.65
2015.03.31 19:57:31.957,1.28926,1.28934,1.20,1.00
2015.03.31 19:57:32.846,1.28926,1.28934,1.57,1.00
2015.03.31 19:57:32.947,1.28926,1.28936,1.27,1.86
2015.03.31 19:57:32.998,1.28928,1.28936,1.00,1.86
2015.03.31 19:57:33.301,1.28927,1.28934,1.50,1.00
2015.03.31 19:57:33.805,1.28927,1.28935,1.00,1.50
2015.03.31 19:57:34.110,1.28931,1.28938,1.00,2.44
2015.03.31 19:57:34.419,1.28929,1.28938,2.02,1.50
2015.03.31 19:57:35.253,1.28928,1.28935,2.02,1.00
2015.03.31 19:57:35.758,1.28927,1.28936,1.87,1.00
2015.03.31 19:57:36.282,1.28927,1.28937,1.87,1.09
2015.03.31 19:57:38.629,1.28929,1.28938,1.00,3.00
2015.03.31 19:57:38.933,1.28933,1.28941,1.57,1.87
2015.03.31 19:57:39.504,1.28933,1.28943,2.62,1.39
2015.03.31 19:57:40.032,1.28934,1.28943,1.12,1.20
2015.03.31 19:57:40.626,1.28934,1.2894,1.00,1.00
2015.03.31 19:57:40.677,1.2893,1.28939,7.10,1.00
2015.03.31 19:57:40.778,1.2893,1.28939,4.87,4.50
2015.03.31 19:57:41.081,1.28927,1.28937,4.65,1.20
2015.03.31 19:57:41.384,1.28927,1.28935,1.87,1.00
2015.03.31 19:57:41.907,1.28926,1.28935,1.27,1.50
2015.03.31 19:57:43.143,1.28925,1.28935,3.75,1.00
2015.03.31 19:57:43.654,1.28926,1.28937,2.02,4.31
2015.03.31 19:57:45.179,1.28927,1.28933,1.37,1.00
2015.03.31 19:57:45.280,1.28927,1.28937,1.00,2.62
2015.03.31 19:57:45.381,1.28927,1.28932,1.00,1.00
2015.03.31 19:57:45.734,1.28925,1.28934,3.00,1.50
2015.03.31 19:57:45.936,1.28927,1.28936,1.00,1.20
2015.03.31 19:57:46.239,1.28925,1.28934,2.62,1.37
2015.03.31 19:57:46.442,1.28925,1.28934,2.62,1.12
2015.03.31 19:57:46.906,1.28926,1.28936,2.02,1.84
2015.03.31 19:57:47.468,1.28927,1.28936,1.00,1.20
2015.03.31 19:57:47.678,1.2893,1.28936,1.00,1.20
2015.03.31 19:57:48.183,1.28929,1.28939,1.00,1.46
2015.03.31 19:57:48.439,1.28927,1.28938,3.15,1.00
2015.03.31 19:57:48.541,1.28929,1.28938,1.00,1.00
2015.03.31 19:57:48.844,1.28931,1.2894,1.00,1.50
2015.03.31 19:57:49.147,1.28932,1.28941,3.37,1.12
2015.03.31 19:57:49.652,1.28933,1.28942,2.62,1.87
2015.03.31 19:57:49.955,1.28937,1.28946,1.00,3.75
2015.03.31 19:57:50.409,1.2894,1.28945,1.00,1.45
2015.03.31 19:57:50.511,1.28939,1.28946,1.12,1.20
2015.03.31 19:57:50.662,1.28942,1.28947,1.00,2.25
2015.03.31 19:57:50.864,1.28939,1.28947,1.87,1.50
2015.03.31 19:57:51.390,1.28939,1.28947,1.00,1.20
2015.03.31 19:57:51.895,1.28939,1.28946,1.00,1.00
2015.03.31 19:57:52.415,1.28939,1.28947,1.50,1.20
2015.03.31 19:57:53.082,1.28939,1.28947,3.52,1.00
2015.03.31 19:57:53.586,1.28941,1.28949,1.00,2.65
2015.03.31 19:57:54.094,1.2894,1.28946,1.50,1.00
2015.03.31 19:57:54.622,1.28939,1.28949,1.12,1.12
2015.03.31 19:57:55.212,1.28938,1.28949,1.37,1.87
2015.03.31 19:57:56.516,1.2894,1.28948,1.37,1.20
2015.03.31 19:57:57.021,1.2894,1.28949,2.25,1.87
2015.03.31 19:57:57.619,1.28941,1.28949,1.50,1.12
2015.03.31 19:57:58.028,1.28939,1.28947,1.00,1.10
2015.03.31 19:57:59.037,1.28939,1.28944,1.50,1.00
2015.03.31 19:58:00.218,1.28941,1.28944,1.00,1.00
2015.03.31 19:58:00.420,1.28938,1.28945,2.25,1.00
2015.03.31 19:58:00.769,1.28937,1.28948,1.20,1.57
2015.03.31 19:58:00.921,1.28937,1.28945,1.12,1.00
2015.03.31 19:58:01.587,1.28937,1.28947,2.25,1.50
2015.03.31 19:58:01.890,1.28938,1.28947,1.87,1.10
2015.03.31 19:58:03.243,1.28941,1.28947,1.00,1.10
2015.03.31 19:58:03.647,1.28942,1.28949,1.37,1.20
2015.03.31 19:58:03.900,1.28942,1.28951,1.00,2.25
2015.03.31 19:58:04.304,1.2894,1.28949,1.57,1.13
2015.03.31 19:58:04.557,1.28943,1.28949,1.00,1.57
2015.03.31 19:58:04.614,1.28941,1.28949,1.00,1.57
2015.03.31 19:58:05.122,1.28942,1.28948,1.00,1.10
2015.03.31 19:58:07.564,1.28942,1.28948,1.87,1.10
2015.03.31 19:58:09.646,1.28942,1.28948,2.62,1.10
2015.03.31 19:58:10.188,1.28941,1.28948,1.37,1.10
2015.03.31 19:58:11.368,1.28942,1.28951,3.37,1.87
2015.03.31 19:58:11.856,1.28944,1.28952,1.00,2.65
2015.03.31 19:58:12.260,1.28942,1.28952,1.12,8.25
2015.03.31 19:58:12.462,1.28942,1.28947,1.00,1.00
2015.03.31 19:58:12.995,1.28942,1.28948,1.00,1.12
2015.03.31 19:58:13.463,1.28942,1.28949,1.00,2.25
2015.03.31 19:58:13.565,1.28946,1.28951,1.00,1.15
2015.03.31 19:58:13.666,1.28946,1.28954,1.59,1.12
2015.03.31 19:58:14.221,1.2895,1.28958,1.00,1.47
2015.03.31 19:58:14.722,1.2895,1.28958,1.37,1.10
2015.03.31 19:58:15.196,1.2895,1.28958,1.87,1.10
2015.03.31 19:58:15.312,1.2895,1.28958,2.25,1.47
2015.03.31 19:58:15.413,1.2895,1.28958,1.37,1.47
2015.03.31 19:58:15.514,1.28951,1.28958,1.50,1.57
2015.03.31 19:58:15.666,1.28955,1.2896,1.00,1.50
2015.03.31 19:58:15.969,1.28961,1.28966,1.47,1.00
2015.03.31 19:58:16.322,1.2896,1.28964,3.45,1.12
2015.03.31 19:58:16.423,1.28964,1.28966,1.00,1.00
2015.03.31 19:58:16.627,1.28962,1.28966,1.12,1.00
2015.03.31 19:58:17.390,1.28961,1.28965,1.47,1.00
2015.03.31 19:58:17.756,1.28964,1.28966,1.00,1.00
2015.03.31 19:58:17.958,1.28963,1.28968,3.75,1.00
2015.03.31 19:58:18.463,1.28961,1.28969,3.07,1.00
2015.03.31 19:58:18.514,1.28961,1.28971,3.07,1.00
2015.03.31 19:58:18.615,1.28961,1.28966,1.95,1.00
2015.03.31 19:58:18.716,1.2896,1.28968,1.95,1.00
2015.03.31 19:58:18.969,1.2896,1.2897,5.70,2.46
2015.03.31 19:58:19.473,1.28963,1.28971,1.57,1.50
2015.03.31 19:58:19.776,1.28964,1.28973,1.10,1.00
2015.03.31 19:58:19.878,1.28965,1.28971,1.00,1.50
2015.03.31 19:58:19.979,1.28965,1.28973,1.20,1.00
2015.03.31 19:58:20.081,1.28967,1.28975,1.00,2.14
2015.03.31 19:58:20.384,1.28964,1.28973,2.62,1.00
2015.03.31 19:58:20.687,1.28964,1.28975,2.40,1.52
2015.03.31 19:58:20.738,1.28964,1.28976,3.52,2.25
2015.03.31 19:58:20.839,1.28964,1.28977,4.87,1.49
2015.03.31 19:58:20.890,1.28967,1.28977,1.00,1.49
2015.03.31 19:58:21.216,1.28968,1.28977,1.00,1.41
2015.03.31 19:58:21.519,1.28968,1.28976,1.00,1.50
2015.03.31 19:58:22.059,1.28965,1.28976,2.25,2.65
2015.03.31 19:58:22.570,1.28965,1.28976,2.25,2.65
2015.03.31 19:58:22.671,1.28965,1.28976,2.25,2.84
2015.03.31 19:58:23.740,1.28965,1.28976,1.50,3.40
2015.03.31 19:58:24.579,1.28965,1.28975,1.50,2.46
2015.03.31 19:58:25.087,1.28965,1.28975,1.50,2.46
2015.03.31 19:58:26.566,1.28965,1.28974,2.25,1.03
2015.03.31 19:58:26.888,1.28965,1.28974,2.25,1.02
2015.03.31 19:58:28.107,1.28965,1.28972,1.87,1.03
2015.03.31 19:58:28.306,1.28965,1.28974,1.87,2.06
2015.03.31 19:58:28.869,1.28965,1.28972,1.87,1.00
2015.03.31 19:58:29.519,1.28965,1.28971,1.50,1.00
2015.03.31 19:58:30.086,1.28965,1.28971,1.10,1.00
2015.03.31 19:58:30.389,1.28965,1.2897,1.00,1.90
2015.03.31 19:58:30.893,1.28965,1.2897,1.00,1.00
2015.03.31 19:58:33.833,1.28965,1.28967,1.00,1.00
2015.03.31 19:58:34.187,1.28965,1.28969,1.00,1.00
2015.03.31 19:58:34.533,1.28965,1.28971,1.00,2.27
2015.03.31 19:58:35.089,1.28965,1.2897,1.00,1.00
2015.03.31 19:58:36.719,1.2896,1.2897,4.65,1.52
2015.03.31 19:58:36.770,1.28962,1.2897,1.00,1.50
2015.03.31 19:58:37.186,1.28959,1.2897,3.82,1.50
2015.03.31 19:58:37.287,1.28962,1.2897,1.00,1.50
2015.03.31 19:58:37.496,1.28958,1.2897,2.85,2.25
2015.03.31 19:58:38.984,1.28959,1.28971,1.87,4.50
2015.03.31 19:58:39.200,1.28959,1.28969,1.87,1.00
2015.03.31 19:58:39.744,1.2896,1.2897,3.15,1.00
2015.03.31 19:58:40.047,1.28962,1.28971,1.00,1.69
2015.03.31 19:58:40.408,1.28962,1.28969,1.10,1.00
2015.03.31 19:58:40.610,1.28958,1.28968,1.95,1.50
2015.03.31 19:58:40.812,1.28958,1.28966,1.20,1.00
2015.03.31 19:58:41.949,1.28957,1.28965,1.50,1.00
2015.03.31 19:58:42.486,1.28957,1.28965,1.07,2.25
2015.03.31 19:58:45.006,1.28957,1.28962,1.07,1.00
2015.03.31 19:58:45.157,1.28955,1.28962,2.70,1.00
2015.03.31 19:58:45.208,1.28955,1.28964,2.70,1.00
2015.03.31 19:58:45.716,1.28955,1.28963,3.07,1.00
2015.03.31 19:58:45.867,1.28955,1.28965,3.07,2.62
2015.03.31 19:58:46.019,1.28955,1.28963,3.07,1.00
2015.03.31 19:58:46.566,1.28955,1.28963,2.32,1.00
2015.03.31 19:58:46.907,1.28956,1.28963,1.00,1.00
2015.03.31 19:58:47.008,1.28959,1.28967,1.45,1.00
2015.03.31 19:58:47.816,1.2896,1.28965,1.07,1.50
2015.03.31 19:58:47.967,1.28955,1.28963,1.87,1.00
2015.03.31 19:58:48.018,1.28955,1.28963,2.62,1.00
2015.03.31 19:58:48.119,1.28957,1.28965,1.00,1.50
2015.03.31 19:58:48.624,1.28957,1.28962,1.00,1.00
2015.03.31 19:58:49.532,1.28955,1.28962,1.95,1.00
2015.03.31 19:58:50.037,1.28955,1.28962,1.00,1.00
2015.03.31 19:58:50.620,1.28958,1.28962,1.00,1.00
2015.03.31 19:58:50.722,1.28954,1.28962,1.10,1.00
2015.03.31 19:58:51.412,1.28953,1.28963,1.57,1.00
2015.03.31 19:58:52.243,1.28954,1.28965,1.20,2.91
2015.03.31 19:58:52.395,1.28954,1.28965,2.62,2.59
2015.03.31 19:58:53.379,1.28955,1.28965,1.12,2.40
2015.03.31 19:58:54.042,1.28955,1.28965,1.12,2.40
2015.03.31 19:58:54.582,1.28955,1.28965,1.45,2.40
2015.03.31 19:58:56.426,1.28954,1.28963,3.37,1.00
2015.03.31 19:58:56.780,1.28954,1.28963,1.65,1.00
2015.03.31 19:58:56.982,1.28953,1.28958,4.12,1.00
2015.03.31 19:58:57.133,1.28953,1.28962,1.12,1.39
2015.03.31 19:58:57.774,1.28955,1.28961,1.00,1.00
2015.03.31 19:58:57.976,1.28953,1.28961,1.65,1.00
2015.03.31 19:58:59.138,1.28952,1.28959,1.50,1.50
2015.03.31 19:58:59.640,1.28951,1.28957,1.75,1.00
2015.03.31 19:58:59.791,1.2895,1.28957,1.50,1.00
2015.03.31 19:59:00.195,1.2895,1.28959,3.00,1.50
2015.03.31 19:59:00.448,1.28954,1.2896,1.00,1.00
2015.03.31 19:59:00.997,1.28951,1.2896,1.12,1.50
2015.03.31 19:59:01.514,1.28951,1.28957,1.12,1.00
2015.03.31 19:59:02.265,1.2895,1.28957,3.00,1.00
2015.03.31 19:59:02.671,1.2895,1.28953,3.00,1.00
2015.03.31 19:59:02.722,1.2895,1.28953,1.57,1.00
2015.03.31 19:59:02.874,1.2895,1.28956,1.57,1.00
2015.03.31 19:59:03.187,1.2895,1.28956,2.62,1.00
2015.03.31 19:59:03.288,1.2895,1.28958,2.62,1.00
2015.03.31 19:59:04.257,1.2895,1.28959,2.62,1.50
2015.03.31 19:59:04.774,1.2895,1.28958,1.87,1.00
2015.03.31 19:59:05.162,1.2895,1.28959,1.10,1.50
2015.03.31 19:59:05.392,1.2895,1.28957,1.10,1.50
2015.03.31 19:59:05.696,1.2895,1.28955,1.00,2.25
2015.03.31 19:59:05.999,1.2895,1.28954,1.00,1.00
2015.03.31 19:59:06.626,1.2895,1.28953,1.00,1.00
2015.03.31 19:59:07.133,1.2895,1.28958,1.37,1.37
2015.03.31 19:59:07.390,1.2895,1.28956,2.62,1.00
2015.03.31 19:59:07.593,1.2895,1.28954,2.25,1.00
2015.03.31 19:59:08.800,1.2895,1.28956,2.62,1.00
2015.03.31 19:59:08.901,1.2895,1.28958,2.62,1.50
2015.03.31 19:59:09.415,1.28951,1.28957,1.45,1.00
2015.03.31 19:59:10.348,1.28951,1.2896,1.57,1.50
2015.03.31 19:59:11.323,1.28954,1.2896,2.62,1.00
2015.03.31 19:59:12.635,1.28954,1.2896,1.12,1.00
2015.03.31 19:59:17.615,1.28954,1.28959,1.72,1.00
2015.03.31 19:59:18.025,1.28954,1.2896,1.72,1.50
2015.03.31 19:59:18.177,1.28954,1.2896,1.72,1.87
2015.03.31 19:59:18.733,1.28954,1.28957,1.04,1.00
2015.03.31 19:59:18.895,1.28954,1.2896,1.04,1.87
2015.03.31 19:59:18.946,1.28954,1.2896,1.42,1.50
2015.03.31 19:59:19.048,1.28957,1.2896,1.00,1.00
2015.03.31 19:59:19.615,1.28954,1.28958,1.72,1.00
2015.03.31 19:59:19.936,1.28954,1.28959,1.42,1.00
2015.03.31 19:59:20.139,1.28954,1.28957,1.04,1.00
2015.03.31 19:59:20.341,1.28954,1.2896,1.04,1.00
2015.03.31 19:59:23.543,1.28954,1.2896,1.04,1.50
2015.03.31 19:59:25.159,1.28956,1.2896,1.00,1.00
2015.03.31 19:59:25.416,1.28956,1.2896,1.87,1.00
2015.03.31 19:59:25.770,1.28959,1.28961,2.32,1.00
2015.03.31 19:59:26.073,1.28964,1.28968,1.20,4.75
2015.03.31 19:59:26.376,1.28967,1.2897,1.20,2.50
2015.03.31 19:59:26.477,1.28967,1.2897,1.57,2.50
2015.03.31 19:59:26.731,1.28965,1.28967,1.20,3.75
2015.03.31 19:59:27.279,1.28963,1.28966,1.20,3.25
2015.03.31 19:59:28.564,1.28961,1.28964,1.87,1.00
2015.03.31 19:59:29.131,1.28961,1.28963,1.20,1.00
2015.03.31 19:59:29.386,1.28961,1.28963,3.07,1.00
2015.03.31 19:59:29.562,1.28964,1.28967,1.57,3.25
2015.03.31 19:59:30.157,1.28959,1.28961,3.22,1.00
2015.03.31 19:59:30.259,1.28959,1.28961,2.25,1.00
2015.03.31 19:59:30.387,1.2896,1.28961,1.20,1.00
2015.03.31 19:59:30.489,1.28962,1.28965,1.20,2.50
2015.03.31 19:59:31.441,1.28962,1.28965,3.66,1.00
2015.03.31 19:59:32.238,1.28963,1.28965,2.23,1.00
2015.03.31 19:59:32.754,1.28963,1.28965,1.12,1.00
2015.03.31 19:59:33.749,1.28963,1.28965,1.59,1.00
2015.03.31 19:59:34.356,1.28958,1.28961,2.24,1.50
2015.03.31 19:59:34.458,1.2896,1.28963,2.98,1.00
2015.03.31 19:59:34.560,1.28956,1.28961,1.47,1.00
2015.03.31 19:59:34.712,1.28957,1.28961,1.37,1.00
2015.03.31 19:59:34.813,1.28957,1.28961,1.37,1.00
2015.03.31 19:59:35.015,1.2896,1.28963,1.00,1.50
2015.03.31 19:59:35.319,1.28959,1.28961,1.00,1.00
2015.03.31 19:59:35.854,1.28958,1.28961,1.12,1.00
2015.03.31 19:59:35.992,1.28959,1.28961,1.37,1.00
2015.03.31 19:59:39.640,1.28955,1.2896,1.20,1.00
2015.03.31 19:59:40.001,1.28954,1.28959,1.34,1.87
2015.03.31 19:59:40.303,1.28951,1.28957,1.34,1.52
2015.03.31 19:59:40.815,1.28951,1.28957,1.34,1.00
2015.03.31 19:59:41.227,1.28951,1.28955,1.34,1.00
2015.03.31 19:59:41.734,1.2895,1.28954,1.97,1.00
2015.03.31 19:59:42.364,1.2895,1.28956,1.97,1.12
2015.03.31 19:59:44.103,1.28949,1.28952,1.37,1.50
2015.03.31 19:59:44.306,1.28948,1.28952,1.00,1.95
2015.03.31 19:59:44.638,1.28949,1.28952,1.00,1.57
2015.03.31 19:59:44.891,1.28948,1.28952,1.59,2.62
2015.03.31 19:59:45.195,1.28946,1.2895,3.97,2.25
2015.03.31 19:59:45.506,1.28946,1.28948,3.97,1.27
2015.03.31 19:59:45.809,1.28942,1.28946,3.37,2.09
2015.03.31 19:59:46.062,1.2894,1.28944,6.20,1.29
2015.03.31 19:59:46.113,1.2894,1.28944,6.20,1.29
2015.03.31 19:59:46.264,1.28943,1.28946,6.20,1.20
2015.03.31 19:59:46.315,1.28944,1.28947,2.83,2.65
2015.03.31 19:59:47.399,1.28945,1.28948,3.37,1.20
2015.03.31 19:59:47.814,1.28945,1.28948,4.87,1.69
2015.03.31 19:59:47.916,1.28945,1.28948,6.61,1.71
2015.03.31 19:59:48.018,1.28946,1.28948,3.37,1.71
2015.03.31 19:59:48.194,1.28944,1.28947,5.62,1.20
2015.03.31 19:59:48.699,1.28946,1.28949,3.37,1.95
2015.03.31 19:59:49.711,1.28945,1.28948,1.85,1.87
2015.03.31 19:59:50.315,1.28942,1.28945,6.72,1.00
2015.03.31 19:59:51.030,1.28942,1.28945,6.72,1.00
2015.03.31 19:59:51.232,1.28941,1.28945,4.87,1.00
2015.03.31 19:59:52.272,1.28937,1.28942,12.41,1.03
2015.03.31 19:59:52.778,1.28936,1.2894,12.41,1.12
2015.03.31 19:59:53.081,1.28932,1.28936,9.04,1.50
2015.03.31 19:59:53.395,1.28931,1.28935,9.04,1.50
2015.03.31 19:59:53.547,1.2893,1.28935,10.68,2.25
2015.03.31 19:59:54.057,1.28929,1.28935,10.68,2.70
2015.03.31 19:59:54.226,1.2893,1.28935,10.68,1.95
2015.03.31 19:59:54.797,1.28932,1.2894,9.04,1.12
2015.03.31 19:59:55.229,1.28932,1.28939,9.04,2.44
2015.03.31 19:59:55.452,1.28931,1.28938,9.04,2.06
2015.03.31 19:59:55.906,1.28927,1.28934,10.68,1.31
2015.03.31 19:59:56.080,1.28924,1.28927,1.50,1.00
2015.03.31 19:59:56.204,1.28921,1.28926,2.02,1.00
2015.03.31 19:59:56.677,1.28921,1.28928,1.00,1.00
2015.03.31 19:59:57.050,1.28926,1.2893,1.00,1.00
2015.03.31 19:59:57.103,1.2893,1.28932,1.64,1.00
2015.03.31 19:59:57.618,1.28927,1.28931,1.64,1.00
2015.03.31 19:59:58.173,1.2892,1.2893,3.90,2.25
2015.03.31 19:59:58.275,1.2892,1.28928,2.77,1.00
2015.03.31 19:59:58.624,1.2892,1.28926,2.77,1.00
2015.03.31 19:59:59.627,1.28919,1.28921,1.64,1.00
2015.03.31 19:59:59.876,1.28919,1.28922,4.41,1.00
