2015.01.14 17:00:00.128,1.37867,1.3787,1.50,1.00
2015.01.14 17:00:00.481,1.37868,1.37872,1.57,1.20
2015.01.14 17:00:00.986,1.37869,1.37872,1.20,1.00
2015.01.14 17:00:01.491,1.37868,1.37872,2.70,1.10
2015.01.14 17:00:01.694,1.37868,1.37871,1.10,1.00
2015.01.14 17:00:01.947,1.37865,1.37869,2.02,1.00
2015.01.14 17:00:02.716,1.37866,1.37869,1.00,1.00
2015.01.14 17:00:02.920,1.37865,1.37867,1.20,1.00
2015.01.14 17:00:03.072,1.37863,1.37866,1.10,1.00
2015.01.14 17:00:03.224,1.3786,1.37864,1.27,1.00
2015.01.14 17:00:03.729,1.3786,1.37863,1.20,1.00
2015.01.14 17:00:03.881,1.3786,1.37865,1.20,1.20
2015.01.14 17:00:04.535,1.3786,1.37863,1.20,1.00
2015.01.14 17:00:05.230,1.37859,1.37865,2.62,1.20
2015.01.14 17:00:05.742,1.37861,1.37867,1.12,1.75
2015.01.14 17:00:06.557,1.37861,1.37864,1.12,1.00
2015.01.14 17:00:07.103,1.37861,1.37863,1.00,1.00
2015.01.14 17:00:07.154,1.37859,1.37861,1.50,1.00
2015.01.14 17:00:07.256,1.37858,1.37862,1.07,1.50
2015.01.14 17:00:07.307,1.37857,1.37862,1.20,1.65
2015.01.14 17:00:07.408,1.37858,1.37863,1.07,1.00
2015.01.14 17:00:07.864,1.3786,1.37867,1.20,1.20
2015.01.14 17:00:07.966,1.3786,1.37865,1.20,1.00
2015.01.14 17:00:08.269,1.3786,1.37863,1.10,1.00
2015.01.14 17:00:08.522,1.37858,1.37865,1.20,2.25
2015.01.14 17:00:09.028,1.37858,1.37866,1.57,2.62
2015.01.14 17:00:09.382,1.3786,1.37864,1.50,1.00
2015.01.14 17:00:09.888,1.3786,1.37863,1.50,1.00
2015.01.14 17:00:10.192,1.3786,1.37865,1.50,1.50
2015.01.14 17:00:10.293,1.37858,1.37861,1.57,1.00
2015.01.14 17:00:10.823,1.37858,1.3786,1.00,1.00
2015.01.14 17:00:11.076,1.37856,1.37859,1.10,1.00
2015.01.14 17:00:11.635,1.37855,1.37858,1.07,1.00
2015.01.14 17:00:11.687,1.37854,1.37857,1.09,1.00
2015.01.14 17:00:12.192,1.37853,1.37856,2.44,1.00
2015.01.14 17:00:12.597,1.37853,1.37858,2.25,1.00
2015.01.14 17:00:13.102,1.37854,1.37858,1.95,1.00
2015.01.14 17:00:13.607,1.37854,1.37859,1.20,1.00
2015.01.14 17:00:13.810,1.37856,1.37864,1.29,3.37
2015.01.14 17:00:13.911,1.37859,1.37866,1.50,1.65
2015.01.14 17:00:14.012,1.37861,1.37866,1.57,1.00
2015.01.14 17:00:14.366,1.37863,1.37866,1.50,1.00
2015.01.14 17:00:14.670,1.37864,1.37868,1.07,1.00
2015.01.14 17:00:15.175,1.37864,1.37867,1.07,1.00
2015.01.14 17:00:15.377,1.37864,1.37871,1.57,1.10
2015.01.14 17:00:15.579,1.37863,1.37869,1.07,1.20
2015.01.14 17:00:16.086,1.37863,1.37867,1.07,1.00
2015.01.14 17:00:16.599,1.37863,1.37865,1.07,1.00
2015.01.14 17:00:16.700,1.37863,1.37868,1.07,1.00
2015.01.14 17:00:16.751,1.37861,1.37868,1.57,1.10
2015.01.14 17:00:16.904,1.37863,1.37868,1.50,1.00
2015.01.14 17:00:17.409,1.37862,1.37869,1.50,1.20
2015.01.14 17:00:18.239,1.37863,1.3787,2.21,1.50
2015.01.14 17:00:18.442,1.37864,1.37872,1.50,1.00
2015.01.14 17:00:18.492,1.37864,1.37872,2.44,1.00
2015.01.14 17:00:19.028,1.37867,1.37872,1.32,1.00
2015.01.14 17:00:20.207,1.37867,1.37873,1.32,1.57
2015.01.14 17:00:21.819,1.37872,1.37875,1.00,1.12
2015.01.14 17:00:21.921,1.37868,1.37876,1.07,1.12
2015.01.14 17:00:22.073,1.3787,1.37874,1.51,1.00
2015.01.14 17:00:22.327,1.37872,1.37877,1.00,1.20
2015.01.14 17:00:22.378,1.37872,1.37879,1.57,1.95
2015.01.14 17:00:22.479,1.37875,1.37881,1.00,1.12
2015.01.14 17:00:22.783,1.37876,1.37881,2.25,1.50
2015.01.14 17:00:23.313,1.37875,1.37881,1.50,1.65
2015.01.14 17:00:23.667,1.37875,1.37878,1.50,1.12
2015.01.14 17:00:23.718,1.37873,1.37878,1.07,2.62
2015.01.14 17:00:23.819,1.3787,1.37878,1.10,4.12
2015.01.14 17:00:25.109,1.37869,1.37875,1.07,1.50
2015.01.14 17:00:25.622,1.37869,1.37876,1.10,1.87
2015.01.14 17:00:28.752,1.37867,1.37875,2.25,3.00
2015.01.14 17:00:29.421,1.37865,1.37873,3.07,1.20
2015.01.14 17:00:29.926,1.37867,1.37874,1.00,2.62
2015.01.14 17:00:30.431,1.37868,1.37875,1.07,1.20
2015.01.14 17:00:31.190,1.37869,1.37876,1.07,1.76
2015.01.14 17:00:32.402,1.37869,1.37875,1.07,1.00
2015.01.14 17:00:33.189,1.3787,1.37878,1.10,4.12
2015.01.14 17:00:33.694,1.37871,1.37877,1.00,1.95
2015.01.14 17:00:33.997,1.37869,1.37876,1.07,2.70
2015.01.14 17:00:34.149,1.37866,1.37876,2.44,2.62
2015.01.14 17:00:34.402,1.37868,1.37876,1.00,1.50
2015.01.14 17:00:34.504,1.37869,1.37876,1.50,2.25
2015.01.14 17:00:35.022,1.37869,1.37874,1.50,1.00
2015.01.14 17:00:35.275,1.37866,1.37872,2.25,1.00
2015.01.14 17:00:35.326,1.37867,1.37875,1.20,2.25
2015.01.14 17:00:35.604,1.37868,1.37876,1.20,1.20
2015.01.14 17:00:36.111,1.37868,1.37875,1.65,1.00
2015.01.14 17:00:36.423,1.37866,1.37873,1.50,1.00
2015.01.14 17:00:36.953,1.37866,1.37874,1.57,2.25
2015.01.14 17:00:42.070,1.37867,1.37875,1.07,1.87
2015.01.14 17:00:43.417,1.37868,1.37875,1.47,1.12
2015.01.14 17:00:43.619,1.37869,1.37877,1.45,1.87
2015.01.14 17:00:44.225,1.37869,1.37874,1.20,1.00
2015.01.14 17:00:45.198,1.37869,1.37873,1.07,1.00
2015.01.14 17:00:45.703,1.3787,1.37878,1.20,2.06
2015.01.14 17:00:49.908,1.3787,1.37876,1.07,1.47
2015.01.14 17:00:50.212,1.37868,1.37875,1.50,2.62
2015.01.14 17:00:50.416,1.37868,1.37875,1.50,2.62
2015.01.14 17:00:50.619,1.37868,1.37875,1.50,2.25
2015.01.14 17:00:51.747,1.37868,1.37875,1.50,1.87
2015.01.14 17:00:52.101,1.37867,1.37874,1.57,1.57
2015.01.14 17:00:52.404,1.37865,1.37872,2.32,1.95
2015.01.14 17:00:55.819,1.37865,1.37872,1.50,1.12
2015.01.14 17:00:57.013,1.37867,1.37874,1.07,2.32
2015.01.14 17:00:59.963,1.37869,1.37874,1.00,1.07
2015.01.14 17:01:00.266,1.37874,1.3788,1.00,1.75
2015.01.14 17:01:00.317,1.37875,1.37881,1.07,1.10
2015.01.14 17:01:00.844,1.37876,1.37883,1.07,3.64
2015.01.14 17:01:01.771,1.37876,1.37885,3.00,1.69
2015.01.14 17:01:03.260,1.37876,1.37884,2.62,2.02
2015.01.14 17:01:03.751,1.37877,1.37882,1.00,1.20
2015.01.14 17:01:03.953,1.37878,1.37884,1.07,1.76
2015.01.14 17:01:04.408,1.37881,1.37888,1.07,2.14
2015.01.14 17:01:04.862,1.37879,1.37886,1.10,1.95
2015.01.14 17:01:07.852,1.37878,1.37884,1.07,1.00
2015.01.14 17:01:08.357,1.37877,1.37884,1.50,1.50
2015.01.14 17:01:08.862,1.37877,1.37882,1.50,1.50
2015.01.14 17:01:09.370,1.37876,1.37883,2.25,3.00
2015.01.14 17:01:09.572,1.37876,1.3788,1.50,1.00
2015.01.14 17:01:09.674,1.37876,1.37883,1.00,1.50
2015.01.14 17:01:09.826,1.37878,1.37885,1.00,1.75
2015.01.14 17:01:10.129,1.37879,1.37886,1.50,2.25
2015.01.14 17:01:10.432,1.37877,1.37884,1.50,1.50
2015.01.14 17:01:10.896,1.37875,1.37883,1.50,1.20
2015.01.14 17:01:11.623,1.37875,1.37882,1.50,1.50
2015.01.14 17:01:11.725,1.37875,1.3788,1.50,1.00
2015.01.14 17:01:12.230,1.37876,1.37882,1.00,1.20
2015.01.14 17:01:12.736,1.37875,1.37879,1.07,1.00
2015.01.14 17:01:12.887,1.37872,1.37877,2.25,1.00
2015.01.14 17:01:12.989,1.3787,1.37877,2.25,1.20
2015.01.14 17:01:14.656,1.3787,1.37876,2.25,1.00
2015.01.14 17:01:15.192,1.3787,1.37877,2.25,1.09
2015.01.14 17:01:15.495,1.37869,1.37876,1.50,3.56
2015.01.14 17:01:15.597,1.37867,1.37874,1.20,3.75
2015.01.14 17:01:17.372,1.37867,1.37875,2.02,4.69
2015.01.14 17:01:17.627,1.3787,1.37877,1.27,3.75
2015.01.14 17:01:17.728,1.3787,1.37877,2.62,2.40
2015.01.14 17:01:18.714,1.37869,1.37877,3.75,3.75
2015.01.14 17:01:23.152,1.37871,1.37879,1.50,4.31
2015.01.14 17:01:23.456,1.37874,1.3788,1.00,1.12
2015.01.14 17:01:23.558,1.37875,1.37882,1.07,1.20
2015.01.14 17:01:24.661,1.37875,1.37879,1.07,1.00
2015.01.14 17:01:24.964,1.37871,1.37877,2.25,1.20
2015.01.14 17:01:25.469,1.37873,1.37878,1.10,1.50
2015.01.14 17:01:26.021,1.37871,1.37877,1.07,1.57
2015.01.14 17:01:26.477,1.37871,1.37875,1.07,1.00
2015.01.14 17:01:27.365,1.3787,1.37875,1.57,1.00
2015.01.14 17:01:27.894,1.3787,1.37875,1.10,1.00
2015.01.14 17:01:28.199,1.37873,1.37878,1.87,1.12
2015.01.14 17:01:28.250,1.37875,1.37882,1.50,3.00
2015.01.14 17:01:29.591,1.37875,1.37883,3.37,1.09
2015.01.14 17:01:30.863,1.37875,1.37884,5.06,1.20
2015.01.14 17:01:31.221,1.37878,1.37885,1.07,2.89
2015.01.14 17:01:32.087,1.3788,1.37885,1.00,1.95
2015.01.14 17:01:32.339,1.37879,1.37887,1.57,2.14
2015.01.14 17:01:32.794,1.37878,1.37886,1.20,1.50
2015.01.14 17:01:33.552,1.37877,1.37884,1.87,1.00
2015.01.14 17:01:34.360,1.37877,1.37885,1.87,2.40
2015.01.14 17:01:37.079,1.37878,1.37885,1.57,1.65
2015.01.14 17:01:37.488,1.3788,1.37888,2.25,4.69
2015.01.14 17:01:39.489,1.3788,1.37886,1.87,1.20
2015.01.14 17:01:39.692,1.37881,1.37889,1.45,1.20
2015.01.14 17:01:39.995,1.37882,1.3789,1.47,1.87
2015.01.14 17:01:40.500,1.37883,1.37889,2.62,1.20
2015.01.14 17:01:41.226,1.37884,1.37889,1.07,1.10
2015.01.14 17:01:42.637,1.37884,1.37888,1.50,1.00
2015.01.14 17:01:43.174,1.37884,1.37889,1.50,1.00
2015.01.14 17:01:43.725,1.37884,1.37888,1.50,1.00
2015.01.14 17:01:44.445,1.37884,1.3789,1.50,1.00
2015.01.14 17:01:46.465,1.37884,1.37889,1.50,1.00
2015.01.14 17:01:48.473,1.37884,1.37888,2.25,1.00
2015.01.14 17:01:49.030,1.37884,1.37887,1.50,1.00
2015.01.14 17:01:49.557,1.37883,1.37886,1.07,1.00
2015.01.14 17:01:50.066,1.37883,1.37887,1.07,1.00
2015.01.14 17:01:50.372,1.37883,1.37891,1.57,1.12
2015.01.14 17:01:50.473,1.37885,1.37892,2.25,1.69
2015.01.14 17:01:50.987,1.37886,1.37893,1.50,2.44
2015.01.14 17:01:51.807,1.37886,1.37892,1.87,1.65
2015.01.14 17:01:51.958,1.37893,1.37901,1.65,5.06
2015.01.14 17:01:52.060,1.37895,1.37902,1.00,1.20
2015.01.14 17:01:52.587,1.37895,1.37901,2.25,1.00
2015.01.14 17:01:53.092,1.37895,1.37903,2.25,2.62
2015.01.14 17:01:54.757,1.37894,1.37901,1.57,1.12
2015.01.14 17:01:55.060,1.37895,1.37902,1.07,1.57
2015.01.14 17:01:55.857,1.37895,1.37899,1.07,1.50
2015.01.14 17:01:56.882,1.37895,1.37898,1.07,1.00
2015.01.14 17:01:57.085,1.37892,1.37897,1.07,1.00
2015.01.14 17:01:57.186,1.3789,1.37897,1.07,1.20
2015.01.14 17:01:59.012,1.37892,1.37898,1.00,1.12
2015.01.14 17:01:59.517,1.3789,1.37897,1.07,1.20
2015.01.14 17:01:59.875,1.3789,1.37896,1.07,1.47
2015.01.14 17:02:00.648,1.3789,1.37897,1.07,2.14
2015.01.14 17:02:01.464,1.37891,1.37899,1.57,3.94
2015.01.14 17:02:01.515,1.37891,1.37899,1.57,3.26
2015.01.14 17:02:02.144,1.37892,1.37899,1.07,2.14
2015.01.14 17:02:03.502,1.37892,1.379,1.95,1.95
2015.01.14 17:02:03.655,1.37898,1.37901,1.37,1.05
2015.01.14 17:02:03.807,1.37902,1.37908,1.50,1.20
2015.01.14 17:02:03.858,1.37904,1.37908,1.00,1.20
2015.01.14 17:02:04.122,1.37905,1.37912,1.50,3.75
2015.01.14 17:02:04.429,1.37909,1.37912,1.00,2.10
2015.01.14 17:02:04.684,1.37916,1.37922,1.00,1.45
2015.01.14 17:02:05.039,1.37915,1.37919,2.25,1.00
2015.01.14 17:02:05.253,1.37914,1.37919,1.10,1.00
2015.01.14 17:02:05.774,1.37914,1.37918,1.10,1.12
2015.01.14 17:02:06.228,1.37914,1.37916,1.10,1.00
2015.01.14 17:02:06.532,1.37913,1.37917,1.00,1.47
2015.01.14 17:02:06.582,1.37913,1.37916,1.00,1.12
2015.01.14 17:02:07.088,1.37913,1.3792,1.57,2.14
2015.01.14 17:02:07.594,1.37913,1.37915,1.07,1.50
2015.01.14 17:02:07.645,1.37911,1.37915,4.87,1.00
2015.01.14 17:02:07.796,1.37911,1.37915,1.57,1.87
2015.01.14 17:02:07.999,1.37912,1.37919,1.57,1.66
2015.01.14 17:02:08.756,1.37911,1.37917,4.31,1.37
2015.01.14 17:02:09.060,1.37906,1.37909,1.50,1.12
2015.01.14 17:02:09.161,1.37906,1.37911,1.50,2.62
2015.01.14 17:02:09.212,1.37903,1.37911,1.57,3.75
2015.01.14 17:02:10.577,1.37907,1.3791,1.00,1.12
2015.01.14 17:02:11.082,1.37907,1.3791,1.00,1.20
2015.01.14 17:02:12.074,1.37905,1.37909,1.00,1.10
2015.01.14 17:02:12.226,1.37904,1.37908,1.10,1.50
2015.01.14 17:02:12.762,1.37904,1.37907,1.00,1.50
2015.01.14 17:02:13.291,1.37903,1.37908,1.00,3.37
2015.01.14 17:02:13.393,1.37905,1.37907,1.00,1.20
2015.01.14 17:02:13.797,1.37902,1.37908,1.65,1.50
2015.01.14 17:02:14.251,1.37904,1.37911,1.07,1.20
2015.01.14 17:02:16.098,1.37904,1.37911,1.07,1.20
2015.01.14 17:02:16.603,1.37908,1.37912,1.00,2.44
2015.01.14 17:02:17.667,1.3791,1.37913,1.00,1.87
2015.01.14 17:02:19.112,1.37907,1.37913,1.50,3.37
2015.01.14 17:02:20.120,1.3791,1.37913,1.00,2.85
2015.01.14 17:02:22.184,1.37907,1.37913,1.50,3.19
2015.01.14 17:02:22.234,1.37909,1.37912,1.00,1.65
2015.01.14 17:02:22.386,1.37902,1.37909,3.07,1.95
2015.01.14 17:02:22.690,1.37903,1.3791,1.07,1.07
2015.01.14 17:02:23.196,1.37903,1.37909,1.57,1.10
2015.01.14 17:02:24.151,1.37907,1.3791,1.00,1.00
2015.01.14 17:02:27.334,1.37903,1.37908,1.07,1.00
2015.01.14 17:02:27.838,1.37907,1.37909,1.00,1.10
2015.01.14 17:02:28.344,1.37903,1.37908,1.20,1.00
2015.01.14 17:02:29.444,1.37907,1.3791,1.00,1.00
2015.01.14 17:02:30.458,1.37907,1.37909,1.00,1.10
2015.01.14 17:02:30.610,1.37903,1.37906,1.07,1.00
2015.01.14 17:02:31.196,1.37899,1.37906,1.57,1.07
2015.01.14 17:02:32.445,1.37899,1.37906,1.07,1.07
2015.01.14 17:02:32.648,1.37903,1.37906,1.00,1.20
2015.01.14 17:02:33.153,1.37902,1.37905,1.00,2.10
2015.01.14 17:02:35.280,1.37902,1.37905,1.00,1.50
2015.01.14 17:02:36.469,1.37897,1.37903,1.65,1.50
2015.01.14 17:02:37.462,1.37899,1.37903,1.87,1.50
2015.01.14 17:02:37.564,1.37899,1.37905,1.47,1.07
2015.01.14 17:02:37.665,1.37901,1.37907,1.00,1.07
2015.01.14 17:02:42.396,1.37901,1.37907,1.50,1.57
2015.01.14 17:02:44.402,1.37905,1.37907,1.00,1.00
2015.01.14 17:02:44.808,1.37901,1.37908,4.12,1.50
2015.01.14 17:02:45.313,1.37901,1.37908,3.00,1.50
2015.01.14 17:02:46.872,1.37905,1.37908,1.00,1.50
2015.01.14 17:02:46.973,1.37904,1.37905,1.00,1.50
2015.01.14 17:02:47.277,1.37904,1.37907,1.00,1.54
2015.01.14 17:02:47.580,1.37904,1.37907,1.50,1.50
2015.01.14 17:02:47.681,1.37904,1.37909,1.50,1.07
2015.01.14 17:02:48.187,1.37904,1.3791,1.65,1.50
2015.01.14 17:02:48.691,1.37904,1.3791,1.65,1.50
2015.01.14 17:02:49.096,1.37906,1.3791,1.00,1.50
2015.01.14 17:02:49.146,1.37906,1.3791,1.00,1.87
2015.01.14 17:02:49.450,1.37906,1.3791,1.00,1.07
2015.01.14 17:02:49.552,1.37906,1.37913,1.00,1.69
2015.01.14 17:02:50.006,1.37908,1.37913,1.00,1.69
2015.01.14 17:02:50.309,1.3791,1.37914,1.50,1.50
2015.01.14 17:02:50.787,1.37913,1.37917,1.00,1.39
2015.01.14 17:02:51.191,1.3791,1.37917,1.00,1.39
2015.01.14 17:02:51.343,1.37911,1.37914,1.00,1.25
2015.01.14 17:02:51.495,1.37908,1.37914,1.65,1.69
2015.01.14 17:02:51.748,1.37913,1.37917,1.00,1.69
2015.01.14 17:02:52.002,1.37911,1.37915,1.00,1.31
2015.01.14 17:02:52.508,1.37904,1.37911,1.57,1.07
2015.01.14 17:02:52.660,1.37909,1.37913,1.00,1.69
2015.01.14 17:02:52.812,1.37905,1.37913,1.00,2.81
2015.01.14 17:02:53.115,1.37906,1.37912,1.00,1.57
2015.01.14 17:02:53.166,1.3791,1.37913,1.00,1.09
2015.01.14 17:02:53.997,1.37906,1.37914,1.00,2.06
2015.01.14 17:02:54.502,1.37906,1.37914,1.00,2.81
2015.01.14 17:02:54.705,1.37909,1.37914,1.00,2.06
2015.01.14 17:02:54.806,1.37909,1.37914,1.50,1.87
2015.01.14 17:02:55.059,1.37914,1.37918,1.00,2.44
2015.01.14 17:02:55.368,1.37914,1.37918,1.00,1.91
2015.01.14 17:02:55.909,1.37911,1.37917,2.32,1.07
2015.01.14 17:02:56.416,1.37914,1.37917,1.00,1.00
2015.01.14 17:02:56.468,1.37909,1.37914,1.10,1.00
2015.01.14 17:02:56.974,1.37909,1.37915,1.57,1.07
2015.01.14 17:02:57.431,1.37912,1.37915,1.00,1.07
2015.01.14 17:02:57.938,1.37911,1.37914,1.00,2.25
2015.01.14 17:02:58.256,1.37907,1.37914,1.65,2.62
2015.01.14 17:03:00.060,1.3791,1.37914,1.00,2.25
2015.01.14 17:03:00.161,1.37909,1.37911,1.00,1.00
2015.01.14 17:03:00.414,1.37907,1.37909,1.00,1.00
2015.01.14 17:03:00.769,1.37902,1.37906,1.32,1.00
2015.01.14 17:03:00.870,1.37903,1.37906,1.10,1.00
2015.01.14 17:03:00.972,1.37902,1.37904,1.10,1.50
2015.01.14 17:03:01.275,1.37897,1.37899,1.50,1.07
2015.01.14 17:03:01.326,1.37897,1.37902,1.50,1.70
2015.01.14 17:03:01.377,1.37897,1.37901,1.50,1.20
2015.01.14 17:03:01.582,1.37901,1.37905,1.00,2.81
2015.01.14 17:03:01.785,1.37899,1.37904,1.50,1.39
2015.01.14 17:03:02.291,1.37899,1.37907,1.50,2.81
2015.01.14 17:03:02.797,1.37901,1.37907,1.00,2.62
2015.01.14 17:03:02.848,1.37901,1.37907,2.62,1.10
2015.01.14 17:03:02.999,1.37907,1.37911,1.00,1.76
2015.01.14 17:03:03.101,1.37906,1.37908,1.00,1.00
2015.01.14 17:03:03.618,1.37907,1.37909,1.00,1.00
2015.01.14 17:03:03.820,1.37909,1.37912,1.00,1.87
2015.01.14 17:03:03.872,1.37907,1.37912,1.00,1.87
2015.01.14 17:03:04.024,1.37911,1.37915,1.00,2.62
2015.01.14 17:03:04.176,1.3791,1.37914,1.00,1.87
2015.01.14 17:03:04.681,1.37909,1.37915,1.00,3.45
2015.01.14 17:03:04.934,1.37908,1.37913,1.00,2.32
2015.01.14 17:03:06.170,1.37909,1.37913,1.00,1.32
2015.01.14 17:03:06.374,1.37903,1.37908,2.25,1.00
2015.01.14 17:03:06.475,1.37903,1.37906,1.00,1.07
2015.01.14 17:03:06.983,1.37904,1.37907,1.00,1.57
2015.01.14 17:03:07.296,1.37901,1.37907,1.57,1.57
2015.01.14 17:03:07.665,1.37903,1.37904,1.00,1.00
2015.01.14 17:03:07.717,1.37901,1.37904,1.00,1.00
2015.01.14 17:03:07.818,1.37899,1.37904,1.00,1.20
2015.01.14 17:03:08.324,1.37898,1.37904,1.20,1.20
2015.01.14 17:03:08.477,1.37898,1.37903,1.00,1.07
2015.01.14 17:03:11.319,1.379,1.37903,1.00,1.07
2015.01.14 17:03:11.840,1.37901,1.37903,1.00,1.07
2015.01.14 17:03:12.145,1.37899,1.37901,1.20,1.00
2015.01.14 17:03:12.666,1.37898,1.37903,1.00,1.50
2015.01.14 17:03:13.120,1.379,1.37903,1.00,1.50
2015.01.14 17:03:13.423,1.37902,1.37906,1.00,2.25
2015.01.14 17:03:13.525,1.379,1.37906,1.00,2.25
2015.01.14 17:03:13.752,1.37905,1.37908,1.00,1.57
2015.01.14 17:03:14.263,1.37906,1.37909,1.00,1.07
2015.01.14 17:03:14.365,1.37902,1.37909,2.70,1.07
2015.01.14 17:03:14.415,1.37904,1.3791,1.50,1.20
2015.01.14 17:03:14.937,1.37904,1.37911,1.50,1.50
2015.01.14 17:03:15.450,1.37908,1.37911,1.00,2.25
2015.01.14 17:03:15.954,1.37904,1.37909,1.87,1.00
2015.01.14 17:03:16.468,1.37908,1.37911,1.00,2.25
2015.01.14 17:03:16.772,1.37907,1.37911,1.00,2.25
2015.01.14 17:03:17.430,1.37904,1.37911,1.87,2.25
2015.01.14 17:03:17.816,1.37903,1.37909,1.87,1.50
2015.01.14 17:03:22.138,1.37901,1.37908,1.50,2.25
2015.01.14 17:03:22.239,1.379,1.37906,1.65,1.00
2015.01.14 17:03:22.442,1.379,1.37905,1.65,1.50
2015.01.14 17:03:22.896,1.37896,1.37903,2.14,1.07
2015.01.14 17:03:24.198,1.37896,1.37901,1.10,1.07
2015.01.14 17:03:24.451,1.37899,1.37906,4.20,1.07
2015.01.14 17:03:24.653,1.37901,1.37908,1.07,1.07
2015.01.14 17:03:26.170,1.37902,1.37908,1.47,1.07
2015.01.14 17:03:26.676,1.37902,1.37908,1.20,1.07
2015.01.14 17:03:33.997,1.37902,1.37909,1.00,1.20
2015.01.14 17:03:34.502,1.37902,1.37908,1.00,1.00
2015.01.14 17:03:35.033,1.37902,1.37908,2.62,1.00
2015.01.14 17:03:36.307,1.37902,1.37908,1.87,1.00
2015.01.14 17:03:37.021,1.37902,1.37908,1.87,1.00
2015.01.14 17:03:37.526,1.37902,1.37909,1.87,1.20
2015.01.14 17:03:38.077,1.37902,1.37909,1.87,1.20
2015.01.14 17:03:38.589,1.37903,1.37909,1.12,1.20
2015.01.14 17:03:39.515,1.37904,1.37909,1.00,1.20
2015.01.14 17:03:40.026,1.37903,1.37909,1.00,1.20
2015.01.14 17:03:40.531,1.37904,1.3791,1.00,2.25
2015.01.14 17:03:41.732,1.37904,1.3791,1.37,2.25
2015.01.14 17:03:42.277,1.37903,1.37909,1.37,1.20
2015.01.14 17:03:42.328,1.37903,1.37907,1.37,1.00
2015.01.14 17:03:43.662,1.37904,1.37906,1.37,1.00
2015.01.14 17:03:44.356,1.37904,1.3791,1.37,3.75
2015.01.14 17:03:45.885,1.37903,1.3791,1.12,3.00
2015.01.14 17:03:46.780,1.37903,1.3791,1.37,3.00
2015.01.14 17:03:47.367,1.37903,1.3791,1.00,3.00
2015.01.14 17:03:49.486,1.37901,1.3791,1.57,2.25
2015.01.14 17:03:49.688,1.37901,1.3791,1.57,3.00
2015.01.14 17:03:50.219,1.37901,1.3791,2.02,2.25
2015.01.14 17:03:50.371,1.37901,1.3791,2.02,3.00
2015.01.14 17:03:50.879,1.37901,1.37908,1.27,1.00
2015.01.14 17:03:51.277,1.37902,1.37907,1.00,1.50
2015.01.14 17:03:51.481,1.37899,1.37908,2.44,3.00
2015.01.14 17:03:51.937,1.37899,1.37905,1.20,1.50
2015.01.14 17:03:52.241,1.37901,1.37905,1.10,1.07
2015.01.14 17:03:52.746,1.379,1.37906,1.50,1.50
2015.01.14 17:03:52.797,1.37898,1.37906,1.65,2.25
2015.01.14 17:03:53.795,1.37898,1.37906,3.45,1.50
2015.01.14 17:03:56.186,1.37901,1.37906,1.00,1.07
2015.01.14 17:03:56.701,1.37902,1.37906,1.00,1.07
2015.01.14 17:03:57.210,1.37902,1.37907,1.20,1.50
2015.01.14 17:04:00.226,1.37903,1.37907,1.00,1.50
2015.01.14 17:04:00.530,1.37906,1.3791,1.87,1.07
2015.01.14 17:04:00.632,1.37909,1.37916,1.00,3.00
2015.01.14 17:04:00.835,1.37909,1.37913,1.50,1.50
2015.01.14 17:04:01.139,1.37913,1.37916,1.12,1.07
2015.01.14 17:04:01.190,1.37913,1.37919,1.27,1.50
2015.01.14 17:04:02.301,1.37915,1.37919,1.00,1.50
2015.01.14 17:04:02.604,1.37912,1.37919,1.69,1.50
2015.01.14 17:04:03.109,1.37912,1.37916,1.50,1.00
2015.01.14 17:04:03.261,1.37909,1.37915,1.50,1.00
2015.01.14 17:04:03.363,1.37908,1.37915,1.10,1.57
2015.01.14 17:04:03.465,1.37906,1.37913,1.95,1.07
2015.01.14 17:04:03.971,1.37908,1.37914,1.10,1.07
2015.01.14 17:04:04.576,1.37905,1.37913,3.00,1.20
2015.01.14 17:04:05.232,1.37908,1.37914,2.62,1.50
2015.01.14 17:04:05.736,1.37908,1.37915,2.25,1.50
2015.01.14 17:04:06.056,1.37906,1.37913,1.07,1.07
2015.01.14 17:04:06.359,1.37905,1.37911,1.07,1.07
2015.01.14 17:04:07.317,1.37905,1.37911,1.45,1.07
2015.01.14 17:04:07.578,1.37909,1.37914,1.12,1.07
2015.01.14 17:04:07.679,1.37909,1.37916,1.12,1.50
2015.01.14 17:04:08.196,1.3791,1.37917,1.00,1.50
2015.01.14 17:04:08.701,1.37911,1.37917,1.00,1.50
2015.01.14 17:04:09.253,1.37912,1.37917,1.12,1.50
2015.01.14 17:04:09.758,1.37911,1.37918,1.07,1.07
2015.01.14 17:04:10.559,1.37913,1.37918,1.00,1.07
2015.01.14 17:04:11.368,1.37911,1.37918,1.45,1.07
2015.01.14 17:04:13.056,1.37907,1.37915,1.57,2.25
2015.01.14 17:04:14.837,1.37906,1.37914,1.65,1.87
2015.01.14 17:04:15.856,1.37906,1.37914,2.02,1.50
2015.01.14 17:04:16.360,1.37907,1.37915,2.62,2.25
2015.01.14 17:04:17.048,1.37907,1.37915,2.62,2.25
2015.01.14 17:04:17.150,1.37909,1.37915,1.37,1.75
2015.01.14 17:04:17.353,1.3791,1.37918,1.57,2.44
2015.01.14 17:04:17.979,1.3791,1.37918,1.20,2.25
2015.01.14 17:04:19.567,1.37909,1.37915,3.00,1.00
2015.01.14 17:04:20.072,1.37909,1.37915,1.57,1.10
2015.01.14 17:04:20.629,1.37909,1.37917,3.37,1.27
2015.01.14 17:04:21.135,1.37911,1.37919,1.00,4.12
2015.01.14 17:04:21.802,1.3791,1.37918,1.27,1.50
2015.01.14 17:04:22.294,1.37915,1.37919,1.00,1.75
2015.01.14 17:04:22.497,1.37915,1.37921,1.37,1.20
2015.01.14 17:04:23.038,1.37917,1.37921,1.20,1.00
2015.01.14 17:04:23.139,1.37917,1.37923,1.07,1.10
2015.01.14 17:04:23.744,1.37919,1.37925,1.00,1.12
2015.01.14 17:04:23.896,1.37921,1.37926,1.00,1.75
2015.01.14 17:04:23.947,1.37921,1.37929,1.57,1.12
2015.01.14 17:04:24.301,1.3792,1.37925,3.34,1.00
2015.01.14 17:04:24.512,1.3792,1.37928,1.84,1.20
2015.01.14 17:04:24.624,1.3792,1.37925,1.09,1.00
2015.01.14 17:04:24.726,1.3792,1.37927,1.09,1.00
2015.01.14 17:04:25.234,1.3792,1.37926,1.65,1.00
2015.01.14 17:04:25.697,1.3792,1.37926,2.02,1.00
2015.01.14 17:04:26.002,1.37925,1.3793,1.00,1.75
2015.01.14 17:04:26.156,1.37925,1.3793,4.20,1.00
2015.01.14 17:04:26.308,1.37925,1.37932,1.57,1.10
2015.01.14 17:04:26.410,1.37925,1.3793,1.57,1.00
2015.01.14 17:04:26.773,1.37925,1.37931,2.25,1.00
2015.01.14 17:04:28.832,1.37927,1.37934,1.50,2.25
2015.01.14 17:04:29.194,1.37928,1.37934,3.07,1.12
2015.01.14 17:04:29.714,1.3793,1.37934,1.07,1.00
2015.01.14 17:04:30.426,1.3793,1.37934,1.57,1.00
2015.01.14 17:04:30.730,1.37931,1.37936,1.20,1.00
2015.01.14 17:04:30.781,1.37932,1.37936,1.50,1.00
2015.01.14 17:04:31.185,1.37932,1.3794,2.25,1.39
2015.01.14 17:04:31.286,1.37932,1.37935,1.07,1.00
2015.01.14 17:04:31.842,1.37932,1.37936,1.57,1.00
2015.01.14 17:04:31.943,1.37932,1.37938,1.57,1.00
2015.01.14 17:04:32.367,1.37933,1.37938,1.95,1.00
2015.01.14 17:04:32.670,1.37934,1.37936,1.07,1.00
2015.01.14 17:04:32.771,1.37934,1.37938,1.07,1.00
2015.01.14 17:04:33.075,1.37934,1.37941,1.95,1.20
2015.01.14 17:04:33.226,1.37936,1.37941,3.00,1.00
2015.01.14 17:04:33.563,1.37933,1.37937,1.50,1.00
2015.01.14 17:04:33.614,1.37933,1.37937,1.50,1.00
2015.01.14 17:04:34.473,1.37933,1.37939,2.62,1.20
2015.01.14 17:04:35.585,1.37933,1.37938,1.50,1.00
2015.01.14 17:04:36.104,1.37933,1.37939,1.07,1.10
2015.01.14 17:04:36.880,1.37933,1.37938,1.07,1.00
2015.01.14 17:04:37.334,1.37931,1.37938,2.06,1.00
2015.01.14 17:04:37.486,1.37933,1.37941,3.07,2.06
2015.01.14 17:04:37.789,1.37936,1.3794,1.50,1.50
2015.01.14 17:04:38.672,1.37935,1.3794,2.25,1.50
2015.01.14 17:04:38.976,1.37936,1.37938,1.00,1.10
2015.01.14 17:04:39.510,1.37934,1.37938,1.12,1.10
2015.01.14 17:04:39.712,1.37932,1.37938,2.14,1.10
2015.01.14 17:04:41.922,1.37935,1.37938,1.00,1.10
2015.01.14 17:04:42.282,1.37934,1.37938,1.00,1.10
2015.01.14 17:04:42.534,1.37933,1.37937,1.00,1.50
2015.01.14 17:04:42.736,1.37931,1.37937,1.00,3.75
2015.01.14 17:04:44.217,1.37933,1.37937,1.00,2.10
2015.01.14 17:04:44.522,1.37936,1.37939,1.00,1.12
2015.01.14 17:04:44.623,1.37937,1.37943,1.37,2.25
2015.01.14 17:04:44.725,1.3794,1.37945,1.00,3.00
2015.01.14 17:04:44.928,1.37938,1.37944,1.00,2.25
2015.01.14 17:04:45.231,1.37938,1.37942,1.00,2.32
2015.01.14 17:04:45.635,1.37938,1.37942,1.00,1.57
2015.01.14 17:04:46.409,1.3794,1.37942,1.00,1.57
2015.01.14 17:04:46.716,1.37941,1.37944,1.00,1.80
2015.01.14 17:04:47.228,1.37941,1.37944,1.00,1.20
2015.01.14 17:04:47.638,1.37938,1.37944,1.10,1.57
2015.01.14 17:04:48.169,1.3794,1.37944,1.00,2.62
2015.01.14 17:04:48.833,1.37936,1.37944,1.50,2.25
2015.01.14 17:04:49.381,1.3794,1.37944,1.00,2.10
2015.01.14 17:04:49.891,1.3794,1.37944,1.00,2.25
2015.01.14 17:04:50.232,1.37938,1.37944,1.37,2.25
2015.01.14 17:04:50.772,1.37937,1.37945,1.95,1.12
2015.01.14 17:04:51.128,1.37942,1.37945,1.00,1.05
2015.01.14 17:04:51.330,1.37941,1.37945,1.00,1.12
2015.01.14 17:04:51.835,1.3794,1.37944,1.00,3.00
2015.01.14 17:04:52.355,1.3794,1.37944,1.00,3.00
2015.01.14 17:04:52.557,1.37938,1.37944,1.37,3.00
2015.01.14 17:04:52.861,1.37939,1.37946,1.37,2.25
2015.01.14 17:04:53.375,1.37942,1.37946,1.00,2.10
2015.01.14 17:04:53.933,1.3794,1.37944,1.00,1.27
2015.01.14 17:04:53.984,1.3794,1.37944,1.00,2.70
2015.01.14 17:04:54.296,1.37942,1.37944,1.00,1.05
2015.01.14 17:04:54.600,1.37949,1.37951,1.00,2.29
2015.01.14 17:04:54.803,1.37947,1.37951,1.00,1.20
2015.01.14 17:04:54.955,1.37948,1.37952,2.25,1.75
2015.01.14 17:04:55.006,1.3795,1.37953,1.00,1.45
2015.01.14 17:04:55.058,1.37951,1.37954,1.25,1.75
2015.01.14 17:04:55.159,1.37955,1.37959,1.00,1.12
2015.01.14 17:04:55.362,1.37958,1.37961,1.00,1.20
2015.01.14 17:04:55.565,1.37956,1.37958,1.00,1.20
2015.01.14 17:04:55.868,1.37958,1.37961,1.10,1.67
2015.01.14 17:04:55.919,1.37963,1.37966,3.75,2.25
2015.01.14 17:04:55.970,1.37958,1.37961,3.75,1.87
2015.01.14 17:04:56.122,1.37963,1.37966,1.00,1.69
2015.01.14 17:04:56.275,1.37962,1.37967,1.00,1.31
2015.01.14 17:04:56.780,1.37963,1.37968,1.00,2.25
2015.01.14 17:04:57.488,1.37963,1.37968,1.00,2.25
2015.01.14 17:04:59.813,1.37963,1.37966,1.00,2.40
2015.01.14 17:04:59.864,1.37957,1.37964,2.62,1.56
2015.01.14 17:04:59.915,1.37957,1.37959,1.72,1.00
2015.01.14 17:04:59.966,1.37952,1.37958,1.00,1.37
2015.01.14 17:05:00.067,1.37947,1.37954,1.00,2.51
2015.01.14 17:05:00.120,1.37946,1.37953,1.10,1.29
2015.01.14 17:05:00.474,1.37944,1.3795,1.10,1.39
2015.01.14 17:05:00.841,1.37943,1.37948,1.00,1.87
2015.01.14 17:05:01.145,1.3794,1.37943,1.00,1.87
2015.01.14 17:05:01.195,1.37937,1.37943,1.25,2.25
2015.01.14 17:05:01.397,1.37938,1.37941,1.00,1.87
2015.01.14 17:05:01.499,1.37938,1.37941,1.00,1.20
2015.01.14 17:05:02.206,1.37939,1.37942,1.00,1.50
2015.01.14 17:05:02.716,1.3794,1.37944,1.00,1.75
2015.01.14 17:05:03.322,1.37936,1.37944,1.46,1.75
2015.01.14 17:05:03.727,1.37946,1.37949,1.00,1.20
2015.01.14 17:05:04.248,1.37947,1.37951,1.00,2.25
2015.01.14 17:05:04.501,1.37948,1.37951,1.00,2.10
2015.01.14 17:05:06.200,1.37948,1.37951,1.00,2.25
2015.01.14 17:05:06.912,1.37948,1.37951,1.00,2.10
2015.01.14 17:05:07.014,1.37946,1.3795,1.00,1.12
2015.01.14 17:05:07.116,1.37945,1.37951,1.20,1.84
2015.01.14 17:05:07.217,1.37945,1.3795,1.00,1.95
2015.01.14 17:05:07.520,1.37941,1.37948,1.57,1.12
2015.01.14 17:05:07.622,1.37947,1.3795,1.00,2.25
2015.01.14 17:05:07.925,1.37944,1.3795,1.00,1.95
2015.01.14 17:05:08.027,1.37948,1.37951,1.00,1.12
2015.01.14 17:05:09.137,1.37945,1.37951,1.00,1.87
2015.01.14 17:05:11.050,1.37948,1.37951,1.00,1.87
2015.01.14 17:05:11.905,1.37943,1.37948,1.10,1.50
2015.01.14 17:05:12.006,1.37943,1.37948,1.57,1.50
2015.01.14 17:05:12.057,1.37942,1.37946,1.00,1.12
2015.01.14 17:05:12.362,1.37943,1.3795,1.10,1.87
2015.01.14 17:05:12.863,1.37948,1.37951,1.00,1.05
2015.01.14 17:05:13.370,1.37943,1.37951,2.51,1.12
2015.01.14 17:05:15.258,1.37948,1.37951,1.00,1.05
2015.01.14 17:05:16.031,1.37946,1.37951,1.00,1.50
2015.01.14 17:05:16.233,1.37945,1.37949,1.00,1.87
2015.01.14 17:05:16.637,1.37942,1.37947,1.00,1.27
2015.01.14 17:05:16.688,1.37942,1.37946,1.00,2.25
2015.01.14 17:05:16.940,1.37938,1.37945,1.00,1.20
2015.01.14 17:05:17.143,1.37935,1.3794,2.89,1.00
2015.01.14 17:05:17.733,1.37935,1.37939,4.39,1.00
2015.01.14 17:05:18.240,1.37935,1.3794,4.39,1.00
2015.01.14 17:05:18.747,1.37935,1.37939,5.14,1.00
2015.01.14 17:05:18.950,1.37935,1.3794,1.50,1.00
2015.01.14 17:05:19.052,1.37934,1.3794,1.87,1.20
2015.01.14 17:05:19.254,1.3794,1.37942,1.00,1.00
2015.01.14 17:05:20.194,1.3794,1.37943,1.00,1.00
2015.01.14 17:05:20.703,1.37939,1.37947,1.75,1.65
2015.01.14 17:05:20.973,1.37939,1.37942,1.12,1.00
2015.01.14 17:05:21.074,1.37938,1.37941,1.65,1.00
2015.01.14 17:05:21.176,1.37939,1.37941,1.00,1.00
2015.01.14 17:05:21.378,1.37937,1.3794,2.10,1.00
2015.01.14 17:05:22.287,1.37937,1.3794,1.50,1.00
2015.01.14 17:05:22.792,1.37939,1.37943,1.12,1.00
2015.01.14 17:05:22.842,1.37942,1.37944,1.12,1.00
2015.01.14 17:05:22.913,1.37942,1.37947,1.12,1.50
2015.01.14 17:05:23.421,1.37942,1.37946,3.37,1.00
2015.01.14 17:05:23.472,1.37942,1.37948,3.37,1.00
2015.01.14 17:05:24.615,1.37943,1.37947,1.27,1.00
2015.01.14 17:05:25.126,1.37943,1.37946,1.27,1.00
2015.01.14 17:05:28.291,1.37943,1.37945,1.00,1.00
2015.01.14 17:05:28.599,1.37939,1.37943,1.00,1.20
2015.01.14 17:05:28.700,1.37936,1.37942,1.07,1.47
2015.01.14 17:05:29.005,1.37932,1.37941,4.50,1.20
2015.01.14 17:05:29.107,1.37938,1.37939,1.00,1.00
2015.01.14 17:05:29.209,1.37938,1.37942,1.10,1.57
2015.01.14 17:05:29.310,1.37937,1.3794,1.50,1.00
2015.01.14 17:05:29.513,1.37937,1.37942,1.50,1.00
2015.01.14 17:05:30.334,1.37937,1.3794,1.50,1.00
2015.01.14 17:05:30.638,1.37934,1.37937,1.50,1.00
2015.01.14 17:05:30.789,1.37932,1.37936,1.64,1.00
2015.01.14 17:05:32.131,1.37932,1.37936,1.07,1.00
2015.01.14 17:05:32.182,1.37934,1.37936,1.07,1.00
2015.01.14 17:05:33.012,1.37934,1.37936,1.00,1.00
2015.01.14 17:05:33.216,1.37932,1.37935,1.50,1.00
2015.01.14 17:05:33.449,1.37929,1.37935,2.81,1.00
2015.01.14 17:05:33.753,1.3793,1.37937,1.46,1.20
2015.01.14 17:05:34.258,1.37932,1.37936,1.10,1.00
2015.01.14 17:05:35.133,1.37932,1.37937,1.10,1.10
2015.01.14 17:05:35.640,1.37933,1.37937,1.00,1.10
2015.01.14 17:05:37.011,1.37933,1.37938,1.37,1.20
2015.01.14 17:05:37.519,1.37933,1.37938,1.95,1.00
2015.01.14 17:05:38.552,1.37937,1.37942,1.00,2.62
2015.01.14 17:05:38.704,1.37938,1.37942,1.00,1.00
2015.01.14 17:05:39.210,1.37936,1.37941,2.44,1.00
2015.01.14 17:05:39.573,1.37936,1.37939,1.50,1.00
2015.01.14 17:05:40.099,1.37936,1.37939,1.50,1.00
2015.01.14 17:05:40.251,1.37935,1.37938,1.00,1.00
2015.01.14 17:05:40.454,1.37937,1.37942,1.00,1.20
2015.01.14 17:05:40.958,1.37938,1.37943,1.10,1.10
2015.01.14 17:05:41.463,1.37938,1.37943,1.47,1.10
2015.01.14 17:05:41.831,1.3794,1.37944,1.12,1.10
2015.01.14 17:05:42.229,1.3794,1.37942,1.35,1.00
2015.01.14 17:05:42.331,1.37937,1.37941,1.87,1.00
2015.01.14 17:05:42.584,1.37937,1.3794,1.35,1.00
2015.01.14 17:05:42.988,1.37935,1.3794,2.14,1.00
2015.01.14 17:05:43.496,1.37935,1.37941,2.70,1.00
2015.01.14 17:05:44.058,1.37935,1.3794,1.95,1.00
2015.01.14 17:05:44.361,1.37934,1.37938,2.44,1.00
2015.01.14 17:05:44.411,1.37933,1.37937,2.32,1.00
2015.01.14 17:05:44.462,1.37933,1.37936,2.32,1.00
2015.01.14 17:05:44.765,1.37932,1.37936,2.32,1.00
2015.01.14 17:05:44.866,1.37932,1.37935,2.32,1.00
2015.01.14 17:05:45.123,1.37927,1.37932,5.14,1.00
2015.01.14 17:05:45.628,1.37927,1.37931,2.89,1.00
2015.01.14 17:05:45.983,1.37927,1.37934,2.89,1.10
2015.01.14 17:05:46.185,1.37928,1.37932,2.14,1.00
2015.01.14 17:05:46.286,1.37928,1.37934,1.39,1.10
2015.01.14 17:05:46.589,1.37927,1.37931,2.14,1.00
2015.01.14 17:05:47.504,1.37927,1.37929,1.50,1.00
2015.01.14 17:05:47.657,1.37924,1.37928,2.14,1.00
2015.01.14 17:05:47.708,1.37926,1.3793,1.07,1.00
2015.01.14 17:05:49.535,1.37926,1.3793,2.06,1.00
2015.01.14 17:05:49.687,1.37928,1.37934,1.20,1.10
2015.01.14 17:05:50.194,1.37928,1.37932,1.07,1.00
2015.01.14 17:05:52.732,1.37928,1.37931,1.07,1.00
2015.01.14 17:05:53.086,1.37926,1.3793,2.44,1.00
2015.01.14 17:05:58.681,1.37926,1.3793,2.62,1.00
2015.01.14 17:05:58.732,1.37926,1.37932,2.62,1.00
2015.01.14 17:05:59.196,1.37927,1.37934,1.87,1.00
2015.01.14 17:05:59.246,1.37931,1.37934,1.00,1.00
2015.01.14 17:05:59.398,1.37932,1.37939,1.00,2.25
2015.01.14 17:05:59.449,1.37932,1.37938,1.75,1.12
2015.01.14 17:05:59.602,1.37933,1.3794,1.07,1.57
2015.01.14 17:05:59.805,1.37935,1.37941,1.50,1.20
2015.01.14 17:06:00.109,1.37934,1.37939,1.01,1.00
2015.01.14 17:06:00.159,1.37933,1.37939,1.69,1.00
2015.01.14 17:06:00.311,1.37934,1.37937,1.09,1.00
2015.01.14 17:06:00.564,1.37931,1.37936,1.76,1.00
2015.01.14 17:06:00.716,1.37931,1.37934,1.32,1.00
2015.01.14 17:06:01.221,1.3793,1.37934,1.39,1.00
2015.01.14 17:06:01.764,1.37928,1.37933,1.69,1.00
2015.01.14 17:06:02.267,1.37929,1.37933,2.02,1.00
2015.01.14 17:06:02.318,1.37929,1.37935,1.27,1.20
2015.01.14 17:06:02.841,1.37929,1.37934,1.46,1.00
2015.01.14 17:06:03.044,1.37929,1.37936,1.46,1.00
2015.01.14 17:06:03.368,1.37928,1.37932,2.06,1.00
2015.01.14 17:06:03.884,1.37927,1.37932,3.64,1.00
2015.01.14 17:06:04.449,1.37925,1.37932,3.56,1.00
2015.01.14 17:06:04.955,1.37925,1.3793,2.81,1.00
2015.01.14 17:06:05.478,1.37926,1.3793,1.87,1.00
2015.01.14 17:06:05.933,1.37929,1.37932,1.00,1.12
2015.01.14 17:06:05.984,1.37929,1.37935,1.00,1.20
2015.01.14 17:06:06.186,1.3793,1.37936,1.07,1.00
2015.01.14 17:06:06.640,1.3793,1.37938,1.57,2.32
2015.01.14 17:06:06.741,1.3793,1.37936,1.07,1.00
2015.01.14 17:06:07.045,1.37933,1.37936,1.07,1.00
2015.01.14 17:06:08.250,1.37933,1.37937,1.32,1.00
2015.01.14 17:06:09.061,1.37933,1.37939,1.32,1.10
2015.01.14 17:06:09.264,1.37934,1.37937,1.50,1.00
2015.01.14 17:06:09.365,1.37932,1.37936,2.62,1.00
2015.01.14 17:06:09.891,1.37932,1.37937,1.87,1.00
2015.01.14 17:06:10.406,1.37933,1.37937,1.45,1.00
2015.01.14 17:06:10.457,1.37933,1.3794,1.20,1.20
2015.01.14 17:06:10.559,1.37936,1.3794,1.00,1.10
2015.01.14 17:06:11.065,1.37935,1.3794,1.10,1.10
2015.01.14 17:06:11.469,1.37934,1.37938,1.57,1.00
2015.01.14 17:06:11.671,1.37934,1.37941,1.07,1.20
2015.01.14 17:06:11.873,1.37934,1.37938,1.07,1.00
2015.01.14 17:06:12.278,1.37935,1.37937,1.00,1.00
2015.01.14 17:06:13.289,1.37935,1.37937,1.07,1.00
2015.01.14 17:06:13.823,1.37935,1.37937,1.00,1.00
2015.01.14 17:06:14.328,1.37934,1.37936,1.07,1.00
2015.01.14 17:06:14.783,1.37932,1.37936,1.69,1.00
2015.01.14 17:06:15.907,1.37932,1.37937,1.50,1.37
2015.01.14 17:06:16.008,1.37926,1.37929,1.10,1.00
2015.01.14 17:06:16.413,1.37925,1.37928,1.35,1.00
2015.01.14 17:06:16.818,1.37924,1.37931,1.50,2.62
2015.01.14 17:06:17.122,1.37924,1.37928,2.25,1.00
2015.01.14 17:06:17.388,1.37926,1.37928,1.07,1.00
2015.01.14 17:06:17.894,1.37926,1.37929,1.50,1.00
2015.01.14 17:06:19.628,1.37926,1.37928,2.10,1.00
2015.01.14 17:06:19.831,1.37924,1.37927,1.07,1.00
2015.01.14 17:06:19.933,1.37923,1.3793,1.50,1.87
2015.01.14 17:06:20.538,1.37923,1.37926,1.50,1.00
2015.01.14 17:06:22.510,1.37923,1.37927,3.00,1.00
2015.01.14 17:06:22.611,1.37925,1.37932,2.32,1.07
2015.01.14 17:06:22.713,1.37925,1.37928,2.85,1.00
2015.01.14 17:06:22.815,1.37923,1.37926,1.50,1.65
2015.01.14 17:06:22.866,1.37919,1.37924,3.75,1.00
2015.01.14 17:06:22.917,1.3792,1.37924,1.20,1.00
2015.01.14 17:06:23.069,1.37921,1.37925,1.50,1.20
2015.01.14 17:06:23.120,1.37929,1.37932,1.00,1.50
2015.01.14 17:06:23.323,1.37925,1.37931,3.07,1.12
2015.01.14 17:06:23.475,1.37928,1.37931,1.12,1.00
2015.01.14 17:06:23.525,1.37928,1.37933,1.12,1.25
2015.01.14 17:06:23.576,1.37926,1.3793,1.10,1.00
2015.01.14 17:06:23.627,1.37926,1.3793,1.10,1.50
2015.01.14 17:06:23.678,1.37925,1.37927,1.00,1.50
2015.01.14 17:06:23.829,1.37927,1.3793,1.50,1.00
2015.01.14 17:06:23.931,1.37928,1.3793,1.00,2.81
2015.01.14 17:06:23.982,1.37923,1.37927,2.17,1.75
2015.01.14 17:06:24.033,1.37923,1.37926,1.00,1.45
2015.01.14 17:06:24.084,1.37918,1.37921,1.07,1.00
2015.01.14 17:06:24.135,1.37918,1.3792,1.20,1.00
2015.01.14 17:06:24.236,1.37917,1.3792,2.10,1.00
2015.01.14 17:06:24.741,1.37918,1.3792,1.00,1.00
2015.01.14 17:06:25.044,1.37915,1.37923,2.06,3.00
2015.01.14 17:06:25.425,1.37918,1.37926,4.50,2.44
2015.01.14 17:06:25.476,1.37918,1.37922,5.25,1.00
2015.01.14 17:06:25.980,1.3792,1.37922,1.00,1.00
2015.01.14 17:06:26.586,1.37919,1.37922,2.40,1.00
2015.01.14 17:06:26.737,1.37919,1.37923,3.07,1.00
2015.01.14 17:06:27.251,1.37921,1.37924,1.50,1.00
2015.01.14 17:06:28.278,1.37921,1.37923,1.35,1.00
2015.01.14 17:06:28.857,1.37921,1.37924,1.50,1.00
2015.01.14 17:06:29.363,1.37922,1.37926,1.76,1.00
2015.01.14 17:06:29.466,1.37923,1.37931,3.00,2.32
2015.01.14 17:06:29.567,1.37925,1.37928,1.87,1.00
2015.01.14 17:06:29.669,1.37925,1.37931,4.12,1.20
2015.01.14 17:06:29.821,1.37927,1.37931,3.37,1.00
2015.01.14 17:06:30.125,1.37928,1.37935,1.07,3.75
2015.01.14 17:06:30.328,1.37936,1.37938,1.25,1.50
2015.01.14 17:06:30.380,1.37936,1.37939,1.01,1.00
2015.01.14 17:06:30.431,1.37936,1.37939,1.01,1.00
2015.01.14 17:06:30.532,1.37935,1.37939,3.26,1.00
2015.01.14 17:06:30.684,1.37936,1.37941,1.01,1.00
2015.01.14 17:06:30.786,1.3794,1.37944,1.00,1.50
2015.01.14 17:06:30.837,1.3794,1.37944,1.56,1.35
2015.01.14 17:06:31.141,1.37954,1.37959,1.37,1.95
2015.01.14 17:06:31.192,1.37954,1.37958,1.37,1.07
2015.01.14 17:06:31.255,1.37956,1.3796,1.09,1.00
2015.01.14 17:06:31.412,1.37954,1.3796,1.07,1.07
2015.01.14 17:06:31.614,1.37951,1.37956,1.07,1.00
2015.01.14 17:06:31.716,1.37949,1.37952,1.10,1.00
2015.01.14 17:06:32.020,1.37947,1.3795,1.00,1.00
2015.01.14 17:06:32.222,1.37947,1.3795,1.07,1.00
2015.01.14 17:06:32.323,1.37947,1.37955,1.07,2.32
2015.01.14 17:06:32.475,1.37944,1.37947,2.25,1.00
2015.01.14 17:06:32.577,1.3794,1.37946,1.69,1.00
2015.01.14 17:06:32.678,1.37941,1.37945,2.32,1.00
2015.01.14 17:06:32.729,1.37942,1.37948,1.07,1.50
2015.01.14 17:06:33.032,1.37942,1.37946,1.57,1.00
2015.01.14 17:06:33.336,1.37944,1.37947,1.50,1.00
2015.01.14 17:06:33.842,1.37944,1.37948,1.50,1.00
2015.01.14 17:06:34.146,1.37935,1.37943,4.50,1.65
2015.01.14 17:06:34.197,1.37936,1.37943,1.85,1.57
2015.01.14 17:06:34.571,1.37937,1.37942,1.20,1.50
2015.01.14 17:06:34.874,1.3794,1.37943,1.50,1.00
2015.01.14 17:06:35.932,1.3794,1.37945,1.50,1.20
2015.01.14 17:06:36.438,1.3794,1.37944,1.50,1.00
2015.01.14 17:06:36.540,1.37938,1.37942,1.07,1.00
2015.01.14 17:06:36.641,1.37936,1.37942,1.87,1.20
2015.01.14 17:06:36.844,1.37937,1.37943,1.85,1.57
2015.01.14 17:06:37.450,1.37938,1.37944,1.07,2.32
2015.01.14 17:06:37.956,1.37939,1.37944,1.07,1.00
2015.01.14 17:06:38.764,1.37939,1.37942,1.07,1.00
2015.01.14 17:06:38.865,1.37937,1.37942,1.50,1.00
2015.01.14 17:06:40.285,1.37935,1.37942,1.50,1.00
2015.01.14 17:06:40.488,1.37934,1.37937,2.17,1.00
2015.01.14 17:06:40.539,1.37933,1.37936,1.07,1.00
2015.01.14 17:06:40.590,1.37933,1.37939,1.07,1.50
2015.01.14 17:06:40.692,1.37933,1.37939,1.50,1.00
2015.01.14 17:06:41.272,1.37934,1.37939,1.50,1.00
2015.01.14 17:06:42.382,1.37934,1.37938,1.50,1.00
2015.01.14 17:06:42.923,1.37933,1.37937,1.07,1.00
2015.01.14 17:06:43.430,1.37933,1.37936,1.07,1.00
2015.01.14 17:06:43.582,1.37933,1.37938,1.07,1.00
2015.01.14 17:06:43.683,1.37935,1.37938,1.50,1.00
2015.01.14 17:06:44.190,1.37935,1.3794,1.50,1.20
2015.01.14 17:06:44.493,1.37935,1.37938,1.50,1.00
2015.01.14 17:06:44.898,1.37932,1.37937,1.50,1.00
2015.01.14 17:06:45.428,1.37932,1.37936,1.50,1.00
2015.01.14 17:06:45.581,1.37932,1.3794,2.81,1.20
2015.01.14 17:06:45.632,1.37932,1.3794,2.81,1.10
2015.01.14 17:06:45.938,1.37935,1.37937,1.00,1.00
2015.01.14 17:06:46.041,1.3793,1.37935,2.06,1.00
2015.01.14 17:06:46.545,1.3793,1.37934,1.50,1.00
2015.01.14 17:06:47.051,1.37929,1.37933,1.07,1.00
2015.01.14 17:06:47.729,1.37927,1.37935,1.50,2.02
2015.01.14 17:06:47.779,1.37927,1.37932,1.50,1.00
2015.01.14 17:06:47.881,1.37924,1.37928,1.64,1.00
2015.01.14 17:06:48.386,1.37924,1.37928,1.45,1.00
2015.01.14 17:06:48.841,1.37926,1.37931,1.39,1.00
2015.01.14 17:06:49.358,1.37926,1.37932,1.26,1.00
2015.01.14 17:06:50.614,1.37926,1.37929,1.07,1.00
2015.01.14 17:06:51.119,1.37925,1.37929,1.87,1.00
2015.01.14 17:06:51.220,1.37925,1.37931,1.87,1.00
2015.01.14 17:06:51.271,1.37927,1.37931,1.50,1.00
2015.01.14 17:06:52.315,1.37927,1.37932,1.87,1.00
2015.01.14 17:06:52.517,1.37929,1.37935,1.45,1.57
2015.01.14 17:06:52.821,1.37929,1.37931,1.00,1.00
2015.01.14 17:06:53.025,1.37928,1.37932,1.07,1.00
2015.01.14 17:06:53.531,1.37928,1.37931,1.07,1.00
2015.01.14 17:06:53.835,1.37926,1.37931,1.07,1.10
2015.01.14 17:06:53.936,1.37924,1.37927,1.32,1.00
2015.01.14 17:06:54.441,1.37924,1.37929,1.07,1.10
2015.01.14 17:06:54.644,1.37925,1.37928,1.87,1.00
2015.01.14 17:06:55.049,1.37923,1.37927,3.37,1.00
2015.01.14 17:06:55.579,1.37923,1.37927,3.37,1.00
2015.01.14 17:06:55.680,1.37926,1.37928,1.50,1.00
2015.01.14 17:06:55.984,1.37928,1.37933,1.07,1.69
2015.01.14 17:06:56.438,1.37928,1.3793,1.50,1.00
2015.01.14 17:06:57.057,1.37928,1.37929,1.35,1.00
2015.01.14 17:06:57.562,1.37927,1.37929,1.07,1.00
2015.01.14 17:06:57.764,1.37928,1.37929,1.00,1.00
2015.01.14 17:06:57.917,1.37918,1.37924,2.32,1.57
2015.01.14 17:06:58.083,1.37917,1.37921,2.62,1.50
2015.01.14 17:06:58.234,1.3792,1.37922,1.12,1.50
2015.01.14 17:06:58.336,1.37919,1.37923,1.37,1.20
2015.01.14 17:06:58.640,1.37923,1.37924,1.00,1.00
2015.01.14 17:06:58.691,1.37921,1.37925,1.70,1.00
2015.01.14 17:06:58.895,1.37922,1.37925,1.50,1.00
2015.01.14 17:06:59.302,1.37922,1.37925,1.37,1.00
2015.01.14 17:06:59.660,1.37922,1.37925,1.35,1.00
2015.01.14 17:06:59.963,1.37922,1.37925,2.62,3.00
2015.01.14 17:07:00.013,1.37922,1.37925,2.62,3.00
2015.01.14 17:07:00.671,1.3792,1.37922,1.57,1.00
2015.01.14 17:07:01.189,1.3792,1.37923,1.07,1.50
2015.01.14 17:07:01.342,1.3792,1.37925,1.45,1.50
2015.01.14 17:07:01.405,1.37924,1.37926,1.12,1.00
2015.01.14 17:07:01.711,1.37927,1.37928,1.00,1.00
2015.01.14 17:07:02.220,1.37927,1.3793,1.07,1.19
2015.01.14 17:07:02.524,1.37925,1.3793,1.50,2.25
2015.01.14 17:07:03.029,1.37924,1.37927,1.07,1.00
2015.01.14 17:07:03.283,1.3792,1.37923,1.20,1.00
2015.01.14 17:07:04.294,1.37922,1.37927,1.87,1.00
2015.01.14 17:07:04.799,1.37922,1.37928,1.87,1.25
2015.01.14 17:07:06.002,1.37922,1.37927,1.87,1.00
2015.01.14 17:07:06.053,1.37922,1.37926,1.87,1.00
2015.01.14 17:07:06.154,1.3792,1.37923,1.57,1.00
2015.01.14 17:07:06.256,1.37918,1.37923,1.00,1.87
2015.01.14 17:07:06.307,1.37918,1.37923,1.00,2.62
2015.01.14 17:07:06.357,1.37913,1.37917,1.39,1.00
2015.01.14 17:07:06.409,1.37912,1.37915,2.47,1.00
2015.01.14 17:07:06.915,1.37913,1.37919,1.87,2.25
2015.01.14 17:07:09.010,1.37913,1.37916,1.20,1.00
2015.01.14 17:07:10.222,1.37913,1.3792,1.87,2.06
2015.01.14 17:07:10.727,1.37913,1.37916,1.50,1.00
2015.01.14 17:07:10.830,1.37913,1.3792,1.87,4.31
2015.01.14 17:07:11.032,1.37911,1.37914,1.07,1.00
2015.01.14 17:07:11.655,1.37911,1.37916,1.45,1.00
2015.01.14 17:07:11.756,1.37911,1.37916,1.45,1.00
2015.01.14 17:07:11.958,1.37911,1.37916,1.12,1.10
2015.01.14 17:07:12.362,1.3791,1.37913,1.50,1.00
2015.01.14 17:07:15.166,1.3791,1.37918,2.62,3.75
2015.01.14 17:07:16.497,1.3791,1.37918,3.37,1.12
2015.01.14 17:07:16.649,1.37913,1.3792,1.87,2.25
2015.01.14 17:07:16.700,1.37913,1.37919,1.87,1.00
2015.01.14 17:07:16.852,1.37911,1.37918,2.62,1.00
2015.01.14 17:07:16.903,1.37915,1.37919,1.50,1.57
2015.01.14 17:07:17.206,1.37918,1.3792,1.12,1.50
2015.01.14 17:07:17.510,1.37921,1.37923,1.00,1.00
2015.01.14 17:07:17.814,1.37922,1.37928,1.07,3.26
2015.01.14 17:07:18.319,1.37921,1.37927,1.07,1.32
2015.01.14 17:07:18.622,1.37921,1.37927,1.07,1.76
2015.01.14 17:07:18.673,1.37918,1.37921,3.60,1.00
2015.01.14 17:07:18.774,1.37918,1.37925,1.50,1.69
2015.01.14 17:07:19.179,1.37917,1.37923,1.57,1.00
2015.01.14 17:07:19.699,1.37918,1.37923,1.50,1.00
2015.01.14 17:07:20.204,1.37919,1.37923,1.00,1.00
2015.01.14 17:07:20.572,1.37919,1.37921,1.00,1.00
2015.01.14 17:07:20.976,1.37919,1.37924,2.25,1.00
2015.01.14 17:07:21.077,1.37919,1.37924,1.50,1.50
2015.01.14 17:07:21.284,1.3792,1.37922,1.10,1.00
2015.01.14 17:07:21.385,1.37919,1.37924,1.07,1.87
2015.01.14 17:07:21.555,1.37917,1.37923,1.07,1.00
2015.01.14 17:07:22.712,1.37917,1.37924,1.07,2.14
2015.01.14 17:07:23.787,1.37917,1.37923,1.07,1.00
2015.01.14 17:07:24.041,1.37912,1.37918,3.00,1.00
2015.01.14 17:07:24.192,1.37912,1.37916,1.50,1.00
2015.01.14 17:07:24.497,1.37914,1.37916,1.07,1.00
2015.01.14 17:07:24.901,1.37914,1.3792,1.07,1.76
2015.01.14 17:07:26.035,1.37914,1.3792,1.45,1.00
2015.01.14 17:07:26.389,1.37916,1.37922,1.12,1.10
2015.01.14 17:07:27.106,1.37916,1.37923,2.25,1.65
2015.01.14 17:07:27.258,1.37917,1.37924,1.95,1.57
2015.01.14 17:07:27.713,1.37918,1.37921,1.50,1.00
2015.01.14 17:07:27.814,1.37918,1.37923,1.07,3.00
2015.01.14 17:07:28.320,1.37917,1.37923,1.07,1.00
2015.01.14 17:07:28.623,1.37917,1.37921,1.07,1.00
2015.01.14 17:07:28.724,1.37917,1.37923,1.07,1.50
2015.01.14 17:07:29.228,1.37918,1.37925,3.07,1.57
2015.01.14 17:07:30.393,1.37918,1.37922,1.57,1.00
2015.01.14 17:07:30.900,1.37918,1.37923,2.32,1.87
2015.01.14 17:07:31.203,1.37921,1.37926,1.00,4.01
2015.01.14 17:07:31.726,1.37921,1.37924,1.07,1.00
2015.01.14 17:07:32.680,1.37921,1.37923,1.07,1.00
2015.01.14 17:07:32.832,1.37918,1.37922,1.84,1.00
2015.01.14 17:07:32.934,1.3792,1.37924,1.00,1.00
2015.01.14 17:07:33.238,1.3792,1.37923,1.07,1.00
2015.01.14 17:07:33.566,1.37918,1.37922,2.51,1.00
2015.01.14 17:07:33.617,1.37918,1.37922,1.84,1.00
2015.01.14 17:07:33.769,1.37918,1.37922,1.65,1.69
2015.01.14 17:07:34.022,1.37919,1.37924,1.50,1.57
2015.01.14 17:07:34.124,1.37921,1.37926,1.00,4.69
2015.01.14 17:07:34.629,1.37921,1.37926,1.87,1.09
2015.01.14 17:07:36.965,1.37922,1.37928,1.45,1.75
2015.01.14 17:07:37.016,1.37922,1.37928,1.45,1.00
2015.01.14 17:07:37.605,1.37922,1.37927,1.45,1.00
2015.01.14 17:07:38.978,1.37923,1.37927,1.12,1.00
2015.01.14 17:07:40.773,1.37923,1.37926,1.87,1.00
2015.01.14 17:07:41.260,1.37922,1.37928,1.45,1.00
2015.01.14 17:07:41.362,1.37922,1.3793,1.45,1.00
2015.01.14 17:07:41.887,1.37922,1.37929,1.45,1.00
2015.01.14 17:07:42.452,1.37922,1.37929,1.45,1.00
2015.01.14 17:07:42.604,1.37922,1.37927,1.45,1.00
2015.01.14 17:07:43.125,1.37922,1.37926,1.45,1.00
2015.01.14 17:07:43.389,1.37922,1.37928,1.45,1.00
2015.01.14 17:07:43.990,1.37922,1.37927,1.45,1.00
2015.01.14 17:07:44.495,1.37922,1.37926,1.45,1.50
2015.01.14 17:07:45.012,1.37921,1.37926,1.87,1.50
2015.01.14 17:07:45.799,1.37919,1.37926,1.39,1.10
2015.01.14 17:07:46.001,1.37919,1.37924,1.20,1.00
2015.01.14 17:07:46.506,1.37918,1.37923,1.87,1.00
2015.01.14 17:07:47.414,1.37918,1.37922,1.50,1.00
2015.01.14 17:07:47.566,1.37915,1.37922,1.20,3.82
2015.01.14 17:07:48.903,1.37915,1.37919,1.07,1.00
2015.01.14 17:07:49.206,1.37914,1.37916,1.12,1.00
2015.01.14 17:07:49.257,1.3791,1.37915,1.57,1.00
2015.01.14 17:07:49.762,1.3791,1.37916,3.45,1.50
2015.01.14 17:07:50.015,1.37911,1.37918,1.47,1.76
2015.01.14 17:07:50.267,1.3791,1.37918,4.39,1.01
2015.01.14 17:07:52.544,1.37913,1.37917,1.87,1.00
2015.01.14 17:07:53.049,1.37913,1.37916,1.87,1.50
2015.01.14 17:07:56.105,1.37913,1.37916,1.87,1.50
2015.01.14 17:07:56.518,1.37915,1.37919,1.75,1.00
2015.01.14 17:07:56.714,1.37918,1.3792,1.12,1.50
2015.01.14 17:07:57.018,1.37915,1.37919,1.50,1.00
2015.01.14 17:07:57.068,1.37915,1.37918,1.50,1.00
2015.01.14 17:07:57.590,1.37913,1.37917,2.06,1.00
2015.01.14 17:08:00.025,1.37912,1.37917,1.57,1.00
2015.01.14 17:08:00.554,1.37912,1.37915,1.45,1.00
2015.01.14 17:08:00.857,1.3791,1.37913,1.87,1.00
2015.01.14 17:08:01.263,1.37912,1.37915,1.37,1.50
2015.01.14 17:08:01.365,1.37912,1.37917,1.12,1.00
2015.01.14 17:08:01.567,1.37912,1.37915,1.87,1.00
2015.01.14 17:08:01.870,1.3791,1.37913,1.37,1.50
2015.01.14 17:08:02.274,1.3791,1.37915,1.87,1.50
2015.01.14 17:08:02.325,1.37911,1.37915,1.37,2.25
2015.01.14 17:08:02.426,1.37911,1.37917,1.37,2.40
2015.01.14 17:08:03.032,1.37912,1.37914,1.87,1.50
2015.01.14 17:08:03.891,1.3791,1.37913,1.00,1.00
2015.01.14 17:08:04.195,1.3791,1.37911,1.00,1.00
2015.01.14 17:08:04.246,1.3791,1.37915,1.37,1.25
2015.01.14 17:08:04.398,1.37912,1.37916,1.87,2.25
2015.01.14 17:08:04.903,1.37912,1.37916,1.50,1.50
2015.01.14 17:08:04.954,1.37912,1.37914,1.50,1.00
2015.01.14 17:08:05.845,1.37912,1.37914,1.69,1.00
2015.01.14 17:08:06.048,1.3792,1.37923,1.50,1.50
2015.01.14 17:08:06.099,1.3792,1.37923,1.50,2.25
2015.01.14 17:08:06.403,1.37922,1.37924,1.07,1.00
2015.01.14 17:08:07.262,1.37921,1.37923,1.50,1.00
2015.01.14 17:08:07.364,1.37919,1.37922,1.50,1.00
2015.01.14 17:08:07.465,1.37919,1.37926,2.32,3.75
2015.01.14 17:08:07.617,1.37921,1.37926,1.07,2.32
2015.01.14 17:08:07.936,1.37921,1.37924,1.07,1.00
2015.01.14 17:08:08.140,1.37919,1.37923,1.07,1.00
2015.01.14 17:08:08.191,1.37918,1.37921,1.85,1.00
2015.01.14 17:08:08.242,1.37917,1.37919,1.35,1.00
2015.01.14 17:08:08.698,1.37914,1.37918,1.69,1.00
2015.01.14 17:08:09.153,1.37915,1.37919,1.01,1.50
2015.01.14 17:08:09.687,1.37916,1.3792,1.50,1.00
2015.01.14 17:08:10.499,1.37916,1.3792,1.87,1.00
2015.01.14 17:08:10.903,1.37916,1.37917,1.35,1.00
2015.01.14 17:08:11.409,1.37915,1.37917,1.07,1.50
2015.01.14 17:08:11.915,1.37915,1.37917,1.07,1.00
2015.01.14 17:08:12.908,1.37915,1.37918,1.20,1.50
2015.01.14 17:08:13.440,1.37917,1.37918,1.00,1.00
2015.01.14 17:08:13.592,1.37915,1.3792,1.76,1.50
2015.01.14 17:08:13.643,1.37915,1.37918,1.76,1.00
2015.01.14 17:08:13.968,1.37916,1.3792,1.01,1.00
2015.01.14 17:08:15.153,1.37915,1.37917,1.07,1.00
2015.01.14 17:08:15.456,1.37913,1.37915,1.32,1.00
2015.01.14 17:08:15.928,1.37913,1.37918,2.06,1.00
2015.01.14 17:08:16.443,1.37915,1.37918,1.07,1.00
2015.01.14 17:08:16.857,1.37913,1.37918,2.06,1.00
2015.01.14 17:08:17.469,1.37913,1.37916,1.87,1.00
2015.01.14 17:08:18.037,1.37912,1.37916,2.06,1.00
2015.01.14 17:08:20.773,1.37912,1.37915,1.50,1.00
2015.01.14 17:08:20.975,1.3791,1.37917,2.44,1.00
2015.01.14 17:08:21.026,1.37911,1.37917,1.20,1.00
2015.01.14 17:08:21.528,1.37912,1.37918,1.00,2.62
2015.01.14 17:08:21.631,1.3791,1.37918,1.76,3.37
2015.01.14 17:08:21.732,1.3791,1.37918,4.01,1.50
2015.01.14 17:08:21.802,1.37912,1.3792,1.50,3.19
2015.01.14 17:08:22.357,1.37913,1.3792,1.07,2.06
2015.01.14 17:08:22.862,1.37913,1.3792,1.50,2.44
2015.01.14 17:08:24.442,1.37913,1.37919,1.69,1.00
2015.01.14 17:08:24.646,1.37913,1.37917,1.69,1.50
2015.01.14 17:08:25.678,1.37913,1.37918,1.50,1.25
2015.01.14 17:08:27.068,1.37913,1.37917,1.50,1.00
2015.01.14 17:08:27.270,1.3791,1.37917,1.69,1.50
2015.01.14 17:08:29.655,1.37912,1.37917,1.87,1.00
2015.01.14 17:08:29.756,1.37913,1.37919,1.12,1.84
2015.01.14 17:08:30.268,1.37913,1.37919,1.07,1.69
2015.01.14 17:08:35.188,1.37912,1.37918,1.32,1.00
2015.01.14 17:08:35.708,1.37913,1.37918,1.50,1.00
2015.01.14 17:08:35.975,1.37914,1.37921,1.20,1.46
2015.01.14 17:08:36.076,1.37915,1.37922,1.07,1.76
2015.01.14 17:08:36.380,1.37915,1.37919,1.07,1.12
2015.01.14 17:08:36.683,1.37912,1.37918,1.69,1.00
2015.01.14 17:08:39.134,1.37912,1.37919,1.50,2.06
2015.01.14 17:08:42.226,1.37912,1.3792,4.31,1.84
2015.01.14 17:08:43.009,1.37912,1.3792,2.81,1.65
2015.01.14 17:08:43.362,1.37915,1.37921,1.22,2.32
2015.01.14 17:08:43.665,1.37916,1.37924,1.07,4.69
2015.01.14 17:08:43.977,1.37916,1.3792,1.07,1.00
2015.01.14 17:08:44.491,1.37915,1.3792,1.69,1.00
2015.01.14 17:08:44.997,1.37915,1.37921,1.50,1.20
2015.01.14 17:08:45.199,1.37913,1.3792,1.50,1.27
2015.01.14 17:08:45.451,1.37912,1.37919,1.39,1.07
2015.01.14 17:08:45.754,1.37914,1.3792,2.62,2.25
2015.01.14 17:08:45.922,1.37914,1.37922,1.50,1.57
2015.01.14 17:08:46.464,1.37915,1.37921,1.07,1.47
2015.01.14 17:08:46.779,1.37917,1.37925,2.81,3.45
2015.01.14 17:08:46.881,1.37919,1.37925,1.57,1.12
2015.01.14 17:08:47.340,1.3792,1.37926,1.57,1.10
2015.01.14 17:08:48.140,1.3792,1.37923,1.07,1.00
2015.01.14 17:08:48.645,1.37917,1.37922,1.85,1.00
2015.01.14 17:08:48.746,1.37917,1.37919,1.10,1.00
2015.01.14 17:08:48.948,1.37913,1.37917,1.50,1.00
2015.01.14 17:08:49.049,1.37913,1.37919,1.50,1.50
2015.01.14 17:08:49.554,1.37913,1.37918,1.50,1.00
2015.01.14 17:08:50.071,1.37911,1.37918,2.32,1.00
2015.01.14 17:08:50.590,1.37911,1.37917,1.57,1.00
2015.01.14 17:08:51.100,1.37911,1.37916,3.26,1.00
2015.01.14 17:08:51.201,1.37914,1.37921,1.00,1.57
2015.01.14 17:08:51.403,1.37915,1.37919,1.07,1.00
2015.01.14 17:08:51.606,1.37913,1.37919,1.32,1.50
2015.01.14 17:08:52.111,1.37914,1.3792,1.00,1.00
2015.01.14 17:08:52.616,1.37914,1.37918,1.25,1.00
2015.01.14 17:08:54.038,1.37912,1.37918,1.76,1.50
2015.01.14 17:08:54.393,1.37912,1.37916,1.22,1.00
2015.01.14 17:08:54.494,1.3791,1.37916,1.32,1.00
2015.01.14 17:08:55.068,1.37915,1.37916,1.00,1.00
2015.01.14 17:08:55.321,1.37912,1.37917,1.32,1.50
2015.01.14 17:08:55.473,1.37909,1.37917,1.26,3.37
2015.01.14 17:08:56.264,1.37909,1.37914,2.44,1.00
2015.01.14 17:08:56.366,1.37909,1.37913,1.50,1.00
2015.01.14 17:08:56.468,1.37908,1.37911,1.75,1.00
2015.01.14 17:08:56.569,1.37907,1.37911,1.00,2.25
2015.01.14 17:08:56.670,1.37904,1.37908,1.69,1.00
2015.01.14 17:08:56.772,1.37904,1.37908,1.57,1.00
2015.01.14 17:08:56.873,1.37902,1.37908,1.50,1.50
2015.01.14 17:08:57.024,1.37903,1.37909,1.50,1.20
2015.01.14 17:08:57.529,1.37904,1.3791,1.20,3.00
2015.01.14 17:08:58.415,1.37906,1.37911,1.69,1.12
2015.01.14 17:08:59.741,1.37906,1.37909,1.50,1.00
2015.01.14 17:09:00.044,1.37903,1.37906,1.69,1.00
2015.01.14 17:09:00.347,1.37903,1.37905,1.35,1.00
2015.01.14 17:09:00.448,1.37902,1.37906,2.25,1.00
2015.01.14 17:09:00.701,1.379,1.37905,1.69,1.50
2015.01.14 17:09:01.205,1.379,1.37906,1.69,1.20
2015.01.14 17:09:01.862,1.379,1.37904,1.50,1.00
2015.01.14 17:09:01.963,1.37898,1.37904,1.76,1.00
2015.01.14 17:09:02.568,1.37899,1.37904,1.95,1.00
2015.01.14 17:09:02.619,1.37901,1.37906,1.25,1.10
2015.01.14 17:09:02.720,1.37902,1.37906,2.25,1.00
2015.01.14 17:09:02.874,1.37904,1.3791,1.50,1.30
2015.01.14 17:09:03.379,1.37904,1.37909,1.50,1.00
2015.01.14 17:09:03.733,1.37904,1.37907,1.50,1.00
2015.01.14 17:09:04.036,1.37898,1.37901,8.51,1.00
2015.01.14 17:09:04.390,1.37898,1.37903,7.69,1.00
2015.01.14 17:09:04.744,1.37897,1.37905,10.09,3.00
2015.01.14 17:09:05.206,1.379,1.37905,1.00,1.50
2015.01.14 17:09:05.725,1.37899,1.37907,2.25,3.56
2015.01.14 17:09:07.363,1.37899,1.37904,1.25,1.00
2015.01.14 17:09:07.665,1.37899,1.37904,3.64,1.00
2015.01.14 17:09:08.034,1.37899,1.37902,1.76,1.00
2015.01.14 17:09:08.591,1.37899,1.37903,1.32,1.00
2015.01.14 17:09:08.793,1.37898,1.37903,6.90,1.00
2015.01.14 17:09:08.945,1.379,1.37903,1.00,1.00
2015.01.14 17:09:09.046,1.37898,1.37903,8.40,1.00
2015.01.14 17:09:09.551,1.37898,1.37902,6.75,1.00
2015.01.14 17:09:09.753,1.379,1.37903,1.00,1.50
2015.01.14 17:09:10.124,1.379,1.37902,1.00,1.00
2015.01.14 17:09:10.174,1.37898,1.37901,6.75,1.00
2015.01.14 17:09:11.839,1.37899,1.37902,1.00,1.00
2015.01.14 17:09:12.107,1.37899,1.37903,1.00,1.00
2015.01.14 17:09:12.309,1.37899,1.37905,1.50,1.00
2015.01.14 17:09:13.070,1.37897,1.37904,6.82,1.87
2015.01.14 17:09:13.221,1.37895,1.37899,1.00,1.45
2015.01.14 17:09:13.272,1.37892,1.37899,1.20,1.87
2015.01.14 17:09:13.323,1.37892,1.37899,1.20,1.87
2015.01.14 17:09:13.424,1.3789,1.37896,1.00,1.45
2015.01.14 17:09:13.930,1.37889,1.37896,1.09,1.45
2015.01.14 17:09:14.435,1.37888,1.37895,1.00,1.95
2015.01.14 17:09:14.678,1.3789,1.37895,1.00,1.20
2015.01.14 17:09:15.205,1.3789,1.37895,1.00,1.50
2015.01.14 17:09:15.550,1.37893,1.37896,1.50,1.00
2015.01.14 17:09:15.601,1.37892,1.37897,1.00,1.12
2015.01.14 17:09:15.702,1.37889,1.37897,3.34,1.87
2015.01.14 17:09:16.343,1.3789,1.37897,1.00,1.50
2015.01.14 17:09:16.856,1.37889,1.37897,2.02,1.50
2015.01.14 17:09:19.996,1.37889,1.37894,1.00,1.50
2015.01.14 17:09:23.091,1.37887,1.37894,1.50,1.50
2015.01.14 17:09:23.294,1.37886,1.37892,1.00,1.00
2015.01.14 17:09:23.598,1.37884,1.37888,1.50,2.25
2015.01.14 17:09:23.649,1.37883,1.37888,1.00,2.62
2015.01.14 17:09:23.751,1.37881,1.37888,1.25,3.07
2015.01.14 17:09:23.852,1.37882,1.37887,1.00,1.75
2015.01.14 17:09:24.004,1.37882,1.37888,1.00,2.32
2015.01.14 17:09:24.414,1.37878,1.37886,1.84,1.45
2015.01.14 17:09:25.018,1.37879,1.37886,1.00,1.45
2015.01.14 17:09:26.318,1.37878,1.37886,2.96,1.87
2015.01.14 17:09:26.504,1.37879,1.37881,1.00,1.00
2015.01.14 17:09:26.706,1.37871,1.37878,1.20,1.95
2015.01.14 17:09:27.160,1.37873,1.3788,2.40,2.25
2015.01.14 17:09:27.413,1.37871,1.37878,2.32,1.57
2015.01.14 17:09:27.717,1.37868,1.37875,1.65,1.87
2015.01.14 17:09:28.021,1.3787,1.37875,1.00,1.50
2015.01.14 17:09:28.287,1.37871,1.37876,1.20,1.12
2015.01.14 17:09:28.792,1.37872,1.37878,1.00,1.12
2015.01.14 17:09:29.306,1.37871,1.37878,1.27,1.12
2015.01.14 17:09:30.252,1.37872,1.37878,1.00,1.12
2015.01.14 17:09:30.354,1.3787,1.37876,1.50,1.87
2015.01.14 17:09:30.456,1.37867,1.37874,2.44,1.45
2015.01.14 17:09:30.961,1.37869,1.37874,1.00,1.07
2015.01.14 17:09:31.012,1.37871,1.37875,1.00,1.12
2015.01.14 17:09:31.113,1.37871,1.37877,1.00,2.25
2015.01.14 17:09:31.911,1.3787,1.37877,1.00,2.62
2015.01.14 17:09:32.434,1.37869,1.37877,2.40,2.62
2015.01.14 17:09:32.536,1.37871,1.37877,1.37,1.87
2015.01.14 17:09:32.789,1.37877,1.3788,1.00,1.10
2015.01.14 17:09:32.890,1.37877,1.37884,1.50,1.20
2015.01.14 17:09:33.143,1.37879,1.37885,1.00,1.12
2015.01.14 17:09:33.661,1.37878,1.37884,3.00,1.27
2015.01.14 17:09:34.568,1.3788,1.37885,1.00,1.87
2015.01.14 17:09:35.189,1.3788,1.37887,1.20,2.25
2015.01.14 17:09:35.859,1.37881,1.37886,2.25,1.10
2015.01.14 17:09:36.629,1.3788,1.37886,3.00,1.12
2015.01.14 17:09:36.882,1.37884,1.37889,1.00,1.50
2015.01.14 17:09:36.933,1.37884,1.37889,1.50,1.12
2015.01.14 17:09:37.085,1.37884,1.37891,2.32,2.25
2015.01.14 17:09:37.591,1.37884,1.3789,1.20,1.37
2015.01.14 17:09:37.944,1.37884,1.3789,1.20,1.87
2015.01.14 17:09:38.450,1.37884,1.37891,2.32,2.70
2015.01.14 17:09:38.602,1.37886,1.37893,1.00,1.12
2015.01.14 17:09:38.703,1.37886,1.37894,2.25,1.57
2015.01.14 17:09:38.805,1.37888,1.37894,1.07,1.10
2015.01.14 17:09:39.326,1.37888,1.37896,2.25,1.37
2015.01.14 17:09:40.698,1.37888,1.37893,2.25,1.00
2015.01.14 17:09:41.002,1.37884,1.37889,1.07,1.00
2015.01.14 17:09:41.597,1.37885,1.3789,1.07,1.00
2015.01.14 17:09:42.006,1.37885,1.37888,1.07,1.00
2015.01.14 17:09:43.124,1.37885,1.37889,1.07,1.00
2015.01.14 17:09:43.428,1.37881,1.37885,1.75,1.95
2015.01.14 17:09:43.530,1.37878,1.37883,1.07,1.00
2015.01.14 17:09:43.631,1.37878,1.37881,1.07,1.00
2015.01.14 17:09:43.884,1.37875,1.37879,1.07,1.00
2015.01.14 17:09:44.137,1.37872,1.37877,2.25,1.00
2015.01.14 17:09:44.187,1.37872,1.37877,2.25,1.00
2015.01.14 17:09:44.744,1.37872,1.37876,1.57,1.00
2015.01.14 17:09:45.098,1.37871,1.37876,1.20,1.37
2015.01.14 17:09:46.630,1.37871,1.37876,1.20,1.12
2015.01.14 17:09:49.869,1.37871,1.37875,2.25,1.00
2015.01.14 17:09:49.921,1.37871,1.37875,1.57,1.37
2015.01.14 17:09:50.073,1.3787,1.37875,1.70,1.50
2015.01.14 17:09:50.579,1.3787,1.37877,2.14,1.47
2015.01.14 17:09:50.832,1.3787,1.37876,1.76,1.87
2015.01.14 17:09:51.086,1.3787,1.37877,1.76,1.20
2015.01.14 17:09:51.136,1.3787,1.37877,1.76,1.47
2015.01.14 17:09:51.641,1.37869,1.37875,2.44,1.37
2015.01.14 17:09:51.995,1.37869,1.37871,1.50,1.00
2015.01.14 17:09:52.248,1.37867,1.37871,1.95,1.00
2015.01.14 17:09:53.128,1.37867,1.3787,1.07,1.00
2015.01.14 17:09:53.179,1.37866,1.3787,1.07,1.00
2015.01.14 17:09:53.331,1.3786,1.37867,1.85,1.12
2015.01.14 17:09:53.786,1.37864,1.3787,1.50,1.20
2015.01.14 17:09:53.887,1.37864,1.37872,1.57,2.25
2015.01.14 17:09:54.342,1.37866,1.37869,1.07,1.00
2015.01.14 17:09:54.595,1.3786,1.37867,1.50,1.87
2015.01.14 17:09:54.797,1.37857,1.37865,1.50,2.02
2015.01.14 17:09:55.302,1.37856,1.37865,3.00,2.62
2015.01.14 17:09:56.093,1.37857,1.37865,1.20,3.00
2015.01.14 17:09:56.295,1.37856,1.37861,2.25,1.00
2015.01.14 17:09:56.801,1.37856,1.37862,2.25,1.00
2015.01.14 17:09:57.259,1.37856,1.3786,1.50,1.00
2015.01.14 17:09:57.511,1.37854,1.3786,1.69,1.20
2015.01.14 17:09:58.067,1.37854,1.3786,1.32,1.20
2015.01.14 17:09:58.568,1.37853,1.3786,1.07,1.20
2015.01.14 17:09:59.174,1.37852,1.37859,1.07,1.87
2015.01.14 17:09:59.275,1.3785,1.37857,1.07,1.12
2015.01.14 17:09:59.792,1.37849,1.37857,1.57,1.57
2015.01.14 17:10:03.786,1.3785,1.37859,1.12,3.00
2015.01.14 17:10:05.036,1.37851,1.37859,1.87,1.75
2015.01.14 17:10:05.238,1.37852,1.3786,1.50,1.45
2015.01.14 17:10:05.755,1.37852,1.3786,2.62,1.45
2015.01.14 17:10:06.008,1.37852,1.37856,1.50,1.00
2015.01.14 17:10:06.412,1.37851,1.37859,2.40,1.87
2015.01.14 17:10:06.463,1.37852,1.37859,1.75,1.50
2015.01.14 17:10:06.988,1.37853,1.37861,2.25,1.87
2015.01.14 17:10:07.543,1.37852,1.3786,1.00,1.87
2015.01.14 17:10:07.644,1.3785,1.37858,4.20,1.50
2015.01.14 17:10:08.149,1.3785,1.37858,1.27,1.75
2015.01.14 17:10:09.108,1.37851,1.37858,1.00,1.75
2015.01.14 17:10:09.634,1.3785,1.37857,1.07,1.10
2015.01.14 17:10:11.013,1.3785,1.37854,1.07,1.00
2015.01.14 17:10:11.317,1.37845,1.37851,1.37,1.07
2015.01.14 17:10:11.993,1.37843,1.3785,1.20,1.10
2015.01.14 17:10:12.043,1.37843,1.37846,1.12,1.12
2015.01.14 17:10:12.319,1.37841,1.37845,1.10,1.07
2015.01.14 17:10:12.572,1.37841,1.37848,3.00,1.50
2015.01.14 17:10:13.077,1.37842,1.37847,1.10,1.07
2015.01.14 17:10:13.583,1.37841,1.37848,1.50,2.25
2015.01.14 17:10:13.785,1.3784,1.37847,1.20,1.50
2015.01.14 17:10:14.139,1.37841,1.37849,1.65,1.87
2015.01.14 17:10:14.442,1.37843,1.37849,1.00,1.87
2015.01.14 17:10:14.750,1.37846,1.37854,1.50,1.75
2015.01.14 17:10:14.802,1.3785,1.37856,1.50,1.07
2015.01.14 17:10:14.903,1.3785,1.37857,3.75,1.07
2015.01.14 17:10:15.409,1.37852,1.37858,1.50,1.87
2015.01.14 17:10:16.217,1.37853,1.37861,1.95,1.95
2015.01.14 17:10:16.743,1.37855,1.3786,1.07,1.47
2015.01.14 17:10:17.213,1.37853,1.37859,1.07,1.45
2015.01.14 17:10:17.723,1.37853,1.37858,1.50,1.20
2015.01.14 17:10:18.228,1.37853,1.3786,2.25,1.57
2015.01.14 17:10:18.757,1.37853,1.37861,2.62,2.62
2015.01.14 17:10:19.429,1.37853,1.3786,2.62,1.57
2015.01.14 17:10:19.934,1.37853,1.3786,2.25,1.57
2015.01.14 17:10:20.453,1.37853,1.3786,1.00,2.62
2015.01.14 17:10:20.967,1.37851,1.37858,3.07,1.20
2015.01.14 17:10:21.172,1.37851,1.37858,3.07,1.45
2015.01.14 17:10:21.683,1.37851,1.37856,1.10,1.07
2015.01.14 17:10:22.225,1.37851,1.37856,1.47,1.07
2015.01.14 17:10:22.704,1.37852,1.3786,1.57,1.50
2015.01.14 17:10:23.209,1.37855,1.37859,1.00,1.07
2015.01.14 17:10:23.310,1.37853,1.37859,1.10,1.07
2015.01.14 17:10:23.361,1.37853,1.3786,1.85,1.85
2015.01.14 17:10:23.462,1.37855,1.37861,1.50,2.62
2015.01.14 17:10:24.521,1.37855,1.37861,3.37,1.87
2015.01.14 17:10:25.059,1.37856,1.37864,3.37,3.56
2015.01.14 17:10:29.857,1.37854,1.37861,1.01,1.87
2015.01.14 17:10:29.958,1.37853,1.37859,2.44,1.50
2015.01.14 17:10:30.311,1.37852,1.37858,1.10,1.07
2015.01.14 17:10:31.053,1.37852,1.37858,1.47,1.07
2015.01.14 17:10:31.557,1.37852,1.37858,1.10,1.07
2015.01.14 17:10:33.580,1.37852,1.37858,1.47,1.07
2015.01.14 17:10:33.883,1.37857,1.37862,1.07,1.12
2015.01.14 17:10:34.388,1.37858,1.37864,1.07,1.47
2015.01.14 17:10:34.927,1.37857,1.37863,1.07,1.95
2015.01.14 17:10:36.269,1.37857,1.37863,1.07,1.95
2015.01.14 17:10:37.346,1.37859,1.37863,1.00,1.20
2015.01.14 17:10:37.852,1.37856,1.37862,2.25,1.37
2015.01.14 17:10:38.256,1.37855,1.37859,2.25,1.00
2015.01.14 17:10:38.459,1.37849,1.37855,1.85,1.12
2015.01.14 17:10:38.763,1.37852,1.37859,1.10,1.20
2015.01.14 17:10:39.424,1.37851,1.37859,1.07,1.82
2015.01.14 17:10:39.943,1.37851,1.37859,1.07,1.45
2015.01.14 17:10:40.426,1.37851,1.37857,1.07,1.75
2015.01.14 17:10:40.931,1.3785,1.37856,2.32,1.07
2015.01.14 17:10:42.774,1.37852,1.37856,1.00,1.07
2015.01.14 17:10:42.977,1.37854,1.37862,1.00,3.07
2015.01.14 17:10:43.160,1.37856,1.37863,1.00,1.87
2015.01.14 17:10:43.666,1.37857,1.37863,1.00,2.62
2015.01.14 17:10:43.969,1.37861,1.37866,1.00,1.85
2015.01.14 17:10:44.070,1.3786,1.37866,1.10,1.07
2015.01.14 17:10:44.273,1.37862,1.37868,1.50,1.50
2015.01.14 17:10:44.628,1.3786,1.37867,1.50,1.50
2015.01.14 17:10:44.730,1.37859,1.37864,1.07,1.12
2015.01.14 17:10:44.832,1.37856,1.37863,2.44,1.12
2015.01.14 17:10:44.933,1.37856,1.37862,1.76,1.07
2015.01.14 17:10:45.136,1.37856,1.37864,2.44,2.62
2015.01.14 17:10:45.389,1.37854,1.37861,3.00,1.00
2015.01.14 17:10:45.591,1.37854,1.37861,1.50,2.25
2015.01.14 17:10:46.098,1.37854,1.37861,1.50,3.37
2015.01.14 17:10:47.362,1.37854,1.37859,1.50,1.50
2015.01.14 17:10:47.464,1.37854,1.37856,1.07,1.00
2015.01.14 17:10:47.565,1.37852,1.37858,1.50,2.25
2015.01.14 17:10:48.082,1.37852,1.37858,1.50,1.87
2015.01.14 17:10:48.999,1.37852,1.37856,1.50,1.00
2015.01.14 17:10:49.202,1.37849,1.37856,3.00,1.50
2015.01.14 17:10:52.777,1.37849,1.37855,3.75,1.57
2015.01.14 17:10:53.282,1.37849,1.37856,1.50,1.50
2015.01.14 17:10:54.522,1.37849,1.37853,1.50,1.00
2015.01.14 17:10:54.827,1.37837,1.37844,2.32,1.95
2015.01.14 17:10:54.928,1.37837,1.37844,1.20,2.62
2015.01.14 17:10:55.914,1.37837,1.37844,1.07,1.95
2015.01.14 17:10:56.996,1.37837,1.37844,1.07,2.32
2015.01.14 17:10:57.519,1.37837,1.37844,1.07,2.32
2015.01.14 17:10:57.949,1.37837,1.37841,1.07,1.00
2015.01.14 17:10:58.253,1.37835,1.37837,1.65,1.00
2015.01.14 17:10:58.456,1.3783,1.37835,2.25,1.00
2015.01.14 17:10:58.558,1.3783,1.37835,2.25,1.00
2015.01.14 17:10:58.659,1.3783,1.37837,2.62,1.00
2015.01.14 17:10:58.811,1.3783,1.37837,2.25,1.37
2015.01.14 17:10:59.316,1.37829,1.37835,1.07,1.95
2015.01.14 17:10:59.860,1.37829,1.37833,1.07,1.00
2015.01.14 17:11:00.314,1.37826,1.37833,1.87,1.27
2015.01.14 17:11:00.865,1.37826,1.37832,1.50,1.00
2015.01.14 17:11:01.523,1.37826,1.37832,1.87,1.00
2015.01.14 17:11:01.676,1.3783,1.37837,1.65,1.85
2015.01.14 17:11:01.778,1.37832,1.37837,1.50,1.00
2015.01.14 17:11:02.286,1.37833,1.3784,1.07,1.45
2015.01.14 17:11:02.792,1.37833,1.3784,1.07,1.95
2015.01.14 17:11:03.096,1.37829,1.37837,1.50,1.87
2015.01.14 17:11:04.526,1.3783,1.37837,1.20,1.50
2015.01.14 17:11:04.830,1.37828,1.37835,1.07,2.70
2015.01.14 17:11:05.133,1.37824,1.3783,1.85,1.95
2015.01.14 17:11:05.184,1.37824,1.3783,2.32,1.45
2015.01.14 17:11:05.386,1.37824,1.37832,3.75,1.12
2015.01.14 17:11:05.858,1.37824,1.37834,3.27,3.37
2015.01.14 17:11:06.413,1.37826,1.37834,1.12,1.50
2015.01.14 17:11:06.586,1.37828,1.37837,1.35,1.87
2015.01.14 17:11:06.993,1.37828,1.37837,2.50,1.87
2015.01.14 17:11:07.296,1.37828,1.37837,1.50,3.37
2015.01.14 17:11:07.599,1.37828,1.37832,1.50,1.00
2015.01.14 17:11:07.801,1.37826,1.37832,1.07,1.20
2015.01.14 17:11:08.692,1.37825,1.37832,1.50,1.87
2015.01.14 17:11:09.046,1.37825,1.37832,2.49,1.12
2015.01.14 17:11:09.450,1.37825,1.37832,1.07,2.70
2015.01.14 17:11:10.956,1.37825,1.3783,1.57,1.00
2015.01.14 17:11:11.869,1.37825,1.3783,1.20,1.20
2015.01.14 17:11:12.727,1.37825,1.37831,1.37,1.50
2015.01.14 17:11:12.879,1.37825,1.37834,4.77,2.25
2015.01.14 17:11:13.334,1.37825,1.37833,3.99,2.32
2015.01.14 17:11:14.959,1.37826,1.37831,1.07,1.00
2015.01.14 17:11:15.060,1.37826,1.37829,1.07,1.00
2015.01.14 17:11:15.614,1.37826,1.37832,1.07,1.10
2015.01.14 17:11:16.325,1.37826,1.37829,1.07,1.00
2015.01.14 17:11:16.633,1.37817,1.37823,1.50,1.10
2015.01.14 17:11:16.734,1.37816,1.37823,1.07,2.25
2015.01.14 17:11:16.835,1.37816,1.37819,1.07,1.00
2015.01.14 17:11:16.937,1.37816,1.37821,1.07,1.20
2015.01.14 17:11:17.812,1.37817,1.37823,1.07,1.85
2015.01.14 17:11:17.914,1.37817,1.37824,2.25,1.50
2015.01.14 17:11:18.066,1.37818,1.37827,1.85,2.62
2015.01.14 17:11:18.167,1.3782,1.37827,1.50,2.25
2015.01.14 17:11:19.253,1.3782,1.37828,2.87,2.70
2015.01.14 17:11:19.762,1.3782,1.37828,3.37,1.07
2015.01.14 17:11:19.920,1.37822,1.3783,1.05,2.14
2015.01.14 17:11:20.759,1.37823,1.37827,1.07,1.00
2015.01.14 17:11:21.012,1.37821,1.37828,1.07,1.57
2015.01.14 17:11:22.948,1.37821,1.37826,1.07,1.00
2015.01.14 17:11:23.099,1.37818,1.37826,2.25,1.20
2015.01.14 17:11:23.625,1.37818,1.37826,2.25,1.57
2015.01.14 17:11:25.212,1.37818,1.37826,2.62,1.20
2015.01.14 17:11:27.320,1.37819,1.37827,2.77,2.25
2015.01.14 17:11:27.826,1.37819,1.37827,2.02,1.50
2015.01.14 17:11:28.332,1.37821,1.37827,1.87,1.50
2015.01.14 17:11:31.545,1.37822,1.37827,1.57,1.50
2015.01.14 17:11:31.697,1.37824,1.37829,1.10,1.07
2015.01.14 17:11:32.202,1.37822,1.37828,1.50,1.50
2015.01.14 17:11:32.355,1.37821,1.37827,1.10,1.07
2015.01.14 17:11:34.161,1.3782,1.37822,1.07,1.00
2015.01.14 17:11:34.313,1.37816,1.37823,1.50,2.77
2015.01.14 17:11:34.838,1.37813,1.3782,2.51,1.57
2015.01.14 17:11:35.191,1.37815,1.37821,1.50,3.00
2015.01.14 17:11:35.610,1.37815,1.37818,1.50,1.00
2015.01.14 17:11:35.866,1.37815,1.37821,1.50,2.25
2015.01.14 17:11:41.766,1.3782,1.37821,1.00,1.35
2015.01.14 17:11:41.918,1.3782,1.37826,1.07,1.45
2015.01.14 17:11:42.272,1.37825,1.37826,1.00,1.00
2015.01.14 17:11:42.373,1.37825,1.37829,1.00,1.07
2015.01.14 17:11:42.474,1.37825,1.37832,1.57,1.20
2015.01.14 17:11:44.119,1.37825,1.3783,1.10,1.07
2015.01.14 17:11:44.627,1.37826,1.3783,1.00,1.07
2015.01.14 17:11:45.146,1.37825,1.3783,1.10,1.07
2015.01.14 17:11:45.349,1.37821,1.3783,3.37,3.00
2015.01.14 17:11:46.078,1.37821,1.3783,3.37,2.25
2015.01.14 17:11:46.891,1.37821,1.37827,3.37,1.00
2015.01.14 17:11:46.992,1.37821,1.37822,2.10,1.12
2015.01.14 17:11:47.094,1.37818,1.37822,1.07,1.12
2015.01.14 17:11:47.196,1.37816,1.37822,1.00,3.37
2015.01.14 17:11:47.297,1.37816,1.3782,1.00,1.50
2015.01.14 17:11:47.652,1.37816,1.37822,2.25,1.50
2015.01.14 17:11:47.855,1.37817,1.37824,1.50,1.50
2015.01.14 17:11:48.616,1.37818,1.37825,2.25,1.50
2015.01.14 17:11:51.929,1.37819,1.37827,1.07,1.76
2015.01.14 17:11:54.740,1.37821,1.37827,1.00,1.07
2015.01.14 17:11:55.346,1.3782,1.37827,1.10,1.07
2015.01.14 17:11:55.929,1.37821,1.37827,1.00,1.07
2015.01.14 17:11:56.438,1.3782,1.37827,1.20,1.95
2015.01.14 17:11:56.741,1.37822,1.37827,1.00,1.07
2015.01.14 17:11:56.898,1.37822,1.37829,1.20,1.20
2015.01.14 17:11:58.051,1.37823,1.37829,1.00,1.20
2015.01.14 17:11:58.556,1.37823,1.37829,1.07,1.10
2015.01.14 17:11:58.960,1.37822,1.37827,1.20,1.50
2015.01.14 17:11:59.061,1.37822,1.37829,1.10,1.07
2015.01.14 17:11:59.213,1.37823,1.3783,1.00,2.40
2015.01.14 17:11:59.718,1.37821,1.3783,2.81,1.65
2015.01.14 17:11:59.970,1.37821,1.37828,2.25,1.37
2015.01.14 17:12:00.273,1.37819,1.37826,2.25,1.50
2015.01.14 17:12:02.273,1.37817,1.37824,1.76,1.07
2015.01.14 17:12:02.476,1.37818,1.37825,2.62,1.20
2015.01.14 17:12:03.522,1.37818,1.37824,1.50,1.00
2015.01.14 17:12:04.027,1.37818,1.37824,1.50,3.00
2015.01.14 17:12:04.683,1.37816,1.37823,1.57,1.07
2015.01.14 17:12:04.785,1.37818,1.37824,1.07,1.76
2015.01.14 17:12:05.088,1.37817,1.37824,1.10,1.76
2015.01.14 17:12:05.698,1.37818,1.37824,1.00,1.07
2015.01.14 17:12:06.231,1.37816,1.37823,1.20,1.10
2015.01.14 17:12:06.991,1.37816,1.37822,1.07,1.00
2015.01.14 17:12:07.194,1.37817,1.37822,1.20,1.00
2015.01.14 17:12:07.607,1.37819,1.37824,1.07,1.10
2015.01.14 17:12:07.809,1.37819,1.37822,1.07,1.00
2015.01.14 17:12:08.112,1.37814,1.3782,1.07,1.10
2015.01.14 17:12:10.598,1.37814,1.37817,1.07,1.00
2015.01.14 17:12:10.857,1.37812,1.3782,1.07,3.37
2015.01.14 17:12:11.062,1.37815,1.37822,1.07,1.95
2015.01.14 17:12:11.924,1.37816,1.37823,1.47,1.12
2015.01.14 17:12:12.228,1.37827,1.3783,1.00,1.12
2015.01.14 17:12:12.279,1.3783,1.37836,1.00,1.00
2015.01.14 17:12:12.330,1.37832,1.37836,1.00,1.00
2015.01.14 17:12:12.734,1.3783,1.37837,1.50,1.87
2015.01.14 17:12:13.290,1.3783,1.37837,1.50,1.87
2015.01.14 17:12:13.799,1.3783,1.37837,1.00,1.12
2015.01.14 17:12:14.267,1.3783,1.37836,1.00,1.50
2015.01.14 17:12:14.772,1.37828,1.37836,1.57,3.00
2015.01.14 17:12:15.328,1.37828,1.37833,1.07,1.00
2015.01.14 17:12:15.797,1.37826,1.37833,1.57,1.57
2015.01.14 17:12:16.462,1.37826,1.37831,1.07,1.00
2015.01.14 17:12:16.563,1.37826,1.37833,1.07,1.10
2015.01.14 17:12:16.666,1.37825,1.37833,1.20,1.87
2015.01.14 17:12:17.190,1.37825,1.37831,1.07,1.00
2015.01.14 17:12:17.696,1.37824,1.37832,1.50,1.87
2015.01.14 17:12:18.211,1.37824,1.37829,1.50,1.00
2015.01.14 17:12:18.313,1.37822,1.37829,1.50,1.20
2015.01.14 17:12:18.415,1.3782,1.37829,1.50,1.50
2015.01.14 17:12:18.870,1.37819,1.37828,1.20,1.45
2015.01.14 17:12:19.072,1.37818,1.37827,1.65,1.50
2015.01.14 17:12:19.577,1.37818,1.37825,1.07,1.57
2015.01.14 17:12:20.505,1.37818,1.37824,1.00,1.20
2015.01.14 17:12:21.011,1.37818,1.37825,2.25,1.87
2015.01.14 17:12:23.414,1.37818,1.37823,1.50,1.62
2015.01.14 17:12:23.617,1.37814,1.37821,1.57,1.57
2015.01.14 17:12:24.878,1.37816,1.37822,1.00,1.12
2015.01.14 17:12:25.030,1.37816,1.37825,1.65,3.37
2015.01.14 17:12:28.525,1.37821,1.37825,1.00,2.62
2015.01.14 17:12:28.627,1.37818,1.37825,1.00,1.45
2015.01.14 17:12:28.880,1.37818,1.37822,1.00,1.87
2015.01.14 17:12:29.094,1.37817,1.37824,1.20,1.75
2015.01.14 17:12:29.628,1.37819,1.37824,1.00,1.75
2015.01.14 17:12:29.881,1.37818,1.37826,1.20,2.62
2015.01.14 17:12:30.710,1.37819,1.37826,1.00,1.87
2015.01.14 17:12:31.643,1.37817,1.37824,1.50,1.27
2015.01.14 17:12:31.744,1.37816,1.37823,1.10,1.20
2015.01.14 17:12:32.824,1.37815,1.37823,1.57,3.00
2015.01.14 17:12:33.369,1.37815,1.37822,1.20,1.75
2015.01.14 17:12:36.799,1.37814,1.3782,1.50,2.02
2015.01.14 17:12:36.900,1.37811,1.3782,1.69,2.62
2015.01.14 17:12:37.405,1.37812,1.3782,1.20,1.50
2015.01.14 17:12:38.804,1.37813,1.3782,1.07,1.39
2015.01.14 17:12:49.156,1.37814,1.37819,1.00,1.20
2015.01.14 17:12:49.704,1.37813,1.37821,2.32,4.69
2015.01.14 17:12:51.356,1.37813,1.37818,1.29,1.10
2015.01.14 17:12:51.660,1.37812,1.37818,1.20,1.57
2015.01.14 17:12:51.862,1.3781,1.37817,1.00,1.87
2015.01.14 17:12:52.166,1.37808,1.37814,1.69,1.00
2015.01.14 17:12:52.672,1.37807,1.37814,1.76,1.20
2015.01.14 17:12:53.185,1.37806,1.37814,1.26,1.87
2015.01.14 17:12:53.287,1.37806,1.37814,1.76,1.87
2015.01.14 17:12:54.558,1.37807,1.37814,1.22,2.62
2015.01.14 17:12:54.811,1.37811,1.37814,1.37,1.45
2015.01.14 17:12:54.912,1.37813,1.37818,1.29,1.75
2015.01.14 17:12:54.963,1.37813,1.37818,1.20,1.50
2015.01.14 17:12:55.013,1.37812,1.37817,1.12,1.12
2015.01.14 17:12:55.345,1.37809,1.37815,1.50,1.20
2015.01.14 17:12:55.396,1.37808,1.37815,1.09,1.20
2015.01.14 17:12:58.274,1.37807,1.37814,2.44,1.00
2015.01.14 17:12:58.426,1.37807,1.37811,1.69,1.00
2015.01.14 17:12:58.579,1.37805,1.37811,1.50,1.00
2015.01.14 17:12:58.681,1.37805,1.37809,1.07,1.00
2015.01.14 17:12:58.833,1.37803,1.37808,2.44,1.50
2015.01.14 17:12:58.934,1.37809,1.37812,1.00,1.12
2015.01.14 17:12:59.143,1.37822,1.37826,1.00,1.00
2015.01.14 17:12:59.194,1.37822,1.37826,1.00,1.10
2015.01.14 17:12:59.296,1.37819,1.37826,1.07,1.10
2015.01.14 17:12:59.398,1.37818,1.37827,1.50,2.70
2015.01.14 17:12:59.903,1.37817,1.37823,1.50,2.40
2015.01.14 17:13:00.409,1.37816,1.37823,1.50,3.00
2015.01.14 17:13:01.609,1.37816,1.37822,1.50,1.46
2015.01.14 17:13:01.761,1.37808,1.37815,1.50,2.25
2015.01.14 17:13:01.913,1.37807,1.37815,1.20,2.40
2015.01.14 17:13:02.417,1.37808,1.37815,1.00,1.65
2015.01.14 17:13:02.620,1.37811,1.37815,1.00,1.65
2015.01.14 17:13:02.923,1.37815,1.37821,1.50,1.20
2015.01.14 17:13:03.327,1.37818,1.37821,1.00,1.12
2015.01.14 17:13:03.686,1.37816,1.37824,1.57,1.95
2015.01.14 17:13:04.191,1.37818,1.37824,1.00,1.95
2015.01.14 17:13:04.853,1.37817,1.37824,1.10,1.20
2015.01.14 17:13:05.366,1.37816,1.37822,1.07,1.50
2015.01.14 17:13:05.670,1.37816,1.37821,1.50,1.12
2015.01.14 17:13:05.873,1.37817,1.37824,1.50,1.12
2015.01.14 17:13:05.974,1.37818,1.37825,2.25,2.32
2015.01.14 17:13:06.076,1.3782,1.37825,1.00,1.20
2015.01.14 17:13:06.581,1.37818,1.37821,1.50,1.00
2015.01.14 17:13:06.734,1.37814,1.37821,3.07,1.10
2015.01.14 17:13:07.289,1.37813,1.3782,1.50,1.10
2015.01.14 17:13:09.295,1.37814,1.37821,1.87,1.50
2015.01.14 17:13:09.396,1.37816,1.37821,1.50,1.00
2015.01.14 17:13:09.902,1.37816,1.37822,1.50,1.00
2015.01.14 17:13:12.409,1.37816,1.37823,1.50,2.40
2015.01.14 17:13:12.916,1.37816,1.37822,2.25,1.00
2015.01.14 17:13:13.677,1.37816,1.37821,1.50,1.00
2015.01.14 17:13:14.284,1.37816,1.3782,1.50,1.00
2015.01.14 17:13:14.826,1.37815,1.37821,1.50,1.65
2015.01.14 17:13:15.483,1.37815,1.37819,1.50,1.00
2015.01.14 17:13:16.895,1.37813,1.37818,1.07,1.00
2015.01.14 17:13:17.400,1.37813,1.37817,1.07,1.00
2015.01.14 17:13:17.915,1.37812,1.37817,1.07,1.00
2015.01.14 17:13:18.420,1.3781,1.37817,1.87,1.50
2015.01.14 17:13:22.917,1.37812,1.37817,1.50,1.00
2015.01.14 17:13:23.899,1.37811,1.37817,1.07,2.32
2015.01.14 17:13:24.152,1.37807,1.37813,1.69,1.00
2015.01.14 17:13:24.455,1.37811,1.37817,1.50,1.00
2015.01.14 17:13:24.556,1.37813,1.37818,1.07,1.00
2015.01.14 17:13:24.709,1.37811,1.37819,3.00,3.75
2015.01.14 17:13:24.884,1.37813,1.37819,1.50,2.40
2015.01.14 17:13:25.240,1.37811,1.37818,1.50,1.12
2015.01.14 17:13:25.342,1.37811,1.37818,1.50,1.50
2015.01.14 17:13:25.846,1.37812,1.37818,1.50,1.00
2015.01.14 17:13:28.138,1.37812,1.37817,1.50,1.00
2015.01.14 17:13:28.189,1.3781,1.37815,1.69,1.00
2015.01.14 17:13:28.694,1.37809,1.37814,1.07,1.00
2015.01.14 17:13:29.906,1.37809,1.37813,1.07,1.00
2015.01.14 17:13:30.424,1.37808,1.37813,1.07,1.00
2015.01.14 17:13:31.199,1.37808,1.37811,1.07,1.00
2015.01.14 17:13:31.717,1.37807,1.37812,1.50,1.12
2015.01.14 17:13:32.125,1.37807,1.37814,1.50,1.20
2015.01.14 17:13:32.277,1.37809,1.37814,1.57,1.00
2015.01.14 17:13:33.046,1.37807,1.37814,2.25,1.20
2015.01.14 17:13:34.338,1.37811,1.37814,1.00,2.02
2015.01.14 17:13:34.591,1.37812,1.37818,2.44,1.65
2015.01.14 17:13:35.148,1.37814,1.3782,1.10,2.70
2015.01.14 17:13:35.602,1.37812,1.37817,1.69,1.00
2015.01.14 17:13:35.906,1.37815,1.3782,1.10,1.57
2015.01.14 17:13:36.108,1.37817,1.3782,1.00,1.00
2015.01.14 17:13:36.361,1.37817,1.37823,1.50,2.40
2015.01.14 17:13:36.411,1.37817,1.37823,1.50,1.65
2015.01.14 17:13:36.563,1.37813,1.37817,1.00,1.00
2015.01.14 17:13:36.766,1.37809,1.37815,1.50,1.20
2015.01.14 17:13:36.867,1.37813,1.37817,1.00,1.75
2015.01.14 17:13:36.918,1.37813,1.37818,1.20,1.20
2015.01.14 17:13:37.019,1.37814,1.3782,1.07,2.32
2015.01.14 17:13:37.527,1.37815,1.3782,1.50,1.00
2015.01.14 17:13:38.033,1.37815,1.37818,1.50,1.00
2015.01.14 17:13:38.236,1.37812,1.37818,1.50,3.90
2015.01.14 17:13:38.539,1.37813,1.37819,1.07,1.00
2015.01.14 17:13:38.640,1.37815,1.37819,1.07,1.00
2015.01.14 17:13:39.145,1.37815,1.3782,1.07,1.00
2015.01.14 17:13:40.230,1.37815,1.37821,1.07,2.70
2015.01.14 17:13:41.426,1.37815,1.37822,1.50,1.65
2015.01.14 17:13:41.940,1.37815,1.37822,1.07,1.87
2015.01.14 17:13:42.451,1.37815,1.3782,1.07,1.00
2015.01.14 17:13:42.553,1.37815,1.37822,3.74,2.70
2015.01.14 17:13:42.705,1.37817,1.37822,1.42,1.00
2015.01.14 17:13:42.857,1.37817,1.37824,1.50,2.21
2015.01.14 17:13:43.364,1.37818,1.37824,1.42,1.50
2015.01.14 17:13:46.852,1.37819,1.37821,1.07,1.00
2015.01.14 17:13:47.004,1.37816,1.3782,1.50,1.00
2015.01.14 17:13:47.156,1.37819,1.37822,1.00,1.57
2015.01.14 17:13:47.258,1.37817,1.37821,1.09,1.00
2015.01.14 17:13:47.359,1.37815,1.37819,2.32,1.00
2015.01.14 17:13:47.562,1.37816,1.37822,1.10,1.07
2015.01.14 17:13:47.663,1.37818,1.37824,1.50,1.50
2015.01.14 17:13:48.168,1.37818,1.37825,2.25,2.40
2015.01.14 17:13:48.882,1.3782,1.37825,1.00,1.65
2015.01.14 17:13:49.988,1.37823,1.37827,1.00,3.00
2015.01.14 17:13:50.090,1.37823,1.37829,1.07,1.57
2015.01.14 17:13:50.191,1.37825,1.37831,1.57,3.07
2015.01.14 17:13:50.494,1.37822,1.37825,1.75,1.00
2015.01.14 17:13:50.545,1.37821,1.37825,1.07,1.00
2015.01.14 17:13:50.660,1.37816,1.37823,3.82,1.20
2015.01.14 17:13:50.763,1.37814,1.37822,1.07,1.12
2015.01.14 17:13:50.965,1.37815,1.37822,1.57,1.57
2015.01.14 17:13:51.218,1.37819,1.37824,1.00,2.25
2015.01.14 17:13:51.760,1.37818,1.37824,1.20,1.00
2015.01.14 17:13:52.063,1.37819,1.37825,1.07,1.20
2015.01.14 17:13:52.417,1.37819,1.37824,1.07,1.37
2015.01.14 17:13:52.518,1.37817,1.37822,1.50,1.12
2015.01.14 17:13:53.029,1.37817,1.37823,2.25,1.00
2015.01.14 17:13:53.635,1.37815,1.37823,2.25,1.50
2015.01.14 17:13:54.165,1.37816,1.37823,2.25,1.00
2015.01.14 17:13:54.317,1.37819,1.37824,1.00,2.40
2015.01.14 17:13:54.418,1.37817,1.37825,1.20,1.20
2015.01.14 17:13:54.474,1.37817,1.37826,1.85,5.06
2015.01.14 17:13:54.929,1.37816,1.37823,1.50,1.50
2015.01.14 17:13:55.435,1.37817,1.37824,1.50,1.20
2015.01.14 17:13:57.909,1.37816,1.37824,1.10,1.50
2015.01.14 17:14:00.477,1.37819,1.37822,1.00,1.10
2015.01.14 17:14:00.528,1.37819,1.37825,2.25,1.09
2015.01.14 17:14:00.680,1.37822,1.37825,1.00,1.00
2015.01.14 17:14:00.731,1.37822,1.37829,1.00,2.81
2015.01.14 17:14:00.782,1.37823,1.37829,2.32,1.01
2015.01.14 17:14:01.085,1.37825,1.37829,1.07,1.00
2015.01.14 17:14:01.606,1.37824,1.37828,1.07,1.00
2015.01.14 17:14:02.212,1.37823,1.37828,1.50,1.00
2015.01.14 17:14:03.637,1.37828,1.37831,1.00,2.25
2015.01.14 17:14:03.738,1.37827,1.37833,1.00,1.12
2015.01.14 17:14:03.940,1.37831,1.37835,1.00,1.00
2015.01.14 17:14:04.445,1.37831,1.37837,1.00,1.39
2015.01.14 17:14:07.785,1.37829,1.37836,1.10,1.57
2015.01.14 17:14:07.988,1.37828,1.37835,1.07,2.89
2015.01.14 17:14:08.140,1.37824,1.37831,2.25,1.37
2015.01.14 17:14:08.546,1.37824,1.37825,1.35,1.00
2015.01.14 17:14:08.597,1.37818,1.37824,1.20,1.20
2015.01.14 17:14:08.799,1.37819,1.37824,1.07,1.00
2015.01.14 17:14:08.850,1.37819,1.37826,1.07,1.10
2015.01.14 17:14:08.901,1.37821,1.37826,1.50,1.00
2015.01.14 17:14:09.255,1.37823,1.37829,1.50,1.00
2015.01.14 17:14:09.609,1.37825,1.37831,1.20,1.09
2015.01.14 17:14:11.350,1.37825,1.37831,1.07,1.50
2015.01.14 17:14:11.957,1.37825,1.37833,2.62,1.57
2015.01.14 17:14:12.058,1.37827,1.37834,1.42,1.10
2015.01.14 17:14:12.210,1.3783,1.37834,1.42,1.00
2015.01.14 17:14:12.722,1.3783,1.37834,1.50,1.00
2015.01.14 17:14:13.076,1.37828,1.37831,1.07,1.00
2015.01.14 17:14:13.178,1.37825,1.37831,1.50,1.00
2015.01.14 17:14:14.407,1.37825,1.37827,1.07,1.00
2015.01.14 17:14:14.508,1.37822,1.37825,1.07,1.00
2015.01.14 17:14:14.711,1.37822,1.37829,1.07,2.32
2015.01.14 17:14:14.863,1.37824,1.37829,1.50,1.65
2015.01.14 17:14:15.116,1.37828,1.37834,1.57,1.07
2015.01.14 17:14:15.167,1.37828,1.37836,3.00,1.00
2015.01.14 17:14:15.420,1.37828,1.37835,3.82,1.57
2015.01.14 17:14:15.723,1.3783,1.37837,3.00,2.25
2015.01.14 17:14:16.531,1.3783,1.37835,1.50,1.00
2015.01.14 17:14:16.632,1.37828,1.37835,1.50,1.00
2015.01.14 17:14:17.101,1.37831,1.37837,1.00,3.75
2015.01.14 17:14:17.405,1.37834,1.37839,1.07,1.57
2015.01.14 17:14:18.471,1.37835,1.37841,1.20,1.50
2015.01.14 17:14:18.573,1.37837,1.37841,1.07,1.50
2015.01.14 17:14:18.674,1.37835,1.3784,1.57,1.12
2015.01.14 17:14:18.826,1.37833,1.37839,1.50,1.00
2015.01.14 17:14:19.348,1.37833,1.37838,1.50,1.00
2015.01.14 17:14:19.651,1.37836,1.37839,1.50,1.50
2015.01.14 17:14:19.702,1.37839,1.37843,1.50,1.00
2015.01.14 17:14:19.753,1.37839,1.37845,3.00,1.20
2015.01.14 17:14:20.223,1.37841,1.37847,1.07,1.10
2015.01.14 17:14:20.732,1.37841,1.37845,1.07,1.00
2015.01.14 17:14:21.141,1.3784,1.37843,1.07,1.00
2015.01.14 17:14:21.243,1.37838,1.37842,1.07,1.00
2015.01.14 17:14:21.344,1.37837,1.3784,1.50,1.00
2015.01.14 17:14:21.446,1.37837,1.37842,1.50,1.65
2015.01.14 17:14:21.553,1.37835,1.37842,3.00,1.65
2015.01.14 17:14:21.654,1.37837,1.37842,1.50,1.50
2015.01.14 17:14:22.160,1.37837,1.37843,1.50,1.50
2015.01.14 17:14:22.463,1.3784,1.37843,1.20,1.00
2015.01.14 17:14:23.027,1.37837,1.37845,1.07,1.57
2015.01.14 17:14:23.128,1.37837,1.37843,1.07,1.00
2015.01.14 17:14:23.533,1.37837,1.3784,1.07,1.00
2015.01.14 17:14:23.636,1.37836,1.37842,1.07,1.10
2015.01.14 17:14:24.141,1.37836,1.37841,1.07,1.00
2015.01.14 17:14:24.545,1.37836,1.37844,2.51,1.07
2015.01.14 17:14:24.646,1.37839,1.37845,1.57,1.07
2015.01.14 17:14:24.951,1.37844,1.37848,1.20,1.20
2015.01.14 17:14:25.578,1.37845,1.37848,1.00,1.20
2015.01.14 17:14:26.235,1.37844,1.37849,1.65,1.50
2015.01.14 17:14:30.589,1.37843,1.37847,1.50,1.00
2015.01.14 17:14:32.401,1.37843,1.37848,1.50,3.52
2015.01.14 17:14:32.452,1.37841,1.37848,1.07,4.20
2015.01.14 17:14:32.503,1.37841,1.37843,1.07,1.00
2015.01.14 17:14:32.756,1.37837,1.37843,1.50,1.00
2015.01.14 17:14:33.612,1.37837,1.37844,1.50,1.50
2015.01.14 17:14:33.865,1.3784,1.37844,1.07,1.00
2015.01.14 17:14:34.390,1.3784,1.37846,1.07,2.70
2015.01.14 17:14:34.734,1.37845,1.37849,1.00,1.50
2015.01.14 17:14:34.785,1.37845,1.37849,1.00,1.50
2015.01.14 17:14:34.887,1.37845,1.3785,1.00,1.57
2015.01.14 17:14:34.989,1.37849,1.37852,1.00,1.57
2015.01.14 17:14:35.090,1.37851,1.37855,1.00,1.50
2015.01.14 17:14:35.192,1.37851,1.37857,2.25,1.09
2015.01.14 17:14:35.698,1.37852,1.37858,1.50,1.65
2015.01.14 17:14:35.964,1.37851,1.37856,1.00,1.10
2015.01.14 17:14:36.270,1.37849,1.37851,1.07,1.00
2015.01.14 17:14:36.321,1.37845,1.37852,3.00,1.50
2015.01.14 17:14:36.422,1.37843,1.3785,1.57,1.07
2015.01.14 17:14:36.928,1.37844,1.37849,1.00,1.57
2015.01.14 17:14:37.435,1.37845,1.37851,1.10,2.32
2015.01.14 17:14:37.841,1.37846,1.37851,1.57,1.57
2015.01.14 17:14:39.111,1.37846,1.37853,2.62,1.00
2015.01.14 17:14:39.799,1.37848,1.37853,1.00,1.00
2015.01.14 17:14:42.009,1.37849,1.37853,1.00,1.00
2015.01.14 17:14:42.515,1.37849,1.37853,1.50,1.00
2015.01.14 17:14:43.493,1.37849,1.37853,1.50,1.62
2015.01.14 17:14:43.544,1.37846,1.37852,1.50,2.62
2015.01.14 17:14:43.664,1.37844,1.3785,1.07,1.10
2015.01.14 17:14:43.766,1.37842,1.37848,1.00,1.00
2015.01.14 17:14:44.019,1.37843,1.37848,1.07,1.50
2015.01.14 17:14:44.323,1.37846,1.37852,2.25,2.25
2015.01.14 17:14:45.423,1.37846,1.37854,1.50,2.25
2015.01.14 17:14:46.701,1.37846,1.37854,1.50,3.37
2015.01.14 17:14:46.855,1.37842,1.37849,1.50,1.37
2015.01.14 17:14:46.956,1.37839,1.37847,1.20,2.40
2015.01.14 17:14:47.007,1.37839,1.37845,1.20,1.50
2015.01.14 17:14:47.310,1.37836,1.37842,1.69,1.50
2015.01.14 17:14:48.945,1.37833,1.3784,1.57,1.07
2015.01.14 17:14:49.097,1.37832,1.37837,1.07,1.50
2015.01.14 17:14:49.148,1.3783,1.37837,2.25,1.65
2015.01.14 17:14:49.250,1.3783,1.37833,1.50,1.00
2015.01.14 17:14:49.776,1.3783,1.37833,1.50,1.00
2015.01.14 17:14:53.272,1.37828,1.37831,1.50,1.37
2015.01.14 17:14:53.374,1.37821,1.37825,3.19,1.00
2015.01.14 17:14:53.884,1.3782,1.37823,1.07,1.00
2015.01.14 17:14:54.410,1.3782,1.37824,1.45,1.00
2015.01.14 17:14:55.222,1.37821,1.37824,1.87,1.00
2015.01.14 17:14:56.394,1.37821,1.37829,1.87,3.00
2015.01.14 17:14:56.596,1.37821,1.37823,1.35,1.00
2015.01.14 17:14:57.205,1.37821,1.37829,1.50,3.37
2015.01.14 17:14:58.697,1.37821,1.37824,1.35,1.00
2015.01.14 17:14:59.108,1.37821,1.37824,1.87,1.00
2015.01.14 17:14:59.617,1.37822,1.37825,1.72,1.00
2015.01.14 17:15:04.116,1.37822,1.37825,1.50,1.00
2015.01.14 17:15:04.218,1.37824,1.37826,1.50,1.00
2015.01.14 17:15:04.470,1.37818,1.37822,1.69,1.00
2015.01.14 17:15:04.925,1.37818,1.37824,1.50,1.00
2015.01.14 17:15:05.027,1.37817,1.37821,1.07,1.00
2015.01.14 17:15:05.179,1.37817,1.37823,1.32,1.50
2015.01.14 17:15:05.331,1.3782,1.37822,1.50,1.00
2015.01.14 17:15:05.738,1.37821,1.37828,1.20,3.75
2015.01.14 17:15:06.795,1.37822,1.37828,1.00,3.75
2015.01.14 17:15:06.847,1.37822,1.37825,1.00,1.00
2015.01.14 17:15:06.898,1.3782,1.37825,1.57,2.32
2015.01.14 17:15:06.999,1.37818,1.37821,1.57,1.00
2015.01.14 17:15:07.202,1.37814,1.3782,2.25,1.20
2015.01.14 17:15:07.406,1.37813,1.37819,1.50,1.50
2015.01.14 17:15:08.114,1.37815,1.37818,1.07,1.00
2015.01.14 17:15:08.721,1.37815,1.37821,1.07,2.32
2015.01.14 17:15:09.233,1.37817,1.37821,1.00,1.57
2015.01.14 17:15:09.284,1.37819,1.37821,1.25,1.00
2015.01.14 17:15:09.386,1.3782,1.37824,1.20,1.27
2015.01.14 17:15:11.036,1.37817,1.37824,1.69,1.50
2015.01.14 17:15:12.699,1.37819,1.37824,1.00,3.00
2015.01.14 17:15:12.902,1.37817,1.37821,2.25,1.00
2015.01.14 17:15:13.358,1.37819,1.37822,1.07,1.00
2015.01.14 17:15:13.662,1.37817,1.37824,1.69,2.25
2015.01.14 17:15:14.925,1.37817,1.37819,1.50,1.00
2015.01.14 17:15:15.228,1.37818,1.37821,1.50,1.00
2015.01.14 17:15:17.842,1.37821,1.37825,1.50,2.25
2015.01.14 17:15:17.893,1.37825,1.37826,1.00,1.10
2015.01.14 17:15:17.995,1.37826,1.3783,1.07,1.00
2015.01.14 17:15:18.096,1.37828,1.3783,1.07,1.00
2015.01.14 17:15:18.349,1.37828,1.37832,1.07,1.00
2015.01.14 17:15:18.451,1.37828,1.3783,1.07,1.00
2015.01.14 17:15:18.654,1.37829,1.37832,1.50,1.00
2015.01.14 17:15:18.948,1.37829,1.37834,1.50,1.00
2015.01.14 17:15:19.101,1.37825,1.37828,1.76,1.00
2015.01.14 17:15:19.153,1.37826,1.37832,1.76,1.07
2015.01.14 17:15:19.205,1.3783,1.37834,1.07,1.00
2015.01.14 17:15:19.508,1.37833,1.37836,1.50,1.00
2015.01.14 17:15:20.027,1.37833,1.37836,1.50,1.00
2015.01.14 17:15:21.172,1.37831,1.37835,1.07,1.00
2015.01.14 17:15:21.325,1.37828,1.3783,1.07,1.00
2015.01.14 17:15:22.082,1.3783,1.37835,1.50,1.20
2015.01.14 17:15:22.395,1.37828,1.37831,1.07,1.00
2015.01.14 17:15:22.548,1.37828,1.3783,1.00,1.00
2015.01.14 17:15:23.060,1.37827,1.37829,1.07,1.00
2015.01.14 17:15:23.263,1.37827,1.37831,1.07,1.00
2015.01.14 17:15:23.364,1.37827,1.37833,1.50,1.50
2015.01.14 17:15:24.368,1.37827,1.37831,1.50,1.37
2015.01.14 17:15:24.571,1.37824,1.37829,1.07,1.95
2015.01.14 17:15:25.785,1.37821,1.37827,1.69,1.50
2015.01.14 17:15:26.890,1.37819,1.37823,3.19,1.00
2015.01.14 17:15:28.963,1.37821,1.37826,1.07,2.25
2015.01.14 17:15:29.064,1.37821,1.37824,1.07,1.00
2015.01.14 17:15:29.670,1.37821,1.37825,1.07,1.00
2015.01.14 17:15:30.285,1.37821,1.37823,1.07,1.00
2015.01.14 17:15:33.201,1.37821,1.37825,1.07,1.00
2015.01.14 17:15:34.580,1.37823,1.37826,1.07,1.00
2015.01.14 17:15:34.884,1.37826,1.37828,1.50,1.00
2015.01.14 17:15:35.389,1.37827,1.37829,1.50,1.00
2015.01.14 17:15:37.724,1.37827,1.3783,1.50,1.00
2015.01.14 17:15:38.261,1.37827,1.37831,1.50,1.50
2015.01.14 17:15:39.685,1.37827,1.3783,1.50,1.00
2015.01.14 17:15:39.996,1.37827,1.37829,1.35,1.00
2015.01.14 17:15:40.198,1.37827,1.3783,1.50,1.00
2015.01.14 17:15:40.812,1.37827,1.37829,1.50,1.00
2015.01.14 17:15:41.319,1.37827,1.3783,1.50,1.00
2015.01.14 17:15:41.894,1.37827,1.37829,1.50,1.00
2015.01.14 17:15:42.421,1.37827,1.37831,1.69,1.00
2015.01.14 17:15:43.541,1.37827,1.3783,1.69,1.00
2015.01.14 17:15:44.103,1.37827,1.37829,1.69,1.00
2015.01.14 17:15:44.154,1.37825,1.37826,1.50,1.00
2015.01.14 17:15:44.256,1.37822,1.37826,1.32,1.00
2015.01.14 17:15:44.617,1.37821,1.37824,1.69,1.00
2015.01.14 17:15:45.475,1.37822,1.37824,1.07,1.00
2015.01.14 17:15:45.980,1.37822,1.37825,1.07,1.00
2015.01.14 17:15:48.259,1.37823,1.37825,1.07,1.00
2015.01.14 17:15:48.537,1.37823,1.37827,1.07,1.00
2015.01.14 17:15:48.789,1.37826,1.3783,1.07,1.50
2015.01.14 17:15:48.941,1.37827,1.37832,1.26,1.00
2015.01.14 17:15:49.094,1.37828,1.37833,3.00,1.00
2015.01.14 17:15:49.397,1.37828,1.37829,1.35,1.00
2015.01.14 17:15:49.704,1.37828,1.37832,1.50,1.50
2015.01.14 17:15:49.856,1.37828,1.37829,1.35,1.00
2015.01.14 17:15:50.364,1.37827,1.37829,1.07,1.00
2015.01.14 17:15:51.550,1.37827,1.3783,1.07,1.00
2015.01.14 17:15:51.753,1.37827,1.37832,1.07,1.87
2015.01.14 17:15:51.854,1.37825,1.37827,1.07,1.00
2015.01.14 17:15:52.377,1.37825,1.37827,1.00,1.00
2015.01.14 17:15:52.948,1.37825,1.3783,1.07,1.50
2015.01.14 17:15:53.100,1.37827,1.3783,1.07,1.50
2015.01.14 17:15:53.606,1.37828,1.3783,1.50,1.00
2015.01.14 17:15:54.264,1.37828,1.37832,1.50,1.00
2015.01.14 17:15:54.516,1.37824,1.37827,2.10,1.00
2015.01.14 17:15:54.567,1.37824,1.37827,1.50,1.00
2015.01.14 17:15:55.276,1.37825,1.3783,1.39,1.00
2015.01.14 17:15:55.516,1.37828,1.37831,1.07,1.00
2015.01.14 17:15:56.021,1.37828,1.37832,1.50,1.00
2015.01.14 17:15:56.526,1.37828,1.37831,1.50,1.00
2015.01.14 17:15:57.081,1.37828,1.3783,1.50,1.00
2015.01.14 17:15:57.182,1.37828,1.37832,1.50,1.00
2015.01.14 17:15:58.289,1.37828,1.3783,1.50,1.00
2015.01.14 17:15:58.797,1.37827,1.3783,1.50,1.00
2015.01.14 17:15:59.303,1.37827,1.3783,1.50,1.00
2015.01.14 17:15:59.909,1.37827,1.3783,1.50,1.00
2015.01.14 17:16:00.414,1.37828,1.37831,1.50,1.00
2015.01.14 17:16:01.877,1.37828,1.37835,3.19,1.20
2015.01.14 17:16:01.979,1.37831,1.3784,1.10,3.37
2015.01.14 17:16:02.080,1.37836,1.37839,1.07,1.00
2015.01.14 17:16:02.383,1.37837,1.37841,1.07,1.50
2015.01.14 17:16:02.748,1.37836,1.37841,1.07,1.50
2015.01.14 17:16:03.270,1.37836,1.37841,1.07,1.50
2015.01.14 17:16:04.089,1.37836,1.37838,1.07,1.00
2015.01.14 17:16:04.993,1.37836,1.37838,1.00,1.00
2015.01.14 17:16:05.339,1.37837,1.37843,1.10,1.57
2015.01.14 17:16:05.390,1.37838,1.37844,4.50,3.00
2015.01.14 17:16:05.694,1.37844,1.37848,1.76,1.00
2015.01.14 17:16:05.997,1.37845,1.37849,1.07,1.00
2015.01.14 17:16:06.048,1.37845,1.37848,1.07,1.00
2015.01.14 17:16:06.150,1.37848,1.3785,1.50,1.00
2015.01.14 17:16:06.453,1.37845,1.37848,1.50,1.00
2015.01.14 17:16:06.716,1.37844,1.37847,1.69,1.00
2015.01.14 17:16:06.817,1.37846,1.37847,1.35,1.00
2015.01.14 17:16:07.323,1.37847,1.37848,1.35,1.00
2015.01.14 17:16:15.277,1.37845,1.37848,1.07,1.37
2015.01.14 17:16:15.429,1.37839,1.37845,2.25,1.00
2015.01.14 17:16:15.581,1.37839,1.37843,2.25,1.00
2015.01.14 17:16:15.946,1.37839,1.37846,2.25,1.00
2015.01.14 17:16:16.451,1.37839,1.37843,2.44,1.00
2015.01.14 17:16:17.953,1.37839,1.37845,2.44,1.00
2015.01.14 17:16:18.054,1.37839,1.37843,2.44,1.00
2015.01.14 17:16:18.577,1.37839,1.37844,2.44,1.00
2015.01.14 17:16:19.562,1.37839,1.37843,2.44,1.00
2015.01.14 17:16:20.785,1.37841,1.37847,1.26,1.10
2015.01.14 17:16:20.886,1.37845,1.37847,1.07,1.00
2015.01.14 17:16:21.405,1.37845,1.37847,1.00,1.00
2015.01.14 17:16:21.973,1.37845,1.37851,1.07,1.95
2015.01.14 17:16:22.430,1.37843,1.37845,1.07,1.00
2015.01.14 17:16:22.902,1.37842,1.37844,1.35,1.00
2015.01.14 17:16:24.384,1.37842,1.37848,1.50,1.65
2015.01.14 17:16:24.536,1.37838,1.3784,1.07,1.00
2015.01.14 17:16:24.607,1.37832,1.37837,1.07,1.87
2015.01.14 17:16:24.659,1.3783,1.37833,1.07,1.00
2015.01.14 17:16:24.710,1.3783,1.37831,1.00,1.00
2015.01.14 17:16:24.760,1.37827,1.37831,1.07,1.00
2015.01.14 17:16:24.811,1.37827,1.37833,1.07,2.25
2015.01.14 17:16:25.137,1.37821,1.37825,1.50,1.12
2015.01.14 17:16:25.188,1.37817,1.3782,1.50,1.00
2015.01.14 17:16:25.697,1.37817,1.37821,1.50,1.00
2015.01.14 17:16:27.372,1.37818,1.37821,1.07,1.00
2015.01.14 17:16:27.998,1.37818,1.37823,1.07,1.00
2015.01.14 17:16:28.301,1.37818,1.37824,1.07,2.32
2015.01.14 17:16:28.403,1.37814,1.37816,2.25,1.00
2015.01.14 17:16:28.504,1.37813,1.37817,1.00,1.10
2015.01.14 17:16:28.625,1.37813,1.3782,2.51,1.57
2015.01.14 17:16:28.727,1.37816,1.37822,1.26,1.10
2015.01.14 17:16:29.031,1.37817,1.3782,1.32,1.00
2015.01.14 17:16:29.401,1.37819,1.37824,1.19,1.07
2015.01.14 17:16:29.603,1.37825,1.3783,2.51,1.00
2015.01.14 17:16:29.654,1.37828,1.37832,1.00,1.07
2015.01.14 17:16:29.705,1.37828,1.37834,1.00,2.25
2015.01.14 17:16:29.806,1.37825,1.37832,5.44,1.00
2015.01.14 17:16:29.907,1.37827,1.37834,2.32,1.07
2015.01.14 17:16:30.211,1.3783,1.37837,1.50,2.25
2015.01.14 17:16:30.735,1.3783,1.37835,1.07,1.00
2015.01.14 17:16:31.038,1.3783,1.37833,1.07,1.00
2015.01.14 17:16:31.442,1.3783,1.37831,1.00,1.00
2015.01.14 17:16:31.696,1.37828,1.37831,1.07,1.00
2015.01.14 17:16:31.848,1.37828,1.37833,1.07,1.00
2015.01.14 17:16:34.022,1.37828,1.37831,1.07,1.00
2015.01.14 17:16:34.543,1.37828,1.37831,1.07,1.00
2015.01.14 17:16:34.859,1.37824,1.37828,2.32,1.00
2015.01.14 17:16:35.163,1.37824,1.37832,3.19,1.00
2015.01.14 17:16:35.214,1.37828,1.37832,1.07,1.00
2015.01.14 17:16:35.265,1.37828,1.37835,1.07,1.57
2015.01.14 17:16:35.570,1.37829,1.37837,2.25,3.00
2015.01.14 17:16:35.672,1.37832,1.37837,1.07,1.10
2015.01.14 17:16:36.178,1.37833,1.37837,1.50,1.00
2015.01.14 17:16:36.734,1.37833,1.37835,1.50,1.00
2015.01.14 17:16:37.037,1.37832,1.37835,1.07,1.87
2015.01.14 17:16:37.088,1.37829,1.37835,1.50,1.87
2015.01.14 17:16:37.139,1.37829,1.37831,1.50,1.00
2015.01.14 17:16:37.190,1.37827,1.37831,1.57,1.00
2015.01.14 17:16:37.291,1.37827,1.37834,1.07,1.07
2015.01.14 17:16:37.392,1.37828,1.37835,1.20,1.65
2015.01.14 17:16:37.645,1.37827,1.37833,2.25,1.00
2015.01.14 17:16:38.263,1.37827,1.37831,1.50,1.00
2015.01.14 17:16:38.724,1.37825,1.3783,1.50,1.20
2015.01.14 17:16:38.775,1.37825,1.37828,1.50,1.00
2015.01.14 17:16:39.307,1.37826,1.37828,1.50,1.00
2015.01.14 17:16:39.762,1.37826,1.37831,1.50,1.00
2015.01.14 17:16:39.863,1.37826,1.37828,1.50,1.00
2015.01.14 17:16:40.167,1.37823,1.37826,1.50,1.50
2015.01.14 17:16:40.269,1.3782,1.37823,1.50,1.00
2015.01.14 17:16:40.370,1.3782,1.37826,1.50,1.65
2015.01.14 17:16:40.596,1.3782,1.37823,1.50,1.00
2015.01.14 17:16:40.697,1.3782,1.37825,1.50,1.20
2015.01.14 17:16:41.678,1.37824,1.37829,1.50,1.50
2015.01.14 17:16:41.981,1.37825,1.37827,1.50,1.00
2015.01.14 17:16:42.133,1.37822,1.37825,1.50,1.00
2015.01.14 17:16:42.184,1.37822,1.37827,1.50,1.00
2015.01.14 17:16:42.387,1.37822,1.37825,1.07,1.00
2015.01.14 17:16:42.590,1.37821,1.37826,1.00,1.57
2015.01.14 17:16:42.692,1.37819,1.37826,1.00,1.95
2015.01.14 17:16:42.793,1.37818,1.37823,1.00,1.37
2015.01.14 17:16:42.844,1.37814,1.3782,1.50,1.31
2015.01.14 17:16:42.896,1.37814,1.37816,1.50,1.00
2015.01.14 17:16:42.997,1.37812,1.37818,1.50,1.00
2015.01.14 17:16:43.301,1.37812,1.3782,1.69,1.20
2015.01.14 17:16:43.402,1.37812,1.37818,1.69,1.00
2015.01.14 17:16:43.907,1.37813,1.3782,1.50,2.25
2015.01.14 17:16:44.414,1.37813,1.37818,1.50,1.00
2015.01.14 17:16:44.990,1.37813,1.37819,1.50,1.20
2015.01.14 17:16:45.294,1.37816,1.37822,1.50,1.20
2015.01.14 17:16:45.799,1.37816,1.37821,1.50,1.00
2015.01.14 17:16:46.426,1.37816,1.37823,3.00,2.25
2015.01.14 17:16:46.735,1.37816,1.3782,3.00,1.00
2015.01.14 17:16:46.937,1.37816,1.37822,3.00,1.20
2015.01.14 17:16:47.446,1.37817,1.37822,1.07,1.00
2015.01.14 17:16:48.008,1.37817,1.37823,1.07,1.10
2015.01.14 17:16:48.113,1.37817,1.37821,1.07,1.00
2015.01.14 17:16:49.075,1.37816,1.37821,1.07,1.00
2015.01.14 17:16:49.582,1.37816,1.3782,1.07,1.00
2015.01.14 17:16:50.315,1.37816,1.37821,1.07,1.00
2015.01.14 17:16:50.783,1.37816,1.37821,1.07,1.37
2015.01.14 17:16:50.935,1.37814,1.37821,1.00,2.02
2015.01.14 17:16:51.037,1.37816,1.37821,1.50,1.37
2015.01.14 17:16:51.138,1.37816,1.3782,1.50,1.12
2015.01.14 17:16:51.667,1.37817,1.37821,1.50,1.00
2015.01.14 17:16:52.331,1.37817,1.37823,1.50,1.00
2015.01.14 17:16:52.795,1.37817,1.37823,1.50,1.75
2015.01.14 17:16:52.948,1.37813,1.37821,4.01,1.12
2015.01.14 17:16:53.049,1.37816,1.37822,1.07,1.10
2015.01.14 17:16:53.353,1.37818,1.37823,1.07,1.00
2015.01.14 17:16:53.965,1.37818,1.3782,1.00,1.00
2015.01.14 17:16:54.016,1.37816,1.37819,1.50,1.00
2015.01.14 17:16:54.470,1.37815,1.37819,1.65,1.00
2015.01.14 17:16:55.868,1.37815,1.3782,1.65,1.00
2015.01.14 17:16:56.019,1.37813,1.37815,1.57,1.00
2015.01.14 17:16:56.272,1.37811,1.37816,2.25,1.00
2015.01.14 17:16:56.424,1.37813,1.37816,1.07,1.00
2015.01.14 17:16:56.576,1.37813,1.37818,2.32,1.00
2015.01.14 17:16:56.778,1.37815,1.37818,1.07,1.00
2015.01.14 17:16:57.292,1.37813,1.37818,3.00,1.00
2015.01.14 17:16:57.646,1.37813,1.37816,2.10,1.00
2015.01.14 17:16:57.849,1.3781,1.37814,1.26,1.00
2015.01.14 17:16:58.102,1.37809,1.37814,3.00,1.00
2015.01.14 17:16:59.462,1.37809,1.37812,3.00,1.00
2015.01.14 17:17:00.047,1.37809,1.37812,2.85,1.00
2015.01.14 17:17:00.654,1.37809,1.37812,3.00,1.00
2015.01.14 17:17:03.059,1.37808,1.37815,1.07,2.70
2015.01.14 17:17:03.364,1.37808,1.3781,1.07,1.00
2015.01.14 17:17:03.876,1.37808,1.3781,1.00,1.00
2015.01.14 17:17:04.282,1.37808,1.37814,1.07,1.47
2015.01.14 17:17:04.485,1.378,1.37803,1.32,1.00
2015.01.14 17:17:05.008,1.378,1.37803,1.25,1.00
2015.01.14 17:17:05.513,1.378,1.37803,1.07,1.00
2015.01.14 17:17:06.018,1.378,1.37803,1.07,1.00
2015.01.14 17:17:06.558,1.37801,1.37804,1.10,1.00
2015.01.14 17:17:06.608,1.37801,1.37807,2.51,1.00
2015.01.14 17:17:06.914,1.37805,1.37808,1.07,1.00
2015.01.14 17:17:07.420,1.37805,1.37808,1.07,1.00
2015.01.14 17:17:08.896,1.37805,1.37809,1.26,1.00
2015.01.14 17:17:09.301,1.37807,1.37811,1.69,1.00
2015.01.14 17:17:09.806,1.37807,1.3781,1.69,1.00
2015.01.14 17:17:12.228,1.37807,1.37811,1.50,1.00
2015.01.14 17:17:13.305,1.37808,1.37813,1.20,1.00
2015.01.14 17:17:13.356,1.37809,1.37813,1.26,1.00
2015.01.14 17:17:13.712,1.37809,1.37815,1.69,1.20
2015.01.14 17:17:14.015,1.3781,1.37813,1.20,1.00
2015.01.14 17:17:17.457,1.37809,1.3781,1.35,1.00
2015.01.14 17:17:17.660,1.37805,1.37808,1.07,1.00
2015.01.14 17:17:18.116,1.37803,1.37808,2.44,1.00
2015.01.14 17:17:18.571,1.37803,1.37807,2.44,1.00
2015.01.14 17:17:19.038,1.37805,1.37812,1.50,2.81
2015.01.14 17:17:19.139,1.37805,1.37807,1.50,1.00
2015.01.14 17:17:19.291,1.37803,1.37807,2.44,1.00
2015.01.14 17:17:19.342,1.37803,1.37807,2.44,1.00
2015.01.14 17:17:19.848,1.37803,1.37807,1.50,1.00
2015.01.14 17:17:20.151,1.37803,1.37809,1.50,1.00
2015.01.14 17:17:20.936,1.37803,1.3781,2.25,1.69
2015.01.14 17:17:21.542,1.37803,1.3781,2.44,1.00
2015.01.14 17:17:22.047,1.37803,1.37809,1.50,2.06
2015.01.14 17:17:22.300,1.37801,1.37809,1.09,1.31
2015.01.14 17:17:22.653,1.37803,1.3781,1.19,1.20
2015.01.14 17:17:23.158,1.37804,1.37812,2.44,2.44
2015.01.14 17:17:23.662,1.37805,1.37813,1.50,2.06
2015.01.14 17:17:24.312,1.37805,1.37815,2.44,5.81
2015.01.14 17:17:24.818,1.37807,1.37814,1.25,1.20
2015.01.14 17:17:26.371,1.37805,1.37814,2.44,1.20
2015.01.14 17:17:26.674,1.37805,1.37811,1.50,1.12
2015.01.14 17:17:27.128,1.37804,1.37811,1.69,1.37
2015.01.14 17:17:27.733,1.37804,1.37811,1.50,2.06
2015.01.14 17:17:28.241,1.37804,1.37811,2.25,1.56
2015.01.14 17:17:28.392,1.37804,1.37813,1.50,2.81
2015.01.14 17:17:28.898,1.37805,1.37814,1.07,4.39
2015.01.14 17:17:29.254,1.37805,1.37813,1.57,1.10
2015.01.14 17:17:30.534,1.37805,1.37814,1.07,3.64
2015.01.14 17:17:31.070,1.37805,1.37813,1.07,1.47
2015.01.14 17:17:32.273,1.37805,1.37811,1.07,1.00
2015.01.14 17:17:32.679,1.37805,1.37808,1.07,1.00
2015.01.14 17:17:33.400,1.37805,1.37809,1.07,1.00
2015.01.14 17:17:33.905,1.37805,1.37808,1.07,1.00
2015.01.14 17:17:34.228,1.37803,1.37805,1.67,1.00
2015.01.14 17:17:34.279,1.37803,1.37804,1.00,1.00
2015.01.14 17:17:34.381,1.37799,1.37804,2.51,1.00
2015.01.14 17:17:34.481,1.37799,1.37804,1.09,1.00
2015.01.14 17:17:34.886,1.37798,1.37806,2.44,1.00
2015.01.14 17:17:34.959,1.37802,1.37808,1.00,5.06
2015.01.14 17:17:35.263,1.37803,1.37808,1.07,1.31
2015.01.14 17:17:40.234,1.37803,1.37807,1.07,1.00
2015.01.14 17:17:40.940,1.37803,1.37807,1.07,1.87
2015.01.14 17:17:41.244,1.37801,1.37804,1.50,1.12
2015.01.14 17:17:41.447,1.378,1.37806,1.07,1.69
2015.01.14 17:17:42.614,1.378,1.37808,1.76,1.62
2015.01.14 17:17:42.766,1.378,1.37808,2.44,1.62
2015.01.14 17:17:43.648,1.37802,1.37808,1.50,1.31
2015.01.14 17:17:45.630,1.37802,1.37806,1.50,1.00
2015.01.14 17:17:45.984,1.37801,1.37805,1.07,1.37
2015.01.14 17:17:47.079,1.37801,1.37805,1.07,1.12
2015.01.14 17:17:47.432,1.37804,1.37807,1.00,1.31
2015.01.14 17:17:48.746,1.37803,1.37807,1.00,1.31
2015.01.14 17:17:49.251,1.37803,1.37808,1.00,1.62
2015.01.14 17:17:49.654,1.37804,1.37807,1.00,1.37
2015.01.14 17:17:50.075,1.37801,1.37806,1.57,1.37
2015.01.14 17:17:50.436,1.37801,1.37807,1.57,1.12
2015.01.14 17:17:50.663,1.37801,1.37807,1.57,1.37
2015.01.14 17:17:51.204,1.37801,1.37807,1.57,1.37
2015.01.14 17:17:52.272,1.37804,1.37808,1.00,1.31
2015.01.14 17:17:52.575,1.37802,1.37808,1.10,1.25
2015.01.14 17:17:52.791,1.37804,1.37808,1.00,1.25
2015.01.14 17:17:55.760,1.37805,1.37809,1.00,2.14
2015.01.14 17:17:57.803,1.37805,1.3781,1.00,2.14
2015.01.14 17:17:58.308,1.37803,1.3781,1.00,1.64
2015.01.14 17:17:59.617,1.37803,1.3781,1.00,1.70
2015.01.14 17:17:59.920,1.37802,1.37808,1.10,1.37
2015.01.14 17:18:00.427,1.37801,1.37807,1.10,1.19
2015.01.14 17:18:00.932,1.37802,1.37807,1.00,1.19
2015.01.14 17:18:01.587,1.37802,1.37807,1.00,1.37
2015.01.14 17:18:01.689,1.37802,1.37808,1.00,1.62
2015.01.14 17:18:02.230,1.37801,1.37806,1.57,1.00
2015.01.14 17:18:02.747,1.37801,1.37807,1.10,1.37
2015.01.14 17:18:03.101,1.378,1.37809,3.26,2.89
2015.01.14 17:18:03.152,1.37803,1.37809,1.00,2.89
2015.01.14 17:18:03.455,1.37808,1.37814,1.50,2.06
2015.01.14 17:18:03.506,1.37808,1.37814,1.50,1.87
2015.01.14 17:18:03.811,1.37811,1.37814,1.00,1.87
2015.01.14 17:18:04.055,1.37808,1.37814,1.50,1.87
2015.01.14 17:18:05.663,1.37808,1.37814,2.25,1.07
2015.01.14 17:18:06.017,1.37808,1.37813,1.00,2.06
2015.01.14 17:18:06.269,1.37805,1.37812,1.07,1.62
2015.01.14 17:18:06.320,1.37805,1.37812,1.57,1.62
2015.01.14 17:18:06.624,1.37806,1.37815,1.75,2.81
2015.01.14 17:18:06.978,1.37807,1.37815,1.50,2.06
2015.01.14 17:18:07.181,1.37808,1.37817,1.76,2.25
2015.01.14 17:18:07.283,1.37811,1.37817,1.20,2.62
2015.01.14 17:18:07.797,1.3781,1.37816,1.35,1.84
2015.01.14 17:18:07.898,1.3781,1.37814,1.50,1.37
2015.01.14 17:18:08.050,1.37808,1.37814,1.50,2.02
2015.01.14 17:18:09.947,1.37811,1.37813,1.00,1.00
2015.01.14 17:18:09.998,1.37811,1.37815,1.50,1.20
2015.01.14 17:18:10.149,1.37812,1.37818,1.50,2.04
2015.01.14 17:18:10.805,1.37812,1.37817,2.25,1.00
2015.01.14 17:18:13.110,1.37812,1.37818,1.57,1.20
2015.01.14 17:18:13.509,1.37814,1.37818,1.07,1.00
2015.01.14 17:18:18.094,1.37815,1.37818,1.07,1.00
2015.01.14 17:18:18.498,1.37812,1.37817,1.75,1.12
2015.01.14 17:18:18.751,1.37816,1.3782,1.10,1.76
2015.01.14 17:18:18.853,1.37816,1.37822,1.20,1.00
2015.01.14 17:18:19.375,1.37816,1.37824,1.20,3.56
2015.01.14 17:18:20.662,1.37816,1.37824,1.20,3.56
2015.01.14 17:18:20.764,1.37815,1.37822,2.25,1.37
2015.01.14 17:18:21.338,1.37815,1.37822,1.07,2.32
2015.01.14 17:18:22.124,1.37815,1.37823,1.07,3.26
2015.01.14 17:18:22.226,1.37815,1.37822,1.50,1.25
2015.01.14 17:18:22.730,1.37815,1.37822,1.07,1.39
2015.01.14 17:18:23.842,1.37817,1.37823,1.00,2.44
2015.01.14 17:18:24.347,1.37816,1.37823,2.25,2.06
2015.01.14 17:18:26.345,1.37818,1.37823,1.00,1.31
2015.01.14 17:18:26.862,1.37816,1.37822,1.50,1.27
2015.01.14 17:18:28.350,1.37818,1.37822,1.00,1.27
2015.01.14 17:18:28.861,1.37816,1.37823,1.50,1.87
2015.01.14 17:18:30.920,1.37816,1.37821,1.50,1.00
2015.01.14 17:18:31.437,1.37816,1.37823,1.50,2.81
2015.01.14 17:18:31.589,1.37816,1.37821,1.50,1.37
2015.01.14 17:18:31.893,1.37815,1.37819,1.00,1.87
2015.01.14 17:18:31.994,1.37813,1.37816,1.07,1.12
2015.01.14 17:18:32.146,1.37809,1.37818,2.25,3.56
2015.01.14 17:18:32.651,1.37809,1.37816,1.50,1.37
2015.01.14 17:18:33.155,1.37809,1.37816,1.07,2.81
2015.01.14 17:18:33.664,1.37808,1.37814,1.50,2.02
2015.01.14 17:18:33.917,1.37806,1.37811,1.57,1.37
2015.01.14 17:18:34.433,1.37806,1.3781,1.20,1.12
2015.01.14 17:18:35.484,1.37806,1.3781,1.20,1.87
2015.01.14 17:18:36.042,1.37807,1.37809,1.00,1.12
2015.01.14 17:18:36.988,1.37807,1.37809,1.00,1.37
2015.01.14 17:18:38.053,1.37807,1.37809,1.00,1.12
2015.01.14 17:18:38.176,1.37805,1.37808,1.50,1.37
2015.01.14 17:18:38.480,1.37806,1.3781,1.00,2.06
2015.01.14 17:18:38.970,1.37802,1.37808,1.57,1.37
2015.01.14 17:18:39.021,1.37805,1.37808,1.00,1.37
2015.01.14 17:18:39.122,1.37803,1.37807,1.10,1.37
2015.01.14 17:18:39.274,1.378,1.37807,1.07,1.37
2015.01.14 17:18:39.376,1.37803,1.37807,1.00,1.00
2015.01.14 17:18:39.492,1.37802,1.37804,1.00,1.12
2015.01.14 17:18:39.899,1.378,1.37804,1.00,1.12
2015.01.14 17:18:40.379,1.378,1.37807,1.00,2.06
2015.01.14 17:18:40.707,1.37799,1.37806,3.15,1.62
2015.01.14 17:18:40.808,1.37799,1.37807,3.15,1.31
2015.01.14 17:18:41.268,1.37799,1.37805,3.15,1.37
2015.01.14 17:18:41.880,1.37799,1.37807,3.15,1.56
2015.01.14 17:18:41.981,1.37799,1.37807,2.40,1.56
2015.01.14 17:18:42.485,1.378,1.37807,1.00,1.56
2015.01.14 17:18:42.990,1.37799,1.37805,2.40,1.62
2015.01.14 17:18:43.302,1.37799,1.37806,2.40,1.25
2015.01.14 17:18:43.504,1.37799,1.37804,1.10,1.76
2015.01.14 17:18:43.807,1.37794,1.37802,1.07,1.50
2015.01.14 17:18:45.584,1.37794,1.37802,1.07,1.97
2015.01.14 17:18:45.887,1.37792,1.37801,2.32,1.50
2015.01.14 17:18:46.341,1.37792,1.37801,1.85,1.45
2015.01.14 17:18:46.661,1.37795,1.37802,1.07,1.60
2015.01.14 17:18:47.104,1.37795,1.37802,2.32,1.60
2015.01.14 17:18:47.307,1.37796,1.37803,1.57,1.26
2015.01.14 17:18:53.841,1.378,1.37804,1.00,1.12
2015.01.14 17:18:56.265,1.37801,1.37804,1.00,1.12
2015.01.14 17:18:56.316,1.37804,1.37808,1.00,1.75
2015.01.14 17:18:56.418,1.37807,1.3781,1.00,1.50
2015.01.14 17:18:56.520,1.37804,1.37811,1.20,1.75
2015.01.14 17:18:57.025,1.37803,1.37811,2.32,1.20
2015.01.14 17:18:57.177,1.37807,1.37811,1.00,1.20
2015.01.14 17:18:57.279,1.37804,1.3781,1.10,1.10
2015.01.14 17:18:57.784,1.37805,1.37811,1.00,1.07
2015.01.14 17:18:58.441,1.37803,1.37811,1.07,1.01
2015.01.14 17:18:58.745,1.378,1.37805,1.00,1.75
2015.01.14 17:19:00.380,1.37799,1.37805,1.00,1.75
2015.01.14 17:19:02.069,1.37802,1.37805,1.00,1.75
2015.01.14 17:19:02.170,1.37799,1.37805,1.00,1.75
2015.01.14 17:19:02.676,1.37797,1.37805,2.25,2.25
2015.01.14 17:19:02.726,1.37797,1.37804,1.50,1.12
2015.01.14 17:19:02.828,1.37795,1.37803,2.25,1.75
2015.01.14 17:19:06.071,1.37799,1.37802,1.00,1.45
2015.01.14 17:19:07.181,1.37799,1.37802,1.00,1.45
2015.01.14 17:19:08.671,1.37798,1.37802,1.00,1.45
2015.01.14 17:19:14.190,1.37799,1.37803,1.00,2.25
2015.01.14 17:19:14.341,1.37801,1.37807,1.00,5.06
2015.01.14 17:19:15.510,1.37802,1.37806,1.00,1.57
2015.01.14 17:19:16.120,1.37803,1.37806,1.00,1.20
2015.01.14 17:19:16.626,1.37801,1.37806,1.07,2.32
2015.01.14 17:19:16.727,1.37799,1.37802,1.42,1.00
2015.01.14 17:19:16.778,1.37799,1.37802,1.50,1.50
2015.01.14 17:19:16.880,1.37795,1.37801,1.50,1.20
2015.01.14 17:19:16.931,1.37793,1.37801,2.25,1.57
2015.01.14 17:19:16.982,1.37793,1.37801,1.50,2.25
2015.01.14 17:19:17.526,1.37792,1.378,1.57,3.37
2015.01.14 17:19:17.779,1.37793,1.37798,1.00,1.12
2015.01.14 17:19:17.880,1.3779,1.37795,1.50,1.00
2015.01.14 17:19:17.931,1.37787,1.37795,1.85,1.87
2015.01.14 17:19:17.982,1.37787,1.37795,1.10,1.87
2015.01.14 17:19:18.488,1.37787,1.37795,1.00,2.25
2015.01.14 17:19:18.539,1.37791,1.37795,1.00,2.25
2015.01.14 17:19:18.590,1.37791,1.37795,1.00,1.10
2015.01.14 17:19:18.691,1.3779,1.37798,1.75,1.12
2015.01.14 17:19:19.196,1.37792,1.378,2.25,1.50
2015.01.14 17:19:19.457,1.37793,1.37802,3.00,1.50
2015.01.14 17:19:19.913,1.37798,1.37802,1.00,1.37
2015.01.14 17:19:20.116,1.378,1.37806,1.10,2.25
2015.01.14 17:19:20.218,1.37798,1.37806,1.10,1.87
2015.01.14 17:19:20.673,1.37797,1.37805,1.00,1.50
2015.01.14 17:19:21.179,1.37798,1.37807,1.00,2.00
2015.01.14 17:19:21.483,1.37801,1.37805,1.00,1.12
2015.01.14 17:19:21.585,1.37799,1.37805,1.20,2.62
2015.01.14 17:19:22.039,1.37798,1.37802,1.50,1.00
2015.01.14 17:19:22.343,1.37795,1.378,2.25,1.00
2015.01.14 17:19:22.393,1.37795,1.378,1.07,1.00
2015.01.14 17:19:22.495,1.37794,1.378,1.20,1.20
2015.01.14 17:19:22.798,1.37793,1.37798,1.50,1.00
2015.01.14 17:19:23.051,1.3779,1.37796,1.20,1.50
2015.01.14 17:19:23.515,1.3779,1.37798,1.20,2.02
2015.01.14 17:19:23.565,1.37789,1.37794,2.25,1.00
2015.01.14 17:19:23.869,1.37781,1.37788,1.50,1.00
2015.01.14 17:19:23.920,1.37782,1.37788,1.07,1.10
2015.01.14 17:19:24.021,1.3778,1.37788,1.20,1.87
2015.01.14 17:19:24.390,1.37784,1.37789,1.69,3.37
2015.01.14 17:19:24.604,1.37793,1.37796,1.00,1.00
2015.01.14 17:19:24.705,1.37788,1.37796,1.57,1.50
2015.01.14 17:19:24.756,1.37787,1.37796,3.37,1.75
2015.01.14 17:19:24.908,1.3779,1.37796,1.50,1.65
2015.01.14 17:19:25.110,1.37794,1.37796,1.00,1.65
2015.01.14 17:19:25.262,1.37794,1.378,1.50,1.57
2015.01.14 17:19:25.363,1.37794,1.37801,1.57,4.39
2015.01.14 17:19:25.905,1.37795,1.37801,1.07,3.07
2015.01.14 17:19:26.575,1.37795,1.37801,1.07,2.70
2015.01.14 17:19:27.086,1.37795,1.37801,1.07,2.32
2015.01.14 17:19:27.801,1.37795,1.37803,1.50,2.62
2015.01.14 17:19:28.852,1.37797,1.37803,1.50,1.37
2015.01.14 17:19:29.357,1.37797,1.37802,1.50,1.37
2015.01.14 17:19:29.944,1.37797,1.37803,1.50,1.37
2015.01.14 17:19:30.478,1.37797,1.37803,1.50,1.12
2015.01.14 17:19:31.166,1.37797,1.37804,1.50,2.96
2015.01.14 17:19:32.089,1.37797,1.37804,1.50,2.02
2015.01.14 17:19:32.494,1.37797,1.37802,1.50,1.87
2015.01.14 17:19:33.000,1.37795,1.378,1.85,1.69
2015.01.14 17:19:33.051,1.37795,1.378,1.20,1.69
2015.01.14 17:19:33.588,1.37796,1.37803,1.00,1.75
2015.01.14 17:19:33.639,1.37798,1.37804,1.10,1.12
2015.01.14 17:19:33.942,1.378,1.37807,1.50,1.69
2015.01.14 17:19:34.464,1.378,1.37807,1.10,1.31
2015.01.14 17:19:34.515,1.37802,1.37807,1.00,1.31
2015.01.14 17:19:34.818,1.37805,1.37811,1.00,1.87
2015.01.14 17:19:35.021,1.37803,1.37811,2.25,1.20
2015.01.14 17:19:35.173,1.37803,1.3781,2.25,1.12
2015.01.14 17:19:35.426,1.37801,1.37809,1.07,1.20
2015.01.14 17:19:35.628,1.37799,1.37807,2.25,2.32
2015.01.14 17:19:35.679,1.37799,1.37807,1.57,2.62
2015.01.14 17:19:35.932,1.37798,1.37806,1.20,2.25
2015.01.14 17:19:36.503,1.37798,1.37806,1.84,1.75
2015.01.14 17:19:36.553,1.37802,1.37806,1.00,1.75
2015.01.14 17:19:36.705,1.37804,1.3781,1.10,1.12
2015.01.14 17:19:36.806,1.37805,1.37811,1.00,1.75
2015.01.14 17:19:37.312,1.37804,1.37811,1.20,2.25
2015.01.14 17:19:37.413,1.37806,1.37811,1.00,2.25
2015.01.14 17:19:37.923,1.37806,1.37812,1.00,2.25
2015.01.14 17:19:38.440,1.37805,1.37812,1.20,2.25
2015.01.14 17:19:38.870,1.37804,1.37808,2.25,1.00
2015.01.14 17:19:39.122,1.37799,1.37808,1.57,1.12
2015.01.14 17:19:39.426,1.37801,1.37809,1.57,1.60
2015.01.14 17:19:39.729,1.37804,1.37809,1.10,1.01
2015.01.14 17:19:39.981,1.37806,1.37811,1.07,1.50
2015.01.14 17:19:40.312,1.37804,1.37811,1.10,2.70
2015.01.14 17:19:41.589,1.37803,1.37808,1.07,1.00
2015.01.14 17:19:41.843,1.37801,1.37807,1.10,1.00
2015.01.14 17:19:42.402,1.37801,1.37803,1.10,1.00
2015.01.14 17:19:42.707,1.37789,1.37797,1.75,1.00
2015.01.14 17:19:42.758,1.37789,1.37797,1.10,1.00
2015.01.14 17:19:43.263,1.37789,1.37796,1.10,1.00
2015.01.14 17:19:45.214,1.37792,1.37796,1.00,1.00
2015.01.14 17:19:45.317,1.37793,1.378,1.00,1.12
2015.01.14 17:19:45.419,1.37796,1.37804,1.10,2.89
2015.01.14 17:19:45.722,1.37797,1.37805,1.75,1.12
2015.01.14 17:19:46.027,1.37802,1.37808,1.00,3.37
2015.01.14 17:19:46.180,1.37803,1.37811,1.50,3.94
2015.01.14 17:19:46.837,1.37803,1.37808,1.07,1.10
2015.01.14 17:19:47.257,1.37804,1.37812,1.20,2.44
2015.01.14 17:19:47.308,1.37806,1.37812,1.00,1.20
2015.01.14 17:19:47.613,1.37808,1.37815,1.50,2.25
2015.01.14 17:19:52.036,1.37806,1.37815,1.85,2.62
2015.01.14 17:19:52.087,1.37806,1.37814,1.57,1.12
2015.01.14 17:19:57.859,1.3781,1.37814,1.00,1.12
2015.01.14 17:19:58.011,1.37808,1.37814,1.12,1.12
2015.01.14 17:19:58.062,1.3781,1.37815,1.00,1.12
2015.01.14 17:19:58.267,1.37813,1.37818,1.10,1.10
2015.01.14 17:19:58.675,1.37812,1.37814,1.50,1.00
2015.01.14 17:19:58.726,1.37804,1.37805,1.00,1.00
2015.01.14 17:19:58.828,1.378,1.37803,1.00,1.12
2015.01.14 17:19:58.980,1.37791,1.37795,1.42,1.19
2015.01.14 17:19:59.184,1.3779,1.37793,1.00,1.87
2015.01.14 17:19:59.255,1.37788,1.37791,1.87,1.00
2015.01.14 17:19:59.306,1.3779,1.37791,1.00,1.00
2015.01.14 17:19:59.357,1.3779,1.37793,1.00,1.00
2015.01.14 17:19:59.509,1.37793,1.37798,1.00,1.56
2015.01.14 17:19:59.610,1.37792,1.37798,1.00,1.50
2015.01.14 17:19:59.914,1.37793,1.37802,1.20,1.69
2015.01.14 17:20:00.015,1.37795,1.37802,1.00,1.50
2015.01.14 17:20:00.318,1.37796,1.37802,1.50,2.06
2015.01.14 17:20:00.672,1.37794,1.378,1.50,1.65
2015.01.14 17:20:01.409,1.37799,1.37801,4.50,1.50
2015.01.14 17:20:01.510,1.378,1.37804,2.32,1.75
2015.01.14 17:20:01.562,1.37803,1.37807,1.50,1.00
2015.01.14 17:20:01.664,1.37803,1.37806,1.07,2.25
2015.01.14 17:20:01.765,1.37799,1.37802,1.50,1.00
2015.01.14 17:20:02.018,1.37796,1.37802,1.07,1.57
2015.01.14 17:20:02.524,1.37796,1.37801,1.07,1.00
2015.01.14 17:20:04.089,1.37796,1.378,1.07,1.00
2015.01.14 17:20:04.242,1.37797,1.37803,1.29,2.70
2015.01.14 17:20:04.293,1.37797,1.378,1.29,1.00
2015.01.14 17:20:04.546,1.37794,1.378,1.50,1.65
2015.01.14 17:20:04.859,1.37795,1.37803,3.00,3.00
2015.01.14 17:20:05.322,1.37798,1.37803,1.00,2.25
2015.01.14 17:20:05.627,1.37798,1.37806,1.07,2.81
2015.01.14 17:20:06.044,1.378,1.37805,1.07,1.00
2015.01.14 17:20:06.556,1.378,1.37806,1.07,1.95
2015.01.14 17:20:07.011,1.378,1.37802,1.07,1.00
2015.01.14 17:20:07.163,1.37797,1.378,1.50,1.00
2015.01.14 17:20:07.365,1.37795,1.378,1.07,1.00
2015.01.14 17:20:07.871,1.37794,1.378,1.07,1.10
2015.01.14 17:20:08.376,1.37795,1.37801,1.10,1.01
2015.01.14 17:20:08.880,1.37795,1.37801,1.07,1.25
2015.01.14 17:20:09.994,1.37795,1.37801,1.07,1.37
2015.01.14 17:20:10.096,1.37795,1.37799,1.00,1.87
2015.01.14 17:20:10.197,1.37791,1.37799,2.25,3.00
2015.01.14 17:20:10.248,1.37791,1.37799,2.25,3.00
2015.01.14 17:20:10.501,1.37793,1.37803,1.75,3.26
2015.01.14 17:20:10.552,1.37795,1.37803,1.50,2.59
2015.01.14 17:20:11.358,1.37795,1.37803,1.50,2.21
2015.01.14 17:20:13.818,1.37795,1.37803,1.50,2.77
2015.01.14 17:20:14.359,1.37795,1.37803,1.50,1.65
2015.01.14 17:20:15.244,1.37795,1.37803,2.25,1.57
2015.01.14 17:20:15.764,1.37795,1.37803,2.25,1.09
2015.01.14 17:20:16.561,1.37795,1.37802,1.50,1.00
2015.01.14 17:20:19.854,1.37795,1.37801,2.25,1.00
2015.01.14 17:20:20.359,1.37797,1.378,1.00,1.00
2015.01.14 17:20:20.788,1.37796,1.37804,1.20,4.87
2015.01.14 17:20:21.404,1.37797,1.37804,1.00,4.87
2015.01.14 17:20:22.484,1.378,1.37804,1.00,2.25
2015.01.14 17:20:22.687,1.37804,1.37808,1.00,1.09
2015.01.14 17:20:23.126,1.37804,1.37805,1.10,1.50
2015.01.14 17:20:23.227,1.378,1.37805,1.07,1.50
2015.01.14 17:20:23.481,1.37803,1.37805,1.00,1.10
2015.01.14 17:20:23.684,1.37805,1.37809,1.00,1.10
2015.01.14 17:20:24.008,1.37801,1.37806,1.85,1.00
2015.01.14 17:20:24.110,1.37801,1.37807,1.50,1.32
2015.01.14 17:20:24.212,1.37799,1.37806,1.65,1.20
2015.01.14 17:20:24.724,1.378,1.37807,1.00,2.44
2015.01.14 17:20:25.078,1.37802,1.37806,1.00,1.20
2015.01.14 17:20:25.490,1.37798,1.37802,1.50,1.00
2015.01.14 17:20:25.591,1.37798,1.378,1.50,1.00
2015.01.14 17:20:25.743,1.37794,1.37801,1.50,1.27
2015.01.14 17:20:25.794,1.37794,1.37799,1.50,1.00
2015.01.14 17:20:25.895,1.37796,1.37802,1.00,3.00
2015.01.14 17:20:25.946,1.37799,1.37802,1.00,2.25
2015.01.14 17:20:26.048,1.37798,1.37802,1.00,1.57
2015.01.14 17:20:26.200,1.37798,1.37805,2.25,2.44
2015.01.14 17:20:26.756,1.37798,1.37804,1.07,1.76
2015.01.14 17:20:27.262,1.37797,1.37804,3.00,1.50
2015.01.14 17:20:27.313,1.37797,1.37807,3.00,2.51
2015.01.14 17:20:27.414,1.37801,1.37807,1.07,1.76
2015.01.14 17:20:28.538,1.378,1.37806,1.07,1.10
2015.01.14 17:20:29.044,1.378,1.37806,1.07,1.57
2015.01.14 17:20:29.518,1.37801,1.3781,1.85,1.85
2015.01.14 17:20:29.619,1.37805,1.3781,1.00,1.57
2015.01.14 17:20:30.140,1.37803,1.3781,1.07,1.57
2015.01.14 17:20:34.162,1.37804,1.3781,1.57,1.20
2015.01.14 17:20:34.466,1.37805,1.37813,2.25,3.00
2015.01.14 17:20:34.567,1.37806,1.37813,2.32,1.07
2015.01.14 17:20:35.072,1.3781,1.37814,1.00,1.50
2015.01.14 17:20:35.578,1.37808,1.37814,1.07,2.32
2015.01.14 17:20:36.083,1.37807,1.37814,3.00,2.25
2015.01.14 17:20:38.548,1.37806,1.37813,1.75,1.07
2015.01.14 17:20:38.599,1.37806,1.37812,1.10,1.07
2015.01.14 17:20:43.853,1.37807,1.37812,1.00,1.07
2015.01.14 17:20:44.005,1.37807,1.37814,1.57,1.39
2015.01.14 17:20:45.730,1.37807,1.37813,1.07,1.47
2015.01.14 17:20:46.034,1.37806,1.37809,1.07,1.00
2015.01.14 17:20:46.236,1.37803,1.37809,1.01,1.12
2015.01.14 17:20:46.742,1.37803,1.37809,1.32,1.20
2015.01.14 17:20:48.055,1.37803,1.37809,1.07,1.47
2015.01.14 17:20:48.460,1.37803,1.37805,1.07,1.00
2015.01.14 17:20:48.613,1.37797,1.37805,1.50,4.57
2015.01.14 17:20:48.664,1.37796,1.37805,1.75,5.32
2015.01.14 17:20:48.866,1.37795,1.37803,3.00,1.00
2015.01.14 17:20:48.917,1.37795,1.37803,2.25,1.19
2015.01.14 17:20:48.968,1.37795,1.37799,1.00,1.00
2015.01.14 17:20:49.120,1.37792,1.37799,1.39,1.50
2015.01.14 17:20:49.222,1.37793,1.37801,2.81,1.50
2015.01.14 17:20:49.272,1.37795,1.37801,1.00,1.00
2015.01.14 17:20:49.425,1.37797,1.37805,1.69,1.25
2015.01.14 17:20:50.302,1.37795,1.37805,2.14,2.25
2015.01.14 17:20:50.828,1.37796,1.37804,1.25,1.00
2015.01.14 17:20:51.183,1.37798,1.37805,1.00,1.00
2015.01.14 17:20:51.335,1.37799,1.37807,1.00,1.69
2015.01.14 17:20:51.745,1.378,1.37808,1.75,4.69
2015.01.14 17:20:55.032,1.378,1.37808,1.75,1.87
2015.01.14 17:20:55.536,1.378,1.37808,1.75,2.62
2015.01.14 17:20:56.518,1.37799,1.37807,2.25,1.47
2015.01.14 17:20:57.530,1.37801,1.37807,1.50,1.57
2015.01.14 17:20:57.682,1.37799,1.37807,3.00,1.57
2015.01.14 17:20:58.188,1.37799,1.37803,1.50,1.00
2015.01.14 17:20:58.442,1.37797,1.37803,1.07,1.20
2015.01.14 17:20:58.896,1.37797,1.37801,1.07,1.00
2015.01.14 17:20:59.099,1.37794,1.378,1.07,1.00
2015.01.14 17:20:59.190,1.37794,1.37802,1.07,1.00
2015.01.14 17:20:59.393,1.37793,1.37799,1.50,1.00
2015.01.14 17:20:59.899,1.37793,1.37798,1.50,1.00
2015.01.14 17:21:01.039,1.37793,1.37799,1.50,1.50
2015.01.14 17:21:02.529,1.37793,1.378,2.06,1.50
2015.01.14 17:21:02.832,1.37798,1.37804,1.50,1.00
2015.01.14 17:21:02.883,1.37798,1.37806,1.50,2.77
2015.01.14 17:21:03.409,1.37798,1.37805,1.50,1.00
2015.01.14 17:21:03.918,1.37798,1.37805,1.50,2.25
2015.01.14 17:21:04.989,1.378,1.37805,2.25,1.50
2015.01.14 17:21:05.040,1.378,1.37806,2.40,1.50
2015.01.14 17:21:05.091,1.37802,1.37808,1.00,1.00
2015.01.14 17:21:05.343,1.378,1.37809,1.20,2.40
2015.01.14 17:21:05.963,1.37799,1.37805,2.25,1.00
2015.01.14 17:21:06.924,1.378,1.37804,1.20,1.00
2015.01.14 17:21:07.556,1.37799,1.37805,2.25,1.20
2015.01.14 17:21:10.429,1.378,1.37806,1.50,1.27
2015.01.14 17:21:10.732,1.378,1.37803,2.25,1.00
2015.01.14 17:21:11.268,1.37799,1.37804,2.25,1.00
2015.01.14 17:21:11.574,1.37799,1.37802,2.25,1.00
2015.01.14 17:21:12.098,1.37798,1.37802,1.07,1.00
2015.01.14 17:21:12.953,1.37798,1.37804,1.07,1.10
2015.01.14 17:21:13.466,1.37799,1.37805,1.27,1.00
2015.01.14 17:21:14.127,1.37799,1.37805,1.57,1.00
2015.01.14 17:21:14.229,1.37799,1.37805,1.57,1.00
2015.01.14 17:21:14.482,1.37803,1.37808,1.20,1.00
2015.01.14 17:21:15.181,1.37803,1.37806,1.07,1.00
2015.01.14 17:21:15.283,1.37801,1.37805,2.25,1.00
2015.01.14 17:21:15.485,1.37801,1.37808,1.50,2.25
2015.01.14 17:21:16.764,1.37801,1.37806,1.50,1.12
2015.01.14 17:21:16.916,1.37799,1.37806,1.50,3.37
2015.01.14 17:21:17.458,1.37799,1.37804,1.50,1.00
2015.01.14 17:21:17.812,1.37797,1.37802,1.69,1.00
2015.01.14 17:21:18.881,1.37797,1.37802,1.50,1.00
2015.01.14 17:21:21.107,1.37799,1.37804,1.50,1.37
2015.01.14 17:21:21.208,1.37795,1.37799,1.32,1.00
2015.01.14 17:21:21.714,1.37794,1.37798,1.84,1.00
2015.01.14 17:21:22.220,1.37794,1.37798,1.65,1.00
2015.01.14 17:21:24.337,1.37794,1.37797,1.20,1.00
2015.01.14 17:21:24.597,1.37792,1.378,1.85,1.46
2015.01.14 17:21:25.127,1.37793,1.37796,1.50,1.00
2015.01.14 17:21:25.849,1.37792,1.37796,1.07,1.00
2015.01.14 17:21:28.958,1.37792,1.37795,1.07,1.00
2015.01.14 17:21:29.760,1.37792,1.37794,1.00,1.00
2015.01.14 17:21:29.913,1.3779,1.37792,1.50,1.00
2015.01.14 17:21:30.087,1.37792,1.37797,1.75,1.00
2015.01.14 17:21:30.241,1.37795,1.37797,1.07,1.00
2015.01.14 17:21:30.445,1.37796,1.37801,1.50,1.50
2015.01.14 17:21:30.951,1.37797,1.37802,1.07,1.00
2015.01.14 17:21:31.153,1.37797,1.37799,1.07,1.00
2015.01.14 17:21:31.458,1.37795,1.37797,1.50,1.00
2015.01.14 17:21:31.963,1.37795,1.378,1.50,1.00
2015.01.14 17:21:33.045,1.37795,1.37798,1.50,1.00
2015.01.14 17:21:38.033,1.37794,1.37797,1.07,1.00
2015.01.14 17:21:38.085,1.37794,1.37799,1.32,1.00
2015.01.14 17:21:38.187,1.37795,1.37801,1.10,1.10
2015.01.14 17:21:38.238,1.37795,1.37801,1.75,1.00
2015.01.14 17:21:38.743,1.37796,1.37803,1.50,4.31
2015.01.14 17:21:39.277,1.37796,1.37798,1.35,1.00
2015.01.14 17:21:39.796,1.37795,1.37798,1.87,1.00
2015.01.14 17:21:40.876,1.37795,1.37797,1.72,1.00
2015.01.14 17:21:43.882,1.37795,1.37798,1.87,1.00
2015.01.14 17:21:44.407,1.37793,1.37797,2.32,1.00
2015.01.14 17:21:44.914,1.37793,1.37798,2.32,1.00
2015.01.14 17:21:46.890,1.37793,1.37799,1.32,1.00
2015.01.14 17:21:47.409,1.37793,1.378,1.32,1.12
2015.01.14 17:21:47.646,1.37796,1.37801,1.00,2.32
2015.01.14 17:21:47.950,1.37801,1.37806,1.07,1.50
2015.01.14 17:21:48.051,1.37799,1.37806,1.69,1.50
2015.01.14 17:21:48.354,1.37801,1.37809,2.32,3.19
2015.01.14 17:21:48.405,1.37802,1.37809,1.50,3.19
2015.01.14 17:21:48.910,1.37801,1.37808,1.07,2.32
2015.01.14 17:21:49.746,1.37801,1.37808,1.07,2.70
2015.01.14 17:21:50.251,1.37801,1.37808,1.07,2.51
2015.01.14 17:21:50.555,1.378,1.37807,1.07,2.62
2015.01.14 17:21:51.060,1.37799,1.37806,1.57,1.07
2015.01.14 17:21:51.844,1.37801,1.37806,1.00,1.07
2015.01.14 17:21:51.895,1.37801,1.37808,1.57,1.32
2015.01.14 17:21:52.400,1.37802,1.37809,1.07,3.26
2015.01.14 17:21:54.634,1.37804,1.37809,1.10,1.65
2015.01.14 17:21:54.937,1.37803,1.37805,1.35,1.00
2015.01.14 17:21:55.089,1.37799,1.37805,2.25,1.65
2015.01.14 17:21:55.392,1.378,1.37805,1.85,1.10
2015.01.14 17:21:55.544,1.37801,1.37807,1.07,1.20
2015.01.14 17:21:56.478,1.37802,1.37809,1.50,4.50
2015.01.14 17:21:56.983,1.37801,1.37808,1.07,2.32
2015.01.14 17:21:57.034,1.37801,1.37808,2.25,1.57
2015.01.14 17:21:57.607,1.37801,1.37807,1.07,1.10
2015.01.14 17:21:59.463,1.37801,1.37807,1.07,2.14
2015.01.14 17:21:59.868,1.378,1.37805,1.50,2.02
2015.01.14 17:21:59.918,1.37798,1.37805,1.07,2.70
2015.01.14 17:22:00.588,1.37797,1.37802,1.07,1.00
2015.01.14 17:22:01.093,1.37797,1.37803,1.07,1.20
2015.01.14 17:22:01.397,1.37799,1.37804,1.50,2.02
2015.01.14 17:22:03.246,1.37799,1.37805,1.50,1.12
2015.01.14 17:22:03.659,1.37798,1.37805,1.20,2.02
2015.01.14 17:22:07.589,1.37797,1.37805,1.50,1.46
2015.01.14 17:22:08.287,1.37797,1.37805,1.87,1.27
2015.01.14 17:22:08.995,1.37799,1.37805,1.00,1.20
2015.01.14 17:22:09.096,1.378,1.37805,1.50,1.00
2015.01.14 17:22:09.606,1.378,1.37806,1.50,2.77
2015.01.14 17:22:10.141,1.378,1.37806,1.50,2.77
2015.01.14 17:22:11.975,1.378,1.37806,1.50,1.27
2015.01.14 17:22:13.459,1.37801,1.37806,1.50,1.00
2015.01.14 17:22:17.008,1.37801,1.37807,1.50,2.62
2015.01.14 17:22:18.337,1.37801,1.37807,1.50,2.62
2015.01.14 17:22:18.842,1.378,1.37807,1.50,3.37
2015.01.14 17:22:19.210,1.378,1.37805,1.35,1.37
2015.01.14 17:22:19.311,1.37796,1.37799,1.57,1.50
2015.01.14 17:22:19.413,1.37795,1.37801,1.07,1.10
2015.01.14 17:22:19.602,1.37798,1.37801,1.10,1.00
2015.01.14 17:22:19.653,1.378,1.37805,1.50,1.00
2015.01.14 17:22:20.842,1.378,1.37807,1.50,5.06
2015.01.14 17:22:21.347,1.37801,1.37807,1.07,1.76
2015.01.14 17:22:29.106,1.378,1.37807,1.07,2.89
2015.01.14 17:22:31.224,1.378,1.37802,1.07,1.12
2015.01.14 17:22:31.427,1.37796,1.37802,1.07,1.00
2015.01.14 17:22:32.058,1.37796,1.37801,1.07,1.00
2015.01.14 17:22:32.159,1.37796,1.37798,1.07,1.00
2015.01.14 17:22:32.260,1.37794,1.37799,1.50,1.00
2015.01.14 17:22:33.286,1.37793,1.37799,1.07,3.45
2015.01.14 17:22:33.791,1.37793,1.37797,1.07,1.00
2015.01.14 17:22:34.087,1.37793,1.37799,1.07,1.20
2015.01.14 17:22:34.239,1.37795,1.37799,1.50,1.00
2015.01.14 17:22:34.391,1.37796,1.37802,1.07,2.44
2015.01.14 17:22:34.593,1.37798,1.37802,1.50,1.69
2015.01.14 17:22:35.676,1.37798,1.37803,1.50,1.00
2015.01.14 17:22:36.181,1.37798,1.37805,1.50,4.31
2015.01.14 17:22:36.585,1.378,1.37805,1.50,1.12
2015.01.14 17:22:40.088,1.378,1.37805,1.50,1.62
2015.01.14 17:22:40.189,1.37798,1.37805,1.50,2.06
2015.01.14 17:22:43.790,1.378,1.37806,1.00,2.62
2015.01.14 17:22:43.841,1.378,1.37808,3.00,3.00
2015.01.14 17:22:44.044,1.37801,1.37808,2.32,1.50
2015.01.14 17:22:44.297,1.37802,1.37811,2.25,1.87
2015.01.14 17:22:44.398,1.37804,1.37809,1.07,1.00
2015.01.14 17:22:45.724,1.37804,1.37808,1.07,1.00
2015.01.14 17:22:46.229,1.37803,1.37808,1.50,1.27
2015.01.14 17:22:46.533,1.37803,1.37806,1.50,1.00
2015.01.14 17:22:46.684,1.378,1.37806,2.44,1.20
2015.01.14 17:22:46.836,1.378,1.37804,2.44,1.00
2015.01.14 17:22:47.140,1.37797,1.37801,1.69,1.00
2015.01.14 17:22:49.158,1.37797,1.37803,1.50,1.37
2015.01.14 17:22:49.671,1.37797,1.37803,1.50,1.12
2015.01.14 17:22:54.001,1.37798,1.37804,1.20,1.65
2015.01.14 17:22:55.753,1.37798,1.37801,1.20,1.00
2015.01.14 17:22:55.956,1.37796,1.378,1.50,1.57
2015.01.14 17:22:56.485,1.37796,1.37799,1.69,1.00
2015.01.14 17:22:56.536,1.37798,1.37799,1.00,1.00
2015.01.14 17:22:56.688,1.37805,1.37809,1.00,5.06
2015.01.14 17:22:56.940,1.37807,1.3781,1.00,1.39
2015.01.14 17:22:57.486,1.37807,1.3781,1.50,1.20
2015.01.14 17:22:57.840,1.37809,1.37812,1.00,1.75
2015.01.14 17:22:57.942,1.3781,1.37813,1.00,1.20
2015.01.14 17:22:58.467,1.37809,1.37814,1.00,1.95
2015.01.14 17:22:59.225,1.37809,1.37813,1.00,1.20
2015.01.14 17:22:59.372,1.37807,1.37814,2.32,1.76
2015.01.14 17:22:59.893,1.37809,1.37814,1.50,1.01
2015.01.14 17:23:01.349,1.37809,1.37813,1.50,1.12
2015.01.14 17:23:02.067,1.37809,1.37811,1.50,1.00
2015.01.14 17:23:02.422,1.37811,1.37815,1.00,2.62
2015.01.14 17:23:02.629,1.37813,1.37817,1.00,3.56
2015.01.14 17:23:02.882,1.37814,1.37819,1.00,2.00
2015.01.14 17:23:03.002,1.37813,1.37821,1.10,2.81
2015.01.14 17:23:03.763,1.37812,1.37818,1.07,1.00
2015.01.14 17:23:04.268,1.37813,1.37821,1.57,2.06
2015.01.14 17:23:04.672,1.37814,1.37816,1.57,1.00
2015.01.14 17:23:04.976,1.37811,1.37815,1.00,1.20
2015.01.14 17:23:05.280,1.37811,1.37817,1.00,1.20
2015.01.14 17:23:05.381,1.37812,1.37818,1.50,1.50
2015.01.14 17:23:05.836,1.37815,1.37819,1.00,1.75
2015.01.14 17:23:06.140,1.37822,1.37826,1.00,1.12
2015.01.14 17:23:06.342,1.37822,1.37825,1.00,1.65
2015.01.14 17:23:06.393,1.3782,1.37823,1.50,1.00
2015.01.14 17:23:06.614,1.37816,1.3782,1.10,1.10
2015.01.14 17:23:06.717,1.37816,1.37823,3.00,2.25
2015.01.14 17:23:06.870,1.37821,1.37824,1.00,1.87
2015.01.14 17:23:07.023,1.37821,1.37826,1.00,1.87
2015.01.14 17:23:07.074,1.37819,1.37826,1.57,1.20
2015.01.14 17:23:07.175,1.37817,1.37825,1.57,1.12
2015.01.14 17:23:07.479,1.37819,1.37823,1.50,1.12
2015.01.14 17:23:08.015,1.37819,1.37824,1.50,1.12
2015.01.14 17:23:08.167,1.37817,1.37824,2.32,1.12
2015.01.14 17:23:08.723,1.37818,1.37825,1.95,1.87
2015.01.14 17:23:09.128,1.37815,1.37823,1.07,1.87
2015.01.14 17:23:09.683,1.37817,1.37823,1.00,1.12
2015.01.14 17:23:09.937,1.3782,1.37828,2.40,1.00
2015.01.14 17:23:10.240,1.3782,1.37825,1.10,1.00
2015.01.14 17:23:10.543,1.37816,1.37824,1.57,4.12
2015.01.14 17:23:11.322,1.37816,1.37823,1.20,1.75
2015.01.14 17:23:11.827,1.37816,1.37822,2.02,1.50
2015.01.14 17:23:11.979,1.37817,1.37823,1.50,1.20
2015.01.14 17:23:12.333,1.37817,1.37821,1.50,1.00
2015.01.14 17:23:12.922,1.37818,1.37821,1.57,1.00
2015.01.14 17:23:13.226,1.37838,1.37839,1.20,1.00
2015.01.14 17:23:13.277,1.37838,1.37841,1.09,1.00
2015.01.14 17:23:13.328,1.37838,1.37843,1.76,1.00
2015.01.14 17:23:13.531,1.37846,1.37849,1.00,1.20
2015.01.14 17:23:13.785,1.37848,1.37854,1.69,1.20
2015.01.14 17:23:13.887,1.37848,1.37852,1.69,1.00
2015.01.14 17:23:14.190,1.37845,1.37849,1.07,1.00
2015.01.14 17:23:14.292,1.3784,1.37844,1.07,1.00
2015.01.14 17:23:14.445,1.37838,1.37844,1.07,1.10
2015.01.14 17:23:14.496,1.37838,1.37842,1.07,1.00
2015.01.14 17:23:14.648,1.37835,1.37842,3.75,1.00
2015.01.14 17:23:15.365,1.37835,1.37841,1.50,1.00
2015.01.14 17:23:15.417,1.37835,1.37839,1.50,1.00
2015.01.14 17:23:15.772,1.37834,1.37841,2.25,1.00
2015.01.14 17:23:16.306,1.37834,1.37842,2.25,1.20
2015.01.14 17:23:16.867,1.37834,1.3784,1.50,1.00
2015.01.14 17:23:17.378,1.37834,1.37841,2.25,1.00
2015.01.14 17:23:17.890,1.37834,1.37842,2.25,3.15
2015.01.14 17:23:18.193,1.37838,1.37844,1.12,1.12
2015.01.14 17:23:18.295,1.37839,1.37846,1.10,1.87
2015.01.14 17:23:18.396,1.37843,1.37846,1.00,1.87
2015.01.14 17:23:18.497,1.37844,1.37848,1.00,3.00
2015.01.14 17:23:18.599,1.37844,1.3785,1.20,1.50
2015.01.14 17:23:18.801,1.37846,1.3785,1.07,1.00
2015.01.14 17:23:18.902,1.37845,1.37852,3.00,1.00
2015.01.14 17:23:19.104,1.3785,1.37852,1.00,1.00
2015.01.14 17:23:19.206,1.3785,1.37854,1.00,1.10
2015.01.14 17:23:19.408,1.3785,1.37856,1.20,2.25
2015.01.14 17:23:19.610,1.37852,1.37858,1.00,2.25
2015.01.14 17:23:19.914,1.3786,1.37866,1.07,1.20
2015.01.14 17:23:20.244,1.37859,1.37865,1.20,3.75
2015.01.14 17:23:20.397,1.37862,1.37865,1.00,2.25
2015.01.14 17:23:20.600,1.37862,1.37868,1.00,3.00
2015.01.14 17:23:21.117,1.3786,1.37865,1.50,1.00
2015.01.14 17:23:21.423,1.37855,1.37858,1.50,1.00
2015.01.14 17:23:21.475,1.37853,1.37858,1.50,1.00
2015.01.14 17:23:21.577,1.37851,1.37857,1.20,1.00
2015.01.14 17:23:21.678,1.3785,1.37856,1.50,3.00
2015.01.14 17:23:21.881,1.37842,1.37848,2.25,1.20
2015.01.14 17:23:22.033,1.3784,1.37847,1.07,1.57
2015.01.14 17:23:22.337,1.3784,1.37844,1.07,1.00
2015.01.14 17:23:22.439,1.37838,1.37845,1.50,3.15
2015.01.14 17:23:22.489,1.37838,1.37843,1.50,1.00
2015.01.14 17:23:22.793,1.37835,1.37841,1.07,1.95
2015.01.14 17:23:23.329,1.37836,1.3784,1.50,1.00
2015.01.14 17:23:23.532,1.37833,1.37838,1.50,1.00
2015.01.14 17:23:23.633,1.3783,1.37836,1.50,1.00
2015.01.14 17:23:23.684,1.37831,1.37836,1.07,1.00
2015.01.14 17:23:24.089,1.37832,1.37838,1.07,1.57
2015.01.14 17:23:24.139,1.37835,1.37838,1.00,1.57
2015.01.14 17:23:24.241,1.37838,1.37841,1.12,1.65
2015.01.14 17:23:24.292,1.37839,1.37844,1.75,1.77
2015.01.14 17:23:24.342,1.3784,1.37845,2.25,1.50
2015.01.14 17:23:24.444,1.37845,1.37851,1.07,2.32
2015.01.14 17:23:24.950,1.37846,1.37856,2.32,3.37
2015.01.14 17:23:25.001,1.37849,1.37856,1.50,3.00
2015.01.14 17:23:25.507,1.3785,1.37856,1.50,2.40
2015.01.14 17:23:25.609,1.3785,1.37854,1.50,1.00
2015.01.14 17:23:25.761,1.37848,1.37853,1.07,1.00
2015.01.14 17:23:25.863,1.37845,1.37852,1.10,1.87
2015.01.14 17:23:26.319,1.37846,1.37852,1.07,1.10
2015.01.14 17:23:26.623,1.37844,1.3785,3.75,1.20
2015.01.14 17:23:27.038,1.37851,1.37855,1.00,1.75
2015.01.14 17:23:27.190,1.37852,1.37858,1.00,3.00
2015.01.14 17:23:27.496,1.37849,1.37854,1.50,1.00
2015.01.14 17:23:28.051,1.37849,1.37855,2.25,1.20
2015.01.14 17:23:28.152,1.3785,1.37859,1.65,3.75
2015.01.14 17:23:28.254,1.3785,1.37858,3.82,1.87
2015.01.14 17:23:28.759,1.37851,1.37856,1.07,1.50
2015.01.14 17:23:29.164,1.37849,1.37856,1.57,1.20
2015.01.14 17:23:29.265,1.37852,1.37857,1.00,1.87
2015.01.14 17:23:29.367,1.37851,1.37858,1.57,1.20
2015.01.14 17:23:29.874,1.37852,1.3786,1.07,3.37
2015.01.14 17:23:30.279,1.37854,1.3786,1.37,1.12
2015.01.14 17:23:30.482,1.37858,1.37864,1.57,1.10
2015.01.14 17:23:30.835,1.37861,1.37863,1.00,1.50
2015.01.14 17:23:31.139,1.37859,1.37863,1.50,1.75
2015.01.14 17:23:31.645,1.37859,1.37862,1.50,1.00
2015.01.14 17:23:31.797,1.37859,1.37866,1.50,1.87
2015.01.14 17:23:31.898,1.37859,1.37866,1.65,1.20
2015.01.14 17:23:32.201,1.37858,1.37863,1.50,1.00
2015.01.14 17:23:32.454,1.37856,1.37862,1.65,2.25
2015.01.14 17:23:32.656,1.37854,1.37862,1.50,3.00
2015.01.14 17:23:33.327,1.37855,1.37863,1.07,2.62
2015.01.14 17:23:34.100,1.37858,1.37863,1.00,1.12
2015.01.14 17:23:34.403,1.3786,1.37864,1.00,1.12
2015.01.14 17:23:34.708,1.37867,1.37871,1.50,2.25
2015.01.14 17:23:35.213,1.37867,1.37872,2.25,1.12
2015.01.14 17:23:35.416,1.37868,1.37875,2.32,1.87
2015.01.14 17:23:35.467,1.37871,1.37875,1.00,1.87
2015.01.14 17:23:36.074,1.37871,1.37876,1.00,2.25
2015.01.14 17:23:36.428,1.37871,1.37873,1.00,1.50
2015.01.14 17:23:36.681,1.37869,1.37875,1.50,1.12
2015.01.14 17:23:36.782,1.37869,1.37876,1.50,1.20
2015.01.14 17:23:36.934,1.37869,1.37873,1.50,1.00
2015.01.14 17:23:37.087,1.37869,1.37875,1.50,1.00
2015.01.14 17:23:37.598,1.37869,1.37874,1.50,1.12
2015.01.14 17:23:38.103,1.37868,1.37876,1.50,2.25
2015.01.14 17:23:38.406,1.37867,1.37871,2.25,1.00
2015.01.14 17:23:38.457,1.37867,1.37874,2.25,1.50
2015.01.14 17:23:38.508,1.3787,1.37874,1.00,1.50
2015.01.14 17:23:38.710,1.37873,1.37879,1.20,3.00
2015.01.14 17:23:38.761,1.37875,1.3788,1.00,1.75
2015.01.14 17:23:38.964,1.37879,1.37886,1.50,1.87
2015.01.14 17:23:39.015,1.37881,1.37886,1.00,1.87
2015.01.14 17:23:39.066,1.37882,1.37888,1.00,2.25
2015.01.14 17:23:39.167,1.37882,1.37888,2.25,1.20
2015.01.14 17:23:39.269,1.37882,1.37886,1.50,1.00
2015.01.14 17:23:39.521,1.37876,1.37885,2.25,1.50
2015.01.14 17:23:39.724,1.37876,1.37882,3.00,1.00
2015.01.14 17:23:39.977,1.3787,1.37878,1.20,1.50
2015.01.14 17:23:40.280,1.37872,1.37878,1.00,1.75
2015.01.14 17:23:40.584,1.37873,1.37881,1.57,1.87
2015.01.14 17:23:40.750,1.37873,1.37877,1.07,1.00
2015.01.14 17:23:40.803,1.37871,1.37877,1.50,1.20
2015.01.14 17:23:40.904,1.3787,1.37877,1.85,1.57
2015.01.14 17:23:40.955,1.3787,1.37877,1.10,1.87
2015.01.14 17:23:41.158,1.37871,1.37879,2.25,2.25
2015.01.14 17:23:41.923,1.37872,1.3788,3.00,1.75
2015.01.14 17:23:42.226,1.37866,1.37875,3.00,1.50
2015.01.14 17:23:42.580,1.37869,1.37875,1.00,1.50
2015.01.14 17:23:43.085,1.37869,1.37877,2.25,2.25
2015.01.14 17:23:43.388,1.37872,1.37879,1.00,1.75
2015.01.14 17:23:43.439,1.37872,1.3788,1.20,1.50
2015.01.14 17:23:44.990,1.37871,1.37878,2.25,1.75
2015.01.14 17:23:45.091,1.37872,1.37879,1.07,1.20
2015.01.14 17:23:45.401,1.37877,1.3788,1.00,1.12
2015.01.14 17:23:45.554,1.37879,1.37883,1.00,1.57
2015.01.14 17:23:45.655,1.37879,1.37885,1.10,1.10
2015.01.14 17:23:45.757,1.3788,1.37888,2.32,1.20
2015.01.14 17:23:46.078,1.37882,1.3789,2.25,3.00
2015.01.14 17:23:46.432,1.37885,1.3789,1.00,1.75
2015.01.14 17:23:46.533,1.37885,1.37892,1.00,2.25
2015.01.14 17:23:46.837,1.37885,1.37893,1.85,1.12
2015.01.14 17:23:47.345,1.37886,1.37893,1.50,1.50
2015.01.14 17:23:47.850,1.37886,1.37891,1.50,1.00
2015.01.14 17:23:48.201,1.37884,1.37892,1.57,1.87
2015.01.14 17:23:48.707,1.37885,1.37893,1.85,1.87
2015.01.14 17:23:48.758,1.37886,1.37893,1.50,1.50
2015.01.14 17:23:49.062,1.37884,1.37891,1.50,1.00
2015.01.14 17:23:49.567,1.37884,1.37893,1.50,1.50
2015.01.14 17:23:49.820,1.37886,1.37894,1.50,3.37
2015.01.14 17:23:50.174,1.37884,1.37891,3.07,1.12
2015.01.14 17:23:50.478,1.37884,1.37892,2.25,2.25
2015.01.14 17:23:51.627,1.37886,1.37893,1.00,2.25
2015.01.14 17:23:51.829,1.37888,1.37895,1.50,2.25
2015.01.14 17:23:51.930,1.37887,1.37895,1.20,2.25
2015.01.14 17:23:52.032,1.37889,1.37895,1.00,1.75
2015.01.14 17:23:52.133,1.3789,1.37897,1.20,1.50
2015.01.14 17:23:52.335,1.37892,1.37898,1.10,1.12
2015.01.14 17:23:52.589,1.379,1.37909,3.00,1.50
2015.01.14 17:23:52.690,1.37902,1.37908,1.07,1.57
2015.01.14 17:23:53.044,1.379,1.37908,1.57,2.25
2015.01.14 17:23:53.247,1.37902,1.3791,2.62,1.65
2015.01.14 17:23:53.802,1.37904,1.37912,1.07,1.87
2015.01.14 17:23:54.156,1.37904,1.37908,1.07,1.00
2015.01.14 17:23:54.258,1.37901,1.37909,1.07,1.87
2015.01.14 17:23:54.359,1.379,1.37907,1.10,1.12
2015.01.14 17:23:54.662,1.37902,1.37907,1.00,1.12
2015.01.14 17:23:54.915,1.37905,1.37911,1.20,2.25
2015.01.14 17:23:55.117,1.37904,1.3791,1.00,1.75
2015.01.14 17:23:56.040,1.37906,1.37908,1.00,1.20
2015.01.14 17:23:56.142,1.37905,1.3791,1.00,1.75
2015.01.14 17:23:56.243,1.37904,1.37911,1.20,1.20
2015.01.14 17:23:56.294,1.37904,1.37909,1.20,1.00
2015.01.14 17:23:56.807,1.37903,1.37909,1.00,1.00
2015.01.14 17:23:57.111,1.37906,1.37912,1.00,1.10
2015.01.14 17:23:57.466,1.37903,1.37913,1.50,1.87
2015.01.14 17:23:57.668,1.37901,1.3791,2.32,1.10
2015.01.14 17:23:57.719,1.37901,1.37908,2.32,1.00
2015.01.14 17:23:58.173,1.37899,1.37908,1.47,1.50
2015.01.14 17:23:58.275,1.37897,1.37907,1.10,2.14
2015.01.14 17:23:58.377,1.37896,1.37904,1.20,1.00
2015.01.14 17:23:58.629,1.37895,1.37903,1.10,1.00
2015.01.14 17:23:59.134,1.37895,1.37904,1.10,1.10
2015.01.14 17:23:59.660,1.37895,1.37903,1.57,1.00
2015.01.14 17:23:59.913,1.37897,1.37905,1.00,1.20
2015.01.14 17:24:00.570,1.37896,1.37906,1.50,1.25
2015.01.14 17:24:00.874,1.37899,1.37907,1.00,1.20
2015.01.14 17:24:01.179,1.37899,1.37907,1.87,1.12
2015.01.14 17:24:01.482,1.37898,1.37904,1.20,1.00
2015.01.14 17:24:01.796,1.37898,1.37906,1.20,1.50
2015.01.14 17:24:02.048,1.37898,1.37908,1.57,1.25
2015.01.14 17:24:02.603,1.37901,1.37909,1.00,1.69
2015.01.14 17:24:02.856,1.37901,1.3791,1.00,1.87
2015.01.14 17:24:03.381,1.37901,1.37909,1.20,1.50
2015.01.14 17:24:03.707,1.379,1.37907,1.87,1.12
2015.01.14 17:24:04.011,1.37896,1.37901,1.75,1.00
2015.01.14 17:24:04.314,1.37895,1.37897,1.60,1.00
2015.01.14 17:24:04.365,1.37892,1.37897,1.20,1.00
2015.01.14 17:24:04.416,1.37891,1.37895,1.12,1.00
2015.01.14 17:24:04.568,1.37887,1.37895,1.12,1.00
2015.01.14 17:24:04.669,1.37885,1.37895,2.25,1.00
2015.01.14 17:24:04.922,1.37889,1.37897,1.00,4.09
2015.01.14 17:24:05.225,1.37889,1.37899,2.25,1.00
2015.01.14 17:24:05.738,1.37889,1.37898,1.10,1.10
2015.01.14 17:24:06.193,1.37891,1.37898,1.50,1.10
2015.01.14 17:24:06.698,1.37889,1.37897,1.87,1.00
2015.01.14 17:24:07.002,1.37887,1.3789,1.00,1.00
2015.01.14 17:24:07.053,1.37887,1.37895,1.00,1.20
2015.01.14 17:24:07.204,1.37889,1.37895,1.00,1.00
2015.01.14 17:24:07.306,1.37889,1.37897,1.09,1.50
2015.01.14 17:24:07.357,1.37891,1.37897,1.00,1.00
2015.01.14 17:24:07.661,1.37889,1.37895,1.87,1.00
2015.01.14 17:24:07.763,1.37887,1.37894,1.65,1.00
2015.01.14 17:24:08.319,1.37888,1.37894,1.00,1.00
2015.01.14 17:24:08.824,1.37889,1.37894,1.00,1.00
2015.01.14 17:24:09.362,1.37887,1.37894,1.20,1.00
2015.01.14 17:24:09.873,1.37887,1.37893,1.20,1.00
2015.01.14 17:24:09.974,1.37888,1.37893,1.37,1.00
2015.01.14 17:24:10.278,1.37897,1.37901,1.00,1.10
2015.01.14 17:24:10.631,1.37896,1.37903,2.25,1.20
2015.01.14 17:24:11.133,1.37897,1.37904,1.00,1.50
2015.01.14 17:24:11.235,1.379,1.37905,1.00,2.25
2015.01.14 17:24:11.387,1.37902,1.3791,1.00,6.37
2015.01.14 17:24:11.437,1.37904,1.3791,1.00,2.62
2015.01.14 17:24:11.488,1.37904,1.37911,1.00,1.10
2015.01.14 17:24:11.539,1.37906,1.37913,1.00,1.12
2015.01.14 17:24:11.640,1.37906,1.37914,1.50,1.50
2015.01.14 17:24:11.943,1.37909,1.37916,1.00,1.50
2015.01.14 17:24:12.247,1.37913,1.37917,1.00,1.50
2015.01.14 17:24:12.449,1.3791,1.37916,1.50,1.00
2015.01.14 17:24:12.805,1.37914,1.37916,1.00,1.50
2015.01.14 17:24:13.009,1.37909,1.37916,1.20,1.00
2015.01.14 17:24:13.059,1.37913,1.37916,1.00,1.12
2015.01.14 17:24:13.161,1.37909,1.37916,1.00,2.32
2015.01.14 17:24:13.262,1.37914,1.37916,1.00,1.95
2015.01.14 17:24:13.427,1.3791,1.37916,2.25,1.10
2015.01.14 17:24:13.478,1.37912,1.37916,1.50,1.00
2015.01.14 17:24:13.984,1.37911,1.37917,2.40,1.00
2015.01.14 17:24:14.592,1.37911,1.37916,2.40,1.00
2015.01.14 17:24:15.097,1.37914,1.37916,1.00,1.00
2015.01.14 17:24:17.005,1.37912,1.37916,1.00,1.00
2015.01.14 17:24:17.510,1.37912,1.37917,1.00,1.12
2015.01.14 17:24:17.561,1.37909,1.37915,1.95,1.00
2015.01.14 17:24:17.864,1.37906,1.37909,1.00,1.00
2015.01.14 17:24:18.168,1.37905,1.37908,2.25,1.00
2015.01.14 17:24:18.319,1.37905,1.3791,1.50,1.00
2015.01.14 17:24:18.897,1.37905,1.37909,2.25,1.00
2015.01.14 17:24:19.302,1.37908,1.37912,1.00,1.20
2015.01.14 17:24:19.605,1.37911,1.37915,1.00,1.00
2015.01.14 17:24:20.221,1.37908,1.37914,1.00,1.00
2015.01.14 17:24:20.474,1.37906,1.37914,1.50,2.32
2015.01.14 17:24:20.626,1.37906,1.3791,1.00,1.00
2015.01.14 17:24:20.930,1.37905,1.37907,1.00,1.00
2015.01.14 17:24:21.464,1.37905,1.37908,1.00,1.00
2015.01.14 17:24:22.071,1.37905,1.37907,1.00,1.00
2015.01.14 17:24:22.578,1.37904,1.37907,1.00,1.00
2015.01.14 17:24:22.881,1.37905,1.37907,1.00,1.00
2015.01.14 17:24:24.364,1.37904,1.37907,1.00,1.00
2015.01.14 17:24:24.566,1.37903,1.37905,1.00,1.00
2015.01.14 17:24:24.819,1.37903,1.37906,1.00,1.00
2015.01.14 17:24:25.122,1.37902,1.37905,1.00,1.00
2015.01.14 17:24:25.634,1.37904,1.37906,1.00,1.00
2015.01.14 17:24:25.887,1.37906,1.37908,1.00,1.50
2015.01.14 17:24:26.840,1.37904,1.37908,1.50,1.50
2015.01.14 17:24:27.351,1.37904,1.37908,1.50,1.87
2015.01.14 17:24:27.907,1.37904,1.37908,1.00,1.87
2015.01.14 17:24:28.008,1.37903,1.37908,1.00,1.87
2015.01.14 17:24:28.109,1.37903,1.37908,1.00,1.87
2015.01.14 17:24:28.211,1.37903,1.37908,1.00,2.62
2015.01.14 17:24:28.733,1.379,1.37906,2.25,2.06
2015.01.14 17:24:29.238,1.379,1.37906,1.00,1.46
2015.01.14 17:24:30.762,1.379,1.37906,1.00,1.84
2015.01.14 17:24:30.964,1.379,1.37906,1.00,1.46
2015.01.14 17:24:33.354,1.37901,1.37907,1.00,3.56
2015.01.14 17:24:33.478,1.37903,1.37906,1.50,1.10
2015.01.14 17:24:34.034,1.37903,1.37907,1.50,1.50
2015.01.14 17:24:34.338,1.37906,1.37908,1.00,1.20
2015.01.14 17:24:34.388,1.37906,1.3791,1.00,1.25
2015.01.14 17:24:34.894,1.37905,1.3791,2.25,1.25
2015.01.14 17:24:35.047,1.37904,1.37907,1.00,1.00
2015.01.14 17:24:35.451,1.37905,1.3791,2.25,1.00
2015.01.14 17:24:35.956,1.37906,1.37911,1.00,1.01
2015.01.14 17:24:36.461,1.37907,1.37911,1.00,1.01
2015.01.14 17:24:37.067,1.37907,1.37912,1.00,3.64
2015.01.14 17:24:37.168,1.37905,1.37912,2.25,4.39
2015.01.14 17:24:37.714,1.37905,1.3791,1.00,1.37
2015.01.14 17:24:38.134,1.37905,1.37912,1.00,3.64
2015.01.14 17:24:38.286,1.37907,1.37912,1.00,3.64
2015.01.14 17:24:38.589,1.37906,1.37912,1.00,4.01
2015.01.14 17:24:39.145,1.37904,1.37907,1.00,1.00
2015.01.14 17:24:39.448,1.37902,1.37907,1.00,1.87
2015.01.14 17:24:39.554,1.37899,1.37908,1.50,2.21
2015.01.14 17:24:39.656,1.37902,1.37907,1.00,1.00
2015.01.14 17:24:39.959,1.37905,1.37907,1.00,1.00
2015.01.14 17:24:40.473,1.37902,1.37907,1.00,1.00
2015.01.14 17:24:40.524,1.37902,1.37905,1.00,1.00
2015.01.14 17:24:40.676,1.37899,1.37906,1.00,1.50
2015.01.14 17:24:41.197,1.37899,1.37905,1.00,1.00
2015.01.14 17:24:41.400,1.37896,1.379,1.87,1.00
2015.01.14 17:24:41.571,1.37896,1.379,1.00,1.00
2015.01.14 17:24:41.623,1.37896,1.37902,1.00,1.25
2015.01.14 17:24:42.129,1.37896,1.37903,1.00,1.50
2015.01.14 17:24:42.281,1.37899,1.37908,1.00,3.19
2015.01.14 17:24:42.586,1.37902,1.37908,1.00,1.00
2015.01.14 17:24:42.740,1.379,1.37907,2.32,1.00
2015.01.14 17:24:42.942,1.379,1.37909,2.32,1.10
2015.01.14 17:24:42.993,1.37902,1.37909,1.00,1.10
2015.01.14 17:24:43.525,1.37901,1.37908,1.00,1.50
2015.01.14 17:24:43.831,1.37905,1.37912,1.00,2.25
2015.01.14 17:24:43.984,1.37906,1.37914,1.50,1.20
2015.01.14 17:24:44.086,1.37912,1.37915,1.00,1.20
2015.01.14 17:24:44.188,1.37912,1.37916,1.50,1.20
2015.01.14 17:24:44.290,1.37912,1.37918,1.50,1.10
2015.01.14 17:24:44.914,1.37912,1.37915,1.50,1.00
2015.01.14 17:24:45.453,1.37912,1.37916,1.87,1.00
2015.01.14 17:24:45.706,1.37912,1.37918,1.00,1.10
2015.01.14 17:24:45.908,1.37915,1.3792,1.12,1.69
2015.01.14 17:24:46.010,1.37913,1.37921,1.87,1.50
2015.01.14 17:24:46.161,1.37915,1.37921,2.25,1.00
2015.01.14 17:24:46.212,1.37915,1.37924,2.25,1.25
2015.01.14 17:24:46.313,1.37915,1.37921,2.25,1.00
2015.01.14 17:24:46.668,1.37915,1.37923,1.20,1.00
2015.01.14 17:24:46.920,1.37916,1.37924,1.50,1.69
2015.01.14 17:24:48.201,1.37915,1.37921,2.62,1.00
2015.01.14 17:24:48.505,1.37915,1.37917,1.00,1.00
2015.01.14 17:24:48.707,1.37912,1.3792,1.50,2.62
2015.01.14 17:24:48.809,1.37913,1.37921,1.10,1.00
2015.01.14 17:24:49.011,1.37913,1.37917,1.10,1.00
2015.01.14 17:24:49.113,1.37911,1.37917,2.25,1.00
2015.01.14 17:24:49.265,1.37913,1.37919,1.00,1.10
2015.01.14 17:24:49.467,1.37916,1.37924,1.00,1.57
2015.01.14 17:24:49.777,1.37915,1.37922,1.00,1.00
2015.01.14 17:24:50.232,1.37912,1.3792,2.25,1.00
2015.01.14 17:24:50.738,1.37911,1.37921,2.40,2.62
2015.01.14 17:24:50.890,1.37912,1.37917,1.00,1.00
2015.01.14 17:24:50.991,1.37912,1.3792,1.00,2.25
2015.01.14 17:24:51.143,1.37912,1.37918,1.00,1.00
2015.01.14 17:24:52.221,1.37912,1.37917,1.00,1.00
2015.01.14 17:24:52.778,1.37912,1.37918,1.00,1.00
2015.01.14 17:24:52.980,1.37915,1.37922,1.00,2.77
2015.01.14 17:24:53.081,1.37915,1.3792,1.87,1.00
2015.01.14 17:24:53.537,1.37917,1.37921,1.00,1.50
2015.01.14 17:24:53.739,1.37918,1.37923,1.00,1.00
2015.01.14 17:24:53.992,1.37919,1.37925,1.00,1.00
2015.01.14 17:24:54.094,1.37918,1.37927,2.40,1.20
2015.01.14 17:24:54.550,1.37918,1.37925,1.65,1.00
2015.01.14 17:24:54.853,1.37918,1.37923,1.20,1.00
2015.01.14 17:24:55.372,1.37916,1.37923,1.75,1.37
2015.01.14 17:24:55.524,1.37916,1.37924,1.10,1.37
2015.01.14 17:24:55.738,1.37915,1.37925,2.70,3.00
2015.01.14 17:24:55.840,1.37915,1.37923,1.95,1.12
2015.01.14 17:24:56.346,1.37915,1.37923,1.20,1.87
2015.01.14 17:24:57.113,1.37915,1.37923,1.20,1.37
2015.01.14 17:24:57.619,1.37914,1.37924,1.87,1.27
2015.01.14 17:24:58.132,1.37916,1.37924,1.20,1.00
2015.01.14 17:24:58.641,1.37915,1.37923,3.00,1.00
2015.01.14 17:24:58.951,1.37915,1.37925,3.00,2.02
2015.01.14 17:24:59.354,1.37917,1.37925,2.62,1.00
2015.01.14 17:25:00.572,1.37917,1.37923,1.50,1.00
2015.01.14 17:25:01.087,1.37916,1.37922,3.75,1.00
2015.01.14 17:25:01.239,1.37917,1.37924,1.50,1.12
2015.01.14 17:25:02.187,1.37916,1.37922,1.75,1.00
2015.01.14 17:25:03.451,1.37915,1.37922,2.02,1.00
2015.01.14 17:25:03.654,1.37915,1.37922,1.65,1.37
2015.01.14 17:25:04.008,1.37914,1.37923,1.20,1.50
2015.01.14 17:25:04.412,1.37913,1.3792,3.75,1.00
2015.01.14 17:25:04.918,1.37912,1.3792,2.62,1.12
2015.01.14 17:25:05.423,1.37913,1.37922,1.87,1.62
2015.01.14 17:25:05.936,1.37913,1.37922,2.62,1.62
2015.01.14 17:25:06.760,1.37913,1.3792,2.62,1.00
2015.01.14 17:25:08.074,1.37913,1.37918,2.62,1.00
2015.01.14 17:25:09.375,1.37913,1.37918,1.20,1.00
2015.01.14 17:25:09.577,1.37913,1.37922,1.57,2.25
2015.01.14 17:25:10.082,1.37913,1.37923,4.50,2.81
2015.01.14 17:25:10.806,1.37915,1.37925,1.20,4.69
2015.01.14 17:25:11.322,1.37917,1.37924,1.87,1.65
2015.01.14 17:25:11.474,1.37919,1.37927,1.00,1.09
2015.01.14 17:25:11.829,1.37921,1.37927,1.50,1.25
2015.01.14 17:25:12.565,1.37921,1.37928,2.25,1.50
2015.01.14 17:25:12.871,1.37921,1.37926,2.25,1.00
2015.01.14 17:25:13.023,1.37922,1.37928,1.00,1.00
2015.01.14 17:25:13.848,1.37921,1.37928,2.25,1.00
2015.01.14 17:25:14.370,1.37921,1.37929,2.25,1.50
2015.01.14 17:25:14.826,1.37924,1.37929,1.12,1.50
2015.01.14 17:25:15.130,1.37927,1.37932,1.00,1.00
2015.01.14 17:25:15.636,1.37928,1.37932,1.10,1.00
2015.01.14 17:25:16.091,1.37929,1.37936,1.00,2.25
2015.01.14 17:25:16.193,1.37931,1.37937,1.37,1.10
2015.01.14 17:25:16.396,1.37936,1.37943,1.00,5.06
2015.01.14 17:25:16.498,1.3794,1.37943,1.00,1.00
2015.01.14 17:25:16.548,1.3794,1.37945,1.00,1.20
2015.01.14 17:25:16.599,1.3794,1.37945,3.00,1.10
2015.01.14 17:25:16.751,1.37946,1.37953,1.00,1.66
2015.01.14 17:25:16.954,1.37945,1.37953,3.45,1.00
2015.01.14 17:25:17.359,1.37946,1.37956,1.10,1.39
2015.01.14 17:25:17.460,1.37948,1.37956,1.00,1.39
2015.01.14 17:25:17.763,1.3795,1.37957,1.00,1.29
2015.01.14 17:25:18.766,1.37949,1.37956,1.00,1.62
2015.01.14 17:25:19.667,1.37948,1.37956,1.10,2.06
2015.01.14 17:25:20.209,1.37948,1.37956,1.10,1.62
2015.01.14 17:25:20.856,1.37948,1.37956,1.10,1.12
2015.01.14 17:25:21.159,1.37946,1.37954,1.87,1.50
2015.01.14 17:25:21.666,1.3795,1.37955,1.00,1.00
2015.01.14 17:25:22.071,1.37952,1.37955,1.00,1.00
2015.01.14 17:25:22.122,1.37952,1.37957,1.00,1.00
2015.01.14 17:25:22.576,1.3795,1.37957,1.00,1.00
2015.01.14 17:25:22.981,1.37952,1.37956,1.00,1.00
2015.01.14 17:25:23.132,1.37952,1.37958,1.00,1.84
2015.01.14 17:25:23.464,1.37952,1.37955,1.00,1.00
2015.01.14 17:25:23.515,1.3795,1.37955,1.00,1.00
2015.01.14 17:25:23.616,1.37952,1.37955,1.00,1.00
2015.01.14 17:25:23.769,1.37953,1.37957,1.00,1.50
2015.01.14 17:25:23.921,1.37951,1.37956,2.25,1.00
2015.01.14 17:25:24.426,1.37952,1.37956,1.00,1.00
2015.01.14 17:25:24.628,1.3795,1.37953,1.50,1.00
2015.01.14 17:25:25.133,1.37946,1.37954,1.20,1.69
2015.01.14 17:25:25.235,1.37945,1.37952,2.62,1.25
2015.01.14 17:25:25.437,1.37945,1.37951,1.00,1.00
2015.01.14 17:25:25.985,1.37944,1.37954,1.20,4.31
2015.01.14 17:25:26.498,1.37943,1.37951,2.25,1.00
2015.01.14 17:25:27.002,1.37942,1.3795,1.20,1.00
2015.01.14 17:25:27.522,1.37943,1.37951,1.00,1.95
2015.01.14 17:25:27.724,1.37945,1.37951,1.00,1.10
2015.01.14 17:25:28.229,1.37944,1.37951,1.00,1.37
2015.01.14 17:25:28.432,1.37945,1.37952,1.00,2.25
2015.01.14 17:25:28.634,1.37942,1.37952,3.15,2.81
2015.01.14 17:25:28.735,1.37942,1.3795,1.20,1.00
2015.01.14 17:25:28.938,1.3794,1.3795,1.10,3.64
2015.01.14 17:25:28.989,1.37942,1.37948,1.00,1.00
2015.01.14 17:25:29.292,1.37939,1.37946,1.87,1.00
2015.01.14 17:25:29.596,1.37936,1.37942,1.87,1.50
2015.01.14 17:25:29.849,1.37939,1.37946,1.00,1.20
2015.01.14 17:25:30.254,1.37941,1.37949,1.00,1.39
2015.01.14 17:25:30.557,1.37936,1.37941,1.50,1.00
2015.01.14 17:25:30.608,1.37934,1.37941,2.25,1.50
2015.01.14 17:25:30.659,1.37937,1.37941,1.00,1.50
2015.01.14 17:25:30.709,1.37937,1.37944,1.00,1.19
2015.01.14 17:25:30.760,1.37939,1.37944,1.00,1.19
2015.01.14 17:25:30.861,1.37936,1.37946,1.57,3.45
2015.01.14 17:25:30.912,1.37936,1.37946,2.25,4.50
2015.01.14 17:25:31.367,1.37935,1.37945,1.50,1.00
2015.01.14 17:25:31.417,1.37935,1.37941,1.50,1.00
2015.01.14 17:25:31.723,1.37932,1.37939,1.20,1.87
2015.01.14 17:25:31.824,1.37933,1.37941,1.00,1.50
2015.01.14 17:25:32.452,1.37935,1.37941,1.00,1.50
2015.01.14 17:25:32.553,1.37932,1.37941,1.20,1.50
2015.01.14 17:25:32.605,1.37932,1.37941,1.20,1.37
2015.01.14 17:25:32.908,1.37935,1.37943,1.00,3.37
2015.01.14 17:25:32.959,1.37935,1.37943,1.57,3.00
2015.01.14 17:25:33.009,1.37939,1.37943,1.00,1.50
2015.01.14 17:25:33.161,1.37937,1.37945,1.00,2.51
2015.01.14 17:25:33.684,1.37937,1.37945,1.20,1.25
2015.01.14 17:25:34.204,1.37937,1.37945,1.20,1.37
2015.01.14 17:25:34.648,1.37939,1.37946,1.00,1.00
2015.01.14 17:25:36.067,1.37938,1.37948,2.70,1.57
2015.01.14 17:25:36.506,1.37938,1.37946,2.70,1.00
2015.01.14 17:25:37.029,1.37938,1.37947,2.25,1.84
2015.01.14 17:25:37.591,1.37939,1.37947,1.00,1.84
2015.01.14 17:25:37.692,1.37937,1.37947,2.77,1.84
2015.01.14 17:25:37.793,1.37939,1.37947,1.50,1.09
2015.01.14 17:25:41.507,1.3794,1.37947,1.00,1.00
2015.01.14 17:25:41.982,1.37943,1.37948,1.00,1.00
2015.01.14 17:25:42.185,1.37943,1.3795,1.50,2.25
2015.01.14 17:25:42.509,1.37945,1.37953,1.00,1.39
2015.01.14 17:25:43.015,1.37944,1.37952,2.25,1.00
2015.01.14 17:25:43.116,1.37944,1.37947,1.75,1.00
2015.01.14 17:25:43.218,1.37943,1.37952,1.87,1.25
2015.01.14 17:25:43.270,1.37943,1.37951,1.50,1.00
2015.01.14 17:25:43.787,1.37944,1.37954,2.25,1.19
2015.01.14 17:25:43.889,1.37945,1.37955,1.50,3.90
2015.01.14 17:25:43.990,1.37944,1.37951,1.75,1.00
2015.01.14 17:25:44.267,1.37943,1.3795,1.57,1.00
2015.01.14 17:25:44.469,1.37941,1.37948,1.50,1.00
2015.01.14 17:25:44.974,1.37941,1.37947,1.50,1.00
2015.01.14 17:25:47.224,1.3794,1.37945,1.75,1.00
2015.01.14 17:25:47.326,1.3794,1.37947,2.25,1.00
2015.01.14 17:25:47.428,1.3794,1.3795,2.25,2.25
2015.01.14 17:25:47.630,1.37945,1.37951,1.00,1.20
2015.01.14 17:25:47.782,1.37946,1.37954,1.50,1.20
2015.01.14 17:25:47.934,1.37947,1.37957,1.65,3.94
2015.01.14 17:25:48.136,1.37949,1.37957,1.00,3.00
2015.01.14 17:25:48.440,1.37947,1.37954,1.10,1.00
2015.01.14 17:25:48.642,1.37947,1.37956,1.10,2.70
2015.01.14 17:25:48.946,1.37946,1.37954,1.20,1.00
2015.01.14 17:25:49.451,1.37945,1.37953,1.20,1.50
2015.01.14 17:25:49.963,1.37943,1.3795,1.12,1.00
2015.01.14 17:25:50.064,1.37941,1.3795,1.75,1.12
2015.01.14 17:25:50.165,1.37941,1.37947,1.75,1.00
2015.01.14 17:25:50.267,1.37939,1.37947,1.87,1.00
2015.01.14 17:25:50.773,1.3794,1.37948,1.10,1.00
2015.01.14 17:25:51.278,1.37938,1.37947,1.12,1.50
2015.01.14 17:25:51.379,1.37937,1.37946,1.20,1.00
2015.01.14 17:25:51.884,1.37938,1.37947,1.10,1.57
2015.01.14 17:25:52.405,1.37938,1.37946,1.10,1.00
2015.01.14 17:25:52.911,1.37937,1.37945,1.20,1.00
2015.01.14 17:25:53.447,1.37938,1.37946,1.10,1.00
2015.01.14 17:25:54.080,1.37938,1.37948,1.10,3.64
2015.01.14 17:25:55.456,1.37943,1.37949,1.00,1.12
2015.01.14 17:25:55.661,1.37944,1.37951,1.00,1.00
2015.01.14 17:25:56.015,1.37944,1.37954,1.20,1.76
2015.01.14 17:25:56.066,1.37943,1.37951,2.62,1.00
2015.01.14 17:25:56.218,1.37942,1.3795,1.20,1.50
2015.01.14 17:25:56.730,1.37941,1.37949,1.20,1.00
2015.01.14 17:25:57.235,1.37939,1.37948,1.75,1.00
2015.01.14 17:25:57.387,1.37939,1.37947,1.10,1.00
2015.01.14 17:25:58.016,1.37939,1.37946,1.10,1.00
2015.01.14 17:25:58.688,1.37937,1.37945,2.62,1.00
2015.01.14 17:25:59.554,1.37937,1.37944,1.87,1.00
2015.01.14 17:26:05.485,1.37937,1.37941,1.12,1.00
2015.01.14 17:26:05.536,1.37935,1.37941,1.75,1.00
2015.01.14 17:26:05.587,1.37935,1.37937,1.00,1.00
2015.01.14 17:26:05.638,1.37932,1.37934,1.10,1.00
2015.01.14 17:26:05.689,1.3793,1.37933,1.05,1.00
2015.01.14 17:26:05.790,1.37927,1.37935,1.12,1.50
2015.01.14 17:26:05.892,1.3793,1.37936,1.20,1.50
2015.01.14 17:26:05.942,1.3793,1.37938,1.09,1.00
2015.01.14 17:26:05.993,1.37932,1.37938,1.00,1.00
2015.01.14 17:26:06.247,1.37933,1.3794,1.10,1.00
2015.01.14 17:26:06.298,1.37935,1.37941,1.50,1.00
2015.01.14 17:26:06.450,1.37938,1.37947,1.84,1.00
2015.01.14 17:26:06.551,1.37939,1.37948,2.00,1.00
2015.01.14 17:26:06.854,1.37939,1.37946,1.75,1.00
2015.01.14 17:26:07.426,1.37938,1.37946,3.75,1.00
2015.01.14 17:26:07.527,1.37939,1.37948,2.44,1.00
2015.01.14 17:26:07.729,1.37941,1.3795,1.10,1.10
2015.01.14 17:26:08.033,1.37943,1.37951,1.50,1.00
2015.01.14 17:26:08.336,1.37943,1.37951,2.70,1.00
2015.01.14 17:26:08.841,1.37944,1.37952,4.76,1.50
2015.01.14 17:26:10.466,1.37945,1.37954,1.87,1.50
2015.01.14 17:26:10.933,1.37946,1.37954,2.62,1.50
2015.01.14 17:26:11.034,1.37947,1.37954,1.57,1.00
2015.01.14 17:26:11.135,1.37948,1.37956,1.12,1.50
2015.01.14 17:26:11.563,1.37948,1.37956,1.87,1.50
2015.01.14 17:26:11.664,1.37948,1.37955,1.45,1.00
2015.01.14 17:26:11.715,1.37946,1.37952,1.50,1.00
2015.01.14 17:26:12.018,1.37943,1.37948,1.75,2.25
2015.01.14 17:26:12.322,1.37941,1.37946,1.12,1.00
2015.01.14 17:26:12.373,1.37939,1.37947,2.06,1.00
2015.01.14 17:26:12.626,1.37939,1.37945,2.06,1.00
2015.01.14 17:26:12.930,1.37935,1.37944,2.25,1.00
2015.01.14 17:26:13.436,1.37936,1.37943,2.25,1.00
2015.01.14 17:26:13.638,1.37939,1.37943,1.00,1.00
2015.01.14 17:26:13.739,1.37937,1.37945,1.65,1.00
2015.01.14 17:26:13.840,1.37939,1.37947,1.00,1.00
2015.01.14 17:26:14.346,1.3794,1.37949,1.10,1.10
2015.01.14 17:26:14.418,1.3794,1.37947,1.57,1.00
2015.01.14 17:26:14.974,1.3794,1.37947,2.70,1.00
2015.01.14 17:26:15.277,1.37938,1.37942,1.31,1.00
2015.01.14 17:26:15.329,1.3794,1.37946,1.10,1.50
2015.01.14 17:26:15.430,1.37943,1.37946,1.00,1.00
2015.01.14 17:26:15.481,1.37943,1.3795,2.25,1.50
2015.01.14 17:26:15.532,1.37943,1.37946,1.50,1.00
2015.01.14 17:26:15.835,1.37941,1.37946,1.12,1.00
2015.01.14 17:26:16.089,1.37935,1.37942,2.11,1.00
2015.01.14 17:26:16.293,1.37936,1.37942,1.12,1.00
2015.01.14 17:26:16.547,1.37937,1.37945,1.75,1.00
2015.01.14 17:26:16.749,1.3794,1.37945,1.12,1.00
2015.01.14 17:26:17.255,1.3794,1.37946,1.12,1.00
2015.01.14 17:26:18.589,1.3794,1.37946,1.12,1.37
2015.01.14 17:26:18.641,1.37938,1.37941,1.12,1.50
2015.01.14 17:26:18.742,1.37935,1.3794,1.87,1.00
2015.01.14 17:26:19.898,1.37935,1.37941,1.50,1.00
2015.01.14 17:26:20.651,1.37935,1.37942,1.12,1.00
2015.01.14 17:26:21.055,1.37939,1.37944,1.00,1.00
2015.01.14 17:26:21.258,1.37943,1.37951,2.44,1.00
2015.01.14 17:26:21.460,1.37945,1.37953,1.20,1.00
2015.01.14 17:26:21.561,1.37945,1.3795,1.20,1.00
2015.01.14 17:26:21.864,1.37942,1.37947,1.12,1.00
2015.01.14 17:26:21.915,1.37941,1.37947,1.20,1.00
2015.01.14 17:26:22.420,1.3794,1.37946,1.75,1.00
2015.01.14 17:26:22.572,1.37939,1.37943,1.05,1.00
2015.01.14 17:26:22.876,1.37939,1.37945,1.12,1.00
2015.01.14 17:26:23.078,1.3794,1.37947,1.20,1.00
2015.01.14 17:26:23.179,1.37944,1.37947,1.00,1.00
2015.01.14 17:26:23.584,1.37942,1.37944,1.05,1.00
2015.01.14 17:26:23.685,1.3794,1.37943,1.20,1.00
2015.01.14 17:26:23.787,1.37935,1.37943,2.81,1.00
2015.01.14 17:26:24.717,1.37935,1.37944,2.81,1.00
2015.01.14 17:26:25.244,1.37936,1.37944,1.60,1.00
2015.01.14 17:26:26.089,1.37936,1.37943,1.12,1.00
2015.01.14 17:26:26.241,1.37935,1.37943,2.44,1.00
2015.01.14 17:26:26.753,1.37935,1.37942,1.69,1.00
2015.01.14 17:26:27.258,1.37936,1.37943,1.45,1.00
2015.01.14 17:26:27.511,1.37938,1.37946,1.00,2.25
2015.01.14 17:26:27.663,1.37938,1.37946,2.25,1.50
2015.01.14 17:26:27.967,1.37938,1.37941,1.75,1.00
2015.01.14 17:26:28.113,1.37935,1.37939,1.20,1.00
2015.01.14 17:26:28.216,1.37935,1.37938,1.87,1.00
2015.01.14 17:26:28.420,1.3793,1.37933,3.00,1.00
2015.01.14 17:26:28.539,1.3793,1.37936,1.50,1.00
2015.01.14 17:26:28.590,1.3793,1.37936,1.87,1.00
2015.01.14 17:26:28.742,1.37934,1.37941,1.60,1.50
2015.01.14 17:26:29.248,1.37934,1.37942,1.60,1.00
2015.01.14 17:26:30.308,1.37934,1.37939,1.60,1.00
2015.01.14 17:26:30.512,1.37931,1.37936,1.12,1.00
2015.01.14 17:26:30.614,1.37929,1.37936,3.75,1.00
2015.01.14 17:26:31.125,1.37928,1.37936,2.25,1.00
2015.01.14 17:26:31.277,1.37929,1.37939,2.81,1.50
2015.01.14 17:26:31.378,1.37932,1.37941,2.70,1.10
2015.01.14 17:26:31.429,1.37935,1.37941,1.00,1.10
2015.01.14 17:26:31.734,1.37935,1.37941,1.75,1.00
2015.01.14 17:26:33.260,1.37935,1.37938,1.75,1.00
2015.01.14 17:26:33.362,1.37932,1.37938,2.25,1.00
2015.01.14 17:26:33.666,1.37932,1.37936,1.75,1.00
2015.01.14 17:26:34.375,1.37932,1.37937,1.75,1.00
2015.01.14 17:26:34.426,1.37932,1.37939,1.75,1.00
2015.01.14 17:26:34.932,1.37933,1.3794,1.69,1.50
2015.01.14 17:26:35.640,1.37933,1.37937,2.81,1.00
2015.01.14 17:26:35.943,1.37931,1.37935,1.75,1.00
2015.01.14 17:26:36.246,1.37929,1.37933,1.75,1.00
2015.01.14 17:26:36.348,1.37929,1.37934,1.75,1.00
2015.01.14 17:26:36.449,1.37927,1.37932,2.62,1.00
2015.01.14 17:26:36.954,1.37926,1.37932,1.12,1.00
2015.01.14 17:26:41.996,1.37926,1.37934,1.60,1.00
2015.01.14 17:26:42.199,1.37926,1.37934,1.31,1.00
2015.01.14 17:26:42.300,1.37933,1.37939,1.50,1.87
2015.01.14 17:26:42.351,1.37933,1.37939,2.62,1.12
2015.01.14 17:26:42.402,1.37936,1.37941,1.12,1.10
2015.01.14 17:26:42.504,1.37936,1.37943,1.87,1.00
2015.01.14 17:26:42.858,1.37937,1.37944,1.12,1.00
2015.01.14 17:26:48.599,1.37938,1.37946,1.57,1.00
2015.01.14 17:26:49.912,1.37937,1.37945,2.44,1.00
2015.01.14 17:26:50.418,1.37937,1.37943,1.75,1.00
2015.01.14 17:26:50.925,1.37936,1.37943,1.87,1.00
2015.01.14 17:26:51.279,1.37936,1.37941,1.75,1.00
2015.01.14 17:26:51.432,1.37934,1.37941,1.07,1.00
2015.01.14 17:26:51.482,1.37933,1.37938,1.12,1.00
2015.01.14 17:26:51.735,1.37931,1.37937,1.12,1.00
2015.01.14 17:26:51.837,1.3793,1.37937,1.50,1.00
2015.01.14 17:26:52.856,1.37928,1.37937,2.06,1.00
2015.01.14 17:26:52.907,1.37928,1.37931,1.35,1.00
2015.01.14 17:26:53.059,1.37926,1.3793,1.00,1.00
2015.01.14 17:26:53.160,1.37923,1.37931,1.57,1.00
2015.01.14 17:26:53.362,1.37924,1.37932,1.20,1.00
2015.01.14 17:26:53.931,1.37925,1.37933,1.20,1.00
2015.01.14 17:26:55.023,1.37924,1.37932,1.69,1.00
2015.01.14 17:26:55.831,1.37923,1.37928,1.75,1.00
2015.01.14 17:26:56.033,1.37916,1.37923,6.94,1.00
2015.01.14 17:26:56.542,1.37916,1.37924,3.19,1.00
2015.01.14 17:26:57.726,1.37916,1.37924,2.25,1.37
2015.01.14 17:26:57.828,1.37916,1.3792,1.75,1.00
2015.01.14 17:26:58.132,1.37903,1.37912,1.50,1.00
2015.01.14 17:26:58.299,1.37903,1.3791,1.50,1.00
2015.01.14 17:26:58.608,1.37903,1.37912,1.50,1.00
2015.01.14 17:26:58.860,1.37903,1.37912,1.50,1.37
2015.01.14 17:26:59.164,1.37899,1.37901,1.05,1.00
2015.01.14 17:26:59.215,1.37894,1.37903,1.25,1.37
2015.01.14 17:26:59.317,1.37897,1.37905,1.00,1.50
2015.01.14 17:26:59.620,1.37901,1.37909,1.00,1.87
2015.01.14 17:26:59.772,1.37901,1.3791,1.25,1.00
2015.01.14 17:26:59.874,1.37903,1.37911,1.75,1.00
2015.01.14 17:27:04.153,1.37903,1.37911,1.75,1.37
2015.01.14 17:27:04.407,1.37894,1.37903,1.50,1.00
2015.01.14 17:27:04.611,1.37893,1.37903,2.62,1.20
2015.01.14 17:27:05.371,1.37896,1.37904,1.00,1.50
2015.01.14 17:27:05.523,1.37896,1.37905,1.10,1.57
2015.01.14 17:27:06.027,1.37896,1.37905,2.25,1.50
2015.01.14 17:27:06.258,1.379,1.37907,1.00,2.25
2015.01.14 17:27:06.462,1.37901,1.37911,1.10,1.50
2015.01.14 17:27:06.513,1.37901,1.37911,1.20,1.45
2015.01.14 17:27:06.564,1.37901,1.37912,1.57,3.45
2015.01.14 17:27:06.879,1.37898,1.37904,1.12,1.00
2015.01.14 17:27:06.931,1.37896,1.37904,3.75,1.00
2015.01.14 17:27:07.440,1.37896,1.37904,1.20,1.00
2015.01.14 17:27:08.300,1.37896,1.37904,1.20,1.37
2015.01.14 17:27:10.314,1.37896,1.37904,1.20,1.37
2015.01.14 17:27:10.819,1.37895,1.37903,1.50,1.00
2015.01.14 17:27:10.870,1.37901,1.37905,1.00,2.25
2015.01.14 17:27:11.022,1.37905,1.37912,1.00,1.75
2015.01.14 17:27:11.124,1.37905,1.37913,1.00,1.10
2015.01.14 17:27:11.275,1.37908,1.37914,1.00,1.20
2015.01.14 17:27:11.326,1.37908,1.37915,1.00,1.10
2015.01.14 17:27:11.831,1.37907,1.37915,1.27,1.50
2015.01.14 17:27:13.109,1.37905,1.37915,3.00,1.65
2015.01.14 17:27:14.133,1.37905,1.37913,3.00,1.00
2015.01.14 17:27:15.236,1.37905,1.37914,3.00,1.00
2015.01.14 17:27:17.073,1.37908,1.37914,1.00,1.00
2015.01.14 17:27:17.376,1.37906,1.37914,1.20,1.00
2015.01.14 17:27:19.283,1.37905,1.37912,1.50,1.00
2015.01.14 17:27:19.787,1.37905,1.37911,1.50,1.00
2015.01.14 17:27:19.888,1.37905,1.37913,1.50,1.87
2015.01.14 17:27:20.403,1.37904,1.37912,1.20,1.87
2015.01.14 17:27:20.915,1.37902,1.37912,1.87,3.37
2015.01.14 17:27:22.273,1.37902,1.37911,1.87,1.37
2015.01.14 17:27:22.425,1.37904,1.37912,1.10,1.00
2015.01.14 17:27:23.292,1.37904,1.37913,1.10,1.20
2015.01.14 17:27:23.818,1.37904,1.37914,1.57,3.45
2015.01.14 17:27:24.396,1.37906,1.37914,1.00,3.45
2015.01.14 17:27:24.497,1.37907,1.37914,1.19,1.10
2015.01.14 17:27:24.822,1.37914,1.37918,1.10,1.00
2015.01.14 17:27:25.075,1.37911,1.37918,1.50,1.00
2015.01.14 17:27:25.228,1.37909,1.37918,1.20,1.50
2015.01.14 17:27:25.279,1.3791,1.37918,1.12,1.50
2015.01.14 17:27:25.431,1.37909,1.37918,1.50,1.50
2015.01.14 17:27:25.732,1.37909,1.37916,1.20,1.00
2015.01.14 17:27:26.338,1.37909,1.37917,1.20,1.00
2015.01.14 17:27:28.847,1.37911,1.37917,1.00,1.00
2015.01.14 17:27:28.948,1.37911,1.37919,1.00,1.00
2015.01.14 17:27:29.049,1.37913,1.3792,1.00,1.20
2015.01.14 17:27:30.428,1.37912,1.3792,1.20,1.50
2015.01.14 17:27:33.627,1.3791,1.3792,4.69,1.87
2015.01.14 17:27:33.981,1.3791,1.37918,1.20,1.87
2015.01.14 17:27:34.685,1.3791,1.37918,1.20,1.87
2015.01.14 17:27:34.988,1.37907,1.37915,1.12,1.50
2015.01.14 17:27:35.190,1.37905,1.37913,1.39,1.87
2015.01.14 17:27:35.765,1.37905,1.37913,2.14,1.87
2015.01.14 17:27:36.173,1.37905,1.37914,1.95,1.00
2015.01.14 17:27:37.151,1.37905,1.37914,2.44,1.00
2015.01.14 17:27:37.658,1.37908,1.37914,1.00,1.00
2015.01.14 17:27:37.759,1.37908,1.37916,1.00,2.51
2015.01.14 17:27:37.861,1.3791,1.37916,1.50,1.00
2015.01.14 17:27:38.165,1.37907,1.37913,1.87,1.00
2015.01.14 17:27:38.267,1.37905,1.37913,3.94,1.00
2015.01.14 17:27:40.262,1.37905,1.37912,3.00,1.00
2015.01.14 17:27:40.364,1.37905,1.37914,3.00,1.00
2015.01.14 17:27:40.465,1.37905,1.37912,1.50,1.12
2015.01.14 17:27:40.770,1.37902,1.3791,2.25,1.87
2015.01.14 17:27:40.923,1.37901,1.3791,1.01,1.47
2015.01.14 17:27:43.131,1.37901,1.37906,1.57,1.00
2015.01.14 17:27:43.283,1.37901,1.37909,1.57,2.62
2015.01.14 17:27:43.586,1.37903,1.37908,1.00,1.00
2015.01.14 17:27:44.125,1.37902,1.37908,1.10,1.00
2015.01.14 17:27:44.630,1.37902,1.37907,1.00,1.00
2015.01.14 17:27:45.136,1.37901,1.37908,1.00,1.00
2015.01.14 17:27:46.192,1.37899,1.37908,2.25,1.12
2015.01.14 17:27:46.679,1.37899,1.37908,2.25,1.37
2015.01.14 17:27:47.185,1.37897,1.37906,2.70,1.12
2015.01.14 17:27:47.236,1.379,1.37906,1.00,1.12
2015.01.14 17:27:47.540,1.37905,1.37913,1.00,2.89
2015.01.14 17:27:48.426,1.37903,1.3791,1.75,1.00
2015.01.14 17:27:48.629,1.37901,1.3791,1.87,1.00
2015.01.14 17:27:49.151,1.37901,1.37911,1.95,3.07
2015.01.14 17:27:49.354,1.37901,1.37909,1.95,1.00
2015.01.14 17:27:49.657,1.37895,1.37903,2.70,1.00
2015.01.14 17:27:49.910,1.37895,1.37905,2.70,6.45
2015.01.14 17:27:50.424,1.37897,1.37905,1.10,2.62
2015.01.14 17:27:50.837,1.37895,1.37902,2.62,2.25
2015.01.14 17:27:51.049,1.37893,1.37901,1.87,1.00
2015.01.14 17:27:51.554,1.37892,1.37901,2.25,1.00
2015.01.14 17:27:52.010,1.37894,1.37901,1.76,1.00
2015.01.14 17:27:52.303,1.37904,1.37912,1.00,3.07
2015.01.14 17:27:52.354,1.37907,1.37912,1.00,1.50
2015.01.14 17:27:52.455,1.37907,1.37915,1.00,1.01
2015.01.14 17:27:53.314,1.37907,1.37915,1.57,1.00
2015.01.14 17:27:53.832,1.37909,1.37916,1.12,1.20
2015.01.14 17:27:54.034,1.3791,1.37916,2.62,1.00
2015.01.14 17:27:54.337,1.37908,1.37916,1.20,1.50
2015.01.14 17:27:55.321,1.37909,1.37916,1.10,3.37
2015.01.14 17:27:56.743,1.37908,1.37915,1.95,1.37
2015.01.14 17:27:57.249,1.37908,1.37912,1.00,1.50
2015.01.14 17:27:57.763,1.37908,1.37913,1.12,1.00
2015.01.14 17:27:57.814,1.37908,1.37915,1.12,1.00
2015.01.14 17:27:58.167,1.37908,1.37912,1.12,1.00
2015.01.14 17:27:58.724,1.37908,1.37912,1.95,1.00
2015.01.14 17:27:58.775,1.37908,1.37914,1.95,1.00
2015.01.14 17:27:59.238,1.37908,1.37912,1.20,1.00
2015.01.14 17:28:00.535,1.37908,1.37912,1.47,1.00
2015.01.14 17:28:00.586,1.37908,1.37917,1.95,2.14
2015.01.14 17:28:01.105,1.37908,1.37916,1.95,1.50
2015.01.14 17:28:01.628,1.37908,1.37916,1.57,1.50
2015.01.14 17:28:02.288,1.37908,1.37914,1.10,1.00
2015.01.14 17:28:03.786,1.37906,1.3791,2.62,1.00
2015.01.14 17:28:04.494,1.37907,1.37913,1.07,1.00
2015.01.14 17:28:05.016,1.37907,1.37912,1.07,1.00
2015.01.14 17:28:05.905,1.37907,1.37915,1.57,1.50
2015.01.14 17:28:06.663,1.37907,1.37914,1.20,1.00
2015.01.14 17:28:07.650,1.37907,1.37914,1.57,1.00
2015.01.14 17:28:07.751,1.37908,1.37914,1.20,1.00
2015.01.14 17:28:08.054,1.37909,1.37914,1.12,1.00
2015.01.14 17:28:08.559,1.37909,1.37913,1.50,1.00
2015.01.14 17:28:08.711,1.3791,1.37916,1.57,1.00
2015.01.14 17:28:09.215,1.37911,1.37916,1.20,1.00
2015.01.14 17:28:09.316,1.37913,1.37919,1.00,1.00
2015.01.14 17:28:11.609,1.37914,1.37919,1.00,1.00
2015.01.14 17:28:12.174,1.37914,1.37921,3.07,1.37
2015.01.14 17:28:13.211,1.37914,1.37919,2.89,1.00
2015.01.14 17:28:14.620,1.37914,1.3792,1.20,1.87
2015.01.14 17:28:16.511,1.37913,1.37918,1.87,1.00
2015.01.14 17:28:16.664,1.37912,1.37918,2.89,1.00
2015.01.14 17:28:16.817,1.37915,1.37919,1.00,1.12
2015.01.14 17:28:16.918,1.37916,1.37921,1.00,1.27
2015.01.14 17:28:17.125,1.37918,1.37924,1.00,1.37
2015.01.14 17:28:17.631,1.37917,1.37925,1.00,1.37
2015.01.14 17:28:19.719,1.37919,1.37925,1.00,1.37
2015.01.14 17:28:19.820,1.37919,1.37927,1.00,2.02
2015.01.14 17:28:19.923,1.37919,1.37927,1.00,2.02
2015.01.14 17:28:20.681,1.3792,1.37925,1.00,1.87
2015.01.14 17:28:21.231,1.3792,1.37925,1.00,1.87
2015.01.14 17:28:21.332,1.37918,1.37926,1.20,1.87
2015.01.14 17:28:21.838,1.37917,1.37925,1.50,2.25
2015.01.14 17:28:22.090,1.37915,1.37922,1.31,1.00
2015.01.14 17:28:22.394,1.37912,1.37916,1.99,1.00
2015.01.14 17:28:22.950,1.37916,1.37918,1.00,1.00
2015.01.14 17:28:23.002,1.37916,1.37922,1.50,1.00
2015.01.14 17:28:23.054,1.37918,1.37922,1.00,1.00
2015.01.14 17:28:23.105,1.37918,1.37925,1.00,2.14
2015.01.14 17:28:23.612,1.37917,1.37925,1.65,1.12
2015.01.14 17:28:24.117,1.37918,1.37926,1.00,1.47
2015.01.14 17:28:24.633,1.37918,1.37927,1.00,3.82
2015.01.14 17:28:25.478,1.37917,1.37926,1.76,1.20
2015.01.14 17:28:25.579,1.37915,1.37924,2.81,1.12
2015.01.14 17:28:25.882,1.37919,1.37924,1.00,1.00
2015.01.14 17:28:25.933,1.37919,1.37927,1.00,4.57
2015.01.14 17:28:26.438,1.37919,1.37925,1.57,1.00
2015.01.14 17:28:26.741,1.37919,1.37927,1.57,1.00
2015.01.14 17:28:28.108,1.37919,1.37928,1.95,1.95
2015.01.14 17:28:28.260,1.37919,1.37926,1.20,1.00
2015.01.14 17:28:29.322,1.37917,1.37925,1.87,1.00
2015.01.14 17:28:29.676,1.3792,1.37928,1.00,2.40
2015.01.14 17:28:29.777,1.37918,1.37928,1.50,1.65
2015.01.14 17:28:30.311,1.37918,1.37928,1.57,3.07
2015.01.14 17:28:31.371,1.37918,1.37922,1.10,1.00
2015.01.14 17:28:31.624,1.37914,1.37921,1.50,1.00
2015.01.14 17:28:33.108,1.37913,1.3792,1.75,1.00
2015.01.14 17:28:33.795,1.37913,1.37921,2.62,1.50
2015.01.14 17:28:34.199,1.37917,1.37921,1.37,1.00
2015.01.14 17:28:34.502,1.37922,1.37928,1.00,1.00
2015.01.14 17:28:34.856,1.37922,1.37926,1.00,1.00
2015.01.14 17:28:35.165,1.37916,1.37924,1.95,1.00
2015.01.14 17:28:36.091,1.37915,1.37923,1.12,1.00
2015.01.14 17:28:36.701,1.37915,1.37924,1.87,1.12
2015.01.14 17:28:38.983,1.37915,1.37923,1.87,1.00
2015.01.14 17:28:39.509,1.37915,1.37922,1.87,1.00
2015.01.14 17:28:39.685,1.37915,1.37922,1.20,1.00
2015.01.14 17:28:42.343,1.37914,1.3792,1.69,1.00
2015.01.14 17:28:42.850,1.37914,1.37921,2.62,1.00
2015.01.14 17:28:43.820,1.37919,1.37921,1.00,1.00
2015.01.14 17:28:43.972,1.37918,1.37924,1.00,1.20
2015.01.14 17:28:44.023,1.37916,1.37924,1.95,1.10
2015.01.14 17:28:44.074,1.37916,1.37921,2.02,1.00
2015.01.14 17:28:45.102,1.37916,1.37923,1.65,1.00
2015.01.14 17:28:48.047,1.37916,1.37925,1.65,1.12
2015.01.14 17:28:48.251,1.37916,1.37923,1.65,1.00
2015.01.14 17:28:49.935,1.37916,1.37924,1.65,1.00
2015.01.14 17:28:50.238,1.37924,1.37931,1.12,2.62
2015.01.14 17:28:50.750,1.37924,1.37932,1.00,1.37
2015.01.14 17:28:51.072,1.37924,1.37932,1.37,1.00
2015.01.14 17:28:51.427,1.37927,1.37935,1.00,3.15
2015.01.14 17:28:52.182,1.37925,1.37933,2.25,1.00
2015.01.14 17:28:52.698,1.37925,1.37933,1.20,3.37
2015.01.14 17:28:53.053,1.37923,1.37933,3.75,3.00
2015.01.14 17:28:53.357,1.37921,1.37928,2.25,1.00
2015.01.14 17:28:53.878,1.37921,1.37928,1.10,1.00
2015.01.14 17:28:54.080,1.37925,1.37928,1.00,1.87
2015.01.14 17:28:54.385,1.37929,1.37937,1.00,1.46
2015.01.14 17:28:54.688,1.37932,1.37936,1.00,1.00
2015.01.14 17:28:54.991,1.37934,1.37937,1.00,1.00
2015.01.14 17:28:56.000,1.37933,1.3794,2.02,1.87
2015.01.14 17:28:56.505,1.37933,1.37939,1.65,1.50
2015.01.14 17:28:57.046,1.37933,1.37938,2.02,1.00
2015.01.14 17:28:57.512,1.37933,1.3794,1.20,1.00
2015.01.14 17:28:57.765,1.37931,1.37939,4.31,2.25
2015.01.14 17:28:58.118,1.37934,1.37941,1.00,4.31
2015.01.14 17:28:58.271,1.37931,1.37938,2.62,1.00
2015.01.14 17:28:58.474,1.37927,1.37935,3.56,1.50
2015.01.14 17:28:58.677,1.37926,1.37934,1.20,2.81
2015.01.14 17:28:58.728,1.37926,1.37931,1.20,3.37
2015.01.14 17:28:58.931,1.37922,1.37929,2.44,1.00
2015.01.14 17:28:59.255,1.37925,1.37932,1.10,1.00
2015.01.14 17:28:59.882,1.37924,1.37931,1.20,1.00
2015.01.14 17:29:00.387,1.37923,1.3793,1.20,1.00
2015.01.14 17:29:01.121,1.37923,1.37933,2.32,5.51
2015.01.14 17:29:01.374,1.37923,1.37927,1.95,1.00
2015.01.14 17:29:01.678,1.37922,1.37928,1.00,1.12
2015.01.14 17:29:02.196,1.37923,1.3793,1.00,1.29
2015.01.14 17:29:02.710,1.37923,1.37931,1.00,2.32
2015.01.14 17:29:03.014,1.37925,1.3793,1.00,1.10
2015.01.14 17:29:03.317,1.37926,1.37933,1.12,1.39
2015.01.14 17:29:03.519,1.37926,1.37927,1.00,1.50
2015.01.14 17:29:03.570,1.37922,1.37927,1.87,1.50
2015.01.14 17:29:03.621,1.37921,1.37926,1.50,1.25
2015.01.14 17:29:03.722,1.37919,1.37924,1.50,1.00
2015.01.14 17:29:03.874,1.37917,1.37925,2.25,1.57
2015.01.14 17:29:03.925,1.37917,1.3792,1.50,1.00
2015.01.14 17:29:04.026,1.37917,1.37923,1.00,1.12
2015.01.14 17:29:04.077,1.37915,1.37923,1.10,1.87
2015.01.14 17:29:04.179,1.37918,1.37924,1.00,1.57
2015.01.14 17:29:04.684,1.37917,1.37925,1.50,2.25
2015.01.14 17:29:05.191,1.3792,1.37926,1.00,1.87
2015.01.14 17:29:05.509,1.37923,1.37929,1.00,1.12
2015.01.14 17:29:06.015,1.37923,1.3793,1.20,1.00
2015.01.14 17:29:06.318,1.37926,1.37928,1.00,1.00
2015.01.14 17:29:06.420,1.37925,1.37933,1.00,2.25
2015.01.14 17:29:07.042,1.37924,1.3793,2.70,1.00
2015.01.14 17:29:07.373,1.37922,1.37928,1.20,1.00
2015.01.14 17:29:07.677,1.3792,1.37926,1.12,1.12
2015.01.14 17:29:07.829,1.37917,1.37925,3.00,1.00
2015.01.14 17:29:08.084,1.37916,1.37922,1.12,1.00
2015.01.14 17:29:08.236,1.37915,1.3792,1.65,1.00
2015.01.14 17:29:08.792,1.37913,1.3792,1.65,1.00
2015.01.14 17:29:08.995,1.37917,1.3792,1.00,1.00
2015.01.14 17:29:09.046,1.37917,1.37922,1.00,1.20
2015.01.14 17:29:09.147,1.37918,1.37925,1.50,1.50
2015.01.14 17:29:09.256,1.3792,1.37924,1.00,1.00
2015.01.14 17:29:09.561,1.37919,1.37922,1.00,1.00
2015.01.14 17:29:09.713,1.37918,1.37924,2.32,1.00
2015.01.14 17:29:10.300,1.37918,1.37921,1.57,1.00
2015.01.14 17:29:10.401,1.37919,1.37921,1.00,1.00
2015.01.14 17:29:10.503,1.3792,1.37924,1.00,1.00
2015.01.14 17:29:10.705,1.37921,1.37926,1.00,1.00
2015.01.14 17:29:11.462,1.37922,1.37926,1.50,1.00
2015.01.14 17:29:12.423,1.37924,1.37926,1.00,1.00
2015.01.14 17:29:12.475,1.37924,1.37931,1.00,3.00
2015.01.14 17:29:12.677,1.37923,1.37927,1.50,1.00
2015.01.14 17:29:12.931,1.3792,1.37928,1.95,1.50
2015.01.14 17:29:13.133,1.3792,1.37926,1.00,1.00
2015.01.14 17:29:13.308,1.37918,1.37926,1.84,1.00
2015.01.14 17:29:13.461,1.37918,1.37923,1.09,1.00
2015.01.14 17:29:13.865,1.37916,1.37923,1.50,1.00
2015.01.14 17:29:14.067,1.37918,1.37923,1.00,1.00
2015.01.14 17:29:14.572,1.37917,1.37924,1.00,1.50
2015.01.14 17:29:15.084,1.37916,1.37924,2.25,1.00
2015.01.14 17:29:15.623,1.37916,1.37924,3.82,1.00
2015.01.14 17:29:16.128,1.37916,1.37923,3.07,1.00
2015.01.14 17:29:16.640,1.37918,1.37923,1.87,1.00
2015.01.14 17:29:17.144,1.37915,1.37923,2.06,1.00
2015.01.14 17:29:17.508,1.37918,1.37924,1.69,1.00
2015.01.14 17:29:17.558,1.3792,1.37928,1.50,1.12
2015.01.14 17:29:17.610,1.37921,1.37929,1.00,2.25
2015.01.14 17:29:17.661,1.37924,1.3793,1.50,2.25
2015.01.14 17:29:17.712,1.37924,1.3793,2.25,1.20
2015.01.14 17:29:17.864,1.37926,1.37932,1.00,1.01
2015.01.14 17:29:18.622,1.37926,1.37932,1.47,1.00
2015.01.14 17:29:19.127,1.37928,1.37932,1.00,1.00
2015.01.14 17:29:20.335,1.37929,1.37932,1.00,1.00
2015.01.14 17:29:20.845,1.37927,1.37933,1.12,1.00
2015.01.14 17:29:21.563,1.37926,1.37933,1.09,1.50
2015.01.14 17:29:21.613,1.37926,1.37931,1.09,1.00
2015.01.14 17:29:22.138,1.37924,1.37932,1.39,1.50
2015.01.14 17:29:22.644,1.37924,1.37933,2.70,1.87
2015.01.14 17:29:23.158,1.37924,1.37933,2.62,1.50
2015.01.14 17:29:24.748,1.37924,1.37931,3.37,1.00
2015.01.14 17:29:25.064,1.37924,1.37927,1.10,1.00
2015.01.14 17:29:25.217,1.37924,1.37929,2.25,1.00
2015.01.14 17:29:25.471,1.37924,1.37931,1.65,1.00
2015.01.14 17:29:25.572,1.37923,1.37929,1.50,1.00
2015.01.14 17:29:25.724,1.37922,1.37929,2.25,1.00
2015.01.14 17:29:25.775,1.37922,1.37926,2.25,1.00
2015.01.14 17:29:25.877,1.37925,1.37931,1.00,1.20
2015.01.14 17:29:26.080,1.37926,1.37934,1.00,1.00
2015.01.14 17:29:26.617,1.37926,1.37933,1.00,1.00
2015.01.14 17:29:27.173,1.37925,1.37933,1.00,2.06
2015.01.14 17:29:27.376,1.37923,1.37932,3.07,1.95
2015.01.14 17:29:28.097,1.37923,1.37931,3.45,1.00
2015.01.14 17:29:29.272,1.37925,1.37931,1.00,1.00
2015.01.14 17:29:29.788,1.37925,1.37933,1.00,2.62
2015.01.14 17:29:31.328,1.37924,1.37931,1.57,1.00
2015.01.14 17:29:31.430,1.37925,1.37933,1.00,1.50
2015.01.14 17:29:31.583,1.37925,1.37931,2.25,1.00
2015.01.14 17:29:31.887,1.37924,1.37933,1.65,1.39
2015.01.14 17:29:32.241,1.37924,1.37933,2.25,1.19
2015.01.14 17:29:32.798,1.37927,1.37935,1.00,5.59
2015.01.14 17:29:32.849,1.37927,1.37935,1.00,3.15
2015.01.14 17:29:33.707,1.37927,1.37934,2.40,1.00
2015.01.14 17:29:34.248,1.37927,1.37935,3.15,1.00
2015.01.14 17:29:34.767,1.37927,1.37935,3.52,1.00
2015.01.14 17:29:37.110,1.37927,1.37935,3.15,1.00
2015.01.14 17:29:37.211,1.37929,1.37935,1.00,1.00
2015.01.14 17:29:37.666,1.37929,1.37935,1.31,1.00
2015.01.14 17:29:37.868,1.37938,1.37945,4.95,1.25
2015.01.14 17:29:37.969,1.37939,1.37946,1.20,1.69
2015.01.14 17:29:38.474,1.3794,1.37945,1.50,1.69
2015.01.14 17:29:39.080,1.3794,1.37943,1.50,1.00
2015.01.14 17:29:39.181,1.37938,1.37943,1.00,1.00
2015.01.14 17:29:39.686,1.37936,1.37943,1.95,1.00
2015.01.14 17:29:40.041,1.37937,1.37942,1.10,1.37
2015.01.14 17:29:40.244,1.37932,1.3794,2.62,1.87
2015.01.14 17:29:40.395,1.37932,1.37939,1.65,1.00
2015.01.14 17:29:40.699,1.37936,1.37941,1.37,1.20
2015.01.14 17:29:40.749,1.37936,1.37943,3.75,1.75
2015.01.14 17:29:40.801,1.37938,1.37945,1.37,2.06
2015.01.14 17:29:40.902,1.37939,1.37946,1.00,1.69
2015.01.14 17:29:41.003,1.37941,1.37945,1.00,1.00
2015.01.14 17:29:41.156,1.3794,1.37947,1.57,1.69
2015.01.14 17:29:41.308,1.37939,1.37947,2.25,1.69
2015.01.14 17:29:41.633,1.3794,1.37945,1.00,1.00
2015.01.14 17:29:42.723,1.3794,1.37946,1.00,1.00
2015.01.14 17:29:43.436,1.37939,1.37946,2.25,1.00
2015.01.14 17:29:44.254,1.37939,1.37947,2.25,1.69
2015.01.14 17:29:45.066,1.37941,1.37947,1.00,2.44
2015.01.14 17:29:45.574,1.37941,1.37946,1.00,1.00
2015.01.14 17:29:45.828,1.37933,1.37941,1.50,1.87
2015.01.14 17:29:46.237,1.37937,1.37943,1.00,3.64
2015.01.14 17:29:46.541,1.37934,1.37942,1.25,2.70
2015.01.14 17:29:47.046,1.37933,1.37942,1.29,1.10
2015.01.14 17:29:47.661,1.37933,1.37942,1.10,1.10
2015.01.14 17:29:48.271,1.37933,1.37942,1.10,1.47
2015.01.14 17:29:48.576,1.37933,1.37942,1.10,1.47
2015.01.14 17:29:48.829,1.37928,1.37934,1.50,1.00
2015.01.14 17:29:48.932,1.37926,1.37933,1.20,1.00
2015.01.14 17:29:50.692,1.37927,1.37935,1.12,2.40
2015.01.14 17:29:51.045,1.37928,1.37936,1.20,1.00
2015.01.14 17:29:51.583,1.37928,1.37937,2.32,1.00
2015.01.14 17:29:52.088,1.37934,1.37937,1.00,1.00
2015.01.14 17:29:52.391,1.37939,1.3794,1.00,1.00
2015.01.14 17:29:52.695,1.37941,1.37944,1.00,1.00
2015.01.14 17:29:52.747,1.37941,1.37943,1.00,1.50
2015.01.14 17:29:52.848,1.37937,1.37943,1.00,1.50
2015.01.14 17:29:53.353,1.37938,1.37942,1.00,1.12
2015.01.14 17:29:54.390,1.37938,1.37942,1.00,2.25
2015.01.14 17:29:54.441,1.37937,1.37939,1.00,1.00
2015.01.14 17:29:54.493,1.37934,1.37939,1.29,1.00
2015.01.14 17:29:54.644,1.37932,1.37942,1.01,1.95
2015.01.14 17:29:54.846,1.37932,1.3794,1.01,1.00
2015.01.14 17:29:55.150,1.37931,1.37938,3.37,1.00
2015.01.14 17:29:56.039,1.37932,1.37939,1.57,1.00
2015.01.14 17:29:56.588,1.37932,1.3794,1.57,1.00
2015.01.14 17:29:56.892,1.3793,1.37938,1.20,1.50
2015.01.14 17:29:57.397,1.37934,1.3794,1.00,1.00
2015.01.14 17:29:57.563,1.37936,1.37944,1.50,1.00
2015.01.14 17:29:58.068,1.37935,1.37943,2.25,1.00
2015.01.14 17:29:58.322,1.37933,1.37942,1.39,2.25
2015.01.14 17:29:58.828,1.37933,1.37941,1.39,1.87
2015.01.14 17:29:59.339,1.37933,1.37942,1.31,2.06
2015.01.14 17:30:00.272,1.37932,1.37942,3.19,2.06
2015.01.14 17:30:00.777,1.37933,1.37942,1.76,1.00
2015.01.14 17:30:00.929,1.37935,1.37942,1.47,1.00
2015.01.14 17:30:01.435,1.37934,1.37942,1.57,1.00
2015.01.14 17:30:01.950,1.37935,1.37943,1.20,1.00
2015.01.14 17:30:03.690,1.37934,1.37942,2.14,1.00
2015.01.14 17:30:04.195,1.37934,1.37942,1.20,1.87
2015.01.14 17:30:04.700,1.37934,1.37942,1.57,1.50
2015.01.14 17:30:05.244,1.37934,1.37942,2.51,1.69
2015.01.14 17:30:05.396,1.37938,1.37945,1.12,1.10
2015.01.14 17:30:05.901,1.37938,1.37946,1.20,2.25
2015.01.14 17:30:06.942,1.37938,1.37945,1.20,1.00
2015.01.14 17:30:07.449,1.37939,1.37946,1.00,1.00
2015.01.14 17:30:08.224,1.3794,1.37946,1.00,1.00
2015.01.14 17:30:08.736,1.37941,1.37948,1.20,1.19
2015.01.14 17:30:09.344,1.37939,1.37948,2.25,1.00
2015.01.14 17:30:10.821,1.37939,1.37947,2.44,1.00
2015.01.14 17:30:11.851,1.3794,1.37948,1.87,1.69
2015.01.14 17:30:12.375,1.37941,1.3795,1.50,2.44
2015.01.14 17:30:13.136,1.37943,1.3795,1.00,2.44
2015.01.14 17:30:13.188,1.37943,1.3795,1.37,1.50
2015.01.14 17:30:13.241,1.37942,1.3795,1.20,1.00
2015.01.14 17:30:13.292,1.37942,1.3795,1.85,1.50
2015.01.14 17:30:13.604,1.37938,1.37944,2.00,1.00
2015.01.14 17:30:13.907,1.37936,1.37944,1.31,1.50
2015.01.14 17:30:14.110,1.37942,1.37947,1.00,1.50
2015.01.14 17:30:14.414,1.37944,1.37948,1.00,1.37
2015.01.14 17:30:14.515,1.37943,1.37951,1.42,1.00
2015.01.14 17:30:14.566,1.37943,1.37951,2.40,1.37
2015.01.14 17:30:15.073,1.37943,1.3795,1.65,1.37
2015.01.14 17:30:15.661,1.37942,1.37945,1.35,1.00
2015.01.14 17:30:15.914,1.37933,1.37942,1.39,2.32
2015.01.14 17:30:16.066,1.37933,1.37939,1.29,1.00
2015.01.14 17:30:16.471,1.37938,1.37941,1.00,1.00
2015.01.14 17:30:16.624,1.37944,1.37947,1.08,1.50
2015.01.14 17:30:16.675,1.37944,1.37947,1.56,1.00
2015.01.14 17:30:16.827,1.37944,1.37949,1.06,1.00
2015.01.14 17:30:17.332,1.37943,1.37949,1.63,1.00
2015.01.14 17:30:17.951,1.37943,1.37949,1.38,1.00
2015.01.14 17:30:18.456,1.37947,1.37949,1.00,1.00
2015.01.14 17:30:18.507,1.37947,1.37951,1.00,1.50
2015.01.14 17:30:18.557,1.37949,1.37953,1.00,1.50
2015.01.14 17:30:18.760,1.37954,1.3796,1.20,1.50
2015.01.14 17:30:18.862,1.37954,1.37962,1.20,1.69
2015.01.14 17:30:19.266,1.37954,1.37963,3.82,1.00
2015.01.14 17:30:19.772,1.37958,1.37962,1.87,1.00
2015.01.14 17:30:20.490,1.37959,1.37963,1.07,1.00
2015.01.14 17:30:21.348,1.37959,1.37961,1.07,1.00
2015.01.14 17:30:21.602,1.37955,1.37961,2.81,1.00
2015.01.14 17:30:21.703,1.37955,1.37959,2.06,1.00
2015.01.14 17:30:22.483,1.37954,1.37962,2.25,3.37
2015.01.14 17:30:23.138,1.37954,1.37962,1.10,3.37
2015.01.14 17:30:23.341,1.37954,1.3796,1.10,1.00
2015.01.14 17:30:24.860,1.37954,1.3796,1.10,2.62
2015.01.14 17:30:25.164,1.37947,1.37952,1.07,1.50
2015.01.14 17:30:25.669,1.37946,1.37952,1.87,1.50
2015.01.14 17:30:26.184,1.37946,1.37951,1.12,1.12
2015.01.14 17:30:26.437,1.37944,1.37949,1.87,1.00
2015.01.14 17:30:29.605,1.37944,1.37947,1.50,1.00
2015.01.14 17:30:30.275,1.37944,1.37949,1.87,1.00
2015.01.14 17:30:30.427,1.37946,1.37952,1.37,1.25
2015.01.14 17:30:30.478,1.37949,1.37955,1.00,2.06
2015.01.14 17:30:30.782,1.37958,1.3796,3.75,1.00
2015.01.14 17:30:31.301,1.37958,1.37959,3.75,1.00
2015.01.14 17:30:31.504,1.37956,1.37959,1.50,1.50
2015.01.14 17:30:31.656,1.37952,1.37959,1.57,1.50
2015.01.14 17:30:32.217,1.37952,1.37955,1.57,1.00
2015.01.14 17:30:32.521,1.3795,1.37957,3.15,1.00
2015.01.14 17:30:33.031,1.37951,1.37955,1.72,1.00
2015.01.14 17:30:33.435,1.37952,1.37956,1.42,1.00
2015.01.14 17:30:34.813,1.37953,1.37956,1.12,1.00
2015.01.14 17:30:35.643,1.37953,1.37956,1.12,1.12
2015.01.14 17:30:35.846,1.3795,1.37955,1.57,1.00
2015.01.14 17:30:36.117,1.3795,1.37953,1.20,1.00
2015.01.14 17:30:36.269,1.37947,1.37951,2.25,1.00
2015.01.14 17:30:36.320,1.37947,1.37949,1.42,1.00
2015.01.14 17:30:36.370,1.37943,1.37949,2.00,1.00
2015.01.14 17:30:36.472,1.37942,1.3795,1.01,2.25
2015.01.14 17:30:36.623,1.37942,1.37948,1.57,1.00
2015.01.14 17:30:36.927,1.37941,1.37945,2.25,1.00
2015.01.14 17:30:37.028,1.3794,1.37948,1.87,2.25
2015.01.14 17:30:37.129,1.3794,1.37948,1.00,1.50
2015.01.14 17:30:38.442,1.37941,1.37948,1.00,2.25
2015.01.14 17:30:39.230,1.37942,1.37948,1.00,2.25
2015.01.14 17:30:40.472,1.37939,1.37946,2.44,1.00
2015.01.14 17:30:40.978,1.37941,1.37947,1.50,1.00
2015.01.14 17:30:41.029,1.37941,1.37949,1.50,2.25
2015.01.14 17:30:41.555,1.37942,1.37948,1.27,1.00
2015.01.14 17:30:43.438,1.37942,1.37948,1.57,1.00
2015.01.14 17:30:43.489,1.37942,1.37948,1.95,1.00
2015.01.14 17:30:43.792,1.37949,1.37951,1.00,1.00
2015.01.14 17:30:43.994,1.37951,1.37958,1.50,1.25
2015.01.14 17:30:44.827,1.37951,1.37958,1.50,1.25
2015.01.14 17:30:46.471,1.37951,1.37955,1.12,1.00
2015.01.14 17:30:46.724,1.3795,1.37955,1.37,1.00
2015.01.14 17:30:46.825,1.37949,1.37957,1.95,1.87
2015.01.14 17:30:46.927,1.3795,1.37957,1.87,1.12
2015.01.14 17:30:47.435,1.3795,1.37958,1.50,2.81
2015.01.14 17:30:47.890,1.3795,1.37958,1.50,3.19
2015.01.14 17:30:47.991,1.37954,1.37958,1.87,1.00
2015.01.14 17:30:48.143,1.37959,1.37967,1.20,2.25
2015.01.14 17:30:48.396,1.37957,1.37962,1.75,1.00
2015.01.14 17:30:48.700,1.37949,1.37955,1.10,1.00
2015.01.14 17:30:48.851,1.37949,1.37957,1.10,1.25
2015.01.14 17:30:49.735,1.37949,1.37959,1.10,3.07
2015.01.14 17:30:49.886,1.37949,1.37959,1.10,3.45
2015.01.14 17:30:50.190,1.37947,1.37952,2.32,1.00
2015.01.14 17:30:50.702,1.37947,1.37952,2.32,1.00
2015.01.14 17:30:50.905,1.37948,1.37954,1.57,1.00
2015.01.14 17:30:51.313,1.3795,1.37954,1.37,1.00
2015.01.14 17:30:51.364,1.3795,1.37956,1.95,1.00
2015.01.14 17:30:51.465,1.37951,1.3796,1.12,2.51
2015.01.14 17:30:51.718,1.3795,1.37958,4.50,1.50
2015.01.14 17:30:52.160,1.3795,1.37954,1.00,1.00
2015.01.14 17:30:52.211,1.37947,1.37954,3.07,1.00
2015.01.14 17:30:53.492,1.37947,1.37952,2.32,1.00
2015.01.14 17:30:53.997,1.37948,1.37951,1.57,1.00
2015.01.14 17:30:54.205,1.37948,1.37954,1.57,1.00
2015.01.14 17:30:55.113,1.37947,1.37953,2.32,1.50
2015.01.14 17:30:57.089,1.37948,1.37954,1.57,1.25
2015.01.14 17:30:58.296,1.37948,1.37954,1.57,1.69
2015.01.14 17:31:00.237,1.37947,1.37952,2.32,1.00
2015.01.14 17:31:00.339,1.37947,1.37954,2.32,2.44
2015.01.14 17:31:04.255,1.37948,1.37953,1.57,1.00
2015.01.14 17:31:04.609,1.37948,1.3795,1.57,1.00
2015.01.14 17:31:04.761,1.37947,1.37952,1.20,1.00
2015.01.14 17:31:05.014,1.3795,1.37954,1.00,1.50
2015.01.14 17:31:05.166,1.37951,1.37958,1.10,3.75
2015.01.14 17:31:05.217,1.37953,1.37958,1.00,2.25
2015.01.14 17:31:05.722,1.37952,1.3796,2.25,4.69
2015.01.14 17:31:06.448,1.37951,1.37959,1.57,1.25
2015.01.14 17:31:06.752,1.37958,1.37963,1.50,1.50
2015.01.14 17:31:06.853,1.37959,1.37967,2.25,1.00
2015.01.14 17:31:07.358,1.37959,1.37968,3.00,1.50
2015.01.14 17:31:08.177,1.37961,1.37968,1.87,1.00
2015.01.14 17:31:08.329,1.37961,1.37966,1.45,1.00
2015.01.14 17:31:08.835,1.37961,1.37966,1.87,1.00
2015.01.14 17:31:09.633,1.37961,1.37965,1.75,1.00
2015.01.14 17:31:13.646,1.37961,1.37966,1.75,1.12
2015.01.14 17:31:13.798,1.37956,1.37961,1.10,1.00
2015.01.14 17:31:14.051,1.37954,1.37958,1.12,1.00
2015.01.14 17:31:14.990,1.37954,1.37959,1.12,1.00
2015.01.14 17:31:15.497,1.37955,1.3796,1.07,1.00
2015.01.14 17:31:15.800,1.37957,1.37961,1.12,1.00
2015.01.14 17:31:16.491,1.37957,1.37965,1.12,1.37
2015.01.14 17:31:17.001,1.37958,1.37966,1.20,2.62
2015.01.14 17:31:17.520,1.37957,1.37965,1.87,1.50
2015.01.14 17:31:17.981,1.37957,1.37961,1.12,1.00
2015.01.14 17:31:18.083,1.37955,1.37963,1.87,1.37
2015.01.14 17:31:18.134,1.37955,1.37962,1.12,1.37
2015.01.14 17:31:18.640,1.37955,1.37961,1.87,1.00
2015.01.14 17:31:19.572,1.37955,1.37961,1.12,1.37
2015.01.14 17:31:19.877,1.37954,1.37956,1.05,1.00
2015.01.14 17:31:20.029,1.37941,1.37947,1.82,1.00
2015.01.14 17:31:20.080,1.37941,1.37944,1.45,1.00
2015.01.14 17:31:20.182,1.37939,1.37945,1.45,1.00
2015.01.14 17:31:20.350,1.37938,1.37941,1.00,1.00
2015.01.14 17:31:20.503,1.37935,1.37941,1.57,1.50
2015.01.14 17:31:20.808,1.37935,1.37939,1.07,1.00
2015.01.14 17:31:21.333,1.37933,1.37939,1.31,1.00
2015.01.14 17:31:25.901,1.37935,1.37939,1.87,1.00
2015.01.14 17:31:26.458,1.37935,1.3794,1.87,1.50
2015.01.14 17:31:26.761,1.37934,1.37937,1.57,1.00
2015.01.14 17:31:26.813,1.37934,1.3794,2.06,1.00
2015.01.14 17:31:26.965,1.37934,1.37938,1.31,1.00
2015.01.14 17:31:27.470,1.37932,1.37937,2.81,1.00
2015.01.14 17:31:28.256,1.37934,1.37936,1.12,1.00
2015.01.14 17:31:28.509,1.37935,1.37939,1.20,1.00
2015.01.14 17:31:28.611,1.37935,1.37941,1.27,1.00
2015.01.14 17:31:28.763,1.37935,1.37941,3.00,1.00
2015.01.14 17:31:29.269,1.37935,1.3794,2.62,1.00
2015.01.14 17:31:30.398,1.37936,1.3794,1.12,1.00
2015.01.14 17:31:30.601,1.37939,1.37943,1.00,1.00
2015.01.14 17:31:30.702,1.3794,1.37947,1.00,2.62
2015.01.14 17:31:30.804,1.37939,1.37943,1.60,1.00
2015.01.14 17:31:30.855,1.37937,1.37943,2.25,1.00
2015.01.14 17:31:31.311,1.37936,1.37942,1.12,1.00
2015.01.14 17:31:31.415,1.3793,1.37934,3.75,1.00
2015.01.14 17:31:31.467,1.3793,1.37936,1.00,1.50
2015.01.14 17:31:31.720,1.37932,1.37936,1.75,1.00
2015.01.14 17:31:32.376,1.37932,1.37935,1.75,1.00
2015.01.14 17:31:32.889,1.37932,1.37936,1.75,1.00
2015.01.14 17:31:33.870,1.37932,1.37935,1.75,1.00
2015.01.14 17:31:34.465,1.37931,1.37935,1.60,1.00
2015.01.14 17:31:35.071,1.37931,1.37936,1.12,1.00
2015.01.14 17:31:35.375,1.37931,1.37934,1.12,1.00
2015.01.14 17:31:35.880,1.3793,1.37936,1.12,1.00
2015.01.14 17:31:36.789,1.3793,1.37935,1.12,1.00
2015.01.14 17:31:37.260,1.3793,1.37937,1.87,1.69
2015.01.14 17:31:38.591,1.3793,1.37935,1.12,1.00
2015.01.14 17:31:39.250,1.3793,1.37936,1.87,1.00
2015.01.14 17:31:42.573,1.37931,1.37937,1.95,1.50
2015.01.14 17:31:42.775,1.37933,1.3794,2.40,1.37
2015.01.14 17:31:43.431,1.37931,1.37938,2.81,1.00
2015.01.14 17:31:43.934,1.37932,1.37939,1.20,1.00
2015.01.14 17:31:44.162,1.37934,1.37939,1.69,1.00
2015.01.14 17:31:44.364,1.3794,1.37946,1.01,2.25
2015.01.14 17:31:44.617,1.3794,1.37946,2.44,1.00
2015.01.14 17:31:45.375,1.3794,1.37944,2.00,1.00
2015.01.14 17:31:45.678,1.3794,1.37947,2.81,1.50
2015.01.14 17:31:45.779,1.37941,1.37944,1.50,1.00
2015.01.14 17:31:45.981,1.3794,1.37947,2.00,1.00
2015.01.14 17:31:46.235,1.37943,1.37947,1.12,1.00
2015.01.14 17:31:46.791,1.37943,1.37945,1.05,1.00
2015.01.14 17:31:47.296,1.37942,1.37945,1.75,1.00
2015.01.14 17:31:47.620,1.37942,1.37948,1.75,1.50
2015.01.14 17:31:47.721,1.37942,1.37944,1.60,1.00
2015.01.14 17:31:48.226,1.37942,1.37945,1.75,1.00
2015.01.14 17:31:49.309,1.37941,1.37945,1.12,1.00
2015.01.14 17:31:49.713,1.37941,1.37944,1.05,1.00
2015.01.14 17:31:49.764,1.37939,1.37944,1.75,1.00
2015.01.14 17:31:50.024,1.37939,1.37944,1.75,1.37
2015.01.14 17:31:50.227,1.37934,1.37938,1.12,1.00
2015.01.14 17:31:50.447,1.37934,1.37939,1.12,1.00
2015.01.14 17:31:50.955,1.37935,1.3794,1.94,1.00
2015.01.14 17:31:51.764,1.37936,1.3794,1.31,1.00
2015.01.14 17:31:52.339,1.37936,1.3794,1.31,1.00
2015.01.14 17:31:52.909,1.37936,1.3794,1.60,1.00
2015.01.14 17:31:53.313,1.37936,1.37941,1.60,1.00
2015.01.14 17:31:55.158,1.37936,1.37942,1.60,1.00
2015.01.14 17:31:56.132,1.37936,1.37942,1.60,1.60
2015.01.14 17:31:56.234,1.37936,1.37941,1.60,1.05
2015.01.14 17:31:56.796,1.37935,1.37937,1.50,1.00
2015.01.14 17:31:57.264,1.37936,1.3794,2.00,1.05
2015.01.14 17:32:00.331,1.37936,1.37941,2.00,1.05
2015.01.14 17:32:00.432,1.37938,1.37944,1.31,2.10
2015.01.14 17:32:00.498,1.37939,1.37944,1.76,1.60
2015.01.14 17:32:00.650,1.37941,1.37946,1.45,1.00
2015.01.14 17:32:00.752,1.37942,1.37946,1.50,1.00
2015.01.14 17:32:01.264,1.37942,1.37949,2.06,1.00
2015.01.14 17:32:01.778,1.37943,1.37949,1.60,1.00
2015.01.14 17:32:02.342,1.37943,1.37947,1.12,1.00
2015.01.14 17:32:03.440,1.37943,1.37946,1.12,1.00
2015.01.14 17:32:03.744,1.37943,1.37948,1.12,2.25
2015.01.14 17:32:03.846,1.3794,1.37941,1.00,1.00
2015.01.14 17:32:04.149,1.37936,1.37941,2.00,1.00
2015.01.14 17:32:04.301,1.37934,1.3794,2.06,1.00
2015.01.14 17:32:04.827,1.37934,1.3794,1.20,1.00
2015.01.14 17:32:05.332,1.37936,1.3794,1.00,1.00
2015.01.14 17:32:05.433,1.37937,1.37941,1.31,1.00
2015.01.14 17:32:05.484,1.37937,1.37944,1.31,1.00
2015.01.14 17:32:05.585,1.37939,1.37946,1.12,1.10
2015.01.14 17:32:06.091,1.37939,1.37945,1.12,1.00
2015.01.14 17:32:06.495,1.37939,1.37947,1.12,1.25
2015.01.14 17:32:07.092,1.37942,1.37949,1.37,1.00
2015.01.14 17:32:07.344,1.37949,1.37952,1.00,1.00
2015.01.14 17:32:07.445,1.3795,1.37954,1.00,1.50
2015.01.14 17:32:07.951,1.3795,1.37954,2.25,1.50
2015.01.14 17:32:08.478,1.3795,1.37953,1.50,1.00
2015.01.14 17:32:08.891,1.37944,1.3795,1.69,1.00
2015.01.14 17:32:08.992,1.37943,1.37947,1.75,1.00
2015.01.14 17:32:09.500,1.37942,1.37947,1.75,1.00
2015.01.14 17:32:09.551,1.3794,1.37947,2.44,1.00
2015.01.14 17:32:09.601,1.3794,1.37945,3.19,1.00
2015.01.14 17:32:10.721,1.3794,1.37949,3.00,1.12
2015.01.14 17:32:11.175,1.37939,1.37947,3.00,1.00
2015.01.14 17:32:11.277,1.3794,1.37949,2.25,1.50
2015.01.14 17:32:11.529,1.37942,1.37949,1.12,1.00
2015.01.14 17:32:11.681,1.37941,1.37949,1.50,1.00
2015.01.14 17:32:11.883,1.37942,1.3795,2.25,1.00
2015.01.14 17:32:12.288,1.37952,1.37955,3.00,5.47
2015.01.14 17:32:12.391,1.37953,1.37955,1.50,5.47
2015.01.14 17:32:12.610,1.37954,1.37957,1.00,1.37
2015.01.14 17:32:12.712,1.3795,1.37953,1.50,1.00
2015.01.14 17:32:12.763,1.37947,1.37953,1.20,2.25
2015.01.14 17:32:12.966,1.37943,1.37952,1.87,1.12
2015.01.14 17:32:13.472,1.37944,1.3795,1.75,1.00
2015.01.14 17:32:13.573,1.37944,1.37952,1.75,2.62
2015.01.14 17:32:13.775,1.37944,1.37951,1.75,2.62
2015.01.14 17:32:13.878,1.37942,1.3795,1.75,1.12
2015.01.14 17:32:14.384,1.37941,1.37949,1.12,1.00
2015.01.14 17:32:14.888,1.37941,1.37948,1.12,1.00
2015.01.14 17:32:15.910,1.37944,1.37948,2.62,1.00
2015.01.14 17:32:16.011,1.37947,1.3795,1.87,1.00
2015.01.14 17:32:16.527,1.37948,1.37951,1.50,1.00
2015.01.14 17:32:19.141,1.37948,1.37952,1.00,1.00
2015.01.14 17:32:20.769,1.37948,1.37954,1.00,1.19
2015.01.14 17:32:20.921,1.37948,1.37951,1.00,1.00
2015.01.14 17:32:21.073,1.37948,1.37953,1.00,1.69
2015.01.14 17:32:21.225,1.3795,1.37954,1.00,1.19
2015.01.14 17:32:21.769,1.37949,1.37954,1.00,1.19
2015.01.14 17:32:22.073,1.37949,1.37951,1.00,1.50
2015.01.14 17:32:22.275,1.37937,1.37945,3.37,1.00
2015.01.14 17:32:22.579,1.37935,1.37942,3.19,1.00
2015.01.14 17:32:22.680,1.37935,1.37944,1.69,3.19
2015.01.14 17:32:22.933,1.37935,1.37942,1.69,1.00
2015.01.14 17:32:23.439,1.37935,1.37942,1.50,1.19
2015.01.14 17:32:24.456,1.37935,1.37942,1.95,1.25
2015.01.14 17:32:24.802,1.37938,1.37942,1.00,1.25
2015.01.14 17:32:24.954,1.37944,1.3795,1.45,1.00
2015.01.14 17:32:25.106,1.37944,1.37948,1.45,1.00
2015.01.14 17:32:25.427,1.37944,1.3795,1.45,1.00
2015.01.14 17:32:25.983,1.37944,1.37952,1.45,1.20
2015.01.14 17:32:26.504,1.37943,1.37951,2.29,1.00
2015.01.14 17:32:26.678,1.37942,1.37948,1.20,1.00
2015.01.14 17:32:26.983,1.37941,1.37951,2.70,1.39
2015.01.14 17:32:27.540,1.37947,1.37953,1.00,2.25
2015.01.14 17:32:27.692,1.37945,1.37953,2.14,1.12
2015.01.14 17:32:27.844,1.37945,1.37953,2.14,1.00
2015.01.14 17:32:27.996,1.37943,1.37951,1.20,1.50
2015.01.14 17:32:28.249,1.37946,1.37953,1.00,1.57
2015.01.14 17:32:29.253,1.37949,1.37954,1.00,1.00
2015.01.14 17:32:29.559,1.3795,1.37958,1.57,1.19
2015.01.14 17:32:29.862,1.37951,1.37959,1.87,1.56
2015.01.14 17:32:30.529,1.37951,1.37959,1.87,1.62
2015.01.14 17:32:31.152,1.37951,1.37959,1.87,2.06
2015.01.14 17:32:31.557,1.37953,1.3796,1.60,1.00
2015.01.14 17:32:32.012,1.37955,1.37963,1.87,2.44
2015.01.14 17:32:32.769,1.37956,1.37964,1.75,2.06
2015.01.14 17:32:33.173,1.37956,1.37964,2.25,1.12
2015.01.14 17:32:33.678,1.37956,1.37964,1.50,2.62
2015.01.14 17:32:33.914,1.37955,1.37961,1.95,1.12
2015.01.14 17:32:34.420,1.37954,1.37962,1.75,2.81
2015.01.14 17:32:34.904,1.37954,1.37959,1.75,1.00
2015.01.14 17:32:35.411,1.37954,1.37958,1.75,1.00
2015.01.14 17:32:35.866,1.37953,1.3796,1.20,1.37
2015.01.14 17:32:35.917,1.37953,1.37958,1.20,1.37
2015.01.14 17:32:36.220,1.37952,1.37954,1.00,1.00
2015.01.14 17:32:36.322,1.3795,1.37953,2.25,1.00
2015.01.14 17:32:36.675,1.3795,1.37956,2.25,1.00
2015.01.14 17:32:37.180,1.3795,1.37956,1.50,1.37
2015.01.14 17:32:37.231,1.37951,1.37958,1.20,1.25
2015.01.14 17:32:37.282,1.37952,1.37958,1.57,1.00
2015.01.14 17:32:37.535,1.37955,1.37963,1.87,1.00
2015.01.14 17:32:40.746,1.37958,1.37965,1.00,1.69
2015.01.14 17:32:40.797,1.37958,1.37965,1.10,1.50
2015.01.14 17:32:40.898,1.37958,1.37966,2.25,1.50
2015.01.14 17:32:42.488,1.37959,1.37967,1.50,1.69
2015.01.14 17:32:44.940,1.37959,1.37963,1.50,1.00
2015.01.14 17:32:45.284,1.37954,1.37958,1.75,1.00
2015.01.14 17:32:45.790,1.37953,1.37958,2.00,1.00
2015.01.14 17:32:46.446,1.37955,1.3796,3.07,1.19
2015.01.14 17:32:46.548,1.37959,1.3796,1.00,1.00
2015.01.14 17:32:46.599,1.37962,1.37964,1.00,1.65
2015.01.14 17:32:46.651,1.37961,1.37964,1.00,1.50
2015.01.14 17:32:46.804,1.37963,1.37965,1.50,1.00
2015.01.14 17:32:46.906,1.37967,1.37968,1.00,1.00
2015.01.14 17:32:46.957,1.37964,1.37966,1.20,1.00
2015.01.14 17:32:47.059,1.37959,1.37965,1.50,1.00
2015.01.14 17:32:47.161,1.37958,1.37963,1.57,1.00
2015.01.14 17:32:47.212,1.37958,1.37963,1.10,1.00
2015.01.14 17:32:47.768,1.37956,1.37958,1.05,1.00
2015.01.14 17:32:47.971,1.37951,1.37958,2.00,1.00
2015.01.14 17:32:48.224,1.37951,1.37954,1.60,1.00
2015.01.14 17:32:48.325,1.37951,1.37957,1.12,1.25
2015.01.14 17:32:48.427,1.37949,1.37955,2.25,1.00
2015.01.14 17:32:48.931,1.3795,1.37954,1.10,1.00
2015.01.14 17:32:49.083,1.37949,1.37956,1.57,1.00
2015.01.14 17:32:49.256,1.3795,1.37958,1.57,1.19
2015.01.14 17:32:49.912,1.37954,1.37958,1.00,1.19
2015.01.14 17:32:50.014,1.37957,1.37961,1.00,1.50
2015.01.14 17:32:50.367,1.37955,1.37959,1.07,1.00
2015.01.14 17:32:50.469,1.37953,1.37959,1.69,1.00
2015.01.14 17:32:51.631,1.37953,1.37959,1.57,1.00
2015.01.14 17:32:51.834,1.37961,1.37965,1.50,1.50
2015.01.14 17:32:51.885,1.37963,1.37965,1.00,1.00
2015.01.14 17:32:52.087,1.37963,1.37969,1.10,1.19
2015.01.14 17:32:52.138,1.37966,1.37969,1.50,1.69
2015.01.14 17:32:52.451,1.37965,1.37969,1.50,1.19
2015.01.14 17:32:52.552,1.37963,1.3797,1.00,2.81
2015.01.14 17:32:52.960,1.3796,1.37969,1.20,1.69
2015.01.14 17:32:53.276,1.3796,1.37966,1.20,1.00
2015.01.14 17:32:54.138,1.3796,1.37968,1.95,1.19
2015.01.14 17:32:54.705,1.37959,1.37965,2.62,1.00
2015.01.14 17:32:55.214,1.3796,1.37966,1.16,1.00
2015.01.14 17:32:57.814,1.3796,1.37967,1.91,1.25
2015.01.14 17:32:58.835,1.3796,1.37967,1.20,1.19
2015.01.14 17:33:00.334,1.3796,1.37964,1.20,1.00
2015.01.14 17:33:05.310,1.37959,1.37966,1.12,1.25
2015.01.14 17:33:05.816,1.3796,1.37968,1.20,2.62
2015.01.14 17:33:07.184,1.37959,1.37966,1.69,1.00
2015.01.14 17:33:09.623,1.37959,1.37962,1.39,1.00
2015.01.14 17:33:09.725,1.37956,1.37961,1.75,1.12
2015.01.14 17:33:09.877,1.37954,1.37962,1.84,1.00
2015.01.14 17:33:10.029,1.37956,1.37961,1.00,1.00
2015.01.14 17:33:10.131,1.37954,1.37961,2.44,1.00
2015.01.14 17:33:10.399,1.37955,1.37959,1.00,1.00
2015.01.14 17:33:10.904,1.37954,1.37959,1.69,1.00
2015.01.14 17:33:11.568,1.37955,1.37959,1.00,1.00
2015.01.14 17:33:12.073,1.37953,1.37958,2.25,1.00
2015.01.14 17:33:12.886,1.37953,1.3796,2.25,1.12
2015.01.14 17:33:14.804,1.37959,1.37961,1.00,1.00
2015.01.14 17:33:14.855,1.37959,1.37965,2.14,1.50
2015.01.14 17:33:14.906,1.3796,1.37966,1.84,1.00
2015.01.14 17:33:14.957,1.37963,1.37969,1.00,1.09
2015.01.14 17:33:15.781,1.37964,1.37969,1.25,1.00
2015.01.14 17:33:16.085,1.37968,1.37972,4.27,1.25
2015.01.14 17:33:16.389,1.37967,1.3797,1.35,2.62
2015.01.14 17:33:16.440,1.37962,1.37966,1.69,1.00
2015.01.14 17:33:16.542,1.37959,1.37964,1.57,1.00
2015.01.14 17:33:16.895,1.3796,1.37968,4.95,1.69
2015.01.14 17:33:17.148,1.3796,1.37966,1.95,1.00
2015.01.14 17:33:17.350,1.37958,1.37966,3.64,1.00
2015.01.14 17:33:17.879,1.3796,1.37969,1.20,4.31
2015.01.14 17:33:18.132,1.37959,1.37961,1.52,1.30
2015.01.14 17:33:18.334,1.37951,1.37957,1.09,1.00
2015.01.14 17:33:18.385,1.37949,1.37954,2.25,1.00
2015.01.14 17:33:18.537,1.37948,1.37953,4.50,1.25
2015.01.14 17:33:18.639,1.3795,1.37952,1.00,1.00
2015.01.14 17:33:18.740,1.37948,1.37953,3.00,2.06
2015.01.14 17:33:18.841,1.37947,1.37949,1.00,1.50
2015.01.14 17:33:19.094,1.3794,1.37944,1.87,1.87
2015.01.14 17:33:19.145,1.37946,1.37948,1.50,1.69
2015.01.14 17:33:19.358,1.37945,1.37951,1.50,3.19
2015.01.14 17:33:19.409,1.37945,1.37951,1.50,1.00
2015.01.14 17:33:19.914,1.37945,1.37952,1.20,1.87
2015.01.14 17:33:20.521,1.37946,1.3795,1.10,1.00
2015.01.14 17:33:21.227,1.37946,1.37951,1.10,1.50
2015.01.14 17:33:21.429,1.37946,1.37954,1.10,1.50
2015.01.14 17:33:21.480,1.37946,1.37954,1.57,1.50
2015.01.14 17:33:21.834,1.37949,1.37955,2.25,1.00
2015.01.14 17:33:22.238,1.37951,1.37957,1.20,1.69
2015.01.14 17:33:22.289,1.37954,1.37957,1.00,1.69
2015.01.14 17:33:22.795,1.37953,1.37957,1.75,1.50
2015.01.14 17:33:22.947,1.3795,1.37957,1.69,1.00
2015.01.14 17:33:23.157,1.37951,1.37957,1.60,1.00
2015.01.14 17:33:23.495,1.3795,1.37957,1.50,2.81
2015.01.14 17:33:23.800,1.37953,1.37958,1.50,1.69
2015.01.14 17:33:24.306,1.37951,1.37956,1.87,1.00
2015.01.14 17:33:24.811,1.37951,1.37957,1.12,1.25
2015.01.14 17:33:25.337,1.37951,1.37959,2.62,1.31
2015.01.14 17:33:25.843,1.37951,1.37956,1.12,1.00
2015.01.14 17:33:26.378,1.37951,1.37957,1.12,1.00
2015.01.14 17:33:27.144,1.37949,1.37957,3.94,1.25
2015.01.14 17:33:27.498,1.37949,1.37955,3.56,1.00
2015.01.14 17:33:27.599,1.37949,1.37958,3.56,1.19
2015.01.14 17:33:28.208,1.37949,1.37956,3.56,1.00
2015.01.14 17:33:29.532,1.37949,1.37957,4.12,1.25
2015.01.14 17:33:30.490,1.37949,1.37957,4.12,1.62
2015.01.14 17:33:30.793,1.37948,1.37952,8.25,1.00
2015.01.14 17:33:31.147,1.37947,1.37954,9.56,1.00
2015.01.14 17:33:31.947,1.37947,1.37953,9.37,1.00
2015.01.14 17:33:33.689,1.37948,1.37953,8.32,1.00
2015.01.14 17:33:34.203,1.37948,1.37954,8.62,1.00
2015.01.14 17:33:35.347,1.37948,1.37956,9.37,1.62
2015.01.14 17:33:35.852,1.37948,1.37956,8.62,1.25
2015.01.14 17:33:36.360,1.37948,1.37955,8.62,1.25
2015.01.14 17:33:36.834,1.37948,1.37953,1.45,1.00
2015.01.14 17:33:37.138,1.37948,1.37951,6.37,1.72
2015.01.14 17:33:37.290,1.37944,1.37954,1.00,3.56
2015.01.14 17:33:37.446,1.37946,1.37954,2.06,2.06
2015.01.14 17:33:37.951,1.37947,1.37953,2.62,1.00
2015.01.14 17:33:38.507,1.37947,1.37953,2.62,1.00
2015.01.14 17:33:39.011,1.37948,1.37953,1.50,1.00
2015.01.14 17:33:39.377,1.37948,1.3795,1.50,1.00
2015.01.14 17:33:40.746,1.37947,1.37953,1.00,1.19
2015.01.14 17:33:41.201,1.37948,1.3795,1.00,1.50
2015.01.14 17:33:41.252,1.37945,1.3795,1.10,1.50
2015.01.14 17:33:41.839,1.37944,1.3795,1.00,3.00
2015.01.14 17:33:42.380,1.37944,1.37951,1.00,4.31
2015.01.14 17:33:42.431,1.37944,1.37951,1.00,3.56
2015.01.14 17:33:42.684,1.37937,1.37944,3.19,1.00
2015.01.14 17:33:42.735,1.37937,1.37944,1.76,1.00
2015.01.14 17:33:42.786,1.37937,1.37942,1.76,1.00
2015.01.14 17:33:43.039,1.37935,1.37942,1.10,1.00
2015.01.14 17:33:43.191,1.37935,1.3794,1.10,1.00
2015.01.14 17:33:43.557,1.37933,1.37938,1.87,1.00
2015.01.14 17:33:43.710,1.37933,1.37938,1.10,1.00
2015.01.14 17:33:44.229,1.37931,1.37939,1.60,1.12
2015.01.14 17:33:44.739,1.3793,1.37939,3.56,1.12
2015.01.14 17:33:44.891,1.3793,1.37935,3.56,1.00
2015.01.14 17:33:47.399,1.3793,1.37934,3.37,1.00
2015.01.14 17:33:47.501,1.3793,1.37936,1.87,1.00
2015.01.14 17:33:48.361,1.37928,1.37936,2.06,1.25
2015.01.14 17:33:48.614,1.37928,1.37933,2.06,1.00
2015.01.14 17:33:48.716,1.37928,1.37935,1.31,1.00
2015.01.14 17:33:49.221,1.37927,1.37935,7.46,1.00
2015.01.14 17:33:50.549,1.37927,1.37937,8.96,1.69
2015.01.14 17:33:51.068,1.37929,1.37937,1.00,1.69
2015.01.14 17:33:51.593,1.37928,1.37937,7.87,1.69
2015.01.14 17:33:52.148,1.3793,1.37937,1.00,1.19
2015.01.14 17:33:52.661,1.37929,1.37937,1.20,1.31
2015.01.14 17:33:53.377,1.3793,1.37939,1.19,2.25
2015.01.14 17:33:53.681,1.37931,1.37938,1.60,1.00
2015.01.14 17:33:53.733,1.3793,1.37938,3.64,1.00
2015.01.14 17:33:57.006,1.3793,1.37937,1.20,1.00
2015.01.14 17:33:57.209,1.37929,1.37937,1.20,1.50
2015.01.14 17:33:57.714,1.3793,1.37936,1.00,1.00
2015.01.14 17:33:58.263,1.37929,1.37936,1.65,1.00
2015.01.14 17:33:58.516,1.3793,1.37932,1.00,1.00
2015.01.14 17:33:58.617,1.37929,1.37936,1.20,1.69
2015.01.14 17:33:58.920,1.37928,1.37932,6.82,1.00
2015.01.14 17:34:00.145,1.37928,1.37932,1.10,1.00
2015.01.14 17:34:00.464,1.3793,1.37932,1.00,1.00
2015.01.14 17:34:00.689,1.37928,1.37931,6.82,1.00
2015.01.14 17:34:00.842,1.37925,1.37932,2.06,1.00
2015.01.14 17:34:01.246,1.37925,1.37932,1.31,1.50
2015.01.14 17:34:01.348,1.37922,1.37927,1.57,1.50
2015.01.14 17:34:01.449,1.37921,1.37926,1.09,1.00
2015.01.14 17:34:02.377,1.3792,1.37925,2.44,1.00
2015.01.14 17:34:02.882,1.3792,1.37925,1.25,1.00
2015.01.14 17:34:03.388,1.3792,1.37925,1.50,1.00
2015.01.14 17:34:04.248,1.3792,1.37926,1.31,1.00
2015.01.14 17:34:04.652,1.37922,1.37927,1.87,1.00
2015.01.14 17:34:04.854,1.37921,1.37927,1.25,1.00
2015.01.14 17:34:08.369,1.37921,1.37928,1.20,1.00
2015.01.14 17:34:09.478,1.37922,1.37928,1.00,1.00
2015.01.14 17:34:10.146,1.37922,1.37927,1.00,1.00
2015.01.14 17:34:11.889,1.3792,1.37926,2.06,1.00
2015.01.14 17:34:11.990,1.37919,1.37924,3.19,1.00
2015.01.14 17:34:12.396,1.3792,1.37923,1.84,1.00
2015.01.14 17:34:13.002,1.3792,1.37922,1.00,1.00
2015.01.14 17:34:13.406,1.37919,1.37922,1.00,1.00
2015.01.14 17:34:14.058,1.3792,1.37922,1.00,1.00
2015.01.14 17:34:14.160,1.37918,1.37922,1.01,1.00
2015.01.14 17:34:14.514,1.3792,1.37923,1.20,1.00
2015.01.14 17:34:14.818,1.37919,1.37925,1.87,1.00
2015.01.14 17:34:15.272,1.37923,1.37926,1.50,1.50
2015.01.14 17:34:15.374,1.37927,1.37931,1.50,1.00
2015.01.14 17:34:15.425,1.37927,1.37931,1.50,1.00
2015.01.14 17:34:15.526,1.37928,1.37933,1.50,1.25
2015.01.14 17:34:15.887,1.37928,1.37931,1.50,1.00
2015.01.14 17:34:16.597,1.37928,1.3793,1.50,1.00
2015.01.14 17:34:17.713,1.37928,1.3793,1.50,1.00
2015.01.14 17:34:17.866,1.3793,1.37935,1.00,1.50
2015.01.14 17:34:17.917,1.37932,1.37935,1.29,1.00
2015.01.14 17:34:17.967,1.37932,1.37937,1.29,1.00
2015.01.14 17:34:18.119,1.37932,1.3794,1.29,1.00
2015.01.14 17:34:18.332,1.37931,1.37938,2.14,1.00
2015.01.14 17:34:18.737,1.3793,1.37935,1.31,1.00
2015.01.14 17:34:19.242,1.3793,1.37936,1.29,1.00
2015.01.14 17:34:19.759,1.3793,1.37935,1.01,1.00
2015.01.14 17:34:19.924,1.3793,1.37937,1.76,1.00
2015.01.14 17:34:20.713,1.3793,1.37937,1.29,1.50
2015.01.14 17:34:20.814,1.3793,1.37933,1.10,1.00
2015.01.14 17:34:21.119,1.37928,1.37933,1.65,1.00
2015.01.14 17:34:21.524,1.37928,1.37931,1.65,1.00
2015.01.14 17:34:22.346,1.37928,1.37933,1.84,1.00
2015.01.14 17:34:23.356,1.37927,1.37935,3.26,1.50
2015.01.14 17:34:23.930,1.37931,1.37936,1.00,1.50
2015.01.14 17:34:24.133,1.37931,1.37938,1.76,1.50
2015.01.14 17:34:24.638,1.37931,1.37939,1.26,1.50
2015.01.14 17:34:24.840,1.37933,1.37941,2.44,1.00
2015.01.14 17:34:25.159,1.37934,1.37939,1.07,1.00
2015.01.14 17:34:25.663,1.37934,1.37938,2.32,1.00
2015.01.14 17:34:26.168,1.37934,1.37936,2.25,1.00
2015.01.14 17:34:26.322,1.37929,1.37936,1.69,1.00
2015.01.14 17:34:26.727,1.37931,1.37938,2.44,1.00
2015.01.14 17:34:26.879,1.37935,1.37943,1.00,1.00
2015.01.14 17:34:27.401,1.37934,1.37942,5.51,1.50
2015.01.14 17:34:28.577,1.37934,1.37941,1.76,1.00
2015.01.14 17:34:29.087,1.37934,1.37941,2.14,1.00
2015.01.14 17:34:29.733,1.37934,1.37942,2.89,2.25
2015.01.14 17:34:29.784,1.37934,1.37939,3.64,1.00
2015.01.14 17:34:29.885,1.37934,1.37941,1.76,1.50
2015.01.14 17:34:30.390,1.37933,1.3794,1.29,1.00
2015.01.14 17:34:30.891,1.37933,1.37939,1.29,1.00
2015.01.14 17:34:31.193,1.37933,1.37941,1.29,1.00
2015.01.14 17:34:31.557,1.37933,1.37939,1.39,1.00
2015.01.14 17:34:33.255,1.37933,1.37939,1.29,1.00
2015.01.14 17:34:35.200,1.37933,1.37941,1.66,1.00
2015.01.14 17:34:35.504,1.37938,1.37942,1.00,1.50
2015.01.14 17:34:36.009,1.37936,1.37943,2.14,1.00
2015.01.14 17:34:36.513,1.37936,1.37943,1.66,1.00
2015.01.14 17:34:37.303,1.37936,1.37942,1.76,1.00
2015.01.14 17:34:37.354,1.37936,1.37942,1.01,1.00
2015.01.14 17:34:37.961,1.37934,1.37941,2.81,1.00
2015.01.14 17:34:38.012,1.37934,1.37939,2.81,1.00
2015.01.14 17:34:38.416,1.37932,1.37941,2.14,1.50
2015.01.14 17:34:38.719,1.37932,1.37938,1.31,1.00
2015.01.14 17:34:39.176,1.3793,1.37935,1.95,1.00
2015.01.14 17:34:39.379,1.37931,1.37937,1.19,1.00
2015.01.14 17:34:39.682,1.37933,1.37939,1.76,1.50
2015.01.14 17:34:40.389,1.37933,1.37936,1.76,1.00
2015.01.14 17:34:41.449,1.37933,1.37936,1.76,1.00
2015.01.14 17:34:42.305,1.37933,1.37936,1.39,1.00
2015.01.14 17:34:42.810,1.37932,1.37937,1.76,1.00
2015.01.14 17:34:44.093,1.37932,1.37936,1.76,1.00
2015.01.14 17:34:44.599,1.37932,1.37936,2.17,1.00
2015.01.14 17:34:47.236,1.37934,1.37937,1.01,1.00
2015.01.14 17:34:48.931,1.37934,1.37939,1.76,1.00
2015.01.14 17:34:49.448,1.37934,1.37938,1.01,1.00
2015.01.14 17:34:50.806,1.37933,1.37937,1.39,1.00
2015.01.14 17:34:51.544,1.37933,1.37936,1.39,1.00
2015.01.14 17:34:51.645,1.37933,1.37936,1.12,1.00
2015.01.14 17:34:52.022,1.37933,1.37936,1.39,1.00
2015.01.14 17:34:52.225,1.37929,1.37931,3.37,1.00
2015.01.14 17:34:52.730,1.37929,1.3793,3.00,1.00
2015.01.14 17:34:52.832,1.37929,1.37933,2.25,2.25
2015.01.14 17:34:52.933,1.37928,1.37933,3.37,2.25
2015.01.14 17:34:52.984,1.3793,1.37933,1.00,2.25
2015.01.14 17:34:53.085,1.37928,1.37933,3.00,1.50
2015.01.14 17:34:53.187,1.37925,1.37931,1.69,1.00
2015.01.14 17:34:53.338,1.37923,1.37929,1.25,1.00
2015.01.14 17:34:54.046,1.37922,1.37928,1.76,1.00
2015.01.14 17:34:54.299,1.37921,1.37926,1.76,1.00
2015.01.14 17:34:54.610,1.3792,1.37926,1.39,1.00
2015.01.14 17:34:55.584,1.37919,1.37926,2.44,1.00
2015.01.14 17:34:56.092,1.3792,1.37926,1.00,1.00
2015.01.14 17:34:57.234,1.37921,1.37926,1.00,1.00
2015.01.14 17:34:57.848,1.37922,1.37926,1.00,1.00
2015.01.14 17:34:58.001,1.37922,1.37928,1.50,1.00
2015.01.14 17:34:59.186,1.37921,1.37928,1.50,1.50
2015.01.14 17:34:59.304,1.37921,1.37922,1.00,1.00
2015.01.14 17:34:59.355,1.37919,1.37925,3.15,2.44
2015.01.14 17:34:59.509,1.3792,1.37922,1.50,1.00
2015.01.14 17:34:59.765,1.37918,1.3792,2.25,1.00
2015.01.14 17:35:00.270,1.37917,1.37921,2.25,1.00
2015.01.14 17:35:01.181,1.37917,1.37923,2.25,1.69
2015.01.14 17:35:01.689,1.37918,1.37923,2.25,1.69
2015.01.14 17:35:03.493,1.37918,1.37922,2.25,1.00
2015.01.14 17:35:03.847,1.37918,1.37925,1.50,2.44
2015.01.14 17:35:04.388,1.37919,1.37925,1.00,2.44
2015.01.14 17:35:04.899,1.37918,1.37924,1.50,1.00
2015.01.14 17:35:05.417,1.37919,1.37925,1.00,2.25
2015.01.14 17:35:05.947,1.3792,1.37925,1.50,1.50
2015.01.14 17:35:06.049,1.37922,1.37929,1.00,2.25
2015.01.14 17:35:06.554,1.3792,1.37929,1.19,2.25
2015.01.14 17:35:07.229,1.37919,1.37929,1.69,4.12
2015.01.14 17:35:07.330,1.37919,1.37926,1.19,1.00
2015.01.14 17:35:07.955,1.37918,1.37926,1.25,1.25
2015.01.14 17:35:08.500,1.37918,1.37925,1.25,1.00
2015.01.14 17:35:09.933,1.37918,1.37926,1.00,1.69
2015.01.14 17:35:10.489,1.37918,1.37925,2.25,1.00
2015.01.14 17:35:11.896,1.37918,1.37924,2.25,1.00
2015.01.14 17:35:12.877,1.37918,1.37925,2.25,1.25
2015.01.14 17:35:12.929,1.3792,1.37923,1.00,1.00
2015.01.14 17:35:13.232,1.37912,1.37918,1.12,1.31
2015.01.14 17:35:13.283,1.3791,1.37918,1.50,1.31
2015.01.14 17:35:13.990,1.3791,1.37918,2.25,1.19
2015.01.14 17:35:14.091,1.37912,1.3792,1.12,1.50
2015.01.14 17:35:14.397,1.37913,1.37921,1.87,1.25
2015.01.14 17:35:14.599,1.37915,1.37923,1.00,1.69
2015.01.14 17:35:15.305,1.37915,1.37921,1.00,1.00
2015.01.14 17:35:15.609,1.37908,1.37914,3.56,1.00
2015.01.14 17:35:17.322,1.3791,1.37917,1.00,1.31
2015.01.14 17:35:17.524,1.37912,1.37917,1.00,1.00
2015.01.14 17:35:17.574,1.37912,1.37919,1.00,1.00
2015.01.14 17:35:17.676,1.37913,1.37921,1.00,1.69
2015.01.14 17:35:17.841,1.37915,1.37923,1.00,2.44
2015.01.14 17:35:18.670,1.37915,1.37923,1.00,1.50
2015.01.14 17:35:19.312,1.37915,1.37923,1.00,1.87
2015.01.14 17:35:22.338,1.37915,1.37925,1.31,2.44
2015.01.14 17:35:22.932,1.37915,1.37925,2.81,1.69
2015.01.14 17:35:23.438,1.37915,1.37925,2.81,1.69
2015.01.14 17:35:23.690,1.37915,1.37925,2.81,1.25
2015.01.14 17:35:24.146,1.37914,1.37924,2.44,3.37
2015.01.14 17:35:24.248,1.37918,1.37924,1.00,2.40
2015.01.14 17:35:24.501,1.37923,1.3793,1.00,3.00
2015.01.14 17:35:25.009,1.37923,1.37931,1.00,1.50
2015.01.14 17:35:25.261,1.37921,1.3793,1.50,1.00
2015.01.14 17:35:25.514,1.37921,1.37928,1.00,1.00
2015.01.14 17:35:25.818,1.37915,1.37925,3.19,3.00
2015.01.14 17:35:26.121,1.37914,1.37922,1.69,1.00
2015.01.14 17:35:26.273,1.37914,1.37922,2.06,1.00
2015.01.14 17:35:26.375,1.37912,1.37919,2.06,1.00
2015.01.14 17:35:26.477,1.37913,1.37921,1.19,1.00
2015.01.14 17:35:26.981,1.37912,1.3792,1.19,1.00
2015.01.14 17:35:27.284,1.37915,1.37922,1.00,1.00
2015.01.14 17:35:28.565,1.37916,1.37923,1.00,1.00
2015.01.14 17:35:30.375,1.37916,1.37924,1.12,1.69
2015.01.14 17:35:31.488,1.37917,1.37926,1.50,1.69
2015.01.14 17:35:31.539,1.37918,1.37927,1.25,3.19
2015.01.14 17:35:32.044,1.37919,1.37927,1.00,2.44
2015.01.14 17:35:32.557,1.37919,1.37927,1.00,1.50
2015.01.14 17:35:33.062,1.3792,1.37927,1.50,1.50
2015.01.14 17:35:33.569,1.37921,1.37927,2.25,1.50
2015.01.14 17:35:33.771,1.37923,1.37927,1.00,1.00
2015.01.14 17:35:33.888,1.37921,1.37929,1.50,1.25
2015.01.14 17:35:34.349,1.37921,1.37929,1.00,2.06
2015.01.14 17:35:34.399,1.37919,1.37927,3.19,1.87
2015.01.14 17:35:34.904,1.37918,1.37926,1.19,1.50
2015.01.14 17:35:35.056,1.3792,1.37929,4.84,1.69
2015.01.14 17:35:35.410,1.3792,1.37926,3.64,1.00
2015.01.14 17:35:35.791,1.37921,1.37928,1.00,1.50
2015.01.14 17:35:36.044,1.37918,1.37928,3.26,1.69
2015.01.14 17:35:37.086,1.3792,1.37928,1.00,1.69
2015.01.14 17:35:38.356,1.3792,1.37928,1.12,1.50
2015.01.14 17:35:40.533,1.37919,1.37927,1.39,1.00
2015.01.14 17:35:41.089,1.37919,1.37926,1.39,1.00
2015.01.14 17:35:41.241,1.37918,1.37926,1.10,2.62
2015.01.14 17:35:41.443,1.37913,1.37919,1.01,1.37
2015.01.14 17:35:41.595,1.37915,1.3792,1.00,1.00
2015.01.14 17:35:42.100,1.37913,1.37921,3.94,1.12
2015.01.14 17:35:42.505,1.37915,1.37922,1.87,1.87
2015.01.14 17:35:43.046,1.37916,1.37922,1.20,1.87
2015.01.14 17:35:43.592,1.37916,1.37922,1.20,1.87
2015.01.14 17:35:46.238,1.37915,1.37923,4.31,1.75
2015.01.14 17:35:46.339,1.37915,1.37922,1.69,1.37
2015.01.14 17:35:46.613,1.37918,1.37926,1.00,2.44
2015.01.14 17:35:47.118,1.37916,1.37924,2.44,1.37
2015.01.14 17:35:47.623,1.37916,1.37924,2.44,1.37
2015.01.14 17:35:47.926,1.37919,1.37927,1.57,1.62
2015.01.14 17:35:48.570,1.37919,1.37927,1.10,1.62
2015.01.14 17:35:49.233,1.37921,1.37928,1.00,1.50
2015.01.14 17:35:49.789,1.37921,1.37929,1.50,1.12
2015.01.14 17:35:50.294,1.37921,1.37928,1.00,1.00
2015.01.14 17:35:50.823,1.37923,1.3793,1.00,2.25
2015.01.14 17:35:51.513,1.37923,1.37931,2.25,1.31
2015.01.14 17:35:51.616,1.37921,1.3793,1.00,1.50
2015.01.14 17:35:51.667,1.37922,1.3793,1.00,2.44
2015.01.14 17:35:51.971,1.37918,1.37922,1.50,1.50
2015.01.14 17:35:52.022,1.37918,1.37927,1.00,1.19
2015.01.14 17:35:52.540,1.37917,1.37927,3.37,1.19
2015.01.14 17:35:52.641,1.3792,1.37928,1.00,1.19
2015.01.14 17:35:52.743,1.37924,1.37929,1.00,1.31
2015.01.14 17:35:52.794,1.37924,1.37929,1.00,1.12
2015.01.14 17:35:52.845,1.37925,1.37931,1.00,1.50
2015.01.14 17:35:53.350,1.37924,1.37932,2.25,1.25
2015.01.14 17:35:53.875,1.37924,1.37931,1.50,1.50
2015.01.14 17:35:54.380,1.37924,1.3793,1.50,1.00
2015.01.14 17:35:54.910,1.37923,1.37931,1.00,1.12
2015.01.14 17:35:55.365,1.3792,1.37928,2.25,1.19
2015.01.14 17:35:55.668,1.37921,1.37929,1.25,1.50
2015.01.14 17:35:55.880,1.37923,1.3793,1.00,1.00
2015.01.14 17:35:56.184,1.37925,1.37931,1.00,1.00
2015.01.14 17:35:56.716,1.37924,1.37931,1.00,1.50
2015.01.14 17:35:57.069,1.37921,1.3793,4.31,1.00
2015.01.14 17:35:57.758,1.37921,1.37926,1.69,1.00
2015.01.14 17:35:58.092,1.37919,1.37924,1.95,1.00
2015.01.14 17:35:58.615,1.37919,1.37923,1.20,1.00
2015.01.14 17:35:59.574,1.37918,1.37921,1.50,1.00
2015.01.14 17:35:59.776,1.37911,1.37916,1.01,1.00
2015.01.14 17:36:00.281,1.37912,1.37918,1.00,1.00
2015.01.14 17:36:00.945,1.37912,1.37918,1.37,1.00
2015.01.14 17:36:02.219,1.37912,1.37919,1.87,1.00
2015.01.14 17:36:02.739,1.37914,1.37919,1.00,1.00
2015.01.14 17:36:03.245,1.37915,1.3792,1.00,1.00
2015.01.14 17:36:03.498,1.37913,1.3792,1.25,1.00
2015.01.14 17:36:03.700,1.37912,1.3792,2.44,1.00
2015.01.14 17:36:04.817,1.37912,1.37919,2.06,1.00
2015.01.14 17:36:06.321,1.37912,1.3792,2.81,1.00
2015.01.14 17:36:06.826,1.37915,1.37921,2.62,1.00
2015.01.14 17:36:07.129,1.37918,1.37925,1.00,1.00
2015.01.14 17:36:07.280,1.37921,1.37926,1.00,1.00
2015.01.14 17:36:07.786,1.37918,1.37926,2.25,1.00
2015.01.14 17:36:07.887,1.3792,1.37927,1.00,1.00
2015.01.14 17:36:08.205,1.37919,1.37924,1.10,1.00
2015.01.14 17:36:08.735,1.37917,1.37924,2.51,1.00
2015.01.14 17:36:09.859,1.37918,1.37921,1.10,1.00
2015.01.14 17:36:10.212,1.37916,1.3792,3.67,1.00
2015.01.14 17:36:10.365,1.37916,1.37919,1.27,1.00
2015.01.14 17:36:11.186,1.37916,1.3792,1.27,1.00
2015.01.14 17:36:11.287,1.37916,1.37922,1.27,1.50
2015.01.14 17:36:11.793,1.37916,1.37922,1.87,1.50
2015.01.14 17:36:12.153,1.37916,1.3792,1.87,1.00
2015.01.14 17:36:12.662,1.37916,1.37919,1.12,1.00
2015.01.14 17:36:12.763,1.37915,1.37919,1.45,1.00
2015.01.14 17:36:13.575,1.37915,1.3792,1.45,1.00
2015.01.14 17:36:15.157,1.37915,1.37919,1.45,1.00
2015.01.14 17:36:17.756,1.37917,1.37921,1.00,1.00
2015.01.14 17:36:18.009,1.37918,1.37924,1.00,1.00
2015.01.14 17:36:19.176,1.37917,1.37924,1.95,1.00
2015.01.14 17:36:19.682,1.37917,1.37923,1.20,1.00
2015.01.14 17:36:20.187,1.37918,1.37924,1.00,1.00
2015.01.14 17:36:20.703,1.37916,1.37924,2.32,1.00
2015.01.14 17:36:21.158,1.37916,1.37922,1.45,1.00
2015.01.14 17:36:21.259,1.37916,1.37924,1.45,2.25
2015.01.14 17:36:21.512,1.37918,1.37924,1.37,1.00
2015.01.14 17:36:21.562,1.37918,1.37926,1.57,1.00
2015.01.14 17:36:22.168,1.37918,1.37921,1.12,1.00
2015.01.14 17:36:22.270,1.37916,1.37923,2.25,1.50
2015.01.14 17:36:22.473,1.37916,1.37921,1.12,1.00
2015.01.14 17:36:22.690,1.37916,1.37924,2.62,1.00
2015.01.14 17:36:22.792,1.37918,1.37926,1.10,2.25
2015.01.14 17:36:23.651,1.37919,1.37926,1.00,1.00
2015.01.14 17:36:24.459,1.37918,1.37923,1.10,1.00
2015.01.14 17:36:24.661,1.37916,1.37925,1.20,1.50
2015.01.14 17:36:24.762,1.37916,1.37923,1.20,1.00
2015.01.14 17:36:25.765,1.37915,1.37925,5.25,1.87
2015.01.14 17:36:26.427,1.37917,1.37925,1.57,1.50
2015.01.14 17:36:26.579,1.37918,1.37927,1.87,1.12
2015.01.14 17:36:27.010,1.37917,1.37925,3.52,1.00
2015.01.14 17:36:27.516,1.37917,1.37924,2.59,1.00
2015.01.14 17:36:28.186,1.37917,1.37923,2.59,1.00
2015.01.14 17:36:29.406,1.37917,1.37924,3.34,1.00
2015.01.14 17:36:30.726,1.37919,1.37923,1.00,1.00
2015.01.14 17:36:30.928,1.37918,1.37925,1.19,1.00
2015.01.14 17:36:31.685,1.37916,1.37923,2.81,1.00
2015.01.14 17:36:32.441,1.37916,1.37923,2.81,1.00
2015.01.14 17:36:32.593,1.37918,1.37925,1.00,1.25
2015.01.14 17:36:33.113,1.37919,1.37925,1.00,1.25
2015.01.14 17:36:33.816,1.37917,1.37925,2.21,1.00
2015.01.14 17:36:34.712,1.37917,1.37922,1.27,1.00
2015.01.14 17:36:35.299,1.37916,1.3792,1.57,1.00
2015.01.14 17:36:36.295,1.37916,1.37923,1.31,2.25
2015.01.14 17:36:36.625,1.37916,1.37919,1.45,1.00
2015.01.14 17:36:37.131,1.37914,1.37918,2.51,1.00
2015.01.14 17:36:37.182,1.37914,1.37921,2.51,1.50
2015.01.14 17:36:37.384,1.37914,1.37919,1.76,1.00
2015.01.14 17:36:38.632,1.37914,1.37918,1.57,1.00
2015.01.14 17:36:39.345,1.37914,1.37918,1.57,1.00
2015.01.14 17:36:39.865,1.37915,1.37919,1.37,1.00
2015.01.14 17:36:40.383,1.37913,1.37918,2.62,1.00
2015.01.14 17:36:41.643,1.37913,1.3792,2.62,1.00
2015.01.14 17:36:42.123,1.37913,1.37918,2.62,1.00
2015.01.14 17:36:42.629,1.37912,1.37918,3.71,1.00
2015.01.14 17:36:43.168,1.37912,1.37917,2.21,1.00
2015.01.14 17:36:45.658,1.37911,1.37917,2.06,1.00
2015.01.14 17:36:47.920,1.37911,1.3792,1.95,2.81
2015.01.14 17:36:48.022,1.37911,1.37915,1.95,1.00
2015.01.14 17:36:48.124,1.37909,1.37914,1.45,1.50
2015.01.14 17:36:48.174,1.37906,1.37913,3.37,1.00
2015.01.14 17:36:48.316,1.37907,1.37911,2.02,1.00
2015.01.14 17:36:48.367,1.37907,1.37911,2.02,1.00
2015.01.14 17:36:48.827,1.37907,1.37913,2.02,1.00
2015.01.14 17:36:49.131,1.37908,1.37917,1.87,1.50
2015.01.14 17:36:50.242,1.37909,1.37916,1.70,1.00
2015.01.14 17:36:50.444,1.37908,1.37918,2.02,3.19
2015.01.14 17:36:52.365,1.37909,1.37914,2.81,1.00
2015.01.14 17:36:52.567,1.3791,1.37914,1.00,1.00
2015.01.14 17:36:52.668,1.37909,1.37913,2.81,1.00
2015.01.14 17:36:53.662,1.37907,1.37913,2.62,1.00
2015.01.14 17:36:53.764,1.37909,1.37912,1.12,1.00
2015.01.14 17:36:53.866,1.37908,1.37917,1.87,3.19
2015.01.14 17:36:54.069,1.37908,1.37917,1.87,1.69
2015.01.14 17:36:54.423,1.37909,1.37911,1.00,1.00
2015.01.14 17:36:54.474,1.37908,1.37909,1.50,1.50
2015.01.14 17:36:54.576,1.37904,1.37909,1.87,1.00
2015.01.14 17:36:54.953,1.37908,1.37912,1.37,1.00
2015.01.14 17:36:55.611,1.37909,1.37914,1.37,1.00
2015.01.14 17:36:55.662,1.37909,1.37912,1.37,1.00
2015.01.14 17:36:55.814,1.37908,1.3791,1.00,1.00
2015.01.14 17:36:56.016,1.37902,1.37906,1.62,1.00
2015.01.14 17:36:56.772,1.37902,1.37907,1.62,1.00
2015.01.14 17:36:56.898,1.37902,1.37905,1.37,1.00
2015.01.14 17:37:01.914,1.37901,1.37905,1.37,1.00
2015.01.14 17:37:02.890,1.37901,1.37904,1.00,1.00
2015.01.14 17:37:03.396,1.37899,1.37903,1.57,1.00
2015.01.14 17:37:03.915,1.37901,1.37904,1.00,1.00
2015.01.14 17:37:04.536,1.37899,1.37903,1.57,1.00
2015.01.14 17:37:05.196,1.379,1.37904,1.50,1.00
2015.01.14 17:37:07.904,1.37902,1.37905,1.37,1.00
2015.01.14 17:37:08.409,1.37902,1.37906,1.37,1.00
2015.01.14 17:37:18.668,1.37901,1.37905,1.25,1.00
2015.01.14 17:37:18.972,1.37899,1.37901,1.50,1.00
2015.01.14 17:37:19.479,1.379,1.37901,1.00,1.00
2015.01.14 17:37:20.035,1.37898,1.37901,3.00,1.00
2015.01.14 17:37:20.546,1.37899,1.37901,1.00,1.00
2015.01.14 17:37:22.077,1.379,1.37904,1.50,1.50
2015.01.14 17:37:22.382,1.37901,1.37905,1.37,1.00
2015.01.14 17:37:25.654,1.37901,1.37905,1.00,1.00
2015.01.14 17:37:25.958,1.37901,1.37904,1.00,1.00
2015.01.14 17:37:26.060,1.37899,1.37904,1.50,1.00
2015.01.14 17:37:26.162,1.37899,1.37902,1.50,1.00
2015.01.14 17:37:26.263,1.37898,1.37901,1.50,1.00
2015.01.14 17:37:26.364,1.37899,1.37902,2.25,1.00
2015.01.14 17:37:26.932,1.37898,1.379,2.25,1.00
2015.01.14 17:37:28.029,1.37898,1.37899,1.50,1.00
2015.01.14 17:37:28.332,1.37898,1.37899,1.50,1.00
2015.01.14 17:37:28.433,1.37898,1.379,2.25,1.00
2015.01.14 17:37:28.484,1.37898,1.37902,2.25,2.25
2015.01.14 17:37:28.636,1.379,1.37904,1.37,3.19
2015.01.14 17:37:29.141,1.37898,1.379,2.62,1.00
2015.01.14 17:37:30.014,1.379,1.37904,1.37,1.31
2015.01.14 17:37:30.368,1.379,1.37902,1.00,1.50
2015.01.14 17:37:30.520,1.37898,1.37902,1.50,2.25
2015.01.14 17:37:31.046,1.37898,1.37901,1.50,1.00
2015.01.14 17:37:31.147,1.37899,1.37902,1.37,1.50
2015.01.14 17:37:31.198,1.37899,1.37903,1.37,1.25
2015.01.14 17:37:31.401,1.37898,1.37902,2.32,1.00
2015.01.14 17:37:31.452,1.37899,1.37904,1.00,1.00
2015.01.14 17:37:31.503,1.379,1.37904,1.37,1.00
2015.01.14 17:37:32.109,1.37899,1.37905,1.50,1.50
2015.01.14 17:37:32.260,1.37898,1.379,3.75,1.00
2015.01.14 17:37:32.513,1.37898,1.37904,3.75,1.50
2015.01.14 17:37:32.664,1.37902,1.37905,1.00,1.00
2015.01.14 17:37:33.701,1.37901,1.37904,1.57,1.00
2015.01.14 17:37:34.802,1.379,1.37904,1.57,1.00
2015.01.14 17:37:38.879,1.37898,1.37904,3.64,1.00
2015.01.14 17:37:39.844,1.37899,1.37906,1.57,1.50
2015.01.14 17:37:39.945,1.379,1.37904,1.37,1.00
2015.01.14 17:37:40.047,1.379,1.37906,1.37,1.00
2015.01.14 17:37:43.457,1.37899,1.37905,1.47,1.00
2015.01.14 17:37:43.610,1.37898,1.37906,3.94,1.00
2015.01.14 17:37:43.661,1.37898,1.37904,3.94,1.00
2015.01.14 17:37:43.762,1.37899,1.37906,1.37,2.25
2015.01.14 17:37:43.864,1.37898,1.37904,3.75,1.00
2015.01.14 17:37:44.066,1.37899,1.37906,1.37,1.50
2015.01.14 17:37:44.571,1.37898,1.37906,4.50,1.50
2015.01.14 17:37:44.622,1.37898,1.37903,1.50,1.00
2015.01.14 17:37:44.925,1.37899,1.37903,1.00,2.25
2015.01.14 17:37:45.329,1.379,1.37905,1.37,1.50
2015.01.14 17:37:45.835,1.379,1.37906,2.62,1.00
2015.01.14 17:37:46.441,1.379,1.37903,1.37,1.00
2015.01.14 17:37:46.542,1.37899,1.37905,1.47,1.50
2015.01.14 17:37:46.644,1.379,1.37905,1.37,1.50
2015.01.14 17:37:47.146,1.379,1.37904,1.37,1.00
2015.01.14 17:37:47.450,1.37899,1.379,1.00,1.00
2015.01.14 17:37:47.653,1.37898,1.379,1.50,1.50
2015.01.14 17:37:48.158,1.37897,1.379,3.75,1.00
2015.01.14 17:37:48.612,1.37898,1.37902,1.00,1.00
2015.01.14 17:37:48.663,1.37898,1.37902,3.37,1.00
2015.01.14 17:37:48.714,1.37898,1.37904,3.37,1.00
2015.01.14 17:37:48.815,1.37898,1.37902,3.37,1.00
2015.01.14 17:37:48.865,1.37898,1.37902,2.25,1.50
2015.01.14 17:37:49.017,1.37898,1.379,2.25,1.00
2015.01.14 17:37:49.320,1.37899,1.37904,1.37,1.00
2015.01.14 17:37:49.370,1.37899,1.37905,1.37,1.00
2015.01.14 17:37:49.789,1.37899,1.37903,1.37,1.00
2015.01.14 17:37:49.890,1.37899,1.37906,1.37,1.69
2015.01.14 17:37:50.396,1.37901,1.37906,1.00,1.69
2015.01.14 17:37:51.312,1.379,1.37906,1.12,1.00
2015.01.14 17:37:51.817,1.37901,1.37905,1.00,1.00
2015.01.14 17:37:51.918,1.37901,1.37907,1.00,1.31
2015.01.14 17:37:53.452,1.37899,1.37905,1.57,1.00
2015.01.14 17:37:53.556,1.37899,1.37907,1.57,1.12
2015.01.14 17:37:55.410,1.37901,1.37905,1.12,1.00
2015.01.14 17:37:55.516,1.37901,1.37907,1.12,1.00
2015.01.14 17:37:56.254,1.37901,1.37908,1.12,1.12
2015.01.14 17:37:57.782,1.37902,1.37908,1.00,1.31
2015.01.14 17:37:58.086,1.37904,1.37908,1.00,1.00
2015.01.14 17:37:58.279,1.37904,1.3791,1.00,1.50
2015.01.14 17:37:58.784,1.37905,1.3791,1.00,1.00
2015.01.14 17:37:59.138,1.37905,1.37907,1.00,1.00
2015.01.14 17:37:59.290,1.37903,1.37907,1.50,1.00
2015.01.14 17:37:59.492,1.37904,1.3791,1.00,1.50
2015.01.14 17:37:59.909,1.37904,1.37907,1.00,1.00
2015.01.14 17:38:00.212,1.37904,1.37906,1.00,1.00
2015.01.14 17:38:00.927,1.37904,1.37906,1.00,1.00
2015.01.14 17:38:01.469,1.37904,1.37909,1.00,1.25
2015.01.14 17:38:01.672,1.37903,1.37905,1.00,1.00
2015.01.14 17:38:01.774,1.379,1.37905,1.25,1.00
2015.01.14 17:38:01.825,1.379,1.37905,1.62,1.00
2015.01.14 17:38:01.927,1.379,1.37907,2.81,1.50
2015.01.14 17:38:02.432,1.379,1.37906,2.81,1.00
2015.01.14 17:38:02.964,1.379,1.37907,1.37,1.00
2015.01.14 17:38:04.133,1.379,1.37907,1.00,1.00
2015.01.14 17:38:04.638,1.379,1.37908,2.25,1.00
2015.01.14 17:38:05.094,1.37902,1.37908,1.00,1.25
2015.01.14 17:38:07.396,1.37902,1.3791,1.00,3.94
2015.01.14 17:38:07.989,1.37902,1.3791,1.00,4.69
2015.01.14 17:38:08.526,1.37902,1.37909,1.00,1.25
2015.01.14 17:38:09.812,1.37901,1.37909,1.00,1.50
2015.01.14 17:38:10.335,1.37901,1.37909,1.00,1.31
2015.01.14 17:38:11.085,1.379,1.37909,1.25,1.31
2015.01.14 17:38:12.063,1.37899,1.37908,1.25,1.69
2015.01.14 17:38:12.981,1.37898,1.37905,3.34,1.00
2015.01.14 17:38:13.285,1.37898,1.37903,3.00,1.00
2015.01.14 17:38:13.908,1.37897,1.37902,4.27,1.00
2015.01.14 17:38:14.059,1.37898,1.37904,1.12,1.00
2015.01.14 17:38:14.161,1.37898,1.37901,1.12,1.00
2015.01.14 17:38:14.610,1.37897,1.37905,3.52,1.50
2015.01.14 17:38:14.711,1.37897,1.37902,3.52,1.00
2015.01.14 17:38:15.335,1.37898,1.37906,3.37,2.62
2015.01.14 17:38:15.487,1.37898,1.37903,3.37,1.00
2015.01.14 17:38:16.021,1.37898,1.37902,4.87,1.00
2015.01.14 17:38:16.567,1.37899,1.37902,1.00,1.00
2015.01.14 17:38:19.001,1.37899,1.37906,1.00,1.19
2015.01.14 17:38:19.657,1.37899,1.37904,1.00,1.00
2015.01.14 17:38:20.010,1.37899,1.37906,1.00,1.00
2015.01.14 17:38:20.514,1.37899,1.37905,1.00,1.00
2015.01.14 17:38:21.732,1.37899,1.37906,1.50,1.12
2015.01.14 17:38:22.192,1.379,1.37903,1.00,1.00
2015.01.14 17:38:22.697,1.37899,1.37903,1.50,1.00
2015.01.14 17:38:24.288,1.37899,1.37906,1.00,1.00
2015.01.14 17:38:24.389,1.37899,1.37904,1.00,1.00
2015.01.14 17:38:24.491,1.37899,1.37906,1.00,1.00
2015.01.14 17:38:24.593,1.37899,1.37904,1.00,1.00
2015.01.14 17:38:24.694,1.37898,1.37906,3.19,1.50
2015.01.14 17:38:25.004,1.37899,1.37908,1.00,3.19
2015.01.14 17:38:25.509,1.379,1.37907,1.00,1.00
2015.01.14 17:38:26.035,1.37899,1.37905,1.10,1.00
2015.01.14 17:38:26.540,1.379,1.37905,1.00,1.00
2015.01.14 17:38:26.995,1.379,1.37907,1.00,1.00
2015.01.14 17:38:27.561,1.379,1.37905,1.00,1.00
2015.01.14 17:38:27.880,1.37897,1.37903,2.40,1.00
2015.01.14 17:38:27.981,1.37894,1.37902,2.25,2.25
2015.01.14 17:38:28.083,1.37898,1.37902,1.50,1.50
2015.01.14 17:38:28.386,1.37898,1.379,1.50,1.00
2015.01.14 17:38:28.689,1.37898,1.379,1.50,1.00
2015.01.14 17:38:28.739,1.37898,1.379,1.50,1.00
2015.01.14 17:38:29.144,1.37898,1.37902,1.00,1.00
2015.01.14 17:38:29.649,1.37898,1.37901,1.50,1.00
2015.01.14 17:38:29.750,1.37897,1.379,3.15,1.00
2015.01.14 17:38:30.104,1.37898,1.37903,4.50,1.00
2015.01.14 17:38:30.407,1.37899,1.37901,1.00,1.00
2015.01.14 17:38:30.558,1.37898,1.37901,3.75,1.00
2015.01.14 17:38:31.064,1.37897,1.379,3.37,1.00
2015.01.14 17:38:31.507,1.37898,1.37902,4.50,1.00
2015.01.14 17:38:32.302,1.379,1.37903,1.00,1.00
2015.01.14 17:38:32.504,1.37898,1.37903,4.50,1.00
2015.01.14 17:38:32.606,1.37897,1.379,2.25,1.00
2015.01.14 17:38:32.959,1.37899,1.37903,1.12,1.50
2015.01.14 17:38:33.162,1.37907,1.3791,1.87,1.50
2015.01.14 17:38:33.213,1.37909,1.37912,1.00,1.00
2015.01.14 17:38:33.365,1.37909,1.37914,1.00,1.00
2015.01.14 17:38:33.617,1.37908,1.37916,1.00,1.87
2015.01.14 17:38:33.819,1.37908,1.37913,1.00,1.00
2015.01.14 17:38:34.173,1.37908,1.37911,1.00,1.00
2015.01.14 17:38:36.182,1.37907,1.37911,1.25,1.00
2015.01.14 17:38:36.486,1.37904,1.3791,2.25,1.12
2015.01.14 17:38:36.587,1.37903,1.37906,2.25,1.00
2015.01.14 17:38:36.688,1.37903,1.3791,2.25,2.62
2015.01.14 17:38:36.941,1.37905,1.3791,1.00,1.00
2015.01.14 17:38:37.832,1.37904,1.3791,1.50,1.50
2015.01.14 17:38:38.135,1.37903,1.37906,3.19,1.00
2015.01.14 17:38:38.591,1.37903,1.37908,2.25,1.00
2015.01.14 17:38:38.692,1.37903,1.37906,3.75,1.00
2015.01.14 17:38:38.793,1.37903,1.37909,3.75,1.50
2015.01.14 17:38:38.995,1.37906,1.37913,1.00,2.25
2015.01.14 17:38:39.097,1.37906,1.37911,1.00,1.00
2015.01.14 17:38:39.248,1.37907,1.37915,1.00,2.06
2015.01.14 17:38:39.501,1.37905,1.37914,1.20,1.12
2015.01.14 17:38:39.551,1.37905,1.3791,1.20,1.00
2015.01.14 17:38:39.754,1.37905,1.37914,1.20,1.12
2015.01.14 17:38:39.956,1.37905,1.37912,1.25,1.00
2015.01.14 17:38:40.259,1.37907,1.37914,1.00,1.12
2015.01.14 17:38:40.676,1.37905,1.37913,3.00,1.56
2015.01.14 17:38:40.828,1.37903,1.3791,2.40,1.12
2015.01.14 17:38:40.878,1.37904,1.37908,1.00,1.00
2015.01.14 17:38:40.980,1.37904,1.3791,1.00,1.87
2015.01.14 17:38:41.434,1.37903,1.37907,2.32,1.00
2015.01.14 17:38:41.746,1.37903,1.37906,1.57,1.00
2015.01.14 17:38:43.969,1.37903,1.37906,1.10,1.00
2015.01.14 17:38:44.896,1.37899,1.37904,1.00,1.50
2015.01.14 17:38:45.048,1.37897,1.37901,5.62,1.00
2015.01.14 17:38:45.150,1.37897,1.37903,4.50,1.00
2015.01.14 17:38:45.201,1.37897,1.379,7.12,1.00
2015.01.14 17:38:45.455,1.37898,1.37901,1.00,1.50
2015.01.14 17:38:45.944,1.37901,1.37902,1.00,1.00
2015.01.14 17:38:46.201,1.37901,1.37905,1.00,1.19
2015.01.14 17:38:46.354,1.379,1.37906,1.00,1.00
2015.01.14 17:38:46.759,1.37901,1.37909,1.00,1.19
2015.01.14 17:38:46.910,1.379,1.37906,1.57,1.00
2015.01.14 17:38:47.215,1.37898,1.37904,3.75,1.50
2015.01.14 17:38:47.518,1.379,1.37906,1.50,1.00
2015.01.14 17:38:48.061,1.379,1.37907,1.50,2.81
2015.01.14 17:38:48.364,1.37898,1.37901,3.94,1.00
2015.01.14 17:38:48.516,1.37898,1.37903,3.19,1.50
2015.01.14 17:38:48.820,1.37898,1.37905,1.25,1.00
2015.01.14 17:38:49.299,1.379,1.37906,1.00,1.50
2015.01.14 17:38:49.836,1.37899,1.37903,3.00,1.00
2015.01.14 17:38:49.989,1.37897,1.37902,3.00,1.50
2015.01.14 17:38:50.091,1.37897,1.37899,3.00,1.00
2015.01.14 17:38:50.294,1.37897,1.37902,3.00,1.50
2015.01.14 17:38:50.750,1.37897,1.379,5.25,1.00
2015.01.14 17:38:51.055,1.37898,1.379,2.25,1.00
2015.01.14 17:38:51.409,1.37891,1.37898,3.75,1.00
2015.01.14 17:38:51.561,1.3789,1.37896,1.00,1.00
2015.01.14 17:38:51.864,1.3789,1.37898,1.00,1.12
2015.01.14 17:38:52.378,1.37891,1.37899,1.50,1.00
2015.01.14 17:38:52.429,1.37891,1.37899,1.50,1.37
2015.01.14 17:38:52.683,1.37889,1.37897,3.07,1.12
2015.01.14 17:38:53.441,1.37891,1.37898,1.00,1.87
2015.01.14 17:38:53.542,1.37888,1.37898,5.44,2.62
2015.01.14 17:38:53.644,1.37888,1.37895,2.25,1.37
2015.01.14 17:38:53.695,1.37887,1.37895,1.00,1.87
2015.01.14 17:38:53.808,1.37887,1.37893,1.00,1.50
2015.01.14 17:38:53.860,1.37885,1.37889,1.50,1.12
2015.01.14 17:38:53.911,1.37881,1.37889,1.50,1.00
2015.01.14 17:38:54.216,1.3788,1.37888,1.50,1.50
2015.01.14 17:38:54.570,1.37882,1.3789,1.00,3.37
2015.01.14 17:38:55.077,1.37883,1.37889,1.00,1.00
2015.01.14 17:38:55.834,1.37881,1.37889,1.50,1.00
2015.01.14 17:38:55.885,1.37883,1.37889,1.00,1.00
2015.01.14 17:38:56.138,1.37887,1.37894,1.00,1.00
2015.01.14 17:38:56.290,1.37885,1.37894,3.07,1.87
2015.01.14 17:38:56.391,1.37885,1.37891,1.10,1.00
2015.01.14 17:38:56.442,1.37883,1.37891,1.50,1.00
2015.01.14 17:38:56.493,1.37883,1.37888,1.50,1.00
2015.01.14 17:38:56.595,1.37883,1.3789,1.00,1.50
2015.01.14 17:38:57.001,1.3788,1.37889,3.00,1.50
2015.01.14 17:38:57.360,1.3788,1.37884,2.32,1.00
2015.01.14 17:38:57.461,1.3788,1.37885,1.57,2.25
2015.01.14 17:38:57.512,1.3788,1.37881,1.10,1.12
2015.01.14 17:38:57.714,1.37879,1.37885,1.00,1.00
2015.01.14 17:38:57.765,1.37884,1.37886,1.00,1.00
2015.01.14 17:38:57.827,1.37885,1.3789,1.00,3.00
2015.01.14 17:38:57.879,1.37884,1.37886,1.00,1.00
2015.01.14 17:38:57.930,1.37881,1.37886,1.00,1.00
2015.01.14 17:38:58.334,1.37883,1.37887,1.00,1.00
2015.01.14 17:38:58.738,1.3788,1.37887,1.00,1.50
2015.01.14 17:38:59.243,1.3788,1.37887,1.00,1.37
2015.01.14 17:38:59.749,1.3788,1.37887,1.00,1.00
2015.01.14 17:39:00.305,1.37879,1.37887,3.00,1.00
2015.01.14 17:39:00.457,1.37879,1.37886,2.25,1.87
2015.01.14 17:39:00.609,1.37878,1.37884,1.00,1.00
2015.01.14 17:39:00.711,1.3788,1.37883,1.00,1.00
2015.01.14 17:39:00.762,1.37882,1.37886,1.00,1.00
2015.01.14 17:39:01.015,1.37882,1.37889,1.00,1.12
2015.01.14 17:39:01.533,1.37883,1.37889,1.00,1.00
2015.01.14 17:39:02.201,1.37881,1.37889,1.50,1.12
2015.01.14 17:39:02.926,1.37882,1.3789,1.00,1.50
2015.01.14 17:39:03.280,1.37882,1.37892,3.07,2.25
2015.01.14 17:39:03.330,1.37884,1.37892,1.00,2.25
2015.01.14 17:39:03.859,1.37883,1.37892,1.00,1.50
2015.01.14 17:39:04.213,1.37885,1.37892,1.50,1.50
2015.01.14 17:39:04.314,1.37885,1.37894,3.00,3.19
2015.01.14 17:39:04.821,1.37885,1.37893,2.25,1.00
2015.01.14 17:39:05.742,1.37885,1.37894,1.50,2.06
2015.01.14 17:39:06.659,1.37889,1.37894,1.00,2.25
2015.01.14 17:39:06.964,1.37891,1.37899,1.50,3.56
2015.01.14 17:39:07.216,1.37893,1.37898,1.00,1.00
2015.01.14 17:39:07.721,1.37893,1.37899,1.50,1.00
2015.01.14 17:39:08.026,1.37891,1.37899,1.10,2.25
2015.01.14 17:39:08.228,1.37889,1.37898,2.59,1.50
2015.01.14 17:39:08.531,1.37891,1.37897,1.00,1.00
2015.01.14 17:39:09.268,1.37891,1.37896,1.00,1.00
2015.01.14 17:39:09.571,1.3789,1.37893,1.50,1.12
2015.01.14 17:39:09.887,1.37877,1.37882,1.00,1.37
2015.01.14 17:39:10.041,1.37876,1.37883,1.00,2.81
2015.01.14 17:39:10.244,1.37878,1.37884,1.00,1.00
2015.01.14 17:39:10.649,1.37879,1.37887,1.00,1.25
2015.01.14 17:39:10.700,1.37882,1.37887,1.00,1.62
2015.01.14 17:39:11.674,1.37882,1.37888,1.00,1.69
2015.01.14 17:39:11.948,1.37882,1.3789,1.50,4.31
2015.01.14 17:39:12.453,1.37882,1.37889,1.00,1.50
2015.01.14 17:39:12.655,1.37882,1.37886,1.00,1.00
2015.01.14 17:39:13.163,1.37882,1.37887,1.00,1.00
2015.01.14 17:39:13.671,1.37882,1.37886,1.00,1.00
2015.01.14 17:39:13.975,1.3788,1.37883,1.00,1.37
2015.01.14 17:39:14.026,1.37879,1.37883,1.00,1.50
2015.01.14 17:39:14.199,1.37876,1.37882,1.00,1.00
2015.01.14 17:39:14.554,1.37878,1.37884,1.00,3.37
2015.01.14 17:39:14.858,1.3788,1.37884,1.00,1.87
2015.01.14 17:39:14.908,1.3788,1.37885,1.00,1.00
2015.01.14 17:39:14.959,1.37882,1.37886,1.00,3.19
2015.01.14 17:39:15.162,1.37881,1.37888,1.00,1.50
2015.01.14 17:39:15.417,1.37882,1.37886,1.00,1.00
2015.01.14 17:39:15.518,1.37882,1.37888,1.00,1.00
2015.01.14 17:39:16.191,1.37882,1.37887,1.00,1.00
2015.01.14 17:39:16.857,1.37882,1.37887,1.00,1.37
2015.01.14 17:39:17.010,1.3788,1.37887,1.50,1.00
2015.01.14 17:39:17.162,1.37882,1.37888,1.00,1.37
2015.01.14 17:39:17.516,1.37882,1.37885,1.50,1.50
2015.01.14 17:39:17.770,1.3788,1.37888,1.00,1.50
2015.01.14 17:39:17.821,1.37879,1.37886,2.40,1.00
2015.01.14 17:39:18.129,1.37876,1.37882,1.50,1.00
2015.01.14 17:39:18.560,1.37876,1.3788,1.00,1.00
2015.01.14 17:39:19.073,1.37876,1.37881,1.00,2.25
2015.01.14 17:39:19.494,1.37874,1.37881,1.00,2.25
2015.01.14 17:39:20.012,1.37873,1.3788,1.50,1.00
2015.01.14 17:39:20.367,1.37875,1.37881,1.00,2.62
2015.01.14 17:39:20.872,1.37876,1.37882,1.00,1.50
2015.01.14 17:39:21.440,1.37875,1.37882,1.50,1.50
2015.01.14 17:39:22.567,1.37876,1.37882,1.00,1.50
2015.01.14 17:39:23.606,1.37874,1.37882,1.50,3.00
2015.01.14 17:39:23.909,1.37875,1.37882,1.00,3.37
2015.01.14 17:39:24.212,1.37871,1.37877,1.75,1.00
2015.01.14 17:39:24.364,1.37867,1.37873,1.00,2.25
2015.01.14 17:39:24.415,1.37865,1.37872,1.00,1.00
2015.01.14 17:39:24.719,1.37868,1.37871,1.00,1.00
2015.01.14 17:39:24.821,1.37866,1.37873,1.00,1.87
2015.01.14 17:39:25.326,1.37865,1.37871,2.25,1.50
2015.01.14 17:39:25.934,1.37865,1.37873,1.50,2.62
2015.01.14 17:39:26.036,1.37866,1.37874,1.00,1.50
2015.01.14 17:39:26.087,1.3787,1.37874,1.00,1.00
2015.01.14 17:39:26.240,1.3787,1.37877,1.00,1.50
2015.01.14 17:39:26.493,1.37868,1.37876,1.20,1.00
2015.01.14 17:39:26.696,1.37867,1.37873,1.50,1.00
2015.01.14 17:39:26.949,1.37859,1.37866,1.00,1.50
2015.01.14 17:39:27.100,1.37857,1.37865,1.00,1.00
2015.01.14 17:39:27.151,1.37857,1.37863,1.00,1.00
2015.01.14 17:39:27.555,1.37856,1.37861,1.00,1.00
2015.01.14 17:39:27.758,1.37854,1.37861,1.00,1.00
2015.01.14 17:39:27.809,1.37856,1.37862,1.00,2.25
2015.01.14 17:39:28.130,1.37858,1.37862,1.00,1.00
2015.01.14 17:39:28.434,1.37855,1.37862,1.00,1.00
2015.01.14 17:39:28.941,1.37856,1.37861,1.00,1.12
2015.01.14 17:39:29.450,1.37855,1.37862,1.00,1.87
2015.01.14 17:39:30.107,1.37861,1.37865,1.00,1.50
2015.01.14 17:39:30.259,1.37866,1.37869,1.00,1.50
2015.01.14 17:39:30.310,1.37863,1.37871,1.00,1.50
2015.01.14 17:39:30.412,1.37863,1.37869,1.50,1.00
2015.01.14 17:39:30.716,1.37872,1.37873,1.00,1.00
2015.01.14 17:39:30.868,1.3787,1.37874,2.25,1.00
2015.01.14 17:39:30.956,1.3787,1.37876,2.25,1.00
2015.01.14 17:39:31.159,1.37867,1.37876,1.50,1.00
2015.01.14 17:39:31.412,1.37868,1.37874,3.00,1.00
2015.01.14 17:39:32.303,1.37867,1.37875,1.00,1.50
2015.01.14 17:39:32.617,1.37868,1.37872,1.00,1.00
2015.01.14 17:39:32.719,1.37868,1.37874,1.00,1.00
2015.01.14 17:39:32.770,1.37866,1.37874,1.20,1.00
2015.01.14 17:39:32.872,1.37865,1.37871,3.82,1.00
2015.01.14 17:39:33.178,1.37865,1.37873,3.07,1.50
2015.01.14 17:39:33.751,1.37865,1.37871,2.32,1.00
2015.01.14 17:39:34.057,1.37874,1.37876,1.50,1.00
2015.01.14 17:39:34.108,1.3787,1.37876,1.57,1.00
2015.01.14 17:39:34.412,1.3787,1.37878,1.50,1.50
2015.01.14 17:39:34.513,1.3787,1.37875,1.00,1.00
2015.01.14 17:39:34.917,1.37867,1.37874,1.00,1.00
2015.01.14 17:39:35.070,1.37867,1.37877,1.00,1.87
2015.01.14 17:39:35.244,1.37867,1.37874,1.00,1.00
2015.01.14 17:39:35.395,1.37867,1.37877,1.00,1.12
2015.01.14 17:39:35.950,1.37869,1.37876,1.00,1.00
2015.01.14 17:39:36.270,1.3787,1.37876,4.50,1.00
2015.01.14 17:39:36.775,1.37872,1.37876,1.10,1.00
2015.01.14 17:39:38.077,1.37878,1.3788,1.12,1.19
2015.01.14 17:39:38.128,1.37878,1.37881,1.12,1.50
2015.01.14 17:39:38.331,1.37877,1.3788,3.82,1.00
2015.01.14 17:39:38.585,1.37879,1.37883,1.20,1.00
2015.01.14 17:39:38.686,1.37883,1.37886,1.00,1.25
2015.01.14 17:39:39.191,1.37882,1.37887,1.10,1.00
2015.01.14 17:39:39.541,1.37881,1.37885,1.32,1.00
2015.01.14 17:39:40.310,1.37881,1.37886,1.57,1.00
2015.01.14 17:39:42.657,1.37883,1.37888,1.50,1.00
2015.01.14 17:39:42.758,1.37883,1.37892,2.25,1.84
2015.01.14 17:39:43.173,1.37883,1.37886,2.25,1.00
2015.01.14 17:39:43.274,1.37881,1.37888,1.76,1.00
2015.01.14 17:39:43.325,1.37881,1.37885,1.26,1.00
2015.01.14 17:39:43.426,1.37882,1.37888,1.76,1.00
2015.01.14 17:39:43.528,1.37883,1.37886,1.00,1.00
2015.01.14 17:39:43.629,1.37885,1.37891,1.00,1.69
2015.01.14 17:39:44.158,1.37884,1.37889,1.00,1.00
2015.01.14 17:39:44.695,1.37885,1.37889,1.00,1.00
2015.01.14 17:39:45.149,1.37885,1.37892,1.00,1.84
2015.01.14 17:39:45.402,1.37883,1.37892,1.20,2.59
2015.01.14 17:39:45.503,1.37883,1.37889,1.20,1.00
2015.01.14 17:39:46.065,1.37883,1.37887,1.20,1.00
2015.01.14 17:39:46.267,1.37884,1.37891,1.50,1.00
2015.01.14 17:39:46.470,1.37884,1.37888,3.75,1.00
2015.01.14 17:39:46.572,1.37884,1.37888,3.00,1.00
2015.01.14 17:39:46.623,1.37884,1.37891,2.25,1.20
2015.01.14 17:39:47.145,1.37883,1.37891,5.14,1.20
2015.01.14 17:39:47.829,1.37883,1.3789,4.39,1.00
2015.01.14 17:39:48.356,1.37883,1.37892,4.39,1.84
2015.01.14 17:39:50.870,1.37883,1.37889,4.87,1.62
2015.01.14 17:39:51.023,1.3788,1.37884,1.87,1.00
2015.01.14 17:39:51.225,1.37878,1.37883,1.50,1.00
2015.01.14 17:39:52.047,1.3788,1.37883,1.00,1.00
2015.01.14 17:39:52.560,1.37883,1.37889,1.00,1.12
2015.01.14 17:39:52.762,1.37886,1.3789,1.00,1.00
2015.01.14 17:39:53.267,1.37885,1.37888,1.35,1.00
2015.01.14 17:39:53.369,1.37885,1.3789,1.50,1.00
2015.01.14 17:39:53.874,1.37886,1.37893,1.00,1.65
2015.01.14 17:39:54.581,1.37886,1.37893,1.50,1.65
2015.01.14 17:39:54.632,1.37886,1.37893,2.14,1.65
2015.01.14 17:39:54.936,1.3789,1.37895,1.00,1.00
2015.01.14 17:39:55.443,1.3789,1.37894,1.00,1.00
2015.01.14 17:39:55.494,1.37888,1.37892,1.25,1.00
2015.01.14 17:39:55.847,1.37889,1.37895,1.00,1.00
2015.01.14 17:39:55.949,1.37887,1.37895,2.40,1.19
2015.01.14 17:39:56.471,1.37886,1.37894,1.20,1.25
2015.01.14 17:39:56.981,1.37886,1.37894,1.20,1.69
2015.01.14 17:39:58.942,1.37886,1.37894,1.20,1.50
2015.01.14 17:39:59.471,1.37887,1.37894,1.00,1.00
2015.01.14 17:39:59.623,1.37885,1.37892,2.44,1.00
2015.01.14 17:40:00.080,1.37888,1.37894,1.00,1.69
2015.01.14 17:40:00.186,1.37889,1.37894,1.00,1.00
2015.01.14 17:40:00.237,1.3789,1.37897,1.00,1.00
2015.01.14 17:40:00.338,1.37892,1.37899,1.00,1.31
2015.01.14 17:40:00.641,1.37894,1.37901,1.00,1.25
2015.01.14 17:40:00.944,1.37894,1.37899,1.00,1.00
2015.01.14 17:40:01.096,1.37892,1.37898,1.00,1.00
2015.01.14 17:40:01.601,1.37893,1.37899,1.00,1.00
2015.01.14 17:40:02.199,1.37893,1.37903,1.00,2.44
2015.01.14 17:40:02.604,1.37895,1.37903,1.00,2.06
2015.01.14 17:40:02.908,1.37896,1.379,1.00,1.00
2015.01.14 17:40:03.312,1.37894,1.37902,1.50,1.25
2015.01.14 17:40:03.817,1.37894,1.37903,1.69,1.12
2015.01.14 17:40:04.365,1.37894,1.37902,1.69,1.25
2015.01.14 17:40:04.921,1.37896,1.37903,1.00,1.31
2015.01.14 17:40:05.447,1.37897,1.37905,1.00,1.66
2015.01.14 17:40:05.961,1.37897,1.37904,1.00,1.69
2015.01.14 17:40:06.828,1.37896,1.37904,1.00,1.69
2015.01.14 17:40:07.334,1.37896,1.37902,1.00,1.00
2015.01.14 17:40:07.854,1.37894,1.37903,3.19,1.31
2015.01.14 17:40:08.229,1.37897,1.37903,1.12,1.25
2015.01.14 17:40:08.381,1.37898,1.37905,1.00,1.00
2015.01.14 17:40:08.886,1.37898,1.37904,1.00,1.00
2015.01.14 17:40:09.391,1.37899,1.37904,1.00,1.00
2015.01.14 17:40:09.690,1.37898,1.37906,2.25,1.50
2015.01.14 17:40:09.791,1.37898,1.37903,1.50,1.00
2015.01.14 17:40:10.924,1.37898,1.37907,2.25,1.31
2015.01.14 17:40:11.026,1.37899,1.37907,3.37,1.25
2015.01.14 17:40:11.329,1.37903,1.37913,3.00,1.87
2015.01.14 17:40:11.835,1.37904,1.3791,1.00,1.50
2015.01.14 17:40:12.151,1.37903,1.37908,3.00,1.00
2015.01.14 17:40:12.454,1.37901,1.37906,2.25,1.00
2015.01.14 17:40:12.555,1.37901,1.37909,2.25,1.00
2015.01.14 17:40:12.757,1.37906,1.37908,1.00,1.00
2015.01.14 17:40:13.541,1.37906,1.3791,1.00,1.87
2015.01.14 17:40:13.592,1.37901,1.37908,1.00,1.00
2015.01.14 17:40:13.643,1.37902,1.3791,1.00,2.25
2015.01.14 17:40:14.147,1.379,1.37909,1.50,1.50
2015.01.14 17:40:14.206,1.379,1.37907,1.50,1.00
2015.01.14 17:40:14.728,1.37901,1.37907,1.00,1.00
2015.01.14 17:40:15.031,1.37903,1.37908,2.62,1.00
2015.01.14 17:40:15.538,1.37903,1.37911,2.25,1.00
2015.01.14 17:40:15.589,1.37903,1.37909,1.50,1.00
2015.01.14 17:40:15.692,1.37903,1.37911,2.25,1.00
2015.01.14 17:40:15.793,1.37905,1.37913,1.00,1.00
2015.01.14 17:40:16.096,1.37908,1.37916,1.50,1.19
2015.01.14 17:40:16.625,1.37909,1.37916,1.00,1.00
2015.01.14 17:40:16.677,1.37905,1.37912,1.50,1.00
2015.01.14 17:40:16.981,1.37904,1.3791,1.00,1.00
2015.01.14 17:40:17.183,1.37906,1.37913,1.00,1.69
2015.01.14 17:40:17.858,1.37906,1.3791,1.00,1.00
2015.01.14 17:40:18.060,1.37905,1.37913,1.00,3.00
2015.01.14 17:40:18.230,1.37907,1.37913,1.00,1.00
2015.01.14 17:40:18.533,1.37909,1.37913,1.00,1.00
2015.01.14 17:40:18.685,1.37907,1.37915,1.50,1.84
2015.01.14 17:40:18.736,1.37907,1.37912,1.50,1.00
2015.01.14 17:40:19.039,1.37915,1.3792,1.00,1.65
2015.01.14 17:40:19.393,1.37915,1.37917,1.00,1.00
2015.01.14 17:40:19.494,1.37916,1.3792,1.00,1.00
2015.01.14 17:40:20.016,1.37917,1.37921,1.00,1.25
2015.01.14 17:40:20.242,1.37915,1.37919,1.00,1.00
2015.01.14 17:40:21.000,1.37916,1.37919,1.00,1.00
2015.01.14 17:40:21.506,1.37917,1.37919,1.00,1.00
2015.01.14 17:40:22.011,1.37919,1.37924,1.00,2.44
2015.01.14 17:40:22.315,1.37916,1.37921,1.00,1.19
2015.01.14 17:40:22.400,1.37914,1.37921,2.25,2.44
2015.01.14 17:40:22.552,1.37913,1.37918,1.00,1.00
2015.01.14 17:40:22.855,1.37912,1.37914,1.00,1.00
2015.01.14 17:40:22.906,1.37913,1.37917,1.00,1.69
2015.01.14 17:40:23.007,1.37912,1.37918,1.00,1.19
2015.01.14 17:40:23.529,1.37913,1.37919,1.00,1.19
2015.01.14 17:40:24.034,1.37912,1.37916,1.00,1.00
2015.01.14 17:40:24.135,1.37909,1.37917,1.00,2.44
2015.01.14 17:40:24.187,1.37909,1.37915,1.00,1.00
2015.01.14 17:40:24.499,1.37909,1.37913,1.00,1.00
2015.01.14 17:40:25.560,1.37909,1.37912,1.00,1.00
2015.01.14 17:40:25.863,1.37909,1.37914,1.00,1.00
2015.01.14 17:40:26.367,1.3791,1.37914,1.00,1.25
2015.01.14 17:40:26.773,1.37905,1.37912,1.00,1.62
2015.01.14 17:40:26.874,1.37902,1.37907,1.20,1.00
2015.01.14 17:40:27.127,1.37902,1.37909,1.00,1.50
2015.01.14 17:40:27.549,1.37904,1.37908,1.00,1.00
2015.01.14 17:40:28.257,1.37903,1.37908,1.00,1.00
2015.01.14 17:40:28.786,1.37904,1.37908,1.00,1.00
2015.01.14 17:40:29.305,1.37904,1.37909,1.00,1.00
2015.01.14 17:40:29.761,1.37901,1.3791,1.31,1.50
2015.01.14 17:40:30.006,1.37902,1.37908,1.00,1.00
2015.01.14 17:40:30.513,1.37903,1.37907,1.00,1.00
2015.01.14 17:40:31.910,1.37903,1.37906,1.00,1.00
2015.01.14 17:40:32.012,1.37904,1.37908,1.00,1.00
2015.01.14 17:40:32.165,1.37902,1.37907,1.00,1.00
2015.01.14 17:40:32.569,1.37903,1.37909,1.00,1.25
2015.01.14 17:40:32.671,1.37903,1.37907,1.00,1.00
2015.01.14 17:40:34.463,1.37903,1.37905,1.00,1.00
2015.01.14 17:40:34.968,1.37903,1.37906,1.00,1.00
2015.01.14 17:40:35.273,1.37912,1.37916,1.00,2.25
2015.01.14 17:40:35.425,1.37915,1.3792,1.00,2.40
2015.01.14 17:40:35.779,1.37915,1.37918,1.00,1.00
2015.01.14 17:40:36.439,1.37915,1.37917,1.00,1.00
2015.01.14 17:40:36.541,1.37919,1.37922,1.00,1.50
2015.01.14 17:40:36.592,1.37921,1.37922,1.00,1.00
2015.01.14 17:40:36.744,1.37921,1.37925,1.00,1.00
2015.01.14 17:40:36.795,1.37919,1.37925,1.87,1.00
2015.01.14 17:40:36.896,1.37921,1.37927,1.00,2.44
2015.01.14 17:40:36.998,1.37918,1.37926,1.50,1.25
2015.01.14 17:40:37.100,1.37915,1.37921,2.25,1.00
2015.01.14 17:40:37.201,1.37915,1.37921,1.00,1.19
2015.01.14 17:40:37.404,1.37913,1.3792,1.87,1.25
2015.01.14 17:40:37.505,1.37915,1.37921,1.50,1.19
2015.01.14 17:40:38.181,1.37915,1.37918,1.00,1.00
2015.01.14 17:40:38.383,1.37911,1.37918,1.37,1.00
2015.01.14 17:40:38.887,1.3791,1.37917,2.62,1.00
2015.01.14 17:40:39.392,1.3791,1.37916,1.87,1.00
2015.01.14 17:40:39.594,1.3791,1.37914,1.50,1.00
2015.01.14 17:40:39.897,1.3791,1.37912,1.00,1.00
2015.01.14 17:40:40.265,1.3791,1.37917,1.50,1.50
2015.01.14 17:40:40.366,1.3791,1.37914,1.20,1.00
2015.01.14 17:40:40.719,1.37911,1.37917,1.00,1.00
2015.01.14 17:40:40.820,1.3791,1.37915,1.65,1.00
2015.01.14 17:40:41.022,1.37908,1.37916,1.76,1.50
2015.01.14 17:40:41.497,1.37908,1.37913,1.01,1.00
2015.01.14 17:40:42.008,1.37907,1.37913,1.69,1.00
2015.01.14 17:40:42.809,1.37907,1.37915,2.44,1.50
2015.01.14 17:40:43.314,1.37907,1.37914,1.50,1.00
2015.01.14 17:40:43.365,1.37907,1.37911,1.50,1.00
2015.01.14 17:40:43.921,1.37906,1.37911,2.25,1.00
2015.01.14 17:40:44.506,1.37904,1.37911,1.00,1.50
2015.01.14 17:40:44.557,1.37904,1.37908,1.50,1.00
2015.01.14 17:40:44.810,1.37904,1.37912,1.50,1.50
2015.01.14 17:40:44.962,1.37906,1.37912,1.50,1.00
2015.01.14 17:40:45.012,1.37906,1.37914,2.25,2.25
2015.01.14 17:40:45.063,1.37908,1.37914,1.00,1.00
2015.01.14 17:40:45.114,1.37908,1.37916,1.00,3.94
2015.01.14 17:40:45.266,1.3791,1.37916,1.00,3.00
2015.01.14 17:40:45.417,1.3791,1.37918,1.00,2.25
2015.01.14 17:40:45.823,1.37911,1.3792,1.12,1.25
2015.01.14 17:40:46.328,1.37912,1.3792,1.12,1.25
2015.01.14 17:40:46.877,1.37913,1.37921,1.00,1.00
2015.01.14 17:40:47.393,1.37914,1.3792,1.00,1.00
2015.01.14 17:40:47.545,1.37911,1.37919,1.00,1.00
2015.01.14 17:40:47.646,1.3791,1.37917,1.50,1.00
2015.01.14 17:40:48.157,1.3791,1.37918,2.25,1.00
2015.01.14 17:40:49.380,1.3791,1.37918,2.62,1.00
2015.01.14 17:40:49.916,1.37911,1.37919,1.50,1.69
2015.01.14 17:40:50.639,1.37912,1.37919,1.50,1.00
2015.01.14 17:40:50.892,1.37917,1.37925,2.25,1.50
2015.01.14 17:40:51.094,1.37919,1.37925,1.00,1.50
2015.01.14 17:40:51.398,1.37917,1.37923,1.00,1.00
2015.01.14 17:40:54.486,1.37919,1.37922,1.00,1.00
2015.01.14 17:40:54.688,1.37919,1.37924,1.00,1.00
2015.01.14 17:40:54.789,1.37917,1.37924,3.00,1.00
2015.01.14 17:40:55.344,1.37917,1.37923,3.00,1.00
2015.01.14 17:40:57.989,1.37918,1.37923,1.00,1.00
2015.01.14 17:40:58.090,1.37918,1.37925,1.00,1.50
2015.01.14 17:41:01.614,1.3792,1.37927,1.25,1.50
2015.01.14 17:41:01.765,1.37923,1.37931,2.25,1.00
2015.01.14 17:41:02.270,1.37924,1.37931,1.50,1.00
2015.01.14 17:41:06.701,1.37926,1.37934,1.50,2.25
2015.01.14 17:41:06.803,1.37928,1.37934,1.00,1.50
2015.01.14 17:41:06.966,1.37928,1.37936,2.62,1.00
2015.01.14 17:41:07.572,1.37928,1.37934,1.50,1.00
2015.01.14 17:41:08.127,1.37929,1.37934,1.37,1.00
2015.01.14 17:41:08.229,1.3793,1.37938,1.37,2.44
2015.01.14 17:41:08.533,1.3793,1.3794,1.87,2.44
2015.01.14 17:41:08.735,1.37933,1.3794,1.37,1.00
2015.01.14 17:41:08.988,1.37939,1.37941,1.00,1.00
2015.01.14 17:41:09.040,1.3794,1.37944,1.00,1.50
2015.01.14 17:41:09.242,1.37943,1.37944,1.00,1.00
2015.01.14 17:41:09.344,1.37943,1.37947,1.00,1.50
2015.01.14 17:41:09.648,1.37941,1.37947,1.00,2.25
2015.01.14 17:41:09.951,1.37941,1.37945,1.00,1.00
2015.01.14 17:41:10.053,1.37939,1.37945,1.50,1.50
2015.01.14 17:41:10.306,1.37942,1.37947,1.00,1.00
2015.01.14 17:41:10.357,1.37943,1.37949,1.50,1.00
2015.01.14 17:41:10.408,1.37946,1.37949,1.00,1.00
2015.01.14 17:41:10.661,1.37943,1.37949,1.50,1.00
2015.01.14 17:41:10.965,1.37941,1.37947,1.50,1.00
2015.01.14 17:41:11.268,1.37943,1.37947,1.50,1.00
2015.01.14 17:41:11.470,1.37943,1.3795,1.50,1.50
2015.01.14 17:41:11.571,1.37945,1.37953,1.50,1.12
2015.01.14 17:41:11.622,1.37946,1.37954,1.00,1.00
2015.01.14 17:41:11.673,1.37951,1.37955,1.00,1.65
2015.01.14 17:41:11.824,1.37952,1.37958,1.00,1.76
2015.01.14 17:41:12.329,1.37951,1.37958,1.00,1.01
2015.01.14 17:41:12.925,1.37951,1.37958,1.00,1.39
2015.01.14 17:41:13.228,1.37954,1.3796,1.00,4.69
2015.01.14 17:41:14.659,1.37954,1.3796,1.00,1.19
2015.01.14 17:41:15.469,1.37956,1.3796,1.00,1.19
2015.01.14 17:41:15.976,1.37956,1.3796,1.00,1.25
2015.01.14 17:41:16.587,1.37954,1.37957,1.00,1.00
2015.01.14 17:41:16.893,1.37951,1.37956,1.37,1.00
2015.01.14 17:41:17.045,1.37954,1.37959,1.50,1.76
2015.01.14 17:41:17.147,1.37952,1.37959,1.87,1.50
2015.01.14 17:41:17.703,1.37952,1.3796,2.62,1.69
2015.01.14 17:41:18.477,1.37952,1.37955,3.75,1.00
2015.01.14 17:41:18.578,1.37949,1.37956,3.64,1.00
2015.01.14 17:41:18.730,1.3795,1.37956,1.00,1.50
2015.01.14 17:41:18.831,1.37951,1.37956,1.37,1.00
2015.01.14 17:41:19.236,1.37953,1.37959,1.87,1.00
2015.01.14 17:41:19.488,1.3795,1.37953,1.50,1.00
2015.01.14 17:41:19.641,1.37947,1.3795,1.50,3.75
2015.01.14 17:41:19.692,1.37945,1.37948,1.37,1.00
2015.01.14 17:41:19.793,1.37946,1.37949,1.00,1.50
2015.01.14 17:41:19.844,1.37942,1.37949,1.10,1.50
2015.01.14 17:41:19.895,1.3794,1.37946,1.12,1.00
2015.01.14 17:41:20.047,1.37938,1.37946,2.32,1.00
2015.01.14 17:41:20.502,1.3794,1.37945,1.00,1.00
2015.01.14 17:41:21.294,1.37939,1.37945,1.00,1.00
2015.01.14 17:41:21.802,1.37938,1.37945,1.50,1.00
2015.01.14 17:41:22.207,1.3794,1.37945,2.25,1.00
2015.01.14 17:41:22.510,1.37944,1.37952,1.00,3.00
2015.01.14 17:41:22.561,1.37944,1.37952,1.00,2.25
2015.01.14 17:41:22.712,1.37942,1.37952,2.25,4.50
2015.01.14 17:41:22.914,1.37942,1.37949,1.50,1.00
2015.01.14 17:41:23.217,1.37944,1.37949,1.00,1.00
2015.01.14 17:41:23.420,1.37948,1.37955,1.00,1.69
2015.01.14 17:41:23.522,1.3795,1.37956,1.00,1.69
2015.01.14 17:41:24.128,1.37946,1.37956,2.25,4.69
2015.01.14 17:41:24.504,1.37946,1.3795,1.00,1.00
2015.01.14 17:41:25.232,1.37945,1.3795,1.00,1.00
2015.01.14 17:41:25.485,1.37947,1.37954,1.00,1.00
2015.01.14 17:41:25.990,1.37947,1.37953,1.00,1.00
2015.01.14 17:41:27.130,1.37945,1.37951,1.00,1.50
2015.01.14 17:41:27.433,1.37951,1.37955,1.00,1.25
2015.01.14 17:41:27.484,1.37951,1.37954,1.00,1.00
2015.01.14 17:41:27.586,1.37951,1.37957,1.00,1.50
2015.01.14 17:41:27.839,1.37949,1.37956,1.00,1.00
2015.01.14 17:41:27.890,1.37949,1.37952,1.00,1.00
2015.01.14 17:41:27.941,1.37944,1.37952,2.25,2.25
2015.01.14 17:41:28.042,1.37943,1.37951,1.00,1.00
2015.01.14 17:41:28.143,1.37943,1.37949,1.00,1.00
2015.01.14 17:41:28.447,1.37943,1.37947,1.00,1.00
2015.01.14 17:41:29.630,1.37944,1.37947,1.00,1.00
2015.01.14 17:41:29.834,1.37942,1.37947,1.50,1.00
2015.01.14 17:41:30.339,1.37943,1.37947,1.00,1.00
2015.01.14 17:41:30.642,1.37946,1.37947,1.00,1.00
2015.01.14 17:41:30.745,1.37949,1.37954,1.00,1.00
2015.01.14 17:41:30.795,1.37952,1.37957,1.00,1.20
2015.01.14 17:41:31.099,1.37962,1.37969,1.12,1.00
2015.01.14 17:41:31.402,1.37965,1.37969,1.00,1.00
2015.01.14 17:41:31.907,1.37966,1.3797,1.00,1.00
2015.01.14 17:41:32.514,1.37965,1.3797,1.00,1.00
2015.01.14 17:41:33.056,1.37964,1.3797,1.00,1.00
2015.01.14 17:41:34.108,1.37963,1.3797,1.50,1.00
2015.01.14 17:41:34.411,1.37957,1.37964,3.45,1.00
2015.01.14 17:41:34.955,1.37957,1.37964,1.50,1.00
2015.01.14 17:41:35.683,1.37954,1.37964,2.51,1.50
2015.01.14 17:41:35.734,1.37955,1.37962,1.00,1.00
2015.01.14 17:41:36.037,1.37961,1.37968,1.00,1.00
2015.01.14 17:41:36.138,1.37959,1.37968,2.44,1.00
2015.01.14 17:41:36.671,1.37959,1.37967,1.00,3.75
2015.01.14 17:41:36.772,1.37963,1.37967,1.50,3.75
2015.01.14 17:41:36.924,1.37968,1.37971,1.00,1.00
2015.01.14 17:41:37.025,1.37969,1.37974,1.25,1.00
2015.01.14 17:41:37.076,1.37969,1.37976,1.25,2.25
2015.01.14 17:41:37.605,1.37969,1.37975,1.01,1.50
2015.01.14 17:41:38.011,1.37969,1.37973,1.01,1.00
2015.01.14 17:41:38.978,1.37969,1.37973,1.37,1.00
2015.01.14 17:41:39.356,1.3797,1.37977,1.37,2.44
2015.01.14 17:41:39.867,1.37969,1.37976,1.87,1.19
2015.01.14 17:41:40.474,1.3797,1.37977,1.37,1.69
2015.01.14 17:41:41.001,1.37969,1.37975,1.37,1.00
2015.01.14 17:41:43.406,1.37969,1.37975,1.00,1.25
2015.01.14 17:41:43.996,1.37968,1.37975,1.50,1.25
2015.01.14 17:41:44.984,1.37969,1.37975,1.00,1.25
2015.01.14 17:41:45.596,1.3797,1.37975,1.50,1.00
2015.01.14 17:41:45.698,1.37973,1.37977,1.00,1.50
2015.01.14 17:41:46.204,1.37973,1.37979,1.00,3.19
2015.01.14 17:41:46.616,1.37971,1.37976,1.07,1.12
2015.01.14 17:41:46.769,1.37968,1.37976,4.01,1.12
2015.01.14 17:41:46.820,1.37971,1.37975,1.00,1.00
2015.01.14 17:41:46.972,1.37971,1.37979,1.50,1.56
2015.01.14 17:41:47.023,1.37973,1.3798,1.00,3.56
2015.01.14 17:41:47.174,1.37973,1.3798,1.00,2.44
2015.01.14 17:41:48.285,1.37977,1.3798,1.00,1.87
2015.01.14 17:41:48.740,1.3798,1.37981,1.00,1.00
2015.01.14 17:41:48.893,1.37982,1.37985,1.00,1.31
2015.01.14 17:41:48.944,1.37982,1.37985,1.00,1.31
2015.01.14 17:41:49.449,1.37981,1.37986,1.00,2.06
2015.01.14 17:41:50.115,1.3798,1.37984,1.00,1.31
2015.01.14 17:41:50.216,1.3798,1.37984,1.00,3.19
2015.01.14 17:41:50.746,1.37979,1.37984,1.00,2.81
2015.01.14 17:41:51.252,1.37979,1.37984,1.00,2.81
2015.01.14 17:41:51.746,1.37982,1.37985,1.00,1.12
2015.01.14 17:41:52.049,1.3799,1.37995,1.00,2.81
2015.01.14 17:41:52.554,1.37994,1.37998,1.00,1.00
2015.01.14 17:41:53.261,1.37994,1.37999,1.00,1.62
2015.01.14 17:41:53.767,1.37994,1.37996,1.00,1.00
2015.01.14 17:41:54.284,1.37994,1.37995,1.00,1.00
2015.01.14 17:41:54.385,1.37994,1.37995,1.00,1.00
2015.01.14 17:41:54.436,1.37992,1.37995,1.25,1.37
2015.01.14 17:41:54.538,1.37989,1.37992,3.00,1.00
2015.01.14 17:41:54.589,1.37988,1.37994,2.44,1.00
2015.01.14 17:41:54.664,1.37992,1.37994,1.00,1.00
2015.01.14 17:41:54.715,1.37992,1.37999,1.00,2.81
2015.01.14 17:41:54.766,1.37995,1.37999,1.00,2.81
2015.01.14 17:41:55.273,1.37994,1.38,1.00,3.56
2015.01.14 17:41:55.630,1.37992,1.37998,1.00,1.37
2015.01.14 17:41:56.150,1.37993,1.38,1.25,5.62
2015.01.14 17:41:56.557,1.37996,1.38,1.00,5.62
2015.01.14 17:41:56.720,1.37999,1.38002,1.00,4.50
2015.01.14 17:41:56.821,1.37999,1.38005,1.25,1.50
2015.01.14 17:41:56.872,1.38002,1.38005,1.00,1.50
2015.01.14 17:41:56.923,1.38003,1.38009,1.00,1.00
2015.01.14 17:41:57.075,1.38,1.38006,1.39,1.00
2015.01.14 17:41:57.126,1.37999,1.38006,1.50,1.00
2015.01.14 17:41:57.177,1.37999,1.38003,1.50,1.00
2015.01.14 17:41:57.432,1.37993,1.38,1.69,1.50
2015.01.14 17:41:57.937,1.37993,1.38001,2.44,1.00
2015.01.14 17:41:59.174,1.37993,1.37999,1.50,1.00
2015.01.14 17:41:59.226,1.37991,1.37998,1.00,1.00
2015.01.14 17:41:59.277,1.3799,1.37995,1.20,1.00
2015.01.14 17:41:59.378,1.3799,1.37998,1.10,2.25
2015.01.14 17:41:59.430,1.37991,1.37996,2.25,1.00
2015.01.14 17:41:59.531,1.37991,1.37999,3.75,1.69
2015.01.14 17:42:00.036,1.37991,1.37998,2.59,1.50
2015.01.14 17:42:00.491,1.37993,1.37998,1.00,1.00
2015.01.14 17:42:00.541,1.37994,1.38001,1.25,1.00
2015.01.14 17:42:00.643,1.37995,1.38003,1.00,1.87
2015.01.14 17:42:01.148,1.37994,1.38002,1.76,1.00
2015.01.14 17:42:01.652,1.37993,1.38001,1.19,1.50
2015.01.14 17:42:02.561,1.37993,1.38001,1.19,1.87
2015.01.14 17:42:02.764,1.37992,1.37999,1.00,1.25
2015.01.14 17:42:03.270,1.37992,1.38,1.76,1.12
2015.01.14 17:42:03.776,1.37992,1.37999,1.19,1.50
2015.01.14 17:42:04.028,1.37989,1.37997,5.44,1.00
2015.01.14 17:42:04.079,1.37989,1.37996,3.19,1.37
2015.01.14 17:42:04.382,1.37985,1.37988,1.26,1.00
2015.01.14 17:42:04.712,1.37979,1.37983,1.00,1.50
2015.01.14 17:42:04.813,1.37977,1.37985,1.00,1.00
2015.01.14 17:42:05.067,1.37979,1.37986,1.00,1.00
2015.01.14 17:42:05.371,1.37983,1.3799,2.25,1.69
2015.01.14 17:42:05.472,1.37984,1.37992,1.50,1.00
2015.01.14 17:42:05.523,1.37984,1.37994,1.50,1.69
2015.01.14 17:42:05.573,1.37984,1.37991,1.50,1.00
2015.01.14 17:42:06.537,1.37986,1.37992,1.00,1.00
2015.01.14 17:42:06.689,1.37986,1.37994,2.25,1.50
2015.01.14 17:42:07.195,1.37986,1.37993,2.25,1.00
2015.01.14 17:42:08.004,1.37986,1.3799,1.50,1.00
2015.01.14 17:42:08.106,1.37984,1.37989,1.69,1.00
2015.01.14 17:42:08.460,1.37985,1.37992,1.00,1.00
2015.01.14 17:42:08.981,1.37984,1.37992,2.44,1.00
2015.01.14 17:42:09.487,1.37984,1.37991,1.69,1.00
2015.01.14 17:42:10.194,1.37983,1.37991,1.00,1.00
2015.01.14 17:42:10.698,1.37983,1.37992,1.37,1.00
2015.01.14 17:42:10.850,1.37985,1.37994,1.31,1.50
2015.01.14 17:42:12.666,1.37985,1.37994,1.37,1.50
2015.01.14 17:42:12.824,1.37985,1.37992,1.25,1.00
2015.01.14 17:42:13.988,1.37984,1.37992,2.32,1.00
2015.01.14 17:42:14.291,1.37984,1.37988,1.10,1.50
2015.01.14 17:42:14.493,1.37985,1.37992,1.50,1.19
2015.01.14 17:42:14.595,1.37985,1.37993,1.50,1.00
2015.01.14 17:42:14.756,1.37985,1.37991,1.00,1.00
2015.01.14 17:42:14.960,1.37987,1.37994,1.00,1.00
2015.01.14 17:42:15.507,1.37987,1.37995,1.00,1.00
2015.01.14 17:42:16.014,1.37987,1.37994,1.00,1.00
2015.01.14 17:42:16.267,1.37984,1.37992,3.19,1.00
2015.01.14 17:42:16.469,1.37984,1.37994,2.44,3.00
2015.01.14 17:42:16.671,1.37984,1.37991,1.69,1.00
2015.01.14 17:42:16.976,1.37982,1.37988,1.00,1.00
2015.01.14 17:42:17.583,1.37982,1.37989,1.00,1.50
2015.01.14 17:42:18.089,1.37983,1.3799,1.65,1.00
2015.01.14 17:42:19.050,1.37982,1.37987,2.44,1.00
2015.01.14 17:42:19.556,1.3798,1.37988,1.76,1.50
2015.01.14 17:42:19.707,1.3798,1.37988,1.76,1.50
2015.01.14 17:42:20.466,1.37979,1.37981,1.26,1.12
2015.01.14 17:42:20.617,1.37976,1.3798,1.00,1.50
2015.01.14 17:42:20.668,1.37974,1.37977,1.57,1.00
2015.01.14 17:42:20.791,1.37974,1.3798,1.57,2.25
2015.01.14 17:42:20.892,1.37976,1.37982,1.07,1.00
2015.01.14 17:42:21.094,1.37976,1.37984,1.07,1.25
2015.01.14 17:42:21.195,1.37976,1.37982,1.07,1.00
2015.01.14 17:42:21.725,1.37975,1.37981,1.50,1.00
2015.01.14 17:42:22.028,1.37973,1.37977,1.87,1.00
2015.01.14 17:42:22.079,1.37973,1.37975,1.50,1.00
2015.01.14 17:42:22.382,1.37973,1.37977,1.12,1.00
2015.01.14 17:42:22.433,1.37973,1.37977,1.12,1.00
2015.01.14 17:42:22.953,1.37973,1.37977,1.12,1.00
2015.01.14 17:42:23.737,1.37972,1.37976,1.76,1.00
2015.01.14 17:42:24.040,1.3797,1.37974,1.37,1.00
2015.01.14 17:42:24.546,1.37969,1.37972,1.00,1.00
2015.01.14 17:42:24.597,1.37969,1.37972,1.00,1.00
2015.01.14 17:42:24.648,1.37963,1.37971,1.50,1.50
2015.01.14 17:42:24.749,1.37961,1.37966,1.10,1.00
2015.01.14 17:42:25.058,1.37959,1.37962,2.44,1.00
2015.01.14 17:42:25.261,1.37954,1.37959,1.20,1.00
2015.01.14 17:42:25.364,1.37954,1.37961,1.20,1.00
2015.01.14 17:42:25.869,1.37954,1.37962,1.20,1.00
2015.01.14 17:42:26.021,1.37954,1.3796,1.20,1.00
2015.01.14 17:42:26.553,1.37954,1.3796,1.57,1.50
2015.01.14 17:42:27.073,1.37954,1.37961,1.27,1.00
2015.01.14 17:42:27.932,1.37954,1.3796,1.20,1.00
2015.01.14 17:42:28.500,1.37954,1.37961,1.20,1.00
2015.01.14 17:42:30.043,1.37954,1.37961,1.57,1.00
2015.01.14 17:42:30.548,1.37954,1.37962,2.02,1.00
2015.01.14 17:42:31.053,1.37954,1.37963,2.77,1.00
2015.01.14 17:42:31.400,1.37954,1.37964,2.77,1.50
2015.01.14 17:42:31.662,1.37954,1.37964,2.77,1.50
2015.01.14 17:42:31.814,1.37954,1.37962,2.77,1.00
2015.01.14 17:42:32.728,1.37954,1.37964,2.96,1.50
2015.01.14 17:42:34.808,1.37957,1.37964,1.00,1.00
2015.01.14 17:42:34.860,1.37957,1.37966,1.00,4.69
2015.01.14 17:42:34.911,1.37959,1.37966,1.00,3.75
2015.01.14 17:42:35.215,1.37962,1.37968,1.00,1.00
2015.01.14 17:42:35.900,1.37962,1.37969,1.00,1.00
2015.01.14 17:42:41.569,1.37963,1.37969,1.00,1.00
2015.01.14 17:42:41.670,1.37963,1.37971,1.50,1.00
2015.01.14 17:42:42.227,1.37963,1.3797,1.00,1.00
2015.01.14 17:42:42.766,1.37964,1.37971,1.00,2.25
2015.01.14 17:42:42.969,1.37963,1.37968,1.00,1.00
2015.01.14 17:42:44.058,1.37963,1.3797,1.50,1.00
2015.01.14 17:42:44.473,1.37963,1.37968,1.00,1.00
2015.01.14 17:42:44.877,1.37963,1.37965,1.00,1.00
2015.01.14 17:42:44.928,1.3796,1.37965,2.25,1.00
2015.01.14 17:42:45.029,1.37959,1.37964,1.00,1.00
2015.01.14 17:42:45.232,1.37959,1.37967,1.12,1.50
2015.01.14 17:42:45.282,1.37961,1.37967,1.12,1.00
2015.01.14 17:42:45.333,1.37961,1.37969,1.12,1.00
2015.01.14 17:42:45.428,1.37963,1.3797,1.00,3.00
2015.01.14 17:42:46.505,1.37963,1.37968,1.50,1.00
2015.01.14 17:42:46.606,1.37961,1.37967,1.57,1.00
2015.01.14 17:42:46.657,1.3796,1.37963,1.12,1.00
2015.01.14 17:42:46.709,1.37959,1.37961,1.10,1.00
2015.01.14 17:42:46.760,1.37957,1.37963,2.62,1.00
2015.01.14 17:42:46.811,1.37954,1.37963,1.50,1.87
2015.01.14 17:42:46.862,1.37954,1.37961,1.50,1.00
2015.01.14 17:42:47.376,1.37957,1.37964,1.65,1.50
2015.01.14 17:42:47.881,1.37958,1.37964,1.50,1.00
2015.01.14 17:42:48.254,1.37958,1.37962,1.50,1.00
2015.01.14 17:42:48.765,1.37958,1.37961,1.50,1.00
2015.01.14 17:42:49.076,1.37956,1.37963,2.06,1.00
2015.01.14 17:42:49.588,1.37956,1.37961,1.12,1.00
2015.01.14 17:42:50.043,1.37957,1.37963,1.00,1.00
2015.01.14 17:42:50.347,1.37958,1.37965,1.00,3.00
2015.01.14 17:42:50.448,1.37958,1.37963,1.00,1.00
2015.01.14 17:42:51.229,1.37958,1.37964,1.00,1.00
2015.01.14 17:42:51.752,1.37957,1.37963,1.10,1.00
2015.01.14 17:42:51.904,1.37951,1.37958,2.40,1.00
2015.01.14 17:42:52.309,1.37952,1.37956,1.50,1.00
2015.01.14 17:42:52.764,1.37951,1.37954,1.50,1.00
2015.01.14 17:42:52.971,1.37951,1.37956,1.50,2.25
2015.01.14 17:42:53.326,1.37949,1.37955,2.25,2.25
2015.01.14 17:42:54.745,1.37949,1.37955,2.62,1.00
2015.01.14 17:42:55.099,1.37949,1.37951,1.50,1.00
2015.01.14 17:42:55.149,1.37947,1.3795,1.20,1.00
2015.01.14 17:42:55.302,1.37945,1.37953,1.87,1.50
2015.01.14 17:42:55.613,1.37948,1.37955,1.00,1.00
2015.01.14 17:42:56.278,1.37948,1.37955,2.62,1.00
2015.01.14 17:42:56.788,1.37948,1.37955,1.87,1.50
2015.01.14 17:42:57.091,1.37951,1.37956,1.37,1.00
2015.01.14 17:42:57.192,1.37951,1.37958,2.62,1.00
2015.01.14 17:42:57.697,1.37952,1.37958,1.37,1.00
2015.01.14 17:42:59.021,1.37952,1.37956,1.37,1.00
2015.01.14 17:42:59.072,1.3795,1.37956,2.77,1.00
2015.01.14 17:42:59.537,1.37948,1.37955,1.50,1.50
2015.01.14 17:43:00.092,1.37948,1.37954,1.12,1.00
2015.01.14 17:43:00.610,1.37948,1.37954,1.37,1.00
2015.01.14 17:43:01.139,1.37948,1.37954,1.12,1.00
2015.01.14 17:43:01.803,1.37948,1.37955,1.12,1.50
2015.01.14 17:43:01.854,1.37948,1.37955,1.37,1.50
2015.01.14 17:43:02.006,1.37949,1.37959,2.62,1.00
2015.01.14 17:43:02.512,1.3795,1.3796,1.50,1.50
2015.01.14 17:43:03.086,1.3795,1.3796,2.06,1.25
2015.01.14 17:43:04.267,1.3795,1.3796,1.87,1.00
2015.01.14 17:43:04.620,1.3795,1.37957,1.00,1.00
2015.01.14 17:43:04.925,1.37957,1.3796,1.50,1.69
2015.01.14 17:43:04.975,1.37954,1.3796,1.00,1.25
2015.01.14 17:43:05.026,1.37954,1.37958,1.00,1.00
2015.01.14 17:43:05.127,1.37954,1.3796,1.50,1.00
2015.01.14 17:43:05.648,1.37955,1.3796,1.50,1.00
2015.01.14 17:43:06.359,1.37949,1.37957,2.32,1.00
2015.01.14 17:43:06.865,1.37951,1.3796,1.12,1.25
2015.01.14 17:43:07.526,1.37951,1.37959,1.12,1.00
2015.01.14 17:43:08.620,1.37951,1.37959,1.37,1.00
2015.01.14 17:43:09.201,1.37951,1.37959,1.37,1.00
2015.01.14 17:43:09.830,1.37951,1.37961,1.37,1.00
2015.01.14 17:43:10.134,1.37952,1.37962,4.50,1.10
2015.01.14 17:43:10.235,1.37954,1.37962,1.00,1.00
2015.01.14 17:43:10.892,1.37955,1.37962,1.50,1.00
2015.01.14 17:43:11.196,1.37958,1.37965,1.37,1.19
2015.01.14 17:43:11.248,1.3796,1.37966,1.37,1.50
2015.01.14 17:43:11.756,1.37961,1.37967,1.57,1.69
2015.01.14 17:43:12.160,1.37961,1.37967,1.57,1.69
2015.01.14 17:43:12.462,1.37962,1.37969,1.12,1.25
2015.01.14 17:43:12.716,1.37963,1.37972,2.77,1.19
2015.01.14 17:43:13.625,1.37965,1.3797,1.47,1.00
2015.01.14 17:43:14.648,1.37965,1.37971,1.47,1.00
2015.01.14 17:43:16.025,1.37965,1.3797,1.10,1.00
2015.01.14 17:43:16.328,1.37963,1.37968,1.00,1.00
2015.01.14 17:43:16.634,1.37961,1.37969,2.77,1.00
2015.01.14 17:43:17.477,1.37963,1.37967,1.00,1.00
2015.01.14 17:43:17.581,1.37959,1.37967,5.21,1.00
2015.01.14 17:43:17.834,1.37961,1.37969,1.00,1.50
2015.01.14 17:43:18.340,1.37961,1.37968,1.00,1.00
2015.01.14 17:43:18.860,1.37961,1.37969,1.50,1.50
2015.01.14 17:43:20.355,1.37961,1.37969,1.50,1.87
2015.01.14 17:43:20.456,1.37958,1.37964,1.50,1.00
2015.01.14 17:43:20.710,1.37957,1.37966,2.06,1.00
2015.01.14 17:43:21.697,1.37958,1.37966,1.12,1.00
2015.01.14 17:43:22.868,1.37958,1.37965,1.37,1.00
2015.01.14 17:43:22.970,1.3796,1.37967,1.37,2.25
2015.01.14 17:43:23.122,1.37963,1.37969,1.00,1.00
2015.01.14 17:43:23.173,1.37965,1.37969,1.50,1.00
2015.01.14 17:43:23.476,1.37968,1.3797,1.12,1.00
2015.01.14 17:43:23.577,1.37968,1.37972,1.12,1.00
2015.01.14 17:43:23.678,1.37968,1.37974,1.87,1.00
2015.01.14 17:43:24.032,1.37968,1.37974,4.50,1.00
2015.01.14 17:43:24.859,1.3797,1.37975,1.57,1.00
2015.01.14 17:43:29.589,1.3797,1.37976,1.37,1.00
2015.01.14 17:43:30.498,1.3797,1.37974,1.37,1.00
2015.01.14 17:43:31.469,1.3797,1.37973,1.37,1.00
2015.01.14 17:43:31.772,1.37968,1.3797,2.25,1.00
2015.01.14 17:43:32.076,1.37968,1.37972,2.62,1.00
2015.01.14 17:43:32.905,1.37968,1.37973,1.87,1.25
2015.01.14 17:43:33.413,1.37968,1.37971,1.87,1.00
2015.01.14 17:43:33.717,1.37968,1.37973,1.37,1.00
2015.01.14 17:43:33.919,1.3797,1.37976,1.00,1.69
2015.01.14 17:43:34.526,1.37971,1.37976,1.50,1.00
2015.01.14 17:43:34.627,1.37971,1.37973,1.50,1.00
2015.01.14 17:43:34.930,1.37968,1.37972,4.12,1.00
2015.01.14 17:43:35.082,1.37968,1.37971,4.12,1.00
2015.01.14 17:43:35.825,1.37968,1.37972,4.12,1.00
2015.01.14 17:43:35.926,1.37968,1.37974,2.62,1.25
2015.01.14 17:43:36.436,1.37968,1.37974,1.87,1.25
2015.01.14 17:43:37.779,1.37968,1.37974,5.40,1.00
2015.01.14 17:43:37.880,1.3797,1.37976,1.87,1.50
2015.01.14 17:43:37.931,1.37972,1.37976,1.10,1.00
2015.01.14 17:43:37.982,1.37972,1.3798,1.20,3.00
2015.01.14 17:43:38.336,1.37971,1.37978,2.32,1.00
2015.01.14 17:43:39.601,1.37971,1.37978,1.57,1.50
2015.01.14 17:43:41.921,1.3797,1.37976,1.07,1.00
2015.01.14 17:43:42.124,1.37968,1.37975,1.07,1.50
2015.01.14 17:43:42.667,1.37968,1.37975,1.87,1.50
2015.01.14 17:43:42.936,1.37968,1.37973,1.87,1.00
2015.01.14 17:43:47.231,1.37968,1.37975,3.00,1.00
2015.01.14 17:43:47.736,1.37968,1.37975,5.25,1.00
2015.01.14 17:43:48.220,1.37968,1.37973,4.12,1.00
2015.01.14 17:43:48.322,1.37966,1.37973,2.81,1.00
2015.01.14 17:43:48.525,1.37966,1.37971,2.44,1.00
2015.01.14 17:43:49.034,1.37964,1.37971,1.57,1.00
2015.01.14 17:43:49.338,1.37962,1.37967,1.87,1.00
2015.01.14 17:43:50.756,1.37961,1.37967,1.00,1.50
2015.01.14 17:43:50.857,1.37961,1.37965,1.00,1.00
2015.01.14 17:43:51.163,1.37955,1.37961,1.50,1.00
2015.01.14 17:43:51.567,1.37952,1.3796,1.50,1.50
2015.01.14 17:43:52.361,1.37955,1.37963,1.00,3.00
2015.01.14 17:43:52.664,1.3796,1.37969,1.87,1.50
2015.01.14 17:43:53.172,1.37961,1.37969,1.37,1.00
2015.01.14 17:43:53.600,1.37961,1.37971,1.00,1.50
2015.01.14 17:43:54.581,1.37962,1.37971,1.12,2.62
2015.01.14 17:43:55.876,1.37962,1.37969,1.00,1.12
2015.01.14 17:43:55.977,1.37958,1.37967,1.50,1.25
2015.01.14 17:43:56.028,1.37958,1.37965,1.50,1.00
2015.01.14 17:43:56.331,1.37957,1.37967,1.50,1.69
2015.01.14 17:43:56.786,1.37956,1.37963,1.20,1.00
2015.01.14 17:43:57.091,1.37954,1.3796,2.25,1.00
2015.01.14 17:43:57.193,1.37955,1.37963,1.00,1.50
2015.01.14 17:43:57.294,1.37959,1.37963,1.00,1.00
2015.01.14 17:43:57.345,1.37959,1.37967,1.00,1.65
2015.01.14 17:43:57.396,1.37961,1.37967,1.00,1.65
2015.01.14 17:43:57.497,1.37959,1.37967,1.00,1.50
2015.01.14 17:43:57.699,1.37962,1.3797,1.00,1.00
2015.01.14 17:43:57.800,1.37959,1.37969,2.40,1.00
2015.01.14 17:43:58.421,1.37959,1.37968,1.20,1.00
2015.01.14 17:43:58.627,1.37959,1.37965,1.20,1.00
2015.01.14 17:43:58.930,1.37967,1.37972,1.37,1.69
2015.01.14 17:43:59.234,1.37962,1.3797,1.29,1.00
2015.01.14 17:43:59.436,1.37961,1.37968,1.57,1.00
2015.01.14 17:43:59.807,1.37963,1.37971,1.00,1.69
2015.01.14 17:44:00.517,1.37962,1.37971,1.00,1.69
2015.01.14 17:44:00.618,1.37966,1.37971,1.00,1.50
2015.01.14 17:44:00.669,1.37966,1.37973,1.00,1.00
2015.01.14 17:44:01.023,1.37968,1.37974,1.00,1.00
2015.01.14 17:44:01.074,1.37968,1.37976,1.00,2.25
2015.01.14 17:44:01.851,1.37968,1.37978,1.10,1.50
2015.01.14 17:44:01.953,1.37968,1.37976,1.10,1.00
2015.01.14 17:44:02.256,1.3797,1.37978,1.00,1.00
2015.01.14 17:44:02.559,1.37972,1.37976,1.00,1.00
2015.01.14 17:44:02.811,1.37975,1.37983,1.00,1.00
2015.01.14 17:44:02.963,1.37975,1.3798,1.00,1.00
2015.01.14 17:44:03.266,1.37975,1.37982,1.00,1.00
2015.01.14 17:44:03.418,1.37977,1.37982,1.00,1.00
2015.01.14 17:44:03.721,1.3798,1.37982,1.00,1.00
2015.01.14 17:44:04.226,1.37979,1.37983,1.00,1.00
2015.01.14 17:44:04.378,1.37977,1.37983,1.00,1.00
2015.01.14 17:44:04.580,1.37977,1.37986,1.00,1.00
2015.01.14 17:44:04.934,1.37978,1.37983,1.00,1.00
2015.01.14 17:44:05.137,1.37975,1.37983,2.70,2.25
2015.01.14 17:44:05.238,1.37975,1.37981,1.50,1.00
2015.01.14 17:44:05.390,1.37975,1.37983,1.00,4.50
2015.01.14 17:44:05.642,1.37973,1.3798,1.20,1.00
2015.01.14 17:44:06.349,1.37973,1.37981,2.44,1.00
2015.01.14 17:44:06.551,1.37974,1.37984,1.09,1.00
2015.01.14 17:44:06.652,1.37974,1.37982,1.09,1.00
2015.01.14 17:44:07.409,1.37974,1.37982,1.39,1.50
2015.01.14 17:44:08.112,1.37974,1.37981,1.39,1.00
2015.01.14 17:44:09.428,1.37973,1.37981,3.19,1.50
2015.01.14 17:44:10.177,1.37973,1.37979,3.19,1.00
2015.01.14 17:44:10.631,1.37971,1.37979,2.14,1.00
2015.01.14 17:44:11.136,1.37971,1.3798,2.96,1.00
2015.01.14 17:44:11.667,1.37971,1.37979,2.59,1.00
2015.01.14 17:44:11.795,1.37973,1.37979,1.00,1.00
2015.01.14 17:44:14.855,1.37973,1.3798,1.25,1.00
2015.01.14 17:44:16.606,1.37973,1.37979,1.00,1.00
2015.01.14 17:44:17.147,1.37973,1.3798,1.00,1.00
2015.01.14 17:44:20.874,1.37972,1.37976,1.25,1.00
2015.01.14 17:44:21.332,1.37968,1.37976,1.00,1.00
2015.01.14 17:44:21.797,1.37968,1.37974,3.26,1.00
2015.01.14 17:44:22.302,1.37968,1.37973,3.07,1.00
2015.01.14 17:44:22.403,1.37968,1.37975,2.32,1.00
2015.01.14 17:44:22.605,1.37965,1.37973,3.26,1.00
2015.01.14 17:44:22.706,1.37968,1.37977,1.69,1.50
2015.01.14 17:44:22.959,1.37969,1.37979,1.84,1.50
2015.01.14 17:44:23.009,1.37972,1.37979,1.00,1.00
2015.01.14 17:44:23.514,1.37971,1.37981,1.50,1.69
2015.01.14 17:44:24.019,1.37971,1.37981,1.50,1.50
2015.01.14 17:44:24.351,1.37971,1.37979,1.50,1.00
2015.01.14 17:44:24.874,1.37969,1.37978,2.59,1.00
2015.01.14 17:44:25.176,1.37972,1.37979,1.00,1.00
2015.01.14 17:44:25.503,1.37968,1.37976,2.25,1.50
2015.01.14 17:44:25.819,1.37971,1.37977,1.00,1.00
2015.01.14 17:44:25.870,1.37971,1.37979,1.25,1.00
2015.01.14 17:44:25.921,1.37973,1.37979,1.00,1.00
2015.01.14 17:44:26.022,1.37971,1.37979,1.25,1.00
2015.01.14 17:44:26.528,1.37972,1.37978,1.00,1.00
2015.01.14 17:44:27.033,1.37972,1.37979,1.00,1.00
2015.01.14 17:44:27.286,1.37972,1.37977,1.00,1.00
2015.01.14 17:44:27.792,1.37973,1.37977,1.00,1.00
2015.01.14 17:44:28.248,1.37972,1.37981,1.00,1.69
2015.01.14 17:44:28.451,1.37976,1.3798,1.00,1.50
2015.01.14 17:44:28.855,1.37977,1.37982,1.00,1.00
2015.01.14 17:44:29.007,1.37977,1.3798,1.50,1.00
2015.01.14 17:44:29.058,1.37974,1.3798,2.25,1.00
2015.01.14 17:44:29.463,1.37974,1.37982,1.00,2.44
2015.01.14 17:44:29.564,1.37976,1.37984,1.00,1.50
2015.01.14 17:44:29.768,1.37978,1.37987,2.25,1.50
2015.01.14 17:44:29.841,1.37981,1.37987,1.00,1.00
2015.01.14 17:44:30.144,1.37981,1.3799,1.00,4.84
2015.01.14 17:44:30.549,1.37983,1.3799,1.00,1.00
2015.01.14 17:44:31.054,1.37982,1.37989,2.25,1.00
2015.01.14 17:44:32.160,1.37983,1.37989,1.00,1.00
2015.01.14 17:44:32.772,1.37983,1.37991,1.00,1.50
2015.01.14 17:44:32.988,1.37985,1.37991,1.00,1.50
2015.01.14 17:44:34.360,1.37986,1.37992,1.00,2.25
2015.01.14 17:44:34.512,1.37988,1.37996,1.00,1.50
2015.01.14 17:44:34.966,1.37988,1.37994,1.00,1.00
2015.01.14 17:44:36.514,1.37986,1.37994,1.50,1.00
2015.01.14 17:44:37.177,1.37989,1.37997,1.12,1.20
2015.01.14 17:44:37.696,1.37988,1.37998,1.00,1.87
2015.01.14 17:44:38.286,1.37991,1.37998,1.00,1.00
2015.01.14 17:44:38.489,1.37992,1.38,1.00,1.50
2015.01.14 17:44:42.386,1.37991,1.37999,1.00,1.00
2015.01.14 17:44:42.898,1.37989,1.37999,2.44,1.00
2015.01.14 17:44:43.399,1.3799,1.37998,1.00,1.00
2015.01.14 17:44:44.825,1.37992,1.38,1.00,1.00
2015.01.14 17:44:44.927,1.37993,1.38002,1.00,1.50
2015.01.14 17:44:45.028,1.37993,1.38004,1.00,1.50
2015.01.14 17:44:45.079,1.37995,1.38,1.00,1.00
2015.01.14 17:44:45.635,1.37995,1.38002,1.00,1.00
2015.01.14 17:44:46.140,1.37994,1.38002,1.00,1.50
2015.01.14 17:44:46.511,1.37994,1.37999,1.00,1.00
2015.01.14 17:44:47.017,1.37992,1.37999,2.81,1.00
2015.01.14 17:44:47.270,1.37989,1.37997,2.62,1.00
2015.01.14 17:44:47.574,1.37991,1.37999,1.00,1.50
2015.01.14 17:44:47.675,1.37991,1.37997,1.00,1.00
2015.01.14 17:44:47.726,1.37988,1.37996,1.20,1.50
2015.01.14 17:44:47.979,1.37989,1.37998,1.00,1.50
2015.01.14 17:44:48.031,1.37992,1.37998,1.00,1.50
2015.01.14 17:44:48.082,1.37992,1.38,1.00,2.25
2015.01.14 17:44:48.653,1.37992,1.37999,1.00,1.00
2015.01.14 17:44:49.158,1.37992,1.38,2.25,1.00
2015.01.14 17:44:49.260,1.37992,1.38002,2.25,2.25
2015.01.14 17:44:49.766,1.37993,1.38001,1.00,1.00
2015.01.14 17:44:50.708,1.37993,1.38001,1.37,1.00
2015.01.14 17:44:51.224,1.37993,1.38,1.25,1.00
2015.01.14 17:44:51.326,1.37993,1.37998,1.00,1.00
2015.01.14 17:44:51.427,1.3799,1.37998,2.44,1.50
2015.01.14 17:44:51.730,1.37991,1.38,1.25,1.00
2015.01.14 17:44:51.832,1.37993,1.38,1.00,1.00
2015.01.14 17:44:52.425,1.37992,1.38,1.00,1.50
2015.01.14 17:44:53.454,1.37991,1.38,1.25,1.50
2015.01.14 17:44:53.811,1.37993,1.38,1.00,1.50
2015.01.14 17:44:55.253,1.37992,1.38,1.00,2.25
2015.01.14 17:44:55.355,1.3799,1.37999,2.44,1.00
2015.01.14 17:44:55.456,1.3799,1.37996,1.25,1.00
2015.01.14 17:44:55.862,1.3799,1.37998,1.69,1.00
2015.01.14 17:44:56.165,1.3799,1.37996,2.25,1.50
2015.01.14 17:44:56.267,1.37988,1.37996,1.50,2.25
2015.01.14 17:44:56.469,1.37986,1.37995,2.25,1.50
2015.01.14 17:44:56.570,1.37989,1.37996,1.00,1.50
2015.01.14 17:44:56.772,1.37989,1.37998,1.00,1.00
2015.01.14 17:44:57.305,1.3799,1.37998,1.00,1.00
2015.01.14 17:44:57.817,1.3799,1.37997,2.25,1.00
2015.01.14 17:44:58.130,1.3799,1.37993,1.50,1.00
2015.01.14 17:44:58.182,1.37985,1.37993,1.87,1.50
2015.01.14 17:44:58.385,1.37989,1.37995,1.00,1.50
2015.01.14 17:44:58.486,1.37989,1.37997,1.00,3.00
2015.01.14 17:44:58.588,1.37991,1.37997,1.00,1.50
2015.01.14 17:44:58.689,1.37988,1.37996,1.25,1.00
2015.01.14 17:44:59.193,1.37987,1.37995,1.69,1.00
2015.01.14 17:44:59.598,1.37989,1.37997,1.00,1.50
2015.01.14 17:44:59.962,1.37991,1.37996,1.00,1.00
2015.01.14 17:45:00.064,1.37991,1.37999,1.00,1.50
2015.01.14 17:45:00.570,1.37989,1.37997,1.19,1.00
2015.01.14 17:45:00.974,1.37988,1.37997,1.50,1.00
2015.01.14 17:45:01.480,1.37987,1.37995,3.19,1.00
2015.01.14 17:45:04.294,1.37988,1.37996,1.00,1.25
2015.01.14 17:45:05.780,1.37991,1.37997,1.00,3.19
2015.01.14 17:45:06.135,1.37989,1.37996,1.50,1.00
2015.01.14 17:45:06.640,1.37988,1.37996,1.25,1.00
2015.01.14 17:45:07.180,1.37988,1.37994,1.00,1.00
2015.01.14 17:45:07.685,1.37987,1.37995,1.12,1.50
2015.01.14 17:45:09.708,1.37985,1.37995,4.39,1.50
2015.01.14 17:45:10.241,1.37986,1.37994,1.69,1.00
2015.01.14 17:45:12.896,1.37986,1.37995,1.00,2.62
2015.01.14 17:45:13.199,1.37985,1.37993,1.50,1.50
2015.01.14 17:45:14.692,1.37985,1.37993,1.50,1.87
2015.01.14 17:45:14.996,1.37977,1.37984,1.00,1.00
2015.01.14 17:45:15.501,1.37976,1.37983,1.25,1.00
2015.01.14 17:45:15.552,1.37976,1.37985,1.25,2.25
2015.01.14 17:45:15.603,1.37976,1.37985,1.31,2.25
2015.01.14 17:45:16.128,1.37979,1.37987,1.12,1.50
2015.01.14 17:45:16.330,1.37981,1.37988,1.37,1.00
2015.01.14 17:45:16.837,1.37982,1.3799,2.25,1.19
2015.01.14 17:45:17.191,1.37983,1.37991,1.00,2.25
2015.01.14 17:45:18.529,1.37983,1.37991,1.37,2.25
2015.01.14 17:45:19.341,1.37983,1.3799,1.37,1.00
2015.01.14 17:45:19.846,1.37983,1.37991,1.37,3.75
2015.01.14 17:45:19.948,1.37984,1.37991,1.37,2.25
2015.01.14 17:45:20.150,1.37988,1.37993,1.00,1.00
2015.01.14 17:45:20.201,1.37988,1.37995,1.00,1.50
2015.01.14 17:45:20.353,1.3799,1.37997,1.00,1.50
2015.01.14 17:45:20.656,1.3799,1.37995,1.00,1.00
2015.01.14 17:45:20.967,1.37989,1.37998,1.00,5.44
2015.01.14 17:45:21.472,1.37989,1.37997,1.00,1.00
2015.01.14 17:45:21.998,1.3799,1.37997,1.00,1.00
2015.01.14 17:45:22.554,1.37995,1.37997,1.00,1.00
2015.01.14 17:45:22.818,1.38,1.38005,1.50,2.25
2015.01.14 17:45:23.071,1.38001,1.38008,1.00,1.00
2015.01.14 17:45:23.475,1.38003,1.38008,1.00,1.00
2015.01.14 17:45:23.577,1.38003,1.3801,1.00,1.50
2015.01.14 17:45:24.385,1.38002,1.3801,1.25,2.25
2015.01.14 17:45:25.562,1.38001,1.38009,1.31,1.00
2015.01.14 17:45:25.764,1.38,1.38003,1.50,1.00
2015.01.14 17:45:25.966,1.37997,1.38004,1.10,1.00
2015.01.14 17:45:28.805,1.37995,1.38003,1.29,1.00
2015.01.14 17:45:29.870,1.37996,1.38003,1.25,1.00
2015.01.14 17:45:32.377,1.37996,1.38001,1.25,1.00
2015.01.14 17:45:32.681,1.37992,1.38,2.44,1.00
2015.01.14 17:45:32.782,1.37994,1.38002,1.25,2.25
2015.01.14 17:45:33.287,1.37995,1.38003,1.25,1.00
2015.01.14 17:45:33.848,1.37995,1.38003,1.69,1.00
2015.01.14 17:45:35.008,1.37995,1.38001,1.69,1.00
2015.01.14 17:45:35.210,1.37995,1.38003,2.44,1.00
2015.01.14 17:45:35.715,1.37997,1.38004,1.00,1.00
2015.01.14 17:45:36.233,1.37997,1.38003,1.00,1.00
2015.01.14 17:45:37.119,1.37994,1.38004,4.12,2.25
2015.01.14 17:45:37.323,1.3799,1.37994,1.12,1.00
2015.01.14 17:45:37.426,1.37989,1.37994,1.25,1.00
2015.01.14 17:45:38.149,1.3799,1.37994,1.00,1.00
2015.01.14 17:45:38.418,1.37989,1.37997,1.25,2.25
2015.01.14 17:45:39.139,1.3799,1.37997,1.00,1.50
2015.01.14 17:45:39.869,1.37989,1.37997,1.25,1.50
2015.01.14 17:45:40.283,1.3799,1.37997,2.32,1.50
2015.01.14 17:45:40.585,1.3799,1.37993,1.69,1.00
2015.01.14 17:45:40.858,1.3799,1.37994,1.76,1.00
2015.01.14 17:45:42.147,1.3799,1.37995,1.07,1.00
2015.01.14 17:45:43.008,1.3799,1.37994,1.07,1.00
2015.01.14 17:45:43.513,1.3799,1.37995,1.00,1.00
2015.01.14 17:45:44.145,1.3799,1.37997,1.00,1.25
2015.01.14 17:45:44.649,1.3799,1.37998,1.50,3.00
2015.01.14 17:45:44.901,1.37991,1.37995,1.00,1.00
2015.01.14 17:45:45.658,1.3799,1.37995,1.25,1.00
2015.01.14 17:45:46.478,1.37989,1.37995,3.34,1.00
2015.01.14 17:45:46.988,1.3799,1.37995,1.00,1.00
2015.01.14 17:45:47.555,1.3799,1.37994,1.00,1.00
2015.01.14 17:45:48.062,1.3799,1.37995,1.00,1.00
2015.01.14 17:45:48.648,1.37989,1.37995,3.34,1.00
2015.01.14 17:45:49.262,1.3799,1.37995,1.00,1.00
2015.01.14 17:45:49.998,1.3799,1.37996,1.00,1.50
2015.01.14 17:45:50.756,1.3799,1.37994,1.25,1.00
2015.01.14 17:45:52.275,1.3799,1.37996,1.25,1.00
2015.01.14 17:45:52.581,1.3799,1.37994,1.25,1.00
2015.01.14 17:45:52.784,1.37993,1.38001,1.62,1.25
2015.01.14 17:45:52.886,1.37997,1.38003,1.00,1.19
2015.01.14 17:45:52.936,1.37997,1.38005,1.00,2.25
2015.01.14 17:45:53.619,1.37996,1.38003,1.19,1.00
2015.01.14 17:45:54.135,1.37996,1.38004,1.19,1.87
2015.01.14 17:45:54.439,1.37995,1.38001,1.69,1.00
2015.01.14 17:45:54.541,1.37995,1.38001,1.50,1.00
2015.01.14 17:45:54.692,1.37993,1.38001,1.25,1.50
2015.01.14 17:45:54.895,1.37996,1.38,1.00,1.00
2015.01.14 17:45:55.046,1.37994,1.38002,1.00,1.00
2015.01.14 17:45:55.955,1.37993,1.38002,1.00,1.00
2015.01.14 17:45:56.056,1.37992,1.37999,1.57,1.00
2015.01.14 17:45:56.158,1.37993,1.38002,1.00,2.25
2015.01.14 17:45:56.261,1.37993,1.38,1.00,1.00
2015.01.14 17:45:56.566,1.37996,1.38003,1.00,1.00
2015.01.14 17:45:57.093,1.37996,1.38004,1.00,2.25
2015.01.14 17:45:58.564,1.37996,1.38004,1.37,1.50
2015.01.14 17:45:59.235,1.38,1.38004,1.00,1.00
2015.01.14 17:45:59.336,1.37997,1.38005,1.00,1.00
2015.01.14 17:45:59.438,1.37999,1.38005,1.00,1.00
2015.01.14 17:45:59.640,1.37997,1.38005,1.50,1.00
2015.01.14 17:46:00.593,1.37998,1.38005,1.00,1.50
2015.01.14 17:46:01.113,1.37998,1.38004,1.00,2.25
2015.01.14 17:46:01.265,1.38,1.38004,1.00,1.00
2015.01.14 17:46:02.201,1.38,1.38006,1.00,1.00
2015.01.14 17:46:02.353,1.38002,1.38006,1.00,1.00
2015.01.14 17:46:03.528,1.38,1.38006,1.00,1.00
2015.01.14 17:46:05.383,1.38,1.38007,1.00,1.00
2015.01.14 17:46:05.586,1.38,1.38005,1.00,1.00
2015.01.14 17:46:06.495,1.38,1.38004,1.00,1.00
2015.01.14 17:46:06.798,1.38,1.38002,1.00,1.00
2015.01.14 17:46:06.950,1.37996,1.38002,2.44,1.00
2015.01.14 17:46:07.490,1.37996,1.38001,1.50,1.00
2015.01.14 17:46:07.591,1.37996,1.37999,1.00,1.00
2015.01.14 17:46:07.794,1.37995,1.38002,1.00,1.00
2015.01.14 17:46:07.895,1.37995,1.38,1.00,1.00
2015.01.14 17:46:08.315,1.37996,1.38004,1.00,1.19
2015.01.14 17:46:08.366,1.37998,1.38006,1.50,1.76
2015.01.14 17:46:08.670,1.38,1.38005,1.00,1.00
2015.01.14 17:46:08.721,1.38,1.38007,1.00,1.00
2015.01.14 17:46:09.226,1.38,1.38006,1.00,1.00
2015.01.14 17:46:09.733,1.38,1.38007,1.00,1.00
2015.01.14 17:46:11.687,1.38,1.38007,1.19,1.00
2015.01.14 17:46:12.697,1.38,1.38007,1.25,1.00
2015.01.14 17:46:13.237,1.38,1.38006,1.25,1.00
2015.01.14 17:46:13.540,1.38,1.38004,1.25,1.00
2015.01.14 17:46:13.642,1.38,1.38006,1.25,1.00
2015.01.14 17:46:13.743,1.38,1.38003,1.25,1.00
2015.01.14 17:46:13.897,1.37997,1.38002,1.12,1.00
2015.01.14 17:46:13.948,1.37997,1.38001,1.10,1.00
2015.01.14 17:46:14.099,1.37994,1.38,1.31,1.50
2015.01.14 17:46:14.403,1.37991,1.38001,3.94,2.62
2015.01.14 17:46:14.454,1.37991,1.37998,3.19,1.00
2015.01.14 17:46:15.727,1.3799,1.37997,2.21,1.00
2015.01.14 17:46:16.235,1.3799,1.37997,2.21,1.00
2015.01.14 17:46:17.405,1.37991,1.37997,1.62,1.00
2015.01.14 17:46:17.456,1.37991,1.38,1.62,1.19
2015.01.14 17:46:17.968,1.37991,1.38,1.76,1.00
2015.01.14 17:46:18.512,1.37991,1.38,1.76,1.00
2015.01.14 17:46:19.272,1.37992,1.37999,2.44,1.00
2015.01.14 17:46:19.676,1.37992,1.37999,2.81,1.00
2015.01.14 17:46:19.879,1.38003,1.38011,1.50,1.87
2015.01.14 17:46:19.981,1.38003,1.38011,3.56,2.62
2015.01.14 17:46:20.132,1.38007,1.38014,2.62,1.39
2015.01.14 17:46:20.184,1.3801,1.38014,1.00,1.12
2015.01.14 17:46:20.539,1.38012,1.38019,1.00,1.12
2015.01.14 17:46:20.690,1.38013,1.38021,3.26,1.69
2015.01.14 17:46:21.209,1.38014,1.38022,1.07,1.19
2015.01.14 17:46:21.512,1.38009,1.38011,2.25,1.37
2015.01.14 17:46:21.614,1.38005,1.38007,1.60,1.00
2015.01.14 17:46:21.665,1.38003,1.38006,1.45,1.00
2015.01.14 17:46:21.766,1.38001,1.38002,1.00,1.00
2015.01.14 17:46:21.817,1.38001,1.38002,2.25,1.00
2015.01.14 17:46:21.919,1.37996,1.38003,1.62,1.00
2015.01.14 17:46:22.121,1.37995,1.38,2.44,1.00
2015.01.14 17:46:22.560,1.37995,1.38002,2.44,1.50
2015.01.14 17:46:22.814,1.37995,1.37999,1.69,1.00
2015.01.14 17:46:23.228,1.37992,1.38001,6.56,1.00
2015.01.14 17:46:23.630,1.37993,1.38003,2.06,1.50
2015.01.14 17:46:24.551,1.37998,1.38004,1.00,1.00
2015.01.14 17:46:24.854,1.38009,1.38013,1.25,1.50
2015.01.14 17:46:24.955,1.38008,1.38015,9.94,1.00
2015.01.14 17:46:25.080,1.3801,1.38017,1.07,1.25
2015.01.14 17:46:25.386,1.38011,1.38017,1.76,1.00
2015.01.14 17:46:25.689,1.3801,1.38015,1.31,1.00
2015.01.14 17:46:26.236,1.3801,1.38018,3.56,1.00
2015.01.14 17:46:26.338,1.38011,1.38016,1.37,1.00
2015.01.14 17:46:26.793,1.3801,1.38016,1.00,1.00
2015.01.14 17:46:26.894,1.38008,1.38013,2.25,1.00
2015.01.14 17:46:27.197,1.38008,1.38012,1.50,1.00
2015.01.14 17:46:27.502,1.3801,1.38012,1.00,1.00
2015.01.14 17:46:28.008,1.38009,1.38011,1.00,1.00
2015.01.14 17:46:28.390,1.38006,1.38012,2.81,1.00
2015.01.14 17:46:28.744,1.38003,1.3801,1.39,1.00
2015.01.14 17:46:28.795,1.38003,1.38009,1.25,1.00
2015.01.14 17:46:28.896,1.38007,1.38009,1.00,1.00
2015.01.14 17:46:29.199,1.38006,1.38011,1.00,1.00
2015.01.14 17:46:29.301,1.38008,1.38013,1.00,1.50
2015.01.14 17:46:30.430,1.38004,1.38012,1.00,1.50
2015.01.14 17:46:30.948,1.38003,1.38009,1.87,1.00
2015.01.14 17:46:31.049,1.38003,1.38011,1.37,1.00
2015.01.14 17:46:31.564,1.38003,1.38012,2.77,1.00
2015.01.14 17:46:32.069,1.38006,1.38012,1.00,1.00
2015.01.14 17:46:32.566,1.38006,1.38014,1.00,1.00
2015.01.14 17:46:33.117,1.38006,1.38013,1.12,1.12
2015.01.14 17:46:34.215,1.38006,1.38012,1.12,1.00
2015.01.14 17:46:34.687,1.38004,1.38008,1.50,1.00
2015.01.14 17:46:34.789,1.38003,1.38011,2.00,2.25
2015.01.14 17:46:34.840,1.38003,1.38007,1.75,1.00
2015.01.14 17:46:35.144,1.38003,1.38007,1.00,1.00
2015.01.14 17:46:35.268,1.38003,1.3801,1.00,1.00
2015.01.14 17:46:35.769,1.38002,1.3801,1.20,1.00
2015.01.14 17:46:36.274,1.38002,1.38011,1.57,1.00
2015.01.14 17:46:36.801,1.38002,1.38011,1.27,1.00
2015.01.14 17:46:37.558,1.38002,1.38009,1.27,1.00
2015.01.14 17:46:38.063,1.38,1.38007,4.76,1.00
2015.01.14 17:46:38.114,1.38,1.38007,4.39,1.00
2015.01.14 17:46:38.266,1.38,1.38009,1.76,1.12
2015.01.14 17:46:39.450,1.38,1.38008,1.25,1.00
2015.01.14 17:46:39.551,1.37999,1.38004,1.57,1.12
2015.01.14 17:46:39.804,1.37992,1.38001,1.39,1.00
2015.01.14 17:46:40.259,1.37991,1.37999,1.19,1.00
2015.01.14 17:46:40.562,1.3799,1.37997,1.69,1.00
2015.01.14 17:46:40.764,1.37996,1.38003,1.50,1.20
2015.01.14 17:46:40.866,1.37998,1.38004,1.00,1.50
2015.01.14 17:46:40.917,1.37998,1.38006,1.00,1.00
2015.01.14 17:46:41.271,1.37996,1.38006,2.70,1.00
2015.01.14 17:46:41.827,1.37996,1.38006,2.81,1.00
2015.01.14 17:46:42.181,1.37996,1.38002,1.62,1.00
2015.01.14 17:46:42.232,1.37996,1.38002,1.00,1.00
2015.01.14 17:46:42.284,1.37992,1.37999,2.25,1.00
2015.01.14 17:46:42.436,1.3799,1.37997,1.00,1.00
2015.01.14 17:46:42.487,1.37988,1.37996,3.75,1.00
2015.01.14 17:46:42.790,1.37986,1.37993,1.25,1.00
2015.01.14 17:46:43.597,1.37984,1.37992,1.76,1.00
2015.01.14 17:46:43.749,1.37984,1.37992,1.57,1.00
2015.01.14 17:46:44.658,1.37984,1.37992,1.37,1.50
2015.01.14 17:46:45.179,1.3799,1.37994,1.50,1.00
2015.01.14 17:46:45.382,1.37995,1.37997,1.00,1.00
2015.01.14 17:46:45.433,1.37993,1.38,1.50,1.50
2015.01.14 17:46:45.484,1.37991,1.38,1.25,1.50
2015.01.14 17:46:45.789,1.3799,1.37998,1.39,1.00
2015.01.14 17:46:46.143,1.3799,1.38,1.19,2.25
2015.01.14 17:46:46.245,1.37991,1.37998,1.00,1.00
2015.01.14 17:46:46.347,1.37989,1.37998,1.10,2.25
2015.01.14 17:46:46.397,1.37988,1.37994,1.20,1.00
2015.01.14 17:46:46.600,1.37987,1.37995,1.50,1.00
2015.01.14 17:46:47.005,1.37985,1.37995,1.57,1.50
2015.01.14 17:46:47.482,1.37985,1.37993,1.00,1.50
2015.01.14 17:46:47.988,1.37982,1.37992,1.29,1.50
2015.01.14 17:46:48.140,1.37985,1.37995,1.50,1.50
2015.01.14 17:46:48.191,1.37991,1.37996,1.00,3.00
2015.01.14 17:46:48.292,1.37989,1.37996,2.25,1.00
2015.01.14 17:46:48.595,1.37986,1.37994,3.56,1.00
2015.01.14 17:46:48.697,1.37984,1.37993,3.19,1.00
2015.01.14 17:46:48.747,1.37984,1.37989,2.62,1.00
2015.01.14 17:46:49.051,1.37986,1.37989,1.00,1.00
2015.01.14 17:46:49.256,1.37987,1.3799,1.00,1.00
2015.01.14 17:46:49.409,1.37982,1.37988,1.12,1.00
2015.01.14 17:46:49.815,1.37984,1.37988,1.00,1.00
2015.01.14 17:46:49.866,1.37984,1.37991,1.00,2.44
2015.01.14 17:46:49.917,1.3798,1.37988,1.87,1.00
2015.01.14 17:46:50.221,1.37986,1.3799,1.00,2.70
2015.01.14 17:46:50.526,1.37986,1.37992,1.00,2.40
2015.01.14 17:46:51.131,1.37987,1.37992,1.00,1.50
2015.01.14 17:46:51.233,1.37982,1.37992,1.50,1.00
2015.01.14 17:46:51.284,1.37985,1.37992,1.00,1.50
2015.01.14 17:46:51.639,1.37985,1.3799,1.50,1.00
2015.01.14 17:46:51.741,1.37983,1.37989,1.10,1.00
2015.01.14 17:46:51.951,1.3798,1.37982,2.55,1.00
2015.01.14 17:46:52.002,1.37978,1.37982,1.07,1.00
2015.01.14 17:46:52.105,1.37975,1.37983,2.62,1.50
2015.01.14 17:46:52.308,1.37977,1.37983,1.37,1.50
2015.01.14 17:46:52.460,1.37979,1.37988,3.94,1.19
2015.01.14 17:46:52.966,1.37981,1.3799,2.62,3.19
2015.01.14 17:46:53.168,1.37984,1.37991,1.37,1.69
2015.01.14 17:46:53.219,1.37984,1.37991,1.37,1.69
2015.01.14 17:46:53.472,1.37985,1.37994,3.56,1.50
2015.01.14 17:46:53.624,1.37986,1.37995,2.62,1.00
2015.01.14 17:46:53.927,1.37988,1.37996,1.50,1.25
2015.01.14 17:46:54.433,1.37988,1.37995,2.50,1.00
2015.01.14 17:46:54.858,1.37988,1.3799,1.50,1.12
2015.01.14 17:46:55.161,1.37981,1.37986,2.25,1.00
2015.01.14 17:46:55.233,1.37981,1.37986,3.00,1.50
2015.01.14 17:46:55.335,1.37983,1.3799,1.50,1.69
2015.01.14 17:46:55.538,1.37983,1.37992,2.62,1.00
2015.01.14 17:46:56.260,1.37983,1.37988,3.56,1.00
2015.01.14 17:46:56.564,1.37983,1.37984,1.12,1.00
2015.01.14 17:46:56.665,1.37981,1.37985,1.12,2.25
2015.01.14 17:46:57.173,1.3798,1.37984,1.12,1.00
2015.01.14 17:46:57.896,1.3798,1.37985,1.12,1.50
2015.01.14 17:46:58.603,1.37981,1.37985,1.95,1.00
2015.01.14 17:46:58.705,1.37982,1.37988,1.84,1.00
2015.01.14 17:46:58.806,1.37983,1.3799,2.25,1.69
2015.01.14 17:46:59.159,1.37982,1.37988,2.44,1.00
2015.01.14 17:46:59.412,1.37975,1.3798,1.50,1.00
2015.01.14 17:46:59.615,1.37976,1.37983,1.12,1.19
2015.01.14 17:47:00.587,1.37976,1.37985,1.12,1.19
2015.01.14 17:47:00.839,1.37975,1.37981,1.39,1.00
2015.01.14 17:47:01.360,1.37974,1.3798,1.39,1.00
2015.01.14 17:47:01.870,1.37973,1.3798,2.51,1.00
2015.01.14 17:47:02.924,1.37973,1.3798,1.57,2.44
2015.01.14 17:47:03.228,1.3797,1.37977,2.25,1.50
2015.01.14 17:47:03.430,1.37975,1.3798,1.00,1.00
2015.01.14 17:47:03.786,1.37974,1.37978,1.75,1.50
2015.01.14 17:47:03.938,1.37974,1.3798,1.00,1.69
2015.01.14 17:47:03.989,1.37975,1.3798,1.37,1.69
2015.01.14 17:47:04.141,1.37979,1.37983,1.00,1.00
2015.01.14 17:47:04.192,1.37979,1.37986,1.50,1.00
2015.01.14 17:47:04.293,1.37981,1.37989,1.00,2.44
2015.01.14 17:47:04.747,1.37981,1.37987,1.00,1.00
2015.01.14 17:47:05.202,1.3798,1.37985,2.44,1.00
2015.01.14 17:47:05.975,1.3798,1.37983,2.25,1.00
2015.01.14 17:47:06.127,1.37977,1.37983,1.00,1.25
2015.01.14 17:47:06.228,1.37979,1.37983,1.20,1.25
2015.01.14 17:47:06.532,1.37979,1.37981,1.50,1.00
2015.01.14 17:47:06.633,1.37977,1.37981,1.95,1.00
2015.01.14 17:47:06.785,1.37977,1.37979,1.50,1.00
2015.01.14 17:47:06.886,1.37977,1.37981,1.50,1.50
2015.01.14 17:47:07.343,1.37977,1.37983,1.50,1.69
2015.01.14 17:47:07.880,1.37975,1.37983,4.01,1.00
2015.01.14 17:47:08.132,1.37975,1.37983,4.01,1.00
2015.01.14 17:47:08.233,1.37975,1.3798,3.26,1.00
2015.01.14 17:47:08.335,1.37975,1.37982,1.39,1.50
2015.01.14 17:47:08.436,1.37975,1.3798,1.39,1.00
2015.01.14 17:47:08.739,1.37973,1.37978,1.87,1.00
2015.01.14 17:47:10.412,1.37973,1.37977,2.81,1.00
2015.01.14 17:47:11.664,1.37975,1.37977,1.12,1.00
2015.01.14 17:47:11.765,1.37976,1.3798,1.37,1.00
2015.01.14 17:47:11.917,1.37977,1.37983,1.12,1.00
2015.01.14 17:47:12.069,1.37981,1.37982,1.50,1.00
2015.01.14 17:47:12.170,1.37977,1.37982,2.25,1.00
2015.01.14 17:47:12.271,1.37976,1.37982,3.15,1.00
2015.01.14 17:47:12.796,1.37977,1.37982,1.00,1.00
2015.01.14 17:47:12.948,1.37979,1.37982,1.00,1.00
2015.01.14 17:47:14.152,1.37979,1.37983,1.00,1.00
2015.01.14 17:47:14.657,1.37979,1.37984,1.00,1.00
2015.01.14 17:47:15.289,1.37979,1.37982,1.00,1.00
2015.01.14 17:47:15.839,1.37976,1.37981,1.84,1.00
2015.01.14 17:47:16.708,1.37976,1.37983,1.84,1.00
2015.01.14 17:47:16.860,1.37976,1.37983,1.65,1.00
2015.01.14 17:47:19.563,1.37976,1.37984,1.65,1.00
2015.01.14 17:47:19.778,1.37976,1.37981,1.65,1.00
2015.01.14 17:47:22.940,1.37976,1.3798,1.65,1.00
2015.01.14 17:47:23.193,1.37975,1.37982,1.00,1.00
2015.01.14 17:47:23.243,1.37978,1.37984,1.00,1.00
2015.01.14 17:47:23.648,1.37978,1.37981,1.00,1.00
2015.01.14 17:47:24.362,1.37979,1.37982,1.00,1.00
2015.01.14 17:47:24.413,1.37979,1.37983,1.00,1.00
2015.01.14 17:47:24.946,1.37979,1.37984,1.25,1.00
2015.01.14 17:47:25.351,1.37982,1.37984,1.00,1.00
2015.01.14 17:47:25.401,1.37982,1.37986,1.00,1.00
2015.01.14 17:47:25.932,1.37982,1.37985,1.50,1.00
2015.01.14 17:47:26.186,1.37977,1.37983,3.56,1.00
2015.01.14 17:47:26.490,1.37977,1.3798,1.50,1.00
2015.01.14 17:47:26.592,1.37975,1.37982,2.89,1.50
2015.01.14 17:47:27.500,1.37976,1.37982,1.87,1.00
2015.01.14 17:47:28.006,1.37976,1.37982,1.07,1.00
2015.01.14 17:47:29.346,1.37975,1.37981,2.89,1.00
2015.01.14 17:47:29.862,1.37975,1.37981,3.64,1.00
2015.01.14 17:47:30.569,1.37975,1.37981,3.64,1.00
2015.01.14 17:47:32.561,1.37975,1.37981,2.89,1.00
2015.01.14 17:47:33.563,1.37975,1.37981,2.89,1.00
2015.01.14 17:47:33.982,1.37976,1.37983,1.50,1.00
2015.01.14 17:47:34.487,1.37975,1.37983,2.14,1.00
2015.01.14 17:47:35.031,1.37975,1.37982,2.14,1.00
2015.01.14 17:47:35.301,1.37975,1.37979,1.01,1.00
2015.01.14 17:47:37.801,1.37975,1.37978,1.76,1.00
2015.01.14 17:47:38.104,1.37975,1.37977,1.00,1.00
2015.01.14 17:47:38.609,1.37972,1.37976,1.45,1.00
2015.01.14 17:47:39.726,1.37971,1.37975,1.50,1.00
2015.01.14 17:47:40.231,1.3797,1.37976,1.46,1.00
2015.01.14 17:47:40.825,1.37969,1.37975,4.31,1.00
2015.01.14 17:47:41.337,1.37969,1.37976,5.06,1.00
2015.01.14 17:47:41.865,1.37973,1.37977,1.45,1.00
2015.01.14 17:47:42.320,1.3797,1.37975,1.87,1.00
2015.01.14 17:47:42.624,1.3797,1.37973,1.20,1.00
2015.01.14 17:47:45.302,1.3797,1.37971,3.00,1.00
2015.01.14 17:47:45.353,1.3797,1.37972,3.37,1.50
2015.01.14 17:47:45.555,1.3797,1.37973,3.00,1.00
2015.01.14 17:47:45.657,1.37969,1.37971,1.00,1.00
2015.01.14 17:47:45.758,1.37962,1.37969,1.12,1.00
2015.01.14 17:47:45.809,1.37961,1.37969,1.00,1.00
2015.01.14 17:47:45.911,1.37961,1.37967,1.00,1.50
2015.01.14 17:47:46.163,1.37956,1.37965,1.00,1.50
2015.01.14 17:47:46.214,1.37958,1.37965,1.00,1.50
2015.01.14 17:47:46.517,1.37957,1.37962,1.87,1.00
2015.01.14 17:47:47.072,1.37955,1.37961,2.14,1.00
2015.01.14 17:47:47.376,1.37954,1.37958,2.21,1.50
2015.01.14 17:47:47.538,1.37953,1.37957,1.50,1.00
2015.01.14 17:47:48.246,1.37951,1.37956,2.89,1.00
2015.01.14 17:47:48.297,1.37951,1.37956,2.14,1.00
2015.01.14 17:47:48.752,1.37953,1.37957,1.00,1.00
2015.01.14 17:47:48.853,1.37952,1.37959,1.69,1.00
2015.01.14 17:47:48.904,1.37954,1.37959,1.00,1.00
2015.01.14 17:47:49.418,1.37954,1.37958,1.37,1.00
2015.01.14 17:47:50.446,1.37954,1.37959,1.37,1.00
2015.01.14 17:47:52.163,1.37955,1.37959,1.37,1.00
2015.01.14 17:47:52.741,1.37955,1.37959,1.00,1.00
2015.01.14 17:47:53.754,1.37954,1.37959,1.76,1.00
2015.01.14 17:47:55.633,1.37954,1.37961,1.76,1.00
2015.01.14 17:47:56.138,1.37956,1.37962,1.10,1.00
2015.01.14 17:47:56.542,1.37955,1.3796,1.32,1.00
2015.01.14 17:47:57.451,1.37955,1.3796,2.32,1.00
2015.01.14 17:47:57.754,1.37955,1.37963,4.57,1.00
2015.01.14 17:47:58.107,1.37955,1.37964,7.87,1.00
2015.01.14 17:47:58.158,1.37955,1.37961,7.87,1.00
2015.01.14 17:47:58.259,1.37955,1.37961,2.77,1.00
2015.01.14 17:47:58.613,1.37955,1.37961,3.75,1.00
2015.01.14 17:47:59.673,1.37955,1.3796,3.94,1.00
2015.01.14 17:47:59.926,1.3795,1.37955,1.07,1.00
2015.01.14 17:48:00.431,1.3795,1.37955,1.12,1.00
2015.01.14 17:48:00.532,1.37948,1.37955,1.65,1.00
2015.01.14 17:48:00.583,1.37948,1.37953,1.50,1.00
2015.01.14 17:48:01.087,1.37947,1.37953,1.12,1.00
2015.01.14 17:48:01.421,1.37948,1.37954,1.37,1.00
2015.01.14 17:48:01.749,1.3795,1.37955,1.37,1.00
2015.01.14 17:48:03.262,1.3795,1.37953,1.25,1.00
2015.01.14 17:48:03.363,1.3795,1.37954,1.00,1.00
2015.01.14 17:48:03.414,1.3795,1.37952,1.00,1.00
2015.01.14 17:48:03.668,1.37937,1.37943,1.62,1.00
2015.01.14 17:48:03.820,1.37937,1.37944,2.06,1.00
2015.01.14 17:48:03.870,1.3794,1.37946,1.37,1.00
2015.01.14 17:48:04.022,1.37939,1.37946,2.21,1.00
2015.01.14 17:48:04.073,1.37942,1.37951,1.12,2.25
2015.01.14 17:48:04.477,1.37943,1.37952,5.02,1.00
2015.01.14 17:48:04.780,1.37947,1.37952,1.37,1.00
2015.01.14 17:48:05.134,1.37945,1.37952,1.87,1.00
2015.01.14 17:48:05.235,1.37945,1.37952,1.87,1.00
2015.01.14 17:48:05.739,1.37945,1.37953,2.06,1.00
2015.01.14 17:48:06.988,1.37945,1.3795,1.69,1.00
2015.01.14 17:48:07.090,1.37944,1.37947,1.00,1.00
2015.01.14 17:48:07.293,1.37938,1.37945,1.00,1.00
2015.01.14 17:48:07.496,1.3794,1.37945,1.19,1.00
2015.01.14 17:48:07.546,1.3794,1.37949,1.56,1.00
2015.01.14 17:48:07.901,1.3794,1.37945,1.12,1.00
2015.01.14 17:48:08.154,1.37935,1.37943,5.81,1.00
2015.01.14 17:48:08.738,1.37938,1.37946,1.37,1.00
2015.01.14 17:48:08.991,1.3794,1.37945,1.00,1.00
2015.01.14 17:48:09.496,1.37938,1.37944,2.21,1.00
2015.01.14 17:48:09.597,1.37937,1.37943,2.81,1.00
2015.01.14 17:48:09.900,1.37937,1.37946,1.37,1.50
2015.01.14 17:48:09.951,1.37937,1.37944,1.37,1.00
2015.01.14 17:48:10.204,1.37938,1.37946,1.12,2.25
2015.01.14 17:48:10.305,1.37936,1.37944,1.87,1.00
2015.01.14 17:48:10.851,1.37936,1.37942,1.12,1.00
2015.01.14 17:48:10.952,1.37934,1.37944,2.81,1.50
2015.01.14 17:48:11.053,1.37937,1.37943,1.00,1.00
2015.01.14 17:48:11.256,1.37936,1.37945,1.47,1.00
2015.01.14 17:48:11.518,1.37936,1.37943,1.47,1.00
2015.01.14 17:48:11.922,1.37935,1.37941,1.57,1.00
2015.01.14 17:48:12.226,1.37934,1.37938,2.06,1.00
2015.01.14 17:48:12.328,1.37935,1.37944,1.37,1.50
2015.01.14 17:48:12.429,1.37933,1.37939,1.19,1.00
2015.01.14 17:48:12.732,1.37935,1.37943,1.50,1.00
2015.01.14 17:48:12.834,1.37935,1.37939,1.50,1.00
2015.01.14 17:48:12.935,1.37935,1.37941,1.50,1.00
2015.01.14 17:48:13.037,1.37933,1.37938,1.32,1.00
2015.01.14 17:48:13.239,1.37932,1.37941,1.19,1.00
2015.01.14 17:48:13.341,1.37936,1.37943,1.25,1.00
2015.01.14 17:48:13.646,1.37935,1.37941,1.69,1.00
2015.01.14 17:48:13.699,1.37935,1.37941,6.94,1.00
2015.01.14 17:48:13.750,1.37935,1.37945,5.44,1.50
2015.01.14 17:48:13.801,1.37939,1.37945,3.00,1.00
2015.01.14 17:48:14.306,1.37937,1.37944,2.96,1.00
2015.01.14 17:48:14.609,1.37937,1.37942,3.71,1.00
2015.01.14 17:48:15.014,1.37937,1.37942,1.09,1.00
2015.01.14 17:48:15.115,1.37937,1.37944,1.09,1.00
2015.01.14 17:48:15.570,1.37941,1.37943,1.50,1.00
2015.01.14 17:48:15.680,1.37946,1.37952,1.37,1.65
2015.01.14 17:48:15.782,1.3795,1.37954,1.00,1.69
2015.01.14 17:48:15.986,1.37954,1.3796,2.32,1.00
2015.01.14 17:48:16.088,1.37956,1.3796,1.76,1.00
2015.01.14 17:48:16.341,1.37957,1.37963,1.10,1.00
2015.01.14 17:48:16.392,1.37958,1.37963,1.50,1.50
2015.01.14 17:48:16.696,1.37954,1.37959,4.50,1.00
2015.01.14 17:48:16.848,1.37956,1.37963,1.20,1.50
2015.01.14 17:48:16.950,1.37957,1.37963,2.44,1.00
2015.01.14 17:48:17.354,1.37957,1.37959,2.44,1.00
2015.01.14 17:48:17.659,1.37954,1.37956,1.50,1.50
2015.01.14 17:48:18.393,1.37953,1.37959,2.25,1.50
2015.01.14 17:48:18.797,1.37953,1.37958,1.20,1.00
2015.01.14 17:48:18.899,1.37956,1.37958,1.00,1.00
2015.01.14 17:48:19.000,1.37956,1.37961,2.25,1.00
2015.01.14 17:48:19.152,1.37957,1.37961,1.87,1.00
2015.01.14 17:48:19.455,1.37953,1.37956,1.57,1.00
2015.01.14 17:48:19.506,1.37951,1.37955,2.25,1.00
2015.01.14 17:48:20.012,1.37952,1.37954,1.35,1.00
2015.01.14 17:48:20.315,1.37949,1.37952,1.87,1.00
2015.01.14 17:48:20.467,1.37949,1.37952,1.10,1.00
2015.01.14 17:48:20.568,1.37949,1.37952,1.87,1.00
2015.01.14 17:48:20.872,1.3795,1.37954,1.10,1.00
2015.01.14 17:48:21.024,1.37951,1.37956,1.12,1.69
2015.01.14 17:48:21.074,1.37951,1.37956,1.12,1.25
2015.01.14 17:48:21.226,1.37951,1.37959,1.31,1.50
2015.01.14 17:48:21.731,1.37953,1.37958,1.50,1.00
2015.01.14 17:48:22.186,1.37952,1.37956,1.76,1.00
2015.01.14 17:48:22.288,1.37952,1.37959,1.32,1.50
2015.01.14 17:48:22.389,1.37951,1.37957,3.19,1.00
2015.01.14 17:48:22.490,1.37953,1.37961,2.32,2.44
2015.01.14 17:48:22.591,1.37955,1.37963,1.69,1.69
2015.01.14 17:48:22.642,1.37959,1.37963,1.00,1.00
2015.01.14 17:48:23.147,1.37958,1.37962,1.20,1.00
2015.01.14 17:48:23.632,1.37958,1.37965,1.57,1.00
2015.01.14 17:48:23.683,1.37961,1.37965,1.20,1.00
2015.01.14 17:48:23.936,1.37963,1.37971,1.69,1.50
2015.01.14 17:48:24.089,1.37967,1.37972,1.12,1.00
2015.01.14 17:48:24.544,1.37967,1.37975,1.20,1.50
2015.01.14 17:48:25.346,1.37966,1.37974,3.56,1.00
2015.01.14 17:48:26.325,1.37967,1.37974,2.51,1.00
2015.01.14 17:48:26.577,1.37969,1.37978,2.81,1.50
2015.01.14 17:48:26.730,1.3797,1.3798,3.94,1.50
2015.01.14 17:48:26.983,1.37964,1.3797,2.59,1.00
2015.01.14 17:48:27.388,1.37965,1.37969,1.69,1.00
2015.01.14 17:48:27.439,1.37966,1.37974,1.69,1.00
2015.01.14 17:48:27.641,1.37969,1.37975,1.20,1.00
2015.01.14 17:48:27.742,1.37969,1.37977,1.20,1.50
2015.01.14 17:48:27.995,1.37968,1.37975,3.00,1.00
2015.01.14 17:48:28.538,1.37968,1.37971,2.25,1.00
2015.01.14 17:48:28.740,1.37963,1.37969,1.09,1.00
2015.01.14 17:48:29.044,1.37961,1.37966,1.39,1.00
2015.01.14 17:48:29.549,1.37961,1.37967,1.25,1.00
2015.01.14 17:48:31.059,1.3796,1.37967,1.20,1.00
2015.01.14 17:48:33.290,1.3796,1.37966,1.20,1.12
2015.01.14 17:48:33.594,1.37958,1.37963,1.20,1.00
2015.01.14 17:48:34.844,1.37958,1.37962,1.00,1.00
2015.01.14 17:48:35.450,1.37956,1.37962,1.25,1.50
2015.01.14 17:48:35.602,1.37954,1.37957,1.07,1.00
2015.01.14 17:48:35.754,1.37953,1.37959,1.09,1.87
2015.01.14 17:48:35.905,1.37955,1.3796,1.00,2.62
2015.01.14 17:48:36.830,1.37956,1.3796,1.00,1.00
2015.01.14 17:48:36.932,1.37958,1.37965,1.00,2.44
2015.01.14 17:48:37.235,1.37962,1.37966,1.00,1.50
2015.01.14 17:48:37.437,1.3796,1.37967,1.10,1.50
2015.01.14 17:48:38.594,1.3796,1.37967,1.10,1.50
2015.01.14 17:48:38.745,1.37962,1.37968,1.00,1.12
2015.01.14 17:48:39.250,1.3796,1.37969,1.20,5.06
2015.01.14 17:48:39.754,1.37958,1.37966,2.81,1.00
2015.01.14 17:48:40.233,1.37958,1.37964,2.81,1.00
2015.01.14 17:48:40.769,1.37958,1.37965,1.76,1.00
2015.01.14 17:48:41.303,1.37958,1.37966,1.57,1.12
2015.01.14 17:48:43.029,1.37958,1.37967,1.57,3.94
2015.01.14 17:48:43.542,1.37958,1.37967,1.57,4.69
2015.01.14 17:48:44.192,1.37958,1.37967,1.57,4.69
2015.01.14 17:48:44.344,1.37957,1.37966,1.10,3.94
2015.01.14 17:48:44.861,1.37957,1.37966,1.10,3.19
2015.01.14 17:48:45.370,1.37957,1.37966,1.29,3.19
2015.01.14 17:48:46.129,1.37957,1.37965,1.29,1.00
2015.01.14 17:48:47.988,1.37959,1.37965,1.00,1.00
2015.01.14 17:48:48.090,1.37961,1.37967,1.00,1.69
2015.01.14 17:48:48.898,1.37959,1.37966,1.10,1.25
2015.01.14 17:48:49.352,1.37959,1.37963,1.29,1.00
2015.01.14 17:48:49.903,1.37959,1.37963,1.29,1.00
2015.01.14 17:48:50.105,1.37958,1.37964,1.32,1.00
2015.01.14 17:48:50.307,1.37957,1.37961,1.39,1.00
2015.01.14 17:48:50.610,1.37954,1.37959,3.37,1.00
2015.01.14 17:48:50.712,1.37955,1.37961,1.50,1.00
2015.01.14 17:48:50.814,1.37955,1.37964,2.25,1.19
2015.01.14 17:48:51.320,1.37957,1.37962,1.20,1.00
2015.01.14 17:48:51.623,1.37951,1.37956,2.25,1.00
2015.01.14 17:48:51.927,1.3795,1.37954,1.20,1.00
2015.01.14 17:48:52.229,1.37949,1.37956,3.94,1.00
2015.01.14 17:48:52.381,1.3795,1.37956,3.19,1.00
2015.01.14 17:48:52.684,1.37952,1.37959,1.20,1.19
2015.01.14 17:48:52.786,1.37951,1.37959,1.12,1.19
2015.01.14 17:48:53.314,1.37955,1.37959,1.20,1.00
2015.01.14 17:48:54.103,1.37956,1.37959,1.00,1.00
2015.01.14 17:48:54.305,1.37958,1.37965,1.00,1.25
2015.01.14 17:48:54.837,1.37958,1.37966,2.25,1.19
2015.01.14 17:48:55.351,1.37958,1.37964,2.25,1.00
2015.01.14 17:48:55.927,1.37958,1.37966,1.69,2.62
2015.01.14 17:48:56.080,1.37956,1.37964,1.39,1.62
2015.01.14 17:48:56.282,1.37957,1.37961,1.10,1.00
2015.01.14 17:48:56.687,1.37955,1.37963,1.84,1.00
2015.01.14 17:48:57.205,1.37957,1.37965,1.00,1.19
2015.01.14 17:48:57.715,1.37957,1.37965,1.25,1.00
2015.01.14 17:48:58.480,1.37957,1.37963,1.25,1.00
2015.01.14 17:49:00.106,1.37957,1.37964,1.25,1.00
2015.01.14 17:49:01.086,1.37957,1.37965,1.25,1.12
2015.01.14 17:49:01.389,1.37959,1.37966,1.00,3.75
2015.01.14 17:49:01.910,1.37958,1.37966,1.00,5.25
2015.01.14 17:49:02.422,1.37958,1.37965,1.00,1.87
2015.01.14 17:49:03.647,1.37955,1.37962,2.14,1.00
2015.01.14 17:49:04.172,1.37956,1.37963,1.00,1.25
2015.01.14 17:49:04.677,1.37956,1.37962,1.20,1.00
2015.01.14 17:49:05.384,1.37956,1.37963,1.20,1.25
2015.01.14 17:49:09.737,1.37955,1.37963,2.44,1.00
2015.01.14 17:49:10.051,1.37956,1.37961,2.44,1.00
2015.01.14 17:49:10.407,1.37957,1.37963,1.09,1.50
2015.01.14 17:49:10.926,1.37957,1.37964,1.01,2.25
2015.01.14 17:49:11.789,1.37957,1.37963,1.10,1.00
2015.01.14 17:49:12.234,1.37957,1.37963,1.29,1.00
2015.01.14 17:49:12.537,1.37967,1.37969,1.00,1.12
2015.01.14 17:49:12.840,1.37963,1.37966,1.00,1.87
2015.01.14 17:49:12.891,1.3796,1.37966,1.20,2.62
2015.01.14 17:49:12.992,1.37959,1.37966,1.25,1.87
2015.01.14 17:49:13.519,1.37959,1.37966,1.25,3.37
2015.01.14 17:49:15.095,1.37958,1.37966,1.01,5.06
2015.01.14 17:49:15.825,1.37958,1.37966,1.01,5.06
2015.01.14 17:49:16.513,1.37958,1.37965,1.01,1.00
2015.01.14 17:49:16.564,1.37957,1.37959,1.57,1.00
2015.01.14 17:49:16.665,1.37955,1.37961,1.20,2.44
2015.01.14 17:49:16.817,1.37956,1.37963,1.00,1.69
2015.01.14 17:49:16.918,1.37957,1.37963,1.07,1.69
2015.01.14 17:49:17.675,1.37957,1.37964,2.51,1.00
2015.01.14 17:49:18.190,1.37958,1.37964,1.32,1.37
2015.01.14 17:49:18.695,1.37957,1.37964,1.76,1.12
2015.01.14 17:49:20.426,1.37957,1.37964,1.00,1.00
2015.01.14 17:49:21.819,1.37955,1.37964,1.84,1.69
2015.01.14 17:49:22.349,1.37955,1.37963,1.39,1.00
2015.01.14 17:49:23.077,1.37956,1.37963,1.20,1.69
2015.01.14 17:49:23.582,1.37954,1.37961,1.69,1.00
2015.01.14 17:49:24.104,1.37955,1.37963,1.65,3.00
2015.01.14 17:49:24.921,1.37955,1.37963,1.20,3.37
2015.01.14 17:49:25.500,1.37955,1.37963,1.20,3.00
2015.01.14 17:49:26.006,1.37954,1.37963,3.94,2.62
2015.01.14 17:49:26.511,1.37955,1.37963,1.65,2.62
2015.01.14 17:49:28.089,1.37955,1.37963,1.39,1.00
2015.01.14 17:49:29.750,1.37957,1.37963,1.00,1.12
2015.01.14 17:49:30.266,1.37955,1.37963,1.84,1.50
2015.01.14 17:49:31.323,1.37955,1.37963,1.84,1.00
2015.01.14 17:49:31.828,1.37955,1.37964,2.59,2.25
2015.01.14 17:49:32.277,1.37955,1.37964,2.59,2.25
2015.01.14 17:49:32.782,1.37955,1.37964,1.84,2.62
2015.01.14 17:49:33.291,1.37955,1.37964,1.09,2.62
2015.01.14 17:49:34.069,1.37955,1.37963,1.84,1.37
2015.01.14 17:49:36.298,1.37955,1.37963,1.69,2.06
2015.01.14 17:49:36.681,1.37955,1.37963,1.69,1.69
2015.01.14 17:49:36.732,1.37958,1.37963,1.50,1.25
2015.01.14 17:49:37.634,1.37958,1.37963,1.50,2.06
2015.01.14 17:49:37.786,1.37955,1.37959,2.44,1.00
2015.01.14 17:49:37.938,1.37958,1.37963,1.00,3.19
2015.01.14 17:49:38.039,1.37961,1.37963,1.19,1.00
2015.01.14 17:49:38.091,1.37961,1.37967,1.69,2.02
2015.01.14 17:49:38.546,1.37962,1.37969,1.25,1.50
2015.01.14 17:49:38.850,1.37959,1.37967,2.44,1.50
2015.01.14 17:49:39.153,1.37959,1.37965,1.20,1.00
2015.01.14 17:49:39.457,1.37958,1.37963,1.75,1.00
2015.01.14 17:49:39.559,1.37957,1.37963,1.01,1.00
2015.01.14 17:49:41.384,1.37957,1.37964,1.10,1.50
2015.01.14 17:49:41.586,1.37956,1.37962,1.07,1.00
2015.01.14 17:49:41.688,1.37958,1.37965,1.19,1.50
2015.01.14 17:49:42.216,1.3796,1.37966,1.19,1.00
2015.01.14 17:49:42.420,1.37963,1.37971,1.19,1.00
2015.01.14 17:49:42.978,1.37963,1.37972,1.69,1.50
2015.01.14 17:49:43.978,1.37965,1.37972,1.00,1.50
2015.01.14 17:49:44.484,1.37964,1.37972,1.25,2.25
2015.01.14 17:49:45.300,1.37962,1.37967,1.87,1.00
2015.01.14 17:49:45.401,1.37961,1.37967,1.20,1.00
2015.01.14 17:49:45.912,1.37961,1.37969,1.50,1.19
2015.01.14 17:49:46.452,1.3796,1.37967,2.25,1.00
2015.01.14 17:49:46.705,1.3796,1.37964,1.20,1.00
2015.01.14 17:49:47.058,1.37958,1.37966,1.39,1.50
2015.01.14 17:49:47.564,1.37958,1.37967,1.69,3.19
2015.01.14 17:49:47.816,1.37958,1.37965,1.69,1.00
2015.01.14 17:49:49.138,1.37958,1.37967,2.44,1.69
2015.01.14 17:49:49.340,1.37958,1.37965,2.44,1.00
2015.01.14 17:49:49.857,1.3796,1.37966,1.00,1.00
2015.01.14 17:49:50.160,1.3796,1.37967,2.25,1.00
2015.01.14 17:49:55.301,1.3796,1.37968,2.00,1.25
2015.01.14 17:49:57.884,1.3796,1.37966,2.44,1.00
2015.01.14 17:49:58.189,1.37958,1.37961,1.50,1.00
2015.01.14 17:49:58.240,1.37959,1.37963,1.00,1.00
2015.01.14 17:49:58.342,1.37961,1.37963,1.00,1.00
2015.01.14 17:49:58.393,1.37961,1.37967,2.25,1.00
2015.01.14 17:49:58.494,1.37962,1.3797,1.65,2.25
2015.01.14 17:49:58.747,1.37964,1.37972,1.00,2.44
2015.01.14 17:49:59.571,1.37963,1.37972,1.00,2.06
2015.01.14 17:50:00.026,1.37965,1.37974,1.50,1.31
2015.01.14 17:50:00.354,1.37966,1.37974,1.76,1.00
2015.01.14 17:50:00.955,1.37967,1.37975,1.10,3.00
2015.01.14 17:50:01.488,1.37967,1.37975,1.10,3.37
2015.01.14 17:50:01.818,1.37967,1.37974,1.10,1.37
2015.01.14 17:50:02.327,1.37966,1.37974,1.32,4.50
2015.01.14 17:50:02.624,1.3797,1.37976,1.00,1.00
2015.01.14 17:50:02.675,1.37973,1.37976,1.00,1.00
2015.01.14 17:50:02.726,1.37973,1.37978,1.00,1.00
2015.01.14 17:50:02.828,1.37972,1.3798,1.50,2.25
2015.01.14 17:50:03.333,1.37973,1.37981,1.00,1.25
2015.01.14 17:50:03.981,1.37972,1.37981,1.50,1.12
2015.01.14 17:50:04.637,1.37972,1.37981,1.50,1.37
2015.01.14 17:50:04.940,1.37968,1.37975,1.95,1.00
2015.01.14 17:50:05.395,1.37968,1.37977,1.50,1.25
2015.01.14 17:50:05.764,1.37971,1.37978,1.00,2.25
2015.01.14 17:50:06.067,1.37969,1.37975,2.44,1.00
2015.01.14 17:50:06.179,1.37968,1.37975,1.20,1.00
2015.01.14 17:50:06.280,1.3797,1.37978,1.00,1.19
2015.01.14 17:50:06.383,1.3797,1.37978,1.50,1.00
2015.01.14 17:50:06.585,1.3797,1.3798,1.69,1.50
2015.01.14 17:50:06.889,1.3797,1.37977,1.01,1.00
2015.01.14 17:50:07.203,1.37978,1.37979,1.87,1.00
2015.01.14 17:50:07.718,1.37978,1.3798,1.50,1.25
2015.01.14 17:50:08.021,1.37981,1.37984,1.00,1.00
2015.01.14 17:50:08.072,1.37981,1.37984,1.00,1.19
2015.01.14 17:50:08.123,1.37978,1.37984,1.00,1.69
2015.01.14 17:50:08.895,1.37977,1.37983,2.25,1.69
2015.01.14 17:50:09.250,1.37977,1.37983,4.12,1.19
2015.01.14 17:50:09.771,1.37978,1.37983,1.50,1.69
2015.01.14 17:50:10.145,1.37978,1.3798,1.50,1.00
2015.01.14 17:50:10.348,1.37978,1.37982,1.50,1.50
2015.01.14 17:50:10.855,1.37977,1.37983,3.82,1.25
2015.01.14 17:50:11.108,1.37978,1.37981,1.50,2.62
2015.01.14 17:50:11.260,1.37972,1.3798,2.06,1.37
2015.01.14 17:50:11.880,1.37972,1.37978,1.60,1.37
2015.01.14 17:50:12.398,1.37971,1.37978,2.44,1.37
2015.01.14 17:50:12.910,1.37971,1.37979,2.00,1.12
2015.01.14 17:50:13.516,1.37974,1.37982,1.00,2.25
2015.01.14 17:50:13.567,1.37975,1.37982,1.50,1.50
2015.01.14 17:50:13.669,1.37974,1.37982,1.00,1.50
2015.01.14 17:50:13.719,1.37973,1.3798,1.01,1.00
2015.01.14 17:50:14.031,1.37972,1.37978,1.10,1.50
2015.01.14 17:50:14.459,1.3797,1.37976,1.87,1.00
2015.01.14 17:50:14.560,1.3797,1.37976,1.20,1.00
2015.01.14 17:50:18.746,1.37968,1.37975,2.25,1.00
2015.01.14 17:50:19.331,1.37969,1.37976,1.10,2.62
2015.01.14 17:50:19.837,1.37969,1.37976,1.00,2.62
2015.01.14 17:50:20.191,1.3797,1.37976,1.00,2.62
2015.01.14 17:50:20.243,1.37968,1.37974,1.12,1.37
2015.01.14 17:50:20.294,1.37966,1.37974,1.00,2.62
2015.01.14 17:50:20.395,1.37966,1.37974,1.00,2.25
2015.01.14 17:50:21.040,1.37964,1.37972,3.34,1.00
2015.01.14 17:50:21.343,1.37966,1.37974,1.57,1.00
2015.01.14 17:50:21.849,1.37968,1.37976,1.25,1.50
2015.01.14 17:50:21.950,1.3797,1.37975,1.00,1.00
2015.01.14 17:50:22.051,1.3797,1.37979,1.00,1.87
2015.01.14 17:50:22.102,1.3797,1.37979,1.19,1.50
2015.01.14 17:50:22.204,1.37976,1.37983,1.50,1.12
2015.01.14 17:50:22.305,1.37977,1.37985,2.25,1.00
2015.01.14 17:50:22.761,1.37976,1.37983,1.50,1.00
2015.01.14 17:50:27.617,1.37976,1.37982,1.25,1.00
2015.01.14 17:50:28.152,1.37975,1.37982,1.31,1.87
2015.01.14 17:50:28.608,1.37973,1.37981,3.19,1.00
2015.01.14 17:50:29.663,1.37973,1.37982,3.19,1.00
2015.01.14 17:50:30.166,1.37974,1.37982,1.00,1.00
2015.01.14 17:50:30.267,1.37972,1.3798,1.76,1.00
2015.01.14 17:50:30.470,1.37975,1.37983,2.70,1.00
2015.01.14 17:50:30.836,1.37975,1.37981,2.62,1.00
2015.01.14 17:50:31.039,1.37974,1.37983,1.25,1.50
2015.01.14 17:50:31.191,1.37973,1.37981,1.69,1.00
2015.01.14 17:50:31.704,1.37973,1.37981,2.81,1.00
2015.01.14 17:50:32.499,1.37974,1.37981,1.00,1.00
2015.01.14 17:50:33.014,1.37973,1.37981,2.81,1.00
2015.01.14 17:50:33.525,1.37973,1.37981,2.81,1.00
2015.01.14 17:50:33.829,1.37976,1.37983,1.31,1.00
2015.01.14 17:50:34.133,1.3797,1.37976,1.69,1.00
2015.01.14 17:50:34.234,1.37971,1.37978,1.00,1.00
2015.01.14 17:50:35.078,1.3797,1.37978,3.26,1.50
2015.01.14 17:50:35.684,1.37971,1.37979,1.69,1.50
2015.01.14 17:50:36.341,1.3797,1.37978,1.39,1.00
2015.01.14 17:50:38.024,1.3797,1.37978,1.10,1.00
2015.01.14 17:50:38.838,1.37969,1.37977,3.64,1.00
2015.01.14 17:50:39.351,1.37972,1.37976,1.00,1.00
2015.01.14 17:50:39.401,1.37972,1.3798,1.00,2.25
2015.01.14 17:50:39.503,1.37973,1.3798,1.00,1.87
2015.01.14 17:50:39.553,1.3797,1.37978,1.50,1.12
2015.01.14 17:50:39.655,1.37973,1.37978,1.00,1.00
2015.01.14 17:50:39.706,1.37973,1.37981,1.50,2.06
2015.01.14 17:50:39.808,1.37971,1.37981,2.25,2.44
2015.01.14 17:50:39.858,1.37973,1.37981,1.00,2.44
2015.01.14 17:50:40.363,1.37972,1.3798,1.00,1.00
2015.01.14 17:50:43.123,1.37972,1.3798,1.19,1.00
2015.01.14 17:50:43.224,1.37974,1.37982,1.00,1.69
2015.01.14 17:50:44.054,1.37975,1.37983,1.00,1.69
2015.01.14 17:50:44.569,1.37975,1.37983,3.00,1.00
2015.01.14 17:50:44.771,1.37975,1.3798,2.25,1.00
2015.01.14 17:50:45.282,1.37975,1.37981,2.25,1.00
2015.01.14 17:50:47.092,1.37975,1.37981,2.44,1.00
2015.01.14 17:50:47.193,1.37975,1.37983,2.81,1.00
2015.01.14 17:50:47.711,1.37976,1.37984,2.06,1.00
2015.01.14 17:50:48.226,1.37975,1.37983,2.44,1.50
2015.01.14 17:50:48.955,1.37975,1.3798,2.44,1.00
2015.01.14 17:50:49.007,1.37973,1.3798,2.51,1.00
2015.01.14 17:50:49.512,1.37973,1.3798,1.25,1.00
2015.01.14 17:50:52.497,1.37972,1.37978,2.21,1.37
2015.01.14 17:50:52.598,1.37969,1.37974,2.70,1.00
2015.01.14 17:50:52.649,1.37969,1.37974,1.20,1.00
2015.01.14 17:50:52.700,1.37968,1.37973,1.25,1.00
2015.01.14 17:50:52.852,1.37965,1.37972,1.57,1.00
2015.01.14 17:50:55.579,1.37965,1.37972,1.01,1.00
2015.01.14 17:50:56.103,1.37965,1.37972,1.39,1.00
2015.01.14 17:50:56.608,1.37964,1.37971,2.51,1.00
2015.01.14 17:50:56.709,1.37964,1.37973,2.51,1.00
2015.01.14 17:50:57.219,1.37965,1.37974,3.26,1.00
2015.01.14 17:50:57.522,1.37964,1.3797,2.06,1.00
2015.01.14 17:50:57.927,1.37964,1.37972,4.31,1.00
2015.01.14 17:50:58.475,1.37965,1.37973,1.84,1.00
2015.01.14 17:50:58.977,1.37965,1.37973,1.46,1.00
2015.01.14 17:50:59.540,1.37965,1.37973,1.46,1.00
2015.01.14 17:51:00.057,1.37965,1.37973,1.46,1.00
2015.01.14 17:51:00.593,1.37965,1.37973,1.09,1.00
2015.01.14 17:51:01.037,1.37964,1.37969,2.06,1.00
2015.01.14 17:51:01.542,1.37962,1.37969,2.89,1.00
2015.01.14 17:51:01.946,1.37962,1.37971,2.51,1.00
2015.01.14 17:51:02.722,1.37963,1.37971,2.51,1.00
2015.01.14 17:51:03.672,1.37963,1.37971,1.39,1.00
2015.01.14 17:51:04.199,1.37963,1.3797,1.01,1.00
2015.01.14 17:51:04.720,1.37963,1.37971,1.39,1.00
2015.01.14 17:51:05.023,1.37962,1.37967,1.76,1.00
2015.01.14 17:51:05.124,1.37961,1.37965,1.07,1.00
2015.01.14 17:51:05.225,1.3796,1.37963,1.20,1.00
2015.01.14 17:51:05.327,1.37958,1.37963,1.12,1.00
2015.01.14 17:51:05.378,1.37957,1.37963,2.89,1.00
2015.01.14 17:51:05.479,1.3796,1.37963,1.00,1.00
2015.01.14 17:51:05.782,1.37961,1.37963,1.07,1.00
2015.01.14 17:51:06.035,1.37959,1.37963,4.12,1.00
2015.01.14 17:51:07.145,1.37959,1.37963,2.02,1.00
2015.01.14 17:51:08.480,1.37959,1.37963,2.02,1.00
2015.01.14 17:51:08.531,1.37959,1.37965,2.02,1.00
2015.01.14 17:51:10.068,1.37959,1.37964,2.21,1.00
2015.01.14 17:51:10.684,1.37959,1.37964,2.21,1.00
2015.01.14 17:51:11.346,1.37959,1.37962,1.09,1.00
2015.01.14 17:51:11.853,1.37957,1.37961,2.06,1.00
2015.01.14 17:51:12.359,1.37957,1.37961,1.87,1.00
2015.01.14 17:51:14.142,1.37955,1.37965,3.56,6.56
2015.01.14 17:51:14.647,1.37957,1.37965,1.37,3.94
2015.01.14 17:51:16.214,1.37958,1.37965,2.62,3.00
2015.01.14 17:51:16.525,1.3796,1.37963,1.00,1.00
2015.01.14 17:51:30.484,1.3796,1.37963,1.37,1.00
2015.01.14 17:51:31.507,1.37958,1.37962,2.02,1.00
2015.01.14 17:51:32.025,1.37958,1.37961,1.87,1.00
2015.01.14 17:51:32.543,1.37954,1.37962,4.69,1.00
2015.01.14 17:51:33.075,1.37958,1.37962,1.00,1.00
2015.01.14 17:51:33.915,1.37958,1.37961,1.00,1.00
2015.01.14 17:51:33.966,1.37954,1.37961,2.14,1.00
2015.01.14 17:51:34.067,1.37957,1.37962,1.00,1.00
2015.01.14 17:51:34.168,1.37958,1.37962,1.00,1.12
2015.01.14 17:51:34.219,1.37955,1.37961,1.19,2.25
2015.01.14 17:51:35.324,1.37951,1.37961,8.89,2.25
2015.01.14 17:51:35.830,1.37951,1.3796,7.39,1.00
2015.01.14 17:51:36.526,1.37951,1.3796,7.39,1.00
2015.01.14 17:51:37.281,1.37953,1.3796,1.00,1.00
2015.01.14 17:51:37.786,1.37951,1.37959,5.44,1.00
2015.01.14 17:51:38.004,1.37951,1.37955,3.75,1.00
2015.01.14 17:51:38.055,1.37951,1.37954,3.75,1.00
2015.01.14 17:51:38.106,1.37951,1.37955,2.25,1.12
2015.01.14 17:51:38.207,1.37948,1.37951,4.57,1.00
2015.01.14 17:51:38.410,1.37948,1.37953,4.57,1.00
2015.01.14 17:51:38.461,1.37948,1.37953,1.76,1.00
2015.01.14 17:51:38.562,1.37952,1.37957,1.00,1.00
2015.01.14 17:51:39.086,1.3795,1.37957,1.69,1.00
2015.01.14 17:51:39.545,1.37952,1.37957,1.19,1.00
2015.01.14 17:51:40.052,1.3795,1.37956,2.44,1.00
2015.01.14 17:51:40.671,1.3795,1.37956,2.44,1.00
2015.01.14 17:51:40.722,1.3795,1.37959,2.44,4.31
2015.01.14 17:51:40.975,1.37948,1.37951,1.50,1.00
2015.01.14 17:51:42.308,1.37948,1.37953,1.50,1.00
2015.01.14 17:51:43.144,1.37948,1.37951,5.10,1.00
2015.01.14 17:51:43.651,1.37948,1.37949,7.50,1.00
2015.01.14 17:51:43.804,1.37941,1.37949,4.76,1.37
2015.01.14 17:51:43.905,1.37941,1.37946,1.69,1.00
2015.01.14 17:51:44.863,1.37939,1.37946,3.34,1.00
2015.01.14 17:51:45.872,1.37939,1.37946,2.59,1.00
2015.01.14 17:51:47.000,1.37939,1.37946,2.59,1.00
2015.01.14 17:51:47.868,1.37939,1.37944,1.65,1.00
2015.01.14 17:51:48.373,1.37939,1.37943,1.00,1.00
2015.01.14 17:51:48.783,1.37938,1.37941,3.00,1.00
2015.01.14 17:51:48.884,1.37937,1.3794,2.32,1.00
2015.01.14 17:51:49.389,1.37937,1.37941,2.32,1.00
2015.01.14 17:51:49.792,1.37937,1.3794,1.10,1.00
2015.01.14 17:51:49.894,1.37937,1.37941,3.07,1.00
2015.01.14 17:51:50.119,1.37936,1.3794,1.00,1.00
2015.01.14 17:51:50.220,1.37938,1.37941,2.62,1.00
2015.01.14 17:51:50.524,1.3794,1.37943,1.00,1.00
2015.01.14 17:51:50.677,1.3794,1.37945,1.08,1.69
2015.01.14 17:51:50.778,1.37944,1.37949,1.06,2.25
2015.01.14 17:51:51.081,1.37944,1.37949,1.56,1.00
2015.01.14 17:51:51.667,1.37942,1.37949,1.75,1.00
2015.01.14 17:51:52.785,1.37942,1.37946,1.69,1.00
2015.01.14 17:51:53.297,1.3794,1.37945,2.25,1.00
2015.01.14 17:51:53.601,1.3794,1.37942,2.31,1.00
2015.01.14 17:51:53.702,1.37937,1.37942,1.00,1.00
2015.01.14 17:51:54.207,1.37938,1.37943,1.00,2.25
2015.01.14 17:51:54.359,1.37937,1.37941,1.87,1.00
2015.01.14 17:51:54.460,1.37937,1.37943,3.37,2.44
2015.01.14 17:51:54.764,1.37937,1.3794,1.87,1.00
2015.01.14 17:51:54.866,1.37937,1.37942,3.37,1.50
2015.01.14 17:51:55.371,1.37938,1.37942,3.00,1.50
2015.01.14 17:51:55.880,1.37938,1.37941,3.00,1.00
2015.01.14 17:51:56.284,1.37937,1.37939,1.00,1.00
2015.01.14 17:51:56.897,1.37937,1.37941,1.00,1.00
2015.01.14 17:51:57.420,1.37938,1.37941,1.00,1.00
2015.01.14 17:51:58.216,1.37937,1.37941,1.00,1.57
2015.01.14 17:51:58.909,1.37935,1.37938,1.00,1.00
2015.01.14 17:51:59.011,1.37933,1.37935,1.12,1.00
2015.01.14 17:51:59.113,1.37935,1.37939,1.00,1.00
2015.01.14 17:51:59.164,1.37935,1.37941,2.25,1.76
2015.01.14 17:51:59.214,1.37937,1.37941,1.00,1.76
2015.01.14 17:52:00.348,1.37936,1.37943,1.50,1.20
2015.01.14 17:52:00.550,1.37932,1.37938,3.07,1.00
2015.01.14 17:52:00.601,1.37932,1.37941,3.07,1.10
2015.01.14 17:52:01.156,1.37934,1.37941,1.00,1.41
2015.01.14 17:52:01.359,1.37936,1.37943,1.50,1.00
2015.01.14 17:52:01.795,1.37938,1.37944,1.00,1.00
2015.01.14 17:52:02.300,1.37938,1.37945,1.00,1.87
2015.01.14 17:52:02.705,1.37938,1.37941,1.00,1.00
2015.01.14 17:52:03.010,1.37944,1.37948,1.00,1.37
2015.01.14 17:52:03.061,1.37944,1.37948,1.00,1.37
2015.01.14 17:52:03.264,1.37941,1.37947,2.44,1.37
2015.01.14 17:52:03.516,1.37938,1.37947,2.44,1.37
2015.01.14 17:52:03.820,1.37938,1.37941,1.50,1.00
2015.01.14 17:52:03.870,1.37936,1.37941,1.65,1.00
2015.01.14 17:52:04.073,1.37935,1.37942,1.25,2.62
2015.01.14 17:52:04.174,1.37932,1.37939,3.94,1.37
2015.01.14 17:52:04.629,1.37934,1.3794,1.50,1.00
2015.01.14 17:52:04.730,1.37935,1.37942,1.00,1.00
2015.01.14 17:52:05.236,1.37935,1.37943,2.25,1.25
2015.01.14 17:52:05.766,1.37934,1.37943,1.69,1.37
2015.01.14 17:52:06.279,1.37934,1.37943,2.06,1.00
2015.01.14 17:52:06.792,1.37937,1.37945,5.02,1.37
2015.01.14 17:52:07.317,1.37937,1.37945,5.02,1.00
2015.01.14 17:52:08.094,1.37937,1.37945,5.21,1.87
2015.01.14 17:52:08.660,1.3794,1.37945,1.00,1.87
2015.01.14 17:52:09.189,1.37939,1.37945,1.00,1.37
2015.01.14 17:52:09.712,1.3794,1.37945,1.00,2.06
2015.01.14 17:52:10.192,1.37939,1.37945,1.00,1.25
2015.01.14 17:52:10.741,1.3794,1.37945,1.00,1.69
2015.01.14 17:52:11.270,1.37939,1.37945,1.00,1.25
2015.01.14 17:52:12.194,1.3794,1.37946,1.00,1.19
2015.01.14 17:52:12.345,1.3794,1.37943,1.00,1.00
2015.01.14 17:52:13.432,1.37939,1.37943,1.00,1.00
2015.01.14 17:52:13.937,1.3794,1.37944,1.00,1.12
2015.01.14 17:52:14.544,1.3794,1.37946,1.20,1.19
2015.01.14 17:52:15.049,1.37941,1.37948,1.00,2.06
2015.01.14 17:52:17.571,1.37944,1.3795,2.81,1.50
2015.01.14 17:52:17.672,1.37945,1.37952,1.25,2.25
2015.01.14 17:52:17.975,1.37946,1.37954,1.87,1.12
2015.01.14 17:52:19.192,1.37948,1.37955,1.00,1.00
2015.01.14 17:52:19.497,1.37962,1.37964,1.19,1.50
2015.01.14 17:52:19.547,1.37962,1.37971,1.19,3.75
2015.01.14 17:52:19.600,1.37961,1.37971,3.94,3.00
2015.01.14 17:52:19.651,1.37961,1.37971,3.00,3.00
2015.01.14 17:52:19.702,1.37963,1.37966,1.50,1.00
2015.01.14 17:52:19.937,1.37961,1.37964,1.00,1.00
2015.01.14 17:52:20.291,1.3796,1.37966,2.25,1.00
2015.01.14 17:52:20.342,1.3796,1.37968,3.00,1.00
2015.01.14 17:52:20.393,1.37962,1.37968,1.50,1.00
2015.01.14 17:52:20.698,1.3796,1.37964,1.50,1.00
2015.01.14 17:52:21.310,1.37959,1.37964,1.00,1.00
2015.01.14 17:52:21.817,1.37957,1.37964,3.75,1.00
2015.01.14 17:52:22.325,1.37957,1.37963,1.87,1.00
2015.01.14 17:52:22.730,1.37957,1.37965,1.87,1.00
2015.01.14 17:52:23.256,1.37957,1.37965,1.69,1.00
2015.01.14 17:52:24.021,1.37956,1.37965,2.96,1.00
2015.01.14 17:52:24.226,1.37956,1.37963,2.96,1.00
2015.01.14 17:52:24.750,1.37956,1.37963,1.46,1.00
2015.01.14 17:52:26.054,1.37956,1.37963,1.39,1.00
2015.01.14 17:52:27.306,1.37956,1.37963,1.20,1.00
2015.01.14 17:52:30.114,1.37957,1.37965,1.00,1.00
2015.01.14 17:52:30.619,1.37955,1.37964,2.06,1.50
2015.01.14 17:52:31.134,1.37955,1.37963,2.06,1.00
2015.01.14 17:52:32.444,1.37957,1.37964,1.00,1.50
2015.01.14 17:52:36.117,1.37957,1.37963,1.00,1.00
2015.01.14 17:52:36.625,1.37955,1.37963,1.69,1.00
2015.01.14 17:52:37.132,1.37957,1.37963,1.00,1.00
2015.01.14 17:52:38.252,1.37958,1.37963,1.00,1.00
2015.01.14 17:52:40.333,1.37956,1.37963,1.46,1.00
2015.01.14 17:52:40.959,1.3796,1.37966,1.00,1.00
2015.01.14 17:52:41.309,1.37964,1.37967,1.00,1.00
2015.01.14 17:52:41.360,1.37961,1.37966,1.95,1.00
2015.01.14 17:52:41.874,1.37963,1.37967,1.10,1.00
2015.01.14 17:52:44.369,1.37961,1.37967,4.12,1.50
2015.01.14 17:52:44.572,1.37956,1.37961,1.65,1.00
2015.01.14 17:52:44.774,1.37955,1.37963,1.20,1.50
2015.01.14 17:52:45.558,1.37955,1.37962,2.62,1.00
2015.01.14 17:52:46.070,1.37955,1.37963,4.12,1.00
2015.01.14 17:52:46.574,1.37957,1.37965,2.06,1.00
2015.01.14 17:52:48.510,1.37957,1.37965,2.81,1.00
2015.01.14 17:52:48.662,1.3796,1.37965,1.00,1.00
2015.01.14 17:52:49.171,1.37957,1.37964,2.14,1.00
2015.01.14 17:52:50.136,1.37957,1.37964,1.57,1.00
2015.01.14 17:52:50.187,1.37959,1.37962,1.00,1.00
2015.01.14 17:52:50.288,1.37956,1.37961,1.07,1.00
2015.01.14 17:52:50.390,1.37954,1.37962,1.57,1.50
2015.01.14 17:52:50.542,1.37956,1.37962,1.00,1.00
2015.01.14 17:52:50.946,1.37958,1.37963,1.25,1.00
2015.01.14 17:52:51.199,1.37958,1.37965,1.25,1.00
2015.01.14 17:52:51.703,1.37958,1.37965,1.62,1.00
2015.01.14 17:52:52.208,1.37958,1.37965,1.69,1.00
2015.01.14 17:52:52.259,1.37958,1.37965,2.06,1.00
2015.01.14 17:52:52.360,1.3796,1.37967,1.50,1.00
2015.01.14 17:52:52.562,1.37962,1.37967,1.37,1.00
2015.01.14 17:52:53.074,1.37962,1.37968,1.50,1.50
2015.01.14 17:52:53.701,1.37962,1.37968,2.62,1.00
2015.01.14 17:52:54.206,1.37962,1.37969,2.62,1.00
2015.01.14 17:52:54.711,1.37962,1.3797,2.62,1.50
2015.01.14 17:52:56.930,1.37962,1.3797,2.81,1.50
2015.01.14 17:52:57.426,1.37962,1.37965,1.00,1.00
2015.01.14 17:52:57.630,1.37957,1.37961,1.50,1.00
2015.01.14 17:52:57.934,1.37959,1.37963,1.00,1.50
2015.01.14 17:52:58.439,1.37959,1.37964,1.00,1.00
2015.01.14 17:53:02.254,1.37959,1.37965,1.25,1.12
2015.01.14 17:53:02.558,1.37959,1.37963,1.25,1.00
2015.01.14 17:53:03.749,1.37959,1.37964,1.00,1.50
2015.01.14 17:53:05.335,1.37959,1.37963,1.00,1.00
2015.01.14 17:53:05.538,1.37956,1.37962,2.25,1.50
2015.01.14 17:53:05.762,1.37956,1.37964,1.50,2.25
2015.01.14 17:53:06.065,1.37959,1.37963,1.00,1.00
2015.01.14 17:53:07.044,1.37958,1.37963,1.50,1.50
2015.01.14 17:53:07.550,1.37957,1.37963,1.00,1.00
2015.01.14 17:53:07.974,1.37956,1.37961,2.62,1.00
2015.01.14 17:53:08.492,1.37956,1.37961,2.25,1.00
2015.01.14 17:53:08.951,1.37956,1.37963,2.81,1.50
2015.01.14 17:53:09.542,1.37956,1.37963,3.56,1.50
2015.01.14 17:53:09.882,1.37957,1.37961,1.00,1.00
2015.01.14 17:53:10.246,1.37957,1.37963,1.00,1.00
2015.01.14 17:53:10.762,1.37956,1.37963,2.81,1.00
2015.01.14 17:53:11.276,1.37957,1.37963,1.00,1.00
2015.01.14 17:53:12.898,1.37957,1.37962,1.00,1.00
2015.01.14 17:53:13.000,1.37957,1.3796,1.00,1.00
2015.01.14 17:53:13.353,1.37957,1.37962,1.19,1.00
2015.01.14 17:53:14.704,1.37956,1.37962,2.44,1.00
2015.01.14 17:53:14.805,1.37956,1.37959,1.69,1.00
2015.01.14 17:53:14.959,1.37952,1.37957,1.01,1.00
2015.01.14 17:53:15.212,1.37952,1.37958,3.00,1.00
2015.01.14 17:53:15.515,1.37957,1.37961,1.00,1.00
2015.01.14 17:53:16.020,1.37956,1.37963,1.00,2.81
2015.01.14 17:53:16.525,1.37957,1.37963,1.12,1.50
2015.01.14 17:53:16.930,1.3796,1.37963,1.00,1.00
2015.01.14 17:53:17.284,1.3796,1.37961,1.00,1.00
2015.01.14 17:53:17.830,1.3796,1.37965,1.00,1.50
2015.01.14 17:53:18.361,1.37959,1.37961,1.00,1.00
2015.01.14 17:53:18.413,1.37959,1.37963,1.00,1.12
2015.01.14 17:53:18.464,1.37957,1.37963,1.00,1.12
2015.01.14 17:53:19.013,1.37956,1.37962,1.00,1.00
2015.01.14 17:53:19.217,1.37958,1.37962,1.00,1.00
2015.01.14 17:53:19.728,1.37958,1.37965,1.00,1.00
2015.01.14 17:53:19.880,1.37956,1.37964,1.25,1.00
2015.01.14 17:53:20.360,1.37955,1.37962,7.31,1.00
2015.01.14 17:53:24.288,1.37956,1.37962,1.19,1.00
2015.01.14 17:53:24.794,1.37956,1.37963,1.19,1.12
2015.01.14 17:53:25.105,1.37956,1.37961,1.56,1.00
2015.01.14 17:53:25.621,1.37958,1.37962,1.31,1.00
2015.01.14 17:53:25.671,1.37958,1.37964,1.31,1.00
2015.01.14 17:53:26.311,1.37959,1.37964,1.12,1.00
2015.01.14 17:53:26.413,1.37959,1.37962,1.12,1.00
2015.01.14 17:53:26.614,1.37957,1.37962,1.31,1.00
2015.01.14 17:53:26.766,1.37957,1.37965,1.31,1.31
2015.01.14 17:53:26.817,1.37957,1.37965,2.06,1.25
2015.01.14 17:53:27.322,1.37956,1.37962,1.12,1.00
2015.01.14 17:53:27.828,1.37956,1.37961,1.87,1.00
2015.01.14 17:53:28.353,1.37955,1.37962,1.37,1.00
2015.01.14 17:53:29.358,1.37955,1.37962,1.12,1.50
2015.01.14 17:53:29.662,1.37955,1.37963,1.37,1.50
2015.01.14 17:53:29.779,1.37955,1.37962,1.50,1.00
2015.01.14 17:53:29.881,1.37958,1.37965,1.37,3.00
2015.01.14 17:53:30.184,1.37955,1.37963,1.25,1.00
2015.01.14 17:53:30.235,1.37962,1.37964,3.00,1.50
2015.01.14 17:53:30.286,1.37965,1.37968,1.87,2.25
2015.01.14 17:53:30.539,1.37962,1.37965,1.50,1.00
2015.01.14 17:53:30.691,1.37958,1.37965,2.25,1.00
2015.01.14 17:53:30.742,1.37958,1.37965,1.50,1.00
2015.01.14 17:53:31.248,1.37957,1.37965,1.00,1.50
2015.01.14 17:53:31.957,1.37957,1.37965,1.00,2.62
2015.01.14 17:53:32.463,1.37955,1.37962,1.95,1.00
2015.01.14 17:53:32.615,1.37955,1.37964,1.20,1.50
2015.01.14 17:53:33.120,1.37957,1.37964,1.00,1.87
2015.01.14 17:53:33.653,1.37957,1.37964,1.00,1.50
2015.01.14 17:53:35.194,1.37957,1.37963,1.69,1.00
2015.01.14 17:53:35.245,1.37957,1.37963,1.69,1.00
2015.01.14 17:53:35.346,1.37956,1.37965,3.26,1.87
2015.01.14 17:53:35.397,1.37956,1.37963,1.69,1.00
2015.01.14 17:53:35.448,1.37955,1.37963,1.69,1.00
2015.01.14 17:53:35.499,1.37955,1.3796,2.44,1.00
2015.01.14 17:53:35.701,1.37954,1.37959,1.76,1.00
2015.01.14 17:53:36.012,1.37952,1.37958,2.81,1.00
2015.01.14 17:53:36.113,1.37954,1.3796,1.29,1.00
2015.01.14 17:53:37.210,1.37954,1.37959,1.29,1.00
2015.01.14 17:53:37.769,1.37954,1.37959,1.10,1.00
2015.01.14 17:53:38.295,1.37954,1.37959,1.29,1.00
2015.01.14 17:53:38.800,1.37954,1.37957,1.29,1.00
2015.01.14 17:53:39.003,1.3795,1.37957,3.19,1.50
2015.01.14 17:53:39.523,1.37949,1.37957,2.81,1.00
2015.01.14 17:53:39.828,1.37951,1.37954,1.10,1.00
2015.01.14 17:53:40.131,1.37949,1.37953,1.20,1.00
2015.01.14 17:53:40.396,1.37949,1.37957,1.65,1.37
2015.01.14 17:53:41.162,1.3795,1.37957,1.00,1.87
2015.01.14 17:53:41.213,1.3795,1.37953,1.00,1.00
2015.01.14 17:53:42.109,1.3795,1.37954,2.25,1.00
2015.01.14 17:53:42.413,1.37951,1.37956,1.10,1.00
2015.01.14 17:53:42.463,1.37954,1.37956,1.00,1.00
2015.01.14 17:53:42.716,1.37953,1.37958,2.51,1.00
2015.01.14 17:53:43.222,1.37953,1.37957,2.06,1.00
2015.01.14 17:53:43.525,1.37952,1.37957,1.75,1.37
2015.01.14 17:53:43.627,1.37949,1.37957,1.75,1.37
2015.01.14 17:53:43.728,1.37947,1.37954,3.56,1.00
2015.01.14 17:53:44.254,1.3795,1.37955,1.50,1.00
2015.01.14 17:53:44.914,1.37951,1.37959,1.00,3.37
2015.01.14 17:53:44.965,1.37951,1.37959,1.50,2.25
2015.01.14 17:53:45.066,1.37952,1.37962,2.06,2.62
2015.01.14 17:53:45.369,1.37954,1.3796,1.01,1.00
2015.01.14 17:53:45.623,1.37955,1.37963,1.00,1.00
2015.01.14 17:53:46.151,1.37955,1.37964,1.00,2.25
2015.01.14 17:53:46.346,1.37955,1.37962,1.12,1.00
2015.01.14 17:53:46.650,1.37957,1.37964,1.00,1.50
2015.01.14 17:53:47.535,1.37957,1.37963,1.00,1.00
2015.01.14 17:53:47.838,1.3795,1.37956,4.76,1.00
2015.01.14 17:53:47.889,1.3795,1.37956,3.26,1.00
2015.01.14 17:53:48.457,1.37952,1.37958,1.25,1.00
2015.01.14 17:53:48.962,1.37952,1.37959,1.00,2.25
2015.01.14 17:53:49.467,1.37949,1.37959,1.39,2.62
2015.01.14 17:53:49.978,1.37949,1.37957,1.84,1.00
2015.01.14 17:53:50.485,1.3795,1.37959,1.25,2.62
2015.01.14 17:53:50.983,1.37948,1.37954,2.62,1.37
2015.01.14 17:53:51.236,1.37945,1.37953,2.70,1.00
2015.01.14 17:53:51.388,1.3795,1.37955,1.00,1.00
2015.01.14 17:53:51.439,1.3795,1.37957,1.00,2.25
2015.01.14 17:53:51.541,1.37952,1.37959,1.00,1.50
2015.01.14 17:53:51.642,1.3795,1.37958,1.00,1.00
2015.01.14 17:53:51.895,1.37947,1.37957,1.20,3.00
2015.01.14 17:53:52.424,1.37947,1.37956,1.00,2.62
2015.01.14 17:53:52.929,1.37946,1.37956,1.95,3.37
2015.01.14 17:53:53.384,1.37946,1.37953,1.10,1.00
2015.01.14 17:53:53.637,1.37944,1.37953,2.96,1.50
2015.01.14 17:53:54.151,1.37945,1.37953,1.00,2.25
2015.01.14 17:53:54.657,1.37946,1.37953,1.00,2.25
2015.01.14 17:53:55.243,1.37946,1.37954,1.12,1.50
2015.01.14 17:53:55.295,1.37949,1.37954,1.00,1.00
2015.01.14 17:53:55.802,1.37948,1.37955,1.37,1.00
2015.01.14 17:53:56.110,1.3795,1.37958,1.00,3.00
2015.01.14 17:53:56.615,1.3795,1.37959,1.00,1.00
2015.01.14 17:53:57.121,1.37951,1.37959,1.00,1.00
2015.01.14 17:53:57.796,1.37953,1.3796,1.00,1.00
2015.01.14 17:53:58.323,1.37954,1.37961,1.00,1.00
2015.01.14 17:53:58.850,1.37954,1.3796,1.00,1.00
2015.01.14 17:54:00.133,1.37953,1.3796,1.00,1.00
2015.01.14 17:54:00.437,1.37955,1.37961,1.00,1.00
2015.01.14 17:54:00.589,1.37955,1.37963,1.00,1.50
2015.01.14 17:54:00.640,1.37956,1.3796,1.00,1.00
2015.01.14 17:54:00.741,1.37953,1.3796,1.20,1.00
2015.01.14 17:54:01.256,1.37953,1.37961,1.20,1.37
2015.01.14 17:54:01.762,1.37952,1.37959,1.00,1.12
2015.01.14 17:54:01.813,1.3795,1.37959,1.00,1.12
2015.01.14 17:54:02.321,1.37953,1.37959,1.00,2.25
2015.01.14 17:54:02.958,1.3795,1.37959,1.20,1.50
2015.01.14 17:54:03.575,1.3795,1.37957,2.14,1.00
2015.01.14 17:54:04.102,1.37952,1.37957,1.00,1.00
2015.01.14 17:54:04.809,1.37952,1.37959,1.00,1.50
2015.01.14 17:54:05.322,1.37953,1.37959,1.00,1.00
2015.01.14 17:54:07.271,1.37952,1.37959,1.00,1.00
2015.01.14 17:54:07.322,1.37952,1.37954,1.00,1.00
2015.01.14 17:54:07.373,1.37948,1.37954,2.02,2.25
2015.01.14 17:54:07.423,1.37946,1.37952,1.50,1.00
2015.01.14 17:54:07.475,1.37945,1.37952,1.00,1.50
2015.01.14 17:54:07.778,1.37947,1.37952,1.00,1.50
2015.01.14 17:54:08.081,1.37948,1.37953,1.37,1.50
2015.01.14 17:54:09.494,1.37949,1.37957,1.12,1.00
2015.01.14 17:54:09.999,1.3795,1.37957,1.00,1.00
2015.01.14 17:54:10.505,1.37949,1.37958,2.62,2.25
2015.01.14 17:54:10.657,1.37951,1.37959,1.00,2.62
2015.01.14 17:54:10.809,1.37949,1.37959,5.06,1.87
2015.01.14 17:54:11.428,1.37949,1.37956,1.31,1.12
2015.01.14 17:54:11.936,1.37948,1.37956,1.56,1.87
2015.01.14 17:54:13.060,1.37949,1.37958,1.12,2.06
2015.01.14 17:54:13.566,1.37948,1.37957,1.62,2.62
2015.01.14 17:54:14.098,1.37948,1.37956,1.25,1.00
2015.01.14 17:54:14.603,1.37948,1.37955,1.00,1.00
2015.01.14 17:54:15.472,1.37947,1.37955,1.50,1.00
2015.01.14 17:54:16.283,1.37948,1.37955,1.00,1.00
2015.01.14 17:54:16.687,1.37947,1.37951,1.69,1.00
2015.01.14 17:54:17.041,1.37947,1.37954,2.06,1.00
2015.01.14 17:54:17.142,1.37947,1.37955,2.06,1.00
2015.01.14 17:54:17.648,1.3795,1.37955,1.00,1.00
2015.01.14 17:54:17.901,1.3795,1.37957,1.00,2.44
2015.01.14 17:54:19.943,1.37951,1.37959,1.00,2.51
2015.01.14 17:54:20.448,1.37951,1.37959,1.00,1.50
2015.01.14 17:54:20.953,1.37951,1.37958,1.00,1.00
2015.01.14 17:54:21.988,1.37956,1.37959,1.00,1.00
2015.01.14 17:54:22.192,1.37958,1.37965,1.00,3.00
2015.01.14 17:54:22.243,1.37958,1.37966,1.00,1.25
2015.01.14 17:54:22.294,1.37956,1.37966,1.50,1.25
2015.01.14 17:54:23.067,1.37956,1.37966,2.44,1.00
2015.01.14 17:54:23.609,1.37956,1.37965,1.19,1.00
2015.01.14 17:54:25.189,1.37956,1.37964,1.00,1.87
2015.01.14 17:54:25.240,1.37954,1.3796,1.20,1.37
2015.01.14 17:54:25.442,1.37951,1.37959,1.25,1.12
2015.01.14 17:54:25.745,1.37952,1.37961,1.00,2.25
2015.01.14 17:54:25.949,1.37956,1.37961,1.00,1.00
2015.01.14 17:54:26.057,1.37956,1.37963,1.00,1.00
2015.01.14 17:54:26.311,1.37955,1.37961,1.50,1.00
2015.01.14 17:54:26.362,1.37953,1.37961,1.20,1.50
2015.01.14 17:54:26.463,1.37951,1.37959,1.50,1.00
2015.01.14 17:54:26.514,1.3795,1.37958,1.57,1.00
2015.01.14 17:54:27.322,1.37951,1.37959,1.00,2.44
2015.01.14 17:54:29.034,1.37953,1.37959,1.00,1.50
2015.01.14 17:54:29.237,1.37956,1.37964,1.00,2.32
2015.01.14 17:54:29.742,1.37957,1.37964,1.00,1.50
2015.01.14 17:54:30.146,1.37956,1.37966,1.00,1.00
2015.01.14 17:54:30.247,1.37958,1.37966,1.00,1.00
2015.01.14 17:54:31.045,1.37957,1.37965,1.00,1.00
2015.01.14 17:54:31.551,1.37957,1.37966,1.50,1.00
2015.01.14 17:54:31.855,1.3796,1.37963,1.00,1.00
2015.01.14 17:54:32.209,1.37961,1.37965,1.00,1.00
2015.01.14 17:54:32.664,1.37963,1.37967,1.00,2.32
2015.01.14 17:54:34.641,1.37963,1.37966,1.00,1.00
2015.01.14 17:54:36.111,1.37958,1.37966,1.69,1.50
2015.01.14 17:54:36.635,1.37958,1.37965,1.69,1.00
2015.01.14 17:54:37.163,1.37958,1.37965,1.69,1.00
2015.01.14 17:54:38.680,1.37958,1.37964,1.25,1.00
2015.01.14 17:54:38.782,1.37956,1.37964,1.69,1.00
2015.01.14 17:54:40.984,1.37957,1.37964,1.00,1.00
2015.01.14 17:54:41.186,1.37957,1.37966,1.25,1.50
2015.01.14 17:54:41.692,1.37958,1.37966,1.00,1.00
2015.01.14 17:54:43.876,1.37958,1.37964,1.00,1.00
2015.01.14 17:54:44.401,1.37958,1.37965,1.00,1.00
2015.01.14 17:54:45.091,1.37959,1.37965,1.00,1.00
2015.01.14 17:54:45.193,1.3796,1.37967,1.00,1.00
2015.01.14 17:54:45.698,1.37959,1.37966,1.00,1.00
2015.01.14 17:54:46.207,1.37958,1.37966,1.25,1.50
2015.01.14 17:54:46.510,1.37962,1.37968,1.00,1.27
2015.01.14 17:54:46.662,1.37961,1.3797,1.00,1.50
2015.01.14 17:54:47.318,1.37959,1.37969,2.44,1.37
2015.01.14 17:54:47.773,1.3796,1.3797,1.25,3.19
2015.01.14 17:54:47.824,1.3796,1.3797,1.19,2.25
2015.01.14 17:54:48.329,1.37961,1.37968,1.19,1.00
2015.01.14 17:54:48.480,1.37962,1.3797,1.25,3.00
2015.01.14 17:54:48.834,1.37961,1.37967,1.00,1.37
2015.01.14 17:54:48.885,1.37959,1.37967,1.00,1.87
2015.01.14 17:54:49.137,1.37959,1.37968,1.00,1.50
2015.01.14 17:54:49.491,1.37961,1.37968,1.00,1.00
2015.01.14 17:54:49.693,1.37962,1.3797,1.00,2.40
2015.01.14 17:54:50.366,1.37962,1.37968,1.00,1.00
2015.01.14 17:54:50.507,1.37958,1.37966,1.69,1.00
2015.01.14 17:54:53.782,1.3796,1.37966,1.00,1.00
2015.01.14 17:54:53.884,1.37961,1.37968,1.50,1.20
2015.01.14 17:54:54.036,1.37961,1.3797,1.00,1.00
2015.01.14 17:54:54.398,1.37963,1.37971,1.00,1.00
2015.01.14 17:54:55.003,1.37966,1.37971,1.00,1.12
2015.01.14 17:54:55.105,1.37964,1.37971,1.25,1.37
2015.01.14 17:54:55.666,1.37963,1.37971,1.19,1.87
2015.01.14 17:54:56.177,1.37963,1.37971,1.25,1.12
2015.01.14 17:54:56.329,1.37963,1.37973,1.25,4.87
2015.01.14 17:54:59.583,1.37963,1.37973,1.69,4.87
2015.01.14 17:55:00.104,1.37963,1.37973,1.69,4.50
2015.01.14 17:55:00.610,1.37963,1.37973,1.69,4.87
2015.01.14 17:55:01.122,1.37963,1.37973,1.19,4.87
2015.01.14 17:55:01.631,1.37963,1.37973,1.19,4.87
2015.01.14 17:55:01.884,1.37963,1.37972,1.19,1.37
2015.01.14 17:55:02.137,1.37964,1.37972,1.00,1.50
2015.01.14 17:55:03.044,1.37969,1.37972,1.37,1.00
2015.01.14 17:55:03.246,1.37976,1.37978,1.00,1.00
2015.01.14 17:55:03.297,1.37976,1.37981,1.50,1.00
2015.01.14 17:55:03.450,1.37976,1.37984,2.25,1.00
2015.01.14 17:55:03.653,1.37976,1.37986,1.00,1.69
2015.01.14 17:55:03.754,1.37976,1.37984,1.00,1.00
2015.01.14 17:55:04.158,1.37974,1.37982,1.31,1.00
2015.01.14 17:55:04.663,1.37975,1.37983,1.87,1.00
2015.01.14 17:55:05.194,1.37975,1.37985,1.87,2.62
2015.01.14 17:55:05.705,1.37975,1.37985,1.87,2.62
2015.01.14 17:55:06.831,1.37975,1.37983,1.00,1.12
2015.01.14 17:55:08.859,1.37972,1.37981,1.57,1.12
2015.01.14 17:55:08.911,1.37972,1.37979,1.57,1.00
2015.01.14 17:55:09.416,1.37972,1.3798,1.00,1.00
2015.01.14 17:55:09.719,1.37967,1.37973,1.37,1.50
2015.01.14 17:55:09.770,1.37965,1.37973,1.37,1.50
2015.01.14 17:55:09.871,1.37965,1.37973,1.00,1.50
2015.01.14 17:55:09.972,1.37963,1.37973,1.50,1.00
2015.01.14 17:55:10.023,1.37965,1.37973,1.00,1.00
2015.01.14 17:55:10.478,1.37967,1.37975,1.12,3.00
2015.01.14 17:55:10.782,1.37975,1.3798,1.00,1.57
2015.01.14 17:55:10.833,1.37973,1.3798,1.00,1.50
2015.01.14 17:55:11.123,1.37971,1.3798,1.69,1.50
2015.01.14 17:55:11.225,1.3797,1.37976,1.31,1.50
2015.01.14 17:55:11.326,1.37969,1.37976,1.10,3.75
2015.01.14 17:55:11.579,1.37971,1.37978,1.00,1.84
2015.01.14 17:55:11.933,1.37971,1.3798,1.50,1.65
2015.01.14 17:55:12.438,1.37972,1.3798,1.50,1.50
2015.01.14 17:55:12.691,1.3797,1.3798,1.25,2.62
2015.01.14 17:55:12.792,1.37969,1.37977,1.69,1.00
2015.01.14 17:55:13.297,1.37969,1.37977,1.00,1.00
2015.01.14 17:55:13.600,1.37972,1.37978,1.19,1.00
2015.01.14 17:55:13.702,1.37972,1.3798,2.44,1.00
2015.01.14 17:55:14.208,1.37973,1.37981,1.69,1.00
2015.01.14 17:55:14.727,1.37973,1.3798,2.44,1.00
2015.01.14 17:55:15.583,1.37977,1.3798,1.37,1.00
2015.01.14 17:55:15.685,1.37978,1.37985,1.37,2.62
2015.01.14 17:55:15.786,1.37977,1.37983,1.00,1.00
2015.01.14 17:55:16.089,1.37975,1.37984,2.25,1.00
2015.01.14 17:55:16.594,1.37975,1.37983,1.87,1.50
2015.01.14 17:55:17.194,1.37979,1.37983,1.00,1.00
2015.01.14 17:55:17.497,1.37982,1.37988,1.50,2.25
2015.01.14 17:55:17.901,1.37979,1.37984,1.25,1.00
2015.01.14 17:55:18.003,1.37978,1.37986,2.25,1.00
2015.01.14 17:55:18.306,1.37978,1.37984,1.00,1.00
2015.01.14 17:55:18.812,1.37977,1.37984,1.25,1.00
2015.01.14 17:55:20.526,1.37977,1.37985,1.00,2.25
2015.01.14 17:55:21.237,1.37977,1.37984,1.25,1.00
2015.01.14 17:55:21.540,1.37973,1.37978,1.37,1.00
2015.01.14 17:55:21.641,1.37974,1.37981,1.12,1.00
2015.01.14 17:55:22.321,1.37972,1.37978,1.87,1.00
2015.01.14 17:55:22.423,1.3797,1.37977,1.87,1.00
2015.01.14 17:55:22.524,1.3797,1.37977,1.12,1.00
2015.01.14 17:55:23.401,1.37969,1.37977,2.06,1.00
2015.01.14 17:55:23.553,1.37971,1.37979,2.06,1.10
2015.01.14 17:55:23.971,1.37972,1.37981,1.12,2.96
2015.01.14 17:55:24.480,1.37972,1.37979,1.12,1.00
2015.01.14 17:55:25.149,1.37972,1.37977,1.00,1.00
2015.01.14 17:55:25.251,1.37971,1.37979,1.31,1.00
2015.01.14 17:55:25.770,1.37969,1.37977,2.06,1.00
2015.01.14 17:55:25.821,1.37969,1.37977,1.00,1.00
2015.01.14 17:55:26.843,1.37969,1.37979,2.06,4.12
2015.01.14 17:55:27.352,1.37969,1.37979,1.56,4.12
2015.01.14 17:55:27.863,1.37969,1.37979,1.19,4.87
2015.01.14 17:55:28.321,1.37972,1.37978,1.00,1.20
2015.01.14 17:55:28.473,1.37973,1.37979,1.00,1.50
2015.01.14 17:55:31.211,1.37974,1.37979,1.00,1.50
2015.01.14 17:55:31.615,1.37971,1.37978,1.69,1.00
2015.01.14 17:55:32.119,1.37971,1.37979,2.06,2.25
2015.01.14 17:55:34.681,1.37972,1.37978,1.31,1.00
2015.01.14 17:55:34.783,1.37971,1.37975,1.69,1.00
2015.01.14 17:55:35.691,1.37969,1.37976,2.06,1.00
2015.01.14 17:55:35.742,1.37969,1.37977,1.31,1.50
2015.01.14 17:55:35.894,1.37972,1.37978,1.00,1.00
2015.01.14 17:55:36.399,1.37973,1.37978,1.00,1.00
2015.01.14 17:55:36.551,1.37973,1.37981,1.50,2.25
2015.01.14 17:55:36.753,1.37975,1.37981,1.50,1.50
2015.01.14 17:55:36.905,1.37977,1.37984,1.00,1.50
2015.01.14 17:55:37.057,1.37978,1.37986,2.25,1.50
2015.01.14 17:55:37.562,1.37979,1.37987,1.00,2.44
2015.01.14 17:55:38.549,1.37979,1.37984,1.00,1.00
2015.01.14 17:55:38.651,1.37981,1.37988,1.00,2.14
2015.01.14 17:55:38.804,1.37981,1.37989,1.00,1.20
2015.01.14 17:55:39.461,1.37982,1.37989,1.00,1.20
2015.01.14 17:55:39.562,1.37985,1.37991,1.00,3.00
2015.01.14 17:55:39.715,1.37987,1.37992,1.00,1.10
2015.01.14 17:55:40.200,1.37983,1.3799,1.37,2.25
2015.01.14 17:55:40.302,1.37981,1.3799,1.01,3.00
2015.01.14 17:55:40.403,1.37981,1.37987,1.69,1.00
2015.01.14 17:55:40.655,1.37983,1.3799,1.00,1.10
2015.01.14 17:55:41.110,1.3798,1.37987,2.06,1.50
2015.01.14 17:55:41.262,1.37979,1.37987,1.20,1.50
2015.01.14 17:55:41.515,1.37981,1.37989,1.00,1.09
2015.01.14 17:55:42.019,1.37981,1.37988,1.00,1.00
2015.01.14 17:55:42.524,1.37983,1.3799,1.50,1.00
2015.01.14 17:55:43.030,1.37984,1.3799,1.25,1.00
2015.01.14 17:55:43.788,1.37983,1.37991,2.81,1.00
2015.01.14 17:55:44.091,1.37986,1.37993,1.12,1.00
2015.01.14 17:55:46.938,1.37985,1.37993,1.31,1.00
2015.01.14 17:55:47.456,1.37985,1.37992,1.31,1.00
2015.01.14 17:55:49.148,1.37985,1.37992,1.19,1.00
2015.01.14 17:55:51.125,1.37984,1.37991,2.44,1.00
2015.01.14 17:55:51.635,1.37983,1.37991,1.62,1.50
2015.01.14 17:55:52.193,1.37983,1.37991,1.31,1.50
2015.01.14 17:55:52.703,1.37982,1.3799,2.06,1.00
2015.01.14 17:55:53.214,1.37982,1.3799,1.87,1.00
2015.01.14 17:55:53.731,1.37982,1.37989,1.50,1.00
2015.01.14 17:55:53.833,1.37982,1.37987,1.00,1.00
2015.01.14 17:55:54.341,1.37979,1.37988,1.31,1.50
2015.01.14 17:55:54.847,1.37978,1.37987,1.56,1.87
2015.01.14 17:55:55.364,1.37978,1.37987,1.56,2.06
2015.01.14 17:55:56.868,1.37981,1.37987,1.00,1.50
2015.01.14 17:55:59.870,1.3798,1.37987,2.25,1.50
2015.01.14 17:56:02.593,1.37979,1.37987,2.81,1.50
2015.01.14 17:56:04.237,1.37979,1.37987,1.00,1.87
2015.01.14 17:56:04.541,1.37973,1.37981,1.19,1.00
2015.01.14 17:56:04.844,1.37972,1.37979,1.19,1.00
2015.01.14 17:56:05.361,1.37972,1.37979,1.00,1.00
2015.01.14 17:56:05.721,1.37972,1.37981,1.50,1.00
2015.01.14 17:56:06.234,1.37972,1.37981,1.37,1.87
2015.01.14 17:56:06.692,1.37973,1.37983,1.50,3.00
2015.01.14 17:56:07.147,1.37973,1.37981,1.00,1.00
2015.01.14 17:56:09.027,1.37972,1.37981,2.06,1.00
2015.01.14 17:56:09.330,1.37975,1.37983,1.12,3.75
2015.01.14 17:56:11.090,1.37976,1.37983,1.00,3.00
2015.01.14 17:56:11.596,1.37975,1.37984,1.00,2.25
2015.01.14 17:56:12.101,1.37975,1.37983,1.87,1.00
2015.01.14 17:56:13.021,1.37974,1.37982,2.06,1.00
2015.01.14 17:56:14.409,1.37972,1.37981,2.06,1.50
2015.01.14 17:56:14.713,1.37967,1.37974,1.12,1.00
2015.01.14 17:56:14.815,1.37963,1.37973,2.81,1.00
2015.01.14 17:56:14.917,1.37969,1.37976,1.00,1.87
2015.01.14 17:56:14.968,1.37969,1.37977,1.50,3.15
2015.01.14 17:56:15.135,1.37971,1.37979,1.00,1.12
2015.01.14 17:56:15.642,1.37971,1.37979,1.00,1.50
2015.01.14 17:56:15.956,1.37971,1.37975,1.00,1.00
2015.01.14 17:56:16.475,1.37969,1.37974,1.69,1.00
2015.01.14 17:56:16.989,1.37969,1.37974,2.44,1.00
2015.01.14 17:56:17.494,1.37969,1.37975,1.69,1.00
2015.01.14 17:56:18.022,1.37968,1.37974,1.00,1.00
2015.01.14 17:56:18.123,1.37965,1.37972,1.10,1.00
2015.01.14 17:56:18.276,1.37964,1.37969,1.12,1.00
2015.01.14 17:56:18.478,1.37963,1.37972,1.87,1.00
2015.01.14 17:56:19.416,1.37964,1.37972,1.62,1.00
2015.01.14 17:56:19.972,1.37964,1.37972,2.06,1.00
2015.01.14 17:56:20.428,1.37961,1.37971,1.25,1.50
2015.01.14 17:56:20.756,1.3796,1.37969,3.56,1.00
2015.01.14 17:56:21.060,1.37963,1.37966,1.00,1.00
2015.01.14 17:56:21.569,1.37961,1.37969,2.44,1.00
2015.01.14 17:56:22.082,1.37961,1.37969,2.44,1.00
2015.01.14 17:56:22.646,1.37961,1.37968,2.44,1.00
2015.01.14 17:56:22.850,1.37961,1.37965,2.06,1.00
2015.01.14 17:56:22.952,1.37959,1.37965,3.56,1.00
2015.01.14 17:56:23.474,1.37959,1.37964,1.50,1.00
2015.01.14 17:56:24.334,1.37958,1.37963,1.69,1.00
2015.01.14 17:56:24.994,1.37957,1.37967,4.69,1.00
2015.01.14 17:56:25.450,1.37965,1.37968,3.00,1.00
2015.01.14 17:56:25.501,1.37967,1.37969,1.25,1.00
2015.01.14 17:56:25.653,1.37968,1.37973,1.37,1.00
2015.01.14 17:56:25.956,1.3797,1.37975,1.00,1.00
2015.01.14 17:56:26.108,1.37966,1.3797,1.69,1.00
2015.01.14 17:56:26.613,1.37965,1.3797,2.44,1.00
2015.01.14 17:56:27.089,1.37966,1.3797,1.00,1.00
2015.01.14 17:56:27.190,1.37966,1.3797,1.00,1.00
2015.01.14 17:56:27.696,1.37964,1.37969,3.19,1.00
2015.01.14 17:56:28.202,1.37963,1.37968,2.06,1.00
2015.01.14 17:56:29.831,1.37962,1.37966,1.00,1.00
2015.01.14 17:56:29.882,1.37962,1.37966,1.00,1.00
2015.01.14 17:56:30.288,1.3796,1.37964,1.25,1.00
2015.01.14 17:56:30.490,1.3796,1.37963,1.00,1.00
2015.01.14 17:56:30.541,1.37958,1.37963,1.50,1.00
2015.01.14 17:56:31.902,1.37958,1.37964,1.00,1.00
2015.01.14 17:56:32.004,1.37958,1.37962,1.87,1.00
2015.01.14 17:56:32.649,1.37958,1.37962,1.00,1.00
2015.01.14 17:56:33.183,1.37958,1.37962,1.00,1.00
2015.01.14 17:56:33.787,1.37958,1.37962,1.00,1.00
2015.01.14 17:56:34.210,1.37958,1.37962,1.00,1.00
2015.01.14 17:56:34.897,1.37958,1.37968,1.19,1.25
2015.01.14 17:56:35.995,1.37958,1.37963,1.56,1.00
2015.01.14 17:56:36.299,1.37962,1.37966,1.50,1.00
2015.01.14 17:56:37.929,1.37962,1.37968,1.31,1.00
2015.01.14 17:56:38.134,1.37967,1.37971,1.87,1.00
2015.01.14 17:56:38.186,1.37966,1.3797,1.25,1.00
2015.01.14 17:56:38.389,1.37967,1.37971,1.00,1.00
2015.01.14 17:56:38.693,1.37967,1.37974,1.00,1.00
2015.01.14 17:56:38.844,1.37964,1.37969,1.50,1.00
2015.01.14 17:56:38.996,1.37962,1.37966,1.56,1.00
2015.01.14 17:56:39.308,1.37962,1.37969,2.81,1.00
2015.01.14 17:56:39.510,1.37963,1.37969,1.56,1.00
2015.01.14 17:56:39.712,1.37961,1.37967,3.19,1.00
2015.01.14 17:56:39.763,1.37961,1.37967,3.56,1.00
2015.01.14 17:56:39.813,1.37961,1.37966,1.31,1.00
2015.01.14 17:56:39.965,1.37959,1.37965,6.64,1.00
2015.01.14 17:56:40.470,1.37958,1.37963,1.69,1.00
2015.01.14 17:56:40.912,1.37961,1.37964,1.50,1.00
2015.01.14 17:56:41.013,1.37961,1.37964,1.50,1.00
2015.01.14 17:56:41.518,1.37957,1.37963,2.44,1.00
2015.01.14 17:56:42.125,1.37957,1.37963,1.69,1.00
2015.01.14 17:56:42.630,1.37957,1.37963,1.69,1.00
2015.01.14 17:56:43.305,1.37961,1.37963,1.00,1.00
2015.01.14 17:56:43.557,1.37962,1.37966,1.62,1.00
2015.01.14 17:56:44.013,1.3796,1.37965,1.56,1.00
2015.01.14 17:56:44.527,1.37961,1.37969,1.69,1.00
2015.01.14 17:56:45.334,1.3796,1.37966,1.56,1.00
2015.01.14 17:56:46.242,1.37961,1.37966,1.25,1.00
2015.01.14 17:56:46.650,1.37961,1.37965,1.25,1.00
2015.01.14 17:56:47.519,1.3796,1.37965,3.56,1.00
2015.01.14 17:56:48.125,1.37961,1.37965,1.31,1.00
2015.01.14 17:56:48.645,1.37961,1.37965,2.06,1.00
2015.01.14 17:56:48.747,1.37961,1.37966,2.81,1.00
2015.01.14 17:56:49.260,1.37963,1.37967,1.25,1.00
2015.01.14 17:56:50.082,1.37963,1.37967,1.31,1.00
2015.01.14 17:56:50.616,1.37961,1.37966,2.06,1.00
2015.01.14 17:56:50.869,1.3796,1.3797,2.44,2.25
2015.01.14 17:56:51.385,1.3796,1.37969,1.19,1.00
2015.01.14 17:56:51.893,1.3796,1.3797,1.19,2.25
2015.01.14 17:56:52.381,1.37962,1.37969,1.37,1.00
2015.01.14 17:56:52.684,1.37962,1.37967,1.00,1.50
2015.01.14 17:56:52.887,1.37958,1.37966,1.12,1.50
2015.01.14 17:56:53.448,1.3796,1.37968,1.00,1.25
2015.01.14 17:56:53.960,1.37959,1.37969,1.00,1.69
2015.01.14 17:56:54.283,1.37957,1.37966,2.44,2.25
2015.01.14 17:56:54.806,1.37958,1.37966,1.00,2.25
2015.01.14 17:56:55.329,1.37957,1.37966,1.00,2.25
2015.01.14 17:56:55.632,1.37956,1.37964,1.00,1.00
2015.01.14 17:56:56.137,1.37955,1.37963,1.00,1.00
2015.01.14 17:56:56.441,1.37959,1.37968,1.00,3.45
2015.01.14 17:56:56.862,1.3796,1.37969,1.00,1.57
2015.01.14 17:56:57.294,1.37962,1.3797,1.00,1.09
2015.01.14 17:56:57.986,1.37963,1.37971,1.00,2.25
2015.01.14 17:56:58.290,1.37968,1.37975,1.00,1.00
2015.01.14 17:56:58.826,1.37968,1.37976,1.00,1.50
2015.01.14 17:56:59.351,1.37969,1.37976,1.00,1.00
2015.01.14 17:56:59.705,1.37967,1.37971,1.00,1.00
2015.01.14 17:56:59.806,1.37965,1.37971,1.00,1.00
2015.01.14 17:56:59.907,1.37963,1.37971,1.50,1.00
2015.01.14 17:57:00.160,1.37963,1.37973,1.00,2.25
2015.01.14 17:57:00.262,1.37963,1.37968,1.00,1.00
2015.01.14 17:57:00.413,1.37961,1.37967,1.00,1.00
2015.01.14 17:57:00.767,1.37959,1.37967,1.50,1.50
2015.01.14 17:57:03.941,1.37958,1.37967,1.00,1.87
2015.01.14 17:57:04.483,1.37957,1.37967,2.25,1.50
2015.01.14 17:57:06.653,1.37957,1.37965,1.25,1.00
2015.01.14 17:57:06.968,1.37954,1.37962,1.19,1.00
2015.01.14 17:57:07.019,1.37954,1.37962,1.00,1.50
2015.01.14 17:57:08.723,1.37954,1.3796,1.00,1.00
2015.01.14 17:57:09.026,1.37952,1.37959,1.50,1.37
2015.01.14 17:57:09.350,1.37952,1.37956,1.50,1.00
2015.01.14 17:57:09.603,1.37953,1.3796,1.50,1.00
2015.01.14 17:57:09.755,1.37954,1.37963,3.00,3.00
2015.01.14 17:57:09.857,1.37955,1.37959,1.00,1.00
2015.01.14 17:57:10.414,1.37955,1.37957,1.00,1.00
2015.01.14 17:57:10.717,1.37954,1.37955,1.00,1.00
2015.01.14 17:57:11.239,1.37954,1.37956,1.00,1.50
2015.01.14 17:57:11.663,1.37951,1.37956,1.00,1.00
2015.01.14 17:57:11.917,1.37951,1.37954,1.00,1.00
2015.01.14 17:57:12.221,1.3795,1.37956,1.50,2.25
2015.01.14 17:57:12.577,1.37952,1.37956,1.00,1.00
2015.01.14 17:57:13.318,1.37951,1.37956,2.25,1.12
2015.01.14 17:57:14.781,1.37951,1.37957,2.25,1.20
2015.01.14 17:57:16.367,1.37951,1.37956,1.00,1.00
2015.01.14 17:57:16.915,1.37951,1.37955,1.50,1.00
2015.01.14 17:57:17.131,1.37948,1.37953,1.00,1.50
2015.01.14 17:57:17.636,1.37947,1.37952,2.25,1.00
2015.01.14 17:57:17.738,1.37947,1.3795,2.25,1.00
2015.01.14 17:57:18.192,1.37947,1.37952,1.00,1.00
2015.01.14 17:57:18.294,1.37948,1.37954,2.25,1.00
2015.01.14 17:57:18.547,1.37949,1.37956,1.50,1.00
2015.01.14 17:57:19.060,1.37949,1.37954,1.00,1.50
2015.01.14 17:57:19.162,1.37947,1.37954,1.00,1.50
2015.01.14 17:57:19.263,1.37948,1.37952,1.00,1.00
2015.01.14 17:57:19.364,1.37946,1.37953,1.50,1.12
2015.01.14 17:57:19.888,1.37946,1.37952,1.50,1.00
2015.01.14 17:57:22.478,1.37946,1.37951,1.00,1.00
2015.01.14 17:57:22.985,1.37946,1.3795,1.00,1.00
2015.01.14 17:57:23.188,1.37943,1.37945,1.00,1.00
2015.01.14 17:57:23.239,1.37942,1.37945,1.50,1.00
2015.01.14 17:57:23.340,1.3794,1.37946,1.00,1.00
2015.01.14 17:57:23.592,1.37942,1.37946,1.00,1.00
2015.01.14 17:57:24.107,1.37942,1.37945,1.50,1.00
2015.01.14 17:57:24.453,1.3794,1.37944,1.00,1.00
2015.01.14 17:57:24.555,1.37939,1.37942,2.25,1.00
2015.01.14 17:57:25.061,1.37938,1.37942,1.00,1.50
2015.01.14 17:57:25.386,1.37941,1.37945,2.25,1.00
2015.01.14 17:57:25.487,1.37941,1.37948,1.50,1.50
2015.01.14 17:57:25.791,1.37942,1.37946,1.00,1.00
2015.01.14 17:57:26.245,1.37942,1.37948,1.50,1.00
2015.01.14 17:57:26.296,1.37944,1.37948,1.50,1.00
2015.01.14 17:57:26.347,1.37945,1.37951,1.00,1.20
2015.01.14 17:57:26.398,1.37945,1.37948,1.50,1.00
2015.01.14 17:57:26.499,1.37944,1.3795,1.50,1.50
2015.01.14 17:57:26.600,1.3795,1.37952,1.00,1.00
2015.01.14 17:57:26.651,1.3795,1.37956,1.50,2.32
2015.01.14 17:57:26.702,1.37954,1.37956,1.00,1.20
2015.01.14 17:57:26.995,1.37956,1.37962,1.50,1.50
2015.01.14 17:57:29.188,1.37956,1.37961,2.25,1.00
2015.01.14 17:57:31.317,1.37956,1.37963,2.25,1.10
2015.01.14 17:57:32.226,1.37956,1.37959,1.00,1.00
2015.01.14 17:57:32.277,1.37953,1.37959,1.00,1.00
2015.01.14 17:57:32.328,1.37953,1.37957,1.00,1.37
2015.01.14 17:57:32.430,1.37951,1.37956,1.50,1.00
2015.01.14 17:57:32.531,1.37948,1.37956,1.00,1.00
2015.01.14 17:57:32.734,1.37951,1.37957,1.50,2.25
2015.01.14 17:57:33.037,1.37954,1.37958,1.00,1.00
2015.01.14 17:57:33.542,1.37954,1.37959,1.00,1.00
2015.01.14 17:57:34.048,1.37954,1.3796,1.00,1.00
2015.01.14 17:57:35.295,1.37954,1.37961,1.00,1.00
2015.01.14 17:57:35.800,1.37955,1.37961,1.00,1.12
2015.01.14 17:57:41.363,1.37957,1.37963,1.50,2.06
2015.01.14 17:57:41.883,1.37957,1.37963,1.50,2.02
2015.01.14 17:57:42.186,1.37955,1.37959,1.50,1.00
2015.01.14 17:57:42.291,1.37955,1.37962,1.50,1.87
2015.01.14 17:57:42.393,1.37955,1.37964,2.25,1.50
2015.01.14 17:57:42.953,1.37956,1.37964,1.00,1.50
2015.01.14 17:57:49.344,1.37956,1.37964,1.37,1.50
2015.01.14 17:57:49.874,1.37956,1.37962,1.00,1.00
2015.01.14 17:57:49.975,1.37956,1.37964,1.00,1.10
2015.01.14 17:57:50.379,1.37954,1.37964,2.25,1.10
2015.01.14 17:57:50.926,1.37955,1.37963,1.50,1.00
2015.01.14 17:57:51.333,1.37955,1.37961,1.50,1.00
2015.01.14 17:57:54.291,1.37955,1.37963,1.00,1.87
2015.01.14 17:57:54.544,1.37958,1.37966,1.50,1.31
2015.01.14 17:57:54.645,1.37958,1.37964,1.00,1.00
2015.01.14 17:57:54.948,1.37959,1.37967,1.50,3.00
2015.01.14 17:57:55.050,1.37962,1.37969,1.50,1.20
2015.01.14 17:57:55.302,1.37965,1.37973,3.00,1.00
2015.01.14 17:57:55.353,1.37965,1.37969,1.50,1.00
2015.01.14 17:57:55.606,1.37963,1.37969,1.50,1.00
2015.01.14 17:57:56.111,1.37963,1.37973,2.25,2.62
2015.01.14 17:57:56.263,1.37963,1.37973,2.25,2.25
2015.01.14 17:57:56.314,1.37965,1.37973,1.00,1.00
2015.01.14 17:57:56.668,1.37964,1.37971,1.00,1.00
2015.01.14 17:57:56.769,1.37962,1.3797,2.25,1.12
2015.01.14 17:57:57.022,1.37965,1.37973,1.00,1.20
2015.01.14 17:57:57.325,1.37963,1.37971,1.50,1.00
2015.01.14 17:57:57.695,1.37963,1.37973,2.25,1.50
2015.01.14 17:57:58.200,1.37964,1.37972,1.00,1.00
2015.01.14 17:58:00.168,1.37965,1.37972,1.00,1.00
2015.01.14 17:58:00.660,1.37965,1.37972,1.00,1.62
2015.01.14 17:58:00.862,1.37963,1.37969,1.00,1.12
2015.01.14 17:58:01.115,1.37962,1.37971,1.50,1.12
2015.01.14 17:58:01.620,1.37963,1.3797,1.50,1.00
2015.01.14 17:58:02.125,1.37963,1.37971,2.25,2.25
2015.01.14 17:58:03.155,1.37964,1.37972,1.00,1.87
2015.01.14 17:58:03.671,1.37963,1.37972,1.12,1.87
2015.01.14 17:58:08.283,1.37963,1.37972,2.62,1.12
2015.01.14 17:58:08.909,1.37963,1.37971,3.75,1.12
2015.01.14 17:58:09.204,1.37965,1.37971,1.00,1.37
2015.01.14 17:58:09.706,1.37965,1.37971,1.00,1.00
2015.01.14 17:58:10.210,1.37964,1.37972,1.12,1.12
2015.01.14 17:58:11.609,1.37965,1.37973,1.00,2.81
2015.01.14 17:58:12.128,1.37966,1.37973,1.87,1.50
2015.01.14 17:58:12.431,1.37967,1.37975,1.00,1.12
2015.01.14 17:58:12.936,1.37969,1.37976,1.00,1.50
2015.01.14 17:58:14.197,1.37969,1.37978,1.00,2.06
2015.01.14 17:58:16.595,1.37969,1.37977,1.00,1.62
2015.01.14 17:58:18.125,1.37969,1.37978,1.00,2.81
2015.01.14 17:58:18.532,1.37968,1.37976,1.00,1.56
2015.01.14 17:58:18.583,1.37966,1.37974,2.40,2.06
2015.01.14 17:58:18.634,1.37966,1.37974,2.40,3.37
2015.01.14 17:58:19.673,1.37966,1.37972,1.50,1.50
2015.01.14 17:58:19.926,1.37963,1.37971,1.65,2.62
2015.01.14 17:58:20.078,1.37963,1.37968,1.50,1.00
2015.01.14 17:58:20.684,1.37963,1.37969,1.50,1.50
2015.01.14 17:58:20.988,1.37965,1.37971,2.25,1.00
2015.01.14 17:58:21.039,1.37965,1.37974,2.62,3.56
2015.01.14 17:58:21.191,1.37967,1.37974,1.50,1.25
2015.01.14 17:58:21.712,1.37966,1.37972,1.00,1.50
2015.01.14 17:58:22.217,1.37966,1.37973,1.00,1.00
2015.01.14 17:58:22.823,1.37967,1.37974,1.12,1.50
2015.01.14 17:58:23.053,1.37967,1.37976,1.00,1.87
2015.01.14 17:58:25.585,1.37968,1.37976,1.00,2.62
2015.01.14 17:58:25.736,1.37969,1.37978,1.12,1.31
2015.01.14 17:58:25.838,1.37971,1.37979,1.00,2.25
2015.01.14 17:58:26.366,1.37972,1.37979,1.00,2.62
2015.01.14 17:58:26.467,1.37972,1.37979,1.00,2.25
2015.01.14 17:58:27.646,1.37972,1.37977,1.50,1.00
2015.01.14 17:58:27.749,1.3797,1.37976,1.00,1.00
2015.01.14 17:58:28.287,1.3797,1.37975,1.00,1.00
2015.01.14 17:58:28.794,1.37969,1.37975,1.00,1.87
2015.01.14 17:58:29.198,1.37971,1.37976,1.00,1.00
2015.01.14 17:58:29.350,1.37971,1.37979,1.50,2.25
2015.01.14 17:58:30.105,1.37972,1.37979,1.00,1.50
2015.01.14 17:58:32.632,1.3797,1.37978,1.50,1.12
2015.01.14 17:58:33.292,1.3797,1.37978,1.00,1.37
2015.01.14 17:58:34.278,1.3797,1.37979,1.00,2.06
2015.01.14 17:58:34.785,1.37971,1.37979,1.50,1.19
2015.01.14 17:58:35.313,1.37971,1.3798,1.00,1.31
2015.01.14 17:58:35.831,1.37972,1.37979,1.00,1.50
2015.01.14 17:58:36.691,1.37977,1.37979,1.12,1.00
2015.01.14 17:58:36.742,1.37978,1.37984,1.00,1.75
2015.01.14 17:58:36.843,1.37979,1.37986,2.25,1.00
2015.01.14 17:58:36.894,1.37981,1.37989,1.00,1.87
2015.01.14 17:58:37.418,1.37981,1.37989,1.00,2.25
2015.01.14 17:58:38.590,1.37981,1.37984,1.00,1.37
2015.01.14 17:58:38.692,1.37977,1.37985,2.62,1.69
2015.01.14 17:58:38.995,1.37981,1.37989,1.00,2.44
2015.01.14 17:58:39.197,1.37981,1.37991,1.00,3.37
2015.01.14 17:58:39.709,1.3798,1.37989,1.50,1.00
2015.01.14 17:58:40.015,1.3798,1.37985,1.00,1.37
2015.01.14 17:58:40.117,1.37976,1.37983,1.87,1.00
2015.01.14 17:58:40.218,1.37974,1.37983,2.62,1.00
2015.01.14 17:58:40.319,1.37974,1.37984,1.37,2.25
2015.01.14 17:58:40.840,1.37976,1.37985,1.87,1.50
2015.01.14 17:58:41.350,1.37976,1.37984,1.12,1.50
2015.01.14 17:58:41.653,1.37974,1.37982,1.50,1.12
2015.01.14 17:58:42.311,1.37975,1.37982,1.00,1.00
2015.01.14 17:58:42.361,1.37975,1.37984,1.00,2.25
2015.01.14 17:58:42.866,1.37975,1.37985,1.50,1.00
2015.01.14 17:58:43.371,1.37976,1.37985,1.12,1.37
2015.01.14 17:58:43.878,1.37977,1.37985,1.00,1.00
2015.01.14 17:58:47.014,1.37976,1.37984,2.62,1.00
2015.01.14 17:58:48.538,1.37976,1.37985,1.37,1.12
2015.01.14 17:58:49.043,1.37976,1.37985,1.12,2.62
2015.01.14 17:58:49.623,1.37976,1.37985,1.31,2.25
2015.01.14 17:58:49.826,1.37976,1.37981,1.00,1.00
2015.01.14 17:58:49.876,1.37974,1.3798,1.10,1.00
2015.01.14 17:58:49.928,1.37972,1.37976,3.37,1.00
2015.01.14 17:58:50.029,1.37971,1.37974,1.00,1.00
2015.01.14 17:58:50.130,1.37971,1.37977,1.00,1.00
2015.01.14 17:58:50.333,1.3797,1.3798,1.50,1.50
2015.01.14 17:58:50.841,1.37971,1.3798,1.00,1.50
2015.01.14 17:58:51.404,1.37971,1.3798,1.50,1.87
2015.01.14 17:58:51.909,1.37971,1.37978,1.00,1.00
2015.01.14 17:58:52.024,1.37974,1.37979,1.00,1.00
2015.01.14 17:58:52.075,1.37974,1.37982,2.25,2.06
2015.01.14 17:58:52.127,1.37976,1.37982,1.00,1.50
2015.01.14 17:58:52.228,1.37977,1.37985,1.00,1.50
2015.01.14 17:58:52.835,1.37977,1.37986,1.50,1.25
2015.01.14 17:58:53.239,1.37979,1.37988,1.00,2.25
2015.01.14 17:58:53.543,1.37981,1.37989,1.00,1.25
2015.01.14 17:58:54.945,1.37981,1.37989,1.00,1.37
2015.01.14 17:58:55.147,1.37979,1.37989,2.44,1.00
2015.01.14 17:58:55.536,1.37979,1.37989,2.81,1.37
2015.01.14 17:58:55.713,1.37979,1.37989,2.44,1.12
2015.01.14 17:58:56.283,1.3798,1.3799,1.00,1.00
2015.01.14 17:58:56.687,1.3798,1.37988,3.75,1.00
2015.01.14 17:58:56.991,1.37981,1.37984,1.00,1.00
2015.01.14 17:58:57.093,1.37979,1.37984,1.00,1.00
2015.01.14 17:58:57.194,1.37977,1.37985,1.00,2.25
2015.01.14 17:58:57.699,1.37978,1.37986,1.00,1.00
2015.01.14 17:58:57.850,1.3798,1.37987,1.00,1.50
2015.01.14 17:58:58.356,1.37979,1.37987,1.00,1.00
2015.01.14 17:58:58.941,1.37978,1.37986,1.10,1.00
2015.01.14 17:58:59.396,1.37978,1.37988,2.14,1.50
2015.01.14 17:59:00.478,1.37978,1.37984,2.14,1.00
2015.01.14 17:59:00.680,1.37976,1.37987,3.94,1.00
2015.01.14 17:59:00.782,1.37977,1.37985,1.00,1.00
2015.01.14 17:59:01.388,1.37977,1.37987,1.00,1.00
2015.01.14 17:59:01.962,1.37978,1.37987,1.00,1.00
2015.01.14 17:59:02.467,1.37978,1.37986,1.00,1.37
2015.01.14 17:59:03.276,1.37977,1.37985,1.00,1.87
2015.01.14 17:59:03.327,1.37975,1.37984,1.00,2.25
2015.01.14 17:59:03.428,1.37974,1.37982,1.00,1.00
2015.01.14 17:59:03.783,1.37974,1.3798,1.00,1.00
2015.01.14 17:59:03.833,1.37972,1.3798,1.10,1.00
2015.01.14 17:59:04.137,1.37972,1.37982,1.57,1.00
2015.01.14 17:59:04.188,1.37975,1.37983,1.00,1.50
2015.01.14 17:59:05.503,1.37977,1.37984,1.00,2.25
2015.01.14 17:59:05.807,1.37976,1.37984,1.00,3.37
2015.01.14 17:59:06.697,1.37974,1.37983,1.50,1.37
2015.01.14 17:59:06.749,1.37974,1.37982,1.00,1.50
2015.01.14 17:59:06.800,1.37973,1.37977,1.10,1.00
2015.01.14 17:59:06.901,1.37974,1.37979,1.00,2.25
2015.01.14 17:59:07.103,1.37975,1.37981,1.00,1.50
2015.01.14 17:59:07.304,1.37975,1.37983,1.00,2.25
2015.01.14 17:59:07.918,1.37977,1.37983,1.00,1.00
2015.01.14 17:59:08.422,1.37977,1.37982,1.00,1.12
2015.01.14 17:59:08.523,1.37975,1.37982,1.00,1.12
2015.01.14 17:59:09.131,1.37976,1.37982,1.00,1.12
2015.01.14 17:59:10.064,1.37973,1.37983,1.50,1.87
2015.01.14 17:59:10.165,1.37975,1.37983,1.00,1.37
2015.01.14 17:59:10.368,1.37972,1.3798,1.10,1.00
2015.01.14 17:59:10.877,1.3797,1.3798,1.87,1.50
2015.01.14 17:59:11.029,1.37974,1.37981,1.00,2.62
2015.01.14 17:59:11.079,1.37974,1.37981,1.00,2.25
2015.01.14 17:59:11.130,1.37976,1.37981,1.00,1.50
2015.01.14 17:59:11.642,1.37976,1.37984,1.00,1.37
2015.01.14 17:59:11.693,1.37976,1.37984,1.00,1.00
2015.01.14 17:59:11.846,1.37977,1.37986,1.00,2.25
2015.01.14 17:59:12.365,1.37978,1.37986,1.00,1.00
2015.01.14 17:59:14.346,1.37981,1.3799,1.00,5.14
2015.01.14 17:59:14.651,1.37984,1.37992,1.00,2.81
2015.01.14 17:59:14.702,1.37984,1.37992,1.00,2.44
2015.01.14 17:59:14.854,1.37982,1.37992,1.50,1.69
2015.01.14 17:59:15.373,1.37982,1.37991,1.00,1.00
2015.01.14 17:59:15.869,1.37984,1.37992,1.00,1.37
2015.01.14 17:59:15.976,1.37985,1.37993,1.12,1.00
2015.01.14 17:59:16.229,1.37984,1.37991,1.00,1.00
2015.01.14 17:59:16.482,1.37985,1.37993,1.00,1.00
2015.01.14 17:59:16.583,1.37983,1.37992,1.50,1.50
2015.01.14 17:59:16.634,1.37983,1.37992,1.00,1.69
2015.01.14 17:59:16.838,1.37976,1.37984,1.50,1.50
2015.01.14 17:59:17.596,1.37976,1.37984,1.00,1.37
2015.01.14 17:59:18.102,1.37975,1.37984,1.00,1.00
2015.01.14 17:59:18.697,1.37976,1.37984,1.00,1.00
2015.01.14 17:59:19.201,1.37976,1.37982,1.00,1.12
2015.01.14 17:59:19.404,1.37972,1.37981,1.10,1.00
2015.01.14 17:59:19.505,1.3797,1.37977,1.87,1.00
2015.01.14 17:59:19.607,1.37969,1.37977,2.40,1.00
2015.01.14 17:59:20.112,1.37968,1.37976,3.00,1.00
2015.01.14 17:59:20.617,1.37968,1.37975,2.25,1.00
2015.01.14 17:59:21.150,1.37968,1.37976,1.50,1.12
2015.01.14 17:59:21.655,1.37967,1.37975,1.20,1.69
2015.01.14 17:59:22.161,1.37966,1.37974,1.57,1.87
2015.01.14 17:59:22.313,1.37964,1.37974,4.09,3.37
2015.01.14 17:59:22.818,1.37963,1.37971,1.50,1.12
2015.01.14 17:59:24.225,1.37963,1.37971,1.87,1.37
2015.01.14 17:59:26.028,1.37963,1.37971,1.12,1.00
2015.01.14 17:59:26.331,1.37965,1.37973,1.00,1.12
2015.01.14 17:59:26.635,1.37963,1.37971,3.00,1.37
2015.01.14 17:59:26.737,1.37962,1.37972,1.57,1.00
2015.01.14 17:59:27.041,1.37964,1.37972,1.00,1.00
2015.01.14 17:59:27.549,1.37965,1.37973,2.25,1.00
2015.01.14 17:59:28.927,1.37965,1.3797,1.50,1.00
2015.01.14 17:59:29.029,1.37961,1.37971,2.25,1.87
2015.01.14 17:59:29.080,1.37961,1.37971,2.25,1.50
2015.01.14 17:59:29.737,1.37962,1.37972,1.20,1.00
2015.01.14 17:59:30.158,1.37963,1.37972,1.87,1.00
2015.01.14 17:59:30.675,1.37965,1.37973,1.00,1.00
2015.01.14 17:59:31.182,1.37965,1.37972,2.25,1.00
2015.01.14 17:59:31.385,1.37961,1.3797,1.50,2.62
2015.01.14 17:59:31.755,1.3796,1.37968,1.50,1.37
2015.01.14 17:59:31.907,1.37957,1.37966,2.44,1.37
2015.01.14 17:59:32.312,1.37957,1.37964,1.50,1.37
2015.01.14 17:59:32.463,1.37954,1.3796,1.50,1.50
2015.01.14 17:59:32.666,1.37953,1.37962,3.00,1.50
2015.01.14 17:59:33.200,1.37954,1.37962,1.00,1.00
2015.01.14 17:59:33.706,1.37955,1.37962,1.00,1.00
2015.01.14 17:59:34.776,1.37955,1.37963,1.50,1.00
2015.01.14 17:59:34.928,1.37955,1.37961,2.25,1.37
2015.01.14 17:59:35.030,1.37953,1.37959,1.00,1.00
2015.01.14 17:59:35.131,1.37951,1.37959,1.50,1.00
2015.01.14 17:59:35.650,1.37952,1.37959,1.00,1.12
2015.01.14 17:59:36.367,1.37951,1.37959,1.00,1.87
2015.01.14 17:59:36.977,1.37953,1.37961,1.00,1.50
2015.01.14 17:59:37.281,1.37955,1.37962,1.00,1.00
2015.01.14 17:59:37.383,1.37955,1.37964,1.00,1.00
2015.01.14 17:59:37.484,1.37957,1.37965,1.00,1.00
2015.01.14 17:59:38.617,1.37957,1.37965,1.00,1.37
2015.01.14 17:59:39.074,1.37958,1.37968,1.50,2.44
2015.01.14 17:59:39.176,1.3796,1.37968,1.00,1.50
2015.01.14 17:59:39.480,1.37958,1.37968,1.00,1.50
2015.01.14 17:59:39.531,1.37958,1.37964,1.00,1.00
2015.01.14 17:59:39.633,1.37955,1.37963,3.75,1.00
2015.01.14 17:59:39.684,1.37955,1.37961,1.50,1.00
2015.01.14 17:59:39.735,1.37953,1.37961,3.00,1.00
2015.01.14 17:59:41.288,1.37953,1.37959,1.50,1.00
2015.01.14 17:59:41.592,1.37956,1.37959,1.00,1.00
2015.01.14 17:59:41.729,1.37956,1.37963,1.00,1.20
2015.01.14 17:59:41.830,1.37957,1.37965,1.50,1.00
2015.01.14 17:59:41.882,1.3796,1.37967,1.00,1.10
2015.01.14 17:59:42.386,1.3796,1.37968,1.00,2.25
2015.01.14 17:59:43.115,1.37961,1.37968,1.50,1.50
2015.01.14 17:59:43.267,1.37962,1.3797,1.00,1.00
2015.01.14 17:59:43.721,1.37961,1.37968,1.00,1.00
2015.01.14 17:59:44.025,1.37957,1.37963,1.00,1.00
2015.01.14 17:59:44.126,1.37955,1.37963,2.25,1.00
2015.01.14 17:59:44.227,1.37955,1.37961,1.00,1.00
2015.01.14 17:59:44.379,1.37952,1.37959,1.50,1.00
2015.01.14 17:59:44.833,1.37953,1.37961,1.00,1.00
2015.01.14 17:59:45.358,1.37952,1.3796,1.00,1.00
2015.01.14 17:59:45.511,1.3795,1.37958,3.75,1.00
2015.01.14 17:59:46.020,1.37949,1.37957,1.50,1.00
2015.01.14 17:59:48.090,1.37949,1.37957,1.87,1.00
2015.01.14 17:59:48.141,1.37949,1.37959,1.87,1.00
2015.01.14 17:59:48.193,1.37949,1.37959,1.87,1.00
2015.01.14 17:59:48.499,1.3795,1.37956,1.00,1.00
2015.01.14 17:59:48.551,1.3795,1.37958,1.00,1.20
2015.01.14 17:59:48.957,1.37952,1.3796,1.00,1.19
2015.01.14 17:59:49.159,1.37952,1.37962,1.00,1.00
2015.01.14 17:59:49.463,1.37951,1.37959,2.25,1.00
2015.01.14 17:59:49.767,1.37951,1.37961,1.50,2.25
2015.01.14 17:59:50.552,1.37949,1.37959,3.75,1.00
2015.01.14 17:59:50.856,1.37954,1.37961,1.50,1.00
2015.01.14 17:59:51.159,1.37958,1.37964,1.00,2.25
2015.01.14 17:59:51.361,1.37956,1.37963,1.50,1.00
2015.01.14 17:59:53.948,1.37956,1.37964,1.00,1.50
2015.01.14 17:59:55.914,1.37956,1.37965,1.00,1.00
2015.01.14 17:59:56.383,1.37956,1.37963,1.00,1.00
2015.01.14 17:59:58.160,1.37956,1.37965,1.00,1.25
2015.01.14 17:59:58.463,1.37956,1.37963,1.50,1.00
2015.01.14 17:59:58.967,1.37956,1.37964,1.50,1.00
2015.01.14 17:59:59.363,1.37955,1.37962,1.00,1.00
2015.01.14 17:59:59.666,1.3796,1.37967,1.00,1.50
