2007.08.03 06:00:00.134,1.6321,1.6322,29.80,4.60
2007.08.03 06:00:00.289,1.6321,1.6322,25.80,4.60
2007.08.03 06:00:00.585,1.6321,1.6322,29.80,4.60
2007.08.03 06:00:00.659,1.6321,1.6322,25.80,4.60
2007.08.03 06:00:00.711,1.6321,1.6322,26.60,4.60
2007.08.03 06:00:00.825,1.6321,1.6322,32.60,4.60
2007.08.03 06:00:01.585,1.6321,1.6322,28.60,4.60
2007.08.03 06:00:01.704,1.6321,1.6322,26.60,4.60
2007.08.03 06:00:01.750,1.6321,1.6322,25.80,4.60
2007.08.03 06:00:01.805,1.6321,1.6322,20.20,4.60
2007.08.03 06:00:01.994,1.6321,1.6323,20.20,30.10
2007.08.03 06:00:02.138,1.6321,1.6322,28.20,0.50
2007.08.03 06:00:02.642,1.6321,1.6322,25.80,0.70
2007.08.03 06:00:04.203,1.6321,1.6323,17.80,30.10
2007.08.03 06:00:05.660,1.6321,1.6322,17.80,0.90
2007.08.03 06:00:07.191,1.6321,1.6323,25.80,30.90
2007.08.03 06:00:10.111,1.6321,1.6323,17.80,30.90
2007.08.03 06:00:10.799,1.6321,1.6323,17.80,31.10
2007.08.03 06:00:12.272,1.6321,1.6323,17.80,39.00
2007.08.03 06:00:13.706,1.6321,1.6323,18.60,41.40
2007.08.03 06:00:13.729,1.6321,1.6322,20.60,0.90
2007.08.03 06:00:13.829,1.6321,1.6323,28.60,43.40
2007.08.03 06:00:15.293,1.6321,1.6322,32.60,0.90
2007.08.03 06:00:16.742,1.6321,1.6322,28.60,0.50
2007.08.03 06:00:16.939,1.6321,1.6323,25.20,35.50
2007.08.03 06:00:17.209,1.6321,1.6322,28.60,0.60
2007.08.03 06:00:18.051,1.6321,1.6323,24.60,39.50
2007.08.03 06:00:18.477,1.6321,1.6322,28.60,0.60
2007.08.03 06:00:22.654,1.6321,1.6322,26.60,0.50
2007.08.03 06:00:22.706,1.6321,1.6323,25.80,38.70
2007.08.03 06:00:22.768,1.6321,1.6323,17.80,38.70
2007.08.03 06:00:23.182,1.6321,1.6322,25.80,0.50
2007.08.03 06:00:24.109,1.6321,1.6322,17.80,0.90
2007.08.03 06:00:26.691,1.6321,1.6322,17.80,22.30
2007.08.03 06:00:26.911,1.6321,1.6322,14.40,30.50
2007.08.03 06:00:27.167,1.6321,1.6322,10.40,30.30
2007.08.03 06:00:27.628,1.63205,1.6321,3.40,0.90
2007.08.03 06:00:27.735,1.63205,1.6321,3.40,0.80
2007.08.03 06:00:27.916,1.632,1.6322,25.40,33.90
2007.08.03 06:00:27.945,1.632,1.6321,21.40,0.80
2007.08.03 06:00:28.356,1.632,1.6321,21.40,0.50
2007.08.03 06:00:29.208,1.632,1.6322,18.00,33.80
2007.08.03 06:00:29.821,1.632,1.6322,15.60,36.20
2007.08.03 06:00:30.479,1.632,1.6321,11.60,0.70
2007.08.03 06:00:35.106,1.632,1.6321,3.60,17.50
2007.08.03 06:00:37.066,1.63195,1.6321,7.00,17.50
2007.08.03 06:00:37.098,1.632,1.6321,0.80,17.50
2007.08.03 06:00:37.192,1.632,1.6321,1.40,19.90
2007.08.03 06:00:37.282,1.6319,1.6321,28.80,27.90
2007.08.03 06:00:37.419,1.632,1.6321,1.10,27.90
2007.08.03 06:00:37.697,1.632,1.6321,0.80,27.90
2007.08.03 06:00:38.638,1.6319,1.632,22.00,5.60
2007.08.03 06:00:38.759,1.63185,1.6319,3.40,17.50
2007.08.03 06:00:38.993,1.6318,1.6319,29.20,17.50
2007.08.03 06:00:39.042,1.6318,1.6319,32.40,17.50
2007.08.03 06:00:39.280,1.6318,1.6319,35.80,17.50
2007.08.03 06:00:39.479,1.6318,1.6319,31.80,17.50
2007.08.03 06:00:40.119,1.6318,1.6319,35.80,17.50
2007.08.03 06:00:40.187,1.6318,1.6319,35.80,5.60
2007.08.03 06:00:40.302,1.63185,1.6319,3.40,5.60
2007.08.03 06:00:40.822,1.6318,1.6319,35.80,5.60
2007.08.03 06:00:42.662,1.6319,1.632,8.00,26.30
2007.08.03 06:00:42.748,1.6319,1.632,11.20,25.50
2007.08.03 06:00:42.778,1.6319,1.632,13.20,17.50
2007.08.03 06:00:43.188,1.6319,1.632,11.20,25.50
2007.08.03 06:00:43.258,1.6319,1.632,10.40,26.30
2007.08.03 06:00:45.202,1.6319,1.632,11.20,25.50
2007.08.03 06:00:45.250,1.6319,1.632,11.20,17.50
2007.08.03 06:00:45.546,1.6319,1.632,11.20,21.50
2007.08.03 06:00:45.713,1.6319,1.632,8.80,21.50
2007.08.03 06:00:45.784,1.6319,1.632,0.80,21.50
2007.08.03 06:00:46.476,1.6319,1.632,0.80,17.50
2007.08.03 06:00:46.627,1.6318,1.632,27.00,17.50
2007.08.03 06:00:46.679,1.6318,1.632,23.60,17.50
2007.08.03 06:00:46.705,1.6318,1.632,27.60,25.50
2007.08.03 06:00:46.735,1.6318,1.6319,27.60,5.60
2007.08.03 06:00:47.047,1.6318,1.6319,26.80,5.60
2007.08.03 06:00:47.710,1.6318,1.6319,24.40,5.60
2007.08.03 06:00:47.771,1.6318,1.6319,18.00,17.50
2007.08.03 06:00:47.873,1.6318,1.6319,10.00,17.50
2007.08.03 06:00:47.999,1.6318,1.6319,6.00,17.50
2007.08.03 06:00:48.200,1.6318,1.6319,14.00,17.50
2007.08.03 06:00:49.106,1.6318,1.6319,6.00,17.50
2007.08.03 06:00:52.605,1.6318,1.6319,5.20,17.50
2007.08.03 06:00:52.641,1.6318,1.6319,3.20,25.50
2007.08.03 06:00:52.712,1.6318,1.6319,3.20,25.50
2007.08.03 06:00:54.687,1.6318,1.6319,4.00,33.50
2007.08.03 06:00:54.704,1.6318,1.6319,6.00,17.50
2007.08.03 06:00:54.801,1.6318,1.6319,6.00,19.90
2007.08.03 06:00:55.841,1.6318,1.6319,6.00,17.50
2007.08.03 06:00:56.232,1.6318,1.6319,3.60,17.50
2007.08.03 06:00:56.801,1.6318,1.6319,3.60,19.90
2007.08.03 06:00:57.048,1.6318,1.6319,3.60,14.30
2007.08.03 06:00:57.111,1.6318,1.6319,3.60,2.40
2007.08.03 06:00:57.546,1.6318,1.6319,3.60,6.40
2007.08.03 06:00:58.480,1.6318,1.6319,3.60,18.30
2007.08.03 06:00:58.491,1.6318,1.6319,3.60,23.90
2007.08.03 06:00:58.672,1.6318,1.6319,1.60,23.90
2007.08.03 06:00:58.686,1.6318,1.6319,0.80,26.30
2007.08.03 06:00:58.779,1.6318,1.6319,0.80,34.30
2007.08.03 06:00:58.791,1.6317,1.6319,17.20,34.30
2007.08.03 06:00:58.942,1.6317,1.6319,17.20,38.30
2007.08.03 06:00:59.008,1.6317,1.6319,17.20,43.10
2007.08.03 06:00:59.194,1.6317,1.6318,17.20,8.00
2007.08.03 06:00:59.204,1.6317,1.6318,14.80,16.00
2007.08.03 06:00:59.241,1.6317,1.6318,14.80,19.20
2007.08.03 06:00:59.312,1.6317,1.6318,4.80,31.10
2007.08.03 06:00:59.405,1.6317,1.6318,2.40,39.10
2007.08.03 06:00:59.502,1.6317,1.6318,2.40,43.10
2007.08.03 06:00:59.634,1.6316,1.6317,4.00,5.60
2007.08.03 06:01:00.131,1.6316,1.6317,4.00,5.60
2007.08.03 06:01:00.202,1.6315,1.6317,35.50,5.60
2007.08.03 06:01:00.477,1.6315,1.6317,31.50,9.60
2007.08.03 06:01:00.540,1.6315,1.6317,31.50,12.00
2007.08.03 06:01:03.217,1.6315,1.6317,27.50,24.00
2007.08.03 06:01:03.620,1.6315,1.6317,27.50,26.40
2007.08.03 06:01:03.738,1.6315,1.6317,15.60,38.30
2007.08.03 06:01:04.038,1.6315,1.6317,13.20,38.30
2007.08.03 06:01:04.134,1.6316,1.6317,0.80,38.30
2007.08.03 06:01:04.159,1.6316,1.6317,0.80,34.30
2007.08.03 06:01:04.265,1.6316,1.6317,0.80,22.40
2007.08.03 06:01:04.650,1.6316,1.6317,3.20,20.00
2007.08.03 06:01:04.757,1.6315,1.6317,28.50,22.40
2007.08.03 06:01:04.780,1.6315,1.6317,28.50,28.40
2007.08.03 06:01:05.125,1.6315,1.6317,25.10,28.40
2007.08.03 06:01:05.174,1.6315,1.6317,29.10,24.40
2007.08.03 06:01:05.197,1.6315,1.6317,17.20,24.40
2007.08.03 06:01:05.305,1.6315,1.6317,9.20,24.40
2007.08.03 06:01:05.725,1.6316,1.6317,8.00,22.00
2007.08.03 06:01:05.821,1.6316,1.6317,8.00,18.00
2007.08.03 06:01:05.903,1.6316,1.6317,11.20,15.60
2007.08.03 06:01:05.945,1.6316,1.6317,11.20,18.00
2007.08.03 06:01:05.977,1.6316,1.6317,11.20,22.00
2007.08.03 06:01:06.234,1.6316,1.6317,13.20,22.00
2007.08.03 06:01:06.354,1.6316,1.6317,13.20,20.00
2007.08.03 06:01:06.477,1.6316,1.6317,13.20,16.00
2007.08.03 06:01:07.660,1.6316,1.6317,13.20,8.00
2007.08.03 06:01:07.870,1.6316,1.6317,13.20,5.60
2007.08.03 06:01:08.211,1.6316,1.6317,11.20,7.60
2007.08.03 06:01:08.835,1.6316,1.6317,11.20,5.60
2007.08.03 06:01:08.976,1.6316,1.6318,11.20,38.70
2007.08.03 06:01:09.130,1.6316,1.6318,11.20,37.90
2007.08.03 06:01:10.182,1.6315,1.6318,39.00,37.90
2007.08.03 06:01:11.115,1.6315,1.6318,35.00,37.90
2007.08.03 06:01:15.780,1.6316,1.6318,3.40,37.90
2007.08.03 06:01:15.891,1.6315,1.6318,39.80,37.90
2007.08.03 06:01:16.096,1.6316,1.6318,3.70,37.90
2007.08.03 06:01:16.155,1.63155,1.6318,20.20,37.90
2007.08.03 06:01:16.190,1.6316,1.6318,2.90,26.00
2007.08.03 06:01:16.282,1.6315,1.6318,48.90,25.20
2007.08.03 06:01:16.301,1.6315,1.6318,50.50,25.20
2007.08.03 06:01:16.369,1.6316,1.6318,15.60,25.20
2007.08.03 06:01:16.925,1.6316,1.6318,2.40,22.80
2007.08.03 06:01:17.162,1.6315,1.6318,52.10,18.80
2007.08.03 06:01:17.787,1.6315,1.6318,52.10,18.00
2007.08.03 06:01:18.062,1.6315,1.6318,47.30,18.00
2007.08.03 06:01:18.168,1.6316,1.6318,15.00,8.00
2007.08.03 06:01:18.250,1.6316,1.6319,13.50,39.10
2007.08.03 06:01:18.264,1.6316,1.6319,2.80,15.20
2007.08.03 06:01:18.381,1.6316,1.6319,7.90,15.20
2007.08.03 06:01:19.689,1.6315,1.6318,44.10,5.60
2007.08.03 06:01:19.780,1.6316,1.6318,8.70,5.60
2007.08.03 06:01:19.811,1.6315,1.6318,43.10,5.60
2007.08.03 06:01:23.648,1.6316,1.6318,5.20,5.60
2007.08.03 06:01:27.180,1.6316,1.6318,3.90,5.60
2007.08.03 06:01:27.263,1.6315,1.6318,43.40,5.60
2007.08.03 06:01:27.403,1.6315,1.6318,35.50,5.60
2007.08.03 06:01:27.815,1.6315,1.6318,55.30,8.00
2007.08.03 06:01:27.995,1.6314,1.6318,71.30,12.00
2007.08.03 06:01:28.329,1.6315,1.6318,10.40,12.00
2007.08.03 06:01:28.560,1.6315,1.6318,57.00,12.00
2007.08.03 06:01:29.537,1.6315,1.6318,57.00,8.00
2007.08.03 06:01:29.937,1.6316,1.6318,0.70,8.00
2007.08.03 06:01:29.988,1.6315,1.6318,58.60,8.00
2007.08.03 06:01:30.097,1.6316,1.6318,3.10,8.00
2007.08.03 06:01:30.153,1.6315,1.6318,62.60,8.00
2007.08.03 06:01:30.204,1.6316,1.6318,0.60,8.00
2007.08.03 06:01:30.311,1.6316,1.6318,14.90,8.00
2007.08.03 06:01:30.377,1.63165,1.6318,1.50,8.00
2007.08.03 06:01:30.729,1.63165,1.6318,1.50,5.60
2007.08.03 06:01:30.897,1.6315,1.6318,46.10,5.60
2007.08.03 06:01:31.155,1.63155,1.6318,40.50,5.60
2007.08.03 06:01:31.207,1.6316,1.6318,1.50,5.60
2007.08.03 06:01:31.315,1.63155,1.6318,34.90,5.60
2007.08.03 06:01:31.326,1.6316,1.6318,0.90,5.60
2007.08.03 06:01:31.520,1.6316,1.6318,1.00,5.60
2007.08.03 06:01:31.529,1.63155,1.6318,4.20,9.60
2007.08.03 06:01:31.844,1.6316,1.6318,0.80,12.00
2007.08.03 06:01:32.638,1.63155,1.6318,6.60,12.00
2007.08.03 06:01:32.666,1.63155,1.6318,10.60,12.00
2007.08.03 06:01:32.734,1.6315,1.6318,34.80,12.00
2007.08.03 06:01:32.762,1.6315,1.6318,35.60,12.00
2007.08.03 06:01:33.028,1.6316,1.6318,5.90,8.00
2007.08.03 06:01:33.247,1.6317,1.6318,6.20,8.00
2007.08.03 06:01:33.360,1.63165,1.6318,17.80,2.40
2007.08.03 06:01:33.721,1.63165,1.6319,17.80,31.50
2007.08.03 06:01:34.649,1.63165,1.6319,13.80,35.50
2007.08.03 06:01:34.688,1.6317,1.6318,5.10,5.60
2007.08.03 06:01:36.426,1.6317,1.6318,3.70,6.40
2007.08.03 06:01:36.735,1.6317,1.6318,0.90,6.40
2007.08.03 06:01:36.760,1.6316,1.6318,34.10,8.80
2007.08.03 06:01:36.889,1.6315,1.6318,44.50,8.80
2007.08.03 06:01:37.150,1.6315,1.6318,43.90,8.80
2007.08.03 06:01:37.173,1.6316,1.6318,4.50,8.80
2007.08.03 06:01:37.254,1.6316,1.6318,17.80,20.70
2007.08.03 06:01:37.275,1.6316,1.6318,17.00,20.70
2007.08.03 06:01:37.542,1.6316,1.6318,14.60,23.10
2007.08.03 06:01:37.644,1.6316,1.6318,10.60,29.10
2007.08.03 06:01:37.685,1.6316,1.6318,7.20,29.10
2007.08.03 06:01:37.695,1.6316,1.6318,4.80,29.90
2007.08.03 06:01:38.475,1.6316,1.6318,4.80,37.90
2007.08.03 06:01:38.601,1.6316,1.6317,4.80,5.60
2007.08.03 06:01:38.982,1.6316,1.6317,0.80,5.60
2007.08.03 06:01:39.023,1.6316,1.6317,1.60,5.60
2007.08.03 06:01:39.079,1.6316,1.6317,2.40,5.60
2007.08.03 06:01:39.127,1.6316,1.6317,3.20,5.60
2007.08.03 06:01:39.229,1.6316,1.6318,6.40,30.70
2007.08.03 06:01:39.364,1.6316,1.6318,9.80,30.70
2007.08.03 06:01:39.387,1.6316,1.6318,21.80,26.70
2007.08.03 06:01:39.533,1.6316,1.6318,24.20,24.30
2007.08.03 06:01:39.733,1.6316,1.6318,24.20,26.70
2007.08.03 06:01:39.751,1.6316,1.6318,12.20,38.70
2007.08.03 06:01:39.843,1.6316,1.6318,13.00,38.70
2007.08.03 06:01:39.857,1.6316,1.6318,15.00,38.70
2007.08.03 06:01:39.880,1.6316,1.6318,11.60,38.70
2007.08.03 06:01:40.450,1.6316,1.6318,15.00,38.70
2007.08.03 06:01:40.654,1.6317,1.6318,2.40,35.50
2007.08.03 06:01:40.675,1.6317,1.6318,2.40,21.50
2007.08.03 06:01:40.774,1.6317,1.6318,2.40,23.90
2007.08.03 06:01:41.169,1.6316,1.6318,24.60,23.90
2007.08.03 06:01:41.195,1.6316,1.6318,21.20,23.90
2007.08.03 06:01:41.306,1.6316,1.6318,33.10,12.00
2007.08.03 06:01:41.384,1.6316,1.6318,33.10,6.40
2007.08.03 06:01:41.400,1.6316,1.6318,41.10,6.40
2007.08.03 06:01:41.798,1.6316,1.6318,43.50,6.40
2007.08.03 06:01:41.820,1.6317,1.6318,2.00,4.00
2007.08.03 06:01:43.077,1.6317,1.63185,2.00,3.20
2007.08.03 06:01:43.276,1.6317,1.6319,2.00,34.70
2007.08.03 06:01:43.571,1.6317,1.6318,2.00,4.00
2007.08.03 06:01:44.542,1.6317,1.6318,2.00,7.20
2007.08.03 06:01:44.706,1.6317,1.6318,2.00,9.60
2007.08.03 06:01:45.635,1.6316,1.6318,40.70,9.60
2007.08.03 06:01:45.686,1.6316,1.6318,40.70,15.20
2007.08.03 06:01:45.756,1.6316,1.6318,30.70,15.20
2007.08.03 06:01:45.836,1.6316,1.6318,30.70,12.00
2007.08.03 06:01:45.848,1.6316,1.6318,26.70,12.00
2007.08.03 06:01:46.050,1.6316,1.6318,25.10,12.00
2007.08.03 06:01:46.344,1.6316,1.6318,25.10,15.20
2007.08.03 06:01:47.547,1.6316,1.6317,25.10,4.00
2007.08.03 06:01:47.641,1.6316,1.6317,24.30,4.00
2007.08.03 06:01:47.723,1.6316,1.6317,8.40,4.00
2007.08.03 06:01:47.737,1.6316,1.6317,5.20,4.00
2007.08.03 06:01:47.832,1.6316,1.6317,3.20,4.00
2007.08.03 06:01:48.362,1.6316,1.6317,0.80,4.00
2007.08.03 06:01:48.665,1.6316,1.6317,13.60,4.00
2007.08.03 06:01:48.770,1.6316,1.6317,16.00,4.00
2007.08.03 06:01:49.474,1.6316,1.6318,16.00,15.20
2007.08.03 06:01:49.723,1.6318,1.6319,0.80,37.10
2007.08.03 06:01:49.920,1.6317,1.6318,18.30,9.60
2007.08.03 06:01:50.101,1.6317,1.6318,19.90,9.60
2007.08.03 06:01:50.119,1.6317,1.6318,19.90,12.00
2007.08.03 06:01:50.222,1.6317,1.6318,8.00,16.00
2007.08.03 06:01:50.242,1.6317,1.6318,8.00,21.60
2007.08.03 06:01:50.316,1.6317,1.6318,4.00,21.60
2007.08.03 06:01:50.340,1.6317,1.6318,1.60,21.60
2007.08.03 06:01:50.429,1.6317,1.6318,1.60,33.50
2007.08.03 06:01:50.478,1.6316,1.6317,4.40,4.00
2007.08.03 06:01:51.053,1.6316,1.6317,14.80,4.00
2007.08.03 06:01:51.232,1.6316,1.6318,14.80,31.10
2007.08.03 06:01:51.342,1.6316,1.6318,18.80,31.10
2007.08.03 06:01:51.351,1.6316,1.6318,21.20,30.30
2007.08.03 06:01:51.597,1.6316,1.6318,21.20,33.50
2007.08.03 06:01:51.656,1.6316,1.6318,21.20,35.50
2007.08.03 06:01:51.669,1.6316,1.6318,21.20,36.30
2007.08.03 06:01:51.751,1.6316,1.6318,17.20,36.30
2007.08.03 06:01:51.778,1.6316,1.6318,14.80,36.30
2007.08.03 06:01:58.157,1.6316,1.63175,14.80,3.20
2007.08.03 06:01:58.288,1.6316,1.63175,18.80,3.20
2007.08.03 06:01:58.311,1.6316,1.6317,18.80,5.60
2007.08.03 06:01:58.823,1.6316,1.6317,22.80,5.60
2007.08.03 06:01:58.982,1.6316,1.6317,22.80,9.60
2007.08.03 06:01:59.024,1.6316,1.6317,22.80,4.00
2007.08.03 06:01:59.120,1.6316,1.6317,25.20,4.00
2007.08.03 06:01:59.130,1.6316,1.6317,27.60,4.00
2007.08.03 06:01:59.643,1.6316,1.6317,26.80,4.00
2007.08.03 06:01:59.657,1.6316,1.6317,24.80,4.00
2007.08.03 06:01:59.721,1.6316,1.6318,24.80,17.20
2007.08.03 06:01:59.735,1.6316,1.6318,21.60,18.00
2007.08.03 06:01:59.750,1.6316,1.6318,9.60,22.00
2007.08.03 06:02:00.069,1.6316,1.6318,7.20,30.00
2007.08.03 06:02:00.213,1.6316,1.63175,7.20,3.20
2007.08.03 06:02:00.275,1.6316,1.63175,3.20,3.20
2007.08.03 06:02:00.353,1.6316,1.63175,0.80,3.20
2007.08.03 06:02:00.558,1.6316,1.6317,0.80,5.60
2007.08.03 06:02:01.206,1.6316,1.6317,0.80,9.60
2007.08.03 06:02:01.629,1.6316,1.6317,0.80,16.00
2007.08.03 06:02:01.728,1.6316,1.6317,0.80,26.00
2007.08.03 06:02:02.762,1.6316,1.6317,0.80,24.40
2007.08.03 06:02:03.174,1.6316,1.6317,3.20,22.00
2007.08.03 06:02:03.288,1.6316,1.6317,11.20,22.00
2007.08.03 06:02:03.669,1.6316,1.6317,8.80,24.40
2007.08.03 06:02:03.704,1.6316,1.6317,0.80,24.40
2007.08.03 06:02:03.852,1.6316,1.6317,0.80,22.00
2007.08.03 06:02:04.187,1.6316,1.6317,0.80,18.00
2007.08.03 06:02:04.323,1.6316,1.6317,0.80,29.90
2007.08.03 06:02:04.520,1.6316,1.6317,0.80,33.90
2007.08.03 06:02:04.704,1.6316,1.6317,0.80,31.50
2007.08.03 06:02:04.744,1.6316,1.6317,0.80,25.90
2007.08.03 06:02:05.876,1.6316,1.6317,0.80,23.50
2007.08.03 06:02:06.648,1.6316,1.6317,0.80,25.90
2007.08.03 06:02:06.706,1.6316,1.6317,0.80,33.90
2007.08.03 06:02:08.272,1.6316,1.6317,0.80,37.10
2007.08.03 06:02:08.418,1.6316,1.6317,0.80,36.30
2007.08.03 06:02:08.779,1.6316,1.6317,0.80,33.90
2007.08.03 06:02:09.816,1.6316,1.6317,0.80,36.30
2007.08.03 06:02:10.760,1.6316,1.6317,0.80,24.40
2007.08.03 06:02:10.851,1.6316,1.6317,0.80,22.40
2007.08.03 06:02:11.680,1.6316,1.6317,8.80,22.40
2007.08.03 06:02:11.700,1.6316,1.6317,12.00,20.00
2007.08.03 06:02:11.805,1.6316,1.6317,14.00,20.00
2007.08.03 06:02:11.899,1.6316,1.6317,14.00,17.60
2007.08.03 06:02:13.042,1.6316,1.6317,14.00,13.60
2007.08.03 06:02:13.258,1.6316,1.6317,14.00,5.60
2007.08.03 06:02:13.669,1.6316,1.6317,6.00,5.60
2007.08.03 06:02:13.765,1.6316,1.6317,4.00,17.50
2007.08.03 06:02:13.868,1.6316,1.6317,0.80,17.50
2007.08.03 06:02:13.881,1.6316,1.6317,0.80,19.50
2007.08.03 06:02:14.479,1.6316,1.6317,0.80,23.50
2007.08.03 06:02:14.692,1.6316,1.6317,11.20,23.50
2007.08.03 06:02:15.192,1.6316,1.6317,8.80,25.90
2007.08.03 06:02:15.290,1.6316,1.6317,0.80,29.90
2007.08.03 06:02:16.534,1.6316,1.6317,0.80,30.70
2007.08.03 06:02:16.572,1.6316,1.6317,0.80,31.50
2007.08.03 06:02:16.687,1.6316,1.6317,0.80,35.50
2007.08.03 06:02:16.785,1.6316,1.6317,0.80,37.90
2007.08.03 06:02:16.949,1.6315,1.6316,21.20,0.80
2007.08.03 06:02:16.964,1.6315,1.6316,21.20,1.50
2007.08.03 06:02:16.994,1.6315,1.6316,21.20,2.30
2007.08.03 06:02:17.147,1.6315,1.6316,20.40,2.30
2007.08.03 06:02:17.254,1.6315,1.6316,20.40,8.70
2007.08.03 06:02:17.302,1.6315,1.6316,12.40,8.70
2007.08.03 06:02:17.469,1.6315,1.6316,12.40,7.90
2007.08.03 06:02:17.728,1.6315,1.6316,12.40,10.30
2007.08.03 06:02:18.619,1.6315,1.6316,12.40,14.30
2007.08.03 06:02:18.974,1.6315,1.6316,12.40,15.10
2007.08.03 06:02:18.998,1.6315,1.6316,12.40,15.90
2007.08.03 06:02:19.311,1.6315,1.6316,12.40,15.10
2007.08.03 06:02:19.389,1.6315,1.6316,10.40,16.30
2007.08.03 06:02:19.404,1.6315,1.6316,10.40,15.50
2007.08.03 06:02:19.689,1.6315,1.6316,12.40,13.50
2007.08.03 06:02:19.714,1.6315,1.6316,13.20,13.50
2007.08.03 06:02:20.040,1.6315,1.6316,13.20,8.70
2007.08.03 06:02:20.100,1.6315,1.6316,23.60,7.90
2007.08.03 06:02:20.110,1.6315,1.6316,23.60,7.20
2007.08.03 06:02:20.175,1.6315,1.6316,23.60,3.20
2007.08.03 06:02:20.241,1.6315,1.6316,23.60,2.40
2007.08.03 06:02:20.300,1.6315,1.6316,35.50,2.40
2007.08.03 06:02:20.359,1.6315,1.6316,37.90,2.40
2007.08.03 06:02:20.693,1.6315,1.6317,37.90,21.60
2007.08.03 06:02:23.095,1.6315,1.6317,38.70,21.60
2007.08.03 06:02:24.657,1.6316,1.6317,2.00,21.60
2007.08.03 06:02:24.745,1.6316,1.6317,2.80,21.60
2007.08.03 06:02:25.157,1.6316,1.6317,5.20,19.20
2007.08.03 06:02:25.179,1.6316,1.6317,13.20,19.20
2007.08.03 06:02:25.905,1.6316,1.6317,13.20,16.80
2007.08.03 06:02:26.233,1.6316,1.6317,4.40,16.80
2007.08.03 06:02:26.327,1.6316,1.6317,2.00,19.20
2007.08.03 06:02:26.402,1.6315,1.6317,23.60,25.20
2007.08.03 06:02:26.538,1.6315,1.6317,27.60,21.20
2007.08.03 06:02:26.843,1.6315,1.6317,18.80,22.00
2007.08.03 06:02:27.144,1.6315,1.6317,26.80,22.00
2007.08.03 06:02:27.559,1.6315,1.6317,22.80,26.00
2007.08.03 06:02:27.681,1.6315,1.6317,23.60,25.20
2007.08.03 06:02:27.764,1.6315,1.6317,21.20,27.60
2007.08.03 06:02:29.325,1.6315,1.6317,13.20,27.60
2007.08.03 06:02:29.823,1.6315,1.6317,12.40,28.40
2007.08.03 06:02:30.143,1.6315,1.6317,13.20,27.60
2007.08.03 06:02:30.344,1.6315,1.6317,12.40,28.40
2007.08.03 06:02:30.442,1.6315,1.6317,12.40,27.60
2007.08.03 06:02:31.165,1.6315,1.6317,13.20,26.80
2007.08.03 06:02:32.126,1.6315,1.6317,21.20,26.80
2007.08.03 06:02:35.701,1.6315,1.6317,10.20,26.80
2007.08.03 06:02:36.167,1.6315,1.6317,25.20,12.80
2007.08.03 06:02:36.271,1.6315,1.6317,25.20,10.40
2007.08.03 06:02:36.367,1.6315,1.6317,27.60,10.40
2007.08.03 06:02:36.687,1.6315,1.6317,20.80,20.40
2007.08.03 06:02:36.777,1.6315,1.6316,20.80,0.80
2007.08.03 06:02:36.791,1.6315,1.6316,23.20,0.80
2007.08.03 06:02:37.087,1.6315,1.6316,24.00,0.80
2007.08.03 06:02:37.192,1.6315,1.6317,24.00,16.00
2007.08.03 06:02:37.213,1.6315,1.6317,26.00,8.00
2007.08.03 06:02:39.750,1.6315,1.6317,22.00,8.00
2007.08.03 06:02:40.088,1.6315,1.6317,22.80,8.00
2007.08.03 06:02:40.199,1.6316,1.6317,3.20,4.00
2007.08.03 06:02:40.208,1.6316,1.6317,15.20,4.00
2007.08.03 06:02:40.716,1.6316,1.6317,18.00,4.00
2007.08.03 06:02:41.126,1.6316,1.6317,26.00,4.00
2007.08.03 06:02:41.255,1.6316,1.6318,26.00,10.40
2007.08.03 06:02:41.866,1.6316,1.6318,26.00,8.80
2007.08.03 06:02:41.930,1.6316,1.6318,26.00,9.60
2007.08.03 06:02:41.950,1.6316,1.6318,26.00,10.40
2007.08.03 06:02:42.164,1.6316,1.6318,25.20,11.20
2007.08.03 06:02:42.265,1.6316,1.6318,25.20,13.60
2007.08.03 06:02:42.303,1.6316,1.6318,23.60,28.60
2007.08.03 06:02:42.377,1.6316,1.6318,15.60,28.60
2007.08.03 06:02:42.590,1.6316,1.6318,15.60,27.80
2007.08.03 06:02:42.673,1.6316,1.6318,15.60,27.00
2007.08.03 06:02:42.717,1.6316,1.6318,15.60,29.40
2007.08.03 06:02:42.773,1.6316,1.6318,15.60,30.20
2007.08.03 06:02:42.797,1.6316,1.6318,13.20,32.60
2007.08.03 06:02:43.190,1.6316,1.6318,14.00,31.00
2007.08.03 06:02:43.701,1.6316,1.6318,10.80,31.80
2007.08.03 06:02:43.765,1.6316,1.6318,2.80,31.80
2007.08.03 06:02:43.797,1.6316,1.6318,2.80,32.60
2007.08.03 06:02:44.537,1.6316,1.6317,2.80,4.00
2007.08.03 06:02:44.761,1.6316,1.6317,0.80,4.00
2007.08.03 06:02:44.790,1.6316,1.6317,2.40,4.00
2007.08.03 06:02:44.876,1.6316,1.6317,6.40,4.00
2007.08.03 06:02:45.206,1.6316,1.6317,6.40,8.00
2007.08.03 06:02:45.291,1.6316,1.6317,2.40,8.00
2007.08.03 06:02:45.302,1.6315,1.6317,22.00,8.00
2007.08.03 06:02:48.267,1.6315,1.6316,22.00,0.80
2007.08.03 06:02:48.680,1.6315,1.6316,21.20,4.80
2007.08.03 06:02:48.831,1.6315,1.6316,20.20,4.80
2007.08.03 06:02:48.889,1.6315,1.6316,17.80,4.80
2007.08.03 06:02:49.146,1.6315,1.6316,15.80,6.80
2007.08.03 06:02:49.288,1.6315,1.6316,15.80,6.00
2007.08.03 06:02:49.701,1.6315,1.6316,16.60,2.00
2007.08.03 06:02:49.778,1.6315,1.6317,29.10,14.40
2007.08.03 06:02:49.810,1.6315,1.6317,31.50,12.00
2007.08.03 06:02:49.970,1.6315,1.6317,34.90,12.00
2007.08.03 06:02:50.075,1.6315,1.6317,34.90,8.00
2007.08.03 06:02:50.212,1.6315,1.6317,31.50,8.00
2007.08.03 06:02:50.417,1.6315,1.6317,29.10,8.00
2007.08.03 06:02:50.491,1.6315,1.6317,33.10,4.00
2007.08.03 06:02:51.503,1.6315,1.6317,29.10,8.00
2007.08.03 06:02:53.163,1.6315,1.6317,24.10,8.00
2007.08.03 06:02:54.031,1.6315,1.6317,24.70,8.00
2007.08.03 06:02:54.215,1.6315,1.6317,20.80,27.90
2007.08.03 06:02:54.236,1.6315,1.6317,20.80,30.30
2007.08.03 06:02:54.321,1.6315,1.6317,24.80,30.30
2007.08.03 06:02:54.737,1.6315,1.6317,24.80,32.70
2007.08.03 06:02:56.697,1.6315,1.6317,24.80,30.30
2007.08.03 06:02:56.713,1.6315,1.6317,24.80,10.40
2007.08.03 06:02:57.038,1.6315,1.6317,27.20,10.40
2007.08.03 06:02:57.116,1.6315,1.6317,31.10,10.40
2007.08.03 06:02:57.831,1.6315,1.6317,31.10,8.00
2007.08.03 06:02:59.579,1.6315,1.6317,31.10,7.20
2007.08.03 06:03:02.655,1.6316,1.6317,3.20,4.00
2007.08.03 06:03:02.724,1.6316,1.6317,13.20,4.00
2007.08.03 06:03:03.028,1.6316,1.6318,13.20,26.00
2007.08.03 06:03:04.993,1.6316,1.6318,13.20,26.80
2007.08.03 06:03:05.153,1.6316,1.6318,13.20,27.60
2007.08.03 06:03:08.018,1.6316,1.6318,13.20,26.80
2007.08.03 06:03:08.115,1.6316,1.6318,13.20,26.00
2007.08.03 06:03:13.675,1.6316,1.6318,14.00,26.00
2007.08.03 06:03:13.723,1.6316,1.6318,25.90,26.00
2007.08.03 06:03:13.770,1.6316,1.6318,25.90,25.20
2007.08.03 06:03:13.819,1.6316,1.6318,33.90,25.20
2007.08.03 06:03:14.133,1.6316,1.6318,26.70,25.20
2007.08.03 06:03:15.855,1.6316,1.6318,25.90,25.20
2007.08.03 06:03:16.091,1.6316,1.6318,25.10,25.20
2007.08.03 06:03:16.169,1.6316,1.6317,21.90,2.40
2007.08.03 06:03:16.191,1.6316,1.6317,11.90,10.40
2007.08.03 06:03:16.265,1.6316,1.6317,11.90,13.60
2007.08.03 06:03:16.394,1.6315,1.6317,20.20,25.50
2007.08.03 06:03:16.807,1.6315,1.6317,17.80,27.90
2007.08.03 06:03:17.127,1.6315,1.6317,25.80,27.90
2007.08.03 06:03:17.228,1.6315,1.6317,25.80,19.90
2007.08.03 06:03:17.294,1.6315,1.6317,25.80,17.50
2007.08.03 06:03:17.481,1.6315,1.6317,21.80,21.50
2007.08.03 06:03:17.850,1.6315,1.6317,13.80,21.50
2007.08.03 06:03:18.381,1.6315,1.6317,25.70,9.60
2007.08.03 06:03:19.102,1.6315,1.6317,29.70,9.60
2007.08.03 06:03:19.143,1.6316,1.6317,0.80,9.60
2007.08.03 06:03:19.238,1.6316,1.6317,0.80,6.40
2007.08.03 06:03:19.722,1.6316,1.6317,2.80,4.00
2007.08.03 06:03:20.479,1.6316,1.6318,2.80,41.10
2007.08.03 06:03:21.176,1.6316,1.6317,0.80,8.00
2007.08.03 06:03:21.191,1.6315,1.6317,53.30,10.40
2007.08.03 06:03:21.302,1.6315,1.6317,47.70,10.40
2007.08.03 06:03:21.477,1.6315,1.6317,43.70,14.40
2007.08.03 06:03:21.494,1.6315,1.6317,40.50,17.60
2007.08.03 06:03:21.575,1.6315,1.6317,22.60,17.60
2007.08.03 06:03:21.805,1.6314,1.6317,38.80,17.60
2007.08.03 06:03:21.992,1.6315,1.6317,2.60,20.00
2007.08.03 06:03:23.780,1.6315,1.6317,17.70,9.60
2007.08.03 06:03:24.075,1.6315,1.6317,8.20,9.60
2007.08.03 06:03:28.123,1.6315,1.6317,16.40,9.60
2007.08.03 06:03:29.878,1.6314,1.6317,52.40,9.60
2007.08.03 06:03:30.543,1.6315,1.6317,3.40,5.60
2007.08.03 06:03:30.820,1.6315,1.6317,12.80,3.20
2007.08.03 06:03:31.027,1.6315,1.6317,14.30,3.20
2007.08.03 06:03:31.238,1.6316,1.6317,2.70,3.20
2007.08.03 06:03:31.267,1.6315,1.6318,43.60,35.50
2007.08.03 06:03:31.650,1.6316,1.6318,1.70,35.50
2007.08.03 06:03:31.677,1.63155,1.6318,5.80,35.50
2007.08.03 06:03:31.771,1.6315,1.6318,29.80,43.50
2007.08.03 06:03:31.811,1.6314,1.6318,41.80,43.50
2007.08.03 06:03:31.876,1.6315,1.6317,6.00,3.20
2007.08.03 06:03:32.065,1.6315,1.6317,0.90,3.20
2007.08.03 06:03:33.816,1.6315,1.6317,15.20,3.20
2007.08.03 06:03:33.859,1.63145,1.6317,37.90,3.20
2007.08.03 06:03:34.472,1.6315,1.6317,13.30,7.20
2007.08.03 06:03:34.780,1.6315,1.6317,1.50,9.60
2007.08.03 06:03:37.596,1.6314,1.6317,50.70,9.60
2007.08.03 06:03:37.684,1.6315,1.6316,2.10,8.00
2007.08.03 06:03:37.702,1.6314,1.6316,55.10,12.00
2007.08.03 06:03:40.673,1.6315,1.6316,2.10,4.00
2007.08.03 06:03:40.864,1.6314,1.6316,39.20,4.00
2007.08.03 06:03:41.184,1.6314,1.6316,39.20,12.00
2007.08.03 06:03:41.291,1.6314,1.6316,43.10,12.00
2007.08.03 06:03:43.053,1.6314,1.6316,43.10,14.40
2007.08.03 06:03:43.778,1.6314,1.6316,43.10,12.00
2007.08.03 06:03:44.716,1.6315,1.6316,5.50,14.00
2007.08.03 06:03:45.403,1.6314,1.6316,51.90,10.80
2007.08.03 06:03:45.409,1.6314,1.6316,51.30,10.80
2007.08.03 06:03:45.616,1.6314,1.6316,51.30,10.80
2007.08.03 06:03:48.649,1.6314,1.6316,41.40,0.80
2007.08.03 06:03:48.770,1.6314,1.6316,41.40,0.80
2007.08.03 06:03:49.172,1.6314,1.6316,53.30,0.80
2007.08.03 06:03:50.642,1.6315,1.6316,16.40,0.80
2007.08.03 06:03:50.741,1.6315,1.6316,36.30,0.80
2007.08.03 06:03:50.760,1.6316,1.6317,3.20,9.60
2007.08.03 06:03:50.849,1.6316,1.6317,3.20,7.20
2007.08.03 06:03:51.050,1.6316,1.6317,3.20,6.40
2007.08.03 06:03:51.879,1.6316,1.6317,3.20,4.00
2007.08.03 06:03:54.174,1.6316,1.6317,3.20,7.20
2007.08.03 06:03:54.189,1.6316,1.6317,3.20,8.00
2007.08.03 06:03:54.348,1.6316,1.6317,3.20,20.80
2007.08.03 06:03:54.692,1.6316,1.6317,3.20,17.60
2007.08.03 06:03:54.717,1.6316,1.6317,3.20,16.80
2007.08.03 06:03:54.735,1.6316,1.6317,3.20,16.00
2007.08.03 06:03:54.789,1.6316,1.6317,3.20,14.00
2007.08.03 06:03:54.813,1.6315,1.6317,26.70,16.40
2007.08.03 06:03:54.898,1.6315,1.6317,24.30,18.80
2007.08.03 06:03:55.214,1.6315,1.6317,32.30,8.80
2007.08.03 06:03:55.230,1.6316,1.6317,3.20,6.40
2007.08.03 06:03:56.761,1.6316,1.6317,3.20,4.00
2007.08.03 06:03:59.241,1.6316,1.6318,3.20,37.80
2007.08.03 06:04:05.268,1.6316,1.6318,26.30,28.40
2007.08.03 06:04:05.349,1.6316,1.6318,30.30,20.40
2007.08.03 06:04:05.758,1.6316,1.6318,32.30,20.40
2007.08.03 06:04:15.217,1.6316,1.6318,40.30,9.60
2007.08.03 06:04:15.229,1.6317,1.6318,3.20,6.50
2007.08.03 06:04:23.614,1.6316,1.6318,25.10,9.40
2007.08.03 06:04:23.695,1.6316,1.6318,21.10,9.40
2007.08.03 06:04:24.139,1.6316,1.6318,20.30,15.00
2007.08.03 06:04:25.167,1.6317,1.6318,3.20,4.30
2007.08.03 06:04:25.754,1.6317,1.632,3.20,44.20
2007.08.03 06:04:25.768,1.6317,1.632,3.20,40.20
2007.08.03 06:04:25.885,1.6317,1.6319,3.20,0.60
2007.08.03 06:04:26.002,1.6317,1.632,3.20,41.80
2007.08.03 06:04:26.483,1.6317,1.632,3.20,45.80
2007.08.03 06:04:26.717,1.6317,1.6319,3.20,29.20
2007.08.03 06:04:26.920,1.6317,1.6319,3.20,0.90
2007.08.03 06:04:27.131,1.6317,1.6319,3.20,0.80
2007.08.03 06:04:27.475,1.6317,1.6318,3.20,4.00
2007.08.03 06:04:27.965,1.6317,1.6318,3.20,6.40
2007.08.03 06:04:29.156,1.6317,1.6318,3.20,8.80
2007.08.03 06:04:29.185,1.6317,1.6318,3.20,20.80
2007.08.03 06:04:29.253,1.6317,1.6318,3.20,18.40
2007.08.03 06:04:29.288,1.6317,1.6318,3.20,6.40
2007.08.03 06:04:29.819,1.6317,1.6318,21.10,6.40
2007.08.03 06:04:30.005,1.6317,1.6318,25.10,6.40
2007.08.03 06:04:30.452,1.6317,1.6318,25.10,2.40
2007.08.03 06:04:30.757,1.6317,1.6319,25.10,19.60
2007.08.03 06:04:32.660,1.6318,1.6319,3.20,16.40
2007.08.03 06:04:32.720,1.6318,1.6319,3.20,6.40
2007.08.03 06:04:33.011,1.6318,1.6319,3.20,2.40
2007.08.03 06:04:33.140,1.6318,1.6319,3.20,4.40
2007.08.03 06:04:33.166,1.6317,1.6319,40.50,7.60
2007.08.03 06:04:33.273,1.6317,1.6319,32.50,7.60
2007.08.03 06:04:33.288,1.6317,1.6319,29.10,7.60
2007.08.03 06:04:33.661,1.6317,1.6319,29.10,5.60
2007.08.03 06:04:33.696,1.6317,1.6319,29.90,2.40
2007.08.03 06:04:33.764,1.6317,1.6319,37.90,2.40
2007.08.03 06:04:33.777,1.6317,1.6319,41.30,2.40
2007.08.03 06:04:33.796,1.6318,1.6319,3.20,2.40
2007.08.03 06:04:34.122,1.6318,1.6319,3.20,6.40
2007.08.03 06:04:34.478,1.6318,1.6319,3.20,2.40
2007.08.03 06:04:34.994,1.6318,1.632,3.20,35.60
2007.08.03 06:04:35.794,1.6318,1.6319,3.20,10.00
2007.08.03 06:04:35.865,1.6317,1.6319,29.10,13.20
2007.08.03 06:04:36.019,1.6317,1.6319,25.10,17.20
2007.08.03 06:04:36.169,1.6317,1.6319,25.90,14.00
2007.08.03 06:04:36.241,1.6317,1.6319,33.90,4.00
2007.08.03 06:04:36.258,1.6318,1.6319,3.20,4.00
2007.08.03 06:04:37.241,1.6318,1.632,3.20,41.10
2007.08.03 06:04:40.429,1.6318,1.632,3.20,37.90
2007.08.03 06:04:40.986,1.6318,1.632,7.20,37.90
2007.08.03 06:04:41.688,1.6318,1.632,10.40,37.90
2007.08.03 06:04:41.740,1.6318,1.632,32.30,26.00
2007.08.03 06:04:41.917,1.6318,1.632,32.30,18.00
2007.08.03 06:04:42.155,1.6318,1.632,32.30,26.00
2007.08.03 06:04:54.393,1.6318,1.632,32.30,18.00
2007.08.03 06:04:54.409,1.6318,1.6321,32.30,46.40
2007.08.03 06:04:55.699,1.6319,1.632,3.20,0.80
2007.08.03 06:04:55.732,1.6319,1.6321,3.20,55.10
2007.08.03 06:04:55.849,1.6319,1.6321,3.20,45.10
2007.08.03 06:04:58.160,1.6319,1.6321,3.20,49.10
2007.08.03 06:04:58.209,1.6318,1.6319,31.50,0.80
2007.08.03 06:04:58.668,1.6318,1.632,34.70,12.00
2007.08.03 06:04:58.737,1.6318,1.632,14.80,29.90
2007.08.03 06:04:58.773,1.6318,1.632,12.40,32.30
2007.08.03 06:04:58.832,1.6318,1.632,8.40,32.30
2007.08.03 06:04:59.082,1.6318,1.6319,10.00,0.70
2007.08.03 06:04:59.153,1.6318,1.6319,8.00,0.90
2007.08.03 06:04:59.183,1.6318,1.632,4.80,43.50
2007.08.03 06:05:00.111,1.6317,1.632,26.00,39.60
2007.08.03 06:05:01.310,1.6317,1.6319,26.80,0.80
2007.08.03 06:05:01.346,1.6318,1.632,0.80,39.60
2007.08.03 06:05:01.660,1.6318,1.632,8.00,33.20
2007.08.03 06:05:01.734,1.6318,1.632,16.00,33.20
2007.08.03 06:05:01.872,1.6318,1.632,16.00,32.40
2007.08.03 06:05:02.660,1.6318,1.632,16.00,0.80
2007.08.03 06:05:04.038,1.6318,1.632,16.00,0.70
2007.08.03 06:05:04.247,1.6318,1.632,16.00,0.50
2007.08.03 06:05:04.738,1.6318,1.6321,31.90,40.80
2007.08.03 06:05:05.282,1.6318,1.632,35.30,0.90
2007.08.03 06:05:05.853,1.6318,1.632,37.70,0.80
2007.08.03 06:05:06.154,1.6318,1.6321,37.70,54.30
2007.08.03 06:05:06.311,1.6318,1.6321,34.30,54.30
2007.08.03 06:05:06.335,1.6318,1.6321,29.30,54.30
2007.08.03 06:05:06.485,1.6318,1.632,33.30,0.90
2007.08.03 06:05:07.222,1.6318,1.632,33.30,0.50
2007.08.03 06:05:07.239,1.6318,1.6321,33.30,57.50
2007.08.03 06:05:07.401,1.6318,1.632,36.70,0.70
2007.08.03 06:05:07.569,1.6318,1.632,32.70,0.60
2007.08.03 06:05:07.631,1.6318,1.6321,33.50,55.90
2007.08.03 06:05:07.767,1.6319,1.6321,16.80,52.30
2007.08.03 06:05:08.042,1.6319,1.632,14.40,0.60
2007.08.03 06:05:08.070,1.6319,1.632,16.00,0.90
2007.08.03 06:05:08.250,1.632,1.6321,4.80,42.60
2007.08.03 06:05:08.357,1.632,1.6321,5.60,20.00
2007.08.03 06:05:08.570,1.632,1.6322,5.60,37.60
2007.08.03 06:05:08.671,1.632,1.6321,5.60,0.80
2007.08.03 06:05:08.789,1.632,1.6322,5.60,40.80
2007.08.03 06:05:08.882,1.632,1.6322,4.80,37.60
2007.08.03 06:05:08.899,1.632,1.6322,4.80,33.20
2007.08.03 06:05:08.972,1.6319,1.6322,26.50,36.40
2007.08.03 06:05:08.994,1.6319,1.6321,27.30,0.50
2007.08.03 06:05:09.011,1.6319,1.6321,27.30,22.40
2007.08.03 06:05:09.052,1.6319,1.6321,28.10,22.40
2007.08.03 06:05:09.114,1.6319,1.6321,26.50,21.60
2007.08.03 06:05:09.178,1.6319,1.6321,27.30,20.80
2007.08.03 06:05:09.638,1.6319,1.632,23.90,0.80
2007.08.03 06:05:09.700,1.632,1.6321,4.80,11.40
2007.08.03 06:05:10.156,1.632,1.6321,4.80,0.60
2007.08.03 06:05:10.770,1.632,1.63225,4.80,31.90
2007.08.03 06:05:11.183,1.632,1.63225,4.80,39.90
2007.08.03 06:05:11.232,1.632,1.6322,4.80,0.50
2007.08.03 06:05:11.336,1.632,1.63225,4.80,43.10
2007.08.03 06:05:11.747,1.632,1.6322,4.80,0.90
2007.08.03 06:05:12.098,1.632,1.63225,4.80,47.90
2007.08.03 06:05:12.194,1.632,1.6321,4.80,0.50
2007.08.03 06:05:12.250,1.632,1.6321,4.80,0.70
2007.08.03 06:05:12.464,1.6319,1.6321,28.30,0.80
2007.08.03 06:05:12.656,1.6319,1.6322,27.50,44.40
2007.08.03 06:05:12.725,1.6319,1.6322,25.10,44.40
2007.08.03 06:05:12.917,1.6319,1.6321,25.10,0.60
2007.08.03 06:05:13.005,1.6319,1.6321,21.10,0.90
2007.08.03 06:05:14.792,1.6319,1.6322,24.10,45.20
2007.08.03 06:05:24.225,1.6319,1.6321,21.10,0.50
2007.08.03 06:05:25.266,1.6319,1.6321,21.90,0.80
2007.08.03 06:05:25.364,1.6319,1.6321,21.90,0.80
2007.08.03 06:05:25.671,1.6319,1.6322,21.10,42.80
2007.08.03 06:05:25.763,1.6319,1.6321,21.10,0.70
2007.08.03 06:05:28.078,1.6319,1.6321,25.10,0.70
2007.08.03 06:05:28.944,1.6319,1.6321,25.10,20.40
2007.08.03 06:05:29.200,1.6319,1.632,7.20,0.80
2007.08.03 06:05:29.735,1.6319,1.6321,7.20,33.10
2007.08.03 06:05:30.193,1.6319,1.632,8.00,0.90
2007.08.03 06:05:31.195,1.6319,1.632,10.00,0.80
2007.08.03 06:05:34.205,1.6319,1.6321,10.00,37.50
2007.08.03 06:05:34.931,1.6319,1.6321,10.80,37.50
2007.08.03 06:05:34.939,1.6319,1.6321,11.60,40.70
2007.08.03 06:05:35.014,1.6319,1.632,13.20,0.60
2007.08.03 06:05:35.031,1.6319,1.6321,17.20,39.90
2007.08.03 06:05:35.118,1.6319,1.6321,19.60,39.90
2007.08.03 06:05:35.234,1.632,1.6321,0.80,31.90
2007.08.03 06:05:35.250,1.632,1.6321,0.80,0.50
2007.08.03 06:05:35.334,1.632,1.63215,0.80,17.60
2007.08.03 06:05:35.346,1.632,1.63215,0.80,9.60
2007.08.03 06:05:35.432,1.632,1.6321,6.40,0.80
2007.08.03 06:05:35.765,1.632,1.6322,8.40,30.70
2007.08.03 06:05:35.863,1.632,1.6322,8.40,30.70
2007.08.03 06:05:36.480,1.632,1.63225,8.40,33.90
2007.08.03 06:05:36.648,1.632,1.63225,10.00,33.90
2007.08.03 06:05:36.674,1.632,1.6322,16.00,0.70
2007.08.03 06:05:36.755,1.632,1.6322,16.00,0.50
2007.08.03 06:05:37.273,1.632,1.63225,14.40,36.30
2007.08.03 06:05:37.295,1.632,1.63225,6.40,36.30
2007.08.03 06:05:37.714,1.632,1.6322,6.40,0.80
2007.08.03 06:05:37.813,1.632,1.63225,6.40,37.90
2007.08.03 06:05:38.740,1.632,1.63225,6.40,37.10
2007.08.03 06:05:39.051,1.632,1.6322,6.40,0.60
2007.08.03 06:05:39.145,1.6321,1.6322,5.60,0.50
2007.08.03 06:05:39.158,1.6321,1.63225,5.60,21.50
2007.08.03 06:05:39.277,1.6321,1.6322,5.60,0.90
2007.08.03 06:05:39.880,1.6321,1.6323,5.60,44.30
2007.08.03 06:05:41.205,1.6321,1.6322,8.00,0.50
2007.08.03 06:05:41.247,1.6321,1.6322,31.90,0.90
2007.08.03 06:05:42.217,1.6321,1.6322,29.50,4.00
2007.08.03 06:05:42.278,1.6321,1.6322,5.60,4.00
2007.08.03 06:05:42.799,1.6321,1.6322,5.60,6.40
2007.08.03 06:05:43.726,1.6321,1.6322,5.60,20.40
2007.08.03 06:05:43.809,1.6321,1.6322,5.60,21.20
2007.08.03 06:05:43.918,1.6321,1.6322,5.60,24.40
2007.08.03 06:05:44.011,1.632,1.6322,20.30,24.40
2007.08.03 06:05:48.104,1.632,1.6322,28.30,24.40
2007.08.03 06:05:48.297,1.632,1.6322,31.30,20.40
2007.08.03 06:05:50.675,1.632,1.6322,39.30,20.40
2007.08.03 06:05:50.790,1.632,1.6322,41.70,20.40
2007.08.03 06:05:51.099,1.6321,1.6322,5.60,20.40
2007.08.03 06:05:51.194,1.6321,1.6322,5.60,17.20
2007.08.03 06:05:51.205,1.6321,1.6322,5.60,7.20
2007.08.03 06:05:51.407,1.6321,1.6322,5.60,6.40
2007.08.03 06:05:51.731,1.6321,1.6322,5.60,4.00
2007.08.03 06:05:52.678,1.6321,1.6322,5.60,12.00
2007.08.03 06:05:52.735,1.632,1.6322,41.70,16.00
2007.08.03 06:05:52.749,1.632,1.6322,28.10,18.00
2007.08.03 06:05:52.830,1.632,1.6322,25.70,18.00
2007.08.03 06:05:53.927,1.632,1.6322,31.30,20.40
2007.08.03 06:05:56.238,1.632,1.6322,31.30,19.60
2007.08.03 06:05:56.287,1.632,1.6322,39.30,19.60
2007.08.03 06:05:56.331,1.6321,1.6322,5.60,19.60
2007.08.03 06:05:56.719,1.6321,1.6322,5.60,9.60
2007.08.03 06:05:56.751,1.6321,1.6322,5.60,6.40
2007.08.03 06:05:56.798,1.6321,1.6322,5.60,4.00
2007.08.03 06:06:00.331,1.6321,1.6322,3.20,4.00
2007.08.03 06:06:14.732,1.6321,1.6322,3.20,14.00
2007.08.03 06:06:14.776,1.632,1.6322,19.40,18.00
2007.08.03 06:06:15.884,1.632,1.6322,28.90,20.40
2007.08.03 06:06:19.668,1.6321,1.6322,3.20,16.40
2007.08.03 06:06:19.689,1.6321,1.6322,3.20,6.40
2007.08.03 06:06:20.124,1.6321,1.6322,3.20,2.40
2007.08.03 06:06:20.200,1.6321,1.6322,5.60,2.40
2007.08.03 06:06:20.215,1.6321,1.6322,13.60,2.40
2007.08.03 06:06:20.423,1.6321,1.6322,25.50,2.40
2007.08.03 06:06:20.739,1.6321,1.6322,36.50,2.40
2007.08.03 06:06:20.855,1.6322,1.6323,3.20,4.00
2007.08.03 06:06:20.948,1.6322,1.6323,3.20,6.40
2007.08.03 06:06:21.481,1.6322,1.6323,3.20,2.40
2007.08.03 06:06:21.870,1.6322,1.6324,3.20,28.70
2007.08.03 06:06:22.206,1.6322,1.6324,3.20,32.70
2007.08.03 06:06:22.395,1.6322,1.6324,3.20,23.80
2007.08.03 06:06:22.458,1.6322,1.6323,3.20,3.20
2007.08.03 06:06:22.493,1.6321,1.6323,9.60,3.20
2007.08.03 06:06:22.699,1.6321,1.6323,9.60,5.60
2007.08.03 06:06:22.716,1.6321,1.6323,9.60,25.50
2007.08.03 06:06:22.796,1.6321,1.6323,9.60,28.70
2007.08.03 06:06:22.906,1.6321,1.6323,7.20,31.10
2007.08.03 06:06:23.234,1.6321,1.6323,7.20,27.90
2007.08.03 06:06:23.760,1.6321,1.6323,7.20,31.10
2007.08.03 06:06:24.165,1.6321,1.6323,19.20,27.10
2007.08.03 06:06:24.200,1.6321,1.6323,15.20,31.10
2007.08.03 06:06:24.233,1.6321,1.6323,17.60,28.70
2007.08.03 06:06:24.282,1.6321,1.6323,20.60,25.50
2007.08.03 06:06:24.476,1.6321,1.6323,32.50,13.60
2007.08.03 06:06:24.488,1.6321,1.6322,32.50,4.00
2007.08.03 06:06:24.702,1.6321,1.6322,29.50,4.00
2007.08.03 06:06:24.940,1.6321,1.6322,30.30,4.00
2007.08.03 06:06:24.986,1.6321,1.6322,26.30,4.00
2007.08.03 06:06:25.026,1.6321,1.6322,27.10,4.00
2007.08.03 06:06:25.090,1.6321,1.6322,27.90,4.00
2007.08.03 06:06:25.197,1.6321,1.6322,35.90,4.00
2007.08.03 06:06:25.295,1.6321,1.6322,43.30,4.00
2007.08.03 06:06:25.482,1.6321,1.6323,43.30,7.20
2007.08.03 06:06:25.755,1.6321,1.6323,43.30,4.80
2007.08.03 06:06:27.111,1.6321,1.6323,44.10,4.80
2007.08.03 06:06:27.297,1.6321,1.6323,48.10,0.80
2007.08.03 06:06:27.312,1.6322,1.6324,3.20,31.60
2007.08.03 06:06:27.316,1.6322,1.6324,3.20,28.40
2007.08.03 06:06:28.737,1.63215,1.6323,3.40,0.80
2007.08.03 06:06:28.744,1.63215,1.6323,3.40,2.80
2007.08.03 06:06:28.846,1.6321,1.6323,37.40,2.80
2007.08.03 06:06:32.034,1.6321,1.6323,38.20,2.80
2007.08.03 06:06:32.118,1.6321,1.6323,39.00,2.80
2007.08.03 06:06:32.224,1.6322,1.6323,6.40,2.00
2007.08.03 06:06:32.247,1.6322,1.6323,14.40,2.00
2007.08.03 06:06:34.644,1.6322,1.6324,16.40,37.50
2007.08.03 06:06:34.930,1.6322,1.6324,18.00,37.50
2007.08.03 06:06:34.964,1.6322,1.6324,18.80,37.50
2007.08.03 06:06:35.147,1.6322,1.6324,26.80,31.50
2007.08.03 06:06:35.232,1.6322,1.6324,30.20,29.10
2007.08.03 06:06:35.269,1.6322,1.6324,34.20,25.10
2007.08.03 06:06:35.465,1.6322,1.6324,34.20,13.20
2007.08.03 06:06:35.666,1.6322,1.6324,34.20,10.80
2007.08.03 06:06:36.027,1.6322,1.6324,38.20,6.80
2007.08.03 06:06:38.093,1.6322,1.6324,39.00,6.80
2007.08.03 06:06:38.150,1.6323,1.6324,8.00,4.80
2007.08.03 06:06:38.194,1.6323,1.6324,13.60,3.20
2007.08.03 06:06:38.279,1.6323,1.6324,17.60,3.20
2007.08.03 06:06:38.296,1.6323,1.6324,17.60,0.80
2007.08.03 06:06:38.697,1.6323,1.6324,5.60,0.80
2007.08.03 06:06:38.704,1.6323,1.6324,3.20,1.60
2007.08.03 06:06:39.107,1.6323,1.6324,3.20,0.80
2007.08.03 06:06:41.168,1.6323,1.6324,3.20,8.80
2007.08.03 06:06:41.394,1.6323,1.6324,3.20,11.20
2007.08.03 06:06:45.263,1.6322,1.6324,31.80,11.20
2007.08.03 06:06:45.390,1.6322,1.6324,28.40,11.20
2007.08.03 06:06:45.654,1.6322,1.6324,27.60,11.20
2007.08.03 06:06:45.714,1.6322,1.6324,24.40,12.00
2007.08.03 06:06:45.726,1.6322,1.6324,14.40,12.00
2007.08.03 06:06:45.824,1.6322,1.6324,10.40,26.30
2007.08.03 06:06:45.976,1.6322,1.6324,6.40,30.30
2007.08.03 06:06:46.040,1.6322,1.6324,5.60,30.30
2007.08.03 06:06:46.125,1.6322,1.6324,20.60,22.30
2007.08.03 06:06:46.173,1.6322,1.6324,24.00,22.30
2007.08.03 06:06:46.230,1.6322,1.6324,26.40,19.90
2007.08.03 06:06:46.446,1.6323,1.6324,3.20,19.90
2007.08.03 06:06:46.457,1.6323,1.6324,3.20,8.00
2007.08.03 06:06:46.648,1.6323,1.6324,5.60,6.40
2007.08.03 06:06:46.659,1.6323,1.6324,17.60,6.40
2007.08.03 06:06:46.742,1.6323,1.6324,17.60,4.00
2007.08.03 06:06:47.184,1.6323,1.6325,17.60,14.00
2007.08.03 06:06:48.129,1.6323,1.6325,4.70,14.00
2007.08.03 06:06:48.639,1.63225,1.6325,17.00,18.00
2007.08.03 06:06:48.684,1.63225,1.6324,17.00,0.80
2007.08.03 06:06:48.730,1.6322,1.6324,33.60,2.80
2007.08.03 06:06:48.778,1.6323,1.6324,1.60,3.60
2007.08.03 06:06:48.850,1.6322,1.6324,30.40,7.60
2007.08.03 06:06:48.885,1.6323,1.6324,2.00,10.00
2007.08.03 06:06:49.090,1.6322,1.6324,30.40,9.20
2007.08.03 06:06:49.168,1.6322,1.6324,30.40,7.20
2007.08.03 06:06:49.195,1.6323,1.6324,2.00,6.40
2007.08.03 06:06:49.261,1.6323,1.6324,1.60,6.40
2007.08.03 06:06:49.292,1.6323,1.6324,2.30,4.00
2007.08.03 06:06:49.447,1.63225,1.6325,21.00,24.00
2007.08.03 06:06:49.711,1.63225,1.6325,21.00,21.60
2007.08.03 06:06:49.777,1.63225,1.6325,21.00,17.60
2007.08.03 06:06:50.179,1.63225,1.6325,17.00,20.60
2007.08.03 06:06:50.227,1.63225,1.6325,14.60,20.60
2007.08.03 06:06:50.257,1.6322,1.63245,33.90,3.20
2007.08.03 06:06:50.287,1.6323,1.63245,1.90,3.20
2007.08.03 06:06:50.633,1.6322,1.6324,25.20,0.80
2007.08.03 06:06:50.710,1.6322,1.6324,25.20,8.80
2007.08.03 06:06:50.742,1.6322,1.6324,0.50,11.20
2007.08.03 06:06:50.804,1.63215,1.6324,36.50,11.20
2007.08.03 06:06:50.832,1.63215,1.6324,34.10,12.00
2007.08.03 06:06:51.005,1.6322,1.6324,6.70,14.40
2007.08.03 06:06:51.572,1.6322,1.6324,7.20,18.40
2007.08.03 06:06:55.178,1.63215,1.6324,35.70,18.40
2007.08.03 06:06:55.791,1.6322,1.6324,16.50,16.00
2007.08.03 06:06:55.852,1.6322,1.6324,17.20,16.00
2007.08.03 06:06:56.214,1.6322,1.6324,38.10,16.00
2007.08.03 06:06:56.278,1.6323,1.6324,1.70,8.00
2007.08.03 06:06:56.308,1.6323,1.6324,4.10,5.60
2007.08.03 06:06:56.485,1.6322,1.6324,42.90,1.60
2007.08.03 06:06:57.673,1.6323,1.6324,1.40,9.60
2007.08.03 06:06:57.887,1.63215,1.6324,34.10,12.00
2007.08.03 06:06:58.077,1.63215,1.6324,30.10,16.00
2007.08.03 06:06:58.803,1.6322,1.6324,11.00,18.40
2007.08.03 06:06:59.122,1.6322,1.6324,10.40,18.40
2007.08.03 06:06:59.758,1.6322,1.6324,12.30,18.40
2007.08.03 06:07:00.264,1.63215,1.6324,35.70,18.40
2007.08.03 06:07:00.379,1.6321,1.6324,43.00,18.40
2007.08.03 06:07:00.681,1.6321,1.6324,43.00,22.40
2007.08.03 06:07:00.758,1.6321,1.6324,39.00,22.40
2007.08.03 06:07:00.963,1.6321,1.6324,39.00,24.00
2007.08.03 06:07:00.999,1.6322,1.6324,2.70,25.60
2007.08.03 06:07:01.019,1.6321,1.6324,39.00,26.40
2007.08.03 06:07:01.303,1.6322,1.6324,1.60,29.60
2007.08.03 06:07:01.412,1.6322,1.6324,1.80,37.60
2007.08.03 06:07:01.690,1.6321,1.6323,35.50,2.40
2007.08.03 06:07:01.805,1.6321,1.6323,26.00,10.40
2007.08.03 06:07:02.216,1.6322,1.6323,1.60,10.40
2007.08.03 06:07:02.540,1.6321,1.6323,34.00,14.40
2007.08.03 06:07:02.828,1.6321,1.6323,51.60,16.80
2007.08.03 06:07:04.386,1.6321,1.6323,43.60,20.00
2007.08.03 06:07:04.473,1.6322,1.6323,1.00,20.00
2007.08.03 06:07:04.995,1.6322,1.6323,2.00,21.60
2007.08.03 06:07:05.030,1.6322,1.6323,0.70,23.20
2007.08.03 06:07:05.198,1.6321,1.6323,28.40,24.00
2007.08.03 06:07:05.239,1.6321,1.6323,16.40,28.00
2007.08.03 06:07:05.259,1.6322,1.6323,1.10,28.80
2007.08.03 06:07:05.307,1.6321,1.6323,8.00,28.80
2007.08.03 06:07:05.620,1.632,1.6322,42.00,2.40
2007.08.03 06:07:05.645,1.632,1.6322,46.20,4.80
2007.08.03 06:07:05.741,1.6321,1.6322,1.60,12.80
2007.08.03 06:07:05.827,1.6321,1.6322,0.80,13.60
2007.08.03 06:07:05.998,1.632,1.6322,44.10,17.60
2007.08.03 06:07:06.481,1.632,1.6322,48.10,13.60
2007.08.03 06:07:07.792,1.632,1.6322,44.70,13.60
2007.08.03 06:07:08.073,1.632,1.6322,44.10,17.60
2007.08.03 06:07:08.172,1.632,1.6322,40.10,18.40
2007.08.03 06:07:08.219,1.632,1.6322,34.10,18.40
2007.08.03 06:07:08.279,1.6321,1.6322,1.00,20.80
2007.08.03 06:07:08.303,1.6321,1.6322,0.60,36.70
2007.08.03 06:07:08.481,1.6321,1.6322,0.50,32.70
2007.08.03 06:07:08.690,1.6321,1.6322,1.60,32.70
2007.08.03 06:07:08.744,1.632,1.6322,45.50,20.80
2007.08.03 06:07:08.864,1.632,1.6322,45.50,16.80
2007.08.03 06:07:08.892,1.6321,1.6322,2.50,14.40
2007.08.03 06:07:08.985,1.6321,1.6322,2.10,18.40
2007.08.03 06:07:09.222,1.6321,1.6322,3.10,16.00
2007.08.03 06:07:09.287,1.6321,1.6322,3.00,8.00
2007.08.03 06:07:09.323,1.632,1.6322,55.30,7.20
2007.08.03 06:07:09.379,1.632,1.6322,59.30,7.20
2007.08.03 06:07:09.483,1.632,1.6322,63.30,3.20
2007.08.03 06:07:09.998,1.6321,1.6322,1.30,0.80
2007.08.03 06:07:10.134,1.632,1.6322,59.30,4.80
2007.08.03 06:07:11.261,1.6321,1.6322,7.20,0.80
2007.08.03 06:07:11.362,1.6321,1.6322,2.30,2.80
2007.08.03 06:07:11.661,1.632,1.6322,65.30,0.80
2007.08.03 06:07:11.697,1.632,1.6323,58.90,33.90
2007.08.03 06:07:11.770,1.6321,1.6323,1.50,29.90
2007.08.03 06:07:11.789,1.63205,1.6323,7.80,32.30
2007.08.03 06:07:11.894,1.6321,1.6323,2.60,29.90
2007.08.03 06:07:12.094,1.63205,1.6323,7.80,29.10
2007.08.03 06:07:12.191,1.63205,1.6323,20.60,28.30
2007.08.03 06:07:12.207,1.6321,1.6323,23.60,25.90
2007.08.03 06:07:12.295,1.6322,1.6323,2.10,14.00
2007.08.03 06:07:12.611,1.6321,1.6323,53.40,14.80
2007.08.03 06:07:12.701,1.6321,1.6323,49.40,18.80
2007.08.03 06:07:12.730,1.6321,1.6323,2.50,21.20
2007.08.03 06:07:12.811,1.632,1.6323,49.70,33.10
2007.08.03 06:07:12.825,1.632,1.6323,47.30,35.50
2007.08.03 06:07:12.843,1.63205,1.6323,8.60,35.50
2007.08.03 06:07:13.006,1.63205,1.6323,12.60,31.50
2007.08.03 06:07:13.121,1.6321,1.6323,2.20,31.50
2007.08.03 06:07:13.227,1.63205,1.6323,14.80,31.50
2007.08.03 06:07:13.591,1.63205,1.6323,10.80,35.50
2007.08.03 06:07:13.654,1.63205,1.6322,10.80,0.80
2007.08.03 06:07:13.747,1.63205,1.6322,10.80,2.80
2007.08.03 06:07:13.767,1.6321,1.6322,1.80,2.80
2007.08.03 06:07:14.240,1.632,1.6322,36.10,2.80
2007.08.03 06:07:15.688,1.6321,1.6322,29.20,0.80
2007.08.03 06:07:15.723,1.6322,1.6323,3.20,13.60
2007.08.03 06:07:15.798,1.6322,1.6323,3.20,9.60
2007.08.03 06:07:15.829,1.6322,1.6323,3.20,7.20
2007.08.03 06:07:16.105,1.6322,1.6323,3.20,6.40
2007.08.03 06:07:16.733,1.6322,1.6323,3.20,4.00
2007.08.03 06:07:17.195,1.6322,1.6324,3.20,18.40
2007.08.03 06:07:18.087,1.6322,1.6324,3.20,19.20
2007.08.03 06:07:18.183,1.6322,1.6323,3.20,8.00
2007.08.03 06:07:18.250,1.6321,1.6323,46.60,10.40
2007.08.03 06:07:18.302,1.6321,1.6323,34.70,10.40
2007.08.03 06:07:18.339,1.6321,1.6323,31.20,10.40
2007.08.03 06:07:18.344,1.6321,1.6323,28.80,10.40
2007.08.03 06:07:18.765,1.6321,1.6323,28.80,11.20
2007.08.03 06:07:18.979,1.6321,1.6323,24.80,15.20
2007.08.03 06:07:22.230,1.6321,1.6323,36.80,15.20
2007.08.03 06:07:25.670,1.6321,1.6323,36.80,17.60
2007.08.03 06:07:27.734,1.6321,1.6323,36.80,15.20
2007.08.03 06:07:28.673,1.6321,1.6323,31.80,7.20
2007.08.03 06:07:28.769,1.6321,1.6323,28.80,9.60
2007.08.03 06:07:28.844,1.6321,1.6323,28.80,7.20
2007.08.03 06:07:28.881,1.6321,1.6323,20.80,7.20
2007.08.03 06:07:29.186,1.6321,1.6323,23.80,7.20
2007.08.03 06:07:29.242,1.6322,1.6323,2.40,7.20
2007.08.03 06:07:29.715,1.6322,1.6323,2.40,4.80
2007.08.03 06:07:30.473,1.6322,1.6323,5.60,4.80
2007.08.03 06:07:31.237,1.6322,1.6323,5.60,0.80
2007.08.03 06:07:31.609,1.6323,1.6324,1.60,29.20
2007.08.03 06:07:31.705,1.6323,1.6324,4.80,29.20
2007.08.03 06:07:31.792,1.6323,1.6324,4.80,27.60
2007.08.03 06:07:31.814,1.6323,1.6324,3.20,25.20
2007.08.03 06:07:31.895,1.6323,1.6324,3.20,21.20
2007.08.03 06:07:32.099,1.6323,1.6324,3.20,20.40
2007.08.03 06:07:32.231,1.6323,1.6324,3.20,17.20
2007.08.03 06:07:32.294,1.6323,1.6324,3.20,9.20
2007.08.03 06:07:32.329,1.6323,1.6324,3.20,11.60
2007.08.03 06:07:32.386,1.6323,1.6324,3.20,15.60
2007.08.03 06:07:32.429,1.6322,1.6324,29.90,15.60
2007.08.03 06:07:32.479,1.6322,1.6324,33.90,11.60
2007.08.03 06:07:32.502,1.6322,1.6324,25.90,11.60
2007.08.03 06:07:32.632,1.6322,1.6324,25.10,11.60
2007.08.03 06:07:32.708,1.6322,1.6324,23.10,9.60
2007.08.03 06:07:32.742,1.6323,1.6324,3.20,9.60
2007.08.03 06:07:32.850,1.6323,1.6324,3.20,8.80
2007.08.03 06:07:32.935,1.6323,1.6324,3.20,2.40
2007.08.03 06:07:32.948,1.6323,1.6325,3.20,33.90
2007.08.03 06:07:33.033,1.6323,1.6324,3.20,4.00
2007.08.03 06:07:34.402,1.6323,1.6325,3.20,33.90
2007.08.03 06:07:35.639,1.6323,1.6324,3.20,0.50
2007.08.03 06:07:35.714,1.6323,1.6324,3.20,0.80
2007.08.03 06:07:35.745,1.6322,1.6324,19.90,0.50
2007.08.03 06:07:35.919,1.6322,1.6325,17.50,32.20
2007.08.03 06:07:39.121,1.6322,1.6324,18.30,0.50
2007.08.03 06:07:39.738,1.6322,1.6325,20.30,33.00
2007.08.03 06:07:42.458,1.6322,1.6324,28.30,0.70
2007.08.03 06:07:43.699,1.6323,1.6324,3.20,0.80
2007.08.03 06:07:44.727,1.6323,1.6325,3.20,28.00
2007.08.03 06:07:44.829,1.6323,1.6324,3.20,0.70
2007.08.03 06:07:45.631,1.6323,1.6324,3.20,0.70
2007.08.03 06:07:45.657,1.6323,1.6324,5.20,0.60
2007.08.03 06:07:45.751,1.6323,1.63255,5.20,33.50
2007.08.03 06:07:45.764,1.6323,1.63255,17.10,21.60
2007.08.03 06:07:46.158,1.6323,1.6324,17.10,0.90
2007.08.03 06:07:46.182,1.6323,1.6324,15.10,0.80
2007.08.03 06:07:46.278,1.6323,1.6324,3.20,0.60
2007.08.03 06:07:46.672,1.6323,1.6325,3.20,40.70
2007.08.03 06:07:46.694,1.6323,1.6324,3.20,0.80
2007.08.03 06:07:46.850,1.6323,1.63255,21.10,24.00
2007.08.03 06:07:46.889,1.6323,1.63255,21.10,21.60
2007.08.03 06:07:47.113,1.6323,1.6325,21.90,0.50
2007.08.03 06:07:47.219,1.6323,1.6326,29.90,42.20
2007.08.03 06:07:47.320,1.6324,1.6325,3.20,0.50
2007.08.03 06:07:47.416,1.6324,1.63255,4.00,20.00
2007.08.03 06:07:47.727,1.6325,1.63255,3.20,16.80
2007.08.03 06:07:47.745,1.6324,1.6325,23.10,0.80
2007.08.03 06:07:48.251,1.6324,1.6326,36.70,37.00
2007.08.03 06:07:48.264,1.6324,1.6326,12.80,37.00
2007.08.03 06:07:48.346,1.6324,1.6326,9.60,37.00
2007.08.03 06:07:48.359,1.6324,1.6325,5.60,0.80
2007.08.03 06:07:48.660,1.6324,1.6325,3.20,0.70
2007.08.03 06:07:48.685,1.6324,1.6325,3.20,0.70
2007.08.03 06:07:49.061,1.6324,1.6326,3.20,45.70
2007.08.03 06:07:49.468,1.6324,1.6325,4.00,0.50
2007.08.03 06:07:49.683,1.6324,1.63255,0.80,13.60
2007.08.03 06:07:50.131,1.6324,1.6325,0.80,0.80
2007.08.03 06:07:50.892,1.6323,1.63255,20.30,17.60
2007.08.03 06:07:52.647,1.6323,1.6325,22.70,0.90
2007.08.03 06:07:52.707,1.6323,1.63255,26.80,17.60
2007.08.03 06:07:52.733,1.6324,1.63255,3.20,17.60
2007.08.03 06:07:53.785,1.6324,1.6326,4.00,37.00
2007.08.03 06:07:54.161,1.6324,1.6325,6.00,0.50
2007.08.03 06:07:54.212,1.6324,1.6326,6.00,30.60
2007.08.03 06:07:54.259,1.6324,1.6326,6.00,34.50
2007.08.03 06:07:54.468,1.6324,1.6325,17.90,0.50
2007.08.03 06:07:55.204,1.6324,1.6325,25.90,0.70
2007.08.03 06:07:55.226,1.6324,1.6325,28.30,0.80
2007.08.03 06:07:55.731,1.6324,1.6326,32.30,10.80
2007.08.03 06:07:56.167,1.6325,1.63265,3.20,6.30
2007.08.03 06:07:56.442,1.6325,1.63265,0.50,0.70
2007.08.03 06:07:56.456,1.6324,1.6328,29.10,44.10
2007.08.03 06:07:56.674,1.6324,1.6325,0.80,0.50
2007.08.03 06:07:56.740,1.6323,1.6326,49.10,12.00
2007.08.03 06:07:56.848,1.6324,1.6325,0.50,0.50
2007.08.03 06:07:57.166,1.6324,1.6325,0.80,0.90
2007.08.03 06:07:57.185,1.6323,1.6326,43.70,38.90
2007.08.03 06:07:57.236,1.6324,1.6325,0.50,0.80
2007.08.03 06:07:57.264,1.6323,1.6327,39.70,43.60
2007.08.03 06:07:57.281,1.6323,1.6327,42.10,45.20
2007.08.03 06:07:57.691,1.6323,1.6327,35.50,45.20
2007.08.03 06:07:57.796,1.6323,1.6327,31.60,54.10
2007.08.03 06:07:57.893,1.6323,1.6327,31.60,55.70
2007.08.03 06:07:58.204,1.6323,1.6327,35.50,46.00
2007.08.03 06:07:58.309,1.6323,1.6327,35.50,42.80
2007.08.03 06:07:58.724,1.6323,1.6327,42.70,42.80
2007.08.03 06:07:59.086,1.6323,1.6326,38.70,20.60
2007.08.03 06:07:59.661,1.6323,1.6326,44.10,25.40
2007.08.03 06:07:59.753,1.6323,1.6326,34.50,27.00
2007.08.03 06:07:59.759,1.6323,1.6326,24.60,38.90
2007.08.03 06:08:02.023,1.6323,1.6326,27.80,41.30
2007.08.03 06:08:03.164,1.63235,1.6326,6.60,35.30
2007.08.03 06:08:03.283,1.63235,1.6326,6.60,36.30
2007.08.03 06:08:03.637,1.6324,1.6326,1.10,36.30
2007.08.03 06:08:03.676,1.63235,1.6326,17.80,24.40
2007.08.03 06:08:03.742,1.63235,1.6326,17.80,22.00
2007.08.03 06:08:03.770,1.63235,1.6326,19.80,18.00
2007.08.03 06:08:04.150,1.6324,1.6326,1.60,17.20
2007.08.03 06:08:04.199,1.6324,1.6326,8.00,7.20
2007.08.03 06:08:04.268,1.6325,1.6326,1.80,4.00
2007.08.03 06:08:04.685,1.6323,1.6326,43.10,4.00
2007.08.03 06:08:04.712,1.6323,1.6326,37.80,4.00
2007.08.03 06:08:04.829,1.6323,1.6326,46.30,4.00
2007.08.03 06:08:04.883,1.6323,1.6326,43.90,4.00
2007.08.03 06:08:04.954,1.6324,1.6326,0.60,4.00
2007.08.03 06:08:05.662,1.63235,1.6326,6.60,4.00
2007.08.03 06:08:06.124,1.63235,1.6326,7.40,4.00
2007.08.03 06:08:06.173,1.6325,1.6326,0.80,4.00
2007.08.03 06:08:06.223,1.6324,1.6326,21.60,4.00
2007.08.03 06:08:06.676,1.6324,1.6326,35.50,4.00
2007.08.03 06:08:06.733,1.6324,1.6326,39.70,4.00
2007.08.03 06:08:07.215,1.6324,1.6327,46.10,22.00
2007.08.03 06:08:07.545,1.6325,1.6327,14.00,24.00
2007.08.03 06:08:07.628,1.6324,1.6327,48.50,26.00
2007.08.03 06:08:08.158,1.6324,1.6327,40.10,26.00
2007.08.03 06:08:08.268,1.6325,1.6327,6.30,26.00
2007.08.03 06:08:08.758,1.6325,1.6327,3.10,29.20
2007.08.03 06:08:08.764,1.6325,1.6326,2.00,4.00
2007.08.03 06:08:08.782,1.63235,1.6326,11.40,8.00
2007.08.03 06:08:09.073,1.6324,1.6326,2.50,8.00
2007.08.03 06:08:09.182,1.63235,1.6326,9.80,16.00
2007.08.03 06:08:09.196,1.63235,1.6326,9.80,18.40
2007.08.03 06:08:09.304,1.6323,1.6326,28.80,21.60
2007.08.03 06:08:09.387,1.6323,1.6326,16.80,33.50
2007.08.03 06:08:09.480,1.6323,1.6325,16.80,4.00
2007.08.03 06:08:09.765,1.6323,1.6325,14.40,4.00
2007.08.03 06:08:09.898,1.6322,1.6325,37.40,4.00
2007.08.03 06:08:10.119,1.6323,1.6325,0.50,12.00
2007.08.03 06:08:10.436,1.63225,1.6325,6.60,8.00
2007.08.03 06:08:10.634,1.6324,1.6325,0.80,8.00
2007.08.03 06:08:10.946,1.6323,1.6325,16.00,12.00
2007.08.03 06:08:11.335,1.6323,1.6325,31.20,8.00
2007.08.03 06:08:11.363,1.6323,1.6325,31.20,4.00
2007.08.03 06:08:11.671,1.6323,1.6325,31.20,4.00
2007.08.03 06:08:11.900,1.63235,1.6325,14.60,4.00
2007.08.03 06:08:12.578,1.6323,1.6326,54.50,33.70
2007.08.03 06:08:13.034,1.6323,1.6326,56.10,33.70
2007.08.03 06:08:13.230,1.6323,1.6326,56.90,32.90
2007.08.03 06:08:13.245,1.6323,1.6326,48.90,29.00
2007.08.03 06:08:13.332,1.6323,1.6326,48.90,29.00
2007.08.03 06:08:13.345,1.6323,1.6326,48.90,29.00
2007.08.03 06:08:13.632,1.6323,1.6326,48.10,29.00
2007.08.03 06:08:13.650,1.6324,1.6326,1.20,29.00
2007.08.03 06:08:13.740,1.6324,1.6326,9.90,29.80
2007.08.03 06:08:14.069,1.6323,1.6326,47.30,29.80
2007.08.03 06:08:14.271,1.6324,1.6326,6.10,29.80
2007.08.03 06:08:14.351,1.6323,1.6326,43.40,29.80
2007.08.03 06:08:14.695,1.6323,1.6325,41.40,8.00
2007.08.03 06:08:14.800,1.6323,1.6325,37.40,10.00
2007.08.03 06:08:15.064,1.6323,1.6325,34.20,14.00
2007.08.03 06:08:15.177,1.6323,1.6325,31.00,16.40
2007.08.03 06:08:15.190,1.6323,1.6325,31.00,16.40
2007.08.03 06:08:15.276,1.6322,1.6325,39.90,16.40
2007.08.03 06:08:15.937,1.63225,1.6325,27.80,18.80
2007.08.03 06:08:17.071,1.6323,1.6325,2.90,18.80
2007.08.03 06:08:17.203,1.6323,1.6325,0.50,22.80
2007.08.03 06:08:17.456,1.6323,1.6325,20.40,22.80
2007.08.03 06:08:18.233,1.6324,1.6325,4.60,22.80
2007.08.03 06:08:18.265,1.6323,1.6325,23.60,20.40
2007.08.03 06:08:18.948,1.6323,1.6325,29.40,18.00
2007.08.03 06:08:19.479,1.6323,1.6325,33.40,14.00
2007.08.03 06:08:20.711,1.6323,1.6325,30.20,16.40
2007.08.03 06:08:20.817,1.6323,1.6325,13.10,16.40
2007.08.03 06:08:20.952,1.6323,1.6325,3.70,16.40
2007.08.03 06:08:21.804,1.63225,1.6325,27.80,18.80
2007.08.03 06:08:22.268,1.63225,1.6325,23.80,22.80
2007.08.03 06:08:22.450,1.63225,1.6325,23.80,25.20
2007.08.03 06:08:22.663,1.63225,1.6324,23.00,2.40
2007.08.03 06:08:22.781,1.6323,1.6324,0.80,12.80
2007.08.03 06:08:23.076,1.6322,1.6324,35.80,10.40
2007.08.03 06:08:23.095,1.6322,1.6324,7.10,10.40
2007.08.03 06:08:23.175,1.6322,1.6324,14.50,14.40
2007.08.03 06:08:23.294,1.6321,1.6324,50.60,14.40
2007.08.03 06:08:23.376,1.6322,1.6324,1.60,14.40
2007.08.03 06:08:23.391,1.6322,1.6324,6.90,14.40
2007.08.03 06:08:23.580,1.6322,1.6324,13.50,18.40
2007.08.03 06:08:23.690,1.6322,1.6324,33.30,12.80
2007.08.03 06:08:23.711,1.6323,1.6324,1.40,7.20
2007.08.03 06:08:24.098,1.6322,1.6324,36.30,6.40
2007.08.03 06:08:24.177,1.6323,1.6324,1.30,2.40
2007.08.03 06:08:24.220,1.6322,1.6324,39.10,10.40
2007.08.03 06:08:24.356,1.6321,1.6324,52.60,16.80
2007.08.03 06:08:24.464,1.6321,1.6324,52.60,17.60
2007.08.03 06:08:24.670,1.6322,1.6324,34.50,21.60
2007.08.03 06:08:24.841,1.6322,1.6324,34.50,23.60
2007.08.03 06:08:24.864,1.6322,1.6324,31.10,23.60
2007.08.03 06:08:25.192,1.6323,1.6324,0.80,20.40
2007.08.03 06:08:25.206,1.6323,1.6324,0.80,16.40
2007.08.03 06:08:25.258,1.6323,1.6324,2.80,6.40
2007.08.03 06:08:25.278,1.6323,1.6324,2.80,2.40
2007.08.03 06:08:25.555,1.6323,1.6324,2.80,6.40
2007.08.03 06:08:25.677,1.6323,1.6324,10.80,6.40
2007.08.03 06:08:25.697,1.6324,1.6325,0.80,11.90
2007.08.03 06:08:25.794,1.6324,1.6325,12.70,2.40
2007.08.03 06:08:25.806,1.6324,1.6325,15.10,2.40
2007.08.03 06:08:25.887,1.6324,1.6325,17.10,2.40
2007.08.03 06:08:25.924,1.6324,1.6325,17.90,2.40
2007.08.03 06:08:26.205,1.6324,1.6325,29.90,2.40
2007.08.03 06:08:26.226,1.6324,1.6325,32.30,2.40
2007.08.03 06:08:26.624,1.6324,1.6325,31.50,2.40
2007.08.03 06:08:26.718,1.6324,1.6325,28.30,2.40
2007.08.03 06:08:26.723,1.6324,1.6325,2.40,2.40
2007.08.03 06:08:26.839,1.6323,1.6326,33.90,12.60
2007.08.03 06:08:27.129,1.6323,1.6326,28.70,12.60
2007.08.03 06:08:27.136,1.6323,1.6324,27.90,4.80
2007.08.03 06:08:27.284,1.6323,1.6324,27.90,0.80
2007.08.03 06:08:27.647,1.6323,1.6324,24.70,4.80
2007.08.03 06:08:27.759,1.6323,1.6324,4.80,4.80
2007.08.03 06:08:27.914,1.6323,1.6324,4.80,6.80
2007.08.03 06:08:28.269,1.6323,1.6324,2.40,6.80
2007.08.03 06:08:28.376,1.6324,1.6325,0.80,35.10
2007.08.03 06:08:28.680,1.6324,1.6325,3.20,28.70
2007.08.03 06:08:28.799,1.6324,1.6325,13.20,7.20
2007.08.03 06:08:29.095,1.6324,1.6325,13.20,6.40
2007.08.03 06:08:29.482,1.6324,1.6325,13.20,2.40
2007.08.03 06:08:29.708,1.6324,1.6325,16.40,2.40
2007.08.03 06:08:29.730,1.6324,1.6326,32.30,18.60
2007.08.03 06:08:30.139,1.6324,1.6326,33.10,18.60
2007.08.03 06:08:30.660,1.6324,1.6326,32.30,18.60
2007.08.03 06:08:30.680,1.6324,1.6326,28.30,18.60
2007.08.03 06:08:30.762,1.6324,1.6326,28.30,19.40
2007.08.03 06:08:30.768,1.6324,1.6326,16.40,31.30
2007.08.03 06:08:30.855,1.6324,1.6326,14.00,31.30
2007.08.03 06:08:31.084,1.6324,1.6326,13.20,31.30
2007.08.03 06:08:33.159,1.6324,1.6326,11.20,31.30
2007.08.03 06:08:33.723,1.6324,1.6325,11.20,4.00
2007.08.03 06:08:33.752,1.6324,1.6325,11.20,6.00
2007.08.03 06:08:34.710,1.6324,1.6326,11.20,27.40
2007.08.03 06:08:44.864,1.6324,1.6326,19.20,25.20
2007.08.03 06:08:45.181,1.6324,1.6326,11.20,25.20
2007.08.03 06:08:45.646,1.6324,1.6326,12.00,23.60
2007.08.03 06:08:45.752,1.6324,1.6325,12.00,0.90
2007.08.03 06:08:45.775,1.6324,1.63265,25.90,14.40
2007.08.03 06:08:45.881,1.6324,1.6327,29.30,24.40
2007.08.03 06:08:46.095,1.6324,1.6327,29.30,23.60
2007.08.03 06:08:46.479,1.6324,1.6327,33.30,23.60
2007.08.03 06:08:46.673,1.6325,1.6326,2.40,0.80
2007.08.03 06:08:46.715,1.6325,1.6327,12.40,0.70
2007.08.03 06:08:46.778,1.6325,1.63275,12.40,30.00
2007.08.03 06:08:46.810,1.6325,1.6327,12.40,0.50
2007.08.03 06:08:47.189,1.6325,1.6326,10.00,0.50
2007.08.03 06:08:47.229,1.6324,1.6327,26.20,38.70
2007.08.03 06:08:47.336,1.6324,1.6326,38.10,0.70
2007.08.03 06:08:47.393,1.6324,1.6327,35.70,45.10
2007.08.03 06:08:50.583,1.6324,1.6327,34.90,45.10
2007.08.03 06:08:50.666,1.6324,1.6327,32.90,45.10
2007.08.03 06:08:50.691,1.6324,1.6326,32.90,9.60
2007.08.03 06:08:50.730,1.6324,1.6325,29.50,0.50
2007.08.03 06:08:50.770,1.6324,1.6326,9.60,27.60
2007.08.03 06:08:51.184,1.6324,1.6325,15.60,0.60
2007.08.03 06:08:51.196,1.6324,1.63265,15.60,27.60
2007.08.03 06:08:51.293,1.6324,1.6326,11.60,0.90
2007.08.03 06:08:51.302,1.6324,1.6326,11.60,0.60
2007.08.03 06:08:51.883,1.6324,1.6326,9.20,0.90
2007.08.03 06:09:01.633,1.6324,1.63265,7.20,27.60
2007.08.03 06:09:01.697,1.6324,1.6327,7.20,44.40
2007.08.03 06:09:01.752,1.6324,1.6326,3.20,31.60
2007.08.03 06:09:01.903,1.6324,1.6325,3.20,0.80
2007.08.03 06:09:02.167,1.6324,1.6326,5.20,45.90
2007.08.03 06:09:02.412,1.6324,1.6326,5.20,0.60
2007.08.03 06:09:03.622,1.6324,1.63265,3.20,39.50
2007.08.03 06:09:03.719,1.6324,1.6326,3.20,44.30
2007.08.03 06:09:03.743,1.6324,1.6326,3.20,47.50
2007.08.03 06:09:04.760,1.6324,1.6325,3.20,6.00
2007.08.03 06:09:05.166,1.6324,1.6325,3.20,14.00
2007.08.03 06:09:08.208,1.6324,1.6325,3.20,6.00
2007.08.03 06:09:10.675,1.6324,1.6325,0.80,8.40
2007.08.03 06:09:10.771,1.6324,1.6325,0.80,16.40
2007.08.03 06:09:11.581,1.6324,1.6325,0.80,20.40
2007.08.03 06:09:11.788,1.6324,1.6325,0.80,22.80
2007.08.03 06:09:20.663,1.6323,1.6325,29.10,23.60
2007.08.03 06:09:20.731,1.6323,1.6325,3.20,43.50
2007.08.03 06:09:20.756,1.6323,1.6324,0.80,4.00
2007.08.03 06:09:21.139,1.6322,1.6324,9.80,4.00
2007.08.03 06:09:21.678,1.6323,1.6324,4.00,4.00
2007.08.03 06:09:21.699,1.6323,1.6324,6.40,4.00
2007.08.03 06:09:22.189,1.6323,1.6324,2.40,4.00
2007.08.03 06:09:22.214,1.6323,1.6324,2.40,4.80
2007.08.03 06:09:22.615,1.6323,1.6324,2.40,4.00
2007.08.03 06:09:22.685,1.6323,1.6324,6.40,4.00
2007.08.03 06:09:22.734,1.6323,1.6325,6.40,34.70
2007.08.03 06:09:22.872,1.6323,1.6325,6.40,26.70
2007.08.03 06:09:23.086,1.6323,1.6325,6.40,25.10
2007.08.03 06:09:26.244,1.6323,1.6325,9.80,25.10
2007.08.03 06:09:26.451,1.6323,1.6325,4.60,25.10
2007.08.03 06:09:27.286,1.6323,1.6325,0.80,21.10
2007.08.03 06:09:34.119,1.6323,1.6325,2.80,20.30
2007.08.03 06:09:34.197,1.6322,1.6325,38.20,6.40
2007.08.03 06:09:34.696,1.6323,1.6325,3.40,4.00
2007.08.03 06:09:35.377,1.6323,1.6325,16.20,4.00
2007.08.03 06:09:37.106,1.63235,1.6325,0.90,5.60
2007.08.03 06:09:37.198,1.63235,1.6324,1.00,0.80
2007.08.03 06:09:37.687,1.6322,1.6324,39.80,0.80
2007.08.03 06:09:37.708,1.6322,1.6324,36.60,4.80
2007.08.03 06:09:37.815,1.6322,1.6324,36.60,4.80
2007.08.03 06:09:38.112,1.6322,1.6324,37.40,4.80
2007.08.03 06:09:38.198,1.6323,1.6324,12.60,4.80
2007.08.03 06:09:38.218,1.63235,1.6324,1.90,4.00
2007.08.03 06:09:38.242,1.6323,1.6326,28.50,26.80
2007.08.03 06:09:38.345,1.6323,1.6326,28.50,34.70
2007.08.03 06:09:38.471,1.6323,1.6325,30.90,4.00
2007.08.03 06:09:38.479,1.63235,1.6325,1.80,8.00
2007.08.03 06:09:38.667,1.63235,1.6325,6.60,4.00
2007.08.03 06:09:38.770,1.6323,1.6325,44.50,4.00
2007.08.03 06:09:39.069,1.6323,1.6325,46.90,4.00
2007.08.03 06:09:39.079,1.6323,1.6326,50.90,28.30
2007.08.03 06:09:39.694,1.6322,1.6325,52.10,4.00
2007.08.03 06:09:39.747,1.6323,1.6325,17.30,4.00
2007.08.03 06:09:39.811,1.6323,1.6325,1.90,4.00
2007.08.03 06:09:39.901,1.6323,1.6325,8.00,4.00
2007.08.03 06:09:40.087,1.6322,1.6325,39.70,4.00
2007.08.03 06:09:40.110,1.6322,1.6325,37.30,4.00
2007.08.03 06:09:40.190,1.6323,1.6325,7.70,8.00
2007.08.03 06:09:40.215,1.6322,1.6325,39.40,8.00
2007.08.03 06:09:40.290,1.6323,1.6325,1.60,8.00
2007.08.03 06:09:40.806,1.6322,1.6325,28.30,10.40
2007.08.03 06:09:43.162,1.6321,1.6325,65.70,12.80
2007.08.03 06:09:43.223,1.6322,1.6325,13.70,12.80
2007.08.03 06:09:43.317,1.63215,1.6325,51.30,20.00
2007.08.03 06:09:43.436,1.63215,1.6325,39.40,39.90
2007.08.03 06:09:43.474,1.63215,1.6324,36.20,4.00
2007.08.03 06:09:43.735,1.63215,1.6324,35.20,4.00
2007.08.03 06:09:43.783,1.63215,1.6324,32.80,4.00
2007.08.03 06:09:43.853,1.6322,1.6324,6.80,4.00
2007.08.03 06:09:44.154,1.6322,1.6324,4.80,4.00
2007.08.03 06:09:44.187,1.6322,1.6325,3.80,45.10
2007.08.03 06:09:44.260,1.63215,1.6325,36.80,29.20
2007.08.03 06:09:44.343,1.6322,1.6325,5.70,26.00
2007.08.03 06:09:44.356,1.6322,1.6325,6.70,33.90
2007.08.03 06:09:44.389,1.6322,1.6325,18.40,31.50
2007.08.03 06:09:44.543,1.6322,1.6324,3.20,4.00
2007.08.03 06:09:44.733,1.6321,1.6324,47.20,8.00
2007.08.03 06:09:44.852,1.63215,1.6324,32.00,8.00
2007.08.03 06:09:44.891,1.63215,1.6324,35.90,8.00
2007.08.03 06:09:45.102,1.6322,1.6324,7.80,8.00
2007.08.03 06:09:45.192,1.6322,1.6324,2.80,8.00
2007.08.03 06:09:45.242,1.63215,1.6324,19.20,8.00
2007.08.03 06:09:45.339,1.6322,1.6324,6.10,4.00
2007.08.03 06:09:45.361,1.63215,1.6324,20.80,4.00
2007.08.03 06:09:45.577,1.6322,1.6324,3.30,8.00
2007.08.03 06:09:45.659,1.6322,1.6324,2.60,8.00
2007.08.03 06:09:45.722,1.63215,1.6324,28.80,8.00
2007.08.03 06:09:45.761,1.63215,1.6324,31.20,8.00
2007.08.03 06:09:45.814,1.6322,1.6324,4.70,10.40
2007.08.03 06:09:46.782,1.6322,1.6324,7.30,9.60
2007.08.03 06:09:46.845,1.6322,1.6324,3.90,9.60
2007.08.03 06:09:46.928,1.6322,1.6324,7.10,9.60
2007.08.03 06:09:47.473,1.6322,1.6324,20.40,5.60
2007.08.03 06:09:47.777,1.6322,1.6324,13.40,3.20
2007.08.03 06:09:48.229,1.6322,1.6324,11.80,3.20
2007.08.03 06:09:48.707,1.6322,1.6324,15.20,5.60
2007.08.03 06:09:48.990,1.6322,1.6324,13.50,5.60
2007.08.03 06:09:49.519,1.6322,1.6324,6.10,5.60
2007.08.03 06:09:50.040,1.6321,1.6324,51.90,5.60
2007.08.03 06:09:53.349,1.6322,1.6324,4.20,5.60
2007.08.03 06:09:54.548,1.63215,1.6324,36.70,9.60
2007.08.03 06:09:54.878,1.6321,1.6324,51.90,9.60
2007.08.03 06:09:55.490,1.6321,1.6324,51.90,5.60
2007.08.03 06:09:56.441,1.6322,1.6324,37.30,5.60
2007.08.03 06:09:56.798,1.6322,1.6324,34.30,5.60
2007.08.03 06:09:56.991,1.6322,1.6324,37.70,5.60
2007.08.03 06:09:57.629,1.6322,1.6324,40.10,3.20
2007.08.03 06:09:57.749,1.6322,1.6324,48.10,3.20
2007.08.03 06:09:57.908,1.6322,1.6324,51.30,3.20
2007.08.03 06:09:58.018,1.6322,1.6325,51.30,30.70
2007.08.03 06:09:58.047,1.6322,1.6325,52.10,30.70
2007.08.03 06:10:02.355,1.6322,1.6325,52.10,33.90
2007.08.03 06:10:02.807,1.6322,1.6325,56.10,33.90
2007.08.03 06:10:02.828,1.6322,1.6325,53.70,36.30
2007.08.03 06:10:02.878,1.6322,1.6325,50.30,36.30
2007.08.03 06:10:03.117,1.6322,1.6325,49.50,36.30
2007.08.03 06:10:03.741,1.6322,1.6324,49.10,2.40
2007.08.03 06:10:04.124,1.6322,1.6324,45.10,6.40
2007.08.03 06:10:04.897,1.6322,1.6324,33.90,9.60
2007.08.03 06:10:11.609,1.6322,1.6325,33.90,28.40
2007.08.03 06:10:13.176,1.6322,1.6324,33.90,0.90
2007.08.03 06:10:13.204,1.6322,1.6325,33.90,31.40
2007.08.03 06:10:13.794,1.6322,1.6325,25.90,35.00
2007.08.03 06:10:14.211,1.6322,1.6324,29.90,0.60
2007.08.03 06:10:14.235,1.6322,1.6324,29.90,0.70
2007.08.03 06:10:14.733,1.6322,1.6324,33.10,0.80
2007.08.03 06:10:14.841,1.6322,1.6325,41.10,33.40
2007.08.03 06:10:14.954,1.6323,1.6325,3.20,31.00
2007.08.03 06:10:15.765,1.6323,1.6325,17.10,37.60
2007.08.03 06:10:16.483,1.6323,1.6325,17.10,32.00
2007.08.03 06:10:16.710,1.6323,1.6325,17.10,0.50
2007.08.03 06:10:23.002,1.6323,1.63255,17.10,33.40
2007.08.03 06:10:23.040,1.6323,1.63255,17.10,32.60
2007.08.03 06:10:23.087,1.6323,1.63255,17.10,31.80
2007.08.03 06:10:23.254,1.6323,1.63255,17.10,28.80
2007.08.03 06:10:23.349,1.6323,1.63255,21.10,28.80
2007.08.03 06:10:40.226,1.6323,1.6325,21.10,28.60
2007.08.03 06:10:40.442,1.6323,1.6325,17.10,28.60
2007.08.03 06:10:44.672,1.6323,1.6325,13.90,34.20
2007.08.03 06:10:44.684,1.6323,1.6325,11.90,34.20
2007.08.03 06:10:44.764,1.6322,1.6325,13.80,30.20
2007.08.03 06:10:44.904,1.6322,1.6325,10.40,33.40
2007.08.03 06:10:45.108,1.6322,1.6325,9.60,33.40
2007.08.03 06:10:45.178,1.6322,1.6325,7.20,50.90
2007.08.03 06:10:45.550,1.6322,1.6324,3.20,4.00
2007.08.03 06:10:45.735,1.6322,1.6324,3.20,6.40
2007.08.03 06:10:46.150,1.6322,1.6324,7.20,6.40
2007.08.03 06:10:46.226,1.6322,1.6324,27.10,6.40
2007.08.03 06:10:46.350,1.6322,1.6324,35.10,6.40
2007.08.03 06:10:46.361,1.6323,1.6324,3.20,6.40
2007.08.03 06:10:57.219,1.6322,1.6324,29.10,6.40
2007.08.03 06:10:57.232,1.6322,1.6324,3.20,6.40
2007.08.03 06:11:01.202,1.6322,1.6324,11.20,6.40
2007.08.03 06:11:01.750,1.6322,1.6324,14.60,6.40
2007.08.03 06:11:01.822,1.6322,1.6324,6.60,6.40
2007.08.03 06:11:02.148,1.6322,1.6324,10.60,2.40
2007.08.03 06:11:02.688,1.6323,1.6325,3.20,39.90
2007.08.03 06:11:02.779,1.6323,1.6325,3.20,31.90
2007.08.03 06:11:08.656,1.6323,1.6325,7.20,31.90
2007.08.03 06:11:08.800,1.6323,1.6325,9.60,31.90
2007.08.03 06:11:08.829,1.6323,1.6325,5.10,31.90
2007.08.03 06:11:09.390,1.63225,1.6325,24.90,20.00
2007.08.03 06:11:10.682,1.63225,1.6325,22.50,20.00
2007.08.03 06:11:10.786,1.6323,1.6325,7.80,17.60
2007.08.03 06:11:10.801,1.6323,1.6325,5.60,17.60
2007.08.03 06:11:12.661,1.6325,1.6326,0.80,18.20
2007.08.03 06:11:12.691,1.6324,1.6325,39.10,6.40
2007.08.03 06:11:13.577,1.6324,1.6325,29.70,2.40
2007.08.03 06:11:13.645,1.6325,1.6326,1.40,21.40
2007.08.03 06:11:13.681,1.63235,1.6326,31.30,21.40
2007.08.03 06:11:13.761,1.6323,1.6326,50.50,21.40
2007.08.03 06:11:13.785,1.6324,1.6326,3.70,23.80
2007.08.03 06:11:14.078,1.6324,1.6326,1.50,23.80
2007.08.03 06:11:14.107,1.6323,1.6326,47.30,27.80
2007.08.03 06:11:14.710,1.6324,1.6325,1.30,2.40
2007.08.03 06:11:15.611,1.6323,1.6325,45.70,2.40
2007.08.03 06:11:15.661,1.6324,1.6325,4.50,2.40
2007.08.03 06:11:15.729,1.6323,1.6325,52.10,2.40
2007.08.03 06:11:15.777,1.6324,1.6325,13.10,2.40
2007.08.03 06:11:15.863,1.6323,1.6325,48.10,2.40
2007.08.03 06:11:16.716,1.6323,1.6326,48.90,17.40
2007.08.03 06:11:18.813,1.6324,1.6326,10.90,10.40
2007.08.03 06:11:20.658,1.6324,1.6326,38.30,10.40
2007.08.03 06:11:20.703,1.6324,1.6326,46.30,10.40
2007.08.03 06:11:20.773,1.6324,1.6326,46.30,7.20
2007.08.03 06:11:21.185,1.6325,1.6326,1.80,10.40
2007.08.03 06:11:21.220,1.6324,1.6326,49.70,6.40
2007.08.03 06:11:21.243,1.6325,1.6326,1.20,6.40
2007.08.03 06:11:21.281,1.6323,1.6326,50.60,6.40
2007.08.03 06:11:21.387,1.63235,1.6326,37.80,6.40
2007.08.03 06:11:21.640,1.6323,1.6326,50.60,6.40
2007.08.03 06:11:21.702,1.6323,1.6326,55.30,3.20
2007.08.03 06:11:21.909,1.63245,1.6326,0.90,0.80
2007.08.03 06:11:22.936,1.6324,1.6326,17.20,0.80
2007.08.03 06:11:23.199,1.63245,1.6326,0.50,0.80
2007.08.03 06:11:23.365,1.63245,1.6327,6.60,25.10
2007.08.03 06:11:24.183,1.6325,1.6327,4.00,24.30
2007.08.03 06:11:24.243,1.6325,1.6327,16.00,24.30
2007.08.03 06:11:24.292,1.6325,1.6327,21.60,24.30
2007.08.03 06:11:24.701,1.6325,1.6327,22.40,21.90
2007.08.03 06:11:24.831,1.6325,1.6327,49.70,6.00
2007.08.03 06:11:25.255,1.6326,1.6327,3.70,2.00
2007.08.03 06:11:25.791,1.6325,1.6327,56.10,2.00
2007.08.03 06:11:25.814,1.6325,1.6328,60.10,21.20
2007.08.03 06:11:26.082,1.63255,1.6328,17.80,21.20
2007.08.03 06:11:26.234,1.6326,1.6327,3.60,2.00
2007.08.03 06:11:26.324,1.63255,1.6327,9.80,2.00
2007.08.03 06:11:28.251,1.63255,1.6328,23.70,16.40
2007.08.03 06:11:28.274,1.63255,1.6328,23.70,14.00
2007.08.03 06:11:28.348,1.63255,1.6328,27.70,10.00
2007.08.03 06:11:28.585,1.6326,1.6328,8.30,10.00
2007.08.03 06:11:28.658,1.63255,1.6328,32.50,10.00
2007.08.03 06:11:28.693,1.6326,1.6328,32.30,9.20
2007.08.03 06:11:28.869,1.6326,1.6328,43.70,6.80
2007.08.03 06:11:29.190,1.6326,1.6328,50.90,6.80
2007.08.03 06:11:30.260,1.6326,1.6328,46.90,6.80
2007.08.03 06:11:30.957,1.6327,1.6328,1.30,6.80
2007.08.03 06:11:31.798,1.6326,1.6328,49.30,2.80
2007.08.03 06:11:32.771,1.63265,1.6328,9.00,2.80
2007.08.03 06:11:33.104,1.63265,1.6328,9.00,3.60
2007.08.03 06:11:33.253,1.63265,1.6329,14.60,25.50
2007.08.03 06:11:33.720,1.6326,1.6329,36.40,24.00
2007.08.03 06:11:33.738,1.6325,1.63285,48.60,6.80
2007.08.03 06:11:34.128,1.6326,1.6328,0.50,0.70
2007.08.03 06:11:34.143,1.6327,1.6328,0.50,0.80
2007.08.03 06:11:34.233,1.6326,1.63285,36.20,7.60
2007.08.03 06:11:34.257,1.6327,1.6328,0.60,0.60
2007.08.03 06:11:34.511,1.6326,1.6329,35.60,23.20
2007.08.03 06:11:35.001,1.6326,1.6329,39.60,20.00
2007.08.03 06:11:35.101,1.6327,1.6328,0.50,0.70
2007.08.03 06:11:35.833,1.6327,1.6328,0.50,0.80
2007.08.03 06:11:40.976,1.6327,1.6328,10.40,0.80
2007.08.03 06:11:42.826,1.6327,1.6329,10.40,32.70
2007.08.03 06:11:49.308,1.6327,1.6329,18.40,24.80
2007.08.03 06:11:49.757,1.6327,1.6328,10.40,0.80
2007.08.03 06:11:50.624,1.6327,1.6329,10.40,37.50
2007.08.03 06:11:50.679,1.6327,1.6329,14.40,27.50
2007.08.03 06:11:50.718,1.6327,1.6329,14.40,0.90
2007.08.03 06:11:52.149,1.6327,1.633,14.40,43.50
2007.08.03 06:11:52.260,1.6327,1.6329,15.20,0.70
2007.08.03 06:11:52.384,1.6327,1.633,16.00,41.50
2007.08.03 06:11:52.409,1.6327,1.6329,16.80,0.50
2007.08.03 06:11:52.702,1.6327,1.6329,18.80,0.80
2007.08.03 06:11:52.799,1.6327,1.633,26.80,41.50
2007.08.03 06:11:52.907,1.6327,1.633,26.80,47.00
2007.08.03 06:11:53.012,1.6327,1.633,30.20,47.00
2007.08.03 06:11:53.172,1.6327,1.6329,30.20,0.70
2007.08.03 06:11:53.268,1.6327,1.6329,26.80,0.60
2007.08.03 06:11:53.346,1.6327,1.633,18.80,43.80
2007.08.03 06:11:53.692,1.6327,1.6328,18.80,0.80
2007.08.03 06:11:53.780,1.6327,1.6328,20.80,0.50
2007.08.03 06:11:53.789,1.6327,1.6329,20.80,33.50
2007.08.03 06:11:54.033,1.6327,1.6329,24.80,29.50
2007.08.03 06:11:54.211,1.6327,1.6328,29.60,0.50
2007.08.03 06:11:54.317,1.6327,1.6328,23.60,0.60
2007.08.03 06:11:54.349,1.6327,1.6329,24.40,30.70
2007.08.03 06:11:54.453,1.6327,1.63295,24.40,25.10
2007.08.03 06:11:54.495,1.6327,1.63295,20.40,29.10
2007.08.03 06:11:54.666,1.6328,1.6329,2.40,0.60
2007.08.03 06:11:54.745,1.6328,1.63295,10.40,14.00
2007.08.03 06:11:55.056,1.6328,1.63295,10.40,13.20
2007.08.03 06:11:55.486,1.6328,1.633,11.20,27.00
2007.08.03 06:11:58.159,1.6328,1.633,10.40,22.20
2007.08.03 06:12:00.091,1.6328,1.6329,10.40,0.90
2007.08.03 06:12:00.158,1.6328,1.6329,10.40,0.90
2007.08.03 06:12:00.205,1.6328,1.633,10.40,51.90
2007.08.03 06:12:00.701,1.6328,1.633,13.80,45.90
2007.08.03 06:12:00.713,1.6328,1.633,13.80,0.60
2007.08.03 06:12:00.796,1.6328,1.633,13.80,0.90
2007.08.03 06:12:00.938,1.6328,1.6331,10.40,31.20
2007.08.03 06:12:01.135,1.6328,1.6331,10.40,34.40
2007.08.03 06:12:01.202,1.6328,1.6331,10.40,34.40
2007.08.03 06:12:01.235,1.6328,1.633,10.40,35.60
2007.08.03 06:12:01.639,1.6328,1.6329,8.00,13.60
2007.08.03 06:12:01.753,1.6327,1.6329,28.40,13.60
2007.08.03 06:12:01.842,1.6327,1.6329,27.60,13.60
2007.08.03 06:12:01.884,1.6327,1.6329,27.60,15.60
2007.08.03 06:12:02.115,1.6327,1.6329,23.60,19.60
2007.08.03 06:12:02.207,1.6327,1.6329,15.60,19.60
2007.08.03 06:12:04.030,1.6327,1.6329,13.20,22.00
2007.08.03 06:12:04.204,1.6327,1.6329,10.80,22.00
2007.08.03 06:12:04.242,1.6327,1.6329,2.80,25.00
2007.08.03 06:12:05.832,1.6327,1.63285,2.80,3.20
2007.08.03 06:12:05.877,1.6327,1.6328,2.80,2.40
2007.08.03 06:12:07.230,1.6327,1.6328,2.80,5.60
2007.08.03 06:12:07.239,1.6327,1.6328,2.80,9.60
2007.08.03 06:12:09.092,1.6327,1.6328,2.80,6.40
2007.08.03 06:12:09.188,1.6326,1.6327,36.30,4.00
2007.08.03 06:12:09.484,1.6327,1.6328,2.80,9.60
2007.08.03 06:12:10.114,1.6327,1.6328,2.80,6.40
2007.08.03 06:12:10.763,1.6327,1.6328,2.80,4.00
2007.08.03 06:12:11.699,1.6327,1.6328,5.20,4.00
2007.08.03 06:12:11.725,1.6327,1.6328,13.20,4.00
2007.08.03 06:12:13.170,1.6327,1.6328,10.00,4.00
2007.08.03 06:12:13.206,1.6326,1.6328,44.70,4.00
2007.08.03 06:12:13.682,1.6326,1.6328,41.50,4.00
2007.08.03 06:12:13.786,1.6326,1.6328,41.50,7.20
2007.08.03 06:12:13.816,1.6326,1.6328,27.60,7.20
2007.08.03 06:12:14.099,1.6326,1.6328,25.20,7.20
2007.08.03 06:12:14.118,1.6326,1.6328,20.40,7.20
2007.08.03 06:12:14.704,1.6326,1.6328,26.00,4.00
2007.08.03 06:12:14.761,1.6326,1.6328,22.00,4.00
2007.08.03 06:12:15.927,1.6326,1.6328,22.80,4.00
2007.08.03 06:12:16.094,1.6326,1.6328,23.60,4.00
2007.08.03 06:12:16.234,1.6326,1.6328,24.40,4.00
2007.08.03 06:12:16.639,1.6327,1.6328,2.40,4.00
2007.08.03 06:12:16.673,1.6327,1.6328,5.40,4.00
2007.08.03 06:12:16.783,1.6327,1.6328,9.40,4.00
2007.08.03 06:12:17.155,1.6327,1.6328,7.00,4.00
2007.08.03 06:12:17.210,1.6326,1.6328,23.40,4.00
2007.08.03 06:12:17.416,1.63265,1.6328,3.40,4.00
2007.08.03 06:12:17.695,1.6326,1.6328,26.80,4.00
2007.08.03 06:12:17.861,1.6327,1.6328,2.40,4.00
2007.08.03 06:12:18.291,1.6327,1.6328,5.40,4.00
2007.08.03 06:12:18.614,1.6327,1.6328,3.00,4.00
2007.08.03 06:12:18.714,1.6326,1.6328,30.00,4.00
2007.08.03 06:12:19.034,1.6326,1.6328,30.80,4.00
2007.08.03 06:12:19.139,1.6326,1.6328,31.60,4.00
2007.08.03 06:12:19.244,1.6326,1.6329,35.60,12.80
2007.08.03 06:12:19.417,1.63265,1.6329,3.40,9.60
2007.08.03 06:12:19.674,1.6327,1.6329,3.00,9.60
2007.08.03 06:12:19.918,1.6327,1.6329,5.40,7.20
2007.08.03 06:12:19.953,1.6327,1.6329,5.40,10.40
2007.08.03 06:12:20.194,1.6327,1.6328,5.40,4.00
2007.08.03 06:12:20.556,1.6327,1.6329,5.40,10.40
2007.08.03 06:12:20.880,1.6327,1.6329,3.00,12.80
2007.08.03 06:12:21.489,1.6327,1.6328,3.00,4.00
2007.08.03 06:12:24.246,1.6326,1.6328,22.00,4.00
2007.08.03 06:12:24.256,1.6326,1.6328,18.80,7.20
2007.08.03 06:12:24.353,1.6326,1.6328,24.30,7.20
2007.08.03 06:12:24.465,1.6326,1.6328,28.30,7.20
2007.08.03 06:12:24.879,1.6326,1.6328,25.90,9.60
2007.08.03 06:12:25.377,1.6326,1.6328,25.90,12.80
2007.08.03 06:12:25.730,1.6326,1.6328,28.90,12.80
2007.08.03 06:12:25.927,1.6326,1.6328,28.90,9.60
2007.08.03 06:12:26.364,1.6326,1.6328,24.90,9.60
2007.08.03 06:12:26.696,1.6326,1.6328,29.90,9.60
2007.08.03 06:12:26.797,1.6326,1.6328,25.90,9.60
2007.08.03 06:12:26.920,1.6326,1.6328,28.30,7.20
2007.08.03 06:12:27.001,1.6326,1.6328,29.10,7.20
2007.08.03 06:12:27.021,1.6326,1.6328,30.70,7.20
2007.08.03 06:12:27.659,1.6326,1.6328,29.90,7.20
2007.08.03 06:12:27.813,1.6326,1.6328,29.10,7.20
2007.08.03 06:12:27.828,1.6326,1.6328,28.30,7.20
2007.08.03 06:12:28.965,1.6326,1.6328,28.30,10.40
2007.08.03 06:12:29.792,1.6326,1.6328,25.90,12.80
2007.08.03 06:12:30.255,1.6326,1.6328,25.90,9.60
2007.08.03 06:12:30.657,1.6326,1.6328,29.90,9.60
2007.08.03 06:12:30.871,1.6326,1.6328,29.90,7.20
2007.08.03 06:12:30.977,1.6326,1.6328,30.70,7.20
2007.08.03 06:12:31.016,1.6326,1.6328,31.50,7.20
2007.08.03 06:12:31.026,1.6326,1.6328,35.70,7.20
2007.08.03 06:12:31.177,1.6326,1.6328,30.10,7.20
2007.08.03 06:12:31.295,1.6326,1.6328,26.20,7.20
2007.08.03 06:12:31.364,1.6326,1.6328,29.40,4.00
2007.08.03 06:12:31.456,1.6326,1.6328,31.80,4.00
2007.08.03 06:12:32.217,1.6326,1.6329,35.80,15.80
2007.08.03 06:12:33.711,1.6327,1.6329,2.40,15.80
2007.08.03 06:12:33.747,1.6327,1.6329,14.40,15.80
2007.08.03 06:12:33.929,1.6327,1.6329,14.40,12.60
2007.08.03 06:12:34.279,1.6327,1.6329,14.40,9.60
2007.08.03 06:12:34.452,1.6327,1.6329,22.40,9.60
2007.08.03 06:12:34.795,1.6327,1.6329,24.40,9.60
2007.08.03 06:12:34.841,1.6327,1.6329,25.20,9.60
2007.08.03 06:12:35.592,1.6327,1.6329,7.70,9.60
2007.08.03 06:12:36.738,1.6327,1.6329,5.80,12.80
2007.08.03 06:12:37.105,1.6326,1.6329,40.60,12.80
2007.08.03 06:12:38.799,1.63255,1.6329,37.60,12.80
2007.08.03 06:12:39.137,1.63255,1.6329,36.80,12.80
2007.08.03 06:12:39.200,1.6326,1.6328,9.40,4.00
2007.08.03 06:12:41.836,1.6326,1.6328,13.50,4.00
2007.08.03 06:12:42.128,1.6325,1.6329,46.40,12.80
2007.08.03 06:12:43.886,1.6325,1.63285,45.60,3.20
2007.08.03 06:12:44.332,1.6325,1.63285,39.20,3.20
2007.08.03 06:12:44.486,1.6325,1.6328,39.20,4.00
2007.08.03 06:12:44.634,1.6325,1.6328,38.40,4.00
2007.08.03 06:12:44.724,1.6326,1.6328,20.50,4.00
2007.08.03 06:12:44.814,1.6325,1.6328,51.30,4.00
2007.08.03 06:12:45.194,1.6325,1.6328,51.30,4.00
2007.08.03 06:12:45.447,1.63255,1.6328,44.90,4.00
2007.08.03 06:12:46.124,1.6326,1.63285,20.30,3.20
2007.08.03 06:12:46.229,1.6326,1.6329,4.80,12.80
2007.08.03 06:12:46.505,1.6326,1.6328,14.30,4.00
2007.08.03 06:12:47.672,1.6325,1.6329,52.10,12.80
2007.08.03 06:12:49.802,1.63255,1.6329,48.90,12.80
2007.08.03 06:12:49.870,1.6326,1.6329,15.00,12.80
2007.08.03 06:12:50.043,1.6326,1.63285,22.20,3.20
2007.08.03 06:12:50.485,1.63255,1.6328,48.90,4.00
2007.08.03 06:12:50.942,1.6326,1.6328,20.30,4.00
2007.08.03 06:12:51.063,1.63255,1.6328,50.50,4.00
2007.08.03 06:12:51.185,1.63255,1.6328,51.30,4.00
2007.08.03 06:12:51.320,1.6325,1.6328,59.30,4.00
2007.08.03 06:12:51.470,1.6326,1.6328,6.60,4.00
2007.08.03 06:12:51.998,1.6325,1.6328,56.10,4.00
2007.08.03 06:12:52.090,1.6325,1.6328,55.30,4.00
2007.08.03 06:12:52.201,1.6325,1.6328,54.50,4.00
2007.08.03 06:12:52.353,1.63255,1.6328,44.90,4.00
2007.08.03 06:12:52.419,1.63255,1.6328,48.90,4.00
2007.08.03 06:12:52.487,1.63255,1.6329,52.90,12.80
2007.08.03 06:12:53.483,1.6326,1.6328,7.90,4.00
2007.08.03 06:12:53.876,1.63255,1.6328,44.90,4.00
2007.08.03 06:12:53.886,1.6325,1.6328,52.90,4.00
2007.08.03 06:12:53.980,1.6325,1.6328,55.30,4.00
2007.08.03 06:12:54.125,1.6326,1.6328,19.50,4.00
2007.08.03 06:12:54.145,1.6326,1.6328,2.90,4.00
2007.08.03 06:12:54.382,1.63255,1.6328,47.30,4.00
2007.08.03 06:12:54.625,1.6326,1.6328,17.80,4.00
2007.08.03 06:12:54.646,1.63255,1.6328,45.70,4.00
2007.08.03 06:12:54.868,1.63255,1.6328,44.90,4.00
2007.08.03 06:12:58.239,1.6326,1.6328,19.60,4.00
2007.08.03 06:12:58.793,1.63255,1.6328,44.90,4.00
2007.08.03 06:12:58.945,1.63255,1.6328,45.70,4.00
2007.08.03 06:12:58.996,1.6326,1.6328,2.90,4.00
2007.08.03 06:12:59.023,1.6326,1.6328,16.50,4.00
2007.08.03 06:12:59.169,1.6326,1.6328,10.90,4.00
2007.08.03 06:13:03.707,1.6326,1.6328,44.70,4.00
2007.08.03 06:13:03.804,1.6326,1.6328,48.70,4.00
2007.08.03 06:13:03.856,1.6326,1.6328,47.10,4.00
2007.08.03 06:13:04.154,1.6326,1.6328,46.30,4.00
2007.08.03 06:13:04.245,1.6326,1.6328,32.70,4.00
2007.08.03 06:13:04.342,1.6326,1.6328,31.90,4.00
2007.08.03 06:13:04.350,1.6326,1.6328,27.90,4.00
2007.08.03 06:13:04.446,1.6326,1.6328,8.00,4.00
2007.08.03 06:13:04.768,1.6326,1.6328,4.80,4.00
2007.08.03 06:13:05.380,1.6326,1.6328,4.80,7.20
2007.08.03 06:13:05.650,1.6326,1.6328,4.80,10.40
2007.08.03 06:13:05.829,1.6326,1.6328,2.40,12.80
2007.08.03 06:13:06.131,1.6326,1.6327,2.40,4.00
2007.08.03 06:13:07.228,1.6326,1.6328,2.40,12.80
2007.08.03 06:13:08.569,1.6326,1.6327,2.40,4.00
2007.08.03 06:13:20.247,1.6326,1.6327,5.40,4.00
2007.08.03 06:13:21.006,1.6326,1.6328,5.40,4.00
2007.08.03 06:13:27.676,1.6326,1.6328,2.40,4.00
2007.08.03 06:13:28.471,1.6326,1.6328,2.40,7.20
2007.08.03 06:13:28.709,1.6326,1.6328,2.40,9.60
2007.08.03 06:13:28.988,1.6326,1.6328,2.40,6.40
2007.08.03 06:13:29.858,1.6326,1.6328,2.40,4.00
2007.08.03 06:13:30.723,1.6325,1.6328,50.30,7.20
2007.08.03 06:13:31.740,1.6325,1.6328,50.30,9.60
2007.08.03 06:13:32.474,1.6325,1.6328,54.30,9.60
2007.08.03 06:13:38.641,1.6325,1.6328,51.90,12.80
2007.08.03 06:13:38.814,1.6325,1.6328,40.90,20.80
2007.08.03 06:13:38.926,1.6325,1.6328,32.90,24.80
2007.08.03 06:13:38.962,1.6325,1.63275,29.50,3.20
2007.08.03 06:13:39.249,1.6325,1.63275,9.60,3.20
2007.08.03 06:13:39.393,1.6325,1.6327,4.00,3.20
2007.08.03 06:13:39.499,1.6324,1.6327,34.00,7.20
2007.08.03 06:13:39.592,1.6324,1.6327,33.20,7.20
2007.08.03 06:13:39.686,1.6324,1.6327,33.20,9.60
2007.08.03 06:13:39.712,1.6324,1.6327,32.40,9.60
2007.08.03 06:13:39.796,1.6324,1.6327,32.80,13.60
2007.08.03 06:13:39.806,1.6324,1.6327,30.40,16.00
2007.08.03 06:13:40.216,1.6324,1.6327,22.40,16.00
2007.08.03 06:13:45.694,1.6324,1.6327,22.40,18.40
2007.08.03 06:13:45.721,1.6324,1.6327,22.40,26.40
2007.08.03 06:13:45.822,1.6324,1.63265,27.00,3.20
2007.08.03 06:13:46.399,1.6324,1.6326,23.80,3.20
2007.08.03 06:13:46.489,1.6324,1.6326,19.80,7.20
2007.08.03 06:13:47.205,1.6324,1.6326,20.60,7.20
2007.08.03 06:13:47.311,1.6324,1.6326,23.00,7.20
2007.08.03 06:13:47.729,1.6324,1.6326,23.80,7.20
2007.08.03 06:13:49.885,1.6324,1.6326,24.60,7.20
2007.08.03 06:13:49.930,1.6324,1.6326,28.80,7.20
2007.08.03 06:13:49.971,1.6324,1.6326,29.60,7.20
2007.08.03 06:13:50.488,1.6324,1.6326,33.60,3.20
2007.08.03 06:13:50.851,1.6324,1.6326,33.60,0.90
2007.08.03 06:13:51.260,1.6325,1.6327,8.00,32.30
2007.08.03 06:13:52.763,1.6324,1.6327,29.60,32.30
2007.08.03 06:13:52.991,1.6324,1.63265,26.20,6.40
2007.08.03 06:13:57.078,1.6324,1.6327,29.60,32.30
2007.08.03 06:14:01.080,1.6324,1.6326,31.20,0.90
2007.08.03 06:14:01.179,1.6325,1.6326,10.40,0.50
2007.08.03 06:14:01.283,1.6325,1.6326,14.40,0.70
2007.08.03 06:14:01.477,1.6325,1.6327,14.40,0.70
2007.08.03 06:14:01.691,1.6325,1.6327,15.20,0.50
2007.08.03 06:14:03.624,1.6325,1.6327,14.40,0.80
2007.08.03 06:14:03.721,1.6325,1.6326,12.00,0.90
2007.08.03 06:14:03.867,1.6324,1.6327,30.80,38.70
2007.08.03 06:14:04.070,1.6324,1.6327,29.20,38.70
2007.08.03 06:14:04.224,1.6324,1.63265,25.80,6.40
2007.08.03 06:14:04.285,1.6324,1.6326,30.80,0.70
2007.08.03 06:14:04.653,1.6324,1.6326,30.00,0.50
2007.08.03 06:14:04.692,1.6324,1.63265,29.20,6.40
2007.08.03 06:14:04.724,1.6324,1.63265,28.40,6.40
2007.08.03 06:14:05.047,1.6324,1.63265,24.40,10.40
2007.08.03 06:14:05.107,1.6324,1.63265,16.40,10.40
2007.08.03 06:14:05.152,1.6324,1.6326,16.40,0.70
2007.08.03 06:14:05.230,1.6324,1.6326,16.40,0.50
2007.08.03 06:14:05.490,1.6324,1.6327,16.40,45.90
2007.08.03 06:14:05.751,1.6324,1.6327,14.00,37.00
2007.08.03 06:14:05.766,1.6324,1.63265,14.00,26.00
2007.08.03 06:14:05.847,1.6324,1.6326,18.00,0.80
2007.08.03 06:14:06.058,1.6324,1.63265,18.80,26.00
2007.08.03 06:14:06.270,1.6324,1.6326,18.80,0.60
2007.08.03 06:14:06.694,1.6325,1.6327,8.00,42.90
2007.08.03 06:14:06.837,1.6325,1.6327,10.40,38.90
2007.08.03 06:14:07.270,1.6324,1.6325,11.60,0.70
2007.08.03 06:14:07.583,1.6325,1.6326,10.40,0.90
2007.08.03 06:14:07.848,1.6325,1.6327,10.40,41.00
2007.08.03 06:14:12.751,1.6325,1.63265,8.00,23.60
2007.08.03 06:14:12.807,1.6324,1.63265,21.20,23.60
2007.08.03 06:14:12.953,1.6324,1.63265,18.80,26.00
2007.08.03 06:14:13.749,1.6325,1.63265,8.00,26.00
2007.08.03 06:14:13.774,1.6325,1.63265,10.40,26.00
2007.08.03 06:14:13.902,1.6325,1.63265,10.40,22.80
2007.08.03 06:14:14.180,1.6325,1.6327,2.40,32.80
2007.08.03 06:14:14.303,1.6325,1.6326,10.40,0.80
2007.08.03 06:14:14.394,1.6325,1.6327,10.40,28.80
2007.08.03 06:14:14.822,1.6325,1.6326,10.40,0.50
2007.08.03 06:14:15.140,1.6325,1.6326,10.40,0.80
2007.08.03 06:14:15.241,1.6325,1.6327,8.00,33.60
2007.08.03 06:14:15.254,1.6324,1.6327,17.80,37.50
2007.08.03 06:14:15.634,1.6325,1.6326,2.40,0.70
2007.08.03 06:14:15.771,1.6325,1.6327,2.40,28.00
2007.08.03 06:14:15.851,1.6325,1.6326,2.40,0.80
2007.08.03 06:14:15.882,1.6325,1.6326,2.40,0.80
2007.08.03 06:14:16.251,1.6325,1.6326,2.40,0.60
2007.08.03 06:14:16.683,1.6324,1.6327,36.30,29.60
2007.08.03 06:14:16.693,1.6324,1.6327,35.50,29.60
2007.08.03 06:14:16.725,1.6324,1.6326,34.70,0.90
2007.08.03 06:14:16.774,1.6324,1.6327,33.90,29.60
2007.08.03 06:14:17.148,1.6324,1.63265,30.70,23.60
2007.08.03 06:14:17.202,1.6324,1.6326,29.90,0.60
2007.08.03 06:14:17.265,1.6324,1.63265,21.00,36.30
2007.08.03 06:14:17.292,1.6324,1.63265,18.60,36.30
2007.08.03 06:14:17.367,1.6324,1.63265,18.60,28.30
2007.08.03 06:14:17.708,1.6324,1.63265,15.80,28.30
2007.08.03 06:14:17.778,1.6324,1.63265,13.40,34.70
2007.08.03 06:14:17.807,1.6324,1.63265,13.40,37.10
2007.08.03 06:14:19.165,1.6324,1.6326,13.40,37.90
2007.08.03 06:14:19.243,1.6324,1.6325,13.40,3.20
2007.08.03 06:14:19.667,1.6324,1.6325,13.40,5.20
2007.08.03 06:14:20.017,1.6324,1.6325,13.40,9.20
2007.08.03 06:14:20.296,1.6324,1.6325,10.40,9.20
2007.08.03 06:14:22.203,1.6324,1.6325,8.00,11.60
2007.08.03 06:14:22.235,1.6324,1.6325,8.00,15.60
2007.08.03 06:14:22.369,1.6323,1.6325,3.60,15.60
2007.08.03 06:14:22.406,1.6323,1.6325,2.80,15.60
2007.08.03 06:14:22.438,1.6323,1.6325,2.80,27.50
2007.08.03 06:14:22.641,1.6323,1.6325,2.00,28.30
2007.08.03 06:14:22.656,1.6322,1.6325,44.00,24.30
2007.08.03 06:14:22.749,1.6322,1.6324,40.80,3.20
2007.08.03 06:14:22.764,1.6322,1.6324,42.80,3.20
2007.08.03 06:14:22.898,1.6322,1.6324,39.40,3.20
2007.08.03 06:14:22.961,1.6322,1.6324,37.80,3.20
2007.08.03 06:14:23.085,1.6322,1.6324,37.00,3.20
2007.08.03 06:14:23.149,1.6322,1.6324,35.40,3.20
2007.08.03 06:14:23.549,1.6322,1.6324,31.40,7.20
2007.08.03 06:14:23.935,1.6322,1.6324,34.80,7.20
2007.08.03 06:14:24.001,1.6322,1.6324,34.00,7.20
2007.08.03 06:14:24.067,1.6322,1.6324,33.20,7.20
2007.08.03 06:14:24.120,1.6322,1.6324,29.20,7.20
2007.08.03 06:14:24.221,1.6322,1.6324,28.60,7.20
2007.08.03 06:14:24.509,1.6322,1.6324,32.60,3.20
2007.08.03 06:14:24.688,1.6322,1.6324,31.80,4.00
2007.08.03 06:14:24.750,1.6322,1.6324,27.80,33.90
2007.08.03 06:14:24.885,1.6322,1.6324,25.40,33.90
2007.08.03 06:14:24.948,1.6322,1.6324,26.20,33.90
2007.08.03 06:14:25.011,1.6322,1.6323,23.60,3.20
2007.08.03 06:14:25.205,1.6322,1.6323,24.40,3.20
2007.08.03 06:14:25.265,1.6322,1.6323,27.80,3.20
2007.08.03 06:14:25.308,1.6322,1.6324,27.80,26.30
2007.08.03 06:14:25.396,1.6322,1.6324,27.80,2.40
2007.08.03 06:14:25.416,1.6322,1.6324,27.80,5.60
2007.08.03 06:14:25.576,1.6323,1.6324,3.40,5.60
2007.08.03 06:14:25.727,1.6324,1.6325,2.40,36.40
2007.08.03 06:14:25.818,1.6323,1.6324,12.60,2.40
2007.08.03 06:14:26.143,1.6324,1.6325,10.40,6.40
2007.08.03 06:14:26.343,1.6324,1.6325,12.00,6.40
2007.08.03 06:14:26.359,1.6325,1.6326,1.60,19.10
2007.08.03 06:14:26.648,1.6326,1.63265,2.40,3.20
2007.08.03 06:14:26.690,1.6326,1.6327,2.40,23.90
2007.08.03 06:14:26.758,1.6325,1.6327,3.20,20.70
2007.08.03 06:14:26.767,1.6325,1.6327,23.10,8.80
2007.08.03 06:14:26.861,1.6325,1.6327,23.10,6.40
2007.08.03 06:14:26.882,1.6325,1.6327,23.10,2.40
2007.08.03 06:14:26.996,1.6325,1.6327,23.10,12.00
2007.08.03 06:14:27.104,1.6325,1.6327,23.10,9.60
2007.08.03 06:14:27.195,1.6325,1.6327,27.10,9.60
2007.08.03 06:14:27.207,1.6325,1.6326,27.10,4.00
2007.08.03 06:14:27.278,1.6325,1.6326,29.50,4.00
2007.08.03 06:14:27.375,1.6325,1.6326,31.90,4.00
2007.08.03 06:14:27.579,1.6325,1.6326,28.70,4.00
2007.08.03 06:14:27.728,1.6325,1.6326,12.80,4.00
2007.08.03 06:14:27.790,1.6325,1.6326,10.40,4.00
2007.08.03 06:14:28.770,1.6325,1.6326,2.40,4.00
2007.08.03 06:14:28.824,1.6324,1.6326,41.50,6.40
2007.08.03 06:14:28.852,1.6324,1.6326,41.50,9.60
2007.08.03 06:14:29.074,1.6324,1.6326,39.90,9.60
2007.08.03 06:14:29.135,1.6324,1.6326,39.10,9.60
2007.08.03 06:14:29.181,1.6324,1.6326,35.10,9.60
2007.08.03 06:14:29.229,1.6324,1.6325,29.50,3.20
2007.08.03 06:14:29.290,1.6324,1.6325,5.60,3.20
2007.08.03 06:14:29.335,1.6324,1.6325,3.20,3.20
2007.08.03 06:14:29.647,1.6324,1.6325,2.40,3.20
2007.08.03 06:14:29.706,1.6323,1.6325,31.50,3.20
2007.08.03 06:14:29.809,1.6323,1.6325,23.50,3.20
2007.08.03 06:14:29.989,1.6323,1.6325,19.50,7.20
2007.08.03 06:14:30.134,1.6323,1.6325,27.50,7.20
2007.08.03 06:14:30.340,1.6323,1.6325,19.50,7.20
2007.08.03 06:14:30.354,1.6323,1.6325,17.10,7.20
2007.08.03 06:14:30.765,1.6323,1.6325,22.70,9.60
2007.08.03 06:14:30.874,1.6323,1.6325,29.10,7.20
2007.08.03 06:14:30.895,1.6323,1.6325,34.70,4.00
2007.08.03 06:14:31.193,1.6324,1.6325,2.40,6.40
2007.08.03 06:14:31.387,1.6324,1.6325,2.40,4.00
2007.08.03 06:14:31.401,1.6324,1.6325,14.30,4.00
2007.08.03 06:14:31.712,1.6324,1.6325,11.90,6.40
2007.08.03 06:14:31.732,1.6324,1.6325,11.90,14.40
2007.08.03 06:14:31.843,1.6324,1.6325,2.40,16.40
2007.08.03 06:14:32.328,1.6324,1.6325,2.40,12.40
2007.08.03 06:14:32.413,1.6324,1.6325,2.40,15.60
2007.08.03 06:14:32.484,1.6324,1.6325,2.40,19.60
2007.08.03 06:14:32.660,1.6323,1.6325,5.20,9.60
2007.08.03 06:14:32.710,1.6323,1.6325,10.80,4.00
2007.08.03 06:14:32.779,1.6323,1.6325,14.80,4.00
2007.08.03 06:14:33.288,1.6323,1.6325,10.80,4.00
2007.08.03 06:14:33.327,1.6323,1.6325,8.40,4.00
2007.08.03 06:14:33.640,1.6324,1.6325,2.40,4.00
2007.08.03 06:14:33.705,1.6324,1.6325,9.40,4.00
2007.08.03 06:14:34.036,1.6324,1.6326,9.40,33.90
2007.08.03 06:14:38.138,1.6324,1.6326,9.40,29.90
2007.08.03 06:14:38.316,1.6324,1.6326,9.40,27.90
2007.08.03 06:14:38.661,1.6325,1.6326,2.40,27.90
2007.08.03 06:14:38.732,1.6325,1.6326,2.40,23.90
2007.08.03 06:14:38.755,1.6325,1.6326,2.40,21.50
2007.08.03 06:14:39.461,1.6325,1.6326,2.40,9.60
2007.08.03 06:14:39.499,1.6325,1.6326,2.40,5.60
2007.08.03 06:14:39.772,1.6325,1.6326,2.40,3.20
2007.08.03 06:14:44.830,1.6325,1.6326,2.40,4.00
2007.08.03 06:14:45.154,1.6325,1.6326,2.40,6.00
2007.08.03 06:14:46.154,1.6325,1.6326,2.40,10.00
2007.08.03 06:14:47.134,1.6324,1.6326,31.30,10.00
2007.08.03 06:14:47.217,1.6324,1.6326,29.70,18.00
2007.08.03 06:14:48.653,1.63235,1.6326,27.50,21.20
2007.08.03 06:14:48.675,1.6324,1.6326,8.00,33.10
2007.08.03 06:14:48.760,1.63235,1.6326,21.60,35.50
2007.08.03 06:14:48.781,1.6324,1.6326,0.60,39.50
2007.08.03 06:14:49.086,1.6323,1.6326,30.60,39.50
2007.08.03 06:14:49.678,1.6323,1.6326,30.60,35.50
2007.08.03 06:14:49.822,1.6323,1.6326,30.60,37.90
2007.08.03 06:14:51.107,1.6323,1.6326,31.40,37.10
2007.08.03 06:14:51.203,1.6323,1.6326,32.20,37.10
2007.08.03 06:14:51.695,1.6323,1.6326,38.00,37.10
2007.08.03 06:14:51.726,1.6323,1.6326,38.80,37.10
2007.08.03 06:14:51.831,1.6324,1.6326,2.90,34.70
2007.08.03 06:14:53.137,1.6323,1.6326,41.20,32.70
2007.08.03 06:14:53.160,1.6324,1.6326,5.00,31.90
2007.08.03 06:14:53.240,1.6324,1.6326,0.60,12.00
2007.08.03 06:14:53.345,1.6324,1.6326,7.30,12.00
2007.08.03 06:14:53.438,1.6323,1.6326,38.20,9.60
2007.08.03 06:14:53.746,1.6324,1.6326,5.60,9.60
2007.08.03 06:14:53.760,1.6323,1.6326,40.60,7.20
2007.08.03 06:15:00.806,1.6324,1.6326,0.60,7.20
2007.08.03 06:15:05.145,1.6325,1.6326,0.80,7.20
2007.08.03 06:15:05.452,1.6324,1.6326,24.40,4.00
2007.08.03 06:15:05.679,1.6324,1.6326,24.40,4.00
2007.08.03 06:15:10.699,1.6325,1.6326,0.80,4.00
2007.08.03 06:15:10.827,1.6324,1.6326,25.60,4.00
2007.08.03 06:15:12.193,1.6324,1.6327,33.00,9.60
2007.08.03 06:15:16.705,1.6325,1.6327,12.20,9.60
2007.08.03 06:15:16.718,1.6325,1.6327,15.60,9.60
2007.08.03 06:15:17.484,1.6325,1.6327,19.60,5.60
2007.08.03 06:15:17.942,1.6325,1.6327,22.00,3.20
2007.08.03 06:15:20.293,1.6325,1.6327,19.00,3.20
2007.08.03 06:15:20.341,1.6325,1.6327,15.60,3.20
2007.08.03 06:15:20.758,1.6325,1.6327,18.60,3.20
2007.08.03 06:15:20.824,1.6325,1.6327,22.00,3.20
2007.08.03 06:15:21.001,1.6325,1.6327,18.00,7.20
2007.08.03 06:15:21.488,1.6325,1.6327,22.00,3.20
2007.08.03 06:15:23.891,1.6325,1.6327,18.60,3.20
2007.08.03 06:15:24.519,1.6325,1.6327,14.60,7.20
2007.08.03 06:15:36.182,1.6326,1.6327,4.00,7.20
2007.08.03 06:15:36.289,1.6326,1.6327,6.40,7.20
2007.08.03 06:15:36.711,1.6326,1.6327,2.40,7.20
2007.08.03 06:15:36.752,1.6325,1.6327,14.60,7.20
2007.08.03 06:15:39.745,1.6325,1.6327,14.60,12.80
2007.08.03 06:15:39.837,1.6325,1.6327,7.60,24.80
2007.08.03 06:15:39.920,1.6325,1.6327,7.60,28.80
2007.08.03 06:15:40.232,1.6325,1.6327,7.60,26.40
2007.08.03 06:15:40.248,1.6325,1.6327,19.60,14.40
2007.08.03 06:15:40.416,1.6325,1.6328,19.60,35.10
2007.08.03 06:15:40.617,1.6325,1.6326,19.60,0.60
2007.08.03 06:15:40.978,1.6325,1.6327,17.20,9.60
2007.08.03 06:15:41.174,1.6325,1.6327,9.20,9.60
2007.08.03 06:15:41.385,1.6325,1.6327,21.10,9.60
2007.08.03 06:15:41.483,1.6325,1.6328,21.10,33.20
2007.08.03 06:15:41.822,1.6325,1.6327,23.50,0.80
2007.08.03 06:15:42.809,1.6325,1.6328,26.90,47.50
2007.08.03 06:15:43.333,1.6325,1.6328,23.50,50.70
2007.08.03 06:15:43.611,1.6325,1.6327,27.50,0.60
2007.08.03 06:15:43.790,1.6326,1.6328,0.80,50.70
2007.08.03 06:15:44.070,1.6326,1.6328,1.60,50.70
2007.08.03 06:15:44.167,1.6326,1.6327,5.60,0.50
2007.08.03 06:15:44.190,1.6326,1.6328,8.00,0.80
2007.08.03 06:15:44.291,1.6326,1.6328,22.30,0.80
2007.08.03 06:15:44.350,1.6326,1.6328,22.30,0.90
2007.08.03 06:15:44.401,1.6326,1.6328,30.30,0.70
2007.08.03 06:15:44.507,1.6326,1.6328,30.30,22.80
2007.08.03 06:15:44.745,1.6326,1.6328,32.30,22.80
2007.08.03 06:15:44.817,1.6326,1.6327,33.10,0.80
2007.08.03 06:15:45.533,1.6326,1.6329,33.10,39.20
2007.08.03 06:15:50.669,1.6327,1.6328,2.40,0.80
2007.08.03 06:15:50.864,1.6327,1.6329,10.40,28.80
2007.08.03 06:15:51.242,1.6327,1.6329,10.40,24.80
2007.08.03 06:15:51.876,1.6327,1.6329,10.40,42.30
2007.08.03 06:15:53.225,1.6327,1.6329,10.40,30.40
2007.08.03 06:15:54.127,1.6327,1.6328,12.40,0.70
2007.08.03 06:15:54.163,1.6327,1.6329,12.40,29.60
2007.08.03 06:15:54.233,1.6327,1.6328,12.40,0.90
2007.08.03 06:15:54.568,1.6327,1.6328,12.40,0.70
2007.08.03 06:15:55.239,1.6327,1.6329,12.40,0.90
2007.08.03 06:15:55.786,1.6327,1.6329,12.40,0.60
2007.08.03 06:16:01.121,1.6327,1.6329,12.40,27.60
2007.08.03 06:16:01.194,1.6327,1.6328,10.40,0.80
2007.08.03 06:16:01.690,1.6327,1.6328,8.00,0.60
2007.08.03 06:16:01.821,1.6326,1.6329,49.10,34.00
2007.08.03 06:16:02.072,1.6326,1.6329,45.10,34.00
2007.08.03 06:16:02.957,1.6326,1.6329,45.10,38.00
2007.08.03 06:16:05.038,1.6326,1.6328,44.30,0.50
2007.08.03 06:16:15.346,1.6326,1.6328,33.10,22.80
2007.08.03 06:16:15.414,1.6326,1.6328,33.10,26.80
2007.08.03 06:16:15.839,1.6326,1.6328,33.10,22.80
2007.08.03 06:16:18.112,1.6326,1.6328,32.30,22.80
2007.08.03 06:16:18.138,1.6326,1.6328,29.50,22.80
2007.08.03 06:16:18.203,1.6326,1.6328,26.30,23.60
2007.08.03 06:16:18.232,1.6326,1.6328,14.30,27.60
2007.08.03 06:16:18.759,1.6326,1.6328,2.40,27.60
2007.08.03 06:16:18.820,1.63255,1.6328,3.40,30.00
2007.08.03 06:16:18.832,1.6325,1.6328,29.20,30.00
2007.08.03 06:16:20.093,1.6326,1.6328,1.60,30.00
2007.08.03 06:16:20.174,1.6326,1.6328,1.60,29.20
2007.08.03 06:16:20.213,1.6326,1.6328,21.50,29.20
2007.08.03 06:16:20.287,1.6326,1.6328,24.70,26.80
2007.08.03 06:16:20.304,1.6326,1.6328,24.70,22.80
2007.08.03 06:16:20.700,1.6327,1.6328,2.40,20.40
2007.08.03 06:16:20.715,1.6327,1.6328,10.40,20.40
2007.08.03 06:16:21.660,1.6327,1.6328,10.40,18.00
2007.08.03 06:16:23.151,1.6327,1.6328,8.00,20.40
2007.08.03 06:16:23.227,1.6326,1.6328,29.90,20.40
2007.08.03 06:16:23.855,1.6326,1.6328,27.50,22.80
2007.08.03 06:16:24.737,1.6326,1.6328,27.50,26.00
2007.08.03 06:16:24.758,1.6326,1.6328,27.50,34.00
2007.08.03 06:16:25.171,1.6326,1.6328,19.50,26.00
2007.08.03 06:16:25.244,1.6326,1.63275,19.50,3.20
2007.08.03 06:16:25.306,1.6326,1.63275,17.10,3.20
2007.08.03 06:16:25.532,1.6326,1.6327,17.10,4.00
2007.08.03 06:16:26.779,1.6326,1.6327,16.30,4.00
2007.08.03 06:16:27.155,1.6326,1.6327,12.70,4.00
2007.08.03 06:16:27.182,1.6326,1.6327,11.90,4.00
2007.08.03 06:16:27.261,1.6325,1.6327,26.80,4.00
2007.08.03 06:16:27.299,1.6325,1.6327,24.40,4.00
2007.08.03 06:16:27.335,1.6325,1.6327,24.40,7.20
2007.08.03 06:16:27.371,1.6325,1.6327,36.30,7.20
2007.08.03 06:16:27.876,1.6325,1.6327,36.30,9.60
2007.08.03 06:16:28.356,1.6325,1.6327,36.30,6.40
2007.08.03 06:16:29.198,1.6325,1.6326,36.30,4.00
2007.08.03 06:16:29.493,1.6325,1.6327,36.30,6.40
2007.08.03 06:16:29.599,1.6325,1.6327,36.30,0.70
2007.08.03 06:16:30.070,1.6325,1.6327,37.90,6.40
2007.08.03 06:16:30.165,1.6326,1.6327,8.00,6.40
2007.08.03 06:16:30.257,1.6326,1.6327,11.20,6.40
2007.08.03 06:16:30.677,1.6326,1.6327,12.00,6.40
2007.08.03 06:16:30.792,1.6326,1.6327,14.00,4.00
2007.08.03 06:16:31.706,1.6326,1.6327,11.60,6.40
2007.08.03 06:16:31.730,1.6326,1.6327,3.60,14.40
2007.08.03 06:16:31.955,1.6326,1.6327,3.60,17.60
2007.08.03 06:16:32.665,1.6325,1.6327,45.50,24.80
2007.08.03 06:16:32.758,1.6325,1.6327,27.60,24.80
2007.08.03 06:16:32.971,1.6325,1.6327,25.20,27.20
2007.08.03 06:16:33.076,1.6325,1.6327,23.60,27.20
2007.08.03 06:16:33.477,1.6325,1.6326,23.60,4.00
2007.08.03 06:16:34.117,1.6325,1.6326,26.00,4.00
2007.08.03 06:16:34.192,1.6326,1.6327,3.20,20.80
2007.08.03 06:16:34.226,1.6326,1.6327,11.20,8.80
2007.08.03 06:16:34.707,1.6326,1.6327,12.00,8.80
2007.08.03 06:16:34.765,1.6326,1.6327,14.00,5.60
2007.08.03 06:16:35.237,1.6326,1.6327,14.00,9.60
2007.08.03 06:16:35.423,1.6326,1.6327,14.00,6.40
2007.08.03 06:16:35.786,1.6326,1.6327,14.00,4.00
2007.08.03 06:16:42.718,1.6326,1.6327,11.60,6.40
2007.08.03 06:16:42.737,1.6326,1.6327,3.60,14.40
2007.08.03 06:16:43.137,1.6326,1.6327,6.00,14.40
2007.08.03 06:16:43.243,1.6326,1.6327,6.00,12.00
2007.08.03 06:16:43.257,1.6326,1.6327,14.00,4.00
2007.08.03 06:16:47.651,1.6326,1.6327,11.60,4.00
2007.08.03 06:16:47.749,1.6326,1.6327,11.60,6.40
2007.08.03 06:16:47.764,1.6326,1.6327,11.60,9.60
2007.08.03 06:16:47.810,1.6326,1.6327,3.60,17.60
2007.08.03 06:16:48.472,1.6326,1.6327,3.60,20.80
2007.08.03 06:16:48.754,1.6326,1.6327,3.60,23.20
2007.08.03 06:16:48.788,1.6326,1.6327,3.60,20.00
2007.08.03 06:16:53.719,1.6326,1.6327,3.60,16.80
2007.08.03 06:16:56.093,1.6326,1.6328,3.60,32.20
2007.08.03 06:16:57.644,1.6326,1.6328,2.80,36.20
2007.08.03 06:16:57.803,1.6326,1.6328,0.80,38.60
2007.08.03 06:16:57.846,1.6325,1.6328,23.90,38.60
2007.08.03 06:16:58.019,1.6325,1.6328,23.90,38.60
2007.08.03 06:16:58.057,1.6325,1.6327,23.90,0.80
2007.08.03 06:16:58.093,1.6325,1.6328,21.50,41.30
2007.08.03 06:16:58.214,1.6325,1.6327,8.40,0.50
2007.08.03 06:16:58.282,1.6325,1.6328,8.40,46.60
2007.08.03 06:16:58.360,1.6325,1.6328,6.00,49.00
2007.08.03 06:16:58.563,1.6325,1.6327,6.00,35.90
2007.08.03 06:16:58.669,1.6325,1.6326,5.20,0.70
2007.08.03 06:16:58.739,1.6325,1.6327,3.20,37.60
2007.08.03 06:16:58.836,1.6325,1.6327,3.20,35.60
2007.08.03 06:16:59.147,1.6325,1.6327,3.20,41.50
2007.08.03 06:16:59.191,1.6325,1.6326,4.00,0.70
2007.08.03 06:16:59.250,1.6325,1.6326,4.00,0.80
2007.08.03 06:16:59.393,1.6325,1.6327,4.00,36.70
2007.08.03 06:16:59.596,1.6325,1.6327,4.00,35.90
2007.08.03 06:16:59.775,1.6325,1.6327,4.00,31.90
2007.08.03 06:17:00.142,1.6325,1.6328,4.00,48.00
2007.08.03 06:17:00.177,1.6325,1.6328,4.00,48.00
2007.08.03 06:17:00.214,1.6325,1.6328,6.40,47.20
2007.08.03 06:17:00.321,1.6325,1.6327,6.40,0.70
2007.08.03 06:17:00.506,1.6325,1.6326,6.40,0.80
2007.08.03 06:17:00.808,1.6325,1.6326,8.40,0.50
2007.08.03 06:17:01.212,1.6325,1.63275,8.40,31.90
2007.08.03 06:17:03.911,1.6325,1.6327,8.40,0.50
2007.08.03 06:17:04.417,1.6325,1.6327,6.00,0.90
2007.08.03 06:17:04.432,1.6325,1.6327,6.00,0.60
2007.08.03 06:17:04.533,1.6325,1.6327,6.00,0.50
2007.08.03 06:17:05.239,1.6325,1.63275,8.40,29.50
2007.08.03 06:17:05.258,1.6325,1.63275,8.40,21.50
2007.08.03 06:17:05.493,1.6325,1.6326,8.40,0.80
2007.08.03 06:17:05.780,1.6325,1.63275,8.40,21.50
2007.08.03 06:17:05.800,1.6325,1.6327,8.40,0.60
2007.08.03 06:17:05.989,1.6325,1.6328,8.40,43.40
2007.08.03 06:17:06.239,1.6325,1.6327,8.40,0.50
2007.08.03 06:17:07.025,1.6325,1.6328,8.40,43.40
2007.08.03 06:17:07.060,1.6325,1.6326,8.40,0.50
2007.08.03 06:17:08.506,1.6325,1.63275,8.40,23.50
2007.08.03 06:17:10.700,1.6326,1.63275,0.80,23.50
2007.08.03 06:17:10.745,1.6326,1.63275,0.80,11.60
2007.08.03 06:17:12.837,1.6326,1.6328,0.80,38.00
2007.08.03 06:17:12.884,1.6326,1.6328,0.80,38.80
2007.08.03 06:17:12.937,1.6326,1.6328,0.80,39.60
2007.08.03 06:17:13.909,1.6326,1.6327,0.80,0.80
2007.08.03 06:17:18.017,1.6326,1.6327,0.80,0.90
2007.08.03 06:17:18.100,1.6326,1.6327,0.80,0.90
2007.08.03 06:17:18.641,1.6326,1.6327,0.80,0.60
2007.08.03 06:17:18.722,1.6326,1.6328,3.20,36.40
2007.08.03 06:17:18.827,1.6326,1.6328,3.20,30.00
2007.08.03 06:17:19.871,1.6326,1.6328,3.20,52.30
2007.08.03 06:17:20.053,1.6326,1.6327,3.20,0.50
2007.08.03 06:17:27.146,1.6325,1.6328,42.10,58.30
2007.08.03 06:17:27.206,1.6325,1.6328,38.70,58.30
2007.08.03 06:17:27.243,1.6325,1.6327,38.70,4.00
2007.08.03 06:17:27.342,1.6325,1.6327,36.30,4.00
2007.08.03 06:17:27.362,1.6325,1.6327,32.30,4.00
2007.08.03 06:17:27.772,1.6325,1.6327,32.30,6.40
2007.08.03 06:17:27.873,1.6325,1.6327,32.30,2.40
2007.08.03 06:17:28.191,1.6325,1.6327,35.30,2.40
2007.08.03 06:17:28.227,1.6325,1.6327,38.70,2.40
2007.08.03 06:17:28.272,1.6325,1.6327,34.70,6.40
2007.08.03 06:17:28.605,1.6325,1.6327,34.70,4.00
2007.08.03 06:17:29.231,1.6325,1.6327,35.10,4.00
2007.08.03 06:17:29.491,1.6325,1.6328,39.10,54.70
2007.08.03 06:17:31.203,1.6325,1.6328,33.10,50.70
2007.08.03 06:17:31.679,1.6326,1.6328,6.40,47.50
2007.08.03 06:17:31.723,1.6326,1.6328,8.40,39.60
2007.08.03 06:17:31.773,1.6326,1.6328,8.40,37.20
2007.08.03 06:17:31.902,1.6326,1.6328,8.40,45.10
2007.08.03 06:17:32.702,1.6326,1.6328,8.40,47.50
2007.08.03 06:17:32.741,1.6326,1.6327,6.40,2.00
2007.08.03 06:17:47.632,1.6326,1.6327,4.00,2.00
2007.08.03 06:17:49.493,1.6326,1.6327,4.00,6.00
2007.08.03 06:17:55.569,1.6326,1.6327,4.00,2.00
2007.08.03 06:17:57.428,1.6326,1.6327,4.00,0.90
2007.08.03 06:18:04.704,1.6326,1.6329,6.00,50.30
2007.08.03 06:18:04.798,1.6326,1.6329,17.90,48.40
2007.08.03 06:18:04.986,1.6326,1.6328,17.90,0.80
2007.08.03 06:18:05.116,1.6326,1.6329,17.90,50.80
2007.08.03 06:18:13.487,1.6326,1.6328,17.90,37.20
2007.08.03 06:18:16.182,1.6326,1.6327,17.90,0.80
2007.08.03 06:18:16.197,1.6326,1.63275,17.90,21.60
2007.08.03 06:18:16.265,1.6326,1.63275,17.10,21.60
2007.08.03 06:18:16.332,1.6326,1.63275,15.10,21.60
2007.08.03 06:18:16.376,1.6326,1.63275,11.90,21.60
2007.08.03 06:18:16.413,1.6325,1.63275,20.30,21.60
2007.08.03 06:18:16.514,1.6325,1.6328,20.30,46.80
2007.08.03 06:18:16.982,1.6325,1.6328,20.30,45.20
2007.08.03 06:18:17.018,1.6325,1.6328,20.30,46.00
2007.08.03 06:18:17.030,1.6325,1.6327,20.30,0.60
2007.08.03 06:18:17.746,1.6325,1.6327,20.30,0.90
2007.08.03 06:18:17.768,1.6325,1.6327,20.30,0.50
2007.08.03 06:18:17.971,1.6325,1.6328,20.30,46.80
2007.08.03 06:18:18.146,1.6325,1.6327,20.30,0.90
2007.08.03 06:18:19.113,1.6325,1.6328,19.50,50.80
2007.08.03 06:18:19.181,1.6325,1.6328,20.30,50.00
2007.08.03 06:18:19.222,1.6325,1.6326,8.40,0.60
2007.08.03 06:18:19.277,1.6325,1.6327,8.40,40.40
2007.08.03 06:18:19.382,1.6325,1.6326,6.00,0.50
2007.08.03 06:18:20.032,1.6325,1.6327,6.00,40.40
2007.08.03 06:18:29.183,1.6325,1.6326,4.00,14.40
2007.08.03 06:18:29.224,1.6324,1.6326,33.50,14.40
2007.08.03 06:18:29.232,1.6324,1.6326,33.50,17.60
2007.08.03 06:18:29.273,1.6324,1.6326,5.60,29.50
2007.08.03 06:18:29.319,1.6324,1.6326,3.20,29.50
2007.08.03 06:18:30.040,1.6324,1.6325,3.20,4.00
2007.08.03 06:18:37.157,1.6324,1.6325,3.20,12.00
2007.08.03 06:18:37.169,1.6324,1.6325,3.20,14.40
2007.08.03 06:18:37.368,1.6323,1.6325,20.30,14.40
2007.08.03 06:18:38.300,1.6323,1.6325,17.90,14.40
2007.08.03 06:18:48.160,1.6323,1.6325,23.90,14.40
2007.08.03 06:18:48.174,1.6323,1.6325,23.10,14.40
2007.08.03 06:18:48.333,1.6323,1.6325,25.50,14.40
2007.08.03 06:18:49.204,1.6323,1.6325,18.10,4.00
2007.08.03 06:18:49.294,1.6323,1.6325,26.10,4.00
2007.08.03 06:18:49.304,1.6323,1.6325,28.50,4.00
2007.08.03 06:18:49.443,1.6323,1.6325,28.50,7.20
2007.08.03 06:18:49.488,1.6323,1.6324,28.50,4.00
2007.08.03 06:18:49.808,1.6323,1.6324,29.30,4.00
2007.08.03 06:18:50.429,1.6324,1.63255,3.20,3.20
2007.08.03 06:18:50.491,1.6324,1.6326,3.20,33.10
2007.08.03 06:18:50.729,1.6324,1.6326,3.20,35.50
2007.08.03 06:18:50.757,1.6324,1.6326,3.20,31.50
2007.08.03 06:18:50.955,1.6324,1.63255,3.20,3.20
2007.08.03 06:18:51.468,1.6324,1.6326,3.20,31.50
2007.08.03 06:18:52.075,1.6324,1.6325,3.20,4.00
2007.08.03 06:18:56.163,1.6323,1.6324,37.30,0.80
2007.08.03 06:18:56.262,1.6323,1.6324,10.40,0.80
2007.08.03 06:18:56.284,1.6323,1.6324,8.00,0.80
2007.08.03 06:18:56.677,1.6323,1.6324,5.60,0.80
2007.08.03 06:18:56.708,1.6323,1.6324,5.60,0.80
2007.08.03 06:18:56.781,1.6323,1.6324,5.20,0.80
2007.08.03 06:18:57.191,1.6323,1.6325,8.40,0.70
2007.08.03 06:18:57.205,1.6323,1.6326,20.40,40.70
2007.08.03 06:18:57.370,1.63235,1.6326,3.40,37.50
2007.08.03 06:18:57.423,1.63235,1.6326,3.40,33.60
2007.08.03 06:18:57.712,1.6325,1.6326,3.20,25.00
2007.08.03 06:18:57.787,1.6324,1.6325,37.90,0.80
2007.08.03 06:18:58.101,1.6325,1.6326,3.20,7.90
2007.08.03 06:18:58.158,1.6325,1.6327,3.20,16.80
2007.08.03 06:18:58.212,1.6325,1.6327,3.20,14.40
2007.08.03 06:18:58.493,1.6325,1.6327,3.20,14.40
2007.08.03 06:18:58.826,1.6325,1.63275,3.20,9.60
2007.08.03 06:18:58.911,1.6325,1.6328,3.20,37.50
2007.08.03 06:18:59.147,1.6325,1.6327,3.20,0.70
2007.08.03 06:18:59.197,1.6325,1.6327,3.20,17.60
2007.08.03 06:18:59.232,1.6324,1.6326,27.90,0.80
2007.08.03 06:18:59.249,1.6324,1.6327,8.00,17.60
2007.08.03 06:18:59.869,1.6324,1.6326,5.60,0.50
2007.08.03 06:19:02.638,1.6324,1.63265,6.40,9.60
2007.08.03 06:19:02.679,1.6324,1.63265,30.30,9.60
2007.08.03 06:19:02.748,1.6324,1.6326,33.50,0.50
2007.08.03 06:19:02.774,1.6324,1.6326,37.50,0.50
2007.08.03 06:19:02.952,1.6325,1.6326,3.20,0.50
2007.08.03 06:19:03.772,1.6325,1.6327,3.20,15.20
2007.08.03 06:19:03.802,1.6325,1.6327,3.20,27.20
2007.08.03 06:19:03.912,1.6325,1.6326,3.20,0.50
2007.08.03 06:19:04.380,1.6324,1.63265,29.50,13.60
2007.08.03 06:19:04.439,1.6324,1.6326,21.50,0.60
2007.08.03 06:19:04.856,1.6324,1.6326,19.10,0.60
2007.08.03 06:19:09.109,1.6324,1.63265,15.10,16.00
2007.08.03 06:19:09.726,1.6324,1.6326,15.10,0.50
2007.08.03 06:19:09.740,1.6324,1.63265,3.20,34.30
2007.08.03 06:19:09.867,1.6324,1.6326,3.20,34.30
2007.08.03 06:19:10.063,1.6324,1.63255,3.20,7.20
2007.08.03 06:19:10.349,1.6323,1.63255,25.50,7.20
2007.08.03 06:19:10.453,1.6323,1.6325,5.60,0.90
2007.08.03 06:19:10.864,1.6323,1.63255,3.20,9.60
2007.08.03 06:19:16.440,1.6323,1.6325,3.20,0.50
2007.08.03 06:19:16.501,1.6322,1.6326,8.80,47.50
2007.08.03 06:19:16.777,1.6322,1.6324,6.40,0.50
2007.08.03 06:19:17.553,1.6322,1.6325,2.40,9.60
2007.08.03 06:19:17.782,1.6322,1.63255,5.80,9.60
2007.08.03 06:19:18.505,1.6322,1.6325,9.80,6.40
2007.08.03 06:19:18.649,1.6322,1.6325,9.80,12.00
2007.08.03 06:19:18.761,1.6322,1.6324,14.60,0.60
2007.08.03 06:19:18.805,1.6322,1.63245,11.20,21.50
2007.08.03 06:19:18.931,1.6322,1.6324,7.20,0.90
2007.08.03 06:19:19.215,1.6322,1.63245,3.20,25.50
2007.08.03 06:19:20.731,1.6322,1.6325,3.20,43.10
2007.08.03 06:19:20.791,1.6322,1.6324,3.20,0.90
2007.08.03 06:19:22.272,1.6322,1.6324,3.20,0.60
2007.08.03 06:19:22.327,1.6322,1.6325,3.20,43.10
2007.08.03 06:19:23.209,1.6322,1.6324,3.20,30.30
2007.08.03 06:19:23.247,1.63215,1.6324,3.40,36.70
2007.08.03 06:19:23.409,1.6321,1.6323,27.40,0.70
2007.08.03 06:19:23.767,1.6321,1.63235,27.40,26.30
2007.08.03 06:19:23.839,1.6321,1.6323,27.40,0.60
2007.08.03 06:19:24.135,1.6321,1.6323,27.40,0.90
2007.08.03 06:19:24.159,1.63215,1.6323,3.40,0.80
2007.08.03 06:19:24.177,1.63215,1.6324,3.40,35.90
2007.08.03 06:19:24.216,1.63215,1.6323,3.40,0.60
2007.08.03 06:19:24.255,1.63215,1.6324,3.40,37.90
2007.08.03 06:19:24.275,1.63215,1.6323,3.40,0.90
2007.08.03 06:19:24.673,1.6322,1.6324,3.40,25.50
2007.08.03 06:19:24.685,1.6322,1.6324,6.60,18.30
2007.08.03 06:19:25.227,1.6322,1.6324,6.60,6.40
2007.08.03 06:19:25.495,1.6322,1.6324,10.60,2.40
2007.08.03 06:19:25.707,1.6322,1.6325,13.00,8.80
2007.08.03 06:19:26.147,1.6322,1.6325,13.00,11.20
2007.08.03 06:19:26.219,1.6322,1.6325,13.00,26.20
2007.08.03 06:19:26.236,1.6322,1.6325,9.60,29.40
2007.08.03 06:19:26.351,1.6322,1.6325,9.60,32.60
2007.08.03 06:19:27.715,1.6322,1.6325,9.60,15.20
2007.08.03 06:19:27.731,1.6322,1.6324,5.60,4.00
2007.08.03 06:19:27.802,1.6322,1.6324,9.00,4.00
2007.08.03 06:19:27.822,1.6322,1.6324,5.60,4.00
2007.08.03 06:19:29.025,1.6322,1.6324,3.20,6.40
2007.08.03 06:19:32.426,1.6322,1.6324,6.60,6.40
2007.08.03 06:19:32.664,1.6322,1.6324,3.20,6.40
2007.08.03 06:19:32.877,1.6322,1.6324,5.60,4.00
2007.08.03 06:19:32.995,1.6322,1.63245,9.60,3.20
2007.08.03 06:19:33.493,1.6322,1.6324,5.60,4.00
2007.08.03 06:19:33.807,1.6322,1.6324,3.20,6.40
2007.08.03 06:19:34.454,1.6322,1.6324,6.60,6.40
2007.08.03 06:19:34.724,1.6322,1.6324,6.60,10.40
2007.08.03 06:19:34.848,1.6322,1.6324,6.60,6.40
2007.08.03 06:19:34.977,1.6322,1.6324,3.20,6.40
2007.08.03 06:19:35.226,1.6322,1.6324,7.20,2.40
2007.08.03 06:19:36.105,1.6322,1.6324,3.20,6.40
2007.08.03 06:19:37.842,1.6322,1.6324,6.60,6.40
2007.08.03 06:19:38.570,1.6322,1.6324,10.60,2.40
2007.08.03 06:19:38.992,1.6322,1.6324,11.40,2.40
2007.08.03 06:19:39.044,1.6322,1.6324,12.20,2.40
2007.08.03 06:19:39.107,1.6322,1.6324,13.00,2.40
2007.08.03 06:19:39.155,1.6322,1.6324,16.20,2.40
2007.08.03 06:19:39.208,1.6322,1.6324,24.20,2.40
2007.08.03 06:19:39.250,1.6323,1.6324,3.20,2.40
2007.08.03 06:19:39.837,1.6323,1.6325,3.20,25.90
2007.08.03 06:19:41.385,1.6323,1.6325,3.20,33.90
2007.08.03 06:19:44.822,1.6323,1.6325,3.20,31.50
2007.08.03 06:19:45.221,1.6323,1.6325,3.20,23.50
2007.08.03 06:19:46.755,1.6323,1.6325,3.20,27.50
2007.08.03 06:19:46.767,1.6323,1.63245,3.20,3.20
2007.08.03 06:19:47.492,1.6323,1.6324,3.20,4.00
2007.08.03 06:19:47.693,1.6323,1.6324,3.20,6.40
2007.08.03 06:20:01.045,1.6322,1.6324,19.60,6.40
2007.08.03 06:20:12.958,1.6322,1.6324,19.60,8.80
2007.08.03 06:20:12.983,1.6322,1.6324,19.60,9.60
2007.08.03 06:20:12.996,1.6322,1.6324,19.60,12.00
2007.08.03 06:20:13.184,1.6322,1.6324,16.40,14.40
2007.08.03 06:20:13.215,1.6322,1.6324,12.40,14.40
2007.08.03 06:20:13.288,1.6322,1.6324,6.80,17.60
2007.08.03 06:20:13.311,1.6322,1.6324,6.80,20.80
2007.08.03 06:20:13.316,1.6322,1.6324,2.80,28.80
2007.08.03 06:20:13.586,1.6322,1.6324,2.80,29.60
2007.08.03 06:20:13.800,1.6322,1.6324,2.80,30.40
2007.08.03 06:20:13.839,1.6322,1.6324,2.80,32.40
2007.08.03 06:20:14.001,1.6322,1.6324,2.80,31.60
2007.08.03 06:20:14.036,1.6322,1.6324,2.80,30.80
2007.08.03 06:20:15.317,1.6322,1.6323,2.80,4.00
2007.08.03 06:20:28.146,1.6322,1.6323,0.80,4.00
2007.08.03 06:20:28.198,1.6322,1.6323,0.80,6.40
2007.08.03 06:20:28.241,1.6322,1.6323,0.80,14.40
2007.08.03 06:20:28.765,1.6322,1.6323,0.80,16.80
2007.08.03 06:20:28.871,1.6322,1.6323,0.80,18.80
2007.08.03 06:20:31.262,1.6321,1.6323,37.30,19.60
2007.08.03 06:20:31.336,1.6321,1.6323,33.30,19.60
2007.08.03 06:20:31.365,1.6321,1.6323,27.70,19.60
2007.08.03 06:20:31.472,1.6321,1.6323,27.70,22.80
2007.08.03 06:20:32.593,1.6321,1.6323,28.50,22.80
2007.08.03 06:20:32.698,1.6322,1.6323,0.80,22.00
2007.08.03 06:20:33.020,1.6322,1.6323,0.80,18.00
2007.08.03 06:20:34.121,1.6322,1.6323,0.80,22.00
2007.08.03 06:20:35.227,1.6322,1.6323,0.80,18.00
2007.08.03 06:20:41.150,1.6321,1.6323,38.30,18.80
2007.08.03 06:20:41.273,1.6321,1.6323,13.60,22.80
2007.08.03 06:20:41.313,1.6321,1.6323,6.40,22.80
2007.08.03 06:20:41.346,1.6321,1.6323,4.00,25.20
2007.08.03 06:20:41.600,1.6321,1.6323,4.00,28.40
2007.08.03 06:20:41.685,1.6321,1.6322,4.00,2.40
2007.08.03 06:20:41.824,1.6321,1.6322,4.00,16.80
2007.08.03 06:20:42.068,1.632,1.6322,40.30,16.80
2007.08.03 06:20:42.135,1.632,1.6322,31.50,16.80
2007.08.03 06:20:42.232,1.632,1.6322,23.50,16.80
2007.08.03 06:20:42.387,1.632,1.6322,22.70,16.80
2007.08.03 06:20:42.483,1.632,1.6322,18.70,20.80
2007.08.03 06:20:42.493,1.632,1.6322,14.70,24.80
2007.08.03 06:20:42.665,1.632,1.6322,17.10,24.00
2007.08.03 06:20:42.767,1.632,1.6322,21.10,24.00
2007.08.03 06:20:43.176,1.632,1.6322,21.10,24.80
2007.08.03 06:20:43.689,1.632,1.6322,17.10,26.80
2007.08.03 06:20:43.700,1.632,1.6322,14.70,27.60
2007.08.03 06:20:50.331,1.632,1.6322,22.70,27.60
2007.08.03 06:20:51.164,1.632,1.6322,14.70,27.60
2007.08.03 06:20:52.726,1.632,1.6322,18.70,27.60
2007.08.03 06:20:53.136,1.632,1.6322,19.50,27.60
2007.08.03 06:20:53.231,1.632,1.6322,21.90,26.80
2007.08.03 06:20:53.242,1.632,1.6322,29.90,22.80
2007.08.03 06:20:54.146,1.632,1.6322,29.90,22.00
2007.08.03 06:20:54.163,1.6321,1.6322,2.00,20.00
2007.08.03 06:20:54.673,1.632,1.6322,15.90,24.00
2007.08.03 06:20:54.780,1.632,1.6322,13.50,24.00
2007.08.03 06:20:54.874,1.632,1.6322,15.90,24.00
2007.08.03 06:20:58.144,1.632,1.6322,15.90,24.80
2007.08.03 06:20:58.177,1.632,1.6322,2.60,24.80
2007.08.03 06:20:58.358,1.632,1.6322,0.70,24.80
2007.08.03 06:20:58.682,1.632,1.6322,21.50,22.40
2007.08.03 06:20:58.748,1.632,1.6322,33.50,20.40
2007.08.03 06:20:59.152,1.632,1.6322,40.90,18.40
2007.08.03 06:20:59.476,1.632,1.6322,44.90,14.40
2007.08.03 06:20:59.772,1.6321,1.6322,3.40,12.00
2007.08.03 06:21:00.154,1.632,1.6322,46.50,14.00
2007.08.03 06:21:06.680,1.632,1.6322,45.70,14.80
2007.08.03 06:21:07.119,1.632,1.6322,44.10,16.40
2007.08.03 06:21:07.709,1.6321,1.6322,2.50,15.60
2007.08.03 06:21:08.057,1.632,1.6322,35.50,14.00
2007.08.03 06:21:08.126,1.632,1.6322,34.70,14.80
2007.08.03 06:21:08.162,1.632,1.6322,30.70,18.80
2007.08.03 06:21:08.223,1.6321,1.6322,4.40,21.20
2007.08.03 06:21:08.274,1.632,1.6321,5.60,8.00
2007.08.03 06:21:08.337,1.632,1.6321,2.10,8.00
2007.08.03 06:21:08.645,1.6321,1.6322,0.70,10.80
2007.08.03 06:21:08.774,1.632,1.6322,33.10,18.80
2007.08.03 06:21:08.897,1.632,1.6322,30.70,21.20
2007.08.03 06:21:09.102,1.6321,1.6322,3.90,22.00
2007.08.03 06:21:09.259,1.632,1.6322,34.70,18.00
2007.08.03 06:21:10.021,1.6321,1.6322,2.80,17.20
2007.08.03 06:21:10.268,1.6321,1.6322,0.80,16.40
2007.08.03 06:21:16.447,1.632,1.6322,37.30,14.40
2007.08.03 06:21:16.661,1.632,1.6322,39.30,14.40
2007.08.03 06:21:16.752,1.6321,1.6322,3.20,10.40
2007.08.03 06:21:16.778,1.632,1.6322,34.60,2.40
2007.08.03 06:21:17.644,1.6322,1.6323,0.80,27.20
2007.08.03 06:21:17.814,1.6321,1.6323,25.90,28.00
2007.08.03 06:21:17.907,1.6321,1.6323,25.90,20.00
2007.08.03 06:21:18.491,1.6321,1.6323,31.50,16.00
2007.08.03 06:21:19.187,1.6322,1.6323,1.80,13.60
2007.08.03 06:21:19.214,1.6321,1.6323,30.70,17.60
2007.08.03 06:21:19.246,1.6321,1.6323,30.70,17.60
2007.08.03 06:21:19.666,1.6321,1.6323,42.10,17.60
2007.08.03 06:21:19.703,1.6322,1.6323,2.30,20.00
2007.08.03 06:21:19.762,1.6321,1.6323,32.90,20.00
2007.08.03 06:21:20.180,1.6321,1.6323,31.10,20.00
2007.08.03 06:21:20.220,1.6322,1.6323,6.50,17.60
2007.08.03 06:21:20.702,1.6321,1.6323,37.70,17.60
2007.08.03 06:21:20.729,1.6321,1.6323,34.50,20.00
2007.08.03 06:21:21.223,1.6321,1.6323,29.10,20.00
2007.08.03 06:21:21.432,1.6321,1.6323,28.30,20.80
2007.08.03 06:21:21.657,1.6322,1.6323,0.70,17.60
2007.08.03 06:21:21.757,1.6322,1.6323,1.00,17.60
2007.08.03 06:21:21.985,1.6322,1.6323,2.20,17.60
2007.08.03 06:21:22.495,1.6321,1.6323,44.30,13.60
2007.08.03 06:21:22.689,1.6321,1.6323,41.10,16.00
2007.08.03 06:21:22.789,1.6322,1.6323,0.90,16.00
2007.08.03 06:21:23.202,1.6321,1.6323,35.10,8.00
2007.08.03 06:21:23.300,1.6322,1.6323,3.30,8.00
2007.08.03 06:21:23.326,1.6322,1.6323,4.10,5.60
2007.08.03 06:21:23.408,1.6321,1.6323,41.10,5.60
2007.08.03 06:21:23.439,1.6321,1.6323,46.70,2.40
2007.08.03 06:21:23.493,1.6321,1.6323,42.70,6.40
2007.08.03 06:21:23.627,1.6322,1.6323,6.40,6.40
2007.08.03 06:21:23.723,1.6321,1.6323,43.30,6.40
2007.08.03 06:21:23.737,1.6322,1.6323,1.40,6.40
2007.08.03 06:21:23.824,1.6321,1.6323,32.70,4.00
2007.08.03 06:21:24.828,1.6322,1.6323,1.30,6.40
2007.08.03 06:21:25.666,1.6322,1.6323,2.80,14.40
2007.08.03 06:21:25.702,1.6322,1.6323,6.00,16.80
2007.08.03 06:21:25.860,1.6322,1.63225,4.00,3.20
2007.08.03 06:21:26.184,1.6322,1.63225,4.20,3.20
2007.08.03 06:21:26.201,1.6321,1.6322,26.70,8.80
2007.08.03 06:21:26.280,1.632,1.6322,33.20,8.80
2007.08.03 06:21:26.316,1.632,1.6322,30.80,8.80
2007.08.03 06:21:26.487,1.632,1.6322,30.20,12.80
2007.08.03 06:21:26.703,1.6321,1.6322,1.00,15.60
2007.08.03 06:21:27.124,1.632,1.6322,36.60,15.60
2007.08.03 06:21:27.140,1.6322,1.6323,0.80,23.10
2007.08.03 06:21:27.236,1.6322,1.6323,0.80,3.20
2007.08.03 06:21:27.480,1.6322,1.6323,0.80,4.00
2007.08.03 06:21:27.737,1.6322,1.6323,0.80,6.40
2007.08.03 06:21:27.856,1.6322,1.6323,2.80,6.40
2007.08.03 06:21:29.689,1.6322,1.6323,2.00,6.40
2007.08.03 06:21:29.728,1.6321,1.6323,27.60,6.40
2007.08.03 06:21:29.826,1.6321,1.6323,23.60,6.40
2007.08.03 06:21:30.142,1.6321,1.6323,22.80,6.40
2007.08.03 06:21:32.665,1.6321,1.6323,18.80,8.80
2007.08.03 06:21:32.737,1.6321,1.6323,18.80,16.80
2007.08.03 06:21:32.764,1.6321,1.6323,18.80,20.80
2007.08.03 06:21:32.835,1.6321,1.6323,14.80,21.20
2007.08.03 06:21:32.869,1.6321,1.6323,12.40,21.20
2007.08.03 06:21:35.650,1.6321,1.6323,14.80,18.80
2007.08.03 06:21:35.818,1.6321,1.6323,15.60,18.00
2007.08.03 06:21:35.853,1.6321,1.6323,13.20,20.40
2007.08.03 06:21:35.891,1.6321,1.6323,12.40,21.20
2007.08.03 06:21:36.482,1.6321,1.6323,12.40,21.60
2007.08.03 06:21:39.692,1.6321,1.6323,13.20,20.80
2007.08.03 06:21:40.110,1.6321,1.6323,12.40,20.80
2007.08.03 06:21:40.328,1.6321,1.6323,12.40,21.60
2007.08.03 06:21:41.649,1.6321,1.6323,13.20,20.80
2007.08.03 06:21:43.810,1.6321,1.6323,15.60,18.40
2007.08.03 06:21:46.100,1.6321,1.6323,23.60,18.40
2007.08.03 06:21:46.444,1.6321,1.6323,23.60,18.80
2007.08.03 06:21:52.628,1.6321,1.6323,21.20,21.20
2007.08.03 06:21:52.721,1.6321,1.6323,20.40,22.00
2007.08.03 06:21:55.626,1.6321,1.6323,21.20,21.20
2007.08.03 06:21:56.457,1.6321,1.6323,21.20,21.60
2007.08.03 06:22:01.607,1.6321,1.6323,24.40,18.40
2007.08.03 06:22:02.639,1.6321,1.6323,23.60,19.20
2007.08.03 06:22:02.788,1.6321,1.6323,15.60,31.10
2007.08.03 06:22:02.850,1.6321,1.6323,15.60,33.50
2007.08.03 06:22:03.093,1.6321,1.6323,15.60,34.30
2007.08.03 06:22:03.374,1.6321,1.6323,16.40,34.30
2007.08.03 06:22:03.400,1.6321,1.6323,17.20,34.30
2007.08.03 06:22:03.669,1.6322,1.6323,2.40,31.10
2007.08.03 06:22:03.691,1.6322,1.63235,2.40,34.30
2007.08.03 06:22:03.729,1.6322,1.6324,24.30,36.80
2007.08.03 06:22:03.780,1.6322,1.6324,28.30,32.80
2007.08.03 06:22:03.833,1.6322,1.6324,28.30,26.40
2007.08.03 06:22:03.978,1.6322,1.6324,29.90,26.40
2007.08.03 06:22:04.079,1.6322,1.6324,29.90,26.40
2007.08.03 06:22:04.139,1.6322,1.6323,33.10,0.70
2007.08.03 06:22:04.191,1.6322,1.6324,33.90,24.80
2007.08.03 06:22:04.232,1.6322,1.6323,45.90,0.50
2007.08.03 06:22:04.299,1.6323,1.6324,3.20,11.90
2007.08.03 06:22:04.816,1.6322,1.6324,35.00,7.20
2007.08.03 06:22:04.833,1.6322,1.6324,32.60,7.20
2007.08.03 06:22:04.858,1.6322,1.6324,38.90,7.20
2007.08.03 06:22:05.178,1.6322,1.6323,31.70,0.60
2007.08.03 06:22:05.218,1.6322,1.6325,35.70,30.80
2007.08.03 06:22:05.232,1.6322,1.6324,36.50,0.60
2007.08.03 06:22:05.476,1.6322,1.6325,34.90,30.00
2007.08.03 06:22:05.731,1.6322,1.6325,34.90,33.20
2007.08.03 06:22:05.893,1.6322,1.6325,30.90,33.20
2007.08.03 06:22:06.272,1.6322,1.6324,27.50,0.60
2007.08.03 06:22:06.426,1.6322,1.6325,27.50,51.50
2007.08.03 06:22:06.783,1.6322,1.6325,25.10,34.00
2007.08.03 06:22:07.520,1.6322,1.63245,24.30,10.80
2007.08.03 06:22:07.630,1.6322,1.63245,24.30,11.60
2007.08.03 06:22:07.724,1.6322,1.63245,21.10,11.60
2007.08.03 06:22:07.734,1.6322,1.6324,7.20,0.60
2007.08.03 06:22:07.825,1.6322,1.6324,7.20,0.50
2007.08.03 06:22:07.849,1.6322,1.6324,7.20,0.80
2007.08.03 06:22:07.901,1.6322,1.6325,7.20,42.70
2007.08.03 06:22:08.187,1.6322,1.6325,3.20,47.80
2007.08.03 06:22:08.771,1.6322,1.6324,3.20,33.90
2007.08.03 06:22:09.217,1.6322,1.6323,3.20,0.60
2007.08.03 06:22:09.714,1.6322,1.6323,3.20,0.90
2007.08.03 06:22:10.642,1.6322,1.6324,3.20,33.90
2007.08.03 06:22:10.706,1.6321,1.6324,34.30,40.30
2007.08.03 06:22:10.921,1.6321,1.6323,34.30,0.50
2007.08.03 06:22:11.687,1.6321,1.6324,38.30,53.10
2007.08.03 06:22:11.728,1.6321,1.6324,40.70,47.50
2007.08.03 06:22:12.825,1.6321,1.6323,44.10,0.80
2007.08.03 06:22:13.575,1.6321,1.6323,48.10,0.70
2007.08.03 06:22:13.671,1.6321,1.63245,48.10,46.70
2007.08.03 06:22:16.150,1.6321,1.6324,44.70,0.80
2007.08.03 06:22:16.171,1.6321,1.6324,40.70,0.60
2007.08.03 06:22:16.401,1.6321,1.63235,40.70,0.90
2007.08.03 06:22:16.479,1.6321,1.63235,39.10,0.50
2007.08.03 06:22:16.796,1.6321,1.63235,36.70,5.60
2007.08.03 06:22:17.042,1.6321,1.63235,32.70,9.60
2007.08.03 06:22:17.731,1.6321,1.63235,35.70,9.60
2007.08.03 06:22:18.001,1.6321,1.6323,39.10,0.90
2007.08.03 06:22:18.030,1.6321,1.6324,40.10,43.50
2007.08.03 06:22:19.003,1.6321,1.6324,40.10,35.50
2007.08.03 06:22:19.178,1.6321,1.6324,35.10,44.30
2007.08.03 06:22:19.203,1.6321,1.6324,39.10,44.30
2007.08.03 06:22:19.232,1.6321,1.6323,39.10,0.80
2007.08.03 06:22:19.252,1.6321,1.6323,35.70,0.50
2007.08.03 06:22:19.284,1.6321,1.6324,38.10,50.70
2007.08.03 06:22:19.337,1.6321,1.6324,35.70,53.10
2007.08.03 06:22:19.675,1.6321,1.6324,35.70,53.10
2007.08.03 06:22:19.995,1.6321,1.6324,31.70,53.10
2007.08.03 06:22:22.074,1.6321,1.6324,32.50,53.10
2007.08.03 06:22:22.169,1.6322,1.6324,8.00,55.10
2007.08.03 06:22:22.201,1.6322,1.6324,11.20,51.90
2007.08.03 06:22:23.008,1.6322,1.6324,11.20,51.90
2007.08.03 06:22:23.157,1.6322,1.6323,10.40,0.90
2007.08.03 06:22:23.215,1.6322,1.6324,2.40,45.90
2007.08.03 06:22:23.239,1.6321,1.6323,40.70,0.90
2007.08.03 06:22:23.322,1.6321,1.6323,38.70,0.60
2007.08.03 06:22:23.343,1.6321,1.6323,35.30,0.90
2007.08.03 06:22:23.866,1.6321,1.6324,38.70,42.70
2007.08.03 06:22:24.193,1.6321,1.6324,34.70,42.70
2007.08.03 06:22:24.501,1.6321,1.6324,38.70,42.70
2007.08.03 06:22:25.103,1.6321,1.6324,39.50,42.70
2007.08.03 06:22:25.195,1.6322,1.6324,8.00,0.80
2007.08.03 06:22:25.209,1.6322,1.63245,11.20,47.90
2007.08.03 06:22:26.726,1.6322,1.6324,11.20,42.70
2007.08.03 06:22:26.741,1.6322,1.6324,8.00,45.90
2007.08.03 06:22:26.834,1.6321,1.6324,44.50,49.90
2007.08.03 06:22:27.012,1.6321,1.6324,41.10,53.10
2007.08.03 06:22:27.141,1.6321,1.6323,40.30,0.60
2007.08.03 06:22:27.555,1.6321,1.6323,36.30,0.50
2007.08.03 06:22:27.876,1.6321,1.6324,36.30,53.10
2007.08.03 06:22:30.935,1.6321,1.6323,33.10,22.00
2007.08.03 06:22:33.613,1.6322,1.6323,0.80,22.00
2007.08.03 06:22:33.684,1.6322,1.6323,8.80,20.00
2007.08.03 06:22:33.722,1.6322,1.6323,11.20,17.60
2007.08.03 06:22:33.884,1.6322,1.6323,13.20,15.20
2007.08.03 06:22:35.209,1.6322,1.6323,13.20,11.20
2007.08.03 06:22:35.221,1.6322,1.6323,13.20,3.20
2007.08.03 06:22:36.183,1.6322,1.6324,14.00,40.30
2007.08.03 06:22:36.204,1.6322,1.6324,14.00,38.70
2007.08.03 06:22:36.273,1.6322,1.6324,14.00,26.70
2007.08.03 06:22:36.694,1.6322,1.6324,14.00,24.70
2007.08.03 06:22:36.803,1.6323,1.6324,2.00,12.80
2007.08.03 06:22:36.923,1.6323,1.6324,2.00,10.40
2007.08.03 06:22:37.208,1.6323,1.6324,2.00,12.80
2007.08.03 06:22:37.221,1.6323,1.6324,2.00,20.80
2007.08.03 06:22:37.480,1.6323,1.6324,2.00,16.80
2007.08.03 06:22:37.739,1.6323,1.6324,2.00,14.40
2007.08.03 06:22:37.920,1.6323,1.6324,2.00,4.00
2007.08.03 06:22:38.147,1.6322,1.6324,39.70,4.00
2007.08.03 06:22:38.245,1.6322,1.6324,39.10,6.00
2007.08.03 06:22:38.258,1.6322,1.6324,36.70,6.00
2007.08.03 06:22:39.176,1.6322,1.6324,36.70,8.40
2007.08.03 06:22:39.188,1.6322,1.6324,37.70,16.40
2007.08.03 06:22:39.389,1.6322,1.6324,34.30,16.40
2007.08.03 06:22:39.488,1.6322,1.6324,30.30,16.40
2007.08.03 06:22:39.898,1.6322,1.6324,27.90,18.80
2007.08.03 06:22:40.488,1.6322,1.6324,23.90,22.80
2007.08.03 06:22:40.850,1.6322,1.6324,23.90,30.80
2007.08.03 06:22:41.156,1.6322,1.6324,23.90,22.80
2007.08.03 06:22:41.641,1.6322,1.6324,20.70,23.60
2007.08.03 06:22:41.748,1.6322,1.6324,19.90,23.60
2007.08.03 06:22:41.777,1.6321,1.6324,46.90,35.50
2007.08.03 06:22:42.084,1.6321,1.6324,46.10,35.50
2007.08.03 06:22:42.287,1.63215,1.6324,3.40,35.50
2007.08.03 06:22:43.186,1.6322,1.6324,2.40,33.10
2007.08.03 06:22:43.220,1.6322,1.6324,5.40,25.10
2007.08.03 06:22:43.376,1.6322,1.6324,8.80,25.10
2007.08.03 06:22:43.424,1.6322,1.6324,16.80,25.10
2007.08.03 06:22:43.709,1.6322,1.6324,17.60,24.30
2007.08.03 06:22:43.816,1.6322,1.6324,18.40,24.30
2007.08.03 06:22:43.845,1.6322,1.6324,20.40,24.30
2007.08.03 06:22:44.476,1.6322,1.6324,24.40,20.30
2007.08.03 06:22:44.637,1.6322,1.6324,23.60,21.10
2007.08.03 06:22:44.663,1.6322,1.6324,21.60,21.10
2007.08.03 06:22:44.737,1.6322,1.6324,20.80,21.10
2007.08.03 06:22:44.759,1.6322,1.6324,23.20,18.70
2007.08.03 06:22:44.829,1.6322,1.6324,23.20,21.10
2007.08.03 06:22:44.878,1.6322,1.6324,23.20,25.10
2007.08.03 06:22:45.652,1.6322,1.6324,23.20,24.30
2007.08.03 06:22:45.759,1.6322,1.6324,24.00,24.30
2007.08.03 06:22:46.115,1.6322,1.6324,29.60,26.70
2007.08.03 06:22:46.330,1.6322,1.6324,29.60,22.70
2007.08.03 06:22:46.373,1.6322,1.6324,29.60,20.30
2007.08.03 06:22:46.750,1.6322,1.6324,29.60,4.00
2007.08.03 06:22:46.779,1.6322,1.6324,30.40,4.00
2007.08.03 06:22:47.051,1.6322,1.6324,31.20,4.00
2007.08.03 06:22:47.679,1.6322,1.6324,31.20,6.00
2007.08.03 06:22:47.782,1.6322,1.6324,29.60,6.00
2007.08.03 06:22:48.088,1.6322,1.6324,28.80,6.00
2007.08.03 06:22:50.982,1.6322,1.6324,29.60,6.00
2007.08.03 06:22:51.015,1.6322,1.6324,30.40,6.00
2007.08.03 06:22:51.232,1.6322,1.6324,29.60,6.80
2007.08.03 06:22:51.290,1.6322,1.6324,29.60,10.80
2007.08.03 06:22:51.496,1.6322,1.6324,28.80,10.80
2007.08.03 06:22:51.532,1.6322,1.6324,28.00,10.80
2007.08.03 06:22:51.541,1.6322,1.6324,27.20,10.80
2007.08.03 06:22:51.706,1.6322,1.6324,19.20,30.70
2007.08.03 06:22:51.747,1.6322,1.6323,16.80,3.20
2007.08.03 06:22:51.812,1.6322,1.6323,12.80,3.20
2007.08.03 06:22:52.009,1.6322,1.6323,8.80,3.20
2007.08.03 06:22:52.165,1.6322,1.6323,12.00,3.20
2007.08.03 06:22:52.235,1.6322,1.6323,13.00,3.20
2007.08.03 06:22:52.353,1.6322,1.6323,9.60,3.20
2007.08.03 06:22:52.493,1.6322,1.6323,13.60,3.20
2007.08.03 06:22:52.769,1.6322,1.63235,13.60,3.20
2007.08.03 06:22:52.835,1.6322,1.6324,13.60,33.10
2007.08.03 06:22:52.863,1.6322,1.6324,11.20,31.50
2007.08.03 06:22:53.043,1.6322,1.6324,7.20,35.50
2007.08.03 06:22:54.621,1.6322,1.6324,4.00,35.50
2007.08.03 06:22:54.734,1.63215,1.6322,3.40,0.80
2007.08.03 06:22:54.747,1.63215,1.6322,3.40,0.80
2007.08.03 06:22:54.759,1.6321,1.6322,47.50,0.80
2007.08.03 06:22:54.830,1.6321,1.6322,51.50,0.80
2007.08.03 06:22:54.846,1.6321,1.6322,49.10,0.80
2007.08.03 06:22:55.039,1.6321,1.6322,29.20,0.80
2007.08.03 06:22:55.156,1.6321,1.6323,20.40,23.90
2007.08.03 06:22:55.238,1.6321,1.6323,17.20,27.10
2007.08.03 06:22:55.249,1.6321,1.6323,33.10,3.20
2007.08.03 06:22:55.277,1.6321,1.6323,29.10,7.20
2007.08.03 06:22:55.289,1.63215,1.6323,3.40,7.20
2007.08.03 06:22:55.666,1.6322,1.6323,2.40,4.00
2007.08.03 06:22:55.776,1.6322,1.6323,14.40,4.00
2007.08.03 06:22:55.870,1.6322,1.6323,16.40,4.00
2007.08.03 06:22:55.989,1.6322,1.6323,17.20,4.00
2007.08.03 06:22:56.073,1.6322,1.6324,17.20,33.50
2007.08.03 06:22:57.611,1.6322,1.6324,16.40,33.50
2007.08.03 06:22:57.726,1.63215,1.6323,3.40,19.90
2007.08.03 06:22:57.820,1.63215,1.6324,3.40,41.50
2007.08.03 06:22:57.831,1.63215,1.6324,3.40,39.10
2007.08.03 06:22:57.845,1.6321,1.6323,30.60,0.60
2007.08.03 06:22:58.039,1.6321,1.6323,29.80,0.60
2007.08.03 06:22:58.117,1.63215,1.6323,3.40,0.80
2007.08.03 06:22:58.280,1.63215,1.6323,3.40,0.80
2007.08.03 06:22:58.364,1.6321,1.6324,21.20,42.30
2007.08.03 06:22:58.497,1.6321,1.6323,25.20,0.60
2007.08.03 06:22:58.749,1.6321,1.6323,25.20,0.60
2007.08.03 06:22:58.764,1.6321,1.6323,22.20,0.90
2007.08.03 06:22:58.897,1.6321,1.6323,18.80,0.70
2007.08.03 06:22:58.973,1.6321,1.6324,18.00,52.70
2007.08.03 06:22:59.080,1.6321,1.6324,18.00,50.30
2007.08.03 06:22:59.155,1.6321,1.6323,17.20,0.60
2007.08.03 06:22:59.262,1.6321,1.6324,16.40,50.30
2007.08.03 06:22:59.494,1.6321,1.6324,12.40,50.30
2007.08.03 06:22:59.678,1.6321,1.6324,13.20,46.30
2007.08.03 06:22:59.704,1.6321,1.6324,17.20,38.80
2007.08.03 06:22:59.866,1.6321,1.6323,25.20,0.50
2007.08.03 06:22:59.961,1.63215,1.6324,3.40,34.80
2007.08.03 06:23:00.114,1.63215,1.6323,3.40,0.60
2007.08.03 06:23:00.493,1.63215,1.6323,3.40,0.50
2007.08.03 06:23:00.845,1.63215,1.6323,3.40,0.60
2007.08.03 06:23:03.684,1.63215,1.6324,3.40,37.20
2007.08.03 06:23:03.726,1.63215,1.6324,3.40,33.20
2007.08.03 06:23:03.795,1.6321,1.63235,29.20,20.80
2007.08.03 06:23:03.841,1.6321,1.63235,19.60,20.80
2007.08.03 06:23:04.144,1.6321,1.63235,27.60,20.80
2007.08.03 06:23:04.602,1.6321,1.63235,26.80,20.80
2007.08.03 06:23:04.674,1.6321,1.6323,26.80,17.60
2007.08.03 06:23:04.707,1.6321,1.6323,26.80,18.40
2007.08.03 06:23:04.890,1.6321,1.6322,24.40,0.60
2007.08.03 06:23:05.089,1.6321,1.6322,16.40,0.60
2007.08.03 06:23:05.305,1.6321,1.6323,16.40,28.80
2007.08.03 06:23:05.320,1.6321,1.63235,16.40,31.20
2007.08.03 06:23:05.419,1.6321,1.63235,12.40,35.20
2007.08.03 06:23:05.602,1.6321,1.6323,10.40,0.60
2007.08.03 06:23:05.835,1.6321,1.63235,10.40,36.00
2007.08.03 06:23:06.125,1.6321,1.63235,10.40,34.40
2007.08.03 06:23:06.231,1.6321,1.6323,12.40,0.80
2007.08.03 06:23:06.652,1.6321,1.6324,13.20,38.40
2007.08.03 06:23:06.758,1.6321,1.6324,13.20,42.30
2007.08.03 06:23:07.062,1.6321,1.6323,13.20,0.90
2007.08.03 06:23:07.170,1.6321,1.6324,21.20,35.90
2007.08.03 06:23:07.203,1.63215,1.6323,3.40,0.80
2007.08.03 06:23:07.270,1.63215,1.6323,3.40,0.90
2007.08.03 06:23:07.687,1.6322,1.6323,11.20,0.90
2007.08.03 06:23:07.871,1.6322,1.6323,13.20,0.60
2007.08.03 06:23:08.201,1.6322,1.6323,3.20,0.90
2007.08.03 06:23:08.325,1.6322,1.6323,2.40,0.60
2007.08.03 06:23:08.420,1.6321,1.6324,42.10,32.90
2007.08.03 06:23:09.324,1.6321,1.63245,46.10,36.10
2007.08.03 06:23:10.665,1.6321,1.6323,42.10,0.90
2007.08.03 06:23:10.683,1.6321,1.6324,48.10,36.90
2007.08.03 06:23:10.804,1.6321,1.6323,24.80,0.90
2007.08.03 06:23:10.897,1.6321,1.6323,16.80,0.80
2007.08.03 06:23:11.097,1.6321,1.6323,16.80,0.70
2007.08.03 06:23:11.168,1.6321,1.6323,16.80,0.60
2007.08.03 06:23:11.213,1.6321,1.63235,12.80,41.90
2007.08.03 06:23:11.631,1.6321,1.6323,10.40,0.50
2007.08.03 06:23:12.224,1.6321,1.63235,13.60,38.70
2007.08.03 06:23:12.251,1.6321,1.63235,20.40,35.10
2007.08.03 06:23:12.332,1.6321,1.6324,24.60,43.90
2007.08.03 06:23:12.729,1.6322,1.6324,2.40,43.10
2007.08.03 06:23:12.765,1.6322,1.6324,16.40,41.10
2007.08.03 06:23:12.824,1.6322,1.6323,16.40,0.90
2007.08.03 06:23:12.920,1.6322,1.6324,17.20,35.50
2007.08.03 06:23:13.088,1.6322,1.6323,18.00,0.60
2007.08.03 06:23:13.127,1.6322,1.6323,21.40,0.90
2007.08.03 06:23:13.349,1.6322,1.6324,22.20,14.80
2007.08.03 06:23:13.567,1.6322,1.6325,22.20,39.20
2007.08.03 06:23:13.586,1.6322,1.6324,22.20,0.70
2007.08.03 06:23:13.649,1.6322,1.6324,22.20,0.50
2007.08.03 06:23:13.680,1.6322,1.6325,26.20,46.40
2007.08.03 06:23:13.753,1.6322,1.6325,31.80,40.80
2007.08.03 06:23:13.799,1.6323,1.6325,2.00,46.70
2007.08.03 06:23:14.136,1.6323,1.63255,2.00,45.10
2007.08.03 06:23:14.223,1.6322,1.6325,36.20,0.70
2007.08.03 06:23:14.252,1.6322,1.63255,35.40,45.10
2007.08.03 06:23:14.315,1.6322,1.63255,29.80,45.10
2007.08.03 06:23:14.417,1.6322,1.6326,26.40,55.50
2007.08.03 06:23:14.495,1.6322,1.6325,24.00,0.50
2007.08.03 06:23:14.588,1.6322,1.6326,24.00,55.50
2007.08.03 06:23:15.553,1.6322,1.6325,20.00,47.50
2007.08.03 06:23:15.720,1.6322,1.6325,17.60,47.50
2007.08.03 06:23:15.764,1.6322,1.6324,5.60,0.50
2007.08.03 06:23:16.227,1.6322,1.6324,2.40,0.90
2007.08.03 06:23:16.271,1.6322,1.6324,2.40,0.80
2007.08.03 06:23:16.336,1.6322,1.63245,2.40,27.10
2007.08.03 06:23:16.374,1.6322,1.6324,2.40,0.70
2007.08.03 06:23:16.546,1.6322,1.6324,2.40,0.80
2007.08.03 06:23:16.754,1.6322,1.6324,2.40,0.70
2007.08.03 06:23:16.792,1.6321,1.6324,49.10,0.90
2007.08.03 06:23:16.849,1.6321,1.6325,50.70,37.20
2007.08.03 06:23:17.095,1.6321,1.6325,46.70,38.30
2007.08.03 06:23:17.269,1.6321,1.6325,46.70,37.50
2007.08.03 06:23:17.689,1.6321,1.6324,46.70,18.40
2007.08.03 06:23:17.728,1.6321,1.6324,42.70,25.40
2007.08.03 06:23:18.222,1.6321,1.63235,39.50,12.80
2007.08.03 06:23:18.247,1.6321,1.63235,31.50,12.80
2007.08.03 06:23:18.304,1.6321,1.6323,29.10,0.50
2007.08.03 06:23:18.403,1.6321,1.63235,25.10,16.80
2007.08.03 06:23:18.757,1.6321,1.6323,25.10,0.60
2007.08.03 06:23:19.295,1.6321,1.63235,25.10,15.20
2007.08.03 06:23:19.393,1.6321,1.6323,29.10,0.90
2007.08.03 06:23:19.733,1.6321,1.6323,29.10,0.50
2007.08.03 06:23:19.837,1.6321,1.6324,31.50,53.50
2007.08.03 06:23:19.915,1.6321,1.6324,27.50,51.50
2007.08.03 06:23:19.969,1.6321,1.6324,30.90,51.50
2007.08.03 06:23:20.217,1.6321,1.6323,27.50,0.70
2007.08.03 06:23:20.759,1.6322,1.6323,3.20,0.90
2007.08.03 06:23:20.841,1.6322,1.6324,13.20,38.70
2007.08.03 06:23:20.940,1.6322,1.6324,13.20,38.70
2007.08.03 06:23:20.977,1.6322,1.6324,14.00,38.70
2007.08.03 06:23:21.278,1.6322,1.6323,14.00,0.50
2007.08.03 06:23:21.768,1.6322,1.6324,14.00,0.90
2007.08.03 06:23:22.195,1.6322,1.6324,14.00,0.50
2007.08.03 06:23:22.277,1.6322,1.6324,14.00,0.80
2007.08.03 06:23:22.293,1.6322,1.6324,14.00,0.90
2007.08.03 06:23:22.516,1.6322,1.6324,14.00,0.90
2007.08.03 06:23:22.703,1.6322,1.63245,14.00,40.60
2007.08.03 06:23:22.809,1.6322,1.63245,14.00,40.30
2007.08.03 06:23:23.132,1.6322,1.63245,14.00,30.70
2007.08.03 06:23:23.281,1.6322,1.63245,14.00,29.90
2007.08.03 06:23:23.629,1.6322,1.63245,14.00,29.10
2007.08.03 06:23:23.747,1.6322,1.6324,14.00,0.50
2007.08.03 06:23:23.767,1.6322,1.6324,25.90,0.80
2007.08.03 06:23:41.437,1.6322,1.6324,23.50,9.60
2007.08.03 06:23:49.157,1.6322,1.6324,31.50,9.60
2007.08.03 06:23:50.196,1.6322,1.6324,31.50,7.20
2007.08.03 06:23:51.414,1.6322,1.6324,27.50,7.20
2007.08.03 06:23:51.595,1.6322,1.6324,29.90,7.20
2007.08.03 06:23:51.731,1.6322,1.6324,29.90,9.60
2007.08.03 06:23:51.824,1.6322,1.6324,29.90,7.20
2007.08.03 06:23:52.708,1.6322,1.6324,32.30,7.20
2007.08.03 06:23:53.396,1.6322,1.6324,35.70,7.20
2007.08.03 06:23:53.422,1.6322,1.6324,38.90,4.00
2007.08.03 06:23:53.485,1.6322,1.6324,29.40,4.00
2007.08.03 06:23:53.942,1.6322,1.6324,30.20,4.00
2007.08.03 06:23:54.014,1.6322,1.6324,31.00,4.00
2007.08.03 06:23:54.017,1.6322,1.6324,31.80,4.00
2007.08.03 06:23:54.186,1.6322,1.6325,35.80,9.60
2007.08.03 06:23:59.084,1.6322,1.63255,35.80,12.80
2007.08.03 06:24:01.688,1.6323,1.6325,13.90,0.80
2007.08.03 06:24:01.838,1.6323,1.63255,14.70,12.80
2007.08.03 06:24:04.122,1.6323,1.63255,13.90,12.80
2007.08.03 06:24:04.166,1.6323,1.63255,11.90,12.80
2007.08.03 06:24:04.273,1.63225,1.63255,3.40,12.80
2007.08.03 06:24:04.404,1.6322,1.6326,45.90,37.50
2007.08.03 06:24:05.500,1.6322,1.6325,41.90,12.80
2007.08.03 06:24:05.706,1.6322,1.6324,45.30,0.80
2007.08.03 06:24:05.968,1.6322,1.6324,46.90,0.60
2007.08.03 06:24:06.035,1.6322,1.6325,47.70,9.60
2007.08.03 06:24:06.048,1.6322,1.6325,51.70,0.90
2007.08.03 06:24:06.874,1.6323,1.63255,2.40,10.40
2007.08.03 06:24:09.654,1.6323,1.63255,3.20,10.40
2007.08.03 06:24:09.769,1.6323,1.6325,22.70,0.90
2007.08.03 06:24:09.857,1.6323,1.63255,25.10,12.80
2007.08.03 06:24:09.873,1.6323,1.63255,29.10,12.80
2007.08.03 06:24:10.195,1.6324,1.6325,2.40,0.80
2007.08.03 06:24:10.407,1.6324,1.6325,2.40,0.50
2007.08.03 06:24:10.708,1.6324,1.6325,18.30,0.80
2007.08.03 06:24:10.716,1.6324,1.6325,20.70,0.50
2007.08.03 06:24:10.804,1.6324,1.6326,20.70,9.60
2007.08.03 06:24:11.198,1.6324,1.6327,20.70,46.90
2007.08.03 06:24:11.955,1.6324,1.6326,23.10,0.70
2007.08.03 06:24:22.315,1.6324,1.6327,19.10,38.10
2007.08.03 06:24:22.532,1.6324,1.6327,16.70,38.10
2007.08.03 06:24:22.731,1.6324,1.6327,14.30,40.10
2007.08.03 06:24:23.245,1.6324,1.6327,17.30,37.10
2007.08.03 06:24:23.294,1.63245,1.6326,3.40,0.90
2007.08.03 06:24:23.869,1.63245,1.6327,3.40,33.90
2007.08.03 06:24:24.197,1.63245,1.6327,3.40,33.90
2007.08.03 06:24:28.205,1.63245,1.6327,3.40,37.10
2007.08.03 06:24:39.220,1.63245,1.6326,3.40,0.70
2007.08.03 06:24:39.346,1.6324,1.6327,32.30,45.90
2007.08.03 06:24:39.740,1.6324,1.6327,32.30,46.70
2007.08.03 06:24:39.749,1.6324,1.6327,32.30,46.70
2007.08.03 06:24:41.101,1.6324,1.6327,33.10,46.70
2007.08.03 06:24:41.169,1.6324,1.6327,33.10,47.90
2007.08.03 06:24:41.209,1.6324,1.6327,33.10,43.90
2007.08.03 06:24:41.304,1.6324,1.6327,35.50,35.50
2007.08.03 06:24:41.379,1.63245,1.6327,3.40,32.30
2007.08.03 06:24:44.766,1.63245,1.6328,3.40,49.60
2007.08.03 06:24:44.817,1.63245,1.6328,3.40,45.90
2007.08.03 06:24:52.189,1.63245,1.6328,3.40,42.70
2007.08.03 06:24:53.823,1.63245,1.6328,3.40,45.10
2007.08.03 06:24:55.689,1.6325,1.6327,6.00,0.70
2007.08.03 06:24:55.706,1.6325,1.6328,9.20,41.10
2007.08.03 06:24:55.809,1.6325,1.6327,21.10,0.60
2007.08.03 06:24:56.823,1.6325,1.6327,20.30,10.40
2007.08.03 06:24:56.841,1.6325,1.6327,20.30,12.40
2007.08.03 06:24:56.942,1.6325,1.6327,22.70,10.00
2007.08.03 06:24:57.875,1.6325,1.6327,20.30,12.40
2007.08.03 06:24:59.193,1.6325,1.6327,21.10,11.60
2007.08.03 06:24:59.208,1.6325,1.6327,21.10,9.60
2007.08.03 06:24:59.427,1.6325,1.6327,17.10,9.60
2007.08.03 06:25:00.779,1.6325,1.6327,19.50,7.20
2007.08.03 06:25:01.484,1.6325,1.6327,22.70,4.00
2007.08.03 06:25:01.518,1.6325,1.6327,26.70,4.00
2007.08.03 06:25:01.555,1.63255,1.6327,3.40,4.00
2007.08.03 06:25:02.510,1.63255,1.6328,3.40,41.90
2007.08.03 06:25:02.713,1.6326,1.6328,2.40,39.50
2007.08.03 06:25:02.757,1.6326,1.6328,6.40,35.50
2007.08.03 06:25:02.970,1.6326,1.6328,7.20,35.50
2007.08.03 06:25:03.026,1.6326,1.6328,8.00,35.50
2007.08.03 06:25:03.100,1.6326,1.6328,8.80,35.50
2007.08.03 06:25:03.223,1.6326,1.6328,12.80,32.30
2007.08.03 06:25:03.264,1.6326,1.6328,12.80,24.30
2007.08.03 06:25:03.342,1.6326,1.6328,12.80,21.90
2007.08.03 06:25:03.684,1.6326,1.6328,14.80,21.90
2007.08.03 06:25:03.996,1.6326,1.6328,17.20,19.50
2007.08.03 06:25:06.269,1.6326,1.6328,20.20,19.50
2007.08.03 06:25:06.675,1.6326,1.6328,16.20,23.50
2007.08.03 06:25:07.125,1.6326,1.6328,17.00,22.70
2007.08.03 06:25:07.202,1.6326,1.6328,17.00,20.70
2007.08.03 06:25:07.223,1.6326,1.6328,20.40,20.70
2007.08.03 06:25:07.237,1.6327,1.6328,2.40,20.70
2007.08.03 06:25:07.298,1.6327,1.6328,2.40,4.80
2007.08.03 06:25:07.830,1.6327,1.6328,4.40,4.80
2007.08.03 06:25:08.075,1.6327,1.6328,4.40,0.80
2007.08.03 06:25:08.153,1.6327,1.6328,2.00,1.60
2007.08.03 06:25:08.353,1.6326,1.6328,41.70,1.60
2007.08.03 06:25:08.364,1.6326,1.6328,33.90,1.60
2007.08.03 06:25:09.055,1.6326,1.6328,29.90,5.60
2007.08.03 06:25:09.090,1.6326,1.6328,29.10,5.60
2007.08.03 06:25:10.221,1.6327,1.6328,2.40,4.00
2007.08.03 06:25:11.148,1.6327,1.6328,6.40,4.00
2007.08.03 06:25:11.250,1.6328,1.6329,2.40,5.60
2007.08.03 06:25:11.279,1.6328,1.6329,2.40,5.60
2007.08.03 06:25:11.869,1.6328,1.6329,5.20,4.80
2007.08.03 06:25:12.071,1.6328,1.633,5.20,19.60
2007.08.03 06:25:12.092,1.6328,1.633,5.20,23.60
2007.08.03 06:25:13.624,1.6328,1.633,3.20,23.60
2007.08.03 06:25:13.702,1.6327,1.6329,36.90,5.60
2007.08.03 06:25:13.718,1.6327,1.6329,33.50,5.60
2007.08.03 06:25:13.741,1.6327,1.6329,21.60,15.60
2007.08.03 06:25:13.838,1.6327,1.6329,13.60,15.60
2007.08.03 06:25:14.159,1.6327,1.6329,9.60,15.60
2007.08.03 06:25:14.496,1.6327,1.6329,5.60,19.60
2007.08.03 06:25:14.666,1.6327,1.6329,3.20,22.00
2007.08.03 06:25:16.175,1.6328,1.6329,1.60,22.00
2007.08.03 06:25:16.235,1.6328,1.6329,1.60,26.00
2007.08.03 06:25:16.334,1.6328,1.6329,1.60,18.00
2007.08.03 06:25:16.488,1.6328,1.6329,4.80,18.00
2007.08.03 06:25:16.708,1.6328,1.6329,4.80,17.20
2007.08.03 06:25:16.748,1.6328,1.6329,20.70,15.20
2007.08.03 06:25:16.786,1.6329,1.633,2.40,1.60
2007.08.03 06:25:16.924,1.6329,1.633,10.40,3.20
2007.08.03 06:25:17.149,1.6329,1.633,10.40,5.20
2007.08.03 06:25:17.202,1.6329,1.633,10.40,4.40
2007.08.03 06:25:17.661,1.6329,1.633,2.40,5.20
2007.08.03 06:25:17.717,1.6328,1.6329,42.30,4.00
2007.08.03 06:25:17.769,1.6328,1.6329,34.30,4.00
2007.08.03 06:25:17.816,1.6328,1.6329,31.90,4.00
2007.08.03 06:25:17.868,1.6328,1.6329,27.90,4.00
2007.08.03 06:25:18.189,1.6328,1.6329,26.30,4.00
2007.08.03 06:25:18.211,1.6328,1.633,30.30,9.20
2007.08.03 06:25:18.287,1.6328,1.633,30.30,5.20
2007.08.03 06:25:18.299,1.6328,1.633,30.30,2.80
2007.08.03 06:25:18.503,1.6328,1.633,29.50,3.60
2007.08.03 06:25:18.571,1.6328,1.633,25.50,7.60
2007.08.03 06:25:18.802,1.6328,1.633,25.50,10.00
2007.08.03 06:25:20.654,1.6328,1.633,26.30,10.00
2007.08.03 06:25:21.101,1.6328,1.633,35.10,10.00
2007.08.03 06:25:21.170,1.6328,1.633,35.90,10.00
2007.08.03 06:25:21.194,1.6329,1.633,8.00,10.00
2007.08.03 06:25:21.375,1.6329,1.633,10.40,9.20
2007.08.03 06:25:21.724,1.6329,1.633,2.40,6.80
2007.08.03 06:25:21.783,1.6328,1.633,40.90,7.60
2007.08.03 06:25:21.818,1.6328,1.633,44.90,7.60
2007.08.03 06:25:21.851,1.6328,1.633,41.50,7.60
2007.08.03 06:25:21.890,1.6328,1.633,39.10,7.60
2007.08.03 06:25:21.931,1.6328,1.633,37.50,7.60
2007.08.03 06:25:21.982,1.6328,1.633,41.50,3.60
2007.08.03 06:25:22.019,1.6328,1.633,40.70,3.60
2007.08.03 06:25:22.507,1.6328,1.633,36.70,7.60
2007.08.03 06:25:22.865,1.6328,1.633,34.30,10.00
2007.08.03 06:25:24.288,1.6328,1.633,34.30,14.00
2007.08.03 06:25:24.808,1.6328,1.633,26.30,14.00
2007.08.03 06:25:25.200,1.6328,1.633,23.10,14.00
2007.08.03 06:25:25.234,1.6328,1.633,15.10,10.00
2007.08.03 06:25:25.748,1.6328,1.633,3.20,21.90
2007.08.03 06:25:27.663,1.6328,1.633,5.60,21.90
2007.08.03 06:25:27.733,1.6328,1.633,9.60,21.90
2007.08.03 06:25:27.797,1.6328,1.633,13.00,21.90
2007.08.03 06:25:28.067,1.6328,1.633,9.60,21.90
2007.08.03 06:25:28.322,1.6328,1.633,13.00,21.90
2007.08.03 06:25:28.684,1.6328,1.633,13.80,21.90
2007.08.03 06:25:28.864,1.6328,1.633,15.80,21.90
2007.08.03 06:25:29.880,1.6329,1.633,2.00,0.80
2007.08.03 06:25:29.918,1.6329,1.633,4.40,0.80
2007.08.03 06:25:31.154,1.6329,1.633,4.40,4.00
2007.08.03 06:25:33.234,1.6329,1.633,4.40,3.20
2007.08.03 06:25:33.321,1.6329,1.633,7.80,3.20
2007.08.03 06:25:33.640,1.6329,1.633,8.60,3.20
2007.08.03 06:25:33.749,1.633,1.6331,7.20,10.40
2007.08.03 06:25:33.940,1.633,1.6331,0.80,10.40
2007.08.03 06:25:33.954,1.63295,1.6331,10.60,8.00
2007.08.03 06:25:34.045,1.63295,1.6331,10.60,7.20
2007.08.03 06:25:34.106,1.633,1.6331,2.90,3.20
2007.08.03 06:25:34.266,1.633,1.6332,0.70,27.50
2007.08.03 06:25:34.447,1.63295,1.6332,10.60,35.50
2007.08.03 06:25:34.673,1.63295,1.6332,12.60,35.50
2007.08.03 06:25:35.175,1.6329,1.6332,46.10,35.50
2007.08.03 06:25:35.278,1.6328,1.6332,59.70,35.50
2007.08.03 06:25:35.694,1.6329,1.6332,19.00,35.50
2007.08.03 06:25:35.709,1.6328,1.6332,60.10,35.50
2007.08.03 06:25:35.800,1.6328,1.6332,60.10,37.90
2007.08.03 06:25:35.811,1.6328,1.6332,55.10,33.90
2007.08.03 06:25:36.127,1.6328,1.6332,54.30,33.90
2007.08.03 06:25:36.711,1.6329,1.6332,16.30,29.90
2007.08.03 06:25:36.747,1.6328,1.6332,55.30,12.00
2007.08.03 06:25:36.817,1.6329,1.6332,20.70,9.60
2007.08.03 06:25:37.625,1.633,1.6332,1.40,9.60
2007.08.03 06:25:37.673,1.6329,1.6332,49.70,9.60
2007.08.03 06:25:37.732,1.633,1.6332,2.60,9.60
2007.08.03 06:25:37.784,1.6329,1.6332,41.30,9.60
2007.08.03 06:25:38.201,1.633,1.6332,25.90,9.60
2007.08.03 06:25:38.337,1.6331,1.6332,0.60,6.40
2007.08.03 06:25:38.414,1.633,1.6332,31.50,6.40
2007.08.03 06:25:38.746,1.63305,1.6332,22.50,6.40
2007.08.03 06:25:38.829,1.63305,1.6332,24.50,4.00
2007.08.03 06:25:39.140,1.6331,1.6332,11.10,4.00
2007.08.03 06:25:39.484,1.6331,1.6333,3.30,15.00
2007.08.03 06:25:40.178,1.63305,1.6333,25.30,17.00
2007.08.03 06:25:40.281,1.633,1.6333,37.10,20.20
2007.08.03 06:25:40.386,1.633,1.6333,37.10,18.60
2007.08.03 06:25:40.506,1.6331,1.6333,5.30,17.80
2007.08.03 06:25:40.713,1.6332,1.6333,1.20,12.60
2007.08.03 06:25:40.807,1.6332,1.6333,3.90,6.40
2007.08.03 06:25:41.111,1.6332,1.6333,6.50,6.40
2007.08.03 06:25:41.218,1.6331,1.6333,16.00,6.40
2007.08.03 06:25:41.333,1.6331,1.6333,19.40,6.40
2007.08.03 06:25:41.385,1.633,1.6333,36.60,6.40
2007.08.03 06:25:41.495,1.633,1.6333,36.60,6.40
2007.08.03 06:25:41.731,1.6331,1.6333,9.50,9.60
2007.08.03 06:25:41.817,1.633,1.6333,35.80,11.20
2007.08.03 06:25:41.837,1.6331,1.6333,1.80,14.40
2007.08.03 06:25:41.998,1.6331,1.6333,1.60,10.40
2007.08.03 06:25:42.118,1.63305,1.6333,9.80,10.40
2007.08.03 06:25:42.137,1.63305,1.6333,12.20,9.60
2007.08.03 06:25:42.236,1.63305,1.6333,20.20,9.60
2007.08.03 06:25:42.244,1.6331,1.6333,6.70,4.00
2007.08.03 06:25:42.331,1.6331,1.6334,10.90,12.80
2007.08.03 06:25:42.335,1.633,1.6334,39.80,9.60
2007.08.03 06:25:42.648,1.633,1.6334,39.80,12.60
2007.08.03 06:25:42.746,1.633,1.6334,38.20,20.60
2007.08.03 06:25:42.780,1.633,1.6334,38.20,23.00
2007.08.03 06:25:42.869,1.63305,1.6334,31.80,26.20
2007.08.03 06:25:42.883,1.6331,1.6334,14.40,26.20
2007.08.03 06:25:42.983,1.63305,1.6333,29.40,3.20
2007.08.03 06:25:43.379,1.633,1.6333,38.20,3.20
2007.08.03 06:25:43.537,1.6331,1.6333,11.90,7.20
2007.08.03 06:25:43.690,1.6331,1.6333,43.30,7.20
2007.08.03 06:25:43.715,1.6332,1.6333,16.80,4.00
2007.08.03 06:25:43.789,1.6332,1.6333,12.40,4.00
2007.08.03 06:25:43.809,1.6332,1.6333,9.40,4.00
2007.08.03 06:25:44.008,1.6332,1.6334,6.90,6.40
2007.08.03 06:25:44.108,1.6333,1.6334,0.80,6.40
2007.08.03 06:25:44.220,1.6334,1.6335,0.80,35.70
2007.08.03 06:25:44.527,1.6333,1.6334,0.80,6.40
2007.08.03 06:25:44.698,1.6333,1.63335,0.80,3.20
2007.08.03 06:25:44.743,1.6332,1.6333,0.80,3.20
2007.08.03 06:25:44.934,1.6331,1.6333,12.10,3.20
2007.08.03 06:25:45.497,1.633,1.6333,46.10,7.20
2007.08.03 06:25:45.676,1.6331,1.6333,33.10,7.20
2007.08.03 06:25:45.771,1.63315,1.6333,13.80,7.20
2007.08.03 06:25:46.395,1.6332,1.6333,4.90,4.00
2007.08.03 06:25:46.475,1.63315,1.6334,13.80,41.50
2007.08.03 06:25:47.717,1.63315,1.6333,14.60,3.20
2007.08.03 06:25:48.040,1.6332,1.6333,4.20,4.00
2007.08.03 06:25:48.132,1.6331,1.6333,30.20,4.80
2007.08.03 06:25:48.144,1.6331,1.6333,38.10,13.60
2007.08.03 06:25:48.248,1.6332,1.6333,1.20,45.50
2007.08.03 06:25:48.333,1.633,1.6332,38.40,4.80
2007.08.03 06:25:48.666,1.633,1.6332,36.40,4.80
2007.08.03 06:25:48.747,1.633,1.6332,36.40,4.00
2007.08.03 06:25:49.125,1.63305,1.6332,18.20,4.00
2007.08.03 06:25:49.161,1.63305,1.6333,18.20,21.50
2007.08.03 06:25:49.189,1.6331,1.6333,4.90,20.70
2007.08.03 06:25:49.400,1.63305,1.6333,15.80,23.10
2007.08.03 06:25:49.678,1.6331,1.6333,16.40,22.30
2007.08.03 06:25:49.827,1.6332,1.6333,2.60,10.40
2007.08.03 06:25:50.193,1.6332,1.6333,2.20,6.40
2007.08.03 06:25:50.230,1.63315,1.6333,25.70,6.40
2007.08.03 06:25:50.492,1.63315,1.6333,25.70,2.40
2007.08.03 06:25:50.704,1.63315,1.6333,28.10,2.40
2007.08.03 06:25:50.742,1.6332,1.6334,5.70,24.40
2007.08.03 06:25:51.103,1.63315,1.6334,28.90,24.40
2007.08.03 06:25:51.211,1.6332,1.6334,8.20,20.40
2007.08.03 06:25:51.267,1.63315,1.6334,35.70,10.40
2007.08.03 06:25:51.678,1.63315,1.6334,31.70,17.40
2007.08.03 06:25:51.728,1.6332,1.6334,8.00,19.80
2007.08.03 06:25:51.891,1.63315,1.6334,34.10,17.40
2007.08.03 06:25:51.938,1.6331,1.6334,48.50,20.60
2007.08.03 06:25:52.133,1.6331,1.6334,47.70,20.60
2007.08.03 06:25:52.301,1.6332,1.6333,2.40,4.00
2007.08.03 06:25:52.310,1.6332,1.6333,1.10,4.00
2007.08.03 06:25:52.333,1.6331,1.6333,33.90,4.00
2007.08.03 06:25:52.922,1.63305,1.6333,37.30,4.00
2007.08.03 06:25:53.183,1.63305,1.6333,33.30,8.00
2007.08.03 06:25:54.698,1.63305,1.6333,30.90,8.00
2007.08.03 06:25:55.813,1.63305,1.6333,28.50,10.40
2007.08.03 06:25:56.790,1.633,1.6333,48.10,10.40
2007.08.03 06:25:57.310,1.6331,1.6333,8.00,10.40
2007.08.03 06:25:57.853,1.6331,1.6333,7.80,10.40
2007.08.03 06:25:58.015,1.633,1.6333,48.10,6.40
2007.08.03 06:25:58.205,1.6331,1.6333,6.50,2.40
2007.08.03 06:25:58.293,1.6331,1.6333,23.40,2.40
2007.08.03 06:25:58.306,1.633,1.6333,59.70,2.40
2007.08.03 06:25:58.610,1.6331,1.6334,21.10,10.40
2007.08.03 06:26:00.160,1.633,1.6334,59.70,13.40
2007.08.03 06:26:00.656,1.6331,1.6334,3.60,16.60
2007.08.03 06:26:00.672,1.633,1.6333,59.70,3.00
2007.08.03 06:26:00.759,1.633,1.6333,59.70,7.00
2007.08.03 06:26:00.793,1.6331,1.6333,16.00,7.00
2007.08.03 06:26:00.930,1.633,1.6333,50.90,7.00
2007.08.03 06:26:01.260,1.6331,1.6333,31.50,11.00
2007.08.03 06:26:01.920,1.6331,1.6333,31.50,13.40
2007.08.03 06:26:07.749,1.6331,1.6333,31.50,10.40
2007.08.03 06:26:11.152,1.6331,1.6333,31.50,18.40
2007.08.03 06:26:11.202,1.6331,1.6333,31.50,20.80
2007.08.03 06:26:11.277,1.6331,1.6333,31.50,23.80
2007.08.03 06:26:11.698,1.6331,1.6333,31.50,15.80
2007.08.03 06:26:11.728,1.6331,1.6333,29.10,13.40
2007.08.03 06:26:11.791,1.6331,1.6333,9.20,27.30
2007.08.03 06:26:11.827,1.6331,1.6333,6.80,27.30
2007.08.03 06:26:12.018,1.6331,1.6333,2.80,31.30
2007.08.03 06:26:12.032,1.6331,1.6333,2.80,32.10
2007.08.03 06:26:12.069,1.6331,1.6333,2.80,32.90
2007.08.03 06:26:12.231,1.6331,1.6333,2.80,33.70
2007.08.03 06:26:12.289,1.6331,1.6333,2.80,34.50
2007.08.03 06:26:12.636,1.6331,1.6333,2.80,33.70
2007.08.03 06:26:12.702,1.6331,1.6333,2.80,32.90
2007.08.03 06:26:14.008,1.6331,1.6332,2.80,4.00
2007.08.03 06:26:19.085,1.6331,1.6332,2.00,4.00
2007.08.03 06:26:19.192,1.6331,1.6332,2.00,7.20
2007.08.03 06:26:19.235,1.633,1.6332,41.90,15.20
2007.08.03 06:26:19.767,1.633,1.6332,37.90,17.20
2007.08.03 06:26:19.850,1.633,1.6332,34.70,21.20
2007.08.03 06:26:20.050,1.633,1.6332,32.30,21.20
2007.08.03 06:26:21.022,1.633,1.6332,29.90,23.60
2007.08.03 06:26:22.142,1.633,1.6333,29.90,37.00
2007.08.03 06:26:22.905,1.633,1.6332,21.90,0.60
2007.08.03 06:26:24.719,1.633,1.63325,21.90,20.80
2007.08.03 06:26:24.756,1.633,1.6332,21.90,0.80
2007.08.03 06:26:24.859,1.633,1.6332,24.30,0.50
2007.08.03 06:26:24.932,1.633,1.6332,28.30,0.60
2007.08.03 06:26:25.145,1.633,1.6332,24.30,0.50
2007.08.03 06:26:25.578,1.633,1.6332,24.30,0.80
2007.08.03 06:26:27.888,1.633,1.63325,24.30,17.60
2007.08.03 06:26:28.172,1.633,1.6332,24.30,0.60
2007.08.03 06:26:29.205,1.633,1.6332,24.30,0.90
2007.08.03 06:26:29.722,1.633,1.6333,26.70,47.90
2007.08.03 06:26:29.812,1.633,1.63325,26.70,18.40
2007.08.03 06:26:29.851,1.633,1.6332,14.80,0.90
2007.08.03 06:26:29.921,1.633,1.63325,10.80,38.30
2007.08.03 06:26:30.016,1.633,1.6332,8.40,0.50
2007.08.03 06:26:30.223,1.633,1.63325,8.40,35.90
2007.08.03 06:26:30.340,1.633,1.63325,20.30,12.00
2007.08.03 06:26:30.532,1.633,1.6332,20.30,0.60
2007.08.03 06:26:30.747,1.633,1.6332,28.30,0.80
2007.08.03 06:26:30.833,1.633,1.6332,30.70,0.60
2007.08.03 06:26:30.838,1.633,1.6332,32.30,0.80
2007.08.03 06:26:31.141,1.633,1.6333,35.50,13.60
2007.08.03 06:26:31.782,1.633,1.6332,37.90,0.80
2007.08.03 06:26:32.717,1.633,1.6333,37.90,22.20
2007.08.03 06:26:32.830,1.633,1.6333,37.90,30.20
2007.08.03 06:26:33.237,1.633,1.63325,14.80,23.10
2007.08.03 06:26:33.858,1.633,1.6333,12.40,41.40
2007.08.03 06:26:35.736,1.633,1.6333,32.30,21.60
2007.08.03 06:26:35.784,1.633,1.6333,35.50,21.60
2007.08.03 06:26:36.957,1.633,1.6333,37.90,13.60
2007.08.03 06:26:37.733,1.633,1.6333,37.90,19.20
2007.08.03 06:26:37.796,1.633,1.63325,37.90,20.60
2007.08.03 06:26:38.317,1.633,1.63325,18.00,32.50
2007.08.03 06:26:38.481,1.633,1.6332,14.80,0.90
2007.08.03 06:26:38.616,1.633,1.63325,12.40,36.50
2007.08.03 06:26:39.360,1.633,1.63325,8.40,36.50
2007.08.03 06:26:39.396,1.633,1.63325,6.00,36.50
2007.08.03 06:26:39.600,1.633,1.63325,6.00,37.30
2007.08.03 06:26:39.769,1.633,1.6332,6.00,0.80
2007.08.03 06:26:40.191,1.633,1.63325,6.00,44.30
2007.08.03 06:26:42.156,1.633,1.6332,3.60,0.70
2007.08.03 06:26:42.861,1.633,1.63325,3.60,39.30
2007.08.03 06:26:42.929,1.633,1.6333,3.60,50.50
2007.08.03 06:26:43.518,1.633,1.6331,3.60,0.90
2007.08.03 06:26:43.699,1.6329,1.6331,42.70,0.70
2007.08.03 06:26:43.898,1.6329,1.63315,46.70,17.60
2007.08.03 06:26:44.005,1.6329,1.63315,45.90,17.60
2007.08.03 06:26:44.016,1.6329,1.63315,43.90,17.60
2007.08.03 06:26:44.118,1.6329,1.63315,39.90,27.20
2007.08.03 06:26:44.228,1.6329,1.633,2.40,23.90
2007.08.03 06:26:44.552,1.6328,1.6329,4.00,0.80
2007.08.03 06:26:45.000,1.6327,1.633,7.40,42.70
2007.08.03 06:26:45.157,1.6327,1.6331,9.80,55.20
2007.08.03 06:26:45.268,1.6327,1.6331,24.80,37.30
2007.08.03 06:26:45.287,1.63275,1.6331,3.40,37.30
2007.08.03 06:26:45.665,1.63275,1.633,3.40,0.60
2007.08.03 06:26:45.976,1.63275,1.633,3.40,0.60
2007.08.03 06:26:47.381,1.6328,1.633,0.80,0.60
2007.08.03 06:26:47.732,1.6329,1.633,3.20,0.90
2007.08.03 06:26:47.767,1.6329,1.633,13.20,0.60
2007.08.03 06:26:47.830,1.6329,1.633,13.20,0.50
2007.08.03 06:26:48.153,1.6329,1.6331,12.40,27.40
2007.08.03 06:26:48.239,1.6329,1.633,12.40,0.90
2007.08.03 06:26:48.278,1.6329,1.6331,10.40,28.40
2007.08.03 06:26:48.499,1.6329,1.633,10.40,0.50
2007.08.03 06:26:48.773,1.6329,1.6331,10.40,33.20
2007.08.03 06:26:49.671,1.6328,1.6329,35.30,0.80
2007.08.03 06:26:49.722,1.6328,1.6329,15.20,0.50
2007.08.03 06:26:49.767,1.6328,1.6329,12.80,0.80
2007.08.03 06:26:49.819,1.6328,1.633,4.80,37.10
2007.08.03 06:26:50.136,1.6328,1.633,4.00,37.90
2007.08.03 06:26:50.229,1.6328,1.633,4.00,29.90
2007.08.03 06:26:50.557,1.63275,1.6329,3.40,15.10
2007.08.03 06:26:50.761,1.63275,1.6329,3.40,17.10
2007.08.03 06:26:52.659,1.6328,1.6329,2.40,17.10
2007.08.03 06:26:52.727,1.6328,1.6329,10.40,15.10
2007.08.03 06:26:52.757,1.6328,1.6329,13.80,15.10
2007.08.03 06:26:53.142,1.6328,1.6329,14.60,15.10
2007.08.03 06:26:53.177,1.6329,1.633,2.40,20.70
2007.08.03 06:26:53.254,1.6329,1.633,22.30,8.80
2007.08.03 06:26:53.269,1.6329,1.633,25.70,8.80
2007.08.03 06:26:53.281,1.6329,1.633,25.70,8.80
2007.08.03 06:26:53.356,1.6329,1.633,29.70,8.80
2007.08.03 06:26:53.385,1.6329,1.633,32.10,6.40
2007.08.03 06:26:53.501,1.6329,1.633,32.10,2.40
2007.08.03 06:26:53.680,1.6329,1.633,32.90,2.40
2007.08.03 06:26:53.775,1.6329,1.633,34.90,2.40
2007.08.03 06:26:53.877,1.6329,1.6331,34.90,7.20
2007.08.03 06:26:54.046,1.6329,1.6331,38.90,3.20
2007.08.03 06:26:54.102,1.6329,1.6331,38.10,3.20
2007.08.03 06:26:54.180,1.6329,1.6331,36.10,3.20
2007.08.03 06:26:54.289,1.6329,1.6331,39.10,3.20
2007.08.03 06:26:54.820,1.63295,1.6331,3.40,3.20
2007.08.03 06:26:55.364,1.6329,1.6331,24.70,3.20
2007.08.03 06:26:55.926,1.6329,1.6331,30.30,5.60
2007.08.03 06:26:56.247,1.6329,1.6331,42.30,5.60
2007.08.03 06:26:56.256,1.633,1.6331,2.40,2.40
2007.08.03 06:26:56.658,1.633,1.6332,2.40,41.50
2007.08.03 06:26:56.733,1.633,1.6332,5.80,41.50
2007.08.03 06:26:57.482,1.633,1.6332,2.40,41.50
2007.08.03 06:26:58.017,1.633,1.6332,6.40,37.50
2007.08.03 06:26:58.479,1.633,1.6332,2.40,41.50
2007.08.03 06:26:59.682,1.63295,1.6332,3.40,41.50
2007.08.03 06:26:59.780,1.63295,1.6332,3.40,35.90
2007.08.03 06:27:00.194,1.633,1.6331,2.40,3.20
2007.08.03 06:27:00.207,1.633,1.6331,10.40,3.20
2007.08.03 06:27:00.327,1.633,1.6331,13.80,3.20
2007.08.03 06:27:00.391,1.633,1.6332,13.80,43.90
2007.08.03 06:27:00.407,1.633,1.6332,13.80,35.90
2007.08.03 06:27:00.711,1.633,1.6332,29.70,16.00
2007.08.03 06:27:00.802,1.633,1.6332,29.70,13.60
2007.08.03 06:27:00.914,1.633,1.6332,29.70,9.60
2007.08.03 06:27:01.632,1.633,1.6332,32.10,7.20
2007.08.03 06:27:01.788,1.633,1.6332,36.10,3.20
2007.08.03 06:27:02.245,1.6331,1.6333,2.40,38.70
2007.08.03 06:27:02.271,1.6331,1.6333,14.40,34.70
2007.08.03 06:27:02.376,1.6331,1.6333,14.40,26.70
2007.08.03 06:27:02.659,1.6331,1.6333,14.40,25.90
2007.08.03 06:27:02.671,1.6331,1.6333,14.40,23.90
2007.08.03 06:27:02.785,1.6331,1.6333,26.30,12.00
2007.08.03 06:27:02.868,1.6331,1.6333,26.30,9.60
2007.08.03 06:27:02.998,1.6331,1.6333,29.70,9.60
2007.08.03 06:27:03.202,1.6331,1.6333,17.80,21.50
2007.08.03 06:27:03.231,1.6331,1.6333,14.40,21.50
2007.08.03 06:27:03.301,1.6331,1.6333,14.40,25.50
2007.08.03 06:27:03.389,1.6331,1.6333,14.40,27.90
2007.08.03 06:27:03.608,1.6331,1.6333,18.40,23.90
2007.08.03 06:27:03.694,1.6331,1.6333,18.40,26.30
2007.08.03 06:27:03.701,1.6331,1.6333,14.40,22.40
2007.08.03 06:27:03.802,1.6331,1.6332,14.40,3.20
2007.08.03 06:27:03.997,1.6331,1.6332,10.40,3.20
2007.08.03 06:27:04.921,1.6331,1.6332,10.40,4.00
2007.08.03 06:27:05.169,1.6331,1.6332,2.40,4.00
2007.08.03 06:27:05.243,1.633,1.6332,36.90,4.00
2007.08.03 06:27:05.443,1.633,1.6332,36.10,4.00
2007.08.03 06:27:05.535,1.633,1.6332,36.10,3.20
2007.08.03 06:27:05.745,1.633,1.6332,36.10,14.40
2007.08.03 06:27:05.792,1.633,1.6332,32.10,14.40
2007.08.03 06:27:05.840,1.633,1.6332,28.70,14.40
2007.08.03 06:27:05.901,1.633,1.6332,26.30,16.80
2007.08.03 06:27:06.355,1.633,1.6332,26.30,17.60
2007.08.03 06:27:06.524,1.633,1.6332,14.40,29.50
2007.08.03 06:27:06.543,1.633,1.6332,10.40,33.50
2007.08.03 06:27:06.664,1.633,1.6332,10.40,29.50
2007.08.03 06:27:06.735,1.633,1.6332,26.30,9.60
2007.08.03 06:27:06.876,1.633,1.6332,29.70,9.60
2007.08.03 06:27:07.495,1.633,1.6332,33.70,5.60
2007.08.03 06:27:07.687,1.633,1.6332,33.70,9.60
2007.08.03 06:27:07.733,1.633,1.6332,17.80,23.50
2007.08.03 06:27:07.853,1.633,1.6332,20.20,21.10
2007.08.03 06:27:07.884,1.633,1.6332,16.80,21.10
2007.08.03 06:27:08.136,1.633,1.6332,12.80,25.10
2007.08.03 06:27:08.780,1.633,1.6332,10.40,27.50
2007.08.03 06:27:10.695,1.633,1.6332,8.00,27.50
2007.08.03 06:27:10.768,1.63295,1.6332,3.40,27.50
2007.08.03 06:27:11.324,1.63295,1.6332,3.40,0.70
2007.08.03 06:27:11.489,1.63295,1.6332,3.40,0.90
2007.08.03 06:27:11.514,1.63295,1.6331,3.40,0.70
2007.08.03 06:27:21.409,1.6329,1.6332,39.70,43.50
2007.08.03 06:27:24.155,1.6329,1.6332,38.90,47.50
2007.08.03 06:27:24.223,1.6329,1.6331,35.50,0.60
2007.08.03 06:27:24.243,1.6329,1.6332,31.60,42.70
2007.08.03 06:27:24.249,1.6329,1.6332,29.20,42.70
2007.08.03 06:27:24.659,1.6329,1.6331,29.20,0.70
2007.08.03 06:27:24.762,1.6329,1.6331,29.20,0.90
2007.08.03 06:27:24.882,1.6329,1.6331,26.80,0.50
2007.08.03 06:27:25.598,1.6329,1.6332,22.80,45.90
2007.08.03 06:27:26.213,1.6329,1.6331,14.80,0.70
2007.08.03 06:27:27.037,1.6329,1.6331,14.00,0.90
2007.08.03 06:27:27.068,1.6329,1.6332,13.20,45.90
2007.08.03 06:27:27.118,1.6329,1.6331,12.40,0.90
2007.08.03 06:27:28.180,1.6329,1.6331,4.40,0.70
2007.08.03 06:27:30.639,1.6329,1.63315,2.00,37.90
2007.08.03 06:27:30.663,1.63285,1.63315,3.40,37.90
2007.08.03 06:27:30.703,1.6328,1.6331,51.10,0.70
2007.08.03 06:27:30.736,1.6328,1.6331,47.90,34.70
2007.08.03 06:27:30.779,1.6328,1.633,32.40,0.90
2007.08.03 06:27:30.983,1.63285,1.6331,3.40,42.70
2007.08.03 06:27:32.227,1.6328,1.6331,31.60,42.70
2007.08.03 06:27:33.791,1.6328,1.6331,31.60,34.70
2007.08.03 06:27:33.946,1.6328,1.6331,25.80,41.10
2007.08.03 06:27:34.704,1.6328,1.633,23.40,0.80
2007.08.03 06:27:35.272,1.6328,1.6331,19.40,41.90
2007.08.03 06:27:37.117,1.6328,1.6331,18.60,41.90
2007.08.03 06:27:37.203,1.6328,1.63305,16.60,44.30
2007.08.03 06:27:37.212,1.6328,1.633,16.60,44.30
2007.08.03 06:27:37.322,1.6328,1.633,8.60,44.30
2007.08.03 06:27:37.639,1.6328,1.6329,9.40,0.50
2007.08.03 06:27:37.711,1.6328,1.6329,11.40,0.80
2007.08.03 06:27:37.731,1.6328,1.633,11.40,0.70
2007.08.03 06:27:37.820,1.6328,1.63305,19.40,28.30
2007.08.03 06:27:38.117,1.6328,1.633,19.40,0.80
2007.08.03 06:27:38.739,1.6328,1.6329,17.40,2.00
2007.08.03 06:27:38.864,1.6328,1.6329,9.40,2.00
2007.08.03 06:27:39.062,1.6328,1.6329,8.60,5.20
2007.08.03 06:27:44.544,1.6328,1.6329,7.80,5.20
2007.08.03 06:27:44.642,1.6328,1.6329,7.00,5.20
2007.08.03 06:27:44.722,1.6328,1.6329,3.00,6.00
2007.08.03 06:27:45.172,1.6327,1.6329,37.70,6.00
2007.08.03 06:27:45.647,1.6327,1.6329,38.50,5.20
2007.08.03 06:27:45.678,1.6327,1.6329,26.60,21.10
2007.08.03 06:27:45.844,1.6327,1.6329,26.60,23.50
2007.08.03 06:27:46.009,1.6327,1.6329,25.80,23.50
2007.08.03 06:27:46.044,1.6327,1.6329,25.00,23.50
2007.08.03 06:27:46.106,1.6327,1.6329,23.40,25.10
2007.08.03 06:27:46.702,1.6327,1.6329,22.60,28.30
2007.08.03 06:27:46.726,1.6327,1.6328,22.60,2.00
2007.08.03 06:27:46.809,1.6327,1.6328,22.60,2.80
2007.08.03 06:27:47.398,1.6327,1.6328,19.20,2.80
2007.08.03 06:27:47.630,1.6327,1.6328,19.20,6.00
2007.08.03 06:27:47.875,1.6327,1.6328,16.80,6.00
2007.08.03 06:27:48.182,1.6327,1.6328,18.80,4.00
2007.08.03 06:27:48.241,1.6327,1.6328,18.80,3.20
2007.08.03 06:27:48.354,1.6327,1.6329,18.80,38.30
2007.08.03 06:27:48.390,1.6327,1.6329,18.80,28.30
2007.08.03 06:27:48.460,1.6327,1.6329,22.20,28.30
2007.08.03 06:27:48.588,1.6326,1.6329,41.20,28.30
2007.08.03 06:27:48.647,1.6326,1.6329,42.00,27.50
2007.08.03 06:27:48.837,1.6326,1.6329,40.40,25.10
2007.08.03 06:27:49.135,1.6326,1.6329,35.60,25.10
2007.08.03 06:27:49.296,1.6326,1.6329,35.60,29.10
2007.08.03 06:27:49.555,1.6326,1.6329,35.60,25.10
2007.08.03 06:27:49.686,1.6326,1.6329,34.80,28.30
2007.08.03 06:27:49.853,1.6326,1.6329,34.80,36.30
2007.08.03 06:27:49.883,1.6326,1.6328,34.80,0.80
2007.08.03 06:27:49.947,1.6327,1.6328,2.30,2.80
2007.08.03 06:27:50.276,1.6327,1.6328,1.90,0.80
2007.08.03 06:27:50.291,1.6327,1.6328,3.10,4.00
2007.08.03 06:27:50.549,1.6326,1.6328,30.00,4.00
2007.08.03 06:27:50.878,1.6326,1.6328,30.00,4.00
2007.08.03 06:27:50.973,1.6327,1.6328,3.40,4.00
2007.08.03 06:27:51.010,1.6327,1.6328,4.60,4.00
2007.08.03 06:27:51.058,1.6326,1.6328,28.80,4.00
2007.08.03 06:27:52.028,1.6327,1.6328,1.90,4.00
2007.08.03 06:27:53.700,1.6326,1.6328,26.40,6.40
2007.08.03 06:27:53.795,1.6326,1.6328,29.80,14.40
2007.08.03 06:27:54.097,1.6326,1.6328,15.30,14.40
2007.08.03 06:27:54.205,1.6325,1.6327,35.40,3.20
2007.08.03 06:27:54.394,1.63255,1.6327,9.80,3.20
2007.08.03 06:27:54.733,1.63255,1.6327,9.80,21.10
2007.08.03 06:27:54.842,1.63255,1.6327,7.40,21.10
2007.08.03 06:27:55.498,1.63245,1.6327,19.40,25.10
2007.08.03 06:27:55.665,1.63245,1.6327,19.40,23.10
2007.08.03 06:27:55.772,1.63245,1.6327,19.40,7.20
2007.08.03 06:27:55.847,1.6325,1.6327,3.70,4.00
2007.08.03 06:27:55.972,1.6324,1.6327,44.80,4.00
2007.08.03 06:27:56.203,1.63255,1.6327,1.90,4.00
2007.08.03 06:27:56.503,1.63265,1.6328,1.80,6.40
2007.08.03 06:27:56.743,1.6325,1.6328,35.20,6.40
2007.08.03 06:27:56.787,1.6326,1.6328,0.70,6.40
2007.08.03 06:27:57.501,1.6326,1.6328,2.10,2.40
2007.08.03 06:27:57.815,1.6325,1.6328,30.20,2.40
2007.08.03 06:27:57.913,1.6326,1.6329,2.30,13.60
2007.08.03 06:27:58.247,1.6326,1.6329,3.80,13.60
2007.08.03 06:27:58.647,1.6326,1.6329,0.80,13.60
2007.08.03 06:27:58.753,1.6326,1.6329,8.90,13.60
2007.08.03 06:27:58.774,1.6326,1.6329,12.60,13.60
2007.08.03 06:27:58.872,1.6326,1.6329,27.20,13.60
2007.08.03 06:27:59.114,1.6326,1.6329,31.20,13.60
2007.08.03 06:27:59.278,1.63265,1.6329,1.50,9.60
2007.08.03 06:27:59.365,1.6326,1.6329,37.60,7.20
2007.08.03 06:27:59.418,1.6326,1.6329,37.60,7.20
2007.08.03 06:27:59.691,1.6326,1.6329,37.60,19.20
2007.08.03 06:27:59.781,1.6326,1.6329,38.40,21.60
2007.08.03 06:27:59.794,1.6326,1.6329,38.40,21.60
2007.08.03 06:28:00.182,1.6326,1.6328,38.40,3.20
2007.08.03 06:28:00.213,1.6326,1.6328,34.40,3.20
2007.08.03 06:28:00.387,1.6326,1.6329,35.20,29.50
2007.08.03 06:28:00.417,1.6326,1.6329,43.10,13.60
2007.08.03 06:28:00.503,1.6326,1.6329,43.10,9.60
2007.08.03 06:28:00.702,1.6326,1.6329,39.90,12.80
2007.08.03 06:28:00.826,1.6326,1.6329,42.90,26.80
2007.08.03 06:28:00.948,1.6327,1.6329,9.10,26.80
2007.08.03 06:28:01.004,1.6326,1.6329,42.90,26.80
2007.08.03 06:28:01.060,1.6326,1.6329,42.90,26.80
2007.08.03 06:28:01.112,1.6326,1.6329,42.90,26.00
2007.08.03 06:28:01.213,1.6327,1.6329,5.30,30.00
2007.08.03 06:28:01.219,1.6326,1.6329,46.10,30.00
2007.08.03 06:28:01.254,1.6327,1.6329,9.70,30.00
2007.08.03 06:28:01.303,1.6327,1.6329,9.30,27.60
2007.08.03 06:28:01.372,1.6326,1.6329,44.60,23.60
2007.08.03 06:28:01.509,1.6327,1.6329,8.00,19.60
2007.08.03 06:28:01.930,1.6326,1.6329,43.80,19.60
2007.08.03 06:28:02.039,1.6327,1.6329,15.00,19.60
2007.08.03 06:28:02.055,1.6326,1.6329,43.80,19.60
2007.08.03 06:28:02.068,1.6327,1.6329,11.90,19.60
2007.08.03 06:28:02.337,1.63265,1.6329,31.00,19.60
2007.08.03 06:28:02.650,1.63265,1.6329,27.80,20.40
2007.08.03 06:28:02.694,1.63265,1.6329,17.80,20.40
2007.08.03 06:28:02.786,1.63265,1.6329,9.80,20.40
2007.08.03 06:28:03.065,1.6327,1.6328,2.60,3.20
2007.08.03 06:28:03.498,1.6327,1.6328,1.40,3.20
2007.08.03 06:28:03.840,1.63265,1.6328,1.30,3.20
2007.08.03 06:28:11.204,1.6327,1.6328,0.70,3.20
2007.08.03 06:28:12.731,1.63265,1.6329,8.80,9.60
2007.08.03 06:28:12.827,1.63265,1.6329,12.80,9.60
2007.08.03 06:28:12.848,1.6326,1.6329,34.40,9.60
2007.08.03 06:28:13.787,1.6326,1.6329,34.40,7.20
2007.08.03 06:28:16.174,1.6327,1.6329,19.20,3.20
2007.08.03 06:28:21.332,1.63275,1.6329,3.40,3.20
2007.08.03 06:28:21.344,1.63275,1.633,3.40,29.50
2007.08.03 06:28:21.373,1.63275,1.633,3.40,9.60
2007.08.03 06:28:21.750,1.6328,1.633,2.40,9.60
2007.08.03 06:28:21.806,1.6328,1.633,6.40,9.60
2007.08.03 06:28:21.831,1.6328,1.633,9.80,9.60
2007.08.03 06:28:22.156,1.6328,1.633,7.40,9.60
2007.08.03 06:28:22.371,1.6328,1.633,4.00,9.60
2007.08.03 06:28:22.438,1.63275,1.633,3.40,9.60
2007.08.03 06:28:22.478,1.6328,1.633,4.00,5.60
2007.08.03 06:28:22.670,1.6328,1.633,7.20,5.60
2007.08.03 06:28:22.771,1.6328,1.633,9.20,5.60
2007.08.03 06:28:22.782,1.6328,1.633,10.00,5.60
2007.08.03 06:28:22.883,1.6328,1.633,16.40,5.60
2007.08.03 06:28:23.501,1.6328,1.633,12.40,9.60
2007.08.03 06:28:23.627,1.6328,1.633,11.60,9.60
2007.08.03 06:28:23.720,1.6328,1.633,9.60,9.60
2007.08.03 06:28:23.735,1.6328,1.633,6.40,9.60
2007.08.03 06:28:23.828,1.6328,1.633,2.40,9.60
2007.08.03 06:28:24.134,1.63275,1.633,3.40,9.60
2007.08.03 06:28:26.875,1.6327,1.633,46.30,9.60
2007.08.03 06:28:27.626,1.63275,1.633,5.80,9.60
2007.08.03 06:28:27.745,1.63275,1.633,8.80,9.60
2007.08.03 06:28:27.782,1.6327,1.633,47.70,9.60
2007.08.03 06:28:27.953,1.6328,1.633,5.20,9.60
2007.08.03 06:28:28.561,1.6328,1.633,8.50,5.60
2007.08.03 06:28:28.712,1.6328,1.633,12.80,5.60
2007.08.03 06:28:28.801,1.6327,1.633,41.60,5.60
2007.08.03 06:28:28.866,1.6327,1.633,44.00,5.60
2007.08.03 06:28:29.858,1.6327,1.633,44.80,3.20
2007.08.03 06:28:32.350,1.63285,1.633,1.50,3.20
2007.08.03 06:28:32.885,1.6328,1.633,5.60,3.20
2007.08.03 06:28:33.095,1.6327,1.633,36.40,3.20
2007.08.03 06:28:33.205,1.6328,1.6331,30.00,37.50
2007.08.03 06:28:33.312,1.6329,1.6331,1.40,39.90
2007.08.03 06:28:33.329,1.6328,1.6331,28.40,12.00
2007.08.03 06:28:33.412,1.6328,1.6331,29.20,12.00
2007.08.03 06:28:33.673,1.6329,1.6331,1.90,12.00
2007.08.03 06:28:33.718,1.63285,1.6331,13.00,8.80
2007.08.03 06:28:33.825,1.6329,1.6331,0.50,6.40
2007.08.03 06:28:33.865,1.6329,1.6331,5.20,6.40
2007.08.03 06:28:33.916,1.6328,1.6331,37.20,6.40
2007.08.03 06:28:33.928,1.6329,1.6331,6.00,6.40
2007.08.03 06:28:34.080,1.6329,1.6331,3.80,6.40
2007.08.03 06:28:34.450,1.6329,1.6331,2.40,6.40
2007.08.03 06:28:34.741,1.6329,1.6331,8.80,6.40
2007.08.03 06:28:34.828,1.63285,1.6331,19.40,4.00
2007.08.03 06:28:35.034,1.6329,1.6331,1.70,4.00
2007.08.03 06:28:35.242,1.6329,1.6331,1.70,7.20
2007.08.03 06:28:35.257,1.6328,1.6331,17.20,7.20
2007.08.03 06:28:35.506,1.63285,1.6331,8.20,4.00
2007.08.03 06:28:36.121,1.6329,1.6331,0.60,6.40
2007.08.03 06:28:36.852,1.63285,1.6331,1.70,12.00
2007.08.03 06:28:37.677,1.6329,1.6331,6.40,12.00
2007.08.03 06:28:38.388,1.6329,1.6331,37.80,9.60
2007.08.03 06:28:38.482,1.6329,1.6331,37.80,6.40
2007.08.03 06:28:38.800,1.6329,1.6331,37.80,4.00
2007.08.03 06:28:40.018,1.633,1.6332,1.20,38.50
2007.08.03 06:28:47.240,1.633,1.6332,1.20,37.90
2007.08.03 06:28:50.726,1.633,1.6332,1.20,37.10
2007.08.03 06:28:50.743,1.6329,1.6332,42.60,36.30
2007.08.03 06:28:50.939,1.6329,1.6332,54.50,28.30
2007.08.03 06:28:50.978,1.63295,1.6332,6.60,27.50
2007.08.03 06:28:54.271,1.63295,1.6332,6.60,35.50
2007.08.03 06:28:54.995,1.633,1.6332,1.80,36.30
2007.08.03 06:28:55.019,1.6329,1.6332,54.50,37.10
2007.08.03 06:28:55.152,1.6329,1.6332,54.50,37.90
2007.08.03 06:28:55.753,1.633,1.6332,0.90,28.30
2007.08.03 06:28:55.780,1.6329,1.6332,54.50,27.50
2007.08.03 06:28:56.313,1.6329,1.6332,54.50,35.50
2007.08.03 06:28:56.827,1.6329,1.6332,54.50,27.50
2007.08.03 06:28:57.214,1.633,1.6331,0.80,3.20
2007.08.03 06:28:57.717,1.63295,1.6331,2.10,3.20
2007.08.03 06:29:09.926,1.6329,1.6331,2.70,3.20
2007.08.03 06:29:10.665,1.6328,1.6331,52.30,5.60
2007.08.03 06:29:18.709,1.6329,1.6331,31.70,5.60
2007.08.03 06:29:18.775,1.6329,1.6331,32.50,5.60
2007.08.03 06:29:19.778,1.6329,1.6331,34.90,3.20
2007.08.03 06:29:22.628,1.633,1.6331,2.40,3.20
2007.08.03 06:29:22.798,1.633,1.6331,10.40,3.20
2007.08.03 06:29:23.150,1.633,1.6331,8.00,3.20
2007.08.03 06:29:23.235,1.63295,1.6331,3.40,3.20
2007.08.03 06:29:23.506,1.6329,1.6331,37.30,3.20
2007.08.03 06:29:23.770,1.63295,1.6331,3.40,3.20
2007.08.03 06:29:24.295,1.6329,1.6331,37.30,3.20
2007.08.03 06:29:24.706,1.633,1.6331,2.40,3.20
2007.08.03 06:29:24.817,1.633,1.6331,10.40,3.20
2007.08.03 06:29:25.224,1.633,1.6331,2.40,3.20
2007.08.03 06:29:25.347,1.6329,1.6331,34.90,3.20
2007.08.03 06:29:25.462,1.6329,1.6331,33.30,3.20
2007.08.03 06:29:26.691,1.633,1.6331,2.40,3.20
2007.08.03 06:29:26.708,1.633,1.6331,10.40,3.20
2007.08.03 06:29:27.777,1.633,1.6331,2.40,3.20
2007.08.03 06:29:27.798,1.6329,1.6331,31.70,3.20
2007.08.03 06:29:27.888,1.6329,1.6331,30.90,3.20
2007.08.03 06:29:30.968,1.63295,1.6331,3.40,3.20
2007.08.03 06:29:31.738,1.6329,1.6331,30.90,3.20
2007.08.03 06:29:31.877,1.6329,1.6331,34.90,3.20
2007.08.03 06:29:40.618,1.6329,1.6331,36.90,3.20
2007.08.03 06:29:40.745,1.6329,1.6331,36.10,3.20
2007.08.03 06:29:40.832,1.6329,1.6331,32.10,3.20
2007.08.03 06:29:41.892,1.6329,1.6331,29.70,5.60
2007.08.03 06:29:42.178,1.6329,1.6331,27.30,5.60
2007.08.03 06:29:42.225,1.6329,1.6331,23.30,5.60
2007.08.03 06:29:42.316,1.6329,1.6331,19.30,5.60
2007.08.03 06:29:42.433,1.6329,1.6331,7.40,5.60
2007.08.03 06:29:43.210,1.6329,1.6331,7.40,8.00
2007.08.03 06:29:43.304,1.6329,1.6331,4.00,12.00
2007.08.03 06:29:43.839,1.6329,1.6331,4.00,8.00
2007.08.03 06:29:43.856,1.6329,1.6331,4.00,5.60
2007.08.03 06:29:44.889,1.63285,1.6331,3.40,9.60
2007.08.03 06:29:45.179,1.63285,1.6331,3.40,12.00
2007.08.03 06:29:45.208,1.63285,1.6331,3.40,16.00
2007.08.03 06:29:45.356,1.6328,1.6331,48.70,16.00
2007.08.03 06:29:45.384,1.6328,1.633,45.50,3.20
2007.08.03 06:29:45.412,1.6328,1.633,33.60,3.20
2007.08.03 06:29:46.377,1.6328,1.633,30.20,3.20
2007.08.03 06:29:46.736,1.6328,1.633,34.10,3.20
2007.08.03 06:29:46.847,1.6328,1.633,38.10,3.20
2007.08.03 06:29:47.079,1.6328,1.633,34.10,7.20
2007.08.03 06:29:47.438,1.63285,1.633,3.40,7.20
2007.08.03 06:29:47.950,1.6328,1.633,35.90,7.20
2007.08.03 06:29:48.006,1.6328,1.633,35.10,7.20
2007.08.03 06:29:48.143,1.6329,1.633,2.40,7.20
2007.08.03 06:29:48.233,1.6329,1.633,10.40,7.20
2007.08.03 06:29:48.448,1.6329,1.633,14.40,7.20
2007.08.03 06:29:48.504,1.6329,1.633,14.40,3.20
2007.08.03 06:29:48.553,1.6329,1.6331,14.40,30.70
2007.08.03 06:29:48.655,1.6329,1.6331,14.40,24.70
2007.08.03 06:29:48.666,1.6329,1.6331,14.40,23.90
2007.08.03 06:29:48.707,1.6329,1.6331,17.80,23.90
2007.08.03 06:29:48.761,1.6329,1.6331,17.80,21.50
2007.08.03 06:29:48.782,1.6329,1.6331,29.70,9.60
2007.08.03 06:29:49.544,1.6329,1.6331,33.70,5.60
2007.08.03 06:29:51.803,1.6329,1.6331,30.30,5.60
2007.08.03 06:29:51.817,1.6329,1.6331,26.30,5.60
2007.08.03 06:29:52.162,1.6329,1.6331,23.90,5.60
2007.08.03 06:29:52.269,1.6329,1.6331,23.90,8.00
2007.08.03 06:29:52.337,1.6329,1.6331,15.90,11.00
2007.08.03 06:29:52.366,1.6329,1.6331,15.90,14.20
2007.08.03 06:29:52.455,1.6329,1.6331,4.00,34.10
2007.08.03 06:29:53.902,1.6328,1.633,36.70,5.60
2007.08.03 06:29:53.975,1.6328,1.633,17.60,24.70
2007.08.03 06:29:54.144,1.6328,1.633,15.20,27.10
2007.08.03 06:29:54.206,1.6328,1.633,11.20,31.10
2007.08.03 06:29:55.671,1.6328,1.633,3.20,31.10
2007.08.03 06:29:55.682,1.6328,1.633,0.80,31.10
2007.08.03 06:29:55.775,1.6328,1.633,0.80,34.10
2007.08.03 06:29:56.314,1.6328,1.633,0.80,37.30
2007.08.03 06:29:56.715,1.6328,1.633,12.00,32.70
2007.08.03 06:29:56.821,1.6328,1.633,12.00,24.70
2007.08.03 06:29:56.880,1.6328,1.633,12.00,21.50
2007.08.03 06:29:57.485,1.6328,1.633,23.90,9.60
2007.08.03 06:29:57.678,1.6328,1.633,27.90,9.60
2007.08.03 06:29:57.756,1.6328,1.633,31.30,9.60
2007.08.03 06:29:57.781,1.6328,1.633,35.30,9.60
2007.08.03 06:29:58.532,1.6328,1.633,39.30,5.60
2007.08.03 06:29:58.782,1.6328,1.633,39.30,3.20
2007.08.03 06:30:01.750,1.6329,1.633,3.40,3.20
2007.08.03 06:30:01.769,1.6329,1.633,5.80,3.20
2007.08.03 06:30:01.785,1.6329,1.633,17.80,3.20
2007.08.03 06:30:01.983,1.6329,1.633,21.80,3.20
2007.08.03 06:30:02.369,1.6329,1.6331,21.80,28.20
2007.08.03 06:30:02.407,1.6329,1.6331,33.70,8.30
2007.08.03 06:30:02.785,1.6329,1.6331,33.70,9.60
2007.08.03 06:30:03.036,1.6329,1.6331,33.70,7.20
2007.08.03 06:30:03.262,1.63295,1.6331,3.40,7.20
2007.08.03 06:30:04.429,1.63295,1.6331,3.40,4.00
2007.08.03 06:30:06.709,1.633,1.6331,2.40,4.00
2007.08.03 06:30:06.791,1.633,1.6331,4.00,4.00
2007.08.03 06:30:06.906,1.633,1.6331,7.40,4.00
2007.08.03 06:30:07.318,1.633,1.6331,3.40,4.00
2007.08.03 06:30:07.470,1.63295,1.6331,3.40,4.00
2007.08.03 06:30:08.161,1.63295,1.6331,3.40,0.70
2007.08.03 06:30:09.220,1.633,1.6331,2.40,0.60
2007.08.03 06:30:09.242,1.633,1.6331,14.40,0.90
2007.08.03 06:30:09.341,1.633,1.6332,17.80,31.10
2007.08.03 06:30:09.474,1.633,1.6331,21.80,0.50
2007.08.03 06:30:09.614,1.633,1.6332,25.00,27.10
2007.08.03 06:30:09.720,1.633,1.6332,25.80,19.10
2007.08.03 06:30:09.765,1.633,1.6332,27.80,19.10
2007.08.03 06:30:09.931,1.633,1.6332,28.60,19.10
2007.08.03 06:30:10.281,1.633,1.6333,28.60,35.50
2007.08.03 06:30:10.364,1.633,1.6333,25.20,38.70
2007.08.03 06:30:10.401,1.633,1.6332,21.20,0.70
2007.08.03 06:30:10.671,1.633,1.6333,25.20,37.90
2007.08.03 06:30:10.689,1.633,1.6333,19.20,37.90
2007.08.03 06:30:10.754,1.633,1.6333,16.00,38.70
2007.08.03 06:30:10.808,1.633,1.6333,8.00,40.70
2007.08.03 06:30:10.846,1.633,1.6332,7.20,0.70
2007.08.03 06:30:12.166,1.633,1.6332,19.20,0.80
2007.08.03 06:30:12.259,1.633,1.6333,27.20,38.70
2007.08.03 06:30:12.385,1.633,1.6333,30.40,38.70
2007.08.03 06:30:12.789,1.633,1.6333,22.40,38.70
2007.08.03 06:30:13.018,1.633,1.6333,24.40,38.70
2007.08.03 06:30:14.507,1.633,1.6332,20.40,0.70
2007.08.03 06:30:17.934,1.633,1.6333,20.40,37.90
2007.08.03 06:30:20.600,1.633,1.6332,21.20,0.70
2007.08.03 06:30:20.981,1.633,1.6332,25.20,0.70
2007.08.03 06:30:21.272,1.633,1.6333,28.60,36.30
2007.08.03 06:30:21.409,1.633,1.6333,29.40,36.30
2007.08.03 06:30:21.509,1.633,1.6333,30.20,36.30
2007.08.03 06:30:21.553,1.633,1.6333,31.00,36.30
2007.08.03 06:30:21.811,1.633,1.6333,31.00,37.90
2007.08.03 06:30:22.555,1.633,1.6332,27.60,0.50
2007.08.03 06:30:23.002,1.6331,1.6332,1.60,0.60
2007.08.03 06:30:23.023,1.6331,1.6332,1.60,0.60
2007.08.03 06:30:23.053,1.6331,1.6332,3.20,0.50
2007.08.03 06:30:23.062,1.6331,1.6333,4.00,41.10
2007.08.03 06:30:23.214,1.6331,1.6333,6.40,35.50
2007.08.03 06:30:23.279,1.6331,1.6332,14.40,0.90
2007.08.03 06:30:23.362,1.6331,1.6334,14.40,49.50
2007.08.03 06:30:23.394,1.6331,1.6334,14.40,49.50
2007.08.03 06:30:23.502,1.6331,1.6332,14.40,0.80
2007.08.03 06:30:23.687,1.6331,1.6332,14.40,0.80
2007.08.03 06:30:24.005,1.6331,1.6333,13.60,45.10
2007.08.03 06:30:24.045,1.6331,1.6332,12.80,0.90
2007.08.03 06:30:24.114,1.6331,1.6332,14.40,0.80
2007.08.03 06:30:24.153,1.6331,1.6333,15.20,47.50
2007.08.03 06:30:24.233,1.6332,1.6333,8.00,19.00
2007.08.03 06:30:24.263,1.6332,1.6333,13.60,11.00
2007.08.03 06:30:24.347,1.6332,1.6333,17.60,7.70
2007.08.03 06:30:24.664,1.6332,1.6333,4.00,5.80
2007.08.03 06:30:24.769,1.6332,1.6334,4.00,0.90
2007.08.03 06:30:24.864,1.6332,1.63345,4.00,7.60
2007.08.03 06:30:24.984,1.6332,1.63345,4.00,5.60
2007.08.03 06:30:25.503,1.6332,1.6334,4.00,0.50
2007.08.03 06:30:26.207,1.6332,1.63345,6.40,9.60
2007.08.03 06:30:26.247,1.6332,1.6334,18.40,0.70
2007.08.03 06:30:26.303,1.6332,1.63345,20.80,9.60
2007.08.03 06:30:26.351,1.6332,1.6334,24.80,0.90
2007.08.03 06:30:26.681,1.6332,1.63345,16.80,33.50
2007.08.03 06:30:26.723,1.6332,1.6334,14.40,0.70
2007.08.03 06:30:26.731,1.6332,1.6334,14.40,0.50
2007.08.03 06:30:27.100,1.6332,1.6334,14.40,0.50
2007.08.03 06:30:27.120,1.6332,1.6335,14.40,53.00
2007.08.03 06:30:27.219,1.6332,1.6333,14.40,0.90
2007.08.03 06:30:27.504,1.6332,1.6334,14.40,36.30
2007.08.03 06:30:31.211,1.6332,1.6334,12.00,38.70
2007.08.03 06:30:31.278,1.6332,1.6334,4.00,36.30
2007.08.03 06:30:31.808,1.6332,1.6333,4.00,0.60
2007.08.03 06:30:32.128,1.6332,1.6333,4.00,0.90
2007.08.03 06:30:32.228,1.6332,1.6333,3.20,0.90
2007.08.03 06:30:32.886,1.6332,1.6334,3.20,31.70
2007.08.03 06:30:33.309,1.6332,1.63335,0.80,9.20
2007.08.03 06:30:33.339,1.6332,1.6333,0.80,0.50
2007.08.03 06:30:33.707,1.6332,1.6334,0.80,37.30
2007.08.03 06:30:33.881,1.6332,1.63335,0.80,10.00
2007.08.03 06:30:33.904,1.6332,1.63335,0.80,12.40
2007.08.03 06:30:33.919,1.6331,1.6333,31.10,0.70
2007.08.03 06:30:34.046,1.6331,1.63335,29.50,13.20
2007.08.03 06:30:34.152,1.6331,1.63335,29.50,21.20
2007.08.03 06:30:34.219,1.6331,1.6332,26.30,0.50
2007.08.03 06:30:34.273,1.6331,1.6333,2.40,30.80
2007.08.03 06:30:34.328,1.633,1.6332,38.20,0.50
2007.08.03 06:30:34.366,1.633,1.6332,37.30,0.90
2007.08.03 06:30:34.392,1.633,1.6332,33.90,0.80
2007.08.03 06:30:34.770,1.633,1.6332,33.90,0.80
2007.08.03 06:30:34.815,1.633,1.6332,33.90,0.60
2007.08.03 06:30:34.908,1.633,1.63325,33.90,11.60
2007.08.03 06:30:35.181,1.633,1.6333,33.90,29.20
2007.08.03 06:30:35.229,1.633,1.6333,29.90,29.20
2007.08.03 06:30:35.294,1.633,1.6332,33.30,0.60
2007.08.03 06:30:35.415,1.633,1.6332,29.30,10.40
2007.08.03 06:30:35.455,1.633,1.6332,29.30,9.60
2007.08.03 06:30:35.576,1.63305,1.6332,3.40,9.60
2007.08.03 06:30:35.713,1.63305,1.6332,3.40,7.20
2007.08.03 06:30:36.188,1.6331,1.6332,2.40,7.20
2007.08.03 06:30:36.251,1.6331,1.6332,10.40,7.20
2007.08.03 06:30:36.522,1.6331,1.6332,10.40,3.20
2007.08.03 06:30:36.982,1.6331,1.6332,14.40,3.20
2007.08.03 06:30:37.306,1.6331,1.6333,14.40,14.80
2007.08.03 06:30:38.737,1.6331,1.6333,12.00,14.80
2007.08.03 06:30:38.754,1.63305,1.6333,3.40,14.80
2007.08.03 06:30:39.004,1.633,1.6333,49.90,14.80
2007.08.03 06:30:40.325,1.63305,1.6333,3.40,14.80
2007.08.03 06:30:40.679,1.6331,1.6333,7.00,14.80
2007.08.03 06:30:40.695,1.6331,1.6333,9.40,14.80
2007.08.03 06:30:41.003,1.6331,1.6333,11.00,14.80
2007.08.03 06:30:41.005,1.6331,1.6333,10.20,14.80
2007.08.03 06:30:41.092,1.6331,1.6333,11.00,14.00
2007.08.03 06:30:41.103,1.6331,1.6333,11.80,14.00
2007.08.03 06:30:41.299,1.6331,1.6333,19.80,14.00
2007.08.03 06:30:41.314,1.6331,1.6333,19.80,11.60
2007.08.03 06:30:41.620,1.6331,1.6333,22.20,10.00
2007.08.03 06:30:42.120,1.6331,1.6333,23.00,9.20
2007.08.03 06:30:42.640,1.6331,1.6333,22.20,10.00
2007.08.03 06:30:42.959,1.6331,1.6333,21.40,10.00
2007.08.03 06:30:42.979,1.6331,1.6333,19.80,10.00
2007.08.03 06:30:43.078,1.6331,1.6333,13.80,10.00
2007.08.03 06:30:43.186,1.6331,1.6333,6.80,14.00
2007.08.03 06:30:43.275,1.6331,1.6333,6.80,17.20
2007.08.03 06:30:43.628,1.6331,1.6333,4.40,17.20
2007.08.03 06:30:43.813,1.6331,1.6333,4.40,14.00
2007.08.03 06:30:44.058,1.6331,1.6333,4.40,14.80
2007.08.03 06:30:44.170,1.6331,1.6332,4.40,8.00
2007.08.03 06:30:44.288,1.6331,1.6332,4.40,8.80
2007.08.03 06:30:44.349,1.633,1.6332,48.90,8.80
2007.08.03 06:30:44.694,1.633,1.6332,32.00,12.80
2007.08.03 06:30:44.715,1.6331,1.6332,1.40,16.00
2007.08.03 06:30:44.788,1.633,1.6332,37.90,16.00
2007.08.03 06:30:44.794,1.6331,1.6332,1.10,16.80
2007.08.03 06:30:45.109,1.6331,1.6332,0.50,18.80
2007.08.03 06:30:45.221,1.63295,1.6332,35.70,18.00
2007.08.03 06:30:45.228,1.633,1.6332,3.60,6.00
2007.08.03 06:30:45.316,1.63295,1.6332,38.10,6.00
2007.08.03 06:30:45.335,1.63295,1.6332,34.10,6.00
2007.08.03 06:30:45.509,1.633,1.6332,10.80,6.00
2007.08.03 06:30:45.569,1.633,1.6332,12.30,10.00
2007.08.03 06:30:45.638,1.633,1.6332,32.50,10.00
2007.08.03 06:30:46.148,1.6331,1.6332,1.50,9.20
2007.08.03 06:30:46.198,1.633,1.6332,36.50,7.20
2007.08.03 06:30:46.662,1.633,1.6332,33.30,7.20
2007.08.03 06:30:46.723,1.633,1.6332,1.60,7.20
2007.08.03 06:30:46.879,1.63295,1.6332,32.90,7.20
2007.08.03 06:30:46.998,1.63295,1.6332,35.30,7.20
2007.08.03 06:30:47.029,1.633,1.6332,14.50,3.20
2007.08.03 06:30:47.044,1.63295,1.6332,43.30,3.20
2007.08.03 06:30:47.163,1.633,1.6332,36.70,3.20
2007.08.03 06:30:47.177,1.6331,1.6333,1.40,37.10
2007.08.03 06:30:47.318,1.633,1.6333,35.20,29.10
2007.08.03 06:30:47.402,1.633,1.6333,38.60,25.90
2007.08.03 06:30:47.694,1.6331,1.6333,3.20,28.30
2007.08.03 06:30:47.732,1.6331,1.6332,1.70,8.00
2007.08.03 06:30:48.204,1.633,1.6332,51.10,8.80
2007.08.03 06:30:48.223,1.6331,1.6332,3.80,12.80
2007.08.03 06:30:48.595,1.633,1.6332,47.10,14.80
2007.08.03 06:30:54.677,1.6331,1.6332,4.80,14.00
2007.08.03 06:30:54.700,1.633,1.6332,52.70,6.00
2007.08.03 06:30:55.334,1.633,1.6332,52.10,4.00
2007.08.03 06:30:55.511,1.633,1.6333,55.30,29.90
2007.08.03 06:30:57.110,1.633,1.6333,54.50,30.70
2007.08.03 06:30:57.205,1.633,1.6332,53.50,8.00
2007.08.03 06:30:57.234,1.633,1.6332,53.50,8.80
2007.08.03 06:30:57.829,1.6331,1.6332,1.20,10.80
2007.08.03 06:30:58.160,1.633,1.6332,46.10,14.80
2007.08.03 06:31:10.770,1.6331,1.6332,3.50,17.20
2007.08.03 06:31:11.165,1.633,1.6332,32.70,17.20
2007.08.03 06:31:11.203,1.63295,1.6332,25.70,22.80
2007.08.03 06:31:11.272,1.633,1.6332,0.90,34.70
2007.08.03 06:31:11.297,1.6329,1.6332,10.70,34.70
2007.08.03 06:31:15.537,1.6329,1.6332,33.50,42.70
2007.08.03 06:31:15.598,1.6329,1.6332,30.30,42.70
2007.08.03 06:31:15.695,1.6329,1.6331,30.30,3.20
2007.08.03 06:31:18.189,1.633,1.6331,2.40,3.20
2007.08.03 06:31:18.227,1.633,1.6331,13.40,3.20
2007.08.03 06:31:18.453,1.633,1.6331,17.40,3.20
2007.08.03 06:31:18.484,1.633,1.6332,17.40,34.70
2007.08.03 06:31:19.692,1.633,1.6332,17.40,24.70
2007.08.03 06:31:19.725,1.633,1.6332,20.80,24.70
2007.08.03 06:31:19.796,1.633,1.6332,20.80,12.80
2007.08.03 06:31:19.999,1.633,1.6332,24.80,8.80
2007.08.03 06:31:20.363,1.633,1.6332,28.00,2.40
2007.08.03 06:31:20.843,1.633,1.6333,30.40,12.00
2007.08.03 06:31:23.814,1.63305,1.6333,3.40,12.00
2007.08.03 06:31:24.319,1.6331,1.6333,3.40,12.00
2007.08.03 06:31:24.659,1.6332,1.6333,14.00,12.00
2007.08.03 06:31:24.664,1.6332,1.6333,17.20,8.80
2007.08.03 06:31:24.776,1.6332,1.6333,17.20,6.40
2007.08.03 06:31:25.171,1.6332,1.6333,17.20,9.60
2007.08.03 06:31:25.179,1.6332,1.6333,11.20,9.60
2007.08.03 06:31:25.661,1.6332,1.6333,11.20,5.60
2007.08.03 06:31:25.708,1.6332,1.6333,11.20,7.60
2007.08.03 06:31:25.824,1.6332,1.6333,11.20,5.20
2007.08.03 06:31:26.600,1.6332,1.6333,11.20,9.20
2007.08.03 06:31:27.211,1.6332,1.6333,8.80,9.20
2007.08.03 06:31:27.279,1.6332,1.6333,0.80,9.20
2007.08.03 06:31:27.785,1.6332,1.6333,0.80,11.60
2007.08.03 06:31:29.161,1.6332,1.6333,2.80,9.60
2007.08.03 06:31:29.190,1.6332,1.6333,2.80,6.40
2007.08.03 06:31:29.665,1.6332,1.6333,2.80,4.00
2007.08.03 06:31:34.212,1.6332,1.6333,0.80,7.20
2007.08.03 06:31:34.625,1.6332,1.6333,0.80,9.60
2007.08.03 06:31:34.743,1.6332,1.6333,0.80,11.60
2007.08.03 06:31:35.271,1.6332,1.6333,0.80,31.50
2007.08.03 06:31:35.365,1.6331,1.6333,13.20,31.50
2007.08.03 06:31:35.461,1.6331,1.6332,13.20,3.20
2007.08.03 06:31:35.662,1.6331,1.6332,10.80,3.20
2007.08.03 06:31:35.676,1.6331,1.6332,8.80,3.20
2007.08.03 06:31:35.786,1.6331,1.6332,0.80,3.20
2007.08.03 06:31:36.099,1.633,1.6332,35.10,3.20
2007.08.03 06:31:36.379,1.633,1.6332,31.70,3.20
2007.08.03 06:31:36.696,1.633,1.6332,32.50,3.20
2007.08.03 06:31:36.790,1.633,1.6332,34.90,3.20
2007.08.03 06:31:37.096,1.633,1.6332,30.90,7.20
2007.08.03 06:31:37.343,1.633,1.6332,34.30,7.20
2007.08.03 06:31:38.218,1.633,1.6332,38.30,3.20
2007.08.03 06:31:39.140,1.633,1.6332,38.30,4.00
2007.08.03 06:31:39.201,1.633,1.6332,32.30,12.00
2007.08.03 06:31:39.248,1.633,1.6332,32.30,14.40
2007.08.03 06:31:39.295,1.633,1.6332,28.40,26.30
2007.08.03 06:31:39.343,1.633,1.6332,26.00,26.30
2007.08.03 06:31:39.357,1.633,1.6332,22.60,26.30
2007.08.03 06:31:39.714,1.633,1.6332,22.60,28.30
2007.08.03 06:31:40.652,1.633,1.6332,24.60,28.30
2007.08.03 06:31:40.669,1.633,1.6332,23.80,28.30
2007.08.03 06:31:40.755,1.633,1.6332,15.80,28.30
2007.08.03 06:31:40.766,1.633,1.6332,15.80,30.70
2007.08.03 06:31:41.169,1.633,1.6332,23.80,30.70
2007.08.03 06:31:41.696,1.633,1.6332,15.80,30.70
2007.08.03 06:31:41.910,1.633,1.6332,13.40,33.10
2007.08.03 06:31:43.325,1.633,1.6332,9.40,37.10
2007.08.03 06:31:43.341,1.633,1.6332,6.40,37.10
2007.08.03 06:31:43.430,1.633,1.6331,2.40,3.20
2007.08.03 06:31:43.736,1.633,1.6332,3.20,42.70
2007.08.03 06:31:43.760,1.633,1.6332,21.20,34.70
2007.08.03 06:31:45.650,1.633,1.6332,3.00,34.70
2007.08.03 06:31:45.770,1.6329,1.6332,39.10,34.70
2007.08.03 06:31:46.188,1.633,1.6332,5.80,34.70
2007.08.03 06:31:46.314,1.6329,1.6332,45.50,34.70
2007.08.03 06:31:46.830,1.63295,1.6332,27.60,32.30
2007.08.03 06:31:48.295,1.633,1.6332,10.40,32.30
2007.08.03 06:31:48.743,1.63295,1.6332,27.20,32.30
2007.08.03 06:31:48.803,1.63295,1.6332,27.20,34.70
2007.08.03 06:31:48.835,1.63295,1.6332,19.20,38.70
2007.08.03 06:31:49.158,1.633,1.6332,12.30,38.70
2007.08.03 06:31:49.255,1.63295,1.6331,24.20,8.00
2007.08.03 06:31:49.360,1.63295,1.6331,16.20,8.00
2007.08.03 06:31:49.691,1.6329,1.6331,36.90,8.00
2007.08.03 06:31:49.717,1.6329,1.6331,32.90,10.40
2007.08.03 06:31:49.898,1.6328,1.6331,53.70,10.40
2007.08.03 06:31:50.072,1.6328,1.6331,53.70,10.40
2007.08.03 06:31:50.412,1.6328,1.6331,48.90,22.30
2007.08.03 06:31:50.434,1.6328,1.6331,48.90,25.50
2007.08.03 06:31:50.640,1.6329,1.6331,14.10,23.10
2007.08.03 06:31:50.739,1.6328,1.6331,48.90,17.50
2007.08.03 06:31:50.875,1.6328,1.6331,48.90,17.50
2007.08.03 06:31:51.222,1.6328,1.6331,48.90,21.50
2007.08.03 06:31:51.381,1.6328,1.6331,50.50,9.60
2007.08.03 06:31:51.797,1.6328,1.6331,50.50,7.20
2007.08.03 06:31:51.886,1.6329,1.6331,31.30,7.20
2007.08.03 06:31:52.079,1.6329,1.6331,35.30,3.20
2007.08.03 06:31:52.718,1.6329,1.6331,4.00,3.20
2007.08.03 06:31:52.736,1.63285,1.6331,30.50,17.10
2007.08.03 06:31:53.153,1.63285,1.6331,32.10,17.10
2007.08.03 06:31:53.223,1.633,1.6331,1.40,17.10
2007.08.03 06:31:53.244,1.6329,1.6331,36.10,5.20
2007.08.03 06:31:53.507,1.6329,1.6331,32.10,9.20
2007.08.03 06:31:54.518,1.6329,1.6331,36.10,5.20
2007.08.03 06:31:55.682,1.6329,1.6331,36.90,3.20
2007.08.03 06:31:57.836,1.633,1.6331,0.50,3.20
2007.08.03 06:31:58.201,1.6329,1.6331,39.30,3.20
2007.08.03 06:31:58.255,1.633,1.6332,3.50,36.30
2007.08.03 06:31:58.294,1.6329,1.6332,48.10,28.30
2007.08.03 06:31:58.368,1.633,1.6332,10.00,28.30
2007.08.03 06:31:58.456,1.63295,1.6332,28.60,25.90
2007.08.03 06:31:58.562,1.633,1.6332,14.20,21.90
2007.08.03 06:31:58.745,1.633,1.6332,29.20,10.00
2007.08.03 06:31:58.765,1.633,1.6332,34.80,10.00
2007.08.03 06:31:58.838,1.6331,1.6332,4.70,7.60
2007.08.03 06:31:59.089,1.633,1.6332,26.80,11.60
2007.08.03 06:31:59.155,1.633,1.6332,30.00,10.00
2007.08.03 06:31:59.256,1.633,1.6332,30.00,18.00
2007.08.03 06:31:59.680,1.633,1.6332,33.40,18.00
2007.08.03 06:31:59.776,1.633,1.6332,37.40,29.90
2007.08.03 06:31:59.822,1.633,1.6332,3.90,32.30
2007.08.03 06:31:59.897,1.63295,1.6332,31.80,32.30
2007.08.03 06:32:00.101,1.63295,1.6332,28.60,32.30
2007.08.03 06:32:00.217,1.633,1.6332,2.20,28.30
2007.08.03 06:32:00.499,1.63295,1.6332,28.60,32.30
2007.08.03 06:32:01.983,1.633,1.6332,27.60,32.30
2007.08.03 06:32:02.007,1.633,1.6332,30.00,32.30
2007.08.03 06:32:02.186,1.6331,1.6332,3.90,29.90
2007.08.03 06:32:02.212,1.6331,1.6332,3.40,29.90
2007.08.03 06:32:02.228,1.6331,1.6332,4.10,27.90
2007.08.03 06:32:02.334,1.633,1.6332,34.00,8.00
2007.08.03 06:32:02.377,1.633,1.6332,34.00,7.20
2007.08.03 06:32:03.165,1.633,1.6332,41.40,7.20
2007.08.03 06:32:04.392,1.633,1.6332,45.40,3.20
2007.08.03 06:32:04.446,1.6332,1.6333,1.20,8.40
2007.08.03 06:32:04.553,1.6332,1.6333,5.60,8.00
2007.08.03 06:32:04.763,1.6331,1.6333,35.60,9.20
2007.08.03 06:32:05.688,1.6331,1.6333,28.40,9.20
2007.08.03 06:32:05.701,1.6331,1.6333,12.30,13.20
2007.08.03 06:32:05.807,1.6331,1.6333,3.40,13.20
2007.08.03 06:32:05.990,1.633,1.6333,36.20,13.20
2007.08.03 06:32:06.022,1.6331,1.6333,8.30,13.20
2007.08.03 06:32:06.092,1.633,1.6333,39.40,13.20
2007.08.03 06:32:06.120,1.6331,1.6333,7.30,13.20
2007.08.03 06:32:06.230,1.6331,1.6333,11.50,9.20
2007.08.03 06:32:06.984,1.63305,1.6333,25.40,9.20
2007.08.03 06:32:07.115,1.633,1.6333,39.80,9.20
2007.08.03 06:32:07.130,1.6331,1.6333,6.00,9.20
2007.08.03 06:32:07.208,1.6331,1.6333,22.00,9.20
2007.08.03 06:32:07.236,1.6331,1.6333,26.00,9.20
2007.08.03 06:32:08.264,1.6331,1.6333,20.40,9.20
2007.08.03 06:32:08.886,1.6332,1.6333,0.80,11.60
2007.08.03 06:32:10.297,1.6331,1.6333,2.80,11.60
2007.08.03 06:32:10.710,1.633,1.6333,32.20,11.60
2007.08.03 06:32:10.782,1.633,1.6333,34.60,11.60
2007.08.03 06:32:10.914,1.63305,1.6332,8.20,2.40
2007.08.03 06:32:10.958,1.63305,1.6332,8.20,6.40
2007.08.03 06:32:11.207,1.63305,1.6332,15.40,6.40
2007.08.03 06:32:11.226,1.63305,1.6332,17.80,6.40
2007.08.03 06:32:11.300,1.63305,1.6332,17.80,2.40
2007.08.03 06:32:11.325,1.6331,1.6333,4.60,11.60
2007.08.03 06:32:12.685,1.63305,1.6333,15.40,11.60
2007.08.03 06:32:12.770,1.63305,1.6333,1.40,15.60
2007.08.03 06:32:12.783,1.63305,1.6333,5.80,15.60
2007.08.03 06:32:12.882,1.63305,1.6333,7.80,15.60
2007.08.03 06:32:13.192,1.6331,1.6332,1.30,5.60
2007.08.03 06:32:13.219,1.63305,1.6332,1.80,5.60
2007.08.03 06:32:13.328,1.63305,1.6332,1.60,17.60
2007.08.03 06:32:13.466,1.6329,1.6332,43.90,17.60
2007.08.03 06:32:13.701,1.6329,1.6332,39.10,17.60
2007.08.03 06:32:13.747,1.6329,1.6332,42.70,20.00
2007.08.03 06:32:14.028,1.633,1.6332,1.60,23.20
2007.08.03 06:32:14.115,1.633,1.6332,1.50,23.20
2007.08.03 06:32:14.502,1.6329,1.6331,35.60,4.00
2007.08.03 06:32:14.530,1.6329,1.6331,32.40,7.20
2007.08.03 06:32:15.421,1.6329,1.6331,33.40,7.20
2007.08.03 06:32:15.737,1.6329,1.6331,37.40,7.20
2007.08.03 06:32:15.957,1.6329,1.6331,36.60,7.20
2007.08.03 06:32:15.978,1.6329,1.6331,35.80,7.20
2007.08.03 06:32:15.986,1.6329,1.6331,35.00,7.20
2007.08.03 06:32:16.047,1.6329,1.6331,27.00,7.20
2007.08.03 06:32:16.195,1.6329,1.6331,27.00,9.60
2007.08.03 06:32:16.269,1.6329,1.6331,15.10,17.60
2007.08.03 06:32:16.285,1.6329,1.6331,12.70,17.60
2007.08.03 06:32:16.492,1.6329,1.633,12.70,3.20
2007.08.03 06:32:16.786,1.633,1.6331,12.00,14.40
2007.08.03 06:32:16.814,1.633,1.6331,14.40,12.00
2007.08.03 06:32:16.921,1.633,1.6331,24.40,6.40
2007.08.03 06:32:17.862,1.633,1.6331,24.40,4.00
2007.08.03 06:32:18.180,1.633,1.6331,18.80,4.00
2007.08.03 06:32:18.336,1.633,1.6331,19.60,4.00
2007.08.03 06:32:18.713,1.633,1.6331,23.60,4.00
2007.08.03 06:32:19.243,1.633,1.6332,23.60,21.60
2007.08.03 06:32:19.331,1.633,1.6332,15.60,21.60
2007.08.03 06:32:19.668,1.633,1.6332,15.60,19.20
2007.08.03 06:32:19.801,1.633,1.6332,17.20,9.60
2007.08.03 06:32:20.166,1.633,1.6332,25.20,9.60
2007.08.03 06:32:20.411,1.633,1.6332,28.60,9.60
2007.08.03 06:32:20.805,1.633,1.6332,28.60,7.20
2007.08.03 06:32:20.911,1.633,1.6332,20.60,7.20
2007.08.03 06:32:20.947,1.63305,1.6332,3.40,7.20
2007.08.03 06:32:21.039,1.63305,1.6332,3.40,3.20
2007.08.03 06:32:22.774,1.633,1.6332,21.20,3.20
2007.08.03 06:32:22.792,1.633,1.6332,24.20,3.20
2007.08.03 06:32:23.111,1.633,1.6332,25.20,3.20
2007.08.03 06:32:23.238,1.633,1.6332,21.20,7.20
2007.08.03 06:32:26.921,1.633,1.6332,25.20,7.20
2007.08.03 06:32:27.127,1.633,1.6332,26.80,7.20
2007.08.03 06:32:27.162,1.633,1.6332,26.80,9.60
2007.08.03 06:32:27.225,1.633,1.6332,26.80,17.60
2007.08.03 06:32:27.340,1.633,1.6332,22.80,17.60
2007.08.03 06:32:27.746,1.6331,1.6332,2.00,20.00
2007.08.03 06:32:28.679,1.633,1.6332,27.20,20.00
2007.08.03 06:32:28.789,1.633,1.6332,15.20,20.00
2007.08.03 06:32:28.800,1.633,1.6332,12.80,20.00
2007.08.03 06:32:29.101,1.633,1.6332,11.20,20.00
2007.08.03 06:32:30.711,1.633,1.6332,11.20,20.80
2007.08.03 06:32:31.664,1.633,1.6332,11.20,22.80
2007.08.03 06:32:32.660,1.6331,1.6332,2.40,20.40
2007.08.03 06:32:32.832,1.6331,1.6332,10.40,20.40
2007.08.03 06:32:33.240,1.6331,1.6332,10.40,18.40
2007.08.03 06:32:33.766,1.6331,1.6332,10.40,10.40
2007.08.03 06:32:33.888,1.6331,1.6332,10.40,8.00
2007.08.03 06:32:34.200,1.6331,1.6332,10.40,4.00
2007.08.03 06:32:36.699,1.6332,1.6333,8.00,41.90
2007.08.03 06:32:36.789,1.6332,1.6333,10.40,39.50
2007.08.03 06:32:37.194,1.6332,1.6333,11.20,39.50
2007.08.03 06:32:37.208,1.6332,1.6333,11.20,11.60
2007.08.03 06:32:37.682,1.6332,1.6333,11.20,7.20
2007.08.03 06:32:41.127,1.6332,1.6333,12.80,7.20
2007.08.03 06:32:41.223,1.6332,1.6333,16.80,7.20
2007.08.03 06:32:41.490,1.6332,1.6333,16.80,4.00
2007.08.03 06:32:41.524,1.6331,1.6333,34.20,4.00
2007.08.03 06:32:41.693,1.6332,1.6333,0.70,4.00
2007.08.03 06:32:41.759,1.6331,1.6333,53.70,4.00
2007.08.03 06:32:41.904,1.63315,1.6333,49.70,4.00
2007.08.03 06:32:42.007,1.63315,1.6334,49.70,9.60
2007.08.03 06:32:42.205,1.6333,1.6334,1.60,6.40
2007.08.03 06:32:42.280,1.6332,1.6334,49.50,6.40
2007.08.03 06:32:42.925,1.6332,1.6334,52.90,6.40
2007.08.03 06:32:43.047,1.6332,1.6334,56.90,2.40
2007.08.03 06:32:43.079,1.6333,1.6334,2.60,2.40
2007.08.03 06:32:43.426,1.6332,1.6334,48.90,2.40
2007.08.03 06:32:43.701,1.6332,1.6335,48.90,12.80
2007.08.03 06:32:45.179,1.6332,1.6335,45.50,28.80
2007.08.03 06:32:45.227,1.6332,1.6335,42.30,31.20
2007.08.03 06:32:45.288,1.6332,1.6335,40.20,34.20
2007.08.03 06:32:45.344,1.6333,1.6335,5.40,34.20
2007.08.03 06:32:45.404,1.6333,1.6335,5.00,26.20
2007.08.03 06:32:45.955,1.6333,1.63345,3.80,3.20
2007.08.03 06:32:46.014,1.6332,1.6334,34.60,4.00
2007.08.03 06:32:46.158,1.6333,1.6334,4.00,6.40
2007.08.03 06:32:46.238,1.6332,1.6334,34.20,14.40
2007.08.03 06:32:46.343,1.6332,1.6334,8.90,14.40
2007.08.03 06:32:46.462,1.6332,1.6334,17.50,17.60
2007.08.03 06:32:46.665,1.6332,1.6334,3.90,20.80
2007.08.03 06:32:46.758,1.6332,1.6334,1.60,20.80
2007.08.03 06:32:46.770,1.6331,1.6334,34.70,20.80
2007.08.03 06:32:46.873,1.6332,1.6334,3.10,27.20
2007.08.03 06:32:47.084,1.6332,1.6334,4.20,28.80
2007.08.03 06:32:47.172,1.6331,1.6334,34.30,29.60
2007.08.03 06:32:47.180,1.6331,1.6334,42.30,29.60
2007.08.03 06:32:47.283,1.6332,1.6334,0.80,33.60
2007.08.03 06:32:47.380,1.6331,1.6334,30.00,36.00
2007.08.03 06:32:47.506,1.6331,1.6333,37.90,4.00
2007.08.03 06:32:47.700,1.6331,1.6333,37.90,6.00
2007.08.03 06:32:47.914,1.6332,1.6333,0.80,8.40
2007.08.03 06:32:48.230,1.6331,1.6333,37.90,6.40
2007.08.03 06:32:48.849,1.6331,1.6333,40.30,4.00
2007.08.03 06:32:49.815,1.6331,1.6333,34.10,4.00
2007.08.03 06:32:50.018,1.6332,1.6333,3.80,4.00
2007.08.03 06:32:50.570,1.6331,1.6334,35.50,26.00
2007.08.03 06:32:51.178,1.6331,1.6334,35.50,34.00
2007.08.03 06:32:51.252,1.6331,1.6333,31.50,4.00
2007.08.03 06:32:52.379,1.6331,1.6333,49.50,4.00
2007.08.03 06:32:52.771,1.6331,1.6333,50.30,4.00
2007.08.03 06:32:52.878,1.6331,1.6333,48.30,8.40
2007.08.03 06:32:53.181,1.6332,1.6333,3.80,6.40
2007.08.03 06:32:53.712,1.6331,1.6333,55.70,4.00
2007.08.03 06:32:53.776,1.6332,1.6333,4.40,4.00
2007.08.03 06:32:54.130,1.6331,1.6333,52.90,4.00
2007.08.03 06:32:54.181,1.6331,1.6333,49.70,4.00
2007.08.03 06:32:54.225,1.6331,1.6333,11.10,4.00
2007.08.03 06:32:54.246,1.63305,1.6334,51.70,14.80
2007.08.03 06:32:54.331,1.63305,1.6334,47.70,14.80
2007.08.03 06:32:54.694,1.63305,1.6334,47.70,17.20
2007.08.03 06:32:54.758,1.63305,1.6334,47.70,18.20
2007.08.03 06:32:54.994,1.63305,1.63335,47.70,3.20
2007.08.03 06:32:55.384,1.63305,1.63335,46.90,3.20
2007.08.03 06:32:55.431,1.63305,1.63335,46.10,3.20
2007.08.03 06:32:55.486,1.63305,1.6333,42.10,4.00
2007.08.03 06:32:55.502,1.63305,1.6333,41.30,4.00
2007.08.03 06:32:55.701,1.6331,1.6333,2.30,4.00
2007.08.03 06:32:55.739,1.63305,1.6333,11.00,4.00
2007.08.03 06:32:55.850,1.63305,1.6333,7.80,7.20
2007.08.03 06:32:55.941,1.6331,1.6333,0.80,7.20
2007.08.03 06:32:56.769,1.63305,1.6333,5.80,9.60
2007.08.03 06:32:56.869,1.63305,1.6333,1.40,9.60
2007.08.03 06:33:02.417,1.633,1.6333,32.00,9.60
2007.08.03 06:33:02.637,1.6331,1.6333,0.60,6.40
2007.08.03 06:33:02.796,1.6331,1.6333,1.60,4.00
2007.08.03 06:33:02.939,1.6331,1.6333,1.50,7.20
2007.08.03 06:33:03.154,1.6331,1.6333,8.00,7.20
2007.08.03 06:33:03.237,1.6331,1.6333,19.00,7.20
2007.08.03 06:33:03.510,1.6331,1.6333,23.00,4.00
2007.08.03 06:33:03.666,1.6331,1.6333,20.60,4.00
2007.08.03 06:33:03.760,1.63305,1.6333,9.00,4.00
2007.08.03 06:33:04.237,1.63305,1.6334,9.00,32.50
2007.08.03 06:33:04.306,1.6331,1.6332,0.60,4.00
2007.08.03 06:33:04.378,1.633,1.6332,26.80,4.00
2007.08.03 06:33:04.913,1.633,1.6332,10.70,4.00
2007.08.03 06:33:05.222,1.63295,1.6333,49.30,12.80
2007.08.03 06:33:05.505,1.63295,1.6332,45.30,4.00
2007.08.03 06:33:08.395,1.63295,1.6332,41.30,4.00
2007.08.03 06:33:09.820,1.633,1.6333,41.90,12.80
2007.08.03 06:33:11.678,1.633,1.6332,41.30,0.80
2007.08.03 06:33:11.734,1.633,1.6332,23.60,0.80
2007.08.03 06:33:11.778,1.633,1.6332,26.00,4.00
2007.08.03 06:33:11.843,1.633,1.6332,31.60,4.00
2007.08.03 06:33:11.882,1.633,1.6332,29.20,4.00
2007.08.03 06:33:12.273,1.633,1.6332,32.60,4.00
2007.08.03 06:33:12.709,1.6331,1.6332,2.40,4.00
2007.08.03 06:33:12.798,1.6331,1.6332,3.20,4.00
2007.08.03 06:33:12.804,1.6331,1.6332,3.20,3.20
2007.08.03 06:33:12.817,1.6331,1.6332,13.60,3.20
2007.08.03 06:33:12.876,1.6331,1.6332,15.60,3.20
2007.08.03 06:33:12.915,1.6331,1.6332,18.00,3.20
2007.08.03 06:33:13.194,1.6332,1.6333,12.00,7.20
2007.08.03 06:33:13.214,1.6332,1.6333,14.40,7.20
2007.08.03 06:33:13.718,1.6332,1.6333,16.40,4.80
2007.08.03 06:33:13.876,1.6332,1.6333,17.20,4.80
2007.08.03 06:33:14.160,1.6332,1.6333,17.20,0.80
2007.08.03 06:33:14.176,1.6333,1.6334,2.40,30.30
2007.08.03 06:33:14.198,1.6333,1.6334,2.40,30.30
2007.08.03 06:33:14.303,1.6333,1.6334,10.40,22.30
2007.08.03 06:33:14.416,1.6333,1.6334,10.40,10.40
2007.08.03 06:33:14.690,1.6333,1.6334,8.00,12.80
2007.08.03 06:33:14.729,1.6332,1.6334,27.50,18.40
2007.08.03 06:33:14.784,1.6332,1.6334,26.70,18.40
2007.08.03 06:33:14.825,1.6332,1.6334,25.90,18.40
2007.08.03 06:33:14.941,1.6332,1.6334,29.90,18.40
2007.08.03 06:33:16.190,1.6332,1.6334,21.90,18.40
2007.08.03 06:33:16.808,1.6332,1.6334,21.10,18.40
2007.08.03 06:33:16.951,1.6332,1.6334,20.30,18.40
2007.08.03 06:33:17.037,1.6332,1.6334,19.50,18.40
2007.08.03 06:33:17.168,1.6333,1.6334,2.40,16.00
2007.08.03 06:33:17.225,1.6333,1.6334,10.40,8.00
2007.08.03 06:33:18.678,1.6333,1.6334,2.40,16.00
2007.08.03 06:33:18.691,1.6332,1.6334,29.90,18.40
2007.08.03 06:33:19.803,1.6332,1.6334,29.90,0.50
2007.08.03 06:33:20.159,1.6332,1.6335,27.90,40.80
2007.08.03 06:33:20.363,1.6332,1.6335,27.10,40.80
2007.08.03 06:33:20.382,1.6332,1.6334,26.30,0.90
2007.08.03 06:33:20.427,1.6332,1.6335,25.50,40.80
2007.08.03 06:33:20.704,1.6332,1.6335,25.50,41.60
2007.08.03 06:33:20.748,1.6332,1.6334,13.60,0.90
2007.08.03 06:33:20.872,1.6332,1.6334,13.60,36.00
2007.08.03 06:33:21.385,1.6332,1.6334,13.60,32.80
2007.08.03 06:33:21.483,1.6332,1.6333,13.60,4.00
2007.08.03 06:33:21.883,1.6332,1.6333,3.20,4.00
2007.08.03 06:33:22.037,1.6332,1.6334,3.20,32.80
2007.08.03 06:33:23.414,1.6332,1.6334,3.20,36.00
2007.08.03 06:33:23.926,1.6332,1.6334,3.20,32.80
2007.08.03 06:33:24.167,1.6332,1.6334,5.20,32.80
2007.08.03 06:33:25.394,1.6332,1.6334,6.00,32.80
2007.08.03 06:33:25.431,1.6332,1.6334,6.80,32.80
2007.08.03 06:33:25.470,1.6332,1.6334,7.60,32.80
2007.08.03 06:33:25.707,1.6332,1.6334,7.60,30.40
2007.08.03 06:33:25.743,1.6332,1.6334,11.60,22.80
2007.08.03 06:33:25.861,1.6332,1.6334,19.60,22.80
2007.08.03 06:33:25.953,1.6332,1.6334,19.60,18.80
2007.08.03 06:33:26.658,1.6333,1.6334,2.40,18.80
2007.08.03 06:33:26.749,1.6333,1.6334,10.40,14.80
2007.08.03 06:33:26.857,1.6333,1.6334,10.40,10.00
2007.08.03 06:33:27.278,1.6333,1.6334,10.40,18.00
2007.08.03 06:33:27.595,1.6333,1.6334,10.40,20.40
2007.08.03 06:33:27.686,1.6333,1.6334,2.40,20.40
2007.08.03 06:33:27.782,1.6332,1.6334,28.30,22.80
2007.08.03 06:33:27.803,1.6332,1.6334,24.30,22.80
2007.08.03 06:33:27.886,1.6332,1.6334,21.90,22.80
2007.08.03 06:33:27.909,1.6332,1.6334,17.90,22.80
2007.08.03 06:33:28.147,1.6332,1.6334,17.10,22.80
2007.08.03 06:33:29.535,1.6332,1.6334,17.90,22.80
2007.08.03 06:33:29.573,1.6332,1.6334,18.70,22.80
2007.08.03 06:33:29.684,1.6332,1.6334,21.90,20.40
2007.08.03 06:33:30.320,1.6332,1.6334,21.10,20.40
2007.08.03 06:33:30.370,1.6332,1.6334,20.30,20.40
2007.08.03 06:33:30.477,1.6332,1.6334,19.50,20.40
2007.08.03 06:33:30.942,1.6332,1.6334,17.10,22.80
2007.08.03 06:33:31.706,1.6333,1.6334,2.40,20.40
2007.08.03 06:33:32.213,1.6333,1.6334,2.40,12.40
2007.08.03 06:33:32.865,1.6333,1.6334,2.40,10.00
2007.08.03 06:33:37.643,1.6333,1.6334,2.40,9.20
2007.08.03 06:33:37.659,1.6333,1.6334,2.40,7.20
2007.08.03 06:33:37.752,1.6333,1.6334,2.40,4.00
2007.08.03 06:33:37.763,1.6333,1.6334,18.30,4.00
2007.08.03 06:33:38.019,1.6333,1.6335,18.30,10.40
2007.08.03 06:33:38.068,1.6333,1.6335,18.30,9.60
2007.08.03 06:33:40.742,1.6333,1.6335,15.90,9.60
2007.08.03 06:33:40.772,1.6333,1.6335,11.90,9.60
2007.08.03 06:33:40.826,1.6333,1.6335,11.90,12.80
2007.08.03 06:33:41.387,1.6332,1.6335,46.70,12.80
2007.08.03 06:33:42.038,1.6332,1.6334,42.70,4.00
2007.08.03 06:33:45.985,1.6332,1.6334,42.70,7.20
2007.08.03 06:33:46.505,1.6332,1.6333,42.70,4.00
2007.08.03 06:33:49.003,1.6332,1.6334,42.70,7.20
2007.08.03 06:33:49.062,1.6332,1.6334,39.50,10.40
2007.08.03 06:33:49.178,1.6332,1.6334,31.50,10.40
2007.08.03 06:33:49.503,1.6332,1.6333,31.50,4.00
2007.08.03 06:33:49.796,1.6332,1.6333,19.60,4.00
2007.08.03 06:33:49.885,1.6332,1.6333,17.20,4.00
2007.08.03 06:33:50.218,1.6332,1.6333,13.20,4.00
2007.08.03 06:33:51.521,1.6332,1.6334,13.20,26.70
2007.08.03 06:33:52.225,1.6332,1.6334,13.20,29.90
2007.08.03 06:33:53.091,1.6332,1.6334,13.20,37.90
2007.08.03 06:33:53.178,1.6332,1.6333,10.00,3.20
2007.08.03 06:33:53.211,1.6331,1.6333,22.80,3.20
2007.08.03 06:33:53.273,1.6331,1.6333,20.40,3.20
2007.08.03 06:33:53.303,1.6331,1.6333,8.40,3.20
2007.08.03 06:33:53.721,1.6331,1.6333,4.00,5.60
2007.08.03 06:33:55.120,1.6331,1.6333,6.40,5.60
2007.08.03 06:33:55.178,1.6331,1.6333,26.30,5.60
2007.08.03 06:33:55.311,1.6331,1.6333,28.70,5.60
2007.08.03 06:33:55.382,1.6331,1.6333,32.70,5.60
2007.08.03 06:33:55.712,1.6331,1.6333,34.70,5.60
2007.08.03 06:33:55.808,1.6331,1.6333,34.70,3.20
2007.08.03 06:33:57.165,1.6331,1.6333,30.70,7.20
2007.08.03 06:33:58.077,1.6332,1.6333,1.60,7.20
2007.08.03 06:33:58.174,1.6332,1.6333,21.50,7.20
2007.08.03 06:33:58.222,1.6332,1.6333,24.70,4.00
2007.08.03 06:33:58.299,1.6332,1.6333,28.70,4.00
2007.08.03 06:33:58.338,1.6332,1.6333,31.10,4.00
2007.08.03 06:33:58.742,1.6332,1.6333,33.10,4.00
2007.08.03 06:33:59.258,1.6333,1.6334,2.40,9.20
2007.08.03 06:33:59.304,1.6333,1.6334,2.40,13.20
2007.08.03 06:33:59.339,1.6333,1.6334,10.40,13.20
2007.08.03 06:33:59.661,1.6333,1.6334,8.00,15.60
2007.08.03 06:33:59.777,1.6332,1.6333,1.60,17.10
2007.08.03 06:33:59.956,1.6332,1.6333,4.00,17.10
2007.08.03 06:34:00.166,1.6332,1.6333,2.40,17.10
2007.08.03 06:34:00.904,1.6331,1.6333,4.00,17.10
2007.08.03 06:34:02.237,1.6332,1.6333,3.20,5.20
2007.08.03 06:34:04.718,1.6332,1.6334,9.20,36.40
2007.08.03 06:34:04.864,1.6332,1.6334,9.20,24.40
2007.08.03 06:34:05.132,1.6332,1.6334,9.20,23.60
2007.08.03 06:34:05.269,1.6332,1.6334,9.20,20.40
2007.08.03 06:34:05.657,1.6332,1.6334,7.20,20.40
2007.08.03 06:34:05.730,1.6332,1.6334,7.20,22.80
2007.08.03 06:34:05.753,1.6332,1.6333,3.20,2.00
2007.08.03 06:34:05.906,1.6332,1.6334,3.20,28.80
2007.08.03 06:34:06.504,1.6332,1.6334,3.20,29.60
2007.08.03 06:34:06.704,1.6332,1.6333,9.20,0.70
2007.08.03 06:34:07.809,1.6332,1.6334,7.20,23.60
2007.08.03 06:34:07.857,1.6332,1.6334,3.20,27.60
2007.08.03 06:34:08.504,1.6332,1.6335,3.20,42.30
2007.08.03 06:34:08.776,1.6332,1.6334,3.20,35.60
2007.08.03 06:34:09.688,1.6332,1.63345,9.20,25.20
2007.08.03 06:34:10.109,1.6332,1.6334,9.20,0.50
2007.08.03 06:34:10.323,1.6332,1.63345,17.20,23.60
2007.08.03 06:34:11.033,1.6332,1.6334,19.60,0.80
2007.08.03 06:34:11.154,1.6332,1.63345,9.60,23.60
2007.08.03 06:34:11.196,1.6332,1.63345,6.40,23.60
2007.08.03 06:34:11.249,1.6332,1.63345,2.40,27.60
2007.08.03 06:34:11.357,1.6332,1.6334,2.40,0.80
2007.08.03 06:34:11.401,1.6332,1.6334,2.40,0.50
2007.08.03 06:34:11.661,1.6332,1.6334,4.40,0.80
2007.08.03 06:34:11.709,1.6332,1.63345,7.60,31.60
2007.08.03 06:34:11.780,1.6332,1.6334,13.20,0.80
2007.08.03 06:34:15.109,1.6332,1.6334,13.20,0.70
2007.08.03 06:34:19.655,1.6332,1.63345,11.20,34.00
2007.08.03 06:34:19.699,1.6332,1.6333,8.00,0.90
2007.08.03 06:34:19.765,1.6331,1.6334,32.00,38.70
2007.08.03 06:34:19.777,1.6331,1.6334,28.60,41.90
2007.08.03 06:34:19.810,1.6331,1.6334,26.20,44.30
2007.08.03 06:34:19.869,1.6331,1.6334,18.20,47.80
2007.08.03 06:34:19.906,1.6331,1.6333,18.20,0.60
2007.08.03 06:34:20.063,1.6331,1.6334,17.40,51.80
2007.08.03 06:34:20.293,1.6331,1.6333,17.40,0.50
2007.08.03 06:34:20.563,1.6331,1.6332,13.40,0.50
2007.08.03 06:34:20.697,1.6331,1.6333,13.40,41.90
2007.08.03 06:34:20.733,1.6331,1.6333,11.00,41.90
2007.08.03 06:34:20.821,1.633,1.6333,41.10,39.10
2007.08.03 06:34:20.845,1.633,1.6333,41.10,39.90
2007.08.03 06:34:20.929,1.633,1.6332,45.10,0.80
2007.08.03 06:34:21.053,1.633,1.6332,41.70,0.80
2007.08.03 06:34:21.185,1.633,1.6333,45.70,41.90
2007.08.03 06:34:21.457,1.633,1.6333,42.50,41.90
2007.08.03 06:34:21.528,1.633,1.6333,25.00,31.20
2007.08.03 06:34:22.155,1.633,1.6333,21.00,29.60
2007.08.03 06:34:23.230,1.633,1.6333,21.00,38.80
2007.08.03 06:34:33.181,1.633,1.6333,24.20,38.80
2007.08.03 06:34:33.285,1.633,1.6333,24.20,38.80
2007.08.03 06:34:34.176,1.633,1.63325,23.40,16.40
2007.08.03 06:34:34.233,1.633,1.6332,22.60,0.70
2007.08.03 06:34:34.274,1.633,1.63325,31.60,20.40
2007.08.03 06:34:34.391,1.633,1.6332,22.80,0.80
2007.08.03 06:34:34.720,1.633,1.6332,20.40,0.60
2007.08.03 06:34:34.829,1.633,1.63325,28.40,22.80
2007.08.03 06:34:35.327,1.633,1.63325,20.40,22.80
2007.08.03 06:34:38.245,1.633,1.6332,27.40,15.60
2007.08.03 06:34:38.880,1.633,1.6332,31.40,15.60
2007.08.03 06:34:39.887,1.633,1.6332,31.40,13.20
2007.08.03 06:34:40.720,1.633,1.6332,32.40,13.20
2007.08.03 06:34:40.818,1.633,1.6332,26.80,13.20
2007.08.03 06:34:41.017,1.633,1.6332,22.80,13.20
2007.08.03 06:34:41.844,1.633,1.6332,20.40,15.60
2007.08.03 06:34:44.148,1.633,1.6331,16.40,4.00
2007.08.03 06:34:44.296,1.633,1.6331,12.40,4.00
2007.08.03 06:34:44.507,1.633,1.6332,12.40,45.10
2007.08.03 06:34:44.660,1.633,1.6332,2.40,45.10
2007.08.03 06:34:44.710,1.6329,1.6332,26.50,45.10
2007.08.03 06:34:44.816,1.6329,1.6332,28.90,42.70
2007.08.03 06:34:44.871,1.6329,1.6332,32.90,42.70
2007.08.03 06:34:45.112,1.6329,1.6332,32.10,42.70
2007.08.03 06:34:45.221,1.6329,1.6331,28.10,4.00
2007.08.03 06:34:45.296,1.6329,1.6331,24.10,4.00
2007.08.03 06:34:45.315,1.6329,1.6331,21.70,4.00
2007.08.03 06:34:45.494,1.6329,1.6332,25.70,45.10
2007.08.03 06:34:45.707,1.6329,1.6332,23.70,45.10
2007.08.03 06:34:46.731,1.6329,1.6331,23.70,2.00
2007.08.03 06:34:46.879,1.6329,1.6331,20.30,2.00
2007.08.03 06:34:47.198,1.6329,1.6331,20.30,4.40
2007.08.03 06:34:47.260,1.6329,1.6331,20.30,12.40
2007.08.03 06:34:47.275,1.6329,1.6331,16.30,16.40
2007.08.03 06:34:47.775,1.6329,1.6331,15.90,18.80
2007.08.03 06:34:48.188,1.6329,1.6331,13.90,18.80
2007.08.03 06:34:50.263,1.6329,1.6331,11.50,18.80
2007.08.03 06:34:50.282,1.6329,1.6331,3.50,18.80
2007.08.03 06:34:50.380,1.6329,1.6331,3.50,30.70
2007.08.03 06:34:50.548,1.6329,1.6331,3.50,33.90
2007.08.03 06:34:51.188,1.6329,1.6331,5.90,33.90
2007.08.03 06:34:51.198,1.6329,1.633,5.90,4.00
2007.08.03 06:34:51.288,1.6329,1.633,9.90,4.00
2007.08.03 06:34:51.713,1.6329,1.633,11.90,4.00
2007.08.03 06:34:52.055,1.6329,1.6331,11.90,30.70
2007.08.03 06:34:52.113,1.6329,1.6331,11.90,33.10
2007.08.03 06:34:52.205,1.6329,1.633,11.90,0.80
2007.08.03 06:34:52.215,1.6329,1.633,7.90,0.80
2007.08.03 06:34:55.505,1.6329,1.633,7.90,4.80
2007.08.03 06:35:02.492,1.6329,1.633,2.70,6.80
2007.08.03 06:35:02.829,1.6329,1.633,2.70,9.20
2007.08.03 06:35:03.703,1.6329,1.633,0.40,9.20
2007.08.03 06:35:03.751,1.6329,1.633,0.40,13.20
2007.08.03 06:35:04.213,1.6329,1.633,0.40,16.40
2007.08.03 06:35:05.678,1.6329,1.633,2.70,16.40
2007.08.03 06:35:05.702,1.6329,1.633,2.70,12.40
2007.08.03 06:35:06.125,1.6329,1.633,4.70,12.40
2007.08.03 06:35:06.233,1.6329,1.633,4.70,10.40
2007.08.03 06:35:06.719,1.6329,1.633,2.30,10.40
2007.08.03 06:35:06.755,1.6329,1.633,0.40,16.40
2007.08.03 06:35:09.422,1.6329,1.633,0.40,0.80
2007.08.03 06:35:11.001,1.6329,1.63305,0.40,21.20
2007.08.03 06:35:11.013,1.6329,1.633,0.40,0.90
2007.08.03 06:35:11.651,1.6329,1.6331,0.40,30.80
2007.08.03 06:35:11.734,1.6329,1.6331,0.40,31.90
2007.08.03 06:35:11.826,1.6329,1.6331,0.40,31.10
2007.08.03 06:35:12.789,1.6329,1.6331,0.40,28.80
2007.08.03 06:35:15.826,1.6329,1.63305,0.40,19.60
2007.08.03 06:35:18.164,1.6329,1.63305,0.40,17.60
2007.08.03 06:35:18.315,1.6329,1.63305,10.70,13.60
2007.08.03 06:35:18.699,1.6329,1.6331,12.70,32.20
2007.08.03 06:35:18.793,1.6329,1.6331,12.70,33.80
2007.08.03 06:35:19.150,1.6329,1.633,10.30,0.50
2007.08.03 06:35:19.205,1.6329,1.6331,2.30,29.80
2007.08.03 06:35:19.715,1.6329,1.633,0.40,0.50
2007.08.03 06:35:19.810,1.6329,1.633,0.40,0.70
2007.08.03 06:35:21.194,1.6329,1.63305,0.40,14.80
2007.08.03 06:35:21.302,1.6329,1.633,0.40,0.70
2007.08.03 06:35:21.806,1.6329,1.63305,0.40,10.00
2007.08.03 06:35:23.647,1.6329,1.63305,2.30,8.00
2007.08.03 06:35:26.140,1.6329,1.633,4.70,0.50
2007.08.03 06:35:26.271,1.6329,1.633,12.70,0.60
2007.08.03 06:35:46.170,1.6329,1.633,10.30,4.80
2007.08.03 06:35:46.182,1.6329,1.633,8.30,4.80
2007.08.03 06:35:46.297,1.6329,1.633,0.40,4.80
2007.08.03 06:35:46.675,1.6329,1.633,0.40,8.00
2007.08.03 06:35:46.706,1.6329,1.633,0.40,12.40
2007.08.03 06:35:46.789,1.6328,1.633,27.50,16.40
2007.08.03 06:35:46.885,1.6328,1.633,27.50,19.60
2007.08.03 06:35:47.186,1.6328,1.63295,25.10,3.20
2007.08.03 06:35:47.421,1.6328,1.633,25.10,19.60
2007.08.03 06:35:47.585,1.6328,1.6329,25.10,4.00
2007.08.03 06:35:51.049,1.6328,1.6329,25.10,8.00
2007.08.03 06:35:51.159,1.6328,1.6329,23.10,8.00
2007.08.03 06:35:51.192,1.6328,1.6329,22.30,11.20
2007.08.03 06:35:51.255,1.6328,1.6329,10.40,23.20
2007.08.03 06:35:51.800,1.6328,1.6329,10.40,27.60
2007.08.03 06:35:52.207,1.6328,1.6329,2.40,27.60
2007.08.03 06:35:52.228,1.6327,1.6329,26.70,27.60
2007.08.03 06:35:52.305,1.6327,1.6329,18.70,19.60
2007.08.03 06:35:52.710,1.6327,1.6329,6.80,31.50
2007.08.03 06:35:52.827,1.6327,1.6329,9.20,29.10
2007.08.03 06:35:53.657,1.6327,1.6329,9.20,31.50
2007.08.03 06:35:53.737,1.6327,1.6329,9.20,39.50
2007.08.03 06:35:53.778,1.6327,1.6328,9.20,0.80
2007.08.03 06:35:54.605,1.6327,1.6329,9.20,29.10
2007.08.03 06:35:55.077,1.6327,1.6329,9.20,27.50
2007.08.03 06:35:55.712,1.6327,1.63295,9.20,30.70
2007.08.03 06:35:55.741,1.6327,1.633,8.40,39.10
2007.08.03 06:35:55.811,1.6327,1.633,7.60,39.10
2007.08.03 06:35:55.906,1.6327,1.633,6.80,39.10
2007.08.03 06:35:56.224,1.6327,1.633,4.80,41.10
2007.08.03 06:35:56.345,1.6327,1.633,4.80,41.10
2007.08.03 06:35:56.749,1.6327,1.633,2.40,41.10
2007.08.03 06:35:57.775,1.6327,1.6329,4.40,0.90
2007.08.03 06:35:58.721,1.6327,1.6329,4.40,37.10
2007.08.03 06:35:58.840,1.6327,1.6328,6.80,0.80
2007.08.03 06:35:59.958,1.6327,1.6329,4.40,40.30
2007.08.03 06:36:02.521,1.6327,1.6328,4.40,0.70
2007.08.03 06:36:03.133,1.6327,1.6329,7.60,37.10
2007.08.03 06:36:04.733,1.6327,1.6329,5.60,37.10
2007.08.03 06:36:04.769,1.6327,1.6329,3.20,40.30
2007.08.03 06:36:05.047,1.6327,1.6329,3.20,38.70
2007.08.03 06:36:05.264,1.6327,1.63285,3.20,33.10
2007.08.03 06:36:05.275,1.6327,1.6328,3.20,0.80
2007.08.03 06:36:05.477,1.6326,1.63285,16.80,35.50
2007.08.03 06:36:05.780,1.6326,1.6328,14.40,0.50
2007.08.03 06:36:06.076,1.6326,1.6328,14.40,0.60
2007.08.03 06:36:06.394,1.6326,1.6329,14.40,43.50
2007.08.03 06:36:07.249,1.6326,1.6329,13.60,43.50
2007.08.03 06:36:07.329,1.6326,1.6328,13.60,0.50
2007.08.03 06:36:07.509,1.6326,1.6328,13.60,34.70
2007.08.03 06:36:07.657,1.6326,1.6328,11.20,34.70
2007.08.03 06:36:07.744,1.6326,1.6327,3.20,0.50
2007.08.03 06:36:08.479,1.6325,1.63275,21.00,9.20
2007.08.03 06:36:08.686,1.6325,1.63275,19.90,9.20
2007.08.03 06:36:08.702,1.6325,1.6327,17.50,0.70
2007.08.03 06:36:08.779,1.6325,1.63275,17.50,13.20
2007.08.03 06:36:08.801,1.6325,1.6327,17.50,0.50
2007.08.03 06:36:08.892,1.6325,1.63275,15.10,18.00
2007.08.03 06:36:09.026,1.6325,1.6327,15.10,0.70
2007.08.03 06:36:09.400,1.6325,1.6328,3.20,37.90
2007.08.03 06:36:09.708,1.6324,1.6328,38.90,37.90
2007.08.03 06:36:09.721,1.6324,1.6327,15.00,0.90
2007.08.03 06:36:09.825,1.6324,1.6327,13.00,0.50
2007.08.03 06:36:10.310,1.6324,1.63275,13.00,41.10
2007.08.03 06:36:10.631,1.6324,1.6327,13.80,0.70
2007.08.03 06:36:10.653,1.6325,1.6327,12.00,0.80
2007.08.03 06:36:10.726,1.6325,1.63275,17.60,37.90
2007.08.03 06:36:10.759,1.6325,1.63275,17.60,25.90
2007.08.03 06:36:10.835,1.6325,1.6327,17.60,0.50
2007.08.03 06:36:11.175,1.6325,1.63275,17.60,26.50
2007.08.03 06:36:11.284,1.6325,1.63275,13.60,26.50
2007.08.03 06:36:11.344,1.6325,1.6328,13.60,41.20
2007.08.03 06:36:12.507,1.6325,1.6327,13.60,26.50
2007.08.03 06:36:14.681,1.6325,1.63265,15.60,7.20
2007.08.03 06:36:21.510,1.6325,1.6327,15.60,0.50
2007.08.03 06:36:22.786,1.6325,1.6327,23.60,0.90
2007.08.03 06:36:23.088,1.6325,1.6327,15.60,0.60
2007.08.03 06:36:23.208,1.6325,1.6327,15.60,0.50
2007.08.03 06:36:23.393,1.6325,1.6328,15.60,39.30
2007.08.03 06:36:23.726,1.6325,1.6328,15.60,40.20
2007.08.03 06:36:23.926,1.6325,1.6327,15.60,27.50
2007.08.03 06:36:23.964,1.6325,1.6327,15.60,24.30
2007.08.03 06:36:24.758,1.6325,1.6327,15.60,20.30
2007.08.03 06:36:25.282,1.6325,1.6327,15.60,24.30
2007.08.03 06:36:25.693,1.6325,1.6327,15.60,20.30
2007.08.03 06:36:31.075,1.6325,1.6327,17.20,20.30
2007.08.03 06:36:31.170,1.6326,1.6327,8.00,18.30
2007.08.03 06:36:31.198,1.6326,1.6327,11.20,18.30
2007.08.03 06:36:31.290,1.6326,1.6327,11.20,6.40
2007.08.03 06:36:31.595,1.6326,1.6327,11.20,4.00
2007.08.03 06:36:31.733,1.6325,1.6327,31.50,6.00
2007.08.03 06:36:32.117,1.6325,1.6327,29.90,6.00
2007.08.03 06:36:32.384,1.6325,1.6327,26.70,9.20
2007.08.03 06:36:32.742,1.6325,1.6327,24.30,11.60
2007.08.03 06:36:32.945,1.6325,1.6327,24.30,12.40
2007.08.03 06:36:33.803,1.6325,1.6326,21.90,8.40
2007.08.03 06:36:34.438,1.6325,1.6326,21.90,8.80
2007.08.03 06:36:34.454,1.6324,1.6326,37.90,16.80
2007.08.03 06:36:34.511,1.6324,1.6325,6.80,10.40
2007.08.03 06:36:34.710,1.6324,1.6325,6.80,12.80
2007.08.03 06:36:35.255,1.6324,1.6325,2.80,16.80
2007.08.03 06:36:36.707,1.6324,1.6325,5.20,14.40
2007.08.03 06:36:36.792,1.6324,1.6325,13.20,14.40
2007.08.03 06:36:37.094,1.6324,1.6325,14.80,14.40
2007.08.03 06:36:37.206,1.6324,1.6325,14.80,6.40
2007.08.03 06:36:37.218,1.6325,1.6326,2.40,12.40
2007.08.03 06:36:37.314,1.6324,1.6325,31.50,6.40
2007.08.03 06:36:37.579,1.6325,1.6327,10.40,19.50
2007.08.03 06:36:37.881,1.6325,1.6326,4.40,2.40
2007.08.03 06:36:37.916,1.6325,1.6326,6.80,2.40
2007.08.03 06:36:38.032,1.6325,1.6326,10.80,2.40
2007.08.03 06:36:38.151,1.6325,1.6326,12.40,2.40
2007.08.03 06:36:38.370,1.6326,1.6327,0.80,3.20
2007.08.03 06:36:38.873,1.6326,1.6327,0.80,8.80
2007.08.03 06:36:39.079,1.6326,1.6327,0.80,10.40
2007.08.03 06:36:39.171,1.6326,1.6327,0.80,12.80
2007.08.03 06:36:39.190,1.6325,1.6326,10.80,8.00
2007.08.03 06:36:39.227,1.6325,1.6326,10.80,8.00
2007.08.03 06:36:39.483,1.6325,1.6326,4.40,8.80
2007.08.03 06:36:39.811,1.6325,1.6326,4.40,11.20
2007.08.03 06:36:40.062,1.6325,1.6326,4.40,15.20
2007.08.03 06:36:40.207,1.6325,1.6326,4.40,14.40
2007.08.03 06:36:40.224,1.6325,1.6326,4.40,6.40
2007.08.03 06:36:40.832,1.6325,1.6326,4.40,4.00
2007.08.03 06:36:42.903,1.6325,1.6327,4.40,26.70
2007.08.03 06:36:43.573,1.6325,1.6327,4.40,0.60
2007.08.03 06:36:43.734,1.6325,1.63275,8.40,34.70
2007.08.03 06:36:43.821,1.6325,1.63275,8.40,26.70
2007.08.03 06:36:47.475,1.6325,1.6328,4.40,38.30
2007.08.03 06:36:48.489,1.6325,1.6328,8.40,38.30
2007.08.03 06:36:48.813,1.6325,1.6328,4.40,44.30
2007.08.03 06:36:49.120,1.6325,1.6327,4.40,0.50
2007.08.03 06:36:50.898,1.6325,1.6327,8.40,0.80
2007.08.03 06:36:52.780,1.6325,1.6327,4.40,0.80
2007.08.03 06:36:52.962,1.6325,1.6327,4.40,0.80
2007.08.03 06:36:52.989,1.6325,1.63275,4.40,33.10
2007.08.03 06:36:55.021,1.6325,1.63275,4.40,32.30
2007.08.03 06:36:55.038,1.6325,1.63275,4.40,31.50
2007.08.03 06:36:55.106,1.6325,1.6327,4.40,0.50
2007.08.03 06:36:55.242,1.6325,1.6327,8.40,0.90
2007.08.03 06:36:55.789,1.6325,1.6328,4.40,44.20
2007.08.03 06:36:56.259,1.6325,1.6328,4.40,41.10
2007.08.03 06:36:57.737,1.6325,1.63275,8.40,24.70
2007.08.03 06:36:57.769,1.6325,1.6328,11.80,47.10
2007.08.03 06:36:57.845,1.6325,1.6328,22.80,45.50
2007.08.03 06:36:58.222,1.6326,1.6327,2.40,0.60
2007.08.03 06:36:58.273,1.6326,1.6328,10.40,37.50
2007.08.03 06:36:58.366,1.6326,1.6327,10.40,0.50
2007.08.03 06:36:58.882,1.6326,1.6328,10.40,33.20
2007.08.03 06:36:59.651,1.6326,1.6327,11.20,0.80
2007.08.03 06:36:59.806,1.6326,1.6328,13.20,43.50
2007.08.03 06:37:00.242,1.6326,1.6327,20.60,0.80
2007.08.03 06:37:00.263,1.6326,1.6327,20.60,0.80
2007.08.03 06:37:00.431,1.6326,1.6327,24.60,0.60
2007.08.03 06:37:00.479,1.6326,1.6328,30.20,8.80
2007.08.03 06:37:00.667,1.6327,1.6328,2.40,8.20
2007.08.03 06:37:00.732,1.6327,1.6328,14.40,5.70
2007.08.03 06:37:00.942,1.6327,1.6328,16.40,5.80
2007.08.03 06:37:01.050,1.6327,1.63295,16.40,8.80
2007.08.03 06:37:01.144,1.6327,1.6329,6.40,0.60
2007.08.03 06:37:01.193,1.6327,1.63295,4.00,8.80
2007.08.03 06:37:01.256,1.6326,1.63295,40.50,8.80
2007.08.03 06:37:01.288,1.6326,1.6329,37.10,0.60
2007.08.03 06:37:01.509,1.6326,1.633,41.10,30.20
2007.08.03 06:37:01.671,1.6326,1.633,35.10,32.10
2007.08.03 06:37:01.702,1.6326,1.633,28.70,32.10
2007.08.03 06:37:01.772,1.6326,1.6329,8.80,0.80
2007.08.03 06:37:01.839,1.6326,1.63285,8.80,0.70
2007.08.03 06:37:02.379,1.6326,1.633,8.80,32.10
2007.08.03 06:37:02.566,1.6326,1.6329,4.80,12.80
2007.08.03 06:37:02.641,1.6326,1.6329,8.00,9.60
2007.08.03 06:37:02.713,1.6326,1.6328,8.00,0.60
2007.08.03 06:37:02.730,1.6326,1.6328,8.00,0.80
2007.08.03 06:37:02.814,1.6326,1.6328,5.60,0.80
2007.08.03 06:37:02.859,1.6326,1.6329,5.60,19.20
2007.08.03 06:37:03.222,1.6326,1.6329,5.60,46.60
2007.08.03 06:37:03.258,1.6326,1.6329,2.40,51.40
2007.08.03 06:37:03.362,1.6325,1.6328,29.00,0.70
2007.08.03 06:37:03.389,1.6325,1.6328,32.40,0.60
2007.08.03 06:37:04.678,1.6326,1.6328,8.00,0.60
2007.08.03 06:37:04.702,1.6326,1.63285,10.40,39.90
2007.08.03 06:37:04.789,1.6326,1.63285,16.40,31.90
2007.08.03 06:37:04.808,1.6326,1.6328,18.80,0.80
2007.08.03 06:37:05.014,1.6326,1.63285,22.00,28.70
2007.08.03 06:37:07.979,1.6326,1.63285,22.00,29.50
2007.08.03 06:37:08.005,1.6326,1.63285,22.00,30.30
2007.08.03 06:37:08.073,1.6326,1.63285,22.00,31.10
2007.08.03 06:37:08.193,1.6326,1.6327,19.60,0.80
2007.08.03 06:37:08.221,1.6326,1.6328,9.60,31.10
2007.08.03 06:37:08.289,1.6326,1.6327,7.20,0.60
2007.08.03 06:37:08.313,1.6326,1.6328,3.20,39.10
2007.08.03 06:37:08.501,1.6325,1.6327,33.40,0.90
2007.08.03 06:37:08.709,1.6325,1.6329,33.40,59.10
2007.08.03 06:37:08.731,1.6326,1.6329,2.00,59.90
2007.08.03 06:37:08.836,1.6326,1.6328,2.00,0.80
2007.08.03 06:37:09.349,1.6326,1.6329,2.00,46.90
2007.08.03 06:37:09.419,1.6326,1.6329,5.20,46.90
2007.08.03 06:37:10.076,1.6326,1.6328,5.20,32.10
2007.08.03 06:37:10.662,1.6326,1.6327,7.60,0.90
2007.08.03 06:37:10.712,1.6326,1.6327,15.60,0.90
2007.08.03 06:37:11.501,1.6326,1.6328,15.60,0.60
2007.08.03 06:37:11.692,1.6326,1.6328,15.60,0.80
2007.08.03 06:37:11.761,1.6326,1.63285,15.60,21.50
2007.08.03 06:37:11.800,1.6326,1.63285,15.60,22.30
2007.08.03 06:37:12.198,1.6327,1.6328,3.20,18.30
2007.08.03 06:37:12.282,1.6327,1.6328,3.20,6.40
2007.08.03 06:37:12.813,1.6327,1.6328,3.20,8.80
2007.08.03 06:37:12.892,1.6327,1.6328,3.20,18.40
2007.08.03 06:37:13.451,1.6326,1.6328,11.60,18.40
2007.08.03 06:37:13.609,1.6326,1.6328,11.60,20.80
2007.08.03 06:37:13.710,1.6327,1.6328,2.00,8.80
2007.08.03 06:37:13.751,1.6327,1.6328,2.00,6.40
2007.08.03 06:37:14.613,1.6327,1.6328,2.00,2.40
2007.08.03 06:37:14.857,1.6327,1.6329,2.00,46.10
2007.08.03 06:37:16.019,1.6327,1.6328,2.00,4.00
2007.08.03 06:37:16.321,1.6326,1.6328,18.80,4.00
2007.08.03 06:37:16.521,1.6326,1.6328,14.80,15.90
2007.08.03 06:37:16.669,1.6326,1.6328,14.80,19.10
2007.08.03 06:37:16.725,1.6326,1.6328,7.60,32.70
2007.08.03 06:37:16.933,1.6326,1.6328,5.20,35.90
2007.08.03 06:37:16.967,1.6326,1.6328,5.20,33.50
2007.08.03 06:37:17.037,1.6326,1.6328,5.20,34.30
2007.08.03 06:37:17.050,1.6326,1.6328,5.20,35.90
2007.08.03 06:37:17.193,1.6326,1.6328,3.20,43.90
2007.08.03 06:37:17.261,1.6326,1.6328,3.20,47.90
2007.08.03 06:37:17.349,1.6326,1.6328,0.80,47.90
2007.08.03 06:37:17.498,1.6326,1.6328,0.80,51.10
2007.08.03 06:37:17.649,1.6325,1.6327,38.30,2.40
2007.08.03 06:37:17.669,1.6325,1.6327,34.30,10.40
2007.08.03 06:37:17.785,1.6325,1.6327,37.90,12.80
2007.08.03 06:37:18.089,1.6325,1.6327,37.90,13.60
2007.08.03 06:37:18.160,1.6325,1.6326,35.50,2.40
2007.08.03 06:37:18.179,1.6325,1.6326,31.50,2.40
2007.08.03 06:37:18.205,1.6325,1.6326,23.50,10.40
2007.08.03 06:37:18.296,1.6325,1.6326,19.50,10.40
2007.08.03 06:37:18.384,1.6325,1.6326,17.10,10.40
2007.08.03 06:37:19.724,1.6325,1.6326,19.50,8.00
2007.08.03 06:37:21.076,1.6325,1.6326,20.30,8.00
2007.08.03 06:37:21.195,1.6326,1.6327,2.00,8.80
2007.08.03 06:37:21.217,1.6326,1.6327,7.60,6.40
2007.08.03 06:37:21.294,1.6326,1.6327,15.60,6.40
2007.08.03 06:37:21.700,1.6326,1.6327,5.60,6.40
2007.08.03 06:37:21.743,1.6326,1.6327,3.20,8.80
2007.08.03 06:37:21.917,1.6326,1.6327,3.20,6.40
2007.08.03 06:37:22.030,1.6326,1.6327,3.20,2.40
2007.08.03 06:37:22.949,1.6326,1.6327,3.20,4.80
2007.08.03 06:37:23.683,1.6326,1.6327,3.20,2.40
2007.08.03 06:37:23.885,1.6326,1.6327,3.20,2.40
2007.08.03 06:37:24.498,1.6326,1.6327,3.20,2.40
2007.08.03 06:37:25.841,1.6326,1.6327,3.20,4.40
2007.08.03 06:37:28.184,1.6325,1.6327,45.90,4.40
2007.08.03 06:37:28.238,1.6325,1.6327,33.90,4.40
2007.08.03 06:37:28.279,1.6325,1.6327,31.50,4.40
2007.08.03 06:37:31.659,1.6325,1.6327,31.50,2.40
2007.08.03 06:37:33.443,1.6325,1.6327,28.30,5.60
2007.08.03 06:37:35.194,1.6325,1.6327,28.30,8.60
2007.08.03 06:37:35.292,1.6325,1.6327,28.30,15.00
2007.08.03 06:37:37.218,1.6325,1.6327,28.30,0.70
2007.08.03 06:37:40.733,1.6325,1.63275,25.90,18.20
2007.08.03 06:37:40.776,1.6325,1.6327,17.90,0.80
2007.08.03 06:37:40.848,1.6325,1.6328,17.90,50.90
2007.08.03 06:37:41.199,1.6325,1.6326,13.90,0.90
2007.08.03 06:37:41.659,1.6325,1.6327,16.30,19.80
2007.08.03 06:37:41.730,1.6325,1.6327,20.30,12.80
2007.08.03 06:37:42.506,1.6325,1.6328,20.30,48.60
2007.08.03 06:37:45.235,1.6325,1.6328,13.90,48.90
2007.08.03 06:37:45.436,1.6325,1.6328,2.00,44.80
2007.08.03 06:37:46.039,1.6325,1.6327,2.00,30.10
2007.08.03 06:37:46.691,1.6325,1.6327,10.00,30.10
2007.08.03 06:37:46.702,1.6325,1.6326,12.40,0.80
2007.08.03 06:37:47.038,1.6325,1.63275,12.40,38.10
2007.08.03 06:37:49.076,1.6325,1.63275,12.40,30.10
2007.08.03 06:37:52.137,1.6325,1.6328,15.80,39.70
2007.08.03 06:37:52.154,1.6325,1.6328,15.80,36.50
2007.08.03 06:37:52.163,1.6325,1.6328,23.80,36.10
2007.08.03 06:37:52.281,1.6325,1.6328,27.80,40.20
2007.08.03 06:37:52.381,1.6325,1.6328,27.80,48.30
2007.08.03 06:37:53.505,1.6325,1.6328,31.80,47.50
2007.08.03 06:37:59.123,1.6325,1.6328,33.40,45.90
2007.08.03 06:37:59.243,1.6326,1.6328,14.40,0.70
2007.08.03 06:37:59.347,1.6326,1.6328,14.40,0.70
2007.08.03 06:37:59.750,1.6326,1.6328,16.40,0.80
2007.08.03 06:38:02.115,1.6326,1.63285,16.40,29.90
2007.08.03 06:38:11.360,1.6326,1.6328,14.00,24.30
2007.08.03 06:38:14.701,1.6326,1.6328,3.90,24.30
2007.08.03 06:38:21.201,1.6326,1.6328,5.20,21.90
2007.08.03 06:38:21.929,1.6326,1.6328,7.80,21.90
2007.08.03 06:38:22.211,1.6326,1.6328,7.80,21.10
2007.08.03 06:38:22.251,1.63255,1.6328,27.80,7.20
2007.08.03 06:38:22.318,1.63255,1.6328,30.20,7.20
2007.08.03 06:38:22.343,1.6326,1.6328,19.70,7.20
2007.08.03 06:38:22.422,1.63255,1.6328,45.30,4.00
2007.08.03 06:38:22.493,1.6326,1.6328,10.70,4.00
2007.08.03 06:38:22.676,1.6325,1.6329,60.50,12.40
2007.08.03 06:38:22.742,1.6325,1.6329,60.50,9.20
2007.08.03 06:38:22.755,1.6325,1.6329,60.50,11.60
2007.08.03 06:38:22.883,1.6326,1.6329,16.50,9.60
2007.08.03 06:38:24.295,1.6325,1.6329,61.30,9.60
2007.08.03 06:38:27.100,1.6326,1.6329,13.60,9.60
2007.08.03 06:38:27.204,1.6326,1.6329,54.10,9.60
2007.08.03 06:38:27.249,1.6326,1.6329,57.30,9.60
2007.08.03 06:38:27.316,1.6326,1.6329,49.30,9.60
2007.08.03 06:38:27.344,1.6326,1.6329,49.30,9.60
2007.08.03 06:38:27.726,1.63265,1.6329,34.10,9.60
2007.08.03 06:38:28.652,1.6327,1.6329,8.10,9.60
2007.08.03 06:38:28.771,1.63265,1.6329,8.20,9.60
2007.08.03 06:38:28.918,1.6326,1.6329,34.40,9.60
2007.08.03 06:38:29.014,1.6326,1.6329,10.10,9.60
2007.08.03 06:38:29.068,1.6326,1.6329,10.90,17.60
2007.08.03 06:38:29.134,1.6326,1.6329,14.30,17.60
2007.08.03 06:38:29.281,1.6326,1.6329,8.90,9.60
2007.08.03 06:38:32.112,1.6326,1.6329,2.90,17.60
2007.08.03 06:38:32.173,1.6326,1.6329,46.30,17.60
2007.08.03 06:38:32.208,1.6327,1.6329,7.20,17.60
2007.08.03 06:38:32.283,1.63265,1.6329,21.70,17.60
2007.08.03 06:38:32.392,1.6327,1.6329,6.10,9.60
2007.08.03 06:38:32.705,1.63265,1.6329,30.10,9.60
2007.08.03 06:38:33.111,1.63265,1.6329,30.10,17.60
2007.08.03 06:38:50.143,1.6327,1.6329,26.70,15.20
2007.08.03 06:38:52.827,1.6327,1.6329,26.70,17.60
2007.08.03 06:38:56.689,1.6327,1.6329,24.30,20.00
2007.08.03 06:38:56.878,1.6327,1.6329,20.30,27.00
2007.08.03 06:38:56.971,1.6327,1.6329,20.30,27.80
2007.08.03 06:38:56.986,1.6327,1.6329,20.30,28.60
2007.08.03 06:38:57.144,1.6327,1.6329,20.30,29.40
2007.08.03 06:38:57.179,1.6327,1.6328,20.30,8.00
2007.08.03 06:38:57.197,1.6327,1.6328,20.30,13.60
2007.08.03 06:38:57.285,1.6327,1.6328,4.40,13.60
2007.08.03 06:38:57.305,1.6327,1.6328,2.00,13.60
2007.08.03 06:38:57.796,1.6327,1.6328,2.00,16.00
2007.08.03 06:38:58.518,1.6327,1.6328,2.00,20.00
2007.08.03 06:39:02.284,1.6326,1.6328,25.90,20.00
2007.08.03 06:39:02.346,1.6326,1.6328,25.10,20.80
2007.08.03 06:39:02.370,1.6326,1.6328,9.20,32.70
2007.08.03 06:39:02.644,1.6326,1.6328,11.60,32.70
2007.08.03 06:39:02.751,1.6326,1.6328,9.20,35.10
2007.08.03 06:39:02.792,1.6326,1.6328,13.20,47.10
2007.08.03 06:39:02.878,1.6326,1.6328,13.20,50.30
2007.08.03 06:39:02.957,1.6326,1.6327,13.20,3.20
2007.08.03 06:39:03.189,1.6326,1.6327,16.40,3.20
2007.08.03 06:39:03.362,1.6326,1.6327,18.80,3.20
2007.08.03 06:39:03.401,1.6326,1.6327,30.70,3.20
2007.08.03 06:39:03.672,1.6326,1.6328,30.70,10.40
2007.08.03 06:39:04.082,1.6326,1.6328,30.70,9.60
2007.08.03 06:39:04.778,1.6326,1.6328,30.70,10.40
2007.08.03 06:39:04.850,1.6326,1.6328,22.70,10.40
2007.08.03 06:39:06.685,1.6326,1.6328,20.30,12.80
2007.08.03 06:39:06.737,1.6326,1.6328,16.30,23.80
2007.08.03 06:39:06.824,1.6326,1.6328,16.30,31.80
2007.08.03 06:39:06.849,1.6326,1.6328,16.30,35.00
2007.08.03 06:39:06.993,1.6326,1.6328,16.30,35.80
2007.08.03 06:39:07.027,1.6326,1.6328,16.30,36.60
2007.08.03 06:39:07.095,1.6326,1.6328,16.30,37.40
2007.08.03 06:39:07.194,1.6326,1.6327,16.30,2.40
2007.08.03 06:39:07.251,1.6326,1.6327,4.40,10.40
2007.08.03 06:39:07.289,1.6326,1.6327,4.40,13.60
2007.08.03 06:39:07.395,1.6326,1.6327,2.00,13.60
2007.08.03 06:39:07.578,1.6326,1.6327,2.00,17.60
2007.08.03 06:39:07.705,1.6326,1.6327,4.40,15.20
2007.08.03 06:39:07.781,1.6326,1.6327,4.40,17.60
2007.08.03 06:39:08.131,1.6326,1.6327,4.40,20.00
2007.08.03 06:39:08.195,1.6326,1.6327,8.40,12.00
2007.08.03 06:39:08.427,1.6326,1.6327,8.40,6.40
2007.08.03 06:39:08.700,1.6326,1.6327,20.30,6.40
2007.08.03 06:39:08.823,1.6326,1.6327,24.30,4.00
2007.08.03 06:39:08.832,1.6326,1.6327,26.70,4.00
2007.08.03 06:39:09.575,1.6326,1.6328,26.70,12.80
2007.08.03 06:39:10.677,1.6326,1.6328,24.30,12.80
2007.08.03 06:39:10.781,1.6326,1.6327,6.40,10.40
2007.08.03 06:39:10.935,1.6325,1.6327,45.30,10.40
2007.08.03 06:39:10.986,1.6325,1.6327,41.90,10.40
2007.08.03 06:39:11.076,1.6325,1.6327,40.30,10.40
2007.08.03 06:39:11.190,1.6325,1.6327,37.10,16.00
2007.08.03 06:39:11.278,1.6325,1.6327,25.20,27.90
2007.08.03 06:39:11.816,1.6325,1.6327,22.80,30.30
2007.08.03 06:39:11.918,1.6325,1.6327,22.80,0.90
2007.08.03 06:39:12.264,1.6325,1.6327,18.80,0.70
2007.08.03 06:39:12.532,1.6325,1.63275,10.80,37.50
2007.08.03 06:39:15.213,1.6325,1.63275,18.80,37.50
2007.08.03 06:39:16.127,1.6325,1.6328,18.80,50.30
2007.08.03 06:39:16.142,1.6325,1.6327,18.80,0.60
2007.08.03 06:39:16.216,1.6325,1.6327,18.80,43.90
2007.08.03 06:39:16.250,1.6325,1.6327,14.80,55.90
2007.08.03 06:39:16.324,1.6325,1.6327,12.40,55.90
2007.08.03 06:39:34.710,1.6325,1.6326,12.40,0.90
2007.08.03 06:39:36.805,1.6325,1.6327,10.00,51.90
2007.08.03 06:39:37.851,1.6325,1.6326,2.00,0.90
2007.08.03 06:39:39.171,1.6325,1.6326,4.40,0.90
2007.08.03 06:39:39.208,1.6325,1.6327,12.40,48.70
2007.08.03 06:39:39.410,1.6325,1.6327,12.40,64.70
2007.08.03 06:39:39.708,1.6325,1.6327,12.40,49.30
2007.08.03 06:39:49.162,1.6325,1.6327,16.40,40.90
2007.08.03 06:39:49.331,1.6325,1.63275,16.40,17.00
2007.08.03 06:39:54.759,1.6325,1.6328,16.40,36.00
2007.08.03 06:39:54.875,1.6325,1.6328,24.40,36.00
2007.08.03 06:39:55.171,1.6325,1.6328,16.40,36.00
2007.08.03 06:39:55.379,1.6325,1.6327,16.40,0.80
2007.08.03 06:40:02.251,1.6325,1.6327,16.40,0.70
2007.08.03 06:40:02.687,1.6326,1.63275,0.80,32.90
2007.08.03 06:40:02.751,1.6326,1.63275,2.80,15.00
2007.08.03 06:40:09.681,1.6326,1.6327,2.00,11.80
2007.08.03 06:40:09.702,1.6325,1.6327,24.40,30.10
2007.08.03 06:40:09.789,1.6325,1.6327,22.00,30.10
2007.08.03 06:40:09.821,1.6325,1.6327,6.00,30.10
2007.08.03 06:40:10.120,1.6325,1.6327,4.40,30.10
2007.08.03 06:40:14.220,1.6325,1.6327,2.00,30.10
2007.08.03 06:40:15.205,1.6325,1.6327,2.00,14.20
2007.08.03 06:40:15.254,1.6326,1.6327,0.80,14.20
2007.08.03 06:40:15.698,1.6325,1.6327,2.80,14.20
2007.08.03 06:40:15.741,1.6325,1.6327,18.80,11.20
2007.08.03 06:40:16.195,1.6326,1.6327,1.60,11.20
2007.08.03 06:40:16.298,1.6325,1.6327,27.00,11.20
2007.08.03 06:40:17.062,1.6325,1.6327,31.00,7.20
2007.08.03 06:40:18.230,1.6325,1.6327,32.60,7.20
2007.08.03 06:40:18.243,1.6325,1.6327,35.80,2.40
2007.08.03 06:40:18.635,1.6325,1.6328,35.80,40.30
2007.08.03 06:40:19.670,1.6327,1.6328,0.60,37.90
2007.08.03 06:40:19.681,1.6326,1.6328,12.40,35.90
2007.08.03 06:40:19.787,1.6327,1.6328,5.60,20.00
2007.08.03 06:40:19.892,1.6326,1.6328,39.70,12.00
2007.08.03 06:40:20.183,1.6326,1.6328,42.90,6.40
2007.08.03 06:40:20.205,1.6326,1.6328,42.90,6.40
2007.08.03 06:40:20.290,1.6326,1.6328,45.30,6.40
2007.08.03 06:40:20.302,1.6326,1.6328,47.30,6.40
2007.08.03 06:40:20.849,1.6327,1.6328,14.00,4.00
2007.08.03 06:40:21.216,1.6327,1.6328,1.70,4.00
2007.08.03 06:40:21.258,1.6326,1.6328,39.70,4.00
2007.08.03 06:40:22.181,1.6326,1.6328,44.10,4.00
2007.08.03 06:40:22.238,1.6326,1.6328,47.30,4.00
2007.08.03 06:40:22.309,1.6327,1.6329,16.70,11.20
2007.08.03 06:40:31.696,1.6328,1.6329,0.70,11.20
2007.08.03 06:40:31.735,1.6327,1.6329,39.90,11.20
2007.08.03 06:40:31.851,1.6327,1.6329,43.30,11.20
2007.08.03 06:40:32.632,1.63275,1.6329,17.80,12.00
2007.08.03 06:40:32.731,1.6328,1.6329,0.70,6.40
2007.08.03 06:40:32.875,1.6328,1.6329,1.60,4.00
2007.08.03 06:40:33.151,1.63275,1.6329,15.40,4.00
2007.08.03 06:40:33.184,1.6328,1.6329,1.10,4.00
2007.08.03 06:40:33.292,1.63275,1.6329,1.40,4.00
2007.08.03 06:40:33.358,1.63275,1.6329,0.80,9.60
2007.08.03 06:40:33.377,1.6326,1.6329,45.80,9.60
2007.08.03 06:40:33.391,1.6326,1.6329,57.70,9.60
2007.08.03 06:40:34.163,1.63265,1.6329,38.50,9.60
2007.08.03 06:40:34.960,1.6327,1.6329,15.50,12.00
2007.08.03 06:40:35.895,1.63265,1.6329,38.50,9.60
2007.08.03 06:40:36.251,1.6326,1.6329,51.30,9.60
2007.08.03 06:40:37.148,1.6326,1.6329,51.30,5.60
2007.08.03 06:40:41.753,1.6326,1.633,56.90,12.00
2007.08.03 06:40:41.799,1.6326,1.633,68.90,12.00
2007.08.03 06:40:42.371,1.6327,1.633,57.70,12.00
2007.08.03 06:40:42.782,1.6327,1.633,59.30,6.40
2007.08.03 06:40:43.763,1.6328,1.633,2.40,4.00
2007.08.03 06:40:49.655,1.6328,1.633,2.40,6.40
2007.08.03 06:40:49.778,1.6328,1.633,2.40,9.60
2007.08.03 06:40:49.821,1.6328,1.633,2.40,21.60
2007.08.03 06:40:50.103,1.6328,1.633,2.40,25.60
2007.08.03 06:40:50.208,1.6328,1.633,2.40,53.50
2007.08.03 06:40:50.473,1.6328,1.6329,2.40,5.60
2007.08.03 06:40:51.151,1.6327,1.6329,42.50,5.60
2007.08.03 06:40:51.340,1.6327,1.633,45.70,37.50
2007.08.03 06:40:51.372,1.6327,1.633,57.70,9.60
2007.08.03 06:40:53.389,1.63275,1.633,3.40,9.60
2007.08.03 06:40:53.408,1.63275,1.633,3.40,11.60
2007.08.03 06:40:53.701,1.63275,1.6329,3.40,5.60
2007.08.03 06:40:54.948,1.6327,1.6329,39.10,5.60
2007.08.03 06:40:55.530,1.6327,1.6329,35.10,9.60
2007.08.03 06:40:55.811,1.6327,1.6329,32.70,9.60
2007.08.03 06:41:01.320,1.6327,1.6329,36.10,9.60
2007.08.03 06:41:01.723,1.6327,1.6329,38.50,9.60
2007.08.03 06:41:02.592,1.6327,1.6329,42.50,5.60
2007.08.03 06:41:07.936,1.6327,1.6329,39.10,5.60
2007.08.03 06:41:08.555,1.6327,1.6329,35.10,9.60
2007.08.03 06:41:08.770,1.6327,1.6329,32.70,9.60
2007.08.03 06:41:11.187,1.6327,1.6329,32.70,0.70
2007.08.03 06:41:25.360,1.6327,1.633,36.10,56.30
2007.08.03 06:41:25.767,1.6327,1.633,38.50,52.30
2007.08.03 06:41:26.201,1.6327,1.633,42.50,52.30
2007.08.03 06:41:28.722,1.6328,1.63305,3.20,51.50
2007.08.03 06:41:28.791,1.6328,1.633,15.20,0.50
2007.08.03 06:41:29.098,1.6328,1.63305,15.20,39.50
2007.08.03 06:41:29.743,1.6328,1.63305,12.80,39.50
2007.08.03 06:41:29.825,1.6328,1.633,12.80,0.90
2007.08.03 06:41:29.939,1.6328,1.6331,4.80,57.90
2007.08.03 06:41:30.060,1.6328,1.6331,0.80,59.80
2007.08.03 06:41:30.157,1.6328,1.6331,0.80,59.80
2007.08.03 06:41:30.231,1.6328,1.633,0.80,0.60
2007.08.03 06:41:30.406,1.6328,1.633,0.80,56.30
2007.08.03 06:41:30.467,1.6327,1.63295,37.10,8.80
2007.08.03 06:41:30.861,1.6327,1.63295,34.70,8.80
2007.08.03 06:41:31.023,1.6327,1.6329,30.70,0.70
2007.08.03 06:41:31.802,1.6327,1.6329,36.50,0.90
2007.08.03 06:41:32.555,1.6327,1.633,40.50,52.30
2007.08.03 06:41:33.044,1.6327,1.6329,40.50,7.20
2007.08.03 06:41:33.237,1.6327,1.6329,38.10,10.40
2007.08.03 06:41:33.263,1.6327,1.6329,12.20,46.30
2007.08.03 06:41:33.347,1.6326,1.6327,16.20,0.70
2007.08.03 06:41:33.368,1.63265,1.6327,3.40,0.90
2007.08.03 06:41:33.755,1.63265,1.6327,3.40,0.90
2007.08.03 06:41:34.043,1.6326,1.6328,19.60,44.30
2007.08.03 06:41:34.290,1.6326,1.6329,47.50,0.90
2007.08.03 06:41:34.379,1.6326,1.633,53.10,36.70
2007.08.03 06:41:34.414,1.6326,1.633,53.10,32.00
2007.08.03 06:41:34.473,1.63265,1.633,3.40,31.20
2007.08.03 06:41:34.726,1.6326,1.63295,58.10,16.40
2007.08.03 06:41:34.809,1.6326,1.6329,56.50,0.80
2007.08.03 06:41:35.008,1.63265,1.633,3.40,29.20
2007.08.03 06:41:35.128,1.63265,1.6329,3.40,11.20
2007.08.03 06:41:36.196,1.63265,1.633,3.40,29.20
2007.08.03 06:41:36.640,1.6327,1.6329,2.40,0.60
2007.08.03 06:41:36.756,1.6327,1.6329,10.40,0.60
2007.08.03 06:41:36.808,1.63275,1.633,3.40,17.20
2007.08.03 06:41:37.394,1.6327,1.633,3.40,25.20
2007.08.03 06:41:37.905,1.6327,1.6329,5.00,0.50
2007.08.03 06:41:37.951,1.63275,1.633,3.40,25.20
2007.08.03 06:41:38.401,1.63275,1.633,3.40,25.20
2007.08.03 06:41:38.752,1.6328,1.6329,4.00,0.60
2007.08.03 06:41:38.837,1.6328,1.633,4.00,17.20
2007.08.03 06:41:39.372,1.63275,1.6329,3.40,4.80
2007.08.03 06:41:39.672,1.6328,1.6329,4.00,4.80
2007.08.03 06:41:40.207,1.6327,1.6329,12.20,4.80
2007.08.03 06:41:40.235,1.6327,1.6329,9.80,4.80
2007.08.03 06:41:41.266,1.6327,1.6329,12.80,4.80
2007.08.03 06:41:41.306,1.63275,1.6329,3.40,4.80
2007.08.03 06:41:41.345,1.6328,1.6329,4.00,4.80
2007.08.03 06:41:41.756,1.63275,1.6329,3.40,4.80
2007.08.03 06:41:42.894,1.6327,1.6329,9.80,4.80
2007.08.03 06:41:43.422,1.6327,1.6329,6.40,4.80
2007.08.03 06:41:43.723,1.6327,1.6329,4.00,7.20
2007.08.03 06:41:45.676,1.6327,1.6328,4.00,2.40
2007.08.03 06:41:45.973,1.6327,1.6328,4.00,10.40
2007.08.03 06:41:46.192,1.6327,1.6328,4.00,15.20
2007.08.03 06:41:46.824,1.6327,1.6328,4.00,17.60
2007.08.03 06:41:47.145,1.6326,1.6328,11.60,21.60
2007.08.03 06:41:49.265,1.6325,1.6328,32.20,21.60
2007.08.03 06:41:50.306,1.6326,1.6328,3.00,22.40
2007.08.03 06:41:50.647,1.6325,1.6328,32.40,22.40
2007.08.03 06:41:50.724,1.6326,1.6327,2.10,4.80
2007.08.03 06:41:50.765,1.6325,1.6327,33.60,4.80
2007.08.03 06:41:50.821,1.6326,1.6327,2.00,4.80
2007.08.03 06:41:55.654,1.6325,1.6328,36.80,27.20
2007.08.03 06:41:55.730,1.6325,1.6328,51.30,19.20
2007.08.03 06:41:55.848,1.6325,1.6328,51.30,15.20
2007.08.03 06:41:55.868,1.6325,1.6328,51.30,15.20
2007.08.03 06:41:55.996,1.6325,1.6328,51.30,15.20
2007.08.03 06:41:56.151,1.6325,1.6328,52.10,13.60
2007.08.03 06:41:56.520,1.6325,1.6328,52.10,9.60
2007.08.03 06:41:57.697,1.6326,1.6328,10.00,10.40
2007.08.03 06:41:57.725,1.6325,1.6328,56.10,10.40
2007.08.03 06:41:58.734,1.6325,1.6328,56.10,9.60
2007.08.03 06:42:02.142,1.6325,1.6328,56.90,10.40
2007.08.03 06:42:03.092,1.6326,1.6328,15.40,10.40
2007.08.03 06:42:04.134,1.6325,1.6328,55.30,10.40
2007.08.03 06:42:12.126,1.6326,1.6328,15.60,12.00
2007.08.03 06:42:12.172,1.6325,1.6327,49.70,4.80
2007.08.03 06:42:12.236,1.6325,1.6327,46.10,4.80
2007.08.03 06:42:12.279,1.6325,1.6327,46.10,4.80
2007.08.03 06:42:12.340,1.6326,1.6327,5.10,4.80
2007.08.03 06:42:12.358,1.63255,1.6327,12.60,4.80
2007.08.03 06:42:13.045,1.6325,1.6327,33.40,4.80
2007.08.03 06:42:15.148,1.6326,1.6327,0.70,4.80
2007.08.03 06:42:15.870,1.6326,1.6327,1.30,7.20
2007.08.03 06:42:16.178,1.6325,1.6327,40.50,7.20
2007.08.03 06:42:17.730,1.6326,1.6327,1.20,7.20
2007.08.03 06:42:18.133,1.6325,1.6327,36.50,7.20
2007.08.03 06:42:18.240,1.6325,1.6327,36.50,9.60
2007.08.03 06:42:18.654,1.6326,1.6327,2.80,7.20
2007.08.03 06:42:18.853,1.6326,1.6327,0.80,9.20
2007.08.03 06:42:18.951,1.6325,1.6326,35.70,8.00
2007.08.03 06:42:19.065,1.6326,1.6327,2.80,7.20
2007.08.03 06:42:19.166,1.6326,1.6327,5.20,7.20
2007.08.03 06:42:26.743,1.6326,1.6327,2.80,7.20
2007.08.03 06:42:27.177,1.6326,1.6327,5.20,7.20
2007.08.03 06:42:27.270,1.6326,1.6327,4.40,7.20
2007.08.03 06:42:27.692,1.6326,1.6327,2.00,7.20
2007.08.03 06:42:27.894,1.6326,1.6327,2.80,7.20
2007.08.03 06:42:29.223,1.6326,1.6327,5.20,7.20
2007.08.03 06:42:29.532,1.6325,1.6327,39.70,7.20
2007.08.03 06:42:30.914,1.6325,1.6327,45.70,4.80
2007.08.03 06:42:32.859,1.6326,1.6327,0.50,4.00
2007.08.03 06:42:38.272,1.6325,1.6328,51.30,26.00
2007.08.03 06:42:38.677,1.6326,1.6328,14.40,23.60
2007.08.03 06:42:39.129,1.6326,1.6328,21.80,19.60
2007.08.03 06:42:39.807,1.6326,1.6328,25.80,22.80
2007.08.03 06:42:39.912,1.6327,1.6328,4.60,15.20
2007.08.03 06:42:43.736,1.6327,1.6328,1.60,10.40
2007.08.03 06:42:44.041,1.6326,1.6328,42.60,2.40
2007.08.03 06:42:44.648,1.6328,1.6329,0.80,34.30
2007.08.03 06:42:44.757,1.6327,1.6329,23.20,20.80
2007.08.03 06:42:47.177,1.6328,1.6329,0.80,28.80
2007.08.03 06:42:47.383,1.6327,1.6329,21.20,20.80
2007.08.03 06:42:54.854,1.6327,1.6329,23.60,21.60
2007.08.03 06:42:54.947,1.6327,1.6329,23.60,22.40
2007.08.03 06:42:54.993,1.6328,1.6329,0.80,23.20
2007.08.03 06:42:55.261,1.6327,1.6329,0.50,23.20
2007.08.03 06:42:55.265,1.6327,1.6329,2.30,23.20
2007.08.03 06:42:55.363,1.6327,1.6329,3.60,31.20
2007.08.03 06:42:55.568,1.6326,1.6329,31.80,47.10
2007.08.03 06:42:55.985,1.6326,1.6329,31.80,48.70
2007.08.03 06:42:56.081,1.6326,1.6329,31.80,51.10
2007.08.03 06:42:56.089,1.6326,1.6329,31.80,52.70
2007.08.03 06:42:56.183,1.6327,1.6328,2.20,6.40
2007.08.03 06:42:56.199,1.6327,1.6328,0.60,6.40
2007.08.03 06:42:56.291,1.6326,1.6328,6.10,15.20
2007.08.03 06:42:56.395,1.6327,1.6328,1.10,15.20
2007.08.03 06:42:56.691,1.6327,1.6328,0.50,12.80
2007.08.03 06:42:56.920,1.6327,1.6328,1.50,15.20
2007.08.03 06:42:58.689,1.6327,1.6328,4.40,7.20
2007.08.03 06:42:58.749,1.6328,1.6329,0.80,63.40
2007.08.03 06:42:58.784,1.6327,1.6328,12.40,2.40
2007.08.03 06:42:59.163,1.6328,1.6329,2.00,21.70
2007.08.03 06:42:59.261,1.6327,1.6328,19.60,2.40
2007.08.03 06:42:59.312,1.6327,1.6328,15.60,2.40
2007.08.03 06:42:59.823,1.6327,1.6329,15.60,33.20
2007.08.03 06:43:00.143,1.6327,1.6329,14.00,34.00
2007.08.03 06:43:00.183,1.6327,1.6328,14.00,7.20
2007.08.03 06:43:00.237,1.6327,1.6328,8.00,15.20
2007.08.03 06:43:00.280,1.6327,1.6328,5.60,15.20
2007.08.03 06:43:00.346,1.6327,1.6328,1.60,15.20
2007.08.03 06:43:00.763,1.6327,1.6328,1.60,17.20
2007.08.03 06:43:00.863,1.6327,1.6328,1.60,19.60
2007.08.03 06:43:01.062,1.6326,1.6328,43.70,19.60
2007.08.03 06:43:01.182,1.6327,1.6328,2.40,17.20
2007.08.03 06:43:01.297,1.6327,1.6328,10.40,17.20
2007.08.03 06:43:01.771,1.6327,1.6328,12.40,15.20
2007.08.03 06:43:01.890,1.6327,1.6328,12.40,12.80
2007.08.03 06:43:02.183,1.6327,1.6328,16.40,12.80
2007.08.03 06:43:02.201,1.6327,1.6328,16.40,8.00
2007.08.03 06:43:02.297,1.6327,1.6329,20.40,42.30
2007.08.03 06:43:02.338,1.6327,1.6329,20.40,39.10
2007.08.03 06:43:02.417,1.6327,1.6329,22.80,36.70
2007.08.03 06:43:02.614,1.6328,1.6329,0.80,36.70
2007.08.03 06:43:02.713,1.6328,1.6329,0.80,20.80
2007.08.03 06:43:03.507,1.6328,1.6329,0.80,16.80
2007.08.03 06:43:03.760,1.6328,1.6329,2.80,16.80
2007.08.03 06:43:04.201,1.6328,1.6329,2.80,20.80
2007.08.03 06:43:05.184,1.6328,1.6329,5.20,18.40
2007.08.03 06:43:05.373,1.6328,1.6329,17.20,10.40
2007.08.03 06:43:05.386,1.6328,1.6329,17.20,6.40
2007.08.03 06:43:05.832,1.6328,1.6329,17.20,4.00
2007.08.03 06:43:06.214,1.6328,1.6329,20.60,4.00
2007.08.03 06:43:06.721,1.6328,1.6329,17.20,4.00
2007.08.03 06:43:06.870,1.6328,1.6329,19.60,4.00
2007.08.03 06:43:07.800,1.6328,1.6329,17.20,4.00
2007.08.03 06:43:09.667,1.6329,1.633,8.00,20.70
2007.08.03 06:43:09.719,1.6329,1.633,10.40,20.70
2007.08.03 06:43:09.748,1.6329,1.633,12.40,4.80
2007.08.03 06:43:10.140,1.6329,1.633,12.40,4.80
2007.08.03 06:43:10.184,1.6329,1.633,4.40,4.80
2007.08.03 06:43:10.217,1.6329,1.633,2.00,4.80
2007.08.03 06:43:11.134,1.6329,1.633,2.00,8.80
2007.08.03 06:43:11.217,1.6328,1.633,15.20,26.70
2007.08.03 06:43:11.335,1.6328,1.633,11.20,26.70
2007.08.03 06:43:11.846,1.6328,1.633,11.20,24.70
2007.08.03 06:43:12.047,1.6329,1.633,2.40,24.70
2007.08.03 06:43:12.172,1.6329,1.633,2.40,23.90
2007.08.03 06:43:12.269,1.6329,1.633,18.30,8.00
2007.08.03 06:43:12.275,1.6329,1.633,20.70,8.00
2007.08.03 06:43:12.378,1.6329,1.633,28.70,4.00
2007.08.03 06:43:12.679,1.6329,1.633,24.70,8.80
2007.08.03 06:43:12.796,1.6329,1.633,2.40,26.70
2007.08.03 06:43:13.095,1.6328,1.633,17.60,26.70
2007.08.03 06:43:13.616,1.6328,1.633,15.20,26.70
2007.08.03 06:43:13.919,1.6328,1.633,23.20,26.70
2007.08.03 06:43:15.104,1.6328,1.633,26.60,26.70
2007.08.03 06:43:15.154,1.6328,1.633,26.60,24.70
2007.08.03 06:43:15.249,1.6329,1.633,8.00,8.80
2007.08.03 06:43:15.265,1.6329,1.633,10.40,8.80
2007.08.03 06:43:15.685,1.6329,1.633,10.40,10.80
2007.08.03 06:43:16.007,1.6329,1.633,10.40,6.80
2007.08.03 06:43:16.701,1.6329,1.633,10.40,4.80
2007.08.03 06:43:18.172,1.6329,1.633,10.40,6.80
2007.08.03 06:43:18.638,1.6329,1.633,8.00,6.80
2007.08.03 06:43:18.733,1.6329,1.633,8.00,6.00
2007.08.03 06:43:18.800,1.6328,1.633,44.10,4.00
2007.08.03 06:43:19.124,1.6328,1.633,38.10,4.00
2007.08.03 06:43:19.221,1.6329,1.633,4.00,4.00
2007.08.03 06:43:19.379,1.6329,1.6331,4.00,25.80
2007.08.03 06:43:19.471,1.6329,1.6331,4.00,29.00
2007.08.03 06:43:20.084,1.6329,1.633,4.00,4.00
2007.08.03 06:43:20.719,1.6329,1.633,4.00,8.00
2007.08.03 06:43:20.751,1.6328,1.633,43.10,8.00
2007.08.03 06:43:20.866,1.6328,1.633,39.10,8.00
2007.08.03 06:43:21.072,1.6329,1.633,3.20,8.00
2007.08.03 06:43:21.295,1.6329,1.633,23.10,8.00
2007.08.03 06:43:21.333,1.6329,1.633,23.10,4.00
2007.08.03 06:43:21.630,1.6329,1.633,25.50,4.00
2007.08.03 06:43:21.807,1.6329,1.633,4.50,4.00
2007.08.03 06:43:22.615,1.63285,1.6331,28.90,14.80
2007.08.03 06:43:27.186,1.6329,1.6331,26.30,14.80
2007.08.03 06:43:27.696,1.633,1.6331,0.80,18.80
2007.08.03 06:43:27.706,1.6329,1.6331,6.50,18.80
2007.08.03 06:43:28.105,1.6329,1.6331,27.30,18.80
2007.08.03 06:43:28.223,1.6329,1.6331,33.70,12.40
2007.08.03 06:43:28.237,1.6329,1.6331,37.70,6.40
2007.08.03 06:43:28.293,1.6329,1.6331,41.70,2.40
2007.08.03 06:43:28.315,1.6329,1.6331,41.70,2.40
2007.08.03 06:43:28.732,1.6329,1.6332,44.10,23.60
2007.08.03 06:43:29.156,1.6329,1.6332,43.30,23.60
2007.08.03 06:43:29.641,1.6329,1.6332,46.50,22.80
2007.08.03 06:43:29.676,1.633,1.6332,30.30,20.80
2007.08.03 06:43:31.719,1.633,1.6332,32.70,21.60
2007.08.03 06:43:33.146,1.633,1.6332,35.90,19.20
2007.08.03 06:43:34.170,1.6331,1.6332,0.60,14.40
2007.08.03 06:43:34.221,1.63305,1.6332,11.80,6.40
2007.08.03 06:43:34.339,1.63305,1.6332,11.80,2.40
2007.08.03 06:43:34.694,1.6332,1.6333,0.80,12.00
2007.08.03 06:43:34.743,1.6331,1.6332,25.90,2.40
2007.08.03 06:43:34.847,1.6331,1.6333,27.10,10.40
2007.08.03 06:43:35.124,1.6332,1.6333,0.90,6.40
2007.08.03 06:43:35.168,1.6331,1.6333,42.10,8.40
2007.08.03 06:43:35.269,1.6332,1.6333,0.60,6.40
2007.08.03 06:43:35.680,1.6331,1.6333,40.10,6.40
2007.08.03 06:43:35.706,1.6331,1.6333,43.30,6.40
2007.08.03 06:43:36.634,1.6331,1.6333,40.10,6.40
2007.08.03 06:43:36.728,1.6332,1.6333,1.50,6.40
2007.08.03 06:43:37.050,1.6332,1.6333,0.50,4.00
2007.08.03 06:43:37.148,1.6331,1.6333,38.50,4.00
2007.08.03 06:43:37.266,1.6331,1.6333,42.50,4.00
2007.08.03 06:43:40.040,1.6331,1.6333,42.50,5.60
2007.08.03 06:43:41.084,1.6332,1.6333,3.40,5.60
2007.08.03 06:43:41.167,1.6333,1.6334,0.60,45.10
2007.08.03 06:43:41.186,1.6332,1.6334,17.20,43.10
2007.08.03 06:43:41.263,1.6333,1.6334,1.20,40.70
2007.08.03 06:43:41.299,1.6332,1.6334,37.10,12.80
2007.08.03 06:43:41.680,1.6332,1.6334,46.10,7.20
2007.08.03 06:43:41.698,1.6333,1.6334,5.30,4.80
2007.08.03 06:43:41.806,1.6332,1.6334,58.10,4.80
2007.08.03 06:43:41.885,1.6332,1.6334,58.10,4.00
2007.08.03 06:43:42.741,1.6334,1.6335,3.60,18.40
2007.08.03 06:43:42.800,1.6334,1.6335,0.90,16.00
2007.08.03 06:43:43.080,1.6333,1.6335,46.10,16.00
2007.08.03 06:43:43.777,1.6333,1.6335,47.70,13.60
2007.08.03 06:43:44.167,1.6334,1.6335,2.60,8.00
2007.08.03 06:43:44.189,1.6333,1.6336,50.90,31.60
2007.08.03 06:43:44.289,1.6334,1.6336,6.80,27.60
2007.08.03 06:43:44.321,1.6333,1.6336,37.40,24.40
2007.08.03 06:43:44.681,1.6334,1.6335,3.00,5.60
2007.08.03 06:43:44.693,1.6334,1.6335,0.80,15.60
2007.08.03 06:43:45.114,1.6333,1.6335,41.90,23.60
2007.08.03 06:43:45.310,1.6334,1.6335,2.60,26.00
2007.08.03 06:43:45.323,1.63325,1.6335,28.50,26.00
2007.08.03 06:43:45.393,1.6332,1.6335,32.70,29.20
2007.08.03 06:43:45.446,1.6333,1.6335,0.50,21.20
2007.08.03 06:43:45.513,1.6332,1.6335,32.70,25.20
2007.08.03 06:43:45.680,1.6332,1.63345,32.70,3.20
2007.08.03 06:43:45.940,1.6333,1.63345,6.40,3.20
2007.08.03 06:43:46.309,1.6334,1.6335,0.80,26.80
2007.08.03 06:43:46.340,1.6333,1.6335,29.90,26.00
2007.08.03 06:43:46.516,1.6333,1.6334,29.10,4.00
2007.08.03 06:43:46.861,1.6332,1.6334,42.40,4.00
2007.08.03 06:43:47.073,1.6332,1.6334,41.60,4.00
2007.08.03 06:43:47.105,1.6333,1.63345,5.60,3.20
2007.08.03 06:43:47.157,1.6333,1.6334,4.80,5.60
2007.08.03 06:43:47.189,1.6331,1.6334,35.80,5.60
2007.08.03 06:43:47.264,1.6332,1.6334,10.60,5.60
2007.08.03 06:43:47.281,1.6331,1.6334,47.70,5.60
2007.08.03 06:43:47.506,1.6332,1.6334,16.30,9.60
2007.08.03 06:43:47.671,1.6332,1.6334,12.50,9.60
2007.08.03 06:43:47.706,1.6332,1.6334,8.60,9.60
2007.08.03 06:43:48.178,1.6331,1.6334,43.70,9.60
2007.08.03 06:43:48.686,1.6332,1.6334,10.40,12.80
2007.08.03 06:43:48.740,1.6331,1.6334,29.80,38.70
2007.08.03 06:43:48.794,1.6332,1.6334,4.00,38.70
2007.08.03 06:43:48.861,1.6331,1.6334,28.20,38.70
2007.08.03 06:43:49.287,1.6332,1.6334,2.00,41.70
2007.08.03 06:43:49.794,1.6332,1.6334,25.10,30.80
2007.08.03 06:43:49.818,1.6332,1.6334,27.50,30.80
2007.08.03 06:43:49.900,1.6332,1.6334,27.50,22.80
2007.08.03 06:43:50.096,1.6332,1.6334,30.90,22.80
2007.08.03 06:43:50.103,1.6332,1.6334,31.70,22.80
2007.08.03 06:43:50.367,1.6332,1.6334,28.30,22.80
2007.08.03 06:43:50.639,1.6332,1.6334,31.70,22.80
2007.08.03 06:43:50.700,1.6332,1.6334,15.80,38.70
2007.08.03 06:43:50.725,1.6332,1.6334,13.40,38.70
2007.08.03 06:43:50.814,1.6332,1.6334,9.40,38.70
2007.08.03 06:43:50.881,1.6332,1.6334,6.00,38.70
2007.08.03 06:43:51.107,1.6332,1.6334,5.20,38.70
2007.08.03 06:43:51.160,1.6332,1.6334,9.20,34.70
2007.08.03 06:43:51.514,1.6332,1.6334,5.20,38.70
2007.08.03 06:43:54.655,1.6332,1.6334,5.20,42.70
2007.08.03 06:43:54.707,1.6332,1.6333,4.40,5.60
2007.08.03 06:43:55.188,1.6332,1.6333,12.40,5.60
2007.08.03 06:43:55.422,1.6332,1.6334,12.40,45.10
2007.08.03 06:43:55.625,1.6332,1.6334,13.20,45.10
2007.08.03 06:43:55.699,1.6332,1.6334,13.20,41.10
2007.08.03 06:43:55.734,1.6332,1.6334,13.20,38.70
2007.08.03 06:43:56.660,1.6332,1.6334,13.20,37.90
2007.08.03 06:43:56.768,1.6332,1.6334,13.20,35.50
2007.08.03 06:43:56.824,1.6332,1.6334,29.10,11.60
2007.08.03 06:43:57.120,1.6332,1.6334,33.10,7.60
2007.08.03 06:43:57.135,1.6332,1.6334,25.10,7.60
2007.08.03 06:43:57.514,1.6332,1.6334,21.10,11.60
2007.08.03 06:43:59.119,1.6332,1.6334,32.50,11.60
2007.08.03 06:43:59.514,1.6332,1.6334,36.50,7.60
2007.08.03 06:43:59.843,1.6332,1.6334,38.90,7.60
2007.08.03 06:44:01.812,1.6332,1.6334,36.90,7.60
2007.08.03 06:44:01.922,1.6332,1.6334,38.90,5.60
2007.08.03 06:44:02.127,1.6333,1.6334,2.40,5.60
2007.08.03 06:44:02.181,1.6333,1.6334,4.80,5.60
2007.08.03 06:44:02.221,1.6333,1.6334,28.70,5.60
2007.08.03 06:44:02.285,1.6333,1.6335,28.70,33.00
2007.08.03 06:44:02.336,1.6333,1.6335,28.70,25.00
2007.08.03 06:44:02.547,1.6334,1.6335,0.80,22.60
2007.08.03 06:44:02.648,1.6334,1.6335,0.80,20.60
2007.08.03 06:44:02.694,1.6334,1.6335,0.80,23.00
2007.08.03 06:44:02.843,1.6334,1.6335,0.80,22.60
2007.08.03 06:44:02.848,1.6334,1.6335,0.80,19.60
2007.08.03 06:44:02.972,1.6334,1.6335,0.80,16.40
2007.08.03 06:44:05.193,1.6333,1.6335,23.90,16.40
2007.08.03 06:44:05.226,1.63325,1.6335,3.40,16.40
2007.08.03 06:44:05.251,1.6332,1.6335,35.00,16.40
2007.08.03 06:44:05.299,1.6332,1.6334,35.00,5.60
2007.08.03 06:44:05.343,1.6332,1.6334,29.40,5.60
2007.08.03 06:44:13.713,1.6333,1.6335,2.40,27.40
2007.08.03 06:44:13.727,1.6333,1.6335,12.40,23.40
2007.08.03 06:44:15.692,1.6333,1.6334,12.40,5.60
2007.08.03 06:44:15.697,1.6333,1.6334,10.40,5.60
2007.08.03 06:44:16.204,1.6333,1.6334,2.40,5.60
2007.08.03 06:44:16.310,1.6332,1.6334,37.30,5.60
2007.08.03 06:44:18.657,1.6333,1.6335,2.40,23.40
2007.08.03 06:44:18.708,1.6333,1.6335,12.40,23.40
2007.08.03 06:44:25.019,1.6333,1.6335,14.00,23.40
2007.08.03 06:44:25.239,1.6333,1.6335,18.00,19.40
2007.08.03 06:44:25.337,1.6333,1.6335,20.40,19.40
2007.08.03 06:44:25.343,1.6333,1.6335,24.40,19.40
2007.08.03 06:44:28.161,1.6333,1.6335,24.40,17.00
2007.08.03 06:44:28.214,1.6333,1.6335,27.80,17.00
2007.08.03 06:44:28.254,1.6333,1.6335,27.80,14.00
2007.08.03 06:44:28.355,1.6334,1.6335,0.80,14.00
2007.08.03 06:44:29.809,1.6334,1.6335,0.80,16.40
2007.08.03 06:44:30.325,1.6334,1.6335,0.80,12.40
2007.08.03 06:44:31.209,1.6334,1.6335,3.20,10.00
2007.08.03 06:44:31.261,1.6334,1.6335,11.20,10.00
2007.08.03 06:44:31.769,1.6334,1.6335,11.20,7.60
2007.08.03 06:44:32.086,1.6334,1.6335,13.20,5.60
2007.08.03 06:44:33.739,1.6334,1.6336,13.20,60.70
2007.08.03 06:44:33.771,1.6334,1.6336,20.60,23.60
2007.08.03 06:44:33.841,1.6334,1.6336,24.60,23.60
2007.08.03 06:44:33.922,1.6334,1.6336,27.00,23.60
2007.08.03 06:44:34.138,1.6334,1.6336,27.80,22.80
2007.08.03 06:44:34.300,1.6334,1.6336,24.40,22.80
2007.08.03 06:44:34.527,1.6334,1.6336,28.40,18.80
2007.08.03 06:44:34.670,1.6335,1.6336,2.00,18.80
2007.08.03 06:44:34.752,1.6335,1.6336,4.40,18.80
2007.08.03 06:44:34.766,1.6335,1.6336,12.40,8.80
2007.08.03 06:44:36.634,1.6335,1.6336,10.40,10.80
2007.08.03 06:44:36.692,1.6335,1.6336,8.00,10.80
2007.08.03 06:44:36.751,1.6334,1.6336,21.80,30.70
2007.08.03 06:44:36.857,1.6334,1.6336,18.40,30.70
2007.08.03 06:44:37.000,1.6334,1.6336,18.40,29.90
2007.08.03 06:44:37.024,1.6334,1.6336,16.00,29.90
2007.08.03 06:44:37.050,1.6334,1.6336,16.00,29.10
2007.08.03 06:44:37.123,1.6334,1.6336,16.00,28.30
2007.08.03 06:44:37.169,1.6334,1.6336,15.20,28.30
2007.08.03 06:44:37.555,1.6334,1.6336,11.20,32.30
2007.08.03 06:44:37.787,1.6334,1.6336,11.20,40.30
2007.08.03 06:44:38.204,1.6334,1.6336,15.20,34.30
2007.08.03 06:44:38.235,1.6334,1.6336,12.80,30.30
2007.08.03 06:44:38.311,1.6334,1.6336,20.70,22.40
2007.08.03 06:44:38.353,1.6334,1.6336,23.10,28.00
2007.08.03 06:44:38.427,1.6334,1.6336,27.10,20.00
2007.08.03 06:44:38.453,1.6334,1.6336,27.10,23.20
2007.08.03 06:44:38.654,1.6334,1.6335,27.10,2.40
2007.08.03 06:44:38.728,1.6334,1.6335,7.20,18.30
2007.08.03 06:44:38.759,1.6334,1.6335,7.20,21.50
2007.08.03 06:44:38.839,1.6334,1.6335,3.20,21.50
2007.08.03 06:44:39.242,1.6334,1.6335,3.20,29.50
2007.08.03 06:44:39.274,1.6334,1.6335,3.20,31.90
2007.08.03 06:44:39.376,1.6333,1.6335,22.20,31.90
2007.08.03 06:44:39.532,1.6333,1.6335,20.60,35.90
2007.08.03 06:44:39.575,1.6333,1.6335,17.20,35.90
2007.08.03 06:44:39.714,1.6333,1.6335,17.20,33.50
2007.08.03 06:44:39.764,1.6333,1.6335,21.20,21.50
2007.08.03 06:44:40.359,1.6333,1.6335,37.10,5.60
2007.08.03 06:44:40.631,1.6333,1.6335,36.30,8.00
2007.08.03 06:44:40.666,1.6333,1.6335,36.30,16.00
2007.08.03 06:44:40.784,1.6333,1.6335,28.40,31.90
2007.08.03 06:44:40.901,1.6333,1.6335,31.80,31.90
2007.08.03 06:44:41.132,1.6333,1.6335,27.80,35.90
2007.08.03 06:44:41.154,1.6333,1.6335,27.80,0.90
2007.08.03 06:44:41.557,1.6333,1.6336,31.80,58.60
2007.08.03 06:44:41.610,1.6333,1.6336,31.80,51.50
2007.08.03 06:44:44.202,1.6333,1.6335,31.80,0.90
2007.08.03 06:44:44.217,1.6334,1.6336,0.80,42.80
2007.08.03 06:44:44.521,1.6333,1.6336,26.80,43.60
2007.08.03 06:44:45.017,1.6333,1.6335,22.80,0.70
2007.08.03 06:44:45.033,1.6333,1.6335,23.60,0.90
2007.08.03 06:44:45.979,1.6334,1.6335,8.00,0.50
2007.08.03 06:44:46.003,1.63335,1.6336,3.40,42.80
2007.08.03 06:44:46.482,1.6334,1.6335,11.20,0.90
2007.08.03 06:44:46.508,1.6334,1.6336,11.20,0.90
2007.08.03 06:44:47.109,1.6334,1.6337,11.20,58.70
2007.08.03 06:44:49.078,1.6334,1.6337,12.80,59.50
2007.08.03 06:44:49.224,1.6334,1.6336,32.70,0.90
2007.08.03 06:44:49.263,1.6334,1.6336,36.70,0.60
2007.08.03 06:44:49.340,1.6334,1.6337,40.10,46.40
2007.08.03 06:44:49.355,1.6334,1.6336,42.50,0.60
2007.08.03 06:44:49.695,1.6334,1.6337,18.60,53.90
2007.08.03 06:44:49.760,1.6334,1.6337,16.20,56.30
2007.08.03 06:44:49.847,1.6334,1.6336,12.80,0.80
2007.08.03 06:44:50.109,1.6334,1.6336,11.20,0.60
2007.08.03 06:44:50.194,1.6334,1.6336,15.20,0.70
2007.08.03 06:44:50.560,1.6334,1.6337,11.20,56.30
2007.08.03 06:44:55.180,1.6334,1.6336,11.20,0.60
2007.08.03 06:44:55.205,1.6334,1.6337,11.20,68.30
2007.08.03 06:44:55.312,1.6334,1.63365,11.20,56.30
2007.08.03 06:44:55.729,1.6334,1.6336,11.20,53.10
2007.08.03 06:44:55.824,1.6334,1.6336,11.20,58.70
2007.08.03 06:44:57.071,1.6334,1.6336,13.20,60.70
2007.08.03 06:44:57.163,1.6334,1.63365,13.20,55.90
2007.08.03 06:44:57.259,1.6334,1.63365,13.20,53.50
2007.08.03 06:44:57.286,1.6334,1.6336,13.20,0.90
2007.08.03 06:44:57.388,1.6334,1.6336,13.20,0.60
2007.08.03 06:44:57.696,1.6334,1.6337,17.20,39.80
2007.08.03 06:44:57.869,1.6334,1.6337,20.60,36.60
2007.08.03 06:44:57.877,1.6334,1.6337,23.00,34.20
2007.08.03 06:44:57.889,1.6334,1.6337,27.00,34.20
2007.08.03 06:44:58.100,1.6334,1.6336,28.60,0.80
2007.08.03 06:44:58.530,1.6334,1.6337,32.60,38.20
2007.08.03 06:44:59.241,1.6335,1.6336,10.40,0.60
2007.08.03 06:45:00.162,1.6335,1.6336,10.40,0.60
2007.08.03 06:45:00.170,1.6335,1.6338,12.40,81.20
2007.08.03 06:45:00.280,1.6335,1.6338,16.40,75.50
2007.08.03 06:45:00.460,1.6335,1.63375,16.40,49.90
2007.08.03 06:45:00.690,1.6335,1.63375,12.00,49.90
2007.08.03 06:45:00.755,1.6335,1.6338,12.00,74.70
2007.08.03 06:45:00.804,1.6334,1.6338,31.60,86.70
2007.08.03 06:45:00.895,1.6334,1.6337,30.00,0.70
2007.08.03 06:45:01.009,1.6334,1.63375,30.00,61.90
2007.08.03 06:45:01.089,1.6334,1.6337,30.00,64.30
2007.08.03 06:45:01.109,1.6334,1.6337,28.40,64.30
2007.08.03 06:45:06.383,1.6334,1.6336,24.40,0.80
2007.08.03 06:45:06.426,1.63345,1.6337,3.40,56.30
2007.08.03 06:45:09.766,1.6334,1.6337,24.40,56.30
2007.08.03 06:45:11.784,1.6334,1.6336,29.40,5.60
2007.08.03 06:45:11.837,1.6334,1.6336,26.00,5.60
2007.08.03 06:45:12.086,1.6334,1.6336,18.00,5.60
2007.08.03 06:45:12.121,1.6334,1.6336,21.40,5.60
2007.08.03 06:45:12.390,1.6334,1.6336,18.00,5.60
2007.08.03 06:45:12.829,1.6334,1.6336,15.60,5.60
2007.08.03 06:45:13.550,1.6334,1.6336,11.60,9.60
2007.08.03 06:45:13.631,1.6334,1.6336,12.40,9.60
2007.08.03 06:45:13.739,1.6334,1.6336,11.60,9.60
2007.08.03 06:45:13.865,1.6334,1.6336,12.40,9.60
2007.08.03 06:45:13.962,1.6334,1.6336,16.40,9.60
2007.08.03 06:45:14.065,1.6334,1.6336,15.60,9.60
2007.08.03 06:45:14.167,1.6334,1.6336,23.60,9.60
2007.08.03 06:45:14.247,1.63345,1.6336,3.40,9.60
2007.08.03 06:45:14.652,1.6335,1.6336,2.40,9.60
2007.08.03 06:45:14.689,1.6335,1.6336,14.40,9.60
2007.08.03 06:45:14.761,1.6335,1.6336,14.40,4.00
2007.08.03 06:45:14.907,1.6335,1.6336,16.40,4.00
2007.08.03 06:45:15.011,1.6335,1.6337,16.40,38.70
2007.08.03 06:45:15.105,1.6335,1.6337,16.40,30.70
2007.08.03 06:45:15.830,1.6335,1.6337,16.40,38.70
2007.08.03 06:45:16.228,1.6335,1.6337,16.40,30.70
2007.08.03 06:45:16.647,1.6335,1.6337,14.40,30.70
2007.08.03 06:45:16.731,1.6335,1.6336,12.00,5.60
2007.08.03 06:45:16.750,1.6334,1.6336,40.50,5.60
2007.08.03 06:45:16.810,1.63345,1.6336,3.40,5.60
2007.08.03 06:45:17.272,1.63345,1.6336,3.40,9.60
2007.08.03 06:45:18.582,1.6334,1.6336,23.50,13.60
2007.08.03 06:45:18.627,1.6334,1.6336,29.10,13.60
2007.08.03 06:45:18.726,1.6334,1.6336,29.10,9.60
2007.08.03 06:45:18.869,1.6334,1.6336,32.50,9.60
2007.08.03 06:45:19.119,1.63345,1.6336,3.40,9.60
2007.08.03 06:45:19.195,1.63345,1.6336,3.40,4.00
2007.08.03 06:45:19.377,1.6334,1.6336,46.90,4.00
2007.08.03 06:45:19.650,1.6335,1.6336,12.00,4.00
2007.08.03 06:45:19.713,1.6335,1.6336,16.80,4.00
2007.08.03 06:45:19.757,1.6335,1.6336,34.70,4.00
2007.08.03 06:45:20.195,1.6335,1.6336,20.70,4.00
2007.08.03 06:45:20.223,1.6335,1.6337,20.70,10.40
2007.08.03 06:45:20.234,1.6335,1.6337,18.30,10.40
2007.08.03 06:45:20.276,1.6335,1.6337,2.40,10.40
2007.08.03 06:45:20.328,1.6334,1.6337,29.40,10.40
2007.08.03 06:45:20.402,1.6334,1.6337,33.40,10.40
2007.08.03 06:45:20.665,1.6334,1.63365,30.00,3.20
2007.08.03 06:45:20.715,1.6334,1.6336,30.00,4.00
2007.08.03 06:45:20.818,1.6334,1.6336,22.00,4.00
2007.08.03 06:45:21.115,1.6334,1.6336,30.00,4.00
2007.08.03 06:45:21.358,1.6334,1.6336,30.00,9.60
2007.08.03 06:45:21.758,1.6334,1.6336,27.60,9.60
2007.08.03 06:45:22.191,1.6334,1.6336,27.60,5.60
2007.08.03 06:45:22.210,1.6334,1.6336,23.60,9.60
2007.08.03 06:45:22.805,1.6334,1.6336,15.60,9.60
2007.08.03 06:45:22.979,1.6334,1.6336,19.00,9.60
2007.08.03 06:45:23.607,1.6334,1.6336,22.20,4.00
2007.08.03 06:45:23.668,1.6334,1.6336,29.20,4.00
2007.08.03 06:45:23.763,1.63345,1.6336,3.40,4.00
2007.08.03 06:45:25.174,1.63345,1.6337,3.40,10.40
2007.08.03 06:45:25.703,1.63345,1.6338,3.40,35.40
2007.08.03 06:45:25.705,1.6335,1.6337,12.00,0.50
2007.08.03 06:45:25.752,1.6335,1.6337,14.40,0.50
2007.08.03 06:45:26.125,1.6335,1.6338,18.00,59.30
2007.08.03 06:45:26.169,1.6336,1.6338,3.20,61.70
2007.08.03 06:45:26.207,1.6336,1.6337,11.20,0.70
2007.08.03 06:45:26.265,1.6336,1.6337,11.20,0.60
2007.08.03 06:45:26.684,1.6336,1.6337,8.80,0.50
2007.08.03 06:45:26.767,1.6336,1.6337,0.80,0.90
2007.08.03 06:45:26.785,1.6335,1.6337,37.30,0.50
2007.08.03 06:45:26.992,1.6335,1.6338,34.10,57.10
2007.08.03 06:45:27.087,1.6335,1.6338,32.50,57.10
2007.08.03 06:45:27.172,1.6335,1.6338,36.50,57.10
2007.08.03 06:45:27.682,1.6336,1.6337,4.00,0.70
2007.08.03 06:45:27.707,1.6336,1.6338,7.20,51.50
2007.08.03 06:45:27.814,1.6336,1.6338,9.20,39.50
2007.08.03 06:45:28.598,1.6337,1.6338,0.10,38.70
2007.08.03 06:45:28.633,1.6337,1.6338,2.40,36.30
2007.08.03 06:45:28.704,1.6337,1.6339,2.40,43.00
2007.08.03 06:45:28.798,1.6337,1.6338,4.40,0.90
2007.08.03 06:45:29.050,1.6337,1.6338,4.40,0.70
2007.08.03 06:45:29.169,1.6337,1.63385,2.00,20.00
2007.08.03 06:45:29.513,1.6337,1.6339,2.00,46.20
2007.08.03 06:45:29.589,1.6337,1.6338,2.00,0.70
2007.08.03 06:45:29.688,1.6336,1.6338,7.20,0.50
2007.08.03 06:45:29.714,1.6336,1.6338,3.70,0.70
2007.08.03 06:45:29.766,1.6336,1.63385,3.70,57.90
2007.08.03 06:45:29.788,1.6336,1.6338,1.30,62.70
2007.08.03 06:45:30.009,1.6336,1.6337,5.30,0.50
2007.08.03 06:45:30.119,1.6336,1.6338,4.50,58.70
2007.08.03 06:45:30.205,1.6338,1.63385,0.80,9.10
2007.08.03 06:45:30.285,1.6338,1.6339,0.80,29.90
2007.08.03 06:45:30.308,1.6338,1.634,0.80,55.20
2007.08.03 06:45:30.455,1.6338,1.6339,0.80,0.90
2007.08.03 06:45:30.506,1.6338,1.6339,0.80,57.60
2007.08.03 06:45:30.518,1.6338,1.6339,0.80,57.80
2007.08.03 06:45:30.826,1.6338,1.6339,0.80,57.40
2007.08.03 06:45:31.104,1.6338,1.6339,0.80,53.30
2007.08.03 06:45:31.224,1.63365,1.6337,3.40,0.50
2007.08.03 06:45:31.305,1.63365,1.6337,3.40,0.80
2007.08.03 06:45:31.532,1.63365,1.6337,3.40,0.90
2007.08.03 06:45:31.561,1.6336,1.6337,12.80,0.90
2007.08.03 06:45:31.708,1.6336,1.6338,8.80,38.30
2007.08.03 06:45:31.740,1.6336,1.6337,6.40,0.70
2007.08.03 06:45:31.804,1.6336,1.6337,4.00,0.50
2007.08.03 06:45:32.200,1.6335,1.6338,14.20,49.10
2007.08.03 06:45:32.247,1.6335,1.6338,14.20,53.10
2007.08.03 06:45:32.355,1.6335,1.6337,20.60,0.60
2007.08.03 06:45:32.667,1.6335,1.6338,18.20,47.50
2007.08.03 06:45:32.777,1.6335,1.6338,9.80,49.60
2007.08.03 06:45:33.330,1.6335,1.6338,9.80,63.80
2007.08.03 06:45:34.152,1.6336,1.6338,2.40,52.40
2007.08.03 06:45:34.392,1.6336,1.6338,2.40,37.90
2007.08.03 06:45:34.414,1.6336,1.6338,2.40,49.10
2007.08.03 06:45:34.713,1.6336,1.6338,2.40,49.10
2007.08.03 06:45:35.330,1.6336,1.6338,3.20,46.70
2007.08.03 06:45:35.764,1.6336,1.6338,5.20,46.70
2007.08.03 06:45:40.657,1.6336,1.6337,2.80,0.70
2007.08.03 06:45:42.644,1.6336,1.6337,2.80,0.60
2007.08.03 06:45:42.652,1.6336,1.6338,0.80,61.90
2007.08.03 06:45:42.751,1.6336,1.6338,0.80,75.60
2007.08.03 06:45:42.848,1.6336,1.6337,0.80,50.70
2007.08.03 06:45:43.701,1.6336,1.6337,0.80,41.10
2007.08.03 06:45:43.769,1.6335,1.6337,23.80,41.90
2007.08.03 06:45:43.875,1.6335,1.6336,21.40,0.60
2007.08.03 06:45:43.886,1.6335,1.6337,18.00,41.90
2007.08.03 06:45:44.118,1.6335,1.6337,16.40,42.70
2007.08.03 06:45:44.186,1.6335,1.6336,16.40,27.00
2007.08.03 06:45:44.239,1.6335,1.6336,14.40,39.00
2007.08.03 06:45:44.507,1.6335,1.6336,10.40,39.30
2007.08.03 06:45:46.126,1.6334,1.6335,26.80,0.80
2007.08.03 06:45:46.237,1.6334,1.6336,26.00,29.90
2007.08.03 06:45:46.319,1.6334,1.6335,23.60,0.80
2007.08.03 06:45:46.342,1.6334,1.6336,19.60,29.90
2007.08.03 06:45:47.733,1.6334,1.6335,16.20,0.90
2007.08.03 06:45:47.795,1.6334,1.6335,13.20,0.70
2007.08.03 06:45:48.095,1.6334,1.6335,14.00,0.80
2007.08.03 06:45:48.194,1.6334,1.6336,10.00,33.90
2007.08.03 06:45:48.212,1.6334,1.6335,10.00,0.90
2007.08.03 06:45:48.326,1.6334,1.6337,16.40,50.80
2007.08.03 06:45:48.520,1.6334,1.6336,16.40,45.90
2007.08.03 06:45:48.730,1.6334,1.6335,14.00,0.90
2007.08.03 06:45:48.738,1.6334,1.6336,10.00,33.90
2007.08.03 06:45:49.058,1.6334,1.6336,9.20,36.30
2007.08.03 06:45:49.172,1.6334,1.6335,13.20,0.90
2007.08.03 06:45:49.515,1.6334,1.6336,9.20,36.30
2007.08.03 06:45:51.176,1.6335,1.6336,2.40,30.20
2007.08.03 06:45:51.282,1.6335,1.6336,6.40,40.10
2007.08.03 06:45:51.685,1.6335,1.6337,6.40,48.80
2007.08.03 06:45:51.704,1.6335,1.6337,8.40,40.80
2007.08.03 06:45:51.824,1.6335,1.6336,8.40,0.90
2007.08.03 06:45:51.897,1.6335,1.6336,8.40,0.60
2007.08.03 06:45:52.206,1.6335,1.6336,8.40,0.60
2007.08.03 06:45:52.672,1.6335,1.6336,8.40,0.90
2007.08.03 06:45:54.243,1.6335,1.6336,8.40,21.50
2007.08.03 06:45:54.517,1.6335,1.6336,11.80,21.50
2007.08.03 06:45:54.703,1.6335,1.6336,12.60,15.90
2007.08.03 06:45:54.776,1.6335,1.6337,12.60,12.00
2007.08.03 06:45:54.866,1.6335,1.6337,19.00,9.60
2007.08.03 06:45:54.900,1.6335,1.6337,21.40,9.60
2007.08.03 06:45:55.615,1.6335,1.6337,20.60,9.60
2007.08.03 06:45:56.229,1.6335,1.6336,20.60,5.60
2007.08.03 06:45:56.264,1.6335,1.6336,20.60,21.50
2007.08.03 06:45:56.309,1.6335,1.6336,24.60,21.50
2007.08.03 06:45:56.335,1.6335,1.6336,22.20,21.50
2007.08.03 06:45:56.467,1.6335,1.6336,18.20,21.50
2007.08.03 06:45:57.358,1.6335,1.6336,14.80,21.50
2007.08.03 06:45:57.867,1.6335,1.6336,12.40,21.50
2007.08.03 06:45:58.627,1.6335,1.6336,8.40,21.50
2007.08.03 06:45:59.190,1.6336,1.6337,4.80,28.70
2007.08.03 06:45:59.726,1.6336,1.6337,0.80,28.70
2007.08.03 06:46:00.137,1.6335,1.6336,8.40,21.50
2007.08.03 06:46:00.754,1.6335,1.6336,8.40,5.60
2007.08.03 06:46:03.096,1.6335,1.6336,10.00,5.60
2007.08.03 06:46:03.192,1.6335,1.6336,14.00,5.60
2007.08.03 06:46:03.205,1.6336,1.6337,0.80,27.90
2007.08.03 06:46:03.407,1.6336,1.6337,0.80,27.90
2007.08.03 06:46:03.606,1.6336,1.6337,0.80,25.50
2007.08.03 06:46:03.833,1.6336,1.6337,2.80,25.50
2007.08.03 06:46:04.093,1.6336,1.6337,2.80,21.50
2007.08.03 06:46:06.772,1.6336,1.6337,6.80,5.60
2007.08.03 06:46:14.167,1.6336,1.6337,2.80,5.60
2007.08.03 06:46:14.678,1.6336,1.6337,2.80,8.00
2007.08.03 06:46:14.690,1.6336,1.6337,0.80,16.00
2007.08.03 06:46:18.268,1.6335,1.6336,23.80,5.60
2007.08.03 06:46:18.687,1.6335,1.6336,17.80,5.60
2007.08.03 06:46:18.696,1.6335,1.6336,15.40,5.60
2007.08.03 06:46:18.806,1.6335,1.6336,11.40,5.60
2007.08.03 06:46:18.814,1.6335,1.6336,9.00,5.60
2007.08.03 06:46:18.845,1.6335,1.6336,5.60,5.60
2007.08.03 06:46:19.127,1.6335,1.6336,4.00,5.60
2007.08.03 06:46:19.144,1.63345,1.6337,3.40,36.00
2007.08.03 06:46:20.111,1.6334,1.6337,28.40,37.60
2007.08.03 06:46:20.133,1.6334,1.6337,28.40,38.40
2007.08.03 06:46:20.346,1.6334,1.6337,26.00,44.80
2007.08.03 06:46:23.208,1.6334,1.6336,19.60,0.60
2007.08.03 06:46:23.290,1.6334,1.6337,11.60,44.80
2007.08.03 06:46:23.870,1.6334,1.63365,9.20,12.00
2007.08.03 06:46:24.075,1.6334,1.63365,5.20,16.00
2007.08.03 06:46:28.875,1.6334,1.6337,8.60,43.20
2007.08.03 06:46:29.168,1.6334,1.6337,19.60,42.40
2007.08.03 06:46:29.509,1.6334,1.6336,23.60,0.70
2007.08.03 06:46:30.000,1.6334,1.6336,26.00,0.70
2007.08.03 06:46:30.138,1.63345,1.6337,3.40,42.40
2007.08.03 06:46:30.207,1.63345,1.6336,3.40,0.90
2007.08.03 06:46:30.667,1.6334,1.6336,38.90,0.60
2007.08.03 06:46:30.751,1.6334,1.6337,36.50,70.30
2007.08.03 06:46:31.199,1.63345,1.6337,3.40,70.30
2007.08.03 06:46:32.712,1.6335,1.6337,2.40,70.30
2007.08.03 06:46:32.743,1.6335,1.6336,12.40,0.60
2007.08.03 06:46:32.814,1.6335,1.63375,12.40,53.50
2007.08.03 06:46:32.850,1.6335,1.6337,12.40,0.60
2007.08.03 06:46:34.655,1.6335,1.63375,12.40,39.90
2007.08.03 06:46:34.747,1.6335,1.63375,12.40,39.10
2007.08.03 06:46:35.164,1.6335,1.6337,12.40,42.30
2007.08.03 06:46:39.909,1.6335,1.6336,14.00,0.90
2007.08.03 06:46:39.941,1.6335,1.6337,14.80,63.90
2007.08.03 06:46:40.177,1.6335,1.6336,18.20,0.50
2007.08.03 06:46:40.625,1.6335,1.6336,18.20,0.60
2007.08.03 06:46:40.656,1.6335,1.6336,22.20,0.90
2007.08.03 06:46:40.736,1.6335,1.6337,22.20,0.50
2007.08.03 06:46:40.771,1.6335,1.6338,22.20,57.10
2007.08.03 06:46:41.077,1.6335,1.6337,23.80,0.50
2007.08.03 06:46:41.106,1.6335,1.6338,27.80,59.50
2007.08.03 06:46:41.139,1.6336,1.6337,3.20,0.50
2007.08.03 06:46:41.185,1.6336,1.6338,11.20,62.20
2007.08.03 06:46:41.304,1.6336,1.6337,11.20,0.90
2007.08.03 06:46:41.722,1.6336,1.6337,11.20,0.50
2007.08.03 06:46:41.853,1.6336,1.6337,10.40,0.60
2007.08.03 06:46:42.652,1.6336,1.6338,14.40,67.10
2007.08.03 06:46:42.671,1.6336,1.6338,14.40,0.90
2007.08.03 06:46:42.757,1.6336,1.6339,30.30,67.70
2007.08.03 06:46:42.779,1.6336,1.6338,30.30,0.90
2007.08.03 06:46:43.079,1.6336,1.6338,30.30,0.70
2007.08.03 06:46:43.179,1.6336,1.6339,10.40,46.40
2007.08.03 06:46:43.316,1.6336,1.6338,10.40,40.80
2007.08.03 06:46:43.705,1.6336,1.6337,10.40,0.70
2007.08.03 06:46:44.649,1.6336,1.63385,10.40,59.10
2007.08.03 06:46:44.754,1.6336,1.6339,10.40,53.30
2007.08.03 06:46:44.849,1.6336,1.6338,10.40,0.60
2007.08.03 06:46:45.087,1.6336,1.6339,10.40,54.10
2007.08.03 06:46:45.154,1.6336,1.6338,8.00,0.60
2007.08.03 06:46:45.184,1.63355,1.6339,3.40,62.30
2007.08.03 06:46:45.456,1.63355,1.6337,3.40,0.70
2007.08.03 06:46:49.403,1.6335,1.6338,39.70,61.10
2007.08.03 06:46:49.618,1.6335,1.6338,39.70,63.10
2007.08.03 06:46:54.520,1.63355,1.6337,3.40,0.60
2007.08.03 06:46:54.678,1.63355,1.6337,3.40,0.50
2007.08.03 06:46:56.859,1.6335,1.6337,39.70,0.70
2007.08.03 06:46:57.714,1.6335,1.6338,39.70,63.10
2007.08.03 06:47:03.106,1.6337,1.6338,4.00,56.60
2007.08.03 06:47:03.199,1.6337,1.6338,14.40,27.10
2007.08.03 06:47:03.307,1.6336,1.6337,27.90,0.90
2007.08.03 06:47:03.325,1.6335,1.6338,51.30,20.00
2007.08.03 06:47:03.394,1.6338,1.63385,0.80,9.10
2007.08.03 06:47:03.427,1.6337,1.6338,12.00,0.80
2007.08.03 06:47:03.798,1.6337,1.6338,15.40,0.80
2007.08.03 06:47:03.872,1.6338,1.6339,1.00,26.10
2007.08.03 06:47:04.564,1.6338,1.6339,0.80,21.20
2007.08.03 06:47:04.629,1.6337,1.6338,25.50,0.50
2007.08.03 06:47:04.926,1.6337,1.6339,23.10,24.40
2007.08.03 06:47:05.145,1.6337,1.6338,19.90,0.60
2007.08.03 06:47:05.225,1.6337,1.6339,23.90,0.70
2007.08.03 06:47:05.242,1.6337,1.6339,4.00,0.60
2007.08.03 06:47:05.252,1.6337,1.6339,4.00,32.40
2007.08.03 06:47:05.515,1.63365,1.6338,3.40,0.80
2007.08.03 06:47:05.885,1.63365,1.6338,3.40,0.50
2007.08.03 06:47:06.685,1.63365,1.6339,3.40,40.40
2007.08.03 06:47:06.702,1.63365,1.6338,3.40,0.90
2007.08.03 06:47:06.809,1.63365,1.6339,3.40,40.40
2007.08.03 06:47:06.895,1.6336,1.6338,14.40,0.90
2007.08.03 06:47:06.928,1.6336,1.6338,16.80,0.50
2007.08.03 06:47:07.404,1.6336,1.6338,20.20,0.60
2007.08.03 06:47:07.543,1.6336,1.6338,16.20,0.70
2007.08.03 06:47:07.713,1.6336,1.6338,17.00,0.70
2007.08.03 06:47:07.777,1.6336,1.6339,19.00,50.80
2007.08.03 06:47:07.892,1.6336,1.6339,16.60,41.20
2007.08.03 06:47:08.000,1.6336,1.6339,13.20,44.40
2007.08.03 06:47:09.043,1.6336,1.6338,14.00,0.80
2007.08.03 06:47:09.148,1.6337,1.6338,8.00,0.80
2007.08.03 06:47:09.159,1.6337,1.6338,10.40,0.70
2007.08.03 06:47:09.827,1.6337,1.6339,10.40,41.80
2007.08.03 06:47:10.074,1.6337,1.6339,10.40,41.80
2007.08.03 06:47:12.614,1.6337,1.6338,12.40,16.40
2007.08.03 06:47:12.730,1.6337,1.6338,10.40,14.40
2007.08.03 06:47:18.557,1.6336,1.6338,52.10,14.40
2007.08.03 06:47:18.690,1.6336,1.6338,54.50,8.00
2007.08.03 06:47:18.727,1.6336,1.6339,38.20,31.40
2007.08.03 06:47:18.896,1.6336,1.6339,38.20,28.20
2007.08.03 06:47:19.060,1.6336,1.6339,38.20,27.40
2007.08.03 06:47:19.693,1.6337,1.6339,6.10,28.40
2007.08.03 06:47:19.801,1.6337,1.6339,5.80,20.40
2007.08.03 06:47:20.015,1.6337,1.6339,5.00,16.40
2007.08.03 06:47:26.224,1.6337,1.6339,0.70,19.40
2007.08.03 06:47:26.844,1.6336,1.6339,48.90,23.40
2007.08.03 06:47:26.949,1.6336,1.6339,45.50,26.60
2007.08.03 06:47:28.317,1.6336,1.6338,41.50,4.00
2007.08.03 06:47:28.732,1.6337,1.6338,0.70,4.00
2007.08.03 06:47:28.803,1.6336,1.6338,17.60,4.00
2007.08.03 06:47:29.159,1.6337,1.6338,1.20,4.00
2007.08.03 06:47:29.218,1.6336,1.6338,43.10,6.40
2007.08.03 06:47:29.268,1.6336,1.6338,41.10,6.40
2007.08.03 06:47:29.424,1.6337,1.6338,1.00,7.20
2007.08.03 06:47:29.626,1.6337,1.6338,0.70,12.80
2007.08.03 06:47:29.684,1.6337,1.6338,0.60,18.80
2007.08.03 06:47:29.807,1.6337,1.6338,1.50,25.20
2007.08.03 06:47:29.840,1.6336,1.6338,2.50,25.20
2007.08.03 06:47:30.110,1.6335,1.6338,31.80,25.20
2007.08.03 06:47:30.149,1.6335,1.6338,31.00,25.20
2007.08.03 06:47:30.225,1.6335,1.6338,7.80,25.20
2007.08.03 06:47:30.258,1.6334,1.6337,39.80,5.60
2007.08.03 06:47:30.296,1.63345,1.6337,27.00,5.60
2007.08.03 06:47:30.330,1.6335,1.6337,14.30,5.60
2007.08.03 06:47:30.674,1.63345,1.6337,38.10,5.60
2007.08.03 06:47:30.750,1.6335,1.6337,15.80,8.00
2007.08.03 06:47:31.055,1.63345,1.6337,31.70,12.00
2007.08.03 06:47:32.202,1.6335,1.6337,4.30,6.40
2007.08.03 06:47:32.249,1.63345,1.6337,47.70,6.40
2007.08.03 06:47:32.319,1.6336,1.6337,0.80,6.40
2007.08.03 06:47:32.786,1.63355,1.6337,8.20,4.00
2007.08.03 06:47:32.845,1.63355,1.6337,10.60,4.00
2007.08.03 06:47:32.907,1.63355,1.6337,12.60,4.00
2007.08.03 06:47:32.945,1.6336,1.6337,6.70,4.00
2007.08.03 06:47:33.200,1.6336,1.6337,0.70,4.00
2007.08.03 06:47:33.749,1.63355,1.6337,15.60,4.00
2007.08.03 06:47:33.887,1.63355,1.6337,23.60,4.00
2007.08.03 06:47:34.022,1.6335,1.6337,36.40,4.00
2007.08.03 06:47:34.172,1.6337,1.6338,0.90,26.70
2007.08.03 06:47:34.286,1.6337,1.6338,2.10,26.70
2007.08.03 06:47:34.295,1.6337,1.6338,3.80,26.70
2007.08.03 06:47:34.381,1.63365,1.6338,13.80,10.80
2007.08.03 06:47:34.724,1.6337,1.6338,1.20,8.80
2007.08.03 06:47:34.835,1.6337,1.6338,6.30,8.80
2007.08.03 06:47:34.929,1.6337,1.6338,1.00,6.40
2007.08.03 06:47:35.152,1.63365,1.6338,15.80,7.20
2007.08.03 06:47:35.259,1.63365,1.6338,5.80,25.10
2007.08.03 06:47:35.305,1.6336,1.6338,29.60,25.10
2007.08.03 06:47:35.677,1.63365,1.6338,13.40,7.20
2007.08.03 06:47:35.713,1.63365,1.6338,15.80,7.20
2007.08.03 06:47:36.103,1.6337,1.6338,3.10,6.40
2007.08.03 06:47:36.237,1.6337,1.6338,6.00,0.80
2007.08.03 06:47:36.252,1.6336,1.6338,35.40,0.80
2007.08.03 06:47:36.424,1.6337,1.6339,8.00,32.00
2007.08.03 06:47:36.439,1.6336,1.6339,56.50,16.00
2007.08.03 06:47:36.646,1.6337,1.6339,16.00,18.40
2007.08.03 06:47:36.653,1.6337,1.6339,9.40,16.00
2007.08.03 06:47:36.744,1.6337,1.6339,17.20,18.40
2007.08.03 06:47:36.760,1.6336,1.6339,36.20,46.40
2007.08.03 06:47:36.810,1.6337,1.6339,4.20,46.40
2007.08.03 06:47:37.102,1.6337,1.6339,3.70,44.00
2007.08.03 06:47:37.223,1.6336,1.6339,33.00,36.00
2007.08.03 06:47:37.326,1.6337,1.6339,2.90,32.00
2007.08.03 06:47:37.360,1.6336,1.6339,35.40,29.60
2007.08.03 06:47:37.379,1.6336,1.6339,35.40,29.60
2007.08.03 06:47:37.648,1.6336,1.6339,37.00,31.60
2007.08.03 06:47:37.673,1.6337,1.6339,23.00,29.20
2007.08.03 06:47:37.765,1.6338,1.6339,0.90,13.20
2007.08.03 06:47:37.777,1.6338,1.6339,4.30,13.20
2007.08.03 06:47:38.078,1.6337,1.6339,41.30,11.60
2007.08.03 06:47:38.197,1.6338,1.6339,2.60,9.60
2007.08.03 06:47:38.308,1.6338,1.6339,5.50,5.60
2007.08.03 06:47:38.706,1.6337,1.6339,51.30,7.60
2007.08.03 06:47:39.249,1.6338,1.6339,3.10,5.60
2007.08.03 06:47:39.360,1.6338,1.6339,3.80,5.60
2007.08.03 06:47:39.993,1.6337,1.6339,52.10,7.60
2007.08.03 06:47:40.539,1.63375,1.6339,16.60,5.60
2007.08.03 06:47:41.066,1.63375,1.6339,16.60,6.40
2007.08.03 06:47:41.170,1.6338,1.6339,3.80,8.40
2007.08.03 06:47:41.267,1.6338,1.6339,0.80,8.40
2007.08.03 06:47:41.359,1.63375,1.6339,0.80,8.40
2007.08.03 06:47:41.669,1.63375,1.6339,4.20,8.40
2007.08.03 06:47:41.680,1.63375,1.6339,14.20,6.40
2007.08.03 06:47:41.765,1.63375,1.6339,16.60,6.40
2007.08.03 06:47:42.101,1.63375,1.6339,16.60,5.60
2007.08.03 06:47:42.724,1.6338,1.6339,5.00,5.60
2007.08.03 06:47:43.203,1.6337,1.6339,48.50,0.10
2007.08.03 06:47:43.222,1.6338,1.6339,7.30,0.10
2007.08.03 06:47:43.455,1.63375,1.6339,40.50,0.10
2007.08.03 06:47:44.202,1.63375,1.6339,44.50,0.10
2007.08.03 06:47:45.168,1.6338,1.6339,14.70,0.10
2007.08.03 06:47:45.736,1.63375,1.6339,20.60,0.10
2007.08.03 06:47:46.042,1.6337,1.6339,36.20,0.10
2007.08.03 06:47:53.231,1.6338,1.6339,10.80,2.40
2007.08.03 06:47:53.331,1.6338,1.6339,0.80,10.40
2007.08.03 06:47:53.357,1.6337,1.6339,55.30,10.40
2007.08.03 06:47:53.768,1.6337,1.6339,51.90,10.40
2007.08.03 06:47:54.181,1.6338,1.6339,2.00,10.40
2007.08.03 06:47:54.257,1.6338,1.6339,4.40,13.60
2007.08.03 06:47:54.297,1.6338,1.6339,12.40,13.60
2007.08.03 06:47:54.560,1.6338,1.6339,13.20,13.60
2007.08.03 06:47:54.805,1.6338,1.634,13.20,43.80
2007.08.03 06:47:55.116,1.6338,1.6339,13.20,0.70
2007.08.03 06:47:55.484,1.6338,1.6339,12.40,20.00
2007.08.03 06:47:55.665,1.6338,1.6339,10.40,20.00
2007.08.03 06:47:55.686,1.6337,1.6338,19.00,0.70
2007.08.03 06:47:55.793,1.6337,1.6338,6.60,0.60
2007.08.03 06:47:55.903,1.6337,1.6338,3.20,0.90
2007.08.03 06:47:56.084,1.6336,1.6339,26.40,43.20
2007.08.03 06:47:56.714,1.6337,1.6339,2.40,40.00
2007.08.03 06:48:01.222,1.6337,1.6339,6.40,47.20
2007.08.03 06:48:01.247,1.6338,1.6339,2.40,41.90
2007.08.03 06:48:01.450,1.6338,1.6339,2.40,41.00
2007.08.03 06:48:01.556,1.6338,1.6339,3.20,40.70
2007.08.03 06:48:01.663,1.6338,1.6339,3.20,0.70
2007.08.03 06:48:01.803,1.6338,1.6339,3.20,0.50
2007.08.03 06:48:01.851,1.6338,1.634,3.20,67.90
2007.08.03 06:48:02.117,1.6338,1.6339,3.20,0.60
2007.08.03 06:48:02.274,1.6338,1.634,3.20,70.30
2007.08.03 06:48:02.378,1.6338,1.6339,2.40,0.80
2007.08.03 06:48:02.685,1.6338,1.6339,3.20,0.80
2007.08.03 06:48:02.853,1.6338,1.634,3.20,71.10
2007.08.03 06:48:05.250,1.6338,1.6339,3.20,0.50
2007.08.03 06:48:07.271,1.6338,1.634,3.20,67.10
2007.08.03 06:48:09.718,1.6338,1.6339,3.20,0.70
2007.08.03 06:48:10.822,1.6338,1.634,2.40,66.70
2007.08.03 06:48:11.218,1.6337,1.6339,30.70,0.90
2007.08.03 06:48:11.283,1.6337,1.634,14.80,58.00
2007.08.03 06:48:11.821,1.6337,1.6339,8.40,0.90
2007.08.03 06:48:12.200,1.6337,1.634,4.40,56.40
2007.08.03 06:48:15.202,1.6337,1.6339,8.40,0.50
2007.08.03 06:48:15.579,1.6337,1.634,11.80,56.40
2007.08.03 06:48:15.628,1.6337,1.634,14.20,56.00
2007.08.03 06:48:15.739,1.6337,1.6339,10.20,0.80
2007.08.03 06:48:15.860,1.6337,1.63395,6.80,45.20
2007.08.03 06:48:16.054,1.6337,1.6339,6.80,0.60
2007.08.03 06:48:16.283,1.6337,1.6338,6.80,0.70
2007.08.03 06:48:16.394,1.6337,1.6339,6.80,59.60
2007.08.03 06:48:16.599,1.6337,1.6338,4.40,0.50
2007.08.03 06:48:16.718,1.6337,1.6338,2.40,0.70
2007.08.03 06:48:17.346,1.6337,1.6338,8.40,0.60
2007.08.03 06:48:17.638,1.6337,1.6339,8.40,48.40
2007.08.03 06:48:17.662,1.6337,1.6339,2.40,50.40
2007.08.03 06:48:18.209,1.6337,1.6338,8.40,0.60
2007.08.03 06:48:18.239,1.6337,1.634,8.40,54.10
2007.08.03 06:48:18.298,1.6337,1.6339,16.40,0.50
2007.08.03 06:48:18.362,1.6337,1.6339,19.80,0.70
2007.08.03 06:48:18.639,1.6337,1.634,16.40,46.40
2007.08.03 06:48:18.658,1.6337,1.634,16.40,49.60
2007.08.03 06:48:18.728,1.6337,1.634,14.40,49.60
2007.08.03 06:48:18.763,1.6337,1.634,14.40,49.60
2007.08.03 06:48:18.847,1.6337,1.6339,8.80,0.50
2007.08.03 06:48:19.046,1.6337,1.634,8.80,52.00
2007.08.03 06:48:19.178,1.6337,1.634,6.40,52.00
2007.08.03 06:48:19.221,1.6337,1.6339,10.40,0.70
2007.08.03 06:48:19.260,1.6337,1.6339,6.40,0.50
2007.08.03 06:48:19.365,1.6337,1.6339,6.40,0.70
2007.08.03 06:48:19.479,1.6337,1.6339,6.40,48.40
2007.08.03 06:48:19.687,1.6337,1.6339,4.00,50.80
2007.08.03 06:48:20.275,1.6336,1.6339,34.90,54.80
2007.08.03 06:48:20.722,1.6336,1.6339,34.90,58.80
2007.08.03 06:48:20.778,1.6336,1.6338,31.50,0.70
2007.08.03 06:48:20.792,1.6336,1.6339,15.60,49.90
2007.08.03 06:48:21.011,1.6336,1.6339,11.60,49.90
2007.08.03 06:48:21.244,1.6337,1.6339,2.40,46.70
2007.08.03 06:48:22.393,1.6337,1.6338,2.40,12.40
2007.08.03 06:48:23.061,1.6337,1.6338,2.40,8.40
2007.08.03 06:48:25.232,1.6337,1.6338,2.40,16.40
2007.08.03 06:48:25.248,1.6336,1.6338,29.40,18.80
2007.08.03 06:48:25.335,1.6336,1.6338,33.40,18.80
2007.08.03 06:48:25.430,1.6336,1.6338,30.00,18.80
2007.08.03 06:48:25.755,1.6336,1.6338,31.80,18.80
2007.08.03 06:48:25.846,1.6336,1.6338,31.00,18.80
2007.08.03 06:48:26.038,1.6336,1.6338,27.60,18.80
2007.08.03 06:48:26.600,1.6336,1.6338,25.20,21.20
2007.08.03 06:48:26.716,1.6337,1.6338,8.00,21.20
2007.08.03 06:48:26.777,1.6337,1.6338,10.40,18.80
2007.08.03 06:48:27.162,1.6337,1.6338,10.40,22.80
2007.08.03 06:48:27.189,1.6337,1.6338,8.00,25.20
2007.08.03 06:48:27.254,1.6336,1.6338,31.00,25.20
2007.08.03 06:48:27.293,1.6336,1.6338,28.60,25.20
2007.08.03 06:48:27.318,1.6336,1.6338,25.20,25.20
2007.08.03 06:48:27.337,1.6336,1.6338,21.20,25.20
2007.08.03 06:48:27.519,1.6336,1.6338,25.20,21.20
2007.08.03 06:48:27.654,1.6336,1.6338,25.20,25.20
2007.08.03 06:48:27.713,1.6336,1.6337,25.20,5.60
2007.08.03 06:48:27.760,1.6336,1.6337,17.20,5.60
2007.08.03 06:48:28.184,1.6336,1.6337,29.20,5.60
2007.08.03 06:48:28.339,1.6336,1.6338,29.20,37.90
2007.08.03 06:48:29.152,1.6336,1.6338,29.20,37.10
2007.08.03 06:48:29.227,1.6336,1.6338,25.20,41.10
2007.08.03 06:48:31.708,1.6336,1.6338,26.00,41.10
2007.08.03 06:48:31.770,1.6336,1.6338,26.80,41.10
2007.08.03 06:48:31.877,1.6336,1.6338,26.00,41.10
2007.08.03 06:48:31.910,1.6336,1.6338,25.20,41.10
2007.08.03 06:48:33.660,1.6336,1.6338,25.20,38.70
2007.08.03 06:48:34.300,1.6336,1.6338,17.20,38.70
2007.08.03 06:48:34.518,1.6336,1.6338,25.20,38.70
2007.08.03 06:48:35.668,1.6336,1.6338,25.20,41.10
2007.08.03 06:48:35.772,1.6336,1.6338,17.20,41.10
2007.08.03 06:48:36.724,1.6336,1.6338,19.60,38.70
2007.08.03 06:48:37.663,1.6337,1.6338,10.00,20.80
2007.08.03 06:48:37.699,1.6337,1.6338,12.40,18.40
2007.08.03 06:48:38.151,1.6337,1.6338,12.40,14.40
2007.08.03 06:48:41.216,1.6337,1.6338,12.40,13.60
2007.08.03 06:48:41.233,1.6337,1.6338,12.40,5.60
2007.08.03 06:48:42.072,1.6337,1.6338,13.20,5.60
2007.08.03 06:48:42.135,1.6338,1.6339,3.20,48.40
2007.08.03 06:48:42.170,1.6338,1.6339,11.20,50.40
2007.08.03 06:48:42.241,1.6338,1.6339,11.20,50.40
2007.08.03 06:48:42.278,1.6338,1.6339,11.20,22.40
2007.08.03 06:48:42.712,1.6338,1.6339,13.20,20.00
2007.08.03 06:48:43.063,1.6338,1.6339,13.20,16.00
2007.08.03 06:48:43.258,1.6338,1.6339,13.20,13.60
2007.08.03 06:48:43.649,1.6338,1.6339,11.20,15.60
2007.08.03 06:48:43.677,1.6338,1.6339,8.00,18.00
2007.08.03 06:48:43.732,1.6337,1.6339,27.00,34.00
2007.08.03 06:48:43.849,1.6337,1.6339,23.00,34.00
2007.08.03 06:48:44.059,1.6337,1.6339,22.20,38.00
2007.08.03 06:48:44.158,1.6337,1.6339,22.20,42.00
2007.08.03 06:48:44.240,1.6337,1.6339,18.80,42.00
2007.08.03 06:48:44.286,1.6337,1.6338,18.80,5.60
2007.08.03 06:48:44.428,1.6337,1.6338,10.80,5.60
2007.08.03 06:48:44.747,1.6337,1.6338,8.40,5.60
2007.08.03 06:48:45.105,1.6338,1.6339,0.80,50.00
2007.08.03 06:48:45.201,1.6338,1.6339,3.20,49.60
2007.08.03 06:48:45.257,1.6338,1.6339,3.20,17.60
2007.08.03 06:48:45.798,1.6338,1.6339,5.20,9.60
2007.08.03 06:48:46.196,1.6338,1.6339,5.20,5.60
2007.08.03 06:48:48.208,1.6338,1.6339,5.20,0.10
2007.08.03 06:48:48.300,1.6338,1.6339,13.20,0.10
2007.08.03 06:48:48.400,1.6338,1.6339,17.20,0.10
2007.08.03 06:48:48.597,1.6338,1.634,17.20,31.10
2007.08.03 06:48:48.728,1.6338,1.634,33.10,15.20
2007.08.03 06:48:48.738,1.6338,1.634,33.10,12.80
2007.08.03 06:48:48.808,1.6339,1.634,2.00,10.40
2007.08.03 06:48:49.745,1.6339,1.634,2.00,12.80
2007.08.03 06:48:50.678,1.6339,1.634,2.00,9.60
2007.08.03 06:48:50.747,1.6339,1.634,21.90,9.60
2007.08.03 06:48:50.774,1.6339,1.634,24.30,4.00
2007.08.03 06:48:51.188,1.634,1.6342,11.20,42.90
2007.08.03 06:48:51.286,1.634,1.6342,11.20,39.70
2007.08.03 06:48:51.705,1.634,1.6341,0.80,5.60
2007.08.03 06:48:51.802,1.6339,1.634,11.40,4.00
2007.08.03 06:48:51.815,1.6339,1.634,5.80,4.00
2007.08.03 06:48:51.829,1.6339,1.634,2.40,4.00
2007.08.03 06:48:52.861,1.63385,1.634,3.40,4.00
2007.08.03 06:48:52.998,1.6338,1.634,28.60,4.00
2007.08.03 06:48:53.017,1.6338,1.634,31.00,4.00
2007.08.03 06:48:56.216,1.6339,1.634,4.00,4.00
2007.08.03 06:48:57.251,1.6338,1.634,32.60,4.00
2007.08.03 06:48:57.911,1.6338,1.634,32.60,4.00
2007.08.03 06:48:58.314,1.63395,1.634,1.30,4.00
2007.08.03 06:48:58.651,1.634,1.6341,2.30,5.60
2007.08.03 06:48:58.677,1.634,1.6341,1.10,5.60
2007.08.03 06:48:58.762,1.634,1.6341,3.90,5.60
2007.08.03 06:48:59.145,1.634,1.6341,2.30,5.60
2007.08.03 06:48:59.173,1.63395,1.6341,9.80,5.60
2007.08.03 06:48:59.228,1.63395,1.6342,7.40,53.10
2007.08.03 06:48:59.290,1.6339,1.6342,41.70,41.10
2007.08.03 06:48:59.322,1.6339,1.6342,44.10,38.70
2007.08.03 06:48:59.697,1.6339,1.6342,12.20,50.70
2007.08.03 06:48:59.739,1.63395,1.6341,2.10,5.60
2007.08.03 06:49:00.895,1.6339,1.6341,1.90,5.60
2007.08.03 06:49:01.585,1.6339,1.6341,0.80,9.60
2007.08.03 06:49:01.928,1.6338,1.6341,36.00,9.60
2007.08.03 06:49:02.685,1.6338,1.6341,36.00,9.60
2007.08.03 06:49:02.705,1.6339,1.6341,12.20,9.60
2007.08.03 06:49:02.768,1.6339,1.6341,32.20,19.60
2007.08.03 06:49:03.064,1.6339,1.6341,36.20,15.60
2007.08.03 06:49:04.748,1.634,1.6341,1.00,15.60
2007.08.03 06:49:05.243,1.634,1.6341,0.90,43.50
2007.08.03 06:49:05.292,1.6339,1.634,1.80,21.50
2007.08.03 06:49:05.706,1.6338,1.634,17.20,32.70
2007.08.03 06:49:05.814,1.6338,1.634,17.20,34.70
2007.08.03 06:49:05.944,1.6338,1.634,17.20,37.10
2007.08.03 06:49:06.277,1.63375,1.634,20.60,37.10
2007.08.03 06:49:06.521,1.63375,1.634,16.60,41.10
2007.08.03 06:49:08.305,1.63375,1.634,28.60,41.10
2007.08.03 06:49:08.811,1.63375,1.634,28.60,38.70
2007.08.03 06:49:09.179,1.6338,1.634,12.30,38.70
2007.08.03 06:49:10.205,1.6337,1.634,43.80,34.70
2007.08.03 06:49:11.196,1.6337,1.634,39.00,34.70
2007.08.03 06:49:14.732,1.6337,1.634,39.80,32.30
2007.08.03 06:49:14.751,1.6337,1.634,39.00,24.30
2007.08.03 06:49:15.244,1.6337,1.634,39.00,24.30
2007.08.03 06:49:15.674,1.6338,1.634,26.20,22.30
2007.08.03 06:49:15.777,1.6338,1.634,34.20,21.50
2007.08.03 06:49:16.108,1.6339,1.634,4.90,21.50
2007.08.03 06:49:16.398,1.6338,1.634,33.40,5.60
2007.08.03 06:49:16.518,1.6338,1.634,33.40,5.60
2007.08.03 06:49:17.640,1.6338,1.634,33.40,5.60
2007.08.03 06:49:17.781,1.6339,1.6341,3.30,14.00
2007.08.03 06:49:17.837,1.6339,1.6341,5.80,11.60
2007.08.03 06:49:17.932,1.6338,1.6341,33.40,11.60
2007.08.03 06:49:17.966,1.6338,1.6341,33.40,11.60
2007.08.03 06:49:18.065,1.6339,1.6341,10.20,10.00
2007.08.03 06:49:18.161,1.6339,1.6341,0.90,8.00
2007.08.03 06:49:18.233,1.63395,1.6341,2.00,8.00
2007.08.03 06:49:18.699,1.6339,1.6341,39.70,10.00
2007.08.03 06:49:18.761,1.6339,1.6341,11.50,10.00
2007.08.03 06:49:18.795,1.6338,1.6341,35.00,7.60
2007.08.03 06:49:20.153,1.6338,1.6341,32.20,11.60
2007.08.03 06:49:20.189,1.6338,1.6341,32.20,14.00
2007.08.03 06:49:20.268,1.6338,1.6341,28.20,22.00
2007.08.03 06:49:20.798,1.63385,1.6341,12.60,22.00
2007.08.03 06:49:20.812,1.6339,1.6341,1.90,22.00
2007.08.03 06:49:21.148,1.6339,1.6341,3.00,22.00
2007.08.03 06:49:21.211,1.63385,1.634,9.80,5.60
2007.08.03 06:49:21.788,1.63385,1.634,7.40,5.60
2007.08.03 06:49:22.209,1.6338,1.634,3.10,5.60
2007.08.03 06:49:22.648,1.6337,1.6341,58.50,54.70
2007.08.03 06:49:22.728,1.6337,1.6341,68.10,42.70
2007.08.03 06:49:22.742,1.6338,1.6341,6.80,40.30
2007.08.03 06:49:22.823,1.6338,1.6341,6.40,40.30
2007.08.03 06:49:22.942,1.6337,1.634,70.50,2.40
2007.08.03 06:49:23.044,1.6338,1.634,27.60,2.40
2007.08.03 06:49:23.893,1.6338,1.6341,21.30,40.30
2007.08.03 06:49:27.267,1.63385,1.6341,3.40,40.30
2007.08.03 06:49:29.312,1.6338,1.6341,60.90,40.30
2007.08.03 06:49:31.632,1.6338,1.634,60.90,3.20
2007.08.03 06:49:31.749,1.6338,1.634,33.40,11.20
2007.08.03 06:49:31.750,1.6338,1.634,33.40,16.80
2007.08.03 06:49:31.842,1.6338,1.634,31.00,16.80
2007.08.03 06:49:32.694,1.6338,1.634,36.60,19.20
2007.08.03 06:49:34.137,1.6338,1.634,35.00,19.20
2007.08.03 06:49:35.689,1.6338,1.634,35.00,21.20
2007.08.03 06:49:35.709,1.6338,1.634,31.60,21.20
2007.08.03 06:49:35.721,1.6338,1.6339,31.60,5.60
2007.08.03 06:49:35.793,1.6338,1.6339,19.60,5.60
2007.08.03 06:49:36.137,1.6338,1.6339,17.20,5.60
2007.08.03 06:49:36.248,1.6338,1.6339,20.60,5.60
2007.08.03 06:49:36.279,1.6338,1.634,20.60,25.20
2007.08.03 06:49:36.315,1.6338,1.634,20.60,21.20
2007.08.03 06:49:36.515,1.6338,1.634,28.60,13.20
2007.08.03 06:49:36.524,1.6338,1.634,24.60,17.20
2007.08.03 06:49:36.748,1.6339,1.634,2.00,15.20
2007.08.03 06:49:37.585,1.6339,1.634,2.00,11.20
2007.08.03 06:49:38.194,1.6338,1.634,21.40,21.20
2007.08.03 06:49:38.226,1.6338,1.6339,21.40,5.60
2007.08.03 06:49:38.264,1.6338,1.6339,18.00,5.60
2007.08.03 06:49:39.122,1.6338,1.6339,17.20,5.60
2007.08.03 06:49:39.158,1.6338,1.6339,13.20,5.60
2007.08.03 06:49:46.964,1.6338,1.6339,12.40,5.60
2007.08.03 06:49:47.193,1.6338,1.6339,10.00,5.60
2007.08.03 06:49:47.219,1.6337,1.6339,40.10,7.60
2007.08.03 06:49:47.338,1.6337,1.6339,24.20,7.60
2007.08.03 06:49:47.425,1.6337,1.6339,20.20,7.60
2007.08.03 06:49:47.745,1.6337,1.6339,19.80,18.00
2007.08.03 06:49:47.807,1.6337,1.6338,19.80,6.40
2007.08.03 06:49:47.957,1.6337,1.6338,16.40,6.40
2007.08.03 06:49:48.212,1.6337,1.6338,19.80,6.40
2007.08.03 06:49:48.749,1.6337,1.6338,17.80,8.40
2007.08.03 06:49:49.242,1.6337,1.6338,13.80,8.40
2007.08.03 06:49:49.657,1.6337,1.6338,13.80,7.60
2007.08.03 06:49:49.729,1.6337,1.6338,17.80,5.60
2007.08.03 06:49:49.787,1.63375,1.6338,3.40,5.60
2007.08.03 06:49:49.973,1.6339,1.634,0.80,17.70
2007.08.03 06:49:50.047,1.6337,1.6338,21.70,5.60
2007.08.03 06:49:50.062,1.6337,1.6338,20.10,5.60
2007.08.03 06:49:50.175,1.6337,1.6338,20.90,5.60
2007.08.03 06:49:50.207,1.6337,1.6338,24.90,5.60
2007.08.03 06:49:50.265,1.6339,1.634,2.40,21.70
2007.08.03 06:49:50.483,1.6339,1.634,2.40,14.40
2007.08.03 06:49:50.809,1.6339,1.634,18.80,9.60
2007.08.03 06:49:50.898,1.6339,1.634,18.80,9.30
2007.08.03 06:49:50.913,1.6339,1.634,16.40,9.30
2007.08.03 06:49:51.020,1.6339,1.634,16.40,4.00
2007.08.03 06:49:51.105,1.6339,1.6341,14.80,35.10
2007.08.03 06:49:51.120,1.6339,1.6341,14.00,35.10
2007.08.03 06:49:51.125,1.6339,1.6341,14.00,34.30
2007.08.03 06:49:51.234,1.6339,1.6341,12.00,34.30
2007.08.03 06:49:51.344,1.6339,1.6341,4.00,34.30
2007.08.03 06:49:51.443,1.6339,1.6341,7.40,34.30
2007.08.03 06:49:51.532,1.6339,1.6341,9.80,34.30
2007.08.03 06:49:51.721,1.6339,1.6341,9.80,31.90
2007.08.03 06:49:51.756,1.6339,1.6341,25.70,8.00
2007.08.03 06:49:52.228,1.6339,1.6341,25.70,12.00
2007.08.03 06:49:52.247,1.63395,1.6341,3.40,12.00
2007.08.03 06:49:52.521,1.63395,1.6341,3.40,8.00
2007.08.03 06:49:52.911,1.63395,1.6341,3.40,5.60
2007.08.03 06:49:53.174,1.634,1.6342,2.40,31.60
2007.08.03 06:49:53.242,1.634,1.6342,10.40,31.60
2007.08.03 06:49:53.266,1.634,1.6342,11.20,31.60
2007.08.03 06:49:53.434,1.634,1.6342,11.20,27.60
2007.08.03 06:49:53.469,1.634,1.6342,11.20,25.20
2007.08.03 06:49:53.747,1.634,1.6341,11.20,8.00
2007.08.03 06:49:53.886,1.634,1.6341,13.20,13.60
2007.08.03 06:49:54.720,1.634,1.6341,11.20,15.60
2007.08.03 06:49:56.171,1.634,1.6341,13.20,13.60
2007.08.03 06:49:57.204,1.634,1.6341,13.20,5.60
2007.08.03 06:49:57.245,1.634,1.6342,13.20,41.10
2007.08.03 06:49:57.783,1.634,1.6342,13.20,38.70
2007.08.03 06:49:57.819,1.634,1.6342,16.60,38.70
2007.08.03 06:49:57.879,1.634,1.6342,27.60,30.70
2007.08.03 06:49:57.990,1.634,1.6342,28.40,30.70
2007.08.03 06:49:58.007,1.634,1.6342,29.20,30.70
2007.08.03 06:49:58.091,1.634,1.6342,30.00,30.70
2007.08.03 06:49:58.130,1.634,1.6342,30.80,30.70
2007.08.03 06:49:58.303,1.634,1.6342,30.80,14.80
2007.08.03 06:49:58.723,1.6341,1.6342,8.00,14.80
2007.08.03 06:49:58.919,1.6341,1.6342,10.40,14.80
2007.08.03 06:49:58.942,1.6341,1.6342,10.40,12.40
2007.08.03 06:49:59.148,1.6341,1.6342,12.40,10.40
2007.08.03 06:49:59.223,1.6341,1.6342,10.00,12.80
2007.08.03 06:49:59.274,1.634,1.6342,19.00,42.70
2007.08.03 06:49:59.546,1.634,1.6342,15.60,42.70
2007.08.03 06:49:59.643,1.634,1.6342,13.20,42.70
2007.08.03 06:49:59.686,1.634,1.6342,5.20,42.70
2007.08.03 06:49:59.810,1.634,1.6342,18.70,26.80
2007.08.03 06:49:59.892,1.634,1.6342,18.70,27.60
2007.08.03 06:49:59.951,1.634,1.6342,18.70,28.40
2007.08.03 06:49:59.999,1.634,1.6342,18.70,32.40
2007.08.03 06:50:00.114,1.634,1.6342,18.70,33.20
2007.08.03 06:50:00.129,1.634,1.6342,18.70,36.40
2007.08.03 06:50:00.244,1.634,1.6341,16.70,12.00
2007.08.03 06:50:00.267,1.634,1.6341,16.70,14.40
2007.08.03 06:50:00.326,1.634,1.6341,8.80,26.30
2007.08.03 06:50:00.365,1.634,1.6341,10.40,29.50
2007.08.03 06:50:00.625,1.634,1.6341,10.40,13.60
2007.08.03 06:50:00.771,1.634,1.6341,10.40,21.50
2007.08.03 06:50:00.873,1.634,1.6341,2.40,27.50
2007.08.03 06:50:00.920,1.6339,1.6341,17.20,27.50
2007.08.03 06:50:00.974,1.6339,1.6341,20.40,0.50
2007.08.03 06:50:01.004,1.6339,1.6341,18.80,0.60
2007.08.03 06:50:01.094,1.6339,1.6342,19.60,53.90
2007.08.03 06:50:01.177,1.634,1.6342,8.00,63.80
2007.08.03 06:50:01.195,1.634,1.6342,10.40,60.60
2007.08.03 06:50:01.295,1.634,1.6342,10.40,59.00
2007.08.03 06:50:01.311,1.634,1.6342,10.40,59.00
2007.08.03 06:50:01.518,1.634,1.6343,10.40,54.30
2007.08.03 06:50:01.617,1.634,1.6342,13.80,0.90
2007.08.03 06:50:01.736,1.634,1.6342,13.80,0.50
2007.08.03 06:50:01.829,1.634,1.6342,13.80,0.60
2007.08.03 06:50:01.918,1.634,1.6343,10.40,61.50
2007.08.03 06:50:02.036,1.634,1.6342,13.20,0.50
2007.08.03 06:50:02.144,1.634,1.6343,13.20,59.90
2007.08.03 06:50:02.348,1.634,1.6343,13.20,48.00
2007.08.03 06:50:02.436,1.634,1.6341,13.20,0.80
2007.08.03 06:50:02.771,1.634,1.6341,15.60,0.60
2007.08.03 06:50:02.878,1.634,1.6341,13.20,0.70
2007.08.03 06:50:03.081,1.634,1.6342,21.20,40.80
2007.08.03 06:50:03.258,1.634,1.6343,21.20,73.60
2007.08.03 06:50:03.298,1.634,1.6343,21.20,58.30
2007.08.03 06:50:03.985,1.634,1.6343,21.20,57.90
2007.08.03 06:50:05.880,1.634,1.63425,21.20,42.30
2007.08.03 06:50:08.177,1.634,1.63425,13.20,42.30
2007.08.03 06:50:08.195,1.634,1.6342,10.80,0.80
2007.08.03 06:50:08.288,1.634,1.6342,2.80,0.60
2007.08.03 06:50:08.426,1.634,1.6342,2.80,0.60
2007.08.03 06:50:08.910,1.634,1.6342,2.80,0.50
2007.08.03 06:50:08.927,1.634,1.6342,2.80,0.90
2007.08.03 06:50:08.979,1.634,1.6342,2.80,0.50
2007.08.03 06:50:09.283,1.634,1.6343,2.80,56.50
2007.08.03 06:50:09.620,1.634,1.6342,2.80,50.90
2007.08.03 06:50:09.647,1.634,1.6341,0.80,0.70
2007.08.03 06:50:09.726,1.634,1.6342,0.80,56.50
2007.08.03 06:50:09.756,1.634,1.6341,0.80,0.50
2007.08.03 06:50:10.638,1.634,1.6342,0.80,49.40
2007.08.03 06:50:13.721,1.6339,1.6341,45.30,0.60
2007.08.03 06:50:14.081,1.6339,1.6342,43.70,49.40
2007.08.03 06:50:14.177,1.6339,1.6341,11.80,0.80
2007.08.03 06:50:14.234,1.6339,1.6341,9.40,0.90
2007.08.03 06:50:14.321,1.6339,1.6342,6.00,45.40
2007.08.03 06:50:14.637,1.6339,1.6341,6.00,0.80
2007.08.03 06:50:14.696,1.6339,1.6341,6.00,0.50
2007.08.03 06:50:15.121,1.6339,1.6342,4.00,46.40
2007.08.03 06:50:15.162,1.63385,1.6341,3.40,0.90
2007.08.03 06:50:18.190,1.6338,1.6341,31.80,0.80
2007.08.03 06:50:18.215,1.6338,1.63415,19.80,15.20
2007.08.03 06:50:18.236,1.6338,1.63415,14.20,15.20
2007.08.03 06:50:18.747,1.6338,1.63415,12.20,15.20
2007.08.03 06:50:21.783,1.6338,1.6339,8.80,0.70
2007.08.03 06:50:21.942,1.6338,1.6339,6.40,0.50
2007.08.03 06:50:22.131,1.6338,1.634,7.20,47.50
2007.08.03 06:50:22.248,1.6338,1.634,7.20,58.20
2007.08.03 06:50:22.267,1.6338,1.634,9.60,58.20
2007.08.03 06:50:22.354,1.6338,1.6339,17.60,0.80
2007.08.03 06:50:22.595,1.6338,1.6339,13.60,0.80
2007.08.03 06:50:22.884,1.6338,1.6339,11.20,0.80
2007.08.03 06:50:23.587,1.6338,1.634,11.20,61.10
2007.08.03 06:50:24.129,1.6338,1.634,20.00,60.30
2007.08.03 06:50:24.202,1.6338,1.6339,20.80,0.50
2007.08.03 06:50:24.244,1.6339,1.634,4.00,49.70
2007.08.03 06:50:24.305,1.6339,1.634,6.40,0.70
2007.08.03 06:50:24.343,1.6339,1.63405,22.30,9.60
2007.08.03 06:50:24.750,1.6339,1.6341,25.30,12.00
2007.08.03 06:50:24.868,1.6339,1.634,33.30,0.90
2007.08.03 06:50:24.925,1.6339,1.6341,34.10,12.00
2007.08.03 06:50:24.939,1.63395,1.634,3.40,0.50
2007.08.03 06:50:25.108,1.63395,1.634,3.40,0.60
2007.08.03 06:50:25.177,1.63395,1.6342,3.40,32.40
2007.08.03 06:50:25.827,1.6339,1.63415,12.80,15.20
2007.08.03 06:50:25.869,1.6339,1.6341,10.40,0.50
2007.08.03 06:50:25.901,1.6339,1.63415,8.80,19.20
2007.08.03 06:50:25.962,1.6339,1.6341,8.80,19.20
2007.08.03 06:50:26.110,1.63395,1.634,3.40,0.80
2007.08.03 06:50:26.351,1.6339,1.634,14.40,0.90
2007.08.03 06:50:26.375,1.6339,1.634,14.40,0.50
2007.08.03 06:50:26.748,1.6339,1.6341,12.00,35.20
2007.08.03 06:50:27.168,1.6339,1.634,4.00,0.70
2007.08.03 06:50:28.141,1.63385,1.634,3.40,6.40
2007.08.03 06:50:28.729,1.63385,1.6341,3.40,23.20
2007.08.03 06:50:28.804,1.6339,1.6341,15.90,15.20
2007.08.03 06:50:28.931,1.6339,1.6341,19.30,15.20
2007.08.03 06:50:29.097,1.6339,1.6341,19.30,14.40
2007.08.03 06:50:29.136,1.6339,1.6341,21.70,12.00
2007.08.03 06:50:29.153,1.6339,1.6341,25.70,8.00
2007.08.03 06:50:29.201,1.63395,1.6341,3.40,8.00
2007.08.03 06:50:29.723,1.63395,1.6341,3.40,5.60
2007.08.03 06:50:31.829,1.634,1.6341,3.20,5.60
2007.08.03 06:50:31.933,1.634,1.6342,3.20,41.10
2007.08.03 06:50:32.130,1.634,1.6342,3.20,40.30
2007.08.03 06:50:32.236,1.634,1.6342,3.20,27.90
2007.08.03 06:50:32.331,1.634,1.6342,23.10,12.00
2007.08.03 06:50:32.340,1.634,1.6342,25.50,12.00
2007.08.03 06:50:32.656,1.634,1.6342,25.50,17.40
2007.08.03 06:50:32.762,1.634,1.6342,25.50,25.40
2007.08.03 06:50:33.372,1.634,1.6342,9.60,41.30
2007.08.03 06:50:34.206,1.634,1.6342,9.60,38.30
2007.08.03 06:50:34.287,1.634,1.6342,9.60,35.90
2007.08.03 06:50:34.313,1.634,1.6342,9.60,27.90
2007.08.03 06:50:34.690,1.634,1.6342,9.60,31.10
2007.08.03 06:50:34.706,1.634,1.6342,9.60,43.10
2007.08.03 06:50:34.801,1.634,1.6342,7.20,43.10
2007.08.03 06:50:34.815,1.634,1.6342,3.20,43.10
2007.08.03 06:50:34.908,1.634,1.6342,3.20,39.10
2007.08.03 06:50:35.218,1.634,1.6342,19.10,12.80
2007.08.03 06:50:35.315,1.634,1.6342,21.50,12.00
2007.08.03 06:50:35.331,1.634,1.6342,25.50,12.00
2007.08.03 06:50:35.952,1.634,1.6342,27.90,9.60
2007.08.03 06:50:37.175,1.634,1.6342,31.30,9.60
2007.08.03 06:50:37.688,1.634,1.6342,35.30,5.60
2007.08.03 06:50:40.271,1.634,1.6342,31.90,5.60
2007.08.03 06:50:40.658,1.634,1.6342,29.50,5.60
2007.08.03 06:50:40.724,1.634,1.6342,13.60,5.60
2007.08.03 06:50:40.824,1.634,1.6342,9.60,5.60
2007.08.03 06:50:40.974,1.634,1.6342,6.40,5.60
2007.08.03 06:50:41.544,1.634,1.6342,9.80,5.60
2007.08.03 06:50:41.687,1.634,1.6342,10.60,5.60
2007.08.03 06:50:43.878,1.634,1.6342,7.20,5.60
2007.08.03 06:50:44.575,1.634,1.6342,3.20,9.60
2007.08.03 06:50:44.902,1.634,1.6342,6.60,9.60
2007.08.03 06:50:44.995,1.634,1.6342,4.20,12.00
2007.08.03 06:50:45.106,1.634,1.6342,8.20,8.00
2007.08.03 06:50:45.432,1.634,1.6342,4.80,8.00
2007.08.03 06:50:46.227,1.634,1.6341,4.80,5.60
2007.08.03 06:50:47.100,1.634,1.6341,0.80,5.60
2007.08.03 06:50:47.384,1.63395,1.6341,4.20,5.60
2007.08.03 06:50:52.160,1.63395,1.6341,4.20,9.60
2007.08.03 06:50:52.194,1.634,1.6341,0.80,9.60
2007.08.03 06:50:52.396,1.63395,1.634,1.50,5.60
2007.08.03 06:50:52.463,1.6339,1.634,2.60,5.60
2007.08.03 06:50:52.857,1.6338,1.634,43.50,5.60
2007.08.03 06:50:52.961,1.6338,1.634,37.90,5.60
2007.08.03 06:50:53.221,1.6339,1.634,4.80,5.60
2007.08.03 06:50:53.451,1.6339,1.634,14.20,5.60
2007.08.03 06:50:53.699,1.6339,1.634,10.60,7.60
2007.08.03 06:50:53.750,1.634,1.6341,0.80,17.20
2007.08.03 06:50:53.815,1.634,1.6341,0.60,7.20
2007.08.03 06:50:53.948,1.63395,1.6341,5.80,0.80
2007.08.03 06:50:54.038,1.6339,1.6341,49.70,4.80
2007.08.03 06:50:54.110,1.634,1.6341,0.50,4.00
2007.08.03 06:50:54.249,1.6339,1.6341,52.90,4.00
2007.08.03 06:50:54.675,1.634,1.6341,0.80,9.60
2007.08.03 06:50:57.231,1.63395,1.6341,6.60,9.60
2007.08.03 06:50:57.262,1.63395,1.6341,14.60,9.60
2007.08.03 06:50:57.774,1.634,1.6341,2.10,9.60
2007.08.03 06:50:58.191,1.63395,1.6341,17.00,11.60
2007.08.03 06:50:59.069,1.63395,1.6341,14.60,11.60
2007.08.03 06:50:59.175,1.63395,1.6341,16.60,9.60
2007.08.03 06:50:59.182,1.63395,1.6341,16.60,4.00
2007.08.03 06:50:59.685,1.6341,1.6342,0.90,33.90
2007.08.03 06:50:59.693,1.6341,1.6342,4.80,15.60
2007.08.03 06:51:00.536,1.634,1.6342,30.20,15.60
2007.08.03 06:51:01.645,1.634,1.6342,29.40,18.00
2007.08.03 06:51:01.681,1.634,1.6342,13.70,18.00
2007.08.03 06:51:01.853,1.63395,1.6342,30.20,18.00
2007.08.03 06:51:02.084,1.634,1.6342,2.20,18.00
2007.08.03 06:51:02.157,1.6341,1.6342,0.50,15.60
2007.08.03 06:51:02.206,1.6341,1.6342,2.40,15.60
2007.08.03 06:51:02.836,1.634,1.6342,35.00,18.00
2007.08.03 06:51:03.132,1.6341,1.6342,1.40,22.00
2007.08.03 06:51:04.097,1.6341,1.6342,0.60,18.00
2007.08.03 06:51:04.183,1.63395,1.6342,31.80,20.40
2007.08.03 06:51:04.285,1.63395,1.6342,21.40,20.40
2007.08.03 06:51:04.394,1.634,1.6342,5.10,20.40
2007.08.03 06:51:04.689,1.63395,1.6341,17.40,8.00
2007.08.03 06:51:04.706,1.63395,1.6341,7.40,16.00
2007.08.03 06:51:04.785,1.63395,1.6341,5.00,16.00
2007.08.03 06:51:04.821,1.634,1.6341,1.60,18.40
2007.08.03 06:51:05.195,1.634,1.6341,0.90,18.40
2007.08.03 06:51:05.206,1.6339,1.6341,29.80,16.00
2007.08.03 06:51:05.607,1.6339,1.6341,29.80,10.40
2007.08.03 06:51:05.730,1.6339,1.6341,43.70,2.40
2007.08.03 06:51:05.826,1.634,1.6342,10.90,25.20
2007.08.03 06:51:05.845,1.634,1.6342,8.00,25.20
2007.08.03 06:51:06.137,1.634,1.6342,0.60,28.40
2007.08.03 06:51:06.235,1.634,1.6341,10.70,8.00
2007.08.03 06:51:06.359,1.6339,1.6341,30.60,8.00
2007.08.03 06:51:06.370,1.63395,1.6341,11.00,8.00
2007.08.03 06:51:07.188,1.63395,1.6342,6.60,28.40
2007.08.03 06:51:07.246,1.634,1.6341,0.90,5.60
2007.08.03 06:51:09.730,1.6339,1.634,5.20,5.60
2007.08.03 06:51:09.762,1.6339,1.634,16.10,5.60
2007.08.03 06:51:09.777,1.6338,1.634,32.40,5.60
2007.08.03 06:51:10.095,1.6338,1.634,33.20,5.60
2007.08.03 06:51:10.190,1.6338,1.634,33.20,5.60
2007.08.03 06:51:10.203,1.6338,1.634,33.20,5.60
2007.08.03 06:51:10.718,1.63385,1.634,8.20,5.60
2007.08.03 06:51:10.813,1.6339,1.634,0.60,5.60
2007.08.03 06:51:11.938,1.6338,1.634,37.20,5.60
2007.08.03 06:51:12.047,1.6338,1.634,35.60,5.60
2007.08.03 06:51:12.062,1.6337,1.634,42.80,5.60
2007.08.03 06:51:12.136,1.6337,1.634,41.20,5.60
2007.08.03 06:51:12.169,1.6337,1.634,40.40,5.60
2007.08.03 06:51:12.257,1.6337,1.634,34.80,5.60
2007.08.03 06:51:12.692,1.6337,1.634,34.80,8.00
2007.08.03 06:51:12.773,1.6337,1.634,34.80,16.00
2007.08.03 06:51:13.086,1.6337,1.634,33.20,16.00
2007.08.03 06:51:13.711,1.6337,1.6339,32.00,5.60
2007.08.03 06:51:13.808,1.6337,1.6339,34.40,5.60
2007.08.03 06:51:13.858,1.6338,1.6339,2.60,5.60
2007.08.03 06:51:14.061,1.6337,1.6339,34.40,5.60
2007.08.03 06:51:14.132,1.6337,1.6339,38.40,5.60
2007.08.03 06:51:14.224,1.6338,1.634,7.40,28.00
2007.08.03 06:51:14.307,1.6338,1.634,1.80,20.00
2007.08.03 06:51:14.333,1.6337,1.634,37.60,16.00
2007.08.03 06:51:14.368,1.63385,1.634,1.40,16.00
2007.08.03 06:51:14.431,1.6338,1.634,27.20,13.60
2007.08.03 06:51:14.452,1.6338,1.634,27.20,9.60
2007.08.03 06:51:15.108,1.6338,1.634,35.20,5.60
2007.08.03 06:51:15.441,1.6338,1.634,26.00,5.60
2007.08.03 06:51:15.899,1.6338,1.634,27.60,5.60
2007.08.03 06:51:15.922,1.6338,1.634,29.20,5.60
2007.08.03 06:51:16.040,1.63385,1.634,3.40,5.60
2007.08.03 06:51:16.215,1.6339,1.634,2.40,5.60
2007.08.03 06:51:16.251,1.6339,1.634,8.40,5.60
2007.08.03 06:51:16.307,1.6339,1.634,11.80,5.60
2007.08.03 06:51:16.525,1.6339,1.634,12.60,0.10
2007.08.03 06:51:16.594,1.6339,1.6341,12.60,32.30
2007.08.03 06:51:16.723,1.634,1.6341,2.40,32.30
2007.08.03 06:51:16.764,1.634,1.6341,2.40,12.40
2007.08.03 06:51:16.930,1.634,1.6341,3.20,12.40
2007.08.03 06:51:17.084,1.634,1.6341,3.20,11.60
2007.08.03 06:51:17.147,1.6341,1.6342,2.40,20.40
2007.08.03 06:51:17.182,1.6341,1.6342,2.40,42.70
2007.08.03 06:51:17.208,1.6341,1.6342,2.40,46.70
2007.08.03 06:51:17.246,1.6341,1.6342,2.40,48.30
2007.08.03 06:51:17.337,1.6341,1.6342,2.40,24.40
2007.08.03 06:51:17.364,1.6341,1.6342,2.40,22.00
2007.08.03 06:51:17.972,1.6341,1.6342,2.40,19.60
2007.08.03 06:51:18.049,1.6341,1.6342,2.40,15.60
2007.08.03 06:51:18.278,1.634,1.6342,23.00,33.90
2007.08.03 06:51:18.381,1.634,1.6342,27.00,33.90
2007.08.03 06:51:18.592,1.634,1.6342,23.60,33.90
2007.08.03 06:51:18.688,1.634,1.6341,17.60,5.60
2007.08.03 06:51:18.797,1.634,1.6341,9.60,5.60
2007.08.03 06:51:18.900,1.634,1.6341,9.60,7.60
2007.08.03 06:51:19.218,1.634,1.6341,15.60,5.60
2007.08.03 06:51:19.243,1.634,1.6341,11.60,5.60
2007.08.03 06:51:19.365,1.634,1.6341,15.00,5.60
2007.08.03 06:51:19.503,1.634,1.6342,15.00,31.90
2007.08.03 06:51:20.182,1.634,1.6342,15.00,31.10
2007.08.03 06:51:20.217,1.634,1.6342,15.80,31.10
2007.08.03 06:51:20.273,1.634,1.6342,16.60,31.10
2007.08.03 06:51:20.396,1.63405,1.6342,3.40,31.10
2007.08.03 06:51:20.516,1.63405,1.6342,3.40,27.10
2007.08.03 06:51:20.891,1.63405,1.6342,3.40,24.70
2007.08.03 06:51:21.097,1.63405,1.6342,3.40,22.30
2007.08.03 06:51:21.675,1.6341,1.6342,2.40,22.30
2007.08.03 06:51:21.716,1.6341,1.6342,10.40,6.40
2007.08.03 06:51:21.769,1.6341,1.6342,10.40,7.20
2007.08.03 06:51:22.030,1.6341,1.6342,10.40,9.20
2007.08.03 06:51:22.139,1.6341,1.6342,10.40,8.40
2007.08.03 06:51:22.179,1.6341,1.6342,10.40,7.60
2007.08.03 06:51:22.673,1.6341,1.6342,2.40,7.60
2007.08.03 06:51:22.688,1.634,1.6342,43.70,10.00
2007.08.03 06:51:22.765,1.634,1.6342,27.80,25.90
2007.08.03 06:51:22.866,1.634,1.6342,24.40,25.90
2007.08.03 06:51:23.087,1.634,1.6342,23.60,25.90
2007.08.03 06:51:23.443,1.63395,1.6342,27.00,25.90
2007.08.03 06:51:23.518,1.63395,1.6342,23.00,29.90
2007.08.03 06:51:23.663,1.63395,1.6342,23.00,32.30
2007.08.03 06:51:24.062,1.63395,1.6342,15.00,32.30
2007.08.03 06:51:24.638,1.634,1.6342,1.50,33.10
2007.08.03 06:51:24.686,1.63395,1.6342,9.00,49.10
2007.08.03 06:51:24.750,1.63395,1.6341,9.00,5.60
2007.08.03 06:51:24.779,1.634,1.6341,2.30,7.60
2007.08.03 06:51:25.519,1.6339,1.6341,28.40,5.60
2007.08.03 06:51:26.665,1.634,1.6341,1.10,5.60
2007.08.03 06:51:26.776,1.6339,1.6341,43.10,7.60
2007.08.03 06:51:26.788,1.6339,1.6341,43.10,7.60
2007.08.03 06:51:26.994,1.6339,1.6341,41.50,7.60
2007.08.03 06:51:27.628,1.634,1.6341,0.80,10.00
2007.08.03 06:51:27.729,1.634,1.6341,0.80,29.90
2007.08.03 06:51:27.826,1.634,1.6341,0.80,32.30
2007.08.03 06:51:28.034,1.63385,1.6341,16.20,32.30
2007.08.03 06:51:28.123,1.6339,1.6341,2.20,32.30
2007.08.03 06:51:28.148,1.6338,1.6341,31.80,36.30
2007.08.03 06:51:32.233,1.6337,1.6341,40.60,36.30
2007.08.03 06:51:35.307,1.63375,1.6341,31.80,39.50
2007.08.03 06:51:35.777,1.6338,1.6341,9.20,43.50
2007.08.03 06:51:36.108,1.63375,1.6341,31.80,35.50
2007.08.03 06:51:36.377,1.6338,1.6341,31.80,32.30
2007.08.03 06:51:36.538,1.63385,1.634,1.80,4.00
2007.08.03 06:51:37.552,1.6338,1.6341,34.20,32.30
2007.08.03 06:51:39.231,1.63385,1.6341,0.80,44.30
2007.08.03 06:51:39.284,1.6338,1.634,28.20,5.60
2007.08.03 06:51:42.169,1.634,1.6341,0.80,48.30
2007.08.03 06:51:42.267,1.634,1.6341,0.80,38.70
2007.08.03 06:51:42.319,1.634,1.6341,0.80,34.70
2007.08.03 06:51:42.373,1.6338,1.6341,36.20,32.30
2007.08.03 06:51:42.733,1.6339,1.6341,1.30,32.30
2007.08.03 06:51:46.715,1.63385,1.6341,7.80,29.90
2007.08.03 06:51:47.937,1.6339,1.6341,1.30,32.30
2007.08.03 06:51:48.640,1.63385,1.6341,9.40,32.30
2007.08.03 06:51:48.665,1.6339,1.6341,12.40,29.90
2007.08.03 06:51:48.746,1.6339,1.6341,39.70,14.00
2007.08.03 06:51:49.578,1.634,1.6341,2.00,10.00
2007.08.03 06:51:49.695,1.634,1.6341,0.80,12.40
2007.08.03 06:51:50.201,1.6339,1.6341,3.80,12.40
2007.08.03 06:51:50.220,1.6339,1.6341,0.90,32.30
2007.08.03 06:51:50.298,1.63385,1.6341,9.40,32.30
2007.08.03 06:51:50.524,1.6339,1.6341,1.30,36.30
2007.08.03 06:51:50.786,1.63385,1.6341,21.30,20.40
2007.08.03 06:51:50.835,1.6339,1.6341,3.30,18.40
2007.08.03 06:51:51.227,1.6339,1.6341,18.70,16.00
2007.08.03 06:51:51.252,1.634,1.6341,0.80,12.00
2007.08.03 06:51:52.207,1.6339,1.6341,18.70,27.00
2007.08.03 06:51:52.252,1.634,1.6341,0.80,29.40
2007.08.03 06:51:52.653,1.6339,1.634,2.00,2.40
2007.08.03 06:51:52.707,1.6339,1.634,2.30,10.40
2007.08.03 06:51:53.189,1.6339,1.634,15.90,16.00
2007.08.03 06:51:53.230,1.63385,1.634,3.40,16.00
2007.08.03 06:51:53.365,1.6338,1.634,29.40,16.00
2007.08.03 06:51:54.212,1.6338,1.634,29.40,13.60
2007.08.03 06:51:54.251,1.6338,1.634,29.40,5.60
2007.08.03 06:51:56.127,1.6339,1.634,8.00,5.60
2007.08.03 06:51:56.166,1.6339,1.634,10.40,5.60
2007.08.03 06:51:56.186,1.63395,1.634,3.40,5.60
2007.08.03 06:51:56.451,1.6339,1.634,25.80,5.60
2007.08.03 06:51:56.547,1.6339,1.634,27.40,5.60
2007.08.03 06:51:56.654,1.6339,1.634,15.40,5.60
2007.08.03 06:51:56.675,1.6339,1.634,13.00,5.60
2007.08.03 06:51:56.787,1.6339,1.6341,13.00,26.00
2007.08.03 06:51:57.088,1.6339,1.6341,13.00,24.40
2007.08.03 06:51:57.241,1.6339,1.6341,9.60,24.40
2007.08.03 06:51:57.374,1.6339,1.6341,8.00,24.40
2007.08.03 06:51:57.531,1.6339,1.6341,12.00,20.40
2007.08.03 06:51:57.697,1.634,1.6341,8.00,20.40
2007.08.03 06:51:57.715,1.634,1.6341,11.20,18.00
2007.08.03 06:51:57.793,1.634,1.6341,11.20,15.60
2007.08.03 06:51:59.904,1.634,1.6341,11.20,0.50
2007.08.03 06:52:00.253,1.634,1.6341,11.20,0.90
2007.08.03 06:52:01.628,1.634,1.6342,11.20,58.30
2007.08.03 06:52:01.710,1.634,1.6341,11.20,0.60
2007.08.03 06:52:04.127,1.634,1.6341,19.20,0.90
2007.08.03 06:52:04.184,1.6341,1.6342,2.40,51.30
2007.08.03 06:52:04.228,1.6341,1.6342,10.40,39.10
2007.08.03 06:52:04.797,1.6341,1.6342,10.40,8.00
2007.08.03 06:52:04.861,1.6341,1.6342,12.40,8.40
2007.08.03 06:52:04.898,1.6341,1.6343,12.40,63.90
2007.08.03 06:52:04.958,1.6341,1.6343,12.40,65.50
2007.08.03 06:52:05.095,1.6341,1.6343,12.40,62.40
2007.08.03 06:52:05.161,1.6341,1.6343,12.40,62.40
2007.08.03 06:52:05.273,1.6341,1.6343,12.40,62.40
2007.08.03 06:52:05.367,1.6341,1.6343,10.40,62.40
2007.08.03 06:52:05.446,1.6341,1.6343,10.40,63.20
2007.08.03 06:52:05.511,1.6341,1.6342,10.40,0.60
2007.08.03 06:52:05.549,1.6341,1.6343,10.40,62.40
2007.08.03 06:52:05.655,1.6341,1.6342,8.00,0.50
2007.08.03 06:52:05.698,1.634,1.6343,32.60,55.90
2007.08.03 06:52:05.763,1.634,1.6343,29.20,55.90
2007.08.03 06:52:05.792,1.634,1.6343,21.20,51.90
2007.08.03 06:52:06.111,1.634,1.6343,19.60,53.50
2007.08.03 06:52:06.263,1.634,1.6343,22.00,51.10
2007.08.03 06:52:06.292,1.634,1.6343,37.90,36.60
2007.08.03 06:52:06.520,1.634,1.6343,33.90,36.60
2007.08.03 06:52:06.679,1.634,1.6342,33.90,0.90
2007.08.03 06:52:06.701,1.634,1.6343,33.90,53.30
2007.08.03 06:52:07.113,1.6341,1.6343,4.00,49.70
2007.08.03 06:52:07.194,1.6342,1.6343,0.80,48.90
2007.08.03 06:52:08.050,1.6342,1.6344,0.80,36.60
2007.08.03 06:52:08.587,1.6342,1.6344,0.80,36.60
2007.08.03 06:52:09.202,1.6342,1.6344,0.80,41.60
2007.08.03 06:52:09.704,1.6342,1.6343,0.80,0.50
2007.08.03 06:52:09.751,1.6341,1.6343,4.00,47.50
2007.08.03 06:52:10.137,1.634,1.6342,29.90,0.80
2007.08.03 06:52:10.174,1.634,1.63425,29.90,11.20
2007.08.03 06:52:10.231,1.634,1.63425,14.00,31.10
2007.08.03 06:52:10.372,1.634,1.63425,11.60,31.10
2007.08.03 06:52:10.512,1.634,1.6342,7.60,0.50
2007.08.03 06:52:10.744,1.634,1.6342,5.20,0.70
2007.08.03 06:52:10.988,1.634,1.6342,5.20,0.90
2007.08.03 06:52:11.177,1.634,1.6343,5.20,49.10
2007.08.03 06:52:11.186,1.634,1.6343,5.20,45.90
2007.08.03 06:52:11.274,1.634,1.6343,21.10,30.00
2007.08.03 06:52:11.615,1.634,1.6342,21.10,0.80
2007.08.03 06:52:11.712,1.634,1.6343,5.20,38.00
2007.08.03 06:52:11.817,1.634,1.6343,13.20,38.00
2007.08.03 06:52:11.926,1.634,1.6343,13.20,37.20
2007.08.03 06:52:12.127,1.634,1.6343,10.80,34.00
2007.08.03 06:52:12.234,1.63395,1.6343,3.40,29.80
2007.08.03 06:52:12.635,1.63395,1.6343,3.40,36.20
2007.08.03 06:52:12.733,1.63395,1.6343,3.40,36.20
2007.08.03 06:52:13.053,1.63395,1.6341,3.40,0.50
2007.08.03 06:52:15.258,1.634,1.6342,11.20,0.80
2007.08.03 06:52:15.746,1.634,1.6343,11.20,37.80
2007.08.03 06:52:19.351,1.634,1.6342,11.20,0.90
2007.08.03 06:52:23.194,1.634,1.6342,11.20,0.60
2007.08.03 06:52:27.038,1.634,1.6342,12.00,27.40
2007.08.03 06:52:27.145,1.634,1.6342,16.00,27.40
2007.08.03 06:52:27.247,1.634,1.6342,31.90,27.40
2007.08.03 06:52:28.663,1.6341,1.6342,2.40,25.00
2007.08.03 06:52:28.808,1.6341,1.6342,10.40,22.00
2007.08.03 06:52:28.961,1.634,1.6342,46.50,22.00
2007.08.03 06:52:29.635,1.6341,1.6342,5.20,20.00
2007.08.03 06:52:29.678,1.6342,1.6343,0.80,45.50
2007.08.03 06:52:29.733,1.6341,1.6342,30.30,6.40
2007.08.03 06:52:29.849,1.6342,1.6343,0.80,20.40
2007.08.03 06:52:30.136,1.6341,1.6343,43.30,23.60
2007.08.03 06:52:30.459,1.6341,1.6343,45.70,24.40
2007.08.03 06:52:30.515,1.6341,1.6343,49.70,20.40
2007.08.03 06:52:30.973,1.6342,1.6343,0.80,18.40
2007.08.03 06:52:33.767,1.6342,1.6343,0.50,18.40
2007.08.03 06:52:34.801,1.6341,1.6343,41.10,16.00
2007.08.03 06:52:36.638,1.6341,1.6343,41.10,13.60
2007.08.03 06:52:36.681,1.6342,1.6343,1.50,5.60
2007.08.03 06:52:37.255,1.63415,1.6344,6.00,38.70
2007.08.03 06:52:37.321,1.63415,1.6344,14.00,38.70
2007.08.03 06:52:37.358,1.63415,1.6344,14.00,37.10
2007.08.03 06:52:37.664,1.6343,1.6344,1.20,37.10
2007.08.03 06:52:37.723,1.6342,1.6344,28.20,19.20
2007.08.03 06:52:37.772,1.6343,1.6344,4.20,16.80
2007.08.03 06:52:38.136,1.6342,1.6344,35.60,18.80
2007.08.03 06:52:38.209,1.6342,1.6344,39.60,14.80
2007.08.03 06:52:38.487,1.6343,1.6344,3.80,16.40
2007.08.03 06:52:40.209,1.6343,1.6344,1.20,8.40
2007.08.03 06:52:40.722,1.6343,1.6344,1.00,8.40
2007.08.03 06:52:40.744,1.6342,1.6344,13.90,8.40
2007.08.03 06:52:41.052,1.6341,1.6344,39.60,8.40
2007.08.03 06:52:41.263,1.6341,1.6344,39.60,7.60
2007.08.03 06:52:41.340,1.6342,1.6344,29.40,7.60
2007.08.03 06:52:41.376,1.6344,1.6345,0.90,23.60
2007.08.03 06:52:41.386,1.6344,1.6345,0.70,26.00
2007.08.03 06:52:41.607,1.6342,1.6344,33.20,2.00
2007.08.03 06:52:41.662,1.6343,1.6345,17.00,43.90
2007.08.03 06:52:41.675,1.6344,1.6345,0.70,41.50
2007.08.03 06:52:41.756,1.6344,1.6345,6.90,17.60
2007.08.03 06:52:41.874,1.6344,1.6345,0.80,15.20
2007.08.03 06:52:41.887,1.6344,1.6345,1.90,11.20
2007.08.03 06:52:42.079,1.6343,1.6345,30.40,9.60
2007.08.03 06:52:42.517,1.6343,1.6345,35.20,5.60
2007.08.03 06:52:43.216,1.6343,1.6345,33.60,13.60
2007.08.03 06:52:43.725,1.6344,1.6345,2.30,16.00
2007.08.03 06:52:44.681,1.6343,1.6345,39.60,18.00
2007.08.03 06:52:45.714,1.6344,1.6345,0.60,15.60
2007.08.03 06:52:46.225,1.6344,1.6345,1.40,52.30
2007.08.03 06:52:46.238,1.6342,1.6344,44.90,6.40
2007.08.03 06:52:46.736,1.6343,1.6345,3.10,59.50
2007.08.03 06:52:46.770,1.63425,1.6345,13.80,44.30
2007.08.03 06:52:47.070,1.63425,1.6345,13.80,42.70
2007.08.03 06:52:47.157,1.63425,1.6345,13.80,40.30
2007.08.03 06:52:50.676,1.63425,1.6344,11.40,5.60
2007.08.03 06:52:50.687,1.63425,1.6344,1.60,5.60
2007.08.03 06:52:52.924,1.6341,1.6344,40.80,5.60
2007.08.03 06:52:53.717,1.6342,1.6344,11.70,8.00
2007.08.03 06:52:55.241,1.6342,1.6344,25.90,8.00
2007.08.03 06:52:55.780,1.6342,1.6344,32.90,5.60
2007.08.03 06:52:57.802,1.6342,1.6344,28.40,5.60
2007.08.03 06:52:58.315,1.6342,1.6344,24.90,5.60
2007.08.03 06:52:58.802,1.6342,1.6344,22.50,8.00
2007.08.03 06:52:59.515,1.6342,1.6344,18.50,12.00
2007.08.03 06:52:59.621,1.6342,1.6344,18.50,12.80
2007.08.03 06:52:59.729,1.6342,1.6344,2.60,41.10
2007.08.03 06:53:00.653,1.6342,1.6344,2.60,40.30
2007.08.03 06:53:00.663,1.6342,1.6344,2.60,30.30
2007.08.03 06:53:00.747,1.6342,1.6344,5.00,27.90
2007.08.03 06:53:00.769,1.6342,1.6344,20.90,12.00
2007.08.03 06:53:03.131,1.6343,1.6344,0.80,12.00
2007.08.03 06:53:03.184,1.6343,1.6344,0.80,14.40
2007.08.03 06:53:03.220,1.6343,1.6344,0.80,17.60
2007.08.03 06:53:03.240,1.6343,1.6344,0.80,41.50
2007.08.03 06:53:03.694,1.6343,1.6344,0.80,39.10
2007.08.03 06:53:03.757,1.6343,1.6344,0.80,23.20
2007.08.03 06:53:04.077,1.6342,1.6344,43.70,23.20
2007.08.03 06:53:04.211,1.6342,1.6344,40.30,23.20
2007.08.03 06:53:04.304,1.6342,1.6344,44.30,19.20
2007.08.03 06:53:04.653,1.6342,1.6344,44.30,16.00
2007.08.03 06:53:04.712,1.6343,1.6344,2.00,16.00
2007.08.03 06:53:04.806,1.6343,1.6344,2.00,8.00
2007.08.03 06:53:05.475,1.6343,1.6344,2.00,2.40
2007.08.03 06:53:05.517,1.6343,1.6344,2.00,6.40
2007.08.03 06:53:05.674,1.6343,1.6344,2.00,15.20
2007.08.03 06:53:05.748,1.6342,1.6344,30.40,23.20
2007.08.03 06:53:05.845,1.6342,1.6344,40.30,25.20
2007.08.03 06:53:06.680,1.6343,1.6344,2.00,15.20
2007.08.03 06:53:06.706,1.6343,1.6344,2.00,6.40
2007.08.03 06:53:07.205,1.6342,1.6344,31.60,16.40
2007.08.03 06:53:07.242,1.6342,1.6344,31.60,19.60
2007.08.03 06:53:07.443,1.6342,1.6344,28.40,19.60
2007.08.03 06:53:07.549,1.6342,1.6344,28.40,25.20
2007.08.03 06:53:07.710,1.6342,1.6344,40.30,25.20
2007.08.03 06:53:08.123,1.6342,1.6344,36.30,25.20
2007.08.03 06:53:12.702,1.6342,1.6344,12.40,25.20
2007.08.03 06:53:12.762,1.6342,1.6344,10.00,25.20
2007.08.03 06:53:12.799,1.6342,1.6344,6.00,25.20
2007.08.03 06:53:12.851,1.6342,1.6344,3.60,25.20
2007.08.03 06:53:13.113,1.6342,1.6344,2.80,25.20
2007.08.03 06:53:13.160,1.6342,1.6344,2.80,28.40
2007.08.03 06:53:15.985,1.6342,1.6344,2.80,25.20
2007.08.03 06:53:16.262,1.6342,1.6344,2.80,28.40
2007.08.03 06:53:16.752,1.6342,1.6344,6.80,28.40
2007.08.03 06:53:16.785,1.6342,1.6344,6.80,25.20
2007.08.03 06:53:16.900,1.6342,1.6344,7.60,25.20
2007.08.03 06:53:16.956,1.6342,1.6344,8.40,25.20
2007.08.03 06:53:17.042,1.6342,1.6344,9.20,25.20
2007.08.03 06:53:17.054,1.6342,1.6344,13.20,25.20
2007.08.03 06:53:17.218,1.6342,1.6344,13.20,22.80
2007.08.03 06:53:17.262,1.6342,1.6344,13.20,14.80
2007.08.03 06:53:17.880,1.6342,1.6344,15.60,12.40
2007.08.03 06:53:17.995,1.6342,1.6344,14.80,12.40
2007.08.03 06:53:18.042,1.6342,1.6344,14.00,12.40
2007.08.03 06:53:18.122,1.6342,1.6344,13.20,12.40
2007.08.03 06:53:18.754,1.6342,1.6344,13.20,14.80
2007.08.03 06:53:18.830,1.6342,1.6344,9.20,26.80
2007.08.03 06:53:18.925,1.6342,1.6344,5.20,26.80
2007.08.03 06:53:19.829,1.6342,1.6344,2.80,29.20
2007.08.03 06:53:21.704,1.6342,1.6344,5.20,26.80
2007.08.03 06:53:22.950,1.6342,1.6344,2.80,29.20
2007.08.03 06:53:25.250,1.6342,1.6345,2.80,43.60
2007.08.03 06:53:30.110,1.6342,1.63445,2.80,34.80
2007.08.03 06:53:30.228,1.6342,1.6343,0.80,0.70
2007.08.03 06:53:30.271,1.6342,1.6343,0.80,0.60
2007.08.03 06:53:30.471,1.6342,1.6343,0.80,0.60
2007.08.03 06:53:32.194,1.6342,1.6343,0.80,0.70
2007.08.03 06:53:32.812,1.6342,1.6343,0.80,0.70
2007.08.03 06:53:33.651,1.6342,1.6344,2.80,42.80
2007.08.03 06:53:33.751,1.6342,1.6343,2.80,0.90
2007.08.03 06:53:34.165,1.6342,1.6343,0.80,0.70
2007.08.03 06:53:34.902,1.6342,1.6344,0.80,41.20
2007.08.03 06:53:39.643,1.6342,1.6344,2.80,44.80
2007.08.03 06:53:47.645,1.6342,1.6344,0.80,41.60
2007.08.03 06:53:47.755,1.6342,1.6344,0.80,41.20
2007.08.03 06:53:48.887,1.6342,1.6344,0.80,42.80
2007.08.03 06:53:50.606,1.6341,1.6343,42.90,0.80
2007.08.03 06:53:50.760,1.6341,1.6344,46.90,42.80
2007.08.03 06:53:51.065,1.6341,1.6344,46.10,43.60
2007.08.03 06:53:51.173,1.6341,1.6344,38.10,43.60
2007.08.03 06:53:51.224,1.6341,1.6344,35.70,43.60
2007.08.03 06:53:51.269,1.6341,1.6344,19.80,43.60
2007.08.03 06:53:51.329,1.6341,1.6343,16.40,0.70
2007.08.03 06:53:52.613,1.6341,1.6343,12.40,28.40
2007.08.03 06:53:53.662,1.6341,1.6343,4.40,28.40
2007.08.03 06:53:53.684,1.6341,1.6343,2.00,28.40
2007.08.03 06:53:53.794,1.6341,1.6342,2.00,6.40
2007.08.03 06:53:54.167,1.634,1.6342,35.70,16.40
2007.08.03 06:53:54.198,1.634,1.6342,35.70,18.80
2007.08.03 06:53:54.796,1.634,1.6342,41.30,21.20
2007.08.03 06:53:55.212,1.6341,1.6342,8.00,21.20
2007.08.03 06:53:55.223,1.6341,1.6342,10.40,18.80
2007.08.03 06:53:55.735,1.6341,1.6342,10.40,16.40
2007.08.03 06:53:58.719,1.6341,1.6342,8.00,18.80
2007.08.03 06:53:58.737,1.634,1.6342,40.50,18.80
2007.08.03 06:53:58.937,1.634,1.6342,37.10,18.80
2007.08.03 06:53:59.286,1.634,1.6342,40.50,18.80
2007.08.03 06:53:59.312,1.6341,1.6342,10.40,20.40
2007.08.03 06:54:00.141,1.6341,1.6342,10.40,16.40
2007.08.03 06:54:00.164,1.6341,1.6342,8.00,18.80
2007.08.03 06:54:00.199,1.634,1.6342,40.50,18.80
2007.08.03 06:54:00.615,1.634,1.6342,40.50,21.20
2007.08.03 06:54:01.235,1.634,1.6342,36.50,25.20
2007.08.03 06:54:01.298,1.634,1.6342,33.10,25.20
2007.08.03 06:54:01.756,1.634,1.6342,17.20,25.20
2007.08.03 06:54:01.856,1.634,1.6342,9.20,25.20
2007.08.03 06:54:02.232,1.634,1.6342,5.20,29.20
2007.08.03 06:54:03.097,1.634,1.6342,13.20,29.20
2007.08.03 06:54:03.300,1.634,1.6342,20.20,25.20
2007.08.03 06:54:05.700,1.634,1.6341,14.20,2.00
2007.08.03 06:54:05.713,1.634,1.6341,14.20,7.60
2007.08.03 06:54:06.107,1.634,1.6341,6.20,7.60
2007.08.03 06:54:07.772,1.634,1.6341,14.20,7.60
2007.08.03 06:54:14.205,1.634,1.6341,6.20,7.60
2007.08.03 06:54:14.689,1.634,1.6341,7.00,7.60
2007.08.03 06:54:14.749,1.634,1.6341,7.80,7.60
2007.08.03 06:54:14.814,1.634,1.6341,9.80,5.60
2007.08.03 06:54:14.847,1.634,1.6341,11.40,5.60
2007.08.03 06:54:14.910,1.634,1.6341,22.00,5.60
2007.08.03 06:54:14.979,1.6341,1.6342,0.80,20.00
2007.08.03 06:54:15.222,1.6341,1.6342,3.20,18.40
2007.08.03 06:54:15.233,1.6341,1.6342,11.20,22.40
2007.08.03 06:54:15.262,1.6341,1.6342,10.40,22.40
2007.08.03 06:54:15.310,1.6341,1.6342,10.40,20.80
2007.08.03 06:54:15.739,1.6341,1.6342,10.40,20.40
2007.08.03 06:54:16.032,1.6341,1.6342,10.40,16.40
2007.08.03 06:54:16.246,1.6341,1.6342,8.00,18.80
2007.08.03 06:54:16.270,1.634,1.6342,37.30,18.80
2007.08.03 06:54:16.354,1.634,1.6342,33.90,18.80
2007.08.03 06:54:16.778,1.634,1.6342,19.60,38.70
2007.08.03 06:54:17.095,1.634,1.6342,17.20,38.70
2007.08.03 06:54:17.521,1.634,1.6342,13.20,42.70
2007.08.03 06:54:19.811,1.6341,1.6342,8.00,28.70
2007.08.03 06:54:19.842,1.6341,1.6342,10.40,25.50
2007.08.03 06:54:20.125,1.6341,1.6342,10.40,27.10
2007.08.03 06:54:20.219,1.6341,1.6342,2.40,27.10
2007.08.03 06:54:20.244,1.634,1.6342,25.80,27.10
2007.08.03 06:54:20.354,1.634,1.6341,21.80,5.60
2007.08.03 06:54:20.640,1.634,1.6341,21.70,5.60
2007.08.03 06:54:20.670,1.63395,1.6341,25.10,5.60
2007.08.03 06:54:20.758,1.634,1.6341,1.30,5.60
2007.08.03 06:54:20.779,1.63395,1.6342,21.40,46.70
2007.08.03 06:54:20.874,1.63395,1.6342,21.30,44.30
2007.08.03 06:54:20.944,1.63395,1.6342,20.40,40.30
2007.08.03 06:54:21.016,1.63395,1.6342,19.60,40.30
2007.08.03 06:54:21.144,1.63395,1.6342,21.20,36.70
2007.08.03 06:54:21.253,1.634,1.6342,21.80,12.80
2007.08.03 06:54:21.423,1.6341,1.6342,5.30,10.40
2007.08.03 06:54:21.783,1.6341,1.6342,2.00,18.40
2007.08.03 06:54:22.301,1.6341,1.6342,4.30,14.40
2007.08.03 06:54:23.796,1.6341,1.6342,3.60,13.60
2007.08.03 06:54:24.191,1.6341,1.6342,4.90,8.00
2007.08.03 06:54:24.247,1.634,1.6343,32.40,45.90
2007.08.03 06:54:24.292,1.6341,1.6343,3.70,42.70
2007.08.03 06:54:24.300,1.6341,1.6343,4.40,40.30
2007.08.03 06:54:24.662,1.63405,1.6343,5.80,40.30
2007.08.03 06:54:24.715,1.63405,1.6342,1.10,0.80
2007.08.03 06:54:24.760,1.63405,1.6342,1.80,16.70
2007.08.03 06:54:24.821,1.634,1.6342,9.00,16.70
2007.08.03 06:54:24.869,1.63395,1.6342,25.20,16.70
2007.08.03 06:54:25.017,1.63395,1.6342,25.20,22.30
2007.08.03 06:54:25.080,1.634,1.6342,3.60,22.30
2007.08.03 06:54:25.420,1.6339,1.6342,48.40,22.30
2007.08.03 06:54:25.710,1.6341,1.6342,1.00,22.30
2007.08.03 06:54:25.740,1.6341,1.6342,1.80,22.30
2007.08.03 06:54:26.097,1.63405,1.6342,13.80,26.30
2007.08.03 06:54:26.216,1.6341,1.6342,0.60,34.30
2007.08.03 06:54:26.247,1.63405,1.6342,1.80,36.70
2007.08.03 06:54:26.669,1.63405,1.6342,5.80,36.70
2007.08.03 06:54:26.745,1.6341,1.6342,2.40,20.80
2007.08.03 06:54:26.765,1.63405,1.6342,15.80,18.40
2007.08.03 06:54:27.155,1.634,1.6342,33.80,14.40
2007.08.03 06:54:27.672,1.634,1.6342,32.40,6.40
2007.08.03 06:54:27.712,1.634,1.6342,34.00,5.60
2007.08.03 06:54:27.961,1.634,1.6342,34.80,5.60
2007.08.03 06:54:28.578,1.634,1.6342,38.80,5.60
2007.08.03 06:54:28.722,1.6342,1.6343,5.00,8.80
2007.08.03 06:54:28.738,1.6341,1.6343,52.40,3.20
2007.08.03 06:54:29.135,1.6342,1.6343,12.60,2.40
2007.08.03 06:54:29.229,1.6341,1.6343,61.20,2.40
2007.08.03 06:54:29.252,1.6341,1.6343,58.00,2.40
2007.08.03 06:54:29.332,1.6342,1.6343,5.20,2.40
2007.08.03 06:54:29.351,1.6342,1.6343,8.10,2.40
2007.08.03 06:54:29.466,1.6342,1.6343,0.50,2.40
2007.08.03 06:54:29.645,1.6342,1.6344,12.10,9.60
2007.08.03 06:54:29.662,1.6341,1.6344,51.30,12.00
2007.08.03 06:54:29.793,1.6342,1.6344,8.40,12.80
2007.08.03 06:54:29.934,1.6341,1.6344,41.40,36.70
2007.08.03 06:54:30.070,1.6342,1.6344,8.70,32.70
2007.08.03 06:54:30.184,1.6341,1.6344,36.60,21.50
2007.08.03 06:54:30.280,1.6341,1.6344,48.50,9.60
2007.08.03 06:54:30.420,1.63415,1.6344,36.50,9.60
2007.08.03 06:54:30.696,1.63415,1.6344,32.10,7.60
2007.08.03 06:54:30.811,1.63415,1.6344,16.20,5.60
2007.08.03 06:54:30.908,1.63415,1.6344,8.20,5.60
2007.08.03 06:54:31.222,1.6342,1.6344,0.80,5.60
2007.08.03 06:54:32.144,1.6341,1.6344,58.50,9.60
2007.08.03 06:54:32.243,1.6342,1.6344,2.30,9.60
2007.08.03 06:54:32.260,1.63415,1.6344,24.10,9.60
2007.08.03 06:54:32.345,1.6342,1.6344,7.80,13.60
2007.08.03 06:54:32.356,1.6342,1.6344,2.30,13.60
2007.08.03 06:54:32.648,1.6342,1.6343,3.50,8.00
2007.08.03 06:54:32.768,1.6341,1.6343,39.40,8.00
2007.08.03 06:54:32.889,1.6341,1.6343,47.30,8.00
2007.08.03 06:54:36.708,1.6341,1.6343,47.30,10.00
2007.08.03 06:54:39.839,1.634,1.6343,54.50,10.00
2007.08.03 06:54:40.126,1.634,1.6343,50.90,10.00
2007.08.03 06:54:40.263,1.6341,1.6343,39.70,7.60
2007.08.03 06:54:40.341,1.6341,1.6343,31.80,21.50
2007.08.03 06:54:40.431,1.6342,1.6343,1.00,5.60
2007.08.03 06:54:42.710,1.634,1.6343,38.30,5.60
2007.08.03 06:54:42.735,1.6341,1.6343,8.00,7.60
2007.08.03 06:54:42.823,1.634,1.6343,45.70,7.60
2007.08.03 06:54:43.447,1.6341,1.6343,4.20,23.50
2007.08.03 06:54:43.657,1.6341,1.6343,10.10,31.50
2007.08.03 06:54:43.746,1.6341,1.6343,2.60,33.90
2007.08.03 06:54:44.695,1.6341,1.6343,2.30,33.90
2007.08.03 06:54:45.363,1.63405,1.6343,30.20,33.90
2007.08.03 06:54:46.380,1.6341,1.6343,13.20,33.90
2007.08.03 06:54:46.522,1.6341,1.6343,9.90,37.90
2007.08.03 06:54:47.524,1.6341,1.6343,5.00,33.90
2007.08.03 06:54:50.695,1.6341,1.6343,46.10,18.00
2007.08.03 06:54:50.826,1.6341,1.6343,48.50,18.00
2007.08.03 06:54:50.907,1.6341,1.6343,48.50,16.00
2007.08.03 06:54:51.231,1.6341,1.6343,44.50,5.60
2007.08.03 06:54:57.183,1.6342,1.6343,2.40,5.60
2007.08.03 06:54:57.246,1.6342,1.6343,2.40,29.50
2007.08.03 06:54:57.348,1.6342,1.6343,10.40,21.50
2007.08.03 06:54:58.268,1.6342,1.6343,2.40,27.50
2007.08.03 06:54:58.355,1.6341,1.6343,30.20,27.50
2007.08.03 06:54:58.567,1.6341,1.6343,34.20,23.50
2007.08.03 06:54:59.095,1.6341,1.6343,35.00,23.50
2007.08.03 06:54:59.178,1.6341,1.6343,35.00,25.90
2007.08.03 06:54:59.282,1.6341,1.6343,37.40,25.90
2007.08.03 06:54:59.306,1.6341,1.6343,37.40,10.00
2007.08.03 06:54:59.500,1.6342,1.6343,0.80,10.00
2007.08.03 06:54:59.703,1.6342,1.6343,0.80,7.60
2007.08.03 06:54:59.719,1.6342,1.6343,0.80,5.60
2007.08.03 06:54:59.800,1.6342,1.6344,0.80,41.90
2007.08.03 06:54:59.814,1.6342,1.6344,2.80,33.90
2007.08.03 06:55:00.131,1.6342,1.6344,2.80,33.10
2007.08.03 06:55:05.857,1.6342,1.6344,6.80,33.10
2007.08.03 06:55:06.269,1.6342,1.6344,10.80,33.10
2007.08.03 06:55:06.901,1.6342,1.6344,10.80,30.70
2007.08.03 06:55:09.274,1.6342,1.6344,6.80,34.70
2007.08.03 06:55:09.391,1.6342,1.6344,2.80,34.70
2007.08.03 06:55:09.593,1.6342,1.6344,2.80,37.10
2007.08.03 06:55:11.126,1.6342,1.6344,10.80,37.10
2007.08.03 06:55:13.099,1.6342,1.6344,2.80,37.10
2007.08.03 06:55:14.198,1.6342,1.6344,2.80,34.70
2007.08.03 06:55:14.557,1.6342,1.6344,5.20,32.30
2007.08.03 06:55:15.172,1.6342,1.6344,5.20,26.30
2007.08.03 06:55:15.222,1.6342,1.6344,5.20,25.50
2007.08.03 06:55:15.297,1.6342,1.6344,25.10,9.60
2007.08.03 06:55:15.389,1.63425,1.6344,3.40,9.60
2007.08.03 06:55:15.731,1.6343,1.6344,2.40,4.00
2007.08.03 06:55:15.794,1.6343,1.6344,4.40,4.00
2007.08.03 06:55:16.518,1.6343,1.6345,4.40,40.30
2007.08.03 06:55:16.662,1.6343,1.6345,2.00,40.30
2007.08.03 06:55:16.748,1.6343,1.6345,4.40,37.90
2007.08.03 06:55:16.864,1.6343,1.6345,4.40,40.90
2007.08.03 06:55:16.934,1.6343,1.6345,4.40,41.70
2007.08.03 06:55:16.991,1.6343,1.6345,4.40,42.50
2007.08.03 06:55:17.013,1.6343,1.6345,4.40,43.30
2007.08.03 06:55:17.670,1.6342,1.6345,58.90,37.70
2007.08.03 06:55:17.715,1.6342,1.6344,56.50,5.60
2007.08.03 06:55:17.754,1.6342,1.6344,53.10,5.60
2007.08.03 06:55:17.764,1.6342,1.6344,37.10,8.00
2007.08.03 06:55:17.816,1.6342,1.6344,34.70,8.00
2007.08.03 06:55:18.091,1.6342,1.6344,22.70,8.00
2007.08.03 06:55:18.165,1.6342,1.6344,6.80,23.90
2007.08.03 06:55:18.228,1.6342,1.6344,6.80,26.30
2007.08.03 06:55:18.430,1.6342,1.6344,6.80,27.10
2007.08.03 06:55:18.542,1.6342,1.6344,2.80,31.10
2007.08.03 06:55:18.715,1.6342,1.6344,18.70,15.20
2007.08.03 06:55:18.742,1.6342,1.6344,18.70,12.00
2007.08.03 06:55:18.861,1.6342,1.6344,26.70,12.00
2007.08.03 06:55:19.132,1.6342,1.6344,18.70,12.00
2007.08.03 06:55:20.407,1.6342,1.6344,22.10,12.00
2007.08.03 06:55:20.686,1.6342,1.6344,22.10,16.00
2007.08.03 06:55:20.847,1.6342,1.6344,18.70,16.00
2007.08.03 06:55:20.918,1.6342,1.63445,18.70,19.20
2007.08.03 06:55:21.096,1.6342,1.63445,26.70,19.20
2007.08.03 06:55:21.187,1.6342,1.63445,30.70,15.20
2007.08.03 06:55:21.314,1.6342,1.6344,22.70,0.60
2007.08.03 06:55:21.360,1.6342,1.6345,22.70,41.20
2007.08.03 06:55:21.420,1.6342,1.6345,6.80,62.80
2007.08.03 06:55:21.499,1.6342,1.6343,6.80,0.50
2007.08.03 06:55:21.655,1.6342,1.6343,2.80,0.50
2007.08.03 06:55:21.722,1.6342,1.6343,0.80,0.50
2007.08.03 06:55:21.810,1.6342,1.6344,0.80,54.20
2007.08.03 06:55:21.853,1.6342,1.6343,0.80,0.80
2007.08.03 06:55:22.239,1.6342,1.63435,0.80,31.10
2007.08.03 06:55:22.268,1.6342,1.63435,16.70,0.80
2007.08.03 06:55:22.287,1.6342,1.6343,16.70,0.60
2007.08.03 06:55:22.327,1.6342,1.63435,20.70,7.20
2007.08.03 06:55:22.339,1.6342,1.63435,23.10,7.20
2007.08.03 06:55:22.430,1.6342,1.6343,22.30,0.90
2007.08.03 06:55:22.737,1.6342,1.6344,22.30,16.80
2007.08.03 06:55:22.762,1.6342,1.6343,2.40,0.70
2007.08.03 06:55:22.838,1.6341,1.6344,27.00,32.70
2007.08.03 06:55:23.273,1.6341,1.6344,27.00,44.70
2007.08.03 06:55:23.288,1.6341,1.6344,24.60,50.30
2007.08.03 06:55:24.236,1.6341,1.6343,28.60,0.60
2007.08.03 06:55:26.148,1.6341,1.6343,28.60,0.80
2007.08.03 06:55:26.232,1.6341,1.6343,28.60,0.50
2007.08.03 06:55:26.287,1.6341,1.6344,28.60,54.60
2007.08.03 06:55:26.907,1.6341,1.6344,28.60,54.60
2007.08.03 06:55:31.273,1.63415,1.6344,3.40,54.60
2007.08.03 06:55:32.392,1.6342,1.6343,3.40,0.90
2007.08.03 06:55:33.644,1.6342,1.6344,4.20,54.60
2007.08.03 06:55:33.670,1.6342,1.6343,4.20,0.50
2007.08.03 06:55:33.685,1.6342,1.6343,8.20,0.50
2007.08.03 06:55:33.766,1.6342,1.6344,10.20,58.70
2007.08.03 06:55:33.939,1.6342,1.6343,6.80,0.50
2007.08.03 06:55:34.200,1.6342,1.6344,10.20,50.70
2007.08.03 06:55:34.650,1.6342,1.6344,6.20,54.70
2007.08.03 06:55:34.885,1.6342,1.6343,8.60,0.60
2007.08.03 06:55:35.138,1.6342,1.6344,12.60,48.30
2007.08.03 06:55:35.185,1.6342,1.6344,12.60,51.50
2007.08.03 06:55:35.215,1.6342,1.6344,12.60,59.50
2007.08.03 06:55:35.238,1.6342,1.6344,9.20,59.50
2007.08.03 06:55:35.494,1.6342,1.6344,10.00,67.50
2007.08.03 06:55:35.514,1.6342,1.6344,10.80,67.50
2007.08.03 06:55:35.532,1.6342,1.6343,11.60,0.60
2007.08.03 06:55:35.604,1.6342,1.6343,10.80,0.60
2007.08.03 06:55:35.626,1.6343,1.6344,0.80,66.80
2007.08.03 06:55:35.714,1.6343,1.6344,0.80,58.80
2007.08.03 06:55:35.824,1.6342,1.6344,24.60,53.90
2007.08.03 06:55:35.925,1.6342,1.6344,27.80,45.90
2007.08.03 06:55:36.099,1.6342,1.6344,25.20,45.90
2007.08.03 06:55:36.135,1.6342,1.6344,33.20,45.10
2007.08.03 06:55:36.443,1.6342,1.6345,33.20,65.60
2007.08.03 06:55:36.449,1.6342,1.6344,33.20,0.60
2007.08.03 06:55:36.742,1.6342,1.6344,32.40,0.90
2007.08.03 06:55:36.755,1.6342,1.6345,31.60,51.90
2007.08.03 06:55:37.039,1.6342,1.6345,30.80,51.90
2007.08.03 06:55:37.220,1.6342,1.6345,25.20,51.90
2007.08.03 06:55:37.227,1.6342,1.6344,25.20,0.70
2007.08.03 06:55:38.111,1.6342,1.6345,26.80,49.50
2007.08.03 06:55:38.182,1.6343,1.6345,2.40,48.70
2007.08.03 06:55:38.208,1.6343,1.6345,10.40,48.70
2007.08.03 06:55:38.316,1.6343,1.6345,10.40,39.20
2007.08.03 06:55:38.738,1.6343,1.6344,10.40,0.50
2007.08.03 06:55:38.814,1.6343,1.6345,18.40,41.90
2007.08.03 06:55:38.892,1.6343,1.6345,18.40,36.30
2007.08.03 06:55:38.987,1.6343,1.6344,18.40,0.70
2007.08.03 06:55:39.098,1.6343,1.6345,18.40,0.70
2007.08.03 06:55:39.143,1.6343,1.6346,12.40,57.10
2007.08.03 06:55:39.249,1.6343,1.6346,16.40,57.10
2007.08.03 06:55:39.656,1.6343,1.6346,12.80,58.70
2007.08.03 06:55:39.671,1.6343,1.6345,12.80,0.50
2007.08.03 06:55:39.707,1.6343,1.6344,12.80,0.80
2007.08.03 06:55:39.773,1.6343,1.6345,12.80,55.10
2007.08.03 06:55:40.124,1.6343,1.6344,12.80,0.70
2007.08.03 06:55:40.183,1.6343,1.6344,16.80,0.70
2007.08.03 06:55:40.267,1.6343,1.6345,24.80,35.50
2007.08.03 06:55:40.325,1.6343,1.6346,24.80,53.10
2007.08.03 06:55:41.117,1.6343,1.6346,16.80,53.10
2007.08.03 06:55:41.678,1.6343,1.6345,16.80,28.30
2007.08.03 06:55:41.734,1.6343,1.6344,12.80,0.80
2007.08.03 06:55:41.784,1.6343,1.6345,12.80,53.10
2007.08.03 06:55:42.673,1.6343,1.6345,10.40,58.70
2007.08.03 06:55:43.623,1.6343,1.6344,10.40,0.50
2007.08.03 06:55:43.710,1.6343,1.6344,14.40,0.80
2007.08.03 06:55:43.729,1.6343,1.63455,14.40,42.30
2007.08.03 06:55:44.118,1.6343,1.63455,14.40,41.50
2007.08.03 06:55:44.655,1.6343,1.6345,16.80,0.60
2007.08.03 06:55:44.759,1.6343,1.6346,16.80,54.70
2007.08.03 06:55:45.166,1.6343,1.6345,16.80,0.50
2007.08.03 06:55:45.275,1.6343,1.6346,16.80,61.90
2007.08.03 06:55:45.896,1.6343,1.63455,14.40,41.50
2007.08.03 06:55:47.581,1.6343,1.6344,14.40,0.60
2007.08.03 06:55:47.605,1.6343,1.6345,10.40,67.10
2007.08.03 06:55:47.636,1.6343,1.6344,12.40,0.50
2007.08.03 06:55:47.735,1.6343,1.6344,12.40,0.80
2007.08.03 06:55:47.868,1.6343,1.6345,13.20,32.70
2007.08.03 06:55:47.954,1.6343,1.6345,18.20,29.50
2007.08.03 06:55:48.542,1.6343,1.6345,22.20,24.70
2007.08.03 06:55:48.678,1.6343,1.6345,22.20,0.60
2007.08.03 06:55:48.886,1.6343,1.6345,24.60,0.80
2007.08.03 06:55:49.661,1.6343,1.6344,24.60,0.80
2007.08.03 06:55:49.714,1.6343,1.6344,22.60,6.40
2007.08.03 06:55:49.783,1.6343,1.6344,19.20,6.40
2007.08.03 06:55:49.914,1.6343,1.6344,27.20,6.40
2007.08.03 06:55:50.065,1.6343,1.6344,23.20,6.40
2007.08.03 06:55:50.121,1.6343,1.6344,15.20,6.40
2007.08.03 06:55:50.636,1.6343,1.6344,14.40,6.40
2007.08.03 06:55:50.731,1.6343,1.6344,13.60,6.40
2007.08.03 06:55:50.744,1.6343,1.6344,11.20,14.40
2007.08.03 06:55:50.871,1.6343,1.6344,10.40,14.40
2007.08.03 06:55:51.670,1.6343,1.6344,10.40,6.40
2007.08.03 06:55:52.206,1.6343,1.6344,14.40,6.40
2007.08.03 06:55:52.264,1.6343,1.6344,14.40,5.60
2007.08.03 06:55:52.314,1.6343,1.6344,22.40,5.60
2007.08.03 06:55:52.376,1.6343,1.6345,22.40,27.50
2007.08.03 06:55:52.812,1.6343,1.6345,24.80,27.50
2007.08.03 06:55:53.725,1.6343,1.6344,24.80,6.40
2007.08.03 06:55:53.754,1.6343,1.6344,12.80,6.40
2007.08.03 06:55:54.166,1.6343,1.6344,22.80,6.40
2007.08.03 06:55:54.222,1.6343,1.6345,22.80,55.50
2007.08.03 06:55:54.266,1.6343,1.6345,22.80,35.50
2007.08.03 06:55:54.300,1.6343,1.6345,22.80,32.30
2007.08.03 06:55:54.526,1.6343,1.6345,22.80,29.90
2007.08.03 06:55:54.935,1.6343,1.6345,23.60,29.90
2007.08.03 06:55:55.004,1.6343,1.6345,24.40,29.90
2007.08.03 06:55:55.047,1.6343,1.6345,25.20,29.90
2007.08.03 06:55:55.142,1.6344,1.6345,2.40,29.90
2007.08.03 06:55:55.214,1.6344,1.6345,10.40,29.90
2007.08.03 06:55:55.237,1.6344,1.6345,10.40,27.50
2007.08.03 06:55:55.416,1.6344,1.6345,10.40,11.60
2007.08.03 06:55:55.658,1.6344,1.6345,8.00,11.60
2007.08.03 06:55:55.785,1.6343,1.6345,24.60,31.50
2007.08.03 06:55:55.941,1.6344,1.6345,0.80,31.50
2007.08.03 06:55:55.968,1.6344,1.6345,1.60,31.50
2007.08.03 06:55:56.150,1.6344,1.6345,1.60,35.50
2007.08.03 06:55:56.193,1.6344,1.6345,4.00,35.50
2007.08.03 06:55:56.256,1.6344,1.6345,4.00,33.50
2007.08.03 06:55:56.362,1.6344,1.6345,4.00,17.60
2007.08.03 06:55:56.451,1.6344,1.6345,7.40,17.60
2007.08.03 06:55:56.683,1.6344,1.6345,18.60,12.00
2007.08.03 06:55:56.702,1.6344,1.6345,15.20,12.00
2007.08.03 06:55:56.773,1.6344,1.6345,23.20,8.00
2007.08.03 06:55:56.880,1.6344,1.6345,25.20,8.00
2007.08.03 06:55:56.967,1.6344,1.6345,22.80,8.00
2007.08.03 06:55:56.986,1.6344,1.6345,22.00,8.00
2007.08.03 06:55:57.088,1.6344,1.6345,22.00,4.00
2007.08.03 06:55:57.114,1.6344,1.6346,22.00,38.30
2007.08.03 06:55:57.198,1.6344,1.6346,13.20,40.70
2007.08.03 06:55:57.316,1.6344,1.6346,13.20,48.70
2007.08.03 06:55:57.411,1.6344,1.6346,13.20,49.50
2007.08.03 06:55:57.503,1.6344,1.6345,13.20,5.60
2007.08.03 06:55:57.591,1.6344,1.6345,15.60,5.60
2007.08.03 06:55:57.726,1.6344,1.6345,15.60,13.60
2007.08.03 06:55:57.820,1.6344,1.6345,13.20,13.60
2007.08.03 06:55:58.227,1.6344,1.6345,11.20,13.60
2007.08.03 06:56:02.266,1.6344,1.6345,11.20,5.60
2007.08.03 06:56:03.211,1.6344,1.6345,13.20,5.60
2007.08.03 06:56:04.248,1.6344,1.6345,11.20,5.60
2007.08.03 06:56:05.787,1.6344,1.6345,13.20,5.60
2007.08.03 06:56:06.083,1.6344,1.6345,14.80,5.60
2007.08.03 06:56:06.371,1.6344,1.6346,14.80,36.20
2007.08.03 06:56:06.390,1.6344,1.6346,14.80,33.00
2007.08.03 06:56:06.454,1.6344,1.6346,14.80,30.60
2007.08.03 06:56:06.503,1.6344,1.6346,12.80,30.60
2007.08.03 06:56:06.708,1.6344,1.6346,34.70,27.60
2007.08.03 06:56:06.765,1.6344,1.6346,37.10,27.60
2007.08.03 06:56:06.827,1.6344,1.6346,37.10,19.60
2007.08.03 06:56:07.126,1.6344,1.6346,36.30,17.20
2007.08.03 06:56:07.688,1.6344,1.6346,36.30,14.80
2007.08.03 06:56:07.758,1.6344,1.6346,31.30,12.80
2007.08.03 06:56:07.904,1.6344,1.6346,32.10,12.80
2007.08.03 06:56:08.032,1.6344,1.6346,32.90,12.80
2007.08.03 06:56:08.040,1.6344,1.6346,33.70,12.80
2007.08.03 06:56:08.175,1.6344,1.6346,35.30,12.80
2007.08.03 06:56:08.225,1.6344,1.6346,38.70,12.80
2007.08.03 06:56:09.003,1.6344,1.6346,38.70,10.40
2007.08.03 06:56:09.523,1.6344,1.6346,42.70,6.40
2007.08.03 06:56:09.639,1.6344,1.6346,42.70,8.80
2007.08.03 06:56:09.750,1.6344,1.6346,42.70,16.80
2007.08.03 06:56:10.164,1.6344,1.6346,41.10,16.80
2007.08.03 06:56:10.306,1.6344,1.6346,40.30,16.80
2007.08.03 06:56:10.356,1.6344,1.6346,39.50,16.80
2007.08.03 06:56:10.673,1.6344,1.6346,39.50,10.40
2007.08.03 06:56:10.792,1.6344,1.6346,31.60,10.40
2007.08.03 06:56:10.877,1.63445,1.6346,3.40,10.40
2007.08.03 06:56:11.175,1.6345,1.6346,2.00,10.40
2007.08.03 06:56:11.198,1.6345,1.6346,2.00,8.00
2007.08.03 06:56:11.284,1.6345,1.6347,2.00,27.90
2007.08.03 06:56:11.699,1.6345,1.6347,4.40,25.50
2007.08.03 06:56:11.922,1.6345,1.6347,12.40,25.50
2007.08.03 06:56:12.756,1.6345,1.6347,12.40,39.90
2007.08.03 06:56:12.838,1.6345,1.6347,4.40,39.90
2007.08.03 06:56:13.362,1.6345,1.6347,12.40,39.90
2007.08.03 06:56:13.664,1.6345,1.6346,12.40,8.80
2007.08.03 06:56:13.760,1.6345,1.6346,2.00,16.80
2007.08.03 06:56:14.687,1.6344,1.6346,44.70,16.80
2007.08.03 06:56:15.201,1.6344,1.6346,44.70,8.00
2007.08.03 06:56:15.222,1.6345,1.6347,2.00,35.60
2007.08.03 06:56:15.339,1.6345,1.6347,2.00,40.30
2007.08.03 06:56:15.720,1.6345,1.6347,2.00,37.90
2007.08.03 06:56:15.731,1.6345,1.6347,5.00,29.90
2007.08.03 06:56:15.850,1.6345,1.6347,13.00,29.90
2007.08.03 06:56:15.868,1.6345,1.6347,16.40,29.90
2007.08.03 06:56:16.149,1.6345,1.6347,5.40,29.90
2007.08.03 06:56:16.233,1.6345,1.6347,5.40,32.30
2007.08.03 06:56:16.259,1.6345,1.6347,5.40,36.30
2007.08.03 06:56:16.409,1.6345,1.6347,2.00,36.30
2007.08.03 06:56:16.565,1.6345,1.6347,6.00,32.30
2007.08.03 06:56:16.639,1.6345,1.6346,6.00,5.60
2007.08.03 06:56:17.111,1.6345,1.6346,2.00,5.60
2007.08.03 06:56:17.250,1.6345,1.6346,2.00,6.40
2007.08.03 06:56:17.296,1.6344,1.6346,44.10,6.40
2007.08.03 06:56:17.692,1.6344,1.6346,44.10,8.40
2007.08.03 06:56:18.227,1.6345,1.6346,2.00,6.40
2007.08.03 06:56:18.937,1.6345,1.6346,2.00,0.90
2007.08.03 06:56:19.262,1.6344,1.6347,44.10,55.50
2007.08.03 06:56:19.689,1.6345,1.6346,2.00,0.70
2007.08.03 06:56:19.727,1.6345,1.6347,2.00,49.10
2007.08.03 06:56:19.804,1.6345,1.6348,2.00,52.30
2007.08.03 06:56:19.900,1.6345,1.6348,2.00,52.30
2007.08.03 06:56:20.112,1.6345,1.6348,2.00,56.30
2007.08.03 06:56:20.322,1.6345,1.6348,2.00,60.30
2007.08.03 06:56:22.191,1.6345,1.63475,2.00,35.50
2007.08.03 06:56:22.704,1.6345,1.6347,2.00,37.90
2007.08.03 06:56:23.026,1.63445,1.6347,3.40,56.30
2007.08.03 06:56:24.036,1.63445,1.6348,3.40,53.90
2007.08.03 06:56:24.238,1.63445,1.6348,3.40,65.90
2007.08.03 06:56:24.256,1.63445,1.6346,3.40,0.80
2007.08.03 06:56:24.872,1.63445,1.6347,3.40,53.10
2007.08.03 06:56:25.276,1.63445,1.6346,3.40,0.70
2007.08.03 06:56:25.301,1.6344,1.6347,33.00,46.70
2007.08.03 06:56:25.807,1.6344,1.6346,33.00,0.50
2007.08.03 06:56:27.984,1.6344,1.6347,33.80,47.50
2007.08.03 06:56:28.089,1.6344,1.6347,27.80,47.50
2007.08.03 06:56:28.104,1.6344,1.6346,28.60,0.60
2007.08.03 06:56:28.142,1.6344,1.6347,29.40,47.50
2007.08.03 06:56:28.715,1.6345,1.6346,2.00,0.60
2007.08.03 06:56:32.272,1.6345,1.6347,2.00,55.50
2007.08.03 06:56:32.520,1.6346,1.6347,0.80,54.60
2007.08.03 06:56:32.539,1.6346,1.6347,1.60,54.70
2007.08.03 06:56:32.579,1.6345,1.6346,5.40,0.80
2007.08.03 06:56:32.685,1.6346,1.6347,3.20,54.90
2007.08.03 06:56:32.788,1.6346,1.6347,2.40,55.00
2007.08.03 06:56:32.802,1.6346,1.6347,2.40,0.90
2007.08.03 06:56:32.879,1.6346,1.6348,2.40,54.80
2007.08.03 06:56:33.825,1.6346,1.6347,3.20,0.70
2007.08.03 06:56:34.067,1.6346,1.6347,3.20,0.60
2007.08.03 06:56:34.954,1.6346,1.6347,4.00,0.70
2007.08.03 06:56:35.060,1.6346,1.6348,4.80,50.00
2007.08.03 06:56:36.704,1.6346,1.6348,4.00,52.40
2007.08.03 06:56:36.709,1.6346,1.6348,3.20,58.00
2007.08.03 06:56:37.320,1.6346,1.6347,0.80,50.60
2007.08.03 06:56:37.724,1.6346,1.63475,0.80,49.10
2007.08.03 06:56:37.844,1.6345,1.63475,6.80,49.10
2007.08.03 06:56:38.259,1.6345,1.6346,6.80,0.70
2007.08.03 06:56:38.353,1.6345,1.6347,7.60,0.70
2007.08.03 06:56:38.444,1.63455,1.6348,3.40,64.40
2007.08.03 06:56:38.641,1.63455,1.6348,3.40,64.40
2007.08.03 06:56:38.666,1.6346,1.6347,2.40,0.90
2007.08.03 06:56:38.975,1.6346,1.6347,2.40,0.80
2007.08.03 06:56:39.084,1.6346,1.6347,2.40,47.50
2007.08.03 06:56:39.178,1.6345,1.6347,10.20,48.30
2007.08.03 06:56:39.314,1.6346,1.6347,0.80,49.90
2007.08.03 06:56:40.209,1.6346,1.6347,3.20,43.50
2007.08.03 06:56:40.873,1.6346,1.6347,11.20,15.60
2007.08.03 06:56:41.129,1.6346,1.6348,11.20,65.10
2007.08.03 06:56:42.160,1.6346,1.6347,11.20,0.80
2007.08.03 06:56:42.187,1.6346,1.6348,11.20,58.30
2007.08.03 06:56:43.733,1.6346,1.6348,11.20,55.50
2007.08.03 06:56:43.934,1.6346,1.6347,11.20,0.60
2007.08.03 06:56:44.241,1.6346,1.6347,11.20,0.90
2007.08.03 06:56:45.184,1.6346,1.6348,11.20,62.30
2007.08.03 06:56:45.702,1.6346,1.6347,11.20,0.80
2007.08.03 06:56:46.648,1.6346,1.6347,3.20,0.60
2007.08.03 06:56:46.722,1.6346,1.6347,0.80,0.90
2007.08.03 06:56:46.742,1.6346,1.6347,0.80,0.50
2007.08.03 06:56:47.776,1.6346,1.6347,3.20,13.60
2007.08.03 06:56:47.875,1.6346,1.6347,11.20,16.00
2007.08.03 06:56:48.192,1.6346,1.6347,11.20,8.00
2007.08.03 06:56:48.710,1.6346,1.6347,11.20,5.60
2007.08.03 06:56:48.877,1.6346,1.6347,12.00,5.60
2007.08.03 06:56:48.913,1.6346,1.6347,12.80,5.60
2007.08.03 06:56:49.139,1.6346,1.6347,13.60,5.60
2007.08.03 06:56:49.957,1.6346,1.6347,12.80,5.60
2007.08.03 06:56:49.975,1.6346,1.6347,15.40,5.60
2007.08.03 06:56:50.016,1.6346,1.6347,14.60,5.60
2007.08.03 06:56:50.177,1.6346,1.6347,22.60,5.60
2007.08.03 06:56:50.250,1.6346,1.6347,19.20,5.60
2007.08.03 06:56:50.763,1.6346,1.6347,23.20,5.60
2007.08.03 06:56:50.897,1.6346,1.6348,30.60,10.40
2007.08.03 06:56:50.932,1.6347,1.6348,8.00,18.40
2007.08.03 06:56:50.951,1.6347,1.6348,10.40,18.40
2007.08.03 06:56:51.117,1.6347,1.6348,19.20,16.80
2007.08.03 06:56:51.211,1.6347,1.6348,27.20,8.80
2007.08.03 06:56:51.358,1.6347,1.6348,27.20,3.20
2007.08.03 06:56:51.467,1.6347,1.6348,29.60,3.20
2007.08.03 06:56:51.761,1.6347,1.6348,29.60,8.80
2007.08.03 06:56:51.867,1.6347,1.6348,27.20,8.80
2007.08.03 06:56:52.082,1.6347,1.6348,27.20,8.00
2007.08.03 06:56:52.681,1.6347,1.6348,27.20,8.80
2007.08.03 06:56:53.703,1.6347,1.6348,24.80,8.80
2007.08.03 06:56:54.332,1.6347,1.6348,24.80,8.00
2007.08.03 06:56:54.350,1.6347,1.6348,28.20,8.00
2007.08.03 06:56:54.435,1.6347,1.6348,28.20,2.40
2007.08.03 06:56:54.643,1.6347,1.6348,30.60,2.40
2007.08.03 06:56:55.313,1.6347,1.6348,34.60,2.40
2007.08.03 06:56:55.869,1.6347,1.6348,34.60,3.20
2007.08.03 06:56:55.904,1.6347,1.6348,31.20,3.20
2007.08.03 06:56:56.014,1.6347,1.6349,31.20,13.60
2007.08.03 06:56:56.399,1.6347,1.6349,31.20,19.20
2007.08.03 06:56:56.599,1.6347,1.6348,25.60,0.70
2007.08.03 06:56:56.696,1.6347,1.6349,9.60,64.70
2007.08.03 06:56:56.809,1.6347,1.6349,8.80,63.10
2007.08.03 06:56:57.029,1.6347,1.6348,14.40,0.70
2007.08.03 06:56:57.124,1.6347,1.6348,10.40,0.60
2007.08.03 06:57:01.300,1.6347,1.6349,8.00,64.30
2007.08.03 06:57:11.701,1.6347,1.6348,10.40,0.60
2007.08.03 06:57:11.758,1.6347,1.6348,10.40,0.60
2007.08.03 06:57:11.853,1.6347,1.6349,14.40,60.30
2007.08.03 06:57:12.020,1.6347,1.6348,14.40,0.90
2007.08.03 06:57:12.057,1.6347,1.6349,16.00,49.90
2007.08.03 06:57:12.117,1.6347,1.6348,18.40,0.80
2007.08.03 06:57:12.191,1.6347,1.6349,18.40,50.10
2007.08.03 06:57:12.213,1.6347,1.6349,18.40,47.00
2007.08.03 06:57:12.247,1.6347,1.6348,21.00,0.30
2007.08.03 06:57:12.343,1.6347,1.6349,36.90,16.70
2007.08.03 06:57:12.502,1.6347,1.6348,40.40,0.30
2007.08.03 06:57:12.776,1.6347,1.6348,53.70,0.30
2007.08.03 06:57:12.789,1.6347,1.635,53.70,29.20
2007.08.03 06:57:12.943,1.6348,1.635,0.80,29.20
2007.08.03 06:57:13.645,1.6348,1.635,0.80,25.20
2007.08.03 06:57:13.662,1.6348,1.635,3.20,25.20
2007.08.03 06:57:13.725,1.6348,1.635,35.10,33.20
2007.08.03 06:57:13.767,1.6348,1.635,37.50,35.60
2007.08.03 06:57:13.836,1.6348,1.635,37.50,38.00
2007.08.03 06:57:14.120,1.6348,1.6349,37.50,0.80
2007.08.03 06:57:14.224,1.6348,1.635,9.60,42.00
2007.08.03 06:57:14.359,1.6348,1.635,5.60,42.80
2007.08.03 06:57:14.388,1.6348,1.6349,0.80,0.70
2007.08.03 06:57:14.781,1.6348,1.6349,0.80,0.50
2007.08.03 06:57:14.959,1.6348,1.6349,0.80,0.70
2007.08.03 06:57:15.216,1.6348,1.6349,0.80,0.60
2007.08.03 06:57:15.374,1.6347,1.635,31.70,52.40
2007.08.03 06:57:15.455,1.6347,1.6349,28.30,25.20
2007.08.03 06:57:15.678,1.6347,1.63495,28.30,26.00
2007.08.03 06:57:15.709,1.6347,1.6349,24.30,0.60
2007.08.03 06:57:15.742,1.6347,1.6349,24.30,0.70
2007.08.03 06:57:15.784,1.6347,1.63495,8.40,27.60
2007.08.03 06:57:15.948,1.6347,1.63495,8.40,28.40
2007.08.03 06:57:15.996,1.6347,1.63495,8.40,30.00
2007.08.03 06:57:16.095,1.6347,1.63495,6.00,30.80
2007.08.03 06:57:16.155,1.6347,1.6348,6.00,0.60
2007.08.03 06:57:16.202,1.6347,1.6349,4.00,36.40
2007.08.03 06:57:16.526,1.6346,1.6349,33.40,47.60
2007.08.03 06:57:16.562,1.6346,1.6348,33.40,0.80
2007.08.03 06:57:16.712,1.6346,1.6349,33.40,48.40
2007.08.03 06:57:16.831,1.6346,1.6348,33.40,0.90
2007.08.03 06:57:18.586,1.6347,1.6349,2.00,73.50
2007.08.03 06:57:20.256,1.6347,1.6348,2.00,0.90
2007.08.03 06:57:20.675,1.6346,1.6348,24.00,0.50
2007.08.03 06:57:21.075,1.6346,1.6349,19.20,60.70
2007.08.03 06:57:22.501,1.6346,1.63485,21.60,44.70
2007.08.03 06:57:22.718,1.6347,1.63485,2.40,42.30
2007.08.03 06:57:22.746,1.6347,1.63485,10.40,18.40
2007.08.03 06:57:22.926,1.6347,1.6348,12.80,0.50
2007.08.03 06:57:23.780,1.6347,1.6348,12.80,0.80
2007.08.03 06:57:24.022,1.6347,1.6349,12.80,66.70
2007.08.03 06:57:25.174,1.6347,1.6348,12.80,8.80
2007.08.03 06:57:25.239,1.6347,1.6348,4.80,16.80
2007.08.03 06:57:25.275,1.6347,1.6348,5.00,16.80
2007.08.03 06:57:25.301,1.6347,1.6348,2.60,19.20
2007.08.03 06:57:25.313,1.6347,1.6348,2.60,23.20
2007.08.03 06:57:25.431,1.6347,1.6348,2.60,39.10
2007.08.03 06:57:25.547,1.6347,1.6348,2.40,39.10
2007.08.03 06:57:25.696,1.6346,1.6348,11.60,39.10
2007.08.03 06:57:25.737,1.6346,1.6347,5.60,8.00
2007.08.03 06:57:25.813,1.6346,1.6347,8.00,10.40
2007.08.03 06:57:25.850,1.6346,1.6347,8.00,26.30
2007.08.03 06:57:25.904,1.6346,1.6347,5.60,28.70
2007.08.03 06:57:26.020,1.6346,1.6347,5.60,34.30
2007.08.03 06:57:26.061,1.6346,1.6347,4.80,34.30
2007.08.03 06:57:26.653,1.6346,1.6347,4.00,34.30
2007.08.03 06:57:27.168,1.6346,1.6347,4.00,31.90
2007.08.03 06:57:27.191,1.6346,1.6347,4.00,23.90
2007.08.03 06:57:27.264,1.6345,1.6347,22.20,23.90
2007.08.03 06:57:27.310,1.6345,1.6347,22.20,8.00
2007.08.03 06:57:27.472,1.63455,1.6347,3.40,8.00
2007.08.03 06:57:28.198,1.6346,1.6347,3.20,2.40
2007.08.03 06:57:28.238,1.6346,1.6347,7.20,2.40
2007.08.03 06:57:28.310,1.6346,1.6348,9.60,35.50
2007.08.03 06:57:28.849,1.6346,1.6348,11.60,35.50
2007.08.03 06:57:37.853,1.6346,1.6348,14.00,33.10
2007.08.03 06:57:39.105,1.6346,1.6348,11.60,35.50
2007.08.03 06:57:40.689,1.6346,1.6348,11.60,33.50
2007.08.03 06:57:41.104,1.6346,1.6348,12.40,33.50
2007.08.03 06:57:41.200,1.6346,1.6348,20.40,17.60
2007.08.03 06:57:41.249,1.6346,1.6348,23.80,17.60
2007.08.03 06:57:41.302,1.6346,1.6348,27.80,17.60
2007.08.03 06:57:41.731,1.6347,1.6348,2.00,17.60
2007.08.03 06:57:42.152,1.6347,1.6348,2.00,13.60
2007.08.03 06:57:44.192,1.6346,1.6348,23.00,15.60
2007.08.03 06:57:44.299,1.6346,1.6348,19.00,31.50
2007.08.03 06:57:44.355,1.6346,1.6348,15.60,31.50
2007.08.03 06:57:45.525,1.6346,1.6348,11.60,35.50
2007.08.03 06:57:46.162,1.6346,1.6348,11.60,43.50
2007.08.03 06:57:47.669,1.6346,1.6348,9.20,43.50
2007.08.03 06:57:47.709,1.6346,1.6347,9.20,8.00
2007.08.03 06:57:47.768,1.6346,1.6347,9.20,10.40
2007.08.03 06:57:47.838,1.6346,1.6347,5.20,10.40
2007.08.03 06:57:48.382,1.6346,1.6347,5.20,16.00
2007.08.03 06:57:48.665,1.6346,1.6347,3.20,16.00
2007.08.03 06:57:48.761,1.6346,1.6347,3.20,20.00
2007.08.03 06:57:48.784,1.6345,1.6346,7.20,5.60
2007.08.03 06:57:49.043,1.6345,1.6346,6.40,5.60
2007.08.03 06:57:49.564,1.6345,1.6346,2.40,5.60
2007.08.03 06:57:52.197,1.6346,1.6347,0.80,28.80
2007.08.03 06:57:52.293,1.6346,1.6347,3.20,26.40
2007.08.03 06:57:56.704,1.6346,1.6347,2.40,26.40
2007.08.03 06:57:56.756,1.6346,1.6347,2.40,29.40
2007.08.03 06:57:57.206,1.6346,1.6347,0.80,29.40
2007.08.03 06:57:57.767,1.6345,1.6346,4.40,5.60
2007.08.03 06:57:58.203,1.6345,1.6347,4.40,24.80
2007.08.03 06:57:58.271,1.6346,1.6347,0.80,24.80
2007.08.03 06:58:00.356,1.6346,1.6348,0.80,47.90
2007.08.03 06:58:01.747,1.6345,1.63475,4.40,28.00
2007.08.03 06:58:01.803,1.6345,1.63475,4.40,30.00
2007.08.03 06:58:04.188,1.6345,1.6348,4.40,45.40
2007.08.03 06:58:04.319,1.6346,1.6347,0.80,29.60
2007.08.03 06:58:04.736,1.6345,1.6347,2.40,30.40
2007.08.03 06:58:06.680,1.6345,1.6347,4.40,30.40
2007.08.03 06:58:06.690,1.6346,1.6348,0.80,47.90
2007.08.03 06:58:08.008,1.6345,1.6348,12.40,45.40
2007.08.03 06:58:09.237,1.6345,1.6347,12.40,0.90
2007.08.03 06:58:09.271,1.6345,1.6347,12.40,0.50
2007.08.03 06:58:10.105,1.6345,1.6348,13.20,46.40
2007.08.03 06:58:10.197,1.6346,1.6348,3.20,40.80
2007.08.03 06:58:10.223,1.6346,1.6347,15.20,0.60
2007.08.03 06:58:10.291,1.6346,1.6347,17.60,0.70
2007.08.03 06:58:10.728,1.6346,1.6347,19.60,0.90
2007.08.03 06:58:11.051,1.6346,1.6347,19.60,0.70
2007.08.03 06:58:11.073,1.6346,1.63485,19.60,52.70
2007.08.03 06:58:12.092,1.6346,1.63485,19.60,54.30
2007.08.03 06:58:12.198,1.6346,1.6347,15.60,0.70
2007.08.03 06:58:12.440,1.6346,1.6347,15.60,0.90
2007.08.03 06:58:13.225,1.6346,1.6348,13.60,48.00
2007.08.03 06:58:18.721,1.6346,1.6348,5.60,44.00
2007.08.03 06:58:18.741,1.6346,1.6347,3.20,0.70
2007.08.03 06:58:18.837,1.6346,1.6348,3.20,47.20
2007.08.03 06:58:20.169,1.6346,1.6348,2.40,71.10
2007.08.03 06:58:20.273,1.6346,1.6348,2.40,59.10
2007.08.03 06:58:20.385,1.6345,1.6347,8.40,0.60
2007.08.03 06:58:20.702,1.6345,1.6347,6.40,46.30
2007.08.03 06:58:20.803,1.6345,1.6347,6.40,59.10
2007.08.03 06:58:22.226,1.6345,1.6346,2.40,0.60
2007.08.03 06:58:24.725,1.6345,1.63475,2.40,61.50
2007.08.03 06:58:24.747,1.6345,1.63475,4.40,47.50
2007.08.03 06:58:25.167,1.6345,1.6347,4.40,0.80
2007.08.03 06:58:27.325,1.6345,1.6347,12.40,0.50
2007.08.03 06:58:28.155,1.6345,1.6348,4.40,57.90
2007.08.03 06:58:28.589,1.63445,1.6348,7.80,100.60
2007.08.03 06:58:33.112,1.6345,1.6347,4.10,34.70
2007.08.03 06:58:33.448,1.6344,1.6347,37.40,32.30
2007.08.03 06:58:35.517,1.6344,1.6347,39.00,30.30
2007.08.03 06:58:35.644,1.6346,1.6347,0.80,30.30
2007.08.03 06:58:35.727,1.6345,1.6347,21.20,14.40
2007.08.03 06:58:35.821,1.6346,1.6347,1.70,14.40
2007.08.03 06:58:35.847,1.6345,1.6347,23.60,12.00
2007.08.03 06:58:36.141,1.6346,1.6347,0.80,12.00
2007.08.03 06:58:36.254,1.6345,1.6347,25.20,6.40
2007.08.03 06:58:36.346,1.6345,1.6347,25.20,6.40
2007.08.03 06:58:36.362,1.6347,1.6348,1.10,32.90
2007.08.03 06:58:36.518,1.6347,1.6348,0.80,36.90
2007.08.03 06:58:36.763,1.6346,1.6348,11.60,39.30
2007.08.03 06:58:37.068,1.6346,1.6347,10.50,4.00
2007.08.03 06:58:38.807,1.6345,1.6347,22.00,6.40
2007.08.03 06:58:38.823,1.6345,1.6347,26.40,6.40
2007.08.03 06:58:38.925,1.6345,1.6347,28.60,6.40
2007.08.03 06:58:39.070,1.63455,1.6347,8.20,6.40
2007.08.03 06:58:39.132,1.63455,1.6347,13.80,6.40
2007.08.03 06:58:39.227,1.6346,1.6347,5.70,6.40
2007.08.03 06:58:39.249,1.63455,1.6347,24.20,6.40
2007.08.03 06:58:39.337,1.6346,1.6347,8.20,6.40
2007.08.03 06:58:39.381,1.6346,1.6347,11.30,4.00
2007.08.03 06:58:39.394,1.6345,1.6347,44.00,4.00
2007.08.03 06:58:39.759,1.6346,1.6347,2.50,6.40
2007.08.03 06:58:39.850,1.6345,1.6347,45.60,4.00
2007.08.03 06:58:39.968,1.6345,1.6347,44.00,4.00
2007.08.03 06:58:40.122,1.6345,1.6348,48.00,24.30
2007.08.03 06:58:40.682,1.6346,1.6348,36.80,6.40
2007.08.03 06:58:40.893,1.6347,1.6348,1.50,6.40
2007.08.03 06:58:41.202,1.6347,1.6348,4.30,8.80
2007.08.03 06:58:41.217,1.6345,1.6348,56.10,16.80
2007.08.03 06:58:41.315,1.63455,1.6348,38.90,16.80
2007.08.03 06:58:41.322,1.63455,1.6348,38.10,16.80
2007.08.03 06:58:41.935,1.63455,1.6348,43.70,16.80
2007.08.03 06:58:42.136,1.63455,1.6348,46.90,16.80
2007.08.03 06:58:42.351,1.6346,1.6348,16.00,16.80
2007.08.03 06:58:43.081,1.6346,1.6348,44.50,16.80
2007.08.03 06:58:43.102,1.6346,1.6348,44.50,19.20
2007.08.03 06:58:43.146,1.6346,1.6348,44.50,18.40
2007.08.03 06:58:43.251,1.6348,1.6349,1.20,32.40
2007.08.03 06:58:43.666,1.6348,1.6349,1.10,37.70
2007.08.03 06:58:43.770,1.6348,1.6349,0.60,36.90
2007.08.03 06:58:43.813,1.6348,1.6349,0.90,43.50
2007.08.03 06:58:43.887,1.6346,1.6348,62.90,3.20
2007.08.03 06:58:44.026,1.6346,1.6348,58.90,7.20
2007.08.03 06:58:44.115,1.6346,1.6348,63.90,9.20
2007.08.03 06:58:44.229,1.6346,1.6348,57.90,7.20
2007.08.03 06:58:44.698,1.6346,1.6348,57.90,6.40
2007.08.03 06:58:44.804,1.6347,1.6348,2.70,4.00
2007.08.03 06:58:45.112,1.6347,1.6348,1.70,4.80
2007.08.03 06:58:45.211,1.6346,1.6348,61.90,0.80
2007.08.03 06:58:45.312,1.6346,1.6348,61.90,3.20
2007.08.03 06:58:45.735,1.6346,1.6348,61.90,2.40
2007.08.03 06:58:45.771,1.6346,1.6348,49.90,2.40
2007.08.03 06:58:45.825,1.6347,1.6349,2.20,35.60
2007.08.03 06:58:45.885,1.6346,1.6349,49.90,27.60
2007.08.03 06:58:45.941,1.6347,1.6349,12.60,24.40
2007.08.03 06:58:46.034,1.6347,1.6349,9.50,20.40
2007.08.03 06:58:46.096,1.6346,1.6349,50.70,26.00
2007.08.03 06:58:46.131,1.6347,1.6349,39.70,26.00
2007.08.03 06:58:46.299,1.6347,1.6349,20.40,30.00
2007.08.03 06:58:46.367,1.6348,1.6349,0.80,27.60
2007.08.03 06:58:46.713,1.6348,1.6349,0.80,22.80
2007.08.03 06:58:46.810,1.6348,1.6349,0.80,20.80
2007.08.03 06:58:46.956,1.6346,1.6348,62.50,13.20
2007.08.03 06:58:47.155,1.6346,1.6348,64.90,13.20
2007.08.03 06:58:47.589,1.6347,1.6348,5.30,13.20
2007.08.03 06:58:48.172,1.6346,1.6348,64.90,5.20
2007.08.03 06:58:48.674,1.6347,1.6348,2.10,3.20
2007.08.03 06:58:49.216,1.6347,1.6348,4.30,2.40
2007.08.03 06:58:49.300,1.6346,1.6349,64.90,44.30
2007.08.03 06:58:49.319,1.6346,1.6349,64.90,41.10
2007.08.03 06:58:49.828,1.6347,1.6349,1.10,33.10
2007.08.03 06:58:50.221,1.6347,1.6349,1.30,32.30
2007.08.03 06:58:51.256,1.6346,1.6349,64.90,36.30
2007.08.03 06:58:51.349,1.6346,1.6348,64.90,2.40
2007.08.03 06:58:51.667,1.6346,1.6348,61.70,5.60
2007.08.03 06:58:51.762,1.6347,1.6348,2.50,6.40
2007.08.03 06:58:51.782,1.6346,1.6348,38.80,6.40
2007.08.03 06:58:53.539,1.6347,1.6348,4.00,5.60
2007.08.03 06:58:53.768,1.6346,1.6348,34.80,5.60
2007.08.03 06:58:53.846,1.6346,1.6348,38.00,2.40
2007.08.03 06:58:54.058,1.6347,1.6349,2.30,41.10
2007.08.03 06:58:54.084,1.6347,1.6349,1.00,40.30
2007.08.03 06:58:54.186,1.6347,1.6349,0.50,32.30
2007.08.03 06:59:00.855,1.6347,1.6349,20.20,32.30
2007.08.03 06:59:01.327,1.6347,1.6349,28.20,32.30
2007.08.03 06:59:01.856,1.6347,1.6349,28.20,29.90
2007.08.03 06:59:01.987,1.6347,1.6349,24.80,29.90
2007.08.03 06:59:02.156,1.6347,1.6349,28.80,25.90
2007.08.03 06:59:02.587,1.6347,1.6349,24.80,29.90
2007.08.03 06:59:02.649,1.6347,1.6349,24.80,27.90
2007.08.03 06:59:02.726,1.6347,1.6349,28.20,27.90
2007.08.03 06:59:02.761,1.6348,1.6349,2.40,23.10
2007.08.03 06:59:02.769,1.6348,1.6349,2.40,7.20
2007.08.03 06:59:03.356,1.6348,1.6349,2.40,3.20
2007.08.03 06:59:03.683,1.6348,1.635,5.60,45.10
2007.08.03 06:59:03.691,1.6348,1.635,17.60,45.10
2007.08.03 06:59:03.757,1.6348,1.635,21.00,45.10
2007.08.03 06:59:03.782,1.6349,1.635,2.40,42.70
2007.08.03 06:59:03.808,1.6349,1.635,2.40,14.80
2007.08.03 06:59:04.530,1.6349,1.635,2.40,10.80
2007.08.03 06:59:04.721,1.6349,1.635,2.40,7.60
2007.08.03 06:59:04.919,1.6349,1.635,2.40,8.40
2007.08.03 06:59:04.956,1.6349,1.635,2.40,9.20
2007.08.03 06:59:05.057,1.6349,1.635,2.40,10.00
2007.08.03 06:59:05.209,1.6349,1.635,2.40,14.00
2007.08.03 06:59:06.737,1.6349,1.635,2.40,13.20
2007.08.03 06:59:06.875,1.6349,1.635,2.40,12.40
2007.08.03 06:59:06.883,1.6349,1.635,2.40,11.60
2007.08.03 06:59:08.068,1.6349,1.635,2.40,15.60
2007.08.03 06:59:08.152,1.6349,1.635,2.40,18.80
2007.08.03 06:59:08.201,1.6349,1.635,2.40,22.80
2007.08.03 06:59:08.282,1.6349,1.635,2.40,22.80
2007.08.03 06:59:08.311,1.6347,1.6348,7.20,2.40
2007.08.03 06:59:08.471,1.6347,1.6348,7.20,2.40
2007.08.03 06:59:08.685,1.6347,1.6348,32.50,2.40
2007.08.03 06:59:08.726,1.6347,1.6349,37.30,2.40
2007.08.03 06:59:08.783,1.6347,1.6349,37.30,4.80
2007.08.03 06:59:08.821,1.6348,1.6349,2.40,2.40
2007.08.03 06:59:09.297,1.6348,1.6349,6.40,2.40
2007.08.03 06:59:09.525,1.6348,1.6349,2.40,6.40
2007.08.03 06:59:10.860,1.6348,1.6349,2.40,4.00
2007.08.03 06:59:11.164,1.6348,1.635,2.40,48.30
2007.08.03 06:59:11.227,1.6348,1.635,2.40,45.10
2007.08.03 06:59:13.672,1.6348,1.635,2.40,49.10
2007.08.03 06:59:13.679,1.6348,1.6349,2.40,2.40
2007.08.03 06:59:13.764,1.6348,1.6349,2.40,4.40
2007.08.03 06:59:13.774,1.6347,1.6349,45.30,6.80
2007.08.03 06:59:13.789,1.6347,1.6349,41.90,6.80
2007.08.03 06:59:14.094,1.6347,1.6349,33.90,6.80
2007.08.03 06:59:15.228,1.6347,1.6349,29.90,10.80
2007.08.03 06:59:17.754,1.6347,1.635,29.90,59.50
2007.08.03 06:59:17.759,1.6347,1.63495,29.90,16.40
2007.08.03 06:59:19.847,1.6347,1.63495,29.90,18.00
2007.08.03 06:59:20.051,1.6347,1.63495,29.90,16.40
2007.08.03 06:59:21.338,1.6347,1.63495,29.90,24.40
2007.08.03 06:59:21.952,1.6347,1.6349,29.90,0.90
2007.08.03 06:59:21.993,1.6347,1.6349,29.90,0.50
2007.08.03 06:59:22.197,1.6347,1.6349,27.50,33.20
2007.08.03 06:59:22.279,1.6347,1.6349,23.50,39.40
2007.08.03 06:59:22.373,1.6347,1.6348,7.60,0.80
2007.08.03 06:59:22.798,1.6347,1.6349,7.60,39.40
2007.08.03 06:59:24.058,1.6347,1.63485,7.60,20.00
2007.08.03 06:59:24.652,1.6347,1.63485,5.60,20.00
2007.08.03 06:59:24.859,1.6347,1.6348,5.60,0.50
2007.08.03 06:59:24.962,1.6347,1.6348,5.60,0.50
2007.08.03 06:59:25.018,1.6347,1.6348,5.60,0.70
2007.08.03 06:59:25.076,1.6347,1.6348,5.60,0.80
2007.08.03 06:59:25.222,1.6347,1.6349,2.40,40.50
2007.08.03 06:59:25.318,1.6346,1.6348,11.60,0.70
2007.08.03 06:59:25.616,1.6346,1.6348,11.60,24.80
2007.08.03 06:59:25.730,1.6346,1.6348,9.20,56.70
2007.08.03 06:59:25.775,1.6346,1.6347,7.20,0.80
2007.08.03 06:59:25.833,1.6346,1.6348,4.80,58.70
2007.08.03 06:59:25.937,1.6346,1.63475,1.60,20.00
2007.08.03 06:59:26.043,1.6346,1.63475,0.80,20.00
2007.08.03 06:59:26.236,1.6345,1.6347,16.00,0.70
2007.08.03 06:59:26.245,1.6345,1.63475,16.00,9.60
2007.08.03 06:59:26.752,1.6346,1.6348,8.00,49.90
2007.08.03 06:59:26.834,1.6346,1.6347,20.00,0.60
2007.08.03 06:59:26.965,1.6346,1.6348,20.80,33.10
2007.08.03 06:59:27.253,1.6346,1.6347,36.70,0.50
2007.08.03 06:59:27.874,1.6346,1.6347,36.70,0.90
2007.08.03 06:59:28.273,1.6346,1.63485,36.70,12.00
2007.08.03 06:59:31.688,1.6346,1.6348,33.50,0.60
2007.08.03 06:59:31.815,1.6346,1.6349,33.50,32.40
2007.08.03 06:59:32.459,1.6346,1.6348,33.50,12.00
2007.08.03 06:59:32.707,1.6346,1.6348,30.30,12.00
2007.08.03 06:59:34.238,1.6346,1.6347,33.50,0.90
2007.08.03 06:59:36.118,1.6346,1.6347,0.80,0.90
2007.08.03 06:59:38.674,1.6345,1.6348,36.30,18.40
2007.08.03 06:59:39.290,1.6345,1.63475,36.30,9.60
2007.08.03 06:59:44.660,1.6346,1.6347,0.60,9.10
2007.08.03 06:59:44.854,1.6345,1.6346,35.50,0.90
2007.08.03 06:59:45.163,1.6345,1.6348,36.30,24.00
2007.08.03 06:59:45.420,1.6345,1.6347,36.30,8.80
2007.08.03 06:59:50.175,1.6345,1.6347,8.40,23.20
2007.08.03 06:59:50.294,1.6345,1.6347,2.00,23.20
2007.08.03 06:59:53.159,1.63445,1.6346,9.00,8.00
2007.08.03 06:59:53.171,1.63445,1.6346,9.00,10.40
2007.08.03 06:59:53.904,1.6345,1.6346,2.70,11.20
2007.08.03 06:59:53.999,1.6344,1.6346,52.70,12.00
2007.08.03 06:59:54.089,1.6344,1.6346,51.10,12.80
2007.08.03 06:59:54.189,1.6344,1.6346,49.10,13.60
2007.08.03 06:59:54.606,1.6344,1.6346,54.70,16.00
2007.08.03 06:59:54.700,1.6345,1.6346,1.70,20.00
2007.08.03 06:59:54.710,1.6343,1.6346,53.90,22.40
2007.08.03 06:59:55.223,1.6343,1.6346,53.10,26.40
2007.08.03 06:59:55.238,1.6343,1.6346,44.90,26.40
2007.08.03 06:59:55.247,1.6344,1.6346,7.30,26.40
2007.08.03 06:59:55.534,1.6343,1.6346,37.50,29.60
2007.08.03 06:59:55.658,1.6343,1.6345,49.40,10.40
2007.08.03 06:59:55.754,1.6343,1.6345,55.50,10.40
2007.08.03 06:59:55.760,1.6343,1.6345,55.50,12.80
2007.08.03 06:59:55.947,1.6343,1.6345,53.10,15.20
2007.08.03 06:59:57.063,1.6343,1.6345,49.10,19.20
2007.08.03 06:59:57.302,1.6343,1.6345,37.90,19.20
2007.08.03 06:59:57.327,1.6343,1.6344,36.40,2.40
2007.08.03 06:59:57.502,1.6343,1.6344,10.10,2.40
2007.08.03 06:59:57.687,1.6343,1.6344,4.20,10.40
2007.08.03 06:59:57.704,1.6343,1.6344,1.90,13.60
2007.08.03 06:59:57.855,1.6343,1.6344,1.40,11.20
2007.08.03 06:59:57.907,1.6343,1.6344,1.00,13.60
2007.08.03 06:59:58.122,1.6342,1.6344,13.50,13.60
2007.08.03 06:59:58.353,1.6342,1.6344,1.10,13.60
2007.08.03 06:59:58.956,1.6342,1.6344,17.80,16.00
2007.08.03 06:59:59.061,1.63415,1.6344,52.50,16.00
2007.08.03 06:59:59.215,1.6342,1.6344,18.60,20.00
