2013.04.30 20:00:00.347,1.28375,1.28388,1.65,3.23
2013.04.30 20:00:00.468,1.28371,1.28386,2.70,2.25
2013.04.30 20:00:00.708,1.28372,1.28385,2.48,2.25
2013.04.30 20:00:00.827,1.2837,1.28382,1.50,1.35
2013.04.30 20:00:01.067,1.28372,1.28386,1.80,1.50
2013.04.30 20:00:01.187,1.28373,1.28387,2.10,2.10
2013.04.30 20:00:01.768,1.28377,1.2839,1.43,1.35
2013.04.30 20:00:01.848,1.28383,1.28397,2.10,1.35
2013.04.30 20:00:01.967,1.28384,1.28398,3.23,1.35
2013.04.30 20:00:02.267,1.28387,1.28401,1.35,1.35
2013.04.30 20:00:02.578,1.28386,1.284,1.35,2.48
2013.04.30 20:00:02.887,1.28388,1.28401,1.35,1.58
2013.04.30 20:00:03.307,1.28388,1.28401,1.35,1.58
2013.04.30 20:00:03.557,1.2839,1.28403,1.35,1.58
2013.04.30 20:00:03.737,1.28395,1.28404,1.13,2.63
2013.04.30 20:00:03.918,1.28397,1.28411,2.85,1.35
2013.04.30 20:00:05.876,1.28397,1.28413,1.50,3.23
2013.04.30 20:00:06.118,1.28396,1.2841,2.85,1.50
2013.04.30 20:00:06.712,1.28392,1.28407,2.10,2.93
2013.04.30 20:00:07.217,1.28395,1.28408,1.35,2.33
2013.04.30 20:00:07.277,1.28394,1.28407,2.33,1.35
2013.04.30 20:00:08.997,1.28395,1.28403,1.35,1.13
2013.04.30 20:00:09.177,1.28393,1.28404,2.63,3.00
2013.04.30 20:00:09.237,1.28392,1.28403,1.50,1.80
2013.04.30 20:00:09.537,1.28393,1.28404,2.63,2.25
2013.04.30 20:00:09.597,1.28393,1.28407,2.63,1.73
2013.04.30 20:00:10.146,1.28395,1.28407,2.10,1.73
2013.04.30 20:00:11.457,1.28395,1.28408,1.35,1.58
2013.04.30 20:00:13.807,1.28395,1.28408,2.10,1.58
2013.04.30 20:00:13.988,1.284,1.28413,1.58,2.85
2013.04.30 20:00:14.048,1.28402,1.28416,2.48,1.73
2013.04.30 20:00:14.107,1.28404,1.28417,1.35,2.85
2013.04.30 20:00:14.346,1.28404,1.28416,1.35,1.20
2013.04.30 20:00:14.592,1.28402,1.28416,2.10,2.48
2013.04.30 20:00:15.137,1.28403,1.28414,1.50,1.43
2013.04.30 20:00:15.197,1.28403,1.28415,2.10,1.35
2013.04.30 20:00:17.290,1.28405,1.28417,1.50,1.88
2013.04.30 20:00:18.156,1.28403,1.28415,1.50,2.48
2013.04.30 20:00:18.516,1.28402,1.28417,1.50,1.43
2013.04.30 20:00:18.756,1.28405,1.28419,1.35,1.35
2013.04.30 20:00:18.997,1.28405,1.28418,1.35,1.58
2013.04.30 20:00:19.357,1.28402,1.28416,1.73,1.35
2013.04.30 20:00:19.537,1.28402,1.28416,1.73,2.10
2013.04.30 20:00:20.076,1.284,1.28415,2.48,1.58
2013.04.30 20:00:20.607,1.28399,1.28415,1.95,2.33
2013.04.30 20:00:21.187,1.28399,1.28414,1.58,3.60
2013.04.30 20:00:21.813,1.28399,1.28412,2.25,2.10
2013.04.30 20:00:22.496,1.28398,1.28412,2.85,2.10
2013.04.30 20:00:23.106,1.284,1.28413,1.88,1.73
2013.04.30 20:00:24.406,1.28399,1.28412,1.50,1.35
2013.04.30 20:00:28.112,1.28399,1.28412,1.50,1.35
2013.04.30 20:00:28.357,1.28402,1.28414,2.10,1.35
2013.04.30 20:00:29.250,1.28402,1.28414,2.10,1.35
2013.04.30 20:00:29.377,1.28404,1.28416,1.35,1.35
2013.04.30 20:00:30.137,1.28405,1.28416,1.50,1.35
2013.04.30 20:00:32.257,1.28405,1.28416,1.50,1.35
2013.04.30 20:00:32.377,1.28401,1.28415,2.48,2.85
2013.04.30 20:00:32.437,1.28399,1.28411,2.25,1.35
2013.04.30 20:00:32.860,1.28397,1.28411,5.10,1.35
2013.04.30 20:00:34.438,1.28396,1.28409,2.63,2.48
2013.04.30 20:00:34.997,1.28396,1.28409,1.88,2.48
2013.04.30 20:00:35.237,1.28398,1.28411,1.50,2.33
2013.04.30 20:00:36.500,1.28396,1.2841,1.73,2.10
2013.04.30 20:00:36.707,1.28396,1.28409,1.13,1.43
2013.04.30 20:00:37.248,1.28396,1.28409,2.78,1.43
2013.04.30 20:00:37.306,1.28396,1.2841,3.38,1.35
2013.04.30 20:00:37.787,1.28396,1.2841,1.13,2.63
2013.04.30 20:00:39.572,1.28396,1.28409,1.88,1.43
2013.04.30 20:00:39.896,1.28399,1.28413,2.10,1.35
2013.04.30 20:00:40.199,1.28397,1.2841,1.50,3.23
2013.04.30 20:00:40.377,1.28397,1.2841,1.50,3.23
2013.04.30 20:00:41.298,1.28394,1.28408,1.35,2.10
2013.04.30 20:00:41.358,1.28393,1.28405,1.35,1.35
2013.04.30 20:00:41.906,1.2839,1.28405,1.73,1.58
2013.04.30 20:00:42.028,1.2839,1.28406,1.88,2.48
2013.04.30 20:00:42.146,1.28392,1.28407,1.35,3.08
2013.04.30 20:00:42.661,1.28392,1.28406,1.35,1.35
2013.04.30 20:00:46.621,1.28393,1.28407,1.50,2.70
2013.04.30 20:00:47.167,1.28395,1.28408,1.50,2.10
2013.04.30 20:00:47.287,1.28394,1.28407,1.35,1.50
2013.04.30 20:00:50.001,1.28395,1.28406,1.50,1.35
2013.04.30 20:00:50.307,1.28403,1.28417,1.35,3.23
2013.04.30 20:00:50.427,1.28404,1.28417,1.58,1.20
2013.04.30 20:00:51.707,1.28405,1.28419,1.35,3.60
2013.04.30 20:00:54.697,1.28405,1.28417,1.35,1.35
2013.04.30 20:00:54.876,1.28404,1.28417,1.88,2.63
2013.04.30 20:00:55.307,1.284,1.28414,2.48,2.85
2013.04.30 20:00:55.738,1.284,1.28411,1.35,1.28
2013.04.30 20:00:55.815,1.28393,1.28405,1.13,1.35
2013.04.30 20:00:56.036,1.28391,1.28405,1.35,1.35
2013.04.30 20:00:56.737,1.28391,1.28405,1.35,1.35
2013.04.30 20:00:57.097,1.28391,1.28407,1.35,3.60
2013.04.30 20:00:57.596,1.28395,1.28408,1.50,2.25
2013.04.30 20:00:58.047,1.28395,1.28408,1.50,2.25
2013.04.30 20:00:58.740,1.28399,1.28408,1.88,1.88
2013.04.30 20:00:58.807,1.28399,1.28411,3.23,1.88
2013.04.30 20:00:58.868,1.28401,1.28414,1.88,1.43
2013.04.30 20:00:58.926,1.28401,1.28415,3.75,2.18
2013.04.30 20:00:59.627,1.28402,1.28415,1.58,1.35
2013.04.30 20:01:00.067,1.28403,1.28417,1.35,2.78
2013.04.30 20:01:02.707,1.28403,1.28415,1.50,1.88
2013.04.30 20:01:02.830,1.28403,1.28415,1.50,1.88
2013.04.30 20:01:06.607,1.28403,1.28415,1.50,1.88
2013.04.30 20:01:07.778,1.28403,1.28415,1.50,1.88
2013.04.30 20:01:09.656,1.28404,1.28415,1.50,1.88
2013.04.30 20:01:09.776,1.28404,1.28417,1.50,2.18
2013.04.30 20:01:10.256,1.28406,1.28419,2.10,1.13
2013.04.30 20:01:11.043,1.28406,1.28419,1.50,1.95
2013.04.30 20:01:12.366,1.28405,1.28417,1.50,1.88
2013.04.30 20:01:14.637,1.28404,1.28416,1.50,1.58
2013.04.30 20:01:15.037,1.28402,1.28415,2.70,1.35
2013.04.30 20:01:15.517,1.284,1.28414,2.25,2.93
2013.04.30 20:01:15.698,1.28398,1.2841,1.35,1.50
2013.04.30 20:01:15.816,1.28394,1.28407,1.20,2.10
2013.04.30 20:01:15.876,1.28393,1.28406,1.73,1.88
2013.04.30 20:01:16.187,1.28391,1.28404,1.13,1.35
2013.04.30 20:01:16.368,1.28389,1.28403,1.13,3.38
2013.04.30 20:01:17.826,1.28387,1.28401,2.10,1.50
2013.04.30 20:01:17.947,1.28384,1.28396,1.43,1.50
2013.04.30 20:01:18.007,1.28383,1.28396,2.10,1.58
2013.04.30 20:01:18.127,1.28382,1.28395,1.35,2.10
2013.04.30 20:01:18.248,1.28383,1.28393,2.48,1.50
2013.04.30 20:01:18.367,1.28381,1.28393,1.20,1.50
2013.04.30 20:01:18.486,1.28379,1.28392,1.13,1.43
2013.04.30 20:01:19.026,1.28379,1.28392,2.03,1.88
2013.04.30 20:01:19.086,1.28379,1.28394,2.63,1.58
2013.04.30 20:01:19.477,1.28387,1.28395,1.65,1.28
2013.04.30 20:01:19.537,1.28387,1.28398,1.65,1.88
2013.04.30 20:01:19.596,1.28387,1.28401,1.65,3.23
2013.04.30 20:01:19.722,1.28387,1.28402,2.25,1.43
2013.04.30 20:01:19.787,1.28387,1.28401,1.50,1.35
2013.04.30 20:01:20.748,1.28384,1.28397,1.50,1.35
2013.04.30 20:01:20.808,1.28383,1.28392,1.35,2.03
2013.04.30 20:01:20.867,1.28376,1.2839,1.95,1.50
2013.04.30 20:01:21.287,1.28376,1.28383,1.28,1.88
2013.04.30 20:01:21.407,1.28376,1.28386,1.88,1.88
2013.04.30 20:01:21.468,1.28376,1.28389,1.88,1.88
2013.04.30 20:01:21.587,1.28376,1.28389,1.88,1.88
2013.04.30 20:01:21.827,1.28383,1.28393,1.50,1.58
2013.04.30 20:01:22.067,1.28383,1.28396,1.50,1.80
2013.04.30 20:01:22.246,1.28383,1.28396,1.50,1.80
2013.04.30 20:01:23.516,1.28385,1.28396,1.50,1.80
2013.04.30 20:01:24.057,1.28386,1.28398,1.50,2.25
2013.04.30 20:01:25.776,1.28386,1.284,1.50,2.93
2013.04.30 20:01:26.057,1.28386,1.284,1.88,1.43
2013.04.30 20:01:26.177,1.28388,1.28402,1.35,2.10
2013.04.30 20:01:30.126,1.28389,1.28402,1.50,1.35
2013.04.30 20:01:30.428,1.28385,1.28396,2.63,1.65
2013.04.30 20:01:30.607,1.28376,1.28389,1.50,1.58
2013.04.30 20:01:32.628,1.28376,1.28389,2.25,1.58
2013.04.30 20:01:33.222,1.28377,1.28389,2.48,1.35
2013.04.30 20:01:33.407,1.28377,1.28389,1.73,2.10
2013.04.30 20:01:33.482,1.28377,1.28389,1.35,2.10
2013.04.30 20:01:33.547,1.28376,1.28389,1.50,3.38
2013.04.30 20:01:35.916,1.28375,1.28389,2.25,3.23
2013.04.30 20:01:37.635,1.28375,1.28389,1.50,3.98
2013.04.30 20:01:39.557,1.28376,1.28389,2.10,1.58
2013.04.30 20:01:44.468,1.28376,1.28389,1.50,3.38
2013.04.30 20:01:45.328,1.2837,1.28383,2.48,1.50
2013.04.30 20:01:45.446,1.28366,1.28379,1.50,1.43
2013.04.30 20:01:45.837,1.28366,1.28379,1.50,2.18
2013.04.30 20:01:46.017,1.28366,1.28377,1.50,1.88
2013.04.30 20:01:46.517,1.28361,1.28373,1.13,1.43
2013.04.30 20:01:46.598,1.28361,1.28375,1.13,1.58
2013.04.30 20:01:46.668,1.28361,1.28376,1.13,4.73
2013.04.30 20:01:46.847,1.28365,1.28376,1.50,1.35
2013.04.30 20:01:47.027,1.28368,1.28379,1.50,1.58
2013.04.30 20:01:47.147,1.28371,1.28381,1.13,1.50
2013.04.30 20:01:47.512,1.28374,1.28385,1.13,1.50
2013.04.30 20:01:47.577,1.28374,1.28385,2.03,1.50
2013.04.30 20:01:47.757,1.28375,1.2839,1.35,2.18
2013.04.30 20:01:55.259,1.28377,1.2839,1.50,2.18
2013.04.30 20:01:57.487,1.28377,1.2839,1.50,1.43
2013.04.30 20:01:57.847,1.28383,1.28392,1.35,1.88
2013.04.30 20:01:57.908,1.28385,1.28397,1.35,1.35
2013.04.30 20:01:58.422,1.28384,1.28397,1.50,1.43
2013.04.30 20:01:58.788,1.28385,1.28395,1.50,1.88
2013.04.30 20:02:02.246,1.28384,1.28395,1.50,2.48
2013.04.30 20:02:02.607,1.28382,1.28389,1.50,1.58
2013.04.30 20:02:02.727,1.28384,1.28392,1.50,1.88
2013.04.30 20:02:02.787,1.28384,1.28395,1.50,2.48
2013.04.30 20:02:16.747,1.2838,1.28394,1.95,2.33
2013.04.30 20:02:16.868,1.2838,1.28392,1.20,2.48
2013.04.30 20:02:27.356,1.28379,1.28389,1.50,1.88
2013.04.30 20:02:33.443,1.28376,1.28387,1.50,1.35
2013.04.30 20:02:33.508,1.28376,1.28387,1.50,2.63
2013.04.30 20:02:33.866,1.28373,1.28385,1.88,1.88
2013.04.30 20:02:39.879,1.28372,1.28383,2.25,1.35
2013.04.30 20:02:40.062,1.2837,1.28382,1.50,2.48
2013.04.30 20:02:40.486,1.2837,1.28383,1.35,2.33
2013.04.30 20:02:43.538,1.28374,1.28383,1.50,1.58
2013.04.30 20:02:43.717,1.28374,1.28385,1.88,1.35
2013.04.30 20:02:44.350,1.28374,1.28385,1.88,1.35
2013.04.30 20:02:47.927,1.28374,1.28384,1.50,2.18
2013.04.30 20:02:48.487,1.28371,1.28382,1.50,3.23
2013.04.30 20:02:49.128,1.28371,1.28383,1.88,1.35
2013.04.30 20:02:49.308,1.28371,1.28383,1.88,1.35
2013.04.30 20:02:50.997,1.28371,1.28383,1.88,2.10
2013.04.30 20:02:51.117,1.28369,1.28382,2.25,2.63
2013.04.30 20:02:51.517,1.28369,1.2838,2.25,3.23
2013.04.30 20:02:54.206,1.28369,1.2838,1.88,1.95
2013.04.30 20:02:58.306,1.28371,1.28382,1.50,1.35
2013.04.30 20:02:59.097,1.28371,1.28382,1.50,2.18
2013.04.30 20:03:01.036,1.28372,1.28382,2.25,1.43
2013.04.30 20:03:01.577,1.28373,1.28381,1.50,1.35
2013.04.30 20:03:02.116,1.28372,1.28382,2.25,1.35
2013.04.30 20:03:04.907,1.2838,1.28386,1.50,2.03
2013.04.30 20:03:04.967,1.28383,1.2839,1.50,2.18
2013.04.30 20:03:05.027,1.28386,1.28392,1.50,2.93
2013.04.30 20:03:05.147,1.28388,1.28393,1.50,1.65
2013.04.30 20:03:05.268,1.28387,1.28396,1.50,2.48
2013.04.30 20:03:05.327,1.28387,1.28398,1.50,3.23
2013.04.30 20:03:05.386,1.28385,1.28398,1.13,2.10
2013.04.30 20:03:05.506,1.28385,1.28397,1.13,1.43
2013.04.30 20:03:06.267,1.28385,1.28396,1.13,4.73
2013.04.30 20:03:06.899,1.28384,1.28394,1.13,1.35
2013.04.30 20:03:08.976,1.28385,1.28395,1.50,1.58
2013.04.30 20:03:09.756,1.28385,1.28397,1.50,2.63
2013.04.30 20:03:12.517,1.28387,1.28397,2.63,2.63
2013.04.30 20:03:12.696,1.28388,1.28397,1.50,1.35
2013.04.30 20:03:21.678,1.28393,1.28401,1.50,1.58
2013.04.30 20:03:21.797,1.2839,1.28398,1.50,1.58
2013.04.30 20:03:21.858,1.2839,1.28402,1.50,1.35
2013.04.30 20:03:21.977,1.28391,1.28402,1.88,1.50
2013.04.30 20:03:22.036,1.2839,1.28402,3.83,1.50
2013.04.30 20:03:22.577,1.28389,1.28401,2.25,2.10
2013.04.30 20:03:23.209,1.28389,1.28401,1.73,2.10
2013.04.30 20:03:25.606,1.2839,1.28401,1.13,1.35
2013.04.30 20:03:25.966,1.28387,1.284,1.28,2.48
2013.04.30 20:03:29.767,1.28393,1.284,2.03,1.88
2013.04.30 20:03:29.827,1.28393,1.28406,1.88,1.35
2013.04.30 20:03:29.887,1.28392,1.28406,1.35,1.35
2013.04.30 20:03:31.777,1.28391,1.28403,1.28,1.35
2013.04.30 20:03:32.016,1.28389,1.284,1.88,1.35
2013.04.30 20:03:33.747,1.28388,1.284,1.88,1.35
2013.04.30 20:03:42.047,1.28388,1.28403,1.28,1.05
2013.04.30 20:03:42.107,1.28393,1.28401,2.25,1.05
2013.04.30 20:03:42.170,1.28391,1.28401,2.25,1.28
2013.04.30 20:03:42.298,1.28392,1.28404,1.50,1.58
2013.04.30 20:03:45.276,1.2839,1.28403,2.40,1.35
2013.04.30 20:04:05.127,1.28391,1.28403,1.50,1.35
2013.04.30 20:04:07.355,1.28391,1.28403,1.50,1.35
2013.04.30 20:04:10.175,1.28391,1.28403,1.50,1.35
2013.04.30 20:04:11.986,1.28389,1.28401,2.10,1.50
2013.04.30 20:04:14.815,1.28389,1.284,1.50,1.35
2013.04.30 20:04:31.407,1.28389,1.28398,1.50,1.58
2013.04.30 20:04:43.586,1.28389,1.28399,1.50,1.35
2013.04.30 20:04:44.086,1.28384,1.28395,1.50,1.50
2013.04.30 20:04:44.146,1.28383,1.28394,2.25,2.63
2013.04.30 20:04:46.096,1.28383,1.28392,1.50,1.50
2013.04.30 20:04:46.276,1.2838,1.2839,2.63,1.13
2013.04.30 20:04:46.336,1.28379,1.2839,1.50,1.43
2013.04.30 20:04:46.695,1.28379,1.28393,2.10,2.10
2013.04.30 20:04:46.755,1.28379,1.28393,1.35,2.10
2013.04.30 20:04:47.296,1.28379,1.28392,1.50,2.63
2013.04.30 20:04:51.285,1.28378,1.2839,2.25,1.88
2013.04.30 20:04:53.776,1.28378,1.28389,2.25,1.88
2013.04.30 20:04:54.729,1.28379,1.28391,1.65,2.10
2013.04.30 20:04:55.056,1.28379,1.28388,1.50,1.88
2013.04.30 20:04:55.116,1.28378,1.28388,1.50,1.88
2013.04.30 20:04:55.686,1.28377,1.28388,1.50,1.88
2013.04.30 20:04:58.986,1.28372,1.28386,2.63,2.48
2013.04.30 20:04:59.046,1.28372,1.28384,1.35,1.20
2013.04.30 20:04:59.408,1.2837,1.28384,1.50,2.48
2013.04.30 20:04:59.766,1.28369,1.28381,1.28,1.88
2013.04.30 20:05:00.285,1.28368,1.28379,2.03,1.43
2013.04.30 20:05:02.197,1.28367,1.28377,1.13,1.88
2013.04.30 20:05:02.256,1.28365,1.28377,1.65,1.88
2013.04.30 20:05:08.902,1.28364,1.28375,1.13,1.35
2013.04.30 20:05:09.466,1.28364,1.28375,1.13,1.58
2013.04.30 20:05:11.571,1.28366,1.28376,1.50,1.65
2013.04.30 20:05:11.818,1.28375,1.28384,1.65,1.20
2013.04.30 20:05:12.256,1.28375,1.28387,1.50,2.48
2013.04.30 20:05:12.436,1.28375,1.28385,1.50,1.88
2013.04.30 20:05:15.117,1.28373,1.28383,1.13,1.35
2013.04.30 20:05:15.357,1.28366,1.28378,1.13,1.35
2013.04.30 20:05:15.917,1.28367,1.28378,1.28,1.35
2013.04.30 20:05:19.886,1.28369,1.28379,1.88,1.43
2013.04.30 20:05:19.946,1.28369,1.28381,1.88,1.35
2013.04.30 20:05:20.375,1.28369,1.28381,1.50,1.35
2013.04.30 20:05:22.381,1.28369,1.28381,1.50,2.10
2013.04.30 20:05:22.449,1.28366,1.28379,1.88,1.35
2013.04.30 20:05:22.996,1.28366,1.28377,1.50,1.35
2013.04.30 20:05:23.476,1.28369,1.28379,1.50,1.88
2013.04.30 20:05:23.536,1.28369,1.28381,1.50,2.48
2013.04.30 20:05:23.656,1.28369,1.28382,1.50,2.18
2013.04.30 20:05:24.418,1.28369,1.2838,1.65,1.88
2013.04.30 20:05:24.786,1.2837,1.2838,1.13,1.88
2013.04.30 20:05:25.147,1.28381,1.28388,1.50,1.50
2013.04.30 20:05:25.207,1.28381,1.28392,1.50,1.58
2013.04.30 20:05:25.756,1.28382,1.28393,1.50,2.48
2013.04.30 20:05:26.046,1.28377,1.2839,2.10,1.13
2013.04.30 20:05:26.106,1.28375,1.2839,5.10,1.88
2013.04.30 20:05:26.167,1.28372,1.28384,2.48,1.65
2013.04.30 20:05:26.646,1.28366,1.2838,2.85,2.10
2013.04.30 20:05:26.766,1.28366,1.28378,2.25,1.88
2013.04.30 20:05:27.856,1.28365,1.28378,2.25,2.63
2013.04.30 20:05:28.616,1.28365,1.28376,1.50,1.35
2013.04.30 20:05:29.523,1.28366,1.28376,1.13,1.35
2013.04.30 20:05:29.829,1.28372,1.28384,1.58,2.63
2013.04.30 20:05:30.016,1.28372,1.28384,2.18,1.35
2013.04.30 20:05:30.796,1.28372,1.28384,2.10,1.35
2013.04.30 20:05:32.347,1.28372,1.28384,1.35,2.10
2013.04.30 20:05:32.527,1.28367,1.28379,1.20,1.50
2013.04.30 20:05:32.707,1.28364,1.28377,2.10,1.58
2013.04.30 20:05:33.401,1.28366,1.28377,1.50,2.70
2013.04.30 20:05:37.187,1.28366,1.28377,2.18,1.50
2013.04.30 20:05:37.367,1.28372,1.28381,1.13,1.20
2013.04.30 20:05:37.428,1.28375,1.28383,1.13,1.35
2013.04.30 20:05:37.547,1.28383,1.28395,3.00,2.25
2013.04.30 20:05:38.086,1.28384,1.28398,3.60,1.35
2013.04.30 20:05:38.386,1.28384,1.28396,1.50,1.58
2013.04.30 20:05:38.946,1.28381,1.28392,1.35,1.35
2013.04.30 20:05:39.066,1.28376,1.28387,1.95,1.35
2013.04.30 20:05:39.586,1.28375,1.28387,1.13,1.35
2013.04.30 20:05:40.151,1.28374,1.28387,1.65,1.35
2013.04.30 20:05:40.766,1.28373,1.28386,2.25,1.50
2013.04.30 20:05:42.086,1.28373,1.28385,1.35,1.50
2013.04.30 20:05:42.266,1.28369,1.28383,1.88,1.35
2013.04.30 20:05:42.506,1.28366,1.28378,1.58,1.35
2013.04.30 20:05:43.507,1.28365,1.28378,2.48,1.35
2013.04.30 20:05:44.946,1.28366,1.28377,2.48,1.50
2013.04.30 20:05:45.307,1.28361,1.28376,2.85,1.88
2013.04.30 20:05:45.667,1.28361,1.28371,2.85,1.50
2013.04.30 20:05:45.907,1.28355,1.28371,3.38,2.10
2013.04.30 20:05:46.858,1.28357,1.28367,1.35,1.50
2013.04.30 20:05:47.036,1.28358,1.28371,1.88,1.50
2013.04.30 20:05:47.276,1.28358,1.28371,1.20,1.50
2013.04.30 20:05:47.696,1.28355,1.28367,2.63,1.35
2013.04.30 20:05:47.756,1.28353,1.28367,3.38,1.35
2013.04.30 20:05:49.948,1.28353,1.28365,4.13,1.50
2013.04.30 20:05:51.266,1.28351,1.28365,1.95,1.50
2013.04.30 20:05:51.507,1.2835,1.28363,2.48,2.10
2013.04.30 20:05:51.627,1.2835,1.28362,2.40,2.48
2013.04.30 20:05:51.747,1.28352,1.28365,1.58,1.35
2013.04.30 20:05:51.928,1.28355,1.28367,1.35,2.10
2013.04.30 20:05:55.217,1.28353,1.28364,2.48,1.50
2013.04.30 20:05:55.337,1.28352,1.28363,2.18,1.13
2013.04.30 20:05:55.405,1.28349,1.2836,1.88,1.58
2013.04.30 20:05:55.483,1.28347,1.2836,1.65,2.18
2013.04.30 20:05:55.726,1.28348,1.28361,1.13,2.63
2013.04.30 20:05:55.786,1.28348,1.28363,1.20,1.35
2013.04.30 20:05:58.407,1.28351,1.28365,1.13,1.88
2013.04.30 20:05:58.469,1.28351,1.28365,1.13,1.88
2013.04.30 20:05:58.599,1.2836,1.28368,1.50,1.80
2013.04.30 20:05:58.838,1.2836,1.28371,1.50,1.43
2013.04.30 20:05:59.018,1.2836,1.28375,1.35,2.18
2013.04.30 20:06:00.491,1.28358,1.2837,2.03,1.35
2013.04.30 20:06:01.037,1.28357,1.2837,1.50,1.58
2013.04.30 20:06:01.541,1.28357,1.28371,1.65,2.18
2013.04.30 20:06:02.098,1.28358,1.28372,1.58,1.35
2013.04.30 20:06:05.216,1.28359,1.28373,1.50,2.18
2013.04.30 20:06:06.026,1.28358,1.28372,2.63,1.35
2013.04.30 20:06:09.056,1.28363,1.28372,1.50,1.35
2013.04.30 20:06:09.117,1.28363,1.28373,1.50,2.18
2013.04.30 20:06:09.236,1.28361,1.28375,1.35,1.35
2013.04.30 20:06:09.357,1.2836,1.28372,1.35,1.35
2013.04.30 20:06:11.247,1.2836,1.28372,1.35,1.35
2013.04.30 20:06:11.785,1.2836,1.28374,1.35,2.63
2013.04.30 20:06:12.325,1.2836,1.28372,1.35,1.35
2013.04.30 20:06:13.056,1.2836,1.28372,1.35,1.35
2013.04.30 20:06:13.476,1.28359,1.28373,2.10,1.35
2013.04.30 20:06:14.618,1.28359,1.28373,2.10,1.35
2013.04.30 20:06:15.946,1.28357,1.28372,2.63,2.18
2013.04.30 20:06:17.981,1.28361,1.28371,1.50,1.35
2013.04.30 20:06:18.166,1.28364,1.28375,1.50,1.35
2013.04.30 20:06:22.437,1.28364,1.28377,1.50,2.10
2013.04.30 20:06:22.496,1.28365,1.28377,2.63,1.50
2013.04.30 20:06:23.049,1.28366,1.28379,3.23,1.50
2013.04.30 20:06:23.576,1.28365,1.28379,3.38,1.35
2013.04.30 20:06:24.316,1.28367,1.28379,1.43,1.50
2013.04.30 20:06:24.855,1.28365,1.28379,3.98,2.10
2013.04.30 20:06:26.377,1.28365,1.28378,1.35,2.10
2013.04.30 20:06:26.496,1.28365,1.28378,2.63,1.50
2013.04.30 20:06:26.617,1.28365,1.28378,1.35,2.10
2013.04.30 20:06:29.736,1.28363,1.28378,1.58,2.10
2013.04.30 20:06:29.856,1.28362,1.28376,1.95,2.10
2013.04.30 20:06:45.686,1.28361,1.28374,2.33,1.50
2013.04.30 20:06:45.746,1.28361,1.28373,1.50,2.10
2013.04.30 20:06:52.026,1.28359,1.28371,3.23,1.50
2013.04.30 20:06:52.097,1.28358,1.28371,2.25,1.50
2013.04.30 20:06:53.597,1.28359,1.28372,2.25,2.10
2013.04.30 20:06:53.836,1.28361,1.28374,1.50,2.33
2013.04.30 20:06:56.986,1.28359,1.28372,1.35,1.58
2013.04.30 20:06:57.536,1.28359,1.28372,2.18,1.13
2013.04.30 20:06:57.966,1.2836,1.28374,2.10,2.10
2013.04.30 20:06:58.518,1.28361,1.28374,1.50,1.35
2013.04.30 20:06:59.106,1.28361,1.28373,1.50,1.58
2013.04.30 20:07:00.499,1.28358,1.28372,2.25,1.35
2013.04.30 20:07:00.575,1.28358,1.28369,1.65,1.58
2013.04.30 20:07:03.856,1.28358,1.28368,1.50,1.43
2013.04.30 20:07:04.156,1.28358,1.28366,1.50,1.43
2013.04.30 20:07:05.536,1.28358,1.28365,1.50,2.48
2013.04.30 20:07:06.177,1.28361,1.28367,1.50,1.20
2013.04.30 20:07:06.237,1.2836,1.28367,1.50,2.48
2013.04.30 20:07:06.297,1.28361,1.28369,1.88,2.63
2013.04.30 20:07:06.956,1.28358,1.28367,2.63,1.43
2013.04.30 20:07:07.516,1.28354,1.28364,1.88,1.50
2013.04.30 20:07:07.878,1.28348,1.28357,1.28,3.23
2013.04.30 20:07:08.357,1.28347,1.28356,1.13,1.88
2013.04.30 20:07:08.430,1.28346,1.28356,1.88,2.63
2013.04.30 20:07:08.617,1.28343,1.28353,1.13,1.35
2013.04.30 20:07:08.737,1.28339,1.28349,1.65,1.35
2013.04.30 20:07:08.797,1.28339,1.28347,1.28,1.43
2013.04.30 20:07:09.037,1.28341,1.28351,1.13,1.43
2013.04.30 20:07:09.336,1.28338,1.2835,1.88,2.63
2013.04.30 20:07:09.717,1.28338,1.2835,1.88,1.88
2013.04.30 20:07:10.706,1.28339,1.2835,1.13,1.88
2013.04.30 20:07:10.827,1.28338,1.28347,2.40,1.88
2013.04.30 20:07:11.186,1.28338,1.28347,2.25,2.48
2013.04.30 20:07:13.767,1.28338,1.28346,1.50,2.48
2013.04.30 20:07:14.106,1.28338,1.28346,1.50,2.48
2013.04.30 20:07:14.167,1.28335,1.28344,1.50,1.35
2013.04.30 20:07:14.226,1.28326,1.2834,4.73,1.50
2013.04.30 20:07:14.406,1.28326,1.28335,1.88,1.88
2013.04.30 20:07:14.766,1.28324,1.28333,1.28,2.48
2013.04.30 20:07:16.496,1.28323,1.28331,1.65,2.48
2013.04.30 20:07:16.797,1.28321,1.28331,3.75,2.48
2013.04.30 20:07:16.916,1.28322,1.28331,1.20,1.88
2013.04.30 20:07:16.977,1.28323,1.28334,1.35,1.35
2013.04.30 20:07:17.156,1.28323,1.28333,1.35,1.43
2013.04.30 20:07:17.708,1.28323,1.28334,1.28,2.93
2013.04.30 20:07:20.188,1.28323,1.28334,1.28,2.18
2013.04.30 20:07:21.486,1.28322,1.28334,2.40,1.43
2013.04.30 20:07:21.726,1.28323,1.28336,1.13,1.58
2013.04.30 20:07:22.432,1.28323,1.28336,2.10,1.35
2013.04.30 20:07:24.797,1.28324,1.28338,1.65,2.63
2013.04.30 20:07:24.856,1.28324,1.28338,1.65,2.63
2013.04.30 20:07:25.896,1.28326,1.28338,1.28,2.63
2013.04.30 20:07:26.275,1.28328,1.28338,1.88,1.88
2013.04.30 20:07:26.343,1.28329,1.2834,1.50,2.48
2013.04.30 20:07:29.257,1.28329,1.2834,1.50,1.20
2013.04.30 20:07:29.787,1.28329,1.28342,1.50,2.63
2013.04.30 20:07:39.176,1.28329,1.28342,1.50,2.48
2013.04.30 20:07:44.906,1.28329,1.28342,1.50,2.48
2013.04.30 20:07:48.996,1.28329,1.28342,1.88,2.48
2013.04.30 20:07:51.917,1.28329,1.28342,1.88,2.48
2013.04.30 20:07:54.577,1.28328,1.28341,1.35,1.58
2013.04.30 20:07:54.757,1.28332,1.28344,1.73,1.35
2013.04.30 20:07:54.876,1.28333,1.28347,2.78,1.35
2013.04.30 20:07:55.417,1.28335,1.28347,1.73,1.35
2013.04.30 20:07:55.957,1.28335,1.28347,1.73,1.35
2013.04.30 20:07:57.326,1.28334,1.28347,1.20,2.25
2013.04.30 20:07:57.386,1.28333,1.28347,1.88,2.63
2013.04.30 20:07:57.506,1.28332,1.28343,1.58,1.35
2013.04.30 20:07:57.566,1.28327,1.28342,2.85,2.63
2013.04.30 20:07:58.105,1.28327,1.2834,1.13,1.43
2013.04.30 20:07:58.606,1.28327,1.28342,1.58,2.63
2013.04.30 20:07:59.128,1.28328,1.28342,1.35,3.38
2013.04.30 20:07:59.978,1.2833,1.28342,1.50,1.88
2013.04.30 20:08:00.216,1.28333,1.28345,1.35,1.35
2013.04.30 20:08:00.337,1.28335,1.28348,2.10,1.20
2013.04.30 20:08:01.326,1.28332,1.28346,2.10,1.35
2013.04.30 20:08:01.625,1.28331,1.28345,1.35,1.58
2013.04.30 20:08:03.897,1.2833,1.28345,2.10,2.55
2013.04.30 20:08:08.205,1.2833,1.28345,2.10,2.18
2013.04.30 20:08:08.446,1.28334,1.28347,2.85,1.58
2013.04.30 20:08:08.993,1.28337,1.28351,1.35,1.35
2013.04.30 20:08:09.456,1.28337,1.28351,1.35,1.35
2013.04.30 20:08:10.068,1.28339,1.28351,1.65,1.35
2013.04.30 20:08:10.127,1.28341,1.28353,1.50,4.73
2013.04.30 20:08:10.247,1.28342,1.28355,1.35,1.50
2013.04.30 20:08:10.307,1.28345,1.28358,1.35,1.20
2013.04.30 20:08:10.486,1.28347,1.2836,1.35,1.95
2013.04.30 20:08:10.916,1.28345,1.28359,1.35,2.85
2013.04.30 20:08:11.106,1.28343,1.28358,4.35,1.73
2013.04.30 20:08:11.286,1.28343,1.28357,1.13,1.43
2013.04.30 20:08:11.346,1.28343,1.28356,1.88,1.35
2013.04.30 20:08:11.406,1.28342,1.28356,2.10,2.10
2013.04.30 20:08:11.482,1.28342,1.28355,1.50,2.48
2013.04.30 20:08:11.667,1.28344,1.28357,1.50,2.25
2013.04.30 20:08:11.726,1.28344,1.28358,1.58,1.58
2013.04.30 20:08:13.627,1.28348,1.28359,1.50,2.48
2013.04.30 20:08:13.806,1.28348,1.28359,1.50,1.20
2013.04.30 20:08:17.057,1.28348,1.28361,1.50,1.88
2013.04.30 20:08:17.116,1.28349,1.28362,1.35,2.55
2013.04.30 20:08:18.476,1.28348,1.28361,1.58,1.35
2013.04.30 20:08:18.716,1.28347,1.28359,1.50,1.88
2013.04.30 20:08:20.270,1.2835,1.28359,1.50,1.88
2013.04.30 20:08:20.337,1.28349,1.28359,1.13,1.88
2013.04.30 20:08:20.456,1.28348,1.28362,1.73,1.35
2013.04.30 20:08:21.197,1.28349,1.28361,2.10,1.35
2013.04.30 20:08:24.586,1.28349,1.28361,1.50,2.18
2013.04.30 20:08:25.936,1.2835,1.28362,1.35,1.35
2013.04.30 20:08:29.528,1.28349,1.28361,1.50,1.58
2013.04.30 20:08:41.347,1.28348,1.28359,1.35,1.50
2013.04.30 20:08:41.406,1.28347,1.28358,1.58,1.50
2013.04.30 20:08:41.467,1.28345,1.28356,1.20,1.58
2013.04.30 20:08:41.527,1.28344,1.28354,1.13,1.88
2013.04.30 20:08:42.066,1.2834,1.28353,1.13,1.58
2013.04.30 20:08:44.518,1.2834,1.28353,1.13,1.58
2013.04.30 20:08:44.756,1.28337,1.28351,1.35,2.78
2013.04.30 20:08:44.996,1.28335,1.28349,2.63,1.35
2013.04.30 20:08:46.617,1.28337,1.28349,1.35,1.35
2013.04.30 20:08:47.233,1.28338,1.2835,1.58,1.50
2013.04.30 20:08:53.030,1.28337,1.28349,1.35,1.35
2013.04.30 20:08:53.100,1.28337,1.28349,1.35,3.23
2013.04.30 20:08:53.167,1.28333,1.28347,1.88,2.18
2013.04.30 20:08:53.886,1.28335,1.28347,1.65,1.43
2013.04.30 20:08:54.066,1.28335,1.28348,2.33,1.35
2013.04.30 20:08:54.616,1.28335,1.28348,1.65,1.58
2013.04.30 20:08:54.736,1.28335,1.28349,3.00,2.10
2013.04.30 20:08:55.137,1.28335,1.28349,3.00,2.10
2013.04.30 20:08:56.966,1.28335,1.28349,3.00,2.10
2013.04.30 20:08:58.606,1.28335,1.28349,2.25,2.10
2013.04.30 20:09:00.648,1.28335,1.28349,3.00,1.35
2013.04.30 20:09:02.693,1.28335,1.28349,2.10,2.10
2013.04.30 20:09:04.917,1.28335,1.28349,2.10,2.10
2013.04.30 20:09:05.699,1.28335,1.28343,2.10,1.13
2013.04.30 20:09:05.817,1.28316,1.28338,2.93,1.50
2013.04.30 20:09:06.358,1.28316,1.2833,1.73,1.35
2013.04.30 20:09:08.288,1.28318,1.28329,1.13,1.50
2013.04.30 20:09:08.799,1.28318,1.28329,1.13,1.50
2013.04.30 20:09:10.729,1.28318,1.28332,1.88,1.35
2013.04.30 20:09:10.787,1.28321,1.28333,1.35,2.10
2013.04.30 20:09:10.846,1.28319,1.28329,2.63,1.50
2013.04.30 20:09:11.387,1.28318,1.28328,1.35,1.50
2013.04.30 20:09:11.746,1.28307,1.28324,2.33,1.35
2013.04.30 20:09:12.589,1.28302,1.28316,3.60,2.10
2013.04.30 20:09:12.653,1.28302,1.28316,1.73,2.10
2013.04.30 20:09:12.718,1.28302,1.28315,1.13,1.88
2013.04.30 20:09:13.229,1.28302,1.28316,1.35,2.93
2013.04.30 20:09:13.587,1.283,1.28314,1.58,1.73
2013.04.30 20:09:14.596,1.28301,1.28315,2.48,2.48
2013.04.30 20:09:15.706,1.28301,1.28314,2.48,1.65
2013.04.30 20:09:16.957,1.28299,1.28311,2.93,1.50
2013.04.30 20:09:17.816,1.283,1.28314,2.10,1.50
2013.04.30 20:09:17.876,1.28304,1.28315,1.13,1.43
2013.04.30 20:09:17.937,1.28306,1.28315,1.88,1.80
2013.04.30 20:09:18.237,1.28304,1.28315,1.35,1.13
2013.04.30 20:09:18.601,1.28303,1.28315,2.48,1.88
2013.04.30 20:09:18.676,1.28305,1.28318,1.35,1.13
2013.04.30 20:09:18.737,1.28305,1.28319,1.35,1.35
2013.04.30 20:09:19.276,1.28308,1.2832,1.35,1.35
2013.04.30 20:09:19.557,1.28308,1.2832,1.35,1.35
2013.04.30 20:09:21.067,1.28306,1.28318,1.35,1.50
2013.04.30 20:09:21.366,1.283,1.28315,2.55,2.85
2013.04.30 20:09:21.547,1.28301,1.28315,2.10,2.85
2013.04.30 20:09:21.676,1.28301,1.28315,3.98,2.25
2013.04.30 20:09:22.738,1.28303,1.28315,1.35,1.13
2013.04.30 20:09:23.245,1.28304,1.28315,2.48,1.13
2013.04.30 20:09:24.006,1.28304,1.28316,2.48,1.50
2013.04.30 20:09:29.447,1.28306,1.28314,1.20,1.50
2013.04.30 20:09:29.809,1.28306,1.28314,2.48,1.50
2013.04.30 20:09:30.167,1.283,1.28312,1.95,1.88
2013.04.30 20:09:30.348,1.28299,1.2831,2.03,1.50
2013.04.30 20:09:31.258,1.28299,1.28308,1.88,1.50
2013.04.30 20:09:31.556,1.28298,1.28308,1.35,1.50
2013.04.30 20:09:33.726,1.28297,1.28308,2.33,1.50
2013.04.30 20:09:35.606,1.28298,1.2831,1.43,1.13
2013.04.30 20:09:35.666,1.28298,1.28311,1.43,1.35
2013.04.30 20:09:35.728,1.28299,1.28313,2.25,2.85
2013.04.30 20:09:35.786,1.28301,1.28314,2.48,3.00
2013.04.30 20:09:36.147,1.28302,1.28313,1.88,1.50
2013.04.30 20:09:36.206,1.283,1.28313,2.70,1.50
2013.04.30 20:09:36.746,1.28299,1.28313,2.78,2.10
2013.04.30 20:09:39.946,1.283,1.28313,1.35,2.10
2013.04.30 20:09:40.006,1.283,1.28311,1.35,1.50
2013.04.30 20:09:49.136,1.283,1.28312,1.20,1.50
2013.04.30 20:09:49.317,1.28297,1.28311,1.58,1.50
2013.04.30 20:09:54.132,1.28299,1.28314,2.63,1.73
2013.04.30 20:09:54.196,1.28299,1.28314,1.65,3.23
2013.04.30 20:09:54.437,1.28299,1.28314,4.13,1.58
2013.04.30 20:09:55.038,1.28301,1.28314,1.35,2.33
2013.04.30 20:09:56.608,1.28301,1.28314,1.35,1.58
2013.04.30 20:09:56.987,1.28304,1.28314,2.48,1.50
2013.04.30 20:09:57.287,1.28304,1.28317,4.13,1.88
2013.04.30 20:09:57.347,1.28307,1.28317,1.88,1.50
2013.04.30 20:09:57.407,1.28309,1.2832,1.35,1.13
2013.04.30 20:09:57.527,1.28311,1.28323,1.35,1.13
2013.04.30 20:09:57.587,1.28311,1.28323,3.23,1.13
2013.04.30 20:09:57.766,1.28311,1.28324,3.23,1.13
2013.04.30 20:09:58.187,1.28313,1.28326,2.10,1.13
2013.04.30 20:09:58.247,1.28315,1.28326,3.23,1.13
2013.04.30 20:09:58.797,1.28316,1.28326,2.48,1.13
2013.04.30 20:09:58.976,1.28316,1.28329,2.48,1.28
2013.04.30 20:09:59.538,1.28316,1.28327,2.48,1.65
2013.04.30 20:09:59.596,1.28316,1.28326,1.88,1.50
2013.04.30 20:09:59.656,1.28315,1.28326,2.18,1.50
2013.04.30 20:09:59.836,1.28315,1.28324,1.43,1.50
2013.04.30 20:10:00.389,1.28313,1.28324,2.48,1.50
2013.04.30 20:10:00.566,1.28313,1.28324,2.48,1.50
2013.04.30 20:10:00.686,1.28313,1.28324,2.48,1.50
2013.04.30 20:10:02.058,1.28313,1.28324,2.48,1.13
2013.04.30 20:10:02.117,1.28311,1.28323,1.35,1.35
2013.04.30 20:10:02.237,1.28309,1.28321,1.88,1.50
2013.04.30 20:10:03.217,1.28309,1.28319,1.88,1.50
2013.04.30 20:10:03.458,1.28307,1.28319,1.58,1.50
2013.04.30 20:10:03.763,1.28309,1.28319,1.88,1.50
2013.04.30 20:10:04.441,1.28309,1.28319,2.48,1.50
2013.04.30 20:10:04.956,1.28309,1.28319,1.43,1.50
2013.04.30 20:10:06.307,1.28308,1.28319,3.23,1.50
2013.04.30 20:10:06.846,1.28308,1.28319,3.23,1.50
2013.04.30 20:10:09.809,1.28308,1.28316,3.23,1.50
2013.04.30 20:10:10.226,1.28307,1.28316,1.35,1.88
2013.04.30 20:10:10.766,1.28306,1.28316,1.43,1.88
2013.04.30 20:10:12.006,1.28307,1.28316,2.48,1.88
2013.04.30 20:10:13.868,1.28307,1.28313,1.20,1.13
2013.04.30 20:10:13.987,1.28301,1.28311,2.48,1.50
2013.04.30 20:10:14.107,1.28299,1.28311,3.23,1.50
2013.04.30 20:10:14.508,1.28299,1.28311,3.23,1.50
2013.04.30 20:10:15.105,1.28299,1.28309,2.48,1.50
2013.04.30 20:10:16.286,1.28301,1.28309,1.43,1.50
2013.04.30 20:10:16.586,1.28302,1.28309,2.48,1.50
2013.04.30 20:10:16.954,1.28302,1.2831,2.48,1.50
2013.04.30 20:10:17.028,1.28302,1.2831,2.48,1.13
2013.04.30 20:10:19.523,1.28302,1.28311,2.48,1.88
2013.04.30 20:10:19.951,1.28304,1.28316,1.35,1.13
2013.04.30 20:10:20.017,1.28306,1.28317,2.48,1.65
2013.04.30 20:10:20.137,1.28308,1.28322,1.35,1.50
2013.04.30 20:10:20.738,1.28306,1.28317,3.23,1.50
2013.04.30 20:10:20.857,1.28307,1.28317,1.88,1.50
2013.04.30 20:10:21.046,1.28307,1.28317,1.88,1.50
2013.04.30 20:10:21.366,1.2831,1.2832,1.88,1.50
2013.04.30 20:10:21.967,1.2831,1.28321,2.63,1.50
2013.04.30 20:10:22.089,1.28314,1.28323,1.88,1.13
2013.04.30 20:10:22.270,1.28316,1.28325,2.48,3.15
2013.04.30 20:10:23.526,1.28316,1.28325,2.48,1.65
2013.04.30 20:10:27.686,1.28316,1.28327,2.48,1.13
2013.04.30 20:10:27.746,1.28316,1.28327,2.48,1.13
2013.04.30 20:10:27.807,1.28318,1.28327,1.20,1.88
2013.04.30 20:10:28.167,1.28318,1.28327,2.48,1.88
2013.04.30 20:10:28.288,1.28317,1.28327,1.35,1.88
2013.04.30 20:10:28.466,1.28316,1.28327,1.43,1.88
2013.04.30 20:10:29.007,1.28314,1.28324,1.88,1.50
2013.04.30 20:10:29.346,1.28316,1.28324,3.23,1.50
2013.04.30 20:10:29.466,1.28316,1.28327,2.48,1.13
2013.04.30 20:10:30.316,1.28316,1.28328,3.23,1.13
2013.04.30 20:10:31.756,1.28316,1.28327,2.48,1.88
2013.04.30 20:10:31.876,1.28314,1.28327,2.48,1.50
2013.04.30 20:10:32.056,1.28316,1.28327,1.88,1.50
2013.04.30 20:10:32.598,1.28317,1.2833,2.48,1.50
2013.04.30 20:10:34.267,1.28317,1.28329,2.48,1.50
2013.04.30 20:10:34.631,1.28316,1.28328,2.48,1.50
2013.04.30 20:10:34.756,1.28316,1.28328,1.20,2.48
2013.04.30 20:10:34.816,1.28314,1.28328,2.63,2.48
2013.04.30 20:10:34.946,1.28314,1.28328,2.63,2.48
2013.04.30 20:10:36.846,1.28314,1.28326,1.88,1.50
2013.04.30 20:10:39.219,1.28314,1.28326,1.28,1.50
2013.04.30 20:10:39.397,1.28312,1.28323,1.58,1.50
2013.04.30 20:10:39.577,1.28312,1.2832,1.43,1.13
2013.04.30 20:10:39.697,1.28307,1.2832,1.58,2.10
2013.04.30 20:10:40.308,1.28306,1.28318,1.88,1.28
2013.04.30 20:10:40.847,1.28308,1.28316,1.43,1.50
2013.04.30 20:10:41.797,1.28308,1.28319,1.43,1.50
2013.04.30 20:10:41.856,1.28308,1.28319,1.43,1.50
2013.04.30 20:10:42.216,1.28302,1.28315,1.73,1.50
2013.04.30 20:10:42.338,1.28305,1.28314,2.03,1.88
2013.04.30 20:10:42.517,1.28302,1.28316,1.95,1.50
2013.04.30 20:10:42.876,1.28304,1.28313,1.88,1.50
2013.04.30 20:10:44.278,1.28304,1.28311,2.48,1.50
2013.04.30 20:10:44.338,1.283,1.28311,1.88,2.10
2013.04.30 20:10:44.397,1.28295,1.28311,3.23,1.73
2013.04.30 20:10:44.637,1.28296,1.28311,1.43,1.50
2013.04.30 20:10:44.938,1.28297,1.2831,2.48,1.50
2013.04.30 20:10:45.296,1.283,1.2831,2.48,1.13
2013.04.30 20:10:45.356,1.28297,1.28309,3.23,1.13
2013.04.30 20:10:47.277,1.28297,1.2831,2.48,1.50
2013.04.30 20:10:47.987,1.28299,1.28313,1.35,1.35
2013.04.30 20:10:48.288,1.283,1.28309,1.88,1.13
2013.04.30 20:10:48.466,1.28299,1.28309,1.20,1.88
2013.04.30 20:10:50.247,1.28297,1.28309,3.23,1.88
2013.04.30 20:10:51.507,1.28297,1.28307,1.88,1.13
2013.04.30 20:10:51.687,1.28294,1.28306,2.55,1.35
2013.04.30 20:10:52.666,1.28294,1.28306,1.58,1.50
2013.04.30 20:10:53.268,1.28295,1.28307,1.35,1.13
2013.04.30 20:10:53.626,1.28296,1.2831,2.48,2.48
2013.04.30 20:10:57.976,1.28296,1.28309,2.48,1.50
2013.04.30 20:11:01.117,1.28296,1.28309,2.48,1.50
2013.04.30 20:11:01.676,1.28296,1.28309,2.48,1.50
2013.04.30 20:11:01.857,1.28299,1.28311,1.58,1.13
2013.04.30 20:11:02.347,1.28298,1.2831,1.35,1.35
2013.04.30 20:11:03.217,1.28298,1.2831,1.35,1.35
2013.04.30 20:11:03.756,1.28297,1.28311,1.35,1.35
2013.04.30 20:11:04.297,1.28297,1.28311,1.35,1.35
2013.04.30 20:11:04.476,1.28298,1.28308,1.43,1.50
2013.04.30 20:11:04.537,1.28296,1.28308,1.20,1.50
2013.04.30 20:11:06.546,1.28296,1.28309,1.73,1.50
2013.04.30 20:11:07.615,1.28298,1.2831,1.88,1.13
2013.04.30 20:11:07.929,1.28301,1.2831,3.23,1.13
2013.04.30 20:11:08.488,1.28301,1.28313,3.23,1.88
2013.04.30 20:11:08.706,1.28301,1.28313,3.23,1.13
2013.04.30 20:11:08.827,1.28303,1.28316,1.35,1.50
2013.04.30 20:11:08.973,1.28306,1.28319,1.88,1.28
2013.04.30 20:11:09.037,1.28307,1.28321,1.88,2.63
2013.04.30 20:11:09.576,1.28307,1.2832,2.48,1.13
2013.04.30 20:11:10.697,1.28307,1.2832,2.48,1.13
2013.04.30 20:11:11.236,1.28306,1.2832,2.10,1.13
2013.04.30 20:11:14.535,1.28306,1.2832,1.35,1.35
2013.04.30 20:11:15.036,1.28307,1.2832,1.50,1.35
2013.04.30 20:11:15.996,1.28307,1.2832,1.88,1.35
2013.04.30 20:11:16.179,1.28311,1.28323,1.35,1.35
2013.04.30 20:11:16.716,1.28311,1.28323,1.35,1.35
2013.04.30 20:11:18.677,1.28311,1.28323,1.35,1.35
2013.04.30 20:11:20.417,1.28308,1.28322,2.10,2.10
2013.04.30 20:11:22.436,1.28308,1.28322,1.35,2.10
2013.04.30 20:11:22.620,1.28306,1.28321,1.58,1.43
2013.04.30 20:11:22.676,1.28306,1.2832,1.50,2.10
2013.04.30 20:11:24.744,1.28307,1.2832,1.50,1.35
2013.04.30 20:11:24.866,1.28308,1.28321,1.65,1.20
2013.04.30 20:11:24.927,1.28312,1.28324,1.13,1.35
2013.04.30 20:11:24.987,1.28312,1.28325,1.13,1.43
2013.04.30 20:11:25.047,1.28313,1.28326,1.73,1.35
2013.04.30 20:11:25.167,1.28314,1.28329,2.63,1.13
2013.04.30 20:11:25.697,1.28313,1.28327,3.23,1.35
2013.04.30 20:11:25.816,1.28313,1.28326,1.35,1.58
2013.04.30 20:11:26.346,1.28313,1.28326,3.23,1.50
2013.04.30 20:11:26.427,1.28313,1.28326,1.95,2.33
2013.04.30 20:11:26.666,1.28313,1.28325,1.35,1.35
2013.04.30 20:11:27.254,1.28313,1.28325,1.35,1.35
2013.04.30 20:11:29.363,1.28313,1.28325,1.35,1.35
2013.04.30 20:11:29.727,1.28313,1.28325,1.35,1.35
2013.04.30 20:11:29.847,1.28314,1.28326,1.13,2.33
2013.04.30 20:11:30.147,1.28322,1.28334,1.35,1.73
2013.04.30 20:11:30.787,1.28322,1.28334,1.35,1.35
2013.04.30 20:11:31.296,1.28322,1.28334,1.35,1.35
2013.04.30 20:11:31.696,1.28322,1.28334,1.35,1.35
2013.04.30 20:11:36.586,1.28319,1.28333,1.35,1.73
2013.04.30 20:11:36.647,1.28318,1.28328,1.35,1.65
2013.04.30 20:11:36.827,1.28313,1.28321,1.28,1.50
2013.04.30 20:11:37.067,1.28304,1.28318,1.35,1.35
2013.04.30 20:11:37.187,1.28298,1.28313,1.58,1.88
2013.04.30 20:11:37.728,1.28297,1.28311,1.88,1.35
2013.04.30 20:11:39.177,1.28297,1.2831,1.88,1.50
2013.04.30 20:11:40.206,1.28297,1.2831,1.88,1.50
2013.04.30 20:11:43.568,1.28297,1.2831,1.88,1.88
2013.04.30 20:11:43.746,1.28297,1.2831,1.88,1.88
2013.04.30 20:11:45.388,1.28298,1.2831,1.95,1.50
2013.04.30 20:11:45.449,1.28298,1.2831,1.95,1.50
2013.04.30 20:11:45.508,1.28299,1.28311,1.35,1.35
2013.04.30 20:11:45.688,1.28301,1.28315,1.35,1.88
2013.04.30 20:11:46.212,1.28301,1.28313,1.35,1.35
2013.04.30 20:11:46.577,1.28298,1.28312,1.88,1.35
2013.04.30 20:11:47.306,1.28298,1.28312,2.63,1.35
2013.04.30 20:11:47.755,1.28298,1.28312,2.63,1.35
2013.04.30 20:11:47.887,1.283,1.28312,2.25,1.35
2013.04.30 20:11:47.954,1.28301,1.28313,1.88,1.50
2013.04.30 20:11:48.490,1.28301,1.28313,1.88,1.50
2013.04.30 20:11:48.561,1.283,1.28313,1.35,1.50
2013.04.30 20:11:49.068,1.283,1.28313,1.35,1.50
2013.04.30 20:11:49.289,1.283,1.28313,1.35,1.50
2013.04.30 20:11:49.886,1.28298,1.28312,2.48,1.50
2013.04.30 20:11:49.946,1.28297,1.28312,2.18,2.10
2013.04.30 20:11:51.987,1.28295,1.28308,4.13,1.13
2013.04.30 20:11:52.166,1.28294,1.28306,1.73,1.35
2013.04.30 20:11:52.467,1.28293,1.28304,1.58,1.88
2013.04.30 20:11:52.826,1.28287,1.283,1.28,1.43
2013.04.30 20:11:53.316,1.28287,1.28302,1.88,2.70
2013.04.30 20:11:53.446,1.28285,1.28301,2.48,1.50
2013.04.30 20:11:53.627,1.28283,1.28297,1.35,1.73
2013.04.30 20:11:54.867,1.28283,1.28297,1.50,1.73
2013.04.30 20:11:55.046,1.28284,1.28299,2.25,3.23
2013.04.30 20:11:55.168,1.28285,1.28299,2.63,2.10
2013.04.30 20:11:56.439,1.28287,1.28298,1.35,1.50
2013.04.30 20:11:56.797,1.28288,1.28301,1.65,1.35
2013.04.30 20:11:57.096,1.28295,1.28308,2.48,1.20
2013.04.30 20:11:57.157,1.28295,1.28308,2.10,1.20
2013.04.30 20:11:57.217,1.28297,1.28308,1.88,1.13
2013.04.30 20:11:57.337,1.28295,1.28308,1.43,1.13
2013.04.30 20:11:57.516,1.28296,1.2831,1.35,1.73
2013.04.30 20:12:00.297,1.28296,1.2831,2.25,2.48
2013.04.30 20:12:01.506,1.28297,1.2831,1.50,1.73
2013.04.30 20:12:02.128,1.28297,1.28311,1.50,2.93
2013.04.30 20:12:02.567,1.28298,1.28312,2.10,1.35
2013.04.30 20:12:02.627,1.283,1.28314,1.58,1.88
2013.04.30 20:12:03.558,1.283,1.28313,2.33,1.13
2013.04.30 20:12:04.096,1.28299,1.28312,2.10,1.13
2013.04.30 20:12:06.856,1.283,1.28312,1.58,1.50
2013.04.30 20:12:07.396,1.28299,1.28312,2.85,1.50
2013.04.30 20:12:07.706,1.283,1.28312,3.23,1.50
2013.04.30 20:12:08.067,1.283,1.28311,1.35,1.13
2013.04.30 20:12:08.978,1.283,1.28312,2.10,2.48
2013.04.30 20:12:09.529,1.283,1.28312,2.10,1.73
2013.04.30 20:12:12.747,1.28301,1.28313,1.50,2.70
2013.04.30 20:12:13.246,1.28301,1.28312,1.35,1.13
2013.04.30 20:12:13.487,1.28295,1.28309,3.53,1.73
2013.04.30 20:12:13.548,1.28297,1.28309,1.35,1.73
2013.04.30 20:12:14.096,1.283,1.28312,1.58,1.13
2013.04.30 20:12:14.396,1.28301,1.28312,1.35,1.50
2013.04.30 20:12:14.696,1.28301,1.28312,3.23,1.50
2013.04.30 20:12:15.016,1.28301,1.28312,3.23,1.50
2013.04.30 20:12:15.498,1.28301,1.28313,2.10,1.35
2013.04.30 20:12:16.017,1.28301,1.28315,3.23,2.48
2013.04.30 20:12:16.077,1.283,1.28314,1.50,1.35
2013.04.30 20:12:16.556,1.28299,1.28314,1.58,1.73
2013.04.30 20:12:16.797,1.283,1.28314,1.35,1.73
2013.04.30 20:12:16.916,1.28299,1.28314,2.33,1.73
2013.04.30 20:12:17.226,1.28299,1.28312,1.50,1.80
2013.04.30 20:12:17.286,1.28297,1.28311,2.25,2.48
2013.04.30 20:12:18.288,1.28298,1.28311,1.50,2.48
2013.04.30 20:12:18.826,1.28298,1.28311,2.10,2.33
2013.04.30 20:12:20.986,1.28297,1.2831,1.50,2.55
2013.04.30 20:12:21.898,1.28296,1.2831,1.50,1.20
2013.04.30 20:12:22.676,1.28298,1.28311,2.10,1.20
2013.04.30 20:12:23.517,1.28298,1.28312,2.10,1.88
2013.04.30 20:12:23.636,1.283,1.28313,1.35,2.48
2013.04.30 20:12:25.777,1.28302,1.28314,1.50,1.73
2013.04.30 20:12:25.837,1.283,1.28314,1.35,2.48
2013.04.30 20:12:26.376,1.28299,1.28312,2.25,1.58
2013.04.30 20:12:26.618,1.28298,1.28311,1.50,1.95
2013.04.30 20:12:27.188,1.28298,1.28311,2.33,1.73
2013.04.30 20:12:29.876,1.28299,1.28312,3.23,1.13
2013.04.30 20:12:29.936,1.28299,1.28311,1.35,1.35
2013.04.30 20:12:30.477,1.283,1.28312,1.50,1.20
2013.04.30 20:12:30.597,1.28301,1.28313,1.35,1.35
2013.04.30 20:12:31.276,1.28302,1.28314,1.58,1.13
2013.04.30 20:12:31.816,1.28302,1.28315,1.58,1.73
2013.04.30 20:12:32.428,1.28303,1.28315,1.35,1.73
2013.04.30 20:12:32.968,1.28306,1.28315,1.13,1.73
2013.04.30 20:12:33.217,1.28309,1.28322,1.35,1.95
2013.04.30 20:12:33.456,1.28311,1.28325,2.25,1.95
2013.04.30 20:12:33.696,1.28317,1.28329,1.35,1.35
2013.04.30 20:12:33.756,1.28318,1.28332,2.63,1.58
2013.04.30 20:12:34.067,1.28318,1.28333,2.63,2.70
2013.04.30 20:12:34.306,1.28318,1.28331,1.35,1.20
2013.04.30 20:12:35.626,1.28318,1.2833,1.35,1.35
2013.04.30 20:12:37.447,1.28317,1.28329,1.58,1.50
2013.04.30 20:12:38.000,1.28313,1.28327,1.50,1.35
2013.04.30 20:12:45.256,1.28316,1.28329,1.35,2.33
2013.04.30 20:12:45.687,1.28317,1.28329,1.65,1.58
2013.04.30 20:12:45.867,1.28317,1.28331,1.73,1.35
2013.04.30 20:12:46.368,1.2832,1.28334,2.18,1.13
2013.04.30 20:12:46.997,1.28321,1.28334,2.48,1.50
2013.04.30 20:12:47.057,1.2832,1.28333,1.58,1.35
2013.04.30 20:12:47.917,1.28319,1.28331,1.50,1.35
2013.04.30 20:12:48.467,1.2832,1.28333,1.58,2.10
2013.04.30 20:12:49.287,1.28318,1.28332,2.25,1.35
2013.04.30 20:12:50.127,1.2832,1.28334,1.35,1.35
2013.04.30 20:12:50.487,1.2832,1.28334,1.35,1.35
2013.04.30 20:12:51.956,1.2832,1.28334,1.35,1.35
2013.04.30 20:12:52.517,1.28318,1.28332,2.25,1.35
2013.04.30 20:12:58.206,1.28318,1.28332,2.25,2.10
2013.04.30 20:12:58.637,1.28317,1.28331,1.73,2.48
2013.04.30 20:12:58.937,1.28307,1.28323,4.13,1.35
2013.04.30 20:12:58.997,1.28307,1.28322,2.93,2.63
2013.04.30 20:12:59.309,1.28304,1.28319,1.20,1.35
2013.04.30 20:12:59.486,1.28301,1.28317,2.48,1.35
2013.04.30 20:13:00.027,1.28301,1.28315,1.50,1.35
2013.04.30 20:13:00.649,1.283,1.28315,2.18,1.35
2013.04.30 20:13:01.154,1.283,1.28312,1.20,1.73
2013.04.30 20:13:01.518,1.283,1.28314,1.35,2.48
2013.04.30 20:13:01.577,1.28302,1.28315,1.50,1.58
2013.04.30 20:13:01.697,1.28302,1.28317,1.73,1.35
2013.04.30 20:13:01.877,1.28302,1.28317,1.73,2.48
2013.04.30 20:13:02.419,1.28301,1.28315,1.35,1.35
2013.04.30 20:13:02.736,1.28301,1.28315,1.35,1.35
2013.04.30 20:13:03.767,1.28299,1.28314,3.23,1.13
2013.04.30 20:13:04.331,1.28299,1.28311,2.48,1.50
2013.04.30 20:13:04.517,1.28296,1.28309,1.20,1.50
2013.04.30 20:13:04.639,1.28295,1.28309,1.88,1.50
2013.04.30 20:13:04.697,1.28292,1.28308,2.48,1.50
2013.04.30 20:13:05.117,1.28295,1.28309,1.43,2.03
2013.04.30 20:13:05.237,1.28296,1.28309,1.35,1.13
2013.04.30 20:13:05.416,1.28297,1.28308,1.88,1.50
2013.04.30 20:13:06.977,1.28297,1.2831,1.88,1.88
2013.04.30 20:13:08.046,1.28295,1.28308,1.35,1.65
2013.04.30 20:13:08.547,1.28295,1.28308,3.23,1.65
2013.04.30 20:13:09.860,1.28295,1.28309,4.73,1.50
2013.04.30 20:13:09.929,1.28297,1.28311,1.35,1.28
2013.04.30 20:13:09.987,1.28297,1.28311,2.10,1.28
2013.04.30 20:13:10.107,1.28297,1.28311,2.70,1.28
2013.04.30 20:13:10.166,1.28298,1.28311,2.48,1.28
2013.04.30 20:13:10.706,1.28298,1.2831,3.23,1.50
2013.04.30 20:13:12.587,1.283,1.28315,2.10,3.00
2013.04.30 20:13:13.137,1.28302,1.28313,2.48,1.50
2013.04.30 20:13:13.257,1.28302,1.28312,1.20,1.50
2013.04.30 20:13:13.317,1.283,1.28312,2.48,1.50
2013.04.30 20:13:17.617,1.283,1.28312,2.48,1.50
2013.04.30 20:13:20.197,1.28302,1.28314,2.10,1.13
2013.04.30 20:13:20.257,1.28304,1.28314,1.50,1.13
2013.04.30 20:13:20.677,1.28306,1.28316,1.35,1.13
2013.04.30 20:13:26.147,1.28305,1.28316,1.58,1.13
2013.04.30 20:13:26.517,1.28305,1.28319,1.58,2.48
2013.04.30 20:13:27.057,1.28303,1.28316,1.35,1.80
2013.04.30 20:13:27.117,1.28301,1.28316,3.23,2.55
2013.04.30 20:13:27.418,1.28301,1.28309,2.48,1.13
2013.04.30 20:13:27.478,1.28301,1.28309,1.20,1.13
2013.04.30 20:13:27.837,1.28297,1.2831,1.43,2.03
2013.04.30 20:13:28.143,1.28299,1.2831,1.88,1.88
2013.04.30 20:13:28.687,1.28295,1.28307,2.48,2.03
2013.04.30 20:13:29.246,1.28296,1.28307,1.43,1.88
2013.04.30 20:13:29.758,1.28294,1.28307,3.23,1.88
2013.04.30 20:13:30.377,1.28294,1.28307,3.23,1.13
2013.04.30 20:13:30.556,1.28294,1.28307,3.23,1.88
2013.04.30 20:13:30.737,1.28294,1.28307,2.48,2.03
2013.04.30 20:13:30.797,1.28294,1.28307,2.48,1.28
2013.04.30 20:13:30.977,1.28294,1.28307,2.48,1.50
2013.04.30 20:13:31.278,1.28296,1.28307,1.88,1.50
2013.04.30 20:13:32.717,1.28295,1.28307,2.48,1.50
2013.04.30 20:13:33.229,1.28296,1.28307,2.48,1.88
2013.04.30 20:13:33.467,1.28295,1.28307,1.43,1.65
2013.04.30 20:13:33.707,1.28295,1.28304,1.43,1.50
2013.04.30 20:13:34.886,1.28295,1.28304,1.43,1.50
2013.04.30 20:13:36.197,1.28295,1.28307,1.43,1.13
2013.04.30 20:13:36.437,1.28297,1.28309,1.43,1.50
2013.04.30 20:13:36.977,1.28298,1.28307,1.43,1.50
2013.04.30 20:13:40.017,1.28297,1.28309,1.88,1.50
2013.04.30 20:13:40.567,1.28297,1.2831,1.88,1.88
2013.04.30 20:13:40.686,1.28296,1.2831,2.48,1.88
2013.04.30 20:13:41.457,1.28295,1.2831,1.58,4.28
2013.04.30 20:13:42.157,1.28296,1.28309,1.43,1.13
2013.04.30 20:13:42.217,1.28297,1.28309,2.48,1.13
2013.04.30 20:13:42.878,1.28297,1.28309,2.48,1.28
2013.04.30 20:13:43.669,1.28299,1.28309,1.35,1.13
2013.04.30 20:13:43.848,1.283,1.28311,2.18,1.13
2013.04.30 20:13:44.207,1.28304,1.28316,3.23,1.50
2013.04.30 20:13:52.437,1.28303,1.28313,1.88,1.50
2013.04.30 20:13:57.388,1.28303,1.28315,1.88,1.28
2013.04.30 20:13:57.758,1.28305,1.28317,1.88,1.13
2013.04.30 20:13:57.967,1.28305,1.28319,1.88,1.35
2013.04.30 20:13:58.027,1.28307,1.2832,1.50,1.58
2013.04.30 20:13:58.149,1.2831,1.28323,1.50,2.48
2013.04.30 20:13:58.209,1.28311,1.28323,1.50,3.23
2013.04.30 20:13:58.567,1.28309,1.28323,1.35,1.35
2013.04.30 20:13:58.987,1.28312,1.28322,1.35,1.13
2013.04.30 20:13:59.227,1.28306,1.2832,1.80,1.50
2013.04.30 20:13:59.347,1.28306,1.2832,1.80,1.50
2013.04.30 20:13:59.407,1.28306,1.28321,2.55,1.35
2013.04.30 20:13:59.956,1.28306,1.28321,2.55,1.35
2013.04.30 20:14:00.647,1.28306,1.28321,2.33,1.35
2013.04.30 20:14:01.067,1.28308,1.28322,1.43,1.13
2013.04.30 20:14:06.896,1.28306,1.28318,2.63,1.50
2013.04.30 20:14:08.018,1.28304,1.28315,2.63,1.50
2013.04.30 20:14:09.476,1.28306,1.28315,2.48,1.50
2013.04.30 20:14:09.983,1.28306,1.28316,2.48,1.50
2013.04.30 20:14:10.052,1.28304,1.28316,2.63,1.50
2013.04.30 20:14:11.958,1.28306,1.2832,1.35,3.00
2013.04.30 20:14:12.019,1.28309,1.28321,1.88,2.10
2013.04.30 20:14:12.377,1.28314,1.28322,1.88,1.13
2013.04.30 20:14:12.617,1.28316,1.28328,1.35,1.73
2013.04.30 20:14:12.796,1.2832,1.28332,1.43,1.28
2013.04.30 20:14:13.352,1.28318,1.28332,2.48,3.00
2013.04.30 20:14:13.658,1.28316,1.28326,2.03,1.50
2013.04.30 20:14:13.778,1.28304,1.28321,1.50,1.50
2013.04.30 20:14:13.839,1.2831,1.28317,2.10,1.13
2013.04.30 20:14:14.221,1.28299,1.28314,2.85,1.73
2013.04.30 20:14:14.528,1.28298,1.28314,1.43,3.15
2013.04.30 20:14:14.603,1.28301,1.28314,1.88,1.88
2013.04.30 20:14:15.928,1.28299,1.28312,1.88,1.50
2013.04.30 20:14:16.107,1.28301,1.28311,1.88,1.50
2013.04.30 20:14:21.506,1.283,1.2831,1.20,1.50
2013.04.30 20:14:22.018,1.28301,1.28313,1.73,1.35
2013.04.30 20:14:22.527,1.28301,1.28313,1.35,1.35
2013.04.30 20:14:23.258,1.28301,1.28314,1.35,1.95
2013.04.30 20:14:23.376,1.28301,1.28313,1.35,1.35
2013.04.30 20:14:24.383,1.28301,1.28314,3.23,1.50
2013.04.30 20:14:25.186,1.283,1.28314,1.35,2.10
2013.04.30 20:14:30.257,1.28299,1.28312,2.18,1.50
2013.04.30 20:14:30.437,1.28297,1.2831,1.43,1.50
2013.04.30 20:14:30.497,1.28295,1.2831,1.43,2.10
2013.04.30 20:14:31.058,1.28295,1.28308,1.43,1.50
2013.04.30 20:14:31.596,1.28295,1.28308,1.43,1.50
2013.04.30 20:14:32.396,1.28295,1.28309,1.80,1.88
2013.04.30 20:14:33.178,1.28295,1.28307,1.80,1.50
2013.04.30 20:14:33.527,1.28296,1.28311,1.35,1.43
2013.04.30 20:14:34.077,1.28297,1.28312,2.33,2.25
2013.04.30 20:14:35.327,1.28298,1.2831,1.35,2.78
2013.04.30 20:14:35.447,1.28295,1.28308,1.50,3.38
2013.04.30 20:14:35.689,1.28296,1.28308,1.35,1.35
2013.04.30 20:14:35.928,1.28297,1.28311,1.43,2.25
2013.04.30 20:14:36.231,1.283,1.28312,1.35,1.35
2013.04.30 20:14:36.477,1.28299,1.28312,1.58,2.10
2013.04.30 20:14:36.657,1.28296,1.2831,2.63,2.10
2013.04.30 20:14:37.249,1.28296,1.2831,2.63,2.10
2013.04.30 20:14:39.408,1.28296,1.2831,2.63,2.10
2013.04.30 20:14:40.286,1.28295,1.28309,2.48,2.10
2013.04.30 20:14:40.651,1.28295,1.28309,2.48,1.35
2013.04.30 20:14:40.837,1.28299,1.28311,1.35,1.50
2013.04.30 20:14:41.376,1.283,1.28312,1.35,1.35
2013.04.30 20:14:44.267,1.283,1.28314,3.23,2.10
2013.04.30 20:14:47.616,1.28302,1.28316,2.48,2.10
2013.04.30 20:15:01.607,1.28304,1.28315,1.20,1.50
2013.04.30 20:15:02.147,1.28302,1.28317,2.55,2.25
2013.04.30 20:15:02.507,1.28302,1.28317,1.43,2.25
2013.04.30 20:15:02.847,1.28304,1.28316,2.48,1.65
2013.04.30 20:15:03.027,1.28302,1.28316,1.58,1.65
2013.04.30 20:15:03.403,1.28302,1.28315,1.58,1.50
2013.04.30 20:15:05.677,1.28304,1.28317,1.88,1.50
2013.04.30 20:15:05.737,1.28303,1.28317,2.70,1.35
2013.04.30 20:15:05.917,1.28306,1.28318,1.88,1.50
2013.04.30 20:15:16.907,1.28306,1.2832,3.98,2.10
2013.04.30 20:15:16.967,1.28306,1.2832,3.98,2.10
2013.04.30 20:15:17.028,1.28307,1.2832,1.58,2.10
2013.04.30 20:15:17.387,1.2831,1.2832,1.88,1.50
2013.04.30 20:15:20.987,1.28308,1.28318,1.88,1.50
2013.04.30 20:15:24.106,1.28309,1.28319,1.88,1.50
2013.04.30 20:15:29.346,1.28308,1.28319,1.43,1.50
2013.04.30 20:15:50.608,1.28309,1.28321,1.35,1.50
2013.04.30 20:15:51.150,1.28309,1.28321,2.10,1.50
2013.04.30 20:15:57.187,1.2831,1.28321,1.35,1.50
2013.04.30 20:15:57.427,1.28306,1.28319,4.13,1.50
2013.04.30 20:15:57.607,1.28306,1.28318,2.25,1.35
2013.04.30 20:15:57.787,1.28306,1.28319,3.53,1.50
2013.04.30 20:15:58.147,1.28306,1.28318,2.78,1.50
2013.04.30 20:15:58.267,1.28305,1.28318,2.33,1.50
2013.04.30 20:15:58.509,1.28303,1.28316,2.10,1.35
2013.04.30 20:15:59.055,1.28303,1.28316,1.50,2.10
2013.04.30 20:16:00.386,1.28302,1.28315,1.35,1.50
2013.04.30 20:16:01.217,1.28303,1.28315,2.63,1.50
2013.04.30 20:16:02.597,1.28305,1.2832,1.43,1.88
2013.04.30 20:16:03.136,1.28305,1.28317,1.35,2.10
2013.04.30 20:16:03.437,1.28307,1.28321,2.85,1.88
2013.04.30 20:16:03.556,1.28309,1.28323,1.35,2.25
2013.04.30 20:16:04.648,1.28309,1.28322,2.10,1.50
2013.04.30 20:16:05.187,1.28309,1.28322,1.35,1.50
2013.04.30 20:16:05.568,1.28309,1.28322,1.35,1.50
2013.04.30 20:16:05.807,1.28309,1.28322,1.35,1.50
2013.04.30 20:16:06.317,1.28309,1.28322,2.10,1.50
2013.04.30 20:16:06.859,1.28309,1.28322,1.35,1.50
2013.04.30 20:16:08.468,1.28309,1.28322,1.35,1.50
2013.04.30 20:16:08.526,1.28309,1.28322,2.10,1.50
2013.04.30 20:16:11.398,1.28309,1.28322,1.35,1.50
2013.04.30 20:16:11.517,1.28308,1.28321,1.58,1.50
2013.04.30 20:16:12.178,1.2831,1.28322,2.48,1.50
2013.04.30 20:16:12.297,1.2831,1.28322,2.48,1.50
2013.04.30 20:16:12.841,1.28309,1.28322,1.35,1.50
2013.04.30 20:16:13.557,1.28309,1.28323,3.98,2.25
2013.04.30 20:16:14.097,1.28311,1.28322,1.43,1.50
2013.04.30 20:16:14.640,1.28311,1.28322,1.43,1.50
2013.04.30 20:16:14.937,1.28309,1.28324,2.18,1.50
2013.04.30 20:16:15.057,1.2831,1.28323,2.48,1.65
2013.04.30 20:16:15.588,1.28309,1.28323,3.08,1.65
2013.04.30 20:16:15.647,1.28311,1.28323,1.88,1.65
2013.04.30 20:16:16.087,1.28309,1.28323,3.23,2.25
2013.04.30 20:16:16.388,1.28312,1.2832,2.48,1.50
2013.04.30 20:16:16.927,1.2831,1.2832,2.48,1.50
2013.04.30 20:16:19.094,1.2831,1.28318,2.48,1.50
2013.04.30 20:16:19.779,1.2831,1.28322,2.48,1.13
2013.04.30 20:16:20.417,1.28312,1.28322,1.58,1.13
2013.04.30 20:16:20.477,1.28313,1.28326,2.25,1.13
2013.04.30 20:16:20.537,1.28317,1.2833,1.88,1.35
2013.04.30 20:16:20.717,1.28319,1.28332,2.48,1.28
2013.04.30 20:16:21.078,1.2832,1.28336,1.43,1.73
2013.04.30 20:16:21.138,1.2832,1.28337,2.18,1.58
2013.04.30 20:16:21.197,1.28322,1.28338,1.35,2.10
2013.04.30 20:16:21.498,1.28331,1.2834,1.88,1.13
2013.04.30 20:16:22.297,1.28331,1.28344,1.88,2.40
2013.04.30 20:16:22.477,1.28329,1.28341,1.43,2.25
2013.04.30 20:16:23.087,1.28329,1.28341,1.43,2.33
2013.04.30 20:16:23.447,1.28329,1.28342,1.43,1.58
2013.04.30 20:16:23.507,1.2833,1.28343,1.35,1.13
2013.04.30 20:16:23.928,1.2833,1.28346,3.38,2.10
2013.04.30 20:16:24.288,1.28333,1.28347,2.48,1.50
2013.04.30 20:16:24.707,1.28333,1.28344,2.48,1.50
2013.04.30 20:16:25.248,1.28332,1.28348,2.48,1.50
2013.04.30 20:16:25.759,1.28331,1.28345,1.88,1.50
2013.04.30 20:16:27.421,1.2833,1.28344,1.95,1.35
2013.04.30 20:16:27.778,1.28329,1.28343,1.35,2.63
2013.04.30 20:16:29.339,1.28327,1.28341,1.35,1.35
2013.04.30 20:16:29.767,1.28325,1.28338,1.73,1.88
2013.04.30 20:16:30.327,1.28321,1.28336,1.35,1.43
2013.04.30 20:16:32.477,1.28324,1.28336,1.35,1.20
2013.04.30 20:16:32.777,1.28325,1.28339,1.35,1.43
2013.04.30 20:16:33.083,1.28322,1.28336,1.50,1.88
2013.04.30 20:16:33.318,1.28323,1.28337,1.50,1.20
2013.04.30 20:16:38.638,1.28328,1.28338,1.13,1.43
2013.04.30 20:16:38.818,1.28331,1.28346,2.48,1.43
2013.04.30 20:16:38.997,1.28334,1.28349,1.43,1.35
2013.04.30 20:16:39.537,1.28333,1.28347,1.58,1.58
2013.04.30 20:16:40.137,1.28334,1.28348,1.88,1.35
2013.04.30 20:16:41.336,1.28333,1.28347,2.48,1.35
2013.04.30 20:16:46.529,1.28333,1.28347,2.10,2.10
2013.04.30 20:16:46.588,1.28333,1.28346,2.33,1.35
2013.04.30 20:16:47.307,1.28334,1.28348,1.58,1.50
2013.04.30 20:16:47.641,1.28335,1.28349,1.35,1.35
2013.04.30 20:16:47.878,1.2834,1.28353,1.88,1.35
2013.04.30 20:16:48.057,1.28344,1.28357,1.88,1.13
2013.04.30 20:16:48.187,1.28345,1.28359,1.58,1.58
2013.04.30 20:16:51.877,1.28343,1.28356,1.58,1.35
2013.04.30 20:16:52.408,1.28344,1.28356,1.35,1.35
2013.04.30 20:16:53.387,1.28343,1.28356,1.58,2.10
2013.04.30 20:16:53.928,1.28341,1.28356,2.10,2.18
2013.04.30 20:16:55.458,1.28343,1.28356,1.35,1.35
2013.04.30 20:16:55.816,1.28343,1.28359,3.98,2.25
2013.04.30 20:16:56.677,1.28343,1.28357,1.35,1.35
2013.04.30 20:16:56.858,1.28342,1.28356,2.10,2.63
2013.04.30 20:16:57.217,1.2834,1.28353,1.65,1.88
2013.04.30 20:16:57.377,1.2834,1.28354,2.25,1.20
2013.04.30 20:16:57.627,1.2834,1.28356,2.25,3.23
2013.04.30 20:16:57.687,1.2834,1.28356,2.25,3.23
2013.04.30 20:16:58.928,1.28342,1.28356,1.50,3.23
2013.04.30 20:16:59.107,1.28338,1.28354,2.70,1.88
2013.04.30 20:16:59.467,1.28338,1.28351,1.50,1.88
2013.04.30 20:17:00.267,1.28339,1.28352,1.50,1.35
2013.04.30 20:17:00.447,1.28339,1.28351,1.50,1.88
2013.04.30 20:17:02.717,1.28338,1.28352,1.35,1.20
2013.04.30 20:17:03.842,1.28338,1.28352,1.35,1.35
2013.04.30 20:17:03.979,1.28338,1.28352,1.35,1.20
2013.04.30 20:17:04.037,1.28336,1.28352,1.88,2.48
2013.04.30 20:17:04.157,1.28338,1.28353,1.35,1.58
2013.04.30 20:17:04.459,1.28338,1.28353,1.35,2.33
2013.04.30 20:17:04.757,1.28338,1.28352,1.35,2.25
2013.04.30 20:17:05.064,1.28336,1.2835,1.73,2.10
2013.04.30 20:17:05.487,1.28337,1.2835,2.25,1.35
2013.04.30 20:17:05.869,1.28333,1.28348,3.00,1.43
2013.04.30 20:17:06.047,1.28335,1.28351,1.50,3.23
2013.04.30 20:17:06.168,1.28333,1.28348,2.48,1.43
2013.04.30 20:17:06.598,1.28338,1.2835,1.35,1.35
2013.04.30 20:17:07.157,1.28337,1.28349,1.35,1.35
2013.04.30 20:17:07.357,1.28337,1.28349,1.35,1.35
2013.04.30 20:17:07.898,1.28336,1.2835,2.10,1.35
2013.04.30 20:17:09.697,1.28337,1.28351,2.63,2.10
2013.04.30 20:17:10.278,1.28337,1.28351,1.88,1.35
2013.04.30 20:17:10.457,1.28336,1.28349,1.13,1.35
2013.04.30 20:17:10.997,1.28336,1.2835,3.60,2.10
2013.04.30 20:17:13.177,1.28337,1.28351,1.35,1.35
2013.04.30 20:17:13.753,1.28333,1.28344,2.25,1.50
2013.04.30 20:17:13.842,1.28325,1.28339,1.35,1.88
2013.04.30 20:17:14.398,1.28323,1.28338,1.73,2.63
2013.04.30 20:17:14.577,1.28323,1.28337,1.73,3.23
2013.04.30 20:17:14.878,1.28324,1.28337,1.50,3.23
2013.04.30 20:17:14.938,1.28325,1.28339,1.58,1.50
2013.04.30 20:17:15.446,1.28325,1.28337,1.58,1.50
2013.04.30 20:17:15.648,1.28326,1.2834,1.35,1.35
2013.04.30 20:17:16.188,1.28327,1.2834,2.10,1.35
2013.04.30 20:17:16.247,1.28327,1.28341,3.98,1.35
2013.04.30 20:17:16.617,1.28327,1.28341,2.63,1.95
2013.04.30 20:17:16.677,1.28327,1.28339,1.35,1.35
2013.04.30 20:17:16.737,1.28327,1.28339,1.35,1.35
2013.04.30 20:17:17.277,1.28323,1.28337,1.58,1.50
2013.04.30 20:17:17.461,1.28322,1.28337,2.63,1.50
2013.04.30 20:17:18.007,1.28322,1.28335,3.00,1.50
2013.04.30 20:17:18.308,1.28314,1.28328,1.88,1.50
2013.04.30 20:17:18.368,1.28313,1.28326,1.43,1.35
2013.04.30 20:17:20.107,1.28312,1.28326,2.48,2.10
2013.04.30 20:17:22.538,1.28312,1.28324,2.48,1.50
2013.04.30 20:17:30.918,1.28312,1.28324,2.48,1.50
2013.04.30 20:17:31.217,1.2831,1.28324,1.43,1.65
2013.04.30 20:17:31.777,1.2831,1.28325,1.43,2.10
2013.04.30 20:17:31.957,1.28311,1.28324,2.48,1.50
2013.04.30 20:17:33.028,1.28311,1.28324,3.23,1.58
2013.04.30 20:17:33.267,1.28307,1.28321,1.73,1.73
2013.04.30 20:17:35.174,1.28307,1.28322,1.73,1.80
2013.04.30 20:17:35.239,1.2831,1.28323,1.35,1.20
2013.04.30 20:17:35.668,1.2831,1.28323,2.10,1.20
2013.04.30 20:17:36.958,1.28306,1.28321,1.43,2.85
2013.04.30 20:17:37.077,1.28305,1.2832,2.33,2.70
2013.04.30 20:17:37.617,1.28305,1.2832,2.10,2.33
2013.04.30 20:17:39.455,1.28305,1.2832,2.10,2.33
2013.04.30 20:17:40.097,1.28307,1.28321,2.63,2.55
2013.04.30 20:17:40.281,1.28308,1.28321,1.58,1.50
2013.04.30 20:17:42.447,1.28308,1.28321,1.58,1.50
2013.04.30 20:17:43.017,1.28307,1.28319,1.73,1.35
2013.04.30 20:17:43.877,1.28307,1.28319,1.73,1.35
2013.04.30 20:17:44.238,1.28309,1.28322,2.48,1.13
2013.04.30 20:17:44.300,1.28307,1.28322,3.23,1.13
2013.04.30 20:17:44.837,1.28308,1.28323,2.10,2.10
2013.04.30 20:17:45.607,1.2831,1.28325,1.88,3.23
2013.04.30 20:17:45.729,1.2831,1.28323,1.88,1.35
2013.04.30 20:17:46.337,1.28311,1.28324,1.58,1.35
2013.04.30 20:17:47.897,1.28312,1.28326,1.73,3.38
2013.04.30 20:17:48.270,1.28312,1.28326,2.48,2.63
2013.04.30 20:17:48.339,1.28314,1.28327,1.20,2.10
2013.04.30 20:17:52.737,1.28313,1.28327,2.48,2.10
2013.04.30 20:17:53.517,1.28312,1.28326,2.10,1.35
2013.04.30 20:17:54.026,1.28313,1.28326,1.13,2.10
2013.04.30 20:17:54.701,1.28311,1.28325,2.10,1.50
2013.04.30 20:17:55.117,1.2831,1.28324,2.25,2.10
2013.04.30 20:17:55.462,1.28311,1.28324,2.03,1.50
2013.04.30 20:17:55.769,1.28308,1.2832,1.13,1.88
2013.04.30 20:17:55.829,1.28309,1.28322,1.13,3.23
2013.04.30 20:17:55.948,1.2831,1.28323,2.25,1.58
2013.04.30 20:17:56.068,1.2831,1.28324,3.38,1.35
2013.04.30 20:17:56.667,1.28312,1.28326,1.73,3.23
2013.04.30 20:17:56.848,1.28313,1.28328,2.85,2.10
2013.04.30 20:17:56.908,1.28315,1.28329,2.48,2.10
2013.04.30 20:17:59.567,1.28317,1.28329,1.20,1.35
2013.04.30 20:18:00.097,1.28318,1.28331,1.88,1.50
2013.04.30 20:18:01.058,1.28318,1.28331,3.23,1.50
2013.04.30 20:18:03.977,1.28317,1.28332,1.43,1.50
2013.04.30 20:18:04.157,1.28318,1.28331,3.23,1.50
2013.04.30 20:18:04.699,1.28317,1.28331,2.48,1.35
2013.04.30 20:18:05.277,1.28319,1.28331,2.48,1.50
2013.04.30 20:18:06.927,1.28319,1.28332,3.60,1.65
2013.04.30 20:18:07.287,1.28322,1.28333,2.48,1.50
2013.04.30 20:18:07.648,1.28322,1.28333,1.20,1.50
2013.04.30 20:18:18.007,1.2832,1.28333,2.85,1.65
2013.04.30 20:18:18.187,1.28319,1.28331,1.20,1.50
2013.04.30 20:18:21.107,1.2832,1.28332,1.35,1.58
2013.04.30 20:18:21.167,1.28321,1.28332,1.88,1.58
2013.04.30 20:18:21.587,1.2832,1.28332,1.58,1.65
2013.04.30 20:18:22.151,1.2832,1.28332,1.35,1.65
2013.04.30 20:18:22.817,1.28318,1.28331,3.98,1.65
2013.04.30 20:18:25.737,1.28318,1.2833,3.98,1.13
2013.04.30 20:18:25.857,1.28318,1.28332,3.23,1.65
2013.04.30 20:18:29.027,1.28319,1.28331,1.58,1.13
2013.04.30 20:18:29.147,1.28318,1.28332,3.60,1.05
2013.04.30 20:18:38.348,1.2832,1.28333,1.35,1.13
2013.04.30 20:18:38.727,1.2832,1.28331,1.35,1.35
2013.04.30 20:18:38.967,1.28317,1.28331,2.63,1.35
2013.04.30 20:18:39.087,1.28319,1.28332,2.48,1.65
2013.04.30 20:18:39.747,1.28317,1.28332,2.33,2.48
2013.04.30 20:18:40.313,1.28317,1.28331,2.10,2.85
2013.04.30 20:18:48.387,1.28317,1.28332,2.93,2.33
2013.04.30 20:18:50.228,1.28317,1.28331,1.35,1.95
2013.04.30 20:18:50.407,1.28314,1.28328,2.33,1.50
2013.04.30 20:18:50.997,1.28315,1.28329,2.63,2.48
2013.04.30 20:18:58.207,1.28316,1.2833,3.45,1.95
2013.04.30 20:18:58.808,1.28316,1.28329,2.70,1.73
2013.04.30 20:18:58.987,1.28314,1.28328,2.33,1.50
2013.04.30 20:19:01.028,1.28314,1.28328,1.35,1.50
2013.04.30 20:19:04.456,1.28314,1.28327,1.35,1.65
2013.04.30 20:19:05.197,1.28314,1.28328,1.35,2.25
2013.04.30 20:19:05.818,1.28314,1.28327,1.35,1.65
2013.04.30 20:19:11.152,1.28314,1.28327,2.48,1.50
2013.04.30 20:19:13.078,1.28314,1.28327,1.73,1.50
2013.04.30 20:19:13.199,1.28312,1.28322,1.35,1.13
2013.04.30 20:19:13.258,1.2831,1.28322,1.80,1.13
2013.04.30 20:19:13.318,1.28309,1.2832,1.50,1.50
2013.04.30 20:19:13.378,1.28308,1.28319,1.20,2.25
2013.04.30 20:19:13.439,1.28304,1.28316,2.55,1.35
2013.04.30 20:19:20.259,1.28305,1.28319,2.10,2.10
2013.04.30 20:19:20.617,1.28305,1.28317,1.13,1.35
2013.04.30 20:19:23.577,1.28306,1.28319,1.88,3.98
2013.04.30 20:19:23.757,1.28311,1.28324,1.50,1.43
2013.04.30 20:19:24.314,1.2831,1.28324,1.73,1.35
2013.04.30 20:19:27.030,1.28311,1.28324,1.50,1.35
2013.04.30 20:19:27.218,1.28309,1.28324,3.30,1.35
2013.04.30 20:19:27.337,1.28309,1.28322,1.35,1.58
2013.04.30 20:19:27.638,1.28306,1.28319,2.48,1.58
2013.04.30 20:19:30.699,1.28306,1.28318,1.73,1.35
2013.04.30 20:19:30.878,1.28306,1.28319,2.63,1.58
2013.04.30 20:19:31.417,1.28307,1.28321,1.35,1.35
2013.04.30 20:19:33.508,1.28308,1.28321,1.13,1.35
2013.04.30 20:19:33.627,1.28306,1.28321,2.33,1.35
2013.04.30 20:19:36.917,1.28305,1.28318,2.48,1.50
2013.04.30 20:19:37.097,1.28303,1.28317,1.35,1.35
2013.04.30 20:19:37.957,1.28303,1.28315,2.10,1.13
2013.04.30 20:19:38.318,1.28306,1.28318,2.10,1.35
2013.04.30 20:19:38.378,1.28306,1.28319,2.10,2.33
2013.04.30 20:19:42.457,1.28305,1.28318,1.65,2.63
2013.04.30 20:19:42.638,1.28306,1.28318,1.50,1.35
2013.04.30 20:19:49.927,1.28306,1.28318,1.73,1.35
2013.04.30 20:19:50.063,1.28307,1.28322,3.08,2.63
2013.04.30 20:19:50.129,1.28308,1.28322,2.48,2.85
2013.04.30 20:19:50.308,1.28306,1.28319,1.50,1.35
2013.04.30 20:19:52.268,1.28305,1.28319,1.35,1.35
2013.04.30 20:19:52.388,1.28305,1.28319,1.35,1.20
2013.04.30 20:19:52.448,1.28303,1.28319,1.50,2.48
2013.04.30 20:19:52.987,1.28303,1.28316,1.58,1.35
2013.04.30 20:19:53.167,1.28303,1.28316,1.58,1.35
2013.04.30 20:19:54.938,1.28303,1.28316,1.58,1.35
2013.04.30 20:19:55.140,1.28303,1.28317,1.58,1.58
2013.04.30 20:19:55.257,1.28303,1.28316,1.58,1.35
2013.04.30 20:19:56.449,1.28304,1.28316,1.35,1.35
2013.04.30 20:19:57.017,1.28302,1.28315,2.25,1.35
2013.04.30 20:20:00.017,1.28302,1.28315,2.25,1.35
2013.04.30 20:20:00.417,1.28302,1.28316,1.50,1.43
2013.04.30 20:20:01.027,1.28304,1.28318,1.35,2.63
2013.04.30 20:20:02.037,1.28306,1.28319,1.35,1.73
2013.04.30 20:20:02.541,1.28307,1.28321,1.58,1.20
2013.04.30 20:20:03.663,1.28306,1.2832,2.63,2.10
2013.04.30 20:20:04.699,1.28306,1.28319,2.10,1.73
2013.04.30 20:20:09.878,1.28305,1.28318,1.58,1.35
2013.04.30 20:20:10.237,1.28302,1.28316,2.10,1.35
2013.04.30 20:20:10.358,1.28302,1.28316,1.35,1.35
2013.04.30 20:20:10.418,1.28302,1.28317,1.35,1.80
2013.04.30 20:20:11.257,1.283,1.28315,1.35,2.33
2013.04.30 20:20:12.318,1.283,1.28315,1.35,2.33
2013.04.30 20:20:12.498,1.283,1.28314,1.35,1.50
2013.04.30 20:20:14.463,1.283,1.28314,1.35,1.50
2013.04.30 20:20:14.648,1.283,1.28314,2.10,1.50
2013.04.30 20:20:14.948,1.28299,1.28313,1.35,1.88
2013.04.30 20:20:16.437,1.28299,1.28312,1.35,1.58
2013.04.30 20:20:16.989,1.283,1.28314,1.35,1.50
2013.04.30 20:20:17.498,1.28302,1.28313,1.50,3.23
2013.04.30 20:20:17.618,1.28302,1.28315,2.33,1.35
2013.04.30 20:20:20.318,1.28302,1.28315,2.33,1.35
2013.04.30 20:20:20.678,1.28302,1.28316,2.48,1.35
2013.04.30 20:20:31.007,1.28302,1.28316,2.10,1.35
2013.04.30 20:20:31.547,1.28303,1.28315,1.35,1.35
2013.04.30 20:20:32.088,1.28303,1.28315,1.35,1.35
2013.04.30 20:20:35.878,1.28301,1.28314,2.48,1.50
2013.04.30 20:20:35.938,1.28299,1.28313,4.73,1.35
2013.04.30 20:20:36.118,1.28299,1.28311,1.95,1.35
2013.04.30 20:20:36.777,1.28299,1.28312,1.58,1.50
2013.04.30 20:20:37.838,1.283,1.28312,1.35,1.50
2013.04.30 20:20:38.018,1.28297,1.2831,3.08,1.50
2013.04.30 20:20:40.417,1.28298,1.28312,2.85,1.35
2013.04.30 20:20:40.479,1.28299,1.28312,1.13,1.35
2013.04.30 20:20:40.898,1.28301,1.28313,3.23,1.50
2013.04.30 20:20:41.417,1.28302,1.28315,2.33,2.10
2013.04.30 20:20:41.957,1.28303,1.28316,2.18,2.63
2013.04.30 20:20:42.528,1.28303,1.28316,2.18,2.25
2013.04.30 20:20:51.037,1.28304,1.28316,1.35,1.50
2013.04.30 20:20:51.997,1.28303,1.28316,2.55,2.25
2013.04.30 20:20:52.555,1.28303,1.28315,1.35,1.35
2013.04.30 20:20:56.618,1.28303,1.28314,1.88,1.50
2013.04.30 20:21:06.968,1.28304,1.28316,1.58,1.50
2013.04.30 20:21:07.208,1.28299,1.28312,1.35,2.33
2013.04.30 20:21:07.683,1.28301,1.28314,1.35,1.50
2013.04.30 20:21:07.987,1.28304,1.28316,1.88,2.40
2013.04.30 20:21:08.409,1.28302,1.28316,2.18,2.40
2013.04.30 20:21:12.128,1.28301,1.28313,2.10,1.50
2013.04.30 20:21:14.149,1.28298,1.28306,2.03,1.50
2013.04.30 20:21:14.208,1.283,1.28309,1.35,2.25
2013.04.30 20:21:14.268,1.28299,1.28312,1.58,3.75
2013.04.30 20:21:14.328,1.28299,1.28311,1.58,1.65
2013.04.30 20:21:14.388,1.28295,1.28306,1.73,1.50
2013.04.30 20:21:14.508,1.28293,1.28306,2.48,1.50
2013.04.30 20:21:14.659,1.28292,1.28304,2.55,1.50
2013.04.30 20:21:15.179,1.2829,1.28302,4.35,1.50
2013.04.30 20:21:15.768,1.28292,1.28302,1.35,1.50
2013.04.30 20:21:16.418,1.28292,1.28302,1.35,1.50
2013.04.30 20:21:19.787,1.28292,1.28302,1.35,1.50
2013.04.30 20:21:20.158,1.2829,1.28299,2.85,2.25
2013.04.30 20:21:20.278,1.28289,1.28302,2.03,2.25
2013.04.30 20:21:20.399,1.28287,1.283,2.93,1.50
2013.04.30 20:21:20.518,1.28289,1.283,2.63,1.50
2013.04.30 20:21:20.828,1.28291,1.28303,2.48,2.25
2013.04.30 20:21:22.978,1.28288,1.28302,1.35,2.25
2013.04.30 20:21:23.308,1.28293,1.28304,2.48,3.00
2013.04.30 20:21:23.668,1.28292,1.28302,1.35,2.33
2013.04.30 20:21:24.208,1.28291,1.28302,1.58,1.65
2013.04.30 20:21:26.270,1.2829,1.28302,2.63,2.40
2013.04.30 20:21:26.389,1.28289,1.28302,1.35,2.40
2013.04.30 20:21:26.928,1.28288,1.283,2.33,1.65
2013.04.30 20:21:33.577,1.2829,1.283,1.43,1.50
2013.04.30 20:21:35.434,1.28289,1.283,1.58,1.35
2013.04.30 20:21:35.738,1.2829,1.28302,1.88,1.50
2013.04.30 20:21:46.528,1.28289,1.28302,2.93,2.10
2013.04.30 20:21:49.799,1.28289,1.28302,2.63,2.25
2013.04.30 20:21:49.978,1.2829,1.28302,1.58,1.50
2013.04.30 20:21:50.099,1.28292,1.28303,1.88,1.50
2013.04.30 20:21:50.638,1.28292,1.28303,1.88,1.50
2013.04.30 20:21:51.228,1.28292,1.28303,1.88,1.50
2013.04.30 20:21:51.468,1.2829,1.28303,3.23,1.50
2013.04.30 20:21:51.528,1.28292,1.28303,2.48,1.50
2013.04.30 20:21:51.768,1.28292,1.28303,2.48,1.50
2013.04.30 20:21:51.988,1.28292,1.28303,2.48,1.50
2013.04.30 20:21:52.600,1.28292,1.28301,2.48,1.50
2013.04.30 20:21:52.718,1.28289,1.283,1.73,1.50
2013.04.30 20:21:53.649,1.28289,1.283,1.88,1.50
2013.04.30 20:21:55.389,1.28288,1.283,1.58,1.50
2013.04.30 20:21:55.628,1.2829,1.28302,1.58,2.25
2013.04.30 20:21:55.966,1.28291,1.28302,1.88,2.25
2013.04.30 20:21:56.390,1.2829,1.28302,1.58,2.25
2013.04.30 20:21:56.939,1.28289,1.283,1.88,1.50
2013.04.30 20:21:56.999,1.28287,1.283,3.38,1.50
2013.04.30 20:21:57.508,1.28287,1.283,3.38,1.50
2013.04.30 20:21:57.948,1.28286,1.283,2.10,2.10
2013.04.30 20:22:00.519,1.28286,1.283,2.10,2.10
2013.04.30 20:22:00.829,1.28286,1.28298,1.50,2.63
2013.04.30 20:22:05.156,1.28287,1.28298,1.50,1.35
2013.04.30 20:22:06.338,1.28284,1.28299,2.10,3.45
2013.04.30 20:22:08.288,1.28285,1.28299,1.35,2.18
2013.04.30 20:22:10.378,1.28288,1.28301,3.00,1.35
2013.04.30 20:22:10.558,1.28294,1.28306,1.50,4.50
2013.04.30 20:22:11.071,1.28292,1.28306,1.50,4.50
2013.04.30 20:22:11.189,1.28292,1.28304,1.50,1.35
2013.04.30 20:22:11.249,1.28288,1.28299,2.48,1.50
2013.04.30 20:22:11.368,1.28283,1.28298,1.73,1.58
2013.04.30 20:22:11.428,1.28282,1.28299,2.33,4.13
2013.04.30 20:22:11.608,1.28284,1.28299,1.50,4.88
2013.04.30 20:22:12.198,1.28283,1.28299,2.10,4.88
2013.04.30 20:22:12.748,1.28283,1.28297,2.10,1.35
2013.04.30 20:22:13.988,1.28284,1.28297,2.10,1.58
2013.04.30 20:22:14.347,1.28284,1.28298,2.10,1.88
2013.04.30 20:22:16.054,1.28284,1.28297,2.10,1.58
2013.04.30 20:22:18.410,1.28284,1.28298,2.48,1.88
2013.04.30 20:22:18.708,1.28286,1.28299,1.35,2.33
2013.04.30 20:22:19.248,1.28287,1.283,1.35,1.65
2013.04.30 20:22:20.028,1.28287,1.28301,1.35,2.18
2013.04.30 20:22:21.828,1.28286,1.28299,1.35,1.73
2013.04.30 20:22:24.029,1.28284,1.283,2.85,2.63
2013.04.30 20:22:24.838,1.28286,1.283,1.35,2.63
2013.04.30 20:22:30.701,1.28285,1.283,1.20,2.63
2013.04.30 20:22:31.260,1.28286,1.283,1.35,2.63
2013.04.30 20:22:31.826,1.28286,1.283,1.35,2.63
2013.04.30 20:22:33.808,1.28286,1.283,1.35,2.63
2013.04.30 20:22:34.518,1.28288,1.283,1.50,2.63
2013.04.30 20:22:35.055,1.28289,1.283,2.25,2.63
2013.04.30 20:22:35.358,1.28289,1.28298,2.25,2.48
2013.04.30 20:22:35.418,1.28289,1.283,2.25,1.73
2013.04.30 20:22:36.468,1.28289,1.28302,1.50,4.73
2013.04.30 20:22:40.239,1.28289,1.28303,1.50,2.63
2013.04.30 20:22:40.748,1.2829,1.28303,1.50,2.63
2013.04.30 20:22:42.684,1.2829,1.28301,1.50,1.88
2013.04.30 20:22:42.755,1.28289,1.28301,1.50,2.03
2013.04.30 20:22:43.340,1.28289,1.28301,2.25,1.95
2013.04.30 20:22:44.909,1.28289,1.28301,2.25,1.95
2013.04.30 20:22:47.978,1.28289,1.28303,2.63,1.95
2013.04.30 20:22:48.161,1.28291,1.28304,1.65,2.70
2013.04.30 20:22:48.578,1.28291,1.28306,2.25,1.58
2013.04.30 20:22:49.218,1.28291,1.28307,2.25,3.38
2013.04.30 20:22:49.398,1.28291,1.28305,1.65,1.88
2013.04.30 20:22:51.508,1.28291,1.28305,1.65,1.88
2013.04.30 20:22:54.808,1.28289,1.28303,2.85,1.35
2013.04.30 20:22:54.928,1.28288,1.28303,1.58,2.10
2013.04.30 20:22:55.432,1.28286,1.283,1.88,1.58
2013.04.30 20:22:55.628,1.28286,1.283,1.50,1.58
2013.04.30 20:22:56.558,1.28286,1.283,1.50,1.58
2013.04.30 20:22:58.228,1.28286,1.28301,1.50,2.10
2013.04.30 20:23:01.368,1.28286,1.28301,1.50,2.10
2013.04.30 20:23:07.123,1.28286,1.28299,1.50,1.50
2013.04.30 20:23:12.908,1.28286,1.28301,1.50,1.35
2013.04.30 20:23:13.638,1.28288,1.28303,1.28,2.85
2013.04.30 20:23:13.818,1.28287,1.28303,1.50,2.10
2013.04.30 20:23:14.335,1.28287,1.28301,1.50,1.50
2013.04.30 20:23:14.579,1.28286,1.283,2.33,1.50
2013.04.30 20:23:14.699,1.28282,1.28298,1.50,1.88
2013.04.30 20:23:15.241,1.28283,1.28299,1.50,1.35
2013.04.30 20:23:15.428,1.28284,1.28299,1.50,2.10
2013.04.30 20:23:15.980,1.28284,1.28299,1.65,2.10
2013.04.30 20:23:16.509,1.28286,1.283,1.50,1.50
2013.04.30 20:23:16.838,1.28286,1.28301,1.50,1.35
2013.04.30 20:23:17.517,1.28288,1.28302,1.50,1.35
2013.04.30 20:23:18.148,1.28286,1.28301,1.88,1.35
2013.04.30 20:23:26.969,1.28286,1.283,1.50,1.50
2013.04.30 20:23:31.308,1.28287,1.283,1.13,1.50
2013.04.30 20:23:31.428,1.28285,1.28299,1.50,1.50
2013.04.30 20:23:31.609,1.28279,1.28293,1.28,1.50
2013.04.30 20:23:31.849,1.28278,1.28291,1.58,1.50
2013.04.30 20:23:32.359,1.28277,1.28292,1.35,2.10
2013.04.30 20:23:34.568,1.28279,1.28292,1.13,2.10
2013.04.30 20:23:35.108,1.28279,1.28292,1.80,1.50
2013.04.30 20:23:35.699,1.28279,1.28292,1.80,1.50
2013.04.30 20:23:36.461,1.28279,1.28291,1.13,1.35
2013.04.30 20:23:43.058,1.28279,1.28291,1.13,1.35
2013.04.30 20:23:43.859,1.28279,1.28292,1.80,1.50
2013.04.30 20:23:44.409,1.28279,1.28292,1.73,1.50
2013.04.30 20:23:44.648,1.28279,1.28291,1.13,1.35
2013.04.30 20:23:44.948,1.28279,1.28291,1.13,1.35
2013.04.30 20:23:49.728,1.28278,1.28291,1.13,1.73
2013.04.30 20:23:52.909,1.28278,1.2829,1.20,1.50
2013.04.30 20:23:52.969,1.28278,1.28289,1.20,2.48
2013.04.30 20:23:53.334,1.28278,1.28287,1.20,1.88
2013.04.30 20:23:55.006,1.28276,1.28287,1.65,1.88
2013.04.30 20:23:55.368,1.28279,1.28287,1.20,1.88
2013.04.30 20:23:56.789,1.28278,1.28287,1.13,1.88
2013.04.30 20:24:00.520,1.28279,1.28287,1.13,1.28
2013.04.30 20:24:06.888,1.28276,1.28287,1.05,1.88
2013.04.30 20:24:07.448,1.28274,1.28287,1.88,2.63
2013.04.30 20:24:13.361,1.28275,1.28288,2.78,1.43
2013.04.30 20:24:14.718,1.28276,1.28288,1.13,1.43
2013.04.30 20:24:19.311,1.28275,1.28286,1.35,1.50
2013.04.30 20:24:19.430,1.28266,1.28279,1.13,1.35
2013.04.30 20:24:19.490,1.28264,1.28279,3.45,2.10
2013.04.30 20:24:19.550,1.28264,1.28277,1.58,1.35
2013.04.30 20:24:19.669,1.28262,1.28275,1.65,2.48
2013.04.30 20:24:20.529,1.28267,1.28281,1.50,3.38
2013.04.30 20:24:20.604,1.28268,1.28281,1.50,2.63
2013.04.30 20:24:20.848,1.28268,1.28283,1.65,1.43
2013.04.30 20:24:21.159,1.28266,1.28281,2.25,1.35
2013.04.30 20:24:21.278,1.28266,1.28281,1.88,1.35
2013.04.30 20:24:21.338,1.28266,1.28281,1.13,2.10
2013.04.30 20:24:21.399,1.28266,1.28281,1.13,2.85
2013.04.30 20:24:21.758,1.28264,1.28274,1.50,2.18
2013.04.30 20:24:22.298,1.28265,1.28276,1.50,3.23
2013.04.30 20:24:22.799,1.28263,1.28275,1.50,1.88
2013.04.30 20:24:24.198,1.28263,1.28276,1.50,1.20
2013.04.30 20:24:24.965,1.28263,1.28278,1.65,1.58
2013.04.30 20:24:27.400,1.28264,1.28277,1.50,2.10
2013.04.30 20:24:27.459,1.28263,1.28276,1.13,1.50
2013.04.30 20:24:39.238,1.28263,1.28277,1.50,2.10
2013.04.30 20:24:39.359,1.28262,1.28277,1.73,2.10
2013.04.30 20:24:40.066,1.28263,1.28275,1.13,3.23
2013.04.30 20:24:40.734,1.2826,1.28274,2.03,1.35
2013.04.30 20:24:41.678,1.28262,1.28273,1.50,1.35
2013.04.30 20:24:42.099,1.28259,1.28273,1.50,1.88
2013.04.30 20:24:42.979,1.28261,1.28272,1.50,1.58
2013.04.30 20:24:46.241,1.28261,1.28273,1.88,2.48
2013.04.30 20:24:46.540,1.28269,1.2828,1.65,1.88
2013.04.30 20:24:46.599,1.28267,1.2828,1.13,1.88
2013.04.30 20:24:46.719,1.28267,1.28283,2.55,1.20
2013.04.30 20:24:47.269,1.28267,1.28284,1.88,1.43
2013.04.30 20:24:47.699,1.28267,1.28285,2.10,2.10
2013.04.30 20:24:48.259,1.28268,1.28285,1.35,2.10
2013.04.30 20:24:49.478,1.28269,1.28285,1.50,1.35
2013.04.30 20:24:50.031,1.2827,1.28287,1.35,1.58
2013.04.30 20:24:52.600,1.2827,1.28287,1.35,2.55
2013.04.30 20:24:52.839,1.28268,1.28285,1.95,2.03
2013.04.30 20:25:10.319,1.28267,1.28282,1.13,2.48
2013.04.30 20:25:11.238,1.28267,1.28283,1.88,1.43
2013.04.30 20:25:11.298,1.28267,1.28285,4.35,2.63
2013.04.30 20:25:12.049,1.28269,1.28285,1.35,2.63
2013.04.30 20:25:14.029,1.28271,1.28285,1.50,2.48
2013.04.30 20:25:14.149,1.2827,1.28286,2.63,1.35
2013.04.30 20:25:14.268,1.28272,1.28289,1.73,2.63
2013.04.30 20:25:19.675,1.28272,1.28289,1.95,1.88
2013.04.30 20:25:19.979,1.28272,1.28287,1.13,2.48
2013.04.30 20:25:20.625,1.28272,1.28287,1.28,2.48
2013.04.30 20:25:20.960,1.28273,1.28287,1.13,2.48
2013.04.30 20:25:21.019,1.28273,1.28289,2.48,2.48
2013.04.30 20:25:21.079,1.28273,1.2829,2.48,2.18
2013.04.30 20:25:21.259,1.28275,1.2829,1.65,2.18
2013.04.30 20:25:21.798,1.28278,1.28292,1.65,3.38
2013.04.30 20:25:22.199,1.28278,1.2829,1.50,2.48
2013.04.30 20:25:22.439,1.28278,1.28292,1.65,1.88
2013.04.30 20:25:22.500,1.28278,1.28293,1.65,1.35
2013.04.30 20:25:22.919,1.28278,1.28292,1.65,1.88
2013.04.30 20:25:23.459,1.28278,1.28291,1.50,2.48
2013.04.30 20:25:23.989,1.28278,1.28292,1.50,1.88
2013.04.30 20:25:26.394,1.28278,1.28292,1.50,1.88
2013.04.30 20:25:26.819,1.28278,1.28293,1.88,1.20
2013.04.30 20:25:26.879,1.2828,1.28294,1.65,2.18
2013.04.30 20:25:30.439,1.28283,1.28294,1.58,1.35
2013.04.30 20:25:30.679,1.28284,1.283,1.88,2.48
2013.04.30 20:25:30.799,1.28282,1.28296,1.73,1.35
2013.04.30 20:25:35.990,1.28282,1.28297,1.88,1.58
2013.04.30 20:25:37.849,1.28284,1.28298,1.50,2.48
2013.04.30 20:25:39.290,1.28283,1.28296,1.13,2.33
2013.04.30 20:25:39.409,1.28278,1.28292,1.35,1.35
2013.04.30 20:25:39.768,1.28276,1.28288,1.28,2.18
2013.04.30 20:25:42.579,1.28277,1.28288,1.50,1.43
2013.04.30 20:25:46.101,1.28279,1.2829,1.50,2.18
2013.04.30 20:25:48.899,1.28277,1.2829,1.50,2.18
2013.04.30 20:25:55.479,1.28278,1.2829,1.50,2.93
2013.04.30 20:25:56.012,1.28278,1.28292,2.25,2.63
2013.04.30 20:25:57.420,1.28278,1.28292,2.25,2.63
2013.04.30 20:26:00.109,1.28278,1.28292,2.85,1.35
2013.04.30 20:26:01.039,1.28277,1.28292,1.65,3.23
2013.04.30 20:26:01.339,1.28279,1.28293,1.50,1.58
2013.04.30 20:26:02.258,1.28281,1.28292,1.50,1.88
2013.04.30 20:26:02.559,1.2828,1.28292,1.50,2.63
2013.04.30 20:26:03.199,1.2828,1.28292,1.50,2.18
2013.04.30 20:26:03.609,1.28278,1.28292,1.50,2.18
2013.04.30 20:26:04.149,1.28278,1.2829,1.50,1.35
2013.04.30 20:26:04.993,1.28277,1.28291,1.50,3.08
2013.04.30 20:26:05.059,1.28277,1.2829,1.50,1.88
2013.04.30 20:26:05.722,1.28274,1.28288,1.88,2.63
2013.04.30 20:26:07.702,1.28274,1.28288,1.88,2.63
2013.04.30 20:26:08.120,1.28275,1.28286,1.88,1.43
2013.04.30 20:26:08.309,1.28277,1.2829,1.13,2.10
2013.04.30 20:26:08.549,1.28278,1.2829,2.48,1.50
2013.04.30 20:26:08.729,1.28278,1.28292,1.35,2.10
2013.04.30 20:26:08.850,1.28278,1.28294,1.95,3.38
2013.04.30 20:26:08.909,1.28279,1.28294,1.58,1.35
2013.04.30 20:26:09.029,1.2828,1.28294,1.50,1.35
2013.04.30 20:26:09.568,1.28283,1.28295,1.13,1.13
2013.04.30 20:26:09.691,1.28285,1.283,1.58,1.95
2013.04.30 20:26:10.169,1.28283,1.28298,1.88,1.43
2013.04.30 20:26:10.710,1.28283,1.28298,1.50,3.23
2013.04.30 20:26:11.069,1.28282,1.28296,1.35,1.35
2013.04.30 20:26:13.429,1.28282,1.28296,1.35,2.10
2013.04.30 20:26:13.489,1.2828,1.28293,1.35,2.10
2013.04.30 20:26:13.849,1.28279,1.28293,1.50,1.50
2013.04.30 20:26:14.329,1.28282,1.28296,1.13,1.73
2013.04.30 20:26:14.878,1.28282,1.28295,1.13,1.35
2013.04.30 20:26:15.418,1.28282,1.28295,1.88,1.35
2013.04.30 20:26:15.969,1.28283,1.28297,1.50,1.35
2013.04.30 20:26:16.569,1.28281,1.28296,2.78,1.50
2013.04.30 20:26:16.748,1.28281,1.28295,2.25,1.35
2013.04.30 20:26:17.345,1.28281,1.28296,2.48,1.50
2013.04.30 20:26:22.518,1.28281,1.28296,3.23,1.50
2013.04.30 20:26:23.958,1.28282,1.28295,1.35,1.50
2013.04.30 20:26:28.259,1.28282,1.28295,1.35,1.88
2013.04.30 20:26:28.809,1.28282,1.28295,1.35,1.50
2013.04.30 20:26:31.378,1.28282,1.28295,1.35,1.88
2013.04.30 20:26:32.898,1.28282,1.28295,1.35,1.50
2013.04.30 20:26:34.681,1.28283,1.28295,1.50,1.50
2013.04.30 20:26:35.589,1.28284,1.28297,2.10,1.13
2013.04.30 20:26:36.138,1.28284,1.28298,1.35,1.50
2013.04.30 20:26:37.928,1.28284,1.28298,1.35,1.88
2013.04.30 20:26:39.813,1.28284,1.28298,1.35,1.58
2013.04.30 20:26:39.938,1.28282,1.28298,2.10,2.93
2013.04.30 20:26:42.429,1.28283,1.28295,1.35,1.50
2013.04.30 20:26:42.939,1.28283,1.28295,2.10,1.50
2013.04.30 20:26:46.629,1.28283,1.28295,1.35,1.50
2013.04.30 20:26:47.168,1.2828,1.28295,1.35,1.50
2013.04.30 20:26:47.590,1.28282,1.28295,1.35,1.88
2013.04.30 20:26:49.718,1.28279,1.28293,2.33,1.50
2013.04.30 20:26:56.610,1.28279,1.28293,1.58,2.25
2013.04.30 20:26:56.729,1.28279,1.28293,2.33,2.63
2013.04.30 20:26:56.790,1.28277,1.28291,1.50,1.50
2013.04.30 20:26:56.850,1.28275,1.28291,3.23,1.50
2013.04.30 20:26:56.970,1.28277,1.28292,2.10,2.10
2013.04.30 20:26:57.088,1.28278,1.28293,1.35,1.65
2013.04.30 20:26:57.629,1.28278,1.28292,1.35,1.50
2013.04.30 20:26:57.749,1.28277,1.28292,1.43,1.50
2013.04.30 20:26:57.869,1.28275,1.28288,1.35,1.50
2013.04.30 20:26:57.989,1.28273,1.28289,2.85,1.50
2013.04.30 20:26:58.109,1.28274,1.28288,1.50,1.50
2013.04.30 20:26:58.169,1.28273,1.28289,2.10,1.50
2013.04.30 20:26:58.229,1.28274,1.2829,3.23,2.63
2013.04.30 20:26:58.589,1.28274,1.28288,2.48,1.50
2013.04.30 20:26:59.060,1.28274,1.2829,2.48,3.23
2013.04.30 20:26:59.238,1.28276,1.2829,1.88,1.88
2013.04.30 20:27:00.128,1.28276,1.28288,1.35,1.50
2013.04.30 20:27:09.749,1.28274,1.2829,1.88,2.48
2013.04.30 20:27:09.809,1.28274,1.2829,3.75,1.65
2013.04.30 20:27:17.178,1.28274,1.2829,2.10,2.10
2013.04.30 20:27:17.720,1.28274,1.2829,4.35,2.10
2013.04.30 20:27:18.358,1.28277,1.28291,1.35,2.03
2013.04.30 20:27:18.980,1.28277,1.28291,1.35,2.03
2013.04.30 20:27:25.038,1.28277,1.28291,2.10,1.28
2013.04.30 20:27:28.211,1.28277,1.28291,2.10,1.28
2013.04.30 20:27:30.501,1.28277,1.2829,2.10,1.13
2013.04.30 20:27:31.635,1.28277,1.2829,1.35,2.03
2013.04.30 20:27:31.818,1.28274,1.28289,2.85,1.50
2013.04.30 20:27:36.809,1.28277,1.2829,2.25,1.73
2013.04.30 20:27:37.375,1.28277,1.2829,3.08,1.13
2013.04.30 20:27:43.739,1.28278,1.28291,1.35,1.50
2013.04.30 20:27:44.039,1.2828,1.28296,2.63,1.50
2013.04.30 20:27:44.848,1.28282,1.28296,1.35,1.50
2013.04.30 20:27:45.029,1.28281,1.28297,1.58,1.13
2013.04.30 20:27:45.149,1.28283,1.28299,1.88,1.50
2013.04.30 20:27:46.570,1.28285,1.28299,1.35,1.50
2013.04.30 20:28:00.468,1.28285,1.28298,1.35,2.03
2013.04.30 20:28:05.309,1.28283,1.28298,3.23,1.88
2013.04.30 20:28:13.810,1.28281,1.28297,3.23,2.25
2013.04.30 20:28:14.169,1.28283,1.28297,2.63,1.65
2013.04.30 20:28:34.921,1.28283,1.28297,1.35,2.40
2013.04.30 20:28:53.669,1.28283,1.28298,1.50,2.10
2013.04.30 20:28:53.790,1.28289,1.28301,1.50,2.48
2013.04.30 20:28:53.850,1.2829,1.28301,1.50,2.48
2013.04.30 20:28:54.150,1.28293,1.28305,2.48,1.69
2013.04.30 20:28:54.510,1.28295,1.28312,1.88,1.13
2013.04.30 20:28:54.869,1.28297,1.28308,1.88,1.13
2013.04.30 20:28:55.590,1.28299,1.28314,1.88,1.28
2013.04.30 20:28:56.669,1.28299,1.28308,1.88,1.28
2013.04.30 20:28:56.790,1.2829,1.28306,2.33,1.13
2013.04.30 20:28:56.971,1.28287,1.28304,1.80,1.50
2013.04.30 20:28:57.150,1.28287,1.28301,1.43,2.03
2013.04.30 20:28:57.390,1.28284,1.28298,1.88,1.13
2013.04.30 20:28:57.449,1.28283,1.283,2.18,1.35
2013.04.30 20:28:57.690,1.28285,1.28301,2.63,1.88
2013.04.30 20:28:57.809,1.28285,1.28301,2.63,1.88
2013.04.30 20:29:00.849,1.28285,1.28302,1.58,1.50
2013.04.30 20:29:02.880,1.28287,1.28302,1.43,1.28
2013.04.30 20:29:03.000,1.2829,1.28305,1.50,2.18
2013.04.30 20:29:03.059,1.28291,1.28306,1.43,1.13
2013.04.30 20:29:03.419,1.28293,1.28306,2.48,1.13
2013.04.30 20:29:05.830,1.28292,1.28307,1.73,2.10
2013.04.30 20:29:06.903,1.28293,1.28309,1.88,2.48
2013.04.30 20:29:16.049,1.28292,1.28307,1.73,1.35
2013.04.30 20:29:18.049,1.28293,1.28308,1.35,2.10
2013.04.30 20:29:18.229,1.28293,1.28308,2.63,1.13
2013.04.30 20:29:18.589,1.28292,1.28307,1.35,1.50
2013.04.30 20:29:18.649,1.28293,1.28307,1.50,1.35
2013.04.30 20:29:18.709,1.28293,1.28307,1.50,3.23
2013.04.30 20:29:19.235,1.28293,1.28307,1.50,1.58
2013.04.30 20:29:19.859,1.28293,1.28308,2.10,1.13
2013.04.30 20:29:20.619,1.28294,1.28308,1.58,1.13
2013.04.30 20:29:21.289,1.28295,1.28308,1.35,1.13
2013.04.30 20:29:21.529,1.28294,1.28308,1.95,1.13
2013.04.30 20:29:21.649,1.28294,1.28308,3.23,1.13
2013.04.30 20:29:21.899,1.28294,1.28308,1.95,1.13
2013.04.30 20:29:22.079,1.28295,1.28308,1.58,1.13
2013.04.30 20:29:22.809,1.28295,1.28309,1.58,1.13
2013.04.30 20:29:23.139,1.28296,1.28309,1.88,1.13
2013.04.30 20:29:23.680,1.28296,1.28311,2.48,1.28
2013.04.30 20:29:24.109,1.28299,1.28311,1.43,1.13
2013.04.30 20:29:24.669,1.28297,1.28313,2.48,1.50
2013.04.30 20:29:33.829,1.28295,1.2831,2.63,1.65
2013.04.30 20:29:33.889,1.28295,1.28309,1.88,1.13
2013.04.30 20:29:33.949,1.28293,1.28309,1.43,1.50
2013.04.30 20:29:34.190,1.28291,1.28306,1.35,1.58
2013.04.30 20:29:34.742,1.28292,1.28307,1.35,1.28
2013.04.30 20:29:35.245,1.28292,1.28306,1.35,1.50
2013.04.30 20:29:35.710,1.28291,1.28305,1.43,1.65
2013.04.30 20:29:35.949,1.28286,1.28302,3.98,1.35
2013.04.30 20:29:36.529,1.28289,1.28302,1.35,1.13
2013.04.30 20:29:36.839,1.28292,1.28302,1.43,1.88
2013.04.30 20:29:37.539,1.28294,1.28306,1.88,1.65
2013.04.30 20:29:37.839,1.28293,1.28308,1.20,1.50
2013.04.30 20:29:39.499,1.28293,1.28306,1.35,1.65
2013.04.30 20:29:39.619,1.28294,1.28308,1.50,1.13
2013.04.30 20:29:39.679,1.28294,1.28308,3.38,1.13
2013.04.30 20:29:40.029,1.28296,1.28311,3.23,1.28
2013.04.30 20:29:40.269,1.28296,1.28311,1.20,1.28
2013.04.30 20:29:40.329,1.28296,1.28311,1.88,1.28
2013.04.30 20:29:42.419,1.28295,1.28309,1.43,1.35
2013.04.30 20:29:43.080,1.28294,1.28309,2.33,1.35
2013.04.30 20:29:48.110,1.28298,1.28309,1.13,1.35
2013.04.30 20:29:48.170,1.28298,1.28309,1.88,1.35
2013.04.30 20:29:48.229,1.28297,1.28309,2.25,1.35
2013.04.30 20:29:48.849,1.28296,1.28312,3.38,1.35
2013.04.30 20:29:52.249,1.28297,1.28312,1.95,1.35
2013.04.30 20:29:52.491,1.28301,1.28315,2.63,1.73
2013.04.30 20:29:52.610,1.28303,1.28315,1.43,1.13
2013.04.30 20:29:53.029,1.28301,1.28315,2.63,1.13
2013.04.30 20:29:53.549,1.28303,1.28318,1.43,1.28
2013.04.30 20:29:54.399,1.28303,1.28318,2.93,1.13
2013.04.30 20:29:54.639,1.28305,1.28318,1.43,1.13
2013.04.30 20:29:54.879,1.28303,1.28318,1.58,1.13
2013.04.30 20:29:57.339,1.28305,1.28315,1.88,1.50
2013.04.30 20:29:57.579,1.28304,1.28315,1.35,1.50
2013.04.30 20:29:59.030,1.28303,1.28315,1.43,1.50
2013.04.30 20:29:59.149,1.28301,1.28315,1.58,1.50
2013.04.30 20:29:59.452,1.28302,1.28317,2.48,1.13
2013.04.30 20:30:00.169,1.28302,1.28317,3.23,1.88
2013.04.30 20:30:00.589,1.28302,1.28317,1.95,1.50
2013.04.30 20:30:00.829,1.28303,1.28317,1.88,1.13
2013.04.30 20:30:01.069,1.28302,1.28317,1.43,2.10
2013.04.30 20:30:01.369,1.28301,1.28315,1.35,1.50
2013.04.30 20:30:01.924,1.28299,1.28315,3.23,1.73
2013.04.30 20:30:01.990,1.28299,1.28313,1.35,1.50
2013.04.30 20:30:05.319,1.28295,1.28311,2.78,1.35
2013.04.30 20:30:05.679,1.28294,1.28308,1.50,2.10
2013.04.30 20:30:06.041,1.28282,1.28291,1.13,3.76
2013.04.30 20:30:06.099,1.28278,1.28288,1.50,1.43
2013.04.30 20:30:06.352,1.28278,1.28286,1.50,1.35
2013.04.30 20:30:06.410,1.28278,1.28291,1.50,1.58
2013.04.30 20:30:06.529,1.2828,1.28297,1.58,1.69
2013.04.30 20:30:06.590,1.28279,1.28292,1.50,1.88
2013.04.30 20:30:06.900,1.28284,1.28292,1.50,1.88
2013.04.30 20:30:06.959,1.28284,1.28296,1.50,1.35
2013.04.30 20:30:09.374,1.28284,1.283,1.58,1.13
2013.04.30 20:30:09.560,1.28285,1.283,1.35,1.13
2013.04.30 20:30:09.740,1.28288,1.283,1.88,1.13
2013.04.30 20:30:13.769,1.28286,1.28303,2.18,1.50
2013.04.30 20:30:14.320,1.28285,1.28301,1.50,1.35
2013.04.30 20:30:14.970,1.28286,1.28303,2.18,1.88
2013.04.30 20:30:15.511,1.28285,1.28301,1.50,1.35
2013.04.30 20:30:15.570,1.28286,1.28301,1.65,1.35
2013.04.30 20:30:15.931,1.28289,1.28303,2.63,1.13
2013.04.30 20:30:17.030,1.28289,1.28302,2.63,1.50
2013.04.30 20:30:17.090,1.28283,1.28299,1.50,2.48
2013.04.30 20:30:17.210,1.28281,1.28296,1.50,3.23
2013.04.30 20:30:17.511,1.28277,1.28287,1.65,2.48
2013.04.30 20:30:17.570,1.28277,1.28289,1.65,1.88
2013.04.30 20:30:17.690,1.28277,1.28291,2.25,1.43
2013.04.30 20:30:17.750,1.2828,1.28294,1.88,1.35
2013.04.30 20:30:17.870,1.28277,1.28293,1.65,1.58
2013.04.30 20:30:18.400,1.28278,1.28292,1.50,1.35
2013.04.30 20:30:18.941,1.28278,1.28293,1.50,1.35
2013.04.30 20:30:20.474,1.28282,1.28294,1.50,2.18
2013.04.30 20:30:20.781,1.2828,1.28295,2.10,1.58
2013.04.30 20:30:21.322,1.2828,1.28296,2.03,1.43
2013.04.30 20:30:24.890,1.2828,1.28294,2.03,2.63
2013.04.30 20:30:24.949,1.2828,1.28295,2.03,1.35
2013.04.30 20:30:25.477,1.2828,1.28296,2.03,1.43
2013.04.30 20:30:26.010,1.2828,1.28295,1.50,1.35
2013.04.30 20:30:26.130,1.2828,1.28293,1.50,1.50
2013.04.30 20:30:26.323,1.28279,1.28293,1.35,1.35
2013.04.30 20:30:26.630,1.28277,1.28293,2.70,3.38
2013.04.30 20:30:26.940,1.28277,1.28291,1.50,2.48
2013.04.30 20:30:27.279,1.28277,1.28291,2.10,1.20
2013.04.30 20:30:28.579,1.28281,1.28293,1.13,3.23
2013.04.30 20:30:28.703,1.28282,1.28294,1.65,1.43
2013.04.30 20:30:28.769,1.28284,1.28297,1.35,1.20
2013.04.30 20:30:29.009,1.28284,1.28301,1.35,2.33
2013.04.30 20:30:29.069,1.28284,1.283,1.35,1.50
2013.04.30 20:30:29.710,1.28283,1.28297,1.35,1.35
2013.04.30 20:30:29.949,1.2828,1.28297,1.13,3.98
2013.04.30 20:30:32.042,1.28285,1.28297,2.25,2.48
2013.04.30 20:30:32.159,1.28288,1.28298,1.50,1.35
2013.04.30 20:30:32.969,1.28288,1.28297,1.50,1.69
2013.04.30 20:30:33.093,1.28288,1.28299,1.50,1.20
2013.04.30 20:30:33.470,1.28288,1.283,1.50,1.35
2013.04.30 20:30:34.429,1.28287,1.283,1.50,1.35
2013.04.30 20:30:34.489,1.28287,1.283,1.50,1.35
2013.04.30 20:30:34.849,1.28287,1.28294,1.50,1.88
2013.04.30 20:30:35.089,1.28287,1.28296,1.50,1.88
2013.04.30 20:30:41.550,1.28287,1.28294,1.50,2.18
2013.04.30 20:30:41.609,1.28284,1.28292,1.50,3.23
2013.04.30 20:30:41.924,1.28287,1.28295,1.50,2.63
2013.04.30 20:30:42.609,1.28286,1.28292,1.50,1.43
2013.04.30 20:30:42.670,1.28287,1.28295,1.50,1.88
2013.04.30 20:30:44.989,1.28286,1.28293,1.50,1.88
2013.04.30 20:30:45.109,1.28287,1.28293,1.50,1.20
2013.04.30 20:30:48.469,1.28288,1.28296,1.50,1.35
2013.04.30 20:30:51.039,1.28288,1.28295,1.50,1.13
2013.04.30 20:30:51.159,1.28282,1.28293,2.48,1.88
2013.04.30 20:30:51.399,1.28285,1.28293,1.50,1.35
2013.04.30 20:30:51.459,1.28288,1.28295,1.50,2.48
2013.04.30 20:30:58.649,1.28287,1.28298,1.50,2.63
2013.04.30 20:30:59.150,1.28282,1.28296,1.73,1.20
2013.04.30 20:30:59.209,1.28282,1.28295,1.13,1.88
2013.04.30 20:30:59.629,1.28279,1.2829,1.13,2.48
2013.04.30 20:30:59.749,1.28279,1.28291,1.50,1.43
2013.04.30 20:30:59.869,1.28279,1.28296,2.10,1.43
2013.04.30 20:31:00.110,1.28279,1.28292,1.73,1.88
2013.04.30 20:31:00.349,1.2828,1.28296,1.28,1.43
2013.04.30 20:31:04.701,1.28278,1.28295,2.93,1.35
2013.04.30 20:31:04.999,1.28278,1.28292,1.88,1.88
2013.04.30 20:31:06.099,1.28278,1.28292,1.88,1.28
2013.04.30 20:31:08.461,1.28285,1.28301,1.35,1.50
2013.04.30 20:31:08.580,1.2828,1.28295,1.13,1.88
2013.04.30 20:31:08.940,1.2828,1.2829,1.13,1.88
2013.04.30 20:31:09.179,1.28283,1.28296,1.13,1.88
2013.04.30 20:31:10.909,1.28279,1.28295,1.43,2.48
2013.04.30 20:31:11.089,1.28279,1.28293,1.43,1.35
2013.04.30 20:31:11.409,1.28279,1.28295,2.40,1.95
2013.04.30 20:31:11.477,1.2828,1.28295,1.50,1.35
2013.04.30 20:31:11.662,1.2828,1.28295,1.50,1.50
2013.04.30 20:31:13.149,1.28281,1.28294,1.50,2.48
2013.04.30 20:31:13.509,1.28281,1.2829,1.50,1.88
2013.04.30 20:31:13.869,1.28282,1.28294,1.50,2.85
2013.04.30 20:31:17.709,1.28282,1.28292,1.50,1.35
2013.04.30 20:31:17.769,1.28282,1.28289,1.50,1.43
2013.04.30 20:31:18.309,1.28282,1.28294,1.50,3.00
2013.04.30 20:31:37.169,1.28282,1.28295,1.50,1.35
2013.04.30 20:31:37.704,1.28282,1.28296,1.50,1.43
2013.04.30 20:31:39.399,1.28282,1.28294,1.50,1.88
2013.04.30 20:31:43.676,1.28282,1.28295,1.50,1.43
2013.04.30 20:31:44.011,1.28282,1.28294,1.50,1.88
2013.04.30 20:31:44.189,1.28282,1.28295,1.50,1.35
2013.04.30 20:31:44.929,1.28282,1.28295,1.50,3.23
2013.04.30 20:31:49.170,1.28282,1.28295,1.65,1.35
2013.04.30 20:31:49.709,1.28282,1.28297,1.65,3.98
2013.04.30 20:31:51.660,1.28282,1.28294,1.50,2.48
2013.04.30 20:31:55.619,1.28284,1.28296,1.35,2.63
2013.04.30 20:31:55.679,1.28284,1.28298,1.35,1.65
2013.04.30 20:31:55.739,1.28284,1.28298,1.35,1.65
2013.04.30 20:31:55.799,1.28283,1.28297,1.35,1.88
2013.04.30 20:31:56.354,1.28282,1.28296,1.50,3.23
2013.04.30 20:31:57.599,1.28282,1.28296,1.88,1.20
2013.04.30 20:31:58.070,1.28284,1.28298,2.63,2.10
2013.04.30 20:31:58.429,1.28287,1.28301,2.48,1.13
2013.04.30 20:32:01.379,1.28286,1.28302,2.18,1.50
2013.04.30 20:32:01.955,1.28284,1.28302,3.98,1.50
2013.04.30 20:32:02.515,1.28285,1.28301,1.88,1.35
2013.04.30 20:32:03.079,1.28286,1.28304,2.63,2.70
2013.04.30 20:32:07.619,1.28287,1.283,1.43,1.13
2013.04.30 20:32:08.320,1.28287,1.28301,1.43,1.65
2013.04.30 20:32:10.990,1.28282,1.28294,1.50,1.50
2013.04.30 20:32:11.050,1.28282,1.28294,1.05,1.50
2013.04.30 20:32:11.350,1.28279,1.28294,1.20,2.10
2013.04.30 20:32:14.139,1.2828,1.28294,2.10,1.35
2013.04.30 20:32:14.259,1.28282,1.28298,2.25,1.43
2013.04.30 20:32:14.703,1.28287,1.28303,1.88,1.73
2013.04.30 20:32:15.570,1.28287,1.28303,1.88,1.73
2013.04.30 20:32:16.112,1.28288,1.28306,2.48,1.88
2013.04.30 20:32:18.029,1.28287,1.28304,1.43,1.50
2013.04.30 20:32:21.529,1.28288,1.28305,1.88,1.50
2013.04.30 20:32:23.461,1.28289,1.28301,1.43,1.13
2013.04.30 20:32:23.520,1.28287,1.28301,1.43,1.13
2013.04.30 20:32:30.709,1.28285,1.28301,2.03,1.35
2013.04.30 20:32:31.149,1.28287,1.28303,1.88,2.48
2013.04.30 20:32:31.509,1.28287,1.28301,1.35,1.35
2013.04.30 20:32:32.541,1.28286,1.28303,2.03,1.50
2013.04.30 20:32:34.589,1.28285,1.28301,2.25,1.50
2013.04.30 20:32:35.500,1.28285,1.28301,3.00,1.35
2013.04.30 20:32:35.799,1.28287,1.28303,2.48,1.35
2013.04.30 20:32:40.740,1.28289,1.28305,1.88,2.25
2013.04.30 20:32:51.779,1.2829,1.28305,1.58,1.50
2013.04.30 20:32:52.319,1.28291,1.28307,1.43,1.28
2013.04.30 20:32:52.911,1.28289,1.28305,2.63,1.35
2013.04.30 20:32:55.709,1.28291,1.28307,1.88,1.95
2013.04.30 20:32:55.769,1.28289,1.28305,2.78,1.35
2013.04.30 20:32:56.309,1.28289,1.28306,1.73,1.35
2013.04.30 20:32:56.849,1.28289,1.28303,1.35,1.35
2013.04.30 20:32:56.969,1.28289,1.28304,2.63,1.65
2013.04.30 20:32:57.029,1.28289,1.28303,1.35,1.35
2013.04.30 20:32:57.450,1.28287,1.28303,1.88,1.35
2013.04.30 20:32:57.809,1.28285,1.28301,2.03,1.35
2013.04.30 20:32:57.989,1.28287,1.28301,1.35,1.35
2013.04.30 20:32:58.580,1.28287,1.28304,1.58,2.25
2013.04.30 20:32:59.730,1.28288,1.28304,2.10,1.50
2013.04.30 20:32:59.969,1.2829,1.28306,1.88,1.73
2013.04.30 20:33:00.359,1.2829,1.28306,1.20,1.73
2013.04.30 20:33:00.479,1.28288,1.28304,1.35,1.50
2013.04.30 20:33:03.190,1.28287,1.28304,1.58,1.50
2013.04.30 20:33:03.490,1.28284,1.28298,1.88,1.35
2013.04.30 20:33:13.499,1.28284,1.283,2.10,1.35
2013.04.30 20:33:19.161,1.28281,1.28297,1.50,1.35
2013.04.30 20:33:19.809,1.28282,1.28297,1.88,1.35
2013.04.30 20:33:20.169,1.28284,1.28298,1.50,1.35
2013.04.30 20:34:15.111,1.28286,1.28301,1.50,1.35
2013.04.30 20:34:15.175,1.28288,1.28303,1.50,4.13
2013.04.30 20:34:15.729,1.28289,1.28304,1.35,1.13
2013.04.30 20:34:16.300,1.28289,1.28303,1.35,1.13
2013.04.30 20:34:16.964,1.28287,1.28302,1.35,1.13
2013.04.30 20:34:17.630,1.28288,1.28303,1.50,1.73
2013.04.30 20:34:24.569,1.28291,1.28304,1.50,1.50
2013.04.30 20:34:25.990,1.28295,1.28306,2.25,2.10
2013.04.30 20:34:26.290,1.28298,1.28311,2.10,1.88
2013.04.30 20:34:26.350,1.28298,1.28314,2.10,3.00
2013.04.30 20:34:28.140,1.28301,1.28314,1.50,1.13
2013.04.30 20:34:28.200,1.28302,1.28317,1.50,3.60
2013.04.30 20:34:28.500,1.28304,1.28317,1.50,2.48
2013.04.30 20:34:28.620,1.28304,1.28318,1.50,1.43
2013.04.30 20:34:35.211,1.2831,1.28319,2.25,2.85
2013.04.30 20:34:35.332,1.28309,1.28319,1.50,2.63
2013.04.30 20:34:35.450,1.28311,1.28323,2.63,1.35
2013.04.30 20:34:35.510,1.28315,1.28325,1.50,1.88
2013.04.30 20:34:35.569,1.28315,1.28327,1.50,1.58
2013.04.30 20:34:35.752,1.2831,1.28326,3.00,1.13
2013.04.30 20:34:35.991,1.28316,1.28328,1.50,1.20
2013.04.30 20:34:36.050,1.28316,1.28327,1.50,1.88
2013.04.30 20:34:36.411,1.28317,1.28331,1.43,3.00
2013.04.30 20:34:36.471,1.28317,1.2833,1.35,1.58
2013.04.30 20:34:36.531,1.28313,1.28327,1.50,1.35
2013.04.30 20:34:36.651,1.28315,1.28329,1.35,1.35
2013.04.30 20:34:37.130,1.28312,1.28327,1.35,1.58
2013.04.30 20:34:37.250,1.28311,1.28326,1.65,1.88
2013.04.30 20:34:37.310,1.28312,1.28327,1.35,2.33
2013.04.30 20:34:37.851,1.28314,1.28329,1.35,1.50
2013.04.30 20:34:40.510,1.28312,1.28329,1.35,2.33
2013.04.30 20:34:41.050,1.28314,1.2833,1.35,1.35
2013.04.30 20:34:41.409,1.28313,1.28329,2.10,2.63
2013.04.30 20:34:42.329,1.28313,1.28329,2.10,1.88
2013.04.30 20:34:42.390,1.28314,1.2833,2.48,1.95
2013.04.30 20:35:01.880,1.28319,1.28332,1.35,1.13
2013.04.30 20:35:02.240,1.2832,1.28335,2.10,1.13
2013.04.30 20:35:02.421,1.28321,1.28337,2.18,1.13
2013.04.30 20:35:02.542,1.28324,1.28338,1.50,1.13
2013.04.30 20:35:02.661,1.28325,1.28337,1.50,2.85
2013.04.30 20:35:02.724,1.28325,1.2834,1.50,1.88
2013.04.30 20:35:02.971,1.28328,1.28341,1.88,1.28
2013.04.30 20:35:03.304,1.28323,1.28339,2.48,2.25
2013.04.30 20:35:03.375,1.28321,1.28338,2.18,1.50
2013.04.30 20:35:03.911,1.2832,1.28336,1.35,1.35
2013.04.30 20:35:04.424,1.2832,1.28336,1.35,1.73
2013.04.30 20:35:04.480,1.28319,1.28336,1.58,3.23
2013.04.30 20:35:05.020,1.28319,1.28333,1.35,1.35
2013.04.30 20:35:18.791,1.2832,1.28333,1.35,1.35
2013.04.30 20:35:18.851,1.28322,1.28335,1.58,1.28
2013.04.30 20:35:18.970,1.28323,1.28335,2.03,1.13
2013.04.30 20:35:19.331,1.28326,1.28337,1.35,1.50
2013.04.30 20:35:19.630,1.28326,1.28342,1.35,1.50
2013.04.30 20:35:23.671,1.28325,1.28342,1.58,1.88
2013.04.30 20:35:32.421,1.28324,1.28341,3.23,1.88
2013.04.30 20:35:32.539,1.28324,1.28338,1.35,1.35
2013.04.30 20:35:33.081,1.28324,1.28341,2.18,1.35
2013.04.30 20:35:38.519,1.28324,1.28339,1.43,1.88
2013.04.30 20:35:38.582,1.28321,1.28337,1.35,1.50
2013.04.30 20:35:42.013,1.28323,1.28338,1.50,1.73
2013.04.30 20:35:42.560,1.28327,1.2834,1.35,2.25
2013.04.30 20:35:42.620,1.28327,1.28343,1.35,1.50
2013.04.30 20:35:43.431,1.28327,1.2834,1.35,1.50
2013.04.30 20:35:43.551,1.28322,1.28338,1.35,1.35
2013.04.30 20:35:45.890,1.28323,1.28339,1.35,2.63
2013.04.30 20:35:46.070,1.28326,1.28341,1.35,2.63
2013.04.30 20:35:46.250,1.28326,1.28344,1.50,3.23
2013.04.30 20:35:46.490,1.28329,1.28346,2.10,2.48
2013.04.30 20:35:48.182,1.28334,1.28346,1.35,1.13
2013.04.30 20:35:51.890,1.28332,1.28347,1.88,1.65
2013.04.30 20:35:52.010,1.28331,1.28347,1.95,2.25
2013.04.30 20:35:52.661,1.2833,1.28344,1.35,1.35
2013.04.30 20:36:10.530,1.28327,1.28342,2.33,1.35
2013.04.30 20:36:10.711,1.28327,1.2834,1.50,1.35
2013.04.30 20:36:11.430,1.28327,1.28342,1.50,2.48
2013.04.30 20:36:15.291,1.28332,1.28342,1.50,2.48
2013.04.30 20:36:15.350,1.28332,1.28345,1.50,2.48
2013.04.30 20:36:15.471,1.28333,1.28348,1.35,1.13
2013.04.30 20:36:15.771,1.28333,1.28347,1.35,1.13
2013.04.30 20:36:27.650,1.2833,1.28347,1.43,2.25
2013.04.30 20:36:27.950,1.28327,1.28343,2.10,1.35
2013.04.30 20:36:28.489,1.28329,1.28344,1.58,1.35
2013.04.30 20:36:29.920,1.28327,1.28343,2.85,1.35
2013.04.30 20:36:30.461,1.28329,1.28344,1.58,1.35
2013.04.30 20:36:31.429,1.2833,1.28346,2.48,1.50
2013.04.30 20:36:33.540,1.28329,1.28343,1.35,1.35
2013.04.30 20:36:34.069,1.28329,1.28346,2.18,1.88
2013.04.30 20:36:43.700,1.2833,1.28346,1.35,1.50
2013.04.30 20:37:03.991,1.28329,1.28347,1.35,1.65
2013.04.30 20:37:10.130,1.28331,1.28349,2.18,1.28
2013.04.30 20:37:10.311,1.28333,1.28349,2.25,1.28
2013.04.30 20:37:10.432,1.28337,1.28351,1.50,2.10
2013.04.30 20:37:10.609,1.28337,1.28351,1.50,2.10
2013.04.30 20:37:10.730,1.28339,1.28356,1.95,1.50
2013.04.30 20:37:10.970,1.28337,1.28355,1.43,1.13
2013.04.30 20:37:11.492,1.28337,1.28356,1.35,1.35
2013.04.30 20:37:12.225,1.28337,1.28356,2.10,1.35
2013.04.30 20:37:12.290,1.28339,1.28357,1.50,1.58
2013.04.30 20:37:12.830,1.28339,1.28357,1.35,1.65
2013.04.30 20:37:19.000,1.2834,1.28357,2.10,1.50
2013.04.30 20:37:19.400,1.2834,1.28356,1.35,1.13
2013.04.30 20:37:19.520,1.28339,1.28357,1.58,2.25
2013.04.30 20:37:21.239,1.28339,1.28357,1.58,1.50
2013.04.30 20:37:21.661,1.2834,1.28357,1.35,1.35
2013.04.30 20:37:25.110,1.2834,1.28357,1.35,1.35
2013.04.30 20:37:25.650,1.28342,1.28357,1.35,1.13
2013.04.30 20:37:29.310,1.28339,1.28356,1.35,1.13
2013.04.30 20:37:29.370,1.28339,1.28358,1.35,2.25
2013.04.30 20:37:29.670,1.2834,1.28358,2.48,2.03
2013.04.30 20:37:29.730,1.28338,1.28355,1.35,1.35
2013.04.30 20:37:34.012,1.28338,1.28355,1.35,1.73
2013.04.30 20:37:34.314,1.28339,1.28357,1.50,1.13
2013.04.30 20:37:34.862,1.28342,1.28358,1.50,1.28
2013.04.30 20:37:47.361,1.28345,1.28361,1.50,1.13
2013.04.30 20:37:47.421,1.28347,1.28362,1.35,1.13
2013.04.30 20:37:49.450,1.28345,1.2836,2.70,1.13
2013.04.30 20:37:49.630,1.28343,1.2836,1.50,1.13
2013.04.30 20:37:50.270,1.28344,1.2836,1.58,1.13
2013.04.30 20:38:00.590,1.28343,1.2836,2.48,1.13
2013.04.30 20:38:00.951,1.28341,1.28358,1.88,1.88
2013.04.30 20:38:01.071,1.28338,1.28355,1.35,1.35
2013.04.30 20:38:10.190,1.28339,1.28358,1.73,2.48
2013.04.30 20:38:13.520,1.28339,1.28358,1.35,2.48
2013.04.30 20:38:14.980,1.28339,1.28358,1.50,2.10
2013.04.30 20:38:15.340,1.28341,1.28358,2.48,1.50
2013.04.30 20:38:15.954,1.28341,1.28358,1.95,1.50
2013.04.30 20:38:17.634,1.28339,1.28357,4.35,1.35
2013.04.30 20:38:18.961,1.28339,1.28357,4.35,1.35
2013.04.30 20:38:20.031,1.2834,1.28355,1.73,1.50
2013.04.30 20:38:20.330,1.28344,1.2836,1.88,1.50
2013.04.30 20:38:20.392,1.28342,1.28359,1.35,1.13
2013.04.30 20:38:20.452,1.28343,1.28359,2.63,1.13
2013.04.30 20:38:20.570,1.28343,1.28359,1.35,1.13
2013.04.30 20:38:21.120,1.28343,1.28359,2.63,1.13
2013.04.30 20:38:25.192,1.28344,1.28359,1.20,1.13
2013.04.30 20:38:25.371,1.28341,1.28356,2.48,1.13
2013.04.30 20:38:26.340,1.28343,1.28356,1.58,1.13
2013.04.30 20:38:28.901,1.28344,1.28357,1.35,1.13
2013.04.30 20:38:32.813,1.28344,1.2836,1.35,1.13
2013.04.30 20:38:32.935,1.28346,1.28362,1.50,1.20
2013.04.30 20:38:33.062,1.28345,1.28364,2.25,1.88
2013.04.30 20:38:33.421,1.28348,1.28365,1.35,2.25
2013.04.30 20:38:34.170,1.28348,1.28365,1.35,2.25
2013.04.30 20:38:34.652,1.28344,1.28361,1.13,1.13
2013.04.30 20:38:39.413,1.28348,1.28361,1.13,1.35
2013.04.30 20:38:39.711,1.28349,1.28367,1.65,2.25
2013.04.30 20:38:39.830,1.28348,1.28367,1.50,2.25
2013.04.30 20:38:40.071,1.2835,1.28368,1.20,2.10
2013.04.30 20:38:40.251,1.28349,1.28369,1.35,1.43
2013.04.30 20:38:41.551,1.28349,1.28369,1.50,1.43
2013.04.30 20:38:43.730,1.28351,1.2837,1.35,1.35
2013.04.30 20:38:44.601,1.28349,1.28371,2.85,1.20
2013.04.30 20:38:45.025,1.28349,1.2837,1.80,1.88
2013.04.30 20:38:45.626,1.28351,1.28371,1.20,2.48
2013.04.30 20:38:48.578,1.28357,1.28371,2.25,2.48
2013.04.30 20:38:48.880,1.28371,1.28384,1.13,1.20
2013.04.30 20:38:49.240,1.28371,1.2839,1.73,1.88
2013.04.30 20:38:50.951,1.28373,1.28391,1.50,1.58
2013.04.30 20:38:52.000,1.28375,1.28392,1.35,1.35
2013.04.30 20:38:52.412,1.28376,1.28395,2.63,1.20
2013.04.30 20:38:52.591,1.28381,1.28399,1.50,2.18
2013.04.30 20:38:52.892,1.28387,1.284,2.48,1.50
2013.04.30 20:38:52.951,1.28387,1.284,1.20,1.50
2013.04.30 20:38:53.131,1.28386,1.28407,1.43,1.43
2013.04.30 20:38:53.499,1.28389,1.28408,1.88,2.55
2013.04.30 20:38:54.145,1.28389,1.28409,2.48,1.58
2013.04.30 20:38:55.211,1.28389,1.28408,2.48,1.73
2013.04.30 20:38:55.750,1.28389,1.28409,2.48,2.33
2013.04.30 20:38:56.120,1.28392,1.28412,1.43,2.10
2013.04.30 20:38:56.910,1.28392,1.28412,1.43,1.35
2013.04.30 20:38:59.681,1.28393,1.28412,1.35,1.35
2013.04.30 20:38:59.991,1.28397,1.28414,1.43,1.50
2013.04.30 20:39:00.602,1.28397,1.28415,1.43,2.03
2013.04.30 20:39:00.721,1.28393,1.28414,1.88,3.38
2013.04.30 20:39:00.902,1.28391,1.28412,2.48,3.23
2013.04.30 20:39:00.961,1.28388,1.28409,1.35,2.48
2013.04.30 20:39:04.500,1.28387,1.28408,1.95,1.20
2013.04.30 20:39:04.933,1.2839,1.28409,1.58,1.43
2013.04.30 20:39:06.320,1.2839,1.28408,1.13,1.88
2013.04.30 20:39:07.982,1.2839,1.28409,1.20,1.43
2013.04.30 20:39:12.271,1.28391,1.28409,1.35,1.58
2013.04.30 20:39:13.601,1.28389,1.28408,2.10,1.88
2013.04.30 20:39:14.450,1.28392,1.28408,1.13,1.88
2013.04.30 20:39:14.691,1.284,1.28417,1.88,1.95
2013.04.30 20:39:14.812,1.28399,1.28415,1.20,1.13
2013.04.30 20:39:14.931,1.28396,1.28413,1.20,2.03
2013.04.30 20:39:15.230,1.28392,1.28412,3.75,1.43
2013.04.30 20:39:16.111,1.28392,1.28412,1.50,1.43
2013.04.30 20:39:18.072,1.28401,1.28417,1.50,2.48
2013.04.30 20:39:18.144,1.28401,1.2842,1.50,2.33
2013.04.30 20:39:18.892,1.28401,1.2842,1.50,2.33
2013.04.30 20:39:19.600,1.28405,1.2842,1.13,1.80
2013.04.30 20:39:19.661,1.28405,1.28422,1.13,2.10
2013.04.30 20:39:28.801,1.28412,1.28425,1.13,2.18
2013.04.30 20:39:29.100,1.28409,1.28426,1.35,1.50
2013.04.30 20:39:31.810,1.28409,1.28426,1.35,1.50
2013.04.30 20:39:36.720,1.28409,1.28426,1.35,1.50
2013.04.30 20:39:37.291,1.28409,1.28427,1.50,2.33
2013.04.30 20:39:37.926,1.28411,1.28428,1.35,1.50
2013.04.30 20:39:39.360,1.28411,1.28428,1.35,1.50
2013.04.30 20:39:45.631,1.28411,1.28427,1.35,2.78
2013.04.30 20:39:45.932,1.28404,1.28418,1.50,1.73
2013.04.30 20:39:46.292,1.28397,1.28418,3.23,1.73
2013.04.30 20:39:46.471,1.28399,1.28416,1.35,1.58
2013.04.30 20:39:46.831,1.28404,1.28422,1.50,1.28
2013.04.30 20:39:47.266,1.2841,1.28424,1.13,1.43
2013.04.30 20:39:47.335,1.2841,1.28426,1.13,1.35
2013.04.30 20:39:47.581,1.28407,1.28426,1.73,3.23
2013.04.30 20:39:47.761,1.28405,1.28422,2.48,1.88
2013.04.30 20:39:47.820,1.28405,1.28422,2.48,1.88
2013.04.30 20:39:47.881,1.28402,1.28422,1.20,3.60
2013.04.30 20:39:48.061,1.28401,1.28422,2.93,3.30
2013.04.30 20:39:48.781,1.28401,1.28418,1.50,1.58
2013.04.30 20:39:49.164,1.28403,1.28418,1.13,1.43
2013.04.30 20:39:49.430,1.28401,1.28419,1.58,2.40
2013.04.30 20:39:49.730,1.28398,1.28418,1.88,1.58
2013.04.30 20:39:49.974,1.28404,1.28421,1.35,1.50
2013.04.30 20:39:51.832,1.28402,1.28419,2.25,1.13
2013.04.30 20:39:52.011,1.28399,1.28417,1.50,1.35
2013.04.30 20:39:52.460,1.28395,1.28414,1.58,1.20
2013.04.30 20:39:53.115,1.28394,1.28409,1.50,1.50
2013.04.30 20:39:53.300,1.28392,1.28409,1.35,1.50
2013.04.30 20:40:03.452,1.2839,1.28407,1.35,2.10
2013.04.30 20:40:03.753,1.28388,1.28405,1.35,2.03
2013.04.30 20:40:04.170,1.28387,1.28406,1.50,1.58
2013.04.30 20:40:05.682,1.2839,1.28409,1.50,1.58
2013.04.30 20:40:05.741,1.28391,1.2841,1.13,2.48
2013.04.30 20:40:06.221,1.28391,1.28411,1.73,1.58
2013.04.30 20:40:07.036,1.28393,1.28413,1.58,1.35
2013.04.30 20:40:08.602,1.28393,1.28414,1.43,2.18
2013.04.30 20:40:10.550,1.28391,1.28411,2.63,1.20
2013.04.30 20:40:12.140,1.28391,1.2841,2.48,1.35
2013.04.30 20:40:12.200,1.2839,1.2841,1.43,1.58
2013.04.30 20:40:12.897,1.28388,1.2841,2.63,1.58
2013.04.30 20:40:13.023,1.2839,1.2841,1.50,1.35
2013.04.30 20:40:13.661,1.2839,1.28411,3.38,1.35
2013.04.30 20:40:20.331,1.2839,1.2841,3.38,1.28
2013.04.30 20:40:21.380,1.2839,1.28411,3.38,1.35
2013.04.30 20:40:25.271,1.2839,1.28411,3.38,2.10
2013.04.30 20:40:25.818,1.2839,1.28411,3.75,1.35
2013.04.30 20:40:28.711,1.2839,1.28411,3.23,1.35
2013.04.30 20:40:31.784,1.2839,1.28408,2.48,1.28
2013.04.30 20:40:31.901,1.28388,1.28408,3.98,1.28
2013.04.30 20:40:43.281,1.28387,1.28405,2.18,1.28
2013.04.30 20:40:47.691,1.28386,1.28404,1.50,1.50
2013.04.30 20:41:22.230,1.28384,1.28403,1.73,2.48
2013.04.30 20:41:22.350,1.28384,1.28404,1.05,1.35
2013.04.30 20:41:25.982,1.28384,1.28404,1.05,2.10
2013.04.30 20:41:26.222,1.2838,1.28397,1.28,1.35
2013.04.30 20:41:39.691,1.2838,1.28399,1.50,1.35
2013.04.30 20:41:57.712,1.28379,1.28398,2.25,1.73
2013.04.30 20:41:58.010,1.28376,1.28395,1.50,2.10
2013.04.30 20:41:58.571,1.28376,1.28393,1.28,1.35
2013.04.30 20:42:00.470,1.28377,1.28394,1.73,1.35
2013.04.30 20:42:02.652,1.28374,1.28393,1.35,2.48
2013.04.30 20:42:02.713,1.28373,1.28393,2.33,2.48
2013.04.30 20:42:02.890,1.28371,1.28389,1.13,1.58
2013.04.30 20:42:03.420,1.28371,1.28389,1.13,2.48
2013.04.30 20:42:13.291,1.28375,1.28389,2.25,3.23
2013.04.30 20:42:13.531,1.28379,1.28396,1.65,2.55
2013.04.30 20:42:13.650,1.28379,1.28394,1.65,2.48
2013.04.30 20:42:13.897,1.28379,1.28396,1.65,2.70
2013.04.30 20:42:15.751,1.28379,1.28394,1.65,1.88
2013.04.30 20:42:22.211,1.28379,1.28395,1.65,1.20
2013.04.30 20:42:23.911,1.28379,1.28394,1.65,2.48
2013.04.30 20:42:26.311,1.28379,1.28396,1.65,1.58
2013.04.30 20:42:30.742,1.28379,1.28394,1.65,1.88
2013.04.30 20:42:30.800,1.28379,1.28395,1.65,1.35
2013.04.30 20:42:31.040,1.28379,1.28394,1.65,1.43
2013.04.30 20:42:31.340,1.28379,1.28396,1.65,1.58
2013.04.30 20:42:35.570,1.28379,1.28396,1.65,1.95
2013.04.30 20:42:39.920,1.28376,1.28395,1.35,1.50
2013.04.30 20:42:40.460,1.28373,1.28392,1.73,1.35
2013.04.30 20:42:41.100,1.28373,1.28391,1.13,2.18
2013.04.30 20:42:42.548,1.28374,1.28391,1.50,1.95
2013.04.30 20:42:46.561,1.28373,1.2839,1.13,1.43
2013.04.30 20:42:46.680,1.28373,1.28391,1.13,1.35
2013.04.30 20:42:49.392,1.28372,1.28391,1.50,1.50
2013.04.30 20:42:49.630,1.28375,1.28394,1.58,1.13
2013.04.30 20:42:50.182,1.28374,1.28392,1.58,1.50
2013.04.30 20:42:52.981,1.28374,1.2839,1.58,1.13
2013.04.30 20:42:53.339,1.2837,1.28389,1.50,3.98
2013.04.30 20:42:53.830,1.28372,1.28389,1.35,2.10
2013.04.30 20:43:00.312,1.28372,1.28389,1.35,3.23
2013.04.30 20:43:00.850,1.28369,1.28386,1.50,1.43
2013.04.30 20:43:01.370,1.28369,1.28386,2.10,1.35
2013.04.30 20:43:01.730,1.28371,1.28389,1.35,3.45
2013.04.30 20:43:01.791,1.28371,1.28386,1.35,1.13
2013.04.30 20:43:01.969,1.28371,1.28389,1.35,3.23
2013.04.30 20:43:02.091,1.28369,1.28387,1.65,1.20
2013.04.30 20:43:02.501,1.2837,1.28386,1.35,1.13
2013.04.30 20:43:05.120,1.2837,1.28388,1.35,1.95
2013.04.30 20:43:07.263,1.28369,1.28386,1.65,1.95
2013.04.30 20:43:07.324,1.28369,1.28383,1.50,1.13
2013.04.30 20:43:07.681,1.28369,1.28385,1.50,1.73
2013.04.30 20:43:08.160,1.2837,1.28387,1.35,1.88
2013.04.30 20:43:16.954,1.2837,1.28385,1.35,1.50
2013.04.30 20:43:17.021,1.2837,1.28387,1.35,2.25
2013.04.30 20:43:17.510,1.28369,1.28386,2.18,1.13
2013.04.30 20:43:17.750,1.28368,1.28382,1.35,1.13
2013.04.30 20:43:19.571,1.28368,1.2838,1.35,1.50
2013.04.30 20:43:19.871,1.28358,1.28375,2.18,1.13
2013.04.30 20:43:19.930,1.28359,1.28376,1.35,1.13
2013.04.30 20:43:20.111,1.28361,1.28378,1.43,1.13
2013.04.30 20:43:20.440,1.28362,1.28378,2.48,1.50
2013.04.30 20:43:20.780,1.28359,1.28378,1.88,2.10
2013.04.30 20:43:24.253,1.28359,1.28378,1.88,2.10
2013.04.30 20:43:25.111,1.28359,1.28378,1.88,1.35
2013.04.30 20:43:30.680,1.28358,1.28377,1.35,1.13
2013.04.30 20:43:31.927,1.28356,1.28376,3.38,1.28
2013.04.30 20:43:42.102,1.28356,1.28376,3.38,1.28
2013.04.30 20:43:42.224,1.28356,1.28377,2.63,1.13
2013.04.30 20:43:42.282,1.28356,1.28376,1.50,2.10
2013.04.30 20:43:42.646,1.28356,1.28376,3.38,1.28
2013.04.30 20:43:44.641,1.28356,1.28377,2.63,1.13
2013.04.30 20:43:45.000,1.28356,1.28376,2.63,1.28
2013.04.30 20:43:45.364,1.28359,1.28378,1.43,1.50
2013.04.30 20:43:45.481,1.28359,1.28376,1.43,1.28
2013.04.30 20:43:46.131,1.28359,1.28376,1.43,1.50
2013.04.30 20:43:46.311,1.28356,1.28376,2.48,1.50
2013.04.30 20:43:46.373,1.28354,1.28376,3.23,1.58
2013.04.30 20:43:46.431,1.28356,1.28377,1.35,3.38
2013.04.30 20:43:46.492,1.28358,1.28377,1.88,1.50
2013.04.30 20:43:47.030,1.28357,1.28378,3.23,1.88
2013.04.30 20:43:47.401,1.28359,1.28378,3.23,1.28
2013.04.30 20:43:48.701,1.28358,1.28378,2.48,1.73
2013.04.30 20:43:49.260,1.2836,1.28378,1.43,1.28
2013.04.30 20:43:49.381,1.28358,1.28378,1.43,1.88
2013.04.30 20:43:52.331,1.28358,1.28378,1.43,1.88
2013.04.30 20:43:52.511,1.2836,1.28378,1.43,1.28
2013.04.30 20:43:52.700,1.28358,1.28378,1.43,1.88
2013.04.30 20:44:03.131,1.28358,1.28378,1.43,2.63
2013.04.30 20:44:03.190,1.28359,1.28378,1.88,2.03
2013.04.30 20:44:03.701,1.28358,1.28378,2.48,2.85
2013.04.30 20:44:05.113,1.28358,1.28377,2.48,1.35
2013.04.30 20:44:05.291,1.28358,1.28378,2.48,1.95
2013.04.30 20:44:05.411,1.28354,1.28374,1.73,2.48
2013.04.30 20:44:05.651,1.28357,1.28376,1.88,1.13
2013.04.30 20:44:11.451,1.28354,1.28375,3.38,1.13
2013.04.30 20:44:11.571,1.28357,1.28376,1.88,1.13
2013.04.30 20:44:16.261,1.28357,1.28376,1.88,1.88
2013.04.30 20:44:17.302,1.28356,1.28376,1.95,1.95
2013.04.30 20:44:17.362,1.28356,1.28376,1.95,1.95
2013.04.30 20:44:17.422,1.28357,1.28376,1.88,2.33
2013.04.30 20:44:17.782,1.2836,1.28379,1.88,1.35
2013.04.30 20:44:17.901,1.28361,1.28378,2.18,1.13
2013.04.30 20:44:18.383,1.2836,1.28378,1.88,1.13
2013.04.30 20:44:18.443,1.28358,1.28377,2.48,1.35
2013.04.30 20:44:18.862,1.28354,1.28373,1.20,1.13
2013.04.30 20:44:20.201,1.28353,1.28373,3.23,1.13
2013.04.30 20:44:20.321,1.28353,1.28374,3.23,1.35
2013.04.30 20:44:21.392,1.28355,1.28376,1.88,1.95
2013.04.30 20:44:21.572,1.28353,1.28373,2.18,1.35
2013.04.30 20:44:21.917,1.28357,1.28371,1.88,1.13
2013.04.30 20:44:22.291,1.28359,1.28376,1.35,2.48
2013.04.30 20:44:22.351,1.28359,1.28376,1.35,1.35
2013.04.30 20:44:22.411,1.28359,1.28378,2.63,1.88
2013.04.30 20:44:22.772,1.28363,1.28378,1.43,1.13
2013.04.30 20:44:25.381,1.28359,1.28376,2.18,1.13
2013.04.30 20:44:28.351,1.28359,1.28377,1.43,1.13
2013.04.30 20:44:28.673,1.28361,1.28377,1.43,1.13
2013.04.30 20:44:31.103,1.28359,1.28378,1.88,2.48
2013.04.30 20:44:32.852,1.28359,1.28377,1.88,1.28
2013.04.30 20:44:32.972,1.28358,1.28377,1.35,1.88
2013.04.30 20:44:33.273,1.28358,1.28378,1.35,2.33
2013.04.30 20:44:33.691,1.28361,1.28378,3.23,1.13
2013.04.30 20:44:33.871,1.28361,1.28378,1.35,1.13
2013.04.30 20:44:33.991,1.28359,1.28378,2.48,1.13
2013.04.30 20:44:34.734,1.28358,1.28377,2.63,1.88
2013.04.30 20:44:34.810,1.28358,1.28377,2.63,1.13
2013.04.30 20:44:35.172,1.2836,1.28379,2.48,1.73
2013.04.30 20:44:35.821,1.2836,1.28378,2.48,1.28
2013.04.30 20:44:36.061,1.28358,1.28375,1.35,1.73
2013.04.30 20:44:36.702,1.28358,1.28374,1.35,1.13
2013.04.30 20:44:37.247,1.28356,1.28373,2.63,1.13
2013.04.30 20:44:44.263,1.28358,1.28375,1.35,1.35
2013.04.30 20:44:44.832,1.28359,1.28376,1.58,1.28
2013.04.30 20:44:47.184,1.28358,1.28375,1.35,1.73
2013.04.30 20:44:47.741,1.28359,1.28375,1.58,1.13
2013.04.30 20:44:48.291,1.28357,1.28375,2.10,1.13
2013.04.30 20:44:53.427,1.28357,1.28376,2.10,2.10
2013.04.30 20:44:53.494,1.28356,1.28373,1.43,1.13
2013.04.30 20:44:58.639,1.28355,1.28372,2.18,1.88
2013.04.30 20:44:59.225,1.28355,1.28372,1.35,1.88
2013.04.30 20:44:59.532,1.28353,1.28364,1.88,1.13
2013.04.30 20:44:59.712,1.28349,1.28364,1.88,1.73
2013.04.30 20:44:59.832,1.28345,1.28364,1.88,1.73
2013.04.30 20:45:00.013,1.28343,1.28362,2.63,1.50
2013.04.30 20:45:00.563,1.28345,1.28364,1.88,1.73
2013.04.30 20:45:02.011,1.28345,1.2836,1.88,1.13
2013.04.30 20:45:02.781,1.28343,1.2836,3.23,1.13
2013.04.30 20:45:04.561,1.28343,1.28361,3.23,1.13
2013.04.30 20:45:05.074,1.28345,1.28361,1.43,1.28
2013.04.30 20:45:06.192,1.28345,1.28359,1.43,2.25
2013.04.30 20:45:06.552,1.2834,1.28355,2.48,1.50
2013.04.30 20:45:07.391,1.2834,1.28357,2.48,2.03
2013.04.30 20:45:07.511,1.28342,1.28357,1.35,1.28
2013.04.30 20:45:07.812,1.28342,1.28355,1.43,1.65
2013.04.30 20:45:08.052,1.28334,1.28353,1.35,2.48
2013.04.30 20:45:08.392,1.28334,1.28353,1.35,2.48
2013.04.30 20:45:08.951,1.28335,1.28353,1.58,1.88
2013.04.30 20:45:09.193,1.28337,1.28355,2.25,1.35
2013.04.30 20:45:11.381,1.2834,1.28354,2.25,1.35
2013.04.30 20:45:11.561,1.28341,1.28358,1.50,1.20
2013.04.30 20:45:14.702,1.2834,1.28358,1.50,1.20
2013.04.30 20:45:15.256,1.2834,1.28358,1.50,1.95
2013.04.30 20:45:17.341,1.2834,1.28356,1.50,2.40
2013.04.30 20:45:17.741,1.2834,1.28354,1.50,2.48
2013.04.30 20:45:19.382,1.28347,1.28363,2.48,1.88
2013.04.30 20:45:19.456,1.2834,1.28359,2.85,2.25
2013.04.30 20:45:20.012,1.2834,1.28357,1.50,2.48
2013.04.30 20:45:20.131,1.2834,1.28358,1.50,1.50
2013.04.30 20:45:20.252,1.2834,1.28358,1.50,2.63
2013.04.30 20:45:20.883,1.28341,1.28359,1.50,2.78
2013.04.30 20:45:22.963,1.28341,1.28357,1.50,1.35
2013.04.30 20:45:23.512,1.28341,1.28357,1.50,1.58
2013.04.30 20:45:26.201,1.28339,1.28355,1.35,2.40
2013.04.30 20:45:26.382,1.28334,1.2835,1.35,1.35
2013.04.30 20:45:26.944,1.28341,1.28357,2.10,2.25
2013.04.30 20:45:27.131,1.28343,1.2836,1.50,1.35
2013.04.30 20:45:27.191,1.28343,1.2836,1.35,1.35
2013.04.30 20:45:29.412,1.28341,1.28358,1.50,1.73
2013.04.30 20:45:29.772,1.28348,1.28363,1.65,1.13
2013.04.30 20:45:30.341,1.2835,1.28369,1.35,1.88
2013.04.30 20:45:30.642,1.28349,1.28368,1.43,1.13
2013.04.30 20:45:30.886,1.28345,1.28362,1.35,1.35
2013.04.30 20:45:31.441,1.28344,1.28362,1.58,1.50
2013.04.30 20:45:32.681,1.28345,1.28364,1.88,1.50
2013.04.30 20:45:33.221,1.28344,1.28362,1.58,1.50
2013.04.30 20:45:41.611,1.28343,1.28363,2.48,2.10
2013.04.30 20:45:46.941,1.28343,1.28362,2.48,1.50
2013.04.30 20:45:47.821,1.28341,1.28361,2.48,1.58
2013.04.30 20:45:48.001,1.28341,1.28361,2.48,2.85
2013.04.30 20:45:48.121,1.28338,1.28359,1.58,1.20
2013.04.30 20:45:48.381,1.28338,1.2836,1.58,2.48
2013.04.30 20:45:48.561,1.2834,1.28361,2.48,4.13
2013.04.30 20:45:48.992,1.28338,1.28359,1.88,1.88
2013.04.30 20:45:49.532,1.28336,1.28357,1.43,1.43
2013.04.30 20:45:49.711,1.28336,1.28357,1.43,2.55
2013.04.30 20:45:50.381,1.28334,1.28354,2.10,2.63
2013.04.30 20:45:51.951,1.28334,1.28354,1.58,3.60
2013.04.30 20:45:54.192,1.28334,1.28353,1.95,1.20
2013.04.30 20:45:55.202,1.28334,1.28352,1.13,2.03
2013.04.30 20:45:56.861,1.2833,1.28351,1.95,1.88
2013.04.30 20:45:57.406,1.28333,1.28351,1.13,2.48
2013.04.30 20:45:59.121,1.2833,1.28351,1.35,3.23
2013.04.30 20:46:00.104,1.28332,1.28347,1.50,1.58
2013.04.30 20:46:00.772,1.28332,1.28348,1.50,3.23
2013.04.30 20:46:01.092,1.28332,1.28348,1.28,1.20
2013.04.30 20:46:02.232,1.28333,1.28351,1.13,3.23
2013.04.30 20:46:02.773,1.28336,1.28351,1.13,3.23
2013.04.30 20:46:03.691,1.28335,1.28351,1.13,3.98
2013.04.30 20:46:04.241,1.28336,1.28351,1.13,3.23
2013.04.30 20:46:08.430,1.28336,1.28351,1.28,3.23
2013.04.30 20:46:08.551,1.28342,1.28351,1.28,3.23
2013.04.30 20:46:08.612,1.28341,1.28355,1.13,2.48
2013.04.30 20:46:08.671,1.28341,1.28356,1.13,2.18
2013.04.30 20:46:08.971,1.28342,1.28358,1.28,2.93
2013.04.30 20:46:09.792,1.28342,1.28357,1.28,1.35
2013.04.30 20:46:10.331,1.28341,1.28357,1.13,1.35
2013.04.30 20:46:10.391,1.28341,1.28356,1.50,2.63
2013.04.30 20:46:12.661,1.28337,1.28354,2.25,1.35
2013.04.30 20:46:12.722,1.28335,1.28352,1.35,1.35
2013.04.30 20:46:12.782,1.28335,1.2835,1.13,1.88
2013.04.30 20:46:13.021,1.28332,1.28348,2.63,1.35
2013.04.30 20:46:13.081,1.28335,1.2835,1.13,1.88
2013.04.30 20:46:13.201,1.28334,1.28351,1.13,1.20
2013.04.30 20:46:14.491,1.28337,1.28351,1.13,2.48
2013.04.30 20:46:15.611,1.28332,1.28351,2.25,3.23
2013.04.30 20:46:18.121,1.28334,1.28351,1.13,3.23
2013.04.30 20:46:18.243,1.28332,1.28351,1.13,3.23
2013.04.30 20:46:18.421,1.28332,1.28351,2.25,3.23
2013.04.30 20:46:18.481,1.28332,1.28351,2.85,1.95
2013.04.30 20:46:18.601,1.28332,1.2835,2.25,1.88
2013.04.30 20:46:19.254,1.28332,1.2835,1.13,1.88
2013.04.30 20:46:19.812,1.2833,1.28347,1.50,1.58
2013.04.30 20:46:20.232,1.28328,1.28346,1.05,1.43
2013.04.30 20:46:20.292,1.28328,1.28342,1.05,1.88
2013.04.30 20:46:20.531,1.28327,1.28343,1.13,1.35
2013.04.30 20:46:20.831,1.28327,1.28342,1.13,2.48
2013.04.30 20:46:21.042,1.28327,1.28344,1.13,2.48
2013.04.30 20:46:31.161,1.28328,1.28344,1.13,2.48
2013.04.30 20:46:31.401,1.28326,1.28345,1.35,1.35
2013.04.30 20:46:31.581,1.28329,1.28347,1.13,3.23
2013.04.30 20:46:32.107,1.28329,1.28347,1.50,1.58
2013.04.30 20:46:36.291,1.28329,1.28346,1.13,2.48
2013.04.30 20:46:36.651,1.28332,1.28349,1.28,1.35
2013.04.30 20:46:37.383,1.28332,1.2835,1.28,1.43
2013.04.30 20:46:40.013,1.28329,1.2835,2.18,1.80
2013.04.30 20:46:40.571,1.28327,1.28345,1.28,1.58
2013.04.30 20:46:42.562,1.28325,1.28345,2.10,1.58
2013.04.30 20:46:42.862,1.28325,1.28343,1.13,1.43
2013.04.30 20:46:47.112,1.28325,1.28343,1.20,1.43
2013.04.30 20:46:47.292,1.28332,1.2835,1.35,1.20
2013.04.30 20:46:47.864,1.28333,1.28351,1.35,1.50
2013.04.30 20:46:48.081,1.28333,1.28353,1.35,1.43
2013.04.30 20:46:50.062,1.28333,1.28352,1.50,1.95
2013.04.30 20:46:50.122,1.28332,1.28349,1.35,1.20
2013.04.30 20:46:50.431,1.28328,1.28349,1.88,3.23
2013.04.30 20:46:51.131,1.28329,1.28351,1.35,3.60
2013.04.30 20:46:51.251,1.28329,1.28351,1.13,3.98
2013.04.30 20:46:51.371,1.28328,1.28348,1.50,1.43
2013.04.30 20:46:51.723,1.28328,1.28346,1.28,1.88
2013.04.30 20:46:52.451,1.28328,1.28348,1.95,2.63
2013.04.30 20:46:52.632,1.28327,1.28348,1.88,2.25
2013.04.30 20:46:52.691,1.28328,1.28346,1.20,2.63
2013.04.30 20:46:52.991,1.28325,1.28344,1.50,2.48
2013.04.30 20:47:03.959,1.28328,1.28346,1.13,1.58
2013.04.30 20:47:04.772,1.28326,1.28346,1.50,1.58
2013.04.30 20:47:04.831,1.28325,1.28345,1.95,1.35
2013.04.30 20:47:05.264,1.28325,1.28345,1.58,1.35
2013.04.30 20:47:07.964,1.28325,1.28345,1.58,1.35
2013.04.30 20:47:10.635,1.28325,1.28345,1.58,2.10
2013.04.30 20:47:10.824,1.28322,1.28339,1.20,1.35
2013.04.30 20:47:12.002,1.28321,1.28342,3.23,1.73
2013.04.30 20:47:12.542,1.28321,1.28342,3.23,2.48
2013.04.30 20:47:12.661,1.2832,1.28339,1.13,1.50
2013.04.30 20:47:13.202,1.2832,1.28341,2.63,1.73
2013.04.30 20:47:14.462,1.2832,1.28338,1.58,1.35
2013.04.30 20:47:16.452,1.2832,1.28338,3.45,1.35
2013.04.30 20:47:16.512,1.2832,1.28338,4.20,1.35
2013.04.30 20:47:16.691,1.28326,1.28343,2.03,1.35
2013.04.30 20:47:16.872,1.28324,1.28345,3.60,1.35
2013.04.30 20:47:19.181,1.28324,1.28342,1.50,1.35
2013.04.30 20:47:20.212,1.28322,1.28342,1.20,2.10
2013.04.30 20:47:20.452,1.2832,1.28338,4.73,1.58
2013.04.30 20:47:20.972,1.2832,1.28337,3.53,1.43
2013.04.30 20:47:21.233,1.2832,1.28338,3.53,1.35
2013.04.30 20:47:24.882,1.2832,1.28338,4.28,1.35
2013.04.30 20:47:26.212,1.28323,1.28339,1.28,1.35
2013.04.30 20:47:27.187,1.28321,1.28339,1.58,1.35
2013.04.30 20:47:27.615,1.28321,1.28339,1.35,1.35
2013.04.30 20:47:27.682,1.28324,1.2834,1.13,1.58
2013.04.30 20:47:28.221,1.28325,1.28344,1.13,1.35
2013.04.30 20:47:30.573,1.28328,1.28346,1.13,3.38
2013.04.30 20:47:30.693,1.28327,1.28346,1.13,2.63
2013.04.30 20:47:30.812,1.28332,1.28348,1.13,2.25
2013.04.30 20:47:30.873,1.28332,1.28349,1.13,1.50
2013.04.30 20:47:35.081,1.28328,1.28348,2.25,2.63
2013.04.30 20:47:35.442,1.28327,1.28345,1.28,1.88
2013.04.30 20:47:46.153,1.2833,1.28345,1.50,1.88
2013.04.30 20:47:55.852,1.28329,1.28339,1.13,1.35
2013.04.30 20:47:55.972,1.28325,1.28338,1.28,1.88
2013.04.30 20:47:56.032,1.28324,1.28338,1.28,1.88
2013.04.30 20:47:56.091,1.28324,1.2834,1.28,3.23
2013.04.30 20:47:56.272,1.28323,1.2834,1.28,2.48
2013.04.30 20:47:56.397,1.28324,1.2834,1.13,2.48
2013.04.30 20:47:56.523,1.28325,1.28345,1.80,1.35
2013.04.30 20:47:56.702,1.28323,1.2834,1.13,2.48
2013.04.30 20:48:00.462,1.28322,1.2834,1.28,3.23
2013.04.30 20:48:00.581,1.28327,1.2834,1.13,3.23
2013.04.30 20:48:00.761,1.28326,1.28345,2.48,1.35
2013.04.30 20:48:00.822,1.28323,1.28344,2.25,1.88
2013.04.30 20:48:01.181,1.28326,1.28339,1.13,2.48
2013.04.30 20:48:01.302,1.28326,1.28345,1.88,1.35
2013.04.30 20:48:01.366,1.28324,1.28345,2.85,1.73
2013.04.30 20:48:01.432,1.28324,1.28345,2.85,1.73
2013.04.30 20:48:02.037,1.28321,1.2834,2.25,2.48
2013.04.30 20:48:13.972,1.28322,1.28342,1.20,1.88
2013.04.30 20:48:14.105,1.28322,1.28342,1.80,1.88
2013.04.30 20:48:14.172,1.28324,1.28344,1.20,1.88
2013.04.30 20:48:15.142,1.28324,1.28344,1.35,1.88
2013.04.30 20:48:19.811,1.28324,1.28342,1.20,1.35
2013.04.30 20:48:20.186,1.2832,1.28339,2.03,1.43
2013.04.30 20:48:22.725,1.28321,1.2834,1.73,1.58
2013.04.30 20:48:24.413,1.2832,1.28338,3.23,1.58
2013.04.30 20:48:24.951,1.2832,1.28338,2.03,1.35
2013.04.30 20:48:27.682,1.28319,1.28339,3.75,1.43
2013.04.30 20:48:28.722,1.28319,1.28338,3.75,1.43
2013.04.30 20:48:28.782,1.28319,1.28337,3.15,2.48
2013.04.30 20:48:31.452,1.28319,1.28338,3.38,1.43
2013.04.30 20:48:31.572,1.28323,1.2834,1.58,1.35
2013.04.30 20:48:31.752,1.2833,1.28345,1.35,1.13
2013.04.30 20:48:31.812,1.28331,1.28345,1.88,1.13
2013.04.30 20:48:32.171,1.28329,1.28345,1.43,1.13
2013.04.30 20:48:32.732,1.28322,1.28342,1.20,2.48
2013.04.30 20:48:35.313,1.2832,1.2834,1.13,2.18
2013.04.30 20:48:35.431,1.28318,1.28339,1.13,2.48
2013.04.30 20:48:42.191,1.28321,1.28341,1.35,2.48
2013.04.30 20:48:44.184,1.28321,1.2834,1.20,1.95
2013.04.30 20:48:44.423,1.28321,1.28341,1.13,2.18
2013.04.30 20:48:45.771,1.28318,1.28338,1.80,1.35
2013.04.30 20:48:45.850,1.2832,1.28336,1.50,2.48
2013.04.30 20:48:45.925,1.28326,1.28339,1.13,1.50
2013.04.30 20:48:45.992,1.28326,1.2834,1.13,1.35
2013.04.30 20:48:46.172,1.28321,1.28339,1.88,1.13
2013.04.30 20:48:46.240,1.28323,1.28339,2.48,1.13
2013.04.30 20:48:46.313,1.28318,1.28339,2.48,1.73
2013.04.30 20:48:46.373,1.28322,1.28341,1.13,3.23
2013.04.30 20:48:46.735,1.28327,1.28342,1.20,1.50
2013.04.30 20:48:51.792,1.28323,1.2834,3.23,1.13
2013.04.30 20:48:51.971,1.2832,1.2834,2.03,1.95
2013.04.30 20:48:52.862,1.28319,1.28338,1.20,1.20
2013.04.30 20:48:55.303,1.28319,1.28336,1.20,1.13
2013.04.30 20:48:55.812,1.28319,1.28339,1.20,2.63
2013.04.30 20:48:55.872,1.28317,1.28337,3.45,1.88
2013.04.30 20:48:56.211,1.28317,1.28335,3.23,1.13
2013.04.30 20:48:56.603,1.28317,1.28331,1.73,1.50
2013.04.30 20:48:56.665,1.28315,1.28331,1.50,1.50
2013.04.30 20:48:56.733,1.28317,1.28331,1.50,1.35
2013.04.30 20:48:56.854,1.28314,1.28333,3.23,1.35
2013.04.30 20:48:56.972,1.28313,1.28335,1.58,2.48
2013.04.30 20:48:57.092,1.28317,1.28336,3.08,1.28
2013.04.30 20:48:57.452,1.28321,1.28337,1.43,1.50
2013.04.30 20:48:57.572,1.28317,1.28336,4.73,1.35
2013.04.30 20:48:58.124,1.28317,1.28337,4.43,1.35
2013.04.30 20:49:02.311,1.28317,1.28337,4.80,1.35
2013.04.30 20:49:02.372,1.28317,1.28337,4.43,1.35
2013.04.30 20:49:02.793,1.28316,1.28333,2.40,1.43
2013.04.30 20:49:02.852,1.28316,1.28334,3.00,1.88
2013.04.30 20:49:02.912,1.28323,1.28341,3.38,1.13
2013.04.30 20:49:03.033,1.28328,1.28341,2.48,1.13
2013.04.30 20:49:03.213,1.2832,1.2834,1.80,1.35
2013.04.30 20:49:03.331,1.2832,1.28339,1.58,1.13
2013.04.30 20:49:04.941,1.28319,1.28339,1.80,2.33
2013.04.30 20:49:07.567,1.28319,1.28339,1.73,1.43
2013.04.30 20:49:08.232,1.28321,1.2834,1.20,1.58
2013.04.30 20:49:13.333,1.28319,1.28339,1.13,1.43
2013.04.30 20:49:23.232,1.28319,1.28339,1.50,1.43
2013.04.30 20:49:24.041,1.28322,1.28341,3.38,1.35
2013.04.30 20:49:27.534,1.28322,1.28341,2.03,1.35
2013.04.30 20:49:28.072,1.2832,1.2834,1.20,1.35
2013.04.30 20:49:30.261,1.28319,1.28337,1.20,1.35
2013.04.30 20:49:34.053,1.28319,1.28335,1.20,1.13
2013.04.30 20:49:37.181,1.2832,1.28338,2.48,1.13
2013.04.30 20:49:37.302,1.28323,1.28342,1.88,1.73
2013.04.30 20:49:37.363,1.28326,1.28342,1.13,1.73
2013.04.30 20:49:37.911,1.28324,1.28342,1.95,1.73
2013.04.30 20:49:38.498,1.28327,1.28342,1.80,1.13
2013.04.30 20:49:39.872,1.28325,1.28342,1.13,1.13
2013.04.30 20:49:41.662,1.28326,1.28342,1.95,1.13
2013.04.30 20:49:57.593,1.28327,1.28341,2.48,1.28
2013.04.30 20:50:07.703,1.28325,1.28341,1.88,1.35
2013.04.30 20:50:07.763,1.28321,1.28341,2.55,1.35
2013.04.30 20:50:08.303,1.28324,1.28343,1.35,1.35
2013.04.30 20:50:08.423,1.28325,1.28343,1.50,1.35
2013.04.30 20:50:08.781,1.28335,1.28351,1.88,1.13
2013.04.30 20:50:08.962,1.28334,1.28351,1.43,1.13
2013.04.30 20:50:12.382,1.28333,1.28352,2.48,1.35
2013.04.30 20:50:14.101,1.28333,1.28349,2.48,1.50
2013.04.30 20:50:14.652,1.28329,1.28345,1.43,1.13
2013.04.30 20:50:14.772,1.28326,1.28345,1.43,1.13
2013.04.30 20:50:27.242,1.28326,1.28346,1.80,1.35
2013.04.30 20:50:27.782,1.28326,1.28346,1.43,1.35
2013.04.30 20:50:27.842,1.28318,1.28342,1.13,1.13
2013.04.30 20:50:28.021,1.28318,1.28338,1.58,1.50
2013.04.30 20:50:28.142,1.28319,1.28338,1.58,2.10
2013.04.30 20:50:28.911,1.2832,1.28339,1.88,1.95
2013.04.30 20:50:29.644,1.28319,1.28337,1.35,1.13
2013.04.30 20:50:36.472,1.28319,1.28333,2.25,1.13
2013.04.30 20:50:37.169,1.2832,1.28335,2.25,1.73
2013.04.30 20:50:41.370,1.2832,1.28336,2.85,1.13
2013.04.30 20:50:42.781,1.2832,1.28336,2.85,1.13
2013.04.30 20:50:45.491,1.28318,1.28336,2.48,1.13
2013.04.30 20:50:45.971,1.28318,1.28336,2.48,1.13
2013.04.30 20:50:46.641,1.2832,1.28336,2.85,1.13
2013.04.30 20:50:49.343,1.2832,1.28336,2.85,1.13
2013.04.30 20:50:52.282,1.28318,1.28336,1.88,1.13
2013.04.30 20:50:53.112,1.2832,1.28335,1.13,1.50
2013.04.30 20:50:55.072,1.2832,1.28336,1.80,1.13
2013.04.30 20:50:57.971,1.2832,1.2834,1.80,1.50
2013.04.30 20:50:58.152,1.28318,1.28338,2.18,1.35
2013.04.30 20:50:58.751,1.28319,1.28337,1.20,1.35
2013.04.30 20:51:00.061,1.2832,1.28338,1.43,1.13
2013.04.30 20:51:03.781,1.28317,1.28338,2.85,1.73
2013.04.30 20:51:05.122,1.28317,1.28336,1.35,1.35
2013.04.30 20:51:06.281,1.28317,1.28338,2.85,1.73
2013.04.30 20:51:06.921,1.28323,1.2834,1.13,2.48
2013.04.30 20:51:07.041,1.28318,1.28338,1.20,1.35
2013.04.30 20:51:08.102,1.28317,1.28331,1.20,1.13
2013.04.30 20:51:08.712,1.28319,1.28331,1.13,1.13
2013.04.30 20:51:09.072,1.28319,1.28331,1.35,1.13
2013.04.30 20:51:11.171,1.28316,1.28331,5.85,1.13
2013.04.30 20:51:14.151,1.28315,1.2833,2.25,1.50
2013.04.30 20:51:16.130,1.28315,1.28331,2.85,1.13
2013.04.30 20:51:18.838,1.28317,1.28331,2.25,1.13
2013.04.30 20:51:20.177,1.28317,1.2833,2.25,1.50
2013.04.30 20:51:20.913,1.28317,1.2833,2.25,1.50
2013.04.30 20:51:22.802,1.28316,1.28331,3.00,1.58
2013.04.30 20:51:23.362,1.28316,1.28333,3.00,1.35
2013.04.30 20:51:23.882,1.28316,1.28331,2.25,1.13
2013.04.30 20:51:26.483,1.28319,1.28331,1.13,1.13
2013.04.30 20:51:26.602,1.28316,1.28331,3.38,1.13
2013.04.30 20:51:28.062,1.28316,1.28331,2.25,1.13
2013.04.30 20:51:28.462,1.28314,1.28331,2.25,1.88
2013.04.30 20:51:28.523,1.28314,1.28331,2.25,1.88
2013.04.30 20:51:28.581,1.28314,1.28331,2.25,1.88
2013.04.30 20:51:28.881,1.28314,1.28327,2.25,1.13
2013.04.30 20:51:33.731,1.28314,1.28327,3.00,1.13
2013.04.30 20:51:33.791,1.28314,1.28327,2.25,1.13
2013.04.30 20:51:37.764,1.28309,1.28327,2.48,1.88
2013.04.30 20:51:37.823,1.28307,1.28326,1.88,1.50
2013.04.30 20:51:37.881,1.28305,1.28324,1.50,1.35
2013.04.30 20:51:38.920,1.28305,1.28324,1.50,1.35
2013.04.30 20:51:41.760,1.28306,1.28325,2.63,2.10
2013.04.30 20:51:41.940,1.28305,1.28324,1.35,1.50
2013.04.30 20:51:43.463,1.28303,1.28322,1.35,1.35
2013.04.30 20:51:47.200,1.28308,1.28322,1.13,1.35
2013.04.30 20:51:48.190,1.28306,1.28322,1.88,1.35
2013.04.30 20:51:48.630,1.28303,1.28322,1.35,1.35
2013.04.30 20:51:49.161,1.283,1.28319,1.73,1.35
2013.04.30 20:51:53.331,1.28299,1.28314,1.50,1.58
2013.04.30 20:51:55.001,1.28297,1.28314,1.13,1.35
2013.04.30 20:51:56.512,1.28299,1.28314,1.28,1.35
2013.04.30 20:51:57.051,1.28297,1.28314,1.13,1.58
2013.04.30 20:51:58.573,1.28297,1.28315,1.13,3.60
2013.04.30 20:51:58.871,1.28298,1.28315,1.50,1.73
2013.04.30 20:52:00.280,1.28298,1.28316,1.50,1.95
2013.04.30 20:52:00.663,1.28297,1.28315,1.13,2.85
2013.04.30 20:52:04.243,1.28297,1.28316,1.73,1.73
2013.04.30 20:52:11.923,1.28301,1.28314,1.13,1.13
2013.04.30 20:52:24.481,1.28301,1.28316,1.13,2.93
2013.04.30 20:52:25.034,1.28301,1.28315,1.13,1.35
2013.04.30 20:52:28.182,1.28299,1.28314,1.05,2.33
2013.04.30 20:52:28.752,1.28296,1.28313,1.13,1.35
2013.04.30 20:52:30.291,1.28296,1.28312,1.13,2.55
2013.04.30 20:52:30.352,1.28296,1.2831,1.13,2.48
2013.04.30 20:52:30.961,1.28296,1.28312,1.13,3.00
2013.04.30 20:52:33.771,1.28296,1.28312,1.73,1.13
2013.04.30 20:52:34.902,1.28296,1.28312,1.13,1.88
2013.04.30 20:52:35.022,1.28294,1.28309,1.80,1.88
2013.04.30 20:52:35.382,1.28293,1.28303,1.13,1.88
2013.04.30 20:52:35.441,1.28293,1.28304,1.13,1.73
2013.04.30 20:52:35.621,1.2829,1.28304,1.28,1.73
2013.04.30 20:52:36.072,1.2829,1.28303,1.13,2.48
2013.04.30 20:52:36.379,1.28292,1.28303,1.13,1.13
2013.04.30 20:52:36.622,1.28286,1.28302,1.88,1.20
2013.04.30 20:52:39.121,1.28286,1.28301,1.88,1.13
2013.04.30 20:52:39.771,1.28286,1.28303,1.88,1.35
2013.04.30 20:52:40.332,1.2829,1.28302,1.50,2.25
2013.04.30 20:52:40.513,1.28284,1.283,1.50,1.73
2013.04.30 20:52:40.632,1.28285,1.28299,1.35,1.50
2013.04.30 20:52:41.171,1.28282,1.28296,1.13,2.18
2013.04.30 20:52:41.292,1.28282,1.28297,1.13,1.35
2013.04.30 20:52:43.763,1.2828,1.28297,1.35,1.35
2013.04.30 20:52:43.822,1.28278,1.28297,2.63,1.35
2013.04.30 20:52:44.183,1.28264,1.28284,2.85,2.10
2013.04.30 20:52:44.243,1.28263,1.28281,1.20,2.48
2013.04.30 20:52:44.542,1.2826,1.2828,1.20,2.25
2013.04.30 20:52:44.781,1.28262,1.28281,1.13,1.13
2013.04.30 20:52:44.842,1.28262,1.2828,1.13,1.13
2013.04.30 20:52:45.379,1.28261,1.2828,1.20,1.13
2013.04.30 20:52:45.902,1.2826,1.28279,1.20,1.20
2013.04.30 20:52:47.823,1.2826,1.28278,1.20,1.73
2013.04.30 20:52:48.291,1.28259,1.28278,1.88,1.73
2013.04.30 20:52:48.413,1.28261,1.28278,1.88,1.13
2013.04.30 20:52:48.724,1.28258,1.28275,2.48,1.13
2013.04.30 20:52:51.362,1.28258,1.28276,3.23,1.13
2013.04.30 20:52:52.171,1.28258,1.28279,2.48,2.48
2013.04.30 20:52:52.232,1.2826,1.28279,1.88,1.20
2013.04.30 20:52:52.558,1.28256,1.28276,1.88,1.95
2013.04.30 20:52:56.642,1.28255,1.28275,1.58,1.88
2013.04.30 20:52:56.702,1.28258,1.28269,1.58,1.13
2013.04.30 20:52:56.822,1.28259,1.28278,2.48,1.73
2013.04.30 20:52:56.882,1.2826,1.28278,1.20,1.73
2013.04.30 20:52:57.244,1.28259,1.28278,2.48,1.73
2013.04.30 20:52:57.302,1.28259,1.2828,2.48,2.48
2013.04.30 20:52:57.422,1.28262,1.28283,1.43,1.88
2013.04.30 20:52:57.541,1.28263,1.28284,2.48,2.48
2013.04.30 20:52:58.102,1.28263,1.2828,1.88,1.35
2013.04.30 20:52:58.161,1.2826,1.28279,1.35,2.63
2013.04.30 20:52:58.681,1.28259,1.28279,1.58,2.63
2013.04.30 20:52:58.981,1.2826,1.28279,1.88,1.35
2013.04.30 20:52:59.922,1.28262,1.28282,2.48,1.95
2013.04.30 20:53:01.052,1.28262,1.28278,2.48,1.13
2013.04.30 20:53:01.172,1.28262,1.28282,2.48,1.58
2013.04.30 20:53:01.233,1.28261,1.2828,2.85,1.13
2013.04.30 20:53:01.412,1.28259,1.28279,1.73,1.20
2013.04.30 20:53:01.472,1.28258,1.28269,1.20,1.13
2013.04.30 20:53:01.652,1.28257,1.28273,1.50,1.58
2013.04.30 20:53:01.832,1.28254,1.28274,1.80,1.73
2013.04.30 20:53:02.575,1.2826,1.28277,1.88,1.88
2013.04.30 20:53:02.632,1.28262,1.28283,1.35,2.48
2013.04.30 20:53:02.692,1.28263,1.28283,1.88,1.43
2013.04.30 20:53:03.231,1.28262,1.28283,1.35,2.48
2013.04.30 20:53:07.092,1.28263,1.28284,1.88,1.88
2013.04.30 20:53:09.121,1.28265,1.28285,2.48,1.20
2013.04.30 20:53:10.111,1.28267,1.28285,2.48,1.13
2013.04.30 20:53:10.412,1.28255,1.28269,2.25,1.28
2013.04.30 20:53:10.472,1.28254,1.28269,1.50,1.28
2013.04.30 20:53:10.652,1.28253,1.28264,1.88,1.13
2013.04.30 20:53:10.712,1.28252,1.28264,1.43,1.13
2013.04.30 20:53:10.832,1.28251,1.2827,2.48,1.35
2013.04.30 20:53:12.382,1.28253,1.28272,1.88,2.33
2013.04.30 20:53:13.032,1.28253,1.28273,2.63,2.10
2013.04.30 20:53:13.591,1.28252,1.28272,2.33,1.20
2013.04.30 20:53:18.443,1.28251,1.28269,1.58,1.13
2013.04.30 20:53:18.862,1.28249,1.28268,2.10,1.20
2013.04.30 20:53:20.942,1.2825,1.2827,1.80,1.73
2013.04.30 20:53:22.211,1.2825,1.2827,1.80,1.73
2013.04.30 20:53:26.892,1.2825,1.28271,1.80,2.55
2013.04.30 20:53:27.012,1.2825,1.28271,1.80,1.43
2013.04.30 20:53:27.072,1.2825,1.28271,1.43,1.80
2013.04.30 20:53:27.252,1.28244,1.28267,2.63,1.58
2013.04.30 20:53:27.312,1.28244,1.28258,2.63,1.13
2013.04.30 20:53:27.372,1.28245,1.28258,1.80,1.13
2013.04.30 20:53:27.492,1.28245,1.28259,1.20,1.13
2013.04.30 20:53:27.612,1.28246,1.28267,1.13,3.23
2013.04.30 20:53:27.672,1.28248,1.28264,1.50,1.88
2013.04.30 20:53:27.732,1.2825,1.28269,1.20,1.58
2013.04.30 20:53:27.971,1.28251,1.28271,3.60,1.28
2013.04.30 20:53:28.031,1.28251,1.28268,3.60,1.13
2013.04.30 20:53:28.152,1.28248,1.28268,2.85,1.95
2013.04.30 20:53:28.211,1.28248,1.28269,2.85,2.85
2013.04.30 20:53:36.512,1.2825,1.28271,2.03,3.15
2013.04.30 20:53:40.691,1.2825,1.2827,2.03,1.35
2013.04.30 20:53:42.311,1.2825,1.28271,2.03,2.40
2013.04.30 20:53:46.821,1.2825,1.2827,2.03,1.35
2013.04.30 20:53:48.851,1.28253,1.28271,1.13,2.03
2013.04.30 20:53:49.213,1.28255,1.28274,1.35,2.48
2013.04.30 20:53:49.272,1.28255,1.28272,1.35,1.35
2013.04.30 20:53:49.332,1.28252,1.28271,1.35,1.35
2013.04.30 20:53:49.392,1.28256,1.28273,1.88,2.10
2013.04.30 20:53:49.513,1.28256,1.28273,1.20,2.10
2013.04.30 20:53:49.953,1.28254,1.28273,1.88,2.10
2013.04.30 20:53:51.142,1.28253,1.28272,1.20,1.35
2013.04.30 20:53:53.622,1.28261,1.28273,1.50,1.20
2013.04.30 20:53:53.683,1.28262,1.28276,1.28,1.88
2013.04.30 20:53:53.742,1.28262,1.28279,1.28,2.48
2013.04.30 20:53:53.803,1.28263,1.28281,1.95,2.48
2013.04.30 20:53:53.863,1.28264,1.28285,1.88,2.18
2013.04.30 20:53:53.985,1.28263,1.28282,1.43,1.88
2013.04.30 20:53:54.112,1.2826,1.2828,1.20,1.20
2013.04.30 20:53:54.672,1.28257,1.28277,2.63,1.35
2013.04.30 20:53:54.732,1.28257,1.28276,1.35,1.88
2013.04.30 20:54:00.705,1.28257,1.28272,1.50,1.13
2013.04.30 20:54:00.763,1.28257,1.28274,1.50,1.35
2013.04.30 20:54:01.287,1.28257,1.28276,3.23,1.35
2013.04.30 20:54:06.282,1.28257,1.28274,1.35,1.35
2013.04.30 20:54:07.892,1.28255,1.28276,2.48,2.48
2013.04.30 20:54:07.952,1.28258,1.28278,1.73,2.18
2013.04.30 20:54:08.132,1.28257,1.28278,1.43,1.43
2013.04.30 20:54:09.341,1.28259,1.2828,1.43,1.43
2013.04.30 20:54:12.533,1.28264,1.2828,1.13,1.43
2013.04.30 20:54:13.912,1.28263,1.28281,1.88,1.58
2013.04.30 20:54:14.031,1.2826,1.28281,1.88,1.88
2013.04.30 20:54:14.544,1.28257,1.28273,1.88,2.63
2013.04.30 20:54:14.631,1.28252,1.28273,2.48,2.48
2013.04.30 20:54:14.752,1.28254,1.28274,1.20,1.88
2013.04.30 20:54:14.933,1.28255,1.28277,1.20,3.23
2013.04.30 20:54:15.051,1.28257,1.28277,1.20,1.20
2013.04.30 20:54:15.952,1.28255,1.28277,1.20,2.48
2013.04.30 20:54:16.351,1.28254,1.28275,1.58,1.88
2013.04.30 20:54:16.531,1.28253,1.28274,1.80,1.43
2013.04.30 20:54:16.711,1.28255,1.28276,1.88,1.88
2013.04.30 20:54:23.241,1.28262,1.28276,1.13,1.88
2013.04.30 20:54:23.361,1.28262,1.28282,1.95,1.88
2013.04.30 20:54:26.661,1.28261,1.28282,1.88,2.25
2013.04.30 20:54:28.272,1.28261,1.28277,1.88,1.13
2013.04.30 20:54:28.451,1.28259,1.28278,2.48,1.35
2013.04.30 20:54:28.632,1.28256,1.28276,1.43,1.35
2013.04.30 20:54:29.713,1.28256,1.28273,1.20,1.35
2013.04.30 20:54:31.061,1.28255,1.28273,1.20,1.35
2013.04.30 20:54:31.182,1.28252,1.28271,2.48,1.35
2013.04.30 20:54:32.241,1.28254,1.28273,2.48,1.35
2013.04.30 20:54:32.361,1.28252,1.28272,1.58,1.35
2013.04.30 20:54:32.542,1.28253,1.28274,2.48,1.35
2013.04.30 20:54:33.272,1.28252,1.28269,1.43,1.35
2013.04.30 20:54:33.814,1.2825,1.28269,3.98,1.35
2013.04.30 20:54:34.117,1.28252,1.28271,2.48,1.35
2013.04.30 20:54:35.022,1.28257,1.28271,1.13,1.35
2013.04.30 20:54:36.069,1.2826,1.28275,1.13,1.35
2013.04.30 20:54:38.101,1.28265,1.28277,1.13,3.23
2013.04.30 20:54:38.342,1.28258,1.28277,1.88,1.35
2013.04.30 20:54:38.462,1.28255,1.28274,1.88,1.35
2013.04.30 20:54:39.012,1.28256,1.28277,2.48,1.35
2013.04.30 20:54:40.512,1.28259,1.28279,1.43,1.35
2013.04.30 20:54:46.152,1.2826,1.28279,1.73,1.35
2013.04.30 20:54:46.632,1.28257,1.28276,1.88,1.35
2013.04.30 20:54:46.759,1.28256,1.28274,2.18,1.35
2013.04.30 20:54:51.033,1.28258,1.28274,1.13,1.35
2013.04.30 20:54:53.212,1.28263,1.28276,1.13,2.48
2013.04.30 20:54:53.332,1.28258,1.28277,1.88,1.35
2013.04.30 20:54:57.991,1.2826,1.28277,1.35,1.50
2013.04.30 20:54:58.052,1.28269,1.28278,1.13,1.20
2013.04.30 20:54:58.111,1.2826,1.28279,1.50,2.63
2013.04.30 20:54:58.172,1.28265,1.28281,1.43,1.13
2013.04.30 20:55:00.081,1.28264,1.28282,1.88,2.03
2013.04.30 20:55:00.262,1.28267,1.28282,1.13,2.03
2013.04.30 20:55:00.441,1.28255,1.28282,1.50,2.03
2013.04.30 20:55:00.961,1.28258,1.28282,1.13,2.03
2013.04.30 20:55:01.081,1.28255,1.28282,1.73,2.03
2013.04.30 20:55:01.442,1.28253,1.28287,1.13,1.65
2013.04.30 20:55:01.563,1.28252,1.28286,1.88,1.28
2013.04.30 20:55:01.921,1.2826,1.28287,1.39,1.88
2013.04.30 20:55:02.042,1.2827,1.28298,1.58,1.69
2013.04.30 20:55:02.101,1.2827,1.28298,1.58,1.50
2013.04.30 20:55:02.696,1.28269,1.28298,1.35,1.50
2013.04.30 20:55:02.811,1.28269,1.28298,2.63,1.50
2013.04.30 20:55:03.171,1.28272,1.28298,1.58,1.50
2013.04.30 20:55:03.632,1.28272,1.28302,1.95,1.13
2013.04.30 20:55:05.391,1.28272,1.28302,1.39,1.13
2013.04.30 20:55:05.752,1.28276,1.28305,1.13,1.13
2013.04.30 20:55:06.874,1.28276,1.28304,1.13,1.13
2013.04.30 20:55:07.231,1.28276,1.28306,2.25,1.50
2013.04.30 20:55:09.132,1.28276,1.28305,2.25,1.50
2013.04.30 20:55:09.192,1.28276,1.28303,1.13,1.88
2013.04.30 20:55:09.372,1.28274,1.28303,1.50,1.13
2013.04.30 20:55:11.071,1.28272,1.28303,1.13,1.88
2013.04.30 20:55:11.698,1.28272,1.28303,1.13,1.88
2013.04.30 20:55:11.762,1.2827,1.28302,2.63,1.88
2013.04.30 20:55:12.132,1.2827,1.28298,1.88,1.13
2013.04.30 20:55:12.251,1.2827,1.28302,1.50,1.50
2013.04.30 20:55:12.372,1.2827,1.28298,2.10,1.13
2013.04.30 20:55:12.672,1.2827,1.283,1.50,1.35
2013.04.30 20:55:12.732,1.2827,1.28297,1.50,1.13
2013.04.30 20:55:13.462,1.2827,1.28301,1.88,1.88
2013.04.30 20:55:14.037,1.28271,1.28302,1.35,1.13
2013.04.30 20:55:14.483,1.2827,1.28297,2.93,1.13
2013.04.30 20:55:14.602,1.2827,1.28303,3.23,2.25
2013.04.30 20:55:15.382,1.2827,1.28301,1.50,1.13
2013.04.30 20:55:15.623,1.2827,1.28304,1.88,1.13
2013.04.30 20:55:16.043,1.28273,1.28305,1.50,1.13
2013.04.30 20:55:16.372,1.28273,1.28302,1.88,1.13
2013.04.30 20:55:16.553,1.28273,1.28305,2.10,1.13
2013.04.30 20:55:17.715,1.28273,1.28304,1.88,1.13
2013.04.30 20:55:18.303,1.28273,1.28304,1.88,1.13
2013.04.30 20:55:18.931,1.28273,1.28301,1.50,1.13
2013.04.30 20:55:18.999,1.28271,1.28302,1.20,1.50
2013.04.30 20:55:19.064,1.28269,1.28294,1.88,1.13
2013.04.30 20:55:19.303,1.2827,1.28301,1.58,1.50
2013.04.30 20:55:19.422,1.2827,1.28302,1.58,1.50
2013.04.30 20:55:19.604,1.2827,1.28301,3.23,1.50
2013.04.30 20:55:20.122,1.2827,1.28299,3.23,1.13
2013.04.30 20:55:22.083,1.2827,1.283,2.48,1.50
2013.04.30 20:55:22.323,1.28266,1.28296,2.33,1.13
2013.04.30 20:55:23.812,1.28266,1.28301,3.23,1.88
2013.04.30 20:55:24.377,1.28268,1.28301,1.80,1.88
2013.04.30 20:55:24.881,1.28268,1.28303,3.30,2.63
2013.04.30 20:55:27.942,1.28269,1.28302,2.85,1.88
2013.04.30 20:55:28.002,1.28271,1.28302,1.13,1.88
2013.04.30 20:55:28.923,1.2827,1.28302,1.35,2.63
2013.04.30 20:55:31.432,1.28268,1.283,1.50,1.50
2013.04.30 20:55:34.951,1.28268,1.28301,2.18,1.13
2013.04.30 20:55:35.743,1.28268,1.28301,2.55,1.13
2013.04.30 20:55:35.862,1.2828,1.28309,1.88,1.35
2013.04.30 20:55:36.247,1.2828,1.28313,1.50,2.07
2013.04.30 20:55:36.672,1.28269,1.28301,1.80,1.50
2013.04.30 20:55:38.223,1.2827,1.28301,1.35,1.50
2013.04.30 20:55:38.342,1.28269,1.28301,1.20,1.50
2013.04.30 20:55:38.923,1.28271,1.28301,1.35,1.50
2013.04.30 20:55:39.312,1.28272,1.28306,1.13,1.50
2013.04.30 20:55:40.852,1.28272,1.28306,1.13,1.50
2013.04.30 20:55:41.402,1.28272,1.28306,2.25,1.50
2013.04.30 20:55:41.464,1.28272,1.28301,1.88,1.50
2013.04.30 20:55:41.523,1.28268,1.28301,2.85,1.50
2013.04.30 20:55:42.832,1.2827,1.283,1.13,1.50
2013.04.30 20:55:44.218,1.28268,1.28298,1.88,1.13
2013.04.30 20:55:45.442,1.2827,1.28297,1.13,1.13
2013.04.30 20:55:48.462,1.28269,1.28299,1.50,1.50
2013.04.30 20:55:50.252,1.28268,1.28299,1.88,1.50
2013.04.30 20:55:50.380,1.28264,1.28294,2.55,1.13
2013.04.30 20:55:50.502,1.28264,1.28297,1.13,1.13
2013.04.30 20:55:50.622,1.28263,1.2829,1.50,1.13
2013.04.30 20:55:55.855,1.2826,1.28288,1.50,1.13
2013.04.30 20:55:58.502,1.28261,1.28288,1.50,1.13
2013.04.30 20:56:01.263,1.28262,1.28288,1.13,1.65
2013.04.30 20:56:01.565,1.28264,1.2829,1.28,2.03
2013.04.30 20:56:05.024,1.28261,1.28285,1.50,1.13
2013.04.30 20:56:05.142,1.28259,1.28282,2.03,1.13
2013.04.30 20:56:06.892,1.28259,1.28288,2.03,1.65
2013.04.30 20:56:08.132,1.28262,1.28288,1.50,1.13
2013.04.30 20:56:09.492,1.28263,1.28289,1.28,1.28
2013.04.30 20:56:09.793,1.28259,1.28292,2.03,2.78
2013.04.30 20:56:14.252,1.28265,1.28292,1.50,2.78
2013.04.30 20:56:14.312,1.28279,1.28292,1.13,2.78
2013.04.30 20:56:15.341,1.2828,1.28292,1.13,2.78
2013.04.30 20:56:15.862,1.28278,1.28292,1.13,2.78
2013.04.30 20:56:16.388,1.28278,1.28292,1.13,2.78
2013.04.30 20:56:17.708,1.28271,1.28292,1.13,2.78
2013.04.30 20:56:19.442,1.28271,1.28287,1.13,1.28
2013.04.30 20:56:19.562,1.28266,1.28283,1.13,1.13
2013.04.30 20:56:19.683,1.28262,1.28283,1.28,1.13
2013.04.30 20:56:25.235,1.28262,1.28283,1.28,1.13
2013.04.30 20:56:25.294,1.2826,1.28283,1.50,1.50
2013.04.30 20:56:34.032,1.28259,1.28282,1.50,1.28
2013.04.30 20:56:35.016,1.28259,1.28282,1.50,1.50
2013.04.30 20:56:38.532,1.28257,1.2828,1.13,1.28
2013.04.30 20:56:46.672,1.28256,1.28276,2.03,1.88
2013.04.30 20:56:46.792,1.28262,1.28285,1.50,1.50
2013.04.30 20:56:57.223,1.28256,1.2828,2.40,1.13
2013.04.30 20:56:57.283,1.28254,1.28272,2.03,1.88
2013.04.30 20:56:57.848,1.28254,1.28272,2.03,1.13
2013.04.30 20:56:59.443,1.28254,1.28274,2.03,1.13
2013.04.30 20:56:59.502,1.28254,1.28272,2.03,1.88
2013.04.30 20:57:00.323,1.28254,1.28274,2.03,1.13
2013.04.30 20:57:00.384,1.28254,1.28274,2.03,1.13
2013.04.30 20:57:00.444,1.28261,1.28284,1.50,1.05
2013.04.30 20:57:03.293,1.28259,1.28283,1.50,1.13
2013.04.30 20:57:03.353,1.28259,1.28283,1.50,1.13
2013.04.30 20:57:13.963,1.28259,1.28284,1.65,1.28
2013.04.30 20:57:17.653,1.28259,1.2828,1.43,2.63
2013.04.30 20:57:18.346,1.28258,1.2828,1.50,1.13
2013.04.30 20:57:18.773,1.28261,1.2828,1.13,1.13
2013.04.30 20:57:20.093,1.28257,1.28271,1.13,1.13
2013.04.30 20:57:20.295,1.2826,1.2828,1.28,1.13
2013.04.30 20:57:20.593,1.2826,1.28285,1.50,1.28
2013.04.30 20:57:22.554,1.2826,1.28285,1.50,1.28
2013.04.30 20:57:23.381,1.2826,1.28285,1.50,1.28
2013.04.30 20:57:23.683,1.28255,1.28273,2.03,1.13
2013.04.30 20:57:23.863,1.28256,1.2828,1.13,1.13
2013.04.30 20:57:25.423,1.28257,1.2828,1.50,2.25
2013.04.30 20:57:27.825,1.28253,1.28269,2.03,1.13
2013.04.30 20:57:28.123,1.28256,1.2828,1.50,2.25
2013.04.30 20:57:28.483,1.28246,1.2826,1.58,1.13
2013.04.30 20:57:28.543,1.28244,1.2826,1.50,1.13
2013.04.30 20:57:29.142,1.2823,1.28255,2.03,1.13
2013.04.30 20:57:31.913,1.28233,1.28249,2.03,1.13
2013.04.30 20:57:31.973,1.28233,1.28249,1.65,1.13
2013.04.30 20:57:32.033,1.28233,1.28247,1.65,1.13
2013.04.30 20:57:32.093,1.28233,1.28247,1.88,1.13
2013.04.30 20:57:33.064,1.28233,1.28248,1.50,1.13
2013.04.30 20:57:33.414,1.28231,1.28248,2.07,1.13
2013.04.30 20:57:33.673,1.2823,1.28246,1.50,1.13
2013.04.30 20:57:33.853,1.2823,1.28255,1.50,1.50
2013.04.30 20:57:33.975,1.2823,1.28264,1.50,2.85
2013.04.30 20:57:34.093,1.2823,1.28265,1.50,2.33
2013.04.30 20:57:34.213,1.28231,1.28261,1.13,1.13
2013.04.30 20:57:35.774,1.28231,1.28259,1.35,1.13
2013.04.30 20:57:36.542,1.28233,1.28259,1.50,1.13
2013.04.30 20:57:37.433,1.28233,1.28261,1.50,1.13
2013.04.30 20:57:37.494,1.28239,1.28267,1.13,1.73
2013.04.30 20:57:37.613,1.2824,1.28273,1.50,1.13
2013.04.30 20:57:38.170,1.2824,1.28272,1.88,1.13
2013.04.30 20:57:38.353,1.2824,1.28271,1.88,2.25
2013.04.30 20:57:38.592,1.2824,1.28275,1.88,1.88
2013.04.30 20:57:38.773,1.28246,1.28275,1.13,1.50
2013.04.30 20:57:39.806,1.28246,1.28277,1.50,1.50
2013.04.30 20:57:40.533,1.28244,1.28277,1.88,1.50
2013.04.30 20:57:40.652,1.28247,1.28277,1.13,1.50
2013.04.30 20:57:42.107,1.28249,1.28277,1.13,1.50
2013.04.30 20:57:42.433,1.28246,1.28277,1.50,1.50
2013.04.30 20:57:42.493,1.2825,1.28281,1.50,1.13
2013.04.30 20:57:42.553,1.2825,1.28283,2.63,1.50
2013.04.30 20:57:43.092,1.2825,1.28283,2.63,1.50
2013.04.30 20:57:43.604,1.2825,1.28283,2.63,1.50
2013.04.30 20:57:44.221,1.2825,1.28283,2.63,1.50
2013.04.30 20:57:44.563,1.2825,1.28282,1.88,1.35
2013.04.30 20:57:44.684,1.28256,1.28283,1.13,1.13
2013.04.30 20:57:45.223,1.28256,1.28283,1.13,1.13
2013.04.30 20:57:47.803,1.28258,1.28283,1.13,1.13
2013.04.30 20:57:48.826,1.28258,1.28284,1.13,1.13
2013.04.30 20:57:51.194,1.28257,1.28284,1.13,1.13
2013.04.30 20:57:51.643,1.28255,1.28284,1.13,1.13
2013.04.30 20:57:56.114,1.28253,1.28284,1.50,1.88
2013.04.30 20:57:57.733,1.28256,1.28284,1.13,1.13
2013.04.30 20:57:58.230,1.28258,1.28285,1.13,1.50
2013.04.30 20:58:00.483,1.28262,1.2829,1.13,1.13
2013.04.30 20:58:00.663,1.28264,1.2829,1.13,1.13
2013.04.30 20:58:01.272,1.28264,1.2829,1.13,1.13
2013.04.30 20:58:01.973,1.28266,1.28289,1.13,1.13
2013.04.30 20:58:02.343,1.28266,1.28289,1.50,1.28
2013.04.30 20:58:02.463,1.2827,1.28297,1.13,1.35
2013.04.30 20:58:02.583,1.28266,1.28299,1.50,1.50
2013.04.30 20:58:02.703,1.28266,1.28299,1.50,1.50
2013.04.30 20:58:03.206,1.28273,1.28299,1.13,1.50
2013.04.30 20:58:03.352,1.28273,1.28299,1.13,1.50
2013.04.30 20:58:03.592,1.28273,1.28297,1.13,1.13
2013.04.30 20:58:03.653,1.2827,1.28296,1.28,1.50
2013.04.30 20:58:03.833,1.2827,1.28296,1.50,1.65
2013.04.30 20:58:03.953,1.28272,1.28297,1.28,1.28
2013.04.30 20:58:04.013,1.28271,1.28296,1.50,1.50
2013.04.30 20:58:04.253,1.28269,1.28293,1.28,1.28
2013.04.30 20:58:04.507,1.28269,1.28294,1.13,1.28
2013.04.30 20:58:04.573,1.28263,1.28294,1.28,1.28
2013.04.30 20:58:07.684,1.28271,1.28297,1.13,2.40
2013.04.30 20:58:07.934,1.28263,1.28297,1.65,2.25
2013.04.30 20:58:07.993,1.28263,1.28297,1.50,2.25
2013.04.30 20:58:09.794,1.28263,1.28297,1.50,1.50
2013.04.30 20:58:11.603,1.28271,1.28298,1.13,3.23
2013.04.30 20:58:11.663,1.28263,1.28298,1.88,2.85
2013.04.30 20:58:12.183,1.28263,1.28298,1.50,2.63
2013.04.30 20:58:12.249,1.28263,1.28296,1.88,1.13
2013.04.30 20:58:12.553,1.28264,1.28297,2.40,2.40
2013.04.30 20:58:12.733,1.28264,1.28297,2.25,1.50
2013.04.30 20:58:14.723,1.28264,1.28293,1.50,1.13
2013.04.30 20:58:14.783,1.28259,1.28293,3.08,1.50
2013.04.30 20:58:14.843,1.28259,1.2829,2.48,1.13
2013.04.30 20:58:14.963,1.28259,1.28292,1.88,1.35
2013.04.30 20:58:16.743,1.28259,1.28292,1.88,1.50
2013.04.30 20:58:18.103,1.28261,1.28293,1.50,1.50
2013.04.30 20:58:18.343,1.28261,1.28294,1.13,1.88
2013.04.30 20:58:18.403,1.28263,1.28293,1.13,1.50
2013.04.30 20:58:19.254,1.28266,1.28293,1.50,1.13
2013.04.30 20:58:19.913,1.28267,1.28293,1.50,1.13
2013.04.30 20:58:25.343,1.28273,1.283,1.13,2.63
2013.04.30 20:58:25.404,1.28267,1.28294,1.50,1.13
2013.04.30 20:58:25.763,1.28266,1.28289,1.50,1.13
2013.04.30 20:58:26.109,1.28266,1.28287,1.50,1.13
2013.04.30 20:58:26.673,1.28266,1.28288,1.50,1.13
2013.04.30 20:58:28.391,1.28265,1.28288,1.50,1.13
2013.04.30 20:58:29.395,1.28265,1.28287,1.50,1.13
2013.04.30 20:58:29.693,1.28265,1.28291,1.50,1.13
2013.04.30 20:58:31.464,1.28267,1.2829,1.50,1.13
2013.04.30 20:58:35.453,1.28269,1.28293,1.13,1.13
2013.04.30 20:58:37.055,1.28269,1.28293,1.13,1.13
2013.04.30 20:58:37.743,1.28271,1.28295,1.13,1.13
2013.04.30 20:58:38.404,1.28271,1.28295,1.13,1.13
2013.04.30 20:58:38.465,1.28265,1.28292,1.50,1.13
2013.04.30 20:58:38.583,1.28272,1.28297,1.13,1.13
2013.04.30 20:58:40.157,1.28272,1.28297,1.13,1.13
2013.04.30 20:58:40.803,1.28266,1.28292,1.50,1.13
2013.04.30 20:58:40.863,1.28272,1.28296,1.13,1.13
2013.04.30 20:58:41.504,1.28272,1.28296,1.13,1.13
2013.04.30 20:58:41.565,1.28267,1.28292,1.13,1.13
2013.04.30 20:58:41.983,1.28266,1.28291,1.50,1.88
2013.04.30 20:58:43.515,1.28266,1.28291,1.50,1.88
2013.04.30 20:58:45.983,1.28266,1.28289,1.50,1.13
2013.04.30 20:58:46.485,1.28267,1.28289,1.50,1.13
2013.04.30 20:58:47.023,1.28267,1.28287,1.50,1.13
2013.04.30 20:58:47.623,1.28267,1.28285,1.50,1.13
2013.04.30 20:58:47.743,1.2826,1.28285,1.13,1.13
2013.04.30 20:58:48.224,1.28263,1.2829,1.13,1.50
2013.04.30 20:58:49.193,1.28263,1.28288,1.13,1.13
2013.04.30 20:58:49.579,1.28256,1.28286,1.88,1.28
2013.04.30 20:58:53.824,1.28256,1.28286,1.13,1.28
2013.04.30 20:58:54.183,1.28257,1.28283,1.28,1.65
2013.04.30 20:58:55.763,1.28257,1.28283,1.50,1.65
2013.04.30 20:58:56.062,1.28261,1.28285,1.28,2.03
2013.04.30 20:58:57.889,1.28262,1.2829,1.13,1.65
2013.04.30 20:58:58.074,1.28252,1.28282,2.70,1.50
2013.04.30 20:58:58.254,1.28252,1.28284,1.28,2.03
2013.04.30 20:58:58.613,1.2826,1.28284,1.50,1.65
2013.04.30 20:58:58.922,1.28263,1.28284,1.28,1.65
2013.04.30 20:58:59.164,1.28263,1.28293,1.65,1.28
2013.04.30 20:58:59.762,1.28267,1.28296,1.28,1.28
2013.04.30 20:59:00.302,1.28263,1.28295,1.35,1.28
2013.04.30 20:59:01.692,1.28275,1.28295,0.15,0.15
2013.04.30 20:59:05.723,1.28275,1.28283,0.15,0.75
2013.04.30 20:59:05.782,1.28266,1.28284,0.15,0.15
2013.04.30 20:59:05.845,1.28276,1.28289,0.15,0.38
2013.04.30 20:59:06.202,1.28278,1.28289,0.15,0.38
2013.04.30 20:59:06.944,1.28278,1.28298,0.15,0.15
2013.04.30 20:59:10.793,1.28276,1.28296,0.15,0.15
2013.04.30 20:59:11.702,1.28273,1.28286,0.60,0.15
2013.04.30 20:59:11.762,1.28277,1.28295,0.15,0.15
2013.04.30 20:59:14.662,1.28279,1.28299,0.15,0.15
2013.04.30 20:59:16.201,1.28276,1.28309,0.60,0.75
2013.04.30 20:59:16.974,1.28276,1.28306,1.35,0.75
2013.04.30 20:59:17.331,1.28281,1.28306,0.60,0.75
2013.04.30 20:59:17.391,1.28279,1.28306,1.20,0.75
2013.04.30 20:59:17.451,1.28283,1.28306,0.60,0.75
2013.04.30 20:59:18.071,1.28283,1.28321,1.35,0.60
2013.04.30 20:59:18.132,1.28285,1.28323,0.60,0.60
2013.04.30 20:59:18.491,1.28291,1.28318,0.60,0.75
2013.04.30 20:59:18.551,1.28289,1.28319,0.60,0.75
2013.04.30 20:59:19.091,1.2829,1.2832,0.60,0.75
2013.04.30 20:59:19.151,1.28288,1.28306,0.60,0.75
2013.04.30 20:59:19.212,1.28285,1.28306,0.60,0.75
2013.04.30 20:59:19.278,1.28282,1.28306,0.75,0.75
2013.04.30 20:59:19.341,1.28271,1.28306,0.60,1.50
2013.04.30 20:59:19.582,1.28271,1.28304,0.60,0.75
2013.04.30 20:59:19.881,1.2827,1.2831,0.60,0.60
2013.04.30 20:59:19.941,1.2828,1.28311,0.60,0.60
2013.04.30 20:59:20.001,1.2828,1.28314,0.60,0.60
2013.04.30 20:59:20.061,1.2828,1.2832,0.60,0.60
2013.04.30 20:59:20.182,1.28285,1.28321,0.60,0.60
2013.04.30 20:59:20.241,1.28285,1.28323,0.60,0.60
2013.04.30 20:59:22.731,1.28282,1.2832,1.20,0.60
2013.04.30 20:59:23.792,1.28282,1.2831,0.60,0.75
2013.04.30 20:59:23.971,1.28277,1.2831,0.60,0.75
2013.04.30 20:59:24.031,1.2827,1.28308,0.60,0.60
2013.04.30 20:59:24.151,1.28273,1.2831,0.60,0.75
2013.04.30 20:59:26.011,1.28269,1.28307,0.60,0.60
2013.04.30 20:59:26.352,1.28272,1.28307,0.75,0.60
2013.04.30 20:59:26.713,1.28279,1.28314,1.50,0.60
2013.04.30 20:59:26.832,1.2828,1.28318,0.60,0.60
2013.04.30 20:59:26.891,1.28286,1.28326,0.60,0.60
2013.04.30 20:59:27.012,1.28289,1.28327,0.60,0.60
2013.04.30 20:59:27.071,1.2829,1.2833,0.60,0.60
2013.04.30 20:59:27.251,1.28288,1.28328,0.60,0.60
2013.04.30 20:59:28.352,1.28288,1.28324,0.60,0.60
2013.04.30 20:59:28.412,1.28282,1.28322,0.60,1.20
2013.04.30 20:59:28.471,1.2828,1.2832,0.60,0.60
2013.04.30 20:59:28.802,1.28282,1.28322,0.60,0.60
2013.04.30 20:59:29.260,1.28284,1.28324,0.60,0.60
2013.04.30 20:59:30.431,1.28285,1.28325,0.60,0.60
2013.04.30 20:59:30.732,1.28292,1.28328,0.60,0.60
2013.04.30 20:59:30.792,1.28292,1.2833,0.60,0.60
2013.04.30 20:59:31.541,1.2829,1.28328,0.60,0.60
2013.04.30 20:59:31.902,1.28292,1.2833,0.60,0.60
2013.04.30 20:59:33.791,1.2829,1.28328,1.20,0.60
2013.04.30 20:59:33.911,1.28272,1.28316,0.60,0.60
2013.04.30 20:59:34.451,1.28273,1.28315,0.60,0.60
2013.04.30 20:59:34.591,1.28274,1.28318,0.60,0.60
2013.04.30 20:59:34.852,1.28283,1.2832,0.60,0.60
2013.04.30 20:59:34.911,1.28283,1.28323,0.60,0.60
2013.04.30 20:59:34.971,1.28285,1.28325,0.60,0.60
2013.04.30 20:59:35.683,1.28286,1.28324,0.60,0.60
2013.04.30 20:59:38.321,1.28283,1.28324,0.60,0.60
2013.04.30 20:59:43.302,1.28284,1.28325,0.60,1.20
2013.04.30 20:59:45.943,1.28282,1.28323,0.60,0.60
2013.04.30 20:59:47.141,1.28284,1.28326,0.60,0.60
2013.04.30 20:59:47.322,1.28282,1.28325,0.60,0.60
2013.04.30 20:59:47.381,1.28278,1.28316,0.60,0.60
2013.04.30 20:59:48.241,1.28283,1.28323,0.60,0.60
2013.04.30 20:59:48.482,1.2828,1.28318,0.60,0.60
2013.04.30 20:59:48.972,1.28289,1.28327,0.60,0.60
2013.04.30 20:59:49.359,1.28289,1.28319,0.60,0.60
2013.04.30 20:59:49.431,1.28278,1.28318,0.60,0.60
2013.04.30 20:59:49.551,1.28276,1.28314,0.60,0.60
2013.04.30 20:59:50.432,1.28279,1.28317,0.60,0.60
2013.04.30 20:59:50.491,1.2828,1.28321,0.60,0.60
2013.04.30 20:59:50.552,1.28272,1.28312,0.60,0.60
2013.04.30 20:59:55.321,1.28278,1.28314,0.60,0.60
2013.04.30 20:59:55.441,1.28278,1.28321,0.60,0.60
2013.04.30 20:59:55.621,1.28277,1.28311,0.60,0.60
2013.04.30 20:59:55.681,1.28271,1.28311,0.60,0.60
2013.04.30 20:59:56.071,1.28273,1.28312,0.60,0.60
2013.04.30 20:59:56.401,1.28268,1.28312,0.60,0.60
2013.04.30 20:59:56.524,1.28264,1.28314,0.60,0.60
2013.04.30 20:59:56.593,1.28263,1.28317,0.60,0.60
2013.04.30 20:59:56.721,1.28264,1.2832,0.60,0.60
2013.04.30 20:59:56.782,1.28264,1.28339,0.60,0.60
2013.04.30 20:59:56.901,1.2827,1.28346,0.60,0.60
2013.04.30 20:59:57.371,1.28269,1.28348,0.60,0.60
2013.04.30 20:59:57.431,1.28268,1.28354,0.60,0.60
2013.04.30 20:59:58.351,1.28254,1.28353,0.75,0.60
2013.04.30 20:59:59.181,1.28253,1.28353,1.35,0.60
2013.04.30 20:59:59.642,1.28255,1.28355,0.60,0.60
