2012.12.17 09:00:00.838,1.10377,1.10388,1.73,3.98
2012.12.17 09:00:00.901,1.10377,1.10387,1.73,1.13
2012.12.17 09:00:01.421,1.10374,1.10387,1.50,1.50
2012.12.17 09:00:06.781,1.10375,1.10387,1.50,1.35
2012.12.17 09:00:07.781,1.10375,1.10387,1.50,1.35
2012.12.17 09:00:08.156,1.10375,1.10387,1.50,1.35
2012.12.17 09:00:10.061,1.10373,1.10387,1.50,1.35
2012.12.17 09:00:10.241,1.10373,1.10387,1.50,2.66
2012.12.17 09:00:12.072,1.10377,1.1039,1.13,2.33
2012.12.17 09:00:12.132,1.10377,1.1039,1.35,1.73
2012.12.17 09:00:15.041,1.10378,1.10391,1.35,1.73
2012.12.17 09:00:15.351,1.10378,1.10391,1.35,1.73
2012.12.17 09:00:15.603,1.10376,1.10388,1.13,1.54
2012.12.17 09:00:16.151,1.10376,1.10388,1.13,1.54
2012.12.17 09:00:17.392,1.10376,1.10389,1.35,1.73
2012.12.17 09:00:17.752,1.10374,1.10386,1.50,1.31
2012.12.17 09:00:17.932,1.10372,1.10385,1.13,1.73
2012.12.17 09:00:18.462,1.1037,1.10383,1.50,1.50
2012.12.17 09:00:19.441,1.10374,1.10385,1.35,1.73
2012.12.17 09:00:19.803,1.10375,1.10389,1.35,4.35
2012.12.17 09:00:19.921,1.10375,1.10389,2.10,3.60
2012.12.17 09:00:20.041,1.10375,1.10389,1.35,3.60
2012.12.17 09:00:20.464,1.10376,1.10388,1.35,1.50
2012.12.17 09:00:20.531,1.10376,1.10389,1.35,2.25
2012.12.17 09:00:22.291,1.10377,1.1039,1.35,1.73
2012.12.17 09:00:24.929,1.10377,1.10391,1.35,2.48
2012.12.17 09:00:26.301,1.10377,1.10391,1.35,2.48
2012.12.17 09:00:26.821,1.10376,1.10389,2.10,1.50
2012.12.17 09:00:26.881,1.10376,1.10387,2.10,1.54
2012.12.17 09:00:33.131,1.10374,1.10386,1.35,1.50
2012.12.17 09:00:35.548,1.1037,1.10384,1.50,1.50
2012.12.17 09:00:38.982,1.10368,1.10381,1.50,1.50
2012.12.17 09:00:39.105,1.10368,1.1038,1.50,2.25
2012.12.17 09:00:41.263,1.10366,1.1038,3.75,2.81
2012.12.17 09:00:41.861,1.10366,1.1038,3.75,2.81
2012.12.17 09:00:42.380,1.10366,1.10379,1.50,1.31
2012.12.17 09:00:43.652,1.10364,1.10379,3.15,2.06
2012.12.17 09:00:47.034,1.10366,1.10379,1.50,2.06
2012.12.17 09:00:47.331,1.10365,1.10377,1.35,1.13
2012.12.17 09:00:48.921,1.10365,1.10378,1.35,2.21
2012.12.17 09:00:52.521,1.10367,1.10381,1.73,1.35
2012.12.17 09:00:52.732,1.10368,1.10381,1.13,1.13
2012.12.17 09:00:52.791,1.10368,1.10382,1.13,1.13
2012.12.17 09:00:52.851,1.1037,1.10383,1.13,2.40
2012.12.17 09:00:54.394,1.10368,1.10382,2.48,1.88
2012.12.17 09:00:54.962,1.10368,1.10381,1.35,3.19
2012.12.17 09:00:55.464,1.10366,1.10379,2.10,1.54
2012.12.17 09:00:55.952,1.10368,1.10382,1.35,2.48
2012.12.17 09:00:56.400,1.10368,1.10382,1.35,2.48
2012.12.17 09:00:57.512,1.10368,1.10382,1.35,2.48
2012.12.17 09:00:57.634,1.10365,1.10378,1.28,1.50
2012.12.17 09:00:58.181,1.10367,1.10379,1.73,1.73
2012.12.17 09:00:58.301,1.10367,1.10381,2.48,1.88
2012.12.17 09:00:58.361,1.10367,1.10381,3.60,1.73
2012.12.17 09:01:00.032,1.10369,1.10383,1.73,2.48
2012.12.17 09:01:00.274,1.10374,1.10384,1.13,1.50
2012.12.17 09:01:00.641,1.10374,1.10386,1.35,1.50
2012.12.17 09:01:01.022,1.10375,1.10387,1.50,1.50
2012.12.17 09:01:01.262,1.10376,1.10389,1.13,2.25
2012.12.17 09:01:01.622,1.10375,1.10388,2.03,1.50
2012.12.17 09:01:02.173,1.10375,1.10389,1.50,1.73
2012.12.17 09:01:02.682,1.10375,1.10389,1.50,1.73
2012.12.17 09:01:03.533,1.10373,1.10387,2.10,1.50
2012.12.17 09:01:04.543,1.10372,1.10385,1.35,3.00
2012.12.17 09:01:04.608,1.10372,1.10384,1.35,1.50
2012.12.17 09:01:05.151,1.10372,1.10384,2.85,1.50
2012.12.17 09:01:05.393,1.10372,1.10386,2.85,1.50
2012.12.17 09:01:05.583,1.10376,1.10387,1.13,1.50
2012.12.17 09:01:06.123,1.10376,1.1039,1.13,4.13
2012.12.17 09:01:06.841,1.10376,1.10388,1.13,3.23
2012.12.17 09:01:08.111,1.10374,1.10387,1.35,1.50
2012.12.17 09:01:08.231,1.10374,1.10386,1.50,1.50
2012.12.17 09:01:08.532,1.10372,1.10386,4.13,1.50
2012.12.17 09:01:09.062,1.10374,1.10388,1.35,1.65
2012.12.17 09:01:09.643,1.10375,1.10388,1.35,1.65
2012.12.17 09:01:10.690,1.10375,1.10387,1.35,1.73
2012.12.17 09:01:11.231,1.10375,1.10387,1.35,1.50
2012.12.17 09:01:12.161,1.10373,1.10386,1.35,1.50
2012.12.17 09:01:17.486,1.10371,1.10386,1.50,1.65
2012.12.17 09:01:17.563,1.1037,1.10384,3.60,2.06
2012.12.17 09:01:17.812,1.10369,1.10383,3.98,2.25
2012.12.17 09:01:17.991,1.10369,1.10383,2.85,2.48
2012.12.17 09:01:18.532,1.10369,1.10382,1.35,3.98
2012.12.17 09:01:18.773,1.10369,1.10381,1.13,1.73
2012.12.17 09:01:19.311,1.10365,1.10378,2.48,1.50
2012.12.17 09:01:20.171,1.10366,1.10378,1.35,1.13
2012.12.17 09:01:20.711,1.10366,1.10379,1.35,2.63
2012.12.17 09:01:21.322,1.10365,1.10379,4.35,2.10
2012.12.17 09:01:24.162,1.10366,1.10379,1.35,1.13
2012.12.17 09:01:31.252,1.10366,1.10379,2.10,1.73
2012.12.17 09:01:31.612,1.10368,1.10381,1.35,1.65
2012.12.17 09:01:32.117,1.10369,1.10381,1.13,1.65
2012.12.17 09:01:33.802,1.10366,1.10381,2.85,1.65
2012.12.17 09:01:33.921,1.10369,1.10381,1.35,2.10
2012.12.17 09:01:33.983,1.10367,1.10381,1.13,2.33
2012.12.17 09:01:34.103,1.10368,1.10382,1.35,1.73
2012.12.17 09:01:36.133,1.10367,1.10381,1.35,1.73
2012.12.17 09:01:36.662,1.10366,1.1038,1.35,1.50
2012.12.17 09:01:43.145,1.10366,1.1038,1.35,2.63
2012.12.17 09:01:44.022,1.10366,1.10379,1.35,1.73
2012.12.17 09:01:44.592,1.10363,1.10378,1.50,1.73
2012.12.17 09:01:47.081,1.10362,1.10376,1.50,1.50
2012.12.17 09:01:47.322,1.10362,1.10376,1.35,3.98
2012.12.17 09:01:48.165,1.10361,1.10375,1.13,1.73
2012.12.17 09:01:48.293,1.10359,1.10375,2.48,3.23
2012.12.17 09:01:48.651,1.10359,1.10373,2.10,2.29
2012.12.17 09:01:51.071,1.10357,1.10371,2.03,1.73
2012.12.17 09:01:51.312,1.10357,1.1037,1.88,3.38
2012.12.17 09:01:52.162,1.10354,1.10368,1.35,3.04
2012.12.17 09:01:52.226,1.10353,1.10366,2.25,1.50
2012.12.17 09:01:52.368,1.10352,1.10366,1.50,1.73
2012.12.17 09:01:52.921,1.10354,1.10367,1.13,1.73
2012.12.17 09:01:52.981,1.10354,1.10367,1.13,1.73
2012.12.17 09:01:53.040,1.10355,1.10368,1.73,1.13
2012.12.17 09:01:56.101,1.10356,1.10369,1.35,1.73
2012.12.17 09:01:56.643,1.10353,1.10366,2.10,1.50
2012.12.17 09:01:56.702,1.10353,1.10366,1.35,1.50
2012.12.17 09:01:56.882,1.10352,1.10365,1.28,1.73
2012.12.17 09:01:57.432,1.10352,1.10364,1.28,1.50
2012.12.17 09:01:57.612,1.10351,1.10363,1.88,1.50
2012.12.17 09:01:57.912,1.10351,1.10363,1.35,1.50
2012.12.17 09:01:58.092,1.10349,1.10363,2.10,1.50
2012.12.17 09:01:58.731,1.1035,1.10364,2.85,1.50
2012.12.17 09:01:59.281,1.1035,1.10364,3.60,1.50
2012.12.17 09:02:00.111,1.1035,1.10364,1.35,1.50
2012.12.17 09:02:00.532,1.1035,1.10363,1.35,2.25
2012.12.17 09:02:00.773,1.10348,1.1036,1.13,1.50
2012.12.17 09:02:01.132,1.10346,1.10359,2.10,2.81
2012.12.17 09:02:01.192,1.10346,1.10359,1.35,2.81
2012.12.17 09:02:01.254,1.10347,1.10359,1.35,1.50
2012.12.17 09:02:01.562,1.10345,1.10359,3.38,1.50
2012.12.17 09:02:01.803,1.10349,1.1036,1.35,2.25
2012.12.17 09:02:01.923,1.10349,1.10363,2.10,2.48
2012.12.17 09:02:02.499,1.10352,1.10364,1.35,2.48
2012.12.17 09:02:04.212,1.10351,1.10364,1.13,1.73
2012.12.17 09:02:11.462,1.1035,1.10364,1.88,1.13
2012.12.17 09:02:11.582,1.1035,1.10364,1.13,1.88
2012.12.17 09:02:11.702,1.10348,1.10362,1.13,3.98
2012.12.17 09:02:11.944,1.10346,1.10359,1.35,2.06
2012.12.17 09:02:12.422,1.10344,1.10357,1.73,1.13
2012.12.17 09:02:12.601,1.10343,1.10356,1.50,1.50
2012.12.17 09:02:13.598,1.10341,1.10356,2.85,1.50
2012.12.17 09:02:14.890,1.10341,1.10356,1.35,1.50
2012.12.17 09:02:15.393,1.10345,1.10356,1.73,1.50
2012.12.17 09:02:15.752,1.10345,1.10356,1.73,1.50
2012.12.17 09:02:16.091,1.10345,1.10356,1.73,1.50
2012.12.17 09:02:21.842,1.10343,1.10355,1.73,1.13
2012.12.17 09:02:22.144,1.10338,1.10352,3.38,1.88
2012.12.17 09:02:22.634,1.10338,1.10352,1.13,3.38
2012.12.17 09:02:23.241,1.10338,1.10351,1.13,1.73
2012.12.17 09:02:23.697,1.10339,1.10351,1.73,1.73
2012.12.17 09:02:24.007,1.10338,1.10351,1.13,1.73
2012.12.17 09:02:25.003,1.10338,1.10352,1.13,2.63
2012.12.17 09:02:25.301,1.10338,1.10352,1.13,1.13
2012.12.17 09:02:26.388,1.10338,1.10352,1.13,1.13
2012.12.17 09:02:29.094,1.10338,1.10352,1.88,1.13
2012.12.17 09:02:29.164,1.10339,1.10352,1.73,1.13
2012.12.17 09:02:29.670,1.1034,1.10353,1.88,1.35
2012.12.17 09:02:29.793,1.1034,1.10353,1.88,1.35
2012.12.17 09:02:30.213,1.10341,1.10353,1.73,1.50
2012.12.17 09:02:30.333,1.10342,1.10353,1.73,1.50
2012.12.17 09:02:30.883,1.10343,1.10355,1.13,1.73
2012.12.17 09:02:31.221,1.10343,1.10355,1.13,1.73
2012.12.17 09:02:31.742,1.10341,1.10354,2.48,1.13
2012.12.17 09:02:31.862,1.10341,1.10353,2.48,2.40
2012.12.17 09:02:32.341,1.10338,1.10353,1.13,3.38
2012.12.17 09:02:33.592,1.10338,1.10353,1.13,3.38
2012.12.17 09:02:36.773,1.10338,1.10353,1.13,3.38
2012.12.17 09:02:38.071,1.10338,1.1035,1.73,1.13
2012.12.17 09:02:38.144,1.10337,1.1035,1.73,1.13
2012.12.17 09:02:39.651,1.10338,1.10352,1.35,2.63
2012.12.17 09:02:40.484,1.10338,1.10351,1.35,1.73
2012.12.17 09:02:40.811,1.10335,1.10348,1.13,1.13
2012.12.17 09:02:41.948,1.10335,1.10349,1.35,2.85
2012.12.17 09:02:43.864,1.10335,1.10349,1.50,1.35
2012.12.17 09:02:44.043,1.10338,1.10352,1.13,1.50
2012.12.17 09:02:44.246,1.10339,1.10351,1.13,1.13
2012.12.17 09:02:48.033,1.1034,1.10352,1.13,1.88
2012.12.17 09:02:49.545,1.1034,1.10352,1.88,1.13
2012.12.17 09:02:53.104,1.10339,1.10353,1.73,2.10
2012.12.17 09:02:53.622,1.10339,1.10351,1.73,1.65
2012.12.17 09:02:55.722,1.10339,1.10351,1.50,1.88
2012.12.17 09:02:56.082,1.10337,1.10351,1.13,1.88
2012.12.17 09:02:56.921,1.10338,1.10351,1.73,1.13
2012.12.17 09:02:56.982,1.10338,1.10352,2.10,3.04
2012.12.17 09:02:57.341,1.10339,1.10352,1.88,1.50
2012.12.17 09:02:57.642,1.10339,1.10353,3.38,2.10
2012.12.17 09:02:58.924,1.10339,1.10353,2.48,2.10
2012.12.17 09:02:59.351,1.10338,1.10352,1.13,1.88
2012.12.17 09:02:59.473,1.10338,1.10352,1.13,2.85
2012.12.17 09:03:00.012,1.10337,1.10349,1.13,1.13
2012.12.17 09:03:00.602,1.10336,1.10349,1.35,1.50
2012.12.17 09:03:01.715,1.10336,1.1035,1.35,1.65
2012.12.17 09:03:02.201,1.10339,1.10352,1.13,1.13
2012.12.17 09:03:02.323,1.10339,1.10353,1.13,1.13
2012.12.17 09:03:02.451,1.10338,1.10353,4.13,1.35
2012.12.17 09:03:02.812,1.10339,1.10353,1.13,1.35
2012.12.17 09:03:03.241,1.10339,1.10353,2.63,1.35
2012.12.17 09:03:03.542,1.10334,1.10344,1.73,1.50
2012.12.17 09:03:04.142,1.1033,1.10343,2.10,1.50
2012.12.17 09:03:04.261,1.1033,1.10344,2.85,1.50
2012.12.17 09:03:04.323,1.1033,1.10344,2.85,1.50
2012.12.17 09:03:04.902,1.10331,1.10345,1.13,2.63
2012.12.17 09:03:05.446,1.10331,1.10344,1.35,1.73
2012.12.17 09:03:06.592,1.1033,1.10344,2.10,2.48
2012.12.17 09:03:09.122,1.10328,1.10342,1.50,1.50
2012.12.17 09:03:09.661,1.10331,1.10345,1.35,1.73
2012.12.17 09:03:12.662,1.1033,1.10343,2.48,1.13
2012.12.17 09:03:12.721,1.1033,1.10343,2.48,1.13
2012.12.17 09:03:13.255,1.1033,1.10343,2.48,1.13
2012.12.17 09:03:15.953,1.1033,1.10343,2.48,1.88
2012.12.17 09:03:16.072,1.1033,1.10339,1.73,1.13
2012.12.17 09:03:16.132,1.1033,1.1034,1.65,2.25
2012.12.17 09:03:16.672,1.10326,1.10339,2.10,2.06
2012.12.17 09:03:16.921,1.10325,1.10339,1.13,2.96
2012.12.17 09:03:19.642,1.10326,1.10341,1.50,4.88
2012.12.17 09:03:19.951,1.10326,1.1034,1.65,2.21
2012.12.17 09:03:20.457,1.10326,1.1034,2.40,1.46
2012.12.17 09:03:20.701,1.10324,1.10339,6.53,1.13
2012.12.17 09:03:21.263,1.10325,1.10339,1.13,1.35
2012.12.17 09:03:24.931,1.10324,1.10338,1.13,1.13
2012.12.17 09:03:24.992,1.10323,1.10336,4.65,1.73
2012.12.17 09:03:25.232,1.10324,1.10333,1.50,1.35
2012.12.17 09:03:25.352,1.10324,1.10333,1.50,1.35
2012.12.17 09:03:29.484,1.10323,1.10335,1.50,1.88
2012.12.17 09:03:29.613,1.10323,1.10334,1.50,1.73
2012.12.17 09:03:32.842,1.10321,1.10335,2.85,3.38
2012.12.17 09:03:33.672,1.10319,1.10332,1.04,2.48
2012.12.17 09:03:33.792,1.10318,1.1033,1.79,2.29
2012.12.17 09:03:33.911,1.10318,1.1033,2.02,2.29
2012.12.17 09:03:34.091,1.10319,1.10332,1.04,1.73
2012.12.17 09:03:34.452,1.10318,1.10332,2.85,1.73
2012.12.17 09:03:34.925,1.10319,1.10332,1.13,1.73
2012.12.17 09:03:34.997,1.1032,1.10332,1.13,1.73
2012.12.17 09:03:35.122,1.1032,1.10332,1.13,1.73
2012.12.17 09:03:35.961,1.10319,1.10332,1.13,1.73
2012.12.17 09:03:36.203,1.10314,1.10324,1.13,1.50
2012.12.17 09:03:36.323,1.103,1.10316,3.75,2.30
2012.12.17 09:03:36.452,1.10307,1.10316,1.88,1.17
2012.12.17 09:03:36.632,1.10307,1.10316,1.50,1.13
2012.12.17 09:03:36.762,1.10303,1.10316,1.05,1.88
2012.12.17 09:03:36.946,1.10301,1.10309,2.03,1.73
2012.12.17 09:03:37.016,1.10296,1.10308,2.40,1.88
2012.12.17 09:03:37.563,1.10297,1.10306,1.50,2.48
2012.12.17 09:03:37.742,1.10294,1.10304,1.88,1.73
2012.12.17 09:03:37.922,1.10293,1.10299,1.73,3.75
2012.12.17 09:03:37.982,1.10285,1.10297,2.10,1.50
2012.12.17 09:03:38.042,1.10289,1.10299,1.73,1.50
2012.12.17 09:03:38.102,1.10289,1.10301,2.85,1.73
2012.12.17 09:03:38.162,1.10288,1.10301,2.85,2.25
2012.12.17 09:03:38.547,1.10288,1.103,1.13,2.33
2012.12.17 09:03:38.690,1.10285,1.10297,1.88,1.73
2012.12.17 09:03:39.255,1.10283,1.10294,2.03,1.50
2012.12.17 09:03:39.332,1.10279,1.10288,2.40,1.50
2012.12.17 09:03:39.454,1.10279,1.10287,2.25,1.13
2012.12.17 09:03:39.633,1.10273,1.10287,1.13,1.73
2012.12.17 09:03:39.691,1.10274,1.10287,1.13,1.50
2012.12.17 09:03:40.062,1.10272,1.10287,1.13,2.63
2012.12.17 09:03:40.382,1.10272,1.10285,1.13,1.73
2012.12.17 09:03:40.443,1.10272,1.10284,1.13,1.50
2012.12.17 09:03:40.622,1.10269,1.10284,1.73,1.73
2012.12.17 09:03:40.683,1.10269,1.10284,1.73,1.73
2012.12.17 09:03:40.993,1.10267,1.10282,1.13,2.48
2012.12.17 09:03:42.094,1.10266,1.10282,1.73,1.73
2012.12.17 09:03:43.492,1.10266,1.10281,1.13,1.50
2012.12.17 09:03:43.852,1.10265,1.10279,1.13,1.50
2012.12.17 09:03:43.973,1.10265,1.10279,1.13,1.50
2012.12.17 09:03:44.032,1.10265,1.10279,1.88,1.50
2012.12.17 09:03:44.592,1.10266,1.10282,1.80,2.10
2012.12.17 09:03:46.574,1.10265,1.1028,5.70,1.73
2012.12.17 09:03:46.701,1.10266,1.1028,1.73,1.73
2012.12.17 09:03:46.886,1.10267,1.10283,1.73,2.85
2012.12.17 09:03:47.012,1.10269,1.10283,1.73,2.10
2012.12.17 09:03:47.074,1.10269,1.1028,1.73,1.50
2012.12.17 09:03:47.622,1.10267,1.1028,1.73,1.73
2012.12.17 09:03:47.981,1.10265,1.1028,1.73,2.48
2012.12.17 09:03:48.402,1.10265,1.1028,2.48,2.48
2012.12.17 09:03:51.933,1.10265,1.10278,1.13,1.50
2012.12.17 09:03:52.052,1.10265,1.10279,1.88,1.88
2012.12.17 09:03:52.352,1.10265,1.10276,1.35,1.50
2012.12.17 09:03:52.412,1.10263,1.10276,1.13,1.73
2012.12.17 09:03:52.532,1.10261,1.10271,1.73,1.50
2012.12.17 09:03:52.652,1.10262,1.10272,1.50,1.73
2012.12.17 09:03:52.954,1.10262,1.10275,1.65,3.98
2012.12.17 09:03:53.262,1.10262,1.10275,1.65,3.98
2012.12.17 09:03:53.328,1.10261,1.10275,1.65,4.73
2012.12.17 09:03:53.522,1.10259,1.10273,1.58,1.73
2012.12.17 09:03:53.881,1.10256,1.1027,1.13,1.73
2012.12.17 09:03:54.485,1.10255,1.10268,1.13,1.35
2012.12.17 09:03:55.032,1.10253,1.10267,1.73,1.50
2012.12.17 09:03:55.452,1.10253,1.10267,1.73,1.50
2012.12.17 09:03:56.982,1.10252,1.10266,1.13,2.48
2012.12.17 09:03:57.332,1.10252,1.10266,1.13,2.48
2012.12.17 09:03:57.661,1.1025,1.10266,2.85,2.48
2012.12.17 09:03:57.901,1.1025,1.10266,2.10,2.48
2012.12.17 09:03:59.201,1.10251,1.10266,1.13,2.48
2012.12.17 09:04:01.242,1.10252,1.10265,1.13,1.50
2012.12.17 09:04:02.461,1.10252,1.10266,1.13,2.48
2012.12.17 09:04:03.112,1.10252,1.10264,1.13,1.50
2012.12.17 09:04:03.720,1.10251,1.10265,1.88,1.50
2012.12.17 09:04:03.781,1.10251,1.10265,1.13,1.50
2012.12.17 09:04:06.427,1.10252,1.10266,1.88,2.48
2012.12.17 09:04:07.433,1.10252,1.10267,1.88,1.73
2012.12.17 09:04:07.851,1.10252,1.10267,1.88,1.73
2012.12.17 09:04:10.343,1.10252,1.10267,2.07,1.73
2012.12.17 09:04:11.387,1.10252,1.10266,1.32,2.48
2012.12.17 09:04:11.511,1.10252,1.10266,1.32,2.48
2012.12.17 09:04:12.331,1.10252,1.10267,1.13,1.73
2012.12.17 09:04:12.812,1.10256,1.10267,1.13,1.73
2012.12.17 09:04:12.872,1.10256,1.10268,1.13,3.00
2012.12.17 09:04:13.386,1.10254,1.10267,5.62,1.50
2012.12.17 09:04:13.452,1.10254,1.10267,1.87,2.48
2012.12.17 09:04:14.432,1.10252,1.10267,1.73,1.50
2012.12.17 09:04:14.504,1.10252,1.10267,1.73,1.73
2012.12.17 09:04:14.802,1.10251,1.10265,1.13,1.50
2012.12.17 09:04:15.507,1.10251,1.10267,1.13,1.73
2012.12.17 09:04:15.991,1.10252,1.10267,1.13,1.73
2012.12.17 09:04:16.493,1.10252,1.10267,1.13,2.29
2012.12.17 09:04:16.553,1.10251,1.10267,1.73,2.44
2012.12.17 09:04:16.732,1.1025,1.10264,1.73,2.63
2012.12.17 09:04:17.294,1.10249,1.10264,1.73,2.63
2012.12.17 09:04:18.043,1.10249,1.10262,1.73,1.50
2012.12.17 09:04:18.404,1.10236,1.10251,1.05,1.28
2012.12.17 09:04:18.533,1.10234,1.10249,1.50,1.13
2012.12.17 09:04:18.952,1.10231,1.10249,2.63,1.13
2012.12.17 09:04:19.554,1.10234,1.10248,1.73,1.73
2012.12.17 09:04:21.452,1.10233,1.10249,1.50,1.73
2012.12.17 09:04:21.961,1.10233,1.10249,1.50,1.73
2012.12.17 09:04:22.141,1.10233,1.10249,2.67,1.73
2012.12.17 09:04:23.402,1.10234,1.1025,1.73,1.73
2012.12.17 09:04:24.031,1.10233,1.10249,2.67,1.73
2012.12.17 09:04:24.091,1.10233,1.10249,2.48,1.73
2012.12.17 09:04:24.392,1.10233,1.10249,2.48,2.85
2012.12.17 09:04:25.521,1.10232,1.10247,1.92,1.73
2012.12.17 09:04:25.641,1.10232,1.10247,1.17,2.48
2012.12.17 09:04:25.821,1.10229,1.10246,1.13,1.73
2012.12.17 09:04:26.251,1.1023,1.10245,1.73,2.63
2012.12.17 09:04:26.433,1.10231,1.10245,1.13,1.73
2012.12.17 09:04:26.553,1.10234,1.10247,1.73,1.50
2012.12.17 09:04:26.911,1.10236,1.10249,1.73,1.35
2012.12.17 09:04:27.410,1.10236,1.1025,2.48,1.35
2012.12.17 09:04:28.043,1.10234,1.10249,1.92,1.50
2012.12.17 09:04:28.427,1.10228,1.10244,2.67,1.88
2012.12.17 09:04:28.580,1.10228,1.10244,1.92,1.88
2012.12.17 09:04:28.712,1.10228,1.10244,1.70,1.88
2012.12.17 09:04:28.848,1.10229,1.10244,1.50,1.88
2012.12.17 09:04:29.032,1.10231,1.10244,1.13,1.88
2012.12.17 09:04:29.333,1.10229,1.10242,1.65,1.50
2012.12.17 09:04:30.862,1.10233,1.10242,1.50,1.50
2012.12.17 09:04:31.101,1.10232,1.10246,1.32,2.25
2012.12.17 09:04:31.225,1.10229,1.10244,1.65,1.50
2012.12.17 09:04:31.713,1.10227,1.10242,1.73,2.25
2012.12.17 09:04:32.256,1.10231,1.10244,3.23,1.54
2012.12.17 09:04:32.325,1.10232,1.10244,2.48,1.31
2012.12.17 09:04:32.392,1.10233,1.10247,1.50,1.50
2012.12.17 09:04:32.701,1.10231,1.10246,1.73,1.54
2012.12.17 09:04:33.267,1.10231,1.10246,1.35,1.73
2012.12.17 09:04:34.391,1.10231,1.10246,1.73,3.23
2012.12.17 09:04:35.054,1.10232,1.10248,1.73,3.38
2012.12.17 09:04:35.382,1.10236,1.10248,1.65,2.48
2012.12.17 09:04:35.981,1.10238,1.10252,1.73,5.85
2012.12.17 09:04:36.102,1.10239,1.10254,1.73,3.38
2012.12.17 09:04:37.062,1.1024,1.10255,1.73,3.00
2012.12.17 09:04:37.124,1.10242,1.10255,2.45,2.10
2012.12.17 09:04:37.313,1.10244,1.10255,1.50,2.10
2012.12.17 09:04:38.740,1.10246,1.10258,1.73,2.81
2012.12.17 09:04:39.241,1.10246,1.10258,1.73,1.50
2012.12.17 09:04:39.541,1.10247,1.1026,1.73,2.85
2012.12.17 09:04:39.842,1.1025,1.10264,1.73,4.13
2012.12.17 09:04:40.382,1.10249,1.10262,1.50,1.50
2012.12.17 09:04:41.632,1.10249,1.10261,1.88,1.54
2012.12.17 09:04:41.692,1.1025,1.10263,1.13,1.50
2012.12.17 09:04:42.222,1.10252,1.10265,1.73,1.73
2012.12.17 09:04:42.865,1.1025,1.10262,1.73,1.50
2012.12.17 09:04:43.173,1.1025,1.10265,1.73,2.48
2012.12.17 09:04:43.234,1.1025,1.10265,1.73,2.48
2012.12.17 09:04:43.293,1.1025,1.10265,1.73,2.48
2012.12.17 09:04:43.355,1.1025,1.10265,1.73,2.48
2012.12.17 09:04:44.372,1.10251,1.10265,1.32,1.50
2012.12.17 09:04:44.913,1.10252,1.10267,1.13,1.73
2012.12.17 09:04:45.981,1.10253,1.10265,1.73,1.50
2012.12.17 09:04:46.163,1.1025,1.10264,1.73,1.88
2012.12.17 09:04:46.222,1.10249,1.10262,2.48,1.54
2012.12.17 09:04:46.523,1.10251,1.10263,1.13,2.25
2012.12.17 09:04:55.652,1.10251,1.10264,1.88,2.25
2012.12.17 09:04:55.982,1.10254,1.10264,3.75,2.25
2012.12.17 09:04:56.491,1.10254,1.10267,4.50,1.73
2012.12.17 09:04:58.032,1.10256,1.10268,3.75,1.54
2012.12.17 09:04:58.152,1.10256,1.10269,3.98,2.10
2012.12.17 09:04:58.394,1.1026,1.10272,3.98,2.10
2012.12.17 09:04:58.765,1.10261,1.10274,1.73,3.23
2012.12.17 09:04:59.412,1.10261,1.10275,1.73,3.94
2012.12.17 09:04:59.863,1.10261,1.10275,1.73,1.88
2012.12.17 09:05:00.218,1.10259,1.10275,1.50,5.44
2012.12.17 09:05:00.747,1.10258,1.10273,2.63,2.48
2012.12.17 09:05:02.274,1.10258,1.10271,2.25,1.13
2012.12.17 09:05:02.343,1.10258,1.10271,2.25,1.13
2012.12.17 09:05:02.891,1.10258,1.10271,3.00,1.13
2012.12.17 09:05:05.483,1.10258,1.10271,3.00,1.13
2012.12.17 09:05:06.652,1.10257,1.10271,1.73,2.44
2012.12.17 09:05:11.311,1.10258,1.10272,1.73,2.44
2012.12.17 09:05:13.128,1.10259,1.10272,1.50,1.69
2012.12.17 09:05:13.681,1.10259,1.10272,1.50,1.69
2012.12.17 09:05:14.451,1.10259,1.10272,1.50,1.69
2012.12.17 09:05:15.751,1.1026,1.10272,3.23,1.54
2012.12.17 09:05:16.052,1.10265,1.10276,1.50,2.10
2012.12.17 09:05:16.412,1.10265,1.10276,1.50,1.35
2012.12.17 09:05:16.913,1.10268,1.10277,2.25,1.13
2012.12.17 09:05:19.702,1.10268,1.10281,2.25,2.66
2012.12.17 09:05:20.232,1.10266,1.10278,1.50,1.73
2012.12.17 09:05:20.292,1.10266,1.10278,1.50,1.73
2012.12.17 09:05:20.413,1.10264,1.10274,3.23,1.31
2012.12.17 09:05:20.652,1.10264,1.10277,1.73,2.66
2012.12.17 09:05:20.712,1.10262,1.10274,2.63,1.31
2012.12.17 09:05:21.012,1.10264,1.10276,1.73,1.54
2012.12.17 09:05:21.253,1.10266,1.10276,1.50,1.54
2012.12.17 09:05:21.602,1.10268,1.10278,1.50,3.19
2012.12.17 09:05:22.154,1.10268,1.10282,1.50,2.10
2012.12.17 09:05:22.283,1.10268,1.10282,1.50,2.10
2012.12.17 09:05:24.002,1.10272,1.10285,1.65,1.35
2012.12.17 09:05:24.062,1.10272,1.10285,1.65,1.35
2012.12.17 09:05:24.122,1.10273,1.10285,1.50,1.35
2012.12.17 09:05:24.543,1.10274,1.10288,1.50,3.00
2012.12.17 09:05:24.613,1.10276,1.10288,1.73,1.73
2012.12.17 09:05:25.091,1.10279,1.10291,1.50,2.63
2012.12.17 09:05:26.882,1.10278,1.10291,1.50,2.63
2012.12.17 09:05:27.062,1.10278,1.10291,1.50,2.63
2012.12.17 09:05:27.363,1.10292,1.10298,1.50,1.54
2012.12.17 09:05:27.434,1.10293,1.10299,1.50,1.31
2012.12.17 09:05:27.505,1.10294,1.10304,4.65,1.73
2012.12.17 09:05:27.563,1.10297,1.10306,4.50,1.50
2012.12.17 09:05:27.922,1.10297,1.10305,1.88,1.50
2012.12.17 09:05:28.261,1.103,1.10312,1.13,1.50
2012.12.17 09:05:28.404,1.10297,1.10311,1.73,1.50
2012.12.17 09:05:28.476,1.10296,1.10308,1.65,1.50
2012.12.17 09:05:28.724,1.10295,1.10307,3.90,2.25
2012.12.17 09:05:29.260,1.10291,1.10307,2.25,3.00
2012.12.17 09:05:29.572,1.10292,1.10307,1.65,3.00
2012.12.17 09:05:29.932,1.10296,1.10307,1.88,1.50
2012.12.17 09:05:29.996,1.10296,1.10309,1.50,2.25
2012.12.17 09:05:30.122,1.10296,1.10307,1.50,1.50
2012.12.17 09:05:30.614,1.10296,1.10307,1.65,1.50
2012.12.17 09:05:30.688,1.10296,1.10309,1.65,1.50
2012.12.17 09:05:31.233,1.10293,1.10308,1.13,1.65
2012.12.17 09:05:31.592,1.10292,1.10304,1.50,1.50
2012.12.17 09:05:32.113,1.10291,1.10304,1.65,1.50
2012.12.17 09:05:32.471,1.10291,1.10302,1.65,1.50
2012.12.17 09:05:32.773,1.10285,1.10301,2.10,1.50
2012.12.17 09:05:32.832,1.10285,1.10298,1.13,1.50
2012.12.17 09:05:32.892,1.10285,1.10295,1.13,1.50
2012.12.17 09:05:33.253,1.10282,1.10296,2.48,3.23
2012.12.17 09:05:34.561,1.10282,1.10296,2.85,3.23
2012.12.17 09:05:34.681,1.10283,1.10296,1.13,1.50
2012.12.17 09:05:35.305,1.10283,1.10298,1.88,1.73
2012.12.17 09:05:35.842,1.10288,1.10299,4.13,2.85
2012.12.17 09:05:35.903,1.10289,1.103,1.13,1.50
2012.12.17 09:05:36.262,1.10289,1.10302,1.88,1.13
2012.12.17 09:05:37.253,1.1029,1.10302,3.98,1.50
2012.12.17 09:05:37.496,1.10291,1.10303,1.73,2.25
2012.12.17 09:05:37.802,1.10291,1.10305,1.73,2.48
2012.12.17 09:05:38.772,1.10294,1.10306,1.73,1.54
2012.12.17 09:05:38.961,1.10295,1.10307,1.13,1.50
2012.12.17 09:05:39.022,1.10295,1.1031,1.13,1.35
2012.12.17 09:05:39.536,1.10295,1.10311,1.13,3.79
2012.12.17 09:05:39.902,1.10298,1.10311,1.50,3.04
2012.12.17 09:05:40.442,1.10299,1.10311,1.50,2.48
2012.12.17 09:05:41.012,1.10298,1.10312,1.73,1.73
2012.12.17 09:05:41.133,1.10298,1.10312,1.73,1.73
2012.12.17 09:05:41.431,1.10298,1.10312,1.73,1.73
2012.12.17 09:05:41.971,1.10302,1.10317,1.65,2.48
2012.12.17 09:05:42.032,1.10302,1.10317,1.88,2.48
2012.12.17 09:05:43.183,1.10305,1.1032,1.88,2.48
2012.12.17 09:05:43.711,1.10305,1.10318,1.13,1.73
2012.12.17 09:05:44.251,1.10303,1.10317,1.73,1.73
2012.12.17 09:05:46.271,1.10303,1.10315,1.13,1.50
2012.12.17 09:05:46.456,1.10303,1.10313,1.13,1.31
2012.12.17 09:05:46.582,1.10302,1.10313,1.13,1.31
2012.12.17 09:05:46.822,1.10299,1.10312,2.63,1.50
2012.12.17 09:05:47.002,1.10299,1.10313,2.48,2.06
2012.12.17 09:05:47.513,1.10301,1.10314,1.13,2.48
2012.12.17 09:05:47.574,1.10301,1.10315,1.88,3.23
2012.12.17 09:05:49.004,1.10302,1.10315,1.35,3.23
2012.12.17 09:05:49.364,1.10303,1.10319,1.88,1.73
2012.12.17 09:05:49.432,1.10303,1.10319,3.38,1.73
2012.12.17 09:05:49.552,1.10303,1.10317,2.63,1.73
2012.12.17 09:05:50.052,1.10303,1.10317,1.73,1.73
2012.12.17 09:05:51.144,1.10302,1.10316,3.00,1.73
2012.12.17 09:05:51.452,1.10302,1.10309,1.50,1.31
2012.12.17 09:05:51.752,1.10295,1.10308,1.35,1.50
2012.12.17 09:05:51.815,1.10294,1.10304,1.13,1.73
2012.12.17 09:05:51.883,1.10294,1.10304,1.13,2.48
2012.12.17 09:05:52.063,1.10291,1.10305,1.88,1.73
2012.12.17 09:05:52.302,1.10292,1.10306,2.10,3.00
2012.12.17 09:05:52.362,1.10292,1.10306,1.88,3.23
2012.12.17 09:05:52.884,1.10293,1.10306,1.13,2.48
2012.12.17 09:05:53.832,1.10291,1.10306,1.35,3.23
2012.12.17 09:05:55.043,1.10288,1.10302,1.35,1.50
2012.12.17 09:05:55.102,1.10288,1.10302,1.13,1.73
2012.12.17 09:05:55.651,1.10287,1.103,1.35,2.06
2012.12.17 09:05:56.449,1.10286,1.10299,1.73,2.29
2012.12.17 09:05:58.842,1.10286,1.10299,1.73,1.54
2012.12.17 09:05:59.847,1.10289,1.103,1.13,1.54
2012.12.17 09:06:00.153,1.10292,1.10303,1.50,1.05
2012.12.17 09:06:02.171,1.10293,1.10304,1.50,1.54
2012.12.17 09:06:02.613,1.10289,1.10303,1.73,1.54
2012.12.17 09:06:02.792,1.10286,1.10298,2.25,1.13
2012.12.17 09:06:03.152,1.10281,1.10294,1.50,1.13
2012.12.17 09:06:03.632,1.10279,1.10295,1.50,1.88
2012.12.17 09:06:03.813,1.10279,1.10294,2.25,1.73
2012.12.17 09:06:03.872,1.10279,1.10294,2.25,1.73
2012.12.17 09:06:03.932,1.10279,1.10294,1.50,1.73
2012.12.17 09:06:05.054,1.10279,1.10286,1.50,1.31
2012.12.17 09:06:05.182,1.10276,1.10286,1.73,1.31
2012.12.17 09:06:05.422,1.10275,1.10286,2.63,1.54
2012.12.17 09:06:05.602,1.10274,1.10286,2.25,1.13
2012.12.17 09:06:05.782,1.10272,1.10286,1.13,1.13
2012.12.17 09:06:06.322,1.10272,1.10284,1.50,1.13
2012.12.17 09:06:06.501,1.10272,1.10284,1.50,1.13
2012.12.17 09:06:07.041,1.10272,1.10284,1.50,1.13
2012.12.17 09:06:07.812,1.10272,1.10287,1.50,2.66
2012.12.17 09:06:08.333,1.10274,1.10288,1.50,1.13
2012.12.17 09:06:09.092,1.10276,1.1029,1.50,1.73
2012.12.17 09:06:09.152,1.10276,1.1029,1.50,1.73
2012.12.17 09:06:09.541,1.10281,1.10294,1.50,1.73
2012.12.17 09:06:09.842,1.10283,1.10295,1.50,1.69
2012.12.17 09:06:10.202,1.10282,1.10296,1.50,1.35
2012.12.17 09:06:10.503,1.1028,1.10294,1.50,2.29
2012.12.17 09:06:10.924,1.10277,1.10292,1.73,2.48
2012.12.17 09:06:11.439,1.10276,1.10291,3.23,1.73
2012.12.17 09:06:12.102,1.10276,1.1029,3.23,1.73
2012.12.17 09:06:12.161,1.10276,1.1029,3.23,1.73
2012.12.17 09:06:14.183,1.10276,1.10289,3.23,1.73
2012.12.17 09:06:14.303,1.10273,1.10288,3.23,1.88
2012.12.17 09:06:14.843,1.10274,1.10288,1.73,1.88
2012.12.17 09:06:15.381,1.10273,1.10288,1.73,1.88
2012.12.17 09:06:15.941,1.10272,1.10287,1.73,1.73
2012.12.17 09:06:16.182,1.10273,1.10288,1.73,2.63
2012.12.17 09:06:16.722,1.10276,1.10288,1.73,1.13
2012.12.17 09:06:18.373,1.10275,1.10289,2.85,1.73
2012.12.17 09:06:18.952,1.10278,1.10292,1.50,3.75
2012.12.17 09:06:19.458,1.10278,1.10289,3.00,1.54
2012.12.17 09:06:19.582,1.10276,1.10289,2.85,1.54
2012.12.17 09:06:19.642,1.10276,1.10289,2.10,1.54
2012.12.17 09:06:19.703,1.10276,1.10289,2.10,1.54
2012.12.17 09:06:21.032,1.10275,1.10288,2.48,2.29
2012.12.17 09:06:21.454,1.10275,1.10287,1.73,1.50
2012.12.17 09:06:21.752,1.10274,1.10288,1.73,2.63
2012.12.17 09:06:21.931,1.10274,1.10288,1.73,4.13
2012.12.17 09:06:22.481,1.10275,1.10287,1.73,2.48
2012.12.17 09:06:23.411,1.10275,1.10287,1.73,2.48
2012.12.17 09:06:24.602,1.10275,1.10287,1.50,1.73
2012.12.17 09:06:24.962,1.10273,1.10287,1.73,2.10
2012.12.17 09:06:25.142,1.10273,1.10287,1.50,3.41
2012.12.17 09:06:25.504,1.1027,1.10284,2.63,1.73
2012.12.17 09:06:25.572,1.1027,1.10284,1.73,1.13
2012.12.17 09:06:26.122,1.1027,1.10284,1.73,1.13
2012.12.17 09:06:26.363,1.10269,1.10281,3.00,1.13
2012.12.17 09:06:28.962,1.10266,1.1028,2.25,1.13
2012.12.17 09:06:29.443,1.10266,1.10277,1.50,1.54
2012.12.17 09:06:29.623,1.10262,1.10273,1.73,2.06
2012.12.17 09:06:29.802,1.10259,1.10272,2.03,1.73
2012.12.17 09:06:30.112,1.10257,1.10272,1.13,2.48
2012.12.17 09:06:30.533,1.10256,1.1027,1.50,1.73
2012.12.17 09:06:30.652,1.10256,1.1027,1.50,1.73
2012.12.17 09:06:30.772,1.10253,1.10267,1.73,1.13
2012.12.17 09:06:33.093,1.10255,1.10267,1.50,1.13
2012.12.17 09:06:34.453,1.10253,1.10267,1.73,1.88
2012.12.17 09:06:35.492,1.10252,1.10263,1.73,1.73
2012.12.17 09:06:35.552,1.1025,1.10262,2.48,1.13
2012.12.17 09:06:35.672,1.1025,1.10262,1.50,1.13
2012.12.17 09:06:36.182,1.10248,1.10262,3.00,1.13
2012.12.17 09:06:36.423,1.10248,1.10262,3.00,1.88
2012.12.17 09:06:36.981,1.10248,1.10262,2.25,1.88
2012.12.17 09:06:37.532,1.10248,1.10262,2.25,1.88
2012.12.17 09:06:37.592,1.10247,1.1026,1.13,1.13
2012.12.17 09:06:37.891,1.10243,1.10259,1.88,3.04
2012.12.17 09:06:38.750,1.10243,1.10259,1.88,1.73
2012.12.17 09:06:39.552,1.10243,1.10259,2.85,1.73
2012.12.17 09:06:39.612,1.10244,1.1026,1.35,3.79
2012.12.17 09:06:40.353,1.10245,1.1026,2.10,2.48
2012.12.17 09:06:40.472,1.10245,1.1026,2.10,2.48
2012.12.17 09:06:41.433,1.10244,1.10258,1.73,1.73
2012.12.17 09:06:41.675,1.1024,1.10253,2.25,1.13
2012.12.17 09:06:42.227,1.10241,1.10253,2.25,1.88
2012.12.17 09:06:43.986,1.10241,1.10253,1.50,1.13
2012.12.17 09:06:45.185,1.10241,1.10253,2.48,1.13
2012.12.17 09:06:46.353,1.10241,1.10253,2.48,2.10
2012.12.17 09:06:46.689,1.10239,1.10251,3.00,1.13
2012.12.17 09:06:47.342,1.10239,1.10253,3.00,1.35
2012.12.17 09:06:48.772,1.10239,1.1025,1.50,2.44
2012.12.17 09:06:48.955,1.10235,1.10248,4.73,1.69
2012.12.17 09:06:49.762,1.10235,1.10247,3.23,2.29
2012.12.17 09:06:52.465,1.10235,1.10248,2.48,1.13
2012.12.17 09:06:52.773,1.1024,1.10249,1.50,1.05
2012.12.17 09:06:53.220,1.10241,1.10253,4.13,1.58
2012.12.17 09:06:53.291,1.10241,1.10257,4.13,3.04
2012.12.17 09:06:53.931,1.10241,1.10257,4.13,2.29
2012.12.17 09:06:54.491,1.10241,1.10257,4.13,2.06
2012.12.17 09:06:57.142,1.10246,1.10258,1.13,1.73
2012.12.17 09:06:57.273,1.1025,1.10263,1.50,1.35
2012.12.17 09:06:57.392,1.1025,1.10265,3.98,2.48
2012.12.17 09:06:57.518,1.10252,1.10265,1.73,1.73
2012.12.17 09:06:57.882,1.1025,1.10263,2.48,1.50
2012.12.17 09:06:58.542,1.1025,1.10264,3.23,2.29
2012.12.17 09:06:58.952,1.10251,1.10264,1.73,1.54
2012.12.17 09:06:59.514,1.10251,1.10266,1.73,1.88
2012.12.17 09:07:01.402,1.10252,1.10267,2.48,2.48
2012.12.17 09:07:02.412,1.10252,1.10267,2.48,1.73
2012.12.17 09:07:02.653,1.10254,1.1027,2.63,1.35
2012.12.17 09:07:03.192,1.10253,1.10268,1.73,2.44
2012.12.17 09:07:03.746,1.10252,1.10268,2.25,3.94
2012.12.17 09:07:04.291,1.10252,1.10266,2.25,1.73
2012.12.17 09:07:04.612,1.10252,1.10266,2.48,1.50
2012.12.17 09:07:05.256,1.10251,1.10266,1.88,2.25
2012.12.17 09:07:08.452,1.10251,1.10266,1.13,2.25
2012.12.17 09:07:08.852,1.10254,1.10266,3.98,2.25
2012.12.17 09:07:09.332,1.10252,1.10266,1.73,1.73
2012.12.17 09:07:10.592,1.10252,1.10266,2.48,1.73
2012.12.17 09:07:11.792,1.10254,1.10269,1.73,3.98
2012.12.17 09:07:14.545,1.10258,1.1027,3.23,1.73
2012.12.17 09:07:14.853,1.10262,1.1027,1.73,1.50
2012.12.17 09:07:15.213,1.10267,1.10276,1.50,1.35
2012.12.17 09:07:15.394,1.10268,1.1028,1.50,3.75
2012.12.17 09:07:15.572,1.1027,1.1028,1.50,3.75
2012.12.17 09:07:15.932,1.1027,1.10283,1.50,4.50
2012.12.17 09:07:20.551,1.10269,1.10282,2.25,1.73
2012.12.17 09:07:20.732,1.10269,1.10281,1.50,1.73
2012.12.17 09:07:21.272,1.10268,1.10279,1.73,1.73
2012.12.17 09:07:21.958,1.10267,1.10279,1.73,1.73
2012.12.17 09:07:22.268,1.10272,1.1028,1.50,1.91
2012.12.17 09:07:22.332,1.10267,1.1028,1.73,1.91
2012.12.17 09:07:23.694,1.10268,1.10281,1.73,2.10
2012.12.17 09:07:24.003,1.10272,1.10284,1.73,2.25
2012.12.17 09:07:24.362,1.10272,1.10285,1.73,1.13
2012.12.17 09:07:25.844,1.10272,1.10285,1.73,3.38
2012.12.17 09:07:26.392,1.10274,1.10284,1.50,1.73
2012.12.17 09:07:28.422,1.10272,1.10284,1.50,3.04
2012.12.17 09:07:28.482,1.10271,1.10284,1.50,3.04
2012.12.17 09:07:33.361,1.10271,1.10284,1.50,2.66
2012.12.17 09:07:33.784,1.10273,1.10286,2.25,1.13
2012.12.17 09:07:36.092,1.10274,1.10285,1.50,1.13
2012.12.17 09:07:38.602,1.10273,1.10286,2.48,1.88
2012.12.17 09:07:45.971,1.10272,1.10287,3.23,1.35
2012.12.17 09:07:46.095,1.10272,1.10288,3.23,3.75
2012.12.17 09:07:47.462,1.10272,1.10288,2.48,5.06
2012.12.17 09:07:49.663,1.10272,1.10284,1.73,2.63
2012.12.17 09:07:50.024,1.10272,1.10284,1.50,1.88
2012.12.17 09:07:50.570,1.10273,1.10285,1.50,1.88
2012.12.17 09:07:50.669,1.10273,1.10285,1.50,1.88
2012.12.17 09:07:51.514,1.10273,1.10288,3.00,1.35
2012.12.17 09:07:51.644,1.10276,1.1029,2.48,1.13
2012.12.17 09:07:51.943,1.10276,1.10289,1.73,1.54
2012.12.17 09:07:52.483,1.10272,1.10286,1.73,2.25
2012.12.17 09:07:52.842,1.10272,1.10284,1.73,1.50
2012.12.17 09:07:53.394,1.10271,1.10284,2.48,1.50
2012.12.17 09:07:53.931,1.10271,1.10285,1.73,1.50
2012.12.17 09:07:54.392,1.10271,1.10284,1.73,1.88
2012.12.17 09:07:54.902,1.1027,1.10282,1.73,1.50
2012.12.17 09:07:55.443,1.10269,1.10283,1.73,1.73
2012.12.17 09:07:58.623,1.10269,1.10282,1.73,1.50
2012.12.17 09:07:59.162,1.10267,1.1028,1.13,1.50
2012.12.17 09:07:59.490,1.10267,1.1028,1.13,1.50
2012.12.17 09:07:59.993,1.10265,1.1028,2.33,1.88
2012.12.17 09:08:00.593,1.10263,1.1028,3.98,3.38
2012.12.17 09:08:01.675,1.10264,1.1028,3.23,3.19
2012.12.17 09:08:05.184,1.10267,1.10281,1.73,1.88
2012.12.17 09:08:05.254,1.10267,1.10281,3.23,1.73
2012.12.17 09:08:05.882,1.10268,1.10284,2.48,3.00
2012.12.17 09:08:06.213,1.10268,1.10284,2.48,3.23
2012.12.17 09:08:06.455,1.10264,1.10277,1.73,2.44
2012.12.17 09:08:06.585,1.10263,1.10273,1.50,1.73
2012.12.17 09:08:06.654,1.10259,1.10271,1.13,2.06
2012.12.17 09:08:06.773,1.1026,1.10271,1.73,2.25
2012.12.17 09:08:06.892,1.1026,1.10274,1.73,1.13
2012.12.17 09:08:07.512,1.1026,1.10276,1.73,2.63
2012.12.17 09:08:07.932,1.10262,1.10277,1.73,2.85
2012.12.17 09:08:08.172,1.10263,1.10277,1.73,1.13
2012.12.17 09:08:09.352,1.10263,1.10278,1.73,1.50
2012.12.17 09:08:09.773,1.10265,1.1028,1.73,3.60
2012.12.17 09:08:10.013,1.10265,1.10277,1.73,1.13
2012.12.17 09:08:12.037,1.10262,1.10277,1.73,1.88
2012.12.17 09:08:12.282,1.10262,1.10277,2.48,1.13
2012.12.17 09:08:13.762,1.10266,1.1028,1.73,2.48
2012.12.17 09:08:17.322,1.10268,1.10281,2.07,2.48
2012.12.17 09:08:17.676,1.10267,1.10281,3.23,3.00
2012.12.17 09:08:17.743,1.10268,1.10281,1.50,2.25
2012.12.17 09:08:17.933,1.10265,1.10281,4.65,3.00
2012.12.17 09:08:18.056,1.10265,1.1028,2.40,1.88
2012.12.17 09:08:18.691,1.10265,1.1028,2.63,1.88
2012.12.17 09:08:19.514,1.10265,1.1028,1.73,2.85
2012.12.17 09:08:19.694,1.10264,1.10279,1.73,1.13
2012.12.17 09:08:20.421,1.10262,1.10277,1.13,1.50
2012.12.17 09:08:22.672,1.10263,1.10278,1.73,2.25
2012.12.17 09:08:24.353,1.10262,1.10277,1.88,1.50
2012.12.17 09:08:24.552,1.10262,1.10276,1.73,1.88
2012.12.17 09:08:24.673,1.10262,1.10276,1.73,3.75
2012.12.17 09:08:28.142,1.1026,1.10276,3.23,4.35
2012.12.17 09:08:28.204,1.10259,1.10274,3.23,2.21
2012.12.17 09:08:28.682,1.10257,1.10273,3.98,2.96
2012.12.17 09:08:28.802,1.10257,1.10273,3.98,3.19
2012.12.17 09:08:29.642,1.10261,1.10273,1.73,1.13
2012.12.17 09:08:29.941,1.10261,1.10273,1.73,1.13
2012.12.17 09:08:30.672,1.10261,1.10274,1.73,1.50
2012.12.17 09:08:31.102,1.10262,1.10277,3.23,1.73
2012.12.17 09:08:31.711,1.10263,1.10278,1.73,2.81
2012.12.17 09:08:32.342,1.10263,1.10278,1.73,2.81
2012.12.17 09:08:33.272,1.10263,1.10278,1.73,2.81
2012.12.17 09:08:33.813,1.10262,1.10277,1.73,3.23
2012.12.17 09:08:34.353,1.10262,1.10276,1.73,1.65
2012.12.17 09:08:34.532,1.10262,1.10276,1.73,1.88
2012.12.17 09:08:38.013,1.1026,1.10273,3.23,1.31
2012.12.17 09:08:38.574,1.10259,1.10275,1.88,2.48
2012.12.17 09:08:39.084,1.1026,1.10275,1.73,2.48
2012.12.17 09:08:40.082,1.1026,1.10275,1.88,1.88
2012.12.17 09:08:42.062,1.1026,1.10275,1.88,2.85
2012.12.17 09:08:42.733,1.1026,1.10272,1.13,2.06
2012.12.17 09:08:44.192,1.10261,1.10274,1.73,1.50
2012.12.17 09:08:44.713,1.10261,1.10275,1.73,3.98
2012.12.17 09:08:50.271,1.10264,1.10277,1.50,1.13
2012.12.17 09:08:50.862,1.10265,1.10279,1.73,1.88
2012.12.17 09:08:51.169,1.10264,1.10279,2.48,2.63
2012.12.17 09:08:53.422,1.10264,1.10279,1.73,2.63
2012.12.17 09:08:54.172,1.10262,1.10278,2.48,1.73
2012.12.17 09:08:54.242,1.10262,1.10278,2.48,1.73
2012.12.17 09:08:55.232,1.10264,1.10278,1.73,3.75
2012.12.17 09:09:01.452,1.10266,1.10279,1.88,1.13
2012.12.17 09:09:01.762,1.10267,1.1028,3.23,1.28
2012.12.17 09:09:01.822,1.10267,1.10283,4.13,1.50
2012.12.17 09:09:02.361,1.10268,1.10284,1.73,3.75
2012.12.17 09:09:06.550,1.1027,1.10282,1.73,1.88
2012.12.17 09:09:06.616,1.1027,1.10277,1.73,3.75
2012.12.17 09:09:06.682,1.1027,1.10277,1.50,3.75
2012.12.17 09:09:11.474,1.10267,1.10277,1.73,3.75
2012.12.17 09:09:11.892,1.10266,1.10274,1.73,3.75
2012.12.17 09:09:12.324,1.10265,1.10274,1.50,3.98
2012.12.17 09:09:12.932,1.10264,1.10274,2.67,3.98
2012.12.17 09:09:13.472,1.10264,1.10274,1.73,3.98
2012.12.17 09:09:14.542,1.10261,1.10273,1.88,1.50
2012.12.17 09:09:14.602,1.10259,1.10271,1.73,1.46
2012.12.17 09:09:14.842,1.10257,1.10268,2.25,2.48
2012.12.17 09:09:15.022,1.10257,1.10268,2.25,2.48
2012.12.17 09:09:15.082,1.10257,1.10268,2.25,2.48
2012.12.17 09:09:15.602,1.10254,1.10269,1.73,3.38
2012.12.17 09:09:16.113,1.10255,1.10269,1.35,3.23
2012.12.17 09:09:16.742,1.10258,1.10269,1.13,2.25
2012.12.17 09:09:20.973,1.10257,1.1027,1.13,1.50
2012.12.17 09:09:21.290,1.10257,1.10271,1.13,3.19
2012.12.17 09:09:24.159,1.10258,1.1027,1.13,1.50
2012.12.17 09:09:24.357,1.10258,1.10269,1.13,1.50
2012.12.17 09:09:25.952,1.10258,1.10271,1.13,1.50
2012.12.17 09:09:26.142,1.10258,1.10271,1.13,1.50
2012.12.17 09:09:27.027,1.10259,1.10271,1.13,1.50
2012.12.17 09:09:27.704,1.10263,1.10275,1.13,2.25
2012.12.17 09:09:27.833,1.10263,1.10275,1.13,2.25
2012.12.17 09:09:28.013,1.10263,1.10275,1.88,1.50
2012.12.17 09:09:30.970,1.10263,1.10275,1.13,3.75
2012.12.17 09:09:33.243,1.10263,1.10275,1.88,4.50
2012.12.17 09:09:34.233,1.10262,1.10274,1.13,1.50
2012.12.17 09:09:42.134,1.10265,1.10278,1.35,1.73
2012.12.17 09:09:42.442,1.10267,1.1028,1.13,3.75
2012.12.17 09:09:42.743,1.10265,1.10275,1.35,3.75
2012.12.17 09:09:43.492,1.10264,1.10275,1.73,3.75
2012.12.17 09:09:44.922,1.10264,1.10275,1.73,3.75
2012.12.17 09:09:47.371,1.10266,1.10275,1.50,3.75
2012.12.17 09:09:49.893,1.10264,1.10275,1.73,3.75
2012.12.17 09:09:50.805,1.10264,1.10275,1.73,3.75
2012.12.17 09:09:51.232,1.10266,1.10275,1.13,3.75
2012.12.17 09:09:51.533,1.1027,1.10279,1.17,4.13
2012.12.17 09:09:51.772,1.10273,1.10282,1.73,1.50
2012.12.17 09:09:52.223,1.10272,1.10283,1.50,2.85
2012.12.17 09:09:52.282,1.10272,1.10283,1.88,1.58
2012.12.17 09:09:52.402,1.10272,1.10286,1.88,2.48
2012.12.17 09:09:52.462,1.10272,1.10286,1.88,2.48
2012.12.17 09:09:52.583,1.10274,1.10286,1.73,1.73
2012.12.17 09:09:52.702,1.10272,1.10286,1.13,2.48
2012.12.17 09:09:53.252,1.1027,1.10284,2.48,2.25
2012.12.17 09:09:53.313,1.1027,1.10284,2.48,2.48
2012.12.17 09:09:55.544,1.1027,1.10284,1.73,3.79
2012.12.17 09:09:55.911,1.10271,1.10287,2.85,4.73
2012.12.17 09:09:56.412,1.10272,1.10286,1.13,1.50
2012.12.17 09:09:56.653,1.1027,1.10286,2.63,2.44
2012.12.17 09:09:57.225,1.1027,1.10285,1.13,2.48
2012.12.17 09:09:58.322,1.10272,1.10285,1.73,1.73
2012.12.17 09:09:58.562,1.10274,1.10286,1.13,2.06
2012.12.17 09:09:58.925,1.10277,1.10288,1.13,1.31
2012.12.17 09:09:59.222,1.10277,1.10291,1.88,1.88
2012.12.17 09:09:59.522,1.10281,1.10291,1.50,1.73
2012.12.17 09:09:59.584,1.10284,1.10295,1.73,2.85
2012.12.17 09:09:59.773,1.10286,1.10295,1.13,1.13
2012.12.17 09:09:59.833,1.10287,1.10299,1.73,1.50
2012.12.17 09:09:59.892,1.10287,1.10299,1.50,1.73
2012.12.17 09:10:00.263,1.10289,1.103,1.73,1.13
2012.12.17 09:10:00.393,1.10291,1.10303,1.50,2.85
2012.12.17 09:10:00.922,1.10291,1.10303,1.50,2.10
2012.12.17 09:10:01.223,1.10294,1.10304,1.50,1.35
2012.12.17 09:10:01.642,1.10295,1.10306,1.13,1.88
2012.12.17 09:10:02.182,1.10298,1.10311,1.88,1.88
2012.12.17 09:10:02.243,1.10299,1.10311,1.73,2.10
2012.12.17 09:10:02.842,1.10298,1.10309,1.73,1.73
2012.12.17 09:10:04.293,1.10297,1.10309,1.73,2.63
2012.12.17 09:10:04.802,1.10295,1.10309,2.48,2.63
2012.12.17 09:10:05.163,1.10301,1.10313,1.73,1.13
2012.12.17 09:10:05.704,1.10305,1.10315,1.50,1.35
2012.12.17 09:10:07.492,1.10303,1.10312,1.73,1.69
2012.12.17 09:10:07.613,1.10303,1.10313,1.73,2.40
2012.12.17 09:10:07.736,1.103,1.10312,1.73,2.63
2012.12.17 09:10:07.924,1.10296,1.10309,4.17,1.13
2012.12.17 09:10:08.053,1.10296,1.10309,4.17,1.13
2012.12.17 09:10:08.585,1.10296,1.10308,1.73,1.13
2012.12.17 09:10:09.153,1.10296,1.10308,1.73,1.13
2012.12.17 09:10:09.803,1.10296,1.10308,2.48,1.13
2012.12.17 09:10:10.343,1.10296,1.10311,1.73,2.85
2012.12.17 09:10:10.852,1.10295,1.10309,1.88,1.13
2012.12.17 09:10:11.362,1.10295,1.10309,2.63,1.13
2012.12.17 09:10:11.973,1.10295,1.10309,2.82,1.13
2012.12.17 09:10:12.554,1.10295,1.10307,1.88,1.50
2012.12.17 09:10:14.852,1.10295,1.10305,1.32,1.50
2012.12.17 09:10:14.973,1.10295,1.10305,1.32,1.50
2012.12.17 09:10:15.285,1.10292,1.10304,1.13,1.50
2012.12.17 09:10:16.714,1.10292,1.10304,1.13,1.50
2012.12.17 09:10:17.073,1.10297,1.10307,1.13,1.50
2012.12.17 09:10:17.373,1.10297,1.10306,1.13,1.50
2012.12.17 09:10:17.554,1.10296,1.10308,1.13,1.50
2012.12.17 09:10:19.684,1.10296,1.10308,1.88,1.50
2012.12.17 09:10:21.222,1.10296,1.10308,2.25,1.73
2012.12.17 09:10:21.343,1.10291,1.10306,2.48,2.40
2012.12.17 09:10:21.892,1.1029,1.10303,6.00,1.50
2012.12.17 09:10:22.253,1.10289,1.10302,1.92,1.13
2012.12.17 09:10:22.791,1.10286,1.103,4.13,1.50
2012.12.17 09:10:23.342,1.10287,1.103,1.73,1.50
2012.12.17 09:10:23.980,1.10288,1.103,1.73,1.50
2012.12.17 09:10:25.002,1.10287,1.103,1.73,1.50
2012.12.17 09:10:27.223,1.10286,1.103,1.88,1.73
2012.12.17 09:10:27.772,1.10288,1.10301,1.73,1.88
2012.12.17 09:10:28.951,1.10286,1.10301,1.88,1.88
2012.12.17 09:10:29.333,1.10281,1.10295,4.73,1.88
2012.12.17 09:10:29.392,1.10282,1.10295,1.73,1.65
2012.12.17 09:10:29.681,1.10281,1.10295,4.73,1.13
2012.12.17 09:10:29.749,1.10282,1.10296,1.73,2.85
2012.12.17 09:10:29.993,1.10281,1.10295,1.73,2.10
2012.12.17 09:10:31.223,1.10279,1.10293,3.23,1.13
2012.12.17 09:10:33.852,1.10277,1.10292,3.98,1.13
2012.12.17 09:10:33.974,1.10277,1.10289,3.23,1.13
2012.12.17 09:10:38.693,1.10276,1.10288,2.48,1.13
2012.12.17 09:10:38.933,1.10271,1.10285,4.92,1.13
2012.12.17 09:10:39.663,1.10271,1.10285,3.42,1.88
2012.12.17 09:10:39.962,1.10273,1.10285,1.73,1.73
2012.12.17 09:10:40.322,1.10276,1.10288,1.73,1.13
2012.12.17 09:10:41.048,1.10276,1.10288,1.73,2.10
2012.12.17 09:10:45.734,1.10272,1.10286,1.88,1.13
2012.12.17 09:10:46.242,1.10273,1.10287,1.73,1.88
2012.12.17 09:10:46.772,1.10273,1.10287,1.73,2.63
2012.12.17 09:10:48.443,1.10273,1.10287,1.73,2.48
2012.12.17 09:10:49.502,1.10273,1.10288,1.73,1.88
2012.12.17 09:10:51.642,1.10273,1.10288,1.73,1.88
2012.12.17 09:10:53.353,1.10272,1.10287,2.63,1.73
2012.12.17 09:10:55.799,1.10273,1.10288,1.73,1.13
2012.12.17 09:10:58.562,1.10273,1.10287,1.35,2.48
2012.12.17 09:10:59.992,1.10272,1.10285,2.25,1.50
2012.12.17 09:11:00.442,1.10276,1.10288,1.50,1.13
2012.12.17 09:11:00.683,1.10279,1.1029,1.17,1.13
2012.12.17 09:11:00.742,1.10279,1.10292,1.17,1.65
2012.12.17 09:11:01.142,1.1028,1.10293,1.13,1.13
2012.12.17 09:11:01.381,1.10279,1.10294,1.13,1.13
2012.12.17 09:11:02.775,1.10276,1.10287,1.35,2.44
2012.12.17 09:11:02.843,1.10275,1.10286,1.65,1.13
2012.12.17 09:11:02.902,1.10273,1.10286,2.63,1.13
2012.12.17 09:11:02.963,1.10273,1.10286,1.73,1.13
2012.12.17 09:11:03.144,1.1027,1.10282,1.73,1.73
2012.12.17 09:11:03.502,1.10266,1.1028,1.73,2.63
2012.12.17 09:11:03.803,1.10264,1.10279,2.48,1.13
2012.12.17 09:11:04.393,1.10267,1.1028,1.50,1.73
2012.12.17 09:11:04.513,1.10267,1.10281,1.73,1.13
2012.12.17 09:11:07.184,1.10272,1.10282,2.25,2.10
2012.12.17 09:11:07.616,1.10273,1.10287,1.73,1.35
2012.12.17 09:11:08.163,1.10273,1.10287,1.13,1.13
2012.12.17 09:11:08.964,1.10273,1.10287,4.13,1.13
2012.12.17 09:11:09.473,1.10273,1.10288,5.63,1.13
2012.12.17 09:11:10.612,1.10274,1.10289,1.73,1.35
2012.12.17 09:11:11.017,1.10274,1.1029,2.10,1.88
2012.12.17 09:11:11.573,1.10276,1.1029,2.10,1.35
2012.12.17 09:11:25.012,1.10273,1.10288,3.98,1.13
2012.12.17 09:11:25.554,1.10274,1.10288,1.73,1.13
2012.12.17 09:11:26.033,1.10274,1.10288,3.23,1.13
2012.12.17 09:11:26.565,1.10274,1.10288,3.98,1.13
2012.12.17 09:11:27.123,1.10274,1.10289,4.13,1.88
2012.12.17 09:11:27.684,1.10274,1.10288,4.13,1.13
2012.12.17 09:11:28.494,1.10276,1.10288,1.13,1.13
2012.12.17 09:11:29.043,1.10276,1.10289,1.13,1.88
2012.12.17 09:11:29.618,1.10276,1.10289,1.13,1.88
2012.12.17 09:11:30.293,1.10276,1.10289,1.13,1.65
2012.12.17 09:11:30.893,1.10276,1.10289,1.13,1.13
2012.12.17 09:11:32.092,1.10276,1.10289,1.13,1.13
2012.12.17 09:11:32.659,1.10275,1.10289,1.13,1.88
2012.12.17 09:11:33.859,1.10276,1.10289,1.13,1.13
2012.12.17 09:11:35.534,1.10276,1.10291,1.88,1.35
2012.12.17 09:11:36.374,1.10279,1.10292,1.88,1.73
2012.12.17 09:11:36.434,1.10279,1.10292,1.13,1.50
2012.12.17 09:11:36.793,1.10285,1.10299,2.48,2.44
2012.12.17 09:11:37.352,1.10286,1.10302,3.57,1.35
2012.12.17 09:11:37.753,1.10286,1.10302,3.38,1.35
2012.12.17 09:11:38.422,1.10286,1.10302,4.88,1.35
2012.12.17 09:11:38.722,1.10291,1.10305,1.65,3.38
2012.12.17 09:11:38.782,1.10291,1.10305,1.88,3.15
2012.12.17 09:11:39.083,1.10295,1.1031,1.73,1.88
2012.12.17 09:11:39.702,1.10296,1.1031,2.48,2.63
2012.12.17 09:11:41.453,1.10298,1.1031,1.13,1.73
2012.12.17 09:11:41.512,1.10298,1.1031,1.13,1.50
2012.12.17 09:11:41.752,1.10301,1.10315,1.13,1.13
2012.12.17 09:11:41.991,1.10301,1.10315,1.13,1.13
2012.12.17 09:11:42.412,1.10304,1.10318,1.73,2.25
2012.12.17 09:11:42.682,1.10305,1.10318,1.73,2.10
2012.12.17 09:11:43.102,1.10305,1.10318,1.73,2.10
2012.12.17 09:11:43.412,1.10303,1.10314,1.50,2.10
2012.12.17 09:11:43.472,1.103,1.10313,1.73,1.54
2012.12.17 09:11:43.534,1.10299,1.1031,1.13,1.65
2012.12.17 09:11:43.892,1.10292,1.10302,1.25,1.46
2012.12.17 09:11:44.073,1.10291,1.10304,1.73,1.35
2012.12.17 09:11:44.432,1.10292,1.10305,1.73,2.44
2012.12.17 09:11:44.552,1.10292,1.10306,1.73,1.88
2012.12.17 09:11:45.182,1.10292,1.10306,1.73,1.88
2012.12.17 09:11:45.893,1.10292,1.10306,1.73,1.88
2012.12.17 09:11:46.373,1.10295,1.10308,1.50,2.48
2012.12.17 09:11:46.433,1.10295,1.10308,1.73,2.25
2012.12.17 09:11:47.762,1.10295,1.10308,1.13,3.56
2012.12.17 09:11:47.821,1.10295,1.10308,1.13,3.79
2012.12.17 09:11:48.356,1.10294,1.10307,1.73,1.35
2012.12.17 09:11:48.746,1.10292,1.10307,1.88,2.48
2012.12.17 09:11:49.862,1.10292,1.10305,1.73,1.31
2012.12.17 09:11:49.922,1.10292,1.10305,1.73,1.54
2012.12.17 09:11:50.283,1.1029,1.10302,1.73,1.46
2012.12.17 09:11:50.402,1.10289,1.10302,1.73,3.94
2012.12.17 09:11:50.642,1.10288,1.10301,1.73,1.13
2012.12.17 09:11:50.883,1.10286,1.10298,1.73,1.69
2012.12.17 09:11:50.953,1.10285,1.10298,1.73,1.69
2012.12.17 09:11:52.305,1.10282,1.10298,3.98,2.66
2012.12.17 09:11:52.553,1.10278,1.10292,2.25,3.41
2012.12.17 09:11:52.672,1.10275,1.10291,3.23,1.35
2012.12.17 09:11:53.053,1.10276,1.1029,2.48,1.13
2012.12.17 09:11:54.712,1.10276,1.1029,2.48,1.13
2012.12.17 09:11:54.973,1.10276,1.10289,2.48,1.35
2012.12.17 09:11:55.275,1.10267,1.10281,2.40,1.50
2012.12.17 09:11:55.583,1.10266,1.10279,2.25,1.13
2012.12.17 09:11:55.643,1.10266,1.10279,2.25,1.28
2012.12.17 09:11:55.703,1.10265,1.10279,1.88,1.13
2012.12.17 09:11:55.943,1.10268,1.10279,1.50,1.13
2012.12.17 09:11:56.202,1.10265,1.10279,2.63,1.13
2012.12.17 09:11:59.433,1.10263,1.10277,1.73,1.35
2012.12.17 09:11:59.973,1.10264,1.10278,1.73,1.35
2012.12.17 09:12:00.303,1.10265,1.10279,1.13,1.13
2012.12.17 09:12:00.363,1.10265,1.10279,1.88,1.13
2012.12.17 09:12:00.696,1.10268,1.10283,3.23,1.88
2012.12.17 09:12:01.233,1.10269,1.10283,1.73,1.13
2012.12.17 09:12:02.403,1.10269,1.10282,1.73,1.54
2012.12.17 09:12:03.193,1.10271,1.10284,3.23,1.13
2012.12.17 09:12:03.733,1.10272,1.10286,1.73,1.88
2012.12.17 09:12:04.273,1.10274,1.10286,2.25,1.73
2012.12.17 09:12:04.512,1.10274,1.10287,2.48,1.13
2012.12.17 09:12:04.573,1.10274,1.10287,2.48,1.35
2012.12.17 09:12:05.072,1.10274,1.10288,2.25,1.35
2012.12.17 09:12:05.314,1.10272,1.10286,1.50,1.73
2012.12.17 09:12:05.493,1.10275,1.10288,1.50,1.35
2012.12.17 09:12:05.793,1.10273,1.10286,1.50,1.69
2012.12.17 09:12:05.912,1.10271,1.10285,1.73,1.13
2012.12.17 09:12:06.033,1.10269,1.10284,1.73,1.28
2012.12.17 09:12:06.453,1.10267,1.10281,1.73,1.35
2012.12.17 09:12:07.010,1.10266,1.10281,1.73,2.10
2012.12.17 09:12:07.653,1.10265,1.1028,4.35,1.50
2012.12.17 09:12:09.204,1.10265,1.10279,3.23,1.13
2012.12.17 09:12:09.442,1.10264,1.10277,1.73,1.13
2012.12.17 09:12:09.943,1.10259,1.10275,5.44,1.50
2012.12.17 09:12:10.128,1.10259,1.10273,2.25,1.73
2012.12.17 09:12:10.833,1.10259,1.10271,1.73,1.13
2012.12.17 09:12:11.373,1.10255,1.1027,1.88,1.88
2012.12.17 09:12:11.553,1.10257,1.1027,1.13,2.25
2012.12.17 09:12:11.882,1.10257,1.10271,1.13,2.85
2012.12.17 09:12:12.385,1.10257,1.1027,1.13,2.25
2012.12.17 09:12:12.634,1.10252,1.10266,3.00,1.88
2012.12.17 09:12:12.753,1.10253,1.10266,1.73,1.88
2012.12.17 09:12:13.054,1.10248,1.10262,2.48,1.65
2012.12.17 09:12:13.473,1.10248,1.10262,1.73,1.88
2012.12.17 09:12:13.653,1.10248,1.10261,1.73,1.73
2012.12.17 09:12:13.775,1.10247,1.10259,1.73,1.88
2012.12.17 09:12:14.024,1.10244,1.10257,2.48,1.35
2012.12.17 09:12:14.083,1.10243,1.10256,3.23,1.13
2012.12.17 09:12:14.264,1.10241,1.10255,2.48,1.13
2012.12.17 09:12:14.324,1.10241,1.10253,2.25,1.35
2012.12.17 09:12:14.695,1.10239,1.10251,1.50,1.35
2012.12.17 09:12:15.002,1.10239,1.10252,1.73,2.25
2012.12.17 09:12:15.543,1.10239,1.10251,3.23,1.13
2012.12.17 09:12:15.902,1.10241,1.10252,1.73,2.03
2012.12.17 09:12:16.382,1.10241,1.10254,1.73,1.88
2012.12.17 09:12:16.883,1.10241,1.10254,1.73,1.88
2012.12.17 09:12:17.422,1.10243,1.10254,2.48,1.73
2012.12.17 09:12:17.605,1.10242,1.10253,1.73,1.13
2012.12.17 09:12:17.858,1.10237,1.10251,1.73,1.88
2012.12.17 09:12:18.163,1.10238,1.10251,1.73,1.13
2012.12.17 09:12:18.223,1.10238,1.10252,2.48,2.25
2012.12.17 09:12:19.432,1.10238,1.10253,1.73,2.40
2012.12.17 09:12:19.972,1.10238,1.10253,1.50,2.63
2012.12.17 09:12:20.092,1.10238,1.10253,2.48,2.63
2012.12.17 09:12:20.633,1.10241,1.10251,1.73,1.13
2012.12.17 09:12:20.812,1.10238,1.1025,1.73,1.13
2012.12.17 09:12:21.352,1.10237,1.1025,1.13,1.13
2012.12.17 09:12:21.712,1.10236,1.1025,1.13,1.88
2012.12.17 09:12:22.293,1.10235,1.10249,2.63,1.50
2012.12.17 09:12:22.823,1.10238,1.10251,1.73,1.13
2012.12.17 09:12:23.932,1.10237,1.10253,3.38,3.38
2012.12.17 09:12:24.403,1.1024,1.10253,3.23,1.88
2012.12.17 09:12:24.713,1.10241,1.10255,4.13,1.50
2012.12.17 09:12:25.762,1.10243,1.10258,1.73,1.73
2012.12.17 09:12:26.183,1.10246,1.1026,2.48,1.88
2012.12.17 09:12:27.142,1.10246,1.1026,2.48,1.13
2012.12.17 09:12:27.383,1.10252,1.10266,1.73,1.13
2012.12.17 09:12:27.443,1.10252,1.10266,1.73,1.35
2012.12.17 09:12:27.623,1.10252,1.10264,1.50,1.88
2012.12.17 09:12:28.162,1.1025,1.10265,2.48,2.10
2012.12.17 09:12:28.282,1.10252,1.10267,2.25,1.73
2012.12.17 09:12:28.403,1.10252,1.10268,3.98,1.88
2012.12.17 09:12:30.316,1.10256,1.10269,1.73,1.65
2012.12.17 09:12:30.443,1.10256,1.10269,1.73,1.50
2012.12.17 09:12:31.073,1.10256,1.10272,1.73,3.00
2012.12.17 09:12:33.162,1.10258,1.10272,1.73,1.13
2012.12.17 09:12:33.403,1.10262,1.10277,3.98,1.73
2012.12.17 09:12:33.823,1.10258,1.10275,2.63,1.13
2012.12.17 09:12:34.444,1.10258,1.10273,2.63,2.48
2012.12.17 09:12:35.252,1.10259,1.10274,2.48,1.13
2012.12.17 09:12:36.013,1.10264,1.10278,1.73,1.35
2012.12.17 09:12:36.994,1.10264,1.10278,1.73,1.88
2012.12.17 09:12:37.053,1.10264,1.10278,1.88,1.50
2012.12.17 09:12:37.582,1.10265,1.10281,2.67,4.13
2012.12.17 09:12:38.150,1.10266,1.10281,1.73,4.13
2012.12.17 09:12:43.402,1.10265,1.10281,2.48,2.63
2012.12.17 09:12:43.462,1.10266,1.10281,1.73,2.63
2012.12.17 09:12:44.803,1.10267,1.10281,1.73,1.13
2012.12.17 09:12:45.222,1.10265,1.10281,2.48,1.13
2012.12.17 09:12:45.523,1.10265,1.10272,1.50,1.88
2012.12.17 09:12:45.703,1.10259,1.10272,2.48,1.88
2012.12.17 09:12:45.882,1.10259,1.10272,1.73,1.88
2012.12.17 09:12:46.142,1.10258,1.10272,1.73,2.63
2012.12.17 09:12:54.859,1.10256,1.1027,1.73,1.88
2012.12.17 09:12:54.999,1.10252,1.10264,1.73,1.50
2012.12.17 09:12:55.124,1.10249,1.10264,4.13,1.73
2012.12.17 09:12:55.183,1.10249,1.10261,2.63,1.50
2012.12.17 09:12:55.303,1.10249,1.10261,3.20,1.35
2012.12.17 09:12:55.363,1.10248,1.1026,2.48,1.13
2012.12.17 09:12:55.963,1.10247,1.1026,2.48,1.13
2012.12.17 09:12:56.513,1.10247,1.1026,1.73,1.88
2012.12.17 09:12:57.622,1.10247,1.1026,2.48,1.13
2012.12.17 09:13:00.412,1.10247,1.1026,1.73,1.88
2012.12.17 09:13:00.533,1.10246,1.10258,1.73,1.13
2012.12.17 09:13:00.593,1.10244,1.10256,3.23,1.13
2012.12.17 09:13:00.652,1.10243,1.10256,1.35,1.88
2012.12.17 09:13:01.303,1.10242,1.10256,1.73,2.63
2012.12.17 09:13:02.139,1.10242,1.10254,1.73,5.25
2012.12.17 09:13:03.083,1.10242,1.10255,2.48,2.25
2012.12.17 09:13:03.693,1.10239,1.10255,2.48,2.48
2012.12.17 09:13:04.642,1.1024,1.10253,1.35,1.13
2012.12.17 09:13:06.743,1.10238,1.10253,3.23,3.19
2012.12.17 09:13:06.863,1.10236,1.10249,2.48,1.73
2012.12.17 09:13:07.402,1.10233,1.10248,3.98,1.13
2012.12.17 09:13:07.706,1.10233,1.10248,3.23,1.88
2012.12.17 09:13:08.574,1.10233,1.10248,2.48,1.88
2012.12.17 09:13:09.613,1.10236,1.10248,2.48,1.69
2012.12.17 09:13:09.992,1.10237,1.10251,2.10,1.88
2012.12.17 09:13:10.112,1.10239,1.10251,1.73,1.13
2012.12.17 09:13:12.663,1.1024,1.10251,1.50,1.73
2012.12.17 09:13:13.213,1.1024,1.10253,3.23,1.13
2012.12.17 09:13:13.572,1.1024,1.10252,2.48,1.69
2012.12.17 09:13:14.053,1.10239,1.10251,2.48,2.29
2012.12.17 09:13:14.552,1.10238,1.10251,3.23,1.88
2012.12.17 09:13:14.792,1.1024,1.10253,2.48,1.28
2012.12.17 09:13:14.914,1.10243,1.10253,1.50,1.28
2012.12.17 09:13:15.274,1.10247,1.10255,2.25,1.13
2012.12.17 09:13:15.526,1.10247,1.10258,2.48,1.80
2012.12.17 09:13:15.964,1.10248,1.10259,1.73,2.06
2012.12.17 09:13:16.202,1.10248,1.1026,1.73,1.50
2012.12.17 09:13:17.363,1.10248,1.10264,2.48,3.38
2012.12.17 09:13:19.212,1.10249,1.10262,1.73,3.98
2012.12.17 09:13:21.092,1.10249,1.10262,1.73,3.98
2012.12.17 09:13:21.622,1.10249,1.10258,1.73,3.75
2012.12.17 09:13:22.624,1.10248,1.10256,1.73,3.75
2012.12.17 09:13:29.133,1.10248,1.10256,1.73,1.50
2012.12.17 09:13:32.602,1.10247,1.10257,1.73,3.75
2012.12.17 09:13:32.662,1.10247,1.1026,1.73,3.98
2012.12.17 09:13:32.843,1.1025,1.10262,1.73,2.25
2012.12.17 09:13:33.402,1.1025,1.10262,1.73,1.13
2012.12.17 09:13:33.912,1.1025,1.10262,1.73,1.13
2012.12.17 09:13:33.973,1.1025,1.10261,1.73,3.75
2012.12.17 09:13:34.413,1.10249,1.10256,1.73,3.75
2012.12.17 09:13:34.781,1.10242,1.10255,2.48,4.65
2012.12.17 09:13:34.903,1.10241,1.10254,1.73,2.48
2012.12.17 09:13:35.324,1.1024,1.10254,1.73,3.23
2012.12.17 09:13:37.263,1.10242,1.10254,1.13,2.48
2012.12.17 09:13:37.443,1.10243,1.10257,1.73,4.73
2012.12.17 09:13:38.202,1.10245,1.10257,1.73,3.98
2012.12.17 09:13:41.623,1.10246,1.10257,1.50,3.98
2012.12.17 09:13:42.163,1.10244,1.10257,1.73,3.98
2012.12.17 09:13:42.706,1.10244,1.10257,1.73,3.98
2012.12.17 09:13:44.763,1.10244,1.10257,1.73,3.98
2012.12.17 09:13:45.427,1.10244,1.10257,1.73,3.98
2012.12.17 09:13:47.465,1.10242,1.10256,3.23,1.65
2012.12.17 09:13:47.717,1.10242,1.10252,1.73,1.31
2012.12.17 09:13:47.784,1.10241,1.10255,1.73,6.38
2012.12.17 09:13:48.023,1.10239,1.10252,2.48,3.90
2012.12.17 09:13:48.146,1.10239,1.10251,2.48,1.69
2012.12.17 09:13:48.464,1.10239,1.10253,1.13,2.25
2012.12.17 09:13:48.965,1.1024,1.10254,1.13,1.73
2012.12.17 09:13:49.327,1.10239,1.10252,1.73,3.75
2012.12.17 09:13:49.396,1.10238,1.10252,1.73,3.98
2012.12.17 09:13:49.898,1.10239,1.10254,1.73,1.13
2012.12.17 09:13:49.966,1.1024,1.10255,1.73,2.48
2012.12.17 09:13:50.514,1.1024,1.10255,1.73,2.48
2012.12.17 09:13:52.943,1.10243,1.10256,2.63,1.54
2012.12.17 09:13:53.253,1.1025,1.10258,1.73,3.75
2012.12.17 09:13:53.313,1.1025,1.10261,1.73,3.75
2012.12.17 09:13:53.835,1.10251,1.10263,2.67,2.48
2012.12.17 09:13:55.214,1.10252,1.10263,1.50,2.48
2012.12.17 09:13:55.333,1.10252,1.10263,1.73,2.25
2012.12.17 09:13:55.453,1.10253,1.10266,3.23,3.98
2012.12.17 09:13:55.763,1.10257,1.10266,1.50,3.98
2012.12.17 09:13:56.122,1.10258,1.10271,1.13,2.63
2012.12.17 09:13:56.483,1.10258,1.10273,1.88,1.73
2012.12.17 09:14:00.584,1.10258,1.10271,1.13,1.50
2012.12.17 09:14:00.643,1.10255,1.10271,2.85,1.88
2012.12.17 09:14:00.763,1.10255,1.10268,2.10,2.48
2012.12.17 09:14:01.604,1.10254,1.10268,2.48,2.25
2012.12.17 09:14:02.442,1.10254,1.1027,2.48,3.38
2012.12.17 09:14:06.833,1.10254,1.10269,1.73,2.25
2012.12.17 09:14:06.893,1.10253,1.10268,2.30,1.73
2012.12.17 09:14:07.613,1.10255,1.10269,1.73,2.48
2012.12.17 09:14:09.422,1.10253,1.1027,3.80,1.88
2012.12.17 09:14:12.812,1.10253,1.1027,4.17,1.50
2012.12.17 09:14:13.460,1.10255,1.1027,1.73,1.50
2012.12.17 09:14:15.913,1.10257,1.10271,1.73,2.10
2012.12.17 09:14:18.323,1.10257,1.10273,1.88,4.31
2012.12.17 09:14:21.373,1.1026,1.10273,1.73,1.88
2012.12.17 09:14:21.912,1.10261,1.10274,1.50,2.10
2012.12.17 09:14:22.732,1.10259,1.10274,1.73,2.10
2012.12.17 09:14:24.283,1.1026,1.10275,1.13,3.23
2012.12.17 09:14:24.522,1.10263,1.10279,3.23,2.10
2012.12.17 09:14:25.422,1.10263,1.10279,3.23,1.88
2012.12.17 09:14:25.484,1.10263,1.10279,3.98,1.88
2012.12.17 09:14:26.153,1.10265,1.10281,1.73,2.10
2012.12.17 09:14:27.093,1.10264,1.10279,1.73,1.46
2012.12.17 09:14:27.153,1.10264,1.10279,1.73,3.19
2012.12.17 09:14:29.623,1.10267,1.10279,1.13,3.04
2012.12.17 09:14:30.174,1.10265,1.10281,1.88,1.73
2012.12.17 09:14:30.839,1.10265,1.10281,1.88,1.73
2012.12.17 09:14:32.133,1.10266,1.10282,1.73,1.88
2012.12.17 09:14:35.604,1.10265,1.10277,1.73,1.46
2012.12.17 09:14:35.722,1.10265,1.1028,1.73,3.23
2012.12.17 09:14:35.782,1.10265,1.1028,2.48,3.00
2012.12.17 09:14:36.125,1.10265,1.10279,1.73,1.50
2012.12.17 09:14:36.363,1.10265,1.10281,1.73,1.13
2012.12.17 09:14:37.852,1.10264,1.10281,4.13,1.13
2012.12.17 09:14:37.973,1.10264,1.10278,3.38,1.50
2012.12.17 09:14:40.003,1.10264,1.10281,4.13,1.13
2012.12.17 09:14:40.123,1.10264,1.10281,4.88,1.13
2012.12.17 09:14:40.484,1.10272,1.10284,1.50,4.80
2012.12.17 09:14:40.782,1.10274,1.10287,1.73,1.13
2012.12.17 09:14:40.962,1.10274,1.1029,3.42,1.13
2012.12.17 09:14:41.024,1.10275,1.10291,1.73,1.13
2012.12.17 09:14:55.872,1.10277,1.10291,1.73,2.44
2012.12.17 09:14:56.473,1.10277,1.10291,3.23,1.13
2012.12.17 09:14:57.993,1.10275,1.10289,2.10,1.13
2012.12.17 09:14:58.113,1.10272,1.10287,3.23,1.13
2012.12.17 09:14:58.248,1.10272,1.1028,3.00,1.31
2012.12.17 09:14:58.375,1.1027,1.10283,3.38,1.50
2012.12.17 09:14:58.554,1.1027,1.10282,1.65,1.73
2012.12.17 09:14:59.196,1.10267,1.10282,2.85,1.88
2012.12.17 09:15:01.422,1.10265,1.1028,2.48,1.88
2012.12.17 09:15:01.927,1.10265,1.1028,2.48,2.10
2012.12.17 09:15:02.233,1.10263,1.10273,1.13,2.44
2012.12.17 09:15:02.293,1.10261,1.10273,1.50,2.44
2012.12.17 09:15:02.413,1.10258,1.10272,8.48,1.35
2012.12.17 09:15:02.772,1.10255,1.10269,1.73,2.29
2012.12.17 09:15:03.132,1.10256,1.10269,2.48,1.54
2012.12.17 09:15:04.003,1.1026,1.10271,1.50,1.73
2012.12.17 09:15:04.063,1.1026,1.10271,1.73,1.50
2012.12.17 09:15:04.362,1.1026,1.10273,1.73,3.19
2012.12.17 09:15:06.063,1.10261,1.10273,1.50,3.04
2012.12.17 09:15:06.125,1.10261,1.10273,1.73,2.81
2012.12.17 09:15:06.544,1.10263,1.10276,1.73,2.48
2012.12.17 09:15:06.673,1.10263,1.10276,1.73,1.73
2012.12.17 09:15:07.213,1.10263,1.10277,2.48,1.69
2012.12.17 09:15:07.573,1.10261,1.10273,3.00,1.69
2012.12.17 09:15:07.992,1.1026,1.10271,2.48,1.54
2012.12.17 09:15:08.413,1.10258,1.10271,3.23,1.54
2012.12.17 09:15:08.914,1.10259,1.10274,1.73,1.88
2012.12.17 09:15:08.973,1.1026,1.10274,2.48,1.88
2012.12.17 09:15:09.534,1.10261,1.10273,1.50,1.69
2012.12.17 09:15:09.653,1.1026,1.10273,1.73,1.46
2012.12.17 09:15:09.893,1.1026,1.10273,1.73,1.69
2012.12.17 09:15:12.753,1.10259,1.10273,3.23,1.65
2012.12.17 09:15:12.873,1.10259,1.10273,3.23,1.13
2012.12.17 09:15:13.870,1.10259,1.10273,2.48,1.88
2012.12.17 09:15:14.373,1.10259,1.10273,2.48,1.13
2012.12.17 09:15:15.502,1.10259,1.10275,2.48,1.73
2012.12.17 09:15:16.008,1.10259,1.10276,2.48,2.10
2012.12.17 09:15:16.253,1.10263,1.10277,2.48,1.88
2012.12.17 09:15:16.375,1.10263,1.10277,2.48,1.88
2012.12.17 09:15:16.613,1.10265,1.10275,1.73,1.31
2012.12.17 09:15:16.853,1.10265,1.10279,1.88,2.06
2012.12.17 09:15:17.421,1.10265,1.1028,3.38,2.06
2012.12.17 09:15:17.483,1.10265,1.10279,3.23,1.13
2012.12.17 09:15:17.604,1.10263,1.10274,1.73,1.31
2012.12.17 09:15:17.723,1.10263,1.10274,1.50,1.69
2012.12.17 09:15:17.782,1.10263,1.10274,1.50,1.69
2012.12.17 09:15:18.142,1.10262,1.10274,1.73,1.69
2012.12.17 09:15:18.383,1.10262,1.10276,3.00,1.73
2012.12.17 09:15:18.505,1.10262,1.10276,3.23,1.50
2012.12.17 09:15:19.052,1.10263,1.10279,3.23,1.88
2012.12.17 09:15:19.486,1.10263,1.10278,3.23,1.54
2012.12.17 09:15:19.852,1.10262,1.10277,1.73,2.48
2012.12.17 09:15:20.153,1.10262,1.10271,1.50,3.23
2012.12.17 09:15:20.562,1.1026,1.10269,1.73,3.75
2012.12.17 09:15:21.513,1.10261,1.10269,1.50,3.00
2012.12.17 09:15:21.693,1.10262,1.10267,2.25,3.00
2012.12.17 09:15:21.873,1.10258,1.10266,3.98,3.75
2012.12.17 09:15:22.239,1.10256,1.10265,1.35,3.75
2012.12.17 09:15:22.304,1.10255,1.10265,1.73,3.75
2012.12.17 09:15:22.843,1.10254,1.10265,2.48,3.75
2012.12.17 09:15:23.126,1.10257,1.10265,1.73,3.75
2012.12.17 09:15:24.291,1.10257,1.10265,1.73,3.75
2012.12.17 09:15:25.522,1.10258,1.10265,1.73,3.75
2012.12.17 09:15:25.847,1.10257,1.10267,4.73,3.75
2012.12.17 09:15:26.093,1.10255,1.10265,2.48,3.75
2012.12.17 09:15:26.213,1.10255,1.10268,2.48,3.90
2012.12.17 09:15:26.773,1.10255,1.10268,2.48,3.90
2012.12.17 09:15:27.893,1.10255,1.10267,2.48,1.73
2012.12.17 09:15:28.435,1.10256,1.10266,1.73,4.50
2012.12.17 09:15:28.760,1.10259,1.10266,1.70,3.75
2012.12.17 09:15:28.904,1.1026,1.10267,1.73,1.50
2012.12.17 09:15:28.975,1.1026,1.10269,1.73,1.50
2012.12.17 09:15:29.043,1.1026,1.10267,1.73,1.50
2012.12.17 09:15:29.225,1.1026,1.10267,1.73,1.50
2012.12.17 09:15:29.292,1.1026,1.10267,1.73,1.50
2012.12.17 09:15:29.412,1.1026,1.10267,1.73,1.50
2012.12.17 09:15:30.029,1.1026,1.10267,1.73,1.50
2012.12.17 09:15:30.522,1.1026,1.10269,1.73,3.75
2012.12.17 09:15:30.943,1.10257,1.10265,1.73,3.75
2012.12.17 09:15:31.243,1.10257,1.10268,2.48,3.75
2012.12.17 09:15:31.813,1.10257,1.10265,2.48,3.75
2012.12.17 09:15:34.493,1.10254,1.10265,3.23,3.75
2012.12.17 09:15:35.035,1.10254,1.10265,3.23,3.75
2012.12.17 09:15:36.154,1.10254,1.10265,3.23,3.75
2012.12.17 09:15:41.682,1.10254,1.10265,3.23,3.75
2012.12.17 09:15:49.413,1.10253,1.10265,4.35,3.75
2012.12.17 09:15:50.083,1.10253,1.10266,3.98,3.75
2012.12.17 09:15:51.707,1.10252,1.10262,4.17,3.75
2012.12.17 09:15:51.833,1.10252,1.10261,1.73,1.50
2012.12.17 09:15:51.893,1.10252,1.1026,1.73,3.75
2012.12.17 09:15:51.953,1.10252,1.1026,1.50,3.75
2012.12.17 09:15:52.492,1.10247,1.10259,4.13,1.50
2012.12.17 09:16:01.414,1.10247,1.10259,1.13,1.73
2012.12.17 09:16:01.893,1.10245,1.10255,3.98,3.75
2012.12.17 09:16:02.540,1.10245,1.10255,1.73,3.75
2012.12.17 09:16:07.904,1.10244,1.10255,1.13,3.75
2012.12.17 09:16:09.738,1.10241,1.10254,1.13,1.73
2012.12.17 09:16:10.360,1.10241,1.10253,1.13,1.73
2012.12.17 09:16:10.430,1.10239,1.10253,2.63,1.73
2012.12.17 09:16:11.304,1.10239,1.10249,1.73,1.50
2012.12.17 09:16:11.773,1.10234,1.10249,1.88,2.25
2012.12.17 09:16:11.833,1.10234,1.10249,1.88,2.48
2012.12.17 09:16:12.263,1.10234,1.1025,2.07,2.25
2012.12.17 09:16:15.116,1.10235,1.1025,1.73,2.48
2012.12.17 09:16:19.832,1.10235,1.10246,1.73,3.75
2012.12.17 09:16:25.252,1.10235,1.10249,1.73,1.50
2012.12.17 09:16:25.674,1.10237,1.1025,1.73,1.73
2012.12.17 09:16:25.746,1.10239,1.1025,1.13,1.50
2012.12.17 09:16:26.055,1.10242,1.10254,1.13,3.60
2012.12.17 09:16:26.304,1.10245,1.10255,1.13,3.75
2012.12.17 09:16:26.363,1.10245,1.10258,1.13,1.50
2012.12.17 09:16:27.049,1.10245,1.10258,1.35,1.50
2012.12.17 09:16:27.253,1.10245,1.10259,1.35,3.15
2012.12.17 09:16:27.373,1.10248,1.1026,1.73,1.65
2012.12.17 09:16:27.433,1.10248,1.10263,2.48,2.59
2012.12.17 09:16:27.744,1.1025,1.10264,2.48,1.50
2012.12.17 09:16:27.871,1.10251,1.10265,1.73,1.50
2012.12.17 09:16:28.113,1.10254,1.10266,2.48,4.50
2012.12.17 09:16:28.233,1.10254,1.10266,2.48,5.25
2012.12.17 09:16:28.294,1.10253,1.1026,2.03,3.75
2012.12.17 09:16:28.534,1.10245,1.10254,1.65,2.48
2012.12.17 09:16:28.653,1.10241,1.10254,2.10,4.54
2012.12.17 09:16:28.713,1.10241,1.10254,1.73,2.44
2012.12.17 09:16:29.873,1.10239,1.10253,2.48,2.48
2012.12.17 09:16:30.113,1.10239,1.1025,2.48,3.75
2012.12.17 09:16:32.433,1.1024,1.10252,1.13,1.73
2012.12.17 09:16:32.493,1.10241,1.10253,1.13,3.23
2012.12.17 09:16:32.673,1.10245,1.10255,1.73,3.75
2012.12.17 09:16:32.793,1.10245,1.10255,1.73,3.75
2012.12.17 09:16:33.213,1.10243,1.10255,3.23,3.75
2012.12.17 09:16:34.662,1.10243,1.10256,3.23,5.25
2012.12.17 09:16:35.783,1.10243,1.10255,1.73,1.50
2012.12.17 09:16:35.842,1.10242,1.10255,1.73,1.73
2012.12.17 09:16:36.373,1.10241,1.10255,2.48,2.48
2012.12.17 09:16:36.613,1.10245,1.10255,1.73,1.50
2012.12.17 09:16:36.673,1.10247,1.10259,1.73,1.88
2012.12.17 09:16:39.633,1.10248,1.1026,1.73,1.13
2012.12.17 09:16:40.093,1.1025,1.10263,1.73,2.48
2012.12.17 09:16:40.642,1.1025,1.10264,1.73,1.13
2012.12.17 09:16:41.209,1.1025,1.10265,1.73,2.25
2012.12.17 09:16:42.473,1.1025,1.10264,1.73,1.13
2012.12.17 09:16:44.304,1.10252,1.10265,2.48,3.75
2012.12.17 09:16:44.803,1.10252,1.10266,3.38,1.50
2012.12.17 09:16:44.924,1.10252,1.10266,3.38,1.50
2012.12.17 09:16:45.463,1.10254,1.10267,2.48,3.75
2012.12.17 09:16:45.583,1.10256,1.10267,1.73,3.75
2012.12.17 09:16:46.142,1.10255,1.10267,2.67,3.75
2012.12.17 09:16:46.973,1.10258,1.10267,1.17,3.75
2012.12.17 09:16:47.563,1.10258,1.1027,1.92,3.75
2012.12.17 09:16:49.124,1.10259,1.1027,2.48,3.75
2012.12.17 09:16:49.862,1.10256,1.1027,4.65,4.73
2012.12.17 09:16:49.983,1.10256,1.1027,4.65,3.98
2012.12.17 09:16:50.374,1.10256,1.10271,3.15,1.50
2012.12.17 09:16:50.683,1.10257,1.10271,1.13,1.50
2012.12.17 09:16:59.152,1.10258,1.10271,1.73,1.73
2012.12.17 09:16:59.476,1.10258,1.10271,1.73,1.50
2012.12.17 09:17:00.323,1.1026,1.10273,1.73,4.13
2012.12.17 09:17:01.932,1.10259,1.10268,2.48,3.75
2012.12.17 09:17:02.293,1.10258,1.10272,2.48,1.65
2012.12.17 09:17:02.812,1.10259,1.10274,1.73,1.88
2012.12.17 09:17:03.474,1.1026,1.10274,1.73,1.88
2012.12.17 09:17:07.484,1.1026,1.10274,1.73,1.13
2012.12.17 09:17:07.723,1.1026,1.10274,1.73,1.13
2012.12.17 09:17:07.843,1.1026,1.10274,2.48,1.13
2012.12.17 09:17:13.334,1.10263,1.10274,1.50,4.13
2012.12.17 09:17:13.703,1.10266,1.10275,1.13,3.75
2012.12.17 09:17:13.762,1.10266,1.10276,1.13,4.50
2012.12.17 09:17:13.943,1.10266,1.10279,1.13,2.81
2012.12.17 09:17:14.383,1.10265,1.10281,2.48,3.15
2012.12.17 09:17:14.974,1.10267,1.10283,1.13,3.38
2012.12.17 09:17:16.166,1.10269,1.10283,1.73,2.63
2012.12.17 09:17:16.293,1.10269,1.10285,1.88,3.79
2012.12.17 09:17:16.415,1.10275,1.10288,1.73,1.88
2012.12.17 09:17:16.483,1.10275,1.10288,1.73,1.65
2012.12.17 09:17:16.548,1.10275,1.10289,1.73,1.13
2012.12.17 09:17:18.183,1.10275,1.10292,2.48,3.94
2012.12.17 09:17:18.603,1.10275,1.10291,2.48,1.13
2012.12.17 09:17:19.013,1.10278,1.10293,1.73,3.56
2012.12.17 09:17:19.073,1.10278,1.10293,1.73,1.88
2012.12.17 09:17:19.135,1.10282,1.10293,1.50,1.88
2012.12.17 09:17:19.583,1.10282,1.10297,1.73,1.88
2012.12.17 09:17:20.124,1.10282,1.10298,2.48,2.44
2012.12.17 09:17:21.223,1.10284,1.10299,1.73,3.23
2012.12.17 09:17:21.463,1.10286,1.10301,1.73,3.19
2012.12.17 09:17:21.643,1.10288,1.10301,2.48,1.31
2012.12.17 09:17:21.703,1.10288,1.10304,2.48,3.00
2012.12.17 09:17:22.243,1.1029,1.10304,1.73,2.63
2012.12.17 09:17:22.803,1.10291,1.10304,1.73,2.63
2012.12.17 09:17:23.307,1.10291,1.10304,1.73,3.38
2012.12.17 09:17:28.070,1.10291,1.10304,2.48,2.63
2012.12.17 09:17:30.113,1.10291,1.10304,1.73,3.19
2012.12.17 09:17:30.654,1.10291,1.10304,1.73,1.50
2012.12.17 09:17:31.214,1.10291,1.10304,1.73,1.50
2012.12.17 09:17:34.623,1.1029,1.10304,1.73,2.63
2012.12.17 09:17:34.743,1.10289,1.10303,1.73,2.44
2012.12.17 09:17:35.283,1.10288,1.10302,1.73,1.50
2012.12.17 09:17:35.643,1.10289,1.10303,1.88,2.06
2012.12.17 09:17:35.883,1.10291,1.10305,1.73,2.48
2012.12.17 09:17:36.932,1.1029,1.10305,1.73,2.48
2012.12.17 09:17:40.025,1.10287,1.10301,1.50,2.25
2012.12.17 09:17:40.145,1.10286,1.10295,1.50,1.73
2012.12.17 09:17:40.214,1.10278,1.10291,4.35,1.50
2012.12.17 09:17:40.284,1.10278,1.10291,1.88,2.48
2012.12.17 09:17:40.834,1.10276,1.10291,3.38,3.04
2012.12.17 09:17:45.594,1.10277,1.10291,1.13,1.73
2012.12.17 09:17:48.075,1.10279,1.10291,3.75,1.73
2012.12.17 09:17:48.312,1.1028,1.10293,2.10,2.48
2012.12.17 09:17:48.373,1.1028,1.10293,1.13,2.48
2012.12.17 09:17:48.433,1.10277,1.10292,1.13,1.88
2012.12.17 09:17:49.071,1.10277,1.10292,1.13,1.88
2012.12.17 09:17:49.134,1.10277,1.10292,1.13,1.88
2012.12.17 09:17:49.254,1.10277,1.10292,1.13,1.88
2012.12.17 09:17:49.373,1.10277,1.10292,1.13,1.88
2012.12.17 09:17:49.784,1.1028,1.10292,1.50,1.88
2012.12.17 09:17:50.334,1.1028,1.10292,1.50,1.13
2012.12.17 09:17:53.693,1.10282,1.10294,1.50,1.73
2012.12.17 09:17:53.935,1.10284,1.10297,1.13,1.35
2012.12.17 09:17:54.484,1.10284,1.10299,4.13,1.88
2012.12.17 09:17:54.603,1.10284,1.10299,4.13,1.13
2012.12.17 09:17:55.264,1.10285,1.10299,1.50,4.13
2012.12.17 09:17:57.682,1.10285,1.10299,1.50,1.73
2012.12.17 09:17:58.963,1.10284,1.10298,2.63,1.73
2012.12.17 09:17:59.443,1.10284,1.10298,2.40,1.73
2012.12.17 09:17:59.992,1.10284,1.10299,2.63,1.73
2012.12.17 09:18:00.593,1.10284,1.10299,2.63,1.73
2012.12.17 09:18:01.106,1.10283,1.10297,2.63,2.63
2012.12.17 09:18:01.353,1.10281,1.10294,2.48,1.13
2012.12.17 09:18:01.657,1.10277,1.10285,1.50,2.44
2012.12.17 09:18:02.205,1.10275,1.10288,1.50,1.16
2012.12.17 09:18:02.333,1.10273,1.10286,2.63,2.48
2012.12.17 09:18:02.454,1.10274,1.10288,1.65,1.91
2012.12.17 09:18:02.855,1.10273,1.10288,3.38,3.04
2012.12.17 09:18:03.647,1.10273,1.10288,2.63,3.04
2012.12.17 09:18:03.894,1.10271,1.10285,3.98,1.73
2012.12.17 09:18:03.955,1.10271,1.10285,2.48,1.73
2012.12.17 09:18:04.484,1.10271,1.10285,1.88,1.73
2012.12.17 09:18:10.363,1.10272,1.10284,3.90,1.73
2012.12.17 09:18:10.845,1.10272,1.10284,3.98,1.73
2012.12.17 09:18:11.354,1.10272,1.10283,3.98,1.73
2012.12.17 09:18:11.718,1.10272,1.10283,3.98,1.73
2012.12.17 09:18:13.043,1.10272,1.10284,4.13,2.06
2012.12.17 09:18:13.224,1.10274,1.10285,3.98,1.50
2012.12.17 09:18:13.403,1.10271,1.10287,7.43,2.48
2012.12.17 09:18:13.724,1.10274,1.10285,1.88,1.31
2012.12.17 09:18:13.844,1.10274,1.10284,1.13,1.50
2012.12.17 09:18:14.155,1.10271,1.10283,1.13,1.50
2012.12.17 09:18:14.684,1.10271,1.10282,4.13,1.50
2012.12.17 09:18:15.163,1.10272,1.10283,1.73,1.50
2012.12.17 09:18:15.407,1.10276,1.10287,1.13,1.50
2012.12.17 09:18:15.592,1.10278,1.10289,1.13,1.50
2012.12.17 09:18:19.196,1.10277,1.10291,3.38,1.73
2012.12.17 09:18:19.384,1.10277,1.10291,3.38,1.50
2012.12.17 09:18:19.594,1.1028,1.10293,1.88,2.48
2012.12.17 09:18:19.714,1.10284,1.10293,3.75,1.73
2012.12.17 09:18:20.138,1.10285,1.10298,1.13,1.50
2012.12.17 09:18:20.563,1.10285,1.10297,1.13,1.50
2012.12.17 09:18:20.683,1.10285,1.10298,1.88,1.50
2012.12.17 09:18:21.540,1.10285,1.10298,1.13,1.50
2012.12.17 09:18:22.214,1.10285,1.10298,1.13,1.50
2012.12.17 09:18:22.333,1.10287,1.10298,1.35,1.50
2012.12.17 09:18:22.394,1.10287,1.10298,1.35,1.50
2012.12.17 09:18:26.243,1.10287,1.103,1.35,1.50
2012.12.17 09:18:27.044,1.10287,1.103,1.35,2.25
2012.12.17 09:18:27.164,1.10285,1.10298,1.35,1.50
2012.12.17 09:18:28.014,1.10285,1.10298,1.35,1.50
2012.12.17 09:18:28.134,1.10284,1.10295,4.13,2.48
2012.12.17 09:18:28.197,1.10282,1.10295,2.63,1.73
2012.12.17 09:18:28.504,1.1028,1.10292,1.35,1.50
2012.12.17 09:18:28.923,1.10278,1.10292,3.98,2.48
2012.12.17 09:18:29.258,1.10278,1.10289,3.98,1.73
2012.12.17 09:18:31.844,1.10276,1.10291,3.60,1.73
2012.12.17 09:18:32.395,1.10276,1.10291,4.50,1.50
2012.12.17 09:18:33.504,1.10276,1.10291,2.63,2.25
2012.12.17 09:18:34.135,1.10276,1.10288,1.13,1.50
2012.12.17 09:18:37.433,1.10276,1.1029,2.63,1.50
2012.12.17 09:18:37.677,1.1028,1.10292,1.13,1.50
2012.12.17 09:18:37.983,1.1028,1.10293,1.13,1.50
2012.12.17 09:18:38.225,1.1028,1.10293,1.13,1.50
2012.12.17 09:18:38.861,1.1028,1.10295,2.63,3.00
2012.12.17 09:18:43.938,1.10285,1.10295,1.13,1.50
2012.12.17 09:18:44.244,1.10288,1.10302,1.73,1.13
2012.12.17 09:18:44.843,1.10289,1.10301,1.92,1.13
2012.12.17 09:18:45.204,1.10288,1.10302,1.73,1.88
2012.12.17 09:18:45.986,1.1029,1.10304,2.63,1.73
2012.12.17 09:18:46.114,1.10294,1.10307,1.88,2.85
2012.12.17 09:18:46.355,1.10297,1.10308,1.13,1.50
2012.12.17 09:18:46.424,1.10295,1.10308,2.07,1.50
2012.12.17 09:18:46.730,1.10295,1.10304,1.13,1.50
2012.12.17 09:18:47.033,1.1029,1.10301,2.22,1.50
2012.12.17 09:18:47.851,1.10285,1.103,4.13,1.50
2012.12.17 09:18:48.623,1.10285,1.10299,3.00,1.50
2012.12.17 09:18:48.844,1.10285,1.10299,2.78,3.00
2012.12.17 09:18:50.613,1.10286,1.10299,1.13,1.50
2012.12.17 09:18:50.853,1.10286,1.103,1.13,1.50
2012.12.17 09:18:52.353,1.10285,1.10298,1.13,1.50
2012.12.17 09:18:55.011,1.10289,1.103,1.13,1.50
2012.12.17 09:18:55.077,1.10289,1.10302,1.13,3.00
2012.12.17 09:18:55.144,1.10289,1.10302,1.88,2.25
2012.12.17 09:18:55.444,1.10292,1.10304,1.13,1.13
2012.12.17 09:18:55.963,1.10292,1.10306,1.13,1.73
2012.12.17 09:18:56.455,1.10292,1.10306,1.13,1.73
2012.12.17 09:18:56.643,1.1029,1.103,1.73,1.13
2012.12.17 09:18:57.092,1.10288,1.103,1.73,1.13
2012.12.17 09:18:57.633,1.10288,1.103,1.73,1.13
2012.12.17 09:18:58.162,1.10288,1.103,1.73,1.13
2012.12.17 09:18:58.993,1.10288,1.103,1.73,1.69
2012.12.17 09:18:59.445,1.10287,1.10299,1.73,1.50
2012.12.17 09:18:59.634,1.10284,1.10296,1.73,1.65
2012.12.17 09:19:00.173,1.10284,1.10296,1.73,1.50
2012.12.17 09:19:00.732,1.10284,1.10296,1.50,1.73
2012.12.17 09:19:00.854,1.10282,1.10296,2.63,1.73
2012.12.17 09:19:01.274,1.10285,1.10298,1.13,1.50
2012.12.17 09:19:02.793,1.10288,1.10299,1.88,1.50
2012.12.17 09:19:02.913,1.10288,1.10302,3.38,1.35
2012.12.17 09:19:03.093,1.10291,1.10302,1.13,1.13
2012.12.17 09:19:03.535,1.10291,1.10304,1.13,1.50
2012.12.17 09:19:04.754,1.10294,1.10307,1.73,3.38
2012.12.17 09:19:04.815,1.10294,1.10307,2.10,3.38
2012.12.17 09:19:05.176,1.10301,1.10312,1.50,1.73
2012.12.17 09:19:05.428,1.10301,1.10314,2.48,1.73
2012.12.17 09:19:05.504,1.10301,1.1032,3.23,1.88
2012.12.17 09:19:05.836,1.10307,1.10318,1.13,1.50
2012.12.17 09:19:05.964,1.10308,1.10318,1.13,1.50
2012.12.17 09:19:06.084,1.10306,1.10318,1.13,1.50
2012.12.17 09:19:06.430,1.10305,1.10316,1.73,1.50
2012.12.17 09:19:06.511,1.10304,1.10316,2.25,1.50
2012.12.17 09:19:06.705,1.10306,1.10318,1.13,1.50
2012.12.17 09:19:06.953,1.10306,1.10318,1.13,1.50
2012.12.17 09:19:07.254,1.10306,1.10318,1.88,1.50
2012.12.17 09:19:07.617,1.10306,1.1032,1.88,1.50
2012.12.17 09:19:08.123,1.10306,1.1032,3.38,1.50
2012.12.17 09:19:09.402,1.10306,1.10318,2.63,1.31
2012.12.17 09:19:09.525,1.10306,1.10319,2.63,1.50
2012.12.17 09:19:09.643,1.10306,1.10319,2.63,1.73
2012.12.17 09:19:09.763,1.10306,1.10319,1.13,1.50
2012.12.17 09:19:10.304,1.10309,1.10323,1.50,1.88
2012.12.17 09:19:10.723,1.10311,1.10323,1.73,1.13
2012.12.17 09:19:11.194,1.1031,1.10322,1.73,3.19
2012.12.17 09:19:11.314,1.10308,1.1032,2.48,1.50
2012.12.17 09:19:11.374,1.10306,1.10318,1.88,1.50
2012.12.17 09:19:11.998,1.10304,1.10318,2.25,1.65
2012.12.17 09:19:12.067,1.10304,1.10318,1.88,1.88
2012.12.17 09:19:12.623,1.103,1.10314,3.23,1.50
2012.12.17 09:19:12.863,1.10302,1.10317,2.85,1.73
2012.12.17 09:19:12.923,1.10302,1.10317,2.85,1.73
2012.12.17 09:19:13.103,1.10303,1.10317,1.13,1.73
2012.12.17 09:19:13.163,1.10303,1.10316,1.13,1.73
2012.12.17 09:19:13.703,1.103,1.10314,2.10,1.50
2012.12.17 09:19:15.215,1.10301,1.10314,1.35,1.50
2012.12.17 09:19:15.663,1.10301,1.10315,2.10,1.50
2012.12.17 09:19:15.964,1.103,1.10314,1.88,1.13
2012.12.17 09:19:16.265,1.10301,1.10313,1.88,2.06
2012.12.17 09:19:16.623,1.103,1.10313,1.50,2.06
2012.12.17 09:19:16.745,1.10302,1.10316,2.10,2.48
2012.12.17 09:19:17.285,1.10304,1.10319,1.13,1.73
2012.12.17 09:19:17.743,1.10304,1.1032,3.38,2.48
2012.12.17 09:19:18.103,1.10305,1.10319,1.13,2.25
2012.12.17 09:19:18.164,1.10305,1.10319,1.13,2.25
2012.12.17 09:19:18.517,1.10305,1.10319,1.88,2.25
2012.12.17 09:19:20.043,1.10306,1.1032,1.73,3.23
2012.12.17 09:19:21.624,1.10305,1.10318,1.13,1.50
2012.12.17 09:19:21.684,1.10304,1.10315,2.48,1.31
2012.12.17 09:19:22.584,1.10303,1.10317,3.93,1.50
2012.12.17 09:19:22.704,1.10303,1.10317,3.93,1.50
2012.12.17 09:19:23.223,1.10308,1.10322,1.13,3.00
2012.12.17 09:19:23.283,1.10308,1.10322,1.13,2.63
2012.12.17 09:19:23.715,1.1031,1.10323,1.13,1.50
2012.12.17 09:19:24.035,1.10316,1.10326,1.13,1.73
2012.12.17 09:19:24.393,1.10321,1.1033,1.13,1.50
2012.12.17 09:19:24.905,1.1032,1.10328,1.13,1.50
2012.12.17 09:19:25.109,1.10319,1.10326,1.65,4.13
2012.12.17 09:19:25.290,1.10319,1.10331,1.13,1.50
2012.12.17 09:19:25.784,1.10321,1.10334,1.13,2.48
2012.12.17 09:19:25.904,1.10321,1.10335,1.13,2.40
2012.12.17 09:19:26.444,1.10324,1.10338,1.13,3.38
2012.12.17 09:19:27.023,1.10325,1.10338,2.48,1.13
2012.12.17 09:19:27.371,1.10327,1.1034,1.73,1.88
2012.12.17 09:19:27.715,1.1033,1.10341,1.50,4.35
2012.12.17 09:19:28.253,1.10331,1.10343,1.50,1.35
2012.12.17 09:19:28.373,1.10332,1.10345,1.50,1.35
2012.12.17 09:19:28.554,1.10327,1.10341,3.38,1.50
2012.12.17 09:19:28.615,1.10327,1.10341,2.63,1.50
2012.12.17 09:19:28.735,1.10327,1.10341,1.88,2.25
2012.12.17 09:19:28.805,1.10329,1.10339,1.73,1.50
2012.12.17 09:19:29.335,1.10326,1.10339,1.13,2.48
2012.12.17 09:19:29.693,1.10324,1.10336,1.13,1.50
2012.12.17 09:19:29.754,1.10324,1.10337,1.88,2.06
2012.12.17 09:19:30.386,1.10324,1.10337,1.88,2.29
2012.12.17 09:19:30.523,1.10325,1.10337,1.13,2.29
2012.12.17 09:19:31.004,1.10321,1.10333,1.35,1.50
2012.12.17 09:19:31.065,1.10319,1.10333,1.73,1.88
2012.12.17 09:19:31.183,1.10318,1.10331,1.50,1.13
2012.12.17 09:19:31.363,1.10316,1.1033,3.08,1.73
2012.12.17 09:19:31.603,1.10314,1.10329,2.63,1.73
2012.12.17 09:19:31.913,1.10314,1.10329,2.63,1.73
2012.12.17 09:19:32.154,1.10312,1.10327,2.63,1.13
2012.12.17 09:19:33.083,1.10312,1.10325,1.88,1.54
2012.12.17 09:19:33.503,1.10311,1.10323,2.48,1.46
2012.12.17 09:19:33.811,1.10309,1.10321,1.73,1.54
2012.12.17 09:19:34.554,1.10308,1.10321,3.23,1.54
2012.12.17 09:19:37.234,1.10308,1.10321,1.73,1.54
2012.12.17 09:19:37.946,1.10308,1.10319,1.73,1.54
2012.12.17 09:19:39.403,1.10307,1.10319,1.73,1.54
2012.12.17 09:19:42.164,1.10304,1.10316,2.63,1.31
2012.12.17 09:19:42.404,1.10305,1.10318,1.13,1.54
2012.12.17 09:19:43.315,1.10304,1.10318,1.88,1.54
2012.12.17 09:19:43.752,1.10304,1.10315,1.13,1.31
2012.12.17 09:19:44.174,1.10301,1.10315,2.48,2.10
2012.12.17 09:19:44.654,1.10304,1.10317,1.50,1.73
2012.12.17 09:19:45.092,1.10305,1.10317,1.73,1.73
2012.12.17 09:19:45.704,1.10303,1.10318,1.73,2.63
2012.12.17 09:19:46.009,1.10301,1.10316,2.48,1.13
2012.12.17 09:19:46.138,1.103,1.10313,1.73,1.13
2012.12.17 09:19:46.915,1.10302,1.10314,1.73,1.13
2012.12.17 09:19:47.273,1.10299,1.10308,1.73,3.90
2012.12.17 09:19:47.334,1.10298,1.10308,1.73,4.13
2012.12.17 09:19:47.633,1.10298,1.10307,1.73,4.88
2012.12.17 09:19:47.934,1.10295,1.10306,1.50,1.13
2012.12.17 09:19:48.234,1.10296,1.10307,1.50,1.35
2012.12.17 09:19:48.555,1.10299,1.10312,1.73,2.63
2012.12.17 09:19:48.673,1.10299,1.10312,3.23,1.88
2012.12.17 09:19:48.974,1.10304,1.10315,1.88,1.54
2012.12.17 09:19:49.903,1.10306,1.10318,1.50,1.73
2012.12.17 09:19:50.423,1.10305,1.10315,1.73,1.31
2012.12.17 09:19:50.733,1.10305,1.10315,1.50,1.54
2012.12.17 09:19:51.724,1.10302,1.10314,1.73,1.73
2012.12.17 09:19:52.883,1.10302,1.10314,1.73,2.29
2012.12.17 09:19:53.383,1.10302,1.10315,1.73,1.73
2012.12.17 09:19:53.742,1.1031,1.1032,1.50,1.35
2012.12.17 09:19:54.953,1.10309,1.10322,1.73,1.73
2012.12.17 09:19:55.433,1.10309,1.10323,1.73,1.69
2012.12.17 09:19:56.053,1.10309,1.10323,1.73,1.69
2012.12.17 09:19:56.293,1.1031,1.10325,1.13,2.29
2012.12.17 09:19:58.887,1.10312,1.10328,1.13,1.73
2012.12.17 09:19:59.384,1.10316,1.10329,1.13,1.73
2012.12.17 09:19:59.924,1.10313,1.10329,1.88,1.73
2012.12.17 09:20:00.044,1.10313,1.10329,1.13,2.25
2012.12.17 09:20:00.407,1.10311,1.10326,2.25,2.29
2012.12.17 09:20:00.475,1.10311,1.10326,2.48,2.29
2012.12.17 09:20:00.594,1.10311,1.10324,1.50,1.88
2012.12.17 09:20:00.895,1.10309,1.1032,3.08,1.31
2012.12.17 09:20:01.404,1.10309,1.1032,2.48,1.31
2012.12.17 09:20:01.525,1.10309,1.10322,2.48,1.54
2012.12.17 09:20:01.645,1.10309,1.10322,2.48,1.54
2012.12.17 09:20:02.204,1.10309,1.10322,2.48,1.73
2012.12.17 09:20:02.267,1.10309,1.10319,2.48,1.31
2012.12.17 09:20:02.574,1.10309,1.10321,1.73,1.31
2012.12.17 09:20:03.252,1.10309,1.10323,1.73,2.29
2012.12.17 09:20:04.093,1.10309,1.10323,1.73,1.73
2012.12.17 09:20:04.454,1.10309,1.10323,1.73,1.73
2012.12.17 09:20:05.393,1.10308,1.1032,1.73,1.88
2012.12.17 09:20:05.453,1.10308,1.10317,1.73,1.31
2012.12.17 09:20:05.813,1.10303,1.10316,1.50,1.69
2012.12.17 09:20:06.110,1.10303,1.10316,1.50,1.69
2012.12.17 09:20:07.927,1.10301,1.10316,2.63,1.69
2012.12.17 09:20:08.473,1.10303,1.10316,2.48,2.44
2012.12.17 09:20:09.030,1.10302,1.10316,1.73,2.29
2012.12.17 09:20:09.101,1.10301,1.10314,1.73,1.13
2012.12.17 09:20:09.345,1.10297,1.10311,1.13,2.25
2012.12.17 09:20:09.414,1.10296,1.10311,3.23,2.63
2012.12.17 09:20:09.474,1.10296,1.10309,2.48,1.54
2012.12.17 09:20:09.833,1.10297,1.10311,1.88,1.73
2012.12.17 09:20:09.893,1.10298,1.10312,1.73,2.29
2012.12.17 09:20:10.253,1.103,1.10312,2.25,1.73
2012.12.17 09:20:10.813,1.10301,1.10313,1.73,1.69
2012.12.17 09:20:11.624,1.10301,1.10313,1.73,1.69
2012.12.17 09:20:12.933,1.10301,1.10313,1.73,1.69
2012.12.17 09:20:13.185,1.10296,1.10309,1.73,1.54
2012.12.17 09:20:13.373,1.10295,1.1031,1.73,3.23
2012.12.17 09:20:13.492,1.10294,1.10308,1.73,1.31
2012.12.17 09:20:14.345,1.10293,1.10307,1.13,1.50
2012.12.17 09:20:16.313,1.10293,1.10308,1.50,1.50
2012.12.17 09:20:16.793,1.10295,1.10309,2.10,2.81
2012.12.17 09:20:19.223,1.10301,1.10309,3.98,2.81
2012.12.17 09:20:19.404,1.10299,1.10311,1.28,2.29
2012.12.17 09:20:19.607,1.10299,1.10311,1.88,1.73
2012.12.17 09:20:19.913,1.10299,1.10312,1.88,1.31
2012.12.17 09:20:20.034,1.10299,1.10312,1.13,1.31
2012.12.17 09:20:20.095,1.10298,1.10311,1.88,1.50
2012.12.17 09:20:20.599,1.10296,1.1031,1.35,1.50
2012.12.17 09:20:21.135,1.10296,1.1031,1.35,1.50
2012.12.17 09:20:21.683,1.10297,1.1031,1.35,1.50
2012.12.17 09:20:21.925,1.10297,1.10311,1.88,1.65
2012.12.17 09:20:22.664,1.10299,1.10313,1.13,1.13
2012.12.17 09:20:23.935,1.103,1.10314,1.88,1.54
2012.12.17 09:20:23.999,1.103,1.10314,1.88,1.31
2012.12.17 09:20:24.304,1.10302,1.10315,1.35,2.06
2012.12.17 09:20:34.854,1.10301,1.10315,1.35,2.25
2012.12.17 09:20:35.466,1.10301,1.10314,1.35,1.31
2012.12.17 09:20:36.030,1.10301,1.10315,1.35,2.81
2012.12.17 09:20:36.453,1.10301,1.10312,1.13,1.31
2012.12.17 09:20:36.951,1.103,1.10312,1.88,1.31
2012.12.17 09:20:38.065,1.103,1.10314,1.88,2.81
2012.12.17 09:20:38.599,1.103,1.10314,1.88,1.31
2012.12.17 09:20:39.443,1.10302,1.10314,1.35,1.31
2012.12.17 09:20:40.021,1.10301,1.10315,2.10,1.31
2012.12.17 09:20:40.920,1.10305,1.10315,1.13,1.31
2012.12.17 09:20:41.056,1.10305,1.1032,2.63,3.79
2012.12.17 09:20:41.364,1.10308,1.1032,1.73,1.50
2012.12.17 09:20:41.893,1.10308,1.10322,1.73,1.88
2012.12.17 09:20:42.413,1.10306,1.10322,1.73,1.88
2012.12.17 09:20:44.303,1.10305,1.10318,1.73,1.54
2012.12.17 09:20:44.604,1.10302,1.10315,2.63,1.31
2012.12.17 09:20:45.143,1.10302,1.10316,1.88,1.50
2012.12.17 09:20:45.713,1.10302,1.10316,1.13,1.73
2012.12.17 09:20:45.833,1.10302,1.10316,1.13,1.73
2012.12.17 09:20:46.912,1.10302,1.10316,1.13,1.73
2012.12.17 09:20:47.536,1.10302,1.10316,1.13,1.73
2012.12.17 09:20:49.095,1.103,1.10314,2.48,3.94
2012.12.17 09:20:49.214,1.10297,1.10312,3.30,1.50
2012.12.17 09:20:49.393,1.10297,1.1031,1.80,2.06
2012.12.17 09:20:49.933,1.10295,1.10308,1.28,1.50
2012.12.17 09:20:50.664,1.10296,1.10309,1.13,1.50
2012.12.17 09:20:50.724,1.10296,1.1031,1.13,1.50
2012.12.17 09:20:51.146,1.10297,1.1031,1.13,1.50
2012.12.17 09:20:51.343,1.10297,1.1031,1.13,1.50
2012.12.17 09:20:52.094,1.10295,1.1031,1.35,1.50
2012.12.17 09:20:52.395,1.10293,1.10307,3.23,1.35
2012.12.17 09:20:52.574,1.10293,1.10307,3.98,1.73
2012.12.17 09:20:53.113,1.10291,1.10306,3.23,1.73
2012.12.17 09:20:53.773,1.10291,1.10304,2.48,2.81
2012.12.17 09:20:54.336,1.10291,1.10303,1.73,1.13
2012.12.17 09:20:54.395,1.10291,1.10301,1.73,1.31
2012.12.17 09:20:55.273,1.10289,1.10301,1.73,1.31
2012.12.17 09:20:55.813,1.10289,1.10303,2.48,2.81
2012.12.17 09:20:55.973,1.10289,1.10303,2.48,2.81
2012.12.17 09:20:58.256,1.10292,1.10306,1.73,2.48
2012.12.17 09:20:58.315,1.10293,1.10306,1.73,1.35
2012.12.17 09:20:58.498,1.10293,1.10307,3.23,2.96
2012.12.17 09:20:59.006,1.10296,1.10308,1.73,2.44
2012.12.17 09:21:00.444,1.10298,1.10308,1.50,1.13
2012.12.17 09:21:01.133,1.10298,1.1031,1.73,1.91
2012.12.17 09:21:01.553,1.10299,1.1031,1.73,1.54
2012.12.17 09:21:04.738,1.10295,1.10306,2.48,1.65
2012.12.17 09:21:04.865,1.10291,1.10305,2.63,1.73
2012.12.17 09:21:04.923,1.10291,1.10306,2.82,1.73
2012.12.17 09:21:05.276,1.10291,1.10307,1.32,3.00
2012.12.17 09:21:09.593,1.10292,1.10306,1.73,1.50
2012.12.17 09:21:10.103,1.10292,1.10306,1.73,1.50
2012.12.17 09:21:11.353,1.10292,1.10308,1.65,4.50
2012.12.17 09:21:11.413,1.10292,1.10308,2.63,4.50
2012.12.17 09:21:11.533,1.10293,1.10308,2.48,2.25
2012.12.17 09:21:20.646,1.10291,1.10305,3.00,1.50
2012.12.17 09:21:20.937,1.10291,1.10299,1.50,1.73
2012.12.17 09:21:21.006,1.1029,1.10299,1.50,1.73
2012.12.17 09:21:21.065,1.10289,1.10299,1.50,1.73
2012.12.17 09:21:21.185,1.10282,1.10296,1.13,2.25
2012.12.17 09:21:21.244,1.10282,1.10296,1.13,1.50
2012.12.17 09:21:22.030,1.10284,1.10298,1.88,3.00
2012.12.17 09:21:22.109,1.10284,1.10297,1.13,2.25
2012.12.17 09:21:22.413,1.10284,1.10298,1.13,2.81
2012.12.17 09:21:24.003,1.10283,1.10295,2.48,1.50
2012.12.17 09:21:24.186,1.10281,1.10295,1.13,2.25
2012.12.17 09:21:24.315,1.10281,1.10295,1.88,1.50
2012.12.17 09:21:25.143,1.10281,1.10296,4.88,1.73
2012.12.17 09:21:25.203,1.10281,1.10296,4.88,1.50
2012.12.17 09:21:26.294,1.10281,1.10296,3.38,2.25
2012.12.17 09:21:27.573,1.10281,1.10296,2.48,2.48
2012.12.17 09:21:27.813,1.10281,1.10296,2.48,2.48
2012.12.17 09:21:29.594,1.10281,1.10296,2.48,2.48
2012.12.17 09:21:30.444,1.10281,1.10296,1.73,2.48
2012.12.17 09:21:30.813,1.10279,1.10294,2.48,1.88
2012.12.17 09:21:31.364,1.10279,1.10293,3.23,1.13
2012.12.17 09:21:31.955,1.10278,1.10293,1.73,3.19
2012.12.17 09:21:32.315,1.10274,1.10289,2.48,1.50
2012.12.17 09:21:32.446,1.1027,1.10285,2.48,1.35
2012.12.17 09:21:32.637,1.10269,1.10284,2.48,1.13
2012.12.17 09:21:32.943,1.10266,1.10282,4.13,1.73
2012.12.17 09:21:33.004,1.10266,1.10282,4.13,1.73
2012.12.17 09:21:36.298,1.10266,1.10282,3.38,2.48
2012.12.17 09:21:37.343,1.10268,1.10282,1.73,1.73
2012.12.17 09:21:37.544,1.10268,1.10282,1.73,1.73
2012.12.17 09:21:38.195,1.10268,1.10282,1.73,1.73
2012.12.17 09:21:38.924,1.10271,1.10282,1.13,1.73
2012.12.17 09:21:39.105,1.10272,1.10284,2.63,1.50
2012.12.17 09:21:39.284,1.10275,1.10289,3.23,1.73
2012.12.17 09:21:39.345,1.10275,1.10289,3.23,1.50
2012.12.17 09:21:39.464,1.10274,1.10286,3.98,1.50
2012.12.17 09:21:40.015,1.10273,1.10286,1.88,2.25
2012.12.17 09:21:40.137,1.10273,1.10285,1.88,1.73
2012.12.17 09:21:40.465,1.10273,1.10285,1.13,1.73
2012.12.17 09:21:41.374,1.10273,1.10285,1.13,1.73
2012.12.17 09:21:42.303,1.10272,1.10284,1.88,1.73
2012.12.17 09:21:42.613,1.10272,1.10284,1.13,1.73
2012.12.17 09:21:42.943,1.10272,1.10284,1.13,1.73
2012.12.17 09:21:43.504,1.10269,1.10284,3.98,1.73
2012.12.17 09:21:43.804,1.10269,1.10282,2.48,1.73
2012.12.17 09:21:43.927,1.1027,1.10282,1.73,1.73
2012.12.17 09:21:44.354,1.10268,1.10284,3.23,2.85
2012.12.17 09:21:44.714,1.10273,1.10285,1.13,2.48
2012.12.17 09:21:45.073,1.10274,1.10288,1.73,3.98
2012.12.17 09:21:45.253,1.10274,1.10286,1.73,1.35
2012.12.17 09:21:46.045,1.10272,1.10284,2.63,1.50
2012.12.17 09:21:46.623,1.10272,1.10284,2.63,1.50
2012.12.17 09:21:46.924,1.10272,1.10281,1.50,3.98
2012.12.17 09:21:47.464,1.10271,1.10281,2.48,3.98
2012.12.17 09:21:47.694,1.10272,1.10285,1.73,2.29
2012.12.17 09:21:48.054,1.10273,1.10287,1.88,4.73
2012.12.17 09:21:48.414,1.10269,1.10281,3.38,2.25
2012.12.17 09:21:48.773,1.10266,1.10279,1.16,2.40
2012.12.17 09:21:48.954,1.10265,1.10279,1.73,1.13
2012.12.17 09:21:49.483,1.10265,1.10279,3.00,1.88
2012.12.17 09:21:50.153,1.10262,1.10279,1.20,1.88
2012.12.17 09:21:50.714,1.10264,1.10278,1.73,1.35
2012.12.17 09:21:51.023,1.10266,1.10279,1.73,2.44
2012.12.17 09:21:51.583,1.10263,1.10279,3.23,2.44
2012.12.17 09:21:52.003,1.10263,1.10279,3.23,2.44
2012.12.17 09:21:52.555,1.10262,1.10277,2.63,1.73
2012.12.17 09:21:52.964,1.10262,1.10276,2.63,1.73
2012.12.17 09:21:53.203,1.10261,1.10273,1.05,1.31
2012.12.17 09:21:53.574,1.1026,1.10273,1.35,2.06
2012.12.17 09:21:54.234,1.10259,1.10273,1.73,2.29
2012.12.17 09:21:56.173,1.10258,1.10272,3.98,1.73
2012.12.17 09:21:56.505,1.10262,1.10274,1.13,2.10
2012.12.17 09:21:57.044,1.1026,1.10274,1.35,2.10
2012.12.17 09:21:58.323,1.10259,1.10273,2.85,1.50
2012.12.17 09:21:59.192,1.10262,1.10274,2.10,2.25
2012.12.17 09:21:59.315,1.10259,1.10272,1.73,2.29
2012.12.17 09:21:59.374,1.10259,1.10271,1.50,1.73
2012.12.17 09:21:59.733,1.10249,1.10266,1.28,2.25
2012.12.17 09:22:00.243,1.10248,1.10263,6.38,1.50
2012.12.17 09:22:00.714,1.10249,1.10263,1.13,1.50
2012.12.17 09:22:01.364,1.10252,1.10266,1.13,2.29
2012.12.17 09:22:01.486,1.10253,1.10266,1.73,1.31
2012.12.17 09:22:01.983,1.10256,1.10271,1.88,2.63
2012.12.17 09:22:02.315,1.10255,1.10268,2.48,1.13
2012.12.17 09:22:03.063,1.10254,1.10268,1.73,1.13
2012.12.17 09:22:03.613,1.10254,1.10267,1.73,1.31
2012.12.17 09:22:04.103,1.10256,1.10267,1.50,1.54
2012.12.17 09:22:04.684,1.10255,1.10267,1.50,1.69
2012.12.17 09:22:05.245,1.10255,1.10269,1.73,1.35
2012.12.17 09:22:05.316,1.10258,1.10271,1.13,2.44
2012.12.17 09:22:05.444,1.10262,1.10275,1.73,1.13
2012.12.17 09:22:06.029,1.10261,1.10276,1.73,2.25
2012.12.17 09:22:08.453,1.10261,1.10275,1.73,1.13
2012.12.17 09:22:08.765,1.10262,1.10275,1.13,1.73
2012.12.17 09:22:09.063,1.10262,1.10273,1.35,2.25
2012.12.17 09:22:09.306,1.10259,1.10272,1.73,1.31
2012.12.17 09:22:09.555,1.10259,1.1027,1.50,1.73
2012.12.17 09:22:10.753,1.10259,1.10271,1.13,1.50
2012.12.17 09:22:11.326,1.10259,1.10273,1.13,1.73
2012.12.17 09:22:12.444,1.10262,1.10275,1.13,3.23
2012.12.17 09:22:12.626,1.10262,1.10276,1.88,2.63
2012.12.17 09:22:13.068,1.10264,1.10277,1.73,3.15
2012.12.17 09:22:14.807,1.10264,1.10277,1.73,2.48
2012.12.17 09:22:14.934,1.10263,1.10277,1.50,2.48
2012.12.17 09:22:15.484,1.10261,1.10276,1.73,4.13
2012.12.17 09:22:15.843,1.1026,1.10275,2.25,2.29
2012.12.17 09:22:15.904,1.1026,1.10275,2.25,2.29
2012.12.17 09:22:16.507,1.10261,1.10275,2.48,1.88
2012.12.17 09:22:16.575,1.10261,1.10275,2.48,1.88
2012.12.17 09:22:16.944,1.10263,1.10277,1.13,2.29
2012.12.17 09:22:19.383,1.10261,1.10275,1.65,1.73
2012.12.17 09:22:20.313,1.1026,1.10275,1.65,2.48
2012.12.17 09:22:20.433,1.10259,1.10275,1.50,3.38
2012.12.17 09:22:20.915,1.10259,1.10275,1.88,2.48
2012.12.17 09:22:21.155,1.10262,1.10277,1.50,1.88
2012.12.17 09:22:21.276,1.10262,1.10277,1.73,1.13
2012.12.17 09:22:23.205,1.10263,1.10279,1.88,1.35
2012.12.17 09:22:23.264,1.10264,1.1028,1.65,4.35
2012.12.17 09:22:23.813,1.10265,1.10281,1.73,1.13
2012.12.17 09:22:24.334,1.10265,1.10281,1.73,3.38
2012.12.17 09:22:24.874,1.10265,1.10281,3.23,3.38
2012.12.17 09:22:24.934,1.10265,1.10281,3.23,3.38
2012.12.17 09:22:25.494,1.10265,1.10281,1.73,3.38
2012.12.17 09:22:27.134,1.10264,1.10275,3.23,2.63
2012.12.17 09:22:27.495,1.10256,1.10269,1.07,2.06
2012.12.17 09:22:27.974,1.10263,1.10277,1.13,3.98
2012.12.17 09:22:28.684,1.10261,1.10277,3.60,3.75
2012.12.17 09:22:28.804,1.10262,1.10277,1.35,3.75
2012.12.17 09:22:31.773,1.10262,1.10277,2.10,3.00
2012.12.17 09:22:32.313,1.10261,1.10274,1.35,1.50
2012.12.17 09:22:32.433,1.10261,1.10274,1.35,1.50
2012.12.17 09:22:33.763,1.10263,1.10276,1.13,1.50
2012.12.17 09:22:33.943,1.10264,1.10278,1.88,2.25
2012.12.17 09:22:34.063,1.10264,1.10278,1.88,2.25
2012.12.17 09:22:34.503,1.10266,1.10279,1.13,2.63
2012.12.17 09:22:36.228,1.10261,1.10274,2.10,2.25
2012.12.17 09:22:36.654,1.1026,1.10274,1.13,4.13
2012.12.17 09:22:37.164,1.10259,1.10273,1.35,1.73
2012.12.17 09:22:37.712,1.10259,1.10273,1.35,1.73
2012.12.17 09:22:38.103,1.10258,1.10271,1.35,1.50
2012.12.17 09:22:45.123,1.10257,1.10271,2.85,2.48
2012.12.17 09:22:45.674,1.1026,1.10271,1.13,2.25
2012.12.17 09:22:46.224,1.1026,1.10273,1.13,3.38
2012.12.17 09:22:46.955,1.10262,1.10273,2.48,1.13
2012.12.17 09:22:54.363,1.10259,1.10273,1.73,1.88
2012.12.17 09:23:00.434,1.10261,1.10273,1.73,1.13
2012.12.17 09:23:00.494,1.10261,1.10274,1.88,1.50
2012.12.17 09:23:00.975,1.10263,1.10276,1.13,1.50
2012.12.17 09:23:01.333,1.10266,1.10277,1.13,1.13
2012.12.17 09:23:01.633,1.10264,1.10279,1.13,1.50
2012.12.17 09:23:02.463,1.10264,1.10278,1.13,1.73
2012.12.17 09:23:04.450,1.10265,1.1028,1.35,1.35
2012.12.17 09:23:05.054,1.10265,1.10278,1.35,1.73
2012.12.17 09:23:05.474,1.10268,1.10281,1.13,2.48
2012.12.17 09:23:05.714,1.10269,1.10282,1.35,2.63
2012.12.17 09:23:05.954,1.10268,1.10282,1.35,1.73
2012.12.17 09:23:08.596,1.10268,1.1028,1.35,1.13
2012.12.17 09:23:08.774,1.10267,1.1028,1.35,1.13
2012.12.17 09:23:09.013,1.10267,1.10283,1.35,3.90
2012.12.17 09:23:09.134,1.10267,1.10281,1.35,1.13
2012.12.17 09:23:10.594,1.10266,1.10281,3.98,1.13
2012.12.17 09:23:10.775,1.10266,1.10281,3.98,1.35
2012.12.17 09:23:11.663,1.10266,1.1028,3.42,1.13
2012.12.17 09:23:11.784,1.10267,1.10281,1.13,2.29
2012.12.17 09:23:11.843,1.10267,1.10278,1.13,1.50
2012.12.17 09:23:12.025,1.10264,1.10278,1.88,2.25
2012.12.17 09:23:12.564,1.10266,1.10281,1.35,4.31
2012.12.17 09:23:12.684,1.10266,1.10281,1.35,4.31
2012.12.17 09:23:13.114,1.10266,1.10282,3.98,2.85
2012.12.17 09:23:13.534,1.10266,1.10278,1.35,1.31
2012.12.17 09:23:15.024,1.10264,1.10278,1.73,2.48
2012.12.17 09:23:15.563,1.10264,1.10277,1.73,3.04
2012.12.17 09:23:16.685,1.10264,1.10277,1.73,3.04
2012.12.17 09:23:16.993,1.10264,1.10277,1.73,1.13
2012.12.17 09:23:17.504,1.10263,1.10277,1.73,1.69
2012.12.17 09:23:21.414,1.10263,1.10278,1.35,2.48
2012.12.17 09:23:21.595,1.10266,1.10281,1.73,4.13
2012.12.17 09:23:21.654,1.10267,1.10281,1.13,1.50
2012.12.17 09:23:21.774,1.10269,1.10283,1.13,1.88
2012.12.17 09:23:21.834,1.10268,1.10282,1.73,1.35
2012.12.17 09:23:23.066,1.10268,1.10284,1.13,4.13
2012.12.17 09:23:23.316,1.10267,1.10281,1.73,1.69
2012.12.17 09:23:23.565,1.10266,1.10278,1.73,2.40
2012.12.17 09:23:23.686,1.10264,1.10278,2.48,3.38
2012.12.17 09:23:24.141,1.10264,1.1028,2.48,1.35
2012.12.17 09:23:24.264,1.10266,1.10281,2.10,2.10
2012.12.17 09:23:24.384,1.10267,1.10282,1.88,1.88
2012.12.17 09:23:30.705,1.10269,1.10283,1.35,1.35
2012.12.17 09:23:30.944,1.10272,1.10283,1.13,2.48
2012.12.17 09:23:31.485,1.10271,1.10284,1.13,3.23
2012.12.17 09:23:32.004,1.1027,1.10284,1.13,2.40
2012.12.17 09:23:36.054,1.1027,1.10283,1.88,1.13
2012.12.17 09:23:36.364,1.10267,1.10277,3.00,1.46
2012.12.17 09:23:36.424,1.10267,1.10277,1.88,1.69
2012.12.17 09:23:36.545,1.10267,1.10281,1.35,2.63
2012.12.17 09:23:36.604,1.10267,1.10279,1.35,1.73
2012.12.17 09:23:37.999,1.10261,1.10274,1.73,1.50
2012.12.17 09:23:38.071,1.10259,1.10274,2.55,1.73
2012.12.17 09:23:38.433,1.10258,1.10272,2.25,1.31
2012.12.17 09:23:38.736,1.10257,1.10272,1.35,2.29
2012.12.17 09:23:39.044,1.1026,1.10274,1.35,3.23
2012.12.17 09:23:39.105,1.10258,1.10274,4.35,1.73
2012.12.17 09:23:39.405,1.10258,1.10273,3.60,1.31
2012.12.17 09:23:39.469,1.10258,1.10273,1.13,2.29
2012.12.17 09:23:42.658,1.10257,1.10273,1.35,1.73
2012.12.17 09:23:43.163,1.10261,1.10274,1.13,3.23
2012.12.17 09:23:43.403,1.10261,1.10275,1.35,2.85
2012.12.17 09:23:46.203,1.1026,1.10275,1.35,2.85
2012.12.17 09:23:46.504,1.1026,1.10273,1.35,1.73
2012.12.17 09:23:47.054,1.1026,1.10273,1.13,1.73
2012.12.17 09:23:47.114,1.1026,1.10273,1.13,1.73
2012.12.17 09:23:47.294,1.10256,1.10269,3.38,1.73
2012.12.17 09:23:47.353,1.10256,1.10269,2.40,1.73
2012.12.17 09:23:47.656,1.10264,1.10276,1.73,1.35
2012.12.17 09:23:47.784,1.10266,1.1028,1.13,1.28
2012.12.17 09:23:47.918,1.10266,1.10281,1.13,4.50
2012.12.17 09:23:48.424,1.10266,1.1028,1.13,1.88
2012.12.17 09:23:51.354,1.10266,1.1028,1.13,3.38
2012.12.17 09:23:51.654,1.10265,1.10278,1.73,1.13
2012.12.17 09:23:52.180,1.10263,1.10278,1.73,2.63
2012.12.17 09:23:52.545,1.10265,1.10278,2.48,1.13
2012.12.17 09:23:52.608,1.10267,1.10281,1.73,1.69
2012.12.17 09:23:52.674,1.10267,1.10282,1.73,2.63
2012.12.17 09:23:54.015,1.10267,1.10282,1.73,1.73
2012.12.17 09:23:54.085,1.10266,1.10279,2.67,1.35
2012.12.17 09:23:54.163,1.10262,1.10271,2.25,3.00
2012.12.17 09:23:54.297,1.10256,1.10268,1.88,2.29
2012.12.17 09:23:54.425,1.10256,1.1027,2.03,1.73
2012.12.17 09:23:54.484,1.10256,1.1027,2.03,1.50
2012.12.17 09:23:54.663,1.10256,1.1027,1.28,1.73
2012.12.17 09:23:54.723,1.10256,1.10267,1.28,1.54
2012.12.17 09:23:55.943,1.10254,1.10267,2.40,1.54
2012.12.17 09:23:56.096,1.10254,1.10267,2.40,1.54
2012.12.17 09:23:56.396,1.10251,1.10264,2.40,3.98
2012.12.17 09:23:56.574,1.10249,1.1026,3.98,2.25
2012.12.17 09:23:56.875,1.10247,1.10254,1.50,1.88
2012.12.17 09:23:56.994,1.10242,1.10254,2.48,1.88
2012.12.17 09:23:57.054,1.10243,1.10254,1.13,1.50
2012.12.17 09:23:57.115,1.10244,1.10257,1.73,1.35
2012.12.17 09:23:57.175,1.10244,1.10257,1.73,1.35
2012.12.17 09:23:57.533,1.10244,1.10258,3.23,1.13
2012.12.17 09:23:58.124,1.10244,1.10258,2.48,1.13
2012.12.17 09:23:59.985,1.10244,1.10255,2.48,1.13
2012.12.17 09:24:00.045,1.10241,1.10254,2.40,2.48
2012.12.17 09:24:00.228,1.1024,1.10252,1.50,1.13
2012.12.17 09:24:00.654,1.10241,1.10252,1.50,1.13
2012.12.17 09:24:04.223,1.10239,1.10254,1.13,3.38
2012.12.17 09:24:04.283,1.10239,1.10254,1.13,3.38
2012.12.17 09:24:04.794,1.10239,1.10254,2.63,1.13
2012.12.17 09:24:05.234,1.10239,1.10254,1.35,1.13
2012.12.17 09:24:05.534,1.10239,1.10254,2.10,1.13
2012.12.17 09:24:06.045,1.1024,1.10255,2.48,1.73
2012.12.17 09:24:07.545,1.1024,1.10255,2.48,2.48
2012.12.17 09:24:08.093,1.1024,1.10255,4.13,2.48
2012.12.17 09:24:08.334,1.1024,1.10253,1.88,2.29
2012.12.17 09:24:08.394,1.1024,1.1025,1.13,3.75
2012.12.17 09:24:08.906,1.10239,1.1025,1.13,3.75
2012.12.17 09:24:13.463,1.10239,1.10253,1.13,2.10
2012.12.17 09:24:13.713,1.10236,1.10251,1.73,1.50
2012.12.17 09:24:13.833,1.10236,1.10251,1.73,1.73
2012.12.17 09:24:16.484,1.10235,1.1025,3.38,1.73
2012.12.17 09:24:19.296,1.10235,1.10246,3.15,3.98
2012.12.17 09:24:19.363,1.10235,1.10246,3.15,3.98
2012.12.17 09:24:20.324,1.10236,1.10249,2.48,1.73
2012.12.17 09:24:20.863,1.10236,1.1025,2.48,1.73
2012.12.17 09:24:21.373,1.10237,1.1025,1.50,1.73
2012.12.17 09:24:22.732,1.10237,1.10251,1.50,7.73
2012.12.17 09:24:27.243,1.10236,1.10249,1.73,1.13
2012.12.17 09:24:27.365,1.10236,1.10249,1.50,1.13
2012.12.17 09:24:27.715,1.10235,1.10247,1.50,3.23
2012.12.17 09:24:28.743,1.10235,1.10247,2.25,3.23
2012.12.17 09:24:29.193,1.10232,1.10246,1.88,1.73
2012.12.17 09:24:29.446,1.10232,1.10242,1.13,1.50
2012.12.17 09:24:29.565,1.1023,1.10242,2.48,1.73
2012.12.17 09:24:29.683,1.10229,1.10241,2.25,2.63
2012.12.17 09:24:29.744,1.10226,1.10236,1.50,1.50
2012.12.17 09:24:29.804,1.10224,1.10236,2.25,1.73
2012.12.17 09:24:30.164,1.10225,1.10235,1.50,2.48
2012.12.17 09:24:30.475,1.1022,1.10228,1.73,2.06
2012.12.17 09:24:30.785,1.10205,1.10215,2.78,2.48
2012.12.17 09:24:30.845,1.10208,1.10221,1.50,2.25
2012.12.17 09:24:30.975,1.10205,1.10219,1.50,1.28
2012.12.17 09:24:31.457,1.102,1.10215,1.50,1.73
2012.12.17 09:24:31.972,1.10202,1.10215,1.50,1.73
2012.12.17 09:24:32.168,1.10202,1.10216,1.73,1.73
2012.12.17 09:24:32.246,1.10201,1.10216,1.50,1.73
2012.12.17 09:24:32.554,1.10201,1.10215,1.65,1.50
2012.12.17 09:24:32.965,1.10207,1.10214,1.50,1.73
2012.12.17 09:24:33.426,1.10204,1.10214,1.50,1.73
2012.12.17 09:24:34.754,1.10204,1.10214,1.88,1.50
2012.12.17 09:24:34.874,1.10205,1.10216,1.73,1.73
2012.12.17 09:24:34.995,1.10205,1.10216,1.73,1.73
2012.12.17 09:24:35.655,1.10207,1.10217,1.50,1.73
2012.12.17 09:24:35.713,1.10205,1.10217,2.48,1.73
2012.12.17 09:24:36.495,1.10204,1.10217,1.13,1.73
2012.12.17 09:24:37.516,1.10202,1.10213,1.50,1.13
2012.12.17 09:24:38.479,1.10199,1.1021,1.32,1.50
2012.12.17 09:24:38.604,1.10199,1.10212,1.32,1.73
2012.12.17 09:24:38.724,1.102,1.10212,1.13,1.73
2012.12.17 09:24:38.784,1.102,1.10212,1.13,1.73
2012.12.17 09:24:39.085,1.102,1.10212,2.07,1.73
2012.12.17 09:24:40.854,1.102,1.10214,1.65,1.73
2012.12.17 09:24:41.229,1.10199,1.10214,1.88,1.73
2012.12.17 09:24:42.383,1.10201,1.10215,2.48,1.73
2012.12.17 09:24:42.734,1.10201,1.10215,2.48,1.73
2012.12.17 09:24:43.293,1.10201,1.10215,3.23,1.73
2012.12.17 09:24:44.294,1.10201,1.10216,3.98,1.13
2012.12.17 09:24:44.974,1.10203,1.10217,1.65,1.73
2012.12.17 09:24:45.034,1.10203,1.10217,1.65,1.73
2012.12.17 09:24:45.154,1.10207,1.10219,1.50,1.13
2012.12.17 09:24:46.334,1.10207,1.10219,1.73,1.73
2012.12.17 09:24:46.955,1.10207,1.10222,1.50,1.88
2012.12.17 09:24:47.624,1.10208,1.10222,1.50,1.13
2012.12.17 09:24:48.164,1.10209,1.10222,1.50,1.13
2012.12.17 09:24:48.404,1.1021,1.10222,1.50,2.63
2012.12.17 09:24:48.583,1.10208,1.10221,1.50,3.98
2012.12.17 09:24:48.704,1.10208,1.10221,1.50,2.48
2012.12.17 09:24:48.943,1.10209,1.10223,1.13,1.35
2012.12.17 09:24:49.304,1.1021,1.10224,2.67,2.48
2012.12.17 09:24:49.364,1.1021,1.10221,2.25,1.13
2012.12.17 09:24:49.724,1.10207,1.10221,3.23,1.13
2012.12.17 09:24:50.261,1.10207,1.10221,2.36,1.13
2012.12.17 09:24:50.567,1.10207,1.10221,3.86,1.13
2012.12.17 09:24:50.754,1.10207,1.10221,3.00,1.13
2012.12.17 09:24:51.243,1.10207,1.1022,2.25,3.23
2012.12.17 09:24:54.574,1.10204,1.10218,3.00,1.73
2012.12.17 09:24:54.935,1.10203,1.10215,1.65,2.48
2012.12.17 09:24:55.484,1.10201,1.10216,1.13,1.73
2012.12.17 09:24:57.356,1.10201,1.10212,2.07,1.50
2012.12.17 09:24:57.664,1.10198,1.10211,2.25,1.73
2012.12.17 09:24:58.159,1.10192,1.10205,2.48,1.65
2012.12.17 09:24:58.463,1.1019,1.10203,1.73,3.94
2012.12.17 09:24:58.855,1.10185,1.10198,3.00,1.73
2012.12.17 09:24:59.139,1.10184,1.10198,1.73,1.73
2012.12.17 09:24:59.344,1.10182,1.10195,1.50,1.73
2012.12.17 09:24:59.750,1.1018,1.10194,1.50,1.50
2012.12.17 09:24:59.826,1.10177,1.10191,1.85,1.73
2012.12.17 09:25:00.076,1.10176,1.10191,1.13,1.73
2012.12.17 09:25:00.544,1.10176,1.10188,1.13,1.73
2012.12.17 09:25:01.232,1.10174,1.10189,1.65,1.35
2012.12.17 09:25:01.473,1.10175,1.10191,1.65,1.73
2012.12.17 09:25:03.033,1.10175,1.10191,1.13,3.04
2012.12.17 09:25:03.573,1.10173,1.1019,2.48,3.41
2012.12.17 09:25:03.934,1.10171,1.10185,1.13,1.73
2012.12.17 09:25:04.474,1.10169,1.10184,1.13,3.23
2012.12.17 09:25:04.534,1.10168,1.10184,1.88,3.23
2012.12.17 09:25:04.595,1.10168,1.10184,1.88,3.23
2012.12.17 09:25:04.714,1.10171,1.10184,1.73,1.73
2012.12.17 09:25:04.893,1.10174,1.10186,3.00,1.13
2012.12.17 09:25:05.587,1.10175,1.10189,1.13,3.60
2012.12.17 09:25:06.194,1.10175,1.10189,1.88,1.73
2012.12.17 09:25:06.255,1.10177,1.10189,1.13,1.50
2012.12.17 09:25:06.314,1.10177,1.10189,1.13,1.50
2012.12.17 09:25:06.437,1.10175,1.10189,1.13,1.50
2012.12.17 09:25:06.743,1.10169,1.10185,3.23,2.48
2012.12.17 09:25:06.804,1.10169,1.10184,1.50,2.48
2012.12.17 09:25:07.591,1.10169,1.10178,1.50,1.13
2012.12.17 09:25:07.833,1.10165,1.10181,2.40,2.63
2012.12.17 09:25:08.013,1.10165,1.10181,2.63,1.88
2012.12.17 09:25:08.524,1.10165,1.1018,2.63,1.73
2012.12.17 09:25:08.704,1.10165,1.10179,2.48,1.13
2012.12.17 09:25:09.135,1.10161,1.10176,1.88,2.48
2012.12.17 09:25:09.213,1.10161,1.10176,1.50,2.48
2012.12.17 09:25:09.744,1.1016,1.10176,1.73,1.73
2012.12.17 09:25:10.564,1.10159,1.10175,3.42,1.73
2012.12.17 09:25:10.955,1.10158,1.10175,4.17,3.98
2012.12.17 09:25:11.099,1.10161,1.10174,1.50,2.10
2012.12.17 09:25:12.605,1.10161,1.10175,2.25,1.88
2012.12.17 09:25:13.045,1.10166,1.10177,1.50,1.35
2012.12.17 09:25:13.294,1.10168,1.10181,2.40,1.50
2012.12.17 09:25:14.597,1.10167,1.10181,3.00,2.25
2012.12.17 09:25:14.925,1.10167,1.10182,3.00,1.13
2012.12.17 09:25:15.292,1.10167,1.1018,1.50,2.10
2012.12.17 09:25:15.744,1.10167,1.10181,1.50,3.38
2012.12.17 09:25:15.924,1.10167,1.10179,1.50,1.13
2012.12.17 09:25:16.305,1.10167,1.10181,1.50,2.63
2012.12.17 09:25:16.365,1.10167,1.10179,1.50,1.13
2012.12.17 09:25:16.904,1.10167,1.10179,1.50,1.35
2012.12.17 09:25:17.208,1.10167,1.1018,1.50,1.13
2012.12.17 09:25:17.274,1.10167,1.10181,1.50,4.13
2012.12.17 09:25:17.513,1.10167,1.10181,1.50,4.35
2012.12.17 09:25:17.913,1.10167,1.10181,1.50,4.35
2012.12.17 09:25:18.034,1.10167,1.10181,1.50,4.35
2012.12.17 09:25:18.585,1.10168,1.1018,1.50,1.35
2012.12.17 09:25:19.175,1.10168,1.10181,1.50,2.63
2012.12.17 09:25:19.234,1.10168,1.10181,1.50,1.13
2012.12.17 09:25:19.804,1.10168,1.10181,1.50,1.13
2012.12.17 09:25:20.194,1.10166,1.1018,2.25,1.88
2012.12.17 09:25:20.374,1.10166,1.1018,2.25,3.38
2012.12.17 09:25:20.555,1.10166,1.10175,1.50,1.88
2012.12.17 09:25:20.914,1.10162,1.10172,1.50,1.73
2012.12.17 09:25:21.034,1.10157,1.1017,1.73,1.73
2012.12.17 09:25:21.575,1.10159,1.10171,1.73,4.73
2012.12.17 09:25:22.106,1.10159,1.1017,2.25,1.54
2012.12.17 09:25:22.514,1.10155,1.10168,1.73,1.13
2012.12.17 09:25:22.573,1.10155,1.10168,3.23,1.35
2012.12.17 09:25:22.914,1.10157,1.10169,1.50,1.35
2012.12.17 09:25:23.638,1.10157,1.10171,1.50,1.50
2012.12.17 09:25:24.164,1.10156,1.1017,1.50,1.50
2012.12.17 09:25:24.914,1.10156,1.10171,2.25,1.13
2012.12.17 09:25:25.480,1.10156,1.1017,1.50,1.35
2012.12.17 09:25:25.876,1.10155,1.10166,1.50,1.13
2012.12.17 09:25:26.233,1.1015,1.10165,2.33,1.35
2012.12.17 09:25:26.596,1.1015,1.10165,2.33,2.10
2012.12.17 09:25:27.293,1.10151,1.10164,1.58,1.35
2012.12.17 09:25:27.786,1.10151,1.10164,1.05,1.35
2012.12.17 09:25:27.843,1.10151,1.10166,2.00,1.73
2012.12.17 09:25:27.963,1.10155,1.10167,1.17,1.80
2012.12.17 09:25:28.144,1.10156,1.10166,1.73,1.13
2012.12.17 09:25:29.297,1.10156,1.10169,1.73,3.38
2012.12.17 09:25:29.366,1.10156,1.10167,1.73,1.13
2012.12.17 09:25:29.485,1.10154,1.10168,1.73,1.13
2012.12.17 09:25:29.616,1.10154,1.10167,2.48,2.44
2012.12.17 09:25:29.735,1.10154,1.10167,1.73,2.44
2012.12.17 09:25:30.096,1.10157,1.10166,1.73,4.13
2012.12.17 09:25:30.336,1.10149,1.10163,1.73,1.13
2012.12.17 09:25:30.885,1.10149,1.10165,3.23,2.10
2012.12.17 09:25:31.012,1.10149,1.10161,3.23,3.75
2012.12.17 09:25:31.349,1.10148,1.10161,2.48,3.98
2012.12.17 09:25:31.904,1.10148,1.1016,2.48,3.75
2012.12.17 09:25:32.787,1.10149,1.10163,1.73,2.63
2012.12.17 09:25:32.861,1.10149,1.1016,1.73,3.75
2012.12.17 09:25:33.165,1.10152,1.10163,1.73,1.50
2012.12.17 09:25:33.226,1.10152,1.10164,1.73,3.75
2012.12.17 09:25:33.885,1.10154,1.1016,1.50,3.75
2012.12.17 09:25:33.945,1.10152,1.1016,3.23,3.75
2012.12.17 09:25:34.005,1.10151,1.10163,1.73,4.50
2012.12.17 09:25:34.305,1.10151,1.10161,1.73,3.75
2012.12.17 09:25:37.225,1.10151,1.10163,1.73,1.13
2012.12.17 09:25:37.404,1.10151,1.10165,1.73,3.98
2012.12.17 09:25:37.464,1.10151,1.10165,1.73,3.98
2012.12.17 09:25:37.774,1.10155,1.10168,1.50,1.69
2012.12.17 09:25:37.955,1.10157,1.10168,1.50,1.69
2012.12.17 09:25:38.015,1.10157,1.10168,1.73,1.69
2012.12.17 09:25:38.634,1.10156,1.10172,1.73,4.13
2012.12.17 09:25:41.074,1.10156,1.10172,1.73,3.38
2012.12.17 09:25:41.375,1.10158,1.10173,2.63,3.79
2012.12.17 09:25:41.495,1.10164,1.10176,1.73,1.35
2012.12.17 09:25:41.555,1.10165,1.10177,1.73,1.28
2012.12.17 09:25:41.675,1.10165,1.10181,1.73,2.63
2012.12.17 09:25:43.375,1.10167,1.10179,1.73,1.13
2012.12.17 09:25:43.795,1.1017,1.10179,1.73,1.50
2012.12.17 09:25:44.214,1.1017,1.10182,1.73,2.48
2012.12.17 09:25:45.675,1.10171,1.10184,1.88,3.00
2012.12.17 09:25:46.544,1.10171,1.10184,1.88,1.50
2012.12.17 09:25:47.774,1.10171,1.10186,2.82,2.48
2012.12.17 09:25:48.135,1.10177,1.10189,1.50,1.88
2012.12.17 09:25:48.436,1.10178,1.10192,1.73,1.73
2012.12.17 09:25:48.555,1.10178,1.10194,1.73,1.13
2012.12.17 09:25:48.855,1.10182,1.10196,1.73,2.10
2012.12.17 09:25:49.844,1.10185,1.10198,1.88,1.50
2012.12.17 09:25:49.904,1.10185,1.102,1.73,3.38
2012.12.17 09:25:50.085,1.10183,1.10199,1.73,1.13
2012.12.17 09:25:50.625,1.10184,1.10198,1.73,1.65
2012.12.17 09:25:50.884,1.10184,1.102,1.73,1.35
2012.12.17 09:25:52.024,1.10185,1.10199,1.73,1.13
2012.12.17 09:25:52.556,1.10185,1.10198,1.73,2.63
2012.12.17 09:25:53.638,1.10182,1.10198,4.73,1.88
2012.12.17 09:25:54.854,1.10183,1.10198,1.73,2.63
2012.12.17 09:25:55.517,1.10185,1.10198,4.73,1.73
2012.12.17 09:25:55.576,1.10186,1.10198,3.98,1.50
2012.12.17 09:25:57.715,1.1019,1.10198,3.75,1.50
2012.12.17 09:25:57.776,1.10188,1.10198,1.73,1.50
2012.12.17 09:25:58.585,1.10185,1.10198,1.73,2.48
2012.12.17 09:25:59.794,1.10185,1.10199,1.73,3.00
2012.12.17 09:26:00.094,1.10187,1.10201,1.13,1.73
2012.12.17 09:26:00.403,1.1019,1.10204,3.75,1.73
2012.12.17 09:26:00.584,1.10191,1.10206,1.73,2.63
2012.12.17 09:26:00.944,1.10193,1.10209,1.73,2.48
2012.12.17 09:26:02.336,1.10194,1.10209,1.73,1.73
2012.12.17 09:26:02.835,1.10194,1.10209,1.88,1.73
2012.12.17 09:26:03.219,1.10194,1.10203,1.73,2.06
2012.12.17 09:26:03.286,1.10194,1.10203,1.73,2.06
2012.12.17 09:26:03.765,1.10194,1.10205,1.73,1.50
2012.12.17 09:26:04.005,1.10194,1.10209,1.73,1.73
2012.12.17 09:26:04.365,1.10195,1.10209,1.73,1.73
2012.12.17 09:26:04.664,1.10195,1.1021,1.73,2.63
2012.12.17 09:26:04.784,1.10195,1.1021,1.73,2.48
2012.12.17 09:26:05.154,1.10196,1.10213,1.73,3.60
2012.12.17 09:26:05.706,1.10198,1.10213,1.73,1.73
2012.12.17 09:26:06.924,1.102,1.10213,3.98,1.73
2012.12.17 09:26:07.785,1.102,1.10212,3.98,1.73
2012.12.17 09:26:09.055,1.10195,1.10211,2.25,2.48
2012.12.17 09:26:09.383,1.10195,1.10211,1.88,2.48
2012.12.17 09:26:09.714,1.10195,1.10211,1.88,2.48
2012.12.17 09:26:10.035,1.10195,1.10204,1.73,1.31
2012.12.17 09:26:10.215,1.10194,1.10208,3.23,1.73
2012.12.17 09:26:10.412,1.10194,1.10208,1.73,1.73
2012.12.17 09:26:10.952,1.1019,1.10205,4.35,2.29
2012.12.17 09:26:11.135,1.10192,1.10208,2.10,1.13
2012.12.17 09:26:11.436,1.10193,1.102,1.50,1.50
2012.12.17 09:26:11.505,1.10185,1.102,1.13,2.48
2012.12.17 09:26:11.625,1.10186,1.10195,1.35,4.50
2012.12.17 09:26:11.985,1.10179,1.1019,4.13,1.65
2012.12.17 09:26:12.166,1.10177,1.10188,1.88,4.88
2012.12.17 09:26:12.415,1.10177,1.10188,1.13,4.88
2012.12.17 09:26:12.925,1.10174,1.10187,2.25,1.73
2012.12.17 09:26:13.524,1.10174,1.10184,1.50,1.50
2012.12.17 09:26:13.949,1.10162,1.10174,2.45,1.73
2012.12.17 09:26:14.019,1.10159,1.10175,2.63,2.48
2012.12.17 09:26:14.205,1.10161,1.10171,1.73,1.50
2012.12.17 09:26:14.927,1.10161,1.10171,1.73,1.50
2012.12.17 09:26:16.334,1.10161,1.10171,1.73,1.50
2012.12.17 09:26:16.514,1.10159,1.10169,1.88,1.50
2012.12.17 09:26:16.829,1.10152,1.10163,1.73,3.75
2012.12.17 09:26:17.256,1.10151,1.10162,1.50,1.13
2012.12.17 09:26:17.315,1.10151,1.10162,1.50,1.35
2012.12.17 09:26:17.614,1.10149,1.10159,2.25,1.73
2012.12.17 09:26:18.165,1.10144,1.10158,1.73,2.10
2012.12.17 09:26:18.910,1.10142,1.10156,3.00,1.50
2012.12.17 09:26:18.989,1.10139,1.10149,2.48,1.50
2012.12.17 09:26:19.175,1.10136,1.10147,2.33,1.50
2012.12.17 09:26:19.712,1.10135,1.10147,1.13,1.50
2012.12.17 09:26:20.217,1.10134,1.10146,1.88,1.50
2012.12.17 09:26:20.345,1.10137,1.1015,1.58,1.50
2012.12.17 09:26:20.525,1.10146,1.10154,2.48,1.50
2012.12.17 09:26:20.585,1.10149,1.10156,1.50,1.73
2012.12.17 09:26:20.705,1.10151,1.10157,1.50,2.25
2012.12.17 09:26:20.824,1.10151,1.10157,1.73,1.50
2012.12.17 09:26:21.186,1.10153,1.10162,2.48,6.00
2012.12.17 09:26:21.495,1.10153,1.10161,3.23,3.00
2012.12.17 09:26:21.555,1.10157,1.10161,1.70,3.00
2012.12.17 09:26:21.616,1.10158,1.10168,1.50,1.35
2012.12.17 09:26:22.154,1.10158,1.10169,2.25,1.13
2012.12.17 09:26:22.455,1.10156,1.10163,1.50,1.13
2012.12.17 09:26:22.936,1.1015,1.10161,1.50,1.13
2012.12.17 09:26:23.055,1.10152,1.10161,1.50,1.13
2012.12.17 09:26:23.175,1.10152,1.10162,1.50,1.13
2012.12.17 09:26:23.415,1.10152,1.10163,2.25,1.13
2012.12.17 09:26:23.735,1.10153,1.10164,1.73,1.50
2012.12.17 09:26:24.315,1.10153,1.10164,1.65,1.50
2012.12.17 09:26:24.374,1.10151,1.10164,1.50,1.73
2012.12.17 09:26:24.794,1.10151,1.10163,2.25,1.13
2012.12.17 09:26:24.854,1.10153,1.10167,1.65,3.00
2012.12.17 09:26:25.094,1.10157,1.10169,1.50,1.73
2012.12.17 09:26:25.395,1.10159,1.10169,1.50,1.88
2012.12.17 09:26:25.700,1.10159,1.1017,1.50,1.73
2012.12.17 09:26:26.216,1.10156,1.10171,1.73,1.13
2012.12.17 09:26:26.654,1.10156,1.10171,1.73,1.13
2012.12.17 09:26:31.566,1.10156,1.10171,1.73,3.38
2012.12.17 09:26:31.625,1.10156,1.10171,1.73,3.38
2012.12.17 09:26:31.865,1.1016,1.10172,2.48,1.50
2012.12.17 09:26:32.421,1.10159,1.10172,1.73,1.65
2012.12.17 09:26:32.616,1.10157,1.1017,1.73,1.13
2012.12.17 09:26:32.675,1.10157,1.1017,1.73,1.13
2012.12.17 09:26:32.736,1.10157,1.1017,1.73,1.13
2012.12.17 09:26:33.214,1.1016,1.10174,1.50,2.63
2012.12.17 09:26:33.275,1.1016,1.10174,1.73,2.63
2012.12.17 09:26:34.455,1.1016,1.10174,1.73,1.88
2012.12.17 09:26:35.166,1.1016,1.10174,1.73,1.13
2012.12.17 09:26:36.334,1.10161,1.10175,1.50,2.10
2012.12.17 09:26:36.677,1.10161,1.10175,1.73,1.35
2012.12.17 09:26:37.095,1.10161,1.10173,1.73,1.69
2012.12.17 09:26:37.215,1.10158,1.10172,1.73,1.13
2012.12.17 09:26:37.395,1.10156,1.10171,3.23,1.13
2012.12.17 09:26:37.968,1.10156,1.10169,1.73,1.13
2012.12.17 09:26:38.484,1.10156,1.10169,1.73,1.13
2012.12.17 09:26:38.804,1.10156,1.1017,3.23,2.63
2012.12.17 09:26:39.104,1.10157,1.10171,1.73,1.50
2012.12.17 09:26:39.545,1.10158,1.10173,1.73,2.66
2012.12.17 09:26:40.276,1.1016,1.10175,1.73,1.35
2012.12.17 09:26:40.336,1.10163,1.10176,1.50,1.35
2012.12.17 09:26:40.925,1.10165,1.10177,1.50,1.69
2012.12.17 09:26:41.165,1.10165,1.10177,1.50,1.69
2012.12.17 09:26:41.534,1.10165,1.1018,1.73,1.69
2012.12.17 09:26:42.005,1.10165,1.10179,1.73,1.13
2012.12.17 09:26:42.545,1.10168,1.10182,1.73,4.39
2012.12.17 09:26:42.858,1.1017,1.10184,1.73,1.73
2012.12.17 09:26:42.984,1.10171,1.10185,1.73,1.54
2012.12.17 09:26:43.405,1.1017,1.10185,1.73,1.73
2012.12.17 09:26:43.764,1.10168,1.10182,1.92,1.65
2012.12.17 09:26:43.826,1.10167,1.10178,1.17,3.00
2012.12.17 09:26:44.364,1.10164,1.10176,2.48,1.50
2012.12.17 09:26:44.544,1.10164,1.10176,2.25,1.73
2012.12.17 09:26:44.665,1.10164,1.10176,2.48,1.50
2012.12.17 09:26:45.025,1.10165,1.10181,2.48,3.38
2012.12.17 09:26:45.579,1.10164,1.1018,2.48,2.10
2012.12.17 09:26:45.648,1.10162,1.10174,2.25,3.04
2012.12.17 09:26:45.715,1.10159,1.10174,1.88,3.04
2012.12.17 09:26:45.895,1.10159,1.10172,1.13,1.50
2012.12.17 09:26:46.255,1.10159,1.10174,1.28,3.04
2012.12.17 09:26:46.377,1.10161,1.10174,1.65,1.54
2012.12.17 09:26:46.975,1.10163,1.10177,1.50,1.88
2012.12.17 09:26:47.166,1.10163,1.10177,1.50,1.88
2012.12.17 09:26:47.475,1.10163,1.10176,1.65,1.54
2012.12.17 09:26:47.925,1.10165,1.10179,1.50,2.48
2012.12.17 09:26:48.165,1.10171,1.10184,1.73,1.50
2012.12.17 09:26:48.227,1.1017,1.10182,1.92,1.13
2012.12.17 09:26:48.525,1.10166,1.10177,2.48,1.46
2012.12.17 09:26:48.645,1.10166,1.10177,1.50,1.69
2012.12.17 09:26:49.196,1.10162,1.10176,1.35,1.73
2012.12.17 09:26:49.615,1.10158,1.10173,1.50,1.73
2012.12.17 09:26:49.735,1.10158,1.10168,1.50,1.13
2012.12.17 09:26:49.795,1.10157,1.10168,1.50,2.63
2012.12.17 09:26:49.857,1.10157,1.10167,1.50,1.50
2012.12.17 09:26:50.215,1.10152,1.10159,1.73,2.44
2012.12.17 09:26:50.517,1.10142,1.10155,1.13,1.31
2012.12.17 09:26:50.587,1.10142,1.10158,1.13,1.73
2012.12.17 09:26:50.647,1.10142,1.10158,1.88,2.48
2012.12.17 09:26:51.172,1.10142,1.10155,1.73,2.06
2012.12.17 09:26:51.370,1.10142,1.10155,1.73,2.06
2012.12.17 09:26:51.915,1.10143,1.10155,2.48,1.31
2012.12.17 09:26:52.096,1.10144,1.10155,1.13,1.31
2012.12.17 09:26:52.635,1.10144,1.10156,1.13,1.31
2012.12.17 09:26:53.137,1.10144,1.10156,1.13,2.06
2012.12.17 09:26:53.748,1.10142,1.10155,1.88,2.06
2012.12.17 09:26:53.995,1.10148,1.1016,1.13,1.73
2012.12.17 09:26:54.115,1.10148,1.1016,1.13,1.73
2012.12.17 09:26:54.474,1.10148,1.10162,1.88,1.73
2012.12.17 09:26:54.596,1.10149,1.10163,1.13,2.06
2012.12.17 09:26:55.115,1.10149,1.10162,1.13,1.31
2012.12.17 09:26:55.415,1.10147,1.10161,1.73,2.48
2012.12.17 09:26:55.537,1.10146,1.10161,1.73,3.23
2012.12.17 09:26:56.084,1.10145,1.10159,2.63,1.50
2012.12.17 09:26:56.325,1.10142,1.10155,2.48,2.06
2012.12.17 09:26:56.567,1.10147,1.10155,1.50,1.31
2012.12.17 09:26:56.685,1.10147,1.10159,1.73,1.31
2012.12.17 09:26:56.864,1.10144,1.10157,1.88,1.50
2012.12.17 09:26:57.284,1.10146,1.10157,1.73,1.50
2012.12.17 09:26:57.615,1.10149,1.10157,1.50,1.50
2012.12.17 09:26:58.215,1.10149,1.10159,1.50,3.04
2012.12.17 09:26:59.365,1.10149,1.10159,1.50,3.04
2012.12.17 09:27:00.215,1.10147,1.10158,1.50,1.35
2012.12.17 09:27:00.455,1.10145,1.10153,1.50,1.50
2012.12.17 09:27:00.635,1.10142,1.10152,1.73,1.50
2012.12.17 09:27:01.174,1.10142,1.10152,1.73,1.50
2012.12.17 09:27:05.164,1.10142,1.10154,2.48,1.35
2012.12.17 09:27:05.624,1.10138,1.10153,3.23,1.50
2012.12.17 09:27:05.945,1.10138,1.10153,3.23,1.50
2012.12.17 09:27:06.705,1.10138,1.10149,2.85,2.06
2012.12.17 09:27:08.925,1.10137,1.1015,1.88,2.06
2012.12.17 09:27:09.468,1.10135,1.10147,1.13,1.50
2012.12.17 09:27:09.655,1.10131,1.10142,2.48,1.31
2012.12.17 09:27:09.775,1.10131,1.10141,1.73,2.06
2012.12.17 09:27:10.315,1.10126,1.10141,3.38,2.06
2012.12.17 09:27:10.875,1.10126,1.1014,1.88,2.06
2012.12.17 09:27:11.325,1.10128,1.1014,1.73,3.04
2012.12.17 09:27:11.684,1.10124,1.10138,1.73,2.81
2012.12.17 09:27:11.807,1.10123,1.10134,2.63,1.50
2012.12.17 09:27:12.105,1.10125,1.10137,2.48,3.04
2012.12.17 09:27:12.296,1.10125,1.10137,2.48,1.50
2012.12.17 09:27:12.479,1.10125,1.10137,2.25,2.10
2012.12.17 09:27:12.545,1.10124,1.10135,1.50,1.73
2012.12.17 09:27:12.605,1.10117,1.10131,1.50,1.50
2012.12.17 09:27:13.100,1.10123,1.10134,1.73,1.88
2012.12.17 09:27:13.405,1.1013,1.10142,2.40,3.23
2012.12.17 09:27:13.995,1.1013,1.10145,2.40,1.88
2012.12.17 09:27:14.725,1.1013,1.10144,2.48,1.13
2012.12.17 09:27:15.518,1.10133,1.10144,1.50,1.13
2012.12.17 09:27:16.634,1.1013,1.10144,4.73,1.13
2012.12.17 09:27:16.875,1.1013,1.10144,3.23,1.50
2012.12.17 09:27:16.994,1.1013,1.10144,3.23,1.73
2012.12.17 09:27:18.415,1.1013,1.10145,3.23,2.63
2012.12.17 09:27:18.996,1.10133,1.10145,2.25,1.88
2012.12.17 09:27:20.265,1.10132,1.10145,2.48,1.88
2012.12.17 09:27:20.776,1.10134,1.10148,2.25,2.10
2012.12.17 09:27:21.135,1.10137,1.1015,1.13,1.88
2012.12.17 09:27:21.195,1.10139,1.1015,1.50,1.13
2012.12.17 09:27:21.315,1.10139,1.10152,2.48,1.69
2012.12.17 09:27:21.854,1.10136,1.1015,2.48,1.50
2012.12.17 09:27:22.035,1.10136,1.10149,2.48,1.13
2012.12.17 09:27:22.486,1.1014,1.10151,1.13,2.06
2012.12.17 09:27:22.784,1.10141,1.10151,1.73,2.81
2012.12.17 09:27:23.145,1.10141,1.10154,2.25,1.13
2012.12.17 09:27:23.716,1.10144,1.10157,1.13,2.48
2012.12.17 09:27:24.017,1.10147,1.10158,2.25,1.50
2012.12.17 09:27:24.375,1.10147,1.10157,1.50,1.73
2012.12.17 09:27:24.627,1.10147,1.1016,1.50,1.88
2012.12.17 09:27:24.887,1.10147,1.10162,4.13,2.48
2012.12.17 09:27:25.074,1.1015,1.10163,1.73,2.06
2012.12.17 09:27:25.624,1.10149,1.10165,2.48,2.63
2012.12.17 09:27:26.194,1.10149,1.10165,2.48,2.63
2012.12.17 09:27:26.706,1.1015,1.10165,1.73,1.13
2012.12.17 09:27:27.066,1.10156,1.10167,1.73,1.46
2012.12.17 09:27:27.187,1.10157,1.1017,1.88,1.65
2012.12.17 09:27:27.664,1.10157,1.10172,1.13,2.81
2012.12.17 09:27:30.538,1.10159,1.10171,1.73,1.54
2012.12.17 09:27:30.846,1.10158,1.10172,2.63,1.73
2012.12.17 09:27:31.206,1.10161,1.10177,3.38,3.94
2012.12.17 09:27:31.517,1.10164,1.10177,1.50,3.04
2012.12.17 09:27:32.234,1.10162,1.10177,1.35,1.73
2012.12.17 09:27:32.808,1.10162,1.10177,1.35,2.29
2012.12.17 09:27:32.957,1.10162,1.10177,1.35,1.73
2012.12.17 09:27:35.155,1.10168,1.10177,1.88,1.73
2012.12.17 09:27:35.338,1.10169,1.10184,1.35,3.15
2012.12.17 09:27:35.405,1.10169,1.10184,1.35,3.15
2012.12.17 09:27:35.526,1.10174,1.10189,1.13,2.06
2012.12.17 09:27:36.065,1.10174,1.10189,1.13,1.73
2012.12.17 09:27:36.126,1.10172,1.10187,2.48,1.13
2012.12.17 09:27:36.485,1.10167,1.10182,1.35,2.25
2012.12.17 09:27:36.665,1.10167,1.1018,1.35,1.50
2012.12.17 09:27:37.166,1.10165,1.1018,1.35,1.50
2012.12.17 09:27:37.235,1.10165,1.1018,1.35,1.73
2012.12.17 09:27:39.694,1.10164,1.1018,2.10,1.73
2012.12.17 09:27:40.954,1.10167,1.10182,1.13,3.04
2012.12.17 09:27:41.665,1.10167,1.10182,1.88,3.98
2012.12.17 09:27:41.847,1.10167,1.1018,1.88,2.25
2012.12.17 09:27:42.025,1.10164,1.10178,1.73,1.13
2012.12.17 09:27:42.205,1.10163,1.10174,1.73,1.50
2012.12.17 09:27:42.385,1.10162,1.10174,1.73,1.50
2012.12.17 09:27:42.916,1.10161,1.10174,1.13,3.00
2012.12.17 09:27:43.865,1.10161,1.10174,1.13,2.25
2012.12.17 09:27:46.084,1.10161,1.10175,1.13,3.04
2012.12.17 09:27:48.634,1.10161,1.10175,2.63,2.29
2012.12.17 09:27:48.695,1.10161,1.10175,2.63,2.29
2012.12.17 09:27:49.235,1.10161,1.10175,2.63,2.29
2012.12.17 09:27:49.915,1.10161,1.1017,2.48,1.31
2012.12.17 09:27:49.983,1.10159,1.10171,2.48,1.54
2012.12.17 09:27:50.116,1.10159,1.10171,1.73,2.06
2012.12.17 09:27:50.476,1.10156,1.10169,1.13,1.50
2012.12.17 09:27:50.715,1.10156,1.1017,1.13,2.81
2012.12.17 09:27:51.673,1.10156,1.1017,1.88,3.41
2012.12.17 09:27:52.544,1.10154,1.10167,1.73,1.73
2012.12.17 09:27:53.085,1.10153,1.10166,1.80,2.48
2012.12.17 09:27:57.454,1.10152,1.10166,2.10,2.63
2012.12.17 09:27:57.849,1.10151,1.10166,2.48,1.73
2012.12.17 09:27:59.554,1.10153,1.10167,2.48,1.54
2012.12.17 09:27:59.855,1.10156,1.10167,1.73,1.31
2012.12.17 09:27:59.975,1.10156,1.10169,1.73,2.25
2012.12.17 09:28:00.337,1.10157,1.10173,3.53,3.04
2012.12.17 09:28:00.455,1.10157,1.10173,5.25,2.48
2012.12.17 09:28:02.189,1.10158,1.10174,1.50,1.88
2012.12.17 09:28:02.554,1.10159,1.10172,1.73,1.73
2012.12.17 09:28:02.867,1.10163,1.10175,1.13,1.50
2012.12.17 09:28:03.104,1.10164,1.10179,1.73,2.25
2012.12.17 09:28:03.405,1.10164,1.10179,2.48,1.88
2012.12.17 09:28:04.733,1.10165,1.10181,1.65,4.69
2012.12.17 09:28:04.916,1.10166,1.1018,1.05,1.54
2012.12.17 09:28:05.215,1.10166,1.1018,1.05,2.29
2012.12.17 09:28:05.755,1.10164,1.10178,1.43,3.75
2012.12.17 09:28:06.056,1.10163,1.10177,2.78,1.50
2012.12.17 09:28:06.594,1.10159,1.10171,1.47,1.50
2012.12.17 09:28:06.945,1.10158,1.10171,2.85,1.73
2012.12.17 09:28:07.474,1.10158,1.10172,2.10,3.04
2012.12.17 09:28:07.985,1.10158,1.10172,2.10,2.29
2012.12.17 09:28:10.236,1.10159,1.10173,1.35,3.98
2012.12.17 09:28:10.546,1.1016,1.10173,1.13,3.23
2012.12.17 09:28:10.795,1.10162,1.10176,1.73,2.25
2012.12.17 09:28:10.854,1.10163,1.10177,2.48,1.73
2012.12.17 09:28:11.745,1.10163,1.10174,2.48,1.13
2012.12.17 09:28:12.007,1.10159,1.10171,1.35,2.25
2012.12.17 09:28:12.078,1.10159,1.1017,1.35,1.31
2012.12.17 09:28:12.385,1.10159,1.10169,1.13,1.65
2012.12.17 09:28:12.566,1.10156,1.10168,1.35,1.73
2012.12.17 09:28:12.805,1.10157,1.10169,1.13,2.63
2012.12.17 09:28:12.985,1.10155,1.10169,2.48,1.88
2012.12.17 09:28:13.110,1.10155,1.10169,3.23,1.65
2012.12.17 09:28:13.184,1.10155,1.10169,3.98,1.13
2012.12.17 09:28:13.787,1.10155,1.10168,3.98,1.88
2012.12.17 09:28:14.275,1.10154,1.10166,3.23,1.88
2012.12.17 09:28:14.395,1.10152,1.10164,3.38,1.13
2012.12.17 09:28:14.515,1.10152,1.10164,1.50,1.88
2012.12.17 09:28:14.755,1.10149,1.10161,2.25,1.13
2012.12.17 09:28:14.878,1.10149,1.10161,2.25,1.13
2012.12.17 09:28:16.738,1.10149,1.10158,1.50,1.31
2012.12.17 09:28:16.868,1.10149,1.10158,1.50,1.50
2012.12.17 09:28:16.935,1.10146,1.10153,1.50,1.50
2012.12.17 09:28:17.115,1.10143,1.10153,2.48,1.65
2012.12.17 09:28:17.175,1.10143,1.10153,1.73,1.50
2012.12.17 09:28:17.477,1.1014,1.10154,3.23,3.04
2012.12.17 09:28:17.654,1.1014,1.10154,1.73,3.41
2012.12.17 09:28:18.015,1.10141,1.10153,1.73,2.06
2012.12.17 09:28:18.316,1.10141,1.10153,2.25,1.54
2012.12.17 09:28:18.976,1.10142,1.10152,1.50,2.29
2012.12.17 09:28:19.275,1.10145,1.10156,1.50,1.88
2012.12.17 09:28:19.395,1.10143,1.10156,2.25,1.88
2012.12.17 09:28:19.574,1.10143,1.10156,1.73,1.13
2012.12.17 09:28:19.904,1.10143,1.10157,1.73,2.29
2012.12.17 09:28:19.985,1.10142,1.10156,3.23,1.73
2012.12.17 09:28:20.804,1.10143,1.10156,1.73,1.73
2012.12.17 09:28:21.377,1.10144,1.10158,1.73,1.88
2012.12.17 09:28:22.095,1.1015,1.10158,1.50,1.88
2012.12.17 09:28:23.835,1.10148,1.10158,2.25,1.88
2012.12.17 09:28:24.015,1.10148,1.10162,3.23,1.13
2012.12.17 09:28:24.255,1.10151,1.10163,2.25,1.73
2012.12.17 09:28:24.315,1.10153,1.10164,2.25,1.73
2012.12.17 09:28:24.864,1.10153,1.10165,2.25,2.29
2012.12.17 09:28:24.924,1.10153,1.10165,2.25,2.29
2012.12.17 09:28:25.050,1.10153,1.10166,2.25,1.88
2012.12.17 09:28:25.235,1.10153,1.10166,2.25,1.13
2012.12.17 09:28:25.744,1.10152,1.10164,2.25,1.73
2012.12.17 09:28:26.045,1.10153,1.10168,3.38,1.50
2012.12.17 09:28:26.105,1.10157,1.10171,2.48,1.88
2012.12.17 09:28:26.224,1.10157,1.10172,3.23,1.69
2012.12.17 09:28:27.245,1.10161,1.10175,1.65,2.63
2012.12.17 09:28:27.605,1.10165,1.10177,1.50,1.31
2012.12.17 09:28:27.787,1.10166,1.10177,1.73,1.31
2012.12.17 09:28:27.976,1.10166,1.1018,3.23,1.54
2012.12.17 09:28:28.516,1.10167,1.10182,1.73,3.38
2012.12.17 09:28:29.596,1.10164,1.10181,2.48,1.73
2012.12.17 09:28:30.189,1.10163,1.1018,3.42,2.63
2012.12.17 09:28:30.264,1.10163,1.10175,1.65,1.65
2012.12.17 09:28:30.805,1.1016,1.10174,1.65,1.50
2012.12.17 09:28:31.355,1.10161,1.10175,2.48,1.88
2012.12.17 09:28:31.777,1.10159,1.10174,1.13,2.48
2012.12.17 09:28:31.845,1.10159,1.10174,1.13,3.23
2012.12.17 09:28:32.405,1.10158,1.10174,3.98,1.88
2012.12.17 09:28:32.757,1.10162,1.10175,1.13,1.73
2012.12.17 09:28:33.118,1.10162,1.10175,1.88,1.50
2012.12.17 09:28:33.426,1.10167,1.1018,1.50,4.13
2012.12.17 09:28:34.770,1.10165,1.1018,1.73,3.38
2012.12.17 09:28:35.464,1.10166,1.10179,1.73,1.54
2012.12.17 09:28:35.766,1.10166,1.10181,1.73,3.04
2012.12.17 09:28:36.386,1.10165,1.1018,1.88,1.73
2012.12.17 09:28:37.841,1.10166,1.10181,1.73,1.54
2012.12.17 09:28:40.743,1.10168,1.10182,1.50,1.54
2012.12.17 09:28:40.808,1.10168,1.10183,1.73,1.69
2012.12.17 09:28:40.935,1.1017,1.10183,1.13,1.31
2012.12.17 09:28:40.994,1.1017,1.10184,1.88,2.48
2012.12.17 09:28:41.055,1.10172,1.10184,1.73,1.50
2012.12.17 09:28:41.294,1.10172,1.10186,1.73,2.63
2012.12.17 09:28:41.475,1.10172,1.10186,1.73,1.35
2012.12.17 09:28:42.285,1.10171,1.10185,3.60,1.50
2012.12.17 09:28:42.346,1.10171,1.10186,3.60,3.00
2012.12.17 09:28:44.769,1.10171,1.10185,2.10,1.13
2012.12.17 09:28:45.317,1.1017,1.10184,1.73,3.38
2012.12.17 09:28:45.496,1.10174,1.10187,1.13,2.29
2012.12.17 09:28:45.556,1.10174,1.10187,1.13,2.06
2012.12.17 09:28:45.614,1.10174,1.10188,1.88,3.23
2012.12.17 09:28:45.934,1.10177,1.10188,1.13,1.50
2012.12.17 09:28:46.115,1.10177,1.1019,1.13,2.25
2012.12.17 09:28:46.175,1.10177,1.10193,1.88,3.60
2012.12.17 09:28:46.715,1.10177,1.10192,1.88,2.29
2012.12.17 09:28:47.255,1.10179,1.10195,1.88,4.54
2012.12.17 09:28:47.314,1.10179,1.10194,1.88,1.73
2012.12.17 09:28:47.435,1.1018,1.10195,1.73,4.54
2012.12.17 09:28:52.586,1.10181,1.10197,1.73,4.54
2012.12.17 09:28:53.444,1.10183,1.10197,2.85,2.48
2012.12.17 09:28:53.804,1.1019,1.10203,1.73,1.35
2012.12.17 09:28:54.106,1.10194,1.10207,1.13,2.48
2012.12.17 09:28:54.226,1.10194,1.10207,1.13,2.25
2012.12.17 09:28:54.764,1.10197,1.10212,1.73,2.63
2012.12.17 09:28:54.985,1.10197,1.10212,1.73,2.63
2012.12.17 09:28:55.106,1.10197,1.10212,1.73,2.63
2012.12.17 09:28:55.665,1.10198,1.10212,1.88,1.73
2012.12.17 09:28:56.205,1.10198,1.10212,1.88,1.50
2012.12.17 09:28:56.766,1.10198,1.10212,1.88,1.73
2012.12.17 09:28:59.825,1.10196,1.10209,1.73,1.50
2012.12.17 09:29:00.005,1.10196,1.10209,1.73,1.73
2012.12.17 09:29:00.555,1.10195,1.1021,1.80,1.73
2012.12.17 09:29:00.994,1.10195,1.1021,1.80,1.73
2012.12.17 09:29:01.296,1.10197,1.10208,3.98,3.75
2012.12.17 09:29:01.835,1.10197,1.10208,2.10,3.75
2012.12.17 09:29:01.895,1.10197,1.1021,2.10,3.23
2012.12.17 09:29:02.555,1.10195,1.1021,1.95,1.50
2012.12.17 09:29:02.615,1.10197,1.10211,1.73,1.50
2012.12.17 09:29:04.245,1.10197,1.10212,3.23,1.73
2012.12.17 09:29:04.367,1.10197,1.1021,1.73,1.73
2012.12.17 09:29:04.846,1.10195,1.1021,2.48,3.38
2012.12.17 09:29:04.973,1.10195,1.1021,1.73,1.88
2012.12.17 09:29:05.155,1.10195,1.1021,1.73,1.88
2012.12.17 09:29:05.275,1.10195,1.1021,2.48,1.13
2012.12.17 09:29:05.395,1.10195,1.1021,1.73,1.88
2012.12.17 09:29:05.515,1.10195,1.1021,2.48,1.13
2012.12.17 09:29:05.875,1.10196,1.10209,3.23,1.13
2012.12.17 09:29:05.935,1.10196,1.1021,3.23,2.44
2012.12.17 09:29:06.236,1.10196,1.10211,2.48,1.50
2012.12.17 09:29:06.355,1.10196,1.10212,5.10,3.04
2012.12.17 09:29:06.595,1.10197,1.10212,2.63,2.06
2012.12.17 09:29:06.716,1.10198,1.10214,3.38,1.50
2012.12.17 09:29:07.135,1.10198,1.10212,1.13,1.50
2012.12.17 09:29:07.435,1.10196,1.10211,5.25,2.25
2012.12.17 09:29:07.675,1.10198,1.10211,1.13,1.50
2012.12.17 09:29:08.214,1.10198,1.10214,1.13,2.25
2012.12.17 09:29:09.105,1.10198,1.10214,5.63,2.81
2012.12.17 09:29:12.133,1.10199,1.10215,1.88,2.29
2012.12.17 09:29:13.615,1.10199,1.10215,1.88,3.04
2012.12.17 09:29:15.535,1.10199,1.10212,2.63,1.31
2012.12.17 09:29:16.375,1.10197,1.10211,1.73,1.50
2012.12.17 09:29:17.135,1.10198,1.10211,3.98,2.25
2012.12.17 09:29:17.874,1.10196,1.1021,4.43,1.31
2012.12.17 09:29:18.425,1.10197,1.10211,2.18,2.44
2012.12.17 09:29:18.485,1.10196,1.1021,3.30,1.88
2012.12.17 09:29:19.321,1.10196,1.10209,1.05,1.65
2012.12.17 09:29:21.137,1.10196,1.10209,1.73,1.65
2012.12.17 09:29:21.328,1.10195,1.10207,3.98,1.50
2012.12.17 09:29:21.456,1.10193,1.10206,1.73,1.13
2012.12.17 09:29:21.575,1.10191,1.10203,3.23,1.50
2012.12.17 09:29:22.048,1.10191,1.10203,1.73,1.73
2012.12.17 09:29:22.785,1.10191,1.10203,1.73,1.50
2012.12.17 09:29:22.965,1.10192,1.10207,1.73,1.73
2012.12.17 09:29:23.622,1.10191,1.10207,3.98,1.73
2012.12.17 09:29:24.205,1.10192,1.10207,1.88,1.50
2012.12.17 09:29:26.154,1.10193,1.10209,2.85,5.29
2012.12.17 09:29:26.885,1.10194,1.10207,3.60,1.13
2012.12.17 09:29:27.005,1.10194,1.10209,2.10,3.04
2012.12.17 09:29:27.305,1.10194,1.10208,2.10,2.63
2012.12.17 09:29:27.608,1.10192,1.10206,3.00,1.73
2012.12.17 09:29:28.090,1.10192,1.10206,1.50,1.73
2012.12.17 09:29:28.596,1.10191,1.10205,2.48,1.73
2012.12.17 09:29:33.645,1.10191,1.10204,2.48,2.29
2012.12.17 09:29:34.065,1.1019,1.10204,2.48,1.73
2012.12.17 09:29:35.595,1.10191,1.10204,3.98,1.73
2012.12.17 09:29:36.405,1.1019,1.10203,2.48,2.29
2012.12.17 09:29:36.968,1.10191,1.10204,2.25,2.29
2012.12.17 09:29:37.515,1.1019,1.10205,2.48,1.88
2012.12.17 09:29:37.696,1.1019,1.10205,3.23,1.88
2012.12.17 09:29:38.139,1.10194,1.10208,2.48,1.73
2012.12.17 09:29:38.284,1.10194,1.10208,3.23,1.50
2012.12.17 09:29:38.766,1.10195,1.10206,1.50,1.65
2012.12.17 09:29:38.954,1.10191,1.10205,1.35,1.13
2012.12.17 09:29:39.159,1.10189,1.10201,4.20,1.73
2012.12.17 09:29:39.345,1.1019,1.10203,1.80,1.13
2012.12.17 09:29:39.766,1.10192,1.10205,1.13,2.29
2012.12.17 09:29:39.825,1.10192,1.10207,1.85,2.48
2012.12.17 09:29:39.946,1.10192,1.10207,2.07,1.73
2012.12.17 09:29:40.007,1.10193,1.10208,1.88,1.73
2012.12.17 09:29:40.526,1.10196,1.1021,1.13,3.04
2012.12.17 09:29:40.586,1.10197,1.1021,1.13,1.50
2012.12.17 09:29:41.133,1.10197,1.1021,3.23,1.50
2012.12.17 09:29:41.495,1.10196,1.1021,1.35,2.48
2012.12.17 09:29:43.346,1.10195,1.1021,3.75,2.48
2012.12.17 09:29:43.894,1.10195,1.1021,4.50,1.73
2012.12.17 09:29:44.656,1.10197,1.1021,1.35,1.73
2012.12.17 09:29:44.895,1.10196,1.10211,1.13,1.73
2012.12.17 09:29:45.965,1.10196,1.10211,1.13,1.73
2012.12.17 09:29:46.505,1.10195,1.10211,4.88,2.48
2012.12.17 09:29:46.685,1.10195,1.10211,4.13,2.48
2012.12.17 09:29:47.285,1.10195,1.10211,4.13,2.48
2012.12.17 09:29:47.880,1.10196,1.1021,1.13,3.98
2012.12.17 09:29:48.505,1.10196,1.1021,2.63,2.29
2012.12.17 09:29:48.625,1.10196,1.1021,3.38,1.54
2012.12.17 09:29:48.687,1.102,1.10212,1.13,1.73
2012.12.17 09:29:48.746,1.10201,1.10214,1.13,1.50
2012.12.17 09:29:48.866,1.10201,1.10214,1.13,1.50
2012.12.17 09:29:49.045,1.10201,1.10215,1.88,2.48
2012.12.17 09:29:49.595,1.10201,1.10214,1.13,2.29
2012.12.17 09:29:49.775,1.10201,1.10214,1.13,3.04
2012.12.17 09:29:49.835,1.10201,1.10212,1.88,1.31
2012.12.17 09:29:49.895,1.10201,1.10214,1.88,3.79
2012.12.17 09:29:50.519,1.10201,1.10213,1.13,1.31
2012.12.17 09:29:50.705,1.102,1.10215,1.73,2.63
2012.12.17 09:29:50.886,1.10202,1.10216,3.38,2.29
2012.12.17 09:29:51.245,1.10208,1.1022,1.13,2.25
2012.12.17 09:29:51.305,1.10208,1.1022,1.88,1.50
2012.12.17 09:29:51.827,1.10207,1.1022,1.50,1.13
2012.12.17 09:29:51.957,1.10207,1.10221,1.50,3.38
2012.12.17 09:29:52.499,1.10204,1.1022,3.23,1.05
2012.12.17 09:29:52.747,1.10206,1.10219,1.35,2.96
2012.12.17 09:29:53.307,1.10202,1.10216,2.63,1.50
2012.12.17 09:29:53.495,1.10202,1.10216,3.00,1.73
2012.12.17 09:29:54.295,1.10204,1.10216,1.13,2.48
2012.12.17 09:29:54.475,1.10203,1.10216,1.13,1.73
2012.12.17 09:29:54.535,1.10205,1.10216,3.75,1.73
2012.12.17 09:29:54.594,1.10204,1.10216,1.73,1.88
2012.12.17 09:29:55.176,1.10203,1.10215,1.73,2.25
2012.12.17 09:29:55.295,1.10201,1.10215,2.48,3.98
2012.12.17 09:29:55.685,1.10199,1.10212,1.73,2.06
2012.12.17 09:29:55.747,1.10198,1.10212,2.10,2.29
2012.12.17 09:29:56.285,1.10197,1.1021,1.50,1.73
2012.12.17 09:29:56.462,1.10197,1.1021,1.50,1.73
2012.12.17 09:29:56.705,1.10197,1.10211,1.50,1.73
2012.12.17 09:29:57.244,1.10197,1.1021,1.35,1.73
2012.12.17 09:29:57.910,1.10197,1.1021,1.35,1.73
2012.12.17 09:30:00.224,1.10199,1.1021,1.35,1.35
2012.12.17 09:30:00.876,1.102,1.1021,1.50,1.35
2012.12.17 09:30:01.176,1.10204,1.10216,1.50,1.50
2012.12.17 09:30:01.235,1.10204,1.10218,1.50,2.85
2012.12.17 09:30:01.356,1.10204,1.10218,3.23,1.88
2012.12.17 09:30:01.595,1.10204,1.10218,1.73,1.69
2012.12.17 09:30:03.925,1.10204,1.10219,1.73,1.73
2012.12.17 09:30:04.545,1.10207,1.10219,1.73,1.50
2012.12.17 09:30:06.775,1.10207,1.10221,1.73,3.23
2012.12.17 09:30:07.695,1.10208,1.10222,1.50,3.98
2012.12.17 09:30:08.124,1.10208,1.10222,1.73,3.98
2012.12.17 09:30:08.685,1.10211,1.10222,1.50,3.23
2012.12.17 09:30:09.058,1.10211,1.10222,2.40,2.48
2012.12.17 09:30:09.528,1.10214,1.10226,1.35,3.98
2012.12.17 09:30:09.856,1.10217,1.10226,1.88,1.50
2012.12.17 09:30:09.915,1.10217,1.1023,1.88,2.48
2012.12.17 09:30:10.854,1.10219,1.1023,1.50,3.04
2012.12.17 09:30:11.125,1.10219,1.1023,2.63,2.81
2012.12.17 09:30:11.305,1.10219,1.10232,1.73,1.50
2012.12.17 09:30:11.365,1.10219,1.1023,1.50,3.04
2012.12.17 09:30:11.904,1.10218,1.1023,2.48,3.23
2012.12.17 09:30:12.684,1.10218,1.1023,2.48,3.23
2012.12.17 09:30:13.095,1.10218,1.1023,3.23,3.23
2012.12.17 09:30:13.636,1.1022,1.1023,1.50,3.04
2012.12.17 09:30:13.815,1.10218,1.1023,1.73,3.04
2012.12.17 09:30:14.655,1.10217,1.10228,1.73,1.31
2012.12.17 09:30:14.835,1.10217,1.10229,1.73,1.50
2012.12.17 09:30:15.137,1.10216,1.10229,1.73,3.23
2012.12.17 09:30:15.904,1.10214,1.10228,2.48,2.48
2012.12.17 09:30:17.434,1.10214,1.10228,1.73,2.48
2012.12.17 09:30:17.554,1.10214,1.10228,1.73,2.48
2012.12.17 09:30:18.174,1.10214,1.10228,1.73,2.48
2012.12.17 09:30:18.714,1.10216,1.10228,1.73,1.73
2012.12.17 09:30:19.254,1.10216,1.10229,1.73,4.54
2012.12.17 09:30:20.295,1.10215,1.10227,1.73,3.23
2012.12.17 09:30:20.845,1.10213,1.10227,1.88,3.23
2012.12.17 09:30:21.084,1.10211,1.10225,3.00,1.73
2012.12.17 09:30:21.624,1.10211,1.10225,1.13,1.73
2012.12.17 09:30:22.175,1.10212,1.10224,1.73,2.48
2012.12.17 09:30:22.235,1.10211,1.10224,2.63,3.23
2012.12.17 09:30:26.684,1.10214,1.10227,1.88,2.48
2012.12.17 09:30:26.806,1.10215,1.10228,1.13,1.50
2012.12.17 09:30:26.926,1.10215,1.1023,1.88,1.73
2012.12.17 09:30:27.166,1.10218,1.10232,1.88,3.23
2012.12.17 09:30:27.696,1.1022,1.10232,1.13,3.00
2012.12.17 09:30:27.995,1.10225,1.10237,1.73,2.48
2012.12.17 09:30:28.475,1.10228,1.10241,1.13,3.00
2012.12.17 09:30:28.656,1.10228,1.10241,1.88,2.25
2012.12.17 09:30:28.895,1.10228,1.10241,1.13,3.23
2012.12.17 09:30:29.385,1.10228,1.1024,1.13,2.25
2012.12.17 09:30:29.745,1.10227,1.10237,1.13,3.23
2012.12.17 09:30:30.046,1.10223,1.10235,1.88,2.25
2012.12.17 09:30:30.427,1.10223,1.10235,1.88,2.25
2012.12.17 09:30:32.595,1.10223,1.10235,1.13,2.25
2012.12.17 09:30:32.835,1.10225,1.10236,1.13,1.50
2012.12.17 09:30:33.121,1.10225,1.10239,1.13,3.23
2012.12.17 09:30:33.280,1.10226,1.10239,1.73,2.48
2012.12.17 09:30:34.505,1.10226,1.10238,1.73,2.25
2012.12.17 09:30:34.805,1.10225,1.10238,1.13,2.25
2012.12.17 09:30:35.115,1.10225,1.10238,1.13,2.25
2012.12.17 09:30:35.235,1.10226,1.1024,1.73,3.00
2012.12.17 09:30:35.775,1.10227,1.10242,1.73,3.38
2012.12.17 09:30:36.875,1.10226,1.10242,2.48,4.13
2012.12.17 09:30:37.236,1.10231,1.1025,1.88,3.98
2012.12.17 09:30:37.296,1.10231,1.10243,1.88,1.50
2012.12.17 09:30:37.475,1.10228,1.10243,3.23,1.73
2012.12.17 09:30:37.654,1.10227,1.10241,2.10,2.25
2012.12.17 09:30:39.819,1.10228,1.10241,2.48,1.50
2012.12.17 09:30:40.364,1.10228,1.10241,2.85,1.50
2012.12.17 09:30:40.905,1.10228,1.10241,1.73,1.50
2012.12.17 09:30:41.226,1.10228,1.10238,1.73,1.50
2012.12.17 09:30:42.295,1.10227,1.1024,2.85,3.75
2012.12.17 09:30:46.085,1.10227,1.10239,1.73,3.00
2012.12.17 09:30:46.872,1.10227,1.10239,1.73,2.25
2012.12.17 09:30:49.507,1.10226,1.10236,1.73,1.50
2012.12.17 09:30:54.896,1.10226,1.10239,1.73,2.48
2012.12.17 09:30:55.223,1.10229,1.10239,1.73,1.50
2012.12.17 09:30:55.345,1.10229,1.10242,1.13,1.13
2012.12.17 09:30:55.525,1.10227,1.10242,1.73,2.25
2012.12.17 09:30:55.645,1.10226,1.10239,1.73,2.25
2012.12.17 09:30:55.827,1.10228,1.1024,1.92,1.50
2012.12.17 09:30:56.010,1.10227,1.1024,1.50,3.38
2012.12.17 09:31:00.825,1.10226,1.1024,1.13,2.48
2012.12.17 09:31:02.914,1.10226,1.1024,1.13,3.98
2012.12.17 09:31:03.826,1.10225,1.10238,1.73,1.50
2012.12.17 09:31:04.572,1.10225,1.10238,1.73,2.48
2012.12.17 09:31:05.984,1.10223,1.10238,2.85,3.98
2012.12.17 09:31:08.875,1.10224,1.10237,1.17,1.73
2012.12.17 09:31:11.585,1.10224,1.10237,1.17,1.73
2012.12.17 09:31:12.557,1.10224,1.10232,1.17,1.50
2012.12.17 09:31:12.676,1.10221,1.10232,1.65,2.48
2012.12.17 09:31:12.855,1.10221,1.1023,1.50,2.48
2012.12.17 09:31:12.915,1.10216,1.10227,1.35,2.25
2012.12.17 09:31:12.977,1.10215,1.10227,1.32,2.48
2012.12.17 09:31:13.037,1.10215,1.10224,1.32,1.50
2012.12.17 09:31:13.165,1.10211,1.10222,1.32,1.50
2012.12.17 09:31:13.284,1.10208,1.10221,1.13,1.50
2012.12.17 09:31:13.465,1.10206,1.10219,1.50,2.25
2012.12.17 09:31:13.839,1.10206,1.10217,1.50,1.50
2012.12.17 09:31:14.085,1.10203,1.10217,3.00,1.50
2012.12.17 09:31:14.324,1.10204,1.10215,1.13,1.50
2012.12.17 09:31:16.335,1.10203,1.10217,1.88,1.50
2012.12.17 09:31:17.155,1.10206,1.10218,1.13,1.73
2012.12.17 09:31:17.278,1.10207,1.10218,2.07,1.50
2012.12.17 09:31:17.820,1.10207,1.10218,2.07,1.50
2012.12.17 09:31:18.005,1.10208,1.10218,3.23,2.25
2012.12.17 09:31:19.265,1.10205,1.10219,3.57,1.73
2012.12.17 09:31:20.394,1.10205,1.10219,3.42,2.48
2012.12.17 09:31:24.554,1.10205,1.10219,1.92,3.23
2012.12.17 09:31:31.765,1.10205,1.10219,1.73,3.23
2012.12.17 09:31:37.316,1.10204,1.10218,1.73,2.48
2012.12.17 09:31:37.866,1.10203,1.10217,1.13,1.73
2012.12.17 09:31:38.382,1.10203,1.10217,1.13,1.73
2012.12.17 09:31:49.325,1.10203,1.10216,1.13,1.73
2012.12.17 09:31:49.686,1.10206,1.10218,1.88,1.50
2012.12.17 09:31:49.808,1.10207,1.10218,1.73,1.50
2012.12.17 09:31:50.196,1.10208,1.10222,1.73,1.73
2012.12.17 09:31:50.713,1.1021,1.10222,3.23,1.50
2012.12.17 09:31:50.775,1.1021,1.10224,3.23,1.73
2012.12.17 09:31:51.076,1.10209,1.10222,1.73,1.73
2012.12.17 09:31:54.466,1.10207,1.10221,1.73,1.50
2012.12.17 09:31:54.826,1.10205,1.10219,1.88,1.50
2012.12.17 09:31:55.485,1.10206,1.10221,1.50,3.23
2012.12.17 09:31:55.606,1.10206,1.10221,3.38,3.23
2012.12.17 09:31:55.786,1.1021,1.10223,1.32,1.73
2012.12.17 09:31:56.324,1.1021,1.10224,1.73,1.73
2012.12.17 09:31:58.236,1.10212,1.10225,1.17,1.73
2012.12.17 09:31:58.790,1.10213,1.10228,2.63,2.48
2012.12.17 09:31:59.165,1.10214,1.10228,1.50,1.73
2012.12.17 09:31:59.285,1.10215,1.10228,1.50,1.73
2012.12.17 09:31:59.407,1.10217,1.1023,1.73,1.73
2012.12.17 09:31:59.467,1.10217,1.10232,2.67,2.70
2012.12.17 09:31:59.646,1.10221,1.10235,1.73,4.05
2012.12.17 09:31:59.888,1.1022,1.10235,1.73,1.73
2012.12.17 09:32:00.863,1.1022,1.10235,1.73,1.73
2012.12.17 09:32:02.686,1.10219,1.10235,2.48,2.48
2012.12.17 09:32:02.928,1.10219,1.10235,1.73,3.23
2012.12.17 09:32:03.235,1.10219,1.10235,2.48,2.48
2012.12.17 09:32:04.855,1.10222,1.10236,1.73,1.73
2012.12.17 09:32:07.527,1.10221,1.10236,1.73,2.48
2012.12.17 09:32:07.956,1.10219,1.10233,1.50,2.48
2012.12.17 09:32:08.506,1.10217,1.10231,1.50,2.29
2012.12.17 09:32:08.880,1.10214,1.1023,3.00,1.73
2012.12.17 09:32:08.952,1.10214,1.10229,2.25,3.23
2012.12.17 09:32:09.946,1.10214,1.10228,1.50,1.73
2012.12.17 09:32:10.557,1.10214,1.10229,1.50,3.79
2012.12.17 09:32:10.677,1.10216,1.10229,1.50,1.73
2012.12.17 09:32:10.735,1.10216,1.1023,1.65,2.48
2012.12.17 09:32:11.036,1.10219,1.10235,3.00,1.73
2012.12.17 09:32:11.895,1.10219,1.10235,1.50,4.54
2012.12.17 09:32:12.286,1.10219,1.10235,3.98,2.10
2012.12.17 09:32:12.466,1.10221,1.10235,3.38,1.35
2012.12.17 09:32:12.825,1.10226,1.10239,1.50,1.13
2012.12.17 09:32:13.126,1.10229,1.10242,1.73,1.73
2012.12.17 09:32:13.246,1.10229,1.10244,2.67,1.88
2012.12.17 09:32:13.785,1.10232,1.10246,1.50,2.48
2012.12.17 09:32:14.307,1.10232,1.10246,1.50,1.73
2012.12.17 09:32:15.440,1.10232,1.10246,1.50,2.48
2012.12.17 09:32:17.105,1.10232,1.10246,1.65,1.73
2012.12.17 09:32:17.293,1.10233,1.10249,1.85,3.23
2012.12.17 09:32:17.358,1.10237,1.10249,1.50,2.48
2012.12.17 09:32:17.906,1.10238,1.10251,1.50,1.88
2012.12.17 09:32:21.075,1.10235,1.1025,2.67,1.88
2012.12.17 09:32:22.866,1.10237,1.1025,1.50,1.88
2012.12.17 09:32:23.167,1.1024,1.10253,1.50,1.13
2012.12.17 09:32:23.735,1.10242,1.10254,1.50,2.63
2012.12.17 09:32:28.999,1.10242,1.10256,1.65,7.73
2012.12.17 09:32:29.128,1.10245,1.10257,2.48,4.69
2012.12.17 09:32:29.258,1.10247,1.10259,1.73,2.10
2012.12.17 09:32:29.327,1.10247,1.10259,1.50,2.10
2012.12.17 09:32:29.387,1.10247,1.10259,1.73,1.88
2012.12.17 09:32:29.567,1.10248,1.10259,1.73,1.88
2012.12.17 09:32:29.926,1.10252,1.10261,1.50,1.73
2012.12.17 09:32:30.327,1.10256,1.10266,1.70,1.73
2012.12.17 09:32:30.499,1.10256,1.10267,2.45,3.42
2012.12.17 09:32:31.045,1.10256,1.10268,1.70,2.10
2012.12.17 09:32:31.625,1.10256,1.10269,1.50,1.88
2012.12.17 09:32:36.164,1.10255,1.10269,2.25,1.88
2012.12.17 09:32:36.705,1.10253,1.10268,1.73,2.48
2012.12.17 09:32:36.768,1.10252,1.10266,1.50,1.73
2012.12.17 09:32:37.278,1.10253,1.10267,2.25,1.13
2012.12.17 09:32:37.677,1.10253,1.10268,2.25,2.63
2012.12.17 09:32:40.845,1.10255,1.10268,1.50,2.63
2012.12.17 09:32:41.214,1.10255,1.10264,1.50,1.73
2012.12.17 09:32:41.634,1.10254,1.10269,1.73,2.85
2012.12.17 09:32:41.935,1.10254,1.10269,1.73,2.85
2012.12.17 09:32:42.255,1.10256,1.10269,1.50,2.10
2012.12.17 09:32:43.581,1.10254,1.10267,1.88,1.73
2012.12.17 09:32:44.488,1.10254,1.10267,1.88,1.73
2012.12.17 09:32:46.096,1.10256,1.10269,1.73,1.73
2012.12.17 09:32:46.346,1.10258,1.10271,1.65,3.00
2012.12.17 09:32:46.467,1.10258,1.10272,1.88,1.35
2012.12.17 09:32:48.916,1.10263,1.10275,1.50,2.85
2012.12.17 09:32:49.436,1.10264,1.10275,1.50,1.35
2012.12.17 09:32:49.676,1.10261,1.10275,1.73,2.10
2012.12.17 09:32:50.078,1.10264,1.10275,1.50,1.35
2012.12.17 09:32:52.867,1.10262,1.10275,1.50,1.35
2012.12.17 09:32:54.344,1.10264,1.10276,1.50,1.35
2012.12.17 09:32:54.775,1.10262,1.10275,1.50,1.35
2012.12.17 09:32:54.837,1.10259,1.10274,1.88,1.88
2012.12.17 09:32:54.906,1.10259,1.10273,1.73,1.35
2012.12.17 09:32:55.264,1.10257,1.10271,1.50,3.60
2012.12.17 09:32:56.496,1.10257,1.1027,1.70,1.73
2012.12.17 09:32:56.675,1.10259,1.10273,1.50,1.88
2012.12.17 09:32:57.348,1.10258,1.10272,1.50,1.35
2012.12.17 09:32:57.876,1.10258,1.10271,1.50,1.13
2012.12.17 09:32:59.369,1.10259,1.10273,1.50,3.19
2012.12.17 09:33:00.155,1.10259,1.10273,1.50,4.13
2012.12.17 09:33:00.336,1.10257,1.1027,1.73,1.13
2012.12.17 09:33:01.226,1.10257,1.10271,1.65,2.48
2012.12.17 09:33:01.542,1.10259,1.10273,1.10,3.23
2012.12.17 09:33:02.047,1.1026,1.10272,1.50,1.13
2012.12.17 09:33:02.406,1.10262,1.10277,1.73,1.88
2012.12.17 09:33:02.527,1.10265,1.10277,2.25,1.88
2012.12.17 09:33:03.064,1.10267,1.10279,1.50,1.13
2012.12.17 09:33:03.191,1.10265,1.10279,2.25,1.88
2012.12.17 09:33:03.318,1.10265,1.10277,1.50,1.13
2012.12.17 09:33:03.745,1.10262,1.10274,1.73,1.73
2012.12.17 09:33:04.256,1.10262,1.10274,1.50,1.73
2012.12.17 09:33:04.846,1.10263,1.10274,1.50,1.73
2012.12.17 09:33:05.165,1.10265,1.10274,1.50,1.73
2012.12.17 09:33:05.227,1.10265,1.10272,1.50,1.50
2012.12.17 09:33:05.787,1.10261,1.1027,1.73,1.50
2012.12.17 09:33:06.115,1.10261,1.1027,1.73,1.50
2012.12.17 09:33:07.037,1.1026,1.1027,1.73,1.73
2012.12.17 09:33:08.315,1.1026,1.1027,1.73,1.73
2012.12.17 09:33:08.496,1.10261,1.10272,1.73,1.73
2012.12.17 09:33:08.974,1.10262,1.10274,1.92,1.73
2012.12.17 09:33:09.225,1.10262,1.10275,1.92,2.48
2012.12.17 09:33:09.469,1.10261,1.10273,1.50,1.13
2012.12.17 09:33:12.726,1.10262,1.10271,1.50,1.73
2012.12.17 09:33:13.036,1.10265,1.10271,1.50,1.50
2012.12.17 09:33:13.338,1.10265,1.10277,2.25,1.88
2012.12.17 09:33:13.576,1.10267,1.10279,1.50,1.88
2012.12.17 09:33:15.526,1.10267,1.10279,2.25,1.13
2012.12.17 09:33:16.065,1.10267,1.1028,2.48,1.88
2012.12.17 09:33:16.626,1.10268,1.10281,1.13,1.73
2012.12.17 09:33:16.985,1.10271,1.10285,3.23,1.58
2012.12.17 09:33:17.345,1.10278,1.10287,1.50,1.13
2012.12.17 09:33:17.707,1.10278,1.1029,1.73,3.23
2012.12.17 09:33:18.006,1.1028,1.10292,1.73,2.85
2012.12.17 09:33:18.427,1.10277,1.10291,2.48,1.35
2012.12.17 09:33:19.085,1.10275,1.10287,2.48,1.50
2012.12.17 09:33:19.387,1.1028,1.1029,1.73,1.50
2012.12.17 09:33:19.507,1.1028,1.10294,3.23,3.00
2012.12.17 09:33:19.568,1.10282,1.10294,2.48,2.78
2012.12.17 09:33:19.996,1.10284,1.103,1.73,2.25
2012.12.17 09:33:20.235,1.10287,1.10297,1.73,1.88
2012.12.17 09:33:20.415,1.10288,1.10299,1.73,2.25
2012.12.17 09:33:21.266,1.10285,1.10295,1.73,1.50
2012.12.17 09:33:21.635,1.10285,1.10295,1.73,1.50
2012.12.17 09:33:22.055,1.10283,1.10294,2.67,1.13
2012.12.17 09:33:22.296,1.10279,1.1029,1.73,1.50
2012.12.17 09:33:22.356,1.10279,1.10292,1.73,2.25
2012.12.17 09:33:22.537,1.10279,1.10293,2.48,2.48
2012.12.17 09:33:22.895,1.10278,1.10288,1.73,1.50
2012.12.17 09:33:23.016,1.10278,1.10288,1.73,1.50
2012.12.17 09:33:23.435,1.10276,1.10292,1.73,2.85
2012.12.17 09:33:23.895,1.10276,1.10289,1.73,1.73
2012.12.17 09:33:25.730,1.10275,1.10289,1.73,3.60
2012.12.17 09:33:25.804,1.10272,1.10286,3.23,1.69
2012.12.17 09:33:25.927,1.10272,1.10285,2.48,1.13
2012.12.17 09:33:25.986,1.10271,1.10281,1.73,1.50
2012.12.17 09:33:26.618,1.10265,1.10279,2.11,2.25
2012.12.17 09:33:26.722,1.10265,1.10279,1.73,2.25
2012.12.17 09:33:27.177,1.10267,1.10279,1.50,1.73
2012.12.17 09:33:27.635,1.1027,1.10283,1.73,3.23
2012.12.17 09:33:29.116,1.1027,1.10284,2.48,1.88
2012.12.17 09:33:31.242,1.10269,1.10283,1.73,2.63
2012.12.17 09:33:31.904,1.10269,1.10283,1.73,2.63
2012.12.17 09:33:32.835,1.10269,1.10282,1.50,1.73
2012.12.17 09:33:37.666,1.10269,1.10283,2.25,3.79
2012.12.17 09:33:37.905,1.1027,1.10284,1.73,1.13
2012.12.17 09:33:38.205,1.1027,1.10284,1.50,2.63
2012.12.17 09:33:38.326,1.1027,1.10284,2.25,2.63
2012.12.17 09:33:41.407,1.1027,1.10285,1.73,1.73
2012.12.17 09:33:43.174,1.1027,1.10284,1.73,2.48
2012.12.17 09:33:43.597,1.1027,1.10284,1.70,4.73
2012.12.17 09:33:44.136,1.10269,1.10281,1.88,1.50
2012.12.17 09:33:44.905,1.10268,1.1028,1.17,1.50
2012.12.17 09:33:45.445,1.10265,1.1028,1.73,1.73
2012.12.17 09:33:45.826,1.10264,1.1028,3.98,2.48
2012.12.17 09:33:46.795,1.10264,1.10278,1.73,1.73
2012.12.17 09:33:46.855,1.10264,1.10278,1.50,1.73
2012.12.17 09:33:48.366,1.10263,1.10278,1.73,3.23
2012.12.17 09:33:48.620,1.10263,1.10274,1.73,1.13
2012.12.17 09:33:48.805,1.10263,1.10277,1.73,1.28
2012.12.17 09:33:50.125,1.10261,1.10275,1.73,1.73
2012.12.17 09:33:50.571,1.10261,1.10273,1.50,1.88
2012.12.17 09:33:50.879,1.10259,1.1027,1.73,1.73
2012.12.17 09:33:51.127,1.10256,1.1027,3.23,1.73
2012.12.17 09:33:51.550,1.10254,1.10268,2.48,1.73
2012.12.17 09:33:51.619,1.10253,1.10268,1.92,1.73
2012.12.17 09:33:51.691,1.10252,1.10268,1.73,4.54
2012.12.17 09:33:52.635,1.10252,1.10265,1.73,1.73
2012.12.17 09:33:57.683,1.10252,1.10265,1.73,1.35
2012.12.17 09:33:57.937,1.1025,1.10259,1.32,1.50
2012.12.17 09:33:58.296,1.10245,1.10255,2.63,1.73
2012.12.17 09:33:58.660,1.10245,1.10252,1.65,1.73
2012.12.17 09:33:58.789,1.10242,1.10251,3.15,1.50
2012.12.17 09:33:58.856,1.1024,1.10251,3.23,1.50
2012.12.17 09:33:59.036,1.1024,1.10252,3.23,1.50
2012.12.17 09:33:59.746,1.1024,1.10252,3.42,1.50
2012.12.17 09:34:01.236,1.10241,1.10253,1.92,1.73
2012.12.17 09:34:01.716,1.10239,1.10253,2.48,1.73
2012.12.17 09:34:01.836,1.10239,1.10254,2.48,1.73
2012.12.17 09:34:02.315,1.10239,1.10254,2.48,1.88
2012.12.17 09:34:02.376,1.10239,1.10253,2.25,1.73
2012.12.17 09:34:02.915,1.10237,1.10251,2.48,2.48
2012.12.17 09:34:02.974,1.10237,1.10251,2.48,3.23
2012.12.17 09:34:06.022,1.10236,1.10249,2.48,1.73
2012.12.17 09:34:06.705,1.10236,1.10251,3.23,1.73
2012.12.17 09:34:08.725,1.10236,1.1025,3.23,1.73
2012.12.17 09:34:10.725,1.10237,1.10251,1.73,2.48
2012.12.17 09:34:12.972,1.10236,1.1025,1.73,2.48
2012.12.17 09:34:13.502,1.10234,1.10249,1.73,2.48
2012.12.17 09:34:15.108,1.10233,1.10248,1.73,3.38
2012.12.17 09:34:15.643,1.10232,1.10246,1.73,1.35
2012.12.17 09:34:16.186,1.10231,1.10246,3.98,1.35
2012.12.17 09:34:16.737,1.10232,1.10245,1.73,1.73
2012.12.17 09:34:22.216,1.1023,1.10245,1.35,3.23
2012.12.17 09:34:22.896,1.1023,1.10245,1.35,3.23
2012.12.17 09:34:25.250,1.10229,1.10245,4.88,3.23
2012.12.17 09:34:27.615,1.10229,1.10243,2.63,1.50
2012.12.17 09:34:28.526,1.10229,1.10243,2.63,1.73
2012.12.17 09:34:33.815,1.10231,1.10245,1.13,2.25
2012.12.17 09:34:33.935,1.10232,1.10245,1.17,1.50
2012.12.17 09:34:36.999,1.1023,1.10245,4.73,1.73
2012.12.17 09:34:39.616,1.10231,1.10245,1.73,1.73
2012.12.17 09:34:42.205,1.10231,1.10245,1.73,2.48
2012.12.17 09:34:42.917,1.10231,1.10245,1.73,3.98
2012.12.17 09:34:43.461,1.10234,1.10246,2.67,3.98
2012.12.17 09:34:43.806,1.10234,1.10246,2.67,3.75
2012.12.17 09:34:44.415,1.10234,1.10246,1.73,3.98
2012.12.17 09:34:45.236,1.10234,1.10246,1.92,4.73
2012.12.17 09:34:45.775,1.10236,1.10246,1.73,3.98
2012.12.17 09:34:51.015,1.10234,1.10242,2.25,3.98
2012.12.17 09:34:51.195,1.10234,1.10248,2.48,5.85
2012.12.17 09:34:51.617,1.10238,1.10248,1.70,3.98
2012.12.17 09:34:51.676,1.10239,1.10252,1.92,6.60
2012.12.17 09:34:52.216,1.10238,1.1025,1.70,1.73
2012.12.17 09:34:52.336,1.10237,1.1025,1.73,1.73
2012.12.17 09:34:52.837,1.10236,1.1025,2.67,2.48
2012.12.17 09:34:53.135,1.10238,1.10252,1.70,1.13
2012.12.17 09:34:53.636,1.1024,1.10253,1.70,1.13
2012.12.17 09:34:53.696,1.1024,1.10254,1.70,1.35
2012.12.17 09:34:54.256,1.10239,1.10255,2.45,4.73
2012.12.17 09:34:54.925,1.1024,1.10255,1.70,3.98
2012.12.17 09:35:01.113,1.10241,1.10255,1.50,2.40
2012.12.17 09:35:13.635,1.10242,1.10256,1.50,1.65
2012.12.17 09:35:15.295,1.10242,1.10254,1.50,2.06
2012.12.17 09:35:16.775,1.1024,1.10254,1.50,3.19
2012.12.17 09:35:19.496,1.1024,1.10254,1.50,1.54
2012.12.17 09:35:19.797,1.10246,1.10259,2.25,3.30
2012.12.17 09:35:20.286,1.10247,1.10259,1.50,1.50
2012.12.17 09:35:21.395,1.10246,1.10259,1.50,1.31
2012.12.17 09:35:21.457,1.10246,1.1026,1.50,2.21
2012.12.17 09:35:21.666,1.10246,1.10259,1.50,1.31
2012.12.17 09:35:21.785,1.10246,1.1026,1.50,2.21
2012.12.17 09:35:22.390,1.10246,1.1026,1.50,2.21
2012.12.17 09:35:25.705,1.10246,1.10258,1.50,2.25
2012.12.17 09:35:25.773,1.10245,1.10257,1.50,1.13
2012.12.17 09:35:25.896,1.10245,1.10258,1.50,1.95
2012.12.17 09:35:25.955,1.10245,1.10258,1.50,1.13
2012.12.17 09:35:26.475,1.10245,1.10258,1.50,1.13
2012.12.17 09:35:26.972,1.10247,1.10259,2.25,1.46
2012.12.17 09:35:27.095,1.10247,1.10259,2.25,1.46
2012.12.17 09:35:28.082,1.10246,1.10258,1.50,1.13
2012.12.17 09:35:30.865,1.10246,1.10257,1.50,1.13
2012.12.17 09:35:31.428,1.10241,1.10255,4.73,1.13
2012.12.17 09:35:31.496,1.10241,1.10255,4.73,1.35
2012.12.17 09:35:31.855,1.10241,1.10255,1.50,2.10
2012.12.17 09:35:34.675,1.10242,1.10255,1.50,2.85
2012.12.17 09:35:37.936,1.1024,1.10253,3.00,1.35
2012.12.17 09:35:37.996,1.10244,1.10253,1.50,1.13
2012.12.17 09:35:38.458,1.10245,1.10255,1.50,1.50
2012.12.17 09:35:38.705,1.10245,1.10255,1.50,1.73
2012.12.17 09:35:39.206,1.10241,1.10252,3.00,1.13
2012.12.17 09:35:39.326,1.10239,1.10249,1.50,1.13
2012.12.17 09:35:39.447,1.10237,1.10249,1.13,2.44
2012.12.17 09:35:39.985,1.10235,1.1025,3.00,3.60
2012.12.17 09:35:40.106,1.10236,1.1025,1.73,2.48
2012.12.17 09:35:40.233,1.10241,1.1025,1.50,1.50
2012.12.17 09:35:40.536,1.10241,1.1025,1.50,1.50
2012.12.17 09:35:41.164,1.10242,1.10256,1.50,1.35
2012.12.17 09:35:41.427,1.10242,1.10256,1.50,1.13
2012.12.17 09:35:41.906,1.10242,1.10256,1.50,1.88
2012.12.17 09:35:41.970,1.1024,1.10253,1.50,2.40
2012.12.17 09:35:42.276,1.10238,1.10252,1.50,1.88
2012.12.17 09:35:42.755,1.10239,1.10252,1.50,1.13
2012.12.17 09:35:43.545,1.10239,1.10253,1.50,1.88
2012.12.17 09:35:44.405,1.10241,1.10254,1.50,2.44
2012.12.17 09:35:44.715,1.10241,1.10254,1.50,2.44
2012.12.17 09:35:45.129,1.10242,1.10255,1.50,1.35
2012.12.17 09:35:45.317,1.10239,1.10252,1.50,1.13
2012.12.17 09:35:45.745,1.10237,1.10251,1.50,1.13
2012.12.17 09:35:47.295,1.10239,1.10252,1.50,3.38
2012.12.17 09:35:47.845,1.10239,1.10252,1.50,1.88
2012.12.17 09:35:51.495,1.10238,1.10252,1.50,1.65
2012.12.17 09:35:51.615,1.10238,1.10251,1.73,1.69
2012.12.17 09:35:51.736,1.10238,1.10251,1.50,1.69
2012.12.17 09:35:51.857,1.10239,1.10252,1.50,1.88
2012.12.17 09:35:52.095,1.10239,1.10251,1.50,1.69
2012.12.17 09:35:54.363,1.10238,1.10252,1.50,2.63
2012.12.17 09:35:54.486,1.10235,1.10251,3.00,1.13
2012.12.17 09:35:54.726,1.10237,1.1025,1.50,2.66
2012.12.17 09:35:54.845,1.10237,1.10249,1.50,1.35
2012.12.17 09:35:57.829,1.10235,1.10249,3.00,2.10
2012.12.17 09:35:58.947,1.10234,1.10248,1.70,2.10
2012.12.17 09:35:59.126,1.10233,1.10247,3.00,1.35
2012.12.17 09:35:59.485,1.10234,1.10248,2.25,1.35
2012.12.17 09:36:00.849,1.10236,1.10249,1.50,2.10
2012.12.17 09:36:03.526,1.10236,1.10248,1.50,1.35
2012.12.17 09:36:03.711,1.10236,1.10248,1.50,1.13
2012.12.17 09:36:04.110,1.10234,1.10247,1.70,1.13
2012.12.17 09:36:04.179,1.10234,1.10244,1.70,1.13
2012.12.17 09:36:04.427,1.1023,1.10243,3.23,2.63
2012.12.17 09:36:04.495,1.1023,1.10243,1.50,3.38
2012.12.17 09:36:05.017,1.10227,1.10242,2.25,2.63
2012.12.17 09:36:05.276,1.10227,1.10242,2.25,3.60
2012.12.17 09:36:09.415,1.10227,1.10242,2.25,2.85
2012.12.17 09:36:09.786,1.10227,1.10242,3.00,2.63
2012.12.17 09:36:09.906,1.10227,1.10242,3.00,7.88
2012.12.17 09:36:10.785,1.10227,1.1024,3.00,1.13
2012.12.17 09:36:12.896,1.10227,1.10242,4.50,2.85
2012.12.17 09:36:13.256,1.10226,1.10237,1.50,2.25
2012.12.17 09:36:16.246,1.10226,1.10237,1.50,1.05
2012.12.17 09:36:16.306,1.10227,1.1024,2.25,1.50
2012.12.17 09:36:16.366,1.10227,1.1024,2.25,1.50
2012.12.17 09:36:16.923,1.10229,1.10242,1.50,2.48
2012.12.17 09:36:19.335,1.1023,1.10242,1.92,1.13
2012.12.17 09:36:19.456,1.1023,1.10245,2.45,3.57
2012.12.17 09:36:19.576,1.10234,1.10245,1.13,2.63
2012.12.17 09:36:22.138,1.10234,1.10248,2.63,2.85
2012.12.17 09:36:22.455,1.10235,1.10249,1.50,2.55
2012.12.17 09:36:22.956,1.10237,1.1025,2.25,1.13
2012.12.17 09:36:23.505,1.10237,1.10251,2.25,1.13
2012.12.17 09:36:24.305,1.10239,1.10252,1.50,2.63
2012.12.17 09:36:26.119,1.1024,1.10252,1.50,2.63
2012.12.17 09:36:26.246,1.10242,1.10252,1.50,2.63
2012.12.17 09:36:26.785,1.10242,1.10252,1.50,1.13
2012.12.17 09:36:34.166,1.1024,1.10253,1.50,3.38
2012.12.17 09:36:36.275,1.10239,1.10253,2.25,2.63
2012.12.17 09:36:40.607,1.1024,1.10253,1.50,2.25
2012.12.17 09:36:41.716,1.1024,1.10253,1.50,1.88
2012.12.17 09:36:45.695,1.1024,1.10252,1.50,4.88
2012.12.17 09:36:50.605,1.10238,1.10251,1.73,4.88
2012.12.17 09:36:50.727,1.10235,1.10247,2.63,2.63
2012.12.17 09:36:51.145,1.1023,1.10245,3.38,1.88
2012.12.17 09:36:53.745,1.10233,1.10245,2.48,1.13
2012.12.17 09:36:54.405,1.10233,1.10245,1.73,1.13
2012.12.17 09:36:55.776,1.10233,1.10247,3.38,4.73
2012.12.17 09:36:56.242,1.10236,1.10248,2.25,1.73
2012.12.17 09:36:56.786,1.10237,1.1025,1.73,5.25
2012.12.17 09:36:57.146,1.10235,1.10248,1.73,1.73
2012.12.17 09:37:00.352,1.10235,1.10248,1.50,1.73
2012.12.17 09:37:02.775,1.10234,1.10248,1.88,1.73
2012.12.17 09:37:03.294,1.10234,1.10248,1.65,1.73
2012.12.17 09:37:14.506,1.10233,1.10247,1.50,1.73
2012.12.17 09:37:24.875,1.10233,1.10244,3.00,1.13
2012.12.17 09:37:25.185,1.10231,1.10243,2.48,1.73
2012.12.17 09:37:30.719,1.10231,1.10243,3.42,1.73
2012.12.17 09:37:37.568,1.10229,1.10244,1.65,4.88
2012.12.17 09:37:37.889,1.10225,1.10238,2.48,1.13
2012.12.17 09:37:38.617,1.10225,1.10239,1.70,1.35
2012.12.17 09:37:38.756,1.10228,1.1024,1.50,1.35
2012.12.17 09:37:38.935,1.10226,1.10241,1.50,2.85
2012.12.17 09:37:38.995,1.10225,1.10241,3.00,3.60
2012.12.17 09:37:39.525,1.10225,1.1024,1.50,1.35
2012.12.17 09:37:41.381,1.10225,1.10239,2.25,2.10
2012.12.17 09:37:41.746,1.10227,1.10241,2.45,4.32
2012.12.17 09:37:42.106,1.1023,1.10243,1.50,3.75
2012.12.17 09:37:42.810,1.1023,1.10243,2.25,3.00
2012.12.17 09:37:44.159,1.10227,1.1024,1.13,3.38
2012.12.17 09:37:44.706,1.10225,1.10238,2.25,1.88
2012.12.17 09:37:45.019,1.10225,1.10238,2.25,1.88
2012.12.17 09:37:45.337,1.10225,1.10239,2.25,1.88
2012.12.17 09:37:45.968,1.10226,1.10241,1.13,4.35
2012.12.17 09:37:46.087,1.10225,1.1024,1.13,2.63
2012.12.17 09:37:46.755,1.10224,1.10239,2.25,1.88
2012.12.17 09:37:47.304,1.10224,1.10238,2.48,1.88
2012.12.17 09:37:50.246,1.10225,1.10238,1.50,1.13
2012.12.17 09:37:50.911,1.10224,1.1024,3.23,2.85
2012.12.17 09:37:52.156,1.10225,1.1024,2.25,2.10
2012.12.17 09:37:52.216,1.10226,1.1024,1.88,1.35
2012.12.17 09:37:54.397,1.10224,1.10236,1.73,1.35
2012.12.17 09:37:54.699,1.10223,1.10236,1.50,3.00
2012.12.17 09:37:55.032,1.10222,1.10234,1.50,3.00
2012.12.17 09:37:56.117,1.10222,1.10236,2.25,2.85
2012.12.17 09:37:56.713,1.10222,1.10236,2.25,1.88
2012.12.17 09:37:56.781,1.10221,1.10227,1.50,1.50
2012.12.17 09:37:56.966,1.1021,1.10225,2.10,1.88
2012.12.17 09:37:57.027,1.1021,1.10223,1.35,2.48
2012.12.17 09:37:57.267,1.10207,1.1022,3.04,1.88
2012.12.17 09:37:57.593,1.10206,1.1022,3.23,1.13
2012.12.17 09:37:58.256,1.10206,1.10218,2.25,1.13
2012.12.17 09:37:58.574,1.10206,1.10218,2.25,1.13
2012.12.17 09:38:00.137,1.10206,1.10219,3.23,1.13
2012.12.17 09:38:00.198,1.10206,1.10219,3.23,1.13
2012.12.17 09:38:00.587,1.10206,1.10221,3.00,1.13
2012.12.17 09:38:05.598,1.10206,1.10219,1.50,1.35
2012.12.17 09:38:06.125,1.10206,1.10218,1.50,1.69
2012.12.17 09:38:08.267,1.10205,1.10218,1.50,1.13
2012.12.17 09:38:08.525,1.10203,1.10216,1.73,2.10
2012.12.17 09:38:08.586,1.10201,1.10213,1.02,1.35
2012.12.17 09:38:08.653,1.10199,1.10213,3.23,1.35
2012.12.17 09:38:09.159,1.10198,1.10212,1.50,1.13
2012.12.17 09:38:09.706,1.102,1.10215,4.13,2.63
2012.12.17 09:38:09.886,1.10202,1.10215,1.73,1.88
2012.12.17 09:38:10.449,1.102,1.10214,1.73,1.13
2012.12.17 09:38:10.636,1.10199,1.10212,1.13,1.13
2012.12.17 09:38:10.695,1.10199,1.10212,1.13,1.13
2012.12.17 09:38:10.816,1.10199,1.10212,1.13,1.13
2012.12.17 09:38:10.876,1.10201,1.10213,1.13,1.13
2012.12.17 09:38:11.177,1.10205,1.10218,2.25,2.10
2012.12.17 09:38:11.727,1.10205,1.10217,2.25,1.13
2012.12.17 09:38:11.927,1.10205,1.10218,2.25,1.13
2012.12.17 09:38:12.596,1.10205,1.10219,2.63,1.13
2012.12.17 09:38:13.146,1.10206,1.1022,1.50,1.13
2012.12.17 09:38:16.411,1.10205,1.10218,1.88,1.13
2012.12.17 09:38:16.657,1.10204,1.10218,1.13,1.13
2012.12.17 09:38:16.958,1.10201,1.10215,2.63,2.63
2012.12.17 09:38:17.406,1.10199,1.10213,2.63,1.13
2012.12.17 09:38:17.946,1.10198,1.10212,2.93,1.13
2012.12.17 09:38:18.207,1.10198,1.10212,1.28,1.88
2012.12.17 09:38:18.516,1.10196,1.10208,1.50,1.13
2012.12.17 09:38:18.698,1.10194,1.10208,1.50,1.13
2012.12.17 09:38:19.226,1.10193,1.10207,3.38,1.13
2012.12.17 09:38:19.347,1.10192,1.10207,2.07,1.13
2012.12.17 09:38:19.707,1.10191,1.10204,1.50,1.88
2012.12.17 09:38:19.767,1.10188,1.10204,1.13,4.13
2012.12.17 09:38:19.887,1.10187,1.10202,3.23,1.95
2012.12.17 09:38:20.128,1.10183,1.10195,3.38,1.13
2012.12.17 09:38:20.667,1.10183,1.10195,3.38,1.88
2012.12.17 09:38:20.906,1.10183,1.10193,1.73,1.13
2012.12.17 09:38:21.629,1.1018,1.10192,2.25,1.13
2012.12.17 09:38:22.296,1.1018,1.10192,2.25,1.13
2012.12.17 09:38:25.266,1.10175,1.10192,2.63,1.13
2012.12.17 09:38:26.137,1.10181,1.10195,1.13,1.13
2012.12.17 09:38:26.926,1.10181,1.10195,1.05,1.13
2012.12.17 09:38:27.000,1.1018,1.10195,1.80,1.13
2012.12.17 09:38:28.767,1.1018,1.10196,1.92,1.50
2012.12.17 09:38:31.520,1.10178,1.10191,1.73,1.73
2012.12.17 09:38:31.826,1.10177,1.10191,2.48,2.48
2012.12.17 09:38:32.308,1.10175,1.10188,1.73,1.73
2012.12.17 09:38:32.379,1.10175,1.10188,1.50,1.88
2012.12.17 09:38:32.747,1.10169,1.10183,1.92,1.13
2012.12.17 09:38:33.273,1.10169,1.10183,1.73,1.13
2012.12.17 09:38:33.837,1.1017,1.10186,2.25,1.35
2012.12.17 09:38:34.136,1.10173,1.10187,1.50,1.88
2012.12.17 09:38:36.689,1.10171,1.10183,2.48,1.73
2012.12.17 09:38:36.877,1.10169,1.10183,3.15,1.73
2012.12.17 09:38:37.178,1.10173,1.10186,3.00,1.13
2012.12.17 09:38:37.699,1.10173,1.10182,1.50,1.88
2012.12.17 09:38:38.009,1.10167,1.10182,1.73,1.13
2012.12.17 09:38:38.506,1.10166,1.10179,1.13,1.50
2012.12.17 09:38:38.698,1.10165,1.10179,1.73,1.73
2012.12.17 09:38:39.237,1.10161,1.10175,1.73,1.13
2012.12.17 09:38:39.356,1.10159,1.10175,3.38,1.88
2012.12.17 09:38:40.089,1.10159,1.10174,1.88,1.73
2012.12.17 09:38:41.787,1.10158,1.10172,3.00,1.13
2012.12.17 09:38:42.753,1.10158,1.10171,2.48,1.13
2012.12.17 09:38:43.096,1.10155,1.10169,2.55,1.13
2012.12.17 09:38:43.726,1.10155,1.10169,2.63,1.13
2012.12.17 09:38:45.887,1.10158,1.10172,1.88,1.88
2012.12.17 09:38:46.016,1.10158,1.10172,1.50,2.10
2012.12.17 09:38:46.137,1.10158,1.10172,1.73,2.10
2012.12.17 09:38:46.270,1.10158,1.10172,3.98,2.10
2012.12.17 09:38:46.404,1.10161,1.10172,1.73,1.88
2012.12.17 09:38:46.909,1.10163,1.10176,1.10,1.73
2012.12.17 09:38:47.596,1.10164,1.10179,1.50,2.63
2012.12.17 09:38:47.675,1.10165,1.10179,1.73,1.88
2012.12.17 09:38:47.868,1.10165,1.10179,1.50,1.13
2012.12.17 09:38:48.976,1.10164,1.10179,1.73,1.13
2012.12.17 09:38:49.868,1.10164,1.10178,1.50,2.10
2012.12.17 09:38:50.301,1.10165,1.1018,1.73,1.13
2012.12.17 09:38:50.847,1.10163,1.10177,3.98,1.13
2012.12.17 09:38:51.388,1.10166,1.10178,1.73,1.35
2012.12.17 09:38:51.927,1.10164,1.10178,3.75,1.35
2012.12.17 09:38:54.537,1.10164,1.10178,3.75,1.13
2012.12.17 09:38:55.075,1.10164,1.10178,3.23,1.13
2012.12.17 09:38:55.497,1.10166,1.10179,1.92,1.35
2012.12.17 09:38:56.036,1.10167,1.1018,1.50,1.35
2012.12.17 09:38:57.451,1.10167,1.10179,1.50,1.35
2012.12.17 09:39:00.354,1.10166,1.10179,1.17,1.35
2012.12.17 09:39:01.806,1.10166,1.10179,1.92,1.35
2012.12.17 09:39:01.926,1.10167,1.1018,1.92,1.13
2012.12.17 09:39:04.269,1.10165,1.1018,2.82,1.13
2012.12.17 09:39:04.456,1.10165,1.1018,2.75,1.13
2012.12.17 09:39:04.959,1.10165,1.1018,2.82,1.88
2012.12.17 09:39:05.029,1.10165,1.10179,1.13,1.73
2012.12.17 09:39:05.375,1.10164,1.10176,3.00,1.13
2012.12.17 09:39:05.966,1.10164,1.10176,2.25,1.13
2012.12.17 09:39:07.576,1.10162,1.10176,1.88,1.13
2012.12.17 09:39:07.896,1.10164,1.10178,2.48,1.35
2012.12.17 09:39:08.206,1.10167,1.10179,1.50,2.10
2012.12.17 09:39:09.627,1.10167,1.10181,1.50,1.35
2012.12.17 09:39:09.747,1.10164,1.10177,2.10,1.35
2012.12.17 09:39:10.046,1.1016,1.10172,2.10,1.88
2012.12.17 09:39:15.089,1.10161,1.10175,1.92,1.35
2012.12.17 09:39:16.076,1.10162,1.10176,1.50,2.10
2012.12.17 09:39:16.689,1.10162,1.10175,1.50,1.35
2012.12.17 09:39:18.116,1.10163,1.10175,1.13,1.35
2012.12.17 09:39:18.417,1.10164,1.10175,1.73,1.13
2012.12.17 09:39:19.446,1.10164,1.10178,3.23,1.35
2012.12.17 09:39:19.986,1.10169,1.1018,2.25,1.35
2012.12.17 09:39:20.228,1.10169,1.10183,3.00,1.35
2012.12.17 09:39:21.146,1.10169,1.10184,3.00,3.23
2012.12.17 09:39:22.753,1.10169,1.10181,3.00,1.35
2012.12.17 09:39:23.696,1.10169,1.10182,1.50,1.35
2012.12.17 09:39:24.175,1.10168,1.10181,1.50,1.35
2012.12.17 09:39:24.716,1.10168,1.10181,1.73,1.35
2012.12.17 09:39:25.905,1.10169,1.10182,1.13,1.35
2012.12.17 09:39:25.968,1.10169,1.10183,1.13,3.45
2012.12.17 09:39:26.038,1.1017,1.10183,1.13,2.10
2012.12.17 09:39:26.545,1.10171,1.10183,1.92,1.13
2012.12.17 09:39:30.246,1.10171,1.10183,1.10,1.13
2012.12.17 09:39:32.458,1.10166,1.1018,2.48,1.88
2012.12.17 09:39:32.577,1.10165,1.10179,1.50,1.35
2012.12.17 09:39:32.696,1.10163,1.10177,2.48,1.13
2012.12.17 09:39:37.847,1.10163,1.10178,2.48,5.44
2012.12.17 09:39:38.386,1.10164,1.10179,3.15,2.67
2012.12.17 09:39:38.626,1.10165,1.10179,1.88,2.48
2012.12.17 09:39:40.186,1.10165,1.1018,1.13,4.73
2012.12.17 09:39:40.426,1.10165,1.1018,1.88,1.73
2012.12.17 09:39:40.966,1.10168,1.10181,1.13,2.29
2012.12.17 09:39:42.615,1.10169,1.10181,1.65,1.73
2012.12.17 09:39:43.515,1.10165,1.10181,1.88,1.73
2012.12.17 09:39:43.817,1.10165,1.10177,1.50,1.13
2012.12.17 09:39:44.357,1.10165,1.10173,1.50,3.41
2012.12.17 09:39:44.862,1.10162,1.10173,1.50,1.73
2012.12.17 09:39:44.986,1.1016,1.10175,1.65,1.73
2012.12.17 09:39:45.166,1.1016,1.10175,1.13,2.48
2012.12.17 09:39:45.526,1.10161,1.10174,2.48,1.73
2012.12.17 09:39:45.886,1.10163,1.10175,1.13,1.50
2012.12.17 09:39:46.376,1.10164,1.10176,1.13,1.50
2012.12.17 09:39:47.137,1.10161,1.10176,1.35,3.00
2012.12.17 09:39:48.209,1.10161,1.10175,2.10,1.13
2012.12.17 09:39:50.226,1.10159,1.10173,2.25,2.48
2012.12.17 09:39:50.706,1.10159,1.10173,1.35,2.48
2012.12.17 09:39:53.847,1.10161,1.10175,1.35,1.35
2012.12.17 09:39:59.145,1.1016,1.10173,1.35,1.73
2012.12.17 09:39:59.985,1.1016,1.10175,1.13,1.73
2012.12.17 09:40:00.515,1.1016,1.10176,1.13,5.48
2012.12.17 09:40:01.340,1.10158,1.10173,2.48,1.13
2012.12.17 09:40:02.389,1.10156,1.1017,1.88,1.73
2012.12.17 09:40:02.756,1.10155,1.10168,1.73,1.13
2012.12.17 09:40:03.116,1.10157,1.10171,1.92,1.13
2012.12.17 09:40:03.296,1.10158,1.10173,1.13,4.13
2012.12.17 09:40:03.655,1.10156,1.10168,1.73,1.50
2012.12.17 09:40:03.776,1.10154,1.10168,3.98,1.88
2012.12.17 09:40:06.746,1.10153,1.10169,3.23,4.88
2012.12.17 09:40:09.216,1.10155,1.10167,1.13,1.13
2012.12.17 09:40:09.527,1.10159,1.1017,1.50,1.13
2012.12.17 09:40:09.647,1.10158,1.1017,1.65,1.13
2012.12.17 09:40:10.158,1.10158,1.10171,1.88,2.40
2012.12.17 09:40:10.906,1.1016,1.10172,1.73,1.35
2012.12.17 09:40:11.826,1.10161,1.10175,1.65,4.88
2012.12.17 09:40:11.887,1.10161,1.10175,2.63,4.88
2012.12.17 09:40:12.327,1.10161,1.10175,2.63,1.88
2012.12.17 09:40:14.586,1.10164,1.10176,2.30,1.13
2012.12.17 09:40:14.646,1.10165,1.10177,1.13,1.88
2012.12.17 09:40:14.706,1.10165,1.1018,1.13,1.73
2012.12.17 09:40:19.895,1.10165,1.10181,3.60,4.35
2012.12.17 09:40:20.456,1.10165,1.10178,2.85,1.50
2012.12.17 09:40:20.985,1.10165,1.1018,2.85,2.63
2012.12.17 09:40:22.817,1.10169,1.10182,1.13,1.13
2012.12.17 09:40:23.356,1.10171,1.10184,1.73,2.48
2012.12.17 09:40:24.915,1.10171,1.10184,1.50,2.48
2012.12.17 09:40:25.481,1.10171,1.10184,1.50,2.48
2012.12.17 09:40:27.616,1.1017,1.10184,1.73,3.23
2012.12.17 09:40:32.383,1.10174,1.10184,3.75,2.10
2012.12.17 09:40:32.507,1.10174,1.10184,3.90,1.73
2012.12.17 09:40:32.566,1.10174,1.10185,4.88,1.50
2012.12.17 09:40:33.997,1.10174,1.10185,4.88,1.50
2012.12.17 09:40:35.176,1.10175,1.10185,3.98,1.50
2012.12.17 09:40:35.816,1.10173,1.10185,1.13,1.50
2012.12.17 09:40:36.056,1.10172,1.10184,1.88,1.65
2012.12.17 09:40:37.815,1.10177,1.10184,3.75,1.50
2012.12.17 09:40:37.881,1.10177,1.10186,3.90,1.50
2012.12.17 09:40:38.246,1.1018,1.10189,3.75,1.88
2012.12.17 09:40:38.366,1.1018,1.10189,3.75,1.88
2012.12.17 09:40:39.116,1.10181,1.1019,1.13,1.50
2012.12.17 09:40:39.236,1.10181,1.1019,1.13,1.50
2012.12.17 09:40:39.357,1.10182,1.10193,1.13,1.50
2012.12.17 09:40:39.615,1.10179,1.10193,1.13,1.88
2012.12.17 09:40:39.867,1.10182,1.10193,1.13,1.50
2012.12.17 09:40:40.227,1.10186,1.10197,1.13,2.48
2012.12.17 09:40:40.529,1.10186,1.10199,1.50,1.09
2012.12.17 09:40:41.076,1.10187,1.102,1.13,3.98
2012.12.17 09:40:43.991,1.10189,1.10202,1.13,2.48
2012.12.17 09:40:44.063,1.10192,1.10203,1.88,1.50
2012.12.17 09:40:44.137,1.10192,1.10206,1.88,2.81
2012.12.17 09:40:46.948,1.10196,1.10206,1.13,1.50
2012.12.17 09:40:47.017,1.10196,1.10207,1.13,1.50
2012.12.17 09:40:47.766,1.10199,1.10207,1.13,1.50
2012.12.17 09:40:47.826,1.10195,1.10207,1.88,1.73
2012.12.17 09:40:49.862,1.10194,1.10208,1.50,2.44
2012.12.17 09:40:50.006,1.10194,1.10208,1.50,2.44
2012.12.17 09:40:50.518,1.10191,1.10201,1.73,1.31
2012.12.17 09:40:50.577,1.1019,1.10201,1.50,1.54
2012.12.17 09:40:50.697,1.10189,1.10201,2.25,1.54
2012.12.17 09:40:50.876,1.10186,1.102,3.75,3.23
2012.12.17 09:40:53.757,1.10184,1.10198,2.63,1.88
2012.12.17 09:40:53.817,1.10182,1.10196,1.35,1.73
2012.12.17 09:40:53.879,1.10182,1.10196,1.35,3.23
2012.12.17 09:40:54.006,1.10179,1.10193,6.23,3.41
2012.12.17 09:40:54.066,1.10179,1.1019,6.00,1.54
2012.12.17 09:40:54.306,1.10177,1.10188,1.50,1.13
2012.12.17 09:40:54.727,1.10176,1.10188,1.50,1.13
2012.12.17 09:40:54.847,1.10176,1.10188,1.50,1.13
2012.12.17 09:40:54.967,1.10176,1.10189,1.88,1.73
2012.12.17 09:40:55.513,1.10173,1.10188,1.50,1.73
2012.12.17 09:40:55.816,1.10172,1.10188,3.23,1.88
2012.12.17 09:40:55.876,1.10172,1.10188,3.23,1.88
2012.12.17 09:40:58.737,1.10172,1.10183,2.48,1.31
2012.12.17 09:40:58.918,1.10172,1.10183,1.73,2.29
2012.12.17 09:40:59.037,1.10172,1.10179,1.50,1.50
2012.12.17 09:40:59.397,1.10167,1.10179,1.88,1.73
2012.12.17 09:40:59.518,1.10164,1.10178,4.55,1.73
2012.12.17 09:40:59.803,1.10164,1.10178,1.13,1.73
2012.12.17 09:41:00.359,1.10165,1.10179,2.63,3.23
2012.12.17 09:41:00.905,1.10167,1.1018,1.65,1.73
2012.12.17 09:41:02.646,1.10167,1.10182,3.38,3.83
2012.12.17 09:41:03.207,1.10168,1.10182,1.65,2.70
2012.12.17 09:41:03.786,1.10168,1.10182,1.65,2.10
2012.12.17 09:41:04.265,1.10165,1.10178,1.05,1.73
2012.12.17 09:41:04.867,1.10164,1.10177,3.75,1.73
2012.12.17 09:41:04.986,1.10164,1.10177,1.88,2.48
2012.12.17 09:41:05.046,1.10163,1.10177,1.13,1.73
2012.12.17 09:41:05.166,1.10162,1.10177,1.13,3.23
2012.12.17 09:41:05.406,1.10159,1.10174,1.50,1.13
2012.12.17 09:41:05.646,1.10158,1.10173,1.13,1.73
2012.12.17 09:41:06.766,1.10158,1.10174,1.88,1.13
2012.12.17 09:41:08.186,1.10158,1.10172,1.88,1.73
2012.12.17 09:41:08.606,1.10158,1.10174,1.88,1.13
2012.12.17 09:41:08.725,1.10163,1.10176,1.35,2.63
2012.12.17 09:41:09.267,1.10164,1.10179,3.00,1.73
2012.12.17 09:41:09.567,1.10161,1.10176,4.80,1.13
2012.12.17 09:41:09.626,1.10161,1.10176,1.80,1.13
2012.12.17 09:41:09.927,1.10158,1.10168,1.73,1.13
2012.12.17 09:41:10.298,1.10151,1.10166,3.00,1.35
2012.12.17 09:41:10.546,1.10151,1.10166,3.00,1.35
2012.12.17 09:41:11.646,1.10151,1.10167,3.23,3.23
2012.12.17 09:41:16.809,1.10149,1.10163,3.15,3.04
2012.12.17 09:41:17.117,1.10149,1.10165,1.88,3.75
2012.12.17 09:41:17.356,1.1015,1.10165,1.88,3.75
2012.12.17 09:41:19.598,1.1015,1.10165,2.63,1.88
2012.12.17 09:41:20.148,1.10148,1.10161,1.73,1.65
2012.12.17 09:41:20.507,1.10148,1.10161,1.50,1.13
2012.12.17 09:41:21.138,1.10145,1.10161,4.13,1.88
2012.12.17 09:41:21.256,1.10145,1.10161,3.38,1.88
2012.12.17 09:41:21.377,1.10145,1.10159,1.88,1.13
2012.12.17 09:41:21.966,1.10144,1.10159,1.88,1.88
2012.12.17 09:41:22.616,1.10144,1.10159,1.65,1.88
2012.12.17 09:41:23.123,1.10144,1.10159,1.65,1.13
2012.12.17 09:41:23.857,1.10144,1.10159,1.65,1.13
2012.12.17 09:41:24.417,1.10145,1.10159,1.13,1.13
2012.12.17 09:41:25.208,1.10146,1.10162,2.63,4.50
2012.12.17 09:41:25.278,1.10146,1.10162,2.63,4.50
2012.12.17 09:41:25.586,1.10149,1.10162,1.73,2.03
2012.12.17 09:41:26.516,1.10152,1.10162,1.88,1.13
2012.12.17 09:41:26.859,1.10154,1.10169,1.13,2.93
2012.12.17 09:41:26.927,1.10153,1.10166,1.88,1.05
2012.12.17 09:41:27.227,1.10152,1.10166,1.73,1.50
2012.12.17 09:41:27.286,1.10152,1.10166,1.50,1.50
2012.12.17 09:41:30.186,1.10151,1.10166,1.73,2.25
2012.12.17 09:41:31.247,1.10153,1.10166,1.13,2.10
2012.12.17 09:41:32.798,1.1015,1.10165,2.82,1.13
2012.12.17 09:41:33.386,1.10151,1.10166,1.65,2.10
2012.12.17 09:41:34.937,1.10153,1.10166,1.13,2.10
2012.12.17 09:41:42.399,1.10156,1.10168,1.13,1.73
2012.12.17 09:41:42.470,1.10156,1.1017,2.10,3.60
2012.12.17 09:41:42.717,1.10159,1.10172,1.50,3.23
2012.12.17 09:41:42.778,1.10159,1.10172,1.73,3.23
2012.12.17 09:41:43.326,1.1016,1.10172,1.35,2.55
2012.12.17 09:41:43.925,1.1016,1.10172,1.35,1.05
2012.12.17 09:41:44.496,1.1016,1.10172,1.13,1.05
2012.12.17 09:41:44.556,1.10159,1.10172,2.40,1.05
2012.12.17 09:41:44.987,1.10157,1.10172,1.13,2.85
2012.12.17 09:41:45.847,1.10155,1.1017,1.13,1.73
2012.12.17 09:41:46.216,1.10154,1.10168,1.28,3.23
2012.12.17 09:41:46.469,1.10153,1.10166,2.85,1.73
2012.12.17 09:41:46.538,1.10157,1.10168,1.13,1.50
2012.12.17 09:41:47.137,1.10157,1.10168,1.13,1.73
2012.12.17 09:41:47.647,1.10157,1.10168,1.13,1.73
2012.12.17 09:41:48.837,1.10157,1.1017,2.10,2.10
2012.12.17 09:41:49.721,1.10156,1.1017,1.88,1.50
2012.12.17 09:41:50.026,1.10156,1.10169,1.50,1.13
2012.12.17 09:41:50.087,1.10156,1.10169,1.50,1.13
2012.12.17 09:41:50.668,1.10154,1.10168,2.67,3.98
2012.12.17 09:41:51.026,1.10156,1.10168,1.17,1.73
2012.12.17 09:41:53.296,1.10155,1.10169,1.73,2.25
2012.12.17 09:41:54.076,1.10155,1.10169,1.92,2.25
2012.12.17 09:41:54.756,1.10156,1.10169,1.17,2.25
2012.12.17 09:41:55.365,1.10155,1.10169,1.92,2.25
2012.12.17 09:41:56.937,1.10157,1.1017,1.13,2.48
2012.12.17 09:41:57.116,1.10157,1.1017,1.35,1.73
2012.12.17 09:41:57.656,1.10158,1.10172,1.35,2.48
2012.12.17 09:41:58.116,1.10158,1.10172,2.10,1.73
2012.12.17 09:42:00.357,1.10159,1.10172,1.13,1.73
2012.12.17 09:42:00.836,1.10157,1.10172,2.10,1.73
2012.12.17 09:42:02.247,1.10157,1.10163,1.20,1.50
2012.12.17 09:42:03.015,1.10151,1.10165,2.45,8.63
2012.12.17 09:42:03.094,1.10136,1.10152,1.50,2.10
2012.12.17 09:42:03.569,1.10135,1.10152,1.71,2.10
2012.12.17 09:42:04.106,1.10135,1.10152,1.71,2.10
2012.12.17 09:42:04.189,1.10135,1.10152,1.71,2.10
2012.12.17 09:42:04.317,1.10135,1.10152,1.71,2.10
2012.12.17 09:42:04.856,1.10136,1.10152,1.73,2.85
2012.12.17 09:42:05.727,1.10135,1.10149,2.48,1.73
2012.12.17 09:42:06.256,1.10135,1.10147,1.73,1.50
2012.12.17 09:42:06.956,1.10139,1.10151,1.13,1.73
2012.12.17 09:42:07.017,1.10139,1.10152,1.88,1.35
2012.12.17 09:42:07.137,1.10141,1.10155,2.85,1.73
2012.12.17 09:42:07.197,1.10144,1.10155,1.13,1.73
2012.12.17 09:42:07.557,1.10152,1.10163,1.35,1.88
2012.12.17 09:42:07.617,1.10148,1.10162,1.35,1.13
2012.12.17 09:42:07.752,1.10153,1.10161,1.13,2.25
2012.12.17 09:42:07.825,1.10148,1.10162,2.03,1.73
2012.12.17 09:42:07.888,1.10152,1.10161,1.35,1.50
2012.12.17 09:42:08.006,1.10151,1.10162,1.17,1.73
2012.12.17 09:42:08.130,1.1015,1.10158,1.32,1.50
2012.12.17 09:42:08.257,1.10151,1.10163,1.50,1.73
2012.12.17 09:42:08.756,1.10151,1.10163,1.17,1.73
2012.12.17 09:42:08.996,1.1015,1.10163,1.32,1.73
2012.12.17 09:42:09.641,1.10151,1.10163,1.50,1.73
2012.12.17 09:42:10.907,1.10149,1.10162,1.35,1.73
2012.12.17 09:42:11.269,1.10144,1.10156,2.25,1.73
2012.12.17 09:42:11.845,1.10144,1.10157,2.25,2.48
2012.12.17 09:42:12.826,1.10145,1.10157,1.50,2.48
2012.12.17 09:42:13.547,1.10145,1.10157,1.17,1.73
2012.12.17 09:42:15.057,1.10144,1.10156,1.70,1.13
2012.12.17 09:42:15.116,1.10143,1.10156,1.50,1.13
2012.12.17 09:42:15.748,1.10141,1.10151,2.25,1.73
2012.12.17 09:42:16.110,1.10139,1.1015,1.50,3.38
2012.12.17 09:42:16.178,1.10139,1.10149,1.50,1.73
2012.12.17 09:42:16.239,1.10137,1.10149,1.50,1.73
2012.12.17 09:42:16.308,1.10135,1.10149,3.75,1.73
2012.12.17 09:42:16.979,1.10133,1.10149,2.30,1.73
2012.12.17 09:42:17.120,1.10137,1.1015,1.13,2.10
2012.12.17 09:42:17.427,1.10141,1.10152,2.25,2.63
2012.12.17 09:42:17.726,1.1014,1.10152,1.50,1.13
2012.12.17 09:42:20.168,1.10137,1.10152,1.13,2.63
2012.12.17 09:42:20.228,1.10136,1.10151,3.38,2.48
2012.12.17 09:42:20.767,1.10137,1.1015,1.10,1.73
2012.12.17 09:42:22.758,1.10139,1.10154,2.45,1.73
2012.12.17 09:42:25.348,1.10141,1.10154,1.50,1.88
2012.12.17 09:42:25.907,1.1014,1.10153,1.70,1.13
2012.12.17 09:42:28.117,1.10138,1.10152,1.73,1.13
2012.12.17 09:42:28.299,1.10137,1.10152,2.07,1.13
2012.12.17 09:42:28.837,1.10137,1.10151,1.32,1.73
2012.12.17 09:42:30.936,1.10137,1.10152,1.17,2.63
2012.12.17 09:42:31.456,1.10137,1.10152,4.17,1.88
2012.12.17 09:42:32.647,1.1014,1.10153,2.25,1.35
2012.12.17 09:42:33.156,1.1014,1.10154,1.50,1.50
2012.12.17 09:42:33.706,1.10139,1.10152,1.92,1.13
2012.12.17 09:42:34.095,1.10141,1.10155,2.25,2.25
2012.12.17 09:42:40.555,1.10139,1.10154,3.42,1.73
2012.12.17 09:42:45.775,1.10141,1.10155,1.50,1.88
2012.12.17 09:42:46.947,1.10141,1.10155,1.50,1.13
2012.12.17 09:42:47.485,1.1014,1.10155,1.50,1.88
2012.12.17 09:42:48.143,1.1014,1.10154,1.50,1.73
2012.12.17 09:42:48.736,1.1014,1.10154,1.73,1.73
2012.12.17 09:42:50.675,1.1014,1.10155,1.80,1.73
2012.12.17 09:42:51.670,1.10141,1.10155,1.13,1.73
2012.12.17 09:42:56.381,1.10141,1.10155,3.98,2.07
2012.12.17 09:42:59.447,1.10141,1.10155,3.23,1.32
2012.12.17 09:43:00.451,1.10141,1.10155,3.15,1.13
2012.12.17 09:43:01.376,1.10141,1.10155,3.15,1.13
2012.12.17 09:43:01.889,1.10143,1.10157,1.73,1.13
2012.12.17 09:43:02.075,1.10144,1.10158,1.92,2.48
2012.12.17 09:43:02.196,1.10144,1.10159,1.92,3.23
2012.12.17 09:43:04.307,1.10145,1.10159,1.73,2.48
2012.12.17 09:43:04.878,1.10145,1.10159,1.65,2.25
2012.12.17 09:43:09.985,1.10145,1.10159,1.17,3.15
2012.12.17 09:43:10.345,1.10146,1.10161,1.13,3.75
2012.12.17 09:43:12.805,1.10146,1.10161,2.07,3.75
2012.12.17 09:43:13.477,1.10147,1.10161,1.73,2.25
2012.12.17 09:43:14.898,1.10147,1.10157,1.50,2.25
2012.12.17 09:43:14.968,1.10144,1.10155,1.73,1.13
2012.12.17 09:43:15.505,1.10142,1.10157,2.48,2.63
2012.12.17 09:43:16.495,1.10142,1.10157,1.73,2.63
2012.12.17 09:43:19.845,1.10141,1.10157,1.92,3.38
2012.12.17 09:43:21.176,1.10142,1.10157,1.73,1.13
2012.12.17 09:43:25.346,1.10142,1.10157,1.73,1.13
2012.12.17 09:43:27.106,1.10142,1.10157,1.73,1.13
2012.12.17 09:43:32.076,1.10142,1.10157,1.73,1.13
2012.12.17 09:43:33.086,1.10142,1.10158,1.88,2.48
2012.12.17 09:43:37.557,1.10143,1.10157,1.88,1.73
2012.12.17 09:43:38.736,1.10144,1.10157,1.73,1.73
2012.12.17 09:43:40.446,1.10144,1.10157,1.65,1.73
2012.12.17 09:43:43.559,1.10143,1.10157,1.73,2.48
2012.12.17 09:43:46.386,1.10144,1.10158,1.73,1.73
2012.12.17 09:43:47.505,1.10144,1.10153,1.73,1.50
2012.12.17 09:43:48.016,1.10142,1.10153,1.73,1.50
2012.12.17 09:43:54.197,1.10143,1.10153,1.73,1.50
2012.12.17 09:43:56.036,1.10141,1.10152,1.73,1.50
2012.12.17 09:43:56.337,1.10139,1.10148,1.88,1.50
2012.12.17 09:43:56.696,1.10139,1.10146,1.73,1.50
2012.12.17 09:43:56.876,1.10139,1.10146,1.73,1.50
2012.12.17 09:43:57.616,1.10136,1.10144,1.73,4.13
2012.12.17 09:43:57.736,1.10132,1.10143,1.50,1.13
2012.12.17 09:43:57.796,1.10128,1.10139,3.60,3.75
2012.12.17 09:43:58.118,1.10125,1.10138,1.50,1.88
2012.12.17 09:43:58.585,1.10124,1.10138,1.65,1.88
2012.12.17 09:43:59.315,1.10123,1.10137,2.48,3.04
2012.12.17 09:43:59.675,1.10121,1.10134,2.48,1.13
2012.12.17 09:44:00.435,1.10121,1.10134,4.13,1.13
2012.12.17 09:44:00.975,1.10122,1.10134,1.73,1.13
2012.12.17 09:44:01.516,1.10122,1.10135,1.73,2.48
2012.12.17 09:44:01.827,1.10122,1.10137,3.23,2.10
2012.12.17 09:44:02.137,1.10124,1.10139,1.73,1.73
2012.12.17 09:44:02.675,1.10124,1.10139,3.23,1.73
2012.12.17 09:44:04.265,1.10124,1.10137,3.98,1.69
2012.12.17 09:44:05.316,1.10124,1.10136,1.73,1.13
2012.12.17 09:44:05.857,1.10121,1.10133,2.48,1.50
2012.12.17 09:44:06.716,1.10121,1.10133,1.50,1.88
2012.12.17 09:44:06.837,1.10119,1.10127,1.50,1.73
2012.12.17 09:44:06.896,1.10117,1.10127,2.48,1.73
2012.12.17 09:44:06.956,1.10117,1.10127,2.48,1.50
2012.12.17 09:44:07.906,1.10116,1.10131,3.23,3.04
2012.12.17 09:44:09.066,1.10117,1.1013,1.73,1.35
2012.12.17 09:44:09.307,1.10119,1.10132,1.73,1.73
2012.12.17 09:44:09.366,1.1012,1.10133,1.73,2.25
2012.12.17 09:44:09.870,1.1012,1.10133,1.73,1.50
2012.12.17 09:44:10.246,1.1012,1.10133,1.73,1.50
2012.12.17 09:44:11.646,1.1012,1.10132,1.73,1.50
2012.12.17 09:44:12.886,1.10119,1.10129,2.48,1.31
2012.12.17 09:44:13.425,1.10117,1.1013,1.88,1.50
2012.12.17 09:44:16.177,1.10119,1.1013,1.65,1.50
2012.12.17 09:44:19.674,1.10119,1.1013,1.65,1.50
2012.12.17 09:44:20.495,1.10118,1.1013,1.73,1.50
2012.12.17 09:44:20.675,1.1012,1.1013,1.73,1.50
2012.12.17 09:44:26.328,1.10118,1.1013,1.88,1.50
2012.12.17 09:44:27.215,1.10118,1.10132,1.88,2.25
2012.12.17 09:44:28.955,1.1012,1.10134,2.48,2.06
2012.12.17 09:44:29.376,1.10119,1.10132,2.48,1.73
2012.12.17 09:44:29.925,1.10118,1.10132,1.13,1.73
2012.12.17 09:44:30.485,1.10118,1.10132,1.13,1.73
2012.12.17 09:44:31.267,1.10119,1.10132,2.48,1.73
2012.12.17 09:44:32.496,1.10119,1.1013,2.48,2.06
2012.12.17 09:44:33.227,1.10119,1.10133,1.88,1.91
2012.12.17 09:44:33.408,1.1012,1.1013,1.28,2.06
2012.12.17 09:44:33.946,1.10119,1.10132,2.63,1.35
2012.12.17 09:44:34.497,1.1012,1.10133,1.13,1.50
2012.12.17 09:44:35.547,1.1012,1.10133,1.13,1.50
2012.12.17 09:44:36.086,1.10121,1.10136,1.73,1.73
2012.12.17 09:44:36.207,1.10123,1.10138,1.13,1.47
2012.12.17 09:44:36.510,1.10133,1.10139,3.75,1.62
2012.12.17 09:44:36.697,1.10134,1.10145,1.88,1.50
2012.12.17 09:44:36.949,1.10134,1.10145,1.88,1.13
2012.12.17 09:44:37.886,1.10134,1.10146,1.88,2.06
2012.12.17 09:44:38.926,1.10137,1.10147,1.35,1.31
2012.12.17 09:44:39.046,1.1014,1.10153,1.13,3.56
2012.12.17 09:44:39.749,1.10141,1.10152,1.13,1.31
2012.12.17 09:44:40.280,1.10141,1.10153,1.13,2.25
2012.12.17 09:44:42.866,1.10141,1.10153,1.13,3.00
2012.12.17 09:44:43.507,1.10141,1.10153,1.13,3.56
2012.12.17 09:44:46.718,1.10141,1.10153,1.13,2.25
2012.12.17 09:44:47.228,1.10141,1.10156,2.48,1.73
2012.12.17 09:44:47.416,1.10145,1.10159,1.73,1.13
2012.12.17 09:44:47.536,1.10148,1.10159,1.73,1.13
2012.12.17 09:44:47.836,1.10151,1.10163,1.73,3.00
2012.12.17 09:44:48.256,1.10149,1.10165,2.48,1.73
2012.12.17 09:44:49.095,1.10149,1.10167,3.23,1.88
2012.12.17 09:44:49.516,1.10155,1.10169,3.23,2.25
2012.12.17 09:44:49.635,1.10156,1.1017,1.35,1.73
2012.12.17 09:44:49.875,1.10155,1.10169,2.85,1.50
2012.12.17 09:44:50.195,1.10151,1.1016,1.13,1.50
2012.12.17 09:44:50.256,1.10151,1.10159,1.13,1.50
2012.12.17 09:44:50.436,1.10148,1.10159,1.13,1.50
2012.12.17 09:44:51.095,1.10142,1.10155,2.12,1.50
2012.12.17 09:44:51.156,1.10142,1.10155,2.07,1.50
2012.12.17 09:44:52.977,1.10142,1.10157,1.13,3.23
2012.12.17 09:44:53.036,1.10142,1.10157,1.13,3.00
2012.12.17 09:44:54.845,1.10144,1.10159,3.23,1.73
2012.12.17 09:44:56.396,1.10148,1.10162,4.73,1.73
2012.12.17 09:44:56.517,1.10148,1.10162,4.73,1.50
2012.12.17 09:44:56.875,1.10149,1.10164,2.67,1.13
2012.12.17 09:44:58.281,1.10149,1.10164,2.48,1.13
2012.12.17 09:44:58.586,1.10149,1.10163,1.73,3.15
2012.12.17 09:44:58.645,1.10149,1.10163,1.73,3.38
2012.12.17 09:44:59.009,1.10148,1.10162,4.73,1.73
2012.12.17 09:44:59.545,1.10146,1.10162,3.23,1.88
2012.12.17 09:44:59.627,1.10148,1.10162,1.13,1.73
2012.12.17 09:45:00.109,1.10145,1.10161,2.48,1.65
2012.12.17 09:45:00.176,1.10145,1.10158,2.48,1.73
2012.12.17 09:45:01.037,1.10143,1.10157,1.88,1.73
2012.12.17 09:45:01.096,1.10142,1.10155,2.48,2.81
2012.12.17 09:45:01.395,1.10139,1.10153,3.75,1.50
2012.12.17 09:45:02.256,1.10137,1.10151,2.48,2.40
2012.12.17 09:45:02.376,1.10136,1.10148,1.73,1.13
2012.12.17 09:45:02.496,1.10133,1.10147,2.63,2.63
2012.12.17 09:45:02.617,1.10133,1.10147,2.63,2.63
2012.12.17 09:45:03.046,1.10133,1.10147,3.23,2.40
2012.12.17 09:45:04.036,1.10133,1.10147,2.48,1.88
2012.12.17 09:45:04.096,1.10133,1.10147,2.48,1.88
2012.12.17 09:45:04.935,1.10133,1.10147,2.48,1.88
2012.12.17 09:45:06.027,1.10133,1.10146,2.48,2.06
2012.12.17 09:45:06.221,1.10133,1.10145,2.48,1.73
2012.12.17 09:45:06.526,1.10133,1.10144,2.25,1.13
2012.12.17 09:45:09.625,1.10132,1.10145,2.48,1.88
2012.12.17 09:45:09.685,1.10132,1.10145,2.48,1.13
2012.12.17 09:45:10.186,1.10132,1.10145,2.48,1.13
2012.12.17 09:45:12.268,1.1013,1.10144,2.48,1.13
2012.12.17 09:45:12.866,1.10128,1.10143,2.48,1.73
2012.12.17 09:45:13.067,1.1013,1.10144,2.48,1.13
2012.12.17 09:45:13.246,1.1013,1.10144,2.48,1.13
2012.12.17 09:45:13.566,1.1013,1.10144,2.48,1.13
2012.12.17 09:45:14.107,1.1013,1.10142,2.48,1.73
2012.12.17 09:45:14.856,1.1013,1.10144,2.48,2.48
2012.12.17 09:45:18.108,1.10132,1.10145,2.48,1.73
2012.12.17 09:45:18.941,1.10132,1.10145,1.73,2.48
2012.12.17 09:45:21.055,1.10132,1.10145,2.48,1.73
2012.12.17 09:45:22.416,1.10132,1.10145,2.48,1.73
2012.12.17 09:45:23.436,1.10132,1.10145,2.48,1.73
2012.12.17 09:45:28.396,1.10133,1.10147,1.88,2.25
2012.12.17 09:45:28.834,1.10135,1.10147,1.13,2.25
2012.12.17 09:45:36.766,1.10134,1.10146,1.13,1.50
2012.12.17 09:45:37.276,1.10134,1.10148,1.88,1.50
2012.12.17 09:45:41.686,1.10135,1.10149,1.13,1.50
2012.12.17 09:45:42.205,1.10135,1.1015,1.13,1.73
2012.12.17 09:45:44.675,1.10135,1.1015,2.63,1.73
2012.12.17 09:45:49.456,1.10135,1.1015,2.63,1.73
2012.12.17 09:45:49.635,1.10135,1.1015,2.63,1.73
2012.12.17 09:45:50.795,1.10135,1.1015,2.63,1.73
2012.12.17 09:45:54.277,1.10137,1.10152,1.13,3.23
2012.12.17 09:45:54.850,1.10137,1.1015,1.13,1.73
2012.12.17 09:45:55.375,1.10137,1.10153,1.13,2.48
2012.12.17 09:45:55.677,1.1014,1.10155,1.13,1.73
2012.12.17 09:45:55.736,1.10141,1.10155,1.13,1.73
2012.12.17 09:45:59.185,1.10141,1.10157,2.63,1.73
2012.12.17 09:45:59.546,1.10141,1.10153,2.48,1.31
2012.12.17 09:45:59.666,1.10141,1.10152,1.50,1.73
2012.12.17 09:45:59.726,1.10139,1.10152,1.13,1.73
2012.12.17 09:46:00.250,1.10139,1.1015,1.13,1.73
2012.12.17 09:46:00.319,1.10139,1.10151,1.13,2.29
2012.12.17 09:46:01.897,1.10136,1.1015,1.50,1.73
2012.12.17 09:46:02.267,1.10136,1.10152,1.13,3.98
2012.12.17 09:46:04.867,1.10135,1.10149,3.75,1.73
2012.12.17 09:46:07.201,1.10135,1.1015,1.88,1.73
2012.12.17 09:46:08.655,1.10136,1.1015,1.73,1.73
2012.12.17 09:46:11.274,1.10137,1.10151,1.50,2.29
2012.12.17 09:46:11.426,1.1014,1.10155,1.73,5.66
2012.12.17 09:46:11.617,1.10141,1.10155,2.48,2.10
2012.12.17 09:46:11.977,1.10142,1.10156,1.13,2.48
2012.12.17 09:46:13.347,1.10144,1.10158,1.73,3.04
2012.12.17 09:46:13.687,1.1015,1.1016,2.63,1.50
2012.12.17 09:46:13.927,1.1015,1.10165,2.63,2.25
2012.12.17 09:46:14.046,1.10151,1.10167,1.13,2.48
2012.12.17 09:46:16.246,1.10151,1.10167,1.88,3.23
2012.12.17 09:46:17.348,1.1015,1.10166,2.85,1.35
2012.12.17 09:46:17.537,1.10147,1.1016,2.25,3.79
2012.12.17 09:46:17.657,1.10143,1.10155,2.48,2.06
2012.12.17 09:46:17.718,1.10143,1.10155,2.48,2.29
2012.12.17 09:46:17.906,1.10141,1.10155,1.50,2.29
2012.12.17 09:46:18.048,1.10141,1.10156,1.50,1.13
2012.12.17 09:46:21.497,1.10141,1.10156,1.50,1.88
2012.12.17 09:46:22.046,1.10142,1.10156,1.73,1.13
2012.12.17 09:46:22.928,1.10144,1.10158,3.60,2.29
2012.12.17 09:46:23.236,1.10148,1.10162,3.00,1.13
2012.12.17 09:46:23.536,1.10151,1.10165,1.65,2.48
2012.12.17 09:46:23.656,1.10152,1.10166,1.50,3.94
2012.12.17 09:46:24.486,1.10152,1.10166,1.50,3.19
2012.12.17 09:46:24.548,1.10151,1.10163,1.88,1.54
2012.12.17 09:46:25.026,1.10151,1.10164,1.88,1.73
2012.12.17 09:46:25.086,1.10151,1.10164,1.88,1.73
2012.12.17 09:46:25.208,1.10151,1.10161,1.73,1.31
2012.12.17 09:46:25.571,1.10144,1.10157,1.50,1.88
2012.12.17 09:46:26.486,1.10142,1.10156,1.13,1.73
2012.12.17 09:46:27.026,1.10143,1.10158,1.73,3.19
2012.12.17 09:46:27.567,1.10143,1.10157,2.48,1.73
2012.12.17 09:46:31.766,1.10143,1.10154,1.73,1.31
2012.12.17 09:46:32.345,1.10141,1.10153,2.48,2.44
2012.12.17 09:46:32.415,1.10139,1.10153,1.73,2.44
2012.12.17 09:46:34.256,1.10141,1.10153,1.73,1.69
2012.12.17 09:46:34.377,1.1014,1.10153,1.73,1.69
2012.12.17 09:46:34.481,1.10141,1.10153,1.73,1.69
2012.12.17 09:46:34.728,1.10141,1.10155,2.63,1.13
2012.12.17 09:46:35.086,1.10141,1.10154,2.63,1.54
2012.12.17 09:46:35.266,1.10141,1.10154,2.63,1.54
2012.12.17 09:46:38.197,1.10141,1.10152,1.88,1.73
2012.12.17 09:46:38.496,1.10136,1.1015,2.63,1.73
2012.12.17 09:46:38.620,1.10136,1.10148,1.50,1.69
2012.12.17 09:46:38.805,1.10133,1.10148,1.73,1.31
2012.12.17 09:46:38.865,1.10133,1.10149,1.73,1.88
2012.12.17 09:46:39.107,1.10135,1.10149,2.48,1.88
2012.12.17 09:46:40.226,1.10137,1.1015,1.13,2.29
2012.12.17 09:46:40.527,1.10139,1.1015,1.73,1.31
2012.12.17 09:46:40.648,1.10141,1.10153,1.13,1.13
2012.12.17 09:46:41.192,1.10144,1.10155,1.73,3.19
2012.12.17 09:46:41.936,1.10144,1.10158,1.73,1.88
2012.12.17 09:46:43.417,1.10144,1.10156,1.50,1.54
2012.12.17 09:46:48.337,1.10142,1.10157,2.48,1.73
2012.12.17 09:46:49.196,1.10142,1.10157,1.73,2.48
2012.12.17 09:46:50.126,1.10141,1.10156,1.13,2.29
2012.12.17 09:46:50.851,1.1014,1.10154,2.48,1.13
2012.12.17 09:46:52.236,1.10141,1.10155,1.73,1.13
2012.12.17 09:46:52.855,1.10142,1.10156,2.48,1.54
2012.12.17 09:46:52.916,1.10142,1.10156,2.48,1.54
2012.12.17 09:46:53.037,1.10143,1.10158,3.23,1.13
2012.12.17 09:46:53.156,1.10145,1.10159,2.25,1.88
2012.12.17 09:46:53.466,1.10147,1.10161,1.50,1.50
2012.12.17 09:46:54.087,1.10147,1.10163,3.75,1.50
2012.12.17 09:46:56.297,1.10147,1.10163,3.75,1.50
2012.12.17 09:46:56.875,1.10149,1.10163,3.00,1.65
2012.12.17 09:46:59.575,1.10149,1.10163,2.25,1.65
2012.12.17 09:47:01.057,1.10149,1.10163,3.00,1.65
2012.12.17 09:47:01.426,1.10149,1.10162,3.00,1.88
2012.12.17 09:47:01.545,1.10149,1.10162,1.50,1.65
2012.12.17 09:47:03.277,1.10149,1.10164,3.23,1.65
2012.12.17 09:47:03.647,1.10149,1.10162,1.73,1.13
2012.12.17 09:47:04.126,1.1015,1.10163,1.73,1.13
2012.12.17 09:47:05.797,1.10151,1.10165,1.73,1.35
2012.12.17 09:47:05.919,1.10152,1.10166,2.48,1.50
2012.12.17 09:47:06.456,1.10152,1.10167,2.48,3.19
2012.12.17 09:47:07.396,1.10151,1.10167,2.63,3.94
2012.12.17 09:47:07.875,1.10151,1.10167,2.63,3.94
2012.12.17 09:47:13.776,1.10152,1.10167,2.48,2.44
2012.12.17 09:47:18.336,1.10152,1.10167,2.48,2.66
2012.12.17 09:47:18.530,1.10148,1.10163,5.25,1.13
2012.12.17 09:47:18.600,1.10149,1.10162,1.73,2.66
2012.12.17 09:47:18.847,1.10145,1.10157,1.50,1.69
2012.12.17 09:47:18.907,1.10144,1.10157,2.63,1.69
2012.12.17 09:47:22.977,1.10145,1.10157,1.50,1.69
2012.12.17 09:47:23.541,1.10144,1.10157,2.25,1.69
2012.12.17 09:47:25.716,1.10144,1.10158,2.25,2.63
2012.12.17 09:47:25.956,1.10144,1.10158,3.00,1.88
2012.12.17 09:47:27.846,1.10145,1.10158,1.50,1.13
2012.12.17 09:47:28.207,1.10146,1.10159,2.40,1.13
2012.12.17 09:47:28.606,1.10151,1.10161,1.50,1.69
2012.12.17 09:47:29.611,1.10148,1.1016,1.50,1.13
2012.12.17 09:47:30.165,1.10148,1.10159,1.50,1.69
2012.12.17 09:47:30.556,1.10148,1.10163,1.88,3.38
2012.12.17 09:47:30.676,1.1015,1.10163,1.13,3.38
2012.12.17 09:47:33.508,1.10148,1.10162,2.63,2.10
2012.12.17 09:47:33.865,1.10146,1.10159,1.35,2.40
2012.12.17 09:47:34.150,1.10144,1.10158,2.10,1.65
2012.12.17 09:47:34.360,1.10143,1.10157,2.10,1.88
2012.12.17 09:47:34.906,1.10143,1.10157,1.35,1.13
2012.12.17 09:47:35.476,1.10143,1.10157,1.35,1.13
2012.12.17 09:47:36.006,1.10143,1.10156,1.35,1.50
2012.12.17 09:47:37.276,1.10143,1.10156,1.35,3.23
2012.12.17 09:47:41.256,1.10142,1.10149,1.50,1.31
2012.12.17 09:47:41.317,1.10139,1.10149,3.53,1.54
2012.12.17 09:47:41.496,1.10138,1.10149,3.00,1.69
2012.12.17 09:47:42.006,1.10138,1.10149,1.50,1.69
2012.12.17 09:47:42.526,1.10138,1.10149,1.50,1.69
2012.12.17 09:47:46.247,1.10138,1.10149,1.50,1.69
2012.12.17 09:47:46.776,1.10139,1.10151,1.50,1.13
2012.12.17 09:47:46.957,1.10135,1.10149,2.10,2.63
2012.12.17 09:47:47.316,1.10134,1.10146,1.50,1.13
2012.12.17 09:47:47.847,1.10133,1.10145,1.73,1.35
2012.12.17 09:47:48.147,1.10132,1.10143,1.73,1.31
2012.12.17 09:47:48.523,1.10128,1.10142,1.50,2.63
2012.12.17 09:47:48.648,1.10128,1.10141,1.73,1.69
2012.12.17 09:47:49.156,1.10128,1.1014,1.73,1.31
2012.12.17 09:47:49.676,1.10128,1.10142,3.23,1.88
2012.12.17 09:47:52.156,1.10129,1.10142,2.48,1.13
2012.12.17 09:47:52.667,1.1013,1.10142,1.50,1.13
2012.12.17 09:47:55.980,1.10131,1.10145,1.73,2.40
2012.12.17 09:47:56.406,1.10132,1.10145,2.48,2.40
2012.12.17 09:47:56.915,1.10134,1.10147,3.23,1.35
2012.12.17 09:47:58.276,1.10136,1.10147,1.50,1.35
2012.12.17 09:48:02.576,1.10134,1.10146,1.73,1.13
2012.12.17 09:48:03.116,1.10131,1.10146,1.35,1.88
2012.12.17 09:48:03.816,1.10133,1.10146,1.73,1.13
2012.12.17 09:48:04.797,1.10136,1.10144,1.50,1.13
2012.12.17 09:48:09.165,1.10134,1.10146,1.50,2.10
2012.12.17 09:48:11.248,1.10134,1.10146,1.50,2.10
2012.12.17 09:48:13.466,1.10134,1.10146,1.50,1.35
2012.12.17 09:48:13.976,1.10134,1.10145,1.50,1.13
2012.12.17 09:48:14.526,1.10134,1.10144,1.50,1.13
2012.12.17 09:48:15.228,1.10135,1.10144,1.50,1.13
2012.12.17 09:48:16.827,1.10135,1.10147,1.73,1.88
2012.12.17 09:48:16.946,1.10136,1.10149,1.73,1.95
2012.12.17 09:48:17.006,1.10138,1.10149,1.35,1.65
2012.12.17 09:48:17.795,1.10138,1.1015,1.35,1.50
2012.12.17 09:48:18.527,1.10141,1.10151,1.50,2.25
2012.12.17 09:48:18.587,1.10141,1.10152,1.50,1.13
2012.12.17 09:48:19.006,1.10141,1.10153,1.73,1.13
2012.12.17 09:48:19.678,1.10141,1.10154,2.10,1.54
2012.12.17 09:48:20.038,1.10152,1.10162,1.13,2.25
2012.12.17 09:48:20.456,1.10152,1.10166,1.88,3.98
2012.12.17 09:48:21.007,1.10153,1.10166,1.73,2.85
2012.12.17 09:48:21.917,1.10152,1.10164,1.73,1.69
2012.12.17 09:48:22.217,1.1015,1.10163,1.73,2.63
2012.12.17 09:48:22.415,1.10149,1.10163,1.13,2.85
2012.12.17 09:48:23.189,1.10149,1.10161,1.13,1.46
2012.12.17 09:48:24.268,1.10147,1.10161,1.35,4.65
2012.12.17 09:48:24.871,1.10147,1.10162,2.10,1.13
2012.12.17 09:48:27.356,1.10147,1.10161,1.88,1.13
2012.12.17 09:48:27.777,1.10149,1.10161,2.63,1.13
2012.12.17 09:48:28.199,1.10154,1.10163,2.10,3.23
2012.12.17 09:48:28.517,1.10157,1.10186,32.77,1.50
2012.12.17 09:48:28.936,1.10181,1.10192,3.38,1.50
2012.12.17 09:48:29.127,1.10185,1.1019,1.50,5.63
2012.12.17 09:48:29.317,1.10182,1.10192,1.13,1.50
2012.12.17 09:48:29.377,1.10182,1.1019,1.13,5.63
2012.12.17 09:48:29.519,1.10182,1.10192,1.13,1.50
2012.12.17 09:48:29.596,1.10188,1.10197,1.50,1.80
2012.12.17 09:48:29.662,1.10185,1.10196,1.73,1.73
2012.12.17 09:48:29.786,1.10185,1.10196,1.73,1.73
2012.12.17 09:48:30.267,1.10183,1.10196,1.73,1.50
2012.12.17 09:48:30.386,1.10184,1.10196,1.35,2.25
2012.12.17 09:48:30.568,1.10178,1.10194,3.00,1.13
2012.12.17 09:48:30.626,1.10178,1.10192,2.25,2.48
2012.12.17 09:48:30.986,1.10178,1.10189,1.13,2.63
2012.12.17 09:48:31.107,1.10178,1.10189,1.13,2.10
2012.12.17 09:48:31.228,1.10178,1.10189,1.13,2.10
2012.12.17 09:48:31.656,1.10177,1.10189,1.88,2.10
2012.12.17 09:48:32.540,1.10177,1.10189,1.50,2.10
2012.12.17 09:48:32.606,1.10177,1.10188,1.50,2.10
2012.12.17 09:48:33.210,1.10176,1.10186,2.48,1.13
2012.12.17 09:48:33.517,1.10176,1.10186,1.50,1.13
2012.12.17 09:48:33.636,1.10176,1.10186,1.50,1.13
2012.12.17 09:48:35.476,1.10174,1.10186,1.73,1.35
2012.12.17 09:48:36.185,1.10175,1.10186,1.50,1.35
2012.12.17 09:48:36.406,1.10175,1.10186,1.73,1.13
2012.12.17 09:48:37.367,1.10176,1.10187,2.67,1.13
2012.12.17 09:48:37.497,1.10179,1.1019,1.13,1.73
2012.12.17 09:48:37.822,1.10182,1.10194,1.13,3.19
2012.12.17 09:48:37.907,1.10181,1.10192,2.25,1.88
2012.12.17 09:48:37.975,1.1018,1.10192,2.25,2.25
2012.12.17 09:48:38.108,1.10181,1.10192,1.73,1.65
2012.12.17 09:48:38.656,1.1018,1.10193,2.63,2.96
2012.12.17 09:48:38.896,1.1018,1.10193,3.38,1.69
2012.12.17 09:48:38.956,1.1018,1.10193,3.38,1.69
2012.12.17 09:48:39.455,1.1018,1.10193,3.38,3.94
2012.12.17 09:48:40.286,1.1018,1.10193,1.88,3.19
2012.12.17 09:48:40.807,1.1018,1.10193,2.63,1.69
2012.12.17 09:48:41.736,1.1018,1.10193,1.13,1.88
2012.12.17 09:48:41.856,1.1018,1.10193,1.88,1.13
2012.12.17 09:48:42.397,1.10181,1.10194,1.13,1.88
2012.12.17 09:48:43.068,1.10181,1.10193,1.13,1.13
2012.12.17 09:48:43.572,1.1018,1.10193,1.88,1.13
2012.12.17 09:48:44.087,1.10181,1.10193,1.13,1.13
2012.12.17 09:48:44.756,1.10179,1.10193,2.10,1.13
2012.12.17 09:48:45.261,1.10182,1.10194,2.25,1.13
2012.12.17 09:48:45.618,1.10182,1.10195,2.48,1.91
2012.12.17 09:48:45.677,1.10185,1.10196,1.65,1.54
2012.12.17 09:48:45.858,1.10185,1.10197,1.88,1.69
2012.12.17 09:48:46.625,1.10185,1.10197,1.88,1.69
2012.12.17 09:48:46.866,1.10185,1.10198,2.63,1.13
2012.12.17 09:48:48.174,1.10187,1.102,1.50,1.35
2012.12.17 09:48:49.296,1.10187,1.102,1.50,1.35
2012.12.17 09:48:49.697,1.10188,1.10201,1.88,1.54
2012.12.17 09:48:50.074,1.10195,1.10207,3.38,3.75
2012.12.17 09:48:50.157,1.10198,1.10212,2.10,3.23
2012.12.17 09:48:50.410,1.10201,1.10213,1.88,1.73
2012.12.17 09:48:50.962,1.102,1.10214,1.88,2.10
2012.12.17 09:48:51.026,1.102,1.10213,1.88,1.13
2012.12.17 09:48:51.337,1.102,1.10213,1.13,1.13
2012.12.17 09:48:52.066,1.10201,1.10216,1.50,1.35
2012.12.17 09:48:52.906,1.10202,1.10218,3.00,2.25
2012.12.17 09:48:53.148,1.10207,1.10219,1.73,1.69
2012.12.17 09:48:53.526,1.10209,1.10221,1.50,1.35
2012.12.17 09:48:53.827,1.10209,1.10224,1.73,1.13
2012.12.17 09:48:53.950,1.10209,1.10222,1.73,1.13
2012.12.17 09:48:54.017,1.10209,1.10222,1.73,1.50
2012.12.17 09:48:54.198,1.10205,1.1022,1.13,1.35
2012.12.17 09:48:54.387,1.10204,1.1022,1.73,3.60
2012.12.17 09:48:54.507,1.10202,1.10216,1.13,1.35
2012.12.17 09:48:54.569,1.10201,1.10216,2.10,1.35
2012.12.17 09:48:54.757,1.10198,1.10212,1.13,1.88
2012.12.17 09:48:54.817,1.10198,1.10212,1.73,2.10
2012.12.17 09:48:55.876,1.10195,1.1021,1.13,1.88
2012.12.17 09:48:56.517,1.10196,1.1021,1.73,1.13
2012.12.17 09:48:57.298,1.10195,1.1021,1.50,1.13
2012.12.17 09:48:57.358,1.10195,1.10207,1.50,1.69
2012.12.17 09:48:57.494,1.1019,1.10206,3.23,1.88
2012.12.17 09:48:57.616,1.10189,1.10204,3.38,1.88
2012.12.17 09:48:57.856,1.10189,1.10198,1.50,1.13
2012.12.17 09:48:58.336,1.10187,1.10199,2.48,1.73
2012.12.17 09:48:59.996,1.10188,1.10201,1.50,1.69
2012.12.17 09:49:00.516,1.10188,1.10201,1.73,1.54
2012.12.17 09:49:00.756,1.10189,1.10204,2.48,1.88
2012.12.17 09:49:01.413,1.10189,1.10204,2.48,1.88
2012.12.17 09:49:01.926,1.10189,1.10204,2.25,1.88
2012.12.17 09:49:05.367,1.10191,1.10204,1.50,1.13
2012.12.17 09:49:05.667,1.10195,1.10207,1.50,1.73
2012.12.17 09:49:06.087,1.10195,1.10208,2.48,1.54
2012.12.17 09:49:06.608,1.10196,1.10208,1.73,1.54
2012.12.17 09:49:07.386,1.10198,1.10208,3.75,1.54
2012.12.17 09:49:07.947,1.10198,1.10209,1.73,1.50
2012.12.17 09:49:08.486,1.10198,1.1021,1.73,1.54
2012.12.17 09:49:09.006,1.10198,1.1021,1.73,1.54
2012.12.17 09:49:09.530,1.10197,1.1021,5.48,1.54
2012.12.17 09:49:09.837,1.102,1.1021,3.75,1.54
2012.12.17 09:49:10.076,1.10198,1.1021,3.98,1.54
2012.12.17 09:49:11.487,1.10196,1.1021,2.63,3.79
2012.12.17 09:49:11.666,1.10195,1.10206,4.73,1.31
2012.12.17 09:49:12.306,1.10192,1.10206,1.73,2.29
2012.12.17 09:49:16.608,1.10192,1.10208,6.38,1.73
2012.12.17 09:49:16.728,1.10194,1.10209,2.48,2.29
2012.12.17 09:49:17.086,1.10201,1.10212,1.50,1.35
2012.12.17 09:49:17.387,1.10204,1.10212,1.73,1.13
2012.12.17 09:49:17.740,1.10211,1.10221,1.50,1.13
2012.12.17 09:49:18.047,1.10211,1.10224,1.50,1.13
2012.12.17 09:49:18.107,1.10211,1.10224,1.50,1.13
2012.12.17 09:49:18.650,1.10213,1.10225,1.50,1.13
2012.12.17 09:49:19.290,1.10211,1.10225,2.25,1.13
2012.12.17 09:49:19.415,1.10211,1.10225,2.25,1.13
2012.12.17 09:49:19.656,1.10212,1.10225,1.50,1.13
2012.12.17 09:49:20.198,1.10208,1.10222,2.48,1.13
2012.12.17 09:49:20.377,1.10207,1.1022,1.73,1.69
2012.12.17 09:49:20.935,1.10208,1.1022,1.50,1.69
2012.12.17 09:49:24.817,1.10208,1.1022,1.50,1.69
2012.12.17 09:49:25.362,1.10208,1.10218,1.50,1.54
2012.12.17 09:49:28.205,1.10208,1.10219,1.50,1.54
2012.12.17 09:49:28.785,1.10208,1.10219,1.50,1.54
2012.12.17 09:49:29.357,1.10205,1.10217,1.73,1.88
2012.12.17 09:49:29.596,1.10203,1.10216,1.73,1.54
2012.12.17 09:49:30.156,1.10203,1.10216,1.73,1.54
2012.12.17 09:49:30.215,1.10203,1.10216,1.73,1.54
2012.12.17 09:49:30.636,1.10203,1.10216,1.73,1.54
2012.12.17 09:49:30.773,1.10203,1.10216,1.73,1.31
2012.12.17 09:49:30.843,1.10203,1.10219,2.48,1.13
2012.12.17 09:49:30.908,1.10205,1.10221,1.73,4.91
2012.12.17 09:49:31.266,1.10205,1.10218,3.23,1.54
2012.12.17 09:49:31.386,1.10203,1.10218,3.23,1.54
2012.12.17 09:49:33.156,1.10204,1.10218,1.73,1.54
2012.12.17 09:49:33.459,1.10208,1.10221,3.23,1.73
2012.12.17 09:49:34.185,1.10206,1.1022,2.25,1.13
2012.12.17 09:49:35.217,1.10204,1.10219,1.73,2.44
2012.12.17 09:49:35.912,1.10203,1.10219,2.85,2.44
2012.12.17 09:49:36.177,1.10204,1.10219,1.73,1.69
2012.12.17 09:49:36.239,1.10204,1.10219,1.73,1.69
2012.12.17 09:49:36.370,1.10204,1.10218,1.50,1.13
2012.12.17 09:49:36.786,1.10203,1.10216,1.73,1.54
2012.12.17 09:49:38.136,1.10201,1.10216,3.23,1.54
2012.12.17 09:49:39.886,1.10201,1.10216,2.63,2.29
2012.12.17 09:49:40.128,1.10204,1.1022,2.48,3.79
2012.12.17 09:49:40.337,1.10206,1.1022,3.23,2.29
2012.12.17 09:49:40.689,1.10213,1.10225,1.50,1.65
2012.12.17 09:49:40.748,1.10213,1.10225,1.50,1.88
2012.12.17 09:49:40.928,1.10216,1.1023,1.65,1.58
2012.12.17 09:49:41.046,1.10216,1.10232,2.63,4.31
2012.12.17 09:49:41.226,1.10217,1.10232,1.50,3.56
2012.12.17 09:49:44.105,1.10216,1.10232,2.40,3.00
2012.12.17 09:49:44.606,1.10216,1.10232,2.40,3.00
2012.12.17 09:49:45.866,1.10216,1.10232,1.65,3.00
2012.12.17 09:49:46.168,1.10212,1.10226,1.13,3.00
2012.12.17 09:49:46.297,1.1021,1.10225,1.73,1.13
2012.12.17 09:49:47.057,1.10207,1.10223,3.60,1.73
2012.12.17 09:49:47.476,1.10205,1.10221,2.25,2.29
2012.12.17 09:49:47.658,1.10205,1.10221,2.10,3.19
2012.12.17 09:49:49.349,1.10203,1.10217,2.48,2.48
2012.12.17 09:49:49.477,1.10203,1.10217,2.48,2.48
2012.12.17 09:49:49.836,1.10201,1.10215,2.10,3.19
2012.12.17 09:49:50.596,1.10199,1.10215,4.13,3.19
2012.12.17 09:49:51.120,1.10199,1.10214,2.63,2.29
2012.12.17 09:49:51.246,1.10199,1.10213,1.88,1.73
2012.12.17 09:49:51.817,1.10199,1.10214,2.63,3.04
2012.12.17 09:49:52.278,1.10201,1.10215,3.00,1.88
2012.12.17 09:49:52.636,1.10202,1.10216,1.13,1.73
2012.12.17 09:49:53.118,1.10201,1.10214,1.73,1.50
2012.12.17 09:49:53.238,1.10198,1.10213,2.25,1.13
2012.12.17 09:49:53.296,1.10198,1.10213,2.25,1.88
2012.12.17 09:49:53.837,1.10196,1.10212,3.75,1.73
2012.12.17 09:49:54.986,1.10197,1.10213,1.73,1.13
2012.12.17 09:49:55.849,1.10197,1.1021,1.73,2.63
2012.12.17 09:49:56.277,1.10191,1.10208,3.23,2.40
2012.12.17 09:49:56.519,1.10191,1.10207,3.23,1.73
2012.12.17 09:49:57.186,1.10191,1.10206,1.65,1.73
2012.12.17 09:49:57.666,1.1019,1.10206,3.30,2.48
2012.12.17 09:49:58.167,1.10188,1.10205,3.15,2.48
2012.12.17 09:49:58.687,1.10189,1.10205,2.40,3.23
2012.12.17 09:49:59.328,1.10186,1.10201,2.25,1.50
2012.12.17 09:49:59.806,1.10186,1.10201,1.13,3.75
2012.12.17 09:50:00.347,1.10185,1.10199,1.35,2.25
2012.12.17 09:50:00.767,1.10186,1.102,1.88,1.50
2012.12.17 09:50:01.010,1.10187,1.10202,1.13,2.85
2012.12.17 09:50:01.137,1.10187,1.102,1.13,1.50
2012.12.17 09:50:01.316,1.10186,1.10199,1.13,2.25
2012.12.17 09:50:01.847,1.10186,1.10199,1.13,3.00
2012.12.17 09:50:03.208,1.10185,1.10199,2.10,3.00
2012.12.17 09:50:04.296,1.10186,1.102,1.13,2.25
2012.12.17 09:50:04.917,1.10185,1.10198,2.85,1.50
2012.12.17 09:50:04.984,1.10183,1.10197,1.35,1.50
2012.12.17 09:50:05.406,1.10182,1.10197,2.10,2.25
2012.12.17 09:50:05.947,1.10185,1.10198,1.13,1.50
2012.12.17 09:50:06.306,1.10186,1.10201,1.88,3.79
2012.12.17 09:50:08.317,1.10188,1.10201,1.73,1.69
2012.12.17 09:50:10.048,1.10189,1.10203,1.73,2.63
2012.12.17 09:50:11.998,1.10189,1.10202,1.73,1.13
2012.12.17 09:50:12.122,1.10191,1.10203,1.73,1.88
2012.12.17 09:50:12.249,1.10191,1.10203,1.73,1.88
2012.12.17 09:50:17.818,1.1019,1.10204,1.73,1.13
2012.12.17 09:50:18.356,1.10191,1.10204,1.50,1.88
2012.12.17 09:50:19.416,1.1019,1.10204,1.73,1.13
2012.12.17 09:50:20.616,1.10191,1.10205,1.50,3.38
2012.12.17 09:50:21.186,1.1019,1.10204,1.73,1.13
2012.12.17 09:50:21.737,1.10191,1.10205,1.50,1.88
2012.12.17 09:50:24.528,1.1019,1.10204,1.73,1.13
2012.12.17 09:50:24.766,1.1019,1.10203,1.73,1.13
2012.12.17 09:50:25.285,1.1019,1.10203,1.73,1.13
2012.12.17 09:50:27.216,1.1019,1.10204,1.73,1.88
2012.12.17 09:50:27.400,1.10191,1.10204,1.50,1.13
2012.12.17 09:50:27.972,1.10192,1.10206,1.50,4.88
2012.12.17 09:50:28.277,1.10189,1.10203,1.35,1.13
2012.12.17 09:50:30.075,1.10189,1.10203,2.10,1.13
2012.12.17 09:50:30.711,1.1019,1.10203,2.48,1.88
2012.12.17 09:50:31.467,1.1019,1.10203,2.48,1.13
2012.12.17 09:50:32.276,1.10192,1.10205,1.50,1.13
2012.12.17 09:50:32.580,1.10197,1.10209,1.50,1.88
2012.12.17 09:50:32.654,1.10197,1.10209,1.50,1.65
2012.12.17 09:50:32.957,1.10197,1.10209,1.50,1.50
2012.12.17 09:50:33.136,1.10197,1.10209,1.50,1.50
2012.12.17 09:50:33.378,1.102,1.10212,1.50,2.81
2012.12.17 09:50:33.558,1.10202,1.10215,1.50,2.25
2012.12.17 09:50:34.167,1.10202,1.10214,1.50,1.50
2012.12.17 09:50:36.846,1.10202,1.10217,1.50,3.15
2012.12.17 09:50:39.728,1.10204,1.10219,1.17,3.23
2012.12.17 09:50:40.299,1.10205,1.10219,2.48,3.23
2012.12.17 09:50:41.156,1.10204,1.10219,1.73,3.23
2012.12.17 09:50:41.840,1.10204,1.10216,1.73,2.25
2012.12.17 09:50:42.027,1.10202,1.10216,1.80,2.48
2012.12.17 09:50:42.866,1.10202,1.10216,1.80,3.23
2012.12.17 09:50:43.416,1.10202,1.10216,1.05,3.23
2012.12.17 09:50:44.067,1.10202,1.10216,1.73,3.23
2012.12.17 09:50:45.222,1.10204,1.10216,1.73,2.48
2012.12.17 09:50:45.709,1.10205,1.10219,1.50,2.29
2012.12.17 09:50:45.846,1.10208,1.10219,3.38,1.54
2012.12.17 09:50:45.978,1.10209,1.1022,1.88,1.50
2012.12.17 09:50:46.396,1.10211,1.10225,1.73,2.25
2012.12.17 09:50:50.966,1.1021,1.10224,2.10,1.13
2012.12.17 09:50:51.147,1.10209,1.1022,1.50,1.54
2012.12.17 09:50:51.327,1.10208,1.1022,1.35,2.29
2012.12.17 09:50:51.886,1.10205,1.1022,2.10,2.29
2012.12.17 09:50:52.417,1.10206,1.10221,1.73,3.19
2012.12.17 09:50:56.656,1.10206,1.10221,1.73,3.94
2012.12.17 09:50:56.957,1.10208,1.10221,1.50,1.13
2012.12.17 09:50:57.257,1.10208,1.10224,1.73,4.88
2012.12.17 09:50:57.517,1.10207,1.10221,1.73,1.88
2012.12.17 09:50:57.578,1.10206,1.10218,2.48,1.46
2012.12.17 09:50:57.757,1.10204,1.10216,2.18,1.73
2012.12.17 09:50:57.816,1.10204,1.10215,1.43,1.13
2012.12.17 09:50:58.480,1.10203,1.10213,1.20,1.73
2012.12.17 09:50:59.204,1.10199,1.10213,1.13,1.73
2012.12.17 09:51:00.685,1.10198,1.10212,3.23,1.13
2012.12.17 09:51:01.236,1.10198,1.10212,2.48,1.73
2012.12.17 09:51:01.841,1.10198,1.10212,2.25,2.48
2012.12.17 09:51:02.147,1.10194,1.10207,2.25,1.88
2012.12.17 09:51:02.326,1.10194,1.10207,2.25,1.88
2012.12.17 09:51:06.057,1.10195,1.10208,2.48,2.48
2012.12.17 09:51:06.567,1.10197,1.10209,1.50,1.73
2012.12.17 09:51:06.747,1.10198,1.10214,2.82,3.23
2012.12.17 09:51:06.926,1.10198,1.10214,4.32,1.73
2012.12.17 09:51:07.046,1.10199,1.10214,1.73,2.48
2012.12.17 09:51:08.288,1.102,1.10215,1.73,3.38
2012.12.17 09:51:08.627,1.10201,1.10215,2.48,1.88
2012.12.17 09:51:08.746,1.10201,1.10215,1.73,2.44
2012.12.17 09:51:11.841,1.102,1.10215,1.73,1.73
2012.12.17 09:51:12.608,1.10201,1.10216,2.10,1.50
2012.12.17 09:51:13.243,1.102,1.10216,3.90,1.73
2012.12.17 09:51:13.577,1.10202,1.10216,1.13,1.73
2012.12.17 09:51:14.850,1.10206,1.10219,1.73,2.63
2012.12.17 09:51:14.980,1.10206,1.1022,1.73,3.98
2012.12.17 09:51:15.049,1.10206,1.1022,1.50,3.23
2012.12.17 09:51:15.526,1.10206,1.10221,1.73,2.29
2012.12.17 09:51:18.997,1.1021,1.10222,1.73,2.29
2012.12.17 09:51:19.790,1.10211,1.10223,1.35,1.54
2012.12.17 09:51:19.859,1.10214,1.10226,1.13,2.63
2012.12.17 09:51:19.917,1.10214,1.10226,1.13,1.50
2012.12.17 09:51:19.977,1.10214,1.10226,1.73,1.73
2012.12.17 09:51:20.398,1.10211,1.10227,2.10,4.54
2012.12.17 09:51:20.516,1.10213,1.10227,1.13,4.54
2012.12.17 09:51:20.818,1.10216,1.10229,1.50,2.48
2012.12.17 09:51:21.118,1.10216,1.1023,2.48,1.73
2012.12.17 09:51:21.477,1.10216,1.10232,1.73,5.44
2012.12.17 09:51:22.016,1.10216,1.10231,1.73,1.73
2012.12.17 09:51:23.228,1.10215,1.10229,2.48,1.73
2012.12.17 09:51:23.767,1.10215,1.10229,2.48,2.48
2012.12.17 09:51:28.686,1.10215,1.10231,4.73,1.73
2012.12.17 09:51:30.937,1.10215,1.10231,4.73,1.73
2012.12.17 09:51:32.086,1.10215,1.10231,4.88,1.73
2012.12.17 09:51:33.167,1.10215,1.1023,4.88,1.73
2012.12.17 09:51:33.287,1.10215,1.10228,2.48,1.73
2012.12.17 09:51:34.649,1.10213,1.10228,2.63,1.73
2012.12.17 09:51:34.897,1.10213,1.10228,2.63,2.48
2012.12.17 09:51:40.878,1.10217,1.10229,1.50,3.04
2012.12.17 09:51:41.249,1.10217,1.1023,3.15,1.73
2012.12.17 09:51:41.562,1.10221,1.10233,1.50,1.50
2012.12.17 09:51:41.789,1.10221,1.10234,1.73,1.88
2012.12.17 09:51:42.401,1.10219,1.10234,3.38,1.80
2012.12.17 09:51:43.016,1.10219,1.10234,3.38,1.88
2012.12.17 09:51:44.458,1.1022,1.10235,2.48,2.63
2012.12.17 09:51:44.590,1.10221,1.10235,1.73,1.88
2012.12.17 09:51:52.808,1.10222,1.10236,2.33,1.05
2012.12.17 09:51:53.128,1.10223,1.10237,2.85,2.70
2012.12.17 09:51:53.746,1.10227,1.1024,1.73,1.54
2012.12.17 09:51:53.819,1.1023,1.10242,1.73,1.54
2012.12.17 09:51:54.372,1.10227,1.10241,2.85,1.54
2012.12.17 09:51:55.307,1.10227,1.10242,2.85,2.48
2012.12.17 09:51:55.808,1.10227,1.10241,3.00,1.54
2012.12.17 09:51:55.989,1.1023,1.10242,1.13,1.50
2012.12.17 09:51:56.177,1.10228,1.1024,2.10,2.48
2012.12.17 09:51:56.238,1.10228,1.10237,2.10,1.31
2012.12.17 09:51:56.418,1.10223,1.10237,5.48,1.54
2012.12.17 09:51:56.667,1.10223,1.10236,4.73,1.73
2012.12.17 09:51:57.206,1.1022,1.10235,1.88,1.73
2012.12.17 09:51:57.657,1.1022,1.10236,2.63,3.23
2012.12.17 09:52:00.278,1.10222,1.10237,1.35,3.79
2012.12.17 09:52:00.897,1.10222,1.10237,1.35,3.79
2012.12.17 09:52:01.421,1.10224,1.10237,1.73,3.04
2012.12.17 09:52:02.093,1.10224,1.10237,1.73,3.04
2012.12.17 09:52:07.997,1.10221,1.10235,1.73,1.50
2012.12.17 09:52:12.677,1.10223,1.10237,1.73,3.79
2012.12.17 09:52:12.946,1.10223,1.10237,1.73,3.04
2012.12.17 09:52:13.081,1.1023,1.1024,1.13,2.25
2012.12.17 09:52:13.337,1.1023,1.10243,1.73,1.31
2012.12.17 09:52:13.958,1.10229,1.10243,1.73,2.29
2012.12.17 09:52:14.517,1.10229,1.10243,1.73,2.29
2012.12.17 09:52:14.817,1.1023,1.10243,1.88,1.31
2012.12.17 09:52:14.996,1.1023,1.10245,1.88,3.04
2012.12.17 09:52:15.748,1.10234,1.1025,1.50,3.15
2012.12.17 09:52:16.316,1.10246,1.10252,3.75,2.25
2012.12.17 09:52:16.392,1.10247,1.1026,3.15,1.50
2012.12.17 09:52:16.458,1.10247,1.1026,3.15,1.50
2012.12.17 09:52:16.580,1.10248,1.1026,1.13,1.73
2012.12.17 09:52:16.708,1.10248,1.1026,1.88,1.50
2012.12.17 09:52:17.087,1.10248,1.10262,1.13,2.48
2012.12.17 09:52:17.541,1.10246,1.10262,1.73,4.73
2012.12.17 09:52:17.957,1.10245,1.1026,1.73,1.35
2012.12.17 09:52:18.936,1.10243,1.10257,2.40,3.23
2012.12.17 09:52:19.297,1.10244,1.10257,1.50,2.63
2012.12.17 09:52:20.040,1.10243,1.10257,2.25,2.63
2012.12.17 09:52:20.407,1.10244,1.10257,3.00,1.73
2012.12.17 09:52:20.608,1.10244,1.10259,3.00,2.40
2012.12.17 09:52:21.858,1.10244,1.10259,2.25,3.15
2012.12.17 09:52:22.367,1.10244,1.10259,1.50,2.40
2012.12.17 09:52:24.849,1.10244,1.10259,1.50,2.40
2012.12.17 09:52:25.387,1.10244,1.10259,1.50,2.96
2012.12.17 09:52:25.567,1.10244,1.10259,1.50,2.96
2012.12.17 09:52:28.087,1.10247,1.10262,1.21,2.63
2012.12.17 09:52:28.540,1.1025,1.10264,1.13,1.50
2012.12.17 09:52:29.327,1.10249,1.10264,1.13,2.48
2012.12.17 09:52:29.828,1.10247,1.10262,1.35,1.88
2012.12.17 09:52:30.188,1.10244,1.10255,1.50,1.50
2012.12.17 09:52:30.320,1.10244,1.10255,1.73,1.50
2012.12.17 09:52:32.067,1.10241,1.10254,1.13,1.50
2012.12.17 09:52:32.609,1.10241,1.10256,3.38,1.50
2012.12.17 09:52:32.737,1.10242,1.10257,1.73,2.48
2012.12.17 09:52:32.977,1.10243,1.10257,1.13,1.50
2012.12.17 09:52:33.407,1.10243,1.10258,2.48,1.13
2012.12.17 09:52:33.586,1.10243,1.10258,1.73,1.88
2012.12.17 09:52:33.890,1.10251,1.10263,1.35,1.50
2012.12.17 09:52:34.312,1.10263,1.10269,1.73,1.50
2012.12.17 09:52:34.508,1.10265,1.10271,1.50,1.50
2012.12.17 09:52:34.892,1.10265,1.10273,1.65,1.50
2012.12.17 09:52:35.131,1.10265,1.10271,1.65,1.50
2012.12.17 09:52:35.258,1.10264,1.10275,1.65,1.73
2012.12.17 09:52:35.387,1.10264,1.10278,3.15,1.50
2012.12.17 09:52:35.568,1.10268,1.10281,1.13,2.48
2012.12.17 09:52:36.406,1.10268,1.10281,1.88,1.50
2012.12.17 09:52:36.486,1.10268,1.10284,1.88,3.98
2012.12.17 09:52:36.799,1.10269,1.10284,1.73,4.13
2012.12.17 09:52:38.147,1.10268,1.10283,1.73,1.73
2012.12.17 09:52:38.448,1.10269,1.10283,2.48,1.50
2012.12.17 09:52:38.968,1.10268,1.10283,1.35,2.48
2012.12.17 09:52:39.737,1.10267,1.10281,2.10,1.50
2012.12.17 09:52:40.719,1.10266,1.1028,1.50,3.04
2012.12.17 09:52:41.237,1.10264,1.10278,3.23,1.50
2012.12.17 09:52:41.538,1.10262,1.10276,1.88,3.00
2012.12.17 09:52:41.956,1.10262,1.10275,1.13,1.50
2012.12.17 09:52:43.067,1.10261,1.10275,1.50,1.13
2012.12.17 09:52:43.306,1.10261,1.10276,1.88,2.25
2012.12.17 09:52:43.856,1.10261,1.10274,2.63,1.31
2012.12.17 09:52:44.226,1.10261,1.10274,1.73,2.06
2012.12.17 09:52:44.287,1.10259,1.10275,1.73,3.94
2012.12.17 09:52:44.836,1.1026,1.10274,1.73,1.50
2012.12.17 09:52:45.378,1.10258,1.10274,1.73,2.81
2012.12.17 09:52:45.917,1.10261,1.10275,2.07,1.73
2012.12.17 09:52:46.456,1.10263,1.10279,1.50,3.75
2012.12.17 09:52:47.117,1.10262,1.10276,1.32,1.73
2012.12.17 09:52:47.492,1.10263,1.10276,1.13,1.73
2012.12.17 09:52:47.566,1.1026,1.10276,3.38,1.73
2012.12.17 09:52:48.067,1.10259,1.10275,2.48,3.04
2012.12.17 09:52:48.516,1.10259,1.10274,2.48,1.73
2012.12.17 09:52:50.498,1.10258,1.10275,1.73,4.54
2012.12.17 09:52:50.557,1.10258,1.10275,1.73,4.54
2012.12.17 09:52:51.495,1.10258,1.10273,1.73,1.88
2012.12.17 09:52:52.109,1.10258,1.10273,1.73,1.73
2012.12.17 09:52:52.657,1.10259,1.10274,3.23,1.13
2012.12.17 09:52:52.959,1.10259,1.10274,1.50,2.63
2012.12.17 09:52:53.477,1.10259,1.10273,1.50,1.73
2012.12.17 09:52:54.876,1.10258,1.10273,1.73,2.48
2012.12.17 09:52:55.485,1.10257,1.10272,3.23,1.35
2012.12.17 09:52:56.762,1.10258,1.10273,1.73,1.73
2012.12.17 09:52:57.307,1.10257,1.10272,3.23,1.73
2012.12.17 09:52:59.536,1.10258,1.10274,2.48,5.44
2012.12.17 09:53:03.638,1.10258,1.10272,2.48,3.23
2012.12.17 09:53:09.668,1.10256,1.10271,1.73,1.73
2012.12.17 09:53:09.970,1.10253,1.10265,2.10,1.50
2012.12.17 09:53:10.098,1.10253,1.10264,1.50,1.73
2012.12.17 09:53:10.637,1.10247,1.10263,2.48,1.73
2012.12.17 09:53:11.187,1.1025,1.10264,1.17,1.73
2012.12.17 09:53:11.857,1.1025,1.10265,1.88,1.73
2012.12.17 09:53:12.398,1.10254,1.10268,1.65,2.48
2012.12.17 09:53:12.484,1.10257,1.10269,1.13,3.00
2012.12.17 09:53:13.192,1.10256,1.1027,1.88,1.73
2012.12.17 09:53:14.297,1.10256,1.10267,1.73,3.90
2012.12.17 09:53:14.695,1.10256,1.10266,1.50,1.13
2012.12.17 09:53:16.076,1.10253,1.10266,1.50,1.13
2012.12.17 09:53:16.607,1.10252,1.10266,1.73,1.88
2012.12.17 09:53:16.727,1.10252,1.10266,1.73,1.88
2012.12.17 09:53:19.033,1.10259,1.1027,1.13,1.50
2012.12.17 09:53:19.171,1.10259,1.1027,2.63,1.50
2012.12.17 09:53:19.479,1.10263,1.10277,1.73,3.75
2012.12.17 09:53:19.548,1.10263,1.10278,1.73,1.73
2012.12.17 09:53:20.067,1.10265,1.1028,1.73,1.88
2012.12.17 09:53:20.621,1.10264,1.1028,1.73,3.19
2012.12.17 09:53:22.147,1.10264,1.1028,3.23,3.19
2012.12.17 09:53:22.806,1.10264,1.10279,3.98,1.73
2012.12.17 09:53:23.337,1.10264,1.10278,3.42,1.73
2012.12.17 09:53:24.568,1.10265,1.1028,1.73,1.13
2012.12.17 09:53:25.506,1.10265,1.10278,1.73,1.13
2012.12.17 09:53:26.086,1.10265,1.10278,1.73,1.13
2012.12.17 09:53:28.538,1.10264,1.10277,2.48,1.65
2012.12.17 09:53:28.609,1.10263,1.10277,2.48,1.88
2012.12.17 09:53:28.788,1.10262,1.10275,4.73,1.13
2012.12.17 09:53:28.912,1.10262,1.10273,1.73,1.50
2012.12.17 09:53:29.039,1.1026,1.10273,1.73,1.73
2012.12.17 09:53:30.888,1.10259,1.10274,1.73,1.65
2012.12.17 09:53:31.140,1.10261,1.10274,1.13,1.50
2012.12.17 09:53:31.207,1.10262,1.10276,2.48,1.50
2012.12.17 09:53:31.765,1.10262,1.10277,1.73,1.88
2012.12.17 09:53:33.626,1.10261,1.10277,3.38,1.88
2012.12.17 09:53:34.107,1.10261,1.10277,3.38,2.63
2012.12.17 09:53:34.227,1.10261,1.10277,3.38,2.63
2012.12.17 09:53:34.347,1.10261,1.10276,1.88,2.25
2012.12.17 09:53:34.737,1.10261,1.10276,1.13,2.25
2012.12.17 09:53:35.838,1.10259,1.10275,2.48,1.65
2012.12.17 09:53:35.959,1.10259,1.10275,2.48,1.88
2012.12.17 09:53:37.514,1.10257,1.10273,1.88,3.23
2012.12.17 09:53:44.091,1.10257,1.10271,1.88,1.73
2012.12.17 09:53:47.076,1.10258,1.10273,1.73,2.48
2012.12.17 09:53:48.886,1.10257,1.10272,1.13,1.73
2012.12.17 09:53:53.331,1.10258,1.10273,1.88,3.23
2012.12.17 09:53:54.089,1.10255,1.10271,1.13,2.48
2012.12.17 09:53:55.407,1.10255,1.10271,1.13,2.48
2012.12.17 09:53:55.467,1.10255,1.10271,1.13,2.48
2012.12.17 09:53:57.348,1.10254,1.10269,3.23,1.50
2012.12.17 09:53:57.478,1.10251,1.10267,1.73,3.15
2012.12.17 09:53:57.537,1.10251,1.10267,1.50,3.53
2012.12.17 09:53:57.598,1.10251,1.10265,1.73,2.48
2012.12.17 09:53:57.657,1.10251,1.10265,1.73,2.25
2012.12.17 09:53:58.017,1.1025,1.10263,1.73,2.25
2012.12.17 09:53:58.687,1.10249,1.10264,1.13,1.73
2012.12.17 09:53:59.061,1.10249,1.10264,1.13,1.73
2012.12.17 09:53:59.317,1.10246,1.10262,1.73,3.79
2012.12.17 09:53:59.498,1.10245,1.10259,2.63,1.50
2012.12.17 09:53:59.617,1.10245,1.10259,1.73,2.63
2012.12.17 09:54:00.167,1.10245,1.10259,2.63,1.73
2012.12.17 09:54:00.229,1.10246,1.10262,1.73,3.79
2012.12.17 09:54:00.289,1.10247,1.10262,2.48,2.29
2012.12.17 09:54:00.903,1.10247,1.10262,2.48,2.29
2012.12.17 09:54:01.599,1.10248,1.10263,1.92,1.13
2012.12.17 09:54:02.970,1.10249,1.10264,1.13,3.98
2012.12.17 09:54:04.964,1.10249,1.10264,2.63,1.73
2012.12.17 09:54:10.207,1.1025,1.10264,1.13,1.88
2012.12.17 09:54:10.766,1.1025,1.10264,1.13,1.88
2012.12.17 09:54:11.328,1.1025,1.10264,1.13,2.63
2012.12.17 09:54:12.297,1.1025,1.10264,1.13,2.63
2012.12.17 09:54:13.818,1.10248,1.1026,1.17,1.88
2012.12.17 09:54:13.937,1.10244,1.10257,1.88,1.13
2012.12.17 09:54:14.480,1.10244,1.10257,1.13,1.13
2012.12.17 09:54:17.887,1.10243,1.10257,3.38,1.13
2012.12.17 09:54:18.259,1.10242,1.10256,2.85,1.65
2012.12.17 09:54:18.377,1.10242,1.10256,2.85,1.65
2012.12.17 09:54:18.948,1.10243,1.10258,1.13,1.35
2012.12.17 09:54:23.062,1.10243,1.10258,1.13,2.10
2012.12.17 09:54:23.617,1.10242,1.10257,2.10,1.65
2012.12.17 09:54:30.287,1.10242,1.10254,1.73,1.13
2012.12.17 09:54:30.407,1.10241,1.10255,1.35,1.50
2012.12.17 09:54:30.526,1.10241,1.10255,3.60,1.50
2012.12.17 09:54:32.156,1.10243,1.10257,1.13,1.13
2012.12.17 09:54:33.117,1.10241,1.10254,3.23,1.13
2012.12.17 09:54:33.307,1.1024,1.10254,1.88,1.13
2012.12.17 09:54:35.977,1.1024,1.10254,1.13,1.13
2012.12.17 09:54:36.466,1.10238,1.10251,1.13,1.13
2012.12.17 09:54:37.316,1.10238,1.10251,1.13,1.13
2012.12.17 09:54:37.897,1.10236,1.10251,4.35,1.13
2012.12.17 09:54:38.427,1.10236,1.1025,2.10,1.65
2012.12.17 09:54:39.060,1.10236,1.10251,2.85,1.88
2012.12.17 09:54:39.617,1.10236,1.10251,2.10,1.88
2012.12.17 09:54:41.707,1.10236,1.10251,2.10,1.88
2012.12.17 09:54:42.957,1.10236,1.10251,2.10,1.88
2012.12.17 09:54:43.499,1.10236,1.10251,2.10,1.88
2012.12.17 09:54:45.977,1.10239,1.10251,1.73,1.13
2012.12.17 09:54:46.337,1.10241,1.10254,1.13,1.65
2012.12.17 09:54:46.851,1.10241,1.10254,1.13,1.65
2012.12.17 09:54:46.917,1.10241,1.10254,1.13,1.65
2012.12.17 09:54:48.338,1.10241,1.10254,1.13,1.65
2012.12.17 09:54:48.518,1.1024,1.10252,1.73,1.88
2012.12.17 09:54:48.637,1.1024,1.10252,1.73,1.88
2012.12.17 09:54:51.007,1.10239,1.10252,1.88,1.88
2012.12.17 09:54:53.137,1.10238,1.10252,1.88,1.88
2012.12.17 09:54:53.627,1.10237,1.10251,2.10,1.88
2012.12.17 09:54:54.917,1.10237,1.10249,1.73,1.13
2012.12.17 09:54:55.219,1.10235,1.10246,1.88,1.50
2012.12.17 09:54:55.348,1.10235,1.10247,1.88,1.50
2012.12.17 09:54:55.527,1.10237,1.10251,1.13,2.63
2012.12.17 09:54:55.590,1.10237,1.10251,1.88,2.63
2012.12.17 09:54:56.048,1.10242,1.10256,1.73,6.00
2012.12.17 09:54:56.644,1.10243,1.10257,1.73,1.35
2012.12.17 09:55:00.426,1.10243,1.10255,1.73,1.13
2012.12.17 09:55:00.668,1.10247,1.10256,1.50,1.69
2012.12.17 09:55:00.906,1.10244,1.10255,1.73,1.65
2012.12.17 09:55:01.578,1.10244,1.10255,1.73,1.65
2012.12.17 09:55:02.147,1.10244,1.10255,1.73,1.65
2012.12.17 09:55:02.507,1.10242,1.10253,2.25,1.13
2012.12.17 09:55:09.428,1.10241,1.10251,1.73,1.50
2012.12.17 09:55:09.847,1.10237,1.10249,1.13,1.65
2012.12.17 09:55:10.267,1.10239,1.10251,1.65,1.35
2012.12.17 09:55:10.447,1.10241,1.10253,1.73,1.13
2012.12.17 09:55:20.807,1.10243,1.10253,1.13,1.50
2012.12.17 09:55:21.227,1.10245,1.10256,1.73,1.65
2012.12.17 09:55:22.028,1.10247,1.10256,1.13,1.50
2012.12.17 09:55:22.148,1.10247,1.10259,1.88,1.13
2012.12.17 09:55:22.387,1.10247,1.1026,4.13,1.65
2012.12.17 09:55:23.335,1.10247,1.10258,2.63,1.50
2012.12.17 09:55:23.577,1.10245,1.10259,1.88,2.10
2012.12.17 09:55:24.179,1.10245,1.10257,1.88,1.65
2012.12.17 09:55:24.686,1.10245,1.10256,1.88,1.50
2012.12.17 09:55:32.427,1.10245,1.10258,1.88,1.88
2012.12.17 09:55:32.547,1.10245,1.10257,1.88,1.13
2012.12.17 09:55:41.240,1.10242,1.10256,1.50,2.10
2012.12.17 09:55:41.307,1.10242,1.10256,1.50,2.85
2012.12.17 09:55:41.368,1.10242,1.10254,3.75,1.13
2012.12.17 09:55:41.488,1.10244,1.10256,1.50,1.88
2012.12.17 09:55:41.548,1.10242,1.10255,2.63,1.13
2012.12.17 09:55:42.077,1.10242,1.10256,2.63,1.88
2012.12.17 09:55:44.675,1.10242,1.10256,2.63,2.10
2012.12.17 09:55:46.367,1.10244,1.10256,1.13,1.88
2012.12.17 09:55:46.847,1.10245,1.10256,1.73,1.13
2012.12.17 09:55:47.148,1.10247,1.1026,1.65,2.06
2012.12.17 09:55:47.495,1.10251,1.10262,1.50,1.13
2012.12.17 09:55:47.617,1.10251,1.10261,1.50,1.31
2012.12.17 09:55:47.796,1.10251,1.10261,1.50,1.31
2012.12.17 09:55:48.769,1.10251,1.10262,1.50,2.44
2012.12.17 09:55:49.727,1.1025,1.10262,1.73,2.44
2012.12.17 09:55:50.118,1.1025,1.10261,1.73,1.50
2012.12.17 09:55:51.046,1.10251,1.10261,1.50,1.50
2012.12.17 09:55:51.756,1.1025,1.10262,1.73,2.44
2012.12.17 09:55:52.298,1.10249,1.1026,1.73,1.65
2012.12.17 09:55:52.417,1.10247,1.10258,1.50,1.50
2012.12.17 09:55:52.956,1.10247,1.10259,1.88,1.65
2012.12.17 09:55:54.708,1.10247,1.10259,1.88,1.65
2012.12.17 09:55:54.886,1.10247,1.10259,1.13,1.65
2012.12.17 09:55:55.227,1.10247,1.10259,1.13,1.65
2012.12.17 09:55:55.346,1.10248,1.10259,1.73,1.65
2012.12.17 09:55:55.466,1.10247,1.10259,1.13,1.65
2012.12.17 09:55:55.647,1.10247,1.10259,1.13,1.65
2012.12.17 09:55:55.766,1.10248,1.10259,1.73,2.40
2012.12.17 09:55:56.066,1.10247,1.10259,1.88,2.40
2012.12.17 09:55:56.126,1.10247,1.10259,1.88,2.40
2012.12.17 09:55:56.607,1.10249,1.10259,1.50,1.65
2012.12.17 09:55:56.727,1.10247,1.10259,1.13,1.65
2012.12.17 09:55:56.927,1.1025,1.10259,1.50,1.65
2012.12.17 09:55:56.987,1.10248,1.10259,1.73,1.65
2012.12.17 09:55:57.558,1.10247,1.10259,1.13,1.88
2012.12.17 09:55:58.597,1.10247,1.10259,1.13,1.65
2012.12.17 09:55:59.017,1.10247,1.10259,1.13,1.65
2012.12.17 09:55:59.437,1.10247,1.10257,1.13,1.50
2012.12.17 09:55:59.557,1.10247,1.10257,1.88,1.50
2012.12.17 09:55:59.978,1.10245,1.10257,2.48,1.65
2012.12.17 09:56:00.037,1.10245,1.10257,2.48,1.88
2012.12.17 09:56:00.171,1.10245,1.10255,1.73,1.13
2012.12.17 09:56:00.478,1.10241,1.1025,1.50,1.88
2012.12.17 09:56:00.598,1.10241,1.10248,2.25,1.73
2012.12.17 09:56:00.897,1.10239,1.10248,3.00,2.48
2012.12.17 09:56:01.338,1.10241,1.10247,1.50,1.73
2012.12.17 09:56:01.398,1.10237,1.10247,1.50,1.73
2012.12.17 09:56:01.959,1.10233,1.10246,1.13,1.13
2012.12.17 09:56:02.496,1.10232,1.10245,1.73,1.13
2012.12.17 09:56:02.817,1.10232,1.10245,1.73,1.13
2012.12.17 09:56:07.558,1.10233,1.10245,1.73,1.13
2012.12.17 09:56:09.780,1.10233,1.10247,1.88,1.73
2012.12.17 09:56:09.856,1.10234,1.10248,3.90,1.13
2012.12.17 09:56:10.387,1.10236,1.1025,1.73,1.35
2012.12.17 09:56:11.327,1.10234,1.1025,4.88,1.35
2012.12.17 09:56:12.528,1.10237,1.10251,1.13,2.40
2012.12.17 09:56:12.587,1.10236,1.1025,2.48,1.13
2012.12.17 09:56:12.646,1.10238,1.1025,1.73,1.35
2012.12.17 09:56:14.467,1.10238,1.1025,1.73,1.35
2012.12.17 09:56:15.626,1.10238,1.1025,1.73,1.35
2012.12.17 09:56:16.071,1.10238,1.10251,2.48,1.13
2012.12.17 09:56:16.572,1.10243,1.10255,2.48,1.28
2012.12.17 09:56:17.118,1.10243,1.10257,2.48,1.35
2012.12.17 09:56:18.887,1.10243,1.10255,1.73,1.35
2012.12.17 09:56:19.126,1.10242,1.10255,1.73,2.10
2012.12.17 09:56:19.867,1.10242,1.10255,1.73,2.10
2012.12.17 09:56:20.407,1.10242,1.10252,1.50,1.13
2012.12.17 09:56:21.758,1.1024,1.10251,2.48,1.13
2012.12.17 09:56:22.298,1.10238,1.10251,1.13,1.13
2012.12.17 09:56:24.628,1.10238,1.10251,1.13,1.13
2012.12.17 09:56:24.749,1.10238,1.10251,1.13,1.13
2012.12.17 09:56:27.717,1.10236,1.10248,1.50,1.43
2012.12.17 09:56:28.326,1.10234,1.10248,1.13,2.44
2012.12.17 09:56:29.360,1.10236,1.10248,1.73,1.13
2012.12.17 09:56:32.976,1.10236,1.1025,2.48,2.66
2012.12.17 09:56:33.555,1.10237,1.1025,1.13,2.21
2012.12.17 09:56:34.208,1.10237,1.1025,1.13,2.44
2012.12.17 09:56:34.786,1.10237,1.1025,1.13,1.13
2012.12.17 09:56:34.907,1.10237,1.1025,2.63,1.13
2012.12.17 09:56:37.287,1.10238,1.10251,1.73,1.13
2012.12.17 09:56:37.827,1.10239,1.10252,1.73,1.35
2012.12.17 09:56:38.187,1.10239,1.10252,1.73,1.13
2012.12.17 09:56:39.538,1.1024,1.10254,1.88,1.73
2012.12.17 09:56:39.718,1.10241,1.10255,1.65,1.88
2012.12.17 09:56:40.353,1.10241,1.10253,1.88,1.50
2012.12.17 09:56:42.609,1.10241,1.10253,1.88,1.50
2012.12.17 09:56:43.276,1.10241,1.10253,1.88,1.50
2012.12.17 09:56:44.590,1.10241,1.10253,1.88,1.50
2012.12.17 09:56:44.827,1.10243,1.10256,1.73,1.35
2012.12.17 09:56:44.887,1.10244,1.10257,1.65,1.13
2012.12.17 09:56:45.201,1.10245,1.10259,5.07,2.25
2012.12.17 09:56:45.327,1.10245,1.10259,5.07,2.10
2012.12.17 09:56:45.877,1.10245,1.10259,4.88,2.10
2012.12.17 09:56:46.207,1.10245,1.10259,3.23,2.10
2012.12.17 09:56:46.911,1.10245,1.10259,2.25,2.85
2012.12.17 09:56:48.917,1.10245,1.10259,2.25,2.85
2012.12.17 09:56:49.425,1.10245,1.10259,2.25,2.85
2012.12.17 09:56:50.788,1.10245,1.10259,2.25,2.85
2012.12.17 09:56:51.836,1.10245,1.10259,2.25,2.85
2012.12.17 09:56:52.507,1.10247,1.10259,1.50,1.88
2012.12.17 09:56:52.567,1.10247,1.10258,2.48,1.13
2012.12.17 09:56:54.307,1.10247,1.10256,1.50,1.35
2012.12.17 09:56:54.547,1.1025,1.1026,1.73,1.88
2012.12.17 09:56:54.787,1.1025,1.1026,1.73,1.88
2012.12.17 09:56:55.578,1.1025,1.10261,1.73,1.88
2012.12.17 09:56:56.117,1.10251,1.10263,1.50,2.10
2012.12.17 09:56:56.237,1.1025,1.10263,2.48,2.10
2012.12.17 09:56:56.758,1.1025,1.1026,1.50,1.13
2012.12.17 09:56:57.326,1.10249,1.1026,1.50,1.13
2012.12.17 09:56:59.058,1.10245,1.10259,2.25,2.85
2012.12.17 09:56:59.417,1.1025,1.10259,1.50,1.13
2012.12.17 09:56:59.547,1.10248,1.10259,1.50,1.13
2012.12.17 09:57:02.927,1.10247,1.10257,1.50,1.35
2012.12.17 09:57:03.047,1.10247,1.1026,1.73,5.29
2012.12.17 09:57:03.107,1.10247,1.1026,1.73,3.98
2012.12.17 09:57:05.057,1.10247,1.1026,1.73,1.35
2012.12.17 09:57:05.428,1.10246,1.10258,1.73,1.88
2012.12.17 09:57:05.788,1.10238,1.1025,1.73,1.13
2012.12.17 09:57:05.967,1.10236,1.1025,3.75,1.35
2012.12.17 09:57:07.639,1.10237,1.10253,3.60,2.63
2012.12.17 09:57:07.790,1.10241,1.10253,1.13,1.50
2012.12.17 09:57:08.443,1.10241,1.10254,1.13,1.50
2012.12.17 09:57:09.060,1.10241,1.10254,1.13,1.50
2012.12.17 09:57:13.427,1.10244,1.10256,1.35,1.50
2012.12.17 09:57:13.557,1.10241,1.10255,1.32,1.65
2012.12.17 09:57:14.169,1.10239,1.10253,2.85,1.73
2012.12.17 09:57:14.736,1.10239,1.10253,1.13,1.13
2012.12.17 09:57:15.198,1.10238,1.10253,1.88,3.38
2012.12.17 09:57:15.793,1.10238,1.10251,1.13,1.50
2012.12.17 09:57:16.738,1.10238,1.10252,1.13,3.75
2012.12.17 09:57:17.469,1.1024,1.10252,1.17,2.25
2012.12.17 09:57:17.528,1.1024,1.10252,1.17,2.25
2012.12.17 09:57:17.828,1.10241,1.10254,1.13,2.40
2012.12.17 09:57:20.337,1.10241,1.10254,1.13,1.65
2012.12.17 09:57:22.270,1.10241,1.10254,1.13,1.65
2012.12.17 09:57:23.098,1.10241,1.10254,2.63,1.65
2012.12.17 09:57:24.937,1.10241,1.10254,2.63,1.65
2012.12.17 09:57:28.607,1.10242,1.10256,2.63,1.35
2012.12.17 09:57:28.727,1.10242,1.10256,2.63,1.13
2012.12.17 09:57:28.847,1.10242,1.10256,1.88,1.35
2012.12.17 09:57:29.387,1.10242,1.10256,1.88,1.35
2012.12.17 09:57:32.568,1.10242,1.10256,1.73,1.13
2012.12.17 09:57:41.858,1.10243,1.10257,1.35,1.88
2012.12.17 09:57:42.617,1.10245,1.10258,1.13,1.88
2012.12.17 09:57:45.687,1.10242,1.10257,1.35,2.63
2012.12.17 09:57:47.109,1.10241,1.10253,1.50,1.13
2012.12.17 09:57:48.075,1.1024,1.10253,1.73,1.35
2012.12.17 09:57:53.729,1.1024,1.10253,1.73,1.35
2012.12.17 09:57:55.317,1.1024,1.10253,1.73,1.13
2012.12.17 09:57:55.698,1.1024,1.10254,1.73,1.35
2012.12.17 09:57:55.818,1.1024,1.10254,2.48,1.13
2012.12.17 09:57:55.879,1.10245,1.10256,1.13,2.03
2012.12.17 09:57:56.059,1.10247,1.10256,1.35,1.50
2012.12.17 09:57:56.598,1.10248,1.10257,1.50,1.50
2012.12.17 09:57:57.138,1.10245,1.10258,1.35,3.23
2012.12.17 09:58:00.548,1.10244,1.10258,1.35,1.73
2012.12.17 09:58:01.085,1.10244,1.10258,2.10,1.50
2012.12.17 09:58:03.288,1.10244,1.10256,1.13,1.13
2012.12.17 09:58:04.069,1.10244,1.10255,1.13,2.25
2012.12.17 09:58:04.749,1.10244,1.10256,1.13,1.13
2012.12.17 09:58:05.857,1.10244,1.10256,1.13,1.13
2012.12.17 09:58:06.800,1.10243,1.10256,1.88,1.13
2012.12.17 09:58:09.231,1.10242,1.10254,1.13,1.13
2012.12.17 09:58:14.517,1.10242,1.10254,1.13,1.13
2012.12.17 09:58:15.516,1.10242,1.10254,1.13,1.13
2012.12.17 09:58:16.377,1.10242,1.10254,1.13,1.13
2012.12.17 09:58:16.557,1.10244,1.10256,1.13,2.40
2012.12.17 09:58:16.927,1.10244,1.10256,1.13,2.40
2012.12.17 09:58:21.207,1.10246,1.10258,1.35,3.00
2012.12.17 09:58:21.388,1.10245,1.10256,2.63,1.13
2012.12.17 09:58:21.508,1.10246,1.10258,1.13,1.13
2012.12.17 09:58:21.568,1.10246,1.1026,1.13,1.88
2012.12.17 09:58:21.928,1.1025,1.10264,1.13,3.15
2012.12.17 09:58:22.486,1.10251,1.10264,2.10,2.25
2012.12.17 09:58:22.787,1.10255,1.10266,1.88,1.88
2012.12.17 09:58:25.009,1.10255,1.10266,1.88,1.88
2012.12.17 09:58:26.455,1.10255,1.10268,1.88,4.50
2012.12.17 09:58:26.532,1.10258,1.10268,1.13,2.25
2012.12.17 09:58:26.897,1.10258,1.10271,2.63,2.85
2012.12.17 09:58:27.018,1.1026,1.10271,1.73,2.48
2012.12.17 09:58:27.557,1.1026,1.1027,1.73,2.25
2012.12.17 09:58:27.818,1.10259,1.1027,1.50,2.48
2012.12.17 09:58:27.997,1.10259,1.1027,1.50,2.48
2012.12.17 09:58:28.947,1.10259,1.10268,1.50,2.63
2012.12.17 09:58:29.248,1.10256,1.10266,1.73,1.65
2012.12.17 09:58:37.817,1.10258,1.10269,1.65,2.48
2012.12.17 09:58:38.058,1.10261,1.10273,1.13,1.28
2012.12.17 09:58:38.487,1.10263,1.10275,1.73,4.35
2012.12.17 09:58:40.009,1.10263,1.10274,1.73,1.13
2012.12.17 09:58:40.318,1.10263,1.10273,1.73,1.65
2012.12.17 09:58:41.539,1.10259,1.10272,1.88,2.63
2012.12.17 09:58:41.598,1.10259,1.10272,1.88,2.63
2012.12.17 09:58:42.100,1.10259,1.10272,1.13,3.38
2012.12.17 09:58:42.596,1.10257,1.10272,1.73,3.60
2012.12.17 09:58:42.974,1.10252,1.10261,1.50,1.31
2012.12.17 09:58:43.398,1.10247,1.1026,1.73,1.88
2012.12.17 09:58:43.458,1.10247,1.1026,1.50,1.88
2012.12.17 09:58:43.817,1.10248,1.10258,2.25,2.29
2012.12.17 09:58:44.607,1.10248,1.10258,1.73,1.46
2012.12.17 09:58:44.727,1.10248,1.10258,1.73,1.46
2012.12.17 09:58:45.089,1.10248,1.10258,1.73,1.13
2012.12.17 09:58:45.207,1.10246,1.10258,2.48,1.88
2012.12.17 09:58:45.709,1.10245,1.10258,2.48,1.88
2012.12.17 09:58:45.849,1.10245,1.10256,2.48,1.13
2012.12.17 09:58:46.837,1.10245,1.10256,2.25,1.13
2012.12.17 09:58:48.197,1.10245,1.10257,3.00,1.13
2012.12.17 09:58:49.075,1.10245,1.10257,3.00,1.13
2012.12.17 09:58:49.377,1.10245,1.10258,3.23,1.35
2012.12.17 09:58:49.798,1.10246,1.10257,1.73,1.13
2012.12.17 09:58:50.278,1.10246,1.10256,1.50,1.13
2012.12.17 09:58:50.837,1.10245,1.10257,1.73,1.13
2012.12.17 09:58:51.418,1.10245,1.10256,1.73,1.13
2012.12.17 09:58:51.602,1.10242,1.10254,1.73,2.10
2012.12.17 09:58:51.997,1.10241,1.10253,2.25,1.88
2012.12.17 09:58:52.900,1.1024,1.10252,1.88,1.13
2012.12.17 09:58:52.972,1.10236,1.1025,4.50,1.88
2012.12.17 09:58:53.038,1.10236,1.10247,2.85,1.13
2012.12.17 09:58:53.398,1.10232,1.10245,1.73,1.13
2012.12.17 09:58:53.639,1.10231,1.10245,2.10,1.35
2012.12.17 09:58:54.488,1.10234,1.10246,1.13,1.88
2012.12.17 09:58:54.668,1.10238,1.10251,1.13,3.23
2012.12.17 09:58:54.727,1.10238,1.1025,1.13,2.29
2012.12.17 09:58:54.789,1.10237,1.1025,3.38,2.29
2012.12.17 09:58:55.148,1.10238,1.10251,4.13,2.48
2012.12.17 09:58:56.848,1.10239,1.10252,3.75,2.44
2012.12.17 09:58:57.238,1.10239,1.10254,3.98,2.10
2012.12.17 09:58:59.518,1.10242,1.10255,1.73,2.10
2012.12.17 09:59:00.055,1.10241,1.10255,3.23,2.10
2012.12.17 09:59:00.728,1.10242,1.10255,1.73,2.10
2012.12.17 09:59:01.267,1.10241,1.10255,3.23,2.10
2012.12.17 09:59:02.248,1.10242,1.10254,2.48,1.35
2012.12.17 09:59:02.796,1.10242,1.10254,1.73,1.35
2012.12.17 09:59:03.443,1.10242,1.10254,2.48,1.35
2012.12.17 09:59:04.057,1.10242,1.10255,2.48,1.88
2012.12.17 09:59:04.179,1.10244,1.10257,1.50,2.10
2012.12.17 09:59:04.239,1.10245,1.10259,1.88,3.15
2012.12.17 09:59:04.298,1.10246,1.10259,2.48,1.88
2012.12.17 09:59:04.601,1.10247,1.10261,1.50,1.73
2012.12.17 09:59:04.929,1.10251,1.10263,1.50,2.81
2012.12.17 09:59:05.229,1.10251,1.10263,1.73,2.06
2012.12.17 09:59:05.767,1.10251,1.10263,1.73,1.13
2012.12.17 09:59:07.278,1.10251,1.10263,1.73,1.13
2012.12.17 09:59:07.898,1.10251,1.10263,1.50,1.13
2012.12.17 09:59:09.527,1.10251,1.10263,2.48,1.13
2012.12.17 09:59:09.587,1.10251,1.10263,2.25,1.13
2012.12.17 09:59:10.258,1.10251,1.10263,1.73,1.13
2012.12.17 09:59:11.550,1.1025,1.10263,1.73,1.88
2012.12.17 09:59:12.238,1.10252,1.10266,3.23,2.63
2012.12.17 09:59:12.668,1.10254,1.10266,1.73,1.88
2012.12.17 09:59:13.147,1.10256,1.10266,1.88,1.73
2012.12.17 09:59:13.448,1.1026,1.10271,1.65,1.50
2012.12.17 09:59:13.628,1.10266,1.10272,1.50,1.50
2012.12.17 09:59:13.987,1.10265,1.10276,2.25,1.13
2012.12.17 09:59:14.048,1.10265,1.10277,1.65,2.29
2012.12.17 09:59:14.169,1.10267,1.10279,1.73,1.88
2012.12.17 09:59:15.517,1.10267,1.10281,2.48,4.13
2012.12.17 09:59:16.318,1.10267,1.10281,3.23,2.85
2012.12.17 09:59:16.437,1.1027,1.10284,1.13,2.48
2012.12.17 09:59:16.497,1.10271,1.10284,1.88,2.25
2012.12.17 09:59:17.038,1.10272,1.10284,1.13,1.50
2012.12.17 09:59:17.397,1.10271,1.10281,2.63,2.25
2012.12.17 09:59:18.287,1.10271,1.10284,1.13,3.38
2012.12.17 09:59:22.288,1.10269,1.10282,1.88,1.13
2012.12.17 09:59:22.408,1.10269,1.10281,1.88,1.65
2012.12.17 09:59:22.529,1.10271,1.10283,1.50,1.50
2012.12.17 09:59:22.887,1.10272,1.10287,1.13,2.10
2012.12.17 09:59:24.778,1.10275,1.10287,1.50,1.35
2012.12.17 09:59:26.477,1.10275,1.10287,1.50,1.35
2012.12.17 09:59:27.094,1.10275,1.10287,1.50,1.35
2012.12.17 09:59:28.036,1.10275,1.10287,1.50,1.35
2012.12.17 09:59:32.767,1.10275,1.10287,2.48,1.13
2012.12.17 09:59:33.650,1.10275,1.10286,1.73,1.35
2012.12.17 09:59:35.577,1.10273,1.10287,2.48,1.35
2012.12.17 09:59:36.456,1.10273,1.10287,1.73,1.35
2012.12.17 09:59:41.058,1.10273,1.10287,2.48,1.35
2012.12.17 09:59:43.637,1.10271,1.10284,3.38,2.63
2012.12.17 09:59:43.698,1.10271,1.10284,2.25,3.60
2012.12.17 09:59:44.238,1.10269,1.10282,2.48,1.13
2012.12.17 09:59:45.268,1.10267,1.10282,1.73,2.48
2012.12.17 09:59:47.577,1.10267,1.10281,1.73,2.48
2012.12.17 09:59:47.877,1.10263,1.10277,1.73,3.23
2012.12.17 09:59:48.238,1.10261,1.10276,3.23,3.04
2012.12.17 09:59:48.298,1.10262,1.10276,1.50,3.04
2012.12.17 09:59:48.657,1.10261,1.10276,3.23,1.73
2012.12.17 09:59:51.787,1.10261,1.10276,1.73,1.73
2012.12.17 09:59:53.529,1.1026,1.10274,3.98,1.50
2012.12.17 09:59:53.767,1.1026,1.10274,1.73,1.73
2012.12.17 09:59:54.011,1.10259,1.10272,3.23,2.48
2012.12.17 09:59:54.319,1.10256,1.10271,1.73,1.73
2012.12.17 09:59:54.390,1.10256,1.10271,1.73,1.73
2012.12.17 09:59:54.520,1.10258,1.10271,1.73,1.73
2012.12.17 09:59:54.649,1.10257,1.10271,1.73,1.73
2012.12.17 09:59:54.898,1.10257,1.10271,1.73,2.48
2012.12.17 09:59:55.138,1.10256,1.10271,1.73,4.73
2012.12.17 09:59:55.440,1.10254,1.10268,3.75,1.50
2012.12.17 09:59:55.757,1.10252,1.10264,2.48,1.50
2012.12.17 09:59:55.878,1.10252,1.10264,1.73,1.73
2012.12.17 09:59:56.329,1.10251,1.10264,1.73,1.73
2012.12.17 09:59:56.630,1.1025,1.10264,1.73,3.23
2012.12.17 09:59:57.181,1.10248,1.1026,2.48,1.73
2012.12.17 09:59:57.308,1.10248,1.1026,2.48,1.73
2012.12.17 09:59:57.798,1.10247,1.1026,3.23,1.73
2012.12.17 09:59:58.470,1.10247,1.1026,3.98,1.73
2012.12.17 09:59:58.938,1.10247,1.1026,3.98,1.73
2012.12.17 09:59:59.671,1.10249,1.1026,2.48,1.50
2012.12.17 09:59:59.808,1.1025,1.10264,2.48,1.73
