2016.03.15 03:00:00.262,1.26412,1.26415,1.50,1.57
2016.03.15 03:00:00.365,1.26424,1.26428,1.00,1.00
2016.03.15 03:00:00.467,1.26414,1.26419,1.00,1.00
2016.03.15 03:00:00.723,1.26404,1.26413,1.00,1.12
2016.03.15 03:00:00.774,1.26395,1.26412,1.00,1.10
2016.03.15 03:00:00.944,1.26391,1.2641,1.00,1.00
2016.03.15 03:00:00.995,1.26394,1.26412,1.00,1.00
2016.03.15 03:00:01.305,1.26396,1.26413,1.00,1.00
2016.03.15 03:00:01.458,1.26396,1.26415,1.00,1.10
2016.03.15 03:00:01.965,1.264,1.26417,1.00,1.12
2016.03.15 03:00:02.095,1.26401,1.2642,1.00,1.50
2016.03.15 03:00:02.349,1.26401,1.26426,1.50,2.40
2016.03.15 03:00:02.914,1.26402,1.26426,1.00,2.25
2016.03.15 03:00:03.418,1.26403,1.26427,3.00,1.20
2016.03.15 03:00:03.672,1.26403,1.26422,3.00,1.00
2016.03.15 03:00:03.825,1.264,1.26422,1.00,1.87
2016.03.15 03:00:03.876,1.26396,1.26422,3.00,1.50
2016.03.15 03:00:05.725,1.26413,1.26422,1.00,1.50
2016.03.15 03:00:05.826,1.26405,1.26431,1.50,1.12
2016.03.15 03:00:05.979,1.26403,1.26428,2.25,1.00
2016.03.15 03:00:07.784,1.26403,1.26415,2.25,1.50
2016.03.15 03:00:07.835,1.26394,1.26398,1.00,1.50
2016.03.15 03:00:07.886,1.26387,1.26394,1.00,1.00
2016.03.15 03:00:07.988,1.26381,1.26393,2.25,1.00
2016.03.15 03:00:08.090,1.26381,1.26395,1.50,1.00
2016.03.15 03:00:08.141,1.26381,1.26398,1.00,1.00
2016.03.15 03:00:08.192,1.26377,1.26402,1.20,3.00
2016.03.15 03:00:08.244,1.26377,1.26396,1.10,1.00
2016.03.15 03:00:08.594,1.26369,1.26372,2.25,1.00
2016.03.15 03:00:08.797,1.2637,1.26386,2.25,1.37
2016.03.15 03:00:08.899,1.26404,1.26407,1.00,2.62
2016.03.15 03:00:09.001,1.26403,1.26409,2.25,1.87
2016.03.15 03:00:09.052,1.26403,1.26407,2.25,1.00
2016.03.15 03:00:09.103,1.26403,1.26407,2.25,1.00
2016.03.15 03:00:09.154,1.26403,1.26416,2.25,1.37
2016.03.15 03:00:09.206,1.26397,1.26419,2.25,1.50
2016.03.15 03:00:09.308,1.26413,1.26419,1.00,1.12
2016.03.15 03:00:09.410,1.26414,1.26421,1.00,1.00
2016.03.15 03:00:09.461,1.26412,1.26421,1.00,1.00
2016.03.15 03:00:09.664,1.26415,1.26422,1.00,1.00
2016.03.15 03:00:09.715,1.26415,1.26429,1.00,1.50
2016.03.15 03:00:10.121,1.26412,1.26429,1.00,1.00
2016.03.15 03:00:10.630,1.2641,1.26429,3.75,1.00
2016.03.15 03:00:10.732,1.26412,1.26429,1.00,1.00
2016.03.15 03:00:10.936,1.26406,1.26427,1.00,1.20
2016.03.15 03:00:11.449,1.26406,1.26427,1.00,1.50
2016.03.15 03:00:12.427,1.26406,1.26427,1.00,1.20
2016.03.15 03:00:12.580,1.26406,1.26421,1.00,2.62
2016.03.15 03:00:12.834,1.26397,1.26416,1.00,1.20
2016.03.15 03:00:13.345,1.26396,1.26416,3.00,1.00
2016.03.15 03:00:13.602,1.26396,1.26412,2.25,1.00
2016.03.15 03:00:13.806,1.26385,1.26406,2.25,1.00
2016.03.15 03:00:14.804,1.26381,1.26382,3.75,1.50
2016.03.15 03:00:14.906,1.26375,1.26382,1.00,3.00
2016.03.15 03:00:15.008,1.2637,1.26377,1.00,1.50
2016.03.15 03:00:15.110,1.26362,1.2637,1.00,1.00
2016.03.15 03:00:15.212,1.26361,1.26372,1.00,1.00
2016.03.15 03:00:15.313,1.26361,1.2637,1.12,1.00
2016.03.15 03:00:15.839,1.26358,1.26371,1.59,1.00
2016.03.15 03:00:16.372,1.26367,1.2637,1.00,1.00
2016.03.15 03:00:16.474,1.26365,1.2637,1.00,1.00
2016.03.15 03:00:16.975,1.26364,1.26371,1.00,1.00
2016.03.15 03:00:17.228,1.26361,1.2637,1.00,1.00
2016.03.15 03:00:18.427,1.26359,1.26363,1.00,2.25
2016.03.15 03:00:18.479,1.26352,1.26355,1.10,1.00
2016.03.15 03:00:18.530,1.26352,1.26357,1.10,1.00
2016.03.15 03:00:18.632,1.26351,1.26359,1.00,1.00
2016.03.15 03:00:18.734,1.26349,1.26351,1.10,1.00
2016.03.15 03:00:18.836,1.26346,1.26353,1.00,1.00
2016.03.15 03:00:18.939,1.26344,1.26361,2.25,1.12
2016.03.15 03:00:18.990,1.2634,1.26362,3.00,1.57
2016.03.15 03:00:19.041,1.2634,1.26361,2.25,1.00
2016.03.15 03:00:19.123,1.2634,1.26362,2.25,1.57
2016.03.15 03:00:19.175,1.2634,1.26362,2.25,1.20
2016.03.15 03:00:19.227,1.2634,1.2636,2.25,1.87
2016.03.15 03:00:19.531,1.26357,1.26364,1.00,1.75
2016.03.15 03:00:19.583,1.26357,1.2637,1.00,1.20
2016.03.15 03:00:19.634,1.26352,1.26371,1.00,1.87
2016.03.15 03:00:19.685,1.26355,1.26371,2.25,1.00
2016.03.15 03:00:19.991,1.26365,1.26378,1.00,1.00
2016.03.15 03:00:20.042,1.26357,1.26378,2.25,1.00
2016.03.15 03:00:20.124,1.26368,1.26385,1.00,3.00
2016.03.15 03:00:20.176,1.26368,1.26389,1.00,2.25
2016.03.15 03:00:20.430,1.26365,1.26389,1.50,2.25
2016.03.15 03:00:20.534,1.26369,1.26389,1.00,2.25
2016.03.15 03:00:20.743,1.26376,1.26397,1.00,1.50
2016.03.15 03:00:20.947,1.26378,1.26396,1.00,1.00
2016.03.15 03:00:21.201,1.26378,1.26398,1.00,1.00
2016.03.15 03:00:21.723,1.26379,1.26398,1.00,1.00
2016.03.15 03:00:21.774,1.26379,1.26394,1.00,1.00
2016.03.15 03:00:21.826,1.26366,1.26388,2.62,1.00
2016.03.15 03:00:21.877,1.26367,1.26388,1.00,1.12
2016.03.15 03:00:21.928,1.26367,1.26385,1.00,1.00
2016.03.15 03:00:22.283,1.26372,1.2639,1.12,2.25
2016.03.15 03:00:22.334,1.26373,1.26393,1.00,1.37
2016.03.15 03:00:22.845,1.26373,1.26393,1.00,1.00
2016.03.15 03:00:23.565,1.26376,1.26393,1.00,1.00
2016.03.15 03:00:25.258,1.26375,1.26381,1.00,1.00
2016.03.15 03:00:25.513,1.26367,1.26378,2.25,1.00
2016.03.15 03:00:25.565,1.26361,1.26378,1.10,1.00
2016.03.15 03:00:25.616,1.26361,1.26385,1.20,1.75
2016.03.15 03:00:25.718,1.26364,1.26386,1.50,1.00
2016.03.15 03:00:25.769,1.26368,1.26386,1.00,1.00
2016.03.15 03:00:25.820,1.26368,1.26393,1.00,3.00
2016.03.15 03:00:27.964,1.2637,1.26393,1.00,3.00
2016.03.15 03:00:28.268,1.26361,1.26381,1.12,1.00
2016.03.15 03:00:28.471,1.26356,1.2638,1.50,1.00
2016.03.15 03:00:29.021,1.26358,1.2638,1.20,1.00
2016.03.15 03:00:30.146,1.26358,1.2638,1.57,2.25
2016.03.15 03:00:30.667,1.26357,1.2638,1.87,2.25
2016.03.15 03:00:30.870,1.26355,1.26379,1.65,1.00
2016.03.15 03:00:31.225,1.26355,1.26382,1.65,1.12
2016.03.15 03:00:31.428,1.26354,1.2638,2.25,1.00
2016.03.15 03:00:31.742,1.2636,1.26381,1.00,1.00
2016.03.15 03:00:31.844,1.2636,1.26383,1.00,3.15
2016.03.15 03:00:32.350,1.26358,1.26381,1.20,1.00
2016.03.15 03:00:32.654,1.26362,1.26384,3.07,1.00
2016.03.15 03:00:32.756,1.26362,1.26387,2.70,1.00
2016.03.15 03:00:32.916,1.26367,1.26387,1.45,1.00
2016.03.15 03:00:33.169,1.26363,1.26388,1.75,1.50
2016.03.15 03:00:33.271,1.26364,1.26386,1.45,1.00
2016.03.15 03:00:33.575,1.26371,1.26392,1.20,1.00
2016.03.15 03:00:33.879,1.2637,1.2639,1.12,1.00
2016.03.15 03:00:34.254,1.2637,1.2639,1.12,1.87
2016.03.15 03:00:34.559,1.26355,1.26363,1.76,1.75
2016.03.15 03:00:34.661,1.26368,1.26376,2.25,1.37
2016.03.15 03:00:34.712,1.26361,1.26374,2.25,1.00
2016.03.15 03:00:34.763,1.26364,1.26374,2.25,1.00
2016.03.15 03:00:34.814,1.26364,1.26384,2.25,1.00
2016.03.15 03:00:34.865,1.26365,1.26387,1.50,1.00
2016.03.15 03:00:36.868,1.26365,1.26385,1.50,1.00
2016.03.15 03:00:37.172,1.26362,1.2637,3.00,1.37
2016.03.15 03:00:37.224,1.26362,1.2637,2.25,1.37
2016.03.15 03:00:37.275,1.26362,1.26369,2.25,1.12
2016.03.15 03:00:37.326,1.26357,1.26361,1.00,1.87
2016.03.15 03:00:37.377,1.26348,1.26358,1.94,1.00
2016.03.15 03:00:37.429,1.26348,1.26358,1.94,1.00
2016.03.15 03:00:37.480,1.26351,1.2637,1.19,2.62
2016.03.15 03:00:37.531,1.26354,1.2637,1.75,2.25
2016.03.15 03:00:37.582,1.26356,1.26374,1.20,2.25
2016.03.15 03:00:37.633,1.26357,1.26374,1.75,2.25
2016.03.15 03:00:38.067,1.2636,1.26374,1.75,2.25
2016.03.15 03:00:38.964,1.26361,1.26382,1.75,1.00
2016.03.15 03:00:39.470,1.26361,1.26383,1.75,1.00
2016.03.15 03:00:39.778,1.26361,1.26372,1.75,1.00
2016.03.15 03:00:39.830,1.2636,1.26372,1.00,1.00
2016.03.15 03:00:39.882,1.26353,1.26356,1.00,1.00
2016.03.15 03:00:39.984,1.26349,1.26355,2.25,1.00
2016.03.15 03:00:40.086,1.26334,1.26354,1.39,1.19
2016.03.15 03:00:40.189,1.26334,1.26355,2.74,1.87
2016.03.15 03:00:40.241,1.26336,1.26355,1.75,1.87
2016.03.15 03:00:40.293,1.26343,1.26365,1.20,2.25
2016.03.15 03:00:40.344,1.26343,1.26365,1.57,2.25
2016.03.15 03:00:40.864,1.26344,1.26365,1.75,2.25
2016.03.15 03:00:41.436,1.26345,1.26373,1.50,1.12
2016.03.15 03:00:41.707,1.26348,1.26374,1.12,1.00
2016.03.15 03:00:41.808,1.26346,1.26375,1.87,3.00
2016.03.15 03:00:42.271,1.26345,1.26373,3.00,1.00
2016.03.15 03:00:42.575,1.26345,1.26369,3.00,1.00
2016.03.15 03:00:42.879,1.26343,1.26362,2.32,1.00
2016.03.15 03:00:43.220,1.26343,1.2636,2.25,1.00
2016.03.15 03:00:43.726,1.2634,1.26361,1.20,1.00
2016.03.15 03:00:43.980,1.2634,1.26358,1.20,1.00
2016.03.15 03:00:44.497,1.26338,1.26357,1.50,1.50
2016.03.15 03:00:46.055,1.26339,1.26358,1.20,1.00
2016.03.15 03:00:47.694,1.26337,1.26357,1.65,1.00
2016.03.15 03:00:48.216,1.26335,1.26356,2.25,1.50
2016.03.15 03:00:48.746,1.26335,1.26355,2.25,1.00
2016.03.15 03:00:49.293,1.26335,1.26356,2.25,1.50
2016.03.15 03:00:49.826,1.26335,1.26355,2.25,1.00
2016.03.15 03:00:50.631,1.26335,1.2635,1.75,1.87
2016.03.15 03:00:50.884,1.26331,1.26341,2.25,1.37
2016.03.15 03:00:50.935,1.26309,1.26324,1.37,1.50
2016.03.15 03:00:50.986,1.26313,1.26316,1.00,1.00
2016.03.15 03:00:51.038,1.26309,1.26316,1.00,1.37
2016.03.15 03:00:51.100,1.26308,1.26313,1.00,1.37
2016.03.15 03:00:51.152,1.26299,1.26311,2.25,2.36
2016.03.15 03:00:51.204,1.26296,1.26306,1.45,1.00
2016.03.15 03:00:51.710,1.26292,1.26306,1.33,1.00
2016.03.15 03:00:51.761,1.26291,1.26307,1.00,1.00
2016.03.15 03:00:52.277,1.26291,1.26306,1.00,1.00
2016.03.15 03:00:52.785,1.26291,1.26307,1.00,1.00
2016.03.15 03:00:54.686,1.26291,1.26307,1.20,1.00
2016.03.15 03:00:55.143,1.26292,1.26307,1.12,1.00
2016.03.15 03:00:55.827,1.26292,1.26308,1.12,1.00
2016.03.15 03:00:58.344,1.26292,1.26307,1.12,1.00
2016.03.15 03:01:00.654,1.26292,1.26309,1.50,1.00
2016.03.15 03:01:00.908,1.26293,1.26309,1.87,1.00
2016.03.15 03:01:01.512,1.26293,1.2631,1.87,1.00
2016.03.15 03:01:01.816,1.26287,1.2629,1.50,1.00
2016.03.15 03:01:01.918,1.26285,1.26289,3.00,1.50
2016.03.15 03:01:02.172,1.26287,1.26306,1.12,1.37
2016.03.15 03:01:02.274,1.26287,1.26309,1.10,1.37
2016.03.15 03:01:02.479,1.2629,1.26312,1.50,2.62
2016.03.15 03:01:02.531,1.26291,1.26314,1.20,1.00
2016.03.15 03:01:02.582,1.26291,1.26316,1.20,1.00
2016.03.15 03:01:02.937,1.26289,1.26307,1.00,1.00
2016.03.15 03:01:03.141,1.26287,1.26308,2.25,1.00
2016.03.15 03:01:03.695,1.26287,1.26307,2.25,1.00
2016.03.15 03:01:04.156,1.2629,1.26308,1.50,1.00
2016.03.15 03:01:04.462,1.26294,1.26317,1.00,3.00
2016.03.15 03:01:04.564,1.26293,1.26317,1.20,3.00
2016.03.15 03:01:04.615,1.26294,1.26319,1.75,1.12
2016.03.15 03:01:05.147,1.26295,1.26322,1.45,2.25
2016.03.15 03:01:05.350,1.26296,1.26321,2.25,1.50
2016.03.15 03:01:05.852,1.26297,1.2632,1.45,1.00
2016.03.15 03:01:06.400,1.26296,1.26315,2.25,1.00
2016.03.15 03:01:06.603,1.26294,1.26318,1.10,1.00
2016.03.15 03:01:06.756,1.26292,1.26318,2.25,1.00
2016.03.15 03:01:07.463,1.26296,1.26318,1.37,1.00
2016.03.15 03:01:07.789,1.26292,1.26312,1.00,1.00
2016.03.15 03:01:07.992,1.26286,1.26312,4.50,1.12
2016.03.15 03:01:08.094,1.2629,1.26313,2.25,1.00
2016.03.15 03:01:08.297,1.2629,1.26318,4.65,1.00
2016.03.15 03:01:08.605,1.26292,1.26318,1.00,1.00
2016.03.15 03:01:09.122,1.26293,1.26319,1.20,1.50
2016.03.15 03:01:09.632,1.26293,1.26318,1.20,1.00
2016.03.15 03:01:10.493,1.26293,1.26317,1.65,1.00
2016.03.15 03:01:10.899,1.26292,1.26319,1.87,1.50
2016.03.15 03:01:11.153,1.26291,1.26316,3.00,1.00
2016.03.15 03:01:11.457,1.26289,1.26308,1.00,1.90
2016.03.15 03:01:11.660,1.26275,1.26289,1.87,1.19
2016.03.15 03:01:11.711,1.26276,1.26297,1.00,1.52
2016.03.15 03:01:11.764,1.26276,1.26283,1.00,1.00
2016.03.15 03:01:12.002,1.26266,1.26283,1.00,1.00
2016.03.15 03:01:12.053,1.26269,1.26284,1.00,1.00
2016.03.15 03:01:12.459,1.26265,1.26285,1.00,1.00
2016.03.15 03:01:12.841,1.26266,1.26283,1.00,1.00
2016.03.15 03:01:12.943,1.26269,1.26287,1.00,1.00
2016.03.15 03:01:13.494,1.2627,1.26287,1.00,1.00
2016.03.15 03:01:14.014,1.26271,1.26287,1.00,1.00
2016.03.15 03:01:14.268,1.26264,1.26279,2.25,1.00
2016.03.15 03:01:14.370,1.26264,1.26283,2.25,1.00
2016.03.15 03:01:14.637,1.26264,1.2628,2.25,1.00
2016.03.15 03:01:15.250,1.26256,1.2628,1.37,1.12
2016.03.15 03:01:15.454,1.26255,1.2628,4.12,1.00
2016.03.15 03:01:17.862,1.26257,1.2628,1.00,1.00
2016.03.15 03:01:20.775,1.26257,1.2628,1.62,1.00
2016.03.15 03:01:20.888,1.26256,1.26282,1.56,1.00
2016.03.15 03:01:21.433,1.26258,1.26282,1.31,1.00
2016.03.15 03:01:21.837,1.2626,1.26283,1.50,1.00
2016.03.15 03:01:22.179,1.26255,1.26261,3.56,1.00
2016.03.15 03:01:22.483,1.26248,1.26259,1.94,1.00
2016.03.15 03:01:22.635,1.26251,1.26262,2.44,1.50
2016.03.15 03:01:22.889,1.26257,1.26268,1.31,1.00
2016.03.15 03:01:23.041,1.26256,1.26279,1.56,1.00
2016.03.15 03:01:23.552,1.26256,1.2628,1.00,1.00
2016.03.15 03:01:24.629,1.26256,1.26281,1.31,3.00
2016.03.15 03:01:25.005,1.26256,1.26281,1.56,3.00
2016.03.15 03:01:25.314,1.26255,1.26278,1.56,1.00
2016.03.15 03:01:25.766,1.26255,1.26276,1.56,1.00
2016.03.15 03:01:26.111,1.26235,1.26243,1.00,1.12
2016.03.15 03:01:26.264,1.26225,1.26236,3.19,1.00
2016.03.15 03:01:26.366,1.26228,1.2624,2.25,1.00
2016.03.15 03:01:26.418,1.26227,1.26242,3.75,2.25
2016.03.15 03:01:26.470,1.26227,1.26245,3.37,1.00
2016.03.15 03:01:26.521,1.26228,1.2624,2.25,1.37
2016.03.15 03:01:26.863,1.26187,1.26194,1.00,2.25
2016.03.15 03:01:26.924,1.26185,1.26194,0.75,2.25
2016.03.15 03:01:27.025,1.26186,1.26191,1.00,1.00
2016.03.15 03:01:27.076,1.26173,1.26187,1.00,1.00
2016.03.15 03:01:27.127,1.2616,1.26187,3.75,1.00
2016.03.15 03:01:27.229,1.26169,1.26184,1.00,1.00
2016.03.15 03:01:27.381,1.26161,1.2618,1.00,1.50
2016.03.15 03:01:27.483,1.26161,1.26186,1.00,4.50
2016.03.15 03:01:27.789,1.26178,1.2619,1.00,2.25
2016.03.15 03:01:27.941,1.26191,1.26207,1.00,1.00
2016.03.15 03:01:27.992,1.26189,1.26216,1.95,2.25
2016.03.15 03:01:28.296,1.26199,1.26216,1.00,3.37
2016.03.15 03:01:28.449,1.26203,1.26221,1.00,1.50
2016.03.15 03:01:28.500,1.26203,1.26218,1.00,1.00
2016.03.15 03:01:28.807,1.26204,1.26221,1.00,1.00
2016.03.15 03:01:28.909,1.26195,1.26221,3.00,1.00
2016.03.15 03:01:29.011,1.26194,1.26223,2.25,1.50
2016.03.15 03:01:29.112,1.26214,1.26222,1.00,1.50
2016.03.15 03:01:29.164,1.26218,1.26224,1.00,2.25
2016.03.15 03:01:29.215,1.26218,1.2623,1.00,1.50
2016.03.15 03:01:29.318,1.26214,1.26236,1.00,1.00
2016.03.15 03:01:29.522,1.26215,1.26239,1.00,1.00
2016.03.15 03:01:29.624,1.26212,1.2624,2.25,1.50
2016.03.15 03:01:29.676,1.26221,1.26239,1.00,1.00
2016.03.15 03:01:29.983,1.26227,1.2623,1.00,1.50
2016.03.15 03:01:30.085,1.26232,1.26242,1.00,1.00
2016.03.15 03:01:30.187,1.26234,1.26248,1.00,1.00
2016.03.15 03:01:30.289,1.26242,1.2626,1.00,1.50
2016.03.15 03:01:30.391,1.26245,1.26263,1.00,2.25
2016.03.15 03:01:30.442,1.26245,1.26266,1.00,1.00
2016.03.15 03:01:30.495,1.26245,1.26269,1.50,1.50
2016.03.15 03:01:30.546,1.26247,1.26269,2.25,1.50
2016.03.15 03:01:30.598,1.26247,1.26276,3.00,1.00
2016.03.15 03:01:30.649,1.2625,1.26276,2.25,1.00
2016.03.15 03:01:30.700,1.2625,1.26281,2.25,2.25
2016.03.15 03:01:30.801,1.26253,1.26282,1.00,2.25
2016.03.15 03:01:31.109,1.26267,1.2629,2.25,1.00
2016.03.15 03:01:31.311,1.26281,1.26306,1.00,1.50
2016.03.15 03:01:31.615,1.26279,1.26307,1.50,3.75
2016.03.15 03:01:32.072,1.26281,1.26307,1.00,3.75
2016.03.15 03:01:32.274,1.26279,1.26307,1.50,4.12
2016.03.15 03:01:32.326,1.26279,1.26289,1.00,1.00
2016.03.15 03:01:32.428,1.26273,1.26293,1.00,1.50
2016.03.15 03:01:32.530,1.2627,1.26294,1.87,2.25
2016.03.15 03:01:32.631,1.26273,1.26301,2.25,1.20
2016.03.15 03:01:32.682,1.26278,1.26301,1.00,1.20
2016.03.15 03:01:32.885,1.26287,1.26312,1.00,1.00
2016.03.15 03:01:33.037,1.26284,1.26313,1.00,3.15
2016.03.15 03:01:33.097,1.26284,1.26313,1.00,3.82
2016.03.15 03:01:33.406,1.26283,1.26298,2.25,1.00
2016.03.15 03:01:33.509,1.26274,1.26302,2.25,1.95
2016.03.15 03:01:33.662,1.26274,1.26292,2.25,1.00
2016.03.15 03:01:33.865,1.26265,1.26285,1.00,1.00
2016.03.15 03:01:33.916,1.26266,1.26283,1.00,1.00
2016.03.15 03:01:34.119,1.26264,1.26283,1.00,1.00
2016.03.15 03:01:34.230,1.26256,1.26283,2.25,1.00
2016.03.15 03:01:34.435,1.26258,1.26281,1.00,1.00
2016.03.15 03:01:34.742,1.26274,1.26286,1.00,3.00
2016.03.15 03:01:35.049,1.26277,1.26286,1.00,2.25
2016.03.15 03:01:35.100,1.26275,1.26286,1.00,2.25
2016.03.15 03:01:35.202,1.26272,1.26284,1.00,1.00
2016.03.15 03:01:35.725,1.26271,1.26284,1.00,1.00
2016.03.15 03:01:35.827,1.26275,1.26284,1.00,1.00
2016.03.15 03:01:36.386,1.26274,1.26285,1.00,1.00
2016.03.15 03:01:36.935,1.26271,1.26284,1.00,1.00
2016.03.15 03:01:36.986,1.26264,1.26285,1.09,1.00
2016.03.15 03:01:37.290,1.26263,1.26285,1.00,1.00
2016.03.15 03:01:37.342,1.26263,1.26282,1.00,1.00
2016.03.15 03:01:37.393,1.26258,1.26282,1.00,1.50
2016.03.15 03:01:37.545,1.26256,1.26282,2.25,1.50
2016.03.15 03:01:38.102,1.26256,1.26283,2.25,1.00
2016.03.15 03:01:38.205,1.26256,1.26281,2.25,1.00
2016.03.15 03:01:38.560,1.26256,1.26279,2.25,1.00
2016.03.15 03:01:38.610,1.26252,1.26279,3.75,1.00
2016.03.15 03:01:38.864,1.26252,1.26277,3.75,1.00
2016.03.15 03:01:39.171,1.26249,1.26277,1.50,3.00
2016.03.15 03:01:39.222,1.26247,1.26277,3.75,3.00
2016.03.15 03:01:39.375,1.26247,1.26273,4.50,1.00
2016.03.15 03:01:39.665,1.26244,1.26273,1.00,2.25
2016.03.15 03:01:39.716,1.26242,1.26273,1.50,3.75
2016.03.15 03:01:39.920,1.26241,1.26245,2.25,1.50
2016.03.15 03:01:40.022,1.26235,1.26243,1.50,1.00
2016.03.15 03:01:40.073,1.26235,1.26246,1.50,1.00
2016.03.15 03:01:40.126,1.26241,1.26257,1.00,1.00
2016.03.15 03:01:40.177,1.26241,1.26264,1.00,3.75
2016.03.15 03:01:40.280,1.26241,1.26268,1.00,2.25
2016.03.15 03:01:40.635,1.26239,1.26268,1.50,2.25
2016.03.15 03:01:41.155,1.2624,1.26268,1.50,2.25
2016.03.15 03:01:41.738,1.26239,1.26268,1.50,2.25
2016.03.15 03:01:42.194,1.26238,1.26266,2.25,1.00
2016.03.15 03:01:42.908,1.26244,1.26266,1.00,1.00
2016.03.15 03:01:43.112,1.26247,1.26273,1.00,1.37
2016.03.15 03:01:43.517,1.26247,1.26274,1.00,3.00
2016.03.15 03:01:43.679,1.26247,1.26272,1.00,1.00
2016.03.15 03:01:43.730,1.26245,1.26271,1.50,1.00
2016.03.15 03:01:43.832,1.26245,1.26265,1.00,1.00
2016.03.15 03:01:43.984,1.2624,1.26265,3.75,1.00
2016.03.15 03:01:44.136,1.2624,1.26269,2.25,1.12
2016.03.15 03:01:44.686,1.2624,1.2627,3.75,2.25
2016.03.15 03:01:44.788,1.2624,1.26262,4.50,1.00
2016.03.15 03:01:45.092,1.26223,1.26227,1.00,1.50
2016.03.15 03:01:45.346,1.26226,1.26238,1.00,1.00
2016.03.15 03:01:45.447,1.26229,1.26254,1.00,2.25
2016.03.15 03:01:46.277,1.26227,1.26254,1.00,2.25
2016.03.15 03:01:46.328,1.26225,1.26254,1.50,3.00
2016.03.15 03:01:46.378,1.26224,1.26251,2.40,1.50
2016.03.15 03:01:46.683,1.2622,1.26243,2.40,1.00
2016.03.15 03:01:46.735,1.26215,1.26243,1.50,1.00
2016.03.15 03:01:46.786,1.26213,1.26244,2.25,1.00
2016.03.15 03:01:46.942,1.26213,1.26244,2.25,1.37
2016.03.15 03:01:47.450,1.26213,1.26243,2.25,1.37
2016.03.15 03:01:47.754,1.2621,1.26232,1.50,1.00
2016.03.15 03:01:48.058,1.26211,1.26235,1.50,1.00
2016.03.15 03:01:48.109,1.26211,1.26239,1.50,3.00
2016.03.15 03:01:48.720,1.26211,1.26238,2.25,1.00
2016.03.15 03:01:49.024,1.26211,1.26232,2.25,1.00
2016.03.15 03:01:49.126,1.2621,1.26236,3.00,1.00
2016.03.15 03:01:49.893,1.26211,1.26229,1.87,1.00
2016.03.15 03:01:50.298,1.2621,1.26233,1.50,3.75
2016.03.15 03:01:50.349,1.26211,1.26235,1.75,1.00
2016.03.15 03:01:50.451,1.26218,1.26241,2.25,1.00
2016.03.15 03:01:50.553,1.26218,1.26245,3.37,1.00
2016.03.15 03:01:51.079,1.26219,1.26244,1.20,1.00
2016.03.15 03:01:51.198,1.26219,1.26226,1.10,1.00
2016.03.15 03:01:51.353,1.262,1.26224,1.37,2.25
2016.03.15 03:01:51.404,1.26202,1.26222,1.00,1.50
2016.03.15 03:01:51.507,1.26199,1.26223,1.00,1.00
2016.03.15 03:01:51.609,1.26206,1.26223,1.00,1.00
2016.03.15 03:01:52.119,1.26206,1.26224,1.50,2.25
2016.03.15 03:01:52.471,1.26206,1.26231,1.50,1.37
2016.03.15 03:01:52.522,1.26204,1.26228,1.00,2.25
2016.03.15 03:01:52.674,1.262,1.26228,2.25,2.25
2016.03.15 03:01:52.927,1.262,1.2622,2.25,1.00
2016.03.15 03:01:53.231,1.262,1.26222,2.25,1.00
2016.03.15 03:01:53.433,1.26202,1.26228,3.75,1.00
2016.03.15 03:01:53.484,1.26202,1.26234,3.75,3.00
2016.03.15 03:01:54.006,1.26207,1.26234,1.00,2.25
2016.03.15 03:01:54.311,1.26204,1.26235,2.62,1.00
2016.03.15 03:01:54.413,1.26204,1.26233,3.00,1.00
2016.03.15 03:01:54.565,1.26204,1.26233,2.25,1.00
2016.03.15 03:01:54.819,1.26204,1.2623,2.25,1.37
2016.03.15 03:01:55.342,1.26204,1.26228,2.25,1.37
2016.03.15 03:01:55.646,1.26204,1.26221,2.25,1.00
2016.03.15 03:01:56.793,1.26204,1.26223,2.25,1.00
2016.03.15 03:01:57.248,1.26204,1.26225,2.25,1.00
2016.03.15 03:01:57.299,1.26201,1.26224,2.25,1.00
2016.03.15 03:01:57.451,1.26206,1.26224,1.56,1.00
2016.03.15 03:01:57.659,1.26191,1.26207,1.00,1.00
2016.03.15 03:01:57.710,1.26187,1.26203,1.00,1.00
2016.03.15 03:01:57.761,1.26181,1.26203,1.31,1.00
2016.03.15 03:01:57.812,1.26181,1.26206,1.31,1.00
2016.03.15 03:01:57.863,1.26181,1.26206,1.56,1.37
2016.03.15 03:01:57.965,1.2618,1.26211,2.06,3.00
2016.03.15 03:01:58.067,1.26185,1.26213,2.06,1.00
2016.03.15 03:01:58.169,1.26193,1.26217,1.56,1.00
2016.03.15 03:01:58.575,1.26196,1.26218,1.00,2.25
2016.03.15 03:01:58.877,1.26187,1.26188,2.25,1.00
2016.03.15 03:01:59.029,1.2617,1.26182,1.12,1.75
2016.03.15 03:01:59.081,1.26171,1.26182,1.12,1.75
2016.03.15 03:01:59.182,1.26178,1.26198,1.00,1.45
2016.03.15 03:01:59.284,1.26183,1.2619,1.00,1.50
2016.03.15 03:01:59.386,1.2617,1.2619,1.00,1.50
2016.03.15 03:01:59.487,1.26175,1.26199,1.00,1.81
2016.03.15 03:01:59.539,1.26175,1.26204,1.00,2.25
2016.03.15 03:01:59.590,1.26179,1.26208,1.00,1.00
2016.03.15 03:02:00.121,1.26187,1.26208,1.00,1.00
2016.03.15 03:02:00.426,1.26207,1.26224,1.56,1.00
2016.03.15 03:02:00.578,1.26205,1.26227,1.50,1.00
2016.03.15 03:02:00.781,1.26204,1.26211,2.25,1.31
2016.03.15 03:02:00.934,1.26168,1.26181,2.06,1.87
2016.03.15 03:02:01.048,1.26157,1.26174,1.66,1.12
2016.03.15 03:02:01.099,1.26167,1.26174,1.00,1.75
2016.03.15 03:02:01.201,1.26159,1.26174,1.31,1.75
2016.03.15 03:02:01.254,1.26159,1.26177,1.00,1.00
2016.03.15 03:02:01.305,1.26165,1.26177,1.00,1.00
2016.03.15 03:02:01.610,1.26163,1.26175,1.00,1.00
2016.03.15 03:02:01.915,1.2617,1.26179,1.00,1.00
2016.03.15 03:02:02.320,1.26173,1.26184,1.00,1.50
2016.03.15 03:02:02.472,1.26173,1.26187,1.00,1.87
2016.03.15 03:02:02.574,1.26172,1.26189,1.50,1.00
2016.03.15 03:02:02.777,1.2618,1.26198,1.00,1.75
2016.03.15 03:02:02.929,1.26183,1.26208,1.00,2.25
2016.03.15 03:02:03.442,1.26184,1.26197,1.00,1.50
2016.03.15 03:02:03.746,1.26178,1.26199,2.25,1.37
2016.03.15 03:02:03.848,1.26179,1.26204,1.00,2.25
2016.03.15 03:02:03.899,1.2618,1.26207,1.00,1.00
2016.03.15 03:02:04.001,1.26178,1.26206,2.25,1.00
2016.03.15 03:02:04.103,1.26178,1.26196,2.25,1.50
2016.03.15 03:02:04.408,1.26149,1.26171,2.02,3.00
2016.03.15 03:02:04.459,1.2615,1.26175,1.13,1.00
2016.03.15 03:02:04.510,1.2615,1.26175,1.54,3.00
2016.03.15 03:02:04.663,1.26151,1.26174,1.00,1.00
2016.03.15 03:02:04.764,1.2615,1.26178,1.00,2.25
2016.03.15 03:02:05.322,1.26148,1.26178,2.40,2.25
2016.03.15 03:02:05.636,1.26156,1.26182,2.25,1.00
2016.03.15 03:02:05.738,1.26156,1.26185,2.25,1.50
2016.03.15 03:02:06.093,1.26156,1.26186,2.52,2.62
2016.03.15 03:02:06.655,1.26156,1.26184,3.27,1.00
2016.03.15 03:02:07.165,1.26156,1.26183,3.27,1.50
2016.03.15 03:02:07.266,1.26156,1.26186,3.27,3.00
2016.03.15 03:02:07.924,1.26156,1.26185,2.52,1.00
2016.03.15 03:02:07.976,1.26156,1.26169,2.25,0.45
2016.03.15 03:02:08.081,1.26143,1.26147,2.25,1.15
2016.03.15 03:02:08.132,1.26143,1.26147,2.25,1.00
2016.03.15 03:02:08.183,1.26143,1.2615,2.25,1.50
2016.03.15 03:02:08.335,1.26146,1.26164,1.00,1.87
2016.03.15 03:02:08.387,1.26146,1.26164,1.00,1.00
2016.03.15 03:02:08.438,1.26149,1.26164,1.00,1.00
2016.03.15 03:02:08.489,1.26147,1.26166,1.00,1.00
2016.03.15 03:02:08.590,1.26147,1.26163,1.00,1.00
2016.03.15 03:02:08.915,1.26145,1.2616,1.00,1.00
2016.03.15 03:02:09.423,1.26145,1.26161,1.00,1.00
2016.03.15 03:02:09.728,1.26151,1.26167,1.00,1.00
2016.03.15 03:02:10.234,1.26152,1.26168,1.00,1.00
2016.03.15 03:02:10.723,1.26149,1.26161,2.25,1.00
2016.03.15 03:02:10.824,1.26138,1.2616,3.00,1.00
2016.03.15 03:02:10.875,1.26138,1.26152,2.25,1.00
2016.03.15 03:02:10.926,1.2613,1.26152,2.25,1.00
2016.03.15 03:02:10.977,1.2613,1.26146,1.50,1.00
2016.03.15 03:02:11.028,1.26125,1.26146,2.25,1.00
2016.03.15 03:02:11.130,1.26124,1.26146,3.00,1.50
2016.03.15 03:02:11.432,1.2613,1.26147,1.50,2.25
2016.03.15 03:02:11.485,1.2613,1.26157,4.50,1.50
2016.03.15 03:02:11.536,1.26136,1.2616,1.00,3.00
2016.03.15 03:02:11.587,1.26136,1.26162,1.00,1.50
2016.03.15 03:02:11.638,1.26138,1.2616,1.00,1.00
2016.03.15 03:02:11.739,1.26135,1.26159,1.00,1.00
2016.03.15 03:02:12.043,1.26136,1.26156,1.00,1.00
2016.03.15 03:02:12.347,1.26135,1.26153,1.00,1.00
2016.03.15 03:02:12.901,1.26134,1.26153,2.25,1.00
2016.03.15 03:02:13.205,1.26134,1.26156,2.25,1.00
2016.03.15 03:02:13.534,1.26139,1.26156,1.00,1.00
2016.03.15 03:02:13.838,1.26129,1.26151,2.25,1.50
2016.03.15 03:02:13.889,1.26127,1.26151,1.00,2.25
2016.03.15 03:02:14.395,1.26128,1.26152,1.00,2.25
2016.03.15 03:02:14.446,1.26131,1.26152,1.00,2.25
2016.03.15 03:02:14.548,1.26129,1.26152,1.00,2.25
2016.03.15 03:02:14.649,1.2613,1.26146,1.00,1.00
2016.03.15 03:02:16.250,1.26132,1.26146,1.00,1.00
2016.03.15 03:02:16.593,1.26134,1.2615,1.00,1.12
2016.03.15 03:02:16.644,1.26137,1.26154,2.62,1.00
2016.03.15 03:02:16.696,1.26139,1.26156,1.10,2.25
2016.03.15 03:02:16.747,1.26152,1.26159,1.00,1.87
2016.03.15 03:02:16.849,1.26137,1.26158,1.75,1.95
2016.03.15 03:02:16.900,1.26139,1.26158,1.00,1.87
2016.03.15 03:02:16.951,1.26141,1.26157,1.00,1.12
2016.03.15 03:02:17.052,1.26139,1.26155,1.00,1.00
2016.03.15 03:02:17.154,1.26141,1.26156,1.00,1.00
2016.03.15 03:02:17.255,1.26141,1.2616,1.00,1.00
2016.03.15 03:02:17.458,1.26138,1.26159,1.00,1.00
2016.03.15 03:02:17.726,1.26138,1.26157,1.00,1.00
2016.03.15 03:02:18.248,1.26138,1.26158,1.00,1.00
2016.03.15 03:02:18.555,1.26138,1.2616,1.00,1.00
2016.03.15 03:02:19.718,1.26135,1.26156,2.25,1.00
2016.03.15 03:02:20.158,1.26135,1.26158,1.00,1.00
2016.03.15 03:02:20.260,1.26135,1.2616,1.00,1.00
2016.03.15 03:02:20.800,1.26136,1.26161,1.87,1.20
2016.03.15 03:02:21.401,1.26138,1.26161,2.25,1.20
2016.03.15 03:02:21.705,1.26148,1.26163,1.00,1.00
2016.03.15 03:02:22.009,1.26149,1.26166,1.87,1.87
2016.03.15 03:02:22.111,1.26151,1.26167,1.57,2.25
2016.03.15 03:02:22.364,1.26154,1.2617,1.50,2.25
2016.03.15 03:02:22.473,1.26155,1.26172,1.50,2.25
2016.03.15 03:02:22.727,1.26156,1.26174,1.50,2.25
2016.03.15 03:02:22.829,1.26159,1.26174,1.00,1.10
2016.03.15 03:02:23.657,1.2616,1.26177,1.00,3.75
2016.03.15 03:02:23.900,1.26165,1.26181,1.00,1.00
2016.03.15 03:02:24.413,1.26165,1.26181,1.00,1.12
2016.03.15 03:02:24.981,1.26165,1.26182,1.00,1.50
2016.03.15 03:02:25.562,1.26165,1.26183,1.00,1.20
2016.03.15 03:02:26.128,1.26166,1.26185,1.00,2.25
2016.03.15 03:02:26.654,1.26165,1.26185,1.00,3.00
2016.03.15 03:02:27.085,1.26165,1.26183,1.00,3.37
2016.03.15 03:02:27.238,1.26164,1.26184,1.50,1.00
2016.03.15 03:02:27.414,1.26169,1.26186,1.00,1.00
2016.03.15 03:02:27.465,1.26169,1.26189,1.00,1.50
2016.03.15 03:02:27.566,1.2617,1.2619,2.25,1.00
2016.03.15 03:02:27.617,1.26175,1.26195,1.50,3.75
2016.03.15 03:02:27.871,1.26179,1.26201,1.50,1.37
2016.03.15 03:02:27.973,1.2618,1.262,2.25,1.37
2016.03.15 03:02:28.075,1.2618,1.26202,1.00,2.25
2016.03.15 03:02:28.228,1.26186,1.26202,1.00,2.77
2016.03.15 03:02:28.357,1.26186,1.26205,1.00,1.50
2016.03.15 03:02:28.408,1.2618,1.26207,1.47,2.25
2016.03.15 03:02:28.918,1.26182,1.26207,1.00,2.25
2016.03.15 03:02:29.121,1.26182,1.26205,1.37,1.50
2016.03.15 03:02:29.425,1.26192,1.26215,4.12,1.00
2016.03.15 03:02:29.494,1.26193,1.26219,1.85,1.00
2016.03.15 03:02:29.647,1.26195,1.26222,3.75,3.00
2016.03.15 03:02:29.900,1.26195,1.26219,3.75,1.00
2016.03.15 03:02:30.403,1.26196,1.2622,1.12,1.00
2016.03.15 03:02:31.912,1.26198,1.26221,1.00,1.00
2016.03.15 03:02:32.437,1.26198,1.2622,1.00,1.00
2016.03.15 03:02:32.742,1.26198,1.2622,2.25,1.00
2016.03.15 03:02:33.292,1.262,1.26221,1.00,1.00
2016.03.15 03:02:33.818,1.262,1.2622,1.00,1.00
2016.03.15 03:02:34.370,1.262,1.26215,1.00,1.00
2016.03.15 03:02:34.421,1.26196,1.26215,3.00,1.00
2016.03.15 03:02:34.472,1.26197,1.26218,1.00,1.00
2016.03.15 03:02:34.675,1.26199,1.26216,1.00,1.00
2016.03.15 03:02:34.979,1.26199,1.26214,1.00,1.00
2016.03.15 03:02:35.686,1.26197,1.26212,1.00,1.00
2016.03.15 03:02:36.199,1.26193,1.26211,2.25,1.00
2016.03.15 03:02:36.250,1.26193,1.26211,1.57,1.00
2016.03.15 03:02:36.604,1.26196,1.2621,1.00,1.00
2016.03.15 03:02:36.706,1.26196,1.26213,1.57,1.00
2016.03.15 03:02:36.807,1.26198,1.26213,1.00,1.00
2016.03.15 03:02:37.935,1.26198,1.26212,1.00,1.00
2016.03.15 03:02:37.986,1.26196,1.26212,1.00,1.00
2016.03.15 03:02:38.492,1.26195,1.26212,1.00,1.00
2016.03.15 03:02:38.766,1.26191,1.26211,1.00,1.00
2016.03.15 03:02:39.272,1.26191,1.26209,1.00,1.00
2016.03.15 03:02:39.958,1.26191,1.26209,1.50,1.00
2016.03.15 03:02:40.312,1.26195,1.26209,1.00,1.00
2016.03.15 03:02:40.515,1.26201,1.26216,1.20,2.25
2016.03.15 03:02:41.025,1.26202,1.26218,1.00,1.65
2016.03.15 03:02:41.555,1.26202,1.26217,1.00,1.00
2016.03.15 03:02:41.606,1.26207,1.26217,1.00,1.00
2016.03.15 03:02:42.112,1.26206,1.26217,1.00,1.00
2016.03.15 03:02:42.491,1.26203,1.26217,1.00,1.00
2016.03.15 03:02:42.694,1.26203,1.26217,1.00,2.25
2016.03.15 03:02:43.048,1.26199,1.26215,1.65,1.27
2016.03.15 03:02:43.149,1.26203,1.26215,1.00,1.20
2016.03.15 03:02:43.794,1.26201,1.26215,1.00,1.20
2016.03.15 03:02:44.148,1.26203,1.26217,1.00,2.25
2016.03.15 03:02:44.351,1.26203,1.26218,1.00,1.10
2016.03.15 03:02:44.503,1.26204,1.2622,1.20,1.10
2016.03.15 03:02:44.807,1.26207,1.26222,1.10,1.10
2016.03.15 03:02:45.063,1.26207,1.26224,1.50,1.00
2016.03.15 03:02:45.518,1.26211,1.26227,1.00,1.87
2016.03.15 03:02:46.671,1.26211,1.26227,1.00,1.50
2016.03.15 03:02:48.029,1.26213,1.26228,1.00,1.20
2016.03.15 03:02:48.394,1.26207,1.26222,1.87,1.50
2016.03.15 03:02:48.496,1.26206,1.26221,1.00,1.50
2016.03.15 03:02:48.654,1.26208,1.26221,1.00,1.50
2016.03.15 03:02:48.806,1.26206,1.26221,1.00,2.62
2016.03.15 03:02:49.327,1.26207,1.26221,1.00,2.62
2016.03.15 03:02:49.428,1.26204,1.26221,1.39,1.87
2016.03.15 03:02:49.609,1.26204,1.26221,1.10,1.00
2016.03.15 03:02:49.811,1.26212,1.26224,1.56,1.00
2016.03.15 03:02:49.913,1.26215,1.26232,2.06,1.00
2016.03.15 03:02:50.015,1.26218,1.26237,2.81,2.25
2016.03.15 03:02:50.521,1.2622,1.26236,1.00,1.50
2016.03.15 03:02:50.623,1.2622,1.26237,1.31,1.00
2016.03.15 03:02:50.724,1.26222,1.26239,2.14,1.50
2016.03.15 03:02:51.288,1.26223,1.26239,1.31,1.50
2016.03.15 03:02:52.343,1.26222,1.26239,1.31,1.50
2016.03.15 03:02:52.663,1.26227,1.2624,1.00,1.80
2016.03.15 03:02:52.815,1.26231,1.26246,1.10,2.32
2016.03.15 03:02:52.866,1.26231,1.26246,1.20,1.65
2016.03.15 03:02:56.372,1.26231,1.26245,1.20,1.00
2016.03.15 03:02:56.509,1.26229,1.26245,1.10,1.20
2016.03.15 03:02:57.016,1.26227,1.26244,1.50,1.50
2016.03.15 03:02:57.927,1.26225,1.26244,3.00,2.25
2016.03.15 03:02:58.448,1.26226,1.26241,1.20,1.20
2016.03.15 03:02:59.245,1.26226,1.26241,1.76,1.20
2016.03.15 03:02:59.386,1.26226,1.26241,1.20,1.20
2016.03.15 03:02:59.958,1.26224,1.26239,1.00,1.00
2016.03.15 03:03:01.226,1.26222,1.2624,2.06,1.20
2016.03.15 03:03:01.531,1.26223,1.26237,1.00,1.50
2016.03.15 03:03:02.243,1.2622,1.26236,2.81,1.20
2016.03.15 03:03:02.547,1.26219,1.26234,2.06,1.00
2016.03.15 03:03:03.058,1.26219,1.26234,1.65,1.20
2016.03.15 03:03:04.459,1.2622,1.26234,1.00,1.20
2016.03.15 03:03:05.913,1.2622,1.26236,2.06,3.00
2016.03.15 03:03:07.174,1.26226,1.2624,1.00,1.12
2016.03.15 03:03:07.276,1.26228,1.26244,1.00,1.20
2016.03.15 03:03:07.424,1.2623,1.26246,1.00,2.25
2016.03.15 03:03:07.475,1.2623,1.26246,1.50,1.20
2016.03.15 03:03:08.938,1.2623,1.26245,1.31,1.00
2016.03.15 03:03:09.445,1.2623,1.26247,1.20,2.25
2016.03.15 03:03:11.749,1.2623,1.26245,1.39,1.20
2016.03.15 03:03:12.252,1.2623,1.26245,1.56,1.20
2016.03.15 03:03:12.654,1.26228,1.26246,1.20,1.87
2016.03.15 03:03:13.009,1.26227,1.26243,1.00,1.50
2016.03.15 03:03:13.110,1.26225,1.26243,1.00,1.50
2016.03.15 03:03:13.161,1.26225,1.26241,1.00,1.00
2016.03.15 03:03:14.647,1.26223,1.26241,1.20,1.00
2016.03.15 03:03:14.989,1.26225,1.26242,1.56,1.00
2016.03.15 03:03:15.293,1.26225,1.26242,6.56,1.00
2016.03.15 03:03:15.823,1.26226,1.26243,2.06,1.00
2016.03.15 03:03:16.614,1.26226,1.26243,2.06,1.00
2016.03.15 03:03:16.817,1.26226,1.26242,1.00,1.00
2016.03.15 03:03:17.328,1.26223,1.26241,1.87,1.00
2016.03.15 03:03:17.380,1.26223,1.26241,1.20,1.00
2016.03.15 03:03:18.062,1.2622,1.26244,4.87,1.00
2016.03.15 03:03:18.581,1.2622,1.26244,3.75,1.00
2016.03.15 03:03:18.783,1.26219,1.26244,1.57,1.00
2016.03.15 03:03:19.788,1.26219,1.26238,1.20,1.50
2016.03.15 03:03:20.328,1.26218,1.26237,1.56,1.20
2016.03.15 03:03:20.698,1.26217,1.26233,1.76,1.20
2016.03.15 03:03:21.201,1.2622,1.26233,1.00,1.20
2016.03.15 03:03:23.528,1.2622,1.26233,1.56,1.20
2016.03.15 03:03:23.731,1.2622,1.26233,1.00,1.20
2016.03.15 03:03:25.291,1.2622,1.26234,1.00,1.20
2016.03.15 03:03:25.443,1.2622,1.26234,1.56,1.20
2016.03.15 03:03:25.539,1.2622,1.26234,1.00,1.20
2016.03.15 03:03:28.524,1.2622,1.26234,1.56,1.50
2016.03.15 03:03:29.073,1.26219,1.26233,1.56,1.20
2016.03.15 03:03:29.759,1.26219,1.26232,1.56,1.10
2016.03.15 03:03:30.538,1.26219,1.26232,1.56,1.10
2016.03.15 03:03:31.065,1.26219,1.26234,1.56,1.87
2016.03.15 03:03:31.224,1.26219,1.26235,1.76,1.50
2016.03.15 03:03:31.737,1.2622,1.26235,1.56,1.50
2016.03.15 03:03:32.146,1.2622,1.26235,1.00,1.00
2016.03.15 03:03:32.318,1.26219,1.26238,1.31,1.20
2016.03.15 03:03:33.620,1.26219,1.26238,1.56,1.20
2016.03.15 03:03:33.672,1.26215,1.26238,5.06,1.76
2016.03.15 03:03:33.774,1.26211,1.26232,1.00,1.76
2016.03.15 03:03:33.876,1.26206,1.26225,1.37,2.06
2016.03.15 03:03:33.927,1.26195,1.26222,3.94,1.50
2016.03.15 03:03:33.979,1.26195,1.26222,2.44,2.25
2016.03.15 03:03:34.396,1.26195,1.2622,1.76,1.47
2016.03.15 03:03:34.750,1.26194,1.26216,3.94,1.20
2016.03.15 03:03:35.049,1.26196,1.26219,1.12,1.00
2016.03.15 03:03:35.202,1.26198,1.26222,1.64,1.00
2016.03.15 03:03:36.033,1.26198,1.26222,1.64,1.00
2016.03.15 03:03:38.611,1.262,1.26224,1.56,1.00
2016.03.15 03:03:40.028,1.262,1.26224,2.14,1.00
2016.03.15 03:03:40.336,1.26201,1.26224,1.56,1.00
2016.03.15 03:03:42.568,1.26202,1.26224,1.56,1.00
2016.03.15 03:03:44.564,1.26202,1.26224,1.56,1.00
2016.03.15 03:03:45.156,1.26202,1.26226,1.69,1.00
2016.03.15 03:03:48.587,1.26203,1.26226,1.56,1.00
2016.03.15 03:03:49.584,1.26203,1.26226,1.56,1.00
2016.03.15 03:03:50.480,1.26203,1.26226,1.56,1.00
2016.03.15 03:03:50.785,1.26202,1.26226,1.94,1.00
2016.03.15 03:03:50.937,1.26205,1.26229,1.56,1.20
2016.03.15 03:03:52.247,1.26206,1.26228,1.56,1.10
2016.03.15 03:03:54.380,1.26205,1.26228,1.56,1.10
2016.03.15 03:03:54.583,1.26206,1.2623,1.56,2.40
2016.03.15 03:03:54.684,1.26206,1.2623,1.56,2.40
2016.03.15 03:03:54.786,1.26208,1.26232,1.56,1.00
2016.03.15 03:03:55.159,1.2621,1.26233,1.56,1.20
2016.03.15 03:03:55.480,1.2621,1.26233,1.56,1.20
2016.03.15 03:03:55.795,1.2621,1.26233,1.56,1.20
2016.03.15 03:03:56.649,1.2621,1.26231,1.56,1.00
2016.03.15 03:03:58.580,1.2621,1.26231,1.56,1.00
2016.03.15 03:03:59.084,1.2621,1.26232,1.56,1.00
2016.03.15 03:04:00.096,1.26211,1.26232,1.56,1.00
2016.03.15 03:04:00.640,1.2621,1.26233,2.06,1.65
2016.03.15 03:04:01.173,1.26211,1.26232,1.56,1.00
2016.03.15 03:04:01.375,1.2621,1.26233,1.56,1.20
2016.03.15 03:04:03.600,1.2621,1.26233,1.56,1.20
2016.03.15 03:04:04.657,1.2621,1.26233,1.56,1.65
2016.03.15 03:04:07.165,1.2621,1.26233,1.56,1.65
2016.03.15 03:04:07.467,1.2621,1.26233,1.56,1.65
2016.03.15 03:04:07.874,1.2621,1.26233,1.56,1.65
2016.03.15 03:04:08.193,1.2621,1.26234,2.06,2.25
2016.03.15 03:04:08.320,1.26211,1.26234,1.56,2.25
2016.03.15 03:04:08.371,1.26211,1.26239,1.56,1.00
2016.03.15 03:04:08.975,1.2621,1.2624,6.94,4.57
2016.03.15 03:04:09.493,1.26214,1.2624,2.81,1.00
2016.03.15 03:04:09.594,1.26214,1.26244,3.64,1.17
2016.03.15 03:04:10.087,1.26214,1.26244,3.94,1.50
2016.03.15 03:04:10.290,1.26219,1.26246,1.94,2.25
2016.03.15 03:04:10.392,1.2622,1.26248,4.69,1.00
2016.03.15 03:04:10.595,1.2622,1.26246,3.56,1.00
2016.03.15 03:04:11.592,1.2622,1.26246,5.06,1.00
2016.03.15 03:04:12.130,1.26222,1.26247,1.56,1.00
2016.03.15 03:04:12.637,1.26222,1.26248,1.56,1.20
2016.03.15 03:04:13.143,1.26222,1.26247,1.31,1.00
2016.03.15 03:04:14.217,1.2622,1.26247,2.25,1.00
2016.03.15 03:04:14.725,1.2622,1.26248,2.25,1.65
2016.03.15 03:04:15.028,1.26222,1.26248,1.00,1.20
2016.03.15 03:04:15.821,1.2622,1.26248,2.62,1.20
2016.03.15 03:04:16.357,1.2622,1.26248,2.62,1.20
2016.03.15 03:04:18.065,1.2622,1.26248,2.62,1.20
2016.03.15 03:04:19.368,1.2622,1.26248,4.12,1.20
2016.03.15 03:04:19.899,1.2622,1.26248,4.12,1.20
2016.03.15 03:04:21.487,1.2622,1.26248,4.12,1.20
2016.03.15 03:04:21.861,1.2622,1.2625,5.62,3.75
2016.03.15 03:04:22.114,1.2622,1.2625,5.62,3.75
2016.03.15 03:04:23.097,1.26222,1.2625,1.37,3.00
2016.03.15 03:04:23.405,1.26223,1.26248,1.00,2.25
2016.03.15 03:04:23.710,1.26223,1.26246,1.00,1.00
2016.03.15 03:04:24.015,1.26226,1.26248,1.00,2.25
2016.03.15 03:04:24.117,1.26226,1.26253,3.00,1.50
2016.03.15 03:04:24.219,1.26226,1.26253,3.00,2.44
2016.03.15 03:04:24.475,1.26223,1.26249,2.25,1.00
2016.03.15 03:04:24.526,1.26223,1.26245,2.25,1.50
2016.03.15 03:04:24.577,1.26221,1.26245,1.00,1.50
2016.03.15 03:04:24.628,1.26219,1.26245,2.25,1.50
2016.03.15 03:04:25.146,1.26219,1.26249,2.25,2.25
2016.03.15 03:04:25.603,1.26219,1.26249,3.37,2.25
2016.03.15 03:04:26.110,1.26223,1.26249,1.00,2.25
2016.03.15 03:04:26.666,1.26223,1.26253,1.00,2.25
2016.03.15 03:04:28.211,1.26223,1.26252,1.00,1.00
2016.03.15 03:04:28.515,1.26221,1.26251,2.25,1.00
2016.03.15 03:04:28.677,1.26223,1.26251,1.00,1.00
2016.03.15 03:04:29.133,1.26223,1.26253,1.56,3.37
2016.03.15 03:04:29.184,1.26223,1.26253,1.56,3.37
2016.03.15 03:04:29.235,1.26223,1.26253,1.94,2.25
2016.03.15 03:04:29.639,1.2623,1.26253,1.00,2.25
2016.03.15 03:04:30.422,1.2623,1.26258,1.00,2.25
2016.03.15 03:04:30.833,1.26228,1.26258,2.25,2.25
2016.03.15 03:04:31.339,1.26229,1.26258,1.50,2.25
2016.03.15 03:04:32.852,1.26228,1.26258,2.25,2.25
2016.03.15 03:04:36.769,1.26228,1.26255,2.25,1.50
2016.03.15 03:04:36.871,1.26224,1.26254,2.25,2.25
2016.03.15 03:04:37.863,1.26228,1.26255,2.25,1.50
2016.03.15 03:04:37.914,1.26228,1.26258,2.25,2.62
2016.03.15 03:04:40.132,1.26228,1.26258,2.62,2.25
2016.03.15 03:04:40.398,1.26231,1.26259,2.25,1.12
2016.03.15 03:04:41.238,1.26231,1.2626,2.25,1.12
2016.03.15 03:04:42.242,1.26231,1.26262,3.37,1.31
2016.03.15 03:04:42.652,1.26231,1.26263,4.12,2.81
2016.03.15 03:04:43.081,1.26231,1.26261,3.37,1.00
2016.03.15 03:04:43.283,1.26231,1.26261,3.37,1.20
2016.03.15 03:04:43.385,1.26237,1.26261,2.25,1.20
2016.03.15 03:04:44.291,1.26237,1.2626,2.25,1.00
2016.03.15 03:04:58.521,1.26237,1.26264,2.25,2.25
2016.03.15 03:05:05.536,1.26237,1.26265,2.25,1.50
2016.03.15 03:05:05.826,1.26237,1.26265,2.25,1.87
2016.03.15 03:05:06.341,1.26237,1.26265,2.25,1.50
2016.03.15 03:05:06.837,1.26237,1.26266,2.25,2.62
2016.03.15 03:05:06.939,1.26237,1.26265,2.25,1.50
2016.03.15 03:05:08.204,1.26239,1.26265,1.00,1.12
2016.03.15 03:05:08.508,1.26237,1.26259,2.25,1.00
2016.03.15 03:05:09.014,1.26237,1.2626,2.25,1.00
2016.03.15 03:05:12.376,1.26237,1.2626,2.62,1.00
2016.03.15 03:05:13.360,1.26237,1.2626,2.62,1.00
2016.03.15 03:05:13.902,1.26237,1.2626,2.62,1.00
2016.03.15 03:05:14.267,1.26237,1.2626,2.62,1.00
2016.03.15 03:05:14.791,1.26237,1.26259,3.37,1.00
2016.03.15 03:05:14.994,1.26238,1.26262,1.37,1.00
2016.03.15 03:05:15.499,1.26237,1.26261,2.62,1.00
2016.03.15 03:05:15.601,1.26237,1.2626,2.25,1.00
2016.03.15 03:05:15.652,1.26237,1.26256,2.25,1.00
2016.03.15 03:05:15.754,1.26237,1.26259,2.25,1.00
2016.03.15 03:05:15.956,1.26237,1.26257,2.25,1.00
2016.03.15 03:05:16.312,1.26237,1.26259,2.25,1.00
2016.03.15 03:05:16.515,1.26237,1.26261,2.25,1.00
2016.03.15 03:05:19.410,1.26238,1.26262,1.94,1.56
2016.03.15 03:05:19.529,1.26241,1.26266,1.50,2.06
2016.03.15 03:05:19.934,1.26239,1.26264,1.00,1.00
2016.03.15 03:05:20.577,1.26243,1.26264,1.00,1.50
2016.03.15 03:05:20.888,1.26242,1.26261,1.00,1.50
2016.03.15 03:05:22.462,1.26237,1.26261,2.81,1.00
2016.03.15 03:05:22.514,1.26237,1.26261,2.25,1.00
2016.03.15 03:05:24.989,1.26237,1.26262,2.25,1.00
2016.03.15 03:05:25.090,1.26237,1.26264,2.25,1.31
2016.03.15 03:05:25.141,1.26237,1.26262,2.25,1.00
2016.03.15 03:05:26.416,1.26243,1.26262,1.00,1.00
2016.03.15 03:05:26.922,1.26242,1.26261,1.00,1.00
2016.03.15 03:05:32.043,1.26237,1.26261,3.94,1.00
2016.03.15 03:05:32.145,1.26243,1.26262,1.00,1.00
2016.03.15 03:05:32.678,1.26243,1.26261,1.00,1.00
2016.03.15 03:05:33.930,1.26243,1.26262,1.00,1.00
2016.03.15 03:05:34.505,1.26243,1.26261,1.00,1.00
2016.03.15 03:05:35.054,1.26243,1.26262,1.00,1.00
2016.03.15 03:05:35.405,1.26243,1.26258,1.00,1.00
2016.03.15 03:05:35.950,1.26243,1.26259,1.00,1.00
2016.03.15 03:05:36.755,1.26243,1.2626,1.00,1.00
2016.03.15 03:05:37.359,1.26243,1.26259,1.00,1.00
2016.03.15 03:05:40.232,1.26243,1.2626,1.00,1.00
2016.03.15 03:05:40.937,1.26243,1.26259,1.00,1.00
2016.03.15 03:05:41.287,1.26245,1.26259,1.00,1.00
2016.03.15 03:05:41.490,1.26245,1.26261,1.25,1.00
2016.03.15 03:05:41.642,1.26239,1.26264,1.12,1.12
2016.03.15 03:05:42.168,1.26241,1.26264,1.56,1.00
2016.03.15 03:05:42.675,1.2624,1.26265,1.56,1.00
2016.03.15 03:05:43.292,1.2624,1.26265,1.56,1.00
2016.03.15 03:05:43.833,1.26238,1.26266,1.12,1.12
2016.03.15 03:05:46.567,1.26238,1.26266,1.12,1.00
2016.03.15 03:05:47.875,1.26238,1.26265,1.12,1.00
2016.03.15 03:05:48.179,1.26244,1.26265,1.12,1.00
2016.03.15 03:05:48.281,1.26245,1.26267,1.94,1.37
2016.03.15 03:05:48.611,1.26241,1.26265,1.94,1.00
2016.03.15 03:05:49.881,1.2624,1.26267,1.94,1.12
2016.03.15 03:05:49.982,1.2624,1.26265,1.66,1.00
2016.03.15 03:05:50.530,1.2624,1.26266,2.44,1.12
2016.03.15 03:05:51.704,1.2624,1.26267,2.44,1.12
2016.03.15 03:05:52.220,1.2624,1.26266,2.44,1.12
2016.03.15 03:05:52.748,1.2624,1.26266,3.19,1.00
2016.03.15 03:05:53.391,1.2624,1.26267,2.44,1.00
2016.03.15 03:05:54.946,1.2624,1.26267,3.00,1.31
2016.03.15 03:05:55.058,1.2624,1.26267,2.44,1.00
2016.03.15 03:05:55.598,1.2624,1.26266,2.44,1.00
2016.03.15 03:05:56.132,1.26239,1.26267,2.25,1.00
2016.03.15 03:05:56.689,1.26239,1.26265,2.25,1.00
2016.03.15 03:05:58.366,1.26241,1.26267,1.12,1.00
2016.03.15 03:05:58.467,1.26241,1.26272,1.12,1.00
2016.03.15 03:05:59.021,1.26243,1.2627,3.19,1.00
2016.03.15 03:05:59.072,1.26243,1.26272,2.81,1.50
2016.03.15 03:05:59.275,1.26243,1.26268,3.19,1.00
2016.03.15 03:05:59.782,1.26243,1.26268,3.19,1.00
2016.03.15 03:06:00.309,1.26243,1.26267,2.89,1.00
2016.03.15 03:06:01.867,1.26243,1.2627,2.89,1.10
2016.03.15 03:06:04.288,1.26249,1.26271,1.50,1.50
2016.03.15 03:06:04.446,1.26261,1.26278,1.00,1.00
2016.03.15 03:06:04.497,1.26259,1.26278,1.56,1.87
2016.03.15 03:06:04.750,1.26254,1.26273,1.56,1.00
2016.03.15 03:06:05.105,1.26251,1.26275,3.56,1.50
2016.03.15 03:06:05.358,1.26251,1.26278,2.81,1.00
2016.03.15 03:06:05.875,1.26252,1.26277,1.56,1.37
2016.03.15 03:06:06.179,1.26258,1.26275,1.94,1.00
2016.03.15 03:06:06.682,1.26257,1.26275,1.64,1.00
2016.03.15 03:06:06.784,1.26255,1.26276,1.94,1.12
2016.03.15 03:06:07.504,1.26255,1.26278,1.56,1.00
2016.03.15 03:06:08.711,1.26254,1.26277,3.94,1.00
2016.03.15 03:06:10.494,1.26254,1.26277,2.48,1.00
2016.03.15 03:06:11.002,1.26254,1.26273,1.50,1.00
2016.03.15 03:06:11.352,1.26254,1.26273,2.06,1.00
2016.03.15 03:06:12.659,1.26254,1.26273,1.50,1.00
2016.03.15 03:06:13.180,1.26251,1.26273,2.81,1.00
2016.03.15 03:06:13.731,1.26251,1.26272,2.81,1.00
2016.03.15 03:06:18.598,1.26251,1.26272,3.00,1.00
2016.03.15 03:06:18.784,1.26251,1.26272,2.81,1.00
2016.03.15 03:06:22.094,1.26252,1.26272,1.95,1.00
2016.03.15 03:06:22.905,1.26252,1.26273,1.20,1.00
2016.03.15 03:06:24.179,1.26257,1.26273,1.00,1.00
2016.03.15 03:06:24.433,1.2626,1.26277,1.00,1.00
2016.03.15 03:06:24.535,1.26258,1.26274,1.07,1.00
2016.03.15 03:06:24.873,1.26256,1.2627,1.50,1.00
2016.03.15 03:06:25.380,1.26254,1.26271,2.41,1.00
2016.03.15 03:06:25.915,1.26254,1.26272,1.75,1.00
2016.03.15 03:06:28.058,1.26256,1.26273,1.16,1.00
2016.03.15 03:06:28.312,1.26255,1.26275,1.75,1.00
2016.03.15 03:06:28.515,1.26255,1.26273,1.75,1.00
2016.03.15 03:06:29.123,1.26254,1.26275,2.25,1.00
2016.03.15 03:06:29.524,1.26254,1.26277,1.75,1.00
2016.03.15 03:06:30.071,1.26254,1.26278,1.75,1.00
2016.03.15 03:06:30.572,1.26254,1.26279,1.75,3.75
2016.03.15 03:06:31.353,1.26255,1.26278,1.75,1.00
2016.03.15 03:06:32.319,1.26256,1.26279,1.50,3.00
2016.03.15 03:06:32.472,1.26259,1.26279,1.00,2.25
2016.03.15 03:06:32.522,1.26259,1.26282,1.00,1.20
2016.03.15 03:06:32.573,1.26261,1.26284,1.00,1.75
2016.03.15 03:06:32.624,1.26261,1.26284,1.00,1.10
2016.03.15 03:06:39.713,1.26261,1.26284,1.27,1.10
2016.03.15 03:06:40.017,1.26263,1.26282,1.17,1.00
2016.03.15 03:06:40.467,1.26263,1.2628,1.92,1.00
2016.03.15 03:06:40.873,1.26264,1.26281,1.07,1.00
2016.03.15 03:06:41.521,1.26263,1.26281,2.14,1.00
2016.03.15 03:06:43.525,1.26263,1.26281,1.46,1.00
2016.03.15 03:06:47.259,1.26262,1.26285,3.56,3.00
2016.03.15 03:06:48.234,1.26261,1.26283,1.31,1.10
2016.03.15 03:06:48.285,1.26261,1.26283,1.39,1.20
2016.03.15 03:06:50.891,1.2626,1.26283,1.00,1.50
2016.03.15 03:06:51.397,1.2626,1.26281,1.00,1.00
2016.03.15 03:06:55.563,1.26263,1.26281,1.31,1.00
2016.03.15 03:06:56.817,1.26263,1.26281,1.56,1.00
2016.03.15 03:06:59.148,1.26263,1.26282,1.56,1.20
2016.03.15 03:06:59.735,1.26263,1.26282,1.31,1.65
2016.03.15 03:07:03.509,1.26263,1.26282,1.81,1.65
2016.03.15 03:07:06.409,1.26263,1.26282,2.06,1.20
2016.03.15 03:07:07.937,1.26265,1.26283,1.31,1.00
2016.03.15 03:07:08.476,1.26266,1.26283,1.32,1.00
2016.03.15 03:07:08.527,1.26265,1.26287,1.69,1.12
2016.03.15 03:07:08.629,1.26264,1.26288,1.00,1.87
2016.03.15 03:07:08.887,1.26261,1.26285,1.31,1.10
2016.03.15 03:07:09.342,1.26262,1.26285,1.00,1.37
2016.03.15 03:07:09.832,1.26262,1.26285,1.56,1.75
2016.03.15 03:07:10.136,1.26264,1.26285,1.94,1.10
2016.03.15 03:07:10.657,1.26266,1.26287,1.94,1.50
2016.03.15 03:07:11.277,1.26266,1.26288,1.69,2.25
2016.03.15 03:07:11.779,1.26265,1.26288,1.69,2.25
2016.03.15 03:07:12.133,1.26265,1.26288,1.69,2.25
2016.03.15 03:07:13.544,1.26266,1.26288,1.56,3.00
2016.03.15 03:07:14.046,1.26266,1.26288,1.56,3.00
2016.03.15 03:07:14.548,1.26266,1.26288,1.56,3.75
2016.03.15 03:07:14.849,1.26266,1.26288,1.56,3.75
2016.03.15 03:07:15.937,1.26266,1.26288,1.56,3.75
2016.03.15 03:07:16.190,1.26265,1.26284,2.14,1.00
2016.03.15 03:07:16.706,1.26265,1.26284,2.32,1.00
2016.03.15 03:07:17.209,1.26266,1.26283,1.10,1.00
2016.03.15 03:07:17.642,1.26267,1.26284,1.27,1.00
2016.03.15 03:07:17.743,1.26268,1.26286,1.20,1.00
2016.03.15 03:07:18.147,1.26266,1.26284,1.75,1.31
2016.03.15 03:07:18.198,1.26264,1.26279,1.00,1.65
2016.03.15 03:07:18.300,1.26258,1.2628,2.52,1.75
2016.03.15 03:07:18.350,1.26258,1.2628,2.52,1.75
2016.03.15 03:07:18.401,1.2626,1.26281,1.02,2.25
2016.03.15 03:07:18.708,1.2626,1.26283,1.77,1.20
2016.03.15 03:07:19.352,1.2626,1.26283,1.12,1.20
2016.03.15 03:07:19.403,1.26259,1.26283,1.50,1.20
2016.03.15 03:07:19.909,1.2626,1.26283,1.00,1.20
2016.03.15 03:07:22.577,1.26262,1.26283,1.00,1.20
2016.03.15 03:07:23.086,1.26262,1.26283,1.20,1.20
2016.03.15 03:07:25.456,1.26262,1.26283,1.10,1.47
2016.03.15 03:07:26.441,1.2626,1.26283,1.20,1.75
2016.03.15 03:07:26.960,1.26261,1.26283,1.00,1.75
2016.03.15 03:07:27.997,1.26266,1.26283,1.00,1.75
2016.03.15 03:07:28.548,1.26265,1.26283,1.00,1.75
2016.03.15 03:07:29.160,1.26265,1.26283,1.00,1.10
2016.03.15 03:07:33.553,1.26265,1.26284,1.00,1.20
2016.03.15 03:07:35.252,1.26263,1.26283,1.77,1.00
2016.03.15 03:07:40.050,1.26263,1.26283,1.12,1.00
2016.03.15 03:07:40.203,1.26262,1.26283,2.25,1.00
2016.03.15 03:07:44.043,1.26262,1.26283,1.75,1.56
2016.03.15 03:07:44.145,1.26261,1.26281,1.20,1.12
2016.03.15 03:07:45.559,1.26261,1.26282,1.65,1.65
2016.03.15 03:07:46.805,1.26263,1.26282,1.00,1.65
2016.03.15 03:07:53.495,1.26263,1.26283,1.00,1.00
2016.03.15 03:07:53.951,1.26263,1.26284,1.00,1.76
2016.03.15 03:07:55.679,1.26263,1.26285,1.02,1.77
2016.03.15 03:07:58.542,1.26263,1.26284,1.27,1.47
2016.03.15 03:08:01.161,1.26263,1.26284,1.00,1.47
2016.03.15 03:08:02.560,1.26263,1.26283,1.00,1.10
2016.03.15 03:08:04.644,1.2626,1.26284,1.50,1.20
2016.03.15 03:08:13.583,1.2626,1.26284,1.50,1.47
2016.03.15 03:08:14.278,1.26263,1.26283,1.12,1.10
2016.03.15 03:08:14.806,1.26263,1.26284,1.50,1.00
2016.03.15 03:08:15.331,1.26263,1.26285,1.50,1.20
2016.03.15 03:08:16.487,1.26263,1.26284,1.50,1.00
2016.03.15 03:08:18.345,1.26263,1.26286,1.50,2.52
2016.03.15 03:08:23.587,1.26263,1.26286,2.06,1.50
2016.03.15 03:08:24.091,1.26265,1.26286,1.00,1.50
2016.03.15 03:08:24.594,1.26265,1.26286,1.50,1.20
2016.03.15 03:08:28.706,1.26267,1.26286,1.00,1.02
2016.03.15 03:08:29.242,1.26266,1.26285,1.10,1.00
2016.03.15 03:08:30.180,1.26267,1.26285,1.00,1.00
2016.03.15 03:08:31.413,1.26267,1.26287,1.00,1.00
2016.03.15 03:08:32.215,1.26267,1.26288,1.00,2.25
2016.03.15 03:08:32.266,1.26267,1.26288,1.00,2.70
2016.03.15 03:08:33.593,1.26267,1.26288,1.00,2.70
2016.03.15 03:08:33.785,1.26267,1.26288,1.00,2.52
2016.03.15 03:08:37.554,1.26267,1.26288,1.00,2.70
2016.03.15 03:08:38.059,1.26266,1.26287,1.10,1.27
2016.03.15 03:08:38.561,1.26267,1.26286,1.00,1.27
2016.03.15 03:08:39.903,1.26267,1.26286,1.00,1.02
2016.03.15 03:08:42.758,1.26267,1.26286,1.00,1.52
2016.03.15 03:08:43.270,1.26268,1.26287,1.00,1.45
2016.03.15 03:08:43.887,1.26266,1.26287,1.10,1.95
2016.03.15 03:08:44.088,1.26267,1.26287,1.12,1.27
2016.03.15 03:08:44.190,1.26265,1.26285,1.50,1.52
2016.03.15 03:08:44.494,1.26265,1.26286,1.50,1.39
2016.03.15 03:08:45.587,1.26265,1.26286,1.50,1.00
2016.03.15 03:08:46.089,1.26265,1.26287,1.50,1.10
2016.03.15 03:08:48.146,1.26265,1.26286,1.50,1.00
2016.03.15 03:08:48.349,1.26268,1.26286,1.00,1.00
2016.03.15 03:08:48.653,1.26267,1.26282,1.00,1.00
2016.03.15 03:08:48.805,1.26265,1.26284,1.00,1.12
2016.03.15 03:08:48.907,1.26265,1.26286,1.20,1.50
2016.03.15 03:08:48.958,1.26265,1.26288,1.95,1.95
2016.03.15 03:08:50.240,1.26265,1.26288,1.20,1.95
2016.03.15 03:08:51.438,1.26264,1.26288,2.25,2.97
2016.03.15 03:08:53.574,1.26265,1.26288,1.20,2.22
2016.03.15 03:08:54.269,1.26264,1.26288,1.50,2.32
2016.03.15 03:08:57.090,1.26264,1.26288,1.50,1.95
2016.03.15 03:08:58.600,1.26265,1.26288,1.32,2.22
2016.03.15 03:09:03.407,1.26266,1.26285,1.56,1.00
2016.03.15 03:09:03.711,1.26272,1.26285,1.00,1.00
2016.03.15 03:09:04.409,1.26273,1.26289,1.00,1.77
2016.03.15 03:09:05.775,1.26273,1.26288,1.00,1.00
2016.03.15 03:09:06.365,1.26273,1.26289,1.00,1.00
2016.03.15 03:09:07.870,1.26273,1.26288,1.00,1.00
2016.03.15 03:09:07.972,1.26275,1.26292,1.00,2.25
2016.03.15 03:09:08.074,1.26277,1.26296,1.65,1.50
2016.03.15 03:09:08.172,1.26279,1.26296,1.00,1.00
2016.03.15 03:09:08.945,1.26279,1.26297,1.00,1.00
2016.03.15 03:09:09.451,1.2628,1.26298,1.00,1.27
2016.03.15 03:09:09.777,1.2628,1.26298,1.00,1.27
2016.03.15 03:09:10.098,1.2628,1.26298,1.00,1.27
2016.03.15 03:09:10.621,1.2628,1.26299,1.50,1.27
2016.03.15 03:09:13.259,1.2628,1.26299,2.25,1.27
2016.03.15 03:09:13.765,1.26283,1.26299,1.00,1.77
2016.03.15 03:09:14.306,1.26282,1.26299,2.40,1.77
2016.03.15 03:09:14.408,1.26284,1.26299,1.00,1.77
2016.03.15 03:09:17.209,1.26283,1.26299,1.50,1.56
2016.03.15 03:09:17.879,1.26284,1.26299,1.00,1.56
2016.03.15 03:09:18.986,1.26283,1.26298,1.00,1.31
2016.03.15 03:09:19.538,1.26281,1.26298,1.50,2.06
2016.03.15 03:09:19.639,1.26279,1.26298,1.95,2.06
2016.03.15 03:09:20.240,1.26279,1.26298,1.20,1.56
2016.03.15 03:09:22.507,1.2628,1.26298,1.10,2.06
2016.03.15 03:09:23.451,1.26279,1.26298,1.57,1.56
2016.03.15 03:09:25.041,1.26279,1.26296,1.50,1.31
2016.03.15 03:09:26.314,1.26279,1.26295,1.00,2.06
2016.03.15 03:09:26.568,1.26277,1.26294,1.00,1.31
2016.03.15 03:09:27.329,1.26275,1.26294,1.50,1.31
2016.03.15 03:09:27.778,1.26275,1.26292,1.00,1.00
2016.03.15 03:09:28.429,1.26275,1.26293,1.00,1.50
2016.03.15 03:09:28.974,1.26275,1.26292,1.00,1.00
2016.03.15 03:09:37.037,1.26273,1.26291,1.10,1.00
2016.03.15 03:09:37.988,1.26273,1.2629,1.10,1.00
2016.03.15 03:09:38.140,1.2627,1.26289,1.76,1.31
2016.03.15 03:09:38.546,1.26271,1.26286,1.00,1.00
2016.03.15 03:09:38.696,1.26267,1.26287,1.20,1.56
2016.03.15 03:09:39.202,1.26264,1.26287,1.76,1.56
2016.03.15 03:09:40.144,1.26264,1.26288,1.76,1.56
2016.03.15 03:09:42.348,1.26264,1.26287,1.76,1.56
2016.03.15 03:09:42.755,1.26266,1.26284,1.00,1.56
2016.03.15 03:09:43.077,1.26265,1.26284,1.76,1.94
2016.03.15 03:09:43.128,1.26265,1.26282,1.76,1.25
2016.03.15 03:09:43.763,1.26267,1.26281,1.56,1.00
2016.03.15 03:09:44.460,1.26267,1.26281,1.00,1.56
2016.03.15 03:09:44.511,1.26269,1.26281,1.00,1.56
2016.03.15 03:09:44.713,1.26266,1.2628,1.00,1.31
2016.03.15 03:09:46.113,1.26266,1.26282,1.00,1.56
2016.03.15 03:09:46.518,1.26265,1.26282,1.00,1.00
2016.03.15 03:09:47.120,1.26266,1.26282,1.00,1.00
2016.03.15 03:09:47.573,1.26266,1.2628,1.00,1.00
2016.03.15 03:09:48.711,1.26267,1.2628,1.00,1.00
2016.03.15 03:09:49.229,1.26267,1.26281,1.00,1.00
2016.03.15 03:09:50.138,1.26267,1.26282,1.00,1.50
2016.03.15 03:09:50.717,1.26268,1.26281,1.56,1.00
2016.03.15 03:09:51.617,1.26267,1.26281,1.31,1.00
2016.03.15 03:09:56.922,1.26266,1.26281,1.00,1.00
2016.03.15 03:09:57.480,1.26266,1.26282,1.00,1.50
2016.03.15 03:09:58.223,1.26266,1.26282,1.56,1.50
2016.03.15 03:09:59.068,1.26266,1.26281,2.06,1.00
2016.03.15 03:09:59.575,1.26266,1.26281,2.06,1.00
2016.03.15 03:10:00.370,1.26266,1.2628,1.00,1.00
2016.03.15 03:10:00.573,1.26265,1.26277,1.00,1.00
2016.03.15 03:10:00.674,1.26265,1.2628,1.00,1.00
2016.03.15 03:10:00.725,1.26265,1.26277,1.00,1.00
2016.03.15 03:10:00.827,1.26265,1.26279,1.00,1.00
2016.03.15 03:10:01.675,1.26266,1.26279,1.00,1.00
2016.03.15 03:10:02.177,1.26266,1.2628,1.00,1.00
2016.03.15 03:10:02.707,1.26267,1.2628,1.00,1.00
2016.03.15 03:10:03.249,1.26267,1.26281,1.00,1.00
2016.03.15 03:10:03.683,1.26267,1.26279,1.00,1.00
2016.03.15 03:10:04.190,1.26268,1.2628,1.00,1.00
2016.03.15 03:10:05.640,1.26266,1.2628,1.50,1.00
2016.03.15 03:10:05.941,1.26268,1.26279,1.00,1.00
2016.03.15 03:10:06.196,1.26268,1.26282,1.25,1.00
2016.03.15 03:10:06.247,1.26268,1.26284,1.25,1.00
2016.03.15 03:10:06.298,1.26268,1.26286,1.25,2.25
2016.03.15 03:10:07.463,1.26268,1.26285,1.25,1.00
2016.03.15 03:10:08.059,1.26268,1.26282,1.31,1.50
2016.03.15 03:10:10.108,1.26268,1.2628,1.00,1.00
2016.03.15 03:10:11.465,1.2627,1.2628,1.00,1.00
2016.03.15 03:10:11.516,1.2627,1.26285,1.00,1.50
2016.03.15 03:10:11.617,1.2627,1.26287,1.25,1.00
2016.03.15 03:10:11.770,1.2627,1.26285,1.25,1.00
2016.03.15 03:10:13.620,1.2627,1.26286,1.25,1.00
2016.03.15 03:10:14.630,1.2627,1.26285,1.25,2.25
2016.03.15 03:10:14.934,1.26269,1.26283,1.25,1.00
2016.03.15 03:10:15.432,1.26269,1.26287,1.25,1.50
2016.03.15 03:10:15.596,1.26269,1.26284,1.69,1.00
2016.03.15 03:10:16.639,1.26269,1.26284,1.69,1.56
2016.03.15 03:10:21.051,1.26269,1.26285,1.25,1.56
2016.03.15 03:10:21.748,1.26269,1.26284,1.69,1.00
2016.03.15 03:10:23.186,1.26269,1.26287,1.50,1.00
2016.03.15 03:10:23.369,1.26269,1.26288,1.75,1.00
2016.03.15 03:10:23.886,1.26269,1.26289,2.25,1.00
2016.03.15 03:10:24.788,1.2627,1.26288,2.25,1.00
2016.03.15 03:10:28.226,1.26269,1.26289,2.06,1.00
2016.03.15 03:10:29.126,1.26269,1.26288,2.06,1.00
2016.03.15 03:10:29.431,1.26273,1.26293,2.21,1.00
2016.03.15 03:10:29.685,1.26274,1.26295,1.56,1.00
2016.03.15 03:10:29.938,1.26276,1.26297,1.20,1.00
2016.03.15 03:10:29.989,1.26277,1.26297,1.12,1.00
2016.03.15 03:10:30.040,1.26277,1.26299,1.20,2.25
2016.03.15 03:10:30.091,1.26278,1.26299,1.66,2.25
2016.03.15 03:10:30.546,1.26278,1.26297,1.66,1.00
2016.03.15 03:10:31.432,1.26277,1.26298,1.76,1.00
2016.03.15 03:10:31.533,1.26277,1.263,1.76,2.25
2016.03.15 03:10:31.926,1.26278,1.26298,1.66,1.00
2016.03.15 03:10:32.233,1.26278,1.26296,1.66,1.00
2016.03.15 03:10:32.446,1.26277,1.26298,1.76,1.00
2016.03.15 03:10:32.548,1.26278,1.263,1.66,1.50
2016.03.15 03:10:32.599,1.26278,1.26297,1.66,1.00
2016.03.15 03:10:33.038,1.26277,1.26299,1.76,1.00
2016.03.15 03:10:33.342,1.26277,1.26296,1.76,1.00
2016.03.15 03:10:33.893,1.26277,1.26295,1.76,1.00
2016.03.15 03:10:34.497,1.26275,1.26295,1.31,1.00
2016.03.15 03:10:34.548,1.26274,1.26294,1.76,1.00
2016.03.15 03:10:34.650,1.26274,1.26295,1.31,2.70
2016.03.15 03:10:35.604,1.26274,1.26293,1.31,1.00
2016.03.15 03:10:37.914,1.26275,1.26298,1.00,3.75
2016.03.15 03:10:38.019,1.26275,1.26298,1.00,3.75
2016.03.15 03:10:38.171,1.26275,1.26298,1.20,2.32
2016.03.15 03:10:38.715,1.26275,1.26297,1.20,1.00
2016.03.15 03:10:39.221,1.26275,1.26295,1.20,1.00
2016.03.15 03:10:39.930,1.26275,1.26296,1.20,1.00
2016.03.15 03:10:40.959,1.26275,1.26295,1.20,1.00
2016.03.15 03:10:41.289,1.26275,1.26295,1.76,1.00
2016.03.15 03:10:41.936,1.26277,1.26296,1.56,1.00
2016.03.15 03:10:42.479,1.26278,1.26297,1.76,1.00
2016.03.15 03:10:43.032,1.26277,1.26298,2.81,1.00
2016.03.15 03:10:43.539,1.26278,1.26299,1.76,1.50
2016.03.15 03:10:43.842,1.26278,1.26297,1.76,1.00
2016.03.15 03:10:44.374,1.26276,1.26298,1.56,1.10
2016.03.15 03:10:44.476,1.26276,1.26298,1.00,1.10
2016.03.15 03:10:44.840,1.26276,1.26293,1.00,1.00
2016.03.15 03:10:44.941,1.26272,1.26293,1.65,1.00
2016.03.15 03:10:45.144,1.26273,1.26295,1.00,1.65
2016.03.15 03:10:45.650,1.26273,1.26294,1.00,1.00
2016.03.15 03:10:46.193,1.26273,1.26295,1.00,1.20
2016.03.15 03:10:46.658,1.26275,1.26298,1.00,1.75
2016.03.15 03:10:46.860,1.26275,1.26299,1.50,1.50
2016.03.15 03:10:47.016,1.26279,1.26298,1.00,1.20
2016.03.15 03:10:47.168,1.26279,1.263,1.00,1.20
2016.03.15 03:10:49.479,1.26279,1.26301,1.50,1.50
2016.03.15 03:10:49.684,1.26277,1.263,3.75,1.20
2016.03.15 03:10:50.929,1.26277,1.26298,3.75,1.00
2016.03.15 03:10:51.030,1.26277,1.26298,3.00,3.75
2016.03.15 03:10:51.484,1.26275,1.26296,1.00,1.50
2016.03.15 03:10:53.705,1.26273,1.26296,1.00,1.20
2016.03.15 03:10:54.130,1.26275,1.26296,1.00,1.95
2016.03.15 03:10:55.225,1.26274,1.26296,1.00,2.51
2016.03.15 03:10:55.754,1.26275,1.26296,1.00,1.76
2016.03.15 03:10:56.791,1.26273,1.26296,1.00,4.01
2016.03.15 03:10:57.797,1.26273,1.26296,1.56,4.01
2016.03.15 03:10:58.211,1.26273,1.26295,1.56,1.57
2016.03.15 03:10:58.716,1.26275,1.26297,1.00,2.25
2016.03.15 03:10:59.896,1.26274,1.26297,1.50,2.25
2016.03.15 03:11:06.169,1.26274,1.26296,1.87,1.12
2016.03.15 03:11:06.270,1.26276,1.26297,1.00,1.20
2016.03.15 03:11:08.001,1.26274,1.26295,1.31,2.44
2016.03.15 03:11:08.102,1.26272,1.26294,2.06,1.00
2016.03.15 03:11:08.153,1.26272,1.26296,2.44,2.40
2016.03.15 03:11:08.602,1.26276,1.26298,1.00,1.47
2016.03.15 03:11:08.653,1.26276,1.26298,1.00,1.10
2016.03.15 03:11:17.635,1.26276,1.263,1.32,2.32
2016.03.15 03:11:18.174,1.26278,1.26301,1.00,2.25
2016.03.15 03:11:22.820,1.26278,1.26301,1.56,2.25
2016.03.15 03:11:23.428,1.26278,1.26299,1.50,1.10
2016.03.15 03:11:23.732,1.26276,1.26299,1.31,1.20
2016.03.15 03:11:24.279,1.26276,1.26295,1.00,1.00
2016.03.15 03:11:24.381,1.26276,1.263,1.00,3.00
2016.03.15 03:11:24.432,1.26276,1.26298,1.66,1.10
2016.03.15 03:11:24.534,1.26278,1.263,1.31,1.12
2016.03.15 03:11:24.787,1.26277,1.26302,1.00,1.00
2016.03.15 03:11:24.990,1.26277,1.263,1.00,1.00
2016.03.15 03:11:25.345,1.26278,1.26296,1.00,1.00
2016.03.15 03:11:25.548,1.26276,1.26295,1.20,1.00
2016.03.15 03:11:25.715,1.26276,1.26299,1.20,1.50
2016.03.15 03:11:26.250,1.26276,1.26298,1.20,1.00
2016.03.15 03:11:26.752,1.26276,1.26299,1.20,1.00
2016.03.15 03:11:26.803,1.26276,1.26297,1.20,1.00
2016.03.15 03:11:27.132,1.26276,1.26299,1.20,1.00
2016.03.15 03:11:27.694,1.26276,1.26298,1.20,1.00
2016.03.15 03:11:28.650,1.26276,1.26299,1.00,2.25
2016.03.15 03:11:28.702,1.26276,1.26299,1.56,1.50
2016.03.15 03:11:28.854,1.2628,1.26301,1.50,1.00
2016.03.15 03:11:28.906,1.2628,1.26304,1.50,2.62
2016.03.15 03:11:29.413,1.26282,1.26305,1.31,1.75
2016.03.15 03:11:29.868,1.26282,1.26306,2.51,1.95
2016.03.15 03:11:30.308,1.26282,1.26304,2.14,1.00
2016.03.15 03:11:30.613,1.26284,1.26304,1.56,1.00
2016.03.15 03:11:30.967,1.2629,1.26304,1.00,1.00
2016.03.15 03:11:31.069,1.26288,1.26304,3.00,1.00
2016.03.15 03:11:31.121,1.26288,1.26304,3.75,1.00
2016.03.15 03:11:31.502,1.26293,1.26304,1.75,1.00
2016.03.15 03:11:31.706,1.26306,1.26327,1.56,1.64
2016.03.15 03:11:32.214,1.26308,1.26328,2.06,1.27
2016.03.15 03:11:32.416,1.26309,1.26327,1.75,1.00
2016.03.15 03:11:32.729,1.26323,1.26332,1.00,2.25
2016.03.15 03:11:32.781,1.26323,1.26334,1.00,1.00
2016.03.15 03:11:32.832,1.26319,1.26336,1.31,1.12
2016.03.15 03:11:33.136,1.26321,1.26336,1.52,1.00
2016.03.15 03:11:33.548,1.2632,1.26335,1.28,1.00
2016.03.15 03:11:33.751,1.26318,1.26336,1.21,1.00
2016.03.15 03:11:33.954,1.26327,1.26336,1.21,1.00
2016.03.15 03:11:34.780,1.26322,1.26336,1.00,1.00
2016.03.15 03:11:34.882,1.26324,1.26335,1.00,1.00
2016.03.15 03:11:34.933,1.26325,1.26337,1.50,1.00
2016.03.15 03:11:35.249,1.26332,1.26341,1.00,1.37
2016.03.15 03:11:35.300,1.26333,1.26346,1.50,1.50
2016.03.15 03:11:35.351,1.26335,1.26346,1.00,1.00
2016.03.15 03:11:35.403,1.26335,1.26352,1.00,1.00
2016.03.15 03:11:35.454,1.26332,1.26352,2.32,1.00
2016.03.15 03:11:35.506,1.26332,1.2636,2.25,3.00
2016.03.15 03:11:35.810,1.26332,1.26358,2.25,1.00
2016.03.15 03:11:36.279,1.26334,1.26358,1.00,1.00
2016.03.15 03:11:36.589,1.2634,1.26357,1.28,1.00
2016.03.15 03:11:36.893,1.26347,1.26362,1.28,3.00
2016.03.15 03:11:37.154,1.26343,1.26362,1.69,2.25
2016.03.15 03:11:37.256,1.26344,1.26362,1.00,3.15
2016.03.15 03:11:37.307,1.26341,1.26356,2.64,1.00
2016.03.15 03:11:37.498,1.26338,1.26354,1.00,1.00
2016.03.15 03:11:38.004,1.26339,1.26353,1.00,1.00
2016.03.15 03:11:38.106,1.26336,1.2635,1.00,1.00
2016.03.15 03:11:38.617,1.26335,1.2635,2.25,1.00
2016.03.15 03:11:38.715,1.26335,1.26353,2.25,2.25
2016.03.15 03:11:39.178,1.2634,1.26354,1.00,1.00
2016.03.15 03:11:39.229,1.2634,1.26357,1.50,1.00
2016.03.15 03:11:39.280,1.26341,1.26359,1.00,1.10
2016.03.15 03:11:39.331,1.26341,1.26361,1.00,1.00
2016.03.15 03:11:39.842,1.26341,1.2636,1.00,1.00
2016.03.15 03:11:40.203,1.26339,1.26359,1.00,1.00
2016.03.15 03:11:40.254,1.2634,1.26362,1.87,1.20
2016.03.15 03:11:40.305,1.26345,1.26362,1.00,1.20
2016.03.15 03:11:40.407,1.26342,1.26361,1.50,1.00
2016.03.15 03:11:40.457,1.26345,1.26361,1.00,1.00
2016.03.15 03:11:40.762,1.26342,1.26362,1.00,1.00
2016.03.15 03:11:40.914,1.26338,1.26362,1.00,1.00
2016.03.15 03:11:41.217,1.26336,1.26363,1.50,2.32
2016.03.15 03:11:41.517,1.26336,1.26361,1.00,1.00
2016.03.15 03:11:42.216,1.26336,1.26362,1.00,1.00
2016.03.15 03:11:43.078,1.26337,1.26363,1.00,1.95
2016.03.15 03:11:43.433,1.26339,1.26362,1.00,1.10
2016.03.15 03:11:43.990,1.26336,1.26362,1.00,1.00
2016.03.15 03:11:44.520,1.26335,1.26362,3.00,1.00
2016.03.15 03:11:45.320,1.26336,1.26362,1.00,1.00
2016.03.15 03:11:46.137,1.26335,1.26362,3.00,1.00
2016.03.15 03:11:46.239,1.26336,1.2636,1.00,1.00
2016.03.15 03:11:46.543,1.26325,1.2633,2.25,1.57
2016.03.15 03:11:46.645,1.26321,1.2633,2.94,1.10
2016.03.15 03:11:46.847,1.26325,1.2633,2.56,1.10
2016.03.15 03:11:47.352,1.26321,1.2633,2.94,1.10
2016.03.15 03:11:47.657,1.26319,1.26329,1.37,1.04
2016.03.15 03:11:47.809,1.26318,1.2633,1.00,1.57
2016.03.15 03:11:47.860,1.26316,1.26328,3.00,1.00
2016.03.15 03:11:48.568,1.26319,1.26328,1.00,1.00
2016.03.15 03:11:48.771,1.26325,1.26338,1.00,1.00
2016.03.15 03:11:48.923,1.26325,1.26345,1.12,2.25
2016.03.15 03:11:50.387,1.26324,1.26345,1.00,2.25
2016.03.15 03:11:50.905,1.26324,1.26345,1.37,2.25
2016.03.15 03:11:52.229,1.26324,1.26334,1.00,1.00
2016.03.15 03:11:52.533,1.2632,1.26326,1.00,1.57
2016.03.15 03:11:52.837,1.26318,1.26326,1.00,1.45
2016.03.15 03:11:54.330,1.26319,1.26327,1.50,1.82
2016.03.15 03:11:54.381,1.2632,1.26332,1.00,1.00
2016.03.15 03:11:54.484,1.26321,1.26335,1.50,1.00
2016.03.15 03:11:54.585,1.26322,1.26342,1.00,1.00
2016.03.15 03:11:54.687,1.26323,1.26344,1.00,3.00
2016.03.15 03:11:55.049,1.26323,1.26346,1.00,4.50
2016.03.15 03:11:55.101,1.26319,1.26343,1.00,1.00
2016.03.15 03:11:55.152,1.26319,1.2634,1.00,1.00
2016.03.15 03:11:55.203,1.26317,1.2634,1.00,1.50
2016.03.15 03:11:55.726,1.26316,1.2634,2.25,1.00
2016.03.15 03:11:56.819,1.26316,1.26338,2.25,1.00
2016.03.15 03:11:57.026,1.26311,1.26338,2.25,1.00
2016.03.15 03:11:57.179,1.26311,1.26336,2.25,1.00
2016.03.15 03:11:57.695,1.26311,1.26337,2.25,1.00
2016.03.15 03:11:57.999,1.26311,1.2633,2.25,1.50
2016.03.15 03:11:58.049,1.26311,1.26332,2.25,1.50
2016.03.15 03:11:58.624,1.26311,1.26333,2.25,1.00
2016.03.15 03:12:00.010,1.26311,1.26338,2.25,1.00
2016.03.15 03:12:00.894,1.26311,1.26339,2.25,1.00
2016.03.15 03:12:00.996,1.26311,1.26332,2.25,1.00
2016.03.15 03:12:01.098,1.26304,1.26332,1.00,3.37
2016.03.15 03:12:01.149,1.26304,1.2632,1.00,1.50
2016.03.15 03:12:01.201,1.263,1.2632,2.25,1.50
2016.03.15 03:12:01.303,1.263,1.26321,2.25,1.65
2016.03.15 03:12:01.354,1.26293,1.26311,1.95,1.50
2016.03.15 03:12:01.456,1.26291,1.2631,3.75,1.80
2016.03.15 03:12:01.964,1.2629,1.2631,2.62,1.80
2016.03.15 03:12:02.318,1.26291,1.26315,1.00,1.80
2016.03.15 03:12:02.420,1.2629,1.26315,2.25,1.65
2016.03.15 03:12:02.915,1.26291,1.26316,1.37,2.25
2016.03.15 03:12:03.017,1.2629,1.26315,1.50,1.65
2016.03.15 03:12:03.220,1.26291,1.26315,1.37,1.65
2016.03.15 03:12:03.321,1.2629,1.26316,2.25,3.00
2016.03.15 03:12:04.030,1.2629,1.26315,1.37,1.65
2016.03.15 03:12:04.772,1.2629,1.26315,2.25,1.65
2016.03.15 03:12:05.278,1.26291,1.26315,1.12,1.65
2016.03.15 03:12:05.534,1.26297,1.26315,1.00,1.57
2016.03.15 03:12:06.040,1.26296,1.26315,1.00,1.10
2016.03.15 03:12:06.091,1.26292,1.26315,2.32,1.10
2016.03.15 03:12:06.993,1.26292,1.26314,1.95,1.00
2016.03.15 03:12:07.196,1.26294,1.26315,1.00,2.32
2016.03.15 03:12:07.500,1.26296,1.26315,1.00,1.10
2016.03.15 03:12:08.825,1.26294,1.26316,1.00,1.95
2016.03.15 03:12:09.722,1.26293,1.26315,1.00,1.10
2016.03.15 03:12:10.230,1.26294,1.26315,1.00,1.10
2016.03.15 03:12:11.965,1.26294,1.26314,1.00,1.00
2016.03.15 03:12:12.471,1.26294,1.26316,1.00,1.20
2016.03.15 03:12:13.991,1.26295,1.26316,1.50,1.20
2016.03.15 03:12:14.042,1.26295,1.26318,3.00,1.95
2016.03.15 03:12:14.194,1.26297,1.26318,1.12,1.65
2016.03.15 03:12:14.699,1.26295,1.26317,2.41,1.02
2016.03.15 03:12:16.373,1.26296,1.26317,1.20,1.02
2016.03.15 03:12:17.508,1.26296,1.26317,1.20,1.27
2016.03.15 03:12:18.622,1.26296,1.26318,1.20,1.47
2016.03.15 03:12:20.146,1.26297,1.26318,1.00,1.47
2016.03.15 03:12:20.916,1.26297,1.26318,1.00,1.92
2016.03.15 03:12:21.429,1.26296,1.26318,1.65,1.92
2016.03.15 03:12:21.782,1.26296,1.26318,1.57,1.92
2016.03.15 03:12:21.884,1.26296,1.26318,1.20,1.17
2016.03.15 03:12:22.280,1.26303,1.26318,1.21,1.20
2016.03.15 03:12:22.483,1.26305,1.26328,1.00,1.00
2016.03.15 03:12:22.787,1.26303,1.26329,2.03,1.00
2016.03.15 03:12:22.838,1.26303,1.26329,2.41,1.00
2016.03.15 03:12:22.990,1.26303,1.26329,1.66,1.50
2016.03.15 03:12:23.535,1.26303,1.26328,1.20,1.00
2016.03.15 03:12:24.043,1.26301,1.26329,1.87,1.50
2016.03.15 03:12:24.196,1.263,1.26329,3.75,1.50
2016.03.15 03:12:25.098,1.263,1.26329,3.00,1.50
2016.03.15 03:12:26.352,1.263,1.26329,3.37,1.50
2016.03.15 03:12:26.662,1.26307,1.26328,2.41,1.00
2016.03.15 03:12:26.915,1.26304,1.26328,2.41,1.00
2016.03.15 03:12:27.960,1.26312,1.26329,1.00,1.00
2016.03.15 03:12:28.088,1.26312,1.26332,1.00,2.25
2016.03.15 03:12:28.139,1.26314,1.26337,1.00,1.00
2016.03.15 03:12:28.645,1.26313,1.26337,2.25,1.00
2016.03.15 03:12:30.393,1.26315,1.26339,1.00,1.00
2016.03.15 03:12:30.648,1.26301,1.26327,1.10,2.62
2016.03.15 03:12:31.104,1.26296,1.26322,1.12,1.12
2016.03.15 03:12:31.156,1.26295,1.26322,3.75,1.50
2016.03.15 03:12:31.207,1.26296,1.26322,1.12,1.12
2016.03.15 03:12:31.725,1.26299,1.26322,1.20,1.00
2016.03.15 03:12:31.928,1.26308,1.26332,3.00,1.00
2016.03.15 03:12:33.304,1.26308,1.26338,2.62,3.00
2016.03.15 03:12:40.284,1.26309,1.26335,1.20,1.00
2016.03.15 03:12:40.587,1.2631,1.2633,1.00,1.00
2016.03.15 03:12:41.043,1.26308,1.26329,2.25,1.10
2016.03.15 03:12:41.766,1.26308,1.26329,2.25,1.20
2016.03.15 03:12:44.542,1.26308,1.26328,2.25,1.50
2016.03.15 03:12:44.695,1.26303,1.26326,1.10,1.10
2016.03.15 03:12:44.746,1.26303,1.26326,1.00,1.37
2016.03.15 03:12:45.183,1.26303,1.26323,1.00,1.12
2016.03.15 03:12:45.486,1.26305,1.26323,1.00,1.50
2016.03.15 03:12:45.992,1.26304,1.26321,1.00,1.00
2016.03.15 03:12:46.525,1.26305,1.26321,1.00,1.00
2016.03.15 03:12:47.334,1.26304,1.26321,1.00,1.00
2016.03.15 03:12:47.840,1.26305,1.26322,1.00,1.20
2016.03.15 03:12:48.405,1.26304,1.26322,1.50,1.20
2016.03.15 03:12:48.733,1.26306,1.26325,1.00,1.20
2016.03.15 03:12:49.239,1.26306,1.26324,1.00,1.00
2016.03.15 03:12:49.771,1.26306,1.26325,1.00,1.20
2016.03.15 03:12:54.234,1.26307,1.26327,1.00,1.00
2016.03.15 03:12:54.437,1.26307,1.26329,1.50,1.00
2016.03.15 03:12:54.988,1.26307,1.2633,3.91,1.00
2016.03.15 03:12:55.494,1.26307,1.26331,4.66,1.20
2016.03.15 03:12:55.798,1.2631,1.26331,1.00,1.20
2016.03.15 03:12:56.052,1.26311,1.26335,2.41,1.50
2016.03.15 03:12:56.103,1.26311,1.26335,3.16,1.00
2016.03.15 03:12:56.408,1.26314,1.26335,1.75,1.00
2016.03.15 03:12:56.459,1.26314,1.26338,1.75,1.65
2016.03.15 03:12:56.964,1.26316,1.26337,1.65,1.00
2016.03.15 03:12:57.015,1.26319,1.26337,1.00,1.00
2016.03.15 03:12:57.217,1.26318,1.2634,1.00,1.57
2016.03.15 03:12:57.514,1.26318,1.26339,1.37,1.50
2016.03.15 03:12:57.616,1.2632,1.26341,1.00,1.00
2016.03.15 03:13:00.319,1.2632,1.26342,1.69,1.00
2016.03.15 03:13:00.856,1.2632,1.26343,1.69,1.00
2016.03.15 03:13:03.434,1.2632,1.26346,1.50,1.00
2016.03.15 03:13:04.034,1.2632,1.26346,2.06,1.00
2016.03.15 03:13:04.888,1.2632,1.26346,1.50,1.00
2016.03.15 03:13:06.285,1.2632,1.26346,1.50,1.20
2016.03.15 03:13:06.796,1.2632,1.26346,1.57,1.50
2016.03.15 03:13:10.057,1.26318,1.26343,1.50,1.00
2016.03.15 03:13:10.578,1.26318,1.26342,3.75,1.00
2016.03.15 03:13:13.619,1.26322,1.26342,1.00,1.00
2016.03.15 03:13:13.670,1.26322,1.26344,1.00,1.10
2016.03.15 03:13:13.772,1.26324,1.26344,1.00,1.27
2016.03.15 03:13:14.025,1.26325,1.26347,2.25,1.47
2016.03.15 03:13:14.227,1.26325,1.26347,3.00,1.10
2016.03.15 03:13:15.428,1.26325,1.26347,2.25,1.20
2016.03.15 03:13:15.580,1.26319,1.26345,1.36,1.10
2016.03.15 03:13:16.643,1.26319,1.26345,1.36,1.10
2016.03.15 03:13:17.185,1.26324,1.26346,1.00,1.00
2016.03.15 03:13:18.397,1.26322,1.26346,1.00,1.00
2016.03.15 03:13:21.477,1.26321,1.26345,2.25,1.00
2016.03.15 03:13:21.578,1.26321,1.26342,2.25,1.00
2016.03.15 03:13:21.784,1.26321,1.26344,3.00,1.00
2016.03.15 03:13:21.936,1.26321,1.26346,3.00,1.00
2016.03.15 03:13:21.987,1.26321,1.26346,3.16,1.00
2016.03.15 03:13:22.493,1.26323,1.26345,1.21,1.00
2016.03.15 03:13:22.981,1.26321,1.2634,3.75,1.00
2016.03.15 03:13:23.183,1.26317,1.26337,1.00,1.50
2016.03.15 03:13:23.694,1.26313,1.26337,4.66,1.00
2016.03.15 03:13:25.904,1.26313,1.26337,3.75,1.00
2016.03.15 03:13:26.006,1.26313,1.26327,3.75,1.00
2016.03.15 03:13:26.158,1.26308,1.26324,1.00,1.00
2016.03.15 03:13:26.209,1.26303,1.26324,1.21,1.00
2016.03.15 03:13:26.747,1.263,1.26325,2.86,1.12
2016.03.15 03:13:26.849,1.263,1.26325,1.36,1.37
2016.03.15 03:13:27.052,1.263,1.26326,1.81,1.00
2016.03.15 03:13:27.226,1.26299,1.26326,5.41,1.37
2016.03.15 03:13:28.408,1.263,1.26324,1.36,1.00
2016.03.15 03:13:29.941,1.263,1.26325,2.93,1.00
2016.03.15 03:13:30.042,1.263,1.26327,2.18,1.12
2016.03.15 03:13:30.695,1.263,1.26327,1.43,1.00
2016.03.15 03:13:30.796,1.26303,1.26326,1.53,1.00
2016.03.15 03:13:30.847,1.26303,1.26329,1.53,3.37
2016.03.15 03:13:31.353,1.26303,1.26329,2.11,2.25
2016.03.15 03:13:32.050,1.26303,1.26329,2.11,2.25
2016.03.15 03:13:33.299,1.26303,1.26329,1.36,3.00
2016.03.15 03:13:35.046,1.26303,1.26329,2.32,3.00
2016.03.15 03:13:36.540,1.26303,1.26329,2.32,3.00
2016.03.15 03:13:37.808,1.26303,1.26329,2.32,2.25
2016.03.15 03:13:38.519,1.26303,1.26329,2.32,2.25
2016.03.15 03:13:42.238,1.26303,1.26329,2.32,2.25
2016.03.15 03:13:42.847,1.26303,1.26329,2.32,2.25
2016.03.15 03:13:43.333,1.26303,1.26317,1.57,1.50
2016.03.15 03:13:43.637,1.263,1.26313,1.00,1.77
2016.03.15 03:13:43.941,1.26303,1.26316,1.00,2.32
2016.03.15 03:13:44.256,1.26303,1.2631,1.00,1.50
2016.03.15 03:13:44.711,1.26302,1.2631,1.00,1.47
2016.03.15 03:13:45.217,1.26303,1.2631,1.00,2.25
2016.03.15 03:13:45.765,1.26294,1.26309,1.00,1.50
2016.03.15 03:13:45.816,1.26294,1.26305,1.00,1.50
2016.03.15 03:13:45.867,1.26283,1.26305,2.42,1.50
2016.03.15 03:13:46.020,1.26285,1.26305,1.00,1.50
2016.03.15 03:13:46.778,1.26285,1.26304,1.00,1.00
2016.03.15 03:13:47.081,1.26281,1.26295,1.00,1.50
2016.03.15 03:13:47.620,1.2628,1.26295,1.00,2.40
2016.03.15 03:13:48.160,1.2628,1.26294,1.00,1.00
2016.03.15 03:13:48.906,1.2628,1.26295,1.00,2.40
2016.03.15 03:13:49.567,1.2628,1.26294,1.00,1.00
2016.03.15 03:13:50.268,1.2628,1.26295,1.00,1.20
2016.03.15 03:13:50.792,1.26279,1.26295,1.00,1.50
2016.03.15 03:13:52.135,1.26279,1.26296,1.00,1.50
2016.03.15 03:13:52.646,1.26279,1.26295,1.00,1.50
2016.03.15 03:13:53.454,1.26279,1.26296,1.00,1.50
2016.03.15 03:13:53.979,1.2628,1.26295,1.67,1.50
2016.03.15 03:13:54.284,1.26283,1.26296,1.67,1.50
2016.03.15 03:13:54.789,1.26284,1.26296,1.67,1.50
2016.03.15 03:13:55.246,1.26279,1.26295,1.87,1.50
2016.03.15 03:13:55.765,1.26279,1.26295,1.50,1.50
2016.03.15 03:13:56.749,1.2628,1.26295,1.50,1.50
2016.03.15 03:13:57.251,1.2628,1.26296,1.50,1.50
2016.03.15 03:13:57.857,1.2628,1.263,2.25,1.65
2016.03.15 03:14:00.014,1.26284,1.263,1.00,1.50
2016.03.15 03:14:00.812,1.26284,1.26301,1.00,1.50
2016.03.15 03:14:01.326,1.26284,1.263,1.00,1.50
2016.03.15 03:14:01.872,1.26284,1.26301,1.00,1.50
2016.03.15 03:14:02.608,1.26284,1.263,1.00,1.50
2016.03.15 03:14:03.214,1.26283,1.26301,1.00,1.50
2016.03.15 03:14:03.767,1.26283,1.263,1.00,1.50
2016.03.15 03:14:04.286,1.26283,1.26301,1.00,1.50
2016.03.15 03:14:04.825,1.26284,1.263,1.00,1.50
2016.03.15 03:14:06.341,1.26284,1.26301,1.00,1.50
2016.03.15 03:14:06.881,1.26285,1.263,1.00,1.50
2016.03.15 03:14:07.383,1.26285,1.26301,1.00,1.50
2016.03.15 03:14:07.901,1.26285,1.263,1.00,1.50
2016.03.15 03:14:08.244,1.26292,1.26301,1.00,1.50
2016.03.15 03:14:08.296,1.2629,1.26301,1.00,1.50
2016.03.15 03:14:08.347,1.2629,1.26308,1.00,1.37
2016.03.15 03:14:08.398,1.26288,1.26309,1.10,3.94
2016.03.15 03:14:08.449,1.26287,1.263,1.10,1.50
2016.03.15 03:14:08.702,1.26284,1.263,1.00,1.50
2016.03.15 03:14:09.240,1.26285,1.263,1.00,1.50
2016.03.15 03:14:09.790,1.26285,1.26301,1.00,1.50
2016.03.15 03:14:10.310,1.26285,1.263,1.00,1.50
2016.03.15 03:14:10.844,1.26285,1.26301,1.00,1.50
2016.03.15 03:14:11.387,1.26284,1.263,1.00,1.50
2016.03.15 03:14:11.897,1.26284,1.26301,1.00,1.50
2016.03.15 03:14:12.399,1.26285,1.263,1.00,1.50
2016.03.15 03:14:13.395,1.26284,1.263,1.00,1.50
2016.03.15 03:14:13.546,1.26284,1.26305,1.00,1.65
2016.03.15 03:14:13.799,1.26286,1.26306,1.00,2.25
2016.03.15 03:14:14.324,1.26285,1.26306,1.00,2.25
2016.03.15 03:14:21.692,1.26289,1.26305,1.00,1.65
2016.03.15 03:14:22.198,1.26288,1.26305,1.00,1.50
2016.03.15 03:14:22.967,1.26288,1.26306,1.31,2.25
2016.03.15 03:14:23.433,1.2629,1.26306,1.00,1.00
2016.03.15 03:14:23.535,1.26288,1.26306,1.00,1.00
2016.03.15 03:14:23.636,1.26291,1.26306,1.00,1.00
2016.03.15 03:14:23.738,1.26289,1.26306,1.00,1.00
2016.03.15 03:14:24.295,1.26288,1.26306,1.00,1.00
2016.03.15 03:14:24.803,1.26287,1.26306,1.50,1.00
2016.03.15 03:14:26.337,1.26289,1.26306,1.00,1.00
2016.03.15 03:14:27.044,1.2629,1.26306,1.00,1.00
2016.03.15 03:14:27.145,1.26288,1.26306,1.00,1.00
2016.03.15 03:14:27.247,1.2629,1.26306,1.00,1.00
2016.03.15 03:14:29.325,1.26289,1.26306,1.00,1.00
2016.03.15 03:14:30.728,1.2629,1.26306,1.00,1.00
2016.03.15 03:14:31.230,1.26289,1.26305,1.00,1.00
2016.03.15 03:14:32.149,1.2629,1.26305,1.00,1.00
2016.03.15 03:14:36.535,1.26284,1.26305,1.50,1.50
2016.03.15 03:14:36.637,1.26282,1.26305,1.00,3.90
2016.03.15 03:14:36.739,1.26282,1.26305,1.00,4.20
2016.03.15 03:14:37.083,1.26284,1.26305,1.00,4.50
2016.03.15 03:14:37.631,1.26282,1.26305,1.00,4.50
2016.03.15 03:14:40.749,1.26285,1.26305,1.50,3.00
2016.03.15 03:14:41.053,1.26292,1.26309,1.31,3.00
2016.03.15 03:14:41.591,1.26288,1.26308,1.31,1.00
2016.03.15 03:14:41.643,1.26284,1.26308,1.31,1.10
2016.03.15 03:14:42.154,1.26283,1.26309,1.00,3.45
2016.03.15 03:14:42.697,1.26284,1.26308,1.00,1.10
2016.03.15 03:14:43.342,1.26283,1.26309,1.00,3.45
2016.03.15 03:14:43.861,1.26284,1.26308,1.00,1.10
2016.03.15 03:14:45.769,1.26283,1.26309,1.00,3.45
2016.03.15 03:14:46.313,1.26282,1.26309,1.00,4.95
2016.03.15 03:14:46.566,1.26282,1.26308,1.00,1.87
2016.03.15 03:14:47.073,1.26283,1.26308,1.00,1.87
2016.03.15 03:14:47.617,1.26284,1.26308,1.00,1.12
2016.03.15 03:14:49.182,1.26285,1.26308,1.00,1.12
2016.03.15 03:14:51.149,1.26284,1.26308,1.00,1.12
2016.03.15 03:14:53.971,1.26285,1.26308,1.00,1.12
2016.03.15 03:14:54.455,1.26285,1.26309,1.00,1.50
2016.03.15 03:14:54.557,1.26288,1.26311,1.00,1.00
2016.03.15 03:14:55.106,1.26288,1.26312,1.00,2.25
2016.03.15 03:14:55.556,1.26288,1.26315,1.00,1.00
2016.03.15 03:14:59.023,1.2629,1.26315,1.50,1.00
2016.03.15 03:14:59.116,1.26292,1.26318,1.00,2.25
2016.03.15 03:14:59.370,1.26294,1.26318,1.00,2.25
2016.03.15 03:14:59.876,1.26295,1.26318,1.00,2.25
2016.03.15 03:15:00.071,1.26296,1.26321,1.00,1.50
2016.03.15 03:15:01.100,1.26296,1.26322,1.00,1.65
2016.03.15 03:15:01.635,1.26296,1.26321,1.00,1.50
2016.03.15 03:15:02.137,1.26295,1.26321,1.00,1.00
2016.03.15 03:15:03.410,1.26296,1.26321,1.00,1.50
2016.03.15 03:15:04.687,1.26295,1.26321,1.00,1.00
2016.03.15 03:15:05.119,1.26299,1.26322,1.00,1.50
2016.03.15 03:15:05.648,1.26299,1.26323,1.00,2.25
2016.03.15 03:15:06.153,1.263,1.26323,1.00,2.25
2016.03.15 03:15:06.674,1.26299,1.26323,1.50,2.25
2016.03.15 03:15:07.177,1.263,1.26323,1.00,2.25
2016.03.15 03:15:07.926,1.26301,1.26323,1.00,2.25
2016.03.15 03:15:08.431,1.263,1.26323,1.00,2.25
2016.03.15 03:15:09.543,1.26301,1.26323,1.00,2.25
2016.03.15 03:15:10.077,1.263,1.26323,1.00,2.25
2016.03.15 03:15:10.588,1.26301,1.26323,1.00,2.25
2016.03.15 03:15:12.937,1.263,1.26323,1.00,2.25
2016.03.15 03:15:13.068,1.26298,1.26322,1.00,1.00
2016.03.15 03:15:13.119,1.26295,1.26321,1.00,1.00
2016.03.15 03:15:13.372,1.26297,1.2632,1.00,1.00
2016.03.15 03:15:13.626,1.26306,1.26333,2.25,1.87
2016.03.15 03:15:13.677,1.26308,1.26333,1.00,1.12
2016.03.15 03:15:13.728,1.26308,1.26334,1.00,1.00
2016.03.15 03:15:13.990,1.26306,1.26334,3.00,1.00
2016.03.15 03:15:14.521,1.26306,1.26333,2.25,1.00
2016.03.15 03:15:17.302,1.26309,1.26333,1.00,1.00
2016.03.15 03:15:17.403,1.26306,1.26334,3.00,1.50
2016.03.15 03:15:17.505,1.26306,1.26332,3.00,1.00
2016.03.15 03:15:18.101,1.26306,1.26334,3.75,1.00
2016.03.15 03:15:18.537,1.26308,1.26334,1.00,1.00
2016.03.15 03:15:24.245,1.26309,1.26335,1.00,1.00
2016.03.15 03:15:34.271,1.26309,1.26333,1.00,1.00
2016.03.15 03:15:35.314,1.26309,1.26332,1.00,1.50
2016.03.15 03:15:35.618,1.26307,1.26331,1.00,1.56
2016.03.15 03:15:36.033,1.26306,1.26331,1.00,1.00
2016.03.15 03:15:36.866,1.26305,1.26331,1.00,1.12
2016.03.15 03:15:37.445,1.26306,1.2633,1.00,1.00
2016.03.15 03:15:38.027,1.26305,1.2633,1.00,1.00
2016.03.15 03:15:38.189,1.26305,1.26332,1.00,1.87
2016.03.15 03:15:38.734,1.26306,1.26331,1.00,1.00
2016.03.15 03:15:39.236,1.26306,1.26332,1.00,2.62
2016.03.15 03:15:39.743,1.26306,1.26331,1.00,1.00
2016.03.15 03:15:39.963,1.26306,1.26328,1.00,1.00
2016.03.15 03:15:42.392,1.26307,1.26328,1.00,1.00
2016.03.15 03:15:42.443,1.26305,1.26328,1.00,1.00
2016.03.15 03:15:42.948,1.26306,1.26328,1.00,1.37
2016.03.15 03:15:43.071,1.26307,1.26331,1.00,1.00
2016.03.15 03:15:43.428,1.26306,1.26331,1.00,1.87
2016.03.15 03:15:43.977,1.26306,1.26328,1.00,1.00
2016.03.15 03:15:44.513,1.26306,1.26328,1.00,1.37
2016.03.15 03:15:44.632,1.26306,1.26328,1.00,1.87
2016.03.15 03:15:52.768,1.26305,1.26328,1.00,1.00
2016.03.15 03:15:53.212,1.26307,1.26328,1.00,1.00
2016.03.15 03:15:53.813,1.26306,1.26328,1.00,1.12
2016.03.15 03:15:54.578,1.26307,1.26328,1.00,1.00
2016.03.15 03:15:55.796,1.26306,1.26328,1.00,1.00
2016.03.15 03:15:57.216,1.26307,1.26328,1.00,1.10
2016.03.15 03:15:57.484,1.26304,1.26326,1.00,1.00
2016.03.15 03:15:57.939,1.26304,1.26324,1.00,1.00
2016.03.15 03:15:58.451,1.26305,1.26324,1.00,1.00
2016.03.15 03:15:59.707,1.26305,1.26325,1.00,1.50
2016.03.15 03:16:00.230,1.26305,1.26324,1.00,1.00
2016.03.15 03:16:00.642,1.26305,1.26326,1.00,2.25
2016.03.15 03:16:01.936,1.26305,1.26327,1.00,2.25
2016.03.15 03:16:02.446,1.26305,1.26325,1.00,1.00
2016.03.15 03:16:03.037,1.26306,1.26325,1.00,1.00
2016.03.15 03:16:03.549,1.26305,1.26325,1.00,1.00
2016.03.15 03:16:04.322,1.26308,1.26325,1.00,1.00
2016.03.15 03:16:04.475,1.26308,1.26334,1.10,1.00
2016.03.15 03:16:04.526,1.26308,1.26337,1.10,3.75
2016.03.15 03:16:11.932,1.26309,1.26337,1.00,3.00
2016.03.15 03:16:13.190,1.26308,1.26337,1.10,3.75
2016.03.15 03:16:14.050,1.26309,1.26337,1.00,3.00
2016.03.15 03:16:17.105,1.26309,1.26333,1.00,1.00
2016.03.15 03:16:17.409,1.26307,1.26312,2.25,1.50
2016.03.15 03:16:17.612,1.26307,1.2632,3.00,1.00
2016.03.15 03:16:17.663,1.2631,1.26327,1.00,1.07
2016.03.15 03:16:18.211,1.26311,1.26327,1.00,1.07
2016.03.15 03:16:23.011,1.26311,1.26314,1.00,1.50
2016.03.15 03:16:23.062,1.26307,1.26312,3.00,1.50
2016.03.15 03:16:23.113,1.26307,1.26317,3.00,1.00
2016.03.15 03:16:23.164,1.26311,1.26325,1.00,3.00
2016.03.15 03:16:23.417,1.26311,1.26328,1.00,1.20
2016.03.15 03:16:23.920,1.26312,1.26328,1.00,1.20
2016.03.15 03:16:27.330,1.26311,1.26328,1.00,1.20
2016.03.15 03:16:31.271,1.26312,1.26328,1.00,1.20
2016.03.15 03:16:31.962,1.26311,1.26328,1.00,1.20
2016.03.15 03:16:37.994,1.26312,1.26328,1.00,1.20
2016.03.15 03:16:38.336,1.2631,1.26328,1.00,1.20
2016.03.15 03:16:41.508,1.26305,1.26328,1.65,1.20
2016.03.15 03:16:41.610,1.26303,1.26328,3.00,1.57
2016.03.15 03:16:41.661,1.26303,1.26328,2.25,1.57
2016.03.15 03:16:41.965,1.26305,1.26328,1.00,1.87
2016.03.15 03:16:42.298,1.26305,1.26328,1.00,1.10
2016.03.15 03:16:44.223,1.26307,1.26328,1.12,1.00
2016.03.15 03:16:44.529,1.26313,1.26336,1.00,1.00
2016.03.15 03:16:45.038,1.26313,1.26337,1.00,1.00
2016.03.15 03:16:45.585,1.26314,1.26337,1.00,1.50
2016.03.15 03:16:46.086,1.26315,1.26338,1.00,2.25
2016.03.15 03:16:47.140,1.26315,1.26337,1.00,1.00
2016.03.15 03:16:48.209,1.26315,1.26338,1.00,1.50
2016.03.15 03:16:48.982,1.26314,1.26339,1.00,1.00
2016.03.15 03:16:50.205,1.26315,1.26338,1.00,1.00
2016.03.15 03:16:53.561,1.26314,1.26339,1.00,1.00
2016.03.15 03:16:57.967,1.26315,1.26338,1.00,1.00
2016.03.15 03:17:01.780,1.26316,1.26341,1.00,3.15
2016.03.15 03:17:01.831,1.26318,1.2634,2.25,1.00
2016.03.15 03:17:02.339,1.26318,1.26341,2.25,1.00
2016.03.15 03:17:03.202,1.26318,1.26342,2.25,2.32
2016.03.15 03:17:03.744,1.26318,1.26341,2.25,1.00
2016.03.15 03:17:08.231,1.26318,1.26342,2.44,1.57
2016.03.15 03:17:10.118,1.26318,1.26343,3.94,1.20
2016.03.15 03:17:10.422,1.2632,1.26345,1.95,1.00
2016.03.15 03:17:10.515,1.26321,1.26347,1.12,1.20
2016.03.15 03:17:15.480,1.26321,1.26346,1.69,1.00
2016.03.15 03:17:16.035,1.26322,1.26345,1.00,1.00
2016.03.15 03:17:17.189,1.26322,1.26345,1.56,1.00
2016.03.15 03:17:17.305,1.26322,1.26342,1.00,1.00
2016.03.15 03:17:17.818,1.2632,1.26347,1.76,1.75
2016.03.15 03:17:18.343,1.2632,1.26347,1.46,1.75
2016.03.15 03:17:18.870,1.2632,1.26347,1.46,1.75
2016.03.15 03:17:19.320,1.26321,1.26344,1.19,1.12
2016.03.15 03:17:19.924,1.26321,1.26343,1.19,1.00
2016.03.15 03:17:22.520,1.26322,1.26344,1.00,1.00
2016.03.15 03:17:23.450,1.26322,1.26343,1.00,1.00
2016.03.15 03:17:24.242,1.26322,1.26344,1.00,1.00
2016.03.15 03:17:26.130,1.26322,1.26345,1.00,1.50
2016.03.15 03:17:26.822,1.26322,1.26344,1.00,1.00
2016.03.15 03:17:29.030,1.26322,1.26345,1.00,1.50
2016.03.15 03:17:29.532,1.26322,1.26344,1.00,1.00
2016.03.15 03:17:30.939,1.26322,1.26346,1.00,1.00
2016.03.15 03:17:31.464,1.26322,1.26347,1.00,3.03
2016.03.15 03:17:31.515,1.26322,1.26344,1.50,1.00
2016.03.15 03:17:32.041,1.26321,1.26344,1.87,1.00
2016.03.15 03:17:32.589,1.26322,1.26344,1.00,1.00
2016.03.15 03:17:33.462,1.26322,1.26345,1.00,1.00
2016.03.15 03:17:33.848,1.26321,1.26344,1.69,1.00
2016.03.15 03:17:34.419,1.2632,1.26345,1.84,1.00
2016.03.15 03:17:37.424,1.26322,1.26344,1.19,1.00
2016.03.15 03:17:37.717,1.26322,1.26344,1.25,1.00
2016.03.15 03:17:38.826,1.26322,1.26343,1.50,1.00
2016.03.15 03:17:39.374,1.26322,1.26344,1.50,1.00
2016.03.15 03:17:39.840,1.26322,1.26347,1.50,1.12
2016.03.15 03:17:39.941,1.26324,1.26347,1.00,1.12
2016.03.15 03:17:40.477,1.26324,1.26347,1.00,1.37
2016.03.15 03:17:41.303,1.26324,1.26347,1.00,1.75
2016.03.15 03:17:41.809,1.26322,1.26345,2.25,1.37
2016.03.15 03:17:42.032,1.26321,1.26346,3.00,1.00
2016.03.15 03:17:42.580,1.26322,1.26347,2.25,1.00
2016.03.15 03:17:43.539,1.26322,1.26347,1.81,1.87
2016.03.15 03:17:47.098,1.26321,1.26345,3.15,1.00
2016.03.15 03:17:47.402,1.26321,1.26342,1.39,1.00
2016.03.15 03:17:47.605,1.26319,1.26341,1.65,1.00
2016.03.15 03:17:48.155,1.26319,1.26345,2.02,1.31
2016.03.15 03:17:48.662,1.26319,1.26345,2.02,1.31
2016.03.15 03:17:49.230,1.26319,1.26345,2.02,1.31
2016.03.15 03:17:49.484,1.26323,1.26344,1.00,1.31
2016.03.15 03:17:50.011,1.26323,1.26345,1.00,1.31
2016.03.15 03:17:50.534,1.26322,1.26345,1.12,1.31
2016.03.15 03:17:51.113,1.26323,1.26345,1.00,1.62
2016.03.15 03:17:51.618,1.26322,1.26345,1.12,1.62
2016.03.15 03:17:52.155,1.26323,1.26345,1.00,1.62
2016.03.15 03:17:53.976,1.26322,1.26345,1.12,1.31
2016.03.15 03:17:54.478,1.26322,1.26345,1.00,1.31
2016.03.15 03:17:54.990,1.26323,1.26345,1.00,1.31
2016.03.15 03:17:55.537,1.26323,1.26345,1.00,1.62
2016.03.15 03:17:56.170,1.26321,1.26346,1.87,1.37
2016.03.15 03:17:56.539,1.26322,1.26341,1.31,1.00
2016.03.15 03:17:57.083,1.26324,1.26343,1.00,1.50
2016.03.15 03:18:00.003,1.26325,1.26344,1.00,2.25
2016.03.15 03:18:00.553,1.26324,1.26343,1.50,1.50
2016.03.15 03:18:02.110,1.26324,1.26343,1.87,1.45
2016.03.15 03:18:02.440,1.26328,1.26343,1.00,1.45
2016.03.15 03:18:02.491,1.26326,1.26343,1.12,1.45
2016.03.15 03:18:03.772,1.26327,1.26343,1.00,1.45
2016.03.15 03:18:05.122,1.26328,1.26343,1.00,1.45
2016.03.15 03:18:05.639,1.26329,1.26343,1.00,1.50
2016.03.15 03:18:06.223,1.26329,1.26343,1.50,1.00
2016.03.15 03:18:06.940,1.26329,1.26345,1.00,1.50
2016.03.15 03:18:07.041,1.26329,1.26343,1.00,1.00
2016.03.15 03:18:07.561,1.2633,1.26344,1.00,1.10
2016.03.15 03:18:08.175,1.2633,1.26345,1.00,1.57
2016.03.15 03:18:08.927,1.2633,1.26344,1.00,1.00
2016.03.15 03:18:09.932,1.26328,1.26344,1.00,1.00
2016.03.15 03:18:10.491,1.26329,1.26343,1.00,1.00
2016.03.15 03:18:11.031,1.26331,1.26344,1.00,1.00
2016.03.15 03:18:11.284,1.26341,1.2636,1.56,1.00
2016.03.15 03:18:11.436,1.26343,1.26364,1.00,1.50
2016.03.15 03:18:11.941,1.26343,1.26364,1.00,1.10
2016.03.15 03:18:12.093,1.26347,1.26364,1.00,1.10
2016.03.15 03:18:12.599,1.26346,1.26364,1.00,1.10
2016.03.15 03:18:12.903,1.26346,1.26362,1.00,1.00
2016.03.15 03:18:13.418,1.26348,1.26362,1.00,1.00
2016.03.15 03:18:13.920,1.26347,1.26362,1.00,1.00
2016.03.15 03:18:14.072,1.26344,1.26362,1.00,1.00
2016.03.15 03:18:14.425,1.26346,1.26361,1.00,1.00
2016.03.15 03:18:14.989,1.26346,1.26364,1.00,1.10
2016.03.15 03:18:15.293,1.26345,1.26354,1.00,1.00
2016.03.15 03:18:15.395,1.26341,1.26355,1.50,3.00
2016.03.15 03:18:15.448,1.26341,1.26355,1.00,3.37
2016.03.15 03:18:15.499,1.26336,1.2635,1.00,1.00
2016.03.15 03:18:15.550,1.26331,1.2635,3.82,1.00
2016.03.15 03:18:15.702,1.26333,1.26349,1.00,1.00
2016.03.15 03:18:16.260,1.26333,1.26348,1.00,1.00
2016.03.15 03:18:16.311,1.26333,1.26352,1.00,1.75
2016.03.15 03:18:16.565,1.26334,1.26355,1.00,1.50
2016.03.15 03:18:17.070,1.26334,1.26352,1.00,1.00
2016.03.15 03:18:17.121,1.26333,1.2635,1.00,1.00
2016.03.15 03:18:17.636,1.26332,1.2635,1.00,1.00
2016.03.15 03:18:18.160,1.26332,1.26349,1.00,1.00
2016.03.15 03:18:18.665,1.26332,1.2635,1.00,1.00
2016.03.15 03:18:19.236,1.26332,1.26349,1.00,1.00
2016.03.15 03:18:19.805,1.26332,1.2635,1.00,1.00
2016.03.15 03:18:20.340,1.26332,1.26351,1.00,1.00
2016.03.15 03:18:21.546,1.2633,1.26351,1.00,1.00
2016.03.15 03:18:22.047,1.26328,1.26352,2.40,1.00
2016.03.15 03:18:22.572,1.26328,1.26351,1.09,1.00
2016.03.15 03:18:22.623,1.2633,1.26354,1.00,1.87
2016.03.15 03:18:22.929,1.26333,1.26357,1.20,3.00
2016.03.15 03:18:23.232,1.26336,1.26358,1.00,1.75
2016.03.15 03:18:24.021,1.26334,1.26358,1.12,1.75
2016.03.15 03:18:24.534,1.26333,1.26358,1.57,1.87
2016.03.15 03:18:25.038,1.26334,1.26358,1.00,1.87
2016.03.15 03:18:25.642,1.26335,1.26358,1.00,1.87
2016.03.15 03:18:26.146,1.26336,1.26358,1.00,1.87
2016.03.15 03:18:26.247,1.26336,1.26358,1.00,1.27
2016.03.15 03:18:26.349,1.26338,1.26359,1.00,1.50
2016.03.15 03:18:27.058,1.26338,1.26359,1.50,1.12
2016.03.15 03:18:27.109,1.26338,1.2636,2.62,1.50
2016.03.15 03:18:27.614,1.26338,1.26362,2.25,3.00
2016.03.15 03:18:28.154,1.2634,1.26362,1.00,3.00
2016.03.15 03:18:28.670,1.26339,1.26362,1.20,3.00
2016.03.15 03:18:29.019,1.26338,1.26358,1.87,1.69
2016.03.15 03:18:29.123,1.26335,1.26354,2.51,1.00
2016.03.15 03:18:29.175,1.26338,1.26358,1.00,1.31
2016.03.15 03:18:29.682,1.26336,1.2636,1.76,1.76
2016.03.15 03:18:30.189,1.26336,1.2636,2.25,1.00
2016.03.15 03:18:32.037,1.26336,1.26359,2.25,1.00
2016.03.15 03:18:32.291,1.26335,1.2636,3.00,1.50
2016.03.15 03:18:32.393,1.26335,1.26358,3.00,1.00
2016.03.15 03:18:32.937,1.26335,1.26359,2.25,1.00
2016.03.15 03:18:33.474,1.26335,1.26358,3.00,1.00
2016.03.15 03:18:33.999,1.26335,1.26359,2.25,1.00
2016.03.15 03:18:34.303,1.2634,1.26365,1.07,3.75
2016.03.15 03:18:34.719,1.26342,1.26365,1.32,3.75
2016.03.15 03:18:36.118,1.26341,1.26365,2.06,2.62
2016.03.15 03:18:36.702,1.26341,1.26365,1.50,3.00
2016.03.15 03:18:37.768,1.26342,1.26365,2.00,3.00
2016.03.15 03:18:39.513,1.26345,1.26367,1.10,1.95
2016.03.15 03:18:40.860,1.26346,1.26366,1.00,1.00
2016.03.15 03:18:42.802,1.26346,1.26367,1.00,1.95
2016.03.15 03:18:43.906,1.26346,1.26366,1.00,1.00
2016.03.15 03:18:44.458,1.26345,1.26365,1.00,1.00
2016.03.15 03:18:45.018,1.26345,1.26367,1.00,1.87
2016.03.15 03:18:45.271,1.26343,1.26367,1.20,1.87
2016.03.15 03:18:45.815,1.26344,1.26367,1.00,1.50
2016.03.15 03:18:46.321,1.26344,1.26367,1.50,1.20
2016.03.15 03:18:46.819,1.26343,1.26365,1.75,1.00
2016.03.15 03:18:47.001,1.26341,1.26364,1.50,1.00
2016.03.15 03:18:47.357,1.26344,1.26364,1.00,1.00
2016.03.15 03:18:47.660,1.26346,1.26365,1.00,3.00
2016.03.15 03:18:48.169,1.26345,1.26365,1.10,2.25
2016.03.15 03:18:49.223,1.26341,1.26364,1.31,1.00
2016.03.15 03:18:49.731,1.26342,1.26365,1.60,2.25
2016.03.15 03:18:49.984,1.26347,1.26365,1.00,2.25
2016.03.15 03:18:50.290,1.26347,1.26367,1.00,1.20
2016.03.15 03:18:50.418,1.26347,1.26364,1.00,1.00
2016.03.15 03:18:50.469,1.26342,1.26364,1.50,1.00
2016.03.15 03:18:50.975,1.2634,1.26365,1.75,3.00
2016.03.15 03:18:51.737,1.2634,1.26364,2.06,1.00
2016.03.15 03:18:52.286,1.2634,1.26365,2.06,3.00
2016.03.15 03:18:52.788,1.2634,1.26364,2.06,1.00
2016.03.15 03:18:54.548,1.26341,1.26365,1.31,2.32
2016.03.15 03:18:54.701,1.26339,1.26363,1.00,1.00
2016.03.15 03:18:55.177,1.26337,1.26361,1.31,1.00
2016.03.15 03:18:55.684,1.26337,1.2636,1.50,1.00
2016.03.15 03:18:56.192,1.26337,1.26359,1.50,1.00
2016.03.15 03:18:56.345,1.26335,1.26359,5.25,1.00
2016.03.15 03:18:56.859,1.26335,1.26358,1.50,1.00
2016.03.15 03:18:58.073,1.26336,1.2636,1.20,1.00
2016.03.15 03:18:58.709,1.26336,1.26361,1.65,3.75
2016.03.15 03:18:59.084,1.26338,1.26361,1.00,3.75
2016.03.15 03:18:59.448,1.2634,1.26361,1.00,3.75
2016.03.15 03:18:59.980,1.26339,1.26361,1.00,3.75
2016.03.15 03:19:00.773,1.26339,1.2636,1.00,1.00
2016.03.15 03:19:02.472,1.2634,1.2636,1.00,1.00
2016.03.15 03:19:03.376,1.26339,1.2636,1.00,1.00
2016.03.15 03:19:03.692,1.26341,1.2636,1.00,1.00
2016.03.15 03:19:03.945,1.26337,1.2636,1.50,1.00
2016.03.15 03:19:04.027,1.26339,1.26363,1.00,1.20
2016.03.15 03:19:04.547,1.26338,1.26363,1.20,1.20
2016.03.15 03:19:04.699,1.2634,1.26362,1.00,1.00
2016.03.15 03:19:05.003,1.26343,1.26363,1.00,1.20
2016.03.15 03:19:06.025,1.26337,1.26363,2.25,1.27
2016.03.15 03:19:07.745,1.26336,1.26363,1.75,1.95
2016.03.15 03:19:08.406,1.26335,1.2636,1.12,1.57
2016.03.15 03:19:08.457,1.26334,1.2636,3.00,1.87
2016.03.15 03:19:08.508,1.26334,1.2636,2.62,1.87
2016.03.15 03:19:08.610,1.2633,1.26358,1.50,1.37
2016.03.15 03:19:08.813,1.26329,1.26358,2.25,1.12
2016.03.15 03:19:08.914,1.2633,1.26356,1.00,1.00
2016.03.15 03:19:09.319,1.26333,1.26356,1.00,1.00
2016.03.15 03:19:10.306,1.2633,1.26356,1.20,1.00
2016.03.15 03:19:10.509,1.26333,1.26358,1.00,1.00
2016.03.15 03:19:11.014,1.26335,1.26359,1.50,2.25
2016.03.15 03:19:11.604,1.26336,1.26359,1.00,2.25
2016.03.15 03:19:12.124,1.26337,1.26359,1.00,2.25
2016.03.15 03:19:12.824,1.26335,1.26359,2.62,2.32
2016.03.15 03:19:13.540,1.26333,1.26359,1.87,2.77
2016.03.15 03:19:13.643,1.26329,1.26355,2.25,1.94
2016.03.15 03:19:13.796,1.26329,1.2635,2.25,1.00
2016.03.15 03:19:14.735,1.26329,1.2635,2.25,1.56
2016.03.15 03:19:14.837,1.26322,1.26347,1.00,1.50
2016.03.15 03:19:14.938,1.2632,1.26345,1.00,1.00
2016.03.15 03:19:15.192,1.26321,1.26348,1.00,3.37
2016.03.15 03:19:15.697,1.26322,1.26348,1.00,3.00
2016.03.15 03:19:15.798,1.26324,1.26348,1.00,3.00
2016.03.15 03:19:16.002,1.26322,1.26348,1.00,3.00
2016.03.15 03:19:16.440,1.26324,1.26348,1.00,3.00
2016.03.15 03:19:16.808,1.26322,1.26348,1.00,3.00
2016.03.15 03:19:16.909,1.26321,1.26348,1.50,3.37
2016.03.15 03:19:17.448,1.2632,1.26345,1.50,1.00
2016.03.15 03:19:17.957,1.26321,1.26345,1.00,1.00
2016.03.15 03:19:18.350,1.26323,1.26345,1.00,1.00
2016.03.15 03:19:18.846,1.26318,1.26343,2.25,1.00
2016.03.15 03:19:18.947,1.26318,1.26341,2.25,1.00
2016.03.15 03:19:20.835,1.26318,1.26343,2.25,1.00
2016.03.15 03:19:21.038,1.2632,1.26343,1.00,1.00
2016.03.15 03:19:21.139,1.26318,1.26343,2.25,1.00
2016.03.15 03:19:21.688,1.26318,1.26342,2.25,1.00
2016.03.15 03:19:22.439,1.26318,1.26342,2.25,1.37
2016.03.15 03:19:22.540,1.26311,1.26341,2.25,2.62
2016.03.15 03:19:24.024,1.26313,1.26341,1.00,3.00
2016.03.15 03:19:24.810,1.26315,1.26341,1.00,3.00
2016.03.15 03:19:27.430,1.26311,1.26341,2.25,3.00
2016.03.15 03:19:28.931,1.26312,1.26341,1.00,3.00
2016.03.15 03:19:29.540,1.26314,1.26341,1.00,3.00
2016.03.15 03:19:31.427,1.26317,1.26341,1.00,3.00
2016.03.15 03:19:31.580,1.26317,1.26344,1.50,1.00
2016.03.15 03:19:31.833,1.2632,1.26345,1.00,1.00
2016.03.15 03:19:36.771,1.26318,1.26345,1.00,1.00
2016.03.15 03:19:37.246,1.2632,1.26342,1.00,1.00
2016.03.15 03:19:40.696,1.26317,1.26341,1.00,1.00
2016.03.15 03:19:45.163,1.26319,1.26343,1.00,1.00
2016.03.15 03:19:48.973,1.26317,1.26341,1.00,1.00
2016.03.15 03:19:51.595,1.26318,1.26341,1.00,1.00
2016.03.15 03:19:51.696,1.26319,1.26343,1.00,1.00
2016.03.15 03:19:52.100,1.26325,1.26345,1.50,1.00
2016.03.15 03:19:52.253,1.26329,1.26352,2.25,1.00
2016.03.15 03:19:52.762,1.26329,1.26351,2.25,1.00
2016.03.15 03:19:53.264,1.26329,1.26352,2.25,1.10
2016.03.15 03:19:53.809,1.26329,1.26351,2.25,1.00
2016.03.15 03:19:55.986,1.26329,1.26352,2.25,1.00
2016.03.15 03:19:56.037,1.26329,1.26349,2.25,1.00
2016.03.15 03:19:56.189,1.26322,1.26348,3.00,1.00
2016.03.15 03:19:56.393,1.26325,1.26347,1.00,1.00
2016.03.15 03:19:56.696,1.26325,1.26349,1.00,1.00
2016.03.15 03:20:14.873,1.26325,1.26349,1.94,1.00
2016.03.15 03:20:14.975,1.26331,1.26352,1.00,1.00
2016.03.15 03:20:15.548,1.26332,1.26352,1.00,1.00
2016.03.15 03:20:16.107,1.26332,1.2635,1.00,2.44
2016.03.15 03:20:16.158,1.26329,1.26345,2.25,1.56
2016.03.15 03:20:16.209,1.26327,1.26345,1.00,1.00
2016.03.15 03:20:16.260,1.26321,1.26342,1.00,1.00
2016.03.15 03:20:16.361,1.26322,1.26346,1.00,1.00
2016.03.15 03:20:16.773,1.26325,1.26346,1.00,1.00
2016.03.15 03:20:17.158,1.26324,1.26349,1.00,1.00
2016.03.15 03:20:21.068,1.26327,1.26348,1.00,1.00
2016.03.15 03:20:21.170,1.26327,1.2635,1.00,1.00
2016.03.15 03:20:23.625,1.26327,1.2635,1.00,1.37
2016.03.15 03:20:24.285,1.26327,1.2635,1.00,1.12
2016.03.15 03:20:26.008,1.26327,1.2635,1.00,2.25
2016.03.15 03:20:27.091,1.26327,1.2635,1.00,1.50
2016.03.15 03:20:28.300,1.26327,1.26348,1.00,1.00
2016.03.15 03:20:28.826,1.26326,1.26348,1.00,1.00
2016.03.15 03:20:29.655,1.26327,1.26348,1.00,1.00
2016.03.15 03:20:29.807,1.26329,1.26351,1.50,1.00
2016.03.15 03:20:30.351,1.26329,1.26352,1.00,1.00
2016.03.15 03:20:33.971,1.26329,1.26351,1.00,1.00
2016.03.15 03:20:37.358,1.26329,1.26352,1.31,1.00
2016.03.15 03:20:37.409,1.26329,1.26352,1.56,1.00
2016.03.15 03:20:38.190,1.26331,1.26353,1.31,1.00
2016.03.15 03:20:38.751,1.26332,1.26352,1.00,1.00
2016.03.15 03:20:39.345,1.26333,1.26352,1.00,1.00
2016.03.15 03:20:44.578,1.26332,1.26353,1.00,1.00
2016.03.15 03:20:44.994,1.26333,1.26347,1.00,1.31
2016.03.15 03:20:45.149,1.26319,1.26335,1.00,1.12
2016.03.15 03:20:45.200,1.26317,1.26333,1.50,1.00
2016.03.15 03:20:45.251,1.26315,1.26332,1.00,1.00
2016.03.15 03:20:45.403,1.26313,1.26332,1.00,1.10
2016.03.15 03:20:45.915,1.26312,1.26332,1.00,1.20
2016.03.15 03:20:46.853,1.26312,1.26332,1.00,1.47
2016.03.15 03:20:47.363,1.26312,1.26332,1.00,1.20
2016.03.15 03:20:47.472,1.26313,1.26332,1.00,1.47
2016.03.15 03:20:48.018,1.26312,1.26332,1.00,1.57
2016.03.15 03:20:48.321,1.26314,1.26332,1.00,1.00
2016.03.15 03:20:48.778,1.26312,1.26332,1.00,1.00
2016.03.15 03:20:49.999,1.26315,1.26332,1.00,1.00
2016.03.15 03:20:50.151,1.26315,1.26334,1.00,1.10
2016.03.15 03:20:52.623,1.26314,1.26334,1.00,1.50
2016.03.15 03:20:52.675,1.26314,1.26332,1.00,1.12
2016.03.15 03:20:52.979,1.26312,1.26331,1.00,1.00
2016.03.15 03:20:53.485,1.26312,1.26332,1.00,1.57
2016.03.15 03:20:54.204,1.26314,1.26332,1.00,1.65
2016.03.15 03:20:58.700,1.26308,1.26332,3.00,1.20
2016.03.15 03:21:00.056,1.26308,1.26332,1.50,1.57
2016.03.15 03:21:00.746,1.26308,1.26328,1.50,2.25
2016.03.15 03:21:01.551,1.2631,1.26328,1.00,2.25
2016.03.15 03:21:01.855,1.26312,1.26328,1.00,2.25
2016.03.15 03:21:02.853,1.26314,1.26328,1.00,2.25
2016.03.15 03:21:03.359,1.26315,1.26328,1.00,2.25
2016.03.15 03:21:03.964,1.26315,1.26332,1.00,3.90
2016.03.15 03:21:06.186,1.26315,1.26331,1.00,1.00
2016.03.15 03:21:07.052,1.26316,1.26331,1.00,1.00
2016.03.15 03:21:07.562,1.26316,1.26332,1.00,3.90
2016.03.15 03:21:08.166,1.26316,1.26331,1.00,1.00
2016.03.15 03:21:09.497,1.26314,1.26329,1.00,1.00
2016.03.15 03:21:10.037,1.26313,1.26328,1.00,1.00
2016.03.15 03:21:10.544,1.26314,1.26327,1.00,1.00
2016.03.15 03:21:11.091,1.26314,1.26328,1.00,1.10
2016.03.15 03:21:11.244,1.26308,1.26327,1.00,1.00
2016.03.15 03:21:11.785,1.26309,1.26328,1.00,2.32
2016.03.15 03:21:12.298,1.26309,1.26327,1.00,1.00
2016.03.15 03:21:12.552,1.26306,1.26325,1.57,1.00
2016.03.15 03:21:18.908,1.26306,1.26323,1.10,1.00
2016.03.15 03:21:21.780,1.26306,1.26324,1.10,1.00
2016.03.15 03:21:23.526,1.26306,1.26324,1.37,1.31
2016.03.15 03:21:23.842,1.26306,1.26324,1.10,1.00
2016.03.15 03:21:23.893,1.26306,1.26321,1.10,1.00
2016.03.15 03:21:27.143,1.26303,1.26321,1.20,1.00
2016.03.15 03:21:32.035,1.2631,1.26321,1.27,1.00
2016.03.15 03:21:32.136,1.2631,1.26328,3.27,2.25
2016.03.15 03:21:32.238,1.26315,1.26334,1.10,1.56
2016.03.15 03:21:32.419,1.26317,1.26334,1.00,1.56
2016.03.15 03:21:32.723,1.2632,1.26337,1.37,1.56
2016.03.15 03:21:32.875,1.26326,1.2635,1.75,1.87
2016.03.15 03:21:32.927,1.26329,1.26351,2.25,1.37
2016.03.15 03:21:33.079,1.26335,1.26351,1.10,1.00
2016.03.15 03:21:33.130,1.26338,1.26351,1.00,1.00
2016.03.15 03:21:33.181,1.26338,1.26354,1.00,1.00
2016.03.15 03:21:33.283,1.26337,1.26352,1.00,1.00
2016.03.15 03:21:33.584,1.26326,1.26338,1.10,1.00
2016.03.15 03:21:33.685,1.26327,1.26348,1.00,1.56
2016.03.15 03:21:33.939,1.26328,1.26348,1.00,1.31
2016.03.15 03:21:34.242,1.26327,1.26346,2.25,1.00
2016.03.15 03:21:34.546,1.26327,1.26349,1.50,1.31
2016.03.15 03:21:35.151,1.26327,1.26351,1.20,1.00
2016.03.15 03:21:35.657,1.26327,1.2635,1.50,1.00
2016.03.15 03:21:36.181,1.26327,1.26349,3.00,1.00
2016.03.15 03:21:38.541,1.26328,1.26351,1.45,1.27
2016.03.15 03:21:38.946,1.26327,1.26351,3.75,1.09
2016.03.15 03:21:39.947,1.26326,1.26349,3.00,2.06
2016.03.15 03:21:40.449,1.26326,1.26349,2.25,2.06
2016.03.15 03:21:40.848,1.26326,1.26349,2.25,1.69
2016.03.15 03:21:41.325,1.26326,1.26349,3.00,1.94
2016.03.15 03:21:41.426,1.26326,1.26349,1.50,1.94
2016.03.15 03:21:42.567,1.26324,1.26346,1.50,1.25
2016.03.15 03:21:42.719,1.26324,1.26347,1.50,1.94
2016.03.15 03:21:43.023,1.26324,1.26344,1.60,1.69
2016.03.15 03:21:43.225,1.26323,1.26344,1.56,2.44
2016.03.15 03:21:45.267,1.26322,1.26343,1.46,1.94
2016.03.15 03:21:48.867,1.26321,1.26343,2.06,1.94
2016.03.15 03:21:50.351,1.2632,1.2634,2.06,1.94
2016.03.15 03:21:51.370,1.26319,1.26338,1.75,1.31
2016.03.15 03:21:51.472,1.26318,1.26337,1.00,2.81
2016.03.15 03:21:51.675,1.26317,1.26337,1.00,3.94
2016.03.15 03:21:51.776,1.26314,1.26337,1.31,3.19
2016.03.15 03:21:51.979,1.26312,1.26336,1.57,1.56
2016.03.15 03:21:52.181,1.26311,1.26335,1.76,2.81
2016.03.15 03:21:53.388,1.26311,1.26331,1.01,2.81
2016.03.15 03:21:54.809,1.26311,1.26326,1.01,1.00
2016.03.15 03:21:55.617,1.26309,1.26327,1.66,1.31
2016.03.15 03:21:55.978,1.2631,1.26325,1.56,1.00
2016.03.15 03:21:56.506,1.26309,1.26326,1.66,1.31
2016.03.15 03:21:57.082,1.2631,1.26325,1.00,1.00
2016.03.15 03:21:57.487,1.26308,1.26325,1.00,1.00
2016.03.15 03:21:57.992,1.26307,1.26324,1.50,1.31
2016.03.15 03:21:58.616,1.26308,1.26324,1.00,1.31
2016.03.15 03:21:59.772,1.26308,1.26325,1.00,1.31
2016.03.15 03:22:00.374,1.26308,1.26326,1.00,1.69
2016.03.15 03:22:00.677,1.26307,1.26321,1.00,1.25
2016.03.15 03:22:00.981,1.263,1.26313,1.00,3.00
2016.03.15 03:22:01.259,1.26297,1.26309,1.00,2.06
2016.03.15 03:22:02.272,1.26297,1.26309,1.00,2.06
2016.03.15 03:22:02.374,1.26297,1.26309,1.00,1.50
2016.03.15 03:22:02.476,1.26295,1.2631,1.00,1.00
2016.03.15 03:22:02.983,1.26295,1.26311,1.00,1.00
2016.03.15 03:22:03.135,1.26297,1.2631,1.00,1.00
2016.03.15 03:22:03.338,1.26297,1.26312,1.00,2.25
2016.03.15 03:22:03.490,1.26297,1.26315,1.00,1.00
2016.03.15 03:22:03.692,1.26299,1.26314,1.00,1.00
2016.03.15 03:22:03.839,1.26299,1.26316,1.00,3.00
2016.03.15 03:22:03.941,1.26299,1.26314,1.00,1.00
2016.03.15 03:22:04.295,1.26299,1.26316,1.00,1.00
2016.03.15 03:22:04.916,1.26305,1.26316,1.00,1.00
2016.03.15 03:22:05.019,1.26305,1.26319,1.00,1.00
2016.03.15 03:22:05.222,1.26301,1.26318,1.31,1.31
2016.03.15 03:22:05.744,1.263,1.26318,1.00,1.00
2016.03.15 03:22:06.286,1.26299,1.26317,1.00,1.00
2016.03.15 03:22:06.848,1.263,1.26316,1.00,1.00
2016.03.15 03:22:07.356,1.263,1.26317,1.00,1.00
2016.03.15 03:22:07.859,1.263,1.26316,1.00,1.00
2016.03.15 03:22:08.720,1.263,1.26317,1.00,1.00
2016.03.15 03:22:08.974,1.26303,1.26316,1.00,1.00
2016.03.15 03:22:09.328,1.26303,1.26318,1.00,1.00
2016.03.15 03:22:09.841,1.26304,1.2632,1.00,1.69
2016.03.15 03:22:10.347,1.26304,1.26321,1.00,2.81
2016.03.15 03:22:11.226,1.26305,1.2632,1.00,1.00
2016.03.15 03:22:11.479,1.26306,1.26323,1.00,1.00
2016.03.15 03:22:11.581,1.26306,1.26325,1.00,3.71
2016.03.15 03:22:12.909,1.26307,1.26325,1.00,3.56
2016.03.15 03:22:14.014,1.26309,1.26325,1.00,4.31
2016.03.15 03:22:14.318,1.26315,1.26324,1.00,1.56
2016.03.15 03:22:14.622,1.26315,1.26323,1.00,1.31
2016.03.15 03:22:14.977,1.26317,1.26324,1.00,1.56
2016.03.15 03:22:15.079,1.26318,1.2633,1.00,1.22
2016.03.15 03:22:15.180,1.26318,1.26331,1.00,1.00
2016.03.15 03:22:15.282,1.26318,1.26333,1.00,1.00
2016.03.15 03:22:15.800,1.26318,1.26335,1.00,2.06
2016.03.15 03:22:16.154,1.26318,1.26337,1.00,4.31
2016.03.15 03:22:16.205,1.26318,1.26337,1.00,4.31
2016.03.15 03:22:16.617,1.26318,1.26336,1.50,1.20
2016.03.15 03:22:17.008,1.26318,1.26335,1.00,1.56
2016.03.15 03:22:17.109,1.26318,1.26335,1.00,1.00
2016.03.15 03:22:17.211,1.26318,1.26336,1.37,2.59
2016.03.15 03:22:17.774,1.26318,1.26334,1.12,1.56
2016.03.15 03:22:21.425,1.26318,1.26336,1.00,1.76
2016.03.15 03:22:21.527,1.2632,1.26336,1.00,1.66
2016.03.15 03:22:21.924,1.26319,1.26336,1.00,2.06
2016.03.15 03:22:22.228,1.26317,1.26332,1.00,1.00
2016.03.15 03:22:22.330,1.26317,1.26334,1.00,1.56
2016.03.15 03:22:24.898,1.26317,1.26334,1.00,1.56
2016.03.15 03:22:25.101,1.26317,1.26334,1.00,1.56
2016.03.15 03:22:26.437,1.26315,1.26331,1.00,1.56
2016.03.15 03:22:26.589,1.26314,1.26332,1.00,2.89
2016.03.15 03:22:27.136,1.26313,1.2633,1.00,1.69
2016.03.15 03:22:27.454,1.26311,1.26327,1.00,1.56
2016.03.15 03:22:27.963,1.2631,1.26327,1.00,1.56
2016.03.15 03:22:28.927,1.26309,1.26326,1.00,2.06
2016.03.15 03:22:29.441,1.26308,1.26325,1.00,3.56
2016.03.15 03:22:29.593,1.26309,1.26325,1.00,2.81
2016.03.15 03:22:30.946,1.26311,1.26325,1.00,2.81
2016.03.15 03:22:33.333,1.2631,1.26325,1.00,2.81
2016.03.15 03:22:33.637,1.2631,1.26325,1.00,2.81
2016.03.15 03:22:34.579,1.26305,1.26322,1.56,1.31
2016.03.15 03:22:34.782,1.26311,1.26321,1.00,1.56
2016.03.15 03:22:34.884,1.26299,1.2632,1.20,1.31
2016.03.15 03:22:35.339,1.263,1.26321,1.37,1.56
2016.03.15 03:22:35.661,1.263,1.26318,1.50,1.56
2016.03.15 03:22:35.965,1.263,1.26318,1.00,2.21
2016.03.15 03:22:38.697,1.263,1.26317,1.00,1.56
2016.03.15 03:22:42.700,1.263,1.26317,1.00,2.06
2016.03.15 03:22:44.609,1.26301,1.26318,1.00,1.76
2016.03.15 03:22:44.711,1.26299,1.26317,1.00,1.56
2016.03.15 03:22:45.178,1.263,1.26318,1.00,1.76
2016.03.15 03:22:48.094,1.26301,1.26317,1.00,1.56
2016.03.15 03:22:48.747,1.26301,1.26318,1.00,2.21
2016.03.15 03:22:48.950,1.26301,1.26321,1.00,1.57
2016.03.15 03:22:49.102,1.26301,1.26322,1.00,1.76
2016.03.15 03:22:49.203,1.26303,1.26322,1.00,1.46
2016.03.15 03:22:49.406,1.26301,1.26323,1.00,2.06
2016.03.15 03:22:51.862,1.263,1.26323,1.20,2.81
2016.03.15 03:22:52.678,1.26301,1.26322,1.00,2.21
2016.03.15 03:22:53.248,1.263,1.26322,1.20,2.21
2016.03.15 03:22:54.671,1.263,1.26322,1.20,2.21
2016.03.15 03:22:57.220,1.26301,1.26322,1.00,2.21
2016.03.15 03:22:57.773,1.263,1.26322,1.20,2.96
2016.03.15 03:22:57.875,1.263,1.26322,1.76,2.96
2016.03.15 03:22:58.682,1.263,1.2632,1.00,1.10
2016.03.15 03:22:59.598,1.26299,1.26322,1.50,2.25
2016.03.15 03:23:02.914,1.26301,1.26322,1.00,4.50
2016.03.15 03:23:03.624,1.26299,1.26322,1.50,4.50
2016.03.15 03:23:04.157,1.263,1.26322,1.00,4.50
2016.03.15 03:23:04.733,1.26299,1.26322,2.25,3.75
2016.03.15 03:23:05.272,1.263,1.26322,1.00,3.75
2016.03.15 03:23:06.250,1.26299,1.26322,2.25,3.75
2016.03.15 03:23:06.780,1.263,1.26322,1.00,3.75
2016.03.15 03:23:07.580,1.26301,1.26322,1.00,4.50
2016.03.15 03:23:07.857,1.26299,1.26321,1.50,1.20
2016.03.15 03:23:08.406,1.263,1.26322,1.00,3.75
2016.03.15 03:23:08.935,1.26301,1.26322,1.00,4.50
2016.03.15 03:23:09.137,1.26298,1.26322,1.76,3.75
2016.03.15 03:23:09.188,1.26299,1.26322,1.56,3.75
2016.03.15 03:23:09.290,1.26299,1.26322,1.76,1.10
2016.03.15 03:23:09.399,1.26305,1.26324,1.00,2.25
2016.03.15 03:23:09.500,1.26303,1.26324,1.00,2.25
2016.03.15 03:23:09.602,1.26305,1.26324,1.00,1.10
2016.03.15 03:23:09.856,1.26306,1.26326,1.00,1.10
2016.03.15 03:23:10.260,1.26303,1.26327,1.01,1.20
2016.03.15 03:23:10.362,1.26304,1.26329,1.01,4.57
2016.03.15 03:23:10.615,1.26307,1.26329,1.10,3.00
2016.03.15 03:23:10.666,1.26313,1.26329,1.00,3.56
2016.03.15 03:23:11.186,1.26312,1.26329,1.00,2.81
2016.03.15 03:23:11.493,1.26314,1.26332,1.00,2.51
2016.03.15 03:23:11.792,1.26314,1.26331,1.00,1.10
2016.03.15 03:23:11.843,1.26312,1.26331,1.00,1.00
2016.03.15 03:23:11.894,1.26312,1.26331,1.31,1.56
2016.03.15 03:23:12.103,1.26314,1.26334,1.00,4.31
2016.03.15 03:23:12.557,1.26314,1.26334,2.06,4.31
2016.03.15 03:23:12.961,1.26314,1.26334,2.06,2.81
2016.03.15 03:23:15.405,1.26313,1.26334,2.21,2.81
2016.03.15 03:23:16.764,1.26315,1.26334,1.56,2.81
2016.03.15 03:23:17.968,1.26314,1.26334,1.00,2.25
2016.03.15 03:23:18.271,1.26314,1.26337,1.65,1.20
2016.03.15 03:23:18.772,1.26314,1.26337,1.76,1.76
2016.03.15 03:23:19.106,1.26316,1.26338,1.01,1.00
2016.03.15 03:23:19.258,1.26318,1.26341,2.25,1.31
2016.03.15 03:23:19.927,1.26319,1.26341,1.00,1.00
2016.03.15 03:23:20.130,1.26321,1.26341,1.00,1.00
2016.03.15 03:23:20.271,1.2632,1.26343,2.06,1.00
2016.03.15 03:23:21.042,1.26322,1.26343,1.00,1.00
2016.03.15 03:23:21.244,1.2632,1.26343,1.00,1.00
2016.03.15 03:23:22.696,1.2632,1.26343,1.56,1.56
2016.03.15 03:23:25.223,1.2632,1.26343,1.00,1.56
2016.03.15 03:23:26.386,1.2632,1.26343,1.00,2.06
2016.03.15 03:23:27.704,1.26321,1.26343,1.27,1.56
2016.03.15 03:23:29.292,1.2632,1.26342,1.77,1.56
2016.03.15 03:23:30.086,1.26321,1.26341,1.27,1.56
2016.03.15 03:23:31.413,1.2632,1.26343,2.25,2.44
2016.03.15 03:23:32.021,1.26321,1.2634,1.00,1.56
2016.03.15 03:23:32.653,1.2632,1.2634,1.00,1.56
2016.03.15 03:23:36.466,1.26319,1.2634,1.77,1.56
2016.03.15 03:23:36.517,1.26319,1.2634,1.77,1.56
2016.03.15 03:23:37.021,1.2632,1.26339,1.77,1.56
2016.03.15 03:23:37.325,1.2632,1.26338,1.00,1.56
2016.03.15 03:23:37.921,1.26319,1.26339,1.77,1.56
2016.03.15 03:23:38.326,1.2632,1.26338,1.87,1.56
2016.03.15 03:23:38.854,1.2632,1.26338,1.87,1.56
2016.03.15 03:23:39.392,1.26319,1.26339,2.14,1.56
2016.03.15 03:23:39.894,1.2632,1.26338,1.37,1.56
2016.03.15 03:23:41.588,1.26321,1.26338,1.37,1.56
2016.03.15 03:23:42.894,1.26321,1.26339,1.00,1.56
2016.03.15 03:23:43.795,1.26321,1.26339,1.02,1.56
2016.03.15 03:23:44.900,1.26321,1.26341,1.00,1.56
2016.03.15 03:23:45.001,1.26323,1.26341,1.00,1.56
2016.03.15 03:23:45.206,1.26324,1.26347,1.77,1.75
2016.03.15 03:23:45.257,1.26324,1.26347,1.77,1.00
2016.03.15 03:23:45.308,1.26326,1.2635,1.39,1.56
2016.03.15 03:23:45.409,1.26329,1.26349,1.10,1.00
2016.03.15 03:23:45.519,1.26329,1.26353,1.20,2.25
2016.03.15 03:23:45.621,1.26329,1.26353,1.57,3.19
2016.03.15 03:23:45.722,1.26333,1.26351,1.00,1.00
2016.03.15 03:23:45.824,1.26331,1.26353,1.00,1.31
2016.03.15 03:23:46.036,1.26332,1.2635,1.00,1.56
2016.03.15 03:23:46.441,1.26331,1.2635,1.00,1.00
2016.03.15 03:23:46.543,1.26331,1.26353,1.00,1.50
2016.03.15 03:23:47.149,1.26331,1.26355,1.65,3.75
2016.03.15 03:23:47.659,1.26332,1.26355,1.00,1.50
2016.03.15 03:23:49.432,1.26331,1.26355,1.65,1.50
2016.03.15 03:23:49.967,1.26332,1.26355,1.00,1.50
2016.03.15 03:23:50.489,1.26333,1.26356,1.00,2.25
2016.03.15 03:23:59.332,1.26331,1.26355,1.65,4.12
2016.03.15 03:23:59.433,1.26329,1.26352,1.00,1.87
2016.03.15 03:23:59.743,1.26327,1.26351,1.00,1.00
2016.03.15 03:23:59.845,1.26327,1.26346,1.00,1.00
2016.03.15 03:24:00.406,1.26327,1.26345,1.50,1.00
2016.03.15 03:24:00.468,1.26328,1.26347,1.00,1.00
2016.03.15 03:24:00.620,1.26327,1.26342,1.00,1.00
2016.03.15 03:24:00.822,1.26327,1.26349,1.00,1.00
2016.03.15 03:24:01.025,1.26327,1.26346,1.00,1.00
2016.03.15 03:24:01.491,1.26326,1.26349,1.00,1.50
2016.03.15 03:24:01.996,1.26327,1.26349,1.00,1.00
2016.03.15 03:24:02.263,1.26327,1.26346,1.00,1.00
2016.03.15 03:24:02.779,1.26326,1.26347,1.00,1.00
2016.03.15 03:24:03.869,1.26326,1.26346,1.00,1.00
2016.03.15 03:24:05.073,1.26326,1.26347,1.00,1.00
2016.03.15 03:24:05.475,1.26326,1.26349,1.00,1.00
2016.03.15 03:24:05.677,1.26326,1.26347,1.00,1.00
2016.03.15 03:24:06.178,1.26326,1.26346,1.00,1.00
2016.03.15 03:24:06.384,1.26326,1.26349,1.00,1.00
2016.03.15 03:24:06.587,1.26327,1.26346,1.00,1.00
2016.03.15 03:24:07.131,1.26327,1.26347,1.00,1.00
2016.03.15 03:24:07.632,1.26327,1.26346,1.00,1.00
2016.03.15 03:24:08.135,1.26327,1.26347,1.00,1.00
2016.03.15 03:24:08.287,1.26326,1.26349,1.00,1.10
2016.03.15 03:24:08.584,1.26326,1.26346,1.00,1.00
2016.03.15 03:24:09.138,1.26326,1.26347,1.00,1.00
2016.03.15 03:24:09.665,1.26326,1.26346,1.00,1.00
2016.03.15 03:24:10.094,1.26326,1.26344,1.00,1.00
2016.03.15 03:24:10.246,1.26324,1.26344,2.25,1.00
2016.03.15 03:24:11.307,1.26324,1.26345,1.50,1.00
2016.03.15 03:24:12.117,1.26324,1.26344,1.50,1.00
2016.03.15 03:24:12.926,1.26325,1.26345,1.00,1.00
2016.03.15 03:24:13.229,1.26325,1.26347,1.00,1.00
2016.03.15 03:24:13.779,1.26324,1.26347,1.50,1.00
2016.03.15 03:24:14.104,1.26324,1.26342,1.50,1.00
2016.03.15 03:24:14.330,1.26324,1.26345,1.00,1.46
2016.03.15 03:24:16.135,1.26325,1.26346,1.00,1.50
2016.03.15 03:24:16.865,1.26321,1.26342,1.12,1.00
2016.03.15 03:24:17.068,1.26321,1.26345,1.00,1.00
2016.03.15 03:24:17.922,1.26321,1.26345,1.95,1.20
2016.03.15 03:24:18.377,1.26325,1.26346,1.00,2.62
2016.03.15 03:24:19.353,1.26324,1.26346,1.00,2.62
2016.03.15 03:24:19.853,1.26325,1.26346,1.00,1.50
2016.03.15 03:24:20.935,1.26324,1.26346,1.00,2.25
2016.03.15 03:24:21.240,1.26325,1.26346,1.00,1.00
2016.03.15 03:24:21.760,1.26323,1.26347,1.50,1.00
2016.03.15 03:24:22.309,1.26323,1.26346,1.50,1.00
2016.03.15 03:24:22.837,1.26324,1.26346,1.00,1.00
2016.03.15 03:24:23.344,1.26323,1.26346,1.50,1.00
2016.03.15 03:24:23.874,1.26325,1.26346,1.00,1.00
2016.03.15 03:24:24.378,1.26325,1.26347,1.00,1.00
2016.03.15 03:24:24.926,1.26325,1.26346,1.00,1.00
2016.03.15 03:24:27.199,1.26325,1.26347,1.00,1.00
2016.03.15 03:24:27.820,1.26325,1.26348,1.00,1.37
2016.03.15 03:24:27.871,1.26323,1.26348,1.00,1.37
2016.03.15 03:24:28.186,1.26326,1.26346,1.00,1.00
2016.03.15 03:24:28.738,1.26325,1.26347,1.00,1.00
2016.03.15 03:24:29.264,1.26323,1.26346,2.06,1.00
2016.03.15 03:24:29.810,1.26323,1.26347,1.31,1.00
2016.03.15 03:24:30.194,1.26323,1.26345,1.50,1.00
2016.03.15 03:24:30.498,1.26321,1.26342,1.76,1.00
2016.03.15 03:24:30.549,1.26321,1.26346,2.51,1.50
2016.03.15 03:24:30.651,1.26322,1.26342,1.20,1.00
2016.03.15 03:24:30.756,1.26322,1.26345,1.50,1.00
2016.03.15 03:24:30.868,1.26322,1.26347,2.81,1.50
2016.03.15 03:24:30.969,1.26324,1.26345,1.50,1.00
2016.03.15 03:24:31.273,1.26326,1.26347,1.10,1.00
2016.03.15 03:24:31.820,1.26325,1.26346,1.20,1.00
2016.03.15 03:24:32.864,1.26326,1.26347,1.10,1.00
2016.03.15 03:24:33.473,1.26325,1.26346,1.95,1.00
2016.03.15 03:24:34.025,1.26327,1.26346,1.00,1.00
2016.03.15 03:24:34.572,1.26326,1.26347,1.10,1.00
2016.03.15 03:24:35.129,1.26326,1.26346,1.10,1.00
2016.03.15 03:24:37.689,1.26326,1.26347,1.10,1.00
2016.03.15 03:24:38.202,1.26327,1.26346,1.00,1.00
2016.03.15 03:24:39.986,1.26326,1.26347,1.10,1.00
2016.03.15 03:24:40.500,1.26327,1.26347,1.00,1.00
2016.03.15 03:24:41.078,1.26328,1.26348,1.00,1.50
2016.03.15 03:24:41.604,1.26328,1.26347,1.00,1.00
2016.03.15 03:24:42.909,1.26327,1.26347,1.00,1.00
2016.03.15 03:24:43.853,1.26327,1.26346,1.00,1.00
2016.03.15 03:24:44.363,1.26325,1.26348,1.20,1.37
2016.03.15 03:24:44.414,1.26325,1.26348,1.20,1.12
2016.03.15 03:24:44.515,1.26325,1.26348,1.20,1.37
2016.03.15 03:24:45.192,1.26325,1.26346,1.20,1.56
2016.03.15 03:24:45.294,1.26323,1.26346,1.50,1.56
2016.03.15 03:24:45.395,1.26323,1.26346,1.50,1.69
2016.03.15 03:24:45.901,1.26323,1.26345,1.50,1.56
2016.03.15 03:24:48.435,1.26323,1.26346,1.50,2.06
2016.03.15 03:24:48.740,1.26326,1.26347,1.00,1.56
2016.03.15 03:24:49.604,1.26325,1.26347,1.00,1.56
2016.03.15 03:24:50.294,1.2633,1.26348,1.31,2.06
2016.03.15 03:24:50.396,1.26333,1.26349,1.00,2.81
2016.03.15 03:24:50.875,1.26331,1.26347,1.76,1.00
2016.03.15 03:24:50.977,1.2633,1.2635,3.56,1.56
2016.03.15 03:24:51.694,1.2633,1.26351,3.56,1.56
2016.03.15 03:24:53.987,1.2633,1.26346,1.56,1.00
2016.03.15 03:24:54.505,1.2633,1.26346,1.56,1.00
2016.03.15 03:24:55.107,1.2633,1.26347,1.27,1.00
2016.03.15 03:24:55.632,1.2633,1.2635,1.27,1.56
2016.03.15 03:24:55.935,1.2633,1.26345,1.27,1.00
2016.03.15 03:24:56.037,1.26329,1.26348,1.47,1.31
2016.03.15 03:24:56.947,1.26329,1.26349,1.92,1.02
2016.03.15 03:24:56.998,1.26329,1.26349,1.92,1.00
2016.03.15 03:24:57.049,1.26328,1.26352,3.64,1.02
2016.03.15 03:24:57.100,1.2633,1.26354,1.02,1.75
2016.03.15 03:24:57.404,1.26331,1.26354,1.77,1.50
2016.03.15 03:24:59.127,1.26331,1.26349,2.14,1.02
2016.03.15 03:24:59.475,1.2633,1.26347,1.39,1.27
2016.03.15 03:24:59.729,1.26324,1.26348,1.12,1.84
2016.03.15 03:24:59.780,1.26322,1.26348,2.25,1.39
2016.03.15 03:25:00.033,1.26324,1.26346,1.00,1.87
2016.03.15 03:25:01.585,1.26324,1.26349,1.02,1.00
2016.03.15 03:25:01.687,1.26327,1.2635,1.00,1.02
2016.03.15 03:25:05.481,1.26337,1.2635,1.00,1.00
2016.03.15 03:25:05.684,1.26334,1.26356,4.39,1.02
2016.03.15 03:25:05.836,1.26336,1.26359,3.64,2.29
2016.03.15 03:25:06.140,1.26336,1.26359,3.37,1.47
2016.03.15 03:25:06.645,1.26337,1.2636,1.12,2.14
2016.03.15 03:25:06.852,1.26337,1.2636,1.00,1.87
2016.03.15 03:25:07.607,1.26338,1.2636,1.00,1.47
2016.03.15 03:25:08.109,1.26337,1.2636,1.37,1.84
2016.03.15 03:25:08.421,1.26339,1.2636,1.00,2.22
2016.03.15 03:25:08.725,1.26332,1.26358,3.00,1.02
2016.03.15 03:25:08.928,1.26331,1.26355,1.00,1.02
2016.03.15 03:25:09.513,1.26329,1.26354,1.00,1.30
2016.03.15 03:25:10.314,1.26329,1.26354,1.00,1.39
2016.03.15 03:25:11.871,1.26327,1.26352,1.00,1.50
2016.03.15 03:25:12.075,1.26325,1.2635,3.00,1.10
2016.03.15 03:25:12.176,1.26323,1.26348,1.00,1.00
2016.03.15 03:25:12.521,1.26323,1.26348,1.00,1.87
2016.03.15 03:25:16.130,1.26323,1.26348,1.00,1.20
2016.03.15 03:25:16.383,1.26325,1.26349,1.00,1.12
2016.03.15 03:25:16.892,1.26325,1.26349,1.00,1.00
2016.03.15 03:25:19.504,1.26324,1.26348,1.00,1.00
2016.03.15 03:25:19.909,1.26324,1.26351,1.00,3.75
2016.03.15 03:25:24.745,1.26324,1.26351,1.00,4.12
2016.03.15 03:25:25.844,1.26323,1.26349,1.50,1.50
2016.03.15 03:25:26.483,1.26323,1.26349,1.00,1.87
2016.03.15 03:25:29.437,1.26321,1.26346,1.02,1.20
2016.03.15 03:25:31.684,1.26321,1.26346,1.02,1.85
2016.03.15 03:25:38.366,1.26319,1.26343,4.31,1.50
2016.03.15 03:25:38.734,1.26319,1.26342,2.81,2.32
2016.03.15 03:25:40.324,1.26318,1.26342,1.31,3.00
2016.03.15 03:25:40.840,1.26319,1.26342,1.31,2.25
2016.03.15 03:25:41.744,1.26318,1.26342,1.31,1.87
2016.03.15 03:25:44.150,1.26315,1.26342,4.31,2.62
2016.03.15 03:25:44.805,1.26315,1.26342,3.75,2.62
2016.03.15 03:25:47.520,1.26315,1.26342,3.75,3.00
2016.03.15 03:25:48.072,1.26315,1.26342,3.75,1.75
2016.03.15 03:25:48.595,1.26315,1.26342,3.75,2.06
2016.03.15 03:25:58.206,1.26318,1.26342,1.37,1.75
2016.03.15 03:25:58.936,1.26318,1.26342,1.12,1.75
2016.03.15 03:25:59.509,1.26319,1.26342,1.12,1.75
2016.03.15 03:25:59.611,1.26319,1.26342,1.37,1.75
2016.03.15 03:25:59.814,1.26319,1.26342,1.12,1.20
2016.03.15 03:26:00.421,1.2632,1.26342,1.12,1.20
2016.03.15 03:26:01.141,1.26319,1.26342,1.12,1.20
2016.03.15 03:26:01.646,1.2632,1.26342,1.00,1.20
2016.03.15 03:26:02.370,1.26319,1.26342,1.12,1.20
2016.03.15 03:26:02.889,1.2632,1.26342,1.00,1.20
2016.03.15 03:26:03.473,1.26321,1.26342,1.00,1.20
2016.03.15 03:26:03.524,1.26321,1.26342,1.37,1.20
2016.03.15 03:26:03.828,1.26333,1.26346,1.22,1.00
2016.03.15 03:26:04.030,1.26333,1.26351,1.69,1.69
2016.03.15 03:26:04.081,1.26333,1.26355,1.50,3.00
2016.03.15 03:26:04.192,1.26334,1.26356,1.57,1.10
2016.03.15 03:26:04.294,1.26335,1.26356,1.87,1.00
2016.03.15 03:26:04.597,1.26339,1.2636,1.20,1.50
2016.03.15 03:26:05.103,1.2634,1.26361,1.20,1.20
2016.03.15 03:26:06.101,1.26339,1.26361,1.12,1.20
2016.03.15 03:26:06.152,1.26337,1.26361,1.00,1.57
2016.03.15 03:26:06.203,1.26335,1.26359,1.00,1.37
2016.03.15 03:26:06.254,1.2633,1.26359,3.00,1.37
2016.03.15 03:26:06.356,1.2633,1.26355,3.00,1.12
2016.03.15 03:26:06.660,1.2633,1.26351,2.25,1.10
2016.03.15 03:26:07.316,1.26327,1.26351,1.00,1.10
2016.03.15 03:26:10.036,1.26327,1.26351,1.00,1.95
2016.03.15 03:26:10.342,1.26326,1.2635,1.00,1.57
2016.03.15 03:26:10.393,1.26323,1.26347,1.00,1.10
2016.03.15 03:26:10.749,1.26323,1.26345,1.00,1.00
2016.03.15 03:26:11.252,1.26323,1.26346,1.00,1.57
2016.03.15 03:26:11.985,1.26323,1.26345,1.00,1.00
2016.03.15 03:26:12.139,1.26321,1.26344,3.75,1.00
2016.03.15 03:26:12.955,1.26321,1.26345,3.75,1.50
2016.03.15 03:26:13.158,1.26321,1.26343,3.75,1.00
2016.03.15 03:26:13.781,1.26329,1.26344,1.56,1.00
2016.03.15 03:26:13.984,1.2634,1.26351,1.50,2.25
2016.03.15 03:26:14.035,1.26335,1.26357,2.32,2.25
2016.03.15 03:26:14.086,1.26335,1.2635,3.00,1.31
2016.03.15 03:26:14.370,1.26333,1.26352,1.12,1.00
2016.03.15 03:26:14.473,1.26331,1.26351,1.00,1.87
2016.03.15 03:26:14.524,1.26329,1.26349,2.25,1.00
2016.03.15 03:26:14.828,1.26324,1.26347,2.06,1.47
2016.03.15 03:26:14.880,1.26325,1.26347,2.06,1.10
2016.03.15 03:26:14.982,1.26326,1.2635,1.69,1.50
2016.03.15 03:26:15.085,1.26326,1.2635,2.81,1.50
2016.03.15 03:26:15.187,1.26327,1.26352,2.06,1.87
2016.03.15 03:26:15.713,1.26329,1.26351,1.00,1.20
2016.03.15 03:26:15.916,1.26327,1.26352,1.50,1.50
2016.03.15 03:26:16.270,1.26329,1.26351,1.00,1.20
2016.03.15 03:26:16.789,1.2633,1.26353,1.00,1.75
2016.03.15 03:26:17.144,1.26332,1.26354,1.00,3.00
2016.03.15 03:26:17.692,1.26333,1.26354,1.00,3.00
2016.03.15 03:26:17.895,1.26331,1.26354,1.00,2.25
2016.03.15 03:26:17.946,1.26331,1.26354,1.00,1.57
2016.03.15 03:26:17.997,1.26333,1.26354,1.00,1.10
2016.03.15 03:26:18.301,1.26336,1.26354,1.00,1.10
2016.03.15 03:26:18.866,1.26332,1.26355,2.25,2.32
2016.03.15 03:26:19.372,1.26333,1.26355,1.00,1.57
2016.03.15 03:26:19.901,1.26332,1.26355,1.00,1.57
2016.03.15 03:26:20.416,1.26333,1.26355,1.00,1.57
2016.03.15 03:26:22.661,1.26332,1.26355,1.00,1.57
2016.03.15 03:26:23.231,1.26333,1.26355,1.00,2.32
2016.03.15 03:26:24.064,1.26333,1.26355,1.00,1.57
2016.03.15 03:26:24.615,1.26333,1.26355,1.00,2.32
2016.03.15 03:26:24.666,1.26333,1.26355,1.00,1.57
2016.03.15 03:26:25.167,1.26333,1.26355,1.00,1.57
2016.03.15 03:26:25.496,1.26333,1.26355,1.00,2.32
2016.03.15 03:26:25.673,1.2633,1.26355,1.87,1.57
2016.03.15 03:26:26.462,1.26342,1.26355,2.81,1.95
2016.03.15 03:26:26.614,1.26342,1.26363,1.56,1.00
2016.03.15 03:26:26.716,1.26346,1.26365,2.25,1.12
2016.03.15 03:26:26.868,1.26344,1.26368,1.56,1.45
2016.03.15 03:26:27.305,1.26346,1.26369,3.94,1.00
2016.03.15 03:26:27.667,1.26346,1.26372,5.81,1.95
2016.03.15 03:26:28.079,1.26346,1.26356,3.75,1.37
2016.03.15 03:26:28.130,1.26341,1.26353,2.14,1.12
2016.03.15 03:26:28.181,1.26341,1.26353,1.02,1.00
2016.03.15 03:26:28.232,1.2634,1.26363,1.77,1.00
2016.03.15 03:26:28.683,1.26341,1.26355,1.02,1.00
2016.03.15 03:26:29.227,1.2634,1.26354,1.00,1.00
2016.03.15 03:26:29.278,1.26341,1.26357,1.00,1.50
2016.03.15 03:26:29.430,1.26341,1.26362,1.00,1.00
2016.03.15 03:26:29.481,1.26341,1.26365,1.50,1.00
2016.03.15 03:26:36.713,1.26341,1.26365,1.00,1.37
2016.03.15 03:26:37.584,1.26341,1.26365,1.00,1.00
2016.03.15 03:26:37.686,1.26339,1.26363,3.00,1.37
2016.03.15 03:26:38.386,1.26339,1.26361,2.25,1.00
2016.03.15 03:26:38.589,1.26337,1.26361,1.50,1.00
2016.03.15 03:26:49.860,1.26353,1.26361,1.00,1.00
2016.03.15 03:26:50.013,1.26354,1.26372,1.00,1.66
2016.03.15 03:26:50.064,1.26352,1.26372,1.00,1.66
2016.03.15 03:26:50.166,1.26348,1.26362,1.37,1.00
2016.03.15 03:26:50.217,1.26348,1.26361,1.37,0.75
2016.03.15 03:26:50.829,1.26349,1.26373,1.00,1.00
2016.03.15 03:26:51.417,1.26349,1.26374,1.50,1.50
2016.03.15 03:26:52.052,1.26349,1.26373,1.00,1.00
2016.03.15 03:26:53.526,1.26349,1.26374,1.50,1.50
2016.03.15 03:26:54.072,1.26348,1.26373,1.50,1.00
2016.03.15 03:26:54.579,1.26349,1.26373,1.00,1.00
2016.03.15 03:26:55.085,1.26349,1.26374,1.00,1.00
2016.03.15 03:26:55.287,1.26347,1.26374,3.75,1.00
2016.03.15 03:26:55.834,1.26348,1.26374,1.00,1.00
2016.03.15 03:26:56.340,1.26347,1.26373,3.75,1.00
2016.03.15 03:26:56.721,1.26348,1.26375,1.00,1.50
2016.03.15 03:26:57.295,1.26348,1.26374,1.00,1.00
2016.03.15 03:26:58.143,1.26348,1.26375,1.00,1.50
2016.03.15 03:26:58.661,1.26348,1.26374,1.00,1.00
2016.03.15 03:26:59.332,1.26348,1.26373,1.50,1.00
2016.03.15 03:26:59.870,1.26349,1.26373,1.00,1.00
2016.03.15 03:27:00.403,1.26348,1.26373,1.50,1.00
2016.03.15 03:27:00.979,1.26349,1.26374,1.00,1.00
2016.03.15 03:27:01.484,1.26349,1.26373,1.00,1.00
2016.03.15 03:27:02.233,1.26348,1.26373,1.50,1.00
2016.03.15 03:27:02.847,1.26349,1.26373,1.00,1.00
2016.03.15 03:27:02.949,1.26349,1.26364,1.00,1.00
2016.03.15 03:27:03.101,1.26342,1.26358,1.00,1.50
2016.03.15 03:27:03.254,1.26337,1.26358,1.00,1.00
2016.03.15 03:27:03.355,1.26339,1.26362,1.00,1.00
2016.03.15 03:27:03.406,1.26341,1.26365,1.00,2.25
2016.03.15 03:27:03.458,1.26341,1.26368,1.00,1.00
2016.03.15 03:27:03.509,1.26343,1.26369,1.00,2.25
2016.03.15 03:27:03.812,1.26346,1.26369,1.00,3.00
2016.03.15 03:27:04.241,1.2635,1.26369,1.00,2.25
2016.03.15 03:27:04.344,1.26354,1.26374,1.00,2.25
2016.03.15 03:27:05.079,1.2636,1.26374,1.00,2.52
2016.03.15 03:27:05.231,1.26362,1.26374,1.00,2.25
2016.03.15 03:27:05.283,1.26356,1.26378,1.00,2.62
2016.03.15 03:27:05.435,1.26362,1.26377,1.00,1.50
2016.03.15 03:27:05.740,1.26366,1.26378,1.00,1.00
2016.03.15 03:27:06.248,1.26367,1.26377,1.00,1.00
2016.03.15 03:27:06.644,1.26365,1.26378,1.00,1.00
2016.03.15 03:27:07.055,1.26362,1.26375,1.00,1.00
2016.03.15 03:27:07.461,1.26362,1.26377,1.00,1.00
2016.03.15 03:27:08.358,1.26362,1.26378,1.00,1.00
2016.03.15 03:27:09.148,1.26362,1.26377,1.00,1.00
2016.03.15 03:27:12.184,1.26362,1.26378,1.00,1.00
2016.03.15 03:27:12.714,1.26361,1.26378,1.00,1.00
2016.03.15 03:27:12.793,1.26357,1.26378,1.00,1.00
2016.03.15 03:27:12.845,1.26357,1.26376,1.00,1.00
2016.03.15 03:27:13.355,1.26358,1.26376,1.00,1.00
2016.03.15 03:27:13.406,1.26356,1.26376,1.00,1.00
2016.03.15 03:27:13.949,1.26355,1.26376,1.00,1.00
2016.03.15 03:27:14.203,1.26353,1.26376,1.00,3.00
2016.03.15 03:27:14.254,1.26351,1.26375,4.50,1.00
2016.03.15 03:27:14.356,1.26351,1.26377,3.00,1.00
2016.03.15 03:27:15.279,1.26351,1.26378,2.25,1.00
2016.03.15 03:27:15.812,1.26351,1.26377,3.00,1.00
2016.03.15 03:27:16.329,1.26351,1.26378,2.25,1.00
2016.03.15 03:27:16.835,1.26351,1.26377,2.25,1.00
2016.03.15 03:27:19.808,1.26351,1.26378,2.25,2.25
2016.03.15 03:27:19.909,1.26351,1.26374,2.25,1.00
2016.03.15 03:27:20.062,1.26351,1.26376,2.25,1.00
2016.03.15 03:27:20.573,1.26351,1.26375,2.25,1.00
2016.03.15 03:27:22.617,1.26353,1.26375,1.00,1.00
2016.03.15 03:27:22.871,1.26351,1.26375,2.25,1.00
2016.03.15 03:27:23.175,1.26351,1.26372,2.25,1.00
2016.03.15 03:27:23.326,1.26346,1.26372,2.81,1.00
2016.03.15 03:27:23.856,1.26346,1.26371,3.56,1.00
2016.03.15 03:27:24.768,1.26345,1.2637,1.00,2.25
2016.03.15 03:27:25.284,1.26344,1.2637,1.00,3.00
2016.03.15 03:27:25.589,1.26345,1.26368,1.00,1.00
2016.03.15 03:27:25.876,1.26345,1.2637,1.00,3.75
2016.03.15 03:27:27.672,1.26345,1.26369,1.12,1.00
2016.03.15 03:27:28.285,1.26345,1.2637,1.00,3.75
2016.03.15 03:27:28.881,1.26345,1.26369,1.00,1.00
2016.03.15 03:27:28.983,1.26347,1.2637,1.00,3.00
2016.03.15 03:27:29.286,1.26357,1.26377,1.31,1.00
2016.03.15 03:27:29.540,1.26351,1.26377,4.12,1.00
2016.03.15 03:27:29.641,1.26348,1.26377,1.00,3.00
2016.03.15 03:27:30.100,1.26358,1.26377,1.00,3.00
2016.03.15 03:27:30.202,1.26352,1.26376,2.25,1.00
2016.03.15 03:27:30.404,1.26352,1.26378,2.25,1.00
2016.03.15 03:27:30.941,1.26352,1.26377,2.25,1.00
2016.03.15 03:27:31.273,1.26349,1.26377,1.00,1.00
2016.03.15 03:27:39.797,1.26349,1.26376,1.00,1.00
2016.03.15 03:27:40.310,1.26349,1.26377,1.00,1.50
2016.03.15 03:27:41.008,1.26349,1.26376,1.00,1.00
2016.03.15 03:27:41.528,1.26349,1.26377,1.00,1.50
2016.03.15 03:27:43.431,1.26349,1.26376,1.00,1.00
2016.03.15 03:27:43.958,1.26349,1.26377,1.00,2.25
2016.03.15 03:27:44.211,1.26349,1.26375,1.00,1.00
2016.03.15 03:27:44.838,1.26349,1.26371,1.00,1.00
2016.03.15 03:27:45.142,1.26351,1.2637,1.56,1.00
2016.03.15 03:27:45.447,1.26354,1.26373,1.00,1.00
2016.03.15 03:27:45.560,1.2635,1.26373,1.00,3.00
2016.03.15 03:27:45.920,1.2635,1.26371,1.00,1.00
2016.03.15 03:27:48.406,1.2635,1.26372,1.00,1.00
2016.03.15 03:27:49.864,1.2635,1.26372,1.00,1.56
2016.03.15 03:27:50.168,1.26347,1.26365,1.56,1.00
2016.03.15 03:27:50.219,1.26349,1.26367,1.56,2.25
2016.03.15 03:27:50.270,1.26349,1.26371,1.56,1.10
2016.03.15 03:27:50.321,1.26348,1.26373,1.56,1.00
2016.03.15 03:27:50.372,1.26348,1.26375,1.94,1.00
2016.03.15 03:27:50.471,1.26348,1.26375,1.94,1.00
2016.03.15 03:27:50.686,1.26355,1.26376,1.00,1.00
2016.03.15 03:27:50.788,1.2635,1.26375,1.00,1.00
2016.03.15 03:27:51.110,1.2635,1.26373,1.00,1.00
2016.03.15 03:27:54.324,1.26348,1.26373,1.00,3.75
2016.03.15 03:27:55.268,1.26348,1.26373,1.00,4.12
2016.03.15 03:27:56.437,1.26346,1.26371,1.00,1.20
2016.03.15 03:27:56.639,1.26348,1.26371,1.00,1.20
2016.03.15 03:27:57.144,1.26348,1.2637,1.00,1.00
2016.03.15 03:27:57.246,1.26346,1.2637,1.00,1.00
2016.03.15 03:27:57.789,1.26346,1.26369,1.00,1.00
2016.03.15 03:27:57.840,1.26346,1.26371,1.00,1.65
2016.03.15 03:27:59.248,1.26346,1.2637,1.00,1.00
2016.03.15 03:27:59.754,1.26347,1.26372,1.00,2.44
2016.03.15 03:28:00.260,1.26348,1.26371,1.00,2.21
2016.03.15 03:28:00.797,1.26348,1.2637,1.00,1.00
2016.03.15 03:28:01.151,1.26346,1.26371,1.00,2.59
2016.03.15 03:28:01.349,1.26346,1.26369,1.00,1.00
2016.03.15 03:28:01.851,1.26346,1.2637,1.00,1.00
2016.03.15 03:28:02.155,1.26348,1.26371,1.00,1.65
2016.03.15 03:28:02.308,1.26345,1.26371,1.00,1.20
2016.03.15 03:28:02.883,1.26345,1.26371,1.00,1.76
2016.03.15 03:28:03.642,1.26345,1.26371,1.00,1.20
2016.03.15 03:28:04.259,1.26345,1.26371,1.00,1.65
2016.03.15 03:28:04.791,1.26345,1.26371,1.00,1.27
2016.03.15 03:28:05.606,1.26345,1.26371,1.00,1.09
2016.03.15 03:28:06.111,1.26345,1.26372,1.00,3.00
2016.03.15 03:28:06.630,1.26346,1.26369,1.00,1.00
2016.03.15 03:28:06.731,1.26345,1.26371,1.00,1.65
2016.03.15 03:28:07.103,1.26345,1.26371,1.00,1.65
2016.03.15 03:28:07.804,1.26345,1.2637,1.00,1.69
2016.03.15 03:28:08.380,1.26346,1.26369,1.00,1.00
2016.03.15 03:28:14.081,1.26346,1.26368,1.00,1.00
2016.03.15 03:28:14.744,1.26344,1.26369,1.00,1.87
2016.03.15 03:28:14.896,1.26344,1.26369,1.00,1.94
2016.03.15 03:28:14.998,1.26344,1.26369,1.00,2.62
2016.03.15 03:28:15.301,1.26344,1.26368,1.00,1.37
2016.03.15 03:28:15.847,1.26344,1.26368,1.00,1.12
2016.03.15 03:28:16.353,1.26345,1.26369,1.00,3.56
2016.03.15 03:28:17.312,1.26345,1.26369,1.00,3.19
2016.03.15 03:28:17.413,1.26345,1.26368,1.00,1.00
2016.03.15 03:28:17.565,1.26343,1.26369,1.00,2.62
2016.03.15 03:28:18.076,1.26343,1.26369,1.00,4.31
2016.03.15 03:28:18.127,1.26343,1.26369,1.00,4.31
2016.03.15 03:28:18.228,1.26343,1.26368,1.00,1.00
2016.03.15 03:28:18.431,1.26343,1.26369,1.00,4.31
2016.03.15 03:28:18.913,1.26343,1.26368,1.00,1.25
2016.03.15 03:28:19.216,1.26343,1.26368,1.00,1.31
2016.03.15 03:28:19.828,1.26343,1.26368,1.00,2.06
2016.03.15 03:28:20.522,1.26343,1.26368,1.00,1.50
2016.03.15 03:28:20.623,1.26343,1.26368,1.00,1.12
2016.03.15 03:28:21.541,1.26343,1.26369,1.00,3.00
2016.03.15 03:28:24.211,1.26343,1.26368,1.00,1.12
2016.03.15 03:28:24.763,1.26343,1.26369,1.00,2.25
2016.03.15 03:28:25.517,1.26343,1.26368,1.00,1.37
2016.03.15 03:28:25.872,1.26346,1.26369,1.00,4.31
2016.03.15 03:28:26.388,1.26347,1.26369,1.10,2.25
2016.03.15 03:28:27.805,1.26347,1.26373,1.10,3.37
2016.03.15 03:28:28.311,1.26347,1.26373,1.10,3.37
2016.03.15 03:28:30.925,1.26347,1.26372,1.10,1.69
2016.03.15 03:28:31.132,1.26348,1.26368,1.00,2.06
2016.03.15 03:28:31.233,1.26343,1.26366,4.31,2.44
2016.03.15 03:28:31.810,1.26343,1.26364,3.56,1.56
2016.03.15 03:28:37.634,1.26341,1.26362,1.00,1.56
2016.03.15 03:28:41.804,1.26343,1.26362,1.00,1.56
2016.03.15 03:28:43.633,1.26343,1.26363,1.00,1.56
2016.03.15 03:28:44.139,1.26343,1.26364,1.20,2.06
2016.03.15 03:28:49.034,1.26348,1.26365,1.00,1.00
2016.03.15 03:28:49.135,1.26346,1.26364,1.00,1.00
2016.03.15 03:28:49.651,1.26344,1.26363,1.50,1.31
2016.03.15 03:28:49.753,1.26344,1.26363,1.20,1.31
2016.03.15 03:28:50.530,1.26345,1.26365,1.00,1.56
2016.03.15 03:28:50.733,1.26345,1.26365,1.00,2.81
2016.03.15 03:28:51.404,1.26344,1.26365,1.20,1.56
2016.03.15 03:28:51.710,1.26344,1.26365,1.20,1.50
2016.03.15 03:28:52.233,1.26345,1.26364,1.00,1.00
2016.03.15 03:28:53.649,1.26345,1.26364,1.00,1.56
2016.03.15 03:28:57.223,1.26345,1.26364,1.00,1.00
2016.03.15 03:28:57.476,1.26344,1.26366,1.00,1.31
2016.03.15 03:28:57.779,1.26344,1.26364,1.00,1.00
2016.03.15 03:28:58.086,1.26345,1.26363,1.00,1.56
2016.03.15 03:28:59.910,1.26345,1.26363,1.00,1.31
2016.03.15 03:29:00.576,1.26345,1.26362,1.00,1.00
2016.03.15 03:29:02.481,1.26345,1.26363,1.00,2.06
2016.03.15 03:29:02.832,1.26345,1.26362,1.00,1.56
2016.03.15 03:29:03.155,1.26343,1.26363,1.21,1.56
2016.03.15 03:29:05.144,1.26342,1.26362,2.03,1.00
2016.03.15 03:29:05.195,1.26342,1.26365,2.03,1.56
2016.03.15 03:29:05.498,1.26343,1.26367,1.00,1.56
2016.03.15 03:29:05.549,1.26343,1.26368,1.00,2.25
2016.03.15 03:29:05.650,1.26345,1.26365,1.00,1.31
2016.03.15 03:29:06.281,1.26344,1.26364,1.00,1.00
2016.03.15 03:29:07.744,1.26345,1.26364,1.00,1.00
2016.03.15 03:29:07.998,1.26339,1.26361,4.50,1.37
2016.03.15 03:29:08.049,1.26342,1.26361,1.00,1.00
2016.03.15 03:29:08.101,1.26342,1.26364,1.00,3.00
2016.03.15 03:29:08.405,1.26347,1.26365,1.00,1.00
2016.03.15 03:29:08.709,1.26352,1.26368,1.00,1.00
2016.03.15 03:29:08.760,1.26348,1.26368,1.00,1.50
2016.03.15 03:29:08.962,1.26345,1.26368,1.00,1.00
2016.03.15 03:29:12.488,1.26344,1.26366,1.00,1.00
2016.03.15 03:29:12.792,1.26347,1.26367,1.00,1.00
2016.03.15 03:29:12.948,1.26349,1.26372,1.00,2.25
2016.03.15 03:29:12.999,1.26353,1.26372,1.00,2.25
2016.03.15 03:29:13.505,1.26353,1.2637,1.00,1.00
2016.03.15 03:29:13.556,1.2635,1.2637,1.00,1.00
2016.03.15 03:29:14.062,1.2635,1.26371,1.00,1.00
2016.03.15 03:29:14.510,1.26351,1.26369,1.00,1.00
2016.03.15 03:29:15.017,1.26351,1.26368,1.00,1.00
2016.03.15 03:29:15.470,1.26351,1.2637,1.00,1.00
2016.03.15 03:29:15.981,1.26351,1.26367,1.00,1.00
2016.03.15 03:29:17.079,1.26351,1.26368,1.00,1.00
2016.03.15 03:29:17.516,1.26351,1.2637,1.00,1.00
2016.03.15 03:29:17.982,1.26351,1.26373,1.00,1.00
2016.03.15 03:29:18.185,1.26354,1.26378,1.00,1.50
2016.03.15 03:29:18.287,1.26353,1.26374,1.00,1.00
2016.03.15 03:29:18.592,1.26353,1.26371,1.00,1.00
2016.03.15 03:29:18.694,1.26351,1.2637,1.00,1.00
2016.03.15 03:29:19.214,1.26351,1.26369,1.00,1.00
2016.03.15 03:29:19.740,1.26351,1.26368,1.00,1.00
2016.03.15 03:29:20.390,1.26353,1.26374,1.00,1.10
2016.03.15 03:29:20.594,1.26353,1.26376,1.00,1.00
2016.03.15 03:29:21.593,1.26353,1.26377,1.00,1.65
2016.03.15 03:29:22.790,1.26353,1.26376,1.00,1.00
2016.03.15 03:29:22.996,1.26355,1.26375,1.00,1.00
2016.03.15 03:29:23.600,1.26353,1.26374,1.00,1.00
2016.03.15 03:29:24.008,1.26352,1.26371,1.00,1.00
2016.03.15 03:29:24.430,1.26353,1.26374,1.00,1.00
2016.03.15 03:29:24.481,1.26355,1.26374,1.00,1.00
2016.03.15 03:29:24.634,1.26355,1.26376,1.00,1.00
2016.03.15 03:29:24.786,1.26357,1.26375,1.00,1.00
2016.03.15 03:29:24.888,1.26358,1.26379,1.00,1.00
2016.03.15 03:29:25.411,1.26359,1.26377,1.00,1.00
2016.03.15 03:29:25.918,1.26359,1.26378,1.00,1.00
2016.03.15 03:29:27.023,1.26359,1.26377,1.00,1.00
2016.03.15 03:29:27.561,1.26359,1.26378,1.00,1.00
2016.03.15 03:29:29.018,1.26359,1.26377,1.00,1.00
2016.03.15 03:29:29.891,1.26358,1.26377,2.25,1.00
2016.03.15 03:29:30.095,1.26358,1.26379,2.25,1.50
2016.03.15 03:29:30.640,1.26359,1.26379,1.00,1.50
2016.03.15 03:29:31.189,1.26359,1.26378,1.00,1.00
2016.03.15 03:29:31.749,1.26359,1.26379,1.00,1.50
2016.03.15 03:29:32.296,1.26359,1.26378,1.00,1.00
2016.03.15 03:29:32.729,1.26359,1.26375,1.00,1.00
2016.03.15 03:29:32.831,1.26353,1.26371,2.25,1.00
2016.03.15 03:29:32.882,1.26351,1.26371,1.00,1.00
2016.03.15 03:29:32.933,1.26349,1.26371,1.00,1.00
2016.03.15 03:29:33.250,1.26348,1.26373,1.00,2.25
2016.03.15 03:29:33.452,1.26348,1.2637,1.00,1.00
2016.03.15 03:29:33.984,1.26348,1.26371,1.00,1.00
2016.03.15 03:29:35.206,1.26348,1.2637,1.00,1.00
2016.03.15 03:29:35.520,1.26347,1.26372,1.65,1.50
2016.03.15 03:29:35.621,1.26349,1.26374,1.00,3.00
2016.03.15 03:29:36.156,1.26349,1.26373,1.00,1.00
2016.03.15 03:29:41.214,1.26348,1.26372,1.00,1.00
2016.03.15 03:29:41.759,1.26347,1.26371,1.20,1.00
2016.03.15 03:29:47.727,1.26345,1.26369,1.37,1.00
2016.03.15 03:29:47.778,1.26345,1.26369,1.00,2.06
2016.03.15 03:29:47.940,1.26345,1.26367,1.00,1.00
2016.03.15 03:29:48.252,1.26342,1.26364,3.75,1.00
2016.03.15 03:29:49.334,1.26342,1.26365,3.75,1.00
2016.03.15 03:29:49.677,1.26342,1.26363,3.00,1.00
2016.03.15 03:29:49.729,1.26339,1.26363,1.20,1.50
2016.03.15 03:29:50.411,1.26339,1.26363,1.00,1.50
2016.03.15 03:29:50.563,1.26338,1.26361,2.32,1.00
2016.03.15 03:29:51.630,1.26338,1.26358,2.32,1.00
2016.03.15 03:29:52.085,1.26338,1.2636,2.40,1.00
2016.03.15 03:29:53.339,1.26339,1.26362,1.00,1.20
2016.03.15 03:29:53.845,1.26339,1.26362,1.95,1.00
2016.03.15 03:29:53.947,1.26341,1.26364,1.00,1.00
2016.03.15 03:29:54.459,1.26341,1.26367,1.50,1.50
2016.03.15 03:29:54.964,1.26342,1.26367,1.00,1.00
2016.03.15 03:29:55.470,1.26344,1.26368,1.50,3.00
2016.03.15 03:29:55.989,1.26346,1.26368,1.00,3.00
2016.03.15 03:30:00.755,1.26348,1.26368,1.00,1.00
2016.03.15 03:30:01.009,1.26352,1.26377,2.62,3.00
2016.03.15 03:30:01.518,1.26355,1.26379,1.50,1.57
2016.03.15 03:30:01.903,1.26357,1.26379,1.00,1.57
2016.03.15 03:30:02.443,1.26356,1.26379,1.00,1.57
2016.03.15 03:30:03.005,1.26355,1.26379,1.50,1.57
2016.03.15 03:30:03.404,1.26357,1.26379,1.00,1.57
2016.03.15 03:30:03.810,1.26357,1.26379,1.56,1.57
2016.03.15 03:30:04.181,1.26357,1.26379,1.31,1.57
2016.03.15 03:30:05.809,1.26357,1.26379,1.56,1.57
2016.03.15 03:30:06.113,1.26353,1.26379,1.56,2.32
2016.03.15 03:30:06.298,1.26353,1.26377,1.56,1.00
2016.03.15 03:30:06.812,1.26352,1.26377,1.56,1.57
2016.03.15 03:30:09.207,1.26352,1.26378,1.56,1.95
2016.03.15 03:30:09.910,1.26354,1.26378,1.56,1.95
2016.03.15 03:30:11.178,1.26357,1.26377,2.06,1.10
2016.03.15 03:30:11.330,1.26359,1.26379,1.56,3.00
2016.03.15 03:30:12.132,1.26357,1.2638,1.56,1.57
2016.03.15 03:30:12.668,1.26359,1.26379,1.56,1.50
2016.03.15 03:30:14.371,1.2636,1.26379,1.56,1.50
2016.03.15 03:30:16.199,1.26359,1.26379,1.56,1.50
2016.03.15 03:30:18.319,1.2636,1.26379,1.56,1.00
2016.03.15 03:30:18.680,1.26361,1.26376,1.56,1.00
2016.03.15 03:30:19.188,1.26363,1.26377,1.56,1.00
2016.03.15 03:30:19.695,1.26363,1.26376,1.56,1.00
2016.03.15 03:30:20.031,1.26367,1.26377,1.00,1.00
2016.03.15 03:30:20.701,1.26368,1.26377,1.00,1.00
2016.03.15 03:30:22.350,1.26368,1.26379,1.00,1.00
2016.03.15 03:30:22.705,1.26365,1.26379,1.69,1.00
2016.03.15 03:30:23.036,1.26372,1.26379,1.56,1.00
2016.03.15 03:30:24.214,1.26372,1.26379,1.56,1.00
2016.03.15 03:30:29.490,1.26372,1.26379,1.00,1.00
2016.03.15 03:30:29.643,1.26364,1.26379,1.50,1.56
2016.03.15 03:30:30.162,1.2636,1.26379,1.56,3.56
2016.03.15 03:30:30.516,1.26361,1.26379,1.56,1.00
2016.03.15 03:30:31.043,1.26361,1.2638,1.56,2.06
2016.03.15 03:30:35.796,1.26362,1.2638,1.31,2.06
2016.03.15 03:30:36.811,1.26358,1.2638,1.56,1.31
2016.03.15 03:30:37.326,1.26358,1.26379,3.56,1.00
2016.03.15 03:30:40.715,1.26358,1.26379,2.06,2.06
2016.03.15 03:30:41.407,1.26358,1.26379,1.00,1.56
2016.03.15 03:30:41.660,1.26356,1.26378,1.00,1.56
2016.03.15 03:30:42.253,1.26357,1.26379,1.00,5.81
2016.03.15 03:30:44.761,1.26358,1.26378,1.00,1.56
2016.03.15 03:30:45.297,1.26357,1.26377,1.00,1.56
2016.03.15 03:30:45.838,1.26358,1.26377,1.00,1.56
2016.03.15 03:30:46.525,1.26357,1.26376,1.00,1.56
2016.03.15 03:30:47.053,1.26358,1.26377,1.00,1.56
2016.03.15 03:30:47.561,1.2636,1.26378,1.00,1.56
2016.03.15 03:30:48.097,1.26359,1.26378,1.00,1.56
2016.03.15 03:30:48.408,1.26357,1.26375,1.00,2.06
2016.03.15 03:30:48.909,1.26356,1.26374,1.00,1.56
2016.03.15 03:30:50.564,1.26357,1.26373,1.00,1.56
2016.03.15 03:30:51.065,1.26358,1.26373,1.00,1.56
2016.03.15 03:30:51.566,1.26359,1.26372,1.00,1.56
2016.03.15 03:30:52.067,1.26358,1.26372,1.00,1.56
2016.03.15 03:30:52.954,1.26358,1.26375,1.00,1.56
2016.03.15 03:30:53.474,1.26356,1.26373,1.00,1.56
2016.03.15 03:30:53.878,1.26358,1.26373,1.00,1.56
2016.03.15 03:30:53.980,1.26356,1.26373,1.00,1.56
2016.03.15 03:30:54.506,1.26357,1.26373,1.00,1.56
2016.03.15 03:30:55.027,1.26358,1.26374,1.00,1.56
2016.03.15 03:30:56.333,1.26358,1.26374,1.00,1.56
2016.03.15 03:30:56.883,1.26357,1.26374,1.00,2.06
2016.03.15 03:30:57.439,1.26357,1.26373,1.00,1.56
2016.03.15 03:30:57.848,1.26355,1.26373,1.00,1.56
2016.03.15 03:30:58.396,1.26356,1.26373,1.00,1.56
2016.03.15 03:30:59.529,1.26356,1.26375,1.12,1.00
2016.03.15 03:30:59.580,1.26358,1.26379,1.00,1.87
2016.03.15 03:30:59.740,1.26358,1.26379,1.00,1.00
2016.03.15 03:30:59.791,1.2636,1.26379,1.00,1.00
2016.03.15 03:31:01.482,1.26363,1.2638,1.00,1.00
2016.03.15 03:31:01.584,1.26366,1.26385,1.00,1.00
2016.03.15 03:31:01.635,1.26368,1.26389,1.00,1.00
2016.03.15 03:31:01.686,1.26375,1.26389,1.00,1.00
2016.03.15 03:31:01.737,1.26375,1.26395,1.00,1.00
2016.03.15 03:31:01.788,1.26369,1.26394,1.37,1.00
2016.03.15 03:31:01.940,1.26368,1.26394,1.00,1.00
2016.03.15 03:31:02.092,1.26368,1.26392,1.00,1.00
2016.03.15 03:31:05.912,1.26368,1.26394,1.00,1.00
2016.03.15 03:31:06.426,1.26368,1.26394,1.37,1.00
2016.03.15 03:31:06.977,1.26368,1.26394,1.87,1.00
2016.03.15 03:31:07.516,1.2637,1.26397,1.00,1.75
2016.03.15 03:31:08.087,1.26369,1.26397,1.00,1.75
2016.03.15 03:31:08.782,1.26368,1.26397,1.00,1.75
2016.03.15 03:31:09.333,1.26369,1.26397,1.00,1.75
2016.03.15 03:31:10.087,1.2637,1.26397,1.00,1.75
2016.03.15 03:31:10.607,1.26369,1.26397,1.12,1.75
2016.03.15 03:31:11.164,1.26369,1.26397,1.37,1.75
2016.03.15 03:31:11.691,1.26369,1.26397,1.69,1.75
2016.03.15 03:31:12.196,1.26369,1.26397,1.69,1.75
2016.03.15 03:31:12.816,1.26369,1.26397,1.69,1.75
2016.03.15 03:31:13.364,1.26369,1.26397,1.69,1.75
2016.03.15 03:31:13.567,1.26369,1.26397,1.94,1.75
2016.03.15 03:31:14.250,1.2637,1.26397,1.56,1.75
2016.03.15 03:31:20.959,1.2637,1.26396,1.69,1.50
2016.03.15 03:31:21.470,1.2637,1.26396,2.44,1.50
2016.03.15 03:31:25.033,1.26369,1.26398,2.81,1.75
2016.03.15 03:31:25.134,1.26371,1.26398,1.31,1.75
2016.03.15 03:31:26.461,1.2637,1.26398,1.00,1.75
2016.03.15 03:31:27.673,1.26371,1.26398,1.00,1.75
2016.03.15 03:31:28.295,1.2637,1.26398,1.00,1.75
2016.03.15 03:31:28.796,1.26371,1.26396,1.00,1.45
2016.03.15 03:31:29.338,1.26372,1.26397,1.50,1.75
2016.03.15 03:31:29.693,1.2637,1.26397,1.50,1.75
2016.03.15 03:31:30.198,1.26371,1.26396,1.00,1.50
2016.03.15 03:31:30.798,1.26372,1.26397,1.00,1.75
2016.03.15 03:31:31.807,1.26371,1.26397,1.00,1.75
2016.03.15 03:31:32.345,1.26372,1.26397,1.00,1.87
2016.03.15 03:31:32.861,1.26371,1.26396,1.00,1.87
2016.03.15 03:31:33.367,1.26372,1.26396,1.00,1.87
2016.03.15 03:31:33.418,1.26369,1.26396,1.00,1.87
2016.03.15 03:31:33.944,1.26368,1.26396,1.00,1.50
2016.03.15 03:31:34.720,1.26369,1.26396,1.00,1.50
2016.03.15 03:31:37.474,1.26368,1.26396,1.50,1.50
2016.03.15 03:31:37.978,1.26369,1.26396,1.00,1.50
2016.03.15 03:31:38.516,1.26368,1.26396,1.50,1.50
2016.03.15 03:31:38.618,1.2637,1.26396,2.25,1.50
2016.03.15 03:31:38.770,1.26373,1.26401,1.00,1.75
2016.03.15 03:31:39.685,1.26372,1.26402,1.00,1.75
2016.03.15 03:31:40.186,1.26373,1.26402,1.12,1.75
2016.03.15 03:31:40.688,1.26373,1.26402,1.37,1.75
2016.03.15 03:31:42.314,1.26373,1.26402,1.00,1.75
2016.03.15 03:31:42.833,1.26374,1.26402,1.00,1.75
2016.03.15 03:31:43.447,1.26373,1.26402,1.00,1.75
2016.03.15 03:31:44.458,1.26381,1.26402,3.16,1.75
2016.03.15 03:31:44.712,1.2639,1.26411,1.00,1.00
2016.03.15 03:31:44.864,1.26389,1.26412,1.00,1.50
2016.03.15 03:31:45.017,1.2638,1.26402,1.00,1.00
2016.03.15 03:31:45.220,1.26388,1.26402,1.00,1.00
2016.03.15 03:31:45.421,1.26378,1.26402,1.00,1.50
2016.03.15 03:31:45.523,1.2638,1.26402,1.00,1.50
2016.03.15 03:31:45.827,1.26382,1.26401,1.00,1.00
2016.03.15 03:31:46.029,1.26382,1.26403,1.50,2.25
2016.03.15 03:31:46.131,1.26385,1.26403,1.00,1.00
2016.03.15 03:31:46.456,1.26387,1.26405,1.00,2.25
2016.03.15 03:31:47.015,1.26402,1.26403,1.00,1.00
2016.03.15 03:31:47.118,1.26399,1.26403,1.12,1.00
2016.03.15 03:31:47.221,1.26391,1.26415,1.50,1.00
2016.03.15 03:31:47.273,1.26391,1.26415,2.25,1.00
2016.03.15 03:31:47.325,1.26394,1.2642,1.12,1.00
2016.03.15 03:31:47.376,1.26396,1.26421,1.12,1.00
2016.03.15 03:31:47.477,1.264,1.26426,1.00,1.95
2016.03.15 03:31:47.579,1.26403,1.26428,1.00,2.25
2016.03.15 03:31:47.884,1.26397,1.26416,1.20,1.00
2016.03.15 03:31:48.209,1.26397,1.2642,1.20,1.37
2016.03.15 03:31:48.260,1.26397,1.26421,1.12,1.00
2016.03.15 03:31:48.413,1.264,1.26423,1.00,1.12
2016.03.15 03:31:48.717,1.26403,1.2642,1.12,1.00
2016.03.15 03:31:48.769,1.26403,1.26425,2.25,1.00
2016.03.15 03:31:48.820,1.26408,1.26431,1.00,1.20
2016.03.15 03:31:48.922,1.26403,1.26433,1.50,1.00
2016.03.15 03:31:49.276,1.26403,1.26436,1.00,1.12
2016.03.15 03:31:49.490,1.264,1.26431,1.00,1.00
2016.03.15 03:31:49.541,1.26401,1.26433,1.37,1.82
2016.03.15 03:31:49.846,1.26391,1.26422,1.87,1.57
2016.03.15 03:31:50.150,1.26402,1.2643,1.00,1.75
2016.03.15 03:31:50.455,1.26403,1.26424,1.00,1.00
2016.03.15 03:31:50.506,1.26397,1.26424,1.12,1.00
2016.03.15 03:31:50.557,1.26396,1.26427,1.61,1.00
2016.03.15 03:31:50.608,1.2641,1.26433,2.41,1.67
2016.03.15 03:31:50.711,1.26415,1.26439,2.25,1.00
2016.03.15 03:31:50.762,1.26415,1.26444,2.25,1.50
2016.03.15 03:31:50.864,1.26416,1.2645,1.00,1.37
2016.03.15 03:31:51.070,1.26418,1.26448,1.00,1.00
2016.03.15 03:31:51.293,1.26416,1.26449,1.00,1.00
2016.03.15 03:31:51.546,1.26421,1.26449,1.00,1.00
2016.03.15 03:31:51.598,1.26421,1.26452,1.12,1.20
2016.03.15 03:31:51.704,1.26424,1.2646,1.50,1.87
2016.03.15 03:31:51.755,1.2643,1.26468,1.50,2.25
2016.03.15 03:31:51.807,1.2643,1.26468,1.50,2.25
2016.03.15 03:31:51.858,1.26435,1.26471,1.00,2.25
2016.03.15 03:31:51.909,1.26435,1.26471,1.00,2.25
2016.03.15 03:31:51.960,1.26439,1.26476,1.00,2.25
2016.03.15 03:31:52.011,1.26439,1.26476,1.37,2.25
2016.03.15 03:31:52.063,1.2645,1.26482,1.00,1.50
2016.03.15 03:31:52.375,1.26465,1.26487,2.62,1.50
2016.03.15 03:31:52.477,1.26465,1.265,1.37,2.25
2016.03.15 03:31:52.641,1.2647,1.26506,1.50,1.12
2016.03.15 03:31:52.948,1.26485,1.26516,1.37,1.75
2016.03.15 03:31:52.999,1.26485,1.26516,1.37,1.75
2016.03.15 03:31:53.100,1.26479,1.26518,3.37,1.75
2016.03.15 03:31:53.202,1.26479,1.26507,2.62,1.00
2016.03.15 03:31:53.304,1.26485,1.26511,1.00,1.50
2016.03.15 03:31:53.355,1.26485,1.26516,1.00,1.00
2016.03.15 03:31:53.406,1.26487,1.2652,1.00,2.62
2016.03.15 03:31:53.520,1.26488,1.26523,1.00,1.00
2016.03.15 03:31:53.571,1.26499,1.26529,1.00,1.50
2016.03.15 03:31:53.876,1.26526,1.26541,1.00,1.00
2016.03.15 03:31:53.927,1.26536,1.26561,1.50,1.44
2016.03.15 03:31:53.978,1.26549,1.26561,1.50,1.07
2016.03.15 03:31:54.232,1.26582,1.26593,1.00,1.50
2016.03.15 03:31:54.283,1.26585,1.26593,1.00,1.50
2016.03.15 03:31:54.392,1.26598,1.26612,1.00,1.37
2016.03.15 03:31:54.478,1.26593,1.26598,1.00,1.50
2016.03.15 03:31:54.531,1.26597,1.26599,1.00,1.50
2016.03.15 03:31:54.643,1.26614,1.26626,1.50,1.37
2016.03.15 03:31:54.695,1.26624,1.26626,1.50,1.12
2016.03.15 03:31:54.848,1.26641,1.26645,1.50,1.00
2016.03.15 03:31:54.950,1.26656,1.2666,1.00,2.50
2016.03.15 03:31:55.112,1.26663,1.26672,1.50,1.00
2016.03.15 03:31:55.163,1.26676,1.26683,1.00,1.00
2016.03.15 03:31:55.334,1.26674,1.26703,1.00,1.00
2016.03.15 03:31:55.401,1.26669,1.26703,1.50,1.50
2016.03.15 03:31:55.453,1.26665,1.26679,1.00,1.00
2016.03.15 03:31:55.554,1.26666,1.26701,1.00,1.00
2016.03.15 03:31:55.605,1.26666,1.26709,1.00,1.00
2016.03.15 03:31:55.656,1.26678,1.26715,1.00,1.00
2016.03.15 03:31:55.985,1.26711,1.2673,0.75,1.00
2016.03.15 03:31:56.036,1.2671,1.26736,1.00,2.62
2016.03.15 03:31:56.087,1.2671,1.26722,1.00,1.00
2016.03.15 03:31:56.138,1.26701,1.26722,1.00,1.00
2016.03.15 03:31:56.240,1.26694,1.26721,2.25,1.50
2016.03.15 03:31:56.291,1.26694,1.26723,1.00,1.00
2016.03.15 03:31:56.342,1.26683,1.26723,1.00,1.50
2016.03.15 03:31:56.443,1.26683,1.26722,1.87,1.00
2016.03.15 03:31:56.747,1.26673,1.2668,1.00,1.00
2016.03.15 03:31:56.848,1.26665,1.26677,1.00,1.00
2016.03.15 03:31:56.900,1.26659,1.26677,1.00,1.00
2016.03.15 03:31:56.959,1.26648,1.26681,1.00,1.50
2016.03.15 03:31:57.010,1.26647,1.26657,1.50,1.50
2016.03.15 03:31:57.062,1.26642,1.26656,1.00,1.00
2016.03.15 03:31:57.113,1.26634,1.26636,1.00,0.75
2016.03.15 03:31:57.164,1.26633,1.26635,1.00,1.00
2016.03.15 03:31:57.215,1.26633,1.26638,1.00,1.00
2016.03.15 03:31:57.266,1.26624,1.26648,1.00,1.00
2016.03.15 03:31:57.390,1.26616,1.26628,1.00,1.00
2016.03.15 03:31:57.494,1.26601,1.2661,1.00,1.00
2016.03.15 03:31:57.545,1.26586,1.26595,1.50,1.37
2016.03.15 03:31:57.597,1.26577,1.26595,1.37,1.37
2016.03.15 03:31:57.649,1.26574,1.26598,1.37,1.12
2016.03.15 03:31:57.700,1.26579,1.26588,0.37,1.00
2016.03.15 03:31:57.751,1.26553,1.26581,2.25,1.00
2016.03.15 03:31:57.854,1.26551,1.26554,1.00,1.00
2016.03.15 03:31:57.957,1.26533,1.26555,1.00,1.00
2016.03.15 03:31:58.009,1.26533,1.26542,1.00,1.00
2016.03.15 03:31:58.315,1.26511,1.26515,1.00,1.00
2016.03.15 03:31:58.366,1.26497,1.2652,1.00,1.50
2016.03.15 03:31:58.417,1.26494,1.2652,1.00,1.50
2016.03.15 03:31:58.468,1.26494,1.26507,1.00,1.00
2016.03.15 03:31:58.570,1.26493,1.26516,1.37,1.37
2016.03.15 03:31:58.672,1.26499,1.26515,1.00,1.00
2016.03.15 03:31:58.774,1.26495,1.26515,1.00,0.75
2016.03.15 03:31:58.977,1.26494,1.26525,1.00,1.00
2016.03.15 03:31:59.078,1.26498,1.2655,1.00,1.00
2016.03.15 03:31:59.202,1.26493,1.26552,1.00,1.50
2016.03.15 03:31:59.254,1.26492,1.26522,1.00,1.00
2016.03.15 03:31:59.356,1.26494,1.26525,1.00,1.50
2016.03.15 03:31:59.407,1.26492,1.26525,1.00,1.00
2016.03.15 03:31:59.459,1.26491,1.2653,1.50,1.00
2016.03.15 03:31:59.511,1.26499,1.2653,1.00,1.00
2016.03.15 03:31:59.613,1.26505,1.26542,1.00,1.00
2016.03.15 03:31:59.714,1.26493,1.26547,2.25,1.00
2016.03.15 03:31:59.765,1.26492,1.26542,1.00,1.00
2016.03.15 03:32:00.069,1.26505,1.26535,1.00,2.25
2016.03.15 03:32:00.120,1.26496,1.26535,1.50,2.25
2016.03.15 03:32:00.203,1.26493,1.2652,1.00,1.00
2016.03.15 03:32:00.309,1.26478,1.26513,1.00,1.50
2016.03.15 03:32:00.360,1.26468,1.26508,1.00,1.00
2016.03.15 03:32:00.412,1.26465,1.26507,1.00,1.00
2016.03.15 03:32:00.463,1.26462,1.26495,1.00,1.00
2016.03.15 03:32:00.514,1.26449,1.26495,1.00,1.00
2016.03.15 03:32:00.566,1.26446,1.26495,1.00,1.00
2016.03.15 03:32:00.617,1.26449,1.26492,1.00,1.50
2016.03.15 03:32:00.820,1.26451,1.265,1.00,1.00
2016.03.15 03:32:00.871,1.26451,1.26497,1.00,1.00
2016.03.15 03:32:01.174,1.26452,1.26495,1.00,1.50
2016.03.15 03:32:01.277,1.26452,1.265,1.50,1.50
2016.03.15 03:32:01.429,1.26451,1.26498,1.50,1.00
2016.03.15 03:32:01.734,1.2649,1.26519,1.00,1.00
2016.03.15 03:32:01.937,1.26492,1.26524,1.00,2.25
2016.03.15 03:32:01.987,1.2649,1.26505,1.00,0.75
2016.03.15 03:32:02.038,1.26471,1.26485,0.75,1.00
2016.03.15 03:32:02.195,1.26452,1.26496,1.00,1.50
2016.03.15 03:32:02.246,1.26442,1.26498,2.25,2.25
2016.03.15 03:32:02.347,1.26442,1.2651,1.00,3.00
2016.03.15 03:32:02.398,1.26442,1.26485,1.00,1.50
2016.03.15 03:32:02.500,1.26442,1.2651,1.00,1.50
2016.03.15 03:32:02.803,1.26452,1.26504,1.00,1.00
2016.03.15 03:32:03.106,1.26453,1.26501,1.00,1.00
2016.03.15 03:32:03.157,1.26452,1.26507,1.00,1.00
2016.03.15 03:32:03.258,1.26452,1.2651,1.00,1.00
2016.03.15 03:32:03.367,1.26452,1.26514,1.00,1.00
2016.03.15 03:32:03.519,1.26452,1.26518,1.00,1.50
2016.03.15 03:32:03.571,1.26451,1.2652,1.00,1.00
2016.03.15 03:32:03.622,1.26451,1.26523,1.00,1.00
2016.03.15 03:32:03.824,1.26451,1.2652,1.00,1.00
2016.03.15 03:32:04.127,1.26452,1.26516,1.00,1.00
2016.03.15 03:32:04.431,1.26457,1.26515,1.50,1.00
2016.03.15 03:32:04.737,1.26457,1.26511,1.00,1.00
2016.03.15 03:32:05.040,1.26458,1.26508,1.00,1.00
2016.03.15 03:32:05.344,1.26457,1.26476,1.00,1.37
2016.03.15 03:32:05.648,1.26449,1.26475,1.22,1.00
2016.03.15 03:32:05.699,1.2645,1.26481,1.65,1.50
2016.03.15 03:32:05.799,1.26449,1.26472,1.51,1.00
2016.03.15 03:32:05.851,1.26449,1.26477,1.00,1.00
2016.03.15 03:32:05.902,1.26446,1.26476,1.00,1.00
2016.03.15 03:32:05.953,1.26445,1.26464,1.00,1.00
2016.03.15 03:32:06.257,1.26445,1.26456,1.00,1.00
2016.03.15 03:32:06.308,1.26444,1.26464,1.68,1.00
2016.03.15 03:32:06.359,1.2646,1.26469,1.00,1.00
2016.03.15 03:32:06.411,1.26461,1.26471,1.00,1.00
2016.03.15 03:32:06.462,1.26461,1.26475,1.00,1.00
2016.03.15 03:32:06.514,1.26444,1.26488,1.37,1.37
2016.03.15 03:32:06.565,1.26441,1.26484,1.00,1.50
2016.03.15 03:32:06.616,1.2644,1.26484,1.00,1.87
2016.03.15 03:32:06.828,1.26423,1.26481,1.12,1.37
2016.03.15 03:32:06.880,1.2643,1.26475,1.00,1.37
2016.03.15 03:32:07.185,1.26448,1.26471,1.00,1.37
2016.03.15 03:32:07.288,1.26448,1.26473,1.00,1.37
2016.03.15 03:32:07.389,1.26448,1.26465,1.00,1.00
2016.03.15 03:32:07.695,1.26448,1.26467,1.00,1.00
2016.03.15 03:32:07.797,1.26448,1.26464,1.00,1.00
2016.03.15 03:32:08.255,1.26447,1.26462,1.00,1.00
2016.03.15 03:32:08.357,1.26447,1.26469,1.00,1.37
2016.03.15 03:32:08.713,1.26448,1.26469,1.00,1.12
2016.03.15 03:32:08.915,1.26448,1.26472,1.00,1.00
2016.03.15 03:32:08.966,1.26448,1.26474,1.00,1.12
2016.03.15 03:32:09.018,1.26448,1.26469,1.00,1.00
2016.03.15 03:32:09.236,1.26448,1.26472,1.00,1.00
2016.03.15 03:32:09.590,1.26448,1.26457,1.00,0.75
2016.03.15 03:32:09.692,1.26448,1.26458,1.00,1.00
2016.03.15 03:32:09.794,1.26448,1.2646,1.00,1.00
2016.03.15 03:32:09.896,1.26448,1.26458,1.00,0.75
2016.03.15 03:32:10.200,1.26448,1.26458,1.00,0.75
2016.03.15 03:32:10.352,1.26448,1.26459,1.00,0.75
2016.03.15 03:32:10.929,1.26448,1.26459,1.00,1.00
2016.03.15 03:32:11.031,1.26448,1.26458,1.00,0.75
2016.03.15 03:32:11.538,1.26447,1.26458,1.10,1.00
2016.03.15 03:32:11.841,1.26447,1.26459,1.00,0.75
2016.03.15 03:32:11.892,1.26448,1.26456,1.00,1.00
2016.03.15 03:32:11.996,1.26448,1.26465,1.00,1.00
2016.03.15 03:32:12.047,1.26448,1.26473,1.00,1.37
2016.03.15 03:32:12.099,1.26448,1.26459,1.00,0.75
2016.03.15 03:32:12.202,1.26448,1.26454,1.00,0.75
2016.03.15 03:32:12.559,1.26447,1.26455,1.00,1.00
2016.03.15 03:32:12.862,1.2643,1.26445,1.75,0.75
2016.03.15 03:32:12.913,1.26445,1.26456,1.00,0.75
2016.03.15 03:32:13.419,1.26443,1.26448,1.00,0.75
2016.03.15 03:32:13.470,1.26433,1.26445,1.12,0.75
2016.03.15 03:32:13.521,1.26429,1.26444,1.50,0.75
2016.03.15 03:32:13.674,1.26429,1.26442,1.50,0.75
2016.03.15 03:32:14.289,1.26428,1.26441,1.50,0.75
2016.03.15 03:32:14.901,1.26422,1.26437,2.25,0.75
2016.03.15 03:32:15.104,1.26418,1.26435,1.07,1.00
2016.03.15 03:32:15.206,1.26415,1.26433,1.45,1.00
2016.03.15 03:32:16.091,1.26415,1.26443,1.15,1.00
2016.03.15 03:32:16.296,1.26415,1.26443,1.45,1.00
2016.03.15 03:32:16.499,1.26418,1.26452,1.15,1.65
2016.03.15 03:32:16.601,1.26417,1.26456,1.50,1.50
2016.03.15 03:32:16.753,1.26417,1.26446,1.50,1.00
2016.03.15 03:32:16.992,1.26441,1.26472,1.07,2.25
2016.03.15 03:32:17.094,1.26434,1.26472,1.87,1.47
2016.03.15 03:32:17.398,1.2646,1.26476,1.12,1.00
2016.03.15 03:32:17.702,1.26465,1.26476,1.00,1.00
2016.03.15 03:32:17.856,1.26457,1.26477,1.10,1.50
2016.03.15 03:32:17.908,1.26458,1.26477,1.37,1.00
2016.03.15 03:32:18.198,1.26459,1.26476,1.27,1.00
2016.03.15 03:32:18.707,1.2646,1.26476,1.00,1.00
2016.03.15 03:32:18.996,1.2646,1.26478,1.87,1.00
2016.03.15 03:32:19.098,1.2646,1.26476,1.12,1.00
2016.03.15 03:32:19.683,1.26459,1.26476,1.20,1.00
2016.03.15 03:32:19.836,1.26456,1.26474,1.10,1.00
2016.03.15 03:32:19.937,1.26449,1.26475,1.12,1.50
2016.03.15 03:32:20.039,1.26445,1.26471,1.17,1.00
2016.03.15 03:32:20.140,1.26444,1.26468,1.20,1.00
2016.03.15 03:32:20.242,1.26447,1.26472,1.15,1.00
2016.03.15 03:32:20.293,1.26449,1.26472,1.12,1.00
2016.03.15 03:32:20.793,1.26464,1.26479,0.75,1.50
2016.03.15 03:32:20.844,1.26461,1.26479,1.12,1.50
2016.03.15 03:32:20.896,1.26476,1.26484,1.00,1.00
2016.03.15 03:32:20.997,1.26476,1.26488,1.00,1.00
2016.03.15 03:32:21.099,1.26472,1.26496,1.50,1.50
2016.03.15 03:32:21.201,1.26471,1.26499,1.27,1.00
2016.03.15 03:32:21.353,1.26471,1.26497,1.20,1.00
2016.03.15 03:32:21.658,1.26471,1.26499,1.27,1.00
2016.03.15 03:32:21.911,1.26472,1.26497,1.00,1.00
2016.03.15 03:32:22.422,1.26471,1.26497,1.20,1.00
2016.03.15 03:32:23.020,1.26471,1.26488,1.20,1.00
2016.03.15 03:32:23.424,1.26471,1.2649,1.20,1.00
2016.03.15 03:32:23.929,1.26471,1.26489,1.00,1.00
2016.03.15 03:32:24.434,1.2647,1.26491,1.57,1.00
2016.03.15 03:32:24.924,1.26473,1.26491,1.00,1.00
2016.03.15 03:32:25.077,1.26474,1.26508,1.57,1.00
2016.03.15 03:32:25.128,1.26475,1.26511,1.50,1.00
2016.03.15 03:32:25.746,1.26476,1.2651,1.15,1.00
2016.03.15 03:32:25.847,1.26476,1.26508,1.15,1.00
2016.03.15 03:32:26.051,1.2646,1.26496,1.12,1.00
2016.03.15 03:32:26.152,1.2646,1.26486,1.00,1.10
2016.03.15 03:32:26.203,1.26451,1.26485,1.00,1.00
2016.03.15 03:32:26.356,1.26446,1.26485,1.37,3.00
2016.03.15 03:32:26.560,1.26439,1.26476,1.00,1.50
2016.03.15 03:32:27.062,1.2644,1.2648,1.50,3.00
2016.03.15 03:32:27.113,1.2644,1.26479,1.50,1.12
2016.03.15 03:32:27.164,1.26435,1.26475,3.75,1.65
2016.03.15 03:32:27.215,1.26447,1.26475,1.00,1.07
2016.03.15 03:32:27.369,1.26452,1.26485,1.00,1.50
2016.03.15 03:32:27.470,1.2645,1.26485,3.00,1.50
2016.03.15 03:32:27.978,1.26452,1.26485,1.00,1.00
2016.03.15 03:32:28.232,1.2645,1.26485,2.25,2.25
2016.03.15 03:32:28.434,1.2644,1.26464,1.00,1.00
2016.03.15 03:32:28.591,1.26428,1.26463,1.50,1.00
2016.03.15 03:32:28.643,1.2642,1.2646,1.00,1.50
2016.03.15 03:32:28.846,1.26452,1.26462,0.75,1.37
2016.03.15 03:32:28.949,1.26435,1.26468,1.00,1.37
2016.03.15 03:32:29.000,1.26436,1.26468,1.00,1.00
2016.03.15 03:32:29.051,1.26436,1.26456,1.00,1.50
2016.03.15 03:32:29.103,1.26425,1.26456,1.50,1.50
2016.03.15 03:32:29.205,1.26415,1.26452,1.50,1.00
2016.03.15 03:32:29.357,1.26413,1.2645,1.00,1.50
2016.03.15 03:32:29.408,1.26409,1.2645,1.00,1.50
2016.03.15 03:32:29.752,1.26409,1.26445,1.00,1.50
2016.03.15 03:32:29.803,1.26405,1.26445,1.00,1.50
2016.03.15 03:32:30.158,1.26404,1.2644,1.10,1.50
2016.03.15 03:32:30.463,1.26402,1.26416,1.37,1.00
2016.03.15 03:32:30.514,1.26392,1.26416,1.00,1.00
2016.03.15 03:32:30.616,1.26388,1.2642,1.50,1.00
2016.03.15 03:32:30.794,1.26387,1.26415,1.50,1.50
2016.03.15 03:32:30.949,1.26382,1.26416,1.50,1.50
2016.03.15 03:32:31.051,1.26382,1.26415,1.00,1.50
2016.03.15 03:32:31.102,1.26382,1.2641,1.00,1.50
2016.03.15 03:32:31.153,1.26374,1.2641,1.87,1.50
2016.03.15 03:32:31.711,1.26374,1.26411,1.87,1.50
2016.03.15 03:32:31.763,1.26374,1.26411,1.87,1.50
2016.03.15 03:32:31.961,1.26381,1.26421,1.87,2.62
2016.03.15 03:32:32.012,1.26381,1.26415,1.12,1.50
2016.03.15 03:32:32.063,1.26378,1.26415,1.57,1.50
2016.03.15 03:32:33.100,1.26378,1.26416,1.20,1.50
2016.03.15 03:32:33.203,1.26378,1.26411,1.20,1.50
2016.03.15 03:32:33.254,1.26378,1.26411,1.00,1.50
2016.03.15 03:32:33.356,1.26374,1.26409,1.15,1.00
2016.03.15 03:32:33.559,1.26373,1.26405,1.50,1.50
2016.03.15 03:32:33.964,1.26373,1.26402,1.50,1.00
2016.03.15 03:32:34.371,1.26372,1.26401,1.95,1.00
2016.03.15 03:32:34.474,1.26372,1.26401,1.57,1.00
2016.03.15 03:32:34.729,1.26373,1.26404,1.00,1.50
2016.03.15 03:32:34.780,1.26373,1.26404,2.25,1.00
2016.03.15 03:32:34.987,1.26374,1.26406,1.87,1.37
2016.03.15 03:32:35.038,1.26374,1.26403,1.57,1.00
2016.03.15 03:32:35.193,1.26372,1.26404,1.87,1.00
2016.03.15 03:32:35.244,1.26372,1.26397,1.87,1.00
2016.03.15 03:32:35.295,1.26372,1.26397,2.25,1.00
2016.03.15 03:32:35.805,1.26373,1.26396,1.50,1.00
2016.03.15 03:32:37.364,1.26374,1.26396,1.00,1.00
2016.03.15 03:32:37.870,1.26374,1.26397,1.00,1.00
2016.03.15 03:32:38.767,1.26376,1.26396,1.00,1.00
2016.03.15 03:32:39.272,1.26375,1.26396,1.50,1.00
2016.03.15 03:32:39.374,1.26374,1.26398,2.40,1.00
2016.03.15 03:32:39.425,1.26374,1.26401,2.02,1.00
2016.03.15 03:32:40.046,1.26374,1.264,2.02,1.00
2016.03.15 03:32:40.249,1.26372,1.26381,2.62,1.00
2016.03.15 03:32:40.300,1.26372,1.26381,1.50,1.00
2016.03.15 03:32:40.402,1.26373,1.26395,1.50,1.50
2016.03.15 03:32:40.453,1.26373,1.26398,1.50,1.00
2016.03.15 03:32:40.655,1.26364,1.26398,1.20,1.00
2016.03.15 03:32:40.757,1.26362,1.26383,1.15,1.00
2016.03.15 03:32:40.859,1.26356,1.26381,1.00,1.50
2016.03.15 03:32:40.944,1.26354,1.2638,1.00,1.50
2016.03.15 03:32:41.045,1.26355,1.26386,1.00,1.50
2016.03.15 03:32:41.248,1.26355,1.2637,1.00,1.50
2016.03.15 03:32:41.299,1.2635,1.2637,1.50,1.50
2016.03.15 03:32:41.350,1.26346,1.26377,1.00,1.00
2016.03.15 03:32:41.401,1.26346,1.2638,1.00,1.50
2016.03.15 03:32:41.452,1.26346,1.26387,1.50,1.75
2016.03.15 03:32:41.503,1.26347,1.26387,1.00,1.00
2016.03.15 03:32:41.554,1.2635,1.26387,1.00,1.50
2016.03.15 03:32:41.858,1.26353,1.26391,1.00,1.50
2016.03.15 03:32:41.960,1.2635,1.26381,1.00,1.50
2016.03.15 03:32:42.061,1.26348,1.26386,1.50,1.50
2016.03.15 03:32:42.113,1.26351,1.26386,1.67,1.50
2016.03.15 03:32:42.367,1.2636,1.264,1.00,1.00
2016.03.15 03:32:42.469,1.2636,1.26395,1.00,1.50
2016.03.15 03:32:42.570,1.26356,1.26395,1.00,1.50
2016.03.15 03:32:42.773,1.26357,1.26371,1.00,1.50
2016.03.15 03:32:42.875,1.26347,1.2637,1.00,1.00
2016.03.15 03:32:42.976,1.26335,1.26375,1.00,1.50
2016.03.15 03:32:43.027,1.26337,1.26372,1.00,1.75
2016.03.15 03:32:43.253,1.26333,1.26374,1.50,2.25
2016.03.15 03:32:43.558,1.26336,1.26375,1.00,1.50
2016.03.15 03:32:44.079,1.26334,1.26365,1.00,1.00
2016.03.15 03:32:44.455,1.26332,1.26366,1.00,1.57
2016.03.15 03:32:44.759,1.2633,1.26365,1.50,1.50
2016.03.15 03:32:45.088,1.26325,1.26341,1.50,0.75
2016.03.15 03:32:45.191,1.26316,1.26339,1.50,1.00
2016.03.15 03:32:45.310,1.26313,1.2634,1.00,1.50
2016.03.15 03:32:45.362,1.26321,1.26351,1.17,1.00
2016.03.15 03:32:45.414,1.26321,1.26333,1.17,0.75
2016.03.15 03:32:45.467,1.26315,1.2633,1.00,1.00
2016.03.15 03:32:45.518,1.26312,1.26348,1.50,1.07
2016.03.15 03:32:45.571,1.2633,1.2635,1.00,1.00
2016.03.15 03:32:45.673,1.26335,1.26359,1.50,1.00
2016.03.15 03:32:45.876,1.26345,1.26373,2.25,1.12
2016.03.15 03:32:45.927,1.26345,1.2638,2.25,1.87
2016.03.15 03:32:45.978,1.26355,1.26383,1.50,1.00
2016.03.15 03:32:46.080,1.26354,1.26394,1.50,1.00
2016.03.15 03:32:46.235,1.26349,1.26394,1.50,1.12
2016.03.15 03:32:46.489,1.26349,1.26391,1.50,1.50
2016.03.15 03:32:46.793,1.2635,1.26387,1.50,1.00
2016.03.15 03:32:46.895,1.26348,1.26387,1.00,1.00
2016.03.15 03:32:47.459,1.26344,1.26385,1.00,2.25
2016.03.15 03:32:47.560,1.26345,1.26381,1.00,1.00
2016.03.15 03:32:48.998,1.26348,1.26387,1.00,1.00
2016.03.15 03:32:49.453,1.26349,1.26389,1.00,1.00
2016.03.15 03:32:50.692,1.26348,1.26374,1.00,1.00
2016.03.15 03:32:50.793,1.26335,1.26373,1.00,1.00
2016.03.15 03:32:50.895,1.26335,1.26371,1.00,1.00
2016.03.15 03:32:51.199,1.2634,1.2638,1.00,1.37
2016.03.15 03:32:51.300,1.2634,1.2638,1.00,2.62
2016.03.15 03:32:51.400,1.26344,1.26383,1.00,1.37
2016.03.15 03:32:51.906,1.26344,1.26383,1.00,1.37
2016.03.15 03:32:52.260,1.26344,1.26379,1.00,1.00
2016.03.15 03:32:52.575,1.26343,1.26377,1.00,1.00
2016.03.15 03:32:52.676,1.26343,1.26379,1.00,1.12
2016.03.15 03:32:52.760,1.26343,1.26377,1.00,1.00
2016.03.15 03:32:52.963,1.26343,1.2638,1.00,1.50
2016.03.15 03:32:53.116,1.26345,1.26381,1.50,1.00
2016.03.15 03:32:53.167,1.26346,1.26385,1.00,1.00
2016.03.15 03:32:53.319,1.26346,1.26389,1.00,1.37
2016.03.15 03:32:53.522,1.26346,1.26389,1.00,1.37
2016.03.15 03:32:54.224,1.26354,1.26388,1.00,1.57
2016.03.15 03:32:54.529,1.26361,1.2638,1.00,0.75
2016.03.15 03:32:54.866,1.26365,1.26378,1.00,0.75
2016.03.15 03:32:55.403,1.26365,1.26379,1.00,0.75
2016.03.15 03:32:55.858,1.26365,1.26383,1.20,1.00
2016.03.15 03:32:56.080,1.26365,1.26393,1.20,1.00
2016.03.15 03:32:56.181,1.26368,1.26393,1.00,1.00
2016.03.15 03:32:56.232,1.26368,1.26395,1.00,1.00
2016.03.15 03:32:56.283,1.26371,1.26395,1.00,1.00
2016.03.15 03:32:56.593,1.26382,1.26398,1.00,1.00
2016.03.15 03:32:56.712,1.26384,1.26415,1.50,1.00
2016.03.15 03:32:56.763,1.26385,1.26417,1.00,1.00
2016.03.15 03:32:56.814,1.26396,1.26417,1.00,1.00
2016.03.15 03:32:56.916,1.264,1.26429,1.50,1.12
2016.03.15 03:32:56.967,1.26397,1.26432,1.00,2.32
2016.03.15 03:32:57.018,1.26412,1.26439,1.00,2.25
2016.03.15 03:32:57.120,1.26408,1.26445,1.00,1.00
2016.03.15 03:32:57.171,1.26437,1.26447,1.00,1.10
2016.03.15 03:32:57.475,1.26445,1.26446,1.50,1.00
2016.03.15 03:32:57.526,1.26445,1.26451,1.50,1.00
2016.03.15 03:32:57.632,1.26445,1.26457,1.50,1.50
2016.03.15 03:32:57.683,1.26445,1.26472,1.50,2.25
2016.03.15 03:32:57.785,1.26445,1.26474,1.50,1.00
2016.03.15 03:32:58.088,1.26441,1.2648,1.00,1.75
2016.03.15 03:32:58.190,1.26439,1.26478,1.50,1.50
2016.03.15 03:32:58.394,1.26463,1.2648,1.00,1.37
2016.03.15 03:32:58.505,1.2647,1.26482,1.50,1.00
2016.03.15 03:32:58.606,1.26462,1.26481,1.00,1.00
2016.03.15 03:32:58.760,1.26453,1.26481,1.00,1.00
2016.03.15 03:32:58.862,1.26453,1.26469,1.00,1.00
2016.03.15 03:32:58.913,1.26445,1.26469,1.50,1.00
2016.03.15 03:32:59.066,1.26444,1.26471,1.50,1.00
2016.03.15 03:32:59.577,1.26445,1.2647,1.50,1.00
2016.03.15 03:33:00.078,1.26438,1.26471,1.00,1.00
2016.03.15 03:33:00.230,1.26434,1.26471,1.00,1.00
2016.03.15 03:33:00.281,1.26434,1.26464,1.00,1.00
2016.03.15 03:33:00.433,1.26431,1.26464,1.00,1.00
2016.03.15 03:33:00.484,1.26431,1.26462,1.00,1.00
2016.03.15 03:33:00.587,1.26425,1.2646,1.95,1.00
2016.03.15 03:33:00.638,1.26425,1.2646,1.50,1.50
2016.03.15 03:33:01.094,1.26432,1.2646,1.00,1.10
2016.03.15 03:33:01.417,1.2644,1.26463,1.50,1.00
2016.03.15 03:33:01.624,1.26435,1.26471,1.50,3.37
2016.03.15 03:33:01.827,1.26431,1.2647,1.00,1.12
2016.03.15 03:33:02.333,1.26431,1.26467,1.17,1.20
2016.03.15 03:33:02.628,1.26428,1.26467,1.20,1.87
2016.03.15 03:33:02.833,1.26422,1.26461,1.00,1.75
2016.03.15 03:33:04.438,1.26421,1.26462,1.50,1.75
2016.03.15 03:33:04.846,1.26421,1.26465,1.15,1.75
2016.03.15 03:33:04.897,1.26424,1.26465,1.00,1.75
2016.03.15 03:33:05.847,1.26425,1.26465,1.50,1.75
2016.03.15 03:33:06.349,1.26425,1.26466,1.50,1.75
2016.03.15 03:33:06.451,1.2642,1.26463,2.25,1.87
2016.03.15 03:33:06.965,1.2642,1.26462,2.25,1.75
2016.03.15 03:33:07.715,1.26419,1.2646,1.50,1.12
2016.03.15 03:33:08.122,1.26415,1.26458,1.50,1.17
2016.03.15 03:33:08.814,1.26414,1.26458,1.50,1.55
2016.03.15 03:33:09.016,1.26415,1.26454,1.50,1.00
2016.03.15 03:33:09.328,1.26414,1.26454,1.50,1.20
2016.03.15 03:33:09.714,1.26414,1.26454,1.50,1.57
2016.03.15 03:33:09.967,1.26409,1.26454,2.25,1.57
2016.03.15 03:33:10.520,1.2641,1.2645,2.25,1.37
2016.03.15 03:33:11.022,1.2641,1.2645,2.25,1.00
2016.03.15 03:33:11.190,1.2641,1.2645,2.25,1.37
2016.03.15 03:33:11.527,1.26395,1.26432,1.50,1.12
2016.03.15 03:33:11.845,1.26398,1.26433,1.00,1.12
2016.03.15 03:33:12.097,1.26398,1.26435,1.00,1.12
2016.03.15 03:33:12.199,1.264,1.26435,1.00,1.12
2016.03.15 03:33:12.741,1.26401,1.26437,1.00,1.75
2016.03.15 03:33:13.086,1.26404,1.26438,1.00,1.75
2016.03.15 03:33:13.717,1.26404,1.26431,1.00,1.00
2016.03.15 03:33:13.923,1.26388,1.26421,2.25,1.00
2016.03.15 03:33:13.974,1.26388,1.26421,1.50,1.00
2016.03.15 03:33:14.227,1.26386,1.26421,1.57,1.50
2016.03.15 03:33:14.632,1.26393,1.26419,1.00,1.00
2016.03.15 03:33:14.936,1.26399,1.26426,1.00,1.00
2016.03.15 03:33:15.143,1.26399,1.26422,1.00,1.00
2016.03.15 03:33:15.922,1.26399,1.26425,1.00,1.00
2016.03.15 03:33:16.151,1.26401,1.26427,1.00,1.00
2016.03.15 03:33:18.545,1.26401,1.26427,1.00,1.75
2016.03.15 03:33:20.836,1.26399,1.26409,1.00,1.00
2016.03.15 03:33:20.937,1.2639,1.26411,2.25,1.00
2016.03.15 03:33:20.988,1.2639,1.26414,1.00,1.00
2016.03.15 03:33:21.039,1.26387,1.26413,1.00,1.00
2016.03.15 03:33:21.274,1.26385,1.2641,1.00,1.00
2016.03.15 03:33:21.477,1.26378,1.26405,1.20,1.00
2016.03.15 03:33:22.008,1.2638,1.26405,1.00,1.00
2016.03.15 03:33:23.272,1.2638,1.26408,1.00,1.00
2016.03.15 03:33:24.892,1.2638,1.26408,1.56,1.00
2016.03.15 03:33:25.146,1.26388,1.26414,1.00,1.00
2016.03.15 03:33:25.247,1.26391,1.26413,1.00,1.00
2016.03.15 03:33:25.551,1.26391,1.26415,1.00,1.00
2016.03.15 03:33:26.593,1.26391,1.26415,1.56,1.00
2016.03.15 03:33:26.644,1.26397,1.26423,1.56,1.12
2016.03.15 03:33:26.746,1.26402,1.26426,1.00,1.75
2016.03.15 03:33:26.847,1.26404,1.26428,1.00,1.75
2016.03.15 03:33:27.245,1.26405,1.26429,1.50,1.20
2016.03.15 03:33:27.549,1.26405,1.26426,1.50,1.00
2016.03.15 03:33:28.344,1.26406,1.26426,1.85,1.00
2016.03.15 03:33:29.493,1.26419,1.26426,1.00,1.00
2016.03.15 03:33:29.594,1.26409,1.26426,1.50,1.00
2016.03.15 03:33:30.756,1.2641,1.26427,1.20,1.00
2016.03.15 03:33:30.960,1.26414,1.26426,1.00,1.00
2016.03.15 03:33:31.310,1.26413,1.26429,1.95,1.00
2016.03.15 03:33:31.362,1.2641,1.26429,1.47,1.00
2016.03.15 03:33:34.481,1.26411,1.26426,1.20,1.00
2016.03.15 03:33:34.785,1.26414,1.26429,1.50,1.00
2016.03.15 03:33:35.118,1.26414,1.2643,2.25,1.00
2016.03.15 03:33:35.473,1.26417,1.26427,1.20,1.00
2016.03.15 03:33:35.574,1.26417,1.26432,1.20,1.00
2016.03.15 03:33:35.828,1.26417,1.26429,1.20,1.00
2016.03.15 03:33:35.938,1.26417,1.26432,1.00,1.00
2016.03.15 03:33:36.817,1.26417,1.26433,1.10,1.00
2016.03.15 03:33:36.918,1.26418,1.26433,1.87,1.00
2016.03.15 03:33:37.425,1.26419,1.26434,1.20,1.00
2016.03.15 03:33:37.577,1.2642,1.26437,1.00,1.00
2016.03.15 03:33:37.729,1.26421,1.26436,1.87,1.00
2016.03.15 03:33:37.780,1.26421,1.26453,1.87,2.62
2016.03.15 03:33:37.831,1.26421,1.26453,2.25,2.25
2016.03.15 03:33:37.933,1.26424,1.26454,1.87,1.00
2016.03.15 03:33:38.136,1.26424,1.26458,1.87,1.00
2016.03.15 03:33:38.238,1.26424,1.26456,1.87,1.00
2016.03.15 03:33:38.544,1.26422,1.26439,1.20,1.00
2016.03.15 03:33:38.996,1.26422,1.26436,1.20,1.00
2016.03.15 03:33:39.097,1.26422,1.26438,1.20,1.00
2016.03.15 03:33:39.306,1.26422,1.26441,2.70,1.00
2016.03.15 03:33:39.677,1.26424,1.26443,1.00,1.00
2016.03.15 03:33:40.211,1.26423,1.26442,1.10,1.00
2016.03.15 03:33:40.313,1.26427,1.26445,1.00,1.20
2016.03.15 03:33:40.414,1.26429,1.26447,1.00,1.00
2016.03.15 03:33:40.465,1.26429,1.26447,1.50,1.00
2016.03.15 03:33:40.668,1.2643,1.26451,2.25,1.00
2016.03.15 03:33:40.769,1.2643,1.26447,2.25,1.00
2016.03.15 03:33:41.073,1.2643,1.26449,3.00,1.00
2016.03.15 03:33:41.377,1.2643,1.26449,2.25,1.00
2016.03.15 03:33:43.398,1.2643,1.26448,1.50,1.00
2016.03.15 03:33:44.069,1.2643,1.26451,2.25,1.00
2016.03.15 03:33:44.170,1.2643,1.26447,1.50,1.00
2016.03.15 03:33:44.490,1.2643,1.26449,1.75,1.00
2016.03.15 03:33:45.002,1.2643,1.2645,1.75,1.00
2016.03.15 03:33:45.053,1.2643,1.26447,1.75,1.00
2016.03.15 03:33:45.369,1.26432,1.26451,1.20,1.00
2016.03.15 03:33:45.907,1.26432,1.2645,1.20,1.00
2016.03.15 03:33:46.055,1.26432,1.26448,1.20,1.00
2016.03.15 03:33:46.157,1.26432,1.26454,1.10,1.12
2016.03.15 03:33:46.209,1.26426,1.26454,1.00,1.50
2016.03.15 03:33:46.261,1.26421,1.26451,1.00,1.00
2016.03.15 03:33:46.312,1.26416,1.26448,1.37,1.00
2016.03.15 03:33:46.363,1.26416,1.26448,1.50,1.00
2016.03.15 03:33:46.415,1.26418,1.26449,1.00,1.87
2016.03.15 03:33:46.517,1.26418,1.26451,1.37,1.00
2016.03.15 03:33:46.568,1.2642,1.26451,1.00,1.37
2016.03.15 03:33:47.069,1.26419,1.26451,1.00,2.25
2016.03.15 03:33:47.370,1.26428,1.26455,1.00,3.75
2016.03.15 03:33:47.421,1.26429,1.26456,1.00,1.00
2016.03.15 03:33:47.523,1.26429,1.26458,1.00,1.00
2016.03.15 03:33:48.436,1.26435,1.2646,1.00,1.00
2016.03.15 03:33:51.239,1.26426,1.2646,1.50,1.00
2016.03.15 03:33:51.391,1.26426,1.26447,1.00,1.00
2016.03.15 03:33:51.595,1.26427,1.26457,1.00,1.50
2016.03.15 03:33:51.646,1.26429,1.26456,1.00,1.00
2016.03.15 03:33:51.994,1.26433,1.26457,1.00,1.00
2016.03.15 03:33:52.407,1.26424,1.26457,1.50,1.00
2016.03.15 03:33:53.217,1.26424,1.26456,1.50,1.12
2016.03.15 03:33:53.318,1.26422,1.26454,1.00,1.00
2016.03.15 03:33:53.428,1.26422,1.26454,1.00,1.50
2016.03.15 03:33:53.970,1.26421,1.26454,1.50,2.25
2016.03.15 03:33:54.471,1.26422,1.26454,1.00,2.25
2016.03.15 03:33:56.552,1.26422,1.26454,1.37,1.87
2016.03.15 03:33:56.653,1.26425,1.26457,1.00,2.25
2016.03.15 03:33:56.755,1.26425,1.26457,1.00,1.00
2016.03.15 03:33:56.806,1.26422,1.26457,1.00,1.00
2016.03.15 03:33:57.059,1.26423,1.26459,1.00,1.00
2016.03.15 03:33:57.603,1.26422,1.26459,1.00,1.00
2016.03.15 03:33:57.806,1.26425,1.26459,1.00,1.00
2016.03.15 03:33:58.589,1.26424,1.26459,1.00,1.00
2016.03.15 03:34:00.658,1.26424,1.26454,1.00,1.00
2016.03.15 03:34:00.760,1.26424,1.26459,1.00,1.12
2016.03.15 03:34:00.812,1.26421,1.26449,1.50,1.00
2016.03.15 03:34:00.914,1.26422,1.26456,1.00,1.87
2016.03.15 03:34:01.016,1.26421,1.26453,1.00,1.00
2016.03.15 03:34:01.331,1.26421,1.26451,1.31,1.00
2016.03.15 03:34:01.635,1.26423,1.26452,1.00,1.17
2016.03.15 03:34:02.151,1.26422,1.26451,1.00,1.10
2016.03.15 03:34:02.703,1.26423,1.26455,1.00,1.50
2016.03.15 03:34:02.856,1.26422,1.26459,1.31,1.56
2016.03.15 03:34:03.478,1.26423,1.26461,1.00,1.69
2016.03.15 03:34:04.109,1.26427,1.26461,1.56,1.69
2016.03.15 03:34:04.211,1.26428,1.26466,1.56,1.00
2016.03.15 03:34:04.262,1.26428,1.2647,1.56,3.19
2016.03.15 03:34:04.788,1.2643,1.2647,1.50,1.56
2016.03.15 03:34:05.243,1.2643,1.26473,2.81,1.00
2016.03.15 03:34:05.726,1.26432,1.26473,1.00,1.00
2016.03.15 03:34:06.091,1.26431,1.2647,1.02,1.50
2016.03.15 03:34:06.142,1.26425,1.2647,2.62,2.25
2016.03.15 03:34:06.295,1.26424,1.26471,2.52,3.00
2016.03.15 03:34:06.396,1.26425,1.26467,1.00,1.00
2016.03.15 03:34:06.700,1.26445,1.26467,1.50,1.00
2016.03.15 03:34:06.752,1.26445,1.2647,2.25,1.50
2016.03.15 03:34:06.803,1.26436,1.26478,1.02,3.75
2016.03.15 03:34:06.855,1.26435,1.26478,1.77,4.50
2016.03.15 03:34:07.109,1.26437,1.26473,1.00,1.00
2016.03.15 03:34:07.314,1.26434,1.26474,1.02,1.65
2016.03.15 03:34:07.518,1.26452,1.26474,1.00,1.00
2016.03.15 03:34:07.569,1.26452,1.26477,1.00,1.00
2016.03.15 03:34:07.674,1.26454,1.26471,1.00,1.00
2016.03.15 03:34:07.726,1.26439,1.26466,1.37,1.00
2016.03.15 03:34:07.777,1.26439,1.26466,1.00,1.00
2016.03.15 03:34:07.828,1.26436,1.26459,1.00,1.00
2016.03.15 03:34:07.931,1.26433,1.26459,1.00,1.00
2016.03.15 03:34:08.184,1.26435,1.26459,1.50,1.00
2016.03.15 03:34:08.337,1.26423,1.26458,1.00,1.00
2016.03.15 03:34:08.591,1.26425,1.26459,1.00,1.00
2016.03.15 03:34:08.693,1.26423,1.26459,1.00,1.00
2016.03.15 03:34:08.744,1.26421,1.26462,1.02,1.00
2016.03.15 03:34:08.796,1.26424,1.26462,1.00,1.00
2016.03.15 03:34:08.847,1.26424,1.26464,1.00,1.00
2016.03.15 03:34:09.614,1.26423,1.26464,1.00,1.00
2016.03.15 03:34:09.665,1.2642,1.26464,2.52,1.00
2016.03.15 03:34:10.734,1.2642,1.26452,1.77,1.00
2016.03.15 03:34:11.039,1.26417,1.26453,1.27,1.00
2016.03.15 03:34:11.090,1.2642,1.2646,1.77,1.00
2016.03.15 03:34:11.596,1.2642,1.26461,1.77,1.00
2016.03.15 03:34:12.191,1.26423,1.2646,1.02,1.50
2016.03.15 03:34:12.242,1.26418,1.26456,1.64,1.00
2016.03.15 03:34:12.495,1.26416,1.26458,1.27,1.00
2016.03.15 03:34:12.547,1.26416,1.2646,1.27,2.25
2016.03.15 03:34:13.557,1.26416,1.2646,1.27,2.25
2016.03.15 03:34:14.099,1.26415,1.26458,2.52,1.00
2016.03.15 03:34:14.647,1.26416,1.26457,1.27,1.00
2016.03.15 03:34:15.103,1.26415,1.26455,2.52,1.00
2016.03.15 03:34:15.437,1.26415,1.26453,1.77,1.00
2016.03.15 03:34:16.759,1.26415,1.26453,1.92,1.00
2016.03.15 03:34:18.309,1.26415,1.26449,1.92,1.00
2016.03.15 03:34:18.411,1.26415,1.26452,1.92,1.50
2016.03.15 03:34:18.915,1.26414,1.26451,2.52,1.50
2016.03.15 03:34:19.117,1.26415,1.26453,1.92,1.00
2016.03.15 03:34:20.115,1.26415,1.26451,1.84,1.50
2016.03.15 03:34:20.250,1.26415,1.2645,1.50,1.00
2016.03.15 03:34:20.945,1.26414,1.2645,1.77,1.00
2016.03.15 03:34:21.562,1.26415,1.2645,1.50,1.00
2016.03.15 03:34:21.714,1.26415,1.26452,1.77,1.00
2016.03.15 03:34:21.815,1.26415,1.26449,1.77,1.00
2016.03.15 03:34:22.327,1.26409,1.26448,2.52,1.50
2016.03.15 03:34:23.030,1.2641,1.26448,2.22,1.50
2016.03.15 03:34:23.233,1.26409,1.26445,1.77,1.00
2016.03.15 03:34:23.582,1.2641,1.26447,1.77,1.00
2016.03.15 03:34:23.941,1.26408,1.26445,1.27,1.50
2016.03.15 03:34:24.245,1.264,1.26434,1.27,1.00
2016.03.15 03:34:24.761,1.26399,1.26435,2.52,3.00
2016.03.15 03:34:25.108,1.26399,1.26433,2.52,1.00
2016.03.15 03:34:25.647,1.264,1.26433,1.27,1.00
2016.03.15 03:34:25.948,1.264,1.26425,1.02,1.50
2016.03.15 03:34:26.101,1.26392,1.26425,1.27,2.25
2016.03.15 03:34:26.572,1.26389,1.26426,1.27,3.75
2016.03.15 03:34:27.265,1.26386,1.26425,2.14,2.25
2016.03.15 03:34:27.829,1.26386,1.26425,2.14,2.25
2016.03.15 03:34:28.102,1.26387,1.26423,1.27,1.00
2016.03.15 03:34:28.660,1.26387,1.26424,1.82,1.17
2016.03.15 03:34:29.193,1.26389,1.26426,1.64,2.25
2016.03.15 03:34:30.705,1.26389,1.26425,1.39,1.50
2016.03.15 03:34:31.248,1.26389,1.26425,1.39,1.50
2016.03.15 03:34:32.465,1.26389,1.26425,1.64,1.50
2016.03.15 03:34:32.516,1.2639,1.26433,1.27,1.00
2016.03.15 03:34:32.870,1.26389,1.26431,1.27,1.00
2016.03.15 03:34:33.405,1.26389,1.2643,1.27,1.00
2016.03.15 03:34:33.710,1.26385,1.26415,2.14,1.00
2016.03.15 03:34:33.794,1.26385,1.2642,2.14,1.00
2016.03.15 03:34:34.149,1.26385,1.26425,1.64,1.00
2016.03.15 03:34:34.201,1.26385,1.26427,3.64,2.25
2016.03.15 03:34:34.633,1.26385,1.26425,2.89,1.00
2016.03.15 03:34:34.684,1.26385,1.26424,2.89,1.00
2016.03.15 03:34:34.736,1.26385,1.26423,2.52,1.00
2016.03.15 03:34:35.185,1.26385,1.26422,1.27,1.00
2016.03.15 03:34:35.236,1.26385,1.26422,1.27,1.00
2016.03.15 03:34:35.287,1.26385,1.26424,2.52,2.81
2016.03.15 03:34:35.338,1.26388,1.26424,3.45,2.81
2016.03.15 03:34:35.442,1.26384,1.26427,7.58,1.50
2016.03.15 03:34:35.502,1.26389,1.2643,1.39,1.31
2016.03.15 03:34:36.036,1.26389,1.26428,1.27,1.00
2016.03.15 03:34:36.564,1.26388,1.26429,1.94,1.00
2016.03.15 03:34:37.112,1.26388,1.2643,1.94,1.00
2016.03.15 03:34:37.955,1.26395,1.26433,1.56,1.00
2016.03.15 03:34:38.006,1.26395,1.26436,2.81,1.50
2016.03.15 03:34:38.057,1.26412,1.2644,1.56,2.25
2016.03.15 03:34:38.204,1.26424,1.26452,1.56,1.50
2016.03.15 03:34:38.255,1.26424,1.2646,1.94,2.25
2016.03.15 03:34:38.357,1.26425,1.26463,1.94,1.66
2016.03.15 03:34:38.714,1.2645,1.26464,1.50,1.31
2016.03.15 03:34:38.765,1.2645,1.26467,1.50,1.00
2016.03.15 03:34:38.817,1.26444,1.26468,1.31,1.00
2016.03.15 03:34:38.868,1.26437,1.26473,1.37,2.25
2016.03.15 03:34:38.920,1.26445,1.2648,1.75,1.50
2016.03.15 03:34:39.271,1.26451,1.2648,1.12,1.50
2016.03.15 03:34:39.322,1.26446,1.26481,3.00,1.50
2016.03.15 03:34:39.374,1.26449,1.26481,1.00,2.25
2016.03.15 03:34:39.475,1.26442,1.26475,1.00,1.87
2016.03.15 03:34:39.526,1.26436,1.2647,1.56,1.50
2016.03.15 03:34:39.578,1.26436,1.2647,1.00,2.25
2016.03.15 03:34:39.629,1.2643,1.2646,1.94,1.50
2016.03.15 03:34:39.884,1.26411,1.26443,1.00,1.00
2016.03.15 03:34:39.935,1.26409,1.26443,1.31,1.00
2016.03.15 03:34:39.986,1.26408,1.26446,1.00,2.25
2016.03.15 03:34:40.088,1.26408,1.26431,1.00,1.00
2016.03.15 03:34:40.139,1.26398,1.26431,1.69,1.00
2016.03.15 03:34:40.292,1.26397,1.26435,1.94,1.00
2016.03.15 03:34:40.807,1.26398,1.26434,1.94,1.50
2016.03.15 03:34:41.988,1.26398,1.26432,1.69,1.00
2016.03.15 03:34:42.945,1.26398,1.26432,1.94,1.00
2016.03.15 03:34:43.453,1.26398,1.26433,1.94,1.00
2016.03.15 03:34:43.992,1.26398,1.26433,1.69,1.00
2016.03.15 03:34:44.094,1.26398,1.26435,1.69,1.00
2016.03.15 03:34:44.145,1.26397,1.26438,2.44,1.50
2016.03.15 03:34:44.733,1.26398,1.26437,1.94,1.00
2016.03.15 03:34:45.236,1.26399,1.26438,1.94,1.00
2016.03.15 03:34:45.833,1.264,1.26439,1.69,1.00
2016.03.15 03:34:46.378,1.26399,1.26438,1.56,1.50
2016.03.15 03:34:46.574,1.26408,1.26438,1.00,1.50
2016.03.15 03:34:46.836,1.26414,1.26453,1.94,1.00
2016.03.15 03:34:46.887,1.26418,1.26453,1.25,1.00
2016.03.15 03:34:47.426,1.26413,1.26454,1.94,1.00
2016.03.15 03:34:47.729,1.26413,1.26457,1.94,1.50
2016.03.15 03:34:47.891,1.2642,1.26457,1.00,1.00
2016.03.15 03:34:47.942,1.2642,1.2646,1.00,1.00
2016.03.15 03:34:48.043,1.2642,1.26464,1.00,1.00
2016.03.15 03:34:48.593,1.26419,1.26464,1.50,1.50
2016.03.15 03:34:48.695,1.26421,1.26464,1.00,1.50
2016.03.15 03:34:48.998,1.26423,1.26464,1.00,1.50
2016.03.15 03:34:49.200,1.26419,1.26464,1.00,1.50
2016.03.15 03:34:49.556,1.26419,1.26464,1.00,1.37
2016.03.15 03:34:50.093,1.26419,1.26464,1.00,1.87
2016.03.15 03:34:50.194,1.2642,1.26464,1.00,1.00
2016.03.15 03:34:51.401,1.26419,1.26464,1.50,1.50
2016.03.15 03:34:51.504,1.26422,1.26464,1.00,1.00
2016.03.15 03:34:51.808,1.26422,1.26464,1.00,1.37
2016.03.15 03:34:51.960,1.26422,1.26464,1.50,1.50
2016.03.15 03:34:52.481,1.26422,1.26465,1.00,3.15
2016.03.15 03:34:53.008,1.26422,1.26464,1.50,1.00
2016.03.15 03:34:53.610,1.26422,1.26465,1.87,1.65
2016.03.15 03:34:53.661,1.26424,1.26465,1.00,1.20
2016.03.15 03:34:54.163,1.26424,1.26464,1.00,1.00
2016.03.15 03:34:54.880,1.26425,1.26464,1.00,1.00
2016.03.15 03:34:56.672,1.26423,1.26466,1.00,1.15
2016.03.15 03:34:56.990,1.26425,1.26468,1.00,2.25
2016.03.15 03:34:57.293,1.26428,1.26468,1.00,1.75
2016.03.15 03:34:57.570,1.26428,1.26468,1.00,1.00
2016.03.15 03:34:57.722,1.26427,1.2647,1.00,2.62
2016.03.15 03:34:57.824,1.26426,1.2647,1.00,1.87
2016.03.15 03:34:58.137,1.26428,1.26471,1.00,1.47
2016.03.15 03:34:58.189,1.26426,1.26471,1.00,1.47
2016.03.15 03:34:58.679,1.26428,1.26471,1.00,1.47
2016.03.15 03:34:58.780,1.26426,1.26472,1.00,1.55
2016.03.15 03:34:59.424,1.26428,1.26472,1.00,1.55
2016.03.15 03:34:59.730,1.2643,1.26471,1.00,1.47
2016.03.15 03:35:00.136,1.2643,1.26475,1.50,1.50
2016.03.15 03:35:00.747,1.26431,1.26476,1.00,2.77
2016.03.15 03:35:01.255,1.26432,1.26475,1.00,1.50
2016.03.15 03:35:01.306,1.26438,1.26478,1.50,1.12
2016.03.15 03:35:01.407,1.26438,1.26482,1.00,1.20
2016.03.15 03:35:01.509,1.26435,1.26483,2.25,2.02
2016.03.15 03:35:01.762,1.26435,1.26482,1.00,1.47
2016.03.15 03:35:02.066,1.26438,1.26483,1.00,2.02
2016.03.15 03:35:02.481,1.26438,1.26482,1.56,1.47
2016.03.15 03:35:02.684,1.26442,1.26482,1.56,1.95
2016.03.15 03:35:03.258,1.26466,1.26482,1.56,1.00
2016.03.15 03:35:03.359,1.26466,1.26482,1.00,1.50
2016.03.15 03:35:03.474,1.26464,1.26482,1.00,1.50
2016.03.15 03:35:03.677,1.26464,1.26487,4.12,1.00
2016.03.15 03:35:03.779,1.26466,1.26491,1.94,1.00
2016.03.15 03:35:03.881,1.26466,1.26491,1.87,1.00
2016.03.15 03:35:03.984,1.26459,1.26492,1.00,1.00
2016.03.15 03:35:04.035,1.26459,1.26489,1.00,1.00
2016.03.15 03:35:04.086,1.26457,1.26489,1.00,1.00
2016.03.15 03:35:04.189,1.2646,1.2649,1.37,1.00
2016.03.15 03:35:04.240,1.26464,1.26493,1.87,1.00
2016.03.15 03:35:04.342,1.26461,1.26493,1.12,3.39
2016.03.15 03:35:04.394,1.26454,1.26482,2.25,1.00
2016.03.15 03:35:04.586,1.26443,1.26473,1.07,1.12
2016.03.15 03:35:04.688,1.26434,1.26473,3.37,1.50
2016.03.15 03:35:04.739,1.26434,1.26456,1.75,1.00
2016.03.15 03:35:04.841,1.26426,1.26452,1.00,1.00
2016.03.15 03:35:04.943,1.26407,1.26436,1.37,1.00
2016.03.15 03:35:04.994,1.26405,1.26435,1.00,1.37
2016.03.15 03:35:05.046,1.26399,1.2643,1.50,1.50
2016.03.15 03:35:05.351,1.26388,1.26404,1.00,1.00
2016.03.15 03:35:05.402,1.26377,1.26404,1.50,1.00
2016.03.15 03:35:05.554,1.26378,1.26386,1.00,1.00
2016.03.15 03:35:05.605,1.26359,1.26386,1.65,1.00
2016.03.15 03:35:05.707,1.2635,1.26375,2.25,1.12
2016.03.15 03:35:06.017,1.26314,1.26328,1.00,1.00
2016.03.15 03:35:06.343,1.26306,1.26312,1.00,1.00
2016.03.15 03:35:06.395,1.26306,1.26336,1.00,1.87
2016.03.15 03:35:06.446,1.26303,1.26337,1.00,1.37
2016.03.15 03:35:06.497,1.26295,1.26321,1.50,1.00
2016.03.15 03:35:06.599,1.26294,1.26331,1.00,1.50
2016.03.15 03:35:06.751,1.26294,1.26336,1.00,1.50
2016.03.15 03:35:06.802,1.26297,1.26336,1.00,1.00
2016.03.15 03:35:07.107,1.26285,1.26286,1.00,1.00
2016.03.15 03:35:07.271,1.2628,1.2629,1.00,1.00
2016.03.15 03:35:07.332,1.26277,1.26291,1.00,1.00
2016.03.15 03:35:07.434,1.26257,1.26294,2.58,1.00
2016.03.15 03:35:07.535,1.26257,1.26296,1.08,1.50
2016.03.15 03:35:07.637,1.26257,1.26283,1.08,1.00
2016.03.15 03:35:07.942,1.26249,1.26253,1.37,1.50
2016.03.15 03:35:08.145,1.2625,1.26255,1.00,1.50
2016.03.15 03:35:08.197,1.26246,1.26248,1.00,1.00
2016.03.15 03:35:08.248,1.26238,1.26252,1.00,1.00
2016.03.15 03:35:08.349,1.26238,1.26254,1.37,1.00
2016.03.15 03:35:08.400,1.26241,1.2626,1.37,1.00
2016.03.15 03:35:08.451,1.26241,1.2626,1.00,1.50
2016.03.15 03:35:08.502,1.2624,1.26252,1.00,1.00
2016.03.15 03:35:08.604,1.26244,1.26265,1.00,1.00
2016.03.15 03:35:08.655,1.26248,1.26264,1.00,1.00
2016.03.15 03:35:08.757,1.26226,1.26245,1.00,1.50
2016.03.15 03:35:08.860,1.26226,1.2626,1.00,2.25
2016.03.15 03:35:08.962,1.26234,1.26267,1.50,1.00
2016.03.15 03:35:09.266,1.26245,1.26267,1.00,0.37
2016.03.15 03:35:09.368,1.2625,1.26295,2.25,1.50
2016.03.15 03:35:09.470,1.26265,1.2631,1.50,2.28
2016.03.15 03:35:09.776,1.26236,1.26271,1.50,1.50
2016.03.15 03:35:09.828,1.26234,1.26271,1.50,1.50
2016.03.15 03:35:09.940,1.26245,1.26274,1.00,1.00
2016.03.15 03:35:09.991,1.26245,1.26278,1.00,1.00
2016.03.15 03:35:10.042,1.26263,1.26281,1.00,1.00
2016.03.15 03:35:10.093,1.26263,1.26286,1.00,1.00
2016.03.15 03:35:10.144,1.26274,1.26305,1.50,1.00
2016.03.15 03:35:10.195,1.26274,1.26314,1.50,1.00
2016.03.15 03:35:10.297,1.26285,1.26315,1.50,1.00
2016.03.15 03:35:10.348,1.26285,1.2633,1.50,1.50
2016.03.15 03:35:10.451,1.26295,1.26304,1.50,0.75
2016.03.15 03:35:10.559,1.26325,1.26341,2.25,1.00
2016.03.15 03:35:10.610,1.26325,1.26344,2.25,1.50
2016.03.15 03:35:10.711,1.2633,1.26345,1.00,1.00
2016.03.15 03:35:10.914,1.26343,1.26369,1.00,1.37
2016.03.15 03:35:11.006,1.26359,1.2638,1.50,1.00
2016.03.15 03:35:11.058,1.26365,1.26381,1.50,1.00
2016.03.15 03:35:11.109,1.26365,1.26391,1.50,1.00
2016.03.15 03:35:11.160,1.2638,1.26392,1.50,1.50
2016.03.15 03:35:11.466,1.26411,1.26414,1.50,1.00
2016.03.15 03:35:11.569,1.26407,1.26427,1.00,1.00
2016.03.15 03:35:11.620,1.26401,1.26432,1.00,1.00
2016.03.15 03:35:11.671,1.26404,1.26436,1.00,1.00
2016.03.15 03:35:11.723,1.26404,1.2642,1.00,0.75
2016.03.15 03:35:11.875,1.26399,1.26417,3.75,0.75
2016.03.15 03:35:12.028,1.26393,1.26414,1.50,1.00
2016.03.15 03:35:12.081,1.26401,1.26435,1.00,2.25
2016.03.15 03:35:12.183,1.26401,1.26437,1.00,1.00
2016.03.15 03:35:12.234,1.26401,1.26439,1.00,1.50
2016.03.15 03:35:12.286,1.26402,1.26435,1.00,1.00
2016.03.15 03:35:12.388,1.26405,1.26441,1.00,1.87
2016.03.15 03:35:12.439,1.26408,1.26441,1.00,1.50
2016.03.15 03:35:12.744,1.26405,1.26443,1.50,1.00
2016.03.15 03:35:12.845,1.26395,1.26431,1.50,1.00
2016.03.15 03:35:12.946,1.26396,1.26437,1.87,1.00
2016.03.15 03:35:13.133,1.264,1.26427,1.50,1.00
2016.03.15 03:35:13.185,1.26394,1.26424,2.25,1.00
2016.03.15 03:35:13.287,1.26409,1.26425,0.75,1.00
2016.03.15 03:35:13.388,1.2639,1.26423,1.50,1.00
2016.03.15 03:35:13.490,1.26394,1.26421,1.50,1.00
2016.03.15 03:35:13.643,1.26378,1.26411,1.50,2.25
2016.03.15 03:35:13.744,1.26378,1.26405,1.00,1.00
2016.03.15 03:35:13.795,1.26376,1.26405,1.00,1.00
2016.03.15 03:35:13.846,1.26391,1.2641,1.00,2.25
2016.03.15 03:35:14.193,1.26425,1.26437,1.50,1.00
2016.03.15 03:35:14.245,1.26425,1.26449,2.25,1.00
2016.03.15 03:35:14.348,1.26424,1.2646,3.00,1.00
2016.03.15 03:35:14.400,1.26424,1.26465,1.37,1.50
2016.03.15 03:35:14.451,1.26427,1.26459,1.12,1.00
2016.03.15 03:35:14.552,1.26418,1.26452,1.00,1.00
2016.03.15 03:35:14.603,1.26425,1.26433,1.00,1.00
2016.03.15 03:35:14.705,1.26423,1.26433,1.00,1.00
2016.03.15 03:35:14.806,1.26429,1.26441,0.75,1.00
2016.03.15 03:35:15.009,1.26434,1.26446,0.75,1.50
2016.03.15 03:35:15.111,1.26436,1.26448,0.75,1.00
2016.03.15 03:35:15.185,1.26415,1.26448,1.00,1.00
2016.03.15 03:35:15.236,1.26416,1.26453,1.00,1.00
2016.03.15 03:35:15.344,1.26418,1.26453,1.00,1.00
2016.03.15 03:35:15.496,1.26415,1.26454,1.00,1.50
2016.03.15 03:35:15.547,1.26436,1.26454,0.75,1.00
2016.03.15 03:35:15.649,1.26442,1.26464,1.00,1.50
2016.03.15 03:35:15.701,1.26446,1.26466,1.00,1.37
2016.03.15 03:35:15.752,1.26446,1.26466,1.00,1.00
2016.03.15 03:35:15.803,1.26446,1.26468,1.00,1.00
2016.03.15 03:35:15.854,1.26446,1.26473,1.00,1.00
2016.03.15 03:35:16.007,1.26446,1.26481,1.00,1.37
2016.03.15 03:35:16.059,1.26445,1.26481,1.00,1.37
2016.03.15 03:35:16.111,1.26443,1.26481,1.00,1.37
2016.03.15 03:35:16.162,1.26443,1.26481,1.37,1.00
2016.03.15 03:35:16.298,1.26443,1.26481,1.50,1.00
2016.03.15 03:35:16.350,1.26461,1.26494,1.00,1.00
2016.03.15 03:35:16.655,1.26478,1.26518,1.00,1.37
2016.03.15 03:35:16.757,1.26481,1.26513,1.00,1.00
2016.03.15 03:35:16.808,1.26481,1.26519,1.00,1.00
2016.03.15 03:35:16.909,1.26481,1.26509,1.50,1.00
2016.03.15 03:35:17.279,1.26494,1.26522,1.00,1.00
2016.03.15 03:35:17.334,1.26496,1.26531,1.00,1.50
2016.03.15 03:35:17.435,1.26496,1.26534,1.50,1.35
2016.03.15 03:35:17.739,1.26512,1.26541,1.50,1.30
2016.03.15 03:35:18.043,1.2652,1.26536,1.10,0.32
2016.03.15 03:35:18.195,1.26535,1.26572,1.95,1.75
2016.03.15 03:35:18.247,1.26545,1.26579,1.00,1.37
2016.03.15 03:35:18.502,1.2657,1.26608,1.00,1.12
2016.03.15 03:35:18.553,1.26577,1.26602,1.00,1.00
2016.03.15 03:35:18.655,1.2657,1.26605,1.00,1.00
2016.03.15 03:35:18.707,1.26575,1.26605,1.00,1.00
2016.03.15 03:35:18.910,1.2659,1.26628,2.25,1.50
2016.03.15 03:35:19.012,1.2659,1.26629,1.00,1.20
2016.03.15 03:35:19.239,1.26608,1.26626,0.75,1.00
2016.03.15 03:35:19.341,1.26608,1.2663,1.00,1.00
2016.03.15 03:35:19.392,1.26613,1.26637,1.75,1.00
2016.03.15 03:35:19.443,1.26627,1.26647,1.00,1.07
2016.03.15 03:35:19.545,1.26619,1.26659,1.75,1.75
2016.03.15 03:35:19.646,1.26619,1.26642,2.32,1.00
2016.03.15 03:35:19.697,1.26619,1.26642,1.65,1.00
2016.03.15 03:35:19.748,1.26618,1.26659,1.57,2.32
2016.03.15 03:35:19.800,1.26618,1.26659,1.00,1.87
2016.03.15 03:35:19.952,1.26605,1.26654,2.06,1.00
2016.03.15 03:35:20.003,1.26637,1.26655,0.75,1.00
2016.03.15 03:35:20.165,1.26621,1.26651,1.07,1.00
2016.03.15 03:35:20.217,1.26621,1.26653,1.15,1.00
2016.03.15 03:35:20.420,1.26621,1.2665,1.20,1.00
2016.03.15 03:35:20.572,1.26619,1.26649,1.00,1.00
2016.03.15 03:35:20.624,1.26616,1.26649,1.07,1.00
2016.03.15 03:35:20.675,1.26616,1.26646,1.00,1.00
2016.03.15 03:35:20.727,1.26612,1.26643,1.10,1.00
2016.03.15 03:35:20.778,1.26612,1.26639,1.00,1.00
2016.03.15 03:35:21.082,1.26601,1.26637,1.37,1.75
2016.03.15 03:35:21.216,1.26608,1.26644,1.00,1.37
2016.03.15 03:35:21.269,1.26628,1.26646,1.00,1.00
2016.03.15 03:35:21.321,1.26628,1.2665,1.00,1.00
2016.03.15 03:35:21.373,1.26639,1.26655,1.00,1.00
2016.03.15 03:35:21.425,1.26634,1.26668,1.00,1.00
2016.03.15 03:35:21.527,1.26628,1.26667,1.00,1.10
2016.03.15 03:35:21.578,1.26628,1.26657,1.00,1.00
2016.03.15 03:35:21.832,1.26598,1.26635,1.00,4.12
2016.03.15 03:35:21.883,1.26598,1.26619,1.00,1.00
2016.03.15 03:35:22.224,1.26599,1.26609,1.00,1.00
2016.03.15 03:35:22.325,1.26599,1.26624,1.00,1.20
2016.03.15 03:35:22.427,1.26584,1.26624,1.65,1.50
2016.03.15 03:35:22.680,1.26569,1.26624,1.75,1.00
2016.03.15 03:35:22.731,1.26568,1.26611,2.25,1.37
2016.03.15 03:35:22.782,1.26568,1.26597,1.50,1.37
2016.03.15 03:35:22.834,1.26552,1.26597,3.75,1.12
2016.03.15 03:35:23.037,1.26548,1.26596,1.12,1.07
2016.03.15 03:35:23.189,1.26546,1.26592,1.50,1.00
2016.03.15 03:35:23.342,1.26536,1.26582,1.75,1.50
2016.03.15 03:35:23.545,1.26531,1.26578,1.65,4.50
2016.03.15 03:35:23.646,1.26529,1.26578,1.00,2.25
2016.03.15 03:35:23.748,1.26525,1.2658,1.27,3.75
2016.03.15 03:35:23.800,1.26525,1.2658,1.10,3.75
2016.03.15 03:35:23.851,1.26518,1.2658,1.12,3.75
2016.03.15 03:35:23.902,1.26518,1.26569,1.12,1.00
2016.03.15 03:35:24.206,1.26499,1.26525,1.50,2.25
2016.03.15 03:35:24.442,1.26474,1.2651,2.62,1.50
2016.03.15 03:35:24.544,1.26472,1.26505,1.00,1.00
2016.03.15 03:35:24.646,1.26465,1.26505,1.00,1.00
2016.03.15 03:35:24.697,1.26465,1.26493,1.00,1.00
2016.03.15 03:35:24.748,1.26451,1.26486,3.37,1.00
2016.03.15 03:35:24.799,1.26451,1.26486,1.87,1.50
2016.03.15 03:35:24.952,1.2645,1.2649,1.00,1.75
2016.03.15 03:35:25.053,1.26448,1.26486,1.00,1.20
2016.03.15 03:35:25.104,1.26448,1.26486,1.00,1.20
2016.03.15 03:35:25.155,1.26445,1.26483,1.00,1.00
2016.03.15 03:35:25.312,1.26442,1.2648,1.00,1.00
2016.03.15 03:35:25.566,1.2644,1.26481,1.00,1.17
2016.03.15 03:35:25.668,1.26439,1.26477,1.50,1.00
2016.03.15 03:35:25.972,1.2645,1.2647,1.00,1.00
2016.03.15 03:35:26.175,1.26451,1.26485,1.00,1.50
2016.03.15 03:35:26.241,1.2645,1.26481,1.00,1.00
2016.03.15 03:35:26.545,1.26456,1.2648,1.00,1.75
2016.03.15 03:35:26.596,1.26456,1.26482,1.00,1.00
2016.03.15 03:35:26.749,1.26442,1.26482,1.65,1.00
2016.03.15 03:35:26.850,1.26441,1.2648,1.00,1.00
2016.03.15 03:35:27.053,1.26436,1.2648,1.17,1.00
2016.03.15 03:35:27.154,1.26442,1.26483,1.00,1.00
2016.03.15 03:35:27.795,1.26463,1.26483,0.75,1.00
2016.03.15 03:35:27.897,1.26465,1.26497,1.50,1.85
2016.03.15 03:35:27.949,1.26482,1.26497,1.00,1.20
2016.03.15 03:35:28.051,1.2649,1.26509,1.50,1.50
2016.03.15 03:35:28.153,1.2648,1.26516,1.00,1.50
2016.03.15 03:35:28.204,1.2648,1.26509,1.00,1.00
2016.03.15 03:35:28.508,1.26483,1.2651,1.00,1.00
2016.03.15 03:35:28.857,1.2648,1.26506,1.00,1.00
2016.03.15 03:35:29.161,1.26492,1.26511,1.00,1.00
2016.03.15 03:35:29.212,1.26492,1.26513,1.00,1.00
2016.03.15 03:35:29.313,1.2649,1.26515,1.00,1.00
2016.03.15 03:35:29.414,1.26479,1.26514,2.25,1.00
2016.03.15 03:35:29.465,1.2648,1.2651,1.50,1.00
2016.03.15 03:35:29.769,1.26489,1.26513,1.00,1.00
2016.03.15 03:35:30.283,1.2649,1.26516,1.00,1.12
2016.03.15 03:35:30.385,1.2649,1.26517,1.00,3.52
2016.03.15 03:35:30.646,1.26491,1.26517,1.00,3.07
2016.03.15 03:35:30.950,1.265,1.26517,1.50,2.62
2016.03.15 03:35:31.001,1.26494,1.26517,1.00,1.12
2016.03.15 03:35:31.052,1.26496,1.26517,1.00,1.12
2016.03.15 03:35:31.382,1.26515,1.26534,1.50,1.00
2016.03.15 03:35:31.433,1.26515,1.2655,1.50,1.10
2016.03.15 03:35:31.990,1.26514,1.2655,1.50,1.00
2016.03.15 03:35:32.401,1.26508,1.26545,1.00,1.00
2016.03.15 03:35:32.512,1.26505,1.26541,1.50,1.00
2016.03.15 03:35:32.564,1.26499,1.26538,1.50,1.00
2016.03.15 03:35:32.817,1.26504,1.26538,1.00,1.00
2016.03.15 03:35:32.868,1.26505,1.26542,2.25,1.00
2016.03.15 03:35:32.970,1.26507,1.26542,1.00,1.00
2016.03.15 03:35:33.122,1.26505,1.26543,1.50,2.25
2016.03.15 03:35:33.174,1.26503,1.26541,1.00,1.00
2016.03.15 03:35:33.275,1.26499,1.26538,1.00,1.00
2016.03.15 03:35:33.682,1.26499,1.26519,1.00,1.00
2016.03.15 03:35:33.783,1.26494,1.26517,1.00,1.00
2016.03.15 03:35:33.885,1.26491,1.26517,1.00,1.00
2016.03.15 03:35:33.986,1.26491,1.2652,1.00,1.00
2016.03.15 03:35:34.674,1.26491,1.26518,1.00,1.00
2016.03.15 03:35:34.947,1.26488,1.2652,1.00,1.00
2016.03.15 03:35:34.998,1.26486,1.2652,1.00,1.00
2016.03.15 03:35:35.100,1.26485,1.26493,1.00,1.00
2016.03.15 03:35:35.202,1.26474,1.26512,1.50,1.50
2016.03.15 03:35:35.305,1.26474,1.26519,1.50,3.75
2016.03.15 03:35:35.356,1.26477,1.26508,1.00,1.00
2016.03.15 03:35:35.458,1.26472,1.26508,1.00,1.07
2016.03.15 03:35:35.510,1.26463,1.265,1.20,1.00
2016.03.15 03:35:35.561,1.26461,1.26492,1.12,1.00
2016.03.15 03:35:35.766,1.26435,1.26473,1.50,1.50
2016.03.15 03:35:35.817,1.26432,1.26467,2.62,1.00
2016.03.15 03:35:36.163,1.26412,1.26439,1.00,1.37
2016.03.15 03:35:36.214,1.26398,1.26425,3.15,1.00
2016.03.15 03:35:36.316,1.26395,1.26423,1.00,1.00
2016.03.15 03:35:36.367,1.26395,1.26423,1.00,1.50
2016.03.15 03:35:36.418,1.26385,1.26423,1.00,3.00
2016.03.15 03:35:36.470,1.26383,1.26418,1.20,1.00
2016.03.15 03:35:36.774,1.26392,1.26424,1.00,1.85
2016.03.15 03:35:36.925,1.26398,1.2643,1.00,1.75
2016.03.15 03:35:36.979,1.26397,1.26439,1.00,1.00
2016.03.15 03:35:37.030,1.26397,1.26439,1.50,1.00
2016.03.15 03:35:37.334,1.26432,1.26463,1.00,1.07
2016.03.15 03:35:37.385,1.26433,1.26479,1.00,1.50
2016.03.15 03:35:37.436,1.26455,1.26481,0.75,1.75
2016.03.15 03:35:37.538,1.2644,1.2648,1.00,1.00
2016.03.15 03:35:37.590,1.2644,1.26465,1.00,2.25
2016.03.15 03:35:37.641,1.26433,1.26465,1.00,2.25
2016.03.15 03:35:37.692,1.26426,1.26465,1.50,2.25
2016.03.15 03:35:37.744,1.2643,1.26456,1.00,1.00
2016.03.15 03:35:37.847,1.2642,1.26458,1.00,1.00
2016.03.15 03:35:37.946,1.26414,1.26458,2.32,1.00
2016.03.15 03:35:37.997,1.26416,1.26458,1.00,1.00
2016.03.15 03:35:38.312,1.26406,1.26445,1.00,1.00
2016.03.15 03:35:38.414,1.26414,1.26453,1.17,1.10
2016.03.15 03:35:38.616,1.26409,1.26432,1.12,1.00
2016.03.15 03:35:38.718,1.26396,1.26432,1.00,1.50
2016.03.15 03:35:38.769,1.26396,1.26432,1.00,1.87
2016.03.15 03:35:39.109,1.26374,1.26412,1.00,1.07
2016.03.15 03:35:39.211,1.26367,1.26402,1.00,1.00
2016.03.15 03:35:39.313,1.26361,1.26401,1.10,1.50
2016.03.15 03:35:39.415,1.26361,1.26388,1.07,1.00
2016.03.15 03:35:39.618,1.26359,1.26387,1.00,1.00
2016.03.15 03:35:39.720,1.26345,1.26387,1.15,1.00
2016.03.15 03:35:39.922,1.26341,1.26382,2.25,1.00
2016.03.15 03:35:40.024,1.26341,1.26382,1.00,1.00
2016.03.15 03:35:40.075,1.26346,1.26382,1.00,1.00
2016.03.15 03:35:40.236,1.26348,1.26387,1.00,1.00
2016.03.15 03:35:40.287,1.26355,1.26387,1.00,1.00
2016.03.15 03:35:40.593,1.26359,1.26375,1.00,1.07
2016.03.15 03:35:40.643,1.26359,1.26374,1.00,1.00
2016.03.15 03:35:40.695,1.26345,1.26363,1.00,1.00
2016.03.15 03:35:40.746,1.26343,1.26363,1.50,1.00
2016.03.15 03:35:40.797,1.26341,1.26372,1.00,1.00
2016.03.15 03:35:40.848,1.26338,1.26375,1.10,1.45
2016.03.15 03:35:40.950,1.26344,1.26378,1.00,1.10
2016.03.15 03:35:41.152,1.26343,1.26385,1.00,1.15
2016.03.15 03:35:41.260,1.26345,1.26385,1.00,1.15
2016.03.15 03:35:41.563,1.26339,1.26353,1.00,0.75
2016.03.15 03:35:41.615,1.26336,1.26364,1.00,1.50
2016.03.15 03:35:41.717,1.26332,1.26363,1.00,1.00
2016.03.15 03:35:41.768,1.26332,1.26368,1.00,1.10
2016.03.15 03:35:42.122,1.26335,1.26372,1.00,1.00
2016.03.15 03:35:42.224,1.26341,1.26378,1.00,1.00
2016.03.15 03:35:42.325,1.26341,1.26381,1.37,1.10
2016.03.15 03:35:42.438,1.26344,1.26381,1.00,1.10
2016.03.15 03:35:42.743,1.26337,1.26364,1.00,1.00
2016.03.15 03:35:42.896,1.26334,1.26371,1.50,1.55
2016.03.15 03:35:42.947,1.26334,1.26362,1.57,1.00
2016.03.15 03:35:43.251,1.26334,1.26371,1.00,1.50
2016.03.15 03:35:43.302,1.26334,1.26358,1.00,1.00
2016.03.15 03:35:43.454,1.26315,1.26347,1.00,1.00
2016.03.15 03:35:43.505,1.26342,1.26361,0.15,1.95
2016.03.15 03:35:43.556,1.26335,1.26361,1.72,1.72
2016.03.15 03:35:43.607,1.26349,1.26374,1.50,2.32
2016.03.15 03:35:43.720,1.2635,1.26374,1.37,1.00
2016.03.15 03:35:43.771,1.2635,1.26377,1.00,1.50
2016.03.15 03:35:43.822,1.2635,1.26367,1.00,1.00
2016.03.15 03:35:43.924,1.26345,1.26365,1.12,1.00
2016.03.15 03:35:44.025,1.26333,1.26365,1.15,1.07
2016.03.15 03:35:44.127,1.26325,1.26366,1.87,1.50
2016.03.15 03:35:44.178,1.26331,1.26366,1.15,1.87
2016.03.15 03:35:44.330,1.26341,1.26366,1.20,1.00
2016.03.15 03:35:44.432,1.26346,1.26372,1.00,1.00
2016.03.15 03:35:44.483,1.26349,1.26372,1.00,1.00
2016.03.15 03:35:44.585,1.26359,1.26387,1.15,1.00
2016.03.15 03:35:44.636,1.26359,1.26387,1.00,1.00
2016.03.15 03:35:44.718,1.26358,1.264,1.00,1.50
2016.03.15 03:35:44.770,1.2637,1.26385,1.00,1.50
2016.03.15 03:35:44.871,1.2637,1.26387,0.75,1.00
2016.03.15 03:35:44.922,1.26353,1.26392,1.00,2.32
2016.03.15 03:35:45.024,1.26365,1.26387,1.00,1.00
2016.03.15 03:35:45.328,1.26353,1.26385,1.00,1.00
2016.03.15 03:35:45.430,1.26355,1.26384,1.00,1.00
2016.03.15 03:35:45.583,1.26346,1.26384,1.00,1.07
2016.03.15 03:35:45.634,1.26342,1.26384,1.00,1.15
2016.03.15 03:35:45.685,1.26347,1.26384,1.00,1.15
2016.03.15 03:35:45.990,1.26356,1.26387,1.00,1.00
2016.03.15 03:35:46.092,1.26362,1.26396,1.00,2.25
2016.03.15 03:35:46.447,1.26365,1.264,1.00,1.37
2016.03.15 03:35:46.600,1.26369,1.26403,1.00,1.15
2016.03.15 03:35:47.112,1.26369,1.26403,1.00,1.00
2016.03.15 03:35:47.214,1.26372,1.26407,1.00,1.15
2016.03.15 03:35:47.417,1.26375,1.26411,1.00,3.00
2016.03.15 03:35:47.518,1.26381,1.2641,1.00,1.00
2016.03.15 03:35:47.772,1.26379,1.26415,1.00,1.10
2016.03.15 03:35:47.925,1.2638,1.26401,1.00,1.50
2016.03.15 03:35:48.077,1.26367,1.26401,1.20,1.50
2016.03.15 03:35:48.236,1.26368,1.26388,1.00,1.00
2016.03.15 03:35:48.539,1.26369,1.26386,1.00,1.00
2016.03.15 03:35:48.641,1.26367,1.26385,1.00,2.25
2016.03.15 03:35:48.742,1.26354,1.26381,1.00,1.00
2016.03.15 03:35:48.845,1.26356,1.2638,1.00,1.00
2016.03.15 03:35:48.947,1.26356,1.26383,1.00,1.00
2016.03.15 03:35:48.998,1.26361,1.26385,1.00,1.87
2016.03.15 03:35:49.100,1.26354,1.26385,1.00,2.25
2016.03.15 03:35:49.202,1.26352,1.26382,1.00,1.00
2016.03.15 03:35:49.303,1.26343,1.26382,1.87,1.07
2016.03.15 03:35:49.448,1.26343,1.26381,1.00,1.65
2016.03.15 03:35:49.500,1.26347,1.2638,1.00,1.00
2016.03.15 03:35:49.805,1.26346,1.26363,1.00,1.00
2016.03.15 03:35:49.856,1.26341,1.26363,1.00,1.00
2016.03.15 03:35:49.957,1.26358,1.26371,1.00,1.87
2016.03.15 03:35:50.160,1.26365,1.26374,1.00,1.00
2016.03.15 03:35:50.211,1.26365,1.2638,1.00,1.00
2016.03.15 03:35:50.313,1.26362,1.26381,1.00,2.40
2016.03.15 03:35:50.517,1.2636,1.26384,1.00,1.37
2016.03.15 03:35:50.620,1.2636,1.26384,1.57,1.00
2016.03.15 03:35:50.672,1.2636,1.26383,2.32,1.00
2016.03.15 03:35:51.026,1.2636,1.26385,3.00,1.00
2016.03.15 03:35:51.179,1.2636,1.26385,1.65,1.00
2016.03.15 03:35:51.409,1.2636,1.26391,1.65,2.25
2016.03.15 03:35:51.460,1.2637,1.26397,1.00,2.25
2016.03.15 03:35:51.765,1.264,1.26406,1.00,1.00
2016.03.15 03:35:51.841,1.26403,1.26408,1.00,1.00
2016.03.15 03:35:51.892,1.2641,1.26421,1.00,1.65
2016.03.15 03:35:51.994,1.26412,1.26426,1.00,3.07
2016.03.15 03:35:52.046,1.26408,1.26426,1.00,2.25
2016.03.15 03:35:52.465,1.26407,1.26418,1.00,1.00
2016.03.15 03:35:52.617,1.26407,1.2642,1.00,1.00
2016.03.15 03:35:52.719,1.26399,1.2642,1.00,1.00
2016.03.15 03:35:52.921,1.26391,1.26419,1.12,1.00
2016.03.15 03:35:53.018,1.26391,1.26419,1.00,1.00
2016.03.15 03:35:53.171,1.26393,1.26419,1.00,1.00
2016.03.15 03:35:53.284,1.26394,1.26425,1.00,1.57
2016.03.15 03:35:53.386,1.26395,1.26409,1.00,1.00
2016.03.15 03:35:53.487,1.26393,1.26409,1.00,1.00
2016.03.15 03:35:53.690,1.2639,1.26413,1.00,1.37
2016.03.15 03:35:53.792,1.26388,1.2642,1.00,1.47
2016.03.15 03:35:53.843,1.26388,1.2642,1.00,1.47
2016.03.15 03:35:53.995,1.26388,1.2642,1.00,1.12
2016.03.15 03:35:54.254,1.2639,1.2642,1.00,1.00
2016.03.15 03:35:54.718,1.2639,1.26414,1.00,1.00
2016.03.15 03:35:54.820,1.26379,1.26411,1.50,1.12
2016.03.15 03:35:54.871,1.26377,1.26408,1.00,1.00
2016.03.15 03:35:54.922,1.26373,1.26405,1.00,1.12
2016.03.15 03:35:55.124,1.2637,1.26402,1.00,1.00
2016.03.15 03:35:55.226,1.26365,1.26402,3.15,1.00
2016.03.15 03:35:55.328,1.26378,1.26401,1.00,1.00
2016.03.15 03:35:55.380,1.26378,1.26407,1.00,1.07
2016.03.15 03:35:55.528,1.26389,1.26415,1.00,1.12
2016.03.15 03:35:55.579,1.26395,1.26428,1.50,3.00
2016.03.15 03:35:55.631,1.26396,1.2643,1.50,1.50
2016.03.15 03:35:55.682,1.26403,1.2643,1.00,1.12
2016.03.15 03:35:55.783,1.26398,1.26435,1.00,1.00
2016.03.15 03:35:56.037,1.26403,1.26437,1.50,1.00
2016.03.15 03:35:56.341,1.26406,1.26437,1.00,1.00
2016.03.15 03:35:56.727,1.26404,1.26437,1.00,1.00
2016.03.15 03:35:57.694,1.26404,1.26437,2.25,1.10
2016.03.15 03:35:57.997,1.26408,1.26432,1.20,1.00
2016.03.15 03:35:58.850,1.26409,1.26435,1.00,1.00
2016.03.15 03:35:58.952,1.26411,1.26437,1.00,1.00
2016.03.15 03:35:59.960,1.26409,1.26432,1.00,1.00
2016.03.15 03:36:00.061,1.26404,1.26432,1.50,1.50
2016.03.15 03:36:00.163,1.26404,1.26436,1.00,1.00
2016.03.15 03:36:00.264,1.26403,1.26429,2.25,1.00
2016.03.15 03:36:00.518,1.264,1.26426,1.00,1.50
2016.03.15 03:36:00.790,1.26401,1.26424,1.00,1.00
2016.03.15 03:36:01.095,1.26402,1.26421,1.00,1.10
2016.03.15 03:36:01.399,1.26401,1.26419,1.00,1.20
2016.03.15 03:36:01.500,1.26399,1.26419,1.00,1.20
2016.03.15 03:36:01.551,1.26399,1.2641,1.00,1.00
2016.03.15 03:36:01.602,1.26397,1.2641,1.00,1.00
2016.03.15 03:36:01.653,1.26397,1.26404,1.00,1.00
2016.03.15 03:36:01.704,1.26392,1.26404,1.00,1.00
2016.03.15 03:36:01.755,1.26392,1.26397,1.00,1.00
2016.03.15 03:36:01.857,1.26376,1.26397,1.12,1.00
2016.03.15 03:36:01.908,1.26374,1.26397,1.75,1.00
2016.03.15 03:36:01.993,1.26376,1.26394,1.00,1.00
2016.03.15 03:36:02.046,1.2637,1.26392,1.20,1.00
2016.03.15 03:36:02.249,1.26369,1.26395,1.50,1.00
2016.03.15 03:36:02.553,1.26367,1.26389,1.12,1.00
2016.03.15 03:36:02.605,1.26366,1.26389,1.87,1.00
2016.03.15 03:36:02.706,1.26362,1.26389,1.10,1.37
2016.03.15 03:36:02.808,1.26362,1.26389,1.10,1.00
2016.03.15 03:36:02.859,1.26363,1.2639,1.37,1.00
2016.03.15 03:36:03.161,1.26356,1.26378,1.75,1.00
2016.03.15 03:36:03.366,1.2635,1.2637,1.00,1.00
2016.03.15 03:36:03.467,1.26347,1.26367,1.00,1.00
2016.03.15 03:36:03.619,1.26342,1.26367,1.12,1.10
2016.03.15 03:36:03.720,1.26341,1.26366,1.50,1.12
2016.03.15 03:36:04.125,1.26339,1.26366,1.20,1.50
2016.03.15 03:36:04.277,1.26338,1.26363,1.00,1.00
2016.03.15 03:36:04.939,1.26338,1.26363,1.50,1.12
2016.03.15 03:36:05.471,1.26338,1.26361,1.50,1.00
2016.03.15 03:36:06.009,1.26338,1.26354,1.00,1.00
2016.03.15 03:36:06.315,1.26338,1.26352,1.00,1.00
2016.03.15 03:36:06.568,1.26338,1.26356,1.00,1.45
2016.03.15 03:36:06.619,1.26345,1.26359,1.00,1.12
2016.03.15 03:36:06.670,1.26347,1.26361,1.00,1.75
2016.03.15 03:36:06.771,1.26348,1.26372,1.00,1.12
2016.03.15 03:36:06.873,1.26348,1.26373,1.00,1.00
2016.03.15 03:36:07.075,1.26348,1.26371,1.00,1.00
2016.03.15 03:36:07.178,1.26342,1.2637,1.00,1.00
2016.03.15 03:36:07.381,1.26344,1.2637,1.00,1.20
2016.03.15 03:36:08.518,1.26344,1.2637,1.00,1.00
2016.03.15 03:36:08.828,1.2635,1.26374,1.00,1.12
2016.03.15 03:36:09.081,1.26346,1.2637,1.00,1.00
2016.03.15 03:36:09.183,1.26349,1.26373,1.00,1.00
2016.03.15 03:36:09.486,1.26345,1.26368,1.00,1.00
2016.03.15 03:36:09.822,1.26345,1.26368,1.27,1.00
2016.03.15 03:36:10.126,1.26327,1.26334,2.25,1.50
2016.03.15 03:36:10.177,1.26317,1.26331,1.00,1.00
2016.03.15 03:36:10.229,1.26317,1.26327,1.00,1.00
2016.03.15 03:36:10.381,1.26301,1.26318,1.75,1.00
2016.03.15 03:36:10.432,1.26301,1.26321,1.37,1.00
2016.03.15 03:36:10.534,1.26301,1.26324,1.37,1.00
2016.03.15 03:36:10.611,1.26298,1.26324,1.00,1.00
2016.03.15 03:36:10.663,1.26301,1.26325,1.00,1.10
2016.03.15 03:36:10.918,1.26308,1.26334,1.00,1.20
2016.03.15 03:36:11.121,1.26309,1.26335,1.00,1.10
2016.03.15 03:36:11.275,1.26304,1.26329,1.50,1.00
2016.03.15 03:36:11.377,1.26305,1.26331,1.10,1.00
2016.03.15 03:36:11.479,1.26304,1.26329,1.12,1.00
2016.03.15 03:36:11.798,1.26285,1.26296,1.75,1.00
2016.03.15 03:36:11.849,1.26285,1.26296,1.00,1.00
2016.03.15 03:36:11.901,1.26276,1.26296,1.75,1.00
2016.03.15 03:36:11.952,1.26276,1.26296,1.00,1.00
2016.03.15 03:36:12.003,1.26268,1.26293,1.75,1.87
2016.03.15 03:36:12.308,1.26262,1.26276,1.00,1.00
2016.03.15 03:36:12.409,1.26253,1.26276,3.07,1.50
2016.03.15 03:36:12.511,1.26252,1.26275,3.00,1.00
2016.03.15 03:36:12.714,1.26255,1.2627,1.00,1.00
2016.03.15 03:36:12.816,1.26255,1.26272,1.00,1.00
2016.03.15 03:36:12.968,1.26255,1.26263,1.50,1.00
2016.03.15 03:36:13.069,1.26253,1.26265,1.57,1.00
2016.03.15 03:36:13.172,1.26252,1.26263,1.00,1.00
2016.03.15 03:36:13.476,1.26253,1.26261,1.00,1.00
2016.03.15 03:36:13.686,1.26251,1.26261,1.00,1.00
2016.03.15 03:36:13.839,1.26251,1.26267,1.00,1.00
2016.03.15 03:36:13.890,1.26248,1.26267,1.00,1.00
2016.03.15 03:36:13.942,1.26245,1.2627,1.00,3.82
2016.03.15 03:36:13.993,1.26247,1.2627,1.00,2.32
2016.03.15 03:36:14.297,1.2625,1.2627,1.00,1.00
2016.03.15 03:36:14.601,1.26253,1.26272,1.00,1.50
2016.03.15 03:36:14.928,1.2627,1.26286,1.00,1.00
2016.03.15 03:36:15.031,1.26275,1.26294,1.00,1.00
2016.03.15 03:36:15.133,1.26276,1.26302,1.50,1.00
2016.03.15 03:36:15.185,1.26286,1.26302,1.00,1.00
2016.03.15 03:36:15.490,1.26319,1.26341,1.00,1.00
2016.03.15 03:36:15.745,1.2634,1.26368,1.00,3.75
2016.03.15 03:36:15.797,1.26337,1.26367,1.00,1.50
2016.03.15 03:36:15.848,1.26342,1.26367,1.00,1.50
2016.03.15 03:36:15.899,1.26342,1.26373,1.50,2.25
2016.03.15 03:36:15.950,1.26347,1.2637,1.00,1.00
2016.03.15 03:36:16.104,1.26353,1.26379,1.00,1.00
2016.03.15 03:36:16.155,1.26349,1.26383,2.25,1.50
2016.03.15 03:36:16.206,1.26366,1.26383,1.00,1.50
2016.03.15 03:36:16.308,1.26371,1.26391,1.37,1.00
2016.03.15 03:36:16.359,1.26373,1.26394,1.20,1.00
2016.03.15 03:36:16.410,1.26373,1.26408,1.65,1.00
2016.03.15 03:36:16.515,1.26385,1.26408,1.00,1.50
2016.03.15 03:36:16.617,1.26383,1.26407,2.25,1.00
2016.03.15 03:36:16.668,1.26386,1.26407,1.00,1.00
2016.03.15 03:36:16.871,1.26382,1.26405,1.00,1.50
2016.03.15 03:36:16.973,1.26385,1.26406,1.00,1.00
2016.03.15 03:36:17.278,1.26371,1.26385,1.00,1.00
2016.03.15 03:36:17.385,1.26368,1.26384,1.00,1.00
2016.03.15 03:36:17.589,1.26361,1.26384,1.00,1.00
2016.03.15 03:36:17.742,1.26359,1.26384,3.00,1.00
2016.03.15 03:36:17.796,1.26359,1.26382,3.00,1.00
2016.03.15 03:36:18.202,1.26362,1.2638,1.00,1.50
2016.03.15 03:36:18.406,1.26362,1.26383,1.00,1.50
2016.03.15 03:36:18.558,1.26361,1.26385,1.00,1.00
2016.03.15 03:36:18.610,1.26359,1.26384,2.25,1.00
2016.03.15 03:36:18.867,1.26364,1.26385,1.00,1.00
2016.03.15 03:36:18.918,1.26362,1.26385,1.00,1.50
2016.03.15 03:36:18.969,1.26364,1.26385,1.00,1.50
2016.03.15 03:36:19.121,1.26365,1.26388,1.00,1.00
2016.03.15 03:36:19.274,1.26364,1.26382,1.00,1.00
2016.03.15 03:36:19.427,1.26367,1.26388,1.00,1.50
2016.03.15 03:36:19.882,1.26369,1.26388,1.00,1.50
2016.03.15 03:36:20.207,1.26388,1.26406,1.00,1.00
2016.03.15 03:36:20.512,1.26382,1.26397,1.00,1.00
2016.03.15 03:36:20.664,1.26369,1.26387,1.00,1.00
2016.03.15 03:36:20.715,1.26363,1.26384,1.50,1.00
2016.03.15 03:36:20.817,1.26361,1.26383,1.00,1.00
2016.03.15 03:36:20.918,1.26364,1.26384,1.50,1.00
2016.03.15 03:36:21.020,1.26362,1.26384,1.50,1.00
2016.03.15 03:36:21.491,1.26364,1.26384,1.00,1.50
2016.03.15 03:36:21.794,1.26367,1.26384,1.00,1.00
2016.03.15 03:36:22.123,1.26365,1.2638,1.00,1.00
2016.03.15 03:36:22.225,1.26363,1.26381,1.00,1.00
2016.03.15 03:36:22.411,1.26359,1.26377,1.00,1.00
2016.03.15 03:36:22.513,1.2635,1.2637,1.00,1.00
2016.03.15 03:36:22.616,1.26353,1.26374,1.50,1.00
2016.03.15 03:36:22.819,1.26353,1.26372,2.25,1.00
2016.03.15 03:36:23.123,1.26334,1.26343,1.00,1.00
2016.03.15 03:36:23.330,1.26326,1.26338,1.00,1.00
2016.03.15 03:36:23.432,1.26319,1.26337,1.00,1.50
2016.03.15 03:36:23.483,1.26319,1.26332,1.00,1.00
2016.03.15 03:36:23.534,1.26314,1.26329,1.00,1.00
2016.03.15 03:36:23.636,1.26309,1.26323,2.25,1.00
2016.03.15 03:36:23.737,1.26309,1.26327,1.00,1.00
2016.03.15 03:36:23.839,1.26303,1.26322,1.00,1.00
2016.03.15 03:36:23.941,1.26298,1.26318,2.25,1.00
2016.03.15 03:36:24.042,1.26297,1.26316,1.00,1.00
2016.03.15 03:36:24.144,1.26289,1.2631,1.00,1.00
2016.03.15 03:36:24.671,1.26289,1.26311,1.50,1.00
2016.03.15 03:36:25.037,1.26291,1.26311,1.00,1.00
2016.03.15 03:36:25.138,1.26292,1.26315,1.00,3.00
2016.03.15 03:36:25.240,1.26305,1.26313,1.50,1.00
2016.03.15 03:36:25.341,1.26307,1.26324,1.37,1.87
2016.03.15 03:36:25.393,1.26307,1.26324,1.50,1.12
2016.03.15 03:36:25.444,1.2632,1.26331,2.25,1.00
2016.03.15 03:36:25.764,1.26321,1.26326,1.50,1.50
2016.03.15 03:36:25.866,1.26319,1.26326,1.00,1.50
2016.03.15 03:36:25.968,1.26312,1.26326,1.00,1.87
2016.03.15 03:36:26.019,1.26312,1.26323,1.00,1.00
2016.03.15 03:36:26.171,1.26293,1.26319,1.50,1.57
2016.03.15 03:36:26.222,1.26293,1.26318,1.20,1.12
2016.03.15 03:36:26.526,1.26284,1.26295,1.00,1.50
2016.03.15 03:36:26.674,1.26271,1.26283,1.10,1.00
2016.03.15 03:36:26.725,1.26268,1.2629,3.07,2.25
2016.03.15 03:36:26.928,1.26276,1.26287,1.00,1.00
2016.03.15 03:36:27.032,1.26274,1.2629,1.00,1.50
2016.03.15 03:36:27.083,1.26272,1.2629,1.12,1.50
2016.03.15 03:36:27.134,1.2627,1.2629,1.00,1.50
2016.03.15 03:36:27.387,1.2627,1.26285,1.00,1.50
2016.03.15 03:36:27.438,1.26267,1.26283,1.00,1.00
2016.03.15 03:36:27.490,1.26265,1.26279,1.00,1.00
2016.03.15 03:36:27.591,1.26256,1.26275,1.50,1.20
2016.03.15 03:36:27.693,1.2625,1.26275,1.50,1.20
2016.03.15 03:36:27.745,1.2625,1.26273,1.50,1.00
2016.03.15 03:36:28.051,1.26248,1.26253,1.00,1.00
2016.03.15 03:36:28.102,1.26239,1.26253,1.00,1.00
2016.03.15 03:36:28.205,1.26234,1.26253,2.56,1.00
2016.03.15 03:36:28.357,1.2623,1.26248,4.06,1.00
2016.03.15 03:36:28.813,1.2623,1.26254,4.06,1.00
2016.03.15 03:36:28.864,1.2623,1.26256,4.06,1.00
2016.03.15 03:36:28.915,1.26247,1.26256,1.50,1.00
2016.03.15 03:36:29.019,1.26248,1.26265,1.00,1.50
2016.03.15 03:36:29.121,1.26253,1.26266,1.00,1.00
2016.03.15 03:36:29.425,1.26283,1.26296,2.62,2.25
2016.03.15 03:36:29.628,1.26296,1.26314,1.00,1.00
2016.03.15 03:36:29.688,1.26303,1.2632,1.00,1.00
2016.03.15 03:36:29.741,1.263,1.2632,2.25,1.00
2016.03.15 03:36:29.792,1.263,1.26328,2.25,2.40
2016.03.15 03:36:29.894,1.26301,1.26323,1.50,1.00
2016.03.15 03:36:30.148,1.26303,1.26328,1.00,1.00
2016.03.15 03:36:30.199,1.26302,1.26325,1.00,1.00
2016.03.15 03:36:30.250,1.26299,1.26324,1.50,1.00
2016.03.15 03:36:30.302,1.26302,1.26324,1.00,1.50
2016.03.15 03:36:30.606,1.26307,1.26325,1.00,1.00
2016.03.15 03:36:30.909,1.26315,1.26326,1.00,1.00
2016.03.15 03:36:31.011,1.26314,1.26331,1.50,1.00
2016.03.15 03:36:31.062,1.26317,1.26331,1.00,1.00
2016.03.15 03:36:31.366,1.26294,1.26302,1.00,1.75
2016.03.15 03:36:31.417,1.26285,1.26292,1.00,1.00
2016.03.15 03:36:31.468,1.26284,1.26292,1.00,1.87
2016.03.15 03:36:31.519,1.26275,1.2629,1.00,1.65
2016.03.15 03:36:31.570,1.26275,1.26287,1.00,1.50
2016.03.15 03:36:31.672,1.26262,1.26278,1.50,1.00
2016.03.15 03:36:31.723,1.26259,1.26278,1.00,1.00
2016.03.15 03:36:31.879,1.2626,1.26275,1.00,1.00
2016.03.15 03:36:31.930,1.26258,1.26275,1.00,1.00
2016.03.15 03:36:32.032,1.26249,1.26271,1.37,1.00
2016.03.15 03:36:32.084,1.26249,1.26266,1.00,1.00
2016.03.15 03:36:32.236,1.26247,1.26266,1.50,1.50
2016.03.15 03:36:32.287,1.26239,1.26263,1.00,1.00
2016.03.15 03:36:32.389,1.26239,1.2626,1.00,1.00
2016.03.15 03:36:32.441,1.26235,1.2626,3.00,1.00
2016.03.15 03:36:32.492,1.26236,1.26257,1.50,1.00
2016.03.15 03:36:32.593,1.26231,1.26253,1.57,1.00
2016.03.15 03:36:32.809,1.26236,1.26252,2.94,1.00
2016.03.15 03:36:32.861,1.26242,1.26259,1.50,1.75
2016.03.15 03:36:32.963,1.26248,1.26263,1.00,1.00
2016.03.15 03:36:33.065,1.26256,1.26273,1.00,1.10
2016.03.15 03:36:33.166,1.26258,1.26272,1.00,1.00
2016.03.15 03:36:33.269,1.26261,1.26283,1.00,1.00
2016.03.15 03:36:33.319,1.26261,1.26276,1.00,1.00
2016.03.15 03:36:33.371,1.26257,1.26274,1.00,1.00
2016.03.15 03:36:33.422,1.26257,1.26271,1.00,1.00
2016.03.15 03:36:33.473,1.26248,1.26268,2.25,1.00
2016.03.15 03:36:33.524,1.26248,1.26268,1.50,1.00
2016.03.15 03:36:33.576,1.26254,1.26272,1.00,1.00
2016.03.15 03:36:33.678,1.26257,1.26277,1.10,1.00
2016.03.15 03:36:33.730,1.26264,1.26277,1.00,1.00
2016.03.15 03:36:33.936,1.26274,1.26294,1.50,1.00
2016.03.15 03:36:33.988,1.26276,1.26296,1.12,1.00
2016.03.15 03:36:34.090,1.26276,1.26299,1.50,1.20
2016.03.15 03:36:34.141,1.26281,1.26299,1.00,1.10
2016.03.15 03:36:34.192,1.26281,1.26301,1.00,1.20
2016.03.15 03:36:34.243,1.26279,1.26302,1.00,1.20
2016.03.15 03:36:34.396,1.2628,1.26303,1.00,1.00
2016.03.15 03:36:34.651,1.26284,1.26305,1.00,1.10
2016.03.15 03:36:34.703,1.26284,1.26307,1.00,1.10
2016.03.15 03:36:34.856,1.26285,1.263,1.00,1.00
2016.03.15 03:36:35.155,1.26282,1.263,1.00,1.50
2016.03.15 03:36:35.258,1.26281,1.26298,1.00,1.00
2016.03.15 03:36:35.563,1.26281,1.26293,1.00,1.00
2016.03.15 03:36:35.664,1.26281,1.26295,1.00,1.00
2016.03.15 03:36:35.868,1.26279,1.26292,1.00,1.00
2016.03.15 03:36:35.970,1.26271,1.26292,2.25,1.50
2016.03.15 03:36:36.072,1.26264,1.26286,1.50,1.00
2016.03.15 03:36:36.218,1.26262,1.26284,1.10,1.00
2016.03.15 03:36:36.371,1.2627,1.26285,1.00,1.50
2016.03.15 03:36:36.676,1.26271,1.26287,1.00,1.00
2016.03.15 03:36:36.728,1.26268,1.26287,1.00,1.00
2016.03.15 03:36:36.779,1.26267,1.26289,1.00,1.00
2016.03.15 03:36:36.881,1.26271,1.26293,2.25,1.00
2016.03.15 03:36:36.982,1.26271,1.26296,1.10,1.10
2016.03.15 03:36:37.286,1.26271,1.26296,2.62,1.10
2016.03.15 03:36:37.801,1.26272,1.26295,2.25,1.00
2016.03.15 03:36:38.224,1.26277,1.26295,1.00,1.00
2016.03.15 03:36:38.326,1.26281,1.26302,1.00,1.50
2016.03.15 03:36:38.475,1.26284,1.26306,1.00,1.00
2016.03.15 03:36:38.527,1.26284,1.26311,1.00,4.12
2016.03.15 03:36:38.578,1.26281,1.26296,1.20,1.00
2016.03.15 03:36:38.731,1.26269,1.26293,1.87,1.00
2016.03.15 03:36:38.783,1.26269,1.26291,2.25,1.00
2016.03.15 03:36:38.886,1.26267,1.26289,1.20,1.00
2016.03.15 03:36:39.342,1.26271,1.26291,1.00,3.00
2016.03.15 03:36:39.692,1.26271,1.26288,1.00,1.00
2016.03.15 03:36:39.895,1.26271,1.26291,1.00,1.00
2016.03.15 03:36:40.100,1.26271,1.26288,1.00,1.00
2016.03.15 03:36:40.304,1.26265,1.2629,3.00,1.95
2016.03.15 03:36:40.356,1.26265,1.26286,3.75,1.00
2016.03.15 03:36:40.660,1.2627,1.26285,1.00,1.00
2016.03.15 03:36:40.759,1.2627,1.26288,1.00,1.00
2016.03.15 03:36:41.065,1.26268,1.26289,1.00,1.87
2016.03.15 03:36:41.116,1.26264,1.26286,1.50,1.00
2016.03.15 03:36:41.421,1.26265,1.26279,3.07,1.00
2016.03.15 03:36:41.737,1.2627,1.26279,1.00,1.00
2016.03.15 03:36:42.284,1.2627,1.26281,1.00,1.00
2016.03.15 03:36:42.385,1.26267,1.26279,1.12,1.00
2016.03.15 03:36:42.537,1.2627,1.26279,1.50,1.00
2016.03.15 03:36:43.041,1.26269,1.26282,1.50,1.51
2016.03.15 03:36:43.193,1.2627,1.2629,1.50,2.26
2016.03.15 03:36:43.295,1.2627,1.2629,1.50,3.01
2016.03.15 03:36:43.601,1.26269,1.26282,1.50,1.02
2016.03.15 03:36:43.907,1.26269,1.26283,1.50,3.02
2016.03.15 03:36:44.062,1.26269,1.2628,1.50,1.02
2016.03.15 03:36:44.113,1.26269,1.26282,1.50,1.14
2016.03.15 03:36:44.317,1.2627,1.26289,1.50,1.02
2016.03.15 03:36:44.419,1.2627,1.26291,1.50,1.89
2016.03.15 03:36:44.470,1.26275,1.26291,1.00,1.50
2016.03.15 03:36:44.521,1.26279,1.26293,1.00,1.75
2016.03.15 03:36:44.624,1.26277,1.263,1.00,1.12
2016.03.15 03:36:44.675,1.26284,1.26301,1.00,2.25
2016.03.15 03:36:44.726,1.26285,1.26301,1.50,3.00
2016.03.15 03:36:44.828,1.26286,1.26307,1.50,1.20
2016.03.15 03:36:44.930,1.26287,1.26309,1.00,2.25
2016.03.15 03:36:45.082,1.26299,1.2631,1.00,1.00
2016.03.15 03:36:45.185,1.26295,1.2631,2.25,1.00
2016.03.15 03:36:45.287,1.26295,1.26312,1.50,1.00
2016.03.15 03:36:45.339,1.26295,1.26308,1.50,1.00
2016.03.15 03:36:45.643,1.26288,1.26293,1.00,1.50
2016.03.15 03:36:45.897,1.2628,1.26289,1.50,1.00
2016.03.15 03:36:46.103,1.26273,1.26285,1.00,1.50
2016.03.15 03:36:46.609,1.26263,1.26284,1.10,1.12
2016.03.15 03:36:46.812,1.26263,1.26281,1.00,1.37
2016.03.15 03:36:46.864,1.26261,1.26281,1.12,1.75
2016.03.15 03:36:47.124,1.26259,1.26278,1.00,3.37
2016.03.15 03:36:47.429,1.26255,1.26278,1.10,1.07
2016.03.15 03:36:47.631,1.26259,1.26274,1.00,1.00
2016.03.15 03:36:47.734,1.2626,1.26283,1.50,1.00
2016.03.15 03:36:47.888,1.26262,1.26279,1.00,1.00
2016.03.15 03:36:47.990,1.26265,1.26283,1.50,1.65
2016.03.15 03:36:48.097,1.26262,1.26285,1.00,2.25
2016.03.15 03:36:48.149,1.26264,1.26288,1.00,1.57
2016.03.15 03:36:48.554,1.26264,1.26286,1.00,1.00
2016.03.15 03:36:48.758,1.26263,1.26289,1.50,1.50
2016.03.15 03:36:48.910,1.26267,1.2629,1.00,1.47
2016.03.15 03:36:49.231,1.2627,1.26288,1.00,1.00
2016.03.15 03:36:49.384,1.26269,1.2629,1.00,1.27
2016.03.15 03:36:49.486,1.26271,1.2629,1.00,1.65
2016.03.15 03:36:49.588,1.26269,1.2629,1.00,1.12
2016.03.15 03:36:49.690,1.26271,1.2629,1.00,1.00
2016.03.15 03:36:49.943,1.26269,1.2629,1.00,1.50
2016.03.15 03:36:50.146,1.26269,1.2629,1.00,1.75
2016.03.15 03:36:50.431,1.2627,1.2629,1.00,1.12
2016.03.15 03:36:50.939,1.26269,1.2629,1.00,1.50
2016.03.15 03:36:51.497,1.26271,1.2629,1.00,1.00
2016.03.15 03:36:52.195,1.26272,1.2629,1.00,1.00
2016.03.15 03:36:52.500,1.26271,1.2629,1.00,1.50
2016.03.15 03:36:53.012,1.26271,1.26289,1.00,1.50
2016.03.15 03:36:53.347,1.26271,1.26289,1.00,1.37
2016.03.15 03:36:53.448,1.26272,1.26289,1.00,1.12
2016.03.15 03:36:53.499,1.26272,1.26289,1.00,1.50
2016.03.15 03:36:53.803,1.26272,1.26284,1.00,1.00
2016.03.15 03:36:54.108,1.26272,1.26289,1.00,2.25
2016.03.15 03:36:54.293,1.26272,1.26289,1.00,1.50
2016.03.15 03:36:55.374,1.26273,1.26292,1.00,1.50
2016.03.15 03:36:55.527,1.26279,1.26293,1.00,1.00
2016.03.15 03:36:55.659,1.26285,1.26302,1.20,1.00
2016.03.15 03:36:55.710,1.26285,1.26305,2.96,1.00
2016.03.15 03:36:55.761,1.26287,1.26312,2.06,1.12
2016.03.15 03:36:55.862,1.26295,1.26312,1.00,1.00
2016.03.15 03:36:55.913,1.26295,1.26314,1.00,1.65
2016.03.15 03:36:56.015,1.26301,1.26318,1.00,1.50
2016.03.15 03:36:56.067,1.26301,1.2632,1.00,1.00
2016.03.15 03:36:56.118,1.26306,1.26327,1.00,1.00
2016.03.15 03:36:56.220,1.26309,1.26327,1.12,2.25
2016.03.15 03:36:56.321,1.26313,1.26332,1.56,2.70
2016.03.15 03:36:56.525,1.26309,1.26332,1.00,1.00
2016.03.15 03:36:56.629,1.26311,1.26332,1.00,1.00
2016.03.15 03:36:56.731,1.26309,1.26332,1.00,1.00
2016.03.15 03:36:57.411,1.26309,1.26331,1.50,1.00
2016.03.15 03:36:57.715,1.26309,1.26329,1.50,1.00
2016.03.15 03:36:58.051,1.26327,1.26346,1.12,1.12
2016.03.15 03:36:58.103,1.26329,1.26341,1.00,1.00
2016.03.15 03:36:58.205,1.26329,1.26353,1.50,1.00
2016.03.15 03:36:58.256,1.26332,1.26353,2.62,1.00
2016.03.15 03:36:58.408,1.26335,1.26359,1.75,1.20
2016.03.15 03:36:58.712,1.26338,1.26356,1.00,1.00
2016.03.15 03:36:58.814,1.26339,1.2636,1.00,1.20
2016.03.15 03:36:58.966,1.26341,1.2636,1.00,1.65
2016.03.15 03:36:59.084,1.26343,1.26363,1.00,1.00
2016.03.15 03:36:59.186,1.26341,1.26363,1.00,1.20
2016.03.15 03:36:59.237,1.2634,1.26363,1.10,1.57
2016.03.15 03:36:59.339,1.26334,1.2636,1.12,1.50
2016.03.15 03:36:59.390,1.26334,1.26357,1.87,1.12
2016.03.15 03:36:59.543,1.2633,1.26353,1.10,1.00
2016.03.15 03:36:59.746,1.26328,1.26353,2.25,1.00
2016.03.15 03:36:59.848,1.26331,1.26354,1.00,1.00
2016.03.15 03:37:00.151,1.26335,1.26357,1.00,1.00
2016.03.15 03:37:00.458,1.26335,1.26354,1.00,1.00
2016.03.15 03:37:00.768,1.26335,1.26352,1.00,1.00
2016.03.15 03:37:00.819,1.26333,1.26352,1.00,1.00
2016.03.15 03:37:00.870,1.26332,1.2635,1.00,1.00
2016.03.15 03:37:01.174,1.26314,1.2633,1.00,1.00
2016.03.15 03:37:01.277,1.26314,1.26342,1.10,1.00
2016.03.15 03:37:01.328,1.26312,1.2634,3.00,1.37
2016.03.15 03:37:01.647,1.26311,1.26329,1.87,1.00
2016.03.15 03:37:01.800,1.26309,1.26334,3.37,1.87
2016.03.15 03:37:01.953,1.26309,1.26333,1.65,1.00
2016.03.15 03:37:02.004,1.26309,1.26328,1.65,1.00
2016.03.15 03:37:02.208,1.26306,1.26326,1.00,1.00
2016.03.15 03:37:02.259,1.26301,1.26322,1.00,1.00
2016.03.15 03:37:02.361,1.26295,1.26321,4.12,1.10
2016.03.15 03:37:02.413,1.26295,1.26321,3.75,1.20
2016.03.15 03:37:02.464,1.26295,1.26319,1.50,1.00
2016.03.15 03:37:02.809,1.26292,1.26313,1.50,1.00
2016.03.15 03:37:02.968,1.26289,1.26311,1.57,1.00
2016.03.15 03:37:03.171,1.2629,1.26309,1.00,1.00
2016.03.15 03:37:03.475,1.2629,1.26304,1.00,1.00
2016.03.15 03:37:03.526,1.26286,1.26304,1.00,1.00
2016.03.15 03:37:03.577,1.26283,1.26302,1.00,1.00
2016.03.15 03:37:03.679,1.26279,1.26302,1.87,1.00
2016.03.15 03:37:03.780,1.26277,1.263,1.37,1.37
2016.03.15 03:37:03.831,1.26277,1.263,1.00,1.75
2016.03.15 03:37:03.883,1.26279,1.26298,1.00,1.20
2016.03.15 03:37:04.216,1.26279,1.26296,1.00,1.00
2016.03.15 03:37:04.726,1.26278,1.26293,1.00,1.00
2016.03.15 03:37:04.878,1.26275,1.26292,1.00,1.00
2016.03.15 03:37:05.182,1.26273,1.26292,1.00,1.20
2016.03.15 03:37:05.764,1.26272,1.2629,1.00,1.00
2016.03.15 03:37:06.221,1.26269,1.26289,2.25,1.20
2016.03.15 03:37:06.323,1.26271,1.26289,1.00,1.20
2016.03.15 03:37:06.873,1.26271,1.26289,1.00,1.57
2016.03.15 03:37:07.026,1.26272,1.26291,1.00,1.20
2016.03.15 03:37:07.533,1.26272,1.26291,1.00,1.00
2016.03.15 03:37:07.836,1.2627,1.26288,1.10,1.47
2016.03.15 03:37:07.989,1.26269,1.26287,1.00,1.50
2016.03.15 03:37:08.063,1.26266,1.26287,1.00,1.50
2016.03.15 03:37:08.115,1.26264,1.26286,1.00,1.20
2016.03.15 03:37:08.166,1.26264,1.26286,1.00,1.57
2016.03.15 03:37:08.217,1.2626,1.26283,2.25,1.20
2016.03.15 03:37:08.319,1.26259,1.26283,2.25,1.57
2016.03.15 03:37:08.370,1.26259,1.26282,1.10,1.12
2016.03.15 03:37:08.574,1.26257,1.26281,1.50,3.15
2016.03.15 03:37:08.625,1.26268,1.26281,1.00,3.15
2016.03.15 03:37:08.726,1.26262,1.26285,1.12,1.75
2016.03.15 03:37:08.778,1.26262,1.26283,1.50,1.00
2016.03.15 03:37:08.879,1.2626,1.26275,1.75,1.00
2016.03.15 03:37:08.981,1.26257,1.26275,1.00,1.10
2016.03.15 03:37:09.032,1.26257,1.26272,1.00,1.00
2016.03.15 03:37:09.242,1.26247,1.26266,1.00,1.57
2016.03.15 03:37:10.153,1.26247,1.26266,1.12,1.00
2016.03.15 03:37:10.261,1.26247,1.26268,1.50,1.00
2016.03.15 03:37:10.616,1.26251,1.26268,1.00,1.00
2016.03.15 03:37:10.869,1.26251,1.2627,1.50,1.00
2016.03.15 03:37:10.920,1.26256,1.2627,1.00,1.00
2016.03.15 03:37:11.073,1.26255,1.26272,1.12,1.00
2016.03.15 03:37:11.327,1.26256,1.26275,1.47,1.00
2016.03.15 03:37:11.430,1.26258,1.26282,1.10,3.07
2016.03.15 03:37:11.483,1.26258,1.26282,1.37,2.77
2016.03.15 03:37:11.738,1.26262,1.26283,1.00,1.00
2016.03.15 03:37:11.840,1.26263,1.26286,1.00,1.20
2016.03.15 03:37:11.891,1.26267,1.26286,1.00,1.10
2016.03.15 03:37:12.196,1.26261,1.26284,1.50,1.50
2016.03.15 03:37:12.298,1.26261,1.26285,1.20,1.95
2016.03.15 03:37:12.399,1.26261,1.26287,1.75,1.87
2016.03.15 03:37:12.734,1.26264,1.26288,1.00,1.27
2016.03.15 03:37:12.888,1.26264,1.26288,1.00,1.47
2016.03.15 03:37:12.991,1.26261,1.26287,2.25,2.25
2016.03.15 03:37:13.042,1.26262,1.26284,1.20,1.00
2016.03.15 03:37:13.346,1.26266,1.26287,1.00,4.50
2016.03.15 03:37:13.549,1.26265,1.26288,3.75,1.00
2016.03.15 03:37:14.010,1.26265,1.26286,1.50,1.00
2016.03.15 03:37:14.162,1.26261,1.26283,1.45,1.00
2016.03.15 03:37:14.366,1.26268,1.26279,1.00,1.00
2016.03.15 03:37:14.467,1.26268,1.26286,1.00,1.75
2016.03.15 03:37:14.873,1.26267,1.26288,1.10,1.20
2016.03.15 03:37:15.247,1.26269,1.26287,1.00,1.00
2016.03.15 03:37:15.831,1.26269,1.26287,1.00,1.37
2016.03.15 03:37:16.182,1.26269,1.26283,1.00,1.00
2016.03.15 03:37:16.384,1.26268,1.26286,1.00,1.10
2016.03.15 03:37:16.638,1.2627,1.26289,1.00,1.00
2016.03.15 03:37:16.941,1.26272,1.26289,1.00,1.00
2016.03.15 03:37:17.043,1.26268,1.26291,1.87,1.20
2016.03.15 03:37:17.246,1.26267,1.26289,1.20,1.20
2016.03.15 03:37:17.348,1.26265,1.2629,2.25,2.62
2016.03.15 03:37:17.653,1.26268,1.26289,1.00,1.65
2016.03.15 03:37:17.957,1.2627,1.26287,1.00,1.00
2016.03.15 03:37:18.213,1.26273,1.26291,1.00,1.57
2016.03.15 03:37:18.672,1.26271,1.26291,1.00,1.95
2016.03.15 03:37:18.723,1.26263,1.26286,1.75,1.95
2016.03.15 03:37:18.774,1.26263,1.26286,1.00,2.77
2016.03.15 03:37:18.826,1.26262,1.26283,2.25,1.00
2016.03.15 03:37:18.928,1.26266,1.26289,1.87,1.65
2016.03.15 03:37:19.131,1.26268,1.26291,1.65,1.00
2016.03.15 03:37:19.233,1.2627,1.26291,1.00,1.12
2016.03.15 03:37:19.537,1.2627,1.2629,1.00,1.95
2016.03.15 03:37:19.841,1.2627,1.26289,1.00,1.50
2016.03.15 03:37:20.336,1.26268,1.26285,1.00,1.00
2016.03.15 03:37:21.672,1.26267,1.26287,1.00,1.57
2016.03.15 03:37:22.179,1.26267,1.26285,1.00,1.00
2016.03.15 03:37:22.737,1.26267,1.26286,1.00,1.20
2016.03.15 03:37:23.397,1.26267,1.26286,1.00,1.37
2016.03.15 03:37:23.752,1.26267,1.26287,1.00,1.57
2016.03.15 03:37:24.302,1.26267,1.26286,1.12,1.00
2016.03.15 03:37:24.454,1.26267,1.26287,1.00,1.85
2016.03.15 03:37:24.757,1.26267,1.26287,1.00,1.95
2016.03.15 03:37:25.264,1.26267,1.26286,1.00,1.37
2016.03.15 03:37:25.463,1.26267,1.26287,1.00,1.57
2016.03.15 03:37:25.970,1.26267,1.26286,1.00,1.12
2016.03.15 03:37:26.072,1.26267,1.26286,1.00,1.37
2016.03.15 03:37:26.174,1.26265,1.26287,1.37,1.00
2016.03.15 03:37:26.377,1.26267,1.26288,1.10,1.37
2016.03.15 03:37:26.579,1.26267,1.26288,1.00,1.07
2016.03.15 03:37:27.358,1.26266,1.26288,1.50,1.57
2016.03.15 03:37:27.864,1.26267,1.26288,1.00,1.01
2016.03.15 03:37:28.206,1.26267,1.26288,1.37,1.01
2016.03.15 03:37:28.307,1.2627,1.26289,1.00,1.12
2016.03.15 03:37:28.358,1.2627,1.26291,2.25,1.50
2016.03.15 03:37:28.409,1.26274,1.26291,1.00,1.12
2016.03.15 03:37:28.460,1.26274,1.26294,1.00,1.20
2016.03.15 03:37:28.562,1.26275,1.26297,1.00,1.20
2016.03.15 03:37:28.664,1.26278,1.26301,1.00,2.25
2016.03.15 03:37:28.766,1.26279,1.26301,1.50,1.20
2016.03.15 03:37:28.868,1.26281,1.26304,1.00,4.87
2016.03.15 03:37:28.919,1.26281,1.26304,1.00,3.00
2016.03.15 03:37:29.021,1.26283,1.26304,1.00,1.00
2016.03.15 03:37:29.122,1.26284,1.26307,1.20,2.40
2016.03.15 03:37:29.173,1.26286,1.26307,1.00,1.20
2016.03.15 03:37:29.684,1.26287,1.26309,1.00,3.00
2016.03.15 03:37:29.989,1.26287,1.26308,1.00,1.12
2016.03.15 03:37:30.294,1.26286,1.26308,1.00,1.82
2016.03.15 03:37:30.345,1.2629,1.26307,1.00,1.27
2016.03.15 03:37:31.456,1.26288,1.26308,1.12,1.50
2016.03.15 03:37:32.052,1.2629,1.26309,1.00,1.50
2016.03.15 03:37:32.103,1.2629,1.26309,1.00,1.12
2016.03.15 03:37:32.357,1.26294,1.26311,2.25,1.10
2016.03.15 03:37:32.661,1.26301,1.26314,1.50,1.21
2016.03.15 03:37:32.863,1.263,1.26315,1.50,1.00
2016.03.15 03:37:32.914,1.26293,1.26315,2.25,1.00
2016.03.15 03:37:33.016,1.26293,1.26315,1.10,1.10
2016.03.15 03:37:33.067,1.26297,1.26315,1.00,1.00
2016.03.15 03:37:33.270,1.263,1.26321,1.00,1.50
2016.03.15 03:37:33.321,1.263,1.26321,1.00,1.12
2016.03.15 03:37:33.833,1.26301,1.26321,1.00,1.00
2016.03.15 03:37:33.935,1.26301,1.26322,1.00,1.47
2016.03.15 03:37:34.037,1.26298,1.26321,2.32,1.75
2016.03.15 03:37:34.192,1.26296,1.26315,2.25,1.12
2016.03.15 03:37:35.056,1.26295,1.26315,1.00,1.47
2016.03.15 03:37:35.632,1.26295,1.26314,1.00,1.12
2016.03.15 03:37:35.683,1.26293,1.26311,1.00,1.12
2016.03.15 03:37:35.735,1.26291,1.26311,2.25,1.50
2016.03.15 03:37:35.786,1.26291,1.26307,1.00,1.00
2016.03.15 03:37:36.294,1.26289,1.26306,1.50,1.00
2016.03.15 03:37:36.813,1.2629,1.26306,1.00,1.00
2016.03.15 03:37:38.993,1.26289,1.26306,2.25,1.00
2016.03.15 03:37:39.456,1.26291,1.26306,1.00,1.00
2016.03.15 03:37:40.013,1.2629,1.26306,1.00,1.00
2016.03.15 03:37:40.316,1.26288,1.26304,1.50,2.25
2016.03.15 03:37:40.570,1.26289,1.26308,1.00,2.25
2016.03.15 03:37:40.776,1.26286,1.26302,1.50,1.00
2016.03.15 03:37:41.081,1.26285,1.26298,1.00,1.20
2016.03.15 03:37:41.385,1.26284,1.26291,1.00,1.00
2016.03.15 03:37:41.581,1.26285,1.26293,1.00,1.12
2016.03.15 03:37:41.632,1.26284,1.2629,1.00,1.00
2016.03.15 03:37:41.785,1.26272,1.2629,1.00,1.00
2016.03.15 03:37:41.836,1.26272,1.26292,1.00,1.12
2016.03.15 03:37:41.939,1.2627,1.26292,1.00,3.37
2016.03.15 03:37:42.091,1.26269,1.26289,1.00,1.00
2016.03.15 03:37:42.598,1.26267,1.26289,1.00,1.87
2016.03.15 03:37:43.105,1.26268,1.26287,1.00,1.00
2016.03.15 03:37:43.493,1.26271,1.26288,1.00,1.10
2016.03.15 03:37:43.746,1.26272,1.2629,1.00,1.00
2016.03.15 03:37:43.949,1.26273,1.26293,1.50,1.50
2016.03.15 03:37:44.495,1.26274,1.26292,1.00,1.00
2016.03.15 03:37:45.061,1.26275,1.26292,1.00,1.00
2016.03.15 03:37:45.466,1.2627,1.26291,2.32,1.12
2016.03.15 03:37:46.016,1.2627,1.26289,1.00,1.57
2016.03.15 03:37:46.522,1.26271,1.26288,1.00,1.00
2016.03.15 03:37:47.202,1.26272,1.26289,1.00,1.57
2016.03.15 03:37:47.717,1.26271,1.26287,1.00,1.00
2016.03.15 03:37:48.223,1.2627,1.26287,1.00,1.00
2016.03.15 03:37:48.527,1.26273,1.26287,1.00,1.00
2016.03.15 03:37:49.037,1.26273,1.26288,1.00,1.50
2016.03.15 03:37:49.189,1.26271,1.26287,1.20,1.00
2016.03.15 03:37:51.024,1.26272,1.26287,1.00,1.00
2016.03.15 03:37:51.229,1.26276,1.2629,1.00,2.62
2016.03.15 03:37:51.331,1.26273,1.26288,1.20,1.00
2016.03.15 03:37:51.433,1.26272,1.26287,1.50,1.00
2016.03.15 03:37:51.939,1.26272,1.26288,1.00,1.00
2016.03.15 03:37:52.142,1.26272,1.26291,1.31,3.00
2016.03.15 03:37:52.193,1.26275,1.26291,1.00,1.50
2016.03.15 03:37:52.709,1.26276,1.26292,1.10,2.62
2016.03.15 03:37:53.735,1.26278,1.26292,1.00,1.12
2016.03.15 03:37:53.887,1.26278,1.26294,1.65,2.25
2016.03.15 03:37:54.394,1.26279,1.26294,1.00,2.25
2016.03.15 03:37:54.911,1.2628,1.26294,1.00,3.00
2016.03.15 03:37:55.316,1.2628,1.26295,1.00,2.25
2016.03.15 03:37:55.570,1.2628,1.26294,1.00,1.85
2016.03.15 03:37:55.774,1.26277,1.26289,1.00,1.50
2016.03.15 03:37:56.299,1.26276,1.2629,1.50,1.57
2016.03.15 03:37:56.452,1.26276,1.26288,1.00,1.00
2016.03.15 03:37:56.503,1.26274,1.26287,1.00,1.00
2016.03.15 03:37:56.554,1.26274,1.26289,2.25,2.25
2016.03.15 03:37:56.706,1.26276,1.26289,1.00,1.50
2016.03.15 03:37:57.010,1.26281,1.26294,1.00,2.62
2016.03.15 03:37:57.385,1.26283,1.26296,1.00,2.70
2016.03.15 03:37:57.892,1.26283,1.26297,1.50,1.20
2016.03.15 03:37:58.783,1.26283,1.26297,2.06,1.95
2016.03.15 03:37:59.087,1.26296,1.26303,1.50,1.50
2016.03.15 03:37:59.190,1.26294,1.26308,1.50,2.81
2016.03.15 03:37:59.293,1.26295,1.26302,1.00,2.06
2016.03.15 03:37:59.395,1.26289,1.26297,1.50,1.00
2016.03.15 03:37:59.498,1.26286,1.26294,1.00,1.31
2016.03.15 03:37:59.753,1.2628,1.26294,2.81,2.25
2016.03.15 03:37:59.905,1.26281,1.26294,2.06,1.57
2016.03.15 03:38:00.410,1.26283,1.26296,1.31,1.47
2016.03.15 03:38:00.918,1.26282,1.26296,1.25,2.22
2016.03.15 03:38:01.172,1.26283,1.26296,1.01,1.87
2016.03.15 03:38:01.273,1.26286,1.263,1.50,2.25
2016.03.15 03:38:01.324,1.26289,1.263,1.00,1.50
2016.03.15 03:38:01.375,1.2629,1.26302,1.00,1.20
2016.03.15 03:38:01.578,1.2629,1.26301,1.50,1.27
2016.03.15 03:38:01.782,1.2628,1.2629,1.00,1.00
2016.03.15 03:38:01.883,1.26278,1.26291,1.00,1.00
2016.03.15 03:38:02.099,1.26282,1.26291,1.50,1.00
2016.03.15 03:38:02.150,1.26283,1.26294,1.00,1.50
2016.03.15 03:38:02.555,1.26282,1.26297,1.50,1.57
2016.03.15 03:38:02.607,1.26285,1.26297,1.00,1.50
2016.03.15 03:38:02.760,1.26287,1.26301,1.00,1.20
2016.03.15 03:38:02.812,1.26287,1.26301,2.25,1.57
2016.03.15 03:38:02.914,1.2629,1.26304,1.50,3.15
2016.03.15 03:38:03.016,1.2629,1.26299,1.00,1.00
2016.03.15 03:38:03.328,1.26278,1.26288,1.00,1.00
2016.03.15 03:38:03.379,1.26275,1.26288,1.50,1.00
2016.03.15 03:38:03.430,1.26275,1.26285,1.50,1.00
2016.03.15 03:38:03.583,1.26274,1.26289,1.50,2.81
2016.03.15 03:38:03.634,1.26274,1.26286,1.00,1.50
2016.03.15 03:38:03.786,1.26271,1.26285,1.50,1.00
2016.03.15 03:38:03.838,1.26271,1.26281,2.25,1.00
2016.03.15 03:38:05.076,1.26269,1.26281,2.25,1.00
2016.03.15 03:38:05.583,1.26269,1.26281,2.52,1.00
2016.03.15 03:38:06.446,1.26269,1.26282,1.77,1.00
2016.03.15 03:38:06.548,1.26269,1.26284,2.52,1.50
2016.03.15 03:38:06.752,1.26274,1.26284,1.00,1.50
2016.03.15 03:38:06.905,1.26276,1.26288,1.00,1.00
2016.03.15 03:38:07.460,1.26276,1.26289,1.50,1.00
2016.03.15 03:38:07.663,1.26278,1.2629,1.00,1.00
2016.03.15 03:38:08.118,1.26276,1.26291,2.25,1.66
2016.03.15 03:38:08.657,1.26277,1.26291,1.00,1.57
2016.03.15 03:38:09.185,1.26276,1.26289,2.25,1.00
2016.03.15 03:38:09.590,1.26277,1.26287,1.00,1.00
2016.03.15 03:38:09.794,1.26274,1.26287,2.25,1.20
2016.03.15 03:38:10.151,1.26274,1.26289,2.25,2.40
2016.03.15 03:38:10.406,1.26274,1.26287,1.50,1.12
2016.03.15 03:38:10.913,1.26274,1.26288,1.50,1.50
2016.03.15 03:38:10.964,1.26274,1.26284,1.50,1.00
2016.03.15 03:38:11.269,1.26267,1.26275,1.50,3.75
2016.03.15 03:38:11.320,1.26262,1.2627,1.50,1.10
2016.03.15 03:38:11.372,1.26262,1.26266,1.50,1.00
2016.03.15 03:38:11.828,1.26256,1.26267,1.00,1.50
2016.03.15 03:38:11.930,1.26256,1.2627,1.00,2.25
2016.03.15 03:38:12.447,1.26259,1.2627,1.00,1.50
2016.03.15 03:38:12.701,1.26255,1.26268,1.00,1.57
2016.03.15 03:38:13.207,1.26255,1.26268,1.00,1.95
2016.03.15 03:38:13.309,1.26252,1.26267,1.50,1.50
2016.03.15 03:38:13.360,1.26252,1.26264,1.00,1.00
2016.03.15 03:38:13.411,1.2625,1.26263,1.57,1.00
2016.03.15 03:38:13.827,1.26251,1.26261,1.00,1.00
2016.03.15 03:38:14.030,1.26249,1.26262,1.20,1.00
2016.03.15 03:38:14.132,1.26252,1.26265,1.00,2.25
2016.03.15 03:38:14.749,1.26252,1.26266,1.00,2.25
2016.03.15 03:38:15.291,1.26251,1.26266,2.25,2.86
2016.03.15 03:38:15.596,1.26253,1.26265,2.25,1.06
2016.03.15 03:38:15.899,1.26253,1.26268,2.25,1.65
2016.03.15 03:38:16.426,1.26254,1.26268,1.00,1.65
2016.03.15 03:38:16.943,1.26253,1.26268,3.00,2.25
2016.03.15 03:38:17.461,1.26254,1.26268,1.00,2.25
2016.03.15 03:38:17.838,1.26253,1.26266,3.00,1.00
2016.03.15 03:38:18.245,1.26253,1.26263,1.50,1.00
2016.03.15 03:38:18.398,1.26251,1.26264,2.25,1.50
2016.03.15 03:38:18.499,1.26251,1.26264,2.25,1.87
2016.03.15 03:38:19.035,1.26252,1.26263,1.00,1.00
2016.03.15 03:38:19.293,1.26248,1.2626,1.00,3.37
2016.03.15 03:38:19.346,1.26245,1.26256,1.50,1.00
2016.03.15 03:38:19.651,1.26233,1.26237,1.00,1.50
2016.03.15 03:38:19.703,1.26224,1.26237,1.00,1.50
2016.03.15 03:38:19.805,1.26221,1.26234,1.50,1.50
2016.03.15 03:38:20.008,1.26214,1.26228,1.00,1.50
2016.03.15 03:38:20.059,1.26213,1.26225,1.00,2.25
2016.03.15 03:38:20.363,1.26209,1.2622,1.00,1.50
2016.03.15 03:38:20.618,1.26206,1.26221,1.00,2.25
2016.03.15 03:38:20.670,1.26209,1.26222,1.37,2.25
2016.03.15 03:38:20.823,1.26204,1.26224,4.50,1.47
2016.03.15 03:38:20.975,1.26207,1.26225,1.67,1.82
2016.03.15 03:38:21.077,1.26215,1.26226,1.00,1.00
2016.03.15 03:38:21.179,1.26212,1.26225,1.00,1.87
2016.03.15 03:38:21.351,1.26211,1.26224,1.00,1.75
2016.03.15 03:38:21.453,1.26208,1.26221,1.50,1.20
2016.03.15 03:38:21.606,1.26204,1.26222,1.10,1.57
2016.03.15 03:38:21.658,1.26204,1.26215,1.10,1.00
2016.03.15 03:38:21.760,1.26203,1.26219,1.50,1.10
2016.03.15 03:38:21.811,1.26203,1.26219,1.75,1.00
2016.03.15 03:38:22.116,1.26213,1.26229,1.75,3.15
2016.03.15 03:38:22.168,1.26215,1.26229,1.87,2.25
2016.03.15 03:38:22.321,1.26219,1.26233,1.00,1.50
2016.03.15 03:38:22.545,1.26221,1.26231,1.00,1.50
2016.03.15 03:38:22.802,1.26231,1.26245,1.50,1.50
2016.03.15 03:38:22.853,1.26235,1.26245,1.00,3.00
2016.03.15 03:38:23.058,1.26243,1.26254,1.20,2.25
2016.03.15 03:38:23.261,1.26244,1.2626,3.07,1.00
2016.03.15 03:38:23.363,1.26247,1.26258,1.00,3.37
2016.03.15 03:38:23.414,1.2624,1.26253,1.50,1.12
2016.03.15 03:38:23.611,1.26236,1.26254,2.70,1.87
2016.03.15 03:38:23.815,1.26237,1.26252,1.50,2.25
2016.03.15 03:38:23.968,1.26237,1.26252,1.00,1.00
2016.03.15 03:38:24.020,1.26235,1.26248,1.00,1.00
2016.03.15 03:38:24.173,1.26233,1.26248,1.50,1.00
2016.03.15 03:38:24.224,1.26233,1.26247,1.50,1.12
2016.03.15 03:38:24.326,1.2623,1.26245,1.50,1.00
2016.03.15 03:38:24.579,1.2623,1.26245,1.50,1.50
2016.03.15 03:38:24.938,1.26231,1.26246,1.00,1.20
2016.03.15 03:38:25.394,1.26228,1.26245,1.00,2.80
2016.03.15 03:38:25.446,1.26228,1.26241,1.00,1.87
2016.03.15 03:38:25.548,1.26221,1.26236,1.50,1.95
2016.03.15 03:38:25.599,1.26221,1.26232,1.50,1.00
2016.03.15 03:38:25.802,1.26217,1.2623,1.00,1.50
2016.03.15 03:38:26.316,1.26217,1.26232,1.10,1.50
2016.03.15 03:38:26.833,1.26218,1.26232,1.00,1.20
2016.03.15 03:38:27.368,1.26213,1.26227,1.50,1.50
2016.03.15 03:38:27.420,1.26213,1.26227,1.50,1.50
2016.03.15 03:38:27.624,1.26207,1.26227,4.20,1.00
2016.03.15 03:38:27.676,1.26208,1.26223,1.00,1.00
2016.03.15 03:38:27.980,1.26206,1.26223,1.00,1.50
2016.03.15 03:38:28.032,1.26206,1.26221,1.00,1.00
2016.03.15 03:38:28.336,1.26204,1.26218,1.00,1.00
2016.03.15 03:38:28.560,1.26199,1.26215,1.20,1.00
2016.03.15 03:38:28.661,1.26198,1.26211,1.50,1.00
2016.03.15 03:38:28.814,1.26187,1.26202,1.50,1.10
2016.03.15 03:38:28.865,1.26186,1.26198,1.00,1.50
2016.03.15 03:38:29.017,1.26177,1.26193,1.87,1.75
2016.03.15 03:38:29.068,1.26177,1.26187,1.12,1.00
2016.03.15 03:38:29.170,1.26178,1.2619,1.10,1.00
2016.03.15 03:38:29.372,1.26181,1.26189,1.00,1.00
2016.03.15 03:38:29.423,1.26181,1.26193,1.00,1.10
2016.03.15 03:38:29.632,1.26178,1.26194,1.57,1.20
2016.03.15 03:38:29.734,1.2618,1.26194,2.62,1.12
2016.03.15 03:38:29.835,1.26185,1.26197,1.50,1.10
2016.03.15 03:38:29.988,1.26185,1.26199,1.95,1.00
2016.03.15 03:38:30.090,1.26184,1.262,1.00,1.00
2016.03.15 03:38:30.191,1.26186,1.26199,1.00,1.00
2016.03.15 03:38:30.293,1.2618,1.26199,3.15,1.00
2016.03.15 03:38:30.344,1.2618,1.26195,1.65,1.00
2016.03.15 03:38:30.652,1.26189,1.26204,2.62,2.40
2016.03.15 03:38:30.976,1.26222,1.26224,1.37,2.25
2016.03.15 03:38:31.079,1.26231,1.26235,1.10,1.00
2016.03.15 03:38:31.183,1.26241,1.26243,1.00,1.00
2016.03.15 03:38:31.234,1.26244,1.26246,1.50,1.00
2016.03.15 03:38:31.336,1.26245,1.26253,2.25,1.10
2016.03.15 03:38:31.387,1.26245,1.26253,3.00,1.00
2016.03.15 03:38:31.438,1.26248,1.26265,1.10,1.40
2016.03.15 03:38:31.535,1.26253,1.26268,1.20,2.25
2016.03.15 03:38:31.839,1.26251,1.26266,1.12,1.20
2016.03.15 03:38:31.941,1.2625,1.26267,2.40,1.75
2016.03.15 03:38:32.194,1.2625,1.26262,1.50,1.00
2016.03.15 03:38:32.245,1.26246,1.26261,1.10,1.50
2016.03.15 03:38:32.296,1.26243,1.26247,1.00,1.50
2016.03.15 03:38:32.449,1.26235,1.26243,1.00,1.00
2016.03.15 03:38:32.500,1.26225,1.2624,1.57,2.25
2016.03.15 03:38:32.597,1.26224,1.26234,1.50,1.10
2016.03.15 03:38:32.649,1.26217,1.26234,1.00,1.10
2016.03.15 03:38:32.700,1.26215,1.26232,2.32,1.00
2016.03.15 03:38:32.852,1.26212,1.26231,1.00,1.00
2016.03.15 03:38:32.954,1.26211,1.26227,1.00,1.00
2016.03.15 03:38:33.259,1.26209,1.26224,1.00,1.00
2016.03.15 03:38:33.563,1.26205,1.2622,1.65,1.00
2016.03.15 03:38:33.716,1.26206,1.26222,1.00,1.00
2016.03.15 03:38:33.919,1.26206,1.26222,1.50,1.00
2016.03.15 03:38:34.223,1.26198,1.26214,1.12,1.50
2016.03.15 03:38:34.528,1.26197,1.26213,1.20,1.00
2016.03.15 03:38:34.883,1.26197,1.26213,1.57,1.00
2016.03.15 03:38:34.993,1.262,1.26218,1.50,1.57
2016.03.15 03:38:35.146,1.26202,1.26218,1.87,1.57
2016.03.15 03:38:35.450,1.2621,1.26224,1.65,1.57
2016.03.15 03:38:35.552,1.26211,1.26226,1.10,1.50
2016.03.15 03:38:35.603,1.26211,1.26224,1.10,1.00
2016.03.15 03:38:35.856,1.26215,1.26229,1.57,1.00
2016.03.15 03:38:35.958,1.26218,1.26231,1.00,1.95
2016.03.15 03:38:36.119,1.26225,1.26239,1.50,1.50
2016.03.15 03:38:36.170,1.2623,1.26242,1.00,1.65
2016.03.15 03:38:36.272,1.26232,1.26247,1.00,1.20
2016.03.15 03:38:36.373,1.26234,1.2625,1.00,1.57
2016.03.15 03:38:36.577,1.26233,1.26249,1.00,2.62
2016.03.15 03:38:36.881,1.26225,1.26232,1.00,1.50
2016.03.15 03:38:36.982,1.26216,1.26229,1.10,1.00
2016.03.15 03:38:37.033,1.26216,1.26227,1.00,1.00
2016.03.15 03:38:37.084,1.26211,1.26226,1.10,1.12
2016.03.15 03:38:37.136,1.26211,1.26221,1.00,1.00
2016.03.15 03:38:37.187,1.26206,1.26221,1.00,1.00
2016.03.15 03:38:37.322,1.26206,1.26223,1.57,1.12
2016.03.15 03:38:37.830,1.26206,1.26221,1.00,1.10
2016.03.15 03:38:38.337,1.26206,1.26223,1.00,2.25
2016.03.15 03:38:38.439,1.26208,1.26225,1.12,3.82
2016.03.15 03:38:38.495,1.26208,1.26225,1.87,3.45
2016.03.15 03:38:38.547,1.26212,1.26227,1.50,1.75
2016.03.15 03:38:38.598,1.26212,1.26228,2.25,1.20
2016.03.15 03:38:38.801,1.26215,1.2623,1.00,3.15
2016.03.15 03:38:39.359,1.26216,1.2623,1.00,1.65
2016.03.15 03:38:39.870,1.26216,1.26231,1.20,1.20
2016.03.15 03:38:41.097,1.26218,1.26232,1.10,1.12
2016.03.15 03:38:41.148,1.26219,1.26238,1.00,2.62
2016.03.15 03:38:41.199,1.26222,1.26238,1.75,1.20
2016.03.15 03:38:41.705,1.26223,1.26238,1.00,2.25
2016.03.15 03:38:41.858,1.26222,1.26241,1.00,2.40
2016.03.15 03:38:41.960,1.26225,1.2624,1.00,1.27
2016.03.15 03:38:42.506,1.26225,1.26243,1.50,2.55
2016.03.15 03:38:43.935,1.26227,1.26243,1.12,1.80
2016.03.15 03:38:44.241,1.26235,1.26246,1.00,2.02
2016.03.15 03:38:44.292,1.26232,1.26241,1.00,1.65
2016.03.15 03:38:44.393,1.26226,1.26231,1.50,1.00
2016.03.15 03:38:44.496,1.26224,1.26228,1.50,1.00
2016.03.15 03:38:44.598,1.26212,1.26228,1.75,1.75
2016.03.15 03:38:44.650,1.2621,1.26225,1.50,1.75
2016.03.15 03:38:44.927,1.26218,1.26225,1.00,3.00
2016.03.15 03:38:44.979,1.26221,1.2623,1.50,3.75
2016.03.15 03:38:45.081,1.26212,1.2623,1.00,2.32
2016.03.15 03:38:45.184,1.26215,1.26231,1.00,1.00
2016.03.15 03:38:45.488,1.26224,1.26238,1.65,1.20
2016.03.15 03:38:45.792,1.26229,1.26243,1.00,1.42
2016.03.15 03:38:46.300,1.26228,1.26239,5.41,1.00
2016.03.15 03:38:46.553,1.26229,1.26239,2.26,1.00
2016.03.15 03:38:47.059,1.26228,1.26241,4.51,1.00
2016.03.15 03:38:47.253,1.26231,1.26241,2.26,1.00
2016.03.15 03:38:47.355,1.26229,1.26241,2.26,1.00
2016.03.15 03:38:47.456,1.26231,1.26241,2.26,1.00
2016.03.15 03:38:47.660,1.2623,1.26243,1.00,1.10
2016.03.15 03:38:48.016,1.26231,1.26238,1.00,1.00
2016.03.15 03:38:48.369,1.26214,1.26217,1.00,1.87
2016.03.15 03:38:48.420,1.2621,1.26217,1.00,2.25
2016.03.15 03:38:48.573,1.26203,1.26215,1.48,1.10
2016.03.15 03:38:48.675,1.26202,1.26215,1.61,2.25
2016.03.15 03:38:48.980,1.26207,1.26216,1.48,1.00
2016.03.15 03:38:49.031,1.26207,1.2622,1.48,1.20
2016.03.15 03:38:49.583,1.26208,1.26221,1.48,1.00
2016.03.15 03:38:50.090,1.26208,1.26222,1.48,2.40
2016.03.15 03:38:50.495,1.26208,1.26221,1.00,1.65
2016.03.15 03:38:51.317,1.26208,1.2622,1.00,1.65
2016.03.15 03:38:51.521,1.26206,1.26219,1.50,1.50
2016.03.15 03:38:51.875,1.26207,1.26221,1.50,2.40
2016.03.15 03:38:51.926,1.26209,1.26221,1.00,2.02
2016.03.15 03:38:52.842,1.26208,1.26221,1.50,1.65
2016.03.15 03:38:53.146,1.2621,1.26224,1.50,1.60
2016.03.15 03:38:53.551,1.26214,1.26223,1.00,1.40
2016.03.15 03:38:53.734,1.26212,1.26225,2.25,3.30
2016.03.15 03:38:53.836,1.2621,1.26219,1.50,1.00
2016.03.15 03:38:54.342,1.26211,1.26222,1.00,1.30
2016.03.15 03:38:55.042,1.26214,1.26222,1.00,2.02
2016.03.15 03:38:55.194,1.26212,1.26221,1.00,1.30
2016.03.15 03:38:55.700,1.26212,1.26221,1.00,1.35
2016.03.15 03:38:56.292,1.26211,1.26222,1.00,1.30
2016.03.15 03:38:56.436,1.26215,1.26224,1.00,1.65
2016.03.15 03:38:56.487,1.26215,1.26226,2.25,1.00
2016.03.15 03:38:56.589,1.26218,1.26231,1.12,1.75
2016.03.15 03:38:56.640,1.26219,1.26232,1.27,1.00
2016.03.15 03:38:56.691,1.26227,1.26232,1.00,1.00
2016.03.15 03:38:56.743,1.26231,1.26237,1.00,1.50
2016.03.15 03:38:56.794,1.26231,1.26239,2.25,1.10
2016.03.15 03:38:56.845,1.26237,1.26244,1.12,1.50
2016.03.15 03:38:56.947,1.26241,1.26252,1.00,2.25
2016.03.15 03:38:57.049,1.26243,1.26255,1.00,1.65
2016.03.15 03:38:57.201,1.26244,1.26257,1.50,1.00
2016.03.15 03:38:57.557,1.26244,1.2626,3.07,1.50
2016.03.15 03:38:57.609,1.26246,1.26262,1.20,1.95
2016.03.15 03:38:57.913,1.26248,1.26262,1.20,1.00
2016.03.15 03:38:58.116,1.26249,1.26265,1.57,1.95
2016.03.15 03:38:58.519,1.2625,1.26263,3.00,1.00
2016.03.15 03:38:59.429,1.26249,1.26263,3.00,1.12
2016.03.15 03:38:59.480,1.26249,1.26263,1.50,1.50
2016.03.15 03:39:00.021,1.26247,1.26263,1.50,3.00
2016.03.15 03:39:00.476,1.26247,1.2626,1.57,1.00
2016.03.15 03:39:00.781,1.26242,1.26253,1.10,1.00
2016.03.15 03:39:01.328,1.26241,1.26254,2.25,1.00
2016.03.15 03:39:01.884,1.26241,1.26257,2.25,1.65
2016.03.15 03:39:02.036,1.26246,1.26257,1.00,1.20
2016.03.15 03:39:02.138,1.26246,1.26261,3.00,1.00
2016.03.15 03:39:02.240,1.26247,1.26264,1.50,1.50
2016.03.15 03:39:02.291,1.26247,1.26264,1.87,1.12
2016.03.15 03:39:02.347,1.26253,1.26267,1.00,1.50
2016.03.15 03:39:02.501,1.26254,1.26268,1.10,1.57
2016.03.15 03:39:02.603,1.26254,1.26266,1.10,1.00
2016.03.15 03:39:02.907,1.2625,1.26267,3.00,1.20
2016.03.15 03:39:02.959,1.2625,1.26266,3.07,1.50
2016.03.15 03:39:03.010,1.2625,1.26266,1.20,5.25
2016.03.15 03:39:03.314,1.26248,1.26262,1.20,1.00
2016.03.15 03:39:03.837,1.26249,1.26263,1.10,1.57
2016.03.15 03:39:04.344,1.26249,1.26262,1.20,1.00
2016.03.15 03:39:04.445,1.26249,1.26264,1.20,2.32
2016.03.15 03:39:04.648,1.2625,1.26262,1.10,1.00
2016.03.15 03:39:04.851,1.2625,1.26264,1.20,1.00
2016.03.15 03:39:05.357,1.26252,1.26264,1.00,1.00
2016.03.15 03:39:05.459,1.26252,1.26266,1.00,1.57
2016.03.15 03:39:06.002,1.26252,1.26266,1.50,1.50
2016.03.15 03:39:06.256,1.26253,1.26268,1.87,2.25
2016.03.15 03:39:06.357,1.26257,1.26269,1.00,1.00
2016.03.15 03:39:06.578,1.26259,1.26273,1.50,2.25
2016.03.15 03:39:07.085,1.26259,1.26273,1.10,1.10
2016.03.15 03:39:07.394,1.26261,1.26274,1.00,1.10
2016.03.15 03:39:07.896,1.26262,1.26277,1.65,1.12
2016.03.15 03:39:07.947,1.26262,1.26275,1.65,1.00
2016.03.15 03:39:08.353,1.26262,1.26277,3.00,2.40
2016.03.15 03:39:09.540,1.26261,1.26275,3.00,1.00
2016.03.15 03:39:10.255,1.26261,1.26275,1.20,2.25
2016.03.15 03:39:10.763,1.26261,1.26276,3.45,3.07
2016.03.15 03:39:11.329,1.26266,1.26276,1.00,1.50
2016.03.15 03:39:11.532,1.26265,1.26278,1.20,1.00
2016.03.15 03:39:12.210,1.26265,1.26275,1.20,1.00
2016.03.15 03:39:12.565,1.26265,1.26278,1.20,1.50
2016.03.15 03:39:13.086,1.26265,1.26278,1.50,1.50
2016.03.15 03:39:13.744,1.26265,1.26278,3.37,1.00
2016.03.15 03:39:13.947,1.26269,1.26281,1.57,1.00
2016.03.15 03:39:14.049,1.26269,1.26283,3.37,1.50
2016.03.15 03:39:14.597,1.2627,1.26283,1.00,1.87
2016.03.15 03:39:15.104,1.26268,1.26283,2.25,1.50
2016.03.15 03:39:15.155,1.26268,1.26283,2.62,1.87
2016.03.15 03:39:15.661,1.2627,1.26284,1.50,1.00
2016.03.15 03:39:15.916,1.26271,1.26284,1.87,1.00
2016.03.15 03:39:16.119,1.26273,1.26289,2.25,3.00
2016.03.15 03:39:16.625,1.26274,1.26289,1.00,3.37
2016.03.15 03:39:17.153,1.26275,1.26289,1.10,2.62
2016.03.15 03:39:18.013,1.26273,1.26289,1.87,3.07
2016.03.15 03:39:18.252,1.26273,1.26287,1.10,1.00
2016.03.15 03:39:18.860,1.26272,1.26286,3.75,1.00
2016.03.15 03:39:19.366,1.26272,1.26285,3.75,1.12
2016.03.15 03:39:19.485,1.26272,1.26287,3.00,3.75
2016.03.15 03:39:19.992,1.26272,1.26286,1.12,1.50
2016.03.15 03:39:20.498,1.26272,1.26286,2.25,1.50
2016.03.15 03:39:21.011,1.26274,1.26286,1.00,1.00
2016.03.15 03:39:21.063,1.26275,1.26288,1.50,1.50
2016.03.15 03:39:21.114,1.26281,1.26288,1.00,1.00
2016.03.15 03:39:21.166,1.26281,1.2629,1.00,1.50
2016.03.15 03:39:21.218,1.26281,1.26294,1.37,1.50
2016.03.15 03:39:21.573,1.2628,1.26294,1.50,2.62
2016.03.15 03:39:22.116,1.2628,1.26293,3.94,1.00
2016.03.15 03:39:22.319,1.2628,1.26294,3.94,1.50
2016.03.15 03:39:22.929,1.26281,1.26294,1.00,1.50
2016.03.15 03:39:23.562,1.26281,1.26294,1.87,1.50
2016.03.15 03:39:24.068,1.26282,1.26294,1.69,1.50
2016.03.15 03:39:24.322,1.26281,1.26294,1.12,1.50
2016.03.15 03:39:24.840,1.2628,1.26294,3.52,2.25
2016.03.15 03:39:24.992,1.2628,1.26294,1.65,3.00
2016.03.15 03:39:25.144,1.2628,1.26292,3.37,1.00
2016.03.15 03:39:25.650,1.2628,1.26291,1.50,1.50
2016.03.15 03:39:27.536,1.26284,1.26291,1.00,1.50
2016.03.15 03:39:28.256,1.26282,1.26291,1.81,1.50
2016.03.15 03:39:28.762,1.26281,1.26291,1.81,1.50
2016.03.15 03:39:29.328,1.26282,1.26291,1.81,1.50
2016.03.15 03:39:29.660,1.2628,1.26291,1.97,1.50
2016.03.15 03:39:29.762,1.2628,1.26291,1.97,1.50
2016.03.15 03:39:30.294,1.26279,1.26291,1.97,1.50
2016.03.15 03:39:30.829,1.26279,1.26291,1.97,1.50
2016.03.15 03:39:31.485,1.2628,1.26291,1.87,1.50
2016.03.15 03:39:32.193,1.2628,1.26291,2.62,1.50
2016.03.15 03:39:32.702,1.26279,1.26291,2.70,1.50
2016.03.15 03:39:33.211,1.2628,1.2629,2.70,1.50
2016.03.15 03:39:33.739,1.26279,1.2629,1.10,1.50
2016.03.15 03:39:34.245,1.26278,1.2629,1.50,1.50
2016.03.15 03:39:34.780,1.26278,1.26291,1.50,3.00
2016.03.15 03:39:35.487,1.26278,1.2629,1.50,1.50
2016.03.15 03:39:35.999,1.26278,1.26291,1.50,3.00
2016.03.15 03:39:36.505,1.26276,1.2629,4.20,2.25
2016.03.15 03:39:36.708,1.2628,1.2629,1.00,1.00
2016.03.15 03:39:40.126,1.2628,1.2629,1.00,4.95
2016.03.15 03:39:40.431,1.26278,1.26285,1.50,1.50
2016.03.15 03:39:40.584,1.26276,1.26285,1.20,1.50
2016.03.15 03:39:40.736,1.26275,1.26282,1.50,1.00
2016.03.15 03:39:40.788,1.26272,1.2628,2.32,2.25
2016.03.15 03:39:40.839,1.26272,1.26277,1.00,1.00
2016.03.15 03:39:40.890,1.2627,1.26277,1.00,1.00
2016.03.15 03:39:41.114,1.2627,1.26275,1.00,1.00
2016.03.15 03:39:41.417,1.26262,1.26272,2.40,1.50
2016.03.15 03:39:42.024,1.26263,1.26272,1.00,1.50
2016.03.15 03:39:42.369,1.2626,1.2627,3.00,1.50
2016.03.15 03:39:42.420,1.2626,1.26267,1.50,1.00
2016.03.15 03:39:42.521,1.26258,1.26266,1.00,1.00
2016.03.15 03:39:42.724,1.26256,1.26266,1.50,1.00
2016.03.15 03:39:43.451,1.26256,1.26267,1.00,1.00
2016.03.15 03:39:44.000,1.26257,1.26267,1.00,1.00
2016.03.15 03:39:45.002,1.26257,1.26267,2.62,1.00
2016.03.15 03:39:45.053,1.26258,1.26267,1.00,1.00
2016.03.15 03:39:45.104,1.26259,1.26269,1.00,1.12
2016.03.15 03:39:45.488,1.26259,1.26265,1.00,1.00
2016.03.15 03:39:45.541,1.26255,1.26265,1.50,1.50
2016.03.15 03:39:46.761,1.26256,1.26265,1.00,1.50
2016.03.15 03:39:47.421,1.26257,1.26265,1.00,1.50
2016.03.15 03:39:47.948,1.26256,1.26266,1.50,1.50
2016.03.15 03:39:48.489,1.26255,1.26265,1.50,1.00
2016.03.15 03:39:48.945,1.26255,1.26263,1.00,1.00
2016.03.15 03:39:49.046,1.26252,1.26262,2.25,1.00
2016.03.15 03:39:49.581,1.26252,1.26261,1.00,1.50
2016.03.15 03:39:50.122,1.26251,1.26261,2.25,1.50
2016.03.15 03:39:50.636,1.26251,1.2626,1.00,1.50
2016.03.15 03:39:50.687,1.26249,1.2626,1.00,2.25
2016.03.15 03:39:51.233,1.26247,1.26259,2.62,1.50
2016.03.15 03:39:51.787,1.26249,1.26259,1.50,1.50
2016.03.15 03:39:52.243,1.26249,1.26257,1.12,1.00
2016.03.15 03:39:52.547,1.26251,1.26257,1.00,1.50
2016.03.15 03:39:53.067,1.2625,1.26257,1.00,1.50
2016.03.15 03:39:54.784,1.2625,1.26259,1.50,1.50
2016.03.15 03:39:54.987,1.26252,1.26259,1.00,1.50
2016.03.15 03:39:55.424,1.26256,1.26261,1.00,1.00
2016.03.15 03:39:55.475,1.26256,1.26264,1.00,2.25
2016.03.15 03:39:55.989,1.26257,1.26264,1.00,1.50
2016.03.15 03:39:56.395,1.26257,1.26266,1.00,1.00
2016.03.15 03:39:57.743,1.26256,1.26266,2.32,1.00
2016.03.15 03:39:58.357,1.26257,1.26266,1.00,1.00
2016.03.15 03:39:58.863,1.26256,1.26266,2.25,1.00
2016.03.15 03:39:59.280,1.26256,1.26266,1.00,1.37
2016.03.15 03:39:59.381,1.26256,1.26266,1.00,1.00
2016.03.15 03:39:59.550,1.26256,1.26264,1.00,1.50
2016.03.15 03:39:59.854,1.26249,1.26251,1.00,1.00
2016.03.15 03:39:59.906,1.26242,1.2625,2.25,1.50
2016.03.15 03:40:00.008,1.26242,1.2625,1.27,3.00
2016.03.15 03:40:00.211,1.26237,1.26247,1.50,2.25
2016.03.15 03:40:00.262,1.26237,1.26244,1.00,1.50
2016.03.15 03:40:00.314,1.26233,1.26243,1.00,1.50
2016.03.15 03:40:00.365,1.26233,1.2624,1.00,1.00
2016.03.15 03:40:00.616,1.26226,1.26234,1.00,1.50
2016.03.15 03:40:00.718,1.26223,1.26233,1.50,1.50
2016.03.15 03:40:00.769,1.26223,1.26229,1.00,1.00
2016.03.15 03:40:00.821,1.26218,1.26228,1.10,1.00
2016.03.15 03:40:00.872,1.26218,1.26225,1.00,1.00
2016.03.15 03:40:00.923,1.26215,1.26225,2.62,1.50
2016.03.15 03:40:01.025,1.26214,1.26224,2.25,3.00
2016.03.15 03:40:01.127,1.26215,1.26224,1.39,1.50
2016.03.15 03:40:01.229,1.26215,1.2623,1.12,2.62
2016.03.15 03:40:01.280,1.26213,1.26225,1.37,1.50
2016.03.15 03:40:01.331,1.26213,1.26225,1.00,1.50
2016.03.15 03:40:01.484,1.26207,1.26223,3.37,1.00
2016.03.15 03:40:01.557,1.26207,1.26223,1.95,1.57
2016.03.15 03:40:01.608,1.26206,1.26223,2.62,4.57
2016.03.15 03:40:01.913,1.26204,1.26217,1.12,1.00
2016.03.15 03:40:02.066,1.26198,1.26212,1.00,1.20
2016.03.15 03:40:02.117,1.26196,1.26212,1.47,2.14
2016.03.15 03:40:02.423,1.26204,1.26211,1.50,1.00
2016.03.15 03:40:02.575,1.26205,1.26213,1.50,1.12
2016.03.15 03:40:02.679,1.26203,1.26214,1.87,1.00
2016.03.15 03:40:02.832,1.26203,1.26214,3.37,1.00
2016.03.15 03:40:02.883,1.26204,1.26217,1.12,1.00
2016.03.15 03:40:02.934,1.26205,1.26219,2.25,1.00
2016.03.15 03:40:03.036,1.26206,1.26221,1.57,1.87
2016.03.15 03:40:03.391,1.26207,1.26218,1.12,1.00
2016.03.15 03:40:03.746,1.26206,1.26217,1.50,1.00
2016.03.15 03:40:04.029,1.26203,1.26215,3.00,1.50
2016.03.15 03:40:04.081,1.26203,1.26213,3.00,1.00
2016.03.15 03:40:04.233,1.26207,1.26213,1.00,1.50
2016.03.15 03:40:04.740,1.26206,1.26213,1.00,1.50
2016.03.15 03:40:05.250,1.26204,1.26213,2.62,1.50
2016.03.15 03:40:06.332,1.26205,1.26215,4.20,1.00
2016.03.15 03:40:06.850,1.26206,1.26216,1.50,1.00
2016.03.15 03:40:07.666,1.2621,1.26216,1.00,1.00
2016.03.15 03:40:08.210,1.26209,1.26216,1.00,1.00
2016.03.15 03:40:08.622,1.2621,1.26219,3.00,1.00
2016.03.15 03:40:08.724,1.26212,1.26222,2.32,1.00
2016.03.15 03:40:08.976,1.26215,1.26225,2.25,2.25
2016.03.15 03:40:09.031,1.26219,1.26229,1.50,2.25
2016.03.15 03:40:09.336,1.26226,1.26231,1.50,1.00
2016.03.15 03:40:09.438,1.26229,1.26236,1.50,1.00
2016.03.15 03:40:09.490,1.26233,1.26236,1.00,1.00
2016.03.15 03:40:09.592,1.26238,1.26243,1.00,1.00
2016.03.15 03:40:09.643,1.26238,1.26246,1.50,1.00
2016.03.15 03:40:09.694,1.2624,1.26248,1.00,1.00
2016.03.15 03:40:09.746,1.2624,1.2625,3.00,1.50
2016.03.15 03:40:09.797,1.26243,1.2625,1.00,1.00
2016.03.15 03:40:09.949,1.26245,1.26254,1.50,2.25
2016.03.15 03:40:10.422,1.26244,1.26252,2.02,1.00
2016.03.15 03:40:10.524,1.26253,1.26265,1.50,1.00
2016.03.15 03:40:10.576,1.26257,1.26265,1.00,1.00
2016.03.15 03:40:10.628,1.26257,1.2627,1.00,1.10
2016.03.15 03:40:10.730,1.26259,1.26271,1.50,1.00
2016.03.15 03:40:11.048,1.26265,1.26278,4.87,1.00
2016.03.15 03:40:11.200,1.26265,1.26278,2.77,1.50
2016.03.15 03:40:11.303,1.26265,1.26276,1.50,1.00
2016.03.15 03:40:11.607,1.26263,1.26274,1.00,1.00
2016.03.15 03:40:11.658,1.26261,1.26274,2.40,1.00
2016.03.15 03:40:12.166,1.2626,1.26273,3.37,1.00
2016.03.15 03:40:12.579,1.2626,1.26272,1.87,1.12
2016.03.15 03:40:12.884,1.26257,1.26266,1.00,1.20
2016.03.15 03:40:13.138,1.26246,1.2626,1.50,2.32
2016.03.15 03:40:13.239,1.26246,1.26259,1.00,1.85
2016.03.15 03:40:13.544,1.26239,1.26247,1.00,1.00
2016.03.15 03:40:13.647,1.26234,1.26247,1.87,1.00
2016.03.15 03:40:14.156,1.26234,1.26246,1.00,1.00
2016.03.15 03:40:14.663,1.26232,1.26247,2.70,1.50
2016.03.15 03:40:15.173,1.26232,1.26246,1.95,1.00
2016.03.15 03:40:15.427,1.26233,1.26247,2.32,1.00
2016.03.15 03:40:15.731,1.26234,1.26245,1.07,1.00
2016.03.15 03:40:15.832,1.26231,1.26243,1.87,1.00
2016.03.15 03:40:16.187,1.2623,1.26242,1.00,1.00
2016.03.15 03:40:16.650,1.26231,1.26242,1.37,1.00
2016.03.15 03:40:16.752,1.26231,1.26244,1.12,1.00
2016.03.15 03:40:17.345,1.26231,1.26244,1.47,1.50
2016.03.15 03:40:17.656,1.2623,1.26241,3.07,3.00
2016.03.15 03:40:17.980,1.2623,1.2624,2.70,2.25
2016.03.15 03:40:18.487,1.26232,1.26241,1.45,2.25
2016.03.15 03:40:18.892,1.26232,1.2624,1.82,2.25
2016.03.15 03:40:18.993,1.26233,1.2624,1.20,2.25
2016.03.15 03:40:19.540,1.2623,1.2624,3.37,2.25
2016.03.15 03:40:20.097,1.26231,1.26241,1.07,2.25
2016.03.15 03:40:20.603,1.26231,1.2624,1.87,2.25
2016.03.15 03:40:21.130,1.2623,1.2624,3.37,2.25
2016.03.15 03:40:21.333,1.26229,1.2624,2.32,2.25
2016.03.15 03:40:21.872,1.26229,1.26241,2.32,2.25
2016.03.15 03:40:22.416,1.26229,1.2624,2.32,2.25
2016.03.15 03:40:22.676,1.26229,1.26236,1.57,1.00
2016.03.15 03:40:22.879,1.26216,1.26226,4.50,3.00
2016.03.15 03:40:22.981,1.26216,1.26221,3.75,2.25
2016.03.15 03:40:23.032,1.26211,1.26221,4.12,2.25
2016.03.15 03:40:23.083,1.26211,1.26225,3.00,3.75
2016.03.15 03:40:23.236,1.2621,1.26223,1.87,1.12
2016.03.15 03:40:23.287,1.26207,1.26223,2.25,1.50
2016.03.15 03:40:23.535,1.26205,1.2622,2.62,1.00
2016.03.15 03:40:23.688,1.262,1.26216,1.75,1.20
2016.03.15 03:40:23.739,1.26201,1.26214,1.45,1.12
2016.03.15 03:40:24.043,1.26197,1.2621,1.95,1.10
2016.03.15 03:40:24.145,1.26195,1.2621,2.70,1.10
2016.03.15 03:40:24.247,1.26195,1.26209,1.95,1.12
2016.03.15 03:40:24.551,1.26198,1.2621,1.37,1.12
2016.03.15 03:40:24.652,1.26205,1.26215,1.50,1.00
2016.03.15 03:40:24.766,1.26211,1.26222,1.00,1.87
2016.03.15 03:40:24.919,1.2621,1.26225,2.25,1.00
2016.03.15 03:40:24.970,1.26213,1.26227,1.00,1.12
2016.03.15 03:40:25.021,1.26213,1.26224,1.00,1.50
2016.03.15 03:40:25.072,1.2621,1.26224,1.87,3.00
2016.03.15 03:40:25.123,1.2621,1.2622,1.00,1.50
2016.03.15 03:40:25.276,1.26202,1.26217,2.77,1.00
2016.03.15 03:40:25.327,1.26205,1.26211,1.00,1.00
2016.03.15 03:40:25.479,1.26201,1.2621,1.50,1.00
2016.03.15 03:40:25.581,1.26195,1.26208,1.87,1.00
2016.03.15 03:40:25.684,1.26195,1.2621,1.95,1.20
2016.03.15 03:40:25.990,1.2621,1.26221,2.25,1.50
2016.03.15 03:40:26.041,1.26214,1.26224,1.50,1.00
2016.03.15 03:40:26.144,1.26215,1.2623,2.25,1.50
2016.03.15 03:40:26.195,1.2622,1.2623,1.50,1.50
2016.03.15 03:40:26.348,1.26225,1.26235,1.50,1.50
2016.03.15 03:40:26.551,1.26226,1.2624,1.50,1.50
2016.03.15 03:40:26.653,1.26229,1.26243,3.45,1.12
2016.03.15 03:40:26.754,1.26229,1.26244,3.82,1.00
2016.03.15 03:40:27.302,1.2623,1.26244,1.57,1.57
2016.03.15 03:40:27.909,1.26229,1.26244,2.32,1.10
2016.03.15 03:40:28.541,1.2623,1.26244,1.50,1.10
2016.03.15 03:40:29.048,1.26229,1.26244,1.57,1.57
2016.03.15 03:40:29.563,1.2623,1.26243,1.50,1.20
2016.03.15 03:40:30.138,1.26229,1.26243,1.50,1.65
2016.03.15 03:40:30.189,1.26229,1.2624,1.50,1.00
2016.03.15 03:40:30.240,1.26226,1.2624,4.12,1.00
2016.03.15 03:40:30.746,1.26226,1.2624,2.70,1.00
2016.03.15 03:40:30.797,1.26226,1.26238,1.57,1.00
2016.03.15 03:40:31.104,1.26218,1.2623,1.50,1.20
2016.03.15 03:40:31.257,1.26213,1.26227,1.00,1.20
2016.03.15 03:40:31.359,1.2621,1.26224,3.45,1.12
2016.03.15 03:40:31.562,1.26205,1.26221,2.40,2.25
2016.03.15 03:40:31.613,1.26205,1.26218,1.95,1.00
2016.03.15 03:40:32.119,1.26205,1.26217,1.50,1.12
2016.03.15 03:40:32.170,1.26202,1.26217,2.25,1.20
2016.03.15 03:40:32.221,1.26202,1.26217,1.87,1.47
2016.03.15 03:40:32.753,1.262,1.26214,3.19,1.87
2016.03.15 03:40:33.298,1.262,1.26213,1.50,1.00
2016.03.15 03:40:34.081,1.26199,1.26213,1.00,1.00
2016.03.15 03:40:34.587,1.26198,1.26214,2.96,1.50
2016.03.15 03:40:35.102,1.26204,1.26214,1.94,1.50
2016.03.15 03:40:35.354,1.26216,1.26223,1.12,1.00
2016.03.15 03:40:35.405,1.26216,1.26224,1.87,1.00
2016.03.15 03:40:35.558,1.26225,1.26236,2.62,1.00
2016.03.15 03:40:35.609,1.26225,1.26239,3.37,1.50
2016.03.15 03:40:35.964,1.2623,1.2624,1.00,1.00
2016.03.15 03:40:36.066,1.2623,1.26243,2.25,3.75
2016.03.15 03:40:36.420,1.26229,1.26241,3.15,1.00
2016.03.15 03:40:36.524,1.26231,1.26243,2.70,1.00
2016.03.15 03:40:36.575,1.26235,1.26245,2.25,1.00
2016.03.15 03:40:36.778,1.26234,1.26247,3.00,1.50
2016.03.15 03:40:36.930,1.26234,1.26246,3.45,1.00
2016.03.15 03:40:37.143,1.26234,1.26246,1.65,1.00
2016.03.15 03:40:37.614,1.26235,1.26246,1.37,1.00
2016.03.15 03:40:37.747,1.26235,1.26247,2.70,1.00
2016.03.15 03:40:38.104,1.26232,1.26245,1.95,1.00
2016.03.15 03:40:38.513,1.26233,1.26245,1.00,1.00
2016.03.15 03:40:39.030,1.26232,1.26245,1.27,1.00
2016.03.15 03:40:39.553,1.26232,1.26246,1.27,1.50
2016.03.15 03:40:39.721,1.26232,1.26246,1.57,1.50
2016.03.15 03:40:40.001,1.26232,1.26245,1.65,1.00
2016.03.15 03:40:40.254,1.26232,1.26244,1.10,1.47
2016.03.15 03:40:40.600,1.2623,1.26244,1.50,2.62
2016.03.15 03:40:40.753,1.26237,1.2625,1.47,1.37
2016.03.15 03:40:40.804,1.2624,1.2625,1.37,1.50
2016.03.15 03:40:40.907,1.26243,1.26256,1.37,1.87
2016.03.15 03:40:41.059,1.26243,1.26257,1.37,1.50
2016.03.15 03:40:41.110,1.26241,1.26256,1.50,1.20
2016.03.15 03:40:41.908,1.2624,1.26255,3.52,1.10
2016.03.15 03:40:42.010,1.2624,1.26254,5.02,1.00
2016.03.15 03:40:42.112,1.2624,1.26252,3.45,1.00
2016.03.15 03:40:42.416,1.26238,1.26248,1.12,1.00
2016.03.15 03:40:42.721,1.2624,1.26247,1.50,1.00
2016.03.15 03:40:43.034,1.26236,1.26241,1.00,1.20
2016.03.15 03:40:43.341,1.26228,1.26235,2.25,1.56
2016.03.15 03:40:43.392,1.26228,1.26235,1.50,2.81
2016.03.15 03:40:43.494,1.26228,1.26234,1.50,1.01
2016.03.15 03:40:43.748,1.26228,1.26234,1.50,1.10
2016.03.15 03:40:44.253,1.26229,1.26238,1.37,1.00
2016.03.15 03:40:44.355,1.2623,1.2624,1.37,1.00
2016.03.15 03:40:44.408,1.26231,1.26242,1.12,2.25
2016.03.15 03:40:44.460,1.26233,1.26242,1.37,1.00
2016.03.15 03:40:44.613,1.26234,1.26244,1.87,1.50
2016.03.15 03:40:45.120,1.26235,1.26245,1.50,3.00
2016.03.15 03:40:45.273,1.26235,1.26245,2.62,2.25
2016.03.15 03:40:45.431,1.26238,1.26247,1.12,1.10
2016.03.15 03:40:45.634,1.26238,1.26245,1.12,1.50
2016.03.15 03:40:46.152,1.26238,1.26246,1.12,1.50
2016.03.15 03:40:46.659,1.26238,1.26245,1.00,1.50
2016.03.15 03:40:47.023,1.26238,1.26248,2.25,1.00
2016.03.15 03:40:47.125,1.2624,1.2625,1.87,4.50
2016.03.15 03:40:47.378,1.2624,1.2625,1.87,4.31
2016.03.15 03:40:47.682,1.26242,1.2625,1.00,2.81
2016.03.15 03:40:48.221,1.26241,1.2625,1.00,2.06
2016.03.15 03:40:48.741,1.26241,1.2625,1.00,2.06
2016.03.15 03:40:49.635,1.26241,1.26245,1.00,1.50
2016.03.15 03:40:50.345,1.26239,1.26245,1.50,1.50
2016.03.15 03:40:50.895,1.2624,1.26246,1.00,2.81
2016.03.15 03:40:51.405,1.2624,1.26245,1.00,1.50
2016.03.15 03:40:51.962,1.2624,1.26246,1.00,2.81
2016.03.15 03:40:52.479,1.2624,1.26245,1.00,1.50
2016.03.15 03:40:53.330,1.2624,1.26245,1.37,1.50
2016.03.15 03:40:53.381,1.26245,1.2625,1.50,3.00
2016.03.15 03:40:53.787,1.26245,1.26255,1.50,4.46
2016.03.15 03:40:54.297,1.26245,1.2625,1.50,1.50
2016.03.15 03:40:54.601,1.26245,1.26255,1.50,5.21
2016.03.15 03:40:56.188,1.26245,1.26255,1.50,4.46
2016.03.15 03:40:56.494,1.26235,1.26236,1.50,1.50
2016.03.15 03:40:56.545,1.26234,1.26235,1.50,1.50
2016.03.15 03:40:56.647,1.26229,1.26235,1.00,1.50
2016.03.15 03:40:57.167,1.26228,1.26235,1.50,2.06
2016.03.15 03:40:57.623,1.26228,1.26231,1.50,1.50
2016.03.15 03:40:57.725,1.26226,1.2623,1.50,1.50
2016.03.15 03:40:57.928,1.26226,1.26231,1.50,2.06
2016.03.15 03:40:58.234,1.26213,1.26218,2.25,1.00
2016.03.15 03:40:58.437,1.2621,1.26215,1.50,1.50
2016.03.15 03:40:59.417,1.2621,1.26215,1.50,2.06
2016.03.15 03:40:59.724,1.26199,1.26205,1.00,1.50
2016.03.15 03:40:59.826,1.26194,1.26205,1.47,1.50
2016.03.15 03:41:00.334,1.26194,1.26206,2.25,1.50
2016.03.15 03:41:00.385,1.26194,1.26206,2.25,1.50
2016.03.15 03:41:00.574,1.26192,1.26204,1.12,1.00
2016.03.15 03:41:00.676,1.26187,1.26201,1.87,2.06
2016.03.15 03:41:00.829,1.26185,1.26195,1.50,1.50
2016.03.15 03:41:01.135,1.26184,1.26193,1.10,1.00
2016.03.15 03:41:01.186,1.26182,1.26195,1.87,1.50
2016.03.15 03:41:01.339,1.26181,1.26195,1.10,1.50
2016.03.15 03:41:01.390,1.26181,1.26195,2.62,1.50
2016.03.15 03:41:01.595,1.26177,1.2619,1.10,1.50
2016.03.15 03:41:01.646,1.2618,1.26186,1.00,1.50
2016.03.15 03:41:01.850,1.26172,1.2618,1.00,1.50
2016.03.15 03:41:01.901,1.26172,1.2618,1.75,1.50
2016.03.15 03:41:01.952,1.26173,1.26185,1.75,2.06
2016.03.15 03:41:02.003,1.26172,1.26183,1.75,1.12
2016.03.15 03:41:02.308,1.26171,1.26175,1.00,1.50
2016.03.15 03:41:02.410,1.2617,1.26175,1.00,1.50
2016.03.15 03:41:02.705,1.26168,1.26176,1.00,1.57
2016.03.15 03:41:02.858,1.26166,1.26175,1.00,1.50
2016.03.15 03:41:03.162,1.2616,1.26175,2.62,1.50
2016.03.15 03:41:03.580,1.2616,1.26171,1.50,1.50
2016.03.15 03:41:03.730,1.2616,1.26175,1.50,1.65
2016.03.15 03:41:03.781,1.2616,1.2617,1.87,1.50
2016.03.15 03:41:03.885,1.26161,1.26174,1.00,1.20
2016.03.15 03:41:03.988,1.2616,1.2617,1.50,1.50
2016.03.15 03:41:04.192,1.26157,1.26172,1.50,2.70
2016.03.15 03:41:04.243,1.26157,1.26169,1.50,1.00
2016.03.15 03:41:04.396,1.26153,1.26169,1.37,1.81
2016.03.15 03:41:04.447,1.26153,1.26167,1.37,1.12
2016.03.15 03:41:04.601,1.26148,1.26164,1.50,1.00
2016.03.15 03:41:04.704,1.26152,1.26164,1.00,1.00
2016.03.15 03:41:05.009,1.26153,1.2617,1.87,3.37
2016.03.15 03:41:05.060,1.26157,1.2617,1.00,3.37
2016.03.15 03:41:05.365,1.2616,1.2617,1.00,1.50
2016.03.15 03:41:05.417,1.26158,1.26171,1.00,2.62
2016.03.15 03:41:05.596,1.26157,1.2617,1.00,3.37
2016.03.15 03:41:05.698,1.26161,1.26175,1.47,1.50
2016.03.15 03:41:05.799,1.26165,1.26178,1.00,1.12
2016.03.15 03:41:05.952,1.26163,1.26176,1.00,1.50
2016.03.15 03:41:06.003,1.26158,1.26174,2.32,1.00
2016.03.15 03:41:06.309,1.26164,1.2618,1.20,3.75
2016.03.15 03:41:06.360,1.26168,1.2618,1.00,3.75
2016.03.15 03:41:06.721,1.26174,1.2618,1.00,1.50
2016.03.15 03:41:06.823,1.26172,1.2618,1.00,1.65
2016.03.15 03:41:06.924,1.26174,1.26181,1.00,1.50
2016.03.15 03:41:07.026,1.26179,1.26189,1.12,1.50
2016.03.15 03:41:07.077,1.2618,1.26189,1.12,1.00
2016.03.15 03:41:07.129,1.26183,1.26195,1.10,1.50
2016.03.15 03:41:07.180,1.26183,1.26195,1.75,1.50
2016.03.15 03:41:07.384,1.26192,1.26202,1.00,1.00
2016.03.15 03:41:07.435,1.26192,1.26204,1.10,1.00
2016.03.15 03:41:07.486,1.26198,1.26204,1.00,1.00
2016.03.15 03:41:07.537,1.26198,1.26206,1.00,1.50
2016.03.15 03:41:07.588,1.26203,1.26206,1.00,1.50
2016.03.15 03:41:07.727,1.26208,1.26218,1.00,1.57
2016.03.15 03:41:07.829,1.26212,1.2622,1.00,3.00
2016.03.15 03:41:07.931,1.26206,1.2622,1.50,1.50
2016.03.15 03:41:08.033,1.26207,1.26217,1.00,1.00
2016.03.15 03:41:08.236,1.26201,1.26214,2.25,1.50
2016.03.15 03:41:08.338,1.26202,1.26216,1.50,1.50
2016.03.15 03:41:08.440,1.26201,1.26216,1.20,1.50
2016.03.15 03:41:08.605,1.26203,1.26219,1.20,1.20
2016.03.15 03:41:08.909,1.26201,1.26216,1.50,3.07
2016.03.15 03:41:09.215,1.26195,1.2621,1.00,2.62
2016.03.15 03:41:09.520,1.26179,1.26181,1.00,1.50
2016.03.15 03:41:09.572,1.26173,1.2618,3.00,1.50
2016.03.15 03:41:09.700,1.26173,1.26178,1.00,1.00
2016.03.15 03:41:09.753,1.26164,1.26176,1.00,2.25
2016.03.15 03:41:09.856,1.26163,1.2617,1.50,2.32
2016.03.15 03:41:09.907,1.26153,1.26166,1.20,1.00
2016.03.15 03:41:10.009,1.26153,1.26164,1.00,1.00
2016.03.15 03:41:10.264,1.26148,1.26163,1.10,1.10
2016.03.15 03:41:10.822,1.26149,1.26163,1.00,1.20
2016.03.15 03:41:10.924,1.26149,1.2616,1.00,1.57
2016.03.15 03:41:11.233,1.26146,1.26156,1.00,1.00
2016.03.15 03:41:11.487,1.26143,1.26157,1.50,1.00
2016.03.15 03:41:11.538,1.26143,1.26155,1.57,1.50
2016.03.15 03:41:12.025,1.26152,1.26155,1.00,1.57
2016.03.15 03:41:12.077,1.26153,1.2616,1.00,1.50
2016.03.15 03:41:12.482,1.26153,1.26165,1.00,3.00
2016.03.15 03:41:12.534,1.26153,1.26165,1.50,2.25
2016.03.15 03:41:12.585,1.2616,1.26165,1.12,1.00
2016.03.15 03:41:12.636,1.2616,1.26169,1.20,1.00
2016.03.15 03:41:12.687,1.26165,1.26173,1.00,1.00
2016.03.15 03:41:12.738,1.26165,1.26176,1.00,2.25
2016.03.15 03:41:12.944,1.26164,1.26179,3.52,1.10
2016.03.15 03:41:12.995,1.26174,1.26179,1.00,1.00
2016.03.15 03:41:13.046,1.26177,1.26183,1.00,1.87
2016.03.15 03:41:13.098,1.2618,1.26184,1.00,1.00
2016.03.15 03:41:13.200,1.26181,1.2619,1.00,1.50
2016.03.15 03:41:13.302,1.26182,1.26193,1.00,1.50
2016.03.15 03:41:13.354,1.26187,1.26193,1.00,1.10
2016.03.15 03:41:13.558,1.26175,1.26189,1.00,1.87
2016.03.15 03:41:13.660,1.26173,1.26188,1.65,1.00
2016.03.15 03:41:13.762,1.26178,1.26189,1.00,1.87
2016.03.15 03:41:13.864,1.26176,1.26189,1.00,1.50
2016.03.15 03:41:14.269,1.26176,1.2619,3.00,2.25
2016.03.15 03:41:14.371,1.26181,1.26198,1.00,3.37
2016.03.15 03:41:14.422,1.26187,1.26198,1.00,1.12
2016.03.15 03:41:14.473,1.26187,1.262,1.10,2.25
2016.03.15 03:41:14.525,1.26194,1.262,1.00,1.50
2016.03.15 03:41:14.576,1.26194,1.26205,1.00,2.25
2016.03.15 03:41:14.627,1.26194,1.26205,1.10,1.50
2016.03.15 03:41:14.678,1.26192,1.26209,1.12,2.32
2016.03.15 03:41:15.179,1.26191,1.26206,1.12,1.50
2016.03.15 03:41:15.483,1.26189,1.26196,1.00,1.50
2016.03.15 03:41:15.534,1.26183,1.26196,1.50,1.50
2016.03.15 03:41:15.636,1.26179,1.26194,1.20,1.50
2016.03.15 03:41:15.687,1.26177,1.2619,1.75,1.50
2016.03.15 03:41:15.738,1.26174,1.2619,1.00,1.57
2016.03.15 03:41:15.789,1.26171,1.26186,1.95,1.57
2016.03.15 03:41:15.840,1.26171,1.26186,1.27,1.65
2016.03.15 03:41:16.150,1.26169,1.26185,1.95,1.20
2016.03.15 03:41:16.252,1.26167,1.26182,1.10,1.10
2016.03.15 03:41:16.405,1.26161,1.2618,2.08,1.57
2016.03.15 03:41:16.710,1.26163,1.26173,1.35,1.00
2016.03.15 03:41:16.964,1.26163,1.26176,1.35,2.70
2016.03.15 03:41:17.118,1.26166,1.26176,1.00,1.10
2016.03.15 03:41:17.233,1.26169,1.26181,1.12,1.57
2016.03.15 03:41:17.285,1.2617,1.26184,1.20,1.00
2016.03.15 03:41:17.641,1.26169,1.26183,1.12,1.50
2016.03.15 03:41:17.947,1.26169,1.26171,1.00,1.20
2016.03.15 03:41:18.049,1.26167,1.26175,1.00,1.50
2016.03.15 03:41:18.150,1.26168,1.26177,1.00,1.00
2016.03.15 03:41:18.308,1.26168,1.26176,1.00,2.62
2016.03.15 03:41:18.410,1.26166,1.26175,1.50,1.65
2016.03.15 03:41:20.031,1.26168,1.26175,1.00,1.50
2016.03.15 03:41:20.082,1.26168,1.26178,1.50,1.50
2016.03.15 03:41:20.133,1.26171,1.26178,1.00,1.00
2016.03.15 03:41:20.184,1.26171,1.26181,2.25,1.10
2016.03.15 03:41:20.235,1.26177,1.26182,1.00,1.00
2016.03.15 03:41:20.286,1.2618,1.26186,1.00,2.25
2016.03.15 03:41:20.388,1.2618,1.26189,1.10,1.50
2016.03.15 03:41:20.490,1.26188,1.26192,1.00,1.00
2016.03.15 03:41:20.591,1.26189,1.26195,1.00,1.50
2016.03.15 03:41:20.693,1.26191,1.26198,1.00,2.25
2016.03.15 03:41:20.781,1.26195,1.26199,2.25,1.50
2016.03.15 03:41:20.884,1.26199,1.26208,1.00,1.20
2016.03.15 03:41:21.390,1.26199,1.26207,1.00,1.00
2016.03.15 03:41:21.694,1.26199,1.26209,1.00,2.77
2016.03.15 03:41:21.997,1.26199,1.26207,1.00,1.00
2016.03.15 03:41:22.105,1.26199,1.26209,1.00,1.65
2016.03.15 03:41:22.360,1.26199,1.26207,1.00,1.10
2016.03.15 03:41:22.513,1.26197,1.26206,1.00,1.00
2016.03.15 03:41:22.716,1.26197,1.26205,1.00,1.87
2016.03.15 03:41:23.020,1.26196,1.26202,1.00,1.10
2016.03.15 03:41:23.324,1.26193,1.26202,2.25,1.10
2016.03.15 03:41:24.130,1.26193,1.26202,1.50,1.95
2016.03.15 03:41:24.334,1.26189,1.26196,1.00,1.12
2016.03.15 03:41:24.436,1.26187,1.26195,1.00,1.57
2016.03.15 03:41:24.982,1.26186,1.26195,1.50,2.32
2016.03.15 03:41:26.211,1.26186,1.26196,1.50,3.90
2016.03.15 03:41:26.731,1.26186,1.26195,1.50,1.00
2016.03.15 03:41:27.266,1.26186,1.26196,1.87,1.65
2016.03.15 03:41:27.368,1.26186,1.26196,1.87,1.65
2016.03.15 03:41:27.915,1.26187,1.26197,1.87,1.50
2016.03.15 03:41:28.422,1.26192,1.26198,1.00,1.50
2016.03.15 03:41:28.935,1.26193,1.26199,1.00,1.00
2016.03.15 03:41:29.290,1.26191,1.26199,1.00,1.00
2016.03.15 03:41:29.494,1.26188,1.26198,1.50,2.25
2016.03.15 03:41:30.000,1.26188,1.26197,1.00,1.00
2016.03.15 03:41:30.514,1.26187,1.26197,1.87,1.00
2016.03.15 03:41:30.616,1.26189,1.26197,1.00,1.00
2016.03.15 03:41:31.122,1.2619,1.26197,1.12,1.00
2016.03.15 03:41:31.376,1.26192,1.262,1.00,1.00
2016.03.15 03:41:31.427,1.26192,1.26202,1.87,1.50
2016.03.15 03:41:31.695,1.26192,1.26202,2.62,1.50
2016.03.15 03:41:32.201,1.26193,1.26202,1.00,1.50
2016.03.15 03:41:32.748,1.26192,1.26202,3.00,1.50
2016.03.15 03:41:33.096,1.26195,1.26205,1.87,1.00
2016.03.15 03:41:33.401,1.262,1.26208,1.50,1.50
2016.03.15 03:41:33.452,1.26201,1.2621,1.00,2.25
2016.03.15 03:41:33.553,1.26202,1.26212,1.00,1.57
2016.03.15 03:41:34.231,1.26203,1.26212,1.00,1.00
2016.03.15 03:41:34.339,1.26205,1.26215,1.50,3.75
2016.03.15 03:41:34.845,1.26205,1.26215,1.50,4.95
2016.03.15 03:41:35.842,1.26205,1.26215,1.50,3.75
2016.03.15 03:41:36.629,1.26205,1.26215,1.87,3.00
2016.03.15 03:41:36.894,1.26208,1.26217,1.00,1.57
2016.03.15 03:41:37.299,1.2621,1.26219,1.00,1.50
2016.03.15 03:41:37.628,1.26215,1.26224,1.00,1.01
2016.03.15 03:41:37.932,1.26217,1.26225,1.50,2.06
2016.03.15 03:41:38.792,1.26217,1.26225,1.50,2.81
2016.03.15 03:41:39.300,1.26217,1.26225,1.50,3.56
2016.03.15 03:41:39.680,1.26217,1.26225,1.50,3.00
2016.03.15 03:41:40.592,1.26217,1.26225,1.50,2.25
2016.03.15 03:41:41.095,1.26217,1.26224,1.50,1.39
2016.03.15 03:41:41.603,1.26217,1.26227,1.50,2.40
2016.03.15 03:41:43.012,1.26217,1.26227,1.50,4.46
2016.03.15 03:41:43.655,1.26219,1.26227,1.00,3.71
2016.03.15 03:41:43.764,1.2622,1.26229,1.50,1.00
2016.03.15 03:41:43.866,1.26222,1.26231,1.00,1.00
2016.03.15 03:41:43.917,1.26223,1.26233,1.00,1.46
2016.03.15 03:41:44.120,1.26225,1.26234,1.50,1.31
2016.03.15 03:41:44.424,1.26228,1.26237,1.50,1.65
2016.03.15 03:41:44.971,1.2623,1.26236,1.00,1.50
2016.03.15 03:41:45.022,1.26232,1.26247,1.00,1.87
2016.03.15 03:41:45.529,1.26232,1.26245,1.87,1.00
2016.03.15 03:41:46.036,1.26231,1.26245,2.62,1.00
2016.03.15 03:41:46.450,1.26231,1.26242,3.37,1.12
2016.03.15 03:41:46.755,1.26234,1.26247,1.12,1.00
2016.03.15 03:41:46.907,1.2624,1.2625,1.00,1.50
2016.03.15 03:41:47.211,1.26242,1.26252,1.00,1.00
2016.03.15 03:41:48.232,1.26242,1.2625,1.00,1.00
2016.03.15 03:41:48.283,1.2624,1.2625,1.00,1.00
2016.03.15 03:41:48.486,1.2624,1.2625,1.50,1.27
2016.03.15 03:41:48.696,1.26235,1.26245,1.00,1.00
2016.03.15 03:41:49.820,1.26235,1.26245,1.00,2.52
2016.03.15 03:41:50.619,1.26235,1.26245,1.00,1.00
2016.03.15 03:41:53.037,1.26234,1.26243,1.00,1.00
2016.03.15 03:41:53.088,1.26232,1.26242,1.10,1.00
2016.03.15 03:41:53.863,1.26232,1.26241,1.00,1.50
2016.03.15 03:41:54.016,1.26232,1.26239,1.00,1.20
2016.03.15 03:41:54.067,1.26228,1.26236,1.00,3.00
2016.03.15 03:41:54.169,1.26225,1.26235,1.80,6.82
2016.03.15 03:41:54.271,1.26223,1.26233,1.50,1.10
2016.03.15 03:41:54.575,1.26221,1.2623,1.95,5.32
2016.03.15 03:41:54.682,1.26223,1.2623,1.12,1.00
2016.03.15 03:41:54.937,1.26221,1.26231,2.25,3.00
2016.03.15 03:41:55.241,1.26221,1.26229,1.00,1.57
2016.03.15 03:41:55.292,1.26219,1.26229,1.50,2.32
2016.03.15 03:41:55.344,1.26219,1.26224,1.00,1.50
2016.03.15 03:41:55.395,1.26214,1.26224,2.25,2.32
2016.03.15 03:41:55.446,1.26214,1.26222,1.50,1.00
2016.03.15 03:41:55.497,1.26211,1.26221,1.50,1.00
2016.03.15 03:41:55.801,1.26211,1.2622,1.00,5.70
2016.03.15 03:41:55.910,1.26207,1.26215,1.00,2.25
2016.03.15 03:41:56.062,1.26204,1.26214,1.50,1.00
2016.03.15 03:41:56.922,1.26204,1.26213,1.00,1.00
2016.03.15 03:41:56.973,1.26203,1.2621,1.50,1.50
2016.03.15 03:41:57.075,1.262,1.26208,1.00,1.00
2016.03.15 03:41:57.174,1.26197,1.26206,1.00,1.00
2016.03.15 03:41:57.681,1.26197,1.26206,1.50,1.00
2016.03.15 03:41:58.022,1.26201,1.26206,1.00,1.00
2016.03.15 03:41:58.340,1.26209,1.26213,1.82,1.50
2016.03.15 03:41:58.391,1.2621,1.26228,3.07,1.45
2016.03.15 03:41:58.544,1.26214,1.26223,1.10,1.00
2016.03.15 03:41:59.063,1.26214,1.26222,1.20,1.00
2016.03.15 03:41:59.623,1.26215,1.26225,1.50,1.00
2016.03.15 03:42:00.254,1.26215,1.26225,1.20,1.00
2016.03.15 03:42:01.056,1.26214,1.26224,1.00,1.00
2016.03.15 03:42:01.107,1.26214,1.26223,1.50,1.00
2016.03.15 03:42:01.210,1.26216,1.26225,1.57,1.00
2016.03.15 03:42:01.311,1.26217,1.26229,3.15,2.25
2016.03.15 03:42:01.514,1.26217,1.26227,2.32,1.00
2016.03.15 03:42:01.819,1.26215,1.26225,1.50,3.75
2016.03.15 03:42:02.171,1.26213,1.26223,1.57,1.50
2016.03.15 03:42:02.692,1.26212,1.26222,1.00,1.00
2016.03.15 03:42:03.352,1.26211,1.2622,1.00,1.00
2016.03.15 03:42:03.864,1.2621,1.2622,1.00,2.25
2016.03.15 03:42:04.370,1.2621,1.26219,1.00,1.50
2016.03.15 03:42:04.473,1.26207,1.26217,1.50,1.50
2016.03.15 03:42:04.726,1.26207,1.26215,1.00,1.00
2016.03.15 03:42:04.777,1.26205,1.26215,1.50,1.50
2016.03.15 03:42:05.814,1.26205,1.2621,1.50,1.50
2016.03.15 03:42:05.966,1.26202,1.26211,1.00,2.25
2016.03.15 03:42:06.118,1.26201,1.26209,1.00,1.00
2016.03.15 03:42:06.169,1.26199,1.26209,2.25,1.50
2016.03.15 03:42:06.641,1.26201,1.26209,1.00,1.00
2016.03.15 03:42:07.171,1.262,1.2621,1.00,3.00
2016.03.15 03:42:07.514,1.26202,1.2621,2.02,1.00
2016.03.15 03:42:07.565,1.26204,1.26212,1.00,1.50
2016.03.15 03:42:07.667,1.26206,1.26215,1.00,2.25
2016.03.15 03:42:08.332,1.26206,1.26216,1.00,2.25
2016.03.15 03:42:08.839,1.26206,1.26215,1.00,1.50
2016.03.15 03:42:09.649,1.26206,1.26216,1.00,2.25
2016.03.15 03:42:10.180,1.26206,1.26215,1.00,1.50
2016.03.15 03:42:10.333,1.26208,1.26216,1.00,2.25
2016.03.15 03:42:10.851,1.26209,1.26215,1.00,1.50
2016.03.15 03:42:11.357,1.26209,1.26216,1.00,1.50
2016.03.15 03:42:11.974,1.26209,1.26215,1.00,1.50
2016.03.15 03:42:12.462,1.26209,1.26219,1.00,1.00
2016.03.15 03:42:13.016,1.26209,1.26219,1.00,1.27
2016.03.15 03:42:13.354,1.26215,1.26222,1.50,1.00
2016.03.15 03:42:13.658,1.2622,1.26225,1.00,1.77
2016.03.15 03:42:14.227,1.2622,1.26226,1.00,1.77
2016.03.15 03:42:14.737,1.26221,1.26226,1.00,2.06
2016.03.15 03:42:14.839,1.26221,1.26225,1.00,1.77
2016.03.15 03:42:14.991,1.26223,1.26231,1.00,2.25
2016.03.15 03:42:15.093,1.26225,1.26233,1.00,1.50
2016.03.15 03:42:15.399,1.26231,1.2624,2.25,1.77
2016.03.15 03:42:15.552,1.26233,1.2624,1.50,1.77
2016.03.15 03:42:15.654,1.26234,1.2624,1.00,1.50
2016.03.15 03:42:15.852,1.26235,1.26244,1.50,1.87
2016.03.15 03:42:15.903,1.26235,1.26245,1.50,4.95
2016.03.15 03:42:16.208,1.26237,1.26245,1.00,1.50
2016.03.15 03:42:16.514,1.2624,1.26245,1.00,1.50
2016.03.15 03:42:16.869,1.26241,1.2625,1.00,2.25
2016.03.15 03:42:16.921,1.26244,1.2625,1.50,1.50
2016.03.15 03:42:16.973,1.26244,1.26253,2.25,1.50
2016.03.15 03:42:17.103,1.26245,1.26246,1.50,1.50
2016.03.15 03:42:17.155,1.26244,1.26246,1.50,1.50
2016.03.15 03:42:17.206,1.26244,1.26248,1.50,1.00
2016.03.15 03:42:17.258,1.26246,1.26251,1.50,1.50
2016.03.15 03:42:17.513,1.26247,1.26255,1.50,4.12
2016.03.15 03:42:18.378,1.26247,1.26256,1.50,1.10
2016.03.15 03:42:18.884,1.26247,1.26257,1.50,3.15
2016.03.15 03:42:21.252,1.26248,1.26257,1.00,1.10
2016.03.15 03:42:21.796,1.26248,1.26258,1.50,1.50
2016.03.15 03:42:22.303,1.26249,1.2626,1.50,1.50
2016.03.15 03:42:22.561,1.26252,1.26261,1.50,1.20
2016.03.15 03:42:23.051,1.26254,1.26262,1.00,1.00
2016.03.15 03:42:23.558,1.26254,1.26263,1.50,1.50
2016.03.15 03:42:25.613,1.26254,1.26264,1.50,3.00
2016.03.15 03:42:26.314,1.26254,1.26263,1.50,1.00
2016.03.15 03:42:26.517,1.26252,1.26262,1.10,1.00
2016.03.15 03:42:27.055,1.26253,1.26262,1.00,1.00
2016.03.15 03:42:27.716,1.26252,1.26262,3.90,1.00
2016.03.15 03:42:32.643,1.26253,1.26262,1.22,1.00
2016.03.15 03:42:32.694,1.26255,1.26262,1.00,1.00
2016.03.15 03:42:33.235,1.26254,1.26262,1.00,1.00
2016.03.15 03:42:33.640,1.26252,1.2626,1.10,1.50
2016.03.15 03:42:33.792,1.2625,1.2626,1.87,3.00
2016.03.15 03:42:33.844,1.2625,1.26258,1.50,1.00
2016.03.15 03:42:34.101,1.26248,1.26257,1.00,1.57
2016.03.15 03:42:34.304,1.26246,1.26256,1.50,2.25
2016.03.15 03:42:34.811,1.26245,1.26255,1.50,3.00
2016.03.15 03:42:37.874,1.26245,1.26254,1.50,1.12
2016.03.15 03:42:37.976,1.26245,1.2625,1.00,1.50
2016.03.15 03:42:38.027,1.26241,1.2625,1.50,1.50
2016.03.15 03:42:38.129,1.26239,1.26249,2.25,1.50
2016.03.15 03:42:38.584,1.26238,1.26248,1.62,1.00
2016.03.15 03:42:39.550,1.26238,1.26248,1.62,1.00
2016.03.15 03:42:40.056,1.26237,1.26247,2.12,1.50
2016.03.15 03:42:40.755,1.26237,1.26247,2.12,1.50
2016.03.15 03:42:41.332,1.26237,1.26245,2.12,1.50
2016.03.15 03:42:42.005,1.26237,1.26245,2.20,1.50
2016.03.15 03:42:42.259,1.26237,1.26246,2.20,1.50
2016.03.15 03:42:42.360,1.26237,1.26243,1.10,1.00
2016.03.15 03:42:42.412,1.26235,1.26243,1.03,1.50
2016.03.15 03:42:42.513,1.26233,1.26241,2.12,1.50
2016.03.15 03:42:42.818,1.2623,1.26238,1.62,1.00
2016.03.15 03:42:43.072,1.26229,1.26238,1.62,1.00
2016.03.15 03:42:43.383,1.26229,1.26237,1.62,1.00
2016.03.15 03:42:43.485,1.26229,1.26238,1.62,1.00
2016.03.15 03:42:44.568,1.26228,1.26238,2.20,1.00
2016.03.15 03:42:45.147,1.26229,1.26238,1.62,1.00
2016.03.15 03:42:46.558,1.26228,1.26238,1.72,1.00
2016.03.15 03:42:46.659,1.26229,1.26238,1.62,1.00
2016.03.15 03:42:47.885,1.26228,1.26238,2.20,1.00
2016.03.15 03:42:48.592,1.26228,1.26238,1.72,1.00
2016.03.15 03:42:49.501,1.26227,1.26237,1.62,1.00
2016.03.15 03:42:49.552,1.26227,1.26237,1.62,1.00
2016.03.15 03:42:50.103,1.26227,1.26237,3.75,1.00
2016.03.15 03:42:50.205,1.26231,1.26237,1.00,1.00
2016.03.15 03:42:50.510,1.26232,1.26242,2.62,1.50
2016.03.15 03:42:50.869,1.26232,1.26242,1.50,1.50
2016.03.15 03:42:51.670,1.26232,1.26241,1.50,1.50
2016.03.15 03:42:52.174,1.26232,1.2624,1.50,1.50
2016.03.15 03:42:52.849,1.2623,1.2624,1.00,1.12
2016.03.15 03:42:52.901,1.26228,1.26237,1.10,1.00
2016.03.15 03:42:53.436,1.26227,1.26237,3.15,1.50
2016.03.15 03:42:53.741,1.26227,1.26235,1.00,3.00
2016.03.15 03:42:53.792,1.26223,1.26234,2.32,1.12
2016.03.15 03:42:53.894,1.26223,1.2623,1.50,1.50
2016.03.15 03:42:53.995,1.2622,1.2623,1.10,1.00
2016.03.15 03:42:54.818,1.26219,1.26228,1.50,1.00
2016.03.15 03:42:54.971,1.26217,1.26227,1.10,1.00
2016.03.15 03:42:55.478,1.26216,1.26226,2.70,1.00
2016.03.15 03:42:55.637,1.2622,1.26226,1.10,1.00
2016.03.15 03:42:55.811,1.26219,1.26228,3.00,1.50
2016.03.15 03:42:56.482,1.26218,1.26228,2.25,1.50
2016.03.15 03:42:56.635,1.26217,1.26226,1.87,1.50
2016.03.15 03:42:56.941,1.26212,1.26222,3.37,1.00
2016.03.15 03:42:57.454,1.26215,1.26222,1.20,1.00
2016.03.15 03:42:59.439,1.26213,1.26222,1.20,1.00
2016.03.15 03:42:59.541,1.26213,1.2622,1.10,2.25
2016.03.15 03:42:59.694,1.2621,1.26219,1.50,1.00
2016.03.15 03:43:00.206,1.26211,1.2622,1.65,1.50
2016.03.15 03:43:00.727,1.2621,1.2622,1.10,2.25
2016.03.15 03:43:02.385,1.2621,1.2622,2.70,2.25
2016.03.15 03:43:02.641,1.26212,1.2622,1.12,1.00
2016.03.15 03:43:03.434,1.26212,1.26222,3.37,2.25
2016.03.15 03:43:06.138,1.26214,1.26223,1.20,1.69
2016.03.15 03:43:06.291,1.26212,1.2622,1.00,1.00
2016.03.15 03:43:06.546,1.26205,1.26215,1.50,2.25
2016.03.15 03:43:06.597,1.26205,1.2621,1.50,1.00
2016.03.15 03:43:06.649,1.26203,1.2621,1.00,1.00
2016.03.15 03:43:06.751,1.262,1.26207,1.00,1.00
2016.03.15 03:43:06.955,1.26196,1.26206,1.00,3.45
2016.03.15 03:43:07.006,1.26196,1.26205,1.00,1.85
2016.03.15 03:43:07.382,1.26196,1.26205,1.00,2.40
2016.03.15 03:43:08.142,1.26196,1.26205,1.00,2.25
2016.03.15 03:43:08.244,1.26196,1.26203,1.00,2.25
2016.03.15 03:43:08.350,1.26192,1.262,1.00,2.25
2016.03.15 03:43:08.452,1.26189,1.26196,1.50,1.50
2016.03.15 03:43:08.556,1.26187,1.26196,1.00,4.12
2016.03.15 03:43:08.659,1.26184,1.26194,1.00,1.50
2016.03.15 03:43:08.710,1.26183,1.26191,1.00,1.00
2016.03.15 03:43:08.761,1.2618,1.2619,1.00,3.00
2016.03.15 03:43:08.964,1.26178,1.26189,1.00,1.50
2016.03.15 03:43:09.167,1.26177,1.26185,2.25,1.50
2016.03.15 03:43:09.421,1.26175,1.26184,1.00,1.20
2016.03.15 03:43:09.540,1.26171,1.26181,1.57,1.00
2016.03.15 03:43:09.641,1.26173,1.26181,1.00,1.00
2016.03.15 03:43:09.946,1.26177,1.26181,2.11,1.00
2016.03.15 03:43:10.150,1.26181,1.26188,1.50,1.00
2016.03.15 03:43:10.712,1.2618,1.26188,1.00,1.50
2016.03.15 03:43:10.987,1.26176,1.26188,3.37,2.25
2016.03.15 03:43:11.038,1.26176,1.26186,2.62,1.50
2016.03.15 03:43:11.544,1.26175,1.26185,1.50,1.50
2016.03.15 03:43:12.708,1.26177,1.26185,1.00,1.50
2016.03.15 03:43:13.012,1.26184,1.26187,1.50,1.50
2016.03.15 03:43:13.063,1.26184,1.26193,1.50,1.00
2016.03.15 03:43:13.114,1.26186,1.26193,1.00,1.00
2016.03.15 03:43:13.463,1.26191,1.26193,1.00,1.00
2016.03.15 03:43:13.564,1.26198,1.262,1.00,1.00
2016.03.15 03:43:13.615,1.26198,1.262,1.00,1.00
2016.03.15 03:43:13.667,1.26201,1.26205,1.00,2.25
2016.03.15 03:43:13.819,1.262,1.26204,1.00,1.00
2016.03.15 03:43:13.972,1.262,1.26206,1.00,1.50
2016.03.15 03:43:14.023,1.26196,1.26206,3.15,1.50
2016.03.15 03:43:14.225,1.26198,1.26206,1.00,1.00
2016.03.15 03:43:14.276,1.26198,1.26208,1.50,1.50
2016.03.15 03:43:14.541,1.262,1.26208,1.00,1.50
2016.03.15 03:43:14.643,1.26203,1.26213,2.25,1.00
2016.03.15 03:43:14.745,1.26208,1.26218,1.00,1.20
2016.03.15 03:43:14.848,1.2621,1.2622,1.00,1.57
2016.03.15 03:43:17.230,1.26209,1.26218,1.00,1.00
2016.03.15 03:43:17.747,1.26208,1.26218,1.10,1.00
2016.03.15 03:43:20.245,1.26208,1.26216,1.00,1.00
2016.03.15 03:43:20.347,1.26204,1.26214,1.50,1.50
2016.03.15 03:43:20.499,1.26204,1.26211,1.50,1.50
2016.03.15 03:43:20.550,1.26202,1.26211,1.00,1.50
2016.03.15 03:43:21.058,1.26202,1.2621,1.00,1.50
2016.03.15 03:43:21.779,1.26202,1.26211,1.00,1.50
2016.03.15 03:43:22.298,1.26203,1.26212,3.45,1.00
2016.03.15 03:43:23.569,1.26204,1.26212,2.70,1.00
2016.03.15 03:43:24.100,1.26203,1.26212,2.70,1.00
2016.03.15 03:43:24.750,1.26204,1.26212,2.70,1.00
2016.03.15 03:43:25.209,1.26203,1.2621,2.70,1.50
2016.03.15 03:43:25.513,1.26205,1.2621,2.70,1.50
2016.03.15 03:43:25.633,1.26205,1.26212,2.70,1.00
2016.03.15 03:43:26.291,1.26205,1.26213,2.70,1.00
2016.03.15 03:43:26.595,1.26203,1.26213,3.45,1.00
2016.03.15 03:43:28.493,1.26204,1.26213,2.70,1.00
2016.03.15 03:43:29.196,1.26205,1.26213,1.50,1.00
2016.03.15 03:43:29.899,1.26204,1.26213,1.50,1.00
2016.03.15 03:43:30.406,1.26205,1.26213,1.50,1.00
2016.03.15 03:43:31.001,1.26204,1.26213,1.50,1.00
2016.03.15 03:43:31.502,1.26205,1.26213,1.50,1.00
2016.03.15 03:43:32.107,1.26204,1.26213,1.50,1.00
2016.03.15 03:43:32.703,1.26205,1.26213,1.50,1.00
2016.03.15 03:43:34.027,1.26204,1.26213,2.25,1.00
2016.03.15 03:43:34.180,1.26208,1.26213,1.95,1.00
2016.03.15 03:43:34.353,1.26212,1.2622,1.50,2.25
2016.03.15 03:43:34.455,1.26214,1.2622,1.00,1.50
2016.03.15 03:43:34.759,1.26217,1.2622,1.10,1.50
2016.03.15 03:43:34.810,1.26217,1.26223,1.10,1.50
2016.03.15 03:43:35.064,1.26219,1.26223,1.00,1.50
2016.03.15 03:43:35.166,1.26219,1.26226,1.00,1.50
2016.03.15 03:43:35.470,1.26222,1.26227,1.00,1.00
2016.03.15 03:43:35.690,1.26221,1.26229,2.25,1.50
2016.03.15 03:43:35.792,1.26221,1.26231,2.40,1.50
2016.03.15 03:43:36.400,1.26222,1.26231,1.00,1.50
2016.03.15 03:43:36.752,1.26223,1.26231,1.87,1.50
2016.03.15 03:43:36.905,1.26225,1.26233,3.37,1.50
2016.03.15 03:43:36.956,1.26227,1.26233,1.00,1.50
2016.03.15 03:43:37.044,1.26228,1.26236,1.10,1.50
2016.03.15 03:43:37.096,1.26231,1.26237,1.50,1.00
2016.03.15 03:43:37.199,1.26231,1.26241,3.37,1.00
2016.03.15 03:43:37.301,1.26236,1.26246,1.50,1.50
2016.03.15 03:43:37.413,1.26238,1.26245,1.00,1.00
2016.03.15 03:43:37.515,1.26239,1.26247,1.00,1.50
2016.03.15 03:43:37.616,1.2624,1.2625,2.25,2.25
2016.03.15 03:43:38.123,1.26241,1.26251,1.65,1.50
2016.03.15 03:43:38.431,1.26241,1.26246,2.25,1.00
2016.03.15 03:43:38.937,1.2624,1.26247,2.25,1.00
2016.03.15 03:43:39.509,1.26241,1.26247,1.00,1.00
2016.03.15 03:43:40.053,1.26241,1.26248,1.00,1.50
2016.03.15 03:43:41.023,1.2624,1.26248,1.50,1.20
2016.03.15 03:43:41.226,1.26237,1.26248,1.50,1.20
2016.03.15 03:43:42.006,1.26237,1.26248,2.25,3.75
2016.03.15 03:43:42.311,1.26239,1.26247,1.00,1.50
2016.03.15 03:43:42.413,1.26237,1.26247,1.00,1.50
2016.03.15 03:43:42.464,1.26235,1.26247,1.00,2.25
2016.03.15 03:43:44.434,1.26235,1.26247,1.00,1.57
2016.03.15 03:43:47.296,1.26239,1.26248,1.50,1.20
2016.03.15 03:43:48.521,1.26239,1.26248,1.50,2.62
2016.03.15 03:43:48.724,1.26237,1.26245,1.50,1.00
2016.03.15 03:43:52.708,1.26237,1.26247,1.50,1.50
2016.03.15 03:43:54.765,1.26237,1.26247,1.50,1.87
2016.03.15 03:43:54.972,1.26237,1.26246,1.50,2.62
2016.03.15 03:43:55.125,1.26235,1.26245,1.00,3.75
2016.03.15 03:43:55.429,1.26235,1.26243,1.00,1.50
2016.03.15 03:43:55.733,1.26229,1.26239,1.31,2.70
2016.03.15 03:43:56.275,1.26229,1.26238,1.31,1.20
2016.03.15 03:43:59.193,1.26229,1.26238,1.31,1.00
2016.03.15 03:43:59.527,1.26229,1.26239,2.06,1.10
2016.03.15 03:43:59.629,1.26232,1.26241,2.06,1.10
2016.03.15 03:43:59.730,1.26234,1.26244,2.06,1.50
2016.03.15 03:44:00.236,1.26236,1.26245,2.25,1.50
2016.03.15 03:44:00.540,1.26237,1.26247,1.50,3.15
2016.03.15 03:44:01.029,1.26236,1.26245,1.00,1.50
2016.03.15 03:44:01.232,1.26233,1.26243,1.50,1.50
2016.03.15 03:44:01.334,1.26235,1.26245,1.00,3.00
2016.03.15 03:44:01.841,1.26234,1.26244,1.50,2.32
2016.03.15 03:44:02.145,1.2623,1.26238,1.50,1.00
2016.03.15 03:44:02.247,1.26226,1.26236,3.00,1.50
2016.03.15 03:44:02.349,1.26228,1.26236,1.00,1.50
2016.03.15 03:44:02.451,1.26226,1.26235,2.25,1.50
2016.03.15 03:44:02.957,1.26224,1.26234,4.29,1.50
2016.03.15 03:44:03.109,1.26224,1.26234,2.70,1.50
2016.03.15 03:44:03.633,1.26225,1.26235,1.00,1.50
2016.03.15 03:44:05.732,1.26224,1.26234,1.00,1.00
2016.03.15 03:44:06.441,1.26223,1.26232,1.12,1.00
2016.03.15 03:44:06.947,1.26222,1.26231,1.50,1.00
2016.03.15 03:44:07.474,1.26221,1.2623,1.00,1.00
2016.03.15 03:44:07.801,1.26221,1.26228,1.00,1.50
2016.03.15 03:44:08.763,1.2622,1.26228,2.25,1.50
2016.03.15 03:44:09.269,1.26221,1.26228,1.00,1.50
2016.03.15 03:44:09.790,1.2622,1.26228,1.12,1.50
2016.03.15 03:44:10.526,1.2622,1.26228,1.37,1.50
2016.03.15 03:44:13.636,1.26219,1.26228,1.47,1.50
2016.03.15 03:44:14.142,1.26219,1.26229,1.57,1.00
2016.03.15 03:44:14.618,1.2622,1.26229,1.37,1.00
2016.03.15 03:44:14.922,1.26219,1.26228,1.57,1.00
2016.03.15 03:44:15.428,1.26219,1.26227,1.57,1.50
2016.03.15 03:44:15.731,1.26217,1.26226,2.40,1.00
2016.03.15 03:44:16.244,1.26216,1.26225,1.20,2.25
2016.03.15 03:44:16.852,1.26217,1.26221,1.10,1.00
2016.03.15 03:44:17.005,1.26213,1.26218,1.50,1.50
2016.03.15 03:44:17.107,1.26211,1.26218,1.20,1.50
2016.03.15 03:44:17.259,1.26213,1.26215,1.00,1.00
2016.03.15 03:44:17.411,1.26205,1.26208,1.10,1.00
2016.03.15 03:44:17.462,1.26202,1.26206,1.57,1.50
2016.03.15 03:44:17.718,1.262,1.26204,3.75,1.00
2016.03.15 03:44:17.769,1.262,1.26201,1.00,2.25
2016.03.15 03:44:17.871,1.26193,1.26195,1.00,1.50
2016.03.15 03:44:17.922,1.26191,1.26195,1.10,1.50
2016.03.15 03:44:18.024,1.26189,1.26195,1.00,4.50
2016.03.15 03:44:18.125,1.26187,1.26194,2.40,1.50
2016.03.15 03:44:18.935,1.26188,1.26194,1.00,1.50
2016.03.15 03:44:20.252,1.26187,1.26194,1.95,1.50
2016.03.15 03:44:20.554,1.26188,1.26194,1.37,1.50
2016.03.15 03:44:21.084,1.26188,1.26194,1.00,1.50
2016.03.15 03:44:21.680,1.26187,1.26192,1.57,1.50
2016.03.15 03:44:22.282,1.26188,1.26194,1.00,2.25
2016.03.15 03:44:22.565,1.26194,1.26196,1.50,1.00
2016.03.15 03:44:22.617,1.26194,1.26196,1.65,1.00
2016.03.15 03:44:22.668,1.262,1.26204,1.00,1.50
2016.03.15 03:44:22.769,1.262,1.26207,1.00,1.50
2016.03.15 03:44:22.871,1.26201,1.26209,1.27,1.00
2016.03.15 03:44:22.973,1.26202,1.26211,1.50,1.00
2016.03.15 03:44:23.336,1.26203,1.26211,1.12,1.00
2016.03.15 03:44:24.117,1.26203,1.26211,1.57,1.00
2016.03.15 03:44:24.916,1.26203,1.26212,1.00,1.50
2016.03.15 03:44:25.429,1.26202,1.26212,2.62,1.50
2016.03.15 03:44:25.739,1.26207,1.26212,1.00,1.50
2016.03.15 03:44:26.195,1.26205,1.26213,1.57,1.00
2016.03.15 03:44:26.701,1.26206,1.26213,1.20,1.00
2016.03.15 03:44:26.803,1.26206,1.26216,1.65,1.50
2016.03.15 03:44:27.510,1.26207,1.26216,1.00,1.00
2016.03.15 03:44:29.316,1.26206,1.26216,1.87,1.00
2016.03.15 03:44:30.712,1.26207,1.26217,1.50,2.25
2016.03.15 03:44:30.814,1.26208,1.26217,1.87,1.50
2016.03.15 03:44:30.916,1.26211,1.26221,2.25,1.50
2016.03.15 03:44:30.969,1.26213,1.26221,1.00,1.00
2016.03.15 03:44:31.021,1.26213,1.26223,1.50,2.25
2016.03.15 03:44:31.080,1.26215,1.26225,1.00,3.00
2016.03.15 03:44:31.625,1.26215,1.26224,1.00,1.50
2016.03.15 03:44:32.031,1.26217,1.26224,1.00,1.00
2016.03.15 03:44:32.386,1.26217,1.26227,1.50,1.50
2016.03.15 03:44:32.640,1.26217,1.26227,1.50,1.56
2016.03.15 03:44:33.633,1.26217,1.26227,1.00,1.56
2016.03.15 03:44:34.051,1.26218,1.26227,1.00,1.31
2016.03.15 03:44:34.223,1.2622,1.26229,1.00,1.56
2016.03.15 03:44:34.325,1.26221,1.2623,1.50,1.56
2016.03.15 03:44:34.427,1.26221,1.26231,1.50,2.81
2016.03.15 03:44:34.682,1.26219,1.26229,1.00,1.56
2016.03.15 03:44:36.044,1.26219,1.26229,1.00,1.56
2016.03.15 03:44:37.331,1.26218,1.26228,1.00,2.06
2016.03.15 03:44:37.534,1.26217,1.26226,1.00,1.31
2016.03.15 03:44:37.585,1.26215,1.26225,1.00,1.00
2016.03.15 03:44:37.737,1.26215,1.26221,1.00,1.00
2016.03.15 03:44:37.789,1.26211,1.26221,1.50,1.50
2016.03.15 03:44:37.840,1.26211,1.26221,1.00,3.56
2016.03.15 03:44:37.891,1.26209,1.26218,1.00,1.00
2016.03.15 03:44:38.141,1.26209,1.26218,1.27,1.50
2016.03.15 03:44:38.243,1.26209,1.26218,1.65,1.50
2016.03.15 03:44:39.514,1.26208,1.26218,1.50,1.50
2016.03.15 03:44:39.868,1.26209,1.26218,1.84,1.50
2016.03.15 03:44:40.375,1.2621,1.26219,1.57,1.00
2016.03.15 03:44:40.643,1.26208,1.26218,1.00,1.50
2016.03.15 03:44:41.050,1.26208,1.26215,1.00,1.50
2016.03.15 03:44:41.101,1.26205,1.26215,1.00,2.25
2016.03.15 03:44:41.658,1.26205,1.26215,1.00,3.56
2016.03.15 03:44:41.904,1.26201,1.2621,1.00,1.00
2016.03.15 03:44:42.410,1.26202,1.2621,1.02,1.00
2016.03.15 03:44:42.512,1.26204,1.2621,1.57,1.00
2016.03.15 03:44:42.614,1.26204,1.26214,2.32,1.00
2016.03.15 03:44:43.378,1.26203,1.26214,1.50,1.00
2016.03.15 03:44:43.959,1.26202,1.26214,3.72,1.50
2016.03.15 03:44:44.537,1.26202,1.26214,3.72,1.50
2016.03.15 03:44:44.884,1.26208,1.26214,1.27,1.00
2016.03.15 03:44:44.936,1.26208,1.26217,2.25,2.06
2016.03.15 03:44:44.988,1.26208,1.26215,1.75,2.25
2016.03.15 03:44:45.039,1.26206,1.26215,2.25,2.25
2016.03.15 03:44:45.091,1.26206,1.26212,1.50,1.00
2016.03.15 03:44:45.142,1.26203,1.26212,1.02,1.50
2016.03.15 03:44:45.396,1.26202,1.2621,1.57,1.50
2016.03.15 03:44:45.549,1.26197,1.26208,2.25,1.50
2016.03.15 03:44:45.664,1.26197,1.26206,1.00,1.00
2016.03.15 03:44:46.171,1.26196,1.26206,2.32,1.00
2016.03.15 03:44:48.480,1.26197,1.26206,1.50,1.00
2016.03.15 03:44:48.791,1.26207,1.2621,1.00,1.00
2016.03.15 03:44:48.842,1.26207,1.26213,1.69,1.50
2016.03.15 03:44:48.944,1.26207,1.26216,2.51,1.50
2016.03.15 03:44:49.451,1.26207,1.26216,1.20,1.50
2016.03.15 03:44:50.123,1.26208,1.26216,1.00,1.50
2016.03.15 03:44:50.326,1.26211,1.26216,1.00,1.50
2016.03.15 03:44:50.427,1.26211,1.26218,1.00,1.00
2016.03.15 03:44:50.944,1.2621,1.26218,1.00,1.00
2016.03.15 03:44:51.489,1.26209,1.26218,1.87,1.00
2016.03.15 03:44:51.541,1.26212,1.26218,1.12,1.00
2016.03.15 03:44:51.744,1.26218,1.26224,1.25,1.50
2016.03.15 03:44:51.846,1.26218,1.26227,1.76,1.50
2016.03.15 03:44:51.897,1.26223,1.26227,1.00,1.00
2016.03.15 03:44:51.948,1.26223,1.2623,1.00,1.50
2016.03.15 03:44:52.254,1.26222,1.2623,1.75,1.50
2016.03.15 03:44:52.457,1.26225,1.26232,1.37,1.50
2016.03.15 03:44:52.560,1.26227,1.26234,1.12,1.00
2016.03.15 03:44:52.610,1.26229,1.26235,1.00,3.00
2016.03.15 03:44:52.865,1.26231,1.26239,1.00,1.50
2016.03.15 03:44:53.018,1.26236,1.26239,1.00,1.00
2016.03.15 03:44:53.171,1.26238,1.26242,1.00,1.50
2016.03.15 03:44:53.273,1.26238,1.26244,1.00,1.50
2016.03.15 03:44:53.793,1.26239,1.26245,1.00,1.00
2016.03.15 03:44:54.047,1.2624,1.26245,1.47,1.00
2016.03.15 03:44:54.149,1.26242,1.26248,1.12,1.50
2016.03.15 03:44:54.199,1.26244,1.26248,1.00,1.00
2016.03.15 03:44:54.250,1.26244,1.26251,1.00,2.25
2016.03.15 03:44:55.648,1.26245,1.26251,1.00,1.50
2016.03.15 03:44:56.164,1.26246,1.26253,1.00,1.50
2016.03.15 03:44:56.675,1.26247,1.26253,1.00,1.50
2016.03.15 03:44:57.181,1.26247,1.26254,1.00,1.50
2016.03.15 03:44:57.492,1.26246,1.26252,1.00,1.00
2016.03.15 03:44:58.001,1.26246,1.26253,1.00,1.00
2016.03.15 03:44:58.508,1.26246,1.26254,1.00,2.25
2016.03.15 03:44:58.824,1.2625,1.26256,1.00,1.50
2016.03.15 03:44:58.977,1.26251,1.26258,1.00,2.25
2016.03.15 03:45:00.737,1.2625,1.26258,1.00,2.25
2016.03.15 03:45:01.183,1.2625,1.26258,1.37,2.25
2016.03.15 03:45:01.285,1.26253,1.2626,1.37,1.57
2016.03.15 03:45:01.336,1.26254,1.26262,1.37,1.50
2016.03.15 03:45:01.813,1.26257,1.26262,1.00,1.50
2016.03.15 03:45:02.118,1.26259,1.26265,1.50,1.50
2016.03.15 03:45:02.624,1.26257,1.26265,1.12,1.12
2016.03.15 03:45:02.727,1.26256,1.26262,1.00,1.00
2016.03.15 03:45:02.778,1.26254,1.26261,1.00,1.00
2016.03.15 03:45:03.300,1.26253,1.2626,1.00,3.75
2016.03.15 03:45:03.809,1.26253,1.26259,1.00,1.50
2016.03.15 03:45:04.011,1.26251,1.26259,1.12,1.50
2016.03.15 03:45:04.540,1.26249,1.26258,2.62,1.00
2016.03.15 03:45:04.642,1.26249,1.26256,1.12,1.00
2016.03.15 03:45:04.946,1.26245,1.26253,1.95,1.00
2016.03.15 03:45:05.603,1.26245,1.26253,1.00,1.00
2016.03.15 03:45:06.104,1.26245,1.26252,1.00,1.50
2016.03.15 03:45:06.407,1.26245,1.26252,1.37,1.50
2016.03.15 03:45:06.560,1.26247,1.26254,1.12,1.00
2016.03.15 03:45:06.813,1.26247,1.26254,1.95,1.00
2016.03.15 03:45:07.220,1.26248,1.26254,1.12,1.00
2016.03.15 03:45:07.323,1.26246,1.26254,1.50,1.50
2016.03.15 03:45:07.986,1.26245,1.26254,1.87,1.50
2016.03.15 03:45:08.139,1.26245,1.26252,1.12,1.00
2016.03.15 03:45:08.477,1.26246,1.26252,1.37,1.50
2016.03.15 03:45:08.682,1.26246,1.26255,1.87,2.25
2016.03.15 03:45:08.784,1.26245,1.26254,1.12,1.00
2016.03.15 03:45:08.835,1.26244,1.26252,1.50,1.50
2016.03.15 03:45:08.886,1.26243,1.26252,3.00,1.50
2016.03.15 03:45:08.937,1.26243,1.2625,1.50,1.00
2016.03.15 03:45:09.342,1.26242,1.26248,1.00,1.00
2016.03.15 03:45:09.646,1.26245,1.26248,1.00,1.00
2016.03.15 03:45:09.697,1.26245,1.26252,1.50,1.50
2016.03.15 03:45:09.748,1.26245,1.2625,1.00,1.00
2016.03.15 03:45:10.199,1.26244,1.26251,1.50,1.50
2016.03.15 03:45:10.504,1.26249,1.26253,1.37,1.00
2016.03.15 03:45:10.656,1.26248,1.26254,1.12,1.00
2016.03.15 03:45:10.859,1.2625,1.26255,1.00,1.00
2016.03.15 03:45:10.910,1.2625,1.26257,1.00,1.00
2016.03.15 03:45:11.415,1.26251,1.26257,1.00,1.00
2016.03.15 03:45:11.669,1.26253,1.26257,1.00,1.00
2016.03.15 03:45:11.821,1.26255,1.26261,1.37,1.00
2016.03.15 03:45:11.923,1.26257,1.26264,1.00,1.50
2016.03.15 03:45:12.328,1.26259,1.26264,1.00,1.00
2016.03.15 03:45:12.840,1.2626,1.26264,1.00,1.00
2016.03.15 03:45:12.893,1.26257,1.26264,1.00,2.25
2016.03.15 03:45:12.944,1.26257,1.26262,1.00,1.00
2016.03.15 03:45:13.248,1.26255,1.26261,1.00,1.50
2016.03.15 03:45:14.447,1.26256,1.26261,1.00,1.50
2016.03.15 03:45:14.873,1.26253,1.26261,1.00,1.50
2016.03.15 03:45:16.732,1.26251,1.26261,3.00,2.25
2016.03.15 03:45:16.884,1.26251,1.26259,1.50,1.00
2016.03.15 03:45:16.935,1.26249,1.26258,1.12,1.50
2016.03.15 03:45:17.443,1.2625,1.26258,1.00,1.50
2016.03.15 03:45:18.557,1.26251,1.26258,1.00,1.50
2016.03.15 03:45:19.078,1.2625,1.26259,1.12,1.00
2016.03.15 03:45:19.705,1.2625,1.26259,1.87,1.00
2016.03.15 03:45:20.663,1.26252,1.26259,1.50,1.00
2016.03.15 03:45:20.715,1.26256,1.2626,1.00,3.00
2016.03.15 03:45:20.982,1.26266,1.26273,1.10,1.50
2016.03.15 03:45:21.033,1.26266,1.26275,1.10,4.50
2016.03.15 03:45:21.539,1.26267,1.26275,1.00,1.50
2016.03.15 03:45:22.055,1.26268,1.26275,1.00,1.50
2016.03.15 03:45:22.360,1.2627,1.26276,1.50,1.50
2016.03.15 03:45:22.462,1.26273,1.26281,1.00,3.37
2016.03.15 03:45:22.767,1.26274,1.26279,1.00,1.50
2016.03.15 03:45:23.276,1.26272,1.26282,4.57,1.87
2016.03.15 03:45:23.581,1.26274,1.2628,1.00,3.00
2016.03.15 03:45:23.684,1.26267,1.26277,2.25,1.50
2016.03.15 03:45:24.193,1.26267,1.26276,1.50,1.00
2016.03.15 03:45:24.244,1.26265,1.26275,3.00,1.00
2016.03.15 03:45:24.649,1.26264,1.26272,1.00,1.50
2016.03.15 03:45:24.957,1.26267,1.26275,4.12,1.50
2016.03.15 03:45:25.008,1.26267,1.26277,5.62,1.50
2016.03.15 03:45:25.160,1.2627,1.26277,4.12,1.50
2016.03.15 03:45:25.262,1.26271,1.26279,1.87,1.00
2016.03.15 03:45:25.363,1.26271,1.26281,3.00,1.00
2016.03.15 03:45:25.869,1.26271,1.26281,1.12,1.00
2016.03.15 03:45:26.400,1.26271,1.2628,1.00,1.50
2016.03.15 03:45:26.552,1.26269,1.26279,1.50,1.50
2016.03.15 03:45:26.603,1.26269,1.26277,1.50,1.00
2016.03.15 03:45:26.755,1.26266,1.26276,2.32,1.50
2016.03.15 03:45:27.261,1.26266,1.26276,1.95,1.77
2016.03.15 03:45:28.620,1.26267,1.26276,1.12,1.50
2016.03.15 03:45:29.042,1.26268,1.26278,2.40,1.02
2016.03.15 03:45:29.093,1.26268,1.26278,2.40,1.27
2016.03.15 03:45:29.549,1.26266,1.26275,1.27,1.00
2016.03.15 03:45:30.073,1.26267,1.26277,1.12,1.27
2016.03.15 03:45:30.587,1.26267,1.26277,1.00,1.27
2016.03.15 03:45:31.527,1.26267,1.26277,1.37,1.27
2016.03.15 03:45:32.004,1.26267,1.26277,1.12,1.02
2016.03.15 03:45:32.156,1.26269,1.26277,1.50,1.02
2016.03.15 03:45:32.687,1.2627,1.26277,1.00,1.02
2016.03.15 03:45:32.993,1.26271,1.2628,4.50,1.00
2016.03.15 03:45:33.045,1.26274,1.2628,1.12,1.00
2016.03.15 03:45:33.354,1.26277,1.26284,1.00,1.77
2016.03.15 03:45:34.906,1.26277,1.26284,1.00,1.77
2016.03.15 03:45:35.008,1.26275,1.26284,1.00,1.77
2016.03.15 03:45:35.187,1.26273,1.26283,2.25,2.52
2016.03.15 03:45:35.492,1.26269,1.26277,1.50,1.77
2016.03.15 03:45:35.593,1.26266,1.26276,1.50,2.25
2016.03.15 03:45:35.695,1.26264,1.26272,2.40,1.02
2016.03.15 03:45:35.950,1.2626,1.2627,3.07,4.50
2016.03.15 03:45:36.458,1.26259,1.26269,1.50,1.50
2016.03.15 03:45:36.975,1.26258,1.26269,2.70,1.50
2016.03.15 03:45:39.113,1.26259,1.26269,1.00,1.50
2016.03.15 03:45:39.164,1.26259,1.26269,1.37,1.50
2016.03.15 03:45:39.470,1.26265,1.26272,2.62,1.50
2016.03.15 03:45:39.625,1.26267,1.26276,1.87,1.50
2016.03.15 03:45:43.093,1.26269,1.26276,1.50,1.00
2016.03.15 03:45:44.255,1.26269,1.26276,1.00,1.00
2016.03.15 03:45:46.277,1.26268,1.26276,1.27,1.00
2016.03.15 03:45:46.378,1.26266,1.26274,3.37,1.00
2016.03.15 03:45:46.430,1.26266,1.26274,1.20,1.00
2016.03.15 03:45:47.318,1.26265,1.26273,1.20,1.00
2016.03.15 03:45:47.421,1.26263,1.26272,1.57,1.50
2016.03.15 03:45:47.592,1.2626,1.2627,3.45,1.00
2016.03.15 03:45:48.127,1.26262,1.26269,1.00,1.00
2016.03.15 03:45:48.641,1.26261,1.26269,1.20,1.00
2016.03.15 03:45:49.857,1.26261,1.26269,1.07,1.00
2016.03.15 03:45:50.110,1.26262,1.26271,1.10,1.50
2016.03.15 03:45:51.656,1.26262,1.26271,1.47,1.50
2016.03.15 03:45:51.707,1.26264,1.26273,1.00,1.50
2016.03.15 03:45:51.891,1.26266,1.26275,1.00,2.25
2016.03.15 03:45:52.196,1.26272,1.2628,1.12,1.50
2016.03.15 03:45:52.398,1.26275,1.26284,1.00,1.50
2016.03.15 03:45:52.449,1.26277,1.26284,1.00,1.50
2016.03.15 03:45:52.958,1.26278,1.26285,1.50,1.50
2016.03.15 03:45:53.763,1.26278,1.26286,1.50,1.50
2016.03.15 03:45:54.281,1.26278,1.26285,1.50,1.50
2016.03.15 03:45:54.867,1.26278,1.26286,1.50,1.50
2016.03.15 03:45:55.368,1.26278,1.26285,1.50,1.50
2016.03.15 03:45:56.174,1.26278,1.26286,1.50,1.50
2016.03.15 03:45:56.715,1.26278,1.26285,1.50,1.50
2016.03.15 03:45:57.179,1.26278,1.26288,2.25,1.50
2016.03.15 03:45:57.230,1.26281,1.26288,1.87,1.50
2016.03.15 03:45:57.332,1.26281,1.26291,2.62,1.77
2016.03.15 03:45:57.383,1.26283,1.26291,1.00,1.00
2016.03.15 03:45:57.686,1.26285,1.26293,1.00,1.02
2016.03.15 03:45:58.670,1.26284,1.26293,1.00,1.00
2016.03.15 03:45:59.188,1.26283,1.26293,1.50,1.00
2016.03.15 03:46:00.354,1.26284,1.26293,1.00,1.35
2016.03.15 03:46:00.693,1.26286,1.26294,1.50,1.24
2016.03.15 03:46:01.205,1.26286,1.26294,1.50,1.24
2016.03.15 03:46:01.708,1.26286,1.26295,1.50,3.22
2016.03.15 03:46:02.402,1.26286,1.26295,1.50,2.47
2016.03.15 03:46:02.916,1.26286,1.26295,1.50,2.47
2016.03.15 03:46:03.337,1.26286,1.26296,2.62,1.50
2016.03.15 03:46:03.389,1.26288,1.26296,1.27,1.87
2016.03.15 03:46:03.519,1.26289,1.26298,1.02,3.75
2016.03.15 03:46:03.570,1.2629,1.26298,1.00,3.60
2016.03.15 03:46:03.877,1.26287,1.26295,1.50,1.97
2016.03.15 03:46:04.181,1.26292,1.26296,1.00,2.10
2016.03.15 03:46:04.233,1.26292,1.26297,1.00,1.12
2016.03.15 03:46:04.385,1.26294,1.26298,1.00,2.10
2016.03.15 03:46:04.590,1.26291,1.26296,1.50,1.30
2016.03.15 03:46:04.743,1.26289,1.26297,1.50,2.10
2016.03.15 03:46:05.047,1.26288,1.26297,2.25,3.22
2016.03.15 03:46:05.553,1.26287,1.26295,1.50,3.22
2016.03.15 03:46:07.065,1.26287,1.26294,1.00,1.30
2016.03.15 03:46:07.319,1.26287,1.26296,1.02,1.00
2016.03.15 03:46:07.373,1.26291,1.26296,1.00,1.35
2016.03.15 03:46:07.576,1.26289,1.26296,1.00,1.72
2016.03.15 03:46:08.236,1.26287,1.26296,1.65,4.16
2016.03.15 03:46:08.338,1.26287,1.26295,1.57,2.47
2016.03.15 03:46:08.440,1.26287,1.26295,1.00,3.22
2016.03.15 03:46:08.946,1.26287,1.26295,1.00,1.97
2016.03.15 03:46:09.478,1.26287,1.26295,1.56,3.97
2016.03.15 03:46:10.406,1.26287,1.26295,1.00,3.22
2016.03.15 03:46:10.812,1.26285,1.26294,1.12,1.72
2016.03.15 03:46:11.326,1.26284,1.26294,3.00,2.47
2016.03.15 03:46:11.378,1.26284,1.26294,2.25,2.47
2016.03.15 03:46:11.925,1.26283,1.26292,1.00,1.00
2016.03.15 03:46:12.178,1.26281,1.26291,1.50,2.25
2016.03.15 03:46:12.651,1.26281,1.2629,3.00,1.50
2016.03.15 03:46:12.753,1.26281,1.2629,1.87,1.50
2016.03.15 03:46:13.294,1.26281,1.26291,4.76,1.50
2016.03.15 03:46:13.685,1.26281,1.26291,4.76,1.50
2016.03.15 03:46:13.988,1.26285,1.26293,1.87,1.50
2016.03.15 03:46:14.305,1.26285,1.26293,1.87,1.50
2016.03.15 03:46:14.508,1.26288,1.26295,1.75,2.85
2016.03.15 03:46:14.615,1.26288,1.26295,1.75,2.47
2016.03.15 03:46:14.970,1.26288,1.26295,1.00,2.10
2016.03.15 03:46:15.477,1.26284,1.26294,3.37,2.47
2016.03.15 03:46:16.032,1.26285,1.26294,1.25,2.47
2016.03.15 03:46:16.480,1.26284,1.26294,3.00,2.47
2016.03.15 03:46:16.685,1.26284,1.26292,1.56,1.30
2016.03.15 03:46:16.989,1.26282,1.26292,2.06,1.00
2016.03.15 03:46:17.041,1.26282,1.26292,2.25,1.00
2016.03.15 03:46:17.466,1.26284,1.26294,3.37,2.47
2016.03.15 03:46:18.326,1.26284,1.26294,1.87,1.72
2016.03.15 03:46:18.681,1.26287,1.26295,1.00,3.75
2016.03.15 03:46:19.002,1.26285,1.26293,1.37,1.30
2016.03.15 03:46:19.547,1.26285,1.26294,1.00,2.47
2016.03.15 03:46:19.768,1.26285,1.26294,1.00,2.47
2016.03.15 03:46:20.382,1.26285,1.26294,1.00,3.22
2016.03.15 03:46:20.535,1.26284,1.26292,1.00,1.72
2016.03.15 03:46:20.586,1.26282,1.26292,1.00,2.47
2016.03.15 03:46:20.840,1.26281,1.26291,1.00,1.60
2016.03.15 03:46:21.143,1.2628,1.2629,1.50,5.47
2016.03.15 03:46:21.245,1.2628,1.26288,1.50,1.37
2016.03.15 03:46:21.346,1.2628,1.2629,1.50,3.15
2016.03.15 03:46:21.499,1.26278,1.26288,1.00,1.00
2016.03.15 03:46:22.829,1.26278,1.26286,1.00,1.00
2016.03.15 03:46:22.982,1.26274,1.26283,1.00,1.00
2016.03.15 03:46:23.184,1.26272,1.26282,1.87,1.50
2016.03.15 03:46:23.717,1.26271,1.26281,1.87,1.00
2016.03.15 03:46:24.269,1.26274,1.26281,1.00,1.00
2016.03.15 03:46:24.371,1.26271,1.2628,1.00,2.32
2016.03.15 03:46:24.523,1.26274,1.2628,1.00,1.57
2016.03.15 03:46:24.636,1.26272,1.2628,1.00,1.00
2016.03.15 03:46:24.789,1.2627,1.2628,1.50,1.50
2016.03.15 03:46:25.700,1.26272,1.2628,1.50,1.50
2016.03.15 03:46:25.802,1.26274,1.26283,1.00,1.00
2016.03.15 03:46:25.954,1.26275,1.26284,3.00,1.50
2016.03.15 03:46:26.460,1.26275,1.26285,5.44,1.50
2016.03.15 03:46:27.384,1.26277,1.26285,1.12,1.50
2016.03.15 03:46:27.537,1.26278,1.26288,1.37,1.50
2016.03.15 03:46:27.891,1.2628,1.26289,1.20,1.00
2016.03.15 03:46:28.528,1.26279,1.26289,1.65,1.00
2016.03.15 03:46:30.884,1.26278,1.26287,2.25,1.00
2016.03.15 03:46:31.289,1.26282,1.26287,1.37,1.50
2016.03.15 03:46:31.492,1.26284,1.26293,1.00,1.50
2016.03.15 03:46:31.543,1.26283,1.26293,3.45,1.87
2016.03.15 03:46:32.554,1.26285,1.26293,1.12,1.50
2016.03.15 03:46:33.010,1.26287,1.26293,1.00,1.50
2016.03.15 03:46:33.320,1.26291,1.26295,1.87,1.60
2016.03.15 03:46:33.473,1.26293,1.26297,2.25,2.25
2016.03.15 03:46:33.524,1.26295,1.26298,1.50,1.50
2016.03.15 03:46:33.625,1.26294,1.26302,1.10,3.00
2016.03.15 03:46:33.676,1.26294,1.263,1.20,1.00
2016.03.15 03:46:33.980,1.26292,1.26298,1.50,1.37
2016.03.15 03:46:34.493,1.26288,1.26296,1.47,1.00
2016.03.15 03:46:34.544,1.26288,1.26296,1.57,1.00
2016.03.15 03:46:38.125,1.26287,1.26296,1.27,1.00
2016.03.15 03:46:39.321,1.26287,1.26295,1.20,1.00
2016.03.15 03:46:39.372,1.26286,1.26295,1.27,1.97
2016.03.15 03:46:39.576,1.26283,1.26292,1.50,1.05
2016.03.15 03:46:39.779,1.26285,1.26288,1.57,1.00
2016.03.15 03:46:39.830,1.26285,1.2629,1.57,1.00
2016.03.15 03:46:39.983,1.26286,1.26292,1.20,1.00
2016.03.15 03:46:40.034,1.26286,1.26294,1.20,1.50
2016.03.15 03:46:40.237,1.26288,1.26296,1.12,1.50
2016.03.15 03:46:40.439,1.26287,1.26296,1.20,1.50
2016.03.15 03:46:40.593,1.26286,1.26294,2.62,1.00
2016.03.15 03:46:41.099,1.26285,1.26294,4.20,1.50
2016.03.15 03:46:41.605,1.26284,1.26293,1.00,2.25
2016.03.15 03:46:41.656,1.26283,1.26289,1.50,1.00
2016.03.15 03:46:41.757,1.26281,1.26289,1.50,1.50
2016.03.15 03:46:42.291,1.2628,1.26289,1.65,1.50
2016.03.15 03:46:43.416,1.26281,1.26289,1.00,1.50
2016.03.15 03:46:43.796,1.26279,1.26286,1.00,1.00
2016.03.15 03:46:43.948,1.26277,1.26286,1.10,1.50
2016.03.15 03:46:43.999,1.26277,1.26284,1.57,1.00
2016.03.15 03:46:44.101,1.26275,1.26284,2.40,1.50
2016.03.15 03:46:44.708,1.26274,1.26284,3.00,2.25
2016.03.15 03:46:44.766,1.26274,1.26281,2.25,1.00
2016.03.15 03:46:44.817,1.26271,1.26281,1.50,3.19
2016.03.15 03:46:44.919,1.26269,1.26279,1.20,1.50
2016.03.15 03:46:45.020,1.26268,1.26274,1.00,1.00
2016.03.15 03:46:45.122,1.26264,1.26273,1.20,2.25
2016.03.15 03:46:45.224,1.26264,1.26271,1.50,1.00
2016.03.15 03:46:45.528,1.26262,1.26269,1.00,1.50
2016.03.15 03:46:45.832,1.26253,1.26262,2.32,1.00
2016.03.15 03:46:46.090,1.26256,1.26263,1.00,1.50
2016.03.15 03:46:46.496,1.26258,1.26263,1.00,1.50
2016.03.15 03:46:46.749,1.26255,1.26263,1.50,2.25
2016.03.15 03:46:46.800,1.26255,1.26261,1.00,1.00
2016.03.15 03:46:47.155,1.26258,1.26261,1.00,1.50
2016.03.15 03:46:48.136,1.26256,1.26261,1.00,1.50
2016.03.15 03:46:48.237,1.26256,1.26259,1.00,2.25
2016.03.15 03:46:48.288,1.26252,1.26256,1.00,1.00
2016.03.15 03:46:48.437,1.26249,1.26253,1.00,1.00
2016.03.15 03:46:48.488,1.26246,1.26251,1.10,1.00
2016.03.15 03:46:48.993,1.26245,1.26251,1.00,1.00
2016.03.15 03:46:50.203,1.26245,1.2625,1.00,1.00
2016.03.15 03:46:50.254,1.26243,1.26249,1.57,1.00
2016.03.15 03:46:50.356,1.26242,1.26247,1.00,1.00
2016.03.15 03:46:50.660,1.26245,1.26249,1.00,1.00
2016.03.15 03:46:50.863,1.26249,1.26254,1.00,1.87
2016.03.15 03:46:51.015,1.26249,1.2625,1.00,1.00
2016.03.15 03:46:51.521,1.26248,1.2625,1.00,1.50
2016.03.15 03:46:52.778,1.26245,1.2625,2.25,1.50
2016.03.15 03:46:52.880,1.26247,1.2625,1.00,1.50
2016.03.15 03:46:52.982,1.26245,1.2625,1.00,1.50
2016.03.15 03:46:53.134,1.26245,1.26252,1.00,1.00
2016.03.15 03:46:53.660,1.26246,1.26252,1.00,1.00
2016.03.15 03:46:54.167,1.26245,1.26252,1.50,1.00
2016.03.15 03:46:54.668,1.26247,1.26254,1.12,1.00
2016.03.15 03:46:54.974,1.26259,1.26261,1.00,1.00
2016.03.15 03:46:55.076,1.26259,1.26263,1.12,1.50
2016.03.15 03:46:55.179,1.2626,1.26265,1.85,1.00
2016.03.15 03:46:55.281,1.26261,1.26268,1.75,1.00
2016.03.15 03:46:55.486,1.26262,1.2627,2.25,2.25
2016.03.15 03:46:55.991,1.26262,1.2627,1.20,1.00
2016.03.15 03:46:56.396,1.26261,1.26268,1.10,1.00
2016.03.15 03:46:56.916,1.26259,1.26268,3.00,1.50
2016.03.15 03:47:00.338,1.26259,1.26265,1.12,1.00
2016.03.15 03:47:00.442,1.26257,1.26265,1.00,2.25
2016.03.15 03:47:00.493,1.26255,1.26265,4.57,2.25
2016.03.15 03:47:00.904,1.26255,1.26262,1.57,1.00
2016.03.15 03:47:01.413,1.26253,1.26261,1.50,1.00
2016.03.15 03:47:01.616,1.26252,1.26261,1.00,1.00
2016.03.15 03:47:01.740,1.26251,1.26257,1.00,1.00
2016.03.15 03:47:01.792,1.26246,1.26255,1.95,1.00
2016.03.15 03:47:01.895,1.26244,1.26253,1.00,1.00
2016.03.15 03:47:02.401,1.26243,1.26253,1.50,1.50
2016.03.15 03:47:03.354,1.26243,1.2625,1.00,1.00
2016.03.15 03:47:03.405,1.26241,1.2625,1.00,1.00
2016.03.15 03:47:03.558,1.2624,1.26248,1.50,1.00
2016.03.15 03:47:03.659,1.26238,1.26248,3.75,1.50
2016.03.15 03:47:04.171,1.26238,1.26247,1.50,1.00
2016.03.15 03:47:05.809,1.26238,1.26247,1.87,1.00
2016.03.15 03:47:05.961,1.26241,1.26247,1.00,1.00
2016.03.15 03:47:06.012,1.26241,1.26249,1.00,1.50
2016.03.15 03:47:06.302,1.26239,1.26249,1.50,1.50
2016.03.15 03:47:09.246,1.26239,1.26249,3.00,1.50
2016.03.15 03:47:09.297,1.26243,1.26249,1.00,1.50
2016.03.15 03:47:10.055,1.26243,1.2625,1.00,1.50
2016.03.15 03:47:10.561,1.26242,1.2625,1.00,1.50
2016.03.15 03:47:11.125,1.26241,1.2625,1.00,1.50
2016.03.15 03:47:11.479,1.26243,1.26251,1.00,1.50
2016.03.15 03:47:11.631,1.26244,1.26254,1.50,1.00
2016.03.15 03:47:14.288,1.26244,1.26253,1.00,1.00
2016.03.15 03:47:14.491,1.26248,1.26253,1.50,1.00
2016.03.15 03:47:14.643,1.26248,1.26256,1.50,1.00
2016.03.15 03:47:15.166,1.26249,1.26256,1.00,1.00
2016.03.15 03:47:15.308,1.26247,1.26252,1.50,1.00
2016.03.15 03:47:15.513,1.26245,1.26253,1.50,2.25
2016.03.15 03:47:15.565,1.26243,1.26253,1.50,3.00
2016.03.15 03:47:16.074,1.26242,1.26252,1.00,1.20
2016.03.15 03:47:16.327,1.2624,1.26252,3.75,1.65
2016.03.15 03:47:16.429,1.2624,1.26252,4.31,1.65
2016.03.15 03:47:16.530,1.2624,1.26252,1.50,2.70
2016.03.15 03:47:17.032,1.2624,1.26251,1.50,1.20
2016.03.15 03:47:20.313,1.2624,1.26252,2.81,4.87
2016.03.15 03:47:20.415,1.26244,1.26251,1.56,1.20
2016.03.15 03:47:20.568,1.26244,1.26253,1.56,1.00
2016.03.15 03:47:20.821,1.26245,1.26254,1.57,1.50
2016.03.15 03:47:21.348,1.26245,1.26255,1.57,1.50
2016.03.15 03:47:21.500,1.2625,1.26255,1.00,1.50
2016.03.15 03:47:21.602,1.26248,1.26255,1.00,1.50
2016.03.15 03:47:22.019,1.26246,1.26255,1.00,3.00
2016.03.15 03:47:22.322,1.26245,1.26255,3.56,3.00
2016.03.15 03:47:22.427,1.26248,1.26258,2.81,1.50
2016.03.15 03:47:22.630,1.2625,1.2626,4.39,2.25
2016.03.15 03:47:22.792,1.2625,1.2626,3.07,2.06
2016.03.15 03:47:22.844,1.2625,1.2626,3.07,2.06
2016.03.15 03:47:23.843,1.2625,1.2626,3.37,2.21
2016.03.15 03:47:24.092,1.2625,1.26257,1.50,1.00
2016.03.15 03:47:24.194,1.26248,1.26256,1.50,1.20
2016.03.15 03:47:24.296,1.26245,1.26255,2.25,1.20
2016.03.15 03:47:24.448,1.26245,1.26255,1.56,3.07
2016.03.15 03:47:24.651,1.26245,1.26255,1.00,1.00
2016.03.15 03:47:25.158,1.26246,1.26255,1.00,1.00
2016.03.15 03:47:25.688,1.26245,1.26255,3.00,1.00
2016.03.15 03:47:26.547,1.26247,1.26255,1.00,1.00
2016.03.15 03:47:26.598,1.26247,1.26257,1.50,1.65
2016.03.15 03:47:27.118,1.26248,1.26258,1.00,1.65
2016.03.15 03:47:31.547,1.26248,1.26258,1.56,1.20
2016.03.15 03:47:32.070,1.26248,1.26258,1.00,1.20
2016.03.15 03:47:32.564,1.26248,1.26258,2.81,1.10
2016.03.15 03:47:32.767,1.26253,1.26262,1.31,1.00
2016.03.15 03:47:32.818,1.26255,1.26263,1.00,1.57
2016.03.15 03:47:32.970,1.26256,1.26266,1.50,1.50
2016.03.15 03:47:33.475,1.26257,1.26266,1.00,2.25
2016.03.15 03:47:34.014,1.26257,1.26265,1.00,3.00
2016.03.15 03:47:34.317,1.26255,1.26264,1.00,1.50
2016.03.15 03:47:34.840,1.26255,1.26264,1.00,1.10
2016.03.15 03:47:35.362,1.26254,1.26264,2.62,1.10
2016.03.15 03:47:35.881,1.26255,1.26264,1.00,1.10
2016.03.15 03:47:36.488,1.26254,1.26264,2.62,1.10
2016.03.15 03:47:36.995,1.26254,1.26262,1.50,1.00
2016.03.15 03:47:37.350,1.26255,1.26265,1.00,4.20
2016.03.15 03:47:38.245,1.26255,1.26263,1.00,1.00
2016.03.15 03:47:38.297,1.26255,1.26262,1.00,1.50
2016.03.15 03:47:38.551,1.2625,1.26257,1.00,1.57
2016.03.15 03:47:38.602,1.26248,1.26257,1.50,1.65
2016.03.15 03:47:38.653,1.26248,1.26257,1.56,1.10
2016.03.15 03:47:38.806,1.26249,1.26259,2.14,1.50
2016.03.15 03:47:38.857,1.2625,1.26259,1.56,1.50
2016.03.15 03:47:38.959,1.2625,1.26259,1.00,1.50
2016.03.15 03:47:39.470,1.26249,1.26259,1.50,3.00
2016.03.15 03:47:41.015,1.26249,1.26259,1.50,1.50
2016.03.15 03:47:43.429,1.2625,1.26259,1.00,1.00
2016.03.15 03:47:44.264,1.2625,1.2626,1.00,2.40
2016.03.15 03:47:44.796,1.2625,1.26259,1.00,1.00
2016.03.15 03:47:45.440,1.2625,1.26255,1.00,1.57
2016.03.15 03:47:45.642,1.26246,1.26255,2.06,2.40
2016.03.15 03:47:45.794,1.26246,1.26254,2.06,1.00
2016.03.15 03:47:45.896,1.26246,1.26254,1.50,1.00
2016.03.15 03:47:46.403,1.26246,1.26253,1.50,1.00
2016.03.15 03:47:46.952,1.26246,1.26254,1.50,1.00
2016.03.15 03:47:47.474,1.26246,1.26255,1.50,4.09
2016.03.15 03:47:47.989,1.26246,1.26254,1.50,1.00
2016.03.15 03:47:48.563,1.26246,1.26255,1.50,3.15
2016.03.15 03:47:49.069,1.26247,1.26255,1.00,1.50
2016.03.15 03:47:49.841,1.26247,1.26256,1.00,2.25
2016.03.15 03:47:50.389,1.26247,1.26255,1.00,1.50
2016.03.15 03:47:50.918,1.26247,1.26256,1.00,1.50
2016.03.15 03:47:51.544,1.26247,1.26255,1.00,1.50
2016.03.15 03:47:51.880,1.26247,1.26253,1.00,1.00
2016.03.15 03:47:51.931,1.26245,1.26253,1.50,1.10
2016.03.15 03:47:52.033,1.26243,1.26253,2.25,3.82
2016.03.15 03:47:52.540,1.26243,1.2625,1.50,1.50
2016.03.15 03:47:53.050,1.26243,1.26251,1.50,1.65
2016.03.15 03:47:53.879,1.26243,1.2625,1.50,1.50
2016.03.15 03:47:55.158,1.26241,1.2625,1.00,1.50
2016.03.15 03:47:55.700,1.26241,1.26251,1.00,3.00
2016.03.15 03:47:56.251,1.26241,1.2625,1.00,1.50
2016.03.15 03:47:56.769,1.26242,1.2625,1.00,1.50
2016.03.15 03:47:57.174,1.26241,1.26246,1.00,1.00
2016.03.15 03:47:57.378,1.26234,1.2624,1.77,1.50
2016.03.15 03:47:57.479,1.26234,1.26244,1.50,3.90
2016.03.15 03:47:57.879,1.26234,1.2624,1.50,1.50
2016.03.15 03:47:58.285,1.26232,1.2624,1.00,1.50
2016.03.15 03:47:58.437,1.26232,1.2624,1.00,3.56
2016.03.15 03:47:58.589,1.26225,1.26231,1.00,1.50
2016.03.15 03:47:58.691,1.26222,1.2623,1.00,1.50
2016.03.15 03:47:58.944,1.26218,1.26225,1.00,2.25
2016.03.15 03:47:59.099,1.26212,1.26222,1.00,1.10
2016.03.15 03:47:59.353,1.26211,1.26219,1.00,1.00
2016.03.15 03:47:59.404,1.26209,1.26219,1.50,3.19
2016.03.15 03:47:59.506,1.26207,1.26217,1.00,1.00
2016.03.15 03:47:59.710,1.26206,1.26215,2.62,1.50
2016.03.15 03:48:00.007,1.26207,1.26217,3.75,1.50
2016.03.15 03:48:00.110,1.26208,1.26215,1.12,1.50
2016.03.15 03:48:00.263,1.26207,1.26215,1.00,1.00
2016.03.15 03:48:00.314,1.26206,1.26213,1.50,1.00
2016.03.15 03:48:00.620,1.26196,1.26203,1.50,1.00
2016.03.15 03:48:00.723,1.26193,1.26201,1.00,3.00
2016.03.15 03:48:00.775,1.26192,1.26199,1.00,2.25
2016.03.15 03:48:00.827,1.26189,1.26199,1.50,3.00
2016.03.15 03:48:00.933,1.26186,1.26195,1.10,1.50
2016.03.15 03:48:01.237,1.26191,1.26199,1.20,1.50
2016.03.15 03:48:01.542,1.26191,1.26201,1.57,2.25
2016.03.15 03:48:01.594,1.26191,1.262,1.20,1.50
2016.03.15 03:48:01.645,1.26193,1.262,1.00,1.50
2016.03.15 03:48:01.797,1.26191,1.262,1.20,1.50
2016.03.15 03:48:02.305,1.26192,1.26201,1.27,1.00
2016.03.15 03:48:02.609,1.26195,1.26204,1.50,1.00
2016.03.15 03:48:02.812,1.26195,1.26204,4.12,1.00
2016.03.15 03:48:02.914,1.26196,1.26206,3.00,1.00
2016.03.15 03:48:03.016,1.26195,1.26205,1.50,1.00
2016.03.15 03:48:03.342,1.26194,1.26204,2.25,2.06
2016.03.15 03:48:03.546,1.2619,1.262,1.20,1.00
2016.03.15 03:48:05.058,1.2619,1.262,1.10,3.64
2016.03.15 03:48:05.210,1.26186,1.26195,1.50,1.50
2016.03.15 03:48:05.312,1.26184,1.26194,1.50,1.50
2016.03.15 03:48:05.849,1.26183,1.26193,1.50,1.50
2016.03.15 03:48:05.952,1.26183,1.2619,1.00,1.50
2016.03.15 03:48:06.003,1.2618,1.2619,1.57,2.62
2016.03.15 03:48:06.105,1.26177,1.26187,1.50,1.37
2016.03.15 03:48:06.207,1.26173,1.26183,2.12,1.50
2016.03.15 03:48:06.309,1.26171,1.26179,1.20,1.00
2016.03.15 03:48:06.613,1.26159,1.26166,1.00,1.50
2016.03.15 03:48:06.716,1.26153,1.26161,1.50,1.00
2016.03.15 03:48:06.819,1.2615,1.26155,1.50,1.50
2016.03.15 03:48:06.921,1.26142,1.26155,3.00,2.25
2016.03.15 03:48:07.023,1.26142,1.26151,1.57,1.00
2016.03.15 03:48:07.125,1.26135,1.26146,3.37,1.00
2016.03.15 03:48:07.176,1.26135,1.26148,3.37,1.00
2016.03.15 03:48:07.227,1.26136,1.26148,1.87,1.00
2016.03.15 03:48:07.278,1.26136,1.2615,1.45,1.50
2016.03.15 03:48:07.431,1.26136,1.2615,1.20,3.56
2016.03.15 03:48:07.742,1.26143,1.26154,1.12,1.50
2016.03.15 03:48:07.793,1.26145,1.26158,3.00,2.44
2016.03.15 03:48:07.844,1.26146,1.26158,1.12,1.31
2016.03.15 03:48:07.946,1.26148,1.2616,1.07,1.00
2016.03.15 03:48:07.997,1.26151,1.26161,1.57,1.00
2016.03.15 03:48:08.149,1.26154,1.26166,3.75,1.00
2016.03.15 03:48:08.251,1.26155,1.26162,1.20,1.00
2016.03.15 03:48:08.555,1.26148,1.26153,1.00,1.00
2016.03.15 03:48:08.606,1.26146,1.26154,1.50,1.00
2016.03.15 03:48:08.816,1.26144,1.26154,1.65,2.25
2016.03.15 03:48:09.019,1.26143,1.26152,1.00,1.00
2016.03.15 03:48:09.323,1.26137,1.26146,1.50,1.50
2016.03.15 03:48:09.728,1.26136,1.26143,1.00,1.00
2016.03.15 03:48:09.915,1.26131,1.26141,1.50,1.87
2016.03.15 03:48:09.966,1.26131,1.26141,1.50,4.50
2016.03.15 03:48:10.017,1.26129,1.26139,1.50,1.57
2016.03.15 03:48:10.220,1.26128,1.26138,1.00,1.47
2016.03.15 03:48:10.423,1.26125,1.26135,2.25,3.00
2016.03.15 03:48:10.525,1.26125,1.26135,6.37,1.50
2016.03.15 03:48:10.627,1.26126,1.26138,1.12,1.00
2016.03.15 03:48:10.728,1.26126,1.26139,1.12,1.50
2016.03.15 03:48:10.921,1.2612,1.26128,1.00,1.00
2016.03.15 03:48:10.973,1.26115,1.26128,3.00,1.37
2016.03.15 03:48:11.075,1.26116,1.26129,1.50,1.00
2016.03.15 03:48:11.280,1.26116,1.26129,1.87,1.00
2016.03.15 03:48:11.584,1.2611,1.26124,1.87,1.10
2016.03.15 03:48:11.635,1.26115,1.26126,1.12,3.00
2016.03.15 03:48:11.737,1.26113,1.26126,1.20,1.20
2016.03.15 03:48:11.890,1.2611,1.26122,4.50,1.00
2016.03.15 03:48:11.992,1.26107,1.2612,1.87,1.50
2016.03.15 03:48:12.094,1.26107,1.26118,1.45,1.50
2016.03.15 03:48:12.196,1.26106,1.26118,1.00,1.12
2016.03.15 03:48:12.247,1.26104,1.26116,1.00,1.57
2016.03.15 03:48:12.551,1.26102,1.26113,4.61,1.00
2016.03.15 03:48:12.653,1.26102,1.26115,3.60,1.65
2016.03.15 03:48:13.111,1.26102,1.26114,1.95,1.37
2016.03.15 03:48:13.466,1.261,1.26111,1.72,1.87
2016.03.15 03:48:13.770,1.2609,1.26101,4.50,1.00
2016.03.15 03:48:13.872,1.26093,1.26103,1.00,1.00
2016.03.15 03:48:13.934,1.26096,1.26103,1.00,1.00
2016.03.15 03:48:14.177,1.26102,1.26113,1.93,1.50
2016.03.15 03:48:14.229,1.26106,1.26115,1.00,1.50
2016.03.15 03:48:14.333,1.26108,1.26115,1.00,2.25
2016.03.15 03:48:14.487,1.26115,1.26123,1.10,1.00
2016.03.15 03:48:14.539,1.26115,1.26125,1.10,1.50
2016.03.15 03:48:14.692,1.26118,1.26126,1.00,1.00
2016.03.15 03:48:14.997,1.26124,1.26132,1.00,1.00
2016.03.15 03:48:15.048,1.26124,1.26134,1.00,1.50
2016.03.15 03:48:15.154,1.26129,1.26134,1.00,1.00
2016.03.15 03:48:15.459,1.26133,1.26135,1.00,1.00
2016.03.15 03:48:15.763,1.26146,1.26151,1.00,2.25
2016.03.15 03:48:15.967,1.2615,1.26165,2.25,1.50
2016.03.15 03:48:16.068,1.26154,1.26169,1.50,1.12
2016.03.15 03:48:16.221,1.26155,1.26167,1.57,1.00
2016.03.15 03:48:16.373,1.26159,1.26172,3.00,1.00
2016.03.15 03:48:16.475,1.26161,1.26173,1.10,1.00
2016.03.15 03:48:16.779,1.26165,1.26177,2.40,1.00
2016.03.15 03:48:17.107,1.26166,1.26175,3.37,1.50
2016.03.15 03:48:17.159,1.2617,1.26179,1.50,1.00
2016.03.15 03:48:17.311,1.26168,1.26178,1.50,1.12
2016.03.15 03:48:17.363,1.26166,1.26178,1.00,1.20
2016.03.15 03:48:17.616,1.26165,1.26173,1.50,1.00
2016.03.15 03:48:17.668,1.26162,1.26173,1.00,1.00
2016.03.15 03:48:17.770,1.2616,1.26171,1.57,1.50
2016.03.15 03:48:17.974,1.26151,1.26165,1.12,2.40
2016.03.15 03:48:18.026,1.2615,1.26165,2.40,2.40
2016.03.15 03:48:18.137,1.2615,1.26161,1.50,2.25
2016.03.15 03:48:18.441,1.26148,1.26151,1.00,1.00
2016.03.15 03:48:18.493,1.26143,1.26152,1.00,1.50
2016.03.15 03:48:18.596,1.26136,1.26146,1.50,1.00
2016.03.15 03:48:18.901,1.26125,1.26137,3.00,1.12
2016.03.15 03:48:18.952,1.26125,1.26133,2.25,1.12
2016.03.15 03:48:19.004,1.2612,1.26133,3.00,1.50
2016.03.15 03:48:19.158,1.2612,1.26129,1.50,1.00
2016.03.15 03:48:19.260,1.26118,1.26134,1.87,1.75
2016.03.15 03:48:19.312,1.2612,1.26135,2.25,3.00
2016.03.15 03:48:19.363,1.26122,1.26135,1.20,1.50
2016.03.15 03:48:19.870,1.26124,1.26135,1.00,1.65
2016.03.15 03:48:19.921,1.26127,1.26135,1.00,1.65
2016.03.15 03:48:20.124,1.26131,1.26142,1.00,1.10
2016.03.15 03:48:20.229,1.26134,1.26146,1.00,1.50
2016.03.15 03:48:20.280,1.26135,1.26148,3.00,1.12
2016.03.15 03:48:20.331,1.26137,1.2615,1.87,3.75
2016.03.15 03:48:20.383,1.26141,1.2615,1.00,1.00
2016.03.15 03:48:20.434,1.26141,1.26152,1.00,1.00
2016.03.15 03:48:20.485,1.26143,1.26152,1.00,1.00
2016.03.15 03:48:20.587,1.2614,1.26152,3.00,1.00
2016.03.15 03:48:20.638,1.26142,1.26155,1.12,1.50
2016.03.15 03:48:20.790,1.2614,1.26154,3.00,1.12
2016.03.15 03:48:20.943,1.2614,1.2615,1.50,1.50
2016.03.15 03:48:20.994,1.26135,1.2615,1.20,2.25
2016.03.15 03:48:21.161,1.26135,1.26146,1.12,1.00
2016.03.15 03:48:21.466,1.26145,1.26152,1.57,1.00
2016.03.15 03:48:21.669,1.26144,1.26154,6.00,1.00
2016.03.15 03:48:21.821,1.26144,1.26151,4.87,1.00
2016.03.15 03:48:22.126,1.26146,1.26149,1.50,1.00
2016.03.15 03:48:22.436,1.26135,1.26142,1.00,1.00
2016.03.15 03:48:22.639,1.26132,1.26142,1.00,1.65
2016.03.15 03:48:23.249,1.26132,1.2614,1.00,1.00
2016.03.15 03:48:23.350,1.2613,1.26139,1.00,1.00
2016.03.15 03:48:23.653,1.26136,1.26139,1.00,1.50
2016.03.15 03:48:23.907,1.2614,1.26148,1.00,1.50
2016.03.15 03:48:23.958,1.26142,1.26147,1.00,1.00
2016.03.15 03:48:24.212,1.26139,1.26148,1.57,1.50
2016.03.15 03:48:24.364,1.26138,1.26147,2.32,1.00
2016.03.15 03:48:24.870,1.26136,1.26146,3.37,1.50
2016.03.15 03:48:24.922,1.2614,1.26146,1.00,1.50
2016.03.15 03:48:25.024,1.26139,1.26149,1.95,1.50
2016.03.15 03:48:25.531,1.26139,1.26149,3.75,1.50
2016.03.15 03:48:26.053,1.26139,1.26149,1.95,1.00
2016.03.15 03:48:26.213,1.26138,1.26147,2.25,1.00
2016.03.15 03:48:26.517,1.26137,1.26145,1.20,1.00
2016.03.15 03:48:26.720,1.26134,1.26143,1.20,1.00
2016.03.15 03:48:27.323,1.26134,1.26143,1.57,1.00
2016.03.15 03:48:27.844,1.26134,1.26143,1.50,1.00
2016.03.15 03:48:28.351,1.26134,1.26143,1.10,1.00
2016.03.15 03:48:28.979,1.26133,1.26142,1.95,1.00
2016.03.15 03:48:29.233,1.26129,1.26138,1.20,1.00
2016.03.15 03:48:30.035,1.26129,1.26139,1.00,1.50
2016.03.15 03:48:32.248,1.26131,1.26139,1.00,1.00
2016.03.15 03:48:32.350,1.26128,1.26137,1.00,1.00
2016.03.15 03:48:32.654,1.26126,1.26137,1.20,1.50
2016.03.15 03:48:32.705,1.26128,1.26137,1.50,1.50
2016.03.15 03:48:33.050,1.26133,1.26143,1.20,1.00
2016.03.15 03:48:33.253,1.26135,1.26145,1.65,3.00
2016.03.15 03:48:34.098,1.26136,1.26145,1.20,1.00
2016.03.15 03:48:34.200,1.26137,1.26147,1.00,2.25
2016.03.15 03:48:34.706,1.26137,1.26147,1.87,2.25
2016.03.15 03:48:34.757,1.26142,1.26147,1.00,1.00
2016.03.15 03:48:34.859,1.26142,1.26151,2.62,1.37
2016.03.15 03:48:34.961,1.26146,1.26154,1.00,1.12
2016.03.15 03:48:35.164,1.26149,1.26158,1.87,1.00
2016.03.15 03:48:35.687,1.26149,1.26159,1.95,2.25
2016.03.15 03:48:35.941,1.26149,1.26157,1.50,1.00
2016.03.15 03:48:36.656,1.26149,1.26156,1.50,1.00
2016.03.15 03:48:36.858,1.26147,1.26155,1.00,1.00
2016.03.15 03:48:36.960,1.26145,1.2615,1.00,1.00
2016.03.15 03:48:37.062,1.26141,1.26147,1.00,1.00
2016.03.15 03:48:37.164,1.26137,1.26146,1.00,1.65
2016.03.15 03:48:37.368,1.26138,1.26145,1.07,1.50
2016.03.15 03:48:37.670,1.26139,1.26149,4.12,3.00
2016.03.15 03:48:37.721,1.26139,1.26149,2.25,3.00
2016.03.15 03:48:37.773,1.26139,1.26147,1.00,1.00
2016.03.15 03:48:37.925,1.26137,1.26147,1.00,1.50
2016.03.15 03:48:38.078,1.26136,1.26144,1.00,1.00
2016.03.15 03:48:38.282,1.26132,1.26142,1.57,1.50
2016.03.15 03:48:38.586,1.2613,1.2614,3.37,1.00
2016.03.15 03:48:38.688,1.26131,1.26142,1.20,2.25
2016.03.15 03:48:39.461,1.26131,1.26142,1.57,2.25
2016.03.15 03:48:39.895,1.26133,1.26142,2.25,2.25
2016.03.15 03:48:41.143,1.26134,1.26142,2.02,1.50
2016.03.15 03:48:41.450,1.26141,1.26147,1.00,1.50
2016.03.15 03:48:41.959,1.26141,1.26149,1.00,1.50
2016.03.15 03:48:44.659,1.2614,1.26149,1.65,1.50
2016.03.15 03:48:44.761,1.26142,1.26149,1.00,1.50
2016.03.15 03:48:44.964,1.26138,1.26147,1.50,1.00
2016.03.15 03:48:45.470,1.26138,1.26148,1.50,1.50
2016.03.15 03:48:45.985,1.26138,1.26148,3.00,1.50
2016.03.15 03:48:46.491,1.2614,1.26149,1.65,1.50
2016.03.15 03:48:47.680,1.2614,1.26146,1.10,1.00
2016.03.15 03:48:47.833,1.26136,1.26145,1.50,1.31
2016.03.15 03:48:47.884,1.26136,1.26144,1.00,1.56
2016.03.15 03:48:47.986,1.26134,1.26142,1.10,1.00
2016.03.15 03:48:48.087,1.26132,1.2614,1.00,1.00
2016.03.15 03:48:48.291,1.2613,1.2614,1.50,2.25
2016.03.15 03:48:48.904,1.2613,1.26138,1.00,1.00
2016.03.15 03:48:49.411,1.26129,1.26139,3.00,1.50
2016.03.15 03:48:52.613,1.2613,1.2614,5.25,1.00
2016.03.15 03:48:52.817,1.26133,1.26142,4.50,1.00
2016.03.15 03:48:53.321,1.26135,1.26143,1.20,1.00
2016.03.15 03:48:53.374,1.26135,1.26145,1.20,1.00
2016.03.15 03:48:53.880,1.26136,1.26146,1.95,1.00
2016.03.15 03:48:54.388,1.26136,1.26145,1.12,1.00
2016.03.15 03:48:54.939,1.26136,1.26145,1.75,1.50
2016.03.15 03:48:55.192,1.26138,1.26148,2.70,2.25
2016.03.15 03:48:55.698,1.26138,1.26148,3.37,1.00
2016.03.15 03:48:55.901,1.2614,1.2615,1.57,2.25
2016.03.15 03:48:56.158,1.26141,1.26151,1.85,1.50
2016.03.15 03:48:56.513,1.26142,1.26152,1.50,3.84
2016.03.15 03:48:56.715,1.26142,1.26149,1.00,2.43
2016.03.15 03:48:56.817,1.26139,1.26147,1.00,1.24
2016.03.15 03:48:56.919,1.26137,1.26145,1.50,1.12
2016.03.15 03:48:57.071,1.26135,1.26144,1.00,1.20
2016.03.15 03:48:57.359,1.26135,1.26144,3.00,1.20
2016.03.15 03:48:57.612,1.26128,1.26138,1.50,1.57
2016.03.15 03:48:58.018,1.2613,1.26137,1.50,1.10
2016.03.15 03:48:58.170,1.26127,1.26139,2.25,4.50
2016.03.15 03:48:58.481,1.26127,1.26139,1.50,3.00
2016.03.15 03:48:58.532,1.26135,1.26139,1.50,1.50
2016.03.15 03:48:58.635,1.26135,1.26142,1.00,1.00
2016.03.15 03:48:58.738,1.26133,1.26144,1.50,1.20
2016.03.15 03:48:59.043,1.26133,1.26143,1.50,3.19
2016.03.15 03:48:59.145,1.26128,1.26138,1.50,1.20
2016.03.15 03:48:59.399,1.26124,1.26133,3.00,1.00
2016.03.15 03:48:59.581,1.26121,1.26131,1.00,2.32
2016.03.15 03:48:59.632,1.26119,1.26129,1.50,1.50
2016.03.15 03:48:59.937,1.26117,1.26127,1.50,1.65
2016.03.15 03:49:00.240,1.26115,1.26127,2.25,3.15
2016.03.15 03:49:00.291,1.26117,1.26127,1.00,2.40
2016.03.15 03:49:00.595,1.26115,1.26125,1.00,1.00
2016.03.15 03:49:01.304,1.26115,1.26123,1.00,1.00
2016.03.15 03:49:01.456,1.26109,1.26119,1.50,1.00
2016.03.15 03:49:01.960,1.26108,1.26118,1.50,1.50
2016.03.15 03:49:03.307,1.26111,1.2612,1.00,3.75
2016.03.15 03:49:03.814,1.2611,1.2612,1.57,3.00
2016.03.15 03:49:04.118,1.2611,1.26118,1.50,1.00
2016.03.15 03:49:04.322,1.26108,1.26117,1.00,1.00
2016.03.15 03:49:05.108,1.26108,1.26118,1.00,1.50
2016.03.15 03:49:05.311,1.2611,1.26119,1.50,1.00
2016.03.15 03:49:05.839,1.2611,1.26118,1.50,1.00
2016.03.15 03:49:07.003,1.2611,1.26119,1.50,1.50
2016.03.15 03:49:07.307,1.26112,1.2612,1.00,1.68
2016.03.15 03:49:07.536,1.26116,1.26127,1.50,1.62
2016.03.15 03:49:07.739,1.26119,1.26126,1.50,1.00
2016.03.15 03:49:07.942,1.26119,1.26129,3.00,1.00
2016.03.15 03:49:08.044,1.26121,1.26132,1.00,1.37
2016.03.15 03:49:08.095,1.26121,1.26132,1.00,1.00
2016.03.15 03:49:08.248,1.26122,1.26134,1.87,1.38
2016.03.15 03:49:08.349,1.26126,1.26136,1.50,1.68
2016.03.15 03:49:08.401,1.26126,1.26137,1.50,1.68
2016.03.15 03:49:08.510,1.26127,1.26135,1.00,1.00
2016.03.15 03:49:09.019,1.26127,1.26136,1.95,1.24
2016.03.15 03:49:09.171,1.26129,1.2614,1.00,2.43
2016.03.15 03:49:09.425,1.26131,1.26139,1.50,1.24
2016.03.15 03:49:09.734,1.26131,1.26139,1.50,1.18
2016.03.15 03:49:10.040,1.26129,1.26136,2.25,1.50
2016.03.15 03:49:10.141,1.26127,1.26135,1.50,1.50
2016.03.15 03:49:10.192,1.26127,1.26132,1.50,1.00
2016.03.15 03:49:10.243,1.26125,1.26132,1.50,1.00
2016.03.15 03:49:10.749,1.26124,1.26132,1.00,1.00
2016.03.15 03:49:10.902,1.26124,1.2613,1.00,3.30
2016.03.15 03:49:11.016,1.26112,1.26124,1.00,1.57
2016.03.15 03:49:11.069,1.26111,1.2612,1.50,1.50
2016.03.15 03:49:11.678,1.26111,1.26121,1.50,2.25
2016.03.15 03:49:11.931,1.26109,1.26121,1.50,3.00
2016.03.15 03:49:11.982,1.26109,1.26115,1.50,1.50
2016.03.15 03:49:12.135,1.26102,1.26111,1.50,2.25
2016.03.15 03:49:12.234,1.26102,1.26107,1.00,1.00
2016.03.15 03:49:12.336,1.261,1.26107,1.00,1.00
2016.03.15 03:49:12.437,1.26096,1.26107,1.00,1.00
2016.03.15 03:49:12.641,1.26096,1.2611,1.75,2.32
2016.03.15 03:49:12.946,1.26104,1.26117,1.00,2.25
2016.03.15 03:49:13.099,1.26104,1.26115,1.50,2.62
2016.03.15 03:49:13.403,1.26098,1.261,1.00,1.50
2016.03.15 03:49:13.455,1.26093,1.261,2.25,1.50
2016.03.15 03:49:13.608,1.26093,1.26102,1.50,1.00
2016.03.15 03:49:13.710,1.26092,1.26104,1.00,1.00
2016.03.15 03:49:13.863,1.26095,1.26106,1.10,2.25
2016.03.15 03:49:13.964,1.26095,1.26108,1.95,1.50
2016.03.15 03:49:14.066,1.26095,1.2611,4.12,3.07
2016.03.15 03:49:14.620,1.26095,1.26108,5.25,3.00
2016.03.15 03:49:14.671,1.26095,1.26108,3.00,5.62
2016.03.15 03:49:14.722,1.26095,1.26108,1.00,6.00
2016.03.15 03:49:14.773,1.26093,1.26104,1.00,1.00
2016.03.15 03:49:15.279,1.26093,1.26105,1.10,1.57
2016.03.15 03:49:15.330,1.26093,1.26107,1.10,1.57
2016.03.15 03:49:15.432,1.26093,1.26108,3.00,1.50
2016.03.15 03:49:15.889,1.26097,1.26108,1.00,1.50
2016.03.15 03:49:16.395,1.26095,1.26109,3.82,2.25
2016.03.15 03:49:17.474,1.26099,1.26109,1.00,1.00
2016.03.15 03:49:17.576,1.26099,1.26111,1.00,1.50
2016.03.15 03:49:18.082,1.26096,1.2611,4.87,1.12
2016.03.15 03:49:18.646,1.26096,1.2611,3.00,1.00
2016.03.15 03:49:19.746,1.26096,1.26109,2.25,1.00
2016.03.15 03:49:19.981,1.26096,1.26109,2.25,2.10
2016.03.15 03:49:20.285,1.26093,1.26102,1.50,2.47
2016.03.15 03:49:20.639,1.26091,1.261,1.27,1.30
2016.03.15 03:49:21.345,1.2609,1.261,1.00,1.97
2016.03.15 03:49:21.499,1.26086,1.26097,1.37,1.00
2016.03.15 03:49:21.551,1.26086,1.26096,1.00,1.00
2016.03.15 03:49:21.753,1.26084,1.26096,1.20,1.35
2016.03.15 03:49:22.534,1.26083,1.26096,1.57,1.00
2016.03.15 03:49:22.966,1.26083,1.26096,1.57,2.10
2016.03.15 03:49:23.287,1.26078,1.26092,1.10,1.57
2016.03.15 03:49:23.642,1.2608,1.26092,1.50,2.62
2016.03.15 03:49:23.993,1.26084,1.26092,1.50,1.00
2016.03.15 03:49:24.297,1.26084,1.26094,3.00,1.00
2016.03.15 03:49:24.348,1.26082,1.26094,1.10,1.00
2016.03.15 03:49:24.854,1.26085,1.26093,1.50,1.00
2016.03.15 03:49:25.006,1.26084,1.26096,3.37,1.00
2016.03.15 03:49:25.058,1.26086,1.26096,1.37,1.00
2016.03.15 03:49:25.160,1.26088,1.26099,1.12,1.00
2016.03.15 03:49:25.262,1.2609,1.261,1.50,1.00
2016.03.15 03:49:25.567,1.26092,1.26102,1.00,1.97
2016.03.15 03:49:25.872,1.26099,1.26109,2.62,1.00
2016.03.15 03:49:25.975,1.26101,1.26111,1.20,1.00
2016.03.15 03:49:26.077,1.26102,1.26114,1.50,1.00
2016.03.15 03:49:26.393,1.26105,1.26118,1.65,1.00
2016.03.15 03:49:26.495,1.26105,1.26115,1.57,1.00
2016.03.15 03:49:27.001,1.26106,1.26116,1.50,1.00
2016.03.15 03:49:27.305,1.26106,1.26108,1.50,1.50
2016.03.15 03:49:27.457,1.26097,1.26106,1.00,1.35
2016.03.15 03:49:27.561,1.26094,1.26098,2.55,1.35
2016.03.15 03:49:27.663,1.2609,1.26095,4.50,2.29
2016.03.15 03:49:27.866,1.26093,1.261,1.00,1.37
2016.03.15 03:49:27.917,1.26093,1.26099,1.87,1.00
2016.03.15 03:49:27.968,1.26095,1.26099,2.40,1.00
2016.03.15 03:49:28.019,1.26095,1.26102,3.15,1.00
2016.03.15 03:49:28.070,1.26097,1.26109,1.65,1.50
2016.03.15 03:49:28.172,1.26099,1.2611,2.25,1.00
2016.03.15 03:49:28.223,1.26099,1.26112,2.62,1.50
2016.03.15 03:49:28.274,1.26104,1.26114,1.00,1.10
2016.03.15 03:49:28.376,1.26104,1.26116,1.57,1.00
2016.03.15 03:49:28.581,1.26104,1.26114,2.40,1.00
2016.03.15 03:49:29.129,1.26104,1.26113,1.50,1.00
2016.03.15 03:49:29.636,1.26104,1.26114,1.50,1.00
2016.03.15 03:49:29.890,1.26099,1.2611,1.50,3.00
2016.03.15 03:49:29.942,1.26099,1.26104,1.50,2.10
2016.03.15 03:49:30.149,1.26091,1.26092,1.50,1.30
2016.03.15 03:49:30.200,1.26088,1.26094,1.20,2.47
2016.03.15 03:49:30.302,1.26086,1.26088,1.00,1.35
2016.03.15 03:49:30.404,1.26087,1.26093,1.00,1.00
2016.03.15 03:49:30.606,1.26087,1.26092,1.00,1.37
2016.03.15 03:49:30.657,1.26084,1.26092,1.00,1.72
2016.03.15 03:49:30.708,1.26084,1.26092,1.00,1.72
2016.03.15 03:49:30.911,1.26082,1.26092,2.32,2.10
2016.03.15 03:49:31.013,1.26083,1.26092,1.00,1.37
2016.03.15 03:49:31.114,1.26083,1.26092,1.00,1.35
2016.03.15 03:49:31.620,1.26084,1.26092,1.00,1.72
2016.03.15 03:49:32.075,1.26082,1.26092,1.12,1.72
2016.03.15 03:49:32.704,1.26083,1.26091,1.00,1.30
2016.03.15 03:49:32.755,1.26083,1.26092,1.00,1.60
2016.03.15 03:49:33.217,1.26085,1.26092,1.00,1.37
2016.03.15 03:49:33.370,1.26083,1.26089,1.00,1.12
2016.03.15 03:49:33.472,1.26081,1.26089,1.00,1.60
2016.03.15 03:49:33.573,1.26079,1.26089,1.00,1.97
2016.03.15 03:49:33.725,1.26077,1.26089,2.44,1.87
2016.03.15 03:49:33.776,1.26077,1.26086,1.69,1.00
2016.03.15 03:49:33.979,1.26076,1.26088,1.31,1.00
2016.03.15 03:49:34.316,1.26076,1.26086,1.69,1.00
2016.03.15 03:49:34.367,1.26076,1.26086,1.00,1.00
2016.03.15 03:49:34.570,1.26075,1.26086,1.69,1.00
2016.03.15 03:49:34.723,1.26076,1.26088,1.84,1.00
2016.03.15 03:49:34.775,1.2608,1.26088,1.37,1.00
2016.03.15 03:49:35.028,1.26083,1.26091,1.00,1.00
2016.03.15 03:49:35.180,1.26081,1.26091,1.00,1.00
2016.03.15 03:49:35.444,1.26081,1.26091,1.12,1.72
2016.03.15 03:49:35.749,1.26078,1.26086,1.00,1.35
2016.03.15 03:49:36.259,1.26074,1.26086,2.51,1.00
2016.03.15 03:49:36.457,1.26073,1.26084,2.59,1.12
2016.03.15 03:49:36.662,1.26072,1.26086,2.14,5.17
2016.03.15 03:49:36.814,1.26074,1.26085,1.50,1.50
2016.03.15 03:49:37.118,1.26078,1.26088,1.19,1.35
2016.03.15 03:49:37.571,1.26079,1.26086,1.00,1.00
2016.03.15 03:49:38.030,1.26077,1.26088,1.19,1.00
2016.03.15 03:49:38.577,1.2608,1.26087,1.25,1.00
2016.03.15 03:49:39.215,1.26078,1.26087,1.19,1.00
2016.03.15 03:49:39.419,1.26077,1.26087,1.50,1.00
2016.03.15 03:49:39.925,1.26078,1.26089,1.50,1.12
2016.03.15 03:49:40.229,1.26085,1.26093,1.00,1.00
2016.03.15 03:49:40.592,1.26085,1.26095,1.10,1.56
2016.03.15 03:49:40.694,1.26085,1.26096,1.10,1.50
2016.03.15 03:49:40.795,1.26089,1.26098,1.00,1.87
2016.03.15 03:49:41.201,1.2609,1.261,1.00,2.25
2016.03.15 03:49:41.353,1.2609,1.261,3.00,1.00
2016.03.15 03:49:41.404,1.26093,1.26102,1.50,1.00
2016.03.15 03:49:41.506,1.26094,1.26105,1.20,1.12
2016.03.15 03:49:41.557,1.26096,1.26105,1.00,1.00
2016.03.15 03:49:42.074,1.26097,1.26104,1.00,1.00
2016.03.15 03:49:42.126,1.26096,1.26106,1.10,1.00
2016.03.15 03:49:42.430,1.26098,1.26106,1.00,1.00
2016.03.15 03:49:42.633,1.26101,1.26112,1.20,1.50
2016.03.15 03:49:42.684,1.26097,1.26101,1.66,2.10
2016.03.15 03:49:42.787,1.26096,1.261,2.32,2.06
2016.03.15 03:49:42.838,1.26098,1.261,1.00,1.00
2016.03.15 03:49:42.926,1.26094,1.261,1.50,3.00
2016.03.15 03:49:42.978,1.2609,1.261,1.20,5.10
2016.03.15 03:49:43.080,1.26087,1.26095,1.57,1.12
2016.03.15 03:49:43.233,1.26086,1.26098,2.86,1.50
2016.03.15 03:49:43.588,1.26089,1.26098,1.16,1.00
2016.03.15 03:49:43.639,1.26089,1.26101,1.16,1.50
2016.03.15 03:49:43.791,1.26091,1.26101,1.16,1.00
2016.03.15 03:49:43.842,1.26091,1.26103,1.66,1.00
2016.03.15 03:49:43.944,1.26094,1.26107,1.10,2.25
2016.03.15 03:49:43.995,1.26094,1.26107,2.32,1.50
2016.03.15 03:49:44.462,1.26096,1.26107,1.20,2.47
2016.03.15 03:49:44.716,1.26095,1.26105,2.32,1.00
2016.03.15 03:49:44.818,1.26094,1.26105,4.20,1.72
2016.03.15 03:49:45.123,1.26091,1.261,1.00,1.00
2016.03.15 03:49:46.222,1.26091,1.26099,1.00,1.00
2016.03.15 03:49:46.273,1.26091,1.26096,1.00,1.00
2016.03.15 03:49:46.425,1.26088,1.26099,1.50,2.25
2016.03.15 03:49:47.406,1.26088,1.26095,1.00,1.00
2016.03.15 03:49:47.710,1.26082,1.26086,1.00,1.50
2016.03.15 03:49:47.913,1.26078,1.26084,1.50,1.00
2016.03.15 03:49:48.014,1.26078,1.26091,2.25,2.62
2016.03.15 03:49:48.278,1.2608,1.2609,1.00,1.95
2016.03.15 03:49:48.380,1.26078,1.26089,2.25,1.10
2016.03.15 03:49:48.887,1.26078,1.26091,2.25,2.25
2016.03.15 03:49:49.739,1.26078,1.26091,1.50,1.00
2016.03.15 03:49:50.223,1.2608,1.26091,1.12,1.00
2016.03.15 03:49:50.729,1.26079,1.26092,1.50,1.65
2016.03.15 03:49:51.093,1.26079,1.26091,1.50,2.70
2016.03.15 03:49:51.194,1.26077,1.26089,1.50,1.00
2016.03.15 03:49:51.397,1.26078,1.26088,1.06,2.25
2016.03.15 03:49:51.498,1.26076,1.26086,1.00,2.32
2016.03.15 03:49:52.012,1.26076,1.26085,1.00,2.25
2016.03.15 03:49:52.113,1.26074,1.26085,2.42,2.25
2016.03.15 03:49:52.164,1.26074,1.26087,2.42,1.57
2016.03.15 03:49:52.519,1.26074,1.26085,1.00,1.00
2016.03.15 03:49:52.974,1.26073,1.26082,1.50,1.00
2016.03.15 03:49:53.228,1.26073,1.26084,1.50,1.00
2016.03.15 03:49:53.600,1.2607,1.26083,3.82,1.00
2016.03.15 03:49:53.854,1.26074,1.26084,1.00,1.50
2016.03.15 03:49:54.057,1.26075,1.26086,1.50,1.50
2016.03.15 03:49:54.158,1.26076,1.26088,1.57,2.25
2016.03.15 03:49:54.311,1.26076,1.2609,2.32,2.32
2016.03.15 03:49:54.362,1.26077,1.2609,1.50,1.00
2016.03.15 03:49:54.767,1.2608,1.26091,1.57,1.00
2016.03.15 03:49:54.869,1.2608,1.26093,2.32,1.00
2016.03.15 03:49:55.122,1.2608,1.2609,1.76,1.00
2016.03.15 03:49:55.428,1.26067,1.2608,1.20,2.25
2016.03.15 03:49:55.979,1.26066,1.26079,1.12,1.00
2016.03.15 03:49:56.233,1.26067,1.26077,1.12,1.00
2016.03.15 03:49:56.387,1.26066,1.26077,1.95,1.00
2016.03.15 03:49:56.438,1.26067,1.26079,1.10,1.00
2016.03.15 03:49:56.489,1.26067,1.26079,1.10,1.97
2016.03.15 03:49:56.743,1.2606,1.26073,4.87,3.00
2016.03.15 03:49:56.794,1.2606,1.26073,2.32,3.97
2016.03.15 03:49:57.059,1.26058,1.26071,2.70,1.87
2016.03.15 03:49:57.211,1.26059,1.26065,1.10,1.00
2016.03.15 03:49:57.465,1.26049,1.26057,1.00,2.25
2016.03.15 03:49:57.516,1.26046,1.26056,1.57,1.95
2016.03.15 03:49:57.829,1.26034,1.26037,1.50,2.10
2016.03.15 03:49:57.931,1.26029,1.26031,1.12,1.60
2016.03.15 03:49:58.108,1.26023,1.2603,1.00,2.47
2016.03.15 03:49:58.199,1.26018,1.26031,1.10,1.97
2016.03.15 03:49:58.251,1.26016,1.26028,1.65,1.35
2016.03.15 03:49:58.303,1.26018,1.26026,1.00,1.87
2016.03.15 03:49:58.633,1.26013,1.26021,1.00,1.00
2016.03.15 03:49:58.686,1.26013,1.26026,1.87,1.00
2016.03.15 03:49:58.840,1.26013,1.26029,2.06,2.17
2016.03.15 03:49:58.891,1.26013,1.26026,2.44,2.47
2016.03.15 03:49:58.993,1.26014,1.26022,1.00,2.10
2016.03.15 03:49:59.146,1.26015,1.26025,1.50,1.50
2016.03.15 03:49:59.197,1.26015,1.26023,1.87,1.50
2016.03.15 03:49:59.299,1.26017,1.26029,1.10,1.50
2016.03.15 03:49:59.402,1.26019,1.26029,1.00,1.00
2016.03.15 03:49:59.631,1.2602,1.26031,1.50,1.50
2016.03.15 03:49:59.682,1.26025,1.26031,1.00,1.35
2016.03.15 03:49:59.784,1.26023,1.26032,1.00,2.25
2016.03.15 03:49:59.836,1.26025,1.26032,1.00,1.50
2016.03.15 03:50:00.090,1.26021,1.26031,1.00,1.60
2016.03.15 03:50:00.142,1.26023,1.26031,1.00,1.60
2016.03.15 03:50:00.244,1.26021,1.2603,1.50,1.00
2016.03.15 03:50:00.346,1.26019,1.26031,1.57,1.87
2016.03.15 03:50:00.723,1.26025,1.26034,1.50,2.25
2016.03.15 03:50:01.027,1.2603,1.26036,1.00,1.37
2016.03.15 03:50:01.129,1.26026,1.26037,1.20,2.25
2016.03.15 03:50:01.181,1.26026,1.26036,1.12,1.60
2016.03.15 03:50:01.282,1.26025,1.26037,3.37,2.85
2016.03.15 03:50:01.385,1.26026,1.26035,1.00,1.35
2016.03.15 03:50:01.847,1.26024,1.26035,1.65,1.12
2016.03.15 03:50:02.254,1.26024,1.26035,1.95,1.30
2016.03.15 03:50:02.559,1.26022,1.2603,3.00,1.50
2016.03.15 03:50:02.824,1.26017,1.26025,1.10,1.00
2016.03.15 03:50:02.875,1.26017,1.26027,1.00,1.00
2016.03.15 03:50:03.079,1.26016,1.26029,1.12,1.57
2016.03.15 03:50:03.131,1.26018,1.26029,1.00,1.10
2016.03.15 03:50:03.485,1.26018,1.26031,1.20,2.25
2016.03.15 03:50:03.842,1.26017,1.26029,2.02,1.12
2016.03.15 03:50:04.147,1.26019,1.2603,1.10,3.00
2016.03.15 03:50:04.401,1.26017,1.26029,1.65,1.00
2016.03.15 03:50:04.705,1.26017,1.26031,3.00,2.25
2016.03.15 03:50:05.017,1.26021,1.26033,1.20,1.00
2016.03.15 03:50:05.321,1.2602,1.26034,2.77,1.65
2016.03.15 03:50:05.574,1.2602,1.26032,3.45,1.00
2016.03.15 03:50:05.878,1.26018,1.2603,1.10,1.50
2016.03.15 03:50:06.285,1.26018,1.26028,1.00,1.50
2016.03.15 03:50:06.437,1.26016,1.26028,1.10,1.10
2016.03.15 03:50:06.540,1.26016,1.2603,1.57,4.57
2016.03.15 03:50:06.896,1.26019,1.26032,2.32,2.62
2016.03.15 03:50:07.101,1.2602,1.26033,1.12,1.00
2016.03.15 03:50:07.254,1.26019,1.26031,2.25,1.50
2016.03.15 03:50:07.503,1.2602,1.26033,1.50,1.87
2016.03.15 03:50:07.656,1.2602,1.26029,1.12,1.00
2016.03.15 03:50:07.707,1.26019,1.26029,1.00,1.00
2016.03.15 03:50:07.809,1.26016,1.26029,3.07,1.00
2016.03.15 03:50:08.365,1.26016,1.26028,1.95,1.00
2016.03.15 03:50:08.834,1.26017,1.2603,1.20,2.25
2016.03.15 03:50:09.191,1.26017,1.26029,1.57,1.00
2016.03.15 03:50:09.799,1.26017,1.26028,1.50,1.00
2016.03.15 03:50:09.901,1.26017,1.2603,1.57,3.77
2016.03.15 03:50:10.417,1.26019,1.2603,1.20,1.00
2016.03.15 03:50:10.620,1.26019,1.2603,1.20,1.09
2016.03.15 03:50:10.924,1.26019,1.2603,1.10,1.00
2016.03.15 03:50:11.279,1.26019,1.26033,2.70,4.57
2016.03.15 03:50:11.461,1.26027,1.26038,1.75,1.00
2016.03.15 03:50:11.563,1.26028,1.26035,1.50,1.00
2016.03.15 03:50:11.665,1.26027,1.26037,1.87,1.00
2016.03.15 03:50:11.716,1.26028,1.26039,1.20,1.00
2016.03.15 03:50:11.869,1.2603,1.2604,1.20,1.00
2016.03.15 03:50:11.971,1.26032,1.26043,1.00,1.00
2016.03.15 03:50:12.276,1.26032,1.26043,2.25,1.00
2016.03.15 03:50:12.795,1.26035,1.26043,1.20,1.00
2016.03.15 03:50:12.998,1.26036,1.26045,1.10,1.50
2016.03.15 03:50:13.101,1.26036,1.26047,1.10,1.50
2016.03.15 03:50:13.355,1.26036,1.26049,1.87,1.50
2016.03.15 03:50:13.406,1.26036,1.26047,2.62,1.00
2016.03.15 03:50:13.558,1.26037,1.26049,1.07,1.50
2016.03.15 03:50:13.813,1.26036,1.26046,1.87,1.00
2016.03.15 03:50:14.117,1.26034,1.26046,1.87,1.09
2016.03.15 03:50:14.168,1.26034,1.26045,1.20,1.59
2016.03.15 03:50:14.371,1.26032,1.26042,1.27,1.09
2016.03.15 03:50:14.422,1.26032,1.26042,1.27,1.00
2016.03.15 03:50:14.523,1.26031,1.26046,3.37,3.82
2016.03.15 03:50:14.777,1.26031,1.26045,3.75,2.62
2016.03.15 03:50:15.077,1.26033,1.26045,1.00,2.25
2016.03.15 03:50:15.128,1.26033,1.26044,1.00,1.09
2016.03.15 03:50:15.280,1.2603,1.26038,1.00,1.12
2016.03.15 03:50:15.382,1.26026,1.26036,1.10,1.00
2016.03.15 03:50:15.484,1.26025,1.26038,2.32,1.12
2016.03.15 03:50:15.687,1.26025,1.26038,2.32,2.62
2016.03.15 03:50:16.001,1.26025,1.26031,1.65,1.00
2016.03.15 03:50:16.104,1.26025,1.26033,1.57,1.00
2016.03.15 03:50:16.257,1.26023,1.26033,1.50,1.00
2016.03.15 03:50:16.460,1.2602,1.2603,1.87,1.97
2016.03.15 03:50:16.511,1.26019,1.2603,1.57,2.72
2016.03.15 03:50:16.563,1.26019,1.2603,1.10,1.37
2016.03.15 03:50:16.614,1.26019,1.26031,1.00,3.47
2016.03.15 03:50:16.716,1.26017,1.26029,1.65,1.50
2016.03.15 03:50:16.768,1.26017,1.26029,2.02,1.97
2016.03.15 03:50:16.972,1.26016,1.26029,2.25,1.37
2016.03.15 03:50:17.074,1.26015,1.26027,3.75,1.37
2016.03.15 03:50:17.176,1.26015,1.26025,1.20,1.87
2016.03.15 03:50:17.553,1.26017,1.26026,1.10,1.87
2016.03.15 03:50:17.857,1.2602,1.2603,1.50,1.00
2016.03.15 03:50:18.060,1.26023,1.26033,1.10,1.00
2016.03.15 03:50:18.572,1.26023,1.26034,1.20,1.87
2016.03.15 03:50:19.078,1.26023,1.26033,1.12,1.00
2016.03.15 03:50:19.233,1.26025,1.26034,2.25,1.50
2016.03.15 03:50:19.335,1.26023,1.26034,1.50,1.00
2016.03.15 03:50:19.837,1.26021,1.26033,2.25,1.00
2016.03.15 03:50:20.296,1.26023,1.26035,1.10,3.75
2016.03.15 03:50:20.499,1.26023,1.26035,2.25,4.12
2016.03.15 03:50:21.016,1.26021,1.26033,2.25,1.12
2016.03.15 03:50:21.068,1.26021,1.26029,1.00,1.75
2016.03.15 03:50:21.170,1.26016,1.26025,1.12,2.70
2016.03.15 03:50:21.322,1.26011,1.26024,2.10,1.50
2016.03.15 03:50:21.424,1.26011,1.26021,1.30,1.00
2016.03.15 03:50:21.729,1.26007,1.26018,1.22,1.20
2016.03.15 03:50:21.780,1.26007,1.26018,1.07,1.65
2016.03.15 03:50:21.831,1.26004,1.26018,1.87,1.65
2016.03.15 03:50:21.882,1.26004,1.26018,1.87,1.65
2016.03.15 03:50:21.933,1.26007,1.26018,1.00,1.10
2016.03.15 03:50:23.319,1.26007,1.26019,1.00,3.15
2016.03.15 03:50:24.692,1.26007,1.26014,1.00,2.25
2016.03.15 03:50:24.996,1.26002,1.26006,1.00,1.00
2016.03.15 03:50:25.047,1.26002,1.2601,1.00,1.00
2016.03.15 03:50:25.098,1.26002,1.26014,1.00,3.37
2016.03.15 03:50:25.402,1.26002,1.26011,1.00,1.00
2016.03.15 03:50:25.706,1.25999,1.26007,1.84,2.44
2016.03.15 03:50:26.011,1.25999,1.26007,3.19,2.44
2016.03.15 03:50:26.617,1.26,1.26008,3.37,2.44
2016.03.15 03:50:27.028,1.26005,1.26008,1.00,2.44
2016.03.15 03:50:27.365,1.26008,1.26011,1.00,1.00
2016.03.15 03:50:27.416,1.26008,1.26013,1.00,1.00
2016.03.15 03:50:27.467,1.26011,1.26013,1.00,1.00
2016.03.15 03:50:27.519,1.26011,1.26016,1.00,1.00
2016.03.15 03:50:27.722,1.26011,1.26018,1.20,1.00
2016.03.15 03:50:27.824,1.2601,1.26023,1.87,1.50
2016.03.15 03:50:28.027,1.26015,1.26023,1.50,1.00
2016.03.15 03:50:28.465,1.26015,1.26026,2.70,1.50
2016.03.15 03:50:28.618,1.26019,1.26028,1.50,1.00
2016.03.15 03:50:28.822,1.2602,1.2603,1.50,1.50
2016.03.15 03:50:30.166,1.26019,1.2603,2.40,1.46
2016.03.15 03:50:30.319,1.26016,1.26028,1.45,1.00
2016.03.15 03:50:30.674,1.26017,1.2603,1.87,1.57
2016.03.15 03:50:30.776,1.2602,1.2603,1.10,1.09
2016.03.15 03:50:31.394,1.26018,1.26032,1.20,1.71
2016.03.15 03:50:32.128,1.26018,1.2603,1.87,1.09
2016.03.15 03:50:32.230,1.26018,1.26026,2.14,1.00
2016.03.15 03:50:32.545,1.26019,1.2603,1.56,1.09
2016.03.15 03:50:32.704,1.26019,1.26032,1.00,2.89
2016.03.15 03:50:34.670,1.26018,1.26031,1.10,1.34
2016.03.15 03:50:34.823,1.26016,1.26029,1.95,1.00
2016.03.15 03:50:35.365,1.26016,1.26028,1.95,1.00
2016.03.15 03:50:35.850,1.26016,1.2603,2.70,2.66
2016.03.15 03:50:35.951,1.26016,1.2603,3.07,3.79
2016.03.15 03:50:36.114,1.26016,1.2603,3.37,3.71
2016.03.15 03:50:36.586,1.26018,1.2603,1.37,2.21
2016.03.15 03:50:37.108,1.26018,1.2603,1.00,2.59
2016.03.15 03:50:37.462,1.2602,1.26029,1.00,1.00
2016.03.15 03:50:38.085,1.26021,1.26029,1.00,1.00
2016.03.15 03:50:38.287,1.26019,1.26029,2.25,1.00
2016.03.15 03:50:38.440,1.26019,1.26029,1.00,2.02
2016.03.15 03:50:38.491,1.26016,1.26028,1.00,1.47
2016.03.15 03:50:38.542,1.26016,1.26025,1.00,1.87
2016.03.15 03:50:38.694,1.26013,1.26026,1.00,2.25
2016.03.15 03:50:39.048,1.26012,1.26023,1.00,1.00
2016.03.15 03:50:39.099,1.2601,1.26023,2.77,1.00
2016.03.15 03:50:39.150,1.26012,1.26021,1.00,1.12
2016.03.15 03:50:39.455,1.26007,1.26016,2.03,1.50
2016.03.15 03:50:39.657,1.2601,1.26019,1.10,1.00
2016.03.15 03:50:39.708,1.26013,1.26019,1.00,1.00
2016.03.15 03:50:39.810,1.26011,1.26019,1.00,1.00
2016.03.15 03:50:40.325,1.26009,1.2602,3.45,1.00
2016.03.15 03:50:41.274,1.26009,1.26021,3.82,1.50
2016.03.15 03:50:41.731,1.26012,1.26022,1.00,2.25
2016.03.15 03:50:42.167,1.26013,1.26016,1.00,2.50
2016.03.15 03:50:42.321,1.26005,1.26008,1.87,1.00
2016.03.15 03:50:42.423,1.26002,1.2601,1.00,1.00
2016.03.15 03:50:42.625,1.26001,1.26013,2.32,1.69
2016.03.15 03:50:43.131,1.26003,1.26015,1.20,2.06
2016.03.15 03:50:43.672,1.26003,1.26015,1.20,2.06
2016.03.15 03:50:43.825,1.26003,1.26015,1.20,2.25
2016.03.15 03:50:43.876,1.26003,1.26013,1.10,1.37
2016.03.15 03:50:44.029,1.26003,1.26015,1.00,4.50
2016.03.15 03:50:44.840,1.26003,1.26014,1.00,2.25
2016.03.15 03:50:45.097,1.26002,1.2601,1.10,1.50
2016.03.15 03:50:45.249,1.26,1.2601,3.07,1.50
2016.03.15 03:50:45.704,1.26,1.26013,2.32,1.00
2016.03.15 03:50:46.264,1.26002,1.26014,1.65,1.00
2016.03.15 03:50:47.141,1.26002,1.26015,1.65,1.12
2016.03.15 03:50:47.192,1.26002,1.26014,1.65,1.37
2016.03.15 03:50:48.182,1.26002,1.26014,1.65,1.50
2016.03.15 03:50:48.485,1.26005,1.26014,1.00,1.00
2016.03.15 03:50:49.031,1.26005,1.26015,1.00,2.62
2016.03.15 03:50:49.492,1.26005,1.26017,3.37,1.00
2016.03.15 03:50:49.949,1.26013,1.26017,1.00,1.00
2016.03.15 03:50:50.051,1.26013,1.26019,1.00,1.50
2016.03.15 03:50:50.556,1.26012,1.26021,1.00,2.59
2016.03.15 03:50:51.023,1.26014,1.26023,1.00,1.00
2016.03.15 03:50:51.529,1.26014,1.26024,1.00,1.00
2016.03.15 03:50:51.939,1.26015,1.26026,1.00,1.00
2016.03.15 03:50:51.990,1.26015,1.26028,1.57,1.50
2016.03.15 03:50:52.496,1.26016,1.26028,1.50,1.00
2016.03.15 03:50:53.082,1.26016,1.26027,1.50,1.00
2016.03.15 03:50:53.330,1.26016,1.26029,1.50,1.10
2016.03.15 03:50:53.887,1.26016,1.26028,1.50,1.00
2016.03.15 03:50:57.109,1.26016,1.26029,1.50,1.10
2016.03.15 03:50:57.666,1.26016,1.26027,1.50,1.00
2016.03.15 03:50:58.173,1.26017,1.26027,1.00,1.50
2016.03.15 03:50:58.710,1.26016,1.26026,1.57,1.00
2016.03.15 03:50:59.228,1.26015,1.26026,1.20,1.00
2016.03.15 03:50:59.580,1.26015,1.26028,4.20,1.00
2016.03.15 03:50:59.632,1.26019,1.26028,1.00,1.00
2016.03.15 03:50:59.885,1.26021,1.26035,1.87,2.62
2016.03.15 03:50:59.936,1.26023,1.26035,1.50,1.00
2016.03.15 03:51:00.442,1.26025,1.26036,1.65,1.81
2016.03.15 03:51:00.492,1.26025,1.26038,1.65,1.00
2016.03.15 03:51:00.695,1.26025,1.26038,2.32,1.00
2016.03.15 03:51:00.913,1.26025,1.26037,4.95,1.00
2016.03.15 03:51:01.015,1.26026,1.26039,2.25,1.57
2016.03.15 03:51:01.067,1.26028,1.26039,1.10,1.00
2016.03.15 03:51:01.118,1.26028,1.26041,1.20,1.00
2016.03.15 03:51:01.271,1.2603,1.26042,2.70,1.00
2016.03.15 03:51:01.423,1.26035,1.26045,1.50,1.50
2016.03.15 03:51:01.474,1.26034,1.26042,1.00,1.00
2016.03.15 03:51:01.780,1.2603,1.2604,1.00,1.50
2016.03.15 03:51:01.883,1.26028,1.26039,1.50,1.00
2016.03.15 03:51:02.412,1.26028,1.26041,2.25,1.57
2016.03.15 03:51:02.463,1.2603,1.26041,1.57,1.50
2016.03.15 03:51:02.767,1.26035,1.26045,2.40,1.00
2016.03.15 03:51:03.120,1.26035,1.26047,1.20,1.00
2016.03.15 03:51:03.481,1.26036,1.26049,1.57,1.50
2016.03.15 03:51:03.582,1.26038,1.26049,1.50,1.00
2016.03.15 03:51:03.886,1.26039,1.26052,1.00,1.47
2016.03.15 03:51:04.391,1.26039,1.2605,1.00,1.00
2016.03.15 03:51:04.682,1.26039,1.26052,1.12,1.00
2016.03.15 03:51:05.322,1.2604,1.26052,3.07,1.00
2016.03.15 03:51:05.525,1.26041,1.26054,1.50,1.00
2016.03.15 03:51:06.031,1.26043,1.26054,1.00,1.00
2016.03.15 03:51:06.133,1.26043,1.26057,1.12,2.25
2016.03.15 03:51:06.231,1.26044,1.26056,2.70,1.00
2016.03.15 03:51:06.737,1.26045,1.26056,2.25,1.00
2016.03.15 03:51:07.041,1.26044,1.26054,1.00,1.00
2016.03.15 03:51:07.092,1.26042,1.26054,3.07,1.00
2016.03.15 03:51:07.612,1.26042,1.26053,1.50,1.00
2016.03.15 03:51:08.661,1.26042,1.2605,1.50,1.00
2016.03.15 03:51:08.815,1.26037,1.26049,1.57,1.87
2016.03.15 03:51:08.917,1.26035,1.26047,2.32,1.87
2016.03.15 03:51:09.018,1.26035,1.26045,2.32,1.00
2016.03.15 03:51:09.224,1.26034,1.26047,1.00,1.57
2016.03.15 03:51:09.326,1.26035,1.26045,1.00,2.25
2016.03.15 03:51:09.732,1.26034,1.26044,1.00,1.50
2016.03.15 03:51:09.783,1.2603,1.26042,1.56,1.00
2016.03.15 03:51:09.834,1.26029,1.2604,2.14,1.50
2016.03.15 03:51:10.139,1.26026,1.26038,1.56,1.87
2016.03.15 03:51:10.190,1.26026,1.26038,1.26,2.25
2016.03.15 03:51:10.291,1.26026,1.26037,1.00,1.20
2016.03.15 03:51:10.499,1.26022,1.26034,1.10,1.10
2016.03.15 03:51:10.613,1.2602,1.26034,1.50,1.57
2016.03.15 03:51:10.816,1.26019,1.26032,1.10,1.12
2016.03.15 03:51:11.019,1.26013,1.26026,2.25,1.20
2016.03.15 03:51:11.070,1.26013,1.26024,2.25,1.00
2016.03.15 03:51:11.222,1.2601,1.26022,1.00,1.65
2016.03.15 03:51:11.273,1.2601,1.2602,1.50,1.50
2016.03.15 03:51:11.476,1.26016,1.26028,1.10,1.00
2016.03.15 03:51:11.574,1.26015,1.26023,1.57,1.12
2016.03.15 03:51:11.676,1.26011,1.26023,1.50,1.27
2016.03.15 03:51:11.727,1.26009,1.26021,2.70,1.00
2016.03.15 03:51:11.983,1.26005,1.2602,3.00,5.96
2016.03.15 03:51:12.034,1.26005,1.26019,3.37,1.47
2016.03.15 03:51:12.237,1.26007,1.2602,1.20,3.00
2016.03.15 03:51:12.338,1.26007,1.26018,1.20,1.12
2016.03.15 03:51:12.544,1.26003,1.26015,1.00,3.75
2016.03.15 03:51:12.744,1.26001,1.26013,2.32,1.37
2016.03.15 03:51:12.899,1.26,1.26014,1.20,2.40
2016.03.15 03:51:13.001,1.26001,1.26013,1.50,1.87
2016.03.15 03:51:13.305,1.25996,1.25999,1.00,1.00
2016.03.15 03:51:13.406,1.2599,1.25998,1.10,1.20
2016.03.15 03:51:13.457,1.25985,1.25994,2.02,1.00
2016.03.15 03:51:13.508,1.25985,1.25994,1.20,1.00
2016.03.15 03:51:13.559,1.25985,1.25996,1.20,1.00
2016.03.15 03:51:13.696,1.25982,1.25995,1.87,2.32
2016.03.15 03:51:13.747,1.25982,1.2599,1.50,1.50
2016.03.15 03:51:13.858,1.2598,1.25993,1.50,2.77
2016.03.15 03:51:13.910,1.25978,1.2599,1.50,2.25
2016.03.15 03:51:14.012,1.25975,1.25986,1.00,1.50
2016.03.15 03:51:14.316,1.25973,1.25987,2.77,1.27
2016.03.15 03:51:14.824,1.25974,1.25985,1.00,1.50
2016.03.15 03:51:15.078,1.25976,1.25988,1.00,1.20
2016.03.15 03:51:15.230,1.25974,1.25988,1.00,1.95
2016.03.15 03:51:15.332,1.25973,1.25987,1.10,1.20
2016.03.15 03:51:15.535,1.25963,1.25976,1.50,1.00
2016.03.15 03:51:15.637,1.25963,1.25974,1.50,1.00
2016.03.15 03:51:16.005,1.25965,1.25976,1.00,2.25
2016.03.15 03:51:16.223,1.25974,1.25988,1.00,4.12
2016.03.15 03:51:16.326,1.25982,1.25988,1.00,1.57
2016.03.15 03:51:16.428,1.2598,1.2599,1.00,1.10
2016.03.15 03:51:16.480,1.25984,1.2599,1.00,1.10
2016.03.15 03:51:16.531,1.25984,1.25992,1.12,1.10
2016.03.15 03:51:16.633,1.25987,1.25997,1.37,2.25
2016.03.15 03:51:16.835,1.25993,1.26003,1.07,1.00
2016.03.15 03:51:16.886,1.25997,1.26003,1.10,1.00
2016.03.15 03:51:16.963,1.25997,1.26007,1.10,2.25
2016.03.15 03:51:17.118,1.26001,1.2601,1.00,1.10
2016.03.15 03:51:17.220,1.26001,1.26012,1.00,1.00
2016.03.15 03:51:17.474,1.26001,1.2601,1.20,1.50
2016.03.15 03:51:17.626,1.25999,1.26011,1.10,1.50
2016.03.15 03:51:17.779,1.25999,1.26005,1.00,1.87
2016.03.15 03:51:17.831,1.25997,1.26004,1.12,2.25
2016.03.15 03:51:17.882,1.25995,1.26,1.37,2.62
2016.03.15 03:51:17.933,1.25987,1.26,1.00,3.37
2016.03.15 03:51:18.288,1.25989,1.25999,1.00,1.00
2016.03.15 03:51:18.390,1.2599,1.26001,1.00,1.50
2016.03.15 03:51:18.491,1.2599,1.26005,1.00,1.57
2016.03.15 03:51:18.693,1.25989,1.26,1.65,1.87
2016.03.15 03:51:18.997,1.25985,1.25994,1.12,1.00
2016.03.15 03:51:19.150,1.25984,1.25992,2.32,1.00
2016.03.15 03:51:19.302,1.25982,1.2599,1.12,1.00
2016.03.15 03:51:19.435,1.25982,1.2599,1.10,1.00
2016.03.15 03:51:19.486,1.25977,1.2599,1.12,3.37
2016.03.15 03:51:19.588,1.25974,1.25988,1.20,1.00
2016.03.15 03:51:19.740,1.25973,1.25986,2.62,1.12
2016.03.15 03:51:20.146,1.25974,1.25987,1.87,1.10
2016.03.15 03:51:20.197,1.25979,1.25988,1.00,1.12
2016.03.15 03:51:20.248,1.25979,1.25991,1.37,3.75
2016.03.15 03:51:20.299,1.25983,1.25991,1.00,1.50
2016.03.15 03:51:20.350,1.25983,1.25992,1.00,1.00
2016.03.15 03:51:20.451,1.25982,1.25996,1.87,1.00
2016.03.15 03:51:20.721,1.25986,1.25997,1.00,1.20
2016.03.15 03:51:21.178,1.25987,1.25999,1.20,1.00
2016.03.15 03:51:21.229,1.25987,1.26002,1.50,1.50
2016.03.15 03:51:21.482,1.25989,1.26001,1.20,1.00
2016.03.15 03:51:21.989,1.25991,1.26001,1.00,1.00
2016.03.15 03:51:22.441,1.2599,1.26005,1.20,1.57
2016.03.15 03:51:22.644,1.25992,1.26003,1.00,1.00
2016.03.15 03:51:23.150,1.25991,1.26004,1.85,1.00
2016.03.15 03:51:23.502,1.25994,1.26006,1.10,1.00
2016.03.15 03:51:23.858,1.25993,1.26004,3.07,1.00
2016.03.15 03:51:24.163,1.25995,1.26005,1.50,1.00
2016.03.15 03:51:24.709,1.25995,1.26003,1.50,1.00
2016.03.15 03:51:24.761,1.25993,1.26004,2.25,1.00
2016.03.15 03:51:24.812,1.25997,1.26004,1.00,1.00
2016.03.15 03:51:24.863,1.25997,1.26007,1.00,1.50
2016.03.15 03:51:24.914,1.25999,1.26008,1.00,1.50
2016.03.15 03:51:24.965,1.25999,1.26009,1.00,1.00
2016.03.15 03:51:25.067,1.26,1.26011,3.75,1.00
2016.03.15 03:51:25.220,1.26001,1.26008,1.00,1.00
2016.03.15 03:51:25.321,1.25998,1.2601,3.00,1.00
2016.03.15 03:51:25.373,1.26,1.2601,1.00,1.00
2016.03.15 03:51:25.879,1.25999,1.26009,1.00,2.25
2016.03.15 03:51:25.931,1.25995,1.26009,4.87,2.25
2016.03.15 03:51:26.234,1.25995,1.26005,1.50,1.00
2016.03.15 03:51:26.540,1.25991,1.26003,1.50,1.12
2016.03.15 03:51:26.857,1.2599,1.26002,3.00,1.20
2016.03.15 03:51:29.245,1.2599,1.26,1.50,1.00
2016.03.15 03:51:29.499,1.25991,1.26002,1.50,1.10
2016.03.15 03:51:29.702,1.25991,1.26004,3.00,1.65
2016.03.15 03:51:29.753,1.25993,1.26004,1.50,1.20
2016.03.15 03:51:30.318,1.25993,1.26003,1.50,1.00
2016.03.15 03:51:30.623,1.2599,1.25995,1.50,2.62
2016.03.15 03:51:30.674,1.25985,1.25992,1.10,1.00
2016.03.15 03:51:30.828,1.2598,1.25992,1.50,1.12
2016.03.15 03:51:30.929,1.25979,1.2599,1.50,3.00
2016.03.15 03:51:31.234,1.25975,1.25988,1.50,2.62
2016.03.15 03:51:31.740,1.25978,1.2599,1.57,2.62
2016.03.15 03:51:31.841,1.25981,1.25993,1.00,1.57
2016.03.15 03:51:31.994,1.25982,1.25996,1.50,5.62
2016.03.15 03:51:32.504,1.25983,1.25995,1.50,1.95
2016.03.15 03:51:32.555,1.25981,1.25995,2.32,1.47
2016.03.15 03:51:32.707,1.25981,1.25993,1.50,1.87
2016.03.15 03:51:32.860,1.25978,1.25991,1.87,1.65
2016.03.15 03:51:33.388,1.25979,1.25991,1.00,2.02
2016.03.15 03:51:34.046,1.25979,1.25991,1.00,1.65
2016.03.15 03:51:34.431,1.25981,1.25993,1.00,1.20
2016.03.15 03:51:36.668,1.25981,1.2599,1.00,1.37
2016.03.15 03:51:36.890,1.25979,1.2599,1.50,1.85
2016.03.15 03:51:37.042,1.25979,1.2599,1.50,1.47
2016.03.15 03:51:37.143,1.2598,1.25992,1.00,5.25
2016.03.15 03:51:37.670,1.25979,1.25991,1.00,1.20
2016.03.15 03:51:38.644,1.25979,1.25992,2.32,2.62
2016.03.15 03:51:38.897,1.25981,1.25994,1.20,2.25
2016.03.15 03:51:39.788,1.25981,1.25993,1.95,1.00
2016.03.15 03:51:40.742,1.25981,1.25993,2.70,1.00
2016.03.15 03:51:40.894,1.25981,1.25995,2.51,1.00
2016.03.15 03:51:41.097,1.25983,1.25997,1.27,1.27
2016.03.15 03:51:41.461,1.25983,1.25997,2.02,1.27
2016.03.15 03:51:41.765,1.25983,1.25989,1.27,1.12
2016.03.15 03:51:42.020,1.25975,1.25985,4.12,1.00
2016.03.15 03:51:42.476,1.25976,1.25984,1.00,1.37
2016.03.15 03:51:42.932,1.25976,1.25988,1.50,1.50
2016.03.15 03:51:43.135,1.25977,1.25989,1.20,1.12
2016.03.15 03:51:43.338,1.25976,1.25985,1.00,1.00
2016.03.15 03:51:43.854,1.25975,1.25985,1.50,1.00
2016.03.15 03:51:44.157,1.25973,1.25984,1.00,1.20
2016.03.15 03:51:44.259,1.25973,1.25982,1.00,1.12
2016.03.15 03:51:44.310,1.25971,1.25982,1.00,1.87
2016.03.15 03:51:44.816,1.25971,1.25981,1.00,1.20
2016.03.15 03:51:45.703,1.2597,1.25981,1.50,1.57
2016.03.15 03:51:45.956,1.2597,1.25976,1.50,1.00
2016.03.15 03:51:46.058,1.25969,1.25978,1.50,1.20
2016.03.15 03:51:46.564,1.2597,1.25974,1.50,1.00
2016.03.15 03:51:46.669,1.25966,1.25977,1.50,1.27
2016.03.15 03:51:46.923,1.25966,1.25975,1.50,1.00
2016.03.15 03:51:47.329,1.25963,1.25975,1.00,1.10
2016.03.15 03:51:47.696,1.25962,1.25974,1.50,2.02
2016.03.15 03:51:48.245,1.25963,1.25973,1.00,1.00
2016.03.15 03:51:49.110,1.25963,1.25974,1.50,1.00
2016.03.15 03:51:49.611,1.25965,1.25974,1.50,1.00
2016.03.15 03:51:50.201,1.25964,1.25974,1.50,1.00
2016.03.15 03:51:50.736,1.25965,1.25974,1.50,1.00
2016.03.15 03:51:51.096,1.25964,1.25974,1.50,1.37
2016.03.15 03:51:51.450,1.25963,1.25975,1.50,2.02
2016.03.15 03:51:51.654,1.25965,1.25976,1.50,1.20
2016.03.15 03:51:51.958,1.25965,1.25978,1.25,2.02
2016.03.15 03:51:52.059,1.25965,1.25976,3.00,1.00
2016.03.15 03:51:52.470,1.25965,1.25978,5.62,1.10
2016.03.15 03:51:52.521,1.2597,1.25979,1.50,1.12
2016.03.15 03:51:52.825,1.25967,1.25979,1.50,1.20
2016.03.15 03:51:52.927,1.25965,1.25977,2.25,1.00
2016.03.15 03:51:53.382,1.25965,1.25979,4.12,1.00
2016.03.15 03:51:53.460,1.25969,1.2598,3.19,2.40
2016.03.15 03:51:53.565,1.25971,1.25984,1.20,1.50
2016.03.15 03:51:53.616,1.25974,1.25984,1.50,1.00
2016.03.15 03:51:53.820,1.25974,1.25987,1.57,1.00
2016.03.15 03:51:54.327,1.25975,1.25986,1.50,1.00
2016.03.15 03:51:54.869,1.25975,1.25986,1.50,1.60
2016.03.15 03:51:55.123,1.25967,1.25978,1.50,1.27
2016.03.15 03:51:55.628,1.25966,1.25979,1.00,2.25
2016.03.15 03:51:57.331,1.25966,1.25977,1.00,1.00
2016.03.15 03:51:57.849,1.25966,1.25978,1.00,1.20
2016.03.15 03:51:58.255,1.25966,1.2598,1.20,3.15
2016.03.15 03:51:59.008,1.2597,1.25981,1.00,1.50
2016.03.15 03:51:59.111,1.25972,1.25985,1.00,4.50
2016.03.15 03:51:59.162,1.25974,1.25985,1.00,2.25
2016.03.15 03:51:59.213,1.25974,1.25985,1.00,1.00
2016.03.15 03:51:59.300,1.25975,1.25988,1.12,1.12
2016.03.15 03:51:59.402,1.25977,1.25989,1.50,1.00
2016.03.15 03:51:59.706,1.25977,1.25987,1.00,1.00
2016.03.15 03:51:59.860,1.25975,1.25987,3.75,1.20
2016.03.15 03:52:00.846,1.25975,1.25988,2.40,1.00
2016.03.15 03:52:01.099,1.25976,1.25989,1.50,1.57
2016.03.15 03:52:01.403,1.25979,1.25989,1.50,1.00
2016.03.15 03:52:01.454,1.25979,1.25992,1.10,1.10
2016.03.15 03:52:01.505,1.25982,1.25993,1.00,1.50
2016.03.15 03:52:01.766,1.25988,1.26,1.10,2.25
2016.03.15 03:52:01.969,1.2599,1.26002,1.50,1.00
2016.03.15 03:52:02.273,1.25993,1.26004,1.00,1.00
2016.03.15 03:52:02.577,1.25995,1.26006,2.44,1.00
2016.03.15 03:52:02.914,1.26003,1.26009,1.50,1.00
2016.03.15 03:52:03.219,1.26005,1.26009,1.20,1.00
2016.03.15 03:52:04.079,1.26003,1.26009,1.00,1.00
2016.03.15 03:52:04.586,1.26002,1.26009,1.50,1.00
2016.03.15 03:52:04.839,1.26,1.26009,1.50,2.25
2016.03.15 03:52:05.093,1.25999,1.26007,1.50,1.50
2016.03.15 03:52:05.398,1.25995,1.26002,1.00,1.00
2016.03.15 03:52:05.702,1.25996,1.26007,1.69,1.00
2016.03.15 03:52:05.854,1.25999,1.26008,1.12,1.00
2016.03.15 03:52:06.310,1.26002,1.26009,1.25,1.00
2016.03.15 03:52:06.614,1.26004,1.26008,2.70,1.00
2016.03.15 03:52:07.522,1.26004,1.26009,3.34,1.00
2016.03.15 03:52:08.028,1.26004,1.26009,2.59,1.00
2016.03.15 03:52:08.176,1.26004,1.26009,1.84,1.00
2016.03.15 03:52:10.251,1.26002,1.26009,1.00,1.00
2016.03.15 03:52:10.353,1.26,1.26009,1.20,2.25
2016.03.15 03:52:11.370,1.26,1.26008,1.00,1.00
2016.03.15 03:52:11.641,1.26,1.26008,3.71,1.00
2016.03.15 03:52:12.146,1.26001,1.26008,2.14,1.00
2016.03.15 03:52:12.546,1.26001,1.26008,1.57,1.00
2016.03.15 03:52:13.091,1.26001,1.26009,4.76,1.00
2016.03.15 03:52:13.751,1.26002,1.26008,1.76,1.00
2016.03.15 03:52:14.257,1.26003,1.26008,1.26,1.00
2016.03.15 03:52:14.561,1.26003,1.26008,1.26,1.00
2016.03.15 03:52:15.110,1.26003,1.26009,1.26,1.00
2016.03.15 03:52:17.322,1.26003,1.26014,1.76,1.00
2016.03.15 03:52:17.828,1.26003,1.26013,2.25,1.50
2016.03.15 03:52:18.375,1.26003,1.26012,2.51,1.00
2016.03.15 03:52:18.922,1.26003,1.26013,1.76,1.00
2016.03.15 03:52:20.539,1.26005,1.26013,1.00,1.50
2016.03.15 03:52:20.640,1.26007,1.26013,1.00,1.50
2016.03.15 03:52:20.792,1.26006,1.26016,2.66,1.00
2016.03.15 03:52:20.995,1.26009,1.26018,1.50,1.50
2016.03.15 03:52:22.140,1.26008,1.26015,1.50,1.00
2016.03.15 03:52:22.242,1.26005,1.26014,1.00,1.00
2016.03.15 03:52:22.546,1.26003,1.26014,1.50,1.00
2016.03.15 03:52:22.597,1.26003,1.2601,1.50,1.00
2016.03.15 03:52:22.649,1.26001,1.2601,1.00,1.00
2016.03.15 03:52:22.700,1.26001,1.26012,1.00,1.00
2016.03.15 03:52:23.185,1.26001,1.2601,1.00,1.50
2016.03.15 03:52:23.691,1.26,1.2601,1.50,1.50
2016.03.15 03:52:24.246,1.26,1.26011,1.00,1.50
2016.03.15 03:52:24.780,1.26,1.2601,1.50,1.50
2016.03.15 03:52:25.373,1.25998,1.26009,1.50,1.00
2016.03.15 03:52:25.879,1.25996,1.26008,1.50,1.00
2016.03.15 03:52:26.406,1.25996,1.26008,3.37,1.00
2016.03.15 03:52:26.609,1.25998,1.2601,2.40,1.50
2016.03.15 03:52:26.963,1.26,1.26013,1.00,1.20
2016.03.15 03:52:27.394,1.26001,1.26013,4.20,1.00
2016.03.15 03:52:27.495,1.26003,1.26016,1.50,3.15
2016.03.15 03:52:27.648,1.26007,1.26015,1.00,1.50
2016.03.15 03:52:27.699,1.26007,1.26018,1.00,2.25
2016.03.15 03:52:27.752,1.26006,1.26015,2.25,1.00
2016.03.15 03:52:27.955,1.26004,1.26014,1.50,1.00
2016.03.15 03:52:28.057,1.26004,1.26012,1.50,1.00
2016.03.15 03:52:28.159,1.26002,1.26012,1.57,1.00
2016.03.15 03:52:28.260,1.26,1.26012,1.50,1.50
2016.03.15 03:52:28.514,1.25998,1.2601,1.50,1.50
2016.03.15 03:52:28.819,1.25997,1.26008,1.50,1.00
2016.03.15 03:52:29.360,1.25996,1.26003,1.10,1.00
2016.03.15 03:52:30.173,1.25995,1.26003,1.00,1.00
2016.03.15 03:52:30.578,1.25991,1.26002,2.25,1.57
2016.03.15 03:52:30.680,1.25988,1.25996,2.40,1.00
2016.03.15 03:52:31.035,1.25987,1.25998,1.50,1.00
2016.03.15 03:52:31.430,1.25985,1.25997,5.40,1.00
2016.03.15 03:52:31.683,1.25986,1.25995,1.00,1.56
2016.03.15 03:52:31.886,1.25979,1.25993,1.20,1.50
2016.03.15 03:52:32.348,1.25978,1.25991,2.62,1.00
2016.03.15 03:52:32.587,1.25976,1.2599,2.25,2.40
2016.03.15 03:52:32.790,1.25977,1.25983,1.00,1.00
2016.03.15 03:52:32.891,1.25977,1.25986,1.00,1.00
2016.03.15 03:52:32.993,1.25977,1.25989,1.12,3.00
2016.03.15 03:52:33.145,1.25975,1.25989,1.65,2.25
2016.03.15 03:52:33.368,1.25975,1.25985,1.65,1.00
2016.03.15 03:52:33.672,1.25975,1.25983,1.00,1.00
2016.03.15 03:52:33.799,1.25971,1.25982,1.50,1.00
2016.03.15 03:52:33.850,1.25971,1.25977,1.00,1.00
2016.03.15 03:52:33.902,1.25968,1.25977,1.87,1.00
2016.03.15 03:52:34.003,1.25963,1.25977,4.20,1.20
2016.03.15 03:52:34.207,1.25963,1.25975,1.00,1.50
2016.03.15 03:52:34.612,1.25964,1.25973,1.00,1.00
2016.03.15 03:52:35.122,1.25963,1.25974,1.00,1.00
2016.03.15 03:52:35.658,1.25964,1.25974,1.00,1.00
2016.03.15 03:52:35.961,1.25964,1.25976,1.00,3.71
2016.03.15 03:52:36.331,1.25968,1.25976,1.00,2.51
2016.03.15 03:52:36.679,1.25975,1.25981,1.50,1.00
2016.03.15 03:52:36.831,1.25976,1.25983,1.20,1.50
2016.03.15 03:52:36.883,1.25976,1.25984,2.32,1.00
2016.03.15 03:52:36.985,1.25979,1.2599,1.95,1.50
2016.03.15 03:52:37.087,1.25979,1.25991,1.85,1.00
2016.03.15 03:52:37.401,1.25984,1.25991,2.32,1.00
2016.03.15 03:52:37.503,1.25986,1.25996,1.50,1.50
2016.03.15 03:52:37.703,1.25987,1.25999,1.50,1.00
2016.03.15 03:52:38.109,1.2599,1.25999,3.00,1.00
2016.03.15 03:52:38.640,1.2599,1.26,1.50,1.00
2016.03.15 03:52:39.235,1.2599,1.25999,1.50,1.00
2016.03.15 03:52:39.589,1.25987,1.25999,1.50,1.50
2016.03.15 03:52:40.349,1.25987,1.25995,1.50,1.50
2016.03.15 03:52:40.661,1.25986,1.25994,1.00,1.00
2016.03.15 03:52:40.712,1.25983,1.25994,1.57,1.00
2016.03.15 03:52:42.607,1.25983,1.25993,1.57,1.00
2016.03.15 03:52:42.810,1.25983,1.25995,1.95,2.62
2016.03.15 03:52:43.320,1.25985,1.25995,1.65,1.50
2016.03.15 03:52:43.573,1.25985,1.25997,1.65,1.00
2016.03.15 03:52:44.072,1.25988,1.25997,1.00,1.00
2016.03.15 03:52:44.224,1.25989,1.26,1.10,1.00
2016.03.15 03:52:44.754,1.2599,1.25999,1.20,1.00
2016.03.15 03:52:45.007,1.2599,1.26001,3.90,1.00
2016.03.15 03:52:45.128,1.25992,1.26001,1.00,1.00
2016.03.15 03:52:45.280,1.2599,1.26001,2.40,1.00
2016.03.15 03:52:45.584,1.25993,1.26,1.00,1.00
2016.03.15 03:52:45.635,1.25993,1.26002,1.50,1.50
2016.03.15 03:52:46.141,1.25994,1.26002,1.00,1.00
2016.03.15 03:52:46.648,1.25994,1.26003,1.00,1.00
2016.03.15 03:52:46.749,1.25994,1.26001,1.00,1.00
2016.03.15 03:52:47.269,1.25994,1.26002,1.00,1.00
2016.03.15 03:52:47.776,1.25994,1.26003,1.00,1.00
2016.03.15 03:52:48.523,1.25994,1.26004,1.00,2.62
2016.03.15 03:52:49.210,1.25994,1.26003,1.00,1.00
2016.03.15 03:52:49.848,1.25994,1.26002,1.00,1.00
2016.03.15 03:52:50.381,1.25994,1.26003,1.00,1.00
2016.03.15 03:52:51.285,1.25994,1.26002,1.00,1.00
2016.03.15 03:52:51.741,1.25995,1.26004,1.00,2.25
2016.03.15 03:52:51.994,1.25995,1.26002,1.00,1.00
2016.03.15 03:52:52.511,1.25995,1.26003,1.00,1.00
2016.03.15 03:52:53.038,1.25995,1.26004,1.00,1.12
2016.03.15 03:52:53.568,1.25995,1.26003,1.00,1.00
2016.03.15 03:52:53.973,1.25996,1.26006,1.50,2.25
2016.03.15 03:52:54.024,1.25999,1.26006,1.00,1.00
2016.03.15 03:52:54.126,1.26002,1.2601,1.00,1.00
2016.03.15 03:52:54.228,1.26006,1.26012,1.50,1.00
2016.03.15 03:52:54.430,1.26007,1.26016,2.25,1.50
2016.03.15 03:52:54.532,1.26009,1.26016,1.50,1.00
2016.03.15 03:52:54.583,1.26009,1.2602,1.50,1.87
2016.03.15 03:52:54.634,1.26012,1.26021,1.00,3.00
2016.03.15 03:52:54.888,1.26015,1.26026,1.00,2.32
2016.03.15 03:52:54.990,1.26017,1.26026,1.00,1.50
2016.03.15 03:52:55.395,1.26019,1.26026,1.00,1.00
2016.03.15 03:52:55.547,1.26017,1.26028,1.00,1.20
2016.03.15 03:52:55.665,1.2602,1.26029,1.00,1.00
2016.03.15 03:52:55.920,1.26021,1.26031,1.00,1.50
2016.03.15 03:52:56.022,1.26018,1.2603,1.95,1.00
2016.03.15 03:52:56.178,1.26018,1.26028,1.65,1.50
2016.03.15 03:52:56.331,1.26013,1.26026,2.44,1.00
2016.03.15 03:52:56.533,1.26016,1.26029,1.00,3.00
2016.03.15 03:52:56.635,1.26016,1.26029,1.20,1.65
2016.03.15 03:52:57.151,1.26016,1.2603,3.45,1.57
2016.03.15 03:52:57.202,1.2602,1.2603,1.00,1.50
2016.03.15 03:52:57.254,1.2602,1.26034,1.50,3.07
2016.03.15 03:52:57.710,1.2602,1.26031,2.14,1.00
2016.03.15 03:52:58.299,1.2602,1.26033,2.32,1.10
2016.03.15 03:52:58.825,1.2602,1.26032,1.57,1.00
2016.03.15 03:52:59.432,1.2602,1.2603,2.32,1.00
2016.03.15 03:53:00.628,1.26019,1.2603,1.10,1.00
2016.03.15 03:53:01.191,1.2602,1.2603,1.31,1.50
2016.03.15 03:53:01.451,1.2602,1.26035,8.06,3.00
2016.03.15 03:53:02.386,1.26023,1.26035,1.84,1.50
2016.03.15 03:53:03.354,1.26023,1.26035,1.29,1.60
2016.03.15 03:53:03.405,1.26022,1.26034,1.95,1.97
2016.03.15 03:53:03.558,1.26023,1.26031,1.00,1.97
2016.03.15 03:53:03.609,1.2602,1.26031,1.50,1.97
2016.03.15 03:53:04.144,1.26018,1.26028,1.56,1.10
2016.03.15 03:53:04.650,1.26018,1.26028,1.00,1.17
2016.03.15 03:53:05.163,1.26018,1.26028,1.50,1.10
2016.03.15 03:53:05.482,1.26018,1.26025,1.00,1.50
2016.03.15 03:53:05.635,1.26013,1.26024,1.00,4.42
2016.03.15 03:53:05.686,1.26013,1.2602,1.00,2.25
2016.03.15 03:53:05.737,1.26011,1.2602,1.00,2.85
2016.03.15 03:53:05.788,1.26011,1.26019,1.00,3.84
2016.03.15 03:53:05.839,1.26008,1.26018,1.00,2.25
2016.03.15 03:53:05.941,1.26006,1.26016,1.00,1.20
2016.03.15 03:53:06.042,1.26004,1.26016,1.00,5.70
2016.03.15 03:53:06.348,1.26002,1.26014,2.32,1.30
2016.03.15 03:53:06.599,1.26004,1.26015,1.00,3.82
2016.03.15 03:53:06.903,1.26004,1.26015,1.26,1.67
2016.03.15 03:53:07.308,1.26004,1.26015,1.76,1.07
2016.03.15 03:53:07.510,1.26005,1.26017,1.69,2.25
2016.03.15 03:53:09.070,1.26005,1.26015,1.69,1.50
2016.03.15 03:53:09.577,1.26005,1.26015,1.50,2.47
2016.03.15 03:53:10.082,1.26004,1.26013,1.00,1.50
2016.03.15 03:53:10.184,1.26005,1.26012,1.00,1.87
2016.03.15 03:53:10.336,1.25999,1.26009,1.50,1.19
2016.03.15 03:53:10.589,1.25999,1.26006,1.00,1.00
2016.03.15 03:53:10.640,1.25997,1.26006,1.50,1.00
2016.03.15 03:53:11.427,1.25996,1.26006,1.00,1.20
2016.03.15 03:53:11.782,1.25999,1.26008,1.00,1.00
2016.03.15 03:53:12.136,1.25997,1.26007,1.50,1.50
2016.03.15 03:53:12.238,1.25997,1.26005,1.50,1.00
2016.03.15 03:53:13.151,1.25996,1.26005,1.50,1.50
2016.03.15 03:53:13.253,1.25996,1.26007,1.50,1.50
2016.03.15 03:53:13.304,1.25999,1.26007,1.50,1.00
2016.03.15 03:53:13.355,1.26,1.26009,1.00,1.50
2016.03.15 03:53:13.457,1.26001,1.26013,1.00,1.00
2016.03.15 03:53:13.955,1.26003,1.26014,1.00,2.25
2016.03.15 03:53:14.259,1.26008,1.26017,1.00,1.10
2016.03.15 03:53:14.664,1.26006,1.26015,1.50,1.00
2016.03.15 03:53:14.958,1.26006,1.26017,1.50,1.65
2016.03.15 03:53:15.572,1.26006,1.26016,1.50,1.00
2016.03.15 03:53:16.587,1.26006,1.26017,2.25,1.20
2016.03.15 03:53:16.841,1.26008,1.26018,1.12,1.50
2016.03.15 03:53:17.095,1.26015,1.26026,1.65,1.50
2016.03.15 03:53:17.196,1.26017,1.26029,1.00,1.50
2016.03.15 03:53:17.348,1.26019,1.26029,1.10,1.00
2016.03.15 03:53:17.653,1.26021,1.26027,1.50,1.00
2016.03.15 03:53:17.755,1.26016,1.26026,1.65,1.50
2016.03.15 03:53:17.835,1.26016,1.26023,1.10,1.00
2016.03.15 03:53:17.886,1.26013,1.26023,1.20,1.00
2016.03.15 03:53:18.394,1.26013,1.26022,1.50,1.00
2016.03.15 03:53:19.408,1.26013,1.26021,1.20,1.00
2016.03.15 03:53:19.613,1.2601,1.26019,2.40,1.50
2016.03.15 03:53:21.290,1.2601,1.2602,1.00,1.50
2016.03.15 03:53:21.696,1.26014,1.26023,1.00,1.20
2016.03.15 03:53:21.797,1.26016,1.26026,1.00,1.50
2016.03.15 03:53:21.943,1.26018,1.26027,1.00,1.00
2016.03.15 03:53:21.996,1.26019,1.26029,1.00,1.00
2016.03.15 03:53:22.098,1.2602,1.2603,1.12,1.00
2016.03.15 03:53:22.149,1.26021,1.26032,1.20,1.00
2016.03.15 03:53:22.352,1.26021,1.26029,1.65,1.00
2016.03.15 03:53:22.707,1.26022,1.26031,1.50,1.50
2016.03.15 03:53:23.339,1.26022,1.26029,1.50,1.00
2016.03.15 03:53:23.491,1.26019,1.26028,1.50,1.00
2016.03.15 03:53:23.997,1.26018,1.26029,1.50,1.50
2016.03.15 03:53:24.200,1.26017,1.26026,1.20,1.00
2016.03.15 03:53:24.736,1.26017,1.26028,1.50,1.00
2016.03.15 03:53:24.891,1.26018,1.2603,2.25,1.50
2016.03.15 03:53:25.347,1.26017,1.2603,4.69,1.00
2016.03.15 03:53:25.854,1.26017,1.26031,1.50,3.00
2016.03.15 03:53:26.400,1.26017,1.2603,1.50,1.00
2016.03.15 03:53:26.922,1.26017,1.26029,1.20,1.00
2016.03.15 03:53:28.754,1.26016,1.26029,1.20,1.50
2016.03.15 03:53:30.421,1.26016,1.26028,1.39,1.50
2016.03.15 03:53:31.059,1.26018,1.26028,1.00,1.00
2016.03.15 03:53:31.211,1.26019,1.2603,1.87,1.00
2016.03.15 03:53:31.488,1.26023,1.26035,1.95,2.25
2016.03.15 03:53:31.590,1.26024,1.26036,1.12,3.00
2016.03.15 03:53:31.893,1.26024,1.26034,1.12,1.00
2016.03.15 03:53:32.248,1.26023,1.26035,1.20,1.50
2016.03.15 03:53:32.503,1.26023,1.26033,1.20,1.00
2016.03.15 03:53:33.077,1.26023,1.26034,1.20,1.00
2016.03.15 03:53:36.071,1.26023,1.26034,1.01,1.12
2016.03.15 03:53:36.410,1.26022,1.26031,1.12,1.50
2016.03.15 03:53:36.513,1.2602,1.26031,1.10,6.37
2016.03.15 03:53:36.564,1.2602,1.26028,1.00,1.37
2016.03.15 03:53:37.072,1.26015,1.26026,1.76,1.00
2016.03.15 03:53:37.608,1.26015,1.26026,1.76,1.00
2016.03.15 03:53:38.966,1.26015,1.26026,1.76,1.00
2016.03.15 03:53:39.520,1.26015,1.26025,1.10,1.50
2016.03.15 03:53:40.156,1.26013,1.26026,3.37,2.25
2016.03.15 03:53:40.679,1.26013,1.26025,3.00,1.50
2016.03.15 03:53:40.781,1.26013,1.26025,1.12,1.50
2016.03.15 03:53:40.832,1.26012,1.26024,1.00,1.50
2016.03.15 03:53:40.984,1.26009,1.26023,2.25,1.65
2016.03.15 03:53:41.754,1.26009,1.26022,2.44,1.00
2016.03.15 03:53:42.490,1.26009,1.26022,2.81,1.00
2016.03.15 03:53:42.592,1.26011,1.26024,1.57,1.65
2016.03.15 03:53:42.643,1.26013,1.26025,1.12,2.62
2016.03.15 03:53:42.780,1.26014,1.26026,2.40,2.25
2016.03.15 03:53:43.199,1.26014,1.26026,2.77,2.25
2016.03.15 03:53:43.705,1.26013,1.26025,3.94,2.25
2016.03.15 03:53:44.214,1.26012,1.26025,3.56,2.25
2016.03.15 03:53:44.781,1.26012,1.26025,2.25,2.25
2016.03.15 03:53:45.284,1.26012,1.26024,1.50,1.00
2016.03.15 03:53:45.818,1.26011,1.26023,3.19,1.00
2016.03.15 03:53:46.372,1.26011,1.26022,2.44,1.00
2016.03.15 03:53:47.643,1.26012,1.26023,1.50,1.00
2016.03.15 03:53:48.387,1.26012,1.26022,1.50,1.00
2016.03.15 03:53:49.041,1.26012,1.26025,1.50,4.50
2016.03.15 03:53:49.587,1.26013,1.26025,1.20,1.00
2016.03.15 03:53:50.099,1.26014,1.26026,1.20,3.00
2016.03.15 03:53:50.453,1.26014,1.26025,3.56,1.00
2016.03.15 03:53:50.959,1.26014,1.26026,3.56,1.00
2016.03.15 03:53:51.474,1.26015,1.26027,1.07,1.00
2016.03.15 03:53:51.979,1.26015,1.26026,1.07,1.00
2016.03.15 03:53:52.585,1.26014,1.26027,5.06,1.00
2016.03.15 03:53:53.100,1.26014,1.26026,5.44,1.00
2016.03.15 03:53:53.556,1.26016,1.26028,1.20,1.00
2016.03.15 03:53:53.708,1.26018,1.26028,1.00,1.00
2016.03.15 03:53:54.013,1.26023,1.26033,1.10,1.00
2016.03.15 03:53:54.115,1.26023,1.26035,1.20,2.25
2016.03.15 03:53:54.625,1.26024,1.26034,1.10,1.00
2016.03.15 03:53:55.213,1.26024,1.26034,1.12,1.00
2016.03.15 03:53:55.723,1.26026,1.26035,1.12,1.00
2016.03.15 03:53:58.381,1.26026,1.26036,1.50,1.00
2016.03.15 03:53:59.071,1.26026,1.26035,1.50,1.00
2016.03.15 03:53:59.557,1.26027,1.26037,1.00,1.00
2016.03.15 03:54:00.366,1.26027,1.26036,1.10,1.00
2016.03.15 03:54:00.880,1.26026,1.26036,1.50,1.00
2016.03.15 03:54:01.392,1.26026,1.26035,1.50,1.00
2016.03.15 03:54:01.897,1.26024,1.26035,3.00,1.00
2016.03.15 03:54:02.402,1.26026,1.26036,1.20,1.00
2016.03.15 03:54:04.490,1.26026,1.26035,1.20,1.00
2016.03.15 03:54:04.591,1.26026,1.26037,1.20,2.25
2016.03.15 03:54:05.178,1.26025,1.26036,3.19,1.00
2016.03.15 03:54:06.273,1.26025,1.26037,5.44,1.00
2016.03.15 03:54:06.779,1.26027,1.26036,1.50,1.00
2016.03.15 03:54:06.981,1.26027,1.26039,3.19,1.10
2016.03.15 03:54:07.134,1.2603,1.26042,1.20,2.25
2016.03.15 03:54:07.235,1.26032,1.26042,1.00,1.00
2016.03.15 03:54:07.750,1.26032,1.26041,1.00,1.00
2016.03.15 03:54:07.853,1.26032,1.26043,1.00,1.00
2016.03.15 03:54:08.358,1.26033,1.26044,1.50,1.00
2016.03.15 03:54:08.409,1.26035,1.26044,1.00,1.00
2016.03.15 03:54:08.511,1.26036,1.26046,1.50,1.20
2016.03.15 03:54:08.715,1.26038,1.26049,3.56,1.15
2016.03.15 03:54:08.766,1.26039,1.2605,2.81,1.00
2016.03.15 03:54:08.817,1.26042,1.26052,1.19,2.25
2016.03.15 03:54:09.020,1.26046,1.26056,1.20,1.00
2016.03.15 03:54:09.071,1.26048,1.26056,1.00,1.00
2016.03.15 03:54:09.148,1.26048,1.26058,1.57,1.00
2016.03.15 03:54:09.300,1.26048,1.26057,2.21,1.00
2016.03.15 03:54:09.402,1.2605,1.2606,2.06,4.12
2016.03.15 03:54:09.453,1.2605,1.26062,3.56,1.20
2016.03.15 03:54:09.555,1.26052,1.26063,1.00,1.10
2016.03.15 03:54:10.062,1.26053,1.26062,1.00,1.00
2016.03.15 03:54:10.528,1.26054,1.26065,1.00,1.00
2016.03.15 03:54:10.580,1.26056,1.26065,1.00,1.00
2016.03.15 03:54:10.884,1.26055,1.26067,3.00,1.00
2016.03.15 03:54:10.985,1.26054,1.26065,5.25,1.00
2016.03.15 03:54:11.290,1.26051,1.2606,1.20,1.00
2016.03.15 03:54:11.696,1.2605,1.2606,2.32,1.00
2016.03.15 03:54:12.205,1.26049,1.26059,1.00,1.00
2016.03.15 03:54:12.721,1.26049,1.26058,1.00,1.00
2016.03.15 03:54:13.387,1.26049,1.26059,1.00,1.00
2016.03.15 03:54:15.015,1.2605,1.2606,1.00,1.50
2016.03.15 03:54:15.167,1.26051,1.26063,1.00,3.00
2016.03.15 03:54:15.671,1.26051,1.26061,1.00,1.00
2016.03.15 03:54:16.392,1.26051,1.26062,1.00,1.50
2016.03.15 03:54:16.897,1.26051,1.26063,1.00,1.57
2016.03.15 03:54:17.404,1.26051,1.26062,1.87,1.00
2016.03.15 03:54:17.607,1.26053,1.26065,1.50,1.20
2016.03.15 03:54:18.113,1.26054,1.26066,2.25,1.10
2016.03.15 03:54:18.521,1.26054,1.26065,2.40,1.00
2016.03.15 03:54:18.825,1.26055,1.26063,1.00,1.00
2016.03.15 03:54:18.876,1.26053,1.26062,1.50,1.00
2016.03.15 03:54:19.028,1.26052,1.26059,1.00,1.00
2016.03.15 03:54:19.079,1.26049,1.26059,1.10,1.00
2016.03.15 03:54:19.232,1.26048,1.26056,1.00,1.00
2016.03.15 03:54:19.384,1.26045,1.26055,1.00,1.00
2016.03.15 03:54:19.908,1.26045,1.26057,1.57,1.00
2016.03.15 03:54:20.138,1.26046,1.26057,1.37,1.00
2016.03.15 03:54:20.239,1.26047,1.26059,1.12,1.20
2016.03.15 03:54:20.291,1.26048,1.26059,1.12,1.10
2016.03.15 03:54:20.595,1.26053,1.26061,1.00,1.00
2016.03.15 03:54:20.646,1.26053,1.26064,1.10,1.12
2016.03.15 03:54:20.748,1.26053,1.26062,1.00,1.00
2016.03.15 03:54:21.001,1.26053,1.26065,1.50,1.65
2016.03.15 03:54:21.155,1.26055,1.26065,1.12,1.50
2016.03.15 03:54:21.661,1.26056,1.26066,1.50,1.43
2016.03.15 03:54:22.163,1.26056,1.26065,1.50,1.00
2016.03.15 03:54:22.669,1.26056,1.26067,1.87,1.68
2016.03.15 03:54:23.216,1.26056,1.26066,1.50,1.01
2016.03.15 03:54:23.418,1.26056,1.26066,1.50,1.00
2016.03.15 03:54:23.621,1.26056,1.26067,1.50,1.01
2016.03.15 03:54:25.090,1.26054,1.26063,1.65,1.01
2016.03.15 03:54:25.242,1.26052,1.26063,1.00,1.59
2016.03.15 03:54:25.754,1.26051,1.26063,1.50,3.16
2016.03.15 03:54:26.261,1.26051,1.26061,1.10,1.00
2016.03.15 03:54:26.767,1.2605,1.26062,4.69,1.02
2016.03.15 03:54:27.298,1.26051,1.26061,1.20,1.00
2016.03.15 03:54:27.451,1.26053,1.26063,1.12,1.02
2016.03.15 03:54:28.486,1.26053,1.26065,2.77,1.51
2016.03.15 03:54:28.852,1.26055,1.26065,1.00,2.26
2016.03.15 03:54:29.010,1.26057,1.26068,1.65,1.01
2016.03.15 03:54:29.112,1.26058,1.26069,1.10,1.00
2016.03.15 03:54:29.163,1.26063,1.26071,1.00,1.20
2016.03.15 03:54:29.316,1.26064,1.26076,2.62,1.50
2016.03.15 03:54:29.518,1.26065,1.26075,1.65,1.50
2016.03.15 03:54:30.023,1.26064,1.26075,2.25,1.00
2016.03.15 03:54:30.172,1.26064,1.26071,2.25,1.50
2016.03.15 03:54:30.224,1.26062,1.26071,1.00,1.50
2016.03.15 03:54:30.326,1.26059,1.2607,1.00,3.01
2016.03.15 03:54:30.428,1.26056,1.26069,1.00,1.00
2016.03.15 03:54:30.844,1.26058,1.26068,1.00,1.00
2016.03.15 03:54:30.945,1.26058,1.2607,1.57,2.32
2016.03.15 03:54:31.047,1.2606,1.2607,1.00,1.00
2016.03.15 03:54:31.149,1.26059,1.26072,2.25,1.50
2016.03.15 03:54:31.200,1.26062,1.26072,1.00,1.00
2016.03.15 03:54:31.390,1.2606,1.26072,3.15,1.00
2016.03.15 03:54:31.909,1.2606,1.2607,2.40,2.26
2016.03.15 03:54:32.213,1.26056,1.26066,1.00,1.00
2016.03.15 03:54:32.518,1.26062,1.26071,1.00,1.00
2016.03.15 03:54:32.722,1.26064,1.26075,1.50,1.00
2016.03.15 03:54:32.824,1.26065,1.26077,1.50,1.00
2016.03.15 03:54:32.875,1.26067,1.26078,1.50,1.50
2016.03.15 03:54:33.381,1.26068,1.26078,1.00,1.00
2016.03.15 03:54:34.452,1.26068,1.26079,1.00,1.00
2016.03.15 03:54:35.426,1.26068,1.26078,1.00,1.37
2016.03.15 03:54:35.629,1.26066,1.2607,1.65,1.87
2016.03.15 03:54:37.365,1.26065,1.2607,2.25,1.00
2016.03.15 03:54:37.871,1.26064,1.2607,1.00,2.62
2016.03.15 03:54:37.923,1.26062,1.2607,1.00,3.00
2016.03.15 03:54:38.125,1.26059,1.26069,1.20,1.00
2016.03.15 03:54:38.530,1.26061,1.26068,1.10,1.00
2016.03.15 03:54:38.636,1.26061,1.26071,1.57,4.50
2016.03.15 03:54:39.142,1.26062,1.2607,2.77,2.25
2016.03.15 03:54:39.674,1.26062,1.2607,3.56,1.00
2016.03.15 03:54:39.876,1.26066,1.26073,1.00,3.75
2016.03.15 03:54:40.389,1.26065,1.26072,1.87,1.37
2016.03.15 03:54:40.692,1.26067,1.26073,1.00,1.87
2016.03.15 03:54:40.845,1.2607,1.26074,1.00,1.00
2016.03.15 03:54:40.946,1.26068,1.26076,1.00,1.00
2016.03.15 03:54:41.048,1.26073,1.26078,1.00,1.95
2016.03.15 03:54:41.150,1.26073,1.26081,1.00,1.00
2016.03.15 03:54:41.259,1.26071,1.26081,1.57,2.25
2016.03.15 03:54:41.766,1.2607,1.2608,1.00,2.25
2016.03.15 03:54:42.019,1.26068,1.2608,1.57,2.25
2016.03.15 03:54:42.532,1.26068,1.26079,1.50,1.00
2016.03.15 03:54:42.831,1.26066,1.26077,1.87,1.50
2016.03.15 03:54:43.085,1.26061,1.26073,1.00,1.50
2016.03.15 03:54:43.593,1.26061,1.26072,1.00,1.00
2016.03.15 03:54:44.104,1.2606,1.26073,3.15,2.25
2016.03.15 03:54:44.625,1.26061,1.26073,1.00,2.25
2016.03.15 03:54:45.162,1.2606,1.26073,1.65,2.25
2016.03.15 03:54:45.696,1.2606,1.26072,1.20,1.00
2016.03.15 03:54:46.205,1.2606,1.26071,1.00,1.00
2016.03.15 03:54:46.357,1.26062,1.26072,1.00,1.50
2016.03.15 03:54:46.662,1.26063,1.26075,1.00,2.25
2016.03.15 03:54:47.188,1.26063,1.26075,1.95,2.25
2016.03.15 03:54:47.877,1.26064,1.26076,1.20,3.00
2016.03.15 03:54:48.383,1.26065,1.26076,1.50,1.00
2016.03.15 03:54:48.599,1.26064,1.26078,1.20,2.25
2016.03.15 03:54:48.752,1.26064,1.26076,1.10,1.00
2016.03.15 03:54:48.904,1.26061,1.26074,3.07,1.00
2016.03.15 03:54:49.884,1.26061,1.26075,1.95,3.07
2016.03.15 03:54:49.986,1.2606,1.26073,1.20,1.00
2016.03.15 03:54:50.492,1.2606,1.26073,2.62,1.00
2016.03.15 03:54:50.796,1.26063,1.26074,1.00,1.00
2016.03.15 03:54:51.342,1.26063,1.26075,1.00,2.25
2016.03.15 03:54:51.848,1.26061,1.26074,2.25,1.00
2016.03.15 03:54:52.253,1.26062,1.26074,1.65,1.00
2016.03.15 03:54:52.790,1.26064,1.26074,1.00,1.00
2016.03.15 03:54:53.303,1.26062,1.26074,1.50,1.00
2016.03.15 03:54:53.766,1.26061,1.26073,2.32,1.00
2016.03.15 03:54:54.070,1.26059,1.26071,1.50,1.00
2016.03.15 03:54:54.571,1.26058,1.26069,1.00,1.00
2016.03.15 03:54:55.250,1.26057,1.26069,1.20,1.00
2016.03.15 03:54:55.574,1.26057,1.26067,1.27,1.28
2016.03.15 03:54:55.814,1.26052,1.26064,1.95,1.28
2016.03.15 03:54:55.866,1.26051,1.26062,1.00,1.50
2016.03.15 03:54:55.968,1.26048,1.26061,1.50,1.50
2016.03.15 03:54:56.480,1.26048,1.26061,1.00,1.50
2016.03.15 03:54:56.988,1.26048,1.2606,1.00,1.00
2016.03.15 03:54:57.998,1.26048,1.26059,1.00,1.00
2016.03.15 03:54:58.957,1.26046,1.26059,2.25,1.00
2016.03.15 03:55:00.316,1.26046,1.26061,2.25,1.50
2016.03.15 03:55:00.721,1.26051,1.26061,1.00,1.00
2016.03.15 03:55:01.027,1.26058,1.26064,1.00,1.00
2016.03.15 03:55:01.078,1.26058,1.26068,1.00,1.50
2016.03.15 03:55:01.180,1.26058,1.26066,1.00,1.00
2016.03.15 03:55:01.231,1.26056,1.26066,1.27,1.00
2016.03.15 03:55:01.332,1.26054,1.26066,1.00,1.00
2016.03.15 03:55:01.535,1.26052,1.26066,1.65,1.50
2016.03.15 03:55:02.092,1.26052,1.26065,1.10,1.00
2016.03.15 03:55:02.601,1.26052,1.26064,1.00,1.00
2016.03.15 03:55:03.183,1.26052,1.26064,3.52,1.00
2016.03.15 03:55:03.887,1.26053,1.26065,1.00,3.75
2016.03.15 03:55:04.435,1.26052,1.26065,2.77,2.25
2016.03.15 03:55:05.633,1.26052,1.26065,2.77,3.75
2016.03.15 03:55:06.961,1.26052,1.26065,3.15,2.25
2016.03.15 03:55:07.463,1.26053,1.26064,1.00,1.00
2016.03.15 03:55:08.145,1.26053,1.26064,1.37,1.00
2016.03.15 03:55:08.247,1.26053,1.26064,1.87,1.00
2016.03.15 03:55:08.399,1.26061,1.26064,1.50,1.00
2016.03.15 03:55:08.502,1.26059,1.26068,2.25,1.00
2016.03.15 03:55:08.553,1.26061,1.26069,1.00,1.50
2016.03.15 03:55:08.705,1.26063,1.26074,3.15,3.00
2016.03.15 03:55:09.211,1.26062,1.26067,1.10,1.00
2016.03.15 03:55:09.337,1.26058,1.26066,1.00,2.25
2016.03.15 03:55:09.389,1.26054,1.26066,2.25,2.25
2016.03.15 03:55:09.440,1.26054,1.26056,1.50,1.00
2016.03.15 03:55:09.492,1.26052,1.26055,2.25,1.00
2016.03.15 03:55:09.595,1.26048,1.26055,1.00,3.00
2016.03.15 03:55:09.698,1.26045,1.26056,1.50,1.00
2016.03.15 03:55:09.799,1.26045,1.26053,1.00,1.00
2016.03.15 03:55:10.003,1.26044,1.26056,1.50,1.00
2016.03.15 03:55:10.157,1.26044,1.26055,1.56,1.00
2016.03.15 03:55:10.259,1.26043,1.26055,1.20,1.00
2016.03.15 03:55:10.773,1.26044,1.26054,1.56,1.00
2016.03.15 03:55:10.876,1.26044,1.26055,1.10,1.00
2016.03.15 03:55:11.382,1.26043,1.26056,1.00,3.00
2016.03.15 03:55:11.434,1.26043,1.26054,1.00,1.00
2016.03.15 03:55:11.485,1.26041,1.26054,1.57,1.00
2016.03.15 03:55:11.984,1.2604,1.26053,1.10,3.19
2016.03.15 03:55:12.187,1.26035,1.26048,1.10,1.12
2016.03.15 03:55:12.339,1.26034,1.26046,1.10,1.00
2016.03.15 03:55:12.643,1.26034,1.26044,1.10,1.00
2016.03.15 03:55:13.008,1.26034,1.26039,1.00,1.00
2016.03.15 03:55:13.110,1.26029,1.26036,1.00,1.00
2016.03.15 03:55:13.212,1.26026,1.26036,1.00,1.50
2016.03.15 03:55:13.415,1.26026,1.2603,1.00,1.00
2016.03.15 03:55:13.516,1.26026,1.26031,1.00,1.00
2016.03.15 03:55:13.618,1.26021,1.26031,1.00,1.00
2016.03.15 03:55:13.720,1.26019,1.2603,1.50,1.00
2016.03.15 03:55:13.822,1.26016,1.26029,2.40,1.00
2016.03.15 03:55:13.873,1.26016,1.26026,1.65,1.00
2016.03.15 03:55:14.096,1.26013,1.26024,1.00,1.00
2016.03.15 03:55:14.147,1.26011,1.26025,1.50,3.07
2016.03.15 03:55:14.401,1.26013,1.26025,1.00,3.75
2016.03.15 03:55:14.755,1.26012,1.26023,1.50,1.00
2016.03.15 03:55:15.009,1.26005,1.26019,2.77,1.00
2016.03.15 03:55:15.154,1.26005,1.26017,3.52,1.50
2016.03.15 03:55:15.460,1.26008,1.26019,1.00,1.00
2016.03.15 03:55:15.917,1.26007,1.26017,1.26,1.00
2016.03.15 03:55:16.070,1.26005,1.26017,2.51,1.00
2016.03.15 03:55:16.121,1.26005,1.26019,1.76,1.65
2016.03.15 03:55:16.259,1.2601,1.26019,1.76,1.00
2016.03.15 03:55:16.566,1.26018,1.26027,2.70,1.00
2016.03.15 03:55:16.668,1.26019,1.26029,1.83,2.62
2016.03.15 03:55:16.771,1.26019,1.26029,1.00,2.25
2016.03.15 03:55:17.306,1.26018,1.26028,1.20,1.00
2016.03.15 03:55:17.459,1.2602,1.26029,1.50,1.00
2016.03.15 03:55:17.763,1.26016,1.2602,1.00,3.00
2016.03.15 03:55:17.814,1.26012,1.2602,1.47,3.00
2016.03.15 03:55:17.865,1.26011,1.2602,1.65,1.50
2016.03.15 03:55:17.916,1.2601,1.26017,1.87,1.00
2016.03.15 03:55:18.018,1.26007,1.26018,1.20,1.50
2016.03.15 03:55:18.119,1.26007,1.26017,1.20,1.37
2016.03.15 03:55:18.498,1.26007,1.26018,1.20,1.50
2016.03.15 03:55:19.163,1.26007,1.26017,1.00,1.00
2016.03.15 03:55:19.315,1.26004,1.26015,1.10,1.00
2016.03.15 03:55:19.417,1.26002,1.26015,1.12,1.50
2016.03.15 03:55:19.925,1.26003,1.26015,1.00,1.50
2016.03.15 03:55:20.258,1.26003,1.26015,2.25,1.00
2016.03.15 03:55:20.567,1.26008,1.26018,1.50,1.57
2016.03.15 03:55:20.922,1.26007,1.26015,1.05,1.50
2016.03.15 03:55:21.233,1.26007,1.26015,1.42,1.87
2016.03.15 03:55:21.638,1.26007,1.2602,2.70,2.32
2016.03.15 03:55:22.144,1.26009,1.2602,1.42,2.25
2016.03.15 03:55:22.245,1.26016,1.2602,1.00,2.25
2016.03.15 03:55:22.748,1.26016,1.2602,1.00,1.50
2016.03.15 03:55:22.799,1.26011,1.2602,1.50,1.50
2016.03.15 03:55:23.205,1.26013,1.2602,1.00,1.50
2016.03.15 03:55:23.511,1.26016,1.26021,1.10,1.20
2016.03.15 03:55:23.717,1.26012,1.26021,1.57,1.20
2016.03.15 03:55:24.223,1.26012,1.2602,1.20,1.20
2016.03.15 03:55:24.527,1.26014,1.26021,1.00,1.20
2016.03.15 03:55:25.032,1.26015,1.2602,1.50,1.20
2016.03.15 03:55:26.136,1.26013,1.26023,1.20,2.06
2016.03.15 03:55:26.638,1.26012,1.26022,1.10,1.69
2016.03.15 03:55:27.130,1.26012,1.26022,3.07,1.56
2016.03.15 03:55:27.638,1.26015,1.26023,1.00,1.69
2016.03.15 03:55:28.039,1.26012,1.26022,1.10,1.56
2016.03.15 03:55:28.636,1.26012,1.26022,1.20,1.56
2016.03.15 03:55:29.177,1.26012,1.26022,1.00,1.56
2016.03.15 03:55:29.379,1.2601,1.26022,5.55,1.56
2016.03.15 03:55:29.929,1.26011,1.26022,1.00,1.56
2016.03.15 03:55:30.430,1.2601,1.26022,6.30,1.56
2016.03.15 03:55:30.992,1.26011,1.26022,1.00,1.56
2016.03.15 03:55:31.500,1.2601,1.26022,1.80,2.59
2016.03.15 03:55:32.147,1.2601,1.26022,1.05,1.84
2016.03.15 03:55:32.447,1.26012,1.26022,1.00,1.09
2016.03.15 03:55:32.978,1.26013,1.26022,1.00,1.56
2016.03.15 03:55:33.498,1.26012,1.26022,1.50,1.56
2016.03.15 03:55:33.801,1.2601,1.26022,1.05,1.69
2016.03.15 03:55:34.875,1.26009,1.26021,1.80,1.69
2016.03.15 03:55:35.403,1.26009,1.26021,1.80,1.69
2016.03.15 03:55:36.205,1.2601,1.26021,1.05,1.69
2016.03.15 03:55:36.307,1.2601,1.26018,1.05,1.00
2016.03.15 03:55:36.459,1.26004,1.26015,1.50,3.00
2016.03.15 03:55:36.561,1.26001,1.2601,2.25,2.25
2016.03.15 03:55:36.865,1.26003,1.26013,1.00,2.62
2016.03.15 03:55:37.017,1.26004,1.26015,1.10,3.00
2016.03.15 03:55:37.068,1.26004,1.26013,1.10,1.00
2016.03.15 03:55:37.241,1.26003,1.26015,1.10,1.50
2016.03.15 03:55:37.396,1.26001,1.26012,1.57,1.12
2016.03.15 03:55:37.802,1.26003,1.26013,1.00,1.65
2016.03.15 03:55:37.904,1.26001,1.26013,1.50,1.20
2016.03.15 03:55:38.057,1.26003,1.26013,1.00,1.00
2016.03.15 03:55:38.562,1.26002,1.26013,1.50,1.00
2016.03.15 03:55:38.910,1.26001,1.2601,1.00,1.87
2016.03.15 03:55:39.113,1.26003,1.26012,1.00,1.20
2016.03.15 03:55:39.215,1.26003,1.26014,1.50,1.50
2016.03.15 03:55:39.368,1.26007,1.26015,1.00,1.50
2016.03.15 03:55:39.873,1.26006,1.26015,1.00,1.00
2016.03.15 03:55:40.154,1.26003,1.26014,1.00,1.00
2016.03.15 03:55:40.307,1.26003,1.2601,1.00,1.50
2016.03.15 03:55:40.358,1.26001,1.2601,3.07,1.50
2016.03.15 03:55:40.864,1.26002,1.2601,1.00,1.50
2016.03.15 03:55:41.268,1.26004,1.2601,1.00,1.50
2016.03.15 03:55:41.370,1.26002,1.2601,1.50,1.50
2016.03.15 03:55:41.644,1.26,1.2601,1.50,1.50
2016.03.15 03:55:42.627,1.26,1.26011,1.00,4.50
2016.03.15 03:55:43.179,1.26,1.2601,1.00,2.25
2016.03.15 03:55:44.038,1.26,1.26011,1.00,2.25
2016.03.15 03:55:44.605,1.26,1.2601,1.00,1.50
2016.03.15 03:55:45.508,1.26,1.26011,1.00,3.00
2016.03.15 03:55:46.010,1.26,1.2601,1.00,1.00
2016.03.15 03:55:46.312,1.26003,1.2601,1.00,1.00
2016.03.15 03:55:46.414,1.26003,1.26013,1.00,5.78
2016.03.15 03:55:46.624,1.26004,1.26014,1.00,1.57
2016.03.15 03:55:46.879,1.26006,1.26014,1.00,1.00
2016.03.15 03:55:47.389,1.26006,1.26015,1.00,1.00
2016.03.15 03:55:47.896,1.26006,1.26016,1.00,1.20
2016.03.15 03:55:47.947,1.26003,1.26016,1.87,1.10
2016.03.15 03:55:48.125,1.26006,1.26015,1.00,1.00
2016.03.15 03:55:48.447,1.2601,1.26016,1.00,1.00
2016.03.15 03:55:48.499,1.2601,1.26019,1.00,1.10
2016.03.15 03:55:48.601,1.26015,1.26022,1.00,1.00
2016.03.15 03:55:48.804,1.26015,1.26025,1.00,1.00
2016.03.15 03:55:49.007,1.26015,1.26028,1.50,1.50
2016.03.15 03:55:49.260,1.26022,1.26029,1.00,1.20
2016.03.15 03:55:49.524,1.2602,1.26028,1.00,1.00
2016.03.15 03:55:49.727,1.2602,1.2603,1.05,1.00
2016.03.15 03:55:49.829,1.26022,1.26031,1.00,1.00
2016.03.15 03:55:50.335,1.26021,1.26033,1.95,1.00
2016.03.15 03:55:50.877,1.26021,1.26032,1.50,1.00
2016.03.15 03:55:51.831,1.26021,1.26033,1.50,1.50
2016.03.15 03:55:52.666,1.2602,1.26033,1.00,1.50
2016.03.15 03:55:53.090,1.26023,1.26032,1.00,1.00
2016.03.15 03:55:53.243,1.26025,1.26037,1.00,2.62
2016.03.15 03:55:53.294,1.26025,1.26033,1.00,1.00
2016.03.15 03:55:53.397,1.26023,1.26033,1.50,1.00
2016.03.15 03:55:53.498,1.2602,1.26033,1.50,2.25
2016.03.15 03:55:53.752,1.2602,1.2603,1.50,1.50
2016.03.15 03:55:53.904,1.26017,1.2603,3.07,1.50
2016.03.15 03:55:54.157,1.26017,1.26029,1.00,2.25
2016.03.15 03:55:54.208,1.26015,1.26027,1.57,1.00
2016.03.15 03:55:54.848,1.26015,1.26028,1.00,1.57
2016.03.15 03:55:54.899,1.26015,1.26027,2.62,1.00
2016.03.15 03:55:55.102,1.26017,1.26029,1.50,3.00
2016.03.15 03:55:55.608,1.26018,1.26028,1.00,1.00
2016.03.15 03:55:55.911,1.26018,1.2603,1.00,1.00
2016.03.15 03:55:56.013,1.26021,1.2603,1.00,1.00
2016.03.15 03:55:56.348,1.26025,1.26034,1.00,1.00
2016.03.15 03:55:56.653,1.26023,1.26034,1.10,1.00
2016.03.15 03:55:57.810,1.26025,1.26035,1.00,1.00
2016.03.15 03:55:58.114,1.2603,1.26037,1.00,1.00
2016.03.15 03:55:58.316,1.26025,1.26035,2.02,1.00
2016.03.15 03:55:58.861,1.26025,1.26036,1.00,1.00
2016.03.15 03:55:59.362,1.26024,1.26036,1.10,1.00
2016.03.15 03:55:59.814,1.26032,1.26038,1.00,2.25
2016.03.15 03:55:59.915,1.2603,1.26038,1.00,3.60
2016.03.15 03:56:00.017,1.26033,1.2604,1.00,1.50
2016.03.15 03:56:00.170,1.26032,1.26043,3.00,1.00
2016.03.15 03:56:00.713,1.26031,1.26044,1.20,1.12
2016.03.15 03:56:01.256,1.26031,1.26043,1.65,1.00
2016.03.15 03:56:01.307,1.26035,1.26043,1.00,1.00
2016.03.15 03:56:02.023,1.26035,1.26044,1.00,1.12
2016.03.15 03:56:02.426,1.26037,1.26045,1.00,1.00
2016.03.15 03:56:02.940,1.26038,1.26045,1.00,1.00
2016.03.15 03:56:03.042,1.26034,1.26045,1.00,1.00
2016.03.15 03:56:03.396,1.26037,1.26045,1.00,1.00
2016.03.15 03:56:03.498,1.26035,1.26045,1.00,1.00
2016.03.15 03:56:04.234,1.26034,1.26045,1.50,1.00
2016.03.15 03:56:04.456,1.26035,1.26042,1.50,1.00
2016.03.15 03:56:04.608,1.26029,1.2604,1.12,1.50
2016.03.15 03:56:04.760,1.26027,1.26038,1.00,1.50
2016.03.15 03:56:04.811,1.26024,1.26038,1.95,2.25
2016.03.15 03:56:04.862,1.26024,1.26036,1.95,1.00
2016.03.15 03:56:05.375,1.26024,1.26035,1.00,1.00
2016.03.15 03:56:05.887,1.26023,1.26035,2.32,1.00
2016.03.15 03:56:06.293,1.26024,1.26036,1.12,1.00
2016.03.15 03:56:06.596,1.26031,1.26039,1.00,1.12
2016.03.15 03:56:06.799,1.26025,1.26035,3.82,1.50
2016.03.15 03:56:06.850,1.26025,1.26035,1.47,4.43
2016.03.15 03:56:06.901,1.26024,1.26032,1.50,1.37
2016.03.15 03:56:07.004,1.26018,1.26027,1.50,1.00
2016.03.15 03:56:07.107,1.26016,1.26025,1.00,1.00
2016.03.15 03:56:07.209,1.26012,1.26025,1.12,2.10
2016.03.15 03:56:07.513,1.26016,1.26025,1.00,1.00
2016.03.15 03:56:07.647,1.26016,1.26028,2.25,1.00
2016.03.15 03:56:07.698,1.26016,1.2603,3.37,2.25
2016.03.15 03:56:08.205,1.26018,1.26027,1.00,1.50
2016.03.15 03:56:08.307,1.26016,1.26027,1.00,1.50
2016.03.15 03:56:08.409,1.26014,1.26025,1.20,1.50
2016.03.15 03:56:08.562,1.26013,1.26024,1.10,1.00
2016.03.15 03:56:08.714,1.26011,1.26023,2.77,1.60
2016.03.15 03:56:09.013,1.26008,1.2602,1.00,1.50
2016.03.15 03:56:09.216,1.26007,1.26015,1.65,2.25
2016.03.15 03:56:09.319,1.26003,1.26013,2.25,1.00
2016.03.15 03:56:09.422,1.26001,1.26006,2.25,1.00
2016.03.15 03:56:09.524,1.26001,1.2601,1.50,2.32
2016.03.15 03:56:09.626,1.25998,1.26005,2.62,1.50
2016.03.15 03:56:09.829,1.25995,1.26003,1.50,1.00
2016.03.15 03:56:09.880,1.25995,1.26002,1.00,1.72
2016.03.15 03:56:09.932,1.25991,1.26,1.00,2.85
2016.03.15 03:56:10.034,1.25986,1.25996,1.10,1.00
2016.03.15 03:56:10.085,1.25985,1.25996,2.32,1.85
2016.03.15 03:56:10.247,1.25981,1.25991,1.00,1.50
2016.03.15 03:56:10.298,1.25979,1.25991,2.25,2.29
2016.03.15 03:56:10.349,1.25979,1.2599,1.50,4.12
2016.03.15 03:56:10.400,1.25977,1.25989,2.32,1.00
2016.03.15 03:56:10.653,1.25978,1.25985,2.44,1.50
2016.03.15 03:56:10.806,1.25972,1.25981,3.90,1.00
2016.03.15 03:56:10.857,1.25978,1.25981,1.50,1.00
2016.03.15 03:56:10.958,1.25972,1.25981,1.00,1.12
2016.03.15 03:56:11.009,1.25969,1.2598,1.57,1.50
2016.03.15 03:56:11.212,1.25968,1.25975,1.50,1.50
2016.03.15 03:56:11.314,1.25967,1.2598,1.00,3.75
2016.03.15 03:56:11.448,1.25971,1.2598,1.50,1.50
2016.03.15 03:56:11.602,1.25972,1.25984,1.00,1.87
2016.03.15 03:56:11.653,1.25971,1.25982,1.00,1.00
2016.03.15 03:56:11.958,1.25971,1.25973,1.00,1.00
2016.03.15 03:56:12.060,1.25964,1.25971,1.37,1.50
2016.03.15 03:56:12.111,1.25963,1.25976,1.37,2.47
2016.03.15 03:56:12.162,1.25963,1.25976,1.00,4.05
2016.03.15 03:56:12.264,1.25961,1.25975,1.50,1.80
2016.03.15 03:56:12.373,1.25965,1.25976,1.00,4.95
2016.03.15 03:56:12.809,1.25963,1.25975,1.00,1.37
2016.03.15 03:56:13.165,1.25965,1.25975,1.00,1.50
2016.03.15 03:56:13.618,1.25967,1.25976,1.00,1.00
2016.03.15 03:56:13.959,1.25971,1.25979,1.87,1.35
2016.03.15 03:56:14.263,1.25974,1.25979,1.00,1.00
2016.03.15 03:56:14.619,1.25971,1.2598,2.70,2.25
2016.03.15 03:56:14.670,1.25976,1.25978,1.00,1.00
2016.03.15 03:56:14.969,1.25973,1.25979,1.00,1.00
2016.03.15 03:56:15.223,1.25973,1.25982,1.00,1.72
2016.03.15 03:56:15.325,1.25977,1.25983,1.00,2.62
2016.03.15 03:56:15.376,1.25979,1.25988,1.00,2.62
2016.03.15 03:56:15.834,1.2598,1.2599,4.12,1.00
2016.03.15 03:56:16.139,1.25985,1.25996,2.25,1.12
2016.03.15 03:56:16.251,1.25987,1.25998,1.00,1.50
2016.03.15 03:56:16.555,1.2599,1.26,1.10,1.00
2016.03.15 03:56:16.758,1.25991,1.26002,2.25,2.25
2016.03.15 03:56:16.809,1.25993,1.26002,1.00,2.25
2016.03.15 03:56:17.214,1.25995,1.26003,1.50,1.12
2016.03.15 03:56:17.467,1.25998,1.26008,1.50,2.25
2016.03.15 03:56:17.619,1.25997,1.26008,1.50,2.47
2016.03.15 03:56:17.822,1.2599,1.26,3.07,1.00
2016.03.15 03:56:18.328,1.25989,1.25997,2.25,1.00
2016.03.15 03:56:18.988,1.25989,1.25999,1.50,1.37
2016.03.15 03:56:19.291,1.25989,1.25998,1.50,1.57
2016.03.15 03:56:19.494,1.25989,1.25998,1.50,1.20
2016.03.15 03:56:20.752,1.25988,1.25998,1.00,1.20
2016.03.15 03:56:21.707,1.25987,1.25999,1.50,2.25
2016.03.15 03:56:21.758,1.25987,1.25995,1.00,3.75
2016.03.15 03:56:21.860,1.25986,1.25992,1.50,1.00
2016.03.15 03:56:21.911,1.25983,1.25992,1.00,1.00
2016.03.15 03:56:21.962,1.25981,1.25991,1.00,1.00
2016.03.15 03:56:22.066,1.25981,1.25988,1.00,1.00
2016.03.15 03:56:22.117,1.25978,1.25988,1.20,1.87
2016.03.15 03:56:22.657,1.25977,1.25987,1.00,1.80
2016.03.15 03:56:23.474,1.25978,1.25987,1.00,2.36
2016.03.15 03:56:23.990,1.25977,1.25987,1.57,1.20
2016.03.15 03:56:24.836,1.25977,1.25987,1.47,1.00
2016.03.15 03:56:25.091,1.25979,1.2599,1.10,1.67
2016.03.15 03:56:25.294,1.25981,1.25992,1.20,1.57
2016.03.15 03:56:25.345,1.25981,1.25992,1.20,1.50
2016.03.15 03:56:25.447,1.25983,1.25992,1.00,1.00
2016.03.15 03:56:25.765,1.25983,1.25994,1.00,1.00
2016.03.15 03:56:25.968,1.25984,1.25996,2.62,1.00
2016.03.15 03:56:26.019,1.25986,1.25996,1.57,1.00
2016.03.15 03:56:26.171,1.25988,1.25999,1.20,1.00
2016.03.15 03:56:26.374,1.25988,1.25997,1.20,1.00
2016.03.15 03:56:26.814,1.25987,1.25995,1.50,1.00
2016.03.15 03:56:27.787,1.25987,1.25995,1.50,1.56
2016.03.15 03:56:28.480,1.25987,1.25997,1.50,1.00
2016.03.15 03:56:28.682,1.25987,1.25997,1.50,1.56
2016.03.15 03:56:28.784,1.25987,1.25996,1.50,1.12
2016.03.15 03:56:29.354,1.25986,1.25997,1.50,2.81
2016.03.15 03:56:29.865,1.25986,1.25995,1.50,1.50
2016.03.15 03:56:30.392,1.25986,1.25995,1.50,2.06
2016.03.15 03:56:32.055,1.25986,1.25995,1.50,2.62
2016.03.15 03:56:32.156,1.25982,1.25992,2.62,1.35
2016.03.15 03:56:32.207,1.25982,1.2599,1.00,1.00
2016.03.15 03:56:32.360,1.25979,1.25989,1.57,1.50
2016.03.15 03:56:32.463,1.25979,1.25988,1.50,2.70
2016.03.15 03:56:32.565,1.25979,1.25988,1.50,1.00
2016.03.15 03:56:32.666,1.25977,1.25987,1.50,1.00
2016.03.15 03:56:32.920,1.25979,1.25989,1.00,1.00
2016.03.15 03:56:33.267,1.25986,1.25995,1.50,1.15
2016.03.15 03:56:33.773,1.25987,1.25996,1.50,1.15
2016.03.15 03:56:33.976,1.25987,1.25997,1.50,1.00
2016.03.15 03:56:34.555,1.25991,1.25998,1.50,1.00
2016.03.15 03:56:34.606,1.25991,1.26,1.50,1.50
2016.03.15 03:56:35.112,1.25992,1.26002,1.50,1.00
2016.03.15 03:56:35.886,1.25992,1.26003,1.50,1.00
2016.03.15 03:56:36.369,1.25994,1.26002,1.50,1.00
2016.03.15 03:56:36.420,1.25994,1.26004,1.50,1.65
2016.03.15 03:56:36.723,1.25996,1.26005,1.00,1.00
2016.03.15 03:56:36.825,1.25997,1.26007,1.50,1.20
2016.03.15 03:56:36.926,1.25999,1.26008,1.50,1.57
2016.03.15 03:56:37.078,1.26002,1.26011,1.50,1.00
2016.03.15 03:56:37.130,1.26004,1.26013,1.50,1.10
2016.03.15 03:56:37.436,1.26006,1.26016,1.00,1.43
2016.03.15 03:56:37.691,1.26008,1.26018,2.02,1.00
2016.03.15 03:56:37.742,1.2601,1.2602,1.00,1.87
2016.03.15 03:56:38.046,1.26013,1.26021,1.00,1.00
2016.03.15 03:56:38.616,1.26013,1.2602,1.00,1.00
2016.03.15 03:56:39.163,1.26013,1.26021,1.00,1.00
2016.03.15 03:56:39.636,1.26013,1.26023,1.00,1.00
2016.03.15 03:56:39.789,1.26014,1.26025,1.50,1.00
2016.03.15 03:56:40.212,1.26014,1.26023,1.50,1.00
2016.03.15 03:56:40.843,1.26014,1.26025,1.50,1.00
2016.03.15 03:56:41.197,1.26016,1.26024,1.00,1.00
2016.03.15 03:56:41.248,1.26016,1.26026,1.00,1.20
2016.03.15 03:56:41.299,1.26018,1.26028,1.50,1.50
2016.03.15 03:56:41.350,1.2602,1.2603,1.50,1.50
2016.03.15 03:56:41.401,1.26021,1.2603,1.50,1.00
2016.03.15 03:56:41.729,1.26022,1.26024,1.00,1.30
2016.03.15 03:56:41.780,1.26019,1.26028,1.00,3.09
2016.03.15 03:56:41.882,1.26017,1.26026,1.50,1.00
2016.03.15 03:56:41.984,1.26015,1.26026,3.75,2.25
2016.03.15 03:56:42.035,1.26017,1.26026,1.00,2.25
2016.03.15 03:56:42.339,1.26017,1.26025,1.00,1.60
2016.03.15 03:56:42.441,1.26015,1.26024,3.75,4.16
2016.03.15 03:56:42.543,1.26009,1.26021,4.95,1.00
2016.03.15 03:56:42.695,1.26009,1.2602,3.00,1.60
2016.03.15 03:56:42.746,1.26009,1.2602,3.00,1.00
2016.03.15 03:56:43.258,1.26009,1.26019,1.50,1.00
2016.03.15 03:56:44.524,1.26009,1.2602,1.50,1.20
2016.03.15 03:56:45.051,1.26009,1.26019,1.50,1.00
2016.03.15 03:56:46.223,1.26009,1.2602,1.50,1.20
2016.03.15 03:56:46.722,1.26009,1.26018,1.50,1.00
2016.03.15 03:56:46.773,1.26007,1.26018,1.50,1.00
2016.03.15 03:56:47.297,1.26007,1.26017,1.50,1.00
2016.03.15 03:56:47.657,1.26008,1.26019,1.00,1.00
2016.03.15 03:56:48.163,1.26008,1.2602,1.00,1.10
2016.03.15 03:56:50.776,1.26008,1.26018,1.00,1.00
2016.03.15 03:56:51.080,1.26006,1.26015,1.00,1.00
2016.03.15 03:56:51.283,1.26004,1.26015,3.00,1.00
2016.03.15 03:56:51.825,1.26004,1.26016,1.00,1.57
2016.03.15 03:56:52.179,1.26004,1.26017,3.00,1.10
2016.03.15 03:56:52.484,1.26008,1.26019,1.50,1.00
2016.03.15 03:56:52.636,1.2601,1.26022,2.32,1.00
2016.03.15 03:56:53.604,1.2601,1.26019,1.65,1.96
2016.03.15 03:56:53.857,1.26003,1.26017,1.65,5.34
2016.03.15 03:56:54.363,1.26004,1.26016,1.10,1.00
2016.03.15 03:56:55.574,1.26004,1.26015,1.10,1.00
2016.03.15 03:56:56.108,1.26004,1.26014,1.00,1.00
2016.03.15 03:56:56.730,1.26004,1.26013,1.00,1.00
2016.03.15 03:56:57.402,1.26004,1.26014,1.00,1.50
2016.03.15 03:56:57.953,1.26004,1.26013,1.00,1.00
2016.03.15 03:56:59.034,1.26006,1.26015,1.00,1.00
2016.03.15 03:56:59.182,1.26007,1.26018,1.50,1.00
2016.03.15 03:56:59.386,1.26009,1.26021,1.50,1.37
2016.03.15 03:56:59.639,1.2601,1.26023,1.57,1.00
2016.03.15 03:57:00.145,1.26012,1.26022,1.00,1.00
2016.03.15 03:57:00.246,1.26012,1.26025,1.50,3.46
2016.03.15 03:57:00.399,1.26014,1.26025,1.00,1.00
2016.03.15 03:57:00.659,1.26015,1.26027,3.90,1.00
2016.03.15 03:57:00.761,1.26016,1.26025,1.00,1.00
2016.03.15 03:57:00.914,1.26014,1.26026,1.20,1.00
2016.03.15 03:57:01.463,1.26014,1.26025,1.20,1.00
2016.03.15 03:57:01.565,1.26014,1.26027,1.20,2.40
2016.03.15 03:57:01.794,1.26014,1.26026,1.95,1.00
2016.03.15 03:57:01.984,1.2602,1.26031,1.00,1.10
2016.03.15 03:57:02.085,1.2602,1.26032,4.50,1.10
2016.03.15 03:57:02.187,1.26022,1.26034,1.95,1.00
2016.03.15 03:57:02.289,1.26025,1.26033,1.00,1.00
2016.03.15 03:57:02.441,1.26027,1.26036,2.62,1.00
2016.03.15 03:57:02.492,1.26028,1.2604,1.50,1.10
2016.03.15 03:57:02.543,1.2603,1.2604,1.50,1.00
2016.03.15 03:57:02.594,1.26031,1.26042,1.50,1.20
2016.03.15 03:57:02.696,1.26033,1.26043,1.50,1.10
2016.03.15 03:57:03.201,1.26033,1.26044,1.50,1.00
2016.03.15 03:57:03.978,1.26033,1.26043,1.50,1.00
2016.03.15 03:57:04.180,1.26033,1.26045,1.50,3.54
2016.03.15 03:57:04.725,1.26033,1.26044,1.50,1.00
2016.03.15 03:57:05.650,1.26033,1.26045,3.75,1.10
2016.03.15 03:57:05.752,1.26035,1.26046,1.50,1.00
2016.03.15 03:57:06.056,1.26038,1.26049,1.00,2.71
2016.03.15 03:57:06.363,1.26038,1.26046,1.00,1.00
2016.03.15 03:57:06.415,1.26036,1.26046,1.20,1.00
2016.03.15 03:57:06.934,1.26035,1.26046,1.00,1.96
2016.03.15 03:57:07.481,1.26037,1.26047,1.00,2.32
2016.03.15 03:57:07.611,1.26037,1.26049,1.50,3.24
2016.03.15 03:57:07.763,1.26037,1.26047,1.50,1.00
2016.03.15 03:57:08.389,1.26037,1.26048,1.50,3.31
2016.03.15 03:57:08.794,1.26036,1.26045,1.10,1.00
2016.03.15 03:57:09.099,1.26038,1.26048,1.50,1.12
2016.03.15 03:57:09.201,1.26038,1.26049,1.50,1.00
2016.03.15 03:57:09.606,1.2604,1.26051,1.50,1.50
2016.03.15 03:57:10.112,1.26038,1.26049,1.10,1.10
2016.03.15 03:57:10.387,1.26037,1.26044,1.00,1.25
2016.03.15 03:57:10.539,1.26029,1.26037,1.00,1.00
2016.03.15 03:57:10.746,1.26026,1.26038,1.00,1.57
2016.03.15 03:57:10.898,1.26024,1.26035,1.50,1.00
2016.03.15 03:57:11.000,1.26021,1.26033,1.57,1.10
2016.03.15 03:57:11.102,1.2602,1.26031,3.37,1.00
2016.03.15 03:57:11.409,1.26015,1.2602,1.50,1.00
2016.03.15 03:57:11.715,1.26016,1.2602,2.70,1.00
2016.03.15 03:57:12.019,1.26018,1.26026,3.45,1.72
2016.03.15 03:57:12.070,1.26019,1.26026,1.09,1.07
2016.03.15 03:57:12.121,1.26019,1.26029,1.09,1.07
2016.03.15 03:57:12.223,1.26019,1.2603,1.17,1.50
2016.03.15 03:57:12.714,1.26019,1.26028,2.32,1.00
2016.03.15 03:57:13.224,1.26018,1.26029,2.32,1.00
2016.03.15 03:57:13.742,1.26018,1.2603,2.32,1.00
2016.03.15 03:57:14.297,1.26018,1.26029,3.07,1.00
2016.03.15 03:57:14.870,1.26018,1.26031,2.32,1.00
2016.03.15 03:57:15.483,1.26018,1.26029,2.32,1.50
2016.03.15 03:57:15.800,1.26016,1.26028,1.84,1.50
2016.03.15 03:57:16.003,1.26015,1.26026,1.26,1.00
2016.03.15 03:57:16.307,1.26015,1.26026,1.56,1.00
2016.03.15 03:57:16.598,1.26015,1.26028,1.12,2.25
2016.03.15 03:57:17.372,1.26015,1.26027,1.56,1.20
2016.03.15 03:57:18.080,1.26017,1.26028,1.56,1.01
2016.03.15 03:57:18.484,1.26015,1.26027,5.14,1.00
2016.03.15 03:57:21.011,1.26015,1.26028,2.32,1.10
2016.03.15 03:57:22.202,1.26015,1.26027,3.82,1.00
2016.03.15 03:57:22.928,1.26015,1.26028,1.10,1.20
2016.03.15 03:57:23.030,1.26014,1.26027,3.26,2.70
2016.03.15 03:57:23.081,1.26014,1.26026,2.25,1.10
2016.03.15 03:57:23.132,1.26014,1.26022,1.50,1.00
2016.03.15 03:57:23.235,1.26011,1.26023,4.20,1.00
2016.03.15 03:57:23.337,1.26008,1.26022,2.40,1.20
2016.03.15 03:57:23.792,1.26007,1.2602,2.32,2.32
2016.03.15 03:57:24.311,1.26007,1.26019,1.57,1.00
2016.03.15 03:57:25.385,1.26007,1.26019,2.25,1.00
2016.03.15 03:57:25.436,1.26008,1.26022,3.37,1.00
2016.03.15 03:57:25.987,1.2601,1.26023,1.65,1.57
2016.03.15 03:57:26.537,1.2601,1.26022,1.65,1.00
2016.03.15 03:57:30.173,1.2601,1.26022,1.46,1.00
2016.03.15 03:57:30.325,1.2601,1.2602,1.20,1.50
2016.03.15 03:57:30.528,1.26006,1.26019,1.20,3.15
2016.03.15 03:57:31.172,1.26004,1.26018,4.12,1.00
2016.03.15 03:57:31.714,1.26004,1.26019,3.37,2.40
2016.03.15 03:57:32.726,1.26004,1.26018,4.12,1.00
2016.03.15 03:57:33.576,1.26005,1.26018,1.01,1.56
2016.03.15 03:57:34.335,1.26004,1.26019,1.57,5.25
2016.03.15 03:57:34.874,1.26003,1.26016,2.40,1.20
2016.03.15 03:57:35.533,1.26002,1.26015,1.95,1.10
2016.03.15 03:57:36.133,1.26002,1.26014,1.20,1.00
2016.03.15 03:57:36.802,1.26001,1.26014,2.70,1.31
2016.03.15 03:57:37.346,1.26001,1.26014,1.50,1.31
2016.03.15 03:57:40.459,1.26004,1.26014,1.00,1.00
2016.03.15 03:57:40.764,1.26013,1.26023,1.00,1.25
2016.03.15 03:57:41.170,1.26013,1.26025,1.20,2.25
2016.03.15 03:57:41.424,1.26012,1.26024,2.25,2.06
2016.03.15 03:57:41.677,1.2601,1.26021,1.72,1.00
2016.03.15 03:57:46.629,1.26009,1.26022,3.45,1.00
2016.03.15 03:57:47.405,1.2601,1.26022,1.47,1.00
2016.03.15 03:57:48.536,1.2601,1.26021,2.62,1.00
2016.03.15 03:57:49.943,1.26011,1.26023,1.20,2.25
2016.03.15 03:57:50.550,1.26012,1.26024,1.10,2.25
2016.03.15 03:57:51.014,1.26018,1.26024,1.00,1.50
2016.03.15 03:57:51.116,1.26018,1.26029,1.12,3.00
2016.03.15 03:57:51.167,1.26021,1.26029,1.00,1.50
2016.03.15 03:57:51.370,1.26021,1.26031,1.50,1.50
2016.03.15 03:57:51.622,1.26023,1.26031,1.00,1.50
2016.03.15 03:57:51.926,1.26027,1.26032,1.00,1.00
2016.03.15 03:57:52.180,1.26031,1.26042,1.00,1.00
2016.03.15 03:57:52.332,1.26033,1.26042,1.00,1.00
2016.03.15 03:57:52.585,1.26033,1.26044,1.10,1.00
2016.03.15 03:57:53.095,1.26033,1.26045,1.20,1.00
2016.03.15 03:57:53.415,1.26041,1.26045,1.00,1.00
2016.03.15 03:57:53.568,1.26043,1.26048,1.00,1.10
2016.03.15 03:57:53.771,1.26042,1.2605,1.00,1.50
2016.03.15 03:57:53.872,1.26039,1.2605,1.50,1.00
2016.03.15 03:57:54.278,1.26038,1.26048,1.57,1.00
2016.03.15 03:57:54.781,1.26037,1.26048,2.32,1.00
2016.03.15 03:57:57.592,1.26037,1.26049,1.50,1.10
2016.03.15 03:57:57.795,1.26038,1.26052,1.20,3.94
2016.03.15 03:57:58.694,1.26037,1.2605,3.00,1.00
2016.03.15 03:57:59.657,1.26037,1.26051,3.00,1.20
2016.03.15 03:58:00.023,1.26041,1.26051,1.00,1.20
2016.03.15 03:58:00.327,1.26046,1.26053,1.00,2.40
2016.03.15 03:58:00.429,1.2604,1.26053,1.65,4.07
2016.03.15 03:58:00.902,1.2604,1.26051,1.72,1.00
2016.03.15 03:58:01.409,1.2604,1.26052,3.22,1.50
2016.03.15 03:58:01.958,1.2604,1.26051,3.07,1.00
2016.03.15 03:58:03.060,1.2604,1.26052,1.57,2.32
2016.03.15 03:58:03.386,1.2604,1.2605,1.10,1.00
2016.03.15 03:58:03.891,1.26038,1.26049,1.57,1.00
2016.03.15 03:58:03.992,1.26038,1.26048,1.50,1.00
2016.03.15 03:58:04.094,1.26036,1.26049,1.00,1.87
2016.03.15 03:58:04.195,1.26035,1.26046,1.20,1.00
2016.03.15 03:58:05.114,1.26035,1.26045,1.00,1.00
2016.03.15 03:58:05.629,1.26035,1.26046,1.00,1.57
2016.03.15 03:58:07.796,1.26035,1.26045,1.00,1.00
2016.03.15 03:58:08.319,1.26036,1.26046,1.00,1.00
2016.03.15 03:58:08.855,1.26036,1.26047,1.00,1.82
2016.03.15 03:58:09.984,1.26036,1.26046,1.00,1.00
2016.03.15 03:58:10.237,1.26037,1.26048,1.00,1.10
2016.03.15 03:58:10.774,1.26036,1.26047,2.25,1.00
2016.03.15 03:58:12.051,1.26036,1.26048,1.00,2.49
2016.03.15 03:58:12.826,1.26037,1.26049,1.87,2.32
2016.03.15 03:58:13.079,1.2604,1.26052,2.40,1.12
2016.03.15 03:58:13.130,1.26042,1.26053,1.00,1.10
2016.03.15 03:58:13.435,1.26046,1.26056,1.00,1.57
2016.03.15 03:58:13.689,1.26043,1.26056,1.50,1.50
2016.03.15 03:58:13.842,1.26042,1.26056,1.10,1.20
2016.03.15 03:58:14.919,1.26042,1.26055,1.00,4.20
2016.03.15 03:58:15.170,1.2604,1.26053,2.25,1.50
2016.03.15 03:58:15.682,1.2604,1.26053,3.60,1.95
2016.03.15 03:58:16.089,1.2604,1.2605,1.50,1.10
2016.03.15 03:58:16.241,1.26038,1.2605,1.01,1.20
2016.03.15 03:58:16.839,1.26039,1.26049,1.00,1.10
2016.03.15 03:58:17.387,1.26039,1.26048,1.00,1.00
2016.03.15 03:58:17.892,1.26039,1.26049,1.00,1.10
2016.03.15 03:58:18.199,1.26037,1.26051,1.00,4.12
2016.03.15 03:58:20.043,1.26037,1.26048,1.00,1.00
2016.03.15 03:58:23.129,1.26039,1.2605,1.00,2.62
2016.03.15 03:58:23.332,1.26042,1.26054,1.76,1.01
2016.03.15 03:58:23.433,1.26041,1.26055,3.00,3.90
2016.03.15 03:58:23.966,1.26042,1.26056,1.10,1.20
2016.03.15 03:58:24.613,1.26046,1.26055,1.26,1.10
2016.03.15 03:58:24.768,1.26045,1.26056,5.25,1.00
2016.03.15 03:58:25.071,1.26045,1.26057,5.51,1.00
2016.03.15 03:58:25.577,1.26046,1.26058,1.26,2.06
2016.03.15 03:58:26.127,1.26046,1.26058,1.27,1.00
2016.03.15 03:58:26.630,1.26046,1.26057,1.27,1.00
2016.03.15 03:58:27.136,1.26046,1.26057,1.50,1.02
2016.03.15 03:58:27.674,1.26045,1.26058,3.75,1.27
2016.03.15 03:58:28.240,1.26045,1.26058,4.12,1.02
2016.03.15 03:58:28.746,1.26045,1.26057,4.87,1.00
2016.03.15 03:58:29.252,1.26045,1.26058,4.12,1.02
2016.03.15 03:58:29.795,1.26045,1.26057,4.50,1.00
2016.03.15 03:58:30.951,1.26045,1.26058,4.12,1.00
2016.03.15 03:58:31.255,1.26045,1.26055,3.00,1.00
2016.03.15 03:58:31.654,1.26043,1.26053,2.25,2.25
2016.03.15 03:58:31.857,1.26038,1.26049,2.59,1.00
2016.03.15 03:58:32.362,1.26038,1.2605,1.76,1.50
2016.03.15 03:58:32.903,1.26038,1.26049,1.76,1.00
2016.03.15 03:58:33.404,1.26038,1.2605,1.50,1.50
2016.03.15 03:58:34.068,1.26038,1.26049,1.50,1.00
2016.03.15 03:58:34.625,1.26038,1.26048,1.00,1.00
2016.03.15 03:58:34.676,1.26036,1.26048,1.50,1.50
2016.03.15 03:58:35.827,1.26036,1.26046,1.50,1.00
2016.03.15 03:58:36.385,1.26036,1.26047,1.50,1.00
2016.03.15 03:58:36.930,1.26036,1.26046,1.50,1.00
2016.03.15 03:58:37.032,1.26036,1.26048,1.50,1.00
2016.03.15 03:58:39.153,1.26036,1.26047,1.50,1.00
2016.03.15 03:58:39.306,1.26034,1.26048,3.82,2.25
2016.03.15 03:58:39.824,1.26035,1.26047,1.00,1.20
2016.03.15 03:58:40.333,1.26035,1.26048,1.00,1.00
2016.03.15 03:58:42.256,1.26034,1.26045,2.66,1.00
2016.03.15 03:58:42.561,1.26034,1.26044,1.76,1.00
2016.03.15 03:58:42.864,1.26033,1.26042,1.95,1.00
2016.03.15 03:58:43.261,1.26032,1.26042,1.17,1.00
2016.03.15 03:58:43.363,1.26032,1.26042,1.00,1.00
2016.03.15 03:58:43.616,1.2603,1.26042,1.50,1.12
2016.03.15 03:58:44.247,1.26031,1.26041,1.00,2.40
2016.03.15 03:58:44.752,1.26032,1.2604,1.50,1.50
2016.03.15 03:58:44.803,1.26032,1.26044,1.50,3.37
2016.03.15 03:58:44.905,1.26034,1.26045,1.00,3.15
2016.03.15 03:58:45.230,1.26028,1.2604,2.77,1.50
2016.03.15 03:58:45.990,1.26032,1.26043,1.00,2.40
2016.03.15 03:58:46.295,1.26036,1.26047,1.00,1.00
2016.03.15 03:58:46.471,1.26036,1.26049,1.00,2.25
2016.03.15 03:58:47.057,1.26036,1.26048,1.50,1.00
2016.03.15 03:58:47.680,1.26036,1.2605,3.00,3.82
2016.03.15 03:58:48.230,1.26036,1.26049,3.00,1.00
2016.03.15 03:58:49.662,1.26037,1.26049,1.00,1.00
2016.03.15 03:58:50.015,1.26039,1.2605,1.00,1.00
2016.03.15 03:58:50.370,1.26039,1.26052,1.07,2.25
2016.03.15 03:58:50.877,1.26039,1.2605,1.07,1.00
2016.03.15 03:58:51.317,1.26038,1.26049,1.00,1.00
2016.03.15 03:58:51.418,1.26038,1.26051,1.00,1.87
2016.03.15 03:58:56.220,1.26038,1.2605,1.50,1.50
2016.03.15 03:58:56.908,1.26038,1.26049,1.00,1.00
2016.03.15 03:58:58.516,1.26038,1.2605,1.00,2.25
2016.03.15 03:59:00.288,1.26038,1.26049,1.00,1.00
2016.03.15 03:59:00.820,1.26038,1.26049,1.00,1.56
2016.03.15 03:59:03.030,1.26036,1.26049,4.50,1.56
2016.03.15 03:59:03.547,1.26038,1.26049,1.50,1.56
2016.03.15 03:59:04.063,1.26038,1.26049,1.95,1.56
2016.03.15 03:59:04.114,1.26041,1.2605,1.00,2.81
2016.03.15 03:59:04.620,1.26042,1.26049,1.00,1.56
2016.03.15 03:59:05.360,1.26042,1.26049,1.50,1.31
2016.03.15 03:59:05.973,1.26042,1.2605,1.00,1.31
2016.03.15 03:59:06.636,1.26042,1.26051,1.00,2.81
2016.03.15 03:59:07.146,1.26043,1.2605,1.00,1.00
2016.03.15 03:59:07.654,1.26043,1.26052,1.00,1.31
2016.03.15 03:59:07.705,1.26043,1.2605,1.00,1.00
2016.03.15 03:59:08.028,1.26043,1.26052,1.00,1.31
2016.03.15 03:59:08.238,1.26043,1.2605,1.00,1.00
2016.03.15 03:59:08.757,1.26043,1.26051,1.00,1.00
2016.03.15 03:59:12.733,1.26045,1.26051,1.00,1.00
2016.03.15 03:59:12.835,1.26045,1.26053,2.26,1.50
2016.03.15 03:59:12.936,1.26047,1.26054,1.00,1.00
2016.03.15 03:59:13.088,1.26045,1.26055,1.00,2.25
2016.03.15 03:59:13.341,1.26045,1.26055,4.20,1.50
2016.03.15 03:59:13.803,1.26046,1.26057,1.45,1.50
2016.03.15 03:59:14.006,1.26045,1.26055,1.45,1.00
2016.03.15 03:59:14.553,1.26045,1.26057,1.45,1.50
2016.03.15 03:59:14.655,1.26047,1.26055,1.45,1.00
2016.03.15 03:59:14.756,1.26048,1.26057,1.45,1.50
2016.03.15 03:59:14.858,1.26048,1.26059,2.40,1.00
2016.03.15 03:59:15.062,1.2605,1.26061,4.20,1.00
2016.03.15 03:59:15.417,1.2605,1.26063,5.33,1.00
2016.03.15 03:59:15.923,1.2605,1.26062,3.83,1.00
2016.03.15 03:59:16.460,1.26052,1.26062,1.45,1.00
2016.03.15 03:59:17.067,1.26052,1.26064,1.93,1.00
2016.03.15 03:59:17.629,1.26053,1.26065,1.58,1.00
2016.03.15 03:59:17.882,1.2606,1.26065,2.56,1.00
2016.03.15 03:59:17.933,1.26062,1.26068,1.00,1.00
2016.03.15 03:59:18.085,1.26062,1.26072,1.00,2.25
2016.03.15 03:59:18.136,1.26064,1.26072,1.00,1.00
2016.03.15 03:59:18.238,1.26065,1.26074,1.00,1.00
2016.03.15 03:59:18.441,1.26065,1.26077,2.25,1.50
2016.03.15 03:59:18.644,1.26065,1.26077,2.62,1.00
2016.03.15 03:59:18.797,1.26065,1.26076,1.00,1.00
2016.03.15 03:59:18.898,1.26063,1.26075,2.25,1.50
2016.03.15 03:59:19.050,1.26062,1.26072,1.50,1.00
2016.03.15 03:59:19.354,1.26056,1.26067,1.07,1.00
2016.03.15 03:59:19.405,1.26055,1.26067,1.00,1.00
2016.03.15 03:59:19.507,1.26053,1.26067,1.00,2.32
2016.03.15 03:59:19.558,1.26054,1.26065,1.00,1.50
2016.03.15 03:59:19.760,1.26054,1.26067,1.00,1.50
2016.03.15 03:59:20.280,1.26055,1.26066,2.25,1.00
2016.03.15 03:59:20.433,1.26056,1.26068,1.57,1.50
2016.03.15 03:59:20.978,1.26056,1.26067,2.32,1.00
2016.03.15 03:59:21.480,1.26057,1.26068,1.00,1.00
2016.03.15 03:59:22.005,1.26056,1.26069,2.32,1.00
2016.03.15 03:59:22.882,1.26057,1.26068,1.00,1.00
2016.03.15 03:59:23.448,1.26058,1.26069,1.00,1.00
2016.03.15 03:59:23.550,1.26059,1.26071,1.00,2.25
2016.03.15 03:59:23.753,1.2606,1.26069,1.50,1.00
2016.03.15 03:59:24.108,1.26057,1.26069,3.00,1.00
2016.03.15 03:59:24.209,1.26056,1.26069,1.10,1.10
2016.03.15 03:59:24.361,1.26056,1.26067,1.00,1.00
2016.03.15 03:59:24.871,1.26055,1.26067,3.00,1.00
2016.03.15 03:59:25.395,1.26055,1.26069,3.00,2.70
2016.03.15 03:59:25.699,1.26053,1.26067,2.25,2.40
2016.03.15 03:59:25.750,1.26053,1.26065,2.25,1.00
2016.03.15 03:59:26.285,1.26053,1.26064,3.00,1.00
2016.03.15 03:59:28.090,1.26054,1.26064,1.97,1.00
2016.03.15 03:59:28.394,1.26064,1.26073,1.50,1.57
2016.03.15 03:59:28.698,1.26069,1.26078,1.00,1.00
2016.03.15 03:59:29.205,1.26068,1.26079,3.37,1.00
2016.03.15 03:59:29.509,1.26065,1.26076,1.00,3.56
2016.03.15 03:59:29.560,1.26064,1.26075,1.00,1.31
2016.03.15 03:59:30.066,1.26063,1.26074,1.50,1.00
2016.03.15 03:59:30.604,1.26062,1.26075,3.37,2.06
2016.03.15 03:59:30.655,1.26064,1.26073,1.50,1.00
2016.03.15 03:59:30.959,1.26066,1.26075,1.00,3.00
2016.03.15 03:59:31.112,1.26064,1.26075,1.87,3.19
2016.03.15 03:59:31.264,1.26062,1.26069,1.37,1.00
2016.03.15 03:59:31.366,1.26059,1.26069,1.95,1.00
2016.03.15 03:59:31.417,1.26057,1.26069,3.75,1.00
2016.03.15 03:59:31.672,1.26055,1.26065,2.77,1.00
2016.03.15 03:59:31.773,1.26055,1.26067,2.25,1.00
2016.03.15 03:59:32.260,1.26057,1.26066,2.25,1.00
2016.03.15 03:59:32.595,1.26058,1.26067,1.37,1.00
2016.03.15 03:59:33.061,1.26062,1.26068,1.00,1.50
2016.03.15 03:59:33.392,1.26069,1.26076,1.50,1.00
2016.03.15 03:59:33.443,1.26071,1.26079,1.00,1.50
2016.03.15 03:59:33.494,1.26071,1.2608,1.87,4.12
2016.03.15 03:59:33.798,1.26073,1.2608,1.12,1.56
2016.03.15 03:59:33.900,1.2607,1.26082,2.06,1.00
2016.03.15 03:59:34.001,1.2607,1.26082,3.19,2.06
2016.03.15 03:59:34.514,1.2607,1.26083,2.25,1.56
2016.03.15 03:59:35.072,1.2607,1.26082,1.50,1.00
2016.03.15 03:59:35.275,1.26069,1.26081,1.10,1.56
2016.03.15 03:59:35.477,1.26071,1.26082,1.00,1.00
2016.03.15 03:59:35.579,1.26071,1.26082,1.00,1.56
2016.03.15 03:59:35.782,1.26071,1.26082,1.00,1.00
2016.03.15 03:59:36.203,1.26071,1.2608,1.50,1.00
2016.03.15 03:59:36.709,1.26072,1.2608,1.00,1.00
2016.03.15 03:59:36.810,1.2607,1.2608,3.75,1.00
2016.03.15 03:59:37.340,1.26071,1.26082,1.50,1.56
2016.03.15 03:59:37.845,1.2607,1.2608,2.25,1.00
2016.03.15 03:59:38.603,1.26071,1.2608,1.00,1.56
2016.03.15 03:59:39.060,1.26071,1.26081,1.50,1.00
2016.03.15 03:59:39.364,1.26071,1.26082,1.50,1.56
2016.03.15 03:59:39.914,1.2607,1.26084,4.50,1.20
2016.03.15 03:59:39.965,1.2607,1.26084,3.00,1.76
2016.03.15 03:59:40.873,1.26071,1.26083,1.00,2.06
2016.03.15 03:59:41.469,1.2607,1.26084,3.75,2.21
2016.03.15 03:59:41.974,1.26072,1.26084,1.00,2.21
2016.03.15 03:59:42.775,1.26072,1.26083,1.00,1.02
2016.03.15 03:59:42.876,1.2607,1.26084,2.25,1.92
2016.03.15 03:59:43.392,1.26071,1.26083,1.00,1.02
2016.03.15 03:59:48.071,1.26071,1.26083,1.81,1.00
2016.03.15 03:59:48.517,1.26071,1.26081,1.31,1.00
2016.03.15 03:59:48.821,1.26076,1.26088,1.56,3.34
2016.03.15 03:59:49.225,1.26077,1.26086,1.31,1.00
2016.03.15 03:59:49.428,1.26079,1.26091,3.00,1.02
2016.03.15 03:59:49.479,1.26083,1.26091,1.00,1.00
2016.03.15 03:59:50.020,1.26083,1.26092,2.25,1.00
2016.03.15 03:59:50.526,1.26084,1.26092,1.00,1.00
2016.03.15 03:59:50.991,1.26085,1.26094,2.06,1.00
2016.03.15 03:59:51.094,1.26085,1.26096,2.06,2.52
2016.03.15 03:59:51.398,1.26086,1.26096,1.00,1.27
2016.03.15 03:59:51.500,1.26083,1.26095,1.00,1.37
2016.03.15 03:59:51.754,1.26081,1.26093,1.25,1.00
2016.03.15 03:59:52.108,1.26081,1.26093,1.00,1.27
2016.03.15 03:59:52.631,1.2608,1.26093,3.07,1.27
2016.03.15 03:59:53.500,1.2608,1.26092,2.32,1.77
2016.03.15 03:59:53.602,1.26079,1.2609,1.65,1.02
2016.03.15 03:59:53.782,1.26077,1.2609,3.15,2.52
2016.03.15 03:59:53.884,1.26079,1.2609,1.07,1.77
2016.03.15 03:59:53.986,1.26083,1.2609,1.00,1.50
2016.03.15 03:59:54.139,1.26083,1.26094,1.00,2.22
2016.03.15 03:59:54.190,1.26086,1.26094,1.50,1.95
2016.03.15 03:59:54.293,1.26087,1.26096,1.02,1.50
2016.03.15 03:59:54.344,1.26088,1.26098,1.50,1.00
2016.03.15 03:59:54.395,1.2609,1.26098,1.00,1.00
2016.03.15 03:59:54.446,1.2609,1.261,1.00,1.50
2016.03.15 03:59:54.497,1.26088,1.261,3.27,1.50
2016.03.15 03:59:54.548,1.26094,1.261,1.00,1.00
2016.03.15 03:59:54.791,1.26092,1.26099,1.00,1.00
2016.03.15 03:59:54.945,1.2609,1.26096,1.00,1.00
2016.03.15 03:59:55.149,1.26087,1.26097,1.00,1.60
2016.03.15 03:59:55.354,1.26085,1.26095,1.10,1.00
2016.03.15 03:59:55.609,1.26085,1.26092,1.00,1.00
2016.03.15 03:59:56.149,1.26084,1.26093,1.00,1.00
2016.03.15 03:59:56.351,1.26081,1.26092,1.00,1.00
2016.03.15 03:59:56.860,1.26082,1.26092,1.00,1.00
2016.03.15 03:59:57.720,1.26082,1.26095,1.50,3.75
2016.03.15 03:59:57.771,1.26085,1.26095,1.00,1.87
2016.03.15 03:59:58.075,1.26087,1.26096,1.50,1.00
2016.03.15 03:59:58.125,1.26087,1.26098,1.00,1.50
2016.03.15 03:59:58.176,1.26087,1.26098,1.07,1.50
2016.03.15 03:59:58.535,1.2609,1.261,1.10,1.10
2016.03.15 03:59:59.075,1.26091,1.261,1.00,1.00
2016.03.15 03:59:59.177,1.26093,1.261,1.00,1.00
2016.03.15 03:59:59.682,1.26092,1.261,1.02,1.00
2016.03.15 03:59:59.986,1.26093,1.261,1.58,1.00
