2008.01.10 17:00:00.027,1.6122,1.61245,0.80,4.80
2008.01.10 17:00:00.250,1.61225,1.61245,0.80,4.80
2008.01.10 17:00:00.622,1.6122,1.61245,3.20,3.20
2008.01.10 17:00:01.012,1.6122,1.61245,3.20,3.20
2008.01.10 17:00:01.320,1.6122,1.61245,0.80,8.80
2008.01.10 17:00:02.069,1.6122,1.61245,0.80,8.80
2008.01.10 17:00:02.960,1.61215,1.61245,20.00,8.80
2008.01.10 17:00:03.184,1.6121,1.6124,17.60,0.80
2008.01.10 17:00:03.449,1.6121,1.61235,11.20,4.80
2008.01.10 17:00:03.713,1.61215,1.61235,4.20,5.60
2008.01.10 17:00:03.976,1.612,1.61235,22.40,7.20
2008.01.10 17:00:04.420,1.612,1.61235,18.40,12.00
2008.01.10 17:00:05.669,1.6121,1.61235,0.80,11.20
2008.01.10 17:00:05.954,1.61215,1.61235,1.60,8.80
2008.01.10 17:00:06.930,1.61215,1.61235,1.60,8.80
2008.01.10 17:00:07.366,1.61215,1.61235,1.60,9.60
2008.01.10 17:00:09.027,1.61215,1.61235,1.60,9.60
2008.01.10 17:00:09.237,1.61215,1.61235,1.60,9.60
2008.01.10 17:00:10.091,1.61215,1.61235,1.60,9.60
2008.01.10 17:00:11.147,1.61215,1.61235,1.60,9.60
2008.01.10 17:00:11.350,1.61215,1.61235,1.60,6.40
2008.01.10 17:00:12.989,1.61215,1.61235,1.60,6.40
2008.01.10 17:00:13.215,1.61215,1.61235,1.60,6.40
2008.01.10 17:00:14.379,1.61215,1.61235,1.60,8.00
2008.01.10 17:00:15.979,1.61215,1.61235,1.60,8.00
2008.01.10 17:00:15.998,1.61215,1.61235,1.60,8.00
2008.01.10 17:00:16.368,1.61215,1.61235,1.60,7.20
2008.01.10 17:00:17.238,1.61215,1.61235,1.60,7.20
2008.01.10 17:00:18.204,1.61215,1.61235,1.60,7.20
2008.01.10 17:00:18.564,1.61215,1.61235,1.60,7.20
2008.01.10 17:00:19.087,1.61215,1.61235,1.60,7.20
2008.01.10 17:00:19.533,1.61205,1.61235,13.60,12.80
2008.01.10 17:00:19.728,1.61205,1.61235,13.60,12.80
2008.01.10 17:00:19.995,1.61205,1.61235,12.00,16.00
2008.01.10 17:00:21.056,1.61205,1.61235,12.00,16.00
2008.01.10 17:00:23.262,1.61205,1.61235,12.00,16.00
2008.01.10 17:00:26.160,1.61205,1.61235,12.00,16.00
2008.01.10 17:00:28.095,1.61205,1.61235,12.00,16.00
2008.01.10 17:00:28.477,1.612,1.61225,0.80,5.60
2008.01.10 17:00:30.076,1.61205,1.61225,0.80,5.60
2008.01.10 17:00:30.364,1.61205,1.61235,12.00,16.00
2008.01.10 17:00:30.982,1.61205,1.61235,12.00,16.00
2008.01.10 17:00:33.492,1.61205,1.61235,12.00,16.00
2008.01.10 17:00:35.970,1.61205,1.61235,12.00,16.00
2008.01.10 17:00:36.226,1.61205,1.61235,12.00,16.00
2008.01.10 17:00:38.529,1.61205,1.61235,12.00,16.00
2008.01.10 17:00:40.743,1.61205,1.61235,12.00,0.50
2008.01.10 17:00:41.002,1.61205,1.61235,12.00,0.70
2008.01.10 17:00:41.633,1.61205,1.61235,12.00,0.70
2008.01.10 17:00:42.161,1.61205,1.61235,12.00,0.50
2008.01.10 17:00:42.600,1.61205,1.61235,12.00,0.80
2008.01.10 17:00:42.687,1.61205,1.61235,12.00,0.60
2008.01.10 17:00:43.010,1.61205,1.6123,9.60,9.60
2008.01.10 17:00:43.193,1.61205,1.61235,10.40,18.30
2008.01.10 17:00:43.437,1.61205,1.61225,10.40,0.70
2008.01.10 17:00:43.894,1.61205,1.6124,12.00,16.80
2008.01.10 17:00:46.015,1.61205,1.6124,12.00,16.80
2008.01.10 17:00:46.908,1.61205,1.6124,12.80,15.20
2008.01.10 17:00:47.251,1.61215,1.6124,1.60,12.80
2008.01.10 17:00:48.126,1.61215,1.6124,1.60,12.80
2008.01.10 17:00:48.465,1.61215,1.61245,8.80,22.30
2008.01.10 17:00:48.867,1.61215,1.61245,8.80,22.30
2008.01.10 17:00:49.080,1.61215,1.61245,8.00,22.30
2008.01.10 17:00:49.355,1.61215,1.61235,1.60,0.90
2008.01.10 17:00:49.613,1.61215,1.6123,1.60,0.80
2008.01.10 17:00:49.872,1.612,1.6123,0.80,4.80
2008.01.10 17:00:50.130,1.6122,1.6123,0.80,4.00
2008.01.10 17:00:50.374,1.61235,1.61245,1.60,4.00
2008.01.10 17:00:50.617,1.61235,1.61265,1.60,31.80
2008.01.10 17:00:50.861,1.61235,1.6125,0.80,2.40
2008.01.10 17:00:51.284,1.61235,1.6125,0.80,3.20
2008.01.10 17:00:51.549,1.61235,1.6125,7.20,4.00
2008.01.10 17:00:51.813,1.61235,1.61255,2.40,6.40
2008.01.10 17:00:52.220,1.61235,1.6126,5.20,9.60
2008.01.10 17:00:52.445,1.61235,1.61265,10.80,16.60
2008.01.10 17:00:52.718,1.61235,1.6126,7.60,8.80
2008.01.10 17:00:53.090,1.61235,1.61255,2.00,0.60
2008.01.10 17:00:53.584,1.61235,1.6126,2.00,10.40
2008.01.10 17:00:54.009,1.61235,1.6126,3.60,10.40
2008.01.10 17:00:54.457,1.61245,1.6126,0.40,9.60
2008.01.10 17:00:54.564,1.61245,1.61265,0.40,16.60
2008.01.10 17:00:54.967,1.61235,1.61255,12.40,0.50
2008.01.10 17:00:55.340,1.61235,1.61265,12.40,14.40
2008.01.10 17:00:55.596,1.61245,1.6126,0.40,4.80
2008.01.10 17:00:55.964,1.61245,1.6126,0.40,6.40
2008.01.10 17:00:56.359,1.61235,1.6126,9.20,0.90
2008.01.10 17:00:56.819,1.61245,1.6126,0.40,0.60
2008.01.10 17:00:57.076,1.61245,1.6127,0.40,8.80
2008.01.10 17:00:57.428,1.61245,1.6127,0.40,8.80
2008.01.10 17:00:57.800,1.61245,1.61265,0.40,0.80
2008.01.10 17:00:58.085,1.61245,1.6127,0.40,13.60
2008.01.10 17:00:58.348,1.61245,1.6127,0.40,13.60
2008.01.10 17:00:58.799,1.61245,1.61265,0.40,0.50
2008.01.10 17:00:59.005,1.61245,1.61265,0.40,12.80
2008.01.10 17:01:00.163,1.61245,1.61255,0.40,0.50
2008.01.10 17:01:00.448,1.61255,1.61265,0.40,0.80
2008.01.10 17:01:00.732,1.6126,1.6127,0.80,10.40
2008.01.10 17:01:01.091,1.6126,1.61285,0.80,0.50
2008.01.10 17:01:01.666,1.6126,1.61285,0.80,0.90
2008.01.10 17:01:01.959,1.6126,1.6129,0.80,13.60
2008.01.10 17:01:02.273,1.61255,1.61275,10.40,0.80
2008.01.10 17:01:02.587,1.61255,1.6128,3.20,12.00
2008.01.10 17:01:03.051,1.61255,1.6128,1.60,12.00
2008.01.10 17:01:03.245,1.61265,1.61285,0.80,15.20
2008.01.10 17:01:03.500,1.61265,1.6129,0.80,11.20
2008.01.10 17:01:03.860,1.6127,1.6129,0.80,5.60
2008.01.10 17:01:04.344,1.6127,1.61295,0.80,19.00
2008.01.10 17:01:04.962,1.6127,1.61285,0.80,0.90
2008.01.10 17:01:05.365,1.6127,1.61285,0.80,0.90
2008.01.10 17:01:06.227,1.6127,1.61285,0.80,0.90
2008.01.10 17:01:08.005,1.61265,1.61295,8.80,19.00
2008.01.10 17:01:08.254,1.61265,1.61295,8.00,20.60
2008.01.10 17:01:08.692,1.61265,1.61285,8.80,4.80
2008.01.10 17:01:08.743,1.6127,1.61285,6.40,3.20
2008.01.10 17:01:09.148,1.61265,1.61285,10.40,3.20
2008.01.10 17:01:11.244,1.61265,1.61285,10.40,3.20
2008.01.10 17:01:11.774,1.6127,1.61285,0.80,3.20
2008.01.10 17:01:11.909,1.6127,1.61285,0.80,3.20
2008.01.10 17:01:12.426,1.6127,1.61285,0.80,3.20
2008.01.10 17:01:13.788,1.61265,1.61285,8.80,8.80
2008.01.10 17:01:13.950,1.6126,1.61285,1.60,10.40
2008.01.10 17:01:14.170,1.6126,1.61285,1.60,10.40
2008.01.10 17:01:14.523,1.6127,1.61285,0.80,7.20
2008.01.10 17:01:14.543,1.61265,1.61285,8.80,3.20
2008.01.10 17:01:14.703,1.61255,1.61285,4.80,3.20
2008.01.10 17:01:15.039,1.6125,1.61285,6.40,3.20
2008.01.10 17:01:15.443,1.6126,1.61285,1.60,4.80
2008.01.10 17:01:15.778,1.61265,1.61285,0.80,6.40
2008.01.10 17:01:16.109,1.61265,1.61285,0.80,10.40
2008.01.10 17:01:16.483,1.6126,1.61285,1.60,10.40
2008.01.10 17:01:16.888,1.6126,1.61285,1.60,10.40
2008.01.10 17:01:16.927,1.6126,1.61285,1.60,10.40
2008.01.10 17:01:17.195,1.61265,1.61285,7.20,10.40
2008.01.10 17:01:17.463,1.61265,1.61285,7.20,4.80
2008.01.10 17:01:17.924,1.61265,1.61285,7.20,4.80
2008.01.10 17:01:18.128,1.6126,1.61285,7.20,4.80
2008.01.10 17:01:18.399,1.6126,1.61285,1.60,7.20
2008.01.10 17:01:18.628,1.6126,1.61275,1.60,4.00
2008.01.10 17:01:18.872,1.61265,1.61275,0.80,4.00
2008.01.10 17:01:19.276,1.6126,1.61285,1.60,8.00
2008.01.10 17:01:19.563,1.6126,1.61285,1.60,8.80
2008.01.10 17:01:19.860,1.61265,1.61285,0.80,8.80
2008.01.10 17:01:20.148,1.6125,1.61285,20.80,11.20
2008.01.10 17:01:20.427,1.61255,1.61275,6.10,3.20
2008.01.10 17:01:20.619,1.61255,1.61275,5.40,3.20
2008.01.10 17:01:21.002,1.6125,1.6128,15.20,2.40
2008.01.10 17:01:21.652,1.61255,1.6128,6.10,2.40
2008.01.10 17:01:21.913,1.61255,1.6128,16.00,2.40
2008.01.10 17:01:22.172,1.6126,1.6128,1.60,1.60
2008.01.10 17:01:22.431,1.6126,1.61285,1.60,4.80
2008.01.10 17:01:22.845,1.6126,1.61285,2.40,4.80
2008.01.10 17:01:23.067,1.61265,1.61285,4.00,4.80
2008.01.10 17:01:23.293,1.61285,1.6129,0.80,2.40
2008.01.10 17:01:23.516,1.61285,1.61305,0.80,14.40
2008.01.10 17:01:23.771,1.61285,1.61305,4.00,5.60
2008.01.10 17:01:24.170,1.6129,1.61315,1.60,20.00
2008.01.10 17:01:25.866,1.61285,1.61305,3.50,1.60
2008.01.10 17:01:26.169,1.6128,1.61305,6.40,1.60
2008.01.10 17:01:26.720,1.613,1.61305,0.80,1.60
2008.01.10 17:01:26.837,1.613,1.6131,0.80,0.80
2008.01.10 17:01:27.064,1.613,1.61315,0.80,2.40
2008.01.10 17:01:27.399,1.6129,1.61315,3.20,5.60
2008.01.10 17:01:27.733,1.6129,1.61315,2.40,2.40
2008.01.10 17:01:28.262,1.6129,1.61315,0.80,11.20
2008.01.10 17:01:28.655,1.61285,1.61315,13.60,14.40
2008.01.10 17:01:28.859,1.6129,1.61315,12.00,9.60
2008.01.10 17:01:29.125,1.6129,1.61315,12.00,9.60
2008.01.10 17:01:29.654,1.61295,1.61315,1.00,4.80
2008.01.10 17:01:29.986,1.61285,1.61315,8.80,17.60
2008.01.10 17:01:30.262,1.61285,1.61315,8.80,17.60
2008.01.10 17:01:31.090,1.61285,1.61315,8.80,17.60
2008.01.10 17:01:31.809,1.6129,1.61315,0.80,19.20
2008.01.10 17:01:32.030,1.6128,1.61305,1.60,1.60
2008.01.10 17:01:33.094,1.61285,1.61305,0.80,1.60
2008.01.10 17:01:33.941,1.61285,1.61305,0.80,1.60
2008.01.10 17:01:34.137,1.6128,1.61305,1.60,1.60
2008.01.10 17:01:34.356,1.61285,1.61305,0.80,1.60
2008.01.10 17:01:34.962,1.61285,1.61305,0.80,1.60
2008.01.10 17:01:35.457,1.61285,1.61305,0.80,2.40
2008.01.10 17:01:35.682,1.61285,1.61305,0.80,2.40
2008.01.10 17:01:35.912,1.61285,1.61305,0.80,2.40
2008.01.10 17:01:36.347,1.61285,1.61305,0.80,4.00
2008.01.10 17:01:37.059,1.61285,1.61305,0.80,4.00
2008.01.10 17:01:37.853,1.61285,1.61305,0.80,4.00
2008.01.10 17:01:38.318,1.61285,1.61305,0.80,4.00
2008.01.10 17:01:38.577,1.61285,1.61305,1.60,1.60
2008.01.10 17:01:38.815,1.61285,1.61305,1.60,1.60
2008.01.10 17:01:39.378,1.61285,1.61305,1.60,1.60
2008.01.10 17:01:40.901,1.61285,1.61305,1.60,1.60
2008.01.10 17:01:41.610,1.61285,1.61305,1.60,1.60
2008.01.10 17:01:44.616,1.61285,1.61305,1.60,1.60
2008.01.10 17:01:46.132,1.61285,1.61305,1.60,1.60
2008.01.10 17:01:46.644,1.61285,1.61305,1.60,4.80
2008.01.10 17:01:49.192,1.61285,1.61305,1.60,4.80
2008.01.10 17:01:49.425,1.61295,1.61305,0.80,1.60
2008.01.10 17:01:49.837,1.613,1.61305,0.80,1.60
2008.01.10 17:01:50.070,1.613,1.61315,0.80,5.60
2008.01.10 17:01:50.304,1.61305,1.61315,0.80,2.40
2008.01.10 17:01:50.790,1.61305,1.61325,1.60,17.60
2008.01.10 17:01:51.078,1.61305,1.61325,1.60,7.20
2008.01.10 17:01:52.121,1.61305,1.61325,1.60,7.20
2008.01.10 17:01:53.957,1.61305,1.61325,1.60,8.80
2008.01.10 17:01:54.486,1.61305,1.61325,1.60,8.80
2008.01.10 17:01:54.995,1.61305,1.61325,1.60,8.80
2008.01.10 17:01:55.278,1.61305,1.61325,1.60,8.80
2008.01.10 17:01:55.657,1.61305,1.61325,0.80,10.40
2008.01.10 17:01:55.850,1.613,1.61325,0.80,15.20
2008.01.10 17:01:56.856,1.613,1.61325,0.80,15.20
2008.01.10 17:01:58.100,1.613,1.61325,0.80,15.20
2008.01.10 17:01:58.322,1.61305,1.61325,1.60,9.60
2008.01.10 17:01:58.725,1.61305,1.61325,1.60,4.80
2008.01.10 17:01:59.502,1.61305,1.61325,1.60,4.80
2008.01.10 17:01:59.760,1.61305,1.61325,1.60,8.80
2008.01.10 17:01:59.928,1.61305,1.61325,0.70,8.80
2008.01.10 17:02:00.218,1.613,1.61325,2.40,8.80
2008.01.10 17:02:00.468,1.61305,1.61325,0.70,4.80
2008.01.10 17:02:01.135,1.61305,1.61325,0.70,4.80
2008.01.10 17:02:02.990,1.613,1.61325,4.00,4.80
2008.01.10 17:02:03.622,1.613,1.61325,4.00,4.80
2008.01.10 17:02:03.929,1.613,1.61325,4.00,4.80
2008.01.10 17:02:04.243,1.613,1.61325,4.00,4.80
2008.01.10 17:02:04.658,1.613,1.61325,4.00,4.80
2008.01.10 17:02:04.951,1.6129,1.6132,17.60,2.40
2008.01.10 17:02:05.244,1.6129,1.6132,17.60,2.40
2008.01.10 17:02:05.811,1.61295,1.6132,6.90,2.40
2008.01.10 17:02:06.298,1.6129,1.6132,17.60,2.40
2008.01.10 17:02:06.748,1.613,1.6132,0.80,2.40
2008.01.10 17:02:06.991,1.613,1.61325,0.80,11.20
2008.01.10 17:02:07.249,1.61295,1.61325,16.80,11.20
2008.01.10 17:02:07.690,1.6129,1.61325,12.00,16.80
2008.01.10 17:02:07.912,1.6129,1.6132,3.20,1.60
2008.01.10 17:02:08.184,1.61295,1.6132,0.50,2.40
2008.01.10 17:02:08.579,1.61295,1.61315,0.80,5.60
2008.01.10 17:02:09.011,1.6129,1.61315,1.60,5.60
2008.01.10 17:02:09.275,1.6129,1.61315,1.60,7.20
2008.01.10 17:02:09.536,1.6129,1.61315,3.20,4.00
2008.01.10 17:02:10.071,1.6129,1.61315,3.20,4.00
2008.01.10 17:02:10.413,1.61295,1.61315,8.80,4.00
2008.01.10 17:02:10.860,1.61295,1.61315,8.80,4.00
2008.01.10 17:02:11.132,1.6129,1.61315,8.80,4.00
2008.01.10 17:02:11.373,1.61295,1.61315,0.50,4.00
2008.01.10 17:02:11.865,1.6129,1.61315,3.20,4.00
2008.01.10 17:02:12.103,1.6129,1.61315,3.20,7.20
2008.01.10 17:02:12.340,1.6129,1.61315,0.80,5.60
2008.01.10 17:02:12.823,1.6129,1.61315,1.60,8.00
2008.01.10 17:02:12.921,1.61295,1.61315,1.10,4.00
2008.01.10 17:02:13.331,1.6129,1.61315,0.80,5.60
2008.01.10 17:02:13.785,1.6129,1.61315,0.80,10.40
2008.01.10 17:02:13.977,1.61285,1.61315,12.80,10.40
2008.01.10 17:02:14.198,1.61285,1.61315,4.20,13.60
2008.01.10 17:02:14.640,1.6128,1.61305,1.60,1.60
2008.01.10 17:02:15.100,1.6128,1.61305,1.60,1.60
2008.01.10 17:02:15.359,1.61295,1.61305,0.80,1.60
2008.01.10 17:02:15.615,1.61295,1.61315,0.80,10.40
2008.01.10 17:02:16.055,1.6128,1.61305,1.60,1.60
2008.01.10 17:02:16.312,1.6128,1.61305,1.60,1.60
2008.01.10 17:02:17.004,1.6128,1.61305,1.60,1.60
2008.01.10 17:02:18.624,1.6128,1.61305,0.80,1.60
2008.01.10 17:02:18.962,1.6128,1.61305,0.80,5.60
2008.01.10 17:02:19.364,1.61275,1.61305,20.80,8.00
2008.01.10 17:02:19.495,1.6128,1.61305,0.80,11.20
2008.01.10 17:02:19.817,1.61275,1.61305,20.80,11.20
2008.01.10 17:02:20.259,1.61275,1.61305,20.80,11.20
2008.01.10 17:02:20.491,1.6127,1.61295,17.60,3.20
2008.01.10 17:02:20.725,1.61275,1.61295,17.60,3.20
2008.01.10 17:02:21.181,1.61275,1.61305,20.80,11.20
2008.01.10 17:02:22.177,1.6128,1.61305,0.80,11.20
2008.01.10 17:02:22.702,1.61275,1.61305,20.80,8.00
2008.01.10 17:02:23.149,1.6128,1.61305,0.80,8.00
2008.01.10 17:02:23.580,1.61275,1.61305,20.80,8.00
2008.01.10 17:02:24.166,1.61275,1.61305,20.80,8.00
2008.01.10 17:02:24.516,1.6128,1.61305,0.80,11.20
2008.01.10 17:02:24.998,1.61275,1.61305,17.60,11.20
2008.01.10 17:02:25.690,1.6128,1.61305,0.80,11.20
2008.01.10 17:02:25.937,1.61275,1.61305,17.60,11.20
2008.01.10 17:02:26.378,1.61275,1.61305,17.60,11.20
2008.01.10 17:02:26.626,1.61275,1.61305,17.60,11.20
2008.01.10 17:02:26.926,1.61275,1.61305,17.60,11.20
2008.01.10 17:02:27.599,1.6128,1.61305,0.80,8.00
2008.01.10 17:02:27.911,1.61275,1.61305,20.80,8.00
2008.01.10 17:02:30.221,1.6128,1.61305,0.80,8.00
2008.01.10 17:02:31.211,1.6128,1.61305,0.80,8.00
2008.01.10 17:02:33.415,1.6128,1.61305,0.80,0.50
2008.01.10 17:02:34.453,1.6128,1.6131,0.80,8.80
2008.01.10 17:02:34.724,1.6128,1.6131,0.80,11.20
2008.01.10 17:02:35.013,1.6128,1.61305,0.80,11.20
2008.01.10 17:02:35.326,1.6128,1.613,0.80,0.60
2008.01.10 17:02:36.277,1.6128,1.613,0.80,0.60
2008.01.10 17:02:36.801,1.6128,1.61305,0.80,10.40
2008.01.10 17:02:39.256,1.6128,1.61305,0.80,10.40
2008.01.10 17:02:40.357,1.6128,1.61305,0.80,10.40
2008.01.10 17:02:41.209,1.6128,1.613,0.80,0.80
2008.01.10 17:02:42.893,1.6128,1.61305,0.80,11.20
2008.01.10 17:02:43.147,1.61275,1.613,13.60,0.90
2008.01.10 17:02:43.587,1.61275,1.61305,13.60,8.00
2008.01.10 17:02:43.782,1.6128,1.61305,0.80,0.60
2008.01.10 17:02:44.107,1.6128,1.6131,0.80,6.40
2008.01.10 17:02:44.406,1.61275,1.61305,13.60,0.50
2008.01.10 17:02:44.707,1.6128,1.61305,0.80,4.80
2008.01.10 17:02:45.006,1.6128,1.6131,0.80,9.60
2008.01.10 17:02:45.502,1.6128,1.61305,0.80,0.70
2008.01.10 17:02:45.948,1.6128,1.6131,0.80,9.60
2008.01.10 17:02:45.986,1.6128,1.61305,0.80,0.70
2008.01.10 17:02:46.179,1.61275,1.61305,13.60,11.20
2008.01.10 17:02:46.414,1.61275,1.61305,13.60,11.20
2008.01.10 17:02:46.805,1.61275,1.613,13.60,0.50
2008.01.10 17:02:47.134,1.61275,1.61305,14.40,11.20
2008.01.10 17:02:47.463,1.61275,1.613,14.40,0.60
2008.01.10 17:02:47.791,1.6128,1.6131,0.80,8.80
2008.01.10 17:02:48.020,1.6128,1.61305,0.80,0.90
2008.01.10 17:02:48.433,1.6128,1.6131,0.80,4.80
2008.01.10 17:02:48.657,1.61285,1.61305,3.20,0.70
2008.01.10 17:02:48.969,1.61285,1.6131,3.20,4.80
2008.01.10 17:02:49.294,1.61285,1.6131,5.60,4.00
2008.01.10 17:02:49.498,1.61285,1.6132,10.40,17.20
2008.01.10 17:02:49.706,1.6129,1.61315,0.80,0.60
2008.01.10 17:02:49.989,1.6129,1.61315,0.80,0.50
2008.01.10 17:02:50.274,1.61295,1.61315,8.00,0.70
2008.01.10 17:02:50.760,1.61295,1.61315,8.00,0.60
2008.01.10 17:02:50.995,1.6129,1.61315,0.80,0.90
2008.01.10 17:02:51.282,1.61295,1.61315,2.40,0.90
2008.01.10 17:02:51.699,1.61295,1.6132,2.40,10.00
2008.01.10 17:02:51.934,1.61295,1.6132,2.40,6.00
2008.01.10 17:02:54.300,1.61295,1.6132,2.40,6.00
2008.01.10 17:02:54.596,1.61295,1.61325,13.60,15.70
2008.01.10 17:02:54.889,1.613,1.61315,0.80,0.50
2008.01.10 17:02:55.573,1.613,1.61325,0.80,15.70
2008.01.10 17:02:56.250,1.613,1.61315,0.80,0.50
2008.01.10 17:02:56.698,1.613,1.61325,0.80,0.80
2008.01.10 17:02:57.816,1.613,1.6133,0.80,12.00
2008.01.10 17:03:00.593,1.613,1.6133,0.80,12.00
2008.01.10 17:03:01.015,1.613,1.6133,0.80,13.60
2008.01.10 17:03:01.267,1.613,1.61325,0.80,0.60
2008.01.10 17:03:01.669,1.613,1.61325,0.80,0.90
2008.01.10 17:03:03.622,1.61295,1.61325,8.00,17.60
2008.01.10 17:03:03.911,1.61295,1.61315,8.00,3.20
2008.01.10 17:03:04.084,1.61295,1.61315,8.00,3.20
2008.01.10 17:03:04.437,1.61295,1.61315,8.00,3.20
2008.01.10 17:03:04.679,1.61295,1.61315,8.00,7.20
2008.01.10 17:03:05.286,1.61295,1.61315,8.00,7.20
2008.01.10 17:03:05.620,1.61295,1.61315,8.00,7.20
2008.01.10 17:03:06.446,1.61295,1.61315,8.00,7.20
2008.01.10 17:03:10.065,1.61295,1.61315,8.00,7.20
2008.01.10 17:03:10.355,1.61295,1.61315,8.00,3.20
2008.01.10 17:03:10.851,1.61295,1.61315,8.00,3.20
2008.01.10 17:03:11.380,1.61295,1.61315,8.00,4.80
2008.01.10 17:03:11.618,1.61295,1.61315,8.00,13.60
2008.01.10 17:03:11.857,1.61295,1.61305,5.60,0.80
2008.01.10 17:03:12.269,1.61285,1.61305,11.20,3.20
2008.01.10 17:03:12.561,1.61285,1.61305,5.60,1.60
2008.01.10 17:03:12.950,1.61285,1.61305,5.60,1.60
2008.01.10 17:03:13.272,1.6129,1.6131,0.80,1.60
2008.01.10 17:03:13.451,1.6129,1.61315,0.80,8.80
2008.01.10 17:03:13.741,1.6129,1.61315,0.80,4.80
2008.01.10 17:03:14.121,1.6129,1.61315,0.80,4.80
2008.01.10 17:03:15.112,1.6129,1.61315,0.80,4.80
2008.01.10 17:03:15.417,1.61295,1.6132,12.80,1.60
2008.01.10 17:03:15.632,1.61295,1.6132,12.80,1.60
2008.01.10 17:03:16.002,1.61305,1.6132,0.80,0.80
2008.01.10 17:03:16.185,1.61305,1.61325,0.80,5.60
2008.01.10 17:03:16.406,1.61305,1.61325,0.80,5.60
2008.01.10 17:03:16.860,1.61305,1.61325,0.80,8.80
2008.01.10 17:03:17.128,1.61305,1.61325,0.80,4.80
2008.01.10 17:03:17.397,1.61305,1.61325,0.80,7.20
2008.01.10 17:03:17.853,1.613,1.61325,0.80,6.40
2008.01.10 17:03:18.305,1.613,1.61325,0.80,11.20
2008.01.10 17:03:18.382,1.61305,1.61325,4.00,10.40
2008.01.10 17:03:18.788,1.61305,1.61325,3.20,6.40
2008.01.10 17:03:19.197,1.61305,1.61325,9.60,7.20
2008.01.10 17:03:19.415,1.61315,1.61325,8.00,4.80
2008.01.10 17:03:19.634,1.61315,1.6134,8.00,3.20
2008.01.10 17:03:20.056,1.61315,1.6134,8.00,3.20
2008.01.10 17:03:20.971,1.61315,1.6134,8.00,3.20
2008.01.10 17:03:21.460,1.61315,1.6134,8.00,3.20
2008.01.10 17:03:21.679,1.61315,1.6134,7.20,3.20
2008.01.10 17:03:21.946,1.61315,1.61335,5.60,1.60
2008.01.10 17:03:22.187,1.61315,1.61335,5.60,5.60
2008.01.10 17:03:22.395,1.61315,1.61335,0.70,5.60
2008.01.10 17:03:22.431,1.61315,1.61335,5.20,4.00
2008.01.10 17:03:22.844,1.6131,1.6134,8.80,3.20
2008.01.10 17:03:23.266,1.6131,1.6134,8.80,3.20
2008.01.10 17:03:23.489,1.61315,1.6134,1.20,2.40
2008.01.10 17:03:23.715,1.61315,1.6134,12.80,2.40
2008.01.10 17:03:24.124,1.6132,1.61345,0.80,13.60
2008.01.10 17:03:24.387,1.61315,1.61345,12.80,15.20
2008.01.10 17:03:24.663,1.6132,1.61345,0.80,14.40
2008.01.10 17:03:25.067,1.61315,1.61345,14.40,14.40
2008.01.10 17:03:26.083,1.61315,1.61345,14.40,14.40
2008.01.10 17:03:26.878,1.61315,1.61345,14.40,14.40
2008.01.10 17:03:27.358,1.61315,1.6134,14.40,1.60
2008.01.10 17:03:27.592,1.6131,1.61335,9.60,3.20
2008.01.10 17:03:27.826,1.6131,1.61335,0.80,6.40
2008.01.10 17:03:28.293,1.61305,1.61335,22.40,6.40
2008.01.10 17:03:28.704,1.6131,1.61335,1.60,10.40
2008.01.10 17:03:28.938,1.6131,1.61335,1.60,4.80
2008.01.10 17:03:31.298,1.61315,1.61335,0.80,4.80
2008.01.10 17:03:36.133,1.61315,1.61335,0.80,4.80
2008.01.10 17:03:36.493,1.61305,1.61335,16.80,5.60
2008.01.10 17:03:36.678,1.61305,1.61335,16.00,12.00
2008.01.10 17:03:36.890,1.6131,1.61335,0.80,12.00
2008.01.10 17:03:37.402,1.6131,1.61335,0.80,12.00
2008.01.10 17:03:37.708,1.61305,1.61335,14.40,14.40
2008.01.10 17:03:40.058,1.61305,1.61335,8.80,16.00
2008.01.10 17:03:40.583,1.6131,1.61335,0.80,16.00
2008.01.10 17:03:41.159,1.6131,1.61335,0.80,16.00
2008.01.10 17:03:43.631,1.61305,1.61335,1.30,16.80
2008.01.10 17:03:44.449,1.613,1.61335,8.80,16.80
2008.01.10 17:03:44.875,1.613,1.61335,8.80,16.80
2008.01.10 17:03:45.178,1.613,1.61335,6.40,19.20
2008.01.10 17:03:45.482,1.613,1.61325,3.20,3.20
2008.01.10 17:03:45.887,1.61305,1.61325,1.20,3.20
2008.01.10 17:03:46.295,1.61295,1.61325,14.40,8.00
2008.01.10 17:03:46.687,1.61295,1.61325,5.10,14.40
2008.01.10 17:03:46.977,1.61295,1.6132,0.50,2.40
2008.01.10 17:03:47.266,1.613,1.6132,0.80,1.60
2008.01.10 17:03:47.675,1.61295,1.61325,14.40,8.80
2008.01.10 17:03:48.145,1.61295,1.61325,14.40,8.80
2008.01.10 17:03:48.480,1.61295,1.61325,14.40,8.80
2008.01.10 17:03:48.671,1.6131,1.61325,0.80,6.40
2008.01.10 17:03:48.986,1.6131,1.61325,8.00,2.40
2008.01.10 17:03:49.385,1.6131,1.61335,8.00,6.40
2008.01.10 17:03:49.902,1.6131,1.61335,8.00,6.40
2008.01.10 17:03:50.431,1.6131,1.61335,8.00,6.40
2008.01.10 17:03:50.787,1.61315,1.6134,7.20,9.60
2008.01.10 17:03:51.131,1.6132,1.61345,0.80,16.00
2008.01.10 17:03:51.472,1.6132,1.61345,0.80,12.00
2008.01.10 17:03:51.715,1.6132,1.61345,0.80,0.90
2008.01.10 17:03:51.988,1.6132,1.61345,0.80,0.60
2008.01.10 17:03:52.232,1.61315,1.6135,13.60,17.60
2008.01.10 17:03:52.723,1.61315,1.6135,13.60,17.60
2008.01.10 17:03:54.679,1.61315,1.6135,13.60,17.60
2008.01.10 17:03:55.194,1.61315,1.6135,12.00,16.00
2008.01.10 17:03:57.090,1.61315,1.61345,12.00,0.50
2008.01.10 17:03:57.415,1.61305,1.6134,20.80,12.80
2008.01.10 17:03:57.703,1.61305,1.61335,20.80,0.80
2008.01.10 17:03:57.801,1.6131,1.61335,0.80,0.90
2008.01.10 17:03:58.095,1.6131,1.6134,0.80,9.60
2008.01.10 17:03:58.428,1.61315,1.61335,5.60,0.50
2008.01.10 17:03:58.762,1.61315,1.6134,7.20,4.80
2008.01.10 17:03:59.095,1.61315,1.6134,1.60,11.20
2008.01.10 17:03:59.530,1.61315,1.61335,1.60,0.80
2008.01.10 17:03:59.913,1.6131,1.61335,0.80,0.50
2008.01.10 17:04:01.513,1.6131,1.61335,0.80,0.60
2008.01.10 17:04:01.925,1.61315,1.61345,0.80,23.80
2008.01.10 17:04:01.959,1.61315,1.6134,14.40,4.80
2008.01.10 17:04:02.373,1.6132,1.6134,0.80,4.80
2008.01.10 17:04:02.646,1.6132,1.61335,0.80,0.80
2008.01.10 17:04:02.919,1.6132,1.61345,0.80,0.70
2008.01.10 17:04:03.258,1.6132,1.61345,0.80,0.90
2008.01.10 17:04:03.511,1.6132,1.61345,0.80,0.80
2008.01.10 17:04:03.925,1.6132,1.6135,0.80,8.80
2008.01.10 17:04:04.135,1.6132,1.61345,0.80,0.50
2008.01.10 17:04:04.654,1.6132,1.6135,0.80,12.80
2008.01.10 17:04:04.896,1.6132,1.61345,0.80,0.60
2008.01.10 17:04:05.382,1.6132,1.6135,0.80,9.60
2008.01.10 17:04:05.789,1.61315,1.61335,11.20,0.80
2008.01.10 17:04:06.056,1.61315,1.61335,11.20,0.90
2008.01.10 17:04:06.324,1.61325,1.61335,0.80,0.80
2008.01.10 17:04:06.753,1.61325,1.6134,0.80,4.80
2008.01.10 17:04:06.991,1.61325,1.61345,1.60,0.60
2008.01.10 17:04:07.238,1.61325,1.6135,1.60,14.40
2008.01.10 17:04:07.646,1.61325,1.61345,0.80,0.70
2008.01.10 17:04:07.892,1.61325,1.6135,0.80,8.00
2008.01.10 17:04:08.172,1.61325,1.61345,0.80,0.60
2008.01.10 17:04:08.604,1.61325,1.6135,0.80,8.00
2008.01.10 17:04:08.847,1.61325,1.6135,0.80,9.60
2008.01.10 17:04:09.126,1.61325,1.6135,0.80,12.80
2008.01.10 17:04:09.544,1.61325,1.6135,0.80,8.80
2008.01.10 17:04:09.822,1.61325,1.6136,8.80,20.80
2008.01.10 17:04:10.175,1.61325,1.61355,8.80,0.90
2008.01.10 17:04:10.976,1.61325,1.61355,11.20,0.80
2008.01.10 17:04:11.307,1.61325,1.61355,18.40,0.90
2008.01.10 17:04:11.719,1.61335,1.6136,8.00,6.40
2008.01.10 17:04:11.942,1.6133,1.6136,0.80,11.20
2008.01.10 17:04:12.167,1.61325,1.6136,13.60,16.00
2008.01.10 17:04:12.446,1.61325,1.6136,10.40,20.80
2008.01.10 17:04:14.383,1.61325,1.6135,10.40,0.80
2008.01.10 17:04:14.605,1.61325,1.6135,0.80,10.40
2008.01.10 17:04:14.851,1.61325,1.6135,0.80,10.40
2008.01.10 17:04:14.884,1.61325,1.61335,0.80,0.50
2008.01.10 17:04:15.354,1.61315,1.61335,12.80,0.70
2008.01.10 17:04:15.618,1.61315,1.6134,12.80,2.40
2008.01.10 17:04:16.254,1.61315,1.61335,10.40,0.90
2008.01.10 17:04:16.779,1.61315,1.6134,10.40,4.80
2008.01.10 17:04:16.805,1.61305,1.6134,14.40,7.20
2008.01.10 17:04:17.198,1.61305,1.61335,10.40,0.70
2008.01.10 17:04:17.412,1.61305,1.6133,3.20,3.20
2008.01.10 17:04:20.507,1.61305,1.61325,3.20,1.60
2008.01.10 17:04:20.549,1.61305,1.6133,3.20,3.20
2008.01.10 17:04:21.250,1.61305,1.61325,3.20,0.90
2008.01.10 17:04:21.631,1.61305,1.61335,4.00,8.80
2008.01.10 17:04:22.055,1.61305,1.61335,8.00,6.40
2008.01.10 17:04:22.268,1.61305,1.61335,15.20,6.40
2008.01.10 17:04:22.527,1.61315,1.61335,0.80,0.50
2008.01.10 17:04:22.929,1.61315,1.61345,1.60,23.20
2008.01.10 17:04:23.192,1.61315,1.61345,12.00,0.90
2008.01.10 17:04:23.574,1.61315,1.6135,12.00,18.40
2008.01.10 17:04:23.928,1.6132,1.61345,0.80,0.50
2008.01.10 17:04:24.204,1.61315,1.6135,15.20,16.80
2008.01.10 17:04:26.471,1.61315,1.61345,15.20,0.70
2008.01.10 17:04:27.078,1.61315,1.6135,15.20,16.80
2008.01.10 17:04:27.539,1.61315,1.6135,15.20,16.80
2008.01.10 17:04:27.970,1.61315,1.6134,10.40,8.80
2008.01.10 17:04:28.444,1.61315,1.6134,3.20,11.20
2008.01.10 17:04:28.532,1.61315,1.61335,3.20,0.70
2008.01.10 17:04:28.896,1.61315,1.6134,3.20,8.00
2008.01.10 17:04:29.130,1.61315,1.61335,3.20,0.80
2008.01.10 17:04:29.363,1.61305,1.6134,8.00,16.80
2008.01.10 17:04:30.406,1.61305,1.6134,8.00,16.80
2008.01.10 17:04:30.799,1.61305,1.6133,7.20,1.50
2008.01.10 17:04:31.011,1.61305,1.61325,5.60,0.80
2008.01.10 17:04:31.260,1.61305,1.61325,7.20,0.50
2008.01.10 17:04:31.658,1.613,1.6133,0.80,6.30
2008.01.10 17:04:32.159,1.61295,1.61325,18.40,0.80
2008.01.10 17:04:32.750,1.61295,1.61325,18.40,0.50
2008.01.10 17:04:32.772,1.613,1.61325,0.80,0.50
2008.01.10 17:04:32.987,1.613,1.6133,0.80,14.40
2008.01.10 17:04:33.199,1.613,1.61325,0.80,0.60
2008.01.10 17:04:33.603,1.61305,1.6133,1.60,7.10
2008.01.10 17:04:33.713,1.61305,1.61325,1.60,0.60
2008.01.10 17:04:34.087,1.61305,1.6133,4.80,2.30
2008.01.10 17:04:34.357,1.61305,1.61325,4.80,0.70
2008.01.10 17:04:34.626,1.61305,1.61325,4.80,0.70
2008.01.10 17:04:34.854,1.61305,1.6133,4.80,4.70
2008.01.10 17:04:35.288,1.61305,1.6133,4.80,4.70
2008.01.10 17:04:35.657,1.61305,1.6133,4.80,3.90
2008.01.10 17:04:36.408,1.61305,1.6133,4.80,3.90
2008.01.10 17:04:36.849,1.61305,1.61325,4.80,0.70
2008.01.10 17:04:37.685,1.61305,1.61325,4.80,0.70
2008.01.10 17:04:37.839,1.61305,1.6133,3.20,8.70
2008.01.10 17:04:38.051,1.61305,1.61325,3.20,0.90
2008.01.10 17:04:38.207,1.61305,1.61325,3.20,0.70
2008.01.10 17:04:38.419,1.61305,1.6133,3.20,9.60
2008.01.10 17:04:38.771,1.61305,1.61325,4.80,0.50
2008.01.10 17:04:39.105,1.61305,1.6134,5.60,20.00
2008.01.10 17:04:39.647,1.61305,1.6134,5.60,20.00
2008.01.10 17:04:40.093,1.61305,1.61335,4.80,18.40
2008.01.10 17:04:40.472,1.61305,1.61335,4.80,19.20
2008.01.10 17:04:40.959,1.61305,1.61335,4.80,19.20
2008.01.10 17:04:41.496,1.61305,1.61335,4.80,19.20
2008.01.10 17:04:42.745,1.61305,1.61335,4.80,19.20
2008.01.10 17:04:43.718,1.61305,1.61335,5.60,20.80
2008.01.10 17:04:44.295,1.61305,1.61335,5.60,20.80
2008.01.10 17:04:46.431,1.61305,1.61335,5.60,20.80
2008.01.10 17:04:48.922,1.61305,1.61325,3.20,1.60
2008.01.10 17:04:51.556,1.61305,1.61325,3.20,1.60
2008.01.10 17:04:51.965,1.61305,1.61325,3.20,1.60
2008.01.10 17:04:52.246,1.61305,1.61325,3.20,1.60
2008.01.10 17:04:52.640,1.61305,1.61325,3.20,1.60
2008.01.10 17:04:53.021,1.613,1.61325,0.80,14.40
2008.01.10 17:04:55.083,1.613,1.61325,0.80,14.40
2008.01.10 17:04:55.317,1.613,1.61325,0.80,16.80
2008.01.10 17:04:56.453,1.613,1.61325,0.80,16.80
2008.01.10 17:04:56.910,1.613,1.61325,0.80,18.40
2008.01.10 17:04:57.961,1.613,1.61325,0.80,18.40
2008.01.10 17:04:58.472,1.613,1.61325,0.80,18.40
2008.01.10 17:04:58.690,1.61295,1.6132,10.40,0.80
2008.01.10 17:04:58.958,1.6129,1.61315,0.80,6.40
2008.01.10 17:04:59.375,1.6129,1.61315,0.80,8.80
2008.01.10 17:04:59.789,1.6129,1.61315,0.80,8.80
2008.01.10 17:05:00.007,1.6129,1.61315,0.80,15.20
2008.01.10 17:05:00.227,1.61285,1.61315,5.60,14.40
2008.01.10 17:05:00.639,1.6129,1.61315,0.80,14.40
2008.01.10 17:05:00.938,1.61295,1.61315,1.60,7.20
2008.01.10 17:05:01.235,1.61295,1.61315,7.20,12.00
2008.01.10 17:05:01.655,1.61295,1.61315,7.20,9.60
2008.01.10 17:05:01.862,1.61295,1.61315,8.00,4.80
2008.01.10 17:05:02.075,1.61295,1.61315,8.00,4.80
2008.01.10 17:05:02.284,1.613,1.61325,0.80,21.60
2008.01.10 17:05:02.687,1.613,1.61325,0.80,21.60
2008.01.10 17:05:02.977,1.613,1.61325,0.80,21.60
2008.01.10 17:05:03.255,1.61295,1.6132,11.20,0.80
2008.01.10 17:05:03.604,1.61295,1.6132,11.20,2.40
2008.01.10 17:05:04.018,1.61295,1.6132,11.20,2.40
2008.01.10 17:05:04.372,1.613,1.61315,0.80,2.40
2008.01.10 17:05:04.585,1.613,1.61315,0.80,2.40
2008.01.10 17:05:05.416,1.613,1.61315,0.80,2.40
2008.01.10 17:05:05.884,1.613,1.61315,0.80,2.40
2008.01.10 17:05:06.123,1.61295,1.61325,11.20,20.80
2008.01.10 17:05:06.422,1.61295,1.61325,11.20,20.80
2008.01.10 17:05:06.776,1.61295,1.61325,11.20,19.20
2008.01.10 17:05:07.047,1.61295,1.61325,11.20,19.20
2008.01.10 17:05:07.357,1.61295,1.61325,11.20,19.20
2008.01.10 17:05:08.056,1.61295,1.61325,11.20,19.20
2008.01.10 17:05:08.629,1.61295,1.61325,11.20,19.20
2008.01.10 17:05:08.853,1.61295,1.6132,11.20,1.60
2008.01.10 17:05:09.208,1.61295,1.6132,10.40,2.40
2008.01.10 17:05:09.702,1.61295,1.6132,10.40,3.20
2008.01.10 17:05:10.212,1.61295,1.61315,10.40,0.80
2008.01.10 17:05:10.446,1.6129,1.61315,0.80,9.60
2008.01.10 17:05:11.604,1.6129,1.61315,0.80,9.60
2008.01.10 17:05:11.869,1.6129,1.61315,0.80,12.00
2008.01.10 17:05:12.949,1.6129,1.61315,0.80,12.00
2008.01.10 17:05:13.273,1.6129,1.61315,0.80,12.00
2008.01.10 17:05:15.300,1.6129,1.61315,0.80,12.00
2008.01.10 17:05:15.955,1.6129,1.61315,0.80,12.00
2008.01.10 17:05:16.472,1.6129,1.61315,0.80,12.00
2008.01.10 17:05:16.792,1.6129,1.61315,0.80,12.00
2008.01.10 17:05:17.203,1.6129,1.61315,0.80,12.00
2008.01.10 17:05:17.639,1.6129,1.61315,0.80,12.00
2008.01.10 17:05:18.755,1.6129,1.61315,0.80,12.00
2008.01.10 17:05:18.979,1.6129,1.61315,0.80,12.00
2008.01.10 17:05:19.202,1.6129,1.61315,0.80,12.00
2008.01.10 17:05:19.426,1.6129,1.61315,0.80,12.00
2008.01.10 17:05:19.695,1.6129,1.61315,0.80,11.20
2008.01.10 17:05:20.149,1.61295,1.61315,7.20,7.20
2008.01.10 17:05:20.412,1.6129,1.61315,0.80,12.00
2008.01.10 17:05:20.685,1.6129,1.61315,0.80,12.00
2008.01.10 17:05:21.112,1.6129,1.61315,0.80,12.00
2008.01.10 17:05:21.625,1.6129,1.61315,0.80,12.00
2008.01.10 17:05:22.100,1.6129,1.61315,0.80,12.00
2008.01.10 17:05:25.184,1.6129,1.61315,0.80,12.00
2008.01.10 17:05:25.596,1.6129,1.61315,0.80,12.00
2008.01.10 17:05:25.808,1.6129,1.61315,0.80,12.00
2008.01.10 17:05:26.497,1.6129,1.61315,0.80,12.00
2008.01.10 17:05:26.825,1.6129,1.61315,0.80,11.20
2008.01.10 17:05:27.445,1.6129,1.61315,0.80,11.20
2008.01.10 17:05:30.989,1.61285,1.61315,20.00,11.20
2008.01.10 17:05:31.517,1.6129,1.61315,0.80,11.20
2008.01.10 17:05:32.677,1.61285,1.61315,20.00,11.20
2008.01.10 17:05:33.806,1.61285,1.61315,20.00,11.20
2008.01.10 17:05:34.150,1.6129,1.61315,1.60,10.40
2008.01.10 17:05:34.532,1.6129,1.61325,12.00,13.60
2008.01.10 17:05:35.014,1.6129,1.61325,12.00,13.60
2008.01.10 17:05:35.313,1.6129,1.61325,14.40,7.20
2008.01.10 17:05:35.682,1.61295,1.61325,4.60,10.40
2008.01.10 17:05:36.020,1.61295,1.61325,6.90,10.40
2008.01.10 17:05:36.386,1.6129,1.61325,14.40,17.60
2008.01.10 17:05:36.881,1.61295,1.61325,2.50,14.40
2008.01.10 17:05:37.656,1.6129,1.61325,14.40,8.00
2008.01.10 17:05:37.991,1.613,1.61335,8.80,24.80
2008.01.10 17:05:38.366,1.61305,1.61335,1.30,23.20
2008.01.10 17:05:38.569,1.613,1.61325,8.00,1.60
2008.01.10 17:05:38.790,1.61295,1.61325,4.40,8.80
2008.01.10 17:05:39.137,1.6129,1.61325,19.20,9.60
2008.01.10 17:05:39.659,1.6129,1.61325,16.80,9.60
2008.01.10 17:05:39.966,1.61295,1.61325,4.90,13.60
2008.01.10 17:05:40.348,1.61295,1.61325,6.30,13.60
2008.01.10 17:05:41.069,1.6129,1.61325,16.80,13.60
2008.01.10 17:05:41.518,1.6129,1.61325,16.80,13.60
2008.01.10 17:05:42.005,1.6129,1.61325,16.80,16.80
2008.01.10 17:05:45.144,1.6129,1.61325,16.80,16.80
2008.01.10 17:05:45.414,1.61295,1.61325,4.30,19.20
2008.01.10 17:05:46.285,1.6129,1.61325,13.60,19.20
2008.01.10 17:05:46.727,1.61295,1.61325,4.70,19.20
2008.01.10 17:05:46.921,1.61295,1.61325,13.60,20.80
2008.01.10 17:05:48.969,1.61295,1.61325,13.60,20.80
2008.01.10 17:05:49.182,1.61295,1.61325,13.60,20.80
2008.01.10 17:05:49.450,1.61295,1.61325,14.40,17.60
2008.01.10 17:05:49.787,1.61295,1.61325,14.40,17.60
2008.01.10 17:05:50.103,1.613,1.61325,0.80,17.60
2008.01.10 17:05:50.321,1.6129,1.61325,16.80,13.60
2008.01.10 17:05:51.135,1.61295,1.61325,2.40,12.00
2008.01.10 17:05:51.499,1.6129,1.61325,14.40,12.00
2008.01.10 17:05:51.990,1.6129,1.61325,14.40,12.00
2008.01.10 17:05:52.273,1.6129,1.61325,13.60,20.00
2008.01.10 17:05:54.150,1.6129,1.61325,13.60,20.00
2008.01.10 17:05:55.608,1.61295,1.61325,11.20,20.00
2008.01.10 17:05:55.994,1.61295,1.61325,11.20,12.80
2008.01.10 17:05:56.529,1.61295,1.61325,11.20,12.80
2008.01.10 17:05:58.195,1.61295,1.61325,11.20,12.80
2008.01.10 17:05:58.344,1.61295,1.61325,11.20,17.60
2008.01.10 17:05:58.815,1.61295,1.61325,11.20,17.60
2008.01.10 17:06:00.394,1.61295,1.61325,11.20,21.60
2008.01.10 17:06:01.752,1.61295,1.61325,11.20,21.60
2008.01.10 17:06:03.108,1.61295,1.61325,11.20,21.60
2008.01.10 17:06:04.121,1.61295,1.61325,8.80,24.00
2008.01.10 17:06:05.096,1.61295,1.61325,8.80,24.00
2008.01.10 17:06:06.663,1.61295,1.61325,8.80,24.00
2008.01.10 17:06:07.430,1.613,1.61325,0.80,24.80
2008.01.10 17:06:07.735,1.61295,1.61315,8.00,7.20
2008.01.10 17:06:08.037,1.61295,1.61315,4.80,7.20
2008.01.10 17:06:10.215,1.6129,1.61315,5.60,7.20
2008.01.10 17:06:11.108,1.61295,1.61315,2.00,7.20
2008.01.10 17:06:11.438,1.6129,1.61315,10.40,7.20
2008.01.10 17:06:11.822,1.6129,1.61315,9.60,3.20
2008.01.10 17:06:11.977,1.6129,1.61315,5.60,7.20
2008.01.10 17:06:12.816,1.61295,1.61315,1.50,7.20
2008.01.10 17:06:13.768,1.61285,1.6131,18.20,0.80
2008.01.10 17:06:13.945,1.61285,1.61305,7.80,7.20
2008.01.10 17:06:14.323,1.6128,1.61305,6.40,7.20
2008.01.10 17:06:14.627,1.61285,1.61305,7.20,8.00
2008.01.10 17:06:14.879,1.61295,1.61305,1.10,0.80
2008.01.10 17:06:15.131,1.6129,1.61315,2.40,8.80
2008.01.10 17:06:15.719,1.6129,1.61315,2.40,8.80
2008.01.10 17:06:16.590,1.6129,1.61315,2.40,8.80
2008.01.10 17:06:16.752,1.61295,1.61315,1.20,7.20
2008.01.10 17:06:18.225,1.6129,1.61315,2.40,7.20
2008.01.10 17:06:18.655,1.61295,1.61315,1.20,7.20
2008.01.10 17:06:18.892,1.6129,1.61315,2.40,7.20
2008.01.10 17:06:19.370,1.6129,1.61315,2.40,7.20
2008.01.10 17:06:20.414,1.6129,1.61315,2.40,7.20
2008.01.10 17:06:21.592,1.61295,1.61315,0.50,7.20
2008.01.10 17:06:22.013,1.6129,1.61315,2.40,7.20
2008.01.10 17:06:23.192,1.6129,1.61315,2.40,7.20
2008.01.10 17:06:23.614,1.6129,1.61315,2.40,7.20
2008.01.10 17:06:24.952,1.61295,1.61315,0.60,7.20
2008.01.10 17:06:25.366,1.61295,1.61315,1.00,7.20
2008.01.10 17:06:25.987,1.6129,1.61315,2.40,7.20
2008.01.10 17:06:26.808,1.61295,1.61315,0.70,7.20
2008.01.10 17:06:26.919,1.6129,1.61315,2.40,7.20
2008.01.10 17:06:27.224,1.61275,1.6131,31.20,0.80
2008.01.10 17:06:27.604,1.61275,1.61305,14.40,3.20
2008.01.10 17:06:27.937,1.6128,1.61305,0.80,1.60
2008.01.10 17:06:28.271,1.61275,1.61305,12.00,1.60
2008.01.10 17:06:28.812,1.61275,1.61305,12.00,2.40
2008.01.10 17:06:29.008,1.6128,1.61315,3.20,27.20
2008.01.10 17:06:29.206,1.6128,1.61315,6.40,25.60
2008.01.10 17:06:30.127,1.6128,1.61315,6.40,25.60
2008.01.10 17:06:30.375,1.61285,1.61315,1.00,25.60
2008.01.10 17:06:30.634,1.6128,1.6131,2.40,2.40
2008.01.10 17:06:30.882,1.6128,1.61305,0.80,1.60
2008.01.10 17:06:31.071,1.6128,1.61305,0.80,1.60
2008.01.10 17:06:31.603,1.61275,1.61305,16.80,1.60
2008.01.10 17:06:32.016,1.61275,1.61305,16.80,1.60
2008.01.10 17:06:32.460,1.61275,1.61305,12.00,4.00
2008.01.10 17:06:32.912,1.61275,1.61305,16.00,4.00
2008.01.10 17:06:33.165,1.61275,1.61305,12.00,2.40
2008.01.10 17:06:33.537,1.61275,1.61305,12.00,3.20
2008.01.10 17:06:34.178,1.6128,1.61305,0.80,3.20
2008.01.10 17:06:34.660,1.6128,1.61305,0.80,4.00
2008.01.10 17:06:36.623,1.61275,1.61305,12.00,4.00
2008.01.10 17:06:37.431,1.61275,1.61305,12.00,4.00
2008.01.10 17:06:38.609,1.6129,1.61305,0.80,4.00
2008.01.10 17:06:38.902,1.6129,1.61305,0.80,2.40
2008.01.10 17:06:39.095,1.6129,1.61315,0.80,27.20
2008.01.10 17:06:39.315,1.6129,1.61305,0.80,0.80
2008.01.10 17:06:39.583,1.6129,1.61305,0.80,1.60
2008.01.10 17:06:39.850,1.61275,1.61305,16.00,10.40
2008.01.10 17:06:40.263,1.61275,1.61305,12.00,12.80
2008.01.10 17:06:41.056,1.61275,1.61305,9.60,16.80
2008.01.10 17:06:41.400,1.6128,1.613,0.80,1.60
2008.01.10 17:06:41.773,1.6128,1.613,0.80,1.60
2008.01.10 17:06:42.133,1.6128,1.61305,0.80,11.20
2008.01.10 17:06:42.297,1.61285,1.61305,2.40,8.80
2008.01.10 17:06:42.520,1.61285,1.61305,2.40,8.00
2008.01.10 17:06:43.029,1.61285,1.61305,4.80,5.60
2008.01.10 17:06:43.565,1.61295,1.61315,2.40,13.60
2008.01.10 17:06:43.964,1.61295,1.61315,0.80,6.40
2008.01.10 17:06:44.169,1.6129,1.61315,0.80,18.40
2008.01.10 17:06:44.394,1.6129,1.61305,0.80,0.80
2008.01.10 17:06:44.782,1.6129,1.61305,0.80,1.60
2008.01.10 17:06:44.969,1.6129,1.6131,0.80,3.20
2008.01.10 17:06:45.257,1.61275,1.61305,13.60,0.50
2008.01.10 17:06:45.540,1.61275,1.61295,9.60,0.80
2008.01.10 17:06:45.824,1.61275,1.613,4.00,4.00
2008.01.10 17:06:46.219,1.61275,1.613,4.80,6.40
2008.01.10 17:06:46.432,1.61275,1.61295,8.00,0.80
2008.01.10 17:06:46.662,1.61275,1.61305,8.00,22.40
2008.01.10 17:06:47.579,1.61275,1.61305,8.00,22.40
2008.01.10 17:06:48.044,1.61275,1.61305,4.00,23.20
2008.01.10 17:06:48.628,1.61275,1.61305,4.00,23.20
2008.01.10 17:06:49.973,1.61275,1.61305,4.00,23.20
2008.01.10 17:06:50.848,1.61275,1.61305,4.80,22.40
2008.01.10 17:06:50.859,1.61275,1.61305,4.80,0.70
2008.01.10 17:06:51.071,1.61275,1.61305,4.00,23.20
2008.01.10 17:06:51.277,1.61275,1.613,4.00,0.60
2008.01.10 17:06:51.748,1.61275,1.613,4.00,0.90
2008.01.10 17:06:52.566,1.61275,1.613,4.00,0.90
2008.01.10 17:06:52.820,1.61275,1.61305,4.00,21.60
2008.01.10 17:06:53.240,1.61275,1.61305,4.80,20.80
2008.01.10 17:06:53.493,1.61275,1.61305,8.00,0.50
2008.01.10 17:06:54.026,1.61275,1.6131,8.80,20.80
2008.01.10 17:06:54.315,1.6128,1.6131,0.80,12.00
2008.01.10 17:06:54.756,1.61285,1.6131,0.80,11.20
2008.01.10 17:06:54.975,1.61285,1.61305,4.80,0.70
2008.01.10 17:06:55.291,1.61285,1.6131,2.40,5.60
2008.01.10 17:06:56.586,1.61285,1.6131,2.40,8.80
2008.01.10 17:06:56.801,1.61285,1.61305,0.80,9.60
2008.01.10 17:06:57.020,1.6128,1.61305,0.80,15.60
2008.01.10 17:06:57.426,1.61275,1.613,2.40,4.80
2008.01.10 17:06:57.642,1.61275,1.613,0.80,21.60
2008.01.10 17:06:57.960,1.61265,1.6129,8.00,10.40
2008.01.10 17:06:58.362,1.61265,1.6129,5.60,10.40
2008.01.10 17:06:58.906,1.61265,1.61285,5.60,0.80
2008.01.10 17:06:59.711,1.61265,1.6129,5.60,10.40
2008.01.10 17:06:59.950,1.61265,1.61295,4.80,0.70
2008.01.10 17:07:00.260,1.61265,1.61295,4.80,0.50
2008.01.10 17:07:00.680,1.61265,1.613,4.80,21.60
2008.01.10 17:07:01.075,1.61265,1.613,4.80,21.60
2008.01.10 17:07:01.532,1.61275,1.613,2.40,15.20
2008.01.10 17:07:01.986,1.61275,1.61295,3.20,0.80
2008.01.10 17:07:02.050,1.61275,1.6131,3.20,6.40
2008.01.10 17:07:02.537,1.61275,1.6131,3.20,6.40
2008.01.10 17:07:02.937,1.61275,1.613,3.20,8.80
2008.01.10 17:07:03.158,1.61275,1.613,2.40,8.80
2008.01.10 17:07:03.376,1.61275,1.61295,2.40,0.90
2008.01.10 17:07:03.988,1.61275,1.613,2.40,12.00
2008.01.10 17:07:05.664,1.61275,1.61295,2.40,0.50
2008.01.10 17:07:05.806,1.61275,1.613,1.60,9.60
2008.01.10 17:07:06.152,1.61275,1.613,1.60,9.60
2008.01.10 17:07:06.443,1.61275,1.61305,2.40,27.80
2008.01.10 17:07:06.966,1.61275,1.6131,5.60,25.60
2008.01.10 17:07:07.232,1.61275,1.61305,8.00,0.50
2008.01.10 17:07:07.962,1.61275,1.61305,8.00,0.90
2008.01.10 17:07:08.953,1.61275,1.61305,8.00,0.90
2008.01.10 17:07:10.160,1.61275,1.61305,8.00,0.80
2008.01.10 17:07:11.840,1.61275,1.61305,8.00,0.70
2008.01.10 17:07:12.342,1.61275,1.61305,8.00,0.90
2008.01.10 17:07:13.021,1.61275,1.61305,8.00,0.50
2008.01.10 17:07:13.365,1.61275,1.61295,4.00,4.00
2008.01.10 17:07:13.656,1.61275,1.61295,4.00,4.00
2008.01.10 17:07:13.895,1.61275,1.61295,2.40,18.40
2008.01.10 17:07:14.322,1.61265,1.61295,7.20,17.60
2008.01.10 17:07:14.562,1.61265,1.61295,8.80,7.20
2008.01.10 17:07:14.995,1.61265,1.61295,8.80,7.20
2008.01.10 17:07:15.268,1.61275,1.61295,1.60,5.60
2008.01.10 17:07:15.504,1.61275,1.61295,1.60,3.20
2008.01.10 17:07:16.152,1.61275,1.61295,1.60,3.20
2008.01.10 17:07:16.566,1.61275,1.613,5.60,1.60
2008.01.10 17:07:17.034,1.61275,1.613,1.60,2.40
2008.01.10 17:07:17.995,1.61275,1.613,1.60,2.40
2008.01.10 17:07:18.621,1.61275,1.613,1.60,2.40
2008.01.10 17:07:18.988,1.61275,1.61295,1.60,4.80
2008.01.10 17:07:19.448,1.61265,1.61295,7.20,19.20
2008.01.10 17:07:19.565,1.61265,1.613,7.20,20.80
2008.01.10 17:07:21.002,1.61265,1.613,4.80,25.60
2008.01.10 17:07:21.290,1.6126,1.61285,0.80,0.50
2008.01.10 17:07:21.728,1.6126,1.61285,0.80,0.90
2008.01.10 17:07:21.970,1.6126,1.61285,0.80,0.60
2008.01.10 17:07:22.284,1.6126,1.61285,0.80,0.70
2008.01.10 17:07:22.759,1.6126,1.6129,0.80,17.60
2008.01.10 17:07:23.116,1.6126,1.61285,0.80,0.60
2008.01.10 17:07:23.617,1.6126,1.6129,0.80,10.40
2008.01.10 17:07:24.137,1.6126,1.6129,0.80,10.40
2008.01.10 17:07:24.365,1.6126,1.6129,0.80,13.60
2008.01.10 17:07:24.633,1.6126,1.61285,0.80,0.70
2008.01.10 17:07:25.014,1.6126,1.61285,0.80,0.70
2008.01.10 17:07:25.266,1.6126,1.6129,0.80,12.00
2008.01.10 17:07:25.520,1.6126,1.61285,0.80,0.70
2008.01.10 17:07:25.931,1.6126,1.6129,0.80,14.40
2008.01.10 17:07:26.130,1.6126,1.6129,0.80,10.40
2008.01.10 17:07:26.787,1.6126,1.61285,0.80,0.70
2008.01.10 17:07:27.849,1.6126,1.61285,0.80,0.50
2008.01.10 17:07:28.948,1.6126,1.6129,0.80,10.40
2008.01.10 17:07:29.220,1.6126,1.6129,0.80,13.60
2008.01.10 17:07:30.109,1.6126,1.61285,0.80,0.80
2008.01.10 17:07:30.492,1.61255,1.61275,9.60,0.50
2008.01.10 17:07:30.653,1.61255,1.6128,5.60,9.60
2008.01.10 17:07:31.577,1.61255,1.61275,4.00,0.90
2008.01.10 17:07:31.897,1.61255,1.6128,2.40,18.40
2008.01.10 17:07:32.822,1.61255,1.61275,2.40,0.60
2008.01.10 17:07:33.141,1.61255,1.61275,2.40,0.80
2008.01.10 17:07:33.557,1.61245,1.61275,12.00,0.90
2008.01.10 17:07:33.982,1.61255,1.6128,1.60,0.70
2008.01.10 17:07:34.190,1.61255,1.6128,1.60,0.60
2008.01.10 17:07:34.459,1.61255,1.6128,1.60,6.40
2008.01.10 17:07:34.793,1.61245,1.61275,7.20,15.20
2008.01.10 17:07:35.316,1.61245,1.61265,4.80,0.70
2008.01.10 17:07:36.722,1.61245,1.61265,4.80,0.70
2008.01.10 17:07:37.198,1.61245,1.6127,4.80,12.80
2008.01.10 17:07:37.653,1.61245,1.6127,4.80,11.20
2008.01.10 17:07:37.898,1.61245,1.61265,9.60,0.90
2008.01.10 17:07:38.715,1.61245,1.61275,9.60,19.80
2008.01.10 17:07:39.259,1.61245,1.61275,13.60,20.80
2008.01.10 17:07:41.749,1.6124,1.61275,14.40,24.00
2008.01.10 17:07:43.417,1.6124,1.6128,13.60,18.40
2008.01.10 17:07:43.887,1.6124,1.6128,13.60,18.40
2008.01.10 17:07:46.752,1.61245,1.61275,0.60,0.60
2008.01.10 17:07:48.914,1.61245,1.61275,5.50,17.60
2008.01.10 17:07:51.753,1.61245,1.61275,2.40,17.60
2008.01.10 17:07:53.943,1.61245,1.61275,5.20,17.60
2008.01.10 17:07:55.357,1.61245,1.61275,1.90,17.60
2008.01.10 17:07:56.949,1.6124,1.61275,13.60,17.60
2008.01.10 17:07:58.466,1.6124,1.61275,13.60,17.60
2008.01.10 17:07:58.789,1.61235,1.61265,24.00,7.20
2008.01.10 17:07:59.210,1.61235,1.61265,24.00,7.20
2008.01.10 17:07:59.663,1.61235,1.61265,20.00,10.40
2008.01.10 17:08:00.763,1.61235,1.61265,20.00,10.40
2008.01.10 17:08:01.158,1.6124,1.61265,0.80,14.40
2008.01.10 17:08:01.771,1.6124,1.61265,0.80,14.40
2008.01.10 17:08:02.803,1.61235,1.61265,19.20,14.40
2008.01.10 17:08:03.001,1.61235,1.61265,20.00,10.40
2008.01.10 17:08:03.349,1.61235,1.61265,20.00,10.40
2008.01.10 17:08:04.192,1.6124,1.61265,0.80,10.40
2008.01.10 17:08:05.380,1.61235,1.61265,19.20,10.40
2008.01.10 17:08:05.806,1.6124,1.61265,1.60,14.40
2008.01.10 17:08:06.737,1.6124,1.61265,1.60,14.40
2008.01.10 17:08:06.807,1.6124,1.6127,2.40,17.60
2008.01.10 17:08:07.203,1.61245,1.61265,0.80,0.50
2008.01.10 17:08:07.463,1.61245,1.61255,0.80,0.40
2008.01.10 17:08:07.726,1.61235,1.6127,12.00,20.80
2008.01.10 17:08:08.146,1.61235,1.6124,0.90,0.80
2008.01.10 17:08:08.589,1.61235,1.6124,0.70,0.80
2008.01.10 17:08:09.028,1.61225,1.61245,0.80,13.60
2008.01.10 17:08:09.086,1.6122,1.61245,0.80,8.00
2008.01.10 17:08:09.483,1.61225,1.6125,0.80,8.00
2008.01.10 17:08:09.928,1.61225,1.6125,0.80,8.00
2008.01.10 17:08:10.359,1.61225,1.61245,0.80,0.90
2008.01.10 17:08:10.597,1.61235,1.6125,0.80,4.00
2008.01.10 17:08:10.851,1.61235,1.61245,0.80,0.70
2008.01.10 17:08:11.257,1.61235,1.61255,0.80,0.60
2008.01.10 17:08:11.782,1.61235,1.6126,0.80,15.20
2008.01.10 17:08:12.302,1.6123,1.6126,0.80,15.20
2008.01.10 17:08:12.701,1.61235,1.6126,0.80,15.20
2008.01.10 17:08:13.098,1.61235,1.6126,1.60,13.60
2008.01.10 17:08:13.386,1.61245,1.61265,0.80,27.20
2008.01.10 17:08:13.733,1.61245,1.6126,0.80,0.70
2008.01.10 17:08:14.246,1.61245,1.61265,0.80,23.20
2008.01.10 17:08:16.347,1.61245,1.6126,0.80,0.90
2008.01.10 17:08:16.539,1.61245,1.61265,4.00,0.70
2008.01.10 17:08:16.791,1.61245,1.6127,4.00,9.60
2008.01.10 17:08:17.154,1.61245,1.61265,4.00,0.90
2008.01.10 17:08:17.536,1.61245,1.6127,4.00,8.80
2008.01.10 17:08:17.835,1.61245,1.61265,3.20,0.80
2008.01.10 17:08:18.132,1.61245,1.61265,3.20,0.80
2008.01.10 17:08:18.554,1.6124,1.6127,0.80,12.80
2008.01.10 17:08:18.758,1.61235,1.6127,11.20,16.00
2008.01.10 17:08:19.033,1.61235,1.61265,2.40,21.60
2008.01.10 17:08:19.471,1.61235,1.6126,2.40,0.90
2008.01.10 17:08:19.925,1.61235,1.6126,2.40,5.60
2008.01.10 17:08:20.437,1.61235,1.61265,2.40,21.60
2008.01.10 17:08:20.949,1.61235,1.6126,2.40,0.70
2008.01.10 17:08:21.291,1.61235,1.61255,0.80,0.60
2008.01.10 17:08:21.500,1.6123,1.61255,0.80,0.60
2008.01.10 17:08:21.709,1.61225,1.61255,14.40,0.60
2008.01.10 17:08:22.129,1.61225,1.61245,8.00,0.90
2008.01.10 17:08:22.175,1.61225,1.61245,4.00,0.80
2008.01.10 17:08:22.764,1.61225,1.6125,4.00,3.20
2008.01.10 17:08:23.616,1.61225,1.61245,4.00,0.60
2008.01.10 17:08:23.904,1.61225,1.6125,4.00,4.80
2008.01.10 17:08:24.186,1.61225,1.61245,3.20,0.90
2008.01.10 17:08:24.399,1.61225,1.6125,3.20,15.20
2008.01.10 17:08:24.628,1.61225,1.61245,3.20,0.90
2008.01.10 17:08:25.577,1.61225,1.61245,3.20,0.80
2008.01.10 17:08:26.237,1.61225,1.61245,3.20,0.60
2008.01.10 17:08:26.449,1.6122,1.6125,0.80,16.80
2008.01.10 17:08:26.715,1.6122,1.61245,0.80,0.80
2008.01.10 17:08:27.086,1.6122,1.6125,0.80,16.80
2008.01.10 17:08:27.543,1.6122,1.6125,0.80,16.80
2008.01.10 17:08:28.577,1.6122,1.61235,0.80,0.50
2008.01.10 17:08:29.078,1.6122,1.61235,0.80,0.50
2008.01.10 17:08:29.652,1.6122,1.61245,0.80,21.40
2008.01.10 17:08:30.099,1.61215,1.61245,13.60,21.40
2008.01.10 17:08:30.416,1.61215,1.6124,13.60,6.40
2008.01.10 17:08:30.665,1.61215,1.6124,11.20,7.20
2008.01.10 17:08:30.918,1.61215,1.61235,7.20,0.90
2008.01.10 17:08:31.350,1.61215,1.61235,9.60,0.90
2008.01.10 17:08:31.411,1.61215,1.61235,12.00,0.50
2008.01.10 17:08:31.655,1.61215,1.61235,9.60,0.80
2008.01.10 17:08:31.899,1.61215,1.61235,8.00,0.70
2008.01.10 17:08:33.715,1.61215,1.6124,8.00,12.00
2008.01.10 17:08:33.979,1.61215,1.61235,5.60,12.80
2008.01.10 17:08:34.241,1.61215,1.61235,8.00,8.80
2008.01.10 17:08:34.661,1.61215,1.61235,8.00,7.20
2008.01.10 17:08:34.910,1.61215,1.61235,12.00,4.00
2008.01.10 17:08:35.161,1.6122,1.61235,0.80,0.80
2008.01.10 17:08:35.597,1.6122,1.61235,0.80,1.60
2008.01.10 17:08:35.844,1.61215,1.61235,8.00,1.60
2008.01.10 17:08:36.294,1.61215,1.61235,8.00,0.80
2008.01.10 17:08:36.537,1.61215,1.61235,8.00,3.20
2008.01.10 17:08:36.776,1.6122,1.6124,0.80,0.80
2008.01.10 17:08:37.036,1.6122,1.61245,0.80,17.00
2008.01.10 17:08:37.505,1.6122,1.61245,0.80,17.00
2008.01.10 17:08:37.763,1.6122,1.61235,0.80,4.00
2008.01.10 17:08:38.236,1.6122,1.61235,0.80,4.00
2008.01.10 17:08:39.194,1.6122,1.61235,0.80,4.00
2008.01.10 17:08:39.605,1.6122,1.61235,0.80,4.00
2008.01.10 17:08:39.901,1.6122,1.61235,0.80,4.00
2008.01.10 17:08:40.343,1.6122,1.61245,0.80,14.40
2008.01.10 17:08:40.809,1.61225,1.61245,0.80,10.40
2008.01.10 17:08:41.077,1.61225,1.61245,0.80,8.00
2008.01.10 17:08:41.622,1.6123,1.61245,0.80,8.00
2008.01.10 17:08:41.902,1.6123,1.61245,0.80,4.00
2008.01.10 17:08:42.324,1.6123,1.61255,0.80,14.40
2008.01.10 17:08:42.773,1.6123,1.61255,0.80,14.40
2008.01.10 17:08:43.002,1.6123,1.61255,0.80,15.20
2008.01.10 17:08:44.931,1.6123,1.61255,0.80,15.20
2008.01.10 17:08:46.996,1.6123,1.61255,0.80,15.20
2008.01.10 17:08:47.546,1.6123,1.61255,0.80,15.20
2008.01.10 17:08:49.302,1.6123,1.61255,0.80,15.20
2008.01.10 17:08:49.709,1.6123,1.61245,0.80,8.40
2008.01.10 17:08:49.964,1.61225,1.61245,0.80,12.40
2008.01.10 17:08:50.217,1.61215,1.6124,10.40,0.80
2008.01.10 17:08:50.660,1.61215,1.6124,10.40,3.20
2008.01.10 17:08:51.155,1.61215,1.6124,8.80,3.20
2008.01.10 17:08:51.398,1.6122,1.61245,0.80,15.60
2008.01.10 17:08:51.602,1.6122,1.6125,0.80,16.40
2008.01.10 17:08:51.857,1.6122,1.6125,0.80,16.40
2008.01.10 17:08:54.983,1.6122,1.61245,0.80,0.70
2008.01.10 17:08:56.245,1.6122,1.61245,0.80,0.50
2008.01.10 17:08:56.853,1.6122,1.61245,0.80,0.70
2008.01.10 17:09:00.207,1.6122,1.6125,0.80,16.40
2008.01.10 17:09:00.695,1.6122,1.6125,0.80,16.40
2008.01.10 17:09:02.048,1.6122,1.61245,0.80,0.70
2008.01.10 17:09:03.815,1.61215,1.6125,12.80,16.40
2008.01.10 17:09:04.023,1.61225,1.6124,0.80,4.80
2008.01.10 17:09:04.228,1.61215,1.6124,11.20,4.80
2008.01.10 17:09:04.620,1.61225,1.61235,0.80,0.90
2008.01.10 17:09:04.644,1.61225,1.61245,0.80,19.60
2008.01.10 17:09:05.047,1.61225,1.6125,1.60,11.60
2008.01.10 17:09:05.450,1.6123,1.61245,0.80,0.50
2008.01.10 17:09:05.659,1.6123,1.6125,0.80,5.90
2008.01.10 17:09:05.972,1.6123,1.61245,0.80,0.60
2008.01.10 17:09:06.384,1.6123,1.6126,0.80,12.00
2008.01.10 17:09:06.702,1.61235,1.6126,1.60,8.80
2008.01.10 17:09:06.924,1.61235,1.6126,1.60,5.60
2008.01.10 17:09:07.310,1.61235,1.61255,8.80,0.80
2008.01.10 17:09:07.503,1.61235,1.61265,9.60,20.00
2008.01.10 17:09:08.000,1.61235,1.6126,9.60,0.90
2008.01.10 17:09:10.252,1.6125,1.6126,0.80,0.80
2008.01.10 17:09:10.631,1.61255,1.61265,5.60,0.60
2008.01.10 17:09:10.819,1.61255,1.61275,8.00,0.60
2008.01.10 17:09:11.038,1.61255,1.61275,8.00,0.50
2008.01.10 17:09:11.416,1.61255,1.6128,8.00,5.60
2008.01.10 17:09:11.963,1.61255,1.6128,8.00,5.60
2008.01.10 17:09:12.755,1.61255,1.61275,8.00,0.70
2008.01.10 17:09:14.757,1.61255,1.61275,8.00,0.90
2008.01.10 17:09:15.136,1.61255,1.61285,8.00,19.20
2008.01.10 17:09:16.160,1.61255,1.61285,9.60,16.00
2008.01.10 17:09:16.591,1.61255,1.6128,9.60,0.90
2008.01.10 17:09:16.900,1.61265,1.61285,5.60,14.40
2008.01.10 17:09:17.135,1.61265,1.6129,6.40,12.00
2008.01.10 17:09:17.343,1.61265,1.61285,6.40,0.80
2008.01.10 17:09:17.630,1.61265,1.61285,6.40,0.70
2008.01.10 17:09:18.033,1.61265,1.6129,6.40,3.20
2008.01.10 17:09:20.121,1.61265,1.6129,6.40,3.20
2008.01.10 17:09:20.509,1.61265,1.61285,6.40,0.50
2008.01.10 17:09:22.109,1.61265,1.61285,6.40,0.90
2008.01.10 17:09:23.641,1.61265,1.61285,6.40,0.80
2008.01.10 17:09:24.080,1.61275,1.613,6.40,13.60
2008.01.10 17:09:24.408,1.61275,1.613,6.40,8.80
2008.01.10 17:09:24.652,1.6128,1.613,0.80,6.40
2008.01.10 17:09:25.080,1.6128,1.61305,0.80,20.80
2008.01.10 17:09:25.567,1.6128,1.61305,0.80,20.80
2008.01.10 17:09:26.156,1.6128,1.61305,0.80,0.80
2008.01.10 17:09:26.378,1.61285,1.6131,5.60,18.40
2008.01.10 17:09:26.846,1.61285,1.61305,5.60,0.90
2008.01.10 17:09:27.605,1.61285,1.61305,6.40,0.80
2008.01.10 17:09:27.906,1.61295,1.6131,5.60,15.20
2008.01.10 17:09:28.354,1.61295,1.6131,5.60,15.20
2008.01.10 17:09:28.602,1.61295,1.6131,5.60,8.00
2008.01.10 17:09:28.843,1.61295,1.6131,5.60,3.20
2008.01.10 17:09:29.081,1.61295,1.61305,5.60,0.90
2008.01.10 17:09:29.321,1.61295,1.61315,5.60,14.40
2008.01.10 17:09:29.761,1.61295,1.61315,5.60,0.80
2008.01.10 17:09:30.788,1.61295,1.61315,5.60,0.50
2008.01.10 17:09:31.654,1.61295,1.6132,5.60,13.60
2008.01.10 17:09:31.911,1.61295,1.6132,8.00,6.40
2008.01.10 17:09:32.337,1.61295,1.6132,8.00,6.40
2008.01.10 17:09:32.576,1.61295,1.6132,13.60,4.00
2008.01.10 17:09:32.814,1.61295,1.61325,13.60,16.80
2008.01.10 17:09:33.270,1.61295,1.61325,13.60,16.80
2008.01.10 17:09:33.495,1.61315,1.61335,5.60,16.00
2008.01.10 17:09:33.720,1.61315,1.61335,5.60,0.70
2008.01.10 17:09:34.179,1.61315,1.6134,5.60,8.00
2008.01.10 17:09:34.423,1.61315,1.6134,5.60,8.00
2008.01.10 17:09:34.942,1.61315,1.6134,5.60,11.20
2008.01.10 17:09:35.223,1.61315,1.6134,6.40,8.00
2008.01.10 17:09:35.684,1.61315,1.61335,8.00,0.90
2008.01.10 17:09:36.153,1.61315,1.61345,8.00,15.20
2008.01.10 17:09:36.969,1.61315,1.61345,8.00,15.20
2008.01.10 17:09:38.627,1.61315,1.61345,8.00,15.20
2008.01.10 17:09:38.884,1.61335,1.6134,5.60,0.60
2008.01.10 17:09:39.143,1.61335,1.61345,5.60,14.40
2008.01.10 17:09:40.646,1.61335,1.61345,5.60,7.20
2008.01.10 17:09:40.976,1.61335,1.61355,5.60,20.80
2008.01.10 17:09:41.209,1.61335,1.61355,6.40,14.40
2008.01.10 17:09:41.492,1.61335,1.61355,8.00,12.80
2008.01.10 17:09:41.908,1.61335,1.61355,2.40,11.20
2008.01.10 17:09:42.192,1.61335,1.61355,2.40,8.80
2008.01.10 17:09:42.461,1.61335,1.61355,8.00,7.20
2008.01.10 17:09:42.880,1.61335,1.61355,5.60,4.00
2008.01.10 17:09:43.339,1.61335,1.61355,5.60,8.00
2008.01.10 17:09:43.440,1.61335,1.61355,5.60,11.20
2008.01.10 17:09:43.750,1.61335,1.61355,5.60,14.40
2008.01.10 17:09:44.130,1.61335,1.61355,5.60,16.80
2008.01.10 17:09:44.677,1.61335,1.61355,5.60,16.80
2008.01.10 17:09:45.102,1.61335,1.61355,5.60,16.80
2008.01.10 17:09:45.661,1.61335,1.61355,5.60,16.80
2008.01.10 17:09:45.998,1.61325,1.61345,6.40,1.60
2008.01.10 17:09:46.394,1.61325,1.61345,6.40,1.60
2008.01.10 17:09:46.712,1.61325,1.61345,7.20,5.60
2008.01.10 17:09:47.029,1.61325,1.61345,8.00,5.60
2008.01.10 17:09:47.447,1.61335,1.61355,5.60,9.60
2008.01.10 17:09:47.964,1.61335,1.61355,5.60,9.60
2008.01.10 17:09:50.241,1.61335,1.61355,5.60,10.40
2008.01.10 17:09:51.211,1.61335,1.61355,5.60,10.40
2008.01.10 17:09:53.153,1.61335,1.61355,5.60,10.40
2008.01.10 17:09:53.875,1.61335,1.61355,5.60,8.00
2008.01.10 17:09:54.116,1.61335,1.61355,5.60,8.00
2008.01.10 17:09:55.678,1.61335,1.61355,5.60,8.00
2008.01.10 17:09:56.043,1.61335,1.61355,5.60,8.00
2008.01.10 17:09:56.201,1.61335,1.61355,5.60,13.60
2008.01.10 17:09:56.495,1.61335,1.61355,5.60,18.40
2008.01.10 17:09:56.973,1.61335,1.61355,5.60,18.40
2008.01.10 17:09:58.693,1.61335,1.61355,5.60,18.40
2008.01.10 17:09:58.860,1.61325,1.61345,5.60,7.20
2008.01.10 17:09:59.069,1.61325,1.61345,5.60,13.60
2008.01.10 17:09:59.651,1.61325,1.61345,5.60,13.60
2008.01.10 17:09:59.966,1.61325,1.61345,5.60,13.60
2008.01.10 17:10:00.145,1.6132,1.61345,6.40,13.60
2008.01.10 17:10:00.406,1.61315,1.61345,8.00,18.40
2008.01.10 17:10:00.654,1.6131,1.6134,8.80,1.60
2008.01.10 17:10:00.997,1.6131,1.6134,8.80,1.60
2008.01.10 17:10:01.467,1.61315,1.6134,2.80,1.60
2008.01.10 17:10:01.969,1.6131,1.6134,8.80,1.60
2008.01.10 17:10:04.269,1.61315,1.6134,1.00,1.60
2008.01.10 17:10:04.485,1.6131,1.6134,8.80,1.60
2008.01.10 17:10:06.683,1.6131,1.6134,8.80,1.60
2008.01.10 17:10:09.054,1.6131,1.6134,8.80,1.60
2008.01.10 17:10:09.369,1.6131,1.6134,8.80,1.60
2008.01.10 17:10:09.892,1.6131,1.6134,8.80,1.60
2008.01.10 17:10:11.512,1.6131,1.6134,8.80,1.60
2008.01.10 17:10:12.024,1.6131,1.6134,8.80,1.60
2008.01.10 17:10:12.246,1.6131,1.6134,8.80,1.60
2008.01.10 17:10:12.772,1.6131,1.6134,8.80,1.60
2008.01.10 17:10:13.351,1.61305,1.61335,29.60,4.80
2008.01.10 17:10:13.487,1.613,1.61325,12.80,1.60
2008.01.10 17:10:14.601,1.61305,1.61325,1.80,1.60
2008.01.10 17:10:14.885,1.61315,1.61335,16.80,4.00
2008.01.10 17:10:15.168,1.6132,1.61345,1.60,11.20
2008.01.10 17:10:15.632,1.61325,1.61345,5.00,7.20
2008.01.10 17:10:15.849,1.6132,1.61345,10.40,1.60
2008.01.10 17:10:16.499,1.6132,1.61345,12.80,1.60
2008.01.10 17:10:17.003,1.6132,1.61345,12.80,1.60
2008.01.10 17:10:17.846,1.6132,1.61345,9.60,1.60
2008.01.10 17:10:18.194,1.61325,1.61345,2.40,1.60
2008.01.10 17:10:18.523,1.6132,1.61345,12.80,1.60
2008.01.10 17:10:18.979,1.6132,1.61345,12.80,1.60
2008.01.10 17:10:19.388,1.61315,1.6134,15.00,0.80
2008.01.10 17:10:19.582,1.6131,1.6134,13.60,2.40
2008.01.10 17:10:19.809,1.61315,1.61335,2.10,0.80
2008.01.10 17:10:20.052,1.6131,1.61335,10.40,0.80
2008.01.10 17:10:20.282,1.6131,1.61325,4.00,0.80
2008.01.10 17:10:20.698,1.6131,1.61325,9.60,0.80
2008.01.10 17:10:20.957,1.61305,1.61325,12.00,2.40
2008.01.10 17:10:21.703,1.61305,1.61325,12.00,2.40
2008.01.10 17:10:22.141,1.61305,1.61325,12.00,2.40
2008.01.10 17:10:23.650,1.61305,1.61325,12.00,2.40
2008.01.10 17:10:23.914,1.61305,1.61325,24.00,0.80
2008.01.10 17:10:24.128,1.61325,1.61335,0.80,4.00
2008.01.10 17:10:24.365,1.61315,1.61325,5.20,0.80
2008.01.10 17:10:24.786,1.61315,1.61325,2.10,0.80
2008.01.10 17:10:24.998,1.61305,1.61325,14.20,2.40
2008.01.10 17:10:25.227,1.6131,1.61325,9.60,0.80
2008.01.10 17:10:25.741,1.6131,1.61325,6.40,0.80
2008.01.10 17:10:26.158,1.6131,1.61325,6.40,0.80
2008.01.10 17:10:26.570,1.6131,1.61325,6.40,0.80
2008.01.10 17:10:26.819,1.61315,1.61325,3.20,2.40
2008.01.10 17:10:28.707,1.61305,1.61325,12.00,0.80
2008.01.10 17:10:29.047,1.61315,1.61325,5.60,0.80
2008.01.10 17:10:29.196,1.61315,1.61335,6.40,3.20
2008.01.10 17:10:29.419,1.61325,1.61335,5.60,3.20
2008.01.10 17:10:29.747,1.61315,1.61335,4.80,2.40
2008.01.10 17:10:30.077,1.61315,1.6134,8.00,1.60
2008.01.10 17:10:30.606,1.61315,1.61335,7.20,2.40
2008.01.10 17:10:30.937,1.61315,1.61335,5.60,5.60
2008.01.10 17:10:31.124,1.61315,1.61335,5.60,12.00
2008.01.10 17:10:31.821,1.61315,1.61335,5.60,12.00
2008.01.10 17:10:32.249,1.61315,1.61335,5.60,9.60
2008.01.10 17:10:32.719,1.61315,1.61335,6.40,7.20
2008.01.10 17:10:32.999,1.61315,1.6134,8.00,1.60
2008.01.10 17:10:33.932,1.61315,1.6134,8.00,1.60
2008.01.10 17:10:34.356,1.61315,1.61345,10.90,12.00
2008.01.10 17:10:34.543,1.61325,1.6134,0.50,1.60
2008.01.10 17:10:34.772,1.61335,1.6134,5.60,1.60
2008.01.10 17:10:34.993,1.61335,1.61345,5.60,4.00
2008.01.10 17:10:35.219,1.61335,1.61355,5.60,16.00
2008.01.10 17:10:35.626,1.61335,1.61355,5.60,17.60
2008.01.10 17:10:36.088,1.61335,1.61355,5.60,17.60
2008.01.10 17:10:36.357,1.61325,1.61345,6.40,1.60
2008.01.10 17:10:36.626,1.61325,1.61345,6.40,5.60
2008.01.10 17:10:37.071,1.61325,1.61345,6.40,5.60
2008.01.10 17:10:37.314,1.61335,1.61345,5.60,1.60
2008.01.10 17:10:37.689,1.61335,1.61345,5.60,1.60
2008.01.10 17:10:37.961,1.61335,1.61345,5.60,1.60
2008.01.10 17:10:38.094,1.61335,1.61355,5.60,12.00
2008.01.10 17:10:38.419,1.61335,1.61355,6.40,7.20
2008.01.10 17:10:38.682,1.61335,1.61355,7.20,0.50
2008.01.10 17:10:38.901,1.61335,1.6136,6.10,9.60
2008.01.10 17:10:39.312,1.61335,1.61365,10.90,16.80
2008.01.10 17:10:39.530,1.61335,1.6136,10.90,0.50
2008.01.10 17:10:39.757,1.6134,1.61365,0.80,8.00
2008.01.10 17:10:40.171,1.6134,1.61365,0.80,0.80
2008.01.10 17:10:40.610,1.6134,1.61365,0.80,0.70
2008.01.10 17:10:41.126,1.6134,1.61365,0.80,0.50
2008.01.10 17:10:41.718,1.6134,1.61365,0.80,0.80
2008.01.10 17:10:42.051,1.6134,1.6137,0.80,10.40
2008.01.10 17:10:42.947,1.6134,1.61365,0.80,0.90
2008.01.10 17:10:44.088,1.61335,1.6136,10.10,0.80
2008.01.10 17:10:44.471,1.61335,1.6136,7.70,0.80
2008.01.10 17:10:46.455,1.61335,1.61365,7.70,16.00
2008.01.10 17:10:46.914,1.61335,1.61365,7.70,16.00
2008.01.10 17:10:47.119,1.61335,1.61355,7.20,0.80
2008.01.10 17:10:47.331,1.61335,1.61355,7.20,0.80
2008.01.10 17:10:47.724,1.61335,1.6136,5.60,12.80
2008.01.10 17:10:47.976,1.61335,1.6136,5.60,12.80
2008.01.10 17:10:50.817,1.61335,1.6136,10.40,10.40
2008.01.10 17:10:51.066,1.61335,1.61365,11.20,0.80
2008.01.10 17:10:52.000,1.61335,1.61365,11.20,0.60
2008.01.10 17:10:52.260,1.61335,1.6137,11.20,16.80
2008.01.10 17:10:52.736,1.61335,1.61365,11.20,0.50
2008.01.10 17:10:53.483,1.61345,1.61365,5.60,0.60
2008.01.10 17:10:53.872,1.61345,1.61365,5.60,0.90
2008.01.10 17:10:54.354,1.61345,1.6136,5.60,2.40
2008.01.10 17:10:54.566,1.61335,1.61355,8.00,0.80
2008.01.10 17:10:54.782,1.61335,1.6136,8.00,5.60
2008.01.10 17:10:54.997,1.61335,1.6136,5.60,12.80
2008.01.10 17:10:55.233,1.61335,1.61355,5.60,0.60
2008.01.10 17:10:58.498,1.61335,1.61355,5.60,0.70
2008.01.10 17:10:58.744,1.61335,1.61365,7.20,18.40
2008.01.10 17:11:00.366,1.61335,1.61365,7.20,18.40
2008.01.10 17:11:00.893,1.61335,1.6136,7.20,3.20
2008.01.10 17:11:01.076,1.61335,1.6136,5.60,9.60
2008.01.10 17:11:02.148,1.61335,1.6136,5.60,9.60
2008.01.10 17:11:03.652,1.61335,1.6136,6.40,11.20
2008.01.10 17:11:03.901,1.61335,1.61355,8.00,0.70
2008.01.10 17:11:04.149,1.61335,1.61355,10.40,0.60
2008.01.10 17:11:04.447,1.61335,1.6137,14.10,13.60
2008.01.10 17:11:04.746,1.6134,1.6137,0.80,8.80
2008.01.10 17:11:05.204,1.6134,1.61365,0.80,0.80
2008.01.10 17:11:05.769,1.6134,1.61365,0.80,0.90
2008.01.10 17:11:06.092,1.6134,1.6137,0.80,4.00
2008.01.10 17:11:07.278,1.6134,1.6137,0.80,4.00
2008.01.10 17:11:07.709,1.6134,1.61365,0.80,1.60
2008.01.10 17:11:08.088,1.6134,1.61365,0.80,5.60
2008.01.10 17:11:08.689,1.6134,1.61365,0.80,0.50
2008.01.10 17:11:08.709,1.6134,1.6137,0.80,8.00
2008.01.10 17:11:11.919,1.6134,1.61365,0.80,0.50
2008.01.10 17:11:13.378,1.6134,1.61365,0.80,0.90
2008.01.10 17:11:13.866,1.6134,1.61365,0.80,0.60
2008.01.10 17:11:14.439,1.6134,1.61365,0.80,0.80
2008.01.10 17:11:14.964,1.6134,1.6137,0.80,8.00
2008.01.10 17:11:16.701,1.6134,1.6137,0.80,8.00
2008.01.10 17:11:17.039,1.6134,1.6137,0.80,4.00
2008.01.10 17:11:17.470,1.6134,1.6137,0.80,4.00
2008.01.10 17:11:18.266,1.6134,1.6137,0.80,4.00
2008.01.10 17:11:18.655,1.6134,1.6136,0.80,0.80
2008.01.10 17:11:18.990,1.6134,1.6136,0.80,4.80
2008.01.10 17:11:19.263,1.6134,1.6136,0.80,13.80
2008.01.10 17:11:19.588,1.61335,1.61355,6.40,15.40
2008.01.10 17:11:19.877,1.61335,1.6136,5.60,9.00
2008.01.10 17:11:20.165,1.61335,1.6136,5.60,13.00
2008.01.10 17:11:20.683,1.61335,1.61355,5.60,12.20
2008.01.10 17:11:20.876,1.61325,1.61355,13.60,9.00
2008.01.10 17:11:21.713,1.61325,1.61355,13.60,9.00
2008.01.10 17:11:21.917,1.61325,1.6135,11.20,2.70
2008.01.10 17:11:22.172,1.61325,1.6135,4.80,3.40
2008.01.10 17:11:22.542,1.61325,1.6135,3.20,6.60
2008.01.10 17:11:22.874,1.61315,1.61345,13.60,11.40
2008.01.10 17:11:24.239,1.61315,1.61345,13.60,11.40
2008.01.10 17:11:25.941,1.61315,1.61345,13.60,12.20
2008.01.10 17:11:26.399,1.61315,1.61345,13.60,12.20
2008.01.10 17:11:26.925,1.61315,1.61345,13.60,12.20
2008.01.10 17:11:27.278,1.61315,1.6134,12.80,1.60
2008.01.10 17:11:27.495,1.61315,1.6134,12.80,3.20
2008.01.10 17:11:27.858,1.61315,1.61335,12.80,0.80
2008.01.10 17:11:29.076,1.61315,1.61335,12.80,0.80
2008.01.10 17:11:32.195,1.61315,1.6134,12.80,3.20
2008.01.10 17:11:34.049,1.61315,1.6134,12.80,3.20
2008.01.10 17:11:34.313,1.61315,1.6134,13.60,0.80
2008.01.10 17:11:34.490,1.61315,1.6134,13.60,0.80
2008.01.10 17:11:36.277,1.61315,1.6134,13.60,0.80
2008.01.10 17:11:36.474,1.61315,1.6134,14.40,0.80
2008.01.10 17:11:37.069,1.61315,1.61345,13.60,9.80
2008.01.10 17:11:37.660,1.61315,1.61345,13.60,9.80
2008.01.10 17:11:38.071,1.61315,1.61345,13.60,9.80
2008.01.10 17:11:38.368,1.61335,1.6136,1.60,5.00
2008.01.10 17:11:38.705,1.61335,1.6136,1.60,5.00
2008.01.10 17:11:39.110,1.61335,1.61355,1.60,1.80
2008.01.10 17:11:39.503,1.61325,1.61355,14.40,9.00
2008.01.10 17:11:40.056,1.61325,1.6135,14.40,0.80
2008.01.10 17:11:40.693,1.61325,1.6135,14.40,0.80
2008.01.10 17:11:40.974,1.61325,1.6135,16.00,0.80
2008.01.10 17:11:41.228,1.61335,1.61355,7.20,0.90
2008.01.10 17:11:41.482,1.61335,1.61365,7.20,20.20
2008.01.10 17:11:41.927,1.61335,1.6136,7.20,2.70
2008.01.10 17:11:42.135,1.61335,1.6136,7.20,3.40
2008.01.10 17:11:42.344,1.61335,1.61355,5.60,0.90
2008.01.10 17:11:42.746,1.61335,1.6136,5.60,9.00
2008.01.10 17:11:43.059,1.61325,1.61355,13.60,7.40
2008.01.10 17:11:44.347,1.61325,1.6135,13.60,0.80
2008.01.10 17:11:44.924,1.61325,1.6135,13.60,0.80
2008.01.10 17:11:45.249,1.61325,1.6136,14.40,9.00
2008.01.10 17:11:45.542,1.61335,1.61355,5.60,0.50
2008.01.10 17:11:45.839,1.61335,1.6136,5.60,9.60
2008.01.10 17:11:46.071,1.61335,1.61355,5.60,0.70
2008.01.10 17:11:46.280,1.61335,1.6136,7.20,7.40
2008.01.10 17:11:46.737,1.61335,1.61355,7.20,0.80
2008.01.10 17:11:46.940,1.61335,1.61355,5.60,0.70
2008.01.10 17:11:47.692,1.61335,1.6135,5.60,0.80
2008.01.10 17:11:47.939,1.61325,1.6135,13.60,0.80
2008.01.10 17:11:48.375,1.61325,1.61355,13.60,13.00
2008.01.10 17:11:49.095,1.61325,1.61355,13.60,13.00
2008.01.10 17:11:49.609,1.61325,1.61355,13.60,13.00
2008.01.10 17:11:52.250,1.61325,1.6135,13.60,0.80
2008.01.10 17:11:53.645,1.61325,1.6135,12.80,1.60
2008.01.10 17:11:53.898,1.61315,1.61345,21.60,0.80
2008.01.10 17:11:54.313,1.61315,1.6135,15.20,12.20
2008.01.10 17:11:54.929,1.61315,1.6135,15.20,12.20
2008.01.10 17:11:55.371,1.61315,1.6135,13.60,12.20
2008.01.10 17:11:56.117,1.61315,1.61345,13.60,0.90
2008.01.10 17:11:57.171,1.61315,1.6135,13.60,12.20
2008.01.10 17:11:59.368,1.61315,1.61345,13.60,0.80
2008.01.10 17:12:01.621,1.61315,1.6135,13.60,12.20
2008.01.10 17:12:01.760,1.61315,1.6135,13.60,9.80
2008.01.10 17:12:01.971,1.61315,1.6135,14.40,9.80
2008.01.10 17:12:02.310,1.61315,1.61345,14.40,8.20
2008.01.10 17:12:03.478,1.61315,1.61345,14.40,8.20
2008.01.10 17:12:04.569,1.61315,1.61345,14.40,8.20
2008.01.10 17:12:04.940,1.61315,1.6134,13.60,0.80
2008.01.10 17:12:05.213,1.61315,1.6134,13.60,0.80
2008.01.10 17:12:05.423,1.61315,1.6134,13.60,0.80
2008.01.10 17:12:05.920,1.61315,1.6134,15.20,0.80
2008.01.10 17:12:06.205,1.6132,1.61345,0.80,9.60
2008.01.10 17:12:06.489,1.6132,1.61345,0.80,1.60
2008.01.10 17:12:06.745,1.6132,1.61345,0.80,1.60
2008.01.10 17:12:06.962,1.6132,1.61345,0.80,1.60
2008.01.10 17:12:07.173,1.6132,1.61345,0.80,1.60
2008.01.10 17:12:07.480,1.6132,1.61345,0.80,1.60
2008.01.10 17:12:07.806,1.6132,1.61345,0.80,1.60
2008.01.10 17:12:09.124,1.6132,1.61345,0.80,1.60
2008.01.10 17:12:09.664,1.61325,1.61345,2.40,1.60
2008.01.10 17:12:10.083,1.61325,1.61345,2.40,5.60
2008.01.10 17:12:10.301,1.6132,1.61345,0.80,5.60
2008.01.10 17:12:10.794,1.6132,1.61345,0.80,5.60
2008.01.10 17:12:11.140,1.6132,1.61345,0.80,1.60
2008.01.10 17:12:11.450,1.61325,1.61345,0.80,1.60
2008.01.10 17:12:11.805,1.61335,1.61355,5.60,14.60
2008.01.10 17:12:11.954,1.61335,1.61355,5.60,12.20
2008.01.10 17:12:12.294,1.61335,1.61355,5.60,12.20
2008.01.10 17:12:13.287,1.61335,1.61355,1.70,12.20
2008.01.10 17:12:14.011,1.61325,1.61355,14.40,12.20
2008.01.10 17:12:14.168,1.61335,1.61355,2.90,10.60
2008.01.10 17:12:14.896,1.61325,1.61355,13.60,10.60
2008.01.10 17:12:15.269,1.61325,1.61355,16.00,12.00
2008.01.10 17:12:15.832,1.61325,1.61355,16.00,9.60
2008.01.10 17:12:16.139,1.61325,1.61365,34.20,9.60
2008.01.10 17:12:16.374,1.6134,1.61365,0.80,7.20
2008.01.10 17:12:16.577,1.6134,1.61365,0.80,7.20
2008.01.10 17:12:16.798,1.6134,1.61365,0.80,5.60
2008.01.10 17:12:17.191,1.6134,1.61365,0.80,8.80
2008.01.10 17:12:17.453,1.61335,1.61365,20.80,5.60
2008.01.10 17:12:17.717,1.6134,1.61365,0.80,6.40
2008.01.10 17:12:18.124,1.6134,1.61365,6.40,8.00
2008.01.10 17:12:18.389,1.61345,1.61365,0.80,7.20
2008.01.10 17:12:18.644,1.61345,1.61365,0.80,5.60
2008.01.10 17:12:19.099,1.61345,1.61365,0.80,5.60
2008.01.10 17:12:19.352,1.6134,1.61365,0.80,5.60
2008.01.10 17:12:20.053,1.6134,1.61365,0.80,5.60
2008.01.10 17:12:21.022,1.61335,1.61365,20.80,5.60
2008.01.10 17:12:21.305,1.6134,1.61365,0.80,8.00
2008.01.10 17:12:21.727,1.6134,1.61365,0.80,8.20
2008.01.10 17:12:22.140,1.61335,1.61365,14.40,10.60
2008.01.10 17:12:22.356,1.6133,1.6136,8.00,2.40
2008.01.10 17:12:22.569,1.61335,1.61355,2.30,4.00
2008.01.10 17:12:22.982,1.6133,1.61355,8.00,4.00
2008.01.10 17:12:23.260,1.6133,1.61355,8.00,4.00
2008.01.10 17:12:23.644,1.6133,1.61355,8.80,4.00
2008.01.10 17:12:23.985,1.61335,1.6136,2.40,2.40
2008.01.10 17:12:24.399,1.61335,1.6136,3.70,2.40
2008.01.10 17:12:24.601,1.6133,1.6136,12.00,2.40
2008.01.10 17:12:24.838,1.61335,1.6136,5.40,2.40
2008.01.10 17:12:25.041,1.6133,1.6136,17.60,2.40
2008.01.10 17:12:25.310,1.6134,1.6136,1.60,1.60
2008.01.10 17:12:25.770,1.61345,1.61365,1.80,1.60
2008.01.10 17:12:25.839,1.6135,1.61375,8.00,8.20
2008.01.10 17:12:26.296,1.61355,1.6138,1.30,0.80
2008.01.10 17:12:26.572,1.61355,1.6138,2.10,2.40
2008.01.10 17:12:26.864,1.6135,1.61385,9.60,16.20
2008.01.10 17:12:27.142,1.61355,1.6138,1.10,0.80
2008.01.10 17:12:27.430,1.61355,1.61375,0.90,4.00
2008.01.10 17:12:27.817,1.6135,1.61375,8.00,4.00
2008.01.10 17:12:28.004,1.6135,1.61375,8.00,4.00
2008.01.10 17:12:28.607,1.6135,1.61375,8.00,4.00
2008.01.10 17:12:29.968,1.6135,1.61375,8.00,4.00
2008.01.10 17:12:30.275,1.61355,1.61375,0.90,4.00
2008.01.10 17:12:30.593,1.6135,1.61375,8.00,4.00
2008.01.10 17:12:31.084,1.61355,1.6138,0.90,2.40
2008.01.10 17:12:31.383,1.6136,1.61385,0.80,12.80
2008.01.10 17:12:31.829,1.6136,1.61375,0.80,3.20
2008.01.10 17:12:32.004,1.6134,1.61375,15.20,9.60
2008.01.10 17:12:32.218,1.61345,1.61375,1.70,11.20
2008.01.10 17:12:32.589,1.6134,1.61365,4.00,1.60
2008.01.10 17:12:32.980,1.61345,1.61365,1.20,1.60
2008.01.10 17:12:33.293,1.6135,1.61375,6.40,13.60
2008.01.10 17:12:33.702,1.6135,1.61375,6.40,13.60
2008.01.10 17:12:34.054,1.6135,1.61375,6.40,13.60
2008.01.10 17:12:34.569,1.6135,1.61375,6.40,13.60
2008.01.10 17:12:35.394,1.61355,1.61375,1.10,13.60
2008.01.10 17:12:35.883,1.61355,1.61375,2.90,13.60
2008.01.10 17:12:36.117,1.61355,1.61375,2.60,12.80
2008.01.10 17:12:36.401,1.6135,1.61375,8.80,9.60
2008.01.10 17:12:37.124,1.6135,1.61375,8.80,9.60
2008.01.10 17:12:37.508,1.6136,1.61385,0.80,12.80
2008.01.10 17:12:37.899,1.6136,1.61385,0.80,12.80
2008.01.10 17:12:38.062,1.61355,1.61385,12.00,16.00
2008.01.10 17:12:38.277,1.6135,1.61385,8.80,13.60
2008.01.10 17:12:40.466,1.6135,1.61385,8.80,13.60
2008.01.10 17:12:40.891,1.6135,1.61385,8.80,13.60
2008.01.10 17:12:41.180,1.6136,1.61385,0.80,13.60
2008.01.10 17:12:41.421,1.61355,1.61385,8.80,13.60
2008.01.10 17:12:41.871,1.61355,1.61385,8.80,13.60
2008.01.10 17:12:42.397,1.6136,1.61385,0.80,13.60
2008.01.10 17:12:42.680,1.6136,1.61385,0.80,16.00
2008.01.10 17:12:43.101,1.6136,1.61385,0.80,16.00
2008.01.10 17:12:43.407,1.61355,1.61375,8.00,3.20
2008.01.10 17:12:43.654,1.61355,1.61375,7.20,4.00
2008.01.10 17:12:43.896,1.61355,1.61375,8.00,9.60
2008.01.10 17:12:44.116,1.61355,1.61365,7.20,1.60
2008.01.10 17:12:44.334,1.61345,1.61355,1.60,0.80
2008.01.10 17:12:44.746,1.61345,1.61355,1.60,0.80
2008.01.10 17:12:44.963,1.61335,1.61355,6.40,7.20
2008.01.10 17:12:45.222,1.61335,1.61355,5.60,8.80
2008.01.10 17:12:45.712,1.61335,1.61355,5.60,8.80
2008.01.10 17:12:46.159,1.61335,1.61355,5.60,8.80
2008.01.10 17:12:46.992,1.61335,1.61355,5.60,8.80
2008.01.10 17:12:47.259,1.61335,1.61355,5.60,10.40
2008.01.10 17:12:49.179,1.61335,1.61355,5.60,10.40
2008.01.10 17:12:50.742,1.61335,1.61355,5.60,10.40
2008.01.10 17:12:51.846,1.61335,1.61355,5.60,8.80
2008.01.10 17:12:52.314,1.61335,1.61355,5.60,8.80
2008.01.10 17:12:52.536,1.61335,1.61355,5.60,4.00
2008.01.10 17:12:52.780,1.61335,1.61355,7.20,1.60
2008.01.10 17:12:53.023,1.61335,1.61355,7.20,1.60
2008.01.10 17:12:53.743,1.61335,1.61355,7.20,1.60
2008.01.10 17:12:53.985,1.61335,1.6136,12.80,0.80
2008.01.10 17:12:54.210,1.61345,1.61365,0.80,10.40
2008.01.10 17:12:54.434,1.61355,1.61365,5.60,4.00
2008.01.10 17:12:54.816,1.61355,1.61365,5.60,4.00
2008.01.10 17:12:55.083,1.61355,1.61365,5.60,4.00
2008.01.10 17:12:55.608,1.61355,1.61365,5.60,4.00
2008.01.10 17:12:56.070,1.61355,1.61365,5.60,4.00
2008.01.10 17:12:56.334,1.6134,1.61365,0.80,1.60
2008.01.10 17:12:56.741,1.6134,1.61365,0.80,1.60
2008.01.10 17:12:57.062,1.61345,1.61375,11.20,19.20
2008.01.10 17:12:57.279,1.61345,1.61375,11.20,19.20
2008.01.10 17:12:58.130,1.61345,1.6137,11.20,0.80
2008.01.10 17:12:58.605,1.61345,1.61375,11.20,18.40
2008.01.10 17:13:00.222,1.61345,1.61375,11.20,18.40
2008.01.10 17:13:00.454,1.61345,1.6137,13.60,0.80
2008.01.10 17:13:00.783,1.61345,1.6137,13.60,0.80
2008.01.10 17:13:01.118,1.61345,1.6137,13.60,0.80
2008.01.10 17:13:01.346,1.61345,1.6137,14.40,0.80
2008.01.10 17:13:01.632,1.61345,1.6137,14.40,0.80
2008.01.10 17:13:02.081,1.61355,1.61375,5.60,13.60
2008.01.10 17:13:02.364,1.61355,1.61375,5.60,13.60
2008.01.10 17:13:03.194,1.61355,1.61375,5.60,13.60
2008.01.10 17:13:03.750,1.61355,1.61375,5.60,13.60
2008.01.10 17:13:06.014,1.61355,1.61375,5.60,13.60
2008.01.10 17:13:06.524,1.61355,1.61375,5.60,13.60
2008.01.10 17:13:07.484,1.61355,1.61375,5.60,13.60
2008.01.10 17:13:08.024,1.61355,1.61375,1.20,13.60
2008.01.10 17:13:10.335,1.61355,1.61375,1.60,13.60
2008.01.10 17:13:10.771,1.61345,1.61375,13.60,13.60
2008.01.10 17:13:10.977,1.6134,1.61375,14.40,14.40
2008.01.10 17:13:12.496,1.6134,1.61375,14.40,14.40
2008.01.10 17:13:15.994,1.6134,1.61375,14.40,14.40
2008.01.10 17:13:17.325,1.6134,1.61375,14.40,14.40
2008.01.10 17:13:18.046,1.6134,1.61375,14.40,14.40
2008.01.10 17:13:20.131,1.6134,1.61375,14.40,14.40
2008.01.10 17:13:20.316,1.6134,1.61375,14.40,10.40
2008.01.10 17:13:20.644,1.6135,1.61375,0.80,5.60
2008.01.10 17:13:20.835,1.61355,1.61375,0.70,2.40
2008.01.10 17:13:21.184,1.6135,1.61375,8.00,2.40
2008.01.10 17:13:21.514,1.61355,1.61375,5.50,2.40
2008.01.10 17:13:22.178,1.61355,1.61375,1.90,3.20
2008.01.10 17:13:22.511,1.61355,1.61375,2.30,4.80
2008.01.10 17:13:22.793,1.6135,1.61375,11.20,2.40
2008.01.10 17:13:23.059,1.6135,1.61375,11.20,2.40
2008.01.10 17:13:26.097,1.61355,1.61375,3.50,2.40
2008.01.10 17:13:27.535,1.6135,1.61375,11.20,2.40
2008.01.10 17:13:28.098,1.6135,1.61375,11.20,2.40
2008.01.10 17:13:28.352,1.61345,1.61375,22.20,6.40
2008.01.10 17:13:28.755,1.61345,1.61375,18.20,6.40
2008.01.10 17:13:29.256,1.61355,1.61375,1.30,6.40
2008.01.10 17:13:29.696,1.61355,1.61375,3.70,6.40
2008.01.10 17:13:30.099,1.61345,1.61375,16.60,10.40
2008.01.10 17:13:30.291,1.61345,1.61375,13.60,10.40
2008.01.10 17:13:30.638,1.61345,1.61375,2.60,13.60
2008.01.10 17:13:31.308,1.6134,1.61375,14.40,13.60
2008.01.10 17:13:32.340,1.61345,1.61375,5.40,13.60
2008.01.10 17:13:34.882,1.6134,1.61375,14.40,13.60
2008.01.10 17:13:36.334,1.6134,1.61375,14.40,13.60
2008.01.10 17:13:37.352,1.61345,1.61375,13.60,13.60
2008.01.10 17:13:37.843,1.61345,1.61375,13.60,13.60
2008.01.10 17:13:41.087,1.61345,1.61375,13.60,15.20
2008.01.10 17:13:41.359,1.61345,1.61375,13.60,15.20
2008.01.10 17:13:42.349,1.61345,1.61375,13.60,15.20
2008.01.10 17:13:43.584,1.61345,1.61375,13.60,15.20
2008.01.10 17:13:43.992,1.61345,1.61375,13.60,15.20
2008.01.10 17:13:46.196,1.61345,1.61375,13.60,15.20
2008.01.10 17:13:47.589,1.61345,1.61375,13.60,15.20
2008.01.10 17:13:50.395,1.61345,1.61375,13.60,15.20
2008.01.10 17:13:50.413,1.61345,1.61375,13.60,15.20
2008.01.10 17:13:51.547,1.61345,1.61375,13.60,15.20
2008.01.10 17:13:52.582,1.61345,1.61375,13.60,15.20
2008.01.10 17:13:54.906,1.61345,1.61375,11.20,16.80
2008.01.10 17:13:56.764,1.61345,1.61375,11.20,16.80
2008.01.10 17:13:57.397,1.61345,1.61375,11.20,16.80
2008.01.10 17:14:01.111,1.6134,1.6137,24.00,5.60
2008.01.10 17:14:01.344,1.6135,1.6137,10.40,6.40
2008.01.10 17:14:03.110,1.6135,1.6137,12.80,4.00
2008.01.10 17:14:04.737,1.6135,1.6137,12.80,4.00
2008.01.10 17:14:07.422,1.6135,1.6137,12.80,4.00
2008.01.10 17:14:07.969,1.6135,1.6137,12.80,4.80
2008.01.10 17:14:08.353,1.6135,1.6137,12.80,4.80
2008.01.10 17:14:08.721,1.6135,1.6137,12.80,8.80
2008.01.10 17:14:09.053,1.6135,1.6137,12.80,9.60
2008.01.10 17:14:10.038,1.6135,1.6137,12.80,9.60
2008.01.10 17:14:10.431,1.6135,1.6137,12.80,5.60
2008.01.10 17:14:10.825,1.6135,1.6137,12.80,5.60
2008.01.10 17:14:11.067,1.6135,1.6137,12.80,4.80
2008.01.10 17:14:12.059,1.6135,1.6137,12.80,4.80
2008.01.10 17:14:12.361,1.6135,1.6137,12.80,6.40
2008.01.10 17:14:13.384,1.6135,1.6137,12.80,6.40
2008.01.10 17:14:14.452,1.6135,1.61375,12.80,12.00
2008.01.10 17:14:15.247,1.6135,1.61375,12.80,12.00
2008.01.10 17:14:16.605,1.6135,1.61375,12.80,12.00
2008.01.10 17:14:17.023,1.6135,1.61375,12.80,12.00
2008.01.10 17:14:17.427,1.6135,1.61375,12.80,12.00
2008.01.10 17:14:18.416,1.6135,1.6137,12.80,0.70
2008.01.10 17:14:18.786,1.6135,1.61375,12.80,12.00
2008.01.10 17:14:20.740,1.6135,1.61375,12.80,12.00
2008.01.10 17:14:22.439,1.6135,1.61375,12.80,12.00
2008.01.10 17:14:22.825,1.6135,1.61375,12.80,12.00
2008.01.10 17:14:23.311,1.6135,1.6137,12.80,0.50
2008.01.10 17:14:23.545,1.6135,1.6137,12.80,0.50
2008.01.10 17:14:23.828,1.6135,1.61375,12.80,9.60
2008.01.10 17:14:25.101,1.6135,1.61375,13.60,5.60
2008.01.10 17:14:25.871,1.6135,1.61375,13.60,5.60
2008.01.10 17:14:27.349,1.6135,1.61375,13.60,5.60
2008.01.10 17:14:28.506,1.6135,1.61375,13.60,5.60
2008.01.10 17:14:29.149,1.6135,1.61375,12.80,9.60
2008.01.10 17:14:32.501,1.6135,1.61375,12.80,9.60
2008.01.10 17:14:33.176,1.61345,1.61375,12.80,11.20
2008.01.10 17:14:33.418,1.61345,1.61365,5.60,0.50
2008.01.10 17:14:33.925,1.61345,1.6137,5.60,4.00
2008.01.10 17:14:37.895,1.61345,1.61365,5.60,0.80
2008.01.10 17:14:38.194,1.61345,1.6137,5.60,4.00
2008.01.10 17:14:38.440,1.61345,1.6137,5.60,4.00
2008.01.10 17:14:38.755,1.61345,1.6137,5.60,4.00
2008.01.10 17:14:39.033,1.61345,1.61365,5.60,0.80
2008.01.10 17:14:39.093,1.61345,1.6137,8.80,3.20
2008.01.10 17:14:39.573,1.61355,1.6138,5.80,12.00
2008.01.10 17:14:40.098,1.61355,1.61375,10.60,0.80
2008.01.10 17:14:40.292,1.61365,1.6139,5.60,15.20
2008.01.10 17:14:40.570,1.61365,1.61385,5.60,0.70
2008.01.10 17:14:40.898,1.6136,1.61385,0.80,0.80
2008.01.10 17:14:41.287,1.6136,1.61385,0.80,0.80
2008.01.10 17:14:41.621,1.61365,1.6139,5.60,7.20
2008.01.10 17:14:41.957,1.61355,1.61385,17.80,0.60
2008.01.10 17:14:42.367,1.61355,1.6139,17.80,12.80
2008.01.10 17:14:42.765,1.61355,1.61385,17.80,0.70
2008.01.10 17:14:43.146,1.6136,1.6139,0.80,12.80
2008.01.10 17:14:43.415,1.6136,1.6139,0.80,12.80
2008.01.10 17:14:43.788,1.6136,1.6139,0.80,12.80
2008.01.10 17:14:44.201,1.61365,1.6139,0.80,12.00
2008.01.10 17:14:44.618,1.61365,1.61385,0.80,6.40
2008.01.10 17:14:45.064,1.61365,1.61385,6.40,7.20
2008.01.10 17:14:45.321,1.61365,1.61385,6.40,5.60
2008.01.10 17:14:45.570,1.61365,1.61385,5.60,1.60
2008.01.10 17:14:45.785,1.61355,1.61385,17.80,4.80
2008.01.10 17:14:46.690,1.61355,1.61385,16.20,10.40
2008.01.10 17:14:47.271,1.61355,1.61385,16.20,10.40
2008.01.10 17:14:47.476,1.61355,1.61385,16.20,10.40
2008.01.10 17:14:48.537,1.6136,1.61385,0.80,10.40
2008.01.10 17:14:48.794,1.61365,1.61385,5.60,5.60
2008.01.10 17:14:49.066,1.61365,1.61385,5.60,1.60
2008.01.10 17:14:49.893,1.61365,1.61385,5.60,1.60
2008.01.10 17:14:51.993,1.61365,1.61385,5.60,1.60
2008.01.10 17:14:52.237,1.61365,1.61385,8.00,1.60
2008.01.10 17:14:52.464,1.61375,1.61385,2.40,1.60
2008.01.10 17:14:52.705,1.6138,1.61385,0.80,1.60
2008.01.10 17:14:53.122,1.61385,1.61395,5.60,4.00
2008.01.10 17:14:53.360,1.61385,1.61405,5.60,12.80
2008.01.10 17:14:53.617,1.61385,1.61405,5.60,12.80
2008.01.10 17:14:54.029,1.61375,1.61405,13.60,13.60
2008.01.10 17:14:54.974,1.61375,1.61405,13.60,13.60
2008.01.10 17:14:55.573,1.61375,1.61405,14.40,13.60
2008.01.10 17:14:55.849,1.61375,1.61405,17.60,11.20
2008.01.10 17:14:56.092,1.61375,1.61405,18.70,10.40
2008.01.10 17:14:56.452,1.61385,1.61405,8.80,5.60
2008.01.10 17:14:56.693,1.61385,1.61405,8.80,1.60
2008.01.10 17:14:56.965,1.61385,1.61405,8.80,1.60
2008.01.10 17:14:57.173,1.61385,1.61405,9.60,1.60
2008.01.10 17:14:57.465,1.61395,1.6141,5.60,1.60
2008.01.10 17:14:57.858,1.61395,1.61415,5.60,13.60
2008.01.10 17:14:58.281,1.61395,1.61415,5.60,13.60
2008.01.10 17:14:58.574,1.61395,1.61405,5.60,0.80
2008.01.10 17:14:58.868,1.61385,1.61405,8.80,2.40
2008.01.10 17:14:59.982,1.61385,1.61405,8.80,2.40
2008.01.10 17:15:00.754,1.61385,1.61405,8.80,2.40
2008.01.10 17:15:00.992,1.61395,1.61415,5.60,16.00
2008.01.10 17:15:01.756,1.61395,1.61415,5.60,16.00
2008.01.10 17:15:02.683,1.61395,1.61405,5.60,0.80
2008.01.10 17:15:02.939,1.61385,1.61405,8.80,3.20
2008.01.10 17:15:03.197,1.61385,1.614,8.80,0.80
2008.01.10 17:15:03.609,1.61375,1.614,15.20,1.60
2008.01.10 17:15:03.834,1.61375,1.61405,17.60,10.40
2008.01.10 17:15:04.057,1.61375,1.61405,18.40,9.60
2008.01.10 17:15:04.472,1.6138,1.614,0.80,1.60
2008.01.10 17:15:04.697,1.61375,1.614,12.80,0.80
2008.01.10 17:15:04.977,1.61375,1.614,12.80,2.40
2008.01.10 17:15:05.517,1.61375,1.614,12.80,2.40
2008.01.10 17:15:06.047,1.61375,1.614,12.80,2.40
2008.01.10 17:15:06.766,1.61375,1.614,12.80,2.40
2008.01.10 17:15:07.032,1.61375,1.614,11.20,0.80
2008.01.10 17:15:07.301,1.61385,1.61405,8.80,8.00
2008.01.10 17:15:07.710,1.61385,1.61405,8.80,6.40
2008.01.10 17:15:08.182,1.61385,1.61405,8.80,6.40
2008.01.10 17:15:08.677,1.61385,1.61405,8.80,2.40
2008.01.10 17:15:09.222,1.61385,1.61405,8.80,2.40
2008.01.10 17:15:10.068,1.61385,1.61405,8.80,2.40
2008.01.10 17:15:11.574,1.61385,1.61405,8.80,3.20
2008.01.10 17:15:11.837,1.61385,1.61405,8.80,3.20
2008.01.10 17:15:12.100,1.61385,1.61405,8.80,7.20
2008.01.10 17:15:12.524,1.61385,1.61405,5.60,11.20
2008.01.10 17:15:13.956,1.6138,1.61405,6.40,11.20
2008.01.10 17:15:14.244,1.6138,1.61405,6.40,11.20
2008.01.10 17:15:14.580,1.61385,1.614,1.80,0.80
2008.01.10 17:15:14.937,1.61375,1.614,1.20,2.40
2008.01.10 17:15:15.182,1.6137,1.614,12.00,2.40
2008.01.10 17:15:15.979,1.6137,1.614,12.00,2.40
2008.01.10 17:15:17.532,1.61375,1.614,1.00,2.40
2008.01.10 17:15:17.954,1.6137,1.614,12.00,2.40
2008.01.10 17:15:19.272,1.6137,1.614,12.00,2.40
2008.01.10 17:15:20.038,1.6137,1.614,12.00,2.40
2008.01.10 17:15:20.210,1.61375,1.614,5.50,2.40
2008.01.10 17:15:20.429,1.61375,1.614,2.00,2.40
2008.01.10 17:15:20.918,1.61375,1.61395,5.50,0.80
2008.01.10 17:15:22.726,1.6137,1.61395,12.00,0.80
2008.01.10 17:15:23.641,1.6137,1.61395,12.00,0.80
2008.01.10 17:15:24.499,1.6137,1.61395,12.00,0.80
2008.01.10 17:15:27.147,1.6137,1.614,12.00,2.40
2008.01.10 17:15:27.551,1.6137,1.614,12.00,2.40
2008.01.10 17:15:27.974,1.61375,1.614,2.60,2.40
2008.01.10 17:15:28.183,1.61375,1.614,3.80,1.60
2008.01.10 17:15:28.433,1.6137,1.61405,14.40,17.60
2008.01.10 17:15:29.143,1.61375,1.61405,5.00,17.60
2008.01.10 17:15:29.432,1.61385,1.61405,1.70,11.20
2008.01.10 17:15:29.894,1.61375,1.61405,19.00,6.40
2008.01.10 17:15:30.143,1.6138,1.61405,9.60,1.60
2008.01.10 17:15:30.598,1.6138,1.61405,9.60,1.60
2008.01.10 17:15:31.120,1.61385,1.61405,4.20,1.60
2008.01.10 17:15:32.554,1.6138,1.61405,9.60,1.60
2008.01.10 17:15:34.011,1.61385,1.61405,0.80,1.60
2008.01.10 17:15:34.686,1.6138,1.61405,9.60,1.60
2008.01.10 17:15:35.536,1.61385,1.61405,2.50,1.60
2008.01.10 17:15:36.295,1.61385,1.61405,2.80,1.60
2008.01.10 17:15:37.758,1.6138,1.61405,9.60,1.60
2008.01.10 17:15:38.367,1.61385,1.61405,0.50,1.60
2008.01.10 17:15:39.004,1.61385,1.61405,0.50,1.60
2008.01.10 17:15:39.424,1.61385,1.61405,3.10,1.60
2008.01.10 17:15:39.897,1.61385,1.61405,5.00,1.60
2008.01.10 17:15:39.943,1.61385,1.61405,0.70,0.80
2008.01.10 17:15:40.662,1.6138,1.6141,10.40,4.00
2008.01.10 17:15:41.159,1.6138,1.6141,11.20,3.20
2008.01.10 17:15:41.444,1.61395,1.61405,0.70,0.80
2008.01.10 17:15:41.589,1.61385,1.61415,11.20,14.40
2008.01.10 17:15:41.802,1.6138,1.61415,12.00,16.80
2008.01.10 17:15:42.585,1.6138,1.61415,12.00,16.80
2008.01.10 17:15:44.102,1.61385,1.6141,11.20,0.90
2008.01.10 17:15:45.110,1.61385,1.6141,11.20,0.80
2008.01.10 17:15:45.363,1.61385,1.6141,10.40,0.70
2008.01.10 17:15:45.729,1.61385,1.61415,10.40,16.80
2008.01.10 17:15:46.151,1.61385,1.6141,10.40,0.90
2008.01.10 17:15:46.570,1.61385,1.6141,10.40,3.20
2008.01.10 17:15:46.970,1.61385,1.6141,8.80,4.00
2008.01.10 17:15:47.213,1.61385,1.6141,3.20,5.60
2008.01.10 17:15:47.457,1.61385,1.6141,3.20,9.60
2008.01.10 17:15:47.922,1.61385,1.6141,3.20,9.60
2008.01.10 17:15:49.388,1.61385,1.6141,3.20,9.60
2008.01.10 17:15:49.865,1.61385,1.6141,3.20,10.40
2008.01.10 17:15:50.201,1.61385,1.61405,3.20,0.60
2008.01.10 17:15:50.331,1.61385,1.61405,8.80,0.80
2008.01.10 17:15:51.051,1.61385,1.6141,8.80,4.80
2008.01.10 17:15:51.777,1.61385,1.61405,8.80,0.50
2008.01.10 17:15:52.216,1.61385,1.61415,10.40,24.00
2008.01.10 17:15:52.414,1.61385,1.61415,11.20,0.50
2008.01.10 17:15:52.639,1.61385,1.61415,11.20,0.70
2008.01.10 17:15:53.422,1.61385,1.61415,11.20,0.50
2008.01.10 17:15:53.709,1.61385,1.6142,11.20,20.00
2008.01.10 17:15:53.996,1.61385,1.61415,11.20,0.60
2008.01.10 17:15:54.655,1.61385,1.61415,11.20,0.70
2008.01.10 17:15:54.904,1.61385,1.6142,11.20,17.60
2008.01.10 17:15:55.247,1.61395,1.6142,5.60,18.40
2008.01.10 17:15:55.475,1.61395,1.61415,5.60,0.90
2008.01.10 17:15:55.849,1.61385,1.6141,3.20,2.40
2008.01.10 17:15:56.110,1.61385,1.61415,4.00,16.80
2008.01.10 17:15:56.435,1.61385,1.61405,4.00,0.80
2008.01.10 17:15:57.757,1.61385,1.61415,4.00,16.80
2008.01.10 17:15:58.934,1.61395,1.6142,5.60,18.40
2008.01.10 17:15:59.841,1.61395,1.61415,5.60,0.60
2008.01.10 17:16:01.006,1.61395,1.61415,5.60,0.60
2008.01.10 17:16:02.607,1.61395,1.61415,5.60,0.90
2008.01.10 17:16:05.184,1.61395,1.61415,5.60,0.80
2008.01.10 17:16:05.335,1.61395,1.6142,7.20,15.20
2008.01.10 17:16:05.659,1.61395,1.61415,7.20,0.50
2008.01.10 17:16:06.121,1.61395,1.6142,5.60,20.00
2008.01.10 17:16:06.704,1.61395,1.6142,5.60,20.00
2008.01.10 17:16:06.957,1.61395,1.6142,7.20,10.40
2008.01.10 17:16:07.807,1.61395,1.6142,7.20,10.40
2008.01.10 17:16:08.207,1.61395,1.6142,7.20,10.40
2008.01.10 17:16:08.823,1.61395,1.61405,5.60,0.80
2008.01.10 17:16:09.100,1.61395,1.61405,5.60,1.60
2008.01.10 17:16:09.382,1.61385,1.614,1.60,1.60
2008.01.10 17:16:09.849,1.61385,1.614,1.60,1.60
2008.01.10 17:16:10.017,1.61375,1.614,12.00,1.60
2008.01.10 17:16:10.237,1.61375,1.61405,12.00,15.20
2008.01.10 17:16:10.404,1.61375,1.61405,12.00,15.20
2008.01.10 17:16:10.745,1.6138,1.61405,0.80,9.60
2008.01.10 17:16:11.197,1.61385,1.61405,0.80,9.60
2008.01.10 17:16:11.530,1.61395,1.61415,5.60,16.00
2008.01.10 17:16:11.808,1.61395,1.61415,6.40,11.20
2008.01.10 17:16:11.998,1.61395,1.61415,8.00,9.60
2008.01.10 17:16:12.216,1.61395,1.61415,8.80,5.60
2008.01.10 17:16:12.689,1.61395,1.61415,8.80,5.60
2008.01.10 17:16:12.927,1.61395,1.61425,8.80,15.20
2008.01.10 17:16:13.165,1.61405,1.61425,0.80,14.40
2008.01.10 17:16:13.568,1.61405,1.61425,0.80,8.80
2008.01.10 17:16:13.804,1.61415,1.61425,5.60,0.10
2008.01.10 17:16:14.569,1.61415,1.61435,5.60,12.00
2008.01.10 17:16:14.988,1.61415,1.61435,8.00,15.20
2008.01.10 17:16:15.188,1.61415,1.61435,8.00,13.60
2008.01.10 17:16:15.466,1.61425,1.61435,0.30,1.60
2008.01.10 17:16:15.861,1.61435,1.61445,5.60,8.80
2008.01.10 17:16:16.252,1.61435,1.61445,6.40,4.00
2008.01.10 17:16:16.540,1.61435,1.61455,8.00,7.20
2008.01.10 17:16:16.830,1.6146,1.61465,0.80,4.00
2008.01.10 17:16:17.246,1.61465,1.61475,1.60,5.60
2008.01.10 17:16:17.631,1.61475,1.61485,0.80,5.60
2008.01.10 17:16:17.830,1.61475,1.6149,8.00,1.60
2008.01.10 17:16:18.047,1.61475,1.6149,8.00,1.60
2008.01.10 17:16:18.437,1.61475,1.615,8.80,2.40
2008.01.10 17:16:18.962,1.61475,1.615,8.80,2.40
2008.01.10 17:16:19.489,1.61485,1.615,0.80,2.40
2008.01.10 17:16:19.566,1.61485,1.615,0.80,2.40
2008.01.10 17:16:19.885,1.61495,1.61515,8.00,5.60
2008.01.10 17:16:21.603,1.61515,1.61535,5.60,14.30
2008.01.10 17:16:21.856,1.61505,1.61525,5.60,1.60
2008.01.10 17:16:22.156,1.61505,1.61525,6.40,1.60
2008.01.10 17:16:22.467,1.61505,1.61525,6.40,1.60
2008.01.10 17:16:22.575,1.61515,1.61535,5.60,14.30
2008.01.10 17:16:22.909,1.61515,1.61535,7.20,8.00
2008.01.10 17:16:23.321,1.61515,1.61535,7.20,6.40
2008.01.10 17:16:23.844,1.61515,1.61535,7.20,2.40
2008.01.10 17:16:24.268,1.61515,1.61535,7.20,2.40
2008.01.10 17:16:24.486,1.61515,1.61525,8.00,0.80
2008.01.10 17:16:24.710,1.61515,1.61525,8.00,0.10
2008.01.10 17:16:25.109,1.61515,1.61535,8.00,2.40
2008.01.10 17:16:25.640,1.61515,1.61535,8.00,2.40
2008.01.10 17:16:25.946,1.61515,1.61535,8.00,7.90
2008.01.10 17:16:26.408,1.615,1.61525,0.80,2.40
2008.01.10 17:16:26.878,1.61495,1.61515,8.00,2.40
2008.01.10 17:16:27.275,1.61515,1.6152,0.80,1.60
2008.01.10 17:16:27.670,1.61515,1.61525,0.80,4.80
2008.01.10 17:16:27.876,1.61515,1.61525,0.80,6.40
2008.01.10 17:16:28.179,1.61505,1.61525,0.80,6.40
2008.01.10 17:16:28.589,1.61505,1.61525,2.40,2.40
2008.01.10 17:16:29.085,1.61515,1.61525,5.60,2.40
2008.01.10 17:16:29.469,1.615,1.61525,0.80,4.00
2008.01.10 17:16:29.881,1.615,1.61525,0.80,4.00
2008.01.10 17:16:30.273,1.615,1.61525,0.80,4.00
2008.01.10 17:16:30.744,1.615,1.61525,0.80,4.00
2008.01.10 17:16:31.008,1.61495,1.61525,11.20,7.10
2008.01.10 17:16:31.226,1.61495,1.61525,11.20,14.30
2008.01.10 17:16:31.642,1.61495,1.61525,11.20,14.30
2008.01.10 17:16:32.059,1.61495,1.61525,11.20,14.30
2008.01.10 17:16:32.313,1.61495,1.6152,8.00,1.60
2008.01.10 17:16:32.659,1.61495,1.6152,8.00,1.60
2008.01.10 17:16:33.424,1.61495,1.61525,8.00,13.60
2008.01.10 17:16:33.871,1.61495,1.61525,8.00,12.00
2008.01.10 17:16:34.303,1.61515,1.61525,7.20,7.20
2008.01.10 17:16:34.507,1.61515,1.61525,7.20,7.20
2008.01.10 17:16:34.726,1.61515,1.61525,7.20,7.20
2008.01.10 17:16:35.127,1.61505,1.61525,1.60,7.20
2008.01.10 17:16:35.512,1.61505,1.61515,1.60,2.40
2008.01.10 17:16:35.979,1.61505,1.61515,1.60,5.60
2008.01.10 17:16:36.246,1.61495,1.61515,6.40,11.20
2008.01.10 17:16:36.599,1.61495,1.6151,5.60,0.80
2008.01.10 17:16:36.876,1.61485,1.61505,2.40,4.80
2008.01.10 17:16:37.266,1.61485,1.61505,2.40,5.60
2008.01.10 17:16:37.461,1.61485,1.61505,1.60,9.60
2008.01.10 17:16:37.681,1.61485,1.61505,1.60,9.00
2008.01.10 17:16:38.210,1.61475,1.61495,10.40,4.80
2008.01.10 17:16:38.732,1.61475,1.61495,7.20,8.80
2008.01.10 17:16:39.117,1.61475,1.61495,8.80,3.20
2008.01.10 17:16:39.288,1.61475,1.615,8.80,5.60
2008.01.10 17:16:39.312,1.61495,1.61505,5.60,12.00
2008.01.10 17:16:39.530,1.61495,1.6151,5.60,2.40
2008.01.10 17:16:39.912,1.61495,1.61505,5.60,0.50
2008.01.10 17:16:40.382,1.61495,1.6151,5.60,4.00
2008.01.10 17:16:40.660,1.61485,1.61505,1.60,15.00
2008.01.10 17:16:40.892,1.61485,1.6151,0.80,14.40
2008.01.10 17:16:41.305,1.61495,1.6151,7.20,9.60
2008.01.10 17:16:41.727,1.61495,1.61515,7.20,0.80
2008.01.10 17:16:41.908,1.61495,1.61515,0.80,10.40
2008.01.10 17:16:42.131,1.61495,1.61525,1.60,15.80
2008.01.10 17:16:42.510,1.61505,1.61515,0.80,6.40
2008.01.10 17:16:42.888,1.61505,1.61515,0.80,0.80
2008.01.10 17:16:43.071,1.61505,1.61525,0.80,0.80
2008.01.10 17:16:43.454,1.61505,1.61515,0.80,0.90
2008.01.10 17:16:43.916,1.615,1.61515,0.80,0.70
2008.01.10 17:16:44.297,1.61505,1.6153,0.80,13.60
2008.01.10 17:16:44.491,1.615,1.6153,0.80,12.80
2008.01.10 17:16:44.710,1.615,1.61525,0.80,0.90
2008.01.10 17:16:45.091,1.615,1.6153,0.80,14.40
2008.01.10 17:16:45.542,1.61495,1.6153,8.00,14.40
2008.01.10 17:16:45.992,1.615,1.6153,0.80,14.40
2008.01.10 17:16:46.255,1.6151,1.6153,0.80,0.60
2008.01.10 17:16:46.519,1.61515,1.61535,7.20,15.20
2008.01.10 17:16:46.914,1.61515,1.61535,1.60,0.80
2008.01.10 17:16:47.352,1.61515,1.61535,0.80,12.30
2008.01.10 17:16:47.739,1.615,1.6153,0.80,0.60
2008.01.10 17:16:48.144,1.615,1.61525,0.80,0.60
2008.01.10 17:16:48.346,1.61495,1.61525,24.80,0.70
2008.01.10 17:16:48.688,1.61495,1.61535,24.80,11.00
2008.01.10 17:16:49.079,1.61495,1.61525,20.00,11.20
2008.01.10 17:16:49.590,1.615,1.61525,0.80,0.50
2008.01.10 17:16:50.065,1.615,1.6153,0.80,12.80
2008.01.10 17:16:50.396,1.61495,1.61525,20.80,0.60
2008.01.10 17:16:50.783,1.6152,1.61525,0.80,0.80
2008.01.10 17:16:51.226,1.6152,1.61545,0.80,0.80
2008.01.10 17:16:51.473,1.61525,1.61545,6.40,0.70
2008.01.10 17:16:51.710,1.61525,1.6155,6.40,6.60
2008.01.10 17:16:52.163,1.61525,1.61545,6.40,0.80
2008.01.10 17:16:52.562,1.61525,1.6155,6.40,4.20
2008.01.10 17:16:52.970,1.61525,1.6155,9.60,4.00
2008.01.10 17:16:53.372,1.61525,1.61545,0.80,0.80
2008.01.10 17:16:53.590,1.61515,1.61545,11.20,0.60
2008.01.10 17:16:53.975,1.61515,1.6155,11.20,9.60
2008.01.10 17:16:54.297,1.61525,1.61545,0.80,0.60
2008.01.10 17:16:54.783,1.61525,1.61545,4.00,0.70
2008.01.10 17:16:55.162,1.61525,1.6155,4.00,6.40
2008.01.10 17:16:55.345,1.61525,1.6155,9.60,4.80
2008.01.10 17:16:55.737,1.61525,1.61545,9.60,0.80
2008.01.10 17:16:56.143,1.61525,1.61545,9.60,0.60
2008.01.10 17:16:56.467,1.61535,1.61565,14.40,0.50
2008.01.10 17:16:56.963,1.61535,1.6157,14.40,9.60
2008.01.10 17:16:57.161,1.61545,1.6157,0.80,8.80
2008.01.10 17:16:57.398,1.61545,1.61565,9.60,0.80
2008.01.10 17:16:57.778,1.61555,1.61565,6.40,0.60
2008.01.10 17:16:58.164,1.61555,1.6157,8.00,2.40
2008.01.10 17:16:58.693,1.61555,1.6158,7.20,5.60
2008.01.10 17:16:59.026,1.61555,1.61585,8.00,15.20
2008.01.10 17:16:59.254,1.61555,1.61585,8.00,15.20
2008.01.10 17:16:59.643,1.61555,1.61575,7.20,0.50
2008.01.10 17:16:59.999,1.61555,1.6158,7.20,3.70
2008.01.10 17:17:00.369,1.61555,1.61585,7.20,16.80
2008.01.10 17:17:00.637,1.61555,1.61585,7.20,16.00
2008.01.10 17:17:00.906,1.61555,1.61585,8.00,15.20
2008.01.10 17:17:01.312,1.61555,1.61585,8.00,15.20
2008.01.10 17:17:01.712,1.61555,1.6158,8.80,5.60
2008.01.10 17:17:01.732,1.6156,1.61575,0.80,0.50
2008.01.10 17:17:02.127,1.6156,1.6158,0.80,8.80
2008.01.10 17:17:02.526,1.61565,1.6159,0.80,10.40
2008.01.10 17:17:02.997,1.61565,1.61585,8.80,0.80
2008.01.10 17:17:03.094,1.61575,1.616,0.80,9.60
2008.01.10 17:17:03.502,1.61585,1.61605,0.80,12.00
2008.01.10 17:17:03.897,1.61585,1.61615,7.20,30.00
2008.01.10 17:17:04.292,1.61585,1.6162,8.80,16.00
2008.01.10 17:17:04.688,1.6159,1.61615,0.80,0.70
2008.01.10 17:17:04.952,1.61595,1.6161,1.60,5.60
2008.01.10 17:17:05.216,1.61595,1.61605,1.60,0.50
2008.01.10 17:17:05.616,1.61575,1.61605,10.40,15.00
2008.01.10 17:17:06.016,1.61575,1.61605,12.80,0.80
2008.01.10 17:17:06.036,1.61575,1.6161,12.00,10.40
2008.01.10 17:17:06.436,1.61585,1.6161,8.00,7.20
2008.01.10 17:17:06.837,1.61585,1.61605,7.20,0.80
2008.01.10 17:17:07.109,1.61595,1.61605,0.80,0.50
2008.01.10 17:17:07.383,1.6162,1.61635,0.80,25.60
2008.01.10 17:17:07.787,1.6162,1.61635,0.80,4.00
2008.01.10 17:17:08.173,1.6162,1.61635,0.80,4.00
2008.01.10 17:17:08.551,1.61625,1.61645,0.80,10.40
2008.01.10 17:17:08.932,1.61625,1.61645,6.40,5.60
2008.01.10 17:17:09.118,1.61635,1.61645,6.40,5.60
2008.01.10 17:17:09.449,1.61635,1.61655,12.00,0.50
2008.01.10 17:17:10.016,1.61645,1.61655,0.80,0.50
2008.01.10 17:17:10.360,1.61645,1.6166,0.80,2.40
2008.01.10 17:17:10.774,1.61645,1.6166,0.80,1.60
2008.01.10 17:17:11.192,1.61655,1.61665,2.40,1.60
2008.01.10 17:17:11.619,1.61655,1.61675,12.00,1.60
2008.01.10 17:17:11.862,1.6167,1.6168,0.80,1.60
2008.01.10 17:17:12.105,1.61675,1.6169,5.60,0.80
2008.01.10 17:17:12.471,1.61675,1.61685,0.80,1.60
2008.01.10 17:17:12.858,1.61675,1.61685,5.60,4.00
2008.01.10 17:17:13.238,1.61675,1.61695,5.60,9.60
2008.01.10 17:17:13.722,1.61695,1.61705,1.60,12.80
2008.01.10 17:17:14.197,1.61695,1.61705,7.60,1.60
2008.01.10 17:17:14.486,1.61695,1.61705,5.20,1.60
2008.01.10 17:17:14.746,1.61695,1.61715,5.20,9.40
2008.01.10 17:17:15.152,1.6169,1.61715,0.80,8.60
2008.01.10 17:17:15.601,1.61695,1.61715,6.80,7.00
2008.01.10 17:17:15.800,1.617,1.61715,0.80,4.40
2008.01.10 17:17:16.014,1.617,1.61715,0.80,4.40
2008.01.10 17:17:16.404,1.617,1.61715,0.80,4.00
2008.01.10 17:17:16.850,1.61695,1.61715,6.80,4.80
2008.01.10 17:17:16.922,1.61695,1.61715,0.80,11.80
2008.01.10 17:17:17.331,1.61695,1.61715,0.80,10.20
2008.01.10 17:17:17.774,1.61705,1.61715,5.20,1.60
2008.01.10 17:17:18.196,1.61705,1.61725,0.80,1.60
2008.01.10 17:17:18.429,1.61705,1.61725,0.80,1.60
2008.01.10 17:17:18.796,1.61705,1.61725,0.80,1.60
2008.01.10 17:17:19.507,1.61705,1.61725,1.60,1.60
2008.01.10 17:17:19.744,1.61705,1.61725,0.80,1.60
2008.01.10 17:17:20.407,1.61705,1.61725,0.80,1.60
2008.01.10 17:17:20.666,1.61705,1.61725,6.40,3.20
2008.01.10 17:17:21.099,1.61705,1.61725,6.40,4.80
2008.01.10 17:17:21.336,1.61705,1.61715,2.40,4.00
2008.01.10 17:17:21.743,1.61705,1.61715,2.40,4.00
2008.01.10 17:17:22.141,1.617,1.61715,0.80,5.60
2008.01.10 17:17:22.404,1.61695,1.6171,1.60,0.80
2008.01.10 17:17:22.678,1.61695,1.6171,1.60,0.80
2008.01.10 17:17:23.134,1.61685,1.61705,4.00,9.20
2008.01.10 17:17:23.373,1.61685,1.61705,2.40,7.20
2008.01.10 17:17:23.661,1.61695,1.61705,1.60,7.20
2008.01.10 17:17:24.016,1.61695,1.61715,1.60,6.00
2008.01.10 17:17:24.445,1.61695,1.61705,8.00,4.00
2008.01.10 17:17:24.911,1.61695,1.61705,7.20,4.00
2008.01.10 17:17:25.019,1.61695,1.61705,5.60,4.00
2008.01.10 17:17:25.401,1.61695,1.61705,6.40,4.00
2008.01.10 17:17:25.784,1.61685,1.61705,13.60,4.00
2008.01.10 17:17:25.972,1.61685,1.61705,12.00,4.00
2008.01.10 17:17:26.197,1.61685,1.61705,12.00,4.00
2008.01.10 17:17:26.578,1.61685,1.61715,12.80,13.80
2008.01.10 17:17:27.106,1.61685,1.61715,12.80,13.80
2008.01.10 17:17:27.498,1.61695,1.61705,0.80,3.20
2008.01.10 17:17:27.957,1.617,1.61705,0.80,1.60
2008.01.10 17:17:28.190,1.61695,1.61705,3.20,1.60
2008.01.10 17:17:28.409,1.617,1.61725,2.40,10.80
2008.01.10 17:17:28.668,1.61705,1.61725,1.30,7.60
2008.01.10 17:17:30.849,1.61705,1.61725,12.80,2.00
2008.01.10 17:17:31.082,1.61715,1.61725,0.60,0.50
2008.01.10 17:17:31.098,1.61715,1.61745,4.90,9.20
2008.01.10 17:17:33.105,1.6171,1.61745,10.40,9.20
2008.01.10 17:17:33.338,1.61735,1.61765,9.60,14.00
2008.01.10 17:17:33.682,1.6174,1.61765,0.80,9.20
2008.01.10 17:17:33.829,1.6173,1.6176,3.20,2.40
2008.01.10 17:17:34.068,1.61735,1.6176,1.60,2.40
2008.01.10 17:17:34.694,1.61735,1.6176,0.80,2.40
2008.01.10 17:17:35.027,1.61735,1.6176,1.30,2.40
2008.01.10 17:17:35.471,1.61735,1.6176,1.50,2.40
2008.01.10 17:17:35.990,1.61735,1.6176,2.90,0.80
2008.01.10 17:17:36.311,1.61725,1.6175,25.60,0.80
2008.01.10 17:17:36.722,1.61725,1.6175,4.60,0.80
2008.01.10 17:17:36.954,1.61735,1.61755,0.60,6.00
2008.01.10 17:17:37.211,1.61735,1.61755,1.10,6.00
2008.01.10 17:17:37.607,1.6173,1.61755,2.40,2.40
2008.01.10 17:17:38.061,1.61735,1.61755,0.60,3.60
2008.01.10 17:17:38.141,1.6173,1.61755,3.20,3.60
2008.01.10 17:17:38.533,1.61735,1.61755,2.10,3.60
2008.01.10 17:17:38.762,1.61735,1.61755,2.20,4.40
2008.01.10 17:17:39.056,1.61725,1.61755,14.40,4.40
2008.01.10 17:17:39.397,1.6172,1.6175,11.20,0.80
2008.01.10 17:17:39.816,1.61725,1.6175,3.40,0.80
2008.01.10 17:17:40.119,1.61725,1.6175,2.20,0.80
2008.01.10 17:17:40.423,1.61715,1.61745,17.60,6.40
2008.01.10 17:17:40.896,1.61725,1.61745,0.80,6.40
2008.01.10 17:17:41.241,1.61735,1.61745,0.80,8.00
2008.01.10 17:17:41.641,1.61735,1.61745,0.80,4.00
2008.01.10 17:17:41.854,1.61725,1.61745,9.60,4.00
2008.01.10 17:17:42.228,1.61735,1.61755,8.80,6.40
2008.01.10 17:17:42.504,1.61735,1.61755,15.30,4.80
2008.01.10 17:17:42.920,1.61755,1.61765,0.50,9.60
2008.01.10 17:17:43.177,1.61755,1.61775,1.50,12.80
2008.01.10 17:17:43.436,1.6175,1.61775,8.80,7.20
2008.01.10 17:17:43.844,1.6175,1.61775,8.80,5.60
2008.01.10 17:17:44.288,1.61755,1.61775,2.70,4.00
2008.01.10 17:17:44.720,1.61745,1.61775,2.50,1.60
2008.01.10 17:17:45.160,1.61755,1.61785,4.40,11.20
2008.01.10 17:17:45.395,1.61765,1.61785,3.30,7.20
2008.01.10 17:17:45.628,1.61755,1.61785,13.60,3.20
2008.01.10 17:17:46.038,1.61755,1.61785,2.20,11.20
2008.01.10 17:17:46.439,1.61755,1.61785,11.20,9.60
2008.01.10 17:17:46.828,1.6176,1.61785,1.60,9.60
2008.01.10 17:17:47.233,1.61765,1.61785,0.90,2.40
2008.01.10 17:17:47.792,1.6176,1.61785,8.80,2.40
2008.01.10 17:17:48.634,1.61765,1.61785,1.10,2.40
2008.01.10 17:17:50.082,1.6176,1.61795,9.60,11.20
2008.01.10 17:17:50.447,1.61765,1.61795,8.80,11.20
2008.01.10 17:17:51.050,1.61775,1.61795,0.50,11.20
2008.01.10 17:17:51.452,1.61775,1.61795,2.50,11.20
2008.01.10 17:17:51.829,1.61765,1.61795,11.20,5.60
2008.01.10 17:17:52.287,1.61765,1.61795,11.20,5.60
2008.01.10 17:17:52.774,1.61765,1.61795,11.20,5.60
2008.01.10 17:17:53.641,1.61775,1.61795,1.90,5.60
2008.01.10 17:17:54.056,1.61775,1.61795,3.20,5.60
2008.01.10 17:17:54.471,1.61765,1.61795,11.20,5.60
2008.01.10 17:17:54.911,1.61765,1.6179,11.20,0.80
2008.01.10 17:17:55.412,1.61765,1.6179,11.20,0.80
2008.01.10 17:17:56.037,1.61775,1.6179,5.60,0.80
2008.01.10 17:17:56.557,1.61775,1.6179,5.60,0.80
2008.01.10 17:17:56.871,1.61775,1.6179,5.60,0.80
2008.01.10 17:17:57.294,1.61775,1.6179,5.60,0.80
2008.01.10 17:17:57.728,1.61775,1.6179,5.60,0.80
2008.01.10 17:17:57.952,1.61755,1.61775,14.40,0.80
2008.01.10 17:17:58.175,1.61755,1.6177,12.00,0.80
2008.01.10 17:17:58.583,1.61755,1.6177,1.60,0.80
2008.01.10 17:17:58.998,1.61755,1.6177,1.60,0.80
2008.01.10 17:17:59.320,1.61755,1.61775,1.60,4.80
2008.01.10 17:17:59.644,1.61755,1.6177,1.60,0.80
2008.01.10 17:18:00.058,1.61745,1.6177,7.20,0.80
2008.01.10 17:18:00.438,1.61755,1.61775,7.20,5.60
2008.01.10 17:18:00.831,1.61755,1.61775,7.20,0.80
2008.01.10 17:18:01.018,1.61755,1.61775,1.60,2.40
2008.01.10 17:18:01.290,1.61755,1.61775,1.60,0.80
2008.01.10 17:18:01.738,1.61755,1.61775,1.60,0.80
2008.01.10 17:18:02.231,1.61755,1.61775,1.60,0.80
2008.01.10 17:18:02.645,1.61755,1.61775,1.60,0.80
2008.01.10 17:18:02.859,1.61755,1.61775,1.60,4.00
2008.01.10 17:18:03.080,1.61755,1.61765,4.80,2.40
2008.01.10 17:18:03.528,1.61755,1.61775,4.80,0.80
2008.01.10 17:18:03.996,1.61755,1.6177,7.20,0.80
2008.01.10 17:18:04.453,1.61755,1.6178,10.40,0.80
2008.01.10 17:18:05.049,1.61755,1.6178,10.40,0.80
2008.01.10 17:18:05.316,1.61755,1.6178,12.80,0.80
2008.01.10 17:18:05.714,1.61755,1.61785,13.60,11.20
2008.01.10 17:18:05.922,1.61755,1.61775,1.60,0.80
2008.01.10 17:18:06.159,1.61755,1.61775,1.60,4.80
2008.01.10 17:18:06.565,1.61755,1.61775,5.60,4.00
2008.01.10 17:18:07.018,1.61755,1.61775,5.60,0.80
2008.01.10 17:18:07.281,1.61755,1.6178,4.80,0.80
2008.01.10 17:18:07.546,1.61755,1.6178,4.80,3.20
2008.01.10 17:18:07.883,1.61755,1.6178,8.00,3.20
2008.01.10 17:18:08.288,1.61755,1.6177,8.00,0.80
2008.01.10 17:18:08.672,1.61745,1.61765,8.80,0.80
2008.01.10 17:18:09.156,1.61735,1.61755,9.60,0.70
2008.01.10 17:18:09.450,1.61735,1.61745,3.20,1.50
2008.01.10 17:18:09.745,1.61735,1.61745,3.20,1.50
2008.01.10 17:18:10.148,1.61725,1.61745,5.60,8.70
2008.01.10 17:18:10.697,1.61725,1.61745,5.60,8.70
2008.01.10 17:18:11.918,1.61725,1.61745,5.60,8.70
2008.01.10 17:18:12.318,1.61715,1.6174,11.10,0.80
2008.01.10 17:18:12.725,1.61715,1.6174,7.90,0.80
2008.01.10 17:18:13.151,1.61715,1.6174,7.90,0.80
2008.01.10 17:18:13.539,1.61715,1.61735,2.40,1.50
2008.01.10 17:18:13.930,1.61705,1.6173,4.70,0.80
2008.01.10 17:18:14.430,1.617,1.61725,0.80,2.40
2008.01.10 17:18:14.945,1.617,1.61725,0.80,2.40
2008.01.10 17:18:15.366,1.617,1.61725,0.80,2.40
2008.01.10 17:18:15.783,1.617,1.61725,0.80,8.70
2008.01.10 17:18:16.003,1.61695,1.6172,7.90,0.80
2008.01.10 17:18:16.405,1.61695,1.6172,7.90,0.80
2008.01.10 17:18:16.652,1.61695,1.6172,7.10,0.80
2008.01.10 17:18:17.058,1.61695,1.61715,1.60,0.70
2008.01.10 17:18:17.518,1.61695,1.61715,1.60,11.90
2008.01.10 17:18:17.981,1.61695,1.61715,1.60,15.90
2008.01.10 17:18:18.099,1.61695,1.6171,1.60,0.80
2008.01.10 17:18:18.412,1.61685,1.6171,5.90,0.80
2008.01.10 17:18:18.809,1.61685,1.61705,4.70,0.70
2008.01.10 17:18:19.197,1.61695,1.61715,1.60,13.60
2008.01.10 17:18:19.717,1.61695,1.61725,7.20,23.10
2008.01.10 17:18:20.241,1.61705,1.61725,0.80,12.00
2008.01.10 17:18:20.619,1.61705,1.61725,0.80,12.00
2008.01.10 17:18:20.984,1.61705,1.61725,0.80,12.00
2008.01.10 17:18:20.993,1.61705,1.61725,0.80,12.00
2008.01.10 17:18:21.153,1.61695,1.61725,2.90,15.90
2008.01.10 17:18:21.438,1.61695,1.61705,1.20,4.00
2008.01.10 17:18:21.853,1.61695,1.61705,0.50,4.00
2008.01.10 17:18:22.320,1.61695,1.617,1.10,2.40
2008.01.10 17:18:22.694,1.6168,1.617,3.20,1.60
2008.01.10 17:18:23.066,1.61685,1.61705,8.00,4.00
2008.01.10 17:18:23.245,1.61695,1.61705,0.90,4.00
2008.01.10 17:18:23.485,1.6169,1.61715,2.40,12.70
2008.01.10 17:18:23.944,1.6169,1.61715,11.20,4.80
2008.01.10 17:18:24.416,1.61715,1.6172,1.00,0.80
2008.01.10 17:18:24.880,1.61735,1.6174,2.20,0.80
2008.01.10 17:18:25.310,1.61735,1.6174,2.60,0.80
2008.01.10 17:18:25.549,1.61725,1.61745,10.40,4.80
2008.01.10 17:18:25.789,1.61715,1.61745,27.10,7.20
2008.01.10 17:18:26.166,1.61715,1.6174,16.70,0.80
2008.01.10 17:18:26.545,1.61715,1.61745,16.70,10.40
2008.01.10 17:18:26.934,1.61715,1.61735,16.70,0.80
2008.01.10 17:18:27.221,1.61705,1.61735,15.70,4.80
2008.01.10 17:18:27.509,1.61705,1.61725,13.50,1.60
2008.01.10 17:18:27.922,1.61735,1.61745,0.90,0.80
2008.01.10 17:18:28.296,1.61725,1.6175,1.40,0.80
2008.01.10 17:18:28.675,1.6172,1.6175,7.90,0.80
2008.01.10 17:18:28.862,1.6172,1.61755,6.40,12.00
2008.01.10 17:18:29.076,1.61735,1.61755,1.30,4.00
2008.01.10 17:18:29.625,1.61735,1.61755,2.20,3.20
2008.01.10 17:18:30.051,1.6173,1.6176,8.00,2.40
2008.01.10 17:18:30.532,1.6173,1.6176,8.00,0.80
2008.01.10 17:18:30.791,1.61735,1.6176,4.00,0.80
2008.01.10 17:18:31.047,1.61735,1.6176,3.10,0.80
2008.01.10 17:18:31.465,1.61725,1.61745,9.60,0.80
2008.01.10 17:18:31.867,1.61735,1.6174,0.80,0.80
2008.01.10 17:18:32.288,1.6171,1.61735,12.00,0.80
2008.01.10 17:18:32.316,1.61715,1.61735,2.90,1.60
2008.01.10 17:18:32.701,1.61715,1.61735,1.60,6.40
2008.01.10 17:18:33.090,1.61715,1.6173,0.70,0.80
2008.01.10 17:18:33.468,1.617,1.61725,12.00,0.05
2008.01.10 17:18:33.937,1.617,1.61725,12.00,0.05
2008.01.10 17:18:34.411,1.617,1.61725,12.00,0.05
2008.01.10 17:18:34.879,1.61695,1.61725,23.10,0.80
2008.01.10 17:18:35.113,1.6169,1.61725,20.80,2.40
2008.01.10 17:18:35.347,1.6169,1.61725,20.00,2.40
2008.01.10 17:18:35.758,1.61695,1.61715,0.50,0.80
2008.01.10 17:18:36.172,1.61685,1.61715,30.30,0.80
2008.01.10 17:18:36.401,1.6169,1.61715,8.00,1.40
2008.01.10 17:18:36.672,1.6169,1.61715,8.00,0.60
2008.01.10 17:18:37.055,1.61695,1.61715,1.90,3.20
2008.01.10 17:18:37.534,1.61695,1.61715,1.50,3.20
2008.01.10 17:18:37.975,1.61695,1.61715,0.70,8.80
2008.01.10 17:18:38.366,1.61685,1.61715,10.40,13.60
2008.01.10 17:18:38.750,1.6169,1.61705,2.40,3.20
2008.01.10 17:18:38.769,1.61675,1.61695,10.40,3.20
2008.01.10 17:18:39.166,1.61675,1.61695,11.20,3.20
2008.01.10 17:18:39.633,1.61675,1.61695,11.20,4.00
2008.01.10 17:18:39.916,1.61675,1.61695,1.20,4.80
2008.01.10 17:18:40.199,1.61675,1.61695,3.60,10.40
2008.01.10 17:18:40.612,1.6166,1.61685,10.40,4.80
2008.01.10 17:18:41.076,1.61655,1.6168,6.50,0.80
2008.01.10 17:18:41.532,1.6165,1.61675,8.90,5.60
2008.01.10 17:18:41.922,1.6165,1.61675,7.30,8.80
2008.01.10 17:18:42.346,1.6165,1.61675,7.30,4.80
2008.01.10 17:18:42.830,1.61655,1.61675,3.60,4.80
2008.01.10 17:18:43.430,1.61655,1.61675,2.20,4.80
2008.01.10 17:18:43.786,1.61655,1.61675,4.00,4.00
2008.01.10 17:18:44.220,1.6165,1.61675,7.30,4.00
2008.01.10 17:18:44.656,1.6165,1.61675,7.30,4.00
2008.01.10 17:18:45.107,1.61655,1.61675,9.00,3.20
2008.01.10 17:18:45.528,1.6165,1.61675,9.70,3.20
2008.01.10 17:18:45.638,1.6165,1.61675,9.70,3.20
2008.01.10 17:18:45.974,1.61655,1.61675,0.70,8.00
2008.01.10 17:18:46.374,1.61655,1.61675,2.30,8.00
2008.01.10 17:18:46.991,1.6165,1.61675,7.30,8.00
2008.01.10 17:18:47.270,1.61655,1.6167,3.50,0.80
2008.01.10 17:18:47.731,1.61645,1.61665,2.30,3.20
2008.01.10 17:18:48.122,1.6164,1.61665,9.70,3.20
2008.01.10 17:18:50.042,1.6163,1.6166,12.90,0.80
2008.01.10 17:18:50.298,1.61635,1.61645,1.60,6.40
2008.01.10 17:18:50.600,1.61635,1.61645,1.60,8.80
2008.01.10 17:18:50.891,1.61635,1.61645,1.60,8.80
2008.01.10 17:18:50.987,1.61625,1.61645,7.30,3.20
2008.01.10 17:18:51.209,1.61625,1.61645,8.00,3.20
2008.01.10 17:18:51.735,1.61625,1.61645,8.00,3.20
2008.01.10 17:18:52.261,1.61635,1.61645,4.80,3.20
2008.01.10 17:18:52.429,1.61635,1.61645,5.60,3.20
2008.01.10 17:18:52.653,1.61635,1.61645,5.60,3.20
2008.01.10 17:18:53.020,1.61635,1.61645,2.40,5.60
2008.01.10 17:18:53.401,1.61635,1.61645,4.80,4.00
2008.01.10 17:18:54.022,1.61635,1.61645,3.20,0.80
2008.01.10 17:18:54.508,1.61635,1.61645,3.20,0.80
2008.01.10 17:18:54.868,1.61625,1.61645,6.60,4.80
2008.01.10 17:18:55.312,1.61625,1.61645,3.40,5.60
2008.01.10 17:18:55.739,1.61625,1.61645,3.40,15.20
2008.01.10 17:18:55.953,1.61625,1.61645,2.60,15.20
2008.01.10 17:18:56.167,1.61625,1.61645,2.60,10.40
2008.01.10 17:18:56.592,1.61625,1.61645,7.40,3.20
2008.01.10 17:18:56.996,1.61625,1.61645,2.60,10.40
2008.01.10 17:18:57.405,1.61625,1.61645,2.60,10.40
2008.01.10 17:18:57.826,1.61625,1.61645,2.60,10.40
2008.01.10 17:18:58.295,1.61635,1.61655,0.20,20.80
2008.01.10 17:18:58.775,1.61635,1.61655,0.20,20.80
2008.01.10 17:18:59.186,1.61625,1.61645,6.60,0.80
2008.01.10 17:18:59.393,1.61625,1.61645,1.60,13.60
2008.01.10 17:18:59.598,1.61625,1.61645,1.60,13.60
2008.01.10 17:18:59.989,1.6162,1.61645,0.80,14.40
2008.01.10 17:19:00.471,1.6162,1.61635,0.80,4.00
2008.01.10 17:19:00.764,1.61625,1.61635,0.20,4.00
2008.01.10 17:19:01.387,1.61625,1.61635,0.20,4.00
2008.01.10 17:19:01.805,1.61625,1.61635,0.20,4.00
2008.01.10 17:19:02.225,1.61625,1.61635,0.20,4.00
2008.01.10 17:19:02.502,1.6162,1.61635,0.80,0.80
2008.01.10 17:19:02.781,1.61615,1.61625,3.20,4.00
2008.01.10 17:19:03.188,1.61615,1.61625,1.60,4.00
2008.01.10 17:19:03.598,1.61615,1.6162,1.60,3.20
2008.01.10 17:19:03.993,1.61615,1.6162,4.00,1.60
2008.01.10 17:19:04.393,1.61605,1.61625,2.40,12.80
2008.01.10 17:19:04.466,1.61605,1.61625,1.60,13.60
2008.01.10 17:19:04.870,1.61605,1.61625,3.90,4.00
2008.01.10 17:19:05.335,1.61595,1.6162,2.40,1.60
2008.01.10 17:19:05.709,1.61595,1.61615,1.60,3.20
2008.01.10 17:19:06.110,1.61595,1.61615,1.60,6.20
2008.01.10 17:19:06.497,1.61595,1.61605,1.60,3.00
2008.01.10 17:19:06.966,1.61575,1.61595,4.00,3.00
2008.01.10 17:19:07.428,1.61575,1.61585,1.60,11.00
2008.01.10 17:19:07.703,1.61575,1.61585,1.60,16.60
2008.01.10 17:19:07.951,1.61555,1.61585,8.80,20.40
2008.01.10 17:19:08.365,1.61555,1.6158,4.80,3.20
2008.01.10 17:19:08.922,1.61555,1.6158,3.20,3.20
2008.01.10 17:19:09.256,1.61555,1.6158,4.00,2.40
2008.01.10 17:19:09.673,1.61555,1.61585,7.20,20.60
2008.01.10 17:19:09.683,1.6155,1.61585,8.00,20.60
2008.01.10 17:19:10.041,1.61565,1.61585,0.80,19.00
2008.01.10 17:19:10.421,1.6157,1.61585,0.80,14.40
2008.01.10 17:19:10.785,1.6157,1.61595,2.40,10.20
2008.01.10 17:19:11.087,1.61575,1.61595,0.90,2.30
2008.01.10 17:19:11.406,1.6157,1.61595,3.20,2.30
2008.01.10 17:19:11.823,1.6157,1.61595,3.20,2.30
2008.01.10 17:19:12.667,1.6157,1.61595,3.20,2.30
2008.01.10 17:19:13.015,1.6157,1.61595,3.20,2.30
2008.01.10 17:19:13.496,1.61565,1.61585,6.40,1.60
2008.01.10 17:19:13.882,1.61575,1.61585,0.80,6.40
2008.01.10 17:19:14.316,1.6156,1.61575,4.80,4.00
2008.01.10 17:19:14.732,1.61565,1.61585,1.00,10.40
2008.01.10 17:19:14.960,1.6156,1.61585,4.80,3.20
2008.01.10 17:19:15.191,1.6156,1.61585,4.80,3.20
2008.01.10 17:19:15.631,1.6156,1.61585,4.80,4.00
2008.01.10 17:19:16.084,1.61565,1.61585,4.80,4.00
2008.01.10 17:19:16.297,1.6157,1.61595,2.40,20.00
2008.01.10 17:19:16.632,1.61575,1.61595,0.80,20.00
2008.01.10 17:19:16.926,1.6157,1.61595,4.80,10.40
2008.01.10 17:19:17.329,1.6157,1.61595,3.20,5.60
2008.01.10 17:19:17.807,1.6157,1.61595,2.40,12.00
2008.01.10 17:19:18.287,1.61565,1.61595,6.40,20.00
2008.01.10 17:19:18.710,1.6157,1.61595,3.20,13.60
2008.01.10 17:19:19.100,1.61585,1.61595,0.50,5.60
2008.01.10 17:19:19.495,1.6159,1.616,2.40,0.80
2008.01.10 17:19:19.952,1.6159,1.61605,4.80,1.60
2008.01.10 17:19:20.417,1.6159,1.61615,1.60,13.60
2008.01.10 17:19:20.879,1.6159,1.61615,2.40,9.60
2008.01.10 17:19:21.308,1.61595,1.61615,1.60,11.20
2008.01.10 17:19:21.737,1.61595,1.61615,1.70,10.40
2008.01.10 17:19:21.975,1.6159,1.61615,2.40,12.00
2008.01.10 17:19:22.219,1.6159,1.61615,4.80,6.40
2008.01.10 17:19:22.632,1.61595,1.61615,0.50,7.20
2008.01.10 17:19:23.071,1.6158,1.61615,6.40,16.80
2008.01.10 17:19:23.538,1.6159,1.61615,4.70,9.60
2008.01.10 17:19:24.009,1.6159,1.61605,2.40,5.60
2008.01.10 17:19:24.039,1.6159,1.61605,2.40,12.00
2008.01.10 17:19:24.448,1.61575,1.61605,9.50,12.00
2008.01.10 17:19:24.862,1.61585,1.61605,0.80,9.60
2008.01.10 17:19:25.065,1.61575,1.61605,6.40,15.20
2008.01.10 17:19:25.328,1.61575,1.61605,6.40,20.00
2008.01.10 17:19:25.698,1.6158,1.61595,1.60,3.20
2008.01.10 17:19:26.086,1.6158,1.61605,4.80,16.80
2008.01.10 17:19:26.643,1.61575,1.61605,13.40,16.80
2008.01.10 17:19:27.061,1.61595,1.61605,2.00,10.40
2008.01.10 17:19:27.454,1.61585,1.61605,8.80,4.00
2008.01.10 17:19:27.658,1.6159,1.61605,4.80,1.60
2008.01.10 17:19:27.882,1.6159,1.6161,6.40,1.60
2008.01.10 17:19:28.274,1.6159,1.61615,6.40,3.20
2008.01.10 17:19:28.800,1.61595,1.61615,2.70,3.20
2008.01.10 17:19:29.314,1.61595,1.61615,0.60,7.20
2008.01.10 17:19:29.736,1.6159,1.61615,3.20,7.20
2008.01.10 17:19:30.147,1.6159,1.61615,3.20,7.20
2008.01.10 17:19:30.573,1.61585,1.61615,8.20,12.00
2008.01.10 17:19:30.817,1.61595,1.61615,1.60,16.80
2008.01.10 17:19:31.131,1.61595,1.61615,0.90,16.80
2008.01.10 17:19:31.473,1.61595,1.61615,2.30,6.40
2008.01.10 17:19:31.943,1.61595,1.61615,1.30,0.60
2008.01.10 17:19:32.438,1.61585,1.61605,2.00,9.40
2008.01.10 17:19:32.828,1.6158,1.61605,5.80,9.40
2008.01.10 17:19:33.031,1.6158,1.61605,2.40,8.80
2008.01.10 17:19:33.245,1.6158,1.61605,2.40,10.40
2008.01.10 17:19:33.716,1.61585,1.6161,1.00,0.80
2008.01.10 17:19:34.174,1.6158,1.6161,2.40,0.80
2008.01.10 17:19:34.642,1.61575,1.61605,2.80,18.40
2008.01.10 17:19:35.103,1.61575,1.61605,0.50,18.40
2008.01.10 17:19:35.546,1.6158,1.61605,0.80,8.80
2008.01.10 17:19:35.566,1.61575,1.61605,9.00,9.60
2008.01.10 17:19:35.963,1.61575,1.61605,9.00,12.80
2008.01.10 17:19:36.370,1.61575,1.61605,2.10,21.60
2008.01.10 17:19:36.827,1.6157,1.61605,7.20,22.40
2008.01.10 17:19:37.312,1.61575,1.61595,0.50,1.60
2008.01.10 17:19:37.770,1.6157,1.61595,3.20,1.60
2008.01.10 17:19:38.224,1.61575,1.616,0.60,3.20
2008.01.10 17:19:38.298,1.61575,1.61595,1.60,3.20
2008.01.10 17:19:39.141,1.61575,1.61595,0.60,3.20
2008.01.10 17:19:39.589,1.61575,1.61595,1.60,4.80
2008.01.10 17:19:40.023,1.61575,1.61595,1.60,5.60
2008.01.10 17:19:40.463,1.61575,1.61595,1.60,4.80
2008.01.10 17:19:40.708,1.61565,1.6159,7.20,0.80
2008.01.10 17:19:40.957,1.61565,1.61585,6.40,6.40
2008.01.10 17:19:41.363,1.61565,1.61585,1.60,2.40
2008.01.10 17:19:41.802,1.61565,1.61585,1.60,2.40
2008.01.10 17:19:42.025,1.61555,1.61575,8.80,0.70
2008.01.10 17:19:42.249,1.61555,1.61575,8.00,0.70
2008.01.10 17:19:42.663,1.61555,1.6158,6.40,3.20
2008.01.10 17:19:42.886,1.61565,1.61585,2.40,17.60
2008.01.10 17:19:43.190,1.61565,1.61585,3.20,16.80
2008.01.10 17:19:43.569,1.61565,1.61585,3.20,14.40
2008.01.10 17:19:44.024,1.61565,1.61585,3.20,10.40
2008.01.10 17:19:44.266,1.61575,1.61585,1.60,10.40
2008.01.10 17:19:44.510,1.61575,1.61595,2.50,14.40
2008.01.10 17:19:44.924,1.61575,1.61595,4.10,11.20
2008.01.10 17:19:45.352,1.61585,1.61605,2.50,16.00
2008.01.10 17:19:45.605,1.61585,1.61605,2.50,16.00
2008.01.10 17:19:45.859,1.61585,1.61605,5.70,14.40
2008.01.10 17:19:46.277,1.61585,1.61605,4.80,8.80
2008.01.10 17:19:46.668,1.61585,1.61605,5.70,11.20
2008.01.10 17:19:47.064,1.61585,1.61605,5.70,11.20
2008.01.10 17:19:47.270,1.61585,1.61605,2.50,14.40
2008.01.10 17:19:47.977,1.61585,1.61605,2.50,14.40
2008.01.10 17:19:48.469,1.61585,1.61605,2.50,11.20
2008.01.10 17:19:48.714,1.6158,1.61605,0.80,11.20
2008.01.10 17:19:48.963,1.6158,1.616,0.80,1.60
2008.01.10 17:19:49.369,1.61575,1.616,9.70,0.80
2008.01.10 17:19:49.578,1.61575,1.616,9.70,3.20
2008.01.10 17:19:49.793,1.61575,1.616,13.70,3.20
2008.01.10 17:19:50.201,1.61585,1.61605,8.00,3.20
2008.01.10 17:19:50.602,1.61585,1.6159,8.00,0.80
2008.01.10 17:19:51.064,1.61565,1.61585,7.20,4.00
2008.01.10 17:19:51.338,1.61575,1.61585,1.60,16.00
2008.01.10 17:19:51.645,1.61575,1.6158,1.60,0.80
2008.01.10 17:19:51.951,1.61555,1.61575,4.00,4.00
2008.01.10 17:19:52.336,1.61555,1.61575,4.00,4.00
2008.01.10 17:19:52.528,1.61555,1.61575,2.40,7.20
2008.01.10 17:19:52.742,1.61555,1.61575,1.60,7.20
2008.01.10 17:19:53.242,1.61555,1.61575,3.20,3.20
2008.01.10 17:19:53.733,1.61555,1.61575,1.60,7.20
2008.01.10 17:19:53.961,1.61555,1.61575,1.60,16.00
2008.01.10 17:19:54.366,1.61555,1.61575,1.60,16.00
2008.01.10 17:19:54.597,1.61555,1.61575,2.50,16.00
2008.01.10 17:19:55.008,1.61545,1.61575,8.90,16.00
2008.01.10 17:19:55.258,1.61545,1.61565,3.20,6.40
2008.01.10 17:19:55.507,1.61545,1.61565,2.40,7.80
2008.01.10 17:19:55.913,1.61545,1.61565,2.40,11.00
2008.01.10 17:19:56.309,1.61545,1.61565,2.40,10.20
2008.01.10 17:19:56.508,1.61545,1.61565,2.40,15.00
2008.01.10 17:19:56.713,1.61545,1.61565,1.60,13.40
2008.01.10 17:19:57.098,1.61545,1.61565,1.60,11.00
2008.01.10 17:19:57.325,1.61545,1.61565,0.50,11.00
2008.01.10 17:19:57.602,1.6154,1.61565,4.00,10.40
2008.01.10 17:19:57.726,1.61545,1.61565,1.50,10.40
2008.01.10 17:19:58.138,1.61545,1.61565,0.60,10.40
2008.01.10 17:19:58.904,1.61545,1.61565,1.80,10.40
2008.01.10 17:19:59.292,1.6154,1.61565,4.80,10.40
2008.01.10 17:19:59.773,1.61545,1.61565,6.40,3.20
2008.01.10 17:20:00.060,1.61545,1.61575,8.80,23.00
2008.01.10 17:20:00.678,1.61545,1.61575,8.80,23.00
2008.01.10 17:20:00.879,1.61545,1.61565,5.60,10.40
2008.01.10 17:20:01.090,1.61545,1.61565,5.60,10.40
2008.01.10 17:20:01.486,1.6155,1.61565,3.20,4.80
2008.01.10 17:20:01.971,1.6155,1.61575,11.20,11.20
2008.01.10 17:20:02.073,1.61565,1.61575,1.10,5.60
2008.01.10 17:20:02.481,1.61555,1.61585,0.70,11.20
2008.01.10 17:20:02.888,1.6156,1.61585,0.80,10.40
2008.01.10 17:20:03.303,1.61555,1.61585,12.00,10.40
2008.01.10 17:20:03.695,1.6156,1.61575,3.20,4.00
2008.01.10 17:20:03.825,1.61565,1.61575,4.20,4.00
2008.01.10 17:20:04.229,1.6156,1.61585,8.80,8.80
2008.01.10 17:20:04.736,1.6156,1.61585,2.40,8.80
2008.01.10 17:20:05.124,1.61565,1.61585,1.20,4.00
2008.01.10 17:20:05.517,1.61555,1.61585,15.20,12.00
2008.01.10 17:20:05.712,1.61555,1.61585,10.40,14.40
2008.01.10 17:20:05.991,1.6156,1.61585,0.80,10.40
2008.01.10 17:20:06.403,1.6155,1.61575,8.00,2.40
2008.01.10 17:20:06.869,1.61545,1.61565,0.70,1.60
2008.01.10 17:20:07.298,1.6154,1.61565,4.00,1.60
2008.01.10 17:20:07.527,1.6154,1.61565,2.40,1.60
2008.01.10 17:20:07.890,1.6154,1.61565,2.40,1.60
2008.01.10 17:20:08.177,1.6154,1.61565,1.60,1.60
2008.01.10 17:20:08.600,1.6154,1.61565,7.20,9.60
2008.01.10 17:20:08.837,1.61545,1.61565,0.80,9.60
2008.01.10 17:20:09.312,1.6154,1.61565,1.60,9.60
2008.01.10 17:20:09.586,1.6154,1.61565,2.30,8.00
2008.01.10 17:20:10.143,1.61545,1.61565,1.00,8.00
2008.01.10 17:20:10.981,1.61545,1.61565,1.00,8.00
2008.01.10 17:20:11.221,1.61545,1.61565,0.80,5.60
2008.01.10 17:20:11.716,1.6154,1.61555,0.80,2.30
2008.01.10 17:20:12.202,1.6153,1.61555,10.40,2.30
2008.01.10 17:20:12.623,1.61535,1.61545,0.60,0.80
2008.01.10 17:20:12.847,1.6152,1.61535,2.40,2.30
2008.01.10 17:20:13.077,1.6152,1.61535,3.20,0.80
2008.01.10 17:20:13.458,1.61515,1.6154,11.10,0.80
2008.01.10 17:20:13.828,1.6152,1.61545,2.50,11.20
2008.01.10 17:20:15.830,1.61525,1.61545,0.80,8.80
2008.01.10 17:20:16.095,1.6152,1.61545,8.80,7.20
2008.01.10 17:20:16.414,1.61515,1.61545,20.10,8.00
2008.01.10 17:20:16.730,1.61515,1.61545,20.10,8.00
2008.01.10 17:20:16.846,1.61515,1.61545,20.10,4.80
2008.01.10 17:20:17.180,1.6153,1.61545,7.90,1.60
2008.01.10 17:20:17.591,1.61535,1.61555,0.60,9.60
2008.01.10 17:20:18.111,1.61535,1.61555,9.50,5.60
2008.01.10 17:20:18.530,1.6153,1.61555,8.70,9.60
2008.01.10 17:20:18.945,1.61535,1.61555,8.60,7.20
2008.01.10 17:20:18.979,1.6153,1.61555,10.50,3.20
2008.01.10 17:20:19.395,1.6153,1.61555,10.50,3.20
2008.01.10 17:20:19.824,1.6153,1.61555,10.50,3.20
2008.01.10 17:20:20.062,1.6153,1.61555,11.30,3.20
2008.01.10 17:20:20.736,1.6153,1.61555,12.10,3.20
2008.01.10 17:20:21.178,1.61535,1.61555,0.80,11.20
2008.01.10 17:20:21.251,1.61535,1.61555,1.20,11.20
2008.01.10 17:20:21.595,1.61535,1.61555,2.30,3.20
2008.01.10 17:20:21.986,1.61535,1.61555,3.90,3.20
2008.01.10 17:20:22.182,1.61545,1.61555,1.80,3.20
2008.01.10 17:20:22.385,1.6154,1.61555,4.10,3.20
2008.01.10 17:20:22.889,1.6154,1.61555,5.70,3.20
2008.01.10 17:20:23.012,1.61545,1.61565,11.30,10.40
2008.01.10 17:20:23.427,1.61555,1.61565,1.30,7.20
2008.01.10 17:20:23.835,1.61555,1.61575,1.00,13.60
2008.01.10 17:20:24.252,1.6155,1.61575,9.70,7.20
2008.01.10 17:20:24.456,1.6155,1.61575,11.30,5.60
2008.01.10 17:20:24.737,1.6155,1.61575,11.30,5.60
2008.01.10 17:20:25.115,1.61555,1.61575,10.50,10.40
2008.01.10 17:20:25.481,1.61555,1.61575,8.90,13.60
2008.01.10 17:20:25.975,1.61555,1.61565,0.80,4.80
2008.01.10 17:20:26.461,1.61545,1.61565,4.90,8.80
2008.01.10 17:20:26.871,1.61545,1.61565,4.90,8.80
2008.01.10 17:20:27.079,1.61545,1.61565,7.20,8.80
2008.01.10 17:20:27.298,1.61545,1.61565,0.80,12.80
2008.01.10 17:20:27.729,1.61545,1.6156,3.30,0.80
2008.01.10 17:20:28.145,1.61555,1.61565,3.30,12.00
2008.01.10 17:20:28.372,1.61555,1.61565,6.40,3.20
2008.01.10 17:20:28.722,1.61555,1.61565,6.40,4.80
2008.01.10 17:20:29.108,1.61555,1.61565,0.80,4.80
2008.01.10 17:20:29.638,1.61555,1.61565,0.80,4.80
2008.01.10 17:20:30.025,1.61555,1.61565,0.80,3.20
2008.01.10 17:20:30.418,1.61555,1.61565,0.80,3.20
2008.01.10 17:20:30.659,1.61545,1.61565,11.30,3.20
2008.01.10 17:20:30.903,1.61545,1.61565,5.70,6.40
2008.01.10 17:20:31.318,1.61545,1.61565,4.90,6.40
2008.01.10 17:20:33.247,1.6156,1.61575,0.80,8.00
2008.01.10 17:20:33.452,1.6156,1.61585,0.80,25.60
2008.01.10 17:20:33.689,1.61565,1.61585,1.50,9.60
2008.01.10 17:20:33.952,1.61565,1.61585,1.50,9.60
2008.01.10 17:20:35.583,1.61565,1.61585,4.10,8.00
2008.01.10 17:20:35.828,1.61585,1.61595,9.70,4.00
2008.01.10 17:20:36.248,1.61585,1.61605,9.60,9.60
2008.01.10 17:20:36.657,1.61595,1.61605,0.80,5.60
2008.01.10 17:20:36.930,1.61595,1.61605,8.80,3.20
2008.01.10 17:20:37.203,1.61595,1.61615,0.80,12.80
2008.01.10 17:20:39.497,1.61595,1.6161,0.80,0.80
2008.01.10 17:20:39.757,1.61585,1.61615,9.60,11.20
2008.01.10 17:20:40.032,1.61585,1.61615,9.60,11.20
2008.01.10 17:20:40.306,1.61605,1.61615,0.80,9.60
2008.01.10 17:20:40.374,1.61605,1.61615,0.80,7.20
2008.01.10 17:20:40.595,1.61605,1.61625,1.60,14.40
2008.01.10 17:20:41.115,1.61605,1.61625,1.60,5.60
2008.01.10 17:20:41.641,1.61615,1.61635,8.00,10.40
2008.01.10 17:20:41.819,1.61615,1.61635,7.20,6.40
2008.01.10 17:20:42.132,1.61615,1.61635,7.20,7.20
2008.01.10 17:20:42.405,1.61605,1.61635,14.40,15.20
2008.01.10 17:20:42.772,1.61605,1.6163,8.80,0.80
2008.01.10 17:20:43.050,1.616,1.61625,0.80,4.00
2008.01.10 17:20:43.329,1.61595,1.61625,12.00,11.20
2008.01.10 17:20:43.783,1.61595,1.6163,12.00,12.00
2008.01.10 17:20:43.968,1.61595,1.6163,12.00,12.00
2008.01.10 17:20:44.242,1.61595,1.6162,8.00,1.60
2008.01.10 17:20:44.682,1.61585,1.6161,9.60,0.80
2008.01.10 17:20:45.145,1.61585,1.6161,8.00,4.00
2008.01.10 17:20:45.367,1.61575,1.6161,16.80,8.00
2008.01.10 17:20:45.615,1.6158,1.6161,0.80,12.00
2008.01.10 17:20:46.014,1.6158,1.61605,0.80,0.50
2008.01.10 17:20:46.407,1.6158,1.61605,0.80,0.70
2008.01.10 17:20:46.974,1.6158,1.61605,0.80,0.90
2008.01.10 17:20:47.228,1.61585,1.6161,7.20,0.90
2008.01.10 17:20:47.697,1.61585,1.6162,8.00,15.20
2008.01.10 17:20:48.183,1.61585,1.61615,8.00,0.50
2008.01.10 17:20:49.620,1.61585,1.6162,8.00,15.20
2008.01.10 17:20:49.977,1.6158,1.6161,0.80,4.80
2008.01.10 17:20:50.473,1.6158,1.6161,0.80,4.80
2008.01.10 17:20:50.886,1.61595,1.6161,1.60,3.20
2008.01.10 17:20:51.114,1.61595,1.61615,7.20,8.80
2008.01.10 17:20:51.343,1.61595,1.6161,1.60,0.90
2008.01.10 17:20:51.743,1.61585,1.6162,8.80,15.20
2008.01.10 17:20:53.840,1.61585,1.6162,8.80,15.20
2008.01.10 17:20:54.058,1.61585,1.6162,8.80,15.20
2008.01.10 17:20:54.295,1.61585,1.6162,8.80,15.20
2008.01.10 17:20:54.321,1.61585,1.6161,3.20,4.80
2008.01.10 17:20:54.771,1.61585,1.6161,3.20,4.80
2008.01.10 17:20:54.795,1.61595,1.6161,0.80,4.80
2008.01.10 17:20:55.021,1.61595,1.61605,0.80,0.70
2008.01.10 17:20:55.378,1.61595,1.61615,0.80,14.40
2008.01.10 17:20:56.022,1.61585,1.61615,9.60,0.60
2008.01.10 17:20:57.784,1.61585,1.61615,3.20,16.60
2008.01.10 17:20:58.204,1.61585,1.61605,0.80,0.80
2008.01.10 17:20:58.622,1.61585,1.6161,1.60,12.00
2008.01.10 17:20:59.035,1.61585,1.61605,7.20,0.50
2008.01.10 17:20:59.252,1.61585,1.61605,6.40,0.60
2008.01.10 17:20:59.566,1.61585,1.6161,0.80,8.80
2008.01.10 17:20:59.993,1.61585,1.6161,0.80,8.80
2008.01.10 17:21:00.606,1.61585,1.61605,0.80,0.60
2008.01.10 17:21:00.905,1.61585,1.61605,6.40,8.80
2008.01.10 17:21:01.328,1.61585,1.61605,6.40,8.80
2008.01.10 17:21:01.537,1.61585,1.61605,6.40,0.70
2008.01.10 17:21:01.752,1.61585,1.61605,5.60,0.50
2008.01.10 17:21:02.161,1.61585,1.6161,0.80,12.80
2008.01.10 17:21:02.609,1.61585,1.6161,0.80,12.80
2008.01.10 17:21:03.052,1.61585,1.6161,0.10,12.80
2008.01.10 17:21:03.531,1.61585,1.6161,0.10,8.00
2008.01.10 17:21:03.966,1.61585,1.61605,0.80,0.70
2008.01.10 17:21:04.010,1.61585,1.61615,8.80,16.60
2008.01.10 17:21:04.551,1.61585,1.6162,8.80,12.00
2008.01.10 17:21:04.835,1.61585,1.61605,0.80,0.50
2008.01.10 17:21:05.227,1.61585,1.61605,0.10,0.50
2008.01.10 17:21:05.620,1.61585,1.61605,0.10,0.80
2008.01.10 17:21:06.121,1.61585,1.6161,0.10,9.60
2008.01.10 17:21:06.637,1.61585,1.61605,0.10,0.50
2008.01.10 17:21:07.038,1.61585,1.6161,4.00,4.80
2008.01.10 17:21:07.443,1.61585,1.61615,8.80,11.20
2008.01.10 17:21:07.661,1.61585,1.61615,7.20,12.80
2008.01.10 17:21:07.950,1.61585,1.61605,6.40,0.90
2008.01.10 17:21:08.297,1.61585,1.6161,6.40,7.20
2008.01.10 17:21:08.784,1.61585,1.6161,6.40,7.20
2008.01.10 17:21:09.199,1.61585,1.6161,6.40,6.40
2008.01.10 17:21:09.681,1.61585,1.6162,11.20,15.20
2008.01.10 17:21:10.091,1.61585,1.6162,11.20,9.60
2008.01.10 17:21:10.484,1.61585,1.6162,11.20,9.60
2008.01.10 17:21:10.678,1.61585,1.61615,12.00,0.70
2008.01.10 17:21:11.147,1.61585,1.61615,12.00,0.70
2008.01.10 17:21:11.480,1.61595,1.61615,0.80,0.60
2008.01.10 17:21:11.957,1.616,1.6162,0.80,6.40
2008.01.10 17:21:12.332,1.616,1.61615,0.80,1.60
2008.01.10 17:21:12.518,1.616,1.61625,0.80,7.20
2008.01.10 17:21:12.737,1.616,1.61625,0.80,7.20
2008.01.10 17:21:13.120,1.616,1.61625,0.80,11.20
2008.01.10 17:21:13.597,1.61615,1.61625,7.20,7.20
2008.01.10 17:21:14.076,1.61615,1.61635,7.20,5.40
2008.01.10 17:21:14.319,1.61605,1.61635,14.40,11.20
2008.01.10 17:21:14.692,1.61605,1.61635,14.40,11.20
2008.01.10 17:21:15.098,1.6161,1.61635,0.80,10.40
2008.01.10 17:21:15.394,1.61615,1.61635,7.20,4.00
2008.01.10 17:21:15.816,1.61615,1.61635,7.20,4.00
2008.01.10 17:21:16.215,1.61615,1.61635,7.20,0.80
2008.01.10 17:21:16.703,1.61605,1.61625,16.00,3.20
2008.01.10 17:21:17.186,1.61605,1.61635,10.40,12.00
2008.01.10 17:21:18.106,1.61605,1.61635,10.40,12.00
2008.01.10 17:21:18.506,1.61605,1.61635,12.80,14.40
2008.01.10 17:21:19.169,1.61605,1.61635,8.80,14.40
2008.01.10 17:21:19.588,1.61605,1.61625,8.00,4.00
2008.01.10 17:21:19.855,1.61605,1.61625,8.00,4.00
2008.01.10 17:21:20.119,1.61605,1.61635,8.00,14.40
2008.01.10 17:21:20.442,1.61605,1.61635,8.00,14.40
2008.01.10 17:21:20.829,1.61605,1.61635,8.00,14.40
2008.01.10 17:21:22.706,1.61605,1.61635,8.00,14.40
2008.01.10 17:21:23.160,1.61605,1.61635,8.00,14.40
2008.01.10 17:21:23.560,1.61605,1.61625,8.00,4.00
2008.01.10 17:21:24.038,1.61605,1.61625,0.80,6.40
2008.01.10 17:21:24.317,1.61595,1.61615,7.20,8.70
2008.01.10 17:21:24.595,1.61595,1.61615,7.20,11.10
2008.01.10 17:21:24.938,1.61585,1.6161,11.20,0.80
2008.01.10 17:21:25.142,1.61585,1.6161,11.20,0.80
2008.01.10 17:21:25.476,1.61585,1.6161,11.20,0.80
2008.01.10 17:21:25.761,1.61595,1.61615,5.60,10.30
2008.01.10 17:21:26.277,1.61595,1.61615,8.80,10.30
2008.01.10 17:21:27.224,1.61595,1.61615,8.80,10.30
2008.01.10 17:21:28.172,1.61595,1.61615,8.80,10.30
2008.01.10 17:21:28.502,1.61595,1.61615,8.80,7.90
2008.01.10 17:21:28.924,1.61595,1.6161,8.80,0.80
2008.01.10 17:21:29.216,1.61585,1.6161,8.00,0.80
2008.01.10 17:21:29.913,1.61585,1.6161,8.00,0.80
2008.01.10 17:21:30.503,1.61585,1.6161,8.00,0.80
2008.01.10 17:21:30.818,1.61585,1.61605,8.00,3.20
2008.01.10 17:21:31.221,1.61585,1.6161,8.00,0.80
2008.01.10 17:21:31.740,1.61585,1.6161,9.60,0.80
2008.01.10 17:21:32.070,1.61595,1.61615,1.60,3.20
2008.01.10 17:21:32.395,1.61585,1.61615,13.60,11.90
2008.01.10 17:21:32.663,1.61595,1.61615,0.80,11.10
2008.01.10 17:21:33.043,1.61595,1.61615,2.40,7.20
2008.01.10 17:21:33.051,1.61595,1.6162,2.40,9.60
2008.01.10 17:21:33.419,1.61595,1.6162,1.60,9.60
2008.01.10 17:21:35.723,1.61595,1.6162,1.60,9.60
2008.01.10 17:21:36.140,1.61615,1.6162,3.20,0.80
2008.01.10 17:21:36.374,1.61615,1.61625,3.20,8.00
2008.01.10 17:21:36.666,1.61615,1.61625,3.20,1.60
2008.01.10 17:21:37.073,1.61625,1.61635,9.60,1.60
2008.01.10 17:21:37.564,1.61625,1.6163,4.00,0.80
2008.01.10 17:21:37.986,1.61625,1.61645,4.00,11.20
2008.01.10 17:21:38.218,1.61635,1.6165,5.60,15.20
2008.01.10 17:21:38.453,1.61635,1.61645,5.60,0.90
2008.01.10 17:21:38.964,1.61625,1.61635,0.70,0.70
2008.01.10 17:21:39.705,1.61625,1.61635,0.70,0.80
2008.01.10 17:21:40.166,1.61635,1.6165,5.60,15.20
2008.01.10 17:21:40.648,1.61635,1.61645,5.60,15.20
2008.01.10 17:21:41.027,1.61615,1.6164,3.20,8.40
2008.01.10 17:21:41.419,1.61615,1.61625,1.60,0.70
2008.01.10 17:21:41.818,1.61615,1.6163,1.60,11.20
2008.01.10 17:21:41.982,1.61615,1.6163,1.60,11.20
2008.01.10 17:21:42.407,1.61615,1.61625,1.60,0.80
2008.01.10 17:21:42.880,1.61615,1.61625,7.90,0.90
2008.01.10 17:21:43.271,1.61615,1.61635,7.90,13.40
2008.01.10 17:21:43.463,1.61615,1.6164,9.50,0.50
2008.01.10 17:21:43.709,1.61635,1.61645,0.70,10.40
2008.01.10 17:21:44.158,1.61645,1.6165,0.50,5.50
2008.01.10 17:21:44.620,1.61645,1.6165,0.50,0.60
2008.01.10 17:21:45.088,1.61645,1.6166,0.50,5.60
2008.01.10 17:21:45.306,1.61645,1.6166,0.50,5.60
2008.01.10 17:21:45.770,1.61645,1.61655,0.50,0.90
2008.01.10 17:21:46.130,1.61645,1.61655,0.50,0.90
2008.01.10 17:21:46.410,1.61645,1.6167,5.60,15.20
2008.01.10 17:21:46.808,1.61645,1.61665,5.60,0.50
2008.01.10 17:21:47.231,1.61645,1.61665,5.60,0.60
2008.01.10 17:21:47.268,1.61655,1.6167,5.60,10.40
2008.01.10 17:21:47.671,1.61655,1.61665,5.60,0.80
2008.01.10 17:21:48.089,1.61655,1.6167,5.60,7.20
2008.01.10 17:21:48.379,1.61655,1.6167,5.60,7.20
2008.01.10 17:21:48.749,1.61655,1.6167,5.60,7.20
2008.01.10 17:21:49.083,1.6164,1.6167,0.80,8.00
2008.01.10 17:21:49.507,1.6164,1.61665,0.80,0.80
2008.01.10 17:21:49.736,1.61645,1.6167,2.40,12.00
2008.01.10 17:21:49.964,1.61655,1.6167,5.60,7.20
2008.01.10 17:21:50.193,1.61655,1.6167,5.60,6.40
2008.01.10 17:21:50.421,1.61655,1.61675,5.60,16.60
2008.01.10 17:21:50.828,1.61655,1.6167,5.60,4.00
2008.01.10 17:21:51.242,1.61655,1.61665,5.60,0.60
2008.01.10 17:21:51.536,1.61635,1.61665,12.80,0.60
2008.01.10 17:21:51.869,1.61635,1.61665,12.80,0.80
2008.01.10 17:21:52.238,1.6164,1.61665,0.80,0.50
2008.01.10 17:21:52.638,1.61645,1.6167,0.80,8.00
2008.01.10 17:21:52.674,1.6164,1.6167,0.80,4.00
2008.01.10 17:21:53.074,1.6164,1.61665,0.80,0.70
2008.01.10 17:21:53.467,1.6164,1.6167,0.80,7.20
2008.01.10 17:21:53.973,1.61635,1.6167,11.20,12.80
2008.01.10 17:21:54.289,1.61635,1.6167,8.80,15.20
2008.01.10 17:21:54.662,1.61635,1.6167,8.80,15.20
2008.01.10 17:21:54.913,1.61635,1.6166,9.60,5.60
2008.01.10 17:21:55.318,1.61635,1.61655,9.60,0.60
2008.01.10 17:21:55.561,1.61635,1.61655,9.60,0.50
2008.01.10 17:21:55.805,1.61645,1.61655,2.40,0.60
2008.01.10 17:21:56.219,1.61655,1.61675,8.00,12.80
2008.01.10 17:21:56.649,1.61665,1.61675,1.60,0.80
2008.01.10 17:21:57.127,1.61665,1.61685,2.40,0.90
2008.01.10 17:21:57.600,1.61665,1.61685,2.40,0.70
2008.01.10 17:21:58.392,1.61665,1.6169,2.40,13.60
2008.01.10 17:21:58.763,1.61665,1.61685,0.80,0.70
2008.01.10 17:21:58.945,1.61675,1.61695,5.60,18.20
2008.01.10 17:21:59.304,1.61675,1.61695,5.60,16.60
2008.01.10 17:21:59.818,1.61665,1.61685,6.40,0.90
2008.01.10 17:22:00.224,1.61665,1.61685,6.40,0.50
2008.01.10 17:22:00.427,1.6166,1.61685,0.80,9.60
2008.01.10 17:22:00.648,1.61665,1.61685,1.60,8.80
2008.01.10 17:22:01.042,1.61675,1.61685,2.30,4.80
2008.01.10 17:22:01.545,1.61675,1.61695,12.80,6.40
2008.01.10 17:22:01.855,1.61685,1.61705,11.20,6.40
2008.01.10 17:22:02.163,1.61685,1.61705,9.60,2.40
2008.01.10 17:22:02.502,1.61685,1.61705,11.20,2.40
2008.01.10 17:22:03.122,1.61685,1.61705,11.20,2.40
2008.01.10 17:22:03.389,1.61685,1.61705,9.60,5.60
2008.01.10 17:22:03.823,1.61685,1.61705,10.40,2.40
2008.01.10 17:22:04.224,1.61685,1.61705,10.40,2.40
2008.01.10 17:22:05.257,1.61685,1.61705,9.60,3.20
2008.01.10 17:22:05.647,1.61685,1.61705,5.60,6.40
2008.01.10 17:22:05.665,1.61685,1.61705,5.60,6.40
2008.01.10 17:22:06.060,1.61675,1.617,14.40,2.40
2008.01.10 17:22:06.458,1.61675,1.617,9.60,0.80
2008.01.10 17:22:06.906,1.61675,1.61695,9.60,0.80
2008.01.10 17:22:07.166,1.61675,1.617,7.20,0.80
2008.01.10 17:22:07.415,1.61675,1.61695,7.20,5.60
2008.01.10 17:22:07.830,1.61675,1.61695,7.20,6.40
2008.01.10 17:22:08.077,1.61675,1.61695,8.80,5.60
2008.01.10 17:22:08.462,1.61675,1.61695,8.80,5.60
2008.01.10 17:22:08.887,1.61675,1.61695,8.80,5.60
2008.01.10 17:22:09.302,1.61675,1.61695,8.80,5.60
2008.01.10 17:22:09.628,1.61685,1.61695,0.80,7.20
2008.01.10 17:22:10.100,1.61695,1.617,0.80,0.80
2008.01.10 17:22:10.608,1.61685,1.61705,13.10,1.60
2008.01.10 17:22:10.815,1.61685,1.61705,13.10,1.60
2008.01.10 17:22:11.026,1.61695,1.61715,0.90,9.60
2008.01.10 17:22:11.422,1.617,1.61715,4.80,4.00
2008.01.10 17:22:11.848,1.61705,1.61725,10.40,12.70
2008.01.10 17:22:12.086,1.61695,1.61725,12.00,13.50
2008.01.10 17:22:12.325,1.61685,1.6171,35.00,0.80
2008.01.10 17:22:12.730,1.61685,1.6171,33.40,2.40
2008.01.10 17:22:13.177,1.6169,1.61715,12.00,0.80
2008.01.10 17:22:14.064,1.6169,1.61715,12.00,0.80
2008.01.10 17:22:15.953,1.61695,1.61715,6.00,0.80
2008.01.10 17:22:16.348,1.61695,1.61715,1.90,0.80
2008.01.10 17:22:16.877,1.6169,1.61715,12.00,0.80
2008.01.10 17:22:17.172,1.6169,1.61715,8.00,3.10
2008.01.10 17:22:17.671,1.6169,1.61715,6.40,6.30
2008.01.10 17:22:17.980,1.61695,1.6171,1.70,1.60
2008.01.10 17:22:18.288,1.6168,1.61705,11.20,1.60
2008.01.10 17:22:18.627,1.61685,1.61705,1.90,1.60
2008.01.10 17:22:19.042,1.6168,1.6171,12.00,0.80
2008.01.10 17:22:19.489,1.61685,1.61705,17.40,0.80
2008.01.10 17:22:19.950,1.61705,1.61725,2.70,4.00
2008.01.10 17:22:20.213,1.617,1.61725,6.40,2.40
2008.01.10 17:22:20.477,1.61705,1.61725,3.30,2.40
2008.01.10 17:22:21.268,1.617,1.61725,9.60,2.40
2008.01.10 17:22:21.700,1.61705,1.61725,10.40,1.60
2008.01.10 17:22:21.933,1.6171,1.61735,8.00,5.60
2008.01.10 17:22:22.183,1.61715,1.61735,2.10,6.30
2008.01.10 17:22:22.588,1.6171,1.61735,8.80,1.60
2008.01.10 17:22:23.048,1.6172,1.61735,9.60,1.60
2008.01.10 17:22:23.512,1.61715,1.6174,1.60,0.80
2008.01.10 17:22:23.731,1.6171,1.61735,14.40,0.80
2008.01.10 17:22:23.950,1.61715,1.6174,4.10,2.40
2008.01.10 17:22:24.358,1.6171,1.6174,14.40,2.40
2008.01.10 17:22:24.576,1.6171,1.6174,14.40,2.40
2008.01.10 17:22:24.970,1.61715,1.6174,1.20,2.40
2008.01.10 17:22:25.249,1.6171,1.6174,14.40,2.40
2008.01.10 17:22:25.721,1.6171,1.6174,13.60,2.40
2008.01.10 17:22:25.930,1.61715,1.61745,7.20,9.50
2008.01.10 17:22:27.824,1.6171,1.61745,15.20,4.80
2008.01.10 17:22:28.109,1.61715,1.61745,17.40,4.00
2008.01.10 17:22:28.461,1.61715,1.61745,17.40,4.00
2008.01.10 17:22:29.755,1.61715,1.61745,17.40,4.00
2008.01.10 17:22:30.263,1.6171,1.61745,16.00,4.00
2008.01.10 17:22:30.669,1.6171,1.61745,16.00,4.00
2008.01.10 17:22:30.882,1.61725,1.61745,0.70,8.00
2008.01.10 17:22:31.524,1.61725,1.61745,0.90,4.00
2008.01.10 17:22:32.042,1.61715,1.61745,15.80,9.50
2008.01.10 17:22:32.383,1.61715,1.6174,5.20,0.80
2008.01.10 17:22:32.796,1.61715,1.61745,4.60,9.50
2008.01.10 17:22:33.206,1.61715,1.6174,2.00,0.80
2008.01.10 17:22:33.701,1.6171,1.6174,10.40,2.40
2008.01.10 17:22:34.192,1.61715,1.61735,2.80,0.80
2008.01.10 17:22:34.301,1.6173,1.61745,7.20,7.20
2008.01.10 17:22:34.616,1.61725,1.61745,27.20,1.60
2008.01.10 17:22:35.013,1.61725,1.61755,13.60,3.90
2008.01.10 17:22:35.652,1.61725,1.6175,12.80,0.80
2008.01.10 17:22:35.945,1.6172,1.61745,6.40,1.60
2008.01.10 17:22:36.403,1.61725,1.61745,3.00,1.60
2008.01.10 17:22:36.794,1.61725,1.61745,0.50,1.60
2008.01.10 17:22:37.187,1.61725,1.6175,12.80,0.80
2008.01.10 17:22:37.577,1.61725,1.61745,5.60,1.60
2008.01.10 17:22:38.099,1.61725,1.61745,5.60,8.00
2008.01.10 17:22:38.245,1.61725,1.61745,6.40,7.20
2008.01.10 17:22:38.578,1.61735,1.61755,5.60,16.70
2008.01.10 17:22:38.972,1.61735,1.61755,5.60,6.30
2008.01.10 17:22:39.373,1.61735,1.61755,5.60,2.40
2008.01.10 17:22:39.786,1.61735,1.61755,9.60,1.60
2008.01.10 17:22:40.249,1.61735,1.61765,11.20,13.50
2008.01.10 17:22:40.524,1.61745,1.6176,0.50,0.80
2008.01.10 17:22:40.798,1.61745,1.61765,6.00,4.70
2008.01.10 17:22:41.141,1.61745,1.61765,0.50,9.50
2008.01.10 17:22:41.535,1.61745,1.61765,3.60,9.50
2008.01.10 17:22:41.734,1.61745,1.61765,3.60,4.70
2008.01.10 17:22:42.022,1.61745,1.61765,9.20,4.70
2008.01.10 17:22:42.429,1.61745,1.61765,9.20,3.10
2008.01.10 17:22:42.903,1.61745,1.61765,9.20,3.10
2008.01.10 17:22:43.304,1.61745,1.61765,9.20,3.10
2008.01.10 17:22:43.502,1.61745,1.61765,8.80,3.10
2008.01.10 17:22:43.865,1.61745,1.61765,8.80,3.10
2008.01.10 17:22:44.174,1.61745,1.61765,8.80,3.10
2008.01.10 17:22:44.655,1.61745,1.61765,8.80,3.10
2008.01.10 17:22:45.216,1.61745,1.61765,8.80,3.10
2008.01.10 17:22:45.631,1.61745,1.61765,8.80,3.10
2008.01.10 17:22:46.105,1.61745,1.61765,13.60,1.60
2008.01.10 17:22:46.479,1.61755,1.61775,8.80,10.30
2008.01.10 17:22:46.718,1.61745,1.61775,17.40,10.30
2008.01.10 17:22:46.982,1.61745,1.61775,17.40,10.30
2008.01.10 17:22:47.428,1.61745,1.61765,6.40,2.30
2008.01.10 17:22:47.672,1.61755,1.61765,3.00,2.30
2008.01.10 17:22:47.915,1.61745,1.61765,2.20,2.30
2008.01.10 17:22:48.331,1.6174,1.61765,8.80,1.60
2008.01.10 17:22:48.783,1.61745,1.61775,12.80,11.90
2008.01.10 17:22:48.827,1.61745,1.61775,17.40,9.50
2008.01.10 17:22:49.243,1.6175,1.61775,12.00,7.20
2008.01.10 17:22:49.679,1.6175,1.6178,13.60,2.40
2008.01.10 17:22:50.119,1.6175,1.6178,13.60,2.40
2008.01.10 17:22:50.368,1.61755,1.6178,13.60,1.60
2008.01.10 17:22:50.639,1.61755,1.6178,13.60,1.60
2008.01.10 17:22:50.936,1.6177,1.61795,6.40,12.70
2008.01.10 17:22:51.325,1.6177,1.61795,8.00,10.40
2008.01.10 17:22:51.720,1.6177,1.61795,9.60,8.80
2008.01.10 17:22:52.183,1.6177,1.61795,12.00,4.00
2008.01.10 17:22:52.644,1.6177,1.61795,9.60,4.00
2008.01.10 17:22:52.911,1.61765,1.61785,4.90,1.60
2008.01.10 17:22:53.171,1.6177,1.61785,0.80,1.60
2008.01.10 17:22:53.573,1.6177,1.6179,0.80,1.60
2008.01.10 17:22:54.023,1.6176,1.6179,6.40,1.60
2008.01.10 17:22:54.237,1.61765,1.61785,8.60,0.70
2008.01.10 17:22:54.454,1.6176,1.61785,4.00,2.30
2008.01.10 17:22:54.861,1.6176,1.61785,4.00,3.90
2008.01.10 17:22:55.280,1.6176,1.61785,0.80,4.70
2008.01.10 17:22:55.505,1.6176,1.61785,0.80,4.00
2008.01.10 17:22:55.735,1.61765,1.61785,0.80,3.20
2008.01.10 17:22:56.150,1.61765,1.61785,0.80,1.60
2008.01.10 17:22:56.423,1.6176,1.61785,7.20,1.60
2008.01.10 17:22:56.724,1.61765,1.61785,2.30,1.60
2008.01.10 17:22:57.114,1.61765,1.61785,1.10,1.60
2008.01.10 17:22:57.518,1.6176,1.61785,8.00,1.60
2008.01.10 17:22:57.924,1.6176,1.61785,8.00,1.60
2008.01.10 17:22:57.977,1.6176,1.61785,8.00,1.60
2008.01.10 17:22:58.359,1.61775,1.6179,2.10,1.60
2008.01.10 17:22:58.817,1.6178,1.61795,0.80,3.20
2008.01.10 17:22:59.089,1.61775,1.61805,14.40,13.60
2008.01.10 17:22:59.362,1.6177,1.618,14.40,2.40
2008.01.10 17:22:59.755,1.6177,1.618,8.80,2.40
2008.01.10 17:23:00.174,1.61775,1.618,2.70,2.40
2008.01.10 17:23:00.606,1.6177,1.61795,8.00,0.80
2008.01.10 17:23:00.866,1.6177,1.61795,14.40,0.80
2008.01.10 17:23:01.124,1.6177,1.618,14.40,2.40
2008.01.10 17:23:01.537,1.6177,1.618,12.00,2.40
2008.01.10 17:23:01.971,1.6177,1.618,12.00,2.40
2008.01.10 17:23:02.429,1.6177,1.618,12.80,2.40
2008.01.10 17:23:02.855,1.61775,1.618,3.50,2.40
2008.01.10 17:23:03.313,1.61785,1.618,1.90,2.40
2008.01.10 17:23:03.566,1.61785,1.61805,1.40,1.60
2008.01.10 17:23:03.821,1.61795,1.61815,1.30,5.60
2008.01.10 17:23:04.222,1.61795,1.61815,2.20,1.60
2008.01.10 17:23:04.465,1.61795,1.61815,8.80,1.60
2008.01.10 17:23:04.709,1.618,1.61815,0.80,1.60
2008.01.10 17:23:05.118,1.618,1.61825,1.60,9.60
2008.01.10 17:23:05.561,1.618,1.61825,4.80,1.60
2008.01.10 17:23:05.815,1.6181,1.61835,0.80,18.40
2008.01.10 17:23:06.165,1.6181,1.61835,0.80,15.20
2008.01.10 17:23:06.485,1.61815,1.61835,3.70,6.40
2008.01.10 17:23:06.912,1.6181,1.61835,8.00,3.20
2008.01.10 17:23:07.344,1.61815,1.61835,2.20,3.20
2008.01.10 17:23:07.830,1.61815,1.61835,2.90,3.20
2008.01.10 17:23:08.275,1.61815,1.6184,0.80,1.60
2008.01.10 17:23:08.341,1.61825,1.6184,1.30,1.60
2008.01.10 17:23:08.714,1.6182,1.61845,6.40,4.80
2008.01.10 17:23:09.135,1.61825,1.61845,1.50,3.20
2008.01.10 17:23:09.568,1.61825,1.61845,2.00,7.20
2008.01.10 17:23:10.042,1.6182,1.61845,7.20,7.20
2008.01.10 17:23:10.934,1.6182,1.61845,7.20,1.60
2008.01.10 17:23:11.342,1.61825,1.6185,18.40,2.40
2008.01.10 17:23:11.744,1.6183,1.6186,10.40,2.40
2008.01.10 17:23:12.204,1.61835,1.6186,3.50,2.40
2008.01.10 17:23:12.478,1.61835,1.61855,1.90,4.00
2008.01.10 17:23:12.754,1.61825,1.6185,19.80,0.80
2008.01.10 17:23:13.072,1.61835,1.61845,0.70,1.60
2008.01.10 17:23:13.450,1.61835,1.61845,1.70,1.60
2008.01.10 17:23:13.633,1.61825,1.61855,16.60,11.20
2008.01.10 17:23:13.938,1.61825,1.61855,19.00,5.60
2008.01.10 17:23:14.447,1.61835,1.61855,0.80,2.40
2008.01.10 17:23:15.335,1.61835,1.61855,8.80,2.40
2008.01.10 17:23:15.539,1.61835,1.61855,10.40,4.00
2008.01.10 17:23:15.749,1.61835,1.61855,10.40,1.60
2008.01.10 17:23:16.143,1.61835,1.61855,8.80,1.60
2008.01.10 17:23:16.406,1.61835,1.61855,8.80,3.20
2008.01.10 17:23:16.669,1.6184,1.61855,0.80,1.60
2008.01.10 17:23:17.080,1.61845,1.61865,5.60,8.80
2008.01.10 17:23:17.496,1.61845,1.61865,8.80,3.20
2008.01.10 17:23:17.916,1.61845,1.61865,4.80,4.00
2008.01.10 17:23:18.146,1.61845,1.61865,3.20,1.60
2008.01.10 17:23:18.514,1.61845,1.61865,3.20,1.60
2008.01.10 17:23:18.808,1.61845,1.61865,3.20,5.60
2008.01.10 17:23:19.250,1.61835,1.61855,7.20,3.20
2008.01.10 17:23:19.673,1.61835,1.61855,7.20,3.20
2008.01.10 17:23:19.901,1.61835,1.61855,7.20,6.40
2008.01.10 17:23:20.129,1.61835,1.6185,7.20,0.80
2008.01.10 17:23:20.540,1.61835,1.61845,3.20,1.60
2008.01.10 17:23:20.995,1.61835,1.61855,8.00,4.80
2008.01.10 17:23:21.445,1.61845,1.61855,3.20,0.80
2008.01.10 17:23:21.812,1.61845,1.61855,3.20,0.80
2008.01.10 17:23:21.836,1.61845,1.61855,8.80,0.80
2008.01.10 17:23:22.579,1.61845,1.61855,8.80,0.80
2008.01.10 17:23:23.067,1.61845,1.61855,8.80,0.80
2008.01.10 17:23:23.534,1.61845,1.61865,3.20,1.60
2008.01.10 17:23:24.005,1.61845,1.61865,3.20,1.60
2008.01.10 17:23:24.283,1.61845,1.61865,8.80,1.60
2008.01.10 17:23:24.562,1.61845,1.61865,3.20,4.00
2008.01.10 17:23:24.966,1.61835,1.61865,13.60,11.20
2008.01.10 17:23:25.355,1.61835,1.61865,12.80,11.20
2008.01.10 17:23:25.737,1.61835,1.6186,12.80,2.40
2008.01.10 17:23:25.930,1.61835,1.61855,8.00,8.00
2008.01.10 17:23:26.216,1.61835,1.61855,7.20,10.40
2008.01.10 17:23:26.631,1.61835,1.61855,5.60,15.20
2008.01.10 17:23:27.099,1.61835,1.61845,5.60,0.80
2008.01.10 17:23:27.307,1.61825,1.61845,8.80,2.40
2008.01.10 17:23:27.521,1.61825,1.61845,9.60,2.40
2008.01.10 17:23:27.928,1.61835,1.61845,5.60,0.80
2008.01.10 17:23:28.362,1.61835,1.61845,5.60,0.80
2008.01.10 17:23:28.794,1.61835,1.61845,5.60,0.80
2008.01.10 17:23:29.034,1.61835,1.61845,5.60,0.80
2008.01.10 17:23:29.313,1.61835,1.61845,5.60,6.40
2008.01.10 17:23:29.715,1.61825,1.61845,6.40,7.20
2008.01.10 17:23:30.186,1.61825,1.61845,6.40,10.40
2008.01.10 17:23:30.390,1.6182,1.61845,0.80,14.40
2008.01.10 17:23:30.598,1.6182,1.61845,0.80,16.80
2008.01.10 17:23:30.994,1.6183,1.61835,0.80,3.20
2008.01.10 17:23:31.202,1.61835,1.61845,5.60,8.00
2008.01.10 17:23:31.496,1.61825,1.6184,0.60,1.60
2008.01.10 17:23:31.897,1.61835,1.61845,5.60,7.20
2008.01.10 17:23:32.378,1.61835,1.61855,8.00,8.80
2008.01.10 17:23:32.581,1.61835,1.61855,8.00,8.00
2008.01.10 17:23:32.806,1.61835,1.61855,15.20,4.80
2008.01.10 17:23:33.200,1.61835,1.6186,12.00,0.80
2008.01.10 17:23:33.588,1.61835,1.61855,9.60,4.00
2008.01.10 17:23:33.700,1.61835,1.61855,9.60,1.60
2008.01.10 17:23:34.102,1.61855,1.61865,3.20,4.80
2008.01.10 17:23:34.589,1.61845,1.61865,8.00,3.20
2008.01.10 17:23:34.998,1.61845,1.61865,8.00,1.60
2008.01.10 17:23:35.432,1.61845,1.61865,8.00,8.00
2008.01.10 17:23:35.860,1.61845,1.61865,9.60,12.80
2008.01.10 17:23:36.337,1.61855,1.61865,0.80,8.80
2008.01.10 17:23:36.804,1.61855,1.61865,9.60,3.20
2008.01.10 17:23:37.004,1.61865,1.61875,0.60,8.80
2008.01.10 17:23:37.290,1.61865,1.61875,6.20,5.60
2008.01.10 17:23:37.682,1.61865,1.61885,5.60,14.50
2008.01.10 17:23:38.092,1.6186,1.61885,0.80,10.50
2008.01.10 17:23:38.156,1.61865,1.61875,0.80,4.00
2008.01.10 17:23:38.354,1.61865,1.61885,0.80,10.40
2008.01.10 17:23:38.618,1.61865,1.6189,3.20,5.60
2008.01.10 17:23:39.113,1.61875,1.61895,2.40,4.80
2008.01.10 17:23:41.281,1.61875,1.61905,4.00,19.20
2008.01.10 17:23:41.541,1.61885,1.61905,0.80,17.60
2008.01.10 17:23:41.803,1.61885,1.61905,0.80,17.60
2008.01.10 17:23:42.276,1.61885,1.61905,0.80,15.20
2008.01.10 17:23:42.550,1.61885,1.6191,0.80,16.00
2008.01.10 17:23:42.883,1.61885,1.61905,7.20,0.90
2008.01.10 17:23:43.313,1.61885,1.61905,7.20,0.60
2008.01.10 17:23:43.737,1.61885,1.61905,7.20,0.80
2008.01.10 17:23:44.144,1.61885,1.61905,8.00,0.60
2008.01.10 17:23:44.580,1.61885,1.6191,6.40,10.40
2008.01.10 17:23:44.833,1.61885,1.6191,1.60,11.20
2008.01.10 17:23:45.116,1.61885,1.61905,2.40,0.50
2008.01.10 17:23:45.496,1.61885,1.6191,8.80,14.40
2008.01.10 17:23:45.910,1.61885,1.6191,8.80,14.40
2008.01.10 17:23:46.129,1.61885,1.61905,5.60,0.60
2008.01.10 17:23:46.353,1.61885,1.61905,5.60,0.90
2008.01.10 17:23:46.755,1.61885,1.61895,6.10,0.60
2008.01.10 17:23:47.255,1.61885,1.61895,0.60,0.60
2008.01.10 17:23:47.749,1.61885,1.61895,0.60,0.80
2008.01.10 17:23:47.927,1.61885,1.6191,3.60,10.40
2008.01.10 17:23:48.533,1.61885,1.6191,3.60,10.40
2008.01.10 17:23:48.912,1.6188,1.61905,0.80,0.70
2008.01.10 17:23:49.208,1.6188,1.6191,0.80,8.80
2008.01.10 17:23:49.564,1.6188,1.6191,0.80,8.80
2008.01.10 17:23:49.911,1.61885,1.619,0.80,1.60
2008.01.10 17:23:50.356,1.61885,1.61905,0.80,3.20
2008.01.10 17:23:50.791,1.61885,1.61905,0.80,0.90
2008.01.10 17:23:50.852,1.6188,1.61905,0.80,0.80
2008.01.10 17:23:51.216,1.6188,1.6191,0.80,11.20
2008.01.10 17:23:51.616,1.6188,1.6191,0.80,11.20
2008.01.10 17:23:51.823,1.6188,1.6191,0.80,11.80
2008.01.10 17:23:52.140,1.6188,1.6191,0.80,11.80
2008.01.10 17:23:52.539,1.6188,1.619,0.80,4.00
2008.01.10 17:23:53.026,1.6188,1.61895,0.80,0.60
2008.01.10 17:23:53.438,1.6188,1.61905,0.80,17.40
2008.01.10 17:23:53.641,1.61885,1.61895,0.80,0.70
2008.01.10 17:23:53.847,1.61885,1.61895,0.80,0.80
2008.01.10 17:23:54.293,1.61885,1.61895,0.80,0.90
2008.01.10 17:23:54.740,1.61875,1.619,2.40,3.20
2008.01.10 17:23:54.999,1.6187,1.619,0.80,7.20
2008.01.10 17:23:55.364,1.6187,1.61895,0.80,0.80
2008.01.10 17:23:55.709,1.6187,1.619,0.80,10.40
2008.01.10 17:23:56.578,1.6187,1.619,0.80,10.40
2008.01.10 17:23:56.791,1.61865,1.6188,0.80,0.80
2008.01.10 17:23:57.011,1.61855,1.61885,12.80,8.80
2008.01.10 17:23:57.414,1.61855,1.6188,8.00,0.90
2008.01.10 17:23:57.891,1.61855,1.6188,1.60,3.20
2008.01.10 17:23:58.436,1.61855,1.6188,1.60,3.20
2008.01.10 17:23:58.756,1.61865,1.61885,0.80,13.60
2008.01.10 17:23:59.123,1.61865,1.6189,2.40,3.20
2008.01.10 17:23:59.519,1.61865,1.6189,2.40,3.20
2008.01.10 17:24:02.007,1.61865,1.61885,2.40,0.70
2008.01.10 17:24:02.429,1.61855,1.61885,1.60,8.80
2008.01.10 17:24:02.868,1.61855,1.6188,1.60,3.20
2008.01.10 17:24:03.096,1.61855,1.6188,1.60,6.40
2008.01.10 17:24:03.437,1.61855,1.61875,1.60,0.50
2008.01.10 17:24:04.158,1.61855,1.6188,1.60,6.40
2008.01.10 17:24:04.436,1.61845,1.6188,9.60,8.80
2008.01.10 17:24:04.714,1.61845,1.61875,9.60,0.60
2008.01.10 17:24:05.121,1.61845,1.61865,9.60,0.90
2008.01.10 17:24:05.545,1.61845,1.61875,9.60,14.20
2008.01.10 17:24:05.979,1.61845,1.61875,9.60,14.20
2008.01.10 17:24:06.208,1.61855,1.61875,0.80,13.40
2008.01.10 17:24:06.482,1.61855,1.61885,11.20,10.40
2008.01.10 17:24:06.899,1.61855,1.6188,11.20,0.80
2008.01.10 17:24:07.364,1.61855,1.61865,12.40,0.90
2008.01.10 17:24:07.781,1.61865,1.61875,3.20,4.00
2008.01.10 17:24:07.993,1.61865,1.61885,11.20,1.60
2008.01.10 17:24:08.208,1.61865,1.61885,7.20,1.60
2008.01.10 17:24:08.607,1.6186,1.61885,0.80,3.90
2008.01.10 17:24:08.874,1.61865,1.6189,6.40,0.80
2008.01.10 17:24:09.143,1.6187,1.61895,0.80,7.10
2008.01.10 17:24:09.553,1.61875,1.61895,10.40,0.70
2008.01.10 17:24:10.013,1.61875,1.61895,10.40,0.70
2008.01.10 17:24:10.447,1.61875,1.61895,10.40,2.20
2008.01.10 17:24:10.689,1.61865,1.61885,10.40,3.20
2008.01.10 17:24:10.948,1.61865,1.61885,10.40,3.90
2008.01.10 17:24:11.378,1.61865,1.61885,3.20,1.60
2008.01.10 17:24:11.837,1.61865,1.61885,3.20,1.60
2008.01.10 17:24:12.055,1.6186,1.61885,0.80,3.90
2008.01.10 17:24:12.705,1.6186,1.61885,0.80,3.90
2008.01.10 17:24:12.940,1.61855,1.61875,8.80,0.70
2008.01.10 17:24:13.218,1.61865,1.6188,0.50,2.40
2008.01.10 17:24:13.598,1.61875,1.6188,5.60,0.80
2008.01.10 17:24:14.030,1.61875,1.6188,5.60,0.80
2008.01.10 17:24:14.508,1.61875,1.61895,5.20,1.60
2008.01.10 17:24:14.991,1.61875,1.61895,9.80,2.40
2008.01.10 17:24:15.086,1.61875,1.619,9.80,1.60
2008.01.10 17:24:15.428,1.61875,1.619,12.80,2.40
2008.01.10 17:24:15.838,1.61885,1.619,5.60,2.40
2008.01.10 17:24:16.241,1.61885,1.619,3.40,0.80
2008.01.10 17:24:16.705,1.61885,1.619,6.40,2.40
2008.01.10 17:24:17.176,1.61885,1.61905,6.40,1.60
2008.01.10 17:24:17.576,1.61885,1.61905,6.40,1.60
2008.01.10 17:24:17.990,1.61885,1.61905,6.40,1.60
2008.01.10 17:24:18.397,1.61885,1.61905,6.40,1.60
2008.01.10 17:24:18.889,1.61885,1.61905,6.40,1.60
2008.01.10 17:24:19.372,1.61885,1.619,3.20,0.80
2008.01.10 17:24:19.474,1.61875,1.619,17.00,3.20
2008.01.10 17:24:19.860,1.61885,1.619,1.20,3.20
2008.01.10 17:24:20.323,1.61885,1.61905,3.20,3.90
2008.01.10 17:24:20.705,1.61885,1.61905,3.20,9.50
2008.01.10 17:24:20.900,1.61885,1.61905,3.20,12.60
2008.01.10 17:24:21.193,1.61885,1.61905,3.20,12.60
2008.01.10 17:24:23.651,1.61875,1.61895,11.20,0.70
2008.01.10 17:24:23.917,1.61855,1.61865,1.60,2.30
2008.01.10 17:24:24.207,1.61855,1.61865,1.60,1.60
2008.01.10 17:24:24.230,1.61845,1.61865,4.80,1.60
2008.01.10 17:24:24.517,1.61855,1.61875,3.20,9.50
2008.01.10 17:24:25.014,1.61855,1.61875,3.20,9.50
2008.01.10 17:24:25.520,1.61855,1.61875,3.20,9.50
2008.01.10 17:24:27.632,1.61855,1.61875,3.20,6.40
2008.01.10 17:24:28.070,1.61865,1.61875,0.80,0.80
2008.01.10 17:24:28.487,1.61875,1.61885,0.80,1.60
2008.01.10 17:24:28.705,1.61875,1.61895,0.80,13.60
2008.01.10 17:24:28.923,1.61875,1.61895,11.20,7.20
2008.01.10 17:24:29.360,1.61885,1.6189,0.80,0.80
2008.01.10 17:24:29.794,1.61885,1.6189,1.50,0.80
2008.01.10 17:24:30.253,1.6188,1.61895,5.40,4.00
2008.01.10 17:24:30.517,1.61885,1.61905,1.40,3.20
2008.01.10 17:24:30.802,1.6188,1.61905,4.00,3.20
2008.01.10 17:24:31.392,1.61885,1.61905,2.00,3.20
2008.01.10 17:24:31.594,1.61885,1.61905,1.70,3.20
2008.01.10 17:24:31.794,1.6188,1.61905,4.80,1.60
2008.01.10 17:24:33.606,1.6188,1.61905,4.00,1.60
2008.01.10 17:24:33.887,1.61885,1.61905,1.70,1.60
2008.01.10 17:24:34.166,1.61885,1.61905,4.80,1.60
2008.01.10 17:24:34.255,1.6189,1.6191,8.00,2.40
2008.01.10 17:24:34.469,1.61895,1.61915,1.70,4.80
2008.01.10 17:24:34.753,1.61895,1.61915,2.40,4.80
2008.01.10 17:24:35.274,1.6188,1.6191,16.80,1.60
2008.01.10 17:24:35.609,1.61885,1.61905,0.50,1.60
2008.01.10 17:24:35.943,1.61885,1.6191,22.80,1.60
2008.01.10 17:24:36.225,1.6189,1.6192,7.60,0.80
2008.01.10 17:24:36.427,1.6189,1.6192,9.60,0.80
2008.01.10 17:24:36.637,1.6189,1.61915,9.60,0.30
2008.01.10 17:24:37.031,1.61885,1.61905,18.20,0.80
2008.01.10 17:24:37.320,1.61885,1.61895,1.80,2.00
2008.01.10 17:24:37.609,1.61875,1.61895,12.00,2.00
2008.01.10 17:24:38.014,1.61875,1.6189,1.40,0.80
2008.01.10 17:24:38.515,1.61865,1.6189,19.20,0.80
2008.01.10 17:24:38.806,1.61855,1.61885,7.20,8.80
2008.01.10 17:24:39.206,1.6185,1.6188,19.20,0.80
2008.01.10 17:24:39.668,1.61855,1.6187,6.90,0.80
2008.01.10 17:24:40.142,1.6185,1.61875,13.60,2.40
2008.01.10 17:24:40.616,1.61845,1.6187,19.90,0.80
2008.01.10 17:24:40.700,1.61845,1.6187,19.90,0.80
2008.01.10 17:24:41.103,1.6184,1.6187,14.40,0.80
2008.01.10 17:24:41.566,1.61855,1.61865,0.90,2.40
2008.01.10 17:24:41.943,1.61845,1.61865,15.20,2.40
2008.01.10 17:24:42.123,1.6185,1.61865,6.40,1.60
2008.01.10 17:24:42.343,1.61855,1.61875,0.60,0.80
2008.01.10 17:24:43.202,1.61855,1.61875,0.50,0.80
2008.01.10 17:24:43.308,1.61845,1.6187,2.30,0.80
2008.01.10 17:24:43.800,1.6184,1.6187,14.40,0.80
2008.01.10 17:24:44.154,1.61845,1.6187,6.70,0.80
2008.01.10 17:24:44.616,1.6184,1.6187,14.40,0.80
2008.01.10 17:24:44.845,1.6184,1.61865,14.40,4.00
2008.01.10 17:24:45.105,1.6184,1.61865,13.60,4.00
2008.01.10 17:24:45.494,1.61845,1.61865,0.08,8.80
2008.01.10 17:24:48.233,1.6184,1.61865,0.88,9.60
2008.01.10 17:24:48.660,1.6184,1.61865,0.88,9.60
2008.01.10 17:24:49.080,1.61845,1.61865,1.60,8.00
2008.01.10 17:24:49.181,1.6184,1.61865,6.40,5.60
2008.01.10 17:24:49.598,1.61845,1.61865,4.00,6.40
2008.01.10 17:24:50.083,1.61845,1.61865,4.60,4.00
2008.01.10 17:24:50.485,1.6184,1.61865,14.40,4.00
2008.01.10 17:24:50.695,1.61845,1.61875,1.90,14.40
2008.01.10 17:24:50.906,1.6184,1.61875,15.20,12.00
2008.01.10 17:24:51.314,1.61845,1.61875,14.40,11.20
2008.01.10 17:24:51.585,1.61855,1.6188,0.90,2.40
2008.01.10 17:24:51.860,1.6185,1.6186,9.60,1.60
2008.01.10 17:24:52.268,1.61845,1.61875,14.30,14.40
2008.01.10 17:24:52.669,1.61845,1.6187,11.20,1.60
2008.01.10 17:24:53.066,1.61855,1.61875,4.40,4.00
2008.01.10 17:24:53.274,1.6185,1.6188,11.20,0.80
2008.01.10 17:24:53.531,1.6185,1.6188,11.20,0.80
2008.01.10 17:24:53.988,1.6185,1.6188,10.40,0.80
2008.01.10 17:24:54.250,1.61845,1.61875,19.90,3.20
2008.01.10 17:24:54.697,1.61845,1.61875,15.90,4.00
2008.01.10 17:24:55.124,1.61855,1.61875,5.10,0.80
2008.01.10 17:24:55.547,1.61855,1.6188,2.50,2.40
2008.01.10 17:24:55.752,1.61845,1.61875,21.50,1.60
2008.01.10 17:24:55.967,1.61855,1.61875,1.90,1.60
2008.01.10 17:24:56.481,1.61845,1.61875,16.60,1.60
2008.01.10 17:24:56.805,1.61845,1.61875,16.60,1.60
2008.01.10 17:24:57.116,1.61845,1.61875,16.60,1.60
2008.01.10 17:24:57.404,1.6185,1.61875,12.70,1.60
2008.01.10 17:24:57.868,1.6185,1.6188,10.40,3.20
2008.01.10 17:24:58.071,1.61855,1.61865,1.80,0.10
2008.01.10 17:24:58.278,1.61855,1.6188,3.30,0.80
2008.01.10 17:24:58.674,1.6186,1.61885,4.00,14.40
2008.01.10 17:24:58.916,1.61855,1.6188,12.60,0.80
2008.01.10 17:24:59.159,1.61865,1.6188,1.10,0.80
2008.01.10 17:24:59.574,1.61855,1.61875,7.20,4.00
2008.01.10 17:25:00.058,1.61855,1.61875,7.20,4.00
2008.01.10 17:25:00.302,1.61855,1.61875,4.80,1.60
2008.01.10 17:25:00.966,1.61855,1.61875,4.80,1.60
2008.01.10 17:25:01.226,1.61855,1.6187,4.80,0.80
2008.01.10 17:25:01.485,1.61845,1.61865,4.00,5.60
2008.01.10 17:25:01.918,1.61845,1.61855,0.08,0.80
2008.01.10 17:25:02.933,1.61845,1.61855,0.80,0.80
2008.01.10 17:25:03.388,1.61845,1.61865,0.80,12.00
2008.01.10 17:25:03.783,1.61845,1.61865,0.80,7.20
2008.01.10 17:25:03.801,1.61845,1.61865,0.80,7.20
2008.01.10 17:25:04.192,1.61845,1.61865,4.80,6.40
2008.01.10 17:25:04.641,1.61845,1.61865,0.08,8.80
2008.01.10 17:25:04.753,1.61845,1.6186,0.08,0.80
2008.01.10 17:25:05.122,1.61835,1.6186,8.80,0.80
2008.01.10 17:25:05.515,1.61835,1.6185,2.40,0.80
2008.01.10 17:25:05.719,1.61835,1.6185,1.60,0.80
2008.01.10 17:25:05.932,1.61835,1.6185,1.60,0.80
2008.01.10 17:25:06.327,1.61825,1.6185,5.60,0.80
2008.01.10 17:25:06.974,1.61825,1.6185,5.60,0.80
2008.01.10 17:25:07.754,1.61825,1.6185,5.60,2.40
2008.01.10 17:25:07.957,1.6182,1.61845,0.80,13.60
2008.01.10 17:25:08.171,1.6182,1.61845,0.80,13.60
2008.01.10 17:25:08.595,1.61815,1.61825,5.60,7.20
2008.01.10 17:25:09.021,1.61815,1.61825,1.60,13.60
2008.01.10 17:25:09.442,1.61805,1.61825,3.20,6.40
2008.01.10 17:25:09.913,1.61805,1.61825,3.20,2.40
2008.01.10 17:25:10.091,1.61805,1.61825,3.20,2.40
2008.01.10 17:25:10.417,1.61805,1.6182,3.20,0.80
2008.01.10 17:25:10.826,1.61805,1.6182,6.40,0.80
2008.01.10 17:25:11.231,1.61805,1.6182,7.20,0.80
2008.01.10 17:25:11.632,1.61805,1.6182,6.40,0.80
2008.01.10 17:25:11.714,1.61805,1.6183,8.00,0.80
2008.01.10 17:25:12.114,1.61805,1.61825,7.20,1.60
2008.01.10 17:25:12.583,1.61805,1.6183,5.60,0.80
2008.01.10 17:25:12.986,1.61805,1.6183,5.60,0.80
2008.01.10 17:25:13.190,1.61805,1.61825,6.40,3.20
2008.01.10 17:25:13.405,1.61805,1.61825,6.40,3.20
2008.01.10 17:25:13.790,1.61805,1.6183,6.40,0.80
2008.01.10 17:25:14.284,1.61805,1.61825,8.00,0.80
2008.01.10 17:25:14.387,1.61805,1.61825,4.00,2.40
2008.01.10 17:25:14.794,1.61805,1.61825,4.00,6.40
2008.01.10 17:25:15.161,1.618,1.61825,0.80,2.40
2008.01.10 17:25:15.523,1.61815,1.61825,0.80,1.60
2008.01.10 17:25:15.696,1.6181,1.61825,0.80,1.60
2008.01.10 17:25:15.922,1.61815,1.61835,1.60,0.80
2008.01.10 17:25:16.603,1.61815,1.6184,3.20,2.40
2008.01.10 17:25:16.903,1.61815,1.6184,8.80,0.80
2008.01.10 17:25:17.388,1.61815,1.6184,8.80,0.80
2008.01.10 17:25:17.616,1.61815,1.6184,12.00,0.80
2008.01.10 17:25:18.257,1.61815,1.6184,12.00,0.80
2008.01.10 17:25:18.474,1.61825,1.61845,6.40,12.80
2008.01.10 17:25:18.694,1.61825,1.61845,6.40,12.80
2008.01.10 17:25:19.097,1.61825,1.61845,6.40,8.00
2008.01.10 17:25:19.539,1.61825,1.61845,9.60,0.80
2008.01.10 17:25:19.789,1.61835,1.61855,8.80,2.40
2008.01.10 17:25:20.038,1.61835,1.61855,8.00,0.80
2008.01.10 17:25:20.591,1.61835,1.61855,8.00,0.80
2008.01.10 17:25:22.660,1.61845,1.61865,3.20,8.00
2008.01.10 17:25:22.897,1.61845,1.61865,3.20,6.40
2008.01.10 17:25:23.149,1.61845,1.61865,3.20,6.40
2008.01.10 17:25:23.208,1.61845,1.61865,3.20,9.60
2008.01.10 17:25:23.421,1.61835,1.6186,5.60,1.60
2008.01.10 17:25:23.687,1.61835,1.6186,5.60,1.60
2008.01.10 17:25:24.209,1.61835,1.61855,1.60,1.60
2008.01.10 17:25:24.736,1.61825,1.61845,4.80,2.40
2008.01.10 17:25:25.154,1.61825,1.61835,3.20,0.80
2008.01.10 17:25:25.363,1.61825,1.61835,3.20,0.80
2008.01.10 17:25:25.574,1.61825,1.61835,3.20,0.80
2008.01.10 17:25:25.977,1.61825,1.61835,3.20,0.80
2008.01.10 17:25:26.290,1.61815,1.61835,4.80,0.80
2008.01.10 17:25:27.123,1.61815,1.61835,4.80,0.80
2008.01.10 17:25:27.507,1.61815,1.61835,6.40,0.80
2008.01.10 17:25:27.706,1.61815,1.61835,12.00,0.80
2008.01.10 17:25:27.916,1.61815,1.61835,12.00,0.80
2008.01.10 17:25:28.346,1.61825,1.61835,3.20,0.80
2008.01.10 17:25:28.779,1.61825,1.61835,4.00,0.80
2008.01.10 17:25:29.205,1.61835,1.6185,4.00,0.80
2008.01.10 17:25:29.703,1.61835,1.6185,2.40,0.80
2008.01.10 17:25:30.220,1.61835,1.6185,2.40,0.80
2008.01.10 17:25:32.037,1.61825,1.61855,7.20,13.60
2008.01.10 17:25:32.048,1.61825,1.61855,7.20,13.60
2008.01.10 17:25:32.304,1.61825,1.61845,7.20,0.80
2008.01.10 17:25:32.593,1.61825,1.6185,2.40,12.00
2008.01.10 17:25:33.168,1.61825,1.6185,2.40,12.00
2008.01.10 17:25:33.693,1.61825,1.61845,2.40,0.70
2008.01.10 17:25:33.835,1.61825,1.61845,10.40,0.70
2008.01.10 17:25:34.243,1.61825,1.6186,11.20,10.40
2008.01.10 17:25:34.644,1.61835,1.61855,1.60,0.70
2008.01.10 17:25:35.039,1.61835,1.61855,1.60,0.70
2008.01.10 17:25:35.428,1.61835,1.6185,1.60,0.80
2008.01.10 17:25:35.916,1.61825,1.61845,5.60,0.80
2008.01.10 17:25:36.217,1.61825,1.61845,4.00,0.80
2008.01.10 17:25:36.571,1.61825,1.6185,4.00,4.80
2008.01.10 17:25:36.983,1.61825,1.6185,1.60,4.80
2008.01.10 17:25:37.420,1.61825,1.6185,1.60,4.80
2008.01.10 17:25:37.620,1.61825,1.61835,1.60,0.80
2008.01.10 17:25:37.839,1.61825,1.6184,1.60,1.60
2008.01.10 17:25:38.034,1.61825,1.61835,1.60,0.80
2008.01.10 17:25:38.247,1.61825,1.61835,1.60,0.80
2008.01.10 17:25:38.628,1.61825,1.61835,1.60,0.80
2008.01.10 17:25:39.147,1.61825,1.61835,1.60,0.80
2008.01.10 17:25:39.461,1.61825,1.6184,1.60,4.00
2008.01.10 17:25:39.681,1.61825,1.6183,1.60,0.80
2008.01.10 17:25:40.098,1.61805,1.6183,8.80,0.80
2008.01.10 17:25:40.537,1.61805,1.6183,8.80,0.80
2008.01.10 17:25:40.906,1.61805,1.6183,4.00,0.80
2008.01.10 17:25:41.471,1.61805,1.61835,4.00,20.00
2008.01.10 17:25:41.919,1.61805,1.61835,4.00,20.00
2008.01.10 17:25:42.235,1.61805,1.61835,4.00,20.00
2008.01.10 17:25:42.740,1.61815,1.61835,4.80,10.40
2008.01.10 17:25:43.149,1.61805,1.61825,0.80,0.60
2008.01.10 17:25:43.558,1.61805,1.6183,3.20,14.40
2008.01.10 17:25:43.587,1.61805,1.61825,4.80,0.50
2008.01.10 17:25:43.981,1.61805,1.6183,6.40,0.80
2008.01.10 17:25:44.374,1.61805,1.61835,4.00,17.60
2008.01.10 17:25:46.449,1.61805,1.6183,4.00,0.80
2008.01.10 17:25:46.952,1.61815,1.6184,1.60,6.40
2008.01.10 17:25:47.169,1.61815,1.6184,1.60,6.40
2008.01.10 17:25:47.189,1.61815,1.6184,1.60,4.80
2008.01.10 17:25:47.401,1.61815,1.6184,1.60,4.80
2008.01.10 17:25:47.648,1.61815,1.61835,4.80,0.50
2008.01.10 17:25:48.178,1.61815,1.6183,4.80,0.80
2008.01.10 17:25:48.700,1.61805,1.61825,5.60,0.70
2008.01.10 17:25:48.883,1.61805,1.6183,3.20,12.80
2008.01.10 17:25:49.257,1.61805,1.6183,3.20,12.80
2008.01.10 17:25:49.621,1.61805,1.61825,3.20,13.60
2008.01.10 17:25:49.856,1.61805,1.61825,3.20,18.40
2008.01.10 17:25:50.343,1.61795,1.61815,1.60,0.90
2008.01.10 17:25:50.824,1.61795,1.61815,1.60,0.80
2008.01.10 17:25:51.117,1.61795,1.6182,1.60,5.60
2008.01.10 17:25:51.362,1.61795,1.61815,1.60,0.80
2008.01.10 17:25:51.769,1.61795,1.61805,0.10,8.80
2008.01.10 17:25:52.203,1.61785,1.61805,4.80,15.20
2008.01.10 17:25:52.431,1.61785,1.618,4.80,0.80
2008.01.10 17:25:52.689,1.61785,1.61805,3.20,11.20
2008.01.10 17:25:53.088,1.61785,1.61805,3.20,9.60
2008.01.10 17:25:53.514,1.61785,1.61805,3.20,11.20
2008.01.10 17:25:53.976,1.61785,1.61805,3.20,12.80
2008.01.10 17:25:54.405,1.61785,1.6181,4.80,13.60
2008.01.10 17:25:54.876,1.61775,1.618,3.80,0.80
2008.01.10 17:25:55.340,1.61775,1.618,5.10,1.60
2008.01.10 17:25:55.522,1.61765,1.61785,10.40,0.80
2008.01.10 17:25:55.740,1.61765,1.61785,5.60,12.00
2008.01.10 17:25:56.117,1.61755,1.6178,6.40,1.60
2008.01.10 17:25:56.492,1.61755,1.61775,6.40,0.80
2008.01.10 17:25:56.946,1.61755,1.61785,6.40,21.40
2008.01.10 17:25:57.214,1.61755,1.6178,6.40,1.60
2008.01.10 17:25:57.481,1.61755,1.6178,1.60,3.20
2008.01.10 17:25:57.891,1.61755,1.61765,1.60,1.60
2008.01.10 17:25:59.957,1.61735,1.6176,6.40,3.20
2008.01.10 17:26:00.192,1.61735,1.61755,6.40,0.80
2008.01.10 17:26:00.454,1.61735,1.61755,6.40,0.80
2008.01.10 17:26:00.690,1.61735,1.61755,4.80,0.80
2008.01.10 17:26:00.744,1.61735,1.6176,4.80,1.60
2008.01.10 17:26:00.964,1.61735,1.6176,4.80,1.60
2008.01.10 17:26:01.488,1.61735,1.61755,4.80,4.00
2008.01.10 17:26:02.017,1.61725,1.6175,9.60,0.80
2008.01.10 17:26:02.435,1.61725,1.61745,9.60,0.80
2008.01.10 17:26:02.847,1.61725,1.61745,7.20,8.80
2008.01.10 17:26:03.054,1.61725,1.61745,3.20,9.60
2008.01.10 17:26:03.352,1.61725,1.61745,3.20,9.60
2008.01.10 17:26:04.351,1.61725,1.61745,3.20,12.80
2008.01.10 17:26:04.690,1.61725,1.61735,3.20,0.80
2008.01.10 17:26:05.087,1.61725,1.61735,3.20,0.80
2008.01.10 17:26:05.311,1.61715,1.61735,7.20,0.80
2008.01.10 17:26:05.655,1.61715,1.6174,8.00,3.20
2008.01.10 17:26:05.989,1.61715,1.6174,8.80,3.20
2008.01.10 17:26:06.438,1.61715,1.6174,15.20,0.80
2008.01.10 17:26:06.651,1.61725,1.6174,2.40,0.80
2008.01.10 17:26:06.874,1.61715,1.6174,9.60,0.80
2008.01.10 17:26:07.288,1.61715,1.6174,10.40,0.80
2008.01.10 17:26:07.698,1.6172,1.61745,0.80,14.40
2008.01.10 17:26:08.192,1.61725,1.61745,3.20,9.60
2008.01.10 17:26:08.714,1.61725,1.61745,3.20,9.60
2008.01.10 17:26:09.096,1.61725,1.6174,3.20,0.80
2008.01.10 17:26:09.293,1.61725,1.61745,3.20,8.80
2008.01.10 17:26:09.524,1.61725,1.61745,3.20,8.00
2008.01.10 17:26:10.004,1.61735,1.61755,4.80,0.80
2008.01.10 17:26:10.482,1.61735,1.6176,5.60,1.60
2008.01.10 17:26:10.959,1.61735,1.6176,4.80,0.80
2008.01.10 17:26:11.493,1.61735,1.6176,4.80,0.80
2008.01.10 17:26:11.828,1.61725,1.6175,7.20,0.80
2008.01.10 17:26:12.229,1.61725,1.6175,7.20,0.80
2008.01.10 17:26:13.097,1.61725,1.6175,7.20,0.80
2008.01.10 17:26:13.538,1.61735,1.6176,4.80,0.80
2008.01.10 17:26:13.792,1.61735,1.61755,4.80,0.80
2008.01.10 17:26:14.096,1.61735,1.61755,7.20,0.80
2008.01.10 17:26:14.479,1.61735,1.6176,8.00,0.80
2008.01.10 17:26:14.958,1.61735,1.6176,9.60,0.80
2008.01.10 17:26:15.377,1.61735,1.6176,8.00,0.80
2008.01.10 17:26:15.405,1.61735,1.6176,8.00,0.80
2008.01.10 17:26:15.816,1.6174,1.61765,0.80,16.00
2008.01.10 17:26:16.023,1.6174,1.61765,0.80,12.00
2008.01.10 17:26:16.236,1.6174,1.61765,0.80,8.00
2008.01.10 17:26:16.639,1.61745,1.61765,4.00,7.20
2008.01.10 17:26:17.039,1.61755,1.61765,0.80,0.80
2008.01.10 17:26:17.547,1.61745,1.6177,8.80,0.80
2008.01.10 17:26:18.629,1.61745,1.6177,8.80,0.80
2008.01.10 17:26:19.341,1.6175,1.61775,0.80,10.40
2008.01.10 17:26:19.610,1.61755,1.61775,4.80,2.40
2008.01.10 17:26:19.877,1.61755,1.6177,3.20,0.80
2008.01.10 17:26:20.328,1.61755,1.6177,3.20,0.80
2008.01.10 17:26:20.743,1.61755,1.61775,4.00,11.20
2008.01.10 17:26:20.996,1.61755,1.61775,5.60,0.80
2008.01.10 17:26:21.221,1.61755,1.6178,4.80,3.20
2008.01.10 17:26:21.631,1.61755,1.61775,4.80,0.80
2008.01.10 17:26:22.057,1.61755,1.61775,4.80,0.80
2008.01.10 17:26:22.502,1.61755,1.61775,4.80,0.80
2008.01.10 17:26:22.564,1.61755,1.61775,5.60,0.80
2008.01.10 17:26:22.977,1.61775,1.61785,4.80,0.10
2008.01.10 17:26:23.416,1.61775,1.61795,6.40,5.60
2008.01.10 17:26:23.858,1.61775,1.61795,3.20,1.60
2008.01.10 17:26:23.924,1.61775,1.61805,3.20,7.20
2008.01.10 17:26:26.268,1.61775,1.618,2.40,1.60
2008.01.10 17:26:26.736,1.61775,1.618,2.40,1.60
2008.01.10 17:26:26.950,1.61795,1.61815,1.60,11.20
2008.01.10 17:26:27.167,1.61795,1.61815,1.60,10.40
2008.01.10 17:26:27.570,1.61785,1.6181,3.20,0.80
2008.01.10 17:26:27.821,1.61785,1.61805,2.40,11.20
2008.01.10 17:26:28.068,1.61785,1.61805,1.60,11.20
2008.01.10 17:26:28.270,1.6178,1.61805,2.40,11.20
2008.01.10 17:26:28.481,1.61785,1.61805,0.50,8.00
2008.01.10 17:26:28.702,1.6178,1.61805,2.40,8.00
2008.01.10 17:26:28.924,1.61785,1.618,1.10,2.40
2008.01.10 17:26:29.329,1.6177,1.61795,6.40,0.80
2008.01.10 17:26:29.552,1.61775,1.618,1.50,2.40
2008.01.10 17:26:29.836,1.61775,1.61805,10.40,8.00
2008.01.10 17:26:30.250,1.61775,1.61805,11.20,11.20
2008.01.10 17:26:30.729,1.61775,1.61805,18.40,11.20
2008.01.10 17:26:31.105,1.61775,1.61805,4.00,11.20
2008.01.10 17:26:31.293,1.61765,1.6179,24.00,0.80
2008.01.10 17:26:31.515,1.61775,1.6179,0.70,0.80
2008.01.10 17:26:31.891,1.61765,1.6178,0.80,0.80
2008.01.10 17:26:32.347,1.6175,1.61775,12.00,0.80
2008.01.10 17:26:32.610,1.6175,1.61775,4.80,0.80
2008.01.10 17:26:35.111,1.6175,1.61775,3.20,8.00
2008.01.10 17:26:35.360,1.61735,1.61765,9.60,14.40
2008.01.10 17:26:35.640,1.61735,1.61765,9.60,14.40
2008.01.10 17:26:35.896,1.61725,1.6175,26.30,0.80
2008.01.10 17:26:35.917,1.61725,1.6175,22.30,0.80
2008.01.10 17:26:36.541,1.61735,1.6175,0.70,0.80
2008.01.10 17:26:36.684,1.61725,1.6175,14.90,0.80
2008.01.10 17:26:37.108,1.61725,1.6175,11.10,0.80
2008.01.10 17:26:37.534,1.61725,1.61755,5.50,8.80
2008.01.10 17:26:37.997,1.61715,1.61745,23.90,11.20
2008.01.10 17:26:38.456,1.61725,1.61735,1.20,0.80
2008.01.10 17:26:38.644,1.61725,1.61735,0.60,8.00
2008.01.10 17:26:38.900,1.61715,1.61735,9.60,0.80
2008.01.10 17:26:39.254,1.6171,1.6174,12.80,2.40
2008.01.10 17:26:39.644,1.6171,1.61745,14.40,12.00
2008.01.10 17:26:40.157,1.61705,1.61735,28.80,4.00
2008.01.10 17:26:40.671,1.61715,1.6174,5.10,0.80
2008.01.10 17:26:40.854,1.61715,1.61745,14.40,4.80
2008.01.10 17:26:41.072,1.61715,1.61745,19.20,4.00
2008.01.10 17:26:41.449,1.61725,1.61745,4.10,1.60
2008.01.10 17:26:41.676,1.61725,1.6175,3.30,0.80
2008.01.10 17:26:41.931,1.6172,1.6175,11.20,0.80
2008.01.10 17:26:42.316,1.6172,1.6175,11.20,0.80
2008.01.10 17:26:42.740,1.6172,1.6175,11.20,0.80
2008.01.10 17:26:43.021,1.6172,1.61745,2.40,1.60
2008.01.10 17:26:43.305,1.61715,1.6174,20.80,0.80
2008.01.10 17:26:43.724,1.61715,1.6174,18.40,0.80
2008.01.10 17:26:44.119,1.6172,1.6175,14.40,0.80
2008.01.10 17:26:44.522,1.6172,1.6175,14.40,0.80
2008.01.10 17:26:44.974,1.6172,1.6175,14.40,0.80
2008.01.10 17:26:45.447,1.61725,1.61745,4.00,4.00
2008.01.10 17:26:46.067,1.6172,1.61745,9.60,4.00
2008.01.10 17:26:46.363,1.61735,1.61745,0.60,0.80
2008.01.10 17:26:46.766,1.61725,1.61735,1.10,0.80
2008.01.10 17:26:47.188,1.61715,1.61735,12.00,0.80
2008.01.10 17:26:47.619,1.61715,1.61735,2.40,0.80
2008.01.10 17:26:47.756,1.61705,1.61735,15.80,0.80
2008.01.10 17:26:48.064,1.61705,1.61735,16.60,0.80
2008.01.10 17:26:48.559,1.61705,1.61735,16.60,0.80
2008.01.10 17:26:49.042,1.61715,1.61735,0.60,0.80
2008.01.10 17:26:49.266,1.61715,1.61735,1.70,0.80
2008.01.10 17:26:49.917,1.61715,1.61735,0.70,0.80
2008.01.10 17:26:50.140,1.61705,1.61735,9.60,0.80
2008.01.10 17:26:50.368,1.61695,1.61725,11.20,5.60
2008.01.10 17:26:50.782,1.61705,1.61725,2.40,5.60
2008.01.10 17:26:51.219,1.61705,1.61725,1.60,5.60
2008.01.10 17:26:51.674,1.61695,1.61725,10.40,2.40
2008.01.10 17:26:52.227,1.61695,1.61725,10.40,2.40
2008.01.10 17:26:52.810,1.61705,1.61725,0.60,2.40
2008.01.10 17:26:53.132,1.61695,1.61725,10.40,2.40
2008.01.10 17:26:53.542,1.61705,1.61725,2.00,2.40
2008.01.10 17:26:53.993,1.617,1.6173,5.60,2.40
2008.01.10 17:26:54.249,1.617,1.6173,5.60,0.80
2008.01.10 17:26:55.623,1.61705,1.6173,1.30,0.80
2008.01.10 17:26:56.144,1.61705,1.6173,1.60,0.80
2008.01.10 17:26:56.368,1.617,1.6173,5.60,0.80
2008.01.10 17:26:56.396,1.617,1.6173,4.80,0.80
2008.01.10 17:26:56.640,1.617,1.6173,4.80,0.80
2008.01.10 17:26:57.163,1.617,1.61735,5.60,20.00
2008.01.10 17:26:58.179,1.61705,1.61735,4.80,20.00
2008.01.10 17:26:58.407,1.61705,1.61725,6.40,7.20
2008.01.10 17:26:58.752,1.61705,1.61725,6.40,7.20
2008.01.10 17:26:59.092,1.61705,1.61725,7.20,7.20
2008.01.10 17:26:59.554,1.61705,1.61735,8.80,15.20
2008.01.10 17:27:00.033,1.61705,1.61735,9.60,15.20
2008.01.10 17:27:00.890,1.61705,1.61735,9.60,0.80
2008.01.10 17:27:00.898,1.61705,1.6174,9.60,16.80
2008.01.10 17:27:01.336,1.61705,1.6174,10.90,14.40
2008.01.10 17:27:01.775,1.61705,1.6174,10.90,14.40
2008.01.10 17:27:01.997,1.61715,1.61735,0.80,0.70
2008.01.10 17:27:02.306,1.6172,1.61735,0.80,0.60
2008.01.10 17:27:02.741,1.6172,1.61745,0.80,14.20
2008.01.10 17:27:03.048,1.6172,1.61745,0.80,12.60
2008.01.10 17:27:03.258,1.61715,1.6174,6.00,12.80
2008.01.10 17:27:03.675,1.61715,1.6174,6.00,12.80
2008.01.10 17:27:03.884,1.61715,1.6174,4.80,8.00
2008.01.10 17:27:04.108,1.61715,1.61735,4.80,0.90
2008.01.10 17:27:04.588,1.6172,1.61735,0.80,0.50
2008.01.10 17:27:04.876,1.61725,1.61735,1.60,0.50
2008.01.10 17:27:05.166,1.6172,1.61745,0.80,9.60
2008.01.10 17:27:05.558,1.6172,1.61745,0.80,9.60
2008.01.10 17:27:05.766,1.6173,1.61735,0.80,0.90
2008.01.10 17:27:05.999,1.6173,1.61735,0.80,0.70
2008.01.10 17:27:06.561,1.6173,1.61735,0.80,0.50
2008.01.10 17:27:06.986,1.6173,1.61745,0.80,0.80
2008.01.10 17:27:07.259,1.61725,1.6175,3.20,8.00
2008.01.10 17:27:07.492,1.61725,1.6175,3.20,15.20
2008.01.10 17:27:07.912,1.61725,1.61745,5.60,0.70
2008.01.10 17:27:08.332,1.61725,1.6175,4.80,10.40
2008.01.10 17:27:08.566,1.61725,1.6175,3.20,14.40
2008.01.10 17:27:08.934,1.61725,1.61745,3.20,0.70
2008.01.10 17:27:09.208,1.61725,1.6175,4.00,11.20
2008.01.10 17:27:09.442,1.61725,1.61745,4.00,0.80
2008.01.10 17:27:09.729,1.61725,1.61745,4.00,0.60
2008.01.10 17:27:10.627,1.61725,1.61745,4.00,0.70
2008.01.10 17:27:10.850,1.61715,1.61735,18.40,0.90
2008.01.10 17:27:11.083,1.61715,1.61745,18.40,14.40
2008.01.10 17:27:11.486,1.61715,1.6174,6.40,6.40
2008.01.10 17:27:11.898,1.61715,1.6174,5.60,7.20
2008.01.10 17:27:12.122,1.61715,1.61725,4.00,0.70
2008.01.10 17:27:12.344,1.61705,1.61725,7.20,0.70
2008.01.10 17:27:12.747,1.61705,1.6173,7.20,8.00
2008.01.10 17:27:13.005,1.61705,1.6173,5.60,7.20
2008.01.10 17:27:13.264,1.61705,1.61725,5.60,0.70
2008.01.10 17:27:13.762,1.61705,1.61725,5.60,15.20
2008.01.10 17:27:14.171,1.61705,1.61725,6.40,12.00
2008.01.10 17:27:14.581,1.61715,1.6173,3.20,7.20
2008.01.10 17:27:14.814,1.61715,1.6173,3.20,6.40
2008.01.10 17:27:15.092,1.61715,1.6173,3.20,7.20
2008.01.10 17:27:15.593,1.61705,1.6173,7.20,7.20
2008.01.10 17:27:15.995,1.61705,1.6173,5.60,13.60
2008.01.10 17:27:16.201,1.61705,1.61725,3.20,14.40
2008.01.10 17:27:16.468,1.61695,1.61715,4.00,0.80
2008.01.10 17:27:16.862,1.61695,1.61715,4.00,0.80
2008.01.10 17:27:17.065,1.61695,1.61725,1.60,23.20
2008.01.10 17:27:17.279,1.61695,1.6172,1.60,0.80
2008.01.10 17:27:17.731,1.61695,1.6172,8.80,12.00
2008.01.10 17:27:18.189,1.61695,1.6172,14.40,0.80
2008.01.10 17:27:18.622,1.61705,1.6173,5.60,14.40
2008.01.10 17:27:18.849,1.61705,1.61725,7.20,0.80
2008.01.10 17:27:19.237,1.61705,1.6173,7.20,1.60
2008.01.10 17:27:19.494,1.61705,1.61735,7.20,18.20
2008.01.10 17:27:19.780,1.61705,1.6173,5.60,11.20
2008.01.10 17:27:20.954,1.61705,1.61725,5.60,0.60
2008.01.10 17:27:21.360,1.61705,1.61725,8.00,0.80
2008.01.10 17:27:21.816,1.61705,1.61725,8.00,0.60
2008.01.10 17:27:22.263,1.61705,1.61725,12.90,0.70
2008.01.10 17:27:22.521,1.61705,1.61735,9.60,12.80
2008.01.10 17:27:22.761,1.61725,1.61745,3.20,23.80
2008.01.10 17:27:23.180,1.61725,1.61735,3.20,0.80
2008.01.10 17:27:23.600,1.61715,1.61735,6.40,0.60
2008.01.10 17:27:24.028,1.61715,1.6174,4.80,15.20
2008.01.10 17:27:24.067,1.61715,1.61735,5.60,0.80
2008.01.10 17:27:24.476,1.61715,1.61725,4.80,0.70
2008.01.10 17:27:24.898,1.61715,1.6173,4.80,3.20
2008.01.10 17:27:25.363,1.61715,1.6174,3.20,10.40
2008.01.10 17:27:25.637,1.61715,1.61745,4.80,16.60
2008.01.10 17:27:25.911,1.61725,1.61745,3.20,13.50
2008.01.10 17:27:26.267,1.61725,1.6174,3.20,3.20
2008.01.10 17:27:27.718,1.61715,1.61735,7.20,0.50
2008.01.10 17:27:28.044,1.61705,1.6173,6.40,10.40
2008.01.10 17:27:28.347,1.61705,1.6173,7.20,8.00
2008.01.10 17:27:28.455,1.61715,1.6174,3.20,14.40
2008.01.10 17:27:28.799,1.61715,1.61735,3.20,12.80
2008.01.10 17:27:29.273,1.61715,1.61735,4.80,4.00
2008.01.10 17:27:29.606,1.61715,1.61735,5.60,2.40
2008.01.10 17:27:31.701,1.61715,1.61735,4.80,5.60
2008.01.10 17:27:31.967,1.61715,1.61735,3.20,12.80
2008.01.10 17:27:32.267,1.61715,1.61735,3.20,12.80
2008.01.10 17:27:32.350,1.61715,1.61735,0.30,16.00
2008.01.10 17:27:32.578,1.61715,1.61735,0.40,17.60
2008.01.10 17:27:32.662,1.6171,1.61735,0.80,16.80
2008.01.10 17:27:32.889,1.61715,1.61735,4.80,3.20
2008.01.10 17:27:33.404,1.61715,1.61735,4.80,2.40
2008.01.10 17:27:33.935,1.61715,1.61735,4.80,2.40
2008.01.10 17:27:34.158,1.61715,1.61735,4.80,2.40
2008.01.10 17:27:34.373,1.61715,1.61735,4.80,4.00
2008.01.10 17:27:34.776,1.61715,1.61735,3.20,15.20
2008.01.10 17:27:34.989,1.61715,1.61735,4.80,3.20
2008.01.10 17:27:36.786,1.61715,1.61735,4.80,2.40
2008.01.10 17:27:36.812,1.61715,1.61735,4.80,2.40
2008.01.10 17:27:37.068,1.61715,1.61735,4.80,2.40
2008.01.10 17:27:37.290,1.61715,1.6174,8.00,3.20
2008.01.10 17:27:37.524,1.61715,1.6174,8.00,3.20
2008.01.10 17:27:37.776,1.61715,1.6174,8.00,3.20
2008.01.10 17:27:38.306,1.61725,1.61745,3.20,12.00
2008.01.10 17:27:38.943,1.61725,1.61745,3.20,12.00
2008.01.10 17:27:39.371,1.61725,1.61745,3.20,12.00
2008.01.10 17:27:39.783,1.61725,1.61745,3.20,12.00
2008.01.10 17:27:39.932,1.61725,1.61745,1.10,12.00
2008.01.10 17:27:40.178,1.61715,1.61745,13.40,12.00
2008.01.10 17:27:40.510,1.61715,1.61745,15.20,10.40
2008.01.10 17:27:40.988,1.61725,1.61745,3.20,10.40
2008.01.10 17:27:42.190,1.61725,1.61745,3.20,10.40
2008.01.10 17:27:42.667,1.61725,1.61745,4.00,9.60
2008.01.10 17:27:42.909,1.61725,1.61745,11.20,7.20
2008.01.10 17:27:43.154,1.6174,1.61745,0.80,7.20
2008.01.10 17:27:43.563,1.6174,1.61745,0.80,1.60
2008.01.10 17:27:43.781,1.61735,1.61755,7.20,1.60
2008.01.10 17:27:45.436,1.61735,1.61755,7.20,1.60
2008.01.10 17:27:45.756,1.61725,1.61755,12.80,12.80
2008.01.10 17:27:46.070,1.61725,1.61755,12.80,12.80
2008.01.10 17:27:46.179,1.61725,1.61755,11.20,13.60
2008.01.10 17:27:46.815,1.61725,1.61755,11.20,13.60
2008.01.10 17:27:47.150,1.61725,1.61755,7.20,14.40
2008.01.10 17:27:47.482,1.61725,1.61755,4.00,14.40
2008.01.10 17:27:47.928,1.61725,1.61745,1.60,1.60
2008.01.10 17:27:48.338,1.61715,1.6174,13.60,0.80
2008.01.10 17:27:48.559,1.6172,1.6174,0.80,0.80
2008.01.10 17:27:48.776,1.6172,1.61745,0.80,5.60
2008.01.10 17:27:49.237,1.61725,1.61745,1.60,8.80
2008.01.10 17:27:49.709,1.6172,1.61745,0.80,9.60
2008.01.10 17:27:50.141,1.6172,1.61735,0.80,4.00
2008.01.10 17:27:50.358,1.61715,1.61725,1.60,1.60
2008.01.10 17:27:51.000,1.61715,1.61725,1.60,1.60
2008.01.10 17:27:51.253,1.61705,1.61725,4.80,1.60
2008.01.10 17:27:51.610,1.61705,1.61725,4.80,1.60
2008.01.10 17:27:52.003,1.61715,1.61735,1.60,11.20
2008.01.10 17:27:52.297,1.61715,1.61735,1.60,11.20
2008.01.10 17:27:52.556,1.61715,1.61735,1.60,8.80
2008.01.10 17:27:53.003,1.61715,1.61735,4.40,7.20
2008.01.10 17:27:53.073,1.61715,1.6174,5.00,0.80
2008.01.10 17:27:53.453,1.61725,1.61745,7.20,3.20
2008.01.10 17:27:53.688,1.61725,1.61745,7.20,2.40
2008.01.10 17:27:53.922,1.61725,1.61745,5.60,8.80
2008.01.10 17:27:54.388,1.61725,1.61745,5.60,8.80
2008.01.10 17:27:54.911,1.61725,1.61745,5.60,8.80
2008.01.10 17:27:55.956,1.61725,1.61745,5.60,8.80
2008.01.10 17:27:56.599,1.61725,1.61745,4.00,12.00
2008.01.10 17:27:56.876,1.61725,1.61745,5.60,6.40
2008.01.10 17:27:57.079,1.61725,1.61745,5.60,5.60
2008.01.10 17:27:57.452,1.61725,1.61745,5.60,5.60
2008.01.10 17:27:57.706,1.61725,1.61745,4.80,5.60
2008.01.10 17:27:57.922,1.61725,1.61745,3.20,7.20
2008.01.10 17:27:58.211,1.61725,1.61745,3.20,7.20
2008.01.10 17:27:58.579,1.61725,1.61745,3.20,7.20
2008.01.10 17:27:58.833,1.61725,1.61745,3.20,8.00
2008.01.10 17:27:59.087,1.61725,1.61745,3.20,8.80
2008.01.10 17:27:59.501,1.61725,1.61745,3.20,7.20
2008.01.10 17:27:59.706,1.6172,1.61745,4.00,7.20
2008.01.10 17:27:59.988,1.6172,1.61745,6.40,9.60
2008.01.10 17:28:00.090,1.6172,1.61745,6.40,9.60
2008.01.10 17:28:00.503,1.6172,1.61735,0.80,4.00
2008.01.10 17:28:00.906,1.61715,1.61735,2.80,4.00
2008.01.10 17:28:01.119,1.61715,1.61735,0.50,5.60
2008.01.10 17:28:01.336,1.61715,1.61725,0.60,3.20
2008.01.10 17:28:01.568,1.6171,1.61725,0.80,3.20
2008.01.10 17:28:01.802,1.617,1.61725,6.40,10.40
2008.01.10 17:28:02.414,1.617,1.61725,7.20,7.20
2008.01.10 17:28:02.667,1.617,1.61725,8.80,7.20
2008.01.10 17:28:02.927,1.61715,1.61735,0.60,16.00
2008.01.10 17:28:03.190,1.61715,1.61725,0.60,4.00
2008.01.10 17:28:03.602,1.61705,1.61725,8.60,10.40
2008.01.10 17:28:04.006,1.617,1.61725,7.20,3.20
2008.01.10 17:28:04.224,1.6171,1.61725,0.80,3.20
2008.01.10 17:28:04.451,1.61705,1.61725,7.20,3.20
2008.01.10 17:28:04.667,1.61705,1.61725,10.20,3.20
2008.01.10 17:28:04.962,1.61715,1.61725,0.60,4.00
2008.01.10 17:28:05.446,1.61715,1.61725,0.60,3.20
2008.01.10 17:28:05.740,1.61705,1.61725,5.40,11.20
2008.01.10 17:28:05.950,1.617,1.61725,4.00,12.00
2008.01.10 17:28:06.352,1.61705,1.61725,0.70,12.80
2008.01.10 17:28:06.769,1.617,1.61725,4.00,12.80
2008.01.10 17:28:07.446,1.61705,1.61725,1.20,12.00
2008.01.10 17:28:07.757,1.617,1.61725,4.00,4.80
2008.01.10 17:28:08.202,1.61705,1.61725,0.80,4.00
2008.01.10 17:28:08.464,1.617,1.61725,4.00,4.00
2008.01.10 17:28:08.750,1.617,1.61725,4.00,4.00
2008.01.10 17:28:09.161,1.617,1.61725,4.00,4.00
2008.01.10 17:28:10.656,1.617,1.61725,4.00,4.00
2008.01.10 17:28:11.288,1.617,1.61725,4.00,4.00
2008.01.10 17:28:11.673,1.617,1.61725,4.00,0.80
2008.01.10 17:28:12.188,1.61705,1.61725,0.90,0.80
2008.01.10 17:28:12.382,1.617,1.61715,4.00,0.80
2008.01.10 17:28:12.685,1.61695,1.61715,19.80,0.80
2008.01.10 17:28:12.998,1.61695,1.61715,19.80,0.80
2008.01.10 17:28:13.261,1.61695,1.6171,3.80,0.80
2008.01.10 17:28:13.525,1.61685,1.61705,33.10,1.60
2008.01.10 17:28:13.938,1.61685,1.6171,33.10,0.80
2008.01.10 17:28:14.396,1.61695,1.617,0.80,0.80
2008.01.10 17:28:14.900,1.61685,1.6169,26.00,2.40
2008.01.10 17:28:15.017,1.61685,1.6169,25.70,1.60
2008.01.10 17:28:15.443,1.61685,1.6169,27.10,1.60
2008.01.10 17:28:15.774,1.61675,1.61685,11.50,2.40
2008.01.10 17:28:16.154,1.61665,1.61685,14.70,8.80
2008.01.10 17:28:16.541,1.61665,1.61685,4.50,8.00
2008.01.10 17:28:16.794,1.61665,1.61685,9.50,7.20
2008.01.10 17:28:17.111,1.61665,1.61685,9.50,7.20
2008.01.10 17:28:17.450,1.6167,1.6169,7.90,0.80
2008.01.10 17:28:17.873,1.61675,1.617,8.70,0.80
2008.01.10 17:28:18.106,1.6168,1.61705,1.60,3.90
2008.01.10 17:28:18.340,1.6168,1.61705,3.20,6.30
2008.01.10 17:28:18.748,1.61685,1.61705,2.90,6.30
2008.01.10 17:28:18.961,1.6168,1.61705,7.10,8.00
2008.01.10 17:28:19.177,1.61685,1.61705,2.20,7.20
2008.01.10 17:28:19.334,1.6168,1.6171,9.50,10.40
2008.01.10 17:28:19.581,1.61685,1.61715,0.70,0.60
2008.01.10 17:28:20.099,1.6169,1.61715,3.20,4.70
2008.01.10 17:28:20.428,1.6168,1.6171,10.40,10.40
2008.01.10 17:28:20.640,1.61685,1.61705,0.90,0.90
2008.01.10 17:28:20.829,1.6168,1.61705,6.40,9.60
2008.01.10 17:28:21.111,1.6168,1.61705,4.00,13.60
2008.01.10 17:28:21.437,1.6168,1.61705,4.00,11.20
2008.01.10 17:28:21.880,1.61685,1.61695,0.50,0.80
2008.01.10 17:28:22.123,1.61675,1.61695,0.80,0.90
2008.01.10 17:28:22.784,1.6167,1.617,9.60,4.80
2008.01.10 17:28:23.214,1.6167,1.61705,5.60,22.40
2008.01.10 17:28:23.661,1.6167,1.61705,5.60,22.40
2008.01.10 17:28:24.082,1.61675,1.617,0.70,0.60
2008.01.10 17:28:24.300,1.61675,1.617,0.90,0.60
2008.01.10 17:28:24.651,1.6167,1.61705,5.60,23.80
2008.01.10 17:28:24.959,1.6167,1.61705,5.60,23.80
2008.01.10 17:28:25.257,1.61675,1.61695,0.80,0.70
2008.01.10 17:28:25.677,1.61665,1.617,10.20,5.60
2008.01.10 17:28:26.020,1.61675,1.61695,0.70,0.70
2008.01.10 17:28:26.429,1.61675,1.61695,0.90,0.60
2008.01.10 17:28:26.649,1.6167,1.617,2.40,7.20
2008.01.10 17:28:26.868,1.6167,1.61685,0.80,0.60
2008.01.10 17:28:27.272,1.6165,1.61685,15.60,14.40
2008.01.10 17:28:27.484,1.6165,1.6168,5.60,14.40
2008.01.10 17:28:27.726,1.61655,1.61665,0.50,0.80
2008.01.10 17:28:28.116,1.61655,1.61665,0.80,0.60
2008.01.10 17:28:28.581,1.6164,1.6167,4.00,12.00
2008.01.10 17:28:28.859,1.61645,1.6167,3.20,16.00
2008.01.10 17:28:29.137,1.61645,1.6166,3.20,4.00
2008.01.10 17:28:29.488,1.61635,1.6166,8.00,5.60
2008.01.10 17:28:29.674,1.61635,1.6166,7.20,4.80
2008.01.10 17:28:29.899,1.61635,1.6166,7.20,5.60
2008.01.10 17:28:30.279,1.61635,1.6166,7.20,5.60
2008.01.10 17:28:30.789,1.61635,1.6166,4.80,2.40
2008.01.10 17:28:31.104,1.6164,1.6167,0.80,22.30
2008.01.10 17:28:31.418,1.61635,1.6166,5.60,4.00
2008.01.10 17:28:31.727,1.61635,1.6166,4.80,12.00
2008.01.10 17:28:31.924,1.61635,1.6166,4.80,12.80
2008.01.10 17:28:32.274,1.61635,1.61655,4.80,0.90
2008.01.10 17:28:32.636,1.61635,1.61655,4.80,0.90
2008.01.10 17:28:33.089,1.61625,1.6166,8.80,16.80
2008.01.10 17:28:33.369,1.61635,1.6166,2.40,10.40
2008.01.10 17:28:33.586,1.61635,1.6166,2.40,8.80
2008.01.10 17:28:33.995,1.61635,1.61655,4.80,0.80
2008.01.10 17:28:34.214,1.61635,1.6166,1.60,8.00
2008.01.10 17:28:34.436,1.61635,1.6166,1.60,8.00
2008.01.10 17:28:34.878,1.61635,1.61655,1.60,0.80
2008.01.10 17:28:35.316,1.61635,1.61655,1.60,7.10
2008.01.10 17:28:35.567,1.61625,1.6165,7.20,6.40
2008.01.10 17:28:35.836,1.61625,1.6165,5.60,14.40
2008.01.10 17:28:36.250,1.61625,1.6165,5.60,14.40
2008.01.10 17:28:37.216,1.61625,1.6165,5.60,14.40
2008.01.10 17:28:37.622,1.61625,1.6165,3.20,15.20
2008.01.10 17:28:38.037,1.61625,1.6165,3.20,15.20
2008.01.10 17:28:38.290,1.61625,1.61645,3.20,0.50
2008.01.10 17:28:38.794,1.61625,1.6165,3.20,14.40
2008.01.10 17:28:39.119,1.61625,1.6165,3.20,14.40
2008.01.10 17:28:39.493,1.6162,1.6165,0.80,18.40
2008.01.10 17:28:39.931,1.61615,1.61645,13.60,0.80
2008.01.10 17:28:40.178,1.61615,1.6165,5.60,24.00
2008.01.10 17:28:40.426,1.61615,1.61645,6.40,0.70
2008.01.10 17:28:40.843,1.61615,1.6164,4.80,6.40
2008.01.10 17:28:41.288,1.61615,1.6164,1.60,0.60
2008.01.10 17:28:41.728,1.61625,1.6164,3.20,0.70
2008.01.10 17:28:41.971,1.61625,1.61645,3.20,24.80
2008.01.10 17:28:42.215,1.61625,1.6164,3.20,0.70
2008.01.10 17:28:42.431,1.61625,1.61645,3.20,20.00
2008.01.10 17:28:42.650,1.61625,1.6164,3.20,0.60
2008.01.10 17:28:42.869,1.61615,1.6163,0.80,0.80
2008.01.10 17:28:43.108,1.61615,1.61635,0.80,13.60
2008.01.10 17:28:43.518,1.61615,1.61635,4.80,4.80
2008.01.10 17:28:43.580,1.61615,1.6164,4.80,0.90
2008.01.10 17:28:44.030,1.61615,1.61645,4.80,22.40
2008.01.10 17:28:44.284,1.61615,1.6164,0.80,13.60
2008.01.10 17:28:44.538,1.61615,1.6164,1.70,8.80
2008.01.10 17:28:44.992,1.61615,1.61645,1.60,25.50
2008.01.10 17:28:45.265,1.61615,1.6164,3.20,11.20
2008.01.10 17:28:45.540,1.61615,1.61635,3.30,0.80
2008.01.10 17:28:45.983,1.61615,1.6164,3.30,13.60
2008.01.10 17:28:46.195,1.61615,1.6164,3.30,13.60
2008.01.10 17:28:46.720,1.61615,1.61635,3.30,12.00
2008.01.10 17:28:47.245,1.61615,1.61635,3.30,12.00
2008.01.10 17:28:47.557,1.61615,1.61635,3.30,12.00
2008.01.10 17:28:47.766,1.61615,1.61635,3.30,12.00
2008.01.10 17:28:48.088,1.61615,1.61635,3.30,12.00
2008.01.10 17:28:48.286,1.61615,1.61635,3.30,12.00
2008.01.10 17:28:48.591,1.61615,1.61635,3.20,17.60
2008.01.10 17:28:49.032,1.61615,1.61635,4.90,8.00
2008.01.10 17:28:49.087,1.61615,1.61635,4.90,8.00
2008.01.10 17:28:49.575,1.61615,1.61635,4.90,8.00
2008.01.10 17:28:51.145,1.61615,1.61635,4.90,8.00
2008.01.10 17:28:51.529,1.61615,1.61635,4.90,7.20
2008.01.10 17:28:51.778,1.61615,1.61635,5.70,0.80
2008.01.10 17:28:52.076,1.61615,1.6164,5.70,0.80
2008.01.10 17:28:52.695,1.61615,1.6164,5.70,0.80
2008.01.10 17:28:53.208,1.61615,1.6164,5.70,0.80
2008.01.10 17:28:53.227,1.61625,1.61645,0.20,14.40
2008.01.10 17:28:53.587,1.61625,1.61645,0.20,11.20
2008.01.10 17:28:53.672,1.61625,1.61645,0.20,11.20
2008.01.10 17:28:54.070,1.61625,1.61645,0.20,11.20
2008.01.10 17:28:54.183,1.61625,1.61645,0.20,11.20
2008.01.10 17:28:54.552,1.6162,1.61645,0.80,7.20
2008.01.10 17:28:54.699,1.6162,1.61645,0.80,0.80
2008.01.10 17:28:55.034,1.6162,1.6165,0.80,10.40
2008.01.10 17:28:55.518,1.6162,1.6165,0.80,10.40
2008.01.10 17:28:55.817,1.61635,1.61655,0.20,15.20
2008.01.10 17:28:56.116,1.61635,1.6166,0.20,12.80
2008.01.10 17:28:56.494,1.61635,1.6166,1.60,5.60
2008.01.10 17:28:56.894,1.61635,1.6166,1.60,6.40
2008.01.10 17:28:57.113,1.61635,1.61655,1.60,0.70
2008.01.10 17:28:57.917,1.61635,1.6166,1.60,10.40
2008.01.10 17:28:58.360,1.61635,1.6166,1.60,10.40
2008.01.10 17:28:58.773,1.61625,1.6165,5.70,4.00
2008.01.10 17:28:59.242,1.61625,1.61645,4.00,0.70
2008.01.10 17:28:59.445,1.61625,1.61635,1.60,0.80
2008.01.10 17:28:59.652,1.61625,1.6164,1.60,2.40
2008.01.10 17:29:00.072,1.61625,1.6164,1.60,2.40
2008.01.10 17:29:00.520,1.61615,1.6164,3.30,1.60
2008.01.10 17:29:00.965,1.61605,1.6164,9.60,10.40
2008.01.10 17:29:01.038,1.61615,1.6164,0.20,13.60
2008.01.10 17:29:01.579,1.61615,1.61635,0.20,0.60
2008.01.10 17:29:01.894,1.61615,1.61635,0.20,0.50
2008.01.10 17:29:02.143,1.61605,1.61635,4.90,0.60
2008.01.10 17:29:02.391,1.61605,1.61635,4.90,0.60
2008.01.10 17:29:02.995,1.61605,1.6164,3.30,21.60
2008.01.10 17:29:03.423,1.61605,1.6164,3.30,21.60
2008.01.10 17:29:03.643,1.61605,1.6164,3.30,21.60
2008.01.10 17:29:04.127,1.61605,1.61635,3.30,0.50
2008.01.10 17:29:04.420,1.61625,1.6164,0.80,9.60
2008.01.10 17:29:04.713,1.61625,1.61645,1.60,0.70
2008.01.10 17:29:05.103,1.61625,1.6165,0.20,10.40
2008.01.10 17:29:05.534,1.61625,1.6165,8.80,10.40
2008.01.10 17:29:05.933,1.61625,1.61645,5.00,0.50
2008.01.10 17:29:06.139,1.61635,1.61645,3.20,3.20
2008.01.10 17:29:06.349,1.61615,1.61645,14.60,8.00
2008.01.10 17:29:06.746,1.61615,1.61645,12.10,15.20
2008.01.10 17:29:07.226,1.6162,1.6165,0.80,20.00
2008.01.10 17:29:07.519,1.61615,1.61635,2.50,0.50
2008.01.10 17:29:07.812,1.61615,1.61635,1.60,0.80
2008.01.10 17:29:08.164,1.61615,1.61635,1.60,0.50
2008.01.10 17:29:08.355,1.61605,1.6163,8.90,3.20
2008.01.10 17:29:08.573,1.61605,1.6163,10.50,8.00
2008.01.10 17:29:08.950,1.61605,1.6163,6.50,8.80
2008.01.10 17:29:09.249,1.61605,1.6163,4.80,14.40
2008.01.10 17:29:09.735,1.61605,1.6163,4.80,14.40
2008.01.10 17:29:10.710,1.61605,1.61625,4.80,0.50
2008.01.10 17:29:11.134,1.61605,1.6163,4.90,4.00
2008.01.10 17:29:11.317,1.61605,1.6163,4.90,8.80
2008.01.10 17:29:11.632,1.61605,1.6163,4.90,8.80
2008.01.10 17:29:11.919,1.61605,1.6163,7.30,0.80
2008.01.10 17:29:12.172,1.61605,1.61635,6.50,19.20
2008.01.10 17:29:12.425,1.61605,1.6163,4.80,10.40
2008.01.10 17:29:13.016,1.61605,1.6163,4.80,10.40
2008.01.10 17:29:13.984,1.61605,1.6163,4.80,10.40
2008.01.10 17:29:14.723,1.61605,1.6163,4.80,10.40
2008.01.10 17:29:14.945,1.61605,1.61625,3.20,12.00
2008.01.10 17:29:15.169,1.61595,1.61615,11.30,0.50
2008.01.10 17:29:15.652,1.61605,1.6162,0.80,12.00
2008.01.10 17:29:15.946,1.61595,1.61615,11.20,0.50
2008.01.10 17:29:16.240,1.61605,1.6163,0.20,12.00
2008.01.10 17:29:16.627,1.61605,1.6163,0.20,10.40
2008.01.10 17:29:17.011,1.61605,1.6163,8.10,8.80
2008.01.10 17:29:17.198,1.61605,1.6163,12.10,7.20
2008.01.10 17:29:17.420,1.61605,1.6163,12.10,7.20
2008.01.10 17:29:17.895,1.61615,1.6163,6.50,6.40
2008.01.10 17:29:18.177,1.61615,1.61645,11.30,0.80
2008.01.10 17:29:18.461,1.61615,1.61645,10.50,0.50
2008.01.10 17:29:18.862,1.61615,1.61645,6.40,17.90
2008.01.10 17:29:19.286,1.61615,1.61645,11.30,0.80
2008.01.10 17:29:19.519,1.61615,1.6165,7.30,20.00
2008.01.10 17:29:19.780,1.61615,1.6165,7.30,20.00
2008.01.10 17:29:20.631,1.6162,1.6165,0.80,18.40
2008.01.10 17:29:20.864,1.6162,1.61645,0.80,0.90
2008.01.10 17:29:21.097,1.6162,1.6165,0.80,12.80
2008.01.10 17:29:21.514,1.6162,1.6165,0.80,16.00
2008.01.10 17:29:21.748,1.61625,1.61645,0.50,0.60
2008.01.10 17:29:21.991,1.6162,1.6165,7.80,7.20
2008.01.10 17:29:22.407,1.6163,1.61655,5.60,18.40
2008.01.10 17:29:22.650,1.6163,1.6166,6.40,13.60
2008.01.10 17:29:23.050,1.61645,1.61655,0.80,0.60
2008.01.10 17:29:23.282,1.61645,1.6166,3.80,8.00
2008.01.10 17:29:23.711,1.61655,1.61665,0.80,0.70
2008.01.10 17:29:23.939,1.61665,1.61675,0.50,4.00
2008.01.10 17:29:24.186,1.6166,1.61675,6.40,4.00
2008.01.10 17:29:24.597,1.61655,1.61685,2.80,16.90
2008.01.10 17:29:25.039,1.6165,1.6168,7.90,2.40
2008.01.10 17:29:25.458,1.61655,1.61685,16.50,14.40
2008.01.10 17:29:25.882,1.6166,1.61685,1.60,12.80
2008.01.10 17:29:26.116,1.6166,1.61685,4.00,5.60
2008.01.10 17:29:26.349,1.61665,1.61685,1.50,1.60
2008.01.10 17:29:26.802,1.61665,1.61685,1.40,1.60
2008.01.10 17:29:27.209,1.61665,1.61685,1.20,1.60
2008.01.10 17:29:27.610,1.6166,1.61695,9.60,17.70
2008.01.10 17:29:28.015,1.61665,1.61685,2.00,3.00
2008.01.10 17:29:28.430,1.6166,1.61685,8.00,8.80
2008.01.10 17:29:28.905,1.61665,1.61685,1.40,12.00
2008.01.10 17:29:29.386,1.61655,1.61685,23.70,12.80
2008.01.10 17:29:29.781,1.61655,1.61675,17.30,4.80
2008.01.10 17:29:29.983,1.61655,1.61675,4.30,4.80
2008.01.10 17:29:30.214,1.61645,1.61665,18.30,4.80
2008.01.10 17:29:30.609,1.61645,1.61665,8.00,4.80
2008.01.10 17:29:31.103,1.61645,1.61665,13.50,1.60
2008.01.10 17:29:31.595,1.61655,1.61665,0.80,5.60
2008.01.10 17:29:31.980,1.61655,1.6167,1.10,0.80
2008.01.10 17:29:31.995,1.6165,1.6167,3.20,0.80
2008.01.10 17:29:32.396,1.61645,1.61675,12.00,16.00
2008.01.10 17:29:32.583,1.61645,1.61675,12.00,19.20
2008.01.10 17:29:32.831,1.61655,1.61675,3.10,11.20
2008.01.10 17:29:33.246,1.61655,1.61675,2.50,12.00
2008.01.10 17:29:33.681,1.61655,1.61675,0.80,21.60
2008.01.10 17:29:34.134,1.61645,1.61675,10.40,21.60
2008.01.10 17:29:34.577,1.6164,1.61665,6.40,0.10
2008.01.10 17:29:35.003,1.61635,1.61665,20.00,7.20
2008.01.10 17:29:35.043,1.61635,1.61665,20.00,12.00
2008.01.10 17:29:35.447,1.61635,1.6166,1.00,2.40
2008.01.10 17:29:35.876,1.61635,1.6166,0.90,2.40
2008.01.10 17:29:35.959,1.6163,1.6166,8.80,2.40
2008.01.10 17:29:36.370,1.6163,1.61655,2.40,8.80
2008.01.10 17:29:36.838,1.61635,1.61655,0.90,12.80
2008.01.10 17:29:37.254,1.61625,1.61655,10.40,15.20
2008.01.10 17:29:37.688,1.6162,1.61655,11.20,12.00
2008.01.10 17:29:38.084,1.61635,1.61655,0.50,8.80
2008.01.10 17:29:38.558,1.61625,1.61655,4.70,17.60
2008.01.10 17:29:38.840,1.6162,1.61655,7.20,17.60
2008.01.10 17:29:39.124,1.61625,1.61655,5.20,12.00
2008.01.10 17:29:39.981,1.61625,1.61655,4.30,12.00
2008.01.10 17:29:40.250,1.61625,1.61655,4.40,8.80
2008.01.10 17:29:40.769,1.6162,1.61655,13.60,10.40
2008.01.10 17:29:41.293,1.6163,1.61655,2.40,1.60
2008.01.10 17:29:41.497,1.6163,1.61655,2.40,4.80
2008.01.10 17:29:41.702,1.61625,1.61655,12.80,5.60
2008.01.10 17:29:41.907,1.61625,1.61655,4.40,9.60
2008.01.10 17:29:42.136,1.6162,1.61655,9.60,9.60
2008.01.10 17:29:42.511,1.6163,1.61655,0.80,9.60
2008.01.10 17:29:42.915,1.6163,1.61655,2.40,8.00
2008.01.10 17:29:43.122,1.6163,1.6166,3.20,1.60
2008.01.10 17:29:43.392,1.6163,1.61665,10.40,18.40
2008.01.10 17:29:43.796,1.61635,1.61665,7.20,12.80
2008.01.10 17:29:44.250,1.61635,1.61665,7.20,7.20
2008.01.10 17:29:44.479,1.6163,1.61665,8.00,17.60
2008.01.10 17:29:45.120,1.6163,1.6166,7.20,0.80
2008.01.10 17:29:45.541,1.6163,1.61665,7.20,17.60
2008.01.10 17:29:45.993,1.6163,1.6166,7.20,0.80
2008.01.10 17:29:46.474,1.61635,1.6166,0.60,0.80
2008.01.10 17:29:46.972,1.6163,1.6166,7.20,0.80
2008.01.10 17:29:47.287,1.6163,1.6166,7.20,0.80
2008.01.10 17:29:47.729,1.61635,1.6166,1.00,0.80
2008.01.10 17:29:48.173,1.61635,1.61655,3.30,4.00
2008.01.10 17:29:48.632,1.61635,1.61655,6.00,4.00
2008.01.10 17:29:48.852,1.61635,1.61655,16.80,4.00
2008.01.10 17:29:49.072,1.61635,1.61655,15.20,4.80
2008.01.10 17:29:49.487,1.61635,1.61655,10.40,5.60
2008.01.10 17:29:49.896,1.61635,1.61655,10.40,5.60
2008.01.10 17:29:50.185,1.61635,1.61645,1.60,8.00
2008.01.10 17:29:50.473,1.61625,1.61645,1.60,10.40
2008.01.10 17:29:50.878,1.61615,1.6164,10.60,0.80
2008.01.10 17:29:51.274,1.61615,1.61645,8.80,9.60
2008.01.10 17:29:51.484,1.61605,1.61635,25.80,2.40
2008.01.10 17:29:51.697,1.61605,1.61635,25.80,2.40
2008.01.10 17:29:51.906,1.61615,1.6164,1.60,2.40
2008.01.10 17:29:52.176,1.6162,1.6164,0.80,1.60
2008.01.10 17:29:52.586,1.61625,1.61645,0.80,4.80
2008.01.10 17:29:53.041,1.61635,1.6165,7.20,2.40
2008.01.10 17:29:53.441,1.61635,1.61655,7.20,1.60
2008.01.10 17:29:53.650,1.61635,1.61655,8.00,1.60
2008.01.10 17:29:53.859,1.6164,1.61655,0.80,1.60
2008.01.10 17:29:54.067,1.6164,1.61655,0.80,1.60
2008.01.10 17:29:56.478,1.61655,1.61675,7.20,4.80
2008.01.10 17:29:56.521,1.61655,1.61675,10.40,0.80
2008.01.10 17:29:56.737,1.61655,1.61675,10.40,0.80
2008.01.10 17:29:56.981,1.61655,1.61675,10.40,0.80
2008.01.10 17:29:57.215,1.61655,1.6168,10.40,3.20
2008.01.10 17:29:57.740,1.61655,1.6168,11.20,2.40
2008.01.10 17:29:58.071,1.61655,1.61685,12.80,7.20
2008.01.10 17:29:58.290,1.6166,1.61685,0.80,4.00
2008.01.10 17:29:58.678,1.6166,1.61685,0.80,4.00
2008.01.10 17:29:59.060,1.61655,1.61685,8.80,9.60
2008.01.10 17:29:59.583,1.61655,1.61685,8.80,9.60
2008.01.10 17:29:59.984,1.61655,1.61685,11.20,9.60
2008.01.10 17:30:02.365,1.61655,1.61685,11.20,9.60
2008.01.10 17:30:02.388,1.61665,1.61685,0.80,1.60
2008.01.10 17:30:02.839,1.61675,1.6169,1.60,0.80
2008.01.10 17:30:03.060,1.61685,1.61695,0.80,4.80
2008.01.10 17:30:03.293,1.61685,1.61695,6.40,0.80
2008.01.10 17:30:03.318,1.61685,1.61705,6.40,6.40
2008.01.10 17:30:03.545,1.61685,1.61705,6.40,6.40
2008.01.10 17:30:04.002,1.61685,1.61705,3.20,2.40
2008.01.10 17:30:04.610,1.61685,1.61705,9.60,2.40
2008.01.10 17:30:05.049,1.61685,1.61715,15.20,9.60
2008.01.10 17:30:05.498,1.61685,1.61715,15.20,9.60
2008.01.10 17:30:05.752,1.61695,1.61715,11.20,5.60
2008.01.10 17:30:05.969,1.61695,1.6172,18.40,3.20
2008.01.10 17:30:06.352,1.61695,1.6172,19.20,3.20
2008.01.10 17:30:06.738,1.61695,1.6172,13.60,3.20
2008.01.10 17:30:06.960,1.61695,1.6172,7.20,1.60
2008.01.10 17:30:07.184,1.61705,1.61715,0.80,4.80
2008.01.10 17:30:07.594,1.61705,1.61715,0.80,6.40
2008.01.10 17:30:09.915,1.61695,1.61715,2.40,8.00
2008.01.10 17:30:10.157,1.6168,1.61695,0.80,4.00
2008.01.10 17:30:10.177,1.6168,1.61695,0.80,7.20
2008.01.10 17:30:10.373,1.61675,1.61695,4.10,8.00
2008.01.10 17:30:10.614,1.61675,1.61685,4.10,4.80
2008.01.10 17:30:10.630,1.61665,1.61685,5.60,4.80
2008.01.10 17:30:10.861,1.61675,1.61685,2.40,6.40
2008.01.10 17:30:11.067,1.61665,1.61685,5.60,6.40
2008.01.10 17:30:11.591,1.61665,1.6168,2.40,2.40
2008.01.10 17:30:11.924,1.61675,1.6168,2.40,1.60
2008.01.10 17:30:12.258,1.61655,1.61665,4.00,1.60
2008.01.10 17:30:12.529,1.61655,1.61675,4.00,4.00
2008.01.10 17:30:13.018,1.61665,1.61675,4.00,4.00
2008.01.10 17:30:13.290,1.61665,1.61675,2.40,1.60
2008.01.10 17:30:13.763,1.61675,1.6168,2.40,2.40
2008.01.10 17:30:14.049,1.61665,1.61685,2.40,12.80
2008.01.10 17:30:14.338,1.61655,1.61685,11.90,12.00
2008.01.10 17:30:15.204,1.61655,1.61685,11.90,12.00
2008.01.10 17:30:15.675,1.61655,1.61685,11.90,12.00
2008.01.10 17:30:15.859,1.61665,1.61685,5.50,4.80
2008.01.10 17:30:16.135,1.61665,1.61685,5.50,4.80
2008.01.10 17:30:16.603,1.61665,1.61685,5.50,4.80
2008.01.10 17:30:16.842,1.61675,1.6169,7.20,2.40
2008.01.10 17:30:17.110,1.61675,1.61695,7.20,4.00
2008.01.10 17:30:17.381,1.61675,1.61695,7.20,4.00
2008.01.10 17:30:17.834,1.61675,1.61695,1.60,5.60
2008.01.10 17:30:18.043,1.61675,1.61695,1.60,7.20
2008.01.10 17:30:18.259,1.61675,1.61695,1.60,7.20
2008.01.10 17:30:18.655,1.61665,1.61695,15.80,12.80
2008.01.10 17:30:18.912,1.61665,1.61695,12.60,15.20
2008.01.10 17:30:19.172,1.61665,1.6169,5.50,0.80
2008.01.10 17:30:19.573,1.61655,1.61685,19.00,8.00
2008.01.10 17:30:20.026,1.61655,1.61685,13.40,14.40
2008.01.10 17:30:20.466,1.61665,1.61685,0.70,13.60
2008.01.10 17:30:21.757,1.61665,1.61685,0.70,13.60
2008.01.10 17:30:22.145,1.61655,1.6168,6.30,3.20
2008.01.10 17:30:22.434,1.61655,1.6168,2.90,0.80
2008.01.10 17:30:22.730,1.61655,1.6168,0.80,0.80
2008.01.10 17:30:23.130,1.61655,1.6168,3.30,0.80
2008.01.10 17:30:23.528,1.61655,1.61675,1.10,4.00
2008.01.10 17:30:23.935,1.6165,1.61675,6.40,4.00
2008.01.10 17:30:24.337,1.61655,1.61675,1.40,4.00
2008.01.10 17:30:24.834,1.6165,1.61675,8.00,6.40
2008.01.10 17:30:25.511,1.6165,1.61675,8.00,6.40
2008.01.10 17:30:25.823,1.6165,1.61675,10.40,4.00
2008.01.10 17:30:27.423,1.6165,1.61675,10.40,4.00
2008.01.10 17:30:27.917,1.6165,1.61675,10.40,4.00
2008.01.10 17:30:28.353,1.61655,1.61675,5.70,3.20
2008.01.10 17:30:28.772,1.61655,1.61675,2.60,3.20
2008.01.10 17:30:29.216,1.6165,1.61675,12.00,3.20
2008.01.10 17:30:29.648,1.6165,1.61675,13.60,3.20
2008.01.10 17:30:29.929,1.61665,1.61685,0.80,12.80
2008.01.10 17:30:30.214,1.61655,1.61685,14.40,9.60
2008.01.10 17:30:30.631,1.61655,1.61685,11.20,9.60
2008.01.10 17:30:31.023,1.61665,1.61685,1.10,8.80
2008.01.10 17:30:31.225,1.6167,1.61685,8.00,2.40
2008.01.10 17:30:31.452,1.6167,1.61695,9.60,13.60
2008.01.10 17:30:31.842,1.6167,1.61695,8.00,7.20
2008.01.10 17:30:32.101,1.61665,1.61695,10.40,9.80
2008.01.10 17:30:32.365,1.6166,1.61685,13.50,3.20
2008.01.10 17:30:32.813,1.61665,1.61685,5.80,1.60
2008.01.10 17:30:33.020,1.61675,1.61685,0.80,1.60
2008.01.10 17:30:33.244,1.61665,1.61685,13.50,1.60
2008.01.10 17:30:33.632,1.61675,1.61685,1.00,1.60
2008.01.10 17:30:33.841,1.61675,1.61695,2.20,5.60
2008.01.10 17:30:34.144,1.61675,1.61695,4.30,3.20
2008.01.10 17:30:34.560,1.61675,1.61695,4.40,6.40
2008.01.10 17:30:35.065,1.61675,1.61695,0.50,6.40
2008.01.10 17:30:35.484,1.61675,1.61695,3.70,6.40
2008.01.10 17:30:35.718,1.6167,1.61685,8.80,0.80
2008.01.10 17:30:35.952,1.61675,1.61695,4.00,2.40
2008.01.10 17:30:36.338,1.6167,1.61685,0.80,3.20
2008.01.10 17:30:36.736,1.6166,1.61685,14.40,3.20
2008.01.10 17:30:37.142,1.6166,1.61685,3.20,6.40
2008.01.10 17:30:37.421,1.61665,1.61685,0.80,9.60
2008.01.10 17:30:37.747,1.6165,1.61685,10.40,11.20
2008.01.10 17:30:38.112,1.61665,1.61685,1.00,11.20
2008.01.10 17:30:38.475,1.61655,1.61675,5.60,3.20
2008.01.10 17:30:38.842,1.61655,1.61675,4.80,3.20
2008.01.10 17:30:39.020,1.6165,1.61675,3.20,3.20
2008.01.10 17:30:39.240,1.61655,1.61675,0.80,4.00
2008.01.10 17:30:39.742,1.61645,1.61675,11.20,7.20
2008.01.10 17:30:40.266,1.61645,1.61675,9.60,7.20
2008.01.10 17:30:40.672,1.61645,1.61675,12.00,7.20
2008.01.10 17:30:40.890,1.61645,1.61675,12.00,5.60
2008.01.10 17:30:41.116,1.61655,1.61675,0.80,5.60
2008.01.10 17:30:41.520,1.6165,1.61675,8.80,3.20
2008.01.10 17:30:42.172,1.6165,1.61675,8.80,3.20
2008.01.10 17:30:43.349,1.61655,1.61675,2.40,3.20
2008.01.10 17:30:43.759,1.61645,1.61675,17.60,4.00
2008.01.10 17:30:44.235,1.61655,1.61675,0.80,7.20
2008.01.10 17:30:44.715,1.61645,1.61665,3.50,5.60
2008.01.10 17:30:45.142,1.6164,1.61665,4.00,5.60
2008.01.10 17:30:45.546,1.6164,1.61665,3.20,9.60
2008.01.10 17:30:45.758,1.6164,1.61665,4.00,9.60
2008.01.10 17:30:45.972,1.61645,1.61665,0.60,8.80
2008.01.10 17:30:46.451,1.61645,1.61665,1.10,8.80
2008.01.10 17:30:46.725,1.61645,1.6166,0.70,0.80
2008.01.10 17:30:46.999,1.61635,1.6166,21.60,3.20
2008.01.10 17:30:47.332,1.61645,1.6166,1.90,3.20
2008.01.10 17:30:47.733,1.61635,1.6166,16.80,3.20
2008.01.10 17:30:47.921,1.61635,1.61655,16.00,3.20
2008.01.10 17:30:48.316,1.61645,1.6166,0.80,3.20
2008.01.10 17:30:48.640,1.61635,1.61655,19.20,0.80
2008.01.10 17:30:49.150,1.61635,1.61655,11.20,8.80
2008.01.10 17:30:49.534,1.61645,1.61655,1.00,8.80
2008.01.10 17:30:49.932,1.61635,1.61655,11.20,8.80
2008.01.10 17:30:50.324,1.61635,1.61655,11.20,8.80
2008.01.10 17:30:50.807,1.61635,1.61645,1.40,1.60
2008.01.10 17:30:51.095,1.61625,1.61645,13.60,1.60
2008.01.10 17:30:51.313,1.61625,1.61645,10.40,1.60
2008.01.10 17:30:51.715,1.61625,1.61645,10.40,1.60
2008.01.10 17:30:52.136,1.61625,1.61645,10.40,1.60
2008.01.10 17:30:52.174,1.61625,1.61645,10.40,1.60
2008.01.10 17:30:52.646,1.61625,1.61645,10.40,1.60
2008.01.10 17:30:53.024,1.61635,1.61645,2.40,2.40
2008.01.10 17:30:53.451,1.61635,1.6164,1.80,0.80
2008.01.10 17:30:53.905,1.61625,1.61645,8.80,8.80
2008.01.10 17:30:54.375,1.61625,1.61645,8.80,8.80
2008.01.10 17:30:54.795,1.61645,1.6165,0.70,1.60
2008.01.10 17:30:55.023,1.61645,1.6165,1.50,1.60
2008.01.10 17:30:55.252,1.61645,1.6165,0.80,0.80
2008.01.10 17:30:55.673,1.61645,1.6165,1.60,0.80
2008.01.10 17:30:56.125,1.61635,1.6164,3.20,0.80
2008.01.10 17:30:56.576,1.61635,1.61655,7.20,19.20
2008.01.10 17:30:56.759,1.61635,1.61655,11.20,12.80
2008.01.10 17:30:56.987,1.61635,1.61655,15.20,2.40
2008.01.10 17:30:57.356,1.61645,1.61665,1.20,10.40
2008.01.10 17:30:57.737,1.6164,1.61665,4.00,8.80
2008.01.10 17:30:58.192,1.61655,1.61665,0.50,7.20
2008.01.10 17:30:58.461,1.6164,1.61655,6.40,0.80
2008.01.10 17:30:58.730,1.61645,1.6165,2.30,0.80
2008.01.10 17:30:59.129,1.6161,1.61645,11.40,13.90
2008.01.10 17:30:59.624,1.61615,1.6164,1.30,0.80
2008.01.10 17:31:00.098,1.61615,1.61635,0.90,0.30
2008.01.10 17:31:00.512,1.61615,1.61645,14.40,9.60
2008.01.10 17:31:00.921,1.61625,1.61645,1.90,8.00
2008.01.10 17:31:00.960,1.61625,1.61645,0.80,7.20
2008.01.10 17:31:01.334,1.61635,1.61645,3.90,1.60
2008.01.10 17:31:01.714,1.61635,1.61655,5.10,2.40
2008.01.10 17:31:02.101,1.61635,1.61665,2.00,14.60
2008.01.10 17:31:02.289,1.61635,1.61665,7.30,12.20
2008.01.10 17:31:02.562,1.61635,1.61665,0.90,12.20
2008.01.10 17:31:03.044,1.61645,1.61665,0.90,12.00
2008.01.10 17:31:03.297,1.6164,1.61665,5.60,7.20
2008.01.10 17:31:03.556,1.61645,1.61675,5.20,16.00
2008.01.10 17:31:03.969,1.61655,1.61675,6.80,1.60
2008.01.10 17:31:04.411,1.61655,1.61685,14.40,15.20
2008.01.10 17:31:04.836,1.6166,1.61685,1.60,13.60
2008.01.10 17:31:05.064,1.6166,1.61685,6.40,4.00
2008.01.10 17:31:05.294,1.6167,1.61685,5.60,2.40
2008.01.10 17:31:05.700,1.6167,1.61685,9.60,2.40
2008.01.10 17:31:06.112,1.6167,1.61685,14.40,2.40
2008.01.10 17:31:06.335,1.61675,1.61685,4.30,2.40
2008.01.10 17:31:07.019,1.6167,1.61685,14.40,2.40
2008.01.10 17:31:07.293,1.61675,1.61685,2.10,2.40
2008.01.10 17:31:07.510,1.6167,1.61685,7.20,2.40
2008.01.10 17:31:07.918,1.6167,1.61685,6.40,2.40
2008.01.10 17:31:08.132,1.6167,1.61685,8.00,2.40
2008.01.10 17:31:08.350,1.6167,1.61685,7.20,2.40
2008.01.10 17:31:08.772,1.6167,1.61685,4.00,2.40
2008.01.10 17:31:09.200,1.61675,1.61685,1.60,2.40
2008.01.10 17:31:09.432,1.6167,1.61685,1.60,2.40
2008.01.10 17:31:09.695,1.61665,1.6168,2.60,0.80
2008.01.10 17:31:10.098,1.6165,1.61685,20.80,14.40
2008.01.10 17:31:10.552,1.6165,1.61685,17.60,19.20
2008.01.10 17:31:10.755,1.6165,1.61685,14.40,16.00
2008.01.10 17:31:10.967,1.6165,1.6168,12.80,1.60
2008.01.10 17:31:11.355,1.61655,1.61675,1.70,2.40
2008.01.10 17:31:11.377,1.6165,1.61675,11.20,2.40
2008.01.10 17:31:11.768,1.6165,1.61675,4.00,2.40
2008.01.10 17:31:12.234,1.61655,1.61675,1.90,2.40
2008.01.10 17:31:12.710,1.61655,1.61665,0.80,0.80
2008.01.10 17:31:13.128,1.61645,1.61665,10.40,8.80
2008.01.10 17:31:13.504,1.6163,1.61665,9.80,16.80
2008.01.10 17:31:13.890,1.61635,1.61665,12.20,20.80
2008.01.10 17:31:14.152,1.61635,1.61665,9.60,18.40
2008.01.10 17:31:14.416,1.61635,1.61655,9.60,0.80
2008.01.10 17:31:14.827,1.61635,1.61655,6.40,7.20
2008.01.10 17:31:15.573,1.61635,1.61655,6.40,7.20
2008.01.10 17:31:16.260,1.61635,1.61655,6.40,7.20
2008.01.10 17:31:16.444,1.61635,1.6165,0.10,0.80
2008.01.10 17:31:16.671,1.61635,1.61645,0.10,0.80
2008.01.10 17:31:17.044,1.61625,1.61645,4.80,1.60
2008.01.10 17:31:17.226,1.61625,1.61645,3.20,8.80
2008.01.10 17:31:17.646,1.61625,1.61645,3.20,8.10
2008.01.10 17:31:17.930,1.61625,1.61645,3.20,7.30
2008.01.10 17:31:18.807,1.61625,1.61645,3.20,7.30
2008.01.10 17:31:19.225,1.61635,1.6165,4.80,3.20
2008.01.10 17:31:19.460,1.61635,1.61655,4.80,8.00
2008.01.10 17:31:19.723,1.61625,1.61645,6.20,7.20
2008.01.10 17:31:20.122,1.61625,1.61645,5.40,7.20
2008.01.10 17:31:20.611,1.61625,1.61645,5.40,7.20
2008.01.10 17:31:21.014,1.61625,1.61645,5.40,7.20
2008.01.10 17:31:21.463,1.61635,1.61655,5.40,4.00
2008.01.10 17:31:21.848,1.61635,1.6166,6.20,2.40
2008.01.10 17:31:22.047,1.61635,1.61665,6.20,24.00
2008.01.10 17:31:22.290,1.61635,1.61665,13.40,20.00
2008.01.10 17:31:22.665,1.6164,1.61665,0.80,13.60
2008.01.10 17:31:23.156,1.6164,1.61665,0.80,16.80
2008.01.10 17:31:23.479,1.6164,1.61665,0.80,11.20
2008.01.10 17:31:23.870,1.61635,1.61665,11.80,7.20
2008.01.10 17:31:24.069,1.61645,1.61665,4.00,7.20
2008.01.10 17:31:24.281,1.61645,1.61665,4.00,7.20
2008.01.10 17:31:24.680,1.6164,1.61665,0.80,1.60
2008.01.10 17:31:25.211,1.6164,1.61665,0.80,1.60
2008.01.10 17:31:25.753,1.6164,1.61665,0.80,1.60
2008.01.10 17:31:25.927,1.61645,1.61675,5.60,17.60
2008.01.10 17:31:27.751,1.61645,1.61675,5.60,17.60
2008.01.10 17:31:28.021,1.61645,1.61675,8.00,17.60
2008.01.10 17:31:28.305,1.61645,1.61675,8.00,17.60
2008.01.10 17:31:28.626,1.61645,1.61675,8.00,17.60
2008.01.10 17:31:28.697,1.61645,1.61665,4.00,5.60
2008.01.10 17:31:28.956,1.61645,1.61665,4.00,7.20
2008.01.10 17:31:29.488,1.6164,1.6166,0.80,1.60
2008.01.10 17:31:29.819,1.61635,1.6166,9.60,2.40
2008.01.10 17:31:30.154,1.61635,1.6166,6.40,2.40
2008.01.10 17:31:30.446,1.61635,1.6166,6.40,2.40
2008.01.10 17:31:30.851,1.61635,1.61655,4.00,0.80
2008.01.10 17:31:31.065,1.61625,1.61655,8.00,10.40
2008.01.10 17:31:31.348,1.61625,1.61645,7.20,7.20
2008.01.10 17:31:31.769,1.61625,1.61655,16.00,12.80
2008.01.10 17:31:32.251,1.61635,1.61655,4.80,11.20
2008.01.10 17:31:32.458,1.61635,1.61655,11.20,1.60
2008.01.10 17:31:32.688,1.6165,1.6166,0.80,1.60
2008.01.10 17:31:33.091,1.61645,1.61665,7.20,6.40
2008.01.10 17:31:33.529,1.6165,1.61675,0.80,17.00
2008.01.10 17:31:33.970,1.61655,1.61675,8.00,5.60
2008.01.10 17:31:34.409,1.61665,1.61675,4.80,3.20
2008.01.10 17:31:34.854,1.61665,1.61685,4.80,12.00
2008.01.10 17:31:34.969,1.61665,1.61685,4.80,12.00
2008.01.10 17:31:35.332,1.61665,1.61685,4.80,10.40
2008.01.10 17:31:35.764,1.61665,1.61685,4.80,10.40
2008.01.10 17:31:36.198,1.61665,1.61685,4.80,10.40
2008.01.10 17:31:36.605,1.61655,1.6168,13.60,1.60
2008.01.10 17:31:36.880,1.61655,1.61685,12.00,18.40
2008.01.10 17:31:37.153,1.61655,1.61685,12.00,17.60
2008.01.10 17:31:38.002,1.61655,1.61685,12.00,17.60
2008.01.10 17:31:38.356,1.6167,1.61675,0.80,2.40
2008.01.10 17:31:38.729,1.61665,1.61685,8.80,5.60
2008.01.10 17:31:39.202,1.61675,1.61685,0.80,1.60
2008.01.10 17:31:39.673,1.6168,1.61695,0.80,4.00
2008.01.10 17:31:39.759,1.61685,1.61695,2.40,4.00
2008.01.10 17:31:40.169,1.61685,1.61705,4.00,8.80
2008.01.10 17:31:40.634,1.61685,1.61705,6.40,5.60
2008.01.10 17:31:41.097,1.61695,1.61715,4.80,3.20
2008.01.10 17:31:41.528,1.61695,1.6172,9.60,1.60
2008.01.10 17:31:41.899,1.61695,1.61725,9.60,17.60
2008.01.10 17:31:42.351,1.61695,1.61725,10.40,16.80
2008.01.10 17:31:42.790,1.61695,1.61725,10.40,16.00
2008.01.10 17:31:43.038,1.61695,1.61725,10.40,16.00
2008.01.10 17:31:43.276,1.617,1.61725,0.80,4.80
2008.01.10 17:31:43.694,1.61705,1.61725,0.70,4.00
2008.01.10 17:31:44.122,1.61705,1.61735,3.60,13.60
2008.01.10 17:31:44.169,1.61705,1.61735,0.70,11.20
2008.01.10 17:31:44.539,1.61705,1.61735,2.10,15.20
2008.01.10 17:31:44.937,1.617,1.61725,0.80,1.60
2008.01.10 17:31:45.349,1.61695,1.61725,9.60,1.60
2008.01.10 17:31:45.640,1.61705,1.6173,8.00,0.80
2008.01.10 17:31:45.928,1.617,1.61725,4.00,7.20
2008.01.10 17:31:46.340,1.6169,1.6172,2.40,2.40
2008.01.10 17:31:46.734,1.6169,1.6172,2.40,2.40
2008.01.10 17:31:46.927,1.61675,1.61685,6.40,4.00
2008.01.10 17:31:47.151,1.61675,1.61685,10.60,3.20
2008.01.10 17:31:47.530,1.6168,1.61685,0.80,4.00
2008.01.10 17:31:48.028,1.61675,1.61685,0.60,4.00
2008.01.10 17:31:48.336,1.61675,1.61685,1.50,4.00
2008.01.10 17:31:48.554,1.61665,1.61685,0.60,3.20
2008.01.10 17:31:48.926,1.61665,1.61685,0.80,3.20
2008.01.10 17:31:49.117,1.61665,1.61685,4.00,1.60
2008.01.10 17:31:49.342,1.61665,1.61685,18.90,1.60
2008.01.10 17:31:49.719,1.61675,1.61705,11.30,15.20
2008.01.10 17:31:50.224,1.6169,1.61705,0.80,4.80
2008.01.10 17:31:50.719,1.6167,1.617,10.40,2.40
2008.01.10 17:31:51.118,1.61675,1.617,0.90,2.40
2008.01.10 17:31:51.547,1.6167,1.617,6.40,2.40
2008.01.10 17:31:51.939,1.6167,1.61685,3.20,4.00
2008.01.10 17:31:52.314,1.61665,1.61685,11.40,4.00
2008.01.10 17:31:52.699,1.61665,1.61685,8.20,4.00
2008.01.10 17:31:53.168,1.61665,1.61675,6.40,2.40
2008.01.10 17:31:53.634,1.6166,1.61675,1.60,2.40
2008.01.10 17:31:54.258,1.61665,1.61675,0.80,2.40
2008.01.10 17:31:54.572,1.6166,1.61675,4.80,2.40
2008.01.10 17:31:55.006,1.61665,1.61675,2.30,2.40
2008.01.10 17:31:55.452,1.61665,1.61675,2.30,2.40
2008.01.10 17:31:55.892,1.6166,1.61675,4.80,2.40
2008.01.10 17:31:56.745,1.61665,1.61675,2.20,2.40
2008.01.10 17:31:57.849,1.6166,1.61675,4.80,2.40
2008.01.10 17:31:58.216,1.6166,1.61685,1.60,10.40
2008.01.10 17:31:58.606,1.61665,1.61685,0.80,11.20
2008.01.10 17:31:59.021,1.6166,1.61685,1.60,15.20
2008.01.10 17:31:59.279,1.6166,1.61685,0.80,17.60
2008.01.10 17:31:59.620,1.61655,1.61685,8.80,17.60
2008.01.10 17:31:59.951,1.61655,1.6168,1.60,2.40
2008.01.10 17:32:00.408,1.61655,1.61675,2.90,5.60
2008.01.10 17:32:00.941,1.6165,1.61675,7.20,5.60
2008.01.10 17:32:01.375,1.6164,1.61665,3.20,7.20
2008.01.10 17:32:01.756,1.61645,1.61665,1.50,12.80
2008.01.10 17:32:01.945,1.6164,1.61665,0.80,11.20
2008.01.10 17:32:02.191,1.6164,1.61665,0.80,11.20
2008.01.10 17:32:04.089,1.61635,1.61665,12.00,10.40
2008.01.10 17:32:04.393,1.61645,1.61665,1.10,7.20
2008.01.10 17:32:04.514,1.6164,1.61665,2.40,7.20
2008.01.10 17:32:04.729,1.61645,1.61665,2.40,7.20
2008.01.10 17:32:05.029,1.61655,1.61675,0.80,12.00
2008.01.10 17:32:05.353,1.61655,1.61675,2.40,11.20
2008.01.10 17:32:05.686,1.6165,1.61675,7.20,0.10
2008.01.10 17:32:06.021,1.61655,1.6168,1.60,1.60
2008.01.10 17:32:06.438,1.61665,1.6168,0.90,1.60
2008.01.10 17:32:06.819,1.61655,1.6168,10.40,1.60
2008.01.10 17:32:07.224,1.61655,1.6168,10.40,1.60
2008.01.10 17:32:07.412,1.61655,1.61685,10.40,11.20
2008.01.10 17:32:07.681,1.6165,1.6168,10.40,0.80
2008.01.10 17:32:08.143,1.6165,1.6168,6.40,2.40
2008.01.10 17:32:08.601,1.6167,1.61695,0.80,18.00
2008.01.10 17:32:09.026,1.6165,1.61695,2.00,8.80
2008.01.10 17:32:09.130,1.61665,1.61695,0.60,8.00
2008.01.10 17:32:09.467,1.61655,1.6169,5.00,0.80
2008.01.10 17:32:09.883,1.61655,1.6169,5.00,0.80
2008.01.10 17:32:10.313,1.61665,1.6169,0.70,0.80
2008.01.10 17:32:10.723,1.61655,1.61685,3.20,5.60
2008.01.10 17:32:11.041,1.61655,1.6168,5.60,2.40
2008.01.10 17:32:11.391,1.61665,1.6168,1.20,2.40
2008.01.10 17:32:11.782,1.61655,1.61675,1.60,12.00
2008.01.10 17:32:12.179,1.6165,1.61675,0.80,17.60
2008.01.10 17:32:12.572,1.6165,1.61675,0.80,17.60
2008.01.10 17:32:12.770,1.61655,1.61665,3.20,7.20
2008.01.10 17:32:13.006,1.61655,1.61665,3.20,8.00
2008.01.10 17:32:13.239,1.61655,1.61665,3.20,8.00
2008.01.10 17:32:13.483,1.61645,1.61665,0.80,12.80
2008.01.10 17:32:13.886,1.61645,1.61665,0.80,12.80
2008.01.10 17:32:14.339,1.61645,1.61665,4.00,7.20
2008.01.10 17:32:14.768,1.6165,1.6167,0.80,2.40
2008.01.10 17:32:15.175,1.61655,1.61675,0.80,15.20
2008.01.10 17:32:15.578,1.61655,1.61675,9.60,8.00
2008.01.10 17:32:15.781,1.61655,1.61675,9.60,5.60
2008.01.10 17:32:16.073,1.61655,1.61675,9.60,0.80
2008.01.10 17:32:16.485,1.61655,1.61675,5.60,7.20
2008.01.10 17:32:16.778,1.61655,1.61675,5.60,13.60
2008.01.10 17:32:17.078,1.61655,1.61675,5.60,13.60
2008.01.10 17:32:17.299,1.61655,1.61675,3.20,15.20
2008.01.10 17:32:17.522,1.61655,1.61675,3.20,15.20
2008.01.10 17:32:19.437,1.61655,1.61675,3.20,15.20
2008.01.10 17:32:19.681,1.61655,1.61665,3.20,5.60
2008.01.10 17:32:19.926,1.61645,1.61655,0.80,0.70
2008.01.10 17:32:20.335,1.6164,1.61655,0.80,7.20
2008.01.10 17:32:20.807,1.6164,1.61655,0.80,7.20
2008.01.10 17:32:21.095,1.6163,1.61655,0.80,6.40
2008.01.10 17:32:21.384,1.61635,1.61655,2.40,6.40
2008.01.10 17:32:21.680,1.61635,1.61655,1.60,7.20
2008.01.10 17:32:21.858,1.6163,1.61655,0.80,11.20
2008.01.10 17:32:22.072,1.6163,1.61655,0.80,11.20
2008.01.10 17:32:22.554,1.6163,1.61655,0.80,11.20
2008.01.10 17:32:22.964,1.6163,1.61655,0.80,11.20
2008.01.10 17:32:23.420,1.6163,1.61655,0.80,11.20
2008.01.10 17:32:23.698,1.61625,1.61645,8.00,5.60
2008.01.10 17:32:23.948,1.61625,1.61645,0.80,7.20
2008.01.10 17:32:24.370,1.61625,1.61635,0.80,0.90
2008.01.10 17:32:24.804,1.61615,1.6164,12.80,0.80
2008.01.10 17:32:25.236,1.61615,1.6164,12.80,3.20
2008.01.10 17:32:25.469,1.6162,1.61635,0.80,4.00
2008.01.10 17:32:25.703,1.61615,1.61635,11.20,4.80
2008.01.10 17:32:26.113,1.61615,1.61635,11.20,4.80
2008.01.10 17:32:26.344,1.61615,1.6164,11.20,3.20
2008.01.10 17:32:26.675,1.6162,1.6164,0.80,2.40
2008.01.10 17:32:28.682,1.6162,1.6164,0.80,2.40
2008.01.10 17:32:28.691,1.6162,1.61645,0.80,12.00
2008.01.10 17:32:28.732,1.6162,1.61645,0.80,12.00
2008.01.10 17:32:29.398,1.61625,1.61645,0.80,10.40
2008.01.10 17:32:29.418,1.61625,1.61645,0.80,6.40
2008.01.10 17:32:29.631,1.6163,1.61645,0.80,4.80
2008.01.10 17:32:30.161,1.61625,1.61645,8.00,4.80
2008.01.10 17:32:30.684,1.6163,1.61645,0.80,2.40
2008.01.10 17:32:31.090,1.6163,1.61645,0.80,4.80
2008.01.10 17:32:31.124,1.6163,1.61645,0.80,4.00
2008.01.10 17:32:31.583,1.6163,1.61645,0.80,4.00
2008.01.10 17:32:32.402,1.6163,1.61655,0.80,10.40
2008.01.10 17:32:32.877,1.6163,1.61655,0.80,10.40
2008.01.10 17:32:33.079,1.61625,1.61645,5.40,1.60
2008.01.10 17:32:33.287,1.6163,1.61645,0.80,1.60
2008.01.10 17:32:33.489,1.6163,1.61655,0.80,4.00
2008.01.10 17:32:33.735,1.61635,1.61655,2.40,2.40
2008.01.10 17:32:34.104,1.61635,1.6166,2.40,1.60
2008.01.10 17:32:34.568,1.61635,1.6166,2.40,2.40
2008.01.10 17:32:35.046,1.61635,1.6166,2.40,1.60
2008.01.10 17:32:35.612,1.61635,1.6166,2.40,1.60
2008.01.10 17:32:35.886,1.61635,1.6166,2.40,2.40
2008.01.10 17:32:36.295,1.61635,1.61655,2.40,4.80
2008.01.10 17:32:36.787,1.61635,1.6165,0.80,0.80
2008.01.10 17:32:37.299,1.61625,1.61645,4.00,1.60
2008.01.10 17:32:37.487,1.61625,1.61645,0.80,1.60
2008.01.10 17:32:38.080,1.61625,1.61645,0.80,1.60
2008.01.10 17:32:38.527,1.61625,1.61645,0.80,1.60
2008.01.10 17:32:39.470,1.61625,1.61645,0.80,1.60
2008.01.10 17:32:39.996,1.61625,1.61645,0.80,1.60
2008.01.10 17:32:40.296,1.61635,1.61645,0.80,1.60
2008.01.10 17:32:40.780,1.6164,1.6166,0.80,2.40
2008.01.10 17:32:41.074,1.6164,1.61665,0.80,9.60
2008.01.10 17:32:41.770,1.6164,1.61665,0.80,9.60
2008.01.10 17:32:42.229,1.6164,1.61665,0.80,8.80
2008.01.10 17:32:42.711,1.6164,1.61665,0.80,8.80
2008.01.10 17:32:43.109,1.61645,1.61665,8.60,1.60
2008.01.10 17:32:43.319,1.61655,1.6167,6.20,3.20
2008.01.10 17:32:43.547,1.61655,1.6167,6.20,0.80
2008.01.10 17:32:43.962,1.61655,1.61685,7.00,15.20
2008.01.10 17:32:44.190,1.61655,1.61685,12.60,16.00
2008.01.10 17:32:44.418,1.61655,1.61685,12.60,15.20
2008.01.10 17:32:45.042,1.61655,1.61685,12.60,15.20
2008.01.10 17:32:45.388,1.61655,1.61685,12.60,15.20
2008.01.10 17:32:45.863,1.6166,1.61685,0.80,11.20
2008.01.10 17:32:46.292,1.6166,1.61685,0.80,11.20
2008.01.10 17:32:46.408,1.6166,1.6169,0.80,12.80
2008.01.10 17:32:46.531,1.61665,1.6169,0.80,7.20
2008.01.10 17:32:46.771,1.61665,1.61685,5.40,0.80
2008.01.10 17:32:47.157,1.6167,1.6169,0.80,3.20
2008.01.10 17:32:47.363,1.6167,1.61695,0.80,0.50
2008.01.10 17:32:47.977,1.6167,1.617,0.80,12.80
2008.01.10 17:32:48.242,1.6167,1.61695,0.80,0.90
2008.01.10 17:32:49.476,1.6167,1.61695,0.80,0.60
2008.01.10 17:32:49.911,1.6167,1.61695,0.80,0.70
2008.01.10 17:32:50.349,1.6167,1.61695,0.80,0.60
2008.01.10 17:32:50.932,1.6167,1.61695,0.80,0.50
2008.01.10 17:32:51.240,1.6167,1.617,0.80,8.80
2008.01.10 17:32:51.466,1.6167,1.61695,0.80,0.50
2008.01.10 17:32:51.691,1.61665,1.61685,7.80,0.90
2008.01.10 17:32:52.103,1.6167,1.6169,0.80,3.20
2008.01.10 17:32:52.342,1.61675,1.6169,7.20,0.70
2008.01.10 17:32:52.765,1.6168,1.61695,0.80,0.70
2008.01.10 17:32:53.004,1.6168,1.6171,0.80,16.80
2008.01.10 17:32:53.758,1.6168,1.6171,0.80,14.40
2008.01.10 17:32:54.515,1.6168,1.6171,0.80,14.40
2008.01.10 17:32:55.299,1.6168,1.61705,0.80,0.50
2008.01.10 17:32:55.814,1.6168,1.6171,0.80,8.00
2008.01.10 17:32:56.123,1.6168,1.6171,0.80,5.60
2008.01.10 17:32:56.866,1.6168,1.61705,0.80,0.80
2008.01.10 17:32:57.423,1.6168,1.6171,0.80,5.60
2008.01.10 17:32:57.754,1.6168,1.6171,0.80,10.40
2008.01.10 17:32:58.033,1.61675,1.61705,11.80,10.40
2008.01.10 17:32:58.310,1.61675,1.61705,11.80,15.20
2008.01.10 17:32:58.745,1.61675,1.617,11.80,0.80
2008.01.10 17:32:59.176,1.61675,1.617,11.80,0.70
2008.01.10 17:33:00.040,1.61675,1.617,11.80,0.60
2008.01.10 17:33:00.505,1.61675,1.617,11.80,0.50
2008.01.10 17:33:00.926,1.61675,1.61695,8.00,0.80
2008.01.10 17:33:01.651,1.61675,1.61695,8.00,0.80
2008.01.10 17:33:01.903,1.61665,1.61685,9.40,0.80
2008.01.10 17:33:02.148,1.61665,1.6169,9.40,3.20
2008.01.10 17:33:02.393,1.61665,1.6169,5.60,5.60
2008.01.10 17:33:02.636,1.61665,1.6169,4.80,8.00
2008.01.10 17:33:02.879,1.6166,1.61685,0.80,0.60
2008.01.10 17:33:03.300,1.61655,1.61685,6.30,0.80
2008.01.10 17:33:03.771,1.61655,1.6169,6.30,8.80
2008.01.10 17:33:04.015,1.6166,1.6169,0.80,8.00
2008.01.10 17:33:04.047,1.6166,1.61685,0.80,0.80
2008.01.10 17:33:04.269,1.6166,1.61685,0.80,0.70
2008.01.10 17:33:04.700,1.61655,1.6169,12.60,8.00
2008.01.10 17:33:04.939,1.61655,1.6168,0.70,0.70
2008.01.10 17:33:05.185,1.61655,1.6168,0.80,0.70
2008.01.10 17:33:05.627,1.6165,1.6168,4.60,10.40
2008.01.10 17:33:05.880,1.6165,1.61675,0.80,0.70
2008.01.10 17:33:06.133,1.6165,1.6168,1.60,10.70
2008.01.10 17:33:06.537,1.6165,1.6168,8.80,6.70
2008.01.10 17:33:06.836,1.6165,1.6168,0.90,11.50
2008.01.10 17:33:07.150,1.61655,1.61675,0.70,0.70
2008.01.10 17:33:07.546,1.61665,1.61685,0.10,0.90
2008.01.10 17:33:07.941,1.61665,1.61685,0.80,0.60
2008.01.10 17:33:08.135,1.61665,1.61685,0.60,0.50
2008.01.10 17:33:08.360,1.61665,1.61685,0.10,0.50
2008.01.10 17:33:08.795,1.61665,1.6169,1.60,7.20
2008.01.10 17:33:09.038,1.6167,1.61695,0.80,0.60
2008.01.10 17:33:09.283,1.6167,1.617,4.00,8.00
2008.01.10 17:33:09.713,1.61675,1.61705,7.20,14.40
2008.01.10 17:33:10.167,1.6168,1.61705,0.80,0.90
2008.01.10 17:33:10.429,1.61675,1.6171,13.60,8.80
2008.01.10 17:33:10.683,1.6168,1.61705,0.80,0.60
2008.01.10 17:33:11.058,1.61675,1.6171,13.60,8.00
2008.01.10 17:33:11.272,1.61685,1.61705,0.80,0.80
2008.01.10 17:33:11.485,1.6168,1.6171,1.60,4.00
2008.01.10 17:33:11.953,1.6168,1.6171,1.60,4.00
2008.01.10 17:33:12.225,1.61685,1.6171,1.60,3.20
2008.01.10 17:33:12.500,1.61685,1.6172,8.80,12.80
2008.01.10 17:33:12.907,1.61685,1.6172,12.80,6.40
2008.01.10 17:33:13.330,1.6169,1.6172,1.60,4.80
2008.01.10 17:33:13.544,1.6169,1.6172,3.20,2.40
2008.01.10 17:33:13.831,1.6169,1.61715,9.60,0.80
2008.01.10 17:33:14.237,1.61695,1.6171,2.40,1.60
2008.01.10 17:33:14.700,1.6169,1.6171,2.40,1.60
2008.01.10 17:33:15.100,1.61695,1.61715,0.90,0.80
2008.01.10 17:33:15.495,1.61695,1.61715,6.20,0.80
2008.01.10 17:33:15.697,1.61695,1.6172,9.60,0.80
2008.01.10 17:33:15.920,1.61695,1.6172,9.60,0.80
2008.01.10 17:33:16.365,1.61695,1.61725,14.40,9.60
2008.01.10 17:33:16.823,1.617,1.61725,0.80,7.20
2008.01.10 17:33:17.235,1.61695,1.61725,14.40,7.20
2008.01.10 17:33:17.448,1.61695,1.61725,14.40,6.40
2008.01.10 17:33:17.849,1.6171,1.61725,0.80,4.70
2008.01.10 17:33:18.067,1.6171,1.61725,0.80,1.50
2008.01.10 17:33:18.531,1.6171,1.61725,0.80,2.40
2008.01.10 17:33:18.991,1.617,1.61725,4.00,5.60
2008.01.10 17:33:19.427,1.61705,1.61725,1.00,5.60
2008.01.10 17:33:20.192,1.61705,1.61725,2.00,5.60
2008.01.10 17:33:20.500,1.61695,1.61725,10.40,8.60
2008.01.10 17:33:20.809,1.61695,1.61715,8.80,1.50
2008.01.10 17:33:21.223,1.6169,1.61715,8.80,1.50
2008.01.10 17:33:21.647,1.61695,1.61715,4.00,6.30
2008.01.10 17:33:22.072,1.6169,1.61705,0.80,3.20
2008.01.10 17:33:22.485,1.61685,1.61705,1.00,6.30
2008.01.10 17:33:22.689,1.6168,1.61705,1.60,6.30
2008.01.10 17:33:22.985,1.61685,1.61705,0.80,6.30
2008.01.10 17:33:23.350,1.6168,1.61705,1.60,6.30
2008.01.10 17:33:23.785,1.6168,1.61705,1.60,6.30
2008.01.10 17:33:24.263,1.6168,1.61705,1.60,9.50
2008.01.10 17:33:25.653,1.61675,1.61705,12.80,10.30
2008.01.10 17:33:25.952,1.61675,1.61695,10.40,3.20
2008.01.10 17:33:26.432,1.6167,1.61695,10.40,3.90
2008.01.10 17:33:26.726,1.61675,1.61695,2.50,5.50
2008.01.10 17:33:27.006,1.6167,1.61695,10.40,5.50
2008.01.10 17:33:28.089,1.61675,1.61695,2.80,5.50
2008.01.10 17:33:28.484,1.6167,1.61695,10.40,5.50
2008.01.10 17:33:28.677,1.61665,1.61695,11.20,8.00
2008.01.10 17:33:28.895,1.61675,1.61695,3.60,10.40
2008.01.10 17:33:29.348,1.61675,1.61685,3.80,4.00
2008.01.10 17:33:29.794,1.61675,1.6168,0.50,1.60
2008.01.10 17:33:30.047,1.61675,1.6168,1.70,1.60
2008.01.10 17:33:30.315,1.61675,1.6168,3.10,1.60
2008.01.10 17:33:31.194,1.61675,1.6168,3.40,1.60
2008.01.10 17:33:31.277,1.61675,1.6168,2.60,1.60
2008.01.10 17:33:31.690,1.61675,1.6168,3.60,1.60
2008.01.10 17:33:33.087,1.61655,1.6168,3.20,1.60
2008.01.10 17:33:33.356,1.61655,1.6168,2.40,1.60
2008.01.10 17:33:33.630,1.61655,1.6168,2.40,1.60
2008.01.10 17:33:34.156,1.61655,1.6168,2.40,1.60
2008.01.10 17:33:34.397,1.61655,1.61675,2.40,6.40
2008.01.10 17:33:34.846,1.61655,1.61675,8.00,6.40
2008.01.10 17:33:35.278,1.61655,1.61675,1.60,4.80
2008.01.10 17:33:35.722,1.6165,1.61685,0.80,2.40
2008.01.10 17:33:36.180,1.61665,1.61685,0.80,3.20
2008.01.10 17:33:36.260,1.6166,1.61685,0.80,8.80
2008.01.10 17:33:36.661,1.6166,1.61685,0.80,8.80
2008.01.10 17:33:37.051,1.6166,1.61685,0.80,10.40
2008.01.10 17:33:37.873,1.6166,1.61675,0.80,3.20
2008.01.10 17:33:39.032,1.6166,1.61675,0.80,3.20
2008.01.10 17:33:39.439,1.6166,1.61675,0.80,3.20
2008.01.10 17:33:39.849,1.61655,1.61675,8.80,4.80
2008.01.10 17:33:40.287,1.61655,1.61675,6.40,6.40
2008.01.10 17:33:40.540,1.6166,1.61675,0.80,3.20
2008.01.10 17:33:40.792,1.61655,1.61675,12.00,3.20
2008.01.10 17:33:41.205,1.61655,1.61675,12.00,3.20
2008.01.10 17:33:41.856,1.61655,1.61675,12.00,3.20
2008.01.10 17:33:42.529,1.61655,1.61675,12.00,3.20
2008.01.10 17:33:42.759,1.61655,1.61675,12.00,3.20
2008.01.10 17:33:42.988,1.61655,1.61675,4.80,4.80
2008.01.10 17:33:43.397,1.61655,1.61675,0.80,12.80
2008.01.10 17:33:43.653,1.61655,1.61675,0.80,12.80
2008.01.10 17:33:43.911,1.61655,1.61675,0.80,8.80
2008.01.10 17:33:44.348,1.61655,1.61665,6.40,1.60
2008.01.10 17:33:44.735,1.61655,1.61665,0.80,1.60
2008.01.10 17:33:45.145,1.61655,1.61665,0.80,10.40
2008.01.10 17:33:45.349,1.61655,1.61665,0.80,20.80
2008.01.10 17:33:45.642,1.61655,1.6166,0.80,0.80
2008.01.10 17:33:46.058,1.61635,1.61655,9.60,4.00
2008.01.10 17:33:46.537,1.61635,1.61655,10.40,3.20
2008.01.10 17:33:46.784,1.6164,1.61655,0.80,3.20
2008.01.10 17:33:47.038,1.61635,1.61655,8.00,3.20
2008.01.10 17:33:47.478,1.61635,1.61655,2.40,8.00
2008.01.10 17:33:47.707,1.61635,1.61645,2.40,2.40
2008.01.10 17:33:47.929,1.61635,1.61645,1.60,2.40
2008.01.10 17:33:48.339,1.6163,1.61645,0.80,7.20
2008.01.10 17:33:48.746,1.61615,1.61635,9.60,1.60
2008.01.10 17:33:48.817,1.61615,1.61625,1.60,6.40
2008.01.10 17:33:49.219,1.61605,1.61625,2.40,6.40
2008.01.10 17:33:49.675,1.61605,1.61625,2.40,4.80
2008.01.10 17:33:50.140,1.616,1.61625,0.80,4.80
2008.01.10 17:33:50.572,1.616,1.61625,0.80,4.80
2008.01.10 17:33:50.811,1.61605,1.61625,0.80,7.20
2008.01.10 17:33:51.181,1.616,1.61625,0.80,7.20
2008.01.10 17:33:51.485,1.616,1.61625,0.80,8.80
2008.01.10 17:33:52.023,1.616,1.61625,0.80,8.80
2008.01.10 17:33:52.394,1.61595,1.6162,12.00,1.60
2008.01.10 17:33:52.831,1.61595,1.61615,9.60,2.40
2008.01.10 17:33:53.078,1.61595,1.61615,0.80,2.40
2008.01.10 17:33:53.322,1.61585,1.616,8.00,1.60
2008.01.10 17:33:53.730,1.61595,1.616,0.80,1.60
2008.01.10 17:33:54.164,1.61595,1.61615,12.00,3.20
2008.01.10 17:33:54.372,1.61595,1.61605,9.60,1.60
2008.01.10 17:33:54.577,1.61585,1.61605,19.20,1.60
2008.01.10 17:33:54.594,1.61585,1.61605,19.20,1.60
2008.01.10 17:33:54.988,1.6159,1.6161,13.60,1.60
2008.01.10 17:33:55.197,1.6159,1.61615,11.20,5.60
2008.01.10 17:33:55.627,1.61595,1.61615,1.60,6.40
2008.01.10 17:33:55.936,1.61595,1.61615,1.10,3.20
2008.01.10 17:33:56.551,1.6159,1.61615,13.60,3.20
2008.01.10 17:33:57.341,1.61595,1.61615,0.60,3.20
2008.01.10 17:33:57.549,1.616,1.61615,1.60,3.20
2008.01.10 17:33:57.818,1.6159,1.61615,9.60,3.20
2008.01.10 17:33:58.274,1.61595,1.61615,4.70,3.20
2008.01.10 17:33:58.537,1.616,1.61615,1.60,3.20
2008.01.10 17:33:58.803,1.616,1.61625,9.60,5.60
2008.01.10 17:33:59.223,1.616,1.61625,12.00,3.20
2008.01.10 17:33:59.456,1.61605,1.61635,14.40,9.60
2008.01.10 17:33:59.691,1.61615,1.61635,4.80,7.20
2008.01.10 17:34:00.132,1.6162,1.61645,1.60,17.60
2008.01.10 17:34:00.189,1.61625,1.61645,1.20,15.20
2008.01.10 17:34:00.598,1.6162,1.61645,4.80,4.80
2008.01.10 17:34:01.038,1.61635,1.6165,0.80,2.40
2008.01.10 17:34:01.276,1.61635,1.61655,0.70,8.00
2008.01.10 17:34:01.515,1.6163,1.61655,12.00,3.20
2008.01.10 17:34:01.928,1.6163,1.61655,12.00,3.20
2008.01.10 17:34:02.588,1.6164,1.61655,0.80,3.20
2008.01.10 17:34:02.876,1.61645,1.6166,1.10,1.60
2008.01.10 17:34:03.327,1.6165,1.61665,0.80,10.40
2008.01.10 17:34:03.409,1.6165,1.61665,0.80,3.20
2008.01.10 17:34:03.948,1.61645,1.61665,9.60,3.20
2008.01.10 17:34:04.484,1.61645,1.61665,9.60,3.20
2008.01.10 17:34:04.781,1.61645,1.61665,9.60,3.20
2008.01.10 17:34:06.783,1.6165,1.61665,0.80,3.20
2008.01.10 17:34:07.166,1.61645,1.61665,9.60,3.20
2008.01.10 17:34:07.424,1.61655,1.61665,0.80,4.80
2008.01.10 17:34:08.221,1.61645,1.61665,2.40,4.80
2008.01.10 17:34:08.630,1.61645,1.61665,1.00,4.80
2008.01.10 17:34:09.692,1.6164,1.61665,2.40,4.80
2008.01.10 17:34:09.966,1.6164,1.61665,2.40,4.80
2008.01.10 17:34:10.241,1.6165,1.61665,9.60,3.20
2008.01.10 17:34:10.514,1.61655,1.61665,2.10,3.20
2008.01.10 17:34:10.788,1.6165,1.61675,9.60,3.20
2008.01.10 17:34:11.315,1.61655,1.61675,3.30,3.20
2008.01.10 17:34:11.630,1.6165,1.61675,9.60,3.20
2008.01.10 17:34:12.051,1.6165,1.61675,9.60,3.20
2008.01.10 17:34:12.685,1.6165,1.61675,9.60,3.20
2008.01.10 17:34:12.965,1.61655,1.6168,9.60,3.20
2008.01.10 17:34:13.219,1.61655,1.6168,9.60,1.60
2008.01.10 17:34:13.464,1.61655,1.6168,10.40,0.80
2008.01.10 17:34:13.891,1.61655,1.6168,12.00,0.80
2008.01.10 17:34:14.391,1.61665,1.6168,0.80,0.80
2008.01.10 17:34:14.832,1.6165,1.6168,12.80,0.80
2008.01.10 17:34:15.065,1.61655,1.6168,5.30,3.20
2008.01.10 17:34:15.298,1.61655,1.6168,17.60,3.20
2008.01.10 17:34:15.712,1.6165,1.6168,17.60,3.20
2008.01.10 17:34:15.945,1.6166,1.61685,8.00,8.80
2008.01.10 17:34:16.203,1.6166,1.61685,6.40,4.80
2008.01.10 17:34:16.616,1.61655,1.61685,15.20,10.40
2008.01.10 17:34:17.081,1.61655,1.61685,15.20,10.40
2008.01.10 17:34:17.307,1.6166,1.61685,0.80,6.40
2008.01.10 17:34:17.626,1.61655,1.61685,16.00,6.40
2008.01.10 17:34:17.949,1.6165,1.61675,11.20,3.20
2008.01.10 17:34:18.376,1.6165,1.61675,11.20,3.20
2008.01.10 17:34:18.659,1.61655,1.61675,3.00,3.20
2008.01.10 17:34:19.514,1.6165,1.61675,11.20,3.20
2008.01.10 17:34:20.229,1.61655,1.61675,1.70,3.20
2008.01.10 17:34:20.433,1.61655,1.61675,0.70,6.40
2008.01.10 17:34:20.746,1.61655,1.6167,0.80,0.80
2008.01.10 17:34:21.157,1.6165,1.61675,7.20,10.40
2008.01.10 17:34:21.394,1.6165,1.6168,13.60,12.00
2008.01.10 17:34:21.664,1.61655,1.61675,2.50,7.20
2008.01.10 17:34:22.093,1.6165,1.61675,7.20,7.20
2008.01.10 17:34:22.507,1.61655,1.6166,1.30,0.80
2008.01.10 17:34:22.730,1.61645,1.61665,4.00,16.80
2008.01.10 17:34:22.976,1.6164,1.61665,0.80,13.60
2008.01.10 17:34:23.382,1.6164,1.61665,0.80,16.80
2008.01.10 17:34:23.803,1.61645,1.61665,3.20,12.00
2008.01.10 17:34:24.059,1.61645,1.61665,3.20,8.00
2008.01.10 17:34:24.715,1.61645,1.61665,3.20,8.00
2008.01.10 17:34:24.932,1.61645,1.61665,3.20,8.00
2008.01.10 17:34:25.725,1.61645,1.61665,3.20,4.80
2008.01.10 17:34:26.888,1.61645,1.61665,3.20,4.80
2008.01.10 17:34:27.111,1.61645,1.61665,3.20,4.80
2008.01.10 17:34:27.643,1.61645,1.61665,3.20,4.80
2008.01.10 17:34:28.031,1.61645,1.61665,3.20,4.80
2008.01.10 17:34:28.930,1.61645,1.61665,1.60,4.80
2008.01.10 17:34:29.180,1.61645,1.61665,1.60,4.80
2008.01.10 17:34:29.443,1.61645,1.61665,1.60,8.00
2008.01.10 17:34:29.836,1.61645,1.61665,1.60,4.80
2008.01.10 17:34:30.040,1.61645,1.61665,10.40,1.60
2008.01.10 17:34:30.340,1.61645,1.61665,9.60,1.60
2008.01.10 17:34:30.831,1.61645,1.61665,0.80,1.60
2008.01.10 17:34:31.322,1.6165,1.61665,0.80,1.60
2008.01.10 17:34:31.344,1.6165,1.6167,0.80,1.60
2008.01.10 17:34:31.722,1.6165,1.61675,0.80,5.80
2008.01.10 17:34:31.906,1.61655,1.61675,2.40,1.80
2008.01.10 17:34:32.155,1.61655,1.61675,2.40,1.80
2008.01.10 17:34:33.212,1.61655,1.61675,2.40,1.80
2008.01.10 17:34:33.411,1.61655,1.61675,2.40,1.80
2008.01.10 17:34:33.675,1.61655,1.61675,1.60,1.80
2008.01.10 17:34:34.030,1.6165,1.61675,0.80,10.60
2008.01.10 17:34:34.227,1.6165,1.61675,0.80,11.40
2008.01.10 17:34:34.449,1.6165,1.61665,0.80,1.60
2008.01.10 17:34:35.168,1.61645,1.61665,10.40,4.80
2008.01.10 17:34:35.692,1.6165,1.61665,0.80,4.80
2008.01.10 17:34:36.178,1.6165,1.61675,0.80,16.80
2008.01.10 17:34:36.625,1.61645,1.61665,0.80,4.80
2008.01.10 17:34:36.791,1.61645,1.61665,1.50,1.60
2008.01.10 17:34:37.015,1.61645,1.61665,1.50,8.00
2008.01.10 17:34:37.368,1.6165,1.6167,0.80,2.40
2008.01.10 17:34:37.535,1.6165,1.6167,0.80,1.60
2008.01.10 17:34:37.835,1.6164,1.61665,0.80,10.40
2008.01.10 17:34:38.255,1.6164,1.61665,0.80,11.20
2008.01.10 17:34:38.604,1.61635,1.61665,12.00,12.00
2008.01.10 17:34:38.827,1.61635,1.61655,4.00,2.40
2008.01.10 17:34:39.237,1.61625,1.61655,14.30,8.00
2008.01.10 17:34:39.640,1.61625,1.61645,12.00,1.60
2008.01.10 17:34:39.672,1.61625,1.61645,8.80,1.60
2008.01.10 17:34:40.089,1.6162,1.61645,0.80,8.00
2008.01.10 17:34:40.515,1.61615,1.6164,10.40,2.40
2008.01.10 17:34:40.848,1.61625,1.61645,0.80,3.20
2008.01.10 17:34:41.735,1.61625,1.61645,0.80,3.20
2008.01.10 17:34:42.021,1.61625,1.61645,0.80,1.60
2008.01.10 17:34:42.442,1.61625,1.61645,0.80,1.60
2008.01.10 17:34:42.661,1.61625,1.61645,0.80,1.60
2008.01.10 17:34:42.893,1.61625,1.61645,0.80,1.60
2008.01.10 17:34:43.295,1.6163,1.61645,0.80,1.60
2008.01.10 17:34:43.587,1.6163,1.61645,0.80,1.60
2008.01.10 17:34:43.876,1.61625,1.61645,3.90,1.60
2008.01.10 17:34:44.285,1.61625,1.61645,10.40,1.60
2008.01.10 17:34:44.517,1.61635,1.6166,2.40,1.60
2008.01.10 17:34:44.751,1.61635,1.6166,2.40,1.60
2008.01.10 17:34:45.277,1.61635,1.6166,2.40,1.60
2008.01.10 17:34:45.609,1.61635,1.61655,2.40,4.00
2008.01.10 17:34:46.029,1.61635,1.61655,1.60,4.00
2008.01.10 17:34:46.261,1.61625,1.61655,7.20,18.40
2008.01.10 17:34:47.691,1.6163,1.61645,0.80,1.60
2008.01.10 17:34:47.917,1.61635,1.61645,0.80,8.00
2008.01.10 17:34:47.947,1.61635,1.61655,8.00,12.80
2008.01.10 17:34:48.179,1.61635,1.61655,8.00,6.40
2008.01.10 17:34:48.404,1.61635,1.61655,8.00,2.40
2008.01.10 17:34:48.642,1.61635,1.61655,8.00,5.60
2008.01.10 17:34:48.869,1.61635,1.61655,8.00,5.60
2008.01.10 17:34:49.394,1.61635,1.61655,11.20,3.20
2008.01.10 17:34:49.920,1.6164,1.61655,0.80,3.20
2008.01.10 17:34:50.132,1.6164,1.61655,0.80,5.60
2008.01.10 17:34:50.352,1.61635,1.61655,8.00,5.60
2008.01.10 17:34:50.757,1.61635,1.61655,8.00,5.60
2008.01.10 17:34:51.153,1.61635,1.61655,8.00,5.60
2008.01.10 17:34:51.427,1.61625,1.61635,1.60,2.40
2008.01.10 17:34:51.701,1.61615,1.6164,11.20,1.60
2008.01.10 17:34:52.118,1.61615,1.61635,0.80,1.60
2008.01.10 17:34:52.333,1.61615,1.61635,2.40,0.80
2008.01.10 17:34:52.592,1.61615,1.61635,2.40,0.80
2008.01.10 17:34:53.001,1.61615,1.61635,2.40,0.80
2008.01.10 17:34:53.214,1.6162,1.61635,0.80,0.70
2008.01.10 17:34:53.511,1.6162,1.61635,0.80,0.80
2008.01.10 17:34:53.931,1.61615,1.61635,3.20,11.20
2008.01.10 17:34:54.422,1.6162,1.61635,0.80,9.60
2008.01.10 17:34:54.615,1.6162,1.61635,0.80,1.60
2008.01.10 17:34:54.832,1.6162,1.61635,0.80,0.80
2008.01.10 17:34:55.224,1.61635,1.61645,0.40,5.60
2008.01.10 17:34:55.599,1.6163,1.61645,0.80,4.80
2008.01.10 17:34:56.100,1.61625,1.61645,8.00,2.40
2008.01.10 17:34:56.389,1.6163,1.61635,0.80,2.40
2008.01.10 17:34:56.609,1.6163,1.61635,0.80,2.40
2008.01.10 17:34:57.013,1.61615,1.61635,9.60,2.40
2008.01.10 17:34:57.233,1.61615,1.61625,11.20,2.40
2008.01.10 17:34:58.936,1.61615,1.61625,11.20,2.40
2008.01.10 17:34:59.157,1.61595,1.61605,18.60,5.60
2008.01.10 17:34:59.190,1.61605,1.6161,1.60,0.80
2008.01.10 17:34:59.408,1.61595,1.61615,9.60,10.40
2008.01.10 17:34:59.640,1.61595,1.61605,8.00,3.20
2008.01.10 17:34:59.862,1.61595,1.61605,8.00,3.20
2008.01.10 17:34:59.886,1.6158,1.61595,0.80,0.80
2008.01.10 17:35:00.112,1.61585,1.61605,0.80,5.60
2008.01.10 17:35:00.639,1.61585,1.61605,2.40,2.40
2008.01.10 17:35:00.972,1.61585,1.61605,4.80,5.60
2008.01.10 17:35:01.306,1.61595,1.61605,8.00,4.00
2008.01.10 17:35:01.583,1.61595,1.61605,8.00,4.00
2008.01.10 17:35:01.971,1.61595,1.61605,8.00,0.80
2008.01.10 17:35:02.373,1.61595,1.61605,8.00,0.80
2008.01.10 17:35:02.680,1.61595,1.61615,11.20,3.20
2008.01.10 17:35:02.989,1.616,1.61625,0.80,19.20
2008.01.10 17:35:03.409,1.61605,1.61625,4.00,7.20
2008.01.10 17:35:03.615,1.61605,1.61625,4.00,7.20
2008.01.10 17:35:03.827,1.6161,1.61625,0.80,0.80
2008.01.10 17:35:04.206,1.6161,1.61635,0.80,14.40
2008.01.10 17:35:04.677,1.61615,1.61635,1.90,8.00
2008.01.10 17:35:04.781,1.6163,1.61635,0.80,1.60
2008.01.10 17:35:05.184,1.61625,1.61645,2.40,1.60
2008.01.10 17:35:05.657,1.61625,1.61645,1.60,10.40
2008.01.10 17:35:06.113,1.61635,1.61645,8.00,5.60
2008.01.10 17:35:06.566,1.61635,1.61655,8.00,9.60
2008.01.10 17:35:06.937,1.61635,1.61645,1.60,0.80
2008.01.10 17:35:07.305,1.61625,1.61645,3.20,1.60
2008.01.10 17:35:07.484,1.61625,1.61655,10.60,13.60
2008.01.10 17:35:07.706,1.61625,1.61655,10.60,15.20
2008.01.10 17:35:08.155,1.61625,1.6165,9.80,0.80
2008.01.10 17:35:08.611,1.61625,1.61645,3.20,1.60
2008.01.10 17:35:08.809,1.61625,1.61645,3.20,8.00
2008.01.10 17:35:10.864,1.61625,1.61645,3.20,8.80
2008.01.10 17:35:11.101,1.6163,1.61645,0.80,3.20
2008.01.10 17:35:11.348,1.6163,1.61655,0.80,16.00
2008.01.10 17:35:11.666,1.61625,1.61655,11.40,16.00
2008.01.10 17:35:11.741,1.61625,1.61655,11.40,16.00
2008.01.10 17:35:11.949,1.61625,1.61655,11.40,16.00
2008.01.10 17:35:12.474,1.61625,1.61655,12.30,12.00
2008.01.10 17:35:12.998,1.61635,1.61655,3.20,4.00
2008.01.10 17:35:13.176,1.61635,1.61655,4.00,3.20
2008.01.10 17:35:13.388,1.61635,1.61655,10.60,1.60
2008.01.10 17:35:13.927,1.61635,1.61655,10.60,1.60
2008.01.10 17:35:14.232,1.61635,1.61655,10.60,1.60
2008.01.10 17:35:14.658,1.61635,1.61665,11.40,12.80
2008.01.10 17:35:15.144,1.61635,1.61665,11.40,12.80
2008.01.10 17:35:15.629,1.6164,1.61655,0.80,0.10
2008.01.10 17:35:16.097,1.61645,1.61665,3.20,7.20
2008.01.10 17:35:16.159,1.6164,1.61665,4.00,7.20
2008.01.10 17:35:16.374,1.6164,1.61665,4.00,8.80
2008.01.10 17:35:16.605,1.61645,1.61665,0.60,8.80
2008.01.10 17:35:17.008,1.61645,1.61665,1.20,1.60
2008.01.10 17:35:17.231,1.6164,1.61665,4.10,1.60
2008.01.10 17:35:17.465,1.61645,1.61665,0.80,1.60
2008.01.10 17:35:17.886,1.6165,1.61675,8.00,8.80
2008.01.10 17:35:18.308,1.61655,1.61675,1.70,8.00
2008.01.10 17:35:18.517,1.6165,1.61675,11.20,7.20
2008.01.10 17:35:18.748,1.61655,1.6168,6.00,3.20
2008.01.10 17:35:18.955,1.61655,1.6168,2.40,0.80
2008.01.10 17:35:19.193,1.6165,1.6168,12.00,0.80
2008.01.10 17:35:19.573,1.61655,1.6168,5.40,0.80
2008.01.10 17:35:20.049,1.6165,1.61675,8.00,1.60
2008.01.10 17:35:20.517,1.61655,1.61675,2.70,2.00
2008.01.10 17:35:20.728,1.61645,1.61665,14.50,2.40
2008.01.10 17:35:20.946,1.61645,1.61665,7.20,3.20
2008.01.10 17:35:21.347,1.61655,1.61665,3.10,8.00
2008.01.10 17:35:21.752,1.61645,1.61655,1.20,1.60
2008.01.10 17:35:21.859,1.6162,1.6165,8.90,0.80
2008.01.10 17:35:22.266,1.61625,1.61645,2.10,1.60
2008.01.10 17:35:22.757,1.6162,1.61645,6.40,2.40
2008.01.10 17:35:22.961,1.61615,1.61625,12.00,0.30
2008.01.10 17:35:23.170,1.61615,1.61625,5.60,0.30
2008.01.10 17:35:23.571,1.61605,1.61625,1.40,2.60
2008.01.10 17:35:23.985,1.61605,1.61615,0.60,1.60
2008.01.10 17:35:24.398,1.61595,1.6162,2.20,1.60
2008.01.10 17:35:24.426,1.61605,1.61625,1.70,8.20
2008.01.10 17:35:24.950,1.61605,1.61625,2.00,7.40
2008.01.10 17:35:25.290,1.61605,1.61625,1.30,4.20
2008.01.10 17:35:25.749,1.61605,1.61625,12.00,0.30
2008.01.10 17:35:26.161,1.61605,1.61625,12.00,0.30
2008.01.10 17:35:26.559,1.61605,1.61625,12.00,0.30
2008.01.10 17:35:27.003,1.61605,1.61625,12.00,0.30
2008.01.10 17:35:27.693,1.61615,1.61625,0.80,0.30
2008.01.10 17:35:27.987,1.61615,1.61625,0.70,0.30
2008.01.10 17:35:28.400,1.61615,1.61625,0.80,1.00
2008.01.10 17:35:28.789,1.6161,1.61625,0.80,1.80
2008.01.10 17:35:29.044,1.6161,1.61625,0.80,1.80
2008.01.10 17:35:29.299,1.6161,1.61625,1.60,0.05
2008.01.10 17:35:29.704,1.6161,1.61625,12.00,0.05
2008.01.10 17:35:30.156,1.6162,1.61635,2.40,1.60
2008.01.10 17:35:30.450,1.61605,1.61625,0.80,1.60
2008.01.10 17:35:30.743,1.616,1.61625,4.80,1.60
2008.01.10 17:35:31.155,1.616,1.61625,10.40,0.80
2008.01.10 17:35:31.536,1.61625,1.6163,1.90,0.80
2008.01.10 17:35:31.925,1.61625,1.6163,4.70,0.80
2008.01.10 17:35:32.119,1.61625,1.6163,1.80,0.80
2008.01.10 17:35:32.419,1.6163,1.61645,11.20,2.40
2008.01.10 17:35:32.827,1.6162,1.61635,1.60,1.60
2008.01.10 17:35:33.326,1.61625,1.61635,0.80,1.60
2008.01.10 17:35:33.722,1.6162,1.61635,1.60,1.60
2008.01.10 17:35:33.931,1.6162,1.61635,4.80,1.60
2008.01.10 17:35:34.150,1.6162,1.61635,4.80,1.60
2008.01.10 17:35:34.553,1.6162,1.61645,6.40,1.60
2008.01.10 17:35:34.952,1.61625,1.61645,2.90,2.40
2008.01.10 17:35:35.160,1.61625,1.61645,2.90,1.60
2008.01.10 17:35:35.463,1.61635,1.61645,0.80,1.60
2008.01.10 17:35:35.886,1.61635,1.61645,2.60,1.60
2008.01.10 17:35:36.394,1.61635,1.61645,3.90,1.60
2008.01.10 17:35:36.606,1.61625,1.61645,0.70,1.60
2008.01.10 17:35:36.821,1.61645,1.61655,0.80,9.20
2008.01.10 17:35:37.230,1.6164,1.61645,0.80,0.80
2008.01.10 17:35:37.695,1.6164,1.61645,0.80,0.60
2008.01.10 17:35:37.957,1.6163,1.61665,16.00,12.00
2008.01.10 17:35:38.224,1.61635,1.6165,0.70,0.80
2008.01.10 17:35:38.636,1.61635,1.61645,0.80,1.60
2008.01.10 17:35:38.903,1.61635,1.6165,1.00,3.20
2008.01.10 17:35:39.172,1.61615,1.6164,21.60,0.80
2008.01.10 17:35:39.577,1.6161,1.61635,8.00,0.80
2008.01.10 17:35:39.966,1.61615,1.6163,0.80,1.60
2008.01.10 17:35:40.165,1.61605,1.6163,14.40,2.40
2008.01.10 17:35:40.371,1.61615,1.6163,0.90,2.40
2008.01.10 17:35:40.568,1.616,1.61625,12.80,1.60
2008.01.10 17:35:41.100,1.616,1.61625,12.80,1.60
2008.01.10 17:35:41.394,1.61605,1.61625,3.00,1.60
2008.01.10 17:35:41.857,1.61605,1.61625,16.00,1.60
2008.01.10 17:35:42.262,1.61605,1.61635,15.20,8.80
2008.01.10 17:35:42.470,1.61605,1.61625,10.40,2.40
2008.01.10 17:35:42.753,1.61615,1.61625,0.50,2.40
2008.01.10 17:35:43.158,1.616,1.61625,4.80,4.00
2008.01.10 17:35:43.629,1.61605,1.61625,0.90,1.60
2008.01.10 17:35:43.716,1.61615,1.61625,1.90,1.60
2008.01.10 17:35:44.067,1.61615,1.61635,1.30,8.80
2008.01.10 17:35:44.616,1.61615,1.61635,4.00,8.00
2008.01.10 17:35:44.883,1.61625,1.61635,0.80,1.60
2008.01.10 17:35:45.332,1.61625,1.6164,0.80,0.80
2008.01.10 17:35:45.786,1.61625,1.6164,0.80,3.20
2008.01.10 17:35:45.861,1.61625,1.61645,0.80,1.60
2008.01.10 17:35:46.262,1.61635,1.61645,0.80,1.60
2008.01.10 17:35:46.680,1.61635,1.61645,0.80,1.60
2008.01.10 17:35:47.105,1.61635,1.61655,4.00,8.80
2008.01.10 17:35:47.366,1.6164,1.61655,0.80,6.40
2008.01.10 17:35:47.633,1.6164,1.61655,0.80,2.40
2008.01.10 17:35:48.037,1.6164,1.61655,0.80,2.40
2008.01.10 17:35:48.280,1.61635,1.61655,8.80,2.40
2008.01.10 17:35:48.654,1.6164,1.61655,0.80,2.40
2008.01.10 17:35:48.956,1.6164,1.61665,0.80,9.60
2008.01.10 17:35:49.380,1.6164,1.61665,0.80,17.60
2008.01.10 17:35:49.822,1.61635,1.61655,7.20,0.80
2008.01.10 17:35:50.076,1.61635,1.61655,1.60,9.60
2008.01.10 17:35:50.329,1.61635,1.6165,2.40,0.80
2008.01.10 17:35:50.701,1.61635,1.6165,4.80,1.60
2008.01.10 17:35:50.921,1.61635,1.6165,2.40,1.60
2008.01.10 17:35:51.140,1.61635,1.6165,0.80,1.60
2008.01.10 17:35:51.548,1.61635,1.6165,12.00,1.60
2008.01.10 17:35:51.623,1.61635,1.61665,12.00,14.40
2008.01.10 17:35:52.065,1.61635,1.61655,0.80,7.20
2008.01.10 17:35:52.515,1.61645,1.61655,0.80,1.60
2008.01.10 17:35:52.748,1.61645,1.6166,0.80,1.60
2008.01.10 17:35:52.981,1.61645,1.61665,0.80,12.00
2008.01.10 17:35:53.391,1.61635,1.61665,10.40,10.20
2008.01.10 17:35:53.814,1.61635,1.61665,13.60,10.20
2008.01.10 17:35:54.253,1.61635,1.61655,8.00,3.00
2008.01.10 17:35:54.507,1.61635,1.61655,7.20,6.20
2008.01.10 17:35:54.760,1.61635,1.61655,7.20,3.00
2008.01.10 17:35:55.138,1.61635,1.61655,7.20,4.60
2008.01.10 17:35:55.529,1.61635,1.61655,7.20,3.80
2008.01.10 17:35:55.920,1.61635,1.6165,1.60,2.40
2008.01.10 17:35:56.424,1.61625,1.61645,4.00,1.60
2008.01.10 17:35:56.732,1.61625,1.6165,12.80,2.40
2008.01.10 17:35:56.950,1.61625,1.61655,11.20,7.80
2008.01.10 17:35:57.334,1.61635,1.61655,9.60,3.00
2008.01.10 17:35:57.720,1.61635,1.61655,10.40,0.60
2008.01.10 17:35:57.911,1.61635,1.61655,7.20,3.80
2008.01.10 17:35:58.236,1.61635,1.6166,12.00,3.20
2008.01.10 17:35:58.648,1.61635,1.6166,10.40,2.40
2008.01.10 17:35:59.160,1.61635,1.61665,12.00,16.00
2008.01.10 17:35:59.169,1.61635,1.61665,12.00,0.70
2008.01.10 17:35:59.538,1.61635,1.61665,12.00,0.50
2008.01.10 17:35:59.726,1.61635,1.6165,1.60,0.80
2008.01.10 17:35:59.945,1.61635,1.6165,1.60,0.80
2008.01.10 17:36:00.529,1.61635,1.6165,1.60,0.80
2008.01.10 17:36:00.857,1.6162,1.6165,0.80,4.00
2008.01.10 17:36:01.304,1.6162,1.61645,0.80,0.70
2008.01.10 17:36:01.588,1.6162,1.61645,0.80,0.50
2008.01.10 17:36:01.872,1.61635,1.61655,7.20,0.50
2008.01.10 17:36:02.295,1.61635,1.6166,1.60,4.00
2008.01.10 17:36:02.656,1.61635,1.61665,1.60,12.00
2008.01.10 17:36:03.044,1.61635,1.6166,1.60,0.70
2008.01.10 17:36:03.416,1.61635,1.61655,1.60,4.80
2008.01.10 17:36:03.505,1.61625,1.6165,3.20,4.00
2008.01.10 17:36:03.916,1.6162,1.61645,0.80,0.90
2008.01.10 17:36:04.396,1.61615,1.6165,2.40,13.60
2008.01.10 17:36:04.584,1.61615,1.6164,2.40,0.80
2008.01.10 17:36:04.868,1.61605,1.6164,8.20,0.80
2008.01.10 17:36:06.719,1.61615,1.61645,4.80,11.20
2008.01.10 17:36:07.017,1.61625,1.6166,14.40,9.60
2008.01.10 17:36:07.124,1.61625,1.6166,18.40,9.60
2008.01.10 17:36:07.345,1.61635,1.6166,14.40,7.20
2008.01.10 17:36:07.659,1.61635,1.61655,13.60,0.50
2008.01.10 17:36:07.768,1.61645,1.6166,2.40,0.70
2008.01.10 17:36:08.127,1.61645,1.6166,2.40,0.70
2008.01.10 17:36:08.510,1.61645,1.61675,8.80,16.00
2008.01.10 17:36:09.039,1.61645,1.61675,14.40,16.00
2008.01.10 17:36:09.238,1.61645,1.6168,14.40,12.00
2008.01.10 17:36:09.837,1.61645,1.6168,14.40,12.00
2008.01.10 17:36:10.265,1.61655,1.6168,12.80,7.20
2008.01.10 17:36:10.322,1.61655,1.61685,7.20,20.80
2008.01.10 17:36:10.731,1.61655,1.6168,7.20,5.60
2008.01.10 17:36:11.163,1.61645,1.61675,16.80,0.60
2008.01.10 17:36:11.628,1.61645,1.6168,12.80,12.00
2008.01.10 17:36:11.902,1.61645,1.6168,11.20,12.00
2008.01.10 17:36:12.177,1.61655,1.61675,3.20,0.50
2008.01.10 17:36:12.541,1.61655,1.6168,13.60,0.60
2008.01.10 17:36:12.947,1.61655,1.61675,12.00,0.10
2008.01.10 17:36:13.159,1.61655,1.61685,12.00,16.80
2008.01.10 17:36:13.465,1.61675,1.617,8.00,8.00
2008.01.10 17:36:13.882,1.61675,1.617,1.60,4.00
2008.01.10 17:36:14.378,1.61675,1.6171,8.80,16.00
2008.01.10 17:36:14.780,1.61675,1.61705,9.60,0.90
2008.01.10 17:36:14.866,1.61675,1.6171,12.00,17.60
2008.01.10 17:36:15.215,1.61675,1.617,11.20,0.80
2008.01.10 17:36:15.648,1.61675,1.61705,11.20,17.60
2008.01.10 17:36:16.086,1.61675,1.617,11.20,0.50
2008.01.10 17:36:16.600,1.61675,1.617,11.20,0.60
2008.01.10 17:36:17.038,1.61675,1.617,8.00,3.20
2008.01.10 17:36:17.312,1.61665,1.617,12.80,11.20
2008.01.10 17:36:17.585,1.61665,1.61685,8.80,0.80
2008.01.10 17:36:17.966,1.61665,1.6169,1.60,9.80
2008.01.10 17:36:18.362,1.61665,1.6168,0.80,4.80
2008.01.10 17:36:18.834,1.61655,1.6168,3.20,7.20
2008.01.10 17:36:19.301,1.61645,1.61675,6.40,0.80
2008.01.10 17:36:19.579,1.61645,1.6168,12.00,10.40
2008.01.10 17:36:19.817,1.61655,1.6168,2.40,5.60
2008.01.10 17:36:20.228,1.6166,1.61685,0.80,12.00
2008.01.10 17:36:20.466,1.61665,1.6169,0.80,7.20
2008.01.10 17:36:20.705,1.6167,1.6169,0.80,4.80
2008.01.10 17:36:21.117,1.61675,1.61695,2.40,8.90
2008.01.10 17:36:21.541,1.61675,1.61685,11.20,0.10
2008.01.10 17:36:21.954,1.61675,1.61685,10.40,0.10
2008.01.10 17:36:22.166,1.61675,1.61705,2.40,18.60
2008.01.10 17:36:22.394,1.61675,1.61705,2.40,18.60
2008.01.10 17:36:22.796,1.6168,1.61705,0.80,13.80
2008.01.10 17:36:23.253,1.6168,1.617,0.80,0.50
2008.01.10 17:36:23.718,1.6168,1.61705,0.80,0.60
2008.01.10 17:36:23.798,1.61675,1.6171,12.80,12.00
2008.01.10 17:36:24.153,1.61685,1.61705,0.80,0.70
2008.01.10 17:36:24.564,1.61685,1.6171,4.80,6.40
2008.01.10 17:36:24.969,1.61685,1.61715,9.60,13.60
2008.01.10 17:36:25.244,1.61685,1.6171,3.20,4.80
2008.01.10 17:36:25.629,1.61685,1.6171,4.00,4.80
2008.01.10 17:36:25.953,1.61685,1.61705,4.00,0.50
2008.01.10 17:36:26.409,1.61685,1.61705,4.00,0.60
2008.01.10 17:36:26.988,1.61685,1.61705,4.00,0.60
2008.01.10 17:36:27.233,1.61685,1.61705,4.00,0.90
2008.01.10 17:36:27.674,1.61685,1.617,3.20,0.80
2008.01.10 17:36:28.137,1.61675,1.61695,5.60,0.80
2008.01.10 17:36:28.371,1.61675,1.6169,5.60,0.80
2008.01.10 17:36:28.606,1.61675,1.61685,4.00,0.80
2008.01.10 17:36:29.030,1.61665,1.61685,5.80,6.40
2008.01.10 17:36:29.468,1.61655,1.61685,17.00,9.60
2008.01.10 17:36:29.896,1.6166,1.61685,0.80,6.40
2008.01.10 17:36:30.134,1.6166,1.61685,0.80,4.80
2008.01.10 17:36:30.373,1.61665,1.61685,3.20,4.80
2008.01.10 17:36:30.793,1.61665,1.61685,3.20,5.60
2008.01.10 17:36:31.038,1.61665,1.61675,3.20,2.30
2008.01.10 17:36:31.283,1.61665,1.61675,3.20,1.60
2008.01.10 17:36:31.689,1.61645,1.61655,5.60,1.60
2008.01.10 17:36:32.127,1.61645,1.61655,1.60,8.30
2008.01.10 17:36:32.573,1.61635,1.61645,5.60,1.60
2008.01.10 17:36:32.761,1.61635,1.61645,1.60,3.20
2008.01.10 17:36:33.010,1.61635,1.61645,1.60,3.20
2008.01.10 17:36:33.362,1.61625,1.61645,3.20,4.30
2008.01.10 17:36:33.986,1.61625,1.61645,3.20,8.30
2008.01.10 17:36:34.306,1.61625,1.61645,3.20,8.30
2008.01.10 17:36:34.757,1.61625,1.61645,3.20,5.60
2008.01.10 17:36:35.154,1.61625,1.61645,3.20,1.60
2008.01.10 17:36:35.175,1.6163,1.61645,0.80,1.60
2008.01.10 17:36:35.569,1.6163,1.61655,0.80,10.40
2008.01.10 17:36:35.775,1.6164,1.61655,0.80,4.00
2008.01.10 17:36:36.092,1.6164,1.61655,0.80,1.90
2008.01.10 17:36:36.494,1.61635,1.61655,3.20,4.80
2008.01.10 17:36:37.002,1.61635,1.61655,3.20,6.40
2008.01.10 17:36:38.032,1.61635,1.61655,3.20,6.40
2008.01.10 17:36:38.700,1.61635,1.61655,4.80,4.80
2008.01.10 17:36:38.935,1.61635,1.6166,5.60,2.40
2008.01.10 17:36:39.210,1.6164,1.61665,0.80,9.90
2008.01.10 17:36:39.619,1.61645,1.61665,0.80,4.80
2008.01.10 17:36:40.082,1.61655,1.61665,3.20,1.60
2008.01.10 17:36:40.524,1.61655,1.61675,3.20,9.90
2008.01.10 17:36:40.758,1.61645,1.61675,5.60,9.90
2008.01.10 17:36:41.151,1.61645,1.61675,4.80,10.70
2008.01.10 17:36:41.413,1.61645,1.61665,3.20,1.60
2008.01.10 17:36:41.877,1.61645,1.61665,4.00,2.40
2008.01.10 17:36:42.146,1.61645,1.61665,6.40,3.20
2008.01.10 17:36:42.415,1.61645,1.6167,13.60,0.80
2008.01.10 17:36:42.791,1.6166,1.61675,0.80,3.50
2008.01.10 17:36:43.219,1.61665,1.61685,0.20,4.80
2008.01.10 17:36:43.697,1.61665,1.61685,0.20,6.40
2008.01.10 17:36:44.049,1.61655,1.61685,8.80,8.80
2008.01.10 17:36:44.251,1.61655,1.61685,8.80,12.80
2008.01.10 17:36:44.549,1.61655,1.61685,8.80,13.60
2008.01.10 17:36:44.961,1.61655,1.6168,1.60,0.80
2008.01.10 17:36:45.459,1.61655,1.61675,1.60,4.80
2008.01.10 17:36:45.713,1.61645,1.61675,15.40,4.80
2008.01.10 17:36:45.967,1.61645,1.61675,14.60,7.20
2008.01.10 17:36:46.412,1.61655,1.6167,0.40,1.60
2008.01.10 17:36:46.811,1.61655,1.6167,0.40,1.60
2008.01.10 17:36:47.010,1.61655,1.6167,7.50,1.60
2008.01.10 17:36:47.332,1.61655,1.61675,7.50,2.40
2008.01.10 17:36:47.639,1.61655,1.61675,7.50,4.00
2008.01.10 17:36:47.930,1.61655,1.61675,0.40,9.60
2008.01.10 17:36:48.219,1.61655,1.61675,0.05,10.00
2008.01.10 17:36:48.689,1.61655,1.61675,0.05,9.20
2008.01.10 17:36:48.932,1.61655,1.61675,0.05,8.80
2008.01.10 17:36:49.623,1.61655,1.61675,0.05,9.60
2008.01.10 17:36:50.038,1.61655,1.61675,0.05,9.60
2008.01.10 17:36:50.255,1.61645,1.61675,16.80,5.60
2008.01.10 17:36:50.469,1.61655,1.6168,0.80,1.60
2008.01.10 17:36:50.880,1.61655,1.6168,0.80,2.40
2008.01.10 17:36:51.181,1.61655,1.6168,1.60,2.40
2008.01.10 17:36:52.319,1.61655,1.6168,1.60,2.40
2008.01.10 17:36:53.153,1.61655,1.6168,1.60,2.40
2008.01.10 17:36:54.305,1.61655,1.6168,1.60,2.40
2008.01.10 17:36:54.800,1.61655,1.6168,1.60,2.40
2008.01.10 17:36:55.028,1.61655,1.6168,1.60,2.40
2008.01.10 17:36:55.259,1.61655,1.6168,1.60,2.40
2008.01.10 17:36:56.101,1.61655,1.6168,1.60,2.40
2008.01.10 17:36:57.113,1.61655,1.6168,2.40,2.40
2008.01.10 17:36:57.352,1.61655,1.6168,5.60,2.40
2008.01.10 17:36:57.659,1.6166,1.6168,0.80,1.60
2008.01.10 17:36:58.008,1.6166,1.61685,0.80,12.00
2008.01.10 17:36:58.220,1.6166,1.61685,0.80,11.20
2008.01.10 17:36:58.490,1.6166,1.61685,0.80,11.20
2008.01.10 17:36:58.869,1.6166,1.61685,0.80,11.20
2008.01.10 17:36:59.314,1.6166,1.61685,0.80,11.20
2008.01.10 17:36:59.879,1.6166,1.61685,0.80,11.20
2008.01.10 17:37:00.187,1.6166,1.61685,0.80,11.20
2008.01.10 17:37:00.454,1.61655,1.6168,4.80,2.40
2008.01.10 17:37:00.903,1.61655,1.6168,5.60,1.60
2008.01.10 17:37:01.167,1.61655,1.61685,11.20,15.20
2008.01.10 17:37:01.788,1.61655,1.61685,11.20,15.20
2008.01.10 17:37:02.251,1.61655,1.61685,11.20,15.20
2008.01.10 17:37:02.693,1.61655,1.61685,11.20,15.20
2008.01.10 17:37:02.935,1.61655,1.6168,10.40,1.60
2008.01.10 17:37:03.174,1.61655,1.6168,11.20,0.80
2008.01.10 17:37:03.580,1.6165,1.61685,12.00,15.20
2008.01.10 17:37:04.998,1.6165,1.61685,12.00,15.20
2008.01.10 17:37:05.419,1.6165,1.61685,12.00,15.20
2008.01.10 17:37:05.701,1.6165,1.61685,12.00,12.80
2008.01.10 17:37:05.986,1.6165,1.61685,8.80,11.20
2008.01.10 17:37:06.405,1.6165,1.61685,8.80,12.00
2008.01.10 17:37:06.690,1.6165,1.61685,8.80,12.80
2008.01.10 17:37:06.941,1.61655,1.61685,4.00,12.80
2008.01.10 17:37:07.364,1.6166,1.61675,0.80,2.30
2008.01.10 17:37:07.805,1.6165,1.61675,8.80,2.30
2008.01.10 17:37:08.018,1.6165,1.61675,8.00,1.50
2008.01.10 17:37:08.235,1.6165,1.61675,8.00,1.50
2008.01.10 17:37:08.449,1.6165,1.61675,8.00,2.40
2008.01.10 17:37:08.665,1.61655,1.61675,2.30,3.20
2008.01.10 17:37:09.109,1.61645,1.61675,4.90,6.40
2008.01.10 17:37:09.363,1.61645,1.61665,0.60,7.20
2008.01.10 17:37:09.620,1.6164,1.61665,2.40,7.20
2008.01.10 17:37:09.874,1.61635,1.61665,15.20,7.20
2008.01.10 17:37:10.152,1.6164,1.61665,0.80,7.20
2008.01.10 17:37:10.431,1.6164,1.61665,0.80,7.20
2008.01.10 17:37:10.708,1.61635,1.61665,4.00,13.60
2008.01.10 17:37:11.146,1.6163,1.61665,15.20,12.80
2008.01.10 17:37:11.194,1.61635,1.61665,15.20,12.00
2008.01.10 17:37:11.437,1.61635,1.61665,5.20,8.00
2008.01.10 17:37:11.680,1.6163,1.61665,14.40,5.60
2008.01.10 17:37:12.090,1.61635,1.61665,5.90,8.00
2008.01.10 17:37:12.311,1.6163,1.61665,16.80,9.60
2008.01.10 17:37:13.586,1.61635,1.61665,0.80,9.60
2008.01.10 17:37:13.895,1.6164,1.61665,0.80,5.60
2008.01.10 17:37:14.336,1.6164,1.61665,0.80,5.60
2008.01.10 17:37:14.623,1.6164,1.61665,0.80,5.60
2008.01.10 17:37:14.938,1.6164,1.61665,0.80,5.60
2008.01.10 17:37:15.411,1.6163,1.61655,14.40,3.20
2008.01.10 17:37:15.649,1.61635,1.61655,12.80,3.20
2008.01.10 17:37:15.887,1.61635,1.61665,11.20,6.40
2008.01.10 17:37:16.308,1.61635,1.61665,14.40,5.60
2008.01.10 17:37:16.761,1.61635,1.61665,14.40,5.60
2008.01.10 17:37:17.941,1.61635,1.61665,14.40,5.60
2008.01.10 17:37:18.722,1.6164,1.61665,0.80,5.60
2008.01.10 17:37:19.830,1.61635,1.61665,18.40,5.60
2008.01.10 17:37:20.938,1.61635,1.61665,18.40,5.60
2008.01.10 17:37:22.196,1.61635,1.61665,19.20,5.60
2008.01.10 17:37:22.349,1.6164,1.6167,4.00,2.40
2008.01.10 17:37:22.555,1.6164,1.6167,4.00,0.80
2008.01.10 17:37:22.944,1.6164,1.61675,4.80,6.40
2008.01.10 17:37:23.217,1.61645,1.61675,1.70,4.00
2008.01.10 17:37:23.563,1.61645,1.61675,1.00,4.00
2008.01.10 17:37:23.980,1.6164,1.61675,12.00,4.00
2008.01.10 17:37:24.435,1.6164,1.61675,12.00,4.00
2008.01.10 17:37:25.042,1.6164,1.61675,12.00,4.00
2008.01.10 17:37:25.261,1.6164,1.61675,12.80,4.00
2008.01.10 17:37:25.928,1.61645,1.61675,1.10,4.00
2008.01.10 17:37:26.148,1.6165,1.61675,1.60,0.80
2008.01.10 17:37:26.472,1.61655,1.61685,1.10,16.00
2008.01.10 17:37:27.652,1.6165,1.61685,3.20,14.40
2008.01.10 17:37:27.903,1.6165,1.61685,3.20,14.40
2008.01.10 17:37:28.132,1.6165,1.61685,4.80,12.80
2008.01.10 17:37:28.346,1.6166,1.61685,3.20,5.60
2008.01.10 17:37:28.712,1.6166,1.61685,4.00,4.80
2008.01.10 17:37:28.925,1.61665,1.61685,4.40,3.20
2008.01.10 17:37:29.142,1.61665,1.61695,11.20,8.80
2008.01.10 17:37:29.571,1.61675,1.61695,1.50,2.40
2008.01.10 17:37:29.817,1.6167,1.61705,10.40,20.00
2008.01.10 17:37:30.075,1.6167,1.61705,10.40,14.40
2008.01.10 17:37:30.490,1.61675,1.61705,4.10,10.40
2008.01.10 17:37:30.829,1.61675,1.61705,2.80,10.40
2008.01.10 17:37:31.134,1.6167,1.617,8.00,0.80
2008.01.10 17:37:31.629,1.61665,1.617,20.20,3.20
2008.01.10 17:37:31.813,1.61665,1.61695,18.60,0.80
2008.01.10 17:37:33.153,1.61665,1.617,16.00,3.20
2008.01.10 17:37:34.072,1.61665,1.617,16.00,3.20
2008.01.10 17:37:35.051,1.61665,1.617,16.00,3.20
2008.01.10 17:37:36.728,1.61675,1.61695,2.40,3.20
2008.01.10 17:37:37.118,1.61675,1.61695,2.40,3.20
2008.01.10 17:37:37.435,1.61675,1.61695,9.60,3.20
2008.01.10 17:37:37.645,1.61675,1.61695,10.40,3.20
2008.01.10 17:37:38.587,1.61675,1.61695,10.40,3.20
2008.01.10 17:37:38.851,1.61675,1.61705,10.40,12.80
2008.01.10 17:37:39.349,1.61675,1.61705,12.80,10.40
2008.01.10 17:37:39.607,1.61675,1.61705,12.80,7.20
2008.01.10 17:37:39.865,1.61675,1.61705,12.80,6.40
2008.01.10 17:37:40.288,1.61675,1.61705,12.80,8.00
2008.01.10 17:37:40.524,1.61675,1.61705,10.40,9.00
2008.01.10 17:37:40.758,1.61675,1.61695,9.60,3.20
2008.01.10 17:37:41.200,1.61675,1.61695,9.60,3.20
2008.01.10 17:37:41.464,1.61675,1.61705,12.80,8.00
2008.01.10 17:37:42.154,1.61675,1.61705,12.80,8.00
2008.01.10 17:37:43.486,1.61675,1.61705,12.80,8.00
2008.01.10 17:37:43.701,1.61685,1.61705,0.80,4.80
2008.01.10 17:37:44.117,1.61685,1.61705,0.80,4.80
2008.01.10 17:37:44.306,1.61685,1.6171,0.80,8.00
2008.01.10 17:37:44.330,1.61685,1.61715,11.20,12.60
2008.01.10 17:37:44.838,1.61685,1.61705,11.20,0.60
2008.01.10 17:37:45.121,1.61685,1.61715,11.20,11.00
2008.01.10 17:37:45.577,1.61685,1.61715,10.40,13.40
2008.01.10 17:37:45.855,1.61695,1.6172,2.40,6.40
2008.01.10 17:37:46.144,1.61695,1.6172,3.20,4.80
2008.01.10 17:37:46.610,1.61695,1.6172,10.40,4.80
2008.01.10 17:37:47.022,1.61695,1.61715,10.40,0.70
2008.01.10 17:37:47.224,1.61695,1.6172,11.20,4.80
2008.01.10 17:37:49.185,1.61695,1.61725,11.20,14.20
2008.01.10 17:37:49.258,1.61695,1.61725,11.20,14.20
2008.01.10 17:37:49.572,1.61695,1.61715,10.40,0.50
2008.01.10 17:37:49.840,1.61695,1.61725,10.40,15.00
2008.01.10 17:37:50.159,1.61695,1.61715,10.40,0.50
2008.01.10 17:37:50.491,1.61695,1.6172,8.00,4.80
2008.01.10 17:37:50.824,1.61695,1.6172,1.60,5.60
2008.01.10 17:37:51.350,1.61695,1.6172,1.60,8.00
2008.01.10 17:37:51.568,1.61685,1.6172,9.60,10.40
2008.01.10 17:37:51.791,1.61685,1.6171,1.60,2.40
2008.01.10 17:37:52.204,1.61675,1.61705,21.00,0.90
2008.01.10 17:37:52.625,1.61675,1.61705,18.40,6.40
2008.01.10 17:37:52.853,1.61675,1.61705,16.80,12.00
2008.01.10 17:37:53.082,1.61675,1.617,16.80,0.90
2008.01.10 17:37:53.514,1.6168,1.61705,0.80,8.80
2008.01.10 17:37:53.755,1.6168,1.6171,0.80,4.00
2008.01.10 17:37:54.176,1.6168,1.61705,0.80,0.60
2008.01.10 17:37:54.421,1.61685,1.6171,2.40,2.40
2008.01.10 17:37:54.859,1.61685,1.61715,3.20,18.40
2008.01.10 17:37:55.299,1.61685,1.61705,0.80,0.60
2008.01.10 17:37:55.562,1.61675,1.617,12.00,0.70
2008.01.10 17:37:55.826,1.61675,1.617,14.40,0.80
2008.01.10 17:37:56.236,1.61675,1.6171,12.00,10.40
2008.01.10 17:37:56.711,1.6168,1.6171,0.80,8.00
2008.01.10 17:37:57.178,1.6168,1.61715,0.80,17.40
2008.01.10 17:37:57.653,1.6168,1.6171,0.80,4.00
2008.01.10 17:37:58.035,1.6168,1.61705,0.80,0.60
2008.01.10 17:37:58.412,1.61685,1.6171,0.80,3.20
2008.01.10 17:37:58.773,1.61685,1.61715,4.00,0.50
2008.01.10 17:37:58.889,1.61685,1.6172,4.00,9.60
2008.01.10 17:37:59.270,1.61685,1.61715,3.20,12.80
2008.01.10 17:37:59.735,1.61685,1.61705,3.20,0.80
2008.01.10 17:38:00.129,1.61685,1.61715,3.20,0.80
2008.01.10 17:38:00.155,1.61685,1.6172,1.80,9.60
2008.01.10 17:38:00.553,1.61685,1.61715,9.80,9.60
2008.01.10 17:38:00.970,1.61675,1.6171,13.60,8.80
2008.01.10 17:38:01.446,1.61675,1.61705,8.00,0.80
2008.01.10 17:38:01.941,1.61675,1.617,7.20,4.00
2008.01.10 17:38:02.145,1.61665,1.61695,20.00,0.70
2008.01.10 17:38:02.354,1.61665,1.61695,20.00,0.90
2008.01.10 17:38:02.556,1.61665,1.61695,13.60,0.60
2008.01.10 17:38:02.766,1.61665,1.61695,13.60,0.90
2008.01.10 17:38:03.192,1.61665,1.61695,1.60,0.70
2008.01.10 17:38:03.244,1.6166,1.61695,0.80,13.60
2008.01.10 17:38:03.751,1.6166,1.6169,0.80,0.80
2008.01.10 17:38:04.593,1.6166,1.6169,0.80,0.80
2008.01.10 17:38:05.037,1.6166,1.61695,0.80,13.60
2008.01.10 17:38:06.001,1.6166,1.61685,0.80,0.80
2008.01.10 17:38:06.254,1.61655,1.6169,19.40,4.00
2008.01.10 17:38:06.536,1.61655,1.61685,20.20,0.60
2008.01.10 17:38:06.997,1.61655,1.61685,18.60,0.80
2008.01.10 17:38:07.466,1.61655,1.61685,14.40,9.60
2008.01.10 17:38:07.490,1.61655,1.6168,9.60,0.60
2008.01.10 17:38:07.950,1.61655,1.6168,9.60,6.40
2008.01.10 17:38:08.313,1.61655,1.61675,5.60,0.90
2008.01.10 17:38:09.178,1.61655,1.6168,5.60,7.20
2008.01.10 17:38:09.396,1.61655,1.61675,7.20,0.60
2008.01.10 17:38:09.705,1.61655,1.61685,7.20,14.40
2008.01.10 17:38:10.050,1.61655,1.6168,7.20,0.90
2008.01.10 17:38:10.450,1.61655,1.61685,8.80,12.80
2008.01.10 17:38:10.970,1.61655,1.61685,8.00,0.60
2008.01.10 17:38:11.908,1.61655,1.61685,8.00,0.90
2008.01.10 17:38:12.296,1.61655,1.6169,8.00,12.80
2008.01.10 17:38:12.494,1.61655,1.617,17.00,6.40
2008.01.10 17:38:12.745,1.6166,1.6169,0.80,2.40
2008.01.10 17:38:13.177,1.6166,1.6169,0.80,4.00
2008.01.10 17:38:13.679,1.6166,1.61685,0.80,0.90
2008.01.10 17:38:14.063,1.6166,1.6169,0.80,4.00
2008.01.10 17:38:14.493,1.6166,1.6169,0.80,4.00
2008.01.10 17:38:14.712,1.61665,1.6169,9.60,3.20
2008.01.10 17:38:14.935,1.61665,1.6169,13.80,0.60
2008.01.10 17:38:15.346,1.61675,1.617,5.80,3.20
2008.01.10 17:38:15.750,1.61675,1.61705,5.00,0.90
2008.01.10 17:38:16.063,1.6168,1.6171,0.80,4.00
2008.01.10 17:38:16.378,1.6168,1.61705,0.80,0.80
2008.01.10 17:38:16.809,1.6168,1.6171,0.80,4.00
2008.01.10 17:38:17.175,1.61685,1.61705,0.80,0.80
2008.01.10 17:38:17.563,1.61685,1.6171,0.80,7.20
2008.01.10 17:38:17.752,1.61685,1.6171,1.60,6.40
2008.01.10 17:38:18.042,1.61695,1.6171,0.80,6.40
2008.01.10 17:38:18.453,1.61705,1.61715,0.80,0.80
2008.01.10 17:38:18.924,1.61705,1.6173,3.20,12.00
2008.01.10 17:38:19.126,1.61705,1.61725,4.00,0.50
2008.01.10 17:38:19.337,1.61705,1.6173,9.60,8.80
2008.01.10 17:38:19.729,1.61715,1.61725,0.80,0.60
2008.01.10 17:38:19.932,1.61715,1.61735,5.60,19.20
2008.01.10 17:38:20.167,1.61715,1.61725,5.60,0.60
2008.01.10 17:38:20.571,1.61715,1.61725,5.60,0.50
2008.01.10 17:38:20.998,1.61715,1.61725,5.60,0.90
2008.01.10 17:38:21.485,1.61705,1.61735,4.00,16.80
2008.01.10 17:38:21.585,1.61705,1.6173,4.00,6.40
2008.01.10 17:38:22.003,1.61705,1.6173,6.40,7.20
2008.01.10 17:38:22.402,1.61705,1.61725,0.80,0.90
2008.01.10 17:38:22.825,1.61695,1.6173,14.40,9.60
2008.01.10 17:38:23.059,1.61695,1.61725,14.40,0.50
2008.01.10 17:38:23.294,1.61705,1.61725,6.40,0.50
2008.01.10 17:38:23.700,1.61705,1.6173,8.00,6.40
2008.01.10 17:38:24.130,1.61715,1.61735,5.60,0.60
2008.01.10 17:38:24.581,1.61705,1.61725,6.40,0.90
2008.01.10 17:38:24.817,1.61705,1.61725,6.40,0.90
2008.01.10 17:38:25.098,1.61705,1.6173,6.40,6.40
2008.01.10 17:38:25.463,1.61705,1.6173,9.60,6.40
2008.01.10 17:38:25.863,1.61705,1.61725,9.60,0.70
2008.01.10 17:38:26.262,1.61705,1.6173,9.60,7.20
2008.01.10 17:38:26.786,1.61705,1.61725,9.60,0.80
2008.01.10 17:38:27.306,1.61705,1.6173,9.60,7.20
2008.01.10 17:38:27.721,1.61705,1.61725,9.60,0.90
2008.01.10 17:38:28.127,1.61705,1.61725,9.60,0.70
2008.01.10 17:38:28.576,1.61705,1.6173,9.60,7.20
2008.01.10 17:38:29.035,1.61705,1.6173,9.60,7.20
2008.01.10 17:38:29.283,1.617,1.61725,0.80,0.60
2008.01.10 17:38:29.666,1.61695,1.61715,14.40,1.60
2008.01.10 17:38:30.008,1.61695,1.61705,4.00,0.90
2008.01.10 17:38:30.477,1.61695,1.61705,12.00,1.60
2008.01.10 17:38:30.913,1.61705,1.61725,8.80,4.80
2008.01.10 17:38:31.155,1.61705,1.61725,8.80,4.80
2008.01.10 17:38:31.398,1.61705,1.61725,11.20,1.60
2008.01.10 17:38:31.962,1.61705,1.61725,11.20,1.60
2008.01.10 17:38:32.179,1.61715,1.61725,7.90,1.60
2008.01.10 17:38:32.387,1.61715,1.6174,9.50,1.60
2008.01.10 17:38:32.693,1.61715,1.6174,7.20,1.60
2008.01.10 17:38:33.081,1.61715,1.61735,7.20,3.20
2008.01.10 17:38:33.555,1.61715,1.61735,8.00,12.20
2008.01.10 17:38:33.954,1.61715,1.61735,9.60,3.20
2008.01.10 17:38:34.162,1.61715,1.6173,7.20,0.80
2008.01.10 17:38:34.378,1.61715,1.6173,7.20,0.80
2008.01.10 17:38:34.586,1.61705,1.6172,8.00,1.60
2008.01.10 17:38:34.870,1.61715,1.61725,5.60,1.60
2008.01.10 17:38:35.274,1.61715,1.61725,5.60,3.20
2008.01.10 17:38:35.747,1.61705,1.61725,5.60,1.60
2008.01.10 17:38:35.992,1.61695,1.61725,12.80,8.00
2008.01.10 17:38:36.262,1.61695,1.61725,9.60,13.80
2008.01.10 17:38:36.656,1.61695,1.61725,7.20,13.80
2008.01.10 17:38:37.097,1.61695,1.6172,10.40,1.60
2008.01.10 17:38:37.563,1.61695,1.61715,11.20,0.80
2008.01.10 17:38:38.034,1.61695,1.61705,7.20,3.20
2008.01.10 17:38:38.215,1.61695,1.61705,6.40,4.00
2008.01.10 17:38:38.431,1.61695,1.61705,0.80,4.00
2008.01.10 17:38:38.808,1.61695,1.61705,0.80,4.00
2008.01.10 17:38:38.993,1.61695,1.61705,0.80,4.00
2008.01.10 17:38:39.251,1.61685,1.61705,5.60,1.60
2008.01.10 17:38:39.657,1.61685,1.61705,5.60,6.40
2008.01.10 17:38:39.659,1.61685,1.61705,5.60,6.40
2008.01.10 17:38:40.109,1.61675,1.617,4.80,0.90
2008.01.10 17:38:40.551,1.61675,1.61705,12.00,9.60
2008.01.10 17:38:40.780,1.61675,1.61705,11.20,4.80
2008.01.10 17:38:41.008,1.61675,1.6171,12.00,6.40
2008.01.10 17:38:41.446,1.61675,1.61705,12.00,0.80
2008.01.10 17:38:41.735,1.61675,1.6171,13.60,10.60
2008.01.10 17:38:42.023,1.61675,1.617,10.40,0.70
2008.01.10 17:38:42.505,1.61675,1.61695,10.40,0.90
2008.01.10 17:38:43.132,1.61675,1.61695,10.40,0.50
2008.01.10 17:38:43.352,1.61675,1.617,7.20,4.80
2008.01.10 17:38:43.709,1.61675,1.617,7.20,4.80
2008.01.10 17:38:43.975,1.61675,1.617,7.20,4.80
2008.01.10 17:38:44.509,1.61675,1.617,7.20,4.80
2008.01.10 17:38:45.123,1.61675,1.617,7.20,4.80
2008.01.10 17:38:45.557,1.61675,1.617,7.20,4.80
2008.01.10 17:38:46.008,1.61675,1.61695,7.20,0.60
2008.01.10 17:38:46.251,1.61675,1.617,12.80,0.70
2008.01.10 17:38:46.706,1.61675,1.61705,12.80,18.60
2008.01.10 17:38:46.964,1.61675,1.61705,12.80,15.20
2008.01.10 17:38:47.407,1.61685,1.61705,0.80,12.80
2008.01.10 17:38:47.665,1.61685,1.617,3.20,0.60
2008.01.10 17:38:47.924,1.61685,1.6172,13.60,19.60
2008.01.10 17:38:48.168,1.61685,1.6172,16.00,7.20
2008.01.10 17:38:48.410,1.61695,1.6172,0.80,6.40
2008.01.10 17:38:48.653,1.61695,1.6172,7.20,6.40
2008.01.10 17:38:48.896,1.61695,1.6173,8.80,17.00
2008.01.10 17:38:49.270,1.61695,1.6173,8.80,17.00
2008.01.10 17:38:49.695,1.617,1.6173,0.80,16.20
2008.01.10 17:38:49.892,1.617,1.61725,0.80,0.60
2008.01.10 17:38:50.181,1.617,1.6173,0.80,8.20
2008.01.10 17:38:50.655,1.61695,1.6173,12.80,11.40
2008.01.10 17:38:50.940,1.61695,1.6172,5.60,0.50
2008.01.10 17:38:51.226,1.61695,1.6172,5.60,4.00
2008.01.10 17:38:51.627,1.61685,1.61715,9.60,10.40
2008.01.10 17:38:52.088,1.6168,1.61705,0.80,0.50
2008.01.10 17:38:52.286,1.61675,1.61705,12.00,0.60
2008.01.10 17:38:52.515,1.61675,1.61705,11.20,9.60
2008.01.10 17:38:52.912,1.61675,1.61705,11.20,9.60
2008.01.10 17:38:53.309,1.61675,1.61695,9.60,0.90
2008.01.10 17:38:54.075,1.61675,1.61695,9.60,0.70
2008.01.10 17:38:55.006,1.61675,1.617,9.60,5.60
2008.01.10 17:38:55.732,1.61675,1.617,9.60,5.60
2008.01.10 17:38:56.437,1.61675,1.617,7.20,6.40
2008.01.10 17:38:57.060,1.61675,1.617,7.20,6.40
2008.01.10 17:38:57.431,1.61675,1.61695,7.20,0.90
2008.01.10 17:38:58.170,1.61675,1.61695,7.20,0.70
2008.01.10 17:38:58.409,1.61675,1.617,9.60,0.90
2008.01.10 17:38:58.923,1.61675,1.61705,9.60,24.20
2008.01.10 17:38:59.245,1.61675,1.61705,9.60,24.20
2008.01.10 17:38:59.659,1.61675,1.617,9.60,0.90
2008.01.10 17:39:00.074,1.61685,1.617,2.40,0.80
2008.01.10 17:39:00.489,1.61695,1.617,0.80,0.70
2008.01.10 17:39:00.718,1.6169,1.6172,0.80,8.20
2008.01.10 17:39:00.992,1.6169,1.61715,0.80,0.50
2008.01.10 17:39:01.399,1.6169,1.61715,0.80,0.50
2008.01.10 17:39:01.875,1.6169,1.6172,0.80,9.90
2008.01.10 17:39:02.334,1.61685,1.6172,7.10,17.10
2008.01.10 17:39:02.757,1.61685,1.61715,7.10,0.50
2008.01.10 17:39:02.997,1.61685,1.61715,6.40,0.60
2008.01.10 17:39:03.209,1.6168,1.6172,7.20,17.80
2008.01.10 17:39:03.250,1.6168,1.61705,0.80,0.90
2008.01.10 17:39:03.672,1.6167,1.6171,14.30,4.00
2008.01.10 17:39:04.115,1.61675,1.61705,0.60,0.90
2008.01.10 17:39:04.333,1.6167,1.6171,14.30,10.40
2008.01.10 17:39:04.728,1.6167,1.6171,14.30,10.40
2008.01.10 17:39:04.970,1.6167,1.6171,11.10,12.00
2008.01.10 17:39:05.190,1.61675,1.61705,0.50,0.60
2008.01.10 17:39:06.029,1.6167,1.6171,11.10,16.20
2008.01.10 17:39:06.510,1.6167,1.6171,9.60,17.00
2008.01.10 17:39:06.733,1.6167,1.6171,9.60,13.80
2008.01.10 17:39:06.957,1.61675,1.61705,0.90,0.60
2008.01.10 17:39:07.958,1.6167,1.6171,10.30,13.80
2008.01.10 17:39:08.444,1.61675,1.61705,0.60,0.70
2008.01.10 17:39:08.648,1.61675,1.617,0.60,0.80
2008.01.10 17:39:08.954,1.6167,1.61705,9.50,13.80
2008.01.10 17:39:09.420,1.6167,1.61705,9.50,13.80
2008.01.10 17:39:10.015,1.61675,1.617,1.50,3.20
2008.01.10 17:39:10.346,1.6167,1.617,9.50,3.20
2008.01.10 17:39:10.803,1.61665,1.61695,11.10,3.20
2008.01.10 17:39:11.032,1.6166,1.61695,7.90,13.60
2008.01.10 17:39:11.384,1.6167,1.61695,0.80,13.60
2008.01.10 17:39:12.007,1.61665,1.61695,6.40,13.60
2008.01.10 17:39:12.321,1.61655,1.61685,17.50,7.20
2008.01.10 17:39:12.775,1.61655,1.61685,12.80,9.60
2008.01.10 17:39:12.849,1.6166,1.61685,0.80,10.40
2008.01.10 17:39:13.245,1.61655,1.61685,12.80,7.20
2008.01.10 17:39:14.775,1.6166,1.61685,0.80,10.40
2008.01.10 17:39:15.121,1.61655,1.61685,1.40,12.00
2008.01.10 17:39:15.527,1.6165,1.61685,3.20,14.40
2008.01.10 17:39:15.946,1.6165,1.6168,3.20,1.60
2008.01.10 17:39:16.422,1.6165,1.6168,3.20,1.60
2008.01.10 17:39:16.894,1.6165,1.6168,4.70,1.60
2008.01.10 17:39:17.167,1.6165,1.6168,10.30,2.40
2008.01.10 17:39:17.609,1.6165,1.6168,10.30,2.40
2008.01.10 17:39:19.272,1.6165,1.6168,10.30,2.40
2008.01.10 17:39:19.694,1.6165,1.6168,10.30,2.40
2008.01.10 17:39:19.896,1.6165,1.6168,10.30,2.40
2008.01.10 17:39:20.191,1.61655,1.6168,4.20,2.40
2008.01.10 17:39:20.614,1.61655,1.6168,2.90,2.40
2008.01.10 17:39:21.012,1.61645,1.61675,11.90,9.60
2008.01.10 17:39:21.442,1.61645,1.61675,11.90,9.60
2008.01.10 17:39:21.774,1.6165,1.6168,9.50,2.40
2008.01.10 17:39:22.158,1.6165,1.6168,9.50,2.40
2008.01.10 17:39:22.600,1.61655,1.6168,4.20,2.40
2008.01.10 17:39:22.838,1.61645,1.61675,14.50,8.00
2008.01.10 17:39:23.093,1.61645,1.61675,14.50,8.00
2008.01.10 17:39:23.538,1.6165,1.61675,0.80,9.60
2008.01.10 17:39:24.134,1.6165,1.61675,0.80,9.60
2008.01.10 17:39:24.755,1.6165,1.61675,0.80,9.60
2008.01.10 17:39:25.039,1.6165,1.61675,0.80,9.60
2008.01.10 17:39:25.174,1.6165,1.61675,0.80,0.50
2008.01.10 17:39:25.560,1.61645,1.61675,13.50,9.60
2008.01.10 17:39:26.116,1.61645,1.61675,13.50,9.60
2008.01.10 17:39:26.485,1.61645,1.61675,3.70,8.00
2008.01.10 17:39:26.924,1.61645,1.61675,5.80,8.80
2008.01.10 17:39:27.132,1.61645,1.61665,3.60,1.60
2008.01.10 17:39:27.343,1.61635,1.61665,15.90,2.40
2008.01.10 17:39:27.552,1.61645,1.61665,1.10,4.80
2008.01.10 17:39:27.846,1.61645,1.61665,0.90,8.80
2008.01.10 17:39:28.252,1.61645,1.61665,1.60,9.60
2008.01.10 17:39:28.742,1.61635,1.61665,7.20,12.80
2008.01.10 17:39:28.970,1.61635,1.61655,5.60,2.30
2008.01.10 17:39:29.199,1.61635,1.61655,5.60,2.30
2008.01.10 17:39:29.612,1.61625,1.61645,2.10,9.50
2008.01.10 17:39:30.018,1.6162,1.61645,5.60,9.50
2008.01.10 17:39:31.665,1.61615,1.61635,7.40,1.60
2008.01.10 17:39:31.967,1.61615,1.61635,3.20,7.90
2008.01.10 17:39:32.286,1.61615,1.61635,3.20,11.10
2008.01.10 17:39:32.401,1.61605,1.61615,6.40,3.20
2008.01.10 17:39:32.613,1.61605,1.61615,5.60,3.20
2008.01.10 17:39:32.729,1.61605,1.61625,5.60,5.60
2008.01.10 17:39:33.063,1.61605,1.61625,6.40,8.00
2008.01.10 17:39:33.551,1.61605,1.61635,8.20,15.10
2008.01.10 17:39:34.095,1.61605,1.61635,8.20,15.10
2008.01.10 17:39:34.489,1.61605,1.61635,5.80,16.70
2008.01.10 17:39:34.912,1.61615,1.61635,1.60,9.50
2008.01.10 17:39:35.353,1.61615,1.61635,1.60,6.30
2008.01.10 17:39:35.864,1.61615,1.61635,1.60,6.30
2008.01.10 17:39:36.118,1.61615,1.61635,4.80,4.70
2008.01.10 17:39:36.397,1.61615,1.61635,4.80,4.70
2008.01.10 17:39:36.866,1.61615,1.61635,4.80,4.70
2008.01.10 17:39:37.145,1.61615,1.61625,1.60,2.40
2008.01.10 17:39:37.364,1.61605,1.61615,4.00,0.80
2008.01.10 17:39:37.770,1.61605,1.6161,4.00,2.40
2008.01.10 17:39:38.181,1.61585,1.61605,1.60,10.40
2008.01.10 17:39:38.568,1.61575,1.61585,0.80,5.60
2008.01.10 17:39:38.961,1.61575,1.61585,0.80,5.60
2008.01.10 17:39:39.356,1.61565,1.61585,4.00,7.20
2008.01.10 17:39:39.593,1.61575,1.61595,0.70,13.60
2008.01.10 17:39:39.832,1.61555,1.61575,7.90,5.60
2008.01.10 17:39:40.239,1.61555,1.61575,7.20,6.40
2008.01.10 17:39:40.670,1.61555,1.61585,11.20,9.60
2008.01.10 17:39:41.147,1.61545,1.61575,9.60,12.00
2008.01.10 17:39:41.430,1.61545,1.61575,12.00,3.20
2008.01.10 17:39:41.715,1.61565,1.61575,3.20,3.20
2008.01.10 17:39:42.035,1.61565,1.6158,4.20,0.80
2008.01.10 17:39:42.407,1.61565,1.61575,3.20,12.00
2008.01.10 17:39:42.592,1.61555,1.61565,0.80,10.40
2008.01.10 17:39:42.810,1.61555,1.61565,1.60,8.00
2008.01.10 17:39:43.281,1.61555,1.61575,3.70,1.50
2008.01.10 17:39:43.779,1.61555,1.61585,2.40,19.90
2008.01.10 17:39:43.848,1.61555,1.6158,7.30,1.60
2008.01.10 17:39:44.220,1.61555,1.61575,5.60,8.00
2008.01.10 17:39:44.639,1.61555,1.61565,5.60,5.60
2008.01.10 17:39:44.857,1.6155,1.61555,0.80,2.40
2008.01.10 17:39:45.097,1.61555,1.61565,0.80,12.00
2008.01.10 17:39:45.500,1.6155,1.61555,0.80,8.80
2008.01.10 17:39:45.934,1.61535,1.61555,8.80,3.20
2008.01.10 17:39:46.345,1.61535,1.6156,4.80,1.60
2008.01.10 17:39:46.747,1.61535,1.6156,3.20,2.30
2008.01.10 17:39:46.968,1.6153,1.61545,0.80,5.60
2008.01.10 17:39:47.225,1.6152,1.61525,0.80,2.30
2008.01.10 17:39:47.649,1.6152,1.61525,0.80,10.40
2008.01.10 17:39:48.093,1.6152,1.61525,0.80,14.80
2008.01.10 17:39:48.493,1.6151,1.61515,0.80,10.40
2008.01.10 17:39:48.891,1.61485,1.61505,0.80,6.40
2008.01.10 17:39:49.292,1.61495,1.61505,0.20,8.80
2008.01.10 17:39:49.586,1.61495,1.6152,7.30,3.10
2008.01.10 17:39:49.881,1.615,1.61525,0.80,14.30
2008.01.10 17:39:50.293,1.615,1.61525,0.80,13.60
2008.01.10 17:39:50.656,1.61495,1.61525,13.30,12.80
2008.01.10 17:39:51.021,1.61495,1.61525,11.70,13.60
2008.01.10 17:39:51.146,1.61495,1.61525,11.70,13.60
2008.01.10 17:39:51.417,1.61495,1.61525,14.70,8.00
2008.01.10 17:39:51.905,1.61505,1.61525,3.70,6.40
2008.01.10 17:39:52.202,1.61515,1.6154,11.90,2.40
2008.01.10 17:39:52.501,1.61515,1.61545,15.10,16.00
2008.01.10 17:39:52.841,1.61515,1.61545,16.30,13.60
2008.01.10 17:39:53.253,1.61515,1.61545,15.90,9.60
2008.01.10 17:39:53.664,1.61525,1.61545,2.10,1.60
2008.01.10 17:39:53.932,1.61535,1.61555,4.50,1.60
2008.01.10 17:39:54.200,1.61545,1.61555,1.60,1.60
2008.01.10 17:39:54.609,1.61545,1.61565,14.10,1.60
2008.01.10 17:39:54.996,1.61555,1.61575,0.80,1.60
2008.01.10 17:39:55.188,1.61545,1.6157,11.20,0.80
2008.01.10 17:39:55.408,1.61545,1.6157,11.20,0.80
2008.01.10 17:39:55.792,1.61545,1.61565,2.60,3.20
2008.01.10 17:39:56.347,1.61545,1.61565,2.60,1.60
2008.01.10 17:39:56.861,1.61555,1.61565,2.20,1.60
2008.01.10 17:39:57.037,1.61565,1.61585,1.60,16.00
2008.01.10 17:39:57.256,1.61565,1.61585,7.20,4.00
2008.01.10 17:39:57.626,1.61565,1.61585,7.20,6.40
2008.01.10 17:39:57.992,1.61565,1.61585,7.20,6.40
2008.01.10 17:39:58.470,1.61555,1.61575,7.20,3.20
2008.01.10 17:39:58.758,1.61555,1.61575,7.20,3.20
2008.01.10 17:39:59.046,1.61555,1.61575,5.60,5.60
2008.01.10 17:39:59.353,1.61545,1.61565,8.00,3.20
2008.01.10 17:39:59.725,1.61545,1.61565,8.80,3.20
2008.01.10 17:39:59.909,1.61555,1.61575,0.80,6.40
2008.01.10 17:40:00.145,1.6155,1.61575,0.80,6.40
2008.01.10 17:40:00.602,1.61555,1.6158,7.20,3.20
2008.01.10 17:40:01.082,1.61555,1.6158,9.60,2.40
2008.01.10 17:40:01.151,1.61555,1.6158,9.60,0.70
2008.01.10 17:40:01.569,1.61555,1.61585,8.00,16.00
2008.01.10 17:40:01.645,1.61555,1.6158,7.20,4.00
2008.01.10 17:40:02.061,1.61545,1.6158,16.00,16.80
2008.01.10 17:40:02.533,1.61545,1.61575,13.60,0.70
2008.01.10 17:40:02.978,1.61545,1.61575,10.20,0.90
2008.01.10 17:40:03.755,1.61545,1.61575,10.20,0.80
2008.01.10 17:40:03.989,1.61555,1.6158,2.20,11.20
2008.01.10 17:40:04.223,1.61555,1.61575,1.60,0.70
2008.01.10 17:40:04.649,1.61555,1.6159,2.40,21.00
2008.01.10 17:40:05.115,1.61555,1.61585,11.20,20.80
2008.01.10 17:40:05.393,1.61555,1.6159,11.80,17.00
2008.01.10 17:40:05.752,1.61555,1.61585,12.60,0.90
2008.01.10 17:40:06.050,1.61555,1.6159,11.80,17.20
2008.01.10 17:40:06.476,1.61555,1.6158,11.70,0.80
2008.01.10 17:40:06.894,1.61565,1.61585,1.40,15.40
2008.01.10 17:40:07.315,1.61565,1.61585,0.80,13.60
2008.01.10 17:40:07.714,1.61565,1.61585,1.40,0.90
2008.01.10 17:40:08.220,1.61565,1.6159,1.40,12.00
2008.01.10 17:40:08.498,1.61575,1.61595,5.60,16.60
2008.01.10 17:40:08.778,1.61565,1.61585,1.60,0.90
2008.01.10 17:40:09.163,1.61555,1.6156,8.00,0.80
2008.01.10 17:40:09.578,1.61545,1.61565,3.80,6.40
2008.01.10 17:40:10.011,1.61545,1.6156,6.20,0.80
2008.01.10 17:40:10.459,1.61555,1.61565,2.40,0.80
2008.01.10 17:40:10.716,1.61555,1.6157,0.80,7.20
2008.01.10 17:40:10.975,1.61545,1.6157,8.00,1.60
2008.01.10 17:40:11.359,1.61545,1.6157,3.80,10.40
2008.01.10 17:40:11.778,1.61545,1.6157,3.80,14.40
2008.01.10 17:40:12.008,1.61545,1.61565,3.80,0.60
2008.01.10 17:40:12.277,1.61535,1.6157,8.00,10.40
2008.01.10 17:40:12.680,1.61545,1.6157,3.80,13.60
2008.01.10 17:40:13.141,1.61545,1.6157,7.80,10.40
2008.01.10 17:40:13.376,1.61545,1.6157,2.20,8.80
2008.01.10 17:40:13.609,1.61535,1.6157,14.80,6.40
2008.01.10 17:40:14.016,1.61545,1.6157,2.20,8.00
2008.01.10 17:40:14.446,1.61535,1.61555,9.40,4.80
2008.01.10 17:40:14.507,1.61535,1.6155,7.80,0.80
2008.01.10 17:40:14.922,1.61535,1.6156,11.60,0.80
2008.01.10 17:40:15.371,1.61535,1.61565,11.60,13.60
2008.01.10 17:40:15.806,1.61535,1.61565,11.60,13.60
2008.01.10 17:40:16.034,1.61545,1.61565,0.80,10.40
2008.01.10 17:40:16.262,1.61545,1.6157,0.80,11.20
2008.01.10 17:40:16.666,1.61545,1.6157,0.80,9.60
2008.01.10 17:40:17.149,1.61545,1.61565,0.80,0.90
2008.01.10 17:40:17.413,1.61545,1.61565,0.80,8.00
2008.01.10 17:40:17.703,1.61545,1.61555,0.80,1.60
2008.01.10 17:40:18.038,1.61535,1.6155,6.40,0.80
2008.01.10 17:40:18.576,1.61535,1.61555,6.40,1.60
2008.01.10 17:40:18.965,1.61535,1.6155,5.60,0.80
2008.01.10 17:40:19.345,1.61535,1.61545,5.60,0.50
2008.01.10 17:40:19.822,1.61525,1.6153,4.00,0.80
2008.01.10 17:40:20.214,1.61505,1.6152,2.20,1.60
2008.01.10 17:40:20.617,1.61495,1.6152,15.00,1.60
2008.01.10 17:40:20.820,1.61495,1.6152,15.00,1.60
2008.01.10 17:40:21.111,1.61495,1.6152,15.00,1.60
2008.01.10 17:40:21.520,1.61505,1.6153,2.10,3.20
2008.01.10 17:40:22.002,1.61515,1.61525,0.70,0.90
2008.01.10 17:40:22.200,1.61515,1.61525,0.70,0.90
2008.01.10 17:40:22.421,1.61505,1.6153,13.20,1.60
2008.01.10 17:40:22.811,1.61505,1.6153,13.20,1.60
2008.01.10 17:40:23.202,1.61505,1.61525,13.20,0.80
2008.01.10 17:40:23.717,1.61505,1.61525,3.80,3.20
2008.01.10 17:40:23.851,1.61505,1.6153,10.10,0.60
2008.01.10 17:40:24.259,1.61505,1.61535,10.10,6.40
2008.01.10 17:40:24.629,1.61515,1.6154,0.70,6.40
2008.01.10 17:40:25.003,1.61525,1.6154,0.70,4.00
2008.01.10 17:40:25.187,1.61515,1.6154,9.60,2.80
2008.01.10 17:40:25.443,1.61515,1.61525,1.60,0.80
2008.01.10 17:40:25.861,1.61505,1.6153,2.40,1.60
2008.01.10 17:40:26.294,1.61515,1.61545,1.60,14.00
2008.01.10 17:40:26.772,1.61505,1.6153,10.40,0.80
2008.01.10 17:40:27.250,1.61505,1.61535,11.20,1.60
2008.01.10 17:40:27.300,1.61505,1.61535,13.60,5.60
2008.01.10 17:40:27.673,1.61505,1.61535,13.60,0.50
2008.01.10 17:40:28.054,1.61505,1.6154,13.60,8.40
2008.01.10 17:40:28.430,1.61505,1.6154,14.40,7.20
2008.01.10 17:40:28.929,1.61505,1.61535,17.60,0.80
2008.01.10 17:40:29.233,1.61505,1.6153,9.60,0.80
2008.01.10 17:40:29.594,1.61505,1.6153,9.60,0.80
2008.01.10 17:40:29.855,1.61495,1.61525,20.20,5.60
2008.01.10 17:40:30.267,1.61495,1.61525,18.40,9.60
2008.01.10 17:40:30.475,1.61495,1.61525,12.80,10.80
2008.01.10 17:40:30.711,1.61495,1.61515,12.80,1.20
2008.01.10 17:40:31.133,1.61495,1.61515,11.20,1.20
2008.01.10 17:40:32.058,1.61495,1.61515,11.20,3.20
2008.01.10 17:40:32.678,1.61495,1.61515,11.20,3.20
2008.01.10 17:40:33.084,1.61495,1.61515,11.20,3.20
2008.01.10 17:40:35.316,1.61495,1.61525,14.40,10.00
2008.01.10 17:40:35.596,1.61515,1.61535,5.60,11.60
2008.01.10 17:40:35.620,1.61515,1.61535,5.60,4.00
2008.01.10 17:40:35.915,1.61515,1.61535,5.60,4.00
2008.01.10 17:40:36.008,1.61515,1.61535,5.60,8.00
2008.01.10 17:40:36.231,1.61515,1.61535,5.60,7.20
2008.01.10 17:40:36.539,1.61515,1.61535,8.80,7.20
2008.01.10 17:40:37.066,1.61515,1.6154,9.60,0.80
2008.01.10 17:40:37.608,1.61515,1.61535,7.20,4.00
2008.01.10 17:40:37.801,1.61515,1.61535,7.20,7.20
2008.01.10 17:40:38.029,1.61515,1.61535,7.20,3.20
2008.01.10 17:40:38.410,1.61515,1.6154,9.60,0.80
2008.01.10 17:40:38.875,1.61515,1.6154,9.60,2.40
2008.01.10 17:40:39.345,1.61515,1.61535,7.20,4.00
2008.01.10 17:40:39.426,1.61515,1.61535,7.20,4.00
2008.01.10 17:40:39.837,1.61515,1.61535,5.60,5.20
2008.01.10 17:40:40.280,1.61515,1.6152,5.60,0.80
2008.01.10 17:40:40.710,1.61505,1.6152,1.60,0.80
2008.01.10 17:40:40.937,1.61495,1.6152,11.20,0.80
2008.01.10 17:40:41.323,1.61495,1.61515,11.20,3.20
2008.01.10 17:40:41.624,1.61495,1.61515,11.20,3.20
2008.01.10 17:40:41.995,1.61485,1.61515,14.30,8.40
2008.01.10 17:40:42.200,1.61485,1.61515,11.90,12.40
2008.01.10 17:40:42.615,1.61485,1.61515,11.90,12.40
2008.01.10 17:40:42.961,1.61485,1.61515,14.30,9.20
2008.01.10 17:40:43.593,1.61485,1.61515,15.90,9.20
2008.01.10 17:40:43.881,1.61505,1.61515,0.70,4.00
2008.01.10 17:40:44.326,1.61495,1.61515,7.20,1.20
2008.01.10 17:40:44.387,1.61495,1.6152,7.90,3.20
2008.01.10 17:40:44.793,1.61505,1.6152,0.70,2.40
2008.01.10 17:40:45.256,1.61505,1.6152,0.70,2.40
2008.01.10 17:40:45.661,1.61495,1.61525,11.10,7.60
2008.01.10 17:40:45.886,1.61495,1.61525,11.10,9.50
2008.01.10 17:40:46.174,1.61495,1.6152,10.30,0.80
2008.01.10 17:40:46.601,1.61495,1.6152,10.30,0.80
2008.01.10 17:40:46.665,1.61495,1.61525,10.30,14.00
2008.01.10 17:40:46.892,1.61495,1.61515,6.30,4.40
2008.01.10 17:40:47.121,1.61495,1.6151,6.30,0.80
2008.01.10 17:40:47.530,1.61495,1.6152,7.90,8.40
2008.01.10 17:40:47.981,1.61495,1.6152,7.90,2.80
2008.01.10 17:40:48.210,1.61495,1.6151,7.90,1.60
2008.01.10 17:40:48.439,1.61495,1.6151,5.60,1.60
2008.01.10 17:40:49.091,1.61495,1.61515,5.60,13.20
2008.01.10 17:40:50.109,1.61495,1.61515,5.60,13.20
2008.01.10 17:40:50.388,1.61485,1.61515,5.50,10.70
2008.01.10 17:40:50.776,1.61485,1.61495,11.10,0.90
2008.01.10 17:40:51.185,1.61495,1.6151,0.70,5.60
2008.01.10 17:40:51.401,1.61485,1.61505,4.80,0.80
2008.01.10 17:40:51.665,1.61475,1.61505,13.60,3.20
2008.01.10 17:40:52.112,1.61475,1.61505,13.60,4.00
2008.01.10 17:40:52.376,1.61475,1.615,11.20,1.60
2008.01.10 17:40:52.654,1.61475,1.61485,11.20,1.60
2008.01.10 17:40:53.058,1.61465,1.6148,4.00,0.80
2008.01.10 17:40:53.518,1.61465,1.61495,4.80,12.80
2008.01.10 17:40:55.015,1.61465,1.61495,11.20,8.80
2008.01.10 17:40:55.283,1.61455,1.61485,15.20,7.20
2008.01.10 17:40:55.356,1.61455,1.6148,14.40,1.60
2008.01.10 17:40:55.908,1.61455,1.6148,14.40,1.60
2008.01.10 17:40:56.246,1.61455,1.61475,14.40,0.80
2008.01.10 17:40:56.837,1.61455,1.61475,14.40,0.80
2008.01.10 17:40:56.996,1.61455,1.6148,9.60,1.60
2008.01.10 17:40:57.442,1.61445,1.6147,12.80,0.80
2008.01.10 17:40:57.617,1.61445,1.61475,11.20,9.00
2008.01.10 17:40:57.832,1.61445,1.61455,1.60,0.50
2008.01.10 17:40:58.191,1.61445,1.6146,1.60,8.80
2008.01.10 17:40:58.631,1.61435,1.61445,1.60,0.90
2008.01.10 17:40:58.890,1.61415,1.6144,1.60,3.20
2008.01.10 17:40:59.149,1.61415,1.61435,3.20,4.80
2008.01.10 17:40:59.557,1.61415,1.61435,3.20,13.60
2008.01.10 17:41:00.039,1.61415,1.61435,7.20,4.70
2008.01.10 17:41:00.521,1.61415,1.6145,7.20,12.60
2008.01.10 17:41:00.890,1.61415,1.6143,7.20,0.80
2008.01.10 17:41:00.910,1.61415,1.61435,1.60,5.50
2008.01.10 17:41:01.273,1.61415,1.6143,1.60,0.80
2008.01.10 17:41:01.525,1.614,1.6143,0.10,4.70
2008.01.10 17:41:01.778,1.61415,1.61435,2.40,7.10
2008.01.10 17:41:02.192,1.61415,1.61445,6.40,18.30
2008.01.10 17:41:02.633,1.61415,1.61445,9.60,0.60
2008.01.10 17:41:02.867,1.61415,1.6144,7.20,1.60
2008.01.10 17:41:03.183,1.61415,1.6144,7.20,1.60
2008.01.10 17:41:03.513,1.61415,1.6144,7.20,1.60
2008.01.10 17:41:03.935,1.61415,1.6143,7.20,1.60
2008.01.10 17:41:04.174,1.61415,1.6143,0.80,4.70
2008.01.10 17:41:04.412,1.61415,1.6144,12.00,7.90
2008.01.10 17:41:05.317,1.61415,1.61435,12.00,0.50
2008.01.10 17:41:05.564,1.61415,1.6144,12.00,7.90
2008.01.10 17:41:05.812,1.61415,1.61435,9.60,0.70
2008.01.10 17:41:06.221,1.61415,1.6142,5.60,0.80
2008.01.10 17:41:06.644,1.61405,1.61425,5.60,7.90
2008.01.10 17:41:07.082,1.61405,1.61425,11.20,4.70
2008.01.10 17:41:07.515,1.61405,1.61435,11.20,0.70
2008.01.10 17:41:07.659,1.61405,1.6144,11.20,11.00
2008.01.10 17:41:08.089,1.61405,1.6144,12.00,9.40
2008.01.10 17:41:08.408,1.6141,1.6144,0.10,9.40
2008.01.10 17:41:08.820,1.61415,1.6143,1.60,1.60
2008.01.10 17:41:09.029,1.61395,1.61425,15.20,0.50
2008.01.10 17:41:09.513,1.61395,1.61425,13.60,0.90
2008.01.10 17:41:09.832,1.61395,1.6143,13.60,13.40
2008.01.10 17:41:10.276,1.61395,1.6143,9.60,10.30
2008.01.10 17:41:10.485,1.61395,1.6143,10.40,10.40
2008.01.10 17:41:10.732,1.61395,1.6143,17.80,6.40
2008.01.10 17:41:11.165,1.61395,1.6143,19.40,6.40
2008.01.10 17:41:11.423,1.61395,1.6143,18.60,4.80
2008.01.10 17:41:11.683,1.61395,1.61425,17.80,0.50
2008.01.10 17:41:11.942,1.61395,1.6143,13.00,9.60
2008.01.10 17:41:12.201,1.61395,1.61425,13.60,0.90
2008.01.10 17:41:12.449,1.61395,1.6143,12.80,9.60
2008.01.10 17:41:12.699,1.61395,1.6143,13.60,9.60
2008.01.10 17:41:13.111,1.61395,1.61415,0.80,0.90
2008.01.10 17:41:13.357,1.61395,1.61415,0.80,0.80
2008.01.10 17:41:13.627,1.61395,1.61425,0.80,23.90
2008.01.10 17:41:14.025,1.61395,1.61415,7.20,4.00
2008.01.10 17:41:14.249,1.61395,1.61415,7.20,6.40
2008.01.10 17:41:14.474,1.61395,1.6141,7.20,1.60
2008.01.10 17:41:14.921,1.61395,1.6142,7.20,3.20
2008.01.10 17:41:15.179,1.614,1.6142,0.80,1.60
2008.01.10 17:41:15.438,1.614,1.61425,0.80,7.20
2008.01.10 17:41:15.880,1.614,1.61425,0.80,4.80
2008.01.10 17:41:16.380,1.614,1.6142,0.10,0.80
2008.01.10 17:41:16.886,1.61395,1.6141,1.60,0.80
2008.01.10 17:41:17.080,1.61385,1.61405,0.10,1.60
2008.01.10 17:41:17.294,1.61385,1.61405,0.10,4.00
2008.01.10 17:41:17.486,1.61375,1.61405,18.60,8.80
2008.01.10 17:41:17.735,1.61375,1.61405,12.20,8.80
2008.01.10 17:41:17.982,1.61375,1.61405,12.20,11.10
2008.01.10 17:41:18.231,1.61375,1.61395,10.40,3.20
2008.01.10 17:41:18.642,1.61365,1.61395,13.30,8.00
2008.01.10 17:41:19.035,1.61365,1.61395,5.30,8.00
2008.01.10 17:41:19.056,1.61365,1.61395,5.30,0.70
2008.01.10 17:41:19.244,1.61375,1.614,0.80,7.90
2008.01.10 17:41:19.460,1.61375,1.614,0.80,7.90
2008.01.10 17:41:19.671,1.6138,1.61405,0.80,0.50
2008.01.10 17:41:19.981,1.61385,1.6141,1.00,4.00
2008.01.10 17:41:20.415,1.61385,1.6141,2.80,4.00
2008.01.10 17:41:20.926,1.61385,1.6141,2.80,4.00
2008.01.10 17:41:21.152,1.61385,1.61405,1.00,0.80
2008.01.10 17:41:22.087,1.61385,1.6141,1.00,4.00
2008.01.10 17:41:22.375,1.61385,1.6141,1.00,4.00
2008.01.10 17:41:22.750,1.6138,1.6141,0.80,4.00
2008.01.10 17:41:22.986,1.6138,1.6141,0.80,4.00
2008.01.10 17:41:23.766,1.6138,1.6141,0.80,5.60
2008.01.10 17:41:24.059,1.61375,1.61405,12.30,0.70
2008.01.10 17:41:24.738,1.61375,1.6141,12.30,6.40
2008.01.10 17:41:25.174,1.61375,1.6141,15.50,6.40
2008.01.10 17:41:25.585,1.61385,1.61405,3.20,0.50
2008.01.10 17:41:25.636,1.61385,1.61405,3.20,0.90
2008.01.10 17:41:26.017,1.61385,1.61405,4.20,0.80
2008.01.10 17:41:26.483,1.61385,1.6141,4.20,4.80
2008.01.10 17:41:26.757,1.61385,1.6141,4.20,5.60
2008.01.10 17:41:27.032,1.61385,1.61405,4.20,0.90
2008.01.10 17:41:27.462,1.61375,1.6141,12.00,15.90
2008.01.10 17:41:27.943,1.61375,1.6141,12.00,15.90
2008.01.10 17:41:28.186,1.6138,1.61405,0.80,0.50
2008.01.10 17:41:28.424,1.61385,1.6141,0.10,5.60
2008.01.10 17:41:28.856,1.61385,1.61405,3.50,0.80
2008.01.10 17:41:29.290,1.61385,1.6141,3.20,2.40
2008.01.10 17:41:29.719,1.61385,1.6141,3.20,5.60
2008.01.10 17:41:29.836,1.61385,1.6141,3.20,8.80
2008.01.10 17:41:30.256,1.61385,1.6141,3.20,4.80
2008.01.10 17:41:30.668,1.61385,1.61405,3.20,0.70
2008.01.10 17:41:31.070,1.61375,1.614,15.20,0.80
2008.01.10 17:41:31.615,1.61375,1.614,15.20,0.80
2008.01.10 17:41:31.990,1.6138,1.61395,0.80,0.60
2008.01.10 17:41:32.392,1.61385,1.61395,3.20,7.10
2008.01.10 17:41:32.603,1.61365,1.61385,14.40,0.60
2008.01.10 17:41:32.881,1.61365,1.6139,4.80,14.20
2008.01.10 17:41:33.288,1.61365,1.61375,3.20,0.70
2008.01.10 17:41:33.566,1.61365,1.6139,3.20,10.30
2008.01.10 17:41:33.846,1.61365,1.6139,3.20,10.30
2008.01.10 17:41:34.231,1.61365,1.61385,3.20,0.80
2008.01.10 17:41:34.649,1.61365,1.6139,3.20,10.30
2008.01.10 17:41:34.970,1.6136,1.6139,0.80,7.90
2008.01.10 17:41:35.485,1.6136,1.6139,0.10,11.90
2008.01.10 17:41:35.998,1.61355,1.61385,10.40,12.00
2008.01.10 17:41:36.216,1.61355,1.61385,11.20,11.20
2008.01.10 17:41:36.436,1.61365,1.61385,3.20,11.20
2008.01.10 17:41:36.845,1.61365,1.6139,3.20,12.70
2008.01.10 17:41:37.250,1.61365,1.61385,3.20,0.60
2008.01.10 17:41:37.470,1.61365,1.61395,8.80,16.80
2008.01.10 17:41:37.751,1.61365,1.61395,8.80,16.80
2008.01.10 17:41:38.099,1.61365,1.61395,9.60,13.60
2008.01.10 17:41:38.681,1.61365,1.61395,9.60,13.60
2008.01.10 17:41:39.051,1.61365,1.61395,9.60,13.60
2008.01.10 17:41:39.464,1.61375,1.614,5.60,4.00
2008.01.10 17:41:39.682,1.61375,1.61395,7.20,0.70
2008.01.10 17:41:39.962,1.61375,1.61395,7.20,0.70
2008.01.10 17:41:40.326,1.61375,1.614,7.20,8.80
2008.01.10 17:41:40.803,1.61375,1.614,8.00,6.40
2008.01.10 17:41:41.281,1.61375,1.61395,11.20,0.80
2008.01.10 17:41:41.723,1.61375,1.6141,11.20,17.60
2008.01.10 17:41:42.136,1.61375,1.61405,11.20,0.60
2008.01.10 17:41:42.542,1.61375,1.61405,11.20,0.50
2008.01.10 17:41:43.033,1.61375,1.6141,11.20,19.10
2008.01.10 17:41:44.082,1.61375,1.61405,11.20,0.90
2008.01.10 17:41:44.332,1.61375,1.61395,8.00,0.60
2008.01.10 17:41:44.728,1.61375,1.61395,5.60,0.80
2008.01.10 17:41:45.251,1.61375,1.61395,5.60,0.60
2008.01.10 17:41:45.774,1.61375,1.61385,5.60,0.10
2008.01.10 17:41:45.917,1.61365,1.61395,8.80,12.90
2008.01.10 17:41:46.211,1.61365,1.61385,8.80,0.10
2008.01.10 17:41:47.043,1.61365,1.61385,8.80,0.10
2008.01.10 17:41:47.470,1.61365,1.61385,8.80,0.10
2008.01.10 17:41:47.698,1.61365,1.61385,8.80,0.70
2008.01.10 17:41:47.962,1.6136,1.6139,0.80,7.30
2008.01.10 17:41:48.371,1.6136,1.6139,0.80,11.30
2008.01.10 17:41:48.636,1.6136,1.6138,0.10,0.80
2008.01.10 17:41:48.899,1.6136,1.6138,0.10,0.80
2008.01.10 17:41:49.291,1.6136,1.61375,0.10,0.80
2008.01.10 17:41:49.698,1.61355,1.61375,1.60,2.40
2008.01.10 17:41:49.918,1.61345,1.61375,13.00,8.80
2008.01.10 17:41:50.205,1.61345,1.6137,6.60,0.80
2008.01.10 17:41:50.628,1.61345,1.61365,5.00,1.60
2008.01.10 17:41:51.105,1.61345,1.61365,0.10,2.40
2008.01.10 17:41:51.511,1.61345,1.61365,0.10,3.20
2008.01.10 17:41:51.730,1.61335,1.61365,9.80,8.80
2008.01.10 17:41:51.948,1.61335,1.61365,9.80,8.80
2008.01.10 17:41:52.358,1.6134,1.61365,0.80,10.40
2008.01.10 17:41:52.622,1.6134,1.61365,0.80,0.80
2008.01.10 17:41:52.888,1.61345,1.61365,3.20,0.80
2008.01.10 17:41:53.317,1.61345,1.61365,3.20,3.20
2008.01.10 17:41:53.534,1.61335,1.61365,17.00,7.20
2008.01.10 17:41:54.337,1.61335,1.61365,17.00,7.20
2008.01.10 17:41:54.650,1.61335,1.61365,15.70,8.80
2008.01.10 17:41:54.831,1.61335,1.61365,3.30,8.80
2008.01.10 17:41:54.928,1.6133,1.61365,12.00,12.80
2008.01.10 17:41:55.206,1.61335,1.61355,4.10,2.40
2008.01.10 17:41:55.660,1.61335,1.61355,4.50,2.40
2008.01.10 17:41:56.163,1.6133,1.61355,11.20,2.40
2008.01.10 17:41:56.583,1.6133,1.61355,11.20,0.80
2008.01.10 17:41:56.970,1.6133,1.61355,11.20,5.60
2008.01.10 17:41:57.168,1.61335,1.61355,1.30,5.60
2008.01.10 17:41:57.372,1.6133,1.6135,7.30,0.80
2008.01.10 17:41:57.568,1.6132,1.6135,6.40,1.60
2008.01.10 17:41:57.775,1.6132,1.61345,6.40,2.40
2008.01.10 17:41:58.218,1.61325,1.61345,1.00,8.00
2008.01.10 17:41:58.661,1.6132,1.61345,0.80,15.20
2008.01.10 17:41:58.916,1.61315,1.6134,3.50,2.40
2008.01.10 17:41:59.160,1.6132,1.6134,0.80,2.40
2008.01.10 17:41:59.570,1.6132,1.61345,0.10,4.00
2008.01.10 17:42:00.005,1.6132,1.61345,0.80,4.80
2008.01.10 17:42:00.428,1.6133,1.61345,0.80,4.80
2008.01.10 17:42:00.661,1.6133,1.61355,8.50,4.00
2008.01.10 17:42:00.894,1.61335,1.6136,1.00,1.60
2008.01.10 17:42:01.309,1.6133,1.61355,11.70,4.00
2008.01.10 17:42:02.058,1.61335,1.61355,1.00,4.00
2008.01.10 17:42:02.290,1.6133,1.6136,10.60,1.60
2008.01.10 17:42:02.674,1.61335,1.6136,8.90,0.80
2008.01.10 17:42:03.061,1.6134,1.61355,0.10,3.20
2008.01.10 17:42:03.092,1.61335,1.61355,2.10,3.20
2008.01.10 17:42:03.525,1.6132,1.61355,13.80,10.40
2008.01.10 17:42:03.967,1.6132,1.6135,4.00,1.60
2008.01.10 17:42:04.400,1.61325,1.6135,1.80,1.60
2008.01.10 17:42:04.644,1.61315,1.61345,19.40,4.80
2008.01.10 17:42:04.889,1.6132,1.61345,4.00,1.60
2008.01.10 17:42:05.295,1.6132,1.61345,4.00,0.80
2008.01.10 17:42:05.527,1.6132,1.6135,4.00,1.60
2008.01.10 17:42:05.854,1.6132,1.6135,4.00,1.60
2008.01.10 17:42:06.167,1.6132,1.61345,3.30,0.80
2008.01.10 17:42:06.594,1.6131,1.61345,16.00,7.20
2008.01.10 17:42:07.064,1.61315,1.61345,12.40,4.80
2008.01.10 17:42:07.347,1.6132,1.61345,0.10,4.80
2008.01.10 17:42:07.630,1.61325,1.61345,1.90,5.60
2008.01.10 17:42:07.945,1.6133,1.61355,5.70,8.80
2008.01.10 17:42:08.336,1.61335,1.61355,0.50,5.60
2008.01.10 17:42:08.732,1.6133,1.61355,5.70,5.60
2008.01.10 17:42:09.192,1.61335,1.6136,2.30,0.80
2008.01.10 17:42:09.652,1.6133,1.61365,8.00,18.30
2008.01.10 17:42:09.920,1.61335,1.61365,4.00,18.30
2008.01.10 17:42:10.263,1.61335,1.61365,3.90,18.30
2008.01.10 17:42:10.617,1.61335,1.61355,1.50,0.80
2008.01.10 17:42:11.088,1.61325,1.61355,15.20,6.40
2008.01.10 17:42:11.491,1.6132,1.61355,12.90,11.20
2008.01.10 17:42:11.526,1.6132,1.61355,10.60,13.60
2008.01.10 17:42:11.932,1.6133,1.61355,8.00,1.60
2008.01.10 17:42:12.357,1.61335,1.6136,3.00,3.20
2008.01.10 17:42:12.788,1.61335,1.6135,4.90,2.40
2008.01.10 17:42:13.203,1.6132,1.61345,5.60,2.40
2008.01.10 17:42:13.705,1.6132,1.61345,5.60,3.20
2008.01.10 17:42:14.121,1.6132,1.61345,5.60,3.20
2008.01.10 17:42:14.507,1.6132,1.61345,9.60,1.60
2008.01.10 17:42:14.904,1.6132,1.61355,10.40,23.10
2008.01.10 17:42:15.320,1.61325,1.61355,3.20,21.50
2008.01.10 17:42:15.813,1.61325,1.61355,4.60,14.40
2008.01.10 17:42:15.928,1.6133,1.61355,11.20,8.00
2008.01.10 17:42:16.339,1.6134,1.61355,0.80,1.60
2008.01.10 17:42:16.753,1.6134,1.61355,0.80,1.60
2008.01.10 17:42:16.807,1.61335,1.61355,15.20,1.60
2008.01.10 17:42:17.208,1.6134,1.61365,0.80,9.50
2008.01.10 17:42:17.618,1.6134,1.61365,1.60,7.20
2008.01.10 17:42:17.837,1.61345,1.61365,2.10,3.20
2008.01.10 17:42:18.060,1.6134,1.61365,8.80,4.80
2008.01.10 17:42:18.472,1.61345,1.61365,1.20,1.60
2008.01.10 17:42:18.940,1.61335,1.61365,13.80,1.60
2008.01.10 17:42:19.203,1.61335,1.61365,11.50,5.60
2008.01.10 17:42:19.468,1.6133,1.61365,4.20,8.80
2008.01.10 17:42:19.828,1.6133,1.61365,10.60,8.00
2008.01.10 17:42:20.227,1.61335,1.61365,0.60,11.20
2008.01.10 17:42:20.618,1.6134,1.61365,0.10,5.60
2008.01.10 17:42:21.145,1.61335,1.61365,13.10,6.40
2008.01.10 17:42:21.670,1.61335,1.61365,3.00,12.80
2008.01.10 17:42:21.843,1.6133,1.61365,8.80,18.30
2008.01.10 17:42:22.089,1.6133,1.61365,8.80,18.30
2008.01.10 17:42:22.448,1.6133,1.61365,8.80,16.00
2008.01.10 17:42:23.047,1.6133,1.61365,8.80,16.00
2008.01.10 17:42:23.314,1.6133,1.61365,12.00,13.60
2008.01.10 17:42:23.738,1.6134,1.61365,0.80,11.20
2008.01.10 17:42:24.208,1.6134,1.61365,0.80,4.80
2008.01.10 17:42:24.487,1.6134,1.61365,0.80,1.60
2008.01.10 17:42:24.695,1.6134,1.61365,0.80,1.60
2008.01.10 17:42:25.078,1.61355,1.6137,4.00,1.60
2008.01.10 17:42:25.470,1.6137,1.61385,0.80,1.60
2008.01.10 17:42:25.496,1.61375,1.61385,10.40,1.60
2008.01.10 17:42:25.964,1.61375,1.61385,10.40,1.60
2008.01.10 17:42:26.853,1.61375,1.61385,10.40,1.60
2008.01.10 17:42:27.277,1.6138,1.61405,0.10,16.40
2008.01.10 17:42:27.501,1.6138,1.614,0.10,2.40
2008.01.10 17:42:27.725,1.6138,1.614,0.10,1.60
2008.01.10 17:42:28.143,1.6138,1.61405,0.10,7.20
2008.01.10 17:42:28.569,1.6138,1.61405,0.80,6.40
2008.01.10 17:42:28.803,1.61385,1.61405,4.80,1.60
2008.01.10 17:42:29.186,1.61385,1.61405,4.80,1.60
2008.01.10 17:42:29.497,1.61385,1.61405,4.80,1.60
2008.01.10 17:42:29.953,1.61385,1.61405,4.80,1.60
2008.01.10 17:42:30.371,1.61385,1.61405,4.80,1.60
2008.01.10 17:42:31.618,1.61385,1.61405,4.80,1.60
2008.01.10 17:42:34.274,1.61385,1.61405,4.80,2.40
2008.01.10 17:42:34.749,1.61385,1.61405,5.60,3.20
2008.01.10 17:42:34.802,1.61385,1.61405,4.80,2.40
2008.01.10 17:42:35.207,1.61385,1.61405,3.20,1.60
2008.01.10 17:42:35.645,1.61385,1.61405,3.20,2.40
2008.01.10 17:42:36.074,1.61385,1.61405,3.20,2.40
2008.01.10 17:42:36.505,1.61385,1.61405,3.20,10.40
2008.01.10 17:42:36.934,1.61385,1.61405,3.20,10.40
2008.01.10 17:42:37.349,1.61375,1.61405,11.20,17.80
2008.01.10 17:42:37.382,1.61375,1.61395,7.20,1.60
2008.01.10 17:42:37.786,1.6137,1.61395,0.10,5.60
2008.01.10 17:42:38.244,1.6137,1.6139,0.10,0.80
2008.01.10 17:42:38.689,1.6136,1.61385,0.80,1.60
2008.01.10 17:42:39.105,1.61365,1.6139,4.00,1.60
2008.01.10 17:42:39.493,1.61365,1.61395,5.60,10.40
2008.01.10 17:42:39.692,1.61375,1.61395,1.60,8.00
2008.01.10 17:42:39.968,1.61375,1.614,9.60,3.20
2008.01.10 17:42:40.371,1.61385,1.614,5.60,2.40
2008.01.10 17:42:40.832,1.6138,1.6141,0.80,0.80
2008.01.10 17:42:41.079,1.6138,1.61405,0.80,0.80
2008.01.10 17:42:41.328,1.61385,1.61405,3.20,3.20
2008.01.10 17:42:41.732,1.61385,1.61405,3.20,6.40
2008.01.10 17:42:42.213,1.61385,1.61405,3.20,6.40
2008.01.10 17:42:42.283,1.61375,1.61405,17.50,6.40
2008.01.10 17:42:42.451,1.61375,1.61405,5.60,9.60
2008.01.10 17:42:43.148,1.61375,1.61405,12.00,7.20
2008.01.10 17:42:43.391,1.61375,1.6141,16.20,2.40
2008.01.10 17:42:43.636,1.6138,1.6141,1.60,0.80
2008.01.10 17:42:44.036,1.61395,1.61415,1.20,2.40
2008.01.10 17:42:44.527,1.61385,1.61415,13.50,1.60
2008.01.10 17:42:44.778,1.61395,1.61415,2.70,0.80
2008.01.10 17:42:45.032,1.61395,1.61425,0.90,14.40
2008.01.10 17:42:45.443,1.61395,1.61415,2.60,0.80
2008.01.10 17:42:45.876,1.61395,1.61415,2.20,0.80
2008.01.10 17:42:46.119,1.6139,1.61415,4.90,1.60
2008.01.10 17:42:46.536,1.61385,1.61415,16.10,1.60
2008.01.10 17:42:47.326,1.61395,1.61415,0.90,1.60
2008.01.10 17:42:47.605,1.61385,1.6141,6.20,0.80
2008.01.10 17:42:47.812,1.61395,1.61415,1.50,2.40
2008.01.10 17:42:48.217,1.614,1.61425,1.60,8.00
2008.01.10 17:42:48.613,1.614,1.61425,4.80,7.20
2008.01.10 17:42:48.831,1.61415,1.61425,1.60,1.60
2008.01.10 17:42:49.050,1.61415,1.61425,3.20,1.60
2008.01.10 17:42:49.451,1.6141,1.6144,4.00,1.60
2008.01.10 17:42:49.866,1.61415,1.6144,0.80,1.60
2008.01.10 17:42:50.129,1.61415,1.61435,0.80,3.20
2008.01.10 17:42:50.402,1.6141,1.6144,1.60,1.60
2008.01.10 17:42:50.813,1.61415,1.6144,3.60,1.60
2008.01.10 17:42:51.273,1.61415,1.61445,4.60,5.60
2008.01.10 17:42:51.725,1.6143,1.61455,11.20,5.60
2008.01.10 17:42:51.983,1.6143,1.61465,12.00,17.70
2008.01.10 17:42:52.247,1.6143,1.61455,12.00,2.40
2008.01.10 17:42:52.693,1.6143,1.61465,12.00,13.80
2008.01.10 17:42:53.109,1.61435,1.61465,3.20,17.80
2008.01.10 17:42:53.662,1.6143,1.61465,12.00,17.80
2008.01.10 17:42:53.927,1.6143,1.61465,12.00,10.40
2008.01.10 17:42:54.383,1.6143,1.61465,0.10,4.00
2008.01.10 17:42:54.646,1.61435,1.61465,3.20,1.60
2008.01.10 17:42:54.911,1.6144,1.6147,9.60,0.80
2008.01.10 17:42:55.314,1.61455,1.61475,1.00,6.40
2008.01.10 17:42:55.769,1.6145,1.61475,2.40,5.60
2008.01.10 17:42:56.038,1.61455,1.6148,0.90,2.40
2008.01.10 17:42:56.293,1.61455,1.6148,2.60,2.40
2008.01.10 17:42:56.695,1.6145,1.6148,8.00,2.40
2008.01.10 17:42:57.150,1.6145,1.61475,7.20,0.80
2008.01.10 17:42:57.368,1.6145,1.61475,0.90,0.80
2008.01.10 17:42:57.586,1.61445,1.61475,17.60,4.00
2008.01.10 17:42:57.995,1.6144,1.61475,18.40,9.60
2008.01.10 17:42:58.213,1.6144,1.61465,12.80,1.60
2008.01.10 17:42:58.444,1.61435,1.61465,21.60,6.40
2008.01.10 17:42:58.672,1.6144,1.61455,0.10,0.80
2008.01.10 17:42:58.903,1.61435,1.61455,4.60,1.60
2008.01.10 17:42:59.314,1.6143,1.61445,1.70,5.60
2008.01.10 17:42:59.778,1.61435,1.6144,0.70,0.80
2008.01.10 17:43:00.052,1.6141,1.61435,5.60,0.80
2008.01.10 17:43:00.325,1.6141,1.61435,3.30,0.80
2008.01.10 17:43:00.647,1.61415,1.61435,0.90,4.00
2008.01.10 17:43:01.039,1.61405,1.61435,17.50,4.00
2008.01.10 17:43:01.235,1.61415,1.61435,7.20,3.20
2008.01.10 17:43:01.458,1.6142,1.61445,0.80,6.40
2008.01.10 17:43:01.951,1.61425,1.61445,6.40,0.80
2008.01.10 17:43:02.253,1.6142,1.61455,10.40,7.20
2008.01.10 17:43:02.643,1.6143,1.61455,0.80,7.20
2008.01.10 17:43:02.872,1.61435,1.61455,3.20,1.60
2008.01.10 17:43:03.257,1.61435,1.61455,3.00,1.60
2008.01.10 17:43:03.666,1.6143,1.61455,6.40,1.60
2008.01.10 17:43:04.164,1.61435,1.61455,0.80,7.20
2008.01.10 17:43:04.671,1.61425,1.61455,5.80,4.80
2008.01.10 17:43:05.056,1.61435,1.6145,1.70,1.60
2008.01.10 17:43:05.480,1.6143,1.6145,6.40,1.60
2008.01.10 17:43:05.928,1.61435,1.6145,1.70,1.60
2008.01.10 17:43:06.337,1.61435,1.6145,0.50,1.60
2008.01.10 17:43:06.776,1.6143,1.6146,2.40,1.60
2008.01.10 17:43:07.255,1.61435,1.6146,1.10,1.60
2008.01.10 17:43:07.709,1.6144,1.6146,0.80,1.60
2008.01.10 17:43:07.972,1.6144,1.61465,0.80,1.60
2008.01.10 17:43:08.184,1.61435,1.61465,8.80,15.20
2008.01.10 17:43:08.580,1.61435,1.61465,3.20,24.80
2008.01.10 17:43:08.788,1.6144,1.6145,0.10,0.80
2008.01.10 17:43:10.873,1.61445,1.61455,4.00,1.60
2008.01.10 17:43:11.104,1.6145,1.61475,0.10,10.40
2008.01.10 17:43:11.328,1.61455,1.61475,7.20,8.00
2008.01.10 17:43:11.562,1.61455,1.61475,7.20,5.60
2008.01.10 17:43:11.786,1.61455,1.61475,7.20,5.60
2008.01.10 17:43:11.821,1.61455,1.61475,3.20,7.20
2008.01.10 17:43:12.040,1.61455,1.61475,3.20,6.40
2008.01.10 17:43:12.571,1.61455,1.61475,12.80,0.80
2008.01.10 17:43:12.905,1.6146,1.61485,0.80,2.40
2008.01.10 17:43:13.110,1.6146,1.61485,0.80,1.60
2008.01.10 17:43:13.609,1.6146,1.61485,0.80,1.60
2008.01.10 17:43:14.306,1.6146,1.61485,0.80,1.60
2008.01.10 17:43:14.604,1.61465,1.61485,0.80,1.60
2008.01.10 17:43:14.902,1.61465,1.61495,6.40,10.40
2008.01.10 17:43:15.364,1.61465,1.61485,0.10,3.20
2008.01.10 17:43:15.777,1.61455,1.61485,13.80,4.00
2008.01.10 17:43:16.006,1.61465,1.61485,0.80,4.00
2008.01.10 17:43:16.237,1.61465,1.61485,0.80,8.00
2008.01.10 17:43:16.645,1.61465,1.61485,5.60,5.60
2008.01.10 17:43:17.058,1.61455,1.61485,13.00,8.80
2008.01.10 17:43:17.496,1.61455,1.61485,13.00,8.80
2008.01.10 17:43:17.655,1.61455,1.61485,13.00,8.80
2008.01.10 17:43:17.974,1.61455,1.61485,13.00,8.80
2008.01.10 17:43:18.415,1.61455,1.61485,11.20,9.60
2008.01.10 17:43:18.586,1.61455,1.6148,10.40,0.80
2008.01.10 17:43:18.895,1.61455,1.6148,4.80,2.40
2008.01.10 17:43:19.342,1.61455,1.6148,4.80,2.40
2008.01.10 17:43:19.771,1.61455,1.6148,5.60,1.60
2008.01.10 17:43:19.999,1.61455,1.61485,13.00,4.80
2008.01.10 17:43:20.227,1.61455,1.6148,12.20,0.80
2008.01.10 17:43:20.638,1.61455,1.6148,7.40,1.60
2008.01.10 17:43:20.915,1.61455,1.61485,13.00,4.80
2008.01.10 17:43:21.195,1.61465,1.61485,0.80,2.40
2008.01.10 17:43:21.600,1.61465,1.61495,5.60,5.60
2008.01.10 17:43:22.054,1.61475,1.61485,7.20,1.60
2008.01.10 17:43:22.513,1.61475,1.61495,1.60,9.30
2008.01.10 17:43:22.705,1.61475,1.61485,1.60,1.60
2008.01.10 17:43:22.924,1.61465,1.61485,5.00,2.10
2008.01.10 17:43:23.308,1.61465,1.61485,3.20,1.60
2008.01.10 17:43:23.501,1.61465,1.61485,3.20,4.00
2008.01.10 17:43:23.714,1.61465,1.61485,1.00,4.00
2008.01.10 17:43:24.008,1.61465,1.61485,1.20,4.00
2008.01.10 17:43:24.834,1.61465,1.61485,0.80,4.00
2008.01.10 17:43:25.007,1.61465,1.61485,1.10,4.50
2008.01.10 17:43:25.605,1.61465,1.61485,1.80,4.50
2008.01.10 17:43:26.055,1.61465,1.61485,1.20,4.50
2008.01.10 17:43:26.591,1.61455,1.61485,17.70,4.50
2008.01.10 17:43:27.109,1.61465,1.61485,0.50,4.50
2008.01.10 17:43:27.528,1.6146,1.61485,0.80,7.20
2008.01.10 17:43:28.002,1.61455,1.61485,10.60,9.60
2008.01.10 17:43:28.216,1.61455,1.61485,13.00,6.40
2008.01.10 17:43:28.450,1.6146,1.61485,0.80,6.40
2008.01.10 17:43:28.863,1.61455,1.61485,16.20,6.40
2008.01.10 17:43:29.319,1.6146,1.61485,0.80,6.40
2008.01.10 17:43:29.592,1.61455,1.61485,18.60,6.40
2008.01.10 17:43:29.839,1.6146,1.61485,4.00,2.40
2008.01.10 17:43:30.390,1.61465,1.61485,2.00,2.40
2008.01.10 17:43:30.629,1.6147,1.61485,1.60,2.40
2008.01.10 17:43:30.866,1.6147,1.61485,7.20,2.40
2008.01.10 17:43:31.273,1.61475,1.61495,0.80,6.40
2008.01.10 17:43:31.535,1.6147,1.61495,8.80,6.40
2008.01.10 17:43:31.846,1.61475,1.61495,4.30,6.40
2008.01.10 17:43:32.713,1.6147,1.61495,8.80,6.40
2008.01.10 17:43:33.145,1.6147,1.61495,8.80,6.40
2008.01.10 17:43:33.378,1.6147,1.61485,1.60,2.40
2008.01.10 17:43:33.633,1.61475,1.61495,0.80,12.70
2008.01.10 17:43:34.045,1.61455,1.6148,5.60,1.60
2008.01.10 17:43:34.641,1.61455,1.6148,5.60,1.60
2008.01.10 17:43:34.988,1.6145,1.6148,4.00,1.60
2008.01.10 17:43:35.477,1.6145,1.6148,4.00,1.60
2008.01.10 17:43:35.840,1.61445,1.6148,13.60,1.60
2008.01.10 17:43:36.345,1.6144,1.61475,16.00,1.60
2008.01.10 17:43:36.659,1.61445,1.61475,8.80,3.20
2008.01.10 17:43:36.887,1.6145,1.6148,0.80,1.60
2008.01.10 17:43:37.305,1.6145,1.6148,0.80,1.60
2008.01.10 17:43:37.532,1.6145,1.6148,0.80,1.60
2008.01.10 17:43:38.193,1.61445,1.6148,19.20,1.60
2008.01.10 17:43:38.410,1.61455,1.6148,0.90,1.60
2008.01.10 17:43:38.629,1.61455,1.6148,0.70,1.60
2008.01.10 17:43:38.847,1.61455,1.61485,0.70,6.40
2008.01.10 17:43:39.121,1.6145,1.61485,8.00,6.40
2008.01.10 17:43:39.585,1.6145,1.61485,13.60,5.60
2008.01.10 17:43:39.858,1.6145,1.61485,8.80,9.60
2008.01.10 17:43:40.087,1.61455,1.6148,2.70,1.60
2008.01.10 17:43:40.315,1.61455,1.6148,0.10,1.60
2008.01.10 17:43:40.542,1.6145,1.6148,0.80,1.60
2008.01.10 17:43:40.979,1.6145,1.6148,0.80,1.60
2008.01.10 17:43:41.448,1.61445,1.6148,20.80,1.60
2008.01.10 17:43:41.896,1.61445,1.6148,20.80,1.60
2008.01.10 17:43:42.156,1.61465,1.6148,0.60,1.60
2008.01.10 17:43:42.454,1.61455,1.61485,11.20,8.80
2008.01.10 17:43:42.877,1.6146,1.61485,4.00,1.60
2008.01.10 17:43:43.371,1.6147,1.61485,1.60,1.60
2008.01.10 17:43:43.573,1.6147,1.61495,3.20,5.60
2008.01.10 17:43:43.793,1.61475,1.61485,0.80,1.60
2008.01.10 17:43:44.191,1.6146,1.61485,7.20,2.40
2008.01.10 17:43:44.409,1.61465,1.61485,2.10,1.60
2008.01.10 17:43:44.630,1.61465,1.61485,1.80,1.60
2008.01.10 17:43:45.065,1.6146,1.61485,7.20,1.60
2008.01.10 17:43:45.518,1.61475,1.6149,8.80,2.40
2008.01.10 17:43:45.780,1.61475,1.61505,8.80,7.20
2008.01.10 17:43:46.044,1.6148,1.61505,0.80,11.20
2008.01.10 17:43:46.461,1.6147,1.61505,3.20,16.80
2008.01.10 17:43:46.957,1.6147,1.615,3.20,1.60
2008.01.10 17:43:47.548,1.61475,1.615,0.90,1.60
2008.01.10 17:43:47.886,1.6147,1.61495,2.40,1.60
2008.01.10 17:43:48.295,1.6147,1.61495,0.80,1.60
2008.01.10 17:43:48.508,1.61465,1.61495,13.60,3.20
2008.01.10 17:43:48.725,1.61475,1.61495,1.60,3.20
2008.01.10 17:43:49.126,1.6148,1.615,0.80,0.80
2008.01.10 17:43:49.548,1.6148,1.61515,4.00,14.30
2008.01.10 17:43:49.783,1.6149,1.61515,2.40,2.40
2008.01.10 17:43:50.016,1.6149,1.6152,2.40,0.80
2008.01.10 17:43:50.425,1.6149,1.61525,15.20,4.00
2008.01.10 17:43:50.871,1.61495,1.61525,7.40,4.00
2008.01.10 17:43:51.306,1.6149,1.6152,13.60,0.80
2008.01.10 17:43:51.518,1.6149,1.6152,2.40,0.80
2008.01.10 17:43:51.738,1.61495,1.61515,1.00,3.20
2008.01.10 17:43:52.138,1.61485,1.61515,10.40,4.80
2008.01.10 17:43:52.353,1.6148,1.6151,0.80,2.40
2008.01.10 17:43:52.655,1.6148,1.6151,0.80,2.40
2008.01.10 17:43:53.067,1.6148,1.6151,0.80,0.80
2008.01.10 17:43:53.562,1.6148,1.61505,0.80,1.60
2008.01.10 17:43:53.775,1.6148,1.61505,0.10,2.40
2008.01.10 17:43:53.988,1.61475,1.61505,11.20,3.20
2008.01.10 17:43:54.201,1.61475,1.61495,4.80,0.80
2008.01.10 17:43:54.417,1.61465,1.61495,10.40,10.40
2008.01.10 17:43:54.844,1.61465,1.6149,7.20,0.80
2008.01.10 17:43:55.083,1.61455,1.61485,17.00,4.80
2008.01.10 17:43:55.322,1.61455,1.61485,3.20,5.60
2008.01.10 17:43:55.731,1.61455,1.61485,1.60,4.80
2008.01.10 17:43:56.175,1.61455,1.6149,3.20,0.80
2008.01.10 17:43:56.430,1.61465,1.61485,3.20,1.60
2008.01.10 17:43:56.685,1.61465,1.61485,7.20,1.60
2008.01.10 17:43:57.080,1.61465,1.61495,16.80,3.20
2008.01.10 17:43:58.037,1.61465,1.61495,16.80,3.20
2008.01.10 17:43:58.321,1.61475,1.615,1.60,3.20
2008.01.10 17:43:58.604,1.61475,1.615,1.60,2.40
2008.01.10 17:43:59.027,1.61475,1.615,1.60,2.40
2008.01.10 17:43:59.643,1.61475,1.615,1.60,2.40
2008.01.10 17:43:59.855,1.61475,1.615,9.60,2.40
2008.01.10 17:44:00.291,1.6148,1.61505,0.10,0.10
2008.01.10 17:44:00.733,1.61475,1.61505,2.40,2.40
2008.01.10 17:44:00.802,1.61475,1.61505,8.00,2.40
2008.01.10 17:44:01.198,1.6149,1.61505,0.80,2.40
2008.01.10 17:44:01.683,1.61505,1.61515,9.60,1.60
2008.01.10 17:44:01.982,1.61505,1.61515,11.20,1.60
2008.01.10 17:44:02.360,1.61505,1.61515,11.20,1.60
2008.01.10 17:44:02.613,1.61505,1.61535,12.00,6.40
2008.01.10 17:44:03.011,1.61505,1.61535,9.60,9.60
2008.01.10 17:44:03.269,1.61505,1.61525,8.80,0.10
2008.01.10 17:44:03.528,1.615,1.61525,0.80,1.60
2008.01.10 17:44:03.941,1.61495,1.61515,0.80,4.00
2008.01.10 17:44:04.198,1.615,1.61515,0.80,4.00
2008.01.10 17:44:04.455,1.615,1.6152,0.80,1.60
2008.01.10 17:44:04.873,1.6151,1.61525,0.80,4.00
2008.01.10 17:44:04.921,1.61515,1.61535,1.60,2.40
2008.01.10 17:44:05.323,1.61515,1.61535,1.60,1.60
2008.01.10 17:44:05.743,1.61515,1.61535,1.60,1.60
2008.01.10 17:44:05.962,1.6152,1.61545,0.80,3.20
2008.01.10 17:44:06.180,1.6152,1.61545,0.80,2.40
2008.01.10 17:44:06.587,1.6152,1.61545,0.80,2.40
2008.01.10 17:44:07.064,1.61535,1.61545,8.80,1.60
2008.01.10 17:44:07.172,1.61535,1.61545,8.80,1.60
2008.01.10 17:44:07.556,1.6154,1.6156,0.10,0.80
2008.01.10 17:44:07.959,1.61545,1.61565,0.80,2.40
2008.01.10 17:44:08.610,1.6155,1.61565,0.80,4.80
2008.01.10 17:44:08.634,1.61555,1.61575,3.20,1.60
2008.01.10 17:44:08.940,1.61555,1.61585,4.80,8.00
2008.01.10 17:44:09.330,1.61555,1.61585,3.20,1.60
2008.01.10 17:44:09.719,1.61555,1.61585,3.20,1.60
2008.01.10 17:44:09.991,1.61555,1.61595,4.80,4.80
2008.01.10 17:44:10.260,1.61565,1.61595,0.80,5.60
2008.01.10 17:44:10.677,1.6156,1.61595,0.10,11.40
2008.01.10 17:44:11.137,1.61555,1.6159,3.20,0.80
2008.01.10 17:44:11.634,1.61555,1.61585,3.20,0.80
2008.01.10 17:44:11.917,1.61555,1.61585,1.60,5.60
2008.01.10 17:44:12.147,1.61555,1.61585,1.60,6.60
2008.01.10 17:44:12.562,1.61545,1.61575,0.10,1.60
2008.01.10 17:44:12.973,1.61545,1.6156,0.10,0.80
2008.01.10 17:44:13.384,1.61535,1.6156,3.20,2.40
2008.01.10 17:44:13.805,1.6154,1.6156,0.80,1.60
2008.01.10 17:44:14.090,1.61545,1.61575,3.20,13.60
2008.01.10 17:44:14.321,1.61545,1.6157,3.20,0.80
2008.01.10 17:44:14.767,1.6154,1.61565,0.80,1.60
2008.01.10 17:44:14.820,1.6154,1.61565,0.80,1.60
2008.01.10 17:44:15.233,1.61545,1.61565,0.80,1.60
2008.01.10 17:44:15.638,1.61545,1.61575,4.00,12.80
2008.01.10 17:44:16.072,1.61545,1.61575,4.00,12.80
2008.01.10 17:44:16.284,1.6154,1.61565,0.10,5.60
2008.01.10 17:44:16.675,1.61535,1.6156,16.00,2.40
2008.01.10 17:44:17.011,1.61535,1.6156,16.20,0.80
2008.01.10 17:44:17.501,1.61545,1.6156,5.60,0.80
2008.01.10 17:44:17.929,1.61545,1.61565,4.00,1.60
2008.01.10 17:44:18.170,1.61545,1.61565,3.20,1.60
2008.01.10 17:44:18.468,1.6154,1.61565,0.80,1.60
2008.01.10 17:44:18.822,1.6154,1.61565,0.80,1.60
2008.01.10 17:44:19.214,1.61545,1.61565,3.20,1.60
2008.01.10 17:44:19.606,1.61545,1.61565,1.60,1.60
2008.01.10 17:44:19.703,1.61545,1.6157,12.20,0.80
2008.01.10 17:44:20.112,1.61555,1.61575,3.20,4.80
2008.01.10 17:44:20.597,1.61555,1.61575,8.80,2.40
2008.01.10 17:44:21.791,1.61555,1.61575,8.80,2.40
2008.01.10 17:44:22.089,1.6156,1.61585,0.80,10.40
2008.01.10 17:44:22.801,1.6157,1.61585,0.80,8.80
2008.01.10 17:44:23.029,1.6157,1.6159,0.80,1.60
2008.01.10 17:44:23.258,1.6157,1.6159,0.80,1.60
2008.01.10 17:44:23.687,1.6157,1.61595,0.80,2.40
2008.01.10 17:44:23.915,1.61565,1.6159,0.80,1.60
2008.01.10 17:44:24.150,1.6158,1.61605,0.80,6.40
2008.01.10 17:44:24.383,1.6158,1.61605,0.80,9.60
2008.01.10 17:44:24.823,1.6158,1.61605,0.80,9.60
2008.01.10 17:44:25.108,1.61575,1.61605,2.40,8.80
2008.01.10 17:44:25.488,1.6157,1.61605,3.20,8.80
2008.01.10 17:44:25.516,1.61575,1.616,2.50,1.60
2008.01.10 17:44:25.949,1.61575,1.616,1.00,1.60
2008.01.10 17:44:26.361,1.61575,1.616,7.20,1.60
2008.01.10 17:44:26.391,1.6158,1.61605,1.60,11.20
2008.01.10 17:44:26.791,1.61575,1.61605,17.80,8.00
2008.01.10 17:44:27.232,1.61575,1.61605,17.80,8.00
2008.01.10 17:44:27.679,1.61585,1.61605,2.50,8.00
2008.01.10 17:44:28.147,1.6158,1.61605,5.60,5.60
2008.01.10 17:44:28.564,1.61585,1.61605,1.70,5.60
2008.01.10 17:44:28.986,1.6158,1.61605,0.90,11.20
2008.01.10 17:44:29.188,1.6158,1.61605,0.80,11.20
2008.01.10 17:44:29.469,1.61575,1.61605,12.00,10.40
2008.01.10 17:44:29.906,1.6157,1.61605,12.00,11.20
2008.01.10 17:44:30.384,1.61575,1.616,0.70,0.80
2008.01.10 17:44:30.597,1.61565,1.61595,6.40,4.80
2008.01.10 17:44:30.812,1.6156,1.61595,3.20,5.60
2008.01.10 17:44:31.210,1.61565,1.61585,0.80,1.60
2008.01.10 17:44:31.671,1.61555,1.6158,5.50,0.80
2008.01.10 17:44:31.747,1.6156,1.6158,0.80,0.80
2008.01.10 17:44:32.153,1.61555,1.61585,16.00,8.00
2008.01.10 17:44:32.615,1.61555,1.61585,16.10,11.20
2008.01.10 17:44:33.043,1.6155,1.61575,13.80,3.20
2008.01.10 17:44:33.287,1.61555,1.61575,3.40,2.40
2008.01.10 17:44:33.514,1.6155,1.61575,10.40,2.40
2008.01.10 17:44:33.920,1.6155,1.61575,12.00,3.20
2008.01.10 17:44:34.345,1.61555,1.61575,1.30,3.20
2008.01.10 17:44:34.418,1.6155,1.61575,12.00,3.20
2008.01.10 17:44:34.789,1.6155,1.61575,12.00,3.20
2008.01.10 17:44:35.217,1.61555,1.61575,3.60,3.20
2008.01.10 17:44:35.441,1.61555,1.6158,13.60,2.40
2008.01.10 17:44:35.712,1.61555,1.61585,15.40,9.60
2008.01.10 17:44:36.114,1.6156,1.61585,6.40,4.80
2008.01.10 17:44:36.549,1.61575,1.61585,12.00,1.60
2008.01.10 17:44:37.000,1.6158,1.61595,0.80,1.60
2008.01.10 17:44:37.055,1.61575,1.61605,12.00,9.60
2008.01.10 17:44:37.468,1.61575,1.61605,13.60,8.80
2008.01.10 17:44:39.386,1.6158,1.61605,0.80,8.80
2008.01.10 17:44:39.836,1.6157,1.61605,13.60,9.60
2008.01.10 17:44:40.055,1.6157,1.61605,12.00,9.60
2008.01.10 17:44:40.276,1.6157,1.61605,12.00,9.60
2008.01.10 17:44:40.699,1.61575,1.616,2.30,1.60
2008.01.10 17:44:40.913,1.6158,1.61605,0.80,10.40
2008.01.10 17:44:41.216,1.61575,1.61605,16.20,7.20
2008.01.10 17:44:41.766,1.6158,1.61605,0.80,7.20
2008.01.10 17:44:42.145,1.6158,1.61605,4.00,7.20
2008.01.10 17:44:42.545,1.61585,1.61605,0.90,5.60
2008.01.10 17:44:43.171,1.61585,1.61605,1.70,5.60
2008.01.10 17:44:43.450,1.61575,1.61605,2.70,8.80
2008.01.10 17:44:43.908,1.61555,1.61585,22.40,0.80
2008.01.10 17:44:44.375,1.6157,1.61585,1.60,0.80
2008.01.10 17:44:44.428,1.6157,1.61605,12.00,7.20
2008.01.10 17:44:44.835,1.6157,1.61605,15.20,7.20
2008.01.10 17:44:45.262,1.61585,1.61605,2.70,0.80
2008.01.10 17:44:45.490,1.6158,1.6161,4.00,0.80
2008.01.10 17:44:45.719,1.6158,1.6161,0.80,0.80
2008.01.10 17:44:46.135,1.61585,1.6161,4.00,0.80
2008.01.10 17:44:46.566,1.6159,1.6161,0.80,0.80
2008.01.10 17:44:46.612,1.6159,1.61615,0.80,4.00
2008.01.10 17:44:47.031,1.61575,1.61605,21.60,0.80
2008.01.10 17:44:47.473,1.61575,1.61605,18.40,3.20
2008.01.10 17:44:47.915,1.6158,1.61605,0.80,3.20
2008.01.10 17:44:48.171,1.61565,1.61595,24.60,0.80
2008.01.10 17:44:48.424,1.61565,1.61595,16.00,3.20
2008.01.10 17:44:48.804,1.6157,1.61595,2.40,0.80
2008.01.10 17:44:49.224,1.6157,1.616,9.60,2.40
2008.01.10 17:44:49.449,1.6157,1.61605,4.00,18.60
2008.01.10 17:44:49.721,1.6157,1.61605,4.00,17.00
2008.01.10 17:44:50.131,1.61575,1.61605,1.90,7.20
2008.01.10 17:44:50.404,1.6157,1.61605,6.40,7.20
2008.01.10 17:44:50.647,1.61575,1.61605,3.00,7.20
2008.01.10 17:44:51.042,1.61575,1.61605,0.80,2.40
2008.01.10 17:44:51.460,1.6157,1.61605,16.80,2.40
2008.01.10 17:44:51.920,1.6157,1.61605,16.80,2.40
2008.01.10 17:44:52.170,1.6157,1.61605,11.20,5.60
2008.01.10 17:44:52.418,1.61575,1.61605,1.80,15.40
2008.01.10 17:44:52.824,1.61565,1.61595,16.80,3.20
2008.01.10 17:44:53.273,1.61565,1.61595,15.20,3.20
2008.01.10 17:44:53.531,1.61565,1.61595,15.20,3.20
2008.01.10 17:44:53.980,1.6157,1.61595,0.80,3.20
2008.01.10 17:44:54.213,1.61565,1.61595,12.80,3.20
2008.01.10 17:44:55.614,1.6157,1.61595,0.80,3.20
2008.01.10 17:44:56.022,1.6156,1.61595,0.80,5.60
2008.01.10 17:44:56.461,1.6156,1.61585,0.80,3.20
2008.01.10 17:44:56.711,1.61555,1.61585,12.00,4.80
2008.01.10 17:44:56.959,1.61555,1.61585,3.20,6.40
2008.01.10 17:44:57.368,1.61555,1.61585,3.20,9.60
2008.01.10 17:44:57.800,1.6156,1.61585,0.80,8.80
2008.01.10 17:44:58.038,1.6156,1.61585,0.80,4.80
2008.01.10 17:44:58.278,1.61565,1.61595,0.80,15.40
2008.01.10 17:44:58.692,1.61565,1.61595,0.80,11.40
2008.01.10 17:44:58.936,1.61565,1.61595,0.80,13.80
2008.01.10 17:44:59.179,1.6156,1.61595,0.80,13.80
2008.01.10 17:44:59.617,1.6156,1.61595,0.80,14.60
2008.01.10 17:44:59.693,1.61555,1.6159,17.60,0.80
2008.01.10 17:45:00.105,1.61555,1.61585,13.60,7.20
2008.01.10 17:45:00.543,1.61555,1.61585,10.40,5.60
2008.01.10 17:45:00.758,1.61565,1.61585,0.80,4.00
2008.01.10 17:45:00.980,1.61565,1.61585,0.80,3.20
2008.01.10 17:45:01.386,1.61565,1.61595,0.80,21.70
2008.01.10 17:45:01.598,1.61565,1.61595,0.80,19.40
2008.01.10 17:45:01.931,1.61565,1.61595,0.80,19.40
2008.01.10 17:45:02.294,1.6156,1.61595,0.80,17.80
2008.01.10 17:45:02.784,1.6156,1.61585,0.80,2.40
2008.01.10 17:45:02.807,1.6156,1.61585,0.80,1.60
2008.01.10 17:45:03.207,1.61565,1.61585,3.20,1.60
2008.01.10 17:45:03.615,1.61555,1.61585,2.40,13.50
2008.01.10 17:45:03.639,1.61555,1.61585,2.40,13.50
2008.01.10 17:45:04.064,1.6156,1.61585,0.80,4.00
2008.01.10 17:45:04.491,1.61555,1.61585,11.20,5.60
2008.01.10 17:45:04.916,1.61555,1.61585,4.00,7.20
2008.01.10 17:45:05.169,1.61555,1.61585,10.40,15.20
2008.01.10 17:45:05.439,1.61555,1.61575,3.20,3.20
2008.01.10 17:45:05.836,1.61555,1.61575,3.20,3.20
2008.01.10 17:45:06.241,1.61555,1.61575,4.00,4.00
2008.01.10 17:45:06.454,1.61555,1.6158,11.20,0.80
2008.01.10 17:45:06.670,1.61555,1.6158,10.40,3.20
2008.01.10 17:45:07.089,1.61555,1.6158,3.20,3.20
2008.01.10 17:45:07.377,1.61555,1.61575,3.20,0.80
2008.01.10 17:45:07.668,1.61555,1.61575,3.20,0.80
2008.01.10 17:45:08.092,1.61555,1.61585,11.20,16.80
2008.01.10 17:45:09.615,1.61555,1.6158,8.80,1.60
2008.01.10 17:45:09.887,1.61545,1.61575,17.80,0.80
2008.01.10 17:45:09.972,1.61545,1.61575,16.00,0.80
2008.01.10 17:45:10.197,1.61545,1.61575,16.00,0.80
2008.01.10 17:45:10.466,1.61545,1.61575,16.00,0.80
2008.01.10 17:45:10.764,1.61545,1.61575,16.00,0.80
2008.01.10 17:45:11.099,1.6155,1.61575,0.80,0.80
2008.01.10 17:45:11.618,1.6155,1.61575,0.80,0.80
2008.01.10 17:45:12.147,1.6155,1.61575,0.80,0.80
2008.01.10 17:45:12.788,1.6155,1.61575,0.80,0.80
2008.01.10 17:45:13.014,1.61555,1.61575,3.20,0.80
2008.01.10 17:45:13.258,1.61555,1.61575,0.10,0.80
2008.01.10 17:45:13.690,1.61555,1.61575,0.10,0.80
2008.01.10 17:45:14.121,1.61555,1.61575,0.10,0.80
2008.01.10 17:45:14.344,1.6155,1.61575,0.80,0.80
2008.01.10 17:45:15.651,1.6155,1.61575,0.80,0.80
2008.01.10 17:45:16.645,1.6155,1.61575,0.80,0.80
2008.01.10 17:45:17.587,1.6155,1.61575,0.80,0.80
2008.01.10 17:45:17.871,1.61545,1.61575,13.60,0.80
2008.01.10 17:45:18.348,1.61545,1.61575,13.60,0.80
2008.01.10 17:45:18.761,1.61545,1.61575,10.40,6.40
2008.01.10 17:45:20.674,1.61545,1.61575,10.40,6.40
2008.01.10 17:45:21.938,1.61545,1.61575,10.40,6.40
2008.01.10 17:45:23.248,1.61545,1.61575,10.40,8.80
2008.01.10 17:45:23.502,1.61545,1.61565,10.40,3.20
2008.01.10 17:45:23.757,1.6154,1.61565,0.80,3.20
2008.01.10 17:45:24.020,1.6154,1.61565,0.80,4.00
2008.01.10 17:45:24.284,1.6154,1.61565,0.80,3.20
2008.01.10 17:45:24.782,1.6154,1.61555,0.80,3.20
2008.01.10 17:45:25.220,1.6154,1.61555,0.80,3.20
2008.01.10 17:45:25.540,1.6154,1.61555,0.80,3.20
2008.01.10 17:45:25.924,1.6154,1.61565,0.80,4.00
2008.01.10 17:45:26.394,1.61535,1.61555,7.20,0.80
2008.01.10 17:45:26.682,1.61525,1.61555,4.00,8.00
2008.01.10 17:45:27.065,1.61525,1.61555,4.00,8.00
2008.01.10 17:45:27.385,1.61525,1.61555,4.00,10.40
2008.01.10 17:45:28.053,1.61525,1.61555,4.00,10.40
2008.01.10 17:45:28.308,1.61525,1.61555,4.00,0.50
2008.01.10 17:45:28.317,1.6152,1.6155,0.80,6.40
2008.01.10 17:45:28.741,1.6152,1.6155,0.80,6.40
2008.01.10 17:45:28.969,1.61515,1.6155,12.00,8.80
2008.01.10 17:45:29.218,1.61515,1.6155,0.10,17.60
2008.01.10 17:45:29.626,1.6151,1.6154,0.80,0.50
2008.01.10 17:45:29.875,1.6151,1.6155,0.80,19.90
2008.01.10 17:45:30.124,1.61515,1.6155,0.80,17.70
2008.01.10 17:45:30.643,1.61515,1.6155,0.80,15.40
2008.01.10 17:45:30.936,1.61515,1.6155,7.20,12.20
2008.01.10 17:45:31.138,1.61515,1.61545,4.00,0.90
2008.01.10 17:45:31.451,1.61515,1.61545,11.20,0.60
2008.01.10 17:45:31.870,1.6151,1.6154,0.80,4.00
2008.01.10 17:45:32.382,1.61515,1.6154,1.60,4.00
2008.01.10 17:45:32.585,1.6152,1.6155,0.80,12.00
2008.01.10 17:45:32.793,1.6152,1.61545,0.80,0.60
2008.01.10 17:45:33.194,1.6152,1.6155,0.80,7.20
2008.01.10 17:45:33.424,1.6152,1.6155,0.80,5.60
2008.01.10 17:45:33.688,1.6152,1.61545,0.80,0.90
2008.01.10 17:45:34.065,1.6152,1.6155,0.80,4.00
2008.01.10 17:45:34.491,1.6152,1.61545,0.80,0.50
2008.01.10 17:45:34.776,1.61525,1.6155,3.20,4.00
2008.01.10 17:45:35.059,1.61525,1.61555,6.40,12.00
2008.01.10 17:45:35.468,1.61535,1.6156,9.60,6.40
2008.01.10 17:45:35.862,1.61535,1.61555,11.20,0.70
2008.01.10 17:45:36.255,1.61535,1.61555,2.40,0.80
2008.01.10 17:45:36.272,1.61535,1.61565,2.40,14.20
2008.01.10 17:45:36.661,1.61535,1.6156,1.60,5.60
2008.01.10 17:45:36.974,1.6153,1.6156,0.80,5.60
2008.01.10 17:45:37.288,1.6153,1.6156,0.80,5.60
2008.01.10 17:45:37.709,1.6153,1.6156,0.80,5.60
2008.01.10 17:45:38.099,1.6153,1.6156,0.80,5.60
2008.01.10 17:45:38.494,1.61525,1.61555,8.80,0.90
2008.01.10 17:45:38.940,1.61525,1.61555,8.80,0.90
2008.01.10 17:45:39.440,1.61525,1.61555,8.80,6.20
2008.01.10 17:45:39.817,1.61525,1.6155,0.10,6.40
2008.01.10 17:45:40.287,1.6152,1.61545,0.80,0.70
2008.01.10 17:45:40.561,1.61515,1.6153,1.60,0.80
2008.01.10 17:45:40.835,1.61515,1.61535,4.80,6.40
2008.01.10 17:45:41.181,1.61515,1.6154,5.60,6.40
2008.01.10 17:45:41.567,1.61505,1.6154,18.60,3.20
2008.01.10 17:45:41.969,1.61505,1.61525,5.80,8.00
2008.01.10 17:45:42.277,1.61515,1.61525,5.60,0.60
2008.01.10 17:45:42.586,1.61515,1.61535,6.40,12.80
2008.01.10 17:45:42.993,1.61515,1.6154,0.10,8.80
2008.01.10 17:45:43.377,1.6151,1.61535,0.80,0.50
2008.01.10 17:45:44.260,1.6151,1.6154,0.80,9.60
2008.01.10 17:45:44.531,1.6151,1.61535,0.80,9.60
2008.01.10 17:45:44.805,1.61505,1.61535,4.00,9.60
2008.01.10 17:45:45.210,1.61505,1.6153,3.20,7.20
2008.01.10 17:45:45.454,1.61505,1.61525,0.10,0.60
2008.01.10 17:45:45.699,1.61495,1.61515,11.20,0.80
2008.01.10 17:45:46.101,1.61495,1.61525,10.40,10.40
2008.01.10 17:45:46.547,1.61495,1.61515,8.80,0.60
2008.01.10 17:45:46.801,1.6149,1.61515,0.10,8.00
2008.01.10 17:45:47.054,1.61485,1.61515,10.40,11.20
2008.01.10 17:45:47.645,1.61485,1.61505,9.60,0.50
2008.01.10 17:45:47.863,1.6148,1.61505,0.80,0.90
2008.01.10 17:45:48.288,1.6148,1.6151,0.80,4.00
2008.01.10 17:45:48.775,1.6148,1.61505,0.80,0.60
2008.01.10 17:45:49.247,1.6148,1.6151,0.80,4.00
2008.01.10 17:45:49.489,1.6148,1.61495,0.80,0.50
2008.01.10 17:45:49.734,1.61475,1.61485,0.10,4.60
2008.01.10 17:45:50.153,1.61455,1.6148,0.10,6.40
2008.01.10 17:45:50.584,1.61445,1.6148,12.00,6.40
2008.01.10 17:45:51.025,1.61445,1.61475,9.60,0.60
2008.01.10 17:45:51.071,1.61445,1.61475,6.40,11.20
2008.01.10 17:45:51.482,1.61445,1.61465,0.80,0.70
2008.01.10 17:45:51.489,1.61435,1.61465,0.80,0.50
2008.01.10 17:45:51.890,1.61445,1.6147,0.50,0.90
2008.01.10 17:45:52.306,1.61445,1.6147,0.50,0.70
2008.01.10 17:45:52.710,1.61445,1.6148,7.20,8.80
2008.01.10 17:45:53.163,1.61455,1.61475,0.70,0.50
2008.01.10 17:45:53.237,1.61455,1.61475,0.90,0.80
2008.01.10 17:45:53.640,1.61445,1.6148,15.40,6.40
2008.01.10 17:45:53.845,1.6145,1.6148,6.40,6.40
2008.01.10 17:45:54.072,1.6145,1.6148,6.40,5.60
2008.01.10 17:45:54.470,1.6145,1.6148,5.70,6.40
2008.01.10 17:45:54.482,1.61455,1.61475,0.60,0.60
2008.01.10 17:45:54.684,1.61445,1.6148,17.00,5.60
2008.01.10 17:45:54.994,1.6145,1.61475,0.80,0.70
2008.01.10 17:45:55.433,1.61445,1.6148,5.00,7.20
2008.01.10 17:45:55.937,1.6144,1.6148,9.00,8.80
2008.01.10 17:45:56.145,1.6144,1.6148,9.00,11.20
2008.01.10 17:45:56.782,1.61445,1.61475,0.90,0.50
2008.01.10 17:45:57.059,1.61445,1.61455,0.60,0.80
2008.01.10 17:45:57.340,1.6144,1.61465,0.90,19.20
2008.01.10 17:45:57.754,1.6143,1.6146,11.20,7.20
2008.01.10 17:45:58.217,1.61435,1.61445,3.70,2.40
2008.01.10 17:45:58.481,1.61425,1.61445,2.40,9.60
2008.01.10 17:45:58.745,1.61425,1.61445,2.40,10.40
2008.01.10 17:45:59.154,1.61405,1.61425,18.40,2.40
2008.01.10 17:45:59.567,1.614,1.61425,14.40,4.00
2008.01.10 17:45:59.636,1.61395,1.6142,24.00,0.80
2008.01.10 17:46:00.003,1.61405,1.6142,0.10,0.80
2008.01.10 17:46:00.441,1.61395,1.6142,0.70,0.80
2008.01.10 17:46:00.490,1.6139,1.61425,14.40,11.20
2008.01.10 17:46:00.915,1.6139,1.61425,8.80,15.20
2008.01.10 17:46:01.134,1.61395,1.61425,10.40,12.00
2008.01.10 17:46:01.356,1.614,1.61425,0.80,7.20
2008.01.10 17:46:01.769,1.61395,1.61425,14.30,5.60
2008.01.10 17:46:01.986,1.61395,1.61425,19.10,5.60
2008.01.10 17:46:02.296,1.61395,1.61425,19.10,5.60
2008.01.10 17:46:02.796,1.61395,1.61425,17.60,7.20
2008.01.10 17:46:02.914,1.61395,1.61425,2.60,9.60
2008.01.10 17:46:03.459,1.61395,1.61425,0.90,9.60
2008.01.10 17:46:03.766,1.6139,1.61425,15.20,9.60
2008.01.10 17:46:04.011,1.6139,1.61425,15.20,9.60
2008.01.10 17:46:04.370,1.61395,1.61425,2.70,12.00
2008.01.10 17:46:04.866,1.61395,1.61415,1.80,2.40
2008.01.10 17:46:05.034,1.61395,1.6142,4.60,1.60
2008.01.10 17:46:05.354,1.6139,1.61415,9.50,2.40
2008.01.10 17:46:05.983,1.61395,1.61425,3.90,12.00
2008.01.10 17:46:06.802,1.6139,1.61425,9.60,12.00
2008.01.10 17:46:07.015,1.61395,1.61415,4.40,6.40
2008.01.10 17:46:07.245,1.6139,1.61415,8.80,6.40
2008.01.10 17:46:07.695,1.61395,1.61415,2.30,6.40
2008.01.10 17:46:08.170,1.6139,1.61415,5.70,6.40
2008.01.10 17:46:08.620,1.6139,1.61415,5.70,3.20
2008.01.10 17:46:08.863,1.614,1.6142,0.80,0.80
2008.01.10 17:46:09.107,1.614,1.61425,0.80,5.60
2008.01.10 17:46:09.527,1.61395,1.61425,3.60,9.60
2008.01.10 17:46:09.772,1.6139,1.61415,8.80,7.20
2008.01.10 17:46:10.015,1.61395,1.61415,4.30,5.60
2008.01.10 17:46:10.260,1.61395,1.61415,2.90,7.20
2008.01.10 17:46:10.517,1.6139,1.61415,5.70,7.20
2008.01.10 17:46:10.922,1.6139,1.61405,0.10,2.40
2008.01.10 17:46:11.166,1.6138,1.614,11.20,1.60
2008.01.10 17:46:11.411,1.61375,1.614,20.00,1.60
2008.01.10 17:46:11.833,1.61375,1.61405,16.00,10.40
2008.01.10 17:46:12.260,1.61375,1.614,16.80,0.80
2008.01.10 17:46:12.688,1.61385,1.61405,0.60,2.40
2008.01.10 17:46:12.927,1.6138,1.6141,4.00,1.60
2008.01.10 17:46:13.165,1.61385,1.6141,2.20,1.60
2008.01.10 17:46:13.575,1.61375,1.61405,21.60,3.20
2008.01.10 17:46:13.811,1.61375,1.61405,17.60,6.40
2008.01.10 17:46:14.135,1.61375,1.61405,17.60,6.40
2008.01.10 17:46:14.483,1.6138,1.61405,4.00,3.20
2008.01.10 17:46:14.707,1.61395,1.61405,3.30,3.20
2008.01.10 17:46:15.000,1.6139,1.61405,8.90,3.20
2008.01.10 17:46:15.246,1.61395,1.61405,3.10,3.20
2008.01.10 17:46:15.612,1.6139,1.61415,7.30,3.20
2008.01.10 17:46:16.327,1.61395,1.61415,1.50,3.20
2008.01.10 17:46:16.694,1.61395,1.61415,1.50,3.20
2008.01.10 17:46:17.000,1.61395,1.61415,3.10,3.20
2008.01.10 17:46:17.544,1.6139,1.61415,11.20,3.20
2008.01.10 17:46:17.939,1.61405,1.61425,1.50,7.20
2008.01.10 17:46:18.351,1.61405,1.61425,1.40,6.40
2008.01.10 17:46:18.595,1.61405,1.6143,1.00,1.60
2008.01.10 17:46:18.839,1.61405,1.6143,0.80,1.60
2008.01.10 17:46:19.309,1.61405,1.6143,1.50,0.80
2008.01.10 17:46:20.762,1.61405,1.6143,3.20,0.80
2008.01.10 17:46:21.200,1.61405,1.6143,3.20,0.80
2008.01.10 17:46:22.735,1.61405,1.6143,3.20,0.80
2008.01.10 17:46:23.375,1.61405,1.6143,3.20,0.80
2008.01.10 17:46:23.571,1.61415,1.6143,0.80,0.80
2008.01.10 17:46:23.789,1.61415,1.6143,3.20,0.80
2008.01.10 17:46:24.041,1.61405,1.61435,7.20,12.80
2008.01.10 17:46:24.296,1.61415,1.61435,6.30,7.20
2008.01.10 17:46:24.702,1.61415,1.6143,0.70,0.80
2008.01.10 17:46:25.146,1.61415,1.6143,0.70,0.80
2008.01.10 17:46:25.622,1.6141,1.6143,0.10,0.80
2008.01.10 17:46:26.097,1.61415,1.61435,8.00,2.40
2008.01.10 17:46:26.141,1.61415,1.61445,8.00,14.40
2008.01.10 17:46:26.551,1.61425,1.6144,0.30,0.80
2008.01.10 17:46:26.971,1.61425,1.6144,0.30,0.80
2008.01.10 17:46:27.169,1.61415,1.61435,8.80,2.40
2008.01.10 17:46:27.396,1.61415,1.61435,0.80,5.60
2008.01.10 17:46:27.780,1.61415,1.61435,0.70,4.00
2008.01.10 17:46:27.978,1.61415,1.61435,0.30,7.20
2008.01.10 17:46:28.277,1.61405,1.61425,0.30,3.20
2008.01.10 17:46:29.370,1.61405,1.61425,0.30,3.20
2008.01.10 17:46:29.636,1.61405,1.61425,0.30,3.20
2008.01.10 17:46:30.249,1.61405,1.61425,0.30,3.20
2008.01.10 17:46:30.548,1.61405,1.61425,0.30,5.60
2008.01.10 17:46:30.847,1.61395,1.61425,12.30,8.00
2008.01.10 17:46:31.146,1.61405,1.61425,0.30,8.00
2008.01.10 17:46:31.531,1.61405,1.61425,5.90,2.40
2008.01.10 17:46:31.768,1.61405,1.61425,5.90,4.00
2008.01.10 17:46:32.007,1.61405,1.61425,0.30,2.40
2008.01.10 17:46:32.423,1.614,1.61425,0.80,3.20
2008.01.10 17:46:32.693,1.61405,1.61425,0.10,2.40
2008.01.10 17:46:32.968,1.61405,1.61425,0.10,4.80
2008.01.10 17:46:33.378,1.61395,1.61425,10.40,8.00
2008.01.10 17:46:33.986,1.61395,1.6143,10.40,10.40
2008.01.10 17:46:34.405,1.61395,1.61425,10.40,0.90
2008.01.10 17:46:35.123,1.61395,1.6143,10.40,10.40
2008.01.10 17:46:35.368,1.61395,1.6142,5.60,8.00
2008.01.10 17:46:35.776,1.61395,1.6142,5.60,8.00
2008.01.10 17:46:36.221,1.61395,1.6142,5.60,8.00
2008.01.10 17:46:36.438,1.61395,1.61425,8.80,21.60
2008.01.10 17:46:37.236,1.61395,1.61425,8.80,21.60
2008.01.10 17:46:37.747,1.61395,1.6142,9.60,0.80
2008.01.10 17:46:37.922,1.61395,1.61425,12.80,0.90
2008.01.10 17:46:38.144,1.61395,1.6143,17.80,4.80
2008.01.10 17:46:38.507,1.61405,1.6143,4.00,3.20
2008.01.10 17:46:38.681,1.61405,1.61435,9.60,13.60
2008.01.10 17:46:38.973,1.61405,1.6144,11.20,11.20
2008.01.10 17:46:39.457,1.61405,1.6144,11.20,11.20
2008.01.10 17:46:39.943,1.61405,1.61435,11.20,0.60
2008.01.10 17:46:40.406,1.61405,1.6144,11.20,11.20
2008.01.10 17:46:40.612,1.61405,1.6144,11.20,8.00
2008.01.10 17:46:40.869,1.61405,1.6144,11.50,7.20
2008.01.10 17:46:41.288,1.6141,1.61425,0.80,0.80
2008.01.10 17:46:41.320,1.61415,1.61435,10.40,4.80
2008.01.10 17:46:41.727,1.6142,1.61445,0.10,0.50
2008.01.10 17:46:42.141,1.61425,1.6145,3.20,6.40
2008.01.10 17:46:42.444,1.6142,1.61445,0.80,0.80
2008.01.10 17:46:42.749,1.61415,1.61445,11.20,0.60
2008.01.10 17:46:43.165,1.61415,1.6145,11.20,11.20
2008.01.10 17:46:43.710,1.61415,1.6145,8.00,14.40
2008.01.10 17:46:44.776,1.61415,1.61445,10.40,12.80
2008.01.10 17:46:45.114,1.61415,1.61435,8.00,0.60
2008.01.10 17:46:45.859,1.61415,1.6144,8.00,3.20
2008.01.10 17:46:46.394,1.61415,1.6144,8.00,3.20
2008.01.10 17:46:46.912,1.6142,1.6144,0.80,0.80
2008.01.10 17:46:47.136,1.6142,1.6145,0.80,4.00
2008.01.10 17:46:47.634,1.6142,1.6145,0.80,4.00
2008.01.10 17:46:47.910,1.6142,1.6145,0.80,4.00
2008.01.10 17:46:48.136,1.6142,1.61445,0.80,0.60
2008.01.10 17:46:48.405,1.6142,1.61445,0.80,3.20
2008.01.10 17:46:48.856,1.6142,1.6144,0.80,0.80
2008.01.10 17:46:49.323,1.61415,1.6144,7.20,4.00
2008.01.10 17:46:49.338,1.61415,1.61445,10.40,18.40
2008.01.10 17:46:49.740,1.61415,1.61445,10.40,18.40
2008.01.10 17:46:49.945,1.61415,1.6144,8.00,4.00
2008.01.10 17:46:50.224,1.61415,1.61435,8.00,0.60
2008.01.10 17:46:50.709,1.61415,1.61435,8.80,0.50
2008.01.10 17:46:51.251,1.61415,1.61445,8.80,11.00
2008.01.10 17:46:52.103,1.61415,1.6145,13.60,11.20
2008.01.10 17:46:52.322,1.61415,1.61425,11.20,0.80
2008.01.10 17:46:52.547,1.61415,1.61435,11.20,3.30
2008.01.10 17:46:52.765,1.6142,1.61435,0.80,0.50
2008.01.10 17:46:52.985,1.61415,1.6142,2.40,4.40
2008.01.10 17:46:53.396,1.6139,1.61415,0.80,0.80
2008.01.10 17:46:53.677,1.61385,1.61415,14.60,0.30
2008.01.10 17:46:53.954,1.61385,1.61415,15.30,3.40
2008.01.10 17:46:54.370,1.61395,1.6142,3.50,3.50
2008.01.10 17:46:54.777,1.61395,1.6142,5.20,1.10
2008.01.10 17:46:55.185,1.61395,1.61425,13.30,12.30
2008.01.10 17:46:55.638,1.61395,1.61415,13.30,0.30
2008.01.10 17:46:58.173,1.61425,1.6145,0.80,4.80
2008.01.10 17:46:58.393,1.61425,1.6145,3.20,3.20
2008.01.10 17:46:58.828,1.61425,1.6145,1.60,2.40
2008.01.10 17:46:59.090,1.61425,1.61445,1.60,0.60
2008.01.10 17:46:59.358,1.61425,1.61455,1.60,16.80
2008.01.10 17:46:59.890,1.61425,1.61445,1.60,0.90
2008.01.10 17:47:00.315,1.61425,1.61455,6.40,0.90
2008.01.10 17:47:00.776,1.61425,1.61455,6.40,0.80
2008.01.10 17:47:01.239,1.61425,1.61445,6.40,0.60
2008.01.10 17:47:02.216,1.61425,1.61445,6.40,0.50
2008.01.10 17:47:02.994,1.61425,1.61445,6.40,3.20
2008.01.10 17:47:03.282,1.61425,1.61445,9.60,3.20
2008.01.10 17:47:03.677,1.61435,1.61445,0.80,3.20
2008.01.10 17:47:03.866,1.61435,1.61455,0.80,3.20
2008.01.10 17:47:04.140,1.61435,1.61455,3.20,3.20
2008.01.10 17:47:04.546,1.61435,1.61455,8.80,3.20
2008.01.10 17:47:04.818,1.61445,1.61455,3.20,3.20
2008.01.10 17:47:05.166,1.61445,1.61465,3.20,7.20
2008.01.10 17:47:05.457,1.61445,1.61465,3.20,4.80
2008.01.10 17:47:05.881,1.61445,1.61465,9.60,4.80
2008.01.10 17:47:06.106,1.61455,1.61465,3.20,3.20
2008.01.10 17:47:06.329,1.61465,1.6148,3.20,1.60
2008.01.10 17:47:06.850,1.61465,1.6148,3.20,0.80
2008.01.10 17:47:07.179,1.61465,1.61485,8.80,3.20
2008.01.10 17:47:07.395,1.61475,1.61485,0.80,3.20
2008.01.10 17:47:07.777,1.61465,1.61485,8.80,3.20
2008.01.10 17:47:08.165,1.61465,1.61485,8.80,3.20
2008.01.10 17:47:08.358,1.61465,1.61485,8.00,3.20
2008.01.10 17:47:08.642,1.61465,1.61485,8.00,4.00
2008.01.10 17:47:09.103,1.61465,1.61485,2.40,6.40
2008.01.10 17:47:09.555,1.61455,1.61475,4.00,4.80
2008.01.10 17:47:09.820,1.61465,1.61475,2.40,4.00
2008.01.10 17:47:10.085,1.61465,1.61485,2.40,16.80
2008.01.10 17:47:10.501,1.61465,1.61485,0.80,8.20
2008.01.10 17:47:10.724,1.61465,1.61485,0.10,5.80
2008.01.10 17:47:10.952,1.61455,1.61485,11.20,4.80
2008.01.10 17:47:11.369,1.61475,1.61485,0.80,4.80
2008.01.10 17:47:11.810,1.61475,1.61485,0.80,3.20
2008.01.10 17:47:12.244,1.61475,1.61485,0.80,3.20
2008.01.10 17:47:12.684,1.61475,1.61495,9.20,7.20
2008.01.10 17:47:12.923,1.61475,1.61495,1.60,3.20
2008.01.10 17:47:13.161,1.61475,1.61495,1.60,3.20
2008.01.10 17:47:13.566,1.61475,1.61495,9.60,0.10
2008.01.10 17:47:13.774,1.61475,1.61495,8.80,0.10
2008.01.10 17:47:13.985,1.61475,1.61505,10.80,12.20
2008.01.10 17:47:14.409,1.61475,1.61505,12.00,13.80
2008.01.10 17:47:14.807,1.61475,1.61505,11.20,8.00
2008.01.10 17:47:15.270,1.61475,1.61505,11.20,5.60
2008.01.10 17:47:15.544,1.61475,1.61495,0.10,3.20
2008.01.10 17:47:15.856,1.61475,1.61495,0.10,3.20
2008.01.10 17:47:16.202,1.61475,1.61495,0.80,3.20
2008.01.10 17:47:16.634,1.61475,1.61505,2.40,7.40
2008.01.10 17:47:16.877,1.61475,1.61505,2.40,2.40
2008.01.10 17:47:17.171,1.61475,1.61505,5.60,5.00
2008.01.10 17:47:17.582,1.61475,1.615,3.20,2.40
2008.01.10 17:47:18.070,1.61475,1.61495,3.20,3.20
2008.01.10 17:47:18.264,1.61465,1.61495,8.00,8.00
2008.01.10 17:47:18.461,1.61465,1.61495,8.00,8.00
2008.01.10 17:47:18.862,1.61465,1.61485,5.60,0.80
2008.01.10 17:47:19.056,1.6146,1.61485,0.10,2.40
2008.01.10 17:47:19.319,1.61455,1.61465,1.60,6.40
2008.01.10 17:47:19.778,1.61435,1.61465,8.80,5.60
2008.01.10 17:47:20.223,1.61435,1.6146,0.10,0.80
2008.01.10 17:47:20.463,1.61435,1.6147,0.10,0.80
2008.01.10 17:47:20.794,1.61435,1.6147,0.10,0.80
2008.01.10 17:47:21.119,1.61435,1.6147,0.10,0.80
2008.01.10 17:47:21.641,1.61435,1.6147,0.80,0.80
2008.01.10 17:47:22.060,1.61435,1.61465,2.40,2.40
2008.01.10 17:47:22.317,1.61435,1.6147,0.10,2.40
2008.01.10 17:47:22.560,1.61435,1.6147,0.10,2.40
2008.01.10 17:47:23.393,1.61425,1.6147,18.70,2.40
2008.01.10 17:47:23.822,1.6143,1.61465,1.60,0.80
2008.01.10 17:47:24.058,1.61435,1.61465,0.90,2.40
2008.01.10 17:47:24.291,1.6143,1.61465,3.20,5.60
2008.01.10 17:47:24.700,1.61435,1.6146,1.10,0.80
2008.01.10 17:47:24.927,1.61425,1.6146,19.40,0.80
2008.01.10 17:47:25.341,1.61425,1.6146,19.40,0.80
2008.01.10 17:47:25.730,1.6143,1.6146,0.80,0.80
2008.01.10 17:47:26.493,1.61435,1.6146,0.10,0.80
2008.01.10 17:47:28.109,1.6143,1.6146,0.90,0.80
2008.01.10 17:47:28.389,1.6143,1.61465,6.40,7.20
2008.01.10 17:47:28.643,1.61435,1.61465,5.40,6.40
2008.01.10 17:47:28.931,1.61435,1.61465,6.60,6.40
2008.01.10 17:47:29.328,1.6144,1.61465,6.40,0.80
2008.01.10 17:47:29.752,1.61445,1.61475,1.20,13.60
2008.01.10 17:47:30.156,1.61445,1.61475,4.00,11.20
2008.01.10 17:47:30.548,1.6145,1.61475,6.40,5.60
2008.01.10 17:47:30.749,1.6145,1.61465,7.20,3.20
2008.01.10 17:47:31.120,1.61455,1.61465,1.00,3.20
2008.01.10 17:47:31.490,1.6145,1.61485,15.20,8.80
2008.01.10 17:47:32.004,1.6146,1.61485,0.90,4.80
2008.01.10 17:47:32.203,1.6146,1.61485,1.60,1.60
2008.01.10 17:47:32.419,1.61465,1.61495,1.70,15.40
2008.01.10 17:47:32.808,1.61465,1.6149,2.70,0.80
2008.01.10 17:47:33.006,1.61465,1.61495,2.70,9.00
2008.01.10 17:47:33.265,1.61455,1.6149,19.80,0.80
2008.01.10 17:47:33.695,1.61465,1.6149,1.50,0.80
2008.01.10 17:47:33.932,1.61475,1.61495,1.50,8.80
2008.01.10 17:47:34.172,1.61475,1.61495,0.80,7.20
2008.01.10 17:47:36.103,1.6147,1.615,11.20,1.60
2008.01.10 17:47:36.356,1.6147,1.61495,8.90,5.60
2008.01.10 17:47:36.420,1.61465,1.61485,0.50,0.80
2008.01.10 17:47:36.654,1.61465,1.6149,1.00,0.80
2008.01.10 17:47:36.913,1.61465,1.6149,1.40,0.80
2008.01.10 17:47:36.976,1.6146,1.6149,3.30,1.60
2008.01.10 17:47:37.245,1.61465,1.6149,0.80,1.60
2008.01.10 17:47:37.307,1.61455,1.61475,3.20,0.80
2008.01.10 17:47:37.792,1.61455,1.61465,0.80,3.20
2008.01.10 17:47:38.312,1.61445,1.61465,0.80,3.20
2008.01.10 17:47:38.511,1.61445,1.61465,0.80,2.40
2008.01.10 17:47:38.729,1.6144,1.61465,8.00,1.60
2008.01.10 17:47:39.120,1.6144,1.61475,8.00,3.20
2008.01.10 17:47:39.318,1.61445,1.61475,4.20,1.60
2008.01.10 17:47:39.619,1.61445,1.61475,4.60,1.60
2008.01.10 17:47:40.101,1.61445,1.61475,13.60,0.80
2008.01.10 17:47:40.380,1.6145,1.61485,6.40,19.30
2008.01.10 17:47:40.594,1.61455,1.61485,2.80,14.60
2008.01.10 17:47:40.903,1.6145,1.61485,6.40,11.40
2008.01.10 17:47:41.120,1.61455,1.61485,3.60,10.60
2008.01.10 17:47:41.333,1.6145,1.61485,9.60,9.80
2008.01.10 17:47:42.027,1.6145,1.61485,9.60,9.80
2008.01.10 17:47:42.507,1.6145,1.61485,9.60,8.00
2008.01.10 17:47:43.028,1.6145,1.61485,9.60,8.00
2008.01.10 17:47:43.395,1.6145,1.61485,9.60,8.00
2008.01.10 17:47:43.790,1.61455,1.61485,3.10,8.00
2008.01.10 17:47:44.850,1.61455,1.61485,4.20,8.00
2008.01.10 17:47:45.053,1.61455,1.61475,3.80,3.20
2008.01.10 17:47:45.259,1.6145,1.61475,1.60,3.20
2008.01.10 17:47:45.462,1.61445,1.61475,15.20,3.20
2008.01.10 17:47:45.673,1.61445,1.61475,15.20,3.20
2008.01.10 17:47:46.128,1.61445,1.6147,12.80,1.60
2008.01.10 17:47:46.387,1.61435,1.61465,20.90,7.20
2008.01.10 17:47:46.646,1.6144,1.61465,1.60,7.20
2008.01.10 17:47:47.057,1.6144,1.61465,4.80,4.00
2008.01.10 17:47:47.350,1.6144,1.61465,15.20,3.20
2008.01.10 17:47:47.644,1.6145,1.61475,0.80,4.00
2008.01.10 17:47:48.050,1.6145,1.61475,0.80,3.20
2008.01.10 17:47:48.502,1.61455,1.61475,0.80,3.20
2008.01.10 17:47:48.726,1.61455,1.61475,1.90,3.20
2008.01.10 17:47:48.949,1.6145,1.61485,12.00,4.80
2008.01.10 17:47:49.374,1.6145,1.61485,12.00,7.20
2008.01.10 17:47:49.813,1.61455,1.61485,12.00,7.20
2008.01.10 17:47:50.046,1.61455,1.61485,8.00,8.00
2008.01.10 17:47:50.280,1.6146,1.61485,0.80,7.20
2008.01.10 17:47:50.725,1.6146,1.6148,0.10,0.80
2008.01.10 17:47:51.184,1.61445,1.61475,17.60,3.20
2008.01.10 17:47:51.583,1.6143,1.6146,10.40,1.60
2008.01.10 17:47:51.612,1.61435,1.61455,4.60,0.80
2008.01.10 17:47:52.015,1.6142,1.61455,8.20,7.20
2008.01.10 17:47:52.416,1.61445,1.61455,3.60,5.60
2008.01.10 17:47:52.521,1.61435,1.61455,17.60,4.00
2008.01.10 17:47:52.918,1.61435,1.61455,17.60,0.80
2008.01.10 17:47:53.406,1.61445,1.61475,11.20,6.40
2008.01.10 17:47:53.609,1.61455,1.61475,5.60,3.20
2008.01.10 17:47:53.832,1.61455,1.61475,5.60,3.20
2008.01.10 17:47:54.017,1.61455,1.6148,5.60,6.40
2008.01.10 17:47:54.227,1.61455,1.6148,5.60,6.40
2008.01.10 17:47:54.429,1.61455,1.61475,5.60,0.70
2008.01.10 17:47:54.778,1.61455,1.6148,5.60,4.80
2008.01.10 17:47:55.109,1.61455,1.61485,5.60,17.80
2008.01.10 17:47:55.619,1.61455,1.6148,5.60,0.60
2008.01.10 17:47:56.031,1.61455,1.6148,5.60,0.70
2008.01.10 17:47:56.410,1.61455,1.61485,9.60,16.00
2008.01.10 17:47:56.978,1.61455,1.61485,9.60,16.00
2008.01.10 17:47:57.351,1.6145,1.61475,0.80,0.90
2008.01.10 17:47:57.874,1.61455,1.61475,5.60,0.80
2008.01.10 17:47:58.072,1.61455,1.6148,5.60,7.20
2008.01.10 17:47:58.297,1.61455,1.6148,5.60,6.40
2008.01.10 17:47:58.694,1.61455,1.6148,8.80,4.00
2008.01.10 17:47:59.108,1.61455,1.61485,8.80,18.60
2008.01.10 17:47:59.740,1.61455,1.61485,8.80,18.60
2008.01.10 17:47:59.975,1.61455,1.61475,3.20,0.80
2008.01.10 17:48:00.436,1.6145,1.6148,0.80,4.00
2008.01.10 17:48:00.709,1.61455,1.6148,5.60,6.40
2008.01.10 17:48:00.982,1.61455,1.6148,5.60,4.80
2008.01.10 17:48:01.329,1.61455,1.61475,5.60,13.00
2008.01.10 17:48:01.721,1.61445,1.61465,1.60,0.60
2008.01.10 17:48:02.120,1.61435,1.61475,5.60,5.80
2008.01.10 17:48:02.448,1.61435,1.61465,9.60,4.00
2008.01.10 17:48:02.778,1.61435,1.61465,9.60,6.40
2008.01.10 17:48:03.235,1.61435,1.61465,12.80,0.70
2008.01.10 17:48:03.637,1.61435,1.6147,12.80,8.80
2008.01.10 17:48:04.160,1.61435,1.61465,12.80,0.60
2008.01.10 17:48:04.386,1.61445,1.6147,0.80,8.80
2008.01.10 17:48:04.643,1.61445,1.6147,0.80,8.80
2008.01.10 17:48:05.045,1.61445,1.61465,0.80,0.50
2008.01.10 17:48:05.274,1.61445,1.6147,0.80,4.80
2008.01.10 17:48:05.738,1.61445,1.61465,0.80,0.70
2008.01.10 17:48:06.012,1.61445,1.6147,0.80,6.40
2008.01.10 17:48:06.425,1.61445,1.6147,0.80,8.00
2008.01.10 17:48:06.651,1.6144,1.61465,0.10,0.90
2008.01.10 17:48:06.913,1.6144,1.61465,0.10,0.50
2008.01.10 17:48:07.294,1.6144,1.61465,0.10,10.40
2008.01.10 17:48:08.965,1.61445,1.6147,11.10,8.00
2008.01.10 17:48:09.182,1.61455,1.61465,0.70,0.80
2008.01.10 17:48:09.693,1.61455,1.61475,0.70,8.00
2008.01.10 17:48:09.726,1.61455,1.61475,0.70,8.00
2008.01.10 17:48:09.944,1.61455,1.61465,0.70,0.60
2008.01.10 17:48:09.973,1.61455,1.6148,7.90,6.40
2008.01.10 17:48:10.434,1.61455,1.61475,7.10,0.70
2008.01.10 17:48:10.972,1.61455,1.61475,8.70,0.80
2008.01.10 17:48:11.334,1.61455,1.6148,11.20,4.00
2008.01.10 17:48:11.512,1.61465,1.61485,0.70,13.80
2008.01.10 17:48:11.742,1.61455,1.6148,9.60,0.80
2008.01.10 17:48:12.110,1.61455,1.6148,9.50,0.50
2008.01.10 17:48:12.622,1.61465,1.6149,0.70,13.80
2008.01.10 17:48:13.572,1.61465,1.6149,0.70,13.80
2008.01.10 17:48:13.983,1.61455,1.61485,9.60,0.50
2008.01.10 17:48:14.603,1.61455,1.61485,9.60,0.50
2008.01.10 17:48:15.215,1.61455,1.6149,12.80,13.80
2008.01.10 17:48:15.978,1.61455,1.61485,12.80,0.60
2008.01.10 17:48:16.526,1.61455,1.61485,12.80,0.70
2008.01.10 17:48:17.018,1.61455,1.6149,12.80,13.80
2008.01.10 17:48:17.935,1.61455,1.6149,12.80,13.80
2008.01.10 17:48:18.252,1.61455,1.61475,8.80,0.90
2008.01.10 17:48:20.987,1.61455,1.61475,8.80,0.60
2008.01.10 17:48:21.559,1.61455,1.61485,8.80,13.60
2008.01.10 17:48:23.884,1.61465,1.61475,0.80,3.20
2008.01.10 17:48:24.151,1.61465,1.61475,0.80,3.20
2008.01.10 17:48:24.394,1.61465,1.61485,0.80,1.60
2008.01.10 17:48:24.817,1.61465,1.6149,0.80,1.60
2008.01.10 17:48:25.035,1.6146,1.6149,0.80,1.60
2008.01.10 17:48:25.253,1.61475,1.61485,3.20,1.60
2008.01.10 17:48:25.665,1.61475,1.6149,3.20,0.80
2008.01.10 17:48:25.907,1.61475,1.61505,10.40,17.70
2008.01.10 17:48:26.170,1.61475,1.61505,12.00,13.80
2008.01.10 17:48:26.564,1.61475,1.61505,12.00,8.80
2008.01.10 17:48:27.009,1.61475,1.61505,12.00,8.80
2008.01.10 17:48:27.297,1.6147,1.615,0.80,0.80
2008.01.10 17:48:27.587,1.61465,1.61505,14.40,12.00
2008.01.10 17:48:28.068,1.61465,1.615,4.80,0.80
2008.01.10 17:48:28.266,1.6147,1.615,0.80,1.60
2008.01.10 17:48:28.607,1.61475,1.61505,0.80,13.60
2008.01.10 17:48:28.894,1.61475,1.61505,13.30,8.80
2008.01.10 17:48:29.078,1.61475,1.61505,2.30,8.80
2008.01.10 17:48:29.345,1.61475,1.61505,14.40,7.20
2008.01.10 17:48:29.420,1.61485,1.61505,0.80,7.20
2008.01.10 17:48:29.825,1.61485,1.61505,0.80,7.20
2008.01.10 17:48:30.277,1.61485,1.61505,1.60,7.20
2008.01.10 17:48:30.566,1.6148,1.61515,7.20,16.80
2008.01.10 17:48:30.855,1.61485,1.61515,6.50,7.20
2008.01.10 17:48:31.268,1.61495,1.61515,2.80,0.80
2008.01.10 17:48:31.635,1.615,1.61515,0.80,0.80
2008.01.10 17:48:32.002,1.615,1.61525,6.40,4.00
2008.01.10 17:48:32.274,1.61505,1.61525,0.10,4.00
2008.01.10 17:48:32.549,1.61495,1.61525,2.90,11.20
2008.01.10 17:48:32.968,1.61495,1.61525,1.40,8.80
2008.01.10 17:48:33.433,1.6149,1.61525,11.20,12.80
2008.01.10 17:48:33.877,1.6149,1.61525,11.20,12.80
2008.01.10 17:48:34.120,1.6149,1.61525,12.00,12.00
2008.01.10 17:48:34.372,1.61495,1.61525,4.40,8.00
2008.01.10 17:48:34.778,1.61495,1.61525,13.60,4.80
2008.01.10 17:48:34.980,1.61505,1.61525,2.10,3.20
2008.01.10 17:48:35.237,1.61495,1.61525,20.00,3.20
2008.01.10 17:48:35.682,1.61495,1.61525,6.20,4.80
2008.01.10 17:48:35.941,1.615,1.61525,6.40,3.20
2008.01.10 17:48:36.633,1.615,1.61525,6.40,3.20
2008.01.10 17:48:36.896,1.6149,1.61525,17.60,4.80
2008.01.10 17:48:37.159,1.61495,1.61525,18.40,4.80
2008.01.10 17:48:37.569,1.61495,1.6153,17.60,0.80
2008.01.10 17:48:38.017,1.61495,1.6153,17.60,0.80
2008.01.10 17:48:38.255,1.61495,1.61525,7.10,1.60
2008.01.10 17:48:38.494,1.6149,1.61525,8.80,9.60
2008.01.10 17:48:38.905,1.6149,1.61525,8.80,8.80
2008.01.10 17:48:39.362,1.6149,1.61525,8.80,9.60
2008.01.10 17:48:39.625,1.61495,1.61525,1.80,4.80
2008.01.10 17:48:40.010,1.6149,1.61525,11.20,4.80
2008.01.10 17:48:40.233,1.615,1.61525,0.80,4.80
2008.01.10 17:48:40.622,1.61495,1.61525,11.20,3.20
2008.01.10 17:48:40.748,1.615,1.61525,0.80,3.20
2008.01.10 17:48:41.035,1.615,1.61525,0.80,3.20
2008.01.10 17:48:41.588,1.61495,1.61525,1.70,3.20
2008.01.10 17:48:42.022,1.61495,1.61525,5.20,5.60
2008.01.10 17:48:42.302,1.61495,1.61515,1.80,0.70
2008.01.10 17:48:42.580,1.6149,1.61515,5.70,0.70
2008.01.10 17:48:42.996,1.6149,1.61515,5.70,3.90
2008.01.10 17:48:43.460,1.61495,1.61515,2.70,3.90
2008.01.10 17:48:44.003,1.61495,1.61515,1.50,3.90
2008.01.10 17:48:44.216,1.6149,1.61515,6.40,5.60
2008.01.10 17:48:44.428,1.6149,1.61515,9.60,2.40
2008.01.10 17:48:44.941,1.61495,1.61515,1.70,2.40
2008.01.10 17:48:45.276,1.61495,1.61515,4.50,0.70
2008.01.10 17:48:45.747,1.6149,1.61515,9.60,0.70
2008.01.10 17:48:46.765,1.6149,1.61515,9.60,0.70
2008.01.10 17:48:47.132,1.61495,1.61515,2.30,0.70
2008.01.10 17:48:47.361,1.61495,1.6152,3.90,3.20
2008.01.10 17:48:47.656,1.61495,1.6152,0.60,3.20
2008.01.10 17:48:48.139,1.61485,1.61515,12.80,4.80
2008.01.10 17:48:48.434,1.61475,1.615,6.40,0.80
2008.01.10 17:48:48.649,1.61475,1.61505,5.60,6.40
2008.01.10 17:48:48.833,1.61475,1.61505,1.80,6.40
2008.01.10 17:48:49.049,1.61475,1.61505,1.40,7.20
2008.01.10 17:48:49.434,1.61475,1.615,2.50,0.80
2008.01.10 17:48:49.881,1.61475,1.615,2.00,0.80
2008.01.10 17:48:50.351,1.6147,1.615,4.00,0.80
2008.01.10 17:48:50.611,1.61475,1.615,1.90,0.80
2008.01.10 17:48:50.868,1.6147,1.61505,15.40,3.20
2008.01.10 17:48:51.100,1.6147,1.61505,19.40,3.20
2008.01.10 17:48:51.334,1.6148,1.61505,3.30,1.60
2008.01.10 17:48:51.754,1.6148,1.61505,4.10,1.60
2008.01.10 17:48:52.010,1.61475,1.61505,21.70,1.60
2008.01.10 17:48:52.269,1.61475,1.61505,20.80,2.40
2008.01.10 17:48:52.682,1.61485,1.61505,1.30,3.20
2008.01.10 17:48:53.127,1.61485,1.61505,0.80,4.00
2008.01.10 17:48:55.070,1.61485,1.615,1.60,1.60
2008.01.10 17:48:55.321,1.6149,1.6152,4.80,1.60
2008.01.10 17:48:55.371,1.6149,1.61525,10.40,12.00
2008.01.10 17:48:55.601,1.61485,1.6152,22.50,0.80
2008.01.10 17:48:55.864,1.61485,1.6152,22.50,0.80
2008.01.10 17:48:55.919,1.61485,1.6152,19.40,2.40
2008.01.10 17:48:56.144,1.61495,1.6152,2.60,1.60
2008.01.10 17:48:56.666,1.61505,1.61525,1.00,9.60
2008.01.10 17:48:57.195,1.61515,1.6153,0.80,0.80
2008.01.10 17:48:57.602,1.61525,1.61535,3.20,1.60
2008.01.10 17:48:57.828,1.61545,1.6155,0.10,0.80
2008.01.10 17:48:58.053,1.61555,1.6156,0.50,0.80
2008.01.10 17:48:58.470,1.61555,1.61565,10.40,5.60
2008.01.10 17:48:58.925,1.61555,1.61565,0.80,1.60
2008.01.10 17:48:59.378,1.6155,1.61555,0.80,4.00
2008.01.10 17:48:59.785,1.61535,1.6155,1.60,0.80
2008.01.10 17:49:00.160,1.6152,1.61545,0.80,0.80
2008.01.10 17:49:00.344,1.6152,1.6154,0.10,0.80
2008.01.10 17:49:00.560,1.61515,1.6154,7.20,1.60
2008.01.10 17:49:01.022,1.6151,1.61535,0.10,0.80
2008.01.10 17:49:01.490,1.61505,1.6152,4.80,0.80
2008.01.10 17:49:01.957,1.61505,1.6152,4.80,0.80
2008.01.10 17:49:02.442,1.61515,1.61525,7.20,1.60
2008.01.10 17:49:02.535,1.61515,1.61535,5.60,5.60
2008.01.10 17:49:02.942,1.6151,1.6153,0.10,0.80
2008.01.10 17:49:03.166,1.61505,1.6153,3.20,0.80
2008.01.10 17:49:03.808,1.61505,1.6153,3.20,0.80
2008.01.10 17:49:04.676,1.6151,1.61535,0.80,8.00
2008.01.10 17:49:04.893,1.61515,1.61535,7.20,3.20
2008.01.10 17:49:05.151,1.61515,1.61535,7.20,2.40
2008.01.10 17:49:05.595,1.61515,1.61535,5.60,1.60
2008.01.10 17:49:06.054,1.61515,1.61535,5.60,1.60
2008.01.10 17:49:06.348,1.61515,1.61535,5.60,0.80
2008.01.10 17:49:06.729,1.61515,1.61535,5.60,0.80
2008.01.10 17:49:07.063,1.61515,1.61535,5.60,0.80
2008.01.10 17:49:07.468,1.61515,1.61535,7.20,0.80
2008.01.10 17:49:07.943,1.61515,1.61535,7.20,0.80
2008.01.10 17:49:08.364,1.61515,1.61525,0.10,1.60
2008.01.10 17:49:08.607,1.61505,1.61525,4.80,1.60
2008.01.10 17:49:08.855,1.61505,1.61525,0.80,3.20
2008.01.10 17:49:09.287,1.615,1.61525,0.80,4.00
2008.01.10 17:49:09.551,1.615,1.61525,0.80,4.20
2008.01.10 17:49:09.814,1.61495,1.61525,12.80,7.40
2008.01.10 17:49:10.326,1.61495,1.61525,12.80,6.60
2008.01.10 17:49:10.732,1.61495,1.61525,12.80,6.60
2008.01.10 17:49:11.138,1.61495,1.61525,12.80,6.60
2008.01.10 17:49:11.385,1.61495,1.61525,14.40,6.40
2008.01.10 17:49:11.672,1.61495,1.61515,10.40,3.20
2008.01.10 17:49:12.047,1.61505,1.61525,0.60,3.20
2008.01.10 17:49:12.488,1.61505,1.61525,0.60,3.20
2008.01.10 17:49:12.980,1.61505,1.61525,0.60,3.20
2008.01.10 17:49:13.268,1.61495,1.61525,18.50,3.20
2008.01.10 17:49:13.670,1.61505,1.61525,0.60,3.20
2008.01.10 17:49:13.897,1.61505,1.61525,0.60,3.20
2008.01.10 17:49:14.311,1.6149,1.61525,17.90,1.60
2008.01.10 17:49:14.721,1.61505,1.6153,0.10,3.20
2008.01.10 17:49:14.938,1.61515,1.6153,3.00,3.20
2008.01.10 17:49:15.158,1.6151,1.61535,7.20,1.60
2008.01.10 17:49:15.562,1.6152,1.61535,3.30,1.60
2008.01.10 17:49:16.012,1.61525,1.61535,1.00,1.60
2008.01.10 17:49:16.465,1.61525,1.6155,2.40,3.20
2008.01.10 17:49:16.902,1.61515,1.6155,20.10,0.80
2008.01.10 17:49:17.304,1.61545,1.6155,0.10,0.80
2008.01.10 17:49:17.700,1.6152,1.6155,4.00,1.60
2008.01.10 17:49:18.004,1.61525,1.6155,1.20,1.60
2008.01.10 17:49:18.713,1.61525,1.6155,1.20,1.60
2008.01.10 17:49:18.911,1.6152,1.6155,10.50,1.60
2008.01.10 17:49:19.131,1.6154,1.61555,0.80,4.00
2008.01.10 17:49:19.520,1.6154,1.61555,4.00,2.40
2008.01.10 17:49:19.958,1.6154,1.6157,4.00,0.80
2008.01.10 17:49:20.404,1.6154,1.61575,4.00,9.80
2008.01.10 17:49:20.838,1.6154,1.61575,4.00,9.60
2008.01.10 17:49:21.316,1.61545,1.61575,0.80,9.60
2008.01.10 17:49:21.588,1.6154,1.61575,4.00,8.80
2008.01.10 17:49:21.837,1.61545,1.61565,1.90,1.60
2008.01.10 17:49:22.259,1.61545,1.61565,1.20,1.60
2008.01.10 17:49:22.828,1.6154,1.61565,4.00,1.60
2008.01.10 17:49:23.818,1.61545,1.61565,1.60,1.60
2008.01.10 17:49:24.028,1.61545,1.61565,0.70,2.40
2008.01.10 17:49:24.430,1.61535,1.61565,13.50,2.40
2008.01.10 17:49:24.767,1.6153,1.61565,12.00,3.20
2008.01.10 17:49:25.055,1.61535,1.61565,4.10,7.20
2008.01.10 17:49:26.092,1.61535,1.61565,2.30,7.20
2008.01.10 17:49:26.341,1.61535,1.61565,1.10,9.60
2008.01.10 17:49:26.766,1.6153,1.61565,4.00,9.60
2008.01.10 17:49:27.204,1.61535,1.61565,0.50,9.60
2008.01.10 17:49:27.285,1.61535,1.61565,0.90,12.80
2008.01.10 17:49:27.685,1.6153,1.61565,4.80,12.00
2008.01.10 17:49:27.954,1.6153,1.61565,12.00,10.40
2008.01.10 17:49:28.225,1.61535,1.6155,0.70,0.80
2008.01.10 17:49:28.647,1.61525,1.61545,5.40,3.20
2008.01.10 17:49:29.056,1.61505,1.6154,29.60,1.60
2008.01.10 17:49:29.286,1.6151,1.61535,3.30,4.00
2008.01.10 17:49:29.525,1.61515,1.61525,0.10,0.80
2008.01.10 17:49:29.937,1.61515,1.6152,0.10,0.80
2008.01.10 17:49:30.381,1.6149,1.6152,7.30,1.60
2008.01.10 17:49:30.596,1.6149,1.61515,7.30,3.20
2008.01.10 17:49:30.820,1.6149,1.61515,1.70,3.40
2008.01.10 17:49:31.228,1.61495,1.61515,1.30,3.20
2008.01.10 17:49:31.447,1.61495,1.61525,5.20,13.60
2008.01.10 17:49:31.858,1.61495,1.61525,2.50,13.60
2008.01.10 17:49:32.205,1.61495,1.61525,3.60,13.60
2008.01.10 17:49:33.189,1.6149,1.61515,0.80,0.30
2008.01.10 17:49:33.414,1.61485,1.61515,0.70,1.00
2008.01.10 17:49:33.638,1.6149,1.6152,0.80,2.40
2008.01.10 17:49:34.054,1.6149,1.61515,8.00,0.30
2008.01.10 17:49:34.474,1.61495,1.61525,4.00,12.00
2008.01.10 17:49:34.503,1.6149,1.61525,11.20,8.80
2008.01.10 17:49:34.905,1.6149,1.61525,12.00,2.40
2008.01.10 17:49:35.189,1.61495,1.61525,4.40,1.60
2008.01.10 17:49:35.635,1.61495,1.61525,4.80,1.60
2008.01.10 17:49:35.958,1.61485,1.61535,23.30,13.80
2008.01.10 17:49:36.160,1.61485,1.6153,20.10,0.80
2008.01.10 17:49:36.370,1.6149,1.61525,2.40,7.20
2008.01.10 17:49:36.773,1.61495,1.61525,1.10,7.20
2008.01.10 17:49:37.229,1.61505,1.61535,4.90,2.40
2008.01.10 17:49:37.686,1.6151,1.61535,0.80,0.80
2008.01.10 17:49:37.955,1.61515,1.61545,5.50,6.60
2008.01.10 17:49:38.264,1.6151,1.61545,12.00,6.60
2008.01.10 17:49:38.645,1.61515,1.61545,1.60,4.40
2008.01.10 17:49:39.110,1.6151,1.6154,0.90,0.80
2008.01.10 17:49:39.496,1.6151,1.6154,0.80,0.80
2008.01.10 17:49:39.689,1.6151,1.61535,0.80,0.70
2008.01.10 17:49:39.908,1.6151,1.61525,0.80,0.70
2008.01.10 17:49:40.102,1.6151,1.61515,0.80,0.70
2008.01.10 17:49:40.391,1.61485,1.61515,18.40,0.80
2008.01.10 17:49:40.849,1.61495,1.61515,0.10,1.60
2008.01.10 17:49:41.118,1.6148,1.6151,0.90,0.80
2008.01.10 17:49:41.349,1.6148,1.6151,0.80,0.80
2008.01.10 17:49:41.765,1.6148,1.6151,0.80,0.80
2008.01.10 17:49:42.220,1.6148,1.6151,0.80,0.80
2008.01.10 17:49:42.464,1.61475,1.61505,8.20,1.60
2008.01.10 17:49:42.708,1.61475,1.61505,3.40,3.10
2008.01.10 17:49:43.131,1.61475,1.61495,7.20,3.20
2008.01.10 17:49:43.575,1.61465,1.61495,16.80,3.40
2008.01.10 17:49:43.818,1.6147,1.61495,0.80,0.30
2008.01.10 17:49:44.183,1.6147,1.61495,0.80,0.30
2008.01.10 17:49:44.598,1.61475,1.61505,0.80,11.30
2008.01.10 17:49:45.003,1.61475,1.61505,2.50,8.20
2008.01.10 17:49:45.258,1.61475,1.61505,12.80,7.20
2008.01.10 17:49:45.506,1.61475,1.61505,12.80,7.40
2008.01.10 17:49:45.729,1.61475,1.615,10.40,0.80
2008.01.10 17:49:45.996,1.61475,1.615,5.60,2.40
2008.01.10 17:49:46.371,1.61475,1.615,4.80,0.80
2008.01.10 17:49:46.856,1.61475,1.61505,5.60,11.30
2008.01.10 17:49:47.124,1.61475,1.61505,13.60,5.00
2008.01.10 17:49:47.504,1.61475,1.61505,13.60,5.00
2008.01.10 17:49:47.854,1.61485,1.61505,4.00,0.30
2008.01.10 17:49:48.277,1.61485,1.61505,4.00,0.30
2008.01.10 17:49:48.489,1.61495,1.6152,0.80,2.40
2008.01.10 17:49:48.770,1.61505,1.6152,0.80,1.60
2008.01.10 17:49:49.236,1.61505,1.61525,0.80,0.30
2008.01.10 17:49:49.514,1.61505,1.61535,9.70,7.40
2008.01.10 17:49:49.738,1.61515,1.61535,8.80,6.60
2008.01.10 17:49:50.157,1.61515,1.61535,8.80,0.30
2008.01.10 17:49:50.380,1.61515,1.61535,8.80,3.40
2008.01.10 17:49:50.605,1.61515,1.61535,7.20,4.20
2008.01.10 17:49:51.028,1.61515,1.61535,7.20,4.20
2008.01.10 17:49:51.249,1.61515,1.61525,6.40,4.00
2008.01.10 17:49:51.549,1.61515,1.61525,6.40,4.00
2008.01.10 17:49:51.893,1.61515,1.61535,6.40,7.40
2008.01.10 17:49:52.397,1.61515,1.61535,5.60,7.40
2008.01.10 17:49:52.706,1.61515,1.61535,5.60,9.00
2008.01.10 17:49:53.016,1.61505,1.61535,10.50,9.80
2008.01.10 17:49:53.334,1.61525,1.61535,0.50,4.00
2008.01.10 17:49:53.747,1.61525,1.61545,0.50,14.50
2008.01.10 17:49:53.969,1.61525,1.61545,0.50,10.50
2008.01.10 17:49:54.192,1.61525,1.61545,0.50,7.90
2008.01.10 17:49:54.602,1.61525,1.61545,0.50,4.80
2008.01.10 17:49:54.826,1.61525,1.61545,0.60,4.00
2008.01.10 17:49:55.095,1.61525,1.61555,0.80,12.20
2008.01.10 17:49:55.554,1.61525,1.61555,9.70,9.00
2008.01.10 17:49:56.027,1.61525,1.61555,8.10,9.00
2008.01.10 17:49:56.443,1.6153,1.61555,0.80,7.20
2008.01.10 17:49:56.466,1.6153,1.61555,0.80,4.00
2008.01.10 17:49:56.872,1.61525,1.61555,12.00,4.00
2008.01.10 17:49:57.130,1.61525,1.61555,13.60,4.00
2008.01.10 17:49:57.390,1.6154,1.61555,0.10,7.20
2008.01.10 17:49:57.803,1.6154,1.61555,0.10,4.00
2008.01.10 17:49:58.249,1.6154,1.61565,0.10,8.80
2008.01.10 17:49:58.318,1.6154,1.61555,0.10,4.00
2008.01.10 17:49:58.755,1.61535,1.61545,1.60,1.60
2008.01.10 17:49:58.877,1.61525,1.61545,6.40,1.60
2008.01.10 17:49:59.207,1.6152,1.61545,5.60,4.80
2008.01.10 17:49:59.819,1.6152,1.61545,6.40,4.80
2008.01.10 17:50:00.164,1.6152,1.61545,4.10,5.60
2008.01.10 17:50:00.531,1.6151,1.61545,14.40,11.90
2008.01.10 17:50:00.793,1.61505,1.6154,29.60,0.80
2008.01.10 17:50:01.060,1.6151,1.6154,11.30,3.20
2008.01.10 17:50:01.518,1.61515,1.6154,3.20,3.20
2008.01.10 17:50:01.800,1.6151,1.61535,0.10,5.60
2008.01.10 17:50:02.081,1.61505,1.61535,0.70,11.90
2008.01.10 17:50:02.365,1.61495,1.6153,24.60,0.80
2008.01.10 17:50:02.578,1.61495,1.61525,19.20,1.60
2008.01.10 17:50:02.975,1.61505,1.61535,4.80,10.30
2008.01.10 17:50:03.182,1.615,1.61535,7.20,12.70
2008.01.10 17:50:03.399,1.615,1.61535,1.60,12.70
2008.01.10 17:50:05.242,1.61495,1.6153,16.80,0.80
2008.01.10 17:50:05.305,1.6149,1.61525,15.20,1.60
2008.01.10 17:50:06.153,1.61495,1.61525,0.80,5.60
2008.01.10 17:50:06.217,1.61495,1.61525,0.90,6.40
2008.01.10 17:50:06.441,1.61495,1.61525,2.80,6.40
2008.01.10 17:50:06.969,1.61495,1.61525,6.40,8.80
2008.01.10 17:50:07.501,1.61495,1.6152,0.90,2.40
2008.01.10 17:50:07.890,1.61485,1.6152,38.60,2.40
2008.01.10 17:50:08.085,1.61515,1.6152,3.50,0.80
2008.01.10 17:50:08.305,1.61515,1.61525,1.00,1.60
2008.01.10 17:50:08.682,1.61515,1.61525,0.50,5.60
2008.01.10 17:50:08.990,1.6151,1.6153,5.70,1.60
2008.01.10 17:50:09.299,1.6151,1.6153,0.10,0.80
2008.01.10 17:50:09.775,1.615,1.6153,0.80,0.80
2008.01.10 17:50:10.384,1.615,1.6153,0.80,0.80
2008.01.10 17:50:10.627,1.615,1.6153,0.80,0.80
2008.01.10 17:50:11.168,1.615,1.6153,0.80,0.80
2008.01.10 17:50:11.605,1.6149,1.61525,15.20,7.90
2008.01.10 17:50:12.102,1.6149,1.61525,15.20,8.80
2008.01.10 17:50:12.643,1.61495,1.61525,6.70,8.80
2008.01.10 17:50:13.134,1.6149,1.61525,15.20,8.80
2008.01.10 17:50:13.468,1.61495,1.6152,1.20,3.20
2008.01.10 17:50:13.722,1.61495,1.6152,0.90,3.20
2008.01.10 17:50:14.027,1.61495,1.6152,0.50,3.20
2008.01.10 17:50:14.272,1.61485,1.61505,2.60,3.20
2008.01.10 17:50:14.545,1.6148,1.61505,6.50,3.20
2008.01.10 17:50:14.943,1.6148,1.61505,2.50,3.20
2008.01.10 17:50:15.188,1.61485,1.61505,3.10,3.20
2008.01.10 17:50:15.424,1.6148,1.61505,6.50,1.60
2008.01.10 17:50:15.648,1.6148,1.61505,6.40,1.60
2008.01.10 17:50:15.896,1.6148,1.61515,11.20,11.90
2008.01.10 17:50:16.330,1.61485,1.61515,4.10,11.90
2008.01.10 17:50:17.017,1.61485,1.61515,3.60,11.90
2008.01.10 17:50:17.275,1.61495,1.61515,3.30,2.40
2008.01.10 17:50:17.533,1.6149,1.61525,9.60,10.40
2008.01.10 17:50:17.946,1.61495,1.61525,2.80,10.40
2008.01.10 17:50:18.231,1.6149,1.61525,17.60,10.40
2008.01.10 17:50:18.700,1.6149,1.61525,16.00,6.40
2008.01.10 17:50:18.953,1.61495,1.6152,2.00,1.60
2008.01.10 17:50:19.193,1.61495,1.6152,3.90,1.60
2008.01.10 17:50:19.432,1.6149,1.6152,16.00,0.80
2008.01.10 17:50:19.675,1.6149,1.6152,16.00,0.80
2008.01.10 17:50:20.108,1.61495,1.61525,6.20,6.40
2008.01.10 17:50:20.377,1.615,1.61525,0.10,6.40
2008.01.10 17:50:20.646,1.61505,1.61525,0.80,5.60
2008.01.10 17:50:21.057,1.615,1.61535,12.80,4.00
2008.01.10 17:50:21.866,1.61505,1.6154,5.80,2.40
2008.01.10 17:50:22.324,1.61505,1.6154,13.60,2.40
2008.01.10 17:50:22.842,1.61505,1.6154,13.60,2.40
2008.01.10 17:50:23.099,1.61515,1.6154,1.60,2.40
2008.01.10 17:50:23.343,1.61515,1.61545,3.40,11.90
2008.01.10 17:50:23.768,1.61515,1.61535,1.10,0.80
2008.01.10 17:50:24.012,1.615,1.61535,15.20,8.70
2008.01.10 17:50:24.254,1.615,1.61535,14.40,7.90
2008.01.10 17:50:24.666,1.6151,1.61535,0.80,3.20
2008.01.10 17:50:24.908,1.6151,1.6154,0.80,3.20
2008.01.10 17:50:25.150,1.61515,1.6154,0.60,0.80
2008.01.10 17:50:25.540,1.6151,1.61545,14.40,11.90
2008.01.10 17:50:25.759,1.6151,1.61545,4.80,11.20
2008.01.10 17:50:25.979,1.61515,1.61545,2.20,11.20
2008.01.10 17:50:26.382,1.6151,1.61545,9.60,11.20
2008.01.10 17:50:26.844,1.6151,1.6154,9.60,1.60
2008.01.10 17:50:27.119,1.61515,1.61545,1.80,11.20
2008.01.10 17:50:27.505,1.61515,1.61545,1.40,11.20
2008.01.10 17:50:27.907,1.6151,1.61545,4.00,11.20
2008.01.10 17:50:28.162,1.61515,1.61545,1.00,11.20
2008.01.10 17:50:28.416,1.61515,1.61545,12.80,11.90
2008.01.10 17:50:28.943,1.61515,1.61545,12.80,11.90
2008.01.10 17:50:29.388,1.61515,1.61545,4.50,11.90
2008.01.10 17:50:29.851,1.6151,1.61545,13.60,11.90
2008.01.10 17:50:30.817,1.6151,1.61545,13.60,11.90
2008.01.10 17:50:31.209,1.61505,1.6153,28.00,0.80
2008.01.10 17:50:31.598,1.61515,1.6153,0.80,0.80
2008.01.10 17:50:31.931,1.615,1.61525,0.80,4.80
2008.01.10 17:50:32.265,1.61495,1.6152,3.90,0.80
2008.01.10 17:50:32.689,1.61495,1.6152,2.00,0.80
2008.01.10 17:50:33.069,1.6149,1.61525,11.20,12.70
2008.01.10 17:50:33.260,1.61495,1.61525,2.10,12.70
2008.01.10 17:50:33.577,1.61495,1.61525,2.50,12.70
2008.01.10 17:50:33.958,1.61495,1.6152,3.30,0.80
2008.01.10 17:50:34.428,1.61495,1.61525,2.60,7.20
2008.01.10 17:50:34.893,1.615,1.61525,3.20,2.40
2008.01.10 17:50:35.132,1.615,1.61535,3.20,5.60
2008.01.10 17:50:35.371,1.61515,1.61535,2.90,4.80
2008.01.10 17:50:35.785,1.61515,1.61545,0.80,10.40
2008.01.10 17:50:36.200,1.6151,1.61545,8.80,11.20
2008.01.10 17:50:36.411,1.61515,1.61545,1.20,11.20
2008.01.10 17:50:36.630,1.61515,1.61545,1.50,11.20
2008.01.10 17:50:37.104,1.61505,1.6152,2.10,0.80
2008.01.10 17:50:37.557,1.6149,1.61515,8.00,4.00
2008.01.10 17:50:37.825,1.61485,1.61515,17.60,4.80
2008.01.10 17:50:38.078,1.6148,1.61515,15.20,4.80
2008.01.10 17:50:38.489,1.61485,1.61515,4.70,8.80
2008.01.10 17:50:38.743,1.6148,1.6151,10.40,0.80
2008.01.10 17:50:38.982,1.6148,1.6151,3.20,1.60
2008.01.10 17:50:39.402,1.6149,1.6151,2.40,0.80
2008.01.10 17:50:39.642,1.6149,1.61525,11.20,14.40
2008.01.10 17:50:39.882,1.6149,1.61525,11.20,6.40
2008.01.10 17:50:40.301,1.61495,1.61525,12.80,3.20
2008.01.10 17:50:40.535,1.615,1.61525,7.20,3.20
2008.01.10 17:50:40.899,1.615,1.61525,7.20,3.20
2008.01.10 17:50:41.169,1.61495,1.6152,19.20,0.80
2008.01.10 17:50:41.574,1.61495,1.6152,6.50,3.20
2008.01.10 17:50:41.965,1.6149,1.6152,16.10,3.20
2008.01.10 17:50:42.481,1.61495,1.61505,2.80,3.20
2008.01.10 17:50:42.995,1.6149,1.61505,5.70,3.20
2008.01.10 17:50:43.383,1.6148,1.61495,1.70,0.80
2008.01.10 17:50:43.402,1.61485,1.61495,1.10,7.20
2008.01.10 17:50:43.796,1.61485,1.61495,1.00,11.20
2008.01.10 17:50:44.251,1.6146,1.61495,4.00,11.20
2008.01.10 17:50:44.510,1.61465,1.61495,0.70,8.80
2008.01.10 17:50:44.769,1.61465,1.61495,1.20,4.00
2008.01.10 17:50:45.178,1.6146,1.61495,1.60,4.80
2008.01.10 17:50:45.645,1.61465,1.61495,0.50,4.80
2008.01.10 17:50:45.726,1.6146,1.61495,6.40,0.80
2008.01.10 17:50:46.148,1.61465,1.61495,0.70,0.80
2008.01.10 17:50:46.549,1.61455,1.61495,6.70,7.20
2008.01.10 17:50:46.953,1.61455,1.61485,0.90,0.80
2008.01.10 17:50:47.400,1.61445,1.61485,17.80,10.40
2008.01.10 17:50:47.470,1.61455,1.61485,0.10,4.00
2008.01.10 17:50:47.877,1.61445,1.61465,1.70,2.40
2008.01.10 17:50:48.330,1.6144,1.61465,0.10,10.40
2008.01.10 17:50:48.573,1.6143,1.61465,16.20,6.40
2008.01.10 17:50:48.817,1.6143,1.61465,17.80,6.40
2008.01.10 17:50:49.224,1.61435,1.61465,14.40,5.60
2008.01.10 17:50:49.452,1.6144,1.61465,0.80,4.00
2008.01.10 17:50:49.690,1.6144,1.61465,0.80,4.00
2008.01.10 17:50:49.919,1.61435,1.61465,17.60,4.00
2008.01.10 17:50:50.147,1.61435,1.61465,19.40,4.00
2008.01.10 17:50:50.562,1.61445,1.61465,6.30,4.00
2008.01.10 17:50:50.825,1.61445,1.6148,7.90,3.20
2008.01.10 17:50:51.243,1.61455,1.6148,1.00,3.20
2008.01.10 17:50:51.656,1.61455,1.6148,1.50,2.40
2008.01.10 17:50:51.931,1.61455,1.61485,3.90,8.00
2008.01.10 17:50:52.159,1.6145,1.61485,16.00,8.00
2008.01.10 17:50:52.388,1.61455,1.61485,5.30,6.40
2008.01.10 17:50:52.807,1.61455,1.61485,16.00,5.60
2008.01.10 17:50:53.080,1.6146,1.61485,14.40,4.00
2008.01.10 17:50:53.353,1.61465,1.61495,5.80,7.20
2008.01.10 17:50:53.777,1.61465,1.61495,13.70,4.00
2008.01.10 17:50:54.211,1.6147,1.61495,0.10,4.00
2008.01.10 17:50:54.443,1.61465,1.615,15.30,0.80
2008.01.10 17:50:54.678,1.61465,1.61495,16.00,4.80
2008.01.10 17:50:55.105,1.61475,1.61495,1.10,4.80
2008.01.10 17:50:55.362,1.61475,1.615,2.90,0.80
2008.01.10 17:50:55.620,1.6147,1.615,6.40,0.80
2008.01.10 17:50:56.112,1.6147,1.615,6.40,0.80
2008.01.10 17:50:56.473,1.6146,1.615,3.20,3.20
2008.01.10 17:50:56.889,1.61465,1.615,3.20,2.40
2008.01.10 17:50:57.112,1.6147,1.61505,2.40,23.30
2008.01.10 17:50:57.335,1.61455,1.61485,21.10,8.00
2008.01.10 17:50:57.806,1.61475,1.61485,3.10,4.00
2008.01.10 17:50:58.088,1.61465,1.61495,8.80,0.80
2008.01.10 17:50:58.371,1.6146,1.61495,11.20,11.20
2008.01.10 17:50:58.704,1.6146,1.61495,11.20,15.10
2008.01.10 17:50:58.902,1.61465,1.61485,4.40,1.60
2008.01.10 17:50:59.134,1.6146,1.61485,11.20,1.60
2008.01.10 17:50:59.338,1.61465,1.61495,4.50,17.20
2008.01.10 17:50:59.653,1.61465,1.61485,4.30,4.00
2008.01.10 17:51:00.145,1.6145,1.61485,15.20,12.00
2008.01.10 17:51:00.736,1.6145,1.61485,15.20,12.00
2008.01.10 17:51:01.058,1.61455,1.61485,14.40,12.00
2008.01.10 17:51:01.474,1.6146,1.61485,8.80,7.20
2008.01.10 17:51:01.933,1.6146,1.6149,9.60,0.80
2008.01.10 17:51:02.399,1.61465,1.61495,9.60,8.10
2008.01.10 17:51:02.670,1.6148,1.61495,0.80,4.00
2008.01.10 17:51:02.937,1.6148,1.61505,0.80,10.40
2008.01.10 17:51:03.396,1.6148,1.61505,2.40,5.60
2008.01.10 17:51:03.664,1.6149,1.61515,0.80,18.60
2008.01.10 17:51:03.879,1.61495,1.61515,1.60,8.00
2008.01.10 17:51:04.292,1.6149,1.61515,4.80,1.60
2008.01.10 17:51:04.705,1.61495,1.6152,1.50,0.80
2008.01.10 17:51:04.726,1.6149,1.61525,4.00,23.10
2008.01.10 17:51:05.158,1.61495,1.61515,0.50,4.00
2008.01.10 17:51:05.591,1.61495,1.61515,0.10,4.00
2008.01.10 17:51:05.646,1.6148,1.61515,11.20,4.80
2008.01.10 17:51:06.074,1.615,1.61515,8.00,4.00
2008.01.10 17:51:06.499,1.61515,1.61535,0.60,6.40
2008.01.10 17:51:06.925,1.61515,1.61525,0.10,0.80
2008.01.10 17:51:07.158,1.61505,1.61525,0.60,9.30
2008.01.10 17:51:07.600,1.61495,1.61525,12.80,9.30
2008.01.10 17:51:07.835,1.615,1.61525,3.20,10.40
2008.01.10 17:51:08.264,1.61495,1.61525,13.60,6.10
2008.01.10 17:51:08.706,1.6149,1.61525,14.40,12.00
2008.01.10 17:51:08.954,1.61505,1.61525,1.00,4.80
2008.01.10 17:51:09.202,1.61515,1.61525,0.80,4.80
2008.01.10 17:51:09.598,1.615,1.61535,13.20,12.80
2008.01.10 17:51:09.831,1.61515,1.61535,8.70,3.20
2008.01.10 17:51:10.065,1.61525,1.61535,4.10,0.80
2008.01.10 17:51:10.484,1.61535,1.61545,0.70,1.60
2008.01.10 17:51:10.918,1.6153,1.61545,11.20,1.60
2008.01.10 17:51:11.172,1.6155,1.61565,0.80,1.60
2008.01.10 17:51:11.426,1.61545,1.61565,4.00,1.60
2008.01.10 17:51:11.789,1.6155,1.61575,5.60,4.80
2008.01.10 17:51:12.182,1.6155,1.61575,5.60,4.80
2008.01.10 17:51:12.376,1.61555,1.61585,3.90,20.00
2008.01.10 17:51:12.773,1.6155,1.61585,10.40,20.00
2008.01.10 17:51:13.088,1.6155,1.61585,10.40,20.10
2008.01.10 17:51:13.567,1.6155,1.61575,4.80,3.20
2008.01.10 17:51:14.035,1.61555,1.61575,1.90,3.20
2008.01.10 17:51:14.477,1.6155,1.61575,6.40,3.20
2008.01.10 17:51:14.711,1.6155,1.6158,5.60,0.80
2008.01.10 17:51:14.975,1.61555,1.6158,1.10,1.60
2008.01.10 17:51:15.430,1.61555,1.6157,1.20,0.80
2008.01.10 17:51:15.694,1.61545,1.61575,2.30,9.60
2008.01.10 17:51:15.957,1.6154,1.6157,8.00,1.60
2008.01.10 17:51:16.330,1.61545,1.61565,4.00,5.60
2008.01.10 17:51:16.755,1.61545,1.61565,4.00,5.60
2008.01.10 17:51:17.134,1.61545,1.61565,4.00,5.60
2008.01.10 17:51:17.627,1.61545,1.6157,7.20,0.80
2008.01.10 17:51:17.932,1.61555,1.61575,4.80,3.20
2008.01.10 17:51:18.152,1.61555,1.61575,4.80,3.20
2008.01.10 17:51:18.545,1.61545,1.61575,12.00,3.20
2008.01.10 17:51:18.629,1.61545,1.61575,12.00,3.20
2008.01.10 17:51:19.560,1.61545,1.61575,12.00,3.20
2008.01.10 17:51:19.930,1.61545,1.61565,8.00,4.00
2008.01.10 17:51:20.201,1.61545,1.61565,1.60,12.80
2008.01.10 17:51:20.445,1.61535,1.61565,17.60,14.40
2008.01.10 17:51:20.877,1.61535,1.61565,10.40,12.10
2008.01.10 17:51:21.123,1.61535,1.61565,6.40,17.90
2008.01.10 17:51:21.334,1.61535,1.6156,0.10,0.80
2008.01.10 17:51:21.733,1.61535,1.6156,0.10,0.80
2008.01.10 17:51:21.943,1.61535,1.61565,2.40,14.40
2008.01.10 17:51:22.152,1.61545,1.61565,0.80,12.80
2008.01.10 17:51:22.430,1.61555,1.61575,4.80,14.50
2008.01.10 17:51:22.708,1.61555,1.61565,4.80,1.70
2008.01.10 17:51:23.127,1.61545,1.61565,4.00,8.90
2008.01.10 17:51:23.597,1.61545,1.61565,4.00,12.10
2008.01.10 17:51:23.836,1.6154,1.61565,0.80,9.60
2008.01.10 17:51:24.076,1.6154,1.61565,0.80,5.60
2008.01.10 17:51:24.481,1.61545,1.61565,4.00,0.80
2008.01.10 17:51:24.891,1.61545,1.61565,3.20,0.80
2008.01.10 17:51:24.929,1.61545,1.61565,3.20,8.00
2008.01.10 17:51:25.336,1.61535,1.61545,4.80,0.60
2008.01.10 17:51:25.766,1.61535,1.61545,1.60,0.60
2008.01.10 17:51:26.010,1.61525,1.61545,3.20,9.40
2008.01.10 17:51:26.298,1.61525,1.61545,3.20,9.40
2008.01.10 17:51:26.675,1.61525,1.61545,3.20,8.80
2008.01.10 17:51:27.150,1.61525,1.61545,4.00,8.00
2008.01.10 17:51:27.426,1.61525,1.61555,8.80,18.20
2008.01.10 17:51:27.699,1.61535,1.61555,0.10,9.40
2008.01.10 17:51:28.095,1.61535,1.61555,0.10,9.40
2008.01.10 17:51:28.496,1.61525,1.61555,10.40,9.40
2008.01.10 17:51:28.694,1.61525,1.61555,8.80,12.60
2008.01.10 17:51:28.983,1.61525,1.61555,10.40,14.20
2008.01.10 17:51:29.447,1.61525,1.6155,3.20,0.80
2008.01.10 17:51:30.158,1.61525,1.61555,4.00,15.80
2008.01.10 17:51:30.421,1.61525,1.61555,11.20,14.20
2008.01.10 17:51:30.670,1.61525,1.61555,11.20,10.20
2008.01.10 17:51:31.034,1.61525,1.61555,11.20,10.20
2008.01.10 17:51:31.443,1.61525,1.61555,15.20,10.20
2008.01.10 17:51:31.613,1.61535,1.61555,3.20,11.00
2008.01.10 17:51:31.882,1.61525,1.61555,12.00,11.00
2008.01.10 17:51:32.335,1.61525,1.61555,12.80,10.20
2008.01.10 17:51:32.598,1.61525,1.61555,16.00,9.60
2008.01.10 17:51:32.863,1.61535,1.61555,8.00,3.20
2008.01.10 17:51:33.599,1.61535,1.61555,8.00,3.20
2008.01.10 17:51:33.873,1.61535,1.61565,8.00,13.40
2008.01.10 17:51:34.380,1.61535,1.61565,8.00,13.40
2008.01.10 17:51:34.755,1.61535,1.61565,11.20,15.00
2008.01.10 17:51:34.969,1.61535,1.61565,11.20,18.30
2008.01.10 17:51:35.224,1.6154,1.61565,0.80,18.10
2008.01.10 17:51:35.627,1.6154,1.61565,0.80,8.00
2008.01.10 17:51:36.070,1.61535,1.61555,12.00,0.10
2008.01.10 17:51:36.492,1.61535,1.61565,12.00,16.70
2008.01.10 17:51:36.529,1.61535,1.61565,11.20,5.60
2008.01.10 17:51:36.941,1.61545,1.61565,0.10,5.60
2008.01.10 17:51:37.361,1.61545,1.6156,0.10,0.80
2008.01.10 17:51:37.835,1.6154,1.61565,0.80,14.40
2008.01.10 17:51:38.312,1.61545,1.61565,0.10,5.60
2008.01.10 17:51:38.411,1.61545,1.61575,6.40,24.00
2008.01.10 17:51:38.713,1.61545,1.61575,9.60,12.80
2008.01.10 17:51:39.085,1.61545,1.61575,10.40,8.80
2008.01.10 17:51:39.264,1.61565,1.61575,3.20,0.80
2008.01.10 17:51:39.492,1.61565,1.61585,3.20,18.40
2008.01.10 17:51:39.967,1.61565,1.61585,3.20,12.80
2008.01.10 17:51:40.450,1.61565,1.61585,4.80,10.40
2008.01.10 17:51:40.908,1.61565,1.6159,8.80,0.80
2008.01.10 17:51:41.144,1.61565,1.61595,11.20,15.20
2008.01.10 17:51:41.382,1.61565,1.61585,5.60,5.60
2008.01.10 17:51:42.227,1.61565,1.61585,5.60,5.60
2008.01.10 17:51:42.676,1.61565,1.61585,3.20,6.40
2008.01.10 17:51:42.869,1.61565,1.61585,0.10,8.00
2008.01.10 17:51:43.085,1.61565,1.61585,0.10,9.60
2008.01.10 17:51:43.471,1.61555,1.61585,12.80,11.20
2008.01.10 17:51:43.852,1.61555,1.61585,11.20,14.40
2008.01.10 17:51:44.116,1.61555,1.61575,8.80,2.40
2008.01.10 17:51:44.329,1.61555,1.61575,4.10,2.40
2008.01.10 17:51:44.381,1.61555,1.61575,0.10,12.00
2008.01.10 17:51:44.802,1.6155,1.61575,5.60,2.40
2008.01.10 17:51:45.255,1.6155,1.61575,4.90,0.80
2008.01.10 17:51:45.688,1.61555,1.61575,0.10,6.40
2008.01.10 17:51:46.137,1.6155,1.61585,9.60,20.00
2008.01.10 17:51:48.235,1.61555,1.61585,11.00,9.60
2008.01.10 17:51:48.478,1.61565,1.61585,1.90,10.40
2008.01.10 17:51:48.762,1.61555,1.61585,13.50,10.40
2008.01.10 17:51:48.826,1.6155,1.61575,5.60,0.80
2008.01.10 17:51:49.091,1.61555,1.61575,0.70,0.80
2008.01.10 17:51:49.324,1.61545,1.61575,19.10,8.80
2008.01.10 17:51:50.366,1.61555,1.61575,1.10,9.60
2008.01.10 17:51:50.764,1.61555,1.61575,0.60,9.60
2008.01.10 17:51:50.970,1.6154,1.61575,8.80,8.80
2008.01.10 17:51:51.196,1.61545,1.61575,1.40,8.80
2008.01.10 17:51:51.584,1.61545,1.61575,15.90,7.20
2008.01.10 17:51:52.095,1.61555,1.61585,4.40,20.00
2008.01.10 17:51:52.412,1.61555,1.61585,14.50,10.40
2008.01.10 17:51:52.674,1.61555,1.61585,14.50,10.40
2008.01.10 17:51:53.014,1.61555,1.61585,19.00,5.60
2008.01.10 17:51:54.068,1.61555,1.61585,19.00,5.60
2008.01.10 17:51:54.379,1.6156,1.61585,4.00,5.60
2008.01.10 17:51:54.812,1.61565,1.6159,2.80,1.60
2008.01.10 17:51:55.209,1.61555,1.61585,2.60,8.80
2008.01.10 17:51:55.423,1.61555,1.61585,19.20,0.80
2008.01.10 17:51:55.639,1.61555,1.6159,25.80,0.80
2008.01.10 17:51:56.054,1.61555,1.6159,25.80,0.80
2008.01.10 17:51:56.276,1.61565,1.61585,0.90,0.80
2008.01.10 17:51:56.504,1.61565,1.61585,0.80,8.00
2008.01.10 17:51:56.905,1.61565,1.6159,3.20,1.60
2008.01.10 17:51:57.380,1.6157,1.61595,0.80,13.50
2008.01.10 17:51:57.664,1.6157,1.61585,1.70,5.60
2008.01.10 17:51:57.947,1.61555,1.6159,9.90,0.80
2008.01.10 17:51:58.260,1.61555,1.6159,9.10,0.80
2008.01.10 17:51:58.628,1.61555,1.6159,9.10,0.80
2008.01.10 17:51:59.029,1.61565,1.6159,0.10,0.80
2008.01.10 17:51:59.499,1.61565,1.6159,0.10,0.80
2008.01.10 17:51:59.978,1.61565,1.61595,2.30,9.60
2008.01.10 17:52:00.448,1.61575,1.6159,0.10,0.80
2008.01.10 17:52:00.737,1.6157,1.61595,2.40,4.00
2008.01.10 17:52:01.053,1.6157,1.61595,2.40,4.00
2008.01.10 17:52:01.437,1.61565,1.6159,0.50,0.80
2008.01.10 17:52:01.801,1.61565,1.6159,3.10,0.80
2008.01.10 17:52:01.970,1.61555,1.616,17.40,1.60
2008.01.10 17:52:02.191,1.61565,1.61595,0.60,0.80
2008.01.10 17:52:02.544,1.61565,1.61595,0.80,3.20
2008.01.10 17:52:03.050,1.6156,1.61595,5.60,10.40
2008.01.10 17:52:03.364,1.6156,1.61595,5.60,12.80
2008.01.10 17:52:03.678,1.61555,1.61585,19.20,3.20
2008.01.10 17:52:03.983,1.61555,1.61585,7.30,11.20
2008.01.10 17:52:04.372,1.61565,1.61585,1.40,8.00
2008.01.10 17:52:04.763,1.6156,1.61585,4.00,5.60
2008.01.10 17:52:05.218,1.61565,1.61585,1.40,5.60
2008.01.10 17:52:05.289,1.6156,1.61585,1.60,5.60
2008.01.10 17:52:05.688,1.61555,1.6159,20.00,0.80
2008.01.10 17:52:06.138,1.61575,1.6159,0.10,0.80
2008.01.10 17:52:06.582,1.61575,1.61595,0.10,9.60
2008.01.10 17:52:06.654,1.61565,1.61585,8.10,3.20
2008.01.10 17:52:07.029,1.61565,1.61585,2.80,8.80
2008.01.10 17:52:07.457,1.61555,1.61585,17.70,8.80
2008.01.10 17:52:07.679,1.61555,1.61585,15.90,8.00
2008.01.10 17:52:07.938,1.61555,1.61595,16.80,11.20
2008.01.10 17:52:08.382,1.6156,1.61595,3.20,7.20
2008.01.10 17:52:08.642,1.61565,1.61595,2.50,4.80
2008.01.10 17:52:08.900,1.6157,1.61595,0.10,1.60
2008.01.10 17:52:09.266,1.61565,1.61595,8.80,1.60
2008.01.10 17:52:09.686,1.61565,1.61595,8.80,1.60
2008.01.10 17:52:10.104,1.61565,1.61585,4.10,5.60
2008.01.10 17:52:10.199,1.61555,1.6158,35.40,0.80
2008.01.10 17:52:10.609,1.61555,1.61585,39.40,7.20
2008.01.10 17:52:10.619,1.61555,1.61585,28.20,18.30
2008.01.10 17:52:11.105,1.61555,1.6158,12.00,7.20
2008.01.10 17:52:11.509,1.61555,1.61575,0.60,0.70
2008.01.10 17:52:11.658,1.61555,1.61575,3.20,0.70
2008.01.10 17:52:11.939,1.61555,1.61575,3.20,0.80
2008.01.10 17:52:12.375,1.61555,1.6158,6.60,0.80
2008.01.10 17:52:12.624,1.61555,1.61585,7.40,0.90
2008.01.10 17:52:13.276,1.61555,1.6159,7.40,14.40
2008.01.10 17:52:13.509,1.61565,1.6159,1.70,11.20
2008.01.10 17:52:13.742,1.61565,1.6159,1.70,11.20
2008.01.10 17:52:14.145,1.61555,1.61585,6.40,0.60
2008.01.10 17:52:14.543,1.61555,1.6159,6.40,16.70
2008.01.10 17:52:14.753,1.61555,1.61585,9.80,0.90
2008.01.10 17:52:14.970,1.61555,1.6159,9.80,11.20
2008.01.10 17:52:15.363,1.61565,1.6159,3.20,8.80
2008.01.10 17:52:15.488,1.61565,1.61595,3.20,27.90
2008.01.10 17:52:15.886,1.61565,1.616,5.60,18.40
2008.01.10 17:52:16.383,1.61565,1.616,5.60,16.00
2008.01.10 17:52:16.805,1.61565,1.616,5.60,16.00
2008.01.10 17:52:17.024,1.61565,1.6159,3.20,0.80
2008.01.10 17:52:17.248,1.61565,1.6159,3.20,0.60
2008.01.10 17:52:17.676,1.61565,1.61595,4.00,17.50
2008.01.10 17:52:17.918,1.61565,1.616,5.60,12.80
2008.01.10 17:52:18.212,1.61565,1.61595,2.40,0.70
2008.01.10 17:52:18.567,1.61565,1.61595,0.10,15.20
2008.01.10 17:52:19.044,1.61565,1.61595,1.60,17.50
2008.01.10 17:52:19.307,1.6157,1.616,0.80,0.90
2008.01.10 17:52:19.609,1.6157,1.61605,0.80,30.30
2008.01.10 17:52:19.939,1.61565,1.616,2.40,4.00
2008.01.10 17:52:20.330,1.61565,1.61595,1.60,3.20
2008.01.10 17:52:20.539,1.61565,1.61595,0.10,19.10
2008.01.10 17:52:21.075,1.61565,1.61595,0.10,19.10
2008.01.10 17:52:21.388,1.61565,1.61595,0.10,19.10
2008.01.10 17:52:21.810,1.61555,1.6159,11.20,4.00
2008.01.10 17:52:22.255,1.61555,1.6159,11.20,4.00
2008.01.10 17:52:22.487,1.61555,1.61585,11.20,0.80
2008.01.10 17:52:22.720,1.61555,1.6158,9.60,0.80
2008.01.10 17:52:23.126,1.61555,1.61585,5.60,20.00
2008.01.10 17:52:23.352,1.61555,1.6158,0.10,0.80
2008.01.10 17:52:23.605,1.61555,1.6159,0.10,19.90
2008.01.10 17:52:24.000,1.61555,1.61585,4.80,0.90
2008.01.10 17:52:24.446,1.61555,1.6158,4.80,0.80
2008.01.10 17:52:24.507,1.61555,1.6158,0.10,0.80
2008.01.10 17:52:24.921,1.61555,1.61585,6.60,0.80
2008.01.10 17:52:25.336,1.61555,1.6159,8.00,15.20
2008.01.10 17:52:25.763,1.61555,1.6159,5.60,14.40
2008.01.10 17:52:25.985,1.61565,1.6159,0.10,8.80
2008.01.10 17:52:26.296,1.61565,1.6159,0.10,11.20
2008.01.10 17:52:29.062,1.61555,1.61585,8.80,12.00
2008.01.10 17:52:29.257,1.61555,1.6158,3.20,2.40
2008.01.10 17:52:29.543,1.61555,1.61575,3.20,0.50
2008.01.10 17:52:29.736,1.61555,1.61575,3.20,0.50
2008.01.10 17:52:30.018,1.61555,1.6158,3.20,3.20
2008.01.10 17:52:30.356,1.61555,1.6159,9.60,2.40
2008.01.10 17:52:30.671,1.61555,1.61585,9.60,0.90
2008.01.10 17:52:30.969,1.61555,1.6159,8.00,2.40
2008.01.10 17:52:31.465,1.61555,1.61585,8.00,0.60
2008.01.10 17:52:31.666,1.61555,1.61585,10.40,0.60
2008.01.10 17:52:31.876,1.61555,1.6159,10.40,12.80
2008.01.10 17:52:32.291,1.61555,1.61585,10.40,0.60
2008.01.10 17:52:33.629,1.61555,1.61585,10.40,0.90
2008.01.10 17:52:33.958,1.61555,1.6159,10.40,19.90
2008.01.10 17:52:34.283,1.61555,1.6159,10.40,19.90
2008.01.10 17:52:34.771,1.61555,1.61585,7.20,18.40
2008.01.10 17:52:35.242,1.61555,1.61575,7.20,0.50
2008.01.10 17:52:35.784,1.61555,1.61585,7.20,18.40
2008.01.10 17:52:36.017,1.61555,1.61585,7.20,0.60
2008.01.10 17:52:36.251,1.61565,1.61585,3.20,0.80
2008.01.10 17:52:38.697,1.61565,1.6158,3.20,0.80
2008.01.10 17:52:38.959,1.61555,1.61575,7.20,0.60
2008.01.10 17:52:39.259,1.61555,1.6158,7.20,4.80
2008.01.10 17:52:39.527,1.61555,1.6158,2.40,11.20
2008.01.10 17:52:39.824,1.6155,1.6158,0.10,12.80
2008.01.10 17:52:40.348,1.61545,1.61575,13.60,11.20
2008.01.10 17:52:40.882,1.6155,1.61575,0.80,12.00
2008.01.10 17:52:41.018,1.61555,1.6158,6.40,1.60
2008.01.10 17:52:41.307,1.61555,1.6158,16.00,0.80
2008.01.10 17:52:41.707,1.61555,1.61585,16.00,8.80
2008.01.10 17:52:42.102,1.61555,1.61585,16.00,8.80
2008.01.10 17:52:42.421,1.61555,1.61585,14.40,2.40
2008.01.10 17:52:42.740,1.61555,1.61585,14.40,4.80
2008.01.10 17:52:43.176,1.61555,1.61585,14.40,4.80
2008.01.10 17:52:43.644,1.61555,1.61585,13.60,5.60
2008.01.10 17:52:43.959,1.61555,1.61585,12.00,11.20
2008.01.10 17:52:44.406,1.61555,1.61585,10.40,17.50
2008.01.10 17:52:44.590,1.61555,1.61585,10.40,19.10
2008.01.10 17:52:44.927,1.61555,1.61585,8.00,19.10
2008.01.10 17:52:45.186,1.61555,1.6158,8.00,0.80
2008.01.10 17:52:45.445,1.61555,1.6158,3.20,2.40
2008.01.10 17:52:45.876,1.61555,1.6158,3.20,2.40
2008.01.10 17:52:46.133,1.61555,1.6158,3.20,2.40
2008.01.10 17:52:46.355,1.61555,1.61585,8.00,25.80
2008.01.10 17:52:46.925,1.61555,1.61585,8.00,25.80
2008.01.10 17:52:47.203,1.61555,1.6158,8.00,0.80
2008.01.10 17:52:47.682,1.61555,1.6158,3.20,2.40
2008.01.10 17:52:47.787,1.61555,1.6158,3.20,2.40
2008.01.10 17:52:48.178,1.61545,1.6158,11.20,2.40
2008.01.10 17:52:48.651,1.61545,1.6158,11.20,2.40
2008.01.10 17:52:49.229,1.61545,1.6158,11.20,2.40
2008.01.10 17:52:49.565,1.61545,1.6158,14.40,2.40
2008.01.10 17:52:50.024,1.61545,1.6158,14.40,2.40
2008.01.10 17:52:50.398,1.61545,1.61575,9.60,6.40
2008.01.10 17:52:50.831,1.61545,1.61575,9.60,8.80
2008.01.10 17:52:51.082,1.61545,1.61575,8.00,12.80
2008.01.10 17:52:51.331,1.61545,1.61555,0.20,3.20
2008.01.10 17:52:51.739,1.61545,1.61555,0.20,3.20
2008.01.10 17:52:52.043,1.61545,1.61555,0.10,8.00
2008.01.10 17:52:52.348,1.61535,1.6155,3.20,0.80
2008.01.10 17:52:52.756,1.61535,1.61545,3.20,5.60
2008.01.10 17:52:52.968,1.61535,1.6155,3.20,0.80
2008.01.10 17:52:53.195,1.61535,1.6155,3.20,0.80
2008.01.10 17:52:53.598,1.61535,1.6155,8.00,0.80
2008.01.10 17:52:53.851,1.61535,1.61565,8.00,17.60
2008.01.10 17:52:54.106,1.61535,1.61565,8.00,15.20
2008.01.10 17:52:54.516,1.61535,1.61565,8.80,12.00
2008.01.10 17:52:54.771,1.61535,1.61565,8.80,10.40
2008.01.10 17:52:55.020,1.61535,1.61565,12.80,8.80
2008.01.10 17:52:55.452,1.61545,1.61565,0.80,0.80
2008.01.10 17:52:55.695,1.6155,1.61575,0.80,15.40
2008.01.10 17:52:55.937,1.6155,1.61575,0.80,5.60
2008.01.10 17:52:56.374,1.6155,1.61575,0.10,8.80
2008.01.10 17:52:56.632,1.61545,1.61575,4.00,16.00
2008.01.10 17:52:58.544,1.61545,1.61575,4.00,16.00
2008.01.10 17:52:58.859,1.61545,1.61565,4.00,1.60
2008.01.10 17:52:59.058,1.61545,1.61565,4.00,4.00
2008.01.10 17:52:59.301,1.61545,1.61565,0.10,8.80
2008.01.10 17:52:59.738,1.6154,1.61565,0.80,7.20
2008.01.10 17:52:59.788,1.6154,1.61565,0.80,10.40
2008.01.10 17:53:00.197,1.61535,1.61555,4.00,12.00
2008.01.10 17:53:00.613,1.6153,1.61545,0.10,3.20
2008.01.10 17:53:01.040,1.61525,1.61545,0.10,6.40
2008.01.10 17:53:01.468,1.6152,1.61535,0.10,3.20
2008.01.10 17:53:01.553,1.61515,1.61535,6.40,3.20
2008.01.10 17:53:01.918,1.61515,1.61535,6.40,3.20
2008.01.10 17:53:02.341,1.61515,1.61545,8.00,12.80
2008.01.10 17:53:02.640,1.61515,1.6154,8.80,0.80
2008.01.10 17:53:02.940,1.61515,1.6154,5.60,1.60
2008.01.10 17:53:03.354,1.61515,1.61545,12.00,12.00
2008.01.10 17:53:03.755,1.61515,1.61545,12.00,12.00
2008.01.10 17:53:05.193,1.61515,1.61545,12.00,12.00
2008.01.10 17:53:05.682,1.61515,1.61545,12.00,12.00
2008.01.10 17:53:06.116,1.61515,1.61545,12.00,12.00
2008.01.10 17:53:06.547,1.61525,1.61545,0.80,3.20
2008.01.10 17:53:08.168,1.6152,1.61545,1.60,3.20
2008.01.10 17:53:08.866,1.6152,1.61545,1.60,3.20
2008.01.10 17:53:08.907,1.61525,1.61555,1.50,9.60
2008.01.10 17:53:09.311,1.6152,1.61555,5.00,7.20
2008.01.10 17:53:09.550,1.6152,1.61555,3.20,8.80
2008.01.10 17:53:09.853,1.6152,1.61555,3.20,8.80
2008.01.10 17:53:10.243,1.6152,1.61555,4.20,10.40
2008.01.10 17:53:10.727,1.61525,1.61555,1.60,10.40
2008.01.10 17:53:11.412,1.6152,1.61555,3.40,10.40
2008.01.10 17:53:12.218,1.6152,1.61555,3.40,10.40
2008.01.10 17:53:12.463,1.6152,1.61545,0.80,6.40
2008.01.10 17:53:12.692,1.61515,1.61545,22.60,6.40
2008.01.10 17:53:12.921,1.61515,1.61545,22.60,9.60
2008.01.10 17:53:13.298,1.61515,1.61545,22.60,9.60
2008.01.10 17:53:13.655,1.61525,1.61545,0.80,8.80
2008.01.10 17:53:13.882,1.61525,1.6155,2.00,0.80
2008.01.10 17:53:14.103,1.6152,1.61555,6.60,10.40
2008.01.10 17:53:14.510,1.61525,1.61545,1.50,9.60
2008.01.10 17:53:14.923,1.61515,1.61545,15.40,9.60
2008.01.10 17:53:15.018,1.61525,1.61545,0.10,4.80
2008.01.10 17:53:15.620,1.61525,1.61545,0.10,4.80
2008.01.10 17:53:15.922,1.6152,1.61545,0.90,4.80
2008.01.10 17:53:16.318,1.6152,1.61545,0.90,3.20
2008.01.10 17:53:16.494,1.61525,1.61545,0.10,3.20
2008.01.10 17:53:16.756,1.6152,1.61545,1.60,3.20
2008.01.10 17:53:17.166,1.6152,1.61555,3.20,9.60
2008.01.10 17:53:17.703,1.6152,1.61555,3.20,9.60
2008.01.10 17:53:18.016,1.6152,1.61555,10.60,9.60
2008.01.10 17:53:18.238,1.61525,1.61555,14.60,8.00
2008.01.10 17:53:18.649,1.6153,1.6156,0.80,1.60
2008.01.10 17:53:21.144,1.61525,1.6156,18.60,1.60
2008.01.10 17:53:21.398,1.61535,1.61565,10.50,18.40
2008.01.10 17:53:21.651,1.6154,1.61565,0.80,14.40
2008.01.10 17:53:22.079,1.6154,1.6156,0.80,1.60
2008.01.10 17:53:22.521,1.61535,1.6156,6.50,1.60
2008.01.10 17:53:22.764,1.6153,1.61565,8.80,4.80
2008.01.10 17:53:23.008,1.6153,1.61565,7.20,4.80
2008.01.10 17:53:23.443,1.61535,1.61565,0.70,4.80
2008.01.10 17:53:23.661,1.6153,1.61565,4.80,5.60
2008.01.10 17:53:23.881,1.6153,1.61565,2.40,6.40
2008.01.10 17:53:24.103,1.6153,1.61565,2.40,8.00
2008.01.10 17:53:24.827,1.6153,1.61565,2.40,8.00
2008.01.10 17:53:24.906,1.61525,1.6156,2.80,3.20
2008.01.10 17:53:25.312,1.61525,1.61555,4.10,3.20
2008.01.10 17:53:25.775,1.6152,1.61555,17.00,3.20
2008.01.10 17:53:26.018,1.61535,1.61565,0.90,10.40
2008.01.10 17:53:26.261,1.6153,1.61565,9.60,2.40
2008.01.10 17:53:26.680,1.6153,1.61565,10.40,1.60
2008.01.10 17:53:27.085,1.6153,1.61565,12.00,1.60
2008.01.10 17:53:27.307,1.61535,1.6157,12.00,2.40
2008.01.10 17:53:27.962,1.6154,1.6157,0.80,0.80
2008.01.10 17:53:28.232,1.6154,1.6157,7.20,0.80
2008.01.10 17:53:28.505,1.6154,1.61575,9.60,20.00
2008.01.10 17:53:28.923,1.61545,1.61555,0.10,0.40
2008.01.10 17:53:29.333,1.6153,1.61555,17.00,0.40
2008.01.10 17:53:29.360,1.61535,1.61565,1.90,8.00
2008.01.10 17:53:29.767,1.6153,1.61565,11.20,10.40
2008.01.10 17:53:30.196,1.61535,1.61565,3.40,13.60
2008.01.10 17:53:30.704,1.6153,1.61565,11.20,13.60
2008.01.10 17:53:30.966,1.6154,1.61565,3.30,5.00
2008.01.10 17:53:31.625,1.61545,1.61565,1.10,5.00
2008.01.10 17:53:32.048,1.6154,1.61565,0.10,5.00
2008.01.10 17:53:32.281,1.61535,1.61565,3.30,8.20
2008.01.10 17:53:32.544,1.61545,1.61565,0.70,8.20
2008.01.10 17:53:32.992,1.61535,1.61565,9.60,8.20
2008.01.10 17:53:33.460,1.6154,1.61565,2.50,5.80
2008.01.10 17:53:34.094,1.61545,1.61565,1.10,5.80
2008.01.10 17:53:34.398,1.6154,1.61565,2.50,5.00
2008.01.10 17:53:34.968,1.6154,1.61565,2.50,5.00
2008.01.10 17:53:35.299,1.61545,1.61565,1.30,5.80
2008.01.10 17:53:35.727,1.6154,1.61565,4.80,0.30
2008.01.10 17:53:36.145,1.6154,1.61565,4.80,0.30
2008.01.10 17:53:36.557,1.61555,1.61575,6.90,4.00
2008.01.10 17:53:36.855,1.61565,1.61585,6.40,13.60
2008.01.10 17:53:37.154,1.61575,1.61585,0.80,8.00
2008.01.10 17:53:37.558,1.61575,1.61595,11.20,5.60
2008.01.10 17:53:37.931,1.61575,1.61595,11.20,1.60
2008.01.10 17:53:38.327,1.61575,1.61605,8.00,12.80
2008.01.10 17:53:38.712,1.61575,1.616,7.20,0.80
2008.01.10 17:53:39.195,1.61575,1.61595,3.20,3.20
2008.01.10 17:53:39.740,1.61575,1.61595,3.20,3.20
2008.01.10 17:53:40.193,1.61575,1.61595,4.80,3.20
2008.01.10 17:53:40.447,1.61575,1.61595,2.40,11.20
2008.01.10 17:53:40.700,1.61575,1.61595,1.60,13.80
2008.01.10 17:53:41.115,1.61565,1.61585,6.40,5.60
2008.01.10 17:53:41.516,1.61565,1.61585,5.60,5.60
2008.01.10 17:53:41.931,1.61565,1.61585,0.80,5.60
2008.01.10 17:53:42.388,1.6156,1.61585,0.10,11.20
2008.01.10 17:53:42.848,1.61555,1.61585,8.80,12.80
2008.01.10 17:53:43.118,1.61555,1.6158,8.00,0.80
2008.01.10 17:53:43.379,1.61565,1.6158,3.20,0.80
2008.01.10 17:53:43.788,1.61565,1.6158,3.20,0.80
2008.01.10 17:53:44.232,1.61565,1.61585,6.40,7.20
2008.01.10 17:53:44.616,1.61575,1.61585,3.20,1.60
2008.01.10 17:53:44.810,1.61575,1.61585,3.20,1.60
2008.01.10 17:53:45.008,1.61575,1.61585,3.20,1.60
2008.01.10 17:53:45.202,1.61575,1.61595,8.80,0.60
2008.01.10 17:53:45.505,1.61575,1.61595,5.60,0.60
2008.01.10 17:53:45.914,1.61575,1.61595,3.20,3.80
2008.01.10 17:53:46.444,1.61575,1.61595,3.20,3.80
2008.01.10 17:53:47.198,1.61575,1.61595,3.20,3.80
2008.01.10 17:53:47.639,1.61575,1.61595,3.20,3.80
2008.01.10 17:53:48.266,1.61575,1.61595,3.20,3.80
2008.01.10 17:53:48.711,1.61575,1.61595,3.20,3.20
2008.01.10 17:53:49.130,1.61575,1.61595,3.20,3.20
2008.01.10 17:53:49.335,1.61575,1.61595,8.00,3.80
2008.01.10 17:53:49.563,1.61585,1.61605,0.05,14.40
2008.01.10 17:53:49.974,1.61585,1.61605,0.05,12.80
2008.01.10 17:53:50.395,1.6158,1.61605,0.80,8.80
2008.01.10 17:53:50.432,1.6158,1.61605,0.80,6.40
2008.01.10 17:53:50.847,1.6158,1.61605,0.80,5.60
2008.01.10 17:53:51.280,1.61585,1.61605,0.80,5.60
2008.01.10 17:53:51.519,1.61585,1.61615,7.20,12.80
2008.01.10 17:53:51.787,1.61585,1.61605,0.80,3.20
2008.01.10 17:53:52.191,1.61585,1.61605,0.10,3.20
2008.01.10 17:53:52.461,1.6158,1.61605,0.80,3.20
2008.01.10 17:53:52.770,1.6158,1.61605,0.80,3.20
2008.01.10 17:53:53.224,1.6158,1.61605,0.80,3.20
2008.01.10 17:53:53.658,1.61585,1.61605,0.80,3.20
2008.01.10 17:53:54.061,1.61585,1.61605,0.80,3.20
2008.01.10 17:53:54.474,1.61585,1.61605,0.80,3.20
2008.01.10 17:53:54.687,1.61585,1.61605,0.80,3.20
2008.01.10 17:53:54.904,1.61575,1.61605,12.00,3.20
2008.01.10 17:53:55.378,1.61575,1.61605,8.00,10.40
2008.01.10 17:53:55.948,1.61575,1.61605,8.00,10.40
2008.01.10 17:53:56.366,1.61575,1.61605,8.00,13.60
2008.01.10 17:53:56.765,1.61575,1.61605,8.00,16.00
2008.01.10 17:53:57.718,1.61575,1.61605,8.00,16.00
2008.01.10 17:53:58.217,1.61575,1.61605,8.00,16.00
2008.01.10 17:53:58.632,1.6158,1.61605,0.80,16.00
2008.01.10 17:53:58.850,1.61585,1.61605,3.20,16.80
2008.01.10 17:53:59.071,1.61585,1.61605,3.20,16.00
2008.01.10 17:53:59.520,1.61585,1.61605,1.20,16.00
2008.01.10 17:53:59.776,1.61585,1.61605,1.60,16.00
2008.01.10 17:54:00.082,1.6158,1.61605,4.80,12.00
2008.01.10 17:54:00.461,1.6158,1.61605,4.80,3.20
2008.01.10 17:54:00.748,1.6158,1.61605,0.80,7.20
2008.01.10 17:54:01.033,1.6158,1.61605,0.80,8.00
2008.01.10 17:54:01.512,1.6157,1.61595,10.40,4.00
2008.01.10 17:54:01.736,1.6157,1.616,0.90,1.60
2008.01.10 17:54:01.960,1.6157,1.616,0.80,0.80
2008.01.10 17:54:02.362,1.6157,1.616,5.60,0.80
2008.01.10 17:54:03.080,1.6157,1.616,5.60,0.80
2008.01.10 17:54:03.329,1.6158,1.61595,0.80,7.20
2008.01.10 17:54:03.577,1.6158,1.61595,0.80,7.20
2008.01.10 17:54:03.923,1.6157,1.61595,0.90,7.20
2008.01.10 17:54:04.097,1.61565,1.61595,16.80,4.00
2008.01.10 17:54:04.335,1.6157,1.61595,0.80,3.20
2008.01.10 17:54:04.607,1.61565,1.61595,14.40,3.20
2008.01.10 17:54:04.869,1.6157,1.616,5.60,0.80
2008.01.10 17:54:05.323,1.6157,1.616,6.40,0.80
2008.01.10 17:54:05.786,1.61575,1.616,0.70,0.80
2008.01.10 17:54:06.028,1.6157,1.616,9.60,0.80
2008.01.10 17:54:06.719,1.61575,1.616,2.20,0.80
2008.01.10 17:54:07.236,1.6157,1.616,9.60,0.80
2008.01.10 17:54:07.662,1.6157,1.616,9.60,0.80
2008.01.10 17:54:08.054,1.6157,1.61595,9.60,3.20
2008.01.10 17:54:08.647,1.6157,1.61595,9.60,0.80
2008.01.10 17:54:08.747,1.6157,1.61595,5.70,5.60
2008.01.10 17:54:09.130,1.6156,1.61595,15.40,8.00
2008.01.10 17:54:09.633,1.6156,1.61595,15.40,8.00
2008.01.10 17:54:09.949,1.6157,1.61595,0.80,6.40
2008.01.10 17:54:10.239,1.6157,1.61595,12.00,4.00
2008.01.10 17:54:10.541,1.6157,1.616,12.00,0.80
2008.01.10 17:54:11.024,1.6157,1.616,12.00,0.80
2008.01.10 17:54:11.244,1.61575,1.616,3.10,0.80
2008.01.10 17:54:11.599,1.6157,1.616,12.00,0.80
2008.01.10 17:54:11.904,1.6157,1.616,12.00,0.80
2008.01.10 17:54:13.080,1.6157,1.616,12.00,0.80
2008.01.10 17:54:13.481,1.6157,1.616,12.00,0.80
2008.01.10 17:54:15.175,1.6157,1.616,11.20,1.60
2008.01.10 17:54:15.434,1.61575,1.61595,1.80,4.80
2008.01.10 17:54:16.125,1.6157,1.61595,4.00,4.80
2008.01.10 17:54:16.360,1.61575,1.61595,0.80,4.80
2008.01.10 17:54:16.750,1.6157,1.61595,9.60,0.80
2008.01.10 17:54:16.944,1.6157,1.61595,12.00,0.80
2008.01.10 17:54:17.187,1.6157,1.61595,12.00,0.80
2008.01.10 17:54:17.625,1.6158,1.61605,0.80,16.00
2008.01.10 17:54:18.086,1.6157,1.61605,12.00,15.20
2008.01.10 17:54:19.070,1.6157,1.61605,12.00,15.20
2008.01.10 17:54:19.320,1.61575,1.61605,3.10,15.20
2008.01.10 17:54:19.626,1.6157,1.61605,12.00,15.20
2008.01.10 17:54:20.015,1.6157,1.61605,12.80,15.20
2008.01.10 17:54:20.426,1.6158,1.61605,4.00,12.00
2008.01.10 17:54:20.659,1.6158,1.61605,4.00,9.60
2008.01.10 17:54:20.898,1.6158,1.61605,0.80,11.20
2008.01.10 17:54:21.318,1.6158,1.61605,0.10,12.00
2008.01.10 17:54:21.553,1.6157,1.61605,15.40,12.80
2008.01.10 17:54:21.785,1.61575,1.61605,19.40,10.40
2008.01.10 17:54:22.201,1.61575,1.61595,17.60,2.30
2008.01.10 17:54:22.239,1.6158,1.61595,0.10,0.70
2008.01.10 17:54:22.649,1.61575,1.616,14.40,0.80
2008.01.10 17:54:23.113,1.6158,1.61605,0.80,14.40
2008.01.10 17:54:23.395,1.61575,1.61605,14.40,8.80
2008.01.10 17:54:24.479,1.61575,1.61605,14.40,8.80
2008.01.10 17:54:24.679,1.6158,1.61605,1.60,10.40
2008.01.10 17:54:24.943,1.61585,1.61605,2.00,8.00
2008.01.10 17:54:25.374,1.61585,1.61605,9.60,0.90
2008.01.10 17:54:25.826,1.61585,1.61605,9.60,0.20
2008.01.10 17:54:26.089,1.6158,1.61605,8.20,4.80
2008.01.10 17:54:26.315,1.61595,1.6161,0.90,0.80
2008.01.10 17:54:26.725,1.61595,1.61615,1.50,3.40
2008.01.10 17:54:27.156,1.6159,1.61615,5.60,3.40
2008.01.10 17:54:27.420,1.61595,1.6162,4.80,0.80
2008.01.10 17:54:27.683,1.61595,1.6162,5.60,0.80
2008.01.10 17:54:28.089,1.61595,1.6162,13.70,0.80
2008.01.10 17:54:28.616,1.61595,1.6162,10.50,0.80
2008.01.10 17:54:29.034,1.61595,1.6162,13.70,0.80
2008.01.10 17:54:29.460,1.61605,1.6162,13.70,0.80
2008.01.10 17:54:29.713,1.6163,1.61635,0.80,8.80
2008.01.10 17:54:29.966,1.6163,1.61635,0.80,4.00
2008.01.10 17:54:30.397,1.61635,1.61645,4.80,5.60
2008.01.10 17:54:30.783,1.6162,1.61645,0.80,15.20
2008.01.10 17:54:30.981,1.61615,1.61635,4.00,4.80
2008.01.10 17:54:31.205,1.61615,1.61635,1.60,7.20
2008.01.10 17:54:31.594,1.61615,1.61635,1.60,18.40
2008.01.10 17:54:31.861,1.616,1.61625,0.80,1.60
2008.01.10 17:54:32.129,1.616,1.61635,0.80,16.80
2008.01.10 17:54:32.527,1.616,1.61635,0.80,16.80
2008.01.10 17:54:32.790,1.61605,1.61635,0.10,16.80
2008.01.10 17:54:33.165,1.6161,1.61635,0.80,16.00
2008.01.10 17:54:33.507,1.6161,1.61635,0.80,10.40
2008.01.10 17:54:33.765,1.61615,1.61635,5.60,0.80
2008.01.10 17:54:34.018,1.61615,1.61645,5.60,20.00
2008.01.10 17:54:34.651,1.61615,1.61645,5.60,20.00
2008.01.10 17:54:34.884,1.61615,1.61645,6.20,15.20
2008.01.10 17:54:35.310,1.61615,1.61645,6.20,14.40
2008.01.10 17:54:35.541,1.61615,1.61645,9.50,10.40
2008.01.10 17:54:35.776,1.6162,1.61645,0.80,6.40
2008.01.10 17:54:36.214,1.6162,1.61655,0.80,32.70
2008.01.10 17:54:36.720,1.6162,1.61655,0.80,32.70
2008.01.10 17:54:37.172,1.6162,1.61655,0.80,32.70
2008.01.10 17:54:37.666,1.61635,1.61665,6.30,15.20
2008.01.10 17:54:37.780,1.61645,1.61665,0.10,7.20
2008.01.10 17:54:38.183,1.61645,1.61665,0.60,10.40
2008.01.10 17:54:38.395,1.61645,1.61665,0.60,10.40
2008.01.10 17:54:38.606,1.61645,1.61665,0.60,10.40
2008.01.10 17:54:39.007,1.61645,1.61665,0.60,10.40
2008.01.10 17:54:39.236,1.61645,1.61665,1.40,10.40
2008.01.10 17:54:39.465,1.61645,1.61665,4.60,3.20
2008.01.10 17:54:39.693,1.61645,1.61665,4.60,3.20
2008.01.10 17:54:39.951,1.61645,1.61665,4.60,3.20
2008.01.10 17:54:40.356,1.61645,1.61665,3.80,3.20
2008.01.10 17:54:40.803,1.61645,1.61665,3.20,6.40
2008.01.10 17:54:41.033,1.61655,1.61665,3.20,7.20
2008.01.10 17:54:41.301,1.61645,1.6165,0.10,2.40
2008.01.10 17:54:41.713,1.61635,1.61645,1.60,7.20
2008.01.10 17:54:42.170,1.6161,1.61635,0.80,3.20
2008.01.10 17:54:42.389,1.61605,1.61625,5.60,8.80
2008.01.10 17:54:42.639,1.61605,1.61625,5.60,8.80
2008.01.10 17:54:43.031,1.61595,1.61615,7.80,12.80
2008.01.10 17:54:43.438,1.61595,1.61615,3.00,13.60
2008.01.10 17:54:43.733,1.61595,1.61615,3.20,6.40
2008.01.10 17:54:44.027,1.61585,1.61605,6.50,5.60
2008.01.10 17:54:44.430,1.61585,1.61605,7.30,5.60
2008.01.10 17:54:44.829,1.61585,1.61605,7.30,5.60
2008.01.10 17:54:45.027,1.61585,1.61605,4.90,5.60
2008.01.10 17:54:45.488,1.61595,1.61615,3.20,13.80
2008.01.10 17:54:45.749,1.61595,1.61615,6.40,3.20
2008.01.10 17:54:46.197,1.61595,1.61615,6.40,1.00
2008.01.10 17:54:46.456,1.61595,1.61615,3.20,9.80
2008.01.10 17:54:46.782,1.61595,1.61615,3.20,9.80
2008.01.10 17:54:47.186,1.61605,1.61615,0.80,8.80
2008.01.10 17:54:47.619,1.61605,1.61625,3.20,15.20
2008.01.10 17:54:47.861,1.61605,1.6163,9.60,2.40
2008.01.10 17:54:48.103,1.61605,1.61635,11.50,13.80
2008.01.10 17:54:48.676,1.61605,1.61635,11.50,13.80
2008.01.10 17:54:48.981,1.61615,1.61635,0.80,10.40
2008.01.10 17:54:49.632,1.61615,1.61635,0.80,10.40
2008.01.10 17:54:49.881,1.61605,1.61635,8.30,10.60
2008.01.10 17:54:50.315,1.61605,1.61635,4.00,16.20
2008.01.10 17:54:50.564,1.61595,1.6163,18.70,0.80
2008.01.10 17:54:50.853,1.61595,1.61625,14.70,0.20
2008.01.10 17:54:51.257,1.61595,1.61625,8.30,11.40
2008.01.10 17:54:51.412,1.6159,1.61625,9.10,11.40
2008.01.10 17:54:51.545,1.6159,1.61625,9.10,13.00
2008.01.10 17:54:51.767,1.61595,1.61615,1.30,1.60
2008.01.10 17:54:52.155,1.6158,1.61615,10.70,6.60
2008.01.10 17:54:52.561,1.6158,1.61615,13.90,9.80
2008.01.10 17:54:53.007,1.6158,1.61615,13.90,9.80
2008.01.10 17:54:53.504,1.6158,1.61615,13.90,9.80
2008.01.10 17:54:53.774,1.61585,1.61615,4.00,14.60
2008.01.10 17:54:54.068,1.61585,1.61615,7.40,15.40
2008.01.10 17:54:54.442,1.6159,1.61615,4.00,5.00
2008.01.10 17:54:54.901,1.61595,1.61615,1.90,5.00
2008.01.10 17:54:55.116,1.6159,1.61615,4.00,5.00
2008.01.10 17:54:55.334,1.6159,1.61615,0.80,7.80
2008.01.10 17:54:55.722,1.61575,1.61605,24.90,6.40
2008.01.10 17:54:56.163,1.61575,1.6161,25.70,0.80
2008.01.10 17:54:56.407,1.61585,1.6161,14.50,0.80
2008.01.10 17:54:56.649,1.6159,1.61615,4.80,7.80
2008.01.10 17:54:57.055,1.61605,1.61615,0.60,0.80
2008.01.10 17:54:57.547,1.61605,1.61625,6.20,4.00
2008.01.10 17:54:57.850,1.61625,1.61635,7.20,1.40
2008.01.10 17:54:58.117,1.61625,1.61635,7.20,1.40
2008.01.10 17:54:58.474,1.61625,1.61635,2.20,0.80
2008.01.10 17:54:58.885,1.61615,1.61635,11.20,0.80
2008.01.10 17:54:59.290,1.61615,1.61635,1.90,6.40
2008.01.10 17:54:59.701,1.61615,1.61635,0.50,6.90
2008.01.10 17:55:00.099,1.61605,1.61635,20.90,6.90
2008.01.10 17:55:00.382,1.61605,1.61635,1.10,9.30
2008.01.10 17:55:00.666,1.61595,1.61625,33.20,0.80
2008.01.10 17:55:01.073,1.61595,1.61625,19.30,8.50
2008.01.10 17:55:01.474,1.61605,1.61625,1.40,8.50
2008.01.10 17:55:01.881,1.61595,1.61615,4.50,0.80
2008.01.10 17:55:02.297,1.61595,1.61615,5.80,0.80
2008.01.10 17:55:02.611,1.61595,1.61615,1.10,4.50
2008.01.10 17:55:03.008,1.61595,1.61615,1.70,4.50
2008.01.10 17:55:03.365,1.6159,1.61615,4.80,4.50
2008.01.10 17:55:04.226,1.6159,1.61615,4.80,4.50
2008.01.10 17:55:04.330,1.61595,1.61615,1.40,4.50
2008.01.10 17:55:04.694,1.6159,1.61615,4.80,4.50
2008.01.10 17:55:05.145,1.6159,1.61625,8.80,11.70
2008.01.10 17:55:05.397,1.6159,1.61625,8.80,15.70
2008.01.10 17:55:05.650,1.61595,1.61625,4.00,13.30
2008.01.10 17:55:06.075,1.61595,1.61625,1.60,12.80
2008.01.10 17:55:06.309,1.6159,1.61625,13.60,10.40
2008.01.10 17:55:06.628,1.6159,1.61625,13.60,10.40
2008.01.10 17:55:07.151,1.61595,1.61625,6.30,10.40
2008.01.10 17:55:07.453,1.6159,1.61625,13.60,10.40
2008.01.10 17:55:08.103,1.6159,1.61625,9.60,13.30
2008.01.10 17:55:08.487,1.61595,1.61625,1.30,14.90
2008.01.10 17:55:09.024,1.6159,1.61625,7.20,14.90
2008.01.10 17:55:09.412,1.6159,1.61625,7.20,14.90
2008.01.10 17:55:09.820,1.61595,1.61625,2.50,14.90
2008.01.10 17:55:10.277,1.61595,1.61625,2.80,14.90
2008.01.10 17:55:10.525,1.6159,1.61625,14.40,12.00
2008.01.10 17:55:11.218,1.6159,1.61625,14.40,12.00
2008.01.10 17:55:11.456,1.6159,1.61625,15.20,10.40
2008.01.10 17:55:11.696,1.6159,1.61625,16.80,10.40
2008.01.10 17:55:12.127,1.6159,1.61625,16.80,10.40
2008.01.10 17:55:12.543,1.61605,1.61625,1.00,7.20
2008.01.10 17:55:12.991,1.61605,1.61625,2.80,7.20
2008.01.10 17:55:13.239,1.61595,1.61625,24.20,7.20
2008.01.10 17:55:13.508,1.61595,1.61625,24.20,5.60
2008.01.10 17:55:13.925,1.616,1.61625,4.00,8.00
2008.01.10 17:55:14.193,1.616,1.61625,0.80,8.00
2008.01.10 17:55:14.400,1.61605,1.61625,3.50,4.80
2008.01.10 17:55:14.603,1.616,1.61625,8.00,4.80
2008.01.10 17:55:14.842,1.616,1.61625,8.00,4.80
2008.01.10 17:55:15.220,1.6159,1.61625,26.60,8.00
2008.01.10 17:55:15.658,1.6159,1.61625,12.00,13.30
2008.01.10 17:55:15.907,1.6159,1.61625,8.80,16.50
2008.01.10 17:55:16.156,1.6159,1.61625,6.40,18.10
2008.01.10 17:55:16.560,1.6159,1.61615,6.40,3.20
2008.01.10 17:55:16.997,1.616,1.61615,0.80,3.20
2008.01.10 17:55:17.241,1.616,1.61615,0.80,3.20
2008.01.10 17:55:17.485,1.616,1.61615,0.80,3.70
2008.01.10 17:55:17.893,1.6159,1.61615,6.40,3.70
2008.01.10 17:55:18.332,1.61585,1.61615,15.20,7.70
2008.01.10 17:55:18.574,1.61585,1.61615,0.50,14.90
2008.01.10 17:55:18.842,1.61585,1.61605,5.60,0.80
2008.01.10 17:55:19.289,1.6158,1.61605,2.40,0.80
2008.01.10 17:55:19.754,1.6158,1.61615,2.40,17.30
2008.01.10 17:55:19.951,1.61585,1.61615,0.80,17.30
2008.01.10 17:55:20.168,1.61585,1.61615,3.50,16.00
2008.01.10 17:55:20.560,1.6158,1.61615,13.60,10.40
2008.01.10 17:55:20.758,1.6159,1.61615,5.60,8.80
2008.01.10 17:55:21.055,1.6159,1.6162,11.20,0.80
2008.01.10 17:55:21.476,1.61595,1.61625,16.80,12.00
2008.01.10 17:55:22.006,1.61595,1.61625,16.80,12.00
2008.01.10 17:55:22.249,1.61595,1.61625,20.20,7.20
2008.01.10 17:55:22.502,1.61595,1.61625,20.20,7.20
2008.01.10 17:55:22.910,1.61605,1.61635,7.20,17.30
2008.01.10 17:55:23.394,1.61605,1.61635,7.20,17.30
2008.01.10 17:55:23.863,1.61605,1.61635,7.20,17.30
2008.01.10 17:55:24.131,1.61605,1.61635,9.60,10.10
2008.01.10 17:55:24.389,1.61605,1.61635,6.40,13.30
2008.01.10 17:55:24.803,1.61615,1.61635,4.00,3.70
2008.01.10 17:55:25.064,1.61615,1.61635,4.00,3.70
2008.01.10 17:55:25.418,1.61615,1.61635,4.00,3.70
2008.01.10 17:55:25.691,1.61615,1.61635,3.20,3.70
2008.01.10 17:55:26.081,1.61605,1.61635,12.00,9.60
2008.01.10 17:55:26.089,1.61605,1.61635,9.60,10.10
2008.01.10 17:55:26.353,1.61605,1.61635,13.60,6.90
2008.01.10 17:55:26.666,1.61605,1.61635,13.60,6.90
2008.01.10 17:55:27.012,1.61605,1.61635,6.40,10.10
2008.01.10 17:55:27.610,1.61605,1.61635,6.40,10.10
2008.01.10 17:55:27.929,1.616,1.61625,0.80,8.80
2008.01.10 17:55:28.178,1.616,1.61625,0.80,8.80
2008.01.10 17:55:28.428,1.61605,1.61635,5.60,24.80
2008.01.10 17:55:28.841,1.61605,1.6162,3.20,0.80
2008.01.10 17:55:29.087,1.61595,1.6162,12.00,0.80
2008.01.10 17:55:29.531,1.61595,1.61625,12.50,20.80
2008.01.10 17:55:29.765,1.61595,1.61625,12.50,20.80
2008.01.10 17:55:30.268,1.61595,1.61625,12.50,20.80
2008.01.10 17:55:30.705,1.61595,1.61625,12.50,20.80
2008.01.10 17:55:31.055,1.61585,1.61605,5.60,16.00
2008.01.10 17:55:31.482,1.61585,1.61605,1.60,20.40
2008.01.10 17:55:31.912,1.61585,1.61595,1.60,3.20
2008.01.10 17:55:32.377,1.61575,1.61605,3.40,14.40
2008.01.10 17:55:32.470,1.61575,1.61605,11.50,8.80
2008.01.10 17:55:32.888,1.61585,1.61605,1.80,8.80
2008.01.10 17:55:33.289,1.61585,1.61605,9.80,0.80
2008.01.10 17:55:33.696,1.61585,1.61615,10.70,8.80
2008.01.10 17:55:34.127,1.61585,1.61615,11.50,6.40
2008.01.10 17:55:34.369,1.61585,1.61615,10.70,6.40
2008.01.10 17:55:34.657,1.61585,1.61615,10.70,6.40
2008.01.10 17:55:35.026,1.61585,1.61615,13.90,6.40
2008.01.10 17:55:35.480,1.61585,1.61615,13.90,6.40
2008.01.10 17:55:36.003,1.61585,1.61615,13.90,6.40
2008.01.10 17:55:36.792,1.61595,1.61615,0.80,6.40
2008.01.10 17:55:36.826,1.61595,1.61615,11.50,0.80
2008.01.10 17:55:37.233,1.61595,1.6162,9.60,0.80
2008.01.10 17:55:37.760,1.61595,1.6162,9.60,0.80
2008.01.10 17:55:38.296,1.61595,1.6162,8.80,0.80
2008.01.10 17:55:38.501,1.61585,1.61615,20.20,6.40
2008.01.10 17:55:38.714,1.61585,1.61615,16.20,6.40
2008.01.10 17:55:39.118,1.61585,1.61615,14.60,6.40
2008.01.10 17:55:39.655,1.61585,1.61615,14.60,6.40
2008.01.10 17:55:40.171,1.61585,1.61615,14.60,6.40
2008.01.10 17:55:40.635,1.6159,1.61615,0.80,6.40
2008.01.10 17:55:40.940,1.6159,1.61615,0.80,5.60
2008.01.10 17:55:41.414,1.61595,1.61615,3.20,0.40
2008.01.10 17:55:41.825,1.61595,1.61615,3.20,0.40
2008.01.10 17:55:43.955,1.61595,1.61615,3.20,0.40
2008.01.10 17:55:44.239,1.61595,1.6162,3.20,0.80
2008.01.10 17:55:44.864,1.61595,1.6162,3.20,0.80
2008.01.10 17:55:45.176,1.61595,1.6162,3.20,0.80
2008.01.10 17:55:45.775,1.61595,1.6162,3.20,0.80
2008.01.10 17:55:46.109,1.61595,1.6162,5.60,0.80
2008.01.10 17:55:46.324,1.61595,1.6162,5.60,0.80
2008.01.10 17:55:46.719,1.61595,1.6162,5.60,0.80
2008.01.10 17:55:46.752,1.61595,1.6162,5.60,0.80
2008.01.10 17:55:47.133,1.61595,1.6162,7.20,0.80
2008.01.10 17:55:47.574,1.61595,1.6162,12.80,0.80
2008.01.10 17:55:48.039,1.61595,1.6162,12.80,0.80
2008.01.10 17:55:48.291,1.61595,1.6162,12.00,0.80
2008.01.10 17:55:48.571,1.61595,1.6162,9.60,0.80
2008.01.10 17:55:48.985,1.61605,1.6162,3.20,0.80
2008.01.10 17:55:49.450,1.61605,1.61625,3.20,8.00
2008.01.10 17:55:49.678,1.61605,1.61625,4.00,5.60
2008.01.10 17:55:49.907,1.61605,1.61635,11.20,14.70
2008.01.10 17:55:50.329,1.61605,1.61635,11.20,14.70
2008.01.10 17:55:50.543,1.61605,1.61635,12.00,10.40
2008.01.10 17:55:51.177,1.61605,1.61635,12.00,10.40
2008.01.10 17:55:51.326,1.616,1.61635,12.80,10.40
2008.01.10 17:55:51.388,1.616,1.61635,12.00,13.90
2008.01.10 17:55:51.759,1.61605,1.61635,5.40,13.90
2008.01.10 17:55:52.094,1.616,1.61635,12.80,13.60
2008.01.10 17:55:52.580,1.616,1.61635,12.80,10.40
2008.01.10 17:55:53.026,1.616,1.61635,12.80,10.40
2008.01.10 17:55:53.620,1.616,1.61635,12.80,10.40
2008.01.10 17:55:53.925,1.6161,1.61635,0.90,10.40
2008.01.10 17:55:54.335,1.6161,1.61635,11.20,3.20
2008.01.10 17:55:54.543,1.61615,1.6164,6.10,0.80
2008.01.10 17:55:54.880,1.6161,1.6164,12.80,0.80
2008.01.10 17:55:55.365,1.6162,1.6164,1.60,0.80
2008.01.10 17:55:55.862,1.61625,1.61645,1.00,3.20
2008.01.10 17:55:56.070,1.61625,1.61645,0.10,4.80
2008.01.10 17:55:56.338,1.6162,1.61645,0.80,5.10
2008.01.10 17:55:56.748,1.61615,1.6164,3.30,0.80
2008.01.10 17:55:56.954,1.61605,1.61635,12.90,13.90
2008.01.10 17:55:57.188,1.616,1.61635,6.40,24.30
2008.01.10 17:55:57.593,1.61605,1.61625,0.70,8.00
2008.01.10 17:55:58.012,1.616,1.61625,2.40,9.60
2008.01.10 17:55:58.291,1.616,1.61635,8.00,19.50
2008.01.10 17:55:58.598,1.6161,1.61635,0.80,14.40
2008.01.10 17:55:58.998,1.61605,1.61635,15.20,4.80
2008.01.10 17:55:59.376,1.61605,1.61635,17.60,4.80
2008.01.10 17:55:59.564,1.61615,1.61645,15.20,14.60
2008.01.10 17:55:59.791,1.61615,1.61645,15.20,13.80
2008.01.10 17:56:00.166,1.61615,1.61645,15.20,13.80
2008.01.10 17:56:00.689,1.6162,1.61645,0.80,13.80
2008.01.10 17:56:01.153,1.61615,1.61645,1.00,23.40
2008.01.10 17:56:01.444,1.6161,1.61645,5.30,23.40
2008.01.10 17:56:01.683,1.61615,1.61645,1.10,21.80
2008.01.10 17:56:02.088,1.6161,1.61645,12.50,12.20
2008.01.10 17:56:02.328,1.6161,1.61645,15.70,2.40
2008.01.10 17:56:02.606,1.6162,1.61645,0.80,1.60
2008.01.10 17:56:02.996,1.61615,1.61645,16.50,1.60
2008.01.10 17:56:03.444,1.61615,1.61645,15.70,1.60
2008.01.10 17:56:03.673,1.61615,1.61655,15.70,31.30
2008.01.10 17:56:03.904,1.6162,1.61645,0.80,9.60
2008.01.10 17:56:04.328,1.6162,1.61645,0.80,13.60
2008.01.10 17:56:04.558,1.61615,1.61645,1.20,18.60
2008.01.10 17:56:04.847,1.61615,1.61635,0.10,3.20
2008.01.10 17:56:05.271,1.6161,1.61635,0.90,3.20
2008.01.10 17:56:05.837,1.6161,1.61635,0.80,3.20
2008.01.10 17:56:06.031,1.616,1.61635,11.70,12.00
2008.01.10 17:56:06.697,1.616,1.61635,11.70,12.00
2008.01.10 17:56:07.148,1.61595,1.61625,1.10,8.00
2008.01.10 17:56:07.587,1.61595,1.61615,3.80,3.20
2008.01.10 17:56:07.836,1.6159,1.61615,8.40,3.20
2008.01.10 17:56:08.173,1.61595,1.61615,4.00,3.20
2008.01.10 17:56:08.531,1.61595,1.61615,0.60,3.20
2008.01.10 17:56:08.799,1.61595,1.61625,12.60,12.80
2008.01.10 17:56:09.066,1.61595,1.61625,16.30,9.90
2008.01.10 17:56:09.437,1.61615,1.61625,1.90,0.80
2008.01.10 17:56:09.838,1.61615,1.61645,12.80,6.60
2008.01.10 17:56:10.242,1.6162,1.61645,0.80,6.60
2008.01.10 17:56:10.551,1.61615,1.61645,12.80,6.60
2008.01.10 17:56:11.920,1.6162,1.61645,0.80,4.80
2008.01.10 17:56:12.241,1.6162,1.61645,10.40,3.20
2008.01.10 17:56:12.959,1.6162,1.61645,10.40,3.20
2008.01.10 17:56:13.293,1.61625,1.61645,12.00,3.20
2008.01.10 17:56:13.718,1.6162,1.61645,12.00,3.20
2008.01.10 17:56:14.245,1.6162,1.61645,12.00,3.20
2008.01.10 17:56:14.652,1.61625,1.61645,3.90,3.20
2008.01.10 17:56:16.025,1.61625,1.61655,0.70,8.00
2008.01.10 17:56:16.468,1.6162,1.61655,10.40,8.40
2008.01.10 17:56:16.702,1.6162,1.61655,10.40,11.60
2008.01.10 17:56:16.941,1.61625,1.61655,1.00,11.60
2008.01.10 17:56:17.365,1.6162,1.61645,12.00,3.20
2008.01.10 17:56:17.622,1.6163,1.61655,4.80,8.00
2008.01.10 17:56:17.881,1.6163,1.6166,11.20,0.80
2008.01.10 17:56:18.292,1.61635,1.6166,14.40,0.80
2008.01.10 17:56:18.738,1.61645,1.61665,2.40,14.40
2008.01.10 17:56:18.976,1.61645,1.61675,15.20,4.80
2008.01.10 17:56:19.215,1.61645,1.61675,18.40,4.80
2008.01.10 17:56:19.634,1.6166,1.61675,0.80,4.80
2008.01.10 17:56:20.036,1.6166,1.61685,0.80,16.80
2008.01.10 17:56:20.457,1.61655,1.61685,12.00,12.80
2008.01.10 17:56:20.686,1.61655,1.61675,8.00,0.80
2008.01.10 17:56:20.929,1.6165,1.61675,0.80,4.00
2008.01.10 17:56:21.351,1.6165,1.61675,0.80,4.00
2008.01.10 17:56:21.786,1.6165,1.61675,0.80,5.60
2008.01.10 17:56:21.891,1.6165,1.61675,0.80,5.60
2008.01.10 17:56:22.226,1.6165,1.61675,0.80,8.00
2008.01.10 17:56:22.635,1.6165,1.61675,0.80,8.00
2008.01.10 17:56:22.859,1.61645,1.61675,9.60,12.00
2008.01.10 17:56:23.149,1.61645,1.61665,4.00,3.20
2008.01.10 17:56:23.557,1.61645,1.61665,3.20,5.60
2008.01.10 17:56:24.040,1.6164,1.61665,0.80,8.80
2008.01.10 17:56:24.330,1.61635,1.61665,11.20,14.40
2008.01.10 17:56:24.574,1.61635,1.61665,11.20,14.40
2008.01.10 17:56:25.105,1.61635,1.61665,11.20,14.40
2008.01.10 17:56:25.390,1.61645,1.61665,0.80,4.80
2008.01.10 17:56:25.547,1.61645,1.61665,0.80,4.80
2008.01.10 17:56:25.838,1.6165,1.6167,7.20,0.80
2008.01.10 17:56:26.313,1.6165,1.61675,7.20,14.40
2008.01.10 17:56:26.523,1.61645,1.61675,5.60,9.60
2008.01.10 17:56:26.738,1.6164,1.6167,4.80,1.60
2008.01.10 17:56:27.132,1.61635,1.61665,16.80,8.00
2008.01.10 17:56:27.583,1.6164,1.61665,0.80,7.20
2008.01.10 17:56:27.841,1.61635,1.61655,2.40,3.20
2008.01.10 17:56:28.099,1.6163,1.6166,10.40,0.80
2008.01.10 17:56:28.508,1.61645,1.61675,0.90,20.10
2008.01.10 17:56:28.941,1.6164,1.61665,7.20,3.20
2008.01.10 17:56:29.377,1.61635,1.61665,12.00,5.60
2008.01.10 17:56:29.762,1.61635,1.61665,12.80,8.00
2008.01.10 17:56:29.860,1.61635,1.61665,12.80,8.00
2008.01.10 17:56:30.187,1.61635,1.61665,10.40,11.20
2008.01.10 17:56:30.578,1.6163,1.61665,10.40,12.00
2008.01.10 17:56:31.106,1.6163,1.61665,10.40,12.00
2008.01.10 17:56:31.661,1.61635,1.61665,2.50,12.00
2008.01.10 17:56:31.840,1.6163,1.61655,11.20,3.20
2008.01.10 17:56:32.163,1.6163,1.61655,11.20,3.20
2008.01.10 17:56:32.441,1.61635,1.61665,12.80,4.80
2008.01.10 17:56:32.813,1.61635,1.61665,17.60,4.80
2008.01.10 17:56:33.311,1.61635,1.61665,19.20,4.80
2008.01.10 17:56:33.621,1.61645,1.61665,1.20,4.80
2008.01.10 17:56:33.839,1.61645,1.61665,4.40,1.60
2008.01.10 17:56:34.249,1.6164,1.61675,10.40,11.20
2008.01.10 17:56:34.467,1.6164,1.61675,9.60,7.20
2008.01.10 17:56:34.710,1.6164,1.61675,9.60,7.20
2008.01.10 17:56:35.124,1.61645,1.61675,4.10,7.20
2008.01.10 17:56:35.535,1.61645,1.61675,2.90,7.20
2008.01.10 17:56:36.947,1.61645,1.61675,1.30,7.20
2008.01.10 17:56:37.538,1.61645,1.61675,4.40,8.00
2008.01.10 17:56:38.343,1.61645,1.61675,0.90,8.00
2008.01.10 17:56:38.581,1.6165,1.61675,0.80,8.00
2008.01.10 17:56:39.212,1.6165,1.61675,4.00,4.80
2008.01.10 17:56:39.649,1.6165,1.61675,4.80,5.60
2008.01.10 17:56:39.874,1.61655,1.61675,1.40,4.80
2008.01.10 17:56:40.097,1.61655,1.61675,5.60,4.00
2008.01.10 17:56:40.507,1.6165,1.61675,11.20,4.00
2008.01.10 17:56:40.730,1.6165,1.61675,12.00,2.40
2008.01.10 17:56:41.013,1.6165,1.6168,12.00,0.80
2008.01.10 17:56:41.415,1.6165,1.6168,11.20,0.80
2008.01.10 17:56:41.889,1.61645,1.6167,24.90,0.80
2008.01.10 17:56:41.982,1.61645,1.6167,1.70,0.80
2008.01.10 17:56:42.368,1.6165,1.61675,4.00,4.00
2008.01.10 17:56:44.660,1.61655,1.61675,0.90,4.00
2008.01.10 17:56:44.891,1.6165,1.61675,10.40,3.20
2008.01.10 17:56:45.326,1.61655,1.61675,9.70,3.20
2008.01.10 17:56:46.326,1.6166,1.61675,0.10,3.20
2008.01.10 17:56:46.354,1.6165,1.6168,9.60,0.80
2008.01.10 17:56:46.727,1.6165,1.6168,10.40,0.80
2008.01.10 17:56:47.109,1.6165,1.6168,12.80,0.80
2008.01.10 17:56:47.298,1.6165,1.61675,13.60,0.80
2008.01.10 17:56:47.639,1.61655,1.6168,11.90,0.80
2008.01.10 17:56:48.143,1.61665,1.61685,0.90,11.20
2008.01.10 17:56:48.324,1.61665,1.61685,1.30,5.60
2008.01.10 17:56:48.661,1.61665,1.61685,1.50,5.60
2008.01.10 17:56:48.932,1.6165,1.61685,11.20,14.40
2008.01.10 17:56:49.606,1.61655,1.6168,2.10,0.80
2008.01.10 17:56:49.889,1.61655,1.6168,4.50,0.80
2008.01.10 17:56:51.695,1.61655,1.6168,4.70,0.80
2008.01.10 17:56:52.019,1.6165,1.6168,9.60,0.80
2008.01.10 17:56:52.355,1.6165,1.6168,9.60,0.80
2008.01.10 17:56:53.666,1.61655,1.6168,3.80,0.80
2008.01.10 17:56:53.999,1.61655,1.6168,2.70,0.80
2008.01.10 17:56:54.284,1.6165,1.6168,10.70,0.80
2008.01.10 17:56:54.463,1.6165,1.6168,10.70,0.80
2008.01.10 17:56:54.679,1.61655,1.6168,1.30,0.80
2008.01.10 17:56:54.857,1.61655,1.6168,2.80,0.80
2008.01.10 17:56:55.084,1.6165,1.6168,10.80,0.80
2008.01.10 17:56:55.567,1.61665,1.6168,7.20,0.80
2008.01.10 17:56:56.054,1.61665,1.61695,10.40,6.40
2008.01.10 17:56:56.307,1.61675,1.61695,9.60,0.80
2008.01.10 17:56:56.561,1.61675,1.617,8.80,1.60
2008.01.10 17:56:57.016,1.61675,1.617,8.80,1.60
2008.01.10 17:56:57.270,1.6168,1.61705,0.80,8.00
2008.01.10 17:56:57.528,1.61685,1.61705,3.20,5.70
2008.01.10 17:56:57.969,1.61685,1.61705,3.20,6.50
2008.01.10 17:56:58.225,1.61685,1.61705,3.20,6.40
2008.01.10 17:56:58.478,1.61685,1.61705,3.20,6.40
2008.01.10 17:57:00.590,1.61685,1.61705,3.20,5.60
2008.01.10 17:57:00.850,1.61675,1.61695,5.60,5.70
2008.01.10 17:57:01.132,1.61675,1.61695,5.60,5.70
2008.01.10 17:57:01.200,1.61675,1.61695,5.60,5.70
2008.01.10 17:57:01.423,1.61665,1.6169,7.20,0.80
2008.01.10 17:57:01.728,1.61665,1.61685,7.20,2.50
2008.01.10 17:57:02.062,1.61665,1.61685,3.20,3.30
2008.01.10 17:57:02.395,1.61665,1.61685,3.20,0.90
2008.01.10 17:57:02.944,1.61665,1.61685,3.20,0.90
2008.01.10 17:57:03.352,1.61665,1.61685,3.20,2.50
2008.01.10 17:57:03.383,1.61665,1.61685,3.20,8.10
2008.01.10 17:57:03.788,1.61655,1.61685,16.00,11.30
2008.01.10 17:57:04.007,1.61655,1.61675,15.20,0.20
2008.01.10 17:57:04.225,1.61665,1.61685,0.60,9.60
2008.01.10 17:57:04.659,1.61665,1.61685,1.40,9.60
2008.01.10 17:57:04.877,1.61665,1.61685,7.00,3.20
2008.01.10 17:57:05.275,1.61665,1.61685,7.00,3.20
2008.01.10 17:57:05.637,1.61665,1.61685,7.00,3.20
2008.01.10 17:57:05.905,1.6167,1.61695,0.80,12.00
2008.01.10 17:57:06.252,1.6167,1.61695,0.80,12.00
2008.01.10 17:57:06.599,1.61675,1.61695,1.40,4.00
2008.01.10 17:57:06.862,1.61675,1.61705,3.00,16.00
2008.01.10 17:57:07.142,1.61675,1.61705,3.00,16.00
2008.01.10 17:57:07.552,1.61685,1.61705,0.60,12.80
2008.01.10 17:57:07.981,1.61685,1.61705,7.80,2.40
2008.01.10 17:57:08.415,1.61685,1.61715,10.40,14.40
2008.01.10 17:57:08.826,1.61685,1.61715,10.40,14.40
2008.01.10 17:57:09.232,1.61685,1.61715,10.40,14.40
2008.01.10 17:57:09.509,1.61695,1.61715,3.20,7.20
2008.01.10 17:57:09.788,1.61695,1.61715,11.20,4.00
2008.01.10 17:57:10.197,1.61695,1.61715,11.20,2.40
2008.01.10 17:57:10.418,1.61695,1.61715,13.60,4.00
2008.01.10 17:57:10.640,1.61695,1.61715,12.80,4.80
2008.01.10 17:57:11.043,1.61695,1.61715,11.20,4.80
2008.01.10 17:57:11.262,1.61695,1.61715,8.80,4.80
2008.01.10 17:57:11.709,1.61695,1.61715,8.80,4.80
2008.01.10 17:57:12.054,1.61695,1.61715,8.80,4.80
2008.01.10 17:57:12.730,1.61695,1.61715,8.80,4.80
2008.01.10 17:57:13.153,1.61695,1.61715,8.80,4.80
2008.01.10 17:57:13.578,1.61695,1.6172,8.80,3.20
2008.01.10 17:57:13.863,1.61695,1.61715,3.20,9.60
2008.01.10 17:57:14.285,1.61695,1.61715,8.80,8.80
2008.01.10 17:57:14.682,1.61695,1.61715,16.00,1.60
2008.01.10 17:57:14.990,1.61705,1.61735,9.60,17.60
2008.01.10 17:57:15.298,1.6172,1.61735,0.80,5.60
2008.01.10 17:57:15.711,1.61715,1.61745,11.20,15.60
2008.01.10 17:57:16.084,1.61715,1.61745,11.20,15.60
2008.01.10 17:57:16.484,1.6172,1.61745,0.80,15.60
2008.01.10 17:57:16.668,1.6172,1.61745,0.80,16.40
2008.01.10 17:57:16.955,1.6172,1.61745,0.80,14.00
2008.01.10 17:57:17.866,1.6172,1.61745,0.80,14.00
2008.01.10 17:57:19.310,1.61715,1.61745,8.00,14.00
2008.01.10 17:57:19.720,1.61715,1.61735,6.40,3.20
2008.01.10 17:57:19.971,1.61715,1.61735,5.60,3.20
2008.01.10 17:57:21.202,1.61715,1.61745,12.00,14.40
2008.01.10 17:57:21.490,1.6172,1.61745,0.80,11.60
2008.01.10 17:57:22.043,1.6172,1.61745,0.80,11.60
2008.01.10 17:57:22.330,1.6172,1.61735,0.80,6.40
2008.01.10 17:57:22.660,1.61705,1.61735,5.60,6.40
2008.01.10 17:57:23.085,1.61705,1.61735,5.60,6.40
2008.01.10 17:57:23.420,1.61715,1.61735,3.20,4.80
2008.01.10 17:57:23.829,1.61715,1.61735,12.80,3.20
2008.01.10 17:57:24.026,1.61715,1.61745,13.60,9.60
2008.01.10 17:57:24.254,1.6172,1.61745,0.80,9.60
2008.01.10 17:57:24.399,1.61715,1.61745,16.80,9.60
2008.01.10 17:57:24.650,1.6172,1.61745,0.80,8.00
2008.01.10 17:57:25.130,1.61715,1.61745,16.80,8.00
2008.01.10 17:57:25.606,1.61715,1.61745,16.00,8.00
2008.01.10 17:57:25.831,1.6172,1.61745,0.80,3.20
2008.01.10 17:57:26.054,1.61715,1.61745,18.60,3.20
2008.01.10 17:57:26.469,1.61725,1.61755,1.10,11.20
2008.01.10 17:57:26.887,1.61725,1.61755,2.20,11.20
2008.01.10 17:57:27.305,1.61725,1.61755,3.00,11.20
2008.01.10 17:57:27.742,1.6172,1.61755,4.80,13.60
2008.01.10 17:57:28.042,1.61725,1.61755,1.90,17.60
2008.01.10 17:57:28.341,1.6172,1.61755,16.00,12.80
2008.01.10 17:57:28.938,1.6172,1.61755,15.20,11.20
2008.01.10 17:57:29.239,1.6172,1.61755,15.20,11.20
2008.01.10 17:57:30.597,1.6172,1.61755,15.20,11.20
2008.01.10 17:57:31.083,1.6172,1.61755,17.00,12.00
2008.01.10 17:57:31.548,1.61725,1.61745,2.90,3.20
2008.01.10 17:57:31.856,1.6173,1.6176,6.40,0.80
2008.01.10 17:57:32.117,1.6173,1.6176,5.70,1.60
2008.01.10 17:57:32.528,1.6172,1.61755,17.80,9.60
2008.01.10 17:57:32.960,1.6172,1.61755,12.20,12.00
2008.01.10 17:57:33.421,1.6172,1.61755,12.20,12.00
2008.01.10 17:57:34.023,1.6172,1.61755,12.20,12.00
2008.01.10 17:57:34.291,1.6173,1.61755,6.40,0.80
2008.01.10 17:57:34.871,1.6173,1.6176,5.60,2.40
2008.01.10 17:57:35.521,1.6173,1.6176,5.60,0.80
2008.01.10 17:57:36.004,1.61735,1.6176,0.80,0.80
2008.01.10 17:57:38.028,1.61745,1.6176,0.80,0.80
2008.01.10 17:57:38.262,1.61745,1.61775,11.40,3.20
2008.01.10 17:57:38.316,1.6175,1.61775,3.20,3.20
2008.01.10 17:57:38.548,1.6175,1.61775,0.80,3.20
2008.01.10 17:57:38.797,1.61745,1.61775,17.00,3.20
2008.01.10 17:57:38.851,1.61755,1.61785,3.30,14.40
2008.01.10 17:57:39.070,1.6175,1.61785,14.60,14.40
2008.01.10 17:57:39.595,1.6176,1.61785,0.80,9.60
2008.01.10 17:57:39.929,1.6176,1.61785,4.00,9.60
2008.01.10 17:57:40.261,1.6176,1.61785,4.00,9.60
2008.01.10 17:57:40.659,1.6176,1.61785,4.00,9.60
2008.01.10 17:57:40.963,1.6176,1.61785,4.00,9.60
2008.01.10 17:57:41.318,1.6176,1.61785,8.10,5.60
2008.01.10 17:57:41.802,1.6176,1.61785,8.10,5.60
2008.01.10 17:57:42.273,1.6176,1.61785,8.10,5.60
2008.01.10 17:57:42.749,1.61765,1.61795,12.20,2.40
2008.01.10 17:57:43.034,1.6177,1.61795,0.80,2.40
2008.01.10 17:57:43.317,1.61765,1.61795,12.00,2.40
2008.01.10 17:57:43.746,1.61765,1.61795,12.00,5.60
2008.01.10 17:57:44.187,1.61765,1.61795,7.30,10.40
2008.01.10 17:57:44.634,1.6176,1.61785,6.40,5.60
2008.01.10 17:57:44.817,1.6177,1.6179,0.80,0.80
2008.01.10 17:57:45.037,1.61765,1.61795,11.20,10.40
2008.01.10 17:57:45.429,1.61765,1.61795,11.20,10.40
2008.01.10 17:57:45.874,1.61775,1.61795,2.00,6.40
2008.01.10 17:57:46.127,1.61775,1.61805,12.30,12.00
2008.01.10 17:57:46.535,1.61775,1.61805,6.60,12.00
2008.01.10 17:57:46.810,1.6178,1.61805,0.80,8.00
2008.01.10 17:57:47.269,1.6178,1.61805,0.80,5.60
2008.01.10 17:57:47.727,1.6178,1.61805,0.10,8.00
2008.01.10 17:57:47.943,1.6177,1.61805,12.80,11.20
2008.01.10 17:57:49.291,1.6177,1.61805,12.80,11.20
2008.01.10 17:57:49.359,1.61765,1.61795,7.40,12.80
2008.01.10 17:57:49.854,1.61775,1.61795,0.60,12.80
2008.01.10 17:57:49.927,1.61765,1.61795,4.20,6.40
2008.01.10 17:57:50.148,1.6176,1.61795,13.80,6.40
2008.01.10 17:57:50.220,1.61765,1.61795,6.80,0.80
2008.01.10 17:57:50.436,1.6176,1.618,21.00,3.20
2008.01.10 17:57:50.961,1.6177,1.618,4.80,2.40
2008.01.10 17:57:51.295,1.6177,1.61805,15.40,9.60
2008.01.10 17:57:51.635,1.61775,1.61805,1.60,8.00
2008.01.10 17:57:51.956,1.6177,1.61805,17.80,8.00
2008.01.10 17:57:52.682,1.6177,1.61805,17.80,8.00
2008.01.10 17:57:53.180,1.61775,1.61805,21.70,8.00
2008.01.10 17:57:53.679,1.61785,1.61805,3.90,7.20
2008.01.10 17:57:54.070,1.61785,1.6181,6.40,1.60
2008.01.10 17:57:54.264,1.61785,1.6181,7.20,1.60
2008.01.10 17:57:54.483,1.61785,1.61815,6.40,4.80
2008.01.10 17:57:54.867,1.61795,1.61815,5.60,1.60
2008.01.10 17:57:55.354,1.61795,1.61825,5.60,21.60
2008.01.10 17:57:55.863,1.61795,1.61825,5.60,21.60
2008.01.10 17:57:56.329,1.618,1.61825,0.80,13.60
2008.01.10 17:57:56.769,1.618,1.61825,0.80,8.80
2008.01.10 17:57:57.214,1.618,1.61825,0.80,5.60
2008.01.10 17:57:57.412,1.61805,1.61835,4.00,16.80
2008.01.10 17:57:57.768,1.61805,1.61835,4.00,16.80
2008.01.10 17:57:58.180,1.61805,1.61835,4.00,16.80
2008.01.10 17:57:58.577,1.61805,1.61835,3.20,17.60
2008.01.10 17:57:58.933,1.61805,1.61825,0.10,5.60
2008.01.10 17:57:59.025,1.618,1.61825,0.90,5.60
2008.01.10 17:57:59.371,1.618,1.61825,4.00,5.60
2008.01.10 17:57:59.841,1.618,1.61825,4.80,5.60
2008.01.10 17:57:59.928,1.618,1.6183,8.00,0.80
2008.01.10 17:58:00.332,1.618,1.61835,8.00,10.40
2008.01.10 17:58:00.741,1.61805,1.61835,2.80,10.40
2008.01.10 17:58:00.955,1.6181,1.61835,1.60,8.80
2008.01.10 17:58:01.172,1.61805,1.61835,5.60,8.80
2008.01.10 17:58:01.593,1.618,1.61835,10.40,12.00
2008.01.10 17:58:02.018,1.6181,1.61835,4.00,3.20
2008.01.10 17:58:02.449,1.61815,1.61835,1.40,3.20
2008.01.10 17:58:02.751,1.6181,1.61835,0.10,8.80
2008.01.10 17:58:03.106,1.618,1.61835,14.40,10.40
2008.01.10 17:58:03.474,1.61805,1.61825,0.70,3.20
2008.01.10 17:58:03.860,1.61805,1.61825,0.10,3.20
2008.01.10 17:58:04.244,1.61815,1.6183,1.20,1.60
2008.01.10 17:58:04.648,1.61815,1.61835,1.00,1.60
2008.01.10 17:58:05.056,1.61805,1.61835,14.20,0.80
2008.01.10 17:58:07.126,1.61815,1.61845,0.80,12.30
2008.01.10 17:58:07.141,1.61815,1.61845,2.50,12.30
2008.01.10 17:58:07.349,1.6181,1.61845,14.40,13.60
2008.01.10 17:58:07.578,1.61815,1.61845,4.20,14.40
2008.01.10 17:58:07.615,1.6181,1.61835,14.40,0.10
2008.01.10 17:58:07.831,1.6181,1.61835,5.60,6.40
2008.01.10 17:58:08.062,1.6181,1.61835,4.80,6.40
2008.01.10 17:58:08.302,1.61815,1.61835,4.00,4.40
2008.01.10 17:58:08.835,1.6183,1.61835,4.00,3.20
2008.01.10 17:58:09.356,1.6183,1.61845,0.50,1.60
2008.01.10 17:58:09.719,1.61835,1.61845,0.30,1.60
2008.01.10 17:58:09.897,1.6182,1.61845,1.20,12.00
2008.01.10 17:58:10.126,1.6182,1.61845,1.90,10.40
2008.01.10 17:58:10.487,1.6182,1.61845,4.80,3.20
2008.01.10 17:58:10.976,1.6182,1.61845,4.00,8.80
2008.01.10 17:58:11.082,1.61815,1.61845,13.60,14.40
2008.01.10 17:58:12.008,1.61815,1.61845,13.60,14.40
2008.01.10 17:58:12.307,1.61815,1.61845,14.40,14.40
2008.01.10 17:58:12.730,1.6182,1.61845,0.80,14.40
2008.01.10 17:58:13.186,1.6181,1.61845,8.80,12.30
2008.01.10 17:58:13.667,1.61815,1.61835,0.50,3.20
2008.01.10 17:58:14.080,1.61815,1.61835,2.60,3.20
2008.01.10 17:58:14.278,1.6181,1.61835,9.60,3.20
2008.01.10 17:58:14.495,1.61815,1.61835,3.40,3.20
2008.01.10 17:58:14.913,1.61815,1.61835,4.70,3.20
2008.01.10 17:58:15.372,1.61815,1.61835,20.20,3.20
2008.01.10 17:58:15.663,1.61815,1.61835,17.80,3.20
2008.01.10 17:58:15.952,1.61815,1.61845,13.60,11.50
2008.01.10 17:58:17.201,1.61815,1.61845,13.60,11.50
2008.01.10 17:58:17.670,1.61815,1.61845,13.60,11.50
2008.01.10 17:58:17.929,1.61815,1.61845,16.80,12.30
2008.01.10 17:58:18.344,1.6182,1.61845,0.80,12.30
2008.01.10 17:58:18.615,1.6182,1.61845,4.00,5.60
2008.01.10 17:58:19.040,1.6181,1.6184,14.10,0.80
2008.01.10 17:58:19.275,1.61815,1.61845,5.30,11.20
2008.01.10 17:58:19.595,1.61815,1.61845,1.40,12.00
2008.01.10 17:58:19.940,1.6181,1.61845,14.10,12.00
2008.01.10 17:58:20.344,1.6181,1.61845,9.60,18.40
2008.01.10 17:58:20.826,1.61815,1.61845,2.80,22.40
2008.01.10 17:58:21.311,1.61815,1.61835,1.90,2.40
2008.01.10 17:58:21.496,1.61815,1.61835,1.60,6.40
2008.01.10 17:58:21.717,1.6181,1.61835,7.20,0.80
2008.01.10 17:58:22.094,1.6181,1.61845,8.80,23.90
2008.01.10 17:58:22.275,1.6181,1.61845,9.60,19.20
2008.01.10 17:58:22.704,1.6181,1.61835,9.60,2.40
2008.01.10 17:58:23.020,1.6181,1.61835,9.60,2.40
2008.01.10 17:58:23.501,1.6181,1.6184,7.20,0.80
2008.01.10 17:58:23.932,1.6181,1.61845,13.80,12.80
2008.01.10 17:58:24.776,1.6181,1.61845,13.80,12.80
2008.01.10 17:58:25.059,1.6181,1.61835,13.80,2.40
2008.01.10 17:58:25.333,1.6181,1.61825,9.60,3.20
2008.01.10 17:58:25.778,1.61805,1.61825,8.20,3.20
2008.01.10 17:58:26.226,1.618,1.61825,2.40,8.80
2008.01.10 17:58:26.475,1.61795,1.61815,11.20,1.60
2008.01.10 17:58:26.724,1.61795,1.61815,8.80,3.20
2008.01.10 17:58:27.111,1.61785,1.61815,2.40,16.00
2008.01.10 17:58:27.509,1.61785,1.61815,4.80,14.40
2008.01.10 17:58:27.924,1.61785,1.61815,4.80,14.40
2008.01.10 17:58:28.396,1.61785,1.61815,4.80,16.80
2008.01.10 17:58:28.873,1.61785,1.61815,0.10,14.40
2008.01.10 17:58:29.292,1.61785,1.61805,4.00,6.40
2008.01.10 17:58:29.680,1.61785,1.61805,0.80,6.40
2008.01.10 17:58:30.081,1.61785,1.61805,0.80,6.40
2008.01.10 17:58:30.576,1.6178,1.61805,0.80,10.40
2008.01.10 17:58:30.677,1.61785,1.61805,0.80,8.80
2008.01.10 17:58:31.094,1.61785,1.61815,8.00,10.40
2008.01.10 17:58:31.520,1.61785,1.61805,0.10,8.80
2008.01.10 17:58:31.955,1.6178,1.61805,0.80,9.60
2008.01.10 17:58:32.045,1.6178,1.61805,0.80,9.60
2008.01.10 17:58:32.399,1.6178,1.61805,0.80,13.60
2008.01.10 17:58:32.809,1.6178,1.618,0.80,0.80
2008.01.10 17:58:33.214,1.61775,1.618,0.10,0.80
2008.01.10 17:58:33.518,1.6178,1.61795,0.80,0.80
2008.01.10 17:58:33.821,1.61775,1.618,4.80,1.60
2008.01.10 17:58:34.239,1.61775,1.618,8.00,0.80
2008.01.10 17:58:34.449,1.61775,1.61805,9.60,12.80
2008.01.10 17:58:34.663,1.61775,1.61795,8.80,3.20
2008.01.10 17:58:35.063,1.61775,1.61795,5.60,3.20
2008.01.10 17:58:35.500,1.61775,1.61795,8.00,3.20
2008.01.10 17:58:35.680,1.61775,1.61795,8.00,3.20
2008.01.10 17:58:35.964,1.61775,1.61795,5.60,3.20
2008.01.10 17:58:36.212,1.61775,1.61795,4.80,3.20
2008.01.10 17:58:36.465,1.61775,1.61795,3.20,3.20
2008.01.10 17:58:36.911,1.61775,1.61785,3.20,0.80
2008.01.10 17:58:37.164,1.61765,1.61785,1.60,7.20
2008.01.10 17:58:37.417,1.61765,1.61785,1.60,5.60
2008.01.10 17:58:37.852,1.61765,1.61785,1.60,5.60
2008.01.10 17:58:38.272,1.61755,1.61775,9.80,0.80
2008.01.10 17:58:38.504,1.61745,1.61775,12.20,4.00
2008.01.10 17:58:38.774,1.61745,1.61775,12.20,4.00
2008.01.10 17:58:39.188,1.61745,1.61775,9.80,4.80
2008.01.10 17:58:39.431,1.61745,1.61775,5.00,8.00
2008.01.10 17:58:39.679,1.61745,1.61775,5.00,8.00
2008.01.10 17:58:39.903,1.61745,1.6178,13.00,3.20
2008.01.10 17:58:40.137,1.61745,1.6178,12.20,3.20
2008.01.10 17:58:40.540,1.6175,1.6178,0.80,0.80
2008.01.10 17:58:40.969,1.6175,1.6178,0.80,0.80
2008.01.10 17:58:42.031,1.61755,1.6178,1.80,0.80
2008.01.10 17:58:42.600,1.61755,1.6178,1.80,0.80
2008.01.10 17:58:42.857,1.61755,1.61785,5.00,12.80
2008.01.10 17:58:43.131,1.61755,1.61785,7.20,13.60
2008.01.10 17:58:43.406,1.61755,1.6178,4.00,1.60
2008.01.10 17:58:43.876,1.61755,1.6178,4.00,1.60
2008.01.10 17:58:44.285,1.61755,1.6178,13.00,0.80
2008.01.10 17:58:44.735,1.61755,1.61785,9.80,12.00
2008.01.10 17:58:45.191,1.61755,1.61785,9.80,12.00
2008.01.10 17:58:45.979,1.61755,1.61785,9.80,12.00
2008.01.10 17:58:46.991,1.61755,1.61785,9.80,12.00
2008.01.10 17:58:47.923,1.61755,1.61785,9.80,12.00
2008.01.10 17:58:49.413,1.61755,1.61785,9.80,12.00
2008.01.10 17:58:50.208,1.61755,1.61785,9.80,12.00
2008.01.10 17:58:50.255,1.61755,1.61785,10.40,12.00
2008.01.10 17:58:50.733,1.61765,1.61785,5.60,12.00
2008.01.10 17:58:51.135,1.61765,1.61785,3.20,8.80
2008.01.10 17:58:51.407,1.61765,1.61785,3.20,5.60
2008.01.10 17:58:51.681,1.6176,1.61785,0.80,5.60
2008.01.10 17:58:52.147,1.6176,1.61785,0.80,5.60
2008.01.10 17:58:52.343,1.61755,1.61785,15.20,8.80
2008.01.10 17:58:52.987,1.61755,1.61785,15.20,8.80
2008.01.10 17:58:53.396,1.61765,1.61785,3.20,8.80
2008.01.10 17:58:53.950,1.61765,1.61785,3.20,8.80
2008.01.10 17:58:54.653,1.61765,1.61785,3.20,8.00
2008.01.10 17:58:54.860,1.6176,1.61785,0.80,9.60
2008.01.10 17:58:55.260,1.61765,1.61785,3.20,8.80
2008.01.10 17:58:55.822,1.61765,1.61785,3.20,8.80
2008.01.10 17:58:56.326,1.61765,1.61785,3.20,8.80
2008.01.10 17:58:56.709,1.61765,1.61785,5.60,8.80
2008.01.10 17:58:57.182,1.61765,1.61785,4.00,8.80
2008.01.10 17:58:57.285,1.61765,1.61785,10.40,5.60
2008.01.10 17:58:57.693,1.61775,1.6179,3.20,0.80
2008.01.10 17:58:58.106,1.61765,1.61785,0.80,9.60
2008.01.10 17:58:58.520,1.61765,1.61785,2.80,11.20
2008.01.10 17:58:58.737,1.61765,1.6179,2.80,13.60
2008.01.10 17:58:58.955,1.6176,1.61785,0.80,0.60
2008.01.10 17:58:59.367,1.6176,1.61785,0.80,11.20
2008.01.10 17:58:59.586,1.61755,1.61785,8.00,12.80
2008.01.10 17:58:59.860,1.61755,1.61775,0.10,0.50
2008.01.10 17:59:00.278,1.61755,1.6178,0.10,12.30
2008.01.10 17:59:00.739,1.61755,1.6178,0.10,13.10
2008.01.10 17:59:01.157,1.61755,1.6178,0.10,13.10
2008.01.10 17:59:01.572,1.61755,1.6178,0.10,13.10
2008.01.10 17:59:03.549,1.61755,1.6178,0.10,12.30
2008.01.10 17:59:03.582,1.61745,1.6178,5.60,13.90
2008.01.10 17:59:03.806,1.61745,1.6178,5.60,13.90
2008.01.10 17:59:04.025,1.61745,1.6177,3.20,4.80
2008.01.10 17:59:04.260,1.61745,1.61765,0.10,0.80
2008.01.10 17:59:04.288,1.61745,1.61765,4.00,0.70
2008.01.10 17:59:04.511,1.61745,1.61765,4.00,0.80
2008.01.10 17:59:04.750,1.61745,1.61775,4.00,17.70
2008.01.10 17:59:05.271,1.61745,1.6177,3.20,4.00
2008.01.10 17:59:05.795,1.61745,1.61765,4.00,0.60
2008.01.10 17:59:06.015,1.61745,1.6177,5.60,9.60
2008.01.10 17:59:06.654,1.61745,1.6177,6.40,9.60
2008.01.10 17:59:07.079,1.61745,1.61765,6.40,0.70
2008.01.10 17:59:07.537,1.61745,1.61765,2.40,0.90
2008.01.10 17:59:07.805,1.61745,1.61775,4.00,19.20
2008.01.10 17:59:08.175,1.61745,1.61775,4.00,19.20
2008.01.10 17:59:08.455,1.61745,1.61775,6.40,17.60
2008.01.10 17:59:08.892,1.61745,1.61775,6.40,17.60
2008.01.10 17:59:09.124,1.61745,1.6177,8.80,6.40
2008.01.10 17:59:09.373,1.6175,1.61785,0.80,25.10
2008.01.10 17:59:09.796,1.6175,1.61775,0.80,0.70
2008.01.10 17:59:10.240,1.6175,1.61775,0.80,0.70
2008.01.10 17:59:10.638,1.61745,1.6178,4.80,17.10
2008.01.10 17:59:10.852,1.61745,1.61775,3.20,0.60
2008.01.10 17:59:11.153,1.61745,1.6178,4.00,20.30
2008.01.10 17:59:12.073,1.61745,1.6178,5.60,14.40
2008.01.10 17:59:12.556,1.61745,1.61775,8.80,0.70
2008.01.10 17:59:13.055,1.61745,1.61775,8.80,0.90
2008.01.10 17:59:13.460,1.61745,1.61765,6.40,0.60
2008.01.10 17:59:13.875,1.61745,1.61765,7.20,0.80
2008.01.10 17:59:13.908,1.61745,1.61775,8.80,0.60
2008.01.10 17:59:14.317,1.61745,1.61775,6.40,0.90
2008.01.10 17:59:15.293,1.61745,1.6178,6.40,13.10
2008.01.10 17:59:15.758,1.61745,1.61775,3.20,0.70
2008.01.10 17:59:16.020,1.61745,1.6178,5.60,13.80
2008.01.10 17:59:16.283,1.61745,1.61775,7.20,0.70
2008.01.10 17:59:16.688,1.61745,1.6178,4.00,14.90
2008.01.10 17:59:17.154,1.61745,1.61775,3.20,14.90
2008.01.10 17:59:17.568,1.61745,1.61775,3.20,16.50
2008.01.10 17:59:17.972,1.61745,1.61775,3.20,0.70
2008.01.10 17:59:18.748,1.61745,1.6178,3.20,17.30
2008.01.10 17:59:19.104,1.61745,1.61775,3.20,0.70
2008.01.10 17:59:19.500,1.61745,1.6178,3.20,17.30
2008.01.10 17:59:19.907,1.61745,1.61775,3.20,17.30
2008.01.10 17:59:20.129,1.61745,1.6177,3.20,5.10
2008.01.10 17:59:20.353,1.61745,1.6177,3.70,8.00
2008.01.10 17:59:20.766,1.61745,1.61765,3.70,0.80
2008.01.10 17:59:20.992,1.61745,1.61765,3.20,0.90
2008.01.10 17:59:21.290,1.61745,1.6177,3.20,10.70
2008.01.10 17:59:21.712,1.61745,1.6177,3.20,6.40
2008.01.10 17:59:22.203,1.61745,1.6177,3.20,8.00
2008.01.10 17:59:22.599,1.61745,1.6177,3.20,11.20
2008.01.10 17:59:22.812,1.61745,1.6177,3.20,4.30
2008.01.10 17:59:23.034,1.61745,1.6177,4.80,3.50
2008.01.10 17:59:23.474,1.61745,1.61765,3.20,0.50
2008.01.10 17:59:23.928,1.61735,1.61755,4.80,0.80
2008.01.10 17:59:24.003,1.61735,1.61765,0.80,9.10
2008.01.10 17:59:24.400,1.61735,1.6176,3.20,3.50
2008.01.10 17:59:24.838,1.61735,1.61755,3.20,0.60
2008.01.10 17:59:24.889,1.61735,1.61755,4.80,0.50
2008.01.10 17:59:25.298,1.61735,1.6176,4.80,3.50
2008.01.10 17:59:25.717,1.61735,1.6176,4.80,3.50
2008.01.10 17:59:25.939,1.61735,1.61755,4.80,0.50
2008.01.10 17:59:26.840,1.61735,1.6176,4.80,4.30
2008.01.10 17:59:27.123,1.61735,1.61755,4.80,0.90
2008.01.10 17:59:27.621,1.61735,1.61755,4.80,2.70
2008.01.10 17:59:28.168,1.61735,1.61755,4.80,2.70
2008.01.10 17:59:28.597,1.61735,1.61755,4.80,3.50
2008.01.10 17:59:29.015,1.61735,1.61755,3.20,9.90
2008.01.10 17:59:29.220,1.61735,1.61745,3.20,8.30
2008.01.10 17:59:29.430,1.61725,1.61745,3.20,8.30
2008.01.10 17:59:29.829,1.6172,1.61745,0.10,9.10
2008.01.10 17:59:30.312,1.61715,1.61735,0.80,10.10
2008.01.10 17:59:30.798,1.61705,1.6173,1.60,0.80
2008.01.10 17:59:31.230,1.61705,1.61725,0.10,2.90
2008.01.10 17:59:31.629,1.61695,1.61725,9.80,11.70
2008.01.10 17:59:31.657,1.61695,1.61725,9.00,11.70
2008.01.10 17:59:32.054,1.61695,1.61715,6.60,2.90
2008.01.10 17:59:32.543,1.61695,1.61715,3.20,2.90
2008.01.10 17:59:33.051,1.6169,1.61715,0.80,2.90
2008.01.10 17:59:33.661,1.6169,1.61715,0.80,2.90
2008.01.10 17:59:33.956,1.6169,1.6171,0.80,1.60
2008.01.10 17:59:34.355,1.6169,1.61705,0.10,3.50
2008.01.10 17:59:34.568,1.61685,1.61705,1.60,13.90
2008.01.10 17:59:34.785,1.61685,1.61705,1.60,8.80
2008.01.10 17:59:35.189,1.6168,1.61705,0.80,5.60
2008.01.10 17:59:35.278,1.61685,1.6171,4.00,0.80
2008.01.10 17:59:35.700,1.61685,1.61715,4.00,14.70
2008.01.10 17:59:36.200,1.61685,1.6171,3.20,0.80
2008.01.10 17:59:36.473,1.61685,1.6171,3.20,0.80
2008.01.10 17:59:36.727,1.61685,1.6171,0.10,0.80
2008.01.10 17:59:37.172,1.61685,1.6171,0.10,0.80
2008.01.10 17:59:37.581,1.61685,1.6171,0.10,0.80
2008.01.10 17:59:37.997,1.61685,1.6171,0.10,0.80
2008.01.10 17:59:39.900,1.61685,1.6171,0.10,0.80
2008.01.10 17:59:39.932,1.61675,1.61695,2.40,2.70
2008.01.10 17:59:40.145,1.6167,1.61695,0.10,4.30
2008.01.10 17:59:40.386,1.6167,1.61695,0.10,4.30
2008.01.10 17:59:40.414,1.61665,1.61695,9.00,14.70
2008.01.10 17:59:40.652,1.61665,1.61695,9.00,14.70
2008.01.10 17:59:40.874,1.61665,1.61695,9.00,14.70
2008.01.10 17:59:40.951,1.61665,1.61695,7.40,15.50
2008.01.10 17:59:41.326,1.61665,1.61685,4.80,3.50
2008.01.10 17:59:41.666,1.61665,1.61685,4.80,3.50
2008.01.10 17:59:41.999,1.61665,1.61685,4.80,2.70
2008.01.10 17:59:42.372,1.61665,1.61685,4.80,2.70
2008.01.10 17:59:42.550,1.61665,1.61685,4.80,2.70
2008.01.10 17:59:42.791,1.61665,1.61685,4.80,2.70
2008.01.10 17:59:43.205,1.61665,1.61685,4.80,2.70
2008.01.10 17:59:43.887,1.61665,1.61685,4.80,2.70
2008.01.10 17:59:45.105,1.6166,1.61685,0.80,8.30
2008.01.10 17:59:45.630,1.6166,1.61685,0.80,8.30
2008.01.10 17:59:45.899,1.6166,1.61685,0.80,8.30
2008.01.10 17:59:46.227,1.6166,1.61685,0.80,5.60
2008.01.10 17:59:46.756,1.61675,1.61685,0.10,0.10
2008.01.10 17:59:47.090,1.61675,1.61705,8.00,14.40
2008.01.10 17:59:47.432,1.6168,1.61705,0.80,10.40
2008.01.10 17:59:47.697,1.6168,1.61705,0.80,2.40
2008.01.10 17:59:48.085,1.6168,1.61705,0.80,2.40
2008.01.10 17:59:48.277,1.6168,1.6171,0.80,0.80
2008.01.10 17:59:48.613,1.6168,1.6171,0.80,0.80
2008.01.10 17:59:49.065,1.61685,1.61715,0.10,14.40
2008.01.10 17:59:49.399,1.61675,1.61705,14.20,4.80
2008.01.10 17:59:49.652,1.61685,1.61705,0.80,5.60
2008.01.10 17:59:50.012,1.61685,1.61705,4.40,1.60
2008.01.10 17:59:50.407,1.61685,1.61715,9.60,11.20
2008.01.10 17:59:50.430,1.61685,1.61705,4.80,2.40
2008.01.10 17:59:50.846,1.6169,1.61705,0.10,1.60
2008.01.10 17:59:51.266,1.61685,1.6171,6.80,0.80
2008.01.10 17:59:51.494,1.61685,1.61715,5.60,16.00
2008.01.10 17:59:51.778,1.61685,1.61715,6.80,14.40
2008.01.10 17:59:52.191,1.61695,1.61715,3.20,9.60
2008.01.10 17:59:52.660,1.61695,1.61715,3.20,9.60
2008.01.10 17:59:52.756,1.61695,1.61715,0.80,12.00
2008.01.10 17:59:53.105,1.61685,1.61715,6.00,10.40
2008.01.10 17:59:53.518,1.61695,1.61715,2.80,0.80
2008.01.10 17:59:53.741,1.61695,1.61725,3.60,20.00
2008.01.10 17:59:53.995,1.61695,1.61725,3.60,14.40
2008.01.10 17:59:54.413,1.61695,1.61725,2.40,18.40
2008.01.10 17:59:54.860,1.61695,1.61725,5.20,14.40
2008.01.10 17:59:54.875,1.61695,1.61725,1.30,14.40
2008.01.10 17:59:55.062,1.61705,1.61725,1.60,12.00
2008.01.10 17:59:55.281,1.61695,1.61725,9.20,12.00
2008.01.10 17:59:55.683,1.61705,1.61735,4.80,12.00
2008.01.10 17:59:56.078,1.61715,1.61725,0.80,5.60
2008.01.10 17:59:56.566,1.61715,1.61735,0.80,9.60
2008.01.10 17:59:56.867,1.61725,1.61735,0.80,8.80
2008.01.10 17:59:57.165,1.6172,1.61745,0.80,20.00
2008.01.10 17:59:57.510,1.61725,1.61745,0.10,12.00
2008.01.10 17:59:57.939,1.61715,1.61735,0.10,8.80
2008.01.10 17:59:58.327,1.61715,1.61735,1.60,12.80
2008.01.10 17:59:59.139,1.61715,1.61735,1.60,12.80
2008.01.10 17:59:59.940,1.61715,1.61735,1.60,12.80
