2009.03.23 10:00:00.512,1.316,1.31615,10.80,6.40
2009.03.23 10:00:00.782,1.316,1.31615,3.60,6.40
2009.03.23 10:00:01.252,1.316,1.3161,3.60,1.60
2009.03.23 10:00:01.601,1.31595,1.3161,3.60,6.40
2009.03.23 10:00:01.821,1.3159,1.31605,10.00,6.40
2009.03.23 10:00:02.161,1.31585,1.316,9.60,4.80
2009.03.23 10:00:02.501,1.3158,1.31595,12.20,4.80
2009.03.23 10:00:02.851,1.3158,1.31595,3.60,6.40
2009.03.23 10:00:03.541,1.31575,1.3159,2.00,1.60
2009.03.23 10:00:03.701,1.31585,1.3159,3.60,1.60
2009.03.23 10:00:03.861,1.31585,1.31595,3.60,1.60
2009.03.23 10:00:05.670,1.31585,1.316,3.60,6.40
2009.03.23 10:00:06.200,1.31585,1.316,3.60,4.80
2009.03.23 10:00:06.431,1.31585,1.316,3.60,6.40
2009.03.23 10:00:07.580,1.31575,1.3159,9.40,1.60
2009.03.23 10:00:07.810,1.31575,1.3159,11.60,6.40
2009.03.23 10:00:08.092,1.3158,1.31595,3.60,6.40
2009.03.23 10:00:08.430,1.3157,1.31585,20.20,8.00
2009.03.23 10:00:08.760,1.3158,1.31595,3.60,6.40
2009.03.23 10:00:09.380,1.3158,1.3159,3.60,1.60
2009.03.23 10:00:09.840,1.3158,1.31595,3.60,4.80
2009.03.23 10:00:10.520,1.31585,1.316,3.60,6.40
2009.03.23 10:00:10.969,1.31585,1.31595,3.60,1.60
2009.03.23 10:00:18.297,1.31585,1.3159,1.60,4.80
2009.03.23 10:00:18.527,1.3158,1.3159,6.80,1.60
2009.03.23 10:00:18.648,1.3158,1.31595,3.60,14.40
2009.03.23 10:00:18.758,1.3158,1.31595,3.60,6.40
2009.03.23 10:00:20.077,1.31585,1.31595,3.60,1.60
2009.03.23 10:00:20.417,1.3158,1.31595,3.60,6.40
2009.03.23 10:00:20.767,1.31585,1.31595,3.60,1.60
2009.03.23 10:00:22.437,1.3158,1.31595,4.60,9.60
2009.03.23 10:00:22.787,1.3158,1.31595,5.20,6.40
2009.03.23 10:00:23.126,1.31585,1.316,3.60,6.40
2009.03.23 10:00:23.446,1.3158,1.31595,5.20,4.80
2009.03.23 10:00:23.856,1.31585,1.316,3.60,6.40
2009.03.23 10:00:24.436,1.31585,1.3159,3.60,1.60
2009.03.23 10:00:24.666,1.3158,1.3159,1.40,1.60
2009.03.23 10:00:32.354,1.3158,1.3159,1.40,1.40
2009.03.23 10:00:32.584,1.3158,1.31595,1.40,9.40
2009.03.23 10:00:32.884,1.3158,1.31595,1.40,6.20
2009.03.23 10:00:33.164,1.3158,1.31595,5.20,1.40
2009.03.23 10:00:33.494,1.3158,1.316,5.20,6.20
2009.03.23 10:00:33.714,1.31585,1.316,3.60,1.40
2009.03.23 10:00:33.934,1.31585,1.31605,5.20,1.40
2009.03.23 10:00:34.164,1.31585,1.31605,5.80,1.40
2009.03.23 10:00:34.344,1.31585,1.31605,10.80,1.40
2009.03.23 10:00:34.803,1.31585,1.3161,12.20,9.40
2009.03.23 10:00:36.053,1.31585,1.31605,3.60,1.40
2009.03.23 10:00:36.353,1.31585,1.31605,5.20,6.20
2009.03.23 10:00:36.733,1.31585,1.316,3.60,1.40
2009.03.23 10:00:37.653,1.31585,1.31595,6.80,1.60
2009.03.23 10:00:38.282,1.31585,1.31595,3.60,1.60
2009.03.23 10:00:38.452,1.3158,1.316,14.20,6.40
2009.03.23 10:00:38.972,1.3158,1.316,8.40,6.40
2009.03.23 10:00:40.262,1.31585,1.316,5.20,1.60
2009.03.23 10:00:40.492,1.31585,1.316,6.80,1.60
2009.03.23 10:00:40.712,1.31585,1.316,5.20,1.60
2009.03.23 10:00:41.052,1.3158,1.316,2.80,9.60
2009.03.23 10:00:41.412,1.3158,1.31595,1.40,6.40
2009.03.23 10:00:42.572,1.3158,1.31595,1.40,1.60
2009.03.23 10:00:42.802,1.3158,1.3159,1.40,1.60
2009.03.23 10:00:43.252,1.3158,1.31595,1.40,6.20
2009.03.23 10:00:43.433,1.3158,1.31595,3.00,6.20
2009.03.23 10:00:43.711,1.3158,1.31595,5.20,1.40
2009.03.23 10:00:43.881,1.31585,1.316,3.60,1.40
2009.03.23 10:00:44.181,1.31575,1.3159,9.60,4.80
2009.03.23 10:00:44.401,1.3158,1.3159,1.40,9.40
2009.03.23 10:00:44.641,1.3158,1.3159,1.40,6.20
2009.03.23 10:00:44.921,1.3158,1.316,5.20,13.40
2009.03.23 10:00:45.271,1.3158,1.316,5.20,13.40
2009.03.23 10:00:45.671,1.3158,1.31595,5.20,4.80
2009.03.23 10:00:45.951,1.3158,1.31595,5.20,6.20
2009.03.23 10:00:47.180,1.31585,1.31595,3.60,14.20
2009.03.23 10:00:47.530,1.31595,1.31605,3.60,8.00
2009.03.23 10:00:47.921,1.3159,1.31605,19.20,11.20
2009.03.23 10:00:48.182,1.3159,1.316,25.20,1.60
2009.03.23 10:00:48.520,1.31595,1.31605,1.80,5.40
2009.03.23 10:00:48.800,1.31585,1.31605,7.20,5.40
2009.03.23 10:00:49.090,1.31585,1.316,3.60,6.40
2009.03.23 10:00:49.560,1.31585,1.316,3.60,1.60
2009.03.23 10:00:49.840,1.316,1.3161,1.40,9.60
2009.03.23 10:00:50.180,1.31585,1.31605,3.60,1.60
2009.03.23 10:00:50.640,1.31585,1.3161,3.60,14.40
2009.03.23 10:00:51.110,1.31585,1.31605,9.00,6.40
2009.03.23 10:00:51.329,1.3158,1.3159,8.80,1.60
2009.03.23 10:00:51.599,1.3158,1.3159,1.40,6.40
2009.03.23 10:00:51.869,1.3158,1.3159,1.40,1.60
2009.03.23 10:00:52.669,1.3158,1.3159,5.20,1.60
2009.03.23 10:00:53.369,1.3158,1.31595,5.20,6.40
2009.03.23 10:00:53.709,1.3158,1.3159,1.40,1.60
2009.03.23 10:00:54.059,1.31585,1.3159,3.60,1.60
2009.03.23 10:00:54.409,1.31585,1.31605,3.60,1.60
2009.03.23 10:00:57.308,1.3159,1.31605,5.80,1.60
2009.03.23 10:01:00.097,1.3159,1.316,5.80,11.20
2009.03.23 10:01:00.327,1.3158,1.316,14.20,6.40
2009.03.23 10:01:00.627,1.3158,1.31595,14.20,1.60
2009.03.23 10:01:00.967,1.3158,1.31595,6.80,1.60
2009.03.23 10:01:01.769,1.3158,1.31595,5.20,1.60
2009.03.23 10:01:02.067,1.3158,1.316,8.40,6.40
2009.03.23 10:01:02.407,1.3158,1.316,6.80,6.40
2009.03.23 10:01:03.436,1.3158,1.31595,3.00,4.80
2009.03.23 10:01:03.726,1.3158,1.31595,1.40,6.40
2009.03.23 10:01:04.066,1.3158,1.31595,5.20,1.60
2009.03.23 10:01:07.416,1.3158,1.31595,1.40,6.40
2009.03.23 10:01:23.941,1.3158,1.31595,5.20,9.60
2009.03.23 10:01:28.001,1.31585,1.31595,3.60,1.60
2009.03.23 10:01:28.350,1.3158,1.31595,5.20,6.40
2009.03.23 10:01:28.760,1.31585,1.31595,3.60,1.60
2009.03.23 10:01:28.931,1.31585,1.316,3.60,14.40
2009.03.23 10:01:29.440,1.31585,1.316,3.60,6.40
2009.03.23 10:01:31.739,1.31585,1.3159,3.60,8.00
2009.03.23 10:01:31.921,1.3158,1.3159,1.40,8.00
2009.03.23 10:01:32.260,1.3158,1.3159,1.40,4.80
2009.03.23 10:01:33.239,1.3158,1.3159,1.40,6.40
2009.03.23 10:01:34.899,1.3158,1.3159,1.40,1.60
2009.03.23 10:01:43.137,1.3158,1.3159,1.40,1.60
2009.03.23 10:01:43.477,1.31585,1.31595,3.60,1.60
2009.03.23 10:01:43.807,1.3158,1.31595,1.40,6.40
2009.03.23 10:01:43.927,1.3158,1.3159,1.40,1.60
2009.03.23 10:01:45.196,1.31575,1.31585,5.80,1.60
2009.03.23 10:01:45.376,1.3158,1.31585,1.40,1.60
2009.03.23 10:01:46.796,1.3158,1.31595,5.20,6.40
2009.03.23 10:01:56.074,1.3158,1.3159,1.40,6.40
2009.03.23 10:01:56.184,1.31575,1.3159,3.60,13.40
2009.03.23 10:01:56.354,1.3157,1.3159,21.40,14.00
2009.03.23 10:01:56.743,1.31575,1.3159,3.20,9.60
2009.03.23 10:01:57.083,1.3157,1.31585,16.80,1.60
2009.03.23 10:01:57.423,1.3156,1.31575,7.60,1.60
2009.03.23 10:01:57.813,1.3156,1.31575,5.20,1.60
2009.03.23 10:01:58.273,1.3156,1.31575,5.20,6.40
2009.03.23 10:02:03.262,1.3156,1.31575,1.40,9.60
2009.03.23 10:02:03.482,1.3156,1.3157,1.40,6.20
2009.03.23 10:02:07.011,1.3155,1.31565,26.80,1.60
2009.03.23 10:02:07.341,1.31555,1.31565,1.80,1.60
2009.03.23 10:02:07.521,1.31555,1.3157,1.80,6.40
2009.03.23 10:02:07.741,1.3155,1.31565,23.60,11.80
2009.03.23 10:02:08.071,1.31545,1.31555,4.60,8.00
2009.03.23 10:02:08.421,1.31535,1.31555,5.00,8.60
2009.03.23 10:02:08.651,1.31535,1.3156,1.40,3.80
2009.03.23 10:02:09.041,1.31535,1.31555,1.40,2.20
2009.03.23 10:02:10.190,1.31545,1.31555,3.60,3.00
2009.03.23 10:02:10.370,1.31545,1.3156,3.60,1.60
2009.03.23 10:02:13.490,1.31545,1.3156,3.60,6.40
2009.03.23 10:02:13.779,1.31545,1.31555,3.60,1.60
2009.03.23 10:02:14.070,1.31545,1.3156,3.60,1.60
2009.03.23 10:02:15.489,1.31535,1.31555,3.60,13.40
2009.03.23 10:02:15.659,1.31535,1.3155,3.60,4.80
2009.03.23 10:02:16.169,1.31535,1.3155,3.60,7.00
2009.03.23 10:02:16.449,1.3153,1.31535,5.80,4.80
2009.03.23 10:02:16.669,1.3152,1.3154,3.00,8.00
2009.03.23 10:02:16.839,1.3152,1.3154,5.00,12.80
2009.03.23 10:02:17.309,1.31525,1.31545,3.60,9.60
2009.03.23 10:02:17.649,1.31525,1.31545,3.60,4.80
2009.03.23 10:02:18.008,1.31525,1.31545,3.60,1.60
2009.03.23 10:02:20.688,1.31535,1.3155,3.60,1.40
2009.03.23 10:02:21.108,1.31535,1.31555,3.60,1.40
2009.03.23 10:02:22.797,1.31535,1.3156,5.00,16.60
2009.03.23 10:02:22.967,1.31535,1.3156,5.00,9.60
2009.03.23 10:02:23.267,1.31535,1.3156,12.20,1.60
2009.03.23 10:02:23.657,1.3155,1.31565,1.20,8.00
2009.03.23 10:02:24.007,1.3155,1.3157,1.20,8.00
2009.03.23 10:02:24.177,1.3155,1.31575,1.20,11.80
2009.03.23 10:02:24.557,1.3155,1.31575,1.20,9.60
2009.03.23 10:02:24.847,1.3155,1.31575,2.80,9.60
2009.03.23 10:02:25.247,1.3155,1.3157,5.80,1.60
2009.03.23 10:02:25.577,1.31545,1.3157,1.40,1.60
2009.03.23 10:02:25.867,1.31545,1.3157,7.20,1.60
2009.03.23 10:02:26.506,1.31545,1.3157,7.20,2.60
2009.03.23 10:02:26.796,1.31545,1.3156,9.60,3.00
2009.03.23 10:02:27.076,1.31545,1.3156,3.60,3.00
2009.03.23 10:02:27.366,1.31545,1.3156,3.60,1.40
2009.03.23 10:02:29.375,1.31555,1.31565,3.60,3.00
2009.03.23 10:02:29.426,1.31555,1.31565,3.60,1.40
2009.03.23 10:02:32.565,1.31545,1.3156,3.20,6.40
2009.03.23 10:02:32.785,1.31545,1.3156,3.60,11.20
2009.03.23 10:02:33.125,1.3155,1.3156,5.20,1.60
2009.03.23 10:02:33.465,1.3155,1.31565,5.20,6.40
2009.03.23 10:02:35.354,1.31545,1.31565,5.20,14.40
2009.03.23 10:02:35.464,1.31545,1.31565,5.20,16.60
2009.03.23 10:02:36.214,1.31545,1.31565,5.20,13.40
2009.03.23 10:02:36.496,1.31545,1.31565,3.60,13.40
2009.03.23 10:02:36.784,1.31545,1.31565,5.20,13.40
2009.03.23 10:02:37.704,1.3155,1.31565,3.60,7.60
2009.03.23 10:02:37.993,1.3155,1.31565,5.20,1.60
2009.03.23 10:02:42.063,1.3155,1.3156,5.20,1.60
2009.03.23 10:02:47.732,1.3155,1.31565,5.20,1.60
2009.03.23 10:02:49.401,1.3155,1.31565,6.80,1.60
2009.03.23 10:02:49.721,1.31565,1.31575,5.20,10.00
2009.03.23 10:02:50.001,1.31565,1.3158,1.40,1.60
2009.03.23 10:02:50.401,1.31565,1.31575,5.20,2.80
2009.03.23 10:02:50.801,1.31545,1.3157,6.80,11.00
2009.03.23 10:02:51.200,1.31545,1.3157,5.20,11.00
2009.03.23 10:02:51.610,1.31545,1.31565,5.20,9.40
2009.03.23 10:02:52.350,1.3155,1.31565,5.20,1.40
2009.03.23 10:02:56.099,1.3155,1.3157,5.20,11.20
2009.03.23 10:02:59.958,1.31555,1.31575,9.60,6.20
2009.03.23 10:03:00.358,1.31565,1.31575,5.80,1.40
2009.03.23 10:03:00.818,1.31565,1.3157,5.80,11.00
2009.03.23 10:03:01.228,1.3157,1.31575,5.20,2.20
2009.03.23 10:03:01.638,1.3157,1.3158,1.40,1.40
2009.03.23 10:03:01.978,1.3156,1.3158,17.00,1.40
2009.03.23 10:03:02.358,1.3156,1.3157,1.60,1.40
2009.03.23 10:03:02.827,1.3156,1.3157,1.60,11.00
2009.03.23 10:03:04.767,1.3156,1.3157,1.60,1.40
2009.03.23 10:03:06.206,1.3156,1.3157,1.60,11.00
2009.03.23 10:03:06.436,1.3156,1.3157,1.60,3.00
2009.03.23 10:03:06.606,1.3156,1.3157,1.60,1.40
2009.03.23 10:03:06.787,1.31565,1.31575,3.60,1.60
2009.03.23 10:03:07.237,1.3156,1.31575,3.20,1.60
2009.03.23 10:03:07.466,1.3156,1.3157,1.60,1.60
2009.03.23 10:03:08.126,1.3156,1.3157,1.60,6.40
2009.03.23 10:03:08.296,1.3156,1.3157,1.60,11.20
2009.03.23 10:03:08.466,1.3156,1.3157,1.60,4.80
2009.03.23 10:03:08.876,1.3156,1.3157,5.20,4.80
2009.03.23 10:03:09.056,1.3156,1.31575,6.80,1.60
2009.03.23 10:03:09.166,1.31565,1.31575,3.60,1.60
2009.03.23 10:03:09.396,1.3156,1.31575,3.20,1.60
2009.03.23 10:03:09.456,1.3156,1.3157,1.60,1.60
2009.03.23 10:03:10.355,1.3156,1.3157,1.60,11.20
2009.03.23 10:03:18.384,1.3155,1.3157,5.20,11.20
2009.03.23 10:03:22.663,1.31545,1.3156,9.60,1.60
2009.03.23 10:03:23.013,1.3154,1.3156,5.20,11.20
2009.03.23 10:03:26.622,1.3154,1.3156,5.20,12.80
2009.03.23 10:03:26.912,1.3154,1.31555,5.20,6.40
2009.03.23 10:03:27.652,1.3153,1.31555,13.60,11.80
2009.03.23 10:03:28.111,1.31525,1.3154,9.60,1.60
2009.03.23 10:03:29.591,1.31525,1.31545,12.80,1.60
2009.03.23 10:03:29.761,1.31525,1.31545,9.60,6.40
2009.03.23 10:03:30.101,1.31525,1.31545,3.60,6.40
2009.03.23 10:03:36.239,1.31525,1.3154,3.60,1.40
2009.03.23 10:03:36.399,1.31525,1.3154,3.60,6.20
2009.03.23 10:03:36.519,1.31525,1.31535,3.60,1.40
2009.03.23 10:03:37.189,1.31525,1.3154,3.60,1.60
2009.03.23 10:03:37.529,1.31525,1.31535,3.60,1.60
2009.03.23 10:03:38.109,1.31525,1.3154,3.60,1.60
2009.03.23 10:03:38.719,1.31525,1.3154,3.60,10.40
2009.03.23 10:03:39.179,1.31515,1.31535,3.60,13.20
2009.03.23 10:03:39.469,1.3152,1.31535,1.40,8.40
2009.03.23 10:03:39.689,1.31515,1.31535,5.20,13.20
2009.03.23 10:03:41.948,1.31515,1.3153,3.00,4.80
2009.03.23 10:03:42.009,1.3151,1.3153,14.20,13.00
2009.03.23 10:03:42.238,1.3151,1.31525,5.80,9.60
2009.03.23 10:03:42.638,1.315,1.3151,5.80,4.80
2009.03.23 10:03:42.978,1.31495,1.3152,1.40,3.00
2009.03.23 10:03:43.388,1.31505,1.3153,1.40,10.20
2009.03.23 10:03:43.737,1.315,1.31525,1.40,11.80
2009.03.23 10:03:43.908,1.315,1.31525,7.20,3.80
2009.03.23 10:03:44.078,1.31505,1.31525,1.40,2.20
2009.03.23 10:03:44.628,1.315,1.31525,7.20,3.80
2009.03.23 10:03:46.367,1.315,1.3152,5.80,3.80
2009.03.23 10:03:46.887,1.31495,1.31515,7.20,2.20
2009.03.23 10:03:50.296,1.31495,1.3152,7.20,3.80
2009.03.23 10:03:50.876,1.31495,1.3152,1.40,3.80
2009.03.23 10:03:51.516,1.31495,1.3152,7.20,3.80
2009.03.23 10:03:52.945,1.315,1.3152,1.40,2.20
2009.03.23 10:03:53.685,1.31495,1.31515,5.80,1.60
2009.03.23 10:03:53.965,1.31495,1.31515,5.80,2.80
2009.03.23 10:03:54.025,1.31495,1.31515,5.80,3.80
2009.03.23 10:03:54.646,1.3151,1.31515,3.60,3.80
2009.03.23 10:03:54.705,1.3151,1.31515,3.60,2.20
2009.03.23 10:03:54.935,1.31485,1.31515,10.40,3.80
2009.03.23 10:03:55.255,1.31485,1.31515,7.20,3.80
2009.03.23 10:03:55.595,1.31485,1.31505,5.80,1.60
2009.03.23 10:03:56.045,1.3148,1.31505,8.60,1.60
2009.03.23 10:03:56.434,1.3148,1.315,7.20,1.60
2009.03.23 10:03:56.814,1.31475,1.315,12.20,1.60
2009.03.23 10:03:57.225,1.3147,1.31495,14.40,1.60
2009.03.23 10:03:57.625,1.3147,1.31495,8.60,1.60
2009.03.23 10:03:58.074,1.31475,1.315,3.20,9.60
2009.03.23 10:03:58.424,1.31475,1.315,10.40,1.60
2009.03.23 10:03:58.774,1.3148,1.315,7.20,1.60
2009.03.23 10:03:59.704,1.31475,1.315,10.40,1.60
2009.03.23 10:04:00.393,1.31475,1.315,8.60,1.60
2009.03.23 10:04:02.603,1.31485,1.315,3.60,1.60
2009.03.23 10:04:02.953,1.31485,1.31505,3.60,9.40
2009.03.23 10:04:03.113,1.31485,1.31505,3.60,1.40
2009.03.23 10:04:03.393,1.31485,1.31505,3.60,9.40
2009.03.23 10:04:03.743,1.31485,1.31505,5.00,9.40
2009.03.23 10:04:03.863,1.31485,1.31505,5.00,1.40
2009.03.23 10:04:05.092,1.31485,1.31505,16.00,1.40
2009.03.23 10:04:05.352,1.3149,1.3151,1.40,1.40
2009.03.23 10:04:06.712,1.31485,1.31505,18.20,1.60
2009.03.23 10:04:06.932,1.31485,1.31505,12.20,1.60
2009.03.23 10:04:07.722,1.3149,1.3151,1.40,1.60
2009.03.23 10:04:11.951,1.3149,1.3151,1.40,9.60
2009.03.23 10:04:12.241,1.3149,1.3151,1.40,9.40
2009.03.23 10:04:12.410,1.3149,1.3151,1.40,1.40
2009.03.23 10:04:13.101,1.31505,1.3151,3.60,1.40
2009.03.23 10:04:13.450,1.31515,1.3152,3.60,2.20
2009.03.23 10:04:14.240,1.31515,1.3152,5.00,1.60
2009.03.23 10:04:14.990,1.31515,1.31545,6.60,8.60
2009.03.23 10:04:15.110,1.3152,1.31545,5.80,8.60
2009.03.23 10:04:15.280,1.31525,1.31545,3.60,2.60
2009.03.23 10:04:15.400,1.31525,1.31555,5.00,18.80
2009.03.23 10:04:15.810,1.31525,1.31555,5.00,8.60
2009.03.23 10:04:16.039,1.31525,1.3155,5.00,7.40
2009.03.23 10:04:16.440,1.31525,1.3155,13.80,1.60
2009.03.23 10:04:16.840,1.3154,1.31565,1.40,12.40
2009.03.23 10:04:17.300,1.3154,1.31565,6.60,8.60
2009.03.23 10:04:17.769,1.31545,1.31565,1.40,9.60
2009.03.23 10:04:22.628,1.31545,1.3156,1.40,4.80
2009.03.23 10:04:23.768,1.3154,1.3156,3.60,6.40
2009.03.23 10:04:24.868,1.31535,1.31555,21.40,4.80
2009.03.23 10:04:25.088,1.31535,1.31555,15.40,6.40
2009.03.23 10:04:25.377,1.31535,1.31555,12.40,6.40
2009.03.23 10:04:25.538,1.31535,1.31555,5.20,6.40
2009.03.23 10:04:30.076,1.31525,1.3155,8.20,3.80
2009.03.23 10:04:40.524,1.3153,1.31545,5.80,3.20
2009.03.23 10:04:40.584,1.3153,1.3154,5.80,2.00
2009.03.23 10:04:40.934,1.3153,1.31545,5.80,10.00
2009.03.23 10:04:41.104,1.31525,1.31545,12.60,11.60
2009.03.23 10:04:41.284,1.31525,1.31545,11.00,11.60
2009.03.23 10:04:41.454,1.31525,1.31545,9.60,11.60
2009.03.23 10:04:41.683,1.31525,1.31545,3.60,12.60
2009.03.23 10:04:41.914,1.3152,1.31545,12.60,15.60
2009.03.23 10:04:48.722,1.3152,1.31545,3.00,25.20
2009.03.23 10:04:48.832,1.3152,1.31545,5.00,25.20
2009.03.23 10:04:49.102,1.3152,1.31545,5.00,17.20
2009.03.23 10:04:51.931,1.3152,1.31545,5.00,15.60
2009.03.23 10:04:57.370,1.3152,1.31545,5.00,8.60
2009.03.23 10:04:57.640,1.31515,1.3154,14.20,1.60
2009.03.23 10:04:59.809,1.3152,1.31545,5.00,8.60
2009.03.23 10:05:00.169,1.3152,1.3154,5.00,4.80
2009.03.23 10:05:00.279,1.3152,1.31535,5.00,4.80
2009.03.23 10:05:00.389,1.3152,1.31535,3.60,4.80
2009.03.23 10:05:03.179,1.31525,1.3154,1.60,8.00
2009.03.23 10:05:03.458,1.3153,1.31535,13.80,4.80
2009.03.23 10:05:03.738,1.3153,1.31535,1.40,4.80
2009.03.23 10:05:04.148,1.31515,1.31535,5.80,6.40
2009.03.23 10:05:04.328,1.3151,1.31535,7.20,6.40
2009.03.23 10:05:04.498,1.3151,1.31535,5.80,1.60
2009.03.23 10:05:04.728,1.31505,1.31535,5.80,16.60
2009.03.23 10:05:04.908,1.315,1.31525,7.20,9.60
2009.03.23 10:05:05.088,1.31495,1.3152,6.40,1.60
2009.03.23 10:05:05.258,1.3149,1.3152,15.00,1.60
2009.03.23 10:05:05.428,1.3149,1.3152,13.00,6.40
2009.03.23 10:05:05.588,1.3149,1.3151,7.20,1.60
2009.03.23 10:05:06.617,1.3149,1.31515,7.20,8.00
2009.03.23 10:05:06.847,1.3149,1.3152,13.00,1.60
2009.03.23 10:05:07.627,1.3149,1.3151,16.80,4.80
2009.03.23 10:05:07.967,1.3149,1.3151,10.80,6.40
2009.03.23 10:05:09.337,1.315,1.3151,3.60,1.60
2009.03.23 10:05:09.567,1.315,1.31515,3.60,12.80
2009.03.23 10:05:09.917,1.3149,1.31515,8.60,14.40
2009.03.23 10:05:10.147,1.3149,1.31515,8.60,6.40
2009.03.23 10:05:10.607,1.31495,1.31515,3.20,6.40
2009.03.23 10:05:10.957,1.315,1.31525,3.00,17.60
2009.03.23 10:05:11.576,1.31505,1.31525,1.40,9.60
2009.03.23 10:05:11.856,1.31505,1.31525,5.00,4.80
2009.03.23 10:05:12.136,1.3151,1.31525,7.20,4.80
2009.03.23 10:05:12.466,1.3152,1.3153,11.80,1.60
2009.03.23 10:05:12.866,1.31535,1.31545,3.60,2.00
2009.03.23 10:05:13.306,1.31535,1.3157,3.60,6.40
2009.03.23 10:05:13.756,1.31535,1.3157,9.60,6.40
2009.03.23 10:05:13.926,1.31545,1.3157,3.60,6.40
2009.03.23 10:05:14.536,1.31545,1.31565,10.80,6.40
2009.03.23 10:05:15.295,1.31545,1.31565,3.60,6.40
2009.03.23 10:05:15.745,1.31545,1.31565,9.60,6.40
2009.03.23 10:05:16.635,1.31555,1.3157,1.40,3.80
2009.03.23 10:05:17.035,1.31545,1.31565,7.20,2.20
2009.03.23 10:05:17.205,1.31545,1.31565,1.40,3.80
2009.03.23 10:05:17.435,1.3154,1.31565,7.20,2.20
2009.03.23 10:05:17.725,1.3154,1.31565,1.40,3.80
2009.03.23 10:05:17.945,1.3154,1.31565,1.40,1.60
2009.03.23 10:05:18.874,1.3154,1.3157,1.40,11.80
2009.03.23 10:05:19.405,1.31535,1.3157,14.40,11.80
2009.03.23 10:05:19.584,1.3154,1.3157,5.80,11.80
2009.03.23 10:05:20.614,1.31535,1.3157,14.40,11.80
2009.03.23 10:05:22.364,1.3154,1.3157,1.40,10.20
2009.03.23 10:05:22.824,1.3154,1.3157,7.20,2.20
2009.03.23 10:05:28.882,1.3154,1.31565,1.40,11.80
2009.03.23 10:05:29.852,1.31535,1.3156,1.40,1.60
2009.03.23 10:05:29.912,1.31535,1.3156,1.40,3.80
2009.03.23 10:05:30.322,1.31535,1.3156,1.40,11.80
2009.03.23 10:05:32.211,1.3153,1.3155,1.40,2.20
2009.03.23 10:05:32.451,1.31525,1.3154,5.80,1.60
2009.03.23 10:05:32.911,1.31515,1.3154,1.40,9.60
2009.03.23 10:05:33.191,1.31515,1.3154,1.40,11.80
2009.03.23 10:05:36.670,1.31515,1.3154,1.40,10.80
2009.03.23 10:05:36.970,1.31515,1.3154,1.40,9.60
2009.03.23 10:05:39.150,1.3152,1.3154,1.40,8.00
2009.03.23 10:05:39.910,1.3152,1.31545,1.40,11.80
2009.03.23 10:05:42.449,1.31515,1.3154,3.20,1.60
2009.03.23 10:05:42.799,1.31515,1.3154,3.20,9.60
2009.03.23 10:05:43.139,1.31515,1.31535,3.20,4.80
2009.03.23 10:05:43.719,1.3152,1.31535,3.60,4.80
2009.03.23 10:05:44.129,1.3153,1.31535,1.60,4.80
2009.03.23 10:05:44.469,1.31535,1.3154,1.40,1.60
2009.03.23 10:05:44.648,1.3153,1.31545,3.60,12.80
2009.03.23 10:05:44.928,1.3153,1.31545,9.60,4.80
2009.03.23 10:05:45.208,1.3154,1.31555,3.60,4.80
2009.03.23 10:05:45.598,1.31535,1.3156,1.40,11.80
2009.03.23 10:05:45.938,1.31535,1.3156,1.40,3.80
2009.03.23 10:05:46.458,1.31535,1.3156,1.40,2.60
2009.03.23 10:05:46.978,1.31535,1.3156,7.20,2.60
2009.03.23 10:05:47.558,1.31545,1.31565,5.00,11.80
2009.03.23 10:05:47.958,1.3155,1.31565,1.40,1.20
2009.03.23 10:05:48.768,1.31555,1.31565,5.80,6.40
2009.03.23 10:05:49.008,1.31555,1.3157,5.80,1.60
2009.03.23 10:05:49.297,1.3155,1.3157,3.60,1.60
2009.03.23 10:05:49.587,1.31545,1.3157,1.40,11.80
2009.03.23 10:05:49.868,1.31545,1.3157,5.00,11.80
2009.03.23 10:05:50.307,1.31535,1.3156,14.40,1.60
2009.03.23 10:05:52.076,1.3155,1.3156,3.60,1.60
2009.03.23 10:05:52.416,1.3155,1.3157,3.60,3.80
2009.03.23 10:05:52.687,1.3154,1.31565,5.00,8.00
2009.03.23 10:05:52.856,1.31535,1.31555,1.60,1.60
2009.03.23 10:05:53.066,1.3153,1.3155,7.20,1.60
2009.03.23 10:05:53.336,1.31545,1.3156,3.60,14.40
2009.03.23 10:05:53.736,1.31535,1.3155,3.60,4.80
2009.03.23 10:05:55.217,1.31545,1.31555,3.60,1.60
2009.03.23 10:05:55.386,1.3154,1.31555,3.60,4.80
2009.03.23 10:05:55.826,1.31545,1.3156,3.60,6.40
2009.03.23 10:05:56.066,1.31545,1.3156,3.60,4.80
2009.03.23 10:05:56.116,1.3155,1.31565,3.60,2.20
2009.03.23 10:05:56.565,1.3155,1.3157,3.60,11.80
2009.03.23 10:05:56.915,1.3155,1.3157,3.60,3.80
2009.03.23 10:05:57.605,1.3155,1.31565,3.60,6.40
2009.03.23 10:05:57.895,1.31545,1.3155,1.40,4.80
2009.03.23 10:05:58.185,1.31535,1.3155,11.00,4.80
2009.03.23 10:05:58.635,1.31535,1.3155,5.80,6.40
2009.03.23 10:05:58.935,1.3153,1.3154,1.40,1.60
2009.03.23 10:05:59.175,1.3152,1.31535,7.20,1.60
2009.03.23 10:05:59.354,1.3152,1.3153,7.20,1.60
2009.03.23 10:05:59.515,1.3152,1.31525,5.80,1.60
2009.03.23 10:05:59.745,1.31515,1.31525,5.80,1.60
2009.03.23 10:06:00.145,1.3151,1.31515,5.80,1.60
2009.03.23 10:06:00.904,1.315,1.31515,7.20,1.60
2009.03.23 10:06:01.194,1.31505,1.31525,1.40,2.60
2009.03.23 10:06:01.494,1.31505,1.31525,1.40,10.60
2009.03.23 10:06:01.904,1.315,1.3152,1.40,8.00
2009.03.23 10:06:02.244,1.315,1.31525,1.40,1.60
2009.03.23 10:06:02.544,1.315,1.31525,1.40,9.60
2009.03.23 10:06:02.884,1.31505,1.31525,1.40,8.00
2009.03.23 10:06:03.174,1.31505,1.3153,1.40,9.60
2009.03.23 10:06:04.054,1.3151,1.3153,1.40,8.00
2009.03.23 10:06:04.384,1.3151,1.31535,1.40,11.80
2009.03.23 10:06:05.713,1.31505,1.3153,1.40,9.60
2009.03.23 10:06:06.933,1.3152,1.3153,1.40,8.00
2009.03.23 10:06:07.103,1.31525,1.31535,1.40,2.20
2009.03.23 10:06:07.383,1.3152,1.3153,5.80,1.60
2009.03.23 10:06:07.853,1.31515,1.31535,5.80,3.80
2009.03.23 10:06:08.173,1.31515,1.31535,5.80,1.60
2009.03.23 10:06:08.682,1.3152,1.31535,5.80,1.60
2009.03.23 10:06:09.272,1.31525,1.31535,5.80,1.60
2009.03.23 10:06:09.782,1.31525,1.3154,5.80,3.80
2009.03.23 10:06:10.062,1.31525,1.3154,5.80,1.60
2009.03.23 10:06:10.942,1.31525,1.31535,5.80,4.80
2009.03.23 10:06:11.642,1.31525,1.3154,5.80,1.60
2009.03.23 10:06:11.752,1.31525,1.31535,5.80,1.60
2009.03.23 10:06:12.112,1.3152,1.31535,5.80,1.60
2009.03.23 10:06:12.222,1.3152,1.3153,5.80,1.60
2009.03.23 10:06:12.562,1.3152,1.31535,5.80,1.60
2009.03.23 10:06:13.271,1.31525,1.3154,1.40,3.80
2009.03.23 10:06:13.741,1.3153,1.3154,3.60,1.60
2009.03.23 10:06:14.211,1.3152,1.31535,5.00,4.80
2009.03.23 10:06:14.321,1.3152,1.3154,5.00,1.60
2009.03.23 10:06:14.661,1.3153,1.31545,3.60,16.60
2009.03.23 10:06:14.941,1.3153,1.3155,5.00,3.80
2009.03.23 10:06:15.181,1.3153,1.3155,5.00,1.60
2009.03.23 10:06:15.811,1.31525,1.31545,5.80,1.60
2009.03.23 10:06:16.101,1.3152,1.31545,14.40,1.60
2009.03.23 10:06:16.371,1.3152,1.31545,7.20,1.60
2009.03.23 10:06:17.610,1.3153,1.31545,3.60,1.60
2009.03.23 10:06:17.900,1.3153,1.3155,5.00,2.80
2009.03.23 10:06:18.290,1.31535,1.3155,1.40,3.40
2009.03.23 10:06:18.572,1.3154,1.31555,3.60,9.80
2009.03.23 10:06:18.690,1.3154,1.31555,3.60,7.60
2009.03.23 10:06:18.960,1.3154,1.3156,5.00,3.80
2009.03.23 10:06:19.180,1.3155,1.31565,3.60,16.60
2009.03.23 10:06:19.410,1.3155,1.31565,3.60,2.60
2009.03.23 10:06:19.640,1.31545,1.31565,1.40,1.60
2009.03.23 10:06:20.559,1.3154,1.3156,5.80,1.60
2009.03.23 10:06:20.859,1.3154,1.31565,1.40,11.80
2009.03.23 10:06:21.320,1.3154,1.31565,1.40,3.80
2009.03.23 10:06:21.660,1.3154,1.3156,1.40,1.20
2009.03.23 10:06:22.569,1.31545,1.3156,1.40,1.20
2009.03.23 10:06:22.919,1.3155,1.31565,3.60,2.20
2009.03.23 10:06:23.959,1.3155,1.31565,3.60,8.60
2009.03.23 10:06:25.528,1.3155,1.31565,3.60,2.20
2009.03.23 10:06:33.377,1.31555,1.31565,3.60,2.20
2009.03.23 10:06:33.657,1.31555,1.3157,3.60,4.40
2009.03.23 10:06:33.776,1.31555,1.3157,3.60,2.20
2009.03.23 10:06:35.416,1.3155,1.3157,5.00,2.20
2009.03.23 10:06:35.576,1.3155,1.3157,3.60,3.80
2009.03.23 10:06:36.156,1.31565,1.3157,3.60,2.20
2009.03.23 10:06:36.496,1.31555,1.3157,5.00,1.20
2009.03.23 10:06:36.796,1.3155,1.31575,7.20,3.80
2009.03.23 10:06:37.136,1.31555,1.31575,11.20,1.60
2009.03.23 10:06:37.585,1.3157,1.31585,5.00,6.00
2009.03.23 10:06:37.945,1.3157,1.31585,5.00,4.80
2009.03.23 10:06:38.636,1.31565,1.31585,5.00,6.40
2009.03.23 10:06:40.625,1.31565,1.31585,5.00,8.00
2009.03.23 10:06:40.735,1.31565,1.31585,1.40,11.80
2009.03.23 10:06:41.375,1.31565,1.31585,1.40,19.80
2009.03.23 10:06:41.664,1.31555,1.3158,14.20,6.00
2009.03.23 10:06:41.954,1.31565,1.31575,3.60,9.20
2009.03.23 10:06:42.364,1.31555,1.31575,9.60,6.00
2009.03.23 10:06:42.714,1.31555,1.31575,3.60,6.00
2009.03.23 10:06:46.293,1.31555,1.31575,3.60,8.40
2009.03.23 10:06:47.513,1.31555,1.3156,3.60,8.00
2009.03.23 10:06:47.833,1.3154,1.31555,7.80,1.60
2009.03.23 10:06:48.173,1.3154,1.31555,6.60,6.40
2009.03.23 10:06:48.413,1.3154,1.31545,3.60,2.80
2009.03.23 10:06:48.763,1.31535,1.31545,5.80,8.60
2009.03.23 10:06:49.043,1.31535,1.3154,5.80,1.60
2009.03.23 10:06:49.784,1.3152,1.31535,11.00,4.80
2009.03.23 10:06:50.173,1.3152,1.3153,9.60,1.60
2009.03.23 10:06:50.582,1.3152,1.31535,5.80,8.00
2009.03.23 10:06:50.932,1.3152,1.31535,5.80,9.60
2009.03.23 10:06:51.222,1.3152,1.3153,5.80,1.60
2009.03.23 10:06:51.552,1.31515,1.3153,5.80,1.60
2009.03.23 10:06:51.952,1.3152,1.3154,4.60,2.20
2009.03.23 10:06:52.412,1.3153,1.3155,5.00,11.80
2009.03.23 10:06:52.702,1.3153,1.31545,5.00,8.00
2009.03.23 10:06:53.082,1.31525,1.31545,1.40,9.60
2009.03.23 10:06:53.482,1.31525,1.3154,1.40,8.00
2009.03.23 10:06:55.741,1.31525,1.31545,1.40,1.60
2009.03.23 10:06:56.251,1.31525,1.31545,7.20,1.60
2009.03.23 10:06:59.000,1.3153,1.3155,1.40,3.80
2009.03.23 10:06:59.170,1.31525,1.31545,7.20,1.60
2009.03.23 10:06:59.520,1.3153,1.31545,3.60,1.60
2009.03.23 10:06:59.860,1.31525,1.31545,7.20,1.60
2009.03.23 10:06:59.980,1.31525,1.3154,5.80,1.60
2009.03.23 10:07:00.642,1.3152,1.3154,5.00,1.60
2009.03.23 10:07:01.280,1.3153,1.3155,1.40,11.80
2009.03.23 10:07:01.620,1.3153,1.3155,5.00,9.60
2009.03.23 10:07:01.860,1.3153,1.3155,5.00,1.60
2009.03.23 10:07:02.340,1.31525,1.31545,3.40,1.60
2009.03.23 10:07:02.799,1.3153,1.3155,5.00,1.60
2009.03.23 10:07:03.609,1.3154,1.3155,3.60,1.60
2009.03.23 10:07:03.719,1.3154,1.31555,5.00,2.20
2009.03.23 10:07:04.069,1.3154,1.31555,3.60,8.60
2009.03.23 10:07:04.459,1.3154,1.31555,3.60,7.40
2009.03.23 10:07:04.619,1.3154,1.31555,3.60,6.40
2009.03.23 10:07:05.649,1.3154,1.31555,3.60,8.60
2009.03.23 10:07:06.169,1.3154,1.31555,5.00,2.20
2009.03.23 10:07:06.339,1.31535,1.31555,1.40,3.80
2009.03.23 10:07:07.128,1.31535,1.31555,1.40,8.60
2009.03.23 10:07:07.469,1.3153,1.3155,7.20,1.60
2009.03.23 10:07:09.668,1.3153,1.3155,1.40,1.60
2009.03.23 10:07:12.787,1.31535,1.3156,1.40,6.00
2009.03.23 10:07:12.907,1.3154,1.3156,5.00,2.20
2009.03.23 10:07:16.356,1.31545,1.3156,1.40,6.40
2009.03.23 10:07:16.586,1.3155,1.3156,3.60,1.60
2009.03.23 10:07:17.496,1.3154,1.3156,9.60,1.60
2009.03.23 10:07:17.966,1.3154,1.3156,5.80,1.60
2009.03.23 10:07:18.266,1.3153,1.31555,17.60,6.40
2009.03.23 10:07:18.546,1.3153,1.31555,12.60,6.40
2009.03.23 10:07:18.906,1.3153,1.31555,6.60,8.60
2009.03.23 10:07:19.365,1.3153,1.31555,6.60,16.60
2009.03.23 10:07:20.165,1.3153,1.31555,6.60,8.60
2009.03.23 10:07:21.488,1.3153,1.3155,5.20,1.60
2009.03.23 10:07:21.775,1.3153,1.3155,5.20,6.40
2009.03.23 10:07:22.075,1.3153,1.3155,3.60,6.40
2009.03.23 10:07:28.163,1.3153,1.3155,3.60,8.00
2009.03.23 10:07:28.503,1.31525,1.3154,3.60,6.40
2009.03.23 10:07:28.953,1.31525,1.3154,3.60,8.60
2009.03.23 10:07:30.083,1.31525,1.3154,3.60,3.80
2009.03.23 10:07:30.143,1.31525,1.3154,3.60,2.20
2009.03.23 10:07:30.653,1.31525,1.31545,3.60,6.00
2009.03.23 10:07:30.822,1.31525,1.31545,3.60,3.80
2009.03.23 10:07:31.272,1.31525,1.31545,3.60,2.60
2009.03.23 10:07:31.982,1.31525,1.3155,5.00,11.80
2009.03.23 10:07:32.222,1.31525,1.3155,5.00,3.80
2009.03.23 10:07:33.102,1.3153,1.3155,1.40,3.80
2009.03.23 10:07:33.322,1.3153,1.3155,6.60,2.20
2009.03.23 10:07:33.492,1.3153,1.3155,5.00,2.20
2009.03.23 10:07:33.722,1.3153,1.3155,3.60,2.60
2009.03.23 10:07:33.842,1.3153,1.3155,3.60,8.60
2009.03.23 10:07:33.962,1.3153,1.31545,3.60,1.20
2009.03.23 10:07:35.201,1.3153,1.3155,3.60,8.60
2009.03.23 10:07:38.061,1.3153,1.3155,3.60,8.60
2009.03.23 10:07:41.130,1.31525,1.3155,5.00,8.60
2009.03.23 10:07:41.710,1.31525,1.3155,11.00,8.60
2009.03.23 10:07:41.930,1.3153,1.3155,1.40,2.20
2009.03.23 10:07:45.529,1.31535,1.31555,5.00,3.80
2009.03.23 10:07:53.397,1.3153,1.3155,5.80,1.60
2009.03.23 10:07:53.627,1.31525,1.3155,12.60,1.60
2009.03.23 10:07:53.907,1.31525,1.3155,12.60,3.80
2009.03.23 10:07:55.566,1.31525,1.31545,12.60,1.60
2009.03.23 10:07:55.726,1.31525,1.31545,5.20,1.60
2009.03.23 10:07:59.415,1.31525,1.31545,6.80,1.60
2009.03.23 10:07:59.616,1.3153,1.31555,5.00,11.80
2009.03.23 10:08:00.176,1.3153,1.3155,5.00,4.80
2009.03.23 10:08:00.285,1.3153,1.3155,3.60,6.20
2009.03.23 10:08:00.565,1.3153,1.31555,5.00,11.80
2009.03.23 10:08:00.735,1.3153,1.3155,11.00,4.80
2009.03.23 10:08:01.085,1.3153,1.3155,3.60,6.20
2009.03.23 10:08:03.055,1.31525,1.3155,5.00,8.60
2009.03.23 10:08:03.285,1.31525,1.31545,3.60,1.60
2009.03.23 10:08:04.145,1.3153,1.3155,3.60,8.60
2009.03.23 10:08:06.514,1.31525,1.3155,1.40,16.60
2009.03.23 10:08:06.694,1.3152,1.3154,5.00,9.40
2009.03.23 10:08:06.854,1.3152,1.3154,5.00,17.40
2009.03.23 10:08:07.074,1.3152,1.31535,3.60,6.20
2009.03.23 10:08:08.173,1.3152,1.31535,3.60,7.20
2009.03.23 10:08:08.523,1.3152,1.31535,3.60,8.60
2009.03.23 10:08:13.542,1.3152,1.31535,3.60,6.20
2009.03.23 10:08:13.652,1.3152,1.31535,3.60,1.40
2009.03.23 10:08:13.822,1.3152,1.3154,5.00,11.80
2009.03.23 10:08:13.942,1.3152,1.3154,5.00,3.80
2009.03.23 10:08:15.562,1.3153,1.3154,3.60,2.20
2009.03.23 10:08:16.092,1.3153,1.31545,3.60,9.20
2009.03.23 10:08:16.381,1.3153,1.31545,3.60,7.00
2009.03.23 10:08:26.329,1.3153,1.31545,3.60,2.20
2009.03.23 10:08:32.188,1.31525,1.31545,5.00,2.20
2009.03.23 10:08:32.358,1.31525,1.31545,3.60,3.80
2009.03.23 10:08:34.127,1.31525,1.31545,11.00,2.20
2009.03.23 10:08:34.467,1.31525,1.31545,3.60,3.80
2009.03.23 10:08:34.927,1.31525,1.31545,11.00,3.40
2009.03.23 10:08:35.157,1.31525,1.3155,11.00,6.00
2009.03.23 10:08:36.397,1.31525,1.3155,11.00,14.00
2009.03.23 10:08:36.687,1.31525,1.3154,5.00,4.80
2009.03.23 10:08:37.027,1.31525,1.3154,3.60,6.40
2009.03.23 10:08:37.318,1.31525,1.3154,3.60,2.20
2009.03.23 10:08:37.487,1.31525,1.3154,3.60,6.40
2009.03.23 10:08:39.446,1.31525,1.3154,3.60,4.80
2009.03.23 10:08:39.666,1.31525,1.31545,3.60,3.80
2009.03.23 10:08:42.376,1.31525,1.3154,3.60,6.40
2009.03.23 10:08:42.895,1.31525,1.3154,3.60,1.60
2009.03.23 10:08:43.185,1.31525,1.31545,3.60,3.80
2009.03.23 10:08:47.404,1.31525,1.3153,3.60,8.00
2009.03.23 10:08:47.514,1.31525,1.31535,3.60,12.80
2009.03.23 10:08:47.744,1.3152,1.3153,1.40,4.80
2009.03.23 10:08:49.024,1.31515,1.3153,3.60,6.40
2009.03.23 10:08:54.292,1.31515,1.3153,3.60,6.20
2009.03.23 10:08:58.061,1.31515,1.31535,5.20,1.60
2009.03.23 10:08:58.231,1.31515,1.31535,5.00,1.60
2009.03.23 10:08:58.402,1.31525,1.3154,3.60,8.00
2009.03.23 10:08:58.691,1.31525,1.31545,3.60,3.80
2009.03.23 10:09:02.070,1.31525,1.3154,3.60,1.60
2009.03.23 10:09:02.800,1.31525,1.3153,3.60,8.00
2009.03.23 10:09:03.030,1.3152,1.3153,1.40,4.80
2009.03.23 10:09:03.310,1.31515,1.3153,3.60,6.40
2009.03.23 10:09:05.150,1.31515,1.3153,5.20,6.40
2009.03.23 10:09:05.270,1.31515,1.3153,5.20,1.60
2009.03.23 10:09:05.390,1.31515,1.31535,5.20,1.40
2009.03.23 10:09:05.610,1.31515,1.3154,6.60,9.40
2009.03.23 10:09:05.670,1.31515,1.3154,5.00,1.40
2009.03.23 10:09:08.289,1.31515,1.3154,11.00,1.40
2009.03.23 10:09:08.399,1.31525,1.3154,3.60,1.40
2009.03.23 10:09:12.068,1.3153,1.31545,3.60,3.80
2009.03.23 10:09:12.628,1.31525,1.31545,11.00,3.80
2009.03.23 10:09:13.108,1.31525,1.31545,5.00,3.80
2009.03.23 10:09:13.568,1.31525,1.3154,3.60,6.40
2009.03.23 10:09:18.876,1.31515,1.3154,5.00,6.40
2009.03.23 10:09:19.056,1.31515,1.31535,5.00,1.60
2009.03.23 10:09:19.176,1.31515,1.31535,3.60,1.60
2009.03.23 10:09:19.466,1.31525,1.3154,3.60,6.40
2009.03.23 10:09:20.776,1.31525,1.3154,3.60,1.60
2009.03.23 10:09:22.077,1.31525,1.3154,3.60,10.80
2009.03.23 10:09:22.305,1.31525,1.3154,3.60,16.60
2009.03.23 10:09:22.765,1.31525,1.3154,3.60,8.60
2009.03.23 10:09:22.825,1.31515,1.3154,14.20,8.60
2009.03.23 10:09:23.446,1.3151,1.31525,16.20,1.60
2009.03.23 10:09:23.855,1.3151,1.31525,5.20,1.60
2009.03.23 10:09:24.255,1.31505,1.31525,3.60,6.40
2009.03.23 10:09:24.425,1.31505,1.3152,3.60,1.60
2009.03.23 10:09:24.595,1.31495,1.3151,3.60,4.80
2009.03.23 10:09:24.775,1.315,1.3152,3.60,34.80
2009.03.23 10:09:24.955,1.31505,1.3152,3.60,20.40
2009.03.23 10:09:25.395,1.31505,1.31525,3.60,3.80
2009.03.23 10:09:26.195,1.315,1.31515,9.60,6.20
2009.03.23 10:09:26.495,1.31505,1.31525,3.60,3.80
2009.03.23 10:09:27.124,1.31505,1.31525,3.60,3.60
2009.03.23 10:09:27.404,1.31505,1.31525,3.60,1.40
2009.03.23 10:09:27.914,1.31505,1.31525,9.60,1.40
2009.03.23 10:09:29.815,1.31515,1.31525,3.60,1.40
2009.03.23 10:09:29.924,1.31515,1.3153,3.60,8.60
2009.03.23 10:09:33.923,1.3151,1.3152,5.80,4.80
2009.03.23 10:09:34.153,1.3151,1.3152,5.80,6.40
2009.03.23 10:09:34.892,1.315,1.3152,9.60,6.40
2009.03.23 10:09:35.302,1.315,1.3152,11.20,6.40
2009.03.23 10:09:35.652,1.3151,1.3153,3.60,8.60
2009.03.23 10:09:35.952,1.3151,1.31535,5.00,16.60
2009.03.23 10:09:36.232,1.31515,1.31535,3.60,1.60
2009.03.23 10:09:36.292,1.31515,1.3154,5.00,16.40
2009.03.23 10:09:36.472,1.3153,1.3154,1.60,11.60
2009.03.23 10:09:36.645,1.31525,1.3154,3.20,9.60
2009.03.23 10:09:36.702,1.31525,1.3154,6.80,8.00
2009.03.23 10:09:37.222,1.31525,1.31545,6.80,1.60
2009.03.23 10:09:37.682,1.31525,1.3154,1.60,6.40
2009.03.23 10:09:38.122,1.3152,1.3153,5.80,6.40
2009.03.23 10:09:39.152,1.3151,1.31535,11.00,7.40
2009.03.23 10:09:39.691,1.3152,1.31535,3.60,3.00
2009.03.23 10:09:40.411,1.3152,1.3154,5.00,2.20
2009.03.23 10:09:40.751,1.31515,1.3154,1.40,3.80
2009.03.23 10:09:41.211,1.31515,1.3154,7.20,1.60
2009.03.23 10:09:41.501,1.31515,1.3154,1.40,1.60
2009.03.23 10:09:43.980,1.31515,1.3154,7.20,1.60
2009.03.23 10:09:46.450,1.31515,1.3154,7.20,2.80
2009.03.23 10:09:46.560,1.3151,1.3153,7.20,1.60
2009.03.23 10:09:47.839,1.3151,1.3153,11.00,1.60
2009.03.23 10:09:48.179,1.31515,1.3153,3.60,1.60
2009.03.23 10:09:48.639,1.3152,1.3154,5.00,9.60
2009.03.23 10:09:48.879,1.3152,1.3154,5.00,1.60
2009.03.23 10:09:49.119,1.3152,1.3154,11.00,1.60
2009.03.23 10:09:49.669,1.31525,1.31545,5.00,1.60
2009.03.23 10:09:49.939,1.31525,1.3155,14.20,1.60
2009.03.23 10:09:50.689,1.31525,1.3155,21.40,1.60
2009.03.23 10:09:50.979,1.3153,1.31555,3.00,6.40
2009.03.23 10:09:51.268,1.31535,1.31555,3.60,6.40
2009.03.23 10:09:51.669,1.3154,1.31555,5.20,4.80
2009.03.23 10:09:51.959,1.3154,1.3156,5.20,11.20
2009.03.23 10:09:52.298,1.3154,1.3156,5.20,19.20
2009.03.23 10:09:52.579,1.3154,1.3156,5.20,11.20
2009.03.23 10:09:53.100,1.3154,1.31555,5.20,1.60
2009.03.23 10:09:53.488,1.3154,1.31555,3.60,3.80
2009.03.23 10:09:53.938,1.31525,1.3154,2.80,1.60
2009.03.23 10:09:54.118,1.3152,1.3154,5.80,1.60
2009.03.23 10:09:54.638,1.3152,1.31545,7.20,1.60
2009.03.23 10:09:55.398,1.31535,1.31545,1.60,1.60
2009.03.23 10:09:55.688,1.3154,1.3155,3.60,2.20
2009.03.23 10:09:55.977,1.3154,1.31555,5.00,7.00
2009.03.23 10:09:56.278,1.31535,1.31555,2.20,7.00
2009.03.23 10:09:56.497,1.3154,1.31555,3.60,7.40
2009.03.23 10:09:56.757,1.3154,1.31555,3.60,4.80
2009.03.23 10:09:57.047,1.31535,1.3155,3.60,1.60
2009.03.23 10:09:57.617,1.31525,1.31545,14.20,1.60
2009.03.23 10:09:57.897,1.31525,1.31545,7.20,1.60
2009.03.23 10:09:58.297,1.3152,1.3154,5.80,1.60
2009.03.23 10:09:59.517,1.3153,1.31545,1.40,7.00
2009.03.23 10:09:59.857,1.3153,1.3154,5.80,1.60
2009.03.23 10:10:00.136,1.31515,1.3154,18.20,1.60
2009.03.23 10:10:00.486,1.31525,1.31545,1.40,8.00
2009.03.23 10:10:00.846,1.3152,1.31545,1.40,9.60
2009.03.23 10:10:01.246,1.31525,1.3155,5.80,3.80
2009.03.23 10:10:01.596,1.3153,1.3155,3.00,3.00
2009.03.23 10:10:01.706,1.3153,1.31555,6.60,15.00
2009.03.23 10:10:01.936,1.31535,1.31555,3.60,7.40
2009.03.23 10:10:02.176,1.31535,1.31555,5.00,12.80
2009.03.23 10:10:02.756,1.31535,1.31555,11.00,4.80
2009.03.23 10:10:03.776,1.3154,1.31555,3.60,4.80
2009.03.23 10:10:03.946,1.3154,1.3156,5.20,11.20
2009.03.23 10:10:04.175,1.31545,1.3156,3.60,6.40
2009.03.23 10:10:04.456,1.31545,1.31565,5.20,11.20
2009.03.23 10:10:06.515,1.3155,1.31565,5.20,1.60
2009.03.23 10:10:06.735,1.31555,1.31565,3.60,1.60
2009.03.23 10:10:07.015,1.31545,1.31565,14.20,6.40
2009.03.23 10:10:07.315,1.31545,1.3156,8.00,1.60
2009.03.23 10:10:07.435,1.3154,1.3156,9.60,1.60
2009.03.23 10:10:08.335,1.31535,1.31555,9.60,6.40
2009.03.23 10:10:08.684,1.31535,1.31555,3.60,1.60
2009.03.23 10:10:09.035,1.31535,1.31555,9.60,1.60
2009.03.23 10:10:09.365,1.3154,1.31555,5.80,6.40
2009.03.23 10:10:09.594,1.3154,1.3155,5.80,1.60
2009.03.23 10:10:09.824,1.31535,1.3155,3.60,1.60
2009.03.23 10:10:10.164,1.31535,1.31555,3.60,6.40
2009.03.23 10:10:10.464,1.3154,1.31555,3.60,6.40
2009.03.23 10:10:10.804,1.3154,1.31555,3.60,4.80
2009.03.23 10:10:10.964,1.3154,1.3156,3.60,11.20
2009.03.23 10:10:11.324,1.3154,1.3156,5.20,11.20
2009.03.23 10:10:12.333,1.3154,1.31555,3.60,4.80
2009.03.23 10:10:12.453,1.3154,1.3156,5.20,11.20
2009.03.23 10:10:13.383,1.3154,1.3156,6.60,11.20
2009.03.23 10:10:14.673,1.3154,1.3156,7.40,11.20
2009.03.23 10:10:15.013,1.31545,1.3156,3.60,11.20
2009.03.23 10:10:15.313,1.31545,1.3156,3.60,9.60
2009.03.23 10:10:15.603,1.3154,1.3155,5.20,1.60
2009.03.23 10:10:15.843,1.31535,1.31555,5.80,6.40
2009.03.23 10:10:16.132,1.3153,1.31555,11.00,6.40
2009.03.23 10:10:16.992,1.31535,1.31555,1.40,4.80
2009.03.23 10:10:18.062,1.3154,1.31555,5.00,4.80
2009.03.23 10:10:18.402,1.3153,1.3155,11.00,1.60
2009.03.23 10:10:18.682,1.31535,1.3154,5.80,1.60
2009.03.23 10:10:19.252,1.31525,1.31545,21.40,1.60
2009.03.23 10:10:19.592,1.3153,1.31545,5.80,1.60
2009.03.23 10:10:19.822,1.3153,1.31545,7.40,1.60
2009.03.23 10:10:20.052,1.31535,1.31545,3.60,1.60
2009.03.23 10:10:20.212,1.31535,1.3155,3.60,1.60
2009.03.23 10:10:24.101,1.3153,1.31545,7.40,1.60
2009.03.23 10:10:24.550,1.3153,1.31545,5.80,1.60
2009.03.23 10:10:24.881,1.31525,1.3154,20.00,1.60
2009.03.23 10:10:25.111,1.31525,1.3154,12.80,1.60
2009.03.23 10:10:33.988,1.3153,1.31555,5.00,10.60
2009.03.23 10:10:34.208,1.3153,1.3155,11.00,4.80
2009.03.23 10:10:34.428,1.3153,1.3155,9.60,6.40
2009.03.23 10:10:34.608,1.3153,1.3155,3.60,1.60
2009.03.23 10:10:34.898,1.3153,1.31555,11.00,9.60
2009.03.23 10:10:35.078,1.3153,1.3155,11.00,4.80
2009.03.23 10:10:35.198,1.3153,1.3155,3.60,6.40
2009.03.23 10:10:35.768,1.3153,1.3155,3.60,7.40
2009.03.23 10:10:37.048,1.3153,1.3155,9.60,7.40
2009.03.23 10:10:37.167,1.3153,1.3155,9.60,2.60
2009.03.23 10:10:37.337,1.3153,1.3155,9.60,1.60
2009.03.23 10:10:37.557,1.3153,1.31555,11.00,12.40
2009.03.23 10:10:37.617,1.3153,1.31555,11.00,8.60
2009.03.23 10:10:38.077,1.3154,1.31555,3.60,7.00
2009.03.23 10:10:38.537,1.3154,1.31555,3.60,4.80
2009.03.23 10:10:40.867,1.31535,1.3155,1.40,4.80
2009.03.23 10:10:40.928,1.3153,1.3155,9.60,6.40
2009.03.23 10:10:41.307,1.3153,1.3155,9.60,8.60
2009.03.23 10:10:41.536,1.3153,1.3155,3.60,3.80
2009.03.23 10:10:41.756,1.3153,1.3155,5.00,2.20
2009.03.23 10:10:41.996,1.3153,1.31555,5.00,8.60
2009.03.23 10:10:42.276,1.3153,1.31555,11.00,8.60
2009.03.23 10:10:48.245,1.3154,1.31555,3.60,7.00
2009.03.23 10:10:49.454,1.3154,1.31555,3.60,4.80
2009.03.23 10:10:50.624,1.3154,1.31555,3.60,6.40
2009.03.23 10:10:50.745,1.3154,1.31555,3.60,8.00
2009.03.23 10:10:59.262,1.3153,1.31555,11.00,6.40
2009.03.23 10:10:59.432,1.3154,1.31555,3.60,4.80
2009.03.23 10:11:01.162,1.3154,1.31555,3.60,6.40
2009.03.23 10:11:01.511,1.3153,1.31555,11.00,8.00
2009.03.23 10:11:01.621,1.3153,1.31555,11.00,9.60
2009.03.23 10:11:02.641,1.3153,1.31555,16.00,9.60
2009.03.23 10:11:02.871,1.3153,1.31555,18.20,9.60
2009.03.23 10:11:03.091,1.31535,1.31555,7.20,6.40
2009.03.23 10:11:03.801,1.31535,1.31555,7.20,8.00
2009.03.23 10:11:05.520,1.3154,1.31555,3.60,6.40
2009.03.23 10:11:05.640,1.31545,1.3156,5.20,4.80
2009.03.23 10:11:05.861,1.31545,1.3156,6.60,1.60
2009.03.23 10:11:05.920,1.31545,1.31565,6.60,22.20
2009.03.23 10:11:06.040,1.31545,1.3156,5.00,4.80
2009.03.23 10:11:14.318,1.31545,1.31555,1.40,4.80
2009.03.23 10:11:15.018,1.3154,1.31555,3.60,4.80
2009.03.23 10:11:33.854,1.3154,1.31555,5.00,4.80
2009.03.23 10:11:34.184,1.31535,1.31555,11.00,4.80
2009.03.23 10:11:34.473,1.31535,1.31555,11.00,8.00
2009.03.23 10:11:34.704,1.31535,1.31555,7.20,8.00
2009.03.23 10:11:35.553,1.31535,1.31555,7.20,9.00
2009.03.23 10:11:35.673,1.31535,1.31555,7.20,10.20
2009.03.23 10:11:35.843,1.31535,1.31555,1.40,10.20
2009.03.23 10:11:36.553,1.3154,1.31555,1.40,10.20
2009.03.23 10:11:36.713,1.3154,1.31555,5.00,8.60
2009.03.23 10:11:38.273,1.3154,1.31555,5.00,4.80
2009.03.23 10:11:42.162,1.3154,1.31555,1.40,8.00
2009.03.23 10:11:42.392,1.31535,1.31555,7.20,8.00
2009.03.23 10:11:42.801,1.31535,1.31555,1.40,8.00
2009.03.23 10:11:49.120,1.3154,1.31555,3.60,8.00
2009.03.23 10:11:49.300,1.3154,1.31555,3.60,6.40
2009.03.23 10:11:49.410,1.3154,1.31555,5.00,6.40
2009.03.23 10:11:59.188,1.3154,1.31555,3.60,11.80
2009.03.23 10:11:59.358,1.3153,1.31555,11.00,11.80
2009.03.23 10:12:02.247,1.3154,1.31555,3.60,11.80
2009.03.23 10:12:02.467,1.3154,1.31555,3.60,10.20
2009.03.23 10:12:04.636,1.31535,1.3155,1.40,4.80
2009.03.23 10:12:04.816,1.3153,1.3155,11.00,6.40
2009.03.23 10:12:05.166,1.3153,1.3155,9.60,6.40
2009.03.23 10:12:05.516,1.3153,1.3155,3.60,8.00
2009.03.23 10:12:05.986,1.3153,1.31545,3.60,7.00
2009.03.23 10:12:09.095,1.31525,1.3154,5.20,6.40
2009.03.23 10:12:09.555,1.31525,1.3154,3.60,6.40
2009.03.23 10:12:15.503,1.3153,1.3154,3.60,1.60
2009.03.23 10:12:15.943,1.3153,1.31545,3.60,8.60
2009.03.23 10:12:18.973,1.31525,1.31545,5.00,8.60
2009.03.23 10:12:19.143,1.31525,1.3154,3.60,1.60
2009.03.23 10:12:19.363,1.3152,1.3154,5.20,2.60
2009.03.23 10:12:19.543,1.3152,1.3154,3.60,2.60
2009.03.23 10:12:19.653,1.3152,1.3154,3.60,3.80
2009.03.23 10:12:20.393,1.31535,1.3154,3.00,2.20
2009.03.23 10:12:20.572,1.31535,1.31545,3.00,3.60
2009.03.23 10:12:20.803,1.31535,1.3154,1.40,1.60
2009.03.23 10:12:21.022,1.31525,1.31545,6.80,1.60
2009.03.23 10:12:21.372,1.31525,1.3155,8.20,16.60
2009.03.23 10:12:21.652,1.31525,1.3155,8.20,15.60
2009.03.23 10:12:21.822,1.31525,1.3155,14.20,6.40
2009.03.23 10:12:23.561,1.3154,1.3155,5.00,6.40
2009.03.23 10:12:23.852,1.3155,1.3156,20.40,1.60
2009.03.23 10:12:26.201,1.3157,1.3159,7.40,8.00
2009.03.23 10:12:26.561,1.3157,1.3159,3.60,6.40
2009.03.23 10:12:26.961,1.3157,1.31585,5.80,1.60
2009.03.23 10:12:27.201,1.31555,1.3157,11.50,4.80
2009.03.23 10:12:27.371,1.31565,1.3157,5.80,4.80
2009.03.23 10:12:27.491,1.31575,1.3158,3.60,3.20
2009.03.23 10:12:27.781,1.31575,1.3159,3.60,1.60
2009.03.23 10:12:28.361,1.3157,1.3159,3.60,6.40
2009.03.23 10:12:28.641,1.31565,1.31575,5.80,1.60
2009.03.23 10:12:28.930,1.31555,1.31575,11.20,6.40
2009.03.23 10:12:29.220,1.31555,1.31575,3.60,6.40
2009.03.23 10:12:29.660,1.31555,1.3157,9.60,1.60
2009.03.23 10:12:30.111,1.3155,1.31575,7.20,8.60
2009.03.23 10:12:30.440,1.3155,1.31575,1.40,8.60
2009.03.23 10:12:31.230,1.3155,1.31575,4.60,8.60
2009.03.23 10:12:31.290,1.3156,1.3158,1.40,4.40
2009.03.23 10:12:31.570,1.3156,1.3158,1.40,2.20
2009.03.23 10:12:32.679,1.31555,1.3158,7.20,3.80
2009.03.23 10:12:33.609,1.31555,1.3158,11.00,3.80
2009.03.23 10:12:33.839,1.31555,1.3158,7.20,3.80
2009.03.23 10:12:34.119,1.31555,1.31575,5.80,6.40
2009.03.23 10:12:34.639,1.3155,1.31575,7.20,6.40
2009.03.23 10:12:35.799,1.3157,1.31585,7.00,1.60
2009.03.23 10:12:35.979,1.3157,1.31585,3.20,1.20
2009.03.23 10:12:36.209,1.3156,1.31585,1.60,9.40
2009.03.23 10:12:36.319,1.31565,1.3158,1.00,1.60
2009.03.23 10:12:36.599,1.31565,1.3158,1.00,2.60
2009.03.23 10:12:36.828,1.3156,1.3158,1.40,2.20
2009.03.23 10:12:39.868,1.3156,1.3158,1.40,1.20
2009.03.23 10:12:39.927,1.31565,1.3158,3.60,1.20
2009.03.23 10:12:40.038,1.31565,1.31585,3.60,3.80
2009.03.23 10:12:40.328,1.3157,1.3159,1.40,2.20
2009.03.23 10:12:48.845,1.3158,1.3159,3.60,2.20
2009.03.23 10:12:49.066,1.3158,1.3159,3.60,3.40
2009.03.23 10:12:49.236,1.3158,1.31595,6.80,8.60
2009.03.23 10:12:49.405,1.3158,1.31595,5.20,2.80
2009.03.23 10:12:49.695,1.3158,1.31595,3.60,1.60
2009.03.23 10:12:52.335,1.3158,1.316,5.00,2.20
2009.03.23 10:12:52.894,1.31585,1.316,1.40,2.20
2009.03.23 10:12:53.185,1.3158,1.316,5.00,2.20
2009.03.23 10:12:54.844,1.31585,1.316,1.40,2.20
2009.03.23 10:12:56.884,1.31585,1.31605,1.40,17.20
2009.03.23 10:12:56.934,1.31585,1.31605,3.00,17.20
2009.03.23 10:12:57.104,1.31585,1.31605,5.00,15.00
2009.03.23 10:12:57.163,1.3159,1.31605,5.20,14.00
2009.03.23 10:12:57.223,1.3159,1.31605,5.20,12.80
2009.03.23 10:12:57.403,1.3159,1.31605,5.20,4.80
2009.03.23 10:12:57.863,1.3159,1.31605,5.20,12.80
2009.03.23 10:12:58.763,1.3159,1.31605,5.20,6.40
2009.03.23 10:12:59.293,1.3159,1.31605,5.20,14.40
2009.03.23 10:13:00.133,1.3159,1.31605,5.20,6.40
2009.03.23 10:13:01.842,1.3159,1.31605,1.40,6.40
2009.03.23 10:13:02.013,1.3159,1.31605,5.20,4.80
2009.03.23 10:13:09.870,1.3159,1.31605,5.20,4.80
2009.03.23 10:13:13.760,1.31595,1.3161,3.60,21.40
2009.03.23 10:13:13.990,1.31605,1.3161,3.60,14.40
2009.03.23 10:13:14.329,1.3161,1.3162,1.40,4.00
2009.03.23 10:13:14.569,1.3161,1.3162,1.40,4.80
2009.03.23 10:13:15.009,1.316,1.3161,13.80,4.80
2009.03.23 10:13:15.291,1.316,1.31615,10.40,7.20
2009.03.23 10:13:15.629,1.316,1.3162,10.40,6.00
2009.03.23 10:13:15.929,1.3161,1.31625,3.60,7.00
2009.03.23 10:13:16.289,1.31605,1.3161,3.00,4.80
2009.03.23 10:13:16.619,1.316,1.3161,3.60,4.80
2009.03.23 10:13:16.848,1.3161,1.31615,5.20,2.00
2009.03.23 10:13:17.129,1.3161,1.31625,5.20,8.00
2009.03.23 10:13:17.298,1.3161,1.31625,3.60,7.00
2009.03.23 10:13:18.258,1.316,1.31625,1.40,3.80
2009.03.23 10:13:18.830,1.3159,1.31615,8.60,1.60
2009.03.23 10:13:19.238,1.3159,1.3161,7.20,1.60
2009.03.23 10:13:19.578,1.31585,1.31605,7.20,8.00
2009.03.23 10:13:19.918,1.3158,1.316,8.60,1.60
2009.03.23 10:13:20.258,1.3158,1.3161,8.60,8.00
2009.03.23 10:13:20.608,1.3158,1.31615,14.40,11.80
2009.03.23 10:13:23.107,1.31595,1.3161,5.00,1.20
2009.03.23 10:13:23.347,1.31595,1.31605,3.60,1.60
2009.03.23 10:13:23.637,1.3158,1.31605,5.80,6.40
2009.03.23 10:13:23.987,1.3158,1.3161,7.20,2.60
2009.03.23 10:13:24.217,1.31585,1.3161,1.40,2.60
2009.03.23 10:13:24.437,1.316,1.3161,3.60,3.00
2009.03.23 10:13:24.677,1.316,1.31615,3.60,1.60
2009.03.23 10:13:24.967,1.316,1.3162,3.60,1.60
2009.03.23 10:13:26.526,1.31595,1.3162,10.40,9.60
2009.03.23 10:13:26.696,1.316,1.31615,3.60,6.40
2009.03.23 10:13:27.146,1.316,1.3161,3.60,1.60
2009.03.23 10:13:27.307,1.31595,1.3161,5.80,1.60
2009.03.23 10:13:30.175,1.3159,1.3161,17.00,1.60
2009.03.23 10:13:31.255,1.3159,1.3161,15.60,1.60
2009.03.23 10:13:31.605,1.3159,1.31605,15.60,1.60
2009.03.23 10:13:34.165,1.3159,1.3161,15.60,6.40
2009.03.23 10:13:34.285,1.3159,1.31605,15.60,1.60
2009.03.23 10:13:34.455,1.31595,1.31605,5.80,1.60
2009.03.23 10:13:34.574,1.316,1.3161,1.40,1.60
2009.03.23 10:13:34.754,1.31595,1.3161,5.80,6.40
2009.03.23 10:13:34.864,1.3159,1.31605,15.60,1.60
2009.03.23 10:13:34.985,1.316,1.31605,1.40,1.60
2009.03.23 10:13:35.444,1.316,1.3161,1.40,1.60
2009.03.23 10:13:35.804,1.3159,1.31605,15.60,1.60
2009.03.23 10:13:37.434,1.3159,1.31605,17.20,1.60
2009.03.23 10:13:37.724,1.31595,1.3161,3.60,6.40
2009.03.23 10:13:37.893,1.31595,1.3161,5.20,6.40
2009.03.23 10:13:38.723,1.31595,1.3161,3.60,6.40
2009.03.23 10:13:39.523,1.3159,1.3161,17.20,1.60
2009.03.23 10:13:39.693,1.3159,1.3161,11.20,3.20
2009.03.23 10:13:39.863,1.3159,1.31605,9.40,1.60
2009.03.23 10:13:44.342,1.31555,1.31585,11.00,1.60
2009.03.23 10:13:44.942,1.3156,1.31585,5.00,9.60
2009.03.23 10:13:45.162,1.3157,1.31575,1.60,4.80
2009.03.23 10:13:45.342,1.3158,1.3159,5.20,2.60
2009.03.23 10:13:45.572,1.3158,1.3159,1.40,1.60
2009.03.23 10:13:45.892,1.3158,1.31595,5.20,6.40
2009.03.23 10:13:46.172,1.31585,1.316,3.60,1.60
2009.03.23 10:13:46.631,1.31585,1.316,6.80,1.60
2009.03.23 10:13:46.911,1.31585,1.31605,8.20,1.60
2009.03.23 10:13:47.082,1.31585,1.31605,5.00,1.60
2009.03.23 10:13:49.691,1.31585,1.31605,5.00,6.40
2009.03.23 10:13:49.921,1.31585,1.31605,6.60,6.40
2009.03.23 10:13:50.151,1.31585,1.316,3.60,1.60
2009.03.23 10:13:50.431,1.3158,1.31595,5.20,4.80
2009.03.23 10:13:50.540,1.3159,1.316,1.40,4.80
2009.03.23 10:13:50.981,1.31585,1.316,3.60,4.80
2009.03.23 10:13:51.331,1.3158,1.31595,11.00,4.80
2009.03.23 10:13:51.680,1.3158,1.31595,5.20,4.80
2009.03.23 10:13:55.619,1.3158,1.31595,5.20,6.40
2009.03.23 10:13:55.899,1.31585,1.316,3.60,6.40
2009.03.23 10:13:56.129,1.31585,1.316,3.60,12.40
2009.03.23 10:13:56.299,1.3158,1.316,5.20,13.40
2009.03.23 10:14:01.928,1.3158,1.316,6.60,11.80
2009.03.23 10:14:03.887,1.3158,1.316,8.20,11.80
2009.03.23 10:14:03.997,1.31585,1.316,3.60,4.80
2009.03.23 10:14:08.416,1.31585,1.31595,3.60,1.60
2009.03.23 10:14:08.646,1.3158,1.31595,5.20,4.80
2009.03.23 10:14:08.926,1.3158,1.31595,5.20,6.40
2009.03.23 10:14:14.205,1.3158,1.31595,5.20,4.80
2009.03.23 10:14:16.574,1.31585,1.316,3.60,6.40
2009.03.23 10:14:16.804,1.3158,1.31595,5.20,4.80
2009.03.23 10:14:17.034,1.3158,1.31595,5.20,6.40
2009.03.23 10:14:17.394,1.31585,1.31595,3.60,1.60
2009.03.23 10:14:18.234,1.3158,1.31595,1.40,1.60
2009.03.23 10:14:18.534,1.3158,1.31595,5.20,6.40
2009.03.23 10:14:22.413,1.31585,1.31595,3.60,1.60
2009.03.23 10:14:22.533,1.31585,1.316,3.60,6.40
2009.03.23 10:14:24.662,1.3158,1.31595,5.20,4.80
2009.03.23 10:14:24.832,1.3158,1.31595,5.20,6.40
2009.03.23 10:14:25.012,1.3158,1.31595,5.20,4.80
2009.03.23 10:14:25.182,1.31585,1.316,3.60,6.40
2009.03.23 10:14:26.503,1.3158,1.31595,5.20,6.40
2009.03.23 10:14:30.041,1.3158,1.31595,5.20,6.40
2009.03.23 10:14:31.141,1.3158,1.31595,1.40,9.60
2009.03.23 10:14:31.481,1.31585,1.31595,3.60,1.60
2009.03.23 10:14:32.041,1.3158,1.31595,5.20,14.40
2009.03.23 10:14:32.320,1.3158,1.3159,1.40,1.60
2009.03.23 10:14:32.780,1.3158,1.3159,1.40,6.40
2009.03.23 10:14:33.130,1.3158,1.31595,5.20,6.40
2009.03.23 10:14:34.910,1.3158,1.31595,3.60,15.00
2009.03.23 10:14:35.200,1.31575,1.3159,3.20,1.60
2009.03.23 10:14:35.439,1.31575,1.3159,5.20,6.40
2009.03.23 10:14:37.099,1.31575,1.31595,5.20,15.40
2009.03.23 10:14:37.209,1.31575,1.31595,5.20,13.80
2009.03.23 10:14:37.569,1.3158,1.31595,5.20,6.40
2009.03.23 10:14:38.569,1.3158,1.3159,1.40,1.60
2009.03.23 10:14:39.029,1.3158,1.31595,5.20,1.60
2009.03.23 10:14:39.579,1.31585,1.31595,3.60,1.60
2009.03.23 10:14:42.178,1.31585,1.316,3.60,6.40
2009.03.23 10:14:44.258,1.3159,1.316,1.40,6.40
2009.03.23 10:14:44.547,1.3159,1.31605,5.20,6.40
2009.03.23 10:14:46.957,1.3159,1.31605,6.60,4.80
2009.03.23 10:14:47.137,1.31605,1.31615,1.00,9.60
2009.03.23 10:14:47.467,1.3161,1.31625,3.60,13.00
2009.03.23 10:14:47.767,1.31605,1.31625,5.00,9.60
2009.03.23 10:14:48.027,1.316,1.31615,1.40,4.80
2009.03.23 10:14:48.497,1.31595,1.3161,9.60,1.60
2009.03.23 10:14:49.276,1.3159,1.31605,12.60,4.80
2009.03.23 10:14:49.576,1.3159,1.31605,11.00,6.40
2009.03.23 10:14:49.806,1.31595,1.31605,3.60,1.60
2009.03.23 10:14:50.086,1.31585,1.316,9.60,6.40
2009.03.23 10:14:50.376,1.31585,1.3161,11.00,3.80
2009.03.23 10:14:50.726,1.31585,1.3161,8.20,3.80
2009.03.23 10:14:51.076,1.31585,1.31605,8.20,1.60
2009.03.23 10:14:52.966,1.31585,1.3161,8.20,3.80
2009.03.23 10:14:53.145,1.31585,1.31605,8.20,1.60
2009.03.23 10:14:53.445,1.31585,1.3161,8.20,3.80
2009.03.23 10:14:53.915,1.31585,1.316,3.60,6.40
2009.03.23 10:14:54.385,1.31585,1.31605,6.80,1.60
2009.03.23 10:14:54.905,1.31585,1.316,3.60,6.40
2009.03.23 10:14:55.875,1.31575,1.31595,8.60,6.40
2009.03.23 10:14:56.275,1.3158,1.3159,3.00,1.60
2009.03.23 10:14:56.575,1.3158,1.31595,5.20,1.60
2009.03.23 10:14:57.714,1.3158,1.316,8.40,6.40
2009.03.23 10:14:58.154,1.3158,1.316,3.00,9.60
2009.03.23 10:14:58.394,1.3158,1.3159,1.40,1.60
2009.03.23 10:15:02.203,1.3158,1.31595,5.20,1.60
2009.03.23 10:15:05.592,1.3158,1.31595,3.00,1.60
2009.03.23 10:15:05.762,1.3158,1.31595,3.00,6.40
2009.03.23 10:15:06.632,1.3158,1.31595,5.20,1.60
2009.03.23 10:15:07.642,1.3158,1.31595,3.00,1.60
2009.03.23 10:15:07.822,1.3158,1.3159,1.40,1.60
2009.03.23 10:15:08.142,1.3158,1.31595,1.40,1.60
2009.03.23 10:15:08.422,1.3158,1.3159,1.40,1.60
2009.03.23 10:15:08.692,1.3158,1.31595,1.40,1.60
2009.03.23 10:15:08.972,1.3158,1.3159,1.40,1.60
2009.03.23 10:15:09.261,1.3158,1.31595,1.40,1.60
2009.03.23 10:15:11.861,1.3158,1.31595,3.00,1.60
2009.03.23 10:15:12.451,1.3158,1.31595,3.00,6.40
2009.03.23 10:15:12.782,1.31585,1.31605,3.60,16.60
2009.03.23 10:15:13.161,1.31585,1.31605,6.80,9.60
2009.03.23 10:15:13.560,1.3159,1.3161,3.00,2.20
2009.03.23 10:15:13.851,1.3159,1.31615,3.00,19.80
2009.03.23 10:15:14.240,1.31585,1.3161,8.20,1.60
2009.03.23 10:15:14.880,1.31585,1.3161,15.40,1.60
2009.03.23 10:15:15.390,1.31595,1.31615,3.60,16.00
2009.03.23 10:15:15.681,1.31595,1.31615,5.00,12.80
2009.03.23 10:15:16.510,1.316,1.31615,5.20,9.60
2009.03.23 10:15:16.730,1.316,1.31615,5.20,8.00
2009.03.23 10:15:17.010,1.316,1.3162,5.20,13.40
2009.03.23 10:15:17.309,1.316,1.3162,5.20,12.20
2009.03.23 10:15:17.469,1.31615,1.3162,5.20,1.60
2009.03.23 10:15:17.640,1.31615,1.31625,5.20,2.80
2009.03.23 10:15:17.929,1.3162,1.31635,5.20,6.40
2009.03.23 10:15:18.219,1.3162,1.31635,5.20,4.80
2009.03.23 10:15:18.619,1.3161,1.31625,5.20,6.40
2009.03.23 10:15:19.009,1.316,1.3162,3.60,6.40
2009.03.23 10:15:20.119,1.31595,1.31615,5.80,1.60
2009.03.23 10:15:20.409,1.3159,1.31615,18.20,1.60
2009.03.23 10:15:20.749,1.3159,1.31615,12.40,1.60
2009.03.23 10:15:20.968,1.3159,1.31615,7.20,1.60
2009.03.23 10:15:21.258,1.3159,1.3161,5.80,1.60
2009.03.23 10:15:21.438,1.31585,1.3161,18.20,1.60
2009.03.23 10:15:22.658,1.3159,1.31615,7.20,1.60
2009.03.23 10:15:23.278,1.3159,1.316,5.80,1.60
2009.03.23 10:15:24.008,1.31585,1.316,3.60,1.60
2009.03.23 10:15:24.368,1.31585,1.31605,3.60,4.80
2009.03.23 10:15:26.307,1.31585,1.31605,3.60,1.60
2009.03.23 10:15:26.937,1.31585,1.3161,5.00,1.60
2009.03.23 10:15:27.467,1.31585,1.31595,1.40,9.60
2009.03.23 10:15:27.757,1.3158,1.31595,12.80,11.00
2009.03.23 10:15:28.047,1.3158,1.31595,5.20,6.20
2009.03.23 10:15:53.660,1.3158,1.31595,5.20,6.40
2009.03.23 10:15:56.790,1.3158,1.3159,5.20,1.60
2009.03.23 10:15:58.519,1.3158,1.31595,5.20,6.40
2009.03.23 10:15:58.799,1.3158,1.3159,5.20,1.60
2009.03.23 10:15:59.999,1.31585,1.316,3.60,1.60
2009.03.23 10:16:00.629,1.31585,1.31605,3.60,8.60
2009.03.23 10:16:01.089,1.31585,1.31605,3.60,6.40
2009.03.23 10:16:01.489,1.31585,1.316,3.60,1.60
2009.03.23 10:16:02.169,1.31585,1.31605,3.60,8.60
2009.03.23 10:16:07.477,1.31585,1.316,3.60,1.60
2009.03.23 10:16:07.657,1.31585,1.31605,3.60,8.60
2009.03.23 10:16:09.177,1.31585,1.31605,9.60,8.60
2009.03.23 10:16:09.977,1.31585,1.31605,3.60,8.60
2009.03.23 10:16:10.437,1.31585,1.31605,9.60,8.60
2009.03.23 10:16:10.837,1.31585,1.31605,3.60,8.60
2009.03.23 10:16:11.686,1.31585,1.316,3.60,1.60
2009.03.23 10:16:11.966,1.31585,1.31595,3.60,1.60
2009.03.23 10:16:12.876,1.31585,1.316,3.60,9.60
2009.03.23 10:16:13.206,1.31585,1.31595,3.60,8.00
2009.03.23 10:16:13.606,1.31585,1.316,3.60,8.00
2009.03.23 10:16:15.155,1.31585,1.316,3.60,9.60
2009.03.23 10:16:15.455,1.31585,1.316,3.60,1.60
2009.03.23 10:16:16.875,1.31585,1.316,3.60,9.60
2009.03.23 10:16:17.045,1.31585,1.31595,3.60,1.60
2009.03.23 10:16:17.215,1.3158,1.31595,5.20,1.60
2009.03.23 10:16:17.385,1.3158,1.3159,1.40,6.40
2009.03.23 10:16:18.924,1.3158,1.31595,5.20,1.60
2009.03.23 10:16:21.824,1.3158,1.3159,1.40,6.40
2009.03.23 10:16:21.984,1.3158,1.31595,5.20,1.60
2009.03.23 10:16:22.444,1.3158,1.3159,1.40,4.80
2009.03.23 10:16:22.674,1.3158,1.3159,5.20,1.60
2009.03.23 10:16:22.913,1.3158,1.31595,5.20,1.60
2009.03.23 10:16:23.434,1.31585,1.316,3.60,1.60
2009.03.23 10:16:25.833,1.31585,1.31595,3.60,1.60
2009.03.23 10:16:26.063,1.3158,1.31595,5.20,1.60
2009.03.23 10:16:26.543,1.3158,1.31595,5.20,9.60
2009.03.23 10:16:27.043,1.31585,1.31595,3.60,8.00
2009.03.23 10:16:27.213,1.31585,1.316,3.60,9.60
2009.03.23 10:16:27.672,1.31585,1.316,5.20,8.00
2009.03.23 10:16:27.842,1.31585,1.31605,5.20,16.60
2009.03.23 10:16:28.202,1.3159,1.31605,5.20,8.00
2009.03.23 10:16:31.391,1.3159,1.31605,5.20,9.60
2009.03.23 10:16:31.792,1.3159,1.316,3.60,1.60
2009.03.23 10:16:32.022,1.31585,1.316,3.60,1.60
2009.03.23 10:16:32.251,1.31585,1.316,3.60,9.60
2009.03.23 10:16:33.171,1.31585,1.316,3.60,14.40
2009.03.23 10:16:33.571,1.31585,1.31595,3.60,1.60
2009.03.23 10:16:35.061,1.31585,1.316,3.60,1.60
2009.03.23 10:16:35.291,1.31585,1.31595,3.60,1.60
2009.03.23 10:16:37.250,1.31585,1.316,3.60,1.60
2009.03.23 10:16:45.898,1.31585,1.31595,3.60,1.60
2009.03.23 10:16:47.538,1.31585,1.316,3.60,1.60
2009.03.23 10:16:52.056,1.31585,1.316,3.60,14.40
2009.03.23 10:16:52.347,1.3158,1.31585,4.30,8.00
2009.03.23 10:16:52.666,1.3158,1.316,5.20,19.20
2009.03.23 10:16:53.126,1.31585,1.316,3.60,14.40
2009.03.23 10:16:54.916,1.3158,1.3159,1.40,4.80
2009.03.23 10:16:55.216,1.3158,1.3159,1.40,8.00
2009.03.23 10:16:55.616,1.3158,1.316,1.40,3.00
2009.03.23 10:16:55.786,1.31585,1.316,3.60,9.40
2009.03.23 10:16:55.906,1.31585,1.3159,3.60,1.40
2009.03.23 10:16:56.245,1.3158,1.3159,1.40,9.40
2009.03.23 10:16:56.975,1.3158,1.3159,8.40,1.40
2009.03.23 10:16:57.155,1.31585,1.31595,3.60,1.60
2009.03.23 10:16:59.455,1.3158,1.3159,6.80,1.60
2009.03.23 10:17:00.795,1.31585,1.31595,3.60,9.60
2009.03.23 10:17:01.144,1.31585,1.31595,3.60,1.60
2009.03.23 10:17:05.484,1.3159,1.31595,5.20,1.60
2009.03.23 10:17:05.703,1.3159,1.316,5.20,1.60
2009.03.23 10:17:05.813,1.3159,1.31605,5.20,1.60
2009.03.23 10:17:05.933,1.3159,1.31605,3.60,2.60
2009.03.23 10:17:06.383,1.3158,1.3159,6.80,1.60
2009.03.23 10:17:08.373,1.3158,1.31595,5.20,1.60
2009.03.23 10:17:09.402,1.31585,1.31595,3.60,1.60
2009.03.23 10:17:09.872,1.3158,1.3159,5.20,1.60
2009.03.23 10:17:10.622,1.3158,1.31595,5.20,1.60
2009.03.23 10:17:10.912,1.31585,1.31595,3.60,1.60
2009.03.23 10:17:11.312,1.31585,1.31595,3.60,9.60
2009.03.23 10:17:11.662,1.3158,1.3159,5.20,1.60
2009.03.23 10:17:15.611,1.3158,1.3159,6.80,1.60
2009.03.23 10:17:15.771,1.31585,1.3159,3.60,1.60
2009.03.23 10:17:15.891,1.31585,1.316,3.60,1.60
2009.03.23 10:17:16.341,1.31585,1.316,12.40,1.60
2009.03.23 10:17:16.911,1.31585,1.316,10.80,1.60
2009.03.23 10:17:17.091,1.31585,1.316,16.80,1.60
2009.03.23 10:17:17.440,1.31585,1.316,10.80,1.60
2009.03.23 10:17:17.790,1.31585,1.316,16.80,1.60
2009.03.23 10:17:18.420,1.31585,1.316,10.80,1.60
2009.03.23 10:17:19.580,1.3159,1.31605,7.20,1.60
2009.03.23 10:17:20.730,1.3159,1.31605,2.00,6.40
2009.03.23 10:17:20.950,1.3159,1.316,5.20,1.60
2009.03.23 10:17:21.170,1.3159,1.31605,5.20,1.60
2009.03.23 10:17:21.669,1.31595,1.3161,3.60,3.20
2009.03.23 10:17:22.229,1.3159,1.3161,3.40,3.20
2009.03.23 10:17:22.349,1.31585,1.31605,23.80,1.60
2009.03.23 10:17:22.460,1.31585,1.31605,18.20,1.60
2009.03.23 10:17:22.579,1.31585,1.316,16.80,1.60
2009.03.23 10:17:22.809,1.31585,1.316,10.80,1.60
2009.03.23 10:17:26.118,1.31585,1.316,5.80,1.60
2009.03.23 10:17:26.278,1.31585,1.316,3.60,1.60
2009.03.23 10:17:27.078,1.31595,1.3161,3.60,24.60
2009.03.23 10:17:27.238,1.31595,1.3161,3.60,23.40
2009.03.23 10:17:27.298,1.3159,1.31605,1.40,4.80
2009.03.23 10:17:27.358,1.31585,1.316,3.60,1.60
2009.03.23 10:17:32.207,1.31595,1.31615,1.80,1.60
2009.03.23 10:17:32.497,1.316,1.3161,16.20,4.80
2009.03.23 10:17:32.727,1.31605,1.3161,1.60,14.40
2009.03.23 10:17:33.007,1.3159,1.31605,5.20,1.60
2009.03.23 10:17:33.247,1.31595,1.3161,3.60,1.60
2009.03.23 10:17:33.476,1.3159,1.31605,5.20,1.60
2009.03.23 10:17:33.766,1.31595,1.3161,3.60,4.80
2009.03.23 10:17:34.456,1.31595,1.31615,5.80,1.60
2009.03.23 10:17:34.806,1.3161,1.3162,5.20,9.60
2009.03.23 10:17:35.096,1.316,1.3162,8.00,6.40
2009.03.23 10:17:35.276,1.3159,1.31615,19.80,1.60
2009.03.23 10:17:35.486,1.3159,1.31605,9.60,4.80
2009.03.23 10:17:35.656,1.3159,1.31605,3.60,4.80
2009.03.23 10:17:35.996,1.31585,1.316,10.80,1.60
2009.03.23 10:17:36.286,1.31585,1.31605,23.80,1.60
2009.03.23 10:17:36.576,1.31585,1.316,15.20,1.60
2009.03.23 10:17:36.916,1.31585,1.316,3.60,1.60
2009.03.23 10:17:39.835,1.31595,1.3161,3.60,6.40
2009.03.23 10:17:39.955,1.31605,1.3161,3.60,1.60
2009.03.23 10:17:40.195,1.3161,1.31615,5.20,4.80
2009.03.23 10:17:40.755,1.31605,1.3161,8.80,1.60
2009.03.23 10:17:40.875,1.31605,1.3161,10.80,1.60
2009.03.23 10:17:41.045,1.31605,1.3161,2.00,1.60
2009.03.23 10:17:41.275,1.31605,1.3161,5.00,1.60
2009.03.23 10:17:41.624,1.31595,1.3161,12.20,1.60
2009.03.23 10:17:41.854,1.31595,1.3161,18.20,1.60
2009.03.23 10:17:42.134,1.31595,1.3161,3.40,6.40
2009.03.23 10:17:42.314,1.3159,1.3161,14.20,12.80
2009.03.23 10:17:42.475,1.3159,1.3161,12.40,12.80
2009.03.23 10:17:46.753,1.3159,1.3161,12.40,11.20
2009.03.23 10:17:46.863,1.3159,1.3161,12.40,12.80
2009.03.23 10:17:46.973,1.3159,1.31605,8.60,4.80
2009.03.23 10:17:47.093,1.3159,1.3161,3.00,4.80
2009.03.23 10:17:47.255,1.3159,1.31605,5.00,4.80
2009.03.23 10:17:47.363,1.3159,1.31605,10.80,4.80
2009.03.23 10:17:47.483,1.3159,1.3161,10.80,11.20
2009.03.23 10:17:47.713,1.3159,1.31605,12.40,1.60
2009.03.23 10:17:47.833,1.31585,1.31605,14.20,4.80
2009.03.23 10:17:48.183,1.316,1.31605,1.60,4.80
2009.03.23 10:17:48.643,1.31605,1.31615,1.40,8.00
2009.03.23 10:17:49.103,1.316,1.31615,3.60,8.00
2009.03.23 10:17:49.443,1.31605,1.3162,3.60,1.60
2009.03.23 10:17:49.793,1.316,1.31615,1.40,8.00
2009.03.23 10:17:49.962,1.31595,1.31605,6.80,1.60
2009.03.23 10:17:50.142,1.31595,1.3161,1.60,1.60
2009.03.23 10:17:50.312,1.3159,1.3161,2.80,1.60
2009.03.23 10:17:50.432,1.31585,1.316,18.00,1.60
2009.03.23 10:17:50.612,1.31585,1.316,10.80,1.60
2009.03.23 10:17:51.542,1.316,1.31605,1.80,4.80
2009.03.23 10:17:51.762,1.316,1.3161,3.60,1.60
2009.03.23 10:17:52.282,1.31595,1.3161,16.60,1.60
2009.03.23 10:17:52.622,1.3161,1.31615,1.40,4.80
2009.03.23 10:17:53.302,1.31605,1.3161,5.20,1.60
2009.03.23 10:17:54.342,1.316,1.3161,12.20,1.60
2009.03.23 10:17:54.621,1.316,1.3161,5.80,1.60
2009.03.23 10:17:54.791,1.31595,1.3161,1.40,1.60
2009.03.23 10:17:54.971,1.31595,1.31605,1.40,4.80
2009.03.23 10:17:55.141,1.3159,1.31605,5.00,4.80
2009.03.23 10:17:55.481,1.3159,1.31605,3.60,4.80
2009.03.23 10:17:56.771,1.31585,1.31605,18.20,6.40
2009.03.23 10:17:59.390,1.31585,1.31605,14.40,1.60
2009.03.23 10:17:59.560,1.316,1.3161,1.80,6.40
2009.03.23 10:17:59.740,1.31595,1.3161,5.40,1.60
2009.03.23 10:17:59.920,1.316,1.3161,3.60,1.60
2009.03.23 10:18:00.370,1.316,1.3161,5.20,1.60
2009.03.23 10:18:02.179,1.31615,1.3163,3.60,7.90
2009.03.23 10:18:02.290,1.31615,1.31635,5.20,11.90
2009.03.23 10:18:02.810,1.3161,1.31615,21.40,6.40
2009.03.23 10:18:02.979,1.3161,1.31615,18.20,6.40
2009.03.23 10:18:03.209,1.3161,1.31615,12.40,6.40
2009.03.23 10:18:04.279,1.31615,1.31635,12.40,12.00
2009.03.23 10:18:04.749,1.31615,1.31635,7.20,12.00
2009.03.23 10:18:04.869,1.31615,1.31635,5.20,12.00
2009.03.23 10:18:06.308,1.31615,1.3163,3.20,9.60
2009.03.23 10:18:06.479,1.3161,1.31615,12.40,6.40
2009.03.23 10:18:07.878,1.31615,1.3163,3.60,7.20
2009.03.23 10:18:09.218,1.31615,1.31635,5.20,16.00
2009.03.23 10:18:09.548,1.31615,1.31635,12.40,12.00
2009.03.23 10:18:10.378,1.31615,1.31635,10.80,12.00
2009.03.23 10:18:10.667,1.31615,1.31635,12.20,8.80
2009.03.23 10:18:10.787,1.3162,1.3164,5.20,16.00
2009.03.23 10:18:10.957,1.31625,1.3164,3.60,13.60
2009.03.23 10:18:11.237,1.31625,1.3164,7.20,8.80
2009.03.23 10:18:11.507,1.3163,1.3165,1.40,4.80
2009.03.23 10:18:11.787,1.31625,1.31655,5.80,1.60
2009.03.23 10:18:12.017,1.31625,1.3165,10.00,9.60
2009.03.23 10:18:12.177,1.3163,1.3165,5.00,1.60
2009.03.23 10:18:12.297,1.3163,1.3166,8.60,24.80
2009.03.23 10:18:12.527,1.3163,1.3165,12.40,19.20
2009.03.23 10:18:12.707,1.3163,1.3165,12.40,11.20
2009.03.23 10:18:12.937,1.3163,1.3165,7.20,11.20
2009.03.23 10:18:13.097,1.3163,1.3165,5.20,11.20
2009.03.23 10:18:13.857,1.3163,1.31645,1.40,4.80
2009.03.23 10:18:14.186,1.31625,1.31645,16.80,6.40
2009.03.23 10:18:14.476,1.3164,1.3165,3.60,4.80
2009.03.23 10:18:14.756,1.31645,1.3165,1.00,13.60
2009.03.23 10:18:15.076,1.3162,1.31645,10.80,6.40
2009.03.23 10:18:15.296,1.31615,1.31635,2.80,4.80
2009.03.23 10:18:15.536,1.3162,1.31635,5.20,1.60
2009.03.23 10:18:15.766,1.31625,1.31645,5.20,1.60
2009.03.23 10:18:16.006,1.31625,1.3165,5.20,11.20
2009.03.23 10:18:16.226,1.3164,1.3165,5.20,4.80
2009.03.23 10:18:16.456,1.3164,1.3166,10.00,15.80
2009.03.23 10:18:16.636,1.3164,1.3165,8.40,6.40
2009.03.23 10:18:16.796,1.3164,1.31645,4.00,6.40
2009.03.23 10:18:17.086,1.3163,1.3165,5.20,11.20
2009.03.23 10:18:17.606,1.3163,1.31645,3.60,4.80
2009.03.23 10:18:17.775,1.31625,1.31645,5.20,11.20
2009.03.23 10:18:18.066,1.3164,1.31645,5.20,1.60
2009.03.23 10:18:18.296,1.31645,1.31655,1.60,16.60
2009.03.23 10:18:18.516,1.3163,1.31645,7.20,4.80
2009.03.23 10:18:18.746,1.3163,1.3165,6.60,11.20
2009.03.23 10:18:18.966,1.3162,1.3164,22.00,11.20
2009.03.23 10:18:19.195,1.31625,1.3164,5.80,11.20
2009.03.23 10:18:19.425,1.3162,1.3164,12.40,11.20
2009.03.23 10:18:20.635,1.3162,1.3164,15.40,9.60
2009.03.23 10:18:20.805,1.31625,1.31645,3.60,6.40
2009.03.23 10:18:21.915,1.3162,1.3164,19.60,9.60
2009.03.23 10:18:25.054,1.3162,1.3164,15.40,9.60
2009.03.23 10:18:25.234,1.31625,1.31645,5.00,4.80
2009.03.23 10:18:25.564,1.3163,1.31645,3.60,4.80
2009.03.23 10:18:25.864,1.3164,1.31645,1.40,4.80
2009.03.23 10:18:26.154,1.3163,1.3165,5.00,12.80
2009.03.23 10:18:27.813,1.3164,1.3165,1.40,4.80
2009.03.23 10:18:30.003,1.3164,1.3165,1.40,9.60
2009.03.23 10:18:30.233,1.3163,1.3165,13.80,9.60
2009.03.23 10:18:30.413,1.3163,1.3165,12.40,11.20
2009.03.23 10:18:30.822,1.3164,1.3165,7.80,6.40
2009.03.23 10:18:30.943,1.3164,1.3165,11.60,1.60
2009.03.23 10:18:31.232,1.31645,1.3166,5.20,4.80
2009.03.23 10:18:31.522,1.31655,1.3167,3.60,6.40
2009.03.23 10:18:33.072,1.31655,1.3167,3.60,7.60
2009.03.23 10:18:33.172,1.31645,1.31665,11.00,11.20
2009.03.23 10:18:33.392,1.31645,1.31665,5.20,11.20
2009.03.23 10:18:36.141,1.31645,1.3166,3.60,7.20
2009.03.23 10:18:36.251,1.3164,1.3166,19.20,13.60
2009.03.23 10:18:36.431,1.31645,1.3166,5.20,1.60
2009.03.23 10:18:36.541,1.31645,1.31665,5.20,11.20
2009.03.23 10:18:39.980,1.31645,1.3166,5.20,3.00
2009.03.23 10:18:40.610,1.31645,1.3166,5.20,1.40
2009.03.23 10:18:41.630,1.31645,1.3166,5.20,3.00
2009.03.23 10:18:41.980,1.31645,1.31665,5.20,16.60
2009.03.23 10:18:42.430,1.31645,1.31665,5.20,15.40
2009.03.23 10:18:42.540,1.31645,1.31665,5.20,14.20
2009.03.23 10:18:43.109,1.31645,1.31665,5.20,16.60
2009.03.23 10:18:47.228,1.31645,1.3166,3.20,3.20
2009.03.23 10:18:47.348,1.3164,1.3166,13.80,8.00
2009.03.23 10:18:47.408,1.3164,1.3166,6.60,13.80
2009.03.23 10:18:47.529,1.3164,1.3166,12.40,15.00
2009.03.23 10:18:47.589,1.3164,1.31645,12.40,1.60
2009.03.23 10:18:47.749,1.3164,1.31645,1.40,1.60
2009.03.23 10:18:47.868,1.3164,1.31645,1.40,8.00
2009.03.23 10:18:48.098,1.3164,1.31645,1.40,16.00
2009.03.23 10:18:48.209,1.3164,1.31645,1.40,6.40
2009.03.23 10:18:48.498,1.31625,1.31645,5.80,1.60
2009.03.23 10:18:48.958,1.3162,1.31645,7.20,1.60
2009.03.23 10:18:51.098,1.3162,1.31645,1.40,1.60
2009.03.23 10:18:52.477,1.31615,1.3164,18.20,1.60
2009.03.23 10:18:52.657,1.3162,1.31645,1.40,1.60
2009.03.23 10:18:53.787,1.31615,1.31635,5.00,8.00
2009.03.23 10:18:54.067,1.31615,1.31635,11.00,6.40
2009.03.23 10:18:54.307,1.31615,1.31635,5.00,4.80
2009.03.23 10:18:56.176,1.31615,1.31635,3.60,6.40
2009.03.23 10:18:56.526,1.31615,1.31635,5.00,4.80
2009.03.23 10:18:58.156,1.31615,1.31635,3.60,6.40
2009.03.23 10:18:58.436,1.31615,1.31635,5.00,4.80
2009.03.23 10:18:58.776,1.31615,1.31635,11.00,4.80
2009.03.23 10:18:59.106,1.3162,1.3164,1.40,4.20
2009.03.23 10:18:59.446,1.3162,1.31645,1.40,3.80
2009.03.23 10:19:00.195,1.3162,1.31635,1.40,8.00
2009.03.23 10:19:00.355,1.3162,1.31645,1.40,3.80
2009.03.23 10:19:01.105,1.3162,1.3163,1.40,1.60
2009.03.23 10:19:01.335,1.31615,1.31635,11.00,8.00
2009.03.23 10:19:01.565,1.31615,1.31635,9.60,9.60
2009.03.23 10:19:01.835,1.31615,1.31635,3.60,8.00
2009.03.23 10:19:02.065,1.31615,1.31635,3.60,6.40
2009.03.23 10:19:02.345,1.31615,1.31635,3.60,7.40
2009.03.23 10:19:02.515,1.31615,1.31635,3.60,11.80
2009.03.23 10:19:03.315,1.31615,1.31635,3.60,10.20
2009.03.23 10:19:03.545,1.31615,1.31635,5.00,6.40
2009.03.23 10:19:04.005,1.31615,1.31635,5.00,4.80
2009.03.23 10:19:04.465,1.31625,1.31635,1.40,4.80
2009.03.23 10:19:04.814,1.3163,1.31645,1.40,19.80
2009.03.23 10:19:05.154,1.3162,1.31645,1.40,9.60
2009.03.23 10:19:05.604,1.31615,1.31635,12.20,4.80
2009.03.23 10:19:06.254,1.31615,1.31635,18.20,4.80
2009.03.23 10:19:06.424,1.3162,1.31645,3.20,1.60
2009.03.23 10:19:06.774,1.3162,1.31645,3.00,1.60
2009.03.23 10:19:06.944,1.31625,1.31645,3.60,1.60
2009.03.23 10:19:07.464,1.31625,1.31645,3.60,6.40
2009.03.23 10:19:08.763,1.3162,1.3164,6.60,4.80
2009.03.23 10:19:09.153,1.31625,1.31645,3.60,14.40
2009.03.23 10:19:09.333,1.31625,1.3164,3.60,1.60
2009.03.23 10:19:09.503,1.31625,1.31645,3.60,6.40
2009.03.23 10:19:10.663,1.31625,1.3164,3.60,1.60
2009.03.23 10:19:23.510,1.31625,1.31645,3.60,1.60
2009.03.23 10:19:31.218,1.3163,1.31655,17.60,6.40
2009.03.23 10:19:46.354,1.3163,1.31655,21.40,6.40
2009.03.23 10:19:47.904,1.3163,1.31655,19.80,8.00
2009.03.23 10:19:49.614,1.3164,1.31655,3.60,6.40
2009.03.23 10:19:50.353,1.31635,1.31655,1.40,6.40
2009.03.23 10:19:50.463,1.3163,1.31655,19.80,8.00
2009.03.23 10:19:50.853,1.31635,1.31655,1.40,6.40
2009.03.23 10:19:51.343,1.31635,1.31655,7.20,6.40
2009.03.23 10:19:52.743,1.31635,1.31655,5.80,8.00
2009.03.23 10:19:52.903,1.3164,1.31655,3.60,8.00
2009.03.23 10:19:53.013,1.3164,1.31655,3.60,6.40
2009.03.23 10:19:53.293,1.3164,1.31655,3.60,8.00
2009.03.23 10:19:53.413,1.31635,1.31655,5.80,8.00
2009.03.23 10:19:54.342,1.3163,1.31655,16.00,8.00
2009.03.23 10:19:58.261,1.3163,1.3165,14.60,1.60
2009.03.23 10:19:58.431,1.3163,1.3165,7.20,1.60
2009.03.23 10:20:05.750,1.3163,1.3165,8.60,4.80
2009.03.23 10:20:05.929,1.3163,1.3165,7.20,1.60
2009.03.23 10:20:06.440,1.3163,1.31645,7.20,1.60
2009.03.23 10:20:06.719,1.3163,1.3165,7.20,1.60
2009.03.23 10:20:11.388,1.3163,1.31655,8.60,17.60
2009.03.23 10:20:11.559,1.3163,1.3165,7.20,1.60
2009.03.23 10:20:15.057,1.3163,1.3165,10.80,1.60
2009.03.23 10:20:15.277,1.3163,1.3165,7.20,1.60
2009.03.23 10:20:16.037,1.3163,1.3165,7.20,6.40
2009.03.23 10:20:16.327,1.31625,1.3165,13.80,6.40
2009.03.23 10:20:16.557,1.31625,1.31645,12.40,1.60
2009.03.23 10:20:16.817,1.31625,1.31645,10.80,1.60
2009.03.23 10:20:17.217,1.31625,1.31635,7.20,4.80
2009.03.23 10:20:17.337,1.3162,1.31635,5.20,4.80
2009.03.23 10:20:18.916,1.3162,1.3163,1.40,4.80
2009.03.23 10:20:19.096,1.31615,1.3163,6.40,4.80
2009.03.23 10:20:19.326,1.31615,1.3163,5.20,4.80
2009.03.23 10:20:19.608,1.31615,1.3163,3.00,3.20
2009.03.23 10:20:19.837,1.31605,1.3162,10.80,9.60
2009.03.23 10:20:20.186,1.31605,1.31615,10.80,6.40
2009.03.23 10:20:20.366,1.3159,1.31605,11.60,4.80
2009.03.23 10:20:20.716,1.3159,1.3161,5.20,6.40
2009.03.23 10:20:20.997,1.31585,1.3161,14.40,1.60
2009.03.23 10:20:21.298,1.31585,1.3161,5.00,1.60
2009.03.23 10:20:21.586,1.31585,1.316,3.60,1.60
2009.03.23 10:20:22.355,1.31585,1.31595,3.60,6.40
2009.03.23 10:20:22.525,1.31575,1.3159,7.20,12.80
2009.03.23 10:20:22.745,1.31575,1.31585,10.80,1.60
2009.03.23 10:20:22.915,1.31575,1.3159,10.80,1.60
2009.03.23 10:20:23.085,1.31575,1.3159,14.00,1.60
2009.03.23 10:20:23.325,1.31575,1.316,12.20,9.60
2009.03.23 10:20:23.845,1.31585,1.3161,8.60,1.60
2009.03.23 10:20:24.285,1.3159,1.3161,2.00,1.60
2009.03.23 10:20:24.565,1.31605,1.3162,3.60,8.00
2009.03.23 10:20:24.805,1.3161,1.31625,5.20,3.20
2009.03.23 10:20:25.155,1.31615,1.31635,3.60,16.60
2009.03.23 10:20:25.555,1.31615,1.31635,3.60,1.60
2009.03.23 10:20:26.025,1.31615,1.31635,3.60,6.40
2009.03.23 10:20:26.884,1.3161,1.31635,2.80,8.00
2009.03.23 10:20:27.054,1.3161,1.31635,3.00,9.60
2009.03.23 10:20:27.234,1.3161,1.31635,1.40,6.40
2009.03.23 10:20:27.684,1.31605,1.3163,8.60,1.40
2009.03.23 10:20:27.974,1.31605,1.3163,12.20,1.40
2009.03.23 10:20:28.194,1.3161,1.31635,1.40,14.20
2009.03.23 10:20:28.314,1.3161,1.31635,1.40,6.20
2009.03.23 10:20:30.354,1.3161,1.31635,3.40,6.20
2009.03.23 10:20:30.473,1.3162,1.31635,5.00,6.40
2009.03.23 10:20:30.754,1.3162,1.31635,5.00,8.00
2009.03.23 10:20:32.174,1.3162,1.31635,5.00,4.80
2009.03.23 10:20:33.193,1.3162,1.31635,1.40,4.80
2009.03.23 10:20:33.373,1.31615,1.31635,3.60,6.40
2009.03.23 10:20:33.763,1.3162,1.31635,3.60,6.40
2009.03.23 10:20:33.823,1.3162,1.31635,5.00,4.80
2009.03.23 10:20:36.002,1.31625,1.31645,12.40,11.20
2009.03.23 10:20:36.692,1.3164,1.3165,5.00,20.00
2009.03.23 10:20:36.742,1.31645,1.3165,2.00,12.00
2009.03.23 10:20:37.032,1.3165,1.31655,3.60,1.60
2009.03.23 10:20:37.142,1.3165,1.31665,5.20,8.00
2009.03.23 10:20:37.412,1.31655,1.31675,3.60,6.40
2009.03.23 10:20:37.532,1.3165,1.31665,5.00,11.20
2009.03.23 10:20:37.862,1.31655,1.31675,2.20,15.20
2009.03.23 10:20:38.252,1.31655,1.31675,1.40,9.60
2009.03.23 10:20:38.592,1.3166,1.31675,1.40,1.60
2009.03.23 10:20:38.822,1.3166,1.3167,1.60,2.40
2009.03.23 10:20:39.111,1.3167,1.31675,1.40,1.60
2009.03.23 10:20:39.441,1.31665,1.3167,1.40,8.00
2009.03.23 10:20:39.801,1.3166,1.31685,7.20,1.60
2009.03.23 10:20:40.251,1.3166,1.3167,5.80,4.80
2009.03.23 10:20:40.743,1.31665,1.31695,3.60,11.20
2009.03.23 10:20:40.961,1.31665,1.317,8.20,16.60
2009.03.23 10:20:41.242,1.3167,1.31695,1.60,1.60
2009.03.23 10:20:41.581,1.31665,1.31675,3.60,1.00
2009.03.23 10:20:41.981,1.3166,1.31675,3.00,6.40
2009.03.23 10:20:42.211,1.31655,1.3168,12.60,8.00
2009.03.23 10:20:42.391,1.31655,1.31675,18.20,4.80
2009.03.23 10:20:42.690,1.31655,1.31675,13.80,6.40
2009.03.23 10:20:42.911,1.31655,1.31675,12.20,6.40
2009.03.23 10:20:43.150,1.31655,1.31675,18.20,6.40
2009.03.23 10:20:46.370,1.31655,1.31675,16.00,6.40
2009.03.23 10:20:46.550,1.31655,1.31675,14.60,6.40
2009.03.23 10:20:46.710,1.31655,1.31675,3.60,6.40
2009.03.23 10:20:47.179,1.3165,1.31675,10.40,6.40
2009.03.23 10:20:47.349,1.3165,1.31675,7.20,9.60
2009.03.23 10:20:49.339,1.3165,1.31675,9.40,9.60
2009.03.23 10:20:49.569,1.3165,1.31675,14.40,9.60
2009.03.23 10:20:49.729,1.3165,1.3167,7.20,6.40
2009.03.23 10:20:50.868,1.31665,1.3167,3.60,1.60
2009.03.23 10:20:51.378,1.3165,1.3167,13.40,9.60
2009.03.23 10:20:51.658,1.31655,1.31675,9.60,6.40
2009.03.23 10:20:51.888,1.31655,1.31675,4.60,6.40
2009.03.23 10:20:52.068,1.3165,1.31675,14.00,9.60
2009.03.23 10:20:52.178,1.3165,1.31675,4.40,9.60
2009.03.23 10:20:52.348,1.3165,1.31675,2.40,9.60
2009.03.23 10:20:52.738,1.3165,1.31675,6.80,9.60
2009.03.23 10:20:53.208,1.3165,1.3167,5.80,6.40
2009.03.23 10:20:53.428,1.31645,1.3167,15.40,6.40
2009.03.23 10:20:53.608,1.3165,1.31675,7.20,9.60
2009.03.23 10:20:54.938,1.3165,1.3167,7.20,4.80
2009.03.23 10:20:55.227,1.3165,1.31675,3.00,17.40
2009.03.23 10:20:55.507,1.3165,1.31675,7.20,9.40
2009.03.23 10:20:56.939,1.31655,1.31675,3.00,4.80
2009.03.23 10:20:57.528,1.31655,1.31675,7.20,6.40
2009.03.23 10:20:57.697,1.31655,1.31675,1.40,8.00
2009.03.23 10:20:57.857,1.3165,1.31675,11.00,9.40
2009.03.23 10:21:00.196,1.3166,1.31675,3.20,9.40
2009.03.23 10:21:00.306,1.31655,1.3167,6.80,4.80
2009.03.23 10:21:00.466,1.31655,1.3167,12.80,4.80
2009.03.23 10:21:00.646,1.3166,1.31675,3.60,4.80
2009.03.23 10:21:01.366,1.3166,1.31675,5.20,4.80
2009.03.23 10:21:01.606,1.3166,1.31675,7.20,4.80
2009.03.23 10:21:01.886,1.3166,1.31675,13.00,4.80
2009.03.23 10:21:02.116,1.3166,1.31675,9.60,4.80
2009.03.23 10:21:02.226,1.3166,1.31675,5.80,4.80
2009.03.23 10:21:02.646,1.31655,1.31675,7.20,6.40
2009.03.23 10:21:02.806,1.31655,1.31675,7.20,4.80
2009.03.23 10:21:05.945,1.31655,1.31675,1.40,6.40
2009.03.23 10:21:06.125,1.31655,1.31675,5.00,6.40
2009.03.23 10:21:09.084,1.31655,1.31675,3.00,6.40
2009.03.23 10:21:09.134,1.31655,1.31675,1.40,6.40
2009.03.23 10:21:14.033,1.3166,1.31675,3.60,4.80
2009.03.23 10:21:14.443,1.3166,1.31675,5.00,4.80
2009.03.23 10:21:24.480,1.31665,1.3168,3.60,14.40
2009.03.23 10:21:24.821,1.31665,1.3168,3.60,9.60
2009.03.23 10:21:26.280,1.31665,1.3168,5.00,9.60
2009.03.23 10:21:26.560,1.3166,1.31675,11.00,4.80
2009.03.23 10:21:27.240,1.3166,1.31675,5.00,4.80
2009.03.23 10:21:28.579,1.31665,1.3168,3.60,9.60
2009.03.23 10:21:29.099,1.3166,1.31675,5.00,4.80
2009.03.23 10:21:34.948,1.3166,1.31675,1.40,9.00
2009.03.23 10:21:35.178,1.31655,1.31675,1.40,7.40
2009.03.23 10:21:35.698,1.31655,1.31675,1.40,9.00
2009.03.23 10:21:35.928,1.31655,1.31675,1.40,7.40
2009.03.23 10:21:37.867,1.31655,1.31675,1.40,9.00
2009.03.23 10:21:38.257,1.31655,1.31675,1.40,10.60
2009.03.23 10:21:41.306,1.31655,1.31675,1.40,11.80
2009.03.23 10:21:41.756,1.3165,1.31665,5.80,1.60
2009.03.23 10:21:42.046,1.31645,1.31665,5.80,1.60
2009.03.23 10:21:42.216,1.3164,1.3166,1.40,8.00
2009.03.23 10:21:42.396,1.31635,1.3166,3.20,14.40
2009.03.23 10:21:42.616,1.31635,1.3166,1.40,14.40
2009.03.23 10:21:42.916,1.31635,1.31655,1.40,8.00
2009.03.23 10:21:44.866,1.3165,1.31655,3.60,8.00
2009.03.23 10:21:45.105,1.3164,1.31655,1.40,8.00
2009.03.23 10:21:45.375,1.31625,1.3166,16.00,6.40
2009.03.23 10:21:45.715,1.3163,1.3166,1.40,8.00
2009.03.23 10:21:46.885,1.3164,1.31665,7.20,1.60
2009.03.23 10:21:48.585,1.31645,1.3167,1.40,11.80
2009.03.23 10:21:48.974,1.31645,1.3167,1.40,3.80
2009.03.23 10:21:49.924,1.31645,1.3167,7.20,3.80
2009.03.23 10:21:54.823,1.3165,1.3167,1.40,2.20
2009.03.23 10:21:55.054,1.3165,1.3167,5.80,8.60
2009.03.23 10:21:55.333,1.31645,1.3167,1.40,8.60
2009.03.23 10:21:57.842,1.31645,1.3167,1.40,13.40
2009.03.23 10:21:57.952,1.31645,1.31665,1.40,8.00
2009.03.23 10:21:59.492,1.31645,1.3166,1.40,4.80
2009.03.23 10:21:59.872,1.31635,1.3166,3.40,6.40
2009.03.23 10:22:04.751,1.31635,1.3166,1.40,6.40
2009.03.23 10:22:06.200,1.31635,1.3166,1.40,7.40
2009.03.23 10:22:06.430,1.3163,1.31655,7.20,1.60
2009.03.23 10:22:06.710,1.31625,1.31645,8.60,1.60
2009.03.23 10:22:06.880,1.3163,1.31655,1.40,1.60
2009.03.23 10:22:07.120,1.3163,1.31655,7.20,1.60
2009.03.23 10:22:07.360,1.3163,1.31655,1.40,9.60
2009.03.23 10:22:07.770,1.3163,1.31655,7.20,1.60
2009.03.23 10:22:07.890,1.3163,1.31655,1.40,1.60
2009.03.23 10:22:14.038,1.31635,1.3166,1.40,8.60
2009.03.23 10:22:14.718,1.3164,1.3166,1.40,7.00
2009.03.23 10:22:15.518,1.3164,1.31665,1.40,8.60
2009.03.23 10:22:26.175,1.3164,1.31645,1.60,4.80
2009.03.23 10:22:26.476,1.31635,1.3165,1.60,1.40
2009.03.23 10:22:26.765,1.31635,1.31655,3.00,1.40
2009.03.23 10:22:26.935,1.31635,1.31655,1.40,6.20
2009.03.23 10:22:32.144,1.31635,1.31655,3.20,6.20
2009.03.23 10:22:32.314,1.3165,1.31655,6.20,6.20
2009.03.23 10:22:32.594,1.3165,1.31665,3.60,6.40
2009.03.23 10:22:32.834,1.3165,1.31665,5.00,8.00
2009.03.23 10:22:33.054,1.3165,1.31665,3.60,4.80
2009.03.23 10:22:37.672,1.3165,1.31665,5.00,4.80
2009.03.23 10:22:37.953,1.3165,1.31665,3.60,4.80
2009.03.23 10:22:46.171,1.31655,1.3167,3.60,14.40
2009.03.23 10:22:46.291,1.31655,1.3167,8.40,12.80
2009.03.23 10:22:46.411,1.31655,1.3167,9.80,11.20
2009.03.23 10:22:46.980,1.31655,1.3167,9.80,9.60
2009.03.23 10:22:47.100,1.3166,1.31675,7.60,2.20
2009.03.23 10:22:47.390,1.31665,1.3168,5.00,12.00
2009.03.23 10:22:47.670,1.3166,1.31675,3.60,4.80
2009.03.23 10:22:50.790,1.31665,1.3168,3.60,11.20
2009.03.23 10:22:50.900,1.31665,1.3168,5.00,9.60
2009.03.23 10:22:53.809,1.3167,1.3168,1.60,9.60
2009.03.23 10:22:53.989,1.31675,1.3169,5.20,19.20
2009.03.23 10:22:54.159,1.31675,1.3169,5.20,9.60
2009.03.23 10:22:54.569,1.31665,1.3168,6.60,4.80
2009.03.23 10:22:55.828,1.31665,1.3168,11.40,4.80
2009.03.23 10:22:57.148,1.31665,1.3168,6.60,4.80
2009.03.23 10:22:57.328,1.31665,1.3168,5.00,9.60
2009.03.23 10:22:57.488,1.31675,1.3169,5.20,30.80
2009.03.23 10:22:57.658,1.31675,1.3168,4.80,4.80
2009.03.23 10:22:57.828,1.31675,1.3168,1.80,4.80
2009.03.23 10:22:57.998,1.31665,1.3168,2.20,9.60
2009.03.23 10:22:58.279,1.31665,1.3168,5.00,9.60
2009.03.23 10:22:58.447,1.31665,1.3168,6.60,4.80
2009.03.23 10:22:59.877,1.3167,1.3168,1.40,4.80
2009.03.23 10:22:59.997,1.31675,1.3169,1.40,22.80
2009.03.23 10:23:00.167,1.31675,1.3169,1.40,9.60
2009.03.23 10:23:00.457,1.3167,1.31685,6.60,4.80
2009.03.23 10:23:01.267,1.3167,1.31685,5.40,4.80
2009.03.23 10:23:01.697,1.31665,1.31685,5.00,4.80
2009.03.23 10:23:04.396,1.3168,1.317,6.60,13.40
2009.03.23 10:23:05.536,1.3168,1.317,11.40,9.60
2009.03.23 10:23:05.886,1.3169,1.317,1.60,9.60
2009.03.23 10:23:06.216,1.3169,1.3171,1.60,9.60
2009.03.23 10:23:06.436,1.317,1.31715,3.60,17.20
2009.03.23 10:23:06.666,1.317,1.3171,3.60,9.20
2009.03.23 10:23:06.906,1.317,1.31705,3.60,2.00
2009.03.23 10:23:07.136,1.317,1.3171,3.60,8.00
2009.03.23 10:23:07.705,1.317,1.31715,3.60,7.00
2009.03.23 10:23:07.945,1.31695,1.317,1.40,4.80
2009.03.23 10:23:08.235,1.317,1.3171,3.60,22.60
2009.03.23 10:23:08.355,1.31685,1.3171,6.60,9.20
2009.03.23 10:23:08.465,1.317,1.3171,5.20,9.20
2009.03.23 10:23:08.625,1.317,1.3171,5.20,1.20
2009.03.23 10:23:08.735,1.317,1.31715,3.00,4.80
2009.03.23 10:23:09.005,1.3169,1.317,3.00,9.60
2009.03.23 10:23:09.225,1.3169,1.317,1.60,6.00
2009.03.23 10:23:09.625,1.3168,1.317,5.20,10.80
2009.03.23 10:23:10.905,1.3169,1.317,6.80,6.00
2009.03.23 10:23:11.065,1.3169,1.3171,14.80,23.60
2009.03.23 10:23:11.305,1.31695,1.3171,3.60,1.60
2009.03.23 10:23:11.595,1.3169,1.31715,8.80,10.20
2009.03.23 10:23:11.814,1.31685,1.3171,14.20,1.60
2009.03.23 10:23:12.164,1.31685,1.3171,8.20,1.60
2009.03.23 10:23:12.334,1.31685,1.3171,14.20,1.60
2009.03.23 10:23:14.814,1.31685,1.3171,21.40,1.60
2009.03.23 10:23:15.034,1.317,1.3171,3.60,1.60
2009.03.23 10:23:15.213,1.317,1.31715,3.60,8.00
2009.03.23 10:23:15.554,1.3169,1.3171,13.60,1.60
2009.03.23 10:23:15.723,1.31685,1.3171,21.40,1.60
2009.03.23 10:23:16.623,1.31685,1.3171,26.20,1.60
2009.03.23 10:23:16.795,1.31695,1.31715,5.00,4.80
2009.03.23 10:23:17.033,1.3169,1.31715,4.60,6.40
2009.03.23 10:23:17.303,1.3169,1.3171,4.60,4.80
2009.03.23 10:23:17.523,1.3169,1.3171,1.60,6.40
2009.03.23 10:23:17.703,1.3169,1.3171,7.40,6.40
2009.03.23 10:23:18.034,1.31685,1.3171,10.40,6.40
2009.03.23 10:23:19.183,1.31685,1.317,10.40,4.80
2009.03.23 10:23:20.362,1.31685,1.317,9.00,4.80
2009.03.23 10:23:22.092,1.31685,1.317,6.80,4.80
2009.03.23 10:23:22.482,1.31685,1.317,3.20,4.80
2009.03.23 10:23:22.592,1.31685,1.317,1.60,9.60
2009.03.23 10:23:22.652,1.31685,1.31705,5.20,1.60
2009.03.23 10:23:22.712,1.31685,1.31705,6.80,1.60
2009.03.23 10:23:22.762,1.31685,1.3171,8.20,24.80
2009.03.23 10:23:22.882,1.31685,1.3171,15.40,24.80
2009.03.23 10:23:23.002,1.317,1.3171,5.20,8.00
2009.03.23 10:23:23.232,1.317,1.31715,5.20,8.00
2009.03.23 10:23:23.752,1.3169,1.31705,17.20,4.80
2009.03.23 10:23:23.971,1.3169,1.31705,10.00,6.40
2009.03.23 10:23:24.081,1.3169,1.31705,5.20,6.40
2009.03.23 10:23:24.191,1.3169,1.317,3.00,4.80
2009.03.23 10:23:24.531,1.31685,1.317,6.80,4.80
2009.03.23 10:23:27.640,1.31685,1.317,1.60,9.60
2009.03.23 10:23:30.140,1.31685,1.317,5.20,4.80
2009.03.23 10:23:30.420,1.31685,1.317,3.60,4.80
2009.03.23 10:23:31.190,1.31685,1.317,5.00,4.80
2009.03.23 10:23:31.359,1.31695,1.3171,3.60,18.40
2009.03.23 10:23:31.589,1.31695,1.3171,3.60,6.40
2009.03.23 10:23:31.759,1.31695,1.3171,3.60,4.80
2009.03.23 10:23:33.169,1.3169,1.3171,3.00,5.80
2009.03.23 10:23:33.449,1.3169,1.3171,7.80,5.80
2009.03.23 10:23:33.559,1.31695,1.3171,3.60,5.80
2009.03.23 10:23:33.729,1.3169,1.3171,7.80,5.80
2009.03.23 10:23:33.839,1.31685,1.3171,13.00,7.40
2009.03.23 10:23:34.019,1.31695,1.3171,3.60,7.40
2009.03.23 10:23:34.139,1.31695,1.3171,3.60,5.80
2009.03.23 10:23:34.369,1.3169,1.3171,1.40,5.80
2009.03.23 10:23:34.479,1.31685,1.3171,6.60,7.40
2009.03.23 10:23:35.159,1.31685,1.317,6.60,4.80
2009.03.23 10:23:35.559,1.31685,1.317,3.60,4.80
2009.03.23 10:23:40.567,1.31695,1.3171,3.60,13.80
2009.03.23 10:23:41.077,1.31695,1.3171,3.60,5.80
2009.03.23 10:23:41.767,1.31695,1.3171,5.00,4.60
2009.03.23 10:23:41.997,1.31695,1.31715,5.00,10.80
2009.03.23 10:23:42.237,1.31695,1.31715,5.00,7.00
2009.03.23 10:23:46.976,1.317,1.31715,5.20,2.20
2009.03.23 10:23:47.146,1.317,1.31715,5.20,1.20
2009.03.23 10:23:47.616,1.317,1.3172,5.20,13.40
2009.03.23 10:23:48.166,1.317,1.31715,5.20,4.80
2009.03.23 10:23:48.855,1.317,1.31715,6.80,4.80
2009.03.23 10:23:49.026,1.31715,1.31725,3.60,11.60
2009.03.23 10:23:49.145,1.31715,1.3172,3.60,2.00
2009.03.23 10:23:49.325,1.31715,1.3173,3.60,8.00
2009.03.23 10:23:49.505,1.3171,1.31725,24.00,4.80
2009.03.23 10:23:49.625,1.3171,1.31725,15.00,5.80
2009.03.23 10:23:49.785,1.3171,1.3172,8.00,4.80
2009.03.23 10:23:50.075,1.317,1.31715,12.00,10.20
2009.03.23 10:23:50.135,1.31695,1.31715,8.20,3.80
2009.03.23 10:23:50.305,1.31695,1.31715,6.60,2.20
2009.03.23 10:23:50.475,1.31695,1.31715,5.00,2.20
2009.03.23 10:23:50.995,1.31695,1.31715,5.00,10.20
2009.03.23 10:23:51.405,1.317,1.31715,3.60,8.00
2009.03.23 10:23:51.635,1.31705,1.31715,3.60,1.60
2009.03.23 10:23:51.815,1.31705,1.3172,3.60,4.80
2009.03.23 10:23:52.045,1.31715,1.31725,3.60,1.60
2009.03.23 10:23:52.225,1.31715,1.3173,3.60,6.40
2009.03.23 10:23:52.735,1.31715,1.3173,5.20,6.40
2009.03.23 10:23:52.915,1.31715,1.3172,3.60,1.60
2009.03.23 10:23:53.034,1.3171,1.3172,6.40,1.60
2009.03.23 10:23:53.314,1.3171,1.31725,3.60,3.80
2009.03.23 10:23:53.614,1.3171,1.31725,5.20,1.60
2009.03.23 10:23:53.795,1.3171,1.3173,5.20,13.40
2009.03.23 10:23:53.974,1.3171,1.3173,5.20,21.40
2009.03.23 10:23:54.314,1.3171,1.31725,3.00,6.00
2009.03.23 10:23:54.794,1.31715,1.31735,5.20,16.60
2009.03.23 10:23:55.144,1.31715,1.3173,3.00,6.00
2009.03.23 10:23:55.484,1.3171,1.3172,1.40,4.80
2009.03.23 10:23:55.704,1.31705,1.3172,3.60,6.00
2009.03.23 10:23:55.934,1.31705,1.31725,3.60,8.40
2009.03.23 10:23:56.284,1.31705,1.31725,5.00,4.80
2009.03.23 10:23:57.273,1.31705,1.31725,3.60,6.00
2009.03.23 10:24:05.631,1.31705,1.31725,3.60,8.40
2009.03.23 10:24:05.901,1.31705,1.3172,3.60,1.60
2009.03.23 10:24:11.640,1.31705,1.3172,3.60,9.60
2009.03.23 10:24:16.858,1.31705,1.3172,3.60,1.60
2009.03.23 10:24:19.118,1.3171,1.3172,3.60,1.60
2009.03.23 10:24:19.418,1.3171,1.31725,3.60,8.60
2009.03.23 10:24:21.598,1.3171,1.31725,3.60,7.60
2009.03.23 10:24:21.817,1.31715,1.31725,3.60,1.60
2009.03.23 10:24:22.597,1.3171,1.31725,11.00,1.60
2009.03.23 10:24:22.767,1.3171,1.31725,5.20,1.60
2009.03.23 10:24:23.907,1.3171,1.3172,1.40,1.60
2009.03.23 10:24:24.187,1.3171,1.3172,1.40,4.80
2009.03.23 10:24:24.357,1.31705,1.31725,5.00,6.40
2009.03.23 10:24:24.587,1.31705,1.3172,3.60,1.60
2009.03.23 10:24:31.105,1.31705,1.3172,3.60,6.40
2009.03.23 10:24:31.395,1.317,1.3172,5.20,11.20
2009.03.23 10:24:40.783,1.31705,1.31725,3.60,6.40
2009.03.23 10:24:41.542,1.317,1.3172,14.00,4.80
2009.03.23 10:24:41.783,1.317,1.3172,5.20,6.40
2009.03.23 10:24:42.063,1.31705,1.31715,3.60,1.60
2009.03.23 10:24:42.293,1.31705,1.3172,3.60,1.60
2009.03.23 10:24:43.722,1.3171,1.3173,5.20,21.40
2009.03.23 10:24:44.012,1.3171,1.3173,5.20,13.40
2009.03.23 10:24:45.722,1.31705,1.31725,11.00,4.80
2009.03.23 10:24:46.511,1.31705,1.31725,5.00,5.80
2009.03.23 10:24:46.791,1.31705,1.3172,3.60,1.60
2009.03.23 10:24:47.261,1.317,1.3172,2.80,1.60
2009.03.23 10:24:47.541,1.317,1.31715,1.40,1.60
2009.03.23 10:24:47.991,1.31705,1.3172,3.60,1.60
2009.03.23 10:24:49.211,1.317,1.3172,5.20,6.40
2009.03.23 10:24:49.891,1.31705,1.3172,3.60,1.60
2009.03.23 10:24:52.100,1.3171,1.3172,3.60,1.60
2009.03.23 10:24:52.380,1.3171,1.31725,3.60,7.40
2009.03.23 10:24:52.890,1.31705,1.3172,3.60,1.60
2009.03.23 10:24:54.810,1.3171,1.31725,3.60,6.40
2009.03.23 10:24:55.939,1.31705,1.3172,1.40,4.80
2009.03.23 10:24:56.169,1.317,1.3172,5.20,6.40
2009.03.23 10:24:56.399,1.31705,1.3172,3.60,1.60
2009.03.23 10:24:57.568,1.31705,1.31725,5.00,6.40
2009.03.23 10:24:57.799,1.3171,1.31725,3.60,6.40
2009.03.23 10:24:58.019,1.3171,1.31725,5.00,4.80
2009.03.23 10:25:00.988,1.3171,1.31725,3.60,4.80
2009.03.23 10:25:01.208,1.3171,1.31725,5.00,4.80
2009.03.23 10:25:05.347,1.3171,1.31725,3.60,4.80
2009.03.23 10:25:06.167,1.3171,1.31725,5.00,4.80
2009.03.23 10:25:07.976,1.3171,1.31725,3.60,4.80
2009.03.23 10:25:09.526,1.3171,1.31725,3.60,6.40
2009.03.23 10:25:09.646,1.31705,1.31725,3.60,6.40
2009.03.23 10:25:11.315,1.31705,1.31725,5.00,4.80
2009.03.23 10:25:11.665,1.31705,1.31725,3.60,6.40
2009.03.23 10:25:12.065,1.31705,1.31725,5.00,4.80
2009.03.23 10:25:13.115,1.3171,1.31725,3.60,4.80
2009.03.23 10:25:15.004,1.31705,1.31725,5.00,4.80
2009.03.23 10:25:16.904,1.31705,1.31725,3.60,6.40
2009.03.23 10:25:22.133,1.31705,1.31725,9.60,6.40
2009.03.23 10:25:22.563,1.31705,1.31725,3.60,6.40
2009.03.23 10:25:22.793,1.3171,1.31725,3.60,4.80
2009.03.23 10:25:23.083,1.3171,1.31725,5.00,4.80
2009.03.23 10:25:23.253,1.31705,1.31725,18.00,4.80
2009.03.23 10:25:23.652,1.3171,1.31725,1.20,4.80
2009.03.23 10:25:24.402,1.31715,1.3173,1.20,4.80
2009.03.23 10:25:24.642,1.31715,1.3173,3.60,11.20
2009.03.23 10:25:24.932,1.31705,1.31725,5.00,4.80
2009.03.23 10:25:25.222,1.31705,1.3172,3.60,4.80
2009.03.23 10:25:29.761,1.317,1.31715,5.20,12.80
2009.03.23 10:25:30.901,1.317,1.31715,5.20,14.20
2009.03.23 10:25:33.030,1.317,1.31715,5.20,14.40
2009.03.23 10:25:33.970,1.31705,1.31715,3.60,8.00
2009.03.23 10:25:34.560,1.31705,1.3172,3.60,14.40
2009.03.23 10:25:35.070,1.31705,1.3172,3.60,8.00
2009.03.23 10:25:35.859,1.31705,1.3172,3.60,9.60
2009.03.23 10:25:37.559,1.31705,1.31715,3.60,8.00
2009.03.23 10:25:38.139,1.317,1.31715,5.20,14.40
2009.03.23 10:25:39.069,1.317,1.31715,5.20,6.40
2009.03.23 10:25:39.189,1.317,1.31715,5.20,14.40
2009.03.23 10:25:44.047,1.31695,1.3171,5.20,4.80
2009.03.23 10:25:44.517,1.31695,1.3171,3.60,4.80
2009.03.23 10:25:45.647,1.317,1.3171,1.40,4.80
2009.03.23 10:25:45.827,1.317,1.31715,6.00,6.40
2009.03.23 10:25:45.997,1.31705,1.3172,3.60,12.80
2009.03.23 10:25:46.117,1.317,1.31715,6.80,4.80
2009.03.23 10:25:46.387,1.317,1.31715,10.00,6.40
2009.03.23 10:25:46.497,1.317,1.31715,5.20,6.40
2009.03.23 10:25:46.837,1.317,1.31715,5.20,14.40
2009.03.23 10:26:08.072,1.317,1.31705,1.40,4.80
2009.03.23 10:26:08.251,1.3169,1.31705,24.40,4.80
2009.03.23 10:26:08.302,1.3169,1.31705,19.80,4.80
2009.03.23 10:26:08.712,1.317,1.31705,5.20,2.00
2009.03.23 10:26:08.881,1.317,1.3171,1.40,6.80
2009.03.23 10:26:09.042,1.31695,1.3171,3.60,9.60
2009.03.23 10:26:09.501,1.317,1.31715,5.20,15.40
2009.03.23 10:26:09.731,1.317,1.31715,5.20,14.20
2009.03.23 10:26:10.081,1.317,1.31715,5.20,12.80
2009.03.23 10:26:10.691,1.317,1.3171,1.40,11.00
2009.03.23 10:26:10.971,1.317,1.3171,1.40,6.20
2009.03.23 10:26:11.481,1.317,1.31715,5.20,14.20
2009.03.23 10:26:11.711,1.317,1.31715,5.20,17.40
2009.03.23 10:26:11.931,1.317,1.3171,1.40,6.20
2009.03.23 10:26:12.171,1.317,1.31715,5.20,14.20
2009.03.23 10:26:12.801,1.317,1.31715,5.20,12.80
2009.03.23 10:26:13.260,1.317,1.31715,5.20,14.20
2009.03.23 10:26:14.130,1.317,1.31715,5.20,14.40
2009.03.23 10:26:19.869,1.317,1.31715,1.40,9.60
2009.03.23 10:26:20.328,1.317,1.31705,1.40,1.20
2009.03.23 10:26:20.609,1.3169,1.31705,8.00,15.00
2009.03.23 10:26:20.969,1.3168,1.31695,5.20,4.80
2009.03.23 10:26:21.368,1.3168,1.3169,5.20,1.60
2009.03.23 10:26:21.768,1.31685,1.317,6.80,12.80
2009.03.23 10:26:22.538,1.317,1.31705,1.40,8.80
2009.03.23 10:26:24.228,1.31695,1.31705,1.80,1.60
2009.03.23 10:26:24.458,1.317,1.31715,1.40,14.40
2009.03.23 10:26:24.748,1.317,1.3171,1.40,1.60
2009.03.23 10:26:25.377,1.3169,1.3171,19.20,1.60
2009.03.23 10:26:25.757,1.31685,1.317,3.60,1.60
2009.03.23 10:26:26.107,1.31685,1.317,3.60,9.60
2009.03.23 10:26:26.447,1.3168,1.3169,1.40,1.60
2009.03.23 10:26:26.717,1.31695,1.31705,1.80,8.00
2009.03.23 10:26:27.007,1.3169,1.31695,2.60,4.80
2009.03.23 10:26:27.297,1.3168,1.31695,5.20,4.80
2009.03.23 10:26:27.747,1.31685,1.317,3.60,9.60
2009.03.23 10:26:28.187,1.31685,1.317,6.80,8.00
2009.03.23 10:26:28.577,1.31695,1.31705,1.40,8.00
2009.03.23 10:26:28.807,1.3169,1.31705,3.00,8.00
2009.03.23 10:26:29.147,1.3169,1.3171,3.00,8.00
2009.03.23 10:26:29.596,1.31695,1.3171,3.60,8.00
2009.03.23 10:26:29.997,1.31695,1.31715,6.80,6.40
2009.03.23 10:26:30.446,1.317,1.31715,5.20,4.80
2009.03.23 10:26:30.846,1.31715,1.31725,3.60,8.00
2009.03.23 10:26:31.126,1.3171,1.31725,6.00,12.80
2009.03.23 10:26:31.356,1.3171,1.31725,5.20,12.80
2009.03.23 10:26:31.626,1.3171,1.3172,3.00,4.80
2009.03.23 10:26:32.086,1.3172,1.31725,1.40,1.60
2009.03.23 10:26:32.496,1.3172,1.3173,1.40,12.80
2009.03.23 10:26:32.775,1.3172,1.31725,3.00,8.00
2009.03.23 10:26:32.955,1.31715,1.3173,5.00,4.80
2009.03.23 10:26:33.185,1.31715,1.3173,10.80,4.80
2009.03.23 10:26:33.415,1.3172,1.3173,12.70,1.20
2009.03.23 10:26:33.585,1.3173,1.31735,6.80,8.80
2009.03.23 10:26:33.946,1.3173,1.31735,1.40,8.80
2009.03.23 10:26:34.335,1.3173,1.31735,3.00,8.00
2009.03.23 10:26:34.665,1.3173,1.31745,5.20,12.80
2009.03.23 10:26:35.585,1.3173,1.31745,7.20,4.80
2009.03.23 10:26:36.045,1.3173,1.31745,5.20,12.80
2009.03.23 10:26:36.445,1.31725,1.31745,3.60,6.20
2009.03.23 10:26:36.615,1.31715,1.3174,21.40,3.00
2009.03.23 10:26:37.005,1.3172,1.3174,5.80,3.00
2009.03.23 10:26:37.395,1.3172,1.3174,5.80,1.60
2009.03.23 10:26:37.694,1.31715,1.3174,14.20,1.60
2009.03.23 10:26:38.304,1.31715,1.3174,8.20,1.60
2009.03.23 10:26:38.944,1.31715,1.3174,14.20,1.60
2009.03.23 10:26:39.334,1.31715,1.3174,21.40,1.60
2009.03.23 10:26:39.454,1.31715,1.3174,15.40,1.60
2009.03.23 10:26:39.684,1.31715,1.31735,15.40,8.00
2009.03.23 10:26:40.534,1.31715,1.3173,15.40,8.00
2009.03.23 10:26:41.453,1.31725,1.3173,3.60,8.00
2009.03.23 10:26:42.474,1.3172,1.3173,15.40,8.00
2009.03.23 10:26:42.923,1.31725,1.3173,3.60,8.00
2009.03.23 10:26:44.423,1.31715,1.3174,8.20,11.80
2009.03.23 10:26:45.562,1.3172,1.31735,3.00,8.00
2009.03.23 10:26:45.893,1.31715,1.31735,8.20,8.00
2009.03.23 10:26:46.232,1.31715,1.3174,8.20,11.80
2009.03.23 10:26:46.522,1.31715,1.3174,8.20,9.60
2009.03.23 10:26:46.872,1.31725,1.31735,3.60,8.00
2009.03.23 10:26:48.602,1.31725,1.31735,8.80,8.00
2009.03.23 10:26:48.782,1.3174,1.31745,5.20,12.00
2009.03.23 10:26:48.902,1.3174,1.31745,16.60,8.00
2009.03.23 10:26:49.301,1.3174,1.31745,15.00,8.00
2009.03.23 10:26:49.811,1.3173,1.3174,10.60,9.40
2009.03.23 10:26:52.121,1.31715,1.3173,3.20,8.00
2009.03.23 10:26:52.521,1.3173,1.31735,9.60,8.00
2009.03.23 10:26:52.761,1.3174,1.31745,16.60,9.60
2009.03.23 10:26:53.040,1.31745,1.3175,1.80,21.10
2009.03.23 10:26:53.331,1.3171,1.3174,3.20,8.00
2009.03.23 10:26:53.731,1.31705,1.3174,8.20,8.00
2009.03.23 10:26:54.060,1.3171,1.3174,3.00,8.00
2009.03.23 10:26:54.401,1.31725,1.31745,5.80,10.20
2009.03.23 10:26:54.621,1.31725,1.3173,5.80,6.40
2009.03.23 10:26:54.960,1.3174,1.31745,1.00,12.80
2009.03.23 10:26:55.300,1.31705,1.3173,4.80,6.40
2009.03.23 10:26:55.700,1.3172,1.3174,3.60,8.00
2009.03.23 10:26:55.940,1.31705,1.3174,14.60,9.60
2009.03.23 10:26:56.270,1.31715,1.31735,1.40,8.00
2009.03.23 10:26:56.560,1.31715,1.3173,5.20,1.60
2009.03.23 10:26:56.800,1.31725,1.3173,5.80,2.70
2009.03.23 10:26:57.220,1.317,1.31715,6.60,1.60
2009.03.23 10:26:57.570,1.317,1.3172,5.80,1.60
2009.03.23 10:26:58.090,1.31705,1.3172,5.80,1.60
2009.03.23 10:26:58.429,1.317,1.31725,5.80,1.60
2009.03.23 10:26:59.099,1.3172,1.31725,1.40,1.60
2009.03.23 10:26:59.559,1.3173,1.31735,1.60,7.00
2009.03.23 10:26:59.899,1.3171,1.31725,5.80,2.20
2009.03.23 10:27:00.499,1.3172,1.31725,5.80,2.20
2009.03.23 10:27:00.779,1.31695,1.3172,6.50,1.60
2009.03.23 10:27:01.189,1.3173,1.31735,3.60,1.60
2009.03.23 10:27:01.529,1.3173,1.3174,3.60,8.00
2009.03.23 10:27:01.749,1.3173,1.31735,3.60,8.00
2009.03.23 10:27:01.969,1.3173,1.31745,3.60,4.80
2009.03.23 10:27:02.259,1.3173,1.3174,3.60,8.00
2009.03.23 10:27:02.558,1.3173,1.31745,3.60,12.80
2009.03.23 10:27:02.888,1.31725,1.3173,5.90,8.00
2009.03.23 10:27:03.328,1.3172,1.31725,12.10,8.00
2009.03.23 10:27:03.508,1.3173,1.3175,3.60,4.80
2009.03.23 10:27:03.628,1.3173,1.3175,3.60,6.40
2009.03.23 10:27:03.978,1.3172,1.3173,11.60,8.00
2009.03.23 10:27:04.278,1.3173,1.31735,3.60,8.00
2009.03.23 10:27:04.808,1.31735,1.31755,3.60,11.20
2009.03.23 10:27:05.158,1.31725,1.3173,5.90,8.00
2009.03.23 10:27:05.498,1.3173,1.31745,3.60,11.20
2009.03.23 10:27:05.908,1.3173,1.31745,3.60,6.40
2009.03.23 10:27:06.187,1.31735,1.31745,3.60,9.60
2009.03.23 10:27:06.537,1.3173,1.31745,5.20,6.40
2009.03.23 10:27:06.718,1.3173,1.31745,3.60,14.40
2009.03.23 10:27:09.187,1.31725,1.31745,3.60,14.40
2009.03.23 10:27:09.807,1.3173,1.31745,3.60,12.80
2009.03.23 10:27:10.086,1.3173,1.31745,3.60,4.80
2009.03.23 10:27:11.146,1.3173,1.31745,5.20,4.80
2009.03.23 10:27:11.426,1.3173,1.31745,9.60,4.80
2009.03.23 10:27:12.046,1.31735,1.3175,8.20,8.00
2009.03.23 10:27:12.376,1.31735,1.3175,6.80,8.00
2009.03.23 10:27:12.656,1.31735,1.31755,8.20,8.00
2009.03.23 10:27:12.936,1.31735,1.3175,6.80,8.00
2009.03.23 10:27:13.546,1.31735,1.31755,6.80,9.60
2009.03.23 10:27:13.836,1.31735,1.31755,8.20,8.00
2009.03.23 10:27:14.065,1.3173,1.31745,8.40,4.80
2009.03.23 10:27:15.275,1.31735,1.3175,6.80,9.40
2009.03.23 10:27:15.655,1.3175,1.31755,5.20,8.00
2009.03.23 10:27:15.995,1.3175,1.3176,5.20,8.00
2009.03.23 10:27:16.275,1.31745,1.3176,3.00,1.60
2009.03.23 10:27:16.495,1.3174,1.3175,3.00,8.00
2009.03.23 10:27:16.785,1.31735,1.3175,3.60,8.00
2009.03.23 10:27:17.175,1.3174,1.31755,5.80,8.60
2009.03.23 10:27:17.535,1.3174,1.3175,5.80,1.40
2009.03.23 10:27:17.935,1.3174,1.31745,5.80,4.80
2009.03.23 10:27:18.544,1.3173,1.31745,11.00,4.80
2009.03.23 10:27:18.875,1.31735,1.31745,1.40,4.80
2009.03.23 10:27:19.045,1.31735,1.3175,4.60,4.80
2009.03.23 10:27:19.284,1.31745,1.3176,2.80,16.40
2009.03.23 10:27:19.574,1.3175,1.3176,5.20,10.00
2009.03.23 10:27:19.744,1.31755,1.3176,3.60,8.00
2009.03.23 10:27:19.974,1.31755,1.3176,5.00,8.00
2009.03.23 10:27:20.334,1.31745,1.3176,1.40,9.60
2009.03.23 10:27:20.674,1.3174,1.31755,5.20,4.80
2009.03.23 10:27:22.333,1.3174,1.3175,5.80,4.80
2009.03.23 10:27:23.363,1.3175,1.31755,5.80,6.70
2009.03.23 10:27:23.913,1.31745,1.3175,5.80,4.80
2009.03.23 10:27:24.933,1.3173,1.3175,15.60,4.80
2009.03.23 10:27:25.283,1.31735,1.3175,5.80,6.40
2009.03.23 10:27:25.973,1.31745,1.31755,1.40,2.80
2009.03.23 10:27:26.313,1.31735,1.3175,5.80,4.80
2009.03.23 10:27:27.232,1.31735,1.3175,5.80,6.00
2009.03.23 10:27:27.582,1.3173,1.31745,11.00,4.80
2009.03.23 10:27:27.942,1.31735,1.31745,1.40,4.80
2009.03.23 10:27:29.192,1.3173,1.31745,12.40,4.80
2009.03.23 10:27:29.532,1.3173,1.3174,5.80,4.80
2009.03.23 10:27:29.952,1.31735,1.3175,11.00,8.80
2009.03.23 10:27:30.222,1.31735,1.3175,5.20,4.80
2009.03.23 10:27:30.851,1.31735,1.3175,3.60,4.80
2009.03.23 10:27:31.201,1.31735,1.3174,3.60,1.60
2009.03.23 10:27:32.381,1.31735,1.3174,9.60,1.60
2009.03.23 10:27:32.611,1.31735,1.3174,3.60,1.60
2009.03.23 10:27:33.351,1.3173,1.31745,12.60,4.80
2009.03.23 10:27:33.691,1.3173,1.31745,12.40,4.80
2009.03.23 10:27:34.031,1.3173,1.31745,11.00,4.80
2009.03.23 10:27:34.261,1.3173,1.31745,5.20,4.80
2009.03.23 10:27:34.491,1.3173,1.31745,11.00,4.80
2009.03.23 10:27:35.450,1.3173,1.31745,5.20,4.80
2009.03.23 10:27:40.749,1.3173,1.31735,8.20,1.60
2009.03.23 10:27:41.039,1.3173,1.31735,9.80,1.60
2009.03.23 10:27:41.319,1.3173,1.31735,15.60,1.60
2009.03.23 10:27:41.819,1.3173,1.31735,9.80,1.60
2009.03.23 10:27:42.169,1.31735,1.31745,3.00,2.50
2009.03.23 10:27:43.998,1.3174,1.3175,1.40,2.70
2009.03.23 10:27:44.108,1.3174,1.3175,1.40,6.80
2009.03.23 10:27:44.288,1.3174,1.3175,3.00,4.00
2009.03.23 10:27:44.518,1.3174,1.3175,3.00,2.40
2009.03.23 10:27:44.678,1.3174,1.31755,5.20,4.80
2009.03.23 10:27:44.798,1.31735,1.3174,11.00,1.60
2009.03.23 10:27:45.038,1.31735,1.31755,11.00,4.80
2009.03.23 10:27:45.388,1.31735,1.31755,5.00,4.80
2009.03.23 10:27:45.728,1.3174,1.31755,3.60,6.40
2009.03.23 10:27:46.558,1.3174,1.31755,5.20,4.80
2009.03.23 10:27:46.797,1.31735,1.3175,17.80,4.80
2009.03.23 10:27:47.298,1.31735,1.3175,15.60,4.80
2009.03.23 10:27:47.697,1.3175,1.3176,3.00,8.80
2009.03.23 10:27:48.098,1.31755,1.31775,19.00,4.80
2009.03.23 10:27:48.598,1.31755,1.3177,7.20,4.80
2009.03.23 10:27:48.947,1.31755,1.3177,5.80,8.60
2009.03.23 10:27:49.287,1.31755,1.3176,5.80,1.40
2009.03.23 10:27:49.468,1.3173,1.3176,7.20,1.40
2009.03.23 10:27:49.907,1.3173,1.3175,5.80,4.80
2009.03.23 10:27:50.197,1.31735,1.3176,8.80,6.80
2009.03.23 10:27:50.537,1.31745,1.3176,5.00,9.60
2009.03.23 10:27:50.987,1.3175,1.31765,3.60,9.60
2009.03.23 10:27:51.447,1.31755,1.31765,13.00,8.00
2009.03.23 10:27:51.806,1.31755,1.3177,1.40,12.80
2009.03.23 10:27:52.246,1.31755,1.3177,3.00,12.80
2009.03.23 10:27:52.646,1.3175,1.31755,3.60,1.00
2009.03.23 10:27:52.996,1.31765,1.3179,1.60,14.40
2009.03.23 10:27:53.276,1.31765,1.3179,6.60,17.60
2009.03.23 10:27:53.566,1.31765,1.3179,4.60,17.60
2009.03.23 10:27:54.066,1.31765,1.3178,4.60,9.60
2009.03.23 10:27:54.576,1.31765,1.3178,5.00,9.60
2009.03.23 10:27:54.966,1.3177,1.3178,3.00,4.80
2009.03.23 10:27:55.455,1.31785,1.3179,1.20,3.80
2009.03.23 10:27:55.905,1.31795,1.31805,5.20,12.00
2009.03.23 10:27:56.995,1.3179,1.31795,25.60,8.00
2009.03.23 10:27:57.395,1.3178,1.31795,5.00,8.00
2009.03.23 10:27:57.905,1.3178,1.31795,11.60,12.80
2009.03.23 10:27:58.185,1.3179,1.31795,3.60,8.00
2009.03.23 10:27:58.605,1.31785,1.3179,4.30,8.00
2009.03.23 10:27:59.345,1.31785,1.31795,9.40,12.80
2009.03.23 10:27:59.684,1.3178,1.31795,3.60,12.80
2009.03.23 10:27:59.974,1.3178,1.31795,5.00,12.80
2009.03.23 10:28:00.834,1.3178,1.3179,5.00,4.80
2009.03.23 10:28:01.164,1.31775,1.31795,3.60,13.60
2009.03.23 10:28:01.614,1.31775,1.31795,3.60,16.00
2009.03.23 10:28:02.055,1.31765,1.31785,5.00,12.80
2009.03.23 10:28:02.334,1.31765,1.3178,5.80,15.40
2009.03.23 10:28:02.675,1.31775,1.3178,3.60,2.60
2009.03.23 10:28:03.024,1.31765,1.31775,1.60,9.60
2009.03.23 10:28:03.244,1.3176,1.31765,5.80,1.60
2009.03.23 10:28:03.643,1.31765,1.3178,3.60,1.60
2009.03.23 10:28:03.983,1.3176,1.31775,6.60,8.60
2009.03.23 10:28:04.273,1.3176,1.31775,5.80,8.60
2009.03.23 10:28:04.673,1.3175,1.3176,6.50,2.80
2009.03.23 10:28:05.143,1.3175,1.31765,1.40,9.20
2009.03.23 10:28:05.493,1.3174,1.31755,2.20,2.60
2009.03.23 10:28:05.783,1.31735,1.31755,1.40,3.80
2009.03.23 10:28:06.183,1.31725,1.31745,6.40,1.60
2009.03.23 10:28:06.693,1.3174,1.31755,2.00,5.40
2009.03.23 10:28:07.043,1.31755,1.3178,3.60,6.40
2009.03.23 10:28:07.423,1.3175,1.3178,1.60,6.40
2009.03.23 10:28:07.814,1.31765,1.3178,5.80,1.60
2009.03.23 10:28:08.233,1.31755,1.31765,7.60,4.80
2009.03.23 10:28:08.632,1.31745,1.3176,6.50,1.60
2009.03.23 10:28:08.862,1.31745,1.31755,10.40,1.60
2009.03.23 10:28:09.102,1.3175,1.31765,7.60,1.60
2009.03.23 10:28:09.722,1.3177,1.31775,5.80,11.50
2009.03.23 10:28:10.052,1.31775,1.3178,5.80,13.90
2009.03.23 10:28:10.342,1.3175,1.31775,9.70,1.60
2009.03.23 10:28:10.632,1.31765,1.31775,3.60,8.00
2009.03.23 10:28:11.032,1.3177,1.3179,5.80,6.00
2009.03.23 10:28:11.502,1.3177,1.31785,5.80,1.60
2009.03.23 10:28:11.961,1.31765,1.31785,14.20,1.60
2009.03.23 10:28:12.292,1.31765,1.3177,5.80,6.40
2009.03.23 10:28:12.521,1.31765,1.3177,5.80,11.20
2009.03.23 10:28:12.811,1.31765,1.3177,5.80,13.40
2009.03.23 10:28:13.191,1.3176,1.3177,5.80,6.40
2009.03.23 10:28:13.481,1.3177,1.31775,1.40,2.50
2009.03.23 10:28:13.761,1.3177,1.31785,1.40,3.80
2009.03.23 10:28:14.111,1.31755,1.3178,11.00,1.60
2009.03.23 10:28:14.461,1.3176,1.3177,5.80,1.60
2009.03.23 10:28:14.801,1.31755,1.3177,3.60,1.60
2009.03.23 10:28:15.141,1.31755,1.31775,5.00,1.60
2009.03.23 10:28:15.361,1.31755,1.3177,5.00,8.00
2009.03.23 10:28:15.741,1.31755,1.3177,3.60,14.40
2009.03.23 10:28:16.141,1.3176,1.3177,5.80,6.40
2009.03.23 10:28:16.371,1.31755,1.3177,3.60,6.40
2009.03.23 10:28:16.831,1.31755,1.31765,3.60,8.00
2009.03.23 10:28:17.640,1.31755,1.31765,5.20,8.00
2009.03.23 10:28:17.980,1.31755,1.3177,6.80,14.40
2009.03.23 10:28:18.370,1.31765,1.3177,1.40,8.00
2009.03.23 10:28:18.720,1.31755,1.3177,8.20,8.00
2009.03.23 10:28:18.940,1.31755,1.31765,10.40,12.00
2009.03.23 10:28:19.861,1.31765,1.31785,1.40,12.30
2009.03.23 10:28:20.509,1.31755,1.3178,10.40,8.80
2009.03.23 10:28:20.849,1.31755,1.3179,10.40,9.60
2009.03.23 10:28:21.179,1.31755,1.31785,15.40,8.00
2009.03.23 10:28:21.519,1.3176,1.31785,7.20,8.00
2009.03.23 10:28:21.919,1.3176,1.3178,7.20,8.00
2009.03.23 10:28:22.369,1.31755,1.3178,12.20,8.00
2009.03.23 10:28:22.639,1.31755,1.31785,12.20,8.00
2009.03.23 10:28:22.909,1.31755,1.31785,5.00,10.20
2009.03.23 10:28:23.609,1.31755,1.3178,5.00,1.60
2009.03.23 10:28:24.029,1.31755,1.3178,8.20,9.60
2009.03.23 10:28:24.379,1.31755,1.3178,14.20,1.60
2009.03.23 10:28:24.719,1.31755,1.3177,9.60,6.40
2009.03.23 10:28:25.178,1.31755,1.3177,5.20,9.60
2009.03.23 10:28:25.578,1.31755,1.3177,4.60,8.00
2009.03.23 10:28:26.268,1.31755,1.3177,11.80,8.00
2009.03.23 10:28:26.729,1.3176,1.31775,1.20,8.00
2009.03.23 10:28:27.418,1.31765,1.31775,4.20,8.00
2009.03.23 10:28:27.938,1.3176,1.31785,1.00,11.80
2009.03.23 10:28:29.627,1.3176,1.31785,1.00,16.60
2009.03.23 10:28:29.797,1.3176,1.3178,5.80,1.60
2009.03.23 10:28:31.047,1.31765,1.3178,5.80,1.60
2009.03.23 10:28:32.327,1.3176,1.3178,1.40,1.60
2009.03.23 10:28:32.966,1.31755,1.3178,11.00,1.60
2009.03.23 10:28:33.706,1.31755,1.31775,5.00,8.00
2009.03.23 10:28:34.636,1.31755,1.31775,5.00,9.60
2009.03.23 10:28:34.986,1.31755,1.31775,5.00,1.60
2009.03.23 10:28:35.556,1.31755,1.31775,3.60,1.60
2009.03.23 10:28:35.916,1.31755,1.31775,12.80,1.60
2009.03.23 10:28:36.266,1.31765,1.3177,5.80,1.60
2009.03.23 10:28:37.316,1.3176,1.3177,5.80,1.60
2009.03.23 10:28:37.765,1.3176,1.31775,5.80,4.80
2009.03.23 10:28:38.235,1.31755,1.31775,5.00,4.80
2009.03.23 10:28:38.865,1.3176,1.3178,1.40,9.60
2009.03.23 10:28:40.125,1.31755,1.31785,12.20,8.00
2009.03.23 10:28:40.745,1.3176,1.3179,5.80,3.80
2009.03.23 10:28:40.965,1.31755,1.3178,12.20,8.00
2009.03.23 10:28:41.514,1.3176,1.3179,8.80,10.60
2009.03.23 10:28:41.754,1.3176,1.31785,3.60,2.20
2009.03.23 10:28:42.104,1.31755,1.31785,11.00,2.20
2009.03.23 10:28:42.864,1.3176,1.31785,5.80,2.20
2009.03.23 10:28:43.034,1.31755,1.31785,11.00,2.20
2009.03.23 10:28:43.404,1.31755,1.31785,11.00,10.20
2009.03.23 10:28:43.694,1.3176,1.31785,5.80,2.20
2009.03.23 10:28:44.734,1.31755,1.31785,11.00,10.20
2009.03.23 10:28:45.314,1.3176,1.3179,5.80,11.80
2009.03.23 10:28:45.603,1.31755,1.31775,12.20,8.00
2009.03.23 10:28:45.943,1.31755,1.31785,12.20,8.00
2009.03.23 10:28:46.303,1.31755,1.3179,18.20,11.80
2009.03.23 10:28:46.753,1.31755,1.31785,12.20,8.00
2009.03.23 10:28:47.683,1.31765,1.31785,1.40,8.00
2009.03.23 10:28:48.483,1.3176,1.31785,7.20,8.00
2009.03.23 10:28:48.823,1.3176,1.3178,10.80,8.00
2009.03.23 10:28:48.932,1.31765,1.3178,1.40,8.00
2009.03.23 10:28:49.513,1.3176,1.3178,7.20,8.00
2009.03.23 10:28:49.912,1.3177,1.3178,1.40,8.00
2009.03.23 10:28:50.602,1.31765,1.3179,1.40,9.60
2009.03.23 10:28:50.992,1.31765,1.3179,5.00,14.40
2009.03.23 10:28:51.273,1.31765,1.31785,1.40,2.20
2009.03.23 10:28:51.912,1.3176,1.31785,1.40,3.80
2009.03.23 10:28:52.421,1.3176,1.31785,7.20,3.80
2009.03.23 10:28:53.422,1.31765,1.31785,5.80,3.80
2009.03.23 10:28:53.591,1.3178,1.31785,3.60,1.60
2009.03.23 10:28:53.821,1.3177,1.31785,1.60,1.60
2009.03.23 10:28:54.031,1.31775,1.31785,3.60,1.60
2009.03.23 10:28:54.261,1.31765,1.31785,3.60,1.60
2009.03.23 10:28:55.001,1.31765,1.31785,28.00,1.60
2009.03.23 10:28:55.291,1.31765,1.31785,20.00,1.60
2009.03.23 10:28:55.691,1.31765,1.31785,12.80,1.60
2009.03.23 10:28:56.011,1.31765,1.3179,11.00,4.80
2009.03.23 10:28:56.481,1.31765,1.31785,3.60,6.40
2009.03.23 10:28:57.351,1.3176,1.31785,3.00,6.40
2009.03.23 10:28:58.050,1.3176,1.3178,1.60,1.60
2009.03.23 10:28:58.280,1.31755,1.3178,18.20,1.60
2009.03.23 10:28:59.320,1.3177,1.3179,1.40,10.20
2009.03.23 10:28:59.660,1.3177,1.3179,1.40,2.20
2009.03.23 10:29:01.059,1.3177,1.31795,1.40,10.80
2009.03.23 10:29:01.450,1.31775,1.31795,3.00,7.60
2009.03.23 10:29:01.689,1.31775,1.31795,3.00,5.40
2009.03.23 10:29:02.149,1.31775,1.31795,1.40,5.40
2009.03.23 10:29:02.909,1.3177,1.31795,8.80,8.20
2009.03.23 10:29:03.149,1.3177,1.31795,8.80,7.60
2009.03.23 10:29:03.429,1.3177,1.3179,1.60,1.00
2009.03.23 10:29:03.779,1.31765,1.31785,5.80,1.00
2009.03.23 10:29:03.949,1.31765,1.31785,5.80,2.20
2009.03.23 10:29:04.119,1.3176,1.3178,13.00,1.00
2009.03.23 10:29:04.409,1.3176,1.3178,5.80,1.00
2009.03.23 10:29:05.098,1.31765,1.31785,5.80,6.40
2009.03.23 10:29:05.479,1.31765,1.31785,12.80,6.40
2009.03.23 10:29:05.829,1.31765,1.3179,8.20,2.60
2009.03.23 10:29:06.279,1.31765,1.31785,6.80,1.60
2009.03.23 10:29:06.568,1.31765,1.3179,8.20,1.60
2009.03.23 10:29:06.908,1.31765,1.31785,14.20,4.80
2009.03.23 10:29:07.248,1.31765,1.3178,6.80,1.60
2009.03.23 10:29:07.468,1.31765,1.3178,5.20,1.60
2009.03.23 10:29:07.748,1.3176,1.3178,8.60,1.40
2009.03.23 10:29:07.978,1.3176,1.3178,7.20,1.40
2009.03.23 10:29:12.057,1.3176,1.31775,7.20,6.40
2009.03.23 10:29:12.387,1.3176,1.31775,3.60,1.60
2009.03.23 10:29:12.657,1.3176,1.3178,3.60,6.40
2009.03.23 10:29:13.167,1.3176,1.3178,10.80,6.40
2009.03.23 10:29:14.676,1.3176,1.3178,14.00,6.40
2009.03.23 10:29:14.887,1.31775,1.3179,3.60,1.60
2009.03.23 10:29:15.056,1.31775,1.31795,11.00,7.40
2009.03.23 10:29:15.356,1.31775,1.31795,7.20,7.40
2009.03.23 10:29:15.536,1.3178,1.31795,1.40,4.80
2009.03.23 10:29:15.746,1.3178,1.318,5.00,12.80
2009.03.23 10:29:16.156,1.3178,1.318,3.60,14.40
2009.03.23 10:29:16.626,1.31775,1.31795,17.60,6.40
2009.03.23 10:29:17.016,1.31775,1.31795,9.60,6.40
2009.03.23 10:29:17.655,1.31775,1.31795,3.60,6.40
2009.03.23 10:29:18.745,1.3177,1.31795,7.20,10.20
2009.03.23 10:29:18.915,1.3177,1.3179,7.20,1.60
2009.03.23 10:29:19.255,1.3177,1.31785,5.80,1.60
2009.03.23 10:29:19.705,1.3177,1.3179,1.40,1.60
2009.03.23 10:29:20.745,1.31775,1.31795,3.60,11.80
2009.03.23 10:29:21.095,1.3177,1.31785,5.80,4.80
2009.03.23 10:29:21.385,1.31775,1.3179,3.60,9.60
2009.03.23 10:29:21.615,1.3177,1.3179,1.40,1.60
2009.03.23 10:29:21.845,1.31775,1.31785,5.80,7.40
2009.03.23 10:29:22.224,1.3177,1.31785,5.80,11.80
2009.03.23 10:29:22.774,1.31755,1.3177,8.30,4.80
2009.03.23 10:29:23.064,1.31765,1.3177,5.80,9.60
2009.03.23 10:29:23.404,1.3176,1.31775,5.80,4.80
2009.03.23 10:29:23.794,1.31755,1.31775,5.00,4.80
2009.03.23 10:29:24.014,1.31755,1.31775,5.00,12.80
2009.03.23 10:29:24.194,1.31755,1.31775,11.00,4.80
2009.03.23 10:29:24.884,1.31765,1.3178,3.60,13.40
2009.03.23 10:29:25.214,1.3175,1.31775,15.60,4.80
2009.03.23 10:29:28.383,1.31765,1.3178,3.60,10.60
2009.03.23 10:29:28.663,1.31765,1.3178,3.60,9.60
2009.03.23 10:29:30.123,1.3176,1.31775,1.40,4.80
2009.03.23 10:29:30.472,1.31755,1.31775,5.00,4.80
2009.03.23 10:29:30.872,1.3176,1.31775,1.40,4.80
2009.03.23 10:29:33.152,1.3176,1.31785,1.40,19.80
2009.03.23 10:29:33.212,1.3176,1.3178,3.00,4.80
2009.03.23 10:29:33.322,1.31765,1.3179,1.40,23.40
2009.03.23 10:29:33.492,1.31765,1.31785,1.40,10.20
2009.03.23 10:29:34.342,1.31765,1.31775,1.40,4.80
2009.03.23 10:29:34.621,1.31755,1.31775,8.80,4.80
2009.03.23 10:29:35.611,1.3176,1.31775,1.40,4.80
2009.03.23 10:29:37.751,1.3175,1.31775,21.60,4.80
2009.03.23 10:29:40.250,1.31755,1.31775,3.80,4.80
2009.03.23 10:29:40.760,1.3176,1.31775,1.00,4.80
2009.03.23 10:29:41.100,1.3175,1.31775,21.40,4.80
2009.03.23 10:29:41.450,1.31755,1.31775,3.80,4.80
2009.03.23 10:29:42.030,1.31755,1.31775,11.00,4.80
2009.03.23 10:29:42.960,1.31765,1.3178,3.60,9.60
2009.03.23 10:29:44.119,1.31765,1.3178,3.60,4.80
2009.03.23 10:29:44.299,1.31765,1.31785,3.60,1.60
2009.03.23 10:29:44.469,1.31765,1.31785,3.60,6.40
2009.03.23 10:29:44.589,1.31765,1.31785,3.80,4.80
2009.03.23 10:29:47.798,1.31765,1.31785,3.80,8.00
2009.03.23 10:29:48.938,1.31765,1.31785,5.40,8.00
2009.03.23 10:29:49.218,1.3177,1.31785,1.60,4.80
2009.03.23 10:29:49.388,1.31775,1.3179,3.60,16.60
2009.03.23 10:29:49.778,1.3177,1.3179,3.80,15.00
2009.03.23 10:29:49.989,1.3177,1.3179,3.80,23.00
2009.03.23 10:29:50.657,1.3177,1.3178,3.80,1.60
2009.03.23 10:29:51.157,1.31765,1.3177,3.70,8.00
2009.03.23 10:29:51.378,1.31765,1.31785,1.60,15.00
2009.03.23 10:29:51.657,1.3176,1.3178,1.60,2.20
2009.03.23 10:29:51.887,1.31755,1.3178,11.20,3.80
2009.03.23 10:29:52.417,1.31755,1.3178,7.00,3.80
2009.03.23 10:29:53.557,1.31755,1.3177,5.20,1.60
2009.03.23 10:29:53.727,1.31755,1.3177,3.60,1.60
2009.03.23 10:29:53.847,1.31755,1.31775,3.60,10.20
2009.03.23 10:29:54.087,1.31755,1.3177,3.60,4.80
2009.03.23 10:29:54.247,1.3175,1.3177,5.20,9.60
2009.03.23 10:29:54.526,1.31755,1.31775,3.60,8.60
2009.03.23 10:29:54.637,1.31755,1.31775,3.80,7.00
2009.03.23 10:29:55.426,1.3175,1.3177,11.20,4.80
2009.03.23 10:29:55.776,1.3175,1.3177,5.20,11.20
2009.03.23 10:29:57.666,1.3175,1.3177,5.20,11.20
2009.03.23 10:29:58.585,1.3175,1.3177,6.80,11.20
2009.03.23 10:29:58.696,1.31755,1.3177,3.60,6.40
2009.03.23 10:29:58.916,1.31755,1.3177,3.80,4.80
2009.03.23 10:29:59.085,1.3176,1.3177,1.60,4.80
2009.03.23 10:29:59.315,1.31755,1.3177,3.80,4.80
2009.03.23 10:29:59.545,1.31755,1.3177,1.00,9.60
2009.03.23 10:29:59.655,1.3175,1.3177,5.20,11.20
2009.03.23 10:29:59.825,1.3175,1.3177,5.20,11.20
2009.03.23 10:30:00.165,1.3175,1.3177,5.20,11.20
2009.03.23 10:30:00.565,1.3175,1.3177,5.20,11.20
2009.03.23 10:30:00.905,1.3175,1.3177,5.20,11.20
2009.03.23 10:30:02.165,1.3175,1.3177,8.40,11.20
2009.03.23 10:30:02.454,1.31755,1.3177,3.60,6.40
2009.03.23 10:30:03.045,1.3176,1.3177,1.00,4.80
2009.03.23 10:30:04.124,1.3176,1.3177,1.00,9.60
2009.03.23 10:30:04.354,1.3175,1.31765,1.60,12.20
2009.03.23 10:30:04.584,1.31745,1.31765,3.60,12.20
2009.03.23 10:30:04.864,1.31745,1.31765,5.20,12.20
2009.03.23 10:30:05.394,1.3174,1.3175,5.20,1.60
2009.03.23 10:30:05.754,1.3174,1.3176,5.20,26.20
2009.03.23 10:30:06.104,1.31735,1.31755,5.20,12.20
2009.03.23 10:30:06.394,1.31735,1.31755,3.60,12.20
2009.03.23 10:30:07.083,1.31735,1.31755,3.60,13.80
2009.03.23 10:30:07.364,1.3173,1.3175,5.20,11.20
2009.03.23 10:30:07.783,1.31735,1.3175,3.60,11.20
2009.03.23 10:30:07.944,1.31735,1.3175,3.60,9.60
2009.03.23 10:30:08.353,1.3173,1.3175,5.20,9.60
2009.03.23 10:30:08.523,1.31735,1.3175,1.00,9.60
2009.03.23 10:30:09.603,1.31735,1.31755,5.20,11.80
2009.03.23 10:30:09.893,1.31735,1.31755,3.80,11.80
2009.03.23 10:30:10.793,1.31735,1.31755,5.20,11.80
2009.03.23 10:30:11.082,1.31735,1.31755,5.20,13.40
2009.03.23 10:30:11.442,1.31735,1.3175,1.60,4.80
2009.03.23 10:30:11.782,1.3173,1.3175,11.20,9.60
2009.03.23 10:30:11.963,1.31735,1.3175,3.60,9.60
2009.03.23 10:30:12.192,1.31735,1.3175,3.80,9.60
2009.03.23 10:30:12.412,1.31735,1.3175,1.00,9.60
2009.03.23 10:30:13.112,1.31745,1.3175,1.60,4.80
2009.03.23 10:30:13.503,1.3175,1.3176,6.80,8.80
2009.03.23 10:30:13.982,1.31765,1.3177,7.00,8.00
2009.03.23 10:30:14.262,1.31775,1.3178,3.60,12.00
2009.03.23 10:30:14.662,1.31775,1.3178,3.60,8.00
2009.03.23 10:30:15.342,1.3178,1.3179,3.60,8.00
2009.03.23 10:30:16.143,1.31775,1.31795,3.60,14.40
2009.03.23 10:30:16.541,1.3178,1.31795,3.60,8.00
2009.03.23 10:30:16.711,1.3178,1.318,3.60,21.40
2009.03.23 10:30:17.051,1.31775,1.3179,3.80,4.80
2009.03.23 10:30:17.451,1.31765,1.3178,5.80,11.80
2009.03.23 10:30:17.791,1.3176,1.31775,7.40,4.80
2009.03.23 10:30:18.021,1.3176,1.3177,5.80,1.60
2009.03.23 10:30:18.341,1.3177,1.31775,5.80,4.00
2009.03.23 10:30:18.571,1.3175,1.31765,10.00,6.40
2009.03.23 10:30:18.741,1.31755,1.3177,9.20,1.60
2009.03.23 10:30:19.041,1.3177,1.3178,5.80,3.80
2009.03.23 10:30:19.261,1.31755,1.3177,9.20,1.60
2009.03.23 10:30:19.830,1.3177,1.3178,5.80,1.60
2009.03.23 10:30:20.130,1.3177,1.3178,5.80,3.80
2009.03.23 10:30:20.980,1.3177,1.31775,5.80,1.60
2009.03.23 10:30:21.210,1.31765,1.31775,5.80,1.60
2009.03.23 10:30:21.740,1.31755,1.31775,6.80,1.60
2009.03.23 10:30:22.240,1.31755,1.31775,6.80,9.60
2009.03.23 10:30:22.850,1.31755,1.3177,6.80,1.60
2009.03.23 10:30:23.350,1.31755,1.31765,3.20,1.60
2009.03.23 10:30:23.700,1.31755,1.3177,5.20,1.60
2009.03.23 10:30:24.050,1.31755,1.31775,6.80,9.60
2009.03.23 10:30:24.279,1.31755,1.31775,3.60,14.40
2009.03.23 10:30:24.919,1.31755,1.31775,7.00,8.00
2009.03.23 10:30:25.199,1.31755,1.3178,7.00,1.60
2009.03.23 10:30:25.949,1.31755,1.31775,7.00,8.00
2009.03.23 10:30:26.759,1.31755,1.31775,6.80,1.60
2009.03.23 10:30:27.438,1.31755,1.31775,12.80,1.60
2009.03.23 10:30:28.129,1.31755,1.31775,6.80,1.60
2009.03.23 10:30:28.808,1.31755,1.3178,7.00,11.80
2009.03.23 10:30:29.469,1.31755,1.31775,6.80,9.60
2009.03.23 10:30:29.968,1.31755,1.3178,7.00,11.80
2009.03.23 10:30:30.738,1.31755,1.31775,6.80,1.60
2009.03.23 10:30:32.857,1.31755,1.31775,12.80,1.60
2009.03.23 10:30:33.207,1.31755,1.3178,12.80,3.80
2009.03.23 10:30:33.557,1.3176,1.31775,5.80,1.60
2009.03.23 10:30:33.997,1.31755,1.31775,12.80,1.60
2009.03.23 10:30:34.507,1.31755,1.31775,6.80,1.60
2009.03.23 10:30:35.907,1.31755,1.31775,5.20,1.60
2009.03.23 10:30:36.367,1.31755,1.3177,5.20,1.60
2009.03.23 10:30:36.767,1.3175,1.3176,8.00,1.60
2009.03.23 10:30:36.996,1.31755,1.3177,3.60,1.60
2009.03.23 10:30:37.636,1.31755,1.31765,3.60,1.60
2009.03.23 10:30:38.096,1.31755,1.3177,3.60,1.60
2009.03.23 10:30:39.716,1.31755,1.3177,5.20,1.60
2009.03.23 10:30:40.065,1.31755,1.31775,5.20,1.60
2009.03.23 10:30:40.785,1.31755,1.31775,5.40,1.60
2009.03.23 10:30:41.225,1.31755,1.3178,7.00,9.60
2009.03.23 10:30:41.695,1.31755,1.3178,1.00,9.60
2009.03.23 10:30:42.025,1.31755,1.31775,1.00,8.00
2009.03.23 10:30:42.985,1.3176,1.31775,1.00,8.00
2009.03.23 10:30:43.224,1.3176,1.31775,7.40,8.00
2009.03.23 10:30:43.565,1.31765,1.3178,3.60,9.60
2009.03.23 10:30:43.794,1.3176,1.3178,7.40,9.60
2009.03.23 10:30:44.075,1.3176,1.3178,2.20,9.60
2009.03.23 10:30:44.305,1.3176,1.3178,1.00,9.60
2009.03.23 10:30:44.765,1.3176,1.3178,1.60,9.60
2009.03.23 10:30:45.165,1.3177,1.31775,3.60,8.00
2009.03.23 10:30:45.844,1.3177,1.3178,3.60,8.00
2009.03.23 10:30:46.134,1.3177,1.31775,3.60,8.00
2009.03.23 10:30:46.794,1.31755,1.31765,1.00,9.60
2009.03.23 10:30:47.174,1.3176,1.3178,7.00,16.00
2009.03.23 10:30:47.524,1.3176,1.3178,6.00,8.00
2009.03.23 10:30:47.993,1.3176,1.31775,3.60,6.20
2009.03.23 10:30:48.834,1.31755,1.3177,3.60,11.00
2009.03.23 10:30:49.923,1.3176,1.3177,3.60,6.40
2009.03.23 10:30:50.273,1.3176,1.3177,1.40,1.60
2009.03.23 10:30:50.573,1.31765,1.3178,3.60,3.60
2009.03.23 10:30:50.953,1.31765,1.31785,3.60,14.40
2009.03.23 10:30:51.353,1.3177,1.31785,3.60,8.00
2009.03.23 10:30:51.593,1.3176,1.31775,7.40,1.60
2009.03.23 10:30:51.943,1.31755,1.31775,20.20,1.60
2009.03.23 10:30:52.293,1.31755,1.31775,12.80,1.60
2009.03.23 10:30:52.803,1.3176,1.31775,5.80,1.60
2009.03.23 10:30:53.092,1.3176,1.31775,5.80,1.40
2009.03.23 10:30:55.372,1.31765,1.31775,5.80,9.40
2009.03.23 10:30:56.262,1.3176,1.31775,5.80,1.40
2009.03.23 10:30:56.611,1.3176,1.31775,5.80,1.60
2009.03.23 10:30:57.301,1.31755,1.31775,6.80,1.60
2009.03.23 10:30:57.641,1.31755,1.31775,12.80,1.60
2009.03.23 10:30:57.981,1.31755,1.31775,6.80,9.60
2009.03.23 10:30:58.611,1.31755,1.3178,12.80,1.60
2009.03.23 10:30:59.291,1.31755,1.3178,7.00,9.60
2009.03.23 10:30:59.591,1.31755,1.3178,11.20,1.60
2009.03.23 10:30:59.821,1.31755,1.3178,9.60,1.60
2009.03.23 10:31:00.181,1.3176,1.3178,5.80,1.60
2009.03.23 10:31:00.910,1.31765,1.3178,5.80,1.60
2009.03.23 10:31:01.191,1.31765,1.31775,5.80,1.60
2009.03.23 10:31:01.530,1.3176,1.3178,9.60,1.60
2009.03.23 10:31:01.810,1.3176,1.31775,5.80,1.60
2009.03.23 10:31:02.540,1.31755,1.31775,12.80,1.60
2009.03.23 10:31:02.890,1.31755,1.31775,9.60,1.60
2009.03.23 10:31:03.670,1.31755,1.31775,3.60,1.60
2009.03.23 10:31:04.190,1.3176,1.31785,1.00,11.80
2009.03.23 10:31:04.360,1.3176,1.31775,1.00,8.00
2009.03.23 10:31:04.690,1.31755,1.31775,3.80,8.00
2009.03.23 10:31:05.039,1.31755,1.31775,3.60,9.60
2009.03.23 10:31:05.430,1.31755,1.3177,3.60,1.60
2009.03.23 10:31:06.079,1.31755,1.3177,3.20,1.60
2009.03.23 10:31:07.519,1.31755,1.3177,3.60,1.60
2009.03.23 10:31:10.638,1.3175,1.31755,1.40,8.00
2009.03.23 10:31:11.088,1.31745,1.3175,5.80,2.60
2009.03.23 10:31:11.498,1.31735,1.31745,5.80,1.60
2009.03.23 10:31:11.858,1.31735,1.3174,5.80,3.80
2009.03.23 10:31:12.498,1.3173,1.3174,5.80,3.80
2009.03.23 10:31:13.398,1.31735,1.3174,5.80,3.80
2009.03.23 10:31:14.147,1.3174,1.31745,5.80,4.00
2009.03.23 10:31:14.367,1.3174,1.3175,5.80,6.00
2009.03.23 10:31:14.537,1.3174,1.3175,5.80,3.80
2009.03.23 10:31:14.927,1.3174,1.31755,5.80,5.10
2009.03.23 10:31:15.268,1.3174,1.3175,5.80,1.60
2009.03.23 10:31:16.697,1.31745,1.3175,5.80,1.60
2009.03.23 10:31:16.986,1.3174,1.3175,5.80,3.00
2009.03.23 10:31:17.276,1.31745,1.3175,5.80,3.00
2009.03.23 10:31:17.567,1.31755,1.3176,5.80,12.60
2009.03.23 10:31:17.897,1.31745,1.3175,5.80,3.00
2009.03.23 10:31:18.126,1.31755,1.3176,5.80,14.10
2009.03.23 10:31:18.356,1.31745,1.3175,5.80,3.00
2009.03.23 10:31:18.626,1.3174,1.3175,5.80,3.00
2009.03.23 10:31:19.026,1.3173,1.3175,7.20,3.00
2009.03.23 10:31:19.196,1.3173,1.31745,7.20,9.40
2009.03.23 10:31:19.716,1.3173,1.31745,7.20,1.40
2009.03.23 10:31:20.216,1.3173,1.31745,13.00,1.40
2009.03.23 10:31:20.666,1.3173,1.31745,7.20,1.40
2009.03.23 10:31:21.295,1.31725,1.31745,22.00,1.40
2009.03.23 10:31:21.635,1.31725,1.31745,14.20,1.40
2009.03.23 10:31:24.575,1.31725,1.31745,7.00,1.40
2009.03.23 10:31:26.424,1.31725,1.31745,2.00,1.40
2009.03.23 10:31:26.814,1.31725,1.31745,6.80,1.60
2009.03.23 10:31:26.984,1.31725,1.31745,7.00,1.60
2009.03.23 10:31:29.574,1.31725,1.31745,5.40,1.60
2009.03.23 10:31:29.633,1.31725,1.31745,3.80,1.60
2009.03.23 10:31:29.683,1.31725,1.31735,3.60,1.60
2009.03.23 10:31:30.243,1.31725,1.3174,6.80,1.60
2009.03.23 10:31:32.063,1.31725,1.31745,6.80,9.60
2009.03.23 10:31:32.753,1.31725,1.3174,6.80,1.60
2009.03.23 10:31:35.382,1.31725,1.3174,3.20,1.60
2009.03.23 10:31:35.722,1.3172,1.3174,8.40,1.60
2009.03.23 10:31:36.222,1.31715,1.31735,9.20,1.60
2009.03.23 10:31:36.572,1.31715,1.31735,3.20,1.60
2009.03.23 10:31:36.802,1.31715,1.31735,3.20,1.60
2009.03.23 10:31:36.971,1.31715,1.3174,1.00,9.60
2009.03.23 10:31:37.462,1.31715,1.31735,1.00,1.60
2009.03.23 10:31:37.751,1.3172,1.3174,8.40,1.60
2009.03.23 10:31:38.051,1.3171,1.31735,18.40,1.60
2009.03.23 10:31:38.401,1.3171,1.31735,12.60,1.60
2009.03.23 10:31:38.691,1.3171,1.3172,1.60,8.00
2009.03.23 10:31:39.011,1.3171,1.3172,3.00,1.60
2009.03.23 10:31:39.361,1.3172,1.31725,1.40,4.00
2009.03.23 10:31:39.481,1.31715,1.31725,3.00,1.60
2009.03.23 10:31:39.701,1.31715,1.3172,3.00,1.60
2009.03.23 10:31:39.881,1.31705,1.3172,3.20,1.60
2009.03.23 10:31:40.111,1.31705,1.3172,4.80,1.60
2009.03.23 10:31:40.291,1.3171,1.31725,8.40,1.60
2009.03.23 10:31:41.921,1.3171,1.31725,5.20,1.60
2009.03.23 10:31:42.201,1.3171,1.3172,1.40,1.60
2009.03.23 10:31:47.499,1.31715,1.3173,3.60,7.40
2009.03.23 10:31:47.789,1.31715,1.3173,3.60,6.40
2009.03.23 10:31:48.079,1.31715,1.3173,3.60,4.80
2009.03.23 10:31:51.548,1.3171,1.31725,5.20,6.40
2009.03.23 10:31:53.158,1.31705,1.3172,3.60,4.80
2009.03.23 10:31:53.498,1.31695,1.31715,9.60,1.60
2009.03.23 10:31:53.888,1.3169,1.31715,3.80,1.60
2009.03.23 10:31:54.187,1.3169,1.31715,3.80,9.00
2009.03.23 10:31:54.418,1.3169,1.31715,3.80,2.60
2009.03.23 10:31:55.670,1.31695,1.31715,1.60,1.20
2009.03.23 10:31:55.897,1.31695,1.3172,1.60,11.80
2009.03.23 10:31:56.497,1.31695,1.3172,1.60,3.80
2009.03.23 10:31:57.187,1.31695,1.3171,1.00,4.80
2009.03.23 10:31:57.657,1.3168,1.31705,15.00,2.80
2009.03.23 10:31:57.867,1.3168,1.31705,3.80,3.80
2009.03.23 10:31:59.446,1.3168,1.31705,5.40,3.80
2009.03.23 10:31:59.676,1.31685,1.31705,1.60,2.20
2009.03.23 10:32:04.185,1.3169,1.31705,5.20,2.20
2009.03.23 10:32:04.515,1.3169,1.31705,3.60,2.20
2009.03.23 10:32:04.735,1.3169,1.31705,5.20,2.20
2009.03.23 10:32:04.965,1.3169,1.31705,5.20,2.20
2009.03.23 10:32:05.295,1.3169,1.31705,3.80,2.20
2009.03.23 10:32:05.525,1.3169,1.31705,3.80,7.00
2009.03.23 10:32:05.865,1.31675,1.317,11.20,1.40
2009.03.23 10:32:06.285,1.3168,1.31705,1.00,3.80
2009.03.23 10:32:08.724,1.31685,1.31705,1.00,3.80
2009.03.23 10:32:11.163,1.3168,1.317,5.80,1.60
2009.03.23 10:32:11.463,1.3168,1.31705,6.00,3.80
2009.03.23 10:32:11.743,1.3168,1.31705,1.00,3.80
2009.03.23 10:32:14.882,1.31685,1.31705,1.00,3.80
2009.03.23 10:32:15.003,1.31675,1.317,6.00,1.60
2009.03.23 10:32:15.122,1.31675,1.317,1.00,1.60
2009.03.23 10:32:15.692,1.3168,1.31705,1.00,14.00
2009.03.23 10:32:16.272,1.3167,1.31695,17.00,1.60
2009.03.23 10:32:16.622,1.3167,1.31695,11.00,1.60
2009.03.23 10:32:17.593,1.31685,1.31695,5.20,1.60
2009.03.23 10:32:17.872,1.31685,1.3171,5.20,6.40
2009.03.23 10:32:18.152,1.31685,1.3171,5.20,14.40
2009.03.23 10:32:18.272,1.31685,1.3171,5.20,6.40
2009.03.23 10:32:23.580,1.3169,1.31705,3.00,9.40
2009.03.23 10:32:23.920,1.3169,1.31705,5.20,6.20
2009.03.23 10:32:24.130,1.3169,1.31705,5.20,7.80
2009.03.23 10:32:24.420,1.3168,1.3169,5.20,4.80
2009.03.23 10:32:24.650,1.3168,1.31685,3.60,11.80
2009.03.23 10:32:24.940,1.31675,1.31685,2.40,16.60
2009.03.23 10:32:25.730,1.3165,1.3168,5.20,5.80
2009.03.23 10:32:25.960,1.3165,1.31685,8.40,16.60
2009.03.23 10:32:26.300,1.3167,1.31685,5.20,8.00
2009.03.23 10:32:26.700,1.31675,1.31685,3.60,8.00
2009.03.23 10:32:27.159,1.3168,1.31695,5.20,14.20
2009.03.23 10:32:27.460,1.3168,1.31695,5.20,6.20
2009.03.23 10:32:28.179,1.31675,1.3169,5.20,4.80
2009.03.23 10:32:28.409,1.31675,1.3169,5.20,6.40
2009.03.23 10:32:28.709,1.3169,1.317,1.40,13.20
2009.03.23 10:32:28.939,1.3168,1.31705,15.40,1.60
2009.03.23 10:32:29.160,1.3168,1.317,10.40,1.60
2009.03.23 10:32:30.289,1.3168,1.31695,8.80,1.60
2009.03.23 10:32:30.449,1.3168,1.31695,10.40,1.60
2009.03.23 10:32:30.569,1.3168,1.317,10.40,1.60
2009.03.23 10:32:32.228,1.3168,1.31695,10.40,1.60
2009.03.23 10:32:33.698,1.3168,1.31695,5.20,6.40
2009.03.23 10:32:33.988,1.31685,1.317,3.60,6.40
2009.03.23 10:32:34.728,1.31685,1.317,5.20,6.40
2009.03.23 10:32:37.117,1.31685,1.31695,3.20,1.20
2009.03.23 10:32:37.167,1.31685,1.31695,3.20,2.80
2009.03.23 10:32:37.337,1.3168,1.3169,1.40,1.20
2009.03.23 10:32:41.996,1.3168,1.31695,5.20,6.40
2009.03.23 10:32:42.666,1.31685,1.317,3.60,21.40
2009.03.23 10:32:42.786,1.3169,1.317,1.40,6.40
2009.03.23 10:32:43.076,1.3169,1.317,5.20,1.60
2009.03.23 10:32:43.715,1.3168,1.317,8.20,6.40
2009.03.23 10:32:43.925,1.31675,1.317,3.80,6.40
2009.03.23 10:32:44.215,1.31675,1.317,3.80,14.40
2009.03.23 10:32:44.435,1.3167,1.3169,1.00,1.60
2009.03.23 10:32:45.015,1.3167,1.31695,6.00,11.80
2009.03.23 10:32:45.295,1.31665,1.31685,17.80,1.60
2009.03.23 10:32:45.635,1.31675,1.31695,3.60,8.00
2009.03.23 10:32:46.614,1.31675,1.31695,3.60,6.40
2009.03.23 10:32:47.175,1.31675,1.31695,9.60,4.80
2009.03.23 10:32:47.515,1.31675,1.31695,5.40,4.80
2009.03.23 10:32:47.804,1.3168,1.317,3.00,8.00
2009.03.23 10:32:50.184,1.3169,1.31715,1.60,10.60
2009.03.23 10:32:51.834,1.31685,1.3171,20.20,1.60
2009.03.23 10:32:52.374,1.31685,1.3171,12.80,1.60
2009.03.23 10:32:52.483,1.31685,1.31705,12.80,1.60
2009.03.23 10:32:52.893,1.31685,1.31705,5.80,1.60
2009.03.23 10:32:53.243,1.3168,1.31705,6.00,9.60
2009.03.23 10:32:55.133,1.3168,1.31705,9.60,9.60
2009.03.23 10:32:55.243,1.31685,1.31705,3.60,6.40
2009.03.23 10:32:58.852,1.3169,1.31705,5.20,4.80
2009.03.23 10:32:59.132,1.3169,1.31705,3.60,6.40
2009.03.23 10:32:59.312,1.31685,1.31705,8.40,6.40
2009.03.23 10:32:59.431,1.31685,1.31705,3.60,6.40
2009.03.23 10:33:00.672,1.3169,1.31705,3.00,6.40
2009.03.23 10:33:01.002,1.3169,1.31705,5.20,4.80
2009.03.23 10:33:06.390,1.31685,1.31705,7.00,6.20
2009.03.23 10:33:06.660,1.31685,1.31705,5.40,6.20
2009.03.23 10:33:12.199,1.3169,1.31705,5.20,4.80
2009.03.23 10:33:12.428,1.31695,1.3171,3.60,9.60
2009.03.23 10:33:15.228,1.31695,1.3171,3.60,4.80
2009.03.23 10:33:16.187,1.31695,1.3171,5.20,4.80
2009.03.23 10:33:16.347,1.31695,1.3171,3.60,4.80
2009.03.23 10:33:19.828,1.317,1.31715,3.60,13.00
2009.03.23 10:33:19.887,1.317,1.31715,5.20,8.20
2009.03.23 10:33:20.117,1.317,1.31715,18.20,8.00
2009.03.23 10:33:20.177,1.31705,1.31715,3.20,8.00
2009.03.23 10:33:20.237,1.31705,1.31715,5.20,3.20
2009.03.23 10:33:20.936,1.317,1.31715,5.20,8.00
2009.03.23 10:33:21.286,1.317,1.31715,3.60,9.00
2009.03.23 10:33:22.496,1.31695,1.31715,1.00,9.00
2009.03.23 10:33:22.606,1.3169,1.3171,1.40,1.60
2009.03.23 10:33:23.016,1.31685,1.3171,5.40,1.60
2009.03.23 10:33:23.316,1.31685,1.3171,7.00,1.60
2009.03.23 10:33:24.106,1.31685,1.3171,7.00,2.60
2009.03.23 10:33:24.156,1.31685,1.3171,7.00,3.80
2009.03.23 10:33:25.985,1.31685,1.317,7.00,4.80
2009.03.23 10:33:26.105,1.31685,1.317,5.20,4.80
2009.03.23 10:33:27.075,1.31685,1.31705,5.20,1.60
2009.03.23 10:33:27.665,1.31685,1.3171,5.40,16.60
2009.03.23 10:33:28.184,1.31685,1.317,5.40,4.80
2009.03.23 10:33:28.345,1.31685,1.31705,5.40,8.00
2009.03.23 10:33:28.585,1.31685,1.317,3.60,4.80
2009.03.23 10:33:28.925,1.31685,1.3171,7.00,3.80
2009.03.23 10:33:29.214,1.31685,1.3171,1.60,3.80
2009.03.23 10:33:29.504,1.3168,1.31705,6.00,2.60
2009.03.23 10:33:29.864,1.3168,1.31705,1.60,3.80
2009.03.23 10:33:30.544,1.3168,1.31705,1.60,11.80
2009.03.23 10:33:31.574,1.31675,1.317,5.40,1.60
2009.03.23 10:33:34.263,1.31675,1.3169,5.20,4.80
2009.03.23 10:33:35.053,1.31675,1.317,3.80,14.40
2009.03.23 10:33:35.463,1.31675,1.317,7.00,16.60
2009.03.23 10:33:42.661,1.3168,1.317,6.80,6.40
2009.03.23 10:33:42.881,1.3168,1.317,5.20,6.40
2009.03.23 10:33:43.001,1.3168,1.317,5.20,14.40
2009.03.23 10:33:43.291,1.3168,1.31695,5.20,6.40
2009.03.23 10:33:43.681,1.3168,1.3169,5.20,1.60
2009.03.23 10:33:44.301,1.31675,1.3169,6.80,4.80
2009.03.23 10:33:44.521,1.3167,1.3169,8.40,6.40
2009.03.23 10:33:44.801,1.3167,1.31685,8.40,4.80
2009.03.23 10:33:45.031,1.3167,1.31685,6.80,6.40
2009.03.23 10:33:45.201,1.3167,1.31685,5.20,6.40
2009.03.23 10:33:45.591,1.3167,1.31685,6.80,6.40
2009.03.23 10:33:45.921,1.3167,1.31685,8.40,6.40
2009.03.23 10:33:46.430,1.3167,1.31685,8.40,1.60
2009.03.23 10:33:46.770,1.3167,1.3169,8.40,1.60
2009.03.23 10:33:48.510,1.3168,1.317,8.40,9.60
2009.03.23 10:33:48.630,1.3168,1.317,8.40,8.00
2009.03.23 10:33:48.740,1.3168,1.31705,8.40,8.60
2009.03.23 10:33:48.970,1.3169,1.31705,5.20,6.40
2009.03.23 10:33:49.030,1.3169,1.31705,5.20,4.80
2009.03.23 10:33:49.529,1.3169,1.31705,9.20,4.80
2009.03.23 10:33:49.890,1.31695,1.3171,5.20,4.80
2009.03.23 10:33:50.529,1.31695,1.3171,5.20,6.40
2009.03.23 10:33:50.940,1.31695,1.3171,5.20,4.80
2009.03.23 10:33:51.409,1.3169,1.31705,5.20,4.80
2009.03.23 10:33:52.719,1.31695,1.3171,5.20,4.80
2009.03.23 10:33:53.419,1.31695,1.3171,5.20,7.00
2009.03.23 10:33:53.648,1.3169,1.31705,5.20,6.40
2009.03.23 10:33:54.448,1.3169,1.317,5.20,1.60
2009.03.23 10:33:55.458,1.3168,1.3169,1.60,4.80
2009.03.23 10:33:55.858,1.3168,1.31695,5.20,6.40
2009.03.23 10:33:56.028,1.3168,1.3169,1.40,4.80
2009.03.23 10:33:56.368,1.3167,1.31685,11.20,6.40
2009.03.23 10:33:56.648,1.3167,1.3169,8.40,6.40
2009.03.23 10:33:58.077,1.3168,1.3169,5.20,1.60
2009.03.23 10:34:01.496,1.3168,1.31695,5.20,4.80
2009.03.23 10:34:02.687,1.3167,1.3169,8.40,6.40
2009.03.23 10:34:02.856,1.3167,1.31695,8.40,6.40
2009.03.23 10:34:03.086,1.3167,1.31695,8.40,14.40
2009.03.23 10:34:03.256,1.3167,1.31695,8.40,6.40
2009.03.23 10:34:03.886,1.3168,1.31695,5.20,4.80
2009.03.23 10:34:06.415,1.31685,1.31695,1.40,6.40
2009.03.23 10:34:06.585,1.31685,1.317,5.20,4.80
2009.03.23 10:34:13.144,1.31695,1.3171,3.20,1.60
2009.03.23 10:34:13.444,1.31695,1.31705,1.80,3.80
2009.03.23 10:34:13.564,1.3169,1.31705,6.40,3.80
2009.03.23 10:34:13.614,1.3169,1.317,6.40,8.00
2009.03.23 10:34:13.724,1.31685,1.317,1.00,8.00
2009.03.23 10:34:14.003,1.31685,1.31705,1.00,8.60
2009.03.23 10:34:14.114,1.3168,1.317,6.80,1.60
2009.03.23 10:34:16.054,1.3168,1.31695,6.80,6.40
2009.03.23 10:34:16.383,1.3168,1.31695,1.60,1.60
2009.03.23 10:34:16.603,1.3168,1.317,1.60,11.80
2009.03.23 10:34:16.843,1.3168,1.317,1.60,9.60
2009.03.23 10:34:17.013,1.3168,1.317,1.60,1.60
2009.03.23 10:34:18.033,1.3168,1.317,8.40,1.60
2009.03.23 10:34:25.191,1.3168,1.317,8.40,1.40
2009.03.23 10:34:25.701,1.3168,1.317,8.40,9.40
2009.03.23 10:34:25.991,1.3168,1.31695,8.40,6.20
2009.03.23 10:34:26.331,1.3168,1.31695,6.80,6.20
2009.03.23 10:34:26.681,1.3168,1.3169,4.80,1.40
2009.03.23 10:34:27.031,1.3169,1.317,1.40,6.20
2009.03.23 10:34:27.390,1.3169,1.317,3.00,6.20
2009.03.23 10:34:27.730,1.31695,1.317,1.40,4.80
2009.03.23 10:34:28.030,1.31695,1.317,3.20,4.80
2009.03.23 10:34:28.490,1.31695,1.3171,5.20,4.80
2009.03.23 10:34:29.470,1.31695,1.3171,5.20,6.20
2009.03.23 10:34:29.640,1.317,1.31705,1.40,4.80
2009.03.23 10:34:29.810,1.31685,1.317,7.20,1.40
2009.03.23 10:34:30.050,1.3169,1.317,5.20,1.40
2009.03.23 10:34:30.320,1.3169,1.31705,5.20,14.40
2009.03.23 10:34:30.669,1.31685,1.317,3.20,1.60
2009.03.23 10:34:31.229,1.31685,1.3171,7.00,9.60
2009.03.23 10:34:31.399,1.3169,1.3171,6.80,9.60
2009.03.23 10:34:31.579,1.3169,1.3171,8.40,9.60
2009.03.23 10:34:31.750,1.3169,1.3171,8.40,1.60
2009.03.23 10:34:32.369,1.3169,1.3171,8.40,9.60
2009.03.23 10:34:32.529,1.3169,1.3171,8.40,1.60
2009.03.23 10:34:34.679,1.3169,1.3171,6.80,1.60
2009.03.23 10:34:34.949,1.3169,1.3171,5.20,1.60
2009.03.23 10:34:35.468,1.3169,1.3171,6.80,1.60
2009.03.23 10:34:35.858,1.3169,1.3171,5.20,1.60
2009.03.23 10:34:37.088,1.3169,1.3171,5.20,9.60
2009.03.23 10:34:37.258,1.3169,1.31705,5.20,4.80
2009.03.23 10:34:37.668,1.3169,1.317,5.20,1.60
2009.03.23 10:34:38.128,1.3169,1.3171,5.20,17.60
2009.03.23 10:34:38.357,1.3169,1.3171,5.20,1.60
2009.03.23 10:34:41.167,1.3169,1.31705,5.20,4.80
2009.03.23 10:34:41.617,1.3169,1.31705,5.20,6.40
2009.03.23 10:34:42.597,1.3169,1.3171,5.20,1.60
2009.03.23 10:34:49.335,1.3169,1.3171,6.80,1.60
2009.03.23 10:34:49.565,1.3169,1.3171,8.40,1.60
2009.03.23 10:34:50.285,1.3169,1.31705,5.20,4.80
2009.03.23 10:34:50.585,1.3169,1.3171,13.40,9.60
2009.03.23 10:34:50.814,1.3169,1.3171,15.60,1.60
2009.03.23 10:34:51.044,1.3169,1.31705,5.20,1.60
2009.03.23 10:34:51.375,1.3169,1.31705,5.20,6.40
2009.03.23 10:34:52.124,1.3169,1.317,1.40,4.80
2009.03.23 10:34:52.234,1.3169,1.317,1.40,6.40
2009.03.23 10:34:52.524,1.3169,1.317,1.40,4.80
2009.03.23 10:34:52.644,1.3169,1.31705,5.20,6.40
2009.03.23 10:34:56.873,1.3169,1.31705,5.20,4.80
2009.03.23 10:34:57.053,1.3169,1.317,5.20,1.60
2009.03.23 10:34:57.223,1.3169,1.317,1.40,6.40
2009.03.23 10:35:00.502,1.3169,1.317,5.20,1.60
2009.03.23 10:35:00.892,1.3169,1.3171,5.20,9.60
2009.03.23 10:35:02.452,1.3169,1.3171,5.20,1.60
2009.03.23 10:35:02.662,1.3169,1.3171,5.20,4.80
2009.03.23 10:35:03.002,1.3169,1.31705,5.20,4.80
2009.03.23 10:35:03.232,1.3169,1.31705,5.20,12.80
2009.03.23 10:35:03.462,1.3169,1.317,1.40,4.80
2009.03.23 10:35:03.872,1.3169,1.317,1.40,6.40
2009.03.23 10:35:08.351,1.3169,1.31695,1.40,1.60
2009.03.23 10:35:08.470,1.3169,1.31695,5.20,1.60
2009.03.23 10:35:08.760,1.31685,1.317,5.20,9.60
2009.03.23 10:35:08.981,1.31685,1.31695,2.20,4.80
2009.03.23 10:35:09.210,1.3168,1.31695,5.20,6.40
2009.03.23 10:35:12.200,1.3168,1.31695,5.20,4.80
2009.03.23 10:35:12.779,1.31685,1.317,3.60,11.20
2009.03.23 10:35:12.890,1.31685,1.317,5.20,4.80
2009.03.23 10:35:13.869,1.31685,1.3169,1.40,4.80
2009.03.23 10:35:14.339,1.3168,1.31695,5.20,4.80
2009.03.23 10:35:14.909,1.3169,1.317,5.20,1.60
2009.03.23 10:35:15.079,1.3169,1.31705,5.20,7.60
2009.03.23 10:35:15.249,1.3169,1.31705,5.20,6.40
2009.03.23 10:35:17.238,1.31695,1.3171,3.60,19.20
2009.03.23 10:35:17.399,1.31695,1.3171,5.20,6.40
2009.03.23 10:35:17.808,1.3169,1.31705,7.60,6.40
2009.03.23 10:35:18.038,1.3169,1.31705,5.20,6.40
2009.03.23 10:35:18.439,1.3168,1.31695,5.20,4.80
2009.03.23 10:35:18.788,1.3168,1.31695,6.80,6.40
2009.03.23 10:35:19.008,1.3168,1.317,8.40,1.60
2009.03.23 10:35:19.688,1.3168,1.31695,14.00,1.60
2009.03.23 10:35:20.018,1.3168,1.3169,5.20,1.60
2009.03.23 10:35:20.248,1.3168,1.3169,1.40,1.60
2009.03.23 10:35:20.817,1.3169,1.317,5.20,10.60
2009.03.23 10:35:21.227,1.31685,1.3169,1.80,1.60
2009.03.23 10:35:21.707,1.3167,1.3169,1.60,9.60
2009.03.23 10:35:21.997,1.31665,1.3169,1.60,9.60
2009.03.23 10:35:23.057,1.31675,1.3169,3.80,8.00
2009.03.23 10:35:23.347,1.31665,1.3169,6.00,1.60
2009.03.23 10:35:23.636,1.31675,1.3169,3.80,8.00
2009.03.23 10:35:24.156,1.31675,1.31685,3.60,1.60
2009.03.23 10:35:24.317,1.31665,1.31685,7.20,1.60
2009.03.23 10:35:25.336,1.31665,1.31685,14.00,1.60
2009.03.23 10:35:25.566,1.3166,1.31685,11.00,1.60
2009.03.23 10:35:25.976,1.3166,1.31685,11.00,8.00
2009.03.23 10:35:26.366,1.3166,1.31685,11.00,9.60
2009.03.23 10:35:26.716,1.31665,1.31685,1.00,6.40
2009.03.23 10:35:27.496,1.3166,1.31685,17.00,9.60
2009.03.23 10:35:27.725,1.3166,1.31685,11.00,17.60
2009.03.23 10:35:28.946,1.31665,1.31685,1.00,9.60
2009.03.23 10:35:30.825,1.31665,1.31685,3.80,9.60
2009.03.23 10:35:31.005,1.31665,1.31685,11.00,6.40
2009.03.23 10:35:33.984,1.3167,1.31685,3.60,4.80
2009.03.23 10:35:34.154,1.3167,1.31685,3.60,6.40
2009.03.23 10:35:34.574,1.31665,1.31685,11.00,6.40
2009.03.23 10:35:35.034,1.31665,1.31685,10.80,6.40
2009.03.23 10:35:41.082,1.3166,1.31685,11.00,9.60
2009.03.23 10:35:41.712,1.31665,1.31685,3.60,9.60
2009.03.23 10:35:41.992,1.3167,1.31685,3.60,6.40
2009.03.23 10:35:42.372,1.31665,1.31685,3.80,6.40
2009.03.23 10:35:42.872,1.31665,1.31685,11.00,6.40
2009.03.23 10:35:43.382,1.31665,1.31685,10.80,8.00
2009.03.23 10:35:45.341,1.3167,1.31685,3.60,8.00
2009.03.23 10:35:45.501,1.3167,1.31685,3.60,6.40
2009.03.23 10:35:46.401,1.3167,1.31685,3.60,4.80
2009.03.23 10:35:57.089,1.31665,1.31685,5.80,6.40
2009.03.23 10:35:57.488,1.31665,1.31685,10.80,6.20
2009.03.23 10:36:01.828,1.31665,1.3168,10.80,1.40
2009.03.23 10:36:02.107,1.31665,1.3168,3.60,3.00
2009.03.23 10:36:02.277,1.31665,1.31685,3.60,17.40
2009.03.23 10:36:03.737,1.31665,1.3168,3.60,4.80
2009.03.23 10:36:03.847,1.31665,1.3168,3.60,6.20
2009.03.23 10:36:04.007,1.31665,1.3168,3.60,14.20
2009.03.23 10:36:05.596,1.31655,1.3167,14.00,1.40
2009.03.23 10:36:10.355,1.3167,1.3168,1.40,12.60
2009.03.23 10:36:10.585,1.3167,1.3168,5.20,6.20
2009.03.23 10:36:10.695,1.3167,1.3168,5.20,1.60
2009.03.23 10:36:12.225,1.31675,1.3168,5.20,1.60
2009.03.23 10:36:12.275,1.31675,1.31685,5.20,1.60
2009.03.23 10:36:12.625,1.31675,1.31685,4.60,1.60
2009.03.23 10:36:12.745,1.31675,1.31685,3.00,1.60
2009.03.23 10:36:12.805,1.3167,1.31685,14.00,1.60
2009.03.23 10:36:12.985,1.3167,1.31685,14.80,1.60
2009.03.23 10:36:13.324,1.3167,1.31685,12.40,1.60
2009.03.23 10:36:15.094,1.3167,1.31685,12.40,3.00
2009.03.23 10:36:16.614,1.31675,1.31685,5.20,3.00
2009.03.23 10:36:16.904,1.31675,1.31685,5.20,1.60
2009.03.23 10:36:17.263,1.3168,1.31685,5.20,1.60
2009.03.23 10:36:18.493,1.31685,1.3169,5.20,4.80
2009.03.23 10:36:18.663,1.31685,1.3169,1.00,4.80
2009.03.23 10:36:18.893,1.3168,1.31685,2.20,3.00
2009.03.23 10:36:19.223,1.31675,1.31685,3.60,3.00
2009.03.23 10:36:20.963,1.31675,1.31685,3.60,3.20
2009.03.23 10:36:21.693,1.31675,1.31685,3.60,1.60
2009.03.23 10:36:22.492,1.31675,1.3169,3.60,1.60
2009.03.23 10:36:23.332,1.31675,1.3169,10.80,1.60
2009.03.23 10:36:23.912,1.31675,1.31695,10.80,6.40
2009.03.23 10:36:26.011,1.31675,1.31695,11.00,6.40
2009.03.23 10:36:27.381,1.31685,1.317,1.40,14.40
2009.03.23 10:36:27.671,1.31685,1.317,3.60,4.80
2009.03.23 10:36:28.121,1.31685,1.31705,5.20,11.20
2009.03.23 10:36:28.631,1.31685,1.31705,5.20,6.40
2009.03.23 10:36:36.189,1.3169,1.3171,1.00,3.20
2009.03.23 10:36:36.589,1.31685,1.3171,6.00,3.20
2009.03.23 10:36:36.939,1.31685,1.3171,13.20,3.20
2009.03.23 10:36:37.399,1.31685,1.3171,7.40,3.20
2009.03.23 10:36:38.248,1.31685,1.3171,7.40,11.20
2009.03.23 10:36:38.598,1.31685,1.3171,7.40,3.20
2009.03.23 10:36:41.258,1.31685,1.3171,7.40,11.20
2009.03.23 10:36:41.548,1.3169,1.3171,1.00,11.20
2009.03.23 10:36:41.778,1.31685,1.3171,7.40,11.20
2009.03.23 10:36:42.477,1.31685,1.3171,1.00,11.20
2009.03.23 10:36:42.717,1.3168,1.31705,9.00,1.60
2009.03.23 10:36:43.207,1.3168,1.31705,3.80,9.60
2009.03.23 10:36:43.537,1.3168,1.31705,1.60,9.60
2009.03.23 10:36:44.007,1.3168,1.31705,9.00,1.60
2009.03.23 10:36:44.237,1.3168,1.31705,14.80,1.60
2009.03.23 10:36:44.807,1.3168,1.317,14.60,1.60
2009.03.23 10:36:46.067,1.3168,1.317,1.60,1.60
2009.03.23 10:36:47.476,1.31685,1.317,5.20,1.60
2009.03.23 10:36:47.776,1.31685,1.31705,5.20,6.40
2009.03.23 10:36:48.136,1.3168,1.31705,1.60,1.60
2009.03.23 10:36:48.476,1.31675,1.3169,9.20,11.20
2009.03.23 10:36:48.816,1.3168,1.3169,4.40,6.40
2009.03.23 10:36:49.096,1.3169,1.317,5.20,3.00
2009.03.23 10:36:49.436,1.3169,1.31705,3.60,3.00
2009.03.23 10:36:49.726,1.31685,1.317,3.60,1.40
2009.03.23 10:36:49.896,1.3168,1.317,6.80,6.20
2009.03.23 10:36:50.066,1.31685,1.317,3.60,3.00
2009.03.23 10:36:50.636,1.31685,1.317,3.60,1.40
2009.03.23 10:36:51.675,1.3168,1.317,6.80,6.20
2009.03.23 10:36:51.955,1.31685,1.317,3.60,3.00
2009.03.23 10:36:52.175,1.31685,1.317,3.60,1.40
2009.03.23 10:36:53.095,1.3168,1.317,5.20,6.20
2009.03.23 10:36:54.135,1.3168,1.317,1.40,3.00
2009.03.23 10:36:54.475,1.3168,1.317,5.20,15.80
2009.03.23 10:36:54.705,1.3168,1.317,5.20,22.20
2009.03.23 10:36:54.994,1.3168,1.317,5.20,14.20
2009.03.23 10:36:55.684,1.3168,1.31695,5.20,1.40
2009.03.23 10:36:56.724,1.3168,1.31695,3.00,6.20
2009.03.23 10:36:57.194,1.3168,1.31695,5.20,1.40
2009.03.23 10:36:59.093,1.3168,1.31695,6.80,1.40
2009.03.23 10:36:59.203,1.3168,1.31695,8.40,1.40
2009.03.23 10:36:59.493,1.3168,1.31695,3.00,6.20
2009.03.23 10:36:59.603,1.3168,1.31695,4.60,5.60
2009.03.23 10:36:59.773,1.3168,1.31695,6.80,8.80
2009.03.23 10:36:59.823,1.3168,1.31695,8.40,2.40
2009.03.23 10:37:00.223,1.3168,1.31695,8.40,1.00
2009.03.23 10:37:00.953,1.3168,1.31695,8.40,1.60
2009.03.23 10:37:01.803,1.3168,1.31685,4.60,8.00
2009.03.23 10:37:02.263,1.3168,1.31685,3.00,8.00
2009.03.23 10:37:02.382,1.3168,1.3169,3.00,8.00
2009.03.23 10:37:02.902,1.31685,1.3169,3.60,8.00
2009.03.23 10:37:03.922,1.31685,1.31695,3.60,8.00
2009.03.23 10:37:04.432,1.3168,1.31695,12.40,12.80
2009.03.23 10:37:04.552,1.3168,1.3169,12.40,8.00
2009.03.23 10:37:04.772,1.3169,1.317,5.20,12.00
2009.03.23 10:37:04.892,1.3169,1.31695,6.80,8.00
2009.03.23 10:37:05.002,1.31695,1.31705,5.20,12.00
2009.03.23 10:37:05.242,1.31705,1.3171,3.60,8.80
2009.03.23 10:37:05.412,1.31705,1.31715,5.20,12.00
2009.03.23 10:37:05.712,1.31705,1.31715,5.20,8.00
2009.03.23 10:37:05.992,1.317,1.3171,1.60,8.00
2009.03.23 10:37:06.272,1.31685,1.31695,14.20,8.00
2009.03.23 10:37:06.611,1.31685,1.31695,11.00,8.00
2009.03.23 10:37:06.962,1.3169,1.31695,1.00,8.00
2009.03.23 10:37:07.401,1.31685,1.3171,11.00,5.60
2009.03.23 10:37:07.631,1.31685,1.3171,11.00,13.60
2009.03.23 10:37:08.271,1.31695,1.3171,3.60,8.80
2009.03.23 10:37:08.551,1.31695,1.3171,3.80,8.00
2009.03.23 10:37:08.731,1.31695,1.3171,11.00,8.00
2009.03.23 10:37:09.011,1.31695,1.31715,6.00,14.40
2009.03.23 10:37:09.181,1.317,1.31715,8.40,14.40
2009.03.23 10:37:09.531,1.317,1.31715,5.20,6.40
2009.03.23 10:37:10.232,1.317,1.31715,5.20,14.40
2009.03.23 10:37:10.401,1.317,1.3171,3.00,8.80
2009.03.23 10:37:10.641,1.317,1.3171,5.20,8.80
2009.03.23 10:37:10.921,1.317,1.31715,5.20,13.60
2009.03.23 10:37:11.141,1.317,1.3171,6.80,1.20
2009.03.23 10:37:11.441,1.317,1.31715,5.20,5.60
2009.03.23 10:37:12.410,1.31705,1.3172,3.60,5.60
2009.03.23 10:37:12.760,1.31705,1.31725,3.60,13.60
2009.03.23 10:37:13.750,1.31705,1.3172,3.60,4.80
2009.03.23 10:37:14.100,1.31705,1.3172,3.60,5.80
2009.03.23 10:37:14.440,1.31705,1.3172,3.60,13.80
2009.03.23 10:37:16.629,1.31705,1.31715,3.60,1.60
2009.03.23 10:37:16.970,1.317,1.31715,8.40,6.40
2009.03.23 10:37:18.569,1.317,1.3171,5.20,1.60
2009.03.23 10:37:18.860,1.317,1.3171,3.00,6.40
2009.03.23 10:37:18.969,1.317,1.3171,1.40,6.40
2009.03.23 10:37:19.478,1.317,1.3171,1.40,1.60
2009.03.23 10:37:19.828,1.317,1.31715,3.00,1.60
2009.03.23 10:37:19.939,1.31705,1.31715,3.60,1.60
2009.03.23 10:37:20.218,1.317,1.3172,1.60,11.00
2009.03.23 10:37:20.508,1.31705,1.3172,3.60,1.60
2009.03.23 10:37:22.138,1.317,1.31715,8.40,6.40
2009.03.23 10:37:26.257,1.317,1.31715,6.80,6.40
2009.03.23 10:37:26.497,1.317,1.31715,8.40,6.40
2009.03.23 10:37:26.837,1.317,1.31715,6.80,6.40
2009.03.23 10:37:29.166,1.317,1.3171,5.20,1.20
2009.03.23 10:37:29.396,1.317,1.3171,1.60,3.80
2009.03.23 10:37:30.126,1.317,1.31705,1.60,1.60
2009.03.23 10:37:30.956,1.31685,1.31705,3.60,1.60
2009.03.23 10:37:32.116,1.31685,1.3171,7.00,11.80
2009.03.23 10:37:33.675,1.31685,1.31705,5.20,1.60
2009.03.23 10:37:35.704,1.31685,1.31705,9.00,1.60
2009.03.23 10:37:36.064,1.31685,1.31705,14.00,1.60
2009.03.23 10:37:36.245,1.3169,1.31705,2.00,1.60
2009.03.23 10:37:36.754,1.31685,1.31705,5.20,1.60
2009.03.23 10:37:38.364,1.31685,1.31705,6.80,1.60
2009.03.23 10:37:38.664,1.31685,1.3171,5.40,10.60
2009.03.23 10:37:38.954,1.31685,1.31705,3.60,1.60
2009.03.23 10:37:40.023,1.3168,1.31705,10.40,3.20
2009.03.23 10:37:40.243,1.3168,1.3169,1.60,1.60
2009.03.23 10:37:40.414,1.3168,1.3169,1.40,1.60
2009.03.23 10:37:40.633,1.3167,1.31685,4.60,1.60
2009.03.23 10:37:40.803,1.3167,1.31685,5.20,1.60
2009.03.23 10:37:41.613,1.31675,1.31685,3.60,1.60
2009.03.23 10:37:41.973,1.31675,1.31695,3.60,6.40
2009.03.23 10:37:42.473,1.3167,1.31695,7.60,1.60
2009.03.23 10:37:42.713,1.31675,1.317,1.00,3.80
2009.03.23 10:37:42.943,1.31675,1.317,1.00,11.80
2009.03.23 10:37:43.283,1.3168,1.317,1.00,2.20
2009.03.23 10:37:43.743,1.31675,1.317,9.60,1.60
2009.03.23 10:37:43.972,1.31675,1.31695,9.60,4.80
2009.03.23 10:37:44.183,1.31675,1.31695,6.00,4.80
2009.03.23 10:37:44.473,1.31675,1.31695,5.80,6.40
2009.03.23 10:37:44.653,1.3167,1.31695,14.80,6.40
2009.03.23 10:37:44.822,1.3167,1.31695,9.00,6.40
2009.03.23 10:37:45.002,1.3167,1.31695,7.40,6.40
2009.03.23 10:37:45.172,1.3167,1.3169,7.40,3.00
2009.03.23 10:37:46.262,1.3167,1.3169,3.60,3.00
2009.03.23 10:37:46.602,1.31665,1.3169,22.00,1.60
2009.03.23 10:37:47.572,1.3167,1.3169,3.60,3.00
2009.03.23 10:37:50.701,1.3167,1.3169,6.00,3.00
2009.03.23 10:37:50.761,1.3168,1.3169,3.80,3.00
2009.03.23 10:37:50.871,1.3168,1.3169,1.00,3.00
2009.03.23 10:37:51.151,1.3167,1.3169,3.60,3.00
2009.03.23 10:37:54.280,1.31675,1.3169,1.00,3.00
2009.03.23 10:37:54.840,1.3168,1.3169,3.60,3.00
2009.03.23 10:37:55.000,1.3168,1.317,3.80,14.20
2009.03.23 10:37:55.180,1.31675,1.31695,9.60,4.80
2009.03.23 10:37:55.700,1.31675,1.31695,3.80,4.80
2009.03.23 10:37:56.430,1.3168,1.317,3.80,12.60
2009.03.23 10:37:56.780,1.3168,1.317,5.20,12.60
2009.03.23 10:37:57.450,1.3169,1.317,10.20,3.00
2009.03.23 10:37:57.899,1.3169,1.3171,12.40,11.20
2009.03.23 10:37:58.349,1.31685,1.317,9.60,3.00
2009.03.23 10:37:58.859,1.31685,1.317,3.80,3.00
2009.03.23 10:37:59.199,1.3169,1.317,3.80,3.00
2009.03.23 10:37:59.559,1.3169,1.3171,11.00,9.60
2009.03.23 10:37:59.729,1.3169,1.3171,12.60,9.60
2009.03.23 10:38:00.249,1.3169,1.3171,5.20,11.20
2009.03.23 10:38:03.278,1.3169,1.31705,5.20,4.80
2009.03.23 10:38:03.458,1.31695,1.3171,3.60,11.20
2009.03.23 10:38:03.688,1.31695,1.3171,5.40,12.60
2009.03.23 10:38:03.868,1.31705,1.3172,3.60,14.40
2009.03.23 10:38:04.278,1.31695,1.31715,9.60,4.80
2009.03.23 10:38:04.457,1.31695,1.31715,3.80,3.00
2009.03.23 10:38:04.687,1.31695,1.3172,3.80,16.60
2009.03.23 10:38:05.927,1.31695,1.3172,3.80,15.40
2009.03.23 10:38:06.157,1.31695,1.3172,3.80,14.40
2009.03.23 10:38:06.277,1.31695,1.3172,3.80,6.40
2009.03.23 10:38:07.567,1.31695,1.3172,3.80,7.80
2009.03.23 10:38:08.297,1.31695,1.3171,3.60,4.80
2009.03.23 10:38:09.447,1.31695,1.3171,3.60,12.80
2009.03.23 10:38:09.796,1.3169,1.3171,1.00,8.00
2009.03.23 10:38:09.966,1.3169,1.3171,1.00,12.80
2009.03.23 10:38:10.426,1.3169,1.31705,1.00,8.00
2009.03.23 10:38:10.936,1.31685,1.3171,3.80,9.60
2009.03.23 10:38:11.226,1.31685,1.3171,3.80,1.60
2009.03.23 10:38:13.566,1.31685,1.3171,1.00,5.20
2009.03.23 10:38:14.185,1.31685,1.3171,1.00,3.80
2009.03.23 10:38:14.515,1.31685,1.3171,1.00,1.60
2009.03.23 10:38:14.575,1.3169,1.3171,2.00,1.60
2009.03.23 10:38:14.685,1.3169,1.3171,7.20,1.60
2009.03.23 10:38:15.205,1.3169,1.3171,7.20,6.40
2009.03.23 10:38:15.305,1.3169,1.31705,7.20,1.60
2009.03.23 10:38:15.875,1.3169,1.31705,2.00,1.60
2009.03.23 10:38:15.995,1.3168,1.31695,3.80,4.80
2009.03.23 10:38:16.725,1.3168,1.31695,3.60,4.80
2009.03.23 10:38:18.425,1.3168,1.31695,5.20,4.80
2009.03.23 10:38:20.773,1.3168,1.31695,5.20,4.80
2009.03.23 10:38:23.223,1.31685,1.317,5.20,7.80
2009.03.23 10:38:23.503,1.31685,1.317,5.20,4.80
2009.03.23 10:38:23.623,1.3169,1.317,1.40,4.80
2009.03.23 10:38:23.903,1.31685,1.317,5.20,4.80
2009.03.23 10:38:24.403,1.3169,1.317,1.40,4.80
2009.03.23 10:38:24.642,1.31685,1.317,5.20,4.80
2009.03.23 10:38:24.922,1.31685,1.31695,3.00,4.80
2009.03.23 10:38:25.042,1.3168,1.31695,6.00,4.80
2009.03.23 10:38:25.333,1.3168,1.31695,5.20,4.80
2009.03.23 10:38:27.952,1.31685,1.317,5.20,4.80
2009.03.23 10:38:32.871,1.3168,1.31695,15.20,4.80
2009.03.23 10:38:33.041,1.3168,1.31695,8.40,4.80
2009.03.23 10:38:33.161,1.3168,1.31695,6.80,4.80
2009.03.23 10:38:34.860,1.3168,1.31695,8.40,4.80
2009.03.23 10:38:34.980,1.31685,1.31705,3.60,6.40
2009.03.23 10:38:35.320,1.3169,1.31705,3.60,7.80
2009.03.23 10:38:36.000,1.3169,1.31705,3.60,4.80
2009.03.23 10:38:36.560,1.3169,1.31705,3.80,4.80
2009.03.23 10:38:37.479,1.3169,1.31705,1.00,4.80
2009.03.23 10:38:37.759,1.31685,1.31705,1.60,4.80
2009.03.23 10:38:37.999,1.3169,1.31705,3.80,4.80
2009.03.23 10:38:40.009,1.31695,1.3171,3.60,14.20
2009.03.23 10:38:40.239,1.31685,1.31705,12.80,4.80
2009.03.23 10:38:40.539,1.31685,1.31705,1.60,4.80
2009.03.23 10:38:46.247,1.3168,1.317,8.40,14.40
2009.03.23 10:38:46.817,1.3168,1.31695,8.40,4.80
2009.03.23 10:38:47.047,1.3168,1.31695,8.40,4.80
2009.03.23 10:38:47.377,1.3168,1.317,8.40,6.40
2009.03.23 10:38:47.817,1.3168,1.31705,8.40,8.60
2009.03.23 10:38:48.977,1.3168,1.317,5.20,4.80
2009.03.23 10:38:49.387,1.3168,1.31695,5.20,6.40
2009.03.23 10:38:50.436,1.3168,1.31695,1.40,1.60
2009.03.23 10:38:51.106,1.3168,1.31695,7.20,1.60
2009.03.23 10:38:51.926,1.3168,1.31695,7.20,3.60
2009.03.23 10:38:52.276,1.3168,1.31685,7.20,4.80
2009.03.23 10:38:52.616,1.3168,1.31685,5.80,6.40
2009.03.23 10:38:52.736,1.31675,1.31685,3.20,6.40
2009.03.23 10:38:53.136,1.31675,1.31685,4.80,6.40
2009.03.23 10:38:53.307,1.31675,1.3169,5.20,4.80
2009.03.23 10:38:55.695,1.31675,1.3169,3.60,4.80
2009.03.23 10:38:56.777,1.31675,1.3169,5.20,4.80
2009.03.23 10:38:59.714,1.3168,1.31695,1.40,1.60
2009.03.23 10:39:00.784,1.3168,1.31695,1.40,9.60
2009.03.23 10:39:01.004,1.3168,1.3169,5.80,7.60
2009.03.23 10:39:01.474,1.31665,1.31685,1.60,1.60
2009.03.23 10:39:01.804,1.31665,1.31685,1.60,9.60
2009.03.23 10:39:02.813,1.31665,1.31685,1.60,1.60
2009.03.23 10:39:03.303,1.31665,1.31685,1.60,9.60
2009.03.23 10:39:03.983,1.31665,1.31685,1.60,1.60
2009.03.23 10:39:04.953,1.31665,1.31685,1.60,9.60
2009.03.23 10:39:07.042,1.3166,1.31685,8.40,9.60
2009.03.23 10:39:07.442,1.31665,1.31685,1.60,9.60
2009.03.23 10:39:12.881,1.31665,1.3168,1.60,4.80
2009.03.23 10:39:13.171,1.3166,1.31675,8.40,1.60
2009.03.23 10:39:13.281,1.3166,1.31675,6.80,1.60
2009.03.23 10:39:14.070,1.3166,1.31675,5.20,1.60
2009.03.23 10:39:16.690,1.3166,1.31665,5.20,8.00
2009.03.23 10:39:16.920,1.3166,1.31675,5.20,1.60
2009.03.23 10:39:17.710,1.3166,1.31665,5.20,8.00
2009.03.23 10:39:17.940,1.31655,1.31665,1.60,4.80
2009.03.23 10:39:18.340,1.3166,1.31675,1.40,14.40
2009.03.23 10:39:18.750,1.31655,1.3167,3.00,1.60
2009.03.23 10:39:19.230,1.3166,1.3167,1.40,1.60
2009.03.23 10:39:21.999,1.3166,1.31675,1.40,6.40
2009.03.23 10:39:22.968,1.3166,1.31675,5.20,1.60
2009.03.23 10:39:23.198,1.3166,1.31685,5.20,11.80
2009.03.23 10:39:23.368,1.3166,1.31685,5.20,1.60
2009.03.23 10:39:23.538,1.3166,1.31685,6.80,1.60
2009.03.23 10:39:23.769,1.3166,1.31685,8.40,1.60
2009.03.23 10:39:25.478,1.3166,1.31675,5.20,1.60
2009.03.23 10:39:25.868,1.3166,1.31685,5.20,17.60
2009.03.23 10:39:26.038,1.3166,1.31685,6.80,1.60
2009.03.23 10:39:26.218,1.3166,1.31685,5.20,1.60
2009.03.23 10:39:26.458,1.3166,1.31685,6.80,1.60
2009.03.23 10:39:28.667,1.3166,1.31685,5.20,1.60
2009.03.23 10:39:29.567,1.3166,1.31685,6.80,1.60
2009.03.23 10:39:35.505,1.3166,1.3168,5.20,6.40
2009.03.23 10:39:36.625,1.3166,1.3168,5.20,14.40
2009.03.23 10:39:36.975,1.3166,1.3168,5.20,6.40
2009.03.23 10:39:40.604,1.3166,1.3168,6.80,6.40
2009.03.23 10:39:41.994,1.3166,1.3168,5.20,6.40
2009.03.23 10:39:43.693,1.31665,1.3168,3.60,6.40
2009.03.23 10:39:44.263,1.31665,1.3169,3.80,11.80
2009.03.23 10:39:44.503,1.31665,1.3169,3.80,5.40
2009.03.23 10:39:44.623,1.31665,1.3169,3.80,7.00
2009.03.23 10:39:46.973,1.31665,1.3169,3.80,15.00
2009.03.23 10:39:49.362,1.31665,1.3169,3.80,13.40
2009.03.23 10:39:49.422,1.31665,1.3169,3.80,11.80
2009.03.23 10:39:52.512,1.31665,1.3169,3.80,13.40
2009.03.23 10:39:53.141,1.3167,1.3169,1.00,14.80
2009.03.23 10:39:53.361,1.3167,1.3169,1.00,13.20
2009.03.23 10:39:53.531,1.31665,1.3169,3.80,5.40
2009.03.23 10:39:53.891,1.31665,1.3169,3.80,13.40
2009.03.23 10:39:55.071,1.31665,1.3169,3.80,11.80
2009.03.23 10:39:55.181,1.31665,1.3169,3.80,13.40
2009.03.23 10:39:55.610,1.31665,1.3169,3.80,5.40
2009.03.23 10:39:56.530,1.31665,1.3169,3.80,5.40
2009.03.23 10:39:56.920,1.31665,1.3169,3.80,3.80
2009.03.23 10:39:57.270,1.31665,1.3169,3.80,5.40
2009.03.23 10:39:59.700,1.31665,1.3169,3.80,3.80
2009.03.23 10:40:00.949,1.31665,1.3169,3.80,11.80
2009.03.23 10:40:05.588,1.31665,1.31685,3.80,8.00
2009.03.23 10:40:05.758,1.31665,1.31685,3.60,9.60
2009.03.23 10:40:05.818,1.31665,1.31685,3.60,1.60
2009.03.23 10:40:08.238,1.31665,1.3168,3.60,1.60
2009.03.23 10:40:08.647,1.31665,1.3168,3.60,9.60
2009.03.23 10:40:12.486,1.3166,1.3168,5.20,14.40
2009.03.23 10:40:13.396,1.3166,1.3168,5.20,6.40
2009.03.23 10:40:13.456,1.3166,1.31665,1.40,11.60
2009.03.23 10:40:13.696,1.31655,1.31665,5.80,11.60
2009.03.23 10:40:13.756,1.31655,1.31665,9.60,3.60
2009.03.23 10:40:14.076,1.31655,1.31665,3.60,1.00
2009.03.23 10:40:14.476,1.31655,1.3167,3.60,4.80
2009.03.23 10:40:14.706,1.31655,1.31675,3.80,8.00
2009.03.23 10:40:14.876,1.31655,1.3168,3.80,11.80
2009.03.23 10:40:17.005,1.31655,1.3168,3.80,19.80
2009.03.23 10:40:17.175,1.3166,1.3167,1.60,4.80
2009.03.23 10:40:17.615,1.31655,1.3167,3.60,4.80
2009.03.23 10:40:17.905,1.31655,1.3167,6.80,4.80
2009.03.23 10:40:19.755,1.3166,1.3168,1.60,3.80
2009.03.23 10:40:19.865,1.31655,1.3168,12.80,3.80
2009.03.23 10:40:20.215,1.31655,1.3168,7.00,11.80
2009.03.23 10:40:22.144,1.31655,1.3167,3.80,4.80
2009.03.23 10:40:22.404,1.31655,1.3168,7.00,3.80
2009.03.23 10:40:27.663,1.31655,1.31675,5.20,6.40
2009.03.23 10:40:27.893,1.31655,1.31675,6.80,6.40
2009.03.23 10:40:28.503,1.3166,1.3168,1.60,8.00
2009.03.23 10:40:29.113,1.3166,1.31685,1.60,21.20
2009.03.23 10:40:29.852,1.31665,1.31685,3.80,15.80
2009.03.23 10:40:30.152,1.3168,1.31685,1.40,15.80
2009.03.23 10:40:30.502,1.3168,1.317,5.20,14.20
2009.03.23 10:40:30.802,1.3168,1.31705,5.20,1.60
2009.03.23 10:40:31.252,1.3168,1.31695,9.20,1.60
2009.03.23 10:40:31.522,1.3168,1.3169,5.80,1.60
2009.03.23 10:40:31.882,1.3167,1.3169,6.00,1.60
2009.03.23 10:40:32.332,1.31675,1.31695,3.60,6.40
2009.03.23 10:40:33.402,1.3168,1.31695,1.40,6.40
2009.03.23 10:40:33.571,1.3168,1.317,5.20,13.80
2009.03.23 10:40:33.682,1.31675,1.31695,9.60,4.80
2009.03.23 10:40:34.021,1.31675,1.31695,9.60,7.80
2009.03.23 10:40:34.361,1.31675,1.31695,3.80,7.80
2009.03.23 10:40:34.711,1.3167,1.3169,14.80,1.60
2009.03.23 10:40:34.881,1.3167,1.3169,6.00,3.00
2009.03.23 10:40:35.111,1.3167,1.3169,7.40,1.60
2009.03.23 10:40:35.291,1.3168,1.3169,5.20,1.60
2009.03.23 10:40:35.401,1.3168,1.3169,5.20,3.00
2009.03.23 10:40:35.521,1.3168,1.31695,5.20,1.60
2009.03.23 10:40:36.371,1.3168,1.317,5.20,21.40
2009.03.23 10:40:36.601,1.3168,1.31695,5.20,1.60
2009.03.23 10:40:36.880,1.3168,1.317,5.20,13.40
2009.03.23 10:40:37.220,1.3168,1.31695,5.20,1.60
2009.03.23 10:40:39.171,1.3168,1.317,5.20,13.40
2009.03.23 10:40:40.609,1.3168,1.31695,5.20,4.80
2009.03.23 10:40:41.070,1.3168,1.31695,5.20,6.40
2009.03.23 10:40:41.640,1.3168,1.31695,5.20,14.40
2009.03.23 10:40:42.159,1.3168,1.31695,5.20,6.40
2009.03.23 10:40:42.389,1.3168,1.31695,5.20,14.40
2009.03.23 10:40:45.869,1.31655,1.3167,5.20,6.00
2009.03.23 10:40:46.199,1.31665,1.31675,3.60,2.80
2009.03.23 10:40:46.548,1.31655,1.3168,9.60,6.00
2009.03.23 10:40:46.888,1.31655,1.31675,3.60,1.20
2009.03.23 10:40:47.628,1.31655,1.31675,3.60,9.20
2009.03.23 10:40:50.097,1.31655,1.3167,3.60,1.60
2009.03.23 10:40:50.517,1.31655,1.3167,3.60,6.40
2009.03.23 10:40:50.627,1.31655,1.3167,3.60,1.60
2009.03.23 10:40:52.497,1.31655,1.31675,5.20,9.60
2009.03.23 10:40:55.996,1.3165,1.3167,8.40,6.40
2009.03.23 10:40:56.216,1.3165,1.3167,6.80,6.40
2009.03.23 10:40:56.386,1.3165,1.3167,5.20,6.40
2009.03.23 10:40:57.885,1.3165,1.3166,1.40,6.40
2009.03.23 10:40:58.645,1.3165,1.3166,1.40,4.80
2009.03.23 10:40:58.885,1.3165,1.31665,5.20,6.40
2009.03.23 10:40:59.175,1.3166,1.3167,1.40,12.80
2009.03.23 10:40:59.515,1.3166,1.3167,5.20,8.00
2009.03.23 10:40:59.865,1.3166,1.31675,1.40,9.60
2009.03.23 10:41:00.265,1.3165,1.3167,13.40,6.40
2009.03.23 10:41:00.675,1.3165,1.31665,14.20,1.60
2009.03.23 10:41:01.025,1.3165,1.31665,8.40,1.60
2009.03.23 10:41:02.285,1.3165,1.31665,5.20,1.60
2009.03.23 10:41:02.744,1.31655,1.3167,3.60,1.60
2009.03.23 10:41:03.634,1.31655,1.31675,6.80,1.60
2009.03.23 10:41:04.144,1.31655,1.31675,9.20,1.60
2009.03.23 10:41:04.484,1.31665,1.31675,3.60,1.60
2009.03.23 10:41:04.784,1.3166,1.3167,1.40,1.60
2009.03.23 10:41:05.004,1.3166,1.3167,1.40,6.40
2009.03.23 10:41:05.773,1.3166,1.3167,5.20,1.60
2009.03.23 10:41:05.934,1.3166,1.31675,5.20,6.40
2009.03.23 10:41:06.264,1.31665,1.31675,3.60,1.60
2009.03.23 10:41:06.503,1.31665,1.3168,6.80,1.60
2009.03.23 10:41:06.783,1.31665,1.31685,7.00,9.60
2009.03.23 10:41:07.193,1.31665,1.3169,12.80,3.80
2009.03.23 10:41:07.583,1.3167,1.31695,1.60,11.80
2009.03.23 10:41:07.933,1.31665,1.3169,12.80,1.60
2009.03.23 10:41:08.163,1.31665,1.3169,20.20,1.60
2009.03.23 10:41:08.673,1.31665,1.3169,14.20,1.60
2009.03.23 10:41:08.843,1.3167,1.31695,1.60,17.60
2009.03.23 10:41:09.182,1.31665,1.3169,20.20,1.60
2009.03.23 10:41:09.513,1.31665,1.3169,9.20,9.60
2009.03.23 10:41:09.893,1.31665,1.3169,7.60,9.60
2009.03.23 10:41:10.182,1.3166,1.3168,13.20,1.60
2009.03.23 10:41:10.482,1.3166,1.3168,7.40,1.60
2009.03.23 10:41:10.753,1.3166,1.3168,7.20,9.60
2009.03.23 10:41:11.262,1.3166,1.3168,7.20,1.60
2009.03.23 10:41:11.542,1.3166,1.3168,15.60,6.40
2009.03.23 10:41:12.122,1.31655,1.31675,11.40,6.40
2009.03.23 10:41:12.402,1.31655,1.31675,5.80,6.40
2009.03.23 10:41:13.771,1.31655,1.31675,11.00,4.80
2009.03.23 10:41:14.012,1.31655,1.3168,11.00,4.40
2009.03.23 10:41:14.252,1.31655,1.3168,11.00,1.20
2009.03.23 10:41:14.651,1.3166,1.3168,7.20,1.20
2009.03.23 10:41:16.081,1.31665,1.31685,3.80,11.00
2009.03.23 10:41:16.321,1.31665,1.31685,3.80,3.00
2009.03.23 10:41:16.781,1.31665,1.31685,11.00,3.00
2009.03.23 10:41:17.731,1.31665,1.31685,7.20,1.20
2009.03.23 10:41:20.670,1.31665,1.31685,7.20,9.20
2009.03.23 10:41:20.850,1.31665,1.3168,7.20,1.60
2009.03.23 10:41:21.700,1.31665,1.3168,5.00,1.60
2009.03.23 10:41:21.990,1.3166,1.31675,7.20,1.40
2009.03.23 10:41:24.809,1.3166,1.3168,7.20,9.40
2009.03.23 10:41:24.869,1.3166,1.3168,7.20,1.40
2009.03.23 10:41:25.429,1.31665,1.3169,2.00,17.40
2009.03.23 10:41:25.489,1.31665,1.31685,7.40,12.60
2009.03.23 10:41:25.929,1.31665,1.31685,7.40,3.00
2009.03.23 10:41:27.388,1.31665,1.3168,7.20,1.60
2009.03.23 10:41:29.468,1.31665,1.31685,7.40,11.00
2009.03.23 10:41:29.578,1.31665,1.31685,7.40,3.00
2009.03.23 10:41:30.078,1.3167,1.31685,1.60,3.00
2009.03.23 10:41:30.368,1.3167,1.31685,11.60,3.00
2009.03.23 10:41:30.608,1.3167,1.3169,11.00,3.00
2009.03.23 10:41:30.908,1.31675,1.3169,10.80,3.00
2009.03.23 10:41:32.037,1.31675,1.31695,10.80,6.40
2009.03.23 10:41:33.607,1.31675,1.31695,10.80,22.40
2009.03.23 10:41:33.837,1.31675,1.31685,7.20,1.60
2009.03.23 10:41:34.067,1.3167,1.31685,12.40,1.60
2009.03.23 10:41:34.237,1.3167,1.3168,1.80,10.40
2009.03.23 10:41:34.577,1.3166,1.3167,5.80,9.60
2009.03.23 10:41:34.857,1.3166,1.31675,6.80,1.60
2009.03.23 10:41:35.087,1.3166,1.3167,3.60,4.80
2009.03.23 10:41:35.486,1.31645,1.31665,22.80,1.00
2009.03.23 10:41:36.136,1.3165,1.31665,3.60,9.80
2009.03.23 10:41:37.616,1.3165,1.31665,3.60,9.80
2009.03.23 10:41:38.286,1.3165,1.31665,3.60,8.20
2009.03.23 10:41:38.516,1.3166,1.31665,5.20,1.00
2009.03.23 10:41:38.916,1.3166,1.3168,5.20,17.60
2009.03.23 10:41:39.256,1.3165,1.3167,17.20,1.00
2009.03.23 10:41:39.535,1.31655,1.3168,14.00,9.80
2009.03.23 10:41:40.885,1.31655,1.31675,12.40,1.00
2009.03.23 10:41:41.115,1.31655,1.3167,7.20,6.40
2009.03.23 10:41:41.345,1.31655,1.3167,10.80,1.60
2009.03.23 10:41:41.645,1.31655,1.31675,10.80,1.60
2009.03.23 10:41:41.995,1.31655,1.31675,10.80,9.60
2009.03.23 10:41:42.905,1.31655,1.31675,10.80,1.60
2009.03.23 10:41:44.344,1.31655,1.31675,10.80,6.40
2009.03.23 10:41:46.174,1.31655,1.31675,12.40,6.40
2009.03.23 10:41:47.813,1.31655,1.31675,10.80,6.40
2009.03.23 10:41:54.042,1.31655,1.31675,12.40,6.40
2009.03.23 10:41:55.861,1.31655,1.31675,12.40,1.60
2009.03.23 10:41:56.242,1.31655,1.31675,10.80,1.60
2009.03.23 10:41:56.591,1.3166,1.31675,7.20,1.60
2009.03.23 10:42:00.580,1.3166,1.3167,7.20,1.60
2009.03.23 10:42:00.640,1.3166,1.3167,2.00,6.40
2009.03.23 10:42:00.870,1.31655,1.31675,5.80,1.60
2009.03.23 10:42:03.070,1.31655,1.31675,7.40,1.60
2009.03.23 10:42:03.249,1.31655,1.31675,5.80,1.60
2009.03.23 10:42:04.320,1.31655,1.3168,7.40,9.60
2009.03.23 10:42:04.499,1.31655,1.3168,12.40,9.60
2009.03.23 10:42:04.899,1.31655,1.3168,12.40,1.60
2009.03.23 10:42:05.019,1.3166,1.31685,1.60,9.60
2009.03.23 10:42:05.289,1.3166,1.31685,1.60,1.60
2009.03.23 10:42:07.269,1.31655,1.3168,18.40,1.60
2009.03.23 10:42:07.609,1.31655,1.3168,12.40,1.60
2009.03.23 10:42:09.568,1.31655,1.31675,10.80,1.20
2009.03.23 10:42:16.107,1.31655,1.31675,10.80,3.20
2009.03.23 10:42:16.467,1.31655,1.3166,10.40,1.60
2009.03.23 10:42:16.856,1.31655,1.31675,9.00,1.60
2009.03.23 10:42:18.086,1.31655,1.31675,7.40,1.60
2009.03.23 10:42:18.886,1.31655,1.31675,12.40,1.60
2009.03.23 10:42:19.066,1.3166,1.3168,1.60,1.60
2009.03.23 10:42:19.295,1.31665,1.3168,2.00,1.60
2009.03.23 10:42:24.494,1.31665,1.3168,2.00,9.60
2009.03.23 10:42:24.554,1.31665,1.3168,2.00,17.60
2009.03.23 10:42:24.725,1.31665,1.3168,2.00,9.60
2009.03.23 10:42:25.005,1.3166,1.3168,9.00,1.60
2009.03.23 10:42:25.125,1.3166,1.3168,7.20,1.60
2009.03.23 10:42:25.294,1.31665,1.3168,2.00,1.60
2009.03.23 10:42:25.404,1.31665,1.3168,7.20,1.60
2009.03.23 10:42:25.514,1.31665,1.31685,8.80,3.20
2009.03.23 10:42:25.974,1.31665,1.31685,8.80,1.60
2009.03.23 10:42:29.813,1.3167,1.3168,5.80,1.60
2009.03.23 10:42:29.994,1.31675,1.3169,3.60,1.60
2009.03.23 10:42:30.333,1.31675,1.31695,3.60,6.40
2009.03.23 10:42:31.533,1.31675,1.31695,3.60,9.60
2009.03.23 10:42:34.832,1.3167,1.31695,14.60,9.60
2009.03.23 10:42:34.892,1.3167,1.3169,13.00,1.60
2009.03.23 10:42:35.192,1.3167,1.3169,5.00,1.60
2009.03.23 10:42:35.352,1.31665,1.3168,9.00,1.60
2009.03.23 10:42:35.462,1.31665,1.3168,4.00,1.60
2009.03.23 10:42:35.703,1.3166,1.31675,7.20,1.60
2009.03.23 10:42:35.872,1.3166,1.31675,7.20,9.60
2009.03.23 10:42:36.032,1.31655,1.31675,10.80,9.60
2009.03.23 10:42:36.142,1.31655,1.31675,10.80,8.00
2009.03.23 10:42:36.552,1.31655,1.31675,10.80,1.60
2009.03.23 10:42:42.120,1.31655,1.31675,10.80,9.60
2009.03.23 10:42:43.640,1.31655,1.31675,10.80,8.00
2009.03.23 10:42:43.800,1.31655,1.31675,10.80,6.40
2009.03.23 10:42:45.419,1.31655,1.31675,8.80,9.60
2009.03.23 10:42:45.539,1.31655,1.3167,3.60,1.60
2009.03.23 10:42:48.619,1.3165,1.3167,12.40,6.40
2009.03.23 10:42:49.368,1.31655,1.3167,3.60,1.60
2009.03.23 10:42:50.498,1.3165,1.31665,12.40,6.00
2009.03.23 10:42:50.718,1.31655,1.3167,3.60,2.80
2009.03.23 10:42:51.628,1.31655,1.3167,3.60,1.20
2009.03.23 10:42:52.488,1.31655,1.3167,10.80,1.20
2009.03.23 10:42:52.657,1.31655,1.31675,10.80,6.00
2009.03.23 10:42:53.128,1.3166,1.31675,7.20,6.00
2009.03.23 10:42:53.877,1.3166,1.31675,5.00,6.00
2009.03.23 10:42:54.107,1.31655,1.31675,5.40,7.60
2009.03.23 10:42:54.287,1.31655,1.3167,3.60,2.80
2009.03.23 10:42:54.558,1.31655,1.3167,3.60,9.20
2009.03.23 10:42:54.787,1.3165,1.31665,1.40,1.60
2009.03.23 10:42:54.897,1.3165,1.31665,1.40,2.80
2009.03.23 10:42:55.007,1.3165,1.31665,5.20,7.60
2009.03.23 10:42:56.149,1.3165,1.31665,5.20,6.40
2009.03.23 10:42:56.427,1.31655,1.31665,3.60,1.60
2009.03.23 10:42:56.717,1.31655,1.3167,3.60,6.40
2009.03.23 10:42:57.177,1.31655,1.3167,3.60,1.60
2009.03.23 10:42:58.606,1.3165,1.31665,8.60,1.60
2009.03.23 10:42:58.776,1.31655,1.31665,3.60,1.60
2009.03.23 10:42:59.116,1.31655,1.3167,3.60,1.60
2009.03.23 10:43:00.985,1.31655,1.3167,3.60,6.40
2009.03.23 10:43:01.375,1.31655,1.3167,3.60,1.60
2009.03.23 10:43:06.124,1.31655,1.3167,3.60,1.20
2009.03.23 10:43:06.174,1.31655,1.3167,5.20,1.20
2009.03.23 10:43:09.883,1.31655,1.3167,6.80,1.20
2009.03.23 10:43:10.063,1.31655,1.31665,5.20,1.60
2009.03.23 10:43:10.283,1.31655,1.31665,3.60,1.60
2009.03.23 10:43:16.532,1.3166,1.31665,3.60,1.60
2009.03.23 10:43:17.042,1.31655,1.31665,10.80,1.60
2009.03.23 10:43:17.212,1.31655,1.31665,12.40,1.60
2009.03.23 10:43:18.092,1.31655,1.3167,10.80,1.40
2009.03.23 10:43:20.721,1.31655,1.3167,10.80,6.20
2009.03.23 10:43:20.841,1.31655,1.31665,10.80,1.40
2009.03.23 10:43:24.810,1.31655,1.31665,8.80,1.40
2009.03.23 10:43:24.920,1.31655,1.31665,3.60,1.40
2009.03.23 10:43:25.150,1.31655,1.31665,3.60,6.20
2009.03.23 10:43:25.210,1.31655,1.3166,3.60,1.60
2009.03.23 10:43:25.320,1.3165,1.3166,7.20,1.60
2009.03.23 10:43:25.380,1.3165,1.3166,14.60,1.60
2009.03.23 10:43:25.440,1.3165,1.3166,18.20,1.60
2009.03.23 10:43:25.660,1.3165,1.3166,13.20,1.60
2009.03.23 10:43:25.900,1.31655,1.31665,3.60,1.60
2009.03.23 10:43:26.180,1.31655,1.31675,5.20,1.60
2009.03.23 10:43:26.630,1.3166,1.3168,7.20,9.60
2009.03.23 10:43:26.859,1.3166,1.3168,7.20,1.60
2009.03.23 10:43:27.189,1.3167,1.31685,7.20,1.60
2009.03.23 10:43:27.649,1.3167,1.31685,8.80,1.60
2009.03.23 10:43:27.999,1.31675,1.31685,2.00,1.60
2009.03.23 10:43:29.240,1.31675,1.3169,2.00,1.60
2009.03.23 10:43:29.998,1.3167,1.3169,10.60,1.60
2009.03.23 10:43:30.108,1.3167,1.31695,8.80,9.60
2009.03.23 10:43:30.379,1.3167,1.3169,7.20,1.60
2009.03.23 10:43:33.068,1.3167,1.31695,8.80,6.40
2009.03.23 10:43:33.238,1.3167,1.31695,8.80,9.60
2009.03.23 10:43:35.067,1.3167,1.3169,7.20,6.40
2009.03.23 10:43:35.237,1.3167,1.3169,5.00,6.40
2009.03.23 10:43:35.357,1.31665,1.3169,15.60,6.40
2009.03.23 10:43:37.137,1.31665,1.3169,14.40,6.40
2009.03.23 10:43:38.416,1.31665,1.3169,14.40,1.60
2009.03.23 10:43:38.536,1.31665,1.3169,14.40,3.20
2009.03.23 10:43:38.696,1.3167,1.3169,5.80,3.20
2009.03.23 10:43:38.877,1.3167,1.3169,13.00,3.20
2009.03.23 10:43:39.216,1.31675,1.317,12.40,1.60
2009.03.23 10:43:39.507,1.3168,1.3171,5.80,3.80
2009.03.23 10:43:39.847,1.31685,1.3171,5.80,1.60
2009.03.23 10:43:41.086,1.3169,1.3171,5.80,1.60
2009.03.23 10:43:41.726,1.31685,1.3171,20.00,1.60
2009.03.23 10:43:41.845,1.31685,1.31695,13.20,1.60
2009.03.23 10:43:42.006,1.31685,1.317,7.40,6.40
2009.03.23 10:43:42.467,1.31675,1.317,9.00,8.00
2009.03.23 10:43:42.815,1.31675,1.317,7.40,8.00
2009.03.23 10:43:43.775,1.31675,1.31695,7.40,4.80
2009.03.23 10:43:43.936,1.3168,1.31695,5.80,4.80
2009.03.23 10:43:44.105,1.31675,1.31695,21.60,4.80
2009.03.23 10:43:44.505,1.31675,1.31695,18.40,4.80
2009.03.23 10:43:45.085,1.3169,1.317,3.60,1.60
2009.03.23 10:43:45.375,1.3169,1.317,8.80,1.60
2009.03.23 10:43:45.435,1.31695,1.317,1.60,1.60
2009.03.23 10:43:45.595,1.317,1.31705,3.00,1.80
2009.03.23 10:43:45.706,1.31705,1.31715,2.20,9.60
2009.03.23 10:43:45.815,1.31705,1.31715,2.20,1.60
2009.03.23 10:43:45.925,1.31705,1.31715,3.80,1.60
2009.03.23 10:43:46.035,1.317,1.31715,15.00,1.60
2009.03.23 10:43:46.205,1.31705,1.31725,3.60,14.40
2009.03.23 10:43:46.495,1.317,1.31725,9.00,2.80
2009.03.23 10:43:46.785,1.3171,1.3172,5.80,1.60
2009.03.23 10:43:47.065,1.317,1.3172,9.60,1.60
2009.03.23 10:43:47.474,1.3171,1.3173,5.80,1.60
2009.03.23 10:43:48.524,1.31705,1.31715,5.00,1.60
2009.03.23 10:43:48.704,1.31705,1.31715,5.80,1.60
2009.03.23 10:43:48.884,1.317,1.31715,9.00,1.60
2009.03.23 10:43:49.114,1.317,1.31715,7.20,1.60
2009.03.23 10:43:50.574,1.317,1.3171,7.20,9.60
2009.03.23 10:43:50.694,1.31695,1.3171,12.80,9.60
2009.03.23 10:43:50.813,1.31695,1.31715,10.80,1.60
2009.03.23 10:43:51.164,1.317,1.3172,1.40,3.20
2009.03.23 10:43:51.284,1.31695,1.31715,14.60,1.60
2009.03.23 10:43:51.723,1.317,1.31725,1.40,1.60
2009.03.23 10:43:52.393,1.317,1.31725,9.00,1.60
2009.03.23 10:43:52.783,1.31705,1.31725,5.80,9.60
2009.03.23 10:43:52.903,1.317,1.31725,11.00,9.60
2009.03.23 10:43:53.113,1.317,1.31725,12.60,8.00
2009.03.23 10:43:53.223,1.31705,1.31725,5.80,1.60
2009.03.23 10:43:53.853,1.317,1.31725,11.00,1.60
2009.03.23 10:43:54.383,1.317,1.31725,11.00,3.80
2009.03.23 10:43:55.122,1.317,1.3171,5.20,9.60
2009.03.23 10:43:55.412,1.317,1.3171,1.40,8.00
2009.03.23 10:43:55.532,1.317,1.31715,1.40,1.60
2009.03.23 10:43:55.763,1.317,1.31715,1.40,2.60
2009.03.23 10:43:55.822,1.317,1.31715,1.40,2.20
2009.03.23 10:43:56.063,1.317,1.3171,1.40,2.20
2009.03.23 10:43:56.882,1.3169,1.317,2.20,10.20
2009.03.23 10:43:57.472,1.317,1.31705,1.40,7.20
2009.03.23 10:43:57.862,1.3169,1.31695,2.20,8.00
2009.03.23 10:43:58.612,1.317,1.31705,1.40,7.20
2009.03.23 10:43:59.462,1.3169,1.31695,2.20,8.00
2009.03.23 10:43:59.921,1.3169,1.31695,1.60,8.00
2009.03.23 10:44:00.321,1.31685,1.3169,2.20,6.20
2009.03.23 10:44:00.601,1.3166,1.3168,8.70,1.40
2009.03.23 10:44:01.001,1.31655,1.31665,3.00,1.40
2009.03.23 10:44:01.281,1.31645,1.3167,3.60,3.00
2009.03.23 10:44:01.611,1.3165,1.31675,1.60,8.00
2009.03.23 10:44:01.951,1.31645,1.31675,12.40,8.00
2009.03.23 10:44:02.281,1.3165,1.3168,1.60,8.00
2009.03.23 10:44:02.751,1.31665,1.3168,1.60,8.00
2009.03.23 10:44:03.270,1.3167,1.31705,5.80,3.80
2009.03.23 10:44:03.611,1.3167,1.31705,7.40,2.20
2009.03.23 10:44:05.530,1.3167,1.317,5.80,3.80
2009.03.23 10:44:05.870,1.3167,1.317,5.80,11.80
2009.03.23 10:44:13.638,1.3167,1.31695,5.80,1.60
2009.03.23 10:44:14.088,1.31665,1.31695,13.00,2.60
2009.03.23 10:44:14.518,1.3167,1.31695,1.60,3.00
2009.03.23 10:44:14.878,1.3167,1.31695,5.00,10.60
2009.03.23 10:44:15.058,1.3167,1.31695,7.20,9.60
2009.03.23 10:44:15.328,1.3167,1.31695,13.00,1.60
2009.03.23 10:44:15.548,1.3167,1.3169,13.00,1.60
2009.03.23 10:44:15.777,1.31665,1.3169,7.20,1.60
2009.03.23 10:44:16.347,1.31665,1.3169,7.20,9.60
2009.03.23 10:44:16.608,1.31665,1.3169,2.00,9.60
2009.03.23 10:44:16.947,1.3166,1.3169,7.20,10.60
2009.03.23 10:44:18.697,1.3166,1.3169,8.80,10.60
2009.03.23 10:44:19.137,1.31665,1.3169,7.20,9.60
2009.03.23 10:44:19.766,1.31665,1.3169,5.00,10.60
2009.03.23 10:44:19.877,1.3166,1.3169,7.20,10.60
2009.03.23 10:44:20.596,1.3166,1.3168,8.80,1.60
2009.03.23 10:44:20.936,1.3166,1.3169,7.20,10.60
2009.03.23 10:44:21.956,1.3166,1.3168,8.80,1.60
2009.03.23 10:44:22.356,1.3166,1.3169,7.20,10.60
2009.03.23 10:44:29.364,1.3166,1.3168,7.20,1.60
2009.03.23 10:44:29.644,1.3166,1.3168,7.20,9.60
2009.03.23 10:44:29.824,1.31655,1.3167,16.40,1.60
2009.03.23 10:44:29.994,1.31655,1.3167,10.80,1.60
2009.03.23 10:44:30.344,1.31655,1.3167,3.60,1.60
2009.03.23 10:44:31.414,1.3165,1.3167,10.20,9.60
2009.03.23 10:44:31.574,1.3165,1.31665,8.60,1.60
2009.03.23 10:44:31.744,1.31655,1.31665,5.20,8.00
2009.03.23 10:44:32.244,1.31655,1.31675,3.60,1.60
2009.03.23 10:44:32.653,1.31655,1.3167,3.60,6.40
2009.03.23 10:44:32.944,1.31655,1.31665,3.60,1.60
2009.03.23 10:44:33.283,1.3165,1.31655,1.40,1.60
2009.03.23 10:44:33.953,1.3165,1.31655,7.20,1.60
2009.03.23 10:44:36.612,1.3165,1.31655,1.40,1.60
2009.03.23 10:44:36.992,1.31655,1.31665,3.60,1.60
2009.03.23 10:44:37.502,1.31655,1.3167,6.80,9.60
2009.03.23 10:44:37.842,1.31655,1.3167,6.80,1.60
2009.03.23 10:44:38.632,1.31655,1.3167,5.20,1.60
2009.03.23 10:44:38.812,1.31655,1.3167,12.40,1.60
2009.03.23 10:44:39.392,1.3166,1.3167,7.20,1.60
2009.03.23 10:44:39.832,1.3166,1.31675,7.20,1.60
2009.03.23 10:44:40.052,1.31655,1.31675,16.40,1.60
2009.03.23 10:44:40.472,1.31655,1.31675,10.80,1.60
2009.03.23 10:44:43.521,1.31655,1.3167,10.80,6.40
2009.03.23 10:44:44.001,1.31655,1.3167,3.60,6.40
2009.03.23 10:44:44.521,1.31655,1.3167,3.60,14.40
2009.03.23 10:44:44.691,1.3165,1.3167,3.00,1.60
2009.03.23 10:44:44.800,1.3165,1.31665,3.00,1.60
2009.03.23 10:44:44.980,1.31655,1.3167,3.60,6.40
2009.03.23 10:44:46.150,1.3165,1.31665,14.00,6.40
2009.03.23 10:44:46.430,1.3166,1.31665,7.20,6.40
2009.03.23 10:44:47.050,1.31655,1.31665,7.20,6.40
2009.03.23 10:44:47.820,1.3165,1.31665,14.20,6.40
2009.03.23 10:44:48.000,1.31655,1.31675,3.60,8.00
2009.03.23 10:44:48.160,1.31655,1.31675,3.60,6.40
2009.03.23 10:44:48.490,1.3165,1.3166,3.60,1.20
2009.03.23 10:44:48.779,1.31645,1.3165,5.80,1.60
2009.03.23 10:44:49.069,1.3163,1.3164,6.60,1.60
2009.03.23 10:44:49.469,1.3162,1.3164,5.80,1.60
2009.03.23 10:44:49.809,1.3162,1.3164,3.60,1.60
2009.03.23 10:44:50.259,1.3162,1.3165,12.40,9.60
2009.03.23 10:44:50.709,1.3163,1.3165,7.20,8.00
2009.03.23 10:44:50.889,1.3163,1.3165,7.20,1.60
2009.03.23 10:44:51.109,1.3163,1.31655,7.20,8.00
2009.03.23 10:44:51.399,1.3163,1.3166,7.20,9.60
2009.03.23 10:44:53.758,1.31625,1.3165,12.40,1.60
2009.03.23 10:44:56.278,1.31625,1.3165,12.40,9.60
2009.03.23 10:44:56.378,1.31625,1.31645,10.80,1.60
2009.03.23 10:44:56.769,1.31625,1.3165,12.40,9.60
2009.03.23 10:44:57.107,1.31625,1.3165,18.40,1.60
2009.03.23 10:44:57.397,1.31625,1.3165,12.40,1.60
2009.03.23 10:44:59.327,1.31635,1.3165,3.60,1.60
2009.03.23 10:44:59.647,1.31635,1.31655,3.60,1.60
2009.03.23 10:44:59.877,1.3163,1.31655,1.60,1.60
2009.03.23 10:45:00.047,1.31625,1.3165,18.40,1.60
2009.03.23 10:45:00.967,1.31625,1.3165,20.20,1.60
2009.03.23 10:45:01.266,1.31635,1.3165,3.60,1.60
2009.03.23 10:45:01.546,1.31635,1.31655,3.60,1.60
2009.03.23 10:45:02.806,1.3164,1.31665,1.60,11.80
2009.03.23 10:45:04.236,1.3164,1.31665,1.60,9.60
2009.03.23 10:45:04.876,1.3164,1.31665,1.60,8.00
2009.03.23 10:45:05.046,1.31645,1.31665,7.20,1.20
2009.03.23 10:45:05.276,1.31645,1.31665,5.80,1.20
2009.03.23 10:45:05.395,1.31645,1.31675,5.80,11.60
2009.03.23 10:45:05.506,1.31645,1.3167,5.80,1.60
2009.03.23 10:45:05.675,1.3164,1.31665,10.60,1.20
2009.03.23 10:45:05.796,1.31645,1.3165,7.20,6.00
2009.03.23 10:45:06.016,1.31645,1.3165,1.80,9.20
2009.03.23 10:45:06.126,1.31645,1.31655,1.80,9.20
2009.03.23 10:45:06.415,1.31635,1.31655,3.60,9.20
2009.03.23 10:45:06.755,1.31635,1.31655,3.60,1.20
2009.03.23 10:45:08.566,1.31635,1.3166,5.20,14.00
2009.03.23 10:45:08.625,1.31635,1.3166,5.20,9.20
2009.03.23 10:45:08.795,1.31635,1.3166,5.20,1.20
2009.03.23 10:45:10.864,1.3165,1.3166,1.60,1.20
2009.03.23 10:45:11.094,1.31645,1.3166,5.20,1.20
2009.03.23 10:45:11.144,1.31645,1.31665,5.20,1.60
2009.03.23 10:45:11.934,1.31645,1.31665,6.80,1.60
2009.03.23 10:45:12.444,1.31645,1.31665,5.20,1.60
2009.03.23 10:45:12.803,1.31635,1.3166,23.60,1.60
2009.03.23 10:45:13.153,1.31635,1.3166,18.00,1.60
2009.03.23 10:45:13.953,1.31645,1.3166,3.20,1.60
2009.03.23 10:45:14.123,1.31645,1.31665,6.80,1.60
2009.03.23 10:45:14.463,1.31655,1.31665,3.60,1.60
2009.03.23 10:45:14.633,1.31655,1.3167,3.60,6.40
2009.03.23 10:45:16.763,1.31645,1.31665,14.60,1.60
2009.03.23 10:45:17.104,1.31645,1.31665,5.20,1.60
2009.03.23 10:45:19.942,1.31645,1.31665,1.60,1.60
2009.03.23 10:45:20.162,1.31645,1.3166,1.60,1.60
2009.03.23 10:45:21.341,1.31645,1.3166,3.20,1.60
2009.03.23 10:45:21.401,1.31645,1.3166,6.80,1.60
2009.03.23 10:45:25.880,1.31665,1.31705,18.40,8.00
2009.03.23 10:45:27.280,1.31665,1.31695,12.40,8.00
2009.03.23 10:45:27.560,1.31675,1.31695,8.40,8.00
2009.03.23 10:45:28.100,1.3168,1.317,1.60,9.60
2009.03.23 10:45:28.400,1.31685,1.31705,3.60,6.40
2009.03.23 10:45:28.730,1.31685,1.31695,3.60,1.60
2009.03.23 10:45:30.139,1.3168,1.31695,1.40,1.60
2009.03.23 10:45:30.249,1.31675,1.31695,5.20,1.60
2009.03.23 10:45:30.489,1.31675,1.3169,3.60,1.60
2009.03.23 10:45:30.729,1.31675,1.3169,6.80,1.60
2009.03.23 10:45:30.969,1.31675,1.31695,6.80,9.60
2009.03.23 10:45:31.529,1.31675,1.31695,6.80,1.60
2009.03.23 10:45:33.339,1.31675,1.317,15.60,1.60
2009.03.23 10:45:33.639,1.31685,1.31705,3.60,14.40
2009.03.23 10:45:34.058,1.31685,1.31705,3.60,6.40
2009.03.23 10:45:34.938,1.31695,1.31705,3.60,1.60
2009.03.23 10:45:35.218,1.317,1.3171,3.60,3.20
2009.03.23 10:45:35.578,1.317,1.3171,3.60,1.60
2009.03.23 10:45:36.908,1.3171,1.31715,1.40,4.80
2009.03.23 10:45:37.438,1.3171,1.31715,5.20,4.80
2009.03.23 10:45:38.357,1.31705,1.3171,3.60,1.60
2009.03.23 10:45:38.987,1.317,1.3171,3.60,1.60
2009.03.23 10:45:39.157,1.3171,1.31715,3.60,5.60
2009.03.23 10:45:39.437,1.3171,1.31715,5.20,4.80
2009.03.23 10:45:40.237,1.31705,1.3171,3.60,1.60
2009.03.23 10:45:42.906,1.31705,1.31715,3.60,1.60
2009.03.23 10:45:45.166,1.31705,1.3172,3.60,6.20
2009.03.23 10:45:46.086,1.31705,1.31715,3.60,1.40
2009.03.23 10:45:46.195,1.31705,1.3172,3.60,6.20
2009.03.23 10:45:48.005,1.31705,1.31715,3.60,1.40
2009.03.23 10:45:49.686,1.31695,1.31715,6.80,1.40
2009.03.23 10:45:50.025,1.31695,1.3171,5.20,1.40
2009.03.23 10:45:50.205,1.31695,1.3171,5.20,1.60
2009.03.23 10:45:50.314,1.31695,1.31705,1.60,1.60
2009.03.23 10:45:50.764,1.31695,1.31705,5.20,1.60
2009.03.23 10:45:50.825,1.31695,1.3171,5.20,1.60
2009.03.23 10:45:53.254,1.31695,1.31715,5.20,16.60
2009.03.23 10:45:53.594,1.31695,1.31715,6.80,9.60
2009.03.23 10:46:01.402,1.31695,1.31715,5.20,9.60
2009.03.23 10:46:01.522,1.31695,1.3171,3.60,1.60
2009.03.23 10:46:02.552,1.31695,1.31705,3.60,1.60
2009.03.23 10:46:02.772,1.31695,1.317,3.60,1.60
2009.03.23 10:46:03.063,1.31685,1.317,3.60,1.60
2009.03.23 10:46:03.691,1.3168,1.31695,3.60,1.60
2009.03.23 10:46:03.902,1.3168,1.3169,1.40,6.40
2009.03.23 10:46:04.241,1.31675,1.3169,3.60,6.40
2009.03.23 10:46:04.651,1.31675,1.3169,5.20,4.80
2009.03.23 10:46:04.821,1.31675,1.31695,5.20,9.60
2009.03.23 10:46:05.041,1.31675,1.31695,5.20,1.60
2009.03.23 10:46:05.221,1.31685,1.31695,3.60,1.60
2009.03.23 10:46:05.401,1.31685,1.317,3.60,9.60
2009.03.23 10:46:05.571,1.3168,1.317,1.20,1.60
2009.03.23 10:46:06.011,1.31675,1.317,7.00,1.60
2009.03.23 10:46:06.590,1.3168,1.317,3.20,1.60
2009.03.23 10:46:06.921,1.31685,1.317,3.60,1.60
2009.03.23 10:46:12.140,1.31685,1.3171,6.80,3.80
2009.03.23 10:46:28.645,1.31685,1.31705,6.80,4.80
2009.03.23 10:46:29.035,1.31685,1.317,3.60,1.60
2009.03.23 10:46:35.173,1.31695,1.317,8.00,1.60
2009.03.23 10:46:35.444,1.31705,1.3171,3.60,8.00
2009.03.23 10:46:35.623,1.31705,1.31715,3.60,1.60
2009.03.23 10:46:38.003,1.31695,1.31715,5.20,14.40
2009.03.23 10:46:38.233,1.31695,1.31705,1.60,4.80
2009.03.23 10:46:38.643,1.31695,1.3171,1.60,3.80
2009.03.23 10:46:38.763,1.31695,1.3171,1.60,2.20
2009.03.23 10:46:39.442,1.3168,1.31705,9.00,1.60
2009.03.23 10:46:42.162,1.31675,1.31705,5.20,1.60
2009.03.23 10:46:42.222,1.31675,1.31705,3.60,1.60
2009.03.23 10:46:42.672,1.31675,1.31705,5.80,1.60
2009.03.23 10:46:43.362,1.31695,1.3171,3.60,1.60
2009.03.23 10:46:43.592,1.31695,1.31715,3.60,11.20
2009.03.23 10:46:43.752,1.31695,1.31715,5.20,11.20
2009.03.23 10:46:45.001,1.31695,1.31715,3.60,11.20
2009.03.23 10:46:45.231,1.31695,1.31715,5.20,11.20
2009.03.23 10:46:45.691,1.31705,1.31715,3.60,11.20
2009.03.23 10:46:45.801,1.31705,1.31715,3.60,9.60
2009.03.23 10:46:45.861,1.31705,1.31715,3.60,1.60
2009.03.23 10:46:55.849,1.31705,1.31715,5.20,1.60
2009.03.23 10:46:56.468,1.31705,1.31715,3.60,1.60
2009.03.23 10:46:58.478,1.31715,1.3172,3.60,5.60
2009.03.23 10:47:00.118,1.3172,1.3173,3.60,7.20
2009.03.23 10:47:00.607,1.31715,1.3172,3.00,4.80
2009.03.23 10:47:03.407,1.3171,1.31715,6.20,1.60
2009.03.23 10:47:03.647,1.31705,1.31715,9.60,1.60
2009.03.23 10:47:04.037,1.31705,1.31715,3.60,1.60
2009.03.23 10:47:06.466,1.3172,1.31725,3.60,8.80
2009.03.23 10:47:06.826,1.31715,1.3172,3.20,4.80
2009.03.23 10:47:07.806,1.31705,1.31715,7.40,1.60
2009.03.23 10:47:08.085,1.31705,1.31715,3.60,1.60
2009.03.23 10:47:13.374,1.317,1.31715,1.40,1.60
2009.03.23 10:47:13.604,1.31705,1.31715,3.60,1.60
2009.03.23 10:47:13.944,1.317,1.31715,3.60,7.40
2009.03.23 10:47:14.174,1.317,1.3171,3.60,4.80
2009.03.23 10:47:14.354,1.317,1.31715,3.60,13.80
2009.03.23 10:47:15.944,1.31705,1.31715,3.60,9.00
2009.03.23 10:47:16.064,1.31705,1.31715,3.60,1.60
2009.03.23 10:47:18.104,1.31705,1.31715,3.60,3.20
2009.03.23 10:47:18.213,1.317,1.3171,3.60,4.80
2009.03.23 10:47:19.363,1.3171,1.31715,3.60,6.40
2009.03.23 10:47:19.653,1.3171,1.31715,3.60,1.60
2009.03.23 10:47:19.883,1.31705,1.31715,3.60,3.20
2009.03.23 10:47:21.253,1.31705,1.31715,3.60,1.60
2009.03.23 10:47:22.642,1.31705,1.31715,3.60,3.20
2009.03.23 10:47:22.932,1.31705,1.31715,3.60,1.60
2009.03.23 10:47:23.232,1.31705,1.3172,3.60,9.60
2009.03.23 10:47:23.812,1.31705,1.3172,3.60,1.60
2009.03.23 10:47:24.922,1.31705,1.3172,3.60,6.40
2009.03.23 10:47:25.041,1.31705,1.31715,3.60,1.60
2009.03.23 10:47:28.881,1.317,1.31715,1.40,1.60
2009.03.23 10:47:28.931,1.317,1.3171,1.40,1.60
2009.03.23 10:47:29.041,1.31695,1.3171,6.80,1.60
2009.03.23 10:47:30.470,1.31695,1.3171,5.20,1.60
2009.03.23 10:47:31.410,1.31695,1.3171,6.80,1.60
2009.03.23 10:47:31.580,1.31695,1.31715,8.40,8.00
2009.03.23 10:47:32.150,1.31695,1.3172,8.40,10.60
2009.03.23 10:47:32.959,1.31695,1.3172,8.40,2.60
2009.03.23 10:47:34.349,1.31695,1.31715,6.80,1.60
2009.03.23 10:47:34.799,1.317,1.31715,3.60,6.40
2009.03.23 10:47:38.958,1.31695,1.3171,1.60,3.20
2009.03.23 10:47:39.131,1.31695,1.31705,1.60,4.80
2009.03.23 10:47:40.308,1.31695,1.31705,1.60,1.60
2009.03.23 10:47:41.207,1.31695,1.3171,1.60,9.40
2009.03.23 10:47:41.607,1.31695,1.3171,1.60,1.40
2009.03.23 10:47:41.777,1.31695,1.317,1.60,1.40
2009.03.23 10:47:42.997,1.31695,1.3171,1.60,9.40
2009.03.23 10:47:43.287,1.31695,1.3171,1.60,1.40
2009.03.23 10:47:45.506,1.31695,1.3171,1.60,3.00
2009.03.23 10:47:45.786,1.31695,1.3171,1.60,1.40
2009.03.23 10:47:46.297,1.31695,1.3171,1.60,3.00
2009.03.23 10:47:47.676,1.31695,1.3171,1.60,4.60
2009.03.23 10:47:47.916,1.31695,1.3171,1.60,9.40
2009.03.23 10:47:48.076,1.31695,1.317,1.60,1.60
2009.03.23 10:47:48.406,1.31695,1.31705,1.60,1.60
2009.03.23 10:47:49.145,1.31695,1.3171,1.60,1.60
2009.03.23 10:47:52.035,1.31695,1.3172,3.20,11.80
2009.03.23 10:47:52.385,1.31695,1.31715,3.20,4.80
2009.03.23 10:47:52.685,1.31695,1.3172,3.20,11.80
2009.03.23 10:47:55.464,1.31695,1.31715,3.20,8.00
2009.03.23 10:47:55.584,1.31695,1.3171,1.60,1.60
2009.03.23 10:47:55.804,1.31705,1.31725,1.60,6.00
2009.03.23 10:47:55.914,1.31705,1.31715,5.20,1.60
2009.03.23 10:47:56.094,1.31705,1.3173,5.20,18.00
2009.03.23 10:47:56.264,1.31705,1.3173,10.40,14.40
2009.03.23 10:47:56.384,1.31715,1.3173,3.60,14.40
2009.03.23 10:47:56.494,1.31715,1.3173,3.60,11.20
2009.03.23 10:47:56.894,1.31715,1.3173,3.60,12.80
2009.03.23 10:47:57.234,1.3172,1.3173,3.60,3.20
2009.03.23 10:47:58.103,1.3172,1.3173,3.60,1.60
2009.03.23 10:47:58.964,1.31725,1.3173,3.60,1.60
2009.03.23 10:47:59.193,1.31735,1.3174,3.60,9.60
2009.03.23 10:48:00.063,1.3174,1.31755,3.60,12.00
2009.03.23 10:48:00.733,1.3173,1.31735,6.40,12.80
2009.03.23 10:48:01.013,1.3173,1.31735,4.80,17.60
2009.03.23 10:48:01.183,1.3172,1.31735,3.60,17.60
2009.03.23 10:48:04.972,1.3172,1.31735,3.60,12.80
2009.03.23 10:48:06.861,1.31725,1.31735,3.60,8.00
2009.03.23 10:48:07.431,1.3172,1.31735,3.60,8.00
2009.03.23 10:48:07.713,1.3172,1.31735,3.60,6.40
2009.03.23 10:48:16.629,1.31715,1.31735,6.80,6.40
2009.03.23 10:48:16.689,1.31715,1.31735,5.20,10.20
2009.03.23 10:48:16.799,1.31715,1.31735,3.60,10.20
2009.03.23 10:48:17.039,1.3172,1.3173,3.60,2.20
2009.03.23 10:48:17.379,1.3171,1.3173,5.20,2.20
2009.03.23 10:48:17.769,1.3171,1.31725,5.20,2.20
2009.03.23 10:48:19.668,1.3171,1.3173,5.20,4.40
2009.03.23 10:48:19.778,1.3171,1.3173,5.20,2.20
2009.03.23 10:48:23.307,1.3171,1.3173,5.20,4.60
2009.03.23 10:48:23.597,1.3171,1.31735,5.20,5.40
2009.03.23 10:48:25.647,1.31715,1.31735,1.60,5.40
2009.03.23 10:48:25.937,1.31715,1.31735,1.60,3.20
2009.03.23 10:48:26.347,1.3172,1.31735,5.20,1.60
2009.03.23 10:48:29.656,1.31715,1.31735,7.40,3.20
2009.03.23 10:48:30.046,1.31715,1.31735,1.60,3.20
2009.03.23 10:48:30.626,1.31715,1.31735,14.60,3.20
2009.03.23 10:48:31.086,1.3172,1.31735,14.60,1.60
2009.03.23 10:48:31.785,1.31725,1.31735,1.60,1.60
2009.03.23 10:48:35.524,1.31725,1.31735,7.40,1.60
2009.03.23 10:48:35.804,1.3173,1.31735,3.60,1.60
2009.03.23 10:48:37.234,1.3174,1.31745,1.60,7.20
2009.03.23 10:48:37.566,1.3174,1.31755,3.00,9.40
2009.03.23 10:48:37.854,1.3174,1.31755,1.60,7.20
2009.03.23 10:48:38.144,1.31735,1.3174,14.00,4.80
2009.03.23 10:48:38.374,1.31725,1.31735,14.40,1.60
2009.03.23 10:48:38.654,1.31725,1.31735,5.80,4.80
2009.03.23 10:48:39.034,1.3173,1.31735,5.80,1.60
2009.03.23 10:48:39.373,1.3173,1.31735,5.80,3.20
2009.03.23 10:48:39.824,1.3173,1.31735,5.80,1.60
2009.03.23 10:48:40.614,1.31715,1.31735,14.60,1.60
2009.03.23 10:48:40.893,1.31725,1.31735,1.60,1.60
2009.03.23 10:48:41.223,1.3173,1.31735,1.60,1.60
2009.03.23 10:48:41.913,1.3173,1.31735,6.40,1.60
2009.03.23 10:48:42.143,1.31735,1.3174,1.60,4.80
2009.03.23 10:48:42.433,1.3173,1.31735,1.60,1.60
2009.03.23 10:48:43.942,1.31735,1.3174,5.80,4.80
2009.03.23 10:48:44.862,1.3173,1.31735,11.20,1.60
2009.03.23 10:48:45.032,1.3173,1.31735,5.80,1.60
2009.03.23 10:48:45.772,1.31725,1.31735,11.20,1.60
2009.03.23 10:48:46.582,1.31725,1.31735,9.60,1.60
2009.03.23 10:48:46.752,1.3172,1.31735,9.00,1.60
2009.03.23 10:48:46.992,1.3172,1.31735,7.40,1.60
2009.03.23 10:48:47.272,1.3172,1.31735,5.80,1.60
2009.03.23 10:48:47.542,1.3172,1.31735,1.40,1.60
2009.03.23 10:48:48.011,1.31715,1.31735,16.20,6.40
2009.03.23 10:48:48.351,1.3171,1.31735,7.40,9.60
2009.03.23 10:48:48.731,1.3171,1.3173,5.80,1.60
2009.03.23 10:48:48.911,1.31705,1.3173,16.20,1.60
2009.03.23 10:48:49.291,1.3171,1.31735,1.40,9.00
2009.03.23 10:48:49.681,1.31715,1.31735,1.40,4.20
2009.03.23 10:48:50.900,1.3172,1.31735,1.60,2.60
2009.03.23 10:48:51.021,1.3172,1.31735,5.20,2.60
2009.03.23 10:48:51.431,1.3172,1.31735,5.20,1.60
2009.03.23 10:48:51.921,1.3173,1.31735,3.60,1.60
2009.03.23 10:48:52.310,1.31725,1.31735,1.60,6.40
2009.03.23 10:48:52.590,1.3172,1.31735,3.60,8.00
2009.03.23 10:48:52.880,1.3172,1.31735,5.20,1.60
2009.03.23 10:48:53.930,1.31715,1.31735,1.60,3.20
2009.03.23 10:48:54.100,1.31715,1.31735,1.60,4.80
2009.03.23 10:48:54.340,1.31715,1.31735,1.60,9.60
2009.03.23 10:48:54.560,1.3171,1.31735,1.60,8.00
2009.03.23 10:48:54.900,1.3171,1.31735,7.40,10.20
2009.03.23 10:48:55.819,1.3171,1.31735,7.40,5.40
2009.03.23 10:48:58.329,1.31705,1.3173,3.20,11.80
2009.03.23 10:48:58.729,1.31705,1.31725,1.60,3.80
2009.03.23 10:48:59.079,1.3171,1.3173,1.60,12.40
2009.03.23 10:48:59.309,1.31705,1.3173,5.20,9.20
2009.03.23 10:48:59.659,1.3171,1.3173,7.40,1.60
2009.03.23 10:49:00.139,1.31705,1.31725,7.40,1.60
2009.03.23 10:49:00.539,1.31705,1.31725,1.60,11.80
2009.03.23 10:49:00.870,1.31705,1.3173,1.60,4.40
2009.03.23 10:49:01.048,1.31705,1.3173,3.20,2.20
2009.03.23 10:49:01.228,1.31705,1.31725,1.60,2.20
2009.03.23 10:49:02.648,1.31705,1.3172,1.60,1.60
2009.03.23 10:49:03.178,1.31705,1.31725,1.60,2.20
2009.03.23 10:49:03.468,1.31705,1.3173,1.60,6.00
2009.03.23 10:49:03.748,1.3171,1.3173,5.80,4.40
2009.03.23 10:49:03.988,1.31715,1.3173,7.40,2.20
2009.03.23 10:49:04.208,1.31715,1.31735,7.40,7.60
2009.03.23 10:49:04.767,1.31715,1.31735,1.60,7.60
2009.03.23 10:49:05.037,1.3171,1.3173,7.40,1.60
2009.03.23 10:49:05.317,1.3171,1.31725,5.80,1.60
2009.03.23 10:49:05.717,1.3171,1.3173,1.60,1.60
2009.03.23 10:49:06.057,1.3171,1.31735,5.80,6.00
2009.03.23 10:49:06.757,1.3171,1.31735,5.80,7.60
2009.03.23 10:49:06.927,1.31705,1.31735,7.40,7.60
2009.03.23 10:49:07.147,1.31705,1.31735,9.00,6.00
2009.03.23 10:49:07.477,1.3171,1.3173,1.60,1.60
2009.03.23 10:49:09.606,1.31705,1.31725,9.00,1.60
2009.03.23 10:49:12.106,1.31715,1.31725,5.80,1.60
2009.03.23 10:49:12.166,1.31715,1.3173,5.80,1.60
2009.03.23 10:49:12.406,1.31715,1.31735,11.20,3.20
2009.03.23 10:49:12.925,1.3172,1.31735,3.60,1.60
2009.03.23 10:49:13.395,1.31715,1.31735,11.20,3.20
2009.03.23 10:49:14.395,1.31715,1.3173,11.20,1.60
2009.03.23 10:49:15.095,1.3173,1.31735,7.20,2.40
2009.03.23 10:49:15.265,1.3174,1.31745,3.20,5.60
2009.03.23 10:49:15.445,1.31745,1.3176,3.60,4.80
2009.03.23 10:49:15.625,1.3174,1.3175,10.60,2.20
2009.03.23 10:49:15.745,1.31745,1.3175,1.60,1.60
2009.03.23 10:49:15.906,1.3173,1.3175,1.60,6.40
2009.03.23 10:49:18.304,1.31725,1.3175,6.80,15.40
2009.03.23 10:49:18.594,1.31725,1.31745,5.20,1.60
2009.03.23 10:49:19.214,1.31725,1.3174,5.20,4.80
2009.03.23 10:49:19.484,1.31725,1.3174,3.60,12.80
2009.03.23 10:49:19.714,1.3172,1.31735,5.20,6.40
2009.03.23 10:49:20.124,1.3171,1.3172,5.80,9.60
2009.03.23 10:49:20.534,1.31715,1.3173,5.20,8.00
2009.03.23 10:49:20.893,1.31715,1.3174,13.20,6.40
2009.03.23 10:49:21.073,1.31715,1.3173,8.00,1.60
2009.03.23 10:49:21.194,1.3171,1.3173,2.00,1.60
2009.03.23 10:49:22.313,1.3171,1.3172,2.00,8.00
2009.03.23 10:49:22.713,1.317,1.31705,5.80,1.60
2009.03.23 10:49:23.053,1.31685,1.31705,9.40,1.60
2009.03.23 10:49:23.393,1.3169,1.31715,5.80,1.60
2009.03.23 10:49:23.953,1.31685,1.3171,7.40,1.60
2009.03.23 10:49:24.184,1.3169,1.31715,1.60,2.60
2009.03.23 10:49:24.353,1.3169,1.31715,7.40,1.60
2009.03.23 10:49:24.642,1.3169,1.3171,5.80,1.60
2009.03.23 10:49:24.992,1.31685,1.3171,16.00,1.60
2009.03.23 10:49:25.392,1.31685,1.317,7.20,1.60
2009.03.23 10:49:25.742,1.3169,1.3171,5.80,1.60
2009.03.23 10:49:26.092,1.31705,1.3171,7.20,1.60
2009.03.23 10:49:26.522,1.317,1.31715,4.00,1.60
2009.03.23 10:49:26.912,1.317,1.31715,7.40,1.60
2009.03.23 10:49:27.332,1.31715,1.3172,1.60,4.80
2009.03.23 10:49:27.772,1.31715,1.3172,7.40,4.80
2009.03.23 10:49:28.052,1.31715,1.3172,1.60,4.80
2009.03.23 10:49:28.402,1.3171,1.31715,10.40,1.60
2009.03.23 10:49:28.751,1.3171,1.31715,5.20,1.60
2009.03.23 10:49:29.131,1.31715,1.3172,1.60,4.80
2009.03.23 10:49:29.361,1.31725,1.31735,1.60,8.00
2009.03.23 10:49:29.651,1.31715,1.3172,7.40,4.80
2009.03.23 10:49:29.872,1.31715,1.3172,5.80,4.80
2009.03.23 10:49:30.151,1.31715,1.3172,9.60,4.80
2009.03.23 10:49:30.551,1.31705,1.31715,24.00,1.60
2009.03.23 10:49:30.781,1.31705,1.31715,18.40,1.60
2009.03.23 10:49:31.681,1.31705,1.31715,13.20,1.60
2009.03.23 10:49:32.061,1.3172,1.3173,1.60,1.60
2009.03.23 10:49:32.511,1.31715,1.3174,10.80,1.60
2009.03.23 10:49:32.861,1.31715,1.3174,14.00,1.60
2009.03.23 10:49:33.141,1.31725,1.3174,3.40,1.60
2009.03.23 10:49:35.690,1.31725,1.3174,1.80,2.60
2009.03.23 10:49:36.100,1.3172,1.31735,6.60,6.40
2009.03.23 10:49:36.450,1.3171,1.31735,1.60,8.60
2009.03.23 10:49:36.809,1.31705,1.3173,5.20,1.60
2009.03.23 10:49:38.070,1.31705,1.3173,6.80,1.60
2009.03.23 10:49:39.369,1.31705,1.3173,6.80,2.80
2009.03.23 10:49:39.479,1.3172,1.3173,1.60,3.80
2009.03.23 10:49:39.589,1.3172,1.3173,4.80,3.80
2009.03.23 10:49:39.709,1.3172,1.3173,18.90,2.60
2009.03.23 10:49:40.219,1.3173,1.31735,6.60,4.80
2009.03.23 10:49:40.559,1.31725,1.31735,5.80,14.40
2009.03.23 10:49:40.949,1.317,1.31725,12.80,6.40
2009.03.23 10:49:41.229,1.317,1.31725,11.20,6.40
2009.03.23 10:49:41.749,1.317,1.31725,9.60,6.40
2009.03.23 10:49:41.968,1.31705,1.3172,9.60,1.60
2009.03.23 10:49:42.758,1.31705,1.3172,11.20,1.60
2009.03.23 10:49:44.248,1.31705,1.3172,5.20,1.60
2009.03.23 10:49:44.817,1.31705,1.3172,3.60,1.60
2009.03.23 10:49:45.438,1.31705,1.31725,5.20,6.40
2009.03.23 10:49:46.067,1.3171,1.3173,1.60,1.60
2009.03.23 10:49:46.357,1.31715,1.3174,1.60,11.80
2009.03.23 10:49:46.657,1.31715,1.3174,7.40,1.60
2009.03.23 10:49:47.637,1.3172,1.3174,1.60,1.60
2009.03.23 10:49:49.016,1.3172,1.3174,1.60,6.40
2009.03.23 10:49:49.197,1.31715,1.31735,3.60,1.60
2009.03.23 10:49:49.377,1.31715,1.31735,1.60,1.60
2009.03.23 10:49:55.505,1.31725,1.31735,3.60,1.60
2009.03.23 10:49:56.605,1.31715,1.31735,9.00,1.60
2009.03.23 10:49:56.775,1.31715,1.31735,1.60,1.60
2009.03.23 10:49:57.444,1.31715,1.31735,7.40,1.60
2009.03.23 10:49:57.815,1.3172,1.31735,5.80,1.60
2009.03.23 10:49:58.284,1.31725,1.31745,3.60,6.40
2009.03.23 10:49:58.794,1.3172,1.31735,10.40,8.00
2009.03.23 10:49:58.954,1.3172,1.3174,3.00,9.60
2009.03.23 10:49:59.234,1.31725,1.3174,3.60,6.40
2009.03.23 10:49:59.574,1.31725,1.31745,3.60,6.40
2009.03.23 10:50:00.034,1.31725,1.3174,3.60,6.40
2009.03.23 10:50:01.843,1.31735,1.3174,5.20,1.60
2009.03.23 10:50:02.004,1.31735,1.3175,5.20,15.60
2009.03.23 10:50:02.113,1.31735,1.3175,5.20,14.40
2009.03.23 10:50:02.344,1.31735,1.3175,4.80,1.60
2009.03.23 10:50:02.573,1.31735,1.31755,5.20,6.40
2009.03.23 10:50:02.743,1.31745,1.3175,5.20,1.60
2009.03.23 10:50:03.023,1.3174,1.31745,3.00,1.60
2009.03.23 10:50:03.254,1.3173,1.31745,3.60,1.60
2009.03.23 10:50:03.543,1.31725,1.31745,9.60,6.40
2009.03.23 10:50:03.933,1.31725,1.31745,3.60,6.40
2009.03.23 10:50:04.343,1.31725,1.31745,5.20,6.40
2009.03.23 10:50:04.643,1.31715,1.3173,12.80,6.40
2009.03.23 10:50:04.873,1.31715,1.3173,9.60,4.80
2009.03.23 10:50:05.203,1.3171,1.3172,5.80,4.80
2009.03.23 10:50:05.563,1.3171,1.31725,3.20,1.60
2009.03.23 10:50:05.903,1.31705,1.3172,15.60,4.80
2009.03.23 10:50:06.182,1.3171,1.31725,3.20,1.60
2009.03.23 10:50:06.413,1.31705,1.31725,7.40,1.60
2009.03.23 10:50:06.702,1.31705,1.3172,5.80,1.60
2009.03.23 10:50:12.241,1.317,1.31705,3.60,5.60
2009.03.23 10:50:12.571,1.317,1.31715,3.60,1.60
2009.03.23 10:50:14.371,1.31705,1.31715,5.00,1.60
2009.03.23 10:50:14.490,1.31715,1.3172,1.80,8.00
2009.03.23 10:50:14.721,1.3171,1.31725,14.00,9.60
2009.03.23 10:50:14.841,1.3171,1.31715,12.20,1.60
2009.03.23 10:50:14.950,1.31705,1.31715,8.00,1.60
2009.03.23 10:50:15.130,1.317,1.31715,5.20,1.60
2009.03.23 10:50:15.510,1.317,1.31715,3.60,1.60
2009.03.23 10:50:20.489,1.31695,1.3171,11.20,1.60
2009.03.23 10:50:20.889,1.31695,1.31715,5.20,6.40
2009.03.23 10:50:21.119,1.317,1.31715,3.60,1.60
2009.03.23 10:50:22.149,1.317,1.31715,5.20,1.60
2009.03.23 10:50:23.048,1.31705,1.31715,3.60,1.60
2009.03.23 10:50:27.597,1.31705,1.3171,3.60,1.60
2009.03.23 10:50:28.037,1.31705,1.31715,3.60,9.60
2009.03.23 10:50:28.267,1.31705,1.31715,3.60,1.60
2009.03.23 10:50:36.555,1.3174,1.31745,3.60,25.60
2009.03.23 10:50:36.675,1.3174,1.31745,5.20,14.60
2009.03.23 10:50:36.915,1.3174,1.31745,5.20,12.00
2009.03.23 10:50:37.155,1.31735,1.31745,3.20,7.20
2009.03.23 10:50:37.275,1.31735,1.31745,4.80,7.20
2009.03.23 10:50:37.895,1.3175,1.31775,3.60,13.80
2009.03.23 10:50:38.165,1.3175,1.31775,3.60,12.20
2009.03.23 10:50:38.665,1.3175,1.31775,3.60,13.40
2009.03.23 10:50:38.964,1.3175,1.31765,3.60,11.20
2009.03.23 10:50:39.894,1.31745,1.3175,4.60,4.80
2009.03.23 10:50:40.164,1.31735,1.3175,3.60,11.20
2009.03.23 10:50:40.844,1.31725,1.31745,11.20,4.80
2009.03.23 10:50:41.014,1.31725,1.3174,3.60,9.60
2009.03.23 10:50:41.234,1.31725,1.3174,3.60,11.20
2009.03.23 10:50:41.744,1.31725,1.3174,3.60,1.60
2009.03.23 10:50:42.074,1.31725,1.31745,3.60,16.60
2009.03.23 10:50:43.413,1.3174,1.31745,1.40,10.80
2009.03.23 10:50:43.753,1.31725,1.31735,1.60,1.60
2009.03.23 10:50:43.863,1.31725,1.31735,7.20,1.60
2009.03.23 10:50:43.923,1.31725,1.31735,6.40,1.60
2009.03.23 10:50:44.143,1.31705,1.31735,5.80,1.60
2009.03.23 10:50:44.203,1.31705,1.3174,7.40,1.60
2009.03.23 10:50:44.313,1.31705,1.31735,5.80,1.60
2009.03.23 10:50:44.423,1.3171,1.31735,12.40,1.60
2009.03.23 10:50:44.593,1.3171,1.31735,7.40,1.60
2009.03.23 10:50:44.653,1.31705,1.31725,7.20,1.60
2009.03.23 10:50:44.773,1.31705,1.31735,8.80,9.60
2009.03.23 10:50:45.153,1.3171,1.31735,5.80,2.80
2009.03.23 10:50:45.553,1.31725,1.31735,5.00,2.60
2009.03.23 10:50:45.893,1.3173,1.3177,22.00,3.20
2009.03.23 10:50:46.063,1.3173,1.3177,15.60,1.60
2009.03.23 10:50:46.233,1.3174,1.3177,1.60,1.60
2009.03.23 10:50:46.413,1.3174,1.31775,1.60,1.60
2009.03.23 10:50:46.573,1.31755,1.31775,3.60,1.60
2009.03.23 10:50:46.862,1.31755,1.3177,3.60,1.60
2009.03.23 10:50:47.193,1.31755,1.31765,3.60,1.60
2009.03.23 10:50:47.842,1.3175,1.31765,3.60,8.60
2009.03.23 10:50:48.173,1.3175,1.31765,3.60,13.40
2009.03.23 10:50:50.062,1.3175,1.3176,3.60,1.20
2009.03.23 10:50:50.342,1.31745,1.3176,3.60,18.80
2009.03.23 10:50:50.642,1.31745,1.3176,3.60,13.60
2009.03.23 10:50:50.931,1.3174,1.3175,1.60,1.60
2009.03.23 10:50:51.231,1.31725,1.3175,14.40,1.60
2009.03.23 10:50:51.392,1.31725,1.3175,10.60,1.60
2009.03.23 10:50:51.511,1.3172,1.3175,13.00,1.60
2009.03.23 10:50:51.622,1.3172,1.3175,5.80,3.80
2009.03.23 10:50:52.011,1.3172,1.3175,5.80,11.80
2009.03.23 10:50:52.341,1.31715,1.3175,18.40,11.80
2009.03.23 10:50:52.781,1.31715,1.3174,7.40,2.20
2009.03.23 10:50:53.121,1.3171,1.31735,5.80,1.60
2009.03.23 10:50:53.411,1.31705,1.31735,13.00,9.60
2009.03.23 10:50:56.230,1.31705,1.3173,13.00,1.60
2009.03.23 10:50:56.460,1.31705,1.3173,7.20,1.60
2009.03.23 10:50:57.100,1.31705,1.31725,7.20,1.60
2009.03.23 10:50:58.170,1.3172,1.31725,3.60,1.60
2009.03.23 10:50:58.470,1.3172,1.3174,5.20,1.60
2009.03.23 10:50:58.760,1.3172,1.31745,5.20,1.60
2009.03.23 10:50:59.620,1.31725,1.31745,12.80,1.60
2009.03.23 10:50:59.799,1.31735,1.3175,3.60,1.60
2009.03.23 10:51:00.499,1.31735,1.31755,3.60,8.60
2009.03.23 10:51:00.670,1.31735,1.31755,5.20,6.40
2009.03.23 10:51:00.909,1.3174,1.3176,5.20,23.60
2009.03.23 10:51:01.139,1.3174,1.3175,1.40,1.60
2009.03.23 10:51:01.489,1.3174,1.3175,5.20,1.60
2009.03.23 10:51:01.949,1.3174,1.3175,3.60,1.60
2009.03.23 10:51:02.129,1.31735,1.31745,3.60,1.60
2009.03.23 10:51:16.915,1.3173,1.31745,5.20,1.60
2009.03.23 10:51:23.204,1.31735,1.31745,3.60,1.60
2009.03.23 10:51:23.544,1.3174,1.31755,3.60,16.60
2009.03.23 10:51:23.833,1.31735,1.31745,3.60,1.60
2009.03.23 10:51:31.751,1.3173,1.31745,1.40,1.60
2009.03.23 10:51:31.972,1.3173,1.3174,1.40,1.60
2009.03.23 10:51:36.760,1.31725,1.3173,2.30,1.60
2009.03.23 10:51:39.040,1.3173,1.3174,1.40,1.60
2009.03.23 10:51:41.859,1.3173,1.3174,5.20,1.60
2009.03.23 10:51:43.249,1.31735,1.3174,3.60,1.60
2009.03.23 10:51:43.939,1.3173,1.3174,5.20,1.60
2009.03.23 10:51:44.279,1.31735,1.3175,5.20,1.60
2009.03.23 10:51:44.738,1.3174,1.3175,3.60,1.60
2009.03.23 10:51:44.799,1.3174,1.3175,5.20,1.60
2009.03.23 10:51:48.907,1.31745,1.3176,5.20,1.60
2009.03.23 10:51:49.607,1.3175,1.3176,1.40,1.60
2009.03.23 10:51:50.797,1.3175,1.31765,5.20,6.40
2009.03.23 10:51:51.317,1.31755,1.31765,3.00,4.80
2009.03.23 10:51:51.497,1.31755,1.3177,5.20,9.60
2009.03.23 10:51:51.787,1.31755,1.31765,3.00,4.80
2009.03.23 10:51:52.127,1.3175,1.31765,5.20,6.40
2009.03.23 10:51:52.817,1.3175,1.3177,11.00,13.40
2009.03.23 10:51:53.746,1.31745,1.31765,12.60,9.60
2009.03.23 10:51:54.097,1.31745,1.31765,11.00,11.20
2009.03.23 10:51:54.717,1.31745,1.31765,9.60,11.20
2009.03.23 10:51:55.246,1.31745,1.31765,11.00,11.20
2009.03.23 10:51:55.588,1.31745,1.31765,5.20,11.00
2009.03.23 10:51:56.086,1.31755,1.3177,3.60,12.60
2009.03.23 10:51:56.366,1.3175,1.31765,6.00,7.00
2009.03.23 10:51:56.726,1.31745,1.3176,3.20,3.00
2009.03.23 10:51:57.625,1.31745,1.3176,5.20,1.40
2009.03.23 10:51:57.925,1.31745,1.3176,3.20,3.00
2009.03.23 10:51:58.386,1.31745,1.3176,4.80,1.40
2009.03.23 10:51:58.685,1.31755,1.31765,3.60,2.80
2009.03.23 10:51:59.085,1.3175,1.31755,1.60,1.60
2009.03.23 10:51:59.305,1.31745,1.31755,5.80,1.60
2009.03.23 10:51:59.525,1.31745,1.3176,9.60,1.60
2009.03.23 10:52:00.885,1.31745,1.3176,3.60,1.60
2009.03.23 10:52:01.235,1.3175,1.3176,5.80,1.60
2009.03.23 10:52:01.535,1.31745,1.3176,3.60,1.60
2009.03.23 10:52:03.514,1.31745,1.3176,3.60,3.20
2009.03.23 10:52:03.684,1.3174,1.31755,5.20,6.40
2009.03.23 10:52:04.434,1.3174,1.31755,1.40,6.40
2009.03.23 10:52:04.714,1.31735,1.31755,5.20,12.80
2009.03.23 10:52:04.894,1.31735,1.3175,3.20,1.60
2009.03.23 10:52:05.064,1.3173,1.3174,1.60,6.40
2009.03.23 10:52:05.344,1.31725,1.3174,5.80,11.20
2009.03.23 10:52:05.933,1.31725,1.3174,3.60,1.60
2009.03.23 10:52:08.483,1.31715,1.31735,1.60,1.60
2009.03.23 10:52:08.653,1.3171,1.31735,13.80,1.60
2009.03.23 10:52:08.822,1.3171,1.31735,10.60,1.60
2009.03.23 10:52:09.203,1.3171,1.31735,1.60,1.60
2009.03.23 10:52:09.483,1.31705,1.3173,20.20,1.60
2009.03.23 10:52:09.662,1.31705,1.3173,18.40,1.60
2009.03.23 10:52:10.003,1.31705,1.3173,24.00,1.60
2009.03.23 10:52:10.242,1.31705,1.3173,18.40,1.60
2009.03.23 10:52:11.212,1.31705,1.3173,18.40,3.20
2009.03.23 10:52:11.442,1.31705,1.3172,10.80,4.80
2009.03.23 10:52:13.072,1.31705,1.3172,3.60,4.80
2009.03.23 10:52:13.941,1.3171,1.31725,5.20,6.40
2009.03.23 10:52:15.221,1.3171,1.31725,14.00,6.40
2009.03.23 10:52:15.381,1.31715,1.3173,3.60,4.80
2009.03.23 10:52:16.251,1.31715,1.3173,3.60,6.40
2009.03.23 10:52:17.461,1.31715,1.3173,3.60,4.80
2009.03.23 10:52:17.751,1.3171,1.3173,6.80,9.60
2009.03.23 10:52:17.980,1.31715,1.3173,3.60,6.40
2009.03.23 10:52:19.250,1.3171,1.31725,5.20,6.40
2009.03.23 10:52:19.762,1.3171,1.3172,3.60,6.40
2009.03.23 10:52:20.120,1.3171,1.3173,5.20,20.80
2009.03.23 10:52:20.290,1.3171,1.3173,5.20,19.20
2009.03.23 10:52:20.460,1.3171,1.3173,5.20,11.20
2009.03.23 10:52:22.939,1.31715,1.3173,3.60,1.60
2009.03.23 10:52:23.399,1.31715,1.31735,3.60,17.00
2009.03.23 10:52:26.409,1.31715,1.31735,3.60,9.00
2009.03.23 10:52:26.968,1.31705,1.31725,21.40,11.20
2009.03.23 10:52:27.138,1.31705,1.31725,14.00,11.20
2009.03.23 10:52:27.418,1.31715,1.31725,3.60,1.60
2009.03.23 10:52:27.598,1.31715,1.31735,3.60,9.60
2009.03.23 10:52:27.778,1.31715,1.31735,5.20,3.20
2009.03.23 10:52:31.277,1.31715,1.31735,5.80,3.20
2009.03.23 10:52:31.617,1.31715,1.31735,10.80,3.20
2009.03.23 10:52:31.727,1.3172,1.3174,1.60,9.60
2009.03.23 10:52:32.547,1.3172,1.3174,1.60,8.00
2009.03.23 10:52:32.777,1.3172,1.31745,1.60,1.60
2009.03.23 10:52:33.107,1.3173,1.31745,1.60,8.00
2009.03.23 10:52:33.467,1.3172,1.31745,1.60,9.60
2009.03.23 10:52:33.917,1.3172,1.31745,7.40,1.60
2009.03.23 10:52:34.307,1.31715,1.3174,12.40,1.60
2009.03.23 10:52:34.546,1.31715,1.3174,18.40,1.60
2009.03.23 10:52:34.826,1.3173,1.3174,1.60,8.00
2009.03.23 10:52:35.096,1.3173,1.31735,1.60,8.00
2009.03.23 10:52:35.396,1.3172,1.31735,7.20,8.00
2009.03.23 10:52:35.746,1.31715,1.3173,14.40,1.60
2009.03.23 10:52:36.136,1.31715,1.3173,3.60,1.60
2009.03.23 10:52:37.426,1.31715,1.31735,3.60,8.00
2009.03.23 10:52:37.596,1.31715,1.31735,15.20,8.00
2009.03.23 10:52:37.926,1.3172,1.31735,1.40,1.60
2009.03.23 10:52:38.445,1.3172,1.31735,3.00,1.60
2009.03.23 10:52:38.795,1.31725,1.31735,3.60,1.60
2009.03.23 10:52:39.305,1.31725,1.3174,3.60,1.60
2009.03.23 10:52:39.995,1.3172,1.3174,5.20,6.40
2009.03.23 10:52:41.145,1.31725,1.3174,3.60,9.60
2009.03.23 10:52:41.905,1.31725,1.3174,3.60,1.60
2009.03.23 10:52:46.214,1.3172,1.3174,5.20,12.80
2009.03.23 10:52:46.384,1.3172,1.31735,5.20,2.20
2009.03.23 10:52:46.503,1.3172,1.31735,1.40,7.00
2009.03.23 10:52:46.613,1.31715,1.31735,6.80,11.80
2009.03.23 10:52:46.903,1.31715,1.31735,5.20,13.40
2009.03.23 10:52:48.473,1.31715,1.31735,3.60,13.40
2009.03.23 10:52:49.153,1.31715,1.31735,5.20,12.20
2009.03.23 10:52:49.323,1.31715,1.31735,5.20,11.20
2009.03.23 10:52:49.483,1.3172,1.31735,3.00,6.40
2009.03.23 10:52:49.653,1.3172,1.31735,5.20,6.40
2009.03.23 10:52:54.412,1.3172,1.3173,3.00,4.80
2009.03.23 10:52:54.582,1.3172,1.3173,1.40,6.40
2009.03.23 10:52:55.481,1.31715,1.31725,5.80,2.80
2009.03.23 10:52:55.822,1.31715,1.3172,5.80,4.80
2009.03.23 10:52:56.121,1.317,1.3172,15.60,4.80
2009.03.23 10:52:56.461,1.317,1.3172,3.00,7.40
2009.03.23 10:52:56.761,1.31705,1.3172,3.60,1.60
2009.03.23 10:52:57.731,1.31705,1.3172,3.60,9.60
2009.03.23 10:53:01.300,1.31705,1.3172,3.60,1.60
2009.03.23 10:53:01.710,1.317,1.3172,6.80,6.40
2009.03.23 10:53:07.478,1.317,1.31715,5.20,1.60
2009.03.23 10:53:08.138,1.317,1.31715,10.20,1.60
2009.03.23 10:53:08.438,1.317,1.31715,12.40,1.60
2009.03.23 10:53:08.728,1.31705,1.31725,6.80,1.60
2009.03.23 10:53:09.008,1.31705,1.31725,3.60,1.60
2009.03.23 10:53:09.338,1.31705,1.3173,12.40,14.40
2009.03.23 10:53:09.568,1.31705,1.3172,16.80,4.80
2009.03.23 10:53:09.798,1.31705,1.3172,18.40,4.80
2009.03.23 10:53:10.078,1.31705,1.3173,14.40,14.40
2009.03.23 10:53:10.478,1.31705,1.3173,14.40,6.40
2009.03.23 10:53:10.808,1.31705,1.3173,20.20,6.40
2009.03.23 10:53:11.047,1.3171,1.3173,7.20,6.40
2009.03.23 10:53:11.277,1.3171,1.3172,7.20,4.80
2009.03.23 10:53:11.837,1.3171,1.3173,7.20,8.00
2009.03.23 10:53:11.997,1.3171,1.3173,8.80,6.40
2009.03.23 10:53:12.108,1.3171,1.3173,8.80,1.60
2009.03.23 10:53:12.387,1.31715,1.3173,7.20,1.60
2009.03.23 10:53:12.617,1.31715,1.3173,12.40,1.60
2009.03.23 10:53:12.787,1.31715,1.31735,12.40,8.00
2009.03.23 10:53:13.227,1.31715,1.3174,12.40,22.40
2009.03.23 10:53:13.618,1.31715,1.3174,12.40,6.40
2009.03.23 10:53:17.178,1.31715,1.3173,12.40,4.80
2009.03.23 10:53:17.466,1.31715,1.3174,12.40,14.40
2009.03.23 10:53:17.906,1.31715,1.3174,12.40,6.40
2009.03.23 10:53:19.266,1.31715,1.3173,12.40,4.80
2009.03.23 10:53:19.596,1.31715,1.3173,10.80,4.80
2009.03.23 10:53:19.766,1.31715,1.31735,10.80,1.60
2009.03.23 10:53:19.995,1.31715,1.3174,12.40,6.40
2009.03.23 10:53:20.326,1.31715,1.3174,12.40,14.40
2009.03.23 10:53:20.665,1.31715,1.3173,10.80,4.80
2009.03.23 10:53:23.005,1.31715,1.31735,10.80,1.60
2009.03.23 10:53:23.235,1.31715,1.3174,12.40,6.40
2009.03.23 10:53:25.504,1.31725,1.3174,1.60,6.40
2009.03.23 10:53:25.624,1.31735,1.3174,3.60,1.60
2009.03.23 10:53:25.924,1.31725,1.3174,3.60,4.80
2009.03.23 10:53:26.334,1.3172,1.31745,14.60,1.60
2009.03.23 10:53:26.784,1.3172,1.31735,7.20,1.60
2009.03.23 10:53:27.124,1.3172,1.3173,7.20,4.80
2009.03.23 10:53:27.284,1.3172,1.3174,7.20,1.60
2009.03.23 10:53:27.464,1.3172,1.31745,8.80,1.60
2009.03.23 10:53:27.754,1.3172,1.3174,7.20,6.40
2009.03.23 10:53:29.273,1.31715,1.3174,20.20,6.40
2009.03.23 10:53:29.613,1.31715,1.3174,18.40,6.40
2009.03.23 10:53:29.983,1.31715,1.3174,12.40,6.40
2009.03.23 10:53:30.853,1.31715,1.3174,12.40,8.00
2009.03.23 10:53:31.253,1.31715,1.3174,1.60,16.00
2009.03.23 10:53:31.713,1.31715,1.3174,7.40,1.60
2009.03.23 10:53:36.302,1.31715,1.3174,1.60,1.60
2009.03.23 10:53:36.871,1.31715,1.3174,7.40,1.60
2009.03.23 10:53:37.971,1.31715,1.31735,2.00,1.60
2009.03.23 10:53:38.311,1.31715,1.31735,7.20,1.60
2009.03.23 10:53:44.220,1.31715,1.31735,13.00,1.60
2009.03.23 10:53:44.859,1.31715,1.3174,14.60,1.60
2009.03.23 10:53:50.698,1.3171,1.31735,14.60,1.60
2009.03.23 10:53:51.198,1.3171,1.3173,13.00,1.60
2009.03.23 10:53:51.418,1.3171,1.31735,8.80,1.60
2009.03.23 10:53:51.918,1.3171,1.3173,7.20,1.60
2009.03.23 10:53:55.227,1.3171,1.31735,8.80,1.60
2009.03.23 10:53:56.107,1.3171,1.3173,7.20,1.60
2009.03.23 10:53:57.446,1.3171,1.31735,8.60,1.60
2009.03.23 10:53:58.006,1.3171,1.3172,7.20,1.60
2009.03.23 10:53:58.236,1.31695,1.3172,10.60,1.60
2009.03.23 10:53:58.467,1.31705,1.31735,5.20,18.20
2009.03.23 10:53:58.766,1.31705,1.31735,6.80,1.60
2009.03.23 10:53:58.986,1.31705,1.3173,3.60,1.60
2009.03.23 10:53:59.426,1.31705,1.31725,3.60,6.40
2009.03.23 10:53:59.766,1.31705,1.3172,3.60,6.40
2009.03.23 10:54:00.526,1.31705,1.3172,3.60,1.60
2009.03.23 10:54:00.815,1.31705,1.31725,3.60,6.40
2009.03.23 10:54:02.005,1.31705,1.31725,5.20,4.80
2009.03.23 10:54:02.175,1.31705,1.31725,3.60,6.40
2009.03.23 10:54:02.405,1.31705,1.31725,9.60,6.40
2009.03.23 10:54:02.576,1.31705,1.31725,11.20,4.80
2009.03.23 10:54:06.824,1.31705,1.31725,12.80,4.80
2009.03.23 10:54:06.884,1.31705,1.31725,14.40,4.80
2009.03.23 10:54:06.944,1.31705,1.3173,14.40,2.60
2009.03.23 10:54:07.574,1.31705,1.3173,14.40,1.60
2009.03.23 10:54:09.123,1.31705,1.3173,14.40,2.60
2009.03.23 10:54:09.283,1.31705,1.3172,3.20,9.60
2009.03.23 10:54:09.523,1.31705,1.31725,8.40,17.60
2009.03.23 10:54:09.743,1.3171,1.31725,1.60,9.60
2009.03.23 10:54:09.923,1.3171,1.3172,1.60,9.60
2009.03.23 10:54:10.093,1.31705,1.3172,5.80,11.20
2009.03.23 10:54:10.143,1.31705,1.3172,7.40,9.60
2009.03.23 10:54:10.553,1.31705,1.3172,5.80,11.20
2009.03.23 10:54:10.903,1.317,1.3172,7.20,11.20
2009.03.23 10:54:11.253,1.317,1.3172,5.20,11.20
2009.03.23 10:54:28.978,1.3168,1.3169,3.60,3.20
2009.03.23 10:54:29.149,1.31665,1.3168,3.60,4.80
2009.03.23 10:54:29.378,1.31665,1.3168,3.60,6.40
2009.03.23 10:54:29.658,1.31665,1.3168,3.60,1.60
2009.03.23 10:54:29.828,1.31665,1.31685,3.60,8.60
2009.03.23 10:54:30.179,1.31675,1.3168,3.20,4.80
2009.03.23 10:54:30.239,1.31675,1.3169,3.20,11.20
2009.03.23 10:54:30.588,1.3167,1.3168,7.60,4.80
2009.03.23 10:54:30.889,1.3166,1.31665,5.20,1.60
2009.03.23 10:54:31.348,1.31655,1.3166,5.80,6.20
2009.03.23 10:54:31.738,1.3167,1.31695,3.60,16.00
2009.03.23 10:54:32.028,1.31665,1.3169,3.60,8.00
2009.03.23 10:54:32.358,1.31675,1.3169,3.60,8.00
2009.03.23 10:54:32.598,1.31675,1.3171,3.60,16.60
2009.03.23 10:54:32.718,1.3166,1.31695,3.20,2.20
2009.03.23 10:54:32.948,1.31665,1.31685,1.60,3.80
2009.03.23 10:54:33.297,1.3166,1.31685,11.20,3.80
2009.03.23 10:54:33.678,1.3166,1.31675,5.80,1.40
2009.03.23 10:54:34.017,1.3166,1.31675,5.80,3.00
2009.03.23 10:54:34.288,1.31655,1.31675,3.60,1.40
2009.03.23 10:54:35.397,1.31655,1.31675,3.60,4.60
2009.03.23 10:54:35.677,1.31655,1.3167,3.60,1.40
2009.03.23 10:54:35.857,1.31655,1.3167,3.60,3.00
2009.03.23 10:54:36.097,1.31655,1.3167,3.60,1.40
2009.03.23 10:54:36.687,1.3167,1.3168,1.40,9.60
2009.03.23 10:54:36.907,1.3167,1.3168,1.40,1.60
2009.03.23 10:54:39.886,1.3167,1.31675,1.40,1.60
2009.03.23 10:54:42.015,1.3167,1.3168,1.40,9.40
2009.03.23 10:54:42.186,1.3167,1.3168,1.40,1.40
2009.03.23 10:54:43.455,1.31685,1.31695,3.20,7.40
2009.03.23 10:54:43.805,1.3168,1.31695,4.60,1.40
2009.03.23 10:54:43.965,1.31675,1.31695,10.60,9.40
2009.03.23 10:54:44.135,1.31675,1.3169,3.20,1.40
2009.03.23 10:54:44.305,1.31675,1.3169,6.80,9.40
2009.03.23 10:54:44.475,1.31675,1.3169,6.80,1.40
2009.03.23 10:54:44.755,1.31675,1.31695,6.80,8.40
2009.03.23 10:54:45.205,1.3168,1.31695,1.60,1.60
2009.03.23 10:54:45.255,1.3168,1.31695,3.20,1.60
2009.03.23 10:54:45.525,1.3168,1.317,6.80,6.40
2009.03.23 10:54:45.695,1.3168,1.317,5.20,6.40
2009.03.23 10:54:46.215,1.31685,1.317,3.60,6.40
2009.03.23 10:54:46.624,1.3168,1.317,8.40,6.40
2009.03.23 10:54:47.544,1.3168,1.317,8.40,14.40
2009.03.23 10:54:47.664,1.3168,1.317,3.00,17.60
2009.03.23 10:54:47.764,1.3168,1.3169,3.00,1.60
2009.03.23 10:54:48.164,1.3168,1.3169,1.40,1.60
2009.03.23 10:54:50.214,1.3168,1.3169,1.40,12.80
2009.03.23 10:54:50.383,1.31655,1.31675,8.00,1.60
2009.03.23 10:54:50.604,1.31655,1.31675,7.20,1.60
2009.03.23 10:54:50.774,1.3166,1.31675,7.20,1.60
2009.03.23 10:54:51.003,1.3166,1.31675,7.20,6.40
2009.03.23 10:54:52.123,1.31665,1.31675,7.20,1.60
2009.03.23 10:54:53.223,1.31665,1.31675,2.00,1.60
2009.03.23 10:54:53.553,1.31655,1.31675,14.40,6.40
2009.03.23 10:54:53.853,1.31655,1.31675,15.60,6.40
2009.03.23 10:54:54.253,1.31665,1.31675,4.60,1.60
2009.03.23 10:54:54.432,1.3167,1.3168,14.00,2.20
2009.03.23 10:54:54.653,1.3167,1.3168,7.60,2.20
2009.03.23 10:54:54.883,1.3167,1.31675,1.60,6.40
2009.03.23 10:54:55.112,1.3166,1.31675,1.60,6.40
2009.03.23 10:54:55.642,1.3166,1.31675,5.20,6.40
2009.03.23 10:54:55.822,1.3166,1.31675,8.40,6.40
2009.03.23 10:54:56.222,1.31665,1.31675,3.60,1.60
2009.03.23 10:54:56.602,1.3167,1.31675,1.40,1.60
2009.03.23 10:54:56.942,1.3167,1.3168,5.20,8.00
2009.03.23 10:54:57.332,1.31675,1.3169,3.60,1.60
2009.03.23 10:54:57.832,1.31675,1.31695,3.60,16.60
2009.03.23 10:54:58.471,1.31675,1.3169,3.60,8.00
2009.03.23 10:54:59.281,1.31675,1.31695,3.60,16.60
2009.03.23 10:54:59.621,1.3167,1.3169,8.40,6.20
2009.03.23 10:55:00.701,1.3167,1.3169,5.20,6.20
2009.03.23 10:55:00.991,1.3167,1.31685,5.20,1.40
2009.03.23 10:55:01.511,1.3167,1.3169,3.00,11.00
2009.03.23 10:55:01.782,1.3168,1.3169,1.40,1.40
2009.03.23 10:55:01.961,1.3168,1.3169,1.40,3.00
2009.03.23 10:55:02.580,1.3168,1.3169,2.20,3.00
2009.03.23 10:55:02.700,1.3168,1.3169,2.20,9.40
2009.03.23 10:55:03.041,1.3168,1.3169,2.20,11.00
2009.03.23 10:55:03.330,1.3168,1.3169,2.20,1.60
2009.03.23 10:55:04.500,1.3168,1.31695,2.20,6.40
2009.03.23 10:55:05.040,1.3169,1.31695,7.60,6.40
2009.03.23 10:55:05.210,1.3169,1.317,22.00,4.80
2009.03.23 10:55:05.330,1.31695,1.31705,3.20,13.20
2009.03.23 10:55:05.610,1.31695,1.31705,3.20,1.60
2009.03.23 10:55:05.950,1.31705,1.3172,3.20,3.20
2009.03.23 10:55:06.400,1.3171,1.3172,1.40,1.60
2009.03.23 10:55:06.799,1.3171,1.3172,1.40,9.60
2009.03.23 10:55:07.269,1.317,1.31715,11.00,6.40
2009.03.23 10:55:07.479,1.317,1.31715,5.20,6.40
2009.03.23 10:55:07.709,1.31705,1.3172,3.60,1.60
2009.03.23 10:55:09.579,1.31705,1.3172,3.60,1.40
2009.03.23 10:55:12.658,1.31705,1.3172,3.60,6.20
2009.03.23 10:55:16.847,1.317,1.3172,3.00,3.00
2009.03.23 10:55:17.027,1.317,1.31715,3.00,1.60
2009.03.23 10:55:17.197,1.317,1.31715,5.20,6.40
2009.03.23 10:55:17.417,1.317,1.31715,1.40,1.60
2009.03.23 10:55:23.265,1.317,1.31715,1.40,9.60
2009.03.23 10:55:24.005,1.317,1.3171,1.40,4.80
2009.03.23 10:55:25.245,1.317,1.31715,1.40,17.60
2009.03.23 10:55:26.845,1.317,1.3171,1.40,1.60
2009.03.23 10:55:28.884,1.317,1.31715,1.40,9.60
2009.03.23 10:55:30.843,1.317,1.3171,1.40,1.60
2009.03.23 10:55:38.592,1.317,1.31705,1.40,1.60
2009.03.23 10:55:38.712,1.317,1.3171,1.40,1.60
2009.03.23 10:55:47.930,1.31685,1.317,3.60,7.00
2009.03.23 10:55:48.049,1.3168,1.317,6.80,13.40
2009.03.23 10:55:50.189,1.3168,1.31695,6.80,1.60
2009.03.23 10:55:50.649,1.3168,1.317,6.80,13.40
2009.03.23 10:55:50.989,1.3168,1.31695,1.60,10.20
2009.03.23 10:55:51.329,1.3168,1.3169,1.60,14.40
2009.03.23 10:55:51.709,1.3168,1.31685,1.60,1.60
2009.03.23 10:55:55.508,1.3168,1.31685,1.60,9.60
2009.03.23 10:55:55.798,1.31675,1.3168,2.20,1.60
2009.03.23 10:55:56.148,1.31675,1.3169,3.60,6.40
2009.03.23 10:55:57.237,1.31675,1.3169,3.60,1.60
2009.03.23 10:55:57.577,1.31675,1.31695,3.60,10.20
2009.03.23 10:55:57.867,1.3167,1.3169,5.20,13.40
2009.03.23 10:56:01.736,1.3167,1.3169,6.80,11.20
2009.03.23 10:56:01.856,1.31675,1.3169,3.60,6.40
2009.03.23 10:56:04.035,1.31675,1.3169,3.60,7.40
2009.03.23 10:56:04.255,1.31665,1.31685,8.40,9.60
2009.03.23 10:56:04.545,1.31665,1.31685,6.80,11.20
2009.03.23 10:56:05.685,1.3168,1.31685,3.60,6.40
2009.03.23 10:56:05.865,1.3168,1.31685,5.20,1.60
2009.03.23 10:56:06.325,1.3168,1.31695,5.20,8.00
2009.03.23 10:56:16.213,1.3168,1.3169,5.20,1.40
2009.03.23 10:56:16.273,1.3168,1.3169,1.40,9.40
2009.03.23 10:56:16.503,1.3167,1.3169,7.80,9.40
2009.03.23 10:56:16.773,1.3167,1.3169,7.80,4.60
2009.03.23 10:56:17.122,1.3167,1.31685,4.60,9.40
2009.03.23 10:56:17.412,1.3167,1.31685,5.20,6.20
2009.03.23 10:56:17.822,1.3167,1.31675,1.40,1.40
2009.03.23 10:56:19.062,1.31665,1.31675,4.80,1.40
2009.03.23 10:56:19.472,1.31675,1.31685,6.80,8.00
2009.03.23 10:56:19.792,1.3169,1.317,3.60,9.60
2009.03.23 10:56:20.132,1.3169,1.31705,3.60,18.80
2009.03.23 10:56:20.482,1.31695,1.31705,3.60,6.80
2009.03.23 10:56:20.932,1.3169,1.317,4.80,11.20
2009.03.23 10:56:21.402,1.31675,1.3169,16.20,1.60
2009.03.23 10:56:21.911,1.31675,1.3169,8.40,1.60
2009.03.23 10:56:22.201,1.31675,1.31685,8.40,1.60
2009.03.23 10:56:22.661,1.317,1.31705,5.80,31.20
2009.03.23 10:56:22.881,1.3167,1.31685,6.50,9.60
2009.03.23 10:56:23.271,1.31655,1.31675,8.90,1.60
2009.03.23 10:56:23.621,1.31675,1.31685,5.80,11.50
2009.03.23 10:56:23.951,1.31635,1.3165,7.20,1.60
2009.03.23 10:56:24.341,1.31635,1.3166,9.40,5.60
2009.03.23 10:56:25.200,1.3166,1.31665,5.80,1.60
2009.03.23 10:56:25.540,1.3165,1.31665,9.40,6.40
2009.03.23 10:56:25.890,1.3165,1.3166,6.50,1.60
2009.03.23 10:56:26.230,1.3165,1.3166,6.50,1.60
2009.03.23 10:56:26.682,1.31665,1.3167,7.20,9.60
2009.03.23 10:56:27.010,1.31675,1.3168,3.20,8.00
2009.03.23 10:56:27.240,1.3168,1.31695,11.80,12.00
2009.03.23 10:56:27.470,1.31685,1.3169,3.60,8.00
2009.03.23 10:56:27.640,1.3168,1.3169,3.20,9.60
2009.03.23 10:56:28.030,1.3169,1.31695,3.60,11.20
2009.03.23 10:56:28.370,1.3168,1.31685,13.00,8.00
2009.03.23 10:56:28.730,1.31685,1.31705,8.80,8.80
2009.03.23 10:56:30.629,1.3168,1.31685,10.40,8.00
2009.03.23 10:56:30.859,1.3168,1.31685,17.60,8.00
2009.03.23 10:56:31.099,1.3168,1.31685,15.60,8.00
2009.03.23 10:56:31.379,1.3168,1.317,7.20,9.60
2009.03.23 10:56:32.079,1.3168,1.317,5.00,9.60
2009.03.23 10:56:32.479,1.31675,1.317,8.40,9.60
2009.03.23 10:56:32.699,1.31685,1.317,3.60,1.60
2009.03.23 10:56:32.928,1.31685,1.31705,8.80,6.40
2009.03.23 10:56:33.089,1.31685,1.31705,10.80,6.40
2009.03.23 10:56:33.878,1.31685,1.31705,16.80,6.40
2009.03.23 10:56:34.738,1.3169,1.31695,5.80,6.40
2009.03.23 10:56:35.068,1.31695,1.317,3.60,14.80
2009.03.23 10:56:35.459,1.31695,1.317,3.60,1.60
2009.03.23 10:56:35.818,1.3168,1.31705,16.20,9.60
2009.03.23 10:56:36.098,1.3168,1.317,13.00,1.60
2009.03.23 10:56:36.448,1.3168,1.317,5.80,1.60
2009.03.23 10:56:37.518,1.31685,1.317,5.80,1.60
2009.03.23 10:56:37.988,1.31695,1.317,3.60,1.60
2009.03.23 10:56:38.227,1.31695,1.31705,3.60,1.60
2009.03.23 10:56:38.807,1.3168,1.31695,9.60,1.60
2009.03.23 10:56:39.467,1.3168,1.317,5.20,1.60
2009.03.23 10:56:39.947,1.3168,1.317,11.20,1.60
2009.03.23 10:56:40.117,1.31685,1.317,5.80,1.60
2009.03.23 10:56:40.397,1.3168,1.317,5.20,1.60
2009.03.23 10:56:40.737,1.3168,1.317,11.20,1.60
2009.03.23 10:56:42.846,1.31675,1.317,14.40,1.60
2009.03.23 10:56:43.366,1.31675,1.317,14.40,3.80
2009.03.23 10:56:46.726,1.31675,1.317,8.40,3.80
2009.03.23 10:56:47.695,1.31675,1.31695,6.80,1.60
2009.03.23 10:56:48.035,1.31675,1.31695,1.60,1.60
2009.03.23 10:56:48.275,1.31675,1.3169,5.20,1.60
2009.03.23 10:56:48.615,1.31675,1.31685,1.60,1.60
2009.03.23 10:56:49.254,1.31675,1.3169,1.60,1.60
2009.03.23 10:56:49.535,1.31675,1.31685,1.60,1.60
2009.03.23 10:56:51.504,1.31675,1.3168,1.60,1.60
2009.03.23 10:56:51.964,1.3166,1.3167,11.60,1.60
2009.03.23 10:56:52.244,1.31665,1.3167,1.80,4.80
2009.03.23 10:56:52.534,1.3165,1.3167,3.00,6.40
2009.03.23 10:56:52.944,1.31655,1.31675,3.20,1.60
2009.03.23 10:56:53.284,1.31655,1.3167,3.60,1.60
2009.03.23 10:56:54.263,1.3166,1.3167,3.60,1.60
2009.03.23 10:56:54.663,1.31665,1.3167,3.60,1.60
2009.03.23 10:56:54.833,1.3166,1.3167,1.40,1.60
2009.03.23 10:56:55.113,1.3165,1.3167,4.60,1.60
2009.03.23 10:56:55.403,1.3165,1.31665,3.00,1.60
2009.03.23 10:56:55.973,1.3165,1.31665,4.60,1.60
2009.03.23 10:56:56.333,1.31655,1.3167,3.60,1.60
2009.03.23 10:56:57.463,1.31655,1.31675,3.60,9.60
2009.03.23 10:56:57.693,1.31655,1.3168,5.20,11.80
2009.03.23 10:56:58.143,1.31655,1.31675,3.60,1.40
2009.03.23 10:56:58.383,1.31665,1.3168,3.60,9.40
2009.03.23 10:56:58.662,1.3166,1.3168,1.60,8.60
2009.03.23 10:56:59.062,1.31655,1.31665,3.60,1.40
2009.03.23 10:56:59.232,1.3165,1.31665,3.00,9.40
2009.03.23 10:56:59.522,1.3165,1.3166,5.20,1.40
2009.03.23 10:57:00.962,1.3165,1.3166,3.60,6.20
2009.03.23 10:57:01.262,1.3164,1.31655,35.00,1.40
2009.03.23 10:57:01.482,1.31645,1.31655,3.20,1.40
2009.03.23 10:57:02.571,1.3165,1.31655,1.40,1.40
2009.03.23 10:57:03.131,1.3164,1.31655,20.40,1.40
2009.03.23 10:57:03.431,1.3164,1.31645,17.20,1.60
2009.03.23 10:57:03.721,1.3163,1.3164,5.80,6.40
2009.03.23 10:57:04.171,1.31625,1.31635,3.60,8.00
2009.03.23 10:57:04.581,1.31625,1.3164,3.60,14.20
2009.03.23 10:57:04.871,1.31635,1.3164,3.60,8.00
2009.03.23 10:57:05.171,1.31635,1.31645,3.60,8.00
2009.03.23 10:57:05.781,1.31635,1.3165,3.60,8.00
2009.03.23 10:57:05.961,1.31645,1.3165,3.20,8.00
2009.03.23 10:57:06.191,1.31645,1.3166,5.20,9.40
2009.03.23 10:57:06.831,1.31645,1.3166,5.20,8.00
2009.03.23 10:57:07.170,1.31655,1.31665,3.60,1.40
2009.03.23 10:57:07.520,1.31655,1.3166,3.60,1.40
2009.03.23 10:57:07.640,1.3165,1.3166,1.40,1.40
2009.03.23 10:57:07.920,1.3165,1.3166,1.40,9.40
2009.03.23 10:57:08.280,1.31645,1.3165,1.80,2.20
2009.03.23 10:57:08.690,1.3163,1.31645,1.60,1.40
2009.03.23 10:57:09.040,1.31645,1.31655,3.20,8.00
2009.03.23 10:57:09.430,1.31635,1.31645,8.00,1.60
2009.03.23 10:57:09.590,1.3163,1.3164,1.60,8.00
2009.03.23 10:57:09.820,1.3163,1.31645,1.00,9.60
2009.03.23 10:57:10.120,1.31625,1.31645,6.80,9.60
2009.03.23 10:57:10.350,1.31625,1.31645,8.40,8.00
2009.03.23 10:57:10.740,1.31625,1.3164,8.40,8.00
2009.03.23 10:57:11.079,1.3164,1.3165,1.60,13.90
2009.03.23 10:57:11.469,1.3162,1.3164,12.40,8.00
2009.03.23 10:57:12.099,1.3163,1.3164,3.60,8.00
2009.03.23 10:57:12.389,1.3163,1.31645,3.60,14.40
2009.03.23 10:57:12.679,1.3163,1.31645,3.00,8.00
2009.03.23 10:57:12.899,1.31635,1.31645,3.60,8.00
2009.03.23 10:57:13.019,1.3163,1.31645,3.00,9.60
2009.03.23 10:57:13.199,1.3163,1.31645,3.00,1.60
2009.03.23 10:57:14.269,1.31625,1.31645,15.80,6.40
2009.03.23 10:57:14.719,1.3163,1.31645,3.00,1.60
2009.03.23 10:57:15.128,1.31635,1.31645,3.60,1.60
2009.03.23 10:57:15.938,1.3163,1.31645,3.00,1.60
2009.03.23 10:57:16.158,1.31625,1.3164,20.20,1.60
2009.03.23 10:57:16.558,1.31625,1.3164,17.40,1.60
2009.03.23 10:57:16.788,1.31625,1.3164,15.80,1.60
2009.03.23 10:57:17.110,1.31625,1.3164,14.20,1.60
2009.03.23 10:57:17.508,1.3163,1.3164,1.40,1.60
2009.03.23 10:57:18.657,1.3163,1.31645,3.00,1.60
2009.03.23 10:57:19.517,1.3163,1.3164,3.00,1.40
2009.03.23 10:57:19.977,1.3163,1.3164,5.20,1.40
2009.03.23 10:57:21.507,1.3163,1.3164,1.40,1.40
2009.03.23 10:57:21.687,1.3162,1.3164,34.00,1.40
2009.03.23 10:57:21.957,1.3163,1.3164,1.40,9.40
2009.03.23 10:57:24.386,1.31635,1.31645,3.60,9.60
2009.03.23 10:57:24.906,1.3163,1.31645,5.20,9.60
2009.03.23 10:57:25.246,1.3163,1.31645,3.00,8.00
2009.03.23 10:57:25.526,1.31635,1.3165,2.20,9.60
2009.03.23 10:57:25.706,1.31635,1.31645,2.20,1.60
2009.03.23 10:57:25.876,1.31635,1.31645,2.20,9.60
2009.03.23 10:57:26.156,1.31625,1.31635,3.60,9.60
2009.03.23 10:57:26.496,1.31625,1.3163,3.60,8.00
2009.03.23 10:57:27.735,1.3162,1.3163,3.00,8.00
2009.03.23 10:57:28.065,1.3162,1.3163,5.20,8.00
2009.03.23 10:57:28.415,1.3162,1.31625,5.20,8.00
2009.03.23 10:57:29.065,1.3161,1.31625,3.80,1.20
2009.03.23 10:57:29.475,1.3161,1.31615,1.40,8.00
2009.03.23 10:57:29.755,1.3161,1.3162,1.40,13.60
2009.03.23 10:57:30.325,1.31605,1.31615,1.60,8.80
2009.03.23 10:57:30.545,1.31605,1.3162,1.00,16.80
2009.03.23 10:57:30.985,1.3159,1.31605,7.20,8.00
2009.03.23 10:57:31.385,1.31595,1.31605,5.00,8.00
2009.03.23 10:57:31.624,1.316,1.3161,7.20,1.00
2009.03.23 10:57:31.854,1.316,1.3162,3.60,8.00
2009.03.23 10:57:32.834,1.3161,1.31625,3.60,8.80
2009.03.23 10:57:33.174,1.316,1.3162,3.60,1.00
2009.03.23 10:57:33.984,1.316,1.3162,8.80,2.40
2009.03.23 10:57:36.394,1.31615,1.3163,3.00,1.60
2009.03.23 10:57:36.743,1.3161,1.31625,3.00,1.60
2009.03.23 10:57:37.073,1.3161,1.31625,5.20,1.60
2009.03.23 10:57:37.303,1.31615,1.3163,3.60,6.40
2009.03.23 10:57:37.423,1.31615,1.31635,3.60,16.60
2009.03.23 10:57:37.723,1.31615,1.31635,3.60,8.60
2009.03.23 10:57:38.023,1.31615,1.3163,3.60,1.60
2009.03.23 10:57:39.512,1.3161,1.31625,4.60,1.60
2009.03.23 10:57:39.862,1.3161,1.3163,4.60,1.60
2009.03.23 10:57:40.202,1.31615,1.3163,3.60,1.60
2009.03.23 10:57:42.172,1.3161,1.3163,6.80,13.40
2009.03.23 10:57:42.462,1.3161,1.3163,5.20,13.40
2009.03.23 10:57:43.772,1.3161,1.31625,5.20,1.60
2009.03.23 10:57:44.062,1.3161,1.3162,1.40,1.60
2009.03.23 10:57:44.711,1.31615,1.3162,3.60,1.60
2009.03.23 10:57:45.001,1.31615,1.31625,5.20,1.60
2009.03.23 10:57:45.171,1.3161,1.31625,7.60,6.40
2009.03.23 10:57:45.411,1.3161,1.3162,3.00,1.60
2009.03.23 10:57:45.881,1.3161,1.3162,5.20,1.60
2009.03.23 10:57:46.281,1.31605,1.3162,5.20,1.60
2009.03.23 10:57:46.741,1.3161,1.3162,5.20,1.60
2009.03.23 10:57:47.770,1.3161,1.3162,1.40,1.60
2009.03.23 10:57:49.620,1.3161,1.3162,5.20,1.60
2009.03.23 10:57:52.419,1.3161,1.31625,5.20,1.60
2009.03.23 10:57:52.699,1.31615,1.31625,3.60,1.60
2009.03.23 10:57:52.929,1.31615,1.3163,5.20,1.60
2009.03.23 10:57:53.219,1.3161,1.3163,12.60,11.20
2009.03.23 10:57:53.509,1.3161,1.3163,11.00,11.20
2009.03.23 10:57:53.789,1.3161,1.31625,8.40,6.00
2009.03.23 10:57:54.649,1.31625,1.3164,3.60,13.20
2009.03.23 10:57:54.829,1.31625,1.3164,8.40,1.20
2009.03.23 10:57:55.099,1.3163,1.3164,3.00,1.20
2009.03.23 10:57:55.319,1.31625,1.31645,4.60,1.20
2009.03.23 10:57:55.490,1.31635,1.31645,4.80,1.20
2009.03.23 10:57:55.889,1.3164,1.31645,1.40,1.20
2009.03.23 10:57:56.349,1.3163,1.3164,5.20,1.20
2009.03.23 10:57:56.748,1.3163,1.3164,8.40,1.20
2009.03.23 10:57:57.228,1.3164,1.31655,3.60,6.00
2009.03.23 10:57:57.798,1.31655,1.31665,5.20,11.60
2009.03.23 10:57:58.038,1.31655,1.31665,2.20,9.20
2009.03.23 10:57:58.488,1.3163,1.31655,8.40,6.00
2009.03.23 10:57:58.828,1.3163,1.3165,6.80,1.20
2009.03.23 10:57:59.178,1.31625,1.31645,3.60,6.40
2009.03.23 10:57:59.577,1.31645,1.31655,3.60,5.60
2009.03.23 10:57:59.868,1.31635,1.3164,1.60,1.60
2009.03.23 10:58:00.107,1.31625,1.3163,11.40,1.20
2009.03.23 10:58:00.327,1.31625,1.3163,7.40,1.20
2009.03.23 10:58:00.597,1.31615,1.3163,13.20,1.20
2009.03.23 10:58:00.937,1.3162,1.31635,3.60,6.00
2009.03.23 10:58:02.147,1.3162,1.31645,5.20,14.00
2009.03.23 10:58:02.657,1.3162,1.31645,11.20,6.00
2009.03.23 10:58:02.877,1.31625,1.3164,3.60,6.00
2009.03.23 10:58:03.947,1.3163,1.31645,3.60,6.00
2009.03.23 10:58:07.406,1.3163,1.31645,6.80,1.20
2009.03.23 10:58:07.645,1.3163,1.31645,5.20,6.00
2009.03.23 10:58:07.886,1.3163,1.31645,3.60,1.20
2009.03.23 10:58:08.236,1.31635,1.3165,1.60,3.20
2009.03.23 10:58:08.397,1.31635,1.3165,7.40,3.20
2009.03.23 10:58:08.685,1.31635,1.3165,10.80,3.20
2009.03.23 10:58:08.956,1.3164,1.3165,3.60,1.60
2009.03.23 10:58:09.075,1.31635,1.3165,8.80,6.40
2009.03.23 10:58:09.305,1.31635,1.3164,5.00,1.60
2009.03.23 10:58:09.755,1.3163,1.3164,3.60,1.60
2009.03.23 10:58:10.215,1.31615,1.3163,3.60,1.60
2009.03.23 10:58:19.483,1.31615,1.31625,3.60,1.60
2009.03.23 10:58:23.132,1.31615,1.31625,14.60,1.60
2009.03.23 10:58:23.422,1.31625,1.3163,3.60,1.40
2009.03.23 10:58:23.652,1.31625,1.31635,3.60,1.40
2009.03.23 10:58:24.392,1.31625,1.3164,3.60,6.20
2009.03.23 10:58:24.722,1.31625,1.31635,3.60,1.40
2009.03.23 10:58:25.002,1.31625,1.3164,3.60,6.40
2009.03.23 10:58:25.341,1.31625,1.31635,3.60,1.40
2009.03.23 10:58:26.661,1.3163,1.31635,5.20,1.60
2009.03.23 10:58:26.941,1.3163,1.3164,5.20,1.60
2009.03.23 10:58:27.471,1.3163,1.31645,12.40,1.60
2009.03.23 10:58:27.591,1.3163,1.31645,18.20,1.60
2009.03.23 10:58:27.761,1.31635,1.31645,3.60,1.60
2009.03.23 10:58:27.881,1.31635,1.31645,5.20,1.60
2009.03.23 10:58:28.101,1.31635,1.31645,7.20,1.60
2009.03.23 10:58:28.390,1.31635,1.31645,3.60,1.60
2009.03.23 10:58:28.510,1.31635,1.31645,2.00,1.40
2009.03.23 10:58:31.370,1.31635,1.31645,2.00,3.00
2009.03.23 10:58:31.490,1.31635,1.3164,2.00,1.40
2009.03.23 10:58:31.660,1.31635,1.3164,2.00,6.20
2009.03.23 10:58:31.900,1.31625,1.31635,14.00,1.40
2009.03.23 10:58:32.190,1.31625,1.31635,12.40,1.40
2009.03.23 10:58:32.820,1.31625,1.31635,10.80,1.40
2009.03.23 10:58:33.699,1.31625,1.3163,7.20,6.40
2009.03.23 10:58:33.799,1.3162,1.3163,5.40,6.40
2009.03.23 10:58:34.029,1.31615,1.3163,12.40,1.60
2009.03.23 10:58:34.249,1.31615,1.31635,12.40,11.20
2009.03.23 10:58:34.529,1.3161,1.31625,22.60,4.80
2009.03.23 10:58:34.759,1.3162,1.31625,3.60,1.60
2009.03.23 10:58:35.099,1.3161,1.31625,14.00,1.60
2009.03.23 10:58:35.219,1.3161,1.31625,3.60,1.60
2009.03.23 10:58:35.439,1.3161,1.31625,3.60,6.40
2009.03.23 10:58:36.768,1.3161,1.31625,3.60,4.80
2009.03.23 10:58:37.219,1.316,1.3161,17.80,4.80
2009.03.23 10:58:37.398,1.316,1.3161,13.40,2.40
2009.03.23 10:58:37.519,1.316,1.3161,10.20,1.00
2009.03.23 10:58:37.688,1.316,1.3162,4.80,4.80
2009.03.23 10:58:37.918,1.316,1.31615,1.80,1.60
2009.03.23 10:58:38.378,1.31595,1.31615,5.80,1.60
2009.03.23 10:58:38.618,1.316,1.31615,4.60,1.60
2009.03.23 10:58:38.898,1.31605,1.31615,3.60,1.60
2009.03.23 10:58:39.188,1.31605,1.3162,3.60,1.60
2009.03.23 10:58:41.567,1.31605,1.31625,3.60,6.40
2009.03.23 10:58:43.367,1.31605,1.3162,3.60,6.00
2009.03.23 10:58:44.327,1.31605,1.31615,3.60,1.20
2009.03.23 10:58:44.727,1.3161,1.3162,3.60,9.20
2009.03.23 10:58:44.897,1.3161,1.31625,3.60,14.00
2009.03.23 10:58:45.067,1.31605,1.31615,3.60,1.20
2009.03.23 10:58:45.347,1.31605,1.31615,5.80,1.20
2009.03.23 10:58:45.526,1.31605,1.3162,5.80,6.00
2009.03.23 10:58:45.746,1.31605,1.31615,5.80,1.20
2009.03.23 10:58:46.017,1.31605,1.3162,3.60,6.00
2009.03.23 10:58:46.256,1.31605,1.3161,3.60,4.80
2009.03.23 10:58:46.706,1.31605,1.3161,3.60,1.20
2009.03.23 10:58:47.046,1.316,1.3161,1.40,1.20
2009.03.23 10:58:47.706,1.316,1.3161,3.00,1.20
2009.03.23 10:58:47.996,1.316,1.31615,3.00,1.60
2009.03.23 10:58:48.336,1.31605,1.31615,3.60,1.60
2009.03.23 10:58:50.475,1.316,1.3161,1.40,1.60
2009.03.23 10:58:50.755,1.31595,1.31605,5.80,1.60
2009.03.23 10:58:51.035,1.316,1.31605,1.40,1.60
2009.03.23 10:58:51.445,1.316,1.3161,1.40,1.60
2009.03.23 10:58:52.825,1.316,1.3161,3.00,1.60
2009.03.23 10:58:53.285,1.316,1.3161,1.40,1.60
2009.03.23 10:58:53.514,1.316,1.3161,5.20,1.60
2009.03.23 10:58:53.745,1.316,1.3161,4.60,1.60
2009.03.23 10:58:56.244,1.31605,1.31615,6.80,1.60
2009.03.23 10:58:56.754,1.31605,1.31615,15.60,8.00
2009.03.23 10:58:57.134,1.3161,1.31615,7.20,8.00
2009.03.23 10:58:57.984,1.3161,1.31625,7.20,8.00
2009.03.23 10:58:58.483,1.3161,1.3163,7.20,9.60
2009.03.23 10:58:58.883,1.3161,1.3162,7.20,4.80
2009.03.23 10:58:59.123,1.31605,1.3162,14.40,13.60
2009.03.23 10:58:59.463,1.31605,1.3162,14.00,13.60
2009.03.23 10:59:02.842,1.31605,1.3162,14.00,5.60
2009.03.23 10:59:03.802,1.31605,1.3162,14.00,4.80
2009.03.23 10:59:04.082,1.31605,1.31625,10.80,1.60
2009.03.23 10:59:04.252,1.31605,1.31615,10.80,8.00
2009.03.23 10:59:04.532,1.31605,1.31615,3.60,8.00
2009.03.23 10:59:04.804,1.316,1.3161,8.40,1.60
2009.03.23 10:59:05.142,1.316,1.31615,5.20,1.60
2009.03.23 10:59:05.831,1.316,1.31615,8.40,1.60
2009.03.23 10:59:07.101,1.3161,1.31615,3.60,1.60
2009.03.23 10:59:07.271,1.31605,1.31615,3.60,1.60
2009.03.23 10:59:08.461,1.31605,1.3162,3.60,1.60
2009.03.23 10:59:09.381,1.31605,1.31615,3.60,1.60
2009.03.23 10:59:09.671,1.3161,1.31615,5.20,1.60
2009.03.23 10:59:09.781,1.3161,1.3162,5.20,1.60
2009.03.23 10:59:15.030,1.3161,1.31625,5.20,1.60
2009.03.23 10:59:15.789,1.3161,1.31625,8.40,1.60
2009.03.23 10:59:17.479,1.3161,1.31625,6.80,1.60
2009.03.23 10:59:17.809,1.3161,1.31625,5.20,1.60
2009.03.23 10:59:23.437,1.3161,1.31625,1.40,1.60
2009.03.23 10:59:23.707,1.3161,1.31625,1.40,9.60
2009.03.23 10:59:23.867,1.3161,1.31625,1.40,1.60
2009.03.23 10:59:24.197,1.3161,1.3162,5.20,1.60
2009.03.23 10:59:25.887,1.31615,1.3163,3.60,19.20
2009.03.23 10:59:26.167,1.3163,1.3164,3.60,13.60
2009.03.23 10:59:26.497,1.31635,1.31645,1.60,1.60
2009.03.23 10:59:26.846,1.3163,1.3164,11.00,1.60
2009.03.23 10:59:27.256,1.3162,1.3163,13.00,1.60
2009.03.23 10:59:27.647,1.31615,1.3163,10.80,1.60
2009.03.23 10:59:27.876,1.31615,1.3163,3.60,1.60
2009.03.23 10:59:28.866,1.3162,1.31635,3.60,6.40
2009.03.23 10:59:29.336,1.3162,1.31635,10.80,6.40
2009.03.23 10:59:30.347,1.3162,1.3163,7.20,1.60
2009.03.23 10:59:30.755,1.3162,1.3163,7.20,1.20
2009.03.23 10:59:31.026,1.31615,1.3163,5.40,1.20
2009.03.23 10:59:31.135,1.31615,1.3163,3.60,1.20
2009.03.23 10:59:31.315,1.31615,1.31625,3.60,1.20
2009.03.23 10:59:31.545,1.3161,1.31625,8.80,6.00
2009.03.23 10:59:31.656,1.3161,1.3162,3.60,1.20
2009.03.23 10:59:31.995,1.3161,1.3162,5.20,1.20
2009.03.23 10:59:32.385,1.3161,1.31625,5.20,6.00
2009.03.23 10:59:32.735,1.31615,1.31625,3.60,1.20
2009.03.23 10:59:33.015,1.31615,1.3163,3.60,10.80
2009.03.23 10:59:33.305,1.31615,1.3163,3.60,1.20
2009.03.23 10:59:33.935,1.31615,1.31635,5.20,1.20
2009.03.23 10:59:34.265,1.31615,1.31635,14.40,1.20
2009.03.23 10:59:34.614,1.31615,1.31635,12.80,1.20
2009.03.23 10:59:35.005,1.3162,1.31635,7.20,1.20
2009.03.23 10:59:35.354,1.3162,1.31635,2.00,1.20
2009.03.23 10:59:35.524,1.31615,1.31635,10.80,1.20
2009.03.23 10:59:35.804,1.31615,1.31635,10.80,9.20
2009.03.23 10:59:37.324,1.31615,1.31625,10.80,1.60
2009.03.23 10:59:37.444,1.31615,1.31625,3.60,1.60
2009.03.23 10:59:38.634,1.31615,1.3163,3.60,1.60
2009.03.23 10:59:42.163,1.31615,1.31625,3.60,1.60
2009.03.23 10:59:50.671,1.31625,1.3164,12.40,9.60
2009.03.23 10:59:50.841,1.31635,1.31645,10.80,4.80
2009.03.23 10:59:51.120,1.3163,1.31645,3.40,8.00
2009.03.23 10:59:51.350,1.3164,1.31645,7.20,8.00
2009.03.23 10:59:51.630,1.3164,1.31655,7.20,6.20
2009.03.23 10:59:52.150,1.31635,1.31655,12.80,6.20
2009.03.23 10:59:52.320,1.31635,1.31655,10.80,6.20
2009.03.23 10:59:52.490,1.3164,1.31655,5.80,6.20
2009.03.23 10:59:56.819,1.31645,1.3166,3.60,2.60
2009.03.23 10:59:56.989,1.31655,1.3167,3.60,20.80
2009.03.23 10:59:57.259,1.31655,1.3167,9.60,16.00
2009.03.23 10:59:57.439,1.31655,1.3167,9.60,9.60
2009.03.23 10:59:57.619,1.31655,1.3167,9.60,14.40
2009.03.23 10:59:57.969,1.3165,1.31665,7.20,6.40
2009.03.23 10:59:58.029,1.3165,1.31665,5.00,6.40
2009.03.23 10:59:58.379,1.31645,1.31665,10.80,6.40
2009.03.23 10:59:58.559,1.31645,1.31665,10.80,14.40
2009.03.23 10:59:58.839,1.31645,1.31665,12.40,4.80
2009.03.23 10:59:59.138,1.3165,1.31665,3.60,8.00
2009.03.23 10:59:59.428,1.3165,1.3167,10.80,1.60
