2016.01.27 20:00:00.242,1.29414,1.29421,1.12,1.00
2016.01.27 20:00:00.547,1.29413,1.29415,1.00,1.00
2016.01.27 20:00:00.750,1.29399,1.29404,1.00,1.24
2016.01.27 20:00:00.852,1.29394,1.29399,1.00,1.24
2016.01.27 20:00:01.107,1.29384,1.29395,3.15,2.17
2016.01.27 20:00:01.210,1.29384,1.29396,3.90,1.24
2016.01.27 20:00:01.313,1.29388,1.29397,4.27,1.67
2016.01.27 20:00:01.416,1.29388,1.29398,1.00,1.67
2016.01.27 20:00:01.520,1.29387,1.29395,1.00,1.84
2016.01.27 20:00:01.934,1.29387,1.29396,1.00,1.77
2016.01.27 20:00:02.442,1.29387,1.29399,2.29,1.09
2016.01.27 20:00:02.855,1.29388,1.29394,4.72,1.00
2016.01.27 20:00:03.284,1.29394,1.29398,1.41,1.00
2016.01.27 20:00:03.640,1.29393,1.29402,4.35,1.00
2016.01.27 20:00:03.742,1.29393,1.29399,4.35,1.00
2016.01.27 20:00:04.303,1.29391,1.29398,1.00,1.00
2016.01.27 20:00:04.355,1.29389,1.29398,1.12,1.00
2016.01.27 20:00:04.920,1.29389,1.29398,1.41,1.00
2016.01.27 20:00:05.437,1.2939,1.29397,1.00,1.00
2016.01.27 20:00:06.132,1.29389,1.29397,1.87,1.00
2016.01.27 20:00:06.781,1.2939,1.29395,2.06,1.00
2016.01.27 20:00:06.832,1.2939,1.294,2.81,1.87
2016.01.27 20:00:06.985,1.2939,1.29402,2.81,1.25
2016.01.27 20:00:07.137,1.29391,1.29403,4.50,2.06
2016.01.27 20:00:07.672,1.29391,1.29403,4.50,3.49
2016.01.27 20:00:08.019,1.29391,1.294,3.75,1.37
2016.01.27 20:00:08.536,1.2939,1.294,4.50,1.00
2016.01.27 20:00:09.296,1.29391,1.29401,1.56,1.00
2016.01.27 20:00:09.753,1.2939,1.29401,1.87,1.49
2016.01.27 20:00:09.906,1.2939,1.29397,1.50,1.00
2016.01.27 20:00:10.546,1.2939,1.29397,1.56,1.00
2016.01.27 20:00:10.989,1.2939,1.29395,1.56,1.00
2016.01.27 20:00:11.717,1.2939,1.29394,1.56,1.00
2016.01.27 20:00:12.243,1.2939,1.29394,1.00,1.00
2016.01.27 20:00:12.548,1.2939,1.29392,1.00,1.00
2016.01.27 20:00:12.650,1.29388,1.29391,1.00,1.00
2016.01.27 20:00:12.935,1.29388,1.2939,1.00,1.00
2016.01.27 20:00:12.987,1.29383,1.29389,3.19,1.00
2016.01.27 20:00:13.796,1.29383,1.29389,2.06,1.00
2016.01.27 20:00:14.334,1.29384,1.2939,1.00,1.00
2016.01.27 20:00:14.841,1.29385,1.29391,1.12,1.24
2016.01.27 20:00:15.487,1.29385,1.29388,1.00,1.00
2016.01.27 20:00:16.002,1.29382,1.29387,3.75,1.00
2016.01.27 20:00:16.437,1.2938,1.29388,3.94,1.00
2016.01.27 20:00:16.488,1.2938,1.29386,1.69,1.00
2016.01.27 20:00:16.792,1.2938,1.29384,1.69,1.00
2016.01.27 20:00:17.616,1.29378,1.29383,4.50,1.00
2016.01.27 20:00:18.232,1.2938,1.29382,1.00,1.00
2016.01.27 20:00:18.334,1.29376,1.29382,1.51,1.00
2016.01.27 20:00:18.570,1.29375,1.29379,3.57,1.00
2016.01.27 20:00:18.624,1.29371,1.29378,5.44,1.00
2016.01.27 20:00:19.031,1.29371,1.29378,1.13,1.00
2016.01.27 20:00:19.436,1.29371,1.29375,1.12,1.00
2016.01.27 20:00:19.938,1.29371,1.29374,1.00,1.00
2016.01.27 20:00:19.989,1.29371,1.29377,1.00,1.00
2016.01.27 20:00:20.566,1.29371,1.29378,1.00,1.00
2016.01.27 20:00:21.071,1.29369,1.29378,1.41,1.00
2016.01.27 20:00:21.598,1.2937,1.29379,1.91,1.00
2016.01.27 20:00:22.122,1.2937,1.29379,2.28,1.00
2016.01.27 20:00:22.449,1.29376,1.29383,1.00,4.50
2016.01.27 20:00:22.754,1.29374,1.29382,1.05,1.00
2016.01.27 20:00:23.302,1.29375,1.29383,1.00,1.00
2016.01.27 20:00:24.487,1.29372,1.29383,4.72,1.00
2016.01.27 20:00:25.529,1.29373,1.29383,5.13,1.00
2016.01.27 20:00:25.580,1.29375,1.29383,1.00,1.00
2016.01.27 20:00:26.090,1.29375,1.29384,1.00,1.00
2016.01.27 20:00:26.664,1.29377,1.29386,1.00,1.00
2016.01.27 20:00:27.345,1.29377,1.29387,1.50,1.31
2016.01.27 20:00:27.887,1.29378,1.29387,1.00,1.31
2016.01.27 20:00:28.898,1.29377,1.29386,1.00,3.75
2016.01.27 20:00:29.000,1.29376,1.29387,1.00,1.56
2016.01.27 20:00:29.153,1.29378,1.29387,1.00,1.56
2016.01.27 20:00:29.789,1.29375,1.29384,1.00,1.00
2016.01.27 20:00:30.093,1.29373,1.29384,2.25,1.56
2016.01.27 20:00:30.144,1.29373,1.29379,1.50,1.00
2016.01.27 20:00:30.448,1.29371,1.29379,1.00,1.00
2016.01.27 20:00:30.948,1.29373,1.29379,1.00,1.00
2016.01.27 20:00:31.455,1.29372,1.2938,1.00,1.00
2016.01.27 20:00:31.560,1.2937,1.29379,1.12,1.00
2016.01.27 20:00:32.447,1.29374,1.29381,1.00,1.00
2016.01.27 20:00:32.817,1.29379,1.29384,1.00,1.00
2016.01.27 20:00:33.224,1.29379,1.29386,1.00,1.31
2016.01.27 20:00:34.079,1.29378,1.29387,1.00,1.56
2016.01.27 20:00:34.130,1.2938,1.29387,1.00,1.56
2016.01.27 20:00:34.643,1.2938,1.29387,1.00,1.00
2016.01.27 20:00:34.744,1.29377,1.29386,1.00,1.56
2016.01.27 20:00:35.528,1.29378,1.29384,1.00,1.00
2016.01.27 20:00:36.053,1.29377,1.29386,1.00,1.00
2016.01.27 20:00:36.565,1.29377,1.29386,1.00,1.69
2016.01.27 20:00:37.104,1.29377,1.29384,1.00,1.00
2016.01.27 20:00:37.611,1.29375,1.29384,1.00,1.31
2016.01.27 20:00:37.712,1.29375,1.2938,1.00,1.00
2016.01.27 20:00:38.437,1.29373,1.29379,1.00,1.00
2016.01.27 20:00:38.843,1.29372,1.29377,1.00,1.00
2016.01.27 20:00:39.299,1.2937,1.29377,1.16,1.00
2016.01.27 20:00:40.381,1.29371,1.29377,1.00,1.00
2016.01.27 20:00:41.294,1.29371,1.29378,1.00,1.00
2016.01.27 20:00:41.722,1.29368,1.29378,1.31,1.00
2016.01.27 20:00:41.773,1.29368,1.29375,1.00,1.00
2016.01.27 20:00:42.870,1.29368,1.29373,1.00,1.00
2016.01.27 20:00:43.125,1.29364,1.29373,1.12,1.00
2016.01.27 20:00:43.227,1.29364,1.29371,1.00,1.00
2016.01.27 20:00:43.961,1.29365,1.29372,1.00,1.00
2016.01.27 20:00:44.417,1.29365,1.29374,4.50,1.00
2016.01.27 20:00:44.721,1.29369,1.29374,1.00,1.00
2016.01.27 20:00:44.873,1.29362,1.29374,2.85,1.00
2016.01.27 20:00:45.284,1.29367,1.29374,1.30,1.00
2016.01.27 20:00:45.539,1.29365,1.29376,2.85,1.00
2016.01.27 20:00:45.855,1.29368,1.29376,1.30,1.00
2016.01.27 20:00:46.378,1.29368,1.29377,1.30,1.00
2016.01.27 20:00:46.685,1.29372,1.29378,1.30,1.00
2016.01.27 20:00:46.889,1.2937,1.29378,1.30,1.00
2016.01.27 20:00:46.940,1.29374,1.29378,1.30,1.00
2016.01.27 20:00:47.172,1.29366,1.29376,2.62,1.00
2016.01.27 20:00:47.427,1.29362,1.29373,3.30,1.00
2016.01.27 20:00:47.529,1.29365,1.29376,1.80,1.50
2016.01.27 20:00:47.580,1.29367,1.29377,1.12,1.50
2016.01.27 20:00:47.884,1.29367,1.29379,1.12,1.12
2016.01.27 20:00:48.444,1.29366,1.29378,4.42,1.00
2016.01.27 20:00:48.545,1.29369,1.29379,1.00,1.00
2016.01.27 20:00:48.849,1.29372,1.2938,1.00,1.12
2016.01.27 20:00:50.045,1.2937,1.2938,1.00,1.00
2016.01.27 20:00:50.146,1.2937,1.29378,1.00,1.00
2016.01.27 20:00:50.480,1.2937,1.29376,1.00,1.00
2016.01.27 20:00:50.632,1.29366,1.29377,1.00,1.00
2016.01.27 20:00:50.835,1.29368,1.29379,1.80,1.12
2016.01.27 20:00:51.140,1.2937,1.2938,1.80,1.87
2016.01.27 20:00:51.383,1.2937,1.29381,1.80,2.25
2016.01.27 20:00:51.690,1.29368,1.29381,1.80,2.60
2016.01.27 20:00:52.247,1.29366,1.29378,1.12,1.35
2016.01.27 20:00:52.674,1.29366,1.29374,1.00,1.00
2016.01.27 20:00:53.194,1.29365,1.29376,1.00,1.48
2016.01.27 20:00:53.792,1.29363,1.29373,2.70,1.00
2016.01.27 20:00:54.300,1.29363,1.29375,1.95,1.48
2016.01.27 20:00:54.789,1.29363,1.29373,1.95,1.07
2016.01.27 20:00:54.891,1.29361,1.29371,3.45,1.10
2016.01.27 20:00:55.095,1.2936,1.2937,1.00,1.43
2016.01.27 20:00:55.596,1.29356,1.29367,1.00,1.10
2016.01.27 20:00:55.830,1.29355,1.29367,2.62,3.54
2016.01.27 20:00:56.133,1.29358,1.29368,1.00,1.12
2016.01.27 20:00:56.818,1.2936,1.29371,1.12,4.29
2016.01.27 20:00:57.123,1.29362,1.29371,1.00,3.91
2016.01.27 20:00:57.652,1.29361,1.29371,1.00,4.29
2016.01.27 20:00:58.194,1.29362,1.29371,1.00,4.12
2016.01.27 20:00:58.550,1.29364,1.29371,1.00,4.12
2016.01.27 20:00:59.262,1.29364,1.2937,1.00,3.75
2016.01.27 20:00:59.826,1.29368,1.29373,1.50,5.25
2016.01.27 20:00:59.929,1.29374,1.29383,5.25,4.50
2016.01.27 20:00:59.980,1.29378,1.29382,1.00,2.62
2016.01.27 20:01:00.311,1.29378,1.29388,1.00,3.75
2016.01.27 20:01:00.974,1.29377,1.29388,1.00,4.74
2016.01.27 20:01:01.198,1.29374,1.29387,4.57,1.43
2016.01.27 20:01:01.401,1.29378,1.29388,1.00,1.12
2016.01.27 20:01:01.554,1.29379,1.29391,2.70,1.55
2016.01.27 20:01:01.707,1.29381,1.29392,2.70,2.25
2016.01.27 20:01:02.093,1.29385,1.29392,2.70,2.25
2016.01.27 20:01:02.476,1.29381,1.2939,1.00,3.27
2016.01.27 20:01:02.679,1.29378,1.2939,1.00,4.77
2016.01.27 20:01:02.882,1.29376,1.2939,1.12,3.64
2016.01.27 20:01:03.207,1.2938,1.29391,1.00,3.28
2016.01.27 20:01:03.260,1.29381,1.29393,1.00,3.66
2016.01.27 20:01:03.665,1.29381,1.29393,1.50,2.94
2016.01.27 20:01:04.227,1.29382,1.29395,2.14,1.50
2016.01.27 20:01:04.329,1.29383,1.29395,3.45,1.12
2016.01.27 20:01:05.104,1.29383,1.29396,3.45,1.50
2016.01.27 20:01:05.605,1.29383,1.29396,3.45,1.87
2016.01.27 20:01:06.127,1.29385,1.29396,3.45,1.87
2016.01.27 20:01:06.784,1.29385,1.29398,3.45,1.87
2016.01.27 20:01:07.292,1.29386,1.29398,3.45,2.25
2016.01.27 20:01:08.026,1.29386,1.29398,3.45,1.50
2016.01.27 20:01:08.077,1.29385,1.29398,1.26,4.13
2016.01.27 20:01:08.869,1.29385,1.29398,1.26,4.88
2016.01.27 20:01:09.242,1.29386,1.29398,1.76,1.00
2016.01.27 20:01:09.784,1.29387,1.294,1.01,2.62
2016.01.27 20:01:10.431,1.29387,1.294,1.39,1.12
2016.01.27 20:01:10.975,1.29388,1.29401,1.00,3.00
2016.01.27 20:01:11.505,1.29387,1.29401,1.39,3.38
2016.01.27 20:01:11.868,1.29389,1.294,1.00,2.25
2016.01.27 20:01:12.481,1.29388,1.294,3.11,2.25
2016.01.27 20:01:12.832,1.29392,1.29402,1.00,2.63
2016.01.27 20:01:13.136,1.29395,1.29403,1.15,1.37
2016.01.27 20:01:14.061,1.29392,1.294,1.00,1.37
2016.01.27 20:01:14.121,1.29391,1.29401,1.00,3.75
2016.01.27 20:01:14.173,1.29395,1.29402,1.00,1.37
2016.01.27 20:01:14.226,1.29395,1.29403,1.00,1.00
2016.01.27 20:01:14.278,1.29398,1.29406,1.00,1.00
2016.01.27 20:01:14.785,1.29399,1.29407,1.00,3.38
2016.01.27 20:01:15.471,1.29399,1.2941,1.00,5.25
2016.01.27 20:01:15.978,1.29399,1.2941,2.25,4.13
2016.01.27 20:01:16.185,1.29402,1.29411,3.30,1.37
2016.01.27 20:01:16.236,1.29404,1.29414,1.00,3.00
2016.01.27 20:01:16.745,1.29404,1.29417,4.05,3.75
2016.01.27 20:01:17.250,1.29404,1.29416,4.05,1.50
2016.01.27 20:01:17.538,1.29404,1.29414,1.00,1.00
2016.01.27 20:01:17.842,1.29417,1.29421,1.50,3.00
2016.01.27 20:01:18.146,1.2942,1.29423,2.25,3.00
2016.01.27 20:01:18.648,1.29421,1.29424,2.25,1.00
2016.01.27 20:01:18.952,1.2942,1.29423,3.00,3.00
2016.01.27 20:01:19.003,1.29421,1.29424,1.50,1.00
2016.01.27 20:01:19.460,1.29424,1.29426,1.50,3.75
2016.01.27 20:01:19.788,1.29423,1.29425,1.00,3.00
2016.01.27 20:01:19.940,1.2942,1.29423,1.50,3.00
2016.01.27 20:01:19.991,1.29422,1.29425,1.50,3.00
2016.01.27 20:01:20.397,1.29425,1.29427,2.25,3.00
2016.01.27 20:01:20.961,1.29432,1.29434,1.50,1.00
2016.01.27 20:01:21.032,1.29434,1.29438,1.00,1.00
2016.01.27 20:01:21.083,1.29436,1.29438,1.50,1.00
2016.01.27 20:01:21.287,1.29434,1.29441,1.50,1.00
2016.01.27 20:01:21.389,1.29434,1.29437,2.25,1.00
2016.01.27 20:01:21.542,1.29435,1.2944,1.50,3.00
2016.01.27 20:01:21.644,1.29435,1.29445,1.00,1.00
2016.01.27 20:01:21.891,1.29439,1.29445,1.00,3.75
2016.01.27 20:01:21.994,1.29437,1.29445,1.50,3.75
2016.01.27 20:01:22.401,1.29441,1.29447,1.00,1.00
2016.01.27 20:01:22.503,1.29441,1.29449,1.00,3.00
2016.01.27 20:01:22.605,1.29446,1.29452,1.00,1.00
2016.01.27 20:01:23.074,1.29445,1.29448,2.25,3.00
2016.01.27 20:01:23.176,1.29445,1.2945,1.50,1.00
2016.01.27 20:01:23.279,1.29436,1.29441,2.25,3.00
2016.01.27 20:01:23.330,1.29434,1.29437,6.75,3.00
2016.01.27 20:01:23.382,1.29439,1.2944,1.12,3.00
2016.01.27 20:01:23.585,1.29436,1.2944,1.37,3.00
2016.01.27 20:01:23.836,1.29435,1.29441,3.00,3.00
2016.01.27 20:01:24.094,1.2944,1.29442,1.12,3.00
2016.01.27 20:01:24.896,1.2944,1.29443,1.12,3.75
2016.01.27 20:01:25.421,1.2944,1.29443,1.12,5.25
2016.01.27 20:01:26.069,1.29439,1.29442,1.50,4.50
2016.01.27 20:01:26.272,1.29436,1.2944,1.12,4.50
2016.01.27 20:01:26.525,1.29431,1.2944,1.00,4.50
2016.01.27 20:01:26.677,1.29428,1.29435,1.37,3.75
2016.01.27 20:01:26.728,1.29427,1.29435,2.25,3.75
2016.01.27 20:01:26.966,1.29426,1.29431,1.00,4.50
2016.01.27 20:01:27.017,1.29421,1.29431,1.87,6.37
2016.01.27 20:01:27.120,1.2942,1.29429,1.50,4.50
2016.01.27 20:01:27.323,1.29415,1.29426,2.25,4.50
2016.01.27 20:01:28.167,1.29414,1.29421,1.00,1.37
2016.01.27 20:01:28.222,1.29408,1.2942,4.87,4.12
2016.01.27 20:01:28.324,1.29409,1.29422,3.75,2.06
2016.01.27 20:01:28.476,1.29411,1.29423,1.00,3.96
2016.01.27 20:01:28.781,1.29412,1.29422,1.87,1.40
2016.01.27 20:01:29.323,1.29413,1.29422,1.37,3.58
2016.01.27 20:01:29.831,1.29412,1.29421,1.37,3.58
2016.01.27 20:01:30.417,1.29411,1.29421,1.87,4.33
2016.01.27 20:01:31.646,1.29411,1.29422,1.87,3.58
2016.01.27 20:01:32.534,1.29409,1.29419,1.87,3.58
2016.01.27 20:01:32.585,1.29409,1.29419,1.00,3.58
2016.01.27 20:01:33.091,1.29409,1.29419,1.37,3.58
2016.01.27 20:01:33.537,1.29408,1.2941,1.00,1.00
2016.01.27 20:01:33.588,1.29403,1.29407,1.50,1.00
2016.01.27 20:01:33.640,1.29398,1.29407,2.25,4.33
2016.01.27 20:01:33.741,1.29393,1.29404,1.37,3.58
2016.01.27 20:01:33.894,1.29391,1.29404,1.00,4.72
2016.01.27 20:01:34.046,1.2939,1.29396,4.50,3.59
2016.01.27 20:01:34.148,1.2939,1.294,2.25,3.51
2016.01.27 20:01:34.250,1.2939,1.294,1.00,3.51
2016.01.27 20:01:34.693,1.29394,1.29401,1.00,2.85
2016.01.27 20:01:34.744,1.29392,1.29405,1.87,1.12
2016.01.27 20:01:34.896,1.29393,1.29405,5.02,1.12
2016.01.27 20:01:35.402,1.29395,1.29405,1.12,1.00
2016.01.27 20:01:35.723,1.29395,1.29407,1.87,1.12
2016.01.27 20:01:36.230,1.29395,1.29407,4.65,1.00
2016.01.27 20:01:36.758,1.29395,1.2941,6.15,4.36
2016.01.27 20:01:36.913,1.29399,1.2941,3.15,1.12
2016.01.27 20:01:37.513,1.29398,1.2941,1.00,1.37
2016.01.27 20:01:37.889,1.294,1.2941,1.00,1.37
2016.01.27 20:01:38.395,1.29401,1.29411,1.00,1.12
2016.01.27 20:01:38.497,1.29405,1.29411,1.00,2.48
2016.01.27 20:01:38.752,1.29401,1.29412,1.12,1.00
2016.01.27 20:01:39.010,1.29405,1.29414,1.00,2.48
2016.01.27 20:01:39.162,1.29403,1.29414,1.12,2.48
2016.01.27 20:01:39.516,1.29403,1.2941,1.12,1.00
2016.01.27 20:01:39.618,1.29399,1.2941,1.50,3.61
2016.01.27 20:01:40.154,1.294,1.2941,1.50,3.95
2016.01.27 20:01:40.306,1.294,1.29411,1.87,5.07
2016.01.27 20:01:40.660,1.294,1.29409,1.12,2.82
2016.01.27 20:01:41.172,1.29405,1.29409,1.00,2.82
2016.01.27 20:01:41.528,1.29405,1.29411,1.00,2.84
2016.01.27 20:01:41.731,1.29406,1.29413,1.00,5.09
2016.01.27 20:01:42.009,1.29403,1.29412,1.50,3.21
2016.01.27 20:01:42.519,1.29403,1.29416,4.27,6.37
2016.01.27 20:01:42.859,1.29407,1.29416,1.12,1.00
2016.01.27 20:01:42.910,1.29407,1.29419,1.12,1.50
2016.01.27 20:01:42.961,1.29405,1.29417,4.50,2.84
2016.01.27 20:01:43.267,1.29405,1.29415,1.37,2.84
2016.01.27 20:01:43.900,1.29402,1.29411,1.69,1.37
2016.01.27 20:01:44.410,1.29403,1.29412,1.25,2.25
2016.01.27 20:01:44.788,1.29401,1.29411,1.31,1.53
2016.01.27 20:01:45.109,1.294,1.29408,1.00,1.40
2016.01.27 20:01:45.731,1.29399,1.29409,1.50,4.72
2016.01.27 20:01:46.282,1.294,1.29408,1.00,1.40
2016.01.27 20:01:46.435,1.29396,1.29406,1.00,1.00
2016.01.27 20:01:46.587,1.29399,1.29408,3.75,1.00
2016.01.27 20:01:46.791,1.29402,1.29414,4.50,1.87
2016.01.27 20:01:47.266,1.294,1.29413,1.69,4.34
2016.01.27 20:01:47.368,1.294,1.2941,1.87,3.59
2016.01.27 20:01:47.795,1.294,1.29411,1.31,1.40
2016.01.27 20:01:48.048,1.29404,1.29411,1.00,1.40
2016.01.27 20:01:48.541,1.29403,1.29414,1.31,1.00
2016.01.27 20:01:48.801,1.29401,1.2941,4.87,1.00
2016.01.27 20:01:49.105,1.294,1.2941,4.87,1.87
2016.01.27 20:01:49.258,1.29399,1.29408,1.69,1.12
2016.01.27 20:01:49.440,1.294,1.29408,4.05,1.12
2016.01.27 20:01:49.593,1.29399,1.29408,1.49,1.12
2016.01.27 20:01:50.002,1.29395,1.29405,4.12,3.97
2016.01.27 20:01:50.419,1.29393,1.29402,1.00,1.53
2016.01.27 20:01:50.724,1.29397,1.29402,1.00,1.90
2016.01.27 20:01:50.825,1.29395,1.29404,1.50,1.50
2016.01.27 20:01:50.876,1.29397,1.29405,4.12,1.12
2016.01.27 20:01:50.927,1.29397,1.29407,4.12,2.62
2016.01.27 20:01:50.979,1.29396,1.29407,1.37,5.02
2016.01.27 20:01:51.315,1.29399,1.29407,1.37,1.00
2016.01.27 20:01:51.764,1.29397,1.29407,1.00,1.12
2016.01.27 20:01:52.357,1.29397,1.29406,1.00,1.00
2016.01.27 20:01:52.560,1.29394,1.29406,1.50,4.26
2016.01.27 20:01:52.611,1.29394,1.29405,1.50,1.87
2016.01.27 20:01:52.865,1.2939,1.29402,3.56,3.89
2016.01.27 20:01:52.967,1.2939,1.29396,1.37,2.39
2016.01.27 20:01:53.307,1.29387,1.29396,1.37,4.26
2016.01.27 20:01:53.827,1.29388,1.29394,1.00,2.39
2016.01.27 20:01:53.978,1.29387,1.29398,1.00,3.51
2016.01.27 20:01:54.131,1.29387,1.29399,1.31,4.64
2016.01.27 20:01:54.680,1.29385,1.29397,9.00,1.12
2016.01.27 20:01:55.186,1.29388,1.29397,1.31,1.00
2016.01.27 20:01:55.680,1.29388,1.29399,2.44,1.00
2016.01.27 20:01:55.731,1.29393,1.29399,1.00,1.00
2016.01.27 20:01:55.833,1.29388,1.29397,1.87,1.00
2016.01.27 20:01:55.934,1.29388,1.29394,1.87,1.00
2016.01.27 20:01:56.481,1.29385,1.29393,1.50,1.00
2016.01.27 20:01:56.793,1.29386,1.29395,1.37,1.12
2016.01.27 20:01:56.845,1.29386,1.29393,1.37,1.00
2016.01.27 20:01:57.417,1.29388,1.29396,1.12,1.00
2016.01.27 20:01:57.620,1.29388,1.29397,5.62,1.00
2016.01.27 20:01:58.028,1.29389,1.29399,1.56,1.00
2016.01.27 20:01:58.282,1.2939,1.294,5.10,1.00
2016.01.27 20:01:58.663,1.29393,1.29402,3.52,1.12
2016.01.27 20:01:58.816,1.29391,1.29402,6.90,1.12
2016.01.27 20:01:59.018,1.29392,1.294,1.46,1.00
2016.01.27 20:01:59.892,1.29389,1.294,6.90,1.00
2016.01.27 20:02:00.246,1.29392,1.29402,1.39,1.00
2016.01.27 20:02:00.349,1.29392,1.29402,6.07,1.00
2016.01.27 20:02:00.742,1.29392,1.29403,1.12,1.00
2016.01.27 20:02:00.809,1.29391,1.29401,2.25,1.00
2016.01.27 20:02:01.317,1.29392,1.29403,1.01,1.00
2016.01.27 20:02:01.859,1.29393,1.29403,4.57,1.00
2016.01.27 20:02:01.911,1.29398,1.29407,1.00,1.00
2016.01.27 20:02:02.013,1.29397,1.29405,2.62,1.00
2016.01.27 20:02:02.368,1.29403,1.29406,1.00,1.00
2016.01.27 20:02:02.672,1.2942,1.29423,3.75,1.12
2016.01.27 20:02:02.724,1.29419,1.29423,1.00,1.37
2016.01.27 20:02:02.776,1.29422,1.29425,4.50,2.25
2016.01.27 20:02:02.828,1.29425,1.2943,1.00,4.12
2016.01.27 20:02:02.981,1.29425,1.29432,1.12,1.50
2016.01.27 20:02:03.094,1.29422,1.29432,1.12,2.25
2016.01.27 20:02:03.385,1.2942,1.29427,1.00,1.50
2016.01.27 20:02:03.439,1.29416,1.29425,1.00,1.17
2016.01.27 20:02:03.660,1.29413,1.2942,2.62,1.17
2016.01.27 20:02:03.762,1.29418,1.29425,1.00,1.17
2016.01.27 20:02:03.863,1.29418,1.29428,1.00,1.50
2016.01.27 20:02:04.245,1.29417,1.2943,5.25,2.25
2016.01.27 20:02:04.296,1.29432,1.29434,1.00,5.25
2016.01.27 20:02:04.399,1.29433,1.29437,1.00,1.12
2016.01.27 20:02:04.501,1.29433,1.2944,1.00,1.50
2016.01.27 20:02:04.756,1.29433,1.29443,1.00,3.00
2016.01.27 20:02:04.986,1.29432,1.29442,1.12,2.29
2016.01.27 20:02:05.432,1.29435,1.29441,1.00,1.50
2016.01.27 20:02:05.585,1.2943,1.2944,2.62,2.29
2016.01.27 20:02:05.869,1.2943,1.29431,2.25,1.00
2016.01.27 20:02:05.921,1.29428,1.29431,1.00,1.12
2016.01.27 20:02:05.972,1.29425,1.29431,1.12,1.00
2016.01.27 20:02:06.074,1.29422,1.29432,2.74,1.87
2016.01.27 20:02:06.176,1.29422,1.29429,2.74,1.50
2016.01.27 20:02:06.379,1.29423,1.29433,1.00,4.17
2016.01.27 20:02:06.710,1.29422,1.29428,2.25,1.00
2016.01.27 20:02:06.813,1.29417,1.29429,6.67,4.50
2016.01.27 20:02:07.018,1.29417,1.29429,3.49,6.00
2016.01.27 20:02:07.323,1.2942,1.29429,2.25,3.00
2016.01.27 20:02:07.874,1.29419,1.29431,2.36,1.50
2016.01.27 20:02:08.282,1.29416,1.29429,4.80,1.37
2016.01.27 20:02:08.383,1.29417,1.29422,1.12,1.92
2016.01.27 20:02:08.898,1.29407,1.29418,1.37,1.92
2016.01.27 20:02:09.151,1.29408,1.2942,1.37,1.12
2016.01.27 20:02:09.254,1.29409,1.29421,4.05,1.37
2016.01.27 20:02:09.305,1.29409,1.29422,4.80,2.25
2016.01.27 20:02:09.356,1.29414,1.29422,3.67,2.25
2016.01.27 20:02:09.726,1.29419,1.2943,1.24,3.00
2016.01.27 20:02:09.778,1.29419,1.29431,1.24,2.67
2016.01.27 20:02:09.829,1.2942,1.29431,3.67,1.50
2016.01.27 20:02:09.931,1.29419,1.29431,1.49,1.37
2016.01.27 20:02:10.135,1.29417,1.29427,4.05,1.00
2016.01.27 20:02:10.388,1.29418,1.2943,4.05,1.50
2016.01.27 20:02:10.579,1.29417,1.29427,4.42,1.00
2016.01.27 20:02:10.693,1.29417,1.29427,1.99,1.00
2016.01.27 20:02:10.795,1.29419,1.29429,1.24,1.00
2016.01.27 20:02:11.099,1.29419,1.2943,4.80,1.87
2016.01.27 20:02:11.201,1.29419,1.29429,1.49,1.12
2016.01.27 20:02:11.536,1.29421,1.29428,1.49,1.00
2016.01.27 20:02:11.587,1.29422,1.29432,1.00,1.37
2016.01.27 20:02:12.104,1.29421,1.29432,1.50,1.37
2016.01.27 20:02:12.635,1.29425,1.2943,1.00,1.00
2016.01.27 20:02:12.888,1.29425,1.29433,1.00,1.12
2016.01.27 20:02:12.990,1.29424,1.2943,1.00,1.17
2016.01.27 20:02:13.094,1.29425,1.29433,1.00,1.12
2016.01.27 20:02:13.540,1.29421,1.29433,1.87,1.50
2016.01.27 20:02:13.844,1.29425,1.29433,1.00,2.67
2016.01.27 20:02:14.048,1.29421,1.29433,1.61,5.67
2016.01.27 20:02:14.455,1.2942,1.29432,1.24,1.37
2016.01.27 20:02:15.344,1.2942,1.29431,2.74,1.00
2016.01.27 20:02:15.948,1.29421,1.2943,1.00,1.00
2016.01.27 20:02:16.003,1.29418,1.29429,1.00,1.92
2016.01.27 20:02:16.057,1.29418,1.29431,1.61,4.17
2016.01.27 20:02:16.262,1.2942,1.29431,1.00,1.92
2016.01.27 20:02:16.970,1.2942,1.29432,3.49,5.67
2016.01.27 20:02:17.274,1.29421,1.29432,1.49,3.75
2016.01.27 20:02:17.578,1.2942,1.29427,2.74,1.00
2016.01.27 20:02:17.629,1.2942,1.29431,2.74,4.87
2016.01.27 20:02:18.176,1.29421,1.29431,2.25,3.79
2016.01.27 20:02:18.838,1.29421,1.29432,1.50,3.04
2016.01.27 20:02:18.889,1.29419,1.29427,1.00,1.92
2016.01.27 20:02:19.127,1.29415,1.29428,6.37,1.00
2016.01.27 20:02:19.431,1.29416,1.29426,1.56,1.00
2016.01.27 20:02:19.735,1.29409,1.2942,9.75,1.00
2016.01.27 20:02:19.888,1.2941,1.29424,7.87,1.50
2016.01.27 20:02:20.121,1.29413,1.29426,3.75,1.12
2016.01.27 20:02:20.273,1.29412,1.29424,2.06,2.25
2016.01.27 20:02:20.785,1.29412,1.29422,1.25,1.00
2016.01.27 20:02:21.121,1.29412,1.29419,1.00,1.00
2016.01.27 20:02:21.223,1.2941,1.29419,1.00,1.00
2016.01.27 20:02:21.274,1.29408,1.29419,1.12,2.67
2016.01.27 20:02:21.376,1.2941,1.29418,1.00,1.00
2016.01.27 20:02:21.477,1.29408,1.29418,1.12,1.00
2016.01.27 20:02:21.579,1.2941,1.29418,1.00,1.00
2016.01.27 20:02:21.781,1.29407,1.29419,2.06,2.67
2016.01.27 20:02:22.390,1.29406,1.29417,1.37,1.00
2016.01.27 20:02:22.694,1.29403,1.29415,1.69,1.00
2016.01.27 20:02:22.948,1.29408,1.29419,1.31,1.00
2016.01.27 20:02:22.999,1.2941,1.2942,4.50,2.25
2016.01.27 20:02:23.690,1.2941,1.2942,1.37,1.87
2016.01.27 20:02:23.997,1.29409,1.29418,1.37,1.98
2016.01.27 20:02:24.356,1.29407,1.29417,1.50,1.00
2016.01.27 20:02:24.458,1.29408,1.29415,1.00,1.00
2016.01.27 20:02:24.763,1.29404,1.29412,4.12,1.00
2016.01.27 20:02:24.815,1.29405,1.29417,1.94,1.87
2016.01.27 20:02:25.486,1.29403,1.29415,2.81,1.00
2016.01.27 20:02:25.998,1.29402,1.29414,4.50,1.00
2016.01.27 20:02:26.601,1.29405,1.29414,1.37,1.00
2016.01.27 20:02:26.652,1.29407,1.29416,1.25,2.25
2016.01.27 20:02:26.753,1.29408,1.29416,3.75,1.00
2016.01.27 20:02:27.209,1.29407,1.29415,1.25,1.00
2016.01.27 20:02:27.458,1.2941,1.29418,3.75,1.50
2016.01.27 20:02:27.510,1.2941,1.2942,4.50,1.00
2016.01.27 20:02:28.030,1.2941,1.29421,5.62,1.00
2016.01.27 20:02:28.619,1.2941,1.2942,5.62,1.00
2016.01.27 20:02:29.781,1.29411,1.2942,4.87,1.00
2016.01.27 20:02:30.085,1.29415,1.29421,1.69,1.00
2016.01.27 20:02:30.906,1.29415,1.29424,1.69,1.00
2016.01.27 20:02:31.060,1.29415,1.29422,4.12,1.00
2016.01.27 20:02:31.163,1.29414,1.29422,4.87,1.00
2016.01.27 20:02:31.268,1.29416,1.29427,3.75,1.50
2016.01.27 20:02:31.583,1.29415,1.29425,2.81,1.00
2016.01.27 20:02:31.918,1.29415,1.29427,1.69,1.12
2016.01.27 20:02:31.969,1.29415,1.29425,1.69,1.00
2016.01.27 20:02:32.273,1.29415,1.29427,1.56,1.12
2016.01.27 20:02:32.694,1.29416,1.29427,3.75,1.12
2016.01.27 20:02:33.116,1.29416,1.29425,3.75,1.00
2016.01.27 20:02:33.628,1.29416,1.29426,3.75,1.00
2016.01.27 20:02:34.078,1.29417,1.29428,1.31,1.50
2016.01.27 20:02:34.536,1.29416,1.29426,1.69,1.00
2016.01.27 20:02:35.195,1.29415,1.29421,1.00,1.50
2016.01.27 20:02:35.246,1.29411,1.29421,3.75,2.25
2016.01.27 20:02:35.348,1.29409,1.29417,1.31,1.00
2016.01.27 20:02:35.501,1.29407,1.29417,1.25,1.50
2016.01.27 20:02:36.091,1.29405,1.29417,1.69,1.50
2016.01.27 20:02:36.295,1.29406,1.29415,1.37,1.52
2016.01.27 20:02:36.601,1.294,1.2941,1.69,1.00
2016.01.27 20:02:36.910,1.29399,1.29407,1.37,1.00
2016.01.27 20:02:37.319,1.294,1.29409,1.37,1.00
2016.01.27 20:02:38.261,1.29397,1.29407,1.50,1.31
2016.01.27 20:02:38.312,1.29397,1.29408,1.87,1.31
2016.01.27 20:02:38.819,1.29398,1.29408,1.37,1.00
2016.01.27 20:02:39.313,1.294,1.29411,1.84,1.31
2016.01.27 20:02:39.819,1.294,1.2941,1.21,1.50
2016.01.27 20:02:40.356,1.294,1.29411,2.71,2.06
2016.01.27 20:02:40.862,1.29406,1.29412,1.37,1.12
2016.01.27 20:02:41.399,1.29404,1.29411,1.37,1.00
2016.01.27 20:02:41.500,1.29403,1.29413,1.75,1.50
2016.01.27 20:02:41.804,1.29405,1.29415,1.37,1.00
2016.01.27 20:02:42.316,1.29404,1.29415,4.42,1.00
2016.01.27 20:02:42.419,1.29405,1.29415,1.37,2.25
2016.01.27 20:02:42.826,1.29407,1.29415,1.00,1.12
2016.01.27 20:02:43.371,1.29407,1.29414,1.00,1.50
2016.01.27 20:02:43.473,1.29405,1.29412,1.87,1.00
2016.01.27 20:02:43.777,1.29405,1.2941,1.75,1.00
2016.01.27 20:02:44.218,1.294,1.29409,1.87,1.00
2016.01.27 20:02:44.725,1.29398,1.29409,5.70,1.00
2016.01.27 20:02:45.345,1.29402,1.2941,1.75,1.50
2016.01.27 20:02:45.398,1.29404,1.29412,4.20,1.00
2016.01.27 20:02:45.501,1.29404,1.29414,4.20,3.00
2016.01.27 20:02:46.060,1.29404,1.29413,4.20,1.00
2016.01.27 20:02:46.570,1.29403,1.29411,1.12,1.00
2016.01.27 20:02:46.876,1.29401,1.29409,1.12,1.00
2016.01.27 20:02:46.927,1.29399,1.29409,4.20,1.00
2016.01.27 20:02:47.130,1.29401,1.29409,3.45,1.50
2016.01.27 20:02:47.459,1.29401,1.29411,1.37,3.00
2016.01.27 20:02:48.071,1.29402,1.29411,3.45,1.50
2016.01.27 20:02:48.606,1.29402,1.29412,3.82,1.00
2016.01.27 20:02:49.137,1.29402,1.29413,3.82,1.00
2016.01.27 20:02:50.197,1.29402,1.29412,3.82,1.12
2016.01.27 20:02:50.782,1.29403,1.29412,3.82,1.00
2016.01.27 20:02:50.935,1.294,1.2941,4.57,1.50
2016.01.27 20:02:51.088,1.294,1.29409,1.12,2.44
2016.01.27 20:02:51.190,1.29396,1.29406,1.87,1.31
2016.01.27 20:02:51.291,1.29395,1.29401,1.50,1.00
2016.01.27 20:02:51.342,1.29393,1.29401,1.87,1.00
2016.01.27 20:02:51.394,1.29393,1.29401,1.87,1.00
2016.01.27 20:02:51.720,1.29393,1.29403,1.12,1.00
2016.01.27 20:02:52.265,1.29393,1.294,1.12,3.00
2016.01.27 20:02:52.452,1.29392,1.29401,2.62,3.00
2016.01.27 20:02:52.891,1.29393,1.29402,1.87,1.50
2016.01.27 20:02:52.942,1.29394,1.29399,1.50,1.00
2016.01.27 20:02:53.145,1.29394,1.29399,1.37,2.25
2016.01.27 20:02:53.297,1.2939,1.29395,1.62,1.00
2016.01.27 20:02:53.843,1.29388,1.29397,1.86,3.00
2016.01.27 20:02:54.349,1.29387,1.29396,1.12,1.00
2016.01.27 20:02:54.903,1.29389,1.29396,1.24,2.25
2016.01.27 20:02:55.157,1.29388,1.29395,4.05,1.50
2016.01.27 20:02:55.258,1.29384,1.29393,1.24,1.50
2016.01.27 20:02:55.564,1.29383,1.29391,1.24,2.25
2016.01.27 20:02:55.768,1.29381,1.2939,3.60,2.25
2016.01.27 20:02:56.210,1.2938,1.29388,1.87,1.31
2016.01.27 20:02:56.519,1.29377,1.29384,1.37,1.00
2016.01.27 20:02:56.570,1.29374,1.29384,1.37,1.50
2016.01.27 20:02:56.673,1.29371,1.29379,1.37,1.00
2016.01.27 20:02:56.724,1.29369,1.29378,4.72,1.00
2016.01.27 20:02:56.777,1.29368,1.29372,1.87,1.00
2016.01.27 20:02:56.828,1.29365,1.29372,1.12,1.00
2016.01.27 20:02:57.063,1.29363,1.29366,1.00,1.00
2016.01.27 20:02:57.116,1.29353,1.29361,1.12,1.00
2016.01.27 20:02:57.331,1.29351,1.29358,1.00,1.50
2016.01.27 20:02:57.587,1.29356,1.29364,1.50,1.50
2016.01.27 20:02:57.816,1.29359,1.29364,2.85,1.50
2016.01.27 20:02:58.121,1.29357,1.29364,2.85,1.00
2016.01.27 20:02:58.223,1.29358,1.2936,1.00,1.00
2016.01.27 20:02:58.478,1.29356,1.2936,1.00,1.00
2016.01.27 20:02:58.988,1.29354,1.2936,1.04,2.25
2016.01.27 20:02:59.418,1.29358,1.29361,1.37,1.00
2016.01.27 20:02:59.520,1.29358,1.29363,1.37,1.00
2016.01.27 20:02:59.622,1.2936,1.29363,1.00,1.00
2016.01.27 20:02:59.673,1.2936,1.29365,1.00,1.00
2016.01.27 20:02:59.994,1.29358,1.29364,1.00,1.00
2016.01.27 20:03:00.045,1.29356,1.29361,1.12,1.00
2016.01.27 20:03:00.197,1.29359,1.29365,1.12,1.00
2016.01.27 20:03:00.299,1.29361,1.29367,1.00,1.00
2016.01.27 20:03:00.401,1.29359,1.29369,1.12,3.00
2016.01.27 20:03:00.452,1.29361,1.29369,1.12,3.00
2016.01.27 20:03:00.842,1.29363,1.2937,1.00,1.00
2016.01.27 20:03:00.944,1.29361,1.2937,1.87,1.00
2016.01.27 20:03:01.449,1.29359,1.2937,1.87,1.31
2016.01.27 20:03:01.855,1.29359,1.29365,1.00,1.00
2016.01.27 20:03:02.361,1.29359,1.29366,3.06,1.00
2016.01.27 20:03:02.514,1.29358,1.29369,1.12,2.92
2016.01.27 20:03:03.224,1.29357,1.29367,1.37,1.31
2016.01.27 20:03:03.275,1.29357,1.2937,4.94,3.37
2016.01.27 20:03:03.326,1.2936,1.2937,1.37,1.50
2016.01.27 20:03:03.530,1.29359,1.2937,1.00,1.50
2016.01.27 20:03:03.733,1.29361,1.29372,1.00,2.44
2016.01.27 20:03:04.061,1.29364,1.29374,1.00,1.24
2016.01.27 20:03:04.365,1.29371,1.29379,1.00,7.42
2016.01.27 20:03:04.774,1.29369,1.29378,2.25,4.50
2016.01.27 20:03:05.053,1.29367,1.29375,1.50,1.31
2016.01.27 20:03:05.706,1.29368,1.29375,1.00,1.00
2016.01.27 20:03:05.757,1.2937,1.29379,1.00,1.56
2016.01.27 20:03:06.203,1.29372,1.29384,1.00,3.75
2016.01.27 20:03:06.311,1.29374,1.29384,1.00,3.75
2016.01.27 20:03:06.362,1.29374,1.29385,1.00,2.81
2016.01.27 20:03:06.767,1.29375,1.29386,1.50,1.69
2016.01.27 20:03:07.310,1.29376,1.29385,1.00,1.31
2016.01.27 20:03:07.866,1.29376,1.29387,4.63,1.00
2016.01.27 20:03:08.072,1.29377,1.29387,4.26,1.00
2016.01.27 20:03:08.133,1.29377,1.29389,2.25,2.44
2016.01.27 20:03:08.335,1.29379,1.29389,1.50,1.12
2016.01.27 20:03:08.791,1.29379,1.29385,1.50,3.75
2016.01.27 20:03:09.027,1.29374,1.29385,1.00,4.50
2016.01.27 20:03:09.533,1.29373,1.29385,3.37,1.56
2016.01.27 20:03:09.584,1.29375,1.29385,1.87,1.56
2016.01.27 20:03:09.635,1.29376,1.29386,1.12,1.31
2016.01.27 20:03:09.736,1.29376,1.29388,2.62,2.44
2016.01.27 20:03:10.205,1.29379,1.29389,2.25,1.50
2016.01.27 20:03:10.763,1.29384,1.2939,1.00,1.87
2016.01.27 20:03:11.160,1.29387,1.29398,3.52,2.62
2016.01.27 20:03:11.364,1.29388,1.29399,1.00,4.69
2016.01.27 20:03:11.567,1.29387,1.29399,5.40,3.75
2016.01.27 20:03:12.179,1.29386,1.29397,1.62,1.00
2016.01.27 20:03:12.483,1.29385,1.29395,1.94,1.00
2016.01.27 20:03:12.837,1.29384,1.29395,1.69,1.56
2016.01.27 20:03:13.094,1.29384,1.29394,1.12,1.56
2016.01.27 20:03:13.355,1.29382,1.29394,3.56,2.06
2016.01.27 20:03:13.406,1.29386,1.29395,1.69,1.87
2016.01.27 20:03:13.609,1.29385,1.29395,1.25,1.31
2016.01.27 20:03:14.248,1.29385,1.29395,4.87,1.00
2016.01.27 20:03:14.401,1.29384,1.29394,1.69,1.31
2016.01.27 20:03:14.704,1.29388,1.29393,1.00,1.00
2016.01.27 20:03:15.148,1.29382,1.29389,4.12,1.00
2016.01.27 20:03:15.201,1.29381,1.29389,2.42,1.00
2016.01.27 20:03:15.505,1.29387,1.2939,1.00,1.00
2016.01.27 20:03:15.809,1.29388,1.29391,1.00,1.00
2016.01.27 20:03:15.910,1.29384,1.29393,2.05,1.00
2016.01.27 20:03:16.457,1.29384,1.29391,1.87,1.00
2016.01.27 20:03:16.723,1.29382,1.29392,1.12,3.07
2016.01.27 20:03:16.776,1.29387,1.29395,3.73,3.37
2016.01.27 20:03:17.080,1.29397,1.29399,1.00,1.37
2016.01.27 20:03:17.415,1.29394,1.29399,1.37,1.37
2016.01.27 20:03:17.872,1.29393,1.29404,1.67,2.25
2016.01.27 20:03:17.924,1.29392,1.294,1.50,1.00
2016.01.27 20:03:18.076,1.29394,1.29402,1.37,4.57
2016.01.27 20:03:18.405,1.29394,1.294,1.37,1.00
2016.01.27 20:03:18.558,1.2939,1.29399,1.37,1.00
2016.01.27 20:03:18.863,1.29394,1.29402,1.37,4.57
2016.01.27 20:03:19.507,1.29391,1.29402,1.67,1.50
2016.01.27 20:03:20.015,1.29394,1.294,1.37,1.00
2016.01.27 20:03:20.565,1.29391,1.29401,2.44,1.00
2016.01.27 20:03:21.071,1.29392,1.29402,4.87,1.00
2016.01.27 20:03:21.658,1.29393,1.29403,1.87,1.50
2016.01.27 20:03:21.962,1.29395,1.29405,2.44,1.00
2016.01.27 20:03:22.267,1.29398,1.29408,1.37,3.90
2016.01.27 20:03:22.517,1.29397,1.29408,2.06,1.00
2016.01.27 20:03:23.024,1.29396,1.29408,2.44,1.50
2016.01.27 20:03:23.679,1.29399,1.29406,4.12,1.00
2016.01.27 20:03:23.833,1.29399,1.29409,4.12,1.00
2016.01.27 20:03:24.037,1.29398,1.29406,1.69,1.50
2016.01.27 20:03:24.636,1.29396,1.29407,2.06,1.00
2016.01.27 20:03:24.940,1.29398,1.29408,4.12,1.00
2016.01.27 20:03:25.143,1.29398,1.2941,4.87,1.12
2016.01.27 20:03:25.346,1.29398,1.29411,7.12,1.50
2016.01.27 20:03:25.648,1.29398,1.29408,6.00,1.00
2016.01.27 20:03:25.952,1.29395,1.29405,3.19,1.00
2016.01.27 20:03:26.256,1.29394,1.29405,2.81,1.00
2016.01.27 20:03:26.874,1.29395,1.29405,5.62,1.00
2016.01.27 20:03:26.976,1.29394,1.29406,2.44,1.50
2016.01.27 20:03:27.078,1.29394,1.29404,2.44,1.00
2016.01.27 20:03:27.705,1.29395,1.29406,6.00,3.00
2016.01.27 20:03:27.756,1.29395,1.29405,6.00,1.00
2016.01.27 20:03:28.010,1.29395,1.29401,1.94,1.00
2016.01.27 20:03:28.062,1.29395,1.29403,1.94,1.00
2016.01.27 20:03:28.645,1.29399,1.29403,1.00,1.87
2016.01.27 20:03:28.696,1.29391,1.29401,4.87,1.00
2016.01.27 20:03:29.002,1.29392,1.29403,4.12,1.37
2016.01.27 20:03:29.466,1.29394,1.294,1.37,1.00
2016.01.27 20:03:29.696,1.29393,1.29396,1.00,1.00
2016.01.27 20:03:29.798,1.29395,1.29398,1.00,1.25
2016.01.27 20:03:30.001,1.29391,1.29395,1.00,1.31
2016.01.27 20:03:30.255,1.29384,1.29396,2.06,2.06
2016.01.27 20:03:30.846,1.29386,1.29397,1.00,1.50
2016.01.27 20:03:30.898,1.29386,1.29394,1.50,1.00
2016.01.27 20:03:31.458,1.29387,1.29395,2.25,1.31
2016.01.27 20:03:31.851,1.29393,1.29395,1.37,1.00
2016.01.27 20:03:31.904,1.29393,1.294,2.62,1.37
2016.01.27 20:03:32.627,1.29394,1.294,1.37,1.37
2016.01.27 20:03:32.907,1.29394,1.29403,1.37,1.50
2016.01.27 20:03:33.011,1.29396,1.29407,2.81,3.00
2016.01.27 20:03:33.518,1.29398,1.29409,1.87,1.50
2016.01.27 20:03:33.701,1.29399,1.29404,1.37,1.00
2016.01.27 20:03:33.752,1.29399,1.29401,1.87,1.00
2016.01.27 20:03:33.804,1.29394,1.29397,2.25,1.00
2016.01.27 20:03:34.037,1.29383,1.2939,2.25,1.00
2016.01.27 20:03:34.190,1.29382,1.29392,1.31,1.12
2016.01.27 20:03:34.343,1.29388,1.29394,2.25,2.62
2016.01.27 20:03:34.445,1.29384,1.29396,1.37,3.00
2016.01.27 20:03:34.749,1.29383,1.29395,1.87,2.62
2016.01.27 20:03:34.933,1.29386,1.29395,1.00,1.87
2016.01.27 20:03:35.237,1.29386,1.29396,1.87,2.62
2016.01.27 20:03:35.288,1.29386,1.29395,1.50,1.00
2016.01.27 20:03:35.491,1.2939,1.29395,1.00,1.00
2016.01.27 20:03:35.593,1.29387,1.29395,2.25,1.00
2016.01.27 20:03:36.018,1.29387,1.29395,1.87,1.00
2016.01.27 20:03:36.121,1.29387,1.29398,1.87,1.00
2016.01.27 20:03:36.324,1.29387,1.29395,1.87,1.00
2016.01.27 20:03:36.427,1.29387,1.29398,1.87,1.12
2016.01.27 20:03:36.732,1.29387,1.29395,1.87,1.00
2016.01.27 20:03:36.834,1.29387,1.29397,1.87,1.50
2016.01.27 20:03:37.453,1.29387,1.29395,2.62,1.00
2016.01.27 20:03:37.504,1.2939,1.29398,1.37,1.87
2016.01.27 20:03:38.052,1.2939,1.29399,1.37,2.25
2016.01.27 20:03:38.205,1.29397,1.29401,1.00,2.62
2016.01.27 20:03:38.256,1.29398,1.29402,1.00,1.12
2016.01.27 20:03:38.524,1.29392,1.29403,1.87,1.50
2016.01.27 20:03:39.054,1.29391,1.29404,3.00,3.00
2016.01.27 20:03:39.837,1.29394,1.29402,1.37,1.50
2016.01.27 20:03:40.356,1.29398,1.29402,1.00,1.50
2016.01.27 20:03:40.939,1.29391,1.29401,2.25,1.00
2016.01.27 20:03:41.449,1.29391,1.29402,1.50,1.50
2016.01.27 20:03:41.965,1.29392,1.29403,1.37,1.87
2016.01.27 20:03:42.259,1.29392,1.29405,3.19,1.87
2016.01.27 20:03:42.766,1.29394,1.29405,1.37,1.87
2016.01.27 20:03:43.436,1.29395,1.29405,1.50,1.00
2016.01.27 20:03:43.943,1.29397,1.29406,1.50,1.00
2016.01.27 20:03:44.096,1.29395,1.29403,1.75,1.00
2016.01.27 20:03:44.737,1.29395,1.29407,2.06,2.25
2016.01.27 20:03:44.840,1.29395,1.29405,2.06,1.00
2016.01.27 20:03:44.892,1.29396,1.29405,1.31,1.00
2016.01.27 20:03:45.098,1.29395,1.29407,4.31,1.12
2016.01.27 20:03:45.402,1.29395,1.29408,4.31,1.50
2016.01.27 20:03:45.932,1.29398,1.2941,1.37,3.00
2016.01.27 20:03:46.186,1.29396,1.29406,1.75,1.00
2016.01.27 20:03:46.802,1.29395,1.29407,3.00,1.00
2016.01.27 20:03:47.064,1.29394,1.29401,3.37,1.00
2016.01.27 20:03:47.115,1.29394,1.29401,1.87,1.00
2016.01.27 20:03:47.167,1.29394,1.29399,1.12,1.00
2016.01.27 20:03:47.268,1.29394,1.29401,1.00,2.25
2016.01.27 20:03:47.320,1.29398,1.29402,1.00,2.25
2016.01.27 20:03:47.939,1.29391,1.29401,1.12,1.50
2016.01.27 20:03:48.040,1.29398,1.29402,1.00,1.50
2016.01.27 20:03:48.430,1.29391,1.29401,1.87,1.00
2016.01.27 20:03:48.532,1.29391,1.29401,3.75,1.00
2016.01.27 20:03:48.891,1.29391,1.29398,1.00,1.00
2016.01.27 20:03:48.943,1.29394,1.29399,1.37,1.00
2016.01.27 20:03:49.044,1.29393,1.29403,2.25,1.50
2016.01.27 20:03:49.146,1.29394,1.29405,3.75,2.25
2016.01.27 20:03:50.038,1.29396,1.29405,1.37,1.00
2016.01.27 20:03:50.342,1.29396,1.29406,1.75,1.00
2016.01.27 20:03:50.851,1.29396,1.29405,1.37,1.00
2016.01.27 20:03:51.438,1.29394,1.29403,3.00,1.00
2016.01.27 20:03:51.754,1.29395,1.29404,1.31,1.00
2016.01.27 20:03:52.011,1.29396,1.29405,1.31,1.00
2016.01.27 20:03:52.164,1.29395,1.29406,1.87,1.00
2016.01.27 20:03:52.215,1.29396,1.29408,1.31,1.00
2016.01.27 20:03:52.266,1.29396,1.29408,2.81,1.00
2016.01.27 20:03:53.019,1.29399,1.29409,1.31,1.00
2016.01.27 20:03:53.508,1.29398,1.29408,2.25,1.87
2016.01.27 20:03:53.863,1.29396,1.29405,2.25,1.00
2016.01.27 20:03:54.117,1.29396,1.29405,2.25,1.50
2016.01.27 20:03:54.388,1.29399,1.29403,1.00,1.87
2016.01.27 20:03:54.912,1.29393,1.29403,1.62,2.62
2016.01.27 20:03:55.418,1.29394,1.29404,4.12,1.12
2016.01.27 20:03:55.961,1.29394,1.29405,4.12,1.87
2016.01.27 20:03:56.467,1.29396,1.29405,1.31,1.00
2016.01.27 20:03:57.165,1.29397,1.29406,1.62,1.50
2016.01.27 20:03:57.329,1.29397,1.29407,1.31,1.00
2016.01.27 20:03:58.667,1.29397,1.29407,1.62,1.00
2016.01.27 20:03:59.176,1.29396,1.29406,1.75,1.65
2016.01.27 20:03:59.278,1.29395,1.29404,2.25,1.00
2016.01.27 20:03:59.670,1.294,1.29404,1.00,1.50
2016.01.27 20:03:59.773,1.29393,1.29404,1.75,2.25
2016.01.27 20:04:00.027,1.29395,1.29405,1.37,1.00
2016.01.27 20:04:00.078,1.29395,1.29406,1.94,2.25
2016.01.27 20:04:00.130,1.29395,1.29407,1.94,1.00
2016.01.27 20:04:00.618,1.29397,1.29409,1.31,5.62
2016.01.27 20:04:00.670,1.29397,1.29409,1.31,4.50
2016.01.27 20:04:01.177,1.29396,1.29408,3.37,1.12
2016.01.27 20:04:01.579,1.29395,1.29407,2.81,1.00
2016.01.27 20:04:01.870,1.29398,1.29402,1.50,1.00
2016.01.27 20:04:01.921,1.29395,1.294,1.87,1.65
2016.01.27 20:04:02.175,1.29394,1.294,1.37,1.65
2016.01.27 20:04:03.265,1.29393,1.29401,1.87,1.65
2016.01.27 20:04:03.418,1.29393,1.29403,2.25,1.00
2016.01.27 20:04:04.142,1.29393,1.29402,2.25,1.00
2016.01.27 20:04:04.345,1.29393,1.29405,2.85,3.90
2016.01.27 20:04:04.799,1.29393,1.29404,3.22,1.50
2016.01.27 20:04:04.850,1.29393,1.29405,3.22,3.00
2016.01.27 20:04:04.952,1.29393,1.29405,3.22,2.25
2016.01.27 20:04:05.105,1.29393,1.29402,2.25,1.00
2016.01.27 20:04:05.621,1.29393,1.29403,2.25,1.00
2016.01.27 20:04:06.054,1.29393,1.29403,2.25,3.15
2016.01.27 20:04:06.156,1.29393,1.29404,2.25,4.27
2016.01.27 20:04:06.530,1.29397,1.29401,1.00,1.00
2016.01.27 20:04:06.884,1.29398,1.29401,1.00,4.27
2016.01.27 20:04:07.358,1.2939,1.29399,1.37,1.50
2016.01.27 20:04:08.292,1.29387,1.29395,1.97,1.00
2016.01.27 20:04:08.495,1.29386,1.29397,5.66,2.25
2016.01.27 20:04:09.003,1.29385,1.29399,3.22,5.02
2016.01.27 20:04:09.055,1.29385,1.29396,3.22,1.00
2016.01.27 20:04:09.385,1.29386,1.29396,6.41,1.00
2016.01.27 20:04:09.893,1.29392,1.29396,2.25,1.00
2016.01.27 20:04:10.431,1.29383,1.29395,2.05,4.65
2016.01.27 20:04:10.482,1.29382,1.29392,2.47,1.00
2016.01.27 20:04:10.787,1.29384,1.29392,1.12,1.00
2016.01.27 20:04:10.837,1.29382,1.29392,3.22,1.00
2016.01.27 20:04:11.375,1.29382,1.29393,2.10,1.00
2016.01.27 20:04:11.528,1.29382,1.29393,2.47,1.00
2016.01.27 20:04:11.731,1.29383,1.29391,2.25,2.40
2016.01.27 20:04:12.034,1.29382,1.29392,2.25,6.15
2016.01.27 20:04:12.611,1.29382,1.2939,2.47,1.00
2016.01.27 20:04:12.917,1.29387,1.29393,1.00,1.87
2016.01.27 20:04:13.171,1.29382,1.29393,2.25,4.05
2016.01.27 20:04:13.325,1.29382,1.2939,1.87,1.00
2016.01.27 20:04:13.843,1.29382,1.29391,1.87,2.92
2016.01.27 20:04:14.386,1.29386,1.29391,1.00,1.00
2016.01.27 20:04:14.865,1.29383,1.29385,1.00,1.00
2016.01.27 20:04:14.916,1.29375,1.29384,1.12,1.00
2016.01.27 20:04:15.222,1.29381,1.29385,1.00,1.00
2016.01.27 20:04:15.534,1.29375,1.29385,1.12,1.00
2016.01.27 20:04:16.060,1.29375,1.29386,1.12,2.92
2016.01.27 20:04:16.566,1.29377,1.29385,1.00,1.00
2016.01.27 20:04:17.130,1.29375,1.29383,1.87,2.17
2016.01.27 20:04:17.436,1.29376,1.29383,1.94,1.00
2016.01.27 20:04:17.539,1.29376,1.29385,1.37,1.00
2016.01.27 20:04:18.074,1.29377,1.29385,1.31,1.00
2016.01.27 20:04:18.227,1.29376,1.29385,1.37,1.00
2016.01.27 20:04:18.329,1.29376,1.29383,1.37,2.25
2016.01.27 20:04:18.583,1.29374,1.29383,1.87,2.25
2016.01.27 20:04:18.684,1.29374,1.29385,1.87,2.25
2016.01.27 20:04:19.264,1.29378,1.29387,1.37,1.00
2016.01.27 20:04:19.316,1.29379,1.2939,1.87,2.62
2016.01.27 20:04:19.468,1.2938,1.29391,1.37,3.75
2016.01.27 20:04:19.975,1.2938,1.2939,1.87,1.00
2016.01.27 20:04:20.524,1.29379,1.29392,2.44,5.62
2016.01.27 20:04:20.626,1.29379,1.2939,1.50,3.00
2016.01.27 20:04:20.882,1.29379,1.29385,1.50,1.00
2016.01.27 20:04:21.186,1.29381,1.2939,4.87,1.00
2016.01.27 20:04:21.503,1.2938,1.29385,1.37,1.00
2016.01.27 20:04:21.706,1.2938,1.29388,1.37,1.00
2016.01.27 20:04:22.214,1.29378,1.2939,1.62,3.75
2016.01.27 20:04:22.265,1.29377,1.29388,2.62,3.00
2016.01.27 20:04:22.316,1.29377,1.29389,3.00,3.00
2016.01.27 20:04:22.597,1.29378,1.2939,3.94,2.25
2016.01.27 20:04:22.800,1.29382,1.29393,1.69,4.87
2016.01.27 20:04:23.053,1.29385,1.29395,1.37,1.50
2016.01.27 20:04:23.508,1.29392,1.29394,2.25,1.00
2016.01.27 20:04:23.818,1.2938,1.2939,2.06,1.00
2016.01.27 20:04:24.129,1.29379,1.29392,4.69,1.50
2016.01.27 20:04:24.282,1.29379,1.2939,3.37,1.00
2016.01.27 20:04:24.828,1.29379,1.29391,2.25,1.50
2016.01.27 20:04:25.131,1.29383,1.29394,2.44,2.25
2016.01.27 20:04:25.233,1.29384,1.29394,4.12,2.25
2016.01.27 20:04:25.883,1.29383,1.29391,1.69,1.00
2016.01.27 20:04:26.036,1.29385,1.29395,1.37,2.62
2016.01.27 20:04:26.341,1.2939,1.29398,1.37,2.25
2016.01.27 20:04:26.494,1.29393,1.29395,1.12,1.00
2016.01.27 20:04:26.729,1.29393,1.294,1.37,1.00
2016.01.27 20:04:26.933,1.29393,1.29402,1.37,1.50
2016.01.27 20:04:27.440,1.29394,1.29402,1.37,2.25
2016.01.27 20:04:27.989,1.29393,1.29401,4.12,1.00
2016.01.27 20:04:28.640,1.2939,1.29397,1.00,1.00
2016.01.27 20:04:28.691,1.2939,1.29397,1.37,1.87
2016.01.27 20:04:29.217,1.29386,1.29397,1.37,1.00
2016.01.27 20:04:29.660,1.29386,1.29395,1.87,1.00
2016.01.27 20:04:29.711,1.29387,1.29398,1.37,1.12
2016.01.27 20:04:29.813,1.2939,1.29395,1.87,1.00
2016.01.27 20:04:30.420,1.2939,1.29399,1.87,1.87
2016.01.27 20:04:30.715,1.29389,1.29396,1.37,1.00
2016.01.27 20:04:31.221,1.29385,1.29396,1.37,2.62
2016.01.27 20:04:31.273,1.29385,1.29393,1.37,1.50
2016.01.27 20:04:31.374,1.29384,1.29395,1.62,1.00
2016.01.27 20:04:31.613,1.29387,1.29398,1.37,5.25
2016.01.27 20:04:31.819,1.29394,1.29397,1.00,1.12
2016.01.27 20:04:32.072,1.29394,1.29395,1.00,1.12
2016.01.27 20:04:32.734,1.29391,1.29399,1.87,1.80
2016.01.27 20:04:33.829,1.29389,1.29399,1.87,1.00
2016.01.27 20:04:34.479,1.29391,1.29399,1.00,1.80
2016.01.27 20:04:34.991,1.29391,1.29398,1.00,1.80
2016.01.27 20:04:36.043,1.29391,1.294,1.00,1.80
2016.01.27 20:04:36.328,1.29391,1.294,1.37,1.00
2016.01.27 20:04:36.382,1.29391,1.29399,1.00,1.80
2016.01.27 20:04:36.484,1.29392,1.29402,1.37,4.42
2016.01.27 20:04:37.003,1.29394,1.29402,1.37,2.92
2016.01.27 20:04:37.380,1.29395,1.29405,7.12,3.75
2016.01.27 20:04:37.533,1.29401,1.29409,1.69,2.25
2016.01.27 20:04:37.585,1.29401,1.29411,3.56,1.00
2016.01.27 20:04:37.636,1.29403,1.29413,1.37,1.80
2016.01.27 20:04:38.117,1.29405,1.29415,1.75,1.42
2016.01.27 20:04:38.466,1.29404,1.29413,1.37,1.42
2016.01.27 20:04:38.769,1.294,1.29409,2.06,1.00
2016.01.27 20:04:38.921,1.294,1.29413,2.44,2.55
2016.01.27 20:04:39.401,1.29401,1.2941,1.69,1.00
2016.01.27 20:04:39.910,1.294,1.2941,4.50,1.00
2016.01.27 20:04:40.483,1.29401,1.29411,1.94,1.12
2016.01.27 20:04:40.790,1.294,1.29409,1.69,1.00
2016.01.27 20:04:41.371,1.294,1.29411,1.69,3.00
2016.01.27 20:04:41.525,1.29398,1.29407,1.69,1.00
2016.01.27 20:04:42.033,1.29398,1.29406,1.69,1.50
2016.01.27 20:04:42.334,1.29397,1.29405,1.94,1.00
2016.01.27 20:04:42.842,1.29397,1.29405,1.94,1.50
2016.01.27 20:04:43.044,1.29397,1.29405,1.94,1.87
2016.01.27 20:04:43.710,1.29397,1.29404,1.94,1.00
2016.01.27 20:04:44.166,1.29394,1.29404,1.87,2.92
2016.01.27 20:04:44.217,1.29394,1.29403,1.37,1.37
2016.01.27 20:04:44.571,1.29395,1.29404,1.37,1.00
2016.01.27 20:04:45.108,1.29395,1.29406,1.37,1.87
2016.01.27 20:04:45.209,1.29395,1.29408,1.87,3.30
2016.01.27 20:04:46.021,1.29398,1.29408,1.37,2.55
2016.01.27 20:04:46.711,1.29398,1.29408,1.37,2.55
2016.01.27 20:04:47.223,1.29399,1.29408,1.37,2.92
2016.01.27 20:04:47.892,1.294,1.29409,1.87,2.55
2016.01.27 20:04:48.009,1.294,1.29407,1.50,2.55
2016.01.27 20:04:48.060,1.29398,1.29407,2.25,2.55
2016.01.27 20:04:48.111,1.29398,1.29408,3.00,2.55
2016.01.27 20:04:48.913,1.29398,1.29407,2.62,2.55
2016.01.27 20:04:49.117,1.29399,1.29409,1.37,2.92
2016.01.27 20:04:49.421,1.29404,1.29413,1.37,3.67
2016.01.27 20:04:50.005,1.29404,1.29412,1.87,1.00
2016.01.27 20:04:50.394,1.29404,1.29409,1.37,1.00
2016.01.27 20:04:50.496,1.29402,1.29413,1.37,2.55
2016.01.27 20:04:50.547,1.29402,1.2941,1.37,2.55
2016.01.27 20:04:50.737,1.29402,1.29412,1.37,2.55
2016.01.27 20:04:51.267,1.29403,1.29413,1.69,1.00
2016.01.27 20:04:51.775,1.29404,1.29414,1.87,1.00
2016.01.27 20:04:52.230,1.29405,1.29416,2.06,1.00
2016.01.27 20:04:52.739,1.29404,1.29415,5.25,1.09
2016.01.27 20:04:53.242,1.29404,1.29415,5.25,1.09
2016.01.27 20:04:53.754,1.29403,1.29414,1.87,2.55
2016.01.27 20:04:54.197,1.29403,1.29412,3.75,1.00
2016.01.27 20:04:54.480,1.29408,1.29416,2.25,1.00
2016.01.27 20:04:54.531,1.29411,1.29419,1.00,4.50
2016.01.27 20:04:54.684,1.29412,1.29422,3.75,3.30
2016.01.27 20:04:54.938,1.29413,1.29425,2.85,1.99
2016.01.27 20:04:55.090,1.29413,1.29424,2.85,1.39
2016.01.27 20:04:55.294,1.29409,1.29421,3.37,2.06
2016.01.27 20:04:55.833,1.2941,1.29421,1.87,1.56
2016.01.27 20:04:56.173,1.29411,1.29423,3.97,2.81
2016.01.27 20:04:56.776,1.29414,1.29424,2.85,1.00
2016.01.27 20:04:57.082,1.29417,1.29426,2.62,1.00
2016.01.27 20:04:57.134,1.29418,1.29429,3.22,1.50
2016.01.27 20:04:57.726,1.29421,1.29429,1.00,3.75
2016.01.27 20:04:57.828,1.29422,1.29431,1.00,4.50
2016.01.27 20:04:57.930,1.29423,1.29433,1.00,4.94
2016.01.27 20:04:58.032,1.29423,1.29434,1.00,9.44
2016.01.27 20:04:58.336,1.29421,1.29434,1.50,7.19
2016.01.27 20:04:58.769,1.29423,1.29434,1.00,1.50
2016.01.27 20:04:59.073,1.29429,1.29437,2.85,1.75
2016.01.27 20:04:59.326,1.29426,1.29435,3.97,1.00
2016.01.27 20:04:59.836,1.29428,1.29439,3.22,1.80
2016.01.27 20:05:00.141,1.29426,1.29434,1.12,1.50
2016.01.27 20:05:00.243,1.29424,1.29433,1.00,1.00
2016.01.27 20:05:00.294,1.29426,1.29433,1.00,1.00
2016.01.27 20:05:00.606,1.29426,1.29431,1.00,1.06
2016.01.27 20:05:00.657,1.29426,1.29434,1.00,2.52
2016.01.27 20:05:00.708,1.29423,1.29434,1.12,2.52
2016.01.27 20:05:00.861,1.29425,1.29435,1.00,2.93
2016.01.27 20:05:01.390,1.29426,1.29436,1.50,1.43
2016.01.27 20:05:01.441,1.29426,1.29434,1.00,1.00
2016.01.27 20:05:01.492,1.29424,1.29434,1.00,1.00
2016.01.27 20:05:01.798,1.29425,1.29432,1.00,3.49
2016.01.27 20:05:02.206,1.29422,1.29434,3.75,2.18
2016.01.27 20:05:02.414,1.29426,1.29435,1.37,1.81
2016.01.27 20:05:02.567,1.29424,1.29435,1.87,1.06
2016.01.27 20:05:02.669,1.29423,1.29434,1.37,1.31
2016.01.27 20:05:03.159,1.29424,1.29431,1.37,3.87
2016.01.27 20:05:03.210,1.29424,1.29431,1.37,1.00
2016.01.27 20:05:03.564,1.2942,1.29431,2.25,1.00
2016.01.27 20:05:03.827,1.29423,1.29433,1.00,4.81
2016.01.27 20:05:03.878,1.29423,1.29433,1.12,1.50
2016.01.27 20:05:04.120,1.29424,1.29435,1.37,1.06
2016.01.27 20:05:04.627,1.29426,1.29435,3.97,1.50
2016.01.27 20:05:05.173,1.29424,1.29435,1.91,1.06
2016.01.27 20:05:05.477,1.29423,1.29433,4.35,1.00
2016.01.27 20:05:05.782,1.29423,1.29431,3.97,1.00
2016.01.27 20:05:06.402,1.29425,1.29433,1.05,1.00
2016.01.27 20:05:06.909,1.29423,1.29432,3.97,1.00
2016.01.27 20:05:07.198,1.2943,1.29432,1.00,1.00
2016.01.27 20:05:07.250,1.29431,1.2944,1.05,1.50
2016.01.27 20:05:07.757,1.29431,1.29441,1.54,2.93
2016.01.27 20:05:08.259,1.2943,1.29438,1.37,1.37
2016.01.27 20:05:08.766,1.29428,1.2944,5.47,3.56
2016.01.27 20:05:09.296,1.29428,1.2944,5.85,3.56
2016.01.27 20:05:09.706,1.29431,1.29441,1.87,2.44
2016.01.27 20:05:09.807,1.29429,1.29438,1.00,4.12
2016.01.27 20:05:10.394,1.29428,1.29438,1.54,1.62
2016.01.27 20:05:10.900,1.2943,1.29439,1.50,1.37
2016.01.27 20:05:11.229,1.29438,1.29442,1.05,1.50
2016.01.27 20:05:11.330,1.29433,1.29444,4.72,1.87
2016.01.27 20:05:11.432,1.29432,1.29439,1.91,1.37
2016.01.27 20:05:11.938,1.2943,1.2944,4.72,1.37
2016.01.27 20:05:12.486,1.2943,1.29441,4.65,1.87
2016.01.27 20:05:12.992,1.2943,1.29441,4.27,1.37
2016.01.27 20:05:13.563,1.2943,1.29443,1.62,3.49
2016.01.27 20:05:14.135,1.2943,1.2944,1.49,1.37
2016.01.27 20:05:17.250,1.29427,1.29435,1.62,1.12
2016.01.27 20:05:17.454,1.29424,1.2943,4.81,1.00
2016.01.27 20:05:17.555,1.29424,1.29434,1.49,1.87
2016.01.27 20:05:17.910,1.29423,1.29429,5.56,1.00
2016.01.27 20:05:18.012,1.29418,1.29427,1.50,1.00
2016.01.27 20:05:18.396,1.29418,1.29425,3.15,1.00
2016.01.27 20:05:18.701,1.29416,1.29425,3.15,1.00
2016.01.27 20:05:19.361,1.29417,1.29425,3.15,1.00
2016.01.27 20:05:19.412,1.29417,1.29429,4.27,3.75
2016.01.27 20:05:19.947,1.29418,1.29429,1.00,1.12
2016.01.27 20:05:20.769,1.29418,1.2943,4.27,2.06
2016.01.27 20:05:20.821,1.29419,1.2943,1.75,1.69
2016.01.27 20:05:21.328,1.29421,1.29431,1.37,1.37
2016.01.27 20:05:22.154,1.29421,1.29431,5.40,1.00
2016.01.27 20:05:22.256,1.29421,1.29433,2.25,1.69
2016.01.27 20:05:22.408,1.29425,1.29433,1.87,1.31
2016.01.27 20:05:22.459,1.29425,1.29435,2.02,1.50
2016.01.27 20:05:22.561,1.29425,1.29433,1.57,1.00
2016.01.27 20:05:22.861,1.29425,1.29437,4.46,1.87
2016.01.27 20:05:23.368,1.29425,1.29437,3.71,1.37
2016.01.27 20:05:23.946,1.29424,1.29435,5.21,1.12
2016.01.27 20:05:24.765,1.29424,1.29435,3.37,1.31
2016.01.27 20:05:24.918,1.29421,1.29433,5.96,1.00
2016.01.27 20:05:25.249,1.29419,1.2943,4.46,1.12
2016.01.27 20:05:25.777,1.29419,1.2943,1.57,4.31
2016.01.27 20:05:26.306,1.29419,1.2943,1.20,4.31
2016.01.27 20:05:26.834,1.29416,1.29428,2.40,1.25
2016.01.27 20:05:27.037,1.29415,1.29428,2.02,3.56
2016.01.27 20:05:27.631,1.29416,1.29425,1.27,1.00
2016.01.27 20:05:28.146,1.29416,1.29425,1.27,1.87
2016.01.27 20:05:28.585,1.29415,1.29424,1.12,4.12
2016.01.27 20:05:28.636,1.29412,1.29422,1.65,1.25
2016.01.27 20:05:29.155,1.29411,1.29423,2.49,1.56
2016.01.27 20:05:29.719,1.2941,1.29424,10.55,2.06
2016.01.27 20:05:29.975,1.29415,1.29425,1.00,1.37
2016.01.27 20:05:31.257,1.29411,1.29423,2.06,2.80
2016.01.27 20:05:31.358,1.29411,1.29421,1.56,3.37
2016.01.27 20:05:31.460,1.29409,1.29419,1.56,1.00
2016.01.27 20:05:31.511,1.29409,1.29418,1.56,1.87
2016.01.27 20:05:32.370,1.29409,1.29418,4.87,1.87
2016.01.27 20:05:32.892,1.29409,1.29418,1.69,1.87
2016.01.27 20:05:34.652,1.29409,1.29418,8.25,1.87
2016.01.27 20:05:34.906,1.29412,1.2942,4.12,2.62
2016.01.27 20:05:35.300,1.29411,1.2942,1.25,1.12
2016.01.27 20:05:35.884,1.29409,1.2942,2.44,1.30
2016.01.27 20:05:36.667,1.29409,1.29419,1.69,1.00
2016.01.27 20:05:37.167,1.29407,1.29419,2.96,2.05
2016.01.27 20:05:37.502,1.29408,1.29419,5.02,4.50
2016.01.27 20:05:38.080,1.29408,1.29419,5.02,4.87
2016.01.27 20:05:38.282,1.29408,1.29419,1.69,5.43
2016.01.27 20:05:39.035,1.29408,1.29419,1.31,5.80
2016.01.27 20:05:39.671,1.29407,1.29415,1.62,1.00
2016.01.27 20:05:39.874,1.29403,1.29412,3.75,1.00
2016.01.27 20:05:40.388,1.29405,1.29413,3.75,2.25
2016.01.27 20:05:40.971,1.294,1.29411,6.00,3.37
2016.01.27 20:05:41.492,1.29403,1.29411,1.87,1.00
2016.01.27 20:05:42.601,1.29403,1.29412,2.06,1.87
2016.01.27 20:05:43.512,1.29404,1.29412,1.37,1.87
2016.01.27 20:05:43.715,1.29406,1.29413,1.87,3.00
2016.01.27 20:05:44.372,1.29407,1.29413,1.87,1.50
2016.01.27 20:05:44.676,1.29408,1.29415,1.12,1.00
2016.01.27 20:05:44.828,1.29409,1.29417,7.31,3.37
2016.01.27 20:05:44.930,1.29412,1.29419,1.00,1.25
2016.01.27 20:05:45.468,1.29413,1.29419,1.50,1.31
2016.01.27 20:05:45.974,1.29415,1.29421,1.00,2.81
2016.01.27 20:05:46.418,1.29414,1.29422,1.87,3.94
2016.01.27 20:05:46.852,1.29415,1.2942,1.00,1.56
2016.01.27 20:05:47.156,1.29414,1.29419,1.00,3.75
2016.01.27 20:05:47.676,1.29413,1.29417,1.50,3.75
2016.01.27 20:05:47.728,1.29413,1.29421,1.50,2.81
2016.01.27 20:05:47.881,1.29413,1.2942,1.50,3.75
2016.01.27 20:05:47.983,1.29413,1.29422,1.87,6.75
2016.01.27 20:05:48.494,1.29415,1.29421,1.12,2.81
2016.01.27 20:05:48.969,1.29416,1.29421,1.87,1.87
2016.01.27 20:05:49.476,1.29416,1.29421,1.50,1.87
2016.01.27 20:05:50.003,1.29415,1.29422,1.87,1.87
2016.01.27 20:05:50.670,1.29415,1.29422,1.87,1.87
2016.01.27 20:05:51.000,1.29414,1.2942,1.00,1.00
2016.01.27 20:05:51.054,1.29412,1.2942,1.31,1.12
2016.01.27 20:05:52.148,1.2941,1.2942,3.19,1.87
2016.01.27 20:05:52.905,1.29409,1.2942,2.06,2.44
2016.01.27 20:05:53.057,1.29408,1.29417,2.06,1.87
2016.01.27 20:05:53.565,1.29405,1.29417,6.75,4.31
2016.01.27 20:05:53.870,1.29402,1.29412,1.69,1.69
2016.01.27 20:05:54.728,1.294,1.2941,2.06,1.25
2016.01.27 20:05:55.728,1.294,1.2941,6.37,1.50
2016.01.27 20:05:56.134,1.29402,1.2941,1.69,3.00
2016.01.27 20:05:56.993,1.29399,1.29409,1.87,2.06
2016.01.27 20:05:57.297,1.29395,1.29406,1.94,1.62
2016.01.27 20:05:57.930,1.29396,1.29406,1.69,2.81
2016.01.27 20:05:58.437,1.29396,1.29406,1.69,4.31
2016.01.27 20:05:59.458,1.29396,1.29404,1.37,2.06
2016.01.27 20:06:00.193,1.29392,1.29401,2.81,1.37
2016.01.27 20:06:00.598,1.29392,1.29401,5.25,1.37
2016.01.27 20:06:00.852,1.29392,1.294,2.25,1.12
2016.01.27 20:06:01.292,1.29395,1.29402,3.75,1.87
2016.01.27 20:06:01.622,1.29395,1.29402,2.62,1.87
2016.01.27 20:06:02.188,1.29392,1.29402,5.62,1.87
2016.01.27 20:06:02.714,1.29393,1.29402,1.56,2.62
2016.01.27 20:06:02.917,1.29391,1.29402,3.79,2.62
2016.01.27 20:06:03.454,1.29398,1.29402,1.00,3.94
2016.01.27 20:06:03.758,1.29397,1.294,1.00,1.25
2016.01.27 20:06:03.961,1.29391,1.294,1.87,2.44
2016.01.27 20:06:04.472,1.29394,1.29397,2.25,1.25
2016.01.27 20:06:05.028,1.29393,1.29397,2.25,1.25
2016.01.27 20:06:06.025,1.29395,1.29399,2.25,4.12
2016.01.27 20:06:06.530,1.29387,1.29398,4.12,1.31
2016.01.27 20:06:06.908,1.29393,1.29398,2.25,1.62
2016.01.27 20:06:07.414,1.29391,1.29398,1.87,1.62
2016.01.27 20:06:07.870,1.29396,1.29399,2.25,1.00
2016.01.27 20:06:08.383,1.29396,1.294,1.50,1.87
2016.01.27 20:06:08.904,1.29392,1.29401,1.37,2.62
2016.01.27 20:06:09.057,1.29387,1.294,4.50,4.69
2016.01.27 20:06:09.614,1.29387,1.29397,2.25,1.12
2016.01.27 20:06:09.666,1.29387,1.29396,1.37,4.12
2016.01.27 20:06:09.870,1.29383,1.29392,1.00,1.12
2016.01.27 20:06:09.921,1.29382,1.2939,3.06,1.87
2016.01.27 20:06:10.328,1.29384,1.2939,1.00,3.37
2016.01.27 20:06:10.686,1.29383,1.2939,1.37,1.87
2016.01.27 20:06:10.990,1.29386,1.2939,3.06,1.87
2016.01.27 20:06:11.254,1.29384,1.2939,3.06,1.87
2016.01.27 20:06:11.421,1.29386,1.2939,2.25,1.87
2016.01.27 20:06:11.523,1.29387,1.2939,3.06,1.87
2016.01.27 20:06:11.777,1.29387,1.29394,3.06,1.87
2016.01.27 20:06:11.828,1.2939,1.29395,1.00,1.87
2016.01.27 20:06:12.269,1.2939,1.29396,1.00,1.87
2016.01.27 20:06:12.320,1.29391,1.29396,1.37,1.87
2016.01.27 20:06:12.523,1.29387,1.29397,2.25,2.62
2016.01.27 20:06:13.033,1.29393,1.29398,2.25,2.25
2016.01.27 20:06:13.272,1.29392,1.294,1.37,1.87
2016.01.27 20:06:13.426,1.29396,1.29402,1.37,2.25
2016.01.27 20:06:13.936,1.29392,1.29401,1.87,1.50
2016.01.27 20:06:14.458,1.29393,1.29402,1.37,1.50
2016.01.27 20:06:14.712,1.29398,1.29402,1.00,3.00
2016.01.27 20:06:15.239,1.29393,1.29402,3.44,1.50
2016.01.27 20:06:15.760,1.29392,1.294,1.00,1.00
2016.01.27 20:06:16.318,1.29392,1.29401,1.50,1.69
2016.01.27 20:06:16.369,1.29392,1.29401,1.87,1.69
2016.01.27 20:06:16.470,1.29392,1.29401,2.81,1.87
2016.01.27 20:06:16.748,1.29395,1.29401,1.94,1.12
2016.01.27 20:06:17.256,1.29394,1.29402,4.12,1.12
2016.01.27 20:06:17.460,1.29395,1.29402,3.75,1.12
2016.01.27 20:06:17.562,1.29398,1.29405,3.75,4.50
2016.01.27 20:06:17.907,1.29401,1.29408,4.12,3.00
2016.01.27 20:06:18.263,1.29399,1.29407,4.12,1.50
2016.01.27 20:06:18.803,1.29403,1.29409,4.12,1.00
2016.01.27 20:06:19.791,1.29399,1.2941,2.62,2.85
2016.01.27 20:06:20.121,1.29396,1.29405,6.37,1.12
2016.01.27 20:06:20.425,1.29395,1.29404,1.37,1.22
2016.01.27 20:06:20.628,1.29399,1.29401,1.00,1.30
2016.01.27 20:06:20.881,1.29392,1.29401,1.87,3.22
2016.01.27 20:06:21.208,1.29392,1.294,1.00,1.87
2016.01.27 20:06:21.937,1.29395,1.29401,1.00,2.85
2016.01.27 20:06:21.988,1.29395,1.29401,1.56,1.12
2016.01.27 20:06:22.455,1.29394,1.29401,5.62,1.00
2016.01.27 20:06:22.972,1.294,1.29404,1.87,2.25
2016.01.27 20:06:23.074,1.29402,1.29408,1.37,1.87
2016.01.27 20:06:23.125,1.29402,1.29409,1.37,1.50
2016.01.27 20:06:23.227,1.29401,1.2941,4.69,1.00
2016.01.27 20:06:23.521,1.29401,1.2941,2.06,1.00
2016.01.27 20:06:23.623,1.29401,1.29406,2.06,1.00
2016.01.27 20:06:23.929,1.29401,1.29406,1.37,1.37
2016.01.27 20:06:23.981,1.29401,1.29404,1.37,4.16
2016.01.27 20:06:24.289,1.29391,1.294,1.87,4.91
2016.01.27 20:06:24.790,1.29389,1.294,1.50,5.29
2016.01.27 20:06:25.094,1.29391,1.29396,1.37,1.00
2016.01.27 20:06:25.357,1.29388,1.29397,1.87,1.00
2016.01.27 20:06:25.409,1.29389,1.29395,1.87,3.00
2016.01.27 20:06:25.714,1.29384,1.29389,1.37,3.75
2016.01.27 20:06:25.765,1.29381,1.29389,1.50,3.00
2016.01.27 20:06:25.867,1.29379,1.29385,2.62,1.00
2016.01.27 20:06:25.968,1.29379,1.29388,1.37,4.12
2016.01.27 20:06:26.071,1.29378,1.29388,1.50,1.12
2016.01.27 20:06:26.172,1.29378,1.29386,1.12,3.00
2016.01.27 20:06:26.375,1.29379,1.29388,2.62,1.12
2016.01.27 20:06:26.477,1.2938,1.29391,1.69,2.62
2016.01.27 20:06:26.706,1.29382,1.29391,5.62,1.00
2016.01.27 20:06:27.010,1.29386,1.29395,1.87,2.62
2016.01.27 20:06:27.213,1.29385,1.29393,2.06,1.37
2016.01.27 20:06:27.314,1.29385,1.29394,1.87,1.87
2016.01.27 20:06:27.577,1.29385,1.29393,1.87,3.37
2016.01.27 20:06:27.782,1.29384,1.29393,2.06,1.37
2016.01.27 20:06:28.086,1.29384,1.29394,1.87,2.62
2016.01.27 20:06:28.697,1.2938,1.29388,1.31,1.00
2016.01.27 20:06:29.004,1.2938,1.2939,2.06,1.12
2016.01.27 20:06:29.723,1.29379,1.29385,1.69,1.00
2016.01.27 20:06:30.256,1.29378,1.29386,4.50,1.00
2016.01.27 20:06:30.560,1.29379,1.29389,4.87,1.87
2016.01.27 20:06:30.908,1.29384,1.2939,4.12,1.87
2016.01.27 20:06:31.010,1.29386,1.29392,3.79,1.50
2016.01.27 20:06:31.593,1.29382,1.29391,1.50,1.12
2016.01.27 20:06:32.025,1.29384,1.29391,1.00,1.00
2016.01.27 20:06:32.077,1.29384,1.29393,1.87,1.25
2016.01.27 20:06:32.179,1.29385,1.29394,1.87,3.37
2016.01.27 20:06:32.231,1.29386,1.29395,3.79,1.12
2016.01.27 20:06:32.282,1.29386,1.29395,4.16,1.12
2016.01.27 20:06:32.789,1.29386,1.29395,4.16,1.12
2016.01.27 20:06:32.841,1.29387,1.29396,1.60,1.37
2016.01.27 20:06:33.043,1.29386,1.29396,4.91,1.00
2016.01.27 20:06:33.448,1.2939,1.29397,3.79,2.25
2016.01.27 20:06:33.746,1.29395,1.29401,1.37,5.62
2016.01.27 20:06:34.105,1.29393,1.29402,4.54,1.87
2016.01.27 20:06:34.971,1.29392,1.294,4.54,1.12
2016.01.27 20:06:35.428,1.29389,1.29398,3.79,1.87
2016.01.27 20:06:35.776,1.29389,1.29395,3.79,1.00
2016.01.27 20:06:36.324,1.29387,1.29395,3.79,1.00
2016.01.27 20:06:36.732,1.29392,1.29399,1.37,5.62
2016.01.27 20:06:37.276,1.29391,1.29399,2.11,1.87
2016.01.27 20:06:37.580,1.29396,1.29399,1.12,1.87
2016.01.27 20:06:38.354,1.29392,1.29399,3.98,1.87
2016.01.27 20:06:38.886,1.29394,1.29399,1.37,1.87
2016.01.27 20:06:39.550,1.29393,1.29399,1.87,1.87
2016.01.27 20:06:39.702,1.29392,1.29399,1.50,6.37
2016.01.27 20:06:39.753,1.29395,1.29399,1.00,6.37
2016.01.27 20:06:40.057,1.29391,1.29399,1.37,1.31
2016.01.27 20:06:40.850,1.29391,1.294,1.37,5.25
2016.01.27 20:06:41.103,1.29391,1.29399,1.00,3.56
2016.01.27 20:06:41.525,1.29389,1.29392,1.00,1.00
2016.01.27 20:06:41.655,1.2938,1.2939,2.47,1.00
2016.01.27 20:06:41.707,1.2938,1.29391,1.30,2.06
2016.01.27 20:06:41.960,1.2938,1.29392,2.10,2.44
2016.01.27 20:06:42.366,1.2938,1.29391,2.85,1.50
2016.01.27 20:06:42.588,1.29379,1.29389,1.37,1.69
2016.01.27 20:06:42.894,1.29379,1.29385,1.37,1.00
2016.01.27 20:06:42.946,1.29379,1.29388,1.37,1.50
2016.01.27 20:06:43.252,1.2938,1.29385,1.37,1.00
2016.01.27 20:06:43.471,1.29378,1.29385,1.87,1.00
2016.01.27 20:06:43.848,1.29376,1.29385,1.00,1.00
2016.01.27 20:06:44.203,1.29377,1.29385,1.37,1.00
2016.01.27 20:06:44.752,1.29377,1.29386,1.37,1.00
2016.01.27 20:06:44.854,1.29377,1.29385,1.00,1.50
2016.01.27 20:06:45.359,1.29378,1.29384,1.00,1.00
2016.01.27 20:06:46.026,1.29379,1.29385,1.50,1.00
2016.01.27 20:06:46.228,1.29379,1.29386,1.87,1.12
2016.01.27 20:06:46.431,1.29378,1.29385,1.50,1.00
2016.01.27 20:06:46.532,1.29379,1.29385,1.37,1.00
2016.01.27 20:06:46.634,1.2938,1.29389,1.95,1.87
2016.01.27 20:06:46.735,1.2938,1.29389,3.57,2.25
2016.01.27 20:06:46.999,1.29385,1.2939,1.00,1.50
2016.01.27 20:06:47.151,1.29383,1.2939,1.50,1.87
2016.01.27 20:06:47.354,1.2938,1.2939,2.62,1.00
2016.01.27 20:06:47.507,1.29384,1.29391,1.00,1.12
2016.01.27 20:06:48.291,1.29383,1.2939,1.50,1.00
2016.01.27 20:06:48.860,1.29383,1.29391,1.50,1.12
2016.01.27 20:06:49.164,1.29386,1.29392,1.00,2.62
2016.01.27 20:06:49.495,1.29383,1.29389,1.00,1.00
2016.01.27 20:06:50.012,1.29382,1.29389,1.50,1.00
2016.01.27 20:06:50.540,1.29382,1.29388,2.25,1.00
2016.01.27 20:06:51.174,1.29386,1.29389,1.00,1.00
2016.01.27 20:06:51.276,1.2939,1.29395,1.00,1.87
2016.01.27 20:06:51.327,1.29388,1.29395,3.00,1.87
2016.01.27 20:06:51.682,1.29393,1.29397,1.00,5.62
2016.01.27 20:06:51.885,1.29387,1.29395,1.50,4.12
2016.01.27 20:06:51.987,1.29391,1.29396,1.00,5.25
2016.01.27 20:06:52.193,1.29385,1.29394,2.25,1.00
2016.01.27 20:06:52.396,1.29384,1.2939,3.00,1.00
2016.01.27 20:06:52.629,1.29386,1.29395,1.37,2.62
2016.01.27 20:06:52.683,1.29385,1.29394,1.50,1.50
2016.01.27 20:06:52.987,1.29384,1.29388,1.50,1.00
2016.01.27 20:06:53.089,1.29381,1.29388,1.50,1.00
2016.01.27 20:06:53.645,1.2938,1.29388,1.50,1.00
2016.01.27 20:06:53.898,1.29382,1.29388,1.00,1.00
2016.01.27 20:06:54.406,1.29383,1.29388,1.50,1.00
2016.01.27 20:06:55.127,1.29383,1.29386,1.50,1.00
2016.01.27 20:06:55.381,1.29382,1.29391,1.50,1.12
2016.01.27 20:06:55.735,1.29384,1.29392,1.00,2.62
2016.01.27 20:06:55.837,1.29382,1.2939,1.50,1.12
2016.01.27 20:06:56.125,1.2938,1.29391,1.00,1.87
2016.01.27 20:06:57.377,1.29381,1.29391,1.50,1.50
2016.01.27 20:06:57.898,1.29385,1.29394,1.00,1.37
2016.01.27 20:06:58.534,1.29386,1.29395,1.00,4.87
2016.01.27 20:06:59.170,1.29389,1.29394,1.00,1.37
2016.01.27 20:06:59.275,1.29388,1.29396,1.00,3.00
2016.01.27 20:06:59.579,1.29387,1.29396,1.87,2.62
2016.01.27 20:07:00.090,1.29386,1.29396,4.08,3.00
2016.01.27 20:07:00.561,1.29387,1.29396,1.50,2.62
2016.01.27 20:07:00.966,1.29385,1.29391,1.00,1.87
2016.01.27 20:07:01.118,1.29381,1.29387,1.31,1.00
2016.01.27 20:07:01.546,1.29385,1.29391,2.25,1.50
2016.01.27 20:07:02.052,1.29385,1.29391,3.75,1.37
2016.01.27 20:07:02.530,1.2938,1.29392,8.62,3.75
2016.01.27 20:07:02.937,1.29386,1.29394,4.12,1.37
2016.01.27 20:07:03.039,1.29386,1.29395,4.12,2.25
2016.01.27 20:07:03.242,1.29389,1.29396,4.12,1.87
2016.01.27 20:07:03.631,1.29393,1.29399,1.00,1.50
2016.01.27 20:07:04.138,1.29397,1.294,1.00,2.15
2016.01.27 20:07:04.240,1.29395,1.294,1.00,1.12
2016.01.27 20:07:04.291,1.29393,1.29401,2.06,1.37
2016.01.27 20:07:04.712,1.29395,1.294,1.00,1.03
2016.01.27 20:07:05.021,1.29395,1.29403,1.37,1.40
2016.01.27 20:07:05.325,1.29392,1.294,1.31,1.00
2016.01.27 20:07:05.376,1.29393,1.294,3.75,1.00
2016.01.27 20:07:05.713,1.29395,1.29397,1.00,1.00
2016.01.27 20:07:05.814,1.29392,1.29397,1.50,1.00
2016.01.27 20:07:06.022,1.29387,1.29399,2.44,5.10
2016.01.27 20:07:06.073,1.29394,1.29399,1.00,5.85
2016.01.27 20:07:06.631,1.29392,1.294,1.37,2.62
2016.01.27 20:07:07.177,1.29392,1.294,1.87,1.87
2016.01.27 20:07:08.065,1.29397,1.29402,1.00,3.37
2016.01.27 20:07:08.583,1.29393,1.29403,4.12,3.00
2016.01.27 20:07:08.686,1.29393,1.29403,4.50,2.62
2016.01.27 20:07:09.020,1.29395,1.29403,1.69,1.87
2016.01.27 20:07:09.174,1.29394,1.29403,2.06,2.62
2016.01.27 20:07:09.390,1.29394,1.29403,1.94,2.62
2016.01.27 20:07:10.059,1.29394,1.29403,2.44,1.87
2016.01.27 20:07:10.366,1.29395,1.29403,1.31,2.62
2016.01.27 20:07:10.418,1.29396,1.29403,1.00,1.12
2016.01.27 20:07:10.519,1.29395,1.29405,3.19,1.05
2016.01.27 20:07:11.275,1.29395,1.29406,3.19,1.12
2016.01.27 20:07:11.731,1.29393,1.29405,2.44,1.56
2016.01.27 20:07:11.832,1.29395,1.29405,1.37,1.56
2016.01.27 20:07:12.227,1.29398,1.29405,1.00,1.37
2016.01.27 20:07:12.430,1.29398,1.29405,1.37,1.37
2016.01.27 20:07:12.784,1.29396,1.29404,1.50,1.12
2016.01.27 20:07:13.215,1.29396,1.29405,1.37,4.50
2016.01.27 20:07:13.838,1.29395,1.29405,1.87,3.75
2016.01.27 20:07:14.511,1.29397,1.29405,1.37,3.75
2016.01.27 20:07:15.019,1.29396,1.29407,6.79,1.87
2016.01.27 20:07:15.222,1.29398,1.29409,2.10,1.47
2016.01.27 20:07:15.450,1.29399,1.2941,1.67,3.22
2016.01.27 20:07:16.266,1.29402,1.2941,2.10,1.87
2016.01.27 20:07:16.545,1.29402,1.29413,2.10,1.37
2016.01.27 20:07:16.799,1.29401,1.29411,3.79,3.52
2016.01.27 20:07:17.155,1.2941,1.29414,3.41,2.55
2016.01.27 20:07:17.477,1.29422,1.29426,1.22,2.92
2016.01.27 20:07:17.678,1.29422,1.29429,1.00,2.47
2016.01.27 20:07:17.729,1.29419,1.29429,4.16,2.40
2016.01.27 20:07:17.780,1.29418,1.29429,1.72,2.81
2016.01.27 20:07:18.319,1.29419,1.29428,3.63,1.37
2016.01.27 20:07:18.525,1.29419,1.29429,4.00,2.25
2016.01.27 20:07:18.678,1.29422,1.29428,3.63,1.00
2016.01.27 20:07:18.729,1.29422,1.29433,3.63,2.40
2016.01.27 20:07:18.780,1.29423,1.2943,3.63,1.00
2016.01.27 20:07:18.932,1.29423,1.29432,3.63,1.87
2016.01.27 20:07:19.244,1.29421,1.29432,5.50,1.00
2016.01.27 20:07:19.447,1.29424,1.29434,3.63,2.62
2016.01.27 20:07:19.549,1.2942,1.29431,7.38,3.52
2016.01.27 20:07:19.651,1.2942,1.29429,4.38,1.00
2016.01.27 20:07:19.753,1.2942,1.29429,3.01,1.50
2016.01.27 20:07:20.190,1.29418,1.29428,2.26,3.00
2016.01.27 20:07:20.241,1.29418,1.29425,2.26,1.50
2016.01.27 20:07:20.343,1.29416,1.29425,2.63,1.50
2016.01.27 20:07:20.445,1.2942,1.29427,2.26,1.50
2016.01.27 20:07:20.546,1.29417,1.29427,3.76,1.50
2016.01.27 20:07:20.800,1.29418,1.29424,1.00,1.00
2016.01.27 20:07:21.573,1.29417,1.29424,2.26,1.50
2016.01.27 20:07:22.090,1.29416,1.29424,1.00,1.50
2016.01.27 20:07:22.141,1.29413,1.29424,3.37,2.62
2016.01.27 20:07:22.352,1.29413,1.29421,2.25,1.00
2016.01.27 20:07:22.862,1.29412,1.29421,1.00,1.50
2016.01.27 20:07:23.406,1.2941,1.2942,7.07,1.35
2016.01.27 20:07:23.963,1.29412,1.2942,1.12,1.00
2016.01.27 20:07:24.512,1.29412,1.29421,1.12,1.50
2016.01.27 20:07:24.767,1.2941,1.29421,4.82,2.25
2016.01.27 20:07:25.302,1.2941,1.29421,4.44,1.00
2016.01.27 20:07:26.018,1.29411,1.29422,1.50,1.50
2016.01.27 20:07:26.549,1.2941,1.29421,6.32,1.00
2016.01.27 20:07:29.124,1.2941,1.29421,4.44,1.00
2016.01.27 20:07:29.579,1.2941,1.2942,1.50,1.39
2016.01.27 20:07:30.046,1.29404,1.29412,1.37,1.00
2016.01.27 20:07:30.354,1.294,1.2941,7.07,1.00
2016.01.27 20:07:30.870,1.29402,1.29414,6.32,5.06
2016.01.27 20:07:31.464,1.29404,1.29413,1.63,1.37
2016.01.27 20:07:31.977,1.29404,1.29414,1.63,4.31
2016.01.27 20:07:32.506,1.29403,1.29414,5.38,2.06
2016.01.27 20:07:33.014,1.29405,1.29414,1.87,1.25
2016.01.27 20:07:33.558,1.29406,1.29415,3.73,1.37
2016.01.27 20:07:34.218,1.29405,1.29414,1.59,1.12
2016.01.27 20:07:34.749,1.29405,1.29415,3.73,2.25
2016.01.27 20:07:35.286,1.29404,1.29416,3.73,5.81
2016.01.27 20:07:36.132,1.29405,1.29416,3.73,3.75
2016.01.27 20:07:36.638,1.29407,1.29418,2.79,1.87
2016.01.27 20:07:36.942,1.29408,1.29418,1.87,1.87
2016.01.27 20:07:37.176,1.29407,1.29417,2.04,1.00
2016.01.27 20:07:38.232,1.29407,1.29418,2.79,1.87
2016.01.27 20:07:38.738,1.29407,1.29417,2.04,1.50
2016.01.27 20:07:39.022,1.29409,1.29417,3.35,1.50
2016.01.27 20:07:39.525,1.29408,1.2942,3.73,4.20
2016.01.27 20:07:41.114,1.29409,1.2942,3.35,3.82
2016.01.27 20:07:41.367,1.29408,1.2942,2.04,8.32
2016.01.27 20:07:41.469,1.29409,1.29419,3.73,1.87
2016.01.27 20:07:41.986,1.29407,1.2942,4.48,5.81
2016.01.27 20:07:42.493,1.29408,1.2942,4.85,2.25
2016.01.27 20:07:43.338,1.29409,1.2942,3.60,4.50
2016.01.27 20:07:43.541,1.29408,1.2942,1.41,4.50
2016.01.27 20:07:44.857,1.29408,1.2942,4.50,4.39
2016.01.27 20:07:46.427,1.29406,1.29417,2.44,1.00
2016.01.27 20:07:46.680,1.29406,1.29415,1.31,1.00
2016.01.27 20:07:47.410,1.29407,1.29416,1.00,1.50
2016.01.27 20:07:48.168,1.29405,1.29416,3.97,1.87
2016.01.27 20:07:48.868,1.29413,1.2942,3.60,1.20
2016.01.27 20:07:49.672,1.29413,1.29422,3.60,2.62
2016.01.27 20:07:50.464,1.29415,1.29424,3.60,1.87
2016.01.27 20:07:51.623,1.29415,1.29425,5.10,1.87
2016.01.27 20:07:51.674,1.2942,1.29425,3.60,1.87
2016.01.27 20:07:51.827,1.29421,1.29427,1.41,1.50
2016.01.27 20:07:52.357,1.2942,1.29429,3.60,1.37
2016.01.27 20:07:52.560,1.29417,1.29429,1.37,1.37
2016.01.27 20:07:53.084,1.2942,1.29429,1.50,1.37
2016.01.27 20:07:53.236,1.29417,1.29428,1.50,1.25
2016.01.27 20:07:53.469,1.29414,1.29424,1.87,1.00
2016.01.27 20:07:53.773,1.29417,1.29424,1.00,1.50
2016.01.27 20:07:53.824,1.29414,1.29425,1.50,1.50
2016.01.27 20:07:54.452,1.29415,1.29424,1.00,2.25
2016.01.27 20:07:55.129,1.29416,1.29424,1.00,2.25
2016.01.27 20:07:55.332,1.29416,1.29426,1.00,1.00
2016.01.27 20:07:55.662,1.29413,1.29426,7.72,1.37
2016.01.27 20:07:56.169,1.29413,1.29425,1.50,1.56
2016.01.27 20:07:56.721,1.29414,1.29425,2.62,1.50
2016.01.27 20:07:56.789,1.29413,1.29423,1.00,1.31
2016.01.27 20:07:57.291,1.29412,1.29423,1.12,1.31
2016.01.27 20:07:57.639,1.2941,1.29415,2.25,1.00
2016.01.27 20:07:57.944,1.29398,1.29405,1.37,4.50
2016.01.27 20:07:58.150,1.29387,1.29393,1.87,1.00
2016.01.27 20:07:58.201,1.29388,1.29391,1.37,1.00
2016.01.27 20:07:58.252,1.29387,1.29389,1.00,1.00
2016.01.27 20:07:58.486,1.29382,1.29385,1.12,1.00
2016.01.27 20:07:58.588,1.29377,1.29385,1.37,1.12
2016.01.27 20:07:58.690,1.29379,1.29381,1.37,1.00
2016.01.27 20:07:58.793,1.2938,1.29385,1.37,2.62
2016.01.27 20:07:59.099,1.29379,1.29386,1.00,1.62
2016.01.27 20:07:59.201,1.2938,1.29386,1.37,2.06
2016.01.27 20:07:59.525,1.2938,1.29387,1.37,1.31
2016.01.27 20:08:00.054,1.2938,1.29386,1.37,1.37
2016.01.27 20:08:00.106,1.2938,1.29386,1.37,1.37
2016.01.27 20:08:00.208,1.2938,1.29386,1.37,1.37
2016.01.27 20:08:00.548,1.29379,1.29382,1.37,1.00
2016.01.27 20:08:00.650,1.29377,1.2938,1.00,1.00
2016.01.27 20:08:00.701,1.29375,1.29383,1.00,2.06
2016.01.27 20:08:00.752,1.29375,1.29383,1.37,2.06
2016.01.27 20:08:01.402,1.29375,1.29385,3.37,4.31
2016.01.27 20:08:01.910,1.29378,1.29385,1.37,4.31
2016.01.27 20:08:02.552,1.29378,1.29385,1.37,3.00
2016.01.27 20:08:02.857,1.29384,1.29389,1.87,2.62
2016.01.27 20:08:02.909,1.29384,1.29389,1.37,1.50
2016.01.27 20:08:02.961,1.29384,1.29393,1.37,1.57
2016.01.27 20:08:03.266,1.29387,1.29393,1.87,1.37
2016.01.27 20:08:03.784,1.29386,1.29393,3.22,1.37
2016.01.27 20:08:04.088,1.29383,1.29388,2.25,1.00
2016.01.27 20:08:04.139,1.2938,1.29388,3.00,1.00
2016.01.27 20:08:04.241,1.29377,1.29387,1.00,1.50
2016.01.27 20:08:04.292,1.29377,1.29387,1.37,2.25
2016.01.27 20:08:04.725,1.29377,1.29386,2.70,1.37
2016.01.27 20:08:05.091,1.29377,1.29383,2.32,1.00
2016.01.27 20:08:05.519,1.29375,1.2938,1.37,1.00
2016.01.27 20:08:06.200,1.29375,1.2938,1.37,1.00
2016.01.27 20:08:06.718,1.29375,1.2938,1.37,1.00
2016.01.27 20:08:07.023,1.29372,1.29373,1.87,1.00
2016.01.27 20:08:07.074,1.2937,1.29373,1.50,1.00
2016.01.27 20:08:07.125,1.29369,1.29373,1.87,1.56
2016.01.27 20:08:07.180,1.29363,1.29372,2.25,1.25
2016.01.27 20:08:07.236,1.29362,1.2937,1.00,1.00
2016.01.27 20:08:07.621,1.29365,1.2937,1.37,1.00
2016.01.27 20:08:07.723,1.29367,1.29375,2.32,1.00
2016.01.27 20:08:07.824,1.29368,1.29376,1.95,1.50
2016.01.27 20:08:08.077,1.29366,1.29376,3.45,1.12
2016.01.27 20:08:08.128,1.29366,1.29375,3.82,1.00
2016.01.27 20:08:08.179,1.29368,1.29375,1.95,1.00
2016.01.27 20:08:08.230,1.29368,1.29375,2.32,1.00
2016.01.27 20:08:08.281,1.29368,1.29375,1.95,1.00
2016.01.27 20:08:08.332,1.29366,1.29375,1.95,1.00
2016.01.27 20:08:08.523,1.29363,1.2937,2.25,1.00
2016.01.27 20:08:08.574,1.29363,1.2937,1.12,1.00
2016.01.27 20:08:08.726,1.29363,1.29366,1.00,1.00
2016.01.27 20:08:09.030,1.29363,1.29367,1.37,1.00
2016.01.27 20:08:09.423,1.29361,1.29367,1.12,1.00
2016.01.27 20:08:09.563,1.29361,1.29366,1.75,1.00
2016.01.27 20:08:09.718,1.29361,1.29365,1.87,1.00
2016.01.27 20:08:10.140,1.29361,1.29369,1.12,1.69
2016.01.27 20:08:10.242,1.29362,1.29369,1.37,1.37
2016.01.27 20:08:10.764,1.29361,1.29371,2.62,1.87
2016.01.27 20:08:10.968,1.29361,1.29367,1.87,1.00
2016.01.27 20:08:11.325,1.29361,1.29365,1.12,1.00
2016.01.27 20:08:11.528,1.29361,1.29371,1.87,6.00
2016.01.27 20:08:11.710,1.29365,1.29371,1.12,4.50
2016.01.27 20:08:11.865,1.29367,1.29374,1.50,2.25
2016.01.27 20:08:11.916,1.2937,1.29374,1.00,2.25
2016.01.27 20:08:12.120,1.29367,1.29375,2.25,1.50
2016.01.27 20:08:12.223,1.29365,1.29375,1.00,1.69
2016.01.27 20:08:12.628,1.29364,1.2937,1.50,1.00
2016.01.27 20:08:13.137,1.29363,1.2937,1.87,1.00
2016.01.27 20:08:13.239,1.29363,1.29374,2.25,1.50
2016.01.27 20:08:13.584,1.29365,1.29374,1.50,1.50
2016.01.27 20:08:13.905,1.29367,1.2937,2.25,1.00
2016.01.27 20:08:13.956,1.29367,1.29375,2.25,1.00
2016.01.27 20:08:14.069,1.29367,1.29377,2.25,1.00
2016.01.27 20:08:14.903,1.29366,1.29377,2.25,1.00
2016.01.27 20:08:15.055,1.29366,1.29375,3.37,1.00
2016.01.27 20:08:15.358,1.29367,1.29377,2.25,1.00
2016.01.27 20:08:15.511,1.29369,1.29377,1.00,1.00
2016.01.27 20:08:15.853,1.29373,1.29379,2.25,1.87
2016.01.27 20:08:15.955,1.29374,1.29384,1.12,3.00
2016.01.27 20:08:16.006,1.29375,1.29384,1.37,2.25
2016.01.27 20:08:16.158,1.29375,1.29386,1.87,1.00
2016.01.27 20:08:16.672,1.29375,1.29385,1.87,1.00
2016.01.27 20:08:17.178,1.29374,1.29385,5.47,1.00
2016.01.27 20:08:17.583,1.29379,1.29389,3.97,1.00
2016.01.27 20:08:17.635,1.29379,1.29391,4.35,3.75
2016.01.27 20:08:18.325,1.29387,1.29391,3.22,1.00
2016.01.27 20:08:18.640,1.29386,1.29395,3.22,2.62
2016.01.27 20:08:18.691,1.29386,1.29395,3.22,1.00
2016.01.27 20:08:18.996,1.29386,1.29392,3.22,1.00
2016.01.27 20:08:19.048,1.29386,1.29392,3.22,1.00
2016.01.27 20:08:19.285,1.29384,1.2939,3.22,1.00
2016.01.27 20:08:19.491,1.29384,1.29392,3.22,1.50
2016.01.27 20:08:19.693,1.29384,1.2939,3.22,1.00
2016.01.27 20:08:20.200,1.29383,1.2939,3.22,1.00
2016.01.27 20:08:20.714,1.29382,1.2939,3.22,1.00
2016.01.27 20:08:21.283,1.2938,1.29385,1.87,1.00
2016.01.27 20:08:21.334,1.29378,1.29387,3.22,1.50
2016.01.27 20:08:21.836,1.29377,1.29387,3.22,1.50
2016.01.27 20:08:21.991,1.29377,1.29386,3.22,1.00
2016.01.27 20:08:22.699,1.29377,1.29385,3.97,1.00
2016.01.27 20:08:23.220,1.29378,1.29386,3.97,1.00
2016.01.27 20:08:23.733,1.29377,1.29385,3.97,1.00
2016.01.27 20:08:24.421,1.29376,1.29386,1.79,1.00
2016.01.27 20:08:24.927,1.29381,1.29386,3.97,1.00
2016.01.27 20:08:25.351,1.29381,1.29389,3.97,1.87
2016.01.27 20:08:25.557,1.29383,1.29385,1.37,1.00
2016.01.27 20:08:25.712,1.29371,1.29374,1.50,1.30
2016.01.27 20:08:25.763,1.29371,1.29374,1.00,1.80
2016.01.27 20:08:25.814,1.29368,1.29374,1.50,2.17
2016.01.27 20:08:25.865,1.29364,1.29373,2.06,1.12
2016.01.27 20:08:25.967,1.29362,1.29367,3.75,1.50
2016.01.27 20:08:26.181,1.29353,1.29362,2.44,1.12
2016.01.27 20:08:26.283,1.29354,1.2936,1.12,1.00
2016.01.27 20:08:26.589,1.2935,1.29354,1.25,1.00
2016.01.27 20:08:26.843,1.29351,1.29357,1.50,1.00
2016.01.27 20:08:27.031,1.29357,1.29361,1.00,1.31
2016.01.27 20:08:27.341,1.29356,1.29362,1.50,1.87
2016.01.27 20:08:27.445,1.29357,1.29362,3.75,1.87
2016.01.27 20:08:27.498,1.29357,1.29365,3.75,1.87
2016.01.27 20:08:27.549,1.29358,1.29365,1.00,1.87
2016.01.27 20:08:27.926,1.29358,1.29365,1.56,1.12
2016.01.27 20:08:27.977,1.29358,1.29365,1.31,1.12
2016.01.27 20:08:28.482,1.29357,1.29365,1.00,1.50
2016.01.27 20:08:29.023,1.29356,1.29365,5.25,1.12
2016.01.27 20:08:29.075,1.29356,1.29365,2.06,1.12
2016.01.27 20:08:29.331,1.29355,1.29362,2.81,1.00
2016.01.27 20:08:29.638,1.2936,1.2937,2.81,3.37
2016.01.27 20:08:30.033,1.29356,1.29365,1.56,1.00
2016.01.27 20:08:30.640,1.29355,1.29365,2.06,1.87
2016.01.27 20:08:31.040,1.29355,1.29364,5.25,1.00
2016.01.27 20:08:31.402,1.29355,1.29366,2.06,1.87
2016.01.27 20:08:31.504,1.2936,1.29366,3.75,1.87
2016.01.27 20:08:31.606,1.29357,1.29367,3.75,1.37
2016.01.27 20:08:32.238,1.29358,1.29369,1.56,4.87
2016.01.27 20:08:32.289,1.29363,1.29367,1.00,1.37
2016.01.27 20:08:32.442,1.29363,1.2937,1.31,2.32
2016.01.27 20:08:33.071,1.29363,1.29374,5.25,2.70
2016.01.27 20:08:33.385,1.2937,1.29378,1.87,4.12
2016.01.27 20:08:33.436,1.2937,1.29378,1.87,1.00
2016.01.27 20:08:33.487,1.2937,1.2938,2.81,1.00
2016.01.27 20:08:33.539,1.29371,1.29384,2.44,3.00
2016.01.27 20:08:33.954,1.29373,1.29384,1.31,3.30
2016.01.27 20:08:34.258,1.29372,1.29382,4.87,1.00
2016.01.27 20:08:34.360,1.29372,1.29382,3.75,1.12
2016.01.27 20:08:34.563,1.29372,1.29382,4.12,1.12
2016.01.27 20:08:35.056,1.29371,1.2938,4.87,1.00
2016.01.27 20:08:35.107,1.29371,1.2938,3.75,1.00
2016.01.27 20:08:35.346,1.29368,1.29379,4.87,1.00
2016.01.27 20:08:36.894,1.2937,1.29379,3.75,1.00
2016.01.27 20:08:37.097,1.29369,1.2938,4.50,1.87
2016.01.27 20:08:37.465,1.29369,1.29375,3.75,1.00
2016.01.27 20:08:37.871,1.29366,1.29376,3.75,2.25
2016.01.27 20:08:37.973,1.29367,1.29375,3.75,1.00
2016.01.27 20:08:38.124,1.29365,1.29376,4.50,3.67
2016.01.27 20:08:38.604,1.29365,1.29375,4.50,2.25
2016.01.27 20:08:38.918,1.29365,1.29373,4.50,1.12
2016.01.27 20:08:38.968,1.29364,1.29373,1.56,1.12
2016.01.27 20:08:39.524,1.29364,1.29374,3.75,1.87
2016.01.27 20:08:39.948,1.29364,1.29374,4.12,1.87
2016.01.27 20:08:40.100,1.29363,1.29373,4.31,1.37
2016.01.27 20:08:40.303,1.29364,1.29373,3.94,1.00
2016.01.27 20:08:40.608,1.29368,1.29375,1.94,1.00
2016.01.27 20:08:41.048,1.29368,1.29376,4.12,1.12
2016.01.27 20:08:41.353,1.29368,1.29375,4.12,1.00
2016.01.27 20:08:41.864,1.29368,1.29376,4.12,1.00
2016.01.27 20:08:42.368,1.29368,1.29375,4.12,1.00
2016.01.27 20:08:42.571,1.29368,1.29379,4.12,1.12
2016.01.27 20:08:42.802,1.29368,1.29379,4.12,1.12
2016.01.27 20:08:43.235,1.29368,1.29376,4.12,1.00
2016.01.27 20:08:43.286,1.29367,1.29375,3.94,1.00
2016.01.27 20:08:43.641,1.29366,1.29377,2.81,1.87
2016.01.27 20:08:44.046,1.29366,1.29375,1.12,1.00
2016.01.27 20:08:44.458,1.29366,1.29376,4.69,1.87
2016.01.27 20:08:44.774,1.29366,1.29376,3.19,1.12
2016.01.27 20:08:45.091,1.29366,1.29376,2.06,1.12
2016.01.27 20:08:45.394,1.29367,1.29376,4.12,1.12
2016.01.27 20:08:45.928,1.29367,1.29378,1.69,1.24
2016.01.27 20:08:46.030,1.29366,1.29373,1.87,1.00
2016.01.27 20:08:46.233,1.29365,1.29371,2.25,1.00
2016.01.27 20:08:46.688,1.29364,1.29371,1.31,1.00
2016.01.27 20:08:47.535,1.29362,1.29372,1.69,1.00
2016.01.27 20:08:47.789,1.29363,1.29371,3.75,1.00
2016.01.27 20:08:47.891,1.29362,1.29369,1.31,1.00
2016.01.27 20:08:47.942,1.2936,1.29368,5.40,1.87
2016.01.27 20:08:47.993,1.29359,1.29368,1.87,1.87
2016.01.27 20:08:48.425,1.29359,1.29366,6.37,1.00
2016.01.27 20:08:48.527,1.29359,1.29369,7.12,1.00
2016.01.27 20:08:48.890,1.29361,1.29371,1.25,2.62
2016.01.27 20:08:49.329,1.29363,1.29372,1.25,2.62
2016.01.27 20:08:49.381,1.29363,1.29375,3.19,4.35
2016.01.27 20:08:49.433,1.29363,1.29375,6.56,1.37
2016.01.27 20:08:49.535,1.29364,1.29376,3.19,1.50
2016.01.27 20:08:49.638,1.29369,1.29379,3.75,5.85
2016.01.27 20:08:49.740,1.29367,1.29378,3.75,1.50
2016.01.27 20:08:50.069,1.29368,1.29377,3.75,1.12
2016.01.27 20:08:50.121,1.29367,1.29377,3.75,1.12
2016.01.27 20:08:50.451,1.29372,1.29377,1.00,1.00
2016.01.27 20:08:50.653,1.29368,1.29377,3.75,1.00
2016.01.27 20:08:50.857,1.29367,1.29377,5.25,1.00
2016.01.27 20:08:50.958,1.29368,1.29377,4.12,1.00
2016.01.27 20:08:51.741,1.29367,1.29379,5.62,2.55
2016.01.27 20:08:52.008,1.2937,1.2938,4.87,1.87
2016.01.27 20:08:52.060,1.2937,1.2938,4.50,1.50
2016.01.27 20:08:52.414,1.29373,1.2938,4.50,1.00
2016.01.27 20:08:52.639,1.29373,1.29381,1.31,1.87
2016.01.27 20:08:52.943,1.29373,1.29383,4.50,3.37
2016.01.27 20:08:53.246,1.29373,1.29384,4.50,5.25
2016.01.27 20:08:53.938,1.29374,1.29383,1.69,1.87
2016.01.27 20:08:54.142,1.29376,1.29385,1.31,1.87
2016.01.27 20:08:54.244,1.29377,1.29387,1.00,5.25
2016.01.27 20:08:54.750,1.29377,1.29385,1.31,1.00
2016.01.27 20:08:55.034,1.29374,1.29384,1.56,1.37
2016.01.27 20:08:55.136,1.29372,1.29383,1.50,1.87
2016.01.27 20:08:55.440,1.29371,1.2938,1.25,1.00
2016.01.27 20:08:55.795,1.29372,1.29382,3.75,1.37
2016.01.27 20:08:56.368,1.29371,1.29381,1.56,1.00
2016.01.27 20:08:56.918,1.29371,1.29383,1.56,4.95
2016.01.27 20:08:57.139,1.29371,1.2938,1.56,1.00
2016.01.27 20:08:57.658,1.29371,1.29381,1.69,1.87
2016.01.27 20:08:58.173,1.29371,1.29379,1.56,1.87
2016.01.27 20:08:58.617,1.29372,1.29379,4.50,2.62
2016.01.27 20:08:58.669,1.29371,1.2938,4.50,1.50
2016.01.27 20:08:59.175,1.2937,1.2938,4.12,1.87
2016.01.27 20:08:59.730,1.29371,1.29379,1.94,1.50
2016.01.27 20:09:00.249,1.29372,1.29379,1.25,1.50
2016.01.27 20:09:00.300,1.29371,1.29379,5.25,1.50
2016.01.27 20:09:00.503,1.29371,1.29382,4.87,2.62
2016.01.27 20:09:00.655,1.29373,1.29382,3.75,1.87
2016.01.27 20:09:01.179,1.29375,1.29383,5.25,2.62
2016.01.27 20:09:01.433,1.29375,1.29385,4.50,1.95
2016.01.27 20:09:01.939,1.29375,1.29384,6.00,1.50
2016.01.27 20:09:02.478,1.29375,1.29385,5.25,1.00
2016.01.27 20:09:02.761,1.29375,1.29384,2.06,1.12
2016.01.27 20:09:02.863,1.29373,1.29382,3.19,1.37
2016.01.27 20:09:03.168,1.29372,1.29378,1.00,1.50
2016.01.27 20:09:03.714,1.29368,1.29377,4.50,1.00
2016.01.27 20:09:05.467,1.29369,1.29377,3.75,2.62
2016.01.27 20:09:05.518,1.29368,1.29376,1.56,1.12
2016.01.27 20:09:05.801,1.29365,1.29374,5.25,2.62
2016.01.27 20:09:06.156,1.29367,1.29374,3.75,2.62
2016.01.27 20:09:07.046,1.29367,1.29374,3.75,1.87
2016.01.27 20:09:07.501,1.29365,1.29374,4.50,1.37
2016.01.27 20:09:08.006,1.29365,1.29375,3.75,2.62
2016.01.27 20:09:08.524,1.29364,1.29375,4.50,1.37
2016.01.27 20:09:08.576,1.29363,1.29375,3.37,1.94
2016.01.27 20:09:08.678,1.29365,1.29375,1.56,2.62
2016.01.27 20:09:08.983,1.29364,1.29373,1.56,1.87
2016.01.27 20:09:09.135,1.29362,1.29372,1.69,1.12
2016.01.27 20:09:09.638,1.29361,1.29371,6.37,1.00
2016.01.27 20:09:09.689,1.29361,1.29371,1.12,1.31
2016.01.27 20:09:09.943,1.2936,1.29369,1.12,1.00
2016.01.27 20:09:10.419,1.29367,1.29374,1.00,1.00
2016.01.27 20:09:10.723,1.29367,1.29372,1.00,1.00
2016.01.27 20:09:10.774,1.29364,1.29372,1.31,1.00
2016.01.27 20:09:11.921,1.29364,1.29373,1.31,1.12
2016.01.27 20:09:12.405,1.29367,1.29375,1.00,1.50
2016.01.27 20:09:12.731,1.29369,1.29376,1.31,1.50
2016.01.27 20:09:13.635,1.29366,1.29376,3.75,1.00
2016.01.27 20:09:14.033,1.29371,1.29378,3.75,1.12
2016.01.27 20:09:14.135,1.29371,1.29381,3.75,3.07
2016.01.27 20:09:14.237,1.29371,1.29378,3.75,1.00
2016.01.27 20:09:14.338,1.29369,1.29376,4.50,1.00
2016.01.27 20:09:14.440,1.29366,1.29376,1.00,2.44
2016.01.27 20:09:15.161,1.29365,1.29375,3.94,1.87
2016.01.27 20:09:15.218,1.29367,1.29375,4.50,1.00
2016.01.27 20:09:15.573,1.29368,1.29377,1.41,1.50
2016.01.27 20:09:15.877,1.29368,1.29378,1.16,1.25
2016.01.27 20:09:16.152,1.29369,1.29379,1.41,1.37
2016.01.27 20:09:16.507,1.29367,1.29379,2.66,6.00
2016.01.27 20:09:17.244,1.29367,1.29379,3.11,1.31
2016.01.27 20:09:17.702,1.29369,1.29381,3.11,3.26
2016.01.27 20:09:18.241,1.2937,1.29381,2.36,2.89
2016.01.27 20:09:18.545,1.2937,1.29378,1.24,1.00
2016.01.27 20:09:18.748,1.29368,1.2938,4.42,1.39
2016.01.27 20:09:19.368,1.2937,1.29379,1.24,1.00
2016.01.27 20:09:19.946,1.29369,1.29378,3.11,1.00
2016.01.27 20:09:20.047,1.2937,1.29378,4.42,1.00
2016.01.27 20:09:20.148,1.2937,1.2938,5.92,1.00
2016.01.27 20:09:20.250,1.2937,1.29381,2.74,2.32
2016.01.27 20:09:20.814,1.2937,1.2938,2.36,1.10
2016.01.27 20:09:21.527,1.2937,1.2938,3.49,1.10
2016.01.27 20:09:22.275,1.29379,1.29381,1.87,1.00
2016.01.27 20:09:22.326,1.29379,1.29384,1.87,1.00
2016.01.27 20:09:22.529,1.29379,1.29384,2.36,1.00
2016.01.27 20:09:22.631,1.29379,1.29387,2.36,2.25
2016.01.27 20:09:23.137,1.29379,1.29388,1.99,2.25
2016.01.27 20:09:23.662,1.2938,1.29387,1.49,1.12
2016.01.27 20:09:23.713,1.29379,1.29386,2.62,1.00
2016.01.27 20:09:23.815,1.29376,1.29384,1.99,1.00
2016.01.27 20:09:23.866,1.29374,1.29384,3.49,2.25
2016.01.27 20:09:23.968,1.29374,1.29382,1.61,1.00
2016.01.27 20:09:24.706,1.29374,1.29382,1.85,2.25
2016.01.27 20:09:25.222,1.2937,1.29378,4.04,1.00
2016.01.27 20:09:25.273,1.29369,1.29378,1.60,1.50
2016.01.27 20:09:26.260,1.29369,1.29378,1.00,1.50
2016.01.27 20:09:26.311,1.29369,1.29376,1.00,1.00
2016.01.27 20:09:26.413,1.29366,1.29375,1.52,1.12
2016.01.27 20:09:26.772,1.29366,1.29373,1.00,4.50
2016.01.27 20:09:26.824,1.29364,1.29373,1.00,5.25
2016.01.27 20:09:26.875,1.29364,1.29371,1.00,1.00
2016.01.27 20:09:27.381,1.29364,1.29372,1.37,3.37
2016.01.27 20:09:27.432,1.29365,1.29372,1.12,3.00
2016.01.27 20:09:27.984,1.29365,1.29371,1.12,1.87
2016.01.27 20:09:28.136,1.29362,1.29369,1.87,1.00
2016.01.27 20:09:29.707,1.29362,1.29371,1.14,2.70
2016.01.27 20:09:29.759,1.29361,1.29366,1.00,1.00
2016.01.27 20:09:30.115,1.29355,1.29366,1.52,2.25
2016.01.27 20:09:30.167,1.29355,1.29364,1.52,1.12
2016.01.27 20:09:30.222,1.29354,1.29364,2.02,1.12
2016.01.27 20:09:30.751,1.29354,1.29364,1.27,1.00
2016.01.27 20:09:30.903,1.29352,1.29363,3.37,1.31
2016.01.27 20:09:31.208,1.29351,1.29361,1.00,1.00
2016.01.27 20:09:31.747,1.29352,1.29361,1.00,1.87
2016.01.27 20:09:31.799,1.2935,1.2936,1.00,1.56
2016.01.27 20:09:32.001,1.29349,1.29357,2.62,1.00
2016.01.27 20:09:32.306,1.29345,1.29352,1.37,3.75
2016.01.27 20:09:32.407,1.29345,1.29353,1.37,1.50
2016.01.27 20:09:32.619,1.29347,1.29356,1.00,2.62
2016.01.27 20:09:33.074,1.29346,1.29358,1.87,2.81
2016.01.27 20:09:33.587,1.29347,1.29358,1.37,1.69
2016.01.27 20:09:34.134,1.29347,1.29354,1.50,1.00
2016.01.27 20:09:34.438,1.29345,1.29352,1.50,1.87
2016.01.27 20:09:35.069,1.29345,1.29353,1.50,1.20
2016.01.27 20:09:35.524,1.29349,1.29353,1.00,2.77
2016.01.27 20:09:35.627,1.29349,1.29355,1.00,3.07
2016.01.27 20:09:36.238,1.2935,1.2936,2.02,1.00
2016.01.27 20:09:36.706,1.2935,1.29358,1.56,1.50
2016.01.27 20:09:37.326,1.29355,1.29359,1.00,1.00
2016.01.27 20:09:37.478,1.29354,1.29361,1.56,1.50
2016.01.27 20:09:37.731,1.29354,1.29361,1.00,1.00
2016.01.27 20:09:37.833,1.29353,1.29361,4.50,1.00
2016.01.27 20:09:38.426,1.29352,1.29362,1.56,1.50
2016.01.27 20:09:38.831,1.29351,1.29361,1.31,2.89
2016.01.27 20:09:38.882,1.29351,1.29359,1.31,1.50
2016.01.27 20:09:39.418,1.29352,1.2936,1.00,1.12
2016.01.27 20:09:39.745,1.29353,1.29358,1.00,1.00
2016.01.27 20:09:39.847,1.29353,1.29361,1.00,1.16
2016.01.27 20:09:40.218,1.2935,1.29362,4.35,1.87
2016.01.27 20:09:40.408,1.2935,1.2936,3.60,1.00
2016.01.27 20:09:40.856,1.29348,1.29358,1.57,1.00
2016.01.27 20:09:41.160,1.29352,1.29361,1.22,1.87
2016.01.27 20:09:41.798,1.29351,1.29362,4.99,1.50
2016.01.27 20:09:42.203,1.29351,1.29362,6.11,1.50
2016.01.27 20:09:42.558,1.29356,1.29362,1.00,1.00
2016.01.27 20:09:42.609,1.29356,1.29365,1.00,1.57
2016.01.27 20:09:43.116,1.29354,1.29364,2.51,1.00
2016.01.27 20:09:43.674,1.29354,1.29364,1.69,1.87
2016.01.27 20:09:43.776,1.29356,1.29363,1.31,1.00
2016.01.27 20:09:43.878,1.29354,1.29364,1.12,1.50
2016.01.27 20:09:44.819,1.29353,1.29364,2.81,1.00
2016.01.27 20:09:45.358,1.29354,1.29365,1.50,1.87
2016.01.27 20:09:45.465,1.29354,1.29362,1.37,1.00
2016.01.27 20:09:45.719,1.29359,1.29367,1.00,4.12
2016.01.27 20:09:46.275,1.29356,1.29366,3.52,1.00
2016.01.27 20:09:46.326,1.29356,1.29368,3.90,2.85
2016.01.27 20:09:46.532,1.29356,1.29366,1.57,2.47
2016.01.27 20:09:47.057,1.29355,1.29365,1.87,2.47
2016.01.27 20:09:47.370,1.29355,1.29363,1.50,1.00
2016.01.27 20:09:47.421,1.29354,1.29363,2.02,1.00
2016.01.27 20:09:47.989,1.29354,1.29363,1.12,1.00
2016.01.27 20:09:48.221,1.29357,1.29363,1.37,1.00
2016.01.27 20:09:48.716,1.29359,1.29366,1.37,1.12
2016.01.27 20:09:49.222,1.29359,1.29367,1.37,2.85
2016.01.27 20:09:50.141,1.29359,1.29368,2.06,2.62
2016.01.27 20:09:50.294,1.29358,1.29367,2.62,1.00
2016.01.27 20:09:50.396,1.29359,1.29366,1.87,1.05
2016.01.27 20:09:50.499,1.29358,1.29367,1.00,1.91
2016.01.27 20:09:50.601,1.29358,1.29367,6.37,1.87
2016.01.27 20:09:50.978,1.29359,1.29365,1.69,1.00
2016.01.27 20:09:51.029,1.29359,1.29365,1.69,1.00
2016.01.27 20:09:51.181,1.29361,1.29364,1.00,1.50
2016.01.27 20:09:51.232,1.29356,1.29361,2.25,1.00
2016.01.27 20:09:51.334,1.29355,1.29359,1.50,1.00
2016.01.27 20:09:51.436,1.29351,1.29359,1.56,1.00
2016.01.27 20:09:51.589,1.29348,1.29359,3.19,1.50
2016.01.27 20:09:52.366,1.2935,1.29359,1.00,1.00
2016.01.27 20:09:53.221,1.2935,1.29359,1.31,1.87
2016.01.27 20:09:53.677,1.29347,1.29357,1.31,1.00
2016.01.27 20:09:53.829,1.29345,1.29356,5.62,1.87
2016.01.27 20:09:53.930,1.29345,1.29357,1.69,5.47
2016.01.27 20:09:54.563,1.29345,1.29354,1.00,1.05
2016.01.27 20:09:54.866,1.29343,1.29354,1.50,1.16
2016.01.27 20:09:55.405,1.29341,1.29354,3.56,1.91
2016.01.27 20:09:55.759,1.29345,1.29353,1.00,1.91
2016.01.27 20:09:56.687,1.29344,1.29354,1.00,1.51
2016.01.27 20:09:57.297,1.29345,1.29356,1.00,3.79
2016.01.27 20:09:57.857,1.29344,1.29354,1.00,1.50
2016.01.27 20:09:58.169,1.29345,1.29356,1.69,1.50
2016.01.27 20:09:58.675,1.29345,1.29356,1.12,2.29
2016.01.27 20:09:59.488,1.29344,1.29356,1.31,5.10
2016.01.27 20:09:59.844,1.29344,1.29354,1.00,2.29
2016.01.27 20:09:59.895,1.29342,1.29354,3.19,2.29
2016.01.27 20:10:00.249,1.29343,1.29353,1.12,3.00
2016.01.27 20:10:00.612,1.29341,1.2935,1.87,1.37
2016.01.27 20:10:01.148,1.29341,1.2935,1.00,4.12
2016.01.27 20:10:01.201,1.29343,1.2935,1.00,3.75
2016.01.27 20:10:01.506,1.29343,1.29348,1.37,4.50
2016.01.27 20:10:01.607,1.29345,1.29348,1.12,1.56
2016.01.27 20:10:02.089,1.29345,1.29351,1.12,4.87
2016.01.27 20:10:02.549,1.29345,1.29348,1.12,3.75
2016.01.27 20:10:02.802,1.29345,1.29349,1.12,1.00
2016.01.27 20:10:03.528,1.29344,1.29349,1.12,1.00
2016.01.27 20:10:03.963,1.29344,1.2935,1.87,1.00
2016.01.27 20:10:04.166,1.29345,1.29354,2.25,4.54
2016.01.27 20:10:04.267,1.2935,1.29354,1.37,1.22
2016.01.27 20:10:04.488,1.29348,1.29354,1.12,1.72
2016.01.27 20:10:04.640,1.29349,1.29354,1.37,1.30
2016.01.27 20:10:04.945,1.29348,1.29353,4.12,4.16
2016.01.27 20:10:05.506,1.29348,1.29353,4.12,4.91
2016.01.27 20:10:05.660,1.29348,1.29353,3.00,1.30
2016.01.27 20:10:05.866,1.29345,1.29353,1.00,2.10
2016.01.27 20:10:06.400,1.29345,1.29352,1.00,2.21
2016.01.27 20:10:06.748,1.29345,1.29349,1.00,1.34
2016.01.27 20:10:06.800,1.29341,1.29349,1.00,1.46
2016.01.27 20:10:07.309,1.2934,1.29349,1.50,2.59
2016.01.27 20:10:09.339,1.2934,1.29349,1.87,1.87
2016.01.27 20:10:09.390,1.29343,1.29349,1.00,1.87
2016.01.27 20:10:10.891,1.29343,1.29349,1.00,2.59
2016.01.27 20:10:11.414,1.29342,1.29349,1.00,2.21
2016.01.27 20:10:11.593,1.2934,1.29349,1.12,5.40
2016.01.27 20:10:11.694,1.29341,1.29347,1.00,3.52
2016.01.27 20:10:12.007,1.29341,1.29349,1.00,1.46
2016.01.27 20:10:12.261,1.29341,1.29347,1.00,3.52
2016.01.27 20:10:12.565,1.29338,1.29344,3.37,3.52
2016.01.27 20:10:13.009,1.29336,1.2934,1.50,3.52
2016.01.27 20:10:13.263,1.29336,1.29339,1.87,1.00
2016.01.27 20:10:13.670,1.29331,1.29339,1.87,3.52
2016.01.27 20:10:14.090,1.29326,1.29337,5.06,1.71
2016.01.27 20:10:14.192,1.29329,1.29339,1.25,2.59
2016.01.27 20:10:14.243,1.2933,1.29339,1.56,1.50
2016.01.27 20:10:14.752,1.29331,1.29341,1.00,1.09
2016.01.27 20:10:15.267,1.2933,1.29342,2.44,5.02
2016.01.27 20:10:15.317,1.29334,1.29342,1.00,5.77
2016.01.27 20:10:15.858,1.29335,1.29341,1.00,3.74
2016.01.27 20:10:16.193,1.2933,1.29339,1.00,1.24
2016.01.27 20:10:16.497,1.29332,1.29339,1.12,1.00
2016.01.27 20:10:16.600,1.29329,1.29339,1.76,2.88
2016.01.27 20:10:16.651,1.29328,1.29332,1.37,1.00
2016.01.27 20:10:17.264,1.29329,1.29332,1.37,1.00
2016.01.27 20:10:17.569,1.29324,1.29331,1.00,1.00
2016.01.27 20:10:18.077,1.29322,1.29332,1.31,1.61
2016.01.27 20:10:18.395,1.29324,1.29332,3.75,1.00
2016.01.27 20:10:18.447,1.29324,1.29334,3.75,2.62
2016.01.27 20:10:18.650,1.29326,1.29335,3.75,1.37
2016.01.27 20:10:19.288,1.2933,1.29337,1.00,1.37
2016.01.27 20:10:19.339,1.2933,1.29338,1.00,2.43
2016.01.27 20:10:20.199,1.2933,1.29335,1.00,3.37
2016.01.27 20:10:20.351,1.29325,1.29332,1.00,4.09
2016.01.27 20:10:20.402,1.29325,1.29333,1.00,2.21
2016.01.27 20:10:20.637,1.29322,1.29335,2.81,6.22
2016.01.27 20:10:21.042,1.29322,1.29331,1.00,4.27
2016.01.27 20:10:21.346,1.29321,1.29328,1.37,3.90
2016.01.27 20:10:21.397,1.2932,1.29329,1.00,5.77
2016.01.27 20:10:21.902,1.29319,1.29329,1.00,5.40
2016.01.27 20:10:22.562,1.2932,1.29329,1.00,1.37
2016.01.27 20:10:22.917,1.2932,1.29329,1.12,2.92
2016.01.27 20:10:23.019,1.2932,1.29327,1.00,2.92
2016.01.27 20:10:23.121,1.2932,1.29329,1.00,2.92
2016.01.27 20:10:23.172,1.29323,1.29329,1.00,2.92
2016.01.27 20:10:23.274,1.29323,1.29331,1.31,1.87
2016.01.27 20:10:23.777,1.29324,1.29333,2.25,2.85
2016.01.27 20:10:23.929,1.29325,1.29331,1.12,2.85
2016.01.27 20:10:24.033,1.29322,1.29331,1.37,2.85
2016.01.27 20:10:24.084,1.29321,1.2933,1.00,1.00
2016.01.27 20:10:24.135,1.29321,1.29327,1.00,2.85
2016.01.27 20:10:24.237,1.29322,1.29329,1.00,1.00
2016.01.27 20:10:24.709,1.29322,1.29326,1.00,2.85
2016.01.27 20:10:25.014,1.29322,1.29328,1.00,2.85
2016.01.27 20:10:25.907,1.29321,1.29328,1.00,3.60
2016.01.27 20:10:25.958,1.29321,1.29326,1.00,2.85
2016.01.27 20:10:26.608,1.29322,1.29326,1.00,2.85
2016.01.27 20:10:27.012,1.29321,1.29328,1.50,1.00
2016.01.27 20:10:27.202,1.29321,1.2933,1.50,5.47
2016.01.27 20:10:28.372,1.29321,1.29329,1.50,2.85
2016.01.27 20:10:28.878,1.2932,1.29327,1.00,2.85
2016.01.27 20:10:29.283,1.29319,1.29324,3.00,2.85
2016.01.27 20:10:30.068,1.29317,1.29322,2.25,2.85
2016.01.27 20:10:30.922,1.29317,1.2932,2.25,2.85
2016.01.27 20:10:32.181,1.29317,1.29324,2.25,5.85
2016.01.27 20:10:32.232,1.29317,1.29324,2.25,4.72
2016.01.27 20:10:32.385,1.29317,1.29324,1.50,3.22
2016.01.27 20:10:32.537,1.29316,1.29322,3.00,1.00
2016.01.27 20:10:32.638,1.29315,1.29325,5.25,3.15
2016.01.27 20:10:33.143,1.29317,1.29323,1.00,3.97
2016.01.27 20:10:33.838,1.29317,1.29325,1.50,1.26
2016.01.27 20:10:34.376,1.29316,1.29325,1.00,1.26
2016.01.27 20:10:34.983,1.29315,1.29324,3.00,2.01
2016.01.27 20:10:35.236,1.29315,1.29324,2.44,1.37
2016.01.27 20:10:35.287,1.29317,1.29326,1.00,3.47
2016.01.27 20:10:35.547,1.29319,1.29328,2.62,1.45
2016.01.27 20:10:36.255,1.29319,1.29327,3.75,1.32
2016.01.27 20:10:36.767,1.29319,1.29329,2.06,2.20
2016.01.27 20:10:36.970,1.2932,1.29326,1.00,1.00
2016.01.27 20:10:37.274,1.29333,1.29336,2.44,1.00
2016.01.27 20:10:37.325,1.29337,1.29343,1.25,1.12
2016.01.27 20:10:37.789,1.29344,1.29347,1.00,2.25
2016.01.27 20:10:37.841,1.29344,1.29353,2.70,2.20
2016.01.27 20:10:37.995,1.2935,1.29355,1.00,1.82
2016.01.27 20:10:38.197,1.2935,1.29357,1.00,1.45
2016.01.27 20:10:38.249,1.2935,1.29356,1.00,1.37
2016.01.27 20:10:38.553,1.29349,1.29359,3.37,3.51
2016.01.27 20:10:38.655,1.29349,1.29361,3.37,2.95
2016.01.27 20:10:38.881,1.29355,1.29359,1.00,1.12
2016.01.27 20:10:39.387,1.29355,1.29359,1.00,1.37
2016.01.27 20:10:39.925,1.29354,1.2936,1.00,1.37
2016.01.27 20:10:40.445,1.29355,1.29361,1.00,1.50
2016.01.27 20:10:40.788,1.29355,1.29359,1.00,1.37
2016.01.27 20:10:41.373,1.29354,1.29359,1.00,1.37
2016.01.27 20:10:41.424,1.29354,1.29361,1.00,1.50
2016.01.27 20:10:41.861,1.29356,1.29362,1.56,1.37
2016.01.27 20:10:41.963,1.29359,1.29369,1.00,7.27
2016.01.27 20:10:42.498,1.29359,1.29368,2.25,1.87
2016.01.27 20:10:43.025,1.2936,1.29368,3.56,1.37
2016.01.27 20:10:43.328,1.2936,1.2937,3.75,1.71
2016.01.27 20:10:43.888,1.2936,1.29369,4.50,1.46
2016.01.27 20:10:44.039,1.29365,1.29369,1.00,1.37
2016.01.27 20:10:44.646,1.29362,1.29368,1.12,1.37
2016.01.27 20:10:45.192,1.29365,1.29368,1.00,1.37
2016.01.27 20:10:45.445,1.29365,1.29369,1.00,1.12
2016.01.27 20:10:46.293,1.29365,1.29368,1.00,1.37
2016.01.27 20:10:46.344,1.29361,1.29368,1.87,1.37
2016.01.27 20:10:46.395,1.29361,1.29365,1.12,1.37
2016.01.27 20:10:46.700,1.29364,1.29371,1.36,2.59
2016.01.27 20:10:46.751,1.29364,1.29372,1.36,5.02
2016.01.27 20:10:46.803,1.29363,1.29371,1.00,3.52
2016.01.27 20:10:46.905,1.29361,1.29374,3.75,5.02
2016.01.27 20:10:47.189,1.29363,1.29375,2.44,1.84
2016.01.27 20:10:47.696,1.29365,1.29375,2.25,3.52
2016.01.27 20:10:48.242,1.29365,1.29376,2.25,4.65
2016.01.27 20:10:48.768,1.29364,1.29376,3.56,7.27
2016.01.27 20:10:49.198,1.29365,1.29375,6.00,1.00
2016.01.27 20:10:49.350,1.2937,1.29381,3.75,4.50
2016.01.27 20:10:49.401,1.29375,1.29381,1.00,3.75
2016.01.27 20:10:49.452,1.29375,1.29382,1.31,2.25
2016.01.27 20:10:49.703,1.29377,1.29386,2.44,1.00
2016.01.27 20:10:49.756,1.29377,1.29388,2.44,1.25
2016.01.27 20:10:49.959,1.29378,1.29389,3.75,1.50
2016.01.27 20:10:50.465,1.2938,1.29389,1.31,1.12
2016.01.27 20:10:50.817,1.2938,1.29387,1.56,1.00
2016.01.27 20:10:50.873,1.29379,1.2939,7.50,1.00
2016.01.27 20:10:51.532,1.2938,1.29391,2.89,1.31
2016.01.27 20:10:53.487,1.2938,1.2939,3.19,1.00
2016.01.27 20:10:53.991,1.2938,1.29391,1.56,2.81
2016.01.27 20:10:54.042,1.29382,1.29391,3.75,1.00
2016.01.27 20:10:54.144,1.29381,1.29391,1.12,3.75
2016.01.27 20:10:54.523,1.29381,1.29393,2.62,4.12
2016.01.27 20:10:55.054,1.29382,1.29393,2.44,2.81
2016.01.27 20:10:55.106,1.29384,1.29394,1.50,3.19
2016.01.27 20:10:55.636,1.29385,1.29395,1.31,2.06
2016.01.27 20:10:55.941,1.29383,1.29393,4.50,1.00
2016.01.27 20:10:56.055,1.29383,1.29393,1.00,1.31
2016.01.27 20:10:56.257,1.29381,1.2939,1.50,3.75
2016.01.27 20:10:56.734,1.2938,1.29392,1.50,3.19
2016.01.27 20:10:57.038,1.29381,1.29394,3.56,1.69
2016.01.27 20:10:57.088,1.29385,1.29394,1.00,1.69
2016.01.27 20:10:57.594,1.29386,1.29397,1.56,1.69
2016.01.27 20:10:57.975,1.29387,1.29397,1.87,3.75
2016.01.27 20:10:58.230,1.29385,1.29398,3.75,6.75
2016.01.27 20:10:58.332,1.29385,1.29395,1.50,4.87
2016.01.27 20:10:58.637,1.29375,1.29379,2.25,3.75
2016.01.27 20:10:59.161,1.29373,1.29379,3.00,3.75
2016.01.27 20:10:59.214,1.29373,1.29383,3.00,6.07
2016.01.27 20:10:59.621,1.2937,1.29381,2.81,1.25
2016.01.27 20:10:59.773,1.2937,1.29381,1.00,4.12
2016.01.27 20:10:59.876,1.29371,1.29382,2.06,1.12
2016.01.27 20:11:00.225,1.29375,1.29385,3.00,4.50
2016.01.27 20:11:00.532,1.29377,1.29385,1.50,3.75
2016.01.27 20:11:00.735,1.29375,1.29385,1.00,3.75
2016.01.27 20:11:01.291,1.29375,1.29384,1.00,3.75
2016.01.27 20:11:01.648,1.29376,1.29386,1.00,4.12
2016.01.27 20:11:01.749,1.29376,1.29383,1.00,3.75
2016.01.27 20:11:02.256,1.29377,1.29383,1.50,3.75
2016.01.27 20:11:02.307,1.29377,1.29385,1.50,3.75
2016.01.27 20:11:02.408,1.29377,1.29383,1.50,3.75
2016.01.27 20:11:02.683,1.29377,1.29386,1.50,3.75
2016.01.27 20:11:02.734,1.29377,1.29384,1.50,3.75
2016.01.27 20:11:02.988,1.2938,1.29388,1.50,1.56
2016.01.27 20:11:03.090,1.2938,1.29391,1.50,7.50
2016.01.27 20:11:03.141,1.29382,1.29391,1.00,6.37
2016.01.27 20:11:03.192,1.29382,1.29391,1.00,3.19
2016.01.27 20:11:03.294,1.29382,1.29391,1.00,4.12
2016.01.27 20:11:04.341,1.29381,1.2939,1.50,1.56
2016.01.27 20:11:04.645,1.29381,1.29391,2.06,1.31
2016.01.27 20:11:05.184,1.29381,1.29392,2.25,5.02
2016.01.27 20:11:05.336,1.29382,1.29393,3.00,1.31
2016.01.27 20:11:05.387,1.29383,1.29393,4.50,1.00
2016.01.27 20:11:05.590,1.29386,1.29395,1.50,1.25
2016.01.27 20:11:05.742,1.29389,1.29395,1.00,4.50
2016.01.27 20:11:06.282,1.29389,1.29396,1.50,3.75
2016.01.27 20:11:06.802,1.29388,1.29395,1.50,1.56
2016.01.27 20:11:07.287,1.29385,1.29395,2.32,1.56
2016.01.27 20:11:07.341,1.29385,1.29392,1.50,1.00
2016.01.27 20:11:07.495,1.29382,1.29392,2.06,1.00
2016.01.27 20:11:07.650,1.29383,1.29394,1.87,1.31
2016.01.27 20:11:08.289,1.29384,1.29395,1.50,3.64
2016.01.27 20:11:08.391,1.29384,1.29395,5.25,3.45
2016.01.27 20:11:08.897,1.29384,1.29395,4.50,1.00
2016.01.27 20:11:09.673,1.29388,1.29396,3.37,3.90
2016.01.27 20:11:10.029,1.29386,1.29395,1.00,2.89
2016.01.27 20:11:10.233,1.29386,1.29395,3.37,2.32
2016.01.27 20:11:10.544,1.29383,1.29395,3.75,3.64
2016.01.27 20:11:11.061,1.29383,1.29395,4.12,2.14
2016.01.27 20:11:11.213,1.29385,1.29395,3.37,1.12
2016.01.27 20:11:11.365,1.29383,1.29395,1.25,2.44
2016.01.27 20:11:11.896,1.29383,1.29395,1.25,2.81
2016.01.27 20:11:12.452,1.29383,1.29395,1.25,3.56
2016.01.27 20:11:13.781,1.29384,1.29394,1.00,1.87
2016.01.27 20:11:15.039,1.29384,1.29394,1.25,1.87
2016.01.27 20:11:15.396,1.29384,1.2939,1.00,1.00
2016.01.27 20:11:15.498,1.29381,1.2939,1.12,1.00
2016.01.27 20:11:16.051,1.2938,1.2939,1.87,2.06
2016.01.27 20:11:16.708,1.29383,1.2939,3.37,2.25
2016.01.27 20:11:17.079,1.29381,1.29389,1.00,2.14
2016.01.27 20:11:17.181,1.2938,1.29387,1.00,1.50
2016.01.27 20:11:17.485,1.29375,1.29383,1.37,2.44
2016.01.27 20:11:17.740,1.29372,1.2938,2.06,1.00
2016.01.27 20:11:17.892,1.29372,1.29383,2.06,1.31
2016.01.27 20:11:17.994,1.29372,1.29381,2.44,1.00
2016.01.27 20:11:18.284,1.29373,1.29384,2.06,1.69
2016.01.27 20:11:18.891,1.29372,1.29382,2.89,1.00
2016.01.27 20:11:18.942,1.29372,1.2938,1.47,1.56
2016.01.27 20:11:19.197,1.29374,1.29381,1.00,1.31
2016.01.27 20:11:19.428,1.29371,1.29381,2.25,3.75
2016.01.27 20:11:19.631,1.29369,1.29381,1.87,5.32
2016.01.27 20:11:20.150,1.29368,1.2938,2.62,2.81
2016.01.27 20:11:20.644,1.2937,1.2938,2.44,1.00
2016.01.27 20:11:20.950,1.29375,1.29381,1.00,1.00
2016.01.27 20:11:21.219,1.29364,1.29373,3.00,2.62
2016.01.27 20:11:21.270,1.29364,1.29372,3.00,1.87
2016.01.27 20:11:21.548,1.2936,1.2937,1.50,1.50
2016.01.27 20:11:21.650,1.29359,1.29367,1.50,1.00
2016.01.27 20:11:21.802,1.2936,1.2937,1.12,1.50
2016.01.27 20:11:22.005,1.2936,1.29368,1.50,1.00
2016.01.27 20:11:22.400,1.29358,1.29364,1.00,1.66
2016.01.27 20:11:22.451,1.29354,1.29364,1.00,3.26
2016.01.27 20:11:22.553,1.29351,1.29363,3.82,1.00
2016.01.27 20:11:22.756,1.29351,1.2936,3.07,1.00
2016.01.27 20:11:23.216,1.29351,1.29363,8.32,1.87
2016.01.27 20:11:23.845,1.29351,1.29364,4.12,3.26
2016.01.27 20:11:24.351,1.29353,1.29365,3.52,1.50
2016.01.27 20:11:24.672,1.29357,1.29367,1.00,2.25
2016.01.27 20:11:24.778,1.29358,1.29369,1.50,1.25
2016.01.27 20:11:25.032,1.29356,1.29369,2.62,1.46
2016.01.27 20:11:25.487,1.29358,1.29368,1.00,1.37
2016.01.27 20:11:25.813,1.29361,1.2937,1.00,3.75
2016.01.27 20:11:26.067,1.29357,1.29366,1.50,1.46
2016.01.27 20:11:26.168,1.29355,1.29365,1.00,1.87
2016.01.27 20:11:26.219,1.29354,1.29363,1.12,1.00
2016.01.27 20:11:26.723,1.29354,1.29363,1.12,1.37
2016.01.27 20:11:26.825,1.29355,1.29363,1.00,1.00
2016.01.27 20:11:27.338,1.29354,1.29365,3.37,2.06
2016.01.27 20:11:27.591,1.29353,1.29364,1.12,1.87
2016.01.27 20:11:28.095,1.29352,1.29362,1.00,1.25
2016.01.27 20:11:28.995,1.29354,1.29364,1.00,2.81
2016.01.27 20:11:31.084,1.29357,1.29365,1.00,3.94
2016.01.27 20:11:31.387,1.29359,1.29365,1.00,2.62
2016.01.27 20:11:31.540,1.29362,1.29366,1.00,1.50
2016.01.27 20:11:31.591,1.29364,1.29366,1.00,1.87
2016.01.27 20:11:32.064,1.29362,1.29367,3.07,1.37
2016.01.27 20:11:32.166,1.29358,1.29368,3.07,1.37
2016.01.27 20:11:32.269,1.29361,1.29367,1.00,1.37
2016.01.27 20:11:32.371,1.29357,1.29366,5.85,1.12
2016.01.27 20:11:32.472,1.29361,1.29365,3.07,1.00
2016.01.27 20:11:32.574,1.29359,1.29368,1.00,1.00
2016.01.27 20:11:32.922,1.29358,1.2937,3.07,4.12
2016.01.27 20:11:32.973,1.29358,1.29368,3.82,1.00
2016.01.27 20:11:33.478,1.29358,1.29367,3.07,1.00
2016.01.27 20:11:33.681,1.29356,1.29367,1.20,1.50
2016.01.27 20:11:34.154,1.29364,1.29367,2.62,1.00
2016.01.27 20:11:34.205,1.29365,1.29377,3.07,2.51
2016.01.27 20:11:34.408,1.29367,1.29376,3.07,1.50
2016.01.27 20:11:34.712,1.29365,1.29375,1.50,1.50
2016.01.27 20:11:35.226,1.29366,1.29375,3.07,1.00
2016.01.27 20:11:35.496,1.29368,1.29376,3.07,1.12
2016.01.27 20:11:35.620,1.29365,1.29376,1.00,1.12
2016.01.27 20:11:35.721,1.29368,1.29377,3.82,2.32
2016.01.27 20:11:36.026,1.29374,1.29384,1.00,1.56
2016.01.27 20:11:36.342,1.29373,1.2938,1.00,1.00
2016.01.27 20:11:36.394,1.2937,1.2938,1.00,3.37
2016.01.27 20:11:36.800,1.29368,1.29379,2.40,1.12
2016.01.27 20:11:37.016,1.29366,1.29377,4.12,2.06
2016.01.27 20:11:37.320,1.29368,1.29377,1.00,2.06
2016.01.27 20:11:37.976,1.29366,1.29377,1.12,2.44
2016.01.27 20:11:38.479,1.29366,1.29377,1.00,2.44
2016.01.27 20:11:38.985,1.29367,1.29378,1.00,1.87
2016.01.27 20:11:39.188,1.29366,1.29375,1.00,1.00
2016.01.27 20:11:39.674,1.29369,1.29377,3.07,1.00
2016.01.27 20:11:39.928,1.29367,1.29379,4.65,1.12
2016.01.27 20:11:40.232,1.29371,1.29381,3.07,3.00
2016.01.27 20:11:40.624,1.29369,1.29382,4.95,3.19
2016.01.27 20:11:40.776,1.29371,1.29381,3.07,1.50
2016.01.27 20:11:40.980,1.29369,1.29381,1.87,1.50
2016.01.27 20:11:41.082,1.2937,1.29381,4.12,1.50
2016.01.27 20:11:41.677,1.2937,1.2938,4.12,1.50
2016.01.27 20:11:41.728,1.29369,1.2938,1.56,2.62
2016.01.27 20:11:42.480,1.2937,1.29381,1.25,1.00
2016.01.27 20:11:42.532,1.29371,1.29381,3.75,1.00
2016.01.27 20:11:42.633,1.29369,1.29381,5.62,1.31
2016.01.27 20:11:43.134,1.29369,1.2938,4.87,1.50
2016.01.27 20:11:43.680,1.29369,1.2938,3.75,3.37
2016.01.27 20:11:44.228,1.29365,1.29373,1.00,1.00
2016.01.27 20:11:44.279,1.29363,1.29373,3.56,1.50
2016.01.27 20:11:44.380,1.29364,1.29374,4.50,2.25
2016.01.27 20:11:44.634,1.29368,1.29378,1.31,2.96
2016.01.27 20:11:45.068,1.29369,1.2938,3.75,2.70
2016.01.27 20:11:45.220,1.29369,1.2938,1.00,1.84
2016.01.27 20:11:45.271,1.2937,1.2938,3.75,1.57
2016.01.27 20:11:45.474,1.2937,1.29381,4.50,1.00
2016.01.27 20:11:45.639,1.2937,1.29382,1.19,4.27
2016.01.27 20:11:46.374,1.29372,1.2938,3.37,1.50
2016.01.27 20:11:46.628,1.29372,1.29382,3.37,1.12
2016.01.27 20:11:46.729,1.29369,1.2938,4.50,1.00
2016.01.27 20:11:47.305,1.29369,1.29378,3.37,1.00
2016.01.27 20:11:47.812,1.2937,1.29378,3.37,1.50
2016.01.27 20:11:49.244,1.29368,1.29378,4.12,1.50
2016.01.27 20:11:49.510,1.29368,1.29373,1.00,1.69
2016.01.27 20:11:49.561,1.29362,1.29373,1.69,3.19
2016.01.27 20:11:49.663,1.29363,1.29372,4.12,3.07
2016.01.27 20:11:49.919,1.29363,1.29374,1.19,4.09
2016.01.27 20:11:50.144,1.29363,1.29372,1.19,1.47
2016.01.27 20:11:50.533,1.29368,1.29376,1.25,1.50
2016.01.27 20:11:51.064,1.29367,1.29377,1.19,1.00
2016.01.27 20:11:51.624,1.29369,1.29377,1.00,1.50
2016.01.27 20:11:52.947,1.2937,1.2938,1.00,1.62
2016.01.27 20:11:53.049,1.29373,1.29381,1.00,1.31
2016.01.27 20:11:53.100,1.29373,1.29382,1.00,2.70
2016.01.27 20:11:53.201,1.29374,1.29383,1.50,4.69
2016.01.27 20:11:53.303,1.29376,1.29385,2.44,1.12
2016.01.27 20:11:53.456,1.2938,1.29387,1.00,1.69
2016.01.27 20:11:53.659,1.2938,1.29389,2.44,1.00
2016.01.27 20:11:54.185,1.2938,1.2939,1.00,3.75
2016.01.27 20:11:54.758,1.29381,1.29389,1.00,1.47
2016.01.27 20:11:55.286,1.29381,1.29391,1.00,1.97
2016.01.27 20:11:55.641,1.29381,1.2939,3.37,3.66
2016.01.27 20:11:55.744,1.29382,1.29392,1.12,1.97
2016.01.27 20:11:55.795,1.29385,1.2939,1.00,1.22
2016.01.27 20:11:55.899,1.29381,1.29392,5.62,1.22
2016.01.27 20:11:56.454,1.29382,1.29393,1.50,4.18
2016.01.27 20:11:57.083,1.29383,1.29393,1.50,5.68
2016.01.27 20:11:57.236,1.29387,1.29394,1.00,1.60
2016.01.27 20:11:57.563,1.29388,1.29394,1.00,4.03
2016.01.27 20:11:58.224,1.29389,1.29394,1.00,3.66
2016.01.27 20:11:58.275,1.29389,1.29396,1.00,4.03
2016.01.27 20:11:58.809,1.2939,1.29396,1.00,3.66
2016.01.27 20:11:59.316,1.29389,1.29396,1.50,3.66
2016.01.27 20:11:59.469,1.29388,1.29392,1.00,4.41
2016.01.27 20:11:59.709,1.29385,1.29392,2.25,5.16
2016.01.27 20:12:00.104,1.29383,1.29392,1.50,5.16
2016.01.27 20:12:00.358,1.29381,1.29389,1.50,4.03
2016.01.27 20:12:00.459,1.29379,1.29387,3.00,1.47
2016.01.27 20:12:00.561,1.29379,1.29386,1.00,3.66
2016.01.27 20:12:00.662,1.29377,1.29386,1.00,3.66
2016.01.27 20:12:01.167,1.29375,1.29386,3.37,4.03
2016.01.27 20:12:01.319,1.29374,1.29384,3.75,1.47
2016.01.27 20:12:01.866,1.29374,1.29384,1.00,5.68
2016.01.27 20:12:02.415,1.29373,1.29383,1.50,1.60
2016.01.27 20:12:02.936,1.29372,1.29382,2.06,1.22
2016.01.27 20:12:02.987,1.29372,1.2938,1.50,1.00
2016.01.27 20:12:03.292,1.2937,1.29379,1.87,1.47
2016.01.27 20:12:03.624,1.29372,1.29382,4.12,1.85
2016.01.27 20:12:03.952,1.29374,1.29382,1.00,1.00
2016.01.27 20:12:04.005,1.29373,1.2938,1.00,3.66
2016.01.27 20:12:04.107,1.29371,1.29379,1.00,1.60
2016.01.27 20:12:04.208,1.29371,1.29379,1.50,4.86
2016.01.27 20:12:04.310,1.29368,1.29377,2.06,1.00
2016.01.27 20:12:04.615,1.29366,1.29377,2.06,1.01
2016.01.27 20:12:04.767,1.29368,1.29378,3.75,1.95
2016.01.27 20:12:04.869,1.29367,1.29377,3.75,1.47
2016.01.27 20:12:04.970,1.29369,1.29378,3.75,3.07
2016.01.27 20:12:05.503,1.29367,1.29377,1.56,1.57
2016.01.27 20:12:05.554,1.29367,1.29378,5.25,3.00
2016.01.27 20:12:05.859,1.29369,1.29378,3.75,2.62
2016.01.27 20:12:06.265,1.29369,1.29375,3.75,1.37
2016.01.27 20:12:06.445,1.29369,1.29377,4.12,1.47
2016.01.27 20:12:06.496,1.29371,1.29379,1.00,1.25
2016.01.27 20:12:06.757,1.2937,1.29377,1.50,4.87
2016.01.27 20:12:06.859,1.29367,1.29377,1.12,4.12
2016.01.27 20:12:07.611,1.29367,1.29376,2.06,1.50
2016.01.27 20:12:07.718,1.29371,1.29378,1.56,1.12
2016.01.27 20:12:07.821,1.29372,1.29381,2.44,1.37
2016.01.27 20:12:07.872,1.29373,1.29382,1.37,1.09
2016.01.27 20:12:08.671,1.29373,1.29381,1.00,1.00
2016.01.27 20:12:08.976,1.2937,1.29379,1.12,3.75
2016.01.27 20:12:09.079,1.29372,1.29381,1.00,1.25
2016.01.27 20:12:09.130,1.29372,1.29379,1.50,1.00
2016.01.27 20:12:09.650,1.29373,1.2938,1.00,1.00
2016.01.27 20:12:09.701,1.29373,1.29383,1.56,1.12
2016.01.27 20:12:10.159,1.29375,1.29386,3.75,1.65
2016.01.27 20:12:10.943,1.29376,1.29386,4.50,1.27
2016.01.27 20:12:11.990,1.29374,1.29383,1.37,1.69
2016.01.27 20:12:12.042,1.29371,1.29383,2.44,3.00
2016.01.27 20:12:12.549,1.29371,1.29382,4.12,1.00
2016.01.27 20:12:12.600,1.2937,1.29382,3.64,1.24
2016.01.27 20:12:12.803,1.2937,1.29381,1.87,6.31
2016.01.27 20:12:13.085,1.29369,1.29381,2.06,4.88
2016.01.27 20:12:13.238,1.29369,1.29381,5.25,1.69
2016.01.27 20:12:13.542,1.29368,1.29379,4.12,1.37
2016.01.27 20:12:13.593,1.29367,1.29379,1.62,4.81
2016.01.27 20:12:13.695,1.29367,1.29379,4.50,1.62
2016.01.27 20:12:14.288,1.2937,1.29381,1.12,7.06
2016.01.27 20:12:14.592,1.2937,1.29381,1.87,6.38
2016.01.27 20:12:14.896,1.2937,1.29379,1.37,3.68
2016.01.27 20:12:15.441,1.29369,1.29377,1.87,3.68
2016.01.27 20:12:15.747,1.29368,1.29375,1.00,3.68
2016.01.27 20:12:16.102,1.29368,1.29373,1.00,3.68
2016.01.27 20:12:16.254,1.29366,1.29372,1.50,3.68
2016.01.27 20:12:16.441,1.2937,1.29372,1.00,3.68
2016.01.27 20:12:16.493,1.29377,1.29378,1.31,1.50
2016.01.27 20:12:16.559,1.29379,1.29382,3.75,1.12
2016.01.27 20:12:16.664,1.29384,1.2939,1.12,2.25
2016.01.27 20:12:16.716,1.2939,1.29391,1.00,1.12
2016.01.27 20:12:16.869,1.29398,1.294,1.00,1.50
2016.01.27 20:12:17.386,1.29389,1.29398,1.50,1.00
2016.01.27 20:12:17.438,1.2939,1.29402,1.12,5.70
2016.01.27 20:12:17.843,1.29393,1.29404,1.00,2.62
2016.01.27 20:12:18.323,1.29395,1.29403,3.75,1.00
2016.01.27 20:12:18.375,1.29395,1.29406,5.25,1.12
2016.01.27 20:12:18.527,1.29397,1.29406,1.00,1.12
2016.01.27 20:12:18.833,1.29397,1.29403,5.25,1.00
2016.01.27 20:12:19.170,1.29394,1.29396,1.00,1.00
2016.01.27 20:12:19.229,1.29389,1.29396,1.37,1.00
2016.01.27 20:12:19.533,1.29389,1.29397,1.37,6.45
2016.01.27 20:12:20.308,1.29389,1.29395,1.00,1.87
2016.01.27 20:12:20.363,1.29389,1.29395,1.00,1.00
2016.01.27 20:12:20.414,1.29387,1.29395,1.50,1.00
2016.01.27 20:12:20.921,1.29388,1.29394,1.00,1.00
2016.01.27 20:12:21.023,1.29389,1.29397,1.00,1.50
2016.01.27 20:12:21.255,1.2939,1.29399,1.00,1.00
2016.01.27 20:12:21.461,1.29391,1.29402,1.57,1.12
2016.01.27 20:12:21.512,1.29393,1.29402,1.00,1.00
2016.01.27 20:12:21.564,1.29393,1.29404,1.50,1.50
2016.01.27 20:12:22.019,1.29393,1.29404,1.50,2.32
2016.01.27 20:12:22.566,1.29392,1.29404,1.00,2.62
2016.01.27 20:12:23.167,1.29392,1.29403,1.00,1.00
2016.01.27 20:12:23.551,1.29391,1.294,1.00,1.30
2016.01.27 20:12:23.653,1.29387,1.29398,1.87,1.00
2016.01.27 20:12:24.169,1.29386,1.29399,3.82,1.87
2016.01.27 20:12:24.372,1.29388,1.294,1.00,1.72
2016.01.27 20:12:24.739,1.29392,1.29403,1.00,5.77
2016.01.27 20:12:24.944,1.2939,1.29401,3.52,1.35
2016.01.27 20:12:25.301,1.2939,1.29398,1.50,1.00
2016.01.27 20:12:25.604,1.29388,1.29396,1.00,1.72
2016.01.27 20:12:25.835,1.29386,1.29396,1.12,2.47
2016.01.27 20:12:26.189,1.29388,1.29396,1.00,2.85
2016.01.27 20:12:26.527,1.2939,1.29398,1.50,2.47
2016.01.27 20:12:26.679,1.2939,1.294,2.25,3.67
2016.01.27 20:12:27.213,1.29391,1.294,1.00,1.12
2016.01.27 20:12:27.366,1.29389,1.29399,1.50,1.00
2016.01.27 20:12:27.620,1.29388,1.29394,1.87,1.00
2016.01.27 20:12:27.823,1.29387,1.29397,2.06,1.00
2016.01.27 20:12:28.169,1.29387,1.29397,2.62,1.00
2016.01.27 20:12:28.371,1.29388,1.294,1.87,4.77
2016.01.27 20:12:28.587,1.29388,1.29396,1.37,1.00
2016.01.27 20:12:28.689,1.29385,1.29397,2.06,2.62
2016.01.27 20:12:29.086,1.29383,1.29392,1.50,1.00
2016.01.27 20:12:29.391,1.29377,1.2939,1.69,3.90
2016.01.27 20:12:29.460,1.29377,1.2939,1.69,3.90
2016.01.27 20:12:30.033,1.29378,1.29388,4.12,1.00
2016.01.27 20:12:30.256,1.29379,1.2939,1.56,3.15
2016.01.27 20:12:30.611,1.29385,1.29391,1.00,1.00
2016.01.27 20:12:30.764,1.29389,1.29397,1.56,3.00
2016.01.27 20:12:30.916,1.2939,1.29401,1.12,4.39
2016.01.27 20:12:31.494,1.29389,1.29401,1.87,5.52
2016.01.27 20:12:31.596,1.29389,1.29401,1.87,7.02
2016.01.27 20:12:31.900,1.29386,1.29398,1.87,3.45
2016.01.27 20:12:32.237,1.29387,1.29398,1.87,1.00
2016.01.27 20:12:32.541,1.29385,1.29398,4.01,1.87
2016.01.27 20:12:33.251,1.29386,1.29398,1.87,4.20
2016.01.27 20:12:33.555,1.29387,1.29399,2.44,1.95
2016.01.27 20:12:33.859,1.29387,1.29399,1.69,1.12
2016.01.27 20:12:34.587,1.29387,1.29399,1.87,3.82
2016.01.27 20:12:34.979,1.29389,1.294,1.87,5.02
2016.01.27 20:12:35.546,1.2939,1.29399,4.69,1.00
2016.01.27 20:12:35.751,1.2939,1.29399,2.51,1.00
2016.01.27 20:12:36.005,1.29388,1.29397,1.87,3.07
2016.01.27 20:12:36.309,1.29388,1.29398,6.19,1.00
2016.01.27 20:12:36.636,1.2939,1.294,4.12,1.00
2016.01.27 20:12:36.889,1.2939,1.294,4.50,1.00
2016.01.27 20:12:37.092,1.2939,1.29402,3.00,1.12
2016.01.27 20:12:37.194,1.2939,1.29398,2.25,1.00
2016.01.27 20:12:37.406,1.2939,1.294,2.25,1.00
2016.01.27 20:12:37.832,1.29389,1.29398,1.37,1.22
2016.01.27 20:12:38.136,1.29389,1.29397,1.00,4.16
2016.01.27 20:12:38.288,1.29387,1.29395,1.00,4.16
2016.01.27 20:12:38.389,1.29385,1.29395,2.62,4.16
2016.01.27 20:12:38.541,1.29385,1.29392,1.87,3.41
2016.01.27 20:12:38.938,1.29384,1.29391,1.12,4.16
2016.01.27 20:12:38.989,1.29382,1.2939,1.00,1.22
2016.01.27 20:12:39.394,1.29381,1.29392,2.25,2.47
2016.01.27 20:12:39.496,1.29381,1.29389,1.12,4.16
2016.01.27 20:12:39.597,1.29379,1.29389,3.07,4.16
2016.01.27 20:12:40.022,1.29377,1.29386,1.87,5.29
2016.01.27 20:12:40.124,1.29375,1.29383,1.87,1.35
2016.01.27 20:12:40.377,1.29377,1.29385,1.50,1.30
2016.01.27 20:12:41.109,1.29379,1.29389,1.00,3.41
2016.01.27 20:12:41.636,1.2938,1.29389,1.00,3.41
2016.01.27 20:12:41.688,1.2938,1.2939,2.25,1.42
2016.01.27 20:12:42.021,1.29375,1.29386,3.94,1.72
2016.01.27 20:12:42.480,1.29372,1.29383,1.69,1.30
2016.01.27 20:12:43.448,1.29372,1.29383,1.25,1.72
2016.01.27 20:12:43.873,1.2937,1.29381,3.37,5.29
2016.01.27 20:12:44.405,1.29369,1.29379,1.69,1.00
2016.01.27 20:12:44.658,1.29371,1.29382,2.06,1.12
2016.01.27 20:12:45.173,1.29372,1.29383,3.19,2.02
2016.01.27 20:12:45.224,1.29373,1.29384,4.87,1.00
2016.01.27 20:12:45.528,1.29394,1.29397,1.87,2.99
2016.01.27 20:12:45.580,1.29396,1.29401,4.87,1.37
2016.01.27 20:12:45.631,1.29398,1.29402,1.01,1.00
2016.01.27 20:12:45.888,1.29398,1.29409,2.96,1.50
2016.01.27 20:12:46.395,1.294,1.2941,1.31,1.12
2016.01.27 20:12:46.497,1.29399,1.29408,2.21,1.00
2016.01.27 20:12:46.787,1.29397,1.29408,2.06,1.00
2016.01.27 20:12:46.838,1.29397,1.29403,1.31,1.00
2016.01.27 20:12:47.091,1.29393,1.29401,2.89,1.00
2016.01.27 20:12:47.294,1.29393,1.29399,1.76,1.00
2016.01.27 20:12:47.448,1.29392,1.29398,1.25,1.00
2016.01.27 20:12:47.498,1.29391,1.294,2.14,1.00
2016.01.27 20:12:47.600,1.2939,1.29396,4.50,1.00
2016.01.27 20:12:48.110,1.29391,1.29395,1.00,1.00
2016.01.27 20:12:48.313,1.29387,1.29395,6.37,1.00
2016.01.27 20:12:48.819,1.29385,1.29394,5.70,1.00
2016.01.27 20:12:49.356,1.29387,1.29394,1.31,1.00
2016.01.27 20:12:49.407,1.29388,1.29396,1.56,1.00
2016.01.27 20:12:49.961,1.29388,1.29397,1.69,1.00
2016.01.27 20:12:50.470,1.29388,1.29396,1.31,1.00
2016.01.27 20:12:50.522,1.2939,1.29396,1.00,1.00
2016.01.27 20:12:50.725,1.2939,1.29399,1.31,1.00
2016.01.27 20:12:51.200,1.29389,1.29397,5.70,1.00
2016.01.27 20:12:51.706,1.29391,1.29398,3.75,1.00
2016.01.27 20:12:52.565,1.29391,1.29397,4.50,1.00
2016.01.27 20:12:52.616,1.29391,1.29397,1.00,1.00
2016.01.27 20:12:52.717,1.29389,1.29396,1.00,1.00
2016.01.27 20:12:52.768,1.29387,1.29396,2.44,1.12
2016.01.27 20:12:52.920,1.29385,1.29394,6.15,1.00
2016.01.27 20:12:53.259,1.29385,1.29394,2.14,1.00
2016.01.27 20:12:53.311,1.29385,1.29394,5.62,1.00
2016.01.27 20:12:53.666,1.29385,1.29389,4.87,1.00
2016.01.27 20:12:53.717,1.29384,1.29389,3.75,1.00
2016.01.27 20:12:53.819,1.29382,1.29389,1.31,1.00
2016.01.27 20:12:54.022,1.2938,1.29388,1.84,1.00
2016.01.27 20:12:54.572,1.29381,1.29389,1.20,1.00
2016.01.27 20:12:54.882,1.29379,1.29387,1.50,1.00
2016.01.27 20:12:55.186,1.29377,1.29386,2.96,1.00
2016.01.27 20:12:55.696,1.29378,1.29386,1.12,1.00
2016.01.27 20:12:56.158,1.29375,1.29386,1.84,1.87
2016.01.27 20:12:56.664,1.29374,1.29381,1.50,1.00
2016.01.27 20:12:57.171,1.29373,1.29381,1.25,1.00
2016.01.27 20:12:57.499,1.29375,1.29383,1.31,1.00
2016.01.27 20:12:58.042,1.29374,1.29384,2.81,1.00
2016.01.27 20:12:58.346,1.29378,1.29387,3.75,1.00
2016.01.27 20:12:58.918,1.29378,1.29386,3.75,1.12
2016.01.27 20:12:59.176,1.29377,1.29386,3.75,1.12
2016.01.27 20:12:59.378,1.29377,1.29381,3.75,1.00
2016.01.27 20:12:59.429,1.29375,1.29381,1.25,1.00
2016.01.27 20:12:59.530,1.29374,1.29383,1.69,1.00
2016.01.27 20:12:59.879,1.29378,1.29383,1.00,1.50
2016.01.27 20:13:00.082,1.29387,1.29393,1.00,1.00
2016.01.27 20:13:00.133,1.29387,1.29391,1.00,1.00
2016.01.27 20:13:00.387,1.29384,1.29393,2.62,1.30
2016.01.27 20:13:00.539,1.29384,1.29395,2.81,3.00
2016.01.27 20:13:00.590,1.29384,1.29388,2.81,1.12
2016.01.27 20:13:00.994,1.29393,1.29398,1.00,7.80
2016.01.27 20:13:01.302,1.29407,1.2941,3.75,1.12
2016.01.27 20:13:01.404,1.29403,1.29407,3.75,1.00
2016.01.27 20:13:01.455,1.29403,1.29412,3.75,3.00
2016.01.27 20:13:01.747,1.29401,1.29411,4.12,1.50
2016.01.27 20:13:01.950,1.294,1.29411,2.44,2.25
2016.01.27 20:13:02.001,1.294,1.29405,2.81,1.00
2016.01.27 20:13:02.103,1.294,1.29411,1.56,2.62
2016.01.27 20:13:02.205,1.29399,1.29408,1.25,1.00
2016.01.27 20:13:02.257,1.29397,1.29409,2.06,1.00
2016.01.27 20:13:02.359,1.29395,1.29409,5.70,4.87
2016.01.27 20:13:02.744,1.29396,1.29406,3.75,1.50
2016.01.27 20:13:02.998,1.29398,1.29408,1.56,1.50
2016.01.27 20:13:03.301,1.29398,1.2941,2.06,1.87
2016.01.27 20:13:03.892,1.29398,1.2941,2.81,1.50
2016.01.27 20:13:03.943,1.294,1.2941,4.12,1.50
2016.01.27 20:13:04.088,1.294,1.2941,1.87,1.50
2016.01.27 20:13:04.292,1.29397,1.29411,2.25,5.70
2016.01.27 20:13:04.393,1.29396,1.29407,1.37,2.45
2016.01.27 20:13:04.495,1.29395,1.29407,1.87,2.45
2016.01.27 20:13:04.884,1.29395,1.29405,1.87,1.50
2016.01.27 20:13:04.986,1.29396,1.29407,1.87,1.50
2016.01.27 20:13:05.290,1.29396,1.29408,1.87,1.50
2016.01.27 20:13:05.593,1.29396,1.29407,1.87,1.87
2016.01.27 20:13:05.899,1.29397,1.29409,1.50,1.12
2016.01.27 20:13:06.153,1.294,1.29409,1.50,1.12
2016.01.27 20:13:06.560,1.29397,1.29408,1.87,1.87
2016.01.27 20:13:07.093,1.29397,1.2941,3.37,3.00
2016.01.27 20:13:07.603,1.29398,1.2941,1.87,2.25
2016.01.27 20:13:07.909,1.29402,1.2941,1.50,2.25
2016.01.27 20:13:08.348,1.294,1.2941,1.50,2.25
2016.01.27 20:13:08.418,1.29397,1.2941,4.87,2.25
2016.01.27 20:13:08.571,1.29397,1.29408,2.25,1.00
2016.01.27 20:13:08.875,1.294,1.29407,1.50,1.50
2016.01.27 20:13:08.977,1.29397,1.29408,1.50,1.87
2016.01.27 20:13:09.650,1.29398,1.29408,1.50,1.50
2016.01.27 20:13:10.158,1.29399,1.29409,1.00,1.00
2016.01.27 20:13:10.405,1.29401,1.29412,1.50,3.00
2016.01.27 20:13:10.559,1.29401,1.29412,1.50,1.12
2016.01.27 20:13:11.202,1.29401,1.29413,1.50,3.75
2016.01.27 20:13:11.304,1.29404,1.29411,1.50,1.00
2016.01.27 20:13:11.693,1.29406,1.29414,1.50,1.00
2016.01.27 20:13:11.846,1.29406,1.29416,1.50,2.25
2016.01.27 20:13:11.949,1.29404,1.29416,1.50,1.87
2016.01.27 20:13:12.305,1.29404,1.29415,1.50,1.50
2016.01.27 20:13:12.890,1.29406,1.29416,1.50,1.87
2016.01.27 20:13:13.194,1.29404,1.29417,3.75,2.62
2016.01.27 20:13:13.296,1.29408,1.29417,1.50,2.62
2016.01.27 20:13:13.406,1.29406,1.29417,1.50,2.25
2016.01.27 20:13:13.659,1.29406,1.29417,1.50,2.25
2016.01.27 20:13:13.710,1.29408,1.29417,1.50,1.50
2016.01.27 20:13:14.029,1.2941,1.29419,1.50,1.50
2016.01.27 20:13:14.333,1.29412,1.29418,2.25,1.37
2016.01.27 20:13:14.384,1.2941,1.29418,1.00,1.37
2016.01.27 20:13:14.487,1.29412,1.29418,2.25,1.50
2016.01.27 20:13:14.539,1.29412,1.2942,2.62,1.00
2016.01.27 20:13:14.640,1.29414,1.29423,1.00,1.00
2016.01.27 20:13:15.149,1.29419,1.29426,3.37,1.37
2016.01.27 20:13:15.250,1.29419,1.29428,3.37,1.12
2016.01.27 20:13:15.904,1.29418,1.29428,2.62,2.25
2016.01.27 20:13:16.108,1.29416,1.29425,4.50,1.00
2016.01.27 20:13:16.463,1.29415,1.29424,1.50,1.87
2016.01.27 20:13:16.846,1.29412,1.2942,3.75,1.00
2016.01.27 20:13:16.897,1.2941,1.2942,5.25,1.50
2016.01.27 20:13:16.948,1.2941,1.29421,4.87,1.12
2016.01.27 20:13:17.454,1.2941,1.2942,3.00,1.37
2016.01.27 20:13:17.505,1.29408,1.29419,4.87,1.00
2016.01.27 20:13:17.708,1.2941,1.29418,3.00,1.00
2016.01.27 20:13:18.123,1.29408,1.29418,1.12,1.12
2016.01.27 20:13:18.176,1.2941,1.29421,3.00,2.25
2016.01.27 20:13:18.697,1.29411,1.29422,1.12,2.62
2016.01.27 20:13:19.223,1.29408,1.29421,4.12,1.12
2016.01.27 20:13:19.477,1.29407,1.29418,1.50,1.79
2016.01.27 20:13:19.883,1.29408,1.2942,2.62,1.12
2016.01.27 20:13:20.035,1.29409,1.29421,1.37,3.75
2016.01.27 20:13:20.278,1.29408,1.29419,2.25,1.79
2016.01.27 20:13:20.790,1.29407,1.29419,3.75,3.00
2016.01.27 20:13:20.942,1.29406,1.29417,1.50,3.37
2016.01.27 20:13:21.451,1.29406,1.29407,1.50,1.00
2016.01.27 20:13:21.503,1.29398,1.29407,3.00,1.50
2016.01.27 20:13:21.555,1.29395,1.29405,1.12,1.37
2016.01.27 20:13:21.758,1.29392,1.29403,3.00,1.12
2016.01.27 20:13:22.012,1.29392,1.29401,3.00,1.00
2016.01.27 20:13:22.522,1.29392,1.29402,3.00,1.00
2016.01.27 20:13:23.080,1.29392,1.29401,3.00,1.00
2016.01.27 20:13:23.131,1.2939,1.294,1.50,1.00
2016.01.27 20:13:23.334,1.29388,1.29401,2.62,4.12
2016.01.27 20:13:23.556,1.29388,1.29401,2.25,3.75
2016.01.27 20:13:23.862,1.2939,1.29401,2.25,2.54
2016.01.27 20:13:24.295,1.29394,1.29402,1.00,1.00
2016.01.27 20:13:24.739,1.29394,1.29405,3.37,1.12
2016.01.27 20:13:24.890,1.29396,1.29405,2.25,1.12
2016.01.27 20:13:25.194,1.29398,1.29407,1.12,1.00
2016.01.27 20:13:25.296,1.29398,1.2941,1.87,1.15
2016.01.27 20:13:25.560,1.29398,1.29409,1.87,3.30
2016.01.27 20:13:25.621,1.29398,1.2941,1.12,1.99
2016.01.27 20:13:26.136,1.29397,1.29408,1.87,1.15
2016.01.27 20:13:26.187,1.29397,1.29406,1.12,4.05
2016.01.27 20:13:26.390,1.29391,1.294,1.12,1.87
2016.01.27 20:13:26.802,1.29393,1.29404,1.00,1.50
2016.01.27 20:13:26.853,1.29393,1.29405,1.00,3.86
2016.01.27 20:13:27.106,1.29395,1.29405,1.00,3.37
2016.01.27 20:13:27.308,1.29396,1.29405,1.00,2.25
2016.01.27 20:13:27.827,1.29397,1.29406,1.50,3.30
2016.01.27 20:13:27.930,1.29396,1.29408,1.00,3.07
2016.01.27 20:13:28.285,1.29395,1.29406,1.00,5.92
2016.01.27 20:13:28.437,1.29392,1.29405,5.17,3.19
2016.01.27 20:13:29.085,1.29393,1.29403,1.12,1.37
2016.01.27 20:13:29.640,1.29392,1.29403,4.42,1.37
2016.01.27 20:13:29.691,1.29392,1.29404,4.42,2.36
2016.01.27 20:13:30.035,1.29391,1.29403,1.12,5.92
2016.01.27 20:13:30.340,1.29393,1.29404,1.50,4.05
2016.01.27 20:13:30.736,1.2939,1.29401,1.12,4.42
2016.01.27 20:13:30.963,1.29387,1.294,4.50,1.99
2016.01.27 20:13:31.015,1.29387,1.29398,2.25,4.42
2016.01.27 20:13:31.527,1.29387,1.29397,1.37,2.25
2016.01.27 20:13:31.914,1.29384,1.29395,3.67,1.12
2016.01.27 20:13:32.217,1.29386,1.29397,2.92,1.37
2016.01.27 20:13:32.520,1.29388,1.29397,2.92,1.00
2016.01.27 20:13:32.952,1.29388,1.29399,2.92,3.75
2016.01.27 20:13:33.104,1.29387,1.29394,1.00,1.00
2016.01.27 20:13:33.155,1.29385,1.29394,1.87,1.00
2016.01.27 20:13:33.471,1.29383,1.29395,1.50,1.24
2016.01.27 20:13:34.178,1.29384,1.29396,3.75,2.81
2016.01.27 20:13:34.534,1.29384,1.29395,3.75,3.00
2016.01.27 20:13:34.637,1.29382,1.29394,6.15,1.50
2016.01.27 20:13:34.996,1.29382,1.29393,1.25,2.25
2016.01.27 20:13:35.188,1.29382,1.29391,1.00,1.07
2016.01.27 20:13:35.391,1.2938,1.29391,2.06,1.07
2016.01.27 20:13:35.747,1.29379,1.29388,1.50,3.51
2016.01.27 20:13:35.952,1.29375,1.29386,4.69,1.07
2016.01.27 20:13:36.640,1.2938,1.29387,3.37,2.25
2016.01.27 20:13:36.741,1.29379,1.29386,2.06,1.00
2016.01.27 20:13:37.020,1.29379,1.29389,1.12,1.45
2016.01.27 20:13:37.562,1.29377,1.2939,2.44,5.76
2016.01.27 20:13:38.104,1.29377,1.2939,1.69,2.57
2016.01.27 20:13:39.872,1.29378,1.2939,1.00,2.20
2016.01.27 20:13:41.197,1.29378,1.2939,1.25,4.26
2016.01.27 20:13:41.257,1.2938,1.2939,1.00,1.50
2016.01.27 20:13:41.564,1.29383,1.29394,1.31,1.82
2016.01.27 20:13:41.615,1.29383,1.29394,1.56,1.07
2016.01.27 20:13:41.920,1.29384,1.29394,4.50,1.00
2016.01.27 20:13:42.464,1.29386,1.29396,3.37,1.37
2016.01.27 20:13:42.515,1.29386,1.29397,5.25,1.12
2016.01.27 20:13:42.566,1.29388,1.29397,3.37,1.12
2016.01.27 20:13:42.718,1.29388,1.29398,1.00,5.01
2016.01.27 20:13:43.114,1.29386,1.29397,1.25,1.87
2016.01.27 20:13:43.367,1.29385,1.29395,1.69,1.37
2016.01.27 20:13:44.262,1.29384,1.29394,1.69,1.00
2016.01.27 20:13:44.364,1.29382,1.29392,1.00,1.07
2016.01.27 20:13:44.465,1.29379,1.29392,2.06,1.45
2016.01.27 20:13:44.971,1.29379,1.29391,4.12,2.06
2016.01.27 20:13:45.519,1.29378,1.2939,5.62,1.00
2016.01.27 20:13:46.054,1.29378,1.29389,6.37,1.00
2016.01.27 20:13:46.383,1.29377,1.29388,2.44,1.31
2016.01.27 20:13:46.435,1.29377,1.29387,1.50,3.75
2016.01.27 20:13:46.588,1.29375,1.29386,2.06,2.06
2016.01.27 20:13:47.090,1.29375,1.29384,2.06,1.00
2016.01.27 20:13:48.246,1.29375,1.29385,1.50,1.94
2016.01.27 20:13:49.022,1.29376,1.29385,1.00,2.06
2016.01.27 20:13:49.529,1.29377,1.29386,1.00,1.69
2016.01.27 20:13:49.834,1.29378,1.29389,1.56,2.51
2016.01.27 20:13:50.168,1.29381,1.29389,1.00,2.06
2016.01.27 20:13:50.219,1.29381,1.2939,2.06,1.00
2016.01.27 20:13:51.167,1.2938,1.29392,4.50,2.44
2016.01.27 20:13:51.887,1.2938,1.29392,1.56,1.75
2016.01.27 20:13:52.407,1.2938,1.2939,1.00,2.10
2016.01.27 20:13:53.071,1.29379,1.2939,2.06,2.10
2016.01.27 20:13:53.274,1.29381,1.29391,1.31,1.67
2016.01.27 20:13:53.577,1.29384,1.29393,1.50,1.87
2016.01.27 20:13:54.247,1.29384,1.29394,2.06,1.87
2016.01.27 20:13:54.349,1.29385,1.29395,4.50,4.50
2016.01.27 20:13:54.997,1.29387,1.29397,5.25,2.25
2016.01.27 20:13:55.100,1.29387,1.29397,2.06,2.85
2016.01.27 20:13:55.455,1.2939,1.29397,3.75,1.12
2016.01.27 20:13:55.657,1.2939,1.29399,3.75,1.12
2016.01.27 20:13:56.160,1.29389,1.29395,1.87,6.11
2016.01.27 20:13:56.228,1.29385,1.29392,1.00,4.16
2016.01.27 20:13:56.279,1.29383,1.29392,1.00,5.29
2016.01.27 20:13:56.432,1.29381,1.2939,2.25,1.30
2016.01.27 20:13:56.585,1.29379,1.2939,3.75,1.69
2016.01.27 20:13:56.787,1.29379,1.29385,1.00,1.00
2016.01.27 20:13:57.015,1.29378,1.29389,1.00,2.81
2016.01.27 20:13:57.168,1.2938,1.2939,1.00,3.19
2016.01.27 20:13:57.632,1.2938,1.2939,5.89,1.37
2016.01.27 20:13:58.420,1.2938,1.2939,1.50,4.12
2016.01.27 20:13:58.673,1.29379,1.29391,3.73,3.37
2016.01.27 20:13:59.031,1.29381,1.29392,1.00,1.37
2016.01.27 20:13:59.371,1.29381,1.29392,4.67,1.37
2016.01.27 20:13:59.524,1.29381,1.29393,2.23,3.75
2016.01.27 20:14:00.031,1.2938,1.2939,1.50,1.50
2016.01.27 20:14:00.082,1.29381,1.2939,1.36,1.50
2016.01.27 20:14:00.620,1.2938,1.2939,1.50,1.50
2016.01.27 20:14:00.924,1.2938,1.2939,3.55,1.50
2016.01.27 20:14:01.077,1.29379,1.2939,1.48,1.00
2016.01.27 20:14:01.565,1.29382,1.2939,1.00,1.00
2016.01.27 20:14:01.719,1.29378,1.2939,6.55,1.12
2016.01.27 20:14:01.921,1.29378,1.29389,2.23,1.12
2016.01.27 20:14:02.473,1.29376,1.29387,1.48,1.50
2016.01.27 20:14:02.778,1.29376,1.29385,1.87,3.15
2016.01.27 20:14:02.830,1.29376,1.29387,1.87,3.15
2016.01.27 20:14:02.931,1.29376,1.29385,1.12,1.00
2016.01.27 20:14:03.433,1.29375,1.29385,4.30,1.50
2016.01.27 20:14:03.739,1.29377,1.29385,3.55,1.20
2016.01.27 20:14:03.943,1.29374,1.29383,3.55,1.00
2016.01.27 20:14:03.994,1.29374,1.29382,3.55,1.47
2016.01.27 20:14:04.185,1.29377,1.29385,1.00,3.00
2016.01.27 20:14:04.237,1.29377,1.29386,3.92,1.87
2016.01.27 20:14:04.543,1.29382,1.29389,3.55,1.00
2016.01.27 20:14:04.594,1.2938,1.29389,1.12,1.00
2016.01.27 20:14:04.797,1.29378,1.29391,2.23,3.00
2016.01.27 20:14:04.848,1.29378,1.2939,2.23,1.00
2016.01.27 20:14:05.533,1.29377,1.2939,2.98,1.50
2016.01.27 20:14:06.042,1.29378,1.29389,1.00,4.80
2016.01.27 20:14:06.372,1.29379,1.29391,2.23,2.32
2016.01.27 20:14:06.676,1.29382,1.29391,1.00,1.20
2016.01.27 20:14:06.980,1.29384,1.29394,1.48,1.00
2016.01.27 20:14:07.554,1.29385,1.29395,4.95,1.00
2016.01.27 20:14:07.606,1.29386,1.29397,1.00,1.50
2016.01.27 20:14:08.113,1.29385,1.29396,5.32,1.00
2016.01.27 20:14:08.585,1.29386,1.29396,1.87,1.00
2016.01.27 20:14:08.737,1.29387,1.29399,1.12,1.50
2016.01.27 20:14:09.249,1.29386,1.29398,1.37,5.77
2016.01.27 20:14:09.301,1.29386,1.29397,1.00,1.37
2016.01.27 20:14:09.807,1.29385,1.29396,1.12,1.50
2016.01.27 20:14:10.317,1.29384,1.29395,1.00,2.25
2016.01.27 20:14:10.368,1.29383,1.29394,1.12,1.37
2016.01.27 20:14:10.672,1.29381,1.29392,1.50,2.62
2016.01.27 20:14:11.174,1.2938,1.29391,1.87,1.50
2016.01.27 20:14:11.723,1.2938,1.29392,2.25,1.00
2016.01.27 20:14:12.278,1.2938,1.29392,2.25,1.12
2016.01.27 20:14:12.935,1.29381,1.29392,1.00,1.87
2016.01.27 20:14:13.267,1.2938,1.29388,1.00,1.00
2016.01.27 20:14:13.598,1.2938,1.2939,1.00,1.00
2016.01.27 20:14:13.952,1.29378,1.29389,1.87,1.00
2016.01.27 20:14:14.105,1.29379,1.29389,2.62,1.87
2016.01.27 20:14:14.590,1.29384,1.29391,1.00,1.00
2016.01.27 20:14:14.742,1.29379,1.29389,2.62,1.12
2016.01.27 20:14:14.844,1.29379,1.29385,1.50,1.00
2016.01.27 20:14:14.945,1.29375,1.29386,3.37,4.42
2016.01.27 20:14:15.097,1.29376,1.29383,1.00,1.37
2016.01.27 20:14:15.308,1.29371,1.2938,1.00,4.27
2016.01.27 20:14:15.794,1.29369,1.29379,1.50,1.12
2016.01.27 20:14:16.301,1.2937,1.29378,1.00,1.00
2016.01.27 20:14:16.778,1.29375,1.2938,1.87,1.37
2016.01.27 20:14:16.829,1.29376,1.29386,1.00,1.00
2016.01.27 20:14:17.083,1.29375,1.29382,2.25,1.00
2016.01.27 20:14:17.438,1.29375,1.29384,1.50,1.00
2016.01.27 20:14:17.731,1.29372,1.29382,3.00,1.37
2016.01.27 20:14:17.782,1.29372,1.29384,1.87,2.62
2016.01.27 20:14:18.086,1.29372,1.29381,1.00,1.00
2016.01.27 20:14:18.289,1.2937,1.29381,3.56,2.62
2016.01.27 20:14:18.441,1.29372,1.29382,1.00,1.50
2016.01.27 20:14:18.787,1.29373,1.29385,5.49,3.00
2016.01.27 20:14:19.322,1.29374,1.29384,1.87,1.00
2016.01.27 20:14:19.928,1.29373,1.29386,2.44,1.29
2016.01.27 20:14:20.031,1.29375,1.29387,1.00,6.10
2016.01.27 20:14:20.441,1.29376,1.29388,3.75,1.79
2016.01.27 20:14:20.643,1.29379,1.2939,1.00,3.82
2016.01.27 20:14:21.158,1.29379,1.29388,1.00,1.00
2016.01.27 20:14:21.360,1.29376,1.29387,3.75,1.04
2016.01.27 20:14:21.411,1.29376,1.29384,1.50,1.00
2016.01.27 20:14:21.715,1.29373,1.29384,5.44,1.00
2016.01.27 20:14:21.817,1.29373,1.29382,5.06,1.00
2016.01.27 20:14:22.122,1.29371,1.2938,1.00,1.00
2016.01.27 20:14:22.326,1.29368,1.29378,7.12,1.00
2016.01.27 20:14:24.250,1.2937,1.29378,1.56,1.00
2016.01.27 20:14:24.352,1.29371,1.29382,3.19,2.62
2016.01.27 20:14:24.405,1.29374,1.29383,1.00,1.95
2016.01.27 20:14:24.790,1.29372,1.29382,2.62,1.32
2016.01.27 20:14:25.297,1.29371,1.29381,1.31,1.00
2016.01.27 20:14:25.600,1.29371,1.29384,2.44,1.87
2016.01.27 20:14:25.988,1.29373,1.29381,1.00,1.07
2016.01.27 20:14:26.140,1.29371,1.29381,1.00,1.07
2016.01.27 20:14:26.531,1.29369,1.2938,4.87,1.00
2016.01.27 20:14:27.200,1.29369,1.29379,2.25,1.00
2016.01.27 20:14:27.918,1.29369,1.29377,1.00,1.00
2016.01.27 20:14:28.247,1.29367,1.29375,1.00,3.75
2016.01.27 20:14:28.349,1.29362,1.29372,1.00,1.00
2016.01.27 20:14:28.552,1.2936,1.2937,1.12,1.12
2016.01.27 20:14:28.855,1.29358,1.29368,4.72,1.00
2016.01.27 20:14:29.393,1.29358,1.29369,1.41,1.00
2016.01.27 20:14:29.444,1.29357,1.29369,3.79,1.50
2016.01.27 20:14:29.546,1.29357,1.29369,1.12,6.51
2016.01.27 20:14:29.850,1.29355,1.29364,1.16,1.00
2016.01.27 20:14:30.465,1.29352,1.29364,2.66,2.25
2016.01.27 20:14:30.971,1.29353,1.29364,4.35,1.87
2016.01.27 20:14:31.485,1.29353,1.29364,4.35,1.12
2016.01.27 20:14:32.030,1.29353,1.29363,3.60,1.12
2016.01.27 20:14:32.182,1.29352,1.29361,1.16,1.12
2016.01.27 20:14:32.284,1.29351,1.29357,2.62,1.00
2016.01.27 20:14:32.674,1.29356,1.29357,1.00,1.00
2016.01.27 20:14:32.726,1.29356,1.29364,1.41,1.00
2016.01.27 20:14:32.777,1.29358,1.29367,1.00,4.12
2016.01.27 20:14:32.829,1.29358,1.29367,6.60,1.12
2016.01.27 20:14:33.277,1.29363,1.29367,3.60,2.87
2016.01.27 20:14:33.328,1.29363,1.29372,3.60,1.00
2016.01.27 20:14:33.379,1.29362,1.29372,1.41,1.00
2016.01.27 20:14:33.531,1.29363,1.29372,3.60,1.87
2016.01.27 20:14:34.060,1.29363,1.29372,3.60,2.62
2016.01.27 20:14:34.263,1.29361,1.29372,1.91,1.00
2016.01.27 20:14:34.416,1.2936,1.29371,1.87,1.00
2016.01.27 20:14:35.569,1.29361,1.29371,1.00,1.12
2016.01.27 20:14:35.898,1.29361,1.29369,1.00,1.00
2016.01.27 20:14:36.420,1.2936,1.29369,1.87,1.00
2016.01.27 20:14:37.873,1.29361,1.29369,1.00,1.00
2016.01.27 20:14:38.315,1.29365,1.29371,1.00,1.00
2016.01.27 20:14:38.467,1.29363,1.29371,1.54,1.00
2016.01.27 20:14:38.986,1.29361,1.29371,4.16,1.00
2016.01.27 20:14:39.088,1.2936,1.29368,1.54,1.00
2016.01.27 20:14:39.139,1.29359,1.29368,1.50,2.06
2016.01.27 20:14:39.240,1.29357,1.29366,1.00,1.00
2016.01.27 20:14:39.744,1.29357,1.29366,1.41,1.00
2016.01.27 20:14:40.300,1.29356,1.29367,5.47,1.00
2016.01.27 20:14:40.896,1.29356,1.29367,1.50,6.00
2016.01.27 20:14:41.099,1.29356,1.29367,1.05,1.00
2016.01.27 20:14:41.302,1.29357,1.29367,1.54,1.00
2016.01.27 20:14:41.606,1.29356,1.29364,3.60,1.00
2016.01.27 20:14:41.841,1.29354,1.29363,1.91,1.00
2016.01.27 20:14:42.195,1.29353,1.29361,1.23,1.00
2016.01.27 20:14:42.701,1.29351,1.2936,4.48,1.00
2016.01.27 20:14:42.945,1.29349,1.29359,4.48,1.00
2016.01.27 20:14:43.097,1.29347,1.29358,3.73,1.12
2016.01.27 20:14:43.402,1.29349,1.29357,3.75,1.00
2016.01.27 20:14:44.061,1.29347,1.29357,1.80,1.00
2016.01.27 20:14:44.518,1.29345,1.29356,2.25,1.56
2016.01.27 20:14:44.570,1.29344,1.29356,1.12,1.56
2016.01.27 20:14:44.622,1.29345,1.29353,1.05,1.00
2016.01.27 20:14:45.163,1.29347,1.29354,1.05,1.00
2016.01.27 20:14:45.846,1.29347,1.29355,1.05,1.00
2016.01.27 20:14:47.262,1.29345,1.29354,1.00,1.00
2016.01.27 20:14:47.364,1.29349,1.29354,1.05,1.00
2016.01.27 20:14:47.701,1.2936,1.29365,1.05,1.50
2016.01.27 20:14:47.803,1.2936,1.29368,1.05,1.00
2016.01.27 20:14:48.007,1.29358,1.29368,1.87,1.00
2016.01.27 20:14:49.021,1.29357,1.29366,1.27,1.00
2016.01.27 20:14:49.526,1.29356,1.29366,1.05,1.00
2016.01.27 20:14:50.233,1.29357,1.29366,1.05,1.00
2016.01.27 20:14:51.106,1.29356,1.29365,1.05,1.00
2016.01.27 20:14:51.424,1.29358,1.29366,1.05,1.50
2016.01.27 20:14:51.880,1.29355,1.29365,1.50,1.50
2016.01.27 20:14:52.104,1.29354,1.29363,1.20,1.00
2016.01.27 20:14:52.409,1.29352,1.29361,1.05,1.00
2016.01.27 20:14:52.714,1.2935,1.29354,1.50,1.00
2016.01.27 20:14:53.058,1.29339,1.29349,1.12,1.69
2016.01.27 20:14:53.565,1.29339,1.29348,1.50,1.00
2016.01.27 20:14:54.163,1.2934,1.29349,1.00,4.39
2016.01.27 20:14:54.518,1.29339,1.29349,1.87,1.00
2016.01.27 20:14:54.670,1.29343,1.29352,1.95,1.50
2016.01.27 20:14:55.134,1.29346,1.29352,1.12,1.00
2016.01.27 20:14:55.185,1.29346,1.29354,1.00,1.00
2016.01.27 20:14:55.690,1.29345,1.29353,3.00,1.50
2016.01.27 20:14:56.590,1.29346,1.29356,1.87,3.46
2016.01.27 20:14:56.894,1.29348,1.29357,1.87,4.12
2016.01.27 20:14:57.438,1.29348,1.29357,1.50,4.12
2016.01.27 20:14:57.996,1.29348,1.29357,1.87,1.50
2016.01.27 20:14:58.422,1.29346,1.29356,2.25,1.21
2016.01.27 20:14:58.473,1.29346,1.29353,2.25,1.00
2016.01.27 20:14:58.625,1.29343,1.29353,2.25,1.46
2016.01.27 20:14:58.727,1.29343,1.29352,1.12,4.39
2016.01.27 20:14:59.375,1.29343,1.29352,2.40,1.00
2016.01.27 20:14:59.580,1.29346,1.29353,2.02,1.00
2016.01.27 20:14:59.942,1.29344,1.29354,2.77,2.25
2016.01.27 20:15:00.286,1.29342,1.29353,1.93,1.50
2016.01.27 20:15:00.516,1.29339,1.29349,1.50,7.87
2016.01.27 20:15:00.617,1.29337,1.29346,1.50,1.00
2016.01.27 20:15:01.220,1.29335,1.29344,1.57,1.00
2016.01.27 20:15:01.729,1.29335,1.29345,3.30,3.00
2016.01.27 20:15:02.428,1.29336,1.29345,1.00,2.25
2016.01.27 20:15:02.936,1.29337,1.29346,3.45,1.00
2016.01.27 20:15:03.633,1.29337,1.29348,2.70,6.37
2016.01.27 20:15:03.988,1.2934,1.29348,1.00,3.52
2016.01.27 20:15:04.545,1.29343,1.29352,3.32,1.00
2016.01.27 20:15:04.749,1.29345,1.29353,1.00,2.62
2016.01.27 20:15:04.851,1.29343,1.29353,1.87,3.37
2016.01.27 20:15:05.003,1.29345,1.29353,1.00,1.87
2016.01.27 20:15:05.537,1.29345,1.29353,1.44,1.12
2016.01.27 20:15:05.994,1.29346,1.29353,3.63,1.12
2016.01.27 20:15:06.307,1.2935,1.29353,1.19,1.00
2016.01.27 20:15:06.531,1.2935,1.29356,2.32,1.00
2016.01.27 20:15:06.737,1.2935,1.29358,1.09,1.12
2016.01.27 20:15:07.365,1.2935,1.29358,1.87,1.87
2016.01.27 20:15:07.752,1.29353,1.29358,1.44,1.12
2016.01.27 20:15:07.854,1.29355,1.29362,1.44,1.50
2016.01.27 20:15:08.006,1.29358,1.29368,1.00,3.22
2016.01.27 20:15:08.410,1.29358,1.29366,1.00,2.10
2016.01.27 20:15:08.938,1.29359,1.2937,1.50,4.42
2016.01.27 20:15:09.292,1.2936,1.2937,4.50,1.00
2016.01.27 20:15:09.393,1.2936,1.29371,2.44,1.12
2016.01.27 20:15:09.495,1.2936,1.29372,4.12,3.37
2016.01.27 20:15:09.933,1.2936,1.2937,5.25,1.00
2016.01.27 20:15:10.035,1.2936,1.29372,6.00,3.37
2016.01.27 20:15:10.541,1.29363,1.29373,1.87,1.37
2016.01.27 20:15:10.643,1.29363,1.29374,2.44,3.30
2016.01.27 20:15:11.152,1.2937,1.29374,1.00,2.10
2016.01.27 20:15:11.218,1.2937,1.29379,1.00,1.50
2016.01.27 20:15:11.472,1.29368,1.29379,1.87,4.35
2016.01.27 20:15:11.978,1.29369,1.29378,1.00,1.00
2016.01.27 20:15:12.260,1.29372,1.29382,1.00,1.27
2016.01.27 20:15:12.312,1.29372,1.29379,1.00,1.00
2016.01.27 20:15:12.464,1.29372,1.29382,1.17,5.32
2016.01.27 20:15:12.566,1.2937,1.2938,1.00,1.00
2016.01.27 20:15:13.229,1.2937,1.29378,1.50,2.85
2016.01.27 20:15:13.340,1.29368,1.29378,1.87,2.85
2016.01.27 20:15:13.860,1.29366,1.29377,2.62,1.05
2016.01.27 20:15:14.332,1.29366,1.29377,2.25,3.60
2016.01.27 20:15:14.890,1.29366,1.29374,1.50,3.22
2016.01.27 20:15:15.440,1.29365,1.29372,1.00,3.22
2016.01.27 20:15:15.491,1.29363,1.29372,2.62,3.22
2016.01.27 20:15:15.974,1.29365,1.29373,1.00,3.60
2016.01.27 20:15:16.278,1.29363,1.29373,1.87,3.60
2016.01.27 20:15:16.778,1.29363,1.29374,2.62,4.35
2016.01.27 20:15:17.958,1.29364,1.29372,1.87,3.22
2016.01.27 20:15:18.802,1.29365,1.29372,1.00,3.22
2016.01.27 20:15:19.308,1.29365,1.29374,1.00,4.20
2016.01.27 20:15:20.232,1.29365,1.29373,1.87,3.45
2016.01.27 20:15:20.287,1.29364,1.29374,3.45,1.50
2016.01.27 20:15:20.389,1.29366,1.29375,2.62,1.00
2016.01.27 20:15:20.921,1.29367,1.29377,1.00,5.62
2016.01.27 20:15:21.419,1.29364,1.29375,5.25,3.75
2016.01.27 20:15:22.436,1.29364,1.29375,1.87,4.50
2016.01.27 20:15:22.781,1.2936,1.2937,1.12,2.06
2016.01.27 20:15:22.934,1.29359,1.29369,2.25,1.56
2016.01.27 20:15:23.238,1.29356,1.29367,2.21,2.06
2016.01.27 20:15:23.793,1.29355,1.29366,2.62,5.25
2016.01.27 20:15:24.097,1.29355,1.2936,1.37,1.00
2016.01.27 20:15:24.249,1.29354,1.29358,1.12,1.00
2016.01.27 20:15:24.351,1.29352,1.29358,1.00,1.00
2016.01.27 20:15:24.402,1.2935,1.29358,1.23,2.25
2016.01.27 20:15:24.453,1.29348,1.29356,3.52,1.00
2016.01.27 20:15:24.850,1.29348,1.29354,1.65,1.00
2016.01.27 20:15:25.362,1.29349,1.29354,3.48,1.00
2016.01.27 20:15:25.465,1.29347,1.29354,4.60,1.00
2016.01.27 20:15:25.999,1.2935,1.29354,1.00,1.00
2016.01.27 20:15:26.065,1.2935,1.29359,1.37,1.00
2016.01.27 20:15:26.167,1.29352,1.2936,2.62,2.06
2016.01.27 20:15:26.269,1.29351,1.29361,1.20,1.00
2016.01.27 20:15:26.473,1.2935,1.29358,1.87,1.00
2016.01.27 20:15:26.867,1.29351,1.29358,1.43,1.00
2016.01.27 20:15:27.188,1.29362,1.29365,1.33,2.87
2016.01.27 20:15:27.664,1.29361,1.29371,1.20,1.00
2016.01.27 20:15:28.012,1.2936,1.29369,1.27,1.00
2016.01.27 20:15:28.468,1.29358,1.29369,3.76,2.25
2016.01.27 20:15:28.973,1.29358,1.29368,1.00,1.12
2016.01.27 20:15:29.226,1.2936,1.29367,2.86,1.50
2016.01.27 20:15:29.428,1.29354,1.29366,3.45,1.69
2016.01.27 20:15:29.581,1.29351,1.29363,5.19,1.00
2016.01.27 20:15:29.631,1.29351,1.29363,5.19,1.00
2016.01.27 20:15:30.132,1.29351,1.29361,1.00,1.00
2016.01.27 20:15:30.284,1.29352,1.29364,3.24,2.06
2016.01.27 20:15:30.335,1.29354,1.29364,1.12,1.69
2016.01.27 20:15:30.765,1.29354,1.29362,2.62,1.00
2016.01.27 20:15:31.120,1.29352,1.29362,1.50,4.50
2016.01.27 20:15:31.626,1.29353,1.29362,1.12,4.50
2016.01.27 20:15:32.162,1.29353,1.29362,1.12,1.00
2016.01.27 20:15:32.635,1.29355,1.29362,1.00,1.00
2016.01.27 20:15:33.142,1.29355,1.29361,1.00,1.00
2016.01.27 20:15:33.667,1.29355,1.29364,1.50,1.25
2016.01.27 20:15:34.122,1.29356,1.29367,1.00,1.69
2016.01.27 20:15:34.672,1.29357,1.29367,2.86,1.50
2016.01.27 20:15:35.227,1.29356,1.29367,3.24,1.50
2016.01.27 20:15:35.836,1.29358,1.29367,1.00,1.87
2016.01.27 20:15:36.344,1.29357,1.29367,2.86,1.50
2016.01.27 20:15:37.051,1.29357,1.29368,2.86,1.00
2016.01.27 20:15:37.355,1.29363,1.29372,1.00,2.81
2016.01.27 20:15:37.659,1.29358,1.29368,7.72,1.00
2016.01.27 20:15:37.761,1.29358,1.29368,2.25,1.56
2016.01.27 20:15:38.849,1.29356,1.29368,3.97,2.81
2016.01.27 20:15:38.900,1.29359,1.29368,3.60,1.00
2016.01.27 20:15:39.352,1.29362,1.29371,3.60,3.00
2016.01.27 20:15:39.751,1.29364,1.29372,3.60,1.50
2016.01.27 20:15:40.324,1.29366,1.29375,3.60,2.25
2016.01.27 20:15:40.527,1.29366,1.29377,4.12,1.87
2016.01.27 20:15:41.033,1.29366,1.29376,3.94,1.87
2016.01.27 20:15:41.837,1.29367,1.29377,3.42,1.00
2016.01.27 20:15:42.267,1.29365,1.29375,3.79,1.00
2016.01.27 20:15:42.714,1.29365,1.29373,3.75,1.50
2016.01.27 20:15:43.185,1.29368,1.29374,3.37,1.00
2016.01.27 20:15:43.287,1.29366,1.29374,4.12,1.00
2016.01.27 20:15:43.908,1.29368,1.29374,1.00,1.00
2016.01.27 20:15:43.959,1.29365,1.29374,1.19,1.00
2016.01.27 20:15:44.060,1.29363,1.29373,5.25,1.00
2016.01.27 20:15:44.597,1.29363,1.29372,4.12,1.50
2016.01.27 20:15:44.951,1.29364,1.29372,3.37,1.50
2016.01.27 20:15:45.155,1.29361,1.29371,3.75,1.00
2016.01.27 20:15:45.358,1.29366,1.2937,3.37,1.50
2016.01.27 20:15:45.409,1.29367,1.29372,3.37,2.25
2016.01.27 20:15:45.712,1.29367,1.29374,3.37,1.87
2016.01.27 20:15:45.917,1.29365,1.29374,3.37,2.25
2016.01.27 20:15:45.968,1.29365,1.29372,3.37,1.50
2016.01.27 20:15:46.416,1.29361,1.2937,1.50,1.00
2016.01.27 20:15:47.263,1.29361,1.29369,1.20,1.00
2016.01.27 20:15:47.314,1.29361,1.29364,1.20,1.00
2016.01.27 20:15:47.366,1.29357,1.29364,3.45,1.00
2016.01.27 20:15:47.418,1.29355,1.2936,1.87,1.00
2016.01.27 20:15:47.622,1.29351,1.29357,1.00,1.00
2016.01.27 20:15:47.675,1.29351,1.29354,1.00,3.75
2016.01.27 20:15:47.777,1.29351,1.29356,1.00,3.75
2016.01.27 20:15:47.879,1.29346,1.29348,1.37,1.00
2016.01.27 20:15:48.132,1.29341,1.29349,5.25,1.00
2016.01.27 20:15:48.184,1.29341,1.29353,5.25,1.69
2016.01.27 20:15:48.690,1.29342,1.29349,1.00,3.75
2016.01.27 20:15:49.134,1.29341,1.29348,1.00,3.75
2016.01.27 20:15:49.337,1.29337,1.29346,1.47,3.75
2016.01.27 20:15:49.612,1.29335,1.29346,1.00,4.87
2016.01.27 20:15:49.885,1.29335,1.29344,1.00,3.75
2016.01.27 20:15:50.162,1.29333,1.29343,1.12,1.56
2016.01.27 20:15:50.317,1.29334,1.29344,1.00,2.44
2016.01.27 20:15:50.621,1.29332,1.2934,1.00,1.00
2016.01.27 20:15:50.723,1.29328,1.2934,1.12,3.19
2016.01.27 20:15:50.774,1.29328,1.29337,1.00,1.00
2016.01.27 20:15:51.166,1.29326,1.29335,1.00,1.00
2016.01.27 20:15:51.672,1.29325,1.29335,1.00,1.50
2016.01.27 20:15:51.723,1.29323,1.29335,1.95,4.12
2016.01.27 20:15:52.261,1.29324,1.29334,1.50,1.00
2016.01.27 20:15:52.464,1.29326,1.29333,1.00,1.00
2016.01.27 20:15:52.617,1.29326,1.29335,1.00,1.00
2016.01.27 20:15:52.926,1.29324,1.29333,1.87,1.00
2016.01.27 20:15:53.378,1.29321,1.2933,3.00,1.69
2016.01.27 20:15:53.885,1.2932,1.2933,4.87,1.31
2016.01.27 20:15:54.490,1.29321,1.29331,3.00,1.12
2016.01.27 20:15:54.964,1.29323,1.29331,1.00,1.12
2016.01.27 20:15:55.167,1.29321,1.2933,1.50,1.50
2016.01.27 20:15:55.676,1.29319,1.29328,1.00,1.00
2016.01.27 20:15:55.779,1.29318,1.2933,2.25,2.44
2016.01.27 20:15:55.931,1.2932,1.2933,1.57,1.50
2016.01.27 20:15:56.614,1.29319,1.2933,1.00,2.44
2016.01.27 20:15:57.021,1.29319,1.29328,1.12,3.75
2016.01.27 20:15:57.122,1.2932,1.29331,1.00,5.62
2016.01.27 20:15:57.440,1.29319,1.29327,1.00,1.00
2016.01.27 20:15:57.542,1.29316,1.29326,1.00,1.31
2016.01.27 20:15:57.999,1.29316,1.29328,1.87,1.25
2016.01.27 20:15:58.152,1.29316,1.29324,1.87,3.75
2016.01.27 20:15:58.349,1.29316,1.29327,1.87,1.56
2016.01.27 20:15:58.501,1.29316,1.29323,1.00,1.00
2016.01.27 20:15:58.552,1.29314,1.29323,1.87,1.00
2016.01.27 20:15:58.653,1.29314,1.29326,1.12,2.59
2016.01.27 20:15:58.959,1.29319,1.29327,1.00,3.26
2016.01.27 20:15:59.467,1.29324,1.29331,1.00,2.25
2016.01.27 20:15:59.982,1.29323,1.29331,1.50,2.25
2016.01.27 20:16:00.370,1.29322,1.29333,1.50,1.31
2016.01.27 20:16:00.676,1.29323,1.29336,1.95,2.25
2016.01.27 20:16:01.081,1.29325,1.29338,2.62,5.02
2016.01.27 20:16:01.392,1.29327,1.29339,1.00,2.44
2016.01.27 20:16:01.696,1.29322,1.29331,1.01,4.12
2016.01.27 20:16:01.747,1.29322,1.29332,1.00,2.44
2016.01.27 20:16:01.849,1.29321,1.29332,1.87,1.87
2016.01.27 20:16:02.001,1.29323,1.29334,1.57,1.50
2016.01.27 20:16:02.605,1.29324,1.29336,3.52,3.37
2016.01.27 20:16:03.445,1.29325,1.29337,1.00,1.12
2016.01.27 20:16:03.850,1.29324,1.29336,4.50,1.56
2016.01.27 20:16:03.901,1.29324,1.29336,2.77,1.69
2016.01.27 20:16:04.003,1.29325,1.29337,1.10,1.87
2016.01.27 20:16:04.104,1.29327,1.29337,1.00,1.00
2016.01.27 20:16:04.449,1.29329,1.2934,1.65,3.56
2016.01.27 20:16:05.157,1.29329,1.2934,6.07,1.50
2016.01.27 20:16:05.490,1.29328,1.2934,1.50,4.87
2016.01.27 20:16:05.692,1.29329,1.29341,1.12,1.69
2016.01.27 20:16:05.844,1.29329,1.29342,2.77,2.25
2016.01.27 20:16:06.515,1.2933,1.29342,1.12,1.12
2016.01.27 20:16:06.578,1.29329,1.29341,2.02,1.56
2016.01.27 20:16:07.051,1.29329,1.2934,1.00,4.50
2016.01.27 20:16:07.585,1.29327,1.2934,1.20,5.62
2016.01.27 20:16:07.896,1.29327,1.29339,5.07,1.00
2016.01.27 20:16:08.482,1.29328,1.29341,2.43,3.37
2016.01.27 20:16:09.011,1.29328,1.2934,5.61,1.12
2016.01.27 20:16:09.957,1.2933,1.2934,1.61,1.00
2016.01.27 20:16:10.008,1.2933,1.29343,1.96,2.70
2016.01.27 20:16:10.516,1.29331,1.29339,1.99,1.00
2016.01.27 20:16:10.910,1.29335,1.29346,1.24,3.00
2016.01.27 20:16:11.214,1.29335,1.29345,4.42,1.00
2016.01.27 20:16:11.426,1.29335,1.29346,1.49,2.62
2016.01.27 20:16:11.529,1.29333,1.29345,4.20,4.50
2016.01.27 20:16:11.904,1.29329,1.29342,2.62,3.94
2016.01.27 20:16:12.208,1.2933,1.29341,1.24,1.50
2016.01.27 20:16:12.310,1.29333,1.29343,1.57,1.50
2016.01.27 20:16:13.004,1.29333,1.29344,1.99,1.00
2016.01.27 20:16:13.410,1.29337,1.29345,1.00,1.00
2016.01.27 20:16:13.511,1.29334,1.29345,3.86,1.00
2016.01.27 20:16:13.613,1.29336,1.29346,1.41,1.50
2016.01.27 20:16:13.964,1.2934,1.29351,1.24,2.62
2016.01.27 20:16:14.472,1.2934,1.2935,1.61,1.00
2016.01.27 20:16:14.573,1.2934,1.29352,1.24,1.31
2016.01.27 20:16:14.624,1.2934,1.2935,1.24,1.00
2016.01.27 20:16:15.131,1.29339,1.29349,1.16,1.00
2016.01.27 20:16:15.576,1.29338,1.29347,1.41,1.00
2016.01.27 20:16:15.628,1.29336,1.29347,3.11,1.00
2016.01.27 20:16:16.038,1.2934,1.29349,1.50,2.06
2016.01.27 20:16:16.090,1.29341,1.29351,1.10,1.31
2016.01.27 20:16:16.243,1.29342,1.29346,1.50,1.00
2016.01.27 20:16:16.295,1.2934,1.29345,1.50,1.00
2016.01.27 20:16:16.498,1.29338,1.29345,1.20,1.00
2016.01.27 20:16:16.600,1.29338,1.29347,1.15,1.00
2016.01.27 20:16:16.651,1.29338,1.2935,1.24,1.00
2016.01.27 20:16:16.999,1.29335,1.29345,1.37,2.06
2016.01.27 20:16:17.313,1.29333,1.2934,1.37,1.50
2016.01.27 20:16:17.758,1.29337,1.29341,3.60,1.37
2016.01.27 20:16:17.811,1.29334,1.29341,3.97,1.00
2016.01.27 20:16:17.862,1.29334,1.29343,3.97,1.87
2016.01.27 20:16:17.913,1.29334,1.29343,1.37,1.50
2016.01.27 20:16:18.116,1.29332,1.29343,1.00,3.75
2016.01.27 20:16:18.269,1.29336,1.29345,1.10,1.00
2016.01.27 20:16:18.320,1.29336,1.29347,1.20,2.06
2016.01.27 20:16:18.791,1.29337,1.29347,1.95,1.00
2016.01.27 20:16:18.894,1.29338,1.29349,1.00,1.76
2016.01.27 20:16:18.945,1.29336,1.29349,3.00,2.51
2016.01.27 20:16:19.047,1.29338,1.29349,1.00,1.00
2016.01.27 20:16:19.149,1.2934,1.29352,4.50,1.76
2016.01.27 20:16:19.657,1.29341,1.29353,4.87,1.50
2016.01.27 20:16:20.346,1.29342,1.29353,3.60,2.62
2016.01.27 20:16:20.447,1.29341,1.2935,1.00,3.75
2016.01.27 20:16:20.722,1.29333,1.29341,3.00,1.00
2016.01.27 20:16:20.977,1.29334,1.29344,1.12,2.25
2016.01.27 20:16:21.028,1.29336,1.29344,1.00,1.12
2016.01.27 20:16:21.233,1.29337,1.29347,2.62,2.25
2016.01.27 20:16:21.387,1.29337,1.29349,2.25,1.50
2016.01.27 20:16:21.636,1.2934,1.29353,1.87,6.26
2016.01.27 20:16:21.980,1.2934,1.29352,1.50,2.51
2016.01.27 20:16:22.721,1.29343,1.29352,1.00,1.00
2016.01.27 20:16:22.925,1.29343,1.29356,1.00,6.64
2016.01.27 20:16:23.179,1.29343,1.29352,1.00,1.31
2016.01.27 20:16:23.231,1.29341,1.29352,1.20,1.31
2016.01.27 20:16:23.333,1.29343,1.29352,1.87,1.00
2016.01.27 20:16:23.384,1.29344,1.29355,1.00,1.56
2016.01.27 20:16:23.631,1.29347,1.29358,1.00,4.57
2016.01.27 20:16:23.838,1.29348,1.2936,1.00,1.95
2016.01.27 20:16:24.343,1.29347,1.29359,1.87,1.00
2016.01.27 20:16:24.874,1.29347,1.29358,5.62,1.00
2016.01.27 20:16:24.925,1.29349,1.2936,1.50,2.51
2016.01.27 20:16:25.761,1.29349,1.29361,1.87,2.81
2016.01.27 20:16:26.115,1.29348,1.29359,1.95,1.00
2016.01.27 20:16:26.166,1.29348,1.29359,1.95,4.50
2016.01.27 20:16:26.691,1.29347,1.29357,1.20,1.01
2016.01.27 20:16:26.808,1.29347,1.29358,2.40,2.06
2016.01.27 20:16:27.314,1.29348,1.29357,1.27,1.00
2016.01.27 20:16:27.863,1.29347,1.29358,1.65,1.69
2016.01.27 20:16:28.233,1.29346,1.29356,1.45,1.12
2016.01.27 20:16:28.667,1.29347,1.29357,4.95,2.62
2016.01.27 20:16:28.718,1.29349,1.29359,1.12,1.12
2016.01.27 20:16:29.132,1.2935,1.29359,2.06,1.00
2016.01.27 20:16:29.437,1.2935,1.29361,4.87,1.50
2016.01.27 20:16:29.741,1.29351,1.29362,1.56,1.00
2016.01.27 20:16:29.893,1.29351,1.29362,1.00,1.69
2016.01.27 20:16:30.407,1.29351,1.29363,1.25,4.31
2016.01.27 20:16:31.016,1.29351,1.29363,2.44,2.81
2016.01.27 20:16:31.262,1.29353,1.29361,2.81,1.00
2016.01.27 20:16:31.414,1.29353,1.29363,1.50,1.50
2016.01.27 20:16:31.920,1.29354,1.29364,1.00,1.69
2016.01.27 20:16:32.571,1.29355,1.29366,1.00,5.40
2016.01.27 20:16:32.877,1.29354,1.29362,1.87,3.75
2016.01.27 20:16:32.979,1.29352,1.29363,1.87,1.56
2016.01.27 20:16:33.234,1.29352,1.29361,1.12,1.56
2016.01.27 20:16:33.685,1.29352,1.29364,1.00,2.25
2016.01.27 20:16:33.736,1.29352,1.29364,1.69,1.50
2016.01.27 20:16:34.040,1.29354,1.29357,1.00,1.00
2016.01.27 20:16:34.092,1.29351,1.29357,1.87,1.56
2016.01.27 20:16:34.295,1.29349,1.29357,1.00,1.00
2016.01.27 20:16:34.397,1.29349,1.2936,1.00,3.75
2016.01.27 20:16:34.904,1.29349,1.29361,2.62,1.69
2016.01.27 20:16:34.955,1.2935,1.29361,2.06,1.50
2016.01.27 20:16:35.482,1.29349,1.29361,2.06,2.62
2016.01.27 20:16:35.825,1.2935,1.29361,3.75,1.00
2016.01.27 20:16:36.330,1.2935,1.29361,1.84,1.00
2016.01.27 20:16:36.863,1.2935,1.29361,2.02,1.25
2016.01.27 20:16:37.167,1.29352,1.29363,1.37,1.25
2016.01.27 20:16:37.554,1.29352,1.29361,3.45,1.19
2016.01.27 20:16:37.858,1.29355,1.29364,1.20,1.19
2016.01.27 20:16:38.060,1.29355,1.29365,3.07,1.50
2016.01.27 20:16:38.794,1.29356,1.29366,1.10,2.44
2016.01.27 20:16:39.047,1.29356,1.29365,1.20,1.19
2016.01.27 20:16:39.556,1.29354,1.29363,3.90,1.50
2016.01.27 20:16:39.857,1.29355,1.29361,1.12,1.00
2016.01.27 20:16:40.212,1.29354,1.29364,1.87,1.50
2016.01.27 20:16:40.776,1.29356,1.29366,2.06,1.50
2016.01.27 20:16:40.878,1.29358,1.29369,1.00,3.56
2016.01.27 20:16:40.982,1.2936,1.29369,1.00,3.56
2016.01.27 20:16:41.508,1.29358,1.29369,1.87,2.06
2016.01.27 20:16:42.023,1.2936,1.29369,1.00,2.06
2016.01.27 20:16:42.790,1.29359,1.29369,1.20,1.69
2016.01.27 20:16:43.395,1.2936,1.29367,1.00,1.00
2016.01.27 20:16:43.698,1.29356,1.29366,2.02,2.81
2016.01.27 20:16:43.951,1.29356,1.29367,1.50,4.12
2016.01.27 20:16:44.263,1.29354,1.29362,1.50,1.00
2016.01.27 20:16:44.365,1.29352,1.29362,1.65,1.19
2016.01.27 20:16:44.872,1.29355,1.29362,1.00,1.00
2016.01.27 20:16:45.613,1.29354,1.29362,1.00,1.00
2016.01.27 20:16:45.765,1.29355,1.29364,1.00,1.50
2016.01.27 20:16:46.070,1.29355,1.29366,1.00,1.12
2016.01.27 20:16:46.571,1.29355,1.29365,1.31,1.00
2016.01.27 20:16:47.128,1.29354,1.29367,4.46,2.44
2016.01.27 20:16:47.712,1.29354,1.29367,8.14,3.19
2016.01.27 20:16:47.763,1.29359,1.29368,1.20,1.50
2016.01.27 20:16:48.280,1.2936,1.29371,3.15,1.56
2016.01.27 20:16:48.332,1.2936,1.29371,6.26,1.00
2016.01.27 20:16:48.383,1.29362,1.29372,1.37,1.00
2016.01.27 20:16:48.930,1.29365,1.29374,1.00,1.56
2016.01.27 20:16:49.032,1.29367,1.29376,1.31,1.87
2016.01.27 20:16:49.236,1.2937,1.29378,1.00,1.00
2016.01.27 20:16:49.439,1.29367,1.29377,1.95,1.25
2016.01.27 20:16:49.490,1.29367,1.29377,1.47,4.12
2016.01.27 20:16:50.030,1.29366,1.29377,2.31,1.12
2016.01.27 20:16:50.132,1.29365,1.29375,1.57,1.25
2016.01.27 20:16:50.337,1.29364,1.29374,1.20,1.25
2016.01.27 20:16:50.388,1.29364,1.29375,1.20,6.37
2016.01.27 20:16:50.492,1.29363,1.29374,3.00,1.69
2016.01.27 20:16:51.092,1.29364,1.29375,2.23,1.12
2016.01.27 20:16:51.245,1.29365,1.29374,1.12,4.50
2016.01.27 20:16:51.550,1.29362,1.29372,1.12,3.75
2016.01.27 20:16:52.091,1.29368,1.29376,1.00,1.50
2016.01.27 20:16:52.397,1.29376,1.2938,1.00,3.75
2016.01.27 20:16:52.449,1.29376,1.29385,1.75,1.00
2016.01.27 20:16:52.653,1.29379,1.2939,1.27,1.12
2016.01.27 20:16:52.990,1.2938,1.29388,1.00,1.00
2016.01.27 20:16:53.193,1.2938,1.2939,1.00,1.87
2016.01.27 20:16:53.497,1.2938,1.29386,1.12,1.00
2016.01.27 20:16:53.599,1.29378,1.29386,1.50,1.12
2016.01.27 20:16:53.788,1.29378,1.29384,1.50,1.00
2016.01.27 20:16:53.840,1.29371,1.29383,1.39,1.50
2016.01.27 20:16:54.096,1.29374,1.29383,1.01,1.50
2016.01.27 20:16:54.147,1.29374,1.29386,1.76,1.50
2016.01.27 20:16:54.249,1.29375,1.29388,2.44,1.50
2016.01.27 20:16:54.557,1.29375,1.29385,3.56,1.00
2016.01.27 20:16:54.658,1.29376,1.29387,1.65,1.00
2016.01.27 20:16:54.850,1.29376,1.29379,1.12,1.00
2016.01.27 20:16:54.902,1.29374,1.29379,1.50,1.00
2016.01.27 20:16:54.953,1.29369,1.29379,2.06,1.00
2016.01.27 20:16:55.131,1.29368,1.29376,1.75,1.00
2016.01.27 20:16:55.182,1.29366,1.29376,1.56,1.50
2016.01.27 20:16:55.233,1.29365,1.29376,1.69,2.70
2016.01.27 20:16:55.436,1.29365,1.29375,4.50,1.00
2016.01.27 20:16:55.968,1.29365,1.29374,1.12,1.00
2016.01.27 20:16:56.476,1.29365,1.29375,1.31,1.87
2016.01.27 20:16:57.309,1.29364,1.29375,1.20,1.50
2016.01.27 20:16:57.462,1.29364,1.29373,1.12,1.12
2016.01.27 20:16:58.102,1.29365,1.29374,1.00,1.87
2016.01.27 20:16:58.366,1.29357,1.29368,1.12,1.50
2016.01.27 20:16:58.876,1.29359,1.29368,1.00,1.50
2016.01.27 20:16:59.684,1.2936,1.29368,1.00,1.00
2016.01.27 20:16:59.987,1.2936,1.29365,1.00,1.00
2016.01.27 20:17:00.089,1.29355,1.29365,3.56,1.00
2016.01.27 20:17:00.494,1.29355,1.29365,6.90,2.25
2016.01.27 20:17:01.174,1.29355,1.29365,4.50,1.00
2016.01.27 20:17:01.478,1.29355,1.29367,3.00,2.25
2016.01.27 20:17:01.579,1.2936,1.29367,1.00,1.00
2016.01.27 20:17:02.088,1.29359,1.29368,1.00,1.00
2016.01.27 20:17:02.335,1.29356,1.29368,1.20,1.50
2016.01.27 20:17:02.893,1.29356,1.29366,1.20,1.50
2016.01.27 20:17:03.327,1.29355,1.29365,1.57,6.37
2016.01.27 20:17:03.530,1.29351,1.29362,1.50,1.31
2016.01.27 20:17:03.934,1.2935,1.29362,4.31,2.44
2016.01.27 20:17:04.335,1.29352,1.29362,1.37,1.56
2016.01.27 20:17:04.691,1.2935,1.29362,2.81,1.69
2016.01.27 20:17:04.742,1.2935,1.29362,1.69,1.69
2016.01.27 20:17:05.176,1.29354,1.29363,1.00,3.94
2016.01.27 20:17:05.227,1.29354,1.29363,1.00,2.06
2016.01.27 20:17:05.784,1.29355,1.29363,1.00,1.87
2016.01.27 20:17:05.886,1.29351,1.29363,2.44,2.25
2016.01.27 20:17:05.987,1.29355,1.29363,1.00,2.25
2016.01.27 20:17:06.454,1.29359,1.29367,1.12,1.00
2016.01.27 20:17:06.511,1.2936,1.29369,1.00,1.69
2016.01.27 20:17:06.623,1.29365,1.29369,1.00,1.25
2016.01.27 20:17:06.725,1.2936,1.2937,2.51,1.00
2016.01.27 20:17:06.979,1.29358,1.29369,1.50,1.12
2016.01.27 20:17:07.081,1.2936,1.29369,1.12,2.62
2016.01.27 20:17:07.884,1.2936,1.29367,1.00,1.37
2016.01.27 20:17:08.086,1.29357,1.29366,1.31,1.00
2016.01.27 20:17:08.188,1.29357,1.29367,1.56,1.87
2016.01.27 20:17:08.788,1.2936,1.29367,1.00,1.00
2016.01.27 20:17:09.238,1.2936,1.29368,1.56,1.00
2016.01.27 20:17:09.290,1.29359,1.2937,1.69,1.12
2016.01.27 20:17:09.493,1.29364,1.2937,1.00,1.12
2016.01.27 20:17:09.667,1.29359,1.29367,1.37,1.00
2016.01.27 20:17:10.175,1.2936,1.29366,1.00,1.50
2016.01.27 20:17:11.196,1.29359,1.29366,1.12,1.50
2016.01.27 20:17:11.752,1.29359,1.29367,1.00,1.69
2016.01.27 20:17:12.188,1.2936,1.29366,1.00,1.37
2016.01.27 20:17:12.711,1.2936,1.29367,1.00,1.50
2016.01.27 20:17:12.813,1.29355,1.29366,1.12,2.80
2016.01.27 20:17:13.430,1.29353,1.29364,2.44,1.50
2016.01.27 20:17:13.994,1.29354,1.29364,2.44,3.75
2016.01.27 20:17:14.618,1.29355,1.29364,1.00,3.75
2016.01.27 20:17:15.081,1.29355,1.29361,1.00,1.00
2016.01.27 20:17:15.842,1.29351,1.29361,1.25,1.12
2016.01.27 20:17:16.371,1.29355,1.29362,1.00,1.00
2016.01.27 20:17:16.876,1.29355,1.29364,1.00,2.25
2016.01.27 20:17:17.420,1.29354,1.29364,1.31,1.12
2016.01.27 20:17:17.942,1.29355,1.29364,1.00,1.50
2016.01.27 20:17:18.479,1.29354,1.29364,1.87,1.12
2016.01.27 20:17:18.935,1.29354,1.29362,1.69,1.00
2016.01.27 20:17:19.088,1.2935,1.29361,3.45,1.68
2016.01.27 20:17:19.139,1.29351,1.29361,1.12,1.30
2016.01.27 20:17:19.521,1.2935,1.2936,1.50,1.33
2016.01.27 20:17:19.724,1.29352,1.29362,1.56,1.87
2016.01.27 20:17:19.775,1.29355,1.29362,1.00,2.08
2016.01.27 20:17:19.877,1.2935,1.29359,3.19,1.00
2016.01.27 20:17:19.928,1.29351,1.29364,1.87,4.33
2016.01.27 20:17:19.979,1.29355,1.29364,1.00,3.96
2016.01.27 20:17:20.080,1.29351,1.29362,1.87,3.40
2016.01.27 20:17:20.283,1.29354,1.29362,1.00,3.40
2016.01.27 20:17:20.798,1.29355,1.29362,1.00,3.40
2016.01.27 20:17:20.850,1.29355,1.29363,1.00,1.12
2016.01.27 20:17:21.002,1.29353,1.29363,1.25,1.12
2016.01.27 20:17:21.154,1.29356,1.29365,1.00,2.46
2016.01.27 20:17:21.357,1.29356,1.29366,1.25,1.71
2016.01.27 20:17:21.863,1.29354,1.29366,5.62,1.65
2016.01.27 20:17:22.370,1.29356,1.29364,1.25,1.88
2016.01.27 20:17:22.807,1.29354,1.29364,1.25,1.00
2016.01.27 20:17:23.010,1.29355,1.29362,1.00,1.00
2016.01.27 20:17:23.364,1.29352,1.29361,1.12,1.28
2016.01.27 20:17:23.662,1.29355,1.29363,1.00,1.50
2016.01.27 20:17:24.060,1.29356,1.29365,3.75,3.37
2016.01.27 20:17:24.161,1.29354,1.29365,1.69,3.00
2016.01.27 20:17:24.465,1.29355,1.29366,2.44,1.50
2016.01.27 20:17:24.617,1.2936,1.29368,1.00,2.83
2016.01.27 20:17:25.144,1.29359,1.29369,1.00,6.77
2016.01.27 20:17:25.549,1.29357,1.29368,1.00,2.25
2016.01.27 20:17:25.815,1.29359,1.29368,3.75,1.12
2016.01.27 20:17:25.968,1.29359,1.2937,3.75,4.12
2016.01.27 20:17:26.475,1.2936,1.2937,1.12,4.15
2016.01.27 20:17:26.920,1.2936,1.2937,1.69,1.33
2016.01.27 20:17:27.123,1.2936,1.2937,4.12,1.87
2016.01.27 20:17:27.427,1.2936,1.29366,1.00,1.00
2016.01.27 20:17:28.097,1.29359,1.29361,1.00,1.00
2016.01.27 20:17:28.149,1.29352,1.29361,1.56,1.87
2016.01.27 20:17:28.565,1.29353,1.29362,3.75,1.12
2016.01.27 20:17:28.770,1.29351,1.29362,4.12,1.37
2016.01.27 20:17:28.873,1.29353,1.29363,3.75,3.75
2016.01.27 20:17:29.218,1.29351,1.29362,4.12,1.37
2016.01.27 20:17:29.725,1.29351,1.2936,3.75,1.37
2016.01.27 20:17:29.979,1.29349,1.2936,5.62,1.87
2016.01.27 20:17:30.232,1.29351,1.29358,3.75,1.00
2016.01.27 20:17:30.523,1.29348,1.29356,3.75,1.00
2016.01.27 20:17:30.626,1.29346,1.29356,4.50,1.12
2016.01.27 20:17:31.827,1.29346,1.29357,4.50,1.50
2016.01.27 20:17:32.283,1.29348,1.29358,3.75,1.50
2016.01.27 20:17:33.274,1.29346,1.29358,4.50,3.56
2016.01.27 20:17:34.304,1.29346,1.29358,4.50,1.00
2016.01.27 20:17:34.507,1.29349,1.29359,3.75,3.75
2016.01.27 20:17:34.810,1.29351,1.2936,3.75,1.12
2016.01.27 20:17:35.166,1.29354,1.29361,1.56,2.25
2016.01.27 20:17:35.668,1.29349,1.2936,3.07,5.25
2016.01.27 20:17:35.719,1.29349,1.2936,2.44,2.06
2016.01.27 20:17:36.023,1.2935,1.2936,5.62,1.00
2016.01.27 20:17:36.328,1.29355,1.29364,1.00,1.50
2016.01.27 20:17:37.023,1.29355,1.29364,4.87,1.00
2016.01.27 20:17:37.328,1.29355,1.29367,4.87,3.94
2016.01.27 20:17:37.624,1.29359,1.29367,1.00,1.37
2016.01.27 20:17:37.931,1.29361,1.29369,1.00,2.62
2016.01.27 20:17:38.452,1.29359,1.29367,1.00,1.00
2016.01.27 20:17:38.984,1.2936,1.29367,1.00,1.50
2016.01.27 20:17:39.490,1.2936,1.29368,1.00,1.31
2016.01.27 20:17:40.318,1.29361,1.2937,2.62,1.00
2016.01.27 20:17:40.878,1.29365,1.2937,1.00,1.00
2016.01.27 20:17:40.929,1.29365,1.29372,1.00,2.81
2016.01.27 20:17:41.770,1.29365,1.29373,1.31,1.00
2016.01.27 20:17:42.182,1.29363,1.29372,1.87,1.87
2016.01.27 20:17:42.678,1.2936,1.29369,4.50,1.87
2016.01.27 20:17:43.184,1.2936,1.2937,1.56,2.62
2016.01.27 20:17:43.489,1.29365,1.29371,1.31,1.12
2016.01.27 20:17:43.846,1.29368,1.29375,3.75,6.75
2016.01.27 20:17:43.948,1.29368,1.29375,3.75,1.00
2016.01.27 20:17:43.999,1.29368,1.29378,3.75,3.75
2016.01.27 20:17:44.050,1.29371,1.29378,3.75,3.00
2016.01.27 20:17:44.152,1.29371,1.29379,3.75,1.87
2016.01.27 20:17:44.305,1.29373,1.29379,3.75,1.00
2016.01.27 20:17:44.458,1.29373,1.29381,4.50,1.12
2016.01.27 20:17:44.563,1.29373,1.29384,4.87,2.62
2016.01.27 20:17:44.801,1.29372,1.2938,5.25,1.00
2016.01.27 20:17:45.106,1.29375,1.29384,1.00,2.85
2016.01.27 20:17:45.586,1.29372,1.29382,3.75,1.12
2016.01.27 20:17:45.886,1.29371,1.29382,1.00,1.72
2016.01.27 20:17:46.392,1.2937,1.29381,5.21,1.00
2016.01.27 20:17:46.493,1.29374,1.29383,1.31,3.75
2016.01.27 20:17:47.016,1.29375,1.29383,1.00,1.72
2016.01.27 20:17:47.118,1.29371,1.29381,1.31,3.37
2016.01.27 20:17:47.169,1.29371,1.2938,1.00,3.79
2016.01.27 20:17:47.272,1.29367,1.29378,1.31,1.87
2016.01.27 20:17:47.475,1.2937,1.29377,1.56,3.37
2016.01.27 20:17:47.577,1.29369,1.29379,1.00,3.22
2016.01.27 20:17:47.911,1.29367,1.29378,1.12,4.91
2016.01.27 20:17:48.214,1.29369,1.29378,1.00,3.79
2016.01.27 20:17:48.416,1.29365,1.29377,2.02,2.23
2016.01.27 20:17:48.922,1.29365,1.29375,1.87,1.87
2016.01.27 20:17:49.345,1.29366,1.29378,3.37,3.75
2016.01.27 20:17:49.801,1.29365,1.29375,2.25,1.00
2016.01.27 20:17:50.105,1.29358,1.29367,1.87,1.12
2016.01.27 20:17:50.640,1.29358,1.29366,1.87,1.12
2016.01.27 20:17:50.843,1.29357,1.29365,1.00,1.12
2016.01.27 20:17:50.945,1.29353,1.29361,2.62,1.00
2016.01.27 20:17:51.307,1.29348,1.29361,5.62,3.37
2016.01.27 20:17:51.815,1.29347,1.2936,3.75,4.12
2016.01.27 20:17:52.332,1.29349,1.29361,3.00,3.75
2016.01.27 20:17:52.963,1.29348,1.2936,3.37,1.00
2016.01.27 20:17:53.469,1.29349,1.2936,2.25,1.00
2016.01.27 20:17:53.977,1.29349,1.29359,2.25,1.87
2016.01.27 20:17:54.332,1.29351,1.2936,1.00,1.87
2016.01.27 20:17:54.433,1.29349,1.2936,4.12,1.50
2016.01.27 20:17:54.585,1.29351,1.2936,1.00,1.14
2016.01.27 20:17:55.351,1.29349,1.2936,1.12,1.69
2016.01.27 20:17:55.605,1.29348,1.29358,2.25,1.00
2016.01.27 20:17:56.163,1.29349,1.29356,1.00,3.00
2016.01.27 20:17:56.266,1.29345,1.29356,1.87,1.12
2016.01.27 20:17:56.470,1.29345,1.29356,2.62,2.70
2016.01.27 20:17:56.951,1.29335,1.29345,2.62,1.00
2016.01.27 20:17:57.256,1.29328,1.29338,1.87,1.00
2016.01.27 20:17:57.307,1.29328,1.29341,4.12,2.62
2016.01.27 20:17:57.358,1.2933,1.2934,1.50,1.00
2016.01.27 20:17:57.663,1.29335,1.29343,3.00,1.00
2016.01.27 20:17:58.168,1.29336,1.29345,3.00,1.37
2016.01.27 20:17:58.473,1.29337,1.29346,1.50,1.00
2016.01.27 20:17:58.980,1.29338,1.29346,3.00,1.00
2016.01.27 20:17:59.503,1.29337,1.29347,1.87,1.37
2016.01.27 20:18:00.008,1.29336,1.29348,1.87,3.00
2016.01.27 20:18:00.376,1.29336,1.29346,1.12,2.06
2016.01.27 20:18:00.883,1.29336,1.29346,1.12,1.00
2016.01.27 20:18:01.410,1.29336,1.29346,1.87,1.12
2016.01.27 20:18:01.922,1.29335,1.29347,2.25,3.00
2016.01.27 20:18:02.965,1.29337,1.29346,1.00,1.00
2016.01.27 20:18:03.269,1.29334,1.29344,2.25,1.12
2016.01.27 20:18:03.421,1.29332,1.29342,2.44,1.00
2016.01.27 20:18:03.472,1.29332,1.29344,3.75,1.87
2016.01.27 20:18:03.675,1.2933,1.29342,1.31,2.25
2016.01.27 20:18:03.914,1.2933,1.2934,2.06,1.00
2016.01.27 20:18:04.474,1.2933,1.29341,5.25,1.37
2016.01.27 20:18:04.953,1.29335,1.29342,1.00,2.25
2016.01.27 20:18:05.112,1.29329,1.29339,2.06,1.00
2016.01.27 20:18:05.468,1.29329,1.2934,2.81,1.12
2016.01.27 20:18:05.891,1.29326,1.29332,1.00,1.69
2016.01.27 20:18:06.086,1.29323,1.29332,1.87,1.25
2016.01.27 20:18:06.137,1.29325,1.29333,1.00,4.87
2016.01.27 20:18:06.340,1.29321,1.29331,2.62,1.56
2016.01.27 20:18:06.543,1.29321,1.29329,1.00,1.56
2016.01.27 20:18:06.746,1.29323,1.29331,1.00,1.00
2016.01.27 20:18:06.848,1.29326,1.29332,1.00,1.00
2016.01.27 20:18:07.171,1.2933,1.29339,1.00,1.37
2016.01.27 20:18:07.576,1.2933,1.29339,1.00,1.12
2016.01.27 20:18:07.728,1.2933,1.29337,1.00,1.00
2016.01.27 20:18:07.881,1.2933,1.2934,1.00,3.75
2016.01.27 20:18:08.276,1.29328,1.2934,1.12,3.37
2016.01.27 20:18:08.378,1.2933,1.2934,1.87,1.00
2016.01.27 20:18:08.682,1.29335,1.29342,1.00,4.12
2016.01.27 20:18:09.343,1.29334,1.29342,1.00,4.12
2016.01.27 20:18:09.406,1.2933,1.29342,2.06,1.87
2016.01.27 20:18:09.911,1.2933,1.29342,5.25,1.12
2016.01.27 20:18:09.962,1.2933,1.29342,2.06,1.69
2016.01.27 20:18:10.014,1.2933,1.29341,2.06,1.37
2016.01.27 20:18:10.319,1.2933,1.2934,1.22,1.50
2016.01.27 20:18:10.676,1.29335,1.29342,1.00,1.87
2016.01.27 20:18:10.728,1.29335,1.29343,2.25,1.00
2016.01.27 20:18:10.781,1.29335,1.29346,2.25,1.69
2016.01.27 20:18:10.832,1.29335,1.29346,2.32,1.12
2016.01.27 20:18:11.137,1.29339,1.29347,1.12,1.87
2016.01.27 20:18:11.666,1.2934,1.29348,1.00,1.37
2016.01.27 20:18:12.254,1.29339,1.29348,1.87,1.00
2016.01.27 20:18:12.360,1.2934,1.29351,1.00,1.12
2016.01.27 20:18:12.895,1.29341,1.29352,1.00,1.50
2016.01.27 20:18:13.467,1.2934,1.29351,1.29,1.00
2016.01.27 20:18:14.144,1.2934,1.29352,1.37,3.37
2016.01.27 20:18:14.347,1.2934,1.29352,1.12,4.12
2016.01.27 20:18:14.835,1.2934,1.29347,1.00,1.00
2016.01.27 20:18:15.139,1.2934,1.29349,1.00,1.00
2016.01.27 20:18:15.679,1.29339,1.29349,1.00,1.00
2016.01.27 20:18:15.882,1.2934,1.29349,1.22,1.50
2016.01.27 20:18:15.985,1.29339,1.2935,1.87,1.00
2016.01.27 20:18:16.548,1.29342,1.29351,1.22,1.00
2016.01.27 20:18:16.602,1.29345,1.29354,1.00,1.12
2016.01.27 20:18:17.112,1.29344,1.29355,1.00,3.37
2016.01.27 20:18:17.435,1.29345,1.29352,1.00,1.00
2016.01.27 20:18:17.692,1.29341,1.29351,1.00,1.31
2016.01.27 20:18:18.086,1.2934,1.29349,3.00,1.31
2016.01.27 20:18:18.594,1.2934,1.29349,1.12,1.31
2016.01.27 20:18:18.825,1.2934,1.29353,1.87,5.44
2016.01.27 20:18:18.876,1.2934,1.2935,1.87,1.00
2016.01.27 20:18:19.190,1.2934,1.2935,1.00,1.56
2016.01.27 20:18:19.425,1.2934,1.29351,1.12,2.44
2016.01.27 20:18:19.998,1.2934,1.29351,1.12,1.12
2016.01.27 20:18:20.504,1.2934,1.29351,2.44,1.12
2016.01.27 20:18:20.606,1.29342,1.29353,1.12,1.12
2016.01.27 20:18:20.708,1.29345,1.29353,1.00,1.00
2016.01.27 20:18:21.257,1.29341,1.29351,4.31,1.00
2016.01.27 20:18:21.712,1.29341,1.29352,4.12,1.00
2016.01.27 20:18:22.138,1.29338,1.29346,1.69,1.00
2016.01.27 20:18:22.189,1.29335,1.29348,5.59,1.31
2016.01.27 20:18:22.291,1.29336,1.29346,2.00,1.00
2016.01.27 20:18:22.811,1.29336,1.29347,1.69,1.00
2016.01.27 20:18:22.913,1.29336,1.29347,1.31,2.62
2016.01.27 20:18:23.482,1.29336,1.29347,1.25,2.62
2016.01.27 20:18:23.996,1.29335,1.29347,1.31,4.31
2016.01.27 20:18:24.617,1.29336,1.29347,1.00,2.81
2016.01.27 20:18:25.100,1.29337,1.29347,1.69,1.00
2016.01.27 20:18:25.252,1.29336,1.29347,1.00,2.06
2016.01.27 20:18:25.354,1.29335,1.29347,1.87,4.50
2016.01.27 20:18:25.962,1.29335,1.29344,1.31,1.00
2016.01.27 20:18:26.480,1.29333,1.29344,1.56,1.00
2016.01.27 20:18:27.122,1.29333,1.29345,3.00,1.00
2016.01.27 20:18:27.427,1.29335,1.29343,1.00,1.00
2016.01.27 20:18:27.731,1.29332,1.2934,1.12,1.00
2016.01.27 20:18:28.217,1.29329,1.2934,1.95,1.50
2016.01.27 20:18:28.726,1.29328,1.29339,2.25,1.69
2016.01.27 20:18:28.979,1.29328,1.29337,3.00,1.00
2016.01.27 20:18:29.726,1.29328,1.29339,2.62,1.00
2016.01.27 20:18:29.828,1.29328,1.2934,1.12,3.75
2016.01.27 20:18:29.929,1.29328,1.29339,3.37,1.00
2016.01.27 20:18:30.817,1.29328,1.2934,2.81,1.50
2016.01.27 20:18:31.121,1.29329,1.29338,1.25,1.00
2016.01.27 20:18:31.636,1.29328,1.29338,1.00,2.25
2016.01.27 20:18:32.030,1.2933,1.29338,1.00,1.50
2016.01.27 20:18:32.758,1.2933,1.29338,1.00,1.00
2016.01.27 20:18:33.201,1.2933,1.29342,2.06,1.87
2016.01.27 20:18:33.730,1.29331,1.29342,1.69,2.25
2016.01.27 20:18:34.241,1.29331,1.29342,1.31,1.50
2016.01.27 20:18:34.792,1.2933,1.29342,3.94,2.10
2016.01.27 20:18:35.046,1.29329,1.29342,7.65,1.87
2016.01.27 20:18:35.576,1.29329,1.29339,4.65,1.00
2016.01.27 20:18:35.678,1.29328,1.29338,1.69,1.00
2016.01.27 20:18:35.932,1.29327,1.29338,1.25,2.62
2016.01.27 20:18:36.189,1.29327,1.29338,1.76,1.50
2016.01.27 20:18:36.528,1.29333,1.2934,1.69,1.00
2016.01.27 20:18:36.587,1.29333,1.29344,1.69,1.12
2016.01.27 20:18:37.226,1.29333,1.29343,1.87,1.00
2016.01.27 20:18:37.428,1.29333,1.29345,1.37,1.87
2016.01.27 20:18:37.978,1.29333,1.29345,1.31,2.85
2016.01.27 20:18:38.513,1.29332,1.29343,1.10,2.25
2016.01.27 20:18:38.817,1.29326,1.29335,2.62,1.00
2016.01.27 20:18:39.318,1.29324,1.29334,4.12,1.00
2016.01.27 20:18:39.739,1.29324,1.29336,4.50,4.87
2016.01.27 20:18:40.113,1.29326,1.29334,3.75,1.87
2016.01.27 20:18:40.215,1.29326,1.29334,1.00,1.87
2016.01.27 20:18:40.774,1.29328,1.29334,1.00,1.00
2016.01.27 20:18:40.827,1.29328,1.29337,4.50,3.00
2016.01.27 20:18:40.878,1.29329,1.29337,1.00,4.16
2016.01.27 20:18:41.209,1.29324,1.29334,1.87,1.22
2016.01.27 20:18:41.281,1.29323,1.29335,1.31,1.72
2016.01.27 20:18:41.688,1.29323,1.29334,4.87,2.62
2016.01.27 20:18:41.941,1.29324,1.29335,4.12,1.87
2016.01.27 20:18:42.238,1.29324,1.29334,1.31,1.00
2016.01.27 20:18:42.643,1.29324,1.29334,4.50,1.00
2016.01.27 20:18:43.148,1.29326,1.29333,1.69,1.00
2016.01.27 20:18:43.487,1.29326,1.29336,2.06,1.00
2016.01.27 20:18:44.243,1.29327,1.29337,1.25,1.00
2016.01.27 20:18:44.294,1.29328,1.29337,3.75,1.00
2016.01.27 20:18:44.446,1.29327,1.29338,1.87,2.06
2016.01.27 20:18:44.880,1.29327,1.29334,1.00,1.00
2016.01.27 20:18:45.185,1.29329,1.29335,1.00,1.00
2016.01.27 20:18:45.238,1.29329,1.29338,1.00,2.25
2016.01.27 20:18:45.291,1.29329,1.29338,5.25,2.25
2016.01.27 20:18:45.550,1.29323,1.29333,1.50,1.25
2016.01.27 20:18:45.602,1.29322,1.29333,2.62,1.31
2016.01.27 20:18:45.827,1.29321,1.2933,1.87,1.00
2016.01.27 20:18:46.081,1.2932,1.29331,1.20,4.12
2016.01.27 20:18:46.590,1.29319,1.2933,2.25,4.12
2016.01.27 20:18:46.692,1.29319,1.2933,2.81,1.25
2016.01.27 20:18:47.025,1.29319,1.29328,2.25,1.25
2016.01.27 20:18:47.531,1.29319,1.29329,3.19,1.00
2016.01.27 20:18:48.027,1.29318,1.29328,3.00,4.12
2016.01.27 20:18:48.535,1.29316,1.29325,1.50,1.25
2016.01.27 20:18:49.135,1.29318,1.29327,1.00,4.12
2016.01.27 20:18:49.338,1.2932,1.2933,4.12,1.00
2016.01.27 20:18:49.440,1.29322,1.29332,4.87,1.75
2016.01.27 20:18:49.895,1.29323,1.29333,2.81,1.50
2016.01.27 20:18:50.307,1.29322,1.29332,1.25,1.62
2016.01.27 20:18:50.611,1.2932,1.29331,3.00,4.12
2016.01.27 20:18:51.633,1.2932,1.2933,1.12,3.37
2016.01.27 20:18:52.209,1.2932,1.29331,5.62,1.12
2016.01.27 20:18:52.514,1.29322,1.2933,1.00,1.37
2016.01.27 20:18:52.744,1.2932,1.2933,1.25,1.00
2016.01.27 20:18:53.251,1.2932,1.2933,1.50,1.19
2016.01.27 20:18:53.906,1.29319,1.29329,1.69,1.01
2016.01.27 20:18:53.959,1.29319,1.29329,1.87,4.20
2016.01.27 20:18:54.586,1.2932,1.29329,1.00,3.45
2016.01.27 20:18:54.638,1.2932,1.2933,4.87,1.50
2016.01.27 20:18:55.170,1.29322,1.29331,1.25,1.00
2016.01.27 20:18:55.676,1.29323,1.29333,1.87,2.14
2016.01.27 20:18:56.225,1.29323,1.29333,1.87,1.39
2016.01.27 20:18:58.034,1.29323,1.29333,2.06,2.25
2016.01.27 20:18:58.136,1.29324,1.29333,3.75,1.37
2016.01.27 20:18:58.237,1.29324,1.29334,1.37,1.00
2016.01.27 20:18:58.853,1.29327,1.29338,1.12,1.42
2016.01.27 20:18:58.904,1.29327,1.29338,6.00,1.12
2016.01.27 20:18:59.328,1.29327,1.29337,1.25,1.00
2016.01.27 20:18:59.581,1.29324,1.29336,2.81,1.12
2016.01.27 20:18:59.916,1.29323,1.29335,3.19,1.70
2016.01.27 20:19:00.435,1.29323,1.29335,3.94,1.33
2016.01.27 20:19:00.741,1.29322,1.29332,1.12,1.33
2016.01.27 20:19:01.074,1.29322,1.29335,3.00,2.90
2016.01.27 20:19:01.717,1.29323,1.29335,1.50,1.95
2016.01.27 20:19:02.321,1.29326,1.29335,1.00,1.50
2016.01.27 20:19:02.777,1.29324,1.29336,1.25,3.58
2016.01.27 20:19:03.404,1.29325,1.29335,1.00,1.87
2016.01.27 20:19:03.962,1.29324,1.29335,1.12,1.31
2016.01.27 20:19:04.164,1.29324,1.29334,1.50,3.75
2016.01.27 20:19:04.656,1.2932,1.29332,1.43,4.87
2016.01.27 20:19:04.858,1.29319,1.29328,1.00,1.31
2016.01.27 20:19:05.364,1.29318,1.2933,3.19,4.33
2016.01.27 20:19:06.158,1.29319,1.2933,1.00,3.82
2016.01.27 20:19:06.676,1.29319,1.2933,1.00,4.57
2016.01.27 20:19:06.981,1.29317,1.2933,1.50,7.57
2016.01.27 20:19:07.032,1.29317,1.29326,1.50,3.07
2016.01.27 20:19:07.394,1.29318,1.29328,1.87,1.00
2016.01.27 20:19:07.902,1.29319,1.29328,1.50,1.12
2016.01.27 20:19:08.433,1.29318,1.29328,1.12,1.00
2016.01.27 20:19:09.036,1.29318,1.29327,1.00,1.00
2016.01.27 20:19:09.546,1.29317,1.29327,1.12,3.69
2016.01.27 20:19:09.801,1.29322,1.29329,1.00,1.37
2016.01.27 20:19:10.105,1.29324,1.2933,1.50,1.87
2016.01.27 20:19:10.768,1.29322,1.2933,1.12,1.87
2016.01.27 20:19:11.182,1.2932,1.2933,6.60,1.87
2016.01.27 20:19:11.638,1.29318,1.2933,3.22,3.75
2016.01.27 20:19:12.081,1.29321,1.29329,2.85,2.62
2016.01.27 20:19:12.491,1.29319,1.29329,2.85,1.12
2016.01.27 20:19:13.251,1.2932,1.29329,1.50,1.12
2016.01.27 20:19:13.758,1.29321,1.29331,1.00,2.62
2016.01.27 20:19:14.566,1.29321,1.29332,1.50,4.59
2016.01.27 20:19:15.224,1.29321,1.29332,1.87,4.06
2016.01.27 20:19:15.750,1.29321,1.2933,1.50,1.00
2016.01.27 20:19:15.852,1.29321,1.29332,1.87,3.31
2016.01.27 20:19:16.320,1.29323,1.29332,1.00,4.06
2016.01.27 20:19:16.625,1.29327,1.29331,1.00,1.00
2016.01.27 20:19:16.844,1.29324,1.29332,1.00,1.00
2016.01.27 20:19:17.050,1.29323,1.2933,1.00,1.00
2016.01.27 20:19:17.312,1.29321,1.2933,1.50,1.00
2016.01.27 20:19:17.464,1.29321,1.29332,1.50,1.00
2016.01.27 20:19:18.163,1.29321,1.29332,2.25,1.37
2016.01.27 20:19:18.264,1.29324,1.29332,1.00,1.37
2016.01.27 20:19:18.770,1.29323,1.29332,1.50,1.63
2016.01.27 20:19:19.323,1.29323,1.29333,1.00,1.00
2016.01.27 20:19:19.846,1.29322,1.29333,1.00,1.12
2016.01.27 20:19:19.897,1.29322,1.29333,1.00,4.81
2016.01.27 20:19:20.201,1.2932,1.29328,1.00,1.50
2016.01.27 20:19:20.718,1.29319,1.29325,1.00,1.00
2016.01.27 20:19:20.922,1.29316,1.29323,1.50,1.50
2016.01.27 20:19:21.175,1.29314,1.29323,1.00,2.75
2016.01.27 20:19:21.277,1.29315,1.29323,1.37,2.38
2016.01.27 20:19:21.687,1.29324,1.2933,1.00,1.37
2016.01.27 20:19:21.739,1.29321,1.2933,1.41,1.37
2016.01.27 20:19:22.247,1.29321,1.29328,1.00,1.00
2016.01.27 20:19:22.751,1.2932,1.29328,1.50,3.00
2016.01.27 20:19:22.853,1.29317,1.29327,1.00,1.63
2016.01.27 20:19:23.261,1.29316,1.29323,1.50,1.87
2016.01.27 20:19:23.364,1.29313,1.29322,1.91,1.00
2016.01.27 20:19:23.890,1.29313,1.29322,1.12,1.12
2016.01.27 20:19:24.295,1.29313,1.29322,1.91,1.00
2016.01.27 20:19:24.703,1.29313,1.29323,1.50,1.37
2016.01.27 20:19:24.754,1.29314,1.2932,1.00,1.00
2016.01.27 20:19:25.266,1.29313,1.29319,1.00,1.63
2016.01.27 20:19:26.153,1.29313,1.29319,1.00,1.63
2016.01.27 20:19:26.607,1.29313,1.29314,1.00,1.00
2016.01.27 20:19:26.759,1.2931,1.29315,1.00,1.00
2016.01.27 20:19:27.426,1.2931,1.29315,1.00,1.63
2016.01.27 20:19:27.480,1.29308,1.29313,4.12,1.00
2016.01.27 20:19:27.632,1.29304,1.29313,1.00,2.25
2016.01.27 20:19:27.886,1.29301,1.29311,1.05,1.87
2016.01.27 20:19:28.038,1.293,1.29309,1.00,1.10
2016.01.27 20:19:28.242,1.29298,1.29308,1.00,1.95
2016.01.27 20:19:28.787,1.29298,1.29308,1.00,2.51
2016.01.27 20:19:28.991,1.29296,1.29306,1.50,1.31
2016.01.27 20:19:29.246,1.29297,1.29306,2.06,1.00
2016.01.27 20:19:29.499,1.293,1.29309,1.00,2.70
2016.01.27 20:19:29.551,1.29301,1.29309,1.56,1.87
2016.01.27 20:19:30.065,1.29302,1.29313,2.44,1.87
2016.01.27 20:19:30.575,1.29301,1.29313,4.87,3.37
2016.01.27 20:19:30.677,1.29304,1.29313,4.50,3.37
2016.01.27 20:19:30.779,1.29305,1.29315,4.31,2.32
2016.01.27 20:19:31.144,1.2931,1.29317,1.00,1.37
2016.01.27 20:19:31.348,1.29307,1.29317,1.00,1.37
2016.01.27 20:19:31.399,1.29307,1.29319,1.50,2.10
2016.01.27 20:19:31.653,1.2931,1.29319,1.00,1.67
2016.01.27 20:19:31.959,1.29313,1.29319,1.00,2.25
2016.01.27 20:19:32.516,1.2931,1.29319,2.81,1.87
2016.01.27 20:19:32.668,1.29312,1.2932,1.56,2.25
2016.01.27 20:19:32.871,1.29311,1.29319,1.00,1.87
2016.01.27 20:19:33.384,1.2931,1.29319,9.37,1.87
2016.01.27 20:19:33.904,1.2931,1.2932,7.12,1.87
2016.01.27 20:19:34.609,1.29311,1.2932,1.25,2.25
2016.01.27 20:19:35.373,1.29313,1.2932,3.75,2.62
2016.01.27 20:19:35.728,1.2931,1.2932,7.87,2.62
2016.01.27 20:19:36.236,1.29311,1.29319,2.25,1.87
2016.01.27 20:19:36.389,1.29313,1.29319,1.00,1.87
2016.01.27 20:19:36.693,1.29316,1.29323,1.00,1.37
2016.01.27 20:19:36.865,1.29315,1.29323,2.81,1.00
2016.01.27 20:19:37.376,1.29316,1.29328,1.00,1.95
2016.01.27 20:19:37.478,1.29316,1.29328,1.00,1.57
2016.01.27 20:19:37.963,1.29317,1.29328,3.00,1.00
2016.01.27 20:19:38.282,1.29326,1.29332,6.75,4.50
2016.01.27 20:19:38.485,1.29334,1.29341,1.00,1.00
2016.01.27 20:19:38.587,1.29334,1.29344,1.00,3.07
2016.01.27 20:19:38.789,1.29335,1.29344,3.75,1.00
2016.01.27 20:19:38.891,1.29335,1.29347,3.75,2.77
2016.01.27 20:19:39.128,1.29339,1.29347,3.75,1.50
2016.01.27 20:19:39.229,1.29339,1.29349,4.50,1.57
2016.01.27 20:19:39.583,1.29341,1.29351,1.31,1.00
2016.01.27 20:19:39.685,1.29344,1.29351,1.00,1.00
2016.01.27 20:19:39.787,1.29345,1.29353,1.00,2.25
2016.01.27 20:19:39.939,1.29343,1.29356,6.00,3.82
2016.01.27 20:19:40.183,1.29348,1.29359,1.00,4.05
2016.01.27 20:19:40.487,1.2935,1.29359,1.00,1.35
2016.01.27 20:19:41.406,1.29351,1.29359,1.00,1.35
2016.01.27 20:19:41.466,1.29351,1.29361,1.50,1.72
2016.01.27 20:19:41.518,1.29355,1.29361,1.00,1.35
2016.01.27 20:19:41.579,1.29355,1.29363,1.00,2.47
2016.01.27 20:19:41.883,1.29361,1.29365,1.00,2.25
2016.01.27 20:19:41.934,1.29361,1.29369,1.00,1.75
2016.01.27 20:19:41.985,1.29361,1.29369,5.25,1.00
2016.01.27 20:19:42.036,1.29365,1.29371,1.00,1.00
2016.01.27 20:19:42.398,1.29362,1.29371,1.00,1.00
2016.01.27 20:19:42.724,1.29365,1.29372,1.00,1.00
2016.01.27 20:19:42.927,1.29362,1.29373,1.12,1.50
2016.01.27 20:19:43.447,1.29365,1.29373,1.00,1.00
2016.01.27 20:19:43.955,1.29365,1.29374,1.00,1.72
2016.01.27 20:19:44.491,1.29365,1.29373,1.00,2.10
2016.01.27 20:19:45.025,1.29365,1.29375,2.06,2.70
2016.01.27 20:19:45.076,1.29365,1.29375,6.00,1.12
2016.01.27 20:19:45.177,1.29366,1.29377,1.56,1.87
2016.01.27 20:19:45.380,1.29366,1.29379,1.56,4.80
2016.01.27 20:19:46.123,1.29368,1.29379,1.00,4.80
2016.01.27 20:19:46.771,1.29368,1.29378,1.00,1.00
2016.01.27 20:19:47.307,1.29364,1.29378,10.50,1.00
2016.01.27 20:19:47.814,1.29365,1.29374,1.25,1.50
2016.01.27 20:19:48.419,1.29363,1.29365,1.00,1.10
2016.01.27 20:19:48.623,1.29353,1.2936,1.12,1.00
2016.01.27 20:19:48.674,1.29353,1.29358,1.12,1.00
2016.01.27 20:19:48.927,1.29351,1.29361,1.31,1.57
2016.01.27 20:19:49.473,1.2935,1.29361,2.81,1.00
2016.01.27 20:19:49.780,1.2935,1.29359,2.44,1.00
2016.01.27 20:19:50.317,1.29349,1.2936,1.50,2.85
2016.01.27 20:19:50.835,1.2935,1.2936,1.00,3.60
2016.01.27 20:19:51.353,1.2935,1.29361,1.50,2.62
2016.01.27 20:19:51.676,1.29349,1.29359,1.31,1.00
2016.01.27 20:19:52.233,1.29347,1.29351,3.37,1.00
2016.01.27 20:19:52.604,1.29316,1.29317,1.00,1.50
2016.01.27 20:19:52.655,1.29315,1.29317,1.00,2.85
2016.01.27 20:19:52.808,1.29315,1.29317,1.00,2.85
2016.01.27 20:19:53.061,1.29306,1.29317,1.56,1.87
2016.01.27 20:19:53.163,1.2931,1.29317,1.00,2.70
2016.01.27 20:19:53.507,1.29312,1.29316,3.75,1.50
2016.01.27 20:19:53.558,1.29309,1.29317,3.75,1.57
2016.01.27 20:19:53.811,1.29308,1.29316,1.55,1.57
2016.01.27 20:19:54.014,1.29305,1.29314,3.74,1.50
2016.01.27 20:19:54.482,1.29305,1.2931,3.74,1.75
2016.01.27 20:19:54.535,1.29299,1.2931,1.30,3.07
2016.01.27 20:19:54.587,1.29299,1.29303,1.30,1.00
2016.01.27 20:19:54.740,1.29293,1.293,2.25,2.92
2016.01.27 20:19:54.792,1.29293,1.29299,2.25,5.55
2016.01.27 20:19:54.897,1.29288,1.29295,1.00,1.00
2016.01.27 20:19:55.281,1.29288,1.29295,1.00,1.37
2016.01.27 20:19:55.332,1.29283,1.29294,1.55,1.95
2016.01.27 20:19:55.839,1.29283,1.29292,1.30,1.00
2016.01.27 20:19:56.322,1.29285,1.29294,1.00,3.00
2016.01.27 20:19:56.576,1.29288,1.29298,1.55,2.25
2016.01.27 20:19:56.678,1.2929,1.29299,1.37,2.25
2016.01.27 20:19:56.780,1.2929,1.29299,1.37,1.00
2016.01.27 20:19:57.515,1.2929,1.293,1.55,1.00
2016.01.27 20:19:57.667,1.2929,1.29298,1.00,1.37
2016.01.27 20:19:57.920,1.2929,1.29299,1.00,1.00
2016.01.27 20:19:57.971,1.2929,1.293,1.37,3.30
2016.01.27 20:19:58.072,1.29292,1.29302,1.00,5.55
2016.01.27 20:19:58.275,1.29293,1.293,1.00,2.92
2016.01.27 20:19:58.503,1.29289,1.29299,1.12,1.12
2016.01.27 20:19:59.009,1.2929,1.29299,1.00,1.12
2016.01.27 20:19:59.574,1.29292,1.29302,1.30,1.52
2016.01.27 20:19:59.878,1.29292,1.29304,4.49,4.31
2016.01.27 20:20:00.283,1.29293,1.29305,2.80,1.37
2016.01.27 20:20:00.874,1.29293,1.29304,2.81,1.61
2016.01.27 20:20:01.028,1.29295,1.29304,1.00,1.61
2016.01.27 20:20:01.486,1.29295,1.29307,3.75,5.89
2016.01.27 20:20:01.870,1.29295,1.29305,1.00,1.24
2016.01.27 20:20:02.177,1.2929,1.29296,1.00,1.37
2016.01.27 20:20:02.228,1.29287,1.29296,1.00,1.87
2016.01.27 20:20:02.280,1.29289,1.29296,3.75,1.00
2016.01.27 20:20:02.484,1.29287,1.29293,1.00,1.00
2016.01.27 20:20:02.718,1.29281,1.29293,1.25,3.49
2016.01.27 20:20:03.237,1.29281,1.29293,1.69,1.15
2016.01.27 20:20:03.757,1.29281,1.29293,1.56,1.37
2016.01.27 20:20:04.300,1.29281,1.29293,1.56,1.00
2016.01.27 20:20:05.751,1.29283,1.29293,1.00,1.00
2016.01.27 20:20:05.853,1.29285,1.29294,1.00,2.14
2016.01.27 20:20:06.211,1.29285,1.29294,1.00,4.95
2016.01.27 20:20:06.725,1.29284,1.29294,1.00,4.95
2016.01.27 20:20:07.181,1.29284,1.29294,4.50,1.50
2016.01.27 20:20:07.558,1.29292,1.293,1.50,1.12
2016.01.27 20:20:07.609,1.29293,1.29301,1.00,1.12
2016.01.27 20:20:07.764,1.2929,1.29301,1.31,3.49
2016.01.27 20:20:08.118,1.29291,1.29298,1.00,1.00
2016.01.27 20:20:08.270,1.29287,1.29297,1.25,1.31
2016.01.27 20:20:08.321,1.29285,1.29296,2.44,2.36
2016.01.27 20:20:08.748,1.29285,1.2929,1.87,4.05
2016.01.27 20:20:08.800,1.29278,1.2929,1.75,4.80
2016.01.27 20:20:08.853,1.29277,1.2929,1.87,5.55
2016.01.27 20:20:09.058,1.2928,1.29289,1.50,1.24
2016.01.27 20:20:09.377,1.29278,1.29289,2.25,1.76
2016.01.27 20:20:10.595,1.29278,1.29289,1.50,3.82
2016.01.27 20:20:11.309,1.29277,1.29288,1.69,1.61
2016.01.27 20:20:11.713,1.29277,1.29289,1.31,2.89
2016.01.27 20:20:11.915,1.29278,1.29285,1.00,1.49
2016.01.27 20:20:12.151,1.29276,1.29287,1.47,1.49
2016.01.27 20:20:12.202,1.2928,1.29287,1.00,1.61
2016.01.27 20:20:12.253,1.29277,1.29289,3.26,1.37
2016.01.27 20:20:12.304,1.29278,1.29289,1.12,1.12
2016.01.27 20:20:12.355,1.29278,1.29289,1.12,3.90
2016.01.27 20:20:12.659,1.29273,1.29279,1.95,3.52
2016.01.27 20:20:12.811,1.29273,1.29281,1.00,1.34
2016.01.27 20:20:12.913,1.29271,1.29284,2.32,5.77
2016.01.27 20:20:13.112,1.29271,1.29284,2.32,5.02
2016.01.27 20:20:13.166,1.29271,1.29282,2.32,3.52
2016.01.27 20:20:13.700,1.29272,1.29282,1.00,3.52
2016.01.27 20:20:14.256,1.29271,1.29282,3.07,3.52
2016.01.27 20:20:14.720,1.29273,1.29282,1.00,3.52
2016.01.27 20:20:15.024,1.29273,1.29285,2.25,4.65
2016.01.27 20:20:15.075,1.29275,1.29285,1.00,4.65
2016.01.27 20:20:15.379,1.29277,1.29286,1.37,3.52
2016.01.27 20:20:16.222,1.29277,1.29287,1.87,3.52
2016.01.27 20:20:16.425,1.29276,1.29286,1.00,4.16
2016.01.27 20:20:16.527,1.29275,1.29283,1.50,1.22
2016.01.27 20:20:16.642,1.29274,1.29285,1.00,4.54
2016.01.27 20:20:16.917,1.29271,1.29282,1.31,2.25
2016.01.27 20:20:16.969,1.2927,1.29279,1.50,1.30
2016.01.27 20:20:17.478,1.29269,1.2928,5.62,4.16
2016.01.27 20:20:17.580,1.2927,1.2928,2.62,4.16
2016.01.27 20:20:18.053,1.2927,1.29276,2.25,1.29
2016.01.27 20:20:18.113,1.29266,1.29275,1.50,3.40
2016.01.27 20:20:18.215,1.29265,1.29276,2.06,1.22
2016.01.27 20:20:18.571,1.29268,1.29275,1.12,1.29
2016.01.27 20:20:18.789,1.29269,1.29279,2.25,4.15
2016.01.27 20:20:19.321,1.2927,1.29279,3.75,3.40
2016.01.27 20:20:19.524,1.29267,1.29275,3.82,1.00
2016.01.27 20:20:19.625,1.29267,1.29274,1.12,3.03
2016.01.27 20:20:19.727,1.29262,1.29271,1.50,3.78
2016.01.27 20:20:19.828,1.2926,1.29271,1.50,4.53
2016.01.27 20:20:19.930,1.29259,1.29271,3.19,4.53
2016.01.27 20:20:20.342,1.29261,1.29271,1.87,3.03
2016.01.27 20:20:20.848,1.2926,1.29271,1.87,3.03
2016.01.27 20:20:21.151,1.29261,1.29273,6.75,1.37
2016.01.27 20:20:21.668,1.29263,1.29274,2.44,1.50
2016.01.27 20:20:22.073,1.29265,1.29275,1.50,1.00
2016.01.27 20:20:22.657,1.29265,1.29276,2.25,2.02
2016.01.27 20:20:23.165,1.29266,1.29277,1.50,2.62
2016.01.27 20:20:23.676,1.29267,1.29277,1.31,2.62
2016.01.27 20:20:23.999,1.2927,1.29277,1.00,1.50
2016.01.27 20:20:24.152,1.29273,1.2928,3.56,2.25
2016.01.27 20:20:24.203,1.29275,1.29285,1.00,1.00
2016.01.27 20:20:24.557,1.29275,1.29287,2.25,6.03
2016.01.27 20:20:25.552,1.29276,1.29287,1.00,3.03
2016.01.27 20:20:25.957,1.29275,1.29283,1.50,1.00
2016.01.27 20:20:26.305,1.29277,1.29286,1.31,1.12
2016.01.27 20:20:26.811,1.29276,1.29287,2.06,1.12
2016.01.27 20:20:27.122,1.2928,1.29287,1.00,1.12
2016.01.27 20:20:27.223,1.29276,1.29287,3.19,1.12
2016.01.27 20:20:27.329,1.2928,1.29287,1.00,1.12
2016.01.27 20:20:27.834,1.29279,1.29288,1.00,1.00
2016.01.27 20:20:28.430,1.2928,1.29288,1.00,1.00
2016.01.27 20:20:28.936,1.2928,1.29287,1.00,1.00
2016.01.27 20:20:29.723,1.2928,1.29287,1.00,3.75
2016.01.27 20:20:29.977,1.29279,1.29287,1.00,1.00
2016.01.27 20:20:30.483,1.2928,1.2929,1.50,4.87
2016.01.27 20:20:31.002,1.29279,1.2929,1.00,3.75
2016.01.27 20:20:31.509,1.2928,1.2929,1.00,4.50
2016.01.27 20:20:32.228,1.29279,1.2929,2.25,4.87
2016.01.27 20:20:32.381,1.29279,1.2929,1.50,1.25
2016.01.27 20:20:32.947,1.2928,1.2929,2.62,1.25
2016.01.27 20:20:33.940,1.29284,1.29291,1.00,1.25
2016.01.27 20:20:34.042,1.29285,1.29294,1.00,2.81
2016.01.27 20:20:34.093,1.29289,1.29295,1.00,1.76
2016.01.27 20:20:34.398,1.29287,1.29295,1.00,1.56
2016.01.27 20:20:34.757,1.2929,1.29295,1.00,1.69
2016.01.27 20:20:35.062,1.29286,1.29295,1.50,1.56
2016.01.27 20:20:35.164,1.29288,1.29296,1.00,4.87
2016.01.27 20:20:35.469,1.2929,1.29296,1.00,3.75
2016.01.27 20:20:36.221,1.2929,1.29295,1.00,4.12
2016.01.27 20:20:36.323,1.29289,1.29297,1.00,4.50
2016.01.27 20:20:36.475,1.29289,1.29297,1.00,1.31
2016.01.27 20:20:36.984,1.2929,1.29299,1.50,3.75
2016.01.27 20:20:37.528,1.2929,1.29296,1.00,1.56
2016.01.27 20:20:38.055,1.29289,1.29297,1.00,1.56
2016.01.27 20:20:38.420,1.2929,1.293,1.00,8.32
2016.01.27 20:20:38.736,1.29295,1.293,1.00,3.75
2016.01.27 20:20:38.888,1.29292,1.29298,1.00,3.37
2016.01.27 20:20:39.813,1.2929,1.29298,1.87,3.37
2016.01.27 20:20:40.359,1.2929,1.29297,1.87,3.37
2016.01.27 20:20:40.990,1.29295,1.293,1.00,4.50
2016.01.27 20:20:41.496,1.29295,1.29301,1.00,3.37
2016.01.27 20:20:41.817,1.29292,1.293,3.00,3.37
2016.01.27 20:20:41.868,1.29298,1.29304,3.75,1.37
2016.01.27 20:20:41.970,1.293,1.29305,1.00,1.00
2016.01.27 20:20:42.021,1.293,1.29308,1.50,1.62
2016.01.27 20:20:42.173,1.29304,1.2931,1.00,1.25
2016.01.27 20:20:42.477,1.293,1.29311,1.37,2.98
2016.01.27 20:20:43.007,1.29305,1.29311,1.00,1.69
2016.01.27 20:20:43.108,1.29301,1.29311,1.25,2.81
2016.01.27 20:20:43.209,1.29301,1.2931,1.25,1.55
2016.01.27 20:20:43.680,1.29299,1.29309,4.87,1.12
2016.01.27 20:20:44.255,1.29303,1.29309,3.75,1.12
2016.01.27 20:20:44.358,1.29302,1.29311,1.12,1.31
2016.01.27 20:20:44.612,1.29301,1.2931,2.62,3.37
2016.01.27 20:20:45.182,1.29305,1.2931,1.00,3.37
2016.01.27 20:20:45.587,1.293,1.2931,2.25,3.37
2016.01.27 20:20:46.033,1.293,1.29306,1.12,3.37
2016.01.27 20:20:46.352,1.293,1.29308,1.00,1.12
2016.01.27 20:20:46.708,1.29299,1.2931,4.12,4.50
2016.01.27 20:20:47.025,1.29303,1.29311,4.50,1.00
2016.01.27 20:20:47.127,1.29305,1.29315,1.31,2.59
2016.01.27 20:20:47.329,1.29305,1.29316,1.31,5.06
2016.01.27 20:20:47.524,1.29309,1.29316,1.00,2.25
2016.01.27 20:20:47.777,1.29308,1.2932,5.25,2.96
2016.01.27 20:20:47.879,1.2931,1.2932,5.25,1.00
2016.01.27 20:20:48.033,1.29311,1.29323,2.06,1.84
2016.01.27 20:20:48.236,1.29311,1.29318,1.50,3.37
2016.01.27 20:20:48.567,1.29307,1.29314,1.12,1.25
2016.01.27 20:20:48.618,1.29304,1.29314,3.19,1.25
2016.01.27 20:20:49.226,1.29302,1.29314,2.25,2.81
2016.01.27 20:20:49.327,1.29302,1.29314,6.00,2.81
2016.01.27 20:20:50.665,1.29302,1.2931,6.37,1.00
2016.01.27 20:20:51.202,1.29304,1.29311,4.50,1.12
2016.01.27 20:20:51.253,1.29304,1.29314,4.50,2.62
2016.01.27 20:20:51.304,1.29306,1.29314,3.75,1.37
2016.01.27 20:20:51.355,1.29306,1.29316,3.75,1.12
2016.01.27 20:20:51.611,1.29308,1.29317,3.75,1.57
2016.01.27 20:20:52.288,1.29306,1.29315,1.56,1.00
2016.01.27 20:20:52.391,1.29307,1.29316,3.75,1.12
2016.01.27 20:20:52.920,1.29307,1.29315,3.75,1.00
2016.01.27 20:20:53.393,1.29289,1.29292,5.62,3.75
2016.01.27 20:20:53.647,1.29287,1.29292,1.12,2.06
2016.01.27 20:20:53.749,1.29287,1.2929,1.12,1.00
2016.01.27 20:20:54.089,1.29285,1.29288,1.00,3.75
2016.01.27 20:20:54.140,1.29281,1.29288,1.50,5.25
2016.01.27 20:20:54.191,1.29281,1.29288,1.31,1.50
2016.01.27 20:20:54.243,1.29286,1.2929,2.87,5.62
2016.01.27 20:20:54.522,1.2928,1.29287,1.00,1.00
2016.01.27 20:20:54.632,1.2928,1.29288,3.75,1.00
2016.01.27 20:20:54.836,1.29279,1.2929,5.62,1.12
2016.01.27 20:20:55.445,1.29281,1.29291,4.50,1.50
2016.01.27 20:20:55.599,1.2928,1.29291,1.00,3.26
2016.01.27 20:20:56.277,1.29278,1.2929,1.69,3.45
2016.01.27 20:20:56.664,1.2928,1.29289,1.00,1.50
2016.01.27 20:20:57.169,1.29279,1.29289,1.31,1.50
2016.01.27 20:20:58.160,1.29277,1.29288,1.12,5.25
2016.01.27 20:20:58.212,1.29277,1.29288,2.44,2.06
2016.01.27 20:20:58.676,1.29277,1.29289,1.94,4.01
2016.01.27 20:20:59.081,1.29273,1.29284,3.56,1.31
2016.01.27 20:20:59.701,1.29275,1.29283,1.00,1.50
2016.01.27 20:21:00.335,1.29275,1.29285,1.00,2.21
2016.01.27 20:21:00.387,1.29273,1.29285,1.01,2.21
2016.01.27 20:21:00.540,1.29275,1.29284,1.00,1.00
2016.01.27 20:21:01.082,1.29276,1.29285,3.45,1.95
2016.01.27 20:21:01.514,1.29274,1.2928,1.12,1.00
2016.01.27 20:21:01.616,1.29274,1.29285,1.12,2.44
2016.01.27 20:21:01.970,1.29273,1.2928,1.87,2.62
2016.01.27 20:21:02.072,1.2927,1.2928,2.62,1.37
2016.01.27 20:21:02.275,1.29269,1.2928,1.50,1.87
2016.01.27 20:21:02.781,1.2927,1.29279,1.00,1.00
2016.01.27 20:21:03.287,1.2927,1.2928,1.12,1.15
2016.01.27 20:21:03.462,1.29275,1.2928,1.00,1.15
2016.01.27 20:21:03.615,1.29278,1.29284,1.00,1.00
2016.01.27 20:21:03.830,1.29276,1.29286,1.31,1.12
2016.01.27 20:21:04.185,1.29277,1.29288,4.87,1.87
2016.01.27 20:21:04.337,1.29279,1.29291,2.06,2.32
2016.01.27 20:21:05.007,1.29281,1.29292,1.50,2.74
2016.01.27 20:21:05.058,1.29281,1.2929,1.50,3.67
2016.01.27 20:21:05.364,1.2928,1.29288,1.00,4.42
2016.01.27 20:21:05.618,1.29278,1.29285,1.00,1.24
2016.01.27 20:21:05.968,1.29277,1.29282,1.00,1.00
2016.01.27 20:21:06.020,1.29271,1.29282,1.87,2.36
2016.01.27 20:21:06.375,1.29273,1.29286,3.26,3.11
2016.01.27 20:21:06.476,1.29274,1.29287,4.69,3.49
2016.01.27 20:21:06.528,1.29277,1.29287,1.50,1.99
2016.01.27 20:21:06.962,1.29275,1.29284,1.87,1.00
2016.01.27 20:21:07.266,1.29272,1.2928,2.25,1.00
2016.01.27 20:21:07.570,1.29271,1.29281,2.40,1.61
2016.01.27 20:21:08.229,1.29271,1.29282,1.50,4.80
2016.01.27 20:21:08.741,1.29271,1.2928,2.25,1.00
2016.01.27 20:21:08.893,1.29271,1.2928,3.94,1.00
2016.01.27 20:21:09.198,1.29271,1.2928,3.19,1.00
2016.01.27 20:21:09.527,1.29269,1.29281,2.25,1.12
2016.01.27 20:21:10.083,1.29272,1.29281,1.00,1.87
2016.01.27 20:21:10.185,1.29272,1.29283,1.87,1.12
2016.01.27 20:21:10.236,1.29274,1.29281,1.00,1.00
2016.01.27 20:21:10.634,1.29273,1.29283,1.00,1.12
2016.01.27 20:21:10.786,1.29275,1.29284,1.00,1.87
2016.01.27 20:21:11.040,1.29275,1.29285,1.12,1.00
2016.01.27 20:21:11.143,1.29275,1.2928,1.12,1.00
2016.01.27 20:21:11.245,1.29273,1.29285,2.14,1.87
2016.01.27 20:21:11.347,1.29274,1.29283,1.00,1.00
2016.01.27 20:21:11.853,1.29269,1.2928,1.12,1.00
2016.01.27 20:21:12.260,1.29272,1.2928,1.00,4.80
2016.01.27 20:21:12.566,1.29276,1.29285,1.00,1.00
2016.01.27 20:21:13.068,1.29276,1.29285,1.87,1.50
2016.01.27 20:21:13.575,1.29276,1.29285,1.00,1.00
2016.01.27 20:21:14.245,1.29276,1.29285,2.25,1.00
2016.01.27 20:21:14.757,1.29276,1.29285,2.25,1.00
2016.01.27 20:21:15.445,1.29276,1.29286,1.87,1.00
2016.01.27 20:21:15.878,1.29276,1.29285,1.50,1.37
2016.01.27 20:21:16.080,1.29274,1.29284,2.62,1.00
2016.01.27 20:21:16.434,1.29276,1.29286,1.00,3.30
2016.01.27 20:21:16.916,1.29278,1.29285,1.12,1.00
2016.01.27 20:21:17.422,1.29277,1.29286,1.37,1.00
2016.01.27 20:21:17.777,1.2928,1.2929,1.12,3.00
2016.01.27 20:21:17.828,1.29282,1.2929,1.00,1.87
2016.01.27 20:21:18.156,1.29284,1.2929,1.87,1.00
2016.01.27 20:21:18.700,1.29284,1.29291,1.50,3.00
2016.01.27 20:21:18.903,1.29282,1.2929,3.75,1.00
2016.01.27 20:21:19.055,1.29283,1.29293,1.00,1.61
2016.01.27 20:21:19.505,1.29283,1.29291,1.50,1.24
2016.01.27 20:21:20.011,1.29281,1.2929,3.75,1.00
2016.01.27 20:21:20.315,1.29277,1.29285,2.25,1.99
2016.01.27 20:21:20.763,1.29277,1.29287,1.50,4.42
2016.01.27 20:21:21.423,1.29277,1.29286,1.56,1.00
2016.01.27 20:21:21.709,1.29281,1.2929,1.50,1.69
2016.01.27 20:21:22.176,1.29279,1.2929,1.95,3.67
2016.01.27 20:21:22.517,1.29279,1.29291,1.87,2.36
2016.01.27 20:21:23.196,1.29279,1.2929,2.40,1.49
2016.01.27 20:21:23.449,1.29281,1.2929,1.00,1.49
2016.01.27 20:21:24.004,1.29279,1.2929,1.65,2.74
2016.01.27 20:21:24.510,1.2928,1.2929,1.00,1.15
2016.01.27 20:21:24.611,1.2928,1.2929,1.00,4.80
2016.01.27 20:21:24.830,1.29278,1.29289,1.87,3.67
2016.01.27 20:21:24.931,1.29278,1.29287,1.50,3.67
2016.01.27 20:21:25.285,1.29278,1.29284,1.50,3.67
2016.01.27 20:21:25.589,1.29276,1.29284,1.12,1.00
2016.01.27 20:21:26.176,1.29276,1.29286,1.12,1.61
2016.01.27 20:21:26.827,1.29275,1.29285,4.50,1.49
2016.01.27 20:21:27.333,1.29275,1.29284,3.00,3.67
2016.01.27 20:21:27.555,1.29275,1.29285,3.00,1.24
2016.01.27 20:21:28.062,1.29275,1.29285,1.87,2.36
2016.01.27 20:21:28.756,1.29275,1.29284,3.75,5.17
2016.01.27 20:21:29.106,1.29272,1.2928,1.87,1.49
2016.01.27 20:21:29.612,1.29271,1.29281,3.75,3.67
2016.01.27 20:21:29.663,1.29271,1.29281,3.75,3.67
2016.01.27 20:21:30.177,1.29271,1.2928,2.55,1.00
2016.01.27 20:21:30.885,1.29271,1.2928,1.42,1.56
2016.01.27 20:21:31.654,1.29271,1.2928,1.00,4.50
2016.01.27 20:21:32.667,1.29271,1.2928,1.12,1.56
2016.01.27 20:21:33.021,1.29271,1.29275,1.00,1.00
2016.01.27 20:21:33.173,1.2927,1.29278,1.00,1.69
2016.01.27 20:21:33.224,1.29269,1.29275,1.00,1.00
2016.01.27 20:21:33.528,1.29269,1.29278,1.00,1.09
2016.01.27 20:21:34.147,1.29268,1.29275,1.12,1.00
2016.01.27 20:21:34.353,1.29264,1.29273,4.76,1.31
2016.01.27 20:21:34.404,1.29264,1.29273,1.00,4.50
2016.01.27 20:21:34.810,1.29261,1.29273,1.87,6.45
2016.01.27 20:21:34.861,1.29261,1.29268,1.87,1.31
2016.01.27 20:21:34.913,1.29259,1.29268,2.59,1.31
2016.01.27 20:21:34.964,1.29259,1.29266,1.50,1.56
2016.01.27 20:21:35.015,1.29256,1.29266,4.05,1.56
2016.01.27 20:21:35.246,1.29255,1.29265,1.00,1.56
2016.01.27 20:21:35.348,1.29257,1.29264,1.00,1.00
2016.01.27 20:21:35.501,1.29257,1.29266,1.00,3.56
2016.01.27 20:21:36.007,1.29258,1.29266,1.00,1.25
2016.01.27 20:21:36.696,1.29258,1.29267,1.00,5.62
2016.01.27 20:21:36.747,1.29256,1.29267,1.50,5.62
2016.01.27 20:21:37.254,1.29255,1.29266,1.12,2.77
2016.01.27 20:21:37.841,1.29254,1.29266,1.50,3.89
2016.01.27 20:21:37.892,1.29254,1.29265,2.25,1.37
2016.01.27 20:21:38.197,1.29257,1.29266,1.80,1.37
2016.01.27 20:21:39.074,1.29257,1.29267,1.12,1.50
2016.01.27 20:21:39.601,1.29256,1.29267,2.02,2.25
2016.01.27 20:21:39.803,1.29258,1.29267,1.00,1.12
2016.01.27 20:21:40.136,1.29261,1.29267,1.00,1.12
2016.01.27 20:21:40.188,1.29259,1.29268,2.62,3.00
2016.01.27 20:21:40.741,1.2926,1.29268,1.00,2.25
2016.01.27 20:21:41.153,1.2926,1.2927,2.17,3.14
2016.01.27 20:21:41.204,1.29262,1.2927,1.00,1.50
2016.01.27 20:21:41.669,1.29266,1.29274,3.07,1.00
2016.01.27 20:21:41.887,1.29266,1.29277,2.81,2.25
2016.01.27 20:21:42.395,1.29266,1.29277,2.62,1.87
2016.01.27 20:21:42.597,1.29266,1.29275,2.62,1.00
2016.01.27 20:21:42.910,1.29266,1.29276,2.70,2.39
2016.01.27 20:21:43.213,1.29266,1.29278,4.76,1.70
2016.01.27 20:21:43.264,1.29268,1.29278,1.12,1.70
2016.01.27 20:21:43.570,1.2927,1.29279,1.16,3.52
2016.01.27 20:21:43.976,1.29271,1.29277,1.00,1.00
2016.01.27 20:21:44.028,1.29269,1.29277,1.50,1.00
2016.01.27 20:21:44.130,1.29267,1.29276,1.95,3.14
2016.01.27 20:21:44.541,1.29265,1.29276,1.39,1.00
2016.01.27 20:21:45.069,1.29268,1.29276,1.31,1.00
2016.01.27 20:21:45.120,1.29268,1.2928,1.31,8.02
2016.01.27 20:21:45.323,1.29269,1.2928,2.74,2.25
2016.01.27 20:21:45.627,1.29272,1.29281,1.00,3.56
2016.01.27 20:21:46.303,1.29273,1.29283,6.54,1.00
2016.01.27 20:21:46.405,1.29273,1.29285,7.35,1.94
2016.01.27 20:21:48.074,1.29276,1.29285,1.49,1.00
2016.01.27 20:21:48.125,1.29276,1.29287,1.49,1.57
2016.01.27 20:21:48.327,1.29277,1.29285,1.24,1.00
2016.01.27 20:21:48.530,1.29275,1.29284,1.50,2.94
2016.01.27 20:21:49.042,1.29273,1.29282,1.37,2.94
2016.01.27 20:21:49.144,1.29272,1.29282,1.50,2.94
2016.01.27 20:21:49.346,1.2927,1.29282,3.90,2.94
2016.01.27 20:21:49.652,1.2927,1.2928,3.86,1.00
2016.01.27 20:21:50.398,1.2927,1.2928,3.00,3.69
2016.01.27 20:21:50.500,1.29271,1.29282,1.20,1.12
2016.01.27 20:21:51.499,1.29271,1.29283,2.06,1.00
2016.01.27 20:21:52.004,1.29275,1.29285,1.99,1.37
2016.01.27 20:21:52.308,1.29277,1.29288,3.86,1.00
2016.01.27 20:21:52.359,1.29277,1.29286,2.62,1.00
2016.01.27 20:21:52.588,1.29275,1.29285,1.20,1.00
2016.01.27 20:21:53.112,1.29273,1.29284,3.56,1.00
2016.01.27 20:21:53.648,1.29273,1.29285,2.81,1.12
2016.01.27 20:21:54.164,1.29272,1.29285,4.31,3.37
2016.01.27 20:21:54.619,1.29272,1.29285,4.31,3.00
2016.01.27 20:21:55.309,1.29272,1.29285,6.37,3.37
2016.01.27 20:21:55.818,1.29272,1.29285,7.12,3.37
2016.01.27 20:21:56.424,1.29272,1.29282,3.11,1.50
2016.01.27 20:21:56.475,1.29267,1.29277,1.00,4.07
2016.01.27 20:21:56.729,1.29264,1.29277,2.06,3.32
2016.01.27 20:21:56.932,1.29262,1.29275,5.70,1.87
2016.01.27 20:21:57.286,1.29262,1.29273,3.00,2.94
2016.01.27 20:21:57.727,1.29261,1.2927,2.32,1.00
2016.01.27 20:21:57.778,1.29261,1.2927,1.57,1.00
2016.01.27 20:21:58.280,1.29261,1.29272,1.69,1.18
2016.01.27 20:21:58.533,1.29263,1.29274,1.50,4.07
2016.01.27 20:21:58.875,1.29266,1.29277,2.77,5.57
2016.01.27 20:21:59.252,1.29265,1.2927,2.25,3.70
2016.01.27 20:21:59.303,1.29259,1.29269,3.37,1.26
2016.01.27 20:21:59.405,1.29262,1.2927,1.00,2.01
2016.01.27 20:21:59.507,1.29259,1.29269,1.00,3.70
2016.01.27 20:21:59.609,1.29259,1.29266,1.00,3.70
2016.01.27 20:21:59.660,1.29256,1.29266,1.57,3.70
2016.01.27 20:21:59.913,1.29256,1.29266,1.00,1.12
2016.01.27 20:21:59.965,1.29256,1.29264,1.00,1.50
2016.01.27 20:22:00.270,1.29258,1.29263,1.31,1.00
2016.01.27 20:22:00.374,1.29258,1.29266,1.31,1.87
2016.01.27 20:22:00.915,1.29259,1.29266,1.00,1.50
2016.01.27 20:22:00.966,1.29259,1.29268,1.00,1.12
2016.01.27 20:22:01.170,1.29255,1.29265,1.95,1.00
2016.01.27 20:22:01.272,1.29254,1.29264,1.12,1.10
2016.01.27 20:22:01.323,1.29253,1.29261,2.62,1.00
2016.01.27 20:22:01.526,1.2925,1.2926,1.00,1.26
2016.01.27 20:22:01.904,1.29251,1.29259,1.00,5.57
2016.01.27 20:22:01.955,1.29246,1.29256,1.87,1.51
2016.01.27 20:22:02.107,1.29246,1.29255,1.00,1.51
2016.01.27 20:22:02.259,1.29243,1.29254,1.20,3.88
2016.01.27 20:22:02.361,1.29243,1.29251,1.00,1.00
2016.01.27 20:22:02.564,1.29242,1.29253,1.65,2.01
2016.01.27 20:22:03.109,1.29245,1.29255,1.37,3.51
2016.01.27 20:22:03.161,1.29248,1.29256,1.00,1.00
2016.01.27 20:22:03.263,1.29249,1.29259,2.25,2.38
2016.01.27 20:22:03.466,1.29251,1.29259,1.00,1.00
2016.01.27 20:22:03.568,1.29251,1.29263,1.50,2.38
2016.01.27 20:22:04.002,1.29253,1.29264,1.50,1.50
2016.01.27 20:22:04.055,1.29253,1.29265,2.62,4.26
2016.01.27 20:22:04.569,1.29254,1.29265,1.50,1.63
2016.01.27 20:22:05.242,1.29255,1.29266,1.00,1.26
2016.01.27 20:22:05.819,1.29256,1.29265,1.00,1.18
2016.01.27 20:22:06.330,1.29255,1.29265,1.00,1.18
2016.01.27 20:22:06.973,1.29255,1.29267,2.25,2.01
2016.01.27 20:22:07.474,1.29255,1.29267,1.27,2.01
2016.01.27 20:22:08.024,1.29255,1.29266,1.27,1.18
2016.01.27 20:22:08.379,1.29257,1.29267,1.00,5.95
2016.01.27 20:22:08.683,1.29253,1.29263,1.12,2.76
2016.01.27 20:22:09.309,1.29254,1.29262,1.50,1.55
2016.01.27 20:22:09.612,1.29253,1.29258,1.50,1.30
2016.01.27 20:22:09.821,1.2925,1.2926,5.25,1.12
2016.01.27 20:22:10.466,1.2925,1.29256,1.50,1.55
2016.01.27 20:22:10.517,1.29248,1.29255,1.87,1.30
2016.01.27 20:22:10.872,1.29246,1.29255,1.00,1.00
2016.01.27 20:22:11.076,1.29247,1.29257,1.00,1.12
2016.01.27 20:22:11.623,1.29248,1.29257,1.00,1.12
2016.01.27 20:22:12.040,1.29249,1.2926,1.50,3.37
2016.01.27 20:22:12.142,1.29252,1.29262,1.31,2.62
2016.01.27 20:22:12.245,1.29252,1.29262,2.81,1.12
2016.01.27 20:22:12.348,1.29253,1.29263,3.45,1.00
2016.01.27 20:22:12.583,1.29257,1.29267,1.00,2.11
2016.01.27 20:22:13.092,1.29258,1.29267,1.00,1.28
2016.01.27 20:22:14.393,1.29259,1.29269,1.00,1.91
2016.01.27 20:22:14.900,1.29266,1.29272,1.00,1.50
2016.01.27 20:22:14.951,1.29266,1.29274,1.00,1.50
2016.01.27 20:22:15.164,1.29267,1.29276,1.00,3.16
2016.01.27 20:22:15.672,1.29267,1.29278,1.50,1.53
2016.01.27 20:22:16.334,1.29267,1.29277,1.50,3.72
2016.01.27 20:22:16.537,1.29267,1.29275,1.50,3.72
2016.01.27 20:22:16.739,1.29265,1.29275,1.50,5.59
2016.01.27 20:22:16.841,1.29263,1.29273,1.12,1.53
2016.01.27 20:22:16.992,1.29265,1.29273,1.00,1.28
2016.01.27 20:22:17.651,1.29268,1.29275,1.00,1.21
2016.01.27 20:22:18.171,1.29267,1.29277,1.87,3.72
2016.01.27 20:22:18.475,1.29266,1.29276,1.00,3.72
2016.01.27 20:22:18.710,1.29267,1.29277,1.37,1.53
2016.01.27 20:22:19.218,1.29267,1.29276,1.87,1.53
2016.01.27 20:22:19.655,1.29267,1.29277,2.62,1.21
2016.01.27 20:22:19.706,1.29269,1.29277,1.00,1.21
2016.01.27 20:22:19.950,1.29269,1.2928,2.44,3.75
2016.01.27 20:22:20.152,1.29272,1.2928,1.00,1.00
2016.01.27 20:22:20.644,1.29272,1.29284,2.62,6.72
2016.01.27 20:22:20.847,1.29275,1.29283,1.12,1.56
2016.01.27 20:22:21.257,1.29277,1.29285,1.87,4.12
2016.01.27 20:22:21.325,1.29275,1.29285,1.12,4.12
2016.01.27 20:22:21.730,1.29276,1.29287,1.00,1.56
2016.01.27 20:22:21.933,1.29278,1.29288,2.62,1.25
2016.01.27 20:22:22.470,1.2928,1.2929,1.87,2.62
2016.01.27 20:22:23.179,1.29279,1.29291,1.57,3.26
2016.01.27 20:22:23.382,1.29278,1.2929,2.32,5.70
2016.01.27 20:22:23.776,1.29276,1.29288,1.50,4.01
2016.01.27 20:22:23.980,1.29276,1.29288,2.89,1.01
2016.01.27 20:22:24.954,1.29277,1.29289,1.50,5.25
2016.01.27 20:22:25.360,1.29276,1.29288,5.51,1.25
2016.01.27 20:22:25.512,1.29278,1.2929,2.06,3.56
2016.01.27 20:22:26.141,1.29279,1.29286,1.00,3.75
2016.01.27 20:22:26.300,1.29276,1.29286,1.12,3.75
2016.01.27 20:22:27.305,1.29277,1.29288,1.12,6.00
2016.01.27 20:22:27.821,1.29275,1.29286,4.95,1.56
2016.01.27 20:22:27.873,1.29274,1.29284,1.95,1.56
2016.01.27 20:22:28.177,1.29273,1.29282,1.00,3.75
2016.01.27 20:22:28.329,1.29273,1.29284,1.00,3.56
2016.01.27 20:22:28.430,1.29273,1.29284,1.50,3.00
2016.01.27 20:22:28.666,1.29272,1.29282,1.75,3.75
2016.01.27 20:22:28.923,1.29271,1.29281,2.62,1.31
2016.01.27 20:22:29.075,1.29272,1.29278,1.00,3.75
2016.01.27 20:22:29.227,1.29267,1.29276,3.37,1.56
2016.01.27 20:22:29.625,1.29267,1.29278,1.37,2.06
2016.01.27 20:22:29.778,1.29272,1.2928,1.00,1.12
2016.01.27 20:22:29.879,1.29272,1.29282,1.00,1.05
2016.01.27 20:22:30.082,1.29273,1.29284,2.25,1.16
2016.01.27 20:22:30.184,1.29274,1.29285,1.00,1.16
2016.01.27 20:22:30.578,1.29274,1.29285,4.12,1.16
2016.01.27 20:22:31.084,1.29277,1.29287,1.00,3.97
2016.01.27 20:22:31.293,1.29277,1.29288,1.00,1.41
2016.01.27 20:22:32.030,1.29279,1.29288,1.00,1.00
2016.01.27 20:22:32.132,1.29277,1.2929,2.02,6.97
2016.01.27 20:22:32.285,1.29276,1.29287,2.77,3.60
2016.01.27 20:22:32.594,1.29278,1.29288,1.56,1.00
2016.01.27 20:22:32.696,1.29282,1.29289,1.00,1.00
2016.01.27 20:22:32.798,1.29282,1.29295,3.37,6.97
2016.01.27 20:22:33.334,1.29282,1.29293,1.50,2.29
2016.01.27 20:22:33.487,1.29282,1.29294,1.50,1.16
2016.01.27 20:22:33.641,1.29282,1.29286,1.00,1.00
2016.01.27 20:22:33.844,1.29273,1.29278,1.47,3.37
2016.01.27 20:22:34.080,1.29272,1.29275,2.87,1.50
2016.01.27 20:22:34.134,1.29268,1.29274,1.50,1.50
2016.01.27 20:22:34.339,1.29268,1.29277,1.00,1.41
2016.01.27 20:22:34.390,1.29268,1.29278,1.16,1.00
2016.01.27 20:22:34.493,1.29268,1.29278,1.00,1.87
2016.01.27 20:22:34.596,1.29266,1.29278,1.00,2.66
2016.01.27 20:22:35.229,1.29266,1.29276,1.00,1.37
2016.01.27 20:22:35.839,1.29266,1.29277,1.00,1.54
2016.01.27 20:22:36.208,1.29268,1.29279,1.50,2.66
2016.01.27 20:22:36.826,1.29268,1.29276,1.87,1.37
2016.01.27 20:22:37.243,1.29266,1.29273,1.21,1.37
2016.01.27 20:22:37.547,1.2927,1.29278,1.26,1.00
2016.01.27 20:22:37.902,1.29269,1.29277,2.01,1.37
2016.01.27 20:22:38.511,1.2927,1.29278,2.08,1.50
2016.01.27 20:22:38.664,1.2927,1.2928,1.61,1.87
2016.01.27 20:22:38.716,1.29269,1.29278,5.27,1.37
2016.01.27 20:22:38.818,1.29269,1.29278,1.00,1.37
2016.01.27 20:22:39.416,1.29268,1.29277,2.01,1.12
2016.01.27 20:22:39.928,1.29268,1.29279,3.13,1.37
2016.01.27 20:22:40.513,1.29268,1.29278,2.01,1.37
2016.01.27 20:22:40.666,1.29267,1.2927,3.21,1.50
2016.01.27 20:22:40.920,1.29263,1.29271,4.45,1.87
2016.01.27 20:22:40.971,1.29263,1.29272,1.00,1.75
2016.01.27 20:22:41.022,1.29263,1.29269,1.00,1.37
2016.01.27 20:22:41.124,1.29262,1.29272,1.50,1.50
2016.01.27 20:22:41.697,1.29261,1.29271,2.01,1.87
2016.01.27 20:22:42.214,1.2926,1.29272,3.88,2.06
2016.01.27 20:22:43.292,1.29262,1.29271,1.00,1.37
2016.01.27 20:22:43.626,1.2926,1.29271,2.51,1.37
2016.01.27 20:22:43.921,1.2926,1.29265,1.10,1.00
2016.01.27 20:22:44.225,1.29256,1.29262,1.00,1.00
2016.01.27 20:22:44.327,1.29256,1.29258,1.00,1.37
2016.01.27 20:22:44.630,1.29255,1.2926,1.00,1.37
2016.01.27 20:22:44.732,1.29255,1.29263,1.00,3.37
2016.01.27 20:22:44.833,1.29255,1.29264,1.00,1.00
2016.01.27 20:22:45.351,1.29255,1.29265,1.00,2.44
2016.01.27 20:22:45.454,1.29254,1.29263,1.27,1.37
2016.01.27 20:22:45.555,1.29255,1.29265,2.29,1.50
2016.01.27 20:22:45.606,1.29256,1.29267,1.12,2.62
2016.01.27 20:22:45.708,1.29259,1.29268,1.00,1.50
2016.01.27 20:22:46.549,1.29258,1.29267,2.02,1.37
2016.01.27 20:22:46.651,1.29258,1.29268,3.07,1.00
2016.01.27 20:22:46.855,1.29258,1.29262,4.91,1.00
2016.01.27 20:22:47.163,1.29251,1.29253,1.00,1.12
2016.01.27 20:22:47.409,1.29248,1.2925,1.50,1.12
2016.01.27 20:22:47.562,1.29248,1.29252,1.50,1.37
2016.01.27 20:22:47.867,1.2925,1.29253,1.00,1.37
2016.01.27 20:22:48.155,1.29249,1.29254,1.00,1.50
2016.01.27 20:22:48.208,1.29251,1.29254,1.00,1.50
2016.01.27 20:22:48.259,1.29251,1.29256,1.50,1.10
2016.01.27 20:22:48.479,1.29252,1.29262,1.50,3.00
2016.01.27 20:22:49.015,1.29252,1.29263,2.25,2.06
2016.01.27 20:22:49.168,1.29255,1.29263,1.00,1.50
2016.01.27 20:22:49.602,1.29256,1.29265,1.12,1.37
2016.01.27 20:22:49.704,1.29255,1.29266,4.94,1.50
2016.01.27 20:22:49.855,1.29256,1.29268,1.87,1.50
2016.01.27 20:22:50.159,1.29256,1.29267,2.62,1.69
2016.01.27 20:22:50.671,1.29258,1.29262,1.87,1.00
2016.01.27 20:22:50.874,1.2925,1.29253,4.19,1.12
2016.01.27 20:22:50.976,1.29249,1.29252,1.00,1.37
2016.01.27 20:22:51.027,1.29246,1.29252,1.87,1.37
2016.01.27 20:22:51.179,1.29244,1.29249,3.44,1.37
2016.01.27 20:22:51.281,1.29244,1.29254,4.19,1.12
2016.01.27 20:22:51.382,1.29245,1.29254,1.37,1.37
2016.01.27 20:22:51.913,1.29247,1.29255,1.00,1.87
2016.01.27 20:22:52.441,1.29247,1.29253,1.00,1.37
2016.01.27 20:22:53.131,1.29247,1.29255,1.00,1.37
2016.01.27 20:22:53.196,1.29247,1.29258,1.00,5.62
2016.01.27 20:22:53.349,1.29247,1.29256,2.32,1.69
2016.01.27 20:22:53.451,1.29247,1.29258,2.70,3.75
2016.01.27 20:22:53.502,1.29248,1.2926,1.12,3.56
2016.01.27 20:22:53.554,1.29249,1.2926,1.37,1.62
2016.01.27 20:22:53.859,1.29248,1.29257,2.51,1.37
2016.01.27 20:22:54.243,1.29247,1.29258,2.32,2.44
2016.01.27 20:22:54.761,1.29246,1.29256,1.87,2.62
2016.01.27 20:22:55.066,1.29246,1.29256,5.62,1.37
2016.01.27 20:22:55.271,1.29248,1.29259,2.44,2.05
2016.01.27 20:22:55.489,1.29254,1.29259,1.00,1.37
2016.01.27 20:22:55.794,1.29247,1.29255,3.00,1.37
2016.01.27 20:22:55.946,1.29245,1.29255,3.82,2.62
2016.01.27 20:22:56.149,1.29243,1.29256,6.49,1.72
2016.01.27 20:22:56.589,1.29243,1.2925,1.00,1.37
2016.01.27 20:22:56.741,1.2924,1.29249,1.50,2.10
2016.01.27 20:22:56.944,1.29238,1.29248,1.00,3.41
2016.01.27 20:22:57.045,1.29238,1.29248,1.00,1.30
2016.01.27 20:22:57.602,1.29238,1.29244,1.00,1.00
2016.01.27 20:22:57.805,1.29239,1.29246,1.00,1.00
2016.01.27 20:22:57.856,1.29237,1.29246,1.00,1.00
2016.01.27 20:22:58.610,1.29238,1.29248,1.25,2.10
2016.01.27 20:22:58.661,1.29239,1.29249,3.37,2.62
2016.01.27 20:22:58.966,1.29239,1.29248,1.20,1.00
2016.01.27 20:22:59.651,1.29241,1.2925,3.37,1.87
2016.01.27 20:22:59.904,1.2924,1.2925,2.40,1.37
2016.01.27 20:22:59.955,1.2924,1.29248,2.40,1.37
2016.01.27 20:23:00.057,1.29238,1.29248,1.56,1.37
2016.01.27 20:23:00.108,1.29242,1.29248,1.00,1.37
2016.01.27 20:23:00.261,1.29242,1.29251,1.00,1.37
2016.01.27 20:23:00.362,1.2924,1.29251,2.59,1.87
2016.01.27 20:23:00.961,1.2924,1.2925,2.59,1.37
2016.01.27 20:23:01.464,1.2924,1.29247,2.59,1.37
2016.01.27 20:23:01.769,1.29239,1.29246,1.00,1.37
2016.01.27 20:23:02.209,1.29239,1.29249,1.00,1.37
2016.01.27 20:23:02.716,1.29238,1.29249,1.47,1.87
2016.01.27 20:23:02.868,1.29237,1.29249,4.39,1.00
2016.01.27 20:23:03.165,1.29238,1.2925,4.12,1.37
2016.01.27 20:23:03.216,1.29238,1.2925,1.69,1.37
2016.01.27 20:23:03.783,1.29238,1.2925,2.06,2.25
2016.01.27 20:23:03.986,1.29239,1.2925,1.69,1.37
2016.01.27 20:23:04.419,1.2924,1.29251,2.06,1.87
2016.01.27 20:23:04.663,1.2924,1.29251,2.44,2.62
2016.01.27 20:23:04.764,1.29241,1.29251,1.25,1.12
2016.01.27 20:23:05.291,1.29241,1.29251,1.25,2.62
2016.01.27 20:23:05.897,1.29241,1.29251,1.31,1.00
2016.01.27 20:23:06.447,1.29242,1.29253,1.87,2.62
2016.01.27 20:23:06.809,1.29245,1.29253,2.51,1.37
2016.01.27 20:23:07.316,1.29248,1.29254,1.00,1.37
2016.01.27 20:23:07.570,1.2925,1.29257,1.00,1.00
2016.01.27 20:23:08.055,1.29251,1.29258,2.06,1.37
2016.01.27 20:23:08.784,1.29251,1.29259,1.56,1.50
2016.01.27 20:23:09.430,1.29254,1.29258,1.00,1.12
2016.01.27 20:23:09.531,1.29251,1.29258,1.56,1.12
2016.01.27 20:23:10.058,1.29252,1.29258,2.06,1.37
2016.01.27 20:23:10.258,1.29254,1.29259,1.50,1.12
2016.01.27 20:23:10.714,1.29254,1.29262,1.50,1.12
2016.01.27 20:23:11.219,1.29255,1.29262,1.12,1.50
2016.01.27 20:23:11.553,1.29259,1.29263,1.50,1.37
2016.01.27 20:23:11.604,1.29259,1.29267,1.50,1.00
2016.01.27 20:23:12.109,1.2926,1.29269,1.00,1.50
2016.01.27 20:23:12.744,1.29249,1.29252,1.87,2.62
2016.01.27 20:23:12.795,1.29249,1.29252,1.50,2.62
2016.01.27 20:23:12.998,1.29247,1.2925,2.06,1.12
2016.01.27 20:23:13.504,1.29247,1.29249,1.31,1.37
2016.01.27 20:23:13.798,1.29248,1.2925,1.31,1.37
2016.01.27 20:23:13.951,1.29248,1.2925,1.31,1.37
2016.01.27 20:23:14.104,1.29246,1.29249,4.87,1.37
2016.01.27 20:23:14.510,1.29248,1.29253,1.31,2.25
2016.01.27 20:23:14.612,1.29248,1.29252,1.56,1.00
2016.01.27 20:23:15.092,1.29245,1.29252,4.87,1.00
2016.01.27 20:23:15.144,1.29245,1.2925,4.87,1.37
2016.01.27 20:23:15.195,1.29245,1.2925,1.25,1.37
2016.01.27 20:23:15.347,1.29243,1.29248,1.69,1.37
2016.01.27 20:23:15.398,1.29243,1.29248,1.12,1.37
2016.01.27 20:23:15.719,1.29244,1.29249,2.06,1.37
2016.01.27 20:23:16.196,1.29241,1.2925,1.37,4.12
2016.01.27 20:23:16.247,1.2924,1.29247,2.25,1.37
2016.01.27 20:23:16.501,1.29239,1.29246,2.32,1.37
2016.01.27 20:23:16.704,1.29239,1.29247,6.45,1.37
2016.01.27 20:23:17.037,1.29242,1.29251,1.00,1.50
2016.01.27 20:23:17.341,1.29242,1.29248,1.00,1.12
2016.01.27 20:23:17.846,1.29242,1.29249,1.12,1.12
2016.01.27 20:23:18.449,1.29242,1.29248,1.12,1.12
2016.01.27 20:23:18.853,1.29242,1.29247,1.00,1.37
2016.01.27 20:23:19.056,1.2924,1.2925,2.25,1.37
2016.01.27 20:23:19.490,1.2924,1.29247,3.00,1.37
2016.01.27 20:23:19.644,1.2924,1.29249,7.57,1.12
2016.01.27 20:23:19.847,1.29241,1.29246,1.00,1.37
2016.01.27 20:23:19.949,1.2924,1.29249,4.57,1.37
2016.01.27 20:23:20.152,1.29241,1.29246,1.50,1.37
2016.01.27 20:23:20.253,1.29241,1.2925,1.50,1.37
2016.01.27 20:23:20.456,1.29241,1.29247,2.25,1.37
2016.01.27 20:23:20.805,1.29244,1.29248,1.87,1.12
2016.01.27 20:23:20.959,1.29244,1.29251,1.87,1.87
2016.01.27 20:23:21.061,1.29245,1.29249,1.00,1.37
2016.01.27 20:23:21.163,1.29245,1.29251,1.50,1.12
2016.01.27 20:23:21.265,1.29242,1.29249,2.25,1.37
2016.01.27 20:23:21.667,1.29248,1.2925,1.00,1.12
2016.01.27 20:23:21.824,1.29245,1.29249,1.00,1.37
2016.01.27 20:23:22.027,1.29244,1.29247,1.50,1.37
2016.01.27 20:23:22.520,1.29242,1.29249,1.87,1.37
2016.01.27 20:23:22.891,1.29245,1.29248,1.50,1.37
2016.01.27 20:23:22.943,1.29245,1.29253,2.62,3.00
2016.01.27 20:23:23.045,1.29247,1.29251,1.00,1.37
2016.01.27 20:23:23.551,1.2925,1.29252,1.00,1.00
2016.01.27 20:23:23.754,1.29251,1.29262,1.50,1.37
2016.01.27 20:23:23.856,1.29251,1.29263,2.25,1.00
2016.01.27 20:23:24.125,1.29252,1.29263,4.12,1.00
2016.01.27 20:23:24.625,1.29254,1.29265,1.75,2.62
2016.01.27 20:23:24.726,1.29256,1.29267,1.50,1.62
2016.01.27 20:23:24.777,1.29258,1.29268,1.87,4.50
2016.01.27 20:23:25.036,1.2926,1.2927,1.12,1.87
2016.01.27 20:23:25.946,1.2926,1.29272,1.12,6.19
2016.01.27 20:23:26.498,1.2926,1.29269,2.25,1.00
2016.01.27 20:23:26.651,1.29261,1.29271,2.25,2.62
2016.01.27 20:23:26.753,1.29264,1.29272,1.00,1.87
2016.01.27 20:23:26.855,1.29265,1.29274,1.87,1.50
2016.01.27 20:23:26.958,1.29265,1.29277,1.75,5.62
2016.01.27 20:23:27.507,1.29268,1.29277,1.37,4.50
2016.01.27 20:23:27.812,1.29266,1.29277,3.00,4.50
2016.01.27 20:23:28.268,1.29266,1.29277,1.37,1.00
2016.01.27 20:23:28.370,1.29266,1.29277,1.12,5.25
2016.01.27 20:23:29.511,1.29265,1.29271,1.87,1.12
2016.01.27 20:23:29.815,1.29258,1.29261,3.86,1.12
2016.01.27 20:23:30.560,1.29257,1.2926,1.07,1.37
2016.01.27 20:23:31.211,1.29258,1.29261,1.32,1.12
2016.01.27 20:23:31.525,1.29257,1.2926,1.01,1.37
2016.01.27 20:23:32.401,1.29254,1.29265,2.14,1.87
2016.01.27 20:23:32.452,1.29255,1.29266,1.20,1.12
2016.01.27 20:23:32.986,1.29255,1.29268,3.07,7.12
2016.01.27 20:23:33.341,1.29255,1.29266,2.32,3.75
2016.01.27 20:23:33.392,1.29255,1.29266,2.25,3.75
2016.01.27 20:23:33.897,1.29256,1.29267,1.87,1.56
2016.01.27 20:23:33.999,1.29256,1.29266,1.87,3.75
2016.01.27 20:23:34.505,1.29254,1.29265,2.62,1.56
2016.01.27 20:23:35.211,1.29254,1.29265,1.75,1.69
2016.01.27 20:23:36.376,1.29253,1.29258,1.12,1.12
2016.01.27 20:23:36.714,1.29251,1.29255,1.00,1.37
2016.01.27 20:23:36.917,1.29253,1.29259,1.31,1.12
2016.01.27 20:23:37.171,1.2925,1.29256,1.25,1.37
2016.01.27 20:23:37.660,1.29249,1.29259,1.80,1.50
2016.01.27 20:23:38.405,1.29249,1.29259,1.75,1.50
2016.01.27 20:23:38.692,1.29251,1.29258,3.79,1.37
2016.01.27 20:23:38.844,1.2925,1.29258,4.35,1.37
2016.01.27 20:23:39.351,1.29252,1.29258,1.12,1.37
2016.01.27 20:23:39.860,1.2925,1.29258,1.95,1.37
2016.01.27 20:23:40.172,1.29249,1.29254,1.57,1.37
2016.01.27 20:23:40.375,1.29245,1.29254,1.20,1.50
2016.01.27 20:23:40.906,1.29243,1.29253,1.45,1.87
2016.01.27 20:23:40.959,1.29241,1.29252,3.90,1.87
2016.01.27 20:23:41.061,1.29242,1.29253,1.00,2.25
2016.01.27 20:23:41.112,1.29244,1.29253,2.02,1.87
2016.01.27 20:23:41.417,1.29249,1.29256,2.02,2.62
2016.01.27 20:23:41.918,1.29249,1.29257,2.02,2.25
2016.01.27 20:23:42.222,1.29246,1.29256,3.15,1.00
2016.01.27 20:23:42.426,1.29249,1.29256,1.00,1.50
2016.01.27 20:23:42.580,1.29248,1.29257,1.00,1.50
2016.01.27 20:23:43.005,1.29246,1.29253,1.00,1.12
2016.01.27 20:23:43.107,1.29243,1.29252,1.00,1.87
2016.01.27 20:23:43.514,1.29246,1.2925,1.00,1.12
2016.01.27 20:23:43.864,1.29243,1.29251,2.77,1.00
2016.01.27 20:23:43.915,1.29243,1.2925,2.77,1.37
2016.01.27 20:23:44.265,1.29242,1.29252,1.00,1.00
2016.01.27 20:23:44.574,1.29242,1.29253,1.50,1.50
2016.01.27 20:23:45.079,1.29242,1.29252,3.00,1.37
2016.01.27 20:23:45.428,1.29245,1.29254,3.52,1.50
2016.01.27 20:23:45.633,1.29243,1.29252,3.52,1.37
2016.01.27 20:23:45.684,1.29245,1.29252,1.00,1.50
2016.01.27 20:23:46.275,1.29245,1.29252,2.77,1.37
2016.01.27 20:23:46.789,1.29245,1.29252,1.00,1.50
2016.01.27 20:23:47.378,1.29245,1.29252,2.77,1.37
2016.01.27 20:23:48.107,1.29245,1.29252,2.77,1.37
2016.01.27 20:23:48.680,1.29245,1.29251,2.77,1.37
2016.01.27 20:23:49.288,1.29245,1.29252,4.65,1.37
2016.01.27 20:23:49.804,1.29241,1.29245,1.50,4.12
2016.01.27 20:23:49.957,1.29234,1.29236,4.27,1.47
2016.01.27 20:23:50.008,1.29234,1.29239,2.77,1.57
2016.01.27 20:23:50.060,1.29232,1.29239,1.75,2.62
2016.01.27 20:23:50.313,1.29232,1.29239,1.00,3.00
2016.01.27 20:23:50.584,1.29233,1.29241,1.00,1.12
2016.01.27 20:23:51.000,1.29232,1.29241,1.12,1.50
2016.01.27 20:23:51.304,1.29234,1.29241,1.00,1.37
2016.01.27 20:23:51.772,1.29233,1.29244,1.87,2.25
2016.01.27 20:23:51.823,1.29235,1.29242,1.00,1.37
2016.01.27 20:23:52.139,1.29233,1.29244,1.50,1.37
2016.01.27 20:23:52.240,1.29235,1.29243,1.00,1.37
2016.01.27 20:23:52.291,1.29235,1.29245,1.00,2.62
2016.01.27 20:23:52.443,1.2924,1.29245,1.00,1.50
2016.01.27 20:23:52.687,1.2924,1.29248,1.00,3.00
2016.01.27 20:23:52.738,1.29239,1.29249,3.90,1.12
2016.01.27 20:23:53.244,1.2924,1.2925,1.00,1.50
2016.01.27 20:23:53.798,1.29241,1.29251,1.00,1.50
2016.01.27 20:23:53.849,1.29246,1.29251,1.00,2.25
2016.01.27 20:23:54.001,1.29247,1.29253,1.00,2.62
2016.01.27 20:23:54.103,1.29247,1.29255,1.00,3.75
2016.01.27 20:23:54.255,1.2925,1.29255,1.00,1.00
2016.01.27 20:23:54.559,1.29249,1.29258,1.50,1.87
2016.01.27 20:23:54.761,1.29251,1.29259,1.00,1.87
2016.01.27 20:23:55.282,1.2925,1.29259,1.12,1.37
2016.01.27 20:23:55.595,1.2925,1.29257,1.50,1.37
2016.01.27 20:23:56.001,1.29251,1.29259,1.00,4.12
2016.01.27 20:23:56.502,1.29252,1.29259,1.00,1.00
2016.01.27 20:23:57.675,1.29253,1.29259,1.00,1.00
2016.01.27 20:23:57.726,1.29251,1.29262,3.52,2.62
2016.01.27 20:23:57.829,1.29254,1.2926,1.00,1.00
2016.01.27 20:23:57.930,1.29252,1.29262,3.52,1.50
2016.01.27 20:23:58.360,1.29253,1.29262,1.12,1.50
2016.01.27 20:23:58.462,1.29251,1.29262,1.87,1.50
2016.01.27 20:23:58.985,1.2925,1.2926,2.25,1.12
2016.01.27 20:23:59.037,1.2925,1.2926,2.00,1.37
2016.01.27 20:23:59.290,1.2925,1.29258,1.00,1.69
2016.01.27 20:23:59.830,1.29248,1.2926,2.44,5.44
2016.01.27 20:23:59.931,1.29247,1.29251,5.44,1.37
2016.01.27 20:24:00.184,1.29246,1.2925,1.37,1.37
2016.01.27 20:24:00.236,1.29245,1.29253,2.44,1.00
2016.01.27 20:24:00.539,1.29247,1.29258,3.00,1.75
2016.01.27 20:24:00.991,1.2925,1.29259,1.87,1.87
2016.01.27 20:24:01.194,1.29251,1.29262,1.37,3.19
2016.01.27 20:24:01.245,1.29251,1.29262,1.37,2.81
2016.01.27 20:24:01.751,1.29251,1.29262,1.87,1.69
2016.01.27 20:24:02.269,1.29254,1.29262,1.00,1.37
2016.01.27 20:24:02.372,1.29254,1.29256,1.25,1.37
2016.01.27 20:24:02.679,1.29251,1.29252,1.00,1.87
2016.01.27 20:24:02.731,1.29248,1.2925,1.25,1.37
2016.01.27 20:24:02.936,1.29247,1.29251,1.00,1.12
2016.01.27 20:24:03.219,1.29243,1.29247,1.75,1.12
2016.01.27 20:24:03.321,1.29243,1.29247,1.12,1.37
2016.01.27 20:24:03.372,1.29245,1.29247,1.00,1.37
2016.01.27 20:24:03.575,1.29243,1.29247,1.69,1.37
2016.01.27 20:24:03.778,1.29244,1.29248,2.06,1.37
2016.01.27 20:24:04.327,1.29245,1.29248,1.31,1.37
2016.01.27 20:24:04.429,1.29246,1.29252,1.00,2.62
2016.01.27 20:24:04.733,1.29244,1.29247,6.00,1.37
2016.01.27 20:24:04.784,1.29245,1.29247,1.50,1.12
2016.01.27 20:24:05.166,1.29248,1.29249,1.00,1.12
2016.01.27 20:24:05.401,1.29249,1.2925,1.31,1.50
2016.01.27 20:24:05.452,1.29248,1.2925,1.00,2.62
2016.01.27 20:24:05.554,1.29247,1.29248,1.00,2.25
2016.01.27 20:24:05.655,1.29243,1.29245,1.50,1.37
2016.01.27 20:24:05.706,1.29243,1.29245,1.00,1.37
2016.01.27 20:24:05.757,1.2924,1.29246,1.87,1.37
2016.01.27 20:24:06.061,1.29242,1.29249,1.00,1.37
2016.01.27 20:24:06.113,1.29244,1.29249,1.56,1.37
2016.01.27 20:24:06.166,1.29244,1.2925,1.56,1.00
2016.01.27 20:24:06.440,1.29247,1.2925,2.06,1.00
2016.01.27 20:24:07.054,1.29247,1.29251,2.06,1.12
2016.01.27 20:24:07.500,1.29248,1.29249,1.00,1.12
2016.01.27 20:24:07.754,1.29245,1.29249,1.25,1.12
2016.01.27 20:24:07.856,1.29243,1.29246,2.06,1.37
2016.01.27 20:24:08.110,1.29241,1.29246,1.50,1.37
2016.01.27 20:24:08.684,1.2924,1.29246,1.69,1.37
2016.01.27 20:24:08.735,1.29241,1.29248,1.12,1.37
2016.01.27 20:24:08.836,1.29241,1.29246,1.12,1.37
2016.01.27 20:24:09.243,1.29241,1.29248,1.00,1.37
2016.01.27 20:24:09.905,1.29243,1.29247,2.06,1.37
2016.01.27 20:24:09.957,1.29243,1.29251,1.31,4.50
2016.01.27 20:24:10.060,1.29244,1.29249,1.12,1.37
2016.01.27 20:24:10.365,1.29244,1.2925,1.00,1.87
2016.01.27 20:24:10.670,1.29243,1.29249,1.00,1.37
2016.01.27 20:24:11.211,1.29245,1.2925,1.00,1.87
2016.01.27 20:24:11.683,1.29245,1.29252,1.50,3.37
2016.01.27 20:24:11.936,1.29247,1.29252,2.06,1.87
2016.01.27 20:24:12.484,1.29248,1.29253,1.31,1.12
2016.01.27 20:24:12.801,1.2925,1.29252,1.00,1.12
2016.01.27 20:24:13.157,1.29251,1.29256,1.00,1.00
2016.01.27 20:24:13.381,1.29253,1.29256,1.00,1.00
2016.01.27 20:24:13.432,1.29256,1.29263,1.00,1.00
2016.01.27 20:24:13.534,1.29256,1.29266,1.69,1.12
2016.01.27 20:24:13.635,1.2926,1.29267,1.00,1.87
2016.01.27 20:24:13.737,1.29257,1.29268,1.00,2.62
2016.01.27 20:24:13.940,1.2926,1.29269,1.00,5.25
2016.01.27 20:24:14.429,1.29261,1.29272,1.87,3.75
2016.01.27 20:24:14.582,1.2926,1.29272,3.19,1.00
2016.01.27 20:24:14.785,1.2926,1.29271,2.44,1.50
2016.01.27 20:24:15.089,1.29264,1.29272,1.00,2.25
2016.01.27 20:24:15.609,1.29265,1.29272,1.00,1.87
2016.01.27 20:24:16.132,1.29265,1.29272,1.00,2.62
2016.01.27 20:24:16.436,1.29265,1.29267,1.00,1.12
2016.01.27 20:24:16.539,1.2926,1.29261,1.00,2.25
2016.01.27 20:24:16.971,1.29259,1.29262,1.31,1.00
2016.01.27 20:24:17.174,1.29259,1.29267,1.69,1.00
2016.01.27 20:24:17.226,1.2926,1.29269,1.00,1.00
2016.01.27 20:24:17.818,1.2926,1.2927,1.00,1.00
2016.01.27 20:24:18.440,1.2926,1.29271,5.85,1.00
2016.01.27 20:24:19.078,1.29262,1.29272,3.41,1.37
2016.01.27 20:24:19.180,1.29265,1.29274,1.35,2.25
2016.01.27 20:24:19.485,1.29264,1.29272,1.60,1.37
2016.01.27 20:24:19.964,1.29265,1.29273,1.30,1.50
2016.01.27 20:24:20.399,1.29265,1.29272,1.00,1.37
2016.01.27 20:24:20.905,1.29263,1.29274,3.22,1.50
2016.01.27 20:24:21.120,1.29264,1.29276,1.87,2.44
2016.01.27 20:24:21.171,1.29264,1.29277,8.29,1.87
2016.01.27 20:24:21.475,1.29273,1.2928,3.41,1.00
2016.01.27 20:24:21.526,1.29271,1.29281,1.12,1.87
2016.01.27 20:24:21.627,1.29271,1.29281,4.54,1.12
2016.01.27 20:24:22.284,1.29272,1.29284,2.85,3.37
2016.01.27 20:24:22.793,1.29272,1.29281,2.10,1.50
2016.01.27 20:24:23.256,1.29264,1.29265,4.16,1.00
2016.01.27 20:24:23.409,1.29256,1.2926,3.41,1.37
2016.01.27 20:24:23.460,1.29255,1.2926,3.79,1.37
2016.01.27 20:24:23.512,1.29255,1.29258,3.41,1.37
2016.01.27 20:24:23.816,1.29252,1.29259,5.29,1.37
2016.01.27 20:24:23.867,1.29252,1.29257,5.29,1.37
2016.01.27 20:24:23.918,1.29252,1.29257,4.19,1.37
2016.01.27 20:24:24.265,1.2925,1.29257,1.30,1.37
2016.01.27 20:24:24.468,1.29252,1.29257,3.41,1.37
2016.01.27 20:24:24.721,1.29255,1.29261,1.22,1.87
2016.01.27 20:24:25.104,1.29253,1.2926,1.22,1.37
2016.01.27 20:24:25.284,1.29253,1.29257,1.00,1.37
2016.01.27 20:24:25.343,1.29251,1.29257,1.12,1.37
2016.01.27 20:24:25.799,1.29248,1.29258,1.12,1.87
2016.01.27 20:24:26.358,1.29248,1.29258,3.00,1.37
2016.01.27 20:24:26.864,1.2925,1.29258,1.00,1.37
2016.01.27 20:24:27.017,1.29254,1.29259,1.00,1.37
2016.01.27 20:24:27.418,1.29258,1.29262,1.00,1.00
2016.01.27 20:24:27.521,1.29257,1.2926,1.00,1.37
2016.01.27 20:24:27.572,1.29254,1.2926,1.50,1.37
2016.01.27 20:24:27.727,1.29252,1.29257,3.81,1.37
2016.01.27 20:24:27.830,1.29252,1.29258,1.00,1.37
2016.01.27 20:24:28.035,1.29252,1.2926,1.12,1.12
2016.01.27 20:24:28.187,1.29252,1.29263,1.12,1.50
2016.01.27 20:24:28.734,1.29251,1.29259,4.19,1.50
2016.01.27 20:24:28.785,1.29248,1.29259,3.00,2.06
2016.01.27 20:24:28.988,1.29252,1.2926,1.00,2.25
2016.01.27 20:24:29.141,1.29252,1.2926,1.00,1.87
2016.01.27 20:24:29.444,1.29253,1.29262,1.00,1.87
2016.01.27 20:24:29.877,1.29255,1.29265,1.00,3.75
2016.01.27 20:24:30.183,1.2926,1.29267,1.00,1.87
2016.01.27 20:24:30.388,1.29259,1.29268,1.00,1.00
2016.01.27 20:24:30.751,1.29263,1.2927,1.00,1.37
2016.01.27 20:24:30.803,1.29263,1.29272,1.00,2.81
2016.01.27 20:24:31.057,1.29264,1.29275,1.12,3.75
2016.01.27 20:24:31.161,1.29264,1.29275,6.00,1.37
2016.01.27 20:24:31.213,1.29265,1.29276,1.37,1.25
2016.01.27 20:24:31.745,1.29267,1.29278,1.50,3.00
2016.01.27 20:24:32.201,1.29268,1.29278,1.87,1.00
2016.01.27 20:24:32.798,1.29271,1.29279,1.00,1.37
2016.01.27 20:24:32.849,1.29271,1.2928,1.12,4.12
2016.01.27 20:24:33.153,1.29269,1.29279,1.00,1.00
2016.01.27 20:24:33.825,1.2927,1.29281,1.12,1.87
2016.01.27 20:24:33.927,1.2927,1.2928,1.37,1.00
2016.01.27 20:24:34.130,1.29269,1.2928,6.06,1.00
2016.01.27 20:24:34.602,1.29269,1.2928,3.44,4.87
2016.01.27 20:24:35.118,1.2927,1.29279,3.41,1.87
2016.01.27 20:24:35.372,1.2927,1.29279,1.31,1.50
2016.01.27 20:24:35.676,1.29272,1.29279,3.75,1.00
2016.01.27 20:24:35.778,1.2927,1.29279,2.06,1.00
2016.01.27 20:24:36.337,1.29269,1.2928,4.87,1.50
2016.01.27 20:24:36.450,1.29269,1.2928,1.69,4.12
2016.01.27 20:24:36.754,1.29268,1.29277,4.12,1.87
2016.01.27 20:24:37.329,1.29266,1.29275,1.00,1.25
2016.01.27 20:24:37.380,1.29268,1.29275,1.00,1.69
2016.01.27 20:24:37.887,1.29268,1.29276,1.00,1.50
2016.01.27 20:24:38.091,1.29269,1.29279,1.00,2.44
2016.01.27 20:24:38.903,1.29269,1.2928,1.37,4.87
2016.01.27 20:24:39.510,1.29268,1.29278,3.00,1.00
2016.01.27 20:24:40.024,1.29269,1.29279,1.00,1.25
2016.01.27 20:24:40.186,1.29269,1.29278,1.12,1.56
2016.01.27 20:24:40.288,1.29267,1.29278,1.50,2.44
2016.01.27 20:24:40.754,1.2927,1.29277,1.00,1.50
2016.01.27 20:24:40.855,1.2927,1.2928,1.00,3.37
2016.01.27 20:24:41.213,1.29268,1.29281,3.79,6.00
2016.01.27 20:24:41.726,1.29268,1.29281,3.04,5.25
2016.01.27 20:24:41.834,1.29269,1.29281,2.29,2.25
2016.01.27 20:24:42.137,1.29267,1.29278,1.12,1.31
2016.01.27 20:24:42.918,1.29268,1.29279,1.00,6.75
2016.01.27 20:24:43.225,1.29274,1.29281,1.00,1.50
2016.01.27 20:24:43.530,1.2927,1.2928,6.60,1.87
2016.01.27 20:24:43.582,1.2927,1.29279,1.00,1.25
2016.01.27 20:24:43.889,1.29267,1.29279,1.54,3.19
2016.01.27 20:24:44.244,1.29267,1.29278,1.00,2.44
2016.01.27 20:24:44.913,1.29266,1.29278,1.37,2.81
2016.01.27 20:24:44.965,1.29266,1.29277,1.12,1.25
2016.01.27 20:24:45.437,1.29267,1.29276,1.37,1.12
2016.01.27 20:24:45.749,1.29264,1.29273,1.50,5.44
2016.01.27 20:24:45.802,1.2926,1.29271,4.72,1.37
2016.01.27 20:24:46.136,1.29259,1.29272,3.04,2.44
2016.01.27 20:24:46.339,1.2926,1.29272,6.22,1.87
2016.01.27 20:24:46.390,1.29262,1.29273,1.16,4.12
2016.01.27 20:24:47.329,1.29262,1.29273,3.04,1.37
2016.01.27 20:24:47.993,1.29262,1.29273,1.37,1.69
2016.01.27 20:24:48.094,1.29261,1.29273,2.29,1.69
2016.01.27 20:24:48.484,1.29264,1.29273,1.05,2.25
2016.01.27 20:24:48.793,1.29267,1.29278,1.37,7.50
2016.01.27 20:24:49.098,1.29265,1.29276,1.37,4.12
2016.01.27 20:24:49.203,1.29264,1.29277,3.41,3.19
2016.01.27 20:24:49.760,1.29262,1.29271,2.62,3.75
2016.01.27 20:24:49.913,1.2926,1.29271,1.12,4.12
2016.01.27 20:24:50.116,1.2926,1.29272,3.37,2.06
2016.01.27 20:24:50.521,1.29261,1.29272,1.37,2.44
2016.01.27 20:24:50.853,1.29263,1.29275,2.62,2.44
2016.01.27 20:24:51.209,1.29263,1.29276,3.81,1.69
2016.01.27 20:24:51.956,1.29263,1.29276,1.56,3.19
2016.01.27 20:24:52.159,1.29263,1.29275,1.12,3.94
2016.01.27 20:24:52.260,1.29261,1.29273,5.25,1.87
2016.01.27 20:24:52.311,1.29261,1.29273,2.62,3.94
2016.01.27 20:24:52.644,1.29261,1.29272,1.12,3.75
2016.01.27 20:24:53.252,1.2926,1.29272,4.50,4.12
2016.01.27 20:24:53.303,1.2926,1.29273,5.25,5.62
2016.01.27 20:24:53.809,1.29261,1.29272,2.25,1.56
2016.01.27 20:24:54.471,1.29261,1.29272,1.37,1.69
2016.01.27 20:24:54.774,1.2926,1.29272,3.37,2.06
2016.01.27 20:24:55.285,1.29265,1.29271,1.00,4.87
2016.01.27 20:24:55.338,1.29265,1.29271,1.50,1.25
2016.01.27 20:24:55.441,1.29266,1.29273,1.18,1.00
2016.01.27 20:24:55.492,1.29267,1.29276,1.56,1.00
2016.01.27 20:24:55.797,1.29266,1.29275,1.12,1.87
2016.01.27 20:24:56.584,1.29265,1.29275,1.37,1.12
2016.01.27 20:24:56.888,1.29264,1.29275,2.62,1.12
2016.01.27 20:24:57.040,1.29266,1.29276,1.18,1.87
2016.01.27 20:24:57.344,1.29268,1.2928,3.94,3.00
2016.01.27 20:24:58.096,1.29269,1.29279,1.00,1.00
2016.01.27 20:24:58.742,1.29269,1.2928,1.69,3.00
2016.01.27 20:24:59.415,1.29269,1.29281,1.31,2.81
2016.01.27 20:24:59.567,1.29271,1.2928,1.56,1.00
2016.01.27 20:25:00.095,1.2927,1.29281,1.69,1.50
2016.01.27 20:25:00.450,1.29271,1.29282,1.56,2.62
2016.01.27 20:25:00.957,1.2927,1.29281,4.69,1.37
2016.01.27 20:25:01.463,1.2927,1.29281,5.44,1.50
2016.01.27 20:25:01.667,1.2927,1.29281,3.94,1.00
2016.01.27 20:25:01.870,1.2927,1.29282,2.44,4.31
2016.01.27 20:25:02.194,1.29273,1.29281,1.00,1.50
2016.01.27 20:25:02.663,1.2927,1.2928,2.44,1.00
2016.01.27 20:25:02.866,1.29271,1.29281,4.12,1.87
2016.01.27 20:25:03.069,1.29271,1.29281,1.31,3.37
2016.01.27 20:25:03.613,1.2927,1.2928,1.50,1.50
2016.01.27 20:25:04.121,1.29271,1.2928,1.56,1.12
2016.01.27 20:25:04.172,1.29272,1.29281,4.12,2.25
2016.01.27 20:25:04.641,1.29272,1.29282,1.87,1.50
2016.01.27 20:25:04.895,1.2927,1.29279,3.19,1.50
2016.01.27 20:25:05.099,1.29268,1.29278,3.00,2.06
2016.01.27 20:25:05.625,1.29269,1.29279,1.50,2.81
2016.01.27 20:25:05.727,1.29277,1.29278,1.00,1.50
2016.01.27 20:25:05.779,1.29277,1.29281,1.00,1.12
2016.01.27 20:25:05.981,1.29273,1.29283,1.69,1.50
2016.01.27 20:25:06.134,1.29274,1.29284,3.75,1.50
2016.01.27 20:25:06.236,1.29277,1.29285,1.00,1.12
2016.01.27 20:25:06.659,1.29275,1.29286,1.50,1.69
2016.01.27 20:25:06.820,1.29272,1.29284,3.37,1.25
2016.01.27 20:25:07.324,1.29272,1.29284,1.50,2.44
2016.01.27 20:25:07.527,1.29272,1.29284,2.62,2.44
2016.01.27 20:25:07.873,1.29274,1.29284,2.06,1.87
2016.01.27 20:25:08.431,1.29276,1.29285,1.31,1.50
2016.01.27 20:25:08.951,1.29274,1.29285,2.06,1.87
2016.01.27 20:25:09.255,1.29274,1.29283,1.56,1.37
2016.01.27 20:25:09.659,1.29273,1.29283,1.12,1.37
2016.01.27 20:25:09.912,1.29273,1.29283,1.56,1.12
2016.01.27 20:25:10.413,1.29275,1.29285,2.44,1.37
2016.01.27 20:25:10.681,1.29274,1.29286,3.37,1.87
2016.01.27 20:25:10.934,1.29273,1.29285,6.56,1.00
2016.01.27 20:25:11.419,1.29276,1.29288,4.31,1.31
2016.01.27 20:25:11.925,1.29276,1.29288,2.44,1.62
2016.01.27 20:25:12.432,1.29276,1.29289,3.94,1.94
2016.01.27 20:25:12.967,1.29277,1.29288,1.00,1.62
2016.01.27 20:25:13.503,1.29276,1.29288,1.12,4.31
2016.01.27 20:25:14.022,1.29277,1.29288,1.00,3.94
2016.01.27 20:25:14.495,1.29277,1.29289,1.50,1.50
2016.01.27 20:25:14.849,1.29278,1.29289,1.56,2.25
2016.01.27 20:25:15.379,1.29278,1.29289,2.44,1.87
2016.01.27 20:25:15.683,1.29279,1.2929,1.69,3.00
2016.01.27 20:25:15.988,1.29281,1.29291,2.44,1.37
2016.01.27 20:25:16.538,1.29283,1.29289,1.00,1.00
2016.01.27 20:25:16.854,1.29285,1.29291,1.00,1.00
2016.01.27 20:25:17.006,1.29284,1.29295,1.69,3.75
2016.01.27 20:25:17.713,1.29284,1.29295,1.31,1.87
2016.01.27 20:25:18.168,1.29287,1.29295,1.00,2.25
2016.01.27 20:25:18.975,1.29287,1.29296,1.00,3.37
2016.01.27 20:25:19.281,1.29287,1.29296,1.00,1.50
2016.01.27 20:25:19.690,1.29284,1.29295,5.62,3.56
2016.01.27 20:25:20.048,1.29287,1.29294,1.00,1.00
2016.01.27 20:25:20.587,1.29286,1.29294,1.50,1.00
2016.01.27 20:25:20.886,1.29286,1.29296,1.50,2.25
2016.01.27 20:25:21.398,1.29286,1.29296,1.50,3.19
2016.01.27 20:25:21.916,1.29286,1.29296,1.00,3.56
2016.01.27 20:25:22.017,1.29286,1.29294,1.00,1.12
2016.01.27 20:25:22.321,1.29284,1.29293,1.87,3.75
2016.01.27 20:25:22.939,1.29283,1.29293,1.12,5.25
2016.01.27 20:25:23.344,1.29282,1.2929,1.00,1.87
2016.01.27 20:25:23.754,1.29281,1.29291,1.25,1.12
2016.01.27 20:25:23.805,1.29286,1.29291,1.00,1.12
2016.01.27 20:25:24.055,1.29282,1.2929,1.00,1.37
2016.01.27 20:25:24.582,1.29281,1.2929,1.69,1.00
2016.01.27 20:25:24.936,1.29278,1.2929,2.06,3.00
2016.01.27 20:25:26.174,1.29279,1.2929,1.94,3.37
2016.01.27 20:25:26.276,1.29281,1.29291,1.25,1.12
2016.01.27 20:25:26.824,1.29282,1.29291,1.00,2.25
2016.01.27 20:25:27.342,1.29282,1.29291,1.31,1.37
2016.01.27 20:25:27.393,1.29282,1.29292,1.69,3.75
2016.01.27 20:25:28.080,1.29281,1.29291,1.25,1.87
2016.01.27 20:25:28.431,1.29283,1.29291,1.56,2.62
2016.01.27 20:25:28.735,1.29286,1.29291,3.75,1.00
2016.01.27 20:25:28.888,1.29289,1.29294,1.00,1.50
2016.01.27 20:25:29.145,1.29291,1.29297,1.31,2.25
2016.01.27 20:25:29.601,1.29287,1.29297,3.37,1.37
2016.01.27 20:25:29.652,1.29287,1.29297,3.37,1.00
2016.01.27 20:25:29.907,1.29285,1.29297,4.50,2.25
2016.01.27 20:25:30.008,1.29285,1.29298,4.12,2.25
2016.01.27 20:25:30.312,1.29285,1.29296,2.62,1.62
2016.01.27 20:25:30.821,1.29284,1.29295,4.12,1.00
2016.01.27 20:25:31.197,1.29284,1.29294,4.87,1.37
2016.01.27 20:25:31.713,1.29284,1.29295,3.75,3.75
2016.01.27 20:25:32.255,1.29283,1.29294,1.37,2.44
2016.01.27 20:25:32.801,1.29283,1.29294,1.12,3.56
2016.01.27 20:25:33.271,1.29283,1.29286,1.12,1.00
2016.01.27 20:25:33.576,1.29278,1.29279,3.90,1.12
2016.01.27 20:25:33.880,1.2928,1.29282,3.90,1.50
2016.01.27 20:25:34.082,1.29278,1.2928,3.90,1.37
2016.01.27 20:25:34.601,1.29279,1.29281,3.90,1.37
2016.01.27 20:25:35.312,1.29278,1.2928,3.90,1.37
2016.01.27 20:25:36.288,1.29279,1.2928,3.90,1.12
2016.01.27 20:25:36.871,1.29278,1.2928,3.90,1.37
2016.01.27 20:25:37.564,1.29279,1.29282,3.15,1.00
2016.01.27 20:25:37.665,1.29279,1.29287,3.90,1.50
2016.01.27 20:25:37.716,1.29281,1.29288,3.15,2.62
2016.01.27 20:25:37.767,1.29281,1.29288,3.15,2.25
2016.01.27 20:25:38.121,1.29281,1.2929,3.90,3.00
2016.01.27 20:25:38.527,1.29283,1.2929,3.15,1.50
2016.01.27 20:25:38.956,1.29281,1.29288,1.00,1.00
2016.01.27 20:25:39.259,1.2928,1.29286,1.00,1.37
2016.01.27 20:25:39.411,1.29278,1.29285,1.30,1.87
2016.01.27 20:25:40.091,1.29279,1.29285,1.00,1.50
2016.01.27 20:25:40.611,1.29279,1.29286,1.00,1.00
2016.01.27 20:25:41.263,1.29279,1.29287,1.00,1.00
2016.01.27 20:25:41.972,1.2928,1.29288,1.00,1.50
2016.01.27 20:25:42.124,1.29281,1.29289,3.75,2.25
2016.01.27 20:25:42.599,1.29279,1.29288,4.50,1.00
2016.01.27 20:25:43.120,1.29279,1.29289,4.87,1.87
2016.01.27 20:25:43.337,1.29285,1.29289,3.75,1.00
2016.01.27 20:25:43.687,1.29301,1.29306,3.75,2.62
2016.01.27 20:25:43.789,1.29297,1.29307,3.75,1.37
2016.01.27 20:25:44.622,1.29297,1.29307,1.69,2.25
2016.01.27 20:25:45.692,1.29296,1.29305,5.25,1.12
2016.01.27 20:25:45.872,1.29295,1.29305,1.12,3.55
2016.01.27 20:25:46.394,1.29296,1.29304,1.00,1.24
2016.01.27 20:25:46.648,1.293,1.29305,3.75,3.00
2016.01.27 20:25:47.163,1.29298,1.29305,4.50,1.87
2016.01.27 20:25:47.214,1.29299,1.29308,1.56,3.00
2016.01.27 20:25:47.773,1.29298,1.29306,4.87,1.50
2016.01.27 20:25:47.875,1.293,1.29306,3.75,1.50
2016.01.27 20:25:47.977,1.293,1.29308,3.75,3.00
2016.01.27 20:25:48.381,1.29301,1.29306,3.75,1.00
2016.01.27 20:25:48.483,1.29301,1.29308,3.75,3.75
2016.01.27 20:25:48.761,1.29298,1.29308,7.12,3.37
2016.01.27 20:25:48.862,1.293,1.29308,3.75,2.62
2016.01.27 20:25:48.964,1.29298,1.29309,7.12,3.75
2016.01.27 20:25:49.318,1.29303,1.29311,3.75,2.62
2016.01.27 20:25:49.579,1.29303,1.29313,4.50,2.62
2016.01.27 20:25:49.633,1.29306,1.29313,3.75,1.87
2016.01.27 20:25:50.168,1.29305,1.29313,3.75,1.87
2016.01.27 20:25:50.787,1.29304,1.29306,4.50,1.12
2016.01.27 20:25:50.939,1.29304,1.29311,4.50,3.37
2016.01.27 20:25:51.471,1.29307,1.29311,3.75,1.37
2016.01.27 20:25:51.522,1.29307,1.29311,3.75,1.00
2016.01.27 20:25:51.791,1.29302,1.29311,2.06,1.00
2016.01.27 20:25:51.843,1.29302,1.29309,1.25,1.37
2016.01.27 20:25:52.375,1.29302,1.2931,1.25,1.37
2016.01.27 20:25:52.881,1.29301,1.2931,4.87,1.37
2016.01.27 20:25:53.360,1.29303,1.29312,1.25,1.50
2016.01.27 20:25:53.461,1.29305,1.29311,3.75,1.37
2016.01.27 20:25:53.916,1.29307,1.29312,3.75,1.50
2016.01.27 20:25:54.018,1.29305,1.29312,4.50,1.50
2016.01.27 20:25:54.544,1.29305,1.29313,6.00,1.00
2016.01.27 20:25:54.596,1.29305,1.29317,6.37,1.69
2016.01.27 20:25:54.800,1.29307,1.29317,3.75,1.12
2016.01.27 20:25:55.890,1.29305,1.29317,6.37,3.56
2016.01.27 20:25:55.991,1.29305,1.29317,1.87,4.50
2016.01.27 20:25:56.497,1.29304,1.29315,1.87,2.06
2016.01.27 20:25:57.030,1.29304,1.29315,1.12,1.69
2016.01.27 20:25:57.629,1.29303,1.29314,2.06,1.56
2016.01.27 20:25:58.078,1.29302,1.29314,3.19,7.87
2016.01.27 20:25:58.573,1.29302,1.29313,4.50,2.25
2016.01.27 20:25:58.624,1.29305,1.29313,3.75,2.25
2016.01.27 20:25:58.927,1.29306,1.29315,1.56,1.00
2016.01.27 20:25:58.979,1.29305,1.29318,6.37,3.19
2016.01.27 20:25:59.512,1.29306,1.29317,3.75,1.87
2016.01.27 20:25:59.935,1.29306,1.29316,3.75,1.37
2016.01.27 20:26:00.240,1.29298,1.293,4.87,1.37
2016.01.27 20:26:00.576,1.29299,1.29302,1.31,2.62
2016.01.27 20:26:00.629,1.29297,1.29301,3.75,1.37
2016.01.27 20:26:00.832,1.29293,1.29299,4.50,1.00
2016.01.27 20:26:00.883,1.29293,1.29296,4.50,1.12
2016.01.27 20:26:00.985,1.29293,1.29297,3.00,1.12
2016.01.27 20:26:01.390,1.29293,1.29296,3.00,1.37
2016.01.27 20:26:01.932,1.29293,1.29297,3.00,1.37
2016.01.27 20:26:02.143,1.29289,1.29297,1.50,1.37
2016.01.27 20:26:02.295,1.29288,1.29292,1.87,1.00
2016.01.27 20:26:02.397,1.29285,1.29292,1.37,1.00
2016.01.27 20:26:02.550,1.29283,1.29292,1.50,1.12
2016.01.27 20:26:02.854,1.29282,1.29292,4.20,1.50
2016.01.27 20:26:03.076,1.29282,1.29289,3.07,1.37
2016.01.27 20:26:03.189,1.29281,1.2929,1.00,1.12
2016.01.27 20:26:03.240,1.29283,1.2929,3.07,1.12
2016.01.27 20:26:03.547,1.29286,1.2929,3.07,1.37
2016.01.27 20:26:03.700,1.29282,1.2929,2.62,1.37
2016.01.27 20:26:04.080,1.29279,1.29289,4.95,1.37
2016.01.27 20:26:04.485,1.29279,1.2929,3.45,1.37
2016.01.27 20:26:04.852,1.29277,1.29288,3.45,3.00
2016.01.27 20:26:05.004,1.29277,1.29289,3.82,3.19
2016.01.27 20:26:05.355,1.29279,1.29289,1.00,2.62
2016.01.27 20:26:05.659,1.29278,1.29289,3.15,4.12
2016.01.27 20:26:06.165,1.29277,1.29288,1.12,1.00
2016.01.27 20:26:06.712,1.29276,1.29289,5.77,3.00
2016.01.27 20:26:07.016,1.29277,1.29289,1.37,1.50
2016.01.27 20:26:07.559,1.29277,1.29289,4.27,1.00
2016.01.27 20:26:07.863,1.29275,1.29286,5.77,1.50
2016.01.27 20:26:08.368,1.29275,1.29287,6.15,1.12
2016.01.27 20:26:09.048,1.2928,1.29289,3.15,1.37
2016.01.27 20:26:09.099,1.2928,1.29291,3.15,3.37
2016.01.27 20:26:09.403,1.2928,1.29291,4.54,1.50
2016.01.27 20:26:10.105,1.29281,1.29292,3.60,1.61
2016.01.27 20:26:10.156,1.29281,1.29292,2.10,1.37
2016.01.27 20:26:10.308,1.2928,1.2929,2.47,1.37
2016.01.27 20:26:10.359,1.2928,1.2929,1.35,1.37
2016.01.27 20:26:10.461,1.29279,1.29288,1.37,1.37
2016.01.27 20:26:10.664,1.29276,1.29288,7.54,1.37
2016.01.27 20:26:10.968,1.29276,1.29287,1.00,1.15
2016.01.27 20:26:11.513,1.29275,1.29286,1.72,2.62
2016.01.27 20:26:12.059,1.29273,1.29286,7.91,2.62
2016.01.27 20:26:12.824,1.29274,1.29286,1.87,3.11
2016.01.27 20:26:12.926,1.29274,1.29285,4.54,1.00
2016.01.27 20:26:13.230,1.29281,1.2929,3.41,3.75
2016.01.27 20:26:13.281,1.2928,1.2929,1.30,4.12
2016.01.27 20:26:13.605,1.29281,1.2929,4.16,1.12
2016.01.27 20:26:14.111,1.29281,1.29293,1.67,4.99
2016.01.27 20:26:14.898,1.29282,1.2929,1.30,2.25
2016.01.27 20:26:15.404,1.29283,1.2929,1.00,1.50
2016.01.27 20:26:16.043,1.29283,1.2929,1.00,1.12
2016.01.27 20:26:16.572,1.29281,1.2929,1.22,1.50
2016.01.27 20:26:17.079,1.29281,1.29289,3.41,1.12
2016.01.27 20:26:17.593,1.29282,1.2929,1.30,1.50
2016.01.27 20:26:18.431,1.29283,1.29291,3.75,1.50
2016.01.27 20:26:18.674,1.29281,1.2929,1.56,3.00
2016.01.27 20:26:18.966,1.29282,1.29289,3.75,1.37
2016.01.27 20:26:19.288,1.29282,1.2929,3.75,4.87
2016.01.27 20:26:19.655,1.2928,1.2929,3.75,3.00
2016.01.27 20:26:19.882,1.29278,1.29288,1.37,1.00
2016.01.27 20:26:20.094,1.2928,1.2929,3.75,2.25
2016.01.27 20:26:20.348,1.2928,1.29291,4.12,1.37
2016.01.27 20:26:20.601,1.2928,1.29289,4.12,1.87
2016.01.27 20:26:20.652,1.2928,1.29288,1.25,1.12
2016.01.27 20:26:20.855,1.29278,1.29288,1.25,1.12
2016.01.27 20:26:21.226,1.29276,1.29287,1.12,2.81
2016.01.27 20:26:21.766,1.29274,1.29286,1.69,1.00
2016.01.27 20:26:22.244,1.29274,1.29286,1.25,1.12
2016.01.27 20:26:22.841,1.29274,1.29287,1.69,2.81
2016.01.27 20:26:22.892,1.29275,1.29287,1.37,2.44
2016.01.27 20:26:23.094,1.29278,1.29289,1.12,2.25
2016.01.27 20:26:23.947,1.29277,1.29288,2.06,1.00
2016.01.27 20:26:23.998,1.29277,1.29288,2.44,2.25
2016.01.27 20:26:24.643,1.29277,1.29286,1.25,1.00
2016.01.27 20:26:24.694,1.29275,1.29277,6.56,3.37
2016.01.27 20:26:24.847,1.29271,1.29273,4.87,1.00
2016.01.27 20:26:25.046,1.29272,1.29279,3.75,1.37
2016.01.27 20:26:25.098,1.29272,1.2928,3.75,1.00
2016.01.27 20:26:25.352,1.29274,1.2928,3.75,1.12
2016.01.27 20:26:25.657,1.29279,1.29285,3.75,1.12
2016.01.27 20:26:26.204,1.29278,1.29288,3.75,2.25
2016.01.27 20:26:26.513,1.2928,1.29288,3.75,1.87
2016.01.27 20:26:27.769,1.29279,1.29287,3.75,1.37
2016.01.27 20:26:28.301,1.29278,1.29288,3.75,1.87
2016.01.27 20:26:28.554,1.29278,1.2929,4.87,2.62
2016.01.27 20:26:28.800,1.29278,1.29288,4.87,1.50
2016.01.27 20:26:28.902,1.29276,1.29286,2.06,1.00
2016.01.27 20:26:29.155,1.29277,1.29288,1.31,2.25
2016.01.27 20:26:29.307,1.29278,1.29288,4.12,1.87
2016.01.27 20:26:30.123,1.29278,1.29288,1.25,1.12
2016.01.27 20:26:31.605,1.29272,1.29273,6.00,1.00
2016.01.27 20:26:31.710,1.29273,1.29277,3.75,1.87
2016.01.27 20:26:31.862,1.29275,1.29279,1.00,1.87
2016.01.27 20:26:32.369,1.29272,1.29279,5.25,1.87
2016.01.27 20:26:32.978,1.29273,1.29279,4.12,1.87
2016.01.27 20:26:34.491,1.29278,1.29281,1.31,1.87
2016.01.27 20:26:34.856,1.29276,1.29279,1.00,2.25
2016.01.27 20:26:35.362,1.29273,1.29279,5.62,1.87
2016.01.27 20:26:35.951,1.29272,1.29279,4.87,2.25
2016.01.27 20:26:36.053,1.29272,1.29281,4.50,1.50
2016.01.27 20:26:37.104,1.29272,1.29281,5.62,1.50
2016.01.27 20:26:37.607,1.29272,1.29281,5.25,1.50
2016.01.27 20:26:38.069,1.29271,1.29277,3.41,1.37
2016.01.27 20:26:38.120,1.29271,1.29279,3.41,1.37
2016.01.27 20:26:38.579,1.29274,1.29279,3.41,1.00
2016.01.27 20:26:38.782,1.29272,1.29281,3.41,2.25
2016.01.27 20:26:39.288,1.29272,1.29279,3.41,1.50
2016.01.27 20:26:39.891,1.29272,1.29279,3.41,1.00
2016.01.27 20:26:40.879,1.29271,1.29279,3.41,1.00
2016.01.27 20:26:41.190,1.29274,1.29279,3.41,1.00
2016.01.27 20:26:41.251,1.29274,1.29282,3.41,2.25
2016.01.27 20:26:41.499,1.29272,1.29281,4.16,2.25
2016.01.27 20:26:41.651,1.29276,1.29281,3.41,2.25
2016.01.27 20:26:42.158,1.29275,1.29281,3.41,3.00
2016.01.27 20:26:42.692,1.29275,1.29281,3.41,1.00
2016.01.27 20:26:42.844,1.29272,1.29281,1.30,1.00
2016.01.27 20:26:43.477,1.29272,1.29281,1.22,1.00
2016.01.27 20:26:43.528,1.29274,1.29282,3.41,1.75
2016.01.27 20:26:43.832,1.29281,1.29285,3.48,1.50
2016.01.27 20:26:44.136,1.29283,1.29289,3.48,1.50
2016.01.27 20:26:44.574,1.29285,1.29289,3.48,1.37
2016.01.27 20:26:44.626,1.29283,1.2929,3.48,2.25
2016.01.27 20:26:45.283,1.29281,1.29289,3.55,2.25
2016.01.27 20:26:45.385,1.29281,1.29289,3.55,2.25
2016.01.27 20:26:45.963,1.2928,1.29288,3.22,1.87
2016.01.27 20:26:46.845,1.2928,1.29287,3.22,3.00
2016.01.27 20:26:47.173,1.29277,1.29284,3.22,1.37
2016.01.27 20:26:48.844,1.29276,1.29285,3.22,3.00
2016.01.27 20:26:49.151,1.29269,1.29272,4.49,1.12
2016.01.27 20:26:49.558,1.2927,1.29272,1.04,1.50
2016.01.27 20:26:50.038,1.29271,1.29275,3.22,5.25
2016.01.27 20:26:50.365,1.29271,1.29275,3.22,1.00
2016.01.27 20:26:50.466,1.2927,1.29272,3.22,2.25
2016.01.27 20:26:50.916,1.29271,1.29274,3.22,1.00
2016.01.27 20:26:51.129,1.2927,1.29272,3.22,1.87
2016.01.27 20:26:51.701,1.2927,1.29272,3.22,1.50
2016.01.27 20:26:51.904,1.29271,1.29274,3.22,1.00
2016.01.27 20:26:52.493,1.29269,1.29272,3.22,1.87
2016.01.27 20:26:52.797,1.2927,1.29273,3.97,1.12
2016.01.27 20:26:52.899,1.29269,1.29271,4.72,1.37
2016.01.27 20:26:53.153,1.29272,1.29278,3.22,2.62
2016.01.27 20:26:53.820,1.29272,1.2928,4.35,1.12
2016.01.27 20:26:54.129,1.29272,1.29283,1.16,1.37
2016.01.27 20:26:54.636,1.29273,1.29282,1.50,2.06
2016.01.27 20:26:55.183,1.29273,1.29281,1.50,1.37
2016.01.27 20:26:55.386,1.29273,1.29282,3.37,1.31
2016.01.27 20:26:55.893,1.29274,1.29283,1.87,1.62
2016.01.27 20:26:56.230,1.29277,1.29282,3.22,1.00
2016.01.27 20:26:56.281,1.29274,1.29282,5.10,1.00
2016.01.27 20:26:56.809,1.29274,1.29282,5.47,1.37
2016.01.27 20:26:57.404,1.29274,1.29281,5.47,1.37
2016.01.27 20:26:57.818,1.29279,1.29283,3.22,1.50
2016.01.27 20:26:57.971,1.29276,1.29282,1.04,1.37
2016.01.27 20:26:58.380,1.29274,1.29282,3.04,1.37
2016.01.27 20:26:58.906,1.29274,1.29281,1.04,1.87
2016.01.27 20:26:59.475,1.29274,1.2928,3.22,2.25
2016.01.27 20:26:59.779,1.29274,1.29281,3.22,1.12
2016.01.27 20:27:00.336,1.29274,1.2928,3.22,1.00
2016.01.27 20:27:00.498,1.29273,1.2928,1.16,1.00
2016.01.27 20:27:01.004,1.29272,1.29281,3.97,1.50
2016.01.27 20:27:01.055,1.29275,1.29281,3.22,1.87
2016.01.27 20:27:01.156,1.29273,1.29281,3.22,1.37
2016.01.27 20:27:01.665,1.29273,1.29281,3.22,1.87
2016.01.27 20:27:02.015,1.29271,1.29281,1.91,1.37
2016.01.27 20:27:02.324,1.29271,1.29279,1.54,1.37
2016.01.27 20:27:02.839,1.29271,1.29279,5.62,1.37
2016.01.27 20:27:02.890,1.29271,1.2928,4.12,1.87
2016.01.27 20:27:02.941,1.29271,1.29275,4.12,1.00
2016.01.27 20:27:03.228,1.29268,1.29271,3.75,1.12
2016.01.27 20:27:03.293,1.29266,1.29268,3.75,1.37
2016.01.27 20:27:03.809,1.2927,1.29273,3.75,1.00
2016.01.27 20:27:04.610,1.29269,1.29274,3.75,1.75
2016.01.27 20:27:04.671,1.29269,1.29274,3.75,1.50
2016.01.27 20:27:05.190,1.2927,1.29274,3.75,1.50
2016.01.27 20:27:05.494,1.2927,1.29273,3.75,1.12
2016.01.27 20:27:05.704,1.2927,1.29272,3.75,1.12
2016.01.27 20:27:05.755,1.29268,1.29272,1.50,1.12
2016.01.27 20:27:05.806,1.29269,1.29276,1.00,1.12
2016.01.27 20:27:05.857,1.2927,1.29277,5.62,1.00
2016.01.27 20:27:06.060,1.29276,1.29283,1.00,1.37
2016.01.27 20:27:06.111,1.29276,1.29284,4.50,1.75
2016.01.27 20:27:06.648,1.29277,1.29283,3.37,1.50
2016.01.27 20:27:06.750,1.29275,1.29283,3.75,2.25
2016.01.27 20:27:06.902,1.29275,1.29281,3.37,1.37
2016.01.27 20:27:07.003,1.29275,1.29283,3.37,1.12
2016.01.27 20:27:07.836,1.29277,1.29284,1.19,1.87
2016.01.27 20:27:07.938,1.29277,1.29281,1.19,1.37
2016.01.27 20:27:08.445,1.29276,1.29282,1.19,1.37
2016.01.27 20:27:08.699,1.29278,1.29284,1.00,1.00
2016.01.27 20:27:08.751,1.29282,1.29285,3.37,1.00
2016.01.27 20:27:08.936,1.29281,1.29287,3.37,3.00
2016.01.27 20:27:08.988,1.29281,1.29291,3.37,1.37
2016.01.27 20:27:09.495,1.29281,1.29292,1.31,1.75
2016.01.27 20:27:09.698,1.29283,1.2929,3.75,1.50
2016.01.27 20:27:09.850,1.29286,1.29294,4.12,1.00
2016.01.27 20:27:10.090,1.29286,1.29294,3.37,2.25
2016.01.27 20:27:10.642,1.29286,1.29292,3.37,1.37
2016.01.27 20:27:10.946,1.29286,1.29293,3.37,1.00
2016.01.27 20:27:11.047,1.29286,1.29291,3.37,1.37
2016.01.27 20:27:11.766,1.29286,1.29291,3.37,1.12
2016.01.27 20:27:12.279,1.29286,1.2929,3.37,1.12
2016.01.27 20:27:12.782,1.29286,1.29292,3.37,1.37
2016.01.27 20:27:13.288,1.29285,1.29294,3.37,2.25
2016.01.27 20:27:13.844,1.29285,1.2929,3.37,1.00
2016.01.27 20:27:14.262,1.29285,1.29288,4.12,1.50
2016.01.27 20:27:14.566,1.29278,1.2928,5.62,1.50
2016.01.27 20:27:14.769,1.29278,1.2928,4.12,1.50
2016.01.27 20:27:15.343,1.29274,1.29279,1.87,1.50
2016.01.27 20:27:15.445,1.29275,1.29279,3.37,1.50
2016.01.27 20:27:15.749,1.29276,1.29279,4.95,1.50
2016.01.27 20:27:15.901,1.29277,1.29281,1.26,1.50
2016.01.27 20:27:15.952,1.29277,1.29279,1.01,1.12
2016.01.27 20:27:16.054,1.29277,1.2928,1.26,1.12
2016.01.27 20:27:16.581,1.29277,1.29279,1.26,1.12
2016.01.27 20:27:16.682,1.29274,1.2928,4.20,1.12
2016.01.27 20:27:16.834,1.29274,1.29279,3.45,1.37
2016.01.27 20:27:17.445,1.29274,1.29279,4.20,1.12
2016.01.27 20:27:17.854,1.29273,1.29276,1.00,1.12
2016.01.27 20:27:18.165,1.29271,1.29278,1.12,1.50
2016.01.27 20:27:18.821,1.2927,1.29278,1.50,1.12
2016.01.27 20:27:19.248,1.29271,1.29277,1.12,1.37
2016.01.27 20:27:19.768,1.29271,1.29277,1.12,1.12
2016.01.27 20:27:20.194,1.29272,1.29278,3.95,1.37
2016.01.27 20:27:20.447,1.29272,1.29279,7.33,1.12
2016.01.27 20:27:20.549,1.29272,1.29278,6.20,1.37
2016.01.27 20:27:21.315,1.29274,1.29278,2.26,1.37
2016.01.27 20:27:21.366,1.29275,1.2928,1.02,1.50
2016.01.27 20:27:21.467,1.29275,1.29279,1.14,1.37
2016.01.27 20:27:21.783,1.29274,1.29277,1.00,1.37
2016.01.27 20:27:21.834,1.29274,1.29278,1.00,1.12
2016.01.27 20:27:22.616,1.29273,1.29278,1.02,1.12
2016.01.27 20:27:22.933,1.29273,1.29276,1.02,1.37
2016.01.27 20:27:23.136,1.2927,1.29277,1.39,1.12
2016.01.27 20:27:23.677,1.2927,1.29276,1.39,1.50
2016.01.27 20:27:24.032,1.29272,1.29276,3.58,1.50
2016.01.27 20:27:24.134,1.29272,1.29277,1.00,1.12
2016.01.27 20:27:24.643,1.29269,1.29277,6.20,1.12
2016.01.27 20:27:24.967,1.29271,1.29279,2.81,1.50
2016.01.27 20:27:25.018,1.29272,1.29279,3.75,1.50
2016.01.27 20:27:25.323,1.29272,1.29278,3.75,1.37
2016.01.27 20:27:25.848,1.29271,1.29277,4.12,1.12
2016.01.27 20:27:26.388,1.2927,1.29279,5.25,1.50
2016.01.27 20:27:26.895,1.2927,1.29278,4.50,1.37
2016.01.27 20:27:27.291,1.29272,1.29279,3.75,1.50
2016.01.27 20:27:27.808,1.29272,1.29278,4.50,1.37
2016.01.27 20:27:28.112,1.29274,1.29278,3.75,1.37
2016.01.27 20:27:28.450,1.29276,1.29279,3.75,1.50
2016.01.27 20:27:28.855,1.29275,1.2928,2.06,1.50
2016.01.27 20:27:29.588,1.29277,1.2928,1.00,1.00
2016.01.27 20:27:29.640,1.29277,1.2928,5.25,1.00
2016.01.27 20:27:30.271,1.29277,1.2928,5.25,1.50
2016.01.27 20:27:30.822,1.29279,1.29281,1.00,1.50
2016.01.27 20:27:31.284,1.29276,1.2928,1.87,1.50
2016.01.27 20:27:31.817,1.29277,1.2928,1.12,1.50
2016.01.27 20:27:32.471,1.29277,1.2928,1.00,1.50
2016.01.27 20:27:33.118,1.29276,1.2928,1.00,1.50
2016.01.27 20:27:33.628,1.29277,1.2928,1.31,1.00
2016.01.27 20:27:33.781,1.29277,1.29279,2.06,1.12
2016.01.27 20:27:34.158,1.29275,1.29277,3.75,1.37
2016.01.27 20:27:34.564,1.29275,1.2928,3.75,1.00
2016.01.27 20:27:34.766,1.29274,1.29277,3.75,1.37
2016.01.27 20:27:35.354,1.29274,1.29278,3.75,1.12
2016.01.27 20:27:35.994,1.29273,1.29279,3.22,1.37
2016.01.27 20:27:36.661,1.29275,1.29278,3.22,1.12
2016.01.27 20:27:37.437,1.29274,1.29278,1.04,1.37
2016.01.27 20:27:37.540,1.29275,1.29277,3.22,1.37
2016.01.27 20:27:37.986,1.29273,1.29277,3.22,1.12
2016.01.27 20:27:38.189,1.29272,1.29277,1.00,1.87
2016.01.27 20:27:38.850,1.29269,1.29278,5.47,1.87
2016.01.27 20:27:38.952,1.29269,1.29273,5.10,1.12
2016.01.27 20:27:39.003,1.29267,1.29268,3.75,1.50
2016.01.27 20:27:39.055,1.29265,1.29266,2.25,1.00
2016.01.27 20:27:39.208,1.29254,1.29255,1.00,1.00
2016.01.27 20:27:39.310,1.29251,1.29252,1.87,1.00
2016.01.27 20:27:39.597,1.29243,1.29244,1.00,1.00
2016.01.27 20:27:39.867,1.29234,1.2924,1.00,1.00
2016.01.27 20:27:39.969,1.29234,1.29238,1.00,1.12
2016.01.27 20:27:40.101,1.29225,1.29234,1.00,1.25
2016.01.27 20:27:40.152,1.29224,1.29232,2.25,1.00
2016.01.27 20:27:40.456,1.29225,1.29232,1.15,1.50
2016.01.27 20:27:40.959,1.29227,1.29235,1.00,1.87
2016.01.27 20:27:41.212,1.29224,1.29235,1.12,2.25
2016.01.27 20:27:41.793,1.29224,1.2923,1.12,1.00
2016.01.27 20:27:41.844,1.29222,1.2923,1.00,1.12
2016.01.27 20:27:42.251,1.29223,1.29233,1.00,2.25
2016.01.27 20:27:43.073,1.29222,1.2923,1.00,1.12
2016.01.27 20:27:43.582,1.29222,1.29229,1.00,1.00
2016.01.27 20:27:43.634,1.29219,1.29229,2.32,3.00
2016.01.27 20:27:44.187,1.29219,1.29228,1.72,1.87
2016.01.27 20:27:44.307,1.29218,1.29226,1.20,1.50
2016.01.27 20:27:44.827,1.29218,1.29229,3.22,1.50
2016.01.27 20:27:45.115,1.2922,1.29229,1.52,1.12
2016.01.27 20:27:45.622,1.2922,1.29229,1.00,1.00
2016.01.27 20:27:46.043,1.29222,1.29228,1.00,1.00
2016.01.27 20:27:46.573,1.29223,1.29228,1.00,1.00
2016.01.27 20:27:46.624,1.29223,1.2923,1.00,2.62
2016.01.27 20:27:47.029,1.29226,1.2923,1.00,1.12
2016.01.27 20:27:47.466,1.29223,1.29231,1.00,1.00
2016.01.27 20:27:47.769,1.29226,1.2923,1.00,1.00
2016.01.27 20:27:47.921,1.29223,1.29229,1.00,1.00
2016.01.27 20:27:48.472,1.29223,1.29232,2.62,1.87
2016.01.27 20:27:48.524,1.29226,1.29232,1.00,1.12
2016.01.27 20:27:48.878,1.29229,1.29234,1.00,1.00
2016.01.27 20:27:48.979,1.29227,1.29235,1.00,2.62
2016.01.27 20:27:49.703,1.29227,1.29234,1.00,1.50
2016.01.27 20:27:49.755,1.29228,1.29236,1.00,2.62
2016.01.27 20:27:50.211,1.29228,1.29239,1.00,3.37
2016.01.27 20:27:50.314,1.2923,1.29239,1.00,1.87
2016.01.27 20:27:50.415,1.29228,1.29239,1.00,1.50
2016.01.27 20:27:50.467,1.29228,1.29232,1.12,1.50
2016.01.27 20:27:50.771,1.29217,1.29226,1.37,1.12
2016.01.27 20:27:50.873,1.29216,1.29225,2.62,1.00
2016.01.27 20:27:51.330,1.29218,1.29223,1.00,1.50
2016.01.27 20:27:51.432,1.29216,1.29224,1.00,1.00
2016.01.27 20:27:51.483,1.29216,1.29222,1.00,1.00
2016.01.27 20:27:51.534,1.29212,1.29221,1.00,1.00
2016.01.27 20:27:51.724,1.29213,1.29217,1.00,1.00
2016.01.27 20:27:52.086,1.29211,1.29217,1.00,1.00
2016.01.27 20:27:52.599,1.2921,1.29218,1.00,1.00
2016.01.27 20:27:52.972,1.29213,1.2922,1.00,1.50
2016.01.27 20:27:53.382,1.29209,1.29219,1.00,1.25
2016.01.27 20:27:53.484,1.29209,1.29219,1.00,5.62
2016.01.27 20:27:53.929,1.29218,1.29222,1.00,2.25
2016.01.27 20:27:53.980,1.29219,1.29226,1.00,1.37
2016.01.27 20:27:54.183,1.29217,1.29226,1.00,1.37
2016.01.27 20:27:54.739,1.29215,1.29224,1.00,2.25
2016.01.27 20:27:55.272,1.29215,1.29223,1.00,1.87
2016.01.27 20:27:55.374,1.29218,1.29224,1.00,1.12
2016.01.27 20:27:56.308,1.29216,1.29226,1.00,1.87
2016.01.27 20:27:56.777,1.2922,1.29226,2.62,1.87
2016.01.27 20:27:56.879,1.29223,1.29229,1.00,1.00
2016.01.27 20:27:56.930,1.29226,1.29229,1.00,1.00
2016.01.27 20:27:56.982,1.29226,1.29232,1.00,1.50
2016.01.27 20:27:57.084,1.29225,1.29234,1.00,3.00
2016.01.27 20:27:57.352,1.29223,1.29234,1.00,3.37
2016.01.27 20:27:57.859,1.29223,1.29233,1.00,1.87
2016.01.27 20:27:58.365,1.29223,1.29234,4.12,1.87
2016.01.27 20:27:58.669,1.29226,1.29236,2.62,3.37
2016.01.27 20:27:59.204,1.29226,1.29236,1.87,2.25
2016.01.27 20:27:59.734,1.29227,1.29237,1.00,1.00
2016.01.27 20:28:00.140,1.29227,1.29235,1.00,1.00
2016.01.27 20:28:00.444,1.29224,1.29235,1.87,1.12
2016.01.27 20:28:00.495,1.29224,1.29235,1.00,3.37
2016.01.27 20:28:00.979,1.29222,1.29234,3.00,2.81
2016.01.27 20:28:01.282,1.29223,1.29235,4.12,1.94
2016.01.27 20:28:01.636,1.29226,1.29235,1.00,1.12
2016.01.27 20:28:01.738,1.29226,1.29237,1.12,1.87
2016.01.27 20:28:02.081,1.29225,1.29235,1.87,2.25
2016.01.27 20:28:02.285,1.29223,1.29235,1.50,2.62
2016.01.27 20:28:02.792,1.29222,1.29233,1.87,1.00
2016.01.27 20:28:03.342,1.29223,1.29234,1.50,2.25
2016.01.27 20:28:03.857,1.29224,1.29234,1.50,1.87
2016.01.27 20:28:04.446,1.29225,1.29234,1.50,1.50
2016.01.27 20:28:04.954,1.29226,1.29235,1.00,1.69
2016.01.27 20:28:05.310,1.29226,1.29236,1.12,1.31
2016.01.27 20:28:05.800,1.29228,1.29237,1.00,1.69
2016.01.27 20:28:05.902,1.29226,1.29237,1.00,1.25
2016.01.27 20:28:06.130,1.29226,1.29236,1.00,1.56
2016.01.27 20:28:07.154,1.29225,1.29234,1.00,1.00
2016.01.27 20:28:07.206,1.29222,1.29235,4.12,3.94
2016.01.27 20:28:07.257,1.29222,1.29235,3.00,7.12
2016.01.27 20:28:07.409,1.29222,1.29235,3.00,1.87
2016.01.27 20:28:07.511,1.29223,1.29233,2.25,1.00
2016.01.27 20:28:07.865,1.29222,1.29231,1.50,1.00
2016.01.27 20:28:08.168,1.29223,1.29234,1.00,1.00
2016.01.27 20:28:08.220,1.29225,1.29234,1.00,1.00
2016.01.27 20:28:08.752,1.29225,1.29235,1.00,1.87
2016.01.27 20:28:09.013,1.29224,1.29235,4.50,1.69
2016.01.27 20:28:09.115,1.29226,1.29235,1.50,1.87
2016.01.27 20:28:09.654,1.29227,1.29236,3.75,1.00
2016.01.27 20:28:09.957,1.29226,1.29234,1.00,1.31
2016.01.27 20:28:10.583,1.29226,1.29236,1.50,1.00
2016.01.27 20:28:11.090,1.29226,1.29238,2.81,1.62
2016.01.27 20:28:11.141,1.29229,1.29238,1.00,2.06
2016.01.27 20:28:11.628,1.29233,1.29242,2.44,1.00
2016.01.27 20:28:11.934,1.2924,1.29247,1.00,1.00
2016.01.27 20:28:12.138,1.29238,1.2925,1.31,2.25
2016.01.27 20:28:12.443,1.2924,1.29249,1.00,4.63
2016.01.27 20:28:12.683,1.29236,1.29248,1.87,2.01
2016.01.27 20:28:13.043,1.29238,1.29246,1.00,1.37
2016.01.27 20:28:13.549,1.29241,1.29247,1.00,1.63
2016.01.27 20:28:13.929,1.2924,1.29248,3.37,1.00
2016.01.27 20:28:13.982,1.29239,1.29248,1.25,1.00
2016.01.27 20:28:14.336,1.29237,1.29247,1.69,1.00
2016.01.27 20:28:15.185,1.29238,1.29248,1.00,1.87
2016.01.27 20:28:15.237,1.2924,1.29248,1.00,1.87
2016.01.27 20:28:15.540,1.29237,1.29248,1.12,2.62
2016.01.27 20:28:15.642,1.29239,1.29248,1.00,2.25
2016.01.27 20:28:15.946,1.29241,1.29249,1.00,1.00
2016.01.27 20:28:16.378,1.2925,1.29257,1.00,3.13
2016.01.27 20:28:16.884,1.29249,1.29258,1.00,2.38
2016.01.27 20:28:17.739,1.2925,1.29258,1.00,1.50
2016.01.27 20:28:18.253,1.29251,1.2926,1.00,2.62
2016.01.27 20:28:19.380,1.29249,1.2926,2.74,1.12
2016.01.27 20:28:19.483,1.29248,1.29259,1.50,1.26
2016.01.27 20:28:19.534,1.29248,1.29257,1.87,1.26
2016.01.27 20:28:19.636,1.29248,1.29255,1.12,1.00
2016.01.27 20:28:20.190,1.29246,1.29256,2.62,1.13
2016.01.27 20:28:20.445,1.29249,1.29258,1.00,1.12
2016.01.27 20:28:20.640,1.29248,1.29256,1.00,1.50
2016.01.27 20:28:20.743,1.29246,1.29255,1.12,1.12
2016.01.27 20:28:21.268,1.29246,1.29256,1.15,1.12
2016.01.27 20:28:21.470,1.29249,1.29258,1.00,3.51
2016.01.27 20:28:21.824,1.29245,1.29257,3.86,1.31
2016.01.27 20:28:22.374,1.29246,1.29256,1.00,1.00
2016.01.27 20:28:22.932,1.29246,1.29255,1.00,1.00
2016.01.27 20:28:23.441,1.29244,1.29254,6.37,1.25
2016.01.27 20:28:23.824,1.29245,1.29252,1.00,1.50
2016.01.27 20:28:23.976,1.2924,1.29252,5.62,1.37
2016.01.27 20:28:24.078,1.29245,1.29252,1.00,1.37
2016.01.27 20:28:24.180,1.29243,1.29252,1.00,1.37
2016.01.27 20:28:24.281,1.29245,1.29252,1.00,1.12
2016.01.27 20:28:24.485,1.29241,1.29253,2.74,2.62
2016.01.27 20:28:24.687,1.29244,1.29253,1.00,1.87
2016.01.27 20:28:25.317,1.29241,1.29254,5.06,2.89
2016.01.27 20:28:25.539,1.29241,1.29251,2.44,1.00
2016.01.27 20:28:25.843,1.29239,1.29249,1.00,2.14
2016.01.27 20:28:26.298,1.2924,1.2925,1.00,5.44
2016.01.27 20:28:26.651,1.29241,1.29251,2.62,3.19
2016.01.27 20:28:26.859,1.29244,1.29253,1.00,1.25
2016.01.27 20:28:27.316,1.29244,1.29254,2.25,1.56
2016.01.27 20:28:28.000,1.29245,1.29254,1.37,1.31
2016.01.27 20:28:28.528,1.29245,1.29255,1.12,2.62
2016.01.27 20:28:28.933,1.29243,1.29255,1.69,6.56
2016.01.27 20:28:29.035,1.29245,1.29254,1.00,1.37
2016.01.27 20:28:29.557,1.29245,1.29254,1.50,1.37
2016.01.27 20:28:30.074,1.29245,1.29255,1.50,5.06
2016.01.27 20:28:30.711,1.29244,1.29254,1.00,3.19
2016.01.27 20:28:31.065,1.29244,1.29254,1.00,1.69
2016.01.27 20:28:31.580,1.29244,1.29254,1.00,3.94
2016.01.27 20:28:32.291,1.29245,1.29254,1.00,1.69
2016.01.27 20:28:32.544,1.29244,1.29254,1.50,1.12
2016.01.27 20:28:32.899,1.29242,1.29253,1.12,1.69
2016.01.27 20:28:33.204,1.2924,1.29248,1.00,1.25
2016.01.27 20:28:33.788,1.29239,1.29248,1.00,2.44
2016.01.27 20:28:34.092,1.2924,1.29249,1.00,4.31
2016.01.27 20:28:34.193,1.29238,1.29249,1.09,4.69
2016.01.27 20:28:34.295,1.2924,1.29249,1.00,4.69
2016.01.27 20:28:34.498,1.29239,1.29249,1.00,3.19
2016.01.27 20:28:35.084,1.2924,1.29249,1.00,1.87
2016.01.27 20:28:35.593,1.29239,1.2925,6.15,1.37
2016.01.27 20:28:36.127,1.2924,1.29251,1.12,2.06
2016.01.27 20:28:37.025,1.2924,1.29251,1.00,1.69
2016.01.27 20:28:37.535,1.2924,1.2925,2.62,1.31
2016.01.27 20:28:37.793,1.2924,1.2925,3.37,1.00
2016.01.27 20:28:37.953,1.2924,1.29252,1.87,1.50
2016.01.27 20:28:38.054,1.29242,1.29252,1.00,1.50
2016.01.27 20:28:38.393,1.29244,1.29252,1.12,1.00
2016.01.27 20:28:38.545,1.29245,1.29257,1.87,4.87
2016.01.27 20:28:38.747,1.29245,1.29256,4.12,1.00
2016.01.27 20:28:39.268,1.29245,1.29255,2.62,4.50
2016.01.27 20:28:39.688,1.29246,1.29257,1.87,2.62
2016.01.27 20:28:39.740,1.29246,1.29257,5.35,1.12
2016.01.27 20:28:40.150,1.29245,1.29256,1.87,1.69
2016.01.27 20:28:40.686,1.29246,1.29256,1.00,1.00
2016.01.27 20:28:41.048,1.29248,1.29258,3.85,4.12
2016.01.27 20:28:41.352,1.2925,1.2926,1.87,1.12
2016.01.27 20:28:41.866,1.2925,1.2926,6.85,1.00
2016.01.27 20:28:42.382,1.2925,1.29258,2.25,1.12
2016.01.27 20:28:43.125,1.29247,1.29258,2.62,1.87
2016.01.27 20:28:43.479,1.2925,1.29261,1.37,4.12
2016.01.27 20:28:44.090,1.29253,1.29263,1.00,1.31
2016.01.27 20:28:44.293,1.29257,1.29266,1.87,2.25
2016.01.27 20:28:44.395,1.29259,1.29268,1.12,2.06
2016.01.27 20:28:44.699,1.29261,1.29268,1.00,1.37
2016.01.27 20:28:45.136,1.29262,1.29268,1.00,1.00
2016.01.27 20:28:45.643,1.29263,1.29268,1.00,1.00
2016.01.27 20:28:45.745,1.29261,1.29268,2.62,1.00
2016.01.27 20:28:45.796,1.29263,1.29269,1.00,1.00
2016.01.27 20:28:46.326,1.29262,1.29268,1.00,1.00
2016.01.27 20:28:47.877,1.29263,1.29268,1.00,1.00
2016.01.27 20:28:47.979,1.29263,1.2927,1.00,1.00
2016.01.27 20:28:48.624,1.29262,1.2927,1.37,1.56
2016.01.27 20:28:48.777,1.29262,1.29269,1.00,1.31
2016.01.27 20:28:49.322,1.2926,1.29269,1.50,1.25
2016.01.27 20:28:50.016,1.2926,1.29266,1.00,1.31
2016.01.27 20:28:50.067,1.29256,1.29265,3.37,1.00
2016.01.27 20:28:50.576,1.29256,1.29264,1.00,1.00
2016.01.27 20:28:51.175,1.29256,1.29266,1.00,1.12
2016.01.27 20:28:51.288,1.29258,1.29268,1.00,3.19
2016.01.27 20:28:51.809,1.29259,1.29267,1.50,1.00
2016.01.27 20:28:52.127,1.29257,1.29267,1.00,1.87
2016.01.27 20:28:52.505,1.29256,1.29265,1.00,1.00
2016.01.27 20:28:52.809,1.29255,1.29263,1.12,1.31
2016.01.27 20:28:53.352,1.29254,1.29262,1.37,3.75
2016.01.27 20:28:53.611,1.2925,1.29257,1.12,1.56
2016.01.27 20:28:53.916,1.2925,1.29258,1.00,2.44
2016.01.27 20:28:54.509,1.2925,1.29257,1.87,1.00
2016.01.27 20:28:54.923,1.2925,1.29256,1.00,2.06
2016.01.27 20:28:55.126,1.2925,1.29256,1.00,1.50
2016.01.27 20:28:55.631,1.29251,1.29257,1.37,1.00
2016.01.27 20:28:56.247,1.29252,1.29258,1.00,1.00
2016.01.27 20:28:56.574,1.29255,1.29258,1.00,1.00
2016.01.27 20:28:57.284,1.29254,1.29258,1.00,1.00
2016.01.27 20:28:57.385,1.29252,1.29259,1.00,1.00
2016.01.27 20:28:57.436,1.29252,1.29258,1.00,3.75
2016.01.27 20:28:57.487,1.29249,1.29255,1.00,1.31
2016.01.27 20:28:57.741,1.29246,1.29253,1.87,1.00
2016.01.27 20:28:57.792,1.2925,1.29253,1.00,1.00
2016.01.27 20:28:57.893,1.2925,1.29258,1.00,2.25
2016.01.27 20:28:58.201,1.29248,1.29255,3.37,1.00
2016.01.27 20:28:58.455,1.29246,1.29256,1.50,2.44
2016.01.27 20:28:58.829,1.29244,1.29255,3.07,2.81
2016.01.27 20:28:59.435,1.29244,1.29255,1.12,2.81
2016.01.27 20:28:59.739,1.29246,1.29255,1.00,2.06
2016.01.27 20:29:00.287,1.29244,1.29257,4.20,5.44
2016.01.27 20:29:00.540,1.29244,1.29254,2.62,3.55
2016.01.27 20:29:00.845,1.29246,1.29255,1.00,1.37
2016.01.27 20:29:00.896,1.29246,1.29257,1.12,5.24
2016.01.27 20:29:01.233,1.29248,1.29255,1.00,1.00
2016.01.27 20:29:01.436,1.29248,1.29258,1.31,1.12
2016.01.27 20:29:02.245,1.29248,1.29258,1.50,1.37
2016.01.27 20:29:02.298,1.29247,1.29255,1.87,1.00
2016.01.27 20:29:02.349,1.29246,1.29257,2.06,2.99
2016.01.27 20:29:02.400,1.29246,1.29257,2.06,2.62
2016.01.27 20:29:02.553,1.29246,1.29256,1.00,1.49
2016.01.27 20:29:02.705,1.29244,1.29254,2.62,1.87
2016.01.27 20:29:02.756,1.29244,1.29254,1.12,2.24
2016.01.27 20:29:02.807,1.29244,1.2925,1.12,1.00
2016.01.27 20:29:03.115,1.29245,1.29255,1.00,2.62
2016.01.27 20:29:03.441,1.29243,1.29255,1.69,2.62
2016.01.27 20:29:03.947,1.29243,1.29254,2.06,1.00
2016.01.27 20:29:04.433,1.29246,1.29255,1.00,1.87
2016.01.27 20:29:04.816,1.29243,1.29251,2.62,1.00
2016.01.27 20:29:05.271,1.29243,1.29254,2.62,1.49
2016.01.27 20:29:05.675,1.29244,1.29256,3.19,2.62
2016.01.27 20:29:06.009,1.29246,1.29255,1.56,1.12
2016.01.27 20:29:06.363,1.29249,1.29255,1.56,1.00
2016.01.27 20:29:07.167,1.2925,1.29255,1.56,1.00
2016.01.27 20:29:07.378,1.29251,1.29258,3.75,1.00
2016.01.27 20:29:07.632,1.29251,1.29261,8.62,1.12
2016.01.27 20:29:07.683,1.29253,1.29262,3.75,1.37
2016.01.27 20:29:07.785,1.29252,1.29263,1.56,1.37
2016.01.27 20:29:07.886,1.29254,1.2926,3.75,1.00
2016.01.27 20:29:08.144,1.29254,1.29264,3.75,1.75
2016.01.27 20:29:08.487,1.29254,1.2926,4.50,1.00
2016.01.27 20:29:08.792,1.29257,1.29265,4.50,1.12
2016.01.27 20:29:08.893,1.29258,1.29267,2.06,3.00
2016.01.27 20:29:08.995,1.29262,1.29266,1.31,1.00
2016.01.27 20:29:09.220,1.29262,1.2927,4.50,1.00
2016.01.27 20:29:09.322,1.29259,1.2927,6.37,1.00
2016.01.27 20:29:09.424,1.29259,1.29269,6.75,1.37
2016.01.27 20:29:09.751,1.29261,1.29269,3.75,1.00
2016.01.27 20:29:10.142,1.29261,1.29269,1.56,1.00
2016.01.27 20:29:10.956,1.2926,1.2927,4.50,1.00
2016.01.27 20:29:11.715,1.29264,1.2927,3.75,1.00
2016.01.27 20:29:11.968,1.29262,1.29271,3.79,1.12
2016.01.27 20:29:12.427,1.29262,1.29268,3.41,1.00
2016.01.27 20:29:12.966,1.29265,1.29268,1.22,1.00
2016.01.27 20:29:13.067,1.29266,1.2927,3.41,1.00
2016.01.27 20:29:13.573,1.29269,1.29272,3.06,1.37
2016.01.27 20:29:14.207,1.29266,1.29268,1.00,1.00
2016.01.27 20:29:14.258,1.29264,1.29268,1.00,1.00
2016.01.27 20:29:14.664,1.29261,1.29269,3.81,1.00
2016.01.27 20:29:15.554,1.29261,1.29269,3.06,1.87
2016.01.27 20:29:15.909,1.29259,1.29267,4.19,1.00
2016.01.27 20:29:16.415,1.29258,1.29267,4.56,1.00
2016.01.27 20:29:16.467,1.29257,1.29265,2.25,1.00
2016.01.27 20:29:17.000,1.29258,1.29266,3.06,1.00
2016.01.27 20:29:17.405,1.2926,1.29266,1.00,1.00
2016.01.27 20:29:17.693,1.29257,1.29265,1.50,1.50
2016.01.27 20:29:18.496,1.29256,1.29265,4.94,3.00
2016.01.27 20:29:18.547,1.29259,1.29265,3.06,2.25
2016.01.27 20:29:18.880,1.29261,1.29266,3.06,2.25
2016.01.27 20:29:19.395,1.29262,1.29267,1.00,1.87
2016.01.27 20:29:20.010,1.29263,1.29267,3.06,1.00
2016.01.27 20:29:20.060,1.29263,1.2927,3.06,1.00
2016.01.27 20:29:20.566,1.29262,1.2927,1.12,1.00
2016.01.27 20:29:20.870,1.29264,1.2927,3.06,1.00
2016.01.27 20:29:21.516,1.29265,1.29269,3.06,1.00
2016.01.27 20:29:22.025,1.29266,1.29269,3.06,1.00
2016.01.27 20:29:22.430,1.29268,1.29269,3.06,1.00
2016.01.27 20:29:22.582,1.29268,1.29272,3.06,1.00
2016.01.27 20:29:23.295,1.29268,1.29272,3.75,1.00
2016.01.27 20:29:23.663,1.29267,1.29274,3.75,3.00
2016.01.27 20:29:24.187,1.29268,1.29274,3.75,3.00
2016.01.27 20:29:24.463,1.29267,1.2927,3.75,1.00
2016.01.27 20:29:24.514,1.29263,1.2927,4.87,1.00
2016.01.27 20:29:25.021,1.29262,1.2927,3.75,3.37
2016.01.27 20:29:25.557,1.29264,1.2927,1.56,1.00
2016.01.27 20:29:25.920,1.29269,1.29273,4.50,1.50
2016.01.27 20:29:26.224,1.29283,1.29285,1.31,3.75
2016.01.27 20:29:26.548,1.29274,1.29283,1.69,1.50
2016.01.27 20:29:26.752,1.29276,1.29285,1.31,1.87
2016.01.27 20:29:27.259,1.29276,1.29285,1.00,4.69
2016.01.27 20:29:28.112,1.29276,1.29285,1.00,2.06
2016.01.27 20:29:28.670,1.29277,1.29285,1.00,1.00
2016.01.27 20:29:28.959,1.29278,1.29288,3.75,1.50
2016.01.27 20:29:29.010,1.29276,1.29288,4.50,2.81
2016.01.27 20:29:29.214,1.29275,1.29286,2.25,3.75
2016.01.27 20:29:29.518,1.29277,1.29288,6.00,1.00
2016.01.27 20:29:30.060,1.29278,1.29288,3.56,1.00
2016.01.27 20:29:30.233,1.29278,1.29288,2.81,1.31
2016.01.27 20:29:30.487,1.29276,1.29285,1.87,1.00
2016.01.27 20:29:30.824,1.29272,1.29282,4.87,1.00
2016.01.27 20:29:31.154,1.29276,1.29284,3.75,1.12
2016.01.27 20:29:31.210,1.29274,1.29284,4.87,1.12
2016.01.27 20:29:31.312,1.29274,1.29286,4.87,3.19
2016.01.27 20:29:31.635,1.29276,1.29286,3.75,2.62
2016.01.27 20:29:32.429,1.29278,1.29286,3.75,1.12
2016.01.27 20:29:32.786,1.29278,1.29288,3.75,2.25
2016.01.27 20:29:33.092,1.29278,1.29288,3.75,3.75
2016.01.27 20:29:33.433,1.29272,1.29273,1.12,1.50
2016.01.27 20:29:33.687,1.29265,1.2927,4.50,1.37
2016.01.27 20:29:33.738,1.29265,1.2927,1.00,1.37
2016.01.27 20:29:33.991,1.29266,1.29272,4.50,2.25
2016.01.27 20:29:34.551,1.29263,1.2927,1.69,1.37
2016.01.27 20:29:35.674,1.29264,1.29271,1.31,2.62
2016.01.27 20:29:36.213,1.29264,1.2927,1.31,1.37
2016.01.27 20:29:36.671,1.29263,1.29271,1.56,1.87
2016.01.27 20:29:36.773,1.29263,1.2927,1.31,1.37
2016.01.27 20:29:37.073,1.29263,1.29271,1.31,1.87
2016.01.27 20:29:37.174,1.29264,1.29271,4.50,1.37
2016.01.27 20:29:37.685,1.29264,1.2927,5.25,1.37
2016.01.27 20:29:37.888,1.29265,1.29271,1.56,1.00
2016.01.27 20:29:38.091,1.29266,1.2927,1.31,1.37
2016.01.27 20:29:38.358,1.29264,1.2927,1.00,1.37
2016.01.27 20:29:38.864,1.29263,1.29269,1.25,1.37
2016.01.27 20:29:39.021,1.29263,1.2927,1.25,1.12
2016.01.27 20:29:39.656,1.29262,1.29269,1.25,1.12
2016.01.27 20:29:39.910,1.2926,1.29268,2.62,1.37
2016.01.27 20:29:40.429,1.2926,1.29269,1.69,1.37
2016.01.27 20:29:40.961,1.2926,1.29269,2.06,1.12
2016.01.27 20:29:41.560,1.29261,1.29268,1.00,1.00
2016.01.27 20:29:42.355,1.29259,1.29267,1.00,2.62
2016.01.27 20:29:42.686,1.29255,1.29265,2.62,1.19
2016.01.27 20:29:42.990,1.29259,1.29268,1.12,1.00
2016.01.27 20:29:43.715,1.29259,1.29268,1.87,1.00
2016.01.27 20:29:44.288,1.29259,1.29269,2.25,1.50
2016.01.27 20:29:44.825,1.29259,1.29268,4.50,1.00
2016.01.27 20:29:44.877,1.29262,1.29268,3.37,1.00
2016.01.27 20:29:45.166,1.29262,1.29269,1.31,1.37
2016.01.27 20:29:45.695,1.2926,1.29269,6.37,1.12
2016.01.27 20:29:46.163,1.2926,1.29268,1.00,1.00
2016.01.27 20:29:46.678,1.29259,1.29267,1.00,1.00
2016.01.27 20:29:46.729,1.29259,1.29267,1.00,6.00
2016.01.27 20:29:46.882,1.29256,1.29265,1.50,1.25
2016.01.27 20:29:47.122,1.29255,1.29264,1.00,1.56
2016.01.27 20:29:47.597,1.29254,1.29265,1.31,2.25
2016.01.27 20:29:47.699,1.29255,1.29265,5.25,1.00
2016.01.27 20:29:47.851,1.29256,1.29267,5.25,1.50
2016.01.27 20:29:48.053,1.29257,1.29269,3.75,2.62
2016.01.27 20:29:48.259,1.29257,1.29267,1.50,3.75
2016.01.27 20:29:48.563,1.29255,1.29265,1.87,4.50
2016.01.27 20:29:49.574,1.29253,1.29264,2.62,3.75
2016.01.27 20:29:49.835,1.29252,1.29263,1.50,1.69
2016.01.27 20:29:49.937,1.29252,1.2926,1.00,2.81
2016.01.27 20:29:50.241,1.29251,1.2926,1.12,6.75
2016.01.27 20:29:50.751,1.2925,1.2926,1.50,1.56
2016.01.27 20:29:50.954,1.29249,1.2926,1.31,4.31
2016.01.27 20:29:51.005,1.29249,1.29259,1.87,3.75
2016.01.27 20:29:51.511,1.29248,1.29259,1.00,5.62
2016.01.27 20:29:51.946,1.29248,1.29257,1.00,3.75
2016.01.27 20:29:51.997,1.29248,1.29258,1.00,1.56
2016.01.27 20:29:52.530,1.29247,1.29258,1.69,1.56
2016.01.27 20:29:52.581,1.29247,1.29256,1.50,3.75
2016.01.27 20:29:52.835,1.29252,1.2926,1.25,1.00
2016.01.27 20:29:52.887,1.29254,1.29261,3.45,3.00
2016.01.27 20:29:53.403,1.29254,1.29264,4.20,3.37
2016.01.27 20:29:53.761,1.29254,1.29264,4.20,1.50
2016.01.27 20:29:54.434,1.29256,1.29265,1.56,4.12
2016.01.27 20:29:55.231,1.29256,1.29264,1.56,1.12
2016.01.27 20:29:55.332,1.29256,1.29263,1.56,1.37
2016.01.27 20:29:55.434,1.29256,1.29264,1.56,1.87
2016.01.27 20:29:55.770,1.29259,1.29265,1.00,1.00
2016.01.27 20:29:56.282,1.29257,1.29265,1.00,4.87
2016.01.27 20:29:56.484,1.29253,1.29263,3.19,1.69
2016.01.27 20:29:56.586,1.29257,1.29263,1.00,3.00
2016.01.27 20:29:57.087,1.29257,1.29265,1.31,1.50
2016.01.27 20:29:57.594,1.2926,1.29267,1.00,2.06
2016.01.27 20:29:58.825,1.2926,1.29269,1.00,2.06
2016.01.27 20:29:59.605,1.2926,1.29269,2.44,1.00
2016.01.27 20:29:59.706,1.29265,1.29271,1.31,2.62
2016.01.27 20:29:59.859,1.29268,1.29273,1.00,1.50
2016.01.27 20:30:00.135,1.29268,1.29272,1.00,1.87
2016.01.27 20:30:00.238,1.29268,1.29273,1.00,1.00
2016.01.27 20:30:00.476,1.29267,1.29277,1.00,2.25
2016.01.27 20:30:00.730,1.29264,1.29274,2.89,1.00
2016.01.27 20:30:01.137,1.29265,1.29276,1.66,2.62
2016.01.27 20:30:01.239,1.29265,1.29274,1.10,1.00
2016.01.27 20:30:02.016,1.29265,1.29276,1.12,2.81
2016.01.27 20:30:02.269,1.29265,1.29274,1.12,1.00
2016.01.27 20:30:02.675,1.29265,1.29276,1.00,2.68
2016.01.27 20:30:03.080,1.29267,1.29278,1.50,1.20
2016.01.27 20:30:03.383,1.29269,1.29278,2.62,1.00
2016.01.27 20:30:03.485,1.2927,1.2928,1.50,1.87
2016.01.27 20:30:03.946,1.29273,1.2928,1.50,1.00
2016.01.27 20:30:03.997,1.29273,1.29282,1.50,1.49
2016.01.27 20:30:04.546,1.29272,1.29282,2.32,1.12
2016.01.27 20:30:04.800,1.29273,1.29283,1.57,1.29
2016.01.27 20:30:05.096,1.29275,1.29286,1.66,2.62
2016.01.27 20:30:05.248,1.29276,1.29289,3.56,4.20
2016.01.27 20:30:05.453,1.29279,1.29289,1.00,1.12
2016.01.27 20:30:05.757,1.29279,1.29286,1.10,1.00
2016.01.27 20:30:06.084,1.29278,1.29284,1.12,1.00
2016.01.27 20:30:06.186,1.29278,1.29286,1.12,1.00
2016.01.27 20:30:06.542,1.29279,1.29289,3.37,1.00
2016.01.27 20:30:06.594,1.29279,1.29289,5.62,1.00
2016.01.27 20:30:07.250,1.29282,1.2929,1.50,1.00
2016.01.27 20:30:07.707,1.29283,1.29291,1.87,1.00
2016.01.27 20:30:07.859,1.29285,1.29294,1.25,1.12
2016.01.27 20:30:08.162,1.29286,1.29294,3.75,1.37
2016.01.27 20:30:08.455,1.29285,1.29295,1.56,1.37
2016.01.27 20:30:08.506,1.29287,1.29296,3.75,1.50
2016.01.27 20:30:08.607,1.29286,1.29295,3.75,1.37
2016.01.27 20:30:09.169,1.29285,1.29295,1.69,1.87
2016.01.27 20:30:09.694,1.29285,1.29294,1.56,1.87
2016.01.27 20:30:09.745,1.29285,1.29294,1.00,1.87
2016.01.27 20:30:09.796,1.29285,1.29292,1.00,1.37
2016.01.27 20:30:10.302,1.29284,1.29293,3.75,1.37
2016.01.27 20:30:10.403,1.29283,1.29294,2.06,1.87
2016.01.27 20:30:10.606,1.29284,1.29294,3.75,1.87
2016.01.27 20:30:11.147,1.29284,1.29295,3.75,3.00
2016.01.27 20:30:12.333,1.29284,1.29294,3.75,1.87
2016.01.27 20:30:12.840,1.29284,1.29294,3.75,1.00
2016.01.27 20:30:13.669,1.29284,1.29294,3.75,1.87
2016.01.27 20:30:14.140,1.29284,1.29295,1.69,1.12
2016.01.27 20:30:14.677,1.29285,1.29296,1.00,2.25
2016.01.27 20:30:14.781,1.29286,1.29294,3.37,1.00
2016.01.27 20:30:15.221,1.29288,1.29296,3.37,1.87
2016.01.27 20:30:15.272,1.29286,1.29296,3.75,1.37
2016.01.27 20:30:15.324,1.29285,1.29296,4.31,1.69
2016.01.27 20:30:15.628,1.29285,1.29294,1.56,1.37
2016.01.27 20:30:15.830,1.29285,1.29296,2.81,1.87
2016.01.27 20:30:16.350,1.29285,1.29296,4.39,2.62
2016.01.27 20:30:16.899,1.29285,1.29294,4.31,1.00
2016.01.27 20:30:18.114,1.29288,1.29295,1.25,1.87
2016.01.27 20:30:18.317,1.29291,1.29295,3.75,1.12
2016.01.27 20:30:18.521,1.29291,1.29298,3.75,2.25
2016.01.27 20:30:18.726,1.29291,1.293,3.75,1.00
2016.01.27 20:30:19.169,1.29295,1.29301,3.75,1.12
2016.01.27 20:30:19.222,1.29295,1.29303,4.50,1.00
2016.01.27 20:30:19.274,1.29297,1.29303,3.75,1.00
2016.01.27 20:30:19.376,1.29297,1.29307,3.75,2.62
2016.01.27 20:30:20.301,1.29297,1.29308,3.75,1.00
2016.01.27 20:30:20.892,1.29296,1.29309,6.75,4.69
2016.01.27 20:30:21.399,1.29296,1.29309,3.56,7.87
2016.01.27 20:30:22.059,1.29297,1.29309,3.75,4.31
2016.01.27 20:30:22.596,1.29297,1.29309,3.75,2.81
2016.01.27 20:30:23.193,1.29297,1.29309,3.75,2.81
2016.01.27 20:30:23.725,1.29297,1.29309,3.75,3.56
2016.01.27 20:30:24.146,1.29296,1.29308,1.56,2.44
2016.01.27 20:30:24.496,1.29295,1.29305,1.00,1.31
2016.01.27 20:30:25.856,1.29293,1.29305,2.44,3.75
2016.01.27 20:30:26.872,1.29293,1.29305,2.06,1.31
2016.01.27 20:30:27.025,1.29295,1.29307,2.44,1.31
2016.01.27 20:30:27.430,1.29295,1.29305,3.37,1.56
2016.01.27 20:30:27.869,1.29294,1.29303,1.87,3.75
2016.01.27 20:30:28.225,1.29294,1.29304,1.37,1.69
2016.01.27 20:30:29.018,1.29294,1.29307,3.75,2.44
2016.01.27 20:30:29.541,1.29294,1.29307,1.00,4.87
2016.01.27 20:30:29.743,1.29296,1.29307,1.00,5.25
2016.01.27 20:30:29.845,1.29296,1.29308,1.31,4.12
2016.01.27 20:30:30.387,1.29297,1.29307,1.50,4.12
2016.01.27 20:30:30.539,1.29295,1.29307,2.25,4.87
2016.01.27 20:30:31.045,1.29296,1.29307,1.50,4.87
2016.01.27 20:30:31.585,1.29297,1.29307,1.50,4.87
2016.01.27 20:30:32.134,1.29296,1.29307,2.25,4.87
2016.01.27 20:30:33.144,1.29296,1.29307,2.62,4.12
2016.01.27 20:30:33.806,1.29296,1.29306,2.62,4.50
2016.01.27 20:30:33.908,1.29296,1.29303,1.50,3.75
2016.01.27 20:30:34.442,1.29295,1.29307,4.50,2.36
2016.01.27 20:30:34.952,1.29296,1.29306,1.00,1.24
2016.01.27 20:30:35.003,1.29296,1.29302,1.00,1.00
2016.01.27 20:30:35.054,1.29294,1.29302,1.00,1.00
2016.01.27 20:30:35.106,1.29294,1.29304,1.31,1.15
2016.01.27 20:30:35.259,1.29294,1.29304,6.75,1.00
2016.01.27 20:30:35.763,1.29295,1.29308,2.81,6.30
2016.01.27 20:30:36.429,1.29297,1.29308,1.12,4.80
2016.01.27 20:30:37.338,1.29298,1.29309,1.31,1.87
2016.01.27 20:30:37.846,1.29296,1.29308,1.87,1.61
2016.01.27 20:30:38.553,1.29296,1.29308,1.56,1.12
2016.01.27 20:30:38.958,1.29297,1.29305,1.12,3.30
2016.01.27 20:30:39.420,1.29294,1.29305,4.69,1.61
2016.01.27 20:30:39.774,1.29292,1.29303,3.19,1.11
2016.01.27 20:30:40.345,1.29291,1.29302,2.25,1.61
2016.01.27 20:30:40.953,1.29291,1.29302,1.50,4.80
2016.01.27 20:30:41.588,1.2929,1.29302,3.19,4.42
2016.01.27 20:30:42.222,1.29291,1.29302,1.00,8.55
2016.01.27 20:30:42.728,1.2929,1.29301,1.31,1.24
2016.01.27 20:30:43.937,1.29289,1.29297,1.87,3.67
2016.01.27 20:30:44.090,1.29286,1.29295,2.62,4.05
2016.01.27 20:30:44.697,1.29286,1.29295,1.69,1.87
2016.01.27 20:30:44.996,1.29287,1.29298,6.37,1.37
2016.01.27 20:30:45.451,1.29289,1.293,1.69,1.00
2016.01.27 20:30:45.928,1.29289,1.293,4.87,1.50
2016.01.27 20:30:46.479,1.29289,1.29299,4.87,1.12
2016.01.27 20:30:46.984,1.29289,1.29299,1.25,1.00
2016.01.27 20:30:47.086,1.29288,1.29299,3.19,1.50
2016.01.27 20:30:47.685,1.2929,1.29299,3.75,1.50
2016.01.27 20:30:48.448,1.29291,1.293,3.75,1.50
2016.01.27 20:30:48.549,1.29289,1.293,1.25,1.50
2016.01.27 20:30:48.651,1.29286,1.29299,7.87,2.85
2016.01.27 20:30:48.978,1.2929,1.293,3.75,4.12
2016.01.27 20:30:49.536,1.2929,1.29298,1.87,1.37
2016.01.27 20:30:49.637,1.2929,1.29298,2.62,1.00
2016.01.27 20:30:49.891,1.29289,1.29298,2.25,1.00
2016.01.27 20:30:50.178,1.29287,1.29296,2.25,3.79
2016.01.27 20:30:50.722,1.29287,1.29295,1.25,1.12
2016.01.27 20:30:50.773,1.29284,1.29295,2.81,1.35
2016.01.27 20:30:51.323,1.29286,1.29295,1.00,1.35
2016.01.27 20:30:51.435,1.29286,1.29297,1.69,1.35
2016.01.27 20:30:51.739,1.29286,1.29296,1.87,1.60
2016.01.27 20:30:52.042,1.29285,1.29295,1.69,3.22
2016.01.27 20:30:52.346,1.29287,1.29296,1.69,1.87
2016.01.27 20:30:52.672,1.29288,1.29296,3.75,1.37
2016.01.27 20:30:53.128,1.2929,1.29299,1.25,1.50
2016.01.27 20:30:53.906,1.2929,1.29298,1.25,1.00
2016.01.27 20:30:54.059,1.29288,1.29297,2.25,1.22
2016.01.27 20:30:54.362,1.29283,1.29294,6.56,1.22
2016.01.27 20:30:54.464,1.29284,1.29295,1.62,2.62
2016.01.27 20:30:54.717,1.29287,1.29295,3.75,1.50
2016.01.27 20:30:55.894,1.29288,1.29297,4.50,1.37
2016.01.27 20:30:56.116,1.29288,1.29297,1.00,1.69
2016.01.27 20:30:56.367,1.29288,1.29295,1.00,2.44
2016.01.27 20:30:56.672,1.29288,1.29295,1.00,1.00
2016.01.27 20:30:56.824,1.29286,1.29292,1.69,1.00
2016.01.27 20:30:56.926,1.29284,1.29292,2.06,1.12
2016.01.27 20:30:57.472,1.29284,1.29293,1.31,1.75
2016.01.27 20:30:58.007,1.29284,1.29294,1.56,3.37
2016.01.27 20:30:58.549,1.29283,1.2929,3.75,2.25
2016.01.27 20:30:58.651,1.29281,1.2929,1.56,2.62
2016.01.27 20:30:58.753,1.29282,1.29288,1.31,1.00
2016.01.27 20:30:59.057,1.29284,1.29291,1.56,1.00
2016.01.27 20:30:59.310,1.29285,1.29293,1.31,1.12
2016.01.27 20:30:59.836,1.29285,1.29294,1.31,1.50
2016.01.27 20:31:00.372,1.29286,1.29294,1.00,1.12
2016.01.27 20:31:01.019,1.29285,1.29294,1.27,2.25
2016.01.27 20:31:01.376,1.29283,1.29291,4.09,1.50
2016.01.27 20:31:01.528,1.29281,1.29288,2.25,1.31
2016.01.27 20:31:01.630,1.29281,1.29285,1.00,1.00
2016.01.27 20:31:01.682,1.29278,1.29285,1.27,1.00
2016.01.27 20:31:01.733,1.29278,1.29286,3.71,1.12
2016.01.27 20:31:02.246,1.29278,1.29285,3.71,1.00
2016.01.27 20:31:02.297,1.29274,1.29284,5.40,1.25
2016.01.27 20:31:02.501,1.29275,1.29284,1.52,1.12
2016.01.27 20:31:03.009,1.29275,1.29284,1.00,1.50
2016.01.27 20:31:03.530,1.29273,1.29284,3.52,2.44
2016.01.27 20:31:03.834,1.29273,1.29282,2.02,1.00
2016.01.27 20:31:04.344,1.29272,1.29283,3.75,6.37
2016.01.27 20:31:04.395,1.29272,1.29282,3.00,2.44
2016.01.27 20:31:05.103,1.2927,1.2928,1.12,5.62
2016.01.27 20:31:05.626,1.2927,1.29281,1.52,1.12
2016.01.27 20:31:05.727,1.29272,1.29281,3.71,1.87
2016.01.27 20:31:06.070,1.29274,1.29281,3.71,1.50
2016.01.27 20:31:06.121,1.29273,1.29281,1.20,1.00
2016.01.27 20:31:06.172,1.29273,1.29281,4.09,1.00
2016.01.27 20:31:07.211,1.29272,1.29282,1.65,1.50
2016.01.27 20:31:07.262,1.29274,1.29282,3.71,2.25
2016.01.27 20:31:08.122,1.29271,1.29281,6.34,1.00
2016.01.27 20:31:08.562,1.29276,1.29282,3.71,1.00
2016.01.27 20:31:08.664,1.29276,1.29281,1.20,1.00
2016.01.27 20:31:08.715,1.29275,1.29285,1.65,2.62
2016.01.27 20:31:08.919,1.29277,1.29284,3.71,1.12
2016.01.27 20:31:09.021,1.29276,1.29285,1.20,1.37
2016.01.27 20:31:09.780,1.29275,1.29286,5.21,1.12
2016.01.27 20:31:09.932,1.29276,1.29286,3.90,1.00
2016.01.27 20:31:10.135,1.29277,1.29288,3.15,1.50
2016.01.27 20:31:10.440,1.29277,1.29288,5.40,1.50
2016.01.27 20:31:10.986,1.29277,1.29288,4.65,2.06
2016.01.27 20:31:11.538,1.29278,1.29288,1.25,1.62
2016.01.27 20:31:12.310,1.29284,1.29288,3.75,1.00
2016.01.27 20:31:12.412,1.29285,1.29291,3.75,3.00
2016.01.27 20:31:12.969,1.29283,1.29291,3.75,1.87
2016.01.27 20:31:13.393,1.29281,1.29291,4.87,1.37
2016.01.27 20:31:13.958,1.29283,1.29292,1.56,1.37
2016.01.27 20:31:14.462,1.29286,1.29291,1.00,1.12
2016.01.27 20:31:14.895,1.29288,1.29296,3.75,2.62
2016.01.27 20:31:15.049,1.29286,1.29296,4.69,1.12
2016.01.27 20:31:15.555,1.29284,1.29295,3.19,1.31
2016.01.27 20:31:16.182,1.29283,1.29296,2.81,1.31
2016.01.27 20:31:16.722,1.29283,1.29295,2.06,1.75
2016.01.27 20:31:17.127,1.29283,1.29293,1.25,1.00
2016.01.27 20:31:17.455,1.29282,1.29292,1.31,2.81
2016.01.27 20:31:17.607,1.29279,1.29289,1.50,1.25
2016.01.27 20:31:18.660,1.29281,1.29289,1.00,1.25
2016.01.27 20:31:18.813,1.2928,1.29291,7.50,1.00
2016.01.27 20:31:19.320,1.29281,1.29292,2.06,1.31
2016.01.27 20:31:19.896,1.29281,1.29292,4.87,1.12
2016.01.27 20:31:20.885,1.29281,1.29292,4.87,1.37
2016.01.27 20:31:25.162,1.2928,1.29291,1.69,1.12
2016.01.27 20:31:25.365,1.29279,1.29291,2.81,1.12
2016.01.27 20:31:25.416,1.29279,1.29291,2.81,4.87
2016.01.27 20:31:25.720,1.29281,1.29291,4.12,1.00
2016.01.27 20:31:26.169,1.29283,1.29293,3.75,1.87
2016.01.27 20:31:26.271,1.29282,1.29293,2.06,1.25
2016.01.27 20:31:26.888,1.29283,1.29293,2.44,1.25
2016.01.27 20:31:27.402,1.29283,1.29293,2.81,1.25
2016.01.27 20:31:27.641,1.29286,1.29293,1.00,1.25
2016.01.27 20:31:28.144,1.29285,1.29293,1.00,1.25
2016.01.27 20:31:28.922,1.29285,1.29297,1.69,6.37
2016.01.27 20:31:29.365,1.29285,1.29297,3.56,5.25
2016.01.27 20:31:30.252,1.29285,1.29294,2.25,3.75
2016.01.27 20:31:30.353,1.29286,1.29298,4.12,3.00
2016.01.27 20:31:30.455,1.29287,1.29297,3.75,1.50
2016.01.27 20:31:30.911,1.29288,1.29299,2.44,1.69
2016.01.27 20:31:31.655,1.29289,1.29299,1.12,1.69
2016.01.27 20:31:35.298,1.2929,1.293,1.56,1.87
2016.01.27 20:31:35.733,1.29293,1.29301,3.75,2.25
2016.01.27 20:31:35.836,1.29292,1.29301,3.75,1.50
2016.01.27 20:31:36.190,1.29294,1.29305,1.69,3.56
2016.01.27 20:31:36.292,1.29295,1.29306,4.12,1.37
2016.01.27 20:31:36.782,1.29292,1.29303,3.19,1.00
2016.01.27 20:31:36.934,1.29292,1.29301,3.37,3.75
2016.01.27 20:31:37.556,1.2929,1.29301,6.56,4.50
2016.01.27 20:31:37.980,1.29288,1.29299,1.50,1.69
2016.01.27 20:31:38.485,1.29289,1.293,1.00,2.44
2016.01.27 20:31:38.991,1.29288,1.29298,4.31,1.25
2016.01.27 20:31:39.418,1.29287,1.29291,1.87,1.31
2016.01.27 20:31:39.469,1.29282,1.29291,2.25,1.31
2016.01.27 20:31:39.975,1.29283,1.29292,1.37,5.62
2016.01.27 20:31:40.229,1.29282,1.29291,1.12,1.31
2016.01.27 20:31:40.330,1.29281,1.29288,2.06,1.00
2016.01.27 20:31:40.612,1.29276,1.29286,4.50,1.37
2016.01.27 20:31:40.663,1.29276,1.29285,1.00,1.69
2016.01.27 20:31:41.170,1.29275,1.29284,1.31,1.12
2016.01.27 20:31:41.272,1.29277,1.29284,1.00,1.00
2016.01.27 20:31:41.474,1.29276,1.29286,4.87,1.00
2016.01.27 20:31:41.689,1.29276,1.29288,5.62,2.06
2016.01.27 20:31:42.467,1.29276,1.29288,6.75,1.69
2016.01.27 20:31:42.568,1.29276,1.29287,3.00,4.12
2016.01.27 20:31:42.982,1.29274,1.29283,1.94,1.00
2016.01.27 20:31:43.285,1.29277,1.29284,3.75,1.00
2016.01.27 20:31:43.437,1.29277,1.29288,3.75,2.25
2016.01.27 20:31:43.589,1.29278,1.29284,1.56,1.00
2016.01.27 20:31:43.941,1.29274,1.29278,1.00,1.25
2016.01.27 20:31:43.992,1.29267,1.29277,1.50,1.00
2016.01.27 20:31:44.498,1.29268,1.29278,1.84,2.44
2016.01.27 20:31:44.549,1.29268,1.29278,1.50,5.62
2016.01.27 20:31:45.009,1.29276,1.29283,1.00,3.37
2016.01.27 20:31:45.060,1.29276,1.29283,1.00,1.00
2016.01.27 20:31:45.212,1.29274,1.29283,2.25,1.00
2016.01.27 20:31:45.313,1.29278,1.29284,3.75,1.00
2016.01.27 20:31:45.516,1.2928,1.29288,3.75,1.12
2016.01.27 20:31:45.769,1.29277,1.29288,4.12,1.12
2016.01.27 20:31:46.220,1.29276,1.29287,1.69,1.87
2016.01.27 20:31:46.742,1.29276,1.29287,1.69,2.25
2016.01.27 20:31:47.384,1.29276,1.29287,1.25,1.50
2016.01.27 20:31:47.969,1.29276,1.29286,1.00,7.31
2016.01.27 20:31:48.020,1.29274,1.29284,1.69,1.37
2016.01.27 20:31:48.591,1.29273,1.29283,4.50,1.00
2016.01.27 20:31:49.431,1.29273,1.29282,4.12,1.00
2016.01.27 20:31:49.763,1.29269,1.29278,1.24,1.12
2016.01.27 20:31:51.265,1.29269,1.29278,1.99,1.87
2016.01.27 20:31:51.888,1.29267,1.29279,1.00,3.37
2016.01.27 20:31:52.396,1.29268,1.29277,1.24,3.00
2016.01.27 20:31:53.261,1.29265,1.29275,1.50,1.00
2016.01.27 20:31:53.677,1.29264,1.29275,1.99,1.87
2016.01.27 20:31:54.416,1.29264,1.29274,1.49,1.37
2016.01.27 20:31:55.561,1.29267,1.29274,1.00,1.87
2016.01.27 20:31:56.156,1.29265,1.29274,1.00,1.87
2016.01.27 20:31:57.101,1.29263,1.29274,1.99,2.62
2016.01.27 20:31:57.152,1.29266,1.29274,1.00,2.62
2016.01.27 20:31:57.506,1.29261,1.29272,4.50,1.69
2016.01.27 20:31:57.608,1.29261,1.2927,1.37,1.69
2016.01.27 20:31:57.815,1.29262,1.2927,1.00,1.69
2016.01.27 20:31:58.313,1.29262,1.29268,1.00,4.12
2016.01.27 20:31:58.364,1.29257,1.29267,4.05,1.37
2016.01.27 20:31:58.465,1.29256,1.29265,1.99,1.50
2016.01.27 20:31:59.134,1.29256,1.29265,1.00,1.87
2016.01.27 20:32:00.043,1.29257,1.29267,1.00,2.25
2016.01.27 20:32:00.813,1.29259,1.29267,1.00,3.19
2016.01.27 20:32:01.228,1.29265,1.29269,1.00,2.25
2016.01.27 20:32:01.381,1.29264,1.29271,1.31,1.00
2016.01.27 20:32:01.650,1.29264,1.29273,1.56,2.25
2016.01.27 20:32:02.182,1.29266,1.29273,1.00,1.50
2016.01.27 20:32:02.537,1.29268,1.29275,1.00,1.37
2016.01.27 20:32:02.589,1.29268,1.29276,1.56,2.62
2016.01.27 20:32:02.874,1.29268,1.29278,3.75,1.87
2016.01.27 20:32:02.925,1.29266,1.29278,2.44,2.62
2016.01.27 20:32:03.128,1.29272,1.29278,1.00,1.87
2016.01.27 20:32:03.235,1.29269,1.29278,1.00,3.37
2016.01.27 20:32:03.578,1.29268,1.29277,1.00,2.06
2016.01.27 20:32:03.782,1.29265,1.29274,2.25,1.12
2016.01.27 20:32:04.005,1.29264,1.29272,1.00,1.50
2016.01.27 20:32:04.411,1.2926,1.29271,4.12,1.31
2016.01.27 20:32:04.462,1.2926,1.29271,6.37,1.37
2016.01.27 20:32:04.564,1.29263,1.29271,1.31,1.12
2016.01.27 20:32:05.103,1.29264,1.29271,1.00,1.00
2016.01.27 20:32:05.895,1.29263,1.29273,1.00,3.19
2016.01.27 20:32:06.124,1.2926,1.29273,4.31,3.19
2016.01.27 20:32:06.630,1.29262,1.29273,1.12,1.50
2016.01.27 20:32:06.850,1.29262,1.29273,1.37,2.06
2016.01.27 20:32:07.438,1.29263,1.29273,1.00,2.06
2016.01.27 20:32:07.956,1.29261,1.29273,3.56,1.25
2016.01.27 20:32:08.539,1.29263,1.29273,1.12,1.25
2016.01.27 20:32:10.507,1.29263,1.29273,1.56,1.00
2016.01.27 20:32:10.811,1.29264,1.29273,1.00,4.50
2016.01.27 20:32:11.097,1.29261,1.29269,1.00,2.06
2016.01.27 20:32:11.351,1.29259,1.29268,1.00,1.87
2016.01.27 20:32:11.401,1.29259,1.29268,1.00,5.62
2016.01.27 20:32:11.452,1.29256,1.29267,1.12,1.69
2016.01.27 20:32:11.806,1.29255,1.29266,2.06,3.56
2016.01.27 20:32:12.262,1.29255,1.29263,1.31,1.37
2016.01.27 20:32:12.777,1.29258,1.29264,1.00,2.62
2016.01.27 20:32:13.253,1.29258,1.29266,1.00,1.87
2016.01.27 20:32:13.768,1.29259,1.29265,1.00,1.50
2016.01.27 20:32:13.818,1.29259,1.29265,1.00,3.00
2016.01.27 20:32:14.742,1.29256,1.29264,1.00,1.87
2016.01.27 20:32:15.440,1.29257,1.29264,1.00,2.25
2016.01.27 20:32:15.778,1.29254,1.29264,2.44,1.50
2016.01.27 20:32:16.109,1.29258,1.29265,1.00,3.75
2016.01.27 20:32:16.735,1.29261,1.29265,1.00,1.87
2016.01.27 20:32:17.050,1.29257,1.29265,1.00,1.00
2016.01.27 20:32:17.101,1.29259,1.29265,1.00,1.00
2016.01.27 20:32:17.202,1.29255,1.29268,4.31,2.44
2016.01.27 20:32:17.354,1.29257,1.29267,1.00,1.87
2016.01.27 20:32:17.865,1.29259,1.29266,4.50,2.25
2016.01.27 20:32:18.051,1.29258,1.29266,1.56,1.00
2016.01.27 20:32:18.306,1.2926,1.29269,1.56,1.50
2016.01.27 20:32:18.408,1.2926,1.2927,1.56,2.25
2016.01.27 20:32:18.661,1.29261,1.29272,3.75,2.62
2016.01.27 20:32:19.202,1.29261,1.29271,5.62,1.12
2016.01.27 20:32:19.459,1.29261,1.29273,5.25,1.50
2016.01.27 20:32:19.995,1.29261,1.29273,1.56,1.69
2016.01.27 20:32:20.197,1.29262,1.29273,4.50,1.00
2016.01.27 20:32:20.499,1.29264,1.29276,3.19,6.00
2016.01.27 20:32:20.704,1.29265,1.29276,3.94,3.00
2016.01.27 20:32:21.211,1.29267,1.29277,1.31,1.00
2016.01.27 20:32:21.718,1.29266,1.29278,1.56,3.94
2016.01.27 20:32:22.429,1.29265,1.29278,6.00,3.56
2016.01.27 20:32:23.133,1.29265,1.29276,4.12,1.87
2016.01.27 20:32:25.624,1.29267,1.29275,3.75,1.50
2016.01.27 20:32:26.356,1.29266,1.29276,1.00,1.25
2016.01.27 20:32:26.458,1.29265,1.29275,1.31,1.37
2016.01.27 20:32:26.830,1.29263,1.29272,1.69,1.50
2016.01.27 20:32:27.135,1.29263,1.2927,1.25,1.50
2016.01.27 20:32:27.490,1.29263,1.29272,1.25,1.00
2016.01.27 20:32:27.890,1.29261,1.2927,3.00,1.56
2016.01.27 20:32:28.147,1.29261,1.29269,1.00,2.44
2016.01.27 20:32:28.410,1.29258,1.29264,3.75,1.00
2016.01.27 20:32:28.461,1.29256,1.29264,1.00,1.12
2016.01.27 20:32:28.664,1.29255,1.29262,3.75,1.87
2016.01.27 20:32:29.666,1.29254,1.29263,3.52,1.87
2016.01.27 20:32:29.768,1.29252,1.29263,5.40,1.37
2016.01.27 20:32:30.224,1.29253,1.29264,1.09,2.06
2016.01.27 20:32:30.458,1.29252,1.29262,1.84,1.00
2016.01.27 20:32:31.326,1.29253,1.29263,1.09,2.25
2016.01.27 20:32:31.675,1.29254,1.29264,1.34,1.00
2016.01.27 20:32:32.337,1.29256,1.29264,1.12,1.12
2016.01.27 20:32:32.873,1.29255,1.29263,3.52,1.00
2016.01.27 20:32:33.177,1.29258,1.29266,1.34,1.12
2016.01.27 20:32:33.824,1.29259,1.29268,1.34,1.00
2016.01.27 20:32:34.027,1.29258,1.29268,1.00,1.12
2016.01.27 20:32:34.078,1.29258,1.29268,1.00,1.50
2016.01.27 20:32:34.584,1.29256,1.29266,1.34,3.00
2016.01.27 20:32:35.380,1.29256,1.29266,1.34,2.62
2016.01.27 20:32:35.882,1.29256,1.29265,1.34,1.00
2016.01.27 20:32:36.504,1.29257,1.29266,1.09,1.12
2016.01.27 20:32:37.010,1.29258,1.29265,1.09,1.87
2016.01.27 20:32:37.418,1.29258,1.29268,3.34,1.00
2016.01.27 20:32:37.571,1.2926,1.29269,1.00,1.12
2016.01.27 20:32:37.877,1.29256,1.29263,1.00,1.37
2016.01.27 20:32:37.980,1.29253,1.29263,1.37,1.87
2016.01.27 20:32:38.740,1.29255,1.29265,1.00,3.94
2016.01.27 20:32:38.791,1.29255,1.29265,1.00,3.94
2016.01.27 20:32:39.715,1.29255,1.29266,1.87,2.81
2016.01.27 20:32:40.023,1.29254,1.29264,2.62,1.69
2016.01.27 20:32:40.326,1.29254,1.29261,1.00,3.75
2016.01.27 20:32:40.529,1.29251,1.2926,1.12,1.56
2016.01.27 20:32:40.828,1.29253,1.29263,1.00,3.37
2016.01.27 20:32:40.879,1.29253,1.29263,4.50,3.00
2016.01.27 20:32:41.385,1.29255,1.29265,1.25,1.50
2016.01.27 20:32:41.919,1.29254,1.29264,2.25,1.00
2016.01.27 20:32:42.434,1.29254,1.29264,2.62,1.00
2016.01.27 20:32:43.140,1.29253,1.29265,3.37,2.44
2016.01.27 20:32:43.667,1.29254,1.29264,2.25,1.05
2016.01.27 20:32:43.920,1.29256,1.29264,1.50,1.05
2016.01.27 20:32:44.439,1.29257,1.29269,1.87,5.10
2016.01.27 20:32:44.642,1.29257,1.29267,1.50,1.05
2016.01.27 20:32:44.997,1.29258,1.2927,1.69,4.54
2016.01.27 20:32:45.554,1.29258,1.29269,2.44,4.91
2016.01.27 20:32:46.026,1.29258,1.29265,2.44,1.00
2016.01.27 20:32:46.077,1.29258,1.29269,2.44,6.04
2016.01.27 20:32:46.281,1.29259,1.29269,1.87,1.91
2016.01.27 20:32:46.913,1.29259,1.29269,1.87,1.42
2016.01.27 20:32:47.224,1.29257,1.29263,1.00,1.41
2016.01.27 20:32:47.326,1.29254,1.29261,1.00,1.00
2016.01.27 20:32:47.427,1.29252,1.2926,1.00,1.00
2016.01.27 20:32:48.008,1.29251,1.29262,1.25,1.16
2016.01.27 20:32:48.120,1.29251,1.2926,1.69,1.00
2016.01.27 20:32:48.672,1.29249,1.2926,2.06,1.54
2016.01.27 20:32:49.185,1.29247,1.29258,2.06,2.62
2016.01.27 20:32:49.701,1.29249,1.29259,2.62,1.16
2016.01.27 20:32:50.653,1.29247,1.29257,2.06,1.05
2016.01.27 20:32:51.109,1.29249,1.29259,1.25,2.66
2016.01.27 20:32:51.413,1.29252,1.29259,1.00,1.50
2016.01.27 20:32:51.626,1.2925,1.2926,1.50,1.50
2016.01.27 20:32:52.089,1.29252,1.29259,1.00,1.05
2016.01.27 20:32:52.292,1.29252,1.29262,1.12,1.00
2016.01.27 20:32:52.634,1.29255,1.29266,2.81,2.29
2016.01.27 20:32:52.736,1.29255,1.29266,3.19,1.91
2016.01.27 20:32:53.272,1.29257,1.29267,1.87,1.91
2016.01.27 20:32:53.909,1.29257,1.29268,2.44,1.31
2016.01.27 20:32:54.441,1.29256,1.29268,2.44,1.94
2016.01.27 20:32:55.060,1.29259,1.29268,1.00,1.31
2016.01.27 20:32:55.627,1.29259,1.29268,1.37,1.31
2016.01.27 20:32:56.152,1.29259,1.29269,1.12,6.37
2016.01.27 20:32:56.661,1.29258,1.29269,3.00,5.25
2016.01.27 20:32:56.814,1.29257,1.29267,3.00,1.62
2016.01.27 20:32:57.168,1.29259,1.29267,3.75,2.25
2016.01.27 20:32:57.269,1.29258,1.29268,2.44,3.37
2016.01.27 20:32:57.704,1.29262,1.29268,1.00,1.87
2016.01.27 20:32:57.755,1.29262,1.29272,1.87,2.06
2016.01.27 20:32:58.364,1.29261,1.2927,1.87,3.75
2016.01.27 20:32:58.766,1.2926,1.2927,2.06,2.06
2016.01.27 20:32:58.919,1.29261,1.2927,2.06,1.50
2016.01.27 20:32:59.022,1.29261,1.29273,1.56,2.44
2016.01.27 20:32:59.327,1.29265,1.29275,4.12,3.00
2016.01.27 20:32:59.481,1.29266,1.29279,2.44,8.62
2016.01.27 20:32:59.850,1.29265,1.29274,1.00,1.69
2016.01.27 20:33:00.105,1.29263,1.29272,2.06,1.00
2016.01.27 20:33:00.308,1.29265,1.29274,1.00,1.50
2016.01.27 20:33:00.946,1.29265,1.29276,6.19,1.37
2016.01.27 20:33:00.999,1.29265,1.29276,4.12,1.00
2016.01.27 20:33:01.454,1.29266,1.29274,1.00,1.00
2016.01.27 20:33:01.505,1.29263,1.29274,4.31,2.25
2016.01.27 20:33:01.657,1.29262,1.2927,2.62,1.00
2016.01.27 20:33:02.187,1.2926,1.2927,1.00,1.87
2016.01.27 20:33:02.748,1.2926,1.2927,3.00,4.12
2016.01.27 20:33:03.273,1.29258,1.29269,3.94,1.50
2016.01.27 20:33:03.425,1.29258,1.29267,1.00,1.25
2016.01.27 20:33:03.628,1.29254,1.29266,1.56,1.37
2016.01.27 20:33:04.032,1.29255,1.29267,2.06,2.44
2016.01.27 20:33:04.489,1.29256,1.29267,2.44,2.25
2016.01.27 20:33:04.796,1.29255,1.29263,1.56,1.00
2016.01.27 20:33:04.847,1.29255,1.29263,1.00,1.00
2016.01.27 20:33:05.489,1.29254,1.29263,1.31,1.87
2016.01.27 20:33:05.540,1.29252,1.29263,2.44,1.87
2016.01.27 20:33:06.058,1.29254,1.29264,3.75,1.50
2016.01.27 20:33:06.451,1.29254,1.29266,5.62,1.87
2016.01.27 20:33:06.816,1.29258,1.29266,1.00,1.87
2016.01.27 20:33:07.280,1.29258,1.29264,1.00,1.00
2016.01.27 20:33:07.824,1.29258,1.29264,1.00,1.37
2016.01.27 20:33:08.345,1.29258,1.29264,1.00,1.12
2016.01.27 20:33:08.960,1.29257,1.29264,1.00,1.00
2016.01.27 20:33:09.263,1.29256,1.29262,1.31,1.12
2016.01.27 20:33:09.768,1.29256,1.29263,1.31,2.62
2016.01.27 20:33:10.097,1.29252,1.29261,2.06,1.37
2016.01.27 20:33:10.502,1.29251,1.29261,2.06,1.37
2016.01.27 20:33:11.335,1.29251,1.2926,1.00,4.87
2016.01.27 20:33:11.898,1.2925,1.29261,2.44,1.69
2016.01.27 20:33:12.001,1.29252,1.29262,1.00,5.62
2016.01.27 20:33:12.640,1.29252,1.2926,1.12,3.75
2016.01.27 20:33:12.792,1.2925,1.29261,2.81,2.44
2016.01.27 20:33:13.199,1.2925,1.2926,1.25,3.19
2016.01.27 20:33:13.744,1.29249,1.29258,3.75,1.87
2016.01.27 20:33:14.001,1.29249,1.29258,1.12,1.87
2016.01.27 20:33:14.264,1.29252,1.29259,1.69,1.00
2016.01.27 20:33:14.814,1.29251,1.2926,1.69,1.12
2016.01.27 20:33:15.117,1.29254,1.29261,1.31,1.87
2016.01.27 20:33:15.656,1.29252,1.29262,1.37,1.69
2016.01.27 20:33:15.960,1.29256,1.2926,4.50,1.50
2016.01.27 20:33:16.265,1.29256,1.2926,1.00,1.50
2016.01.27 20:33:16.650,1.29254,1.29258,1.56,1.12
2016.01.27 20:33:17.010,1.29254,1.29256,1.00,1.00
2016.01.27 20:33:17.365,1.29251,1.29256,1.00,1.50
2016.01.27 20:33:17.856,1.29249,1.29254,1.00,1.50
2016.01.27 20:33:18.163,1.29252,1.29256,1.00,1.00
2016.01.27 20:33:18.215,1.29252,1.29258,1.00,1.50
2016.01.27 20:33:18.621,1.29251,1.29255,1.00,1.00
2016.01.27 20:33:18.918,1.29248,1.29255,1.12,4.12
2016.01.27 20:33:19.802,1.29247,1.29256,2.81,1.00
2016.01.27 20:33:20.302,1.29247,1.29257,1.69,1.87
2016.01.27 20:33:20.804,1.29248,1.29255,1.00,2.62
2016.01.27 20:33:21.339,1.29247,1.29255,2.44,1.37
2016.01.27 20:33:21.405,1.29247,1.29257,1.69,3.37
2016.01.27 20:33:21.913,1.29247,1.29253,1.00,1.00
2016.01.27 20:33:22.388,1.2925,1.29252,1.00,1.00
2016.01.27 20:33:22.439,1.29251,1.29256,1.00,1.87
2016.01.27 20:33:22.693,1.29252,1.29258,1.00,1.87
2016.01.27 20:33:22.794,1.29248,1.29258,1.50,1.69
2016.01.27 20:33:22.947,1.29248,1.29257,1.50,1.94
2016.01.27 20:33:23.495,1.29249,1.29255,1.00,1.12
2016.01.27 20:33:23.647,1.29246,1.29255,1.00,1.87
2016.01.27 20:33:24.324,1.29248,1.29256,1.00,3.00
2016.01.27 20:33:24.868,1.29249,1.29256,1.00,1.50
2016.01.27 20:33:26.313,1.29251,1.29257,1.00,1.12
2016.01.27 20:33:26.721,1.29252,1.29259,1.30,1.12
2016.01.27 20:33:26.873,1.29255,1.29261,1.00,1.87
2016.01.27 20:33:27.155,1.29252,1.29261,1.00,1.87
2016.01.27 20:33:27.511,1.29254,1.29263,1.00,3.94
2016.01.27 20:33:27.817,1.29254,1.29259,1.00,1.50
2016.01.27 20:33:27.969,1.29251,1.29259,1.00,1.50
2016.01.27 20:33:28.070,1.29255,1.29259,1.00,1.00
2016.01.27 20:33:28.380,1.29252,1.29261,1.00,1.87
2016.01.27 20:33:29.740,1.29253,1.29262,1.24,3.37
2016.01.27 20:33:30.246,1.29254,1.29263,1.00,1.50
2016.01.27 20:33:30.754,1.29254,1.29263,1.00,1.87
2016.01.27 20:33:31.290,1.29254,1.29263,1.00,2.25
2016.01.27 20:33:31.644,1.29254,1.29261,1.00,1.12
2016.01.27 20:33:32.445,1.29255,1.29261,1.24,1.00
2016.01.27 20:33:32.805,1.29253,1.29263,1.62,2.06
2016.01.27 20:33:32.958,1.29254,1.29261,1.87,1.00
2016.01.27 20:33:33.262,1.29256,1.29262,1.37,1.00
2016.01.27 20:33:33.498,1.29256,1.29265,1.12,2.44
2016.01.27 20:33:33.971,1.29258,1.29264,1.00,1.87
2016.01.27 20:33:34.275,1.2926,1.29265,1.00,1.87
2016.01.27 20:33:34.858,1.2926,1.29265,1.99,1.00
2016.01.27 20:33:35.383,1.2926,1.29265,1.99,1.37
2016.01.27 20:33:35.737,1.29263,1.29268,1.00,1.87
2016.01.27 20:33:35.986,1.29266,1.29269,1.00,1.37
2016.01.27 20:33:36.038,1.29266,1.29271,1.00,1.56
2016.01.27 20:33:36.557,1.29267,1.29274,1.00,4.87
2016.01.27 20:33:37.169,1.29268,1.29275,1.00,6.75
2016.01.27 20:33:39.754,1.29268,1.29274,1.00,2.06
2016.01.27 20:33:40.368,1.29269,1.29274,1.00,2.44
2016.01.27 20:33:41.071,1.29267,1.29275,1.00,1.25
2016.01.27 20:33:41.579,1.29266,1.29275,1.00,1.69
2016.01.27 20:33:42.205,1.29265,1.29272,1.50,3.37
2016.01.27 20:33:42.257,1.29262,1.29272,1.50,4.50
2016.01.27 20:33:42.766,1.29262,1.2927,1.37,1.31
2016.01.27 20:33:43.463,1.29265,1.29276,2.81,1.56
2016.01.27 20:33:43.968,1.29266,1.29276,1.12,1.31
2016.01.27 20:33:44.271,1.29269,1.29276,1.00,1.37
2016.01.27 20:33:44.784,1.29268,1.29276,1.00,1.12
2016.01.27 20:33:45.100,1.2927,1.29277,1.00,1.25
2016.01.27 20:33:45.671,1.29269,1.29277,1.00,1.56
2016.01.27 20:33:46.146,1.29267,1.29277,1.50,1.37
2016.01.27 20:33:46.299,1.29265,1.29274,2.10,1.37
2016.01.27 20:33:47.034,1.29265,1.29272,1.30,1.12
2016.01.27 20:33:47.552,1.29264,1.29271,1.37,1.87
2016.01.27 20:33:48.758,1.29264,1.29271,1.00,1.87
2016.01.27 20:33:49.432,1.29262,1.2927,2.10,1.00
2016.01.27 20:33:49.860,1.29264,1.29272,1.30,1.12
2016.01.27 20:33:50.163,1.29266,1.29273,1.30,1.87
2016.01.27 20:33:50.744,1.29266,1.29272,1.00,1.00
2016.01.27 20:33:51.276,1.29264,1.29272,1.72,1.12
2016.01.27 20:33:51.872,1.29265,1.29274,1.72,2.62
2016.01.27 20:33:52.782,1.29267,1.29275,1.00,3.37
2016.01.27 20:33:53.269,1.29269,1.29275,1.00,1.12
2016.01.27 20:33:53.370,1.29265,1.29275,2.10,1.12
2016.01.27 20:33:53.472,1.29268,1.29275,1.00,1.87
2016.01.27 20:33:53.777,1.29266,1.29275,1.30,1.87
2016.01.27 20:33:54.030,1.29267,1.29276,3.41,1.87
2016.01.27 20:33:54.471,1.29269,1.29276,3.41,1.87
2016.01.27 20:33:54.674,1.29268,1.29276,3.41,1.50
2016.01.27 20:33:54.878,1.29266,1.29276,3.56,1.50
2016.01.27 20:33:55.233,1.29265,1.29275,3.37,4.12
2016.01.27 20:33:55.585,1.29265,1.29275,1.37,1.87
2016.01.27 20:33:56.094,1.29265,1.29274,1.50,1.25
2016.01.27 20:33:56.609,1.29266,1.29274,1.00,1.05
2016.01.27 20:33:56.945,1.29265,1.29274,2.62,3.60
2016.01.27 20:33:57.358,1.29262,1.29274,3.00,4.72
2016.01.27 20:33:57.763,1.29262,1.29273,2.81,2.29
2016.01.27 20:33:58.299,1.29263,1.29272,1.12,1.05
2016.01.27 20:33:58.552,1.29265,1.29273,1.00,1.41
2016.01.27 20:33:59.059,1.29265,1.29275,2.06,2.66
2016.01.27 20:33:59.429,1.29265,1.29271,2.81,1.00
2016.01.27 20:33:59.531,1.29263,1.29271,1.31,4.87
2016.01.27 20:33:59.582,1.29263,1.29266,1.00,1.00
2016.01.27 20:33:59.684,1.29261,1.29267,1.00,1.12
2016.01.27 20:33:59.888,1.29257,1.29267,2.62,2.62
2016.01.27 20:34:00.505,1.29259,1.29266,1.00,1.12
2016.01.27 20:34:00.558,1.29257,1.29266,1.50,1.00
2016.01.27 20:34:00.762,1.2926,1.29267,1.00,1.37
2016.01.27 20:34:01.232,1.2926,1.29268,1.00,1.50
2016.01.27 20:34:01.334,1.29262,1.29269,1.00,1.91
2016.01.27 20:34:02.058,1.29262,1.2927,1.69,1.00
2016.01.27 20:34:02.312,1.29263,1.29272,1.31,1.87
2016.01.27 20:34:02.464,1.29265,1.29272,1.00,1.87
2016.01.27 20:34:02.719,1.29265,1.29274,1.00,1.00
2016.01.27 20:34:03.023,1.29267,1.29274,1.31,1.50
2016.01.27 20:34:03.268,1.29263,1.29271,1.66,1.12
2016.01.27 20:34:04.230,1.29262,1.29271,1.21,1.00
2016.01.27 20:34:04.923,1.29262,1.29272,1.66,1.69
2016.01.27 20:34:05.430,1.29264,1.29271,1.00,1.12
2016.01.27 20:34:06.125,1.29263,1.29271,1.28,1.37
2016.01.27 20:34:06.630,1.29262,1.29271,1.66,1.12
2016.01.27 20:34:06.731,1.29261,1.29271,2.41,1.31
2016.01.27 20:34:07.246,1.29262,1.29271,1.21,1.87
2016.01.27 20:34:07.399,1.29263,1.29271,3.72,1.87
2016.01.27 20:34:07.755,1.29265,1.29271,4.47,1.87
2016.01.27 20:34:07.856,1.29265,1.29271,1.50,2.06
2016.01.27 20:34:07.907,1.29262,1.29271,1.00,2.06
2016.01.27 20:34:08.409,1.29263,1.29269,1.00,1.50
2016.01.27 20:34:08.561,1.29263,1.29271,1.00,1.87
2016.01.27 20:34:09.106,1.29263,1.29271,1.00,1.87
2016.01.27 20:34:10.370,1.29261,1.2927,1.53,1.87
2016.01.27 20:34:10.792,1.29262,1.2927,3.72,1.87
2016.01.27 20:34:11.097,1.29265,1.29269,1.00,1.87
2016.01.27 20:34:11.250,1.29262,1.29269,1.28,1.87
2016.01.27 20:34:11.773,1.29262,1.29269,1.28,1.50
2016.01.27 20:34:12.180,1.29262,1.29271,1.66,3.00
2016.01.27 20:34:12.578,1.29262,1.29271,4.47,2.25
2016.01.27 20:34:12.781,1.29262,1.29271,1.12,1.12
2016.01.27 20:34:13.316,1.29262,1.29272,1.87,1.12
2016.01.27 20:34:13.927,1.29262,1.29272,1.26,1.37
2016.01.27 20:34:14.608,1.29262,1.29272,1.26,1.12
2016.01.27 20:34:14.924,1.29261,1.2927,1.87,1.50
2016.01.27 20:34:15.512,1.29259,1.29269,2.62,1.00
2016.01.27 20:34:15.867,1.2926,1.29267,1.00,3.00
2016.01.27 20:34:16.176,1.29261,1.2927,5.20,1.50
2016.01.27 20:34:16.643,1.29261,1.2927,1.00,2.25
2016.01.27 20:34:16.703,1.29259,1.2927,1.63,2.25
2016.01.27 20:34:17.941,1.29259,1.2927,3.13,1.87
2016.01.27 20:34:17.992,1.29263,1.2927,1.00,1.87
2016.01.27 20:34:18.450,1.29261,1.29273,5.38,2.25
2016.01.27 20:34:19.001,1.29264,1.29275,3.88,2.62
2016.01.27 20:34:19.052,1.29265,1.29275,5.20,2.62
2016.01.27 20:34:20.145,1.29265,1.29274,4.82,1.00
2016.01.27 20:34:20.393,1.29262,1.29271,1.12,3.45
2016.01.27 20:34:20.495,1.29262,1.2927,1.12,1.87
2016.01.27 20:34:20.752,1.2926,1.29268,1.00,1.87
2016.01.27 20:34:21.488,1.2926,1.29264,1.00,3.07
2016.01.27 20:34:21.539,1.29258,1.29264,2.62,3.07
2016.01.27 20:34:22.047,1.29256,1.29264,1.00,3.07
2016.01.27 20:34:22.588,1.29256,1.29264,1.00,3.75
2016.01.27 20:34:23.130,1.29255,1.29264,1.50,3.75
2016.01.27 20:34:23.662,1.29255,1.29264,1.50,4.50
2016.01.27 20:34:24.210,1.29255,1.29264,1.50,1.56
2016.01.27 20:34:24.569,1.29253,1.2926,1.87,3.75
2016.01.27 20:34:24.621,1.29252,1.2926,2.32,3.75
2016.01.27 20:34:24.672,1.29252,1.29258,1.50,4.50
2016.01.27 20:34:24.825,1.2925,1.29255,1.50,1.00
2016.01.27 20:34:25.112,1.29252,1.29258,1.00,1.87
2016.01.27 20:34:25.163,1.29252,1.2926,1.00,3.00
2016.01.27 20:34:25.366,1.29252,1.29261,1.12,1.00
2016.01.27 20:34:25.569,1.29251,1.29259,1.25,1.00
2016.01.27 20:34:25.873,1.29252,1.29259,1.00,3.75
2016.01.27 20:34:25.924,1.29249,1.29259,5.62,3.75
2016.01.27 20:34:26.119,1.29249,1.29259,3.37,1.69
2016.01.27 20:34:26.636,1.29248,1.29258,2.06,1.87
2016.01.27 20:34:27.790,1.29249,1.29259,1.31,1.87
2016.01.27 20:34:27.992,1.29251,1.2926,1.00,1.69
2016.01.27 20:34:28.194,1.2925,1.29261,4.31,1.50
2016.01.27 20:34:28.695,1.2925,1.29261,2.81,1.87
2016.01.27 20:34:28.747,1.2925,1.29258,2.25,1.00
2016.01.27 20:34:29.255,1.29248,1.29259,3.37,4.87
2016.01.27 20:34:29.694,1.29247,1.29252,1.12,3.75
2016.01.27 20:34:29.745,1.29244,1.29254,2.25,4.50
2016.01.27 20:34:29.948,1.29247,1.29254,1.50,3.75
2016.01.27 20:34:30.100,1.29246,1.29256,1.12,2.81
2016.01.27 20:34:30.924,1.29246,1.29257,1.12,3.19
2016.01.27 20:34:31.240,1.29247,1.29257,1.37,2.44
2016.01.27 20:34:31.750,1.29247,1.29257,1.12,1.25
2016.01.27 20:34:32.534,1.29247,1.29259,1.12,8.62
2016.01.27 20:34:32.839,1.29245,1.29254,1.87,1.56
2016.01.27 20:34:32.940,1.29245,1.29254,1.12,1.56
2016.01.27 20:34:33.442,1.29243,1.29255,1.50,8.62
2016.01.27 20:34:33.857,1.29242,1.29253,1.87,1.25
2016.01.27 20:34:34.010,1.29242,1.29253,1.50,4.12
2016.01.27 20:34:34.364,1.29241,1.29251,4.12,3.75
2016.01.27 20:34:34.555,1.29242,1.29251,1.12,1.25
2016.01.27 20:34:34.809,1.29241,1.2925,1.50,3.94
2016.01.27 20:34:35.164,1.29238,1.29249,1.12,2.06
2016.01.27 20:34:35.690,1.29237,1.29248,5.44,1.25
2016.01.27 20:34:35.911,1.29241,1.29249,1.00,1.50
2016.01.27 20:34:36.215,1.29242,1.29251,1.25,1.12
2016.01.27 20:34:36.750,1.29242,1.29253,1.69,6.37
2016.01.27 20:34:36.902,1.29242,1.29252,1.12,2.06
2016.01.27 20:34:37.408,1.2924,1.29251,1.00,1.31
2016.01.27 20:34:37.975,1.2924,1.29251,1.50,2.44
2016.01.27 20:34:38.672,1.29241,1.29251,2.44,1.37
2016.01.27 20:34:39.362,1.29249,1.29252,1.00,1.50
2016.01.27 20:34:39.414,1.29249,1.29256,1.00,2.25
2016.01.27 20:34:39.516,1.29249,1.29258,1.00,1.37
2016.01.27 20:34:39.824,1.29248,1.29259,1.00,4.87
2016.01.27 20:34:39.876,1.29252,1.29259,1.00,4.12
2016.01.27 20:34:40.131,1.29247,1.29258,3.00,1.69
2016.01.27 20:34:40.518,1.29246,1.29258,2.44,5.81
2016.01.27 20:34:40.810,1.29246,1.29255,1.12,3.75
2016.01.27 20:34:41.168,1.29245,1.29255,3.19,1.25
2016.01.27 20:34:41.320,1.29246,1.29257,1.56,2.44
2016.01.27 20:34:41.650,1.2925,1.29258,1.00,2.25
2016.01.27 20:34:42.005,1.29251,1.2926,2.81,1.00
2016.01.27 20:34:42.056,1.29254,1.29262,1.25,1.00
2016.01.27 20:34:42.259,1.29254,1.29264,2.81,1.25
2016.01.27 20:34:42.360,1.29255,1.29264,2.62,1.25
2016.01.27 20:34:42.909,1.29253,1.29264,2.62,1.56
2016.01.27 20:34:43.213,1.29253,1.29262,2.25,3.75
2016.01.27 20:34:43.711,1.29253,1.29254,1.12,2.25
2016.01.27 20:34:43.863,1.29242,1.29249,2.25,3.75
2016.01.27 20:34:43.914,1.29242,1.29244,1.00,1.00
2016.01.27 20:34:44.016,1.29239,1.29245,2.25,1.00
2016.01.27 20:34:44.067,1.29235,1.29245,1.50,1.69
2016.01.27 20:34:44.269,1.29234,1.29244,1.37,3.56
2016.01.27 20:34:44.880,1.29235,1.29243,1.00,2.44
2016.01.27 20:34:44.931,1.29231,1.29243,1.50,2.44
2016.01.27 20:34:45.391,1.29233,1.29242,1.00,1.25
2016.01.27 20:34:45.903,1.29232,1.29244,4.31,1.69
2016.01.27 20:34:46.729,1.29234,1.29243,1.50,1.25
2016.01.27 20:34:46.982,1.29239,1.29249,1.25,1.12
2016.01.27 20:34:47.033,1.2924,1.29249,1.12,3.75
2016.01.27 20:34:47.338,1.29238,1.29243,1.50,3.75
2016.01.27 20:34:47.442,1.29234,1.29243,2.25,4.12
2016.01.27 20:34:47.945,1.29233,1.29243,3.00,4.12
2016.01.27 20:34:48.248,1.29233,1.29245,1.87,3.94
2016.01.27 20:34:48.560,1.29234,1.29245,2.06,2.06
2016.01.27 20:34:48.813,1.29236,1.29245,1.12,1.25
2016.01.27 20:34:49.219,1.29237,1.29248,8.25,1.37
2016.01.27 20:34:49.270,1.29237,1.29248,8.62,1.00
2016.01.27 20:34:49.663,1.29238,1.29247,1.87,1.69
2016.01.27 20:34:49.718,1.29236,1.29247,1.87,4.50
2016.01.27 20:34:49.972,1.29235,1.29245,3.00,3.75
2016.01.27 20:34:50.074,1.29235,1.29246,2.25,1.25
2016.01.27 20:34:50.226,1.29235,1.29247,3.00,5.25
2016.01.27 20:34:50.731,1.29236,1.29246,1.50,1.56
2016.01.27 20:34:51.504,1.29236,1.29246,1.50,1.69
2016.01.27 20:34:52.021,1.29235,1.29246,3.00,4.87
2016.01.27 20:34:52.562,1.29236,1.29246,1.87,3.75
2016.01.27 20:34:53.663,1.29236,1.29246,1.87,3.75
2016.01.27 20:34:53.898,1.29236,1.29245,3.37,3.75
2016.01.27 20:34:54.411,1.29233,1.29241,1.31,1.00
2016.01.27 20:34:54.513,1.29232,1.29238,1.56,1.00
2016.01.27 20:34:54.665,1.29231,1.29242,2.06,2.62
2016.01.27 20:34:54.869,1.29231,1.29242,1.25,3.37
2016.01.27 20:34:55.436,1.29231,1.29242,1.31,2.25
2016.01.27 20:34:55.588,1.2923,1.29243,6.37,3.75
2016.01.27 20:34:56.128,1.2923,1.29243,7.12,3.00
2016.01.27 20:34:56.827,1.29232,1.29243,1.69,2.62
2016.01.27 20:34:57.433,1.29233,1.29244,1.56,1.50
2016.01.27 20:34:57.785,1.29234,1.29244,1.56,1.00
2016.01.27 20:34:58.090,1.29237,1.29245,4.50,1.12
2016.01.27 20:34:58.393,1.29239,1.29249,3.75,1.12
2016.01.27 20:34:58.941,1.29239,1.29248,3.75,1.87
2016.01.27 20:34:58.993,1.29238,1.29248,1.56,3.37
2016.01.27 20:34:59.044,1.29238,1.29248,1.56,3.00
2016.01.27 20:34:59.096,1.29238,1.29247,1.00,1.37
2016.01.27 20:34:59.350,1.29234,1.29245,5.62,1.12
2016.01.27 20:34:59.553,1.29233,1.29244,2.05,1.87
2016.01.27 20:34:59.604,1.29233,1.29241,1.30,1.00
2016.01.27 20:35:00.416,1.2923,1.2924,1.67,1.00
2016.01.27 20:35:01.006,1.2923,1.29241,1.30,2.62
2016.01.27 20:35:01.530,1.2923,1.2924,1.55,1.10
2016.01.27 20:35:02.694,1.2923,1.2924,2.62,1.31
2016.01.27 20:35:03.196,1.2923,1.2924,1.37,1.31
2016.01.27 20:35:03.702,1.29231,1.2924,1.37,1.00
2016.01.27 20:35:03.937,1.29231,1.29244,3.17,3.94
2016.01.27 20:35:04.089,1.29233,1.29244,1.37,2.06
2016.01.27 20:35:04.393,1.29237,1.29247,1.87,1.31
2016.01.27 20:35:04.957,1.2924,1.29246,1.00,3.37
2016.01.27 20:35:05.110,1.29235,1.29243,1.12,3.37
2016.01.27 20:35:05.313,1.29233,1.29242,1.50,3.37
2016.01.27 20:35:06.002,1.29232,1.29242,2.25,3.37
2016.01.27 20:35:07.057,1.29232,1.29243,1.87,3.37
2016.01.27 20:35:07.592,1.29233,1.29243,1.50,3.37
2016.01.27 20:35:07.693,1.29234,1.29244,1.00,1.69
2016.01.27 20:35:07.997,1.29232,1.29243,1.00,1.69
2016.01.27 20:35:08.150,1.29233,1.29242,1.00,4.12
2016.01.27 20:35:08.538,1.29235,1.29243,1.00,3.75
2016.01.27 20:35:08.589,1.29235,1.29245,1.00,1.69
2016.01.27 20:35:09.098,1.29233,1.29244,1.87,6.00
2016.01.27 20:35:09.750,1.29233,1.2924,1.87,1.00
2016.01.27 20:35:09.802,1.29233,1.29244,1.12,1.69
2016.01.27 20:35:09.906,1.29233,1.29243,1.87,3.37
2016.01.27 20:35:10.279,1.29236,1.29243,1.00,3.37
2016.01.27 20:35:10.330,1.29236,1.29245,1.00,1.12
2016.01.27 20:35:10.876,1.29236,1.29247,1.87,4.12
2016.01.27 20:35:11.028,1.29237,1.29248,1.50,2.44
2016.01.27 20:35:11.569,1.29236,1.29246,1.50,1.31
2016.01.27 20:35:12.103,1.29236,1.29245,1.00,1.69
2016.01.27 20:35:12.625,1.29235,1.29246,3.19,1.12
2016.01.27 20:35:12.928,1.29235,1.29245,5.44,1.00
2016.01.27 20:35:13.417,1.29235,1.29246,1.87,1.25
2016.01.27 20:35:13.872,1.29237,1.29245,3.75,1.00
2016.01.27 20:35:13.923,1.29237,1.29248,3.75,1.12
2016.01.27 20:35:14.532,1.2924,1.29249,1.56,1.00
2016.01.27 20:35:14.584,1.29238,1.29249,1.69,1.37
2016.01.27 20:35:15.236,1.29239,1.2925,1.31,2.62
2016.01.27 20:35:15.687,1.29238,1.29249,2.06,1.37
2016.01.27 20:35:16.176,1.29239,1.29248,3.75,1.87
2016.01.27 20:35:16.328,1.2924,1.29251,3.56,2.25
2016.01.27 20:35:16.605,1.29241,1.29244,1.87,1.12
2016.01.27 20:35:16.707,1.29235,1.2924,1.12,1.00
2016.01.27 20:35:16.759,1.29233,1.29239,1.00,1.66
2016.01.27 20:35:17.064,1.29216,1.29219,2.25,3.75
2016.01.27 20:35:17.167,1.29216,1.29218,1.00,1.56
2016.01.27 20:35:17.415,1.29212,1.29217,1.00,3.19
2016.01.27 20:35:17.578,1.29207,1.29217,1.87,2.81
2016.01.27 20:35:17.630,1.2921,1.29216,3.00,1.00
2016.01.27 20:35:17.732,1.29214,1.29221,1.00,1.50
2016.01.27 20:35:18.353,1.29214,1.29223,1.12,3.75
2016.01.27 20:35:18.404,1.29213,1.29224,4.12,1.00
2016.01.27 20:35:18.608,1.29216,1.29226,1.87,1.50
2016.01.27 20:35:18.761,1.29217,1.29229,1.37,2.06
2016.01.27 20:35:19.402,1.29226,1.2923,1.00,1.50
2016.01.27 20:35:19.504,1.29227,1.29232,3.37,1.10
2016.01.27 20:35:19.555,1.29231,1.29235,1.00,2.25
2016.01.27 20:35:19.707,1.29234,1.2924,3.75,2.62
2016.01.27 20:35:19.808,1.29234,1.29243,4.50,1.75
2016.01.27 20:35:19.910,1.29235,1.29244,1.00,1.87
2016.01.27 20:35:20.444,1.29234,1.2924,1.00,1.00
2016.01.27 20:35:20.801,1.29232,1.2924,1.00,1.12
2016.01.27 20:35:20.852,1.29231,1.29236,3.00,1.00
2016.01.27 20:35:21.164,1.29229,1.29235,1.12,1.00
2016.01.27 20:35:21.757,1.29232,1.29238,3.00,1.12
2016.01.27 20:35:21.859,1.29232,1.2924,3.00,1.50
2016.01.27 20:35:22.797,1.29233,1.2924,3.00,1.12
2016.01.27 20:35:23.544,1.2923,1.2924,3.37,3.00
2016.01.27 20:35:24.108,1.2923,1.29241,4.50,1.50
2016.01.27 20:35:24.611,1.29228,1.2924,7.87,1.12
2016.01.27 20:35:25.117,1.29231,1.29241,3.75,1.00
2016.01.27 20:35:25.343,1.29233,1.29241,3.00,1.50
2016.01.27 20:35:25.962,1.29233,1.2924,3.00,1.00
2016.01.27 20:35:26.165,1.29233,1.29244,3.00,2.25
2016.01.27 20:35:26.216,1.29236,1.29244,3.00,2.25
2016.01.27 20:35:26.624,1.29237,1.29246,3.52,1.87
2016.01.27 20:35:26.878,1.29235,1.29246,3.52,1.12
2016.01.27 20:35:27.182,1.29237,1.29245,3.52,1.00
2016.01.27 20:35:27.839,1.29241,1.29245,3.52,1.00
2016.01.27 20:35:27.941,1.29236,1.29246,5.40,1.00
2016.01.27 20:35:28.042,1.29237,1.29247,4.27,1.87
2016.01.27 20:35:28.499,1.29237,1.29247,1.34,2.25
2016.01.27 20:35:29.145,1.29236,1.29245,4.27,1.00
2016.01.27 20:35:29.732,1.29235,1.29245,1.09,1.50
2016.01.27 20:35:29.834,1.29234,1.29244,1.50,1.69
2016.01.27 20:35:29.936,1.29233,1.29243,1.00,1.37
2016.01.27 20:35:30.336,1.29233,1.29242,4.50,1.00
2016.01.27 20:35:30.387,1.29233,1.29244,4.50,3.00
2016.01.27 20:35:30.691,1.29233,1.2924,3.75,1.00
2016.01.27 20:35:30.945,1.29231,1.2924,1.50,1.00
2016.01.27 20:35:31.454,1.2923,1.29241,1.12,1.00
2016.01.27 20:35:32.056,1.29231,1.2924,1.25,1.00
2016.01.27 20:35:32.594,1.29229,1.29241,8.81,1.12
2016.01.27 20:35:33.100,1.29231,1.29242,1.12,1.31
2016.01.27 20:35:33.151,1.29233,1.29242,1.00,1.25
2016.01.27 20:35:33.253,1.29234,1.29244,1.25,1.12
2016.01.27 20:35:34.089,1.29232,1.2924,4.12,1.00
2016.01.27 20:35:34.595,1.29231,1.2924,4.87,1.00
2016.01.27 20:35:34.797,1.29232,1.29244,3.19,1.50
2016.01.27 20:35:35.488,1.29232,1.29245,2.44,4.50
2016.01.27 20:35:36.005,1.29232,1.29245,3.94,4.12
2016.01.27 20:35:36.509,1.29233,1.29244,1.25,1.00
2016.01.27 20:35:37.139,1.29232,1.2924,2.06,1.00
2016.01.27 20:35:37.648,1.29233,1.2924,3.75,1.00
2016.01.27 20:35:37.750,1.29235,1.29245,2.06,2.25
2016.01.27 20:35:37.902,1.29238,1.29245,1.00,1.00
2016.01.27 20:35:38.156,1.29239,1.29249,1.00,1.50
2016.01.27 20:35:38.559,1.29239,1.29245,1.00,1.00
2016.01.27 20:35:38.661,1.29236,1.29248,6.37,1.00
2016.01.27 20:35:38.763,1.29238,1.29246,1.31,1.00
2016.01.27 20:35:38.966,1.29237,1.29249,1.50,2.25
2016.01.27 20:35:39.271,1.29236,1.29245,2.81,1.00
2016.01.27 20:35:40.035,1.29236,1.29246,2.44,1.00
2016.01.27 20:35:40.580,1.29236,1.29245,2.44,1.00
2016.01.27 20:35:41.164,1.29237,1.29245,3.75,1.00
2016.01.27 20:35:41.317,1.29239,1.29249,3.75,1.87
2016.01.27 20:35:41.481,1.29237,1.29249,1.25,2.06
2016.01.27 20:35:41.583,1.29236,1.29246,3.37,1.31
2016.01.27 20:35:42.116,1.29236,1.29248,3.37,3.75
2016.01.27 20:35:42.459,1.29237,1.29241,1.12,1.00
2016.01.27 20:35:42.766,1.29212,1.29227,1.00,4.50
2016.01.27 20:35:42.817,1.29213,1.29217,1.00,4.12
2016.01.27 20:35:42.919,1.29209,1.29217,1.00,5.25
2016.01.27 20:35:43.020,1.2921,1.29217,1.00,1.12
2016.01.27 20:35:43.242,1.29209,1.29215,1.00,1.50
2016.01.27 20:35:43.293,1.29208,1.29217,2.25,1.00
2016.01.27 20:35:43.344,1.29214,1.29217,1.00,1.00
2016.01.27 20:35:43.395,1.29214,1.29221,1.00,3.75
2016.01.27 20:35:43.446,1.29213,1.29222,1.00,2.06
2016.01.27 20:35:43.547,1.29215,1.29224,1.00,5.62
2016.01.27 20:35:43.699,1.29215,1.29224,1.04,1.00
2016.01.27 20:35:43.801,1.29217,1.29224,3.97,1.00
2016.01.27 20:35:44.419,1.29216,1.29224,3.37,1.00
2016.01.27 20:35:44.471,1.29213,1.29223,1.12,1.31
2016.01.27 20:35:45.614,1.29214,1.29223,1.00,1.69
2016.01.27 20:35:46.019,1.29219,1.29223,3.37,1.00
2016.01.27 20:35:46.323,1.29228,1.29232,1.00,1.37
2016.01.27 20:35:46.426,1.29226,1.29232,1.19,1.50
2016.01.27 20:35:46.528,1.29227,1.29232,3.37,1.00
2016.01.27 20:35:46.833,1.2923,1.29237,1.00,1.00
2016.01.27 20:35:46.884,1.2923,1.29238,4.12,1.00
2016.01.27 20:35:47.488,1.2923,1.29241,4.87,3.37
2016.01.27 20:35:47.640,1.29233,1.29243,1.25,1.87
2016.01.27 20:35:47.995,1.29232,1.29244,1.56,1.00
2016.01.27 20:35:48.198,1.29235,1.29244,3.37,1.00
2016.01.27 20:35:48.735,1.29236,1.29245,1.00,2.06
2016.01.27 20:35:49.678,1.29235,1.29246,1.31,1.50
2016.01.27 20:35:49.990,1.29236,1.29247,3.37,2.62
2016.01.27 20:35:50.142,1.29236,1.29247,3.37,1.87
2016.01.27 20:35:50.193,1.29238,1.29247,1.69,1.00
2016.01.27 20:35:50.345,1.29241,1.2925,1.00,1.50
2016.01.27 20:35:50.649,1.29241,1.29252,1.00,3.00
2016.01.27 20:35:51.199,1.2924,1.29251,1.25,3.00
2016.01.27 20:35:51.705,1.2924,1.29249,1.25,1.50
2016.01.27 20:35:52.379,1.29248,1.29251,3.75,1.87
2016.01.27 20:35:52.430,1.29251,1.2926,1.00,1.37
2016.01.27 20:35:52.583,1.29251,1.2926,1.56,1.12
2016.01.27 20:35:52.684,1.29251,1.2926,1.31,1.00
2016.01.27 20:35:53.437,1.2925,1.29261,2.44,1.12
2016.01.27 20:35:53.944,1.2925,1.2926,1.00,1.69
2016.01.27 20:35:53.995,1.2925,1.29258,1.00,1.37
2016.01.27 20:35:54.147,1.29244,1.29255,2.02,6.00
2016.01.27 20:35:54.199,1.29242,1.29252,4.12,1.00
2016.01.27 20:35:54.250,1.29242,1.29252,3.75,1.31
2016.01.27 20:35:54.698,1.29243,1.29254,1.87,1.25
2016.01.27 20:35:55.214,1.29244,1.29255,1.94,1.00
2016.01.27 20:35:55.316,1.29246,1.29257,2.44,1.50
2016.01.27 20:35:55.839,1.29247,1.29258,1.12,1.25
2016.01.27 20:35:56.494,1.29246,1.29258,3.00,1.50
2016.01.27 20:35:56.886,1.29246,1.29257,1.87,1.56
2016.01.27 20:35:57.330,1.29244,1.29254,1.37,1.31
2016.01.27 20:35:57.533,1.29245,1.29256,2.62,2.44
2016.01.27 20:35:58.140,1.29246,1.29258,2.25,1.87
2016.01.27 20:35:58.560,1.29244,1.29255,2.44,1.12
2016.01.27 20:35:59.017,1.29242,1.29254,1.87,3.19
2016.01.27 20:35:59.321,1.2924,1.2925,2.06,1.00
2016.01.27 20:35:59.872,1.29239,1.29251,1.37,2.81
2016.01.27 20:36:00.176,1.29244,1.29251,3.75,2.25
2016.01.27 20:36:00.380,1.29244,1.29255,4.87,1.00
2016.01.27 20:36:01.403,1.29244,1.29256,3.56,1.37
2016.01.27 20:36:01.957,1.29244,1.29256,3.56,1.00
2016.01.27 20:36:02.059,1.29244,1.29256,2.25,1.00
2016.01.27 20:36:02.160,1.29244,1.29256,2.81,1.00
2016.01.27 20:36:02.484,1.29244,1.29256,2.81,1.25
2016.01.27 20:36:02.815,1.29244,1.29257,2.81,3.00
2016.01.27 20:36:03.053,1.29244,1.29255,2.81,1.00
2016.01.27 20:36:03.557,1.29244,1.29256,3.19,2.06
2016.01.27 20:36:03.608,1.29244,1.29255,2.44,2.62
2016.01.27 20:36:03.710,1.29244,1.29255,1.12,3.75
2016.01.27 20:36:03.913,1.29242,1.29252,1.31,2.25
2016.01.27 20:36:04.216,1.29241,1.2925,1.31,1.00
2016.01.27 20:36:04.368,1.29243,1.29253,1.00,1.87
2016.01.27 20:36:04.577,1.2924,1.29252,1.87,4.12
2016.01.27 20:36:04.679,1.29238,1.29249,1.50,2.06
2016.01.27 20:36:05.184,1.29237,1.29249,1.25,3.00
2016.01.27 20:36:06.347,1.29236,1.29248,1.31,1.62
2016.01.27 20:36:07.259,1.29237,1.2925,2.06,4.69
2016.01.27 20:36:07.665,1.29239,1.2925,1.94,2.25
2016.01.27 20:36:07.716,1.29241,1.2925,3.56,1.00
2016.01.27 20:36:07.767,1.29241,1.29252,6.75,2.62
2016.01.27 20:36:08.071,1.2924,1.29248,2.06,1.12
2016.01.27 20:36:08.595,1.29237,1.29248,4.87,1.50
2016.01.27 20:36:08.646,1.29236,1.29248,1.00,1.50
2016.01.27 20:36:08.698,1.29236,1.29246,1.00,1.00
2016.01.27 20:36:09.002,1.29233,1.29244,1.37,1.25
2016.01.27 20:36:09.551,1.29233,1.29246,3.19,4.69
2016.01.27 20:36:10.197,1.29233,1.29244,2.44,1.62
2016.01.27 20:36:10.504,1.29233,1.29244,2.06,1.12
2016.01.27 20:36:11.033,1.29234,1.29245,2.06,1.50
2016.01.27 20:36:11.539,1.29234,1.29245,3.37,1.31
2016.01.27 20:36:11.879,1.29235,1.29246,3.94,1.31
2016.01.27 20:36:12.182,1.29235,1.29247,2.62,4.87
2016.01.27 20:36:12.688,1.29237,1.29246,1.00,2.44
2016.01.27 20:36:13.210,1.29238,1.29247,1.25,1.12
2016.01.27 20:36:13.362,1.29238,1.29249,4.12,1.50
2016.01.27 20:36:13.719,1.29238,1.29248,1.31,1.00
2016.01.27 20:36:14.374,1.29238,1.29249,1.31,1.12
2016.01.27 20:36:14.831,1.29238,1.29249,5.25,2.62
2016.01.27 20:36:15.459,1.2924,1.29249,1.62,1.00
2016.01.27 20:36:15.561,1.29242,1.29251,1.25,1.50
2016.01.27 20:36:15.764,1.29241,1.2925,1.69,1.87
2016.01.27 20:36:16.271,1.29238,1.2925,1.87,5.06
2016.01.27 20:36:16.322,1.29238,1.29246,1.12,1.00
2016.01.27 20:36:16.424,1.29239,1.29249,1.31,1.37
2016.01.27 20:36:16.660,1.2924,1.29249,2.25,1.00
2016.01.27 20:36:17.174,1.29237,1.29247,3.19,1.00
2016.01.27 20:36:17.581,1.2924,1.2925,3.75,2.62
2016.01.27 20:36:17.911,1.29241,1.2925,3.75,1.50
2016.01.27 20:36:18.012,1.29239,1.2925,4.87,1.87
2016.01.27 20:36:18.518,1.29241,1.29253,2.44,2.62
2016.01.27 20:36:19.098,1.2924,1.29252,3.19,1.87
2016.01.27 20:36:19.662,1.29241,1.29252,3.00,1.00
2016.01.27 20:36:20.226,1.29244,1.29254,1.25,1.69
2016.01.27 20:36:20.277,1.29244,1.29255,4.12,3.00
2016.01.27 20:36:20.783,1.29244,1.29255,4.12,2.25
2016.01.27 20:36:20.935,1.29244,1.29255,3.75,1.50
2016.01.27 20:36:21.555,1.29244,1.29254,4.50,1.50
2016.01.27 20:36:21.610,1.29244,1.29254,1.25,2.06
2016.01.27 20:36:22.058,1.29243,1.29251,1.50,1.50
2016.01.27 20:36:22.210,1.29241,1.2925,1.31,1.00
2016.01.27 20:36:22.717,1.2924,1.2925,3.19,1.31
2016.01.27 20:36:23.074,1.29243,1.29252,2.44,1.87
2016.01.27 20:36:23.379,1.29248,1.29255,3.75,1.00
2016.01.27 20:36:23.819,1.29248,1.29258,3.75,1.50
2016.01.27 20:36:24.025,1.29248,1.29259,3.75,3.75
2016.01.27 20:36:24.177,1.29249,1.29258,3.75,1.37
2016.01.27 20:36:24.471,1.29246,1.29256,1.87,3.75
2016.01.27 20:36:24.675,1.29245,1.29255,1.00,2.44
2016.01.27 20:36:25.178,1.29243,1.29256,1.31,6.56
2016.01.27 20:36:25.692,1.29243,1.29255,1.31,5.06
2016.01.27 20:36:25.894,1.29244,1.29255,1.12,2.81
2016.01.27 20:36:26.116,1.29245,1.29255,1.69,1.87
2016.01.27 20:36:26.428,1.29246,1.29257,4.87,1.50
2016.01.27 20:36:26.952,1.29246,1.29257,6.37,1.00
2016.01.27 20:36:27.457,1.29247,1.29258,4.12,1.87
2016.01.27 20:36:27.609,1.29247,1.29258,4.50,1.12
2016.01.27 20:36:27.862,1.29251,1.29259,1.00,2.06
2016.01.27 20:36:28.167,1.29251,1.29261,4.87,1.75
2016.01.27 20:36:28.369,1.29251,1.2926,1.25,1.37
2016.01.27 20:36:28.869,1.29251,1.2926,3.75,1.87
2016.01.27 20:36:29.886,1.29252,1.2926,3.75,1.37
2016.01.27 20:36:30.211,1.2925,1.2926,4.12,1.87
2016.01.27 20:36:30.867,1.2925,1.2926,4.12,1.87
2016.01.27 20:36:31.212,1.29254,1.29261,3.75,1.87
2016.01.27 20:36:31.314,1.29252,1.29263,1.50,4.50
2016.01.27 20:36:31.841,1.29252,1.29261,1.00,1.25
2016.01.27 20:36:32.568,1.29253,1.29263,1.50,3.75
2016.01.27 20:36:32.619,1.29253,1.29264,1.87,2.06
2016.01.27 20:36:33.165,1.29253,1.29264,1.94,2.25
2016.01.27 20:36:33.671,1.29255,1.29265,1.37,1.69
2016.01.27 20:36:34.026,1.29257,1.29267,1.69,1.87
2016.01.27 20:36:34.576,1.29259,1.29269,1.00,3.00
2016.01.27 20:36:34.882,1.29256,1.2926,1.00,1.00
2016.01.27 20:36:34.983,1.29253,1.2926,1.37,1.56
2016.01.27 20:36:35.085,1.29252,1.2926,1.00,1.56
2016.01.27 20:36:35.897,1.29251,1.29261,1.12,4.12
2016.01.27 20:36:36.150,1.2925,1.29262,7.87,1.12
2016.01.27 20:36:36.657,1.29252,1.29263,2.44,1.25
2016.01.27 20:36:37.040,1.29253,1.29263,1.37,3.75
2016.01.27 20:36:37.243,1.29253,1.29263,1.87,1.25
2016.01.27 20:36:37.294,1.29254,1.2926,1.37,1.00
2016.01.27 20:36:37.598,1.29254,1.29264,1.00,1.12
2016.01.27 20:36:37.699,1.29254,1.29264,1.12,5.25
2016.01.27 20:36:37.985,1.29253,1.29264,1.12,2.06
2016.01.27 20:36:38.289,1.29256,1.29263,1.00,1.00
2016.01.27 20:36:38.662,1.29256,1.29266,3.75,1.12
2016.01.27 20:36:39.063,1.29256,1.29264,1.87,1.00
2016.01.27 20:36:39.591,1.29256,1.29264,1.87,1.00
2016.01.27 20:36:39.894,1.29256,1.29262,1.12,3.75
2016.01.27 20:36:40.185,1.29251,1.2926,1.75,1.49
2016.01.27 20:36:40.690,1.29252,1.29259,1.00,1.24
2016.01.27 20:36:41.200,1.29251,1.29258,1.50,1.24
2016.01.27 20:36:41.738,1.29252,1.29261,1.25,1.12
2016.01.27 20:36:42.244,1.29253,1.29262,1.00,1.37
2016.01.27 20:36:42.747,1.29248,1.29256,1.00,1.15
2016.01.27 20:36:43.053,1.29242,1.29252,2.62,1.00
2016.01.27 20:36:43.987,1.29242,1.29252,1.87,1.49
2016.01.27 20:36:44.190,1.29245,1.29252,1.00,1.00
2016.01.27 20:36:44.393,1.29247,1.29255,1.00,1.00
2016.01.27 20:36:44.647,1.29245,1.29255,3.19,1.00
2016.01.27 20:36:45.189,1.29246,1.29255,1.00,1.24
2016.01.27 20:36:45.663,1.29244,1.29256,1.31,3.49
2016.01.27 20:36:46.172,1.29244,1.29255,2.06,1.61
2016.01.27 20:36:46.713,1.29244,1.29256,9.75,1.12
2016.01.27 20:36:46.815,1.29244,1.29256,2.25,6.30
2016.01.27 20:36:47.068,1.29244,1.29255,2.25,1.15
2016.01.27 20:36:47.119,1.29246,1.29256,1.00,3.86
2016.01.27 20:36:47.611,1.29242,1.29255,6.37,6.30
2016.01.27 20:36:47.965,1.29242,1.29253,1.50,2.06
2016.01.27 20:36:48.168,1.29242,1.29253,1.00,5.25
2016.01.27 20:36:48.674,1.29242,1.29253,2.25,5.25
2016.01.27 20:36:49.107,1.29241,1.2925,1.50,1.25
2016.01.27 20:36:49.635,1.29241,1.29251,1.50,1.31
2016.01.27 20:36:50.548,1.29242,1.29251,1.31,1.37
2016.01.27 20:36:51.282,1.29242,1.29251,1.31,1.12
2016.01.27 20:36:51.921,1.29242,1.2925,1.00,1.00
2016.01.27 20:36:52.432,1.29241,1.2925,1.31,1.37
2016.01.27 20:36:52.954,1.29242,1.2925,1.00,1.12
2016.01.27 20:36:53.766,1.29242,1.29251,1.00,1.31
2016.01.27 20:36:54.297,1.29241,1.2925,1.69,1.00
2016.01.27 20:36:54.769,1.29241,1.2925,2.62,4.12
2016.01.27 20:36:54.870,1.29241,1.2925,1.12,1.87
2016.01.27 20:36:55.159,1.29238,1.29246,1.00,1.00
2016.01.27 20:36:55.463,1.29242,1.2925,1.31,2.62
2016.01.27 20:36:55.565,1.29244,1.29254,1.31,2.25
2016.01.27 20:36:56.075,1.29244,1.29255,5.44,1.50
2016.01.27 20:36:56.606,1.29246,1.29255,2.62,1.00
2016.01.27 20:36:56.708,1.29247,1.29258,1.37,1.56
2016.01.27 20:36:56.911,1.29246,1.29251,2.62,1.00
2016.01.27 20:36:57.012,1.29246,1.29255,1.00,6.56
2016.01.27 20:36:57.063,1.29246,1.29253,1.00,3.37
2016.01.27 20:36:57.114,1.29243,1.29253,1.50,4.12
2016.01.27 20:36:57.937,1.29243,1.29253,1.00,3.97
2016.01.27 20:36:58.039,1.29244,1.29254,3.94,1.54
2016.01.27 20:36:58.191,1.29246,1.29256,1.00,4.35
2016.01.27 20:36:58.242,1.29246,1.29256,1.69,1.05
2016.01.27 20:36:58.928,1.29247,1.29258,2.62,3.97
2016.01.27 20:36:59.434,1.29247,1.29257,1.87,3.60
2016.01.27 20:36:59.941,1.29247,1.29257,1.87,3.22
2016.01.27 20:37:00.436,1.29246,1.29257,2.62,3.60
2016.01.27 20:37:00.648,1.29248,1.29258,1.87,3.22
2016.01.27 20:37:01.197,1.29248,1.29258,1.87,3.22
2016.01.27 20:37:01.578,1.29248,1.29259,1.87,1.16
2016.01.27 20:37:01.832,1.29246,1.29255,3.94,1.00
2016.01.27 20:37:02.360,1.29246,1.29255,3.94,1.00
2016.01.27 20:37:02.837,1.29244,1.29255,1.31,1.37
2016.01.27 20:37:03.212,1.29244,1.29253,1.00,3.22
2016.01.27 20:37:03.566,1.29241,1.29251,1.50,1.16
2016.01.27 20:37:03.667,1.29241,1.2925,1.12,3.22
2016.01.27 20:37:04.195,1.29239,1.2925,2.44,1.54
2016.01.27 20:37:05.109,1.29239,1.2925,3.94,1.00
2016.01.27 20:37:05.514,1.29242,1.29251,3.75,1.87
2016.01.27 20:37:05.616,1.29241,1.29251,1.25,3.04
2016.01.27 20:37:05.667,1.29241,1.29248,1.25,1.12
2016.01.27 20:37:06.172,1.2924,1.29249,3.75,1.12
2016.01.27 20:37:06.579,1.2924,1.2925,1.31,1.91
2016.01.27 20:37:06.835,1.29241,1.29252,2.44,1.00
2016.01.27 20:37:07.371,1.29242,1.29254,1.87,1.91
2016.01.27 20:37:07.949,1.29241,1.29254,6.19,1.54
2016.01.27 20:37:08.674,1.29241,1.29252,1.62,1.50
2016.01.27 20:37:09.016,1.29241,1.2925,2.81,1.00
2016.01.27 20:37:09.320,1.29238,1.29249,5.25,3.00
2016.01.27 20:37:09.573,1.29238,1.29248,2.25,3.41
2016.01.27 20:37:09.844,1.29237,1.29245,1.00,1.37
2016.01.27 20:37:09.895,1.29235,1.29245,1.50,2.62
2016.01.27 20:37:10.754,1.29233,1.29243,2.25,1.00
2016.01.27 20:37:10.806,1.29233,1.2924,1.50,1.00
2016.01.27 20:37:11.150,1.29238,1.29245,1.56,3.37
2016.01.27 20:37:11.252,1.29237,1.29245,1.00,3.37
2016.01.27 20:37:11.303,1.29235,1.29244,1.00,1.00
2016.01.27 20:37:11.991,1.29234,1.29244,4.50,1.12
2016.01.27 20:37:12.411,1.29237,1.29244,3.75,1.00
2016.01.27 20:37:12.463,1.29237,1.29246,3.75,2.62
2016.01.27 20:37:12.770,1.29239,1.29246,3.75,2.25
2016.01.27 20:37:13.124,1.29239,1.29247,3.75,1.87
2016.01.27 20:37:13.378,1.29241,1.29249,1.25,1.00
2016.01.27 20:37:13.862,1.29241,1.29251,1.25,2.44
2016.01.27 20:37:14.375,1.29242,1.29252,1.87,1.12
2016.01.27 20:37:15.112,1.29242,1.29254,1.50,3.19
2016.01.27 20:37:15.331,1.29244,1.29254,2.62,1.56
2016.01.27 20:37:15.635,1.29245,1.29254,1.37,3.97
2016.01.27 20:37:15.837,1.29243,1.29254,3.00,3.97
2016.01.27 20:37:16.399,1.29243,1.29255,2.80,3.60
2016.01.27 20:37:16.750,1.29247,1.29255,3.73,1.12
2016.01.27 20:37:17.256,1.29247,1.29256,4.48,1.12
2016.01.27 20:37:17.909,1.29247,1.29257,4.11,1.50
2016.01.27 20:37:18.635,1.29247,1.29256,1.23,1.00
2016.01.27 20:37:18.837,1.29245,1.29255,1.98,2.29
2016.01.27 20:37:19.351,1.29246,1.29255,1.22,1.87
2016.01.27 20:37:20.161,1.29245,1.29255,1.54,1.87
2016.01.27 20:37:20.930,1.29245,1.29254,1.12,1.16
2016.01.27 20:37:21.184,1.29243,1.29255,1.00,3.79
2016.01.27 20:37:21.235,1.29243,1.29252,1.00,3.60
2016.01.27 20:37:21.692,1.29242,1.29253,4.10,2.25
2016.01.27 20:37:21.793,1.29244,1.29253,3.73,1.50
2016.01.27 20:37:22.079,1.29245,1.29256,1.66,3.79
2016.01.27 20:37:22.594,1.29245,1.29255,1.66,1.50
2016.01.27 20:37:22.696,1.29245,1.29253,1.66,1.12
2016.01.27 20:37:23.191,1.29241,1.29245,1.00,1.00
2016.01.27 20:37:23.344,1.29237,1.29247,1.91,1.50
2016.01.27 20:37:23.852,1.29238,1.29249,1.29,1.12
2016.01.27 20:37:24.485,1.29239,1.29249,1.29,1.00
2016.01.27 20:37:25.001,1.29239,1.29249,1.59,1.00
2016.01.27 20:37:25.548,1.29239,1.29249,1.00,1.16
2016.01.27 20:37:26.083,1.29239,1.29248,1.00,1.31
2016.01.27 20:37:26.632,1.29239,1.29248,1.29,1.37
2016.01.27 20:37:27.138,1.29239,1.29246,1.66,1.50
2016.01.27 20:37:27.240,1.29239,1.29248,1.22,1.50
2016.01.27 20:37:27.428,1.29241,1.29248,1.00,1.87
2016.01.27 20:37:27.733,1.29242,1.29251,3.73,1.12
2016.01.27 20:37:27.937,1.29244,1.29253,1.22,1.50
2016.01.27 20:37:28.140,1.29244,1.29255,3.16,2.06
2016.01.27 20:37:28.649,1.29245,1.29256,1.66,3.79
2016.01.27 20:37:29.156,1.29246,1.29255,1.00,1.12
2016.01.27 20:37:29.605,1.29244,1.29255,2.55,4.54
2016.01.27 20:37:30.466,1.29244,1.29253,2.62,1.00
2016.01.27 20:37:30.981,1.29244,1.29255,4.87,1.42
2016.01.27 20:37:31.505,1.29244,1.29255,4.24,1.87
2016.01.27 20:37:31.809,1.29248,1.29256,1.37,1.00
2016.01.27 20:37:32.313,1.2925,1.29258,2.62,4.72
2016.01.27 20:37:32.569,1.29251,1.29258,1.00,1.16
2016.01.27 20:37:32.923,1.29251,1.29258,1.87,4.35
2016.01.27 20:37:33.436,1.29249,1.29258,3.37,4.35
2016.01.27 20:37:33.639,1.29249,1.29258,1.87,4.35
2016.01.27 20:37:34.144,1.29249,1.29257,1.87,3.60
2016.01.27 20:37:34.346,1.29249,1.2926,1.00,3.79
2016.01.27 20:37:34.590,1.29252,1.2926,1.00,1.05
2016.01.27 20:37:34.894,1.29258,1.29267,1.12,3.75
2016.01.27 20:37:35.197,1.2926,1.29269,3.37,2.29
2016.01.27 20:37:35.248,1.2926,1.29269,2.62,1.91
2016.01.27 20:37:35.853,1.2926,1.29269,3.75,2.25
2016.01.27 20:37:35.957,1.29264,1.29271,1.37,1.41
2016.01.27 20:37:36.110,1.29265,1.29275,1.87,5.85
2016.01.27 20:37:36.616,1.29266,1.29275,1.37,3.90
2016.01.27 20:37:37.156,1.29266,1.29275,1.12,4.27
2016.01.27 20:37:38.378,1.29266,1.29275,1.37,1.34
2016.01.27 20:37:38.916,1.29266,1.29275,1.00,1.84
2016.01.27 20:37:39.422,1.29265,1.29275,3.75,1.34
2016.01.27 20:37:39.574,1.29266,1.29276,1.37,4.27
2016.01.27 20:37:40.125,1.29265,1.29275,4.12,1.34
2016.01.27 20:37:40.429,1.29265,1.29274,1.00,4.65
2016.01.27 20:37:40.842,1.29263,1.29271,1.37,3.52
2016.01.27 20:37:41.350,1.29262,1.29268,1.37,1.00
2016.01.27 20:37:41.653,1.29253,1.29255,1.37,1.31
2016.01.27 20:37:41.880,1.29253,1.29258,1.37,3.37
2016.01.27 20:37:41.931,1.29247,1.29257,3.49,1.00
2016.01.27 20:37:42.447,1.29248,1.29258,1.50,1.25
2016.01.27 20:37:42.650,1.29248,1.29253,1.50,1.00
2016.01.27 20:37:42.752,1.29248,1.29253,1.12,1.00
2016.01.27 20:37:43.190,1.29242,1.29253,6.30,1.12
2016.01.27 20:37:43.700,1.29242,1.29252,3.75,1.50
2016.01.27 20:37:44.387,1.29242,1.29253,3.37,1.50
2016.01.27 20:37:44.692,1.29244,1.29254,3.37,3.00
2016.01.27 20:37:45.244,1.29244,1.29256,5.25,3.56
2016.01.27 20:37:45.809,1.29244,1.29256,5.25,3.94
2016.01.27 20:37:46.456,1.29245,1.29255,1.31,1.00
2016.01.27 20:37:46.996,1.29245,1.29255,1.31,1.87
2016.01.27 20:37:47.689,1.29244,1.29254,4.50,1.37
2016.01.27 20:37:48.207,1.29244,1.29254,3.75,1.50
2016.01.27 20:37:48.511,1.29249,1.29255,1.00,1.00
2016.01.27 20:37:48.907,1.29252,1.29258,3.34,1.00
2016.01.27 20:37:49.009,1.29249,1.29258,3.72,1.00
2016.01.27 20:37:49.518,1.29249,1.29259,3.34,2.25
2016.01.27 20:37:49.772,1.29247,1.29258,4.09,1.37
2016.01.27 20:37:50.235,1.29251,1.29259,3.34,1.50
2016.01.27 20:37:50.762,1.29251,1.29259,3.34,1.37
2016.01.27 20:37:51.271,1.29251,1.29259,3.34,1.00
2016.01.27 20:37:51.819,1.29251,1.2926,3.34,1.50
2016.01.27 20:37:52.073,1.2925,1.2926,1.28,2.62
2016.01.27 20:37:52.580,1.29251,1.2926,1.28,1.50
2016.01.27 20:37:52.631,1.29252,1.2926,3.34,1.50
2016.01.27 20:37:53.069,1.29253,1.29263,1.16,2.25
2016.01.27 20:37:53.274,1.29253,1.2926,1.16,1.00
2016.01.27 20:37:53.711,1.29254,1.2926,3.34,1.00
2016.01.27 20:37:53.812,1.29254,1.29263,3.34,1.37
2016.01.27 20:37:54.065,1.29254,1.29265,3.72,3.00
2016.01.27 20:37:54.584,1.29255,1.29266,5.22,1.37
2016.01.27 20:37:54.939,1.29259,1.29267,3.34,3.00
2016.01.27 20:37:54.991,1.29259,1.29267,3.34,1.50
2016.01.27 20:37:55.722,1.29259,1.29268,3.34,1.50
2016.01.27 20:37:56.228,1.29258,1.29268,3.34,1.12
2016.01.27 20:37:56.593,1.29256,1.29265,2.78,1.00
2016.01.27 20:37:56.907,1.29254,1.29262,1.87,1.31
2016.01.27 20:37:57.463,1.29254,1.29264,1.00,1.31
2016.01.27 20:37:57.978,1.29251,1.29261,3.37,3.75
2016.01.27 20:37:58.031,1.29251,1.2926,1.12,3.75
2016.01.27 20:37:58.335,1.29251,1.2926,1.50,1.31
2016.01.27 20:37:58.437,1.29251,1.2926,2.25,4.50
2016.01.27 20:37:58.893,1.29251,1.29257,1.12,3.75
2016.01.27 20:37:59.194,1.29248,1.29259,1.50,2.81
2016.01.27 20:37:59.247,1.29248,1.29255,1.50,1.00
2016.01.27 20:37:59.299,1.29246,1.29257,1.66,3.00
2016.01.27 20:37:59.822,1.29245,1.29255,2.41,1.00
2016.01.27 20:38:00.146,1.29247,1.29257,1.00,1.31
2016.01.27 20:38:00.475,1.29247,1.29259,1.21,2.44
2016.01.27 20:38:00.814,1.29249,1.29258,1.66,1.00
2016.01.27 20:38:01.319,1.29247,1.29259,1.66,2.25
2016.01.27 20:38:01.703,1.29246,1.29258,3.37,2.06
2016.01.27 20:38:02.057,1.29246,1.29255,1.12,1.00
2016.01.27 20:38:02.630,1.29246,1.29256,1.87,1.00
2016.01.27 20:38:03.169,1.29245,1.29256,1.95,2.62
2016.01.27 20:38:03.675,1.29245,1.29255,3.75,1.31
2016.01.27 20:38:03.878,1.29244,1.29256,3.00,3.19
2016.01.27 20:38:04.397,1.29243,1.29255,3.75,6.37
2016.01.27 20:38:04.498,1.29245,1.29255,1.12,1.50
2016.01.27 20:38:05.015,1.29245,1.29255,1.50,1.50
2016.01.27 20:38:05.812,1.29245,1.29254,1.50,1.00
2016.01.27 20:38:06.326,1.29245,1.29255,2.40,3.37
2016.01.27 20:38:06.866,1.29245,1.29255,3.90,1.87
2016.01.27 20:38:07.376,1.29245,1.29253,1.15,1.00
2016.01.27 20:38:07.680,1.29244,1.2925,3.34,1.00
2016.01.27 20:38:07.782,1.29243,1.29251,1.87,2.62
2016.01.27 20:38:07.884,1.29242,1.29249,1.00,1.00
2016.01.27 20:38:08.388,1.29241,1.2925,5.59,1.87
2016.01.27 20:38:08.922,1.29241,1.29249,3.34,1.00
2016.01.27 20:38:09.428,1.29241,1.2925,3.34,3.00
2016.01.27 20:38:09.779,1.29243,1.2925,3.34,1.12
2016.01.27 20:38:10.387,1.29243,1.29251,3.34,4.12
2016.01.27 20:38:10.640,1.29241,1.29251,1.15,4.12
2016.01.27 20:38:11.178,1.2924,1.29247,3.34,1.00
2016.01.27 20:38:11.229,1.29236,1.29246,5.59,1.00
2016.01.27 20:38:11.280,1.29236,1.29241,5.21,1.00
2016.01.27 20:38:11.382,1.29235,1.29241,2.25,1.50
2016.01.27 20:38:11.433,1.29231,1.29241,3.71,2.25
2016.01.27 20:38:11.485,1.29231,1.29239,3.34,1.50
2016.01.27 20:38:11.687,1.29232,1.29241,3.34,3.37
2016.01.27 20:38:11.738,1.29234,1.2924,3.75,1.87
2016.01.27 20:38:12.189,1.29231,1.29242,3.75,2.25
2016.01.27 20:38:12.442,1.29235,1.2924,3.75,1.00
2016.01.27 20:38:12.544,1.29233,1.2924,3.75,1.00
2016.01.27 20:38:12.697,1.29234,1.29242,3.75,1.12
2016.01.27 20:38:12.748,1.29237,1.29242,3.75,1.12
2016.01.27 20:38:12.799,1.29237,1.29244,3.75,1.00
2016.01.27 20:38:13.299,1.29235,1.29244,4.50,1.00
2016.01.27 20:38:13.815,1.29235,1.29245,4.50,1.00
2016.01.27 20:38:13.866,1.29235,1.29245,1.31,1.01
2016.01.27 20:38:14.201,1.29235,1.29245,5.25,1.12
2016.01.27 20:38:14.547,1.29237,1.2925,9.37,6.00
2016.01.27 20:38:14.598,1.29239,1.2925,1.69,2.25
2016.01.27 20:38:15.118,1.2924,1.2925,1.37,1.87
2016.01.27 20:38:15.665,1.2924,1.29249,1.12,1.00
2016.01.27 20:38:16.186,1.2924,1.29251,3.19,3.19
2016.01.27 20:38:16.591,1.2924,1.29249,1.50,1.56
2016.01.27 20:38:16.935,1.2924,1.29248,1.00,3.75
2016.01.27 20:38:17.593,1.2924,1.29247,1.00,1.00
2016.01.27 20:38:17.939,1.29243,1.2925,1.25,1.50
2016.01.27 20:38:18.041,1.29243,1.29253,1.25,1.69
2016.01.27 20:38:18.345,1.29243,1.29253,3.56,1.69
2016.01.27 20:38:18.871,1.29243,1.29253,3.56,2.06
2016.01.27 20:38:19.408,1.29243,1.29253,3.56,1.69
2016.01.27 20:38:19.712,1.29251,1.2926,2.81,1.12
2016.01.27 20:38:20.242,1.29251,1.29261,1.87,1.00
2016.01.27 20:38:20.768,1.29251,1.29261,1.50,1.87
2016.01.27 20:38:21.189,1.2925,1.29256,2.81,1.00
2016.01.27 20:38:21.493,1.2925,1.29258,4.50,1.50
2016.01.27 20:38:21.872,1.2925,1.29258,1.25,1.00
2016.01.27 20:38:22.217,1.29248,1.2926,5.25,2.81
2016.01.27 20:38:22.911,1.29248,1.2926,5.62,2.44
2016.01.27 20:38:23.517,1.2925,1.2926,3.19,1.31
2016.01.27 20:38:23.921,1.29251,1.29262,3.00,5.25
2016.01.27 20:38:25.222,1.29251,1.29262,1.87,4.50
2016.01.27 20:38:26.157,1.29251,1.29261,2.06,3.37
2016.01.27 20:38:26.461,1.2925,1.29258,1.31,1.00
2016.01.27 20:38:26.766,1.29248,1.29257,1.50,1.56
2016.01.27 20:38:27.220,1.29247,1.29257,2.62,1.56
2016.01.27 20:38:27.735,1.29249,1.29258,1.12,1.69
2016.01.27 20:38:27.938,1.29251,1.29259,1.00,1.12
2016.01.27 20:38:28.480,1.29251,1.29258,1.00,1.25
2016.01.27 20:38:28.532,1.29249,1.29258,1.50,1.25
2016.01.27 20:38:29.039,1.29247,1.29258,2.44,1.62
2016.01.27 20:38:29.394,1.2925,1.29259,2.25,3.94
2016.01.27 20:38:30.033,1.2925,1.29259,2.25,3.37
2016.01.27 20:38:30.558,1.2925,1.2926,2.62,5.81
2016.01.27 20:38:31.101,1.29254,1.29259,2.25,1.00
2016.01.27 20:38:31.637,1.29255,1.29259,2.25,1.50
2016.01.27 20:38:31.789,1.2925,1.29259,2.44,1.50
2016.01.27 20:38:32.298,1.29255,1.29259,2.25,1.12
2016.01.27 20:38:32.954,1.29255,1.2926,2.25,2.06
2016.01.27 20:38:33.258,1.29255,1.29259,2.25,4.50
2016.01.27 20:38:33.310,1.29255,1.2926,2.25,2.81
2016.01.27 20:38:33.411,1.29252,1.2926,1.25,1.12
2016.01.27 20:38:33.614,1.29255,1.29262,1.00,2.06
2016.01.27 20:38:34.166,1.29255,1.29262,2.62,1.25
2016.01.27 20:38:34.926,1.29255,1.29263,1.87,1.56
2016.01.27 20:38:35.520,1.29255,1.29262,2.62,4.50
2016.01.27 20:38:36.131,1.29255,1.29261,1.50,1.56
2016.01.27 20:38:36.591,1.29256,1.29263,1.50,1.37
2016.01.27 20:38:36.645,1.29256,1.29265,1.50,1.69
2016.01.27 20:38:37.051,1.29257,1.29265,1.87,2.06
2016.01.27 20:38:37.355,1.29259,1.2926,2.25,3.75
2016.01.27 20:38:37.406,1.29257,1.2926,1.00,3.75
2016.01.27 20:38:37.689,1.29259,1.29261,2.25,1.00
2016.01.27 20:38:38.389,1.29256,1.29261,1.37,1.01
2016.01.27 20:38:38.811,1.29255,1.29261,1.37,4.20
2016.01.27 20:38:39.324,1.29256,1.29261,1.37,4.20
2016.01.27 20:38:39.628,1.29256,1.29262,1.12,1.01
2016.01.27 20:38:39.729,1.2926,1.29262,2.25,1.01
2016.01.27 20:38:39.932,1.29257,1.29261,1.00,1.01
2016.01.27 20:38:40.383,1.29254,1.2926,2.25,1.50
2016.01.27 20:38:40.791,1.29257,1.29261,2.25,1.00
2016.01.27 20:38:41.096,1.2926,1.29264,2.25,5.70
2016.01.27 20:38:41.941,1.29259,1.29263,2.25,1.26
2016.01.27 20:38:42.763,1.2926,1.29263,2.25,1.00
2016.01.27 20:38:42.814,1.2926,1.29265,2.25,2.51
2016.01.27 20:38:43.323,1.29259,1.29265,2.25,1.76
2016.01.27 20:38:44.160,1.2926,1.29265,2.25,1.76
2016.01.27 20:38:44.313,1.2926,1.29264,2.25,1.26
2016.01.27 20:38:44.821,1.2926,1.29264,2.25,4.20
2016.01.27 20:38:45.380,1.29259,1.29264,2.25,4.20
2016.01.27 20:38:45.920,1.2926,1.29264,2.25,4.95
2016.01.27 20:38:46.173,1.29261,1.29267,1.00,1.87
2016.01.27 20:38:46.225,1.29264,1.29267,2.25,1.00
2016.01.27 20:38:46.427,1.2926,1.29266,4.87,3.45
2016.01.27 20:38:46.753,1.29259,1.29264,4.87,1.01
2016.01.27 20:38:47.326,1.2926,1.29265,2.25,1.26
2016.01.27 20:38:47.920,1.29259,1.29264,2.62,1.01
2016.01.27 20:38:47.971,1.2926,1.29264,2.25,4.20
2016.01.27 20:38:48.275,1.2926,1.29265,2.25,1.04
2016.01.27 20:38:48.531,1.2926,1.29264,2.25,3.97
2016.01.27 20:38:48.633,1.29259,1.29264,3.00,1.00
2016.01.27 20:38:49.291,1.2926,1.29264,2.25,1.00
2016.01.27 20:38:49.802,1.29259,1.29264,3.00,3.97
2016.01.27 20:38:49.954,1.2926,1.29265,2.25,1.05
2016.01.27 20:38:50.056,1.2926,1.29265,2.25,3.97
2016.01.27 20:38:50.678,1.29259,1.29261,2.25,2.85
2016.01.27 20:38:50.780,1.29256,1.29261,1.50,2.85
2016.01.27 20:38:50.831,1.29256,1.29263,2.06,1.00
2016.01.27 20:38:50.883,1.2926,1.29264,2.25,1.87
2016.01.27 20:38:50.986,1.29258,1.29266,1.00,2.25
2016.01.27 20:38:51.038,1.2926,1.29266,1.00,1.00
2016.01.27 20:38:51.496,1.2926,1.29268,1.00,5.48
2016.01.27 20:38:51.828,1.29263,1.2927,1.00,1.87
2016.01.27 20:38:52.331,1.29263,1.29272,1.00,1.37
2016.01.27 20:38:52.861,1.29269,1.29277,2.25,5.85
2016.01.27 20:38:52.912,1.29269,1.29276,2.25,1.00
2016.01.27 20:38:53.014,1.2927,1.29274,2.25,2.85
2016.01.27 20:38:53.419,1.2927,1.29272,2.25,1.00
2016.01.27 20:38:53.471,1.29264,1.2927,2.25,1.00
2016.01.27 20:38:53.766,1.29265,1.29268,1.00,1.00
2016.01.27 20:38:53.817,1.29265,1.2927,1.00,1.00
2016.01.27 20:38:54.122,1.29265,1.29274,3.19,1.50
2016.01.27 20:38:54.805,1.29265,1.29273,1.00,2.85
2016.01.27 20:38:55.164,1.29265,1.29271,3.00,1.00
2016.01.27 20:38:55.467,1.29269,1.29271,2.25,1.00
2016.01.27 20:38:55.619,1.2927,1.29273,2.25,1.00
2016.01.27 20:38:55.772,1.29265,1.29273,1.50,1.00
2016.01.27 20:38:56.179,1.29269,1.29273,2.25,2.85
2016.01.27 20:38:56.688,1.29269,1.29274,2.25,1.00
2016.01.27 20:38:57.198,1.2927,1.29274,2.25,1.00
2016.01.27 20:38:57.512,1.2927,1.29276,2.25,1.00
2016.01.27 20:38:58.128,1.2927,1.29277,2.25,2.25
2016.01.27 20:38:58.281,1.29269,1.29275,2.25,1.00
2016.01.27 20:38:58.565,1.29265,1.29273,3.94,1.00
2016.01.27 20:38:59.487,1.29264,1.29274,3.37,1.50
2016.01.27 20:38:59.690,1.2927,1.29275,2.25,2.85
2016.01.27 20:38:59.994,1.29265,1.29273,2.62,2.85
2016.01.27 20:39:00.350,1.29265,1.29275,2.62,5.10
2016.01.27 20:39:00.603,1.29269,1.29275,2.25,2.25
2016.01.27 20:39:01.213,1.2927,1.29275,2.25,1.00
2016.01.27 20:39:01.720,1.2927,1.29277,2.25,1.37
2016.01.27 20:39:01.821,1.2927,1.29278,2.25,1.16
2016.01.27 20:39:02.365,1.29272,1.29279,1.00,2.29
2016.01.27 20:39:02.669,1.29276,1.29282,1.00,1.50
2016.01.27 20:39:02.973,1.29273,1.2928,2.25,1.05
2016.01.27 20:39:03.579,1.29273,1.29281,1.00,1.16
2016.01.27 20:39:03.884,1.29274,1.29281,1.37,1.50
2016.01.27 20:39:03.986,1.29272,1.29279,1.50,1.00
2016.01.27 20:39:04.037,1.29275,1.29279,2.25,1.00
2016.01.27 20:39:04.617,1.29271,1.29279,1.37,1.87
2016.01.27 20:39:04.668,1.2927,1.29279,2.25,1.16
2016.01.27 20:39:04.719,1.29274,1.29279,2.25,1.16
2016.01.27 20:39:05.023,1.29275,1.29276,2.25,1.00
2016.01.27 20:39:05.176,1.29275,1.29279,2.25,1.04
2016.01.27 20:39:05.278,1.29275,1.2928,2.25,1.00
2016.01.27 20:39:05.431,1.29275,1.29282,2.25,1.05
2016.01.27 20:39:05.771,1.29279,1.29283,2.25,1.05
2016.01.27 20:39:06.452,1.2928,1.29283,2.25,1.05
2016.01.27 20:39:07.042,1.29279,1.29285,2.25,1.05
2016.01.27 20:39:07.627,1.2928,1.29286,2.25,2.29
2016.01.27 20:39:08.185,1.2928,1.29285,2.25,1.54
2016.01.27 20:39:08.718,1.29279,1.29285,2.25,1.42
2016.01.27 20:39:08.921,1.2928,1.29286,2.25,1.50
2016.01.27 20:39:08.973,1.2928,1.29286,2.25,2.29
2016.01.27 20:39:09.075,1.2928,1.29286,2.25,1.12
2016.01.27 20:39:09.617,1.2928,1.29286,2.25,1.54
2016.01.27 20:39:10.127,1.29279,1.29287,1.37,1.42
2016.01.27 20:39:10.178,1.29279,1.29287,1.37,4.36
2016.01.27 20:39:10.279,1.29279,1.29287,1.37,1.17
2016.01.27 20:39:10.590,1.2928,1.29287,1.37,4.36
2016.01.27 20:39:11.245,1.2928,1.29287,2.25,1.56
2016.01.27 20:39:11.785,1.2928,1.29287,2.25,1.56
2016.01.27 20:39:12.338,1.29279,1.29287,2.25,1.56
2016.01.27 20:39:12.673,1.29284,1.2929,2.25,1.69
2016.01.27 20:39:13.078,1.29282,1.29289,1.00,1.00
2016.01.27 20:39:13.688,1.2928,1.29287,2.25,1.00
2016.01.27 20:39:14.239,1.29279,1.29287,3.19,1.00
2016.01.27 20:39:14.747,1.2928,1.29288,2.25,1.50
2016.01.27 20:39:15.291,1.29279,1.29288,3.19,1.00
2016.01.27 20:39:15.797,1.2928,1.29288,2.25,1.56
2016.01.27 20:39:16.533,1.2928,1.29289,2.81,2.25
2016.01.27 20:39:17.055,1.29279,1.29289,3.94,2.25
2016.01.27 20:39:17.592,1.2928,1.29289,2.62,2.25
2016.01.27 20:39:18.424,1.29279,1.29289,3.94,1.50
2016.01.27 20:39:18.879,1.29285,1.29289,2.25,1.00
2016.01.27 20:39:19.430,1.29285,1.29288,2.25,1.00
2016.01.27 20:39:19.804,1.2928,1.29288,3.37,1.00
2016.01.27 20:39:20.007,1.29285,1.29289,2.25,2.25
2016.01.27 20:39:20.639,1.29284,1.29288,1.00,1.25
2016.01.27 20:39:20.690,1.29279,1.29289,3.75,3.19
2016.01.27 20:39:22.193,1.29287,1.29292,1.00,2.25
2016.01.27 20:39:22.295,1.29287,1.29294,1.69,1.00
2016.01.27 20:39:22.447,1.2929,1.29297,1.00,5.25
2016.01.27 20:39:22.600,1.29291,1.29298,1.50,1.00
2016.01.27 20:39:23.127,1.29292,1.29299,1.00,1.00
2016.01.27 20:39:23.377,1.29295,1.29299,1.00,1.00
2016.01.27 20:39:23.815,1.29295,1.29298,1.00,3.75
2016.01.27 20:39:23.917,1.2929,1.29298,1.37,4.50
2016.01.27 20:39:23.968,1.2929,1.29298,1.12,4.50
2016.01.27 20:39:25.032,1.29289,1.29298,3.37,4.50
2016.01.27 20:39:25.540,1.29289,1.29298,2.62,4.50
2016.01.27 20:39:26.187,1.2929,1.29299,2.62,1.69
2016.01.27 20:39:26.591,1.29295,1.29299,1.00,1.31
2016.01.27 20:39:27.671,1.29294,1.29299,1.00,1.31
2016.01.27 20:39:27.978,1.2929,1.29296,1.87,1.50
2016.01.27 20:39:28.131,1.29289,1.29298,1.12,4.50
2016.01.27 20:39:28.288,1.29289,1.29298,1.00,1.31
2016.01.27 20:39:28.814,1.2929,1.29298,1.00,1.31
2016.01.27 20:39:29.351,1.29289,1.29298,1.50,1.31
2016.01.27 20:39:29.853,1.2929,1.29298,1.00,2.06
2016.01.27 20:39:30.486,1.29289,1.29295,1.50,1.31
2016.01.27 20:39:30.946,1.29289,1.29298,1.50,1.50
2016.01.27 20:39:31.452,1.2929,1.29298,1.00,1.31
2016.01.27 20:39:32.038,1.29289,1.29298,1.12,1.31
2016.01.27 20:39:32.464,1.29289,1.29296,1.87,1.00
2016.01.27 20:39:32.941,1.2929,1.29296,1.00,4.50
2016.01.27 20:39:33.144,1.29289,1.29298,1.50,1.31
2016.01.27 20:39:33.570,1.2929,1.29296,1.12,1.56
2016.01.27 20:39:34.106,1.29289,1.29296,1.31,1.00
2016.01.27 20:39:34.539,1.29289,1.29298,1.50,1.50
2016.01.27 20:39:34.853,1.2929,1.29298,1.00,6.00
2016.01.27 20:39:35.371,1.2929,1.29297,1.12,3.75
2016.01.27 20:39:36.262,1.29289,1.29296,1.12,1.56
2016.01.27 20:39:36.811,1.2929,1.29297,1.00,5.25
2016.01.27 20:39:37.114,1.2929,1.29298,1.50,1.12
2016.01.27 20:39:37.620,1.2929,1.29299,1.50,7.50
2016.01.27 20:39:37.671,1.2929,1.29297,1.50,3.75
2016.01.27 20:39:37.898,1.29291,1.29298,1.00,2.06
2016.01.27 20:39:37.999,1.29286,1.29296,3.00,3.75
2016.01.27 20:39:38.101,1.29286,1.29298,4.31,5.62
2016.01.27 20:39:38.354,1.29289,1.29295,1.12,3.75
2016.01.27 20:39:38.556,1.29286,1.29298,2.62,6.75
2016.01.27 20:39:38.867,1.2929,1.29296,1.00,3.75
2016.01.27 20:39:39.076,1.2929,1.29298,1.00,1.50
2016.01.27 20:39:39.540,1.2929,1.29296,1.00,2.06
2016.01.27 20:39:39.590,1.29286,1.29296,1.37,2.81
2016.01.27 20:39:40.451,1.29285,1.29294,1.12,4.31
2016.01.27 20:39:40.502,1.29282,1.29292,1.87,1.50
2016.01.27 20:39:40.806,1.29282,1.29289,1.00,1.50
2016.01.27 20:39:41.009,1.29283,1.29292,1.00,1.50
2016.01.27 20:39:41.566,1.29285,1.29292,1.00,1.50
2016.01.27 20:39:42.022,1.29285,1.29294,1.00,1.00
2016.01.27 20:39:42.377,1.29286,1.29291,1.00,1.00
2016.01.27 20:39:42.708,1.29279,1.29288,2.25,1.00
2016.01.27 20:39:42.810,1.29278,1.29285,2.62,1.00
2016.01.27 20:39:43.063,1.29275,1.29285,1.50,1.50
2016.01.27 20:39:43.479,1.2928,1.29286,1.00,1.00
2016.01.27 20:39:44.022,1.2928,1.29287,1.00,1.00
2016.01.27 20:39:44.739,1.2928,1.29286,1.00,1.00
2016.01.27 20:39:45.273,1.2928,1.29287,1.00,1.50
2016.01.27 20:39:45.526,1.29276,1.29287,4.12,1.87
2016.01.27 20:39:45.889,1.29276,1.29284,5.62,1.00
2016.01.27 20:39:46.394,1.29275,1.29284,3.75,1.00
2016.01.27 20:39:46.723,1.29275,1.29286,4.12,2.25
2016.01.27 20:39:47.257,1.29276,1.29285,1.31,1.00
2016.01.27 20:39:48.108,1.29276,1.29286,1.06,1.50
2016.01.27 20:39:49.575,1.29275,1.29286,2.56,1.87
2016.01.27 20:39:49.626,1.29275,1.29284,2.19,1.50
2016.01.27 20:39:50.599,1.29274,1.29284,2.25,1.50
2016.01.27 20:39:51.083,1.29274,1.29282,1.87,1.00
2016.01.27 20:39:51.185,1.29273,1.29284,1.75,2.25
2016.01.27 20:39:51.287,1.29275,1.29283,1.00,1.50
2016.01.27 20:39:51.443,1.29273,1.29283,1.33,1.50
2016.01.27 20:39:51.646,1.29275,1.29283,1.00,1.50
2016.01.27 20:39:51.850,1.29275,1.29286,2.50,2.62
2016.01.27 20:39:52.252,1.2928,1.29286,1.00,2.25
2016.01.27 20:39:52.353,1.29277,1.29286,1.00,2.25
2016.01.27 20:39:52.859,1.29277,1.29287,1.33,2.25
2016.01.27 20:39:53.369,1.2928,1.29287,1.00,1.00
2016.01.27 20:39:53.910,1.2928,1.29288,1.00,1.87
2016.01.27 20:39:54.411,1.2928,1.29287,1.00,1.50
2016.01.27 20:39:54.462,1.29277,1.29287,1.00,1.50
2016.01.27 20:39:54.929,1.29276,1.29284,1.87,1.56
2016.01.27 20:39:55.081,1.29274,1.29283,1.00,3.94
2016.01.27 20:39:55.461,1.29275,1.2928,1.00,1.00
2016.01.27 20:39:55.562,1.29272,1.2928,1.00,1.31
2016.01.27 20:39:55.614,1.2927,1.2928,2.62,1.00
2016.01.27 20:39:56.406,1.2927,1.2928,2.09,1.87
2016.01.27 20:39:56.768,1.2927,1.29281,5.03,1.00
2016.01.27 20:39:57.409,1.2927,1.29282,4.28,3.94
2016.01.27 20:39:57.778,1.29275,1.29282,1.00,2.81
2016.01.27 20:39:57.880,1.2927,1.29282,5.78,2.44
2016.01.27 20:39:58.825,1.29271,1.29282,4.28,2.25
2016.01.27 20:39:59.335,1.29271,1.29282,3.16,3.00
2016.01.27 20:39:59.970,1.2927,1.29282,5.03,3.19
2016.01.27 20:40:00.483,1.2927,1.29282,4.28,2.81
2016.01.27 20:40:01.095,1.2927,1.29281,3.16,1.00
2016.01.27 20:40:01.398,1.29267,1.29278,1.50,2.81
2016.01.27 20:40:01.909,1.2927,1.29278,1.37,1.50
2016.01.27 20:40:02.260,1.2927,1.29281,1.75,4.50
2016.01.27 20:40:02.362,1.2927,1.29281,2.25,4.12
2016.01.27 20:40:02.666,1.29269,1.29279,3.16,2.25
2016.01.27 20:40:03.430,1.29267,1.29277,1.50,1.50
2016.01.27 20:40:04.604,1.29266,1.29276,3.91,1.00
2016.01.27 20:40:04.707,1.29264,1.2927,4.12,1.00
2016.01.27 20:40:04.759,1.29264,1.2927,1.37,1.00
2016.01.27 20:40:05.179,1.29263,1.2927,1.00,1.00
2016.01.27 20:40:05.599,1.29261,1.29269,1.12,1.87
2016.01.27 20:40:06.120,1.29261,1.29269,1.50,1.50
2016.01.27 20:40:06.433,1.29265,1.29269,1.00,1.50
2016.01.27 20:40:06.593,1.29265,1.29271,1.00,1.00
2016.01.27 20:40:07.101,1.29264,1.29271,1.00,1.50
2016.01.27 20:40:07.614,1.29265,1.29271,1.00,1.87
2016.01.27 20:40:08.156,1.29264,1.29271,1.00,1.00
2016.01.27 20:40:08.710,1.29265,1.29271,1.00,1.12
2016.01.27 20:40:09.017,1.29261,1.29268,1.48,1.00
2016.01.27 20:40:09.240,1.29259,1.29268,1.87,4.50
2016.01.27 20:40:09.787,1.2926,1.29266,1.00,2.06
2016.01.27 20:40:10.242,1.2926,1.29265,1.00,3.75
2016.01.27 20:40:10.793,1.29261,1.29265,1.00,1.00
2016.01.27 20:40:10.895,1.29262,1.29267,1.10,1.50
2016.01.27 20:40:10.996,1.29262,1.2927,1.85,1.12
2016.01.27 20:40:11.149,1.29265,1.29272,1.00,1.87
2016.01.27 20:40:11.200,1.29265,1.29272,1.00,1.50
2016.01.27 20:40:11.353,1.29263,1.29271,1.50,1.00
2016.01.27 20:40:11.834,1.29263,1.29271,1.50,2.81
2016.01.27 20:40:12.867,1.29263,1.29271,1.12,1.00
2016.01.27 20:40:12.969,1.29265,1.29271,1.00,1.00
2016.01.27 20:40:13.661,1.29264,1.29272,1.00,2.06
2016.01.27 20:40:14.158,1.29265,1.2927,1.00,3.75
2016.01.27 20:40:14.261,1.29261,1.2927,1.87,3.75
2016.01.27 20:40:14.313,1.29263,1.29272,1.43,1.50
2016.01.27 20:40:14.415,1.29263,1.2927,1.55,1.50
2016.01.27 20:40:14.618,1.29265,1.29272,1.00,1.50
2016.01.27 20:40:15.201,1.29265,1.29274,1.99,1.50
2016.01.27 20:40:15.454,1.2927,1.29274,1.00,1.00
2016.01.27 20:40:15.657,1.29265,1.29274,1.37,3.75
2016.01.27 20:40:15.759,1.29263,1.29274,1.37,4.50
2016.01.27 20:40:16.062,1.29262,1.29272,1.12,2.25
2016.01.27 20:40:16.297,1.29261,1.2927,1.50,1.00
2016.01.27 20:40:16.629,1.29265,1.2927,1.00,1.00
2016.01.27 20:40:16.781,1.29261,1.2927,3.37,1.00
2016.01.27 20:40:17.722,1.2926,1.29271,1.50,1.00
2016.01.27 20:40:17.990,1.2926,1.29269,1.12,1.00
2016.01.27 20:40:18.295,1.29257,1.29264,1.37,1.31
2016.01.27 20:40:18.732,1.29255,1.29259,1.00,3.75
2016.01.27 20:40:18.936,1.29255,1.29261,1.00,2.06
2016.01.27 20:40:20.716,1.29254,1.29261,1.00,1.31
2016.01.27 20:40:20.970,1.29259,1.29262,1.00,1.69
2016.01.27 20:40:21.073,1.29261,1.29265,1.00,1.00
2016.01.27 20:40:21.124,1.29262,1.29268,1.00,1.12
2016.01.27 20:40:21.396,1.2926,1.29268,2.62,1.12
2016.01.27 20:40:22.278,1.29259,1.29269,1.87,2.25
2016.01.27 20:40:22.645,1.29265,1.29269,1.00,2.25
2016.01.27 20:40:23.162,1.29264,1.29269,1.00,2.25
2016.01.27 20:40:23.421,1.2926,1.29269,1.37,2.25
2016.01.27 20:40:23.624,1.29259,1.29268,1.12,2.62
2016.01.27 20:40:24.102,1.2926,1.29267,1.00,1.56
2016.01.27 20:40:24.255,1.29255,1.29265,1.87,3.19
2016.01.27 20:40:24.407,1.29255,1.29263,1.37,1.00
2016.01.27 20:40:24.509,1.29258,1.29267,1.37,1.87
2016.01.27 20:40:24.712,1.29258,1.29265,1.37,1.00
2016.01.27 20:40:24.763,1.29255,1.29265,4.05,1.12
2016.01.27 20:40:25.256,1.29255,1.29265,2.55,1.37
2016.01.27 20:40:25.408,1.29255,1.29265,3.30,1.37
2016.01.27 20:40:25.662,1.29254,1.29265,1.61,3.94
2016.01.27 20:40:25.764,1.29255,1.29265,3.30,4.12
2016.01.27 20:40:26.406,1.29253,1.29264,4.42,1.87
2016.01.27 20:40:26.937,1.29255,1.29262,1.00,1.00
2016.01.27 20:40:27.613,1.29253,1.29263,1.50,1.12
2016.01.27 20:40:27.664,1.29255,1.29263,1.00,1.87
2016.01.27 20:40:27.766,1.2925,1.29262,1.99,5.25
2016.01.27 20:40:28.149,1.29251,1.2926,1.00,3.75
2016.01.27 20:40:28.656,1.2925,1.2926,3.75,3.75
2016.01.27 20:40:28.902,1.29251,1.29262,1.00,3.75
2016.01.27 20:40:29.257,1.29255,1.29262,1.00,3.75
2016.01.27 20:40:30.141,1.29255,1.29263,1.00,4.50
2016.01.27 20:40:30.447,1.29248,1.29249,1.12,1.00
2016.01.27 20:40:30.499,1.29246,1.29249,1.50,1.00
2016.01.27 20:40:30.601,1.29248,1.29253,3.67,2.25
2016.01.27 20:40:30.652,1.29249,1.29255,1.61,1.00
2016.01.27 20:40:30.753,1.2925,1.29257,1.15,1.00
2016.01.27 20:40:31.138,1.29246,1.29257,1.24,1.00
2016.01.27 20:40:31.189,1.2925,1.29257,1.00,1.00
2016.01.27 20:40:31.798,1.29249,1.29257,1.00,4.43
2016.01.27 20:40:31.900,1.29247,1.29257,1.00,4.43
2016.01.27 20:40:32.498,1.29246,1.29257,3.00,5.18
2016.01.27 20:40:32.550,1.2925,1.29255,1.00,4.24
2016.01.27 20:40:32.602,1.29245,1.29254,1.50,1.62
2016.01.27 20:40:32.653,1.29245,1.2925,1.00,1.00
2016.01.27 20:40:32.704,1.2924,1.2925,1.87,1.49
2016.01.27 20:40:32.806,1.29238,1.29247,1.87,3.68
2016.01.27 20:40:32.857,1.29237,1.29247,1.12,3.68
2016.01.27 20:40:33.465,1.29236,1.29246,1.12,1.99
2016.01.27 20:40:34.111,1.29236,1.29246,1.52,1.99
2016.01.27 20:40:34.466,1.29235,1.29245,1.50,2.74
2016.01.27 20:40:34.946,1.29231,1.29241,2.74,1.00
2016.01.27 20:40:35.004,1.29231,1.29241,1.49,1.00
2016.01.27 20:40:35.885,1.29231,1.29241,4.42,1.00
2016.01.27 20:40:36.087,1.29231,1.29241,1.37,3.55
2016.01.27 20:40:36.290,1.2923,1.29241,2.25,4.30
2016.01.27 20:40:37.334,1.2923,1.2924,1.24,1.11
2016.01.27 20:40:37.385,1.2923,1.29237,1.24,1.00
2016.01.27 20:40:37.624,1.29228,1.29237,1.24,1.50
2016.01.27 20:40:37.837,1.2923,1.29239,1.00,2.23
2016.01.27 20:40:38.338,1.29229,1.29239,1.00,2.23
2016.01.27 20:40:38.641,1.29226,1.29236,2.74,1.00
2016.01.27 20:40:39.187,1.29226,1.29237,1.99,1.86
2016.01.27 20:40:39.642,1.2923,1.29237,1.00,1.50
2016.01.27 20:40:40.463,1.29229,1.29237,1.00,1.50
2016.01.27 20:40:41.043,1.2923,1.29237,1.00,1.69
2016.01.27 20:40:41.560,1.29229,1.29237,1.00,1.69
2016.01.27 20:40:41.813,1.29225,1.29236,1.87,1.25
2016.01.27 20:40:41.966,1.29225,1.29234,1.87,1.50
2016.01.27 20:40:42.473,1.29224,1.29234,1.61,1.87
2016.01.27 20:40:42.975,1.29225,1.29234,1.15,1.87
2016.01.27 20:40:43.648,1.29224,1.29234,1.24,1.87
2016.01.27 20:40:44.149,1.29221,1.29233,4.42,2.44
2016.01.27 20:40:44.657,1.29225,1.29234,1.25,1.87
2016.01.27 20:40:45.206,1.29226,1.29234,1.00,1.50
2016.01.27 20:40:45.560,1.29225,1.29233,1.00,1.69
2016.01.27 20:40:45.712,1.29223,1.29232,1.00,1.25
2016.01.27 20:40:46.240,1.29224,1.29233,1.31,1.00
2016.01.27 20:40:46.493,1.29223,1.29231,1.12,2.25
2016.01.27 20:40:46.595,1.29221,1.2923,1.00,6.94
2016.01.27 20:40:46.646,1.29221,1.29229,1.00,1.00
2016.01.27 20:40:46.697,1.29219,1.29229,1.00,1.00
2016.01.27 20:40:47.414,1.2922,1.29225,1.00,3.37
2016.01.27 20:40:47.669,1.2922,1.29229,1.00,3.19
2016.01.27 20:40:47.772,1.2922,1.29228,1.50,4.87
2016.01.27 20:40:48.557,1.2922,1.29227,1.50,3.37
2016.01.27 20:40:48.907,1.29225,1.2923,1.00,2.81
2016.01.27 20:40:48.958,1.29221,1.2923,1.12,1.56
2016.01.27 20:40:49.161,1.29225,1.29231,1.00,5.25
2016.01.27 20:40:49.698,1.29225,1.2923,1.00,3.75
2016.01.27 20:40:50.227,1.29225,1.2923,1.00,3.41
2016.01.27 20:40:50.279,1.29221,1.2923,1.87,3.41
2016.01.27 20:40:50.583,1.29225,1.2923,1.00,3.79
2016.01.27 20:40:50.863,1.29221,1.2923,1.12,4.16
2016.01.27 20:40:51.394,1.29221,1.2923,1.12,1.35
2016.01.27 20:40:51.900,1.2922,1.29229,2.81,1.50
2016.01.27 20:40:52.392,1.29221,1.29231,1.37,2.25
2016.01.27 20:40:52.695,1.29225,1.29231,1.00,1.00
2016.01.27 20:40:53.279,1.29224,1.29231,1.00,1.00
2016.01.27 20:40:53.827,1.29225,1.29231,1.00,1.00
2016.01.27 20:40:54.485,1.29224,1.29231,1.00,1.00
2016.01.27 20:40:55.021,1.29225,1.29231,1.00,5.66
2016.01.27 20:40:55.591,1.29221,1.29231,1.87,6.41
2016.01.27 20:40:56.489,1.29225,1.29231,1.00,6.41
2016.01.27 20:40:57.042,1.29224,1.29229,1.00,1.12
2016.01.27 20:40:57.292,1.2922,1.29225,1.12,1.22
2016.01.27 20:40:57.394,1.29216,1.29226,4.12,4.16
2016.01.27 20:40:57.446,1.29216,1.29226,1.12,1.30
2016.01.27 20:40:57.547,1.29216,1.29226,1.12,4.16
2016.01.27 20:40:58.647,1.29215,1.29225,1.00,1.22
2016.01.27 20:40:59.152,1.29215,1.29225,1.00,6.41
2016.01.27 20:40:59.664,1.29216,1.29225,1.00,4.91
2016.01.27 20:41:00.125,1.29214,1.29225,1.50,2.06
2016.01.27 20:41:00.631,1.29214,1.29225,1.87,2.81
2016.01.27 20:41:01.091,1.29215,1.29223,1.12,3.75
2016.01.27 20:41:01.810,1.29219,1.29223,1.00,3.75
2016.01.27 20:41:01.912,1.29216,1.29223,1.87,3.75
2016.01.27 20:41:02.433,1.29215,1.29224,1.50,3.74
2016.01.27 20:41:03.041,1.29215,1.29225,1.50,5.24
2016.01.27 20:41:03.112,1.2922,1.29225,1.00,5.24
2016.01.27 20:41:03.658,1.29219,1.29225,1.00,3.74
2016.01.27 20:41:04.260,1.2922,1.29225,1.00,3.74
2016.01.27 20:41:04.362,1.29216,1.29225,1.00,3.74
2016.01.27 20:41:04.464,1.2922,1.29225,1.00,3.74
2016.01.27 20:41:05.361,1.29219,1.29225,1.00,3.74
2016.01.27 20:41:05.462,1.29219,1.29226,1.00,1.00
2016.01.27 20:41:05.614,1.2922,1.29227,1.87,1.00
2016.01.27 20:41:06.256,1.2922,1.29229,1.00,4.49
2016.01.27 20:41:06.774,1.2922,1.29229,1.00,2.80
2016.01.27 20:41:07.129,1.29225,1.2923,1.00,1.87
2016.01.27 20:41:07.515,1.29225,1.29231,1.00,1.50
2016.01.27 20:41:08.135,1.29224,1.29231,1.00,1.87
2016.01.27 20:41:08.682,1.29225,1.29231,1.00,1.12
2016.01.27 20:41:09.225,1.29224,1.29231,1.00,1.00
2016.01.27 20:41:09.749,1.29225,1.29231,1.00,1.00
2016.01.27 20:41:10.869,1.29225,1.29232,1.00,1.12
2016.01.27 20:41:11.186,1.29229,1.29232,1.00,1.00
2016.01.27 20:41:11.288,1.29229,1.29237,1.00,7.14
2016.01.27 20:41:11.339,1.29229,1.29237,1.00,6.77
2016.01.27 20:41:12.282,1.2923,1.29237,1.00,3.02
2016.01.27 20:41:12.485,1.29228,1.29238,1.00,3.02
2016.01.27 20:41:13.003,1.29229,1.29238,1.00,3.02
2016.01.27 20:41:13.515,1.29228,1.29238,1.00,3.02
2016.01.27 20:41:14.217,1.29229,1.29238,1.00,3.02
2016.01.27 20:41:14.517,1.29231,1.2924,1.00,3.02
2016.01.27 20:41:14.821,1.29233,1.29241,1.56,2.25
2016.01.27 20:41:14.872,1.29235,1.29242,1.00,1.00
2016.01.27 20:41:15.074,1.29232,1.29242,3.37,1.12
2016.01.27 20:41:15.680,1.29232,1.29241,3.37,1.00
2016.01.27 20:41:16.020,1.29234,1.29241,1.00,1.12
2016.01.27 20:41:16.527,1.29233,1.29241,1.12,3.02
2016.01.27 20:41:16.826,1.29233,1.29244,2.44,1.12
2016.01.27 20:41:16.877,1.29237,1.29245,1.00,1.00
2016.01.27 20:41:17.181,1.2924,1.29245,1.00,1.00
2016.01.27 20:41:17.283,1.2924,1.29247,1.00,3.77
2016.01.27 20:41:18.331,1.29239,1.29247,1.00,3.02
2016.01.27 20:41:18.837,1.2924,1.29247,1.00,3.02
2016.01.27 20:41:18.888,1.2924,1.29245,1.00,3.02
2016.01.27 20:41:18.990,1.29235,1.29242,3.37,3.02
2016.01.27 20:41:19.535,1.29235,1.29242,1.00,3.02
2016.01.27 20:41:19.993,1.29234,1.29244,1.69,1.00
2016.01.27 20:41:20.095,1.2924,1.29244,1.00,1.00
2016.01.27 20:41:20.248,1.2924,1.29248,1.00,6.77
2016.01.27 20:41:20.882,1.29239,1.29248,1.00,4.52
2016.01.27 20:41:21.085,1.2924,1.29247,1.00,3.75
2016.01.27 20:41:21.347,1.2924,1.29248,1.00,1.56
2016.01.27 20:41:22.399,1.29239,1.29248,1.00,1.56
2016.01.27 20:41:22.949,1.29239,1.29248,1.00,2.06
2016.01.27 20:41:23.504,1.2924,1.29249,1.00,5.25
2016.01.27 20:41:23.957,1.2924,1.29247,1.00,3.75
2016.01.27 20:41:24.701,1.29239,1.29247,1.00,3.75
2016.01.27 20:41:25.212,1.2924,1.29249,1.00,4.50
2016.01.27 20:41:26.491,1.2924,1.29247,1.00,3.75
2016.01.27 20:41:27.017,1.29239,1.29247,2.62,3.75
2016.01.27 20:41:27.543,1.2924,1.29248,2.25,3.75
2016.01.27 20:41:28.053,1.29241,1.29248,1.50,3.75
2016.01.27 20:41:28.554,1.2924,1.29248,2.62,3.75
2016.01.27 20:41:29.128,1.2924,1.29248,2.62,3.75
2016.01.27 20:41:30.233,1.2924,1.29248,3.00,3.75
2016.01.27 20:41:30.537,1.29244,1.29248,1.00,3.75
2016.01.27 20:41:30.639,1.29242,1.29248,1.12,3.75
2016.01.27 20:41:31.436,1.29245,1.29248,1.00,3.75
2016.01.27 20:41:31.997,1.29245,1.29252,1.00,4.87
2016.01.27 20:41:32.297,1.29245,1.29252,1.00,1.00
2016.01.27 20:41:32.348,1.2925,1.29254,1.00,4.50
2016.01.27 20:41:32.753,1.29248,1.29255,1.50,3.75
2016.01.27 20:41:32.956,1.2925,1.29255,1.00,3.75
2016.01.27 20:41:33.007,1.2925,1.29257,1.00,4.50
2016.01.27 20:41:33.707,1.29249,1.29257,1.00,4.50
2016.01.27 20:41:33.859,1.2925,1.29256,1.00,3.75
2016.01.27 20:41:34.399,1.2925,1.29252,1.00,3.75
2016.01.27 20:41:34.450,1.29246,1.29252,3.37,3.75
2016.01.27 20:41:34.864,1.29244,1.29253,3.00,3.75
2016.01.27 20:41:34.966,1.29244,1.29251,1.50,3.75
2016.01.27 20:41:35.476,1.29245,1.29251,1.00,3.75
2016.01.27 20:41:35.993,1.29244,1.29251,1.12,3.75
2016.01.27 20:41:36.656,1.29245,1.29252,1.00,4.50
2016.01.27 20:41:37.303,1.29244,1.29252,1.00,4.50
2016.01.27 20:41:37.808,1.29245,1.29252,1.00,4.50
2016.01.27 20:41:38.361,1.29244,1.29252,1.50,4.50
2016.01.27 20:41:38.891,1.29245,1.2925,1.00,3.75
2016.01.27 20:41:40.083,1.29244,1.2925,1.00,3.75
2016.01.27 20:41:40.872,1.29245,1.2925,1.00,3.75
2016.01.27 20:41:42.000,1.29244,1.29251,1.00,3.75
2016.01.27 20:41:42.356,1.29245,1.29252,1.00,1.56
2016.01.27 20:41:42.878,1.29244,1.29253,1.12,4.87
2016.01.27 20:41:43.298,1.29245,1.29253,1.50,1.00
2016.01.27 20:41:43.842,1.29246,1.29254,1.00,1.50
2016.01.27 20:41:43.994,1.29244,1.29255,3.75,2.06
2016.01.27 20:41:44.653,1.29245,1.29255,1.00,2.06
2016.01.27 20:41:45.086,1.2925,1.29254,1.31,1.00
2016.01.27 20:41:45.137,1.2925,1.29259,1.31,1.50
2016.01.27 20:41:45.593,1.2925,1.29257,1.00,1.00
2016.01.27 20:41:46.177,1.29249,1.29257,1.12,3.75
2016.01.27 20:41:46.633,1.2925,1.29256,1.00,4.50
2016.01.27 20:41:47.683,1.29249,1.29256,1.00,4.50
2016.01.27 20:41:47.733,1.2925,1.29256,1.00,1.00
2016.01.27 20:41:48.298,1.29249,1.29256,1.00,1.00
2016.01.27 20:41:48.551,1.29249,1.29258,1.00,1.69
2016.01.27 20:41:48.602,1.2925,1.29258,1.00,4.50
2016.01.27 20:41:49.218,1.29249,1.29257,1.00,1.56
2016.01.27 20:41:49.768,1.2925,1.29257,1.00,1.56
2016.01.27 20:41:50.406,1.29249,1.29257,1.00,4.50
2016.01.27 20:41:50.909,1.2925,1.29256,1.00,3.75
2016.01.27 20:41:51.411,1.29249,1.29256,1.00,3.75
2016.01.27 20:41:52.000,1.29248,1.29255,1.00,2.81
2016.01.27 20:41:52.560,1.29248,1.29256,2.44,3.00
2016.01.27 20:41:52.864,1.29252,1.29259,4.87,1.00
2016.01.27 20:41:53.300,1.29253,1.29261,1.31,1.50
2016.01.27 20:41:53.351,1.29253,1.29261,4.50,1.00
2016.01.27 20:41:53.857,1.29253,1.2926,4.50,2.25
2016.01.27 20:41:54.605,1.29254,1.2926,1.50,2.25
2016.01.27 20:41:54.912,1.29255,1.2926,1.56,2.25
2016.01.27 20:41:55.469,1.29256,1.29261,1.31,2.25
2016.01.27 20:41:55.570,1.29256,1.29265,2.06,3.75
2016.01.27 20:41:55.621,1.29256,1.29265,5.25,2.25
2016.01.27 20:41:56.159,1.29257,1.29265,6.37,2.25
2016.01.27 20:41:56.636,1.2926,1.29265,3.75,2.25
2016.01.27 20:41:57.142,1.2926,1.29267,3.75,1.00
2016.01.27 20:41:57.350,1.29257,1.29267,3.56,2.06
2016.01.27 20:41:57.557,1.29257,1.29265,7.50,1.00
2016.01.27 20:41:57.862,1.29259,1.29267,3.75,1.00
2016.01.27 20:41:58.169,1.29261,1.29268,3.75,3.00
2016.01.27 20:41:58.474,1.29261,1.29265,3.75,2.25
2016.01.27 20:41:58.527,1.29258,1.29265,6.00,2.25
2016.01.27 20:41:58.731,1.29257,1.29266,3.56,1.50
2016.01.27 20:41:58.980,1.29257,1.29264,4.50,1.00
2016.01.27 20:41:59.082,1.29255,1.29264,1.62,3.00
2016.01.27 20:41:59.184,1.29255,1.2926,1.62,1.00
2016.01.27 20:41:59.643,1.29255,1.29263,1.69,1.00
2016.01.27 20:41:59.795,1.29254,1.2926,6.00,1.00
2016.01.27 20:41:59.847,1.29254,1.29263,5.25,1.00
2016.01.27 20:42:00.153,1.29255,1.29265,1.56,1.50
2016.01.27 20:42:00.255,1.29259,1.29265,3.75,1.00
2016.01.27 20:42:00.569,1.29261,1.29265,3.75,1.00
2016.01.27 20:42:00.926,1.29262,1.29265,3.75,2.25
2016.01.27 20:42:01.455,1.29262,1.29266,3.75,1.00
2016.01.27 20:42:01.737,1.29262,1.2927,3.75,2.62
2016.01.27 20:42:01.895,1.29262,1.29265,3.75,1.00
2016.01.27 20:42:02.057,1.29262,1.29271,3.75,6.00
2016.01.27 20:42:02.457,1.29262,1.29265,3.75,1.00
2016.01.27 20:42:03.561,1.2926,1.29268,1.69,1.00
2016.01.27 20:42:03.663,1.29259,1.29265,4.12,2.25
2016.01.27 20:42:04.068,1.29258,1.29264,4.50,1.00
2016.01.27 20:42:04.119,1.29256,1.29264,1.50,1.50
2016.01.27 20:42:04.171,1.29256,1.29262,1.50,1.00
2016.01.27 20:42:04.461,1.29252,1.2926,4.12,2.25
2016.01.27 20:42:04.767,1.29253,1.2926,3.75,1.00
2016.01.27 20:42:05.901,1.29254,1.29261,5.25,2.25
2016.01.27 20:42:06.422,1.29254,1.2926,5.25,2.25
2016.01.27 20:42:07.010,1.29256,1.2926,1.31,2.25
2016.01.27 20:42:07.116,1.29256,1.29263,1.31,1.00
2016.01.27 20:42:07.167,1.29256,1.29265,1.31,3.75
2016.01.27 20:42:07.677,1.29255,1.29264,4.50,1.00
2016.01.27 20:42:08.309,1.29255,1.29265,4.87,1.00
2016.01.27 20:42:08.840,1.29255,1.29266,4.87,1.12
2016.01.27 20:42:09.762,1.29255,1.29264,4.12,1.00
2016.01.27 20:42:10.066,1.29256,1.29266,3.75,2.25
2016.01.27 20:42:10.168,1.29255,1.29266,1.69,1.16
2016.01.27 20:42:10.370,1.29256,1.29267,4.50,1.50
2016.01.27 20:42:10.883,1.29256,1.29266,4.50,1.00
2016.01.27 20:42:11.347,1.29258,1.29268,4.50,1.87
2016.01.27 20:42:11.870,1.29259,1.2927,1.56,6.04
2016.01.27 20:42:12.594,1.2926,1.2927,1.00,2.29
2016.01.27 20:42:14.576,1.29259,1.29271,1.31,6.22
2016.01.27 20:42:15.132,1.29259,1.29269,1.00,1.41
2016.01.27 20:42:16.192,1.29259,1.29269,1.31,1.05
2016.01.27 20:42:16.668,1.29257,1.29267,1.87,2.62
2016.01.27 20:42:16.972,1.29257,1.29266,3.75,1.12
2016.01.27 20:42:17.277,1.29255,1.29266,1.87,4.72
2016.01.27 20:42:18.086,1.29255,1.29266,2.25,3.52
2016.01.27 20:42:18.591,1.29255,1.29267,1.87,2.96
2016.01.27 20:42:19.300,1.29259,1.29267,4.12,3.00
2016.01.27 20:42:19.730,1.29261,1.29271,4.12,3.37
2016.01.27 20:42:19.986,1.29261,1.29269,4.12,1.00
2016.01.27 20:42:20.392,1.2926,1.29269,1.87,1.09
2016.01.27 20:42:20.544,1.29261,1.29271,1.25,3.75
2016.01.27 20:42:21.049,1.29261,1.29272,1.87,3.90
2016.01.27 20:42:21.567,1.29262,1.29272,1.00,6.15
2016.01.27 20:42:21.618,1.29262,1.29272,2.80,2.21
2016.01.27 20:42:22.162,1.29262,1.29272,1.30,2.21
2016.01.27 20:42:22.264,1.29264,1.29272,1.23,1.12
2016.01.27 20:42:22.416,1.29265,1.29274,1.50,1.84
2016.01.27 20:42:22.922,1.29265,1.29275,2.80,1.12
2016.01.27 20:42:23.438,1.29266,1.29276,1.30,1.09
2016.01.27 20:42:23.972,1.29265,1.29276,7.67,1.84
2016.01.27 20:42:24.494,1.29267,1.29277,1.00,3.52
2016.01.27 20:42:24.999,1.29265,1.29276,5.25,1.34
2016.01.27 20:42:26.133,1.29264,1.29275,2.62,1.84
2016.01.27 20:42:27.197,1.29265,1.29275,1.50,2.59
2016.01.27 20:42:28.470,1.29265,1.29274,2.62,1.00
2016.01.27 20:42:28.835,1.29263,1.29268,1.00,1.31
2016.01.27 20:42:28.937,1.29262,1.2927,1.12,2.25
2016.01.27 20:42:28.988,1.2926,1.2927,1.50,1.50
2016.01.27 20:42:29.443,1.2926,1.2927,6.94,1.37
2016.01.27 20:42:29.948,1.2926,1.29269,6.94,1.37
2016.01.27 20:42:30.266,1.2926,1.2927,6.94,1.00
2016.01.27 20:42:30.840,1.2926,1.2927,3.75,1.12
2016.01.27 20:42:33.524,1.2926,1.29271,1.75,3.37
2016.01.27 20:42:34.037,1.2926,1.2927,3.00,1.00
2016.01.27 20:42:34.570,1.2926,1.29271,3.75,2.62
2016.01.27 20:42:35.574,1.29261,1.29271,3.75,1.12
2016.01.27 20:42:36.851,1.29261,1.29269,1.87,1.25
2016.01.27 20:42:37.155,1.29261,1.29271,2.06,1.25
2016.01.27 20:42:37.257,1.29261,1.29272,5.25,2.62
2016.01.27 20:42:37.795,1.29262,1.29271,1.56,1.00
2016.01.27 20:42:38.130,1.29265,1.29274,1.00,6.37
2016.01.27 20:42:38.699,1.29265,1.29274,1.00,6.37
2016.01.27 20:42:39.116,1.29265,1.29275,1.00,5.25
2016.01.27 20:42:39.292,1.29269,1.29276,3.75,1.50
2016.01.27 20:42:39.343,1.29269,1.29278,4.50,1.00
2016.01.27 20:42:39.849,1.29269,1.29279,3.75,1.50
2016.01.27 20:42:40.103,1.29267,1.29278,1.25,3.75
2016.01.27 20:42:40.628,1.29266,1.29277,9.37,1.00
2016.01.27 20:42:41.159,1.29269,1.29277,1.00,1.00
2016.01.27 20:42:41.260,1.29269,1.2928,1.00,3.19
2016.01.27 20:42:41.833,1.29269,1.29279,1.50,1.00
2016.01.27 20:42:42.353,1.29268,1.29279,2.06,1.00
2016.01.27 20:42:42.970,1.29268,1.29279,2.06,1.00
2016.01.27 20:42:43.199,1.2927,1.2928,4.12,2.62
2016.01.27 20:42:43.704,1.2927,1.29279,4.12,1.00
2016.01.27 20:42:44.270,1.2927,1.2928,4.12,3.37
2016.01.27 20:42:44.774,1.29269,1.29279,3.75,1.50
2016.01.27 20:42:45.079,1.2927,1.29277,1.87,1.00
2016.01.27 20:42:45.181,1.29267,1.29277,4.50,1.50
2016.01.27 20:42:45.785,1.29269,1.29279,1.25,3.94
2016.01.27 20:42:46.241,1.29269,1.29277,1.25,1.00
2016.01.27 20:42:46.781,1.29267,1.29275,1.25,3.00
2016.01.27 20:42:47.546,1.29265,1.29275,2.06,2.06
2016.01.27 20:42:48.175,1.29264,1.29275,1.87,2.06
2016.01.27 20:42:48.882,1.29263,1.29275,5.66,2.06
2016.01.27 20:42:49.348,1.29266,1.29274,3.75,1.00
2016.01.27 20:42:49.855,1.29267,1.29275,4.50,1.00
2016.01.27 20:42:49.906,1.29267,1.29278,3.75,1.12
2016.01.27 20:42:51.028,1.29267,1.29279,4.12,6.00
2016.01.27 20:42:51.536,1.29267,1.29278,4.12,1.00
2016.01.27 20:42:52.046,1.29267,1.29277,4.12,1.50
2016.01.27 20:42:52.097,1.29267,1.29276,1.25,1.00
2016.01.27 20:42:52.627,1.29267,1.29275,1.25,1.12
2016.01.27 20:42:52.729,1.29268,1.29275,3.75,1.00
2016.01.27 20:42:52.830,1.29266,1.29275,4.12,1.00
2016.01.27 20:42:52.983,1.29266,1.29278,4.12,2.25
2016.01.27 20:42:53.518,1.29268,1.29278,3.75,1.87
2016.01.27 20:42:53.782,1.29266,1.29278,4.12,1.87
2016.01.27 20:42:54.326,1.29267,1.29279,4.12,4.50
2016.01.27 20:42:55.153,1.29269,1.29279,3.75,4.87
2016.01.27 20:42:55.255,1.29267,1.29278,1.25,1.12
2016.01.27 20:42:55.306,1.29269,1.29278,1.00,1.87
2016.01.27 20:42:55.510,1.29267,1.29278,1.87,2.64
2016.01.27 20:42:55.714,1.29265,1.29275,5.06,1.00
2016.01.27 20:42:56.487,1.29265,1.29275,3.00,1.50
2016.01.27 20:42:56.943,1.29266,1.29273,1.00,1.00
2016.01.27 20:42:56.994,1.29263,1.29273,1.37,1.50
2016.01.27 20:42:57.146,1.29262,1.2927,1.37,1.00
2016.01.27 20:42:58.867,1.29259,1.29269,3.56,1.00
2016.01.27 20:42:59.022,1.29259,1.29269,2.81,1.00
2016.01.27 20:42:59.837,1.29259,1.2927,1.62,4.80
2016.01.27 20:43:00.868,1.29263,1.29272,1.25,3.75
2016.01.27 20:43:01.678,1.29261,1.2927,2.44,1.00
2016.01.27 20:43:02.083,1.2926,1.2927,1.37,1.87
2016.01.27 20:43:03.048,1.2926,1.2927,1.12,1.50
2016.01.27 20:43:03.503,1.29259,1.29268,1.62,1.50
2016.01.27 20:43:03.964,1.29257,1.29266,3.37,1.00
2016.01.27 20:43:04.508,1.29258,1.29269,3.19,1.00
2016.01.27 20:43:05.016,1.2926,1.2927,1.25,1.00
2016.01.27 20:43:05.067,1.29259,1.2927,2.44,1.00
2016.01.27 20:43:05.594,1.29259,1.29271,5.44,2.62
2016.01.27 20:43:05.899,1.29263,1.29271,3.75,1.50
2016.01.27 20:43:06.001,1.29265,1.29274,6.00,3.37
2016.01.27 20:43:06.103,1.29267,1.29276,3.75,1.50
2016.01.27 20:43:06.689,1.29269,1.29278,1.25,1.87
2016.01.27 20:43:07.296,1.29268,1.29278,4.12,1.00
2016.01.27 20:43:07.722,1.2927,1.29279,4.50,1.12
2016.01.27 20:43:08.241,1.2927,1.2928,4.87,1.00
2016.01.27 20:43:08.924,1.29271,1.2928,1.25,1.87
2016.01.27 20:43:09.229,1.29266,1.29278,5.62,6.37
2016.01.27 20:43:09.482,1.29267,1.29278,1.50,2.06
2016.01.27 20:43:09.634,1.2927,1.2928,1.00,5.14
2016.01.27 20:43:10.072,1.2927,1.29282,2.25,9.00
2016.01.27 20:43:10.612,1.29271,1.29282,1.00,7.12
2016.01.27 20:43:11.475,1.2927,1.29279,1.37,1.00
2016.01.27 20:43:11.836,1.29272,1.29281,1.00,3.37
2016.01.27 20:43:12.191,1.2927,1.29279,3.16,1.37
2016.01.27 20:43:12.247,1.2927,1.29282,3.16,2.25
2016.01.27 20:43:12.839,1.29271,1.29282,3.54,1.25
2016.01.27 20:43:13.352,1.29272,1.29283,1.00,1.25
2016.01.27 20:43:14.044,1.29271,1.29284,2.41,3.19
2016.01.27 20:43:14.553,1.29272,1.29283,1.00,7.12
2016.01.27 20:43:15.416,1.29272,1.29282,1.00,5.25
2016.01.27 20:43:16.108,1.29272,1.29281,1.00,4.12
2016.01.27 20:43:16.260,1.29271,1.29283,5.79,4.50
2016.01.27 20:43:16.312,1.29275,1.29283,1.00,4.50
2016.01.27 20:43:16.884,1.29275,1.29283,1.87,4.12
2016.01.27 20:43:17.875,1.29276,1.29284,1.00,1.25
2016.01.27 20:43:18.129,1.29276,1.29284,1.00,4.12
2016.01.27 20:43:18.634,1.29275,1.29284,1.50,4.87
2016.01.27 20:43:19.386,1.29274,1.29283,1.87,6.00
2016.01.27 20:43:19.969,1.29273,1.29281,2.62,3.75
2016.01.27 20:43:20.070,1.29272,1.29282,1.75,3.75
2016.01.27 20:43:20.841,1.29273,1.29283,1.12,1.12
2016.01.27 20:43:20.993,1.29272,1.29282,3.37,1.69
2016.01.27 20:43:21.501,1.29274,1.29281,1.50,3.75
2016.01.27 20:43:22.086,1.29271,1.29282,2.62,1.87
2016.01.27 20:43:22.316,1.29272,1.29282,1.00,5.62
2016.01.27 20:43:22.620,1.29272,1.2928,1.12,5.25
2016.01.27 20:43:23.702,1.29269,1.29279,4.87,3.75
2016.01.27 20:43:25.011,1.29271,1.29279,1.75,3.75
2016.01.27 20:43:25.061,1.29271,1.2928,1.75,4.12
2016.01.27 20:43:25.825,1.29271,1.2928,1.50,3.75
2016.01.27 20:43:25.926,1.29273,1.29282,3.04,1.00
2016.01.27 20:43:26.456,1.29272,1.29283,1.00,4.69
2016.01.27 20:43:26.811,1.29269,1.2928,1.37,4.84
2016.01.27 20:43:27.489,1.29265,1.29275,3.37,5.06
2016.01.27 20:43:27.540,1.29263,1.29274,3.79,2.06
2016.01.27 20:43:27.642,1.29263,1.29274,3.79,1.69
2016.01.27 20:43:28.148,1.29263,1.29271,3.04,1.00
2016.01.27 20:43:28.485,1.29259,1.29269,6.42,1.87
2016.01.27 20:43:28.992,1.29261,1.2927,1.00,3.75
2016.01.27 20:43:29.347,1.29259,1.29268,1.12,4.87
2016.01.27 20:43:29.663,1.29257,1.29266,1.50,4.12
2016.01.27 20:43:29.967,1.29257,1.29267,1.87,1.25
2016.01.27 20:43:30.474,1.29256,1.29268,1.12,6.37
2016.01.27 20:43:30.991,1.29258,1.29269,1.00,3.00
2016.01.27 20:43:31.529,1.29258,1.29269,1.87,1.50
2016.01.27 20:43:31.680,1.29258,1.29269,3.37,1.00
2016.01.27 20:43:32.047,1.2926,1.29271,8.29,2.25
2016.01.27 20:43:32.860,1.2926,1.29271,5.14,1.31
2016.01.27 20:43:33.412,1.2926,1.29271,3.37,4.87
2016.01.27 20:43:33.615,1.29261,1.29271,1.39,1.69
2016.01.27 20:43:34.074,1.29262,1.29271,1.12,3.75
2016.01.27 20:43:34.944,1.29261,1.29272,2.14,3.37
2016.01.27 20:43:35.147,1.29262,1.2927,1.00,3.75
2016.01.27 20:43:35.619,1.29259,1.2927,4.20,2.81
2016.01.27 20:43:36.928,1.29258,1.29268,3.19,1.62
2016.01.27 20:43:37.449,1.29256,1.29265,1.50,1.37
2016.01.27 20:43:37.982,1.29254,1.29264,1.25,1.25
2016.01.27 20:43:38.559,1.29254,1.29264,1.25,3.19
2016.01.27 20:43:38.762,1.29252,1.29261,1.12,1.50
2016.01.27 20:43:39.556,1.2925,1.29261,6.00,1.69
2016.01.27 20:43:40.332,1.2925,1.29259,1.62,1.87
2016.01.27 20:43:40.636,1.29252,1.29261,3.75,2.25
2016.01.27 20:43:41.142,1.29252,1.2926,3.75,1.50
2016.01.27 20:43:41.606,1.29255,1.2926,3.75,1.00
2016.01.27 20:43:41.658,1.29255,1.29265,3.75,7.87
2016.01.27 20:43:42.168,1.29255,1.29263,3.75,1.50
2016.01.27 20:43:42.219,1.29253,1.29263,3.75,1.50
2016.01.27 20:43:42.992,1.29254,1.29263,1.25,1.12
2016.01.27 20:43:43.727,1.29253,1.29264,4.12,3.75
2016.01.27 20:43:44.238,1.29253,1.29264,3.75,5.25
2016.01.27 20:43:44.761,1.29251,1.29264,7.12,4.12
2016.01.27 20:43:45.422,1.29252,1.29264,3.56,1.87
2016.01.27 20:43:45.573,1.29253,1.29264,1.25,1.12
2016.01.27 20:43:45.624,1.29254,1.29264,3.75,1.12
2016.01.27 20:43:45.928,1.29254,1.29264,1.25,3.56
2016.01.27 20:43:46.325,1.29253,1.29262,3.75,3.75
2016.01.27 20:43:47.140,1.29255,1.29261,3.75,1.00
2016.01.27 20:43:47.623,1.29255,1.29265,3.75,2.25
2016.01.27 20:43:47.727,1.29258,1.29265,3.75,2.25
2016.01.27 20:43:47.981,1.29254,1.29264,1.87,1.69
2016.01.27 20:43:48.133,1.29254,1.29261,1.00,1.69
2016.01.27 20:43:48.183,1.29252,1.29261,1.50,1.69
2016.01.27 20:43:49.350,1.29252,1.2926,1.00,3.75
2016.01.27 20:43:50.687,1.29251,1.29261,1.50,4.87
2016.01.27 20:43:51.940,1.29251,1.29263,4.31,6.37
2016.01.27 20:43:52.446,1.29252,1.29261,1.00,2.06
2016.01.27 20:43:52.863,1.29256,1.29262,3.75,1.12
2016.01.27 20:43:53.163,1.29255,1.29265,1.00,1.87
2016.01.27 20:43:53.687,1.29254,1.29265,1.12,2.44
2016.01.27 20:43:54.264,1.29254,1.29264,1.12,1.69
2016.01.27 20:43:54.789,1.29253,1.29264,1.87,1.56
2016.01.27 20:43:55.308,1.29254,1.29264,1.87,1.69
2016.01.27 20:43:55.954,1.29254,1.29264,3.94,1.25
2016.01.27 20:43:56.005,1.29257,1.29268,1.25,3.75
2016.01.27 20:43:56.729,1.29257,1.29267,1.62,1.12
2016.01.27 20:43:57.110,1.29259,1.29269,1.62,2.44
2016.01.27 20:43:57.719,1.29259,1.2927,2.81,1.94
2016.01.27 20:43:58.131,1.29259,1.2927,1.56,2.81
2016.01.27 20:43:58.284,1.2926,1.2927,6.00,1.00
2016.01.27 20:44:00.254,1.2926,1.2927,2.06,1.78
2016.01.27 20:44:00.558,1.2926,1.29271,5.06,1.00
2016.01.27 20:44:01.082,1.29262,1.29271,1.50,1.12
2016.01.27 20:44:01.386,1.29263,1.29273,2.25,1.03
2016.01.27 20:44:01.487,1.29263,1.29274,2.81,1.78
2016.01.27 20:44:02.247,1.29265,1.29276,1.37,5.71
2016.01.27 20:44:02.798,1.29264,1.29275,2.81,1.28
2016.01.27 20:44:03.710,1.29266,1.29273,1.00,1.00
2016.01.27 20:44:04.217,1.29267,1.29276,4.12,3.75
2016.01.27 20:44:05.301,1.29268,1.29277,5.25,1.00
2016.01.27 20:44:05.843,1.29269,1.29276,1.50,1.03
2016.01.27 20:44:06.565,1.29268,1.29277,1.12,1.40
2016.01.27 20:44:06.880,1.29267,1.29276,1.12,3.46
2016.01.27 20:44:07.386,1.29267,1.29277,1.87,3.84
2016.01.27 20:44:07.487,1.29269,1.29278,1.31,1.37
2016.01.27 20:44:07.639,1.29269,1.29278,1.87,1.28
2016.01.27 20:44:07.740,1.29269,1.29278,2.25,4.59
2016.01.27 20:44:08.459,1.2927,1.29279,1.00,2.53
2016.01.27 20:44:08.560,1.29272,1.29279,1.00,2.06
2016.01.27 20:44:08.712,1.29272,1.29281,2.25,1.69
2016.01.27 20:44:09.270,1.29273,1.29281,1.00,1.56
2016.01.27 20:44:09.877,1.29272,1.29282,2.25,5.62
2016.01.27 20:44:09.928,1.29272,1.29277,2.25,3.75
2016.01.27 20:44:10.032,1.29272,1.29279,1.12,1.87
2016.01.27 20:44:10.728,1.29272,1.29281,2.25,3.94
2016.01.27 20:44:11.440,1.29272,1.29281,1.50,1.00
2016.01.27 20:44:11.977,1.29272,1.29282,1.12,3.00
2016.01.27 20:44:12.028,1.29272,1.29281,1.12,1.56
2016.01.27 20:44:12.332,1.2927,1.29279,1.12,2.06
2016.01.27 20:44:13.334,1.29268,1.29279,1.37,3.56
2016.01.27 20:44:13.842,1.29269,1.29279,1.87,2.06
2016.01.27 20:44:14.118,1.2927,1.29277,1.25,1.00
2016.01.27 20:44:14.756,1.2927,1.29278,1.25,1.00
2016.01.27 20:44:15.060,1.29266,1.29277,1.87,7.12
2016.01.27 20:44:15.111,1.29267,1.29277,1.00,7.12
2016.01.27 20:44:16.295,1.29267,1.29277,1.31,1.25
2016.01.27 20:44:16.397,1.29267,1.29278,2.06,4.87
2016.01.27 20:44:17.030,1.29268,1.29278,1.12,4.12
2016.01.27 20:44:17.424,1.29271,1.2928,1.50,4.87
2016.01.27 20:44:17.528,1.29271,1.29282,2.25,3.19
2016.01.27 20:44:18.344,1.29273,1.29283,2.06,1.69
2016.01.27 20:44:18.892,1.29275,1.29284,2.25,3.00
2016.01.27 20:44:19.299,1.29275,1.29284,1.00,2.25
2016.01.27 20:44:20.052,1.29274,1.29284,1.87,2.81
2016.01.27 20:44:21.270,1.29273,1.29284,2.25,1.69
2016.01.27 20:44:21.879,1.29273,1.29283,2.25,1.00
2016.01.27 20:44:22.092,1.29273,1.29283,2.25,1.37
2016.01.27 20:44:22.397,1.29271,1.29282,4.50,1.69
2016.01.27 20:44:22.549,1.29271,1.2928,1.37,1.37
2016.01.27 20:44:22.600,1.29271,1.29279,1.00,1.25
2016.01.27 20:44:23.163,1.29269,1.29279,1.00,2.06
2016.01.27 20:44:23.690,1.29269,1.29279,1.00,5.62
2016.01.27 20:44:24.444,1.29268,1.29279,5.45,1.50
2016.01.27 20:44:24.781,1.29271,1.29279,1.50,1.00
2016.01.27 20:44:25.186,1.29273,1.29281,2.64,1.37
2016.01.27 20:44:25.940,1.29272,1.29282,1.50,2.06
2016.01.27 20:44:26.245,1.29275,1.29283,1.12,1.25
2016.01.27 20:44:26.764,1.29274,1.29284,1.87,1.56
2016.01.27 20:44:27.102,1.29276,1.29285,1.12,1.69
2016.01.27 20:44:29.477,1.29276,1.29286,2.64,1.00
2016.01.27 20:44:29.809,1.29275,1.29281,1.51,1.00
2016.01.27 20:44:30.163,1.29272,1.2928,5.83,1.00
2016.01.27 20:44:30.366,1.29273,1.2928,3.58,1.00
2016.01.27 20:44:30.867,1.29273,1.29279,3.58,1.12
2016.01.27 20:44:30.919,1.29272,1.29279,1.25,1.12
2016.01.27 20:44:31.173,1.29273,1.2928,3.75,1.00
2016.01.27 20:44:31.375,1.29271,1.2928,2.06,1.12
2016.01.27 20:44:31.904,1.29271,1.29279,2.44,1.00
2016.01.27 20:44:32.428,1.29271,1.29278,1.87,1.00
2016.01.27 20:44:32.580,1.29272,1.29281,1.00,1.69
2016.01.27 20:44:33.239,1.29272,1.2928,1.00,1.25
2016.01.27 20:44:33.492,1.2927,1.29278,1.12,4.12
2016.01.27 20:44:33.695,1.29269,1.29279,1.31,1.50
2016.01.27 20:44:33.949,1.29269,1.29279,2.81,1.12
2016.01.27 20:44:34.547,1.29271,1.2928,1.00,2.62
2016.01.27 20:44:35.053,1.2927,1.29279,1.37,1.31
2016.01.27 20:44:36.034,1.29271,1.29279,1.37,1.25
2016.01.27 20:44:36.187,1.29277,1.29286,6.00,1.37
2016.01.27 20:44:36.391,1.29281,1.29289,1.00,1.01
2016.01.27 20:44:36.673,1.29281,1.29288,1.37,1.00
2016.01.27 20:44:36.875,1.29282,1.29291,1.12,4.20
2016.01.27 20:44:38.192,1.29281,1.2929,1.50,3.45
2016.01.27 20:44:38.496,1.29285,1.29291,1.00,3.82
2016.01.27 20:44:38.547,1.29285,1.29293,1.00,3.82
2016.01.27 20:44:39.178,1.29285,1.29295,5.44,1.01
2016.01.27 20:44:39.532,1.29287,1.29297,2.44,2.14
2016.01.27 20:44:40.039,1.29288,1.29298,1.00,3.82
2016.01.27 20:44:40.700,1.2929,1.29299,1.37,3.37
2016.01.27 20:44:41.257,1.29289,1.29296,1.87,1.00
2016.01.27 20:44:41.309,1.29289,1.29296,1.12,1.00
2016.01.27 20:44:41.814,1.29288,1.29295,2.62,1.00
2016.01.27 20:44:42.476,1.29287,1.29294,3.00,1.00
2016.01.27 20:44:43.023,1.29287,1.29294,1.87,1.00
2016.01.27 20:44:43.569,1.29286,1.29294,4.69,1.00
2016.01.27 20:44:44.518,1.29287,1.29294,2.81,1.00
2016.01.27 20:44:44.821,1.29287,1.29294,1.12,1.00
2016.01.27 20:44:45.559,1.29286,1.29294,1.37,1.22
2016.01.27 20:44:46.094,1.29284,1.29294,1.94,1.00
2016.01.27 20:44:46.769,1.29288,1.29293,1.87,1.00
2016.01.27 20:44:47.344,1.29286,1.29293,1.37,1.00
2016.01.27 20:44:48.951,1.29286,1.29294,1.37,1.00
2016.01.27 20:44:49.508,1.29286,1.29294,5.25,1.00
2016.01.27 20:44:50.051,1.29287,1.29295,2.81,1.50
2016.01.27 20:44:50.509,1.29288,1.29298,4.31,1.66
2016.01.27 20:44:51.047,1.29288,1.29298,1.69,1.29
2016.01.27 20:44:51.291,1.29287,1.29296,3.94,1.00
2016.01.27 20:44:51.342,1.29288,1.29296,1.69,1.00
2016.01.27 20:44:51.798,1.29288,1.29294,1.25,1.00
2016.01.27 20:44:52.101,1.29288,1.29294,1.62,1.00
2016.01.27 20:44:52.721,1.29287,1.29297,2.06,1.00
2016.01.27 20:44:53.177,1.29287,1.29295,2.06,1.00
2016.01.27 20:44:53.717,1.29287,1.29294,1.56,1.00
2016.01.27 20:44:54.287,1.29286,1.29294,2.06,1.00
2016.01.27 20:44:55.431,1.29286,1.29293,1.25,1.00
2016.01.27 20:44:55.942,1.29283,1.29295,7.50,1.69
2016.01.27 20:44:56.808,1.29283,1.29289,1.50,1.00
2016.01.27 20:44:56.911,1.29283,1.29293,2.06,1.31
2016.01.27 20:44:57.266,1.29284,1.29294,1.37,1.00
2016.01.27 20:44:58.199,1.29287,1.29294,3.75,1.00
2016.01.27 20:44:58.352,1.29286,1.29293,1.12,1.00
2016.01.27 20:44:59.853,1.29286,1.2929,1.69,1.00
2016.01.27 20:45:00.354,1.29286,1.2929,1.25,1.00
2016.01.27 20:45:00.658,1.29283,1.29291,5.25,1.50
2016.01.27 20:45:00.761,1.29283,1.29289,1.12,3.75
2016.01.27 20:45:00.863,1.29283,1.2929,1.00,1.00
2016.01.27 20:45:01.400,1.29281,1.29288,1.60,1.00
2016.01.27 20:45:01.705,1.29278,1.29285,1.50,1.50
2016.01.27 20:45:02.212,1.2928,1.29286,1.00,1.00
2016.01.27 20:45:02.489,1.2928,1.2929,1.72,1.00
2016.01.27 20:45:02.646,1.29285,1.2929,4.16,1.00
2016.01.27 20:45:02.697,1.29285,1.29294,6.41,3.75
2016.01.27 20:45:03.001,1.29287,1.29296,1.22,1.12
2016.01.27 20:45:03.153,1.29286,1.29293,1.50,1.00
2016.01.27 20:45:03.802,1.2928,1.29287,4.35,1.00
2016.01.27 20:45:03.856,1.29283,1.2929,1.30,2.25
2016.01.27 20:45:04.516,1.29285,1.2929,1.00,1.50
2016.01.27 20:45:04.618,1.29285,1.29292,4.16,1.00
2016.01.27 20:45:04.848,1.29285,1.29294,4.54,1.12
2016.01.27 20:45:04.950,1.29285,1.29292,1.12,1.00
2016.01.27 20:45:05.456,1.29283,1.29294,1.72,2.29
2016.01.27 20:45:07.650,1.29282,1.29289,2.47,1.00
2016.01.27 20:45:08.055,1.29281,1.29289,1.67,1.00
2016.01.27 20:45:08.156,1.29279,1.29288,1.50,1.00
2016.01.27 20:45:08.668,1.29279,1.29288,2.85,1.00
2016.01.27 20:45:09.786,1.29279,1.2929,1.50,4.16
2016.01.27 20:45:10.302,1.2928,1.29288,2.25,1.00
2016.01.27 20:45:10.808,1.29278,1.29288,1.37,1.41
2016.01.27 20:45:11.505,1.29278,1.29286,3.00,1.00
2016.01.27 20:45:11.557,1.29278,1.29286,1.00,1.16
2016.01.27 20:45:11.659,1.29275,1.29281,1.50,1.00
2016.01.27 20:45:11.710,1.29275,1.29281,1.12,1.00
2016.01.27 20:45:11.761,1.29273,1.29278,5.25,1.00
2016.01.27 20:45:11.965,1.29273,1.29281,1.50,1.41
2016.01.27 20:45:12.320,1.29271,1.29282,5.06,4.50
2016.01.27 20:45:13.170,1.29272,1.29283,1.69,5.25
2016.01.27 20:45:13.525,1.29271,1.29281,4.50,1.56
2016.01.27 20:45:13.940,1.29271,1.29277,4.50,1.00
2016.01.27 20:45:14.396,1.29271,1.29276,2.25,1.31
2016.01.27 20:45:14.700,1.2927,1.29279,1.37,1.69
2016.01.27 20:45:14.751,1.29271,1.29279,1.37,1.31
2016.01.27 20:45:15.391,1.2927,1.29281,3.19,5.62
2016.01.27 20:45:15.695,1.2927,1.29278,2.44,1.00
2016.01.27 20:45:15.746,1.2927,1.29278,2.44,1.00
2016.01.27 20:45:15.950,1.2927,1.29276,1.00,1.00
2016.01.27 20:45:16.277,1.29267,1.29271,1.00,1.00
2016.01.27 20:45:16.431,1.29263,1.29271,1.37,1.00
2016.01.27 20:45:16.937,1.29265,1.2927,1.00,1.00
2016.01.27 20:45:17.583,1.29265,1.29272,1.87,1.00
2016.01.27 20:45:17.685,1.29265,1.29274,1.31,1.00
2016.01.27 20:45:18.191,1.29266,1.29274,1.00,1.00
2016.01.27 20:45:18.854,1.29265,1.29273,3.19,1.00
2016.01.27 20:45:19.341,1.29266,1.29273,1.69,1.00
2016.01.27 20:45:19.594,1.2927,1.29277,1.00,1.00
2016.01.27 20:45:20.075,1.29273,1.29278,1.00,1.12
2016.01.27 20:45:20.127,1.29274,1.29283,3.75,1.50
2016.01.27 20:45:20.230,1.29272,1.2928,2.44,1.00
2016.01.27 20:45:20.745,1.29273,1.29281,1.87,1.00
2016.01.27 20:45:21.084,1.29275,1.29281,1.00,1.56
2016.01.27 20:45:21.439,1.29276,1.29281,4.69,1.00
2016.01.27 20:45:21.858,1.29277,1.29283,2.62,1.00
2016.01.27 20:45:22.318,1.29276,1.29279,2.62,1.00
2016.01.27 20:45:22.571,1.29275,1.29279,1.50,1.00
2016.01.27 20:45:23.077,1.29275,1.2928,1.12,1.00
2016.01.27 20:45:23.879,1.29276,1.2928,1.00,1.00
2016.01.27 20:45:24.392,1.29277,1.29282,1.50,1.00
2016.01.27 20:45:24.544,1.29278,1.29282,2.62,1.00
2016.01.27 20:45:24.596,1.29278,1.29281,1.87,1.00
2016.01.27 20:45:24.647,1.29277,1.29281,1.12,1.00
2016.01.27 20:45:24.864,1.29276,1.2928,1.87,1.00
2016.01.27 20:45:24.965,1.29274,1.2928,3.37,1.00
2016.01.27 20:45:26.027,1.29276,1.2928,1.00,1.00
2016.01.27 20:45:26.622,1.29276,1.2928,1.00,1.00
2016.01.27 20:45:27.134,1.29275,1.2928,2.25,1.00
2016.01.27 20:45:27.804,1.29275,1.29279,1.87,1.00
2016.01.27 20:45:28.576,1.29275,1.29279,1.50,1.00
2016.01.27 20:45:29.384,1.29277,1.2928,1.00,1.00
2016.01.27 20:45:29.788,1.2928,1.29282,1.00,1.00
2016.01.27 20:45:30.295,1.2928,1.29284,1.37,1.00
2016.01.27 20:45:30.447,1.2928,1.29284,1.37,1.00
2016.01.27 20:45:30.980,1.2928,1.29284,1.37,1.00
2016.01.27 20:45:32.073,1.29275,1.29283,1.12,1.50
2016.01.27 20:45:32.125,1.29274,1.29281,1.87,1.00
2016.01.27 20:45:32.632,1.29275,1.29282,1.12,1.00
2016.01.27 20:45:33.292,1.29275,1.29283,1.00,1.87
2016.01.27 20:45:33.800,1.29273,1.29282,1.87,1.00
2016.01.27 20:45:34.365,1.29273,1.29281,1.87,1.12
2016.01.27 20:45:34.873,1.29274,1.29283,1.00,2.44
2016.01.27 20:45:34.975,1.29273,1.29281,1.37,1.00
2016.01.27 20:45:35.515,1.29273,1.29279,1.37,1.00
2016.01.27 20:45:35.825,1.29272,1.29278,1.00,1.00
2016.01.27 20:45:35.978,1.29269,1.29273,1.87,1.00
2016.01.27 20:45:36.177,1.29265,1.29273,1.87,1.00
2016.01.27 20:45:36.233,1.29264,1.29273,1.87,1.50
2016.01.27 20:45:36.756,1.29263,1.29272,1.87,1.50
2016.01.27 20:45:37.110,1.29263,1.2927,1.12,1.00
2016.01.27 20:45:37.687,1.29263,1.2927,1.37,1.00
2016.01.27 20:45:37.940,1.29262,1.2927,2.62,1.00
2016.01.27 20:45:38.143,1.29263,1.29272,3.11,1.50
2016.01.27 20:45:38.308,1.29265,1.29273,1.00,1.12
2016.01.27 20:45:39.254,1.29265,1.29274,1.12,5.25
2016.01.27 20:45:39.941,1.29265,1.29273,1.12,1.12
2016.01.27 20:45:40.764,1.29265,1.29274,2.06,2.25
2016.01.27 20:45:41.304,1.29263,1.29272,4.87,1.00
2016.01.27 20:45:41.457,1.29263,1.29271,1.00,2.62
2016.01.27 20:45:41.661,1.29264,1.29271,1.69,1.87
2016.01.27 20:45:41.763,1.29264,1.29271,1.00,1.87
2016.01.27 20:45:41.996,1.29265,1.29272,1.00,1.50
2016.01.27 20:45:42.507,1.29265,1.29273,1.37,1.87
2016.01.27 20:45:42.852,1.29264,1.29273,1.00,1.00
2016.01.27 20:45:43.635,1.29265,1.29274,1.12,3.37
2016.01.27 20:45:43.787,1.29265,1.29275,2.62,1.00
2016.01.27 20:45:44.345,1.29266,1.29275,1.69,1.12
2016.01.27 20:45:44.868,1.29267,1.29276,1.00,4.12
2016.01.27 20:45:45.126,1.2927,1.29276,1.00,1.87
2016.01.27 20:45:45.227,1.29267,1.29276,1.56,1.87
2016.01.27 20:45:45.729,1.29267,1.29276,1.50,1.87
2016.01.27 20:45:45.892,1.29267,1.29276,1.00,2.44
2016.01.27 20:45:46.095,1.29267,1.29272,1.00,1.00
2016.01.27 20:45:47.167,1.29264,1.29272,1.00,1.00
2016.01.27 20:45:47.708,1.29263,1.29272,2.44,1.00
2016.01.27 20:45:47.948,1.29263,1.2927,1.50,1.00
2016.01.27 20:45:48.324,1.29263,1.29268,1.37,1.00
2016.01.27 20:45:48.391,1.29263,1.2927,1.87,1.00
2016.01.27 20:45:49.484,1.29262,1.2927,1.12,1.00
2016.01.27 20:45:51.245,1.29262,1.29272,2.25,1.00
2016.01.27 20:45:51.447,1.29265,1.29272,1.00,1.00
2016.01.27 20:45:51.955,1.29265,1.29273,1.12,1.12
2016.01.27 20:45:52.328,1.29266,1.29275,1.37,2.44
2016.01.27 20:45:52.380,1.29265,1.29275,1.12,2.44
2016.01.27 20:45:52.886,1.29265,1.29275,1.87,2.62
2016.01.27 20:45:52.988,1.2927,1.29275,1.37,1.87
2016.01.27 20:45:53.041,1.29271,1.29276,1.00,1.50
2016.01.27 20:45:53.144,1.2927,1.29279,2.25,1.87
2016.01.27 20:45:53.576,1.29271,1.2928,1.12,1.31
2016.01.27 20:45:53.991,1.29271,1.29277,1.12,1.00
2016.01.27 20:45:54.295,1.29274,1.29281,1.87,1.12
2016.01.27 20:45:54.803,1.29275,1.29284,4.31,2.06
2016.01.27 20:45:55.310,1.29275,1.29282,1.50,1.00
2016.01.27 20:45:55.665,1.29274,1.29284,2.06,1.31
2016.01.27 20:45:56.115,1.29274,1.29284,2.06,2.62
2016.01.27 20:45:56.470,1.29275,1.29284,1.69,1.87
2016.01.27 20:45:56.572,1.29275,1.29285,2.44,1.12
2016.01.27 20:45:57.677,1.29275,1.29284,1.69,1.00
2016.01.27 20:45:57.981,1.29274,1.29282,1.00,1.50
2016.01.27 20:45:59.082,1.29272,1.29281,1.69,1.00
2016.01.27 20:45:59.935,1.29272,1.29281,5.25,1.00
2016.01.27 20:46:00.037,1.29273,1.29281,1.69,1.00
2016.01.27 20:46:00.239,1.29275,1.29282,1.00,1.12
2016.01.27 20:46:00.543,1.29275,1.29282,1.37,1.12
2016.01.27 20:46:01.088,1.29274,1.29284,1.31,3.37
2016.01.27 20:46:01.594,1.29274,1.29284,1.00,1.37
2016.01.27 20:46:02.203,1.29273,1.29282,1.50,1.00
2016.01.27 20:46:02.768,1.29273,1.29282,1.37,1.00
2016.01.27 20:46:03.341,1.29275,1.29284,1.00,1.69
2016.01.27 20:46:03.868,1.29274,1.29284,6.75,1.12
2016.01.27 20:46:04.680,1.29276,1.29285,1.69,1.87
2016.01.27 20:46:05.265,1.29276,1.29285,2.81,1.87
2016.01.27 20:46:06.447,1.29277,1.29286,2.06,1.37
2016.01.27 20:46:07.002,1.29277,1.29286,1.69,1.00
2016.01.27 20:46:07.811,1.29276,1.29286,1.50,2.44
2016.01.27 20:46:08.290,1.29276,1.29284,1.00,1.31
2016.01.27 20:46:08.600,1.29274,1.29284,1.31,2.06
2016.01.27 20:46:08.802,1.29274,1.29282,1.62,1.00
2016.01.27 20:46:09.667,1.29275,1.29283,1.37,1.00
2016.01.27 20:46:09.974,1.29276,1.29285,1.12,3.26
2016.01.27 20:46:11.283,1.29276,1.29286,1.12,1.50
2016.01.27 20:46:11.335,1.29277,1.29286,1.37,1.50
2016.01.27 20:46:11.436,1.29277,1.29288,2.06,1.87
2016.01.27 20:46:11.963,1.29277,1.29289,1.25,5.40
2016.01.27 20:46:12.166,1.29279,1.29289,1.00,2.62
2016.01.27 20:46:12.580,1.2928,1.2929,9.56,1.00
2016.01.27 20:46:12.631,1.29283,1.29293,1.00,1.50
2016.01.27 20:46:13.293,1.29284,1.29294,1.00,2.25
2016.01.27 20:46:13.818,1.29282,1.29293,1.87,2.40
2016.01.27 20:46:14.349,1.29283,1.29293,1.25,1.00
2016.01.27 20:46:14.886,1.29284,1.29294,1.00,1.87
2016.01.27 20:46:15.140,1.29286,1.29294,1.00,1.12
2016.01.27 20:46:15.343,1.29288,1.29297,1.31,2.25
2016.01.27 20:46:15.444,1.2929,1.29297,1.00,2.25
2016.01.27 20:46:15.647,1.29291,1.293,1.00,1.50
2016.01.27 20:46:16.173,1.29291,1.293,1.00,1.00
2016.01.27 20:46:16.224,1.29293,1.29299,1.31,1.00
2016.01.27 20:46:16.528,1.29295,1.293,1.00,1.00
2016.01.27 20:46:17.024,1.29295,1.29302,1.50,1.00
2016.01.27 20:46:17.227,1.29295,1.29298,1.00,1.00
2016.01.27 20:46:17.279,1.29293,1.29298,1.50,1.00
2016.01.27 20:46:17.431,1.29296,1.29299,1.00,1.00
2016.01.27 20:46:17.584,1.29297,1.29302,1.00,1.37
2016.01.27 20:46:17.635,1.29295,1.29302,1.50,1.37
2016.01.27 20:46:18.120,1.29293,1.29301,1.00,2.77
2016.01.27 20:46:18.475,1.2929,1.293,3.00,3.15
2016.01.27 20:46:18.526,1.2929,1.29297,2.25,2.40
2016.01.27 20:46:18.923,1.29288,1.29295,1.12,2.40
2016.01.27 20:46:19.177,1.29289,1.29299,1.12,3.00
2016.01.27 20:46:19.228,1.29289,1.293,1.12,4.27
2016.01.27 20:46:19.279,1.29289,1.293,4.63,1.87
2016.01.27 20:46:19.584,1.29291,1.29302,3.51,5.25
2016.01.27 20:46:20.047,1.29289,1.293,4.26,1.00
2016.01.27 20:46:20.553,1.29291,1.29301,1.37,1.50
2016.01.27 20:46:21.142,1.29293,1.29304,2.20,2.25
2016.01.27 20:46:21.193,1.29296,1.29304,1.00,1.50
2016.01.27 20:46:21.706,1.29296,1.29307,2.25,1.50
2016.01.27 20:46:21.757,1.29297,1.29307,1.00,1.12
2016.01.27 20:46:22.598,1.29298,1.29308,1.00,1.37
2016.01.27 20:46:23.012,1.293,1.29308,1.00,1.37
2016.01.27 20:46:23.543,1.29296,1.29306,2.25,1.00
2016.01.27 20:46:23.695,1.29295,1.29304,1.12,3.52
2016.01.27 20:46:23.949,1.29293,1.29303,1.87,1.00
2016.01.27 20:46:24.050,1.29292,1.29301,2.25,3.15
2016.01.27 20:46:24.253,1.29291,1.29301,1.00,5.02
2016.01.27 20:46:24.545,1.29289,1.29299,1.12,4.27
2016.01.27 20:46:24.849,1.29287,1.29295,1.87,1.00
2016.01.27 20:46:25.102,1.29281,1.2929,3.00,1.00
2016.01.27 20:46:25.254,1.29282,1.29293,1.37,4.65
2016.01.27 20:46:27.021,1.29284,1.29293,1.00,1.37
2016.01.27 20:46:27.225,1.29288,1.29297,1.00,3.75
2016.01.27 20:46:27.276,1.2929,1.29297,1.00,2.25
2016.01.27 20:46:27.870,1.2929,1.29299,1.00,3.00
2016.01.27 20:46:28.073,1.29287,1.29299,1.83,3.75
2016.01.27 20:46:28.377,1.29289,1.29299,1.12,5.02
2016.01.27 20:46:28.833,1.29293,1.29299,1.00,1.12
2016.01.27 20:46:29.114,1.29296,1.29303,1.50,1.50
2016.01.27 20:46:29.165,1.29298,1.29303,1.00,1.12
2016.01.27 20:46:29.469,1.293,1.29307,2.25,1.37
2016.01.27 20:46:30.249,1.29301,1.29306,1.00,3.52
2016.01.27 20:46:30.554,1.29302,1.29308,1.00,4.50
2016.01.27 20:46:31.374,1.29305,1.29311,1.00,1.56
2016.01.27 20:46:31.577,1.29307,1.29311,1.00,2.06
2016.01.27 20:46:32.086,1.29306,1.29311,1.50,1.56
2016.01.27 20:46:32.597,1.29305,1.29311,1.50,4.50
2016.01.27 20:46:33.139,1.29304,1.2931,1.50,1.56
2016.01.27 20:46:33.644,1.29304,1.2931,1.50,1.00
2016.01.27 20:46:34.279,1.29304,1.2931,1.50,4.50
2016.01.27 20:46:34.481,1.29304,1.29312,1.87,3.75
2016.01.27 20:46:34.583,1.29305,1.29314,1.00,4.87
2016.01.27 20:46:34.786,1.29307,1.29314,1.00,3.75
2016.01.27 20:46:35.173,1.29307,1.29312,1.50,3.75
2016.01.27 20:46:35.645,1.29305,1.29312,1.50,3.75
2016.01.27 20:46:35.747,1.29303,1.29312,2.62,3.75
2016.01.27 20:46:36.421,1.29303,1.29313,1.50,3.75
2016.01.27 20:46:36.577,1.29303,1.29315,1.87,2.06
2016.01.27 20:46:36.680,1.29306,1.29316,1.00,4.50
2016.01.27 20:46:37.433,1.29305,1.29316,1.50,5.25
2016.01.27 20:46:38.006,1.29305,1.2931,1.00,1.69
2016.01.27 20:46:38.057,1.29302,1.29312,1.00,4.12
2016.01.27 20:46:38.261,1.29302,1.29309,1.00,4.12
2016.01.27 20:46:38.465,1.293,1.29307,2.62,1.00
2016.01.27 20:46:38.516,1.29302,1.29307,1.00,1.00
2016.01.27 20:46:38.668,1.293,1.2931,1.50,4.87
2016.01.27 20:46:39.041,1.29298,1.29308,1.12,1.56
2016.01.27 20:46:39.244,1.29296,1.29306,2.62,5.25
2016.01.27 20:46:39.397,1.29294,1.29304,1.12,3.75
2016.01.27 20:46:41.209,1.29293,1.29303,1.50,1.56
2016.01.27 20:46:41.765,1.29294,1.29304,1.12,3.75
2016.01.27 20:46:41.816,1.29294,1.29304,2.25,3.75
2016.01.27 20:46:41.968,1.29295,1.29305,1.87,2.06
2016.01.27 20:46:42.399,1.29297,1.29306,1.69,1.00
2016.01.27 20:46:42.905,1.29297,1.29307,2.81,1.25
2016.01.27 20:46:43.295,1.29297,1.29305,1.37,4.50
2016.01.27 20:46:43.397,1.29295,1.29304,1.00,3.75
2016.01.27 20:46:43.653,1.29293,1.29304,1.50,4.12
2016.01.27 20:46:44.159,1.29292,1.293,2.25,1.00
2016.01.27 20:46:44.468,1.29292,1.29299,1.50,3.75
2016.01.27 20:46:44.932,1.29292,1.29302,1.37,1.12
2016.01.27 20:46:45.439,1.29295,1.29303,1.00,1.31
2016.01.27 20:46:45.642,1.29293,1.29303,2.06,1.25
2016.01.27 20:46:45.971,1.29293,1.29303,1.87,4.12
2016.01.27 20:46:46.481,1.29293,1.29303,1.87,4.12
2016.01.27 20:46:46.997,1.29294,1.29303,1.12,4.12
2016.01.27 20:46:47.271,1.29294,1.29305,2.62,6.75
2016.01.27 20:46:47.782,1.29296,1.29304,1.50,4.12
2016.01.27 20:46:47.884,1.29294,1.29304,1.12,1.69
2016.01.27 20:46:48.137,1.29295,1.29304,4.50,1.00
2016.01.27 20:46:48.681,1.29295,1.29305,6.37,1.12
2016.01.27 20:46:50.577,1.29297,1.29306,1.25,1.12
2016.01.27 20:46:50.905,1.29295,1.29305,3.75,1.50
2016.01.27 20:46:51.562,1.29293,1.29303,4.87,1.00
2016.01.27 20:46:52.238,1.29296,1.29305,1.00,5.62
2016.01.27 20:46:52.339,1.29296,1.29305,1.12,1.69
2016.01.27 20:46:53.098,1.29294,1.29303,2.44,1.00
2016.01.27 20:46:53.539,1.29294,1.29305,2.06,1.31
2016.01.27 20:46:53.640,1.29294,1.29305,1.87,5.25
2016.01.27 20:46:54.159,1.29295,1.29305,1.87,5.62
2016.01.27 20:46:54.413,1.29296,1.29305,1.12,1.69
2016.01.27 20:46:54.705,1.29298,1.29305,1.00,1.12
2016.01.27 20:46:55.305,1.29298,1.29308,1.12,7.87
2016.01.27 20:46:55.558,1.29295,1.29304,1.12,1.00
2016.01.27 20:46:56.066,1.29294,1.29304,1.31,1.12
2016.01.27 20:46:56.621,1.29294,1.29305,2.06,3.37
2016.01.27 20:46:56.824,1.29295,1.29305,4.50,1.87
2016.01.27 20:46:57.711,1.29294,1.29305,1.56,2.81
2016.01.27 20:46:58.518,1.29293,1.29305,6.00,3.94
2016.01.27 20:46:58.835,1.29293,1.293,2.81,1.00
2016.01.27 20:46:59.466,1.29293,1.293,4.87,1.00
2016.01.27 20:46:59.517,1.29293,1.29304,4.87,2.25
2016.01.27 20:47:00.267,1.29294,1.29305,2.06,2.25
2016.01.27 20:47:00.493,1.29294,1.29301,1.00,1.00
2016.01.27 20:47:00.799,1.29286,1.29295,2.81,1.12
2016.01.27 20:47:00.900,1.29285,1.29295,1.00,4.87
2016.01.27 20:47:01.002,1.29285,1.29295,1.50,2.44
2016.01.27 20:47:01.509,1.29285,1.29294,1.69,1.00
2016.01.27 20:47:02.020,1.29285,1.29295,2.44,1.00
2016.01.27 20:47:02.225,1.29284,1.29294,1.50,4.12
2016.01.27 20:47:02.599,1.29282,1.2929,1.31,1.00
2016.01.27 20:47:03.132,1.2928,1.2929,1.25,3.19
2016.01.27 20:47:03.815,1.2928,1.29289,1.12,1.25
2016.01.27 20:47:04.321,1.29279,1.2929,2.06,3.37
2016.01.27 20:47:04.833,1.29279,1.2929,3.56,1.87
2016.01.27 20:47:05.375,1.2928,1.2929,2.44,1.12
2016.01.27 20:47:06.265,1.29279,1.2929,3.00,4.87
2016.01.27 20:47:06.599,1.29277,1.29285,2.25,1.31
2016.01.27 20:47:07.118,1.29276,1.29286,1.12,4.12
2016.01.27 20:47:07.870,1.29276,1.29284,1.87,3.75
2016.01.27 20:47:08.190,1.29275,1.29282,1.00,3.75
2016.01.27 20:47:08.393,1.29272,1.29282,1.00,3.75
2016.01.27 20:47:08.696,1.29271,1.29281,2.25,3.75
2016.01.27 20:47:09.034,1.29273,1.2928,1.00,1.00
2016.01.27 20:47:09.338,1.29271,1.2928,1.12,1.56
2016.01.27 20:47:09.994,1.29271,1.29278,1.50,4.50
2016.01.27 20:47:10.096,1.29267,1.29275,1.50,3.75
2016.01.27 20:47:10.248,1.29264,1.29275,2.25,3.75
2016.01.27 20:47:10.462,1.29265,1.29272,1.00,3.75
2016.01.27 20:47:10.771,1.29263,1.29274,3.00,1.56
2016.01.27 20:47:11.476,1.29263,1.29273,1.50,3.56
2016.01.27 20:47:11.678,1.29262,1.2927,1.00,1.00
2016.01.27 20:47:12.155,1.29263,1.29274,5.25,4.12
2016.01.27 20:47:12.761,1.29263,1.29274,1.00,4.74
2016.01.27 20:47:13.759,1.29263,1.29275,4.50,3.80
2016.01.27 20:47:14.063,1.29268,1.29277,1.50,1.55
2016.01.27 20:47:14.750,1.29269,1.29275,1.00,1.18
2016.01.27 20:47:14.807,1.29266,1.29275,2.62,1.18
2016.01.27 20:47:15.200,1.29265,1.29275,2.25,3.61
2016.01.27 20:47:15.301,1.29265,1.29276,2.06,1.55
2016.01.27 20:47:15.352,1.29267,1.29276,1.00,2.30
2016.01.27 20:47:15.904,1.29267,1.29276,1.50,5.49
2016.01.27 20:47:16.210,1.29268,1.29279,1.56,3.05
2016.01.27 20:47:16.261,1.29271,1.29279,1.00,1.55
2016.01.27 20:47:16.521,1.29271,1.2928,2.06,1.12
2016.01.27 20:47:17.053,1.29271,1.29281,1.50,1.80
2016.01.27 20:47:17.206,1.29269,1.2928,1.50,1.55
2016.01.27 20:47:17.257,1.2927,1.29281,1.87,1.80
2016.01.27 20:47:17.308,1.2927,1.29281,3.56,1.55
2016.01.27 20:47:17.577,1.29275,1.29282,2.44,1.00
2016.01.27 20:47:17.629,1.29277,1.29286,1.50,1.12
2016.01.27 20:47:17.781,1.29279,1.29286,1.50,1.12
2016.01.27 20:47:18.087,1.29279,1.29288,5.62,1.87
2016.01.27 20:47:18.138,1.29279,1.29289,1.50,4.36
2016.01.27 20:47:18.391,1.29278,1.29287,1.00,3.61
2016.01.27 20:47:18.493,1.29277,1.29289,3.56,1.55
2016.01.27 20:47:18.847,1.29277,1.29288,1.00,3.61
2016.01.27 20:47:19.391,1.29276,1.29285,1.00,3.61
2016.01.27 20:47:19.695,1.29274,1.29285,1.31,1.12
2016.01.27 20:47:19.948,1.29276,1.29285,1.00,1.12
2016.01.27 20:47:20.490,1.29275,1.29288,1.12,4.55
2016.01.27 20:47:21.015,1.29274,1.29285,1.12,1.12
2016.01.27 20:47:21.640,1.29275,1.29285,1.00,1.00
2016.01.27 20:47:21.975,1.29276,1.29286,1.87,2.25
2016.01.27 20:47:22.330,1.29276,1.29287,2.62,4.74
2016.01.27 20:47:22.584,1.29275,1.29287,2.25,1.93
2016.01.27 20:47:23.122,1.29275,1.29287,4.87,2.06
2016.01.27 20:47:23.325,1.29277,1.29288,1.00,1.25
2016.01.27 20:47:23.882,1.29277,1.29289,3.19,1.87
2016.01.27 20:47:24.465,1.29276,1.29289,2.62,2.44
2016.01.27 20:47:24.884,1.29275,1.29288,9.75,4.12
2016.01.27 20:47:25.087,1.29276,1.29288,1.50,1.69
2016.01.27 20:47:25.687,1.29276,1.29288,1.00,4.87
2016.01.27 20:47:25.748,1.29276,1.29288,2.44,1.69
2016.01.27 20:47:26.152,1.29279,1.29288,1.00,1.25
2016.01.27 20:47:26.355,1.2928,1.2929,2.25,1.00
2016.01.27 20:47:26.896,1.29281,1.2929,1.50,1.25
2016.01.27 20:47:28.397,1.29281,1.29292,1.12,4.87
2016.01.27 20:47:28.962,1.29281,1.29292,1.12,1.69
2016.01.27 20:47:30.771,1.2928,1.29292,5.06,1.69
2016.01.27 20:47:30.924,1.29282,1.29293,4.12,1.12
2016.01.27 20:47:31.540,1.29284,1.29295,1.25,3.56
2016.01.27 20:47:31.592,1.29285,1.29295,1.37,3.19
2016.01.27 20:47:32.098,1.29286,1.29297,1.37,6.37
2016.01.27 20:47:32.251,1.29285,1.29297,2.06,2.25
2016.01.27 20:47:32.813,1.29292,1.29297,1.87,1.00
2016.01.27 20:47:32.864,1.29292,1.29301,2.81,1.12
2016.01.27 20:47:33.547,1.29292,1.29304,6.00,2.25
2016.01.27 20:47:33.598,1.29294,1.29304,1.25,1.12
2016.01.27 20:47:33.801,1.29294,1.29306,6.00,2.25
2016.01.27 20:47:34.005,1.29298,1.29307,1.31,1.50
2016.01.27 20:47:34.512,1.29298,1.29309,1.62,2.25
2016.01.27 20:47:35.053,1.293,1.2931,1.00,3.00
2016.01.27 20:47:35.205,1.293,1.29311,4.12,1.50
2016.01.27 20:47:35.509,1.29302,1.29311,3.19,1.12
2016.01.27 20:47:35.560,1.29302,1.29313,3.94,2.06
2016.01.27 20:47:35.611,1.29302,1.29313,2.06,1.31
2016.01.27 20:47:35.864,1.29301,1.29312,1.94,1.37
2016.01.27 20:47:36.217,1.29301,1.29309,1.50,1.12
2016.01.27 20:47:36.419,1.293,1.29308,3.75,3.37
2016.01.27 20:47:36.967,1.293,1.29308,4.50,1.12
2016.01.27 20:47:37.481,1.293,1.29309,4.50,1.50
2016.01.27 20:47:39.163,1.29302,1.29309,4.50,1.00
2016.01.27 20:47:39.265,1.293,1.2931,6.75,1.12
2016.01.27 20:47:39.518,1.29298,1.2931,3.19,1.56
2016.01.27 20:47:39.752,1.29298,1.29306,2.06,1.00
2016.01.27 20:47:39.805,1.29297,1.29305,2.25,2.06
2016.01.27 20:47:39.858,1.29297,1.29305,2.25,6.75
2016.01.27 20:47:39.909,1.29292,1.29305,5.06,6.75
2016.01.27 20:47:39.961,1.29292,1.29304,2.44,2.81
2016.01.27 20:47:40.511,1.29292,1.29304,7.50,2.81
2016.01.27 20:47:41.019,1.29294,1.29306,6.37,2.06
2016.01.27 20:47:41.171,1.29296,1.29307,3.75,3.37
2016.01.27 20:47:41.475,1.29302,1.29309,4.50,1.00
2016.01.27 20:47:41.577,1.29302,1.29313,5.25,1.12
2016.01.27 20:47:41.678,1.29304,1.29311,1.25,1.00
2016.01.27 20:47:41.780,1.29304,1.29314,2.06,2.06
2016.01.27 20:47:42.380,1.29305,1.29316,4.12,1.37
2016.01.27 20:47:42.684,1.29304,1.29315,2.81,1.25
2016.01.27 20:47:43.039,1.29303,1.29314,2.06,2.44
2016.01.27 20:47:43.545,1.29302,1.29312,1.69,1.12
2016.01.27 20:47:44.072,1.29301,1.29311,1.69,1.00
2016.01.27 20:47:44.622,1.29301,1.29311,2.06,2.25
2016.01.27 20:47:45.129,1.29301,1.29311,5.25,2.25
2016.01.27 20:47:45.635,1.29301,1.29312,4.50,1.50
2016.01.27 20:47:46.165,1.29301,1.29311,3.37,1.79
2016.01.27 20:47:46.521,1.29301,1.29307,3.37,1.50
2016.01.27 20:47:46.572,1.29298,1.29306,1.19,1.00
2016.01.27 20:47:46.623,1.29298,1.293,1.25,1.00
2016.01.27 20:47:46.674,1.29296,1.29299,1.50,1.31
2016.01.27 20:47:46.725,1.29296,1.29299,1.00,2.44
2016.01.27 20:47:46.776,1.29291,1.29297,1.50,2.25
2016.01.27 20:47:46.828,1.29289,1.29295,1.62,1.00
2016.01.27 20:47:47.232,1.29286,1.29294,3.75,1.00
2016.01.27 20:47:48.306,1.29287,1.29298,1.31,1.31
2016.01.27 20:47:48.509,1.29286,1.29297,3.37,3.75
2016.01.27 20:47:49.016,1.29286,1.29296,1.25,1.37
2016.01.27 20:47:49.578,1.29285,1.29295,1.25,2.06
2016.01.27 20:47:50.095,1.29286,1.29295,1.00,1.69
2016.01.27 20:47:50.600,1.29284,1.29295,1.12,1.12
2016.01.27 20:47:50.833,1.29286,1.29295,1.00,1.12
2016.01.27 20:47:51.137,1.29294,1.29302,3.00,2.25
2016.01.27 20:47:51.238,1.29293,1.29304,1.69,1.12
2016.01.27 20:47:51.290,1.29293,1.29304,1.69,1.50
2016.01.27 20:47:52.030,1.29293,1.29304,1.25,2.25
2016.01.27 20:47:52.849,1.29293,1.29305,1.05,2.44
2016.01.27 20:47:52.951,1.29292,1.29302,4.16,1.00
2016.01.27 20:47:53.499,1.29292,1.29303,3.37,1.00
2016.01.27 20:47:53.804,1.2929,1.29301,1.50,1.69
2016.01.27 20:47:54.209,1.29289,1.29297,1.05,1.00
2016.01.27 20:47:54.444,1.29289,1.29299,1.00,2.25
2016.01.27 20:47:55.033,1.29288,1.29299,6.37,1.31
2016.01.27 20:47:55.136,1.29289,1.29299,1.50,1.31
2016.01.27 20:47:55.341,1.2929,1.29299,1.37,1.00
2016.01.27 20:47:55.677,1.29294,1.29303,1.12,1.37
2016.01.27 20:47:56.142,1.29295,1.29303,1.12,1.00
2016.01.27 20:47:56.294,1.29293,1.29303,1.12,1.31
2016.01.27 20:47:56.877,1.29293,1.29305,1.05,2.44
2016.01.27 20:47:57.383,1.29293,1.29305,4.54,1.25
2016.01.27 20:47:57.434,1.29293,1.29306,8.47,2.25
2016.01.27 20:47:57.688,1.29295,1.29307,3.04,1.31
2016.01.27 20:47:57.891,1.29295,1.29306,1.16,2.62
2016.01.27 20:47:58.308,1.29294,1.29303,1.00,1.50
2016.01.27 20:47:58.871,1.29295,1.29303,3.60,1.00
2016.01.27 20:47:59.457,1.29294,1.29305,1.54,1.80
2016.01.27 20:47:59.508,1.29293,1.29304,1.41,1.76
2016.01.27 20:47:59.813,1.2929,1.29301,5.10,1.01
2016.01.27 20:48:00.066,1.2929,1.293,1.54,1.39
2016.01.27 20:48:00.218,1.29289,1.293,5.47,4.01
2016.01.27 20:48:00.563,1.29287,1.29296,1.79,1.50
2016.01.27 20:48:01.070,1.29288,1.29295,3.60,1.00
2016.01.27 20:48:01.121,1.29288,1.29297,3.60,1.87
2016.01.27 20:48:01.505,1.29288,1.29299,4.32,3.00
2016.01.27 20:48:02.626,1.29288,1.29298,3.57,1.50
2016.01.27 20:48:02.829,1.29287,1.29296,1.88,1.00
2016.01.27 20:48:03.031,1.29287,1.29296,3.37,2.25
2016.01.27 20:48:03.335,1.29291,1.29296,3.37,1.50
2016.01.27 20:48:03.386,1.29291,1.293,3.37,1.50
2016.01.27 20:48:03.673,1.29288,1.293,5.62,1.87
2016.01.27 20:48:03.724,1.29291,1.293,3.37,1.87
2016.01.27 20:48:03.826,1.29289,1.293,3.37,3.37
2016.01.27 20:48:03.927,1.29289,1.29298,3.37,1.00
2016.01.27 20:48:04.232,1.29286,1.29297,4.12,1.37
2016.01.27 20:48:04.735,1.29287,1.29296,3.37,1.00
2016.01.27 20:48:04.988,1.29287,1.29298,3.75,1.87
2016.01.27 20:48:05.342,1.29289,1.29298,4.12,1.87
2016.01.27 20:48:06.248,1.29291,1.29299,3.37,1.50
2016.01.27 20:48:06.351,1.29288,1.29299,1.19,1.50
2016.01.27 20:48:06.810,1.29287,1.29296,1.00,1.37
2016.01.27 20:48:07.196,1.29286,1.29293,1.00,1.50
2016.01.27 20:48:07.400,1.29283,1.29293,2.81,1.50
2016.01.27 20:48:08.007,1.29282,1.29294,2.06,1.50
2016.01.27 20:48:08.628,1.29281,1.29294,8.40,7.12
2016.01.27 20:48:08.680,1.29281,1.29293,3.34,2.06
2016.01.27 20:48:09.084,1.29281,1.2929,2.21,1.00
2016.01.27 20:48:09.136,1.29281,1.29292,2.21,1.50
2016.01.27 20:48:09.815,1.29281,1.29292,2.21,1.50
2016.01.27 20:48:10.220,1.29285,1.29292,1.00,1.00
2016.01.27 20:48:10.422,1.29282,1.29293,2.59,1.31
2016.01.27 20:48:10.918,1.29284,1.29293,1.87,1.56
2016.01.27 20:48:11.424,1.29284,1.29294,1.00,3.75
2016.01.27 20:48:11.932,1.29283,1.29294,5.40,1.12
2016.01.27 20:48:12.084,1.29286,1.29295,1.34,1.50
2016.01.27 20:48:12.186,1.29286,1.29297,1.84,2.06
2016.01.27 20:48:12.389,1.29287,1.29297,2.21,1.31
2016.01.27 20:48:13.240,1.29286,1.29299,5.21,4.50
2016.01.27 20:48:13.603,1.29288,1.29297,1.00,3.75
2016.01.27 20:48:13.907,1.29286,1.29295,1.50,5.25
2016.01.27 20:48:14.160,1.29283,1.29292,1.00,1.56
2016.01.27 20:48:14.458,1.29282,1.2929,1.87,1.19
2016.01.27 20:48:14.610,1.29282,1.29291,1.87,1.31
2016.01.27 20:48:15.167,1.29282,1.2929,1.87,1.00
2016.01.27 20:48:15.421,1.29281,1.2929,1.69,1.00
2016.01.27 20:48:16.173,1.29281,1.29289,1.00,1.00
2016.01.27 20:48:16.686,1.29281,1.2929,1.56,1.00
2016.01.27 20:48:16.927,1.29283,1.29292,1.37,1.62
2016.01.27 20:48:19.135,1.29281,1.29292,1.82,2.62
2016.01.27 20:48:19.742,1.2928,1.29291,1.70,2.06
2016.01.27 20:48:19.895,1.29281,1.29291,3.88,1.87
2016.01.27 20:48:20.461,1.29282,1.29291,1.32,1.00
2016.01.27 20:48:21.358,1.29282,1.29292,2.20,1.87
2016.01.27 20:48:21.593,1.29282,1.29291,1.07,1.00
2016.01.27 20:48:21.756,1.29282,1.29293,6.13,2.25
2016.01.27 20:48:22.364,1.29285,1.29293,1.37,1.87
2016.01.27 20:48:22.743,1.29281,1.29289,1.37,1.31
2016.01.27 20:48:22.794,1.29279,1.29288,1.00,1.00
2016.01.27 20:48:23.357,1.29279,1.29288,1.00,2.06
2016.01.27 20:48:23.815,1.29276,1.29287,2.57,1.25
2016.01.27 20:48:24.184,1.29279,1.29287,1.12,2.44
2016.01.27 20:48:24.689,1.29278,1.29287,1.37,2.81
2016.01.27 20:48:25.368,1.29279,1.29287,1.37,1.00
2016.01.27 20:48:25.887,1.29279,1.29288,1.37,1.69
2016.01.27 20:48:26.412,1.29279,1.29288,1.12,1.69
2016.01.27 20:48:26.948,1.29279,1.29288,1.12,2.44
2016.01.27 20:48:27.457,1.2928,1.29289,1.37,1.69
2016.01.27 20:48:27.963,1.29281,1.29291,1.37,4.69
2016.01.27 20:48:28.418,1.29282,1.29293,1.87,1.87
2016.01.27 20:48:28.621,1.29281,1.29292,2.20,1.00
2016.01.27 20:48:29.128,1.29281,1.29292,1.56,1.87
2016.01.27 20:48:29.676,1.29281,1.29292,2.06,1.50
2016.01.27 20:48:30.541,1.29282,1.29292,4.87,1.50
2016.01.27 20:48:31.242,1.29281,1.29292,6.75,1.12
2016.01.27 20:48:31.545,1.29281,1.2929,6.75,1.87
2016.01.27 20:48:32.167,1.29281,1.2929,2.81,1.50
2016.01.27 20:48:32.521,1.29278,1.29287,4.12,1.50
2016.01.27 20:48:32.724,1.29275,1.29285,1.31,1.31
2016.01.27 20:48:33.315,1.29274,1.29285,2.06,2.06
2016.01.27 20:48:33.417,1.29275,1.29283,1.62,1.00
2016.01.27 20:48:33.721,1.29274,1.29282,1.31,1.87
2016.01.27 20:48:34.025,1.29277,1.2928,1.00,1.00
2016.01.27 20:48:34.417,1.29283,1.29287,3.75,1.37
2016.01.27 20:48:34.518,1.29281,1.29287,4.87,1.00
2016.01.27 20:48:34.722,1.29279,1.29286,1.50,1.50
2016.01.27 20:48:34.773,1.29277,1.29282,2.44,1.00
2016.01.27 20:48:34.925,1.29278,1.29284,3.75,1.00
2016.01.27 20:48:35.486,1.29276,1.29284,3.75,1.50
2016.01.27 20:48:35.588,1.29274,1.29283,6.37,1.00
2016.01.27 20:48:36.096,1.29275,1.29277,1.25,1.00
2016.01.27 20:48:36.147,1.29272,1.29277,1.87,1.12
2016.01.27 20:48:36.198,1.29268,1.29272,5.17,1.00
2016.01.27 20:48:36.449,1.2926,1.29269,2.25,1.50
2016.01.27 20:48:36.552,1.2926,1.29269,1.00,1.87
2016.01.27 20:48:36.604,1.2926,1.29269,1.00,5.62
2016.01.27 20:48:37.064,1.29261,1.29269,1.00,1.00
2016.01.27 20:48:37.301,1.29266,1.29271,1.00,1.50
2016.01.27 20:48:37.457,1.29265,1.29275,5.25,1.00
2016.01.27 20:48:37.963,1.29266,1.29274,1.56,1.00
2016.01.27 20:48:38.340,1.29267,1.29277,1.25,2.44
2016.01.27 20:48:38.403,1.29268,1.29278,1.37,1.69
2016.01.27 20:48:38.707,1.29269,1.29279,1.12,1.50
2016.01.27 20:48:38.912,1.29268,1.29279,1.50,6.00
2016.01.27 20:48:39.216,1.29267,1.29275,1.69,1.00
2016.01.27 20:48:39.557,1.29269,1.29277,4.50,1.00
2016.01.27 20:48:39.608,1.29271,1.29279,1.25,1.00
2016.01.27 20:48:39.659,1.29271,1.29279,4.12,1.00
2016.01.27 20:48:40.169,1.29272,1.2928,1.56,1.00
2016.01.27 20:48:40.538,1.29272,1.29282,5.25,1.87
2016.01.27 20:48:40.690,1.29272,1.2928,2.25,1.00
2016.01.27 20:48:41.236,1.29272,1.29279,1.12,1.00
2016.01.27 20:48:41.626,1.29274,1.29281,1.25,1.00
2016.01.27 20:48:42.132,1.29272,1.2928,3.19,1.00
2016.01.27 20:48:42.855,1.29271,1.2928,2.25,4.87
2016.01.27 20:48:43.830,1.29269,1.2928,2.62,6.75
2016.01.27 20:48:43.882,1.29269,1.29278,1.12,4.50
2016.01.27 20:48:44.138,1.29267,1.29275,1.50,2.06
2016.01.27 20:48:44.293,1.29267,1.29275,1.12,5.25
2016.01.27 20:48:44.957,1.29267,1.29275,1.00,1.56
2016.01.27 20:48:46.010,1.29266,1.29275,1.12,2.06
2016.01.27 20:48:46.570,1.29266,1.29275,3.00,2.06
2016.01.27 20:48:46.835,1.2927,1.29278,1.00,1.31
2016.01.27 20:48:47.037,1.29268,1.29276,1.87,1.00
2016.01.27 20:48:47.340,1.29266,1.29275,3.37,1.56
2016.01.27 20:48:47.704,1.29268,1.29273,1.12,1.56
2016.01.27 20:48:47.757,1.29265,1.29273,1.37,1.56
2016.01.27 20:48:48.637,1.29264,1.29273,1.87,1.56
2016.01.27 20:48:48.943,1.29266,1.29274,2.25,3.75
2016.01.27 20:48:48.995,1.29267,1.29275,1.69,1.00
2016.01.27 20:48:49.524,1.29267,1.29275,3.37,1.00
2016.01.27 20:48:49.826,1.29266,1.29275,5.81,1.00
2016.01.27 20:48:50.388,1.29266,1.29274,3.00,3.75
2016.01.27 20:48:50.439,1.29264,1.2927,1.87,1.00
2016.01.27 20:48:50.541,1.29264,1.29272,1.87,1.31
2016.01.27 20:48:50.774,1.29264,1.2927,1.00,1.31
2016.01.27 20:48:51.027,1.29264,1.29273,1.00,3.75
2016.01.27 20:48:51.078,1.29264,1.2927,1.00,1.00
2016.01.27 20:48:51.332,1.29263,1.29273,1.37,3.75
2016.01.27 20:48:51.383,1.29263,1.2927,1.37,1.00
2016.01.27 20:48:51.917,1.29262,1.2927,2.25,1.31
2016.01.27 20:48:52.431,1.29266,1.29274,3.75,2.25
2016.01.27 20:48:52.720,1.29265,1.29273,1.50,1.12
2016.01.27 20:48:53.265,1.29262,1.29272,1.62,1.31
2016.01.27 20:48:53.328,1.29262,1.2927,1.62,1.00
2016.01.27 20:48:53.379,1.29261,1.29272,9.00,1.31
2016.01.27 20:48:53.914,1.29265,1.29274,1.50,1.25
2016.01.27 20:48:53.966,1.29268,1.29275,1.25,1.37
2016.01.27 20:48:54.118,1.29268,1.29277,1.69,1.12
2016.01.27 20:48:54.522,1.2927,1.29277,3.75,1.12
2016.01.27 20:48:55.111,1.29271,1.29278,1.69,1.00
2016.01.27 20:48:55.314,1.29273,1.29281,2.06,1.00
2016.01.27 20:48:55.773,1.29272,1.29279,2.06,1.00
2016.01.27 20:48:56.366,1.2927,1.29279,2.62,1.00
2016.01.27 20:48:56.878,1.29271,1.29281,1.37,1.60
2016.01.27 20:48:57.384,1.2927,1.2928,3.94,1.00
2016.01.27 20:48:58.035,1.29273,1.2928,1.00,1.00
2016.01.27 20:48:58.086,1.29273,1.29284,1.87,1.97
2016.01.27 20:48:58.594,1.29274,1.29284,1.50,1.22
2016.01.27 20:48:58.645,1.29274,1.29281,1.37,1.00
2016.01.27 20:48:59.152,1.29275,1.29281,1.37,1.00
2016.01.27 20:48:59.696,1.29275,1.29281,1.00,1.00
2016.01.27 20:49:00.000,1.29273,1.2928,1.87,1.00
2016.01.27 20:49:00.508,1.29272,1.2928,4.87,1.00
2016.01.27 20:49:00.966,1.29273,1.2928,3.94,1.00
2016.01.27 20:49:01.503,1.29275,1.29281,1.12,1.00
2016.01.27 20:49:02.352,1.29274,1.29281,1.69,1.00
2016.01.27 20:49:02.862,1.29273,1.29282,2.44,1.00
2016.01.27 20:49:03.237,1.29273,1.2928,2.44,1.00
2016.01.27 20:49:03.743,1.29273,1.29279,1.12,1.00
2016.01.27 20:49:03.895,1.29272,1.29282,1.12,1.00
2016.01.27 20:49:03.997,1.29275,1.29282,3.75,1.00
2016.01.27 20:49:04.536,1.29271,1.2928,6.75,1.00
2016.01.27 20:49:04.739,1.29273,1.2928,3.75,1.00
2016.01.27 20:49:05.246,1.29273,1.29281,3.75,1.50
2016.01.27 20:49:05.550,1.29271,1.2928,4.50,1.00
2016.01.27 20:49:06.098,1.2927,1.2928,4.87,1.00
2016.01.27 20:49:06.625,1.29272,1.29281,1.25,1.50
2016.01.27 20:49:07.175,1.29271,1.29281,4.50,1.00
2016.01.27 20:49:07.833,1.29271,1.2928,4.87,1.00
2016.01.27 20:49:08.073,1.29271,1.2928,1.25,1.00
2016.01.27 20:49:08.380,1.29271,1.29278,1.31,1.00
2016.01.27 20:49:08.686,1.29266,1.2927,1.00,1.00
2016.01.27 20:49:08.737,1.29263,1.2927,1.12,1.00
2016.01.27 20:49:08.941,1.29264,1.29273,1.56,1.50
2016.01.27 20:49:09.042,1.29267,1.29276,3.75,4.12
2016.01.27 20:49:09.393,1.2927,1.29277,3.75,1.00
2016.01.27 20:49:10.154,1.29268,1.29277,5.62,1.00
2016.01.27 20:49:10.606,1.29268,1.29272,2.44,1.00
2016.01.27 20:49:10.708,1.29267,1.29273,1.00,1.00
2016.01.27 20:49:11.064,1.29266,1.2927,3.19,1.00
2016.01.27 20:49:11.166,1.29266,1.29272,2.81,1.00
2016.01.27 20:49:11.696,1.29266,1.29275,3.94,1.00
2016.01.27 20:49:12.210,1.29266,1.29275,1.00,1.50
2016.01.27 20:49:12.716,1.29266,1.29273,1.00,1.00
2016.01.27 20:49:13.916,1.29266,1.29273,2.62,1.00
2016.01.27 20:49:14.520,1.29267,1.29274,1.87,1.00
2016.01.27 20:49:14.824,1.29269,1.29275,2.06,1.00
2016.01.27 20:49:14.875,1.29269,1.29278,2.06,1.00
2016.01.27 20:49:15.231,1.29271,1.2928,3.75,1.37
2016.01.27 20:49:15.774,1.29271,1.29279,1.50,1.00
2016.01.27 20:49:16.130,1.29271,1.29281,2.81,1.50
2016.01.27 20:49:16.632,1.2927,1.2928,2.06,2.62
2016.01.27 20:49:16.685,1.2927,1.29276,1.00,1.00
2016.01.27 20:49:17.190,1.29269,1.29275,2.44,1.00
2016.01.27 20:49:17.911,1.2927,1.29275,1.12,1.00
2016.01.27 20:49:18.717,1.29268,1.29275,2.25,1.00
2016.01.27 20:49:19.440,1.29269,1.29278,6.75,1.00
2016.01.27 20:49:19.492,1.29272,1.29281,2.06,1.50
2016.01.27 20:49:19.645,1.29272,1.29281,6.19,1.00
2016.01.27 20:49:19.848,1.29276,1.29284,1.31,1.00
2016.01.27 20:49:19.951,1.29277,1.29282,1.50,1.00
2016.01.27 20:49:20.154,1.29277,1.29285,1.50,1.00
2016.01.27 20:49:21.561,1.29275,1.29285,3.94,1.50
2016.01.27 20:49:21.928,1.29275,1.29282,3.19,1.00
2016.01.27 20:49:22.471,1.29276,1.29282,1.00,1.00
2016.01.27 20:49:22.796,1.29276,1.29285,1.00,1.56
2016.01.27 20:49:22.949,1.29273,1.29282,1.87,1.31
2016.01.27 20:49:23.584,1.29272,1.2928,2.81,1.00
2016.01.27 20:49:23.685,1.29272,1.2928,3.56,1.00
2016.01.27 20:49:26.779,1.29271,1.29278,2.25,1.00
2016.01.27 20:49:27.280,1.29271,1.29278,3.00,1.00
2016.01.27 20:49:27.758,1.29272,1.2928,1.00,1.50
2016.01.27 20:49:28.064,1.29273,1.2928,1.56,1.00
2016.01.27 20:49:28.218,1.29276,1.29285,1.31,1.50
2016.01.27 20:49:28.371,1.29278,1.29285,1.00,1.00
2016.01.27 20:49:28.677,1.29277,1.29283,1.87,1.00
2016.01.27 20:49:29.227,1.29277,1.29282,1.00,1.00
2016.01.27 20:49:29.329,1.29275,1.29282,3.94,1.00
2016.01.27 20:49:29.431,1.29275,1.29282,5.62,1.00
2016.01.27 20:49:30.066,1.29276,1.29282,1.31,1.00
2016.01.27 20:49:30.932,1.29276,1.29283,1.69,1.00
2016.01.27 20:49:32.076,1.29276,1.29281,2.06,1.00
2016.01.27 20:49:32.591,1.29276,1.29282,1.50,1.00
2016.01.27 20:49:33.174,1.29276,1.29281,1.50,1.00
2016.01.27 20:49:33.722,1.29275,1.2928,1.50,1.00
2016.01.27 20:49:34.507,1.29275,1.29281,2.62,1.00
2016.01.27 20:49:34.710,1.29275,1.29283,1.50,1.31
2016.01.27 20:49:35.219,1.29274,1.29282,1.00,1.00
2016.01.27 20:49:35.271,1.29274,1.2928,1.00,1.00
2016.01.27 20:49:35.812,1.29273,1.2928,2.25,1.00
2016.01.27 20:49:36.325,1.29274,1.2928,1.50,1.00
2016.01.27 20:49:36.942,1.29273,1.2928,1.50,1.00
2016.01.27 20:49:37.904,1.29272,1.2928,1.87,1.00
2016.01.27 20:49:38.449,1.29273,1.29278,1.00,1.00
2016.01.27 20:49:39.005,1.29273,1.29278,2.44,1.00
2016.01.27 20:49:39.208,1.29278,1.29282,1.00,1.00
2016.01.27 20:49:39.683,1.29276,1.29283,2.25,1.31
2016.01.27 20:49:39.784,1.29278,1.29283,1.50,1.00
2016.01.27 20:49:40.302,1.29278,1.29284,1.87,1.00
2016.01.27 20:49:40.505,1.29279,1.29287,1.00,2.06
2016.01.27 20:49:40.606,1.29281,1.29287,1.00,1.31
2016.01.27 20:49:42.507,1.29281,1.29286,1.00,1.00
2016.01.27 20:49:48.801,1.29281,1.29287,1.31,1.00
2016.01.27 20:49:49.302,1.29282,1.29288,1.12,1.00
2016.01.27 20:49:50.686,1.29282,1.29288,1.37,1.00
2016.01.27 20:49:51.378,1.29282,1.29288,1.12,1.00
2016.01.27 20:49:51.996,1.29283,1.29289,1.50,1.00
2016.01.27 20:49:52.958,1.29283,1.29291,2.06,1.00
2016.01.27 20:49:53.220,1.29284,1.29293,2.06,1.00
2016.01.27 20:49:55.054,1.29285,1.29293,1.00,1.00
2016.01.27 20:49:55.207,1.29287,1.29295,1.12,1.00
2016.01.27 20:49:55.737,1.29287,1.29296,1.87,1.31
2016.01.27 20:49:56.090,1.29288,1.29297,1.87,1.00
2016.01.27 20:49:56.565,1.29288,1.29295,1.50,1.00
2016.01.27 20:49:57.274,1.29288,1.29295,2.06,1.00
2016.01.27 20:49:58.318,1.2929,1.29295,1.00,1.00
2016.01.27 20:49:59.247,1.2929,1.29294,1.00,1.00
2016.01.27 20:49:59.551,1.2929,1.29292,1.00,1.00
2016.01.27 20:49:59.602,1.29288,1.29291,1.50,1.00
2016.01.27 20:49:59.654,1.29288,1.29294,1.87,1.00
2016.01.27 20:49:59.908,1.29288,1.29296,2.06,1.50
2016.01.27 20:50:00.307,1.29289,1.29294,1.12,1.00
2016.01.27 20:50:00.362,1.29287,1.29294,1.12,1.00
2016.01.27 20:50:00.867,1.29286,1.29294,1.87,1.00
2016.01.27 20:50:02.204,1.29286,1.29293,1.50,1.00
2016.01.27 20:50:02.709,1.29286,1.29294,2.06,1.00
2016.01.27 20:50:03.096,1.29286,1.29289,1.50,1.00
2016.01.27 20:50:03.401,1.29284,1.29287,1.37,1.00
2016.01.27 20:50:03.863,1.29283,1.29287,1.12,4.50
2016.01.27 20:50:04.118,1.29279,1.29287,1.87,4.50
2016.01.27 20:50:04.321,1.29278,1.29287,4.12,1.00
2016.01.27 20:50:04.524,1.29277,1.29286,1.12,1.00
2016.01.27 20:50:05.029,1.29278,1.29287,1.50,3.00
2016.01.27 20:50:05.594,1.29278,1.29284,1.50,1.00
2016.01.27 20:50:05.647,1.29275,1.29284,3.19,1.00
2016.01.27 20:50:06.154,1.29275,1.29283,1.12,1.31
2016.01.27 20:50:06.806,1.29273,1.29283,2.06,3.56
2016.01.27 20:50:07.264,1.29273,1.29282,2.25,3.75
2016.01.27 20:50:07.866,1.29275,1.29282,1.12,3.75
2016.01.27 20:50:08.020,1.29277,1.29287,3.75,3.00
2016.01.27 20:50:08.122,1.29275,1.29286,4.50,1.62
2016.01.27 20:50:08.852,1.29275,1.29284,3.75,1.00
2016.01.27 20:50:09.102,1.29275,1.29286,3.75,3.86
2016.01.27 20:50:09.457,1.29276,1.29287,3.75,3.75
2016.01.27 20:50:09.761,1.29269,1.29275,2.25,1.00
2016.01.27 20:50:09.862,1.29266,1.29276,4.12,1.00
2016.01.27 20:50:09.913,1.29265,1.29275,3.37,3.75
2016.01.27 20:50:10.219,1.29265,1.29276,2.06,1.12
2016.01.27 20:50:10.371,1.29268,1.29276,1.25,1.12
2016.01.27 20:50:10.626,1.29271,1.29281,2.44,1.50
2016.01.27 20:50:11.162,1.2927,1.29282,1.62,4.50
2016.01.27 20:50:11.670,1.2927,1.29282,1.25,4.87
2016.01.27 20:50:11.873,1.29269,1.29279,2.25,3.75
2016.01.27 20:50:11.975,1.29267,1.29279,2.44,4.12
2016.01.27 20:50:12.428,1.29266,1.29274,3.75,1.00
2016.01.27 20:50:13.455,1.29267,1.29274,1.00,1.00
2016.01.27 20:50:13.506,1.29267,1.29277,1.12,2.06
2016.01.27 20:50:13.866,1.29266,1.29274,1.50,1.00
2016.01.27 20:50:14.171,1.29265,1.29271,2.81,1.00
2016.01.27 20:50:15.016,1.29265,1.29271,2.06,1.00
2016.01.27 20:50:15.947,1.29265,1.29273,3.56,1.00
2016.01.27 20:50:16.049,1.29266,1.29275,1.50,1.31
2016.01.27 20:50:16.489,1.29265,1.29271,1.00,1.00
2016.01.27 20:50:17.000,1.29263,1.29271,1.12,1.31
2016.01.27 20:50:17.203,1.29261,1.29271,1.87,2.06
2016.01.27 20:50:17.717,1.2926,1.29271,4.12,2.06
2016.01.27 20:50:18.221,1.29261,1.29271,2.25,1.50
2016.01.27 20:50:19.224,1.29261,1.29269,1.87,1.50
2016.01.27 20:50:19.725,1.2926,1.29269,4.31,1.50
2016.01.27 20:50:20.226,1.29261,1.29269,1.00,1.50
2016.01.27 20:50:20.737,1.29261,1.29269,3.00,1.00
2016.01.27 20:50:20.890,1.29262,1.29271,1.69,1.00
2016.01.27 20:50:20.992,1.29262,1.29274,6.37,1.50
2016.01.27 20:50:21.516,1.29265,1.29276,1.50,6.00
2016.01.27 20:50:22.033,1.29264,1.29275,3.19,1.00
2016.01.27 20:50:22.543,1.29265,1.29274,1.00,1.87
2016.01.27 20:50:23.656,1.29265,1.2927,1.00,1.00
2016.01.27 20:50:23.707,1.29262,1.2927,2.44,1.00
2016.01.27 20:50:24.693,1.29262,1.29271,1.25,1.00
2016.01.27 20:50:24.996,1.2926,1.29271,1.50,1.94
2016.01.27 20:50:25.300,1.2926,1.29271,2.81,2.25
2016.01.27 20:50:25.849,1.29262,1.29271,5.25,1.50
2016.01.27 20:50:26.052,1.29264,1.29273,1.69,1.00
2016.01.27 20:50:26.306,1.29266,1.29275,3.75,1.87
2016.01.27 20:50:26.805,1.29266,1.29275,1.00,1.31
2016.01.27 20:50:26.906,1.29266,1.29277,1.31,1.50
2016.01.27 20:50:26.957,1.29267,1.29277,3.75,1.00
2016.01.27 20:50:27.059,1.29266,1.29277,3.37,4.50
2016.01.27 20:50:27.162,1.29268,1.29278,4.31,1.31
2016.01.27 20:50:27.264,1.2927,1.29278,1.00,1.00
2016.01.27 20:50:27.921,1.29268,1.29277,3.19,1.00
2016.01.27 20:50:27.973,1.29268,1.29277,1.50,1.00
2016.01.27 20:50:28.026,1.29268,1.29275,1.50,1.00
2016.01.27 20:50:28.333,1.29264,1.29272,1.37,1.00
2016.01.27 20:50:28.814,1.29264,1.29272,1.00,1.00
2016.01.27 20:50:29.269,1.29265,1.29274,1.87,1.00
2016.01.27 20:50:29.371,1.29268,1.29277,1.00,1.12
2016.01.27 20:50:29.827,1.29269,1.29278,5.62,1.50
2016.01.27 20:50:30.366,1.29271,1.2928,2.06,1.00
2016.01.27 20:50:30.889,1.29272,1.29279,1.87,1.00
2016.01.27 20:50:31.281,1.29272,1.29281,1.50,3.19
2016.01.27 20:50:31.802,1.29272,1.2928,6.00,1.00
2016.01.27 20:50:31.903,1.29273,1.29283,3.56,1.00
2016.01.27 20:50:32.349,1.29275,1.29282,1.00,3.75
2016.01.27 20:50:32.401,1.29273,1.29282,1.50,3.75
2016.01.27 20:50:33.007,1.29274,1.29284,2.44,3.37
2016.01.27 20:50:33.457,1.29276,1.29284,1.00,1.56
2016.01.27 20:50:33.560,1.29276,1.29286,1.50,2.25
2016.01.27 20:50:33.986,1.29278,1.29286,1.00,1.87
2016.01.27 20:50:34.795,1.29278,1.29287,3.19,1.12
2016.01.27 20:50:35.150,1.2928,1.29288,2.25,1.31
2016.01.27 20:50:35.404,1.29284,1.29293,2.25,1.50
2016.01.27 20:50:35.556,1.29286,1.29295,1.12,1.69
2016.01.27 20:50:36.098,1.29287,1.29295,1.12,1.00
2016.01.27 20:50:36.402,1.29291,1.29298,1.50,1.31
2016.01.27 20:50:37.412,1.29289,1.29298,1.87,1.31
2016.01.27 20:50:37.758,1.29291,1.29297,1.25,1.00
2016.01.27 20:50:37.809,1.2929,1.293,3.19,1.00
2016.01.27 20:50:38.334,1.29289,1.29297,4.87,1.00
2016.01.27 20:50:38.385,1.2929,1.293,1.56,2.25
2016.01.27 20:50:38.487,1.2929,1.29297,1.00,1.00
2016.01.27 20:50:38.999,1.29291,1.29298,1.00,1.00
2016.01.27 20:50:40.747,1.29291,1.293,1.25,1.00
2016.01.27 20:50:41.137,1.2929,1.29298,1.87,1.00
2016.01.27 20:50:41.340,1.29291,1.293,1.12,1.31
2016.01.27 20:50:41.542,1.29293,1.29301,1.00,1.00
2016.01.27 20:50:41.594,1.29293,1.29303,1.50,1.12
2016.01.27 20:50:42.590,1.29293,1.29302,1.50,1.31
2016.01.27 20:50:42.945,1.29294,1.29304,2.06,1.87
2016.01.27 20:50:43.234,1.29296,1.29305,1.87,1.00
2016.01.27 20:50:43.549,1.29296,1.29307,2.44,1.87
2016.01.27 20:50:43.652,1.29298,1.29308,1.12,1.00
2016.01.27 20:50:43.906,1.29299,1.2931,1.69,1.50
2016.01.27 20:50:44.058,1.29301,1.29309,1.00,1.00
2016.01.27 20:50:44.296,1.29299,1.29308,1.25,1.00
2016.01.27 20:50:44.448,1.29301,1.29308,1.12,1.00
2016.01.27 20:50:44.990,1.29302,1.29308,1.12,1.00
2016.01.27 20:50:45.295,1.29302,1.29306,1.00,1.00
2016.01.27 20:50:45.622,1.29299,1.29306,1.12,1.00
2016.01.27 20:50:46.147,1.29298,1.29306,6.75,1.00
2016.01.27 20:50:46.669,1.29298,1.29307,2.62,1.56
2016.01.27 20:50:46.919,1.293,1.29307,1.37,1.56
2016.01.27 20:50:47.223,1.29299,1.29307,1.12,1.56
2016.01.27 20:50:47.729,1.29296,1.29306,1.50,1.00
2016.01.27 20:50:48.291,1.29296,1.29305,1.37,1.50
2016.01.27 20:50:48.444,1.29296,1.29305,1.00,2.62
2016.01.27 20:50:48.596,1.29295,1.29302,1.12,1.00
2016.01.27 20:50:49.101,1.29293,1.29302,1.87,1.00
2016.01.27 20:50:49.611,1.29292,1.293,2.25,1.00
2016.01.27 20:50:49.662,1.29292,1.29302,1.87,1.31
2016.01.27 20:50:49.764,1.29292,1.29303,1.12,1.00
2016.01.27 20:50:50.278,1.29292,1.29303,1.69,1.87
2016.01.27 20:50:50.380,1.29292,1.293,1.56,1.00
2016.01.27 20:50:50.776,1.29293,1.29303,3.75,1.12
2016.01.27 20:50:50.827,1.29293,1.29303,1.25,2.06
2016.01.27 20:50:50.929,1.29293,1.29303,4.87,1.00
2016.01.27 20:50:51.578,1.29293,1.29303,2.44,1.31
2016.01.27 20:50:51.731,1.29295,1.29304,1.25,1.00
2016.01.27 20:50:52.267,1.29297,1.29304,3.75,1.00
2016.01.27 20:50:52.536,1.29295,1.29306,5.25,1.00
2016.01.27 20:50:52.790,1.29293,1.29305,4.12,2.81
2016.01.27 20:50:52.841,1.29293,1.29304,3.75,1.37
2016.01.27 20:50:53.065,1.29292,1.29301,1.25,1.00
2016.01.27 20:50:53.570,1.29291,1.29299,1.12,1.31
2016.01.27 20:50:54.069,1.29289,1.29298,1.25,1.00
2016.01.27 20:50:55.103,1.29289,1.29298,1.50,1.56
2016.01.27 20:50:55.323,1.29288,1.29299,3.94,1.31
2016.01.27 20:50:55.778,1.29292,1.293,1.25,1.00
2016.01.27 20:50:56.082,1.29292,1.293,4.50,1.00
2016.01.27 20:50:56.640,1.29292,1.29301,4.87,1.00
2016.01.27 20:50:57.348,1.29293,1.29303,2.81,1.00
2016.01.27 20:50:57.860,1.29294,1.29304,1.31,2.06
2016.01.27 20:50:58.215,1.29295,1.29304,3.75,1.50
2016.01.27 20:50:58.316,1.29295,1.29306,3.75,4.87
2016.01.27 20:50:58.519,1.29295,1.29304,4.12,1.00
2016.01.27 20:50:58.570,1.29293,1.29304,2.81,1.31
2016.01.27 20:50:59.090,1.29295,1.29305,2.06,1.31
2016.01.27 20:51:00.564,1.29294,1.29305,1.87,1.50
2016.01.27 20:51:00.767,1.29293,1.29303,2.25,3.75
2016.01.27 20:51:00.920,1.29291,1.29299,1.00,1.00
2016.01.27 20:51:01.021,1.29289,1.29299,2.25,3.56
2016.01.27 20:51:01.459,1.29285,1.29297,5.25,1.50
2016.01.27 20:51:01.966,1.29286,1.29297,2.62,1.50
2016.01.27 20:51:02.372,1.29287,1.29298,1.37,1.00
2016.01.27 20:51:02.569,1.29286,1.29297,3.37,1.00
2016.01.27 20:51:02.620,1.29285,1.29295,1.50,1.00
2016.01.27 20:51:02.924,1.29294,1.29295,1.00,1.00
2016.01.27 20:51:02.975,1.29295,1.293,1.12,1.37
2016.01.27 20:51:03.076,1.29296,1.29305,1.00,2.25
2016.01.27 20:51:03.178,1.29294,1.29305,1.00,4.12
2016.01.27 20:51:03.229,1.29292,1.29304,1.12,1.50
2016.01.27 20:51:03.280,1.29292,1.29301,1.87,3.75
2016.01.27 20:51:03.683,1.29292,1.29299,1.00,4.12
2016.01.27 20:51:03.734,1.29286,1.29296,1.37,1.50
2016.01.27 20:51:03.938,1.29285,1.29297,4.12,1.87
2016.01.27 20:51:03.990,1.29288,1.29297,1.00,1.50
2016.01.27 20:51:04.142,1.29288,1.29299,1.50,1.00
2016.01.27 20:51:04.688,1.29289,1.293,1.00,2.62
2016.01.27 20:51:05.145,1.29288,1.293,4.27,3.00
2016.01.27 20:51:05.629,1.2929,1.29302,1.50,2.81
2016.01.27 20:51:05.824,1.2929,1.293,1.20,2.25
2016.01.27 20:51:06.129,1.29284,1.29293,2.62,1.50
2016.01.27 20:51:06.434,1.29284,1.29291,1.50,1.50
2016.01.27 20:51:06.735,1.29281,1.29292,3.15,1.87
2016.01.27 20:51:07.279,1.29282,1.29293,2.25,1.50
2016.01.27 20:51:07.878,1.29282,1.29294,2.62,1.00
2016.01.27 20:51:08.131,1.29286,1.29295,1.27,2.25
2016.01.27 20:51:08.233,1.29286,1.29297,2.02,2.25
2016.01.27 20:51:08.587,1.29284,1.29296,2.62,1.56
2016.01.27 20:51:08.638,1.29284,1.29294,1.00,1.00
2016.01.27 20:51:08.993,1.29284,1.29294,1.27,1.50
2016.01.27 20:51:09.345,1.29282,1.29293,2.02,1.00
2016.01.27 20:51:09.600,1.29283,1.29292,2.77,1.00
2016.01.27 20:51:10.056,1.29282,1.29294,2.77,2.44
2016.01.27 20:51:11.203,1.29282,1.29294,1.87,2.25
2016.01.27 20:51:11.507,1.29282,1.29292,1.12,1.00
2016.01.27 20:51:11.829,1.29284,1.29294,1.00,1.31
2016.01.27 20:51:12.184,1.29282,1.29294,3.15,1.31
2016.01.27 20:51:12.640,1.29282,1.29292,2.02,1.00
2016.01.27 20:51:15.147,1.29281,1.29292,1.12,2.06
2016.01.27 20:51:15.662,1.29282,1.29292,1.27,1.50
2016.01.27 20:51:16.080,1.29284,1.29292,1.20,1.50
2016.01.27 20:51:16.485,1.29285,1.29294,1.65,1.50
2016.01.27 20:51:16.586,1.29285,1.29296,2.02,1.00
2016.01.27 20:51:17.347,1.29286,1.29297,2.62,1.50
2016.01.27 20:51:17.652,1.29288,1.29296,1.37,1.00
2016.01.27 20:51:18.427,1.29286,1.29296,2.40,1.00
2016.01.27 20:51:19.117,1.29282,1.29293,4.12,1.31
2016.01.27 20:51:19.168,1.29282,1.29292,1.87,1.00
2016.01.27 20:51:19.270,1.29281,1.2929,1.37,2.25
2016.01.27 20:51:19.730,1.2928,1.29291,1.27,1.50
2016.01.27 20:51:20.121,1.29282,1.29292,1.20,1.00
2016.01.27 20:51:20.631,1.29281,1.29291,2.02,1.87
2016.01.27 20:51:21.357,1.29284,1.29291,1.65,2.25
2016.01.27 20:51:21.663,1.29286,1.29291,1.65,1.00
2016.01.27 20:51:22.337,1.29286,1.29292,1.65,1.00
2016.01.27 20:51:22.862,1.29284,1.29292,1.65,1.00
2016.01.27 20:51:23.218,1.29286,1.29291,1.65,1.00
2016.01.27 20:51:23.269,1.29286,1.29294,1.65,1.50
2016.01.27 20:51:23.320,1.29284,1.29294,1.65,1.50
2016.01.27 20:51:23.821,1.29283,1.29294,1.65,1.00
2016.01.27 20:51:23.872,1.29285,1.29294,1.65,1.00
2016.01.27 20:51:24.304,1.29282,1.29294,2.77,1.00
2016.01.27 20:51:24.506,1.29283,1.29292,1.65,1.50
2016.01.27 20:51:24.658,1.29281,1.29291,2.40,1.50
2016.01.27 20:51:24.810,1.29281,1.2929,1.65,1.87
2016.01.27 20:51:25.336,1.29281,1.2929,2.02,1.87
2016.01.27 20:51:25.843,1.29284,1.2929,1.12,1.50
2016.01.27 20:51:25.894,1.29284,1.29293,1.12,1.00
2016.01.27 20:51:26.499,1.29285,1.29294,1.00,1.00
2016.01.27 20:51:26.651,1.29284,1.29292,1.00,1.00
2016.01.27 20:51:27.169,1.29282,1.29292,1.87,1.00
2016.01.27 20:51:27.473,1.29285,1.29292,1.65,1.00
2016.01.27 20:51:27.667,1.29285,1.29295,1.65,2.25
2016.01.27 20:51:28.173,1.29285,1.29294,2.40,1.00
2016.01.27 20:51:30.833,1.29284,1.29293,1.37,1.00
2016.01.27 20:51:30.885,1.29282,1.29292,2.62,4.12
2016.01.27 20:51:31.392,1.2928,1.29289,1.37,1.00
2016.01.27 20:51:32.041,1.29279,1.29288,1.12,2.06
2016.01.27 20:51:32.092,1.29279,1.2929,1.37,1.50
2016.01.27 20:51:32.633,1.29279,1.2929,1.37,1.50
2016.01.27 20:51:33.139,1.29278,1.2929,5.02,2.06
2016.01.27 20:51:33.786,1.29279,1.2929,1.87,2.06
2016.01.27 20:51:34.294,1.2928,1.29291,3.52,2.62
2016.01.27 20:51:35.138,1.29282,1.29292,1.87,1.69
2016.01.27 20:51:35.243,1.29283,1.29292,1.37,1.69
2016.01.27 20:51:35.547,1.29282,1.29293,1.50,3.75
2016.01.27 20:51:35.649,1.2928,1.29291,6.00,3.75
2016.01.27 20:51:36.004,1.2928,1.29288,1.00,1.00
2016.01.27 20:51:36.551,1.2928,1.29289,1.00,2.06
2016.01.27 20:51:36.602,1.29278,1.29288,3.00,1.00
2016.01.27 20:51:37.109,1.29278,1.29288,3.75,1.00
2016.01.27 20:51:37.648,1.29274,1.29285,4.65,1.50
2016.01.27 20:51:37.700,1.29274,1.29283,1.50,1.00
2016.01.27 20:51:38.037,1.29272,1.29281,2.25,1.50
2016.01.27 20:51:38.801,1.29271,1.29281,3.90,1.00
2016.01.27 20:51:38.852,1.29274,1.29282,1.12,1.00
2016.01.27 20:51:38.953,1.29275,1.29284,2.40,1.87
2016.01.27 20:51:39.188,1.29275,1.29287,2.40,3.56
2016.01.27 20:51:39.695,1.29276,1.29286,1.00,2.44
2016.01.27 20:51:39.796,1.29272,1.29283,2.25,1.56
2016.01.27 20:51:39.999,1.29272,1.29282,1.00,2.06
2016.01.27 20:51:40.531,1.29271,1.29282,1.12,2.06
2016.01.27 20:51:41.052,1.29271,1.29282,5.40,1.50
2016.01.27 20:51:41.557,1.29273,1.29283,1.12,2.81
2016.01.27 20:51:41.658,1.29274,1.29283,1.37,2.06
2016.01.27 20:51:42.084,1.29272,1.29282,1.50,1.50
2016.01.27 20:51:42.843,1.29273,1.29283,1.12,2.44
2016.01.27 20:51:43.439,1.29273,1.29283,1.50,2.81
2016.01.27 20:51:43.502,1.29272,1.29283,3.00,2.81
2016.01.27 20:51:43.960,1.29271,1.29281,6.52,1.00
2016.01.27 20:51:46.901,1.29274,1.29281,1.00,1.31
2016.01.27 20:51:47.055,1.29274,1.29285,1.37,2.81
2016.01.27 20:51:47.564,1.29272,1.29283,1.37,1.00
2016.01.27 20:51:47.615,1.29272,1.29281,3.52,1.00
2016.01.27 20:51:48.152,1.29272,1.2928,3.52,1.50
2016.01.27 20:51:48.668,1.29273,1.29282,4.27,1.00
2016.01.27 20:51:49.169,1.29277,1.29283,3.15,1.50
2016.01.27 20:51:49.270,1.29277,1.29285,3.52,2.25
2016.01.27 20:51:50.208,1.29277,1.29285,3.52,1.00
2016.01.27 20:51:50.715,1.29278,1.29285,3.52,1.00
2016.01.27 20:51:51.152,1.29275,1.29284,1.50,1.00
2016.01.27 20:51:51.203,1.29275,1.29282,2.25,1.00
2016.01.27 20:51:51.406,1.29273,1.29282,2.06,1.00
2016.01.27 20:51:51.915,1.29273,1.29281,1.00,1.50
2016.01.27 20:51:52.119,1.2927,1.2928,1.12,2.25
2016.01.27 20:51:52.272,1.29269,1.29278,3.00,1.87
2016.01.27 20:51:52.425,1.29266,1.29277,1.87,1.50
2016.01.27 20:51:53.007,1.29267,1.29277,1.00,1.50
2016.01.27 20:51:54.764,1.29268,1.29277,3.06,1.50
2016.01.27 20:51:54.919,1.29266,1.29277,6.44,1.50
2016.01.27 20:51:55.072,1.29266,1.29274,2.25,1.00
2016.01.27 20:51:55.580,1.29266,1.29273,1.12,1.00
2016.01.27 20:51:56.061,1.29265,1.29275,4.56,2.62
2016.01.27 20:51:56.567,1.29264,1.29273,1.12,1.50
2016.01.27 20:51:56.870,1.29264,1.2927,1.00,1.00
2016.01.27 20:51:57.403,1.29264,1.29271,1.00,1.31
2016.01.27 20:51:57.504,1.29261,1.29271,1.50,1.31
2016.01.27 20:51:58.077,1.29261,1.29271,1.37,1.56
2016.01.27 20:51:58.583,1.29261,1.2927,1.00,2.06
2016.01.27 20:51:59.126,1.29261,1.29271,1.87,4.50
2016.01.27 20:51:59.177,1.29264,1.29272,3.06,2.25
2016.01.27 20:51:59.330,1.29264,1.29275,3.81,4.69
2016.01.27 20:51:59.913,1.29265,1.29275,3.06,2.25
2016.01.27 20:52:00.420,1.29264,1.29275,3.81,2.44
2016.01.27 20:52:00.572,1.29264,1.29273,4.56,1.50
2016.01.27 20:52:01.134,1.29264,1.29272,3.06,1.00
2016.01.27 20:52:01.667,1.29264,1.29273,3.06,1.50
2016.01.27 20:52:02.188,1.29264,1.29273,3.75,1.50
2016.01.27 20:52:03.122,1.29262,1.29273,4.12,1.12
2016.01.27 20:52:03.173,1.29265,1.29274,1.00,1.87
2016.01.27 20:52:03.383,1.29264,1.29275,1.12,6.00
2016.01.27 20:52:03.906,1.29264,1.29274,1.00,1.50
2016.01.27 20:52:03.958,1.29264,1.29272,1.00,1.00
2016.01.27 20:52:04.364,1.29262,1.29272,1.69,1.50
2016.01.27 20:52:05.402,1.29261,1.2927,5.25,1.00
2016.01.27 20:52:05.504,1.29259,1.29268,1.00,3.00
2016.01.27 20:52:05.555,1.2926,1.29269,3.75,1.00
2016.01.27 20:52:06.062,1.2926,1.2927,3.75,1.87
2016.01.27 20:52:06.760,1.29261,1.29271,2.06,1.00
2016.01.27 20:52:07.464,1.29262,1.29272,1.25,1.87
2016.01.27 20:52:08.114,1.29262,1.29273,2.44,2.62
2016.01.27 20:52:08.643,1.29262,1.29273,1.31,2.25
2016.01.27 20:52:10.520,1.29262,1.29273,2.81,1.00
2016.01.27 20:52:11.072,1.29262,1.29273,1.69,1.56
2016.01.27 20:52:11.624,1.29262,1.29273,2.06,1.69
2016.01.27 20:52:13.036,1.29264,1.29274,3.75,2.62
2016.01.27 20:52:13.783,1.29265,1.29274,1.25,1.50
2016.01.27 20:52:14.086,1.29263,1.29273,1.00,2.06
2016.01.27 20:52:14.587,1.29263,1.29273,4.87,1.12
2016.01.27 20:52:15.146,1.29263,1.29272,3.75,1.00
2016.01.27 20:52:15.689,1.29263,1.29273,4.87,1.00
2016.01.27 20:52:16.672,1.29263,1.29273,4.50,1.00
2016.01.27 20:52:17.245,1.29264,1.29273,1.00,1.31
2016.01.27 20:52:17.752,1.29263,1.29273,1.25,1.31
2016.01.27 20:52:18.096,1.29261,1.2927,4.50,1.00
2016.01.27 20:52:18.198,1.29261,1.2927,3.47,1.00
2016.01.27 20:52:18.701,1.2926,1.29271,7.25,1.87
2016.01.27 20:52:19.204,1.29262,1.29271,1.00,1.00
2016.01.27 20:52:19.730,1.29261,1.29272,2.25,3.56
2016.01.27 20:52:19.781,1.29261,1.29265,2.25,1.00
2016.01.27 20:52:20.034,1.29261,1.29267,1.00,1.12
2016.01.27 20:52:20.237,1.29258,1.29267,1.12,1.00
2016.01.27 20:52:20.478,1.29256,1.29266,3.37,2.25
2016.01.27 20:52:20.630,1.29256,1.29266,3.37,6.00
2016.01.27 20:52:21.141,1.29255,1.29265,2.62,1.56
2016.01.27 20:52:21.648,1.29256,1.29264,1.00,1.31
2016.01.27 20:52:23.968,1.29256,1.2926,1.00,2.62
2016.01.27 20:52:24.121,1.29256,1.29263,1.00,1.50
2016.01.27 20:52:24.375,1.29254,1.29263,1.12,1.12
2016.01.27 20:52:25.075,1.29253,1.29261,2.75,1.00
2016.01.27 20:52:25.126,1.29252,1.29261,4.12,1.31
2016.01.27 20:52:25.464,1.29254,1.2926,2.38,1.00
2016.01.27 20:52:25.617,1.29254,1.29264,2.75,1.12
2016.01.27 20:52:25.921,1.29254,1.29262,2.38,1.00
2016.01.27 20:52:26.586,1.29255,1.29263,2.38,1.50
2016.01.27 20:52:26.907,1.29255,1.29256,2.38,1.10
2016.01.27 20:52:26.959,1.29255,1.29258,2.38,1.00
2016.01.27 20:52:27.010,1.29252,1.29262,5.00,1.00
2016.01.27 20:52:27.634,1.29252,1.29261,1.12,1.00
2016.01.27 20:52:28.149,1.29251,1.2926,1.87,1.00
2016.01.27 20:52:28.672,1.29251,1.29261,2.25,2.81
2016.01.27 20:52:29.204,1.2925,1.2926,2.25,1.00
2016.01.27 20:52:29.754,1.29249,1.2926,5.38,2.06
2016.01.27 20:52:30.260,1.29249,1.2926,3.88,2.06
2016.01.27 20:52:30.655,1.29249,1.29258,1.50,3.37
2016.01.27 20:52:31.282,1.29249,1.29257,1.00,1.25
2016.01.27 20:52:31.837,1.29249,1.29257,1.50,1.00
2016.01.27 20:52:32.368,1.29249,1.29257,1.00,1.00
2016.01.27 20:52:32.934,1.29248,1.29256,1.37,3.37
2016.01.27 20:52:32.985,1.29247,1.29255,1.00,1.19
2016.01.27 20:52:33.491,1.29246,1.29253,1.50,1.00
2016.01.27 20:52:34.011,1.29244,1.29254,1.25,2.06
2016.01.27 20:52:34.062,1.29243,1.29254,1.50,6.00
2016.01.27 20:52:34.385,1.2924,1.29249,2.62,5.62
2016.01.27 20:52:34.436,1.29239,1.29248,2.62,1.25
2016.01.27 20:52:34.916,1.29239,1.29247,4.87,1.00
2016.01.27 20:52:35.118,1.2924,1.2925,1.37,2.25
2016.01.27 20:52:35.637,1.29243,1.29252,1.12,5.62
2016.01.27 20:52:36.246,1.29243,1.29252,1.00,5.62
2016.01.27 20:52:36.348,1.29243,1.29251,1.00,3.37
2016.01.27 20:52:36.736,1.29243,1.29252,1.00,5.62
2016.01.27 20:52:37.274,1.29242,1.29251,1.00,1.25
2016.01.27 20:52:37.975,1.29242,1.29251,1.00,4.12
2016.01.27 20:52:38.505,1.29241,1.2925,1.87,1.19
2016.01.27 20:52:38.911,1.29239,1.29244,1.00,3.37
2016.01.27 20:52:39.192,1.29241,1.29247,1.31,1.00
2016.01.27 20:52:39.244,1.29241,1.29249,1.00,1.00
2016.01.27 20:52:39.752,1.29241,1.2925,1.87,3.37
2016.01.27 20:52:39.905,1.29241,1.2925,1.00,1.69
2016.01.27 20:52:40.431,1.29241,1.2925,5.25,1.50
2016.01.27 20:52:40.633,1.2924,1.2925,2.06,1.50
2016.01.27 20:52:41.193,1.2924,1.2925,2.81,1.87
2016.01.27 20:52:41.344,1.2924,1.29246,1.62,1.00
2016.01.27 20:52:41.682,1.29239,1.29248,1.50,1.31
2016.01.27 20:52:42.199,1.29241,1.29249,1.56,1.00
2016.01.27 20:52:42.890,1.29242,1.29251,1.62,1.50
2016.01.27 20:52:43.093,1.29245,1.29252,1.31,1.00
2016.01.27 20:52:43.195,1.29247,1.29255,1.00,1.50
2016.01.27 20:52:43.347,1.29246,1.29257,1.50,2.44
2016.01.27 20:52:43.398,1.29246,1.29257,1.50,5.62
2016.01.27 20:52:43.499,1.29245,1.29255,2.62,1.25
2016.01.27 20:52:44.002,1.29248,1.29253,1.00,1.00
2016.01.27 20:52:44.103,1.29249,1.29255,1.00,1.25
2016.01.27 20:52:44.357,1.29249,1.29257,1.56,1.00
2016.01.27 20:52:44.762,1.29248,1.29259,6.37,2.25
2016.01.27 20:52:45.350,1.29249,1.29259,4.87,1.00
2016.01.27 20:52:45.929,1.29249,1.2926,6.00,3.37
2016.01.27 20:52:46.132,1.29249,1.2926,1.12,2.68
2016.01.27 20:52:46.183,1.29248,1.29257,2.44,1.00
2016.01.27 20:52:46.763,1.29248,1.29256,1.87,1.00
2016.01.27 20:52:48.318,1.29248,1.29256,2.81,1.00
2016.01.27 20:52:48.825,1.29248,1.29257,3.56,1.00
2016.01.27 20:52:49.352,1.29247,1.29256,4.50,1.00
2016.01.27 20:52:49.667,1.29244,1.29251,2.44,1.00
2016.01.27 20:52:50.172,1.29244,1.2925,1.31,1.00
2016.01.27 20:52:52.724,1.29247,1.2925,1.00,1.00
2016.01.27 20:52:53.029,1.29247,1.29252,1.12,1.00
2016.01.27 20:52:53.233,1.29244,1.29252,4.69,1.00
2016.01.27 20:52:53.742,1.29244,1.29252,5.44,1.00
2016.01.27 20:52:54.284,1.29244,1.29252,3.75,1.00
2016.01.27 20:52:54.792,1.29243,1.29252,2.44,1.00
2016.01.27 20:52:55.096,1.29244,1.2925,1.00,1.00
2016.01.27 20:52:55.601,1.29241,1.29251,1.87,3.75
2016.01.27 20:52:55.934,1.29241,1.29249,1.00,1.31
2016.01.27 20:52:56.440,1.29243,1.2925,2.25,1.50
2016.01.27 20:52:56.945,1.29245,1.2925,1.37,1.00
2016.01.27 20:52:57.097,1.29245,1.29252,1.37,1.00
2016.01.27 20:52:58.917,1.29252,1.29257,1.12,1.00
2016.01.27 20:52:59.171,1.29251,1.29259,1.25,1.00
2016.01.27 20:52:59.677,1.2925,1.29258,1.25,1.00
2016.01.27 20:53:00.499,1.2925,1.2926,2.25,1.25
2016.01.27 20:53:01.564,1.29251,1.2926,1.25,1.50
2016.01.27 20:53:02.099,1.2925,1.2926,6.37,1.00
2016.01.27 20:53:02.252,1.29251,1.29258,1.62,1.00
2016.01.27 20:53:02.557,1.29249,1.29256,3.75,1.00
2016.01.27 20:53:02.761,1.29247,1.29256,1.31,1.12
2016.01.27 20:53:03.110,1.29247,1.29256,3.75,1.12
2016.01.27 20:53:03.520,1.29246,1.29256,1.25,2.62
2016.01.27 20:53:04.129,1.29245,1.29253,4.50,1.00
2016.01.27 20:53:04.651,1.29246,1.29253,3.75,1.00
2016.01.27 20:53:05.060,1.29244,1.29253,4.12,1.00
2016.01.27 20:53:05.610,1.2925,1.29253,3.75,1.00
2016.01.27 20:53:05.762,1.29246,1.29254,2.06,1.00
2016.01.27 20:53:05.995,1.29245,1.29249,1.50,1.00
2016.01.27 20:53:06.097,1.29243,1.2925,2.00,1.00
2016.01.27 20:53:06.249,1.29243,1.2925,1.25,1.00
2016.01.27 20:53:06.755,1.29242,1.29249,4.12,1.00
2016.01.27 20:53:07.267,1.2924,1.29249,4.50,1.00
2016.01.27 20:53:08.989,1.29238,1.29248,4.87,1.00
2016.01.27 20:53:09.094,1.29238,1.29246,1.25,1.50
2016.01.27 20:53:09.601,1.29238,1.29245,1.25,1.87
2016.01.27 20:53:09.906,1.29239,1.29245,3.75,1.00
2016.01.27 20:53:10.390,1.29239,1.29247,3.75,1.87
2016.01.27 20:53:11.488,1.29239,1.29247,3.75,1.00
2016.01.27 20:53:12.773,1.29239,1.29247,3.75,1.12
2016.01.27 20:53:13.728,1.29239,1.29246,3.75,1.00
2016.01.27 20:53:15.189,1.29238,1.29246,4.12,1.00
2016.01.27 20:53:15.899,1.29239,1.29246,3.75,1.12
2016.01.27 20:53:16.102,1.2924,1.29247,3.75,2.25
2016.01.27 20:53:16.648,1.2924,1.29247,3.75,3.00
2016.01.27 20:53:16.828,1.29239,1.29247,3.75,3.00
2016.01.27 20:53:17.287,1.2924,1.29246,3.75,1.12
2016.01.27 20:53:17.606,1.29239,1.29246,3.75,1.00
2016.01.27 20:53:17.928,1.29241,1.29246,3.75,1.00
2016.01.27 20:53:18.080,1.29239,1.29246,3.75,1.12
2016.01.27 20:53:18.707,1.29241,1.29246,3.75,1.00
2016.01.27 20:53:20.061,1.2924,1.29247,3.75,1.50
2016.01.27 20:53:20.913,1.29239,1.29247,3.75,1.87
2016.01.27 20:53:23.758,1.2924,1.29247,3.75,1.12
2016.01.27 20:53:27.718,1.2924,1.29247,3.75,1.00
2016.01.27 20:53:29.871,1.2924,1.29246,3.75,1.00
2016.01.27 20:53:30.360,1.29244,1.29248,3.75,1.50
2016.01.27 20:53:30.613,1.29247,1.29251,3.75,2.25
2016.01.27 20:53:31.132,1.29247,1.2925,3.75,1.00
2016.01.27 20:53:31.814,1.29245,1.2925,3.75,1.00
2016.01.27 20:53:33.185,1.29239,1.29244,1.12,1.00
2016.01.27 20:53:33.288,1.29239,1.29241,1.00,1.00
2016.01.27 20:53:33.339,1.29236,1.29241,1.00,1.00
2016.01.27 20:53:33.592,1.29237,1.29241,3.75,1.00
2016.01.27 20:53:33.644,1.29237,1.29244,3.75,1.50
2016.01.27 20:53:35.766,1.29237,1.29246,3.75,2.62
2016.01.27 20:53:36.478,1.29236,1.29244,4.50,1.12
2016.01.27 20:53:36.630,1.29234,1.29244,1.25,3.19
2016.01.27 20:53:36.731,1.29232,1.29239,5.62,1.00
2016.01.27 20:53:36.994,1.29232,1.29239,1.31,2.62
2016.01.27 20:53:37.096,1.29233,1.29238,3.75,1.00
2016.01.27 20:53:37.198,1.2923,1.29239,1.56,1.50
2016.01.27 20:53:37.452,1.29234,1.2924,1.00,1.00
2016.01.27 20:53:37.503,1.29234,1.29243,1.00,3.19
2016.01.27 20:53:37.554,1.29234,1.29243,4.50,2.62
2016.01.27 20:53:38.746,1.29234,1.29244,3.75,3.00
2016.01.27 20:53:39.050,1.29236,1.29245,3.75,2.62
2016.01.27 20:53:40.146,1.29236,1.29245,4.12,1.87
2016.01.27 20:53:40.650,1.29235,1.29244,4.12,1.00
2016.01.27 20:53:40.701,1.29235,1.29244,1.25,1.00
2016.01.27 20:53:41.265,1.29233,1.29243,1.00,6.37
2016.01.27 20:53:41.824,1.29232,1.29242,1.12,1.56
2016.01.27 20:53:42.229,1.29232,1.29243,2.81,2.25
2016.01.27 20:53:42.280,1.29235,1.29243,3.75,1.50
2016.01.27 20:53:42.804,1.29235,1.29244,3.75,2.62
2016.01.27 20:53:43.590,1.29236,1.29244,3.75,2.25
2016.01.27 20:53:44.390,1.29236,1.29243,3.75,1.00
2016.01.27 20:53:44.895,1.29235,1.29243,3.75,1.00
2016.01.27 20:53:46.094,1.29234,1.29243,3.75,1.00
2016.01.27 20:53:47.165,1.29235,1.29244,1.56,1.00
2016.01.27 20:53:47.713,1.29235,1.29244,1.31,1.00
2016.01.27 20:53:48.465,1.29236,1.29244,1.00,1.00
2016.01.27 20:53:49.788,1.29236,1.29243,1.12,1.00
2016.01.27 20:53:50.962,1.29235,1.29243,1.12,1.00
2016.01.27 20:53:51.166,1.29233,1.29242,1.87,1.31
2016.01.27 20:53:51.268,1.29234,1.29242,1.00,4.50
2016.01.27 20:53:51.523,1.29232,1.29241,1.50,2.44
2016.01.27 20:53:51.823,1.2923,1.2924,1.69,2.06
2016.01.27 20:53:52.359,1.29231,1.2924,1.25,1.00
2016.01.27 20:53:53.017,1.29229,1.29238,5.62,1.00
2016.01.27 20:53:53.616,1.29228,1.29238,2.06,1.00
2016.01.27 20:53:53.788,1.29229,1.29238,3.75,1.00
2016.01.27 20:53:56.245,1.29229,1.29238,4.12,1.00
2016.01.27 20:53:56.813,1.29229,1.29237,4.12,1.00
2016.01.27 20:53:58.971,1.29229,1.29237,1.25,1.00
2016.01.27 20:53:59.679,1.29229,1.29235,1.25,1.00
2016.01.27 20:54:00.476,1.29227,1.29236,4.50,1.00
2016.01.27 20:54:01.283,1.29228,1.29236,1.12,1.00
2016.01.27 20:54:03.874,1.29226,1.29237,5.25,1.12
2016.01.27 20:54:07.686,1.29227,1.29237,1.37,4.27
2016.01.27 20:54:07.889,1.29225,1.29234,2.25,4.27
2016.01.27 20:54:07.991,1.29226,1.29233,1.00,3.52
2016.01.27 20:54:08.507,1.29224,1.29233,1.50,3.52
2016.01.27 20:54:09.052,1.29223,1.29232,1.37,1.34
2016.01.27 20:54:09.568,1.29222,1.29232,3.37,1.00
2016.01.27 20:54:09.872,1.29222,1.29231,3.00,3.52
2016.01.27 20:54:10.268,1.29222,1.29232,3.94,1.09
2016.01.27 20:54:12.145,1.29223,1.29232,1.50,1.00
2016.01.27 20:54:12.459,1.29225,1.29235,1.87,1.31
2016.01.27 20:54:12.510,1.29225,1.29235,5.44,1.00
2016.01.27 20:54:13.026,1.29228,1.29236,1.00,1.00
2016.01.27 20:54:13.558,1.29227,1.29236,1.12,1.25
2016.01.27 20:54:14.078,1.29226,1.29236,9.37,1.00
2016.01.27 20:54:15.871,1.29227,1.29237,11.62,1.00
2016.01.27 20:54:16.074,1.29228,1.29239,1.69,1.00
2016.01.27 20:54:16.176,1.29231,1.29239,4.87,1.00
2016.01.27 20:54:16.277,1.29233,1.29242,1.37,2.25
2016.01.27 20:54:16.429,1.29232,1.29241,1.25,1.00
2016.01.27 20:54:16.964,1.2923,1.29241,2.62,1.25
2016.01.27 20:54:17.217,1.2923,1.29239,1.87,1.00
2016.01.27 20:54:17.737,1.2923,1.29239,2.62,1.00
2016.01.27 20:54:18.688,1.29231,1.29239,1.37,1.25
2016.01.27 20:54:19.202,1.29229,1.29239,3.56,1.25
2016.01.27 20:54:19.304,1.29229,1.29236,1.12,1.00
2016.01.27 20:54:19.770,1.29226,1.29233,1.00,1.25
2016.01.27 20:54:19.923,1.29224,1.29233,3.37,1.25
2016.01.27 20:54:20.435,1.29224,1.29234,6.37,1.00
2016.01.27 20:54:20.909,1.29222,1.29234,3.19,3.75
2016.01.27 20:54:21.018,1.29222,1.29231,1.56,1.00
2016.01.27 20:54:21.770,1.29222,1.29231,1.25,1.00
2016.01.27 20:54:22.683,1.29221,1.29229,4.50,1.00
2016.01.27 20:54:22.835,1.29222,1.29231,1.25,1.00
2016.01.27 20:54:22.887,1.29222,1.29231,5.62,1.00
2016.01.27 20:54:23.939,1.29225,1.29231,1.12,1.00
2016.01.27 20:54:24.243,1.29227,1.29231,1.87,1.00
2016.01.27 20:54:24.348,1.29226,1.29234,1.37,1.31
2016.01.27 20:54:24.896,1.29226,1.29234,1.50,1.31
2016.01.27 20:54:25.456,1.29226,1.29236,1.25,1.31
2016.01.27 20:54:25.507,1.29226,1.29236,1.00,4.50
2016.01.27 20:54:25.861,1.29226,1.29232,1.87,1.00
2016.01.27 20:54:26.393,1.29224,1.29232,3.94,1.00
2016.01.27 20:54:26.851,1.29225,1.29232,1.87,1.00
2016.01.27 20:54:27.677,1.29225,1.29234,3.75,1.31
2016.01.27 20:54:28.539,1.29226,1.29235,4.50,1.00
2016.01.27 20:54:29.142,1.29227,1.29235,1.50,1.00
2016.01.27 20:54:29.379,1.29227,1.29237,1.12,1.31
2016.01.27 20:54:29.683,1.29228,1.29237,8.81,1.00
2016.01.27 20:54:30.038,1.29228,1.29237,4.12,1.31
2016.01.27 20:54:30.689,1.29226,1.29236,3.75,1.00
2016.01.27 20:54:31.736,1.29227,1.29236,1.87,1.00
2016.01.27 20:54:33.944,1.29227,1.29234,1.87,1.00
2016.01.27 20:54:34.717,1.29225,1.29233,2.25,1.00
2016.01.27 20:54:34.819,1.29225,1.29231,1.50,1.00
2016.01.27 20:54:35.326,1.29224,1.29232,1.25,1.00
2016.01.27 20:54:35.837,1.29224,1.29231,1.25,1.00
2016.01.27 20:54:36.360,1.29223,1.29231,3.19,1.00
2016.01.27 20:54:37.249,1.29223,1.29232,2.62,1.00
2016.01.27 20:54:37.557,1.29229,1.29234,3.75,1.00
2016.01.27 20:54:38.064,1.29229,1.29235,6.00,1.00
2016.01.27 20:54:38.649,1.29229,1.29236,9.00,1.00
2016.01.27 20:54:38.752,1.29231,1.29241,2.06,2.64
2016.01.27 20:54:38.803,1.29234,1.29241,3.75,2.25
2016.01.27 20:54:38.956,1.29234,1.29242,1.00,1.00
2016.01.27 20:54:39.007,1.29234,1.29239,1.00,1.00
2016.01.27 20:54:39.261,1.29232,1.29239,1.69,1.00
2016.01.27 20:54:39.645,1.29231,1.29237,1.50,1.00
2016.01.27 20:54:39.949,1.2923,1.29236,1.00,1.00
2016.01.27 20:54:40.572,1.29228,1.29236,1.50,1.00
2016.01.27 20:54:41.108,1.29229,1.29236,1.69,1.00
2016.01.27 20:54:41.815,1.29229,1.29236,1.25,1.00
2016.01.27 20:54:44.094,1.29228,1.29236,3.75,1.00
2016.01.27 20:54:44.625,1.29228,1.29236,3.75,1.00
2016.01.27 20:54:45.397,1.29226,1.29236,6.37,1.00
2016.01.27 20:54:45.705,1.29226,1.29234,1.00,1.00
2016.01.27 20:54:46.026,1.29224,1.29232,6.00,1.00
2016.01.27 20:54:46.652,1.29224,1.29232,1.31,1.00
2016.01.27 20:54:47.489,1.29223,1.29231,2.81,1.00
2016.01.27 20:54:47.945,1.29225,1.29232,5.62,1.00
2016.01.27 20:54:48.249,1.29226,1.29234,2.44,1.50
2016.01.27 20:54:48.451,1.29227,1.29234,1.69,1.00
2016.01.27 20:54:48.975,1.29227,1.29235,2.06,1.00
2016.01.27 20:54:49.278,1.29228,1.29237,4.12,1.00
2016.01.27 20:54:49.709,1.2923,1.29237,3.75,1.00
2016.01.27 20:54:50.859,1.2923,1.29239,4.87,1.00
2016.01.27 20:54:50.910,1.29234,1.29239,3.75,1.00
2016.01.27 20:54:50.961,1.29234,1.29241,3.75,1.00
2016.01.27 20:54:51.345,1.29232,1.29241,3.75,1.00
2016.01.27 20:54:51.700,1.29234,1.2924,3.75,1.00
2016.01.27 20:54:52.105,1.29234,1.29243,3.75,1.12
2016.01.27 20:54:52.424,1.29234,1.29241,3.75,1.00
2016.01.27 20:54:52.627,1.29234,1.29243,3.75,1.12
2016.01.27 20:54:52.779,1.29236,1.29243,3.75,1.12
2016.01.27 20:54:53.112,1.29236,1.29241,3.75,1.00
2016.01.27 20:54:53.937,1.29236,1.29243,3.75,1.00
2016.01.27 20:54:54.443,1.29237,1.29244,3.37,1.00
2016.01.27 20:54:54.949,1.29237,1.29243,3.00,1.00
2016.01.27 20:54:55.000,1.29235,1.29243,1.87,1.00
2016.01.27 20:54:55.803,1.29234,1.29243,3.75,1.00
2016.01.27 20:54:56.315,1.29234,1.29243,1.00,1.22
2016.01.27 20:54:56.852,1.29234,1.29243,1.00,1.30
2016.01.27 20:54:58.588,1.29234,1.29243,4.12,1.00
2016.01.27 20:54:58.865,1.29236,1.29243,3.37,1.00
2016.01.27 20:54:59.177,1.29238,1.29243,3.37,1.00
2016.01.27 20:54:59.279,1.29235,1.29243,3.37,1.00
2016.01.27 20:54:59.795,1.29235,1.29242,3.37,1.00
2016.01.27 20:54:59.846,1.29234,1.29242,2.06,1.00
2016.01.27 20:55:00.455,1.29233,1.2924,4.87,1.00
2016.01.27 20:55:00.507,1.29233,1.2924,1.12,1.00
2016.01.27 20:55:00.858,1.29233,1.29237,1.00,1.00
2016.01.27 20:55:00.910,1.2923,1.29239,3.37,1.50
2016.01.27 20:55:01.063,1.29233,1.29238,3.37,1.00
2016.01.27 20:55:01.165,1.29233,1.2924,3.37,1.00
2016.01.27 20:55:03.384,1.29233,1.29239,3.37,1.00
2016.01.27 20:55:03.436,1.29228,1.29231,1.00,1.31
2016.01.27 20:55:03.537,1.29222,1.29231,4.12,1.50
2016.01.27 20:55:03.689,1.29225,1.29231,3.37,1.00
2016.01.27 20:55:03.740,1.29225,1.29234,4.12,1.87
2016.01.27 20:55:04.486,1.29225,1.29235,9.00,1.00
2016.01.27 20:55:04.587,1.29228,1.29236,3.75,1.50
2016.01.27 20:55:04.891,1.29232,1.29238,3.75,1.00
2016.01.27 20:55:04.992,1.2923,1.29238,3.75,1.00
2016.01.27 20:55:05.953,1.2923,1.29237,3.75,1.00
2016.01.27 20:55:06.469,1.29231,1.29238,3.75,1.00
2016.01.27 20:55:07.397,1.2923,1.29238,3.75,1.00
2016.01.27 20:55:07.853,1.29228,1.29239,5.62,1.12
2016.01.27 20:55:07.904,1.29228,1.29237,5.62,1.00
2016.01.27 20:55:08.210,1.29227,1.29235,4.12,1.00
2016.01.27 20:55:09.480,1.29227,1.29234,3.75,1.00
2016.01.27 20:55:09.988,1.29227,1.29235,3.75,1.12
2016.01.27 20:55:10.496,1.29227,1.29234,3.75,1.00
2016.01.27 20:55:10.597,1.29226,1.29234,1.00,1.00
2016.01.27 20:55:10.850,1.29223,1.29231,1.31,1.00
2016.01.27 20:55:11.845,1.29224,1.29233,3.75,1.37
2016.01.27 20:55:12.150,1.29226,1.29233,3.75,1.00
2016.01.27 20:55:13.467,1.29227,1.29234,3.75,1.00
2016.01.27 20:55:14.006,1.29227,1.29235,3.75,1.00
2016.01.27 20:55:15.257,1.29226,1.29235,1.00,1.12
2016.01.27 20:55:15.764,1.29225,1.29235,1.25,2.62
2016.01.27 20:55:16.271,1.29224,1.2923,1.31,1.00
2016.01.27 20:55:16.372,1.29222,1.2923,1.00,1.00
2016.01.27 20:55:16.808,1.29229,1.29234,3.75,1.37
2016.01.27 20:55:16.859,1.29228,1.29236,3.75,1.00
2016.01.27 20:55:17.012,1.2923,1.29236,3.75,1.00
2016.01.27 20:55:17.568,1.2923,1.29236,3.75,1.37
2016.01.27 20:55:18.097,1.29228,1.29236,3.75,1.37
2016.01.27 20:55:18.320,1.29227,1.29236,3.75,1.12
2016.01.27 20:55:18.371,1.29227,1.29234,3.75,1.00
2016.01.27 20:55:18.422,1.29226,1.29234,1.00,1.00
2016.01.27 20:55:18.928,1.29224,1.29233,4.12,1.87
2016.01.27 20:55:19.436,1.29224,1.29232,3.75,1.00
2016.01.27 20:55:20.746,1.29226,1.29232,1.00,1.00
2016.01.27 20:55:21.365,1.29225,1.29232,1.69,1.00
2016.01.27 20:55:21.886,1.29224,1.29232,2.81,1.00
2016.01.27 20:55:22.388,1.29225,1.29232,1.12,1.00
2016.01.27 20:55:22.925,1.29225,1.29232,1.87,1.00
2016.01.27 20:55:23.186,1.2923,1.29232,1.00,1.00
2016.01.27 20:55:23.342,1.29225,1.29232,1.87,1.00
2016.01.27 20:55:23.863,1.29225,1.29233,1.87,1.00
2016.01.27 20:55:24.404,1.29225,1.29231,1.37,1.00
2016.01.27 20:55:24.744,1.29224,1.29232,2.81,1.00
2016.01.27 20:55:25.234,1.29226,1.29233,1.00,1.00
2016.01.27 20:55:26.366,1.2923,1.29233,1.00,1.00
2016.01.27 20:55:26.895,1.2923,1.29234,1.00,1.00
2016.01.27 20:55:27.469,1.29229,1.29234,1.00,1.00
2016.01.27 20:55:27.981,1.2923,1.29234,1.00,1.00
2016.01.27 20:55:28.032,1.2923,1.29236,1.00,1.31
2016.01.27 20:55:28.558,1.29229,1.29236,1.00,1.31
2016.01.27 20:55:29.245,1.2923,1.29236,1.00,1.31
2016.01.27 20:55:29.784,1.29229,1.29236,1.00,1.00
2016.01.27 20:55:30.239,1.2923,1.29238,1.00,2.62
2016.01.27 20:55:30.340,1.29229,1.29236,2.06,1.00
2016.01.27 20:55:31.157,1.2923,1.29236,1.69,1.00
2016.01.27 20:55:31.462,1.29235,1.29239,1.00,1.00
2016.01.27 20:55:32.974,1.29234,1.29239,1.00,1.00
2016.01.27 20:55:33.478,1.29235,1.29239,1.00,1.00
2016.01.27 20:55:34.005,1.29231,1.29239,1.50,1.00
2016.01.27 20:55:34.512,1.2923,1.29239,1.37,1.56
2016.01.27 20:55:34.821,1.29235,1.29239,1.00,1.56
2016.01.27 20:55:35.395,1.29234,1.29239,1.00,1.56
2016.01.27 20:55:35.935,1.29234,1.29239,1.00,1.00
2016.01.27 20:55:36.486,1.29235,1.29238,1.00,1.00
2016.01.27 20:55:37.426,1.29234,1.29238,1.00,1.00
2016.01.27 20:55:37.991,1.29235,1.29238,1.00,1.00
2016.01.27 20:55:39.499,1.29234,1.29238,1.00,1.00
2016.01.27 20:55:40.001,1.29235,1.29238,1.00,1.00
2016.01.27 20:55:40.603,1.29234,1.29238,1.00,1.00
2016.01.27 20:55:41.123,1.29234,1.29239,1.00,1.00
2016.01.27 20:55:41.666,1.29235,1.29239,1.00,1.00
2016.01.27 20:55:42.375,1.29234,1.29239,1.00,1.00
2016.01.27 20:55:42.910,1.29235,1.29239,1.00,1.00
2016.01.27 20:55:43.509,1.29234,1.29239,1.00,1.00
2016.01.27 20:55:44.058,1.29235,1.29238,1.00,1.00
2016.01.27 20:55:45.721,1.29234,1.29238,1.00,1.00
2016.01.27 20:55:46.431,1.29234,1.29239,1.00,1.69
2016.01.27 20:55:46.973,1.29235,1.29239,1.00,1.12
2016.01.27 20:55:47.484,1.29234,1.29239,1.00,1.12
2016.01.27 20:55:48.026,1.29235,1.29239,1.00,1.00
2016.01.27 20:55:48.530,1.29234,1.29239,1.00,1.00
2016.01.27 20:55:49.076,1.29235,1.29239,1.00,1.00
2016.01.27 20:55:49.329,1.2923,1.29238,1.50,4.50
2016.01.27 20:55:49.634,1.29229,1.29236,1.00,1.00
2016.01.27 20:55:50.137,1.2923,1.29236,1.00,1.00
2016.01.27 20:55:50.674,1.2923,1.29237,1.00,1.00
2016.01.27 20:55:51.180,1.2923,1.29238,1.55,1.00
2016.01.27 20:55:52.171,1.29235,1.29238,1.00,1.00
2016.01.27 20:55:52.676,1.29235,1.29239,1.00,1.50
2016.01.27 20:55:53.348,1.29234,1.29239,1.00,2.06
2016.01.27 20:55:53.894,1.2923,1.29239,1.37,2.06
2016.01.27 20:55:54.446,1.2923,1.29239,1.87,2.06
2016.01.27 20:55:54.951,1.2923,1.29239,1.87,2.06
2016.01.27 20:55:55.210,1.2923,1.29237,1.87,1.00
2016.01.27 20:55:55.753,1.2923,1.29237,1.50,1.00
2016.01.27 20:55:56.534,1.2923,1.29236,1.50,1.00
2016.01.27 20:55:56.787,1.29229,1.29236,1.00,1.00
2016.01.27 20:55:57.356,1.2923,1.29236,1.00,1.31
2016.01.27 20:55:57.864,1.2923,1.29236,1.00,1.56
2016.01.27 20:55:58.868,1.2923,1.29239,1.31,1.87
2016.01.27 20:55:59.021,1.29232,1.29239,1.00,2.44
2016.01.27 20:55:59.527,1.29232,1.29238,1.12,1.00
2016.01.27 20:56:00.127,1.29231,1.29238,1.00,4.50
2016.01.27 20:56:00.279,1.29231,1.29239,1.25,1.00
2016.01.27 20:56:00.380,1.29235,1.29239,1.00,1.00
2016.01.27 20:56:00.888,1.29235,1.2924,1.00,1.00
2016.01.27 20:56:01.502,1.29234,1.2924,1.00,1.00
2016.01.27 20:56:02.009,1.29234,1.29241,1.00,1.31
2016.01.27 20:56:02.680,1.29232,1.29241,1.50,1.31
2016.01.27 20:56:02.782,1.29235,1.29241,1.00,1.31
2016.01.27 20:56:03.339,1.29235,1.29242,1.00,1.00
2016.01.27 20:56:03.991,1.29234,1.29242,1.00,1.00
2016.01.27 20:56:04.506,1.29235,1.29242,1.00,1.50
2016.01.27 20:56:04.910,1.29235,1.2924,1.00,1.00
2016.01.27 20:56:06.292,1.29234,1.2924,1.87,1.00
2016.01.27 20:56:06.842,1.29235,1.2924,1.12,1.00
2016.01.27 20:56:07.746,1.29234,1.29242,3.60,1.00
2016.01.27 20:56:08.252,1.29235,1.29241,1.30,1.00
2016.01.27 20:56:09.084,1.29234,1.29241,1.12,1.00
2016.01.27 20:56:09.490,1.29235,1.29241,1.22,1.00
2016.01.27 20:56:09.541,1.29237,1.29244,1.00,3.00
2016.01.27 20:56:09.643,1.2924,1.29244,1.00,1.50
2016.01.27 20:56:10.193,1.29239,1.29244,1.00,1.00
2016.01.27 20:56:10.725,1.2924,1.29244,1.00,1.00
2016.01.27 20:56:11.311,1.29239,1.29244,1.00,1.00
2016.01.27 20:56:11.748,1.29241,1.29245,1.00,1.00
2016.01.27 20:56:11.810,1.29241,1.29249,1.37,2.25
2016.01.27 20:56:11.861,1.29245,1.29249,1.00,1.50
2016.01.27 20:56:12.166,1.29245,1.29251,1.00,1.50
2016.01.27 20:56:12.217,1.29242,1.29251,5.66,1.50
2016.01.27 20:56:12.948,1.29242,1.2925,3.79,1.00
2016.01.27 20:56:13.049,1.29245,1.29251,1.00,1.00
2016.01.27 20:56:14.254,1.29244,1.29251,1.30,1.00
2016.01.27 20:56:14.760,1.29245,1.2925,1.00,1.00
2016.01.27 20:56:15.449,1.29243,1.29249,1.56,1.00
2016.01.27 20:56:15.958,1.29245,1.29249,1.00,1.00
2016.01.27 20:56:17.089,1.29245,1.2925,1.00,1.00
2016.01.27 20:56:17.545,1.29245,1.29253,1.00,3.19
2016.01.27 20:56:18.015,1.29245,1.2925,1.00,1.00
2016.01.27 20:56:18.383,1.29243,1.2925,1.31,1.00
2016.01.27 20:56:18.945,1.2924,1.29249,2.81,1.00
2016.01.27 20:56:18.996,1.2924,1.29245,2.06,1.00
2016.01.27 20:56:19.250,1.2924,1.29247,1.12,1.50
2016.01.27 20:56:20.172,1.29239,1.29247,1.00,1.00
2016.01.27 20:56:20.679,1.29239,1.29248,1.12,1.31
2016.01.27 20:56:21.254,1.29239,1.29248,1.87,1.31
2016.01.27 20:56:21.866,1.29239,1.29248,1.00,1.31
2016.01.27 20:56:22.371,1.2924,1.29248,1.00,1.00
2016.01.27 20:56:22.522,1.29239,1.29246,1.69,1.00
2016.01.27 20:56:22.967,1.2924,1.29244,1.00,1.00
2016.01.27 20:56:23.733,1.2924,1.29245,1.00,1.31
2016.01.27 20:56:24.276,1.2924,1.29244,1.00,1.00
2016.01.27 20:56:24.327,1.29236,1.29244,1.87,1.00
2016.01.27 20:56:24.933,1.29236,1.29244,1.00,1.00
2016.01.27 20:56:25.783,1.29235,1.29245,2.44,1.31
2016.01.27 20:56:25.835,1.2924,1.29245,1.00,1.31
2016.01.27 20:56:26.136,1.29236,1.29244,1.00,1.00
2016.01.27 20:56:26.820,1.2924,1.29244,1.00,1.00
2016.01.27 20:56:27.367,1.29239,1.29244,1.00,1.25
2016.01.27 20:56:27.873,1.2924,1.29244,1.00,1.25
2016.01.27 20:56:29.259,1.29239,1.29244,1.00,1.25
2016.01.27 20:56:29.783,1.2924,1.29244,1.00,1.25
2016.01.27 20:56:30.328,1.29239,1.29244,1.00,1.25
2016.01.27 20:56:30.737,1.29236,1.29244,1.37,1.25
2016.01.27 20:56:30.937,1.29239,1.29244,1.00,1.00
2016.01.27 20:56:31.164,1.29236,1.29244,1.12,1.00
2016.01.27 20:56:31.822,1.29236,1.29244,1.50,1.00
2016.01.27 20:56:31.880,1.2924,1.29244,1.00,1.00
2016.01.27 20:56:32.844,1.29236,1.29244,1.12,1.00
2016.01.27 20:56:33.694,1.29239,1.29244,1.00,1.00
2016.01.27 20:56:34.247,1.2924,1.29244,1.00,1.00
2016.01.27 20:56:34.852,1.29239,1.29244,1.00,1.00
2016.01.27 20:56:35.894,1.2924,1.29244,1.00,1.00
2016.01.27 20:56:36.700,1.2924,1.29246,1.00,1.12
2016.01.27 20:56:37.208,1.29239,1.29246,1.00,1.00
2016.01.27 20:56:37.714,1.2924,1.29246,1.00,1.00
2016.01.27 20:56:38.260,1.29239,1.29246,1.00,1.00
2016.01.27 20:56:38.802,1.2924,1.29246,1.00,1.00
2016.01.27 20:56:39.339,1.29239,1.29246,1.00,1.00
2016.01.27 20:56:39.851,1.2924,1.29246,1.00,1.00
2016.01.27 20:56:40.369,1.29239,1.29246,1.00,3.75
2016.01.27 20:56:41.334,1.2924,1.29246,1.00,1.00
2016.01.27 20:56:42.376,1.29239,1.29246,1.00,1.00
2016.01.27 20:56:42.924,1.2924,1.29246,1.00,1.00
2016.01.27 20:56:43.544,1.29239,1.29246,1.00,1.00
2016.01.27 20:56:44.080,1.2924,1.29246,1.00,3.37
2016.01.27 20:56:44.927,1.29239,1.29246,1.00,1.12
2016.01.27 20:56:45.523,1.2924,1.29246,1.00,1.00
2016.01.27 20:56:46.234,1.29239,1.29246,1.00,1.00
2016.01.27 20:56:46.772,1.2924,1.29246,1.00,1.00
2016.01.27 20:56:47.429,1.2924,1.29244,1.00,1.00
2016.01.27 20:56:48.080,1.29239,1.29245,1.00,1.00
2016.01.27 20:56:48.698,1.2924,1.29245,1.00,1.00
2016.01.27 20:56:49.342,1.29236,1.29245,1.87,1.00
2016.01.27 20:56:49.552,1.29236,1.29243,1.12,1.00
2016.01.27 20:56:51.009,1.29235,1.29243,1.87,1.00
2016.01.27 20:56:51.313,1.29234,1.29241,1.00,1.13
2016.01.27 20:56:51.824,1.29235,1.29242,1.00,2.25
2016.01.27 20:56:52.372,1.29235,1.29243,1.00,1.18
2016.01.27 20:56:52.423,1.29235,1.29241,1.00,1.00
2016.01.27 20:56:52.930,1.29239,1.29244,1.00,1.25
2016.01.27 20:56:53.470,1.29239,1.29243,1.00,1.00
2016.01.27 20:56:53.976,1.2924,1.29243,1.00,1.00
2016.01.27 20:56:54.572,1.29239,1.29243,1.00,1.00
2016.01.27 20:56:55.169,1.2924,1.29243,1.00,1.00
2016.01.27 20:56:56.433,1.29239,1.29243,1.00,1.00
2016.01.27 20:56:56.585,1.29239,1.29247,1.00,2.44
2016.01.27 20:56:57.092,1.2924,1.29245,1.06,1.00
2016.01.27 20:56:59.403,1.29242,1.29245,3.50,1.00
2016.01.27 20:56:59.555,1.29242,1.29249,3.88,1.50
2016.01.27 20:56:59.657,1.29245,1.29249,1.00,1.50
2016.01.27 20:56:59.943,1.29242,1.29249,3.50,1.50
2016.01.27 20:57:00.579,1.29242,1.29248,3.50,1.00
2016.01.27 20:57:00.732,1.2924,1.29248,4.63,1.00
2016.01.27 20:57:01.465,1.2924,1.29247,4.63,1.00
2016.01.27 20:57:08.119,1.2924,1.29247,1.31,1.87
2016.01.27 20:57:08.370,1.29239,1.29244,4.50,1.00
2016.01.27 20:57:10.247,1.29239,1.29245,4.50,1.00
2016.01.27 20:57:10.790,1.29244,1.29246,1.00,1.00
2016.01.27 20:57:11.246,1.29245,1.29248,1.00,1.12
2016.01.27 20:57:11.752,1.29244,1.29247,1.00,1.50
2016.01.27 20:57:11.803,1.29241,1.29244,3.67,1.00
2016.01.27 20:57:11.854,1.2924,1.29244,1.00,1.00
2016.01.27 20:57:12.300,1.2924,1.29241,1.00,1.00
2016.01.27 20:57:12.402,1.29238,1.29241,1.00,1.00
2016.01.27 20:57:12.453,1.29239,1.29243,1.00,1.00
2016.01.27 20:57:12.960,1.29239,1.29244,1.00,1.00
2016.01.27 20:57:14.905,1.2924,1.29244,1.00,1.00
2016.01.27 20:57:15.119,1.29236,1.29241,1.50,1.00
2016.01.27 20:57:15.828,1.29236,1.29245,2.36,1.00
2016.01.27 20:57:15.879,1.29239,1.29245,1.00,1.00
2016.01.27 20:57:16.415,1.29239,1.29247,1.87,6.75
2016.01.27 20:57:17.001,1.2924,1.29247,1.00,3.56
2016.01.27 20:57:17.843,1.29239,1.29247,1.87,3.19
2016.01.27 20:57:18.146,1.2924,1.29243,1.00,1.00
2016.01.27 20:57:19.515,1.29239,1.29243,1.00,1.00
2016.01.27 20:57:19.835,1.2924,1.29245,1.50,1.00
2016.01.27 20:57:20.353,1.29241,1.29245,1.00,1.00
2016.01.27 20:57:20.892,1.2924,1.29245,1.00,1.00
2016.01.27 20:57:21.555,1.29239,1.29245,1.87,1.00
2016.01.27 20:57:22.056,1.29241,1.29246,1.00,1.00
2016.01.27 20:57:22.570,1.29236,1.29241,4.87,1.00
2016.01.27 20:57:22.621,1.29236,1.2924,1.25,1.00
2016.01.27 20:57:22.724,1.29232,1.2924,1.12,1.26
2016.01.27 20:57:22.827,1.2923,1.29239,2.81,1.00
2016.01.27 20:57:23.080,1.29227,1.29237,1.87,3.38
2016.01.27 20:57:23.232,1.29226,1.29235,1.62,1.00
2016.01.27 20:57:23.571,1.2923,1.29237,1.00,4.13
2016.01.27 20:57:24.108,1.2923,1.29238,1.00,1.69
2016.01.27 20:57:24.159,1.29235,1.29238,1.00,1.00
2016.01.27 20:57:24.260,1.29235,1.2924,1.00,1.00
2016.01.27 20:57:24.785,1.29235,1.29241,1.00,1.00
2016.01.27 20:57:25.317,1.29235,1.29242,1.00,1.26
2016.01.27 20:57:25.861,1.29234,1.29242,1.00,1.00
2016.01.27 20:57:26.763,1.29235,1.29242,1.00,1.12
2016.01.27 20:57:28.094,1.29235,1.29244,2.06,1.00
2016.01.27 20:57:28.603,1.29236,1.29244,1.00,1.00
2016.01.27 20:57:28.852,1.29239,1.29242,1.00,1.00
2016.01.27 20:57:29.389,1.2924,1.29242,1.00,1.00
2016.01.27 20:57:29.901,1.2924,1.29243,1.00,1.00
2016.01.27 20:57:30.408,1.29236,1.29243,1.87,1.00
2016.01.27 20:57:30.459,1.29236,1.29244,1.37,1.00
2016.01.27 20:57:30.763,1.29235,1.29244,1.35,1.00
2016.01.27 20:57:31.295,1.29235,1.29244,1.67,1.12
2016.01.27 20:57:31.699,1.29235,1.29242,1.35,1.00
2016.01.27 20:57:33.429,1.29236,1.29243,1.25,1.00
2016.01.27 20:57:33.733,1.2924,1.29242,1.00,1.00
2016.01.27 20:57:34.591,1.29239,1.29242,1.00,1.00
2016.01.27 20:57:35.200,1.2924,1.29242,1.00,1.00
2016.01.27 20:57:35.737,1.2924,1.29246,1.31,2.25
2016.01.27 20:57:36.279,1.29239,1.29246,1.56,1.12
2016.01.27 20:57:37.169,1.29241,1.29246,3.75,1.00
2016.01.27 20:57:37.321,1.29241,1.2925,4.87,2.44
2016.01.27 20:57:37.422,1.29244,1.2925,1.00,1.25
2016.01.27 20:57:37.954,1.29244,1.29249,1.00,1.00
2016.01.27 20:57:38.537,1.29245,1.29249,1.00,1.00
2016.01.27 20:57:39.320,1.29245,1.29247,1.00,1.00
2016.01.27 20:57:40.023,1.29244,1.29247,2.25,1.00
2016.01.27 20:57:40.443,1.29242,1.29247,1.17,1.00
2016.01.27 20:57:40.595,1.2924,1.29245,2.00,1.00
2016.01.27 20:57:40.898,1.29239,1.29245,5.19,1.00
2016.01.27 20:57:43.454,1.29245,1.29249,1.00,1.00
2016.01.27 20:57:44.004,1.29245,1.2925,4.44,1.00
2016.01.27 20:57:45.382,1.29248,1.29252,1.00,1.19
2016.01.27 20:57:45.897,1.29246,1.29253,4.06,1.19
2016.01.27 20:57:46.425,1.29245,1.29253,1.63,1.19
2016.01.27 20:57:47.162,1.29245,1.29253,1.63,1.19
2016.01.27 20:57:47.719,1.2925,1.29253,1.00,1.19
2016.01.27 20:57:47.993,1.29248,1.29254,1.00,1.19
2016.01.27 20:57:48.045,1.29242,1.29249,3.75,1.00
2016.01.27 20:57:48.096,1.29242,1.29246,1.37,1.00
2016.01.27 20:57:48.299,1.2924,1.29242,1.00,1.00
2016.01.27 20:57:48.400,1.2924,1.29243,1.00,1.00
2016.01.27 20:57:48.923,1.2924,1.29241,1.00,1.00
2016.01.27 20:57:49.380,1.29237,1.2924,3.00,1.00
2016.01.27 20:57:49.735,1.29235,1.29238,1.12,1.00
2016.01.27 20:57:49.837,1.29235,1.29238,1.12,1.00
2016.01.27 20:57:50.192,1.29235,1.29238,1.00,1.00
2016.01.27 20:57:50.593,1.29233,1.29238,1.12,1.00
2016.01.27 20:57:51.326,1.29235,1.29238,1.00,1.00
2016.01.27 20:57:52.532,1.29234,1.29238,1.12,1.00
2016.01.27 20:57:53.056,1.29235,1.29238,1.00,1.00
2016.01.27 20:57:54.134,1.29234,1.29238,1.87,1.00
2016.01.27 20:57:54.589,1.29234,1.29236,1.12,1.00
2016.01.27 20:57:55.108,1.29235,1.29236,1.00,1.00
2016.01.27 20:57:55.582,1.29235,1.29237,1.00,1.00
2016.01.27 20:57:55.785,1.29234,1.29236,1.00,1.00
2016.01.27 20:57:55.886,1.29229,1.29237,6.00,1.00
2016.01.27 20:57:56.268,1.2923,1.29237,3.19,1.00
2016.01.27 20:57:56.795,1.2923,1.29238,1.69,1.00
2016.01.27 20:57:57.099,1.2923,1.29236,1.50,1.00
2016.01.27 20:57:57.301,1.29229,1.29238,3.56,1.00
2016.01.27 20:57:58.039,1.2923,1.29238,1.37,1.00
2016.01.27 20:57:58.476,1.29234,1.29238,1.00,1.00
2016.01.27 20:57:58.753,1.2923,1.29236,1.37,1.00
2016.01.27 20:57:58.855,1.29229,1.29232,1.25,1.00
2016.01.27 20:57:58.957,1.29227,1.29237,4.50,1.50
2016.01.27 20:57:59.059,1.29225,1.29228,1.12,1.00
2016.01.27 20:57:59.309,1.29223,1.29226,1.87,1.00
2016.01.27 20:57:59.411,1.29221,1.29225,3.00,1.00
2016.01.27 20:57:59.767,1.29219,1.29222,2.25,1.00
2016.01.27 20:57:59.818,1.29219,1.29221,1.12,4.50
2016.01.27 20:57:59.869,1.29216,1.29221,3.00,4.50
2016.01.27 20:58:00.417,1.29215,1.29221,1.00,1.00
2016.01.27 20:58:00.519,1.29214,1.29221,1.37,1.00
2016.01.27 20:58:00.621,1.29216,1.29223,1.00,1.00
2016.01.27 20:58:00.722,1.29216,1.29225,1.12,1.00
2016.01.27 20:58:00.990,1.2922,1.29222,1.00,1.00
2016.01.27 20:58:01.499,1.2922,1.29225,1.00,1.00
2016.01.27 20:58:02.493,1.29219,1.29228,1.00,1.00
2016.01.27 20:58:02.897,1.29224,1.2923,1.00,1.50
2016.01.27 20:58:03.128,1.29225,1.29231,3.81,1.00
2016.01.27 20:58:03.280,1.29221,1.29226,1.87,1.00
2016.01.27 20:58:03.331,1.29221,1.29225,1.00,1.00
2016.01.27 20:58:03.684,1.29219,1.29226,1.50,1.00
2016.01.27 20:58:04.223,1.2922,1.29226,1.00,1.56
2016.01.27 20:58:04.274,1.2922,1.29222,1.00,1.00
2016.01.27 20:58:04.506,1.2922,1.29224,1.00,1.00
2016.01.27 20:58:04.810,1.29219,1.29226,5.69,1.00
2016.01.27 20:58:04.863,1.29222,1.29226,1.00,1.00
2016.01.27 20:58:05.117,1.29224,1.2923,4.94,1.00
2016.01.27 20:58:05.168,1.29224,1.2923,6.06,1.00
2016.01.27 20:58:05.472,1.29228,1.2923,1.00,1.00
2016.01.27 20:58:05.932,1.29226,1.2923,1.37,1.00
2016.01.27 20:58:05.983,1.29225,1.29229,1.12,1.00
2016.01.27 20:58:06.034,1.29225,1.29231,1.12,1.00
2016.01.27 20:58:06.541,1.29225,1.2923,1.37,1.00
2016.01.27 20:58:06.693,1.29225,1.29228,1.00,1.00
2016.01.27 20:58:07.233,1.29223,1.29229,1.00,1.00
2016.01.27 20:58:07.387,1.29222,1.29227,1.00,3.75
2016.01.27 20:58:07.691,1.2922,1.29221,1.00,1.00
2016.01.27 20:58:08.468,1.29219,1.29222,1.12,1.00
2016.01.27 20:58:08.519,1.29219,1.29221,1.00,1.00
2016.01.27 20:58:09.050,1.2922,1.29221,1.00,1.00
2016.01.27 20:58:09.202,1.29215,1.29221,2.81,1.00
2016.01.27 20:58:09.303,1.29215,1.29221,1.00,1.56
2016.01.27 20:58:09.506,1.29209,1.29218,2.25,4.12
2016.01.27 20:58:09.607,1.29209,1.29218,2.62,3.75
2016.01.27 20:58:10.106,1.2921,1.29213,1.12,1.00
2016.01.27 20:58:10.208,1.2921,1.29217,1.00,1.00
2016.01.27 20:58:10.310,1.29213,1.29219,1.37,1.00
2016.01.27 20:58:10.851,1.29215,1.29219,1.00,1.00
2016.01.27 20:58:11.582,1.29214,1.29219,1.00,1.00
2016.01.27 20:58:12.097,1.29215,1.29219,1.00,1.00
2016.01.27 20:58:12.612,1.29215,1.2922,1.00,1.00
2016.01.27 20:58:13.420,1.29214,1.2922,1.00,1.00
2016.01.27 20:58:13.963,1.29213,1.29219,1.12,1.00
2016.01.27 20:58:14.303,1.29215,1.2922,1.00,1.00
2016.01.27 20:58:15.031,1.29214,1.2922,1.00,1.00
2016.01.27 20:58:15.572,1.29215,1.2922,1.00,1.00
2016.01.27 20:58:16.119,1.29214,1.2922,1.00,1.00
2016.01.27 20:58:16.660,1.29215,1.2922,1.00,1.00
2016.01.27 20:58:17.980,1.29215,1.29218,1.12,1.00
2016.01.27 20:58:18.510,1.29214,1.29217,1.00,1.00
2016.01.27 20:58:19.054,1.29215,1.29218,1.00,1.00
2016.01.27 20:58:19.654,1.29214,1.29218,1.00,1.00
2016.01.27 20:58:19.935,1.29214,1.2922,1.00,1.00
2016.01.27 20:58:20.440,1.29215,1.2922,1.00,1.00
2016.01.27 20:58:21.180,1.29215,1.29218,1.00,1.00
2016.01.27 20:58:21.959,1.2921,1.29216,1.69,1.00
2016.01.27 20:58:22.010,1.2921,1.29216,1.69,1.00
2016.01.27 20:58:22.625,1.2921,1.29214,1.12,1.00
2016.01.27 20:58:23.322,1.2921,1.29216,1.00,1.18
2016.01.27 20:58:23.629,1.29209,1.29214,1.12,1.00
2016.01.27 20:58:24.166,1.2921,1.29214,1.00,1.00
2016.01.27 20:58:24.723,1.29209,1.29214,1.87,1.00
2016.01.27 20:58:25.246,1.2921,1.29214,1.00,1.00
2016.01.27 20:58:25.752,1.2921,1.29215,1.00,1.00
2016.01.27 20:58:28.209,1.2921,1.29214,1.00,1.00
2016.01.27 20:58:28.418,1.29208,1.29214,1.50,1.00
2016.01.27 20:58:28.472,1.29205,1.29214,2.44,1.12
2016.01.27 20:58:28.674,1.29204,1.29211,1.69,1.00
2016.01.27 20:58:28.978,1.29205,1.29211,1.31,1.00
2016.01.27 20:58:29.828,1.29205,1.29211,1.00,1.00
2016.01.27 20:58:29.980,1.29205,1.2921,1.00,1.00
2016.01.27 20:58:30.082,1.29205,1.2921,1.00,3.00
2016.01.27 20:58:30.335,1.29204,1.29209,1.00,1.00
2016.01.27 20:58:30.840,1.29205,1.29209,1.00,1.00
2016.01.27 20:58:31.466,1.29204,1.29209,1.00,1.00
2016.01.27 20:58:31.979,1.29205,1.29209,1.00,1.00
2016.01.27 20:58:32.805,1.29205,1.29206,1.00,1.00
2016.01.27 20:58:33.472,1.29204,1.29206,1.00,1.00
2016.01.27 20:58:33.734,1.29204,1.29208,1.00,1.00
2016.01.27 20:58:34.376,1.29205,1.29208,1.00,1.00
2016.01.27 20:58:34.976,1.29204,1.29208,2.25,1.00
2016.01.27 20:58:35.479,1.29205,1.29207,2.25,1.00
2016.01.27 20:58:35.982,1.29204,1.29207,1.00,1.00
2016.01.27 20:58:36.610,1.29208,1.2921,1.50,1.00
2016.01.27 20:58:36.762,1.29213,1.29215,2.25,1.00
2016.01.27 20:58:36.864,1.29215,1.29217,1.00,1.00
2016.01.27 20:58:36.915,1.29215,1.29218,1.00,1.00
2016.01.27 20:58:37.118,1.29215,1.29217,1.00,1.00
2016.01.27 20:58:37.451,1.29215,1.29219,1.37,1.00
2016.01.27 20:58:38.345,1.29214,1.29218,1.87,1.00
2016.01.27 20:58:39.240,1.29215,1.29218,1.00,1.00
2016.01.27 20:58:39.446,1.29215,1.29218,1.00,1.00
2016.01.27 20:58:39.800,1.2922,1.29222,1.00,1.00
2016.01.27 20:58:39.902,1.2922,1.29221,1.00,1.00
2016.01.27 20:58:40.105,1.29218,1.2922,1.00,1.00
2016.01.27 20:58:41.101,1.29219,1.29221,1.00,1.00
2016.01.27 20:58:41.653,1.2922,1.29222,1.00,1.00
2016.01.27 20:58:42.000,1.2922,1.29221,1.00,1.00
2016.01.27 20:58:43.168,1.29219,1.29222,1.00,1.00
2016.01.27 20:58:43.711,1.2922,1.29221,1.00,1.00
2016.01.27 20:58:44.877,1.29219,1.29221,1.00,1.00
2016.01.27 20:58:45.040,1.29216,1.2922,1.50,1.00
2016.01.27 20:58:45.555,1.29215,1.29219,1.00,1.00
2016.01.27 20:58:49.570,1.29215,1.29218,2.62,1.00
2016.01.27 20:58:50.663,1.29215,1.29218,1.87,1.00
2016.01.27 20:58:54.163,1.29215,1.29219,3.37,1.00
2016.01.27 20:58:54.893,1.29215,1.29219,2.25,1.00
2016.01.27 20:58:56.718,1.29215,1.2922,3.75,1.00
2016.01.27 20:58:57.723,1.29215,1.29221,7.12,1.00
2016.01.27 20:58:58.268,1.29215,1.29221,7.12,1.00
2016.01.27 20:58:58.833,1.29216,1.29221,1.37,1.00
2016.01.27 20:58:58.935,1.29219,1.29222,1.00,1.00
2016.01.27 20:58:59.453,1.29219,1.29221,1.00,1.00
2016.01.27 20:58:59.780,1.29219,1.29224,1.00,1.00
2016.01.27 20:58:59.891,1.29219,1.29227,1.00,1.31
2016.01.27 20:59:00.245,1.2922,1.29228,1.50,1.00
2016.01.27 20:59:00.750,1.29221,1.29229,4.50,1.12
2016.01.27 20:59:01.131,1.29225,1.29231,1.00,1.37
2016.01.27 20:59:01.182,1.29226,1.29231,1.00,1.00
2016.01.27 20:59:01.234,1.29226,1.29229,1.00,1.00
2016.01.27 20:59:01.893,1.29225,1.29228,1.50,1.00
2016.01.27 20:59:02.432,1.29225,1.29227,1.00,1.00
2016.01.27 20:59:02.483,1.29223,1.29227,1.00,1.00
2016.01.27 20:59:03.013,1.29225,1.29227,0.75,0.75
2016.01.27 20:59:03.424,1.29225,1.2923,2.06,0.37
2016.01.27 20:59:03.475,1.2923,1.29233,0.75,0.75
2016.01.27 20:59:04.217,1.29229,1.29233,1.69,0.75
2016.01.27 20:59:04.729,1.2923,1.29234,0.56,0.75
2016.01.27 20:59:05.260,1.2923,1.29235,0.75,0.75
2016.01.27 20:59:05.765,1.29231,1.29234,1.50,0.75
2016.01.27 20:59:06.069,1.29232,1.29239,0.56,0.75
2016.01.27 20:59:06.585,1.29232,1.29238,0.75,0.75
2016.01.27 20:59:06.636,1.29232,1.29235,1.50,0.75
2016.01.27 20:59:07.179,1.29232,1.29236,1.50,0.75
2016.01.27 20:59:07.691,1.29235,1.29236,0.75,0.75
2016.01.27 20:59:07.943,1.29235,1.29238,0.75,1.31
2016.01.27 20:59:08.045,1.29238,1.29239,0.75,0.75
2016.01.27 20:59:08.344,1.2924,1.29242,0.75,0.75
2016.01.27 20:59:08.598,1.2924,1.29241,0.75,0.75
2016.01.27 20:59:09.316,1.29239,1.2924,1.50,0.75
2016.01.27 20:59:09.898,1.2924,1.29241,0.75,0.75
2016.01.27 20:59:10.354,1.29237,1.29239,2.25,0.75
2016.01.27 20:59:10.455,1.29236,1.29237,5.25,0.75
2016.01.27 20:59:10.960,1.29235,1.29236,1.31,0.75
2016.01.27 20:59:11.481,1.29239,1.29245,0.56,1.12
2016.01.27 20:59:11.756,1.29237,1.29245,0.75,1.12
2016.01.27 20:59:11.807,1.29236,1.29237,2.81,0.75
2016.01.27 20:59:11.858,1.29235,1.29237,2.62,0.75
2016.01.27 20:59:12.699,1.29235,1.29236,0.75,0.75
2016.01.27 20:59:12.860,1.29233,1.29234,2.81,0.75
2016.01.27 20:59:15.293,1.29233,1.29235,1.69,0.75
2016.01.27 20:59:15.345,1.29235,1.29236,0.75,0.75
2016.01.27 20:59:16.078,1.29235,1.29237,0.75,0.75
2016.01.27 20:59:17.630,1.29236,1.29237,0.37,0.75
2016.01.27 20:59:18.218,1.29237,1.29238,0.75,0.75
2016.01.27 20:59:18.269,1.29239,1.2924,0.75,0.75
2016.01.27 20:59:18.370,1.29237,1.29238,1.12,0.75
2016.01.27 20:59:18.471,1.29235,1.29236,1.12,0.75
2016.01.27 20:59:18.522,1.29235,1.29237,1.12,0.75
2016.01.27 20:59:19.445,1.29234,1.29237,0.75,0.75
2016.01.27 20:59:19.987,1.29235,1.29237,0.75,0.75
2016.01.27 20:59:20.492,1.29235,1.29238,1.50,0.75
2016.01.27 20:59:21.139,1.29235,1.29237,0.75,0.75
2016.01.27 20:59:21.642,1.29235,1.29238,1.12,0.75
2016.01.27 20:59:22.143,1.29235,1.29237,1.50,0.75
2016.01.27 20:59:22.800,1.29234,1.29237,0.37,0.75
2016.01.27 20:59:22.902,1.29234,1.29235,0.37,0.75
2016.01.27 20:59:23.409,1.29232,1.29233,1.01,0.75
2016.01.27 20:59:23.902,1.29233,1.29235,1.01,0.75
2016.01.27 20:59:23.953,1.29235,1.29236,0.75,0.75
2016.01.27 20:59:24.756,1.29234,1.29235,0.75,0.75
2016.01.27 20:59:25.362,1.29235,1.29236,0.75,0.75
2016.01.27 20:59:25.565,1.29232,1.29235,0.64,0.75
2016.01.27 20:59:25.991,1.29232,1.29233,0.37,0.75
2016.01.27 20:59:26.295,1.2923,1.29231,1.50,0.75
2016.01.27 20:59:26.832,1.29229,1.29231,1.50,0.75
2016.01.27 20:59:27.402,1.29225,1.29226,6.26,0.75
2016.01.27 20:59:27.979,1.29227,1.29228,0.37,0.75
2016.01.27 20:59:28.181,1.29226,1.2923,3.26,0.75
2016.01.27 20:59:28.232,1.2923,1.29231,0.75,0.75
2016.01.27 20:59:28.284,1.29232,1.29237,0.26,3.37
2016.01.27 20:59:28.488,1.29234,1.29239,0.26,0.75
2016.01.27 20:59:28.845,1.29233,1.29234,1.01,0.75
2016.01.27 20:59:29.149,1.29234,1.29241,0.75,0.75
2016.01.27 20:59:29.250,1.29232,1.29238,0.37,0.75
2016.01.27 20:59:29.557,1.2924,1.29241,0.26,2.25
2016.01.27 20:59:29.861,1.29237,1.29238,0.37,0.75
2016.01.27 20:59:30.040,1.29238,1.29242,0.75,0.37
2016.01.27 20:59:30.282,1.29238,1.29244,0.26,0.75
2016.01.27 20:59:30.535,1.2924,1.29244,0.75,0.75
2016.01.27 20:59:30.636,1.29237,1.29245,0.37,0.75
2016.01.27 20:59:30.687,1.29239,1.29245,0.26,0.75
2016.01.27 20:59:31.342,1.2924,1.29245,0.75,0.75
2016.01.27 20:59:31.931,1.29239,1.2924,0.56,1.12
2016.01.27 20:59:32.196,1.29237,1.2924,0.56,1.12
2016.01.27 20:59:32.348,1.2924,1.29241,1.31,1.50
2016.01.27 20:59:32.550,1.29239,1.29241,0.75,1.87
2016.01.27 20:59:32.601,1.29238,1.29239,1.31,0.75
2016.01.27 20:59:32.762,1.2924,1.29243,0.56,0.75
2016.01.27 20:59:32.813,1.2924,1.29241,0.56,0.37
2016.01.27 20:59:33.143,1.29242,1.29243,0.56,0.75
2016.01.27 20:59:33.194,1.29244,1.29248,0.56,0.37
2016.01.27 20:59:33.244,1.29244,1.29246,1.31,0.75
2016.01.27 20:59:33.295,1.29247,1.2925,0.56,0.75
2016.01.27 20:59:33.346,1.29249,1.29251,0.75,1.50
2016.01.27 20:59:33.650,1.29252,1.29253,0.75,0.75
2016.01.27 20:59:34.418,1.2925,1.29251,0.19,1.50
2016.01.27 20:59:34.469,1.29251,1.29253,0.19,0.75
2016.01.27 20:59:34.975,1.29251,1.29252,0.19,0.75
2016.01.27 20:59:35.502,1.2925,1.29252,0.19,0.75
2016.01.27 20:59:36.203,1.29249,1.29252,0.94,0.75
2016.01.27 20:59:36.457,1.29247,1.29251,0.19,0.75
2016.01.27 20:59:36.608,1.29245,1.29251,1.12,0.75
2016.01.27 20:59:36.659,1.29245,1.29248,0.37,0.75
2016.01.27 20:59:36.710,1.29243,1.29248,3.09,0.75
2016.01.27 20:59:37.342,1.29243,1.29247,2.72,0.75
2016.01.27 20:59:37.604,1.29245,1.29247,0.75,0.75
2016.01.27 20:59:37.705,1.29242,1.29247,3.84,0.75
2016.01.27 20:59:38.262,1.29244,1.29247,0.75,0.75
2016.01.27 20:59:38.849,1.29245,1.29247,2.72,0.75
2016.01.27 20:59:39.355,1.29245,1.29248,0.75,0.75
2016.01.27 20:59:39.658,1.29235,1.29237,3.00,0.75
2016.01.27 20:59:40.140,1.29233,1.2924,1.87,0.75
2016.01.27 20:59:40.209,1.29233,1.29237,1.12,0.75
2016.01.27 20:59:40.260,1.29233,1.29239,0.37,0.75
2016.01.27 20:59:40.715,1.29235,1.29239,0.75,0.75
2016.01.27 20:59:40.917,1.29233,1.29238,0.75,0.75
2016.01.27 20:59:41.069,1.29231,1.29238,3.47,0.75
2016.01.27 20:59:41.272,1.29232,1.2924,0.37,0.75
2016.01.27 20:59:41.322,1.29234,1.2924,0.75,0.75
2016.01.27 20:59:41.816,1.29231,1.29232,0.75,0.75
2016.01.27 20:59:41.875,1.29228,1.29232,0.37,0.75
2016.01.27 20:59:41.926,1.29228,1.29229,0.37,0.75
2016.01.27 20:59:42.432,1.29226,1.2923,0.75,0.75
2016.01.27 20:59:42.483,1.29225,1.29227,0.37,0.75
2016.01.27 20:59:42.787,1.29223,1.29227,0.75,0.75
2016.01.27 20:59:43.076,1.29221,1.29222,1.12,0.75
2016.01.27 20:59:43.127,1.29217,1.29221,3.00,0.75
2016.01.27 20:59:43.380,1.29215,1.2922,3.75,0.75
2016.01.27 20:59:43.482,1.29215,1.29217,1.87,0.75
2016.01.27 20:59:43.583,1.29215,1.29219,0.37,0.75
2016.01.27 20:59:44.093,1.29215,1.2922,1.12,0.75
2016.01.27 20:59:44.245,1.29215,1.29218,0.75,0.75
2016.01.27 20:59:44.699,1.29215,1.29221,0.75,0.75
2016.01.27 20:59:45.356,1.29215,1.29222,1.50,0.75
2016.01.27 20:59:45.984,1.29216,1.29222,4.19,0.75
2016.01.27 20:59:46.035,1.2922,1.29222,0.75,0.75
2016.01.27 20:59:46.506,1.29224,1.29225,0.75,0.75
2016.01.27 20:59:46.557,1.29223,1.29224,2.25,0.75
2016.01.27 20:59:46.608,1.29225,1.29231,1.31,1.12
2016.01.27 20:59:46.659,1.29225,1.29229,1.31,0.75
2016.01.27 20:59:46.962,1.29227,1.29229,0.56,0.75
2016.01.27 20:59:47.465,1.29225,1.29228,1.31,0.75
2016.01.27 20:59:47.996,1.29226,1.29228,0.56,0.75
2016.01.27 20:59:48.198,1.29225,1.29226,2.06,0.75
2016.01.27 20:59:48.311,1.29227,1.29229,0.37,0.75
2016.01.27 20:59:48.462,1.29224,1.29229,3.37,0.75
2016.01.27 20:59:49.154,1.29224,1.29228,1.31,0.75
2016.01.27 20:59:49.671,1.29225,1.29228,0.75,0.75
2016.01.27 20:59:50.177,1.29224,1.29228,0.75,0.75
2016.01.27 20:59:50.759,1.29225,1.29228,0.75,0.75
2016.01.27 20:59:51.277,1.29225,1.29227,0.75,0.75
2016.01.27 20:59:51.776,1.29228,1.29229,0.75,0.75
2016.01.27 20:59:51.842,1.2923,1.29231,0.75,0.75
2016.01.27 20:59:52.379,1.29226,1.29232,0.94,0.75
2016.01.27 20:59:52.783,1.2923,1.29233,0.75,0.75
2016.01.27 20:59:53.036,1.29226,1.29233,0.37,0.75
2016.01.27 20:59:53.137,1.29225,1.29231,0.37,0.75
2016.01.27 20:59:53.769,1.29225,1.2923,0.75,0.75
2016.01.27 20:59:54.236,1.29225,1.29228,0.75,0.75
2016.01.27 20:59:54.337,1.29225,1.2923,0.75,0.75
2016.01.27 20:59:55.065,1.29224,1.2923,0.75,0.75
2016.01.27 20:59:55.344,1.29225,1.29228,0.75,0.75
2016.01.27 20:59:56.051,1.29224,1.29228,0.75,0.75
2016.01.27 20:59:56.611,1.29225,1.29229,0.75,0.75
2016.01.27 20:59:57.158,1.29223,1.2923,0.56,1.50
2016.01.27 20:59:57.663,1.29222,1.29229,0.75,0.75
2016.01.27 20:59:57.765,1.29221,1.29227,1.31,0.75
2016.01.27 20:59:58.069,1.29223,1.29227,0.56,0.75
2016.01.27 20:59:58.221,1.29223,1.29229,0.56,0.75
2016.01.27 20:59:58.602,1.29221,1.29229,0.37,0.75
2016.01.27 20:59:58.855,1.29223,1.29229,0.22,0.75
2016.01.27 20:59:59.260,1.29221,1.2923,0.37,3.94
2016.01.27 20:59:59.311,1.29219,1.29226,1.87,0.75
2016.01.27 20:59:59.900,1.29222,1.29227,0.22,0.37
2016.01.27 20:59:59.951,1.2922,1.29228,0.37,1.12
