2008.12.09 07:00:02.504,1.1928,1.19305,1.00,4.80
2008.12.09 07:00:03.204,1.1928,1.19305,1.00,2.40
2008.12.09 07:00:05.883,1.1928,1.19305,1.00,4.80
2008.12.09 07:00:09.722,1.1928,1.19305,1.00,2.40
2008.12.09 07:00:09.952,1.1928,1.19305,1.00,4.00
2008.12.09 07:00:10.062,1.1927,1.19305,1.60,4.00
2008.12.09 07:00:10.292,1.1927,1.19295,1.00,1.00
2008.12.09 07:00:10.912,1.1927,1.193,1.00,5.60
2008.12.09 07:00:11.252,1.1927,1.193,1.00,4.00
2008.12.09 07:00:12.521,1.1927,1.1931,1.00,14.80
2008.12.09 07:00:12.761,1.1927,1.1931,1.00,6.80
2008.12.09 07:00:14.211,1.1927,1.1931,1.00,6.80
2008.12.09 07:00:14.611,1.1927,1.19295,1.00,2.40
2008.12.09 07:00:15.841,1.1927,1.19295,1.00,4.00
2008.12.09 07:00:16.200,1.1926,1.19295,1.00,4.00
2008.12.09 07:00:17.370,1.1926,1.19295,1.00,6.80
2008.12.09 07:00:17.750,1.1926,1.1929,1.00,2.80
2008.12.09 07:00:18.040,1.1926,1.1929,1.00,6.80
2008.12.09 07:00:19.100,1.1925,1.1929,1.00,6.80
2008.12.09 07:00:20.259,1.1925,1.1929,1.00,8.40
2008.12.09 07:00:22.869,1.1925,1.1929,3.20,8.40
2008.12.09 07:00:23.029,1.1925,1.1929,12.00,4.40
2008.12.09 07:00:23.249,1.1925,1.1929,4.80,8.40
2008.12.09 07:00:23.309,1.1925,1.1929,1.60,8.40
2008.12.09 07:00:23.479,1.1925,1.1929,1.00,8.40
2008.12.09 07:00:24.269,1.1925,1.19285,1.00,1.00
2008.12.09 07:00:24.718,1.1925,1.19285,1.00,4.80
2008.12.09 07:00:29.407,1.1925,1.19285,1.00,6.40
2008.12.09 07:00:30.037,1.1925,1.1928,1.00,4.00
2008.12.09 07:00:33.367,1.1925,1.1928,1.00,5.60
2008.12.09 07:00:33.787,1.1925,1.1928,1.00,7.20
2008.12.09 07:00:34.006,1.1924,1.1928,1.00,7.20
2008.12.09 07:00:34.356,1.1924,1.19275,1.00,4.00
2008.12.09 07:00:34.756,1.1925,1.19275,1.00,3.20
2008.12.09 07:00:35.046,1.1925,1.19285,1.00,7.60
2008.12.09 07:00:35.796,1.1925,1.1928,1.00,4.00
2008.12.09 07:00:36.346,1.1925,1.19285,1.00,7.60
2008.12.09 07:00:40.025,1.1925,1.19275,1.00,1.60
2008.12.09 07:00:40.425,1.1925,1.1928,1.00,2.80
2008.12.09 07:00:41.235,1.1925,1.1928,1.00,6.80
2008.12.09 07:00:43.754,1.1925,1.1927,1.00,1.00
2008.12.09 07:00:44.454,1.1925,1.19275,1.00,1.60
2008.12.09 07:00:44.804,1.1925,1.1928,1.00,6.80
2008.12.09 07:00:45.424,1.1925,1.1928,1.00,2.80
2008.12.09 07:00:46.533,1.1925,1.1928,1.00,6.80
2008.12.09 07:00:47.753,1.1925,1.1928,1.00,2.80
2008.12.09 07:00:48.043,1.19255,1.1928,3.00,2.80
2008.12.09 07:00:49.712,1.1925,1.1928,8.80,2.80
2008.12.09 07:00:49.822,1.1925,1.1928,1.00,2.80
2008.12.09 07:00:52.502,1.1925,1.19285,3.60,7.60
2008.12.09 07:00:58.701,1.1925,1.1928,6.60,1.00
2008.12.09 07:00:58.940,1.1925,1.1928,8.20,1.00
2008.12.09 07:00:59.180,1.1925,1.1928,15.40,1.00
2008.12.09 07:00:59.410,1.1925,1.1928,18.60,1.00
2008.12.09 07:01:00.030,1.1925,1.1928,15.40,1.00
2008.12.09 07:01:00.380,1.1925,1.1928,6.60,1.00
2008.12.09 07:01:01.010,1.19255,1.1928,3.40,1.00
2008.12.09 07:01:01.180,1.19265,1.1928,3.00,1.00
2008.12.09 07:01:01.649,1.19265,1.1929,3.00,1.60
2008.12.09 07:01:01.929,1.19265,1.1929,3.00,1.00
2008.12.09 07:01:03.149,1.19265,1.1929,3.00,1.60
2008.12.09 07:01:04.009,1.19265,1.1929,3.00,1.00
2008.12.09 07:01:04.129,1.19265,1.19295,6.60,1.00
2008.12.09 07:01:04.539,1.19275,1.19295,3.00,1.00
2008.12.09 07:01:05.049,1.19265,1.19295,6.60,1.00
2008.12.09 07:01:10.437,1.19265,1.19295,4.60,1.00
2008.12.09 07:01:13.057,1.19265,1.19295,3.00,1.00
2008.12.09 07:01:14.556,1.19265,1.19295,6.60,1.00
2008.12.09 07:01:15.496,1.19275,1.19295,3.00,1.00
2008.12.09 07:01:31.062,1.1928,1.19295,3.00,1.00
2008.12.09 07:01:31.173,1.19275,1.19295,3.00,1.00
2008.12.09 07:01:31.803,1.19275,1.193,6.60,9.60
2008.12.09 07:01:32.142,1.19275,1.193,8.20,1.00
2008.12.09 07:01:35.602,1.19275,1.1929,4.60,1.00
2008.12.09 07:01:35.772,1.1927,1.1929,3.40,1.00
2008.12.09 07:01:36.061,1.19265,1.1929,11.40,1.00
2008.12.09 07:01:36.511,1.1926,1.1929,20.20,1.00
2008.12.09 07:01:36.861,1.1926,1.1929,9.80,1.00
2008.12.09 07:01:37.381,1.1926,1.1929,3.40,1.00
2008.12.09 07:01:38.990,1.1926,1.1928,3.40,1.00
2008.12.09 07:01:42.720,1.19265,1.1928,4.60,1.00
2008.12.09 07:01:42.840,1.19265,1.1929,4.60,1.00
2008.12.09 07:01:48.268,1.19265,1.1929,1.60,1.00
2008.12.09 07:01:48.438,1.1926,1.1929,3.40,1.00
2008.12.09 07:01:50.288,1.1926,1.1928,3.40,1.00
2008.12.09 07:01:59.436,1.19255,1.1928,3.40,4.80
2008.12.09 07:01:59.656,1.1925,1.1928,3.40,4.80
2008.12.09 07:01:59.885,1.1925,1.1928,3.40,6.40
2008.12.09 07:02:01.865,1.1925,1.1927,3.40,1.00
2008.12.09 07:02:16.771,1.1925,1.19265,3.40,1.00
2008.12.09 07:02:17.002,1.19255,1.19265,1.60,1.00
2008.12.09 07:02:17.231,1.1925,1.19265,6.60,1.00
2008.12.09 07:02:17.461,1.1925,1.19265,5.00,1.00
2008.12.09 07:02:17.632,1.1925,1.19275,6.60,1.00
2008.12.09 07:02:18.381,1.19255,1.19275,3.40,1.00
2008.12.09 07:02:18.611,1.19255,1.19275,5.00,1.00
2008.12.09 07:02:18.841,1.1926,1.19275,3.40,1.00
2008.12.09 07:02:21.111,1.1926,1.1928,3.40,8.00
2008.12.09 07:02:21.800,1.19265,1.1928,3.40,8.00
2008.12.09 07:02:25.829,1.1927,1.1928,1.60,8.00
2008.12.09 07:02:26.049,1.19265,1.1928,3.40,8.00
2008.12.09 07:02:42.465,1.19255,1.19275,5.00,1.00
2008.12.09 07:02:42.695,1.1926,1.19275,3.40,1.00
2008.12.09 07:02:44.625,1.19255,1.19275,5.00,1.00
2008.12.09 07:02:44.864,1.1926,1.19275,3.40,1.00
2008.12.09 07:02:49.274,1.19255,1.19275,6.60,1.00
2008.12.09 07:02:49.633,1.1925,1.19275,21.00,1.00
2008.12.09 07:02:50.033,1.19255,1.19275,3.40,1.00
2008.12.09 07:02:51.043,1.1926,1.19275,3.40,1.00
2008.12.09 07:02:51.443,1.19255,1.19275,5.00,1.00
2008.12.09 07:02:51.903,1.1926,1.19275,3.40,1.00
2008.12.09 07:02:55.622,1.1926,1.19275,3.40,1.00
2008.12.09 07:02:56.492,1.19255,1.19275,5.00,1.00
2008.12.09 07:02:56.792,1.1926,1.19275,1.60,1.00
2008.12.09 07:03:02.381,1.19255,1.19275,6.60,1.00
2008.12.09 07:03:05.690,1.1926,1.19275,3.40,1.00
2008.12.09 07:03:06.749,1.19255,1.19275,6.60,1.00
2008.12.09 07:03:07.159,1.1926,1.19275,3.40,1.00
2008.12.09 07:03:10.238,1.19265,1.19275,3.40,1.00
2008.12.09 07:03:10.918,1.1926,1.19275,5.00,1.00
2008.12.09 07:03:12.408,1.19275,1.1928,3.40,1.50
2008.12.09 07:03:12.638,1.19275,1.193,3.40,1.00
2008.12.09 07:03:13.208,1.1928,1.19305,3.40,1.00
2008.12.09 07:03:13.378,1.1928,1.1931,3.40,1.00
2008.12.09 07:03:13.548,1.1928,1.19315,3.40,9.60
2008.12.09 07:03:13.728,1.1928,1.1931,3.40,1.00
2008.12.09 07:03:14.128,1.19285,1.1931,3.40,1.00
2008.12.09 07:03:14.588,1.1928,1.1931,3.40,1.00
2008.12.09 07:03:16.077,1.1927,1.19305,11.40,2.80
2008.12.09 07:03:16.137,1.1927,1.19295,11.40,1.00
2008.12.09 07:03:16.587,1.19275,1.19295,3.40,1.00
2008.12.09 07:03:39.352,1.1927,1.19295,12.20,1.00
2008.12.09 07:03:42.661,1.1927,1.19295,15.40,1.00
2008.12.09 07:03:42.881,1.19275,1.19295,3.40,1.00
2008.12.09 07:03:43.061,1.1928,1.19295,3.40,1.00
2008.12.09 07:03:43.381,1.1928,1.19295,6.60,1.00
2008.12.09 07:03:43.910,1.1929,1.19295,3.40,1.00
2008.12.09 07:03:44.190,1.1929,1.1932,5.00,1.00
2008.12.09 07:03:44.301,1.1929,1.19315,3.40,2.00
2008.12.09 07:03:44.700,1.19285,1.19315,3.40,2.00
2008.12.09 07:03:48.269,1.1928,1.19305,11.40,1.00
2008.12.09 07:03:48.439,1.1928,1.19305,3.40,1.00
2008.12.09 07:03:51.139,1.19275,1.19305,8.20,1.00
2008.12.09 07:03:51.258,1.19275,1.19295,5.00,1.00
2008.12.09 07:03:56.477,1.1927,1.19295,13.00,1.00
2008.12.09 07:03:56.817,1.1927,1.19295,11.40,1.00
2008.12.09 07:03:57.107,1.19275,1.19295,3.40,1.00
2008.12.09 07:04:10.934,1.1928,1.19295,3.40,1.00
2008.12.09 07:04:11.574,1.19275,1.19295,5.00,1.00
2008.12.09 07:04:17.303,1.19275,1.19295,3.40,1.00
2008.12.09 07:04:18.692,1.19275,1.19285,3.40,1.00
2008.12.09 07:04:18.752,1.1927,1.19285,3.40,1.00
2008.12.09 07:04:18.932,1.19265,1.19285,6.60,1.00
2008.12.09 07:04:18.992,1.19265,1.19285,3.40,1.00
2008.12.09 07:04:23.721,1.1927,1.19285,1.60,1.00
2008.12.09 07:04:24.151,1.19265,1.19285,3.40,1.00
2008.12.09 07:04:27.410,1.19255,1.19275,8.20,1.00
2008.12.09 07:04:27.700,1.19255,1.19275,5.00,1.00
2008.12.09 07:04:29.919,1.1926,1.19275,1.60,1.00
2008.12.09 07:04:30.209,1.19255,1.19275,5.00,1.00
2008.12.09 07:04:30.329,1.1926,1.19275,3.40,1.00
2008.12.09 07:04:33.608,1.19265,1.19275,1.60,1.00
2008.12.09 07:04:43.396,1.19275,1.19295,8.20,1.00
2008.12.09 07:04:43.626,1.1928,1.19295,3.40,1.00
2008.12.09 07:04:43.966,1.19275,1.19295,1.60,1.00
2008.12.09 07:04:44.086,1.1927,1.19295,15.20,1.00
2008.12.09 07:04:44.266,1.1927,1.1929,4.00,1.00
2008.12.09 07:04:47.935,1.19275,1.1929,3.40,1.00
2008.12.09 07:04:48.415,1.1927,1.1929,7.00,1.00
2008.12.09 07:04:48.535,1.1927,1.1929,4.00,1.00
2008.12.09 07:04:53.224,1.1927,1.19295,4.00,1.00
2008.12.09 07:04:53.284,1.1927,1.19295,5.60,1.00
2008.12.09 07:05:05.031,1.1927,1.19295,12.80,1.00
2008.12.09 07:05:05.381,1.1927,1.19295,12.00,1.00
2008.12.09 07:05:07.610,1.1927,1.19295,4.00,1.00
2008.12.09 07:05:07.950,1.1928,1.193,3.40,1.20
2008.12.09 07:05:08.010,1.1928,1.1931,3.40,22.40
2008.12.09 07:05:08.230,1.1928,1.19305,3.40,1.00
2008.12.09 07:05:08.410,1.1928,1.19305,5.60,1.00
2008.12.09 07:05:08.530,1.19285,1.19305,3.40,1.00
2008.12.09 07:05:08.640,1.1929,1.19305,1.00,1.00
2008.12.09 07:05:08.750,1.1929,1.19315,4.00,1.00
2008.12.09 07:05:09.050,1.193,1.19315,1.00,1.00
2008.12.09 07:05:09.340,1.193,1.19325,4.00,1.00
2008.12.09 07:05:10.180,1.19305,1.19325,3.40,1.00
2008.12.09 07:05:10.419,1.19305,1.19335,3.40,2.40
2008.12.09 07:05:15.478,1.19305,1.1933,3.40,1.60
2008.12.09 07:05:15.778,1.193,1.19325,4.00,1.00
2008.12.09 07:05:22.916,1.193,1.19325,1.00,1.00
2008.12.09 07:05:26.216,1.193,1.1932,1.00,1.60
2008.12.09 07:05:30.265,1.19295,1.19305,8.20,5.60
2008.12.09 07:05:30.445,1.19295,1.19305,5.00,5.60
2008.12.09 07:05:30.915,1.19295,1.19305,1.60,5.60
2008.12.09 07:05:31.034,1.1929,1.19305,3.40,5.60
2008.12.09 07:05:31.494,1.19285,1.193,3.00,5.60
2008.12.09 07:05:43.451,1.1928,1.19285,17.00,2.60
2008.12.09 07:05:43.662,1.1928,1.19285,12.20,2.60
2008.12.09 07:05:43.952,1.1928,1.19285,3.40,2.60
2008.12.09 07:05:44.191,1.19275,1.19285,3.40,2.60
2008.12.09 07:05:48.991,1.1927,1.1928,14.60,2.60
2008.12.09 07:05:49.510,1.19275,1.1928,3.40,2.60
2008.12.09 07:05:54.629,1.19275,1.1928,3.40,2.60
2008.12.09 07:05:59.168,1.1927,1.1928,3.40,2.60
2008.12.09 07:05:59.228,1.19265,1.1928,3.00,2.60
2008.12.09 07:05:59.289,1.1926,1.1928,28.20,2.60
2008.12.09 07:05:59.468,1.1926,1.1928,27.40,2.60
2008.12.09 07:05:59.857,1.1926,1.1928,17.80,2.60
2008.12.09 07:06:03.147,1.1926,1.1927,17.80,2.60
2008.12.09 07:06:16.413,1.1927,1.1929,3.00,3.40
2008.12.09 07:07:13.510,1.1926,1.1927,15.40,2.60
2008.12.09 07:07:13.670,1.19265,1.1927,3.40,2.60
2008.12.09 07:08:14.875,1.1926,1.1927,8.20,2.60
2008.12.09 07:08:18.254,1.1926,1.1927,15.40,2.60
2008.12.09 07:08:19.794,1.1926,1.1927,14.60,2.60
2008.12.09 07:08:20.034,1.1926,1.1927,6.60,2.60
2008.12.09 07:08:20.314,1.1926,1.1927,3.00,2.60
2008.12.09 07:08:24.173,1.19255,1.1927,3.00,2.60
2008.12.09 07:08:24.233,1.1925,1.1927,23.40,2.60
2008.12.09 07:08:24.353,1.1925,1.1927,12.20,2.60
2008.12.09 07:08:24.513,1.1925,1.1927,3.40,2.60
2008.12.09 07:08:26.552,1.1925,1.1927,6.60,2.60
2008.12.09 07:08:26.692,1.1925,1.1927,14.60,2.60
2008.12.09 07:08:26.802,1.1925,1.1927,11.40,2.60
2008.12.09 07:08:27.102,1.1925,1.1927,6.60,2.60
2008.12.09 07:08:27.642,1.1925,1.1927,14.60,2.60
2008.12.09 07:08:28.162,1.1925,1.1927,11.40,2.60
2008.12.09 07:08:28.332,1.1925,1.1927,3.40,2.60
2008.12.09 07:08:28.552,1.1925,1.1927,6.60,2.60
2008.12.09 07:08:28.722,1.1925,1.1927,3.40,2.60
2008.12.09 07:08:29.062,1.1925,1.1927,6.60,2.60
2008.12.09 07:08:29.282,1.1925,1.1927,11.40,2.60
2008.12.09 07:08:29.572,1.1925,1.1927,6.60,2.60
2008.12.09 07:08:29.812,1.1925,1.1927,3.40,2.60
2008.12.09 07:08:30.052,1.1925,1.1927,6.60,2.60
2008.12.09 07:08:30.341,1.1925,1.1927,11.40,2.60
2008.12.09 07:08:30.971,1.1927,1.1929,3.00,10.40
2008.12.09 07:08:31.131,1.1927,1.19305,8.20,1.00
2008.12.09 07:08:31.421,1.19275,1.1931,3.00,4.00
2008.12.09 07:08:31.591,1.19275,1.19315,3.00,1.00
2008.12.09 07:08:32.161,1.1928,1.19315,1.60,1.00
2008.12.09 07:08:32.361,1.1927,1.193,14.40,5.20
2008.12.09 07:08:32.641,1.1926,1.1929,15.40,2.40
2008.12.09 07:08:33.301,1.1926,1.1928,5.00,2.40
2008.12.09 07:08:33.521,1.1926,1.1928,11.40,2.40
2008.12.09 07:08:33.631,1.1926,1.1928,8.00,2.40
2008.12.09 07:08:33.861,1.1925,1.1928,17.80,2.40
2008.12.09 07:08:34.041,1.1925,1.1928,24.20,2.40
2008.12.09 07:08:34.101,1.1925,1.1928,14.60,2.40
2008.12.09 07:08:34.341,1.1925,1.1928,11.40,2.40
2008.12.09 07:08:34.640,1.1925,1.1928,3.40,2.40
2008.12.09 07:08:36.270,1.1926,1.1928,3.00,2.40
2008.12.09 07:08:54.316,1.19255,1.1928,1.60,2.40
2008.12.09 07:08:54.536,1.1925,1.1927,11.40,2.40
2008.12.09 07:08:54.936,1.1925,1.1927,3.40,2.40
2008.12.09 07:08:55.115,1.19245,1.1927,6.60,2.40
2008.12.09 07:08:55.395,1.19245,1.1927,3.00,2.40
2008.12.09 07:08:56.665,1.1924,1.1926,24.20,1.00
2008.12.09 07:08:56.825,1.1924,1.1926,20.80,3.20
2008.12.09 07:08:57.065,1.1924,1.1926,23.80,2.40
2008.12.09 07:08:57.175,1.1924,1.1926,15.80,2.40
2008.12.09 07:08:57.625,1.1924,1.1926,3.00,2.40
2008.12.09 07:09:06.433,1.19235,1.1926,3.00,2.40
2008.12.09 07:09:06.932,1.19235,1.1926,3.00,5.20
2008.12.09 07:09:16.031,1.19235,1.1926,3.00,2.40
2008.12.09 07:09:32.027,1.1924,1.1926,3.00,2.40
2008.12.09 07:09:35.976,1.19235,1.1926,1.60,2.40
2008.12.09 07:09:36.136,1.1923,1.1926,11.40,2.40
2008.12.09 07:09:36.535,1.1923,1.1926,3.40,2.40
2008.12.09 07:09:48.193,1.19225,1.1925,6.60,1.60
2008.12.09 07:09:48.523,1.19225,1.1925,6.60,2.40
2008.12.09 07:09:57.150,1.19225,1.1925,3.00,2.40
2008.12.09 07:09:57.361,1.19225,1.1924,3.00,2.40
2008.12.09 07:09:57.640,1.1922,1.1924,25.00,2.40
2008.12.09 07:09:58.051,1.1922,1.1924,3.00,2.40
2008.12.09 07:09:58.400,1.19215,1.1924,8.20,2.40
2008.12.09 07:09:58.750,1.19215,1.1924,6.60,2.40
2008.12.09 07:10:00.490,1.19215,1.1924,3.00,2.40
2008.12.09 07:10:04.229,1.19215,1.1923,3.00,2.40
2008.12.09 07:10:04.399,1.1921,1.1923,19.40,2.40
2008.12.09 07:10:04.629,1.1921,1.1923,9.80,2.40
2008.12.09 07:10:04.968,1.192,1.1923,21.00,2.40
2008.12.09 07:10:05.209,1.192,1.1922,17.60,1.00
2008.12.09 07:10:05.669,1.19195,1.1922,3.00,1.00
2008.12.09 07:10:06.009,1.19195,1.1921,3.00,1.00
2008.12.09 07:10:06.868,1.1919,1.192,9.60,2.80
2008.12.09 07:10:07.208,1.19165,1.192,9.20,2.80
2008.12.09 07:10:07.568,1.19175,1.19205,1.00,3.60
2008.12.09 07:10:07.918,1.19175,1.192,1.00,2.80
2008.12.09 07:10:08.608,1.1918,1.192,1.00,3.40
2008.12.09 07:10:08.778,1.1918,1.192,1.00,1.00
2008.12.09 07:10:14.486,1.1918,1.19205,1.00,1.00
2008.12.09 07:10:17.746,1.1919,1.19205,3.40,1.00
2008.12.09 07:10:18.206,1.1919,1.1921,8.20,1.00
2008.12.09 07:10:18.435,1.19195,1.1921,3.00,1.00
2008.12.09 07:10:22.174,1.1919,1.1921,11.20,1.40
2008.12.09 07:10:22.344,1.1919,1.192,9.60,1.00
2008.12.09 07:10:22.744,1.19175,1.192,6.60,1.00
2008.12.09 07:10:23.884,1.19175,1.192,6.60,1.20
2008.12.09 07:10:24.224,1.19175,1.1919,3.00,1.00
2008.12.09 07:10:25.084,1.1917,1.1919,5.00,1.00
2008.12.09 07:10:25.594,1.1917,1.1919,4.20,1.20
2008.12.09 07:10:25.834,1.1917,1.1919,1.00,1.20
2008.12.09 07:10:26.173,1.1917,1.1919,1.00,2.60
2008.12.09 07:10:26.344,1.1917,1.1919,1.00,4.20
2008.12.09 07:10:26.564,1.1917,1.1918,1.00,1.00
2008.12.09 07:10:27.243,1.1917,1.1919,1.00,1.00
2008.12.09 07:10:28.803,1.1917,1.1919,1.40,1.00
2008.12.09 07:10:29.333,1.1917,1.1919,5.00,1.00
2008.12.09 07:10:29.573,1.1917,1.1919,4.20,1.00
2008.12.09 07:10:32.682,1.19175,1.192,3.00,2.80
2008.12.09 07:10:33.022,1.19175,1.19185,6.60,1.60
2008.12.09 07:10:33.472,1.19175,1.19185,4.60,1.60
2008.12.09 07:10:33.932,1.19175,1.19185,8.20,1.60
2008.12.09 07:10:34.571,1.19175,1.1918,3.00,1.60
2008.12.09 07:10:34.861,1.19175,1.1918,4.60,1.60
2008.12.09 07:10:35.671,1.19175,1.1918,8.20,1.60
2008.12.09 07:10:36.241,1.19175,1.1918,4.60,1.60
2008.12.09 07:10:38.161,1.1919,1.19205,8.00,1.00
2008.12.09 07:10:38.340,1.1919,1.1922,11.40,3.20
2008.12.09 07:10:38.581,1.1919,1.1922,8.00,5.20
2008.12.09 07:10:38.760,1.192,1.19215,3.20,1.00
2008.12.09 07:10:39.110,1.19175,1.1922,3.40,6.80
2008.12.09 07:10:39.290,1.19175,1.192,3.40,1.00
2008.12.09 07:10:41.100,1.1918,1.192,3.40,1.20
2008.12.09 07:10:41.330,1.19175,1.192,9.80,1.00
2008.12.09 07:10:41.510,1.19175,1.192,11.40,1.00
2008.12.09 07:10:41.920,1.19175,1.192,11.40,1.00
2008.12.09 07:10:42.280,1.1918,1.192,1.60,1.00
2008.12.09 07:10:42.670,1.19175,1.192,9.80,1.00
2008.12.09 07:10:43.009,1.19185,1.192,3.40,1.00
2008.12.09 07:10:43.370,1.19185,1.19225,3.40,6.80
2008.12.09 07:10:43.599,1.1919,1.1923,3.40,6.80
2008.12.09 07:10:44.949,1.1919,1.19225,3.40,5.20
2008.12.09 07:10:45.229,1.1919,1.19225,3.40,2.80
2008.12.09 07:10:46.589,1.1919,1.1922,3.40,1.60
2008.12.09 07:10:46.819,1.1919,1.1922,3.40,3.20
2008.12.09 07:10:46.929,1.19185,1.1921,3.40,5.60
2008.12.09 07:10:47.488,1.1918,1.1921,3.40,7.20
2008.12.09 07:10:48.698,1.1918,1.19205,3.40,1.00
2008.12.09 07:10:48.928,1.19175,1.19205,6.60,1.00
2008.12.09 07:10:49.038,1.19175,1.19205,8.20,1.00
2008.12.09 07:10:49.158,1.1919,1.1921,3.00,7.20
2008.12.09 07:10:49.278,1.1919,1.1921,3.00,4.00
2008.12.09 07:10:49.388,1.1919,1.1921,6.20,4.00
2008.12.09 07:10:49.558,1.1919,1.19215,9.80,1.00
2008.12.09 07:10:50.042,1.19195,1.1922,3.00,5.60
2008.12.09 07:10:50.398,1.19195,1.1922,3.00,1.00
2008.12.09 07:10:52.287,1.1919,1.19225,24.20,2.80
2008.12.09 07:10:52.407,1.19195,1.19225,3.40,1.60
2008.12.09 07:10:52.597,1.1921,1.19225,3.20,1.60
2008.12.09 07:10:52.777,1.1921,1.1922,3.20,1.00
2008.12.09 07:10:53.277,1.1921,1.19215,3.20,1.00
2008.12.09 07:10:54.777,1.1921,1.1922,3.20,4.40
2008.12.09 07:10:55.057,1.19175,1.1921,3.40,1.60
2008.12.09 07:10:55.356,1.19175,1.19215,3.40,1.00
2008.12.09 07:10:55.586,1.19175,1.19215,3.40,2.40
2008.12.09 07:10:56.156,1.1918,1.19215,6.60,5.20
2008.12.09 07:10:56.396,1.1918,1.19215,3.40,5.20
2008.12.09 07:10:57.036,1.1918,1.19215,3.40,6.80
2008.12.09 07:10:57.426,1.19175,1.192,5.00,1.00
2008.12.09 07:10:57.666,1.19175,1.192,3.40,2.40
2008.12.09 07:10:58.136,1.1918,1.192,3.40,2.40
2008.12.09 07:10:58.436,1.1919,1.1921,1.60,6.80
2008.12.09 07:10:58.616,1.1919,1.1921,1.60,4.40
2008.12.09 07:10:58.846,1.1919,1.1921,1.60,2.80
2008.12.09 07:11:01.435,1.192,1.1922,3.00,10.40
2008.12.09 07:11:01.675,1.192,1.1922,11.00,10.40
2008.12.09 07:11:01.725,1.192,1.1922,27.00,3.20
2008.12.09 07:11:02.185,1.19205,1.1922,3.40,3.20
2008.12.09 07:11:02.465,1.192,1.19215,64.00,2.80
2008.12.09 07:11:03.044,1.192,1.1922,64.00,2.80
2008.12.09 07:11:03.205,1.192,1.19225,64.00,2.80
2008.12.09 07:11:05.394,1.192,1.1922,64.00,1.00
2008.12.09 07:11:05.614,1.192,1.1922,64.00,6.80
2008.12.09 07:11:05.904,1.192,1.1922,64.00,7.60
2008.12.09 07:11:06.234,1.192,1.19215,64.00,2.80
2008.12.09 07:11:06.694,1.192,1.19215,64.00,3.60
2008.12.09 07:11:06.854,1.192,1.19215,64.00,5.20
2008.12.09 07:11:07.843,1.192,1.19215,64.00,4.40
2008.12.09 07:11:08.133,1.192,1.19215,64.00,2.80
2008.12.09 07:11:08.363,1.192,1.19215,64.00,3.60
2008.12.09 07:11:08.593,1.192,1.19215,64.00,5.20
2008.12.09 07:11:08.824,1.192,1.1921,64.00,2.80
2008.12.09 07:11:14.172,1.192,1.19205,64.00,1.00
2008.12.09 07:11:14.582,1.192,1.19205,64.00,2.40
2008.12.09 07:11:14.942,1.192,1.19205,64.00,5.20
2008.12.09 07:11:17.751,1.192,1.19205,64.00,3.60
2008.12.09 07:11:17.991,1.1916,1.1919,8.00,2.80
2008.12.09 07:11:18.271,1.1916,1.19185,8.00,1.00
2008.12.09 07:11:18.621,1.1916,1.19185,11.20,2.40
2008.12.09 07:11:18.971,1.1914,1.19185,11.40,6.00
2008.12.09 07:11:19.271,1.1915,1.19185,11.40,3.60
2008.12.09 07:11:19.551,1.1915,1.1918,11.40,4.00
2008.12.09 07:11:19.850,1.1915,1.19185,11.40,5.20
2008.12.09 07:11:21.650,1.1915,1.1918,11.40,4.00
2008.12.09 07:11:21.770,1.1915,1.19175,11.40,1.00
2008.12.09 07:11:21.950,1.1915,1.19175,11.40,2.40
2008.12.09 07:11:23.210,1.1915,1.1917,8.00,1.60
2008.12.09 07:11:23.500,1.1915,1.19165,8.00,1.00
2008.12.09 07:11:23.679,1.1915,1.19165,8.00,2.40
2008.12.09 07:11:24.719,1.1915,1.19165,8.00,1.60
2008.12.09 07:11:24.949,1.1915,1.1917,8.00,2.80
2008.12.09 07:11:25.359,1.1915,1.19175,8.00,6.80
2008.12.09 07:11:26.469,1.1915,1.19175,8.00,5.20
2008.12.09 07:11:26.699,1.1915,1.19175,8.00,6.80
2008.12.09 07:11:27.439,1.1915,1.19175,8.00,4.40
2008.12.09 07:11:27.949,1.1915,1.1918,8.00,4.40
2008.12.09 07:11:28.309,1.1915,1.19175,8.00,4.40
2008.12.09 07:11:28.838,1.1915,1.19175,8.00,2.80
2008.12.09 07:11:32.667,1.1915,1.1917,8.00,1.00
2008.12.09 07:11:34.017,1.1915,1.1917,3.80,1.00
2008.12.09 07:11:34.247,1.1915,1.1917,2.20,1.00
2008.12.09 07:11:34.537,1.1915,1.1917,1.00,1.00
2008.12.09 07:11:38.536,1.19145,1.1917,3.00,1.00
2008.12.09 07:11:40.136,1.19145,1.1917,3.00,1.20
2008.12.09 07:11:40.306,1.19145,1.1916,3.00,1.00
2008.12.09 07:11:41.435,1.1914,1.1916,9.60,1.00
2008.12.09 07:11:41.855,1.1914,1.1916,9.60,1.00
2008.12.09 07:11:42.095,1.1914,1.1915,9.60,1.00
2008.12.09 07:11:42.316,1.19125,1.1915,6.60,1.00
2008.12.09 07:11:42.545,1.19125,1.1914,6.60,1.00
2008.12.09 07:11:42.875,1.19125,1.1914,3.00,1.00
2008.12.09 07:11:43.105,1.1912,1.1914,1.00,1.00
2008.12.09 07:11:45.254,1.1912,1.1914,1.00,1.20
2008.12.09 07:11:45.485,1.19115,1.1914,3.00,2.80
2008.12.09 07:11:45.764,1.19115,1.1914,3.00,5.80
2008.12.09 07:11:46.114,1.19115,1.1913,3.00,1.00
2008.12.09 07:11:46.574,1.1911,1.1912,14.40,1.00
2008.12.09 07:11:46.864,1.191,1.1912,9.60,1.00
2008.12.09 07:11:47.094,1.1909,1.1911,12.80,1.00
2008.12.09 07:11:47.394,1.1909,1.1911,3.40,1.00
2008.12.09 07:11:47.744,1.1908,1.1911,12.80,1.00
2008.12.09 07:11:48.024,1.19085,1.1911,3.40,1.00
2008.12.09 07:11:48.324,1.19085,1.1911,3.40,1.00
2008.12.09 07:11:49.694,1.1909,1.1911,3.00,1.00
2008.12.09 07:11:49.923,1.19085,1.1911,3.40,1.00
2008.12.09 07:11:52.243,1.19085,1.19105,3.40,1.00
2008.12.09 07:11:52.413,1.19085,1.191,3.40,1.00
2008.12.09 07:11:52.812,1.1908,1.191,10.00,1.00
2008.12.09 07:11:52.872,1.1908,1.191,10.00,1.00
2008.12.09 07:11:53.492,1.19075,1.191,6.60,1.20
2008.12.09 07:11:53.722,1.1908,1.191,3.00,1.00
2008.12.09 07:11:54.122,1.19075,1.191,6.60,1.20
2008.12.09 07:11:54.243,1.19075,1.191,3.40,1.20
2008.12.09 07:11:55.882,1.19075,1.1909,6.60,1.00
2008.12.09 07:11:59.951,1.1907,1.1909,14.60,1.00
2008.12.09 07:12:00.291,1.1907,1.1909,6.60,1.00
2008.12.09 07:12:00.701,1.1907,1.1909,3.40,1.00
2008.12.09 07:12:00.881,1.1909,1.19115,1.60,1.60
2008.12.09 07:12:01.051,1.1909,1.1912,1.60,1.60
2008.12.09 07:12:01.280,1.1909,1.1912,1.60,4.40
2008.12.09 07:12:01.511,1.1909,1.1912,1.60,2.80
2008.12.09 07:12:01.681,1.1909,1.19125,1.60,10.80
2008.12.09 07:12:01.860,1.191,1.1912,1.60,8.00
2008.12.09 07:12:03.200,1.191,1.1912,1.60,8.80
2008.12.09 07:12:03.830,1.191,1.19115,1.60,1.00
2008.12.09 07:12:04.190,1.191,1.19115,1.60,4.00
2008.12.09 07:12:04.530,1.191,1.19115,1.60,3.20
2008.12.09 07:12:05.100,1.191,1.1912,1.60,1.00
2008.12.09 07:12:06.439,1.191,1.19125,4.60,6.00
2008.12.09 07:12:06.669,1.191,1.19125,4.60,2.80
2008.12.09 07:12:06.889,1.191,1.1913,1.60,13.20
2008.12.09 07:12:07.119,1.191,1.19115,1.60,1.00
2008.12.09 07:12:07.579,1.191,1.19125,4.60,5.20
2008.12.09 07:12:07.749,1.191,1.1912,12.60,1.60
2008.12.09 07:12:08.169,1.19105,1.19125,3.00,1.60
2008.12.09 07:12:08.579,1.19105,1.1913,3.00,5.20
2008.12.09 07:12:09.319,1.19105,1.1913,3.00,6.80
2008.12.09 07:12:10.578,1.19105,1.1913,3.00,4.00
2008.12.09 07:12:10.848,1.19105,1.1913,3.00,1.60
2008.12.09 07:12:11.348,1.19105,1.19135,3.00,4.40
2008.12.09 07:12:11.508,1.19105,1.19135,6.20,2.80
2008.12.09 07:12:11.628,1.1911,1.19145,3.40,2.80
2008.12.09 07:12:12.208,1.19115,1.1915,3.40,6.80
2008.12.09 07:12:12.848,1.1912,1.19155,3.40,3.60
2008.12.09 07:12:13.248,1.1912,1.1915,3.40,4.00
2008.12.09 07:12:13.528,1.1911,1.19135,3.40,1.00
2008.12.09 07:12:13.817,1.1911,1.19135,8.20,1.00
2008.12.09 07:12:14.107,1.19115,1.19145,3.40,2.40
2008.12.09 07:12:15.127,1.19115,1.19145,3.40,1.60
2008.12.09 07:12:15.307,1.1912,1.1915,3.00,6.80
2008.12.09 07:12:15.957,1.1912,1.1915,3.00,3.60
2008.12.09 07:12:16.297,1.1912,1.1915,3.00,5.20
2008.12.09 07:12:16.417,1.1912,1.19145,3.00,2.80
2008.12.09 07:12:16.707,1.19115,1.1914,3.00,1.00
2008.12.09 07:12:16.877,1.19115,1.19135,3.00,2.80
2008.12.09 07:12:17.047,1.1911,1.19135,3.00,2.80
2008.12.09 07:12:17.667,1.1911,1.1914,3.00,5.20
2008.12.09 07:12:18.416,1.1911,1.19145,6.60,4.40
2008.12.09 07:12:18.596,1.1911,1.19145,6.60,2.80
2008.12.09 07:12:19.686,1.1912,1.19145,3.00,2.80
2008.12.09 07:12:20.546,1.19115,1.1914,3.00,1.00
2008.12.09 07:12:20.786,1.19115,1.19145,4.60,2.80
2008.12.09 07:12:21.236,1.19115,1.19145,3.00,2.80
2008.12.09 07:12:21.746,1.1911,1.1914,11.00,2.80
2008.12.09 07:12:21.965,1.1911,1.1914,3.00,6.80
2008.12.09 07:12:22.126,1.1912,1.1914,4.60,16.40
2008.12.09 07:12:22.346,1.1912,1.1914,4.60,12.40
2008.12.09 07:12:22.576,1.1912,1.1914,12.60,2.80
2008.12.09 07:12:22.925,1.19125,1.1914,3.00,2.80
2008.12.09 07:12:24.245,1.1912,1.19135,12.60,1.60
2008.12.09 07:12:24.475,1.1912,1.19135,9.60,1.60
2008.12.09 07:12:24.645,1.1911,1.19135,17.60,1.60
2008.12.09 07:12:24.746,1.19105,1.19135,6.60,1.60
2008.12.09 07:12:24.925,1.19105,1.1914,6.60,9.20
2008.12.09 07:12:25.275,1.19105,1.1914,9.80,5.20
2008.12.09 07:12:25.625,1.1911,1.1914,3.40,4.00
2008.12.09 07:12:25.974,1.1911,1.19145,3.40,2.80
2008.12.09 07:12:27.244,1.19105,1.1913,9.80,1.60
2008.12.09 07:12:27.644,1.19105,1.1913,6.60,1.60
2008.12.09 07:12:27.985,1.19105,1.19135,3.00,1.00
2008.12.09 07:12:28.384,1.19105,1.19135,3.00,2.80
2008.12.09 07:12:29.914,1.19105,1.1914,6.60,3.60
2008.12.09 07:12:32.823,1.1911,1.1914,3.40,1.00
2008.12.09 07:12:33.223,1.1911,1.1914,3.40,1.60
2008.12.09 07:12:35.552,1.1911,1.1914,3.40,1.00
2008.12.09 07:12:35.832,1.1911,1.1914,3.40,2.40
2008.12.09 07:12:36.223,1.1911,1.1913,3.40,1.00
2008.12.09 07:12:36.402,1.19115,1.19135,3.40,1.60
2008.12.09 07:12:36.692,1.1912,1.1914,3.40,1.00
2008.12.09 07:12:37.162,1.1912,1.19145,3.40,1.00
2008.12.09 07:12:37.282,1.19135,1.1915,3.00,4.00
2008.12.09 07:12:37.642,1.19135,1.1916,3.00,4.00
2008.12.09 07:12:38.041,1.1913,1.1916,13.00,4.00
2008.12.09 07:12:38.422,1.1913,1.19145,3.40,1.00
2008.12.09 07:12:38.772,1.19125,1.1915,3.40,1.60
2008.12.09 07:12:39.002,1.1913,1.1915,3.40,1.60
2008.12.09 07:12:40.711,1.19125,1.1915,3.40,1.60
2008.12.09 07:12:41.341,1.1913,1.1915,3.40,1.60
2008.12.09 07:12:43.230,1.1914,1.1915,3.00,1.60
2008.12.09 07:12:43.450,1.1914,1.1915,15.80,1.60
2008.12.09 07:12:43.680,1.19145,1.1915,3.00,1.60
2008.12.09 07:12:45.260,1.1914,1.1915,15.80,1.60
2008.12.09 07:12:47.029,1.1914,1.1915,12.80,1.60
2008.12.09 07:12:47.360,1.1913,1.1915,6.60,1.60
2008.12.09 07:12:47.529,1.1913,1.1915,8.20,1.60
2008.12.09 07:12:47.649,1.1913,1.1915,5.00,1.60
2008.12.09 07:12:47.829,1.1913,1.1915,3.40,1.60
2008.12.09 07:12:50.149,1.1913,1.1915,6.60,1.60
2008.12.09 07:12:50.229,1.1914,1.1915,3.00,1.60
2008.12.09 07:12:50.279,1.1914,1.1915,6.20,1.60
2008.12.09 07:12:50.569,1.1914,1.1915,12.60,1.60
2008.12.09 07:12:50.919,1.1914,1.1915,15.80,1.60
2008.12.09 07:12:51.259,1.19145,1.1915,3.00,1.60
2008.12.09 07:12:55.198,1.1914,1.1915,15.20,1.60
2008.12.09 07:12:55.368,1.19145,1.1915,3.00,1.60
2008.12.09 07:12:57.397,1.1914,1.1915,12.80,1.60
2008.12.09 07:12:57.517,1.1914,1.1915,9.60,1.60
2008.12.09 07:12:57.867,1.1913,1.1915,5.00,1.60
2008.12.09 07:13:06.455,1.19145,1.1915,6.60,1.60
2008.12.09 07:13:06.675,1.19145,1.1919,6.60,9.20
2008.12.09 07:13:06.955,1.1915,1.1919,3.00,9.20
2008.12.09 07:13:07.125,1.1916,1.1919,3.00,5.60
2008.12.09 07:13:07.475,1.1916,1.19185,1.60,1.60
2008.12.09 07:13:07.884,1.1916,1.19185,1.60,4.40
2008.12.09 07:13:08.225,1.1916,1.19185,1.60,2.80
2008.12.09 07:13:10.834,1.1916,1.1918,1.60,1.00
2008.12.09 07:13:13.203,1.1916,1.1919,5.60,5.20
2008.12.09 07:13:13.383,1.1916,1.1919,5.60,5.20
2008.12.09 07:13:13.953,1.1916,1.1919,9.20,2.40
2008.12.09 07:13:14.183,1.1916,1.1919,9.20,1.60
2008.12.09 07:13:14.363,1.1917,1.19195,2.40,2.80
2008.12.09 07:13:14.763,1.1917,1.192,7.20,7.60
2008.12.09 07:13:14.993,1.1917,1.192,7.20,3.60
2008.12.09 07:13:18.402,1.1917,1.19195,4.00,2.80
2008.12.09 07:13:18.632,1.1917,1.1919,2.40,1.00
2008.12.09 07:13:21.261,1.1916,1.1919,7.60,1.00
2008.12.09 07:13:21.431,1.1916,1.19185,6.00,1.00
2008.12.09 07:13:21.551,1.1916,1.19185,6.00,2.40
2008.12.09 07:13:21.781,1.1916,1.19185,2.40,5.20
2008.12.09 07:13:22.861,1.1916,1.19185,2.40,4.40
2008.12.09 07:13:23.261,1.1916,1.19185,2.40,2.80
2008.12.09 07:13:24.690,1.1916,1.1919,2.40,3.60
2008.12.09 07:13:24.740,1.1916,1.1919,2.40,3.60
2008.12.09 07:13:25.080,1.1916,1.19185,2.40,1.00
2008.12.09 07:13:25.560,1.1916,1.19185,2.40,2.40
2008.12.09 07:13:25.960,1.1916,1.19175,2.40,1.00
2008.12.09 07:13:26.360,1.1916,1.19175,2.40,2.40
2008.12.09 07:13:27.040,1.1916,1.1917,2.40,1.00
2008.12.09 07:13:27.150,1.1915,1.1917,2.60,1.00
2008.12.09 07:13:27.330,1.1915,1.19175,2.60,4.00
2008.12.09 07:13:27.730,1.1915,1.19175,2.60,2.40
2008.12.09 07:13:28.090,1.1915,1.19175,2.60,1.00
2008.12.09 07:13:28.780,1.1915,1.1917,2.60,2.40
2008.12.09 07:13:29.119,1.1915,1.19175,9.20,1.00
2008.12.09 07:13:29.399,1.19155,1.19185,3.00,5.20
2008.12.09 07:13:29.679,1.19155,1.19185,3.00,6.80
2008.12.09 07:13:30.139,1.1915,1.1917,15.80,1.00
2008.12.09 07:13:30.379,1.19155,1.19175,3.00,1.60
2008.12.09 07:13:30.729,1.19155,1.19185,3.00,5.20
2008.12.09 07:13:31.419,1.1915,1.1917,13.20,1.00
2008.12.09 07:13:31.649,1.1915,1.1917,9.60,1.00
2008.12.09 07:13:31.769,1.1915,1.1917,9.60,2.40
2008.12.09 07:13:31.989,1.1915,1.1917,1.00,2.40
2008.12.09 07:13:32.679,1.19145,1.1917,3.00,4.00
2008.12.09 07:13:33.028,1.19145,1.19165,3.00,1.60
2008.12.09 07:13:33.738,1.19145,1.1917,3.00,5.20
2008.12.09 07:13:34.558,1.19145,1.1917,3.00,6.80
2008.12.09 07:13:34.728,1.19145,1.1917,3.00,8.40
2008.12.09 07:13:36.907,1.19145,1.19165,3.00,1.60
2008.12.09 07:13:36.967,1.1914,1.19165,15.80,2.40
2008.12.09 07:13:37.248,1.1914,1.1916,15.80,1.60
2008.12.09 07:13:37.367,1.1914,1.19155,12.80,1.00
2008.12.09 07:13:37.418,1.1914,1.19155,3.20,1.00
2008.12.09 07:13:37.597,1.1913,1.19155,21.00,1.00
2008.12.09 07:13:37.768,1.1913,1.19155,12.20,1.00
2008.12.09 07:13:38.127,1.1913,1.19155,2.60,1.00
2008.12.09 07:13:38.527,1.1913,1.1916,2.60,12.40
2008.12.09 07:13:38.877,1.1913,1.1916,2.60,6.80
2008.12.09 07:13:39.267,1.19135,1.1916,3.00,4.00
2008.12.09 07:13:39.547,1.19135,1.19165,3.00,6.80
2008.12.09 07:13:39.927,1.19135,1.1916,3.00,1.00
2008.12.09 07:13:40.277,1.19135,1.1916,3.00,2.40
2008.12.09 07:13:42.686,1.1914,1.1916,6.20,1.60
2008.12.09 07:13:42.986,1.1914,1.1916,15.80,1.60
2008.12.09 07:13:43.266,1.1914,1.19165,23.80,4.00
2008.12.09 07:13:43.846,1.19145,1.19165,3.00,3.20
2008.12.09 07:13:44.026,1.19145,1.19165,3.00,1.60
2008.12.09 07:13:45.975,1.1914,1.19165,15.80,4.00
2008.12.09 07:13:47.035,1.1914,1.19155,12.80,1.00
2008.12.09 07:13:47.275,1.1914,1.19155,20.80,1.00
2008.12.09 07:13:47.515,1.1914,1.19155,12.80,1.00
2008.12.09 07:13:47.625,1.1913,1.19155,23.40,1.00
2008.12.09 07:13:47.805,1.1913,1.19155,15.40,1.00
2008.12.09 07:13:50.914,1.1913,1.1916,15.80,3.20
2008.12.09 07:13:51.194,1.1914,1.1916,3.20,1.60
2008.12.09 07:13:51.714,1.1914,1.1916,6.20,1.60
2008.12.09 07:13:52.324,1.19145,1.1917,3.00,4.40
2008.12.09 07:13:55.233,1.1915,1.1917,2.60,4.40
2008.12.09 07:13:55.563,1.1915,1.1917,2.60,1.60
2008.12.09 07:13:55.953,1.1915,1.1917,2.60,2.40
2008.12.09 07:13:57.023,1.1915,1.1917,2.60,5.20
2008.12.09 07:13:57.753,1.1915,1.1917,2.60,1.60
2008.12.09 07:14:12.939,1.1915,1.1917,2.60,2.40
2008.12.09 07:14:17.468,1.1915,1.1917,2.60,1.60
2008.12.09 07:14:17.648,1.1915,1.1917,1.00,1.60
2008.12.09 07:14:17.708,1.1915,1.19165,1.00,1.60
2008.12.09 07:14:17.767,1.1914,1.19165,17.60,1.60
2008.12.09 07:14:19.207,1.19145,1.1917,3.00,1.00
2008.12.09 07:14:19.437,1.1914,1.1916,9.60,1.00
2008.12.09 07:14:19.717,1.1914,1.19165,9.60,2.80
2008.12.09 07:14:19.897,1.1914,1.19165,10.80,2.80
2008.12.09 07:14:20.017,1.1914,1.1916,10.80,1.00
2008.12.09 07:14:20.517,1.1914,1.1916,1.20,1.00
2008.12.09 07:14:24.086,1.1914,1.1916,1.00,2.80
2008.12.09 07:14:24.426,1.1914,1.1915,1.00,1.00
2008.12.09 07:14:24.716,1.1914,1.19155,1.00,2.40
2008.12.09 07:14:24.996,1.1914,1.19155,1.20,1.00
2008.12.09 07:14:25.106,1.1914,1.1916,1.20,1.60
2008.12.09 07:14:25.276,1.1914,1.1916,1.20,1.00
2008.12.09 07:14:27.365,1.1914,1.1916,1.20,1.20
2008.12.09 07:14:27.655,1.1914,1.1916,1.20,2.40
2008.12.09 07:14:27.885,1.1914,1.1916,1.20,1.20
2008.12.09 07:14:28.165,1.1914,1.1916,1.20,2.40
2008.12.09 07:14:31.974,1.1914,1.1916,1.00,2.40
2008.12.09 07:14:39.022,1.1914,1.1916,1.00,1.20
2008.12.09 07:14:39.193,1.1914,1.1915,1.00,1.00
2008.12.09 07:14:44.891,1.1914,1.1916,1.00,4.00
2008.12.09 07:14:45.131,1.1914,1.1916,1.00,1.00
2008.12.09 07:14:47.700,1.1914,1.1916,1.00,1.20
2008.12.09 07:14:47.861,1.1914,1.1916,1.00,2.40
2008.12.09 07:14:48.210,1.1914,1.1916,1.00,1.20
2008.12.09 07:14:48.600,1.1914,1.1916,1.00,2.40
2008.12.09 07:14:49.240,1.1914,1.1916,4.20,1.60
2008.12.09 07:14:49.480,1.1914,1.1916,1.00,3.80
2008.12.09 07:14:49.600,1.1913,1.1916,1.20,5.40
2008.12.09 07:14:49.780,1.1913,1.1915,1.20,1.00
2008.12.09 07:14:49.890,1.1913,1.1915,4.40,1.00
2008.12.09 07:14:50.410,1.1913,1.1915,1.20,1.00
2008.12.09 07:14:55.139,1.1913,1.1915,1.00,1.00
2008.12.09 07:14:57.518,1.1913,1.1914,1.00,1.00
2008.12.09 07:14:57.958,1.1912,1.1914,1.00,1.20
2008.12.09 07:14:58.698,1.1912,1.1914,1.00,1.00
2008.12.09 07:15:01.927,1.1912,1.1914,1.00,1.20
2008.12.09 07:15:02.337,1.1912,1.1914,1.00,2.40
2008.12.09 07:15:02.697,1.1912,1.1914,1.00,1.20
2008.12.09 07:15:03.147,1.1912,1.1914,1.00,2.40
2008.12.09 07:15:03.866,1.1911,1.1914,4.80,2.40
2008.12.09 07:15:04.206,1.1911,1.1914,4.80,1.20
2008.12.09 07:15:04.506,1.1911,1.19135,4.80,2.40
2008.12.09 07:15:05.146,1.1911,1.1913,1.20,1.00
2008.12.09 07:15:05.436,1.1911,1.1913,1.00,1.00
2008.12.09 07:15:14.184,1.1911,1.19125,1.00,1.00
2008.12.09 07:15:14.404,1.191,1.19125,1.00,1.00
2008.12.09 07:15:14.694,1.191,1.19125,1.00,2.40
2008.12.09 07:15:15.274,1.191,1.1913,4.60,13.20
2008.12.09 07:15:15.573,1.191,1.1913,4.60,12.00
2008.12.09 07:15:17.773,1.191,1.1913,4.60,1.00
2008.12.09 07:15:18.123,1.191,1.19115,1.00,1.00
2008.12.09 07:15:18.513,1.191,1.19115,1.00,4.00
2008.12.09 07:15:20.422,1.191,1.19105,1.00,1.00
2008.12.09 07:15:20.782,1.191,1.1912,4.60,23.20
2008.12.09 07:15:21.143,1.191,1.1912,1.00,2.80
2008.12.09 07:15:22.403,1.191,1.1912,4.20,2.80
2008.12.09 07:15:22.752,1.1911,1.1912,1.00,1.20
2008.12.09 07:15:23.422,1.1911,1.19125,1.00,1.00
2008.12.09 07:15:24.132,1.1911,1.19125,1.00,1.80
2008.12.09 07:15:24.991,1.1911,1.19125,1.00,1.00
2008.12.09 07:15:25.571,1.1911,1.19125,1.00,1.00
2008.12.09 07:15:28.980,1.1911,1.1913,1.00,6.40
2008.12.09 07:15:29.101,1.1911,1.1913,1.00,3.80
2008.12.09 07:15:29.270,1.1911,1.1913,1.00,2.20
2008.12.09 07:15:33.469,1.1911,1.1912,1.00,1.00
2008.12.09 07:15:39.508,1.191,1.1912,1.00,3.00
2008.12.09 07:15:39.738,1.191,1.1911,1.00,1.00
2008.12.09 07:15:43.277,1.191,1.1911,4.20,1.00
2008.12.09 07:15:43.857,1.191,1.1911,7.80,1.00
2008.12.09 07:15:45.546,1.1911,1.1912,15.20,2.20
2008.12.09 07:15:54.244,1.1912,1.19125,12.00,1.00
2008.12.09 07:15:54.464,1.1912,1.19135,12.00,1.00
2008.12.09 07:15:58.723,1.1911,1.19135,6.60,1.00
2008.12.09 07:15:59.343,1.19115,1.1914,6.60,1.00
2008.12.09 07:15:59.633,1.1913,1.19145,2.40,3.20
2008.12.09 07:15:59.923,1.1913,1.19145,2.40,1.60
2008.12.09 07:16:00.103,1.1913,1.19155,2.40,3.60
2008.12.09 07:16:00.163,1.1913,1.19145,2.40,1.00
2008.12.09 07:16:00.913,1.1914,1.19155,2.40,1.00
2008.12.09 07:16:04.002,1.1915,1.19155,2.40,1.00
2008.12.09 07:16:06.452,1.1915,1.1917,2.40,16.80
2008.12.09 07:16:06.791,1.1915,1.1917,2.40,4.00
2008.12.09 07:16:07.071,1.1915,1.19165,2.40,2.40
2008.12.09 07:16:07.421,1.1915,1.19165,2.40,1.60
2008.12.09 07:16:07.701,1.1915,1.19165,2.40,1.00
2008.12.09 07:16:08.261,1.1915,1.19165,2.40,1.60
2008.12.09 07:16:08.611,1.1915,1.19175,2.40,6.80
2008.12.09 07:16:08.961,1.1915,1.19165,2.40,1.00
2008.12.09 07:16:09.421,1.1915,1.19165,2.40,2.40
2008.12.09 07:16:09.931,1.1915,1.19165,2.40,1.60
2008.12.09 07:16:10.331,1.1915,1.19165,2.40,1.00
2008.12.09 07:16:14.040,1.1915,1.19165,2.40,2.40
2008.12.09 07:16:15.469,1.1915,1.19165,1.00,5.20
2008.12.09 07:16:17.429,1.1915,1.19165,1.00,3.60
2008.12.09 07:16:17.709,1.1915,1.19165,1.00,5.20
2008.12.09 07:16:18.998,1.1915,1.19165,1.00,1.00
2008.12.09 07:16:19.398,1.1915,1.1917,1.00,2.80
2008.12.09 07:16:19.508,1.1915,1.19175,1.00,5.20
2008.12.09 07:16:20.078,1.1915,1.19165,1.00,1.00
2008.12.09 07:16:20.428,1.1915,1.19165,1.00,2.40
2008.12.09 07:16:20.958,1.1915,1.1917,1.00,4.40
2008.12.09 07:16:21.318,1.1915,1.19175,1.00,3.60
2008.12.09 07:16:23.467,1.1915,1.19175,1.00,5.20
2008.12.09 07:16:23.857,1.1915,1.19165,1.00,1.00
2008.12.09 07:16:24.207,1.1915,1.19165,1.00,1.60
2008.12.09 07:16:24.557,1.1915,1.19175,1.00,6.80
2008.12.09 07:16:24.837,1.1915,1.19175,1.00,6.80
2008.12.09 07:16:27.156,1.1914,1.19175,5.00,6.80
2008.12.09 07:16:28.416,1.1914,1.19175,5.00,5.20
2008.12.09 07:16:28.876,1.19145,1.19175,6.60,2.40
2008.12.09 07:16:29.056,1.1915,1.1918,1.60,18.00
2008.12.09 07:16:29.346,1.1916,1.1918,1.60,13.60
2008.12.09 07:16:29.466,1.1916,1.19185,1.60,3.60
2008.12.09 07:16:29.996,1.1916,1.19185,1.60,1.00
2008.12.09 07:16:30.336,1.1916,1.19185,1.00,1.00
2008.12.09 07:16:31.586,1.1916,1.19185,4.20,1.00
2008.12.09 07:16:31.885,1.1917,1.1919,1.00,1.60
2008.12.09 07:16:32.095,1.1917,1.19195,1.00,2.80
2008.12.09 07:16:33.565,1.1917,1.192,4.20,5.20
2008.12.09 07:16:33.965,1.1917,1.192,5.80,3.60
2008.12.09 07:16:34.255,1.1918,1.192,1.00,3.60
2008.12.09 07:16:34.715,1.1918,1.192,1.00,2.80
2008.12.09 07:16:36.284,1.1918,1.19205,1.00,3.60
2008.12.09 07:16:37.084,1.1917,1.19205,4.00,3.60
2008.12.09 07:16:37.384,1.1917,1.19205,4.00,5.20
2008.12.09 07:16:37.494,1.1917,1.192,1.00,2.80
2008.12.09 07:16:37.784,1.1917,1.192,1.00,6.80
2008.12.09 07:16:41.403,1.1917,1.192,1.00,2.80
2008.12.09 07:16:42.033,1.1917,1.19205,4.00,5.20
2008.12.09 07:16:42.552,1.1918,1.19205,1.00,3.60
2008.12.09 07:16:46.792,1.1919,1.19205,1.00,1.00
2008.12.09 07:16:50.301,1.1918,1.19205,4.00,1.00
2008.12.09 07:16:53.410,1.1918,1.19215,7.20,4.40
2008.12.09 07:16:53.751,1.19185,1.1922,3.40,17.20
2008.12.09 07:16:54.330,1.19185,1.1922,3.40,7.60
2008.12.09 07:16:54.390,1.19185,1.1922,3.40,3.60
2008.12.09 07:16:54.450,1.1919,1.1922,1.00,3.60
2008.12.09 07:16:54.680,1.1919,1.1922,1.00,2.80
2008.12.09 07:16:55.250,1.1919,1.19225,4.00,2.80
2008.12.09 07:16:56.709,1.1919,1.1922,1.00,2.80
2008.12.09 07:16:57.580,1.1919,1.1922,1.00,6.80
2008.12.09 07:16:58.079,1.1919,1.1922,4.00,4.00
2008.12.09 07:16:58.419,1.192,1.1923,1.00,11.60
2008.12.09 07:16:58.719,1.1921,1.1923,1.00,2.80
2008.12.09 07:16:59.059,1.1921,1.19235,1.00,1.00
2008.12.09 07:16:59.778,1.1921,1.19235,4.00,1.00
2008.12.09 07:17:05.737,1.1921,1.19225,1.00,1.00
2008.12.09 07:17:06.737,1.192,1.19225,8.20,1.00
2008.12.09 07:17:07.257,1.192,1.19225,4.60,3.60
2008.12.09 07:17:07.427,1.19195,1.19215,1.60,1.00
2008.12.09 07:17:07.776,1.1919,1.19215,21.60,1.00
2008.12.09 07:17:08.167,1.1919,1.19215,1.00,3.60
2008.12.09 07:17:08.456,1.1919,1.19205,1.00,1.00
2008.12.09 07:17:09.666,1.1919,1.19195,1.00,1.00
2008.12.09 07:17:10.006,1.1918,1.19195,1.00,1.00
2008.12.09 07:17:10.226,1.1918,1.19195,1.00,3.60
2008.12.09 07:17:10.456,1.1918,1.1919,1.00,2.40
2008.12.09 07:17:10.806,1.1917,1.1919,3.00,1.60
2008.12.09 07:17:12.865,1.19165,1.1919,9.80,2.40
2008.12.09 07:17:13.255,1.1916,1.19185,12.60,1.00
2008.12.09 07:17:13.595,1.19155,1.19175,1.60,3.60
2008.12.09 07:17:14.055,1.1914,1.19165,8.00,1.00
2008.12.09 07:17:14.395,1.19135,1.19165,3.40,1.00
2008.12.09 07:17:15.235,1.19135,1.1916,3.40,1.00
2008.12.09 07:17:15.455,1.19135,1.1917,3.40,16.40
2008.12.09 07:17:15.855,1.19135,1.1917,3.40,6.80
2008.12.09 07:17:16.274,1.19135,1.1917,3.40,2.80
2008.12.09 07:17:16.795,1.1914,1.1917,3.00,2.80
2008.12.09 07:17:16.974,1.1914,1.1917,11.80,2.80
2008.12.09 07:17:17.144,1.1914,1.19175,15.40,2.80
2008.12.09 07:17:17.954,1.1915,1.1918,8.00,2.80
2008.12.09 07:17:18.854,1.1915,1.1918,11.00,2.80
2008.12.09 07:17:19.034,1.1915,1.1918,11.80,2.80
2008.12.09 07:17:19.204,1.19155,1.1919,3.40,2.80
2008.12.09 07:17:19.744,1.1916,1.19195,3.40,2.80
2008.12.09 07:17:20.263,1.1916,1.19195,11.40,2.80
2008.12.09 07:17:20.723,1.1917,1.19195,3.00,2.80
2008.12.09 07:17:20.964,1.1917,1.192,8.00,2.80
2008.12.09 07:17:21.533,1.19165,1.192,3.40,2.80
2008.12.09 07:17:22.033,1.1917,1.192,3.00,2.80
2008.12.09 07:17:22.213,1.1917,1.192,11.80,2.80
2008.12.09 07:17:22.773,1.1917,1.192,11.00,2.80
2008.12.09 07:17:24.173,1.1917,1.192,8.00,2.80
2008.12.09 07:17:24.343,1.19165,1.192,3.40,2.80
2008.12.09 07:17:24.523,1.1916,1.19195,12.20,2.80
2008.12.09 07:17:24.683,1.1916,1.19195,11.40,2.80
2008.12.09 07:17:26.522,1.1916,1.19195,14.60,2.80
2008.12.09 07:17:26.702,1.1916,1.19195,15.40,2.80
2008.12.09 07:17:32.230,1.1916,1.19195,12.20,2.80
2008.12.09 07:17:32.401,1.1916,1.19195,11.40,2.80
2008.12.09 07:17:34.910,1.1916,1.19195,3.40,2.80
2008.12.09 07:17:36.250,1.1917,1.19195,8.00,2.80
2008.12.09 07:17:36.590,1.19165,1.192,3.40,2.80
2008.12.09 07:17:40.169,1.1916,1.19195,19.40,2.80
2008.12.09 07:17:40.469,1.1916,1.19195,11.40,2.80
2008.12.09 07:17:41.898,1.1916,1.19195,22.60,2.80
2008.12.09 07:17:41.958,1.1916,1.19195,23.40,2.80
2008.12.09 07:17:42.139,1.1916,1.19195,20.20,2.80
2008.12.09 07:17:42.258,1.19165,1.192,3.40,2.80
2008.12.09 07:17:42.648,1.1917,1.192,8.00,2.80
2008.12.09 07:17:42.758,1.19165,1.192,3.40,2.80
2008.12.09 07:17:43.681,1.1917,1.192,8.00,2.80
2008.12.09 07:17:44.028,1.19165,1.192,3.40,2.80
2008.12.09 07:17:46.477,1.19165,1.192,6.60,2.80
2008.12.09 07:17:46.597,1.1917,1.19205,3.40,2.80
2008.12.09 07:17:47.057,1.1917,1.192,8.00,2.80
2008.12.09 07:17:47.277,1.19165,1.192,3.40,2.80
2008.12.09 07:17:48.757,1.1916,1.19195,11.40,2.80
2008.12.09 07:17:49.277,1.19155,1.1919,3.40,2.80
2008.12.09 07:17:56.955,1.1915,1.1918,17.80,1.00
2008.12.09 07:17:57.185,1.1915,1.1918,11.40,1.00
2008.12.09 07:17:57.415,1.1915,1.1918,3.40,1.00
2008.12.09 07:17:57.644,1.19145,1.1918,3.40,7.60
2008.12.09 07:17:58.404,1.19155,1.1919,3.40,4.40
2008.12.09 07:17:58.754,1.1915,1.19185,14.60,3.60
2008.12.09 07:17:59.114,1.1915,1.19185,3.40,3.60
2008.12.09 07:17:59.644,1.19155,1.19185,3.40,1.00
2008.12.09 07:17:59.864,1.19155,1.1919,3.40,22.80
2008.12.09 07:17:59.924,1.19155,1.1919,3.40,2.80
2008.12.09 07:18:02.044,1.19155,1.19175,3.40,1.00
2008.12.09 07:18:02.383,1.1915,1.19175,3.40,1.00
2008.12.09 07:18:02.443,1.1915,1.1918,3.40,1.60
2008.12.09 07:18:03.013,1.1915,1.19185,3.40,4.00
2008.12.09 07:18:04.893,1.1915,1.1918,3.40,6.40
2008.12.09 07:18:04.953,1.1915,1.1918,3.40,4.80
2008.12.09 07:18:05.133,1.19145,1.1918,3.40,7.60
2008.12.09 07:18:05.542,1.1915,1.1918,3.40,4.80
2008.12.09 07:18:06.482,1.1915,1.1918,3.40,2.40
2008.12.09 07:18:07.312,1.1915,1.1917,3.40,1.00
2008.12.09 07:18:11.901,1.19145,1.1917,3.40,1.00
2008.12.09 07:18:12.181,1.1914,1.1917,3.40,1.00
2008.12.09 07:18:12.641,1.19135,1.1917,6.60,3.60
2008.12.09 07:18:12.861,1.1914,1.1917,3.40,1.00
2008.12.09 07:18:16.880,1.1914,1.1917,3.40,2.40
2008.12.09 07:18:17.170,1.1914,1.1917,3.40,4.00
2008.12.09 07:18:17.390,1.1914,1.19165,3.40,1.00
2008.12.09 07:18:17.550,1.19135,1.19165,9.80,2.40
2008.12.09 07:18:17.840,1.19135,1.19165,3.40,2.40
2008.12.09 07:18:18.060,1.19125,1.1916,3.40,2.80
2008.12.09 07:18:19.169,1.1913,1.19165,3.40,5.20
2008.12.09 07:18:23.428,1.1913,1.19165,3.40,3.60
2008.12.09 07:18:23.658,1.1913,1.19165,11.40,3.60
2008.12.09 07:18:25.748,1.1913,1.19165,11.40,2.80
2008.12.09 07:18:25.798,1.19135,1.1917,3.40,12.40
2008.12.09 07:18:26.208,1.19135,1.1917,3.40,2.80
2008.12.09 07:18:27.117,1.19135,1.1917,3.40,6.00
2008.12.09 07:18:27.518,1.19135,1.1917,3.40,10.00
2008.12.09 07:18:30.307,1.19135,1.1917,6.60,10.00
2008.12.09 07:18:30.596,1.19135,1.1917,6.60,2.80
2008.12.09 07:18:43.523,1.1912,1.19155,3.40,3.60
2008.12.09 07:18:43.693,1.19115,1.19145,3.40,1.00
2008.12.09 07:18:50.222,1.19115,1.19145,5.00,1.00
2008.12.09 07:18:50.402,1.19125,1.19155,3.40,1.60
2008.12.09 07:18:50.622,1.19125,1.1916,3.40,6.80
2008.12.09 07:18:51.872,1.19125,1.1916,3.40,2.80
2008.12.09 07:18:52.333,1.19125,1.1916,3.40,6.80
2008.12.09 07:18:53.631,1.19125,1.1916,3.40,2.80
2008.12.09 07:18:53.991,1.1914,1.1917,3.40,13.60
2008.12.09 07:18:54.211,1.1914,1.19175,3.40,2.80
2008.12.09 07:18:55.191,1.1914,1.19165,3.40,1.00
2008.12.09 07:18:55.471,1.19135,1.1916,3.40,4.00
2008.12.09 07:18:55.750,1.1913,1.1916,3.40,4.00
2008.12.09 07:18:56.441,1.1913,1.19165,3.40,2.80
2008.12.09 07:18:57.140,1.1913,1.19165,11.40,2.80
2008.12.09 07:18:57.420,1.19135,1.1917,3.40,2.80
2008.12.09 07:18:57.700,1.1914,1.19175,3.40,2.80
2008.12.09 07:18:59.980,1.1914,1.19175,6.80,2.80
2008.12.09 07:19:00.200,1.1915,1.1918,1.00,2.80
2008.12.09 07:19:00.530,1.1915,1.1918,3.60,4.00
2008.12.09 07:19:00.759,1.1915,1.19175,1.00,2.80
2008.12.09 07:19:01.229,1.1914,1.1917,1.00,2.80
2008.12.09 07:19:01.529,1.1914,1.19175,3.60,2.80
2008.12.09 07:19:01.880,1.1914,1.1916,3.60,4.00
2008.12.09 07:19:02.259,1.1914,1.19175,3.60,2.80
2008.12.09 07:19:02.439,1.1915,1.1918,3.40,4.00
2008.12.09 07:19:12.287,1.19155,1.1918,3.40,4.00
2008.12.09 07:19:12.586,1.19155,1.1919,3.40,6.80
2008.12.09 07:19:13.086,1.19155,1.1919,3.40,2.80
2008.12.09 07:19:13.476,1.1916,1.19195,3.60,2.80
2008.12.09 07:19:13.836,1.1916,1.1919,3.40,4.00
2008.12.09 07:19:14.186,1.19155,1.1919,3.40,6.80
2008.12.09 07:19:16.226,1.1915,1.19185,3.60,2.80
2008.12.09 07:19:16.456,1.1915,1.1918,1.00,6.80
2008.12.09 07:19:17.895,1.1915,1.19185,3.60,2.80
2008.12.09 07:19:19.025,1.1915,1.19185,11.60,2.80
2008.12.09 07:19:19.305,1.19155,1.1919,3.40,6.80
2008.12.09 07:19:20.654,1.19155,1.19185,3.40,1.00
2008.12.09 07:19:21.005,1.19155,1.1918,3.40,4.00
2008.12.09 07:19:21.634,1.19155,1.19185,3.40,1.00
2008.12.09 07:19:22.154,1.19155,1.1919,3.40,10.00
2008.12.09 07:19:22.564,1.19155,1.1919,3.40,6.80
2008.12.09 07:19:25.683,1.19155,1.19185,3.40,1.00
2008.12.09 07:19:25.853,1.19155,1.1919,3.40,6.80
2008.12.09 07:19:26.123,1.19155,1.1919,3.40,14.80
2008.12.09 07:19:26.773,1.19155,1.1919,3.40,10.00
2008.12.09 07:19:27.013,1.19155,1.1918,3.40,4.00
2008.12.09 07:19:27.993,1.1915,1.1918,1.00,6.80
2008.12.09 07:19:29.712,1.19155,1.1917,3.40,4.00
2008.12.09 07:19:30.122,1.19155,1.1918,3.40,8.00
2008.12.09 07:19:30.352,1.1915,1.1918,1.00,6.00
2008.12.09 07:19:30.592,1.1915,1.1918,1.00,6.80
2008.12.09 07:19:35.341,1.1915,1.1918,1.00,2.80
2008.12.09 07:19:35.751,1.1915,1.1918,1.00,6.80
2008.12.09 07:19:35.921,1.19155,1.1918,3.40,4.00
2008.12.09 07:19:36.331,1.19155,1.1919,3.40,10.00
2008.12.09 07:19:41.839,1.19155,1.1919,3.40,6.80
2008.12.09 07:19:42.759,1.19155,1.1919,3.40,10.00
2008.12.09 07:19:42.929,1.19155,1.1919,3.40,11.60
2008.12.09 07:19:43.039,1.1915,1.19185,3.60,3.60
2008.12.09 07:19:43.209,1.1915,1.1918,3.60,4.00
2008.12.09 07:19:44.159,1.19155,1.1919,3.40,10.00
2008.12.09 07:19:46.038,1.19155,1.1919,3.40,6.80
2008.12.09 07:19:46.378,1.19155,1.1919,3.40,10.00
2008.12.09 07:19:48.278,1.19155,1.1919,3.40,6.80
2008.12.09 07:19:48.688,1.1916,1.1919,1.00,6.80
2008.12.09 07:19:49.148,1.1916,1.19195,3.60,2.80
2008.12.09 07:19:50.527,1.1916,1.19195,3.60,3.60
2008.12.09 07:19:50.807,1.1916,1.1919,3.60,4.00
2008.12.09 07:19:52.297,1.19155,1.1919,3.40,6.80
2008.12.09 07:19:54.556,1.1916,1.1919,3.40,4.00
2008.12.09 07:19:54.886,1.1916,1.19195,3.60,2.80
2008.12.09 07:19:56.606,1.19165,1.192,3.40,6.80
2008.12.09 07:19:57.006,1.1916,1.19195,11.60,3.60
2008.12.09 07:19:57.236,1.1917,1.192,3.60,4.00
2008.12.09 07:19:57.586,1.1917,1.19205,3.60,3.60
2008.12.09 07:19:58.235,1.19175,1.1921,3.40,14.80
2008.12.09 07:19:58.646,1.19175,1.1921,3.40,6.80
2008.12.09 07:19:59.165,1.1917,1.19205,3.60,2.80
2008.12.09 07:19:59.575,1.1917,1.192,1.00,6.80
2008.12.09 07:20:00.085,1.1917,1.19195,1.00,2.80
2008.12.09 07:20:00.255,1.1917,1.192,1.00,6.80
2008.12.09 07:20:02.064,1.1917,1.192,3.60,4.00
2008.12.09 07:20:02.535,1.1917,1.19205,3.60,2.80
2008.12.09 07:20:07.183,1.1918,1.1921,3.40,4.00
2008.12.09 07:20:10.163,1.1917,1.192,1.00,2.80
2008.12.09 07:20:10.332,1.19175,1.192,3.40,4.00
2008.12.09 07:20:10.562,1.19175,1.1921,3.40,2.80
2008.12.09 07:20:11.003,1.19175,1.1921,3.40,6.80
2008.12.09 07:20:12.102,1.19185,1.19215,3.00,2.80
2008.12.09 07:20:12.342,1.1918,1.19215,19.40,2.80
2008.12.09 07:20:12.562,1.1918,1.19215,3.40,2.80
2008.12.09 07:20:15.212,1.19185,1.1922,3.40,6.80
2008.12.09 07:20:15.511,1.19185,1.1922,3.40,2.80
2008.12.09 07:20:15.681,1.1919,1.19225,6.60,2.80
2008.12.09 07:20:16.091,1.19195,1.1923,3.40,11.60
2008.12.09 07:20:16.571,1.19195,1.1923,3.40,7.60
2008.12.09 07:20:16.981,1.192,1.1923,3.40,4.80
2008.12.09 07:20:17.151,1.192,1.19235,3.40,2.80
2008.12.09 07:20:26.379,1.19205,1.1924,3.40,6.80
2008.12.09 07:20:26.738,1.19205,1.1924,3.40,6.80
2008.12.09 07:20:29.218,1.19205,1.1924,3.40,10.00
2008.12.09 07:20:29.398,1.19205,1.19235,3.40,1.00
2008.12.09 07:20:29.568,1.192,1.19235,6.60,3.60
2008.12.09 07:20:29.908,1.192,1.19235,3.40,3.60
2008.12.09 07:20:31.498,1.19205,1.19235,3.00,3.60
2008.12.09 07:20:31.787,1.19205,1.19235,6.60,1.00
2008.12.09 07:20:36.086,1.19205,1.1923,3.00,3.60
2008.12.09 07:20:36.486,1.19195,1.1923,3.40,2.80
2008.12.09 07:20:36.866,1.1919,1.19225,11.40,2.80
2008.12.09 07:20:37.256,1.1919,1.1922,8.00,2.80
2008.12.09 07:20:38.216,1.1919,1.19215,8.00,1.00
2008.12.09 07:20:38.446,1.1919,1.19215,8.00,3.60
2008.12.09 07:20:39.416,1.1919,1.1921,8.00,2.80
2008.12.09 07:20:51.563,1.1919,1.1922,8.00,2.80
2008.12.09 07:20:51.853,1.1919,1.19225,11.40,2.80
2008.12.09 07:20:53.782,1.1919,1.19215,8.00,1.00
2008.12.09 07:20:55.812,1.1919,1.19215,8.00,3.60
2008.12.09 07:21:04.009,1.1919,1.19215,8.00,5.20
2008.12.09 07:21:04.689,1.1919,1.19215,11.40,2.40
2008.12.09 07:21:05.629,1.1919,1.19215,8.00,2.40
2008.12.09 07:21:09.878,1.1919,1.19215,8.00,5.20
2008.12.09 07:21:32.333,1.1919,1.19205,8.00,1.00
2008.12.09 07:21:33.243,1.1919,1.192,8.00,4.00
2008.12.09 07:21:33.562,1.1919,1.19205,8.00,3.60
2008.12.09 07:21:33.732,1.1919,1.192,8.00,6.80
2008.12.09 07:21:34.242,1.1919,1.192,8.00,2.80
2008.12.09 07:21:34.732,1.1919,1.192,8.00,6.80
2008.12.09 07:21:41.930,1.1919,1.19195,8.00,1.00
2008.12.09 07:21:42.280,1.1919,1.192,8.00,11.60
2008.12.09 07:21:43.260,1.1919,1.192,8.00,4.80
2008.12.09 07:21:43.430,1.1919,1.19205,8.00,3.60
2008.12.09 07:21:48.209,1.1919,1.19205,8.00,2.80
2008.12.09 07:21:48.379,1.1919,1.1921,8.00,22.80
2008.12.09 07:21:48.499,1.1919,1.1921,8.00,12.40
2008.12.09 07:21:48.679,1.1919,1.1921,8.00,9.60
2008.12.09 07:21:48.839,1.1919,1.1922,8.00,28.40
2008.12.09 07:21:49.178,1.1919,1.1922,8.00,17.20
2008.12.09 07:21:49.579,1.1919,1.19215,8.00,2.80
2008.12.09 07:21:52.858,1.1919,1.1921,8.00,1.60
2008.12.09 07:21:56.707,1.1919,1.1921,8.00,4.40
2008.12.09 07:21:57.097,1.1919,1.19205,8.00,1.60
2008.12.09 07:21:57.557,1.1919,1.192,8.00,1.60
2008.12.09 07:21:57.957,1.1919,1.19205,8.00,1.60
2008.12.09 07:21:59.326,1.1919,1.19205,8.00,4.40
2008.12.09 07:21:59.546,1.1919,1.192,8.00,1.60
2008.12.09 07:22:07.824,1.1919,1.192,8.00,4.40
2008.12.09 07:22:11.953,1.1919,1.19205,8.00,4.40
2008.12.09 07:22:14.892,1.1919,1.19205,8.00,5.20
2008.12.09 07:22:15.122,1.1919,1.19205,8.00,4.40
2008.12.09 07:22:16.772,1.1919,1.19205,8.00,5.20
2008.12.09 07:22:17.102,1.1919,1.19205,8.00,4.40
2008.12.09 07:22:33.278,1.19185,1.1919,8.00,6.80
2008.12.09 07:22:35.847,1.1919,1.19195,8.00,5.40
2008.12.09 07:22:35.907,1.19165,1.19185,16.00,1.60
2008.12.09 07:22:36.017,1.19165,1.1919,16.00,4.00
2008.12.09 07:22:36.127,1.19185,1.1919,8.00,4.00
2008.12.09 07:22:36.407,1.19185,1.1919,8.00,4.80
2008.12.09 07:22:36.737,1.19185,1.1919,8.00,1.00
2008.12.09 07:22:38.637,1.1915,1.1918,3.40,1.00
2008.12.09 07:22:38.867,1.1915,1.1919,7.20,1.00
2008.12.09 07:22:40.176,1.19165,1.1919,3.40,1.00
2008.12.09 07:22:42.176,1.1916,1.1919,4.00,2.40
2008.12.09 07:22:48.034,1.1916,1.19185,1.00,1.60
2008.12.09 07:23:12.399,1.1916,1.1918,1.00,1.00
2008.12.09 07:23:12.518,1.1916,1.19185,1.00,6.00
2008.12.09 07:23:12.748,1.1916,1.19185,1.00,4.00
2008.12.09 07:23:12.859,1.1916,1.19185,1.00,2.40
2008.12.09 07:23:14.438,1.1916,1.1918,1.00,2.40
2008.12.09 07:23:40.632,1.1916,1.1918,1.00,5.20
2008.12.09 07:23:40.822,1.1915,1.19175,1.00,1.60
2008.12.09 07:23:41.092,1.1915,1.1918,1.00,7.60
2008.12.09 07:23:41.622,1.1915,1.19175,1.00,1.60
2008.12.09 07:23:57.498,1.1915,1.19175,4.00,1.60
2008.12.09 07:23:57.788,1.1915,1.1918,4.00,2.40
2008.12.09 07:23:59.557,1.1915,1.19175,4.00,1.00
2008.12.09 07:23:59.857,1.1915,1.19165,1.00,1.00
2008.12.09 07:24:01.727,1.1915,1.1917,1.00,10.40
2008.12.09 07:24:02.067,1.1915,1.1917,1.00,1.00
2008.12.09 07:24:02.407,1.1915,1.1917,1.00,2.40
2008.12.09 07:24:02.816,1.1915,1.19165,1.00,1.00
2008.12.09 07:24:03.867,1.1914,1.1916,1.00,1.00
2008.12.09 07:24:05.676,1.1914,1.1916,4.00,1.00
2008.12.09 07:24:06.566,1.19135,1.1916,5.00,2.40
2008.12.09 07:24:06.806,1.1914,1.1916,1.00,2.40
2008.12.09 07:24:07.035,1.1914,1.1916,3.60,1.00
2008.12.09 07:24:07.495,1.1914,1.1916,1.00,1.00
2008.12.09 07:24:11.725,1.1914,1.19165,1.00,4.00
2008.12.09 07:24:12.184,1.1914,1.19165,3.60,2.40
2008.12.09 07:24:12.414,1.1914,1.19165,3.60,1.60
2008.12.09 07:24:12.634,1.1914,1.1917,3.60,4.80
2008.12.09 07:24:14.344,1.19145,1.1917,3.40,4.80
2008.12.09 07:24:15.764,1.19145,1.1917,3.40,1.00
2008.12.09 07:24:18.183,1.1914,1.1917,3.60,1.00
2008.12.09 07:24:18.413,1.1914,1.1917,3.60,2.40
2008.12.09 07:24:23.091,1.1914,1.1917,1.00,5.20
2008.12.09 07:24:33.110,1.1914,1.1917,1.00,4.40
2008.12.09 07:24:33.229,1.1914,1.1917,1.00,5.20
2008.12.09 07:24:33.409,1.1914,1.1917,1.00,3.60
2008.12.09 07:24:33.630,1.1914,1.1917,1.00,5.20
2008.12.09 07:24:37.298,1.1914,1.1917,1.00,3.60
2008.12.09 07:24:37.528,1.1914,1.1917,1.00,5.20
2008.12.09 07:24:40.038,1.1914,1.1917,1.00,3.60
2008.12.09 07:24:40.267,1.1914,1.1917,1.00,7.60
2008.12.09 07:24:48.645,1.1914,1.1917,1.00,14.00
2008.12.09 07:24:48.755,1.1914,1.19165,1.00,1.00
2008.12.09 07:24:48.865,1.1914,1.19165,1.00,3.60
2008.12.09 07:24:49.095,1.1914,1.19165,1.00,5.20
2008.12.09 07:24:50.365,1.1914,1.19155,1.00,1.00
2008.12.09 07:24:50.545,1.1913,1.19155,1.00,1.00
2008.12.09 07:24:51.705,1.1913,1.1914,1.00,2.80
2008.12.09 07:24:51.865,1.1912,1.1914,17.60,2.80
2008.12.09 07:24:52.145,1.19105,1.19135,1.60,3.60
2008.12.09 07:24:52.325,1.19105,1.19135,4.60,3.60
2008.12.09 07:24:52.555,1.1911,1.1914,3.40,9.60
2008.12.09 07:24:52.774,1.19105,1.19135,4.60,2.80
2008.12.09 07:24:53.005,1.19105,1.19135,1.60,2.80
2008.12.09 07:24:53.295,1.19105,1.1914,3.40,2.80
2008.12.09 07:24:54.824,1.19105,1.1914,5.00,2.80
2008.12.09 07:24:58.063,1.19105,1.1914,3.40,4.40
2008.12.09 07:24:58.183,1.19105,1.1914,3.40,6.80
2008.12.09 07:25:00.483,1.19105,1.1914,5.00,6.80
2008.12.09 07:25:00.813,1.19115,1.1914,3.00,6.80
2008.12.09 07:25:00.983,1.19115,1.19145,3.00,2.80
2008.12.09 07:25:03.532,1.19115,1.1914,3.40,1.00
2008.12.09 07:25:04.152,1.1911,1.1914,8.00,3.40
2008.12.09 07:25:09.110,1.1911,1.19135,8.00,1.00
2008.12.09 07:25:09.280,1.1911,1.19135,8.00,3.60
2008.12.09 07:25:12.600,1.1911,1.19135,11.00,3.60
2008.12.09 07:25:12.830,1.1911,1.19135,12.60,3.60
2008.12.09 07:25:13.119,1.1911,1.19135,12.60,1.00
2008.12.09 07:25:13.239,1.19115,1.1914,3.00,14.60
2008.12.09 07:25:13.340,1.19115,1.1914,3.00,13.00
2008.12.09 07:25:13.519,1.19115,1.1914,3.00,3.40
2008.12.09 07:25:14.749,1.1911,1.19135,12.60,3.60
2008.12.09 07:25:14.919,1.1911,1.19135,11.00,3.60
2008.12.09 07:25:19.238,1.1911,1.19135,8.00,3.60
2008.12.09 07:25:27.006,1.1911,1.19135,8.00,5.20
2008.12.09 07:25:27.736,1.1911,1.1913,8.00,1.00
2008.12.09 07:25:57.729,1.1911,1.19135,11.40,1.00
2008.12.09 07:26:07.736,1.1911,1.19135,13.00,1.00
2008.12.09 07:26:07.956,1.19125,1.1915,3.40,13.60
2008.12.09 07:26:08.126,1.19125,1.1915,3.40,2.20
2008.12.09 07:26:08.296,1.19125,1.1915,3.40,1.00
2008.12.09 07:26:09.096,1.1913,1.1915,3.40,1.00
2008.12.09 07:26:09.676,1.19125,1.1915,3.40,1.00
2008.12.09 07:26:09.896,1.19125,1.1915,5.00,1.00
2008.12.09 07:26:10.256,1.1913,1.1915,3.40,1.00
2008.12.09 07:26:10.946,1.19135,1.1915,3.40,1.00
2008.12.09 07:26:16.864,1.19145,1.1917,3.40,4.60
2008.12.09 07:26:16.974,1.19145,1.1917,3.40,1.00
2008.12.09 07:26:19.694,1.19145,1.1917,6.60,1.00
2008.12.09 07:26:20.803,1.1915,1.1917,3.40,1.00
2008.12.09 07:26:22.003,1.1915,1.1917,5.00,1.00
2008.12.09 07:26:22.743,1.1915,1.1917,3.40,1.00
2008.12.09 07:26:25.752,1.19155,1.1917,3.00,1.00
2008.12.09 07:26:26.012,1.19155,1.1917,1.60,1.00
2008.12.09 07:26:26.412,1.1915,1.1917,11.40,1.00
2008.12.09 07:26:37.389,1.1915,1.1917,8.00,1.00
2008.12.09 07:27:09.322,1.1915,1.1917,11.40,1.00
2008.12.09 07:27:43.543,1.1915,1.1918,11.40,1.00
2008.12.09 07:27:44.723,1.1915,1.1918,11.40,1.40
2008.12.09 07:27:45.113,1.1915,1.1918,11.40,4.60
2008.12.09 07:27:45.273,1.19155,1.1918,3.40,4.60
2008.12.09 07:27:45.453,1.19155,1.1918,3.40,3.00
2008.12.09 07:27:46.602,1.1915,1.1918,11.40,4.60
2008.12.09 07:27:49.632,1.1915,1.1917,11.40,1.00
2008.12.09 07:27:50.781,1.19155,1.1917,3.40,1.00
2008.12.09 07:27:53.251,1.1915,1.1917,11.40,1.00
2008.12.09 07:27:56.650,1.1915,1.1917,11.40,1.40
2008.12.09 07:27:57.490,1.1915,1.1917,8.00,1.40
2008.12.09 07:27:57.670,1.1915,1.1917,11.40,1.40
2008.12.09 07:27:57.900,1.1915,1.1917,8.00,1.40
2008.12.09 07:27:58.710,1.1915,1.19165,8.00,1.00
2008.12.09 07:27:58.990,1.1915,1.19165,8.00,1.60
2008.12.09 07:27:59.230,1.1915,1.19165,8.00,1.00
2008.12.09 07:28:01.409,1.1915,1.19165,8.00,2.40
2008.12.09 07:28:03.948,1.1915,1.19165,8.00,4.00
2008.12.09 07:28:04.239,1.1915,1.19165,8.00,3.20
2008.12.09 07:28:04.408,1.1915,1.1917,8.00,8.60
2008.12.09 07:28:05.848,1.1915,1.1916,8.00,1.20
2008.12.09 07:28:23.863,1.1915,1.1917,8.00,7.80
2008.12.09 07:28:24.273,1.1915,1.1917,11.40,4.80
2008.12.09 07:28:24.703,1.1915,1.1917,11.40,1.20
2008.12.09 07:28:26.743,1.1915,1.1917,8.00,1.20
2008.12.09 07:28:27.453,1.1915,1.1917,8.00,4.80
2008.12.09 07:28:33.291,1.1915,1.1917,8.00,1.20
2008.12.09 07:28:33.401,1.1915,1.1917,8.00,2.40
2008.12.09 07:28:33.461,1.1915,1.1917,8.00,1.20
2008.12.09 07:28:34.091,1.1915,1.1916,8.00,1.20
2008.12.09 07:28:49.447,1.1915,1.1916,8.00,2.40
2008.12.09 07:28:49.738,1.1915,1.1916,8.00,2.40
2008.12.09 07:28:49.908,1.19125,1.19145,8.00,2.80
2008.12.09 07:28:50.138,1.19115,1.1914,8.00,2.40
2008.12.09 07:28:50.547,1.19115,1.1914,8.00,5.20
2008.12.09 07:28:50.957,1.1912,1.19125,8.00,1.00
2008.12.09 07:28:51.537,1.1912,1.1913,8.00,3.20
2008.12.09 07:28:51.797,1.1912,1.1913,8.00,3.60
2008.12.09 07:28:52.307,1.1912,1.19125,8.00,1.00
2008.12.09 07:28:52.607,1.1912,1.1913,8.00,7.60
2008.12.09 07:28:52.847,1.19085,1.19125,3.40,1.00
2008.12.09 07:28:53.076,1.19085,1.1912,3.40,2.80
2008.12.09 07:28:54.086,1.19095,1.1912,3.40,3.60
2008.12.09 07:28:55.676,1.1909,1.1912,3.00,6.40
2008.12.09 07:28:55.956,1.19085,1.1911,3.40,3.60
2008.12.09 07:28:56.126,1.1908,1.1911,11.40,3.60
2008.12.09 07:28:56.576,1.1908,1.1911,3.40,5.20
2008.12.09 07:28:59.535,1.1908,1.1911,3.40,5.00
2008.12.09 07:28:59.775,1.19085,1.1911,3.40,3.40
2008.12.09 07:29:00.395,1.19085,1.1911,3.40,7.40
2008.12.09 07:29:02.924,1.19085,1.191,3.40,2.00
2008.12.09 07:29:03.334,1.1908,1.191,3.40,2.00
2008.12.09 07:29:03.504,1.1908,1.191,3.40,3.40
2008.12.09 07:29:05.034,1.1908,1.191,3.40,2.60
2008.12.09 07:29:05.733,1.19095,1.1911,3.40,2.00
2008.12.09 07:29:06.414,1.191,1.1911,3.40,2.00
2008.12.09 07:29:06.703,1.191,1.1911,3.40,1.20
2008.12.09 07:29:07.383,1.19105,1.1911,3.40,1.20
2008.12.09 07:29:07.743,1.19105,1.1912,3.40,2.00
2008.12.09 07:29:08.373,1.19105,1.1912,3.40,1.20
2008.12.09 07:29:11.192,1.19105,1.1912,6.60,1.20
2008.12.09 07:29:12.712,1.19105,1.1912,8.20,1.20
2008.12.09 07:29:16.021,1.19105,1.1913,5.00,2.00
2008.12.09 07:29:16.371,1.1911,1.1913,3.40,2.00
2008.12.09 07:29:16.831,1.1911,1.1913,3.40,1.00
2008.12.09 07:29:17.111,1.19115,1.1913,3.40,1.00
2008.12.09 07:29:17.401,1.1912,1.1914,3.40,2.00
2008.12.09 07:29:17.800,1.19115,1.1914,3.40,2.00
2008.12.09 07:29:18.960,1.19105,1.19125,1.60,1.00
2008.12.09 07:29:19.240,1.1909,1.19125,9.80,1.00
2008.12.09 07:29:19.470,1.1909,1.19125,14.60,1.00
2008.12.09 07:29:19.590,1.19095,1.19125,3.40,1.00
2008.12.09 07:29:19.710,1.19095,1.19125,5.00,1.00
2008.12.09 07:29:20.160,1.1911,1.1912,3.40,4.80
2008.12.09 07:29:20.560,1.1911,1.1912,3.40,6.40
2008.12.09 07:29:21.579,1.1911,1.1912,3.40,6.40
2008.12.09 07:29:22.999,1.19115,1.1912,3.40,6.40
2008.12.09 07:29:26.069,1.1911,1.1912,3.40,6.40
2008.12.09 07:29:27.288,1.19115,1.1912,3.40,6.40
2008.12.09 07:29:29.957,1.1912,1.1913,3.00,7.40
2008.12.09 07:29:30.357,1.19115,1.1912,7.90,6.40
2008.12.09 07:29:30.987,1.19115,1.1912,3.40,6.40
2008.12.09 07:29:31.347,1.19115,1.1912,5.00,6.40
2008.12.09 07:29:33.597,1.1912,1.1914,3.00,7.40
2008.12.09 07:29:33.767,1.19115,1.1912,8.70,6.40
2008.12.09 07:29:34.217,1.19115,1.1912,4.90,6.40
2008.12.09 07:29:34.667,1.19115,1.1912,6.30,6.40
2008.12.09 07:29:35.007,1.19115,1.1912,3.40,6.40
2008.12.09 07:29:37.086,1.1911,1.1912,43.40,6.40
2008.12.09 07:29:37.546,1.19115,1.1912,3.40,6.40
2008.12.09 07:29:37.726,1.1913,1.1914,3.00,1.60
2008.12.09 07:29:38.016,1.19125,1.1914,1.60,2.00
2008.12.09 07:29:38.186,1.19115,1.19125,3.40,6.40
2008.12.09 07:29:38.766,1.1911,1.19125,46.60,6.40
2008.12.09 07:29:39.106,1.1911,1.19125,38.60,6.40
2008.12.09 07:29:50.473,1.1911,1.1912,38.60,7.20
2008.12.09 07:29:50.752,1.1911,1.1912,35.20,1.80
2008.12.09 07:29:51.042,1.1911,1.1913,35.20,1.60
2008.12.09 07:29:54.372,1.1911,1.1912,35.20,1.20
2008.12.09 07:29:55.061,1.1911,1.1912,35.20,2.40
2008.12.09 07:29:55.401,1.191,1.1912,3.40,1.00
2008.12.09 07:29:55.761,1.191,1.1911,3.40,1.20
2008.12.09 07:29:56.221,1.19095,1.1911,3.40,1.20
2008.12.09 07:29:56.911,1.19095,1.1911,3.40,1.60
2008.12.09 07:29:57.141,1.19095,1.1911,6.60,1.60
2008.12.09 07:29:57.371,1.19095,1.1911,8.20,1.60
2008.12.09 07:29:57.591,1.19095,1.1911,9.80,1.20
2008.12.09 07:29:58.301,1.19095,1.1911,8.20,1.20
2008.12.09 07:29:58.721,1.19095,1.1911,4.60,1.20
2008.12.09 07:29:58.961,1.1909,1.1911,19.20,1.60
2008.12.09 07:29:59.181,1.1909,1.191,9.60,1.20
2008.12.09 07:29:59.771,1.1908,1.191,16.00,1.20
2008.12.09 07:30:00.060,1.1908,1.191,8.00,1.20
2008.12.09 07:30:00.930,1.1908,1.19095,8.00,1.60
2008.12.09 07:30:01.160,1.1907,1.19095,14.60,1.60
2008.12.09 07:30:01.400,1.1907,1.1909,8.00,1.60
2008.12.09 07:30:01.740,1.1906,1.19075,3.20,1.20
2008.12.09 07:30:02.160,1.1906,1.19075,3.20,1.60
2008.12.09 07:30:02.900,1.1906,1.1907,3.20,1.20
2008.12.09 07:30:03.189,1.19045,1.1908,3.40,6.80
2008.12.09 07:30:03.469,1.19045,1.1908,5.00,6.80
2008.12.09 07:30:03.870,1.1905,1.1907,8.00,1.00
2008.12.09 07:30:04.099,1.1905,1.1907,11.40,1.00
2008.12.09 07:30:04.339,1.19055,1.1907,3.40,1.00
2008.12.09 07:30:04.809,1.1905,1.1907,11.40,1.00
2008.12.09 07:30:05.549,1.19055,1.1907,3.40,1.00
2008.12.09 07:30:07.259,1.1906,1.1907,3.40,1.00
2008.12.09 07:30:07.499,1.19055,1.1907,3.40,1.00
2008.12.09 07:30:07.719,1.1905,1.1907,11.40,1.00
2008.12.09 07:30:09.189,1.1905,1.1907,8.00,1.00
2008.12.09 07:30:09.778,1.1905,1.1907,11.40,1.00
2008.12.09 07:30:10.488,1.1906,1.19085,3.40,1.60
2008.12.09 07:30:10.878,1.19055,1.1909,3.40,9.20
2008.12.09 07:30:11.098,1.19055,1.19085,3.40,1.60
2008.12.09 07:30:11.337,1.19065,1.19085,3.40,1.60
2008.12.09 07:30:11.628,1.1907,1.1909,3.40,1.60
2008.12.09 07:30:11.917,1.1907,1.19095,3.40,3.20
2008.12.09 07:30:12.447,1.1907,1.19095,3.40,1.60
2008.12.09 07:30:12.847,1.1907,1.1909,3.40,1.00
2008.12.09 07:30:13.237,1.1907,1.1909,3.40,2.40
2008.12.09 07:30:13.417,1.1907,1.1909,3.40,1.60
2008.12.09 07:30:13.647,1.1907,1.19095,3.40,1.60
2008.12.09 07:30:14.127,1.1907,1.1909,3.40,1.00
2008.12.09 07:30:15.497,1.1907,1.19095,3.40,1.60
2008.12.09 07:30:15.837,1.1907,1.191,3.40,2.40
2008.12.09 07:30:16.186,1.1907,1.191,3.40,7.20
2008.12.09 07:30:16.536,1.1907,1.19095,3.40,1.60
2008.12.09 07:30:17.046,1.1907,1.191,3.40,4.80
2008.12.09 07:30:17.216,1.1907,1.191,3.40,4.00
2008.12.09 07:30:19.106,1.1907,1.1909,3.40,1.00
2008.12.09 07:30:20.565,1.1907,1.1909,3.40,2.40
2008.12.09 07:30:21.025,1.1907,1.1909,3.40,1.60
2008.12.09 07:30:21.465,1.1907,1.191,3.40,4.80
2008.12.09 07:30:21.585,1.1907,1.19095,3.40,1.60
2008.12.09 07:30:21.865,1.1907,1.191,3.40,4.00
2008.12.09 07:30:21.985,1.1907,1.19105,3.40,6.80
2008.12.09 07:30:22.695,1.1907,1.191,3.40,4.00
2008.12.09 07:30:23.055,1.1907,1.19105,3.40,6.80
2008.12.09 07:30:23.345,1.1907,1.191,3.40,4.80
2008.12.09 07:30:24.714,1.19065,1.191,3.40,7.60
2008.12.09 07:30:24.894,1.19065,1.19095,3.40,1.60
2008.12.09 07:30:25.454,1.1906,1.1909,6.60,2.40
2008.12.09 07:30:25.724,1.19065,1.1909,3.40,2.40
2008.12.09 07:30:25.964,1.19065,1.1909,3.40,4.00
2008.12.09 07:30:26.144,1.19065,1.1909,3.40,2.40
2008.12.09 07:30:27.094,1.1906,1.1909,6.60,10.40
2008.12.09 07:30:27.364,1.1906,1.1908,3.40,1.60
2008.12.09 07:30:27.594,1.1906,1.19075,3.40,1.60
2008.12.09 07:30:27.824,1.1905,1.1907,6.20,4.00
2008.12.09 07:30:28.163,1.1905,1.1908,3.40,14.40
2008.12.09 07:30:28.443,1.1905,1.1908,3.40,12.80
2008.12.09 07:30:28.863,1.1905,1.19075,3.40,3.20
2008.12.09 07:30:29.033,1.19045,1.19075,3.40,1.60
2008.12.09 07:30:29.323,1.19045,1.19075,3.40,3.20
2008.12.09 07:30:29.843,1.19045,1.1907,3.40,4.00
2008.12.09 07:30:30.173,1.1905,1.1907,3.40,4.00
2008.12.09 07:30:30.633,1.1905,1.19075,3.40,3.20
2008.12.09 07:30:31.083,1.19045,1.1907,3.40,4.00
2008.12.09 07:30:31.193,1.19045,1.19075,3.40,3.20
2008.12.09 07:30:31.583,1.19045,1.1907,3.40,4.80
2008.12.09 07:30:31.763,1.1904,1.1907,3.40,4.80
2008.12.09 07:30:32.972,1.1904,1.1907,3.40,8.80
2008.12.09 07:30:33.212,1.1904,1.1907,3.40,10.40
2008.12.09 07:30:33.552,1.1904,1.19065,3.40,1.00
2008.12.09 07:30:33.902,1.1904,1.19065,3.40,2.40
2008.12.09 07:30:34.182,1.1904,1.19065,3.40,4.00
2008.12.09 07:30:34.352,1.1904,1.19065,3.40,2.40
2008.12.09 07:30:34.522,1.19035,1.1906,3.40,4.00
2008.12.09 07:30:34.932,1.19035,1.1905,3.40,6.40
2008.12.09 07:30:35.102,1.1903,1.1905,6.60,1.00
2008.12.09 07:30:35.422,1.19025,1.19055,6.60,1.00
2008.12.09 07:30:35.762,1.1903,1.1906,3.40,12.80
2008.12.09 07:30:36.332,1.1903,1.1906,3.40,9.60
2008.12.09 07:30:36.621,1.1903,1.1906,3.40,8.00
2008.12.09 07:30:36.861,1.1903,1.1906,3.40,13.60
2008.12.09 07:30:37.072,1.1903,1.19055,3.40,1.00
2008.12.09 07:30:37.311,1.1903,1.1906,3.40,14.20
2008.12.09 07:30:37.601,1.1903,1.1906,3.40,9.40
2008.12.09 07:30:37.891,1.1903,1.1906,3.40,6.20
2008.12.09 07:30:38.461,1.1903,1.1906,6.60,6.20
2008.12.09 07:30:38.761,1.1903,1.1906,6.60,5.40
2008.12.09 07:30:39.101,1.1903,1.1906,9.80,5.40
2008.12.09 07:30:39.621,1.1903,1.1906,6.60,5.40
2008.12.09 07:30:39.911,1.1904,1.1906,3.40,5.40
2008.12.09 07:30:40.121,1.1904,1.1906,3.40,1.00
2008.12.09 07:30:40.750,1.19045,1.1907,3.40,5.40
2008.12.09 07:30:43.640,1.19045,1.1907,3.40,6.20
2008.12.09 07:30:44.090,1.19035,1.19065,1.60,2.80
2008.12.09 07:30:44.270,1.19035,1.1906,8.20,1.00
2008.12.09 07:30:44.380,1.19035,1.1906,6.60,1.00
2008.12.09 07:30:47.399,1.19035,1.1906,13.00,1.00
2008.12.09 07:30:47.729,1.19045,1.1907,3.40,1.00
2008.12.09 07:30:49.818,1.19035,1.1906,6.60,1.00
2008.12.09 07:30:50.110,1.1904,1.1906,3.40,1.00
2008.12.09 07:30:51.208,1.19035,1.1906,8.20,1.00
2008.12.09 07:30:51.488,1.1904,1.1906,5.00,1.00
2008.12.09 07:30:53.627,1.1904,1.1906,3.40,1.00
2008.12.09 07:30:56.387,1.19045,1.1907,3.40,4.80
2008.12.09 07:30:56.437,1.19045,1.1908,3.40,12.20
2008.12.09 07:30:56.657,1.1904,1.19075,9.80,2.80
2008.12.09 07:30:56.717,1.1904,1.19075,6.60,2.80
2008.12.09 07:30:56.827,1.1904,1.1907,12.20,1.00
2008.12.09 07:30:58.316,1.19045,1.1907,3.40,1.00
2008.12.09 07:30:59.136,1.19045,1.1907,6.60,1.00
2008.12.09 07:30:59.536,1.19045,1.1907,3.40,1.00
2008.12.09 07:31:00.116,1.1904,1.1907,8.60,3.40
2008.12.09 07:31:00.296,1.1904,1.1906,3.40,1.00
2008.12.09 07:31:01.875,1.19045,1.1906,3.40,1.00
2008.12.09 07:31:02.105,1.19045,1.19085,6.60,12.20
2008.12.09 07:31:02.276,1.19045,1.1907,9.80,16.00
2008.12.09 07:31:02.565,1.19045,1.1907,6.60,16.00
2008.12.09 07:31:02.795,1.19045,1.1907,3.40,16.00
2008.12.09 07:31:04.155,1.1905,1.19065,3.40,16.00
2008.12.09 07:31:04.565,1.19055,1.19065,6.60,16.00
2008.12.09 07:31:05.135,1.19055,1.19065,6.60,16.00
2008.12.09 07:31:05.466,1.19055,1.19065,3.40,16.00
2008.12.09 07:31:06.314,1.19055,1.19065,6.60,16.00
2008.12.09 07:31:06.655,1.1906,1.19065,8.00,14.40
2008.12.09 07:31:06.944,1.1906,1.19065,11.40,12.60
2008.12.09 07:31:07.344,1.1906,1.19065,11.40,10.40
2008.12.09 07:31:07.574,1.1906,1.19065,11.40,8.80
2008.12.09 07:31:08.164,1.1906,1.19065,3.40,8.80
2008.12.09 07:31:08.504,1.1906,1.19065,8.00,8.80
2008.12.09 07:31:08.864,1.19065,1.1908,3.40,20.70
2008.12.09 07:31:08.984,1.19075,1.1908,6.60,20.30
2008.12.09 07:31:09.274,1.19075,1.1908,6.60,26.20
2008.12.09 07:31:09.384,1.19085,1.1912,3.00,10.80
2008.12.09 07:31:09.564,1.19085,1.1912,3.00,8.00
2008.12.09 07:31:09.674,1.19085,1.1912,3.00,13.60
2008.12.09 07:31:09.903,1.19085,1.1912,3.00,8.20
2008.12.09 07:31:10.014,1.19085,1.1911,3.00,1.20
2008.12.09 07:31:10.463,1.1908,1.191,1.00,1.00
2008.12.09 07:31:10.843,1.1909,1.1911,1.60,1.00
2008.12.09 07:31:11.303,1.19085,1.1911,3.40,1.00
2008.12.09 07:31:11.463,1.19085,1.1911,5.00,1.00
2008.12.09 07:31:11.924,1.19085,1.1911,3.40,1.00
2008.12.09 07:31:12.543,1.19085,1.191,3.40,16.00
2008.12.09 07:31:14.073,1.1908,1.191,12.40,16.00
2008.12.09 07:31:14.192,1.1908,1.191,4.40,16.00
2008.12.09 07:31:14.612,1.1908,1.191,1.00,16.00
2008.12.09 07:31:14.842,1.1908,1.191,1.00,16.20
2008.12.09 07:31:14.952,1.1908,1.191,1.00,17.00
2008.12.09 07:31:15.472,1.1907,1.19095,4.40,1.60
2008.12.09 07:31:16.212,1.1907,1.191,1.00,30.40
2008.12.09 07:31:16.332,1.1907,1.19095,1.00,1.60
2008.12.09 07:31:16.452,1.1907,1.1909,1.00,4.80
2008.12.09 07:31:16.562,1.1907,1.19095,1.00,1.60
2008.12.09 07:31:17.082,1.1907,1.1909,1.00,4.80
2008.12.09 07:31:17.312,1.19065,1.1909,3.40,5.00
2008.12.09 07:31:17.671,1.1906,1.1909,4.40,4.20
2008.12.09 07:31:18.031,1.1906,1.1909,4.40,1.00
2008.12.09 07:31:18.371,1.1906,1.1909,6.00,1.00
2008.12.09 07:31:18.591,1.19075,1.1909,3.00,1.00
2008.12.09 07:31:18.821,1.19075,1.19095,3.20,4.40
2008.12.09 07:31:19.041,1.19075,1.19095,3.20,3.20
2008.12.09 07:31:19.271,1.19075,1.19095,3.20,4.80
2008.12.09 07:31:19.911,1.1908,1.19095,6.20,4.80
2008.12.09 07:31:20.141,1.1908,1.19095,9.40,4.80
2008.12.09 07:31:20.361,1.1908,1.19095,6.40,1.60
2008.12.09 07:31:20.641,1.1908,1.19095,6.40,5.20
2008.12.09 07:31:20.871,1.1908,1.1909,6.40,4.80
2008.12.09 07:31:21.171,1.1908,1.19095,6.40,3.20
2008.12.09 07:31:21.441,1.1908,1.191,6.40,20.00
2008.12.09 07:31:22.361,1.1908,1.19085,6.40,16.00
2008.12.09 07:31:23.240,1.1908,1.19085,1.20,16.00
2008.12.09 07:31:24.041,1.1907,1.1908,2.00,16.00
2008.12.09 07:31:26.050,1.1906,1.1907,4.40,1.00
2008.12.09 07:31:26.229,1.19045,1.1907,10.80,7.20
2008.12.09 07:31:26.560,1.19045,1.1907,2.00,5.60
2008.12.09 07:31:27.269,1.19045,1.1907,2.00,6.40
2008.12.09 07:31:28.549,1.19055,1.19075,3.40,3.20
2008.12.09 07:31:28.819,1.1906,1.1908,5.60,16.00
2008.12.09 07:31:30.159,1.1907,1.1908,1.20,16.00
2008.12.09 07:31:38.996,1.1908,1.19095,1.20,17.80
2008.12.09 07:31:40.916,1.1907,1.1908,1.00,16.00
2008.12.09 07:31:43.915,1.1907,1.1908,4.00,16.00
2008.12.09 07:31:44.085,1.1908,1.1909,1.00,28.00
2008.12.09 07:31:46.135,1.19075,1.1908,1.60,16.00
2008.12.09 07:31:46.545,1.1907,1.1908,8.20,13.80
2008.12.09 07:31:47.175,1.1907,1.1908,8.20,12.20
2008.12.09 07:31:47.525,1.1907,1.1908,9.80,12.20
2008.12.09 07:31:48.744,1.1907,1.1908,8.20,12.20
2008.12.09 07:31:52.543,1.1907,1.1908,9.80,12.20
2008.12.09 07:31:53.124,1.1907,1.1908,9.80,11.20
2008.12.09 07:31:54.193,1.19075,1.1908,3.00,10.60
2008.12.09 07:31:54.363,1.19075,1.1908,6.20,10.60
2008.12.09 07:31:54.703,1.19075,1.1908,1.60,10.60
2008.12.09 07:31:54.943,1.1907,1.1908,8.20,10.60
2008.12.09 07:31:55.353,1.19075,1.1908,1.60,10.60
2008.12.09 07:31:55.702,1.19065,1.1908,6.60,10.60
2008.12.09 07:31:56.092,1.19065,1.1908,4.60,10.60
2008.12.09 07:31:56.732,1.1907,1.1908,3.00,10.60
2008.12.09 07:31:57.012,1.19065,1.1908,13.00,10.60
2008.12.09 07:31:57.242,1.19065,1.1908,11.40,10.60
2008.12.09 07:31:58.572,1.19075,1.1908,1.60,7.60
2008.12.09 07:31:58.862,1.1907,1.1908,1.60,7.60
2008.12.09 07:31:59.032,1.19075,1.1908,1.60,1.80
2008.12.09 07:31:59.322,1.19065,1.1908,11.40,1.00
2008.12.09 07:31:59.442,1.19065,1.1908,6.60,1.00
2008.12.09 07:32:00.061,1.19065,1.1908,3.40,1.00
2008.12.09 07:32:00.361,1.1905,1.1908,17.80,5.00
2008.12.09 07:32:00.681,1.1905,1.1908,11.40,1.00
2008.12.09 07:32:00.961,1.1905,1.1908,14.60,1.00
2008.12.09 07:32:01.531,1.1905,1.1908,16.20,1.00
2008.12.09 07:32:01.771,1.19065,1.1908,3.00,1.00
2008.12.09 07:32:04.900,1.19065,1.1908,11.40,1.00
2008.12.09 07:32:05.060,1.19065,1.1908,9.80,1.00
2008.12.09 07:32:05.220,1.1906,1.1908,13.40,1.00
2008.12.09 07:32:05.450,1.1906,1.1908,8.00,1.00
2008.12.09 07:32:06.250,1.1905,1.1908,18.60,1.00
2008.12.09 07:32:06.730,1.19055,1.1908,6.60,1.00
2008.12.09 07:32:07.180,1.1906,1.1908,3.00,1.00
2008.12.09 07:32:07.649,1.1907,1.1908,3.00,1.00
2008.12.09 07:32:07.870,1.1906,1.1908,17.80,1.00
2008.12.09 07:32:08.219,1.1906,1.1908,19.40,1.00
2008.12.09 07:32:08.519,1.1906,1.1908,11.40,1.00
2008.12.09 07:32:08.799,1.1906,1.1908,7.80,1.00
2008.12.09 07:32:09.189,1.1906,1.1908,3.00,1.00
2008.12.09 07:32:09.369,1.1906,1.1908,11.00,1.00
2008.12.09 07:32:10.519,1.1906,1.1908,4.60,1.00
2008.12.09 07:32:11.218,1.1906,1.1908,4.60,3.00
2008.12.09 07:32:11.439,1.1906,1.1908,4.60,7.80
2008.12.09 07:32:11.558,1.1906,1.1908,3.00,7.80
2008.12.09 07:32:11.719,1.1906,1.1908,3.00,5.00
2008.12.09 07:32:11.898,1.1906,1.1908,3.00,1.00
2008.12.09 07:32:12.299,1.19055,1.1908,11.40,1.00
2008.12.09 07:32:12.578,1.19055,1.1908,9.80,1.00
2008.12.09 07:32:13.148,1.19055,1.1908,3.00,4.20
2008.12.09 07:32:13.938,1.19055,1.1907,3.00,1.00
2008.12.09 07:32:18.717,1.19055,1.1907,1.60,1.00
2008.12.09 07:32:19.007,1.1905,1.1907,23.40,1.00
2008.12.09 07:32:19.117,1.1905,1.1907,15.00,1.00
2008.12.09 07:32:19.297,1.1905,1.1907,11.80,1.00
2008.12.09 07:32:19.527,1.1905,1.1907,8.00,1.00
2008.12.09 07:32:19.577,1.19045,1.1907,11.40,1.00
2008.12.09 07:32:20.446,1.19045,1.1907,4.60,3.60
2008.12.09 07:32:20.716,1.19045,1.1907,1.60,8.40
2008.12.09 07:32:20.996,1.1905,1.1907,3.00,5.60
2008.12.09 07:32:21.336,1.1905,1.1907,4.60,5.60
2008.12.09 07:32:21.566,1.1905,1.1907,9.80,1.00
2008.12.09 07:32:22.836,1.1905,1.1907,9.80,1.00
2008.12.09 07:32:23.186,1.1906,1.1908,3.00,1.00
2008.12.09 07:32:23.546,1.1906,1.1908,6.60,1.00
2008.12.09 07:32:24.585,1.1906,1.1908,3.00,1.00
2008.12.09 07:32:30.494,1.19055,1.1908,5.00,1.00
2008.12.09 07:32:30.674,1.19055,1.1908,3.40,1.00
2008.12.09 07:32:34.293,1.1906,1.1908,3.00,1.00
2008.12.09 07:32:34.653,1.19055,1.1908,5.00,1.00
2008.12.09 07:32:35.163,1.19055,1.1908,3.40,1.00
2008.12.09 07:32:41.661,1.19055,1.1908,6.60,1.00
2008.12.09 07:32:41.721,1.1906,1.1908,3.40,1.00
2008.12.09 07:32:42.751,1.1905,1.1908,6.40,3.00
2008.12.09 07:32:43.101,1.1905,1.1908,1.60,9.40
2008.12.09 07:32:43.331,1.1905,1.1908,3.40,6.60
2008.12.09 07:32:45.880,1.19045,1.1908,8.20,9.40
2008.12.09 07:32:46.110,1.19045,1.1907,3.40,1.00
2008.12.09 07:32:55.758,1.1905,1.1907,4.60,1.00
2008.12.09 07:32:55.938,1.1905,1.1907,11.80,1.00
2008.12.09 07:32:56.118,1.1905,1.1907,8.60,1.00
2008.12.09 07:32:56.298,1.19045,1.1907,3.40,1.00
2008.12.09 07:32:56.928,1.1905,1.1907,3.40,1.00
2008.12.09 07:32:57.047,1.1905,1.1908,3.40,7.00
2008.12.09 07:32:58.457,1.1905,1.19075,3.40,1.00
2008.12.09 07:32:58.807,1.19045,1.19075,3.40,1.00
2008.12.09 07:33:05.875,1.19045,1.19075,6.60,1.00
2008.12.09 07:33:06.675,1.19045,1.19075,3.40,1.00
2008.12.09 07:33:16.133,1.19045,1.1907,3.40,1.00
2008.12.09 07:33:16.303,1.19045,1.1907,3.40,2.00
2008.12.09 07:33:16.823,1.1904,1.1907,4.80,4.80
2008.12.09 07:33:17.063,1.1904,1.1906,3.40,1.00
2008.12.09 07:33:18.172,1.19035,1.1906,6.60,1.00
2008.12.09 07:33:18.412,1.1904,1.1906,3.40,1.00
2008.12.09 07:33:19.202,1.19035,1.1906,3.40,1.00
2008.12.09 07:33:20.372,1.19035,1.1906,3.40,7.20
2008.12.09 07:33:20.602,1.19035,1.1906,3.40,2.40
2008.12.09 07:33:21.182,1.19035,1.1906,3.40,7.20
2008.12.09 07:33:21.292,1.19035,1.1906,3.40,2.40
2008.12.09 07:33:21.822,1.19035,1.1905,3.40,1.00
2008.12.09 07:33:21.992,1.19025,1.1905,3.40,1.00
2008.12.09 07:33:22.102,1.19025,1.1905,3.40,7.20
2008.12.09 07:33:22.562,1.19025,1.1905,3.40,2.40
2008.12.09 07:33:23.491,1.19025,1.1904,3.40,1.00
2008.12.09 07:33:23.771,1.1902,1.1904,11.40,1.00
2008.12.09 07:33:24.011,1.1902,1.1904,3.40,2.40
2008.12.09 07:33:24.241,1.19015,1.1904,3.40,7.20
2008.12.09 07:33:24.531,1.19015,1.1904,3.40,2.40
2008.12.09 07:33:25.750,1.1901,1.1904,16.20,2.40
2008.12.09 07:33:25.920,1.1901,1.1904,11.40,7.20
2008.12.09 07:33:29.690,1.19015,1.1904,3.40,7.20
2008.12.09 07:33:29.860,1.19015,1.1903,3.40,2.40
2008.12.09 07:33:30.200,1.1901,1.1903,11.40,2.40
2008.12.09 07:33:30.430,1.1901,1.1903,3.40,2.40
2008.12.09 07:33:30.850,1.19005,1.1902,3.00,1.00
2008.12.09 07:33:31.259,1.19,1.1902,11.40,2.40
2008.12.09 07:33:31.699,1.19,1.1902,5.00,2.40
2008.12.09 07:33:31.939,1.19,1.1902,3.40,2.40
2008.12.09 07:33:32.869,1.19,1.1903,11.40,2.40
2008.12.09 07:33:33.229,1.18995,1.19015,1.60,4.80
2008.12.09 07:33:33.579,1.1898,1.1901,15.00,1.00
2008.12.09 07:33:33.909,1.1898,1.1901,6.20,1.00
2008.12.09 07:33:34.199,1.18985,1.19015,3.00,5.20
2008.12.09 07:33:34.478,1.18985,1.1901,3.00,10.00
2008.12.09 07:33:34.719,1.18985,1.1901,4.60,5.20
2008.12.09 07:33:34.899,1.18985,1.1901,4.60,8.40
2008.12.09 07:33:35.128,1.18985,1.1901,4.60,18.00
2008.12.09 07:33:35.528,1.18985,1.1901,4.60,21.20
2008.12.09 07:33:36.088,1.18995,1.1901,6.60,19.20
2008.12.09 07:33:36.438,1.18995,1.1901,3.40,19.20
2008.12.09 07:33:36.898,1.1899,1.1901,15.00,19.20
2008.12.09 07:33:37.078,1.18985,1.1901,8.20,1.00
2008.12.09 07:33:37.258,1.18985,1.1901,6.60,1.00
2008.12.09 07:33:37.678,1.18985,1.1901,3.40,2.40
2008.12.09 07:33:38.038,1.1898,1.1901,17.80,2.40
2008.12.09 07:33:38.728,1.1898,1.19005,4.60,1.00
2008.12.09 07:33:39.008,1.1898,1.19005,3.00,1.00
2008.12.09 07:33:39.247,1.1898,1.19,3.00,1.60
2008.12.09 07:33:40.737,1.18975,1.19,8.20,4.00
2008.12.09 07:33:41.127,1.18975,1.19,6.60,4.00
2008.12.09 07:33:42.286,1.1898,1.19,6.60,3.20
2008.12.09 07:33:42.457,1.1898,1.19,6.60,2.40
2008.12.09 07:33:42.687,1.18975,1.19,8.20,3.20
2008.12.09 07:33:42.927,1.1898,1.19,3.00,2.40
2008.12.09 07:33:43.276,1.18975,1.19,8.20,2.40
2008.12.09 07:33:43.626,1.18975,1.19,6.60,3.20
2008.12.09 07:33:44.487,1.1898,1.19,3.00,1.00
2008.12.09 07:33:45.076,1.18975,1.19,6.60,1.00
2008.12.09 07:33:45.306,1.1898,1.19,3.00,1.00
2008.12.09 07:33:45.766,1.1898,1.19,3.00,2.40
2008.12.09 07:33:45.986,1.1897,1.19,16.60,6.00
2008.12.09 07:33:46.316,1.1897,1.19,7.80,7.60
2008.12.09 07:33:46.616,1.1897,1.1899,3.00,1.00
2008.12.09 07:33:47.166,1.1897,1.1899,4.60,2.40
2008.12.09 07:33:47.455,1.1897,1.1899,3.00,5.20
2008.12.09 07:33:48.745,1.18965,1.1899,1.60,5.20
2008.12.09 07:33:49.095,1.18955,1.1899,9.80,10.00
2008.12.09 07:33:49.665,1.1896,1.1899,3.40,7.20
2008.12.09 07:33:49.785,1.18965,1.1899,3.00,7.20
2008.12.09 07:33:49.965,1.1896,1.1899,12.20,7.20
2008.12.09 07:33:50.425,1.1896,1.1899,14.60,7.20
2008.12.09 07:33:50.645,1.18965,1.1899,6.60,5.60
2008.12.09 07:33:50.815,1.1897,1.1899,8.00,4.80
2008.12.09 07:33:51.034,1.18975,1.19,3.00,7.20
2008.12.09 07:33:51.815,1.18975,1.19,6.60,5.60
2008.12.09 07:33:52.394,1.18975,1.19,6.60,2.40
2008.12.09 07:33:52.624,1.18975,1.19,8.20,2.40
2008.12.09 07:33:53.134,1.1898,1.19,7.80,2.40
2008.12.09 07:33:53.474,1.1899,1.19,3.00,2.40
2008.12.09 07:33:53.854,1.18985,1.19,8.20,1.60
2008.12.09 07:33:54.254,1.18985,1.1901,8.20,1.60
2008.12.09 07:33:54.534,1.1899,1.1901,3.00,9.60
2008.12.09 07:33:55.513,1.1899,1.1901,4.60,9.60
2008.12.09 07:33:57.173,1.1899,1.1901,1.60,10.40
2008.12.09 07:33:57.463,1.1899,1.1901,1.60,1.60
2008.12.09 07:33:57.683,1.18985,1.1901,6.60,1.60
2008.12.09 07:33:57.783,1.18985,1.1901,8.20,1.60
2008.12.09 07:33:58.183,1.18985,1.1901,9.80,9.60
2008.12.09 07:33:58.603,1.1899,1.1901,1.60,15.20
2008.12.09 07:33:59.063,1.18995,1.19035,6.60,11.60
2008.12.09 07:33:59.233,1.18995,1.19035,8.20,11.60
2008.12.09 07:33:59.352,1.18995,1.19035,11.40,11.60
2008.12.09 07:34:01.682,1.18995,1.1903,8.20,11.60
2008.12.09 07:34:01.912,1.18995,1.1903,11.40,11.60
2008.12.09 07:34:01.962,1.18995,1.1903,13.00,11.60
2008.12.09 07:34:02.192,1.19,1.1903,3.40,8.80
2008.12.09 07:34:02.852,1.19005,1.1903,3.00,8.80
2008.12.09 07:34:03.202,1.19005,1.1903,6.60,4.80
2008.12.09 07:34:03.542,1.19005,1.1902,3.00,3.20
2008.12.09 07:34:03.781,1.19005,1.1902,3.00,4.00
2008.12.09 07:34:04.241,1.18995,1.1902,3.00,4.00
2008.12.09 07:34:04.471,1.18995,1.1902,6.60,4.00
2008.12.09 07:34:04.911,1.18995,1.1902,6.60,1.00
2008.12.09 07:34:05.021,1.19,1.1903,5.00,12.00
2008.12.09 07:34:05.141,1.19,1.1903,6.60,8.80
2008.12.09 07:34:05.371,1.19,1.1903,15.40,8.80
2008.12.09 07:34:05.591,1.19015,1.1903,3.00,4.00
2008.12.09 07:34:08.071,1.19005,1.1903,1.60,2.40
2008.12.09 07:34:08.370,1.19,1.1903,8.20,2.40
2008.12.09 07:34:11.849,1.19005,1.1903,3.00,2.40
2008.12.09 07:34:12.600,1.19,1.19015,1.60,1.00
2008.12.09 07:34:12.779,1.18985,1.1902,6.60,8.80
2008.12.09 07:34:13.010,1.18985,1.1902,6.60,4.00
2008.12.09 07:34:13.359,1.18985,1.1902,6.60,2.40
2008.12.09 07:34:14.059,1.1899,1.19015,4.80,1.60
2008.12.09 07:34:14.399,1.1899,1.1902,1.60,10.00
2008.12.09 07:34:14.589,1.1899,1.1902,8.00,10.00
2008.12.09 07:34:14.749,1.1899,1.1902,11.40,7.20
2008.12.09 07:34:14.919,1.1899,1.1902,3.40,7.20
2008.12.09 07:34:15.089,1.1899,1.1902,11.40,7.20
2008.12.09 07:34:16.878,1.1899,1.1902,3.40,7.20
2008.12.09 07:34:17.518,1.1899,1.1902,3.40,15.20
2008.12.09 07:34:17.988,1.18985,1.19005,6.60,16.00
2008.12.09 07:34:18.148,1.18985,1.19005,9.80,16.00
2008.12.09 07:34:18.258,1.18985,1.19005,6.60,16.00
2008.12.09 07:34:19.168,1.18985,1.19005,9.80,16.00
2008.12.09 07:34:19.698,1.18985,1.19005,11.40,16.00
2008.12.09 07:34:19.998,1.1899,1.19005,3.00,16.00
2008.12.09 07:34:20.218,1.1899,1.19005,4.60,16.00
2008.12.09 07:34:23.617,1.18995,1.19005,4.60,16.00
2008.12.09 07:34:24.207,1.18995,1.19005,1.60,16.00
2008.12.09 07:34:24.427,1.1899,1.19005,6.60,16.00
2008.12.09 07:34:24.996,1.1899,1.19005,8.20,16.00
2008.12.09 07:34:25.786,1.18995,1.19005,3.00,16.00
2008.12.09 07:34:27.836,1.1899,1.19005,13.00,16.00
2008.12.09 07:34:28.185,1.1899,1.19005,6.60,16.00
2008.12.09 07:34:28.576,1.1899,1.19005,3.00,16.00
2008.12.09 07:34:29.385,1.18985,1.19005,3.20,16.00
2008.12.09 07:34:29.615,1.1898,1.19005,11.40,16.00
2008.12.09 07:34:29.905,1.1898,1.19005,8.00,16.00
2008.12.09 07:34:30.145,1.18975,1.18995,3.40,1.00
2008.12.09 07:34:30.555,1.1898,1.18995,6.60,1.00
2008.12.09 07:34:30.795,1.18985,1.18995,3.00,1.00
2008.12.09 07:34:32.175,1.18985,1.18995,6.60,1.00
2008.12.09 07:34:32.534,1.1899,1.18995,6.60,1.00
2008.12.09 07:34:35.225,1.1899,1.19005,6.60,11.20
2008.12.09 07:34:35.344,1.1899,1.19005,14.60,11.20
2008.12.09 07:34:35.404,1.1899,1.1901,14.60,1.00
2008.12.09 07:34:35.624,1.18995,1.1902,1.60,1.00
2008.12.09 07:34:36.094,1.1899,1.1902,21.00,1.00
2008.12.09 07:34:36.383,1.18995,1.1902,6.60,1.00
2008.12.09 07:34:36.624,1.18995,1.1902,5.00,1.00
2008.12.09 07:34:37.443,1.18995,1.1902,3.40,1.00
2008.12.09 07:34:37.843,1.19,1.1902,3.40,1.00
2008.12.09 07:34:38.193,1.19,1.1902,9.80,1.00
2008.12.09 07:34:38.883,1.19,1.1902,8.60,1.00
2008.12.09 07:34:39.053,1.18995,1.1903,6.60,4.20
2008.12.09 07:34:39.293,1.19,1.1903,3.00,3.40
2008.12.09 07:34:39.473,1.19,1.1903,8.20,1.00
2008.12.09 07:34:39.873,1.19,1.1903,14.60,1.00
2008.12.09 07:34:40.043,1.19,1.1903,25.00,1.00
2008.12.09 07:34:40.403,1.19,1.1903,26.60,1.00
2008.12.09 07:34:42.802,1.19005,1.1903,1.60,1.00
2008.12.09 07:34:43.032,1.19015,1.1903,3.00,1.00
2008.12.09 07:34:43.322,1.19015,1.1904,4.60,1.00
2008.12.09 07:34:43.612,1.1902,1.1904,4.80,1.00
2008.12.09 07:34:48.131,1.19015,1.1903,3.00,1.00
2008.12.09 07:34:48.971,1.1901,1.1903,12.80,1.00
2008.12.09 07:34:49.431,1.19005,1.1903,1.60,1.00
2008.12.09 07:34:50.151,1.19,1.1903,21.80,1.00
2008.12.09 07:34:50.450,1.19,1.1903,20.20,1.00
2008.12.09 07:34:50.800,1.19,1.1902,9.80,1.00
2008.12.09 07:34:51.190,1.19,1.1902,8.20,1.00
2008.12.09 07:34:51.530,1.19,1.1902,9.80,1.00
2008.12.09 07:34:52.470,1.19,1.1902,8.20,1.00
2008.12.09 07:34:52.800,1.19,1.1902,9.80,1.00
2008.12.09 07:34:53.130,1.19,1.1902,8.20,1.00
2008.12.09 07:34:53.469,1.19,1.1902,9.80,1.00
2008.12.09 07:34:54.339,1.19,1.1902,8.20,1.00
2008.12.09 07:34:56.569,1.19,1.1902,4.80,1.00
2008.12.09 07:35:00.318,1.19,1.1902,7.80,1.00
2008.12.09 07:35:00.668,1.19,1.1902,15.80,1.00
2008.12.09 07:35:00.888,1.19,1.1902,7.80,1.00
2008.12.09 07:35:01.227,1.19005,1.1902,3.00,1.00
2008.12.09 07:35:01.338,1.19005,1.1903,3.00,3.40
2008.12.09 07:35:01.908,1.1901,1.1903,4.80,1.00
2008.12.09 07:35:02.197,1.19005,1.1903,1.60,1.00
2008.12.09 07:35:02.477,1.19,1.1903,23.40,1.00
2008.12.09 07:35:03.247,1.19,1.1903,21.80,1.00
2008.12.09 07:35:03.477,1.19,1.1903,11.40,1.00
2008.12.09 07:35:03.707,1.19,1.1903,16.20,1.00
2008.12.09 07:35:04.007,1.19,1.1903,20.20,1.00
2008.12.09 07:35:04.297,1.19,1.1903,23.40,1.00
2008.12.09 07:35:04.527,1.19,1.1903,21.80,1.00
2008.12.09 07:35:04.787,1.19,1.1903,20.20,1.00
2008.12.09 07:35:04.957,1.19,1.1903,11.40,1.00
2008.12.09 07:35:05.197,1.19,1.1903,4.80,3.40
2008.12.09 07:35:05.477,1.19,1.1903,6.40,3.40
2008.12.09 07:35:05.837,1.19,1.1902,4.80,1.00
2008.12.09 07:35:07.166,1.19,1.1902,6.40,1.00
2008.12.09 07:35:08.046,1.19,1.1902,4.80,1.00
2008.12.09 07:35:14.025,1.18995,1.1902,4.60,3.20
2008.12.09 07:35:18.444,1.18995,1.1902,3.00,3.20
2008.12.09 07:35:23.372,1.18995,1.1901,3.00,1.00
2008.12.09 07:35:25.292,1.1899,1.1901,11.80,1.00
2008.12.09 07:35:25.512,1.1899,1.1901,3.00,1.00
2008.12.09 07:35:26.082,1.18965,1.19,8.20,1.00
2008.12.09 07:35:26.382,1.18965,1.19,3.40,4.80
2008.12.09 07:35:26.662,1.1896,1.19,6.60,7.60
2008.12.09 07:35:27.051,1.1896,1.19,3.40,7.60
2008.12.09 07:35:27.231,1.18965,1.19,6.60,7.60
2008.12.09 07:35:27.401,1.18965,1.19,9.80,7.60
2008.12.09 07:35:27.581,1.1897,1.19,4.80,2.80
2008.12.09 07:35:27.911,1.1897,1.19,8.20,1.00
2008.12.09 07:35:28.251,1.1897,1.19,11.40,4.80
2008.12.09 07:35:28.551,1.1897,1.19,5.00,1.00
2008.12.09 07:35:29.311,1.1897,1.19,3.40,1.00
2008.12.09 07:35:32.820,1.18965,1.19,5.00,2.80
2008.12.09 07:35:33.340,1.18965,1.18995,1.60,2.80
2008.12.09 07:35:36.119,1.18965,1.18995,1.60,3.60
2008.12.09 07:35:36.459,1.1896,1.1899,17.00,1.00
2008.12.09 07:35:36.739,1.1896,1.1899,13.40,1.00
2008.12.09 07:35:36.959,1.1896,1.1899,9.40,2.80
2008.12.09 07:35:37.129,1.1896,1.1899,7.80,2.80
2008.12.09 07:35:40.678,1.18965,1.1899,3.00,1.00
2008.12.09 07:35:41.018,1.18965,1.1899,4.60,1.00
2008.12.09 07:35:41.358,1.1896,1.1899,20.20,1.00
2008.12.09 07:35:42.678,1.1896,1.1899,15.40,1.00
2008.12.09 07:35:42.908,1.1896,1.1899,8.20,1.00
2008.12.09 07:35:43.198,1.1896,1.1899,8.00,2.80
2008.12.09 07:35:43.557,1.1896,1.18975,8.00,1.00
2008.12.09 07:35:43.897,1.1896,1.18975,4.80,1.60
2008.12.09 07:35:44.347,1.18965,1.18975,3.00,1.60
2008.12.09 07:35:44.817,1.1896,1.1897,8.00,1.60
2008.12.09 07:35:44.988,1.1896,1.1897,4.80,1.60
2008.12.09 07:35:45.207,1.18955,1.1897,5.00,1.60
2008.12.09 07:35:45.377,1.18955,1.1897,3.40,1.60
2008.12.09 07:35:45.547,1.1895,1.1897,16.60,1.60
2008.12.09 07:35:45.887,1.18945,1.1897,11.40,1.60
2008.12.09 07:35:46.237,1.18945,1.1897,6.60,1.60
2008.12.09 07:35:46.587,1.18945,1.1897,3.00,1.00
2008.12.09 07:35:48.956,1.18945,1.1897,4.60,1.00
2008.12.09 07:35:49.246,1.1895,1.1897,3.00,1.00
2008.12.09 07:35:49.366,1.1895,1.1897,4.60,1.00
2008.12.09 07:35:49.706,1.1895,1.1897,1.60,1.00
2008.12.09 07:35:49.886,1.18945,1.1897,4.60,1.00
2008.12.09 07:35:49.946,1.18945,1.1897,3.00,1.00
2008.12.09 07:35:51.206,1.1894,1.1897,12.20,4.80
2008.12.09 07:35:51.445,1.1894,1.1897,3.40,6.40
2008.12.09 07:35:52.065,1.1894,1.1897,3.40,4.80
2008.12.09 07:35:52.175,1.1894,1.18955,3.40,1.00
2008.12.09 07:35:52.295,1.18935,1.18955,3.20,1.00
2008.12.09 07:35:52.585,1.18935,1.18955,1.60,1.00
2008.12.09 07:35:56.824,1.18915,1.18935,5.00,1.00
2008.12.09 07:35:57.154,1.18915,1.18935,3.40,1.00
2008.12.09 07:35:57.964,1.18915,1.1894,6.60,5.60
2008.12.09 07:35:58.314,1.18915,1.18935,3.40,1.00
2008.12.09 07:36:00.533,1.1891,1.18935,11.00,1.00
2008.12.09 07:36:00.893,1.18915,1.1894,3.00,7.60
2008.12.09 07:36:01.063,1.18915,1.1894,3.00,4.80
2008.12.09 07:36:01.173,1.18915,1.1894,3.00,1.00
2008.12.09 07:36:04.052,1.18915,1.1894,6.60,1.00
2008.12.09 07:36:05.132,1.1892,1.1894,3.00,1.00
2008.12.09 07:36:05.542,1.18915,1.1894,11.40,1.00
2008.12.09 07:36:05.832,1.18915,1.1895,9.80,10.00
2008.12.09 07:36:06.132,1.1892,1.1895,3.40,4.80
2008.12.09 07:36:06.982,1.18925,1.1895,3.40,4.80
2008.12.09 07:36:07.671,1.1892,1.1895,3.40,4.80
2008.12.09 07:36:09.471,1.1892,1.18945,3.40,1.00
2008.12.09 07:36:10.621,1.18925,1.1895,3.00,9.00
2008.12.09 07:36:10.741,1.18925,1.1895,3.00,5.80
2008.12.09 07:36:11.601,1.1892,1.18945,3.00,1.00
2008.12.09 07:36:17.619,1.1892,1.18945,3.00,1.00
2008.12.09 07:36:18.789,1.18915,1.1893,3.20,2.80
2008.12.09 07:36:19.069,1.18915,1.1892,3.40,6.40
2008.12.09 07:36:19.699,1.1891,1.1892,3.40,6.40
2008.12.09 07:36:21.888,1.18915,1.1892,3.00,6.40
2008.12.09 07:36:22.178,1.1891,1.1892,8.60,6.40
2008.12.09 07:36:22.358,1.189,1.1891,11.80,1.60
2008.12.09 07:36:22.528,1.189,1.1891,3.20,1.60
2008.12.09 07:36:22.648,1.1891,1.1892,3.40,3.60
2008.12.09 07:36:22.938,1.18915,1.1893,3.00,1.90
2008.12.09 07:36:23.458,1.1891,1.18955,8.00,1.60
2008.12.09 07:36:23.859,1.18875,1.18915,4.80,1.00
2008.12.09 07:36:24.328,1.1886,1.1891,2.20,2.80
2008.12.09 07:36:24.628,1.1884,1.18875,21.40,8.00
2008.12.09 07:36:24.978,1.1885,1.18855,1.60,1.00
2008.12.09 07:36:25.198,1.18825,1.18855,1.60,2.80
2008.12.09 07:36:25.588,1.18825,1.1886,3.40,4.00
2008.12.09 07:36:25.807,1.1882,1.18855,5.00,1.00
2008.12.09 07:36:26.137,1.18825,1.18855,8.00,1.00
2008.12.09 07:36:26.537,1.1883,1.1886,11.00,2.80
2008.12.09 07:36:26.987,1.18835,1.1886,3.00,4.20
2008.12.09 07:36:27.207,1.1885,1.1886,6.60,4.20
2008.12.09 07:36:27.488,1.1885,1.1886,6.60,1.00
2008.12.09 07:36:27.607,1.1885,1.1887,6.60,1.00
2008.12.09 07:36:27.787,1.18845,1.18865,3.40,1.00
2008.12.09 07:36:28.816,1.1884,1.18865,9.80,1.00
2008.12.09 07:36:29.247,1.1884,1.1887,8.20,9.00
2008.12.09 07:36:30.316,1.1884,1.1886,8.20,1.00
2008.12.09 07:36:31.016,1.1884,1.1886,5.00,1.00
2008.12.09 07:36:31.376,1.1884,1.1886,1.60,1.00
2008.12.09 07:36:31.716,1.1884,1.1885,1.60,1.00
2008.12.09 07:36:33.085,1.18815,1.1885,3.40,1.60
2008.12.09 07:36:33.555,1.18815,1.1885,16.20,1.80
2008.12.09 07:36:34.025,1.1882,1.1885,3.40,1.00
2008.12.09 07:36:34.475,1.1883,1.1885,3.40,1.00
2008.12.09 07:36:34.765,1.1883,1.1885,8.20,1.00
2008.12.09 07:36:35.125,1.18835,1.1885,3.40,1.00
2008.12.09 07:36:35.415,1.18835,1.1886,3.40,5.00
2008.12.09 07:36:35.815,1.18835,1.18855,3.40,1.60
2008.12.09 07:36:36.225,1.18835,1.1886,3.40,1.80
2008.12.09 07:36:36.514,1.18835,1.1886,3.40,5.00
2008.12.09 07:36:37.195,1.1884,1.1886,1.00,5.00
2008.12.09 07:36:38.554,1.1885,1.18865,1.00,1.60
2008.12.09 07:36:38.844,1.1885,1.1887,3.60,4.20
2008.12.09 07:36:39.244,1.1886,1.1888,1.00,1.00
2008.12.09 07:36:39.524,1.1886,1.1888,1.00,5.00
2008.12.09 07:36:39.754,1.1886,1.1888,1.00,4.80
2008.12.09 07:36:40.214,1.1886,1.1889,1.00,11.00
2008.12.09 07:36:40.444,1.1886,1.1889,1.00,11.80
2008.12.09 07:36:40.793,1.1886,1.1889,1.00,15.00
2008.12.09 07:36:41.073,1.1886,1.1889,1.00,15.80
2008.12.09 07:36:41.363,1.1886,1.1889,1.00,14.20
2008.12.09 07:36:41.853,1.1886,1.1889,1.00,10.20
2008.12.09 07:36:42.373,1.1886,1.1889,1.00,11.80
2008.12.09 07:36:42.613,1.1886,1.1889,1.00,11.00
2008.12.09 07:36:42.963,1.1886,1.1889,3.60,6.60
2008.12.09 07:36:43.243,1.1886,1.1889,3.60,5.00
2008.12.09 07:36:43.873,1.1886,1.1889,11.60,5.00
2008.12.09 07:36:44.273,1.1886,1.1888,3.60,1.00
2008.12.09 07:36:44.663,1.1886,1.1888,1.00,1.00
2008.12.09 07:36:45.082,1.1886,1.1888,3.60,1.00
2008.12.09 07:36:45.372,1.1886,1.1888,1.00,1.00
2008.12.09 07:36:47.282,1.1886,1.1889,1.00,7.80
2008.12.09 07:36:47.802,1.1886,1.1889,1.00,11.80
2008.12.09 07:36:48.152,1.1886,1.1889,3.60,9.00
2008.12.09 07:36:48.672,1.1886,1.1889,3.60,7.40
2008.12.09 07:36:49.112,1.18865,1.1889,3.40,1.00
2008.12.09 07:36:51.041,1.1886,1.1889,8.40,1.00
2008.12.09 07:36:51.391,1.1886,1.1889,3.60,5.00
2008.12.09 07:36:51.771,1.1886,1.1889,11.60,5.00
2008.12.09 07:36:52.061,1.1886,1.1889,3.60,5.00
2008.12.09 07:36:53.060,1.1886,1.1889,3.60,6.60
2008.12.09 07:36:53.471,1.1886,1.1889,3.60,8.20
2008.12.09 07:36:53.831,1.1886,1.1889,3.60,6.60
2008.12.09 07:36:54.930,1.1886,1.1889,3.40,6.60
2008.12.09 07:36:55.340,1.18855,1.1889,3.40,11.80
2008.12.09 07:36:55.580,1.18855,1.1889,3.40,18.20
2008.12.09 07:36:55.870,1.18855,1.1889,3.40,19.00
2008.12.09 07:36:56.160,1.18855,1.18885,3.40,1.60
2008.12.09 07:36:56.500,1.18855,1.1888,3.40,1.00
2008.12.09 07:36:59.879,1.18855,1.18885,3.40,2.40
2008.12.09 07:37:00.169,1.18855,1.18885,3.40,1.00
2008.12.09 07:37:01.549,1.18855,1.18875,3.40,10.40
2008.12.09 07:37:01.819,1.1885,1.18875,16.20,10.40
2008.12.09 07:37:02.118,1.1885,1.18875,11.40,10.40
2008.12.09 07:37:02.508,1.1885,1.18875,3.40,10.40
2008.12.09 07:37:04.818,1.1885,1.18875,5.00,10.40
2008.12.09 07:37:08.647,1.1885,1.18875,6.60,10.40
2008.12.09 07:37:09.007,1.1886,1.18875,5.00,10.40
2008.12.09 07:37:09.996,1.1886,1.18875,1.60,10.40
2008.12.09 07:37:10.556,1.1885,1.18875,16.20,10.40
2008.12.09 07:37:10.726,1.1885,1.18875,6.60,10.40
2008.12.09 07:37:11.116,1.18855,1.18875,3.40,10.40
2008.12.09 07:37:11.736,1.1885,1.18875,17.80,10.40
2008.12.09 07:37:11.839,1.1885,1.18875,19.40,10.40
2008.12.09 07:37:12.117,1.1885,1.18875,11.40,10.40
2008.12.09 07:37:12.356,1.1885,1.18875,8.20,10.40
2008.12.09 07:37:12.586,1.1886,1.18875,3.40,10.40
2008.12.09 07:37:13.156,1.18855,1.18875,8.20,10.40
2008.12.09 07:37:13.577,1.18855,1.18875,3.40,10.40
2008.12.09 07:37:14.785,1.18855,1.18875,6.60,10.40
2008.12.09 07:37:15.025,1.18855,1.18875,11.40,10.40
2008.12.09 07:37:15.695,1.1886,1.18875,6.20,10.40
2008.12.09 07:37:15.995,1.18865,1.18875,3.40,10.40
2008.12.09 07:37:16.395,1.1886,1.18875,8.20,10.40
2008.12.09 07:37:16.735,1.18875,1.1889,3.40,3.60
2008.12.09 07:37:17.065,1.18875,1.1889,6.60,2.40
2008.12.09 07:37:17.245,1.18875,1.1889,9.80,2.40
2008.12.09 07:37:17.865,1.1888,1.1889,3.20,2.40
2008.12.09 07:37:21.784,1.1888,1.1889,6.60,2.40
2008.12.09 07:37:24.643,1.1888,1.1889,9.80,2.40
2008.12.09 07:37:24.703,1.18885,1.1889,3.40,2.40
2008.12.09 07:37:25.233,1.1889,1.18925,3.40,8.00
2008.12.09 07:37:25.643,1.1889,1.1893,11.40,1.80
2008.12.09 07:37:25.983,1.18895,1.1893,3.40,1.00
2008.12.09 07:37:26.333,1.18905,1.1892,3.40,1.60
2008.12.09 07:37:26.512,1.18905,1.1893,3.40,3.20
2008.12.09 07:37:26.792,1.1891,1.1893,3.40,3.20
2008.12.09 07:37:27.132,1.1891,1.1894,8.20,1.00
2008.12.09 07:37:28.272,1.1891,1.1894,19.40,1.00
2008.12.09 07:37:28.612,1.1891,1.1894,17.00,1.00
2008.12.09 07:37:28.892,1.1892,1.1894,3.40,1.00
2008.12.09 07:37:30.102,1.18915,1.1894,1.60,1.00
2008.12.09 07:37:30.492,1.18915,1.1894,1.60,5.00
2008.12.09 07:37:30.991,1.18915,1.1893,3.40,1.00
2008.12.09 07:37:31.462,1.1891,1.1893,8.20,1.00
2008.12.09 07:37:31.851,1.18905,1.1893,3.40,1.00
2008.12.09 07:37:33.881,1.18905,1.1892,3.40,1.00
2008.12.09 07:37:34.201,1.189,1.1892,11.40,1.00
2008.12.09 07:37:34.540,1.189,1.1892,3.40,1.00
2008.12.09 07:37:38.060,1.18905,1.1892,3.40,1.00
2008.12.09 07:37:39.479,1.18905,1.1893,3.40,5.00
2008.12.09 07:37:40.289,1.1891,1.1893,3.40,5.00
2008.12.09 07:37:40.509,1.1891,1.1893,3.40,1.00
2008.12.09 07:37:41.309,1.18915,1.1893,3.40,1.00
2008.12.09 07:37:41.669,1.18915,1.18945,3.40,4.80
2008.12.09 07:37:42.089,1.18915,1.18945,5.00,4.80
2008.12.09 07:37:42.419,1.18915,1.1894,8.20,3.20
2008.12.09 07:37:42.699,1.1892,1.1894,3.00,3.20
2008.12.09 07:37:42.879,1.18925,1.18945,3.40,1.60
2008.12.09 07:37:43.159,1.18925,1.1895,3.40,1.60
2008.12.09 07:37:43.609,1.18925,1.1895,3.40,6.40
2008.12.09 07:37:44.308,1.18925,1.1895,3.40,1.60
2008.12.09 07:37:44.648,1.1892,1.1895,6.40,4.40
2008.12.09 07:37:44.928,1.18915,1.1894,3.40,1.00
2008.12.09 07:37:46.208,1.18915,1.1894,5.00,1.00
2008.12.09 07:37:46.548,1.18915,1.1894,3.40,1.00
2008.12.09 07:37:48.027,1.1892,1.1894,3.40,1.00
2008.12.09 07:37:48.607,1.1892,1.1894,5.00,1.00
2008.12.09 07:37:49.577,1.1892,1.1894,8.20,1.00
2008.12.09 07:37:51.626,1.1892,1.1894,3.40,1.00
2008.12.09 07:37:51.926,1.18925,1.1894,3.40,1.00
2008.12.09 07:37:52.336,1.1892,1.1894,5.00,1.00
2008.12.09 07:37:52.806,1.1892,1.1894,1.40,1.80
2008.12.09 07:37:54.136,1.1892,1.1894,1.40,2.60
2008.12.09 07:37:57.795,1.18915,1.1894,3.40,5.80
2008.12.09 07:37:59.145,1.18915,1.1893,3.40,1.00
2008.12.09 07:37:59.725,1.189,1.18925,13.80,1.00
2008.12.09 07:37:59.945,1.18905,1.1893,3.40,8.20
2008.12.09 07:38:00.184,1.1891,1.1893,1.40,1.00
2008.12.09 07:38:03.963,1.1891,1.18935,1.40,2.80
2008.12.09 07:38:04.193,1.1891,1.1894,1.40,8.40
2008.12.09 07:38:05.723,1.18915,1.1894,3.40,5.60
2008.12.09 07:38:05.903,1.18915,1.1894,3.40,1.00
2008.12.09 07:38:07.683,1.18915,1.18945,6.60,4.00
2008.12.09 07:38:07.913,1.18915,1.1894,6.60,1.00
2008.12.09 07:38:10.522,1.1892,1.1894,1.40,1.00
2008.12.09 07:38:11.492,1.1892,1.1894,1.40,5.00
2008.12.09 07:38:13.882,1.1892,1.1894,1.40,6.40
2008.12.09 07:38:14.121,1.1892,1.1894,1.40,4.80
2008.12.09 07:38:14.911,1.1892,1.1894,5.00,1.00
2008.12.09 07:38:15.081,1.18925,1.1894,3.40,1.00
2008.12.09 07:38:17.450,1.18925,1.1894,6.60,1.00
2008.12.09 07:38:17.800,1.1893,1.1894,1.60,1.00
2008.12.09 07:38:18.150,1.1893,1.1895,1.60,5.00
2008.12.09 07:38:22.739,1.1893,1.1895,1.60,5.80
2008.12.09 07:38:23.249,1.1893,1.1895,1.60,7.40
2008.12.09 07:38:24.648,1.1893,1.1895,1.60,6.60
2008.12.09 07:38:24.889,1.1893,1.1895,1.60,5.00
2008.12.09 07:38:25.818,1.1893,1.18945,1.60,1.00
2008.12.09 07:38:26.968,1.1893,1.1895,1.60,9.80
2008.12.09 07:38:27.468,1.1893,1.1895,1.60,7.40
2008.12.09 07:38:27.988,1.1893,1.1895,1.60,6.60
2008.12.09 07:38:28.398,1.1893,1.1895,1.60,5.00
2008.12.09 07:38:29.307,1.1893,1.1895,1.20,5.00
2008.12.09 07:38:34.056,1.1893,1.1896,4.20,7.60
2008.12.09 07:38:34.456,1.1893,1.1895,12.40,1.00
2008.12.09 07:38:38.585,1.1893,1.1895,9.40,1.00
2008.12.09 07:38:38.795,1.1893,1.1895,4.60,1.00
2008.12.09 07:38:39.185,1.1893,1.1895,1.20,4.80
2008.12.09 07:38:45.254,1.1893,1.1895,1.20,5.00
2008.12.09 07:38:45.473,1.1893,1.1895,1.20,1.00
2008.12.09 07:38:47.083,1.1894,1.1896,1.60,2.80
2008.12.09 07:38:47.373,1.1894,1.1896,1.60,3.00
2008.12.09 07:38:48.183,1.1894,1.1895,1.60,1.00
2008.12.09 07:38:52.802,1.1894,1.1895,1.60,3.00
2008.12.09 07:38:53.212,1.1894,1.1895,1.60,1.00
2008.12.09 07:38:53.611,1.1894,1.1895,1.60,3.00
2008.12.09 07:38:54.631,1.1894,1.1895,1.60,3.80
2008.12.09 07:38:54.811,1.18905,1.18945,6.20,2.80
2008.12.09 07:38:54.981,1.18905,1.18935,6.20,2.80
2008.12.09 07:38:55.101,1.18905,1.18935,1.60,2.80
2008.12.09 07:38:55.511,1.189,1.1893,2.60,1.00
2008.12.09 07:38:55.741,1.189,1.1893,1.20,1.80
2008.12.09 07:38:56.091,1.1891,1.18925,1.20,1.00
2008.12.09 07:38:56.551,1.189,1.18925,1.20,1.00
2008.12.09 07:38:56.841,1.189,1.18925,5.80,1.00
2008.12.09 07:38:57.291,1.189,1.18925,1.20,1.00
2008.12.09 07:38:57.561,1.189,1.1893,1.20,9.40
2008.12.09 07:38:57.841,1.18905,1.1893,1.60,3.00
2008.12.09 07:38:58.190,1.18915,1.1893,3.00,3.00
2008.12.09 07:38:58.590,1.1891,1.1893,2.60,3.00
2008.12.09 07:38:58.951,1.189,1.18915,13.80,1.00
2008.12.09 07:38:59.300,1.1889,1.18915,1.20,1.00
2008.12.09 07:38:59.830,1.1889,1.18915,1.20,3.00
2008.12.09 07:39:00.000,1.1889,1.189,1.20,1.00
2008.12.09 07:39:00.800,1.18875,1.189,1.60,3.00
2008.12.09 07:39:01.100,1.1888,1.189,1.20,1.00
2008.12.09 07:39:01.520,1.18885,1.189,3.00,1.00
2008.12.09 07:39:02.310,1.1889,1.1891,1.20,3.00
2008.12.09 07:39:02.919,1.1889,1.1891,1.20,1.00
2008.12.09 07:39:04.929,1.189,1.1891,3.00,1.00
2008.12.09 07:39:05.279,1.18895,1.18925,3.20,2.80
2008.12.09 07:39:05.579,1.189,1.1893,2.60,3.00
2008.12.09 07:39:05.859,1.18905,1.1893,1.60,2.80
2008.12.09 07:39:06.089,1.1891,1.18935,1.20,2.80
2008.12.09 07:39:06.428,1.1891,1.1894,2.60,3.00
2008.12.09 07:39:06.898,1.1891,1.1894,1.20,3.00
2008.12.09 07:39:07.288,1.1891,1.18935,1.20,2.80
2008.12.09 07:39:07.508,1.1891,1.1893,1.20,1.00
2008.12.09 07:39:07.678,1.1891,1.1893,1.20,3.00
2008.12.09 07:39:10.668,1.1891,1.1893,4.20,3.00
2008.12.09 07:39:11.177,1.1891,1.1893,2.60,3.00
2008.12.09 07:39:11.347,1.1891,1.1893,1.20,3.00
2008.12.09 07:39:12.447,1.189,1.1893,1.20,3.00
2008.12.09 07:39:12.567,1.189,1.1893,1.20,4.60
2008.12.09 07:39:13.777,1.189,1.1892,1.20,1.00
2008.12.09 07:39:14.126,1.1889,1.1891,1.60,3.00
2008.12.09 07:39:14.467,1.18875,1.189,6.60,1.00
2008.12.09 07:39:14.647,1.1887,1.189,5.00,1.00
2008.12.09 07:39:14.987,1.1887,1.189,3.40,1.00
2008.12.09 07:39:16.896,1.18865,1.18895,6.60,1.00
2008.12.09 07:39:17.186,1.1887,1.1889,6.20,1.00
2008.12.09 07:39:17.486,1.1887,1.1889,6.40,1.00
2008.12.09 07:39:17.726,1.1887,1.189,11.40,2.40
2008.12.09 07:39:18.235,1.1888,1.189,4.80,1.20
2008.12.09 07:39:18.595,1.1888,1.189,4.80,1.00
2008.12.09 07:39:19.006,1.18875,1.189,4.60,1.00
2008.12.09 07:39:23.224,1.18875,1.189,9.80,1.00
2008.12.09 07:39:23.924,1.1888,1.189,3.40,1.00
2008.12.09 07:39:24.285,1.18885,1.189,3.00,4.40
2008.12.09 07:39:24.554,1.18885,1.189,3.00,1.00
2008.12.09 07:39:24.844,1.189,1.18915,1.00,2.80
2008.12.09 07:39:25.174,1.189,1.1892,1.00,7.60
2008.12.09 07:39:25.464,1.189,1.1892,1.00,2.80
2008.12.09 07:39:25.644,1.189,1.18925,1.00,3.60
2008.12.09 07:39:26.164,1.189,1.1893,1.00,11.60
2008.12.09 07:39:26.663,1.189,1.1893,1.00,6.80
2008.12.09 07:39:27.103,1.189,1.18925,1.00,2.40
2008.12.09 07:39:27.514,1.189,1.18925,1.00,1.60
2008.12.09 07:39:27.633,1.189,1.1893,4.00,4.00
2008.12.09 07:39:27.743,1.189,1.1893,4.00,1.60
2008.12.09 07:39:28.043,1.18905,1.1893,3.40,1.60
2008.12.09 07:39:28.443,1.18905,1.18935,3.40,1.60
2008.12.09 07:39:28.793,1.18905,1.1894,5.00,2.80
2008.12.09 07:39:29.483,1.18905,1.1894,3.40,6.80
2008.12.09 07:39:32.122,1.18905,1.1894,3.40,7.60
2008.12.09 07:39:32.752,1.18905,1.1894,3.40,6.80
2008.12.09 07:39:32.982,1.1891,1.1894,3.40,4.00
2008.12.09 07:39:33.442,1.18905,1.1894,3.40,6.80
2008.12.09 07:39:34.322,1.18905,1.18935,3.40,1.60
2008.12.09 07:39:34.562,1.18905,1.1894,3.40,21.20
2008.12.09 07:39:34.902,1.1891,1.1894,1.00,6.80
2008.12.09 07:39:35.022,1.1891,1.1894,1.00,2.80
2008.12.09 07:39:35.252,1.18915,1.18945,3.40,4.00
2008.12.09 07:39:35.481,1.1891,1.18945,4.20,6.80
2008.12.09 07:39:35.771,1.18915,1.18945,3.40,4.00
2008.12.09 07:39:35.891,1.18915,1.18945,3.40,2.40
2008.12.09 07:39:36.011,1.18915,1.18945,3.40,4.00
2008.12.09 07:39:36.711,1.1892,1.1895,1.00,7.60
2008.12.09 07:39:38.801,1.1892,1.1895,4.20,4.80
2008.12.09 07:39:39.030,1.1893,1.18955,1.00,3.60
2008.12.09 07:39:45.149,1.1893,1.18955,1.00,1.00
2008.12.09 07:39:49.218,1.1893,1.18955,1.00,3.60
2008.12.09 07:39:54.307,1.1893,1.18955,1.00,6.80
2008.12.09 07:39:55.817,1.1893,1.18955,1.00,3.60
2008.12.09 07:39:57.266,1.1893,1.1895,1.00,1.60
2008.12.09 07:39:57.726,1.1893,1.1895,3.80,1.60
2008.12.09 07:39:57.836,1.1894,1.1895,4.80,1.60
2008.12.09 07:39:58.006,1.1894,1.1895,7.80,1.60
2008.12.09 07:39:58.176,1.1894,1.18965,7.80,3.20
2008.12.09 07:39:58.296,1.1894,1.18965,7.80,1.60
2008.12.09 07:39:58.646,1.1894,1.18975,11.40,5.20
2008.12.09 07:39:58.976,1.18945,1.18975,3.00,4.40
2008.12.09 07:39:59.316,1.18945,1.18975,3.00,2.80
2008.12.09 07:40:01.505,1.18945,1.18975,4.60,2.80
2008.12.09 07:40:02.595,1.18945,1.18975,1.60,3.60
2008.12.09 07:40:02.775,1.1894,1.18975,28.20,5.20
2008.12.09 07:40:03.005,1.1894,1.18975,25.00,5.20
2008.12.09 07:40:03.975,1.18945,1.18975,3.00,2.80
2008.12.09 07:40:07.114,1.18945,1.18975,6.20,2.80
2008.12.09 07:40:07.234,1.1895,1.18975,1.00,2.80
2008.12.09 07:40:07.414,1.1895,1.1898,1.00,8.40
2008.12.09 07:40:08.253,1.1895,1.18975,1.00,1.00
2008.12.09 07:40:08.663,1.18955,1.18975,3.40,1.00
2008.12.09 07:40:09.004,1.1897,1.18975,4.80,2.80
2008.12.09 07:40:09.403,1.1897,1.1898,4.80,3.60
2008.12.09 07:40:09.863,1.1897,1.18975,4.80,2.80
2008.12.09 07:40:10.203,1.1897,1.1898,4.80,7.60
2008.12.09 07:40:10.373,1.1897,1.1898,4.80,8.40
2008.12.09 07:40:10.603,1.1897,1.1898,4.80,5.20
2008.12.09 07:40:10.843,1.1897,1.1898,4.80,3.60
2008.12.09 07:40:11.713,1.1897,1.1898,4.80,7.60
2008.12.09 07:40:13.262,1.1897,1.1898,4.80,2.80
2008.12.09 07:40:13.372,1.1897,1.18985,4.80,3.20
2008.12.09 07:40:13.582,1.1897,1.1898,1.60,3.60
2008.12.09 07:40:13.752,1.1896,1.1898,8.00,3.60
2008.12.09 07:40:13.912,1.1895,1.1898,4.80,3.60
2008.12.09 07:40:15.802,1.1895,1.1898,4.80,4.40
2008.12.09 07:40:16.032,1.1895,1.18975,4.80,5.20
2008.12.09 07:40:16.381,1.1895,1.18975,4.80,3.60
2008.12.09 07:40:16.851,1.1895,1.18975,4.80,5.20
2008.12.09 07:40:18.601,1.1895,1.1897,4.80,1.00
2008.12.09 07:40:18.891,1.1895,1.18965,4.80,1.60
2008.12.09 07:40:19.071,1.1894,1.18965,4.80,1.60
2008.12.09 07:40:19.821,1.1894,1.18955,4.80,2.80
2008.12.09 07:40:20.061,1.1893,1.18955,1.00,3.60
2008.12.09 07:40:20.700,1.1893,1.1896,1.00,3.60
2008.12.09 07:40:20.990,1.1893,1.1896,5.60,3.60
2008.12.09 07:40:21.660,1.1893,1.1896,5.60,5.20
2008.12.09 07:40:21.950,1.1892,1.1895,1.00,7.60
2008.12.09 07:40:22.190,1.1892,1.1895,1.00,6.80
2008.12.09 07:40:22.520,1.1892,1.1895,1.00,2.80
2008.12.09 07:40:24.099,1.1892,1.1895,2.40,2.80
2008.12.09 07:40:24.390,1.1892,1.18955,5.80,2.80
2008.12.09 07:40:24.669,1.1893,1.18955,1.40,2.80
2008.12.09 07:40:26.069,1.1893,1.18955,1.40,3.60
2008.12.09 07:40:27.939,1.18935,1.18955,3.00,2.80
2008.12.09 07:40:28.239,1.18935,1.1896,3.00,2.80
2008.12.09 07:40:28.469,1.18935,1.1896,4.60,2.80
2008.12.09 07:40:29.678,1.18935,1.18965,4.60,2.80
2008.12.09 07:40:30.368,1.1894,1.18965,5.40,2.80
2008.12.09 07:40:30.598,1.1894,1.18965,7.00,2.80
2008.12.09 07:40:31.048,1.1894,1.18965,2.20,2.80
2008.12.09 07:40:31.428,1.1894,1.18965,1.40,2.80
2008.12.09 07:40:31.778,1.1894,1.18965,1.40,3.60
2008.12.09 07:40:32.818,1.1894,1.18965,1.40,2.80
2008.12.09 07:40:33.328,1.1894,1.1897,6.20,6.80
2008.12.09 07:40:33.658,1.1894,1.1897,6.20,2.80
2008.12.09 07:40:34.647,1.1894,1.1897,6.20,6.80
2008.12.09 07:40:35.097,1.1894,1.1897,6.20,7.60
2008.12.09 07:40:37.096,1.1894,1.18965,1.40,2.80
2008.12.09 07:40:37.776,1.1894,1.1897,1.40,14.00
2008.12.09 07:40:37.896,1.1894,1.1897,6.20,7.60
2008.12.09 07:40:38.306,1.1894,1.18965,6.20,3.60
2008.12.09 07:40:38.596,1.1894,1.18965,1.40,3.60
2008.12.09 07:40:42.475,1.1894,1.18965,7.00,1.00
2008.12.09 07:40:42.765,1.1894,1.1897,7.00,6.80
2008.12.09 07:40:43.025,1.1894,1.18965,7.00,2.80
2008.12.09 07:40:45.714,1.1895,1.18975,1.00,4.00
2008.12.09 07:40:46.114,1.1895,1.18975,2.20,1.60
2008.12.09 07:40:46.395,1.1896,1.1898,1.00,7.60
2008.12.09 07:40:46.794,1.1896,1.1898,1.00,4.80
2008.12.09 07:40:47.434,1.1896,1.18985,1.00,2.40
2008.12.09 07:40:47.724,1.1896,1.18985,2.20,2.40
2008.12.09 07:40:48.754,1.1896,1.18985,2.20,1.60
2008.12.09 07:40:49.164,1.1896,1.1899,2.20,9.20
2008.12.09 07:40:49.514,1.1896,1.1899,5.80,6.40
2008.12.09 07:40:50.254,1.1896,1.1899,13.80,4.80
2008.12.09 07:40:50.673,1.1897,1.1899,1.00,4.80
2008.12.09 07:40:55.112,1.1897,1.1899,2.20,4.80
2008.12.09 07:40:55.232,1.1897,1.19,2.20,12.40
2008.12.09 07:40:55.402,1.1897,1.19,2.20,12.40
2008.12.09 07:40:55.522,1.1898,1.19,1.00,8.40
2008.12.09 07:40:55.873,1.1898,1.19,1.00,4.80
2008.12.09 07:40:56.342,1.1898,1.1901,7.00,12.40
2008.12.09 07:40:56.792,1.1898,1.1901,10.20,2.80
2008.12.09 07:40:57.012,1.1899,1.19015,1.40,2.80
2008.12.09 07:40:57.522,1.1899,1.19015,1.40,2.80
2008.12.09 07:41:00.801,1.1899,1.19015,1.40,3.60
2008.12.09 07:41:01.031,1.1899,1.19015,1.40,5.20
2008.12.09 07:41:01.261,1.1899,1.19015,1.40,4.40
2008.12.09 07:41:01.721,1.1899,1.19015,1.40,2.80
2008.12.09 07:41:02.580,1.1899,1.19015,1.40,5.20
2008.12.09 07:41:02.760,1.1899,1.19015,1.40,6.80
2008.12.09 07:41:03.040,1.1899,1.19015,1.40,6.00
2008.12.09 07:41:03.320,1.1899,1.19015,1.40,2.80
2008.12.09 07:41:03.710,1.1899,1.19015,4.60,2.80
2008.12.09 07:41:04.120,1.1899,1.19015,1.40,2.80
2008.12.09 07:41:04.470,1.1899,1.19015,1.40,6.80
2008.12.09 07:41:04.980,1.1899,1.19015,1.40,8.40
2008.12.09 07:41:05.280,1.1899,1.19015,1.40,6.80
2008.12.09 07:41:16.517,1.1899,1.1901,1.40,3.20
2008.12.09 07:41:16.757,1.18985,1.1901,1.60,3.20
2008.12.09 07:41:17.157,1.1898,1.1901,13.80,3.20
2008.12.09 07:41:17.587,1.1899,1.1901,1.40,3.20
2008.12.09 07:41:18.097,1.1899,1.1901,2.20,3.20
2008.12.09 07:41:19.736,1.18995,1.1901,3.00,3.20
2008.12.09 07:41:20.016,1.18995,1.1901,4.60,3.20
2008.12.09 07:41:22.406,1.19,1.1901,2.20,3.20
2008.12.09 07:41:22.526,1.19005,1.19025,3.00,3.20
2008.12.09 07:41:22.926,1.1901,1.19025,3.20,1.60
2008.12.09 07:41:23.505,1.1901,1.19035,3.20,4.40
2008.12.09 07:41:24.026,1.1901,1.1904,3.20,10.00
2008.12.09 07:41:24.356,1.1902,1.19045,2.20,4.40
2008.12.09 07:41:24.805,1.1902,1.19045,2.20,2.80
2008.12.09 07:41:27.844,1.1902,1.1905,2.20,12.40
2008.12.09 07:41:28.074,1.1903,1.1905,1.40,9.20
2008.12.09 07:41:28.184,1.1903,1.1905,1.40,6.40
2008.12.09 07:41:28.364,1.1903,1.1905,2.20,6.40
2008.12.09 07:41:28.654,1.1903,1.1905,2.20,5.60
2008.12.09 07:41:29.874,1.1903,1.1905,2.20,7.20
2008.12.09 07:41:29.934,1.1903,1.1905,2.20,8.80
2008.12.09 07:41:31.264,1.1903,1.1905,2.20,11.60
2008.12.09 07:41:34.043,1.1902,1.1905,1.00,11.60
2008.12.09 07:41:34.223,1.1902,1.1905,3.80,10.80
2008.12.09 07:41:34.633,1.1902,1.1905,5.40,9.20
2008.12.09 07:41:34.992,1.1902,1.1905,5.40,10.80
2008.12.09 07:41:35.342,1.1902,1.1905,7.00,7.60
2008.12.09 07:41:35.752,1.1902,1.1905,10.20,7.60
2008.12.09 07:41:36.082,1.1902,1.1905,11.80,7.60
2008.12.09 07:41:37.392,1.19035,1.19055,1.60,4.40
2008.12.09 07:41:37.502,1.19035,1.19055,1.60,2.80
2008.12.09 07:41:37.672,1.19015,1.19055,17.00,2.80
2008.12.09 07:41:37.902,1.19015,1.19055,17.00,2.80
2008.12.09 07:41:38.012,1.19015,1.1905,5.40,2.80
2008.12.09 07:41:38.302,1.19015,1.1905,7.00,2.80
2008.12.09 07:41:42.381,1.1902,1.1905,5.40,3.60
2008.12.09 07:41:42.651,1.1902,1.19045,6.20,1.00
2008.12.09 07:41:42.931,1.1902,1.19045,6.20,2.80
2008.12.09 07:41:43.211,1.1902,1.1905,1.40,11.60
2008.12.09 07:41:43.541,1.1903,1.1905,1.00,2.80
2008.12.09 07:41:43.900,1.1903,1.1905,1.40,2.80
2008.12.09 07:41:44.580,1.1903,1.1905,1.40,2.80
2008.12.09 07:41:48.609,1.1903,1.1905,1.00,3.60
2008.12.09 07:41:48.899,1.1903,1.1905,1.00,5.20
2008.12.09 07:41:49.699,1.1903,1.1905,1.40,2.40
2008.12.09 07:41:53.618,1.1903,1.1905,1.40,1.60
2008.12.09 07:41:53.848,1.1903,1.1905,1.40,1.00
2008.12.09 07:41:54.258,1.1903,1.1906,6.20,4.40
2008.12.09 07:41:54.618,1.1903,1.1906,6.20,2.80
2008.12.09 07:41:56.077,1.1904,1.1906,1.00,3.60
2008.12.09 07:41:56.747,1.1904,1.1906,1.00,1.00
2008.12.09 07:41:57.037,1.1904,1.1906,1.00,1.60
2008.12.09 07:41:57.397,1.1904,1.1906,1.20,1.00
2008.12.09 07:41:58.767,1.1904,1.19065,1.20,2.80
2008.12.09 07:41:58.997,1.1905,1.1907,1.00,2.80
2008.12.09 07:41:59.217,1.1905,1.1907,1.20,2.80
2008.12.09 07:42:01.996,1.1905,1.1907,1.20,1.00
2008.12.09 07:42:02.566,1.1905,1.1907,1.20,1.00
2008.12.09 07:42:03.036,1.1905,1.1907,1.20,1.00
2008.12.09 07:42:03.146,1.1906,1.19075,3.40,2.40
2008.12.09 07:42:03.556,1.1907,1.19085,3.00,4.00
2008.12.09 07:42:03.886,1.19065,1.19085,3.00,1.00
2008.12.09 07:42:04.565,1.19065,1.1909,3.00,2.80
2008.12.09 07:42:05.585,1.1906,1.1909,20.60,2.80
2008.12.09 07:42:05.815,1.1906,1.1909,12.60,2.80
2008.12.09 07:42:06.055,1.1906,1.1909,11.00,2.80
2008.12.09 07:42:07.115,1.19065,1.1908,3.00,1.00
2008.12.09 07:42:08.134,1.19065,1.1908,3.00,2.80
2008.12.09 07:42:08.435,1.1906,1.1908,4.80,8.40
2008.12.09 07:42:08.715,1.1906,1.1908,1.00,8.40
2008.12.09 07:42:08.894,1.1906,1.1908,1.00,9.60
2008.12.09 07:42:09.344,1.1906,1.1908,1.00,13.20
2008.12.09 07:42:09.734,1.1906,1.19075,1.00,1.00
2008.12.09 07:42:10.864,1.1906,1.1908,1.00,8.00
2008.12.09 07:42:11.144,1.19065,1.1909,3.00,11.20
2008.12.09 07:42:11.494,1.19065,1.1909,3.00,3.20
2008.12.09 07:42:12.473,1.19065,1.19085,3.00,2.80
2008.12.09 07:42:12.824,1.1906,1.19085,8.00,2.80
2008.12.09 07:42:13.063,1.19055,1.1909,6.60,8.80
2008.12.09 07:42:13.303,1.19055,1.1908,6.60,8.00
2008.12.09 07:42:13.893,1.19055,1.1908,3.40,8.80
2008.12.09 07:42:14.243,1.1905,1.1908,18.60,9.60
2008.12.09 07:42:14.513,1.1905,1.1908,11.40,9.60
2008.12.09 07:42:14.863,1.1905,1.1908,16.20,8.80
2008.12.09 07:42:15.213,1.19055,1.1908,3.40,15.20
2008.12.09 07:42:16.303,1.19055,1.1908,3.40,1.00
2008.12.09 07:42:16.603,1.19055,1.1908,3.40,5.60
2008.12.09 07:42:16.883,1.1905,1.1907,3.20,6.40
2008.12.09 07:42:17.122,1.1904,1.1907,11.20,10.00
2008.12.09 07:42:17.402,1.1904,1.1907,6.20,14.80
2008.12.09 07:42:17.632,1.1904,1.1907,13.00,16.00
2008.12.09 07:42:17.862,1.19045,1.1907,1.60,17.60
2008.12.09 07:42:18.152,1.1904,1.1907,6.60,13.60
2008.12.09 07:42:19.192,1.1904,1.1907,8.20,13.60
2008.12.09 07:42:19.542,1.1904,1.1907,11.40,12.80
2008.12.09 07:42:19.892,1.19045,1.19075,1.60,8.40
2008.12.09 07:42:20.282,1.19045,1.1907,1.60,5.60
2008.12.09 07:42:20.462,1.19045,1.19075,5.00,5.60
2008.12.09 07:42:22.911,1.19045,1.1907,5.00,1.00
2008.12.09 07:42:23.311,1.19045,1.1906,5.00,6.40
2008.12.09 07:42:23.591,1.19045,1.1906,1.60,6.40
2008.12.09 07:42:23.881,1.19035,1.1906,1.60,6.80
2008.12.09 07:42:24.221,1.1903,1.1906,3.40,12.00
2008.12.09 07:42:24.621,1.19025,1.1905,4.60,1.60
2008.12.09 07:42:24.961,1.19025,1.1906,8.20,13.20
2008.12.09 07:42:25.430,1.19025,1.1906,8.20,14.00
2008.12.09 07:42:25.650,1.19025,1.1906,11.40,14.00
2008.12.09 07:42:25.870,1.19025,1.1906,9.80,12.40
2008.12.09 07:42:26.090,1.19025,1.1906,6.60,12.40
2008.12.09 07:42:27.420,1.19025,1.1906,6.60,11.60
2008.12.09 07:42:27.540,1.1903,1.1906,3.00,10.80
2008.12.09 07:42:27.940,1.19025,1.1906,8.20,11.60
2008.12.09 07:42:28.210,1.19025,1.1906,6.60,11.60
2008.12.09 07:42:28.380,1.19025,1.1906,8.20,11.60
2008.12.09 07:42:28.969,1.19025,1.1906,9.80,11.60
2008.12.09 07:42:29.259,1.19025,1.1906,8.20,11.60
2008.12.09 07:42:29.769,1.1903,1.1906,3.40,8.80
2008.12.09 07:42:30.159,1.19025,1.1906,13.00,11.60
2008.12.09 07:42:30.449,1.19025,1.1906,9.80,11.60
2008.12.09 07:42:30.679,1.19025,1.1906,8.20,11.60
2008.12.09 07:42:30.909,1.1903,1.1906,3.40,8.80
2008.12.09 07:42:31.859,1.19025,1.1906,9.80,11.60
2008.12.09 07:42:32.159,1.19025,1.1906,8.20,11.60
2008.12.09 07:42:32.509,1.19025,1.1906,9.80,13.20
2008.12.09 07:42:32.919,1.1903,1.1906,3.40,10.40
2008.12.09 07:42:33.199,1.1903,1.1906,3.40,8.80
2008.12.09 07:42:33.768,1.19025,1.19055,3.20,2.80
2008.12.09 07:42:34.108,1.19025,1.1904,1.60,1.60
2008.12.09 07:42:34.388,1.19025,1.1904,8.20,1.60
2008.12.09 07:42:34.678,1.19025,1.1904,9.80,1.60
2008.12.09 07:42:36.448,1.19025,1.1904,6.60,1.60
2008.12.09 07:42:36.738,1.1902,1.1904,8.20,1.60
2008.12.09 07:42:37.208,1.19015,1.1904,3.40,1.00
2008.12.09 07:42:37.868,1.1901,1.1904,4.60,8.00
2008.12.09 07:42:38.217,1.1901,1.1904,8.20,5.20
2008.12.09 07:42:39.747,1.1901,1.1904,14.60,6.80
2008.12.09 07:42:40.177,1.1901,1.1904,12.20,5.20
2008.12.09 07:42:40.407,1.1901,1.1904,3.40,5.20
2008.12.09 07:42:41.167,1.19015,1.1904,3.00,5.20
2008.12.09 07:42:41.457,1.19015,1.1904,1.60,1.00
2008.12.09 07:42:41.787,1.1901,1.1904,3.40,1.00
2008.12.09 07:42:42.076,1.1901,1.19035,3.40,1.60
2008.12.09 07:42:42.367,1.1901,1.1904,3.40,6.80
2008.12.09 07:42:42.606,1.1901,1.1904,3.40,1.20
2008.12.09 07:42:42.886,1.1901,1.1904,3.40,5.20
2008.12.09 07:42:43.556,1.19015,1.1904,6.60,1.00
2008.12.09 07:42:43.966,1.19015,1.1905,5.00,8.00
2008.12.09 07:42:44.376,1.1902,1.1904,11.00,1.00
2008.12.09 07:42:44.666,1.1902,1.1905,11.00,8.00
2008.12.09 07:42:46.685,1.1902,1.19045,3.00,2.80
2008.12.09 07:42:46.925,1.19015,1.1904,4.80,3.20
2008.12.09 07:42:47.155,1.19015,1.1904,1.60,3.20
2008.12.09 07:42:48.245,1.19015,1.1904,1.60,4.00
2008.12.09 07:42:48.545,1.19005,1.19035,3.40,1.00
2008.12.09 07:42:49.804,1.19005,1.1904,9.80,11.60
2008.12.09 07:42:50.604,1.19005,1.19035,6.60,1.00
2008.12.09 07:42:50.954,1.19005,1.19035,3.40,1.00
2008.12.09 07:42:53.004,1.19005,1.1904,6.60,11.60
2008.12.09 07:42:53.114,1.19005,1.1904,8.20,11.60
2008.12.09 07:42:53.284,1.19005,1.1904,9.80,11.60
2008.12.09 07:42:53.404,1.19005,1.19035,5.00,1.00
2008.12.09 07:42:53.814,1.19005,1.19035,3.40,1.00
2008.12.09 07:43:00.142,1.19005,1.1904,8.20,11.60
2008.12.09 07:43:00.432,1.19005,1.1904,9.80,11.60
2008.12.09 07:43:00.492,1.19005,1.19035,6.60,1.00
2008.12.09 07:43:00.722,1.19005,1.19035,5.00,1.00
2008.12.09 07:43:00.782,1.19005,1.19035,3.40,1.00
2008.12.09 07:43:03.781,1.19005,1.1904,6.60,13.20
2008.12.09 07:43:04.071,1.19005,1.1904,8.20,11.60
2008.12.09 07:43:04.311,1.19005,1.1904,9.80,11.60
2008.12.09 07:43:04.781,1.19015,1.1904,3.40,1.00
2008.12.09 07:43:05.121,1.19015,1.1904,5.00,1.00
2008.12.09 07:43:05.691,1.19015,1.1904,3.40,1.00
2008.12.09 07:43:06.860,1.19025,1.1904,3.40,1.00
2008.12.09 07:43:07.320,1.1902,1.1904,6.60,1.00
2008.12.09 07:43:07.670,1.1902,1.1904,15.40,1.00
2008.12.09 07:43:07.790,1.19025,1.1904,3.40,1.00
2008.12.09 07:43:08.140,1.19025,1.1905,3.40,1.00
2008.12.09 07:43:09.530,1.1902,1.1905,15.40,1.00
2008.12.09 07:43:09.920,1.1902,1.1905,15.40,5.20
2008.12.09 07:43:10.269,1.1902,1.19055,14.60,5.20
2008.12.09 07:43:10.820,1.1902,1.1905,14.60,4.80
2008.12.09 07:43:13.099,1.19025,1.1905,3.00,4.80
2008.12.09 07:43:13.269,1.1902,1.1905,22.60,4.80
2008.12.09 07:43:13.489,1.19025,1.19055,3.40,1.00
2008.12.09 07:43:13.769,1.1902,1.19055,25.80,3.60
2008.12.09 07:43:13.949,1.1902,1.19055,23.40,3.60
2008.12.09 07:43:14.179,1.1902,1.1905,17.80,4.80
2008.12.09 07:43:22.897,1.1902,1.19045,14.20,2.80
2008.12.09 07:43:22.956,1.1902,1.19045,11.20,3.60
2008.12.09 07:43:23.066,1.1902,1.1904,8.00,1.60
2008.12.09 07:43:23.347,1.19015,1.1904,1.60,1.60
2008.12.09 07:43:24.966,1.19015,1.1904,2.40,1.60
2008.12.09 07:43:27.615,1.19015,1.1904,2.60,1.60
2008.12.09 07:43:28.765,1.1902,1.1904,3.00,1.60
2008.12.09 07:43:29.005,1.19025,1.1904,9.80,1.60
2008.12.09 07:43:29.825,1.1904,1.1906,3.00,5.60
2008.12.09 07:43:29.995,1.19045,1.19085,3.00,12.40
2008.12.09 07:43:30.285,1.19045,1.1908,4.20,1.60
2008.12.09 07:43:31.804,1.19045,1.1907,4.20,4.40
2008.12.09 07:43:32.334,1.19045,1.19065,1.00,2.80
2008.12.09 07:43:32.504,1.19035,1.19065,2.60,2.80
2008.12.09 07:43:32.684,1.19035,1.19065,1.60,2.80
2008.12.09 07:43:32.804,1.1903,1.19065,9.80,4.40
2008.12.09 07:43:32.954,1.1903,1.19065,3.40,4.40
2008.12.09 07:43:34.064,1.19035,1.19065,1.60,4.40
2008.12.09 07:43:34.304,1.19045,1.19065,4.20,1.60
2008.12.09 07:43:34.534,1.19045,1.1907,4.20,2.80
2008.12.09 07:43:35.234,1.1904,1.1907,7.80,2.80
2008.12.09 07:43:35.463,1.1904,1.19065,4.80,2.80
2008.12.09 07:43:35.574,1.19035,1.19065,11.00,2.80
2008.12.09 07:43:35.694,1.19035,1.19065,3.20,3.60
2008.12.09 07:43:35.804,1.1903,1.19065,23.40,3.60
2008.12.09 07:43:35.913,1.1903,1.19065,18.60,3.60
2008.12.09 07:43:36.034,1.1903,1.19065,17.00,3.60
2008.12.09 07:43:36.153,1.1903,1.19065,8.20,5.20
2008.12.09 07:43:36.213,1.1903,1.19065,8.20,6.80
2008.12.09 07:43:36.333,1.1903,1.1906,3.40,4.80
2008.12.09 07:43:37.713,1.1903,1.19065,8.20,6.80
2008.12.09 07:43:37.993,1.1903,1.19065,8.20,5.20
2008.12.09 07:43:38.223,1.1903,1.19065,8.20,6.80
2008.12.09 07:43:38.463,1.1903,1.1906,3.40,4.80
2008.12.09 07:43:38.573,1.19025,1.1906,12.40,7.60
2008.12.09 07:43:38.693,1.1904,1.1906,3.00,4.80
2008.12.09 07:43:38.993,1.1904,1.19065,11.00,6.00
2008.12.09 07:43:39.113,1.1904,1.19065,11.00,2.80
2008.12.09 07:43:39.353,1.1904,1.1907,11.00,9.20
2008.12.09 07:43:39.742,1.1904,1.1907,16.00,18.00
2008.12.09 07:43:40.022,1.1904,1.1906,8.00,1.60
2008.12.09 07:43:42.262,1.1904,1.19065,8.00,2.80
2008.12.09 07:43:42.642,1.1904,1.19065,9.40,2.80
2008.12.09 07:43:43.522,1.1904,1.1907,9.40,22.80
2008.12.09 07:43:43.581,1.1904,1.1907,9.40,21.20
2008.12.09 07:43:43.991,1.19045,1.1907,3.00,2.80
2008.12.09 07:43:45.211,1.19035,1.1907,8.20,7.60
2008.12.09 07:43:45.331,1.19035,1.1907,6.60,9.20
2008.12.09 07:43:45.441,1.19035,1.1907,5.00,9.20
2008.12.09 07:43:45.561,1.19035,1.1907,3.40,9.20
2008.12.09 07:43:47.041,1.19045,1.1907,3.00,4.40
2008.12.09 07:43:47.441,1.19045,1.1907,3.80,2.80
2008.12.09 07:43:47.710,1.1904,1.1907,7.80,2.80
2008.12.09 07:43:47.831,1.1904,1.1907,3.00,9.20
2008.12.09 07:43:50.470,1.19035,1.19055,1.60,1.00
2008.12.09 07:43:50.770,1.19025,1.19055,3.40,1.00
2008.12.09 07:43:53.659,1.19025,1.1906,9.80,10.00
2008.12.09 07:43:53.839,1.19025,1.1906,10.60,10.00
2008.12.09 07:43:53.899,1.1903,1.1906,3.40,7.20
2008.12.09 07:43:54.989,1.1903,1.19055,3.40,1.00
2008.12.09 07:43:58.378,1.19025,1.19055,6.60,1.00
2008.12.09 07:44:07.176,1.1903,1.19055,3.00,1.00
2008.12.09 07:44:07.296,1.1903,1.19055,6.60,1.00
2008.12.09 07:44:10.825,1.1903,1.19055,8.20,1.00
2008.12.09 07:44:11.005,1.19045,1.1906,3.00,6.40
2008.12.09 07:44:11.125,1.19045,1.1906,3.00,1.00
2008.12.09 07:44:11.235,1.19045,1.1906,3.80,1.00
2008.12.09 07:44:11.405,1.19045,1.19055,1.00,1.00
2008.12.09 07:44:11.685,1.19035,1.19045,1.00,1.00
2008.12.09 07:44:11.805,1.1903,1.19045,6.40,1.00
2008.12.09 07:44:12.165,1.1902,1.19035,1.60,1.00
2008.12.09 07:44:12.504,1.19015,1.19035,4.60,1.00
2008.12.09 07:44:12.885,1.1902,1.1904,3.00,1.00
2008.12.09 07:44:13.394,1.19015,1.1904,1.60,1.40
2008.12.09 07:44:13.625,1.1901,1.1904,11.40,1.40
2008.12.09 07:44:14.194,1.1901,1.19035,11.40,1.00
2008.12.09 07:44:14.654,1.1901,1.1903,3.00,1.00
2008.12.09 07:44:15.014,1.19,1.1903,11.40,1.40
2008.12.09 07:44:15.374,1.19,1.1903,7.80,4.20
2008.12.09 07:44:15.614,1.19,1.1902,3.00,1.00
2008.12.09 07:44:15.894,1.18995,1.1902,3.40,1.00
2008.12.09 07:44:16.243,1.1899,1.1901,24.60,1.00
2008.12.09 07:44:16.523,1.1899,1.1901,9.40,4.00
2008.12.09 07:44:16.863,1.1899,1.1902,9.80,5.40
2008.12.09 07:44:17.143,1.1899,1.1902,11.40,4.60
2008.12.09 07:44:17.614,1.1899,1.19015,13.00,1.00
2008.12.09 07:44:17.993,1.19,1.1901,8.00,1.00
2008.12.09 07:44:18.163,1.1899,1.1901,8.00,1.00
2008.12.09 07:44:18.963,1.18985,1.1901,3.00,1.00
2008.12.09 07:44:19.194,1.1899,1.1901,6.20,1.00
2008.12.09 07:44:19.533,1.1899,1.1901,8.00,5.40
2008.12.09 07:44:20.003,1.1899,1.1901,3.40,5.40
2008.12.09 07:44:20.403,1.1899,1.1901,11.40,1.00
2008.12.09 07:44:20.972,1.1899,1.1901,14.60,1.00
2008.12.09 07:44:21.322,1.18995,1.1902,3.40,1.00
2008.12.09 07:44:21.772,1.19,1.1902,3.40,1.00
2008.12.09 07:44:22.572,1.19005,1.1902,3.40,1.00
2008.12.09 07:44:22.852,1.1901,1.1902,3.00,1.00
2008.12.09 07:44:23.442,1.1901,1.19045,6.60,7.80
2008.12.09 07:44:23.722,1.1901,1.19045,6.60,6.20
2008.12.09 07:44:24.341,1.1901,1.19045,6.60,7.80
2008.12.09 07:44:25.941,1.1901,1.1904,6.60,6.20
2008.12.09 07:44:30.191,1.1901,1.1903,3.40,1.00
2008.12.09 07:44:30.350,1.19025,1.1903,3.00,1.00
2008.12.09 07:44:30.461,1.19025,1.1904,3.00,6.40
2008.12.09 07:44:30.750,1.19,1.1904,3.20,6.40
2008.12.09 07:44:30.980,1.18995,1.1904,21.40,6.40
2008.12.09 07:44:34.399,1.1901,1.1904,8.00,6.40
2008.12.09 07:44:34.809,1.1901,1.1904,8.00,5.40
2008.12.09 07:44:35.389,1.1901,1.1904,11.00,5.40
2008.12.09 07:44:35.799,1.1901,1.1904,14.20,5.40
2008.12.09 07:44:38.109,1.1901,1.1904,15.00,5.40
2008.12.09 07:44:38.718,1.1901,1.19035,15.00,1.00
2008.12.09 07:44:39.178,1.1901,1.19035,3.00,1.00
2008.12.09 07:44:41.877,1.19015,1.19035,3.00,1.00
2008.12.09 07:44:43.727,1.19015,1.19035,4.20,1.00
2008.12.09 07:44:44.937,1.19015,1.19035,3.00,1.00
2008.12.09 07:44:46.906,1.19015,1.19035,4.20,1.00
2008.12.09 07:44:47.696,1.19015,1.19035,1.00,1.00
2008.12.09 07:44:47.876,1.1901,1.19035,4.80,1.00
2008.12.09 07:44:48.146,1.19005,1.19035,3.00,1.00
2008.12.09 07:44:48.486,1.19,1.19035,18.20,1.00
2008.12.09 07:44:48.766,1.19,1.1903,8.00,5.00
2008.12.09 07:44:49.166,1.18995,1.1903,3.00,5.00
2008.12.09 07:44:50.885,1.1901,1.19035,3.00,4.00
2008.12.09 07:44:51.246,1.1901,1.19035,3.00,2.40
2008.12.09 07:44:51.365,1.1901,1.19035,3.00,1.00
2008.12.09 07:44:51.545,1.1901,1.1904,3.00,4.80
2008.12.09 07:44:51.725,1.1901,1.19045,3.00,2.40
2008.12.09 07:44:51.785,1.1901,1.19045,3.00,1.00
2008.12.09 07:44:52.375,1.1901,1.1904,8.60,4.80
2008.12.09 07:44:52.725,1.19,1.1903,10.20,1.00
2008.12.09 07:44:53.235,1.1901,1.1903,8.00,1.00
2008.12.09 07:44:54.764,1.19,1.1903,10.20,1.00
2008.12.09 07:44:55.164,1.19,1.1903,8.00,1.00
2008.12.09 07:44:55.744,1.19,1.19025,8.00,1.00
2008.12.09 07:44:56.224,1.19,1.19025,8.00,2.40
2008.12.09 07:44:56.524,1.18995,1.19025,3.00,2.40
2008.12.09 07:45:00.513,1.1898,1.1901,8.00,1.00
2008.12.09 07:45:00.813,1.1897,1.1901,18.20,1.00
2008.12.09 07:45:01.213,1.18975,1.1901,3.00,1.80
2008.12.09 07:45:01.733,1.18975,1.19005,3.00,1.00
2008.12.09 07:45:05.092,1.18975,1.1901,3.00,3.40
2008.12.09 07:45:05.382,1.18975,1.1901,4.60,1.00
2008.12.09 07:45:06.181,1.18975,1.1901,6.20,1.20
2008.12.09 07:45:07.681,1.18975,1.1901,3.20,1.20
2008.12.09 07:45:07.791,1.18975,1.19,3.20,1.00
2008.12.09 07:45:08.061,1.1897,1.19,11.80,1.00
2008.12.09 07:45:08.171,1.18965,1.19,1.60,1.00
2008.12.09 07:45:08.351,1.18965,1.19,1.60,1.20
2008.12.09 07:45:08.471,1.18965,1.19,3.20,1.20
2008.12.09 07:45:08.701,1.1898,1.19,8.00,1.20
2008.12.09 07:45:09.101,1.1897,1.19,8.00,1.20
2008.12.09 07:45:09.551,1.1897,1.19,8.60,1.20
2008.12.09 07:45:11.061,1.18965,1.19,1.60,1.20
2008.12.09 07:45:12.030,1.1898,1.19,4.80,1.20
2008.12.09 07:45:13.750,1.1898,1.19,4.80,1.80
2008.12.09 07:45:20.708,1.1898,1.19,4.80,1.20
2008.12.09 07:45:21.448,1.18975,1.1899,3.00,1.00
2008.12.09 07:45:22.028,1.1895,1.1898,1.60,1.00
2008.12.09 07:45:22.428,1.18935,1.1898,23.00,8.20
2008.12.09 07:45:22.708,1.18935,1.1897,9.40,1.80
2008.12.09 07:45:23.108,1.1894,1.1897,3.00,5.80
2008.12.09 07:45:23.407,1.1894,1.1897,8.00,5.80
2008.12.09 07:45:23.758,1.1894,1.1897,8.60,1.20
2008.12.09 07:45:24.097,1.18935,1.1897,1.60,1.80
2008.12.09 07:45:24.377,1.18925,1.1896,6.40,1.00
2008.12.09 07:45:24.757,1.1893,1.1896,9.60,1.00
2008.12.09 07:45:25.047,1.18935,1.1896,1.60,1.00
2008.12.09 07:45:25.347,1.1894,1.1897,8.00,1.00
2008.12.09 07:45:25.577,1.18945,1.1897,1.60,1.00
2008.12.09 07:45:25.817,1.1894,1.1897,8.00,1.00
2008.12.09 07:45:26.037,1.1894,1.1897,1.60,1.20
2008.12.09 07:45:27.196,1.1894,1.1897,6.40,1.20
2008.12.09 07:45:27.946,1.1894,1.1897,4.80,1.20
2008.12.09 07:45:30.366,1.1894,1.18965,4.80,1.00
2008.12.09 07:45:31.006,1.1894,1.1897,12.80,1.20
2008.12.09 07:45:31.236,1.1894,1.1897,6.40,1.20
2008.12.09 07:45:31.526,1.1894,1.1897,8.00,1.20
2008.12.09 07:45:31.765,1.1894,1.1897,15.00,1.00
2008.12.09 07:45:32.095,1.18945,1.1897,1.60,1.00
2008.12.09 07:45:32.725,1.18945,1.1898,3.20,1.20
2008.12.09 07:45:33.015,1.1894,1.1897,8.60,1.00
2008.12.09 07:45:36.374,1.1894,1.1897,15.00,1.00
2008.12.09 07:45:36.954,1.18945,1.1897,1.60,1.00
2008.12.09 07:45:37.284,1.1895,1.1897,8.60,1.00
2008.12.09 07:45:37.624,1.18945,1.1897,1.60,1.00
2008.12.09 07:45:37.964,1.1895,1.1897,8.00,1.00
2008.12.09 07:45:38.254,1.1895,1.1898,10.20,1.00
2008.12.09 07:45:38.594,1.1895,1.1898,8.60,1.00
2008.12.09 07:45:39.164,1.1895,1.1898,8.00,1.00
2008.12.09 07:45:39.893,1.1895,1.1898,8.60,1.00
2008.12.09 07:45:42.703,1.1895,1.1898,10.20,1.00
2008.12.09 07:45:42.873,1.1895,1.1898,13.40,1.00
2008.12.09 07:45:43.223,1.1895,1.1898,19.80,1.00
2008.12.09 07:45:43.342,1.18955,1.1898,3.20,1.00
2008.12.09 07:45:43.552,1.18955,1.1899,3.20,9.80
2008.12.09 07:45:43.663,1.18955,1.1899,1.60,1.80
2008.12.09 07:45:43.782,1.18955,1.1899,3.20,1.80
2008.12.09 07:45:44.132,1.18955,1.1899,1.60,1.80
2008.12.09 07:45:44.542,1.1896,1.1899,3.00,1.20
2008.12.09 07:45:44.892,1.1896,1.1899,11.00,1.20
2008.12.09 07:45:45.992,1.1896,1.1899,11.80,1.20
2008.12.09 07:45:46.172,1.1896,1.1899,16.60,1.20
2008.12.09 07:45:46.412,1.1896,1.1899,16.60,1.80
2008.12.09 07:45:47.102,1.1897,1.1899,3.00,1.80
2008.12.09 07:45:47.681,1.1896,1.1899,9.40,2.60
2008.12.09 07:45:47.912,1.1896,1.1899,7.80,2.60
2008.12.09 07:45:48.481,1.1896,1.1899,3.00,6.60
2008.12.09 07:45:50.371,1.1896,1.1899,7.80,1.80
2008.12.09 07:45:51.521,1.1897,1.1899,3.00,1.80
2008.12.09 07:45:51.991,1.1896,1.1899,7.80,1.80
2008.12.09 07:45:53.070,1.1896,1.1899,4.80,1.80
2008.12.09 07:45:56.719,1.1896,1.1899,4.80,3.00
2008.12.09 07:45:56.890,1.1896,1.1898,4.80,1.40
2008.12.09 07:45:57.069,1.1896,1.1898,4.80,1.00
2008.12.09 07:45:59.009,1.18965,1.1898,3.00,1.00
2008.12.09 07:46:02.378,1.18965,1.18985,3.00,1.00
2008.12.09 07:46:03.577,1.18965,1.1898,3.00,1.00
2008.12.09 07:46:04.218,1.18965,1.1898,3.00,1.20
2008.12.09 07:46:07.437,1.18955,1.1898,6.20,1.20
2008.12.09 07:46:07.737,1.18955,1.1898,4.60,1.20
2008.12.09 07:46:11.346,1.18955,1.1898,3.00,1.20
2008.12.09 07:46:11.746,1.18955,1.1897,3.00,1.20
2008.12.09 07:46:14.025,1.1895,1.1897,4.80,1.20
2008.12.09 07:46:14.665,1.18945,1.1897,4.60,1.20
2008.12.09 07:46:15.295,1.18945,1.1897,6.60,1.20
2008.12.09 07:46:17.215,1.18945,1.1897,3.00,1.20
2008.12.09 07:46:17.575,1.18955,1.1897,3.00,1.20
2008.12.09 07:46:17.964,1.1895,1.1897,8.00,1.00
2008.12.09 07:46:18.244,1.18945,1.1897,1.60,1.00
2008.12.09 07:46:18.474,1.1894,1.1897,9.60,1.00
2008.12.09 07:46:19.834,1.18955,1.1897,3.00,1.00
2008.12.09 07:46:20.174,1.18945,1.1897,1.20,1.00
2008.12.09 07:46:21.703,1.1895,1.18965,1.20,1.00
2008.12.09 07:46:27.012,1.1894,1.18965,5.60,1.00
2008.12.09 07:46:27.252,1.1894,1.1896,2.40,1.00
2008.12.09 07:46:28.671,1.18945,1.1896,3.00,1.00
2008.12.09 07:46:28.852,1.1894,1.1896,2.40,1.00
2008.12.09 07:46:29.132,1.1894,1.1896,4.00,1.00
2008.12.09 07:46:29.581,1.1894,1.18955,4.00,1.00
2008.12.09 07:46:30.291,1.1894,1.1896,4.00,2.20
2008.12.09 07:46:31.611,1.1895,1.1896,3.00,2.20
2008.12.09 07:46:31.901,1.1895,1.18965,3.00,1.00
2008.12.09 07:46:32.221,1.1895,1.18965,4.00,1.00
2008.12.09 07:46:32.851,1.1895,1.18965,1.20,1.00
2008.12.09 07:46:33.491,1.1894,1.18955,1.20,1.00
2008.12.09 07:46:34.920,1.1894,1.18965,1.20,4.00
2008.12.09 07:46:35.211,1.1894,1.18965,1.20,1.00
2008.12.09 07:46:35.510,1.18945,1.18965,3.00,1.00
2008.12.09 07:46:36.430,1.18945,1.18965,6.60,1.00
2008.12.09 07:46:36.830,1.1895,1.18965,1.20,1.00
2008.12.09 07:46:37.160,1.1895,1.1897,1.20,1.00
2008.12.09 07:46:38.409,1.1896,1.1897,3.00,1.00
2008.12.09 07:46:38.639,1.1896,1.18975,3.00,1.00
2008.12.09 07:46:38.869,1.1896,1.1898,3.00,7.00
2008.12.09 07:46:39.099,1.1896,1.1898,4.00,1.00
2008.12.09 07:46:39.549,1.1896,1.1898,1.20,1.00
2008.12.09 07:46:39.769,1.1896,1.1898,4.00,1.00
2008.12.09 07:46:40.069,1.1896,1.1898,1.20,1.00
2008.12.09 07:46:40.690,1.1896,1.1898,4.00,1.00
2008.12.09 07:46:41.329,1.1896,1.1898,1.20,1.00
2008.12.09 07:46:41.858,1.1896,1.18965,1.20,1.00
2008.12.09 07:46:42.889,1.1896,1.1898,1.20,2.20
2008.12.09 07:46:43.058,1.1896,1.1898,1.20,1.40
2008.12.09 07:46:43.398,1.1896,1.1898,1.20,2.20
2008.12.09 07:46:43.628,1.1896,1.1898,1.20,1.00
2008.12.09 07:46:46.078,1.1896,1.1898,4.40,1.00
2008.12.09 07:46:49.167,1.18965,1.1899,6.60,5.40
2008.12.09 07:46:49.397,1.18965,1.1899,6.60,1.00
2008.12.09 07:46:53.476,1.18975,1.1899,3.00,1.00
2008.12.09 07:46:56.225,1.1897,1.1899,2.40,1.00
2008.12.09 07:46:56.565,1.1897,1.1899,1.00,1.00
2008.12.09 07:47:00.304,1.1897,1.1899,1.00,3.40
2008.12.09 07:47:04.513,1.1897,1.1899,3.80,3.40
2008.12.09 07:47:04.753,1.1897,1.19,11.80,8.20
2008.12.09 07:47:05.093,1.18975,1.19,3.40,5.40
2008.12.09 07:47:05.273,1.1898,1.1901,7.40,11.20
2008.12.09 07:47:05.493,1.1899,1.1901,1.00,2.20
2008.12.09 07:47:05.713,1.1899,1.1901,1.00,1.00
2008.12.09 07:47:06.003,1.1899,1.1901,15.40,1.00
2008.12.09 07:47:06.333,1.19,1.1902,8.80,1.00
2008.12.09 07:47:06.683,1.19,1.1902,14.20,1.00
2008.12.09 07:47:07.043,1.19,1.1902,9.00,1.00
2008.12.09 07:47:07.343,1.19,1.1903,10.60,1.00
2008.12.09 07:47:07.632,1.19,1.1903,17.80,1.00
2008.12.09 07:47:07.972,1.19,1.1903,17.80,1.40
2008.12.09 07:47:08.382,1.19,1.1903,9.00,1.40
2008.12.09 07:47:09.592,1.19,1.1903,5.60,4.20
2008.12.09 07:47:10.652,1.19,1.1902,5.60,1.00
2008.12.09 07:47:11.841,1.19,1.1902,1.00,1.00
2008.12.09 07:47:13.611,1.1899,1.1902,20.20,1.00
2008.12.09 07:47:13.731,1.1899,1.1902,15.40,5.40
2008.12.09 07:47:14.331,1.1899,1.1902,12.20,5.40
2008.12.09 07:47:14.441,1.1899,1.1902,20.20,1.00
2008.12.09 07:47:14.951,1.19,1.19025,1.00,1.00
2008.12.09 07:47:15.290,1.19,1.1903,12.20,1.00
2008.12.09 07:47:15.700,1.19,1.1903,14.20,3.40
2008.12.09 07:47:16.000,1.19,1.1902,13.60,1.00
2008.12.09 07:47:16.060,1.19,1.1902,1.00,1.00
2008.12.09 07:47:20.849,1.19,1.1902,4.20,1.00
2008.12.09 07:47:21.089,1.19005,1.1903,3.00,5.40
2008.12.09 07:47:21.379,1.19005,1.1903,3.00,1.00
2008.12.09 07:47:21.719,1.1901,1.1903,1.00,1.00
2008.12.09 07:47:28.437,1.1901,1.1903,1.00,3.40
2008.12.09 07:47:32.486,1.1901,1.19025,1.00,1.00
2008.12.09 07:47:32.706,1.1901,1.19025,1.00,3.60
2008.12.09 07:47:33.056,1.1901,1.19025,1.00,2.80
2008.12.09 07:47:35.476,1.1901,1.19015,1.00,1.00
2008.12.09 07:47:35.765,1.18985,1.1901,3.00,1.00
2008.12.09 07:47:35.996,1.1898,1.1901,5.00,1.00
2008.12.09 07:47:36.295,1.1898,1.1901,3.40,1.00
2008.12.09 07:47:36.635,1.18975,1.1901,14.60,1.00
2008.12.09 07:47:36.855,1.1898,1.1901,15.40,1.00
2008.12.09 07:47:37.145,1.18985,1.1902,3.40,3.40
2008.12.09 07:47:38.295,1.1899,1.1902,3.00,3.40
2008.12.09 07:47:38.645,1.1899,1.1902,11.00,3.40
2008.12.09 07:47:38.765,1.1899,1.1902,3.00,3.40
2008.12.09 07:47:39.115,1.1899,1.1902,11.00,3.40
2008.12.09 07:47:39.165,1.18995,1.1902,3.00,3.40
2008.12.09 07:47:39.505,1.18995,1.1902,3.00,1.00
2008.12.09 07:47:39.555,1.19,1.1902,8.00,1.00
2008.12.09 07:47:41.355,1.18995,1.1902,4.60,1.00
2008.12.09 07:47:41.414,1.18995,1.1902,1.60,1.00
2008.12.09 07:47:41.644,1.18995,1.19015,1.60,1.00
2008.12.09 07:47:41.694,1.1899,1.1901,3.00,1.00
2008.12.09 07:47:42.044,1.1898,1.1901,21.80,1.00
2008.12.09 07:47:42.454,1.1898,1.1901,13.00,1.00
2008.12.09 07:47:42.854,1.1898,1.1901,4.60,3.40
2008.12.09 07:47:43.194,1.1898,1.19,3.00,1.00
2008.12.09 07:47:44.903,1.1898,1.19,3.00,1.40
2008.12.09 07:47:45.144,1.1897,1.19,14.60,1.40
2008.12.09 07:47:45.313,1.1897,1.18995,4.60,2.80
2008.12.09 07:47:45.493,1.1897,1.18995,3.00,2.80
2008.12.09 07:47:46.423,1.18975,1.19,3.00,1.40
2008.12.09 07:47:46.993,1.1898,1.19,3.40,1.00
2008.12.09 07:47:47.173,1.1899,1.19,1.60,1.00
2008.12.09 07:47:47.413,1.1899,1.19,1.60,1.40
2008.12.09 07:47:53.381,1.1899,1.19,1.60,1.00
2008.12.09 07:47:53.721,1.1899,1.1901,1.60,9.00
2008.12.09 07:47:53.831,1.1899,1.1901,1.60,6.20
2008.12.09 07:47:54.001,1.1899,1.1901,1.60,5.40
2008.12.09 07:47:54.341,1.1899,1.1901,6.40,5.40
2008.12.09 07:47:54.461,1.1899,1.19015,4.60,1.00
2008.12.09 07:47:54.841,1.1899,1.1902,8.20,9.40
2008.12.09 07:47:55.201,1.1899,1.1902,8.20,5.40
2008.12.09 07:47:55.551,1.18995,1.1902,3.40,1.00
2008.12.09 07:47:55.941,1.18995,1.19015,3.40,1.00
2008.12.09 07:47:56.331,1.18995,1.1902,3.40,2.20
2008.12.09 07:47:56.551,1.18995,1.1902,3.40,1.00
2008.12.09 07:47:57.191,1.1899,1.1902,8.20,1.00
2008.12.09 07:47:57.710,1.1899,1.1902,9.80,1.00
2008.12.09 07:47:57.990,1.19,1.1902,3.00,1.00
2008.12.09 07:47:59.520,1.18995,1.1902,5.00,1.00
2008.12.09 07:47:59.750,1.19,1.1902,8.00,1.00
2008.12.09 07:48:00.099,1.19,1.1902,3.00,1.00
2008.12.09 07:48:00.379,1.18995,1.1902,8.20,1.00
2008.12.09 07:48:00.729,1.19,1.1902,8.20,1.00
2008.12.09 07:48:01.459,1.19,1.1902,4.80,1.40
2008.12.09 07:48:01.799,1.19,1.1902,4.80,1.00
2008.12.09 07:48:02.409,1.19,1.1902,8.20,1.00
2008.12.09 07:48:07.438,1.19,1.1902,19.40,1.00
2008.12.09 07:48:07.668,1.19,1.1902,20.20,1.00
2008.12.09 07:48:09.508,1.19,1.1902,14.60,1.00
2008.12.09 07:48:10.277,1.19,1.1902,11.00,1.00
2008.12.09 07:48:10.557,1.19,1.1902,3.00,1.00
2008.12.09 07:48:11.757,1.19015,1.1903,3.00,3.40
2008.12.09 07:48:12.047,1.19,1.1903,1.60,1.00
2008.12.09 07:48:12.377,1.18995,1.1903,17.80,1.00
2008.12.09 07:48:12.737,1.18995,1.1903,19.40,1.00
2008.12.09 07:48:13.087,1.19,1.1903,20.20,1.00
2008.12.09 07:48:16.516,1.19,1.1903,20.20,1.40
2008.12.09 07:48:16.806,1.19,1.1903,11.40,1.40
2008.12.09 07:48:21.844,1.19005,1.1903,3.00,1.40
2008.12.09 07:48:22.064,1.19015,1.1903,3.00,1.40
2008.12.09 07:48:22.404,1.19005,1.1903,6.60,1.40
2008.12.09 07:48:29.303,1.1901,1.1903,3.00,1.40
2008.12.09 07:48:29.553,1.19015,1.1903,3.00,1.40
2008.12.09 07:48:29.773,1.19015,1.1903,3.00,1.00
2008.12.09 07:48:31.382,1.19015,1.1904,3.00,1.40
2008.12.09 07:48:31.952,1.19015,1.1904,3.00,1.00
2008.12.09 07:48:32.282,1.19025,1.1904,3.00,1.40
2008.12.09 07:48:32.682,1.19035,1.1905,3.00,8.40
2008.12.09 07:48:32.962,1.19035,1.1905,3.00,5.40
2008.12.09 07:48:33.192,1.19045,1.1905,3.00,1.00
2008.12.09 07:48:33.731,1.1904,1.1905,1.60,1.00
2008.12.09 07:48:34.022,1.19045,1.1905,3.00,1.00
2008.12.09 07:48:34.481,1.19045,1.1906,3.00,6.80
2008.12.09 07:48:34.771,1.19045,1.1906,3.00,3.60
2008.12.09 07:48:35.641,1.19045,1.1906,3.00,1.00
2008.12.09 07:48:35.991,1.1904,1.1907,4.80,8.40
2008.12.09 07:48:36.101,1.1904,1.1907,4.80,4.20
2008.12.09 07:48:36.271,1.19045,1.1907,3.00,12.20
2008.12.09 07:48:36.391,1.19045,1.1907,3.00,4.20
2008.12.09 07:48:36.631,1.19045,1.1906,3.00,1.00
2008.12.09 07:48:38.720,1.19045,1.1906,7.80,1.00
2008.12.09 07:48:39.121,1.19055,1.1906,3.00,1.00
2008.12.09 07:48:39.860,1.19065,1.19095,3.00,3.60
2008.12.09 07:48:40.150,1.1904,1.1908,6.60,1.00
2008.12.09 07:48:40.490,1.19045,1.1908,1.00,1.00
2008.12.09 07:48:45.299,1.1905,1.1907,1.00,3.80
2008.12.09 07:48:45.758,1.1904,1.1907,4.20,3.80
2008.12.09 07:48:46.258,1.1904,1.1907,4.20,5.40
2008.12.09 07:48:48.078,1.1904,1.1907,4.20,3.80
2008.12.09 07:48:48.648,1.1905,1.1907,1.00,1.00
2008.12.09 07:49:01.015,1.1905,1.1907,7.40,1.00
2008.12.09 07:49:01.195,1.1905,1.1907,12.20,1.00
2008.12.09 07:49:03.474,1.1905,1.1908,12.20,1.40
2008.12.09 07:49:04.974,1.19055,1.1908,3.00,1.00
2008.12.09 07:49:05.274,1.1906,1.1908,1.00,1.00
2008.12.09 07:49:05.564,1.1906,1.1908,3.80,1.00
2008.12.09 07:49:05.674,1.19065,1.1908,3.40,1.00
2008.12.09 07:49:17.701,1.1906,1.1908,4.20,1.00
2008.12.09 07:49:18.601,1.19055,1.1908,6.60,1.00
2008.12.09 07:49:18.711,1.19055,1.1907,3.00,1.00
2008.12.09 07:49:18.881,1.19055,1.1907,3.00,1.40
2008.12.09 07:49:19.051,1.19045,1.1907,3.40,1.00
2008.12.09 07:49:19.231,1.1905,1.1907,3.40,1.00
2008.12.09 07:49:19.631,1.1905,1.1908,4.20,1.00
2008.12.09 07:49:19.970,1.19055,1.1908,3.40,1.00
2008.12.09 07:49:21.420,1.1906,1.1908,4.20,1.00
2008.12.09 07:49:22.740,1.1906,1.1908,1.00,5.40
2008.12.09 07:49:23.549,1.1906,1.1908,4.20,5.40
2008.12.09 07:49:23.839,1.1906,1.1908,4.20,1.00
2008.12.09 07:49:31.958,1.19065,1.1908,1.60,1.00
2008.12.09 07:49:32.128,1.1907,1.1908,3.00,1.00
2008.12.09 07:49:32.358,1.1907,1.1909,3.00,1.00
2008.12.09 07:49:32.587,1.19065,1.1909,3.40,1.00
2008.12.09 07:49:49.993,1.19065,1.1908,3.40,1.00
2008.12.09 07:49:50.693,1.1906,1.1908,9.00,1.00
2008.12.09 07:49:54.562,1.19065,1.1908,3.40,1.00
2008.12.09 07:49:55.072,1.19065,1.1909,3.40,4.60
2008.12.09 07:49:55.472,1.19065,1.1909,3.40,1.00
2008.12.09 07:50:10.888,1.1907,1.1909,3.40,1.00
2008.12.09 07:50:11.168,1.1908,1.19095,1.60,2.40
2008.12.09 07:50:11.448,1.1909,1.19095,1.60,2.40
2008.12.09 07:50:11.738,1.1908,1.19095,1.60,1.60
2008.12.09 07:50:12.088,1.1909,1.191,1.20,5.60
2008.12.09 07:50:12.438,1.1909,1.191,1.20,7.20
2008.12.09 07:50:12.828,1.1909,1.191,1.20,8.00
2008.12.09 07:50:14.067,1.1908,1.191,1.60,8.00
2008.12.09 07:50:14.367,1.1908,1.191,1.60,12.80
2008.12.09 07:50:14.547,1.1908,1.191,1.60,9.60
2008.12.09 07:50:14.717,1.1908,1.191,1.60,5.60
2008.12.09 07:50:15.217,1.1908,1.191,1.60,1.00
2008.12.09 07:50:17.067,1.1908,1.191,1.60,5.60
2008.12.09 07:50:17.586,1.1908,1.191,1.60,9.60
2008.12.09 07:50:19.066,1.1908,1.191,1.60,4.80
2008.12.09 07:50:21.096,1.19085,1.19105,3.00,1.00
2008.12.09 07:50:21.396,1.19095,1.1911,3.00,2.40
2008.12.09 07:50:21.625,1.1909,1.1911,6.60,1.60
2008.12.09 07:50:21.915,1.1909,1.1911,5.00,1.00
2008.12.09 07:50:22.655,1.19095,1.1911,3.40,1.00
2008.12.09 07:50:23.105,1.191,1.1911,1.60,1.00
2008.12.09 07:50:27.344,1.191,1.1911,5.00,1.00
2008.12.09 07:50:27.754,1.191,1.1911,1.60,1.00
2008.12.09 07:50:32.753,1.191,1.1911,5.00,1.00
2008.12.09 07:50:33.103,1.191,1.1911,9.80,1.00
2008.12.09 07:50:33.783,1.191,1.1911,14.20,1.00
2008.12.09 07:50:34.062,1.19115,1.19155,3.00,3.60
2008.12.09 07:50:34.292,1.19115,1.1916,3.00,8.40
2008.12.09 07:50:34.702,1.19115,1.1916,3.00,3.60
2008.12.09 07:50:35.672,1.19125,1.19155,3.00,10.00
2008.12.09 07:50:36.082,1.19135,1.1915,3.00,1.00
2008.12.09 07:50:36.542,1.1913,1.1915,2.40,1.00
2008.12.09 07:50:36.932,1.1913,1.19155,1.00,3.60
2008.12.09 07:50:37.232,1.1913,1.1915,1.00,6.40
2008.12.09 07:50:37.612,1.1912,1.1915,4.20,6.40
2008.12.09 07:50:37.852,1.1912,1.19145,1.00,2.40
2008.12.09 07:50:38.192,1.1912,1.1914,1.00,6.40
2008.12.09 07:50:38.591,1.1912,1.1914,1.00,1.60
2008.12.09 07:50:39.002,1.1912,1.19145,1.00,1.60
2008.12.09 07:50:39.241,1.1912,1.1915,1.00,7.60
2008.12.09 07:50:39.931,1.19125,1.1915,3.00,7.60
2008.12.09 07:50:40.161,1.1912,1.1915,9.40,7.60
2008.12.09 07:50:40.461,1.1912,1.1915,1.00,7.60
2008.12.09 07:50:41.860,1.19135,1.1915,3.40,4.80
2008.12.09 07:50:42.021,1.19145,1.1915,3.00,4.80
2008.12.09 07:50:42.081,1.19145,1.1916,3.00,2.40
2008.12.09 07:50:42.201,1.19145,1.1916,4.20,1.00
2008.12.09 07:50:43.340,1.19145,1.1916,3.00,1.00
2008.12.09 07:50:44.180,1.19145,1.1917,3.00,3.60
2008.12.09 07:50:44.410,1.19145,1.19175,3.00,5.20
2008.12.09 07:50:44.760,1.1915,1.1918,1.00,7.60
2008.12.09 07:50:45.230,1.1915,1.1918,5.60,2.80
2008.12.09 07:50:46.420,1.1915,1.19185,9.00,3.60
2008.12.09 07:50:46.649,1.1915,1.19185,9.00,5.20
2008.12.09 07:50:47.849,1.19165,1.19185,3.40,1.60
2008.12.09 07:50:48.129,1.19175,1.1919,12.80,4.80
2008.12.09 07:50:48.399,1.1918,1.19195,3.00,1.60
2008.12.09 07:50:49.299,1.19185,1.19205,3.00,1.00
2008.12.09 07:50:49.639,1.1919,1.19205,1.00,1.00
2008.12.09 07:50:57.147,1.19185,1.19205,3.00,1.00
2008.12.09 07:51:00.716,1.192,1.19205,3.20,1.00
2008.12.09 07:51:01.336,1.192,1.19205,3.20,1.50
2008.12.09 07:51:02.506,1.192,1.19205,3.20,2.40
2008.12.09 07:51:02.676,1.192,1.19205,3.20,1.50
2008.12.09 07:51:03.145,1.1918,1.19195,7.20,1.00
2008.12.09 07:51:03.376,1.19175,1.19195,1.00,1.00
2008.12.09 07:51:03.675,1.19175,1.19205,1.00,5.20
2008.12.09 07:51:04.025,1.19175,1.192,1.00,4.80
2008.12.09 07:51:04.665,1.1918,1.192,1.00,7.60
2008.12.09 07:51:05.005,1.1917,1.192,1.00,7.60
2008.12.09 07:51:05.585,1.1917,1.19195,1.00,1.00
2008.12.09 07:51:05.745,1.1917,1.19195,1.00,2.80
2008.12.09 07:51:05.915,1.1917,1.19195,1.00,3.60
2008.12.09 07:51:07.235,1.1917,1.1919,1.00,2.80
2008.12.09 07:51:08.734,1.1916,1.1919,1.00,7.60
2008.12.09 07:51:08.974,1.19175,1.1919,1.60,4.40
2008.12.09 07:51:09.154,1.1916,1.1919,1.60,9.20
2008.12.09 07:51:09.374,1.19155,1.1919,3.60,4.80
2008.12.09 07:51:12.773,1.1916,1.19175,3.60,1.00
2008.12.09 07:51:12.933,1.1916,1.19175,1.00,1.00
2008.12.09 07:51:13.103,1.1915,1.1916,4.80,1.00
2008.12.09 07:51:13.393,1.1915,1.1916,4.80,1.00
2008.12.09 07:51:13.673,1.19145,1.1917,3.00,2.80
2008.12.09 07:51:13.953,1.19145,1.1916,3.00,1.00
2008.12.09 07:51:14.623,1.19145,1.19165,3.00,3.60
2008.12.09 07:51:16.162,1.19145,1.1917,3.00,9.20
2008.12.09 07:51:16.332,1.19145,1.1917,3.00,2.80
2008.12.09 07:51:16.852,1.19145,1.19175,3.00,3.60
2008.12.09 07:51:17.662,1.1915,1.1918,4.80,4.40
2008.12.09 07:51:17.832,1.1915,1.19175,4.80,2.80
2008.12.09 07:51:18.062,1.1915,1.19175,1.00,2.80
2008.12.09 07:51:18.592,1.1915,1.19175,1.00,3.60
2008.12.09 07:51:18.882,1.1915,1.1917,1.00,2.80
2008.12.09 07:51:19.222,1.19145,1.1917,3.00,2.80
2008.12.09 07:51:20.621,1.19145,1.19165,3.00,1.00
2008.12.09 07:51:20.841,1.19145,1.1916,3.00,1.00
2008.12.09 07:51:22.891,1.1914,1.1917,3.20,12.40
2008.12.09 07:51:23.071,1.1914,1.19165,3.20,1.60
2008.12.09 07:51:23.250,1.1914,1.1916,3.20,1.60
2008.12.09 07:51:23.410,1.1914,1.1916,11.20,1.60
2008.12.09 07:51:23.810,1.1914,1.1916,3.20,1.60
2008.12.09 07:51:24.051,1.1913,1.1916,8.00,9.20
2008.12.09 07:51:24.281,1.19125,1.1916,6.60,9.20
2008.12.09 07:51:24.510,1.1914,1.19155,1.00,3.60
2008.12.09 07:51:24.850,1.1913,1.1915,1.00,1.00
2008.12.09 07:51:25.171,1.1913,1.19145,1.00,1.00
2008.12.09 07:51:25.510,1.1912,1.19145,1.00,2.40
2008.12.09 07:51:26.430,1.1912,1.19145,1.00,1.60
2008.12.09 07:51:26.660,1.1912,1.1915,1.00,7.60
2008.12.09 07:51:26.940,1.1912,1.1915,1.00,5.20
2008.12.09 07:51:27.220,1.1912,1.1915,3.60,2.40
2008.12.09 07:51:27.500,1.1912,1.19155,3.60,2.80
2008.12.09 07:51:27.889,1.1912,1.1915,1.00,3.60
2008.12.09 07:51:28.059,1.1912,1.1915,1.00,11.60
2008.12.09 07:51:28.299,1.1912,1.1915,3.60,4.80
2008.12.09 07:51:28.519,1.1912,1.1915,3.60,1.60
2008.12.09 07:51:29.679,1.1912,1.1915,1.00,4.40
2008.12.09 07:51:29.969,1.1912,1.1915,1.00,8.40
2008.12.09 07:51:30.209,1.1912,1.1915,1.00,11.60
2008.12.09 07:51:30.489,1.1912,1.19145,1.00,1.60
2008.12.09 07:51:30.779,1.19115,1.19145,3.40,1.60
2008.12.09 07:51:33.348,1.19115,1.19145,3.40,2.40
2008.12.09 07:51:33.838,1.1912,1.1915,3.40,8.80
2008.12.09 07:51:34.138,1.1912,1.1915,3.40,7.20
2008.12.09 07:51:34.428,1.1912,1.1915,3.40,8.80
2008.12.09 07:51:34.728,1.1912,1.1915,3.40,4.80
2008.12.09 07:51:34.968,1.1912,1.1915,3.40,8.80
2008.12.09 07:51:35.438,1.1912,1.1915,3.40,12.00
2008.12.09 07:51:36.008,1.1912,1.1914,3.40,1.00
2008.12.09 07:51:36.338,1.1912,1.1915,3.40,12.00
2008.12.09 07:51:36.498,1.1912,1.1915,3.40,8.80
2008.12.09 07:51:36.667,1.1912,1.1915,3.40,11.20
2008.12.09 07:51:38.077,1.1912,1.19135,6.60,1.00
2008.12.09 07:51:38.357,1.1912,1.19145,3.40,1.60
2008.12.09 07:51:38.687,1.1912,1.1915,3.40,11.20
2008.12.09 07:51:38.987,1.19115,1.1915,3.40,17.20
2008.12.09 07:51:39.847,1.19115,1.1915,3.40,17.20
2008.12.09 07:51:40.847,1.19115,1.1915,3.40,14.00
2008.12.09 07:51:41.306,1.19115,1.1915,3.40,14.00
2008.12.09 07:51:41.536,1.19115,1.19145,3.40,1.60
2008.12.09 07:51:41.756,1.19115,1.1915,3.40,17.20
2008.12.09 07:51:42.776,1.19115,1.1914,3.40,1.00
2008.12.09 07:51:44.046,1.19115,1.19145,3.40,3.20
2008.12.09 07:51:44.265,1.19115,1.1915,3.40,18.80
2008.12.09 07:51:44.486,1.19115,1.1915,3.40,17.20
2008.12.09 07:51:46.185,1.19115,1.1915,3.40,14.00
2008.12.09 07:51:46.305,1.19115,1.1915,3.40,8.40
2008.12.09 07:51:46.475,1.19115,1.1915,5.00,7.60
2008.12.09 07:51:47.235,1.19115,1.1915,5.00,11.60
2008.12.09 07:51:47.475,1.19115,1.1915,3.40,7.60
2008.12.09 07:51:48.155,1.19115,1.1915,3.40,8.40
2008.12.09 07:51:49.774,1.19115,1.1915,3.40,7.60
2008.12.09 07:51:51.614,1.19115,1.19145,3.40,1.00
2008.12.09 07:51:51.724,1.19115,1.19145,3.40,2.40
2008.12.09 07:51:51.964,1.19115,1.19145,3.40,4.00
2008.12.09 07:51:52.653,1.19115,1.19145,3.40,3.20
2008.12.09 07:51:52.973,1.19115,1.1915,3.40,12.40
2008.12.09 07:51:54.213,1.19115,1.1915,6.60,12.40
2008.12.09 07:51:54.383,1.19115,1.1915,6.60,10.80
2008.12.09 07:51:54.553,1.19115,1.1915,6.60,7.60
2008.12.09 07:51:54.783,1.1912,1.1915,3.40,4.80
2008.12.09 07:51:55.943,1.1912,1.1915,3.40,6.40
2008.12.09 07:51:57.043,1.1912,1.1915,3.40,4.80
2008.12.09 07:51:57.263,1.1912,1.1915,3.40,6.40
2008.12.09 07:51:57.542,1.1912,1.1915,3.40,4.80
2008.12.09 07:51:59.122,1.1912,1.1915,3.40,6.40
2008.12.09 07:51:59.292,1.19115,1.1915,3.40,7.60
2008.12.09 07:52:00.522,1.1912,1.1915,3.00,7.60
2008.12.09 07:52:01.321,1.19115,1.1915,9.80,7.60
2008.12.09 07:52:01.422,1.1912,1.1915,3.00,7.60
2008.12.09 07:52:01.592,1.19115,1.1915,8.20,7.60
2008.12.09 07:52:01.931,1.19115,1.1915,6.60,7.60
2008.12.09 07:52:04.331,1.1912,1.1915,9.80,4.80
2008.12.09 07:52:04.551,1.1912,1.19155,26.60,3.60
2008.12.09 07:52:04.940,1.1913,1.1916,6.60,4.80
2008.12.09 07:52:05.170,1.1914,1.1917,3.40,6.40
2008.12.09 07:52:05.461,1.1914,1.19175,6.60,4.40
2008.12.09 07:52:05.751,1.1914,1.19175,3.40,4.40
2008.12.09 07:52:06.090,1.19145,1.1918,3.40,17.20
2008.12.09 07:52:06.490,1.19145,1.19175,3.40,3.20
2008.12.09 07:52:06.910,1.19145,1.1918,3.40,11.60
2008.12.09 07:52:07.080,1.19145,1.1918,3.40,7.60
2008.12.09 07:52:07.380,1.1915,1.19185,3.40,6.00
2008.12.09 07:52:07.600,1.1915,1.19185,3.40,4.40
2008.12.09 07:52:07.940,1.1915,1.1918,5.00,1.00
2008.12.09 07:52:08.340,1.19155,1.19185,3.40,3.20
2008.12.09 07:52:08.780,1.1915,1.19185,11.40,4.40
2008.12.09 07:52:09.119,1.19145,1.1918,3.40,4.40
2008.12.09 07:52:09.392,1.19145,1.1918,3.40,6.00
2008.12.09 07:52:09.740,1.19145,1.1918,3.40,4.40
2008.12.09 07:52:10.139,1.19145,1.19175,3.40,1.60
2008.12.09 07:52:10.549,1.19145,1.1918,3.40,14.00
2008.12.09 07:52:10.939,1.19145,1.1918,3.40,4.40
2008.12.09 07:52:11.269,1.19145,1.1918,3.40,2.80
2008.12.09 07:52:11.559,1.1915,1.19185,3.40,4.40
2008.12.09 07:52:12.079,1.1915,1.19185,11.40,4.40
2008.12.09 07:52:13.419,1.1915,1.19185,11.40,5.20
2008.12.09 07:52:13.708,1.1915,1.1918,3.40,1.60
2008.12.09 07:52:13.938,1.1915,1.19185,3.40,6.80
2008.12.09 07:52:14.178,1.1915,1.19175,3.40,1.00
2008.12.09 07:52:14.528,1.19145,1.19175,3.40,1.00
2008.12.09 07:52:15.788,1.19145,1.19165,3.40,1.00
2008.12.09 07:52:16.358,1.1914,1.19165,3.40,1.00
2008.12.09 07:52:17.557,1.1914,1.19175,3.40,2.80
2008.12.09 07:52:17.837,1.19145,1.1918,3.40,7.60
2008.12.09 07:52:19.117,1.19145,1.1918,3.40,11.60
2008.12.09 07:52:19.297,1.19145,1.19175,3.40,1.60
2008.12.09 07:52:22.486,1.19145,1.19175,3.40,2.40
2008.12.09 07:52:22.646,1.19145,1.19175,3.40,1.00
2008.12.09 07:52:23.146,1.1915,1.19175,1.60,1.00
2008.12.09 07:52:23.326,1.1916,1.1918,3.00,8.80
2008.12.09 07:52:23.676,1.19155,1.1918,3.00,4.80
2008.12.09 07:52:24.036,1.19155,1.1918,6.60,4.80
2008.12.09 07:52:24.376,1.19155,1.19185,6.60,1.00
2008.12.09 07:52:24.786,1.1916,1.1919,3.40,4.80
2008.12.09 07:52:26.775,1.1916,1.1919,8.20,4.80
2008.12.09 07:52:27.305,1.1916,1.1919,15.40,4.80
2008.12.09 07:52:27.425,1.1916,1.1919,12.20,4.80
2008.12.09 07:52:27.655,1.1916,1.1919,11.40,4.80
2008.12.09 07:52:27.995,1.1916,1.1919,3.40,4.80
2008.12.09 07:52:29.255,1.1916,1.1919,19.40,4.80
2008.12.09 07:52:30.555,1.1916,1.1919,16.20,4.80
2008.12.09 07:52:30.854,1.19165,1.19195,3.40,1.00
2008.12.09 07:52:31.654,1.1916,1.19195,21.80,3.60
2008.12.09 07:52:31.834,1.1916,1.19195,21.80,3.60
2008.12.09 07:52:32.004,1.1916,1.1919,15.40,4.80
2008.12.09 07:52:32.184,1.1916,1.1919,18.60,4.80
2008.12.09 07:52:33.174,1.1916,1.1919,15.40,4.80
2008.12.09 07:52:33.853,1.1916,1.1919,16.20,4.80
2008.12.09 07:52:34.604,1.19165,1.1919,3.40,4.80
2008.12.09 07:52:35.003,1.19165,1.19195,3.40,1.00
2008.12.09 07:52:39.232,1.19155,1.19185,3.40,1.00
2008.12.09 07:52:39.462,1.19155,1.19185,3.40,2.40
2008.12.09 07:52:40.512,1.19155,1.19185,6.60,1.00
2008.12.09 07:52:40.782,1.19155,1.1919,6.60,11.60
2008.12.09 07:52:41.062,1.19155,1.1919,3.40,7.60
2008.12.09 07:52:43.161,1.19155,1.1919,6.60,7.60
2008.12.09 07:52:43.851,1.19155,1.1919,3.40,7.60
2008.12.09 07:52:45.561,1.19165,1.1919,3.00,4.80
2008.12.09 07:52:45.911,1.19165,1.19195,3.00,3.60
2008.12.09 07:52:47.860,1.19165,1.19195,3.00,3.60
2008.12.09 07:52:48.080,1.19165,1.19185,3.00,2.80
2008.12.09 07:52:48.790,1.19155,1.19185,3.00,2.80
2008.12.09 07:52:50.780,1.19155,1.1919,6.60,7.60
2008.12.09 07:52:50.959,1.19155,1.1919,8.20,7.60
2008.12.09 07:52:52.039,1.1916,1.1919,4.80,7.60
2008.12.09 07:52:52.269,1.1917,1.1919,3.00,7.60
2008.12.09 07:52:52.499,1.1917,1.1919,3.00,4.80
2008.12.09 07:52:52.669,1.1916,1.1919,10.20,7.60
2008.12.09 07:52:52.899,1.1916,1.1919,8.00,7.60
2008.12.09 07:52:53.249,1.1916,1.1919,8.60,7.60
2008.12.09 07:52:53.639,1.1916,1.1919,13.40,7.60
2008.12.09 07:52:53.929,1.1916,1.1919,11.80,7.60
2008.12.09 07:52:55.778,1.1916,1.1919,17.00,4.80
2008.12.09 07:52:55.998,1.1916,1.19195,26.60,3.60
2008.12.09 07:52:56.218,1.19165,1.19195,1.60,3.60
2008.12.09 07:52:57.578,1.1916,1.19195,21.80,3.60
2008.12.09 07:52:57.818,1.1916,1.19195,20.20,3.60
2008.12.09 07:53:00.927,1.1916,1.1919,11.80,7.60
2008.12.09 07:53:01.937,1.1916,1.1919,11.00,7.60
2008.12.09 07:53:07.706,1.1916,1.1919,11.80,7.60
2008.12.09 07:53:08.415,1.1916,1.1919,11.00,7.60
2008.12.09 07:53:10.445,1.1916,1.1919,8.00,7.60
2008.12.09 07:53:10.975,1.19155,1.1919,9.80,7.60
2008.12.09 07:53:11.254,1.19155,1.1919,8.20,7.60
2008.12.09 07:53:15.054,1.19165,1.1919,3.00,7.60
2008.12.09 07:53:17.823,1.19155,1.19185,3.00,2.80
2008.12.09 07:53:18.003,1.19155,1.19185,3.00,3.60
2008.12.09 07:53:18.353,1.19155,1.1918,3.00,2.80
2008.12.09 07:53:23.812,1.19155,1.19185,3.00,3.60
2008.12.09 07:53:25.691,1.19155,1.19185,3.00,2.80
2008.12.09 07:53:25.961,1.19165,1.19185,3.00,2.80
2008.12.09 07:53:26.241,1.19165,1.1919,3.00,7.60
2008.12.09 07:53:26.421,1.19165,1.1919,3.00,8.40
2008.12.09 07:53:26.761,1.19165,1.19185,3.00,2.80
2008.12.09 07:53:26.941,1.19155,1.19185,3.00,2.80
2008.12.09 07:53:27.291,1.1915,1.19185,18.60,2.80
2008.12.09 07:53:27.461,1.1915,1.19185,17.00,2.80
2008.12.09 07:53:27.631,1.1915,1.19185,9.80,2.80
2008.12.09 07:53:27.920,1.1915,1.19185,3.40,2.80
2008.12.09 07:53:30.140,1.1915,1.1917,3.40,1.00
2008.12.09 07:53:31.230,1.19145,1.1917,6.60,1.00
2008.12.09 07:53:31.460,1.19145,1.1917,9.80,1.00
2008.12.09 07:53:34.209,1.19145,1.19175,9.80,1.60
2008.12.09 07:53:34.499,1.19155,1.1918,3.00,8.40
2008.12.09 07:53:34.729,1.1916,1.1918,3.20,3.60
2008.12.09 07:53:35.009,1.19165,1.1918,3.00,1.00
2008.12.09 07:53:35.119,1.19165,1.19175,3.00,2.80
2008.12.09 07:53:35.649,1.19155,1.19175,3.00,3.60
2008.12.09 07:53:35.998,1.19145,1.1918,9.80,10.00
2008.12.09 07:53:36.289,1.19145,1.19175,3.00,3.60
2008.12.09 07:53:38.138,1.19145,1.19175,6.20,3.60
2008.12.09 07:53:38.318,1.19155,1.19175,3.00,1.00
2008.12.09 07:53:39.478,1.19155,1.19185,3.00,4.40
2008.12.09 07:53:41.207,1.19155,1.19185,3.00,2.80
2008.12.09 07:53:43.916,1.19155,1.1919,8.20,7.60
2008.12.09 07:53:44.487,1.1916,1.1919,3.40,4.80
2008.12.09 07:53:45.646,1.19155,1.1919,3.40,7.60
2008.12.09 07:53:45.926,1.19155,1.1919,3.40,11.60
2008.12.09 07:53:47.166,1.19155,1.1919,6.60,11.60
2008.12.09 07:53:47.386,1.19155,1.1919,8.20,9.20
2008.12.09 07:53:48.026,1.19155,1.19185,6.60,1.00
2008.12.09 07:53:48.925,1.1915,1.19175,8.20,1.00
2008.12.09 07:53:49.315,1.19145,1.19175,8.20,1.00
2008.12.09 07:53:51.135,1.19155,1.1917,3.00,1.00
2008.12.09 07:53:51.425,1.1915,1.19165,2.80,1.00
2008.12.09 07:53:51.715,1.1914,1.19165,11.00,1.00
2008.12.09 07:53:51.945,1.19135,1.19165,1.60,3.60
2008.12.09 07:53:52.225,1.19125,1.19155,3.00,3.60
2008.12.09 07:53:52.525,1.1912,1.1915,11.40,4.80
2008.12.09 07:53:52.805,1.1912,1.19155,3.40,6.00
2008.12.09 07:53:53.195,1.19135,1.19155,3.00,2.80
2008.12.09 07:53:53.594,1.19135,1.1917,6.60,4.40
2008.12.09 07:53:53.944,1.19135,1.1917,8.20,2.80
2008.12.09 07:53:54.234,1.1914,1.1917,13.40,2.80
2008.12.09 07:53:54.564,1.1914,1.1917,13.40,3.60
2008.12.09 07:53:54.854,1.1914,1.1917,4.80,3.60
2008.12.09 07:53:55.194,1.1914,1.19165,4.80,2.80
2008.12.09 07:53:55.534,1.19145,1.1917,3.00,8.40
2008.12.09 07:53:56.114,1.19145,1.19175,3.00,4.40
2008.12.09 07:53:56.334,1.1914,1.19175,17.00,3.60
2008.12.09 07:53:56.784,1.19145,1.19175,3.00,3.60
2008.12.09 07:53:57.873,1.19145,1.1917,3.00,2.80
2008.12.09 07:53:59.043,1.19145,1.1917,3.00,3.60
2008.12.09 07:53:59.313,1.19145,1.1916,3.00,1.00
2008.12.09 07:54:01.252,1.19145,1.1916,3.00,11.60
2008.12.09 07:54:01.363,1.19145,1.19155,3.00,1.00
2008.12.09 07:54:01.593,1.19145,1.1915,3.00,2.80
2008.12.09 07:54:02.232,1.19135,1.19145,3.00,2.80
2008.12.09 07:54:02.572,1.1911,1.19135,3.00,1.00
2008.12.09 07:54:03.332,1.19095,1.19135,32.20,3.60
2008.12.09 07:54:03.612,1.1909,1.19115,19.80,1.00
2008.12.09 07:54:03.902,1.19085,1.19115,6.60,1.00
2008.12.09 07:54:04.182,1.1908,1.19105,12.60,1.00
2008.12.09 07:54:04.572,1.1908,1.1911,1.60,4.00
2008.12.09 07:54:04.922,1.1907,1.191,8.20,5.60
2008.12.09 07:54:05.272,1.1907,1.1909,1.60,4.40
2008.12.09 07:54:05.631,1.1906,1.19075,3.00,1.00
2008.12.09 07:54:06.312,1.1905,1.19075,8.20,1.00
2008.12.09 07:54:06.541,1.1905,1.19075,3.20,3.60
2008.12.09 07:54:06.711,1.1905,1.19075,3.00,5.20
2008.12.09 07:54:07.001,1.1904,1.19065,14.40,2.80
2008.12.09 07:54:07.341,1.1904,1.1906,4.80,4.40
2008.12.09 07:54:07.731,1.19015,1.19045,6.40,2.40
2008.12.09 07:54:08.031,1.19005,1.1904,3.40,4.80
2008.12.09 07:54:08.451,1.19,1.19025,1.60,1.00
2008.12.09 07:54:08.801,1.1898,1.19025,3.40,1.00
2008.12.09 07:54:09.081,1.1898,1.1901,3.00,4.80
2008.12.09 07:54:09.940,1.1897,1.19,16.20,4.80
2008.12.09 07:54:10.620,1.18985,1.1901,3.40,6.40
2008.12.09 07:54:11.030,1.18985,1.1902,3.40,6.00
2008.12.09 07:54:11.320,1.18995,1.1903,3.40,13.20
2008.12.09 07:54:11.600,1.19,1.1903,8.00,4.40
2008.12.09 07:54:11.890,1.1901,1.1904,3.40,4.80
2008.12.09 07:54:12.110,1.1901,1.1904,3.40,1.60
2008.12.09 07:54:12.500,1.19015,1.19045,3.40,1.60
2008.12.09 07:54:12.740,1.19015,1.1905,3.40,6.00
2008.12.09 07:54:13.140,1.1903,1.1905,3.40,1.60
2008.12.09 07:54:13.459,1.19035,1.1906,3.40,1.60
2008.12.09 07:54:13.860,1.1904,1.19065,3.40,1.60
2008.12.09 07:54:14.259,1.1904,1.1907,3.40,1.60
2008.12.09 07:54:14.599,1.1904,1.19075,3.40,6.00
2008.12.09 07:54:14.929,1.1904,1.19075,3.40,4.40
2008.12.09 07:54:15.209,1.1904,1.19075,3.40,6.00
2008.12.09 07:54:15.539,1.19035,1.1907,3.40,4.40
2008.12.09 07:54:16.259,1.19035,1.1907,3.40,6.80
2008.12.09 07:54:16.599,1.19035,1.1907,3.40,11.60
2008.12.09 07:54:16.989,1.19035,1.1907,3.40,6.80
2008.12.09 07:54:17.918,1.1904,1.1907,3.40,4.00
2008.12.09 07:54:18.828,1.1904,1.19065,3.40,1.00
2008.12.09 07:54:18.998,1.1904,1.1907,3.40,1.60
2008.12.09 07:54:19.448,1.1904,1.19075,3.40,6.00
2008.12.09 07:54:19.668,1.1904,1.19075,3.40,4.40
2008.12.09 07:54:21.508,1.1904,1.1907,3.40,1.60
2008.12.09 07:54:22.887,1.1904,1.19075,3.40,6.00
2008.12.09 07:54:23.107,1.1904,1.19075,3.40,4.40
2008.12.09 07:54:25.267,1.1904,1.1907,3.40,1.60
2008.12.09 07:54:25.947,1.1904,1.1907,3.40,4.80
2008.12.09 07:54:26.347,1.1904,1.1907,3.40,4.00
2008.12.09 07:54:26.686,1.1904,1.1907,3.40,1.60
2008.12.09 07:54:27.986,1.1904,1.1907,3.40,2.40
2008.12.09 07:54:28.406,1.1904,1.1907,3.40,4.80
2008.12.09 07:54:28.696,1.1904,1.1907,3.40,1.60
2008.12.09 07:54:30.775,1.1904,1.19075,3.40,4.40
2008.12.09 07:54:31.185,1.1904,1.1907,3.40,1.60
2008.12.09 07:54:34.255,1.19035,1.1907,3.40,4.40
2008.12.09 07:54:35.234,1.1903,1.19065,6.60,2.80
2008.12.09 07:54:35.634,1.1903,1.19065,3.40,4.40
2008.12.09 07:54:38.153,1.1903,1.19065,12.20,2.80
2008.12.09 07:54:38.553,1.19035,1.1907,3.40,4.40
2008.12.09 07:54:39.193,1.19035,1.1907,3.40,5.20
2008.12.09 07:54:39.633,1.19035,1.1907,3.40,6.80
2008.12.09 07:54:40.383,1.1903,1.19065,3.80,4.40
2008.12.09 07:54:43.342,1.1903,1.19065,5.40,2.80
2008.12.09 07:54:43.522,1.1903,1.19065,10.20,2.80
2008.12.09 07:54:43.872,1.1903,1.19065,13.40,2.80
2008.12.09 07:54:44.102,1.19035,1.1907,3.40,14.00
2008.12.09 07:54:44.272,1.19035,1.1907,3.40,11.60
2008.12.09 07:54:44.512,1.1904,1.1907,1.00,6.80
2008.12.09 07:54:44.732,1.1904,1.1907,1.00,2.80
2008.12.09 07:54:46.621,1.1904,1.1907,5.20,2.80
2008.12.09 07:54:48.251,1.19045,1.19075,3.00,4.40
2008.12.09 07:54:48.541,1.19045,1.19075,3.00,2.80
2008.12.09 07:54:52.630,1.1905,1.19075,1.00,2.80
2008.12.09 07:54:52.930,1.1905,1.1908,1.00,11.60
2008.12.09 07:54:53.160,1.1905,1.1908,1.00,11.60
2008.12.09 07:54:55.450,1.1905,1.1908,1.00,10.00
2008.12.09 07:54:55.690,1.1905,1.1908,5.20,2.80
2008.12.09 07:54:55.979,1.1906,1.19085,1.00,4.40
2008.12.09 07:54:56.209,1.1906,1.19085,1.00,2.80
2008.12.09 07:54:56.659,1.1906,1.1909,3.80,11.20
2008.12.09 07:54:56.889,1.19065,1.1909,3.00,6.40
2008.12.09 07:54:57.059,1.19075,1.1909,3.00,1.00
2008.12.09 07:54:57.349,1.1907,1.1909,1.60,1.00
2008.12.09 07:54:57.589,1.1907,1.1909,1.60,2.40
2008.12.09 07:54:57.799,1.1907,1.1909,1.60,1.00
2008.12.09 07:55:04.547,1.1907,1.1908,1.60,1.00
2008.12.09 07:55:04.877,1.1907,1.1909,1.60,1.00
2008.12.09 07:55:05.117,1.1907,1.1909,1.60,2.40
2008.12.09 07:55:05.737,1.1907,1.1909,1.60,1.00
2008.12.09 07:55:06.597,1.1907,1.191,1.60,16.40
2008.12.09 07:55:06.767,1.1907,1.191,5.20,6.80
2008.12.09 07:55:07.227,1.1907,1.19105,8.60,2.80
2008.12.09 07:55:07.336,1.1908,1.19105,1.00,2.80
2008.12.09 07:55:07.787,1.1909,1.1911,1.00,6.80
2008.12.09 07:55:08.066,1.1909,1.1911,1.00,2.80
2008.12.09 07:55:08.706,1.1909,1.19115,1.00,6.80
2008.12.09 07:55:09.116,1.1909,1.1911,1.00,2.80
2008.12.09 07:55:10.716,1.1909,1.1911,1.00,6.80
2008.12.09 07:55:11.176,1.1909,1.19105,1.00,1.00
2008.12.09 07:55:11.696,1.1909,1.1911,1.00,6.80
2008.12.09 07:55:11.866,1.1909,1.19105,1.00,1.00
2008.12.09 07:55:13.965,1.1909,1.1911,1.00,6.80
2008.12.09 07:55:14.495,1.1909,1.1911,1.00,2.80
2008.12.09 07:55:15.944,1.1909,1.19115,1.00,4.40
2008.12.09 07:55:16.245,1.1909,1.19115,1.00,2.80
2008.12.09 07:55:19.214,1.1909,1.1911,1.00,2.80
2008.12.09 07:55:19.984,1.1909,1.1911,1.00,3.60
2008.12.09 07:55:20.563,1.1909,1.19105,1.00,2.80
2008.12.09 07:55:21.774,1.19065,1.19105,3.80,4.40
2008.12.09 07:55:22.123,1.19065,1.19105,3.80,2.80
2008.12.09 07:55:22.343,1.19065,1.19105,5.40,2.80
2008.12.09 07:55:22.753,1.1907,1.191,3.80,4.00
2008.12.09 07:55:23.992,1.1907,1.191,5.40,4.00
2008.12.09 07:55:24.272,1.1907,1.191,3.80,4.00
2008.12.09 07:55:24.513,1.1907,1.19105,3.80,6.00
2008.12.09 07:55:24.692,1.1907,1.191,3.80,4.00
2008.12.09 07:55:25.092,1.1907,1.191,5.40,4.00
2008.12.09 07:55:25.273,1.1907,1.191,3.80,4.00
2008.12.09 07:55:27.651,1.1907,1.19105,3.80,6.00
2008.12.09 07:55:36.070,1.1907,1.191,11.80,4.00
2008.12.09 07:55:36.460,1.1907,1.191,12.60,4.00
2008.12.09 07:55:42.081,1.19085,1.191,3.00,4.00
2008.12.09 07:55:42.198,1.1909,1.19105,8.00,1.60
2008.12.09 07:55:42.718,1.19085,1.19105,3.00,1.60
2008.12.09 07:55:43.368,1.19085,1.1911,3.00,11.60
2008.12.09 07:55:45.717,1.1909,1.1911,8.00,7.60
2008.12.09 07:55:46.177,1.19085,1.1911,3.00,11.60
2008.12.09 07:55:50.236,1.19085,1.1911,3.00,8.80
2008.12.09 07:55:50.986,1.19085,1.1911,6.60,8.80
2008.12.09 07:55:52.546,1.19085,1.1911,3.00,8.80
2008.12.09 07:55:53.066,1.19085,1.1911,6.60,8.80
2008.12.09 07:55:53.415,1.1909,1.1911,1.60,8.80
2008.12.09 07:55:53.745,1.1909,1.1911,13.40,4.80
2008.12.09 07:55:55.235,1.1909,1.19105,13.40,1.00
2008.12.09 07:55:55.355,1.1909,1.19105,2.00,1.00
2008.12.09 07:55:55.525,1.1909,1.1911,2.00,10.40
2008.12.09 07:55:55.755,1.19095,1.1911,3.00,10.40
2008.12.09 07:55:56.255,1.1909,1.1911,15.00,6.40
2008.12.09 07:55:58.574,1.19095,1.1911,3.40,6.40
2008.12.09 07:55:58.804,1.19095,1.1912,3.40,4.00
2008.12.09 07:55:59.084,1.191,1.1913,8.00,13.20
2008.12.09 07:56:08.312,1.1911,1.1913,1.00,6.80
2008.12.09 07:56:09.172,1.191,1.19125,8.00,1.00
2008.12.09 07:56:09.352,1.19095,1.1912,3.40,4.00
2008.12.09 07:56:09.462,1.191,1.19125,8.00,2.40
2008.12.09 07:56:10.381,1.191,1.19125,9.60,2.40
2008.12.09 07:56:10.721,1.191,1.19125,10.60,1.00
2008.12.09 07:56:10.961,1.19105,1.19125,3.00,1.00
2008.12.09 07:56:13.520,1.1911,1.19125,2.60,1.00
2008.12.09 07:56:13.750,1.1911,1.1913,2.60,8.40
2008.12.09 07:56:13.930,1.1911,1.1913,2.60,4.00
2008.12.09 07:56:14.041,1.1911,1.1914,14.20,14.40
2008.12.09 07:56:14.270,1.1912,1.1914,2.60,4.00
2008.12.09 07:56:14.930,1.1912,1.1915,10.60,13.20
2008.12.09 07:56:15.160,1.1912,1.1914,10.60,1.00
2008.12.09 07:56:15.390,1.1912,1.1914,8.00,8.40
2008.12.09 07:56:15.680,1.1911,1.1914,9.00,8.40
2008.12.09 07:56:16.130,1.1911,1.1913,2.60,4.00
2008.12.09 07:56:16.470,1.1911,1.1914,15.40,6.80
2008.12.09 07:56:18.379,1.1911,1.1914,15.40,7.60
2008.12.09 07:56:20.249,1.1911,1.1913,7.40,4.80
2008.12.09 07:56:20.969,1.1911,1.1913,2.60,4.80
2008.12.09 07:56:29.277,1.1911,1.1913,2.60,6.40
2008.12.09 07:56:29.557,1.1911,1.1912,1.60,1.00
2008.12.09 07:56:29.907,1.19105,1.1912,3.00,1.00
2008.12.09 07:56:30.207,1.19105,1.19125,3.00,5.20
2008.12.09 07:56:30.897,1.191,1.19125,8.00,5.20
2008.12.09 07:56:31.296,1.191,1.19125,8.00,4.40
2008.12.09 07:56:31.996,1.191,1.1912,8.00,2.80
2008.12.09 07:56:32.056,1.1909,1.1912,15.40,6.80
2008.12.09 07:56:36.585,1.191,1.1912,2.60,4.00
2008.12.09 07:56:36.815,1.191,1.19125,10.60,3.60
2008.12.09 07:56:37.325,1.191,1.19125,15.40,2.80
2008.12.09 07:56:40.054,1.191,1.1913,15.40,6.80
2008.12.09 07:56:40.164,1.191,1.1913,15.40,6.80
2008.12.09 07:56:40.834,1.1911,1.19135,10.60,1.00
2008.12.09 07:56:41.174,1.1911,1.19135,15.40,3.60
2008.12.09 07:56:41.524,1.1911,1.19135,10.60,3.60
2008.12.09 07:56:47.772,1.1911,1.19135,8.00,3.60
2008.12.09 07:56:48.062,1.191,1.1913,9.60,11.60
2008.12.09 07:56:48.232,1.191,1.1913,10.60,11.60
2008.12.09 07:56:49.682,1.191,1.1913,10.60,11.60
2008.12.09 07:56:50.932,1.191,1.1913,14.20,8.80
2008.12.09 07:56:51.341,1.191,1.1913,12.60,8.80
2008.12.09 07:56:51.851,1.1911,1.1913,8.00,4.80
2008.12.09 07:56:52.191,1.191,1.1913,12.60,8.80
2008.12.09 07:56:54.451,1.191,1.1913,13.20,8.80
2008.12.09 07:56:54.671,1.1911,1.19135,9.00,2.80
2008.12.09 07:56:55.890,1.1911,1.19135,9.00,3.60
2008.12.09 07:56:56.180,1.1911,1.1913,1.20,4.00
2008.12.09 07:56:56.710,1.1911,1.19135,9.00,2.80
2008.12.09 07:57:01.159,1.1911,1.19135,9.00,3.60
2008.12.09 07:57:01.729,1.1911,1.1913,1.20,4.00
2008.12.09 07:57:02.369,1.1911,1.19135,9.00,2.80
2008.12.09 07:57:02.759,1.1911,1.19135,9.00,4.40
2008.12.09 07:57:04.708,1.1911,1.1913,1.20,4.00
2008.12.09 07:57:10.927,1.1909,1.19115,16.20,1.00
2008.12.09 07:57:11.287,1.1909,1.19115,14.60,1.00
2008.12.09 07:57:11.457,1.1909,1.19115,11.20,1.00
2008.12.09 07:57:11.577,1.1909,1.19115,8.00,1.00
2008.12.09 07:57:14.266,1.1909,1.19115,11.20,1.00
2008.12.09 07:57:14.676,1.1909,1.19115,8.00,1.00
2008.12.09 07:57:24.443,1.19095,1.19115,3.00,1.00
2008.12.09 07:57:24.884,1.1909,1.19115,8.00,1.00
2008.12.09 07:57:24.994,1.1909,1.19105,8.00,1.00
2008.12.09 07:57:25.573,1.19085,1.1911,3.40,10.40
2008.12.09 07:57:25.983,1.1909,1.1911,8.00,1.60
2008.12.09 07:57:27.393,1.191,1.1911,3.00,1.60
2008.12.09 07:57:28.353,1.1909,1.1911,8.00,1.60
2008.12.09 07:57:35.121,1.1909,1.191,8.00,2.80
2008.12.09 07:57:35.481,1.1909,1.19115,8.00,7.60
2008.12.09 07:57:37.980,1.19075,1.1909,3.00,14.40
2008.12.09 07:57:38.210,1.19075,1.1909,3.00,8.00
2008.12.09 07:57:38.390,1.1909,1.1911,8.00,8.80
2008.12.09 07:57:38.780,1.1909,1.19115,8.00,4.80
2008.12.09 07:57:40.120,1.1908,1.1911,11.40,8.80
2008.12.09 07:57:48.898,1.1908,1.1911,8.00,11.60
2008.12.09 07:57:49.248,1.1908,1.19105,8.00,1.00
2008.12.09 07:57:49.887,1.1908,1.19105,8.00,2.40
2008.12.09 07:57:50.107,1.1908,1.19105,8.00,5.20
2008.12.09 07:57:50.857,1.1908,1.19105,8.00,3.60
2008.12.09 07:57:51.157,1.1908,1.19105,8.00,1.00
2008.12.09 07:57:51.747,1.1908,1.19105,8.00,3.60
2008.12.09 07:57:52.147,1.1907,1.191,14.60,4.00
2008.12.09 07:57:52.327,1.1907,1.191,11.00,6.80
2008.12.09 07:57:52.597,1.1907,1.19095,11.00,1.00
2008.12.09 07:57:53.517,1.1907,1.19095,14.60,1.00
2008.12.09 07:57:54.376,1.19075,1.19095,3.40,1.00
2008.12.09 07:57:56.456,1.1908,1.19105,8.00,1.60
2008.12.09 07:57:58.265,1.1908,1.19095,8.00,1.00
2008.12.09 07:57:58.325,1.19075,1.19095,3.40,1.00
2008.12.09 07:57:58.615,1.1907,1.19095,14.60,1.00
2008.12.09 07:57:59.625,1.1907,1.1909,3.00,4.00
2008.12.09 07:58:00.025,1.1906,1.1909,14.60,4.80
2008.12.09 07:58:07.473,1.1906,1.1909,14.80,4.80
2008.12.09 07:58:09.523,1.1907,1.1909,3.00,4.00
2008.12.09 07:58:09.743,1.19085,1.19095,3.00,2.80
2008.12.09 07:58:09.972,1.1908,1.191,1.60,5.60
2008.12.09 07:58:10.262,1.1908,1.19095,9.60,1.00
2008.12.09 07:58:10.482,1.1906,1.191,11.40,6.80
2008.12.09 07:58:10.643,1.1906,1.191,14.80,4.00
2008.12.09 07:58:18.160,1.1907,1.19095,14.80,1.00
2008.12.09 07:58:18.841,1.1907,1.19095,11.40,3.60
2008.12.09 07:58:19.310,1.1907,1.19095,8.20,3.60
2008.12.09 07:58:19.660,1.1907,1.1909,1.00,4.00
2008.12.09 07:58:22.060,1.1907,1.1908,1.00,1.00
2008.12.09 07:58:22.299,1.1906,1.1908,8.00,3.60
2008.12.09 07:58:22.580,1.1905,1.1908,16.20,7.60
2008.12.09 07:58:23.230,1.1905,1.19075,16.20,2.80
2008.12.09 07:58:23.579,1.1905,1.19075,11.40,3.60
2008.12.09 07:58:24.599,1.1905,1.19075,11.40,5.20
2008.12.09 07:58:24.899,1.1905,1.1907,8.00,1.00
2008.12.09 07:58:25.189,1.1904,1.19065,17.40,2.80
2008.12.09 07:58:25.299,1.1904,1.19065,11.00,2.80
2008.12.09 07:58:27.129,1.1904,1.1906,8.00,2.80
2008.12.09 07:58:27.518,1.1903,1.1906,17.80,7.60
2008.12.09 07:58:29.408,1.1903,1.1906,16.20,7.60
2008.12.09 07:58:29.589,1.19035,1.19055,3.00,2.80
2008.12.09 07:58:29.818,1.1904,1.1906,8.00,1.00
2008.12.09 07:58:30.168,1.1904,1.1905,8.00,1.00
2008.12.09 07:58:30.507,1.1903,1.1905,13.00,1.00
2008.12.09 07:58:30.908,1.1903,1.1905,1.00,7.60
2008.12.09 07:58:33.597,1.1903,1.1905,1.80,7.60
2008.12.09 07:58:33.817,1.1903,1.1905,1.80,4.80
2008.12.09 07:58:34.207,1.1903,1.1905,9.80,4.00
2008.12.09 07:58:34.487,1.1904,1.1906,1.60,4.00
2008.12.09 07:58:34.836,1.19035,1.1906,1.60,6.80
2008.12.09 07:58:35.067,1.1903,1.1906,9.20,11.60
2008.12.09 07:58:35.296,1.1903,1.1906,9.20,12.40
2008.12.09 07:58:35.646,1.1903,1.19055,9.20,2.80
2008.12.09 07:58:36.046,1.1903,1.1905,1.00,4.00
2008.12.09 07:58:36.376,1.1903,1.1904,8.20,1.00
2008.12.09 07:58:36.726,1.1902,1.1904,9.00,3.60
2008.12.09 07:58:37.186,1.1902,1.1904,1.20,7.60
2008.12.09 07:58:38.776,1.1902,1.1904,1.20,6.80
2008.12.09 07:58:38.996,1.1902,1.1904,1.20,4.00
2008.12.09 07:58:39.175,1.1902,1.19045,12.40,2.80
2008.12.09 07:58:39.505,1.1903,1.1905,1.20,14.00
2008.12.09 07:58:39.725,1.1903,1.1905,1.20,4.80
2008.12.09 07:58:39.895,1.1903,1.1905,1.20,4.00
2008.12.09 07:58:40.175,1.1903,1.1905,1.20,4.00
2008.12.09 07:58:40.415,1.1903,1.1906,9.20,14.00
2008.12.09 07:58:41.525,1.1903,1.1906,9.20,11.60
2008.12.09 07:58:41.765,1.1903,1.1906,12.80,8.80
2008.12.09 07:58:41.946,1.1904,1.1906,1.20,4.00
2008.12.09 07:58:42.874,1.1904,1.19065,9.00,1.60
2008.12.09 07:58:43.224,1.1904,1.1906,1.20,4.80
2008.12.09 07:58:43.565,1.1903,1.1906,12.80,4.80
2008.12.09 07:58:43.954,1.1903,1.1906,9.20,7.60
2008.12.09 07:58:44.234,1.1903,1.1905,1.20,4.00
2008.12.09 07:58:44.414,1.1903,1.1905,1.20,4.00
2008.12.09 07:58:45.294,1.1903,1.1905,4.20,4.00
2008.12.09 07:58:45.574,1.1903,1.19055,12.20,6.00
2008.12.09 07:58:45.874,1.1903,1.1904,1.20,1.00
2008.12.09 07:58:46.264,1.1902,1.1904,4.80,4.00
2008.12.09 07:58:46.653,1.1902,1.19045,12.80,1.00
2008.12.09 07:58:47.054,1.1902,1.19045,12.40,1.00
2008.12.09 07:58:47.793,1.1902,1.19045,16.00,1.00
2008.12.09 07:58:49.583,1.1902,1.1904,8.00,4.00
2008.12.09 07:58:51.383,1.1903,1.1905,1.20,8.80
2008.12.09 07:58:52.122,1.1903,1.19045,1.20,1.00
2008.12.09 07:58:52.972,1.1903,1.1905,1.20,8.80
2008.12.09 07:58:53.532,1.1903,1.19045,1.20,1.00
2008.12.09 07:58:54.282,1.1903,1.19045,1.20,1.00
2008.12.09 07:58:55.122,1.1903,1.1905,1.20,8.80
2008.12.09 07:58:56.511,1.1903,1.1905,9.00,4.80
2008.12.09 07:58:57.211,1.1903,1.1905,1.20,8.80
2008.12.09 07:58:57.501,1.1903,1.1905,9.00,4.80
2008.12.09 07:58:57.851,1.1903,1.1905,1.20,8.80
2008.12.09 07:58:58.361,1.1903,1.1905,9.00,4.80
2008.12.09 07:58:58.531,1.1903,1.1905,1.20,8.80
2008.12.09 07:59:00.370,1.1903,1.1905,9.00,4.80
2008.12.09 07:59:00.760,1.1904,1.19055,1.20,2.40
2008.12.09 07:59:01.210,1.1904,1.19055,1.20,1.00
2008.12.09 07:59:01.490,1.1904,1.1906,2.80,5.60
2008.12.09 07:59:01.780,1.1905,1.1907,1.20,6.80
2008.12.09 07:59:02.060,1.1905,1.1907,1.20,6.80
2008.12.09 07:59:02.810,1.1905,1.1907,9.00,2.80
2008.12.09 07:59:04.619,1.1905,1.19075,9.00,4.40
2008.12.09 07:59:04.789,1.1905,1.19075,9.20,2.80
2008.12.09 07:59:06.619,1.1906,1.1908,1.00,6.80
2008.12.09 07:59:07.389,1.1906,1.19075,1.00,2.80
2008.12.09 07:59:07.688,1.1905,1.19075,9.20,2.80
2008.12.09 07:59:08.559,1.1905,1.1906,9.20,1.00
2008.12.09 07:59:08.978,1.1904,1.1906,1.20,8.00
2008.12.09 07:59:09.308,1.1904,1.1906,3.40,4.00
2008.12.09 07:59:09.598,1.1905,1.19085,9.20,2.80
2008.12.09 07:59:12.258,1.1905,1.1907,1.20,4.00
2008.12.09 07:59:15.067,1.1905,1.1908,9.20,14.80
2008.12.09 07:59:15.357,1.1905,1.1908,9.20,11.60
2008.12.09 07:59:16.176,1.1905,1.1908,9.20,6.80
2008.12.09 07:59:17.096,1.1905,1.19075,9.20,1.00
2008.12.09 07:59:17.336,1.1905,1.1907,1.20,4.00
2008.12.09 07:59:20.085,1.1905,1.1907,1.20,6.80
2008.12.09 07:59:20.305,1.1905,1.19065,1.20,2.80
2008.12.09 07:59:20.485,1.1905,1.19065,1.00,2.80
2008.12.09 07:59:20.895,1.1904,1.1906,9.20,2.80
2008.12.09 07:59:21.175,1.1904,1.19065,9.20,3.60
2008.12.09 07:59:21.516,1.1904,1.1906,1.20,4.00
2008.12.09 07:59:21.755,1.1904,1.1907,9.20,6.80
2008.12.09 07:59:22.255,1.1905,1.1907,9.00,2.80
2008.12.09 07:59:22.375,1.1905,1.19075,9.00,2.80
2008.12.09 07:59:22.905,1.1905,1.1907,1.20,4.00
2008.12.09 07:59:23.315,1.1905,1.19075,9.00,6.80
2008.12.09 07:59:23.555,1.1905,1.1907,1.20,4.00
2008.12.09 07:59:23.845,1.1905,1.19075,9.20,2.80
2008.12.09 07:59:24.515,1.1906,1.1908,1.20,6.80
2008.12.09 07:59:24.805,1.1907,1.1909,1.20,6.80
2008.12.09 07:59:25.315,1.1907,1.19095,9.20,3.60
2008.12.09 07:59:25.724,1.1908,1.1909,1.20,4.00
2008.12.09 07:59:26.084,1.1909,1.19115,1.20,4.00
2008.12.09 07:59:26.754,1.1909,1.19125,9.20,6.80
2008.12.09 07:59:27.494,1.191,1.1911,1.20,4.00
2008.12.09 07:59:27.724,1.1911,1.1912,1.20,5.40
2008.12.09 07:59:28.074,1.1911,1.1912,1.20,2.80
2008.12.09 07:59:28.414,1.1911,1.19125,1.20,2.80
2008.12.09 07:59:30.843,1.1911,1.19125,1.20,3.60
2008.12.09 07:59:31.463,1.1911,1.1912,1.20,2.80
2008.12.09 07:59:31.903,1.1911,1.1912,1.20,4.00
2008.12.09 07:59:32.073,1.1911,1.1912,1.20,6.80
2008.12.09 07:59:32.763,1.1911,1.19125,1.20,3.60
2008.12.09 07:59:33.212,1.1911,1.1912,1.20,6.80
2008.12.09 07:59:33.852,1.1911,1.1912,1.20,4.00
2008.12.09 07:59:40.071,1.191,1.1912,6.00,4.00
2008.12.09 07:59:40.291,1.191,1.1912,1.20,4.00
2008.12.09 07:59:40.870,1.191,1.19125,9.20,4.40
2008.12.09 07:59:41.200,1.1911,1.19125,1.20,2.80
2008.12.09 07:59:43.360,1.1911,1.1912,1.20,4.00
2008.12.09 07:59:47.799,1.1911,1.19125,1.20,2.80
2008.12.09 07:59:49.628,1.1911,1.19125,1.20,2.80
2008.12.09 07:59:56.747,1.1911,1.19125,1.20,2.80
2008.12.09 07:59:58.706,1.191,1.1911,8.60,1.00
2008.12.09 07:59:58.936,1.191,1.1913,8.60,2.80
2008.12.09 07:59:59.166,1.19095,1.19115,1.60,4.00
2008.12.09 07:59:59.446,1.191,1.19125,1.60,8.00
2008.12.09 07:59:59.676,1.19095,1.19125,1.60,8.00
2008.12.09 07:59:59.906,1.191,1.1912,8.00,1.20
