2009.04.14 11:00:00.176,1.32595,1.326,3.60,1.00
2009.04.14 11:00:01.565,1.32605,1.3261,1.60,1.00
2009.04.14 11:00:02.255,1.326,1.32625,2.80,1.40
2009.04.14 11:00:02.705,1.32605,1.32625,1.60,1.40
2009.04.14 11:00:05.774,1.32605,1.3263,2.20,10.00
2009.04.14 11:00:05.884,1.32605,1.3262,1.60,1.40
2009.04.14 11:00:06.345,1.32605,1.32625,1.60,3.00
2009.04.14 11:00:07.164,1.32605,1.3262,1.60,1.40
2009.04.14 11:00:07.753,1.326,1.3262,8.20,1.40
2009.04.14 11:00:08.034,1.326,1.32615,4.80,1.40
2009.04.14 11:00:08.493,1.32595,1.3261,2.80,3.00
2009.04.14 11:00:08.893,1.32595,1.3261,2.80,4.60
2009.04.14 11:00:09.273,1.3257,1.32595,6.40,3.00
2009.04.14 11:00:09.333,1.3257,1.32595,4.80,3.00
2009.04.14 11:00:13.912,1.32575,1.3259,2.20,3.60
2009.04.14 11:00:14.742,1.3258,1.32595,2.20,4.80
2009.04.14 11:00:15.312,1.3258,1.3259,2.20,3.60
2009.04.14 11:00:15.842,1.3257,1.32575,1.60,1.20
2009.04.14 11:00:16.182,1.32555,1.32575,1.00,2.80
2009.04.14 11:00:16.242,1.32555,1.32575,1.00,1.20
2009.04.14 11:00:16.751,1.32555,1.3258,1.00,7.60
2009.04.14 11:00:17.092,1.3255,1.3256,4.80,1.60
2009.04.14 11:00:17.431,1.32545,1.3256,2.20,1.60
2009.04.14 11:00:17.781,1.32535,1.3256,1.60,1.20
2009.04.14 11:00:18.341,1.3253,1.3255,2.20,1.20
2009.04.14 11:00:19.871,1.32535,1.32555,3.40,1.20
2009.04.14 11:00:20.161,1.32535,1.32555,2.80,1.20
2009.04.14 11:00:20.870,1.32535,1.32555,2.80,2.80
2009.04.14 11:00:21.420,1.3255,1.32565,6.60,8.00
2009.04.14 11:00:21.770,1.32555,1.3257,3.40,8.00
2009.04.14 11:00:22.130,1.32555,1.32575,3.40,1.20
2009.04.14 11:00:23.380,1.3255,1.32565,2.20,1.60
2009.04.14 11:00:23.680,1.3255,1.32575,2.20,7.60
2009.04.14 11:00:23.960,1.32555,1.32575,2.20,1.20
2009.04.14 11:00:24.259,1.32555,1.32575,1.00,1.20
2009.04.14 11:00:24.589,1.3255,1.3257,2.20,1.20
2009.04.14 11:00:25.050,1.3255,1.32575,2.20,1.20
2009.04.14 11:00:26.139,1.3255,1.32575,5.00,6.00
2009.04.14 11:00:26.710,1.3255,1.32575,3.40,6.00
2009.04.14 11:00:27.699,1.3255,1.3256,1.00,4.80
2009.04.14 11:00:28.099,1.32545,1.3256,1.60,6.40
2009.04.14 11:00:28.159,1.32545,1.3255,1.60,1.60
2009.04.14 11:00:28.699,1.32535,1.3255,3.80,6.40
2009.04.14 11:00:29.058,1.3253,1.3254,1.60,1.60
2009.04.14 11:00:29.338,1.32525,1.3254,4.00,1.60
2009.04.14 11:00:29.638,1.32525,1.3254,4.80,1.60
2009.04.14 11:00:29.928,1.32525,1.3254,1.60,1.60
2009.04.14 11:00:30.228,1.32525,1.32545,2.20,1.60
2009.04.14 11:00:31.218,1.32525,1.3255,2.20,1.60
2009.04.14 11:00:31.858,1.32525,1.3255,2.20,3.20
2009.04.14 11:00:32.258,1.32525,1.3255,1.00,8.00
2009.04.14 11:00:32.667,1.3252,1.32545,2.20,1.60
2009.04.14 11:00:33.188,1.32525,1.32545,2.20,1.60
2009.04.14 11:00:36.357,1.32525,1.32545,1.00,1.60
2009.04.14 11:00:36.767,1.3253,1.3255,1.00,8.00
2009.04.14 11:00:36.946,1.3253,1.3255,2.20,1.60
2009.04.14 11:00:37.297,1.32535,1.32555,2.20,9.60
2009.04.14 11:00:37.526,1.32535,1.32555,2.20,1.60
2009.04.14 11:00:38.786,1.32545,1.32565,2.20,3.20
2009.04.14 11:00:39.176,1.32545,1.32565,2.20,1.60
2009.04.14 11:00:40.486,1.32545,1.32565,1.00,1.60
2009.04.14 11:00:40.726,1.3254,1.3256,2.20,1.60
2009.04.14 11:00:41.495,1.32545,1.32565,1.00,1.60
2009.04.14 11:00:41.615,1.3252,1.3255,7.00,10.00
2009.04.14 11:00:41.845,1.3253,1.3255,1.60,10.00
2009.04.14 11:00:41.965,1.3252,1.3255,5.40,6.40
2009.04.14 11:00:42.625,1.32525,1.3255,5.40,10.00
2009.04.14 11:00:43.025,1.32535,1.3255,2.20,3.60
2009.04.14 11:00:43.325,1.32535,1.3255,3.80,3.60
2009.04.14 11:00:43.725,1.3254,1.3256,4.80,10.00
2009.04.14 11:00:46.126,1.3251,1.32535,1.60,1.60
2009.04.14 11:00:46.424,1.32505,1.32535,4.40,1.60
2009.04.14 11:00:47.045,1.3252,1.32525,9.20,1.60
2009.04.14 11:00:47.344,1.32525,1.3253,3.20,3.60
2009.04.14 11:00:47.674,1.32525,1.32535,1.60,6.00
2009.04.14 11:00:48.124,1.3251,1.32535,2.20,14.00
2009.04.14 11:00:48.404,1.32505,1.3253,2.20,2.80
2009.04.14 11:00:50.013,1.3251,1.32535,2.20,9.20
2009.04.14 11:00:50.753,1.32525,1.3255,2.20,13.00
2009.04.14 11:00:51.053,1.32525,1.3255,2.20,5.00
2009.04.14 11:00:51.513,1.32525,1.32545,1.00,2.80
2009.04.14 11:00:52.583,1.32525,1.32545,2.20,1.20
2009.04.14 11:00:53.113,1.3253,1.32545,1.00,1.60
2009.04.14 11:00:53.173,1.32525,1.32545,2.20,2.80
2009.04.14 11:00:53.453,1.32515,1.3254,3.80,2.80
2009.04.14 11:00:54.212,1.32515,1.3253,3.80,3.20
2009.04.14 11:00:54.612,1.32515,1.3253,4.00,4.40
2009.04.14 11:00:55.132,1.325,1.3252,2.20,1.60
2009.04.14 11:00:55.772,1.325,1.32515,1.00,2.80
2009.04.14 11:00:56.382,1.32495,1.32515,1.00,2.80
2009.04.14 11:00:57.551,1.32495,1.3252,2.20,5.20
2009.04.14 11:00:58.691,1.32495,1.3252,2.20,1.60
2009.04.14 11:00:59.721,1.32495,1.3252,1.00,8.00
2009.04.14 11:01:00.131,1.32495,1.32515,2.20,1.60
2009.04.14 11:01:00.311,1.32495,1.3252,1.00,1.60
2009.04.14 11:01:00.541,1.32495,1.3252,2.20,1.60
2009.04.14 11:01:02.350,1.32495,1.3252,2.20,3.00
2009.04.14 11:01:03.060,1.325,1.3252,1.00,4.80
2009.04.14 11:01:03.340,1.32495,1.3252,2.20,6.00
2009.04.14 11:01:03.750,1.3249,1.3251,4.40,2.80
2009.04.14 11:01:04.500,1.3249,1.3251,2.80,1.20
2009.04.14 11:01:04.676,1.32485,1.3251,5.40,1.20
2009.04.14 11:01:05.070,1.32485,1.3251,2.20,1.20
2009.04.14 11:01:05.570,1.32495,1.3252,2.20,2.80
2009.04.14 11:01:06.090,1.32495,1.3252,2.20,6.00
2009.04.14 11:01:06.839,1.32495,1.32515,2.20,1.20
2009.04.14 11:01:08.629,1.32495,1.3252,2.20,14.00
2009.04.14 11:01:09.259,1.32495,1.3252,2.20,9.20
2009.04.14 11:01:09.660,1.32495,1.3252,2.20,2.80
2009.04.14 11:01:13.757,1.32495,1.3252,1.00,2.80
2009.04.14 11:01:13.867,1.325,1.3251,1.00,1.60
2009.04.14 11:01:16.997,1.325,1.3251,1.00,1.40
2009.04.14 11:01:17.167,1.325,1.32515,1.00,2.80
2009.04.14 11:01:18.076,1.325,1.3252,1.00,1.80
2009.04.14 11:01:18.356,1.325,1.3252,2.20,1.80
2009.04.14 11:01:18.577,1.325,1.3252,2.20,1.00
2009.04.14 11:01:19.286,1.32515,1.3253,2.20,4.80
2009.04.14 11:01:20.216,1.32515,1.32535,2.20,16.40
2009.04.14 11:01:20.446,1.32515,1.32535,2.20,8.40
2009.04.14 11:01:20.666,1.32515,1.32535,1.00,4.80
2009.04.14 11:01:21.006,1.32505,1.3253,3.40,1.00
2009.04.14 11:01:22.265,1.32505,1.3253,5.00,1.00
2009.04.14 11:01:22.845,1.3251,1.3253,3.20,1.00
2009.04.14 11:01:23.145,1.32515,1.3254,3.80,8.60
2009.04.14 11:01:23.905,1.32515,1.3254,5.00,8.60
2009.04.14 11:01:24.245,1.32515,1.3254,5.40,8.60
2009.04.14 11:01:27.854,1.32515,1.3254,3.80,9.60
2009.04.14 11:01:28.894,1.32515,1.32535,1.00,4.80
2009.04.14 11:01:29.364,1.32515,1.32535,2.20,4.80
2009.04.14 11:01:31.803,1.32515,1.3254,3.40,17.80
2009.04.14 11:01:31.913,1.3252,1.3254,4.80,9.80
2009.04.14 11:01:33.463,1.32515,1.3253,3.40,5.20
2009.04.14 11:01:33.883,1.32515,1.32525,4.80,3.00
2009.04.14 11:01:34.172,1.32515,1.32525,1.60,3.00
2009.04.14 11:01:34.503,1.32505,1.32525,4.00,3.00
2009.04.14 11:01:34.562,1.32505,1.32525,1.60,1.40
2009.04.14 11:01:34.902,1.32505,1.3253,2.20,3.00
2009.04.14 11:01:34.962,1.32505,1.3253,2.20,1.40
2009.04.14 11:01:38.461,1.32505,1.3253,5.00,1.40
2009.04.14 11:01:39.911,1.32505,1.3253,8.20,1.40
2009.04.14 11:01:41.071,1.32505,1.3253,9.40,1.40
2009.04.14 11:01:41.251,1.32515,1.3253,2.80,1.60
2009.04.14 11:01:41.641,1.32515,1.3254,3.40,6.40
2009.04.14 11:01:46.660,1.32515,1.3254,3.40,6.00
2009.04.14 11:01:50.009,1.32515,1.32535,3.40,2.80
2009.04.14 11:01:50.749,1.32515,1.3254,3.40,13.80
2009.04.14 11:01:55.027,1.3252,1.32535,1.00,2.60
2009.04.14 11:01:55.437,1.3252,1.32535,2.20,1.00
2009.04.14 11:01:58.987,1.32535,1.32555,2.20,1.40
2009.04.14 11:01:59.966,1.3254,1.3256,2.20,14.20
2009.04.14 11:02:00.586,1.32535,1.3256,1.00,14.20
2009.04.14 11:02:00.936,1.3254,1.3256,2.20,12.80
2009.04.14 11:02:01.456,1.3254,1.3256,2.20,4.80
2009.04.14 11:02:02.306,1.3254,1.32565,3.80,9.40
2009.04.14 11:02:02.756,1.32545,1.32565,2.20,8.00
2009.04.14 11:02:05.285,1.32545,1.3257,2.20,14.20
2009.04.14 11:02:05.765,1.32545,1.3257,3.80,14.20
2009.04.14 11:02:08.354,1.3255,1.3257,2.20,9.40
2009.04.14 11:02:08.585,1.3255,1.32575,2.20,11.60
2009.04.14 11:02:09.064,1.3254,1.32565,2.20,1.40
2009.04.14 11:02:13.123,1.3254,1.32565,3.80,1.40
2009.04.14 11:02:13.453,1.3254,1.32565,5.40,1.40
2009.04.14 11:02:13.683,1.32545,1.3256,1.60,1.40
2009.04.14 11:02:13.913,1.32535,1.3256,6.60,1.40
2009.04.14 11:02:14.263,1.3254,1.32565,2.20,3.00
2009.04.14 11:02:14.653,1.32535,1.3256,6.60,3.00
2009.04.14 11:02:14.763,1.3254,1.32565,2.20,3.00
2009.04.14 11:02:14.983,1.32545,1.3257,1.00,3.00
2009.04.14 11:02:15.273,1.32545,1.3257,2.20,1.40
2009.04.14 11:02:16.093,1.3254,1.32565,3.80,6.20
2009.04.14 11:02:16.392,1.32535,1.3256,6.80,1.40
2009.04.14 11:02:16.722,1.32535,1.3256,2.20,1.40
2009.04.14 11:02:17.312,1.3254,1.3256,1.60,1.40
2009.04.14 11:02:17.942,1.3255,1.3256,1.60,1.40
2009.04.14 11:02:18.412,1.3255,1.32565,1.00,4.80
2009.04.14 11:02:19.512,1.3255,1.3257,2.20,14.20
2009.04.14 11:02:19.871,1.32555,1.3257,2.20,4.80
2009.04.14 11:02:20.281,1.3254,1.32555,1.60,3.60
2009.04.14 11:02:20.581,1.3254,1.32555,1.60,5.20
2009.04.14 11:02:20.871,1.32535,1.3256,2.20,1.60
2009.04.14 11:02:21.393,1.3254,1.32565,2.20,16.00
2009.04.14 11:02:21.671,1.3254,1.32565,2.20,17.60
2009.04.14 11:02:21.901,1.32535,1.32555,2.20,1.60
2009.04.14 11:02:22.481,1.3254,1.32565,2.20,16.00
2009.04.14 11:02:23.731,1.32535,1.3256,3.80,1.60
2009.04.14 11:02:24.020,1.32535,1.3256,2.20,1.60
2009.04.14 11:02:25.070,1.32535,1.3256,2.20,9.60
2009.04.14 11:02:28.129,1.32535,1.3256,2.20,11.20
2009.04.14 11:02:28.460,1.3253,1.32555,3.80,6.40
2009.04.14 11:02:28.809,1.3253,1.32555,2.20,6.40
2009.04.14 11:02:28.979,1.3253,1.32555,5.40,14.40
2009.04.14 11:02:30.029,1.3253,1.32555,5.40,6.40
2009.04.14 11:02:33.808,1.32525,1.32545,6.40,6.40
2009.04.14 11:02:34.138,1.32525,1.32545,4.80,6.40
2009.04.14 11:02:34.438,1.32525,1.32545,2.20,4.80
2009.04.14 11:02:35.988,1.32525,1.3254,2.20,4.80
2009.04.14 11:02:36.277,1.32525,1.32545,2.20,4.80
2009.04.14 11:02:38.457,1.32525,1.32545,1.00,4.80
2009.04.14 11:02:38.867,1.3252,1.3254,5.40,4.80
2009.04.14 11:02:39.107,1.3252,1.3254,5.40,6.40
2009.04.14 11:02:39.407,1.3252,1.3254,5.40,4.80
2009.04.14 11:02:39.757,1.32525,1.32545,2.20,4.80
2009.04.14 11:02:41.576,1.32525,1.3254,2.20,4.80
2009.04.14 11:02:41.746,1.3252,1.3254,5.40,4.80
2009.04.14 11:02:42.276,1.3252,1.32545,8.20,6.40
2009.04.14 11:02:42.496,1.32525,1.32545,2.20,4.80
2009.04.14 11:02:44.425,1.32525,1.3254,2.20,4.80
2009.04.14 11:02:44.716,1.32525,1.3254,1.00,4.80
2009.04.14 11:02:45.005,1.3252,1.32545,8.20,6.40
2009.04.14 11:02:46.995,1.3252,1.3254,5.40,4.80
2009.04.14 11:02:47.495,1.3252,1.3254,8.20,1.60
2009.04.14 11:02:47.965,1.3252,1.32545,8.20,14.40
2009.04.14 11:02:48.074,1.3252,1.32545,8.20,6.40
2009.04.14 11:02:50.904,1.3252,1.3254,5.40,4.80
2009.04.14 11:02:51.344,1.3252,1.32545,8.20,6.40
2009.04.14 11:02:52.164,1.3252,1.3254,5.40,4.80
2009.04.14 11:02:52.624,1.3252,1.3254,4.80,10.00
2009.04.14 11:02:55.133,1.3252,1.3254,4.80,18.00
2009.04.14 11:02:55.353,1.3252,1.3254,4.80,10.00
2009.04.14 11:02:57.692,1.3252,1.3254,4.80,5.20
2009.04.14 11:03:03.271,1.3252,1.32545,8.20,6.40
2009.04.14 11:03:04.021,1.3252,1.3254,5.40,4.80
2009.04.14 11:03:04.701,1.3252,1.32545,8.20,14.40
2009.04.14 11:03:05.050,1.3252,1.32545,8.20,6.40
2009.04.14 11:03:21.347,1.32525,1.32545,2.80,1.60
2009.04.14 11:03:24.436,1.3253,1.3255,5.40,4.80
2009.04.14 11:03:24.776,1.3253,1.3255,1.00,4.80
2009.04.14 11:03:24.886,1.32525,1.3255,3.40,6.40
2009.04.14 11:03:27.225,1.3252,1.3254,5.40,4.80
2009.04.14 11:03:27.565,1.3252,1.3254,5.40,6.40
2009.04.14 11:03:27.845,1.3252,1.3254,4.80,10.00
2009.04.14 11:03:29.035,1.3252,1.3254,4.80,11.60
2009.04.14 11:03:29.205,1.3252,1.3254,4.80,13.20
2009.04.14 11:03:29.425,1.32515,1.32535,3.00,8.00
2009.04.14 11:03:29.605,1.3251,1.3253,6.20,6.40
2009.04.14 11:03:29.884,1.3251,1.3253,5.40,6.40
2009.04.14 11:03:30.004,1.3251,1.3253,4.80,10.00
2009.04.14 11:03:30.984,1.32515,1.32535,4.80,18.00
2009.04.14 11:03:31.274,1.3251,1.3253,7.80,8.40
2009.04.14 11:03:31.674,1.3251,1.3253,4.80,10.00
2009.04.14 11:03:32.204,1.32505,1.32525,4.80,10.00
2009.04.14 11:03:32.504,1.325,1.3252,3.00,3.60
2009.04.14 11:03:32.844,1.32505,1.32515,1.60,6.40
2009.04.14 11:03:33.144,1.3249,1.32515,11.40,1.60
2009.04.14 11:03:33.504,1.3249,1.32515,8.20,1.60
2009.04.14 11:03:36.153,1.3249,1.32515,8.20,6.40
2009.04.14 11:03:36.924,1.3249,1.32515,8.20,9.60
2009.04.14 11:03:37.513,1.3249,1.32515,8.20,1.60
2009.04.14 11:03:39.122,1.325,1.32515,1.00,1.40
2009.04.14 11:03:39.472,1.325,1.3252,1.00,14.20
2009.04.14 11:03:39.872,1.32495,1.3252,3.40,6.20
2009.04.14 11:03:40.722,1.32495,1.3252,3.40,14.20
2009.04.14 11:03:41.182,1.325,1.32525,2.60,15.80
2009.04.14 11:03:41.522,1.325,1.32515,3.80,1.40
2009.04.14 11:03:41.812,1.32505,1.3253,2.20,9.40
2009.04.14 11:03:44.041,1.32495,1.32515,3.00,6.20
2009.04.14 11:03:44.381,1.32495,1.32515,2.20,6.20
2009.04.14 11:03:44.741,1.32495,1.32515,2.20,4.80
2009.04.14 11:03:49.230,1.32495,1.3252,3.40,14.40
2009.04.14 11:03:49.350,1.325,1.3252,1.00,14.40
2009.04.14 11:03:49.630,1.325,1.3252,1.00,6.40
2009.04.14 11:03:50.210,1.32505,1.32525,2.20,6.40
2009.04.14 11:03:50.509,1.32505,1.32525,2.20,4.80
2009.04.14 11:03:59.447,1.32505,1.32525,1.00,6.40
2009.04.14 11:03:59.557,1.325,1.32525,8.20,6.40
2009.04.14 11:04:00.267,1.325,1.32525,8.20,4.80
2009.04.14 11:04:00.387,1.325,1.32525,8.20,6.40
2009.04.14 11:04:01.257,1.325,1.32525,8.20,1.60
2009.04.14 11:04:03.846,1.3251,1.3253,4.80,5.20
2009.04.14 11:04:05.046,1.3251,1.3253,5.40,3.60
2009.04.14 11:04:05.746,1.32525,1.3253,2.80,3.60
2009.04.14 11:04:05.796,1.3253,1.32535,4.80,1.60
2009.04.14 11:04:06.256,1.32525,1.3255,3.40,1.60
2009.04.14 11:04:06.536,1.3253,1.3255,3.40,8.00
2009.04.14 11:04:06.886,1.32535,1.3255,3.40,1.60
2009.04.14 11:04:07.475,1.32535,1.32555,2.80,1.60
2009.04.14 11:04:08.795,1.3253,1.3255,8.20,1.60
2009.04.14 11:04:08.855,1.3253,1.3255,9.80,1.60
2009.04.14 11:04:09.085,1.3253,1.3255,11.40,1.60
2009.04.14 11:04:09.135,1.32535,1.32555,2.20,4.80
2009.04.14 11:04:16.023,1.3254,1.3256,2.20,12.80
2009.04.14 11:04:16.585,1.32545,1.32565,2.20,12.80
2009.04.14 11:04:17.114,1.32545,1.32565,2.20,4.80
2009.04.14 11:04:17.583,1.32545,1.32565,3.00,4.80
2009.04.14 11:04:18.004,1.3256,1.32575,4.80,1.60
2009.04.14 11:04:18.293,1.3256,1.3258,4.80,14.40
2009.04.14 11:04:18.763,1.3256,1.3258,4.80,6.40
2009.04.14 11:04:19.452,1.32555,1.3257,1.00,10.00
2009.04.14 11:04:19.803,1.32555,1.32575,2.20,4.80
2009.04.14 11:04:21.362,1.3256,1.3258,2.80,1.60
2009.04.14 11:04:21.742,1.3256,1.32585,8.20,8.00
2009.04.14 11:04:22.202,1.32555,1.3258,3.40,6.40
2009.04.14 11:04:22.602,1.32555,1.32575,2.20,4.80
2009.04.14 11:04:23.951,1.3255,1.3257,5.40,4.80
2009.04.14 11:04:24.401,1.3254,1.32565,13.00,6.20
2009.04.14 11:04:24.521,1.32545,1.32565,2.20,4.80
2009.04.14 11:04:25.471,1.3254,1.3256,5.40,4.80
2009.04.14 11:04:25.941,1.32535,1.32555,3.80,4.80
2009.04.14 11:04:26.731,1.32535,1.32555,2.20,4.80
2009.04.14 11:04:28.041,1.32535,1.3256,3.40,14.20
2009.04.14 11:04:30.500,1.32535,1.32555,2.20,4.80
2009.04.14 11:04:31.120,1.32525,1.3254,2.40,6.20
2009.04.14 11:04:31.410,1.32525,1.32545,1.60,6.20
2009.04.14 11:04:31.680,1.32515,1.3253,8.00,1.40
2009.04.14 11:04:32.010,1.32515,1.3253,6.60,1.40
2009.04.14 11:04:32.360,1.3252,1.32545,2.20,9.40
2009.04.14 11:04:32.829,1.3252,1.3253,1.20,1.60
2009.04.14 11:04:33.129,1.32505,1.3253,15.80,6.40
2009.04.14 11:04:33.459,1.32505,1.3253,9.80,6.40
2009.04.14 11:04:33.919,1.3251,1.3253,1.60,6.40
2009.04.14 11:04:35.649,1.3251,1.3253,1.60,1.60
2009.04.14 11:04:35.939,1.32515,1.32535,3.20,1.60
2009.04.14 11:04:36.059,1.3252,1.3254,1.60,1.60
2009.04.14 11:04:36.718,1.32515,1.3254,11.40,1.60
2009.04.14 11:04:37.169,1.3252,1.32545,3.60,1.60
2009.04.14 11:04:37.688,1.3252,1.32545,2.20,1.60
2009.04.14 11:04:38.228,1.3252,1.32545,3.60,1.60
2009.04.14 11:04:39.038,1.3252,1.32545,3.60,3.00
2009.04.14 11:04:44.796,1.3252,1.3254,2.00,4.80
2009.04.14 11:04:45.076,1.32515,1.3254,13.00,6.20
2009.04.14 11:04:45.236,1.32515,1.3254,5.20,6.20
2009.04.14 11:04:45.686,1.32515,1.3254,3.60,6.20
2009.04.14 11:04:53.105,1.32515,1.3254,3.60,6.20
2009.04.14 11:04:53.334,1.32515,1.3254,5.20,6.20
2009.04.14 11:04:53.754,1.3252,1.32545,5.40,3.00
2009.04.14 11:04:54.034,1.32525,1.32545,2.80,3.00
2009.04.14 11:04:54.264,1.32525,1.32545,7.60,3.00
2009.04.14 11:04:55.005,1.32525,1.32545,4.80,3.00
2009.04.14 11:04:55.174,1.3252,1.32545,5.40,3.00
2009.04.14 11:04:56.354,1.3252,1.32545,5.40,1.60
2009.04.14 11:05:00.303,1.3252,1.3255,4.80,8.00
2009.04.14 11:05:00.422,1.3252,1.32545,5.40,1.60
2009.04.14 11:05:00.833,1.32525,1.32545,2.80,1.60
2009.04.14 11:05:01.003,1.32525,1.3255,6.20,6.40
2009.04.14 11:05:01.562,1.32525,1.3255,6.60,6.40
2009.04.14 11:05:03.442,1.32525,1.3255,6.60,1.60
2009.04.14 11:05:03.732,1.3253,1.3255,1.60,1.60
2009.04.14 11:05:04.002,1.3254,1.32565,3.40,11.20
2009.04.14 11:05:04.292,1.3254,1.32565,3.40,9.60
2009.04.14 11:05:04.762,1.3254,1.32565,3.40,6.40
2009.04.14 11:05:07.061,1.3254,1.32565,5.00,6.40
2009.04.14 11:05:07.231,1.32545,1.3257,3.40,6.40
2009.04.14 11:05:18.508,1.32555,1.32575,2.20,4.80
2009.04.14 11:05:24.357,1.3255,1.32575,9.80,6.40
2009.04.14 11:05:24.537,1.3255,1.32575,8.20,6.40
2009.04.14 11:05:25.966,1.3255,1.32575,11.40,6.40
2009.04.14 11:05:26.366,1.32555,1.32575,2.80,1.60
2009.04.14 11:05:26.696,1.3255,1.32575,8.20,6.40
2009.04.14 11:05:27.216,1.3255,1.3257,5.40,4.80
2009.04.14 11:05:28.186,1.32545,1.3257,3.40,6.40
2009.04.14 11:05:28.886,1.3254,1.32565,8.20,6.40
2009.04.14 11:05:29.346,1.32535,1.3256,3.40,1.60
2009.04.14 11:05:29.965,1.3253,1.32555,9.80,1.60
2009.04.14 11:05:30.865,1.3253,1.3255,6.40,5.20
2009.04.14 11:05:31.275,1.3253,1.3255,4.80,5.20
2009.04.14 11:05:32.235,1.3252,1.3254,7.00,3.60
2009.04.14 11:05:32.705,1.3252,1.3254,5.40,3.60
2009.04.14 11:05:33.335,1.32525,1.32545,5.40,3.60
2009.04.14 11:05:33.565,1.3253,1.3255,5.40,10.40
2009.04.14 11:05:33.794,1.3253,1.3255,5.40,5.20
2009.04.14 11:05:35.754,1.3253,1.3255,5.40,3.60
2009.04.14 11:05:39.243,1.3253,1.3255,5.40,5.20
2009.04.14 11:05:40.333,1.32525,1.32545,7.80,1.60
2009.04.14 11:05:40.683,1.32525,1.32545,7.80,5.20
2009.04.14 11:05:40.853,1.32525,1.32545,7.80,1.60
2009.04.14 11:05:41.243,1.3253,1.3255,4.80,6.80
2009.04.14 11:05:41.462,1.3253,1.3255,6.40,5.20
2009.04.14 11:05:41.752,1.3253,1.32555,8.20,6.40
2009.04.14 11:05:43.682,1.3253,1.32555,8.20,1.60
2009.04.14 11:05:46.253,1.3254,1.32565,8.20,6.40
2009.04.14 11:05:48.141,1.3254,1.32565,11.40,6.40
2009.04.14 11:05:48.321,1.32545,1.32565,2.80,1.60
2009.04.14 11:05:59.268,1.32555,1.32565,3.20,1.60
2009.04.14 11:05:59.738,1.3255,1.3257,6.00,5.20
2009.04.14 11:06:00.008,1.3255,1.3257,6.60,5.20
2009.04.14 11:06:00.578,1.3255,1.3257,6.00,5.20
2009.04.14 11:06:01.458,1.32555,1.32575,2.80,1.60
2009.04.14 11:06:02.518,1.3255,1.3257,6.60,5.20
2009.04.14 11:06:03.207,1.3255,1.3257,6.00,5.20
2009.04.14 11:06:05.267,1.3255,1.3257,2.80,5.20
2009.04.14 11:06:05.717,1.32545,1.32565,3.20,1.60
2009.04.14 11:06:14.854,1.32545,1.3257,3.80,10.00
2009.04.14 11:06:17.334,1.3255,1.32565,1.00,4.80
2009.04.14 11:06:17.624,1.3255,1.3256,1.00,3.60
2009.04.14 11:06:18.483,1.3255,1.3256,1.00,5.20
2009.04.14 11:06:18.604,1.3254,1.3256,4.80,5.20
2009.04.14 11:06:27.571,1.3253,1.3255,11.60,1.60
2009.04.14 11:06:27.791,1.3253,1.3255,7.60,1.60
2009.04.14 11:06:34.181,1.3251,1.32525,2.00,1.60
2009.04.14 11:06:34.950,1.3251,1.3253,2.00,1.60
2009.04.14 11:06:35.949,1.32505,1.3253,8.20,1.60
2009.04.14 11:06:36.129,1.3251,1.3253,2.20,1.60
2009.04.14 11:06:37.729,1.3251,1.3253,2.20,1.60
2009.04.14 11:06:37.849,1.32515,1.32535,2.20,8.00
2009.04.14 11:06:38.249,1.3251,1.3253,2.20,1.60
2009.04.14 11:06:39.938,1.3251,1.3253,1.00,1.60
2009.04.14 11:06:39.988,1.32505,1.32525,3.20,1.60
2009.04.14 11:06:41.298,1.32505,1.32525,4.80,1.60
2009.04.14 11:06:41.808,1.32515,1.3254,2.20,11.80
2009.04.14 11:06:43.958,1.32515,1.32535,1.80,1.60
2009.04.14 11:06:44.247,1.3252,1.32535,1.00,1.60
2009.04.14 11:06:46.597,1.3252,1.32535,1.00,1.60
2009.04.14 11:06:47.117,1.3253,1.3254,2.20,3.60
2009.04.14 11:06:47.567,1.32535,1.32555,3.40,16.00
2009.04.14 11:06:49.986,1.32535,1.32555,2.20,6.40
2009.04.14 11:06:50.166,1.32535,1.32555,2.20,4.80
2009.04.14 11:06:50.686,1.32535,1.32555,1.00,4.80
2009.04.14 11:06:51.026,1.32535,1.32555,1.00,6.40
2009.04.14 11:06:55.255,1.3253,1.3255,5.40,6.40
2009.04.14 11:06:55.845,1.3253,1.32545,1.00,6.40
2009.04.14 11:06:56.694,1.3253,1.32545,1.00,4.80
2009.04.14 11:06:57.024,1.3253,1.3255,1.00,6.40
2009.04.14 11:07:01.913,1.3253,1.3255,11.40,1.60
2009.04.14 11:07:02.383,1.3254,1.3256,4.80,6.40
2009.04.14 11:07:02.743,1.3254,1.3256,5.40,4.80
2009.04.14 11:07:08.161,1.32545,1.3257,3.40,9.60
2009.04.14 11:07:08.391,1.32545,1.3257,3.40,1.60
2009.04.14 11:07:08.842,1.32555,1.3258,3.40,6.40
2009.04.14 11:07:09.251,1.32555,1.32575,3.80,10.00
2009.04.14 11:07:09.371,1.32555,1.32575,5.40,10.00
2009.04.14 11:07:09.531,1.32555,1.32575,7.00,10.00
2009.04.14 11:07:09.821,1.32555,1.32575,5.40,10.00
2009.04.14 11:07:09.931,1.32555,1.32575,5.40,7.20
2009.04.14 11:07:10.281,1.32555,1.32575,5.40,8.20
2009.04.14 11:07:10.461,1.32555,1.32575,4.80,7.40
2009.04.14 11:07:10.851,1.3256,1.32575,4.80,7.40
2009.04.14 11:07:11.081,1.32565,1.32585,1.00,16.00
2009.04.14 11:07:11.321,1.32565,1.32585,1.00,6.40
2009.04.14 11:07:12.081,1.32565,1.3257,1.00,8.40
2009.04.14 11:07:12.651,1.3256,1.3258,5.40,4.80
2009.04.14 11:07:13.271,1.3256,1.32575,1.00,4.80
2009.04.14 11:07:19.519,1.3255,1.3257,5.40,4.80
2009.04.14 11:07:20.109,1.3255,1.3257,5.40,6.40
2009.04.14 11:07:20.439,1.3255,1.3257,5.40,4.80
2009.04.14 11:07:20.849,1.3255,1.32575,8.20,6.40
2009.04.14 11:07:21.318,1.3255,1.3257,8.20,1.60
2009.04.14 11:07:21.598,1.3255,1.32575,8.20,6.40
2009.04.14 11:07:23.498,1.32555,1.32575,2.20,4.80
2009.04.14 11:07:26.877,1.3256,1.32585,3.00,6.20
2009.04.14 11:07:27.117,1.32565,1.32585,2.80,3.00
2009.04.14 11:07:27.297,1.32565,1.32585,2.20,4.80
2009.04.14 11:07:27.717,1.32565,1.3259,8.20,1.40
2009.04.14 11:07:29.677,1.32565,1.3259,3.40,3.00
2009.04.14 11:07:30.066,1.32575,1.3259,2.20,4.80
2009.04.14 11:07:31.146,1.32575,1.326,2.20,14.20
2009.04.14 11:07:31.376,1.32575,1.326,2.20,6.20
2009.04.14 11:07:34.775,1.3257,1.32595,5.40,6.20
2009.04.14 11:07:36.555,1.3257,1.32595,8.20,3.00
2009.04.14 11:07:36.895,1.32575,1.326,3.40,9.40
2009.04.14 11:07:37.225,1.3258,1.326,7.60,9.40
2009.04.14 11:07:37.455,1.3258,1.326,7.60,1.40
2009.04.14 11:07:37.804,1.3258,1.32605,8.20,6.20
2009.04.14 11:07:38.044,1.32585,1.3261,2.20,6.40
2009.04.14 11:07:38.674,1.32585,1.3261,2.20,14.40
2009.04.14 11:07:39.274,1.32585,1.32605,1.00,1.60
2009.04.14 11:07:39.904,1.32585,1.32605,1.00,3.20
2009.04.14 11:07:40.244,1.32585,1.32595,1.00,3.60
2009.04.14 11:07:40.354,1.3258,1.32595,3.00,3.60
2009.04.14 11:07:40.694,1.3258,1.32595,8.20,1.00
2009.04.14 11:07:40.974,1.3258,1.32605,8.20,6.40
2009.04.14 11:07:42.083,1.32585,1.3261,2.20,14.40
2009.04.14 11:07:45.052,1.32585,1.32605,2.20,1.60
2009.04.14 11:07:46.263,1.32585,1.326,3.40,1.60
2009.04.14 11:07:46.772,1.32585,1.32605,3.40,1.60
2009.04.14 11:07:47.642,1.32585,1.32605,3.40,3.20
2009.04.14 11:07:47.942,1.32585,1.32595,1.00,1.60
2009.04.14 11:07:48.052,1.3258,1.3259,4.80,1.00
2009.04.14 11:07:48.402,1.32575,1.32595,3.80,2.20
2009.04.14 11:07:48.642,1.3258,1.3259,2.20,1.00
2009.04.14 11:07:48.932,1.3258,1.326,2.20,1.60
2009.04.14 11:07:49.172,1.3258,1.326,3.20,1.60
2009.04.14 11:07:50.141,1.3258,1.326,2.20,1.60
2009.04.14 11:07:50.201,1.3259,1.326,1.60,1.60
2009.04.14 11:07:50.672,1.3259,1.3261,2.20,1.60
2009.04.14 11:07:51.161,1.326,1.3261,1.60,1.60
2009.04.14 11:07:51.841,1.326,1.3262,1.00,6.40
2009.04.14 11:07:52.181,1.32595,1.3262,3.80,1.60
2009.04.14 11:07:52.751,1.326,1.32625,1.00,8.60
2009.04.14 11:07:53.051,1.32595,1.3262,2.20,1.60
2009.04.14 11:07:56.970,1.326,1.32625,5.40,7.00
2009.04.14 11:07:57.209,1.326,1.32625,6.60,7.00
2009.04.14 11:07:57.450,1.326,1.32625,2.20,7.00
2009.04.14 11:07:57.869,1.32605,1.32625,2.20,5.40
2009.04.14 11:07:58.389,1.32605,1.32625,1.00,5.40
2009.04.14 11:07:58.779,1.326,1.32625,4.80,6.80
2009.04.14 11:07:58.999,1.326,1.32625,3.20,6.80
2009.04.14 11:07:59.509,1.326,1.32625,3.20,14.80
2009.04.14 11:08:00.449,1.326,1.3262,1.60,4.80
2009.04.14 11:08:00.789,1.32595,1.32615,2.80,1.40
2009.04.14 11:08:01.789,1.326,1.32625,3.20,14.80
2009.04.14 11:08:01.948,1.32605,1.32625,2.20,13.40
2009.04.14 11:08:02.358,1.32605,1.32625,2.20,5.40
2009.04.14 11:08:03.188,1.32605,1.32625,2.20,7.00
2009.04.14 11:08:03.698,1.32605,1.32615,1.00,4.80
2009.04.14 11:08:04.038,1.3259,1.32615,8.20,6.20
2009.04.14 11:08:05.527,1.3259,1.32615,8.20,7.80
2009.04.14 11:08:05.697,1.3259,1.326,2.20,3.60
2009.04.14 11:08:05.927,1.32585,1.326,2.80,3.60
2009.04.14 11:08:06.328,1.326,1.3261,3.20,17.60
2009.04.14 11:08:06.567,1.326,1.3261,3.20,17.40
2009.04.14 11:08:06.737,1.32595,1.32615,9.00,5.00
2009.04.14 11:08:07.147,1.32595,1.32615,8.40,4.60
2009.04.14 11:08:07.477,1.32595,1.32615,9.00,3.40
2009.04.14 11:08:07.717,1.32595,1.32615,9.00,1.40
2009.04.14 11:08:15.805,1.32595,1.3262,9.00,10.00
2009.04.14 11:08:18.205,1.32605,1.3262,3.20,10.00
2009.04.14 11:08:18.675,1.326,1.3262,6.00,5.20
2009.04.14 11:08:19.464,1.326,1.3262,6.00,5.60
2009.04.14 11:08:19.634,1.326,1.3262,2.80,15.20
2009.04.14 11:08:19.804,1.326,1.3262,6.00,14.80
2009.04.14 11:08:20.184,1.326,1.3262,6.00,5.20
2009.04.14 11:08:21.394,1.32595,1.32615,6.00,1.60
2009.04.14 11:08:21.734,1.3259,1.32615,9.80,6.40
2009.04.14 11:08:24.123,1.32585,1.32605,2.80,1.60
2009.04.14 11:08:24.413,1.32585,1.32605,4.40,1.60
2009.04.14 11:08:24.933,1.32585,1.3261,5.00,1.60
2009.04.14 11:08:25.663,1.3259,1.3261,1.00,1.60
2009.04.14 11:08:26.063,1.3259,1.3261,1.60,1.60
2009.04.14 11:08:26.602,1.32585,1.3261,5.00,1.60
2009.04.14 11:08:27.442,1.3259,1.3261,1.60,1.60
2009.04.14 11:08:27.682,1.32585,1.3261,5.00,1.60
2009.04.14 11:08:29.462,1.3258,1.32605,11.00,1.60
2009.04.14 11:08:29.692,1.3258,1.32605,9.40,1.60
2009.04.14 11:08:30.052,1.32585,1.3261,2.20,1.60
2009.04.14 11:08:30.572,1.3259,1.3261,4.40,1.60
2009.04.14 11:08:30.862,1.32595,1.3261,6.00,1.60
2009.04.14 11:08:33.101,1.326,1.3261,2.80,1.60
2009.04.14 11:08:33.271,1.32595,1.32615,7.60,1.60
2009.04.14 11:08:33.551,1.32595,1.32615,6.00,1.60
2009.04.14 11:08:36.900,1.326,1.3262,8.00,10.00
2009.04.14 11:08:37.420,1.326,1.3262,11.40,3.60
2009.04.14 11:08:37.540,1.326,1.3262,6.00,5.20
2009.04.14 11:08:38.000,1.326,1.3261,6.00,1.40
2009.04.14 11:08:38.240,1.32595,1.3261,2.80,1.40
2009.04.14 11:08:38.410,1.3259,1.3261,8.60,8.40
2009.04.14 11:08:38.859,1.3259,1.3261,10.80,5.20
2009.04.14 11:08:39.080,1.3259,1.3261,10.80,1.40
2009.04.14 11:08:39.319,1.32585,1.32605,9.60,10.00
2009.04.14 11:08:39.600,1.326,1.32605,4.80,1.80
2009.04.14 11:08:39.949,1.326,1.3262,4.80,10.00
2009.04.14 11:08:44.078,1.32595,1.32615,10.80,5.20
2009.04.14 11:08:44.798,1.32595,1.32615,8.00,10.00
2009.04.14 11:08:44.849,1.32595,1.32615,4.80,10.00
2009.04.14 11:08:47.497,1.326,1.32615,4.80,6.40
2009.04.14 11:08:47.787,1.326,1.32615,3.80,10.00
2009.04.14 11:08:48.237,1.32595,1.3261,6.40,1.60
2009.04.14 11:08:48.357,1.32605,1.32615,1.60,1.60
2009.04.14 11:08:48.927,1.326,1.32615,6.00,1.60
2009.04.14 11:08:49.617,1.32595,1.32615,3.80,1.60
2009.04.14 11:08:50.807,1.3259,1.32615,13.00,1.60
2009.04.14 11:08:57.545,1.32595,1.32615,2.80,1.60
2009.04.14 11:09:00.645,1.3259,1.32615,13.00,6.40
2009.04.14 11:09:01.064,1.3259,1.3261,1.60,1.60
2009.04.14 11:09:01.414,1.32585,1.3261,5.00,1.60
2009.04.14 11:09:04.174,1.3259,1.32615,2.20,6.40
2009.04.14 11:09:04.643,1.3259,1.3261,2.20,1.60
2009.04.14 11:09:05.933,1.3259,1.3261,1.00,1.60
2009.04.14 11:09:06.153,1.3259,1.32615,1.00,6.40
2009.04.14 11:09:06.824,1.3259,1.32605,1.00,6.40
2009.04.14 11:09:07.283,1.3259,1.32615,6.60,6.40
2009.04.14 11:09:07.703,1.32595,1.32615,2.20,4.80
2009.04.14 11:09:11.671,1.326,1.32615,2.20,4.80
2009.04.14 11:09:13.111,1.32595,1.32615,2.20,4.80
2009.04.14 11:09:13.951,1.32595,1.32615,1.00,4.80
2009.04.14 11:09:14.181,1.3259,1.32615,5.00,6.20
2009.04.14 11:09:14.651,1.32585,1.32595,1.60,3.60
2009.04.14 11:09:14.991,1.3255,1.3258,5.60,1.40
2009.04.14 11:09:15.681,1.32555,1.32585,4.00,10.20
2009.04.14 11:09:15.961,1.32545,1.3257,4.40,3.00
2009.04.14 11:09:16.520,1.32555,1.3257,2.20,1.00
2009.04.14 11:09:17.450,1.3256,1.3258,11.40,1.60
2009.04.14 11:09:20.260,1.32585,1.3261,3.40,1.60
2009.04.14 11:09:20.669,1.32585,1.3261,3.40,3.20
2009.04.14 11:09:20.780,1.32585,1.32605,2.20,1.60
2009.04.14 11:09:21.269,1.3258,1.32605,13.00,1.60
2009.04.14 11:09:21.829,1.3258,1.32605,11.40,1.60
2009.04.14 11:09:22.929,1.3258,1.32605,11.40,1.80
2009.04.14 11:09:23.089,1.3258,1.32605,11.40,2.40
2009.04.14 11:09:24.039,1.3258,1.326,8.20,1.60
2009.04.14 11:09:24.438,1.32575,1.326,5.00,1.60
2009.04.14 11:09:25.069,1.32575,1.32595,4.40,1.60
2009.04.14 11:09:25.348,1.32575,1.32595,2.80,1.60
2009.04.14 11:09:26.538,1.32575,1.32595,5.00,1.60
2009.04.14 11:09:27.098,1.32575,1.3259,4.40,1.60
2009.04.14 11:09:27.608,1.32565,1.3258,1.60,1.60
2009.04.14 11:09:28.428,1.32555,1.3258,5.00,1.60
2009.04.14 11:09:28.827,1.32555,1.32575,2.80,1.60
2009.04.14 11:09:29.467,1.32555,1.3258,3.40,9.60
2009.04.14 11:09:29.757,1.32555,1.3258,5.00,1.60
2009.04.14 11:09:29.858,1.32555,1.32575,4.40,1.60
2009.04.14 11:09:30.807,1.32555,1.3258,5.00,1.60
2009.04.14 11:09:31.397,1.32555,1.32575,4.40,1.60
2009.04.14 11:09:31.687,1.32555,1.32575,9.20,1.60
2009.04.14 11:09:31.967,1.32555,1.3258,9.80,1.60
2009.04.14 11:09:32.427,1.32555,1.32575,6.40,1.60
2009.04.14 11:09:32.936,1.32555,1.32575,4.80,1.60
2009.04.14 11:09:33.226,1.32555,1.3258,2.20,6.40
2009.04.14 11:09:33.346,1.32555,1.3258,3.80,9.60
2009.04.14 11:09:33.576,1.3255,1.32575,11.40,1.60
2009.04.14 11:09:34.146,1.3255,1.3257,9.20,1.60
2009.04.14 11:09:34.246,1.3255,1.3257,8.60,4.80
2009.04.14 11:09:34.656,1.32555,1.32575,2.20,4.80
2009.04.14 11:09:36.096,1.32555,1.3258,2.20,6.40
2009.04.14 11:09:42.634,1.32555,1.32575,2.20,4.80
2009.04.14 11:09:44.824,1.32555,1.3258,2.20,6.00
2009.04.14 11:09:45.233,1.32555,1.32575,2.20,4.80
2009.04.14 11:09:45.913,1.32555,1.3258,2.20,6.00
2009.04.14 11:09:46.753,1.3256,1.3258,4.80,3.00
2009.04.14 11:09:47.203,1.32565,1.3257,2.80,4.80
2009.04.14 11:09:47.703,1.32565,1.3258,1.40,8.00
2009.04.14 11:09:47.823,1.3256,1.32575,6.40,1.20
2009.04.14 11:09:53.331,1.32565,1.32585,4.40,2.20
2009.04.14 11:09:53.672,1.32565,1.32585,4.40,2.00
2009.04.14 11:09:53.851,1.32565,1.32585,4.40,3.00
2009.04.14 11:09:56.851,1.32565,1.3259,5.00,6.40
2009.04.14 11:09:58.580,1.32565,1.3259,8.20,6.40
2009.04.14 11:09:58.990,1.3258,1.32595,2.80,1.00
2009.04.14 11:09:59.110,1.3258,1.326,2.80,1.60
2009.04.14 11:09:59.800,1.3258,1.326,4.40,1.60
2009.04.14 11:10:01.460,1.3259,1.32605,4.80,2.40
2009.04.14 11:10:01.749,1.32585,1.32605,2.80,2.00
2009.04.14 11:10:02.250,1.32595,1.3261,2.80,1.60
2009.04.14 11:10:03.219,1.32595,1.3261,4.40,1.60
2009.04.14 11:10:03.679,1.32595,1.32615,4.40,1.60
2009.04.14 11:10:04.009,1.326,1.32615,7.60,1.60
2009.04.14 11:10:04.349,1.326,1.32615,6.40,1.60
2009.04.14 11:10:04.799,1.32605,1.3262,1.60,5.20
2009.04.14 11:10:05.099,1.326,1.3262,6.40,5.20
2009.04.14 11:10:05.450,1.326,1.3262,13.00,3.60
2009.04.14 11:10:05.809,1.32605,1.3262,1.60,3.60
2009.04.14 11:10:06.148,1.326,1.3262,13.00,3.60
2009.04.14 11:10:06.438,1.3261,1.3262,1.60,3.60
2009.04.14 11:10:08.898,1.326,1.3262,11.40,3.60
2009.04.14 11:10:10.507,1.32605,1.32625,7.60,5.20
2009.04.14 11:10:10.977,1.32605,1.32625,11.40,3.60
2009.04.14 11:10:11.157,1.3261,1.3263,6.40,9.80
2009.04.14 11:10:11.377,1.32615,1.3263,2.80,5.00
2009.04.14 11:10:11.607,1.32615,1.32635,4.40,1.60
2009.04.14 11:10:12.367,1.32615,1.3264,5.00,6.40
2009.04.14 11:10:12.707,1.32615,1.32635,4.40,1.60
2009.04.14 11:10:13.167,1.32625,1.32635,4.80,1.60
2009.04.14 11:10:13.507,1.32625,1.3264,2.80,1.60
2009.04.14 11:10:15.206,1.32625,1.3264,2.80,1.40
2009.04.14 11:10:15.547,1.32625,1.32645,6.00,3.00
2009.04.14 11:10:16.126,1.32625,1.3264,6.00,5.20
2009.04.14 11:10:16.466,1.32615,1.32635,2.80,1.40
2009.04.14 11:10:17.735,1.3263,1.32635,3.20,1.40
2009.04.14 11:10:20.485,1.3262,1.32645,2.20,6.80
2009.04.14 11:10:21.005,1.32615,1.3264,5.00,1.40
2009.04.14 11:10:21.175,1.3262,1.3264,1.60,1.40
2009.04.14 11:10:21.296,1.3262,1.3264,4.80,1.40
2009.04.14 11:10:21.645,1.32625,1.3264,3.40,1.00
2009.04.14 11:10:22.164,1.3262,1.3264,9.80,1.40
2009.04.14 11:10:22.745,1.3263,1.3264,10.80,1.00
2009.04.14 11:10:23.094,1.3263,1.3264,6.00,1.20
2009.04.14 11:10:23.554,1.3263,1.32645,6.00,1.20
2009.04.14 11:10:24.634,1.32625,1.32645,4.40,1.20
2009.04.14 11:10:24.974,1.32625,1.3264,2.80,1.40
2009.04.14 11:10:25.144,1.3263,1.3264,2.80,1.40
2009.04.14 11:10:25.364,1.3263,1.32645,2.80,3.00
2009.04.14 11:10:25.474,1.3263,1.32645,6.00,3.00
2009.04.14 11:10:25.704,1.32625,1.32645,7.60,3.00
2009.04.14 11:10:29.113,1.32625,1.3264,6.00,5.20
2009.04.14 11:10:29.403,1.32625,1.3264,2.80,5.20
2009.04.14 11:10:29.693,1.32615,1.3264,5.00,13.20
2009.04.14 11:10:29.983,1.32615,1.3264,2.20,13.20
2009.04.14 11:10:30.263,1.32615,1.3263,1.60,1.40
2009.04.14 11:10:32.722,1.3261,1.3263,7.60,1.40
2009.04.14 11:10:37.901,1.3261,1.3263,4.80,6.00
2009.04.14 11:10:38.071,1.32615,1.3263,2.80,1.20
2009.04.14 11:10:42.100,1.32615,1.3263,2.80,2.80
2009.04.14 11:10:42.380,1.3261,1.3263,1.60,1.60
2009.04.14 11:10:42.729,1.3261,1.3263,7.60,1.60
2009.04.14 11:10:43.141,1.32615,1.3263,2.80,1.60
2009.04.14 11:10:43.649,1.3261,1.3263,7.60,1.60
2009.04.14 11:10:44.979,1.32605,1.32625,1.00,1.60
2009.04.14 11:10:45.479,1.32605,1.32625,2.20,1.60
2009.04.14 11:10:45.599,1.326,1.3262,2.20,1.60
2009.04.14 11:10:45.999,1.326,1.32625,2.20,1.60
2009.04.14 11:10:46.688,1.32605,1.32625,1.60,1.60
2009.04.14 11:10:47.289,1.32595,1.3262,2.20,1.60
2009.04.14 11:10:47.978,1.32605,1.3262,1.60,1.60
2009.04.14 11:10:48.158,1.326,1.3262,1.60,3.20
2009.04.14 11:10:48.508,1.32605,1.3262,1.60,1.60
2009.04.14 11:10:48.728,1.32605,1.32615,1.60,1.60
2009.04.14 11:10:48.898,1.32595,1.32615,3.80,1.60
2009.04.14 11:10:49.318,1.32585,1.32595,2.20,1.60
2009.04.14 11:10:49.708,1.32575,1.32595,1.00,1.60
2009.04.14 11:10:50.158,1.3257,1.326,9.80,1.60
2009.04.14 11:10:50.448,1.3257,1.32595,9.80,6.40
2009.04.14 11:10:50.838,1.32575,1.326,3.40,14.40
2009.04.14 11:10:51.297,1.32575,1.326,5.00,6.40
2009.04.14 11:10:55.347,1.32575,1.326,3.40,6.40
2009.04.14 11:10:55.627,1.32575,1.32595,2.20,1.60
2009.04.14 11:10:56.076,1.32575,1.32595,1.00,3.20
2009.04.14 11:10:56.306,1.3258,1.3259,1.00,1.60
2009.04.14 11:10:57.746,1.3258,1.3259,5.40,1.60
2009.04.14 11:10:59.056,1.32575,1.32595,5.00,1.40
2009.04.14 11:11:02.665,1.3258,1.326,1.60,1.40
2009.04.14 11:11:03.074,1.3259,1.326,1.60,1.40
2009.04.14 11:11:03.305,1.326,1.32625,2.80,3.00
2009.04.14 11:11:03.775,1.326,1.3263,5.00,6.20
2009.04.14 11:11:05.144,1.326,1.32615,2.20,4.80
2009.04.14 11:11:05.265,1.326,1.32615,1.60,6.20
2009.04.14 11:11:05.614,1.32595,1.32605,3.80,1.40
2009.04.14 11:11:05.844,1.32595,1.32605,4.00,1.40
2009.04.14 11:11:06.314,1.32595,1.326,4.00,1.40
2009.04.14 11:11:06.594,1.3258,1.326,1.60,1.40
2009.04.14 11:11:09.563,1.3259,1.326,1.60,1.40
2009.04.14 11:11:10.193,1.32585,1.326,1.60,1.40
2009.04.14 11:11:10.723,1.3258,1.326,1.60,1.40
2009.04.14 11:11:11.243,1.32585,1.326,2.80,1.40
2009.04.14 11:11:11.592,1.32585,1.32605,5.00,1.60
2009.04.14 11:11:12.372,1.32595,1.3262,2.20,6.40
2009.04.14 11:11:12.823,1.32595,1.32615,1.00,4.80
2009.04.14 11:11:13.063,1.3259,1.32615,5.40,6.40
2009.04.14 11:11:13.282,1.32595,1.3262,2.20,1.60
2009.04.14 11:11:14.202,1.32595,1.32615,1.00,8.00
2009.04.14 11:11:14.482,1.3259,1.3261,1.60,1.60
2009.04.14 11:11:15.142,1.32585,1.3261,2.20,1.60
2009.04.14 11:11:18.241,1.3259,1.3261,1.60,1.60
2009.04.14 11:11:18.871,1.3259,1.32615,3.80,1.60
2009.04.14 11:11:19.151,1.3259,1.32615,5.40,1.60
2009.04.14 11:11:19.600,1.32595,1.3262,2.20,6.40
2009.04.14 11:11:25.149,1.326,1.32615,1.60,3.20
2009.04.14 11:11:25.211,1.326,1.32615,1.60,8.00
2009.04.14 11:11:25.510,1.326,1.3261,1.60,1.60
2009.04.14 11:11:25.569,1.32595,1.3261,1.60,1.60
2009.04.14 11:11:26.209,1.326,1.3262,2.60,4.80
2009.04.14 11:11:28.368,1.326,1.3262,1.00,4.80
2009.04.14 11:11:28.828,1.32595,1.3262,4.80,6.40
2009.04.14 11:11:28.948,1.32595,1.3262,3.20,6.40
2009.04.14 11:11:29.348,1.32595,1.3262,6.40,6.40
2009.04.14 11:11:29.578,1.32595,1.3262,9.40,1.60
2009.04.14 11:11:31.677,1.326,1.3262,1.60,1.60
2009.04.14 11:11:32.197,1.32595,1.3262,9.40,1.60
2009.04.14 11:11:34.357,1.32595,1.3262,9.40,6.40
2009.04.14 11:11:34.887,1.32595,1.3262,9.40,1.60
2009.04.14 11:11:35.647,1.32595,1.3262,9.40,6.40
2009.04.14 11:11:37.556,1.32595,1.32615,6.40,4.80
2009.04.14 11:11:42.775,1.326,1.3261,1.00,6.20
2009.04.14 11:11:50.023,1.326,1.3261,1.00,6.40
2009.04.14 11:11:51.223,1.326,1.32605,1.00,1.60
2009.04.14 11:11:51.513,1.326,1.3261,1.00,1.60
2009.04.14 11:11:51.803,1.32585,1.3261,9.40,1.60
2009.04.14 11:11:52.632,1.3259,1.32605,1.00,1.60
2009.04.14 11:11:54.352,1.3259,1.326,1.00,1.40
2009.04.14 11:11:54.642,1.3259,1.3261,1.00,3.20
2009.04.14 11:11:55.652,1.3259,1.32615,1.00,8.00
2009.04.14 11:11:55.772,1.32585,1.32615,1.60,8.00
2009.04.14 11:11:56.112,1.32585,1.32615,1.60,16.00
2009.04.14 11:11:57.691,1.32585,1.32615,1.60,14.40
2009.04.14 11:12:00.341,1.32585,1.32615,3.20,14.40
2009.04.14 11:12:00.501,1.3259,1.32615,2.60,12.80
2009.04.14 11:12:00.841,1.3259,1.32615,8.20,12.80
2009.04.14 11:12:01.081,1.3259,1.32615,8.20,4.80
2009.04.14 11:12:01.421,1.32595,1.32615,2.20,4.80
2009.04.14 11:12:01.961,1.3261,1.32615,4.80,4.80
2009.04.14 11:12:07.799,1.3259,1.32615,2.60,6.40
2009.04.14 11:12:11.288,1.3259,1.3261,2.60,1.60
2009.04.14 11:12:16.137,1.3259,1.3261,2.20,1.60
2009.04.14 11:12:16.427,1.32595,1.32615,2.20,6.40
2009.04.14 11:12:20.166,1.32595,1.3262,3.40,6.40
2009.04.14 11:12:20.286,1.326,1.3262,4.80,10.00
2009.04.14 11:12:20.856,1.32595,1.3261,3.00,8.40
2009.04.14 11:12:20.916,1.32595,1.3261,4.80,4.80
2009.04.14 11:12:21.216,1.32595,1.32605,4.80,4.80
2009.04.14 11:12:21.336,1.32585,1.32605,8.00,4.80
2009.04.14 11:12:21.456,1.32595,1.3261,1.60,6.40
2009.04.14 11:12:21.835,1.3259,1.32615,2.20,9.60
2009.04.14 11:12:22.535,1.3259,1.32615,2.20,6.40
2009.04.14 11:12:27.064,1.3259,1.32615,3.80,6.40
2009.04.14 11:12:30.513,1.3259,1.3261,2.60,6.20
2009.04.14 11:12:33.123,1.3259,1.3261,2.60,4.80
2009.04.14 11:12:35.192,1.3259,1.3261,1.00,4.80
2009.04.14 11:12:35.542,1.32585,1.3261,3.20,6.40
2009.04.14 11:12:37.712,1.32585,1.3261,6.20,6.40
2009.04.14 11:12:39.291,1.32585,1.3261,7.80,6.40
2009.04.14 11:12:39.461,1.3259,1.3261,6.00,3.20
2009.04.14 11:12:39.581,1.32595,1.32605,3.80,1.60
2009.04.14 11:12:39.882,1.32595,1.32615,3.40,3.20
2009.04.14 11:12:45.700,1.32595,1.32605,3.80,1.60
2009.04.14 11:12:45.760,1.32595,1.32615,3.80,6.40
2009.04.14 11:12:47.139,1.3259,1.3261,6.00,1.60
2009.04.14 11:12:47.729,1.32585,1.3261,6.20,6.40
2009.04.14 11:12:53.538,1.3258,1.32605,11.40,6.40
2009.04.14 11:12:55.797,1.3258,1.32605,9.80,6.40
2009.04.14 11:12:55.967,1.32585,1.32605,2.20,4.80
2009.04.14 11:12:56.427,1.3258,1.32605,11.40,6.40
2009.04.14 11:12:58.217,1.32585,1.32605,2.20,4.80
2009.04.14 11:13:00.316,1.32585,1.32605,3.80,4.80
2009.04.14 11:13:00.486,1.32585,1.32605,2.20,4.80
2009.04.14 11:13:00.886,1.32585,1.3261,3.40,6.40
2009.04.14 11:13:01.046,1.3259,1.3261,4.80,1.60
2009.04.14 11:13:01.446,1.3259,1.32615,5.40,6.40
2009.04.14 11:13:03.276,1.326,1.3262,2.20,4.80
2009.04.14 11:13:09.104,1.3259,1.32615,5.40,6.40
2009.04.14 11:13:09.344,1.3259,1.32615,5.40,9.60
2009.04.14 11:13:09.514,1.3259,1.3261,4.80,1.60
2009.04.14 11:13:10.643,1.32585,1.3261,10.20,1.60
2009.04.14 11:13:10.814,1.32585,1.3261,10.20,3.20
2009.04.14 11:13:11.044,1.32585,1.326,7.20,4.80
2009.04.14 11:13:11.163,1.3259,1.326,1.00,10.00
2009.04.14 11:13:12.373,1.3259,1.326,1.00,5.20
2009.04.14 11:13:12.893,1.32585,1.32605,8.20,6.20
2009.04.14 11:13:13.073,1.3259,1.32615,2.20,6.20
2009.04.14 11:13:13.353,1.3259,1.32615,7.00,6.20
2009.04.14 11:13:13.513,1.3259,1.32615,7.00,4.60
2009.04.14 11:13:13.683,1.3259,1.32615,7.00,3.00
2009.04.14 11:13:17.352,1.3259,1.32615,8.60,3.00
2009.04.14 11:13:17.532,1.32595,1.3262,2.20,3.20
2009.04.14 11:13:17.922,1.32595,1.3262,2.20,1.60
2009.04.14 11:13:18.282,1.32595,1.3262,2.20,3.20
2009.04.14 11:13:18.402,1.32595,1.3262,2.20,1.60
2009.04.14 11:13:18.462,1.32595,1.32615,2.20,4.80
2009.04.14 11:13:18.792,1.32595,1.32615,2.20,6.20
2009.04.14 11:13:19.121,1.32595,1.32615,1.00,6.20
2009.04.14 11:13:19.242,1.3259,1.32615,2.20,6.20
2009.04.14 11:13:19.721,1.3259,1.32615,2.20,6.20
2009.04.14 11:13:20.002,1.32595,1.3262,2.20,3.20
2009.04.14 11:13:24.360,1.32595,1.3262,1.00,3.00
2009.04.14 11:13:24.810,1.32595,1.3262,1.00,4.80
2009.04.14 11:13:25.230,1.3259,1.32615,2.20,6.40
2009.04.14 11:13:25.691,1.3259,1.3261,2.20,1.60
2009.04.14 11:13:26.100,1.3259,1.3261,3.80,1.60
2009.04.14 11:13:26.330,1.32595,1.3262,2.20,1.60
2009.04.14 11:13:30.559,1.326,1.32625,2.20,7.20
2009.04.14 11:13:35.528,1.326,1.32625,2.20,7.00
2009.04.14 11:13:36.117,1.326,1.32625,2.20,7.00
2009.04.14 11:13:37.067,1.32595,1.3262,5.40,1.40
2009.04.14 11:13:39.827,1.32605,1.32625,3.00,3.00
2009.04.14 11:13:40.196,1.32605,1.32625,2.80,3.00
2009.04.14 11:13:46.565,1.32605,1.3262,2.80,1.60
2009.04.14 11:13:47.875,1.32595,1.32615,2.80,1.60
2009.04.14 11:13:48.164,1.3259,1.32615,14.80,6.40
2009.04.14 11:13:48.505,1.3259,1.32615,7.00,6.40
2009.04.14 11:13:48.855,1.3259,1.32615,5.40,6.40
2009.04.14 11:13:49.144,1.3259,1.3261,4.80,1.60
2009.04.14 11:13:49.494,1.3259,1.3261,4.80,10.00
2009.04.14 11:13:49.844,1.32585,1.32605,6.40,10.00
2009.04.14 11:13:50.324,1.32585,1.32605,4.80,10.00
2009.04.14 11:13:50.934,1.3258,1.326,20.00,5.20
2009.04.14 11:13:51.334,1.3259,1.3261,9.20,1.60
2009.04.14 11:13:51.564,1.3259,1.32615,9.80,1.60
2009.04.14 11:13:51.784,1.3259,1.32615,9.80,4.80
2009.04.14 11:13:52.244,1.3259,1.3261,4.40,1.60
2009.04.14 11:13:53.933,1.3259,1.3261,1.60,6.40
2009.04.14 11:13:54.343,1.32585,1.3261,5.00,6.40
2009.04.14 11:13:54.993,1.3258,1.32605,8.20,6.40
2009.04.14 11:13:59.982,1.3258,1.326,4.80,10.00
2009.04.14 11:14:01.371,1.3258,1.326,10.80,5.20
2009.04.14 11:14:01.901,1.3258,1.32595,7.60,1.60
2009.04.14 11:14:02.371,1.32585,1.32595,3.40,1.60
2009.04.14 11:14:02.891,1.3259,1.3261,2.80,1.60
2009.04.14 11:14:04.151,1.3259,1.3261,4.40,1.60
2009.04.14 11:14:05.221,1.326,1.3261,2.80,1.60
2009.04.14 11:14:05.980,1.32585,1.3261,5.00,1.60
2009.04.14 11:14:06.380,1.32585,1.3261,5.00,6.40
2009.04.14 11:14:06.800,1.32585,1.3261,3.40,1.60
2009.04.14 11:14:11.679,1.32585,1.3261,5.00,1.60
2009.04.14 11:14:13.169,1.32585,1.3261,3.40,1.60
2009.04.14 11:14:13.629,1.32585,1.3261,3.40,6.80
2009.04.14 11:14:14.029,1.32585,1.32605,1.00,1.60
2009.04.14 11:14:14.138,1.3258,1.326,5.40,5.20
2009.04.14 11:14:14.538,1.3258,1.326,4.80,5.20
2009.04.14 11:14:15.438,1.3258,1.326,7.60,5.20
2009.04.14 11:14:15.738,1.3258,1.32605,8.20,1.60
2009.04.14 11:14:18.237,1.3258,1.326,5.40,3.60
2009.04.14 11:14:18.647,1.3258,1.326,4.80,5.20
2009.04.14 11:14:19.527,1.3258,1.3259,4.80,1.60
2009.04.14 11:14:19.977,1.32585,1.326,1.00,1.60
2009.04.14 11:14:20.447,1.3258,1.326,8.20,1.60
2009.04.14 11:14:21.147,1.3258,1.32605,8.20,1.60
2009.04.14 11:14:21.486,1.3258,1.326,5.40,3.60
2009.04.14 11:14:21.767,1.3258,1.326,4.80,5.20
2009.04.14 11:14:22.057,1.3258,1.32605,8.20,1.60
2009.04.14 11:14:22.517,1.3258,1.3259,5.40,1.60
2009.04.14 11:14:22.986,1.3257,1.32585,1.60,1.60
2009.04.14 11:14:23.576,1.32555,1.32565,2.80,1.40
2009.04.14 11:14:23.926,1.32555,1.3257,2.80,1.40
2009.04.14 11:14:24.226,1.32555,1.32575,3.40,3.00
2009.04.14 11:14:24.456,1.32555,1.3258,3.40,14.20
2009.04.14 11:14:25.116,1.32555,1.32575,3.40,1.20
2009.04.14 11:14:25.456,1.32555,1.3258,3.40,14.00
2009.04.14 11:14:27.805,1.32555,1.3258,3.40,6.00
2009.04.14 11:14:32.034,1.32565,1.3258,6.00,1.20
2009.04.14 11:14:32.324,1.3257,1.3258,2.80,1.20
2009.04.14 11:14:32.964,1.3257,1.3259,2.80,2.80
2009.04.14 11:14:33.244,1.3257,1.3259,3.40,1.40
2009.04.14 11:14:33.594,1.3257,1.3259,7.60,1.40
2009.04.14 11:14:33.885,1.3257,1.32595,3.40,3.00
2009.04.14 11:14:34.233,1.3257,1.32595,8.20,3.00
2009.04.14 11:14:34.593,1.3257,1.32595,9.80,3.00
2009.04.14 11:14:35.644,1.3257,1.32595,9.80,1.40
2009.04.14 11:14:35.923,1.3257,1.32595,5.00,1.40
2009.04.14 11:14:38.203,1.3257,1.32595,3.40,1.40
2009.04.14 11:14:40.122,1.3257,1.32595,3.40,3.00
2009.04.14 11:14:40.782,1.3257,1.32595,3.40,1.60
2009.04.14 11:14:41.872,1.3257,1.32595,5.00,1.60
2009.04.14 11:14:42.171,1.32575,1.32595,2.20,1.60
2009.04.14 11:14:42.681,1.32575,1.326,2.20,6.40
2009.04.14 11:14:45.041,1.3257,1.32595,6.60,1.60
2009.04.14 11:14:45.311,1.32575,1.326,2.20,6.40
2009.04.14 11:14:51.109,1.32575,1.326,2.20,8.00
2009.04.14 11:14:51.449,1.32575,1.3259,2.20,1.00
2009.04.14 11:14:51.789,1.32575,1.32595,1.00,9.20
2009.04.14 11:14:52.119,1.32565,1.3259,6.60,1.60
2009.04.14 11:14:52.992,1.32565,1.3259,3.40,9.60
2009.04.14 11:14:56.528,1.32565,1.32585,2.80,1.60
2009.04.14 11:15:00.127,1.32565,1.3259,3.40,1.60
2009.04.14 11:15:00.907,1.32565,1.32595,2.80,14.00
2009.04.14 11:15:01.247,1.32575,1.32595,2.20,8.00
2009.04.14 11:15:01.597,1.32585,1.32605,2.20,8.00
2009.04.14 11:15:01.897,1.32585,1.32605,2.20,12.80
2009.04.14 11:15:02.237,1.32575,1.326,5.00,1.60
2009.04.14 11:15:05.646,1.3258,1.326,1.60,1.60
2009.04.14 11:15:05.756,1.32585,1.326,6.00,1.60
2009.04.14 11:15:06.106,1.32585,1.32605,3.40,1.60
2009.04.14 11:15:06.386,1.32585,1.32605,2.20,4.80
2009.04.14 11:15:06.676,1.3259,1.3261,4.40,5.20
2009.04.14 11:15:07.006,1.32595,1.32615,2.20,10.20
2009.04.14 11:15:07.515,1.326,1.3261,2.20,1.00
2009.04.14 11:15:08.786,1.326,1.3261,1.00,1.00
2009.04.14 11:15:09.185,1.32605,1.3262,1.00,4.80
2009.04.14 11:15:09.515,1.326,1.32625,2.20,16.60
2009.04.14 11:15:09.845,1.32595,1.3262,3.40,1.60
2009.04.14 11:15:10.365,1.32595,1.3262,3.40,6.40
2009.04.14 11:15:13.754,1.32595,1.32615,2.20,5.80
2009.04.14 11:15:13.974,1.3259,1.32615,8.20,7.60
2009.04.14 11:15:14.724,1.3259,1.32615,11.40,7.60
2009.04.14 11:15:15.144,1.32595,1.32615,2.80,2.80
2009.04.14 11:15:15.364,1.32595,1.3261,3.40,1.00
2009.04.14 11:15:17.563,1.32595,1.32615,2.80,2.60
2009.04.14 11:15:17.853,1.32595,1.3261,3.40,3.60
2009.04.14 11:15:18.143,1.3259,1.3261,5.40,8.40
2009.04.14 11:15:19.852,1.3259,1.3261,5.40,10.00
2009.04.14 11:15:21.702,1.3259,1.3261,5.40,8.40
2009.04.14 11:15:23.611,1.3259,1.3261,5.40,10.00
2009.04.14 11:15:27.111,1.3259,1.3261,4.80,10.00
2009.04.14 11:15:28.600,1.3259,1.3261,4.80,11.60
2009.04.14 11:15:28.980,1.3258,1.326,7.40,1.40
2009.04.14 11:15:29.160,1.3258,1.326,3.40,1.40
2009.04.14 11:15:29.870,1.3258,1.326,2.80,1.40
2009.04.14 11:15:30.720,1.3258,1.326,3.40,1.40
2009.04.14 11:15:32.139,1.3258,1.326,5.00,1.40
2009.04.14 11:15:32.539,1.3258,1.32605,5.00,6.40
2009.04.14 11:15:38.618,1.3258,1.326,4.40,1.60
2009.04.14 11:15:39.717,1.3258,1.326,1.60,6.40
2009.04.14 11:15:39.898,1.32575,1.326,8.20,6.40
2009.04.14 11:15:40.297,1.32575,1.326,6.60,6.40
2009.04.14 11:15:44.476,1.3258,1.326,2.80,1.60
2009.04.14 11:15:46.346,1.32575,1.326,6.60,1.60
2009.04.14 11:15:46.746,1.32575,1.326,3.40,1.60
2009.04.14 11:15:47.096,1.32575,1.3259,1.00,1.60
2009.04.14 11:15:47.716,1.32575,1.3259,3.40,9.60
2009.04.14 11:15:48.006,1.32575,1.3259,1.00,8.00
2009.04.14 11:15:48.635,1.32575,1.3259,2.20,8.00
2009.04.14 11:15:48.975,1.32575,1.32595,2.20,6.00
2009.04.14 11:15:50.285,1.32575,1.32595,1.00,7.60
2009.04.14 11:15:50.685,1.32575,1.32595,1.00,6.00
2009.04.14 11:15:51.075,1.32575,1.32595,2.20,6.00
2009.04.14 11:15:51.435,1.32575,1.3259,3.40,1.00
2009.04.14 11:15:57.683,1.32575,1.32595,2.20,6.00
2009.04.14 11:16:06.781,1.32575,1.32595,2.20,6.00
2009.04.14 11:16:07.181,1.3257,1.32595,9.80,7.60
2009.04.14 11:16:07.351,1.3257,1.3259,4.80,10.00
2009.04.14 11:16:25.136,1.32575,1.3259,2.80,5.20
2009.04.14 11:16:25.437,1.32575,1.3259,2.80,3.60
2009.04.14 11:16:25.838,1.3257,1.32595,8.20,8.20
2009.04.14 11:16:34.864,1.3257,1.32595,11.40,8.20
2009.04.14 11:16:37.504,1.3257,1.32595,11.40,7.60
2009.04.14 11:16:38.033,1.3257,1.32595,13.00,7.60
2009.04.14 11:16:44.012,1.3257,1.32595,9.80,7.60
2009.04.14 11:16:44.392,1.3257,1.32595,9.80,8.20
2009.04.14 11:16:44.912,1.3257,1.32595,8.20,8.20
2009.04.14 11:16:48.721,1.3257,1.32595,8.20,9.80
2009.04.14 11:16:49.121,1.3257,1.3259,8.20,1.60
2009.04.14 11:16:49.391,1.3257,1.3258,8.20,1.00
2009.04.14 11:16:53.419,1.3257,1.3258,5.40,1.00
2009.04.14 11:16:53.700,1.3257,1.3258,1.00,1.00
2009.04.14 11:16:54.110,1.32565,1.32585,7.00,5.20
2009.04.14 11:16:54.570,1.32565,1.32585,2.20,5.20
2009.04.14 11:16:55.779,1.32565,1.32585,1.00,5.20
2009.04.14 11:16:56.229,1.3256,1.32585,8.20,6.80
2009.04.14 11:16:59.618,1.3256,1.32585,9.80,6.80
2009.04.14 11:16:59.898,1.32565,1.32585,2.20,5.20
2009.04.14 11:17:00.068,1.3257,1.3259,2.80,1.60
2009.04.14 11:17:00.368,1.32565,1.3259,3.40,9.60
2009.04.14 11:17:02.208,1.32565,1.3259,3.40,1.60
2009.04.14 11:17:02.977,1.32565,1.3259,2.20,6.40
2009.04.14 11:17:03.437,1.32565,1.3259,1.00,6.40
2009.04.14 11:17:03.717,1.3256,1.32585,8.20,1.60
2009.04.14 11:17:05.127,1.3256,1.32585,9.80,1.60
2009.04.14 11:17:05.357,1.32565,1.3259,3.40,6.40
2009.04.14 11:17:06.896,1.32565,1.32585,3.80,4.80
2009.04.14 11:17:07.447,1.32565,1.32585,2.20,4.80
2009.04.14 11:17:07.686,1.32565,1.32585,2.20,8.00
2009.04.14 11:17:07.966,1.32565,1.32585,2.20,9.60
2009.04.14 11:17:08.846,1.3256,1.3258,5.40,1.60
2009.04.14 11:17:09.076,1.3256,1.3258,4.80,10.00
2009.04.14 11:17:12.665,1.32565,1.3259,2.20,14.40
2009.04.14 11:17:13.135,1.3257,1.3259,2.80,1.60
2009.04.14 11:17:13.585,1.3258,1.32595,2.80,4.80
2009.04.14 11:17:13.905,1.32575,1.32595,2.80,1.60
2009.04.14 11:17:22.413,1.32575,1.32595,6.00,1.60
2009.04.14 11:17:22.523,1.3258,1.326,2.80,1.60
2009.04.14 11:17:22.753,1.3258,1.326,1.60,1.60
2009.04.14 11:17:23.272,1.3258,1.326,1.00,1.60
2009.04.14 11:17:23.742,1.32575,1.326,2.60,1.60
2009.04.14 11:17:32.950,1.3258,1.326,1.00,1.40
2009.04.14 11:17:33.650,1.3258,1.32595,1.00,3.00
2009.04.14 11:17:33.940,1.3258,1.32595,1.00,4.60
2009.04.14 11:17:36.329,1.3257,1.3258,1.00,1.60
2009.04.14 11:17:36.380,1.3256,1.3258,2.60,1.60
2009.04.14 11:17:37.839,1.32565,1.32585,2.20,1.60
2009.04.14 11:17:38.119,1.3256,1.3258,1.20,1.60
2009.04.14 11:17:39.488,1.3256,1.3258,9.80,1.60
2009.04.14 11:17:39.769,1.32565,1.32585,2.20,1.60
2009.04.14 11:17:39.938,1.3257,1.32595,2.60,1.60
2009.04.14 11:17:45.257,1.3257,1.32595,5.40,1.60
2009.04.14 11:17:50.076,1.3257,1.32595,5.40,3.20
2009.04.14 11:17:50.366,1.32565,1.32585,9.20,1.60
2009.04.14 11:17:56.064,1.32565,1.32585,9.20,1.60
2009.04.14 11:18:00.523,1.32565,1.3259,9.20,1.60
2009.04.14 11:18:03.572,1.32565,1.3259,4.40,1.60
2009.04.14 11:18:03.912,1.32565,1.32585,3.80,2.80
2009.04.14 11:18:05.702,1.32565,1.32585,3.80,1.20
2009.04.14 11:18:06.222,1.32565,1.3259,9.20,2.80
2009.04.14 11:18:08.062,1.3257,1.3259,4.80,2.80
2009.04.14 11:18:09.321,1.32565,1.3259,9.20,2.80
2009.04.14 11:18:09.551,1.32565,1.3259,9.20,4.40
2009.04.14 11:18:09.661,1.32565,1.3259,9.20,9.20
2009.04.14 11:18:09.941,1.32565,1.3258,3.80,2.80
2009.04.14 11:18:12.640,1.32565,1.3258,3.80,1.20
2009.04.14 11:18:12.920,1.32565,1.3258,3.80,1.60
2009.04.14 11:18:29.716,1.3257,1.32585,4.80,1.60
2009.04.14 11:18:30.446,1.3257,1.3259,8.20,1.60
2009.04.14 11:18:32.456,1.3257,1.32585,4.80,1.60
2009.04.14 11:18:43.403,1.3257,1.32585,4.80,1.60
2009.04.14 11:18:46.342,1.32565,1.32585,9.20,1.60
2009.04.14 11:18:48.482,1.3257,1.32585,4.80,1.60
2009.04.14 11:18:48.932,1.3257,1.32585,7.60,1.60
2009.04.14 11:19:00.479,1.3257,1.3259,8.20,3.20
2009.04.14 11:19:00.589,1.3257,1.3259,8.20,1.60
2009.04.14 11:19:02.348,1.3257,1.3259,8.20,3.20
2009.04.14 11:19:02.748,1.3257,1.3259,7.60,1.60
2009.04.14 11:19:03.368,1.32575,1.32595,4.40,1.60
2009.04.14 11:19:03.688,1.32575,1.32595,2.80,1.60
2009.04.14 11:19:04.148,1.32575,1.32595,3.80,1.60
2009.04.14 11:19:08.587,1.32575,1.32595,5.40,1.60
2009.04.14 11:19:08.937,1.3258,1.326,2.60,4.80
2009.04.14 11:19:09.227,1.3258,1.32605,3.40,6.40
2009.04.14 11:19:09.847,1.3258,1.326,2.80,1.60
2009.04.14 11:19:10.137,1.3259,1.326,1.00,1.60
2009.04.14 11:19:10.637,1.32585,1.32605,7.00,1.60
2009.04.14 11:19:11.557,1.32585,1.32605,6.00,1.60
2009.04.14 11:19:11.726,1.326,1.32605,1.00,1.60
2009.04.14 11:19:13.865,1.32585,1.32605,3.80,1.60
2009.04.14 11:19:14.256,1.32585,1.32605,7.00,1.60
2009.04.14 11:19:15.965,1.32595,1.32605,3.20,1.60
2009.04.14 11:19:16.255,1.3259,1.3261,6.00,5.20
2009.04.14 11:19:17.845,1.32585,1.32605,9.00,1.60
2009.04.14 11:19:18.075,1.32585,1.32605,8.60,1.60
2009.04.14 11:19:18.535,1.32585,1.32605,7.00,1.60
2009.04.14 11:19:20.464,1.32595,1.3261,3.20,10.00
2009.04.14 11:19:20.744,1.3259,1.3261,6.00,5.20
2009.04.14 11:19:21.914,1.3259,1.3261,2.80,5.20
2009.04.14 11:19:22.324,1.3259,1.3261,6.00,5.20
2009.04.14 11:19:22.733,1.32585,1.3261,9.20,10.00
2009.04.14 11:19:23.174,1.32585,1.32605,8.60,1.60
2009.04.14 11:19:23.793,1.32585,1.32605,7.00,1.60
2009.04.14 11:19:34.971,1.3259,1.32605,6.00,1.60
2009.04.14 11:19:35.081,1.3259,1.3261,6.00,5.20
2009.04.14 11:19:39.669,1.32595,1.3261,3.20,10.00
2009.04.14 11:19:39.720,1.32585,1.3261,6.00,10.00
2009.04.14 11:19:40.069,1.32585,1.326,5.40,1.60
2009.04.14 11:19:40.369,1.3259,1.326,1.00,1.60
2009.04.14 11:19:40.810,1.3258,1.326,1.00,1.60
2009.04.14 11:19:41.569,1.3258,1.326,1.00,4.80
2009.04.14 11:19:42.029,1.32575,1.32595,8.60,1.60
2009.04.14 11:19:42.379,1.32585,1.326,1.60,1.60
2009.04.14 11:19:42.829,1.32585,1.32605,8.60,1.60
2009.04.14 11:19:43.169,1.3259,1.3261,10.80,5.20
2009.04.14 11:19:43.519,1.326,1.3261,1.00,5.20
2009.04.14 11:19:46.848,1.326,1.32605,1.00,1.60
2009.04.14 11:19:48.087,1.3259,1.32605,1.00,6.40
2009.04.14 11:19:48.487,1.32575,1.32595,2.40,1.60
2009.04.14 11:19:48.717,1.3258,1.32595,1.00,6.40
2009.04.14 11:19:49.217,1.3258,1.3259,1.00,1.60
2009.04.14 11:19:50.197,1.3258,1.32585,1.00,1.60
2009.04.14 11:19:51.557,1.3258,1.3259,1.00,1.60
2009.04.14 11:19:51.616,1.3258,1.32595,1.00,6.40
2009.04.14 11:19:54.346,1.32575,1.326,3.00,1.60
2009.04.14 11:19:54.806,1.3259,1.326,1.00,1.60
2009.04.14 11:19:55.726,1.32585,1.326,3.80,1.60
2009.04.14 11:19:56.645,1.3259,1.326,1.00,1.60
2009.04.14 11:20:01.884,1.32585,1.3261,2.40,10.00
2009.04.14 11:20:02.104,1.32585,1.32605,3.40,1.60
2009.04.14 11:20:02.994,1.3259,1.326,1.00,1.60
2009.04.14 11:20:03.214,1.3259,1.32605,1.00,1.60
2009.04.14 11:20:03.844,1.32585,1.32605,2.40,1.60
2009.04.14 11:20:04.194,1.32585,1.32605,3.00,1.60
2009.04.14 11:20:04.363,1.3259,1.32605,1.20,1.60
2009.04.14 11:20:06.393,1.3259,1.32605,1.00,1.60
2009.04.14 11:20:08.792,1.3259,1.326,1.00,10.00
2009.04.14 11:20:09.153,1.32585,1.3259,1.00,3.60
2009.04.14 11:20:09.542,1.3258,1.3259,1.20,5.20
2009.04.14 11:20:09.832,1.32575,1.32595,1.60,6.40
2009.04.14 11:20:10.382,1.3257,1.32595,8.20,6.40
2009.04.14 11:20:10.782,1.3257,1.3259,7.60,1.60
2009.04.14 11:20:11.092,1.3257,1.32585,7.60,1.60
2009.04.14 11:20:11.542,1.3257,1.3258,4.80,1.60
2009.04.14 11:20:17.990,1.3257,1.32595,11.40,6.40
2009.04.14 11:20:21.430,1.3257,1.32595,13.00,1.60
2009.04.14 11:20:21.719,1.32585,1.326,3.20,1.60
2009.04.14 11:20:21.770,1.32575,1.326,6.00,1.60
2009.04.14 11:20:22.369,1.3258,1.326,1.60,1.60
2009.04.14 11:20:23.419,1.3258,1.326,1.00,6.40
2009.04.14 11:20:23.529,1.32575,1.326,2.20,6.40
2009.04.14 11:20:24.329,1.32575,1.326,2.20,14.40
2009.04.14 11:20:24.679,1.32575,1.32585,2.20,8.00
2009.04.14 11:20:30.087,1.3257,1.32585,4.80,12.80
2009.04.14 11:20:30.828,1.3257,1.32585,5.40,8.00
2009.04.14 11:20:32.007,1.3257,1.32585,5.40,12.80
2009.04.14 11:20:32.417,1.3257,1.32585,4.80,8.00
2009.04.14 11:20:32.777,1.3257,1.3258,5.40,8.00
2009.04.14 11:20:33.246,1.3257,1.32585,5.40,8.00
2009.04.14 11:20:33.866,1.3257,1.3259,5.40,1.60
2009.04.14 11:20:34.446,1.3257,1.32595,8.20,14.40
2009.04.14 11:20:34.496,1.3257,1.32595,8.20,6.40
2009.04.14 11:20:34.736,1.3257,1.3259,8.20,1.60
2009.04.14 11:20:36.326,1.3257,1.32585,4.80,1.60
2009.04.14 11:20:38.545,1.3257,1.32585,7.60,1.60
2009.04.14 11:20:38.955,1.3257,1.32585,4.80,1.60
2009.04.14 11:20:39.306,1.3257,1.3258,4.80,8.00
2009.04.14 11:20:39.415,1.32565,1.3258,1.00,8.00
2009.04.14 11:20:39.695,1.32565,1.3258,1.00,11.60
2009.04.14 11:20:40.035,1.32565,1.3258,1.00,8.40
2009.04.14 11:20:40.745,1.3256,1.32575,4.80,1.60
2009.04.14 11:20:42.924,1.32555,1.32575,3.40,1.60
2009.04.14 11:20:43.654,1.3255,1.32575,8.20,6.40
2009.04.14 11:20:44.094,1.3255,1.3257,4.80,9.60
2009.04.14 11:20:44.764,1.3255,1.3257,8.20,1.60
2009.04.14 11:20:46.443,1.3255,1.32565,7.60,1.60
2009.04.14 11:20:46.563,1.3255,1.32565,4.80,4.80
2009.04.14 11:20:46.843,1.3255,1.3257,4.80,13.20
2009.04.14 11:20:47.203,1.3255,1.3257,4.80,10.00
2009.04.14 11:20:47.553,1.32555,1.32575,4.80,10.00
2009.04.14 11:20:47.853,1.3255,1.3257,7.20,10.00
2009.04.14 11:20:48.213,1.3255,1.32575,8.20,6.40
2009.04.14 11:20:48.723,1.3255,1.3257,5.40,9.60
2009.04.14 11:20:53.291,1.3255,1.3257,4.80,13.20
2009.04.14 11:20:53.461,1.3255,1.32565,4.80,1.60
2009.04.14 11:20:56.831,1.3255,1.32565,4.80,4.60
2009.04.14 11:20:57.061,1.3255,1.3256,4.80,4.80
2009.04.14 11:20:58.510,1.3255,1.32565,4.80,4.60
2009.04.14 11:21:00.380,1.3255,1.32565,4.80,3.00
2009.04.14 11:21:00.840,1.3255,1.32565,4.80,1.40
2009.04.14 11:21:00.900,1.3255,1.3257,4.80,10.00
2009.04.14 11:21:02.049,1.3255,1.32575,8.20,6.20
2009.04.14 11:21:03.369,1.3255,1.3257,5.40,9.40
2009.04.14 11:21:08.328,1.32535,1.3256,6.60,6.20
2009.04.14 11:21:08.788,1.32535,1.32555,2.20,4.80
2009.04.14 11:21:09.987,1.32535,1.32555,1.00,8.00
2009.04.14 11:21:12.357,1.3253,1.32555,5.40,19.00
2009.04.14 11:21:12.587,1.3253,1.32545,5.40,3.20
2009.04.14 11:21:13.117,1.3253,1.32555,5.40,19.00
2009.04.14 11:21:13.577,1.32545,1.32555,4.80,1.40
2009.04.14 11:21:13.927,1.3253,1.3255,4.80,10.00
2009.04.14 11:21:14.106,1.3253,1.32555,9.80,6.20
2009.04.14 11:21:14.387,1.3253,1.32545,5.40,4.80
2009.04.14 11:21:18.475,1.3254,1.32555,7.60,4.60
2009.04.14 11:21:18.765,1.32535,1.32555,7.00,8.40
2009.04.14 11:21:19.225,1.32535,1.32555,4.80,10.00
2009.04.14 11:21:23.684,1.3253,1.32555,7.80,6.20
2009.04.14 11:21:23.924,1.32535,1.32555,2.20,6.20
2009.04.14 11:21:23.984,1.32535,1.32555,1.40,6.20
2009.04.14 11:21:24.104,1.3253,1.32555,7.80,6.20
2009.04.14 11:21:24.344,1.3253,1.32555,9.40,6.20
2009.04.14 11:21:24.454,1.3253,1.32555,13.80,6.20
2009.04.14 11:21:24.734,1.32535,1.32555,3.00,4.80
2009.04.14 11:21:25.304,1.32535,1.32555,2.20,4.80
2009.04.14 11:21:26.863,1.32535,1.32555,1.00,4.80
2009.04.14 11:21:27.464,1.32535,1.32555,2.20,4.80
2009.04.14 11:21:28.823,1.3253,1.32555,8.20,6.40
2009.04.14 11:21:29.803,1.3253,1.32555,9.80,6.40
2009.04.14 11:21:29.863,1.3253,1.32555,11.40,6.40
2009.04.14 11:21:30.383,1.32535,1.32555,2.20,4.80
2009.04.14 11:21:33.272,1.3253,1.32555,8.20,6.40
2009.04.14 11:21:37.011,1.32535,1.32555,2.80,1.60
2009.04.14 11:21:37.371,1.32535,1.3256,4.20,1.60
2009.04.14 11:21:38.121,1.32535,1.32555,3.60,1.60
2009.04.14 11:21:38.591,1.32535,1.3256,4.20,1.60
2009.04.14 11:21:41.230,1.32535,1.3256,4.20,6.40
2009.04.14 11:21:41.400,1.32535,1.3256,4.20,1.60
2009.04.14 11:21:41.680,1.3254,1.3256,2.80,1.60
2009.04.14 11:21:42.031,1.3254,1.32565,1.00,11.20
2009.04.14 11:21:42.330,1.3254,1.32565,5.40,11.20
2009.04.14 11:21:43.519,1.3254,1.32565,1.00,11.20
2009.04.14 11:21:43.809,1.32535,1.32555,8.40,1.60
2009.04.14 11:21:44.039,1.32545,1.32565,2.80,9.60
2009.04.14 11:21:44.449,1.3254,1.32565,3.40,14.40
2009.04.14 11:21:44.789,1.3254,1.3256,7.60,1.60
2009.04.14 11:21:46.239,1.3254,1.3256,2.80,1.60
2009.04.14 11:21:47.168,1.3254,1.3256,2.80,3.20
2009.04.14 11:21:47.228,1.32535,1.3256,9.00,8.00
2009.04.14 11:21:47.338,1.32535,1.32555,8.40,1.60
2009.04.14 11:21:47.678,1.32535,1.32555,8.80,1.60
2009.04.14 11:21:47.848,1.3254,1.32565,1.40,9.60
2009.04.14 11:21:48.078,1.3254,1.32565,1.40,14.40
2009.04.14 11:21:48.258,1.32535,1.3256,5.80,1.60
2009.04.14 11:21:48.708,1.32535,1.3256,6.40,6.40
2009.04.14 11:21:49.178,1.32535,1.3255,2.80,1.60
2009.04.14 11:21:49.458,1.3253,1.3255,8.20,1.60
2009.04.14 11:21:49.848,1.3253,1.32555,8.20,1.60
2009.04.14 11:21:51.747,1.32535,1.3256,3.40,9.60
2009.04.14 11:21:53.467,1.32535,1.3256,3.40,14.40
2009.04.14 11:21:54.047,1.32535,1.32555,2.80,1.40
2009.04.14 11:21:54.267,1.3253,1.32555,8.20,1.40
2009.04.14 11:21:57.956,1.3253,1.32555,8.20,6.20
2009.04.14 11:21:58.256,1.3253,1.32555,8.20,14.20
2009.04.14 11:21:58.546,1.3253,1.32555,8.20,9.40
2009.04.14 11:21:58.836,1.3253,1.32555,8.20,1.40
2009.04.14 11:22:00.955,1.32535,1.3256,1.00,10.00
2009.04.14 11:22:01.065,1.32535,1.3256,3.40,6.20
2009.04.14 11:22:01.336,1.32535,1.32555,2.20,4.80
2009.04.14 11:22:01.505,1.32535,1.32555,1.00,4.80
2009.04.14 11:22:01.795,1.3253,1.32555,8.20,14.20
2009.04.14 11:22:03.504,1.3253,1.32555,8.20,14.40
2009.04.14 11:22:04.034,1.3253,1.32555,8.20,6.40
2009.04.14 11:22:06.264,1.3253,1.32555,8.20,1.60
2009.04.14 11:22:08.264,1.3253,1.32555,8.20,6.40
2009.04.14 11:22:10.273,1.32535,1.32555,6.00,1.60
2009.04.14 11:22:10.813,1.32535,1.32555,6.80,1.60
2009.04.14 11:22:10.983,1.3254,1.3256,2.80,1.60
2009.04.14 11:22:17.791,1.3254,1.3256,4.80,9.60
2009.04.14 11:22:20.321,1.3253,1.32545,1.00,8.00
2009.04.14 11:22:20.791,1.3253,1.32545,1.00,9.60
2009.04.14 11:22:21.250,1.3253,1.3254,1.00,1.60
2009.04.14 11:22:28.188,1.3252,1.3254,7.60,1.60
2009.04.14 11:22:28.798,1.3252,1.3254,7.60,4.80
2009.04.14 11:22:28.918,1.3252,1.3254,4.80,9.60
2009.04.14 11:22:29.228,1.3252,1.32535,4.80,1.60
2009.04.14 11:22:29.938,1.32515,1.3253,8.40,1.60
2009.04.14 11:22:30.168,1.32515,1.32535,8.40,3.20
2009.04.14 11:22:30.858,1.32515,1.3253,8.40,1.60
2009.04.14 11:22:33.517,1.32515,1.32535,8.40,1.60
2009.04.14 11:22:33.927,1.32515,1.32535,8.40,4.80
2009.04.14 11:22:34.207,1.3252,1.3253,1.00,1.60
2009.04.14 11:22:34.427,1.3251,1.32535,8.20,6.40
2009.04.14 11:22:41.385,1.3251,1.32535,9.80,6.40
2009.04.14 11:22:41.725,1.32515,1.3254,3.80,14.40
2009.04.14 11:22:41.845,1.32515,1.3254,4.20,14.40
2009.04.14 11:22:44.535,1.3252,1.32535,1.00,4.80
2009.04.14 11:22:44.765,1.32515,1.3254,4.20,17.60
2009.04.14 11:22:44.985,1.32515,1.3254,4.20,14.40
2009.04.14 11:22:46.174,1.32515,1.3254,4.20,17.60
2009.04.14 11:22:46.804,1.32515,1.3254,3.80,14.40
2009.04.14 11:22:47.194,1.32515,1.3254,4.20,14.40
2009.04.14 11:22:48.564,1.32515,1.32535,2.20,4.80
2009.04.14 11:22:49.223,1.32515,1.3253,1.00,8.00
2009.04.14 11:22:49.443,1.3251,1.3253,5.40,8.00
2009.04.14 11:22:50.103,1.3251,1.3253,4.80,13.20
2009.04.14 11:22:52.833,1.3251,1.32525,4.80,1.60
2009.04.14 11:22:53.342,1.3251,1.3253,4.80,13.20
2009.04.14 11:22:54.392,1.3251,1.32525,4.80,4.60
2009.04.14 11:22:54.743,1.3251,1.3253,4.80,13.20
2009.04.14 11:22:55.262,1.3251,1.32525,4.80,4.60
2009.04.14 11:22:55.432,1.3251,1.3253,4.80,9.40
2009.04.14 11:22:55.902,1.32525,1.3254,4.80,14.60
2009.04.14 11:22:56.342,1.3253,1.32545,4.80,9.40
2009.04.14 11:22:56.522,1.3252,1.32545,8.20,3.00
2009.04.14 11:22:56.912,1.32515,1.32535,13.00,3.00
2009.04.14 11:22:57.142,1.32515,1.32535,11.40,3.00
2009.04.14 11:22:57.322,1.32515,1.32535,6.80,3.00
2009.04.14 11:22:57.561,1.3252,1.32535,2.80,1.40
2009.04.14 11:23:01.730,1.32515,1.32535,3.60,3.00
2009.04.14 11:23:02.080,1.32515,1.32535,3.60,3.00
2009.04.14 11:23:02.541,1.3252,1.32535,2.80,1.40
2009.04.14 11:23:05.260,1.3252,1.3253,1.00,1.40
2009.04.14 11:23:05.819,1.32515,1.3253,1.00,1.40
2009.04.14 11:23:06.049,1.32515,1.3253,1.00,3.00
2009.04.14 11:23:06.279,1.3251,1.3253,12.40,3.00
2009.04.14 11:23:06.509,1.32515,1.3253,2.80,1.40
2009.04.14 11:23:09.129,1.3252,1.3253,7.60,1.40
2009.04.14 11:23:09.649,1.32515,1.3253,6.80,1.60
2009.04.14 11:23:10.568,1.32515,1.3253,3.60,1.60
2009.04.14 11:23:12.688,1.3252,1.32535,8.20,1.60
2009.04.14 11:23:13.018,1.3252,1.32545,8.20,1.60
2009.04.14 11:23:13.487,1.3252,1.32545,8.20,9.60
2009.04.14 11:23:17.596,1.3252,1.3254,8.20,1.60
2009.04.14 11:23:18.056,1.32515,1.3253,6.80,1.40
2009.04.14 11:23:18.626,1.32515,1.32535,3.60,1.40
2009.04.14 11:23:18.906,1.32515,1.32535,8.20,1.40
2009.04.14 11:23:20.576,1.3252,1.32535,4.80,1.40
2009.04.14 11:23:20.806,1.3252,1.32535,7.60,1.40
2009.04.14 11:23:20.966,1.3252,1.3254,7.60,3.00
2009.04.14 11:23:21.716,1.3252,1.32535,2.80,3.00
2009.04.14 11:23:22.186,1.32515,1.3253,6.80,1.40
2009.04.14 11:23:22.655,1.32515,1.3253,3.60,1.40
2009.04.14 11:23:26.615,1.32515,1.32535,3.60,3.00
2009.04.14 11:23:28.974,1.32515,1.3253,3.60,1.40
2009.04.14 11:23:32.063,1.32515,1.32535,3.60,1.60
2009.04.14 11:23:36.442,1.32515,1.3253,6.80,1.60
2009.04.14 11:23:36.662,1.32515,1.3253,3.60,1.60
2009.04.14 11:23:42.910,1.32515,1.32535,4.20,1.60
2009.04.14 11:23:46.900,1.3253,1.3254,1.00,1.40
2009.04.14 11:23:47.590,1.3253,1.32545,1.00,3.00
2009.04.14 11:23:47.999,1.3253,1.32545,1.00,1.40
2009.04.14 11:23:50.648,1.32525,1.32545,3.60,1.40
2009.04.14 11:23:51.199,1.3253,1.32555,2.40,9.40
2009.04.14 11:23:51.548,1.3254,1.32555,1.00,9.40
2009.04.14 11:23:51.608,1.32535,1.3255,1.00,1.40
2009.04.14 11:23:51.958,1.3253,1.3255,2.40,1.40
2009.04.14 11:23:52.338,1.3254,1.32555,1.00,1.40
2009.04.14 11:23:52.688,1.3254,1.3256,1.00,3.00
2009.04.14 11:23:53.258,1.3254,1.32555,1.00,1.40
2009.04.14 11:23:54.298,1.3254,1.32555,1.00,14.40
2009.04.14 11:23:54.477,1.3254,1.32555,1.00,16.00
2009.04.14 11:23:54.708,1.32525,1.3255,4.20,1.60
2009.04.14 11:23:54.888,1.32525,1.3255,4.20,3.20
2009.04.14 11:23:55.008,1.32525,1.3255,4.20,9.60
2009.04.14 11:23:55.417,1.32525,1.32545,3.60,1.60
2009.04.14 11:23:55.537,1.32525,1.32545,4.20,1.60
2009.04.14 11:23:57.167,1.3253,1.3254,1.00,1.60
2009.04.14 11:23:57.677,1.3253,1.3254,1.00,3.20
2009.04.14 11:23:57.917,1.3253,1.3254,1.00,1.60
2009.04.14 11:23:59.157,1.3253,1.3254,4.80,1.60
2009.04.14 11:23:59.276,1.3253,1.3255,5.40,6.40
2009.04.14 11:24:00.506,1.3253,1.32555,8.20,6.40
2009.04.14 11:24:00.906,1.32535,1.32555,1.00,6.40
2009.04.14 11:24:02.626,1.32535,1.3255,1.00,4.80
2009.04.14 11:24:06.325,1.32535,1.32555,2.20,4.80
2009.04.14 11:24:06.835,1.3253,1.3255,4.80,10.00
2009.04.14 11:24:07.005,1.3253,1.3255,6.40,10.00
2009.04.14 11:24:07.364,1.3254,1.3255,1.00,10.00
2009.04.14 11:24:07.475,1.3253,1.3255,1.60,1.60
2009.04.14 11:24:07.825,1.3253,1.3255,1.80,1.60
2009.04.14 11:24:07.994,1.32525,1.3255,9.00,1.60
2009.04.14 11:24:08.334,1.32525,1.3255,7.40,1.60
2009.04.14 11:24:08.674,1.32525,1.3255,4.20,1.60
2009.04.14 11:24:15.573,1.32535,1.3255,1.60,1.60
2009.04.14 11:24:15.742,1.3255,1.32555,4.80,5.60
2009.04.14 11:24:16.033,1.3254,1.3255,2.20,1.60
2009.04.14 11:24:16.142,1.32545,1.3255,1.60,1.60
2009.04.14 11:24:16.262,1.3253,1.3255,1.60,1.60
2009.04.14 11:24:16.372,1.32525,1.3255,9.00,1.60
2009.04.14 11:24:17.802,1.3254,1.32555,4.80,9.60
2009.04.14 11:24:18.272,1.32515,1.3255,5.40,1.60
2009.04.14 11:24:18.502,1.32515,1.3255,9.00,1.60
2009.04.14 11:24:19.142,1.32525,1.3255,1.60,1.60
2009.04.14 11:24:19.602,1.32535,1.3255,2.80,1.60
2009.04.14 11:24:20.061,1.3253,1.3255,5.40,1.60
2009.04.14 11:24:22.291,1.32535,1.32555,2.20,1.40
2009.04.14 11:24:22.972,1.3254,1.3256,2.20,3.00
2009.04.14 11:24:23.311,1.3254,1.3256,2.20,1.40
2009.04.14 11:24:23.661,1.32545,1.32565,2.20,1.40
2009.04.14 11:24:26.120,1.32545,1.32565,1.00,3.00
2009.04.14 11:24:26.340,1.3254,1.32565,2.20,3.00
2009.04.14 11:24:34.498,1.32545,1.3257,3.40,6.40
2009.04.14 11:24:35.858,1.32545,1.3257,3.40,14.40
2009.04.14 11:25:08.410,1.32545,1.3257,3.40,17.60
2009.04.14 11:25:08.760,1.32545,1.32565,1.00,6.40
2009.04.14 11:25:08.980,1.32545,1.32565,2.20,4.80
2009.04.14 11:25:09.210,1.32545,1.3257,3.40,14.40
2009.04.14 11:25:10.199,1.32545,1.32565,3.40,1.60
2009.04.14 11:25:14.068,1.32545,1.32565,1.00,6.40
2009.04.14 11:25:14.299,1.3254,1.32565,8.20,6.40
2009.04.14 11:25:14.868,1.3254,1.32565,8.20,14.40
2009.04.14 11:25:16.148,1.3254,1.32565,9.80,14.40
2009.04.14 11:25:16.428,1.32545,1.32565,3.40,8.00
2009.04.14 11:25:16.648,1.32545,1.32565,3.40,9.40
2009.04.14 11:25:17.048,1.32545,1.32565,3.40,1.40
2009.04.14 11:25:36.603,1.3254,1.32565,8.20,6.40
2009.04.14 11:25:37.063,1.3254,1.32565,8.20,14.40
2009.04.14 11:25:52.579,1.3254,1.32565,8.20,6.40
2009.04.14 11:25:53.749,1.3254,1.32565,8.20,14.40
2009.04.14 11:25:57.638,1.3254,1.32565,8.20,6.40
2009.04.14 11:26:00.457,1.3254,1.32565,7.60,4.80
2009.04.14 11:26:00.687,1.3254,1.32565,8.20,6.40
2009.04.14 11:26:04.336,1.32545,1.32565,1.00,6.40
2009.04.14 11:26:07.965,1.3254,1.32565,8.20,14.40
2009.04.14 11:26:12.354,1.32545,1.32565,2.20,12.80
2009.04.14 11:26:12.744,1.32545,1.32565,2.80,9.40
2009.04.14 11:26:13.834,1.32545,1.32565,2.80,1.40
2009.04.14 11:26:15.913,1.32545,1.32555,2.80,3.20
2009.04.14 11:26:16.153,1.32535,1.32555,17.00,3.60
2009.04.14 11:26:16.323,1.3254,1.3256,8.20,8.00
2009.04.14 11:26:16.723,1.3254,1.32565,8.20,3.00
2009.04.14 11:26:17.823,1.3254,1.32565,8.20,1.40
2009.04.14 11:26:21.483,1.3254,1.32565,8.20,6.20
2009.04.14 11:26:21.932,1.3254,1.32565,8.20,3.00
2009.04.14 11:26:22.272,1.3254,1.32565,8.20,6.20
2009.04.14 11:26:22.572,1.3254,1.32565,8.20,14.20
2009.04.14 11:26:22.692,1.3254,1.32565,8.20,14.40
2009.04.14 11:26:23.931,1.3254,1.3256,8.20,1.60
2009.04.14 11:26:25.241,1.3254,1.32565,8.20,9.60
2009.04.14 11:26:26.171,1.3254,1.32565,8.20,1.60
2009.04.14 11:26:26.641,1.3254,1.32565,8.20,6.40
2009.04.14 11:26:27.041,1.3254,1.32565,8.20,1.60
2009.04.14 11:26:27.321,1.3254,1.32565,8.20,9.60
2009.04.14 11:26:28.700,1.3254,1.3256,8.20,1.60
2009.04.14 11:26:41.787,1.3254,1.32565,8.20,9.40
2009.04.14 11:26:42.527,1.3254,1.3256,8.20,1.40
2009.04.14 11:26:43.807,1.3254,1.32565,8.20,1.60
2009.04.14 11:26:48.615,1.3254,1.32565,8.20,14.40
2009.04.14 11:26:49.065,1.3254,1.32565,8.20,9.60
2009.04.14 11:26:49.345,1.3254,1.32565,8.20,1.60
2009.04.14 11:26:51.295,1.3254,1.3256,7.60,1.60
2009.04.14 11:26:56.613,1.3254,1.32565,8.20,6.20
2009.04.14 11:26:56.733,1.3254,1.32565,8.20,14.20
2009.04.14 11:27:00.123,1.3254,1.3256,5.40,4.80
2009.04.14 11:27:00.412,1.3254,1.3256,4.80,6.20
2009.04.14 11:27:00.743,1.3254,1.3256,4.80,4.80
2009.04.14 11:27:01.202,1.3254,1.3256,4.80,14.20
2009.04.14 11:27:15.479,1.3254,1.3256,4.80,6.40
2009.04.14 11:27:17.399,1.3254,1.3256,7.60,1.60
2009.04.14 11:27:17.698,1.3254,1.3256,5.40,4.80
2009.04.14 11:27:20.048,1.3254,1.32565,8.20,6.40
2009.04.14 11:27:24.067,1.32525,1.32545,6.00,1.60
2009.04.14 11:27:26.636,1.32525,1.32545,3.00,6.40
2009.04.14 11:27:26.986,1.32525,1.32545,3.00,8.00
2009.04.14 11:27:28.596,1.3253,1.3254,1.20,6.40
2009.04.14 11:27:30.115,1.3253,1.3254,1.20,1.60
2009.04.14 11:27:30.165,1.3253,1.32545,1.20,17.60
2009.04.14 11:27:30.285,1.3253,1.32545,1.20,9.60
2009.04.14 11:27:32.495,1.3253,1.3254,1.20,4.80
2009.04.14 11:27:32.615,1.3253,1.3254,1.20,6.40
2009.04.14 11:27:41.932,1.32525,1.3254,1.20,6.40
2009.04.14 11:27:42.093,1.32515,1.3254,6.00,6.40
2009.04.14 11:27:42.452,1.32515,1.3254,3.00,6.40
2009.04.14 11:27:43.012,1.32515,1.3254,3.00,14.40
2009.04.14 11:27:47.221,1.32515,1.3253,3.00,3.20
2009.04.14 11:27:47.281,1.32515,1.32535,3.00,8.00
2009.04.14 11:27:51.230,1.32515,1.32535,3.20,8.00
2009.04.14 11:27:58.638,1.32515,1.32535,3.00,8.00
2009.04.14 11:28:00.968,1.3252,1.32535,4.80,4.80
2009.04.14 11:28:01.369,1.3252,1.32535,5.40,4.80
2009.04.14 11:28:01.828,1.3252,1.32545,5.40,17.60
2009.04.14 11:28:02.477,1.32525,1.32545,2.20,16.00
2009.04.14 11:28:02.707,1.32525,1.32545,2.20,8.00
2009.04.14 11:28:03.627,1.32525,1.3254,1.00,4.80
2009.04.14 11:28:04.077,1.32515,1.3254,9.20,6.40
2009.04.14 11:28:04.637,1.32515,1.3254,6.00,6.40
2009.04.14 11:28:09.126,1.3252,1.3254,1.60,6.40
2009.04.14 11:28:09.346,1.32525,1.32545,2.20,16.00
2009.04.14 11:28:09.626,1.32525,1.32545,2.20,8.00
2009.04.14 11:28:10.356,1.32525,1.3254,2.20,4.80
2009.04.14 11:28:10.406,1.32525,1.3254,1.00,4.80
2009.04.14 11:28:10.465,1.32515,1.3254,9.20,6.40
2009.04.14 11:28:11.405,1.32515,1.3254,6.00,6.40
2009.04.14 11:28:19.453,1.32515,1.32535,5.40,1.60
2009.04.14 11:28:19.693,1.3252,1.32535,1.00,1.60
2009.04.14 11:28:22.023,1.3253,1.32545,1.00,14.40
2009.04.14 11:28:22.083,1.32525,1.32545,3.00,4.80
2009.04.14 11:28:26.472,1.32525,1.3255,6.00,14.40
2009.04.14 11:28:26.582,1.32525,1.3255,6.00,6.40
2009.04.14 11:28:26.802,1.3253,1.3255,3.00,4.80
2009.04.14 11:28:27.081,1.3254,1.32555,1.20,6.40
2009.04.14 11:28:29.371,1.3254,1.32555,1.00,6.40
2009.04.14 11:28:33.380,1.32535,1.32555,5.40,1.60
2009.04.14 11:28:33.670,1.3254,1.3256,5.40,8.40
2009.04.14 11:28:37.659,1.3254,1.3256,4.80,10.00
2009.04.14 11:28:40.978,1.32535,1.32555,3.60,4.80
2009.04.14 11:28:41.038,1.3254,1.32555,1.20,6.20
2009.04.14 11:28:46.147,1.3254,1.32555,1.20,6.40
2009.04.14 11:28:49.546,1.32535,1.3256,3.20,19.60
2009.04.14 11:28:52.835,1.32535,1.3256,3.60,10.00
2009.04.14 11:28:52.986,1.32535,1.3256,3.20,10.00
2009.04.14 11:28:53.465,1.3254,1.32555,1.20,1.60
2009.04.14 11:28:53.745,1.3254,1.32555,1.20,6.40
2009.04.14 11:28:59.354,1.3254,1.3255,1.20,1.60
2009.04.14 11:29:11.811,1.3254,1.32555,1.20,6.40
2009.04.14 11:29:17.999,1.32525,1.3255,6.00,6.40
2009.04.14 11:29:21.509,1.32525,1.32545,3.00,4.80
2009.04.14 11:29:21.738,1.32525,1.32545,3.60,4.80
2009.04.14 11:29:21.908,1.32525,1.32545,3.20,4.80
2009.04.14 11:29:24.618,1.32525,1.32545,2.60,4.80
2009.04.14 11:29:43.153,1.3253,1.32545,4.80,4.80
2009.04.14 11:29:43.253,1.3253,1.3255,5.40,8.00
2009.04.14 11:29:43.893,1.3253,1.3255,7.00,8.00
2009.04.14 11:29:43.953,1.3253,1.3255,7.00,4.80
2009.04.14 11:29:44.173,1.3254,1.3255,4.80,4.80
2009.04.14 11:29:44.343,1.3254,1.32555,4.80,8.00
2009.04.14 11:29:44.802,1.3254,1.32555,4.80,9.40
2009.04.14 11:29:48.422,1.3254,1.32555,4.80,6.20
2009.04.14 11:29:48.592,1.3254,1.32555,4.80,3.00
2009.04.14 11:29:48.991,1.3254,1.32555,4.80,4.60
2009.04.14 11:29:53.640,1.3254,1.32555,7.60,6.20
2009.04.14 11:29:55.620,1.3254,1.32555,7.60,6.40
2009.04.14 11:29:55.680,1.3254,1.3255,4.80,4.80
2009.04.14 11:29:56.380,1.32525,1.3254,10.40,4.80
2009.04.14 11:29:56.610,1.32525,1.3254,9.80,6.40
2009.04.14 11:29:56.840,1.32525,1.3254,5.00,6.40
2009.04.14 11:29:59.089,1.32525,1.3253,5.00,3.60
2009.04.14 11:29:59.429,1.3251,1.32525,8.20,4.80
2009.04.14 11:29:59.769,1.3251,1.32525,7.60,4.80
2009.04.14 11:30:00.069,1.32515,1.32535,2.80,9.60
2009.04.14 11:30:00.359,1.3253,1.32535,7.60,8.00
2009.04.14 11:30:00.649,1.3253,1.3254,7.60,9.60
2009.04.14 11:30:01.009,1.32525,1.3253,2.80,1.60
2009.04.14 11:30:01.289,1.3252,1.3254,5.40,6.40
2009.04.14 11:30:01.589,1.32515,1.32535,6.40,1.60
2009.04.14 11:30:01.949,1.32515,1.32535,3.20,1.60
2009.04.14 11:30:02.298,1.3253,1.32545,7.60,12.80
2009.04.14 11:30:02.928,1.3253,1.32545,7.60,4.80
2009.04.14 11:30:03.278,1.3254,1.3255,4.80,9.60
2009.04.14 11:30:03.628,1.3254,1.3255,4.80,1.60
2009.04.14 11:30:03.978,1.32535,1.3255,2.80,1.60
2009.04.14 11:30:04.788,1.3252,1.32535,4.00,1.60
2009.04.14 11:30:05.188,1.32515,1.32535,10.80,1.60
2009.04.14 11:30:05.648,1.32515,1.32535,7.60,1.60
2009.04.14 11:30:07.247,1.32515,1.32535,9.20,1.60
2009.04.14 11:30:07.697,1.3253,1.3256,2.80,17.60
2009.04.14 11:30:08.097,1.32525,1.3255,7.60,1.60
2009.04.14 11:30:10.756,1.3253,1.3255,7.60,6.40
2009.04.14 11:30:11.496,1.3253,1.32535,7.60,1.60
2009.04.14 11:30:11.776,1.32535,1.32545,7.60,1.60
2009.04.14 11:30:11.936,1.32535,1.32545,1.00,1.60
2009.04.14 11:30:12.176,1.32535,1.3254,1.00,1.60
2009.04.14 11:30:12.336,1.32525,1.32545,2.80,6.40
2009.04.14 11:30:12.696,1.32515,1.3253,2.80,1.60
2009.04.14 11:30:16.925,1.32515,1.32525,4.40,1.60
2009.04.14 11:30:17.325,1.32525,1.3254,1.00,9.60
2009.04.14 11:30:17.435,1.32515,1.3253,2.80,1.60
2009.04.14 11:30:18.675,1.32525,1.32545,2.80,6.40
2009.04.14 11:30:18.965,1.3252,1.32535,1.00,3.60
2009.04.14 11:30:19.254,1.32525,1.32535,1.00,1.60
2009.04.14 11:30:19.604,1.32525,1.32535,1.00,10.00
2009.04.14 11:30:20.434,1.32525,1.32535,2.80,1.60
2009.04.14 11:30:20.724,1.32525,1.32545,3.40,14.40
2009.04.14 11:30:21.024,1.32525,1.32545,2.80,14.40
2009.04.14 11:30:21.324,1.32525,1.3254,2.80,1.60
2009.04.14 11:30:21.684,1.32515,1.3253,2.80,1.60
2009.04.14 11:30:24.303,1.32525,1.32545,2.80,6.40
2009.04.14 11:30:28.542,1.3252,1.3254,8.20,6.40
2009.04.14 11:30:28.902,1.32525,1.3254,2.80,1.60
2009.04.14 11:30:29.312,1.32525,1.32545,2.80,6.40
2009.04.14 11:30:29.652,1.3253,1.32545,7.60,1.60
2009.04.14 11:30:31.572,1.3253,1.32545,4.80,1.60
2009.04.14 11:30:33.031,1.3253,1.3255,4.80,12.80
2009.04.14 11:30:33.401,1.3253,1.3254,4.80,4.80
2009.04.14 11:30:46.948,1.3253,1.32545,8.20,4.80
2009.04.14 11:30:47.588,1.3253,1.3255,5.40,8.00
2009.04.14 11:30:47.928,1.3253,1.3255,4.80,12.80
2009.04.14 11:30:48.447,1.3253,1.3254,4.80,4.80
2009.04.14 11:30:52.056,1.32525,1.32545,3.40,4.80
2009.04.14 11:30:52.276,1.32525,1.32545,3.40,6.40
2009.04.14 11:30:52.696,1.32525,1.32545,2.80,14.40
2009.04.14 11:30:53.696,1.3252,1.3254,7.60,10.00
2009.04.14 11:30:57.255,1.32515,1.32535,3.40,4.80
2009.04.14 11:30:57.425,1.32515,1.32535,2.80,6.40
2009.04.14 11:30:59.524,1.32515,1.3253,2.80,1.60
2009.04.14 11:31:00.884,1.3251,1.32525,4.80,1.60
2009.04.14 11:31:01.184,1.3251,1.32525,4.80,6.40
2009.04.14 11:31:04.583,1.32505,1.32525,7.60,10.00
2009.04.14 11:31:05.233,1.32505,1.32515,4.80,4.80
2009.04.14 11:31:05.583,1.32505,1.3251,1.60,1.60
2009.04.14 11:31:05.973,1.3247,1.32505,3.80,1.60
2009.04.14 11:31:06.033,1.3247,1.32505,2.20,1.60
2009.04.14 11:31:06.143,1.32475,1.3251,3.40,3.20
2009.04.14 11:31:06.443,1.32475,1.3251,3.40,1.60
2009.04.14 11:31:07.173,1.32485,1.3251,3.40,9.60
2009.04.14 11:31:08.912,1.32485,1.3251,3.40,1.60
2009.04.14 11:31:09.652,1.32485,1.3251,3.40,9.60
2009.04.14 11:31:10.002,1.32485,1.3251,3.40,9.40
2009.04.14 11:31:10.582,1.32485,1.32505,3.40,12.80
2009.04.14 11:31:10.922,1.32485,1.32505,3.40,14.20
2009.04.14 11:31:11.731,1.32485,1.32505,3.40,6.20
2009.04.14 11:31:13.641,1.3248,1.325,9.80,4.80
2009.04.14 11:31:13.751,1.3248,1.325,8.20,4.80
2009.04.14 11:31:13.811,1.3248,1.3249,4.80,1.40
2009.04.14 11:31:14.121,1.32475,1.3249,2.80,1.40
2009.04.14 11:31:14.351,1.32465,1.3249,16.20,1.40
2009.04.14 11:31:14.471,1.3247,1.3249,3.80,1.40
2009.04.14 11:31:14.761,1.32475,1.3249,2.80,1.40
2009.04.14 11:31:15.111,1.32475,1.32495,2.80,3.00
2009.04.14 11:31:16.021,1.3247,1.32485,2.80,6.20
2009.04.14 11:31:16.321,1.32475,1.32495,3.40,8.00
2009.04.14 11:31:16.500,1.32475,1.32495,3.40,1.60
2009.04.14 11:31:16.890,1.32485,1.32505,2.80,15.80
2009.04.14 11:31:17.060,1.32485,1.32505,3.40,6.20
2009.04.14 11:31:17.530,1.32485,1.32505,3.40,7.80
2009.04.14 11:31:17.650,1.3249,1.325,4.80,1.40
2009.04.14 11:31:17.770,1.3249,1.325,7.60,1.40
2009.04.14 11:31:18.111,1.3249,1.32505,8.20,4.80
2009.04.14 11:31:19.530,1.3249,1.32505,7.60,4.80
2009.04.14 11:31:20.169,1.3249,1.32505,7.60,8.00
2009.04.14 11:31:20.229,1.3249,1.32505,7.60,9.40
2009.04.14 11:31:20.340,1.3249,1.32505,4.80,4.60
2009.04.14 11:31:20.679,1.3249,1.32505,7.60,4.80
2009.04.14 11:31:20.969,1.32485,1.3249,2.40,1.60
2009.04.14 11:31:21.269,1.32475,1.3249,9.60,3.00
2009.04.14 11:31:21.569,1.32475,1.3249,4.80,6.20
2009.04.14 11:31:22.070,1.32465,1.32485,2.80,6.20
2009.04.14 11:31:23.659,1.32465,1.32485,2.80,7.80
2009.04.14 11:31:23.948,1.32465,1.3248,2.80,3.00
2009.04.14 11:31:24.419,1.3246,1.32475,7.60,4.80
2009.04.14 11:31:24.829,1.32465,1.3249,3.40,9.60
2009.04.14 11:31:25.278,1.32465,1.3249,3.40,1.60
2009.04.14 11:31:25.728,1.32465,1.3248,2.80,1.60
2009.04.14 11:31:26.988,1.32465,1.3249,3.40,1.60
2009.04.14 11:31:34.066,1.32465,1.32485,3.40,4.80
2009.04.14 11:31:34.466,1.32465,1.32485,3.40,6.20
2009.04.14 11:31:34.706,1.32465,1.32485,3.40,4.80
2009.04.14 11:31:35.856,1.32465,1.3249,3.40,12.60
2009.04.14 11:31:35.966,1.32465,1.3249,3.40,4.60
2009.04.14 11:31:36.256,1.32465,1.3249,3.40,1.40
2009.04.14 11:31:36.716,1.32475,1.32495,2.80,14.20
2009.04.14 11:31:36.936,1.32475,1.32495,2.80,6.20
2009.04.14 11:31:38.385,1.3248,1.325,7.60,10.00
2009.04.14 11:31:39.065,1.3248,1.32495,7.60,1.40
2009.04.14 11:31:39.765,1.32485,1.325,7.60,9.40
2009.04.14 11:31:40.105,1.32485,1.325,7.60,3.00
2009.04.14 11:31:40.455,1.32485,1.32495,2.40,6.40
2009.04.14 11:31:41.035,1.32475,1.32495,2.80,6.40
2009.04.14 11:31:42.224,1.32475,1.32495,2.80,17.60
2009.04.14 11:31:42.344,1.32475,1.32495,2.80,14.40
2009.04.14 11:31:42.634,1.3247,1.32485,8.20,4.80
2009.04.14 11:31:46.553,1.32475,1.3249,2.80,4.80
2009.04.14 11:31:47.293,1.3248,1.32495,2.80,9.60
2009.04.14 11:31:48.453,1.3248,1.32495,2.80,1.60
2009.04.14 11:31:48.753,1.32485,1.325,2.80,10.00
2009.04.14 11:31:52.462,1.32485,1.325,3.40,8.40
2009.04.14 11:31:52.522,1.3249,1.3251,2.80,16.80
2009.04.14 11:31:53.162,1.3249,1.32505,2.80,4.00
2009.04.14 11:31:54.591,1.3249,1.325,2.80,2.20
2009.04.14 11:31:56.391,1.3249,1.325,2.80,1.00
2009.04.14 11:31:56.751,1.3249,1.32505,2.80,8.60
2009.04.14 11:31:59.940,1.3249,1.32505,2.80,8.80
2009.04.14 11:32:00.350,1.3249,1.32505,2.80,8.00
2009.04.14 11:32:00.650,1.3249,1.325,2.80,1.00
2009.04.14 11:32:19.985,1.3249,1.32505,2.80,14.40
2009.04.14 11:32:20.636,1.3249,1.32505,2.80,6.40
2009.04.14 11:32:21.904,1.3249,1.32505,2.80,8.40
2009.04.14 11:32:22.534,1.3249,1.32505,2.80,10.00
2009.04.14 11:32:26.603,1.3249,1.32505,2.80,8.40
2009.04.14 11:32:26.713,1.3249,1.32505,2.80,6.40
2009.04.14 11:32:27.384,1.3249,1.32505,2.80,6.20
2009.04.14 11:32:27.613,1.3249,1.32505,2.80,1.40
2009.04.14 11:32:33.822,1.32495,1.32505,2.80,1.40
2009.04.14 11:32:34.232,1.32495,1.3251,2.80,6.20
2009.04.14 11:32:40.130,1.32495,1.3251,2.80,6.40
2009.04.14 11:32:48.398,1.32495,1.3251,2.80,8.40
2009.04.14 11:32:48.458,1.32495,1.3251,2.80,13.80
2009.04.14 11:32:48.688,1.3249,1.32505,4.80,4.80
2009.04.14 11:32:48.868,1.3249,1.32505,2.80,4.80
2009.04.14 11:32:49.278,1.3249,1.32505,2.80,6.40
2009.04.14 11:32:54.996,1.3249,1.325,2.80,1.40
2009.04.14 11:32:55.117,1.32485,1.325,2.80,10.00
2009.04.14 11:32:55.446,1.3249,1.32505,2.80,6.20
2009.04.14 11:32:56.936,1.32485,1.325,2.80,8.40
2009.04.14 11:32:57.626,1.3249,1.32505,2.80,6.20
2009.04.14 11:33:04.464,1.32475,1.3249,2.80,8.00
2009.04.14 11:33:04.874,1.32475,1.3249,2.80,21.80
2009.04.14 11:33:05.624,1.3247,1.32485,7.60,6.20
2009.04.14 11:33:07.863,1.3246,1.3248,3.00,5.20
2009.04.14 11:33:07.923,1.3246,1.32475,3.00,3.60
2009.04.14 11:33:08.204,1.3246,1.32475,6.00,10.00
2009.04.14 11:33:08.553,1.32465,1.3249,5.00,10.00
2009.04.14 11:33:09.243,1.32465,1.3249,3.40,10.00
2009.04.14 11:33:10.053,1.32465,1.32485,3.40,1.40
2009.04.14 11:33:10.553,1.32465,1.3248,2.80,4.80
2009.04.14 11:33:10.843,1.3247,1.32485,2.80,3.00
2009.04.14 11:33:11.142,1.3247,1.32485,2.80,1.40
2009.04.14 11:33:11.463,1.3247,1.32485,2.80,3.00
2009.04.14 11:33:12.623,1.3247,1.32485,2.80,1.40
2009.04.14 11:33:13.522,1.3247,1.32485,2.80,3.00
2009.04.14 11:33:13.872,1.3247,1.32485,2.80,1.40
2009.04.14 11:33:14.672,1.3247,1.3249,2.80,13.20
2009.04.14 11:33:14.902,1.32465,1.3249,3.40,18.00
2009.04.14 11:33:20.731,1.32465,1.3249,3.40,14.40
2009.04.14 11:33:21.020,1.32465,1.32485,7.60,1.60
2009.04.14 11:33:21.320,1.32475,1.3249,2.80,6.40
2009.04.14 11:33:23.410,1.32475,1.3249,2.80,10.00
2009.04.14 11:33:23.640,1.32475,1.32485,2.80,1.60
2009.04.14 11:33:24.089,1.32475,1.3249,2.80,10.00
2009.04.14 11:33:24.270,1.32475,1.32485,2.80,1.60
2009.04.14 11:33:24.900,1.32475,1.3249,2.80,10.00
2009.04.14 11:33:25.959,1.3248,1.32495,7.60,4.80
2009.04.14 11:33:29.798,1.3248,1.32495,8.20,4.80
2009.04.14 11:33:29.858,1.32485,1.325,2.80,1.60
2009.04.14 11:33:30.158,1.32485,1.32505,2.80,11.60
2009.04.14 11:33:30.269,1.32485,1.32505,2.80,6.40
2009.04.14 11:33:30.498,1.32485,1.32505,3.40,4.80
2009.04.14 11:33:30.668,1.32485,1.32505,3.40,8.00
2009.04.14 11:33:30.898,1.32485,1.32505,3.40,4.80
2009.04.14 11:33:31.388,1.32485,1.32505,2.80,19.60
2009.04.14 11:33:31.808,1.32485,1.32505,2.80,8.40
2009.04.14 11:33:32.767,1.32485,1.32505,2.80,19.60
2009.04.14 11:33:33.237,1.3248,1.325,8.20,8.00
2009.04.14 11:33:33.578,1.32485,1.325,2.20,8.00
2009.04.14 11:33:33.957,1.3249,1.3251,2.80,14.80
2009.04.14 11:33:34.297,1.3249,1.3251,2.80,9.60
2009.04.14 11:33:34.877,1.325,1.3251,2.80,8.00
2009.04.14 11:33:35.278,1.325,1.32515,2.80,7.40
2009.04.14 11:33:35.757,1.325,1.32515,2.80,15.40
2009.04.14 11:33:36.436,1.325,1.32515,2.80,7.40
2009.04.14 11:33:37.596,1.325,1.3251,2.80,1.00
2009.04.14 11:33:38.456,1.325,1.32515,2.80,2.60
2009.04.14 11:33:43.735,1.325,1.32515,2.80,10.60
2009.04.14 11:33:44.365,1.325,1.32515,2.80,2.60
2009.04.14 11:33:46.364,1.32495,1.32515,2.80,7.40
2009.04.14 11:33:51.353,1.32495,1.32515,2.80,16.40
2009.04.14 11:33:52.333,1.32495,1.3251,2.80,6.40
2009.04.14 11:33:52.743,1.32495,1.32505,2.80,1.60
2009.04.14 11:33:53.023,1.3249,1.325,4.80,3.20
2009.04.14 11:33:53.082,1.32485,1.32495,2.80,1.60
2009.04.14 11:33:53.372,1.32485,1.32505,2.80,1.60
2009.04.14 11:33:53.432,1.32485,1.32505,2.80,9.60
2009.04.14 11:33:55.482,1.32485,1.325,2.80,4.80
2009.04.14 11:33:55.842,1.32485,1.325,2.80,12.80
2009.04.14 11:33:55.962,1.32485,1.3249,2.80,3.20
2009.04.14 11:33:56.202,1.32475,1.32485,2.80,1.60
2009.04.14 11:33:56.542,1.32475,1.32495,2.80,9.60
2009.04.14 11:33:56.882,1.32475,1.3249,2.80,1.60
2009.04.14 11:33:57.481,1.32475,1.32495,2.80,9.60
2009.04.14 11:33:57.981,1.32475,1.32495,3.40,9.60
2009.04.14 11:33:59.421,1.32475,1.3249,3.40,4.80
2009.04.14 11:34:00.171,1.32475,1.3249,2.80,4.80
2009.04.14 11:34:00.501,1.32475,1.3249,3.40,4.80
2009.04.14 11:34:03.980,1.32475,1.32495,3.40,9.60
2009.04.14 11:34:04.210,1.32475,1.32495,3.40,8.00
2009.04.14 11:34:04.620,1.32475,1.32495,2.80,1.60
2009.04.14 11:34:05.060,1.32475,1.325,3.40,16.00
2009.04.14 11:34:05.460,1.3248,1.325,2.80,9.60
2009.04.14 11:34:05.761,1.32485,1.325,2.80,12.80
2009.04.14 11:34:06.099,1.32495,1.3251,2.80,6.40
2009.04.14 11:34:06.729,1.32485,1.3251,3.40,14.40
2009.04.14 11:34:07.069,1.32485,1.3251,3.40,9.60
2009.04.14 11:34:07.410,1.32485,1.3251,3.40,1.60
2009.04.14 11:34:08.429,1.32485,1.3251,3.40,9.60
2009.04.14 11:34:09.189,1.32485,1.32505,2.80,1.60
2009.04.14 11:34:09.869,1.32485,1.32505,2.80,9.60
2009.04.14 11:34:10.158,1.32485,1.32505,3.40,8.00
2009.04.14 11:34:10.858,1.32485,1.3251,3.40,9.60
2009.04.14 11:34:11.279,1.32485,1.3251,3.40,14.40
2009.04.14 11:34:11.958,1.32485,1.325,2.80,6.40
2009.04.14 11:34:12.188,1.32485,1.325,2.80,10.00
2009.04.14 11:34:34.293,1.325,1.32505,7.60,1.90
2009.04.14 11:34:34.592,1.32495,1.325,1.40,1.00
2009.04.14 11:34:34.942,1.32485,1.32505,7.60,1.60
2009.04.14 11:34:35.522,1.325,1.3251,7.60,1.60
2009.04.14 11:34:36.092,1.3249,1.32505,3.20,6.40
2009.04.14 11:34:36.262,1.32485,1.32505,2.80,9.60
2009.04.14 11:34:36.562,1.325,1.3251,4.80,1.60
2009.04.14 11:34:36.792,1.32495,1.32505,1.00,1.60
2009.04.14 11:34:36.952,1.32485,1.32505,4.40,14.40
2009.04.14 11:34:37.112,1.32495,1.32505,1.00,14.40
2009.04.14 11:34:37.342,1.32485,1.32505,3.40,12.80
2009.04.14 11:34:37.512,1.325,1.32505,2.80,8.00
2009.04.14 11:34:37.622,1.325,1.3251,4.80,1.60
2009.04.14 11:34:38.212,1.325,1.3251,4.80,3.80
2009.04.14 11:34:38.442,1.32495,1.32505,1.60,1.60
2009.04.14 11:34:38.622,1.3249,1.32505,1.00,14.40
2009.04.14 11:34:39.041,1.32485,1.32505,2.80,6.40
2009.04.14 11:34:39.831,1.325,1.32515,2.80,10.00
2009.04.14 11:34:40.121,1.32495,1.32505,1.60,6.40
2009.04.14 11:34:40.231,1.32485,1.32505,4.40,6.40
2009.04.14 11:34:40.471,1.32485,1.32505,6.00,6.40
2009.04.14 11:34:40.631,1.325,1.32505,2.80,1.60
2009.04.14 11:34:40.751,1.325,1.32505,2.80,1.00
2009.04.14 11:34:41.101,1.32485,1.32505,2.80,6.40
2009.04.14 11:34:45.710,1.32485,1.32505,2.80,6.40
2009.04.14 11:34:50.129,1.32485,1.32505,2.80,17.60
2009.04.14 11:34:50.349,1.32485,1.32505,2.80,14.40
2009.04.14 11:34:51.528,1.32485,1.325,2.80,8.40
2009.04.14 11:34:52.048,1.32485,1.325,2.80,9.80
2009.04.14 11:34:56.297,1.3249,1.32505,2.80,2.80
2009.04.14 11:34:56.657,1.32485,1.32505,2.80,6.00
2009.04.14 11:34:57.017,1.32495,1.32505,2.80,1.20
2009.04.14 11:34:57.197,1.32495,1.3251,2.80,17.80
2009.04.14 11:34:57.477,1.32495,1.3251,2.80,9.80
2009.04.14 11:34:57.827,1.32495,1.3251,2.80,8.40
2009.04.14 11:34:58.177,1.325,1.3252,2.80,17.20
2009.04.14 11:34:58.347,1.32505,1.3252,2.80,4.80
2009.04.14 11:35:00.266,1.32505,1.3252,2.80,8.40
2009.04.14 11:35:00.796,1.32505,1.3252,2.80,9.80
2009.04.14 11:35:01.086,1.32515,1.3252,1.00,10.00
2009.04.14 11:35:01.426,1.32515,1.3252,3.40,1.60
2009.04.14 11:35:01.896,1.32515,1.32525,3.40,1.60
2009.04.14 11:35:02.296,1.32525,1.3254,2.80,4.80
2009.04.14 11:35:02.696,1.32515,1.3253,3.40,1.60
2009.04.14 11:35:03.045,1.3252,1.3253,1.00,1.60
2009.04.14 11:35:03.106,1.32505,1.3253,6.40,1.60
2009.04.14 11:35:03.826,1.32505,1.3253,4.20,1.60
2009.04.14 11:35:14.753,1.32505,1.32525,3.40,6.20
2009.04.14 11:35:15.143,1.32515,1.3253,2.80,10.00
2009.04.14 11:35:20.411,1.3252,1.3253,2.80,5.20
2009.04.14 11:35:20.791,1.3252,1.32535,2.80,8.40
2009.04.14 11:35:21.181,1.32525,1.3254,3.40,5.00
2009.04.14 11:35:21.541,1.32525,1.3254,2.80,4.80
2009.04.14 11:35:22.861,1.32535,1.3255,2.80,15.80
2009.04.14 11:35:23.251,1.32535,1.3255,3.40,4.80
2009.04.14 11:35:23.541,1.32535,1.32555,3.40,4.80
2009.04.14 11:35:23.841,1.32535,1.32555,2.80,6.20
2009.04.14 11:35:24.510,1.32535,1.32555,2.80,1.40
2009.04.14 11:35:25.081,1.32535,1.3256,3.40,6.20
2009.04.14 11:35:25.430,1.32535,1.3256,3.40,14.20
2009.04.14 11:35:25.890,1.32535,1.32555,3.40,4.80
2009.04.14 11:35:26.000,1.32535,1.32555,2.80,6.20
2009.04.14 11:35:26.510,1.32535,1.3255,2.80,4.80
2009.04.14 11:35:27.419,1.32535,1.3255,3.40,4.80
2009.04.14 11:35:29.699,1.32535,1.3255,2.80,4.80
2009.04.14 11:35:32.188,1.32535,1.3255,2.80,6.20
2009.04.14 11:35:32.248,1.32535,1.3255,2.80,10.00
2009.04.14 11:35:32.718,1.3254,1.3255,7.60,1.40
2009.04.14 11:35:32.948,1.3254,1.32555,7.60,6.20
2009.04.14 11:35:33.418,1.32535,1.3255,2.80,8.40
2009.04.14 11:35:33.658,1.32535,1.3255,2.80,10.00
2009.04.14 11:35:41.686,1.3253,1.32545,7.60,4.80
2009.04.14 11:35:43.745,1.3253,1.32545,7.60,6.20
2009.04.14 11:35:44.875,1.32535,1.32545,2.80,1.40
2009.04.14 11:35:45.055,1.32535,1.3255,2.80,10.00
2009.04.14 11:35:45.975,1.3253,1.3254,4.80,3.20
2009.04.14 11:35:46.035,1.32525,1.3254,1.60,3.60
2009.04.14 11:35:46.275,1.32525,1.32535,1.60,1.80
2009.04.14 11:35:46.375,1.3252,1.32535,2.80,10.00
2009.04.14 11:35:46.785,1.3252,1.32535,2.80,14.80
2009.04.14 11:35:47.245,1.32525,1.3254,2.80,4.80
2009.04.14 11:35:47.485,1.32525,1.3254,2.80,10.00
2009.04.14 11:35:47.955,1.32525,1.3254,2.80,6.20
2009.04.14 11:35:48.424,1.32525,1.3254,2.80,8.40
2009.04.14 11:35:48.544,1.32525,1.3254,2.80,10.00
2009.04.14 11:35:50.504,1.32525,1.3254,2.80,4.80
2009.04.14 11:35:58.242,1.32525,1.32545,2.80,6.20
2009.04.14 11:36:00.421,1.32525,1.32545,2.80,4.80
2009.04.14 11:36:00.531,1.32525,1.32545,2.80,6.20
2009.04.14 11:36:09.999,1.3252,1.32535,7.60,9.40
2009.04.14 11:36:10.419,1.3251,1.3253,2.80,6.20
2009.04.14 11:36:10.649,1.32505,1.3253,9.40,6.20
2009.04.14 11:36:11.049,1.32505,1.3253,3.40,14.20
2009.04.14 11:36:11.809,1.32505,1.3253,9.40,14.20
2009.04.14 11:36:14.308,1.32505,1.32525,7.60,6.20
2009.04.14 11:36:16.178,1.32505,1.3252,2.80,4.80
2009.04.14 11:36:18.457,1.32505,1.3252,2.80,6.20
2009.04.14 11:36:19.047,1.325,1.32515,4.80,1.60
2009.04.14 11:36:19.507,1.325,1.3252,4.80,12.80
2009.04.14 11:36:20.027,1.325,1.32515,7.60,4.80
2009.04.14 11:36:23.036,1.325,1.32515,4.80,1.60
2009.04.14 11:36:23.386,1.325,1.3252,4.80,12.80
2009.04.14 11:36:23.746,1.325,1.32515,7.60,4.80
2009.04.14 11:36:26.745,1.325,1.32515,7.60,6.40
2009.04.14 11:36:26.925,1.325,1.32515,2.80,10.00
2009.04.14 11:36:27.165,1.325,1.3251,2.80,3.60
2009.04.14 11:36:27.345,1.32495,1.3251,2.80,10.00
2009.04.14 11:36:27.755,1.32495,1.325,1.60,1.60
2009.04.14 11:36:27.925,1.32495,1.325,1.60,5.20
2009.04.14 11:36:28.325,1.3248,1.32495,2.80,4.80
2009.04.14 11:36:33.733,1.3248,1.32505,3.40,6.40
2009.04.14 11:36:33.793,1.3248,1.325,1.00,8.00
2009.04.14 11:36:34.133,1.32475,1.325,3.40,9.60
2009.04.14 11:36:34.193,1.3247,1.3249,8.00,4.80
2009.04.14 11:36:34.303,1.32465,1.3249,6.60,6.40
2009.04.14 11:36:39.922,1.32465,1.3249,4.20,6.40
2009.04.14 11:36:48.080,1.32465,1.3248,4.20,4.80
2009.04.14 11:36:50.269,1.32465,1.3249,4.20,6.40
2009.04.14 11:36:50.669,1.32465,1.3249,4.20,1.60
2009.04.14 11:36:51.009,1.32465,1.3249,6.60,1.60
2009.04.14 11:36:51.761,1.32465,1.3249,8.20,1.60
2009.04.14 11:36:52.059,1.3247,1.3249,2.20,1.00
2009.04.14 11:36:52.359,1.32465,1.3249,7.80,5.00
2009.04.14 11:36:55.568,1.3248,1.3249,2.80,1.00
2009.04.14 11:36:55.838,1.3248,1.32495,7.60,12.80
2009.04.14 11:36:56.378,1.3248,1.32495,7.60,4.80
2009.04.14 11:36:56.938,1.3248,1.32495,7.60,5.00
2009.04.14 11:36:57.957,1.32485,1.32495,2.80,1.00
2009.04.14 11:36:58.237,1.32485,1.325,2.80,8.80
2009.04.14 11:37:00.777,1.32485,1.325,2.80,10.00
2009.04.14 11:37:12.864,1.3248,1.325,7.60,10.00
2009.04.14 11:37:14.613,1.3248,1.325,7.60,12.00
2009.04.14 11:37:14.853,1.3248,1.325,4.80,7.20
2009.04.14 11:37:15.763,1.32465,1.32485,9.80,8.40
2009.04.14 11:37:19.102,1.32465,1.3249,5.20,1.60
2009.04.14 11:37:20.482,1.3248,1.3249,2.80,1.40
2009.04.14 11:37:20.702,1.3248,1.3249,2.80,1.60
2009.04.14 11:37:20.932,1.32465,1.3249,6.80,1.60
2009.04.14 11:37:21.162,1.32465,1.3249,5.20,1.60
2009.04.14 11:37:23.151,1.32465,1.3249,5.20,9.60
2009.04.14 11:37:25.651,1.32475,1.3249,2.80,9.60
2009.04.14 11:37:26.031,1.32475,1.3249,2.80,1.60
2009.04.14 11:37:26.841,1.32475,1.32495,2.80,6.20
2009.04.14 11:37:32.049,1.32475,1.32495,3.40,4.80
2009.04.14 11:37:32.169,1.32475,1.32495,5.20,4.80
2009.04.14 11:37:32.469,1.32475,1.32495,5.20,6.20
2009.04.14 11:37:34.399,1.32475,1.32495,5.20,6.20
2009.04.14 11:37:34.749,1.32475,1.32495,4.60,6.20
2009.04.14 11:37:41.107,1.3248,1.32495,2.80,4.80
2009.04.14 11:37:42.926,1.3248,1.325,3.40,8.40
2009.04.14 11:37:42.987,1.3248,1.325,8.20,8.40
2009.04.14 11:37:45.896,1.3248,1.325,8.20,10.00
2009.04.14 11:37:47.225,1.3248,1.32495,1.80,4.80
2009.04.14 11:37:47.395,1.32475,1.32495,5.80,4.80
2009.04.14 11:37:51.014,1.32475,1.32495,5.60,4.80
2009.04.14 11:37:51.244,1.32475,1.32495,4.60,6.40
2009.04.14 11:37:52.514,1.32475,1.32495,5.80,4.80
2009.04.14 11:37:52.844,1.3248,1.32495,2.80,4.80
2009.04.14 11:37:56.533,1.3248,1.32495,2.80,4.80
2009.04.14 11:37:57.233,1.32475,1.32495,5.80,4.80
2009.04.14 11:37:59.983,1.32475,1.32495,5.60,4.80
2009.04.14 11:38:00.093,1.32475,1.32495,5.20,4.80
2009.04.14 11:38:01.022,1.32475,1.32495,4.60,6.40
2009.04.14 11:38:02.482,1.3248,1.32495,2.80,6.40
2009.04.14 11:38:06.071,1.3248,1.32495,2.80,6.20
2009.04.14 11:38:10.770,1.3248,1.32495,2.80,4.80
2009.04.14 11:38:11.180,1.32485,1.325,2.80,10.00
2009.04.14 11:38:11.510,1.32485,1.325,3.80,10.00
2009.04.14 11:38:11.690,1.3249,1.325,4.80,6.20
2009.04.14 11:38:11.970,1.3249,1.32505,4.80,3.00
2009.04.14 11:38:15.838,1.325,1.32515,2.80,6.40
2009.04.14 11:38:16.108,1.325,1.3252,7.60,10.00
2009.04.14 11:38:17.768,1.325,1.3252,8.80,10.00
2009.04.14 11:38:24.406,1.32505,1.3252,4.80,6.40
2009.04.14 11:38:24.466,1.32505,1.32525,7.60,10.00
2009.04.14 11:38:26.706,1.32505,1.32525,8.00,10.00
2009.04.14 11:38:26.816,1.32505,1.32525,8.40,10.00
2009.04.14 11:38:28.166,1.32515,1.3253,2.80,8.20
2009.04.14 11:38:28.225,1.32515,1.3253,2.80,4.80
2009.04.14 11:38:28.395,1.32515,1.32535,2.80,1.40
2009.04.14 11:38:29.006,1.32515,1.32535,2.80,6.20
2009.04.14 11:38:29.125,1.3251,1.3253,7.60,12.00
2009.04.14 11:38:29.475,1.32505,1.32525,3.80,4.80
2009.04.14 11:38:29.695,1.32505,1.3252,2.40,5.20
2009.04.14 11:38:30.105,1.32495,1.32515,2.20,4.80
2009.04.14 11:38:30.285,1.32495,1.3252,2.20,15.20
2009.04.14 11:38:30.905,1.32495,1.3252,2.20,11.40
2009.04.14 11:38:31.205,1.32495,1.3252,2.20,3.40
2009.04.14 11:38:31.835,1.3249,1.32505,5.00,3.60
2009.04.14 11:38:32.005,1.3248,1.325,1.60,1.40
2009.04.14 11:38:32.245,1.3248,1.32485,1.60,4.80
2009.04.14 11:38:32.475,1.32475,1.32495,4.00,6.20
2009.04.14 11:38:32.844,1.32465,1.32485,3.40,6.20
2009.04.14 11:38:33.174,1.32465,1.32485,3.40,4.80
2009.04.14 11:38:33.624,1.3247,1.3249,2.80,8.20
2009.04.14 11:38:33.794,1.32465,1.32485,3.40,4.80
2009.04.14 11:38:37.513,1.3247,1.3249,2.80,8.20
2009.04.14 11:38:40.353,1.3247,1.32485,2.80,4.80
2009.04.14 11:38:40.653,1.3246,1.3247,9.20,2.00
2009.04.14 11:38:40.993,1.32445,1.3245,8.40,3.60
2009.04.14 11:38:41.353,1.32445,1.3245,8.00,3.60
2009.04.14 11:38:41.702,1.32445,1.32455,2.60,9.40
2009.04.14 11:38:41.992,1.3243,1.32445,4.80,8.20
2009.04.14 11:38:42.052,1.3242,1.32435,9.20,8.00
2009.04.14 11:38:42.722,1.3242,1.32435,7.60,8.00
2009.04.14 11:38:43.352,1.3242,1.32435,7.60,12.80
2009.04.14 11:38:43.812,1.3242,1.32435,7.60,9.40
2009.04.14 11:38:45.671,1.32425,1.32435,2.80,8.00
2009.04.14 11:38:46.891,1.32425,1.32435,2.80,1.00
2009.04.14 11:38:47.931,1.3242,1.32435,2.80,8.60
2009.04.14 11:38:48.220,1.3242,1.32435,2.80,9.80
2009.04.14 11:38:48.331,1.3242,1.32435,2.80,17.80
2009.04.14 11:38:48.551,1.3242,1.32435,2.80,9.80
2009.04.14 11:38:50.080,1.3242,1.32435,2.80,9.80
2009.04.14 11:38:50.250,1.3242,1.3243,2.80,3.60
2009.04.14 11:38:50.610,1.3242,1.32435,2.80,9.80
2009.04.14 11:38:51.010,1.3242,1.3243,2.80,3.60
2009.04.14 11:38:51.470,1.32415,1.32425,2.80,1.40
2009.04.14 11:38:51.700,1.32415,1.3243,2.80,10.00
2009.04.14 11:38:52.739,1.32415,1.3243,2.80,8.40
2009.04.14 11:38:53.609,1.32415,1.3243,2.80,10.00
2009.04.14 11:38:57.238,1.32415,1.3243,2.80,1.40
2009.04.14 11:38:57.398,1.32415,1.32435,2.80,1.40
2009.04.14 11:38:58.668,1.32415,1.32435,2.80,4.60
2009.04.14 11:38:58.728,1.32415,1.32435,2.80,6.20
2009.04.14 11:39:00.268,1.32415,1.32435,2.80,4.80
2009.04.14 11:39:00.748,1.32415,1.32435,2.80,5.60
2009.04.14 11:39:00.917,1.32415,1.32435,2.80,1.00
2009.04.14 11:39:02.457,1.3241,1.3243,2.20,1.00
2009.04.14 11:39:02.917,1.32405,1.3243,6.20,1.00
2009.04.14 11:39:04.277,1.32405,1.3243,5.00,1.00
2009.04.14 11:39:04.567,1.32405,1.3243,3.40,1.00
2009.04.14 11:39:06.056,1.32405,1.3243,4.60,1.00
2009.04.14 11:39:07.416,1.32405,1.3243,6.20,1.00
2009.04.14 11:39:11.355,1.32405,1.3243,4.60,1.00
2009.04.14 11:39:12.205,1.32405,1.3243,6.20,1.00
2009.04.14 11:39:20.972,1.32425,1.3243,2.80,1.60
2009.04.14 11:39:21.493,1.32425,1.3244,2.80,10.00
2009.04.14 11:39:23.062,1.32425,1.32435,2.80,1.60
2009.04.14 11:39:24.032,1.32425,1.3244,2.80,9.80
2009.04.14 11:39:27.301,1.3243,1.32445,2.80,4.80
2009.04.14 11:39:29.521,1.3243,1.3245,2.80,9.20
2009.04.14 11:39:29.750,1.3243,1.3245,2.80,9.00
2009.04.14 11:39:30.100,1.3243,1.3245,7.60,2.60
2009.04.14 11:39:30.330,1.3243,1.32445,7.60,1.20
2009.04.14 11:39:30.630,1.3243,1.32445,2.80,1.20
2009.04.14 11:39:35.929,1.3243,1.32445,2.80,2.60
2009.04.14 11:39:35.989,1.3243,1.3244,2.80,1.40
2009.04.14 11:39:36.919,1.3243,1.3245,2.80,3.00
2009.04.14 11:39:37.479,1.3243,1.3245,2.80,9.40
2009.04.14 11:39:38.308,1.3243,1.3245,2.80,3.00
2009.04.14 11:39:39.118,1.3243,1.3245,2.80,3.00
2009.04.14 11:39:39.708,1.3243,1.32445,2.80,1.60
2009.04.14 11:39:41.248,1.3243,1.32455,3.40,16.00
2009.04.14 11:39:41.728,1.3243,1.32455,13.00,6.40
2009.04.14 11:39:44.087,1.3245,1.3247,2.80,6.40
2009.04.14 11:39:44.837,1.32455,1.3247,2.80,6.40
2009.04.14 11:39:45.347,1.32455,1.3247,2.80,4.80
2009.04.14 11:39:45.587,1.3245,1.3247,2.80,6.40
2009.04.14 11:39:46.007,1.32445,1.3247,8.20,1.60
2009.04.14 11:39:46.177,1.3245,1.3247,4.80,1.60
2009.04.14 11:39:46.746,1.3245,1.3247,4.60,1.60
2009.04.14 11:39:47.136,1.32455,1.3247,7.60,1.60
2009.04.14 11:39:49.026,1.32455,1.3246,2.80,5.20
2009.04.14 11:39:49.196,1.32445,1.3245,5.50,1.60
2009.04.14 11:39:49.606,1.32445,1.3245,3.20,8.40
2009.04.14 11:39:52.115,1.32445,1.3247,7.00,9.60
2009.04.14 11:39:53.045,1.32445,1.3247,7.00,1.60
2009.04.14 11:39:53.335,1.3245,1.32475,3.00,1.60
2009.04.14 11:39:53.575,1.3245,1.3247,4.60,1.60
2009.04.14 11:39:53.745,1.3245,1.3247,5.20,1.60
2009.04.14 11:39:54.845,1.3245,1.3247,4.60,9.60
2009.04.14 11:39:55.764,1.32445,1.3247,8.60,9.60
2009.04.14 11:39:56.344,1.3245,1.3247,4.60,1.60
2009.04.14 11:39:56.814,1.3245,1.32475,3.40,6.40
2009.04.14 11:39:57.564,1.32455,1.32475,2.20,1.60
2009.04.14 11:39:58.634,1.3245,1.32475,5.20,1.60
2009.04.14 11:39:59.923,1.3246,1.32475,1.60,1.60
2009.04.14 11:40:00.333,1.3246,1.32485,2.20,12.80
2009.04.14 11:40:00.563,1.3246,1.3248,1.00,4.80
2009.04.14 11:40:00.793,1.32455,1.3248,2.20,6.20
2009.04.14 11:40:01.373,1.32455,1.3248,5.40,1.40
2009.04.14 11:40:01.843,1.3246,1.32485,2.20,11.20
2009.04.14 11:40:02.253,1.3246,1.32485,5.00,3.00
2009.04.14 11:40:02.543,1.3246,1.32485,2.20,3.00
2009.04.14 11:40:03.073,1.3247,1.3249,1.40,6.20
2009.04.14 11:40:03.543,1.3247,1.3249,3.00,1.40
2009.04.14 11:40:08.111,1.32495,1.32515,2.20,1.40
2009.04.14 11:40:08.441,1.32495,1.3252,3.40,6.60
2009.04.14 11:40:08.731,1.32495,1.3252,3.40,4.60
2009.04.14 11:40:09.071,1.3249,1.32515,4.60,1.40
2009.04.14 11:40:17.039,1.3249,1.32515,2.20,3.00
2009.04.14 11:40:17.849,1.32485,1.32505,9.00,1.40
2009.04.14 11:40:17.969,1.32485,1.32505,6.20,1.40
2009.04.14 11:40:18.469,1.32485,1.32505,4.60,1.40
2009.04.14 11:40:18.698,1.32485,1.32505,4.60,3.00
2009.04.14 11:40:18.929,1.32485,1.32505,4.60,1.40
2009.04.14 11:40:19.208,1.32485,1.3251,5.20,4.60
2009.04.14 11:40:20.679,1.32485,1.32505,2.20,1.40
2009.04.14 11:40:20.898,1.32485,1.32505,3.20,6.20
2009.04.14 11:40:21.308,1.3248,1.325,1.60,3.00
2009.04.14 11:40:21.658,1.3248,1.32495,1.00,3.00
2009.04.14 11:40:22.468,1.3248,1.32495,1.00,4.60
2009.04.14 11:40:22.708,1.3248,1.3249,1.00,3.00
2009.04.14 11:40:23.378,1.3248,1.32495,1.00,3.00
2009.04.14 11:40:23.768,1.32465,1.32485,14.20,1.40
2009.04.14 11:40:24.337,1.32465,1.32485,6.80,3.00
2009.04.14 11:40:24.627,1.32465,1.3248,6.20,1.40
2009.04.14 11:40:24.987,1.3247,1.3249,3.00,1.60
2009.04.14 11:40:25.337,1.3247,1.32495,3.00,3.00
2009.04.14 11:40:26.487,1.32465,1.3249,5.20,3.00
2009.04.14 11:40:27.127,1.3247,1.32485,1.00,3.00
2009.04.14 11:40:27.357,1.3247,1.32485,1.60,3.00
2009.04.14 11:40:27.767,1.3247,1.32495,1.40,3.00
2009.04.14 11:40:28.097,1.32475,1.325,3.40,5.00
2009.04.14 11:40:28.397,1.32475,1.325,3.40,4.60
2009.04.14 11:40:28.686,1.32475,1.3249,2.80,1.40
2009.04.14 11:40:31.346,1.32475,1.32485,2.80,1.60
2009.04.14 11:40:31.466,1.32465,1.32485,9.60,1.60
2009.04.14 11:40:32.115,1.32465,1.32475,5.60,1.60
2009.04.14 11:40:32.476,1.3247,1.32475,1.00,1.60
2009.04.14 11:40:33.645,1.32465,1.3249,3.80,1.60
2009.04.14 11:40:34.095,1.3247,1.32495,3.00,1.60
2009.04.14 11:40:35.774,1.3247,1.32495,8.60,1.60
2009.04.14 11:40:36.105,1.32475,1.325,3.40,9.60
2009.04.14 11:40:36.505,1.32475,1.325,3.40,1.60
2009.04.14 11:40:37.754,1.32475,1.325,5.00,1.60
2009.04.14 11:40:38.154,1.3249,1.32505,2.80,6.40
2009.04.14 11:40:39.494,1.3249,1.32505,6.00,6.40
2009.04.14 11:40:39.724,1.32495,1.32515,1.00,8.00
2009.04.14 11:40:39.954,1.3249,1.32505,7.60,1.60
2009.04.14 11:40:40.363,1.3249,1.32505,2.80,1.60
2009.04.14 11:40:40.594,1.3249,1.32505,1.00,1.60
2009.04.14 11:40:43.883,1.3249,1.325,2.80,1.60
2009.04.14 11:40:44.463,1.32475,1.3249,3.20,1.60
2009.04.14 11:40:44.793,1.32465,1.3249,5.20,1.60
2009.04.14 11:40:45.582,1.3247,1.32495,3.00,9.60
2009.04.14 11:40:45.862,1.3247,1.32495,3.00,1.60
2009.04.14 11:40:46.722,1.3247,1.32495,3.40,1.60
2009.04.14 11:40:47.112,1.32475,1.325,3.40,9.60
2009.04.14 11:40:47.462,1.32475,1.325,5.20,1.60
2009.04.14 11:40:47.992,1.32475,1.325,5.20,3.20
2009.04.14 11:40:48.451,1.32475,1.3249,4.60,1.60
2009.04.14 11:40:50.901,1.32485,1.3249,1.60,1.60
2009.04.14 11:40:51.291,1.325,1.32515,2.80,4.80
2009.04.14 11:40:51.641,1.325,1.32515,2.80,1.60
2009.04.14 11:40:55.410,1.32505,1.32515,2.80,1.60
2009.04.14 11:40:55.860,1.325,1.32515,7.60,1.60
2009.04.14 11:40:55.980,1.325,1.3251,7.60,1.60
2009.04.14 11:40:57.119,1.325,1.3251,2.80,1.60
2009.04.14 11:40:59.319,1.3251,1.3252,2.80,3.00
2009.04.14 11:40:59.779,1.3251,1.3252,9.20,1.40
2009.04.14 11:41:00.119,1.32515,1.32545,3.60,6.20
2009.04.14 11:41:00.459,1.3252,1.32535,1.40,1.40
2009.04.14 11:41:00.749,1.32515,1.32545,3.60,14.20
2009.04.14 11:41:01.938,1.32515,1.3254,3.60,15.80
2009.04.14 11:41:04.158,1.32535,1.3255,2.80,6.20
2009.04.14 11:41:05.917,1.32535,1.32545,2.80,1.40
2009.04.14 11:41:06.197,1.32525,1.3255,6.60,6.20
2009.04.14 11:41:06.767,1.32525,1.3254,6.00,1.40
2009.04.14 11:41:08.327,1.32525,1.3254,6.00,3.00
2009.04.14 11:41:08.617,1.32515,1.3253,7.60,5.20
2009.04.14 11:41:08.967,1.3252,1.3253,1.60,9.30
2009.04.14 11:41:09.487,1.32515,1.3252,4.00,3.00
2009.04.14 11:41:09.776,1.3251,1.32515,1.40,3.00
2009.04.14 11:41:10.126,1.32505,1.32515,1.40,3.00
2009.04.14 11:41:10.646,1.32495,1.3251,6.00,3.00
2009.04.14 11:41:11.156,1.32495,1.3252,3.40,9.40
2009.04.14 11:41:11.556,1.32495,1.32515,3.40,6.20
2009.04.14 11:41:11.906,1.32495,1.32515,2.80,6.20
2009.04.14 11:41:14.495,1.32495,1.3251,2.80,1.40
2009.04.14 11:41:14.785,1.3249,1.3251,7.60,9.40
2009.04.14 11:41:15.125,1.3249,1.32505,7.60,4.60
2009.04.14 11:41:15.185,1.3249,1.32505,4.80,4.60
2009.04.14 11:41:15.465,1.3249,1.325,4.80,3.00
2009.04.14 11:41:15.755,1.3248,1.3249,5.60,1.40
2009.04.14 11:41:18.214,1.32465,1.32485,6.00,1.60
2009.04.14 11:41:18.834,1.3247,1.3249,2.00,5.20
2009.04.14 11:41:19.184,1.3247,1.32485,1.60,1.60
2009.04.14 11:41:19.294,1.32465,1.32485,6.00,1.60
2009.04.14 11:41:21.443,1.3247,1.3249,2.00,10.00
2009.04.14 11:41:21.793,1.32465,1.32485,6.00,1.60
2009.04.14 11:41:26.112,1.32465,1.32485,6.00,1.20
2009.04.14 11:41:26.682,1.32465,1.3248,2.80,1.20
2009.04.14 11:41:26.962,1.32465,1.3248,2.80,2.80
2009.04.14 11:41:27.292,1.32455,1.32465,3.00,3.60
2009.04.14 11:41:27.892,1.3244,1.3246,3.00,1.20
2009.04.14 11:41:28.492,1.32435,1.32455,6.00,1.20
2009.04.14 11:41:28.842,1.32435,1.32455,2.80,6.00
2009.04.14 11:41:29.772,1.32435,1.3245,2.80,1.20
2009.04.14 11:41:30.621,1.32435,1.3245,2.80,8.40
2009.04.14 11:41:31.001,1.32425,1.3245,5.80,1.20
2009.04.14 11:41:31.511,1.3243,1.32455,3.20,2.80
2009.04.14 11:41:31.791,1.32425,1.3245,10.40,2.80
2009.04.14 11:41:32.141,1.32435,1.3245,2.80,1.20
2009.04.14 11:41:32.421,1.32435,1.32455,2.80,4.40
2009.04.14 11:41:32.751,1.32435,1.32455,2.80,2.80
2009.04.14 11:41:33.091,1.32435,1.32455,4.40,2.80
2009.04.14 11:41:34.061,1.32435,1.32445,1.60,2.80
2009.04.14 11:41:34.340,1.3243,1.3245,3.20,1.40
2009.04.14 11:41:35.660,1.32425,1.3245,7.40,1.20
2009.04.14 11:41:36.220,1.32425,1.3245,9.00,1.20
2009.04.14 11:41:36.370,1.3243,1.3245,3.20,1.20
2009.04.14 11:41:37.130,1.3243,1.3245,1.60,1.20
2009.04.14 11:41:37.529,1.32425,1.3245,7.40,1.20
2009.04.14 11:41:38.959,1.32425,1.3245,7.40,4.40
2009.04.14 11:41:39.320,1.32425,1.3244,5.20,1.20
2009.04.14 11:41:39.719,1.32425,1.32445,5.20,2.80
2009.04.14 11:41:41.899,1.32425,1.3244,4.00,1.20
2009.04.14 11:41:42.349,1.32425,1.32445,3.40,4.80
2009.04.14 11:41:42.748,1.32425,1.3245,3.40,2.80
2009.04.14 11:41:43.028,1.32425,1.32445,2.80,2.80
2009.04.14 11:41:56.215,1.32425,1.32445,5.20,1.40
2009.04.14 11:41:56.485,1.32425,1.32445,5.20,1.40
2009.04.14 11:41:56.725,1.32425,1.32445,5.20,3.00
2009.04.14 11:41:58.354,1.32435,1.32445,1.60,1.40
2009.04.14 11:41:58.575,1.3244,1.32455,2.80,4.80
2009.04.14 11:42:00.304,1.3244,1.32465,4.40,3.60
2009.04.14 11:42:00.584,1.32445,1.32465,2.20,1.40
2009.04.14 11:42:01.104,1.3245,1.32475,3.40,16.40
2009.04.14 11:42:01.504,1.32455,1.32475,2.80,3.40
2009.04.14 11:42:01.865,1.32455,1.3248,2.80,2.80
2009.04.14 11:42:02.364,1.3246,1.32485,3.40,2.80
2009.04.14 11:42:02.833,1.32455,1.32475,4.40,1.20
2009.04.14 11:42:03.513,1.3246,1.3247,1.00,1.20
2009.04.14 11:42:04.433,1.3245,1.3247,3.20,1.20
2009.04.14 11:42:08.282,1.3245,1.3247,5.00,1.20
2009.04.14 11:42:08.572,1.32455,1.32475,2.20,1.20
2009.04.14 11:42:08.933,1.3245,1.3247,4.60,1.20
2009.04.14 11:42:09.572,1.3245,1.32475,3.40,1.20
2009.04.14 11:42:13.481,1.32455,1.32475,2.20,1.40
2009.04.14 11:42:16.210,1.32455,1.32475,2.20,1.60
2009.04.14 11:42:16.330,1.32455,1.32475,1.00,1.60
2009.04.14 11:42:16.840,1.3245,1.32475,3.40,1.60
2009.04.14 11:42:19.340,1.32455,1.32475,2.20,1.60
2009.04.14 11:42:24.388,1.3246,1.3248,2.20,1.60
2009.04.14 11:42:24.499,1.3246,1.3248,3.20,1.60
2009.04.14 11:42:25.178,1.3246,1.3248,3.20,6.40
2009.04.14 11:42:25.648,1.32455,1.3248,2.80,6.40
2009.04.14 11:42:26.178,1.32455,1.32475,2.80,1.60
2009.04.14 11:42:26.628,1.3246,1.3248,3.20,1.60
2009.04.14 11:42:27.418,1.32455,1.3248,2.80,1.60
2009.04.14 11:42:29.087,1.3246,1.3248,3.20,1.60
2009.04.14 11:42:32.336,1.3247,1.32495,5.40,3.00
2009.04.14 11:42:32.676,1.3247,1.32495,10.00,3.00
2009.04.14 11:42:36.865,1.32475,1.32495,2.80,3.00
2009.04.14 11:42:37.435,1.3247,1.3249,10.00,3.00
2009.04.14 11:42:37.785,1.3247,1.3249,9.40,3.00
2009.04.14 11:42:38.535,1.32475,1.3249,2.80,3.00
2009.04.14 11:42:38.755,1.32475,1.3249,2.80,1.40
2009.04.14 11:42:41.364,1.32475,1.325,3.40,6.20
2009.04.14 11:42:46.113,1.325,1.3252,1.00,1.60
2009.04.14 11:42:46.453,1.32495,1.32515,8.60,1.60
2009.04.14 11:42:47.513,1.32495,1.32515,3.80,1.60
2009.04.14 11:42:48.253,1.325,1.32505,1.00,1.60
2009.04.14 11:42:48.962,1.325,1.3251,1.20,4.80
2009.04.14 11:42:49.412,1.325,1.32525,4.60,1.60
2009.04.14 11:42:49.863,1.32515,1.3253,3.40,4.80
2009.04.14 11:42:50.962,1.32515,1.32535,5.00,1.60
2009.04.14 11:42:51.422,1.3252,1.3254,2.60,6.40
2009.04.14 11:42:51.762,1.32515,1.3253,4.40,4.80
2009.04.14 11:42:55.851,1.32515,1.3253,6.00,4.80
2009.04.14 11:42:56.210,1.32515,1.3254,6.00,1.60
2009.04.14 11:43:00.489,1.32515,1.32545,5.40,4.80
2009.04.14 11:43:00.960,1.32515,1.32545,5.40,5.00
2009.04.14 11:43:01.779,1.32515,1.32545,3.80,5.00
2009.04.14 11:43:05.518,1.32515,1.3253,2.80,1.60
2009.04.14 11:43:06.388,1.3251,1.32525,7.60,4.80
2009.04.14 11:43:06.558,1.325,1.3252,4.60,1.60
2009.04.14 11:43:06.838,1.32505,1.3252,1.60,3.20
2009.04.14 11:43:07.008,1.32505,1.32515,2.80,1.60
2009.04.14 11:43:07.188,1.32505,1.32525,2.80,6.60
2009.04.14 11:43:07.418,1.32515,1.32525,4.80,6.60
2009.04.14 11:43:07.648,1.32515,1.3253,7.60,21.20
2009.04.14 11:43:08.058,1.3251,1.32515,2.40,6.40
2009.04.14 11:43:08.528,1.3249,1.3252,4.40,1.60
2009.04.14 11:43:11.277,1.32505,1.32525,2.80,6.40
2009.04.14 11:43:14.956,1.32505,1.32525,2.80,1.60
2009.04.14 11:43:15.556,1.32505,1.3253,3.40,1.60
2009.04.14 11:43:15.846,1.32515,1.3253,3.20,1.60
2009.04.14 11:43:16.356,1.32505,1.3253,6.00,1.60
2009.04.14 11:43:16.775,1.32505,1.32525,10.20,1.60
2009.04.14 11:43:17.845,1.3252,1.32525,4.40,1.60
2009.04.14 11:43:18.025,1.3253,1.3255,4.80,6.40
2009.04.14 11:43:18.485,1.3253,1.3255,4.80,1.60
2009.04.14 11:43:18.705,1.32515,1.32535,4.80,1.60
2009.04.14 11:43:19.115,1.32515,1.32535,5.40,4.80
2009.04.14 11:43:19.235,1.32515,1.32535,8.20,4.80
2009.04.14 11:43:19.515,1.32515,1.32535,6.60,4.80
2009.04.14 11:43:19.915,1.32515,1.32535,3.40,4.80
2009.04.14 11:43:20.495,1.32515,1.32535,3.40,6.40
2009.04.14 11:43:21.065,1.32515,1.32535,2.80,6.40
2009.04.14 11:43:22.164,1.32515,1.32535,3.40,6.40
2009.04.14 11:43:23.244,1.3251,1.32525,9.40,4.80
2009.04.14 11:43:23.654,1.32515,1.32535,2.80,6.40
2009.04.14 11:43:24.884,1.3251,1.3253,7.60,10.00
2009.04.14 11:43:25.163,1.3251,1.3253,8.20,8.40
2009.04.14 11:43:26.303,1.3252,1.32535,4.80,6.40
2009.04.14 11:43:26.543,1.3251,1.3253,8.20,8.40
2009.04.14 11:43:26.703,1.3251,1.3253,7.60,10.00
2009.04.14 11:43:27.713,1.32515,1.3253,2.80,1.60
2009.04.14 11:43:27.943,1.3251,1.32535,3.40,6.40
2009.04.14 11:43:31.922,1.32515,1.3253,5.00,4.80
2009.04.14 11:43:32.852,1.32515,1.3254,5.60,6.40
2009.04.14 11:43:33.151,1.32515,1.3253,5.00,4.80
2009.04.14 11:43:34.191,1.32515,1.3254,5.60,6.40
2009.04.14 11:43:34.641,1.32515,1.32535,5.00,1.60
2009.04.14 11:43:34.811,1.32515,1.3253,5.00,4.80
2009.04.14 11:43:39.590,1.32515,1.3254,4.40,6.40
2009.04.14 11:43:39.700,1.32515,1.3254,4.40,10.00
2009.04.14 11:43:40.790,1.32505,1.32525,3.80,1.60
2009.04.14 11:43:41.310,1.32505,1.3252,4.40,4.80
2009.04.14 11:43:41.429,1.32505,1.3252,4.40,4.80
2009.04.14 11:43:41.770,1.32505,1.3252,3.40,4.80
2009.04.14 11:43:41.889,1.32505,1.3252,2.80,4.80
2009.04.14 11:43:43.469,1.32505,1.32525,2.80,6.40
2009.04.14 11:43:44.849,1.32505,1.32525,2.80,1.60
2009.04.14 11:43:45.159,1.32505,1.3253,3.40,1.60
2009.04.14 11:43:48.278,1.32505,1.3253,3.40,3.20
2009.04.14 11:43:49.788,1.32505,1.3253,3.40,8.00
2009.04.14 11:43:49.948,1.32505,1.32525,3.40,1.60
2009.04.14 11:43:54.027,1.32505,1.3253,3.40,3.20
2009.04.14 11:43:54.696,1.32505,1.3253,3.40,8.00
2009.04.14 11:43:55.096,1.32505,1.3252,2.80,4.80
2009.04.14 11:43:55.366,1.32505,1.3252,2.80,11.80
2009.04.14 11:43:58.076,1.32505,1.32515,2.80,1.60
2009.04.14 11:43:58.755,1.32495,1.3251,2.80,1.20
2009.04.14 11:43:58.995,1.3249,1.32505,1.80,4.80
2009.04.14 11:43:59.355,1.32485,1.32505,3.40,6.00
2009.04.14 11:44:00.105,1.32485,1.3251,11.20,1.20
2009.04.14 11:44:00.445,1.3249,1.3251,6.40,1.20
2009.04.14 11:44:00.855,1.3249,1.32515,4.20,7.60
2009.04.14 11:44:01.315,1.3249,1.32515,1.20,17.20
2009.04.14 11:44:01.495,1.32485,1.32505,8.60,1.20
2009.04.14 11:44:06.694,1.3249,1.3251,4.80,1.20
2009.04.14 11:44:07.143,1.32485,1.3251,11.20,1.20
2009.04.14 11:44:15.971,1.32485,1.32505,2.80,6.00
2009.04.14 11:44:21.930,1.32485,1.32505,2.80,1.20
2009.04.14 11:44:22.170,1.32485,1.3251,3.40,7.00
2009.04.14 11:44:22.271,1.32485,1.3251,3.40,3.20
2009.04.14 11:44:23.259,1.325,1.3251,2.80,1.60
2009.04.14 11:44:23.779,1.325,1.32515,2.80,8.00
2009.04.14 11:44:23.959,1.325,1.32515,3.40,6.40
2009.04.14 11:44:24.129,1.325,1.32515,3.40,4.80
2009.04.14 11:44:33.687,1.3251,1.3252,2.80,5.40
2009.04.14 11:44:34.097,1.3251,1.32525,2.80,18.40
2009.04.14 11:44:34.437,1.3251,1.32525,3.40,4.80
2009.04.14 11:44:34.737,1.3251,1.32525,2.80,4.80
2009.04.14 11:44:35.027,1.3251,1.3253,3.40,1.60
2009.04.14 11:44:35.147,1.3251,1.3253,6.60,1.60
2009.04.14 11:44:35.487,1.32515,1.32535,1.00,9.60
2009.04.14 11:44:36.007,1.32505,1.32525,2.80,1.60
2009.04.14 11:44:39.265,1.32505,1.32525,2.80,1.60
2009.04.14 11:44:39.876,1.32505,1.3253,3.40,1.60
2009.04.14 11:44:41.455,1.32505,1.3253,8.20,1.60
2009.04.14 11:44:41.855,1.32505,1.3253,3.40,1.60
2009.04.14 11:44:42.785,1.32505,1.3253,5.00,1.60
2009.04.14 11:44:52.292,1.32505,1.3253,5.00,3.20
2009.04.14 11:44:52.462,1.32505,1.3253,5.00,6.40
2009.04.14 11:44:53.002,1.32505,1.32525,2.80,6.40
2009.04.14 11:44:53.872,1.32505,1.32525,2.80,1.60
2009.04.14 11:44:59.371,1.32505,1.32525,4.40,1.60
2009.04.14 11:44:59.730,1.32505,1.3253,5.00,1.60
2009.04.14 11:44:59.840,1.32505,1.3253,3.40,1.60
2009.04.14 11:45:01.460,1.32505,1.3253,3.40,3.20
2009.04.14 11:45:01.810,1.32505,1.32525,2.80,6.40
2009.04.14 11:45:02.030,1.32505,1.32525,3.40,4.80
2009.04.14 11:45:08.748,1.32505,1.3253,3.40,1.60
2009.04.14 11:45:09.218,1.32505,1.3253,3.40,4.80
2009.04.14 11:45:09.329,1.32505,1.32525,3.40,4.80
2009.04.14 11:45:15.597,1.325,1.3252,8.20,4.80
2009.04.14 11:45:15.867,1.325,1.3252,8.20,8.40
2009.04.14 11:45:16.277,1.32495,1.32515,2.80,6.40
2009.04.14 11:45:18.486,1.32495,1.32515,3.40,4.80
2009.04.14 11:45:31.043,1.3251,1.32525,2.80,4.80
2009.04.14 11:45:31.323,1.3251,1.32525,3.40,4.80
2009.04.14 11:45:34.002,1.3251,1.32515,1.00,4.80
2009.04.14 11:45:34.062,1.32515,1.3252,1.60,6.60
2009.04.14 11:45:34.512,1.32515,1.3253,6.60,1.60
2009.04.14 11:45:34.802,1.3252,1.3254,2.40,6.40
2009.04.14 11:45:35.192,1.32515,1.3254,6.20,6.20
2009.04.14 11:45:35.362,1.32515,1.3254,7.40,6.20
2009.04.14 11:45:35.722,1.3252,1.3254,7.60,1.40
2009.04.14 11:45:36.242,1.3252,1.32545,9.80,6.40
2009.04.14 11:45:36.532,1.32525,1.32545,7.60,6.40
2009.04.14 11:45:38.831,1.32525,1.32545,8.80,6.40
2009.04.14 11:45:40.641,1.32525,1.32545,9.40,4.80
2009.04.14 11:45:40.751,1.32525,1.32545,12.60,4.80
2009.04.14 11:45:40.971,1.3253,1.3255,2.80,10.00
2009.04.14 11:45:43.230,1.3253,1.32545,2.80,1.60
2009.04.14 11:45:43.340,1.32525,1.32545,8.80,6.40
2009.04.14 11:45:43.890,1.32525,1.32545,2.80,6.40
2009.04.14 11:45:45.110,1.32525,1.3254,2.80,4.80
2009.04.14 11:45:45.559,1.32525,1.3254,2.80,6.40
2009.04.14 11:45:45.899,1.32525,1.3254,2.80,4.80
2009.04.14 11:45:55.817,1.32525,1.3254,2.80,6.40
2009.04.14 11:45:56.047,1.3252,1.3254,7.60,13.80
2009.04.14 11:45:56.277,1.3252,1.3253,1.00,1.60
2009.04.14 11:45:56.507,1.32515,1.3254,4.00,10.00
2009.04.14 11:45:56.747,1.32515,1.3254,3.40,10.00
2009.04.14 11:45:56.917,1.32515,1.3254,3.40,18.00
2009.04.14 11:45:57.546,1.32515,1.32535,2.80,1.60
2009.04.14 11:45:58.556,1.32515,1.3254,3.40,8.40
2009.04.14 11:45:58.836,1.32515,1.3254,3.40,16.40
2009.04.14 11:45:59.346,1.32515,1.3253,2.80,4.80
2009.04.14 11:45:59.686,1.3251,1.3253,8.20,6.80
2009.04.14 11:46:00.106,1.32505,1.3252,2.80,4.80
2009.04.14 11:46:00.786,1.325,1.3252,7.60,8.40
2009.04.14 11:46:01.356,1.32495,1.32515,3.40,6.40
2009.04.14 11:46:01.746,1.32495,1.3251,2.80,4.80
2009.04.14 11:46:04.035,1.32495,1.32515,2.80,8.40
2009.04.14 11:46:04.205,1.32495,1.3251,2.80,1.60
2009.04.14 11:46:05.595,1.32495,1.3251,2.80,6.40
2009.04.14 11:46:05.815,1.32495,1.3251,3.40,4.80
2009.04.14 11:46:08.524,1.32495,1.3252,3.40,14.40
2009.04.14 11:46:09.214,1.32495,1.3252,3.40,6.40
2009.04.14 11:46:10.783,1.32495,1.32515,3.20,1.60
2009.04.14 11:46:11.023,1.32495,1.32515,3.40,1.60
2009.04.14 11:46:12.583,1.32495,1.3251,3.40,1.60
2009.04.14 11:46:12.643,1.32495,1.3251,3.40,3.20
2009.04.14 11:46:12.933,1.32495,1.32505,1.00,1.60
2009.04.14 11:46:13.283,1.32495,1.3251,2.80,4.80
2009.04.14 11:46:13.822,1.3249,1.3251,7.60,10.00
2009.04.14 11:46:14.153,1.3249,1.325,1.00,10.00
2009.04.14 11:46:14.273,1.3249,1.325,1.00,1.60
2009.04.14 11:46:20.861,1.3249,1.32505,1.00,6.20
2009.04.14 11:46:26.320,1.325,1.32505,1.00,6.20
2009.04.14 11:46:39.546,1.325,1.32505,1.00,4.80
2009.04.14 11:46:40.126,1.32495,1.3251,1.00,3.60
2009.04.14 11:46:40.246,1.32495,1.32515,2.20,3.20
2009.04.14 11:46:40.616,1.32495,1.3252,2.20,1.40
2009.04.14 11:46:48.584,1.325,1.32515,1.00,4.80
2009.04.14 11:46:48.874,1.3249,1.32515,12.00,6.20
2009.04.14 11:46:49.044,1.3249,1.32515,5.80,6.20
2009.04.14 11:46:50.394,1.3249,1.32515,4.20,6.20
2009.04.14 11:46:51.424,1.3249,1.32515,4.20,7.80
2009.04.14 11:46:51.783,1.325,1.32515,3.40,4.80
2009.04.14 11:47:00.071,1.3249,1.3251,6.20,1.20
2009.04.14 11:47:00.651,1.3249,1.32515,6.20,4.80
2009.04.14 11:47:01.361,1.3249,1.3251,6.20,1.20
2009.04.14 11:47:09.949,1.32515,1.32535,2.20,9.60
2009.04.14 11:47:10.479,1.32515,1.32535,1.00,9.60
2009.04.14 11:47:10.829,1.3251,1.32535,2.20,1.40
2009.04.14 11:47:11.169,1.32515,1.3254,8.20,1.40
2009.04.14 11:47:16.237,1.3252,1.3254,4.60,1.40
2009.04.14 11:47:16.467,1.3252,1.3254,4.60,1.60
2009.04.14 11:47:16.907,1.3252,1.32535,4.60,1.60
2009.04.14 11:47:16.957,1.3252,1.3253,4.60,4.80
2009.04.14 11:47:17.357,1.3252,1.3254,4.60,1.60
2009.04.14 11:47:18.497,1.3252,1.32535,4.60,1.60
2009.04.14 11:47:21.256,1.32525,1.3254,2.80,4.80
2009.04.14 11:47:21.496,1.3252,1.32535,8.20,4.80
2009.04.14 11:47:21.726,1.3252,1.32535,7.60,4.80
2009.04.14 11:47:23.176,1.32525,1.3254,2.80,9.60
2009.04.14 11:47:23.416,1.32525,1.3254,2.80,6.40
2009.04.14 11:47:23.585,1.32525,1.3254,2.80,4.80
2009.04.14 11:47:24.915,1.32525,1.3254,3.40,4.80
2009.04.14 11:47:31.524,1.32525,1.32545,2.80,3.00
2009.04.14 11:47:37.632,1.32525,1.32545,2.80,6.20
2009.04.14 11:47:37.932,1.32525,1.3254,2.80,6.20
2009.04.14 11:47:38.282,1.32525,1.3254,3.40,4.80
2009.04.14 11:48:24.561,1.32525,1.3254,2.80,4.80
2009.04.14 11:48:29.120,1.32525,1.3254,2.80,9.60
2009.04.14 11:48:29.400,1.3252,1.32535,7.60,4.80
2009.04.14 11:48:30.080,1.3252,1.32535,4.80,4.80
2009.04.14 11:48:30.310,1.32515,1.3253,2.80,3.60
2009.04.14 11:48:31.169,1.32515,1.32525,2.80,1.60
2009.04.14 11:48:31.659,1.32505,1.3252,2.80,10.00
2009.04.14 11:48:31.939,1.32505,1.3252,2.80,6.40
2009.04.14 11:48:32.179,1.325,1.3252,1.60,6.40
2009.04.14 11:48:32.419,1.32505,1.3252,2.80,4.80
2009.04.14 11:48:32.709,1.325,1.3252,8.20,10.40
2009.04.14 11:48:33.169,1.325,1.3251,4.80,1.60
2009.04.14 11:48:33.629,1.3249,1.32505,2.80,1.60
2009.04.14 11:48:33.909,1.3248,1.32495,4.40,1.60
2009.04.14 11:48:34.839,1.3248,1.32495,2.80,6.40
2009.04.14 11:48:35.479,1.3248,1.32495,4.40,1.60
2009.04.14 11:48:35.818,1.3248,1.32505,5.00,6.40
2009.04.14 11:48:36.168,1.32485,1.32505,2.60,1.60
2009.04.14 11:48:36.578,1.3249,1.3251,1.60,1.60
2009.04.14 11:48:38.877,1.325,1.3251,6.40,1.60
2009.04.14 11:48:39.157,1.32505,1.3252,2.80,6.40
2009.04.14 11:48:39.507,1.32505,1.3252,2.80,1.60
2009.04.14 11:48:43.396,1.32495,1.32515,2.80,1.60
2009.04.14 11:48:43.686,1.32495,1.3252,3.40,1.60
2009.04.14 11:48:44.596,1.32495,1.32515,3.40,4.80
2009.04.14 11:48:44.706,1.32495,1.32515,2.80,6.40
2009.04.14 11:48:48.155,1.32495,1.32515,2.80,1.60
2009.04.14 11:48:48.545,1.32495,1.3252,5.00,1.60
2009.04.14 11:48:54.394,1.32495,1.32515,4.40,6.40
2009.04.14 11:49:06.091,1.32495,1.3252,5.00,1.80
2009.04.14 11:49:06.491,1.325,1.3252,1.60,1.80
2009.04.14 11:49:20.718,1.3251,1.32525,2.80,2.20
2009.04.14 11:49:21.187,1.3251,1.32525,2.80,1.60
2009.04.14 11:49:23.717,1.3251,1.3253,2.80,10.00
2009.04.14 11:49:26.576,1.3251,1.3253,7.60,10.00
2009.04.14 11:49:26.816,1.3251,1.3253,4.80,5.20
2009.04.14 11:49:28.215,1.3252,1.3253,2.80,5.20
2009.04.14 11:49:31.975,1.32515,1.32525,2.80,1.20
2009.04.14 11:49:32.274,1.32515,1.3254,3.40,5.00
2009.04.14 11:49:32.734,1.3252,1.32525,1.60,3.60
2009.04.14 11:49:33.034,1.3252,1.32525,1.60,1.60
2009.04.14 11:49:33.314,1.3252,1.3254,1.60,3.20
2009.04.14 11:49:38.223,1.32525,1.3254,8.00,1.60
2009.04.14 11:49:38.333,1.32525,1.32545,8.40,2.40
2009.04.14 11:49:38.673,1.3253,1.32545,8.00,1.40
2009.04.14 11:49:39.243,1.3253,1.3255,6.40,1.60
2009.04.14 11:49:39.593,1.32535,1.32555,1.60,1.60
2009.04.14 11:49:40.123,1.32535,1.32555,2.40,1.60
2009.04.14 11:49:41.492,1.32545,1.3256,3.20,1.60
2009.04.14 11:49:41.783,1.3254,1.32565,5.40,3.20
2009.04.14 11:49:42.082,1.3254,1.32555,1.60,1.40
2009.04.14 11:49:42.602,1.32535,1.32555,5.80,1.40
2009.04.14 11:49:43.852,1.32535,1.32555,3.60,3.00
2009.04.14 11:49:44.841,1.32535,1.3256,5.80,4.60
2009.04.14 11:49:45.061,1.32535,1.32555,5.80,1.40
2009.04.14 11:49:46.611,1.32535,1.32555,5.00,1.40
2009.04.14 11:49:46.841,1.32545,1.32555,2.80,1.40
2009.04.14 11:49:47.301,1.32545,1.32565,2.80,6.20
2009.04.14 11:49:48.500,1.32545,1.32565,2.80,10.00
2009.04.14 11:49:48.791,1.32545,1.3256,2.80,3.60
2009.04.14 11:49:49.270,1.3254,1.3256,2.20,3.60
2009.04.14 11:49:49.330,1.3254,1.3256,1.60,3.00
2009.04.14 11:49:49.550,1.32545,1.32565,2.80,6.20
2009.04.14 11:49:49.830,1.32545,1.32565,2.80,10.00
2009.04.14 11:49:50.180,1.3255,1.3257,7.60,16.40
2009.04.14 11:49:50.450,1.3255,1.3257,7.60,10.00
2009.04.14 11:49:51.360,1.3255,1.32565,4.80,6.20
2009.04.14 11:49:51.710,1.32555,1.3257,9.00,1.40
2009.04.14 11:49:52.170,1.32555,1.3257,10.60,1.40
2009.04.14 11:49:52.670,1.32555,1.32575,10.60,3.00
2009.04.14 11:49:53.079,1.3257,1.32585,7.60,7.80
2009.04.14 11:49:53.319,1.32565,1.32575,4.80,3.00
2009.04.14 11:49:53.550,1.32555,1.32575,3.60,3.00
2009.04.14 11:49:53.999,1.32555,1.32575,5.80,3.00
2009.04.14 11:49:54.539,1.32555,1.3258,6.40,4.60
2009.04.14 11:49:54.819,1.3256,1.3258,1.60,3.00
2009.04.14 11:49:55.289,1.3256,1.3258,1.60,3.00
2009.04.14 11:49:56.978,1.3256,1.32575,1.60,3.00
2009.04.14 11:49:57.629,1.32555,1.3258,5.00,3.00
2009.04.14 11:49:57.738,1.32555,1.3258,6.40,4.60
2009.04.14 11:49:57.978,1.3256,1.3258,1.60,4.60
2009.04.14 11:49:58.268,1.3256,1.3258,1.60,3.00
2009.04.14 11:50:00.068,1.3256,1.32575,1.60,2.80
2009.04.14 11:50:00.298,1.3256,1.32575,1.60,1.20
2009.04.14 11:50:00.718,1.32555,1.32575,5.80,2.80
2009.04.14 11:50:01.058,1.32555,1.32575,4.40,2.80
2009.04.14 11:50:02.397,1.32555,1.3258,5.00,9.20
2009.04.14 11:50:02.457,1.32555,1.32575,4.40,1.40
2009.04.14 11:50:02.627,1.32555,1.32575,4.40,1.20
2009.04.14 11:50:02.747,1.32555,1.3258,5.00,6.20
2009.04.14 11:50:03.667,1.32555,1.3257,5.00,4.80
2009.04.14 11:50:03.837,1.32555,1.3258,5.00,6.20
2009.04.14 11:50:04.077,1.32555,1.32575,4.40,6.20
2009.04.14 11:50:04.757,1.32555,1.32575,5.00,4.80
2009.04.14 11:50:04.986,1.32555,1.32575,2.80,6.20
2009.04.14 11:50:05.807,1.3256,1.32575,2.80,1.40
2009.04.14 11:50:06.196,1.32555,1.3257,2.80,4.80
2009.04.14 11:50:06.297,1.32555,1.32575,2.80,6.20
2009.04.14 11:50:06.586,1.32555,1.3257,2.80,4.80
2009.04.14 11:50:08.456,1.3256,1.32575,2.80,1.40
2009.04.14 11:50:09.035,1.3256,1.32575,2.80,1.80
2009.04.14 11:50:09.315,1.3256,1.32575,2.80,1.40
2009.04.14 11:50:14.414,1.32555,1.32575,2.80,6.20
2009.04.14 11:50:14.734,1.32555,1.32575,2.80,7.80
2009.04.14 11:50:14.894,1.32555,1.3257,2.80,3.00
2009.04.14 11:50:15.124,1.3255,1.3257,7.60,6.20
2009.04.14 11:50:15.294,1.3255,1.3257,7.60,10.00
2009.04.14 11:50:16.964,1.32545,1.32565,2.80,10.00
2009.04.14 11:50:17.484,1.3254,1.3255,7.60,4.80
2009.04.14 11:50:17.594,1.32545,1.3255,1.60,6.20
2009.04.14 11:50:17.873,1.32545,1.32555,1.60,5.20
2009.04.14 11:50:17.984,1.32535,1.32555,2.80,1.40
2009.04.14 11:50:18.223,1.32535,1.3256,2.80,6.20
2009.04.14 11:50:18.513,1.32535,1.3256,3.40,3.40
2009.04.14 11:50:18.993,1.32535,1.32555,2.80,6.20
2009.04.14 11:50:20.083,1.32535,1.32555,2.80,1.40
2009.04.14 11:50:20.673,1.32535,1.3256,3.40,3.40
2009.04.14 11:50:21.193,1.32535,1.3256,3.40,1.80
2009.04.14 11:50:22.122,1.32535,1.3256,3.40,3.40
2009.04.14 11:50:25.272,1.32535,1.32555,3.40,4.80
2009.04.14 11:50:25.621,1.32535,1.32555,2.80,6.20
2009.04.14 11:50:26.791,1.3254,1.32555,2.80,6.20
2009.04.14 11:50:26.961,1.3254,1.32555,2.80,1.40
2009.04.14 11:50:27.371,1.3254,1.32565,5.00,6.40
2009.04.14 11:50:27.481,1.32545,1.32565,2.20,4.80
2009.04.14 11:50:30.710,1.3255,1.32565,1.00,4.80
2009.04.14 11:50:31.110,1.3255,1.3257,2.80,3.00
2009.04.14 11:50:32.710,1.3255,1.3257,2.80,1.40
2009.04.14 11:50:33.300,1.3255,1.3257,4.40,1.40
2009.04.14 11:50:33.710,1.3255,1.3257,4.40,3.00
2009.04.14 11:50:35.949,1.3255,1.3257,4.40,1.40
2009.04.14 11:50:39.488,1.3256,1.3257,2.80,1.40
2009.04.14 11:50:39.878,1.3255,1.3257,4.40,1.40
2009.04.14 11:50:40.219,1.32555,1.3257,2.80,1.40
2009.04.14 11:50:40.498,1.32555,1.32575,2.80,6.20
2009.04.14 11:50:41.178,1.3256,1.32575,2.80,6.20
2009.04.14 11:50:46.657,1.32555,1.32575,8.80,9.60
2009.04.14 11:50:46.957,1.32555,1.3257,3.60,1.20
2009.04.14 11:50:47.297,1.32555,1.3257,2.80,1.20
2009.04.14 11:50:47.586,1.3255,1.32565,8.20,4.80
2009.04.14 11:50:47.876,1.3255,1.32565,9.20,6.00
2009.04.14 11:50:48.466,1.32545,1.3256,2.80,6.20
2009.04.14 11:50:48.836,1.32535,1.32555,4.40,3.00
2009.04.14 11:50:49.406,1.32535,1.32555,2.80,6.00
2009.04.14 11:50:49.736,1.32535,1.32555,2.80,10.80
2009.04.14 11:50:50.026,1.3254,1.32545,4.80,1.20
2009.04.14 11:50:50.366,1.32515,1.3254,13.00,8.40
2009.04.14 11:50:50.686,1.32525,1.32545,7.60,4.80
2009.04.14 11:50:50.975,1.32525,1.3254,4.80,3.20
2009.04.14 11:50:51.485,1.3252,1.32535,1.60,2.80
2009.04.14 11:50:52.065,1.3252,1.3253,1.60,2.80
2009.04.14 11:50:52.985,1.32515,1.32535,2.80,6.00
2009.04.14 11:50:53.285,1.3251,1.32525,7.60,4.80
2009.04.14 11:50:53.585,1.32515,1.3253,2.80,1.20
2009.04.14 11:50:56.344,1.32515,1.3253,4.20,1.20
2009.04.14 11:50:56.634,1.32515,1.3253,5.80,1.20
2009.04.14 11:50:59.063,1.3252,1.3253,1.60,1.20
2009.04.14 11:50:59.743,1.3252,1.3254,1.60,1.60
2009.04.14 11:51:00.104,1.32525,1.3255,2.20,1.60
2009.04.14 11:51:00.403,1.32525,1.3255,2.20,3.20
2009.04.14 11:51:00.753,1.32525,1.32535,1.60,1.60
2009.04.14 11:51:01.373,1.3252,1.32535,1.60,1.20
2009.04.14 11:51:02.423,1.3252,1.32535,1.60,2.80
2009.04.14 11:51:02.873,1.3252,1.3253,1.60,1.20
2009.04.14 11:51:03.393,1.32515,1.32535,9.00,2.80
2009.04.14 11:51:03.692,1.3252,1.32535,1.60,2.80
2009.04.14 11:51:03.982,1.3252,1.32535,1.60,1.20
2009.04.14 11:51:04.502,1.3252,1.3254,1.60,4.40
2009.04.14 11:51:04.892,1.3252,1.3254,1.60,2.80
2009.04.14 11:51:12.890,1.3252,1.3254,1.60,1.20
2009.04.14 11:51:13.000,1.3252,1.3254,1.60,1.20
2009.04.14 11:51:15.570,1.3253,1.32545,1.60,1.20
2009.04.14 11:51:16.120,1.32535,1.32545,1.60,1.20
2009.04.14 11:51:16.409,1.32535,1.3255,1.60,1.20
2009.04.14 11:51:16.929,1.32535,1.32555,1.60,2.40
2009.04.14 11:51:17.269,1.3254,1.3256,1.60,2.80
2009.04.14 11:51:17.569,1.3254,1.32555,1.60,1.20
2009.04.14 11:51:18.938,1.3254,1.3256,1.60,1.20
2009.04.14 11:51:21.488,1.32545,1.3256,1.00,1.60
2009.04.14 11:51:21.878,1.3256,1.32585,1.60,5.60
2009.04.14 11:51:22.398,1.3256,1.32585,1.60,4.00
2009.04.14 11:51:22.741,1.3256,1.3259,2.20,1.60
2009.04.14 11:51:23.018,1.32565,1.3259,2.20,4.00
2009.04.14 11:51:23.318,1.32565,1.3259,3.40,3.20
2009.04.14 11:51:23.668,1.3257,1.3258,1.00,3.20
2009.04.14 11:51:23.977,1.3257,1.32575,1.00,6.40
2009.04.14 11:51:24.547,1.32555,1.3257,9.00,1.60
2009.04.14 11:51:24.887,1.32555,1.32575,9.00,1.40
2009.04.14 11:51:25.297,1.32555,1.3257,9.00,1.40
2009.04.14 11:51:25.587,1.32555,1.3257,7.40,1.40
2009.04.14 11:51:25.757,1.32555,1.3257,4.20,1.40
2009.04.14 11:51:26.627,1.32555,1.3257,7.40,1.40
2009.04.14 11:51:27.137,1.32565,1.3258,3.40,1.60
2009.04.14 11:51:27.477,1.3256,1.32575,1.60,2.80
2009.04.14 11:51:27.797,1.32555,1.3258,3.40,4.60
2009.04.14 11:51:28.087,1.32555,1.32575,2.80,6.00
2009.04.14 11:51:28.726,1.32555,1.32575,3.40,4.80
2009.04.14 11:51:29.436,1.32555,1.3257,2.80,1.20
2009.04.14 11:51:30.846,1.32555,1.32575,3.40,4.80
2009.04.14 11:51:33.845,1.3256,1.32575,2.80,4.80
2009.04.14 11:51:37.984,1.32555,1.3258,3.40,4.60
2009.04.14 11:51:38.084,1.32555,1.32575,3.40,4.80
2009.04.14 11:51:43.953,1.32555,1.32575,2.80,6.40
2009.04.14 11:51:44.412,1.32555,1.3257,2.80,1.60
2009.04.14 11:51:44.642,1.3255,1.3256,4.80,6.40
2009.04.14 11:51:44.762,1.32545,1.32555,1.60,1.60
2009.04.14 11:51:44.822,1.3254,1.32555,1.60,1.60
2009.04.14 11:51:45.292,1.32535,1.32555,9.00,1.60
2009.04.14 11:51:45.522,1.32535,1.32555,5.80,1.60
2009.04.14 11:51:45.942,1.3255,1.3256,2.80,3.20
2009.04.14 11:51:46.172,1.32545,1.3256,2.20,1.60
2009.04.14 11:51:46.292,1.32545,1.32565,2.20,4.80
2009.04.14 11:51:46.352,1.3254,1.3256,4.80,1.60
2009.04.14 11:51:46.622,1.3254,1.3256,9.60,1.60
2009.04.14 11:51:46.902,1.3254,1.3256,6.40,1.60
2009.04.14 11:51:47.142,1.3254,1.3256,1.60,1.60
2009.04.14 11:51:47.592,1.32545,1.32565,1.60,3.20
2009.04.14 11:51:48.062,1.3254,1.3256,1.60,1.60
2009.04.14 11:51:48.511,1.3254,1.3256,1.60,3.00
2009.04.14 11:51:49.501,1.3254,1.3256,4.80,3.00
2009.04.14 11:51:49.911,1.32545,1.32565,4.40,3.00
2009.04.14 11:51:52.200,1.32545,1.32565,2.80,3.00
2009.04.14 11:51:52.550,1.32545,1.3256,2.80,1.40
2009.04.14 11:51:53.001,1.3254,1.3256,1.60,3.00
2009.04.14 11:51:54.920,1.3254,1.3256,1.60,4.60
2009.04.14 11:51:55.220,1.3254,1.32555,1.60,3.00
2009.04.14 11:51:55.570,1.32535,1.32555,12.00,3.00
2009.04.14 11:51:55.920,1.32535,1.3256,14.40,4.60
2009.04.14 11:51:56.090,1.32535,1.3256,14.40,3.00
2009.04.14 11:51:56.510,1.3254,1.3256,1.60,3.00
2009.04.14 11:51:56.859,1.3254,1.32555,1.60,3.00
2009.04.14 11:51:57.089,1.32535,1.3256,14.40,3.00
2009.04.14 11:51:57.479,1.32535,1.3256,14.40,4.60
2009.04.14 11:51:57.719,1.32535,1.3256,14.40,3.00
2009.04.14 11:51:58.589,1.32535,1.32555,13.60,1.60
2009.04.14 11:51:59.049,1.32535,1.3256,14.40,1.60
2009.04.14 11:51:59.269,1.32535,1.32555,13.60,1.60
2009.04.14 11:51:59.509,1.32535,1.32555,12.00,1.60
2009.04.14 11:51:59.919,1.32535,1.3256,12.80,1.60
2009.04.14 11:52:00.269,1.3254,1.32565,3.80,1.60
2009.04.14 11:52:00.599,1.32545,1.32565,2.80,1.60
2009.04.14 11:52:00.888,1.3254,1.32565,2.20,3.20
2009.04.14 11:52:01.758,1.3254,1.3256,1.60,1.60
2009.04.14 11:52:06.447,1.3254,1.32565,2.20,4.60
2009.04.14 11:52:06.967,1.3254,1.32565,6.80,3.00
2009.04.14 11:52:07.087,1.32545,1.32565,1.60,3.00
2009.04.14 11:52:08.646,1.32545,1.32565,4.80,3.00
2009.04.14 11:52:08.817,1.3255,1.32565,1.60,3.00
2009.04.14 11:52:10.026,1.32545,1.32565,2.80,3.00
2009.04.14 11:52:11.346,1.32545,1.32565,4.40,3.00
2009.04.14 11:52:11.466,1.32555,1.32565,2.80,1.40
2009.04.14 11:52:11.686,1.32555,1.32575,2.80,4.20
2009.04.14 11:52:12.176,1.32555,1.32575,2.80,3.00
2009.04.14 11:52:17.124,1.32555,1.3257,2.80,1.40
2009.04.14 11:52:24.263,1.3255,1.3257,1.60,3.00
2009.04.14 11:52:24.483,1.32555,1.32565,2.80,1.40
2009.04.14 11:52:24.703,1.32555,1.3257,2.80,3.00
2009.04.14 11:52:27.622,1.32555,1.3256,2.80,1.40
2009.04.14 11:52:27.792,1.32545,1.3256,4.40,6.20
2009.04.14 11:52:28.022,1.32545,1.3257,6.60,11.20
2009.04.14 11:52:28.202,1.32545,1.32565,6.00,6.20
2009.04.14 11:52:28.682,1.32545,1.32565,2.80,6.20
2009.04.14 11:52:30.181,1.32545,1.32565,2.80,1.40
2009.04.14 11:52:30.581,1.32545,1.3256,2.80,1.40
2009.04.14 11:52:30.991,1.32545,1.32565,3.40,1.40
2009.04.14 11:52:31.441,1.32545,1.3257,3.40,9.40
2009.04.14 11:52:33.130,1.32545,1.32565,3.40,1.40
2009.04.14 11:52:33.401,1.32545,1.32565,2.80,1.40
2009.04.14 11:52:41.009,1.32545,1.3257,3.40,9.60
2009.04.14 11:52:48.886,1.32545,1.3257,8.00,1.60
2009.04.14 11:52:52.615,1.3255,1.32575,2.20,1.60
2009.04.14 11:52:52.906,1.3255,1.32575,3.80,1.60
2009.04.14 11:52:53.185,1.32555,1.3258,1.80,1.60
2009.04.14 11:52:54.065,1.32555,1.3258,4.80,1.60
2009.04.14 11:53:04.093,1.32555,1.3258,4.40,1.60
2009.04.14 11:53:04.263,1.32555,1.32575,3.80,1.60
2009.04.14 11:53:04.493,1.32555,1.3258,4.40,1.60
2009.04.14 11:53:04.663,1.32555,1.32575,3.80,1.60
2009.04.14 11:53:12.621,1.3256,1.3258,1.20,1.60
2009.04.14 11:53:12.910,1.32555,1.3258,6.00,1.60
2009.04.14 11:53:13.481,1.3256,1.3258,1.60,1.60
2009.04.14 11:53:15.250,1.3256,1.3258,2.20,1.60
2009.04.14 11:53:15.700,1.32565,1.3259,2.20,1.60
2009.04.14 11:53:15.930,1.32565,1.3259,4.60,1.60
2009.04.14 11:53:23.638,1.32565,1.3259,4.60,1.60
2009.04.14 11:53:24.898,1.32565,1.32595,4.60,10.00
2009.04.14 11:53:25.227,1.32565,1.32595,2.20,8.40
2009.04.14 11:53:25.468,1.3257,1.32595,2.80,8.40
2009.04.14 11:53:25.758,1.3257,1.32595,2.80,6.40
2009.04.14 11:53:26.227,1.3257,1.3259,4.60,1.60
2009.04.14 11:53:26.397,1.3257,1.326,4.60,7.60
2009.04.14 11:53:29.586,1.3257,1.326,1.80,7.60
2009.04.14 11:53:29.986,1.3257,1.326,1.80,5.60
2009.04.14 11:53:30.156,1.32575,1.32605,2.20,12.40
2009.04.14 11:53:30.507,1.32575,1.32605,3.80,10.80
2009.04.14 11:53:30.746,1.3258,1.32605,2.20,9.20
2009.04.14 11:53:31.376,1.3258,1.32605,2.20,8.00
2009.04.14 11:53:34.665,1.3258,1.326,2.20,1.60
2009.04.14 11:53:34.905,1.3258,1.326,1.00,1.60
2009.04.14 11:53:35.085,1.32575,1.32595,2.20,1.20
2009.04.14 11:53:35.485,1.32575,1.3259,1.60,3.00
2009.04.14 11:53:35.605,1.3257,1.3259,3.40,1.20
2009.04.14 11:53:35.955,1.3257,1.3259,3.40,2.80
2009.04.14 11:53:36.295,1.3257,1.32585,3.40,1.20
2009.04.14 11:53:36.685,1.3257,1.3259,3.40,1.20
2009.04.14 11:53:37.035,1.3257,1.3259,4.00,2.80
2009.04.14 11:53:37.555,1.32565,1.3258,3.60,2.80
2009.04.14 11:53:38.074,1.32565,1.3258,3.60,1.20
2009.04.14 11:53:38.405,1.32565,1.3258,2.40,1.00
2009.04.14 11:53:38.754,1.32565,1.3258,1.60,1.00
2009.04.14 11:53:39.144,1.32565,1.32575,1.60,1.00
2009.04.14 11:53:39.724,1.3256,1.32575,1.60,1.00
2009.04.14 11:53:51.851,1.3256,1.32575,6.40,1.00
2009.04.14 11:53:52.371,1.32575,1.32595,1.00,2.60
2009.04.14 11:53:52.831,1.3257,1.3259,2.40,1.40
2009.04.14 11:53:53.121,1.3257,1.3259,2.40,1.60
2009.04.14 11:53:53.751,1.32575,1.32595,3.60,1.60
2009.04.14 11:53:54.710,1.32575,1.32595,2.40,4.80
2009.04.14 11:53:55.100,1.3257,1.3258,2.60,1.60
2009.04.14 11:53:55.381,1.32565,1.3258,5.00,1.60
2009.04.14 11:53:55.680,1.32565,1.3258,4.60,1.60
2009.04.14 11:53:56.090,1.32565,1.3258,4.00,1.60
2009.04.14 11:53:56.490,1.32565,1.3258,8.80,1.60
2009.04.14 11:53:56.900,1.3257,1.3258,4.80,1.60
2009.04.14 11:53:57.630,1.32565,1.32585,8.80,1.40
2009.04.14 11:53:58.370,1.32565,1.32585,13.60,1.40
2009.04.14 11:53:58.840,1.32565,1.3258,8.20,1.40
2009.04.14 11:53:59.069,1.32565,1.3258,13.00,1.40
2009.04.14 11:53:59.350,1.32565,1.32585,13.60,1.40
2009.04.14 11:53:59.579,1.32565,1.3258,8.20,1.40
2009.04.14 11:54:00.279,1.32565,1.32585,13.60,1.40
2009.04.14 11:54:00.679,1.32565,1.3259,9.20,1.40
2009.04.14 11:54:01.009,1.3257,1.3259,4.80,1.40
2009.04.14 11:54:01.739,1.32585,1.32605,4.80,4.80
2009.04.14 11:54:02.089,1.32585,1.32615,2.80,2.40
2009.04.14 11:54:02.659,1.32585,1.3261,2.80,1.40
2009.04.14 11:54:02.998,1.32595,1.32605,2.80,1.60
2009.04.14 11:54:03.518,1.32585,1.32605,4.00,2.60
2009.04.14 11:54:05.828,1.3257,1.3259,1.00,5.60
2009.04.14 11:54:06.058,1.32565,1.32585,8.20,1.00
2009.04.14 11:54:06.448,1.3257,1.3259,2.20,4.80
2009.04.14 11:54:06.898,1.32575,1.3259,2.80,4.80
2009.04.14 11:54:08.307,1.3257,1.32585,7.60,4.80
2009.04.14 11:54:08.487,1.32565,1.32585,6.00,5.60
2009.04.14 11:54:08.707,1.32565,1.32585,2.80,5.60
2009.04.14 11:54:09.877,1.32565,1.32585,2.80,1.20
2009.04.14 11:54:09.997,1.32575,1.32585,2.80,1.00
2009.04.14 11:54:10.567,1.32575,1.3259,2.80,5.60
2009.04.14 11:54:11.467,1.3258,1.3259,2.80,2.40
2009.04.14 11:54:11.756,1.3258,1.3259,3.40,2.40
2009.04.14 11:54:12.216,1.3257,1.3259,4.40,1.00
2009.04.14 11:54:12.676,1.3257,1.32585,2.80,4.80
2009.04.14 11:54:14.256,1.32565,1.32585,4.60,4.80
2009.04.14 11:54:14.586,1.3256,1.3258,9.20,9.80
2009.04.14 11:54:15.056,1.32565,1.3258,2.20,4.80
2009.04.14 11:54:15.985,1.32565,1.32585,3.40,4.80
2009.04.14 11:54:16.375,1.32565,1.32585,5.00,4.80
2009.04.14 11:54:16.895,1.32565,1.32585,3.40,4.80
2009.04.14 11:54:17.115,1.3257,1.32585,2.80,4.80
2009.04.14 11:54:18.315,1.32565,1.32585,4.60,4.80
2009.04.14 11:54:18.485,1.32565,1.3259,3.40,1.60
2009.04.14 11:54:19.565,1.32575,1.3259,1.60,1.60
2009.04.14 11:54:19.904,1.3259,1.326,6.60,9.60
2009.04.14 11:54:20.074,1.3259,1.326,6.60,6.80
2009.04.14 11:54:20.424,1.32575,1.32595,3.80,7.20
2009.04.14 11:54:20.594,1.3257,1.32595,2.80,7.20
2009.04.14 11:54:21.654,1.3257,1.3259,8.20,4.80
2009.04.14 11:54:21.894,1.32575,1.32595,2.80,7.20
2009.04.14 11:54:22.354,1.32575,1.3259,2.80,6.20
2009.04.14 11:54:22.824,1.3257,1.3259,1.00,6.20
2009.04.14 11:54:22.944,1.32565,1.3259,5.00,6.20
2009.04.14 11:54:23.064,1.32565,1.3259,3.40,6.20
2009.04.14 11:54:23.784,1.3257,1.3259,2.80,1.40
2009.04.14 11:54:24.063,1.32575,1.32595,2.80,7.20
2009.04.14 11:54:25.083,1.3257,1.3259,2.80,1.40
2009.04.14 11:54:25.313,1.32575,1.32595,2.80,7.20
2009.04.14 11:54:27.173,1.3258,1.32595,2.80,7.20
2009.04.14 11:54:27.803,1.32575,1.32595,2.80,7.20
2009.04.14 11:54:30.032,1.32575,1.32595,3.40,7.20
2009.04.14 11:54:30.262,1.3258,1.32595,4.80,7.20
2009.04.14 11:54:30.612,1.3258,1.32595,7.60,4.80
2009.04.14 11:54:31.712,1.32575,1.32595,2.80,6.20
2009.04.14 11:54:35.111,1.32575,1.32585,2.80,3.20
2009.04.14 11:54:35.511,1.32565,1.3259,4.00,1.40
2009.04.14 11:54:35.912,1.32565,1.3259,3.40,1.40
2009.04.14 11:54:36.310,1.32565,1.32585,3.40,4.80
2009.04.14 11:54:36.720,1.32565,1.3259,4.00,1.40
2009.04.14 11:54:37.120,1.32565,1.3259,4.60,1.40
2009.04.14 11:54:37.580,1.32575,1.32595,2.80,7.20
2009.04.14 11:54:53.546,1.32575,1.32595,3.40,4.80
2009.04.14 11:54:53.846,1.32575,1.32595,4.60,4.80
2009.04.14 11:54:54.756,1.32575,1.326,4.60,2.40
2009.04.14 11:54:55.686,1.32575,1.32595,4.00,1.60
2009.04.14 11:54:56.095,1.3257,1.32595,4.20,1.60
2009.04.14 11:54:56.606,1.3257,1.32595,2.60,1.60
2009.04.14 11:54:57.575,1.3257,1.32595,2.20,1.60
2009.04.14 11:54:57.866,1.32575,1.326,2.20,9.60
2009.04.14 11:54:58.315,1.32575,1.326,2.20,1.60
2009.04.14 11:55:00.425,1.32575,1.326,2.20,5.20
2009.04.14 11:55:02.294,1.32575,1.326,2.20,3.20
2009.04.14 11:55:07.853,1.32575,1.326,2.20,11.00
2009.04.14 11:55:08.732,1.3258,1.326,2.60,9.60
2009.04.14 11:55:09.173,1.3258,1.326,2.20,8.00
2009.04.14 11:55:09.622,1.3258,1.32605,4.20,11.00
2009.04.14 11:55:09.922,1.3258,1.32605,2.60,3.00
2009.04.14 11:55:11.022,1.32575,1.326,4.80,1.40
2009.04.14 11:55:11.422,1.32575,1.326,1.60,3.00
2009.04.14 11:55:22.269,1.3257,1.32595,6.80,6.20
2009.04.14 11:55:22.629,1.32575,1.32595,2.20,4.80
2009.04.14 11:55:23.309,1.3258,1.32595,2.20,4.80
2009.04.14 11:55:23.599,1.3258,1.326,2.20,2.40
2009.04.14 11:55:23.769,1.3258,1.326,3.80,2.40
2009.04.14 11:55:24.189,1.32585,1.32605,2.20,6.40
2009.04.14 11:55:24.809,1.3258,1.326,3.40,1.60
2009.04.14 11:55:25.038,1.32575,1.326,3.80,1.60
2009.04.14 11:55:26.928,1.32575,1.326,3.60,3.20
2009.04.14 11:55:27.038,1.3258,1.32595,1.40,1.60
2009.04.14 11:55:29.708,1.32575,1.326,3.60,4.80
2009.04.14 11:55:29.947,1.3258,1.32595,1.40,1.60
2009.04.14 11:55:31.117,1.3258,1.3259,1.20,4.80
2009.04.14 11:55:31.407,1.32575,1.3259,3.80,4.80
2009.04.14 11:55:31.757,1.3258,1.3259,1.20,6.40
2009.04.14 11:55:32.147,1.32575,1.3259,2.20,4.80
2009.04.14 11:55:32.957,1.3257,1.3259,8.20,4.80
2009.04.14 11:55:33.657,1.3257,1.3259,8.20,6.20
2009.04.14 11:55:36.946,1.3257,1.3259,5.40,4.60
2009.04.14 11:55:37.406,1.32565,1.3258,3.60,4.80
2009.04.14 11:55:37.576,1.32565,1.3258,2.20,4.80
2009.04.14 11:55:42.944,1.3256,1.32585,8.60,4.80
2009.04.14 11:55:43.005,1.3256,1.3258,7.00,3.60
2009.04.14 11:55:43.235,1.3256,1.3258,5.40,8.40
2009.04.14 11:55:43.295,1.32555,1.3258,3.80,6.40
2009.04.14 11:55:46.023,1.3256,1.3258,8.20,4.80
2009.04.14 11:55:46.493,1.3256,1.32565,1.80,4.80
2009.04.14 11:55:46.544,1.32555,1.32565,5.20,4.80
2009.04.14 11:55:47.013,1.3255,1.32565,8.20,4.80
2009.04.14 11:55:48.463,1.3255,1.3256,5.40,4.80
2009.04.14 11:55:48.703,1.32545,1.32555,5.20,4.80
2009.04.14 11:55:48.753,1.32545,1.32555,3.60,4.80
2009.04.14 11:55:54.491,1.32555,1.32575,2.40,4.80
2009.04.14 11:55:54.841,1.32555,1.32565,2.40,4.80
2009.04.14 11:55:54.961,1.32555,1.32575,2.40,1.60
2009.04.14 11:56:03.299,1.32545,1.3257,2.40,6.40
2009.04.14 11:56:04.039,1.32555,1.3257,1.60,1.60
2009.04.14 11:56:04.379,1.3255,1.32575,3.80,5.20
2009.04.14 11:56:04.959,1.32555,1.32575,2.20,3.60
2009.04.14 11:56:05.309,1.32555,1.3258,2.20,10.00
2009.04.14 11:56:05.918,1.32555,1.3257,2.20,4.80
2009.04.14 11:56:06.490,1.32555,1.3258,2.20,10.00
2009.04.14 11:56:07.359,1.32555,1.3257,2.20,4.80
2009.04.14 11:56:09.208,1.3255,1.3256,5.40,4.80
2009.04.14 11:56:10.077,1.3255,1.32565,5.40,4.80
2009.04.14 11:56:11.108,1.3255,1.32565,5.40,8.00
2009.04.14 11:56:11.508,1.3255,1.32565,4.80,8.00
2009.04.14 11:56:11.857,1.3255,1.32565,4.80,4.80
2009.04.14 11:56:12.157,1.32545,1.3256,1.60,1.60
2009.04.14 11:56:12.517,1.32535,1.3256,20.40,1.60
2009.04.14 11:56:13.097,1.3254,1.32565,3.60,9.60
2009.04.14 11:56:13.257,1.32535,1.3256,12.40,1.60
2009.04.14 11:56:13.997,1.32535,1.3256,12.40,14.40
2009.04.14 11:56:15.056,1.32535,1.3256,6.00,14.40
2009.04.14 11:56:15.336,1.32535,1.3256,5.40,14.40
2009.04.14 11:56:16.116,1.32535,1.3256,4.40,19.60
2009.04.14 11:56:16.396,1.32535,1.3255,3.40,4.80
2009.04.14 11:56:17.666,1.32535,1.3255,2.80,4.80
2009.04.14 11:56:18.016,1.32535,1.3255,3.40,4.80
2009.04.14 11:56:18.876,1.32535,1.32545,2.20,4.80
2009.04.14 11:56:19.175,1.3253,1.3254,2.20,4.80
2009.04.14 11:56:19.676,1.32525,1.3254,4.40,4.80
2009.04.14 11:56:20.136,1.32525,1.3254,3.40,4.80
2009.04.14 11:56:20.765,1.32525,1.3254,2.80,4.80
2009.04.14 11:56:21.975,1.3253,1.32545,2.80,6.40
2009.04.14 11:56:30.443,1.32525,1.32535,1.00,4.80
2009.04.14 11:56:30.553,1.3252,1.32535,8.20,4.80
2009.04.14 11:56:30.842,1.32525,1.3254,3.40,4.80
2009.04.14 11:56:31.593,1.32525,1.32545,2.80,1.60
2009.04.14 11:56:34.332,1.32525,1.3254,2.80,4.80
2009.04.14 11:56:34.782,1.32525,1.3254,2.80,6.40
2009.04.14 11:56:36.781,1.3252,1.32535,8.80,4.80
2009.04.14 11:56:37.241,1.32525,1.3254,3.40,4.80
2009.04.14 11:56:47.259,1.32525,1.3254,2.80,4.80
2009.04.14 11:56:47.998,1.32525,1.3254,2.80,12.80
2009.04.14 11:56:48.848,1.3252,1.3254,8.20,12.80
2009.04.14 11:56:49.698,1.3253,1.3254,4.80,12.80
2009.04.14 11:56:50.168,1.3253,1.3254,4.80,4.80
2009.04.14 11:56:50.748,1.3253,1.32545,7.60,14.00
2009.04.14 11:56:51.158,1.3254,1.32545,4.80,4.80
2009.04.14 11:56:51.788,1.3254,1.3255,4.80,4.80
2009.04.14 11:56:52.188,1.3254,1.3255,5.40,4.80
2009.04.14 11:56:52.707,1.3254,1.32555,5.40,8.00
2009.04.14 11:56:52.767,1.3254,1.3255,4.80,4.80
2009.04.14 11:56:53.107,1.3254,1.32545,2.80,2.00
2009.04.14 11:56:53.337,1.3254,1.32545,2.80,2.80
2009.04.14 11:56:53.747,1.3253,1.3254,3.10,1.20
2009.04.14 11:56:54.297,1.32525,1.3254,1.60,2.80
2009.04.14 11:56:54.687,1.32525,1.3254,1.00,1.60
2009.04.14 11:56:57.816,1.32525,1.3254,1.80,1.60
2009.04.14 11:56:58.256,1.32525,1.3254,1.80,3.00
2009.04.14 11:56:58.426,1.3252,1.3254,10.00,1.40
2009.04.14 11:56:58.666,1.3252,1.32545,9.80,9.40
2009.04.14 11:56:58.906,1.3252,1.32545,8.20,9.40
2009.04.14 11:56:59.645,1.3252,1.3254,8.20,4.80
2009.04.14 11:57:00.115,1.3252,1.3254,7.60,6.20
2009.04.14 11:57:00.565,1.3252,1.3254,7.60,14.20
2009.04.14 11:57:00.845,1.3252,1.3253,4.80,4.80
2009.04.14 11:57:01.585,1.3251,1.3253,8.20,4.80
2009.04.14 11:57:04.034,1.3251,1.3252,4.80,4.80
2009.04.14 11:57:05.494,1.32505,1.3252,2.20,4.80
2009.04.14 11:57:05.674,1.32495,1.3252,10.00,6.20
2009.04.14 11:57:05.894,1.32495,1.3252,13.00,6.20
2009.04.14 11:57:06.064,1.32495,1.3252,6.80,14.20
2009.04.14 11:57:06.344,1.32495,1.3252,6.20,15.20
2009.04.14 11:57:06.454,1.32495,1.3252,2.40,15.20
2009.04.14 11:57:07.973,1.32495,1.3252,2.40,14.20
2009.04.14 11:57:12.273,1.32475,1.325,1.60,7.20
2009.04.14 11:57:12.573,1.32475,1.32495,1.60,1.40
2009.04.14 11:57:12.923,1.32475,1.32495,1.60,9.40
2009.04.14 11:57:13.552,1.32475,1.325,1.60,9.40
2009.04.14 11:57:13.782,1.32475,1.32495,1.60,1.40
2009.04.14 11:57:14.252,1.3248,1.32495,1.00,14.20
2009.04.14 11:57:14.582,1.3247,1.3249,1.60,1.40
2009.04.14 11:57:15.082,1.32465,1.32485,2.80,1.40
2009.04.14 11:57:15.662,1.32465,1.32485,7.40,1.40
2009.04.14 11:57:16.012,1.3247,1.32495,3.20,6.40
2009.04.14 11:57:22.290,1.32465,1.32485,5.80,1.40
2009.04.14 11:57:22.710,1.32465,1.32485,2.80,6.20
2009.04.14 11:57:23.640,1.32465,1.32485,2.80,4.80
2009.04.14 11:57:25.439,1.32465,1.32485,2.20,4.80
2009.04.14 11:57:25.500,1.32465,1.32485,1.60,4.80
2009.04.14 11:57:28.429,1.32465,1.32475,1.60,4.80
2009.04.14 11:57:28.769,1.32465,1.32475,1.00,4.80
2009.04.14 11:57:28.948,1.3246,1.32475,8.20,4.80
2009.04.14 11:57:29.548,1.3246,1.32475,7.60,4.80
2009.04.14 11:57:31.398,1.3246,1.3247,4.80,4.80
2009.04.14 11:57:32.388,1.3246,1.32475,7.60,4.80
2009.04.14 11:57:32.897,1.32465,1.3248,7.60,4.80
2009.04.14 11:57:33.187,1.3246,1.32475,7.60,7.20
2009.04.14 11:57:33.907,1.32465,1.3248,7.60,4.80
2009.04.14 11:57:42.505,1.3247,1.32485,7.60,7.00
2009.04.14 11:57:42.555,1.3246,1.3248,10.60,4.80
2009.04.14 11:57:42.965,1.3246,1.3248,8.20,6.20
2009.04.14 11:57:45.234,1.3246,1.32475,7.60,4.80
2009.04.14 11:57:45.395,1.3246,1.3247,4.80,4.80
2009.04.14 11:57:45.625,1.32455,1.3247,2.80,8.40
2009.04.14 11:57:52.803,1.32455,1.3246,4.80,7.20
2009.04.14 11:57:53.023,1.3243,1.3246,7.40,1.40
2009.04.14 11:57:53.373,1.32435,1.3246,2.60,2.40
2009.04.14 11:57:58.511,1.32445,1.3246,2.20,4.80
2009.04.14 11:57:58.841,1.3245,1.32465,8.20,4.80
2009.04.14 11:57:59.451,1.3245,1.32465,7.60,4.80
2009.04.14 11:57:59.801,1.32445,1.3246,8.20,4.80
2009.04.14 11:58:00.091,1.32445,1.3246,7.60,4.80
2009.04.14 11:58:00.381,1.3245,1.3246,4.80,4.80
2009.04.14 11:58:01.921,1.3245,1.3247,8.20,4.80
2009.04.14 11:58:02.151,1.3245,1.32465,8.20,2.40
2009.04.14 11:58:02.740,1.3245,1.3247,8.20,4.80
2009.04.14 11:58:31.773,1.3245,1.32475,8.20,8.20
2009.04.14 11:58:32.133,1.32455,1.32475,2.80,8.20
2009.04.14 11:58:32.483,1.3245,1.32475,8.20,8.20
2009.04.14 11:58:32.843,1.3245,1.3247,8.20,4.80
2009.04.14 11:58:33.183,1.3245,1.32475,8.20,8.20
2009.04.14 11:58:34.723,1.32455,1.32475,2.80,8.20
2009.04.14 11:58:35.733,1.3245,1.32475,8.20,8.20
2009.04.14 11:58:40.361,1.3246,1.32475,4.80,8.20
2009.04.14 11:58:40.421,1.3246,1.32475,7.60,6.60
2009.04.14 11:58:41.001,1.3246,1.32475,7.60,7.40
2009.04.14 11:58:42.941,1.3245,1.32475,13.80,9.00
2009.04.14 11:58:43.171,1.3245,1.3247,12.20,4.80
2009.04.14 11:58:43.451,1.3245,1.3247,10.60,4.80
2009.04.14 11:58:43.690,1.32455,1.32475,2.80,9.00
2009.04.14 11:58:47.449,1.32455,1.32475,2.80,16.80
2009.04.14 11:58:47.859,1.32455,1.3247,2.80,4.80
2009.04.14 11:58:48.499,1.32455,1.3247,2.80,12.80
2009.04.14 11:58:48.969,1.3245,1.3247,8.20,12.80
2009.04.14 11:58:49.669,1.32455,1.3247,2.80,12.80
2009.04.14 11:58:50.299,1.32455,1.3247,2.80,4.80
2009.04.14 11:58:51.449,1.3245,1.3247,8.20,4.80
2009.04.14 11:58:53.238,1.3245,1.3247,9.40,4.80
2009.04.14 11:58:56.147,1.32455,1.3247,3.40,4.80
2009.04.14 11:58:56.468,1.32455,1.3247,4.00,4.80
2009.04.14 11:58:56.527,1.32455,1.3247,5.20,4.80
2009.04.14 11:58:56.838,1.32455,1.3247,5.80,4.80
2009.04.14 11:58:57.357,1.3246,1.32475,8.80,5.20
2009.04.14 11:58:57.827,1.32455,1.3247,5.80,4.80
2009.04.14 11:58:58.567,1.32455,1.3247,5.80,8.00
2009.04.14 11:58:59.017,1.3246,1.32475,1.80,1.60
2009.04.14 11:58:59.407,1.3246,1.3248,4.00,6.40
2009.04.14 11:59:06.055,1.3249,1.325,1.40,2.40
2009.04.14 11:59:06.345,1.3249,1.32505,1.40,3.40
2009.04.14 11:59:06.755,1.32505,1.3251,1.00,5.60
2009.04.14 11:59:07.155,1.32505,1.32515,1.40,2.40
2009.04.14 11:59:07.215,1.325,1.32525,2.20,6.40
2009.04.14 11:59:07.935,1.32505,1.3252,2.80,1.60
2009.04.14 11:59:08.225,1.3252,1.32535,2.40,12.00
2009.04.14 11:59:08.685,1.32525,1.32545,1.00,8.80
2009.04.14 11:59:09.024,1.32525,1.32545,1.00,7.20
2009.04.14 11:59:09.314,1.32515,1.3254,4.60,1.60
2009.04.14 11:59:09.634,1.32525,1.32545,1.60,6.40
2009.04.14 11:59:10.044,1.3252,1.32545,2.20,6.40
2009.04.14 11:59:10.504,1.3252,1.32535,2.20,2.40
2009.04.14 11:59:10.914,1.3252,1.32545,2.20,9.60
2009.04.14 11:59:11.314,1.32525,1.32545,2.20,10.40
2009.04.14 11:59:11.664,1.3252,1.32545,2.20,9.60
2009.04.14 11:59:12.064,1.3252,1.32535,2.20,2.40
2009.04.14 11:59:12.293,1.32525,1.32535,2.20,2.40
2009.04.14 11:59:13.523,1.32525,1.32545,2.20,10.40
2009.04.14 11:59:14.263,1.32525,1.32545,1.00,10.40
2009.04.14 11:59:14.323,1.3252,1.32545,2.20,9.60
2009.04.14 11:59:14.553,1.3252,1.3254,2.20,2.40
2009.04.14 11:59:16.483,1.3252,1.32545,3.40,9.60
2009.04.14 11:59:16.892,1.32525,1.32535,1.60,4.80
2009.04.14 11:59:17.132,1.3252,1.32545,5.00,9.60
2009.04.14 11:59:17.632,1.32525,1.32535,1.60,4.80
2009.04.14 11:59:20.642,1.3252,1.32535,3.40,4.80
2009.04.14 11:59:20.952,1.3252,1.32535,2.80,4.80
2009.04.14 11:59:21.301,1.3251,1.3253,8.60,4.80
2009.04.14 11:59:21.531,1.3251,1.3253,13.40,4.80
2009.04.14 11:59:21.881,1.3251,1.3253,11.80,4.80
2009.04.14 11:59:23.091,1.3252,1.3253,1.60,4.80
2009.04.14 11:59:23.491,1.32525,1.3254,3.40,7.20
2009.04.14 11:59:23.761,1.32525,1.3254,3.40,4.80
2009.04.14 11:59:25.750,1.3252,1.32525,4.00,1.60
2009.04.14 11:59:26.220,1.3251,1.32515,1.60,1.60
2009.04.14 11:59:26.521,1.32505,1.32515,4.00,1.60
2009.04.14 11:59:26.800,1.32505,1.32515,1.00,1.60
2009.04.14 11:59:27.150,1.3249,1.3251,4.60,1.60
2009.04.14 11:59:27.450,1.3249,1.3251,2.20,1.60
2009.04.14 11:59:28.160,1.32505,1.3251,1.60,1.60
2009.04.14 11:59:28.780,1.32505,1.32525,2.20,2.80
2009.04.14 11:59:29.179,1.3251,1.32525,1.00,4.80
2009.04.14 11:59:29.529,1.32505,1.32525,3.40,4.80
2009.04.14 11:59:30.049,1.325,1.3252,7.00,4.80
2009.04.14 11:59:30.459,1.32495,1.32515,3.40,4.80
2009.04.14 11:59:30.979,1.32505,1.32515,1.60,4.80
2009.04.14 11:59:31.329,1.32505,1.32525,3.40,17.80
2009.04.14 11:59:31.679,1.325,1.3252,3.80,4.80
2009.04.14 11:59:32.079,1.325,1.3252,2.20,4.80
2009.04.14 11:59:34.488,1.325,1.3251,1.00,1.60
2009.04.14 11:59:34.778,1.32475,1.325,1.60,1.60
2009.04.14 11:59:35.188,1.3247,1.325,3.80,1.60
2009.04.14 11:59:35.689,1.3247,1.32485,1.00,1.60
2009.04.14 11:59:36.028,1.32465,1.32485,2.20,1.60
2009.04.14 11:59:36.388,1.3248,1.32485,1.60,1.60
2009.04.14 11:59:36.557,1.3248,1.32495,3.40,8.00
2009.04.14 11:59:36.797,1.3247,1.32495,1.60,1.60
2009.04.14 11:59:36.977,1.32465,1.32495,1.00,4.80
2009.04.14 11:59:37.197,1.3246,1.32485,2.20,1.60
2009.04.14 11:59:37.377,1.32465,1.3249,2.20,1.60
2009.04.14 11:59:37.757,1.32465,1.32485,3.80,1.60
2009.04.14 11:59:38.058,1.32455,1.3248,18.20,1.60
2009.04.14 11:59:38.767,1.3247,1.32495,3.20,1.80
2009.04.14 11:59:39.057,1.32465,1.32495,5.40,1.60
2009.04.14 11:59:39.447,1.32465,1.32485,8.00,1.60
2009.04.14 11:59:39.847,1.32475,1.32495,1.00,1.60
2009.04.14 11:59:40.297,1.3247,1.32495,2.20,1.60
2009.04.14 11:59:40.987,1.32485,1.32495,1.60,1.60
2009.04.14 11:59:41.536,1.3248,1.32495,3.20,1.80
2009.04.14 11:59:41.646,1.3247,1.32495,2.20,3.40
2009.04.14 11:59:43.186,1.32485,1.32495,1.60,1.80
2009.04.14 11:59:43.306,1.3248,1.32495,3.20,1.80
2009.04.14 11:59:43.656,1.3248,1.32495,3.20,3.40
2009.04.14 11:59:43.836,1.3247,1.32495,8.60,3.00
2009.04.14 11:59:43.886,1.3247,1.32495,7.00,3.00
2009.04.14 11:59:44.775,1.3248,1.32505,2.20,10.20
2009.04.14 11:59:45.175,1.3248,1.32505,2.20,9.20
2009.04.14 11:59:45.676,1.32485,1.32505,2.20,9.20
2009.04.14 11:59:46.015,1.32475,1.325,2.20,3.40
2009.04.14 11:59:46.315,1.32485,1.32505,1.00,10.80
2009.04.14 11:59:46.475,1.32485,1.32505,2.20,9.20
2009.04.14 11:59:46.875,1.32485,1.32505,2.20,7.20
2009.04.14 11:59:48.535,1.3248,1.325,2.20,2.40
2009.04.14 11:59:48.825,1.3248,1.32495,2.20,4.80
2009.04.14 11:59:48.995,1.3248,1.325,3.40,11.00
2009.04.14 11:59:49.615,1.3248,1.32495,4.40,1.40
2009.04.14 11:59:49.914,1.32485,1.325,2.20,7.20
2009.04.14 11:59:51.424,1.3249,1.325,1.00,2.40
2009.04.14 11:59:51.654,1.3249,1.325,2.20,2.40
2009.04.14 11:59:52.464,1.32485,1.325,3.40,2.40
2009.04.14 11:59:52.694,1.3249,1.3251,2.20,7.20
2009.04.14 11:59:53.023,1.3249,1.32505,2.20,2.40
2009.04.14 11:59:53.253,1.32485,1.32505,6.60,2.40
2009.04.14 11:59:53.423,1.32485,1.32505,3.40,2.40
2009.04.14 11:59:56.903,1.32485,1.32505,5.00,2.40
2009.04.14 11:59:57.142,1.32485,1.32505,6.60,2.40
2009.04.14 11:59:57.193,1.3249,1.32505,5.40,2.40
2009.04.14 11:59:57.253,1.32495,1.32505,2.80,2.40
2009.04.14 11:59:57.952,1.32505,1.32515,7.60,2.80
2009.04.14 11:59:58.242,1.32505,1.32515,2.80,2.40
2009.04.14 11:59:58.473,1.32505,1.3252,2.80,11.00
2009.04.14 11:59:59.002,1.32505,1.3252,3.40,11.00
2009.04.14 11:59:59.172,1.32505,1.3252,2.20,3.60
