2016.08.15 14:00:00.023,1.13186,1.13194,1.00,1.50
2016.08.15 14:00:00.126,1.13184,1.13194,1.85,1.50
2016.08.15 14:00:00.178,1.13184,1.13194,1.25,1.50
2016.08.15 14:00:00.229,1.13184,1.13193,1.25,1.00
2016.08.15 14:00:00.504,1.13185,1.13194,2.44,1.00
2016.08.15 14:00:00.556,1.13184,1.13194,2.81,1.00
2016.08.15 14:00:00.607,1.13184,1.13194,1.69,1.00
2016.08.15 14:00:00.710,1.13184,1.13193,1.69,1.50
2016.08.15 14:00:00.864,1.13184,1.13192,1.69,1.00
2016.08.15 14:00:00.916,1.13184,1.13192,2.29,1.00
2016.08.15 14:00:01.306,1.13184,1.13193,1.69,1.00
2016.08.15 14:00:01.358,1.13182,1.13192,1.69,1.50
2016.08.15 14:00:01.410,1.13182,1.13192,1.79,1.50
2016.08.15 14:00:01.463,1.13182,1.13192,1.79,1.00
2016.08.15 14:00:01.566,1.13183,1.13192,1.05,1.00
2016.08.15 14:00:01.618,1.13183,1.13192,1.54,1.00
2016.08.15 14:00:01.669,1.13183,1.13192,2.29,1.00
2016.08.15 14:00:02.186,1.13183,1.13192,1.69,1.00
2016.08.15 14:00:02.237,1.13183,1.13192,2.29,1.00
2016.08.15 14:00:02.551,1.13183,1.13193,2.29,1.00
2016.08.15 14:00:02.603,1.13183,1.13194,2.29,1.00
2016.08.15 14:00:02.705,1.13183,1.13194,1.54,1.00
2016.08.15 14:00:02.807,1.13183,1.13194,1.25,1.00
2016.08.15 14:00:03.059,1.13183,1.13194,1.25,1.10
2016.08.15 14:00:03.111,1.13183,1.13194,1.25,1.65
2016.08.15 14:00:03.264,1.13183,1.13194,1.05,1.65
2016.08.15 14:00:03.601,1.13183,1.13194,1.54,1.65
2016.08.15 14:00:03.703,1.13182,1.13194,3.04,1.65
2016.08.15 14:00:03.754,1.13183,1.13194,1.25,1.65
2016.08.15 14:00:04.202,1.13183,1.13194,1.54,1.65
2016.08.15 14:00:04.253,1.13183,1.13194,1.85,1.65
2016.08.15 14:00:04.306,1.13183,1.13194,2.29,1.65
2016.08.15 14:00:04.357,1.13184,1.13194,1.00,1.65
2016.08.15 14:00:04.408,1.13184,1.13194,1.35,1.65
2016.08.15 14:00:04.459,1.13188,1.13194,1.00,1.20
2016.08.15 14:00:04.561,1.13184,1.13193,4.35,1.00
2016.08.15 14:00:04.612,1.13185,1.13193,1.60,1.00
2016.08.15 14:00:04.663,1.13187,1.13193,1.05,1.00
2016.08.15 14:00:04.714,1.13186,1.13193,2.66,1.00
2016.08.15 14:00:04.765,1.13186,1.13193,2.06,1.00
2016.08.15 14:00:04.817,1.13186,1.13193,1.19,1.00
2016.08.15 14:00:05.082,1.13186,1.13195,1.19,2.40
2016.08.15 14:00:05.141,1.13186,1.13195,1.19,3.90
2016.08.15 14:00:05.194,1.13186,1.13195,1.19,3.15
2016.08.15 14:00:05.245,1.13186,1.13193,1.19,1.00
2016.08.15 14:00:05.554,1.13186,1.13195,1.19,3.82
2016.08.15 14:00:05.656,1.13185,1.13195,1.00,3.07
2016.08.15 14:00:05.938,1.13184,1.13193,1.25,1.37
2016.08.15 14:00:05.990,1.13184,1.13193,1.25,1.50
2016.08.15 14:00:06.041,1.13183,1.13193,4.54,1.50
2016.08.15 14:00:06.092,1.13183,1.13193,4.54,2.25
2016.08.15 14:00:06.144,1.13184,1.13191,1.54,1.00
2016.08.15 14:00:06.197,1.13184,1.13192,2.66,1.12
2016.08.15 14:00:06.248,1.13184,1.13192,1.31,1.87
2016.08.15 14:00:06.402,1.13183,1.13191,4.69,1.00
2016.08.15 14:00:07.154,1.13184,1.13191,1.05,1.00
2016.08.15 14:00:07.205,1.13185,1.1319,1.25,1.12
2016.08.15 14:00:07.256,1.13185,1.13189,1.25,1.00
2016.08.15 14:00:07.539,1.13185,1.1319,1.25,1.12
2016.08.15 14:00:08.152,1.13185,1.1319,1.31,1.00
2016.08.15 14:00:08.406,1.13185,1.13189,2.06,1.00
2016.08.15 14:00:08.839,1.13185,1.1319,1.37,1.00
2016.08.15 14:00:08.890,1.13184,1.1319,2.47,1.00
2016.08.15 14:00:08.941,1.13184,1.1319,1.87,1.00
2016.08.15 14:00:09.192,1.13184,1.1319,1.50,1.50
2016.08.15 14:00:09.243,1.13183,1.13189,1.87,1.00
2016.08.15 14:00:09.346,1.13183,1.13186,1.12,1.00
2016.08.15 14:00:09.397,1.13182,1.13186,3.22,1.00
2016.08.15 14:00:09.499,1.13182,1.13186,1.12,1.00
2016.08.15 14:00:09.551,1.13181,1.13186,2.66,1.00
2016.08.15 14:00:09.653,1.13181,1.13186,2.06,1.50
2016.08.15 14:00:09.806,1.13181,1.13186,1.00,1.50
2016.08.15 14:00:09.857,1.1318,1.13186,2.47,1.50
2016.08.15 14:00:09.908,1.13181,1.13186,1.30,1.50
2016.08.15 14:00:09.959,1.1318,1.13186,2.47,1.50
2016.08.15 14:00:10.195,1.1318,1.13188,2.62,4.69
2016.08.15 14:00:10.246,1.1318,1.13186,2.25,1.12
2016.08.15 14:00:10.297,1.1318,1.13186,1.50,1.87
2016.08.15 14:00:10.348,1.1318,1.13186,1.80,1.87
2016.08.15 14:00:10.399,1.1318,1.13186,1.80,1.12
2016.08.15 14:00:10.903,1.1318,1.13186,1.50,1.12
2016.08.15 14:00:10.954,1.1318,1.13186,1.50,1.37
2016.08.15 14:00:11.056,1.1318,1.13186,1.12,1.37
2016.08.15 14:00:11.325,1.13179,1.13186,2.44,1.12
2016.08.15 14:00:11.581,1.1318,1.13186,1.12,1.12
2016.08.15 14:00:11.784,1.13179,1.13186,2.44,1.12
2016.08.15 14:00:11.885,1.13179,1.13187,2.44,2.62
2016.08.15 14:00:11.987,1.13179,1.13187,2.44,3.37
2016.08.15 14:00:12.202,1.13179,1.13187,2.44,2.62
2016.08.15 14:00:12.303,1.1318,1.13187,1.00,2.62
2016.08.15 14:00:12.669,1.13179,1.13187,2.44,3.37
2016.08.15 14:00:12.720,1.13179,1.13187,2.44,3.19
2016.08.15 14:00:12.872,1.1318,1.13187,1.00,3.19
2016.08.15 14:00:12.923,1.1318,1.13186,1.00,1.56
2016.08.15 14:00:13.205,1.1318,1.13186,1.00,2.06
2016.08.15 14:00:13.256,1.13179,1.13186,2.00,2.06
2016.08.15 14:00:13.565,1.13179,1.13186,1.31,2.81
2016.08.15 14:00:13.616,1.1318,1.13186,1.00,2.81
2016.08.15 14:00:13.951,1.13179,1.13186,1.31,2.06
2016.08.15 14:00:14.003,1.13179,1.13186,1.31,1.56
2016.08.15 14:00:14.054,1.1318,1.13186,1.00,1.56
2016.08.15 14:00:14.105,1.1318,1.13186,1.00,2.06
2016.08.15 14:00:14.320,1.1318,1.13186,1.00,1.56
2016.08.15 14:00:15.012,1.13179,1.13187,2.81,1.87
2016.08.15 14:00:15.063,1.1318,1.13187,1.80,1.50
2016.08.15 14:00:15.115,1.1318,1.13188,2.25,2.25
2016.08.15 14:00:15.166,1.1318,1.13188,2.62,2.25
2016.08.15 14:00:15.217,1.13181,1.13188,1.35,1.50
2016.08.15 14:00:15.268,1.1318,1.13188,2.47,2.25
2016.08.15 14:00:15.319,1.1318,1.13188,3.60,2.25
2016.08.15 14:00:15.371,1.1318,1.13188,4.12,1.75
2016.08.15 14:00:15.422,1.13181,1.13189,1.72,4.12
2016.08.15 14:00:15.473,1.13181,1.13189,1.72,3.37
2016.08.15 14:00:15.524,1.13181,1.13189,1.72,4.12
2016.08.15 14:00:15.575,1.13181,1.13189,1.72,3.37
2016.08.15 14:00:15.626,1.13181,1.13188,1.72,1.75
2016.08.15 14:00:15.677,1.13181,1.13188,1.72,2.25
2016.08.15 14:00:16.059,1.13182,1.13188,1.35,1.75
2016.08.15 14:00:17.111,1.13182,1.13188,1.60,1.75
2016.08.15 14:00:17.162,1.13183,1.13187,1.35,1.00
2016.08.15 14:00:17.214,1.13183,1.13188,1.00,1.12
2016.08.15 14:00:17.265,1.13184,1.13188,1.00,1.00
2016.08.15 14:00:17.317,1.13182,1.13189,2.85,1.87
2016.08.15 14:00:17.368,1.13183,1.13189,1.35,1.87
2016.08.15 14:00:17.419,1.13183,1.13189,1.35,1.87
2016.08.15 14:00:17.522,1.13183,1.13189,1.72,1.12
2016.08.15 14:00:17.573,1.13184,1.13191,1.72,2.32
2016.08.15 14:00:17.625,1.13184,1.13191,1.31,1.95
2016.08.15 14:00:17.676,1.13186,1.13192,1.00,2.32
2016.08.15 14:00:17.778,1.13187,1.13192,1.00,2.25
2016.08.15 14:00:18.104,1.13187,1.13194,2.06,1.50
2016.08.15 14:00:18.156,1.13188,1.13194,1.00,1.50
2016.08.15 14:00:18.207,1.13189,1.13195,1.00,2.25
2016.08.15 14:00:18.523,1.13189,1.13195,1.87,1.00
2016.08.15 14:00:18.596,1.13189,1.13196,2.62,1.12
2016.08.15 14:00:18.648,1.13189,1.13196,3.37,1.00
2016.08.15 14:00:18.699,1.1319,1.13196,1.12,1.00
2016.08.15 14:00:18.851,1.1319,1.13196,1.12,1.50
2016.08.15 14:00:19.221,1.1319,1.13196,1.37,1.00
2016.08.15 14:00:19.374,1.13189,1.13196,3.00,1.00
2016.08.15 14:00:19.425,1.1319,1.13195,1.37,1.00
2016.08.15 14:00:19.579,1.1319,1.13194,1.37,1.00
2016.08.15 14:00:19.782,1.1319,1.13194,1.37,1.50
2016.08.15 14:00:20.086,1.1319,1.13194,1.00,3.00
2016.08.15 14:00:20.160,1.13187,1.13192,1.69,1.00
2016.08.15 14:00:20.465,1.1319,1.13194,1.00,1.00
2016.08.15 14:00:20.516,1.1319,1.13197,1.12,1.00
2016.08.15 14:00:20.567,1.1319,1.13196,2.16,1.00
2016.08.15 14:00:20.618,1.1319,1.13196,4.97,1.00
2016.08.15 14:00:20.669,1.13191,1.13196,2.62,1.00
2016.08.15 14:00:20.720,1.13192,1.13196,1.00,1.00
2016.08.15 14:00:20.771,1.13192,1.13197,1.37,1.00
2016.08.15 14:00:21.040,1.13192,1.13196,3.00,1.00
2016.08.15 14:00:21.092,1.13192,1.13196,2.25,1.00
2016.08.15 14:00:21.877,1.13192,1.13196,3.00,1.00
2016.08.15 14:00:22.396,1.13191,1.13196,2.91,1.00
2016.08.15 14:00:22.447,1.13191,1.13196,2.62,1.00
2016.08.15 14:00:22.614,1.13191,1.13196,1.87,1.00
2016.08.15 14:00:22.820,1.13191,1.13196,2.62,1.00
2016.08.15 14:00:22.921,1.13191,1.13196,2.62,1.00
2016.08.15 14:00:23.023,1.13191,1.13196,1.87,1.00
2016.08.15 14:00:23.176,1.13191,1.13196,1.87,1.00
2016.08.15 14:00:23.439,1.13191,1.13196,2.62,1.00
2016.08.15 14:00:23.491,1.13191,1.13196,3.37,1.00
2016.08.15 14:00:23.542,1.13191,1.13196,3.00,1.00
2016.08.15 14:00:23.644,1.13191,1.13195,2.25,1.00
2016.08.15 14:00:23.850,1.13191,1.13195,2.62,1.00
2016.08.15 14:00:24.209,1.13191,1.13196,1.50,1.00
2016.08.15 14:00:24.260,1.13191,1.13196,1.87,1.00
2016.08.15 14:00:24.312,1.13191,1.13196,3.00,1.00
2016.08.15 14:00:24.559,1.13191,1.13196,2.62,1.00
2016.08.15 14:00:24.813,1.13191,1.13196,3.37,1.00
2016.08.15 14:00:24.938,1.13191,1.13196,2.62,1.00
2016.08.15 14:00:25.040,1.13191,1.13196,1.87,1.00
2016.08.15 14:00:25.244,1.13191,1.13197,2.25,1.00
2016.08.15 14:00:25.346,1.13191,1.13197,1.50,1.00
2016.08.15 14:00:25.699,1.13191,1.13197,3.37,1.00
2016.08.15 14:00:25.946,1.13192,1.13197,1.12,1.00
2016.08.15 14:00:26.251,1.13191,1.13197,4.12,1.00
2016.08.15 14:00:26.353,1.13192,1.13197,1.00,1.00
2016.08.15 14:00:26.607,1.13193,1.13196,1.50,1.00
2016.08.15 14:00:26.850,1.13194,1.13197,2.25,1.00
2016.08.15 14:00:26.901,1.13194,1.132,1.04,1.00
2016.08.15 14:00:26.953,1.13194,1.132,2.16,1.00
2016.08.15 14:00:27.004,1.13194,1.13201,3.66,1.20
2016.08.15 14:00:27.055,1.13194,1.132,3.37,1.00
2016.08.15 14:00:27.106,1.13194,1.132,3.37,1.50
2016.08.15 14:00:27.157,1.13195,1.132,1.04,1.50
2016.08.15 14:00:27.208,1.13195,1.132,1.04,1.00
2016.08.15 14:00:27.259,1.13196,1.13201,1.00,1.65
2016.08.15 14:00:27.311,1.13196,1.13201,1.00,1.20
2016.08.15 14:00:27.362,1.13195,1.13201,3.66,1.57
2016.08.15 14:00:27.433,1.13195,1.132,1.41,1.50
2016.08.15 14:00:27.484,1.13195,1.132,1.87,1.00
2016.08.15 14:00:27.753,1.13194,1.13201,4.11,1.00
2016.08.15 14:00:27.863,1.13194,1.132,3.36,1.00
2016.08.15 14:00:27.914,1.13194,1.132,3.36,1.50
2016.08.15 14:00:27.965,1.13194,1.132,5.61,1.00
2016.08.15 14:00:28.016,1.13196,1.13202,1.00,1.50
2016.08.15 14:00:28.068,1.13196,1.13202,1.50,1.50
2016.08.15 14:00:28.170,1.13196,1.13201,1.50,1.00
2016.08.15 14:00:28.222,1.13196,1.13201,1.37,1.00
2016.08.15 14:00:28.274,1.13195,1.13201,4.12,1.50
2016.08.15 14:00:28.325,1.13195,1.13201,4.12,2.25
2016.08.15 14:00:28.376,1.13195,1.13201,3.00,2.25
2016.08.15 14:00:28.427,1.13195,1.132,1.57,1.00
2016.08.15 14:00:28.971,1.13197,1.13201,1.04,1.00
2016.08.15 14:00:29.026,1.13198,1.13202,1.00,1.50
2016.08.15 14:00:29.653,1.13198,1.13202,1.00,1.00
2016.08.15 14:00:29.705,1.13197,1.13202,2.54,1.00
2016.08.15 14:00:29.808,1.13197,1.13202,3.66,1.00
2016.08.15 14:00:30.105,1.13197,1.13202,2.91,1.00
2016.08.15 14:00:30.157,1.132,1.13202,1.00,1.00
2016.08.15 14:00:30.208,1.13198,1.13202,1.27,1.00
2016.08.15 14:00:30.260,1.13198,1.13202,1.65,1.00
2016.08.15 14:00:30.312,1.13199,1.13202,1.27,1.00
2016.08.15 14:00:30.568,1.13199,1.13202,2.02,1.00
2016.08.15 14:00:30.619,1.13199,1.13202,1.27,1.00
2016.08.15 14:00:30.721,1.13199,1.13202,1.27,1.50
2016.08.15 14:00:30.773,1.13197,1.13199,1.00,1.00
2016.08.15 14:00:30.875,1.13195,1.13198,2.62,1.00
2016.08.15 14:00:31.143,1.13193,1.13194,3.29,1.00
2016.08.15 14:00:31.197,1.1319,1.13194,1.00,1.00
2016.08.15 14:00:31.248,1.13189,1.13194,1.12,1.00
2016.08.15 14:00:31.871,1.13189,1.13193,1.12,1.00
2016.08.15 14:00:31.973,1.13189,1.13193,1.50,1.00
2016.08.15 14:00:32.623,1.13189,1.13194,1.12,1.87
2016.08.15 14:00:32.675,1.13188,1.13194,3.00,2.16
2016.08.15 14:00:32.726,1.13188,1.13194,1.12,2.16
2016.08.15 14:00:32.777,1.13188,1.13194,1.12,1.79
2016.08.15 14:00:32.902,1.13188,1.13194,1.12,1.86
2016.08.15 14:00:32.953,1.13188,1.13194,1.00,2.31
2016.08.15 14:00:33.054,1.13188,1.13194,1.00,4.56
2016.08.15 14:00:33.106,1.13186,1.13192,2.85,1.04
2016.08.15 14:00:33.157,1.13186,1.13192,1.87,1.79
2016.08.15 14:00:33.429,1.13181,1.13184,1.50,3.38
2016.08.15 14:00:33.482,1.13179,1.13184,1.37,3.38
2016.08.15 14:00:33.533,1.13176,1.13181,2.47,1.00
2016.08.15 14:00:33.584,1.13176,1.13181,1.87,3.00
2016.08.15 14:00:33.635,1.13177,1.13181,1.87,2.25
2016.08.15 14:00:33.687,1.13177,1.13183,1.87,1.57
2016.08.15 14:00:33.738,1.13177,1.13184,1.87,3.75
2016.08.15 14:00:33.789,1.13178,1.13183,1.00,1.20
2016.08.15 14:00:33.891,1.13178,1.13183,1.12,1.10
2016.08.15 14:00:33.942,1.13177,1.13184,2.62,2.32
2016.08.15 14:00:34.228,1.13177,1.13184,3.75,2.25
2016.08.15 14:00:34.330,1.13177,1.13184,4.35,2.25
2016.08.15 14:00:35.079,1.13177,1.13184,4.35,3.00
2016.08.15 14:00:35.181,1.13177,1.13184,3.75,1.00
2016.08.15 14:00:35.232,1.13177,1.13184,3.00,1.00
2016.08.15 14:00:35.527,1.13178,1.13184,1.00,3.00
2016.08.15 14:00:35.578,1.13178,1.13184,1.00,1.00
2016.08.15 14:00:35.832,1.13178,1.13185,1.00,3.94
2016.08.15 14:00:35.935,1.13178,1.13185,1.00,3.19
2016.08.15 14:00:36.137,1.13178,1.13185,1.00,3.75
2016.08.15 14:00:36.239,1.13178,1.13185,1.00,3.00
2016.08.15 14:00:37.067,1.13178,1.13185,1.00,1.00
2016.08.15 14:00:37.122,1.13178,1.13185,1.00,1.50
2016.08.15 14:00:37.224,1.13178,1.13185,1.00,1.00
2016.08.15 14:00:37.275,1.13178,1.13185,2.25,1.00
2016.08.15 14:00:37.327,1.13178,1.13185,2.25,1.50
2016.08.15 14:00:37.531,1.13179,1.13185,1.37,1.00
2016.08.15 14:00:37.583,1.13179,1.13185,1.75,1.00
2016.08.15 14:00:37.635,1.13178,1.13185,2.25,2.25
2016.08.15 14:00:37.737,1.13178,1.13185,2.25,1.50
2016.08.15 14:00:37.788,1.13178,1.13184,2.25,1.00
2016.08.15 14:00:37.903,1.13178,1.13183,1.75,1.00
2016.08.15 14:00:38.184,1.13178,1.13183,1.12,1.00
2016.08.15 14:00:38.578,1.13178,1.13185,2.47,3.00
2016.08.15 14:00:38.629,1.13181,1.13185,1.12,1.00
2016.08.15 14:00:38.680,1.13182,1.13187,1.00,1.20
2016.08.15 14:00:38.731,1.13181,1.13187,1.12,1.10
2016.08.15 14:00:38.804,1.13182,1.13187,1.00,1.00
2016.08.15 14:00:38.855,1.13181,1.13188,1.87,1.87
2016.08.15 14:00:38.907,1.13181,1.13188,1.87,1.50
2016.08.15 14:00:38.958,1.13181,1.13188,3.00,1.50
2016.08.15 14:00:39.222,1.13183,1.13188,1.12,1.50
2016.08.15 14:00:39.273,1.13183,1.13188,1.87,1.00
2016.08.15 14:00:39.325,1.13183,1.13188,1.00,1.00
2016.08.15 14:00:39.377,1.13182,1.13188,2.25,1.00
2016.08.15 14:00:39.428,1.13182,1.13188,3.37,1.00
2016.08.15 14:00:39.479,1.13183,1.13188,1.50,1.00
2016.08.15 14:00:39.530,1.13184,1.13188,1.00,1.00
2016.08.15 14:00:39.684,1.13184,1.13188,1.50,1.00
2016.08.15 14:00:40.360,1.13184,1.13188,2.25,1.00
2016.08.15 14:00:40.937,1.13185,1.13188,1.00,1.00
2016.08.15 14:00:40.988,1.13185,1.1319,1.50,1.50
2016.08.15 14:00:41.090,1.13186,1.1319,1.50,1.00
2016.08.15 14:00:41.140,1.13185,1.1319,2.25,1.50
2016.08.15 14:00:41.191,1.13186,1.1319,1.50,1.00
2016.08.15 14:00:41.242,1.13186,1.13191,1.50,1.50
2016.08.15 14:00:41.293,1.13185,1.13191,1.75,2.25
2016.08.15 14:00:41.446,1.13186,1.1319,1.50,1.00
2016.08.15 14:00:41.497,1.13185,1.1319,1.75,1.50
2016.08.15 14:00:41.599,1.13184,1.1319,1.87,1.50
2016.08.15 14:00:41.650,1.13184,1.1319,1.87,1.00
2016.08.15 14:00:41.701,1.13185,1.1319,1.75,1.50
2016.08.15 14:00:42.541,1.13185,1.1319,1.75,1.00
2016.08.15 14:00:42.643,1.13184,1.13191,1.12,1.50
2016.08.15 14:00:42.744,1.13184,1.1319,2.25,1.00
2016.08.15 14:00:42.846,1.13184,1.1319,1.87,1.00
2016.08.15 14:00:43.102,1.13183,1.1319,3.00,1.00
2016.08.15 14:00:43.153,1.13182,1.13189,1.87,1.95
2016.08.15 14:00:43.204,1.13183,1.13189,1.75,1.00
2016.08.15 14:00:43.255,1.13183,1.13189,2.25,1.00
2016.08.15 14:00:43.357,1.13184,1.1319,1.50,1.65
2016.08.15 14:00:43.458,1.13184,1.1319,1.50,1.10
2016.08.15 14:00:43.509,1.13184,1.1319,1.50,1.00
2016.08.15 14:00:43.560,1.13185,1.1319,1.12,1.00
2016.08.15 14:00:43.671,1.13185,1.1319,1.12,1.50
2016.08.15 14:00:43.722,1.13185,1.1319,1.00,1.50
2016.08.15 14:00:44.318,1.13185,1.1319,1.12,1.00
2016.08.15 14:00:44.369,1.13185,1.1319,1.50,1.50
2016.08.15 14:00:44.471,1.13185,1.1319,1.50,1.00
2016.08.15 14:00:44.573,1.13185,1.1319,1.50,1.50
2016.08.15 14:00:44.624,1.13185,1.1319,1.50,1.00
2016.08.15 14:00:44.675,1.13185,1.13192,3.00,1.95
2016.08.15 14:00:44.879,1.13185,1.13189,2.25,1.00
2016.08.15 14:00:44.981,1.13185,1.13189,1.50,1.00
2016.08.15 14:00:45.085,1.13185,1.13189,1.50,1.50
2016.08.15 14:00:45.136,1.13185,1.13189,1.50,1.00
2016.08.15 14:00:45.187,1.13185,1.13188,1.00,1.00
2016.08.15 14:00:45.239,1.13184,1.1319,1.75,3.75
2016.08.15 14:00:45.543,1.13183,1.1319,4.12,2.62
2016.08.15 14:00:45.622,1.13183,1.13188,4.12,1.00
2016.08.15 14:00:45.844,1.13183,1.13188,3.00,1.00
2016.08.15 14:00:45.996,1.13183,1.13188,3.37,1.00
2016.08.15 14:00:46.155,1.13183,1.13188,3.75,1.00
2016.08.15 14:00:46.376,1.13183,1.13188,4.50,1.00
2016.08.15 14:00:46.427,1.13183,1.13188,4.12,1.00
2016.08.15 14:00:46.478,1.13183,1.13188,3.75,1.00
2016.08.15 14:00:46.807,1.13183,1.13185,1.50,1.00
2016.08.15 14:00:46.864,1.13181,1.13185,1.12,2.25
2016.08.15 14:00:46.923,1.1318,1.13185,3.45,1.50
2016.08.15 14:00:46.974,1.13181,1.13185,1.75,1.00
2016.08.15 14:00:47.076,1.13181,1.13186,2.25,1.00
2016.08.15 14:00:47.127,1.13182,1.13187,1.75,1.00
2016.08.15 14:00:47.179,1.13182,1.13187,1.50,1.00
2016.08.15 14:00:47.230,1.13182,1.13188,2.25,1.00
2016.08.15 14:00:47.281,1.13182,1.13188,3.00,1.00
2016.08.15 14:00:47.332,1.13182,1.13187,2.62,1.00
2016.08.15 14:00:47.616,1.13185,1.13188,2.25,1.00
2016.08.15 14:00:47.689,1.13186,1.13191,1.00,1.00
2016.08.15 14:00:47.926,1.13186,1.13191,1.50,1.00
2016.08.15 14:00:48.006,1.13186,1.13194,3.75,1.00
2016.08.15 14:00:48.108,1.13187,1.13194,1.12,1.00
2016.08.15 14:00:48.313,1.13187,1.13194,2.25,1.00
2016.08.15 14:00:48.605,1.13188,1.13191,1.50,1.00
2016.08.15 14:00:48.656,1.13187,1.13191,5.62,1.00
2016.08.15 14:00:48.708,1.13187,1.1319,5.25,1.00
2016.08.15 14:00:48.759,1.13188,1.1319,1.50,1.00
2016.08.15 14:00:49.280,1.13188,1.13191,1.50,1.50
2016.08.15 14:00:49.745,1.13188,1.13191,1.50,1.00
2016.08.15 14:00:49.903,1.13188,1.13193,1.50,1.00
2016.08.15 14:00:50.360,1.13187,1.13193,3.75,1.00
2016.08.15 14:00:50.462,1.13188,1.13193,1.87,1.00
2016.08.15 14:00:50.564,1.13188,1.13193,2.25,1.00
2016.08.15 14:00:50.883,1.13188,1.13193,1.37,1.00
2016.08.15 14:00:50.934,1.13188,1.13193,1.00,1.00
2016.08.15 14:00:50.985,1.13187,1.13193,4.87,1.00
2016.08.15 14:00:51.161,1.13187,1.13193,3.75,1.00
2016.08.15 14:00:51.212,1.13187,1.13193,3.00,1.00
2016.08.15 14:00:51.263,1.13188,1.13191,1.50,1.00
2016.08.15 14:00:51.724,1.13188,1.13193,1.50,1.00
2016.08.15 14:00:51.775,1.13189,1.13193,1.00,1.00
2016.08.15 14:00:52.491,1.13189,1.13195,1.00,1.57
2016.08.15 14:00:52.542,1.13189,1.13195,1.37,1.50
2016.08.15 14:00:52.593,1.13189,1.13195,1.75,1.50
2016.08.15 14:00:52.644,1.1319,1.13195,2.62,1.00
2016.08.15 14:00:52.695,1.13192,1.13195,1.00,1.00
2016.08.15 14:00:52.746,1.13192,1.13195,1.37,1.00
2016.08.15 14:00:52.797,1.13194,1.13195,1.00,1.00
2016.08.15 14:00:52.856,1.13194,1.13195,1.12,1.00
2016.08.15 14:00:52.907,1.13194,1.13196,1.12,1.00
2016.08.15 14:00:53.175,1.13194,1.13196,1.00,1.00
2016.08.15 14:00:53.226,1.13194,1.13195,1.00,1.00
2016.08.15 14:00:53.277,1.13192,1.13194,1.87,1.00
2016.08.15 14:00:53.329,1.13192,1.13196,1.87,1.50
2016.08.15 14:00:53.380,1.13192,1.13195,1.87,1.00
2016.08.15 14:00:53.577,1.13192,1.13196,1.87,1.50
2016.08.15 14:00:53.882,1.13192,1.13195,1.87,1.00
2016.08.15 14:00:54.211,1.13189,1.13192,4.20,1.00
2016.08.15 14:00:54.262,1.13189,1.13191,2.70,1.00
2016.08.15 14:00:54.314,1.13187,1.1319,3.56,1.00
2016.08.15 14:00:54.366,1.13188,1.1319,1.00,1.00
2016.08.15 14:00:54.468,1.13187,1.1319,2.25,1.00
2016.08.15 14:00:54.519,1.13187,1.1319,2.25,1.50
2016.08.15 14:00:54.570,1.13187,1.1319,1.87,1.50
2016.08.15 14:00:54.621,1.13187,1.1319,1.87,1.00
2016.08.15 14:00:54.680,1.13187,1.1319,1.87,1.50
2016.08.15 14:00:54.874,1.13187,1.1319,2.62,1.50
2016.08.15 14:00:55.181,1.13187,1.1319,2.25,1.00
2016.08.15 14:00:55.687,1.13187,1.13191,2.25,1.00
2016.08.15 14:00:56.144,1.13189,1.13193,1.65,1.10
2016.08.15 14:00:56.195,1.13189,1.13193,2.02,1.00
2016.08.15 14:00:56.246,1.13189,1.13193,2.40,1.00
2016.08.15 14:00:56.549,1.13189,1.13193,2.02,1.00
2016.08.15 14:00:56.600,1.13189,1.13193,1.65,1.00
2016.08.15 14:00:56.871,1.13189,1.13193,2.40,1.00
2016.08.15 14:00:56.990,1.13189,1.13193,1.65,1.00
2016.08.15 14:00:57.430,1.1319,1.13195,1.50,1.00
2016.08.15 14:00:57.486,1.1319,1.13195,2.25,1.00
2016.08.15 14:00:57.537,1.1319,1.13195,2.25,1.50
2016.08.15 14:00:57.588,1.1319,1.13194,2.25,1.00
2016.08.15 14:00:57.639,1.1319,1.13194,2.40,1.00
2016.08.15 14:00:57.923,1.1319,1.13194,2.02,1.00
2016.08.15 14:00:57.973,1.1319,1.13194,2.31,1.00
2016.08.15 14:00:58.075,1.1319,1.13194,1.19,1.00
2016.08.15 14:00:58.239,1.1319,1.13194,2.31,1.00
2016.08.15 14:00:58.289,1.1319,1.13194,2.77,1.00
2016.08.15 14:00:58.587,1.1319,1.13194,2.40,1.00
2016.08.15 14:00:58.637,1.1319,1.13194,3.15,1.00
2016.08.15 14:00:58.910,1.13192,1.13194,1.50,1.00
2016.08.15 14:00:59.012,1.13192,1.13195,1.12,1.50
2016.08.15 14:00:59.063,1.13192,1.13195,1.12,1.00
2016.08.15 14:00:59.215,1.13192,1.13195,1.50,1.00
2016.08.15 14:00:59.369,1.13192,1.13195,1.12,1.00
2016.08.15 14:00:59.420,1.13192,1.13196,1.12,1.50
2016.08.15 14:00:59.624,1.13192,1.13195,1.12,1.00
2016.08.15 14:00:59.675,1.13192,1.13195,2.25,1.00
2016.08.15 14:00:59.726,1.13192,1.13196,2.25,1.50
2016.08.15 14:01:00.267,1.13192,1.13196,3.00,1.00
2016.08.15 14:01:00.318,1.13192,1.13197,3.00,1.00
2016.08.15 14:01:00.515,1.13192,1.13197,2.25,1.00
2016.08.15 14:01:00.719,1.13192,1.13195,2.25,1.00
2016.08.15 14:01:01.325,1.13192,1.13195,1.87,1.00
2016.08.15 14:01:01.428,1.13192,1.13194,1.87,1.00
2016.08.15 14:01:01.480,1.1319,1.13192,2.62,1.00
2016.08.15 14:01:01.532,1.1319,1.13192,1.87,1.00
2016.08.15 14:01:01.584,1.1319,1.13191,1.00,1.00
2016.08.15 14:01:01.635,1.13188,1.13193,1.50,1.00
2016.08.15 14:01:01.686,1.13188,1.13193,1.87,1.00
2016.08.15 14:01:01.738,1.13188,1.13193,2.62,1.00
2016.08.15 14:01:01.840,1.13188,1.13192,1.87,1.00
2016.08.15 14:01:02.181,1.13186,1.13191,4.50,1.00
2016.08.15 14:01:02.235,1.13186,1.1319,3.75,1.00
2016.08.15 14:01:02.287,1.13186,1.13189,3.00,1.00
2016.08.15 14:01:02.451,1.13186,1.1319,3.00,1.50
2016.08.15 14:01:02.502,1.13187,1.1319,1.50,1.50
2016.08.15 14:01:02.554,1.13187,1.1319,2.62,1.00
2016.08.15 14:01:02.656,1.13187,1.1319,2.25,1.00
2016.08.15 14:01:02.707,1.13187,1.13191,2.25,1.50
2016.08.15 14:01:02.758,1.13189,1.1319,1.00,1.00
2016.08.15 14:01:03.089,1.13187,1.1319,2.62,1.00
2016.08.15 14:01:03.191,1.13186,1.13189,2.25,1.00
2016.08.15 14:01:03.242,1.13186,1.13188,2.25,1.00
2016.08.15 14:01:03.294,1.13187,1.13189,1.87,1.00
2016.08.15 14:01:03.346,1.13187,1.13188,1.50,1.00
2016.08.15 14:01:03.499,1.13187,1.13188,1.12,1.00
2016.08.15 14:01:03.551,1.13183,1.13185,2.62,1.00
2016.08.15 14:01:03.602,1.13182,1.13184,1.50,1.00
2016.08.15 14:01:04.235,1.13177,1.1318,1.12,1.50
2016.08.15 14:01:04.288,1.13177,1.1318,1.12,1.00
2016.08.15 14:01:04.339,1.13177,1.13183,1.12,1.87
2016.08.15 14:01:04.390,1.13177,1.1318,1.12,1.00
2016.08.15 14:01:04.441,1.13177,1.1318,1.12,1.50
2016.08.15 14:01:04.559,1.13177,1.1318,1.12,1.00
2016.08.15 14:01:04.714,1.13175,1.13178,3.45,1.00
2016.08.15 14:01:04.975,1.13175,1.13177,1.37,1.50
2016.08.15 14:01:05.027,1.13173,1.13175,1.00,1.00
2016.08.15 14:01:05.078,1.13173,1.13177,1.00,1.00
2016.08.15 14:01:05.179,1.13172,1.13177,1.87,1.00
2016.08.15 14:01:05.536,1.13172,1.13176,1.95,1.00
2016.08.15 14:01:05.689,1.13172,1.13176,2.24,1.00
2016.08.15 14:01:05.991,1.13172,1.13177,3.17,1.00
2016.08.15 14:01:06.043,1.13173,1.13177,1.00,1.00
2016.08.15 14:01:06.450,1.13173,1.13178,2.25,1.00
2016.08.15 14:01:06.603,1.13175,1.13179,1.00,1.12
2016.08.15 14:01:06.706,1.13174,1.13179,1.87,1.12
2016.08.15 14:01:07.247,1.13175,1.1318,2.40,2.25
2016.08.15 14:01:07.299,1.13176,1.13178,1.00,1.00
2016.08.15 14:01:07.353,1.13175,1.13179,1.37,1.00
2016.08.15 14:01:07.406,1.13175,1.13179,1.00,1.00
2016.08.15 14:01:07.458,1.13173,1.1318,4.87,1.50
2016.08.15 14:01:07.527,1.13174,1.1318,1.12,1.00
2016.08.15 14:01:07.578,1.13175,1.1318,1.00,1.00
2016.08.15 14:01:07.680,1.13174,1.1318,1.87,1.50
2016.08.15 14:01:07.740,1.13174,1.1318,1.87,1.00
2016.08.15 14:01:08.056,1.13174,1.1318,1.12,1.00
2016.08.15 14:01:08.107,1.13174,1.1318,1.12,1.50
2016.08.15 14:01:08.264,1.13174,1.1318,1.87,1.00
2016.08.15 14:01:08.442,1.13174,1.1318,1.87,1.50
2016.08.15 14:01:08.598,1.13174,1.1318,2.62,1.50
2016.08.15 14:01:08.650,1.13174,1.1318,2.62,1.00
2016.08.15 14:01:08.752,1.13174,1.1318,3.37,1.00
2016.08.15 14:01:08.873,1.13176,1.1318,1.00,1.00
2016.08.15 14:01:08.924,1.13174,1.13179,3.37,1.00
2016.08.15 14:01:09.026,1.13176,1.1318,1.00,1.00
2016.08.15 14:01:09.077,1.13175,1.1318,1.00,1.00
2016.08.15 14:01:09.372,1.13178,1.13183,1.15,1.87
2016.08.15 14:01:09.423,1.13179,1.13183,1.15,1.12
2016.08.15 14:01:09.475,1.1318,1.13183,1.00,1.00
2016.08.15 14:01:09.577,1.1318,1.13183,1.50,1.00
2016.08.15 14:01:09.680,1.1318,1.13183,1.65,1.00
2016.08.15 14:01:09.731,1.1318,1.13183,2.40,1.00
2016.08.15 14:01:09.792,1.1318,1.13183,1.87,1.00
2016.08.15 14:01:09.844,1.1318,1.13185,2.62,1.00
2016.08.15 14:01:09.946,1.1318,1.13185,3.37,1.00
2016.08.15 14:01:10.048,1.13181,1.13186,1.00,1.50
2016.08.15 14:01:10.100,1.13181,1.13186,1.50,1.50
2016.08.15 14:01:10.430,1.13181,1.13185,1.50,1.00
2016.08.15 14:01:10.481,1.13181,1.13185,2.25,1.00
2016.08.15 14:01:10.557,1.13181,1.13186,2.25,1.50
2016.08.15 14:01:10.804,1.13181,1.13185,2.25,1.00
2016.08.15 14:01:11.281,1.13181,1.13186,2.25,1.50
2016.08.15 14:01:11.332,1.13183,1.13186,1.00,1.00
2016.08.15 14:01:11.434,1.13183,1.13185,1.00,1.00
2016.08.15 14:01:11.719,1.13185,1.13189,1.00,1.00
2016.08.15 14:01:12.983,1.13184,1.13189,3.00,1.00
2016.08.15 14:01:13.059,1.13184,1.13189,2.25,1.00
2016.08.15 14:01:13.558,1.13184,1.13189,3.00,1.00
2016.08.15 14:01:13.610,1.13185,1.13189,1.00,1.00
2016.08.15 14:01:15.144,1.13186,1.13189,1.00,1.00
2016.08.15 14:01:16.110,1.13185,1.13189,1.00,1.00
2016.08.15 14:01:16.214,1.13185,1.1319,1.00,1.00
2016.08.15 14:01:16.265,1.13185,1.1319,1.87,1.00
2016.08.15 14:01:16.794,1.13185,1.1319,2.62,1.00
2016.08.15 14:01:16.896,1.13185,1.13191,2.62,1.50
2016.08.15 14:01:16.998,1.13185,1.1319,1.50,1.00
2016.08.15 14:01:17.524,1.13185,1.13191,1.50,1.50
2016.08.15 14:01:17.594,1.13185,1.13188,1.50,1.00
2016.08.15 14:01:17.645,1.13184,1.13188,2.62,1.00
2016.08.15 14:01:17.696,1.13184,1.13188,1.00,1.00
2016.08.15 14:01:17.899,1.13182,1.13188,1.50,1.00
2016.08.15 14:01:17.950,1.13182,1.13188,1.50,1.50
2016.08.15 14:01:18.001,1.13182,1.13188,1.00,1.50
2016.08.15 14:01:18.702,1.13182,1.13188,1.50,1.50
2016.08.15 14:01:18.804,1.13182,1.13188,1.00,1.50
2016.08.15 14:01:18.906,1.13182,1.13188,1.50,1.50
2016.08.15 14:01:19.417,1.13182,1.13188,1.00,1.50
2016.08.15 14:01:19.493,1.1318,1.13181,1.00,1.50
2016.08.15 14:01:19.544,1.13177,1.13181,4.12,1.50
2016.08.15 14:01:19.595,1.13177,1.13181,1.50,1.00
2016.08.15 14:01:19.855,1.13177,1.1318,1.00,1.00
2016.08.15 14:01:19.906,1.13176,1.1318,1.00,1.00
2016.08.15 14:01:20.313,1.13174,1.1318,3.22,1.50
2016.08.15 14:01:20.364,1.13174,1.1318,2.10,1.50
2016.08.15 14:01:20.618,1.13174,1.13178,2.10,1.00
2016.08.15 14:01:20.988,1.13174,1.13178,1.60,1.00
2016.08.15 14:01:21.091,1.13174,1.13178,1.00,1.00
2016.08.15 14:01:21.142,1.13174,1.1318,1.00,1.50
2016.08.15 14:01:21.294,1.13176,1.1318,1.00,1.50
2016.08.15 14:01:21.397,1.13175,1.1318,1.00,1.50
2016.08.15 14:01:21.499,1.13175,1.1318,1.00,1.00
2016.08.15 14:01:21.601,1.13175,1.1318,1.00,1.50
2016.08.15 14:01:21.703,1.13174,1.13178,1.50,1.00
2016.08.15 14:01:22.033,1.13174,1.1318,1.50,1.50
2016.08.15 14:01:22.135,1.13175,1.1318,1.00,1.50
2016.08.15 14:01:22.186,1.13175,1.1318,1.50,1.50
2016.08.15 14:01:22.287,1.13175,1.1318,1.50,1.00
2016.08.15 14:01:22.440,1.13175,1.13179,1.00,1.00
2016.08.15 14:01:23.249,1.13176,1.1318,2.25,1.00
2016.08.15 14:01:23.301,1.13176,1.13181,2.25,1.50
2016.08.15 14:01:23.403,1.13177,1.13181,1.00,1.00
2016.08.15 14:01:23.505,1.13177,1.13181,1.50,1.00
2016.08.15 14:01:23.661,1.13177,1.13183,2.25,1.00
2016.08.15 14:01:23.713,1.13177,1.13181,1.50,1.00
2016.08.15 14:01:23.816,1.13177,1.13181,1.00,1.50
2016.08.15 14:01:24.063,1.13179,1.13181,1.00,1.00
2016.08.15 14:01:24.114,1.1318,1.13181,1.00,1.00
2016.08.15 14:01:24.216,1.13179,1.1318,1.00,1.50
2016.08.15 14:01:24.420,1.13179,1.1318,1.00,1.00
2016.08.15 14:01:24.522,1.13178,1.1318,1.00,1.50
2016.08.15 14:01:24.573,1.13176,1.1318,1.12,1.50
2016.08.15 14:01:24.624,1.13176,1.1318,1.12,1.00
2016.08.15 14:01:24.777,1.13178,1.1318,1.00,1.00
2016.08.15 14:01:24.828,1.13178,1.1318,1.00,1.50
2016.08.15 14:01:25.121,1.13178,1.13181,1.00,1.00
2016.08.15 14:01:25.172,1.13178,1.13183,1.00,1.00
2016.08.15 14:01:25.223,1.13178,1.13181,1.00,1.00
2016.08.15 14:01:25.376,1.13177,1.1318,1.00,1.00
2016.08.15 14:01:25.427,1.13175,1.13177,1.12,1.00
2016.08.15 14:01:25.529,1.13173,1.13176,1.20,1.00
2016.08.15 14:01:25.580,1.13173,1.13176,1.00,1.00
2016.08.15 14:01:25.682,1.13171,1.13175,1.00,1.00
2016.08.15 14:01:25.733,1.13171,1.13175,1.00,1.50
2016.08.15 14:01:26.035,1.13171,1.13175,1.00,1.00
2016.08.15 14:01:26.418,1.13172,1.13175,1.00,1.50
2016.08.15 14:01:26.469,1.13172,1.13175,1.00,1.00
2016.08.15 14:01:26.893,1.13172,1.13175,1.50,1.00
2016.08.15 14:01:27.720,1.13172,1.13176,1.50,1.00
2016.08.15 14:01:28.406,1.13172,1.13175,1.50,1.00
2016.08.15 14:01:28.825,1.13172,1.13177,2.25,1.00
2016.08.15 14:01:29.029,1.13172,1.13177,2.62,1.00
2016.08.15 14:01:29.182,1.13173,1.13177,1.00,1.00
2016.08.15 14:01:29.233,1.13173,1.13177,1.50,1.00
2016.08.15 14:01:29.335,1.13174,1.13177,1.00,1.00
2016.08.15 14:01:29.779,1.13176,1.1318,1.00,2.25
2016.08.15 14:01:29.830,1.13179,1.1318,1.00,1.50
2016.08.15 14:01:29.881,1.13179,1.13181,1.00,1.00
2016.08.15 14:01:29.932,1.1318,1.13184,1.00,1.57
2016.08.15 14:01:29.984,1.13182,1.13184,1.00,1.00
2016.08.15 14:01:30.035,1.13182,1.13186,1.00,1.69
2016.08.15 14:01:30.137,1.13182,1.13185,1.00,1.00
2016.08.15 14:01:30.188,1.1318,1.13185,2.40,1.00
2016.08.15 14:01:30.239,1.13181,1.13185,1.00,1.00
2016.08.15 14:01:30.341,1.13182,1.13187,1.00,1.00
2016.08.15 14:01:30.872,1.13182,1.13187,3.37,1.00
2016.08.15 14:01:30.924,1.13183,1.13188,1.50,1.00
2016.08.15 14:01:30.978,1.13183,1.1319,1.50,1.12
2016.08.15 14:01:31.031,1.13183,1.1319,2.25,1.87
2016.08.15 14:01:31.133,1.13183,1.1319,1.50,1.00
2016.08.15 14:01:31.184,1.13183,1.1319,2.62,1.00
2016.08.15 14:01:31.235,1.13183,1.1319,1.87,1.50
2016.08.15 14:01:31.286,1.13183,1.1319,2.62,1.50
2016.08.15 14:01:31.388,1.13184,1.13187,1.00,1.00
2016.08.15 14:01:31.491,1.13182,1.13185,1.12,1.00
2016.08.15 14:01:31.542,1.13182,1.13185,1.00,1.50
2016.08.15 14:01:32.138,1.13182,1.13186,1.00,1.50
2016.08.15 14:01:32.240,1.13183,1.13188,1.12,1.00
2016.08.15 14:01:32.291,1.13186,1.13188,1.00,1.00
2016.08.15 14:01:32.343,1.13186,1.13189,1.00,1.12
2016.08.15 14:01:32.394,1.13186,1.13191,1.00,1.75
2016.08.15 14:01:32.446,1.13186,1.1319,1.00,1.37
2016.08.15 14:01:32.729,1.13186,1.1319,1.00,1.87
2016.08.15 14:01:32.806,1.13185,1.13189,1.12,1.00
2016.08.15 14:01:32.909,1.13185,1.1319,1.87,1.50
2016.08.15 14:01:33.011,1.13185,1.1319,2.62,1.50
2016.08.15 14:01:33.113,1.13185,1.1319,2.62,1.00
2016.08.15 14:01:33.215,1.13185,1.1319,3.37,1.00
2016.08.15 14:01:33.318,1.13186,1.13191,1.00,1.00
2016.08.15 14:01:33.843,1.13187,1.13191,1.00,1.00
2016.08.15 14:01:34.127,1.13187,1.1319,1.00,1.00
2016.08.15 14:01:34.528,1.13186,1.1319,1.00,1.50
2016.08.15 14:01:34.579,1.13186,1.13191,1.50,1.00
2016.08.15 14:01:34.851,1.13188,1.13192,1.27,1.00
2016.08.15 14:01:34.902,1.13188,1.13193,2.02,1.00
2016.08.15 14:01:34.953,1.13188,1.13192,1.27,1.00
2016.08.15 14:01:35.258,1.13188,1.13192,2.02,1.00
2016.08.15 14:01:35.309,1.13188,1.13194,2.77,1.00
2016.08.15 14:01:35.411,1.13188,1.13194,2.62,1.00
2016.08.15 14:01:36.122,1.13191,1.13194,1.12,1.00
2016.08.15 14:01:36.277,1.13191,1.13195,1.12,1.50
2016.08.15 14:01:36.328,1.13194,1.13195,2.81,1.00
2016.08.15 14:01:36.430,1.13197,1.13201,1.00,3.00
2016.08.15 14:01:36.481,1.13197,1.13201,1.50,1.50
2016.08.15 14:01:36.532,1.13197,1.13202,2.25,1.12
2016.08.15 14:01:36.583,1.13197,1.13201,1.20,1.00
2016.08.15 14:01:36.686,1.13198,1.132,1.12,1.00
2016.08.15 14:01:36.737,1.13198,1.13201,1.12,1.50
2016.08.15 14:01:36.983,1.13198,1.132,1.12,1.00
2016.08.15 14:01:37.034,1.13195,1.132,1.12,1.50
2016.08.15 14:01:37.085,1.13194,1.132,2.91,1.50
2016.08.15 14:01:37.136,1.13194,1.13199,2.91,1.00
2016.08.15 14:01:37.187,1.13195,1.13199,1.12,1.00
2016.08.15 14:01:37.340,1.13195,1.13199,1.50,1.00
2016.08.15 14:01:37.390,1.13196,1.13199,1.12,1.00
2016.08.15 14:01:37.492,1.13195,1.13201,2.25,1.00
2016.08.15 14:01:37.574,1.13196,1.13202,1.41,1.00
2016.08.15 14:01:37.726,1.13197,1.13201,1.00,1.00
2016.08.15 14:01:38.246,1.13196,1.13201,1.87,1.00
2016.08.15 14:01:38.298,1.13198,1.13203,1.00,1.00
2016.08.15 14:01:39.195,1.13196,1.13203,1.00,1.00
2016.08.15 14:01:39.246,1.13195,1.13199,2.25,1.00
2016.08.15 14:01:39.297,1.13196,1.132,1.12,1.00
2016.08.15 14:01:39.399,1.13194,1.13199,1.00,1.00
2016.08.15 14:01:39.552,1.13195,1.132,1.00,1.10
2016.08.15 14:01:39.603,1.13194,1.13199,1.00,1.00
2016.08.15 14:01:39.654,1.13195,1.132,1.50,1.57
2016.08.15 14:01:39.705,1.13197,1.132,1.00,1.10
2016.08.15 14:01:39.756,1.13197,1.13202,1.00,1.29
2016.08.15 14:01:39.807,1.13198,1.13203,1.00,3.26
2016.08.15 14:01:39.858,1.13198,1.13203,1.00,1.39
2016.08.15 14:01:40.143,1.13198,1.13203,1.00,1.20
2016.08.15 14:01:40.194,1.132,1.13205,1.00,4.39
2016.08.15 14:01:40.246,1.132,1.13203,1.00,1.25
2016.08.15 14:01:40.348,1.13198,1.13203,1.00,1.25
2016.08.15 14:01:40.451,1.13198,1.13204,1.00,1.29
2016.08.15 14:01:40.502,1.13198,1.13204,1.00,1.10
2016.08.15 14:01:40.603,1.13198,1.13204,1.00,1.00
2016.08.15 14:01:40.858,1.132,1.13204,1.00,1.00
2016.08.15 14:01:40.959,1.132,1.13204,1.00,1.00
2016.08.15 14:01:41.011,1.132,1.13204,1.50,1.00
2016.08.15 14:01:41.418,1.132,1.13205,1.00,1.65
2016.08.15 14:01:41.469,1.132,1.13204,1.00,1.00
2016.08.15 14:01:41.520,1.132,1.13205,1.00,1.00
2016.08.15 14:01:41.779,1.132,1.13205,1.50,1.50
2016.08.15 14:01:41.851,1.13202,1.13207,1.00,1.00
2016.08.15 14:01:41.953,1.13202,1.13207,1.50,1.00
2016.08.15 14:01:42.004,1.13203,1.13208,1.00,1.50
2016.08.15 14:01:42.531,1.13202,1.13208,1.00,1.50
2016.08.15 14:01:42.665,1.13202,1.13207,1.00,1.00
2016.08.15 14:01:42.716,1.13202,1.13207,1.00,1.50
2016.08.15 14:01:42.818,1.13202,1.13207,1.00,1.00
2016.08.15 14:01:42.920,1.13205,1.13209,1.00,1.65
2016.08.15 14:01:42.971,1.13205,1.13209,1.00,1.27
2016.08.15 14:01:43.074,1.13203,1.13209,1.00,1.20
2016.08.15 14:01:43.125,1.13203,1.13208,1.00,1.00
2016.08.15 14:01:43.869,1.13203,1.13208,1.50,1.00
2016.08.15 14:01:43.971,1.13205,1.1321,1.00,1.50
2016.08.15 14:01:44.022,1.13205,1.1321,1.50,1.50
2016.08.15 14:01:44.073,1.13205,1.1321,1.50,1.00
2016.08.15 14:01:44.124,1.13205,1.13211,1.00,1.00
2016.08.15 14:01:44.175,1.13205,1.13212,2.25,1.87
2016.08.15 14:01:44.226,1.13205,1.13212,3.75,1.87
2016.08.15 14:01:44.277,1.13205,1.13212,5.62,1.50
2016.08.15 14:01:44.565,1.13207,1.13212,1.00,1.12
2016.08.15 14:01:44.987,1.13206,1.13212,1.87,1.12
2016.08.15 14:01:45.038,1.13206,1.13211,1.87,1.00
2016.08.15 14:01:45.140,1.13206,1.1321,1.87,1.50
2016.08.15 14:01:45.191,1.13206,1.1321,1.00,1.50
2016.08.15 14:01:45.293,1.13206,1.1321,1.87,1.50
2016.08.15 14:01:46.034,1.13205,1.13209,1.69,1.12
2016.08.15 14:01:46.085,1.13205,1.13209,2.81,1.12
2016.08.15 14:01:46.136,1.13205,1.13207,2.06,1.00
2016.08.15 14:01:46.188,1.13205,1.13207,1.00,1.00
2016.08.15 14:01:46.239,1.13204,1.13207,1.69,1.00
2016.08.15 14:01:46.291,1.13203,1.13207,1.69,1.00
2016.08.15 14:01:46.342,1.13203,1.13207,1.50,1.00
2016.08.15 14:01:46.393,1.13204,1.13206,1.00,1.00
2016.08.15 14:01:46.546,1.13205,1.13208,1.00,1.00
2016.08.15 14:01:46.886,1.13203,1.13205,1.12,1.00
2016.08.15 14:01:46.938,1.13202,1.13205,4.31,1.00
2016.08.15 14:01:46.990,1.13203,1.13205,1.12,1.00
2016.08.15 14:01:47.093,1.13204,1.13206,1.12,1.50
2016.08.15 14:01:47.145,1.13204,1.13206,1.12,1.00
2016.08.15 14:01:47.196,1.13203,1.13204,1.12,1.00
2016.08.15 14:01:47.298,1.132,1.13204,2.96,1.00
2016.08.15 14:01:47.350,1.132,1.13204,2.81,1.00
2016.08.15 14:01:47.452,1.132,1.13203,2.96,1.00
2016.08.15 14:01:47.867,1.132,1.13203,3.71,1.00
2016.08.15 14:01:47.969,1.132,1.13203,2.96,1.00
2016.08.15 14:01:48.070,1.13201,1.13203,1.00,1.00
2016.08.15 14:01:48.820,1.132,1.13203,2.81,1.00
2016.08.15 14:01:48.875,1.132,1.13202,2.62,1.00
2016.08.15 14:01:48.926,1.132,1.13202,1.00,1.00
2016.08.15 14:01:48.977,1.13199,1.13201,1.12,1.50
2016.08.15 14:01:49.030,1.13199,1.13201,1.00,1.00
2016.08.15 14:01:49.081,1.132,1.13202,1.20,1.00
2016.08.15 14:01:49.286,1.132,1.13204,1.27,1.00
2016.08.15 14:01:49.759,1.13201,1.13205,1.50,1.50
2016.08.15 14:01:49.830,1.13201,1.13205,2.25,1.50
2016.08.15 14:01:49.881,1.13201,1.13205,2.25,1.00
2016.08.15 14:01:49.932,1.13201,1.13206,3.00,1.00
2016.08.15 14:01:49.983,1.13201,1.13208,3.75,1.20
2016.08.15 14:01:50.034,1.13201,1.13204,2.25,1.00
2016.08.15 14:01:50.187,1.132,1.13205,4.31,1.50
2016.08.15 14:01:50.238,1.13201,1.13203,1.25,1.00
2016.08.15 14:01:50.289,1.132,1.13203,4.31,1.00
2016.08.15 14:01:50.441,1.132,1.13206,5.06,1.00
2016.08.15 14:01:50.493,1.13201,1.13205,1.25,1.00
2016.08.15 14:01:50.880,1.13201,1.13206,1.25,1.50
2016.08.15 14:01:51.254,1.13201,1.13205,1.25,1.00
2016.08.15 14:01:51.421,1.13201,1.13204,1.25,1.00
2016.08.15 14:01:52.168,1.13201,1.13206,1.25,1.00
2016.08.15 14:01:52.291,1.13201,1.13205,1.25,1.00
2016.08.15 14:01:52.342,1.13201,1.13205,1.69,1.00
2016.08.15 14:01:52.393,1.13201,1.13206,2.44,1.50
2016.08.15 14:01:52.444,1.13203,1.13206,1.00,1.50
2016.08.15 14:01:52.495,1.13203,1.13206,1.12,1.00
2016.08.15 14:01:52.597,1.13203,1.13207,1.69,1.00
2016.08.15 14:01:52.648,1.13204,1.13207,1.00,1.00
2016.08.15 14:01:52.699,1.13204,1.13207,1.12,1.00
2016.08.15 14:01:52.750,1.13204,1.1321,2.25,1.50
2016.08.15 14:01:52.800,1.13205,1.1321,1.00,1.50
2016.08.15 14:01:52.855,1.13205,1.1321,1.12,1.50
2016.08.15 14:01:53.371,1.13206,1.1321,1.00,1.50
2016.08.15 14:01:53.423,1.13206,1.13209,1.00,1.00
2016.08.15 14:01:53.591,1.13206,1.13209,1.00,1.00
2016.08.15 14:01:54.104,1.13206,1.1321,1.00,1.00
2016.08.15 14:01:54.206,1.13206,1.1321,1.00,1.50
2016.08.15 14:01:54.257,1.13206,1.1321,1.50,1.00
2016.08.15 14:01:54.308,1.13206,1.1321,1.00,1.50
2016.08.15 14:01:54.410,1.13206,1.1321,1.87,1.00
2016.08.15 14:01:54.696,1.13206,1.1321,2.62,1.00
2016.08.15 14:01:54.798,1.13206,1.1321,3.00,1.00
2016.08.15 14:01:54.849,1.13206,1.13211,3.75,1.50
2016.08.15 14:01:54.900,1.13206,1.13211,2.62,1.50
2016.08.15 14:01:54.951,1.13207,1.13211,1.00,1.50
2016.08.15 14:01:55.003,1.13207,1.13212,2.06,1.00
2016.08.15 14:01:55.054,1.13207,1.13211,3.19,1.00
2016.08.15 14:01:55.105,1.13208,1.13211,1.50,1.00
2016.08.15 14:01:55.157,1.13208,1.13211,1.87,1.00
2016.08.15 14:01:55.208,1.13209,1.1321,1.50,1.50
2016.08.15 14:01:55.259,1.13209,1.13211,1.87,1.00
2016.08.15 14:01:55.310,1.13207,1.13213,1.69,1.00
2016.08.15 14:01:55.412,1.13207,1.13213,2.81,1.00
2016.08.15 14:01:55.774,1.13207,1.13211,2.06,1.00
2016.08.15 14:01:55.825,1.13207,1.1321,2.06,1.00
2016.08.15 14:01:55.876,1.13207,1.13212,2.06,1.00
2016.08.15 14:01:56.080,1.13207,1.1321,2.06,1.00
2016.08.15 14:01:56.145,1.13207,1.13209,2.06,1.00
2016.08.15 14:01:57.135,1.13206,1.13209,1.12,1.00
2016.08.15 14:01:57.187,1.13205,1.13208,2.62,1.00
2016.08.15 14:01:57.238,1.13205,1.13208,1.50,1.00
2016.08.15 14:01:57.289,1.13205,1.13208,2.25,1.00
2016.08.15 14:01:57.510,1.13205,1.13208,3.37,1.00
2016.08.15 14:01:57.815,1.13205,1.13208,2.25,1.00
2016.08.15 14:01:58.229,1.13205,1.13207,1.69,1.50
2016.08.15 14:01:58.280,1.13204,1.13208,3.56,1.75
2016.08.15 14:01:58.331,1.13204,1.13209,1.69,1.75
2016.08.15 14:01:58.382,1.13204,1.13208,1.31,1.75
2016.08.15 14:01:58.433,1.13204,1.13208,3.19,1.75
2016.08.15 14:01:58.484,1.13204,1.13208,3.19,1.50
2016.08.15 14:01:58.535,1.13204,1.13208,3.94,1.50
2016.08.15 14:01:58.636,1.13204,1.13207,3.94,1.12
2016.08.15 14:01:58.738,1.13204,1.13207,3.19,1.00
2016.08.15 14:01:58.789,1.13204,1.13205,3.19,1.12
2016.08.15 14:01:58.840,1.13203,1.13205,1.50,1.12
2016.08.15 14:01:58.891,1.13202,1.13203,1.50,1.12
2016.08.15 14:01:58.942,1.13201,1.13204,3.75,1.50
2016.08.15 14:01:58.993,1.13201,1.13203,2.25,1.00
2016.08.15 14:01:59.043,1.132,1.13202,4.31,1.00
2016.08.15 14:01:59.094,1.132,1.13203,2.06,1.12
2016.08.15 14:01:59.383,1.13199,1.13204,3.56,1.50
2016.08.15 14:01:59.434,1.132,1.13204,1.69,1.50
2016.08.15 14:01:59.615,1.132,1.13202,1.69,1.00
2016.08.15 14:01:59.665,1.13199,1.13201,2.81,1.37
2016.08.15 14:01:59.716,1.13199,1.13201,1.50,1.37
2016.08.15 14:01:59.818,1.13199,1.13201,1.12,1.37
2016.08.15 14:01:59.869,1.13199,1.13201,1.00,1.00
2016.08.15 14:01:59.919,1.13198,1.13201,1.87,1.00
2016.08.15 14:02:00.072,1.13198,1.13203,1.87,1.50
2016.08.15 14:02:00.225,1.13198,1.13203,1.00,1.50
2016.08.15 14:02:00.711,1.13198,1.13203,1.87,1.50
2016.08.15 14:02:00.865,1.13198,1.13203,1.87,1.12
2016.08.15 14:02:01.070,1.13198,1.13203,2.62,1.00
2016.08.15 14:02:01.174,1.13199,1.13203,1.00,1.00
2016.08.15 14:02:01.225,1.13199,1.13203,1.50,1.00
2016.08.15 14:02:01.432,1.132,1.13204,1.12,1.00
2016.08.15 14:02:01.483,1.132,1.13204,1.50,1.00
2016.08.15 14:02:02.001,1.13199,1.13204,4.69,1.00
2016.08.15 14:02:02.052,1.13199,1.13204,3.94,1.00
2016.08.15 14:02:02.103,1.13199,1.13206,5.06,2.25
2016.08.15 14:02:02.154,1.13199,1.13206,4.31,2.25
2016.08.15 14:02:02.205,1.13199,1.13204,4.31,1.00
2016.08.15 14:02:02.307,1.13199,1.13204,3.56,1.00
2016.08.15 14:02:02.953,1.13199,1.13204,2.81,1.00
2016.08.15 14:02:03.004,1.132,1.13204,1.50,1.00
2016.08.15 14:02:03.055,1.132,1.13204,1.87,1.00
2016.08.15 14:02:03.208,1.132,1.13205,1.87,1.00
2016.08.15 14:02:03.259,1.132,1.13204,1.87,1.00
2016.08.15 14:02:03.310,1.132,1.13203,1.00,1.00
2016.08.15 14:02:03.413,1.13199,1.13202,1.69,1.00
2016.08.15 14:02:03.464,1.13199,1.13203,1.12,1.50
2016.08.15 14:02:03.515,1.13199,1.13202,1.00,1.00
2016.08.15 14:02:03.829,1.13199,1.13204,1.87,1.00
2016.08.15 14:02:03.983,1.132,1.13205,1.00,1.50
2016.08.15 14:02:04.331,1.132,1.13205,1.00,1.00
2016.08.15 14:02:04.484,1.13199,1.13203,1.50,1.00
2016.08.15 14:02:05.026,1.13199,1.13203,2.25,1.00
2016.08.15 14:02:05.578,1.13199,1.13204,2.25,1.00
2016.08.15 14:02:06.204,1.13199,1.13203,2.25,1.00
2016.08.15 14:02:07.045,1.13199,1.13204,2.25,1.00
2016.08.15 14:02:07.607,1.132,1.13205,1.87,1.00
2016.08.15 14:02:07.724,1.132,1.13205,1.87,1.50
2016.08.15 14:02:08.231,1.132,1.13205,1.87,1.00
2016.08.15 14:02:08.765,1.132,1.13205,1.12,1.00
2016.08.15 14:02:09.037,1.132,1.13206,1.12,1.50
2016.08.15 14:02:09.238,1.132,1.13205,1.12,1.00
2016.08.15 14:02:09.702,1.13201,1.13205,1.50,1.00
2016.08.15 14:02:09.754,1.13202,1.13205,1.00,1.12
2016.08.15 14:02:10.058,1.132,1.13205,3.37,1.50
2016.08.15 14:02:10.109,1.132,1.13205,4.12,2.25
2016.08.15 14:02:10.241,1.132,1.13205,3.37,1.50
2016.08.15 14:02:10.305,1.132,1.13205,3.37,2.25
2016.08.15 14:02:10.442,1.132,1.13205,4.12,2.25
2016.08.15 14:02:10.554,1.132,1.13205,4.12,1.50
2016.08.15 14:02:10.606,1.132,1.13205,4.12,2.25
2016.08.15 14:02:11.301,1.132,1.13205,4.12,1.50
2016.08.15 14:02:11.604,1.132,1.13205,4.12,1.00
2016.08.15 14:02:11.745,1.132,1.13205,4.12,1.50
2016.08.15 14:02:12.743,1.13201,1.13205,1.50,1.00
2016.08.15 14:02:13.060,1.13201,1.13205,1.00,1.00
2016.08.15 14:02:13.213,1.132,1.13205,4.65,1.00
2016.08.15 14:02:13.402,1.13201,1.13205,1.00,1.00
2016.08.15 14:02:13.804,1.132,1.13205,4.65,1.00
2016.08.15 14:02:13.855,1.132,1.13206,4.65,1.87
2016.08.15 14:02:13.906,1.13202,1.13206,1.00,1.12
2016.08.15 14:02:13.957,1.13202,1.13208,1.00,1.75
2016.08.15 14:02:14.008,1.13201,1.13206,1.50,1.12
2016.08.15 14:02:14.059,1.13201,1.13205,1.50,1.00
2016.08.15 14:02:14.361,1.13203,1.13206,1.87,1.12
2016.08.15 14:02:14.412,1.13203,1.13207,1.12,1.00
2016.08.15 14:02:14.514,1.13202,1.13207,4.50,1.00
2016.08.15 14:02:14.565,1.13202,1.13206,2.62,1.12
2016.08.15 14:02:14.615,1.13202,1.13208,1.87,1.75
2016.08.15 14:02:14.667,1.13203,1.13208,1.00,1.75
2016.08.15 14:02:14.718,1.13202,1.13205,1.87,1.00
2016.08.15 14:02:14.770,1.13202,1.13208,1.00,1.87
2016.08.15 14:02:14.821,1.132,1.13205,4.65,1.87
2016.08.15 14:02:14.872,1.132,1.13205,3.52,1.87
2016.08.15 14:02:14.923,1.132,1.13205,3.37,1.12
2016.08.15 14:02:15.025,1.132,1.13205,3.37,1.87
2016.08.15 14:02:15.681,1.132,1.13205,3.37,2.25
2016.08.15 14:02:15.783,1.132,1.13205,3.52,2.25
2016.08.15 14:02:15.885,1.132,1.13205,2.77,2.25
2016.08.15 14:02:16.194,1.13201,1.13205,1.00,1.50
2016.08.15 14:02:16.245,1.13202,1.13205,1.00,1.00
2016.08.15 14:02:16.773,1.13203,1.13205,1.00,1.00
2016.08.15 14:02:16.825,1.13201,1.13205,2.62,1.00
2016.08.15 14:02:16.928,1.13201,1.13206,2.62,1.50
2016.08.15 14:02:17.062,1.13201,1.13206,1.50,1.50
2016.08.15 14:02:17.113,1.13201,1.13206,2.62,1.50
2016.08.15 14:02:17.164,1.13201,1.13206,3.75,1.50
2016.08.15 14:02:17.832,1.13204,1.13205,1.00,1.00
2016.08.15 14:02:17.903,1.13205,1.13209,1.00,2.62
2016.08.15 14:02:17.954,1.13204,1.13209,1.50,2.62
2016.08.15 14:02:18.273,1.13205,1.13209,1.00,2.62
2016.08.15 14:02:18.447,1.13203,1.13209,1.00,2.62
2016.08.15 14:02:19.061,1.13202,1.13209,1.00,2.62
2016.08.15 14:02:19.163,1.13203,1.13209,1.00,1.87
2016.08.15 14:02:19.214,1.13205,1.13209,1.00,1.50
2016.08.15 14:02:19.265,1.13205,1.1321,1.50,1.20
2016.08.15 14:02:19.367,1.13205,1.1321,1.50,1.00
2016.08.15 14:02:19.418,1.13206,1.13211,1.00,1.39
2016.08.15 14:02:19.469,1.13208,1.13211,1.00,1.01
2016.08.15 14:02:19.520,1.13208,1.13213,1.00,4.97
2016.08.15 14:02:19.571,1.13208,1.13213,1.00,4.60
2016.08.15 14:02:19.622,1.13208,1.13212,1.00,1.08
2016.08.15 14:02:19.673,1.13208,1.13213,1.00,1.86
2016.08.15 14:02:19.724,1.13209,1.13214,1.00,2.80
2016.08.15 14:02:20.027,1.13208,1.13213,1.00,1.49
2016.08.15 14:02:20.424,1.13208,1.13213,1.00,1.39
2016.08.15 14:02:20.497,1.13209,1.13215,1.00,3.89
2016.08.15 14:02:20.548,1.1321,1.13215,1.00,4.34
2016.08.15 14:02:20.600,1.1321,1.13215,1.00,2.84
2016.08.15 14:02:20.656,1.1321,1.13215,1.00,1.36
2016.08.15 14:02:20.809,1.1321,1.13215,1.00,2.24
2016.08.15 14:02:20.860,1.1321,1.13214,1.00,1.11
2016.08.15 14:02:20.911,1.1321,1.13215,1.50,2.99
2016.08.15 14:02:20.962,1.1321,1.13215,1.50,4.49
2016.08.15 14:02:21.231,1.1321,1.13215,1.00,3.74
2016.08.15 14:02:21.282,1.1321,1.13215,1.50,3.74
2016.08.15 14:02:21.339,1.1321,1.13215,1.00,3.74
2016.08.15 14:02:21.440,1.1321,1.13214,1.00,1.11
2016.08.15 14:02:21.491,1.1321,1.13215,2.62,2.61
2016.08.15 14:02:21.542,1.13213,1.13215,1.00,1.11
2016.08.15 14:02:21.594,1.13214,1.13216,1.00,1.10
2016.08.15 14:02:21.645,1.13214,1.13219,1.00,2.62
2016.08.15 14:02:21.765,1.13215,1.13219,1.50,1.37
2016.08.15 14:02:22.037,1.13213,1.13217,1.00,1.00
2016.08.15 14:02:22.089,1.1321,1.13217,3.37,1.65
2016.08.15 14:02:22.139,1.1321,1.13217,3.00,1.65
2016.08.15 14:02:22.190,1.13211,1.13216,1.00,1.00
2016.08.15 14:02:22.292,1.13211,1.13217,1.00,1.20
2016.08.15 14:02:22.343,1.13212,1.13217,1.00,1.27
2016.08.15 14:02:22.445,1.13211,1.13216,1.00,1.00
2016.08.15 14:02:22.496,1.13213,1.13218,1.00,1.87
2016.08.15 14:02:22.547,1.13211,1.13218,1.00,1.82
2016.08.15 14:02:22.598,1.13211,1.13216,1.00,1.00
2016.08.15 14:02:22.656,1.1321,1.13218,1.50,2.25
2016.08.15 14:02:22.938,1.1321,1.13218,1.00,1.87
2016.08.15 14:02:23.005,1.1321,1.13218,1.50,1.87
2016.08.15 14:02:23.056,1.1321,1.13218,1.50,2.62
2016.08.15 14:02:23.158,1.1321,1.13218,1.50,1.87
2016.08.15 14:02:23.259,1.1321,1.13218,1.00,1.87
2016.08.15 14:02:23.393,1.1321,1.13218,1.50,1.87
2016.08.15 14:02:23.448,1.1321,1.13218,1.00,1.87
2016.08.15 14:02:23.499,1.1321,1.13218,1.50,1.87
2016.08.15 14:02:23.550,1.13212,1.13217,1.00,1.20
2016.08.15 14:02:23.600,1.1321,1.13215,3.37,1.00
2016.08.15 14:02:23.651,1.13211,1.13216,1.00,1.00
2016.08.15 14:02:24.340,1.13211,1.13216,1.50,1.00
2016.08.15 14:02:24.391,1.13211,1.13216,1.00,1.00
2016.08.15 14:02:24.442,1.13214,1.13219,1.00,3.75
2016.08.15 14:02:24.493,1.13216,1.13219,1.50,2.25
2016.08.15 14:02:24.544,1.13216,1.1322,1.50,3.00
2016.08.15 14:02:24.597,1.13217,1.13223,1.00,2.25
2016.08.15 14:02:24.648,1.13217,1.13223,1.50,1.60
2016.08.15 14:02:24.699,1.13216,1.13223,1.50,2.10
2016.08.15 14:02:24.751,1.13217,1.13223,1.00,1.60
2016.08.15 14:02:24.803,1.13217,1.13222,1.00,1.60
2016.08.15 14:02:25.054,1.13218,1.13222,1.27,1.60
2016.08.15 14:02:25.105,1.13219,1.13224,1.65,1.00
2016.08.15 14:02:25.207,1.13219,1.13223,1.00,1.12
2016.08.15 14:02:25.309,1.13218,1.13221,1.00,1.00
2016.08.15 14:02:25.361,1.13216,1.13221,1.37,1.00
2016.08.15 14:02:25.412,1.13215,1.1322,2.25,1.00
2016.08.15 14:02:25.463,1.13215,1.1322,1.50,1.00
2016.08.15 14:02:25.514,1.13215,1.1322,1.50,1.50
2016.08.15 14:02:25.790,1.13213,1.13219,3.37,1.00
2016.08.15 14:02:25.842,1.13213,1.13216,1.00,1.00
2016.08.15 14:02:25.892,1.13213,1.13217,1.00,1.69
2016.08.15 14:02:25.943,1.13213,1.13215,1.00,1.00
2016.08.15 14:02:26.096,1.1321,1.13215,2.40,1.00
2016.08.15 14:02:26.177,1.1321,1.13214,1.00,1.00
2016.08.15 14:02:26.678,1.1321,1.13211,1.00,1.00
2016.08.15 14:02:26.993,1.13206,1.13211,4.50,1.00
2016.08.15 14:02:27.095,1.13206,1.13209,3.75,1.00
2016.08.15 14:02:27.148,1.13206,1.13208,1.50,1.00
2016.08.15 14:02:27.200,1.13206,1.13208,1.00,1.00
2016.08.15 14:02:27.252,1.13205,1.13206,1.12,1.00
2016.08.15 14:02:27.539,1.13203,1.13207,1.37,1.00
2016.08.15 14:02:27.591,1.13203,1.13208,2.25,1.00
2016.08.15 14:02:27.674,1.13204,1.13208,1.12,1.00
2016.08.15 14:02:27.829,1.13204,1.13209,1.00,1.00
2016.08.15 14:02:27.982,1.13204,1.13209,1.50,1.00
2016.08.15 14:02:28.214,1.13204,1.13209,1.00,1.00
2016.08.15 14:02:28.504,1.13204,1.1321,3.37,1.00
2016.08.15 14:02:28.556,1.13204,1.1321,2.25,1.00
2016.08.15 14:02:28.607,1.13204,1.1321,3.75,1.50
2016.08.15 14:02:28.658,1.13204,1.1321,5.25,1.00
2016.08.15 14:02:28.709,1.13205,1.13211,1.00,1.50
2016.08.15 14:02:28.811,1.13205,1.1321,1.00,1.00
2016.08.15 14:02:28.862,1.13205,1.1321,1.87,1.00
2016.08.15 14:02:28.913,1.13205,1.1321,2.62,1.00
2016.08.15 14:02:28.964,1.13205,1.1321,1.87,1.50
2016.08.15 14:02:29.016,1.13205,1.1321,3.00,1.00
2016.08.15 14:02:29.067,1.13205,1.1321,1.87,1.00
2016.08.15 14:02:29.118,1.13205,1.1321,1.00,1.00
2016.08.15 14:02:29.507,1.13205,1.1321,1.00,1.50
2016.08.15 14:02:29.609,1.13206,1.1321,1.00,1.00
2016.08.15 14:02:29.711,1.13206,1.13211,1.00,1.00
2016.08.15 14:02:30.621,1.13205,1.1321,2.25,1.50
2016.08.15 14:02:30.723,1.13205,1.1321,3.00,1.50
2016.08.15 14:02:31.029,1.13205,1.1321,2.62,1.50
2016.08.15 14:02:31.080,1.13205,1.13209,2.62,1.00
2016.08.15 14:02:31.130,1.13205,1.13209,1.87,1.00
2016.08.15 14:02:31.181,1.13205,1.13209,1.00,1.00
2016.08.15 14:02:31.995,1.13204,1.13209,1.50,1.00
2016.08.15 14:02:32.046,1.13204,1.13209,2.25,1.00
2016.08.15 14:02:32.097,1.13204,1.13209,1.50,1.00
2016.08.15 14:02:33.941,1.13203,1.13209,4.12,1.00
2016.08.15 14:02:34.364,1.13204,1.13209,1.12,1.00
2016.08.15 14:02:35.611,1.13203,1.13206,5.62,1.00
2016.08.15 14:02:35.662,1.13203,1.13205,1.50,1.35
2016.08.15 14:02:35.714,1.13202,1.13204,1.50,1.00
2016.08.15 14:02:35.766,1.13201,1.13202,1.12,1.00
2016.08.15 14:02:35.817,1.13199,1.13204,1.12,1.00
2016.08.15 14:02:35.868,1.13198,1.13204,1.37,1.00
2016.08.15 14:02:35.920,1.13199,1.13206,1.12,4.12
2016.08.15 14:02:35.971,1.13199,1.13206,1.20,2.77
2016.08.15 14:02:36.022,1.13199,1.13205,2.02,1.00
2016.08.15 14:02:36.174,1.13199,1.13205,3.15,1.00
2016.08.15 14:02:36.225,1.13199,1.13205,3.90,1.00
2016.08.15 14:02:36.276,1.132,1.13205,1.27,1.00
2016.08.15 14:02:36.641,1.13201,1.13205,1.00,1.00
2016.08.15 14:02:36.743,1.13202,1.13208,1.00,1.10
2016.08.15 14:02:36.794,1.13204,1.13209,1.00,1.57
2016.08.15 14:02:36.845,1.13205,1.13209,1.00,1.00
2016.08.15 14:02:36.896,1.13205,1.1321,3.00,1.50
2016.08.15 14:02:36.947,1.13208,1.1321,1.00,1.50
2016.08.15 14:02:36.998,1.13208,1.1321,1.00,1.00
2016.08.15 14:02:37.049,1.13207,1.13211,1.00,1.00
2016.08.15 14:02:37.100,1.13207,1.13212,1.50,1.00
2016.08.15 14:02:37.400,1.13207,1.13212,3.75,1.35
2016.08.15 14:02:37.452,1.13207,1.13213,5.25,1.00
2016.08.15 14:02:37.503,1.13208,1.13214,1.00,1.00
2016.08.15 14:02:37.554,1.13207,1.13214,5.25,1.00
2016.08.15 14:02:37.611,1.13207,1.13215,4.87,1.50
2016.08.15 14:02:37.663,1.13207,1.13215,4.50,1.50
2016.08.15 14:02:37.714,1.13208,1.13215,1.00,1.50
2016.08.15 14:02:37.815,1.13208,1.13215,1.00,2.25
2016.08.15 14:02:37.989,1.13208,1.13215,1.12,2.25
2016.08.15 14:02:38.040,1.13209,1.13214,1.00,1.00
2016.08.15 14:02:38.583,1.13208,1.13215,4.12,2.25
2016.08.15 14:02:38.635,1.13208,1.13215,3.00,2.25
2016.08.15 14:02:38.738,1.13208,1.13214,2.25,1.00
2016.08.15 14:02:38.891,1.13208,1.13214,1.12,1.00
2016.08.15 14:02:38.942,1.13208,1.13214,1.12,1.50
2016.08.15 14:02:39.097,1.13208,1.13214,1.12,1.00
2016.08.15 14:02:39.148,1.13208,1.13214,3.00,1.00
2016.08.15 14:02:39.498,1.13212,1.13217,1.00,1.37
2016.08.15 14:02:39.549,1.13212,1.13217,1.00,1.00
2016.08.15 14:02:39.651,1.13212,1.13219,1.12,1.20
2016.08.15 14:02:40.625,1.13212,1.13219,1.12,1.27
2016.08.15 14:02:41.514,1.13212,1.13217,1.87,1.00
2016.08.15 14:02:42.162,1.13212,1.13218,1.87,1.00
2016.08.15 14:02:43.378,1.13212,1.13215,1.12,1.00
2016.08.15 14:02:43.641,1.13212,1.13216,1.12,1.50
2016.08.15 14:02:43.869,1.13212,1.13215,1.12,1.00
2016.08.15 14:02:44.418,1.13213,1.13217,1.00,1.00
2016.08.15 14:02:44.520,1.13212,1.13218,1.12,1.00
2016.08.15 14:02:44.572,1.13213,1.13218,1.50,1.12
2016.08.15 14:02:44.623,1.13213,1.13215,1.87,1.50
2016.08.15 14:02:44.675,1.1321,1.13215,3.37,1.00
2016.08.15 14:02:44.726,1.1321,1.13216,3.37,1.50
2016.08.15 14:02:44.777,1.1321,1.13216,4.12,1.50
2016.08.15 14:02:44.930,1.1321,1.13215,4.12,1.00
2016.08.15 14:02:44.981,1.1321,1.13215,3.00,1.00
2016.08.15 14:02:45.083,1.1321,1.13215,3.37,1.00
2016.08.15 14:02:45.133,1.1321,1.13216,3.37,1.50
2016.08.15 14:02:45.640,1.13212,1.13216,1.00,1.00
2016.08.15 14:02:45.691,1.13212,1.13217,1.50,1.00
2016.08.15 14:02:46.428,1.13212,1.13216,1.00,1.00
2016.08.15 14:02:47.467,1.13213,1.13216,1.00,1.00
2016.08.15 14:02:48.640,1.13213,1.13216,1.00,1.50
2016.08.15 14:02:48.894,1.13213,1.13215,1.00,1.00
2016.08.15 14:02:48.945,1.13211,1.13216,1.87,1.87
2016.08.15 14:02:48.996,1.13211,1.13216,1.00,2.25
2016.08.15 14:02:49.047,1.13211,1.13215,1.00,1.12
2016.08.15 14:02:49.149,1.13211,1.13216,1.00,2.25
2016.08.15 14:02:49.424,1.13211,1.13216,1.00,1.50
2016.08.15 14:02:49.475,1.13212,1.13216,1.00,1.29
2016.08.15 14:02:49.525,1.13212,1.13216,1.00,1.37
2016.08.15 14:02:49.576,1.13211,1.13216,1.00,1.37
2016.08.15 14:02:49.991,1.13212,1.13216,1.12,1.37
2016.08.15 14:02:50.042,1.13212,1.13216,1.50,1.37
2016.08.15 14:02:50.726,1.1321,1.13214,1.00,1.12
2016.08.15 14:02:50.779,1.13207,1.13214,3.37,1.12
2016.08.15 14:02:50.830,1.13209,1.13214,1.50,1.00
2016.08.15 14:02:50.881,1.13207,1.13214,3.37,1.00
2016.08.15 14:02:50.932,1.13209,1.13214,1.00,1.50
2016.08.15 14:02:51.089,1.13208,1.13213,1.00,1.00
2016.08.15 14:02:51.140,1.13207,1.13213,2.62,1.00
2016.08.15 14:02:51.191,1.13207,1.13213,2.81,1.00
2016.08.15 14:02:51.528,1.13207,1.13214,3.56,2.25
2016.08.15 14:02:51.580,1.13207,1.13214,3.56,1.65
2016.08.15 14:02:51.693,1.13207,1.13212,3.56,1.00
2016.08.15 14:02:51.845,1.13207,1.13212,2.81,1.00
2016.08.15 14:02:53.032,1.13208,1.13214,1.69,1.50
2016.08.15 14:02:53.096,1.13209,1.13214,1.00,1.50
2016.08.15 14:02:53.148,1.13209,1.13214,1.00,1.00
2016.08.15 14:02:54.283,1.13209,1.13215,1.00,1.27
2016.08.15 14:02:54.335,1.13209,1.13215,1.00,1.65
2016.08.15 14:02:54.386,1.13208,1.13214,1.69,1.00
2016.08.15 14:02:54.437,1.13208,1.13214,1.69,1.04
2016.08.15 14:02:54.488,1.13208,1.13215,2.44,2.69
2016.08.15 14:02:54.539,1.13208,1.13215,2.44,3.44
2016.08.15 14:02:54.590,1.13208,1.13215,2.44,2.69
2016.08.15 14:02:54.698,1.13208,1.13215,2.44,3.44
2016.08.15 14:02:54.928,1.13208,1.13215,2.44,2.69
2016.08.15 14:02:55.074,1.13208,1.13215,1.31,1.56
2016.08.15 14:02:55.416,1.1321,1.13216,1.20,1.50
2016.08.15 14:02:55.468,1.13212,1.13217,1.00,1.04
2016.08.15 14:02:55.520,1.13212,1.13217,1.00,1.00
2016.08.15 14:02:55.775,1.13212,1.13219,3.75,1.04
2016.08.15 14:02:55.826,1.13212,1.13219,6.37,1.00
2016.08.15 14:02:55.878,1.13213,1.1322,2.62,2.70
2016.08.15 14:02:55.980,1.13214,1.1322,1.87,1.50
2016.08.15 14:02:56.555,1.13214,1.1322,1.87,2.16
2016.08.15 14:02:56.607,1.13212,1.13217,1.50,1.00
2016.08.15 14:02:56.710,1.13212,1.13219,1.50,1.49
2016.08.15 14:02:56.812,1.13212,1.13219,1.50,1.20
2016.08.15 14:02:56.863,1.13212,1.13219,1.50,1.10
2016.08.15 14:02:57.845,1.13212,1.13215,2.62,1.00
2016.08.15 14:02:57.914,1.13212,1.13216,1.00,1.00
2016.08.15 14:02:57.965,1.13212,1.13217,1.87,1.00
2016.08.15 14:02:58.117,1.13212,1.13219,1.87,1.95
2016.08.15 14:02:58.461,1.13212,1.13219,1.87,1.57
2016.08.15 14:02:59.218,1.13212,1.13219,2.62,1.57
2016.08.15 14:02:59.767,1.13214,1.13219,1.00,1.57
2016.08.15 14:03:00.922,1.13214,1.13219,1.50,1.57
2016.08.15 14:03:00.974,1.13215,1.1322,1.50,2.24
2016.08.15 14:03:01.025,1.13215,1.1322,1.50,1.79
2016.08.15 14:03:01.076,1.13215,1.1322,2.62,1.04
2016.08.15 14:03:01.178,1.13216,1.13222,1.00,1.29
2016.08.15 14:03:01.230,1.13216,1.13222,1.00,1.00
2016.08.15 14:03:01.332,1.13218,1.13223,1.00,1.00
2016.08.15 14:03:01.796,1.13216,1.13224,2.25,1.57
2016.08.15 14:03:01.847,1.13216,1.13224,2.25,1.10
2016.08.15 14:03:01.899,1.13216,1.13224,3.37,1.10
2016.08.15 14:03:02.056,1.13216,1.13224,2.62,1.10
2016.08.15 14:03:02.107,1.13216,1.13224,2.62,1.20
2016.08.15 14:03:02.260,1.13216,1.13224,2.62,1.10
2016.08.15 14:03:02.363,1.13216,1.13224,2.62,1.42
2016.08.15 14:03:02.851,1.13216,1.13224,2.62,1.10
2016.08.15 14:03:02.960,1.13216,1.13224,2.62,1.42
2016.08.15 14:03:03.061,1.13216,1.13224,2.62,1.80
2016.08.15 14:03:03.112,1.13216,1.13223,1.50,1.12
2016.08.15 14:03:03.164,1.13216,1.13223,1.50,1.72
2016.08.15 14:03:03.380,1.13216,1.13223,1.00,1.72
2016.08.15 14:03:03.442,1.13216,1.13221,1.00,1.00
2016.08.15 14:03:04.002,1.13217,1.13222,1.00,1.00
2016.08.15 14:03:04.053,1.13216,1.13221,1.50,1.00
2016.08.15 14:03:04.104,1.13216,1.13221,2.25,1.00
2016.08.15 14:03:04.691,1.13216,1.13221,1.50,1.00
2016.08.15 14:03:04.742,1.13217,1.13222,1.00,1.00
2016.08.15 14:03:04.902,1.13216,1.13221,1.00,1.00
2016.08.15 14:03:04.953,1.13216,1.1322,1.00,1.00
2016.08.15 14:03:05.004,1.13215,1.1322,1.50,1.50
2016.08.15 14:03:05.241,1.13216,1.1322,1.12,1.50
2016.08.15 14:03:05.295,1.13216,1.13224,3.75,1.57
2016.08.15 14:03:05.347,1.13217,1.13224,1.00,1.57
2016.08.15 14:03:06.031,1.13217,1.13224,1.00,2.17
2016.08.15 14:03:06.206,1.13217,1.13222,1.00,1.00
2016.08.15 14:03:06.359,1.13216,1.1322,2.25,1.00
2016.08.15 14:03:06.461,1.13216,1.13218,1.50,1.00
2016.08.15 14:03:06.742,1.13213,1.13217,1.95,1.50
2016.08.15 14:03:06.793,1.13212,1.13215,1.00,1.00
2016.08.15 14:03:06.844,1.13212,1.13215,1.50,1.00
2016.08.15 14:03:06.895,1.13215,1.13218,1.00,1.20
2016.08.15 14:03:06.946,1.13213,1.13218,2.62,1.20
2016.08.15 14:03:06.997,1.13214,1.13219,1.00,1.00
2016.08.15 14:03:07.098,1.13214,1.1322,1.12,1.37
2016.08.15 14:03:07.149,1.13214,1.13219,1.87,1.12
2016.08.15 14:03:07.200,1.13214,1.13219,1.00,1.00
2016.08.15 14:03:07.251,1.13213,1.13218,2.62,1.00
2016.08.15 14:03:07.302,1.13213,1.13217,1.00,1.00
2016.08.15 14:03:07.403,1.13213,1.13218,1.12,1.00
2016.08.15 14:03:07.454,1.13213,1.13218,1.00,1.00
2016.08.15 14:03:07.505,1.13212,1.1322,3.00,1.95
2016.08.15 14:03:07.556,1.13215,1.13219,1.00,1.00
2016.08.15 14:03:07.607,1.13215,1.1322,1.50,1.65
2016.08.15 14:03:07.658,1.13215,1.1322,1.00,1.20
2016.08.15 14:03:07.953,1.13216,1.13221,1.00,1.00
2016.08.15 14:03:08.004,1.13216,1.1322,1.00,1.00
2016.08.15 14:03:08.282,1.13215,1.1322,2.25,1.00
2016.08.15 14:03:08.333,1.13215,1.13221,1.50,1.00
2016.08.15 14:03:08.762,1.13215,1.1322,2.25,1.00
2016.08.15 14:03:09.351,1.13215,1.13221,2.25,1.00
2016.08.15 14:03:10.347,1.13215,1.1322,2.25,1.00
2016.08.15 14:03:10.398,1.13216,1.13221,1.00,1.50
2016.08.15 14:03:10.754,1.13216,1.1322,1.00,1.00
2016.08.15 14:03:10.892,1.13216,1.13221,1.00,1.50
2016.08.15 14:03:11.193,1.13216,1.1322,1.00,1.00
2016.08.15 14:03:11.365,1.13215,1.1322,3.00,1.50
2016.08.15 14:03:11.416,1.13215,1.13221,1.00,1.00
2016.08.15 14:03:11.519,1.13215,1.13221,2.62,1.00
2016.08.15 14:03:11.653,1.13215,1.13221,3.37,1.00
2016.08.15 14:03:11.704,1.13215,1.1322,3.45,1.00
2016.08.15 14:03:12.177,1.13215,1.13221,3.37,1.00
2016.08.15 14:03:12.717,1.13215,1.13218,3.45,1.00
2016.08.15 14:03:12.819,1.13215,1.13218,2.70,1.00
2016.08.15 14:03:12.897,1.13215,1.13218,2.62,1.00
2016.08.15 14:03:13.198,1.13215,1.13218,2.70,1.00
2016.08.15 14:03:13.980,1.13216,1.13218,1.00,1.00
2016.08.15 14:03:15.307,1.13216,1.13219,1.50,1.00
2016.08.15 14:03:15.611,1.13216,1.1322,2.81,1.00
2016.08.15 14:03:15.662,1.13216,1.1322,3.19,1.00
2016.08.15 14:03:15.713,1.13217,1.13223,1.00,1.00
2016.08.15 14:03:16.018,1.13217,1.1322,1.12,1.00
2016.08.15 14:03:16.120,1.13217,1.13221,1.00,1.00
2016.08.15 14:03:16.359,1.13217,1.13221,1.50,1.00
2016.08.15 14:03:16.411,1.13217,1.13225,3.00,1.10
2016.08.15 14:03:16.463,1.13217,1.13225,3.75,1.10
2016.08.15 14:03:16.514,1.13217,1.13225,3.75,1.57
2016.08.15 14:03:16.650,1.13217,1.1322,3.75,1.00
2016.08.15 14:03:16.803,1.13217,1.1322,2.62,1.00
2016.08.15 14:03:16.853,1.13217,1.1322,1.87,1.50
2016.08.15 14:03:16.904,1.13217,1.1322,1.12,1.50
2016.08.15 14:03:17.260,1.13217,1.13219,1.12,1.00
2016.08.15 14:03:17.884,1.13217,1.1322,2.25,1.00
2016.08.15 14:03:18.167,1.13217,1.13222,2.25,1.00
2016.08.15 14:03:18.219,1.13217,1.1322,2.25,1.00
2016.08.15 14:03:18.270,1.13217,1.1322,1.87,1.00
2016.08.15 14:03:18.373,1.13217,1.13219,1.12,1.00
2016.08.15 14:03:18.424,1.13216,1.1322,1.00,1.00
2016.08.15 14:03:18.479,1.13216,1.1322,1.50,1.00
2016.08.15 14:03:18.530,1.13216,1.1322,2.62,1.50
2016.08.15 14:03:18.631,1.13216,1.1322,2.62,1.00
2016.08.15 14:03:18.713,1.13216,1.1322,2.62,1.50
2016.08.15 14:03:18.982,1.13216,1.1322,2.62,1.00
2016.08.15 14:03:19.265,1.13216,1.1322,2.62,1.00
2016.08.15 14:03:19.480,1.13217,1.1322,1.00,1.00
2016.08.15 14:03:19.615,1.13217,1.13221,1.00,1.50
2016.08.15 14:03:20.017,1.13217,1.1322,1.00,1.00
2016.08.15 14:03:20.592,1.13217,1.13221,1.00,1.50
2016.08.15 14:03:20.719,1.13217,1.1322,1.00,1.00
2016.08.15 14:03:21.120,1.13216,1.13219,2.06,1.00
2016.08.15 14:03:21.273,1.13216,1.13221,3.94,1.50
2016.08.15 14:03:21.324,1.13219,1.13225,1.27,2.06
2016.08.15 14:03:21.375,1.1322,1.13224,1.65,1.00
2016.08.15 14:03:21.426,1.1322,1.13224,3.15,1.00
2016.08.15 14:03:21.478,1.13222,1.13226,1.00,1.50
2016.08.15 14:03:21.909,1.13222,1.13226,1.87,1.00
2016.08.15 14:03:22.118,1.13222,1.13228,1.87,1.50
2016.08.15 14:03:22.169,1.13222,1.13226,1.87,1.00
2016.08.15 14:03:22.426,1.13222,1.13225,2.62,1.00
2016.08.15 14:03:22.489,1.13222,1.13225,1.50,1.00
2016.08.15 14:03:24.210,1.13223,1.13226,1.12,1.00
2016.08.15 14:03:24.522,1.13223,1.13226,1.87,1.00
2016.08.15 14:03:24.572,1.13223,1.13226,1.00,1.00
2016.08.15 14:03:24.623,1.13223,1.13226,1.87,1.00
2016.08.15 14:03:24.725,1.13223,1.13226,2.62,1.00
2016.08.15 14:03:24.878,1.13223,1.13228,2.62,1.50
2016.08.15 14:03:24.928,1.13223,1.13228,5.25,1.00
2016.08.15 14:03:24.979,1.13223,1.13228,5.44,1.00
2016.08.15 14:03:25.030,1.13224,1.13228,1.31,1.00
2016.08.15 14:03:25.573,1.13224,1.13227,1.31,1.00
2016.08.15 14:03:26.313,1.13223,1.13227,2.44,1.00
2016.08.15 14:03:27.413,1.13223,1.13228,2.81,1.00
2016.08.15 14:03:27.464,1.13223,1.13228,6.19,1.00
2016.08.15 14:03:27.515,1.13224,1.13228,1.31,1.00
2016.08.15 14:03:27.830,1.13224,1.13228,2.44,1.00
2016.08.15 14:03:27.903,1.13231,1.13237,1.00,1.87
2016.08.15 14:03:27.954,1.13231,1.13237,1.00,1.50
2016.08.15 14:03:28.056,1.13232,1.13237,1.00,1.12
2016.08.15 14:03:28.107,1.13232,1.13237,1.12,1.00
2016.08.15 14:03:28.158,1.13232,1.13239,1.12,1.37
2016.08.15 14:03:28.209,1.13234,1.13239,1.00,1.00
2016.08.15 14:03:28.260,1.13234,1.13239,1.50,1.00
2016.08.15 14:03:28.311,1.13234,1.1324,1.50,1.50
2016.08.15 14:03:28.362,1.13234,1.13239,1.50,1.00
2016.08.15 14:03:28.413,1.13234,1.1324,2.62,1.50
2016.08.15 14:03:28.464,1.13234,1.13239,2.62,1.00
2016.08.15 14:03:28.515,1.13235,1.13239,1.12,1.00
2016.08.15 14:03:28.566,1.13235,1.1324,1.12,1.50
2016.08.15 14:03:28.618,1.13234,1.13239,1.50,1.00
2016.08.15 14:03:28.670,1.13234,1.1324,1.50,1.00
2016.08.15 14:03:28.949,1.13236,1.13241,1.12,1.00
2016.08.15 14:03:29.000,1.13236,1.13241,1.87,1.00
2016.08.15 14:03:29.103,1.13236,1.1324,1.87,1.00
2016.08.15 14:03:29.154,1.13236,1.13239,2.06,1.00
2016.08.15 14:03:29.205,1.13235,1.13237,5.44,1.00
2016.08.15 14:03:29.546,1.13235,1.13238,2.06,1.00
2016.08.15 14:03:29.617,1.13227,1.13234,2.32,1.00
2016.08.15 14:03:29.668,1.13228,1.13235,1.00,1.50
2016.08.15 14:03:29.770,1.1323,1.13235,1.20,1.00
2016.08.15 14:03:29.821,1.13231,1.13236,1.12,1.00
2016.08.15 14:03:30.090,1.13233,1.13238,1.12,1.10
2016.08.15 14:03:30.141,1.13233,1.1324,3.00,2.25
2016.08.15 14:03:30.192,1.13234,1.1324,1.12,2.25
2016.08.15 14:03:30.243,1.13234,1.1324,2.25,2.25
2016.08.15 14:03:30.294,1.13234,1.1324,2.25,1.50
2016.08.15 14:03:30.345,1.13234,1.13239,2.25,1.00
2016.08.15 14:03:30.447,1.13235,1.13241,1.50,3.37
2016.08.15 14:03:30.498,1.13235,1.1324,2.25,1.50
2016.08.15 14:03:30.650,1.13235,1.13239,2.25,1.00
2016.08.15 14:03:30.701,1.13235,1.13239,1.00,1.00
2016.08.15 14:03:30.813,1.13235,1.1324,1.00,1.87
2016.08.15 14:03:30.864,1.13235,1.1324,1.00,2.62
2016.08.15 14:03:30.966,1.13235,1.1324,1.00,1.87
2016.08.15 14:03:31.328,1.13235,1.1324,1.00,2.62
2016.08.15 14:03:31.429,1.13235,1.1324,1.00,2.25
2016.08.15 14:03:31.593,1.13235,1.1324,1.00,1.50
2016.08.15 14:03:31.746,1.13235,1.1324,1.87,1.50
2016.08.15 14:03:31.797,1.13236,1.1324,1.12,1.50
2016.08.15 14:03:31.848,1.13236,1.1324,1.12,1.00
2016.08.15 14:03:31.900,1.13237,1.13242,1.00,1.65
2016.08.15 14:03:31.951,1.13237,1.13242,1.00,1.00
2016.08.15 14:03:32.499,1.13237,1.13242,2.62,1.00
2016.08.15 14:03:32.550,1.13237,1.13242,1.50,1.00
2016.08.15 14:03:32.601,1.13237,1.13242,3.75,1.00
2016.08.15 14:03:32.652,1.13237,1.13242,7.50,1.00
2016.08.15 14:03:32.828,1.13238,1.13243,1.87,1.00
2016.08.15 14:03:33.284,1.13239,1.13244,1.00,1.00
2016.08.15 14:03:33.335,1.13239,1.13244,1.50,1.00
2016.08.15 14:03:33.386,1.13239,1.13244,2.25,1.00
2016.08.15 14:03:33.437,1.1324,1.13246,1.00,2.70
2016.08.15 14:03:33.488,1.13239,1.13245,2.25,1.00
2016.08.15 14:03:33.981,1.13239,1.13245,2.25,3.75
2016.08.15 14:03:34.033,1.13237,1.13242,1.00,1.12
2016.08.15 14:03:35.872,1.13236,1.13243,1.00,1.37
2016.08.15 14:03:35.923,1.13236,1.13243,1.00,1.00
2016.08.15 14:03:35.975,1.13237,1.13245,1.00,3.52
2016.08.15 14:03:36.026,1.13237,1.13245,3.00,2.02
2016.08.15 14:03:36.077,1.13237,1.13245,3.00,1.65
2016.08.15 14:03:36.128,1.13239,1.13245,1.00,1.65
2016.08.15 14:03:36.179,1.13239,1.13245,1.00,1.50
2016.08.15 14:03:36.544,1.13238,1.13244,1.12,1.00
2016.08.15 14:03:36.916,1.13238,1.13244,1.87,1.00
2016.08.15 14:03:37.245,1.13238,1.13244,6.00,1.00
2016.08.15 14:03:37.297,1.13239,1.13244,1.87,1.00
2016.08.15 14:03:37.348,1.13239,1.13244,1.00,1.00
2016.08.15 14:03:37.553,1.13239,1.13244,1.50,1.00
2016.08.15 14:03:37.707,1.13239,1.13244,2.91,1.00
2016.08.15 14:03:37.759,1.13239,1.13244,3.66,1.00
2016.08.15 14:03:38.000,1.13239,1.13244,4.31,1.00
2016.08.15 14:03:38.052,1.13241,1.13246,1.50,1.50
2016.08.15 14:03:38.103,1.13241,1.13245,1.50,1.00
2016.08.15 14:03:38.205,1.13241,1.13247,1.50,1.12
2016.08.15 14:03:38.256,1.13241,1.13247,2.62,1.12
2016.08.15 14:03:38.509,1.13241,1.13247,2.62,1.00
2016.08.15 14:03:38.719,1.13241,1.13247,2.62,1.50
2016.08.15 14:03:38.922,1.13241,1.13247,3.00,1.50
2016.08.15 14:03:39.024,1.13242,1.13248,1.00,1.50
2016.08.15 14:03:39.075,1.13241,1.13247,1.00,1.00
2016.08.15 14:03:39.397,1.13241,1.13245,1.00,1.00
2016.08.15 14:03:39.652,1.1324,1.13245,2.62,1.50
2016.08.15 14:03:39.703,1.13241,1.13246,1.00,1.50
2016.08.15 14:03:39.805,1.13241,1.13245,1.00,1.00
2016.08.15 14:03:39.856,1.13241,1.13245,1.25,1.00
2016.08.15 14:03:39.907,1.13241,1.13245,1.69,1.00
2016.08.15 14:03:40.008,1.13241,1.13246,1.69,1.50
2016.08.15 14:03:40.111,1.13241,1.13245,1.69,1.00
2016.08.15 14:03:40.212,1.13241,1.13246,1.25,1.50
2016.08.15 14:03:40.757,1.1324,1.13243,4.31,1.00
2016.08.15 14:03:40.808,1.1324,1.13243,2.62,1.00
2016.08.15 14:03:40.859,1.13238,1.13243,2.06,1.50
2016.08.15 14:03:40.911,1.13238,1.13243,1.69,1.00
2016.08.15 14:03:41.063,1.13238,1.13243,2.06,1.00
2016.08.15 14:03:41.756,1.13238,1.13242,2.44,1.00
2016.08.15 14:03:41.807,1.13238,1.13242,2.44,1.00
2016.08.15 14:03:42.082,1.13238,1.1324,2.06,1.00
2016.08.15 14:03:42.234,1.13238,1.1324,2.06,1.00
2016.08.15 14:03:42.286,1.13235,1.13237,3.19,1.00
2016.08.15 14:03:42.337,1.13233,1.13236,4.76,1.35
2016.08.15 14:03:42.388,1.13233,1.13236,1.57,1.72
2016.08.15 14:03:42.440,1.13232,1.13235,1.69,1.00
2016.08.15 14:03:42.731,1.13231,1.13235,2.81,1.00
2016.08.15 14:03:42.792,1.13231,1.13235,2.81,1.50
2016.08.15 14:03:42.843,1.13231,1.13235,2.06,1.00
2016.08.15 14:03:42.893,1.13231,1.13237,2.06,1.00
2016.08.15 14:03:42.945,1.13231,1.13237,2.06,1.00
2016.08.15 14:03:43.230,1.1323,1.13236,7.87,1.00
2016.08.15 14:03:43.282,1.1323,1.13236,4.12,2.82
2016.08.15 14:03:43.333,1.1323,1.13235,2.62,1.00
2016.08.15 14:03:43.384,1.1323,1.13234,2.62,1.00
2016.08.15 14:03:43.435,1.1323,1.13234,1.87,1.00
2016.08.15 14:03:43.715,1.1323,1.13234,1.00,1.00
2016.08.15 14:03:43.766,1.1323,1.13236,1.50,1.87
2016.08.15 14:03:43.817,1.1323,1.13235,1.50,1.00
2016.08.15 14:03:43.919,1.1323,1.13235,1.87,1.00
2016.08.15 14:03:43.970,1.1323,1.13234,1.87,1.00
2016.08.15 14:03:44.021,1.13229,1.13233,2.06,1.00
2016.08.15 14:03:44.072,1.13229,1.13234,2.81,1.00
2016.08.15 14:03:44.123,1.1323,1.13235,1.87,1.50
2016.08.15 14:03:44.226,1.1323,1.13235,1.00,1.50
2016.08.15 14:03:44.528,1.1323,1.13235,1.87,1.50
2016.08.15 14:03:44.630,1.1323,1.13234,1.87,1.00
2016.08.15 14:03:44.732,1.1323,1.13233,1.00,1.00
2016.08.15 14:03:45.380,1.13229,1.13231,1.25,1.27
2016.08.15 14:03:45.432,1.13224,1.13228,1.69,1.00
2016.08.15 14:03:45.736,1.13225,1.13228,1.25,1.00
2016.08.15 14:03:45.790,1.13227,1.1323,1.50,1.00
2016.08.15 14:03:45.842,1.13229,1.13234,1.50,1.20
2016.08.15 14:03:45.893,1.1323,1.13235,1.00,2.62
2016.08.15 14:03:45.944,1.1323,1.13235,1.00,1.87
2016.08.15 14:03:45.995,1.1323,1.13235,1.00,1.12
2016.08.15 14:03:46.147,1.13229,1.13235,2.44,1.12
2016.08.15 14:03:46.198,1.13229,1.13235,2.44,1.50
2016.08.15 14:03:46.775,1.13229,1.13235,2.44,1.00
2016.08.15 14:03:46.826,1.13229,1.13232,1.69,1.00
2016.08.15 14:03:46.877,1.13229,1.13233,1.31,1.12
2016.08.15 14:03:46.928,1.13228,1.13231,1.69,1.00
2016.08.15 14:03:46.979,1.13226,1.13231,2.44,1.00
2016.08.15 14:03:47.030,1.13226,1.1323,2.06,1.00
2016.08.15 14:03:47.131,1.13226,1.1323,3.56,1.00
2016.08.15 14:03:47.233,1.13226,1.13231,2.81,1.00
2016.08.15 14:03:47.385,1.13227,1.13232,1.00,1.00
2016.08.15 14:03:47.436,1.13228,1.13231,1.00,1.00
2016.08.15 14:03:47.538,1.13228,1.13232,1.25,1.00
2016.08.15 14:03:47.891,1.13228,1.13233,1.25,1.87
2016.08.15 14:03:47.942,1.13228,1.13231,1.25,1.00
2016.08.15 14:03:48.810,1.13228,1.1323,1.25,1.00
2016.08.15 14:03:49.383,1.13228,1.13231,1.25,1.00
2016.08.15 14:03:49.613,1.13228,1.1323,1.25,1.00
2016.08.15 14:03:49.714,1.13228,1.13231,1.25,1.50
2016.08.15 14:03:49.816,1.13228,1.1323,1.25,1.00
2016.08.15 14:03:49.867,1.13228,1.13229,1.25,1.00
2016.08.15 14:03:49.918,1.13228,1.13232,1.25,1.87
2016.08.15 14:03:50.020,1.13228,1.13232,1.25,1.12
2016.08.15 14:03:50.122,1.13228,1.13232,1.25,1.00
2016.08.15 14:03:50.634,1.13228,1.13232,2.06,1.00
2016.08.15 14:03:50.686,1.13228,1.13233,2.81,1.00
2016.08.15 14:03:50.737,1.13228,1.13233,2.44,1.00
2016.08.15 14:03:50.840,1.13228,1.13233,3.56,1.00
2016.08.15 14:03:51.553,1.13228,1.13233,2.81,1.00
2016.08.15 14:03:51.708,1.13228,1.13233,2.06,1.00
2016.08.15 14:03:51.978,1.13228,1.13233,2.81,1.00
2016.08.15 14:03:52.234,1.13228,1.13233,1.25,1.00
2016.08.15 14:03:52.807,1.13227,1.13233,4.69,1.00
2016.08.15 14:03:53.010,1.13228,1.13233,1.25,1.00
2016.08.15 14:03:53.443,1.13228,1.13231,1.25,1.00
2016.08.15 14:03:53.495,1.13227,1.1323,1.19,1.00
2016.08.15 14:03:53.596,1.13225,1.1323,2.44,1.00
2016.08.15 14:03:53.649,1.13225,1.1323,1.25,1.00
2016.08.15 14:03:53.853,1.13223,1.13225,3.19,1.00
2016.08.15 14:03:53.904,1.13223,1.13225,1.87,1.00
2016.08.15 14:03:53.957,1.13222,1.13224,1.25,1.00
2016.08.15 14:03:54.265,1.13219,1.13224,2.44,1.00
2016.08.15 14:03:54.368,1.1322,1.13224,1.25,1.00
2016.08.15 14:03:55.020,1.13222,1.13223,1.25,1.00
2016.08.15 14:03:55.482,1.13222,1.13225,1.25,1.00
2016.08.15 14:03:55.634,1.13222,1.13228,1.25,1.20
2016.08.15 14:03:55.685,1.13223,1.13228,1.12,1.20
2016.08.15 14:03:55.736,1.13222,1.13228,4.16,1.00
2016.08.15 14:03:56.216,1.13222,1.13228,2.29,1.00
2016.08.15 14:03:56.267,1.13221,1.13226,3.94,1.00
2016.08.15 14:03:56.318,1.13222,1.13227,1.31,1.00
2016.08.15 14:03:56.369,1.13222,1.13227,2.06,1.00
2016.08.15 14:03:56.420,1.13223,1.13229,1.00,1.00
2016.08.15 14:03:56.472,1.13223,1.13228,2.25,1.00
2016.08.15 14:03:56.574,1.13224,1.13229,3.00,1.00
2016.08.15 14:03:56.675,1.13224,1.13229,4.12,1.00
2016.08.15 14:03:56.727,1.13224,1.13229,4.50,1.00
2016.08.15 14:03:56.778,1.13224,1.13231,6.56,1.50
2016.08.15 14:03:57.027,1.13225,1.13231,2.06,1.50
2016.08.15 14:03:57.078,1.13226,1.1323,1.12,1.00
2016.08.15 14:03:57.129,1.13225,1.13231,3.94,1.50
2016.08.15 14:03:57.231,1.13225,1.13231,3.56,1.50
2016.08.15 14:03:57.282,1.13225,1.13231,4.31,1.50
2016.08.15 14:03:57.334,1.13225,1.1323,4.39,1.00
2016.08.15 14:03:57.553,1.13225,1.13231,3.94,1.50
2016.08.15 14:03:57.655,1.13225,1.1323,4.01,1.00
2016.08.15 14:03:57.767,1.13226,1.1323,1.00,1.00
2016.08.15 14:03:58.105,1.13227,1.13231,1.00,1.00
2016.08.15 14:03:58.629,1.13226,1.1323,2.25,1.00
2016.08.15 14:03:58.681,1.13226,1.1323,1.00,1.00
2016.08.15 14:03:59.082,1.13226,1.13231,1.00,1.50
2016.08.15 14:03:59.135,1.13226,1.1323,1.00,1.00
2016.08.15 14:03:59.186,1.13225,1.1323,4.01,1.50
2016.08.15 14:03:59.238,1.13225,1.1323,3.19,1.00
2016.08.15 14:03:59.543,1.13225,1.1323,3.19,1.50
2016.08.15 14:03:59.893,1.13225,1.1323,2.06,1.00
2016.08.15 14:03:59.944,1.13227,1.1323,1.00,1.00
2016.08.15 14:04:00.046,1.13227,1.13232,1.00,1.00
2016.08.15 14:04:00.494,1.13229,1.13234,1.69,1.00
2016.08.15 14:04:00.546,1.13229,1.13234,1.25,1.00
2016.08.15 14:04:00.649,1.1323,1.13234,1.00,1.00
2016.08.15 14:04:00.701,1.1323,1.13235,1.50,1.50
2016.08.15 14:04:00.855,1.13231,1.13235,1.00,1.00
2016.08.15 14:04:01.236,1.13229,1.13235,1.25,1.50
2016.08.15 14:04:01.288,1.13228,1.13235,3.94,1.50
2016.08.15 14:04:01.339,1.13228,1.13235,3.94,1.00
2016.08.15 14:04:01.391,1.13229,1.13235,1.25,1.00
2016.08.15 14:04:01.647,1.13228,1.13235,4.69,1.50
2016.08.15 14:04:01.802,1.13228,1.13235,5.44,1.50
2016.08.15 14:04:01.853,1.13228,1.13235,3.56,1.50
2016.08.15 14:04:02.129,1.13229,1.13235,1.25,1.50
2016.08.15 14:04:02.180,1.1323,1.13235,1.25,1.00
2016.08.15 14:04:02.333,1.1323,1.13235,1.25,1.50
2016.08.15 14:04:02.587,1.1323,1.13235,1.69,1.50
2016.08.15 14:04:02.638,1.13231,1.13235,1.00,1.00
2016.08.15 14:04:02.689,1.13231,1.13235,2.81,1.00
2016.08.15 14:04:02.740,1.13231,1.13236,2.81,1.50
2016.08.15 14:04:02.791,1.13233,1.13236,1.00,1.00
2016.08.15 14:04:03.370,1.13229,1.13232,1.00,1.00
2016.08.15 14:04:03.422,1.13228,1.13232,1.69,1.00
2016.08.15 14:04:03.473,1.13228,1.13234,1.69,1.12
2016.08.15 14:04:03.524,1.13228,1.13234,1.25,1.12
2016.08.15 14:04:04.084,1.13228,1.13231,1.25,1.00
2016.08.15 14:04:04.352,1.13228,1.13233,1.69,1.00
2016.08.15 14:04:04.506,1.13228,1.13232,1.25,1.00
2016.08.15 14:04:04.557,1.13228,1.13233,1.69,1.00
2016.08.15 14:04:04.609,1.13228,1.13232,1.25,1.00
2016.08.15 14:04:04.660,1.13228,1.13233,1.69,1.00
2016.08.15 14:04:04.780,1.13228,1.13231,1.25,1.00
2016.08.15 14:04:04.881,1.13228,1.1323,1.25,1.00
2016.08.15 14:04:05.198,1.13228,1.13232,1.25,1.00
2016.08.15 14:04:05.351,1.13227,1.13232,1.69,1.00
2016.08.15 14:04:05.402,1.13228,1.13233,1.25,1.00
2016.08.15 14:04:05.504,1.13229,1.13234,1.00,1.00
2016.08.15 14:04:05.945,1.1323,1.13234,1.00,1.00
2016.08.15 14:04:06.047,1.13229,1.13234,1.00,1.00
2016.08.15 14:04:06.387,1.13227,1.13234,2.44,1.00
2016.08.15 14:04:06.439,1.13227,1.13234,3.19,1.00
2016.08.15 14:04:07.216,1.13227,1.13234,3.19,1.12
2016.08.15 14:04:07.318,1.13228,1.13234,1.25,1.00
2016.08.15 14:04:07.470,1.13229,1.13234,1.00,1.00
2016.08.15 14:04:07.976,1.13228,1.13233,1.69,1.00
2016.08.15 14:04:08.027,1.13228,1.13234,1.69,1.50
2016.08.15 14:04:08.078,1.13228,1.13233,1.69,1.00
2016.08.15 14:04:08.129,1.13228,1.13233,1.00,1.37
2016.08.15 14:04:08.232,1.13229,1.13233,1.00,1.50
2016.08.15 14:04:08.283,1.13229,1.13234,1.00,4.20
2016.08.15 14:04:08.335,1.13231,1.13234,1.00,1.95
2016.08.15 14:04:08.386,1.13231,1.13234,1.00,1.87
2016.08.15 14:04:08.437,1.13232,1.13235,1.00,1.65
2016.08.15 14:04:08.488,1.13233,1.13236,1.00,1.87
2016.08.15 14:04:08.733,1.13233,1.13237,1.00,4.20
2016.08.15 14:04:08.784,1.13233,1.13237,1.00,1.45
2016.08.15 14:04:08.835,1.13234,1.13238,1.00,2.62
2016.08.15 14:04:08.886,1.13234,1.13238,1.00,2.25
2016.08.15 14:04:08.937,1.13233,1.13238,1.00,1.10
2016.08.15 14:04:08.989,1.13235,1.13238,1.50,1.10
2016.08.15 14:04:09.040,1.13235,1.13238,1.50,1.00
2016.08.15 14:04:09.092,1.13235,1.13239,1.50,1.20
2016.08.15 14:04:09.143,1.13235,1.1324,1.50,1.27
2016.08.15 14:04:09.195,1.13237,1.13241,1.00,2.25
2016.08.15 14:04:09.246,1.13237,1.13241,1.00,1.65
2016.08.15 14:04:09.348,1.13238,1.13242,1.00,4.50
2016.08.15 14:04:09.400,1.13236,1.13242,1.00,4.50
2016.08.15 14:04:09.636,1.13236,1.13242,1.00,3.75
2016.08.15 14:04:09.687,1.13237,1.13242,1.00,3.37
2016.08.15 14:04:09.851,1.13237,1.13242,1.00,4.12
2016.08.15 14:04:10.108,1.13238,1.13242,1.00,3.00
2016.08.15 14:04:10.211,1.13238,1.13242,1.00,2.25
2016.08.15 14:04:10.262,1.13238,1.13243,1.00,5.70
2016.08.15 14:04:10.313,1.13238,1.13243,1.00,4.95
2016.08.15 14:04:10.873,1.13238,1.13243,1.00,2.62
2016.08.15 14:04:10.924,1.13239,1.13243,1.00,1.50
2016.08.15 14:04:11.104,1.13237,1.13243,1.00,1.50
2016.08.15 14:04:11.331,1.13237,1.13243,1.00,2.62
2016.08.15 14:04:11.535,1.13238,1.13243,1.00,1.50
2016.08.15 14:04:11.586,1.13239,1.13243,1.00,2.10
2016.08.15 14:04:12.015,1.13239,1.13243,1.00,1.50
2016.08.15 14:04:12.117,1.13239,1.13243,1.00,1.87
2016.08.15 14:04:12.219,1.13237,1.13242,1.00,2.85
2016.08.15 14:04:12.270,1.13236,1.13241,1.69,2.25
2016.08.15 14:04:12.372,1.13237,1.13242,1.69,2.25
2016.08.15 14:04:12.424,1.13237,1.13242,1.25,1.00
2016.08.15 14:04:12.476,1.13237,1.13242,1.25,1.80
2016.08.15 14:04:12.527,1.13238,1.13239,1.00,1.00
2016.08.15 14:04:12.579,1.13236,1.13241,1.69,2.25
2016.08.15 14:04:12.833,1.13236,1.13241,1.69,3.00
2016.08.15 14:04:12.931,1.13234,1.13239,1.12,1.00
2016.08.15 14:04:12.982,1.13234,1.13239,1.00,1.00
2016.08.15 14:04:13.135,1.13234,1.13239,1.00,1.12
2016.08.15 14:04:13.186,1.13234,1.13239,1.50,1.12
2016.08.15 14:04:13.338,1.13234,1.13239,1.50,1.50
2016.08.15 14:04:13.390,1.13235,1.13239,1.00,1.50
2016.08.15 14:04:13.441,1.13235,1.13239,1.00,1.97
2016.08.15 14:04:13.677,1.13235,1.13239,1.00,1.13
2016.08.15 14:04:13.729,1.13234,1.13239,1.00,1.13
2016.08.15 14:04:13.831,1.13236,1.13239,1.00,1.00
2016.08.15 14:04:13.882,1.13236,1.13241,1.00,1.20
2016.08.15 14:04:13.984,1.13237,1.13241,1.00,1.00
2016.08.15 14:04:14.035,1.13237,1.13242,1.00,1.95
2016.08.15 14:04:14.086,1.13237,1.13242,1.00,1.00
2016.08.15 14:04:14.138,1.13238,1.13242,1.00,1.12
2016.08.15 14:04:14.189,1.13238,1.13243,1.00,2.25
2016.08.15 14:04:14.240,1.13238,1.13243,1.00,1.87
2016.08.15 14:04:14.757,1.1324,1.13245,1.50,2.25
2016.08.15 14:04:14.808,1.1324,1.13244,1.50,1.00
2016.08.15 14:04:14.910,1.13241,1.13244,1.00,1.00
2016.08.15 14:04:15.012,1.13241,1.13246,1.00,1.50
2016.08.15 14:04:15.114,1.13242,1.13246,1.00,1.00
2016.08.15 14:04:15.217,1.13242,1.13247,1.00,2.02
2016.08.15 14:04:15.321,1.13242,1.13245,1.00,1.00
2016.08.15 14:04:15.714,1.1324,1.13245,1.00,1.00
2016.08.15 14:04:15.816,1.13239,1.13245,2.81,1.00
2016.08.15 14:04:15.867,1.13242,1.13245,1.00,1.00
2016.08.15 14:04:15.918,1.13242,1.13249,1.00,3.82
2016.08.15 14:04:15.969,1.13245,1.13249,1.00,1.57
2016.08.15 14:04:16.021,1.13244,1.13249,2.44,1.20
2016.08.15 14:04:16.073,1.13245,1.1325,1.00,1.00
2016.08.15 14:04:16.125,1.13245,1.13251,1.00,3.07
2016.08.15 14:04:16.177,1.13244,1.13247,1.69,1.00
2016.08.15 14:04:16.477,1.13244,1.13248,1.00,1.50
2016.08.15 14:04:16.529,1.13241,1.13245,1.25,1.00
2016.08.15 14:04:16.683,1.13239,1.13244,1.69,1.00
2016.08.15 14:04:16.785,1.13239,1.13243,1.25,1.00
2016.08.15 14:04:17.734,1.1324,1.13245,1.00,2.25
2016.08.15 14:04:17.785,1.13239,1.13244,1.69,1.00
2016.08.15 14:04:18.114,1.13239,1.13244,1.69,1.50
2016.08.15 14:04:18.165,1.13239,1.13244,1.69,1.87
2016.08.15 14:04:18.318,1.1324,1.13244,1.00,1.12
2016.08.15 14:04:18.420,1.1324,1.13244,1.50,1.12
2016.08.15 14:04:18.801,1.1324,1.13244,1.50,1.12
2016.08.15 14:04:18.903,1.13239,1.13242,1.25,1.00
2016.08.15 14:04:19.006,1.13239,1.13242,1.25,1.50
2016.08.15 14:04:19.108,1.13239,1.13242,1.25,1.00
2016.08.15 14:04:19.362,1.13239,1.13243,1.25,1.50
2016.08.15 14:04:19.427,1.1324,1.13243,1.00,1.00
2016.08.15 14:04:19.725,1.1324,1.13245,1.00,3.90
2016.08.15 14:04:19.777,1.1324,1.13245,1.50,2.40
2016.08.15 14:04:19.930,1.1324,1.13245,1.00,2.40
2016.08.15 14:04:20.142,1.1324,1.13245,1.00,1.65
2016.08.15 14:04:20.193,1.1324,1.13245,1.50,1.65
2016.08.15 14:04:20.244,1.1324,1.13245,1.00,2.25
2016.08.15 14:04:20.295,1.13239,1.13243,1.25,1.50
2016.08.15 14:04:20.347,1.13239,1.13242,1.25,1.00
2016.08.15 14:04:20.653,1.13238,1.13241,1.00,1.00
2016.08.15 14:04:20.705,1.13236,1.13242,2.44,1.50
2016.08.15 14:04:21.384,1.13236,1.13242,2.44,2.62
2016.08.15 14:04:21.498,1.13236,1.13242,3.56,2.62
2016.08.15 14:04:21.549,1.13236,1.13242,2.06,4.12
2016.08.15 14:04:21.845,1.13236,1.1324,1.25,1.00
2016.08.15 14:04:22.055,1.13236,1.1324,1.69,1.00
2016.08.15 14:04:22.156,1.13236,1.13241,1.69,2.25
2016.08.15 14:04:22.207,1.13235,1.13237,1.00,1.00
2016.08.15 14:04:22.310,1.13234,1.13237,1.12,1.00
2016.08.15 14:04:22.363,1.13234,1.13236,1.50,1.00
2016.08.15 14:04:22.466,1.13234,1.13238,1.00,1.50
2016.08.15 14:04:22.851,1.13233,1.13236,2.81,1.00
2016.08.15 14:04:23.004,1.13233,1.13235,1.25,1.00
2016.08.15 14:04:23.055,1.13231,1.13234,2.06,1.00
2016.08.15 14:04:23.106,1.13231,1.13235,2.44,1.00
2016.08.15 14:04:23.208,1.13231,1.13235,3.56,1.00
2016.08.15 14:04:23.309,1.13231,1.13235,2.81,1.50
2016.08.15 14:04:23.421,1.13231,1.13235,3.56,1.00
2016.08.15 14:04:23.703,1.13231,1.13237,3.94,1.00
2016.08.15 14:04:23.754,1.13233,1.13237,1.25,1.00
2016.08.15 14:04:24.061,1.13233,1.13237,1.69,1.00
2016.08.15 14:04:24.112,1.13233,1.13237,2.06,1.00
2016.08.15 14:04:24.163,1.13234,1.13239,1.31,1.50
2016.08.15 14:04:24.214,1.13235,1.13239,1.00,1.00
2016.08.15 14:04:24.366,1.13236,1.1324,1.69,1.00
2016.08.15 14:04:24.417,1.13236,1.1324,2.06,1.00
2016.08.15 14:04:24.987,1.13236,1.13238,1.25,1.00
2016.08.15 14:04:25.517,1.13235,1.13238,1.25,1.00
2016.08.15 14:04:25.619,1.13235,1.13239,1.25,1.00
2016.08.15 14:04:25.859,1.13235,1.13239,1.25,1.00
2016.08.15 14:04:26.189,1.13235,1.13239,1.25,1.50
2016.08.15 14:04:26.937,1.13235,1.13239,1.25,2.25
2016.08.15 14:04:27.090,1.13235,1.13239,1.31,2.25
2016.08.15 14:04:27.141,1.13235,1.13239,2.44,1.00
2016.08.15 14:04:27.192,1.13236,1.1324,1.25,1.50
2016.08.15 14:04:27.295,1.13236,1.1324,1.69,1.50
2016.08.15 14:04:27.346,1.13236,1.1324,1.69,1.00
2016.08.15 14:04:27.397,1.13236,1.13242,1.25,1.00
2016.08.15 14:04:27.448,1.13237,1.1324,1.25,1.00
2016.08.15 14:04:27.996,1.13237,1.13241,1.25,1.00
2016.08.15 14:04:28.150,1.13237,1.13239,1.25,1.00
2016.08.15 14:04:28.201,1.13234,1.13235,1.50,1.35
2016.08.15 14:04:28.456,1.13229,1.13232,3.37,1.00
2016.08.15 14:04:28.507,1.13225,1.13228,2.44,1.00
2016.08.15 14:04:28.745,1.13225,1.13227,1.56,1.10
2016.08.15 14:04:28.798,1.13224,1.13229,1.37,2.62
2016.08.15 14:04:28.852,1.13227,1.13229,1.00,1.87
2016.08.15 14:04:28.903,1.13228,1.13229,1.00,1.00
2016.08.15 14:04:28.972,1.13227,1.1323,1.00,1.75
2016.08.15 14:04:29.024,1.1323,1.13233,1.00,3.00
2016.08.15 14:04:29.075,1.1323,1.13234,1.00,1.87
2016.08.15 14:04:29.126,1.1323,1.13234,1.00,1.50
2016.08.15 14:04:29.177,1.1323,1.13235,1.00,1.95
2016.08.15 14:04:29.465,1.13233,1.13237,1.00,1.20
2016.08.15 14:04:30.424,1.1323,1.13234,1.25,1.00
2016.08.15 14:04:30.527,1.13229,1.13234,1.69,1.00
2016.08.15 14:04:30.680,1.13229,1.13232,1.69,1.00
2016.08.15 14:04:30.783,1.13228,1.13232,2.06,1.00
2016.08.15 14:04:30.936,1.13228,1.13232,1.69,1.00
2016.08.15 14:04:31.038,1.13228,1.13231,1.19,1.00
2016.08.15 14:04:31.583,1.13227,1.13231,2.06,1.00
2016.08.15 14:04:31.634,1.13227,1.13231,2.06,1.00
2016.08.15 14:04:31.685,1.13227,1.13231,2.44,1.00
2016.08.15 14:04:31.736,1.13227,1.13231,1.69,1.00
2016.08.15 14:04:32.296,1.13227,1.1323,1.31,1.00
2016.08.15 14:04:32.593,1.13227,1.1323,1.25,1.00
2016.08.15 14:04:32.665,1.13226,1.13229,1.31,1.00
2016.08.15 14:04:33.034,1.13226,1.13229,1.56,1.00
2016.08.15 14:04:33.085,1.13225,1.13229,1.50,1.00
2016.08.15 14:04:33.237,1.13225,1.13229,1.37,1.00
2016.08.15 14:04:33.569,1.13227,1.13229,3.75,1.00
2016.08.15 14:04:33.621,1.13228,1.1323,3.37,1.00
2016.08.15 14:04:33.672,1.13228,1.13231,3.37,1.50
2016.08.15 14:04:33.724,1.13228,1.1323,3.37,1.00
2016.08.15 14:04:33.876,1.13228,1.1323,4.12,1.00
2016.08.15 14:04:33.928,1.13228,1.13234,4.12,1.20
2016.08.15 14:04:33.979,1.13228,1.13234,4.87,1.20
2016.08.15 14:04:34.030,1.13229,1.13235,3.37,4.12
2016.08.15 14:04:34.082,1.13231,1.13235,1.37,2.62
2016.08.15 14:04:34.133,1.13232,1.13234,3.37,1.00
2016.08.15 14:04:34.406,1.13229,1.13235,5.35,1.12
2016.08.15 14:04:34.457,1.13229,1.13233,1.79,1.00
2016.08.15 14:04:34.508,1.13229,1.13232,1.29,1.00
2016.08.15 14:04:34.559,1.13229,1.13234,1.00,1.00
2016.08.15 14:04:34.610,1.13229,1.13233,1.50,1.00
2016.08.15 14:04:34.661,1.13232,1.13234,1.29,1.00
2016.08.15 14:04:34.865,1.13229,1.13232,1.00,1.00
2016.08.15 14:04:35.548,1.1323,1.13234,1.72,1.00
2016.08.15 14:04:35.700,1.1323,1.13234,1.29,1.00
2016.08.15 14:04:36.055,1.13229,1.13233,1.72,1.00
2016.08.15 14:04:36.106,1.13229,1.13233,1.29,1.00
2016.08.15 14:04:36.157,1.13228,1.13233,2.06,1.00
2016.08.15 14:04:36.208,1.13229,1.13233,1.00,1.00
2016.08.15 14:04:36.528,1.13227,1.13232,1.00,1.00
2016.08.15 14:04:36.630,1.13226,1.13232,6.19,1.00
2016.08.15 14:04:36.681,1.13226,1.13232,5.44,1.00
2016.08.15 14:04:36.732,1.13229,1.13233,1.00,1.00
2016.08.15 14:04:36.783,1.13227,1.13233,1.00,1.00
2016.08.15 14:04:36.834,1.13227,1.13233,1.87,1.00
2016.08.15 14:04:37.831,1.13227,1.13233,2.62,1.00
2016.08.15 14:04:38.235,1.13227,1.13233,1.87,1.00
2016.08.15 14:04:38.285,1.13227,1.13231,1.12,1.00
2016.08.15 14:04:38.336,1.13226,1.13229,1.25,1.00
2016.08.15 14:04:38.438,1.13225,1.13229,4.01,1.00
2016.08.15 14:04:38.489,1.13225,1.13229,2.89,1.00
2016.08.15 14:04:39.047,1.13225,1.13229,2.81,1.00
2016.08.15 14:04:39.098,1.13225,1.13229,1.87,1.00
2016.08.15 14:04:39.301,1.13225,1.1323,1.87,1.00
2016.08.15 14:04:39.353,1.13226,1.1323,2.06,1.00
2016.08.15 14:04:39.404,1.13226,1.1323,3.19,1.00
2016.08.15 14:04:39.455,1.13228,1.13232,1.00,1.00
2016.08.15 14:04:40.244,1.13227,1.13231,1.25,1.00
2016.08.15 14:04:40.296,1.13226,1.1323,3.94,1.00
2016.08.15 14:04:40.347,1.13226,1.13228,2.81,1.00
2016.08.15 14:04:40.399,1.13226,1.13228,1.31,1.00
2016.08.15 14:04:40.450,1.13224,1.13228,1.04,1.00
2016.08.15 14:04:40.501,1.13224,1.13229,1.72,1.00
2016.08.15 14:04:40.553,1.13224,1.13229,1.12,1.00
2016.08.15 14:04:41.048,1.13224,1.1323,1.12,1.50
2016.08.15 14:04:41.150,1.13224,1.1323,1.12,1.00
2016.08.15 14:04:41.341,1.13225,1.1323,1.00,1.00
2016.08.15 14:04:41.392,1.13224,1.1323,2.84,1.50
2016.08.15 14:04:41.443,1.13224,1.13229,1.50,1.00
2016.08.15 14:04:41.494,1.13224,1.13229,1.00,1.00
2016.08.15 14:04:41.697,1.13225,1.1323,1.00,1.50
2016.08.15 14:04:42.009,1.13225,1.1323,1.00,1.00
2016.08.15 14:04:42.060,1.13225,1.1323,1.50,1.00
2016.08.15 14:04:42.214,1.13227,1.1323,1.00,1.00
2016.08.15 14:04:42.265,1.13227,1.13231,1.12,1.00
2016.08.15 14:04:42.317,1.13227,1.13232,1.12,1.20
2016.08.15 14:04:42.581,1.13226,1.13232,2.44,1.20
2016.08.15 14:04:42.636,1.13226,1.13232,1.25,1.00
2016.08.15 14:04:42.738,1.13226,1.13231,1.00,1.00
2016.08.15 14:04:42.789,1.13226,1.1323,1.00,1.00
2016.08.15 14:04:42.863,1.13225,1.1323,1.00,1.00
2016.08.15 14:04:43.181,1.13221,1.13228,5.44,1.00
2016.08.15 14:04:43.232,1.13222,1.13226,1.31,1.00
2016.08.15 14:04:43.385,1.13222,1.13225,1.31,1.00
2016.08.15 14:04:43.435,1.13222,1.13225,1.12,1.00
2016.08.15 14:04:43.486,1.13222,1.13225,1.00,1.00
2016.08.15 14:04:43.588,1.13225,1.13229,1.37,1.50
2016.08.15 14:04:43.639,1.13225,1.1323,2.06,2.70
2016.08.15 14:04:43.690,1.13225,1.1323,2.44,1.00
2016.08.15 14:04:43.741,1.13225,1.13231,1.69,1.65
2016.08.15 14:04:44.000,1.13225,1.1323,1.12,1.50
2016.08.15 14:04:44.052,1.13223,1.13227,1.00,1.00
2016.08.15 14:04:44.154,1.13223,1.13227,1.37,1.00
2016.08.15 14:04:44.206,1.13223,1.13228,2.25,1.00
2016.08.15 14:04:44.309,1.13225,1.1323,1.00,1.50
2016.08.15 14:04:44.360,1.13225,1.1323,1.12,1.50
2016.08.15 14:04:44.411,1.13224,1.13229,1.37,1.00
2016.08.15 14:04:44.462,1.13224,1.13229,1.00,1.00
2016.08.15 14:04:44.513,1.13223,1.13228,4.50,1.00
2016.08.15 14:04:44.564,1.13223,1.13228,3.75,1.00
2016.08.15 14:04:44.615,1.13224,1.13228,1.00,1.00
2016.08.15 14:04:44.988,1.13224,1.13228,1.50,1.00
2016.08.15 14:04:45.090,1.13224,1.1323,1.50,1.50
2016.08.15 14:04:45.205,1.13224,1.1323,1.50,1.00
2016.08.15 14:04:45.279,1.13223,1.13228,1.50,1.00
2016.08.15 14:04:45.381,1.13223,1.13227,1.87,1.00
2016.08.15 14:04:45.432,1.13222,1.13226,1.69,1.00
2016.08.15 14:04:45.483,1.13222,1.13225,1.62,1.00
2016.08.15 14:04:45.686,1.13222,1.13225,1.31,1.00
2016.08.15 14:04:46.273,1.13222,1.13225,1.25,1.50
2016.08.15 14:04:46.324,1.13219,1.13225,1.69,1.50
2016.08.15 14:04:46.375,1.13219,1.13225,1.31,1.50
2016.08.15 14:04:46.427,1.13219,1.13223,1.31,1.00
2016.08.15 14:04:46.479,1.13219,1.13223,1.12,1.00
2016.08.15 14:04:46.632,1.13217,1.13219,1.87,1.00
2016.08.15 14:04:46.684,1.13217,1.13218,1.12,1.00
2016.08.15 14:04:46.735,1.13215,1.13218,1.50,1.00
2016.08.15 14:04:46.786,1.13215,1.13218,1.12,1.00
2016.08.15 14:04:46.837,1.13214,1.13218,1.87,1.00
2016.08.15 14:04:46.888,1.13213,1.13217,1.69,1.00
2016.08.15 14:04:46.939,1.13213,1.13217,1.50,1.00
2016.08.15 14:04:47.231,1.13213,1.13217,1.37,1.00
2016.08.15 14:04:47.283,1.13214,1.13218,1.00,1.00
2016.08.15 14:04:47.385,1.13214,1.13218,1.12,1.00
2016.08.15 14:04:47.436,1.13214,1.13218,1.50,1.00
2016.08.15 14:04:47.487,1.13214,1.13218,2.00,1.00
2016.08.15 14:04:47.589,1.13214,1.13218,1.69,1.00
2016.08.15 14:04:47.640,1.13214,1.1322,1.69,1.00
2016.08.15 14:04:47.692,1.13214,1.1322,1.75,1.00
2016.08.15 14:04:47.743,1.13214,1.1322,4.12,1.00
2016.08.15 14:04:47.896,1.13214,1.13221,4.12,1.50
2016.08.15 14:04:48.197,1.13214,1.13219,3.37,1.00
2016.08.15 14:04:48.662,1.13214,1.13219,4.12,1.00
2016.08.15 14:04:48.713,1.13214,1.13219,2.25,1.00
2016.08.15 14:04:48.764,1.13213,1.13219,2.06,1.00
2016.08.15 14:04:48.816,1.13213,1.13218,2.62,1.00
2016.08.15 14:04:48.867,1.13214,1.13218,1.00,1.00
2016.08.15 14:04:49.251,1.13214,1.13218,1.12,1.00
2016.08.15 14:04:49.457,1.13213,1.13217,1.50,1.00
2016.08.15 14:04:49.508,1.13212,1.13217,1.12,1.00
2016.08.15 14:04:49.559,1.13211,1.13215,2.21,1.00
2016.08.15 14:04:49.611,1.1321,1.13213,2.32,1.00
2016.08.15 14:04:49.663,1.13209,1.13214,1.20,1.00
2016.08.15 14:04:49.998,1.1321,1.13214,1.00,1.00
2016.08.15 14:04:50.300,1.1321,1.13215,2.00,1.50
2016.08.15 14:04:50.352,1.13211,1.13215,1.50,1.50
2016.08.15 14:04:50.403,1.13212,1.13215,1.12,1.00
2016.08.15 14:04:50.454,1.13212,1.13215,1.37,1.00
2016.08.15 14:04:50.505,1.13212,1.13216,1.50,1.00
2016.08.15 14:04:50.708,1.13213,1.13215,1.00,1.00
2016.08.15 14:04:50.759,1.13217,1.13219,1.00,1.00
2016.08.15 14:04:50.810,1.13215,1.13218,1.87,1.00
2016.08.15 14:04:50.862,1.13218,1.1322,1.00,1.00
2016.08.15 14:04:50.913,1.13219,1.13222,1.12,3.37
2016.08.15 14:04:50.964,1.13218,1.13223,1.50,1.75
2016.08.15 14:04:51.015,1.13219,1.13223,1.12,1.37
2016.08.15 14:04:51.257,1.13219,1.13223,1.00,1.37
2016.08.15 14:04:51.311,1.13219,1.13223,1.50,1.00
2016.08.15 14:04:51.481,1.13219,1.13225,1.50,1.50
2016.08.15 14:04:51.583,1.13219,1.13224,1.00,1.00
2016.08.15 14:04:52.336,1.1322,1.13224,1.00,1.00
2016.08.15 14:04:52.438,1.13217,1.13222,2.25,1.00
2016.08.15 14:04:52.489,1.13218,1.13222,1.00,1.00
2016.08.15 14:04:52.540,1.13218,1.13225,1.00,2.25
2016.08.15 14:04:52.591,1.13218,1.13225,1.00,1.87
2016.08.15 14:04:52.642,1.13218,1.13222,1.00,1.00
2016.08.15 14:04:52.743,1.13218,1.13222,1.12,1.00
2016.08.15 14:04:52.794,1.13219,1.13223,1.00,1.00
2016.08.15 14:04:53.433,1.13219,1.13224,1.00,1.00
2016.08.15 14:04:53.974,1.1322,1.13224,1.00,1.00
2016.08.15 14:04:54.822,1.1322,1.13223,1.00,1.00
2016.08.15 14:04:54.925,1.13218,1.13223,1.87,1.00
2016.08.15 14:04:56.116,1.13218,1.13223,1.00,1.00
2016.08.15 14:04:56.269,1.13218,1.13223,1.12,1.00
2016.08.15 14:04:56.793,1.13216,1.1322,2.06,1.00
2016.08.15 14:04:56.844,1.13216,1.1322,2.06,1.50
2016.08.15 14:04:56.895,1.13216,1.1322,2.06,1.00
2016.08.15 14:04:56.996,1.13216,1.1322,1.62,1.00
2016.08.15 14:04:57.047,1.13215,1.13219,2.44,1.00
2016.08.15 14:04:57.335,1.13216,1.13221,2.81,1.00
2016.08.15 14:04:57.386,1.13219,1.13223,1.50,1.00
2016.08.15 14:04:57.436,1.13219,1.13223,1.12,1.00
2016.08.15 14:04:57.846,1.13218,1.13223,1.00,1.00
2016.08.15 14:04:58.220,1.1322,1.13225,1.00,1.00
2016.08.15 14:04:58.271,1.1322,1.13225,1.00,1.50
2016.08.15 14:04:58.322,1.13221,1.13225,1.00,1.00
2016.08.15 14:04:58.373,1.13219,1.13223,1.00,1.00
2016.08.15 14:04:58.476,1.13217,1.13222,1.00,1.00
2016.08.15 14:04:59.115,1.13217,1.13222,1.12,1.00
2016.08.15 14:04:59.608,1.13216,1.13221,3.19,1.00
2016.08.15 14:04:59.659,1.13216,1.13221,2.81,1.00
2016.08.15 14:04:59.710,1.13216,1.1322,1.25,1.00
2016.08.15 14:04:59.761,1.13215,1.13219,3.41,1.00
2016.08.15 14:04:59.812,1.13215,1.13219,1.20,1.00
2016.08.15 14:04:59.863,1.13215,1.1322,1.37,1.50
2016.08.15 14:05:00.359,1.13215,1.1322,1.00,1.50
2016.08.15 14:05:00.410,1.13215,1.1322,1.50,1.00
2016.08.15 14:05:00.462,1.13215,1.1322,1.50,1.50
2016.08.15 14:05:00.514,1.13216,1.1322,1.00,1.00
2016.08.15 14:05:00.566,1.13215,1.1322,1.00,1.50
2016.08.15 14:05:00.668,1.13215,1.1322,1.50,1.50
2016.08.15 14:05:00.719,1.13215,1.13219,1.00,1.00
2016.08.15 14:05:00.923,1.13215,1.1322,2.25,1.00
2016.08.15 14:05:01.315,1.13215,1.1322,2.25,1.50
2016.08.15 14:05:01.455,1.13215,1.1322,3.00,1.50
2016.08.15 14:05:01.557,1.1322,1.13222,1.00,1.00
2016.08.15 14:05:01.608,1.13218,1.13221,1.00,1.00
2016.08.15 14:05:01.659,1.13218,1.13224,1.00,1.27
2016.08.15 14:05:01.711,1.13217,1.13224,2.62,1.12
2016.08.15 14:05:01.762,1.13218,1.13222,1.00,1.00
2016.08.15 14:05:02.209,1.13218,1.13222,1.50,1.00
2016.08.15 14:05:02.658,1.13219,1.13224,1.00,1.00
2016.08.15 14:05:02.709,1.13219,1.13225,1.00,1.87
2016.08.15 14:05:02.760,1.13218,1.13225,1.50,1.87
2016.08.15 14:05:02.812,1.13218,1.13225,1.50,1.50
2016.08.15 14:05:02.871,1.13218,1.13225,1.50,1.87
2016.08.15 14:05:03.158,1.13218,1.13222,1.00,1.00
2016.08.15 14:05:03.669,1.13219,1.13223,1.00,1.00
2016.08.15 14:05:04.026,1.13222,1.13227,1.00,2.55
2016.08.15 14:05:04.077,1.13221,1.13226,1.00,1.00
2016.08.15 14:05:04.489,1.13221,1.13227,1.00,1.50
2016.08.15 14:05:04.904,1.13221,1.13227,1.00,1.00
2016.08.15 14:05:05.060,1.13221,1.13227,1.00,1.50
2016.08.15 14:05:05.161,1.13221,1.13227,1.00,1.00
2016.08.15 14:05:05.418,1.13221,1.13225,1.00,1.50
2016.08.15 14:05:05.571,1.13221,1.13225,1.00,1.00
2016.08.15 14:05:05.673,1.13219,1.13224,1.12,1.00
2016.08.15 14:05:05.725,1.13221,1.13225,1.00,1.00
2016.08.15 14:05:05.776,1.13221,1.13227,1.12,1.50
2016.08.15 14:05:05.827,1.13222,1.13226,1.00,1.00
2016.08.15 14:05:05.879,1.13222,1.13226,1.00,1.50
2016.08.15 14:05:05.980,1.13222,1.13227,1.00,1.00
2016.08.15 14:05:06.649,1.13221,1.13226,1.41,1.00
2016.08.15 14:05:06.802,1.13222,1.13227,1.00,1.00
2016.08.15 14:05:06.854,1.13221,1.13227,1.12,1.00
2016.08.15 14:05:06.955,1.13221,1.13226,1.41,1.00
2016.08.15 14:05:07.006,1.13221,1.13226,1.29,1.00
2016.08.15 14:05:07.523,1.1322,1.13227,1.29,1.00
2016.08.15 14:05:07.575,1.1322,1.13227,2.54,1.00
2016.08.15 14:05:07.677,1.1322,1.13227,2.91,1.00
2016.08.15 14:05:07.728,1.1322,1.13227,3.29,1.00
2016.08.15 14:05:07.786,1.1322,1.13227,2.54,1.00
2016.08.15 14:05:07.912,1.1322,1.13227,3.29,1.00
2016.08.15 14:05:08.044,1.13224,1.13228,1.00,1.00
2016.08.15 14:05:08.095,1.13223,1.1323,1.04,5.25
2016.08.15 14:05:08.146,1.13223,1.13229,1.00,1.20
2016.08.15 14:05:08.197,1.13225,1.13229,1.00,1.20
2016.08.15 14:05:08.248,1.13225,1.1323,1.00,1.50
2016.08.15 14:05:08.517,1.13222,1.13227,1.12,1.00
2016.08.15 14:05:08.569,1.13225,1.13227,1.00,1.00
2016.08.15 14:05:08.671,1.13222,1.13227,1.00,1.00
2016.08.15 14:05:08.976,1.13221,1.13228,2.16,1.50
2016.08.15 14:05:09.827,1.13221,1.13228,2.16,1.00
2016.08.15 14:05:10.471,1.13223,1.13228,1.00,1.00
2016.08.15 14:05:10.913,1.13222,1.13226,1.00,1.00
2016.08.15 14:05:11.233,1.13221,1.13226,2.16,1.00
2016.08.15 14:05:11.284,1.13222,1.13229,1.04,3.00
2016.08.15 14:05:11.335,1.13221,1.13226,1.79,1.00
2016.08.15 14:05:11.437,1.1322,1.13226,3.36,1.00
2016.08.15 14:05:11.487,1.1322,1.13226,2.54,1.50
2016.08.15 14:05:11.538,1.13222,1.13226,1.00,1.00
2016.08.15 14:05:11.640,1.13222,1.13226,1.12,1.00
2016.08.15 14:05:11.691,1.13221,1.13226,1.41,1.00
2016.08.15 14:05:11.793,1.13221,1.13225,1.41,1.00
2016.08.15 14:05:11.995,1.13221,1.13226,1.41,1.50
2016.08.15 14:05:12.352,1.13221,1.13225,1.41,1.00
2016.08.15 14:05:12.403,1.13221,1.13226,1.41,1.50
2016.08.15 14:05:12.505,1.13221,1.13225,1.41,1.00
2016.08.15 14:05:12.793,1.13221,1.13226,1.41,1.50
2016.08.15 14:05:12.993,1.13221,1.13225,1.41,1.00
2016.08.15 14:05:13.184,1.13221,1.13226,1.41,1.50
2016.08.15 14:05:13.287,1.13221,1.13225,1.41,1.00
2016.08.15 14:05:13.566,1.13221,1.13225,2.44,1.00
2016.08.15 14:05:13.617,1.13223,1.13228,1.00,1.00
2016.08.15 14:05:13.668,1.13224,1.13228,1.37,1.00
2016.08.15 14:05:13.771,1.13224,1.13228,1.50,1.00
2016.08.15 14:05:13.872,1.13224,1.13228,1.12,1.00
2016.08.15 14:05:13.974,1.13224,1.13228,1.00,1.00
2016.08.15 14:05:14.075,1.13223,1.13229,1.12,1.12
2016.08.15 14:05:14.177,1.13222,1.13229,2.06,1.12
2016.08.15 14:05:14.908,1.13222,1.13229,2.81,1.12
2016.08.15 14:05:14.960,1.13222,1.13229,3.19,1.41
2016.08.15 14:05:15.011,1.13222,1.13226,2.44,1.00
2016.08.15 14:05:15.063,1.13222,1.13226,2.06,1.04
2016.08.15 14:05:15.114,1.13222,1.13225,1.31,1.00
2016.08.15 14:05:15.165,1.13221,1.13225,1.56,1.00
2016.08.15 14:05:15.217,1.13221,1.13226,1.56,1.79
2016.08.15 14:05:15.320,1.13222,1.13225,1.31,1.00
2016.08.15 14:05:15.423,1.13221,1.13228,1.56,1.29
2016.08.15 14:05:15.475,1.13221,1.13228,1.37,1.29
2016.08.15 14:05:15.578,1.13221,1.13228,1.87,1.37
2016.08.15 14:05:15.976,1.13223,1.13227,1.00,1.12
2016.08.15 14:05:16.078,1.13223,1.13227,1.12,1.00
2016.08.15 14:05:16.333,1.13222,1.13228,1.00,1.04
2016.08.15 14:05:16.384,1.13222,1.13228,1.00,1.00
2016.08.15 14:05:16.690,1.13222,1.13227,1.50,1.00
2016.08.15 14:05:16.741,1.13222,1.13227,1.37,1.00
2016.08.15 14:05:17.172,1.13223,1.13227,1.12,1.00
2016.08.15 14:05:17.313,1.13221,1.13226,1.37,1.00
2016.08.15 14:05:17.364,1.1322,1.13223,2.70,1.00
2016.08.15 14:05:17.415,1.13219,1.13222,1.20,1.00
2016.08.15 14:05:17.467,1.13219,1.13222,1.00,1.00
2016.08.15 14:05:17.569,1.13216,1.1322,1.00,1.00
2016.08.15 14:05:17.620,1.13214,1.13219,3.10,1.00
2016.08.15 14:05:17.671,1.13214,1.13219,1.25,1.00
2016.08.15 14:05:17.722,1.13215,1.13219,1.00,1.00
2016.08.15 14:05:17.773,1.13214,1.13219,2.72,1.00
2016.08.15 14:05:18.088,1.13216,1.13222,1.50,1.00
2016.08.15 14:05:18.443,1.13216,1.13221,1.12,1.00
2016.08.15 14:05:18.494,1.13214,1.13219,2.25,1.00
2016.08.15 14:05:18.596,1.13215,1.1322,1.37,1.50
2016.08.15 14:05:18.647,1.13215,1.1322,1.87,1.50
2016.08.15 14:05:18.698,1.13215,1.1322,2.62,1.50
2016.08.15 14:05:18.749,1.13216,1.1322,1.37,1.00
2016.08.15 14:05:18.800,1.13216,1.13221,1.37,1.00
2016.08.15 14:05:19.101,1.13216,1.13221,1.50,1.00
2016.08.15 14:05:19.203,1.13215,1.13221,2.54,1.00
2016.08.15 14:05:19.254,1.13216,1.13221,1.12,1.00
2016.08.15 14:05:19.306,1.13216,1.1322,1.12,1.00
2016.08.15 14:05:19.463,1.13216,1.1322,1.87,1.00
2016.08.15 14:05:19.514,1.13216,1.13221,1.87,1.50
2016.08.15 14:05:19.619,1.13216,1.1322,1.87,1.00
2016.08.15 14:05:19.749,1.13216,1.1322,1.12,1.50
2016.08.15 14:05:19.851,1.13215,1.1322,3.00,1.50
2016.08.15 14:05:20.174,1.13215,1.1322,1.50,1.00
2016.08.15 14:05:20.428,1.13215,1.1322,2.25,1.50
2016.08.15 14:05:20.681,1.13215,1.1322,1.87,1.50
2016.08.15 14:05:20.732,1.13216,1.1322,1.00,1.00
2016.08.15 14:05:20.833,1.13216,1.13221,1.00,1.00
2016.08.15 14:05:21.092,1.13215,1.1322,1.50,1.00
2016.08.15 14:05:21.143,1.13214,1.13221,2.54,1.50
2016.08.15 14:05:21.194,1.13214,1.13221,1.04,1.50
2016.08.15 14:05:21.245,1.13214,1.1322,1.04,1.00
2016.08.15 14:05:21.296,1.13214,1.1322,1.79,1.00
2016.08.15 14:05:21.352,1.13215,1.1322,1.50,1.00
2016.08.15 14:05:21.455,1.13214,1.1322,2.25,1.00
2016.08.15 14:05:21.718,1.13214,1.13221,2.25,1.50
2016.08.15 14:05:21.804,1.13214,1.1322,2.25,1.00
2016.08.15 14:05:22.408,1.13216,1.13221,1.12,1.50
2016.08.15 14:05:22.459,1.13216,1.13221,1.75,1.50
2016.08.15 14:05:22.510,1.13216,1.13221,1.94,1.00
2016.08.15 14:05:22.751,1.13216,1.13221,2.44,1.00
2016.08.15 14:05:23.362,1.13216,1.13221,1.94,1.00
2016.08.15 14:05:23.467,1.13217,1.13222,1.69,1.00
2016.08.15 14:05:23.519,1.13218,1.13223,1.12,1.10
2016.08.15 14:05:23.673,1.13218,1.13223,1.37,1.10
2016.08.15 14:05:23.724,1.13218,1.13223,1.37,1.00
2016.08.15 14:05:23.775,1.13218,1.13223,1.50,1.00
2016.08.15 14:05:24.319,1.13218,1.13223,1.12,1.00
2016.08.15 14:05:25.112,1.13219,1.13224,1.00,1.04
2016.08.15 14:05:25.509,1.13218,1.13222,1.00,1.29
2016.08.15 14:05:25.854,1.13217,1.13222,1.69,1.79
2016.08.15 14:05:25.905,1.13216,1.13222,1.87,1.79
2016.08.15 14:05:25.956,1.13216,1.13222,1.37,1.29
2016.08.15 14:05:26.007,1.13216,1.13222,1.00,2.91
2016.08.15 14:05:26.058,1.13216,1.1322,1.50,1.00
2016.08.15 14:05:26.109,1.13217,1.13221,1.12,1.04
2016.08.15 14:05:26.519,1.13218,1.13224,1.00,2.54
2016.08.15 14:05:26.570,1.13221,1.13224,1.00,1.45
2016.08.15 14:05:26.813,1.13221,1.13225,2.25,3.37
2016.08.15 14:05:26.869,1.13223,1.1323,1.12,4.79
2016.08.15 14:05:26.920,1.13223,1.1323,1.37,2.24
2016.08.15 14:05:26.971,1.13223,1.13228,1.50,1.00
2016.08.15 14:05:27.072,1.13221,1.13228,3.19,1.29
2016.08.15 14:05:27.123,1.13223,1.13229,1.12,1.29
2016.08.15 14:05:27.174,1.13224,1.13229,1.00,1.50
2016.08.15 14:05:27.225,1.13224,1.13229,1.00,1.00
2016.08.15 14:05:27.327,1.13224,1.13229,1.50,1.00
2016.08.15 14:05:27.709,1.13224,1.13229,1.00,1.00
2016.08.15 14:05:27.761,1.13224,1.13229,1.12,1.00
2016.08.15 14:05:27.915,1.13224,1.13229,1.00,1.00
2016.08.15 14:05:27.966,1.13223,1.13228,1.87,1.00
2016.08.15 14:05:28.022,1.13223,1.13228,2.25,1.00
2016.08.15 14:05:28.073,1.13223,1.13228,1.50,1.00
2016.08.15 14:05:28.124,1.13222,1.13227,1.87,1.00
2016.08.15 14:05:28.679,1.13223,1.13227,1.00,1.00
2016.08.15 14:05:28.831,1.13223,1.13225,1.00,1.00
2016.08.15 14:05:28.933,1.13222,1.13225,1.50,1.00
2016.08.15 14:05:28.985,1.13222,1.13225,1.00,1.50
2016.08.15 14:05:29.036,1.1322,1.13225,1.25,1.50
2016.08.15 14:05:29.369,1.1322,1.13225,1.25,1.00
2016.08.15 14:05:30.018,1.1322,1.13225,1.25,1.50
2016.08.15 14:05:30.070,1.13224,1.13228,1.12,1.12
2016.08.15 14:05:30.121,1.13225,1.13229,1.37,1.00
2016.08.15 14:05:30.172,1.13227,1.1323,1.12,1.37
2016.08.15 14:05:30.223,1.13227,1.1323,1.12,1.00
2016.08.15 14:05:30.274,1.13229,1.13233,1.00,1.87
2016.08.15 14:05:30.325,1.1323,1.13233,1.00,1.00
2016.08.15 14:05:30.376,1.1323,1.13234,1.00,1.67
2016.08.15 14:05:30.427,1.13229,1.13233,2.62,1.00
2016.08.15 14:05:30.478,1.13229,1.13232,1.87,1.00
2016.08.15 14:05:30.529,1.13227,1.1323,1.37,1.00
2016.08.15 14:05:30.580,1.13227,1.1323,1.00,1.50
2016.08.15 14:05:30.631,1.13228,1.13231,1.00,1.00
2016.08.15 14:05:30.918,1.13225,1.1323,3.37,1.00
2016.08.15 14:05:30.969,1.13225,1.1323,3.75,1.00
2016.08.15 14:05:31.020,1.13227,1.1323,1.00,1.00
2016.08.15 14:05:31.071,1.13229,1.13234,1.00,1.87
2016.08.15 14:05:31.122,1.13228,1.13233,1.50,1.00
2016.08.15 14:05:31.174,1.13228,1.13234,1.87,1.12
2016.08.15 14:05:31.225,1.13229,1.13233,1.00,1.00
2016.08.15 14:05:31.276,1.13229,1.13234,1.50,1.87
2016.08.15 14:05:31.327,1.13229,1.13234,1.50,1.00
2016.08.15 14:05:31.378,1.13229,1.13234,1.00,1.00
2016.08.15 14:05:32.202,1.13228,1.13233,1.00,1.00
2016.08.15 14:05:32.354,1.13227,1.13233,1.00,1.00
2016.08.15 14:05:32.558,1.13227,1.13233,1.12,1.00
2016.08.15 14:05:32.660,1.13227,1.13233,1.87,1.00
2016.08.15 14:05:32.761,1.13227,1.13233,1.50,1.00
2016.08.15 14:05:33.306,1.13227,1.13231,1.50,1.00
2016.08.15 14:05:33.357,1.13228,1.13231,1.00,1.00
2016.08.15 14:05:33.743,1.13224,1.13226,2.32,1.00
2016.08.15 14:05:33.798,1.13222,1.13225,1.00,1.50
2016.08.15 14:05:33.850,1.13219,1.13225,2.32,1.50
2016.08.15 14:05:33.900,1.13219,1.13225,1.95,1.50
2016.08.15 14:05:34.295,1.13219,1.13225,2.70,1.50
2016.08.15 14:05:34.660,1.13219,1.13225,2.32,1.50
2016.08.15 14:05:34.711,1.13219,1.13223,2.32,1.00
2016.08.15 14:05:34.813,1.13219,1.13223,2.51,1.00
2016.08.15 14:05:34.864,1.13219,1.13223,1.69,1.00
2016.08.15 14:05:34.915,1.13219,1.13223,1.25,1.00
2016.08.15 14:05:35.698,1.13219,1.13225,1.25,1.50
2016.08.15 14:05:35.749,1.13219,1.13225,2.06,1.50
2016.08.15 14:05:35.953,1.13219,1.13225,2.81,1.50
2016.08.15 14:05:36.292,1.13219,1.13223,2.81,1.00
2016.08.15 14:05:36.553,1.13219,1.13223,3.56,1.00
2016.08.15 14:05:36.632,1.13219,1.13223,3.37,1.00
2016.08.15 14:05:36.683,1.13219,1.13223,3.00,1.00
2016.08.15 14:05:37.415,1.13219,1.13224,3.00,1.00
2016.08.15 14:05:37.466,1.1322,1.13224,2.06,1.00
2016.08.15 14:05:37.517,1.1322,1.13225,2.81,1.50
2016.08.15 14:05:37.568,1.13222,1.13225,1.12,1.00
2016.08.15 14:05:37.619,1.13221,1.13224,1.50,1.00
2016.08.15 14:05:37.670,1.1322,1.13224,1.69,1.00
2016.08.15 14:05:38.161,1.1322,1.13224,1.37,1.00
2016.08.15 14:05:38.212,1.13219,1.13223,1.00,1.00
2016.08.15 14:05:38.752,1.13219,1.13222,1.00,1.00
2016.08.15 14:05:38.956,1.13217,1.13221,2.25,1.00
2016.08.15 14:05:39.006,1.13217,1.13221,2.62,1.00
2016.08.15 14:05:39.057,1.1322,1.13224,1.00,1.00
2016.08.15 14:05:39.365,1.13217,1.13221,1.50,1.00
2016.08.15 14:05:39.468,1.13217,1.1322,1.50,1.00
2016.08.15 14:05:40.031,1.13217,1.1322,1.00,1.00
2016.08.15 14:05:40.597,1.13217,1.13221,1.00,1.50
2016.08.15 14:05:40.868,1.13217,1.13221,1.00,1.00
2016.08.15 14:05:40.919,1.13217,1.13221,1.50,1.00
2016.08.15 14:05:41.469,1.13217,1.13222,2.25,1.00
2016.08.15 14:05:41.672,1.13217,1.1322,1.50,1.00
2016.08.15 14:05:42.055,1.13217,1.1322,1.00,1.00
2016.08.15 14:05:42.106,1.13217,1.1322,1.00,1.00
2016.08.15 14:05:42.680,1.13217,1.13221,1.00,1.50
2016.08.15 14:05:42.747,1.13217,1.13221,1.00,1.00
2016.08.15 14:05:42.848,1.13216,1.1322,1.50,1.00
2016.08.15 14:05:42.899,1.13216,1.13223,1.50,1.20
2016.08.15 14:05:43.329,1.13216,1.1322,1.50,1.00
2016.08.15 14:05:43.381,1.13216,1.13221,1.50,1.50
2016.08.15 14:05:43.463,1.13216,1.1322,1.50,1.00
2016.08.15 14:05:43.532,1.13216,1.1322,1.00,1.00
2016.08.15 14:05:43.659,1.13218,1.1322,1.50,1.00
2016.08.15 14:05:43.760,1.13218,1.13221,2.47,1.00
2016.08.15 14:05:43.811,1.13218,1.13223,4.16,1.00
2016.08.15 14:05:43.913,1.13218,1.13225,3.19,1.00
2016.08.15 14:05:43.964,1.13218,1.13225,5.06,1.00
2016.08.15 14:05:44.015,1.13219,1.13223,1.69,1.00
2016.08.15 14:05:44.117,1.13219,1.13223,1.31,1.00
2016.08.15 14:05:44.167,1.13219,1.13223,2.06,1.00
2016.08.15 14:05:44.495,1.13219,1.13223,1.31,1.00
2016.08.15 14:05:44.919,1.13219,1.13223,1.12,1.00
2016.08.15 14:05:45.174,1.13219,1.13223,1.31,1.00
2016.08.15 14:05:45.225,1.13218,1.13223,3.94,1.00
2016.08.15 14:05:45.922,1.13219,1.13224,1.31,1.00
2016.08.15 14:05:46.198,1.13218,1.13222,2.06,1.00
2016.08.15 14:05:46.249,1.13218,1.13222,1.87,1.00
2016.08.15 14:05:46.351,1.13218,1.13223,2.62,1.00
2016.08.15 14:05:46.402,1.13218,1.13223,1.87,1.00
2016.08.15 14:05:46.605,1.13218,1.13223,1.50,1.00
2016.08.15 14:05:47.188,1.13218,1.13221,1.00,1.00
2016.08.15 14:05:47.291,1.13215,1.1322,3.26,1.50
2016.08.15 14:05:47.343,1.13215,1.1322,4.01,1.00
2016.08.15 14:05:47.395,1.13215,1.1322,3.94,1.50
2016.08.15 14:05:47.446,1.13215,1.1322,2.81,1.50
2016.08.15 14:05:47.549,1.13215,1.1322,3.19,1.50
2016.08.15 14:05:47.601,1.13215,1.1322,3.19,1.00
2016.08.15 14:05:47.678,1.13215,1.1322,3.19,1.50
2016.08.15 14:05:47.794,1.13215,1.1322,3.19,1.00
2016.08.15 14:05:47.916,1.13215,1.1322,3.19,1.50
2016.08.15 14:05:48.019,1.13215,1.1322,2.81,1.50
2016.08.15 14:05:48.410,1.13216,1.1322,1.87,1.50
2016.08.15 14:05:48.461,1.13216,1.13221,3.75,1.00
2016.08.15 14:05:48.512,1.13216,1.13221,3.75,1.50
2016.08.15 14:05:48.563,1.13216,1.13221,3.00,1.50
2016.08.15 14:05:48.614,1.13216,1.1322,2.62,1.00
2016.08.15 14:05:48.716,1.13216,1.13221,1.87,1.50
2016.08.15 14:05:48.819,1.13216,1.1322,1.87,1.00
2016.08.15 14:05:48.881,1.13216,1.13221,1.87,1.50
2016.08.15 14:05:49.409,1.13216,1.1322,1.87,1.00
2016.08.15 14:05:49.460,1.13217,1.1322,1.00,1.00
2016.08.15 14:05:49.511,1.13217,1.13222,1.00,1.00
2016.08.15 14:05:49.903,1.13216,1.13221,1.50,1.00
2016.08.15 14:05:50.320,1.13216,1.13221,1.87,1.00
2016.08.15 14:05:50.490,1.13216,1.13221,1.50,1.00
2016.08.15 14:05:50.784,1.13216,1.13219,1.00,1.00
2016.08.15 14:05:50.936,1.13216,1.1322,1.00,1.50
2016.08.15 14:05:50.987,1.13215,1.1322,1.87,1.50
2016.08.15 14:05:51.038,1.13217,1.1322,1.00,1.00
2016.08.15 14:05:51.139,1.13215,1.13221,1.12,1.50
2016.08.15 14:05:51.241,1.13214,1.1322,3.75,1.00
2016.08.15 14:05:51.342,1.13216,1.1322,1.00,1.00
2016.08.15 14:05:51.631,1.13213,1.1322,5.06,1.50
2016.08.15 14:05:51.683,1.13215,1.13218,1.00,1.00
2016.08.15 14:05:51.734,1.13213,1.13218,5.06,1.00
2016.08.15 14:05:51.786,1.13213,1.13218,4.69,1.00
2016.08.15 14:05:51.836,1.13213,1.13218,4.31,1.00
2016.08.15 14:05:51.887,1.13213,1.13218,3.19,1.00
2016.08.15 14:05:51.938,1.13213,1.13218,3.56,1.00
2016.08.15 14:05:52.039,1.13213,1.13218,2.44,1.00
2016.08.15 14:05:52.146,1.13214,1.13219,1.12,1.00
2016.08.15 14:05:52.982,1.13216,1.1322,1.50,1.00
2016.08.15 14:05:53.053,1.13217,1.13221,1.00,1.00
2016.08.15 14:05:53.155,1.13217,1.13222,1.50,1.00
2016.08.15 14:05:53.308,1.13217,1.13222,1.87,1.00
2016.08.15 14:05:53.359,1.13217,1.13221,1.50,1.00
2016.08.15 14:05:53.410,1.13217,1.13221,1.12,1.00
2016.08.15 14:05:53.462,1.13217,1.13221,1.00,1.00
2016.08.15 14:05:53.614,1.13217,1.13221,1.50,1.00
2016.08.15 14:05:54.039,1.13217,1.13221,1.00,1.00
2016.08.15 14:05:54.196,1.13216,1.13221,2.62,1.50
2016.08.15 14:05:54.247,1.13216,1.13221,1.87,1.50
2016.08.15 14:05:54.298,1.13216,1.13221,1.69,1.50
2016.08.15 14:05:54.349,1.13216,1.1322,1.25,1.00
2016.08.15 14:05:54.400,1.13216,1.1322,1.31,1.00
2016.08.15 14:05:54.553,1.13216,1.13221,1.31,2.25
2016.08.15 14:05:54.606,1.13216,1.1322,1.31,1.00
2016.08.15 14:05:54.914,1.13216,1.1322,1.31,1.00
2016.08.15 14:05:54.967,1.13216,1.1322,1.87,1.00
2016.08.15 14:05:55.018,1.13217,1.13222,1.00,1.00
2016.08.15 14:05:55.069,1.1322,1.13224,1.00,1.12
2016.08.15 14:05:55.120,1.13219,1.13224,1.00,1.87
2016.08.15 14:05:55.171,1.13219,1.13224,1.00,1.12
2016.08.15 14:05:55.222,1.13219,1.13224,1.12,1.00
2016.08.15 14:05:55.324,1.1322,1.13225,1.00,1.50
2016.08.15 14:05:55.375,1.13219,1.13224,1.00,1.00
2016.08.15 14:05:55.426,1.13218,1.13223,1.87,1.00
2016.08.15 14:05:55.477,1.13218,1.13225,1.12,1.00
2016.08.15 14:05:55.528,1.13222,1.13225,1.00,1.00
2016.08.15 14:05:55.807,1.13223,1.13228,1.00,3.26
2016.08.15 14:05:55.858,1.1322,1.13225,1.87,1.00
2016.08.15 14:05:55.909,1.1322,1.13225,1.50,1.00
2016.08.15 14:05:55.960,1.1322,1.13225,1.50,1.50
2016.08.15 14:05:56.062,1.1322,1.13225,1.00,1.00
2016.08.15 14:05:56.113,1.1322,1.13225,1.37,1.00
2016.08.15 14:05:56.164,1.13221,1.13225,1.12,1.00
2016.08.15 14:05:56.215,1.13222,1.13226,1.00,1.00
2016.08.15 14:05:56.530,1.13221,1.13226,1.12,1.00
2016.08.15 14:05:56.581,1.13222,1.13227,1.12,1.50
2016.08.15 14:05:56.734,1.1322,1.13227,2.25,1.12
2016.08.15 14:05:56.785,1.1322,1.13225,2.25,1.00
2016.08.15 14:05:56.836,1.1322,1.13225,1.50,1.00
2016.08.15 14:05:57.176,1.1322,1.13225,1.87,1.00
2016.08.15 14:05:57.227,1.1322,1.13225,1.50,1.00
2016.08.15 14:05:57.517,1.1322,1.13225,1.50,1.50
2016.08.15 14:05:57.568,1.1322,1.13225,1.12,1.50
2016.08.15 14:05:57.619,1.1322,1.13225,1.50,1.50
2016.08.15 14:05:57.859,1.1322,1.13225,1.50,1.00
2016.08.15 14:05:57.960,1.1322,1.13225,1.50,1.50
2016.08.15 14:05:58.641,1.1322,1.13225,1.00,1.50
2016.08.15 14:05:59.863,1.13221,1.13225,1.00,1.00
2016.08.15 14:05:59.914,1.1322,1.13225,1.50,1.00
2016.08.15 14:06:00.177,1.1322,1.13224,1.00,1.00
2016.08.15 14:06:00.229,1.13219,1.13224,2.06,1.00
2016.08.15 14:06:00.279,1.13221,1.13225,1.00,1.00
2016.08.15 14:06:01.281,1.13219,1.13223,2.44,1.00
2016.08.15 14:06:01.382,1.13219,1.13224,2.44,1.00
2016.08.15 14:06:01.484,1.13219,1.13224,1.69,1.00
2016.08.15 14:06:01.535,1.13219,1.13224,1.31,1.00
2016.08.15 14:06:01.688,1.1322,1.13225,1.00,1.50
2016.08.15 14:06:01.739,1.1322,1.13226,2.25,1.65
2016.08.15 14:06:01.790,1.13221,1.13226,1.12,1.57
2016.08.15 14:06:01.842,1.1322,1.13225,2.25,1.00
2016.08.15 14:06:02.123,1.1322,1.13225,1.87,1.00
2016.08.15 14:06:02.174,1.13219,1.13224,1.69,1.00
2016.08.15 14:06:02.225,1.13219,1.13224,1.50,1.00
2016.08.15 14:06:04.036,1.1322,1.13225,1.00,1.50
2016.08.15 14:06:04.087,1.1322,1.13225,1.00,1.00
2016.08.15 14:06:04.138,1.13221,1.13226,1.00,3.19
2016.08.15 14:06:04.189,1.13221,1.13226,1.00,1.69
2016.08.15 14:06:04.485,1.1322,1.13225,2.62,1.00
2016.08.15 14:06:04.777,1.13221,1.13226,1.00,1.69
2016.08.15 14:06:04.828,1.13222,1.13226,1.00,1.19
2016.08.15 14:06:04.879,1.1322,1.13226,1.00,1.19
2016.08.15 14:06:04.945,1.1322,1.13226,1.50,1.19
2016.08.15 14:06:05.047,1.1322,1.13226,1.00,1.69
2016.08.15 14:06:05.199,1.13222,1.13226,1.00,1.00
2016.08.15 14:06:05.402,1.1322,1.13226,1.50,1.00
2016.08.15 14:06:05.453,1.1322,1.13226,1.00,1.00
2016.08.15 14:06:05.605,1.1322,1.13226,1.50,1.00
2016.08.15 14:06:05.656,1.1322,1.13226,3.00,1.00
2016.08.15 14:06:05.928,1.1322,1.13227,2.25,2.25
2016.08.15 14:06:05.979,1.1322,1.13226,1.69,1.50
2016.08.15 14:06:06.030,1.13222,1.13226,1.00,1.00
2016.08.15 14:06:06.131,1.1322,1.13225,1.25,1.00
2016.08.15 14:06:06.182,1.1322,1.13227,1.69,2.62
2016.08.15 14:06:06.726,1.1322,1.13227,1.50,2.62
2016.08.15 14:06:06.777,1.1322,1.13227,1.00,2.62
2016.08.15 14:06:06.879,1.13222,1.13227,1.00,2.62
2016.08.15 14:06:08.570,1.1322,1.13225,1.50,1.00
2016.08.15 14:06:08.681,1.13221,1.13226,1.00,1.87
2016.08.15 14:06:08.732,1.1322,1.13225,1.50,1.00
2016.08.15 14:06:08.784,1.1322,1.13227,1.50,3.45
2016.08.15 14:06:08.835,1.1322,1.13227,1.50,2.70
2016.08.15 14:06:08.988,1.1322,1.13226,1.50,1.00
2016.08.15 14:06:09.358,1.1322,1.13226,1.00,1.00
2016.08.15 14:06:09.672,1.1322,1.13226,1.00,1.50
2016.08.15 14:06:09.724,1.13219,1.13224,1.87,1.00
2016.08.15 14:06:09.775,1.13219,1.13224,1.50,1.12
2016.08.15 14:06:09.827,1.13219,1.13224,1.00,1.87
2016.08.15 14:06:09.878,1.13217,1.13224,1.25,2.25
2016.08.15 14:06:09.929,1.13217,1.13223,1.00,1.87
2016.08.15 14:06:09.980,1.13216,1.13223,1.00,3.75
2016.08.15 14:06:10.031,1.13216,1.13223,1.00,3.37
2016.08.15 14:06:10.082,1.13216,1.13223,1.00,3.75
2016.08.15 14:06:10.134,1.13216,1.13223,1.00,4.87
2016.08.15 14:06:10.185,1.13216,1.13222,1.00,1.00
2016.08.15 14:06:10.236,1.13215,1.13222,1.12,1.50
2016.08.15 14:06:10.287,1.13215,1.1322,1.50,1.00
2016.08.15 14:06:10.585,1.13215,1.1322,1.00,1.00
2016.08.15 14:06:10.636,1.13215,1.1322,1.00,1.12
2016.08.15 14:06:10.687,1.13215,1.1322,1.00,1.87
2016.08.15 14:06:10.738,1.13214,1.13219,1.50,1.00
2016.08.15 14:06:10.789,1.13214,1.13217,1.00,1.12
2016.08.15 14:06:10.841,1.13214,1.13216,1.00,1.00
2016.08.15 14:06:10.892,1.1321,1.13215,1.19,1.00
2016.08.15 14:06:10.943,1.1321,1.13215,1.10,1.00
2016.08.15 14:06:10.994,1.1321,1.13215,1.50,1.50
2016.08.15 14:06:11.198,1.13211,1.13215,1.00,1.00
2016.08.15 14:06:11.299,1.13211,1.13216,1.00,1.00
2016.08.15 14:06:11.585,1.13206,1.13211,1.39,1.00
2016.08.15 14:06:11.637,1.13208,1.13212,1.00,1.00
2016.08.15 14:06:11.739,1.13208,1.13213,1.00,4.50
2016.08.15 14:06:11.790,1.13208,1.13213,1.00,3.75
2016.08.15 14:06:12.169,1.13208,1.13213,1.00,1.50
2016.08.15 14:06:12.696,1.13209,1.13214,1.00,2.32
2016.08.15 14:06:12.747,1.13209,1.13213,1.00,1.10
2016.08.15 14:06:13.001,1.13208,1.13213,1.00,1.57
2016.08.15 14:06:13.052,1.13206,1.13213,1.31,1.57
2016.08.15 14:06:13.111,1.13206,1.13211,1.25,1.00
2016.08.15 14:06:13.212,1.13207,1.13211,1.00,1.00
2016.08.15 14:06:13.417,1.13206,1.13211,1.25,1.00
2016.08.15 14:06:13.468,1.13206,1.13211,1.69,1.50
2016.08.15 14:06:13.519,1.13208,1.13212,1.00,1.27
2016.08.15 14:06:13.570,1.13208,1.13212,1.00,1.20
2016.08.15 14:06:13.819,1.13208,1.13212,1.00,1.10
2016.08.15 14:06:13.870,1.13208,1.13213,1.00,2.77
2016.08.15 14:06:14.120,1.13206,1.13213,2.72,2.02
2016.08.15 14:06:14.171,1.13206,1.13213,2.35,2.02
2016.08.15 14:06:14.273,1.13206,1.13211,2.35,1.00
2016.08.15 14:06:14.323,1.13208,1.13213,1.00,2.02
2016.08.15 14:06:14.425,1.13206,1.13211,1.69,1.00
2016.08.15 14:06:14.752,1.13204,1.13209,1.50,1.00
2016.08.15 14:06:14.803,1.13204,1.13209,1.50,1.50
2016.08.15 14:06:14.854,1.13204,1.13209,1.50,1.00
2016.08.15 14:06:14.904,1.13204,1.13209,1.00,1.00
2016.08.15 14:06:15.550,1.13203,1.13208,1.50,1.00
2016.08.15 14:06:16.099,1.13202,1.13208,1.00,1.50
2016.08.15 14:06:16.150,1.13202,1.13208,1.00,1.00
2016.08.15 14:06:16.684,1.13202,1.13207,1.00,1.00
2016.08.15 14:06:17.342,1.13202,1.13207,1.00,1.50
2016.08.15 14:06:17.532,1.13202,1.13207,1.00,2.25
2016.08.15 14:06:17.796,1.13202,1.13207,1.00,1.50
2016.08.15 14:06:17.865,1.13202,1.13207,1.00,1.00
2016.08.15 14:06:17.916,1.13202,1.13207,1.12,1.00
2016.08.15 14:06:18.018,1.13202,1.13207,1.00,1.50
2016.08.15 14:06:18.388,1.13202,1.13207,1.00,1.00
2016.08.15 14:06:18.522,1.13202,1.13207,1.12,1.00
2016.08.15 14:06:19.407,1.13202,1.13207,1.12,1.00
2016.08.15 14:06:19.643,1.13202,1.13207,1.12,1.50
2016.08.15 14:06:19.888,1.13203,1.13206,1.00,1.00
2016.08.15 14:06:19.939,1.13203,1.13206,1.12,1.00
2016.08.15 14:06:20.014,1.13204,1.13209,1.00,3.82
2016.08.15 14:06:20.065,1.13204,1.13209,1.00,3.07
2016.08.15 14:06:20.116,1.13204,1.13208,1.00,1.10
2016.08.15 14:06:20.218,1.13204,1.13208,1.00,1.00
2016.08.15 14:06:20.269,1.13203,1.13208,1.00,1.50
2016.08.15 14:06:20.371,1.13204,1.13208,1.00,1.00
2016.08.15 14:06:20.679,1.13202,1.13207,1.25,2.25
2016.08.15 14:06:20.781,1.13204,1.13207,1.00,1.50
2016.08.15 14:06:20.832,1.13204,1.13209,1.00,3.52
2016.08.15 14:06:20.933,1.13204,1.13209,1.00,2.40
2016.08.15 14:06:21.035,1.13204,1.13208,1.00,1.00
2016.08.15 14:06:21.630,1.13202,1.13208,1.25,2.25
2016.08.15 14:06:21.684,1.13203,1.13208,1.00,2.25
2016.08.15 14:06:21.735,1.13204,1.13208,1.00,1.00
2016.08.15 14:06:22.091,1.13204,1.13209,1.00,2.32
2016.08.15 14:06:22.852,1.13202,1.13208,1.25,1.00
2016.08.15 14:06:22.905,1.13202,1.13207,1.25,1.00
2016.08.15 14:06:23.009,1.13202,1.13207,1.25,1.50
2016.08.15 14:06:23.162,1.13202,1.13207,1.25,2.25
2016.08.15 14:06:23.213,1.132,1.13207,2.81,2.25
2016.08.15 14:06:23.265,1.13202,1.13206,1.25,1.50
2016.08.15 14:06:23.316,1.13202,1.13204,1.25,1.00
2016.08.15 14:06:23.626,1.13201,1.13204,1.19,1.00
2016.08.15 14:06:24.093,1.13201,1.13206,1.19,2.62
2016.08.15 14:06:24.177,1.13201,1.13206,1.00,2.62
2016.08.15 14:06:25.000,1.13201,1.13206,1.00,3.37
2016.08.15 14:06:26.025,1.13203,1.13206,1.00,1.12
2016.08.15 14:06:26.077,1.13203,1.13208,1.00,2.40
2016.08.15 14:06:26.131,1.13203,1.13208,1.00,1.65
2016.08.15 14:06:26.442,1.13203,1.13208,1.12,1.65
2016.08.15 14:06:26.493,1.13202,1.13207,1.12,1.00
2016.08.15 14:06:26.696,1.13201,1.13206,1.00,1.00
2016.08.15 14:06:27.052,1.13201,1.13207,1.00,1.12
2016.08.15 14:06:27.154,1.13201,1.13208,1.25,3.45
2016.08.15 14:06:27.205,1.13201,1.13208,1.25,3.07
2016.08.15 14:06:27.255,1.13201,1.13208,1.25,2.32
2016.08.15 14:06:27.306,1.13202,1.13208,1.00,2.32
2016.08.15 14:06:27.604,1.13202,1.13208,1.00,7.57
2016.08.15 14:06:27.655,1.132,1.13205,1.69,1.00
2016.08.15 14:06:27.808,1.13201,1.13206,1.31,1.00
2016.08.15 14:06:27.868,1.13202,1.13207,1.00,1.50
2016.08.15 14:06:27.918,1.13202,1.13207,1.00,1.00
2016.08.15 14:06:28.072,1.13202,1.13208,1.00,1.57
2016.08.15 14:06:28.298,1.13202,1.13207,1.00,1.00
2016.08.15 14:06:28.592,1.13203,1.13208,1.12,1.50
2016.08.15 14:06:28.903,1.13203,1.13208,1.00,1.50
2016.08.15 14:06:29.156,1.13203,1.13208,1.00,1.00
2016.08.15 14:06:29.843,1.13203,1.13208,1.00,1.12
2016.08.15 14:06:30.198,1.13203,1.13208,1.12,1.12
2016.08.15 14:06:30.250,1.13203,1.13208,1.12,1.00
2016.08.15 14:06:30.466,1.13203,1.13207,1.12,2.44
2016.08.15 14:06:30.518,1.13201,1.13207,1.75,2.44
2016.08.15 14:06:30.569,1.13201,1.13207,1.75,2.06
2016.08.15 14:06:30.673,1.13201,1.13207,1.75,1.87
2016.08.15 14:06:31.178,1.13201,1.13207,1.50,1.87
2016.08.15 14:06:31.229,1.13203,1.13208,1.00,6.37
2016.08.15 14:06:31.280,1.13202,1.13206,1.50,1.00
2016.08.15 14:06:31.585,1.13201,1.13206,1.37,1.00
2016.08.15 14:06:32.689,1.13201,1.13206,1.50,1.00
2016.08.15 14:06:33.804,1.13202,1.13207,1.50,1.00
2016.08.15 14:06:34.007,1.13202,1.13207,1.75,1.00
2016.08.15 14:06:34.058,1.13202,1.13207,1.75,2.25
2016.08.15 14:06:34.732,1.13202,1.13206,1.75,1.00
2016.08.15 14:06:34.783,1.13202,1.13206,1.37,1.00
2016.08.15 14:06:34.834,1.132,1.13207,2.25,2.25
2016.08.15 14:06:35.074,1.13202,1.13207,1.37,1.00
2016.08.15 14:06:36.204,1.13202,1.13207,1.00,1.00
2016.08.15 14:06:37.644,1.13205,1.13208,1.12,1.87
2016.08.15 14:06:37.696,1.13205,1.13209,1.12,1.31
2016.08.15 14:06:37.748,1.13205,1.13209,1.37,1.12
2016.08.15 14:06:37.799,1.13205,1.13209,1.50,1.12
2016.08.15 14:06:37.866,1.13204,1.13208,2.25,1.00
2016.08.15 14:06:37.917,1.13204,1.13209,1.00,1.00
2016.08.15 14:06:37.968,1.13204,1.13209,1.00,1.00
2016.08.15 14:06:38.019,1.13205,1.1321,1.00,4.31
2016.08.15 14:06:38.070,1.13204,1.13209,1.00,1.12
2016.08.15 14:06:38.121,1.13204,1.13209,1.00,1.00
2016.08.15 14:06:38.172,1.13205,1.13209,1.00,1.00
2016.08.15 14:06:38.672,1.13204,1.13209,1.87,1.00
2016.08.15 14:06:38.734,1.13205,1.13209,1.00,1.00
2016.08.15 14:06:39.388,1.13203,1.13208,1.12,1.00
2016.08.15 14:06:39.439,1.13203,1.13208,1.00,1.00
2016.08.15 14:06:39.541,1.13203,1.13208,1.12,1.00
2016.08.15 14:06:39.607,1.13203,1.13208,1.00,1.00
2016.08.15 14:06:40.578,1.13202,1.13207,1.12,1.00
2016.08.15 14:06:40.680,1.13201,1.13206,2.62,1.00
2016.08.15 14:06:40.733,1.13201,1.13207,1.87,1.00
2016.08.15 14:06:40.784,1.13202,1.13206,1.00,1.50
2016.08.15 14:06:40.887,1.13202,1.13206,1.00,1.00
2016.08.15 14:06:40.990,1.13202,1.13206,1.00,1.50
2016.08.15 14:06:41.285,1.13203,1.13208,1.00,1.12
2016.08.15 14:06:41.336,1.13203,1.13208,1.00,1.00
2016.08.15 14:06:41.737,1.13202,1.13207,1.50,1.00
2016.08.15 14:06:41.838,1.13202,1.13207,1.00,1.00
2016.08.15 14:06:42.092,1.13201,1.13206,1.87,1.00
2016.08.15 14:06:42.143,1.13202,1.13207,1.00,1.00
2016.08.15 14:06:43.102,1.13203,1.13208,1.00,1.00
2016.08.15 14:06:43.170,1.13203,1.13208,1.00,1.50
2016.08.15 14:06:43.709,1.13203,1.13207,1.00,1.00
2016.08.15 14:06:43.760,1.13201,1.13207,1.00,1.00
2016.08.15 14:06:43.811,1.13201,1.13208,1.00,4.12
2016.08.15 14:06:43.862,1.13201,1.13206,1.12,1.00
2016.08.15 14:06:43.913,1.13201,1.13206,1.12,1.50
2016.08.15 14:06:43.964,1.13201,1.13206,1.00,1.50
2016.08.15 14:06:44.065,1.13201,1.13205,1.00,1.00
2016.08.15 14:06:45.004,1.132,1.13205,1.12,1.00
2016.08.15 14:06:45.055,1.132,1.13205,1.87,1.00
2016.08.15 14:06:45.313,1.132,1.13205,1.87,1.50
2016.08.15 14:06:45.364,1.132,1.13204,1.87,1.00
2016.08.15 14:06:45.467,1.132,1.13205,1.87,1.00
2016.08.15 14:06:45.587,1.132,1.13205,1.87,1.50
2016.08.15 14:06:45.638,1.13201,1.13205,1.00,1.50
2016.08.15 14:06:45.915,1.13201,1.13204,1.00,1.00
2016.08.15 14:06:46.324,1.132,1.13204,1.50,1.00
2016.08.15 14:06:46.375,1.132,1.13204,1.00,1.00
2016.08.15 14:06:46.477,1.132,1.13204,1.50,1.00
2016.08.15 14:06:46.579,1.132,1.13204,1.00,1.00
2016.08.15 14:06:46.630,1.132,1.13204,1.12,1.00
2016.08.15 14:06:46.783,1.132,1.13205,1.87,1.50
2016.08.15 14:06:47.079,1.132,1.13205,2.25,1.50
2016.08.15 14:06:47.131,1.13201,1.13205,1.00,1.00
2016.08.15 14:06:48.624,1.132,1.13205,1.87,1.50
2016.08.15 14:06:48.675,1.132,1.13205,1.50,1.50
2016.08.15 14:06:48.777,1.132,1.13205,1.00,1.50
2016.08.15 14:06:48.862,1.132,1.13205,1.50,1.50
2016.08.15 14:06:48.968,1.132,1.13205,1.50,1.00
2016.08.15 14:06:49.864,1.132,1.13205,1.00,1.00
2016.08.15 14:06:50.077,1.132,1.13205,1.50,1.00
2016.08.15 14:06:50.377,1.132,1.13205,1.12,1.50
2016.08.15 14:06:50.428,1.132,1.13205,1.50,1.50
2016.08.15 14:06:50.479,1.13201,1.13205,1.00,1.00
2016.08.15 14:06:51.146,1.132,1.13205,1.12,1.50
2016.08.15 14:06:51.204,1.13201,1.13206,1.00,1.50
2016.08.15 14:06:51.254,1.13201,1.13206,1.12,1.50
2016.08.15 14:06:51.305,1.13201,1.13204,1.12,1.00
2016.08.15 14:06:51.407,1.13202,1.13207,1.00,1.87
2016.08.15 14:06:51.458,1.13201,1.13206,1.12,1.00
2016.08.15 14:06:51.509,1.132,1.13208,1.87,4.46
2016.08.15 14:06:51.560,1.13201,1.13208,1.12,4.46
2016.08.15 14:06:51.610,1.13201,1.13207,1.12,1.12
2016.08.15 14:06:52.130,1.13201,1.13208,1.12,3.71
2016.08.15 14:06:52.184,1.13201,1.13208,1.00,3.71
2016.08.15 14:06:52.408,1.13201,1.13208,1.00,3.15
2016.08.15 14:06:52.459,1.13201,1.13208,1.00,3.52
2016.08.15 14:06:52.663,1.132,1.13206,1.12,1.00
2016.08.15 14:06:52.714,1.132,1.13206,1.87,1.00
2016.08.15 14:06:52.866,1.13202,1.13207,1.00,1.00
2016.08.15 14:06:53.361,1.13202,1.13206,1.00,1.00
2016.08.15 14:06:53.440,1.13198,1.13201,1.50,1.00
2016.08.15 14:06:53.491,1.13198,1.13201,1.12,1.00
2016.08.15 14:06:53.745,1.132,1.13202,1.00,1.00
2016.08.15 14:06:53.898,1.132,1.13203,1.00,1.87
2016.08.15 14:06:53.949,1.13198,1.13203,1.87,1.87
2016.08.15 14:06:54.000,1.13198,1.13203,2.62,1.12
2016.08.15 14:06:54.051,1.13199,1.13202,1.00,1.00
2016.08.15 14:06:54.153,1.13197,1.13202,1.87,1.00
2016.08.15 14:06:54.204,1.13197,1.13202,1.00,1.00
2016.08.15 14:06:54.667,1.13199,1.13203,1.00,1.25
2016.08.15 14:06:54.769,1.13199,1.13203,1.50,1.25
2016.08.15 14:06:55.424,1.13199,1.13202,1.00,1.12
2016.08.15 14:06:55.475,1.13198,1.13202,1.00,1.19
2016.08.15 14:06:55.577,1.13197,1.13202,1.50,1.19
2016.08.15 14:06:56.200,1.13197,1.13202,1.50,2.06
2016.08.15 14:06:56.253,1.13197,1.13201,1.50,1.69
2016.08.15 14:06:57.285,1.13197,1.13201,1.50,2.81
2016.08.15 14:06:57.583,1.13194,1.13199,1.87,1.12
2016.08.15 14:06:57.642,1.13195,1.13199,1.00,1.12
2016.08.15 14:06:57.693,1.13194,1.13199,1.00,1.37
2016.08.15 14:06:57.744,1.13196,1.132,1.00,2.62
2016.08.15 14:06:57.846,1.13195,1.13199,1.37,1.00
2016.08.15 14:06:57.897,1.13194,1.13198,2.25,1.00
2016.08.15 14:06:57.948,1.13194,1.13199,1.00,1.00
2016.08.15 14:06:57.999,1.13194,1.13198,1.00,1.37
2016.08.15 14:06:58.050,1.13194,1.13198,1.00,1.50
2016.08.15 14:06:58.434,1.13192,1.13197,1.00,1.00
2016.08.15 14:06:58.892,1.13192,1.13197,1.00,1.12
2016.08.15 14:06:59.634,1.13193,1.13197,1.00,1.12
2016.08.15 14:06:59.736,1.13193,1.13197,1.00,1.00
2016.08.15 14:07:00.001,1.13191,1.13198,1.00,1.57
2016.08.15 14:07:00.053,1.13191,1.13197,1.00,1.00
2016.08.15 14:07:00.207,1.13191,1.13198,1.00,1.57
2016.08.15 14:07:00.258,1.13191,1.13198,1.00,1.20
2016.08.15 14:07:00.309,1.13191,1.13198,1.00,1.10
2016.08.15 14:07:00.809,1.13191,1.13198,1.00,1.20
2016.08.15 14:07:00.947,1.13191,1.13198,1.00,1.57
2016.08.15 14:07:01.155,1.13191,1.13198,1.50,1.57
2016.08.15 14:07:01.256,1.13191,1.13196,1.50,1.00
2016.08.15 14:07:01.548,1.13191,1.13196,2.25,1.00
2016.08.15 14:07:01.599,1.13192,1.13196,1.12,1.00
2016.08.15 14:07:02.051,1.13192,1.13196,1.00,1.00
2016.08.15 14:07:02.153,1.13193,1.13197,1.50,1.00
2016.08.15 14:07:02.255,1.13193,1.13199,1.00,2.51
2016.08.15 14:07:02.307,1.13194,1.13199,1.00,2.14
2016.08.15 14:07:02.358,1.13194,1.132,1.75,3.64
2016.08.15 14:07:02.410,1.13194,1.13199,1.75,2.81
2016.08.15 14:07:02.512,1.13194,1.132,1.75,2.44
2016.08.15 14:07:03.103,1.13195,1.132,1.75,1.87
2016.08.15 14:07:03.154,1.13197,1.13201,1.50,3.37
2016.08.15 14:07:03.256,1.13196,1.13201,1.75,2.62
2016.08.15 14:07:03.307,1.13197,1.13201,1.50,2.62
2016.08.15 14:07:03.358,1.13197,1.13201,1.00,2.62
2016.08.15 14:07:03.409,1.13196,1.13201,1.12,3.37
2016.08.15 14:07:03.460,1.13196,1.13201,1.75,3.37
2016.08.15 14:07:03.510,1.13196,1.132,1.75,1.31
2016.08.15 14:07:03.567,1.13195,1.132,1.50,1.31
2016.08.15 14:07:03.618,1.13194,1.132,2.25,1.31
2016.08.15 14:07:03.692,1.13194,1.132,1.75,1.31
2016.08.15 14:07:03.976,1.13197,1.13201,1.00,3.56
2016.08.15 14:07:04.260,1.13195,1.13199,1.50,1.50
2016.08.15 14:07:04.311,1.13197,1.13201,1.00,4.31
2016.08.15 14:07:04.413,1.13197,1.13201,1.00,3.56
2016.08.15 14:07:05.219,1.13194,1.13198,1.75,1.37
2016.08.15 14:07:05.270,1.13194,1.13198,1.75,1.12
2016.08.15 14:07:05.321,1.13193,1.132,2.25,2.44
2016.08.15 14:07:05.372,1.13193,1.13198,3.00,1.00
2016.08.15 14:07:06.689,1.13194,1.132,1.75,2.06
2016.08.15 14:07:06.791,1.13195,1.13199,1.75,1.00
2016.08.15 14:07:07.147,1.13198,1.13201,1.00,3.56
2016.08.15 14:07:07.198,1.13196,1.13201,1.50,3.56
2016.08.15 14:07:07.249,1.13196,1.13201,1.50,2.44
2016.08.15 14:07:07.418,1.13195,1.13199,2.25,1.00
2016.08.15 14:07:07.470,1.13196,1.13201,1.00,3.56
2016.08.15 14:07:07.521,1.13194,1.132,3.00,1.31
2016.08.15 14:07:07.854,1.13195,1.132,1.00,1.12
2016.08.15 14:07:07.917,1.13195,1.13201,1.50,3.37
2016.08.15 14:07:07.968,1.13195,1.13201,1.00,3.75
2016.08.15 14:07:08.019,1.13196,1.132,1.00,1.12
2016.08.15 14:07:08.070,1.13198,1.132,1.00,1.00
2016.08.15 14:07:08.121,1.13198,1.13201,1.00,2.25
2016.08.15 14:07:08.173,1.13197,1.13201,1.00,1.87
2016.08.15 14:07:08.228,1.13197,1.13201,1.00,1.00
2016.08.15 14:07:08.280,1.13197,1.132,1.00,1.00
2016.08.15 14:07:08.382,1.13197,1.132,1.00,1.12
2016.08.15 14:07:08.717,1.13197,1.13201,1.50,2.81
2016.08.15 14:07:08.768,1.13197,1.132,1.00,1.50
2016.08.15 14:07:08.869,1.13197,1.132,1.00,2.25
2016.08.15 14:07:08.920,1.13198,1.132,1.00,1.50
2016.08.15 14:07:08.971,1.13197,1.132,1.50,1.50
2016.08.15 14:07:09.022,1.13197,1.13201,1.50,2.81
2016.08.15 14:07:09.073,1.13197,1.13201,1.00,3.56
2016.08.15 14:07:09.124,1.13198,1.13201,1.00,2.81
2016.08.15 14:07:09.175,1.13197,1.13201,1.50,2.81
2016.08.15 14:07:09.335,1.13197,1.132,1.00,1.50
2016.08.15 14:07:09.386,1.13197,1.13201,1.50,2.81
2016.08.15 14:07:09.778,1.13198,1.13201,1.00,2.00
2016.08.15 14:07:09.982,1.13197,1.13201,1.50,2.00
2016.08.15 14:07:10.289,1.13195,1.13199,1.50,1.12
2016.08.15 14:07:11.369,1.13195,1.13199,1.50,1.50
2016.08.15 14:07:11.420,1.13195,1.13198,1.00,1.12
2016.08.15 14:07:11.471,1.13192,1.13198,1.87,1.12
2016.08.15 14:07:11.522,1.13192,1.13197,1.87,1.00
2016.08.15 14:07:11.573,1.13192,1.13197,1.75,1.00
2016.08.15 14:07:11.624,1.13191,1.13196,1.87,1.00
2016.08.15 14:07:11.675,1.13192,1.13197,1.00,1.00
2016.08.15 14:07:11.726,1.13193,1.13198,1.00,1.31
2016.08.15 14:07:11.777,1.13195,1.13199,1.12,2.81
2016.08.15 14:07:11.829,1.13194,1.13199,1.50,2.44
2016.08.15 14:07:11.880,1.13196,1.132,1.00,2.77
2016.08.15 14:07:12.134,1.13196,1.132,1.12,1.50
2016.08.15 14:07:12.185,1.13193,1.13198,1.75,1.00
2016.08.15 14:07:12.700,1.13195,1.13199,1.50,1.00
2016.08.15 14:07:12.751,1.13193,1.13198,1.75,1.37
2016.08.15 14:07:13.116,1.13193,1.13198,1.00,1.62
2016.08.15 14:07:13.269,1.13192,1.13197,1.50,1.00
2016.08.15 14:07:13.370,1.13193,1.13197,1.00,1.00
2016.08.15 14:07:13.573,1.13192,1.13197,2.25,1.00
2016.08.15 14:07:13.686,1.13193,1.13197,1.00,1.00
2016.08.15 14:07:14.353,1.13191,1.13194,1.00,1.00
2016.08.15 14:07:14.405,1.1319,1.13195,2.77,2.47
2016.08.15 14:07:14.456,1.13189,1.13194,1.65,1.72
2016.08.15 14:07:14.507,1.1319,1.13195,1.00,2.81
2016.08.15 14:07:14.559,1.13191,1.13195,1.00,2.44
2016.08.15 14:07:14.610,1.13188,1.13194,1.50,1.12
2016.08.15 14:07:14.662,1.13189,1.13195,1.00,2.06
2016.08.15 14:07:14.713,1.1319,1.13195,1.00,1.12
2016.08.15 14:07:14.764,1.1319,1.13195,1.50,1.00
2016.08.15 14:07:14.866,1.13191,1.13196,1.00,1.12
2016.08.15 14:07:14.917,1.13189,1.13194,2.25,1.00
2016.08.15 14:07:14.968,1.13189,1.13194,1.50,1.00
2016.08.15 14:07:15.204,1.13189,1.13194,1.00,1.12
2016.08.15 14:07:15.408,1.13189,1.13194,1.00,1.00
2016.08.15 14:07:15.865,1.1319,1.13195,1.00,1.12
2016.08.15 14:07:15.969,1.1319,1.13195,1.00,1.87
2016.08.15 14:07:16.080,1.13189,1.13194,1.00,1.00
2016.08.15 14:07:16.325,1.13191,1.13195,1.00,1.72
2016.08.15 14:07:16.378,1.13189,1.13194,1.50,1.00
2016.08.15 14:07:16.481,1.13189,1.13194,1.00,1.00
2016.08.15 14:07:16.532,1.13189,1.13196,1.00,3.00
2016.08.15 14:07:16.583,1.13189,1.13196,1.00,3.79
2016.08.15 14:07:16.685,1.13189,1.13194,1.00,1.00
2016.08.15 14:07:17.249,1.13189,1.13194,1.50,1.00
2016.08.15 14:07:17.514,1.13189,1.13194,1.00,1.00
2016.08.15 14:07:17.565,1.13188,1.13195,1.50,3.19
2016.08.15 14:07:17.616,1.13188,1.13192,1.00,1.00
2016.08.15 14:07:17.668,1.13186,1.1319,2.70,1.00
2016.08.15 14:07:18.037,1.13186,1.1319,1.12,1.87
2016.08.15 14:07:18.089,1.13186,1.1319,1.87,1.50
2016.08.15 14:07:18.140,1.13186,1.1319,1.00,2.25
2016.08.15 14:07:18.191,1.13186,1.1319,1.00,1.50
2016.08.15 14:07:18.299,1.13186,1.1319,1.00,2.25
2016.08.15 14:07:18.585,1.13186,1.1319,1.00,1.50
2016.08.15 14:07:18.687,1.13186,1.1319,1.00,2.25
2016.08.15 14:07:18.955,1.13186,1.1319,1.00,1.50
2016.08.15 14:07:19.252,1.13186,1.1319,1.00,1.00
2016.08.15 14:07:19.303,1.13186,1.1319,1.00,1.50
2016.08.15 14:07:19.456,1.13186,1.1319,1.00,1.00
2016.08.15 14:07:19.567,1.13186,1.1319,1.00,1.50
2016.08.15 14:07:20.761,1.13186,1.1319,1.00,1.00
2016.08.15 14:07:20.870,1.13183,1.13191,2.25,1.60
2016.08.15 14:07:20.921,1.13183,1.13189,1.87,1.30
2016.08.15 14:07:21.184,1.13184,1.13191,1.00,1.50
2016.08.15 14:07:21.238,1.13184,1.1319,1.00,1.00
2016.08.15 14:07:21.443,1.13184,1.1319,1.12,1.00
2016.08.15 14:07:21.616,1.13184,1.13191,1.87,1.00
2016.08.15 14:07:21.805,1.13185,1.13192,1.00,2.62
2016.08.15 14:07:21.856,1.13185,1.13192,1.00,1.50
2016.08.15 14:07:21.958,1.13185,1.1319,1.00,1.00
2016.08.15 14:07:22.673,1.13184,1.1319,2.62,1.00
2016.08.15 14:07:22.724,1.13185,1.1319,1.00,1.00
2016.08.15 14:07:22.776,1.13185,1.1319,1.50,1.00
2016.08.15 14:07:22.928,1.13186,1.1319,1.00,1.00
2016.08.15 14:07:22.979,1.13186,1.13192,1.00,1.12
2016.08.15 14:07:23.183,1.13187,1.13192,1.00,1.87
2016.08.15 14:07:23.256,1.13186,1.13191,1.00,1.00
2016.08.15 14:07:23.308,1.13186,1.1319,1.00,1.00
2016.08.15 14:07:23.575,1.13186,1.1319,1.00,1.00
2016.08.15 14:07:23.627,1.13184,1.1319,3.37,1.00
2016.08.15 14:07:23.679,1.13185,1.1319,1.50,1.00
2016.08.15 14:07:23.732,1.13185,1.1319,2.25,1.00
2016.08.15 14:07:23.886,1.13185,1.1319,3.00,1.00
2016.08.15 14:07:24.557,1.13185,1.1319,1.50,1.50
2016.08.15 14:07:24.812,1.13185,1.1319,1.50,1.00
2016.08.15 14:07:24.878,1.13185,1.1319,1.50,1.50
2016.08.15 14:07:25.484,1.13185,1.1319,1.50,1.00
2016.08.15 14:07:26.687,1.13185,1.1319,1.50,1.50
2016.08.15 14:07:27.218,1.13185,1.1319,1.50,1.00
2016.08.15 14:07:27.319,1.13185,1.1319,1.50,1.50
2016.08.15 14:07:27.370,1.13186,1.1319,1.00,1.50
2016.08.15 14:07:27.472,1.13183,1.1319,3.37,1.50
2016.08.15 14:07:27.522,1.13183,1.1319,3.00,1.50
2016.08.15 14:07:27.866,1.13183,1.13187,1.12,1.00
2016.08.15 14:07:27.935,1.13181,1.13185,2.62,1.00
2016.08.15 14:07:27.986,1.13181,1.13185,1.57,1.50
2016.08.15 14:07:28.088,1.13181,1.13184,1.00,1.00
2016.08.15 14:07:28.139,1.13181,1.13185,1.00,1.50
2016.08.15 14:07:28.241,1.13181,1.13185,1.50,1.00
2016.08.15 14:07:28.292,1.13181,1.13188,1.50,6.00
2016.08.15 14:07:28.343,1.13181,1.13187,1.50,3.00
2016.08.15 14:07:28.394,1.13181,1.13186,1.00,1.00
2016.08.15 14:07:28.496,1.13181,1.13186,1.00,1.50
2016.08.15 14:07:28.637,1.13182,1.13186,1.00,2.25
2016.08.15 14:07:28.933,1.13181,1.13184,1.00,1.12
2016.08.15 14:07:28.984,1.13179,1.13184,1.12,3.97
2016.08.15 14:07:29.035,1.13177,1.13182,1.65,1.00
2016.08.15 14:07:29.087,1.13177,1.13182,1.50,1.00
2016.08.15 14:07:29.602,1.13177,1.13182,1.00,1.00
2016.08.15 14:07:30.475,1.13178,1.13182,1.00,1.00
2016.08.15 14:07:30.526,1.13175,1.1318,2.25,1.00
2016.08.15 14:07:30.738,1.13175,1.13181,1.50,1.00
2016.08.15 14:07:30.942,1.13175,1.1318,2.25,1.00
2016.08.15 14:07:30.993,1.13175,1.13181,1.50,1.00
2016.08.15 14:07:31.095,1.13175,1.1318,2.25,1.00
2016.08.15 14:07:31.587,1.13175,1.1318,1.50,1.00
2016.08.15 14:07:31.949,1.13175,1.1318,1.50,1.00
2016.08.15 14:07:32.000,1.13176,1.13181,1.00,1.50
2016.08.15 14:07:32.102,1.13176,1.1318,1.00,1.00
2016.08.15 14:07:32.409,1.13176,1.13181,1.00,1.00
2016.08.15 14:07:32.816,1.1318,1.13182,1.00,1.00
2016.08.15 14:07:32.894,1.13179,1.13182,1.00,1.50
2016.08.15 14:07:32.945,1.13177,1.13182,1.00,1.50
2016.08.15 14:07:33.771,1.13176,1.1318,1.00,1.00
2016.08.15 14:07:33.821,1.13176,1.1318,1.00,1.50
2016.08.15 14:07:34.147,1.13176,1.1318,1.00,1.00
2016.08.15 14:07:34.248,1.13176,1.1318,1.00,1.50
2016.08.15 14:07:34.401,1.13176,1.1318,1.00,1.00
2016.08.15 14:07:34.605,1.13174,1.1318,1.57,1.00
2016.08.15 14:07:34.656,1.13174,1.1318,1.10,1.00
2016.08.15 14:07:34.707,1.13174,1.13181,1.10,1.50
2016.08.15 14:07:34.915,1.13174,1.1318,1.10,1.00
2016.08.15 14:07:34.966,1.13173,1.13177,4.20,1.00
2016.08.15 14:07:35.274,1.13175,1.13179,1.00,1.50
2016.08.15 14:07:35.340,1.13176,1.13179,1.00,1.00
2016.08.15 14:07:35.391,1.13176,1.13181,1.87,1.50
2016.08.15 14:07:35.442,1.13179,1.13181,1.00,1.00
2016.08.15 14:07:35.595,1.13179,1.13183,1.00,1.00
2016.08.15 14:07:36.396,1.1318,1.13182,1.00,1.00
2016.08.15 14:07:38.359,1.13178,1.13182,1.87,1.00
2016.08.15 14:07:38.410,1.13177,1.13181,2.62,1.00
2016.08.15 14:07:38.461,1.13178,1.1318,1.00,1.00
2016.08.15 14:07:38.512,1.13175,1.13179,3.37,1.00
2016.08.15 14:07:38.563,1.13174,1.1318,4.12,1.50
2016.08.15 14:07:38.614,1.13174,1.1318,3.00,1.00
2016.08.15 14:07:38.665,1.13174,1.1318,3.07,1.00
2016.08.15 14:07:38.716,1.13174,1.1318,2.32,1.50
2016.08.15 14:07:38.767,1.13174,1.1318,3.45,1.00
2016.08.15 14:07:38.818,1.13174,1.13181,3.45,1.00
2016.08.15 14:07:38.869,1.13174,1.13181,2.70,1.00
2016.08.15 14:07:38.920,1.13174,1.13181,3.45,1.00
2016.08.15 14:07:38.971,1.13174,1.13178,2.70,1.00
2016.08.15 14:07:39.073,1.13174,1.13177,1.87,1.00
2016.08.15 14:07:39.380,1.13175,1.13179,1.50,1.00
2016.08.15 14:07:39.431,1.13175,1.13179,1.12,1.00
2016.08.15 14:07:39.533,1.13175,1.1318,1.12,1.50
2016.08.15 14:07:39.815,1.13175,1.1318,1.12,1.00
2016.08.15 14:07:39.866,1.13175,1.13178,1.12,1.00
2016.08.15 14:07:40.286,1.13175,1.13177,1.00,1.00
2016.08.15 14:07:40.337,1.13174,1.13177,3.00,1.00
2016.08.15 14:07:40.388,1.13174,1.13177,2.25,1.00
2016.08.15 14:07:40.490,1.13174,1.13177,1.12,1.00
2016.08.15 14:07:40.941,1.13175,1.13177,1.00,1.00
2016.08.15 14:07:41.742,1.13175,1.13178,1.00,1.00
2016.08.15 14:07:41.793,1.13175,1.13181,1.50,1.00
2016.08.15 14:07:41.844,1.13175,1.13178,1.00,1.00
2016.08.15 14:07:42.704,1.13174,1.13178,1.12,1.00
2016.08.15 14:07:42.755,1.13174,1.13178,1.37,1.00
2016.08.15 14:07:43.439,1.13174,1.13177,1.37,1.00
2016.08.15 14:07:43.490,1.13174,1.13177,1.50,1.00
2016.08.15 14:07:43.591,1.13174,1.13177,1.37,1.00
2016.08.15 14:07:43.795,1.13174,1.13177,1.87,1.00
2016.08.15 14:07:43.896,1.13174,1.13177,1.37,1.00
2016.08.15 14:07:44.416,1.13174,1.13178,1.37,1.00
2016.08.15 14:07:45.981,1.13173,1.13178,3.82,1.00
2016.08.15 14:07:46.033,1.13173,1.13178,3.07,1.00
2016.08.15 14:07:46.549,1.13173,1.13178,2.70,1.00
2016.08.15 14:07:48.693,1.13173,1.13178,1.10,1.00
2016.08.15 14:07:48.745,1.13173,1.13177,1.00,1.00
2016.08.15 14:07:48.796,1.13171,1.13179,3.37,1.00
2016.08.15 14:07:48.848,1.13171,1.13176,4.12,1.00
2016.08.15 14:07:48.900,1.13171,1.13176,4.87,1.00
2016.08.15 14:07:48.951,1.13172,1.13176,1.00,1.00
2016.08.15 14:07:49.402,1.13172,1.13176,1.00,1.00
2016.08.15 14:07:49.740,1.13171,1.13176,3.75,1.00
2016.08.15 14:07:50.303,1.13171,1.13176,2.62,1.00
2016.08.15 14:07:50.354,1.13171,1.13176,2.25,1.00
2016.08.15 14:07:50.861,1.13171,1.13174,2.25,1.00
2016.08.15 14:07:51.124,1.13171,1.13174,1.50,1.00
2016.08.15 14:07:51.723,1.13168,1.13172,1.20,1.00
2016.08.15 14:07:51.825,1.13167,1.13172,3.37,1.00
2016.08.15 14:07:51.876,1.13167,1.13171,2.62,1.00
2016.08.15 14:07:51.927,1.13168,1.13171,1.20,1.00
2016.08.15 14:07:51.977,1.13168,1.13173,1.27,1.00
2016.08.15 14:07:52.029,1.13167,1.13173,4.50,1.00
2016.08.15 14:07:52.080,1.13167,1.13172,3.00,1.00
2016.08.15 14:07:52.131,1.13167,1.13172,1.87,1.00
2016.08.15 14:07:52.336,1.13167,1.13169,1.45,1.00
2016.08.15 14:07:52.547,1.13167,1.1317,1.45,1.50
2016.08.15 14:07:52.699,1.13167,1.1317,1.50,1.50
2016.08.15 14:07:52.953,1.13167,1.1317,1.00,1.50
2016.08.15 14:07:53.257,1.13167,1.13169,1.00,1.00
2016.08.15 14:07:53.320,1.13167,1.1317,1.00,1.00
2016.08.15 14:07:53.371,1.13167,1.13171,1.00,1.00
2016.08.15 14:07:53.422,1.13165,1.13169,3.00,1.00
2016.08.15 14:07:53.473,1.13165,1.13171,1.50,1.00
2016.08.15 14:07:53.576,1.13165,1.13168,1.12,1.00
2016.08.15 14:07:53.627,1.13163,1.13168,2.62,1.00
2016.08.15 14:07:53.679,1.13163,1.13168,1.50,1.00
2016.08.15 14:07:54.188,1.13163,1.13168,1.20,1.00
2016.08.15 14:07:54.261,1.13162,1.13166,3.00,1.00
2016.08.15 14:07:54.492,1.13162,1.13167,2.25,1.00
2016.08.15 14:07:54.543,1.13162,1.13167,3.00,1.00
2016.08.15 14:07:54.594,1.13162,1.13167,2.32,1.00
2016.08.15 14:07:54.757,1.13164,1.13168,1.00,1.00
2016.08.15 14:07:54.808,1.13164,1.1317,1.50,3.75
2016.08.15 14:07:54.859,1.13166,1.1317,1.12,3.00
2016.08.15 14:07:54.910,1.13166,1.1317,1.87,1.12
2016.08.15 14:07:55.237,1.13168,1.13172,1.00,1.00
2016.08.15 14:07:55.442,1.1317,1.13174,1.20,1.00
2016.08.15 14:07:55.493,1.13169,1.13174,1.15,1.00
2016.08.15 14:07:55.545,1.13171,1.13176,1.50,1.50
2016.08.15 14:07:55.596,1.13171,1.13175,2.25,1.00
2016.08.15 14:07:55.647,1.13171,1.13175,1.50,1.00
2016.08.15 14:07:55.699,1.13171,1.13174,1.00,1.00
2016.08.15 14:07:55.750,1.1317,1.13173,3.52,1.00
2016.08.15 14:07:55.801,1.13169,1.13172,1.12,1.00
2016.08.15 14:07:56.044,1.13168,1.13172,1.87,1.00
2016.08.15 14:07:56.096,1.1317,1.13173,1.00,1.87
2016.08.15 14:07:56.148,1.1317,1.13175,1.15,3.19
2016.08.15 14:07:56.200,1.13171,1.13175,1.20,3.19
2016.08.15 14:07:56.252,1.13171,1.13175,1.00,2.81
2016.08.15 14:07:56.304,1.13171,1.13175,1.00,2.44
2016.08.15 14:07:56.355,1.1317,1.13175,1.12,2.44
2016.08.15 14:07:56.407,1.13169,1.13171,1.00,1.00
2016.08.15 14:07:56.510,1.13168,1.13171,1.20,1.00
2016.08.15 14:07:56.782,1.13168,1.1317,1.20,1.00
2016.08.15 14:07:56.833,1.13169,1.1317,1.00,1.00
2016.08.15 14:07:56.935,1.13168,1.13172,1.87,1.00
2016.08.15 14:07:56.986,1.13168,1.13173,1.87,2.62
2016.08.15 14:07:57.037,1.13168,1.13173,1.00,1.50
2016.08.15 14:07:57.088,1.13168,1.13173,1.00,1.69
2016.08.15 14:07:57.139,1.13168,1.13173,1.00,2.81
2016.08.15 14:07:57.190,1.13168,1.13173,1.00,3.19
2016.08.15 14:07:57.393,1.13168,1.1317,1.00,1.00
2016.08.15 14:07:57.691,1.13168,1.1317,1.00,1.50
2016.08.15 14:07:57.989,1.13168,1.1317,1.00,1.00
2016.08.15 14:07:58.092,1.13168,1.1317,1.00,1.50
2016.08.15 14:07:58.296,1.13168,1.1317,1.00,1.00
2016.08.15 14:07:58.398,1.13168,1.1317,1.00,1.50
2016.08.15 14:07:58.550,1.13168,1.1317,1.00,1.00
2016.08.15 14:07:58.601,1.13169,1.13172,1.00,1.00
2016.08.15 14:07:58.892,1.13169,1.13173,1.00,3.19
2016.08.15 14:07:59.045,1.13169,1.13173,1.87,1.00
2016.08.15 14:07:59.197,1.13171,1.13173,1.00,1.00
2016.08.15 14:08:00.002,1.1317,1.13173,1.00,1.00
2016.08.15 14:08:00.511,1.1317,1.13172,1.00,1.00
2016.08.15 14:08:01.178,1.13171,1.13175,2.25,3.19
2016.08.15 14:08:01.231,1.13171,1.13175,4.87,1.69
2016.08.15 14:08:01.282,1.13174,1.13176,1.00,1.00
2016.08.15 14:08:01.333,1.13175,1.13178,1.50,1.25
2016.08.15 14:08:01.385,1.13175,1.13177,1.00,1.00
2016.08.15 14:08:01.588,1.13175,1.13177,1.00,1.00
2016.08.15 14:08:01.689,1.13172,1.13177,3.07,1.00
2016.08.15 14:08:01.740,1.13172,1.13177,2.32,1.00
2016.08.15 14:08:01.911,1.13175,1.13178,1.00,1.25
2016.08.15 14:08:02.493,1.13178,1.1318,1.00,2.81
2016.08.15 14:08:02.544,1.13179,1.13181,1.00,1.00
2016.08.15 14:08:02.595,1.13177,1.13181,1.50,1.00
2016.08.15 14:08:02.748,1.13177,1.1318,1.00,1.00
2016.08.15 14:08:02.799,1.13177,1.1318,1.00,1.50
2016.08.15 14:08:03.003,1.13177,1.1318,1.00,1.00
2016.08.15 14:08:03.054,1.13177,1.13179,1.00,1.00
2016.08.15 14:08:03.105,1.13175,1.13178,1.57,1.00
2016.08.15 14:08:03.208,1.13173,1.13177,2.62,1.00
2016.08.15 14:08:03.478,1.13175,1.13177,1.10,1.00
2016.08.15 14:08:03.564,1.13172,1.13178,3.75,1.00
2016.08.15 14:08:04.777,1.13172,1.13178,3.00,1.00
2016.08.15 14:08:04.986,1.13172,1.13178,2.25,1.00
2016.08.15 14:08:05.037,1.13171,1.13175,4.50,1.00
2016.08.15 14:08:05.089,1.13173,1.13177,1.20,1.69
2016.08.15 14:08:05.191,1.13171,1.13177,1.75,1.69
2016.08.15 14:08:05.470,1.13173,1.13175,1.20,2.25
2016.08.15 14:08:05.522,1.13171,1.13175,1.00,4.72
2016.08.15 14:08:05.573,1.13169,1.13172,1.00,1.00
2016.08.15 14:08:06.159,1.13169,1.13172,1.50,1.00
2016.08.15 14:08:06.465,1.13169,1.13172,1.00,1.00
2016.08.15 14:08:06.516,1.13168,1.13172,1.20,1.00
2016.08.15 14:08:06.793,1.13163,1.13167,2.25,1.29
2016.08.15 14:08:06.844,1.13162,1.13166,3.00,1.00
2016.08.15 14:08:06.895,1.13162,1.13167,2.40,1.15
2016.08.15 14:08:06.946,1.13161,1.13166,2.62,1.29
2016.08.15 14:08:06.997,1.13161,1.13165,1.20,1.00
2016.08.15 14:08:07.047,1.1316,1.13165,5.32,1.00
2016.08.15 14:08:07.098,1.1316,1.13166,3.82,2.65
2016.08.15 14:08:07.149,1.1316,1.13165,3.07,1.00
2016.08.15 14:08:07.200,1.13161,1.13165,1.10,1.00
2016.08.15 14:08:07.251,1.13161,1.13165,1.10,1.00
2016.08.15 14:08:07.301,1.13161,1.13165,1.20,1.50
2016.08.15 14:08:07.624,1.13162,1.13165,1.00,1.00
2016.08.15 14:08:07.675,1.13162,1.13166,1.00,1.69
2016.08.15 14:08:07.726,1.13161,1.13166,2.32,1.25
2016.08.15 14:08:07.777,1.13161,1.13166,2.32,1.69
2016.08.15 14:08:07.879,1.13161,1.13166,2.70,1.69
2016.08.15 14:08:07.930,1.13161,1.13166,1.57,2.44
2016.08.15 14:08:07.981,1.13162,1.13166,1.00,1.69
2016.08.15 14:08:08.032,1.13161,1.13165,1.50,1.00
2016.08.15 14:08:08.096,1.13161,1.13165,1.50,1.50
2016.08.15 14:08:08.147,1.13161,1.13165,1.00,1.50
2016.08.15 14:08:08.198,1.13161,1.13165,1.00,1.00
2016.08.15 14:08:08.299,1.13161,1.13165,1.00,1.50
2016.08.15 14:08:08.821,1.13162,1.13165,1.00,1.00
2016.08.15 14:08:09.000,1.13162,1.13165,1.00,1.50
2016.08.15 14:08:09.645,1.13162,1.13165,1.00,1.00
2016.08.15 14:08:10.541,1.13161,1.13165,1.12,1.50
2016.08.15 14:08:10.593,1.13162,1.13165,1.00,1.50
2016.08.15 14:08:10.644,1.13161,1.13164,1.12,1.00
2016.08.15 14:08:10.695,1.13161,1.13165,1.12,1.50
2016.08.15 14:08:10.747,1.13161,1.13163,1.00,1.00
2016.08.15 14:08:10.900,1.13157,1.13161,1.65,1.00
2016.08.15 14:08:10.951,1.13157,1.13161,1.10,1.25
2016.08.15 14:08:11.002,1.13157,1.13161,1.00,1.25
2016.08.15 14:08:11.308,1.13159,1.13161,1.00,1.25
2016.08.15 14:08:11.360,1.13159,1.13161,1.50,1.25
2016.08.15 14:08:11.627,1.13159,1.13161,1.00,1.25
2016.08.15 14:08:12.362,1.13159,1.13161,1.50,1.25
2016.08.15 14:08:12.464,1.13159,1.13163,1.50,2.44
2016.08.15 14:08:12.565,1.13159,1.13163,1.00,1.69
2016.08.15 14:08:12.616,1.13159,1.13163,1.50,2.44
2016.08.15 14:08:12.667,1.13159,1.13163,1.50,2.65
2016.08.15 14:08:13.112,1.13158,1.13162,1.00,1.87
2016.08.15 14:08:13.164,1.13158,1.13162,1.00,2.25
2016.08.15 14:08:13.215,1.13156,1.13162,1.00,1.50
2016.08.15 14:08:13.272,1.1316,1.13163,1.00,3.60
2016.08.15 14:08:13.350,1.13159,1.13162,1.00,2.06
2016.08.15 14:08:13.402,1.13159,1.13162,1.00,2.44
2016.08.15 14:08:13.453,1.13158,1.13161,1.00,1.00
2016.08.15 14:08:13.505,1.13159,1.13162,1.00,1.62
2016.08.15 14:08:13.556,1.1316,1.13163,1.00,1.04
2016.08.15 14:08:14.133,1.1316,1.13164,1.50,3.56
2016.08.15 14:08:14.185,1.1316,1.13164,1.00,1.25
2016.08.15 14:08:14.287,1.13159,1.13164,1.50,2.48
2016.08.15 14:08:14.341,1.13159,1.13164,1.50,3.19
2016.08.15 14:08:14.443,1.13159,1.13164,1.00,3.19
2016.08.15 14:08:14.494,1.13158,1.13162,1.00,1.05
2016.08.15 14:08:14.597,1.13159,1.13163,1.00,1.50
2016.08.15 14:08:14.648,1.13159,1.13163,1.00,1.05
2016.08.15 14:08:15.337,1.13158,1.13164,1.00,2.10
2016.08.15 14:08:15.388,1.13158,1.13162,1.00,1.00
2016.08.15 14:08:15.439,1.13158,1.13164,1.00,2.85
2016.08.15 14:08:15.541,1.13158,1.13163,1.00,1.91
2016.08.15 14:08:15.591,1.13157,1.13162,1.00,1.05
2016.08.15 14:08:15.693,1.13157,1.13162,1.00,1.04
2016.08.15 14:08:15.846,1.13157,1.13162,1.00,1.54
2016.08.15 14:08:16.196,1.13156,1.1316,1.00,2.29
2016.08.15 14:08:16.247,1.13155,1.13159,1.50,1.69
2016.08.15 14:08:16.298,1.13157,1.13159,1.00,1.25
2016.08.15 14:08:16.349,1.13155,1.13159,1.50,2.81
2016.08.15 14:08:16.400,1.13157,1.13159,1.00,2.06
2016.08.15 14:08:16.553,1.13156,1.13161,1.00,1.50
2016.08.15 14:08:16.604,1.13157,1.13161,1.00,1.00
2016.08.15 14:08:16.655,1.13157,1.13161,1.00,1.87
2016.08.15 14:08:17.283,1.13157,1.13161,1.00,1.50
2016.08.15 14:08:17.342,1.13157,1.1316,1.00,1.05
2016.08.15 14:08:17.445,1.13157,1.13161,1.00,3.41
2016.08.15 14:08:17.496,1.13157,1.13161,1.00,3.79
2016.08.15 14:08:17.547,1.13157,1.13161,1.00,2.81
2016.08.15 14:08:17.649,1.13157,1.13161,1.00,2.44
2016.08.15 14:08:17.751,1.13157,1.13161,1.00,2.81
2016.08.15 14:08:17.912,1.13158,1.13161,1.00,2.44
2016.08.15 14:08:18.233,1.13156,1.1316,1.00,1.25
2016.08.15 14:08:18.438,1.13155,1.1316,1.00,2.66
2016.08.15 14:08:18.489,1.13154,1.13159,1.50,1.25
2016.08.15 14:08:18.540,1.13154,1.13158,1.00,1.00
2016.08.15 14:08:18.643,1.13152,1.13158,1.00,1.12
2016.08.15 14:08:18.694,1.13153,1.13157,1.00,1.00
2016.08.15 14:08:18.898,1.13151,1.13158,1.00,2.85
2016.08.15 14:08:18.949,1.13154,1.13158,1.00,2.25
2016.08.15 14:08:19.234,1.13155,1.13158,1.00,1.00
2016.08.15 14:08:19.285,1.13155,1.1316,1.00,5.48
2016.08.15 14:08:19.336,1.13158,1.1316,1.00,3.98
2016.08.15 14:08:19.387,1.13157,1.13161,5.49,2.02
2016.08.15 14:08:19.439,1.13166,1.13167,1.00,4.31
2016.08.15 14:08:19.501,1.13165,1.13167,3.75,1.00
2016.08.15 14:08:19.552,1.13168,1.13169,1.50,1.12
2016.08.15 14:08:19.654,1.13172,1.13173,1.00,1.00
2016.08.15 14:08:19.705,1.13172,1.13175,1.00,2.00
2016.08.15 14:08:19.757,1.13172,1.13175,1.00,1.12
2016.08.15 14:08:19.808,1.13171,1.13175,1.00,1.75
2016.08.15 14:08:20.103,1.13172,1.13175,1.00,1.35
2016.08.15 14:08:20.307,1.13172,1.13176,1.00,3.22
2016.08.15 14:08:20.358,1.1317,1.13175,1.50,1.00
2016.08.15 14:08:20.409,1.1317,1.13175,1.00,2.66
2016.08.15 14:08:20.460,1.1317,1.13175,1.00,2.74
2016.08.15 14:08:20.511,1.13169,1.13175,1.50,2.74
2016.08.15 14:08:20.562,1.1317,1.13175,1.00,3.49
2016.08.15 14:08:20.899,1.13169,1.13173,1.00,1.00
2016.08.15 14:08:20.950,1.13167,1.13171,1.12,1.60
2016.08.15 14:08:21.002,1.13166,1.1317,1.50,1.35
2016.08.15 14:08:21.053,1.13166,1.1317,1.37,1.00
2016.08.15 14:08:21.104,1.13165,1.13169,1.00,1.00
2016.08.15 14:08:21.360,1.13166,1.1317,1.00,1.00
2016.08.15 14:08:21.411,1.13165,1.13169,1.00,1.00
2016.08.15 14:08:21.462,1.13166,1.1317,1.00,1.09
2016.08.15 14:08:21.513,1.13166,1.1317,1.00,1.39
2016.08.15 14:08:21.564,1.13166,1.1317,1.00,2.44
2016.08.15 14:08:21.615,1.13165,1.13169,1.00,1.20
2016.08.15 14:08:21.777,1.13164,1.13169,1.00,1.20
2016.08.15 14:08:21.990,1.13164,1.1317,1.00,2.44
2016.08.15 14:08:22.044,1.13165,1.1317,1.00,1.69
2016.08.15 14:08:22.095,1.13165,1.13169,1.00,1.20
2016.08.15 14:08:22.146,1.13165,1.13169,1.00,1.27
2016.08.15 14:08:22.492,1.13165,1.1317,1.00,2.06
2016.08.15 14:08:22.544,1.13164,1.13168,2.25,1.00
2016.08.15 14:08:22.696,1.13164,1.13168,1.00,1.00
2016.08.15 14:08:23.080,1.13163,1.1317,1.00,2.81
2016.08.15 14:08:23.131,1.13165,1.13169,1.00,1.20
2016.08.15 14:08:23.283,1.13165,1.13169,1.00,1.00
2016.08.15 14:08:25.363,1.13165,1.13169,1.00,1.00
2016.08.15 14:08:25.465,1.13164,1.13169,1.00,1.00
2016.08.15 14:08:26.176,1.13164,1.13169,1.50,1.00
2016.08.15 14:08:27.691,1.13164,1.13169,2.25,1.00
2016.08.15 14:08:28.513,1.13164,1.13168,1.00,1.00
2016.08.15 14:08:29.060,1.13163,1.13167,1.00,1.00
2016.08.15 14:08:29.216,1.13163,1.13167,1.50,1.00
2016.08.15 14:08:29.767,1.13163,1.13168,1.50,1.00
2016.08.15 14:08:29.820,1.13163,1.13168,1.00,1.00
2016.08.15 14:08:29.871,1.13163,1.13168,1.00,1.37
2016.08.15 14:08:29.922,1.13162,1.13166,1.50,1.00
2016.08.15 14:08:29.973,1.13161,1.13167,4.50,1.00
2016.08.15 14:08:30.024,1.13165,1.13168,1.00,1.87
2016.08.15 14:08:30.076,1.13167,1.13168,1.00,1.00
2016.08.15 14:08:30.127,1.13167,1.1317,1.00,1.00
2016.08.15 14:08:30.178,1.13168,1.13172,1.00,2.62
2016.08.15 14:08:30.229,1.1317,1.13173,1.00,1.45
2016.08.15 14:08:30.280,1.13171,1.13173,1.00,1.10
2016.08.15 14:08:30.549,1.13171,1.13174,1.12,1.12
2016.08.15 14:08:30.604,1.13171,1.13178,1.87,2.62
2016.08.15 14:08:30.655,1.13171,1.13178,1.00,1.87
2016.08.15 14:08:30.705,1.13171,1.13178,1.00,1.50
2016.08.15 14:08:31.800,1.13171,1.13178,1.00,2.18
2016.08.15 14:08:31.852,1.13171,1.13176,1.00,1.00
2016.08.15 14:08:32.260,1.13171,1.13176,1.87,1.00
2016.08.15 14:08:32.362,1.13171,1.13176,1.00,1.00
2016.08.15 14:08:32.515,1.13171,1.13176,1.00,1.12
2016.08.15 14:08:32.872,1.13173,1.13176,1.00,1.35
2016.08.15 14:08:32.923,1.13173,1.13176,1.00,1.50
2016.08.15 14:08:33.025,1.13173,1.13176,1.00,1.00
2016.08.15 14:08:33.127,1.13173,1.13177,1.00,1.87
2016.08.15 14:08:33.759,1.13172,1.13177,1.00,1.87
2016.08.15 14:08:34.129,1.13172,1.13177,1.00,1.37
2016.08.15 14:08:34.729,1.13173,1.13177,1.00,1.37
2016.08.15 14:08:35.007,1.13173,1.13177,1.00,2.10
2016.08.15 14:08:35.058,1.13173,1.13177,1.00,1.50
2016.08.15 14:08:35.433,1.13173,1.13177,1.00,2.10
2016.08.15 14:08:35.535,1.13173,1.13177,1.00,1.50
2016.08.15 14:08:35.969,1.13173,1.13177,1.00,2.10
2016.08.15 14:08:36.072,1.13171,1.13175,1.00,1.30
2016.08.15 14:08:36.174,1.13171,1.13176,1.00,1.67
2016.08.15 14:08:36.621,1.13171,1.13175,1.00,1.30
2016.08.15 14:08:37.029,1.13169,1.13173,1.87,1.00
2016.08.15 14:08:37.081,1.13169,1.13172,1.87,1.00
2016.08.15 14:08:37.133,1.13166,1.1317,1.95,1.00
2016.08.15 14:08:37.185,1.13166,1.13169,1.95,1.35
2016.08.15 14:08:37.236,1.13165,1.13168,1.12,1.00
2016.08.15 14:08:37.287,1.13165,1.13166,1.00,1.00
2016.08.15 14:08:37.338,1.13163,1.13165,1.10,1.00
2016.08.15 14:08:37.598,1.13162,1.13165,1.87,1.00
2016.08.15 14:08:37.649,1.13163,1.13165,1.00,1.00
2016.08.15 14:08:37.700,1.13163,1.13168,1.50,1.50
2016.08.15 14:08:37.750,1.13163,1.13167,1.50,1.00
2016.08.15 14:08:37.802,1.13163,1.13167,1.00,1.00
2016.08.15 14:08:37.905,1.13164,1.13169,1.00,1.00
2016.08.15 14:08:37.956,1.13163,1.13166,1.00,1.00
2016.08.15 14:08:38.007,1.13161,1.13166,1.95,1.50
2016.08.15 14:08:38.059,1.13161,1.13166,1.57,1.50
2016.08.15 14:08:38.110,1.13161,1.13165,1.57,1.00
2016.08.15 14:08:38.161,1.13161,1.13165,1.50,1.00
2016.08.15 14:08:38.509,1.13161,1.13165,1.00,1.00
2016.08.15 14:08:38.611,1.13161,1.13166,1.00,1.50
2016.08.15 14:08:38.715,1.1316,1.13165,1.65,1.00
2016.08.15 14:08:38.766,1.13159,1.13164,5.81,1.00
2016.08.15 14:08:38.817,1.13159,1.13164,6.56,1.00
2016.08.15 14:08:38.918,1.1316,1.13165,1.00,1.00
2016.08.15 14:08:39.887,1.1316,1.13164,1.00,1.00
2016.08.15 14:08:39.938,1.13159,1.13161,1.50,1.00
2016.08.15 14:08:39.989,1.13159,1.13161,1.00,1.00
2016.08.15 14:08:40.040,1.13158,1.13161,1.10,1.00
2016.08.15 14:08:40.142,1.13157,1.13161,2.44,1.00
2016.08.15 14:08:40.193,1.13157,1.13161,1.12,1.00
2016.08.15 14:08:40.244,1.13156,1.1316,2.77,1.00
2016.08.15 14:08:40.295,1.13156,1.1316,1.65,1.00
2016.08.15 14:08:40.346,1.13155,1.13159,5.25,1.00
2016.08.15 14:08:40.398,1.13155,1.13159,3.75,1.00
2016.08.15 14:08:40.449,1.13154,1.13158,4.39,1.00
2016.08.15 14:08:40.500,1.13154,1.13158,3.26,1.00
2016.08.15 14:08:40.551,1.13154,1.13158,3.00,1.00
2016.08.15 14:08:40.849,1.13154,1.13158,2.25,1.00
2016.08.15 14:08:40.900,1.13153,1.13158,4.27,1.00
2016.08.15 14:08:41.002,1.13155,1.13158,1.00,1.00
2016.08.15 14:08:41.445,1.13153,1.13158,2.40,1.00
2016.08.15 14:08:41.938,1.13153,1.13158,3.15,1.00
2016.08.15 14:08:42.446,1.13153,1.13157,3.15,1.00
2016.08.15 14:08:42.497,1.13153,1.13157,2.40,1.00
2016.08.15 14:08:42.549,1.13153,1.13157,1.20,1.00
2016.08.15 14:08:42.651,1.13153,1.13157,1.00,1.00
2016.08.15 14:08:43.300,1.13152,1.13156,1.12,1.00
2016.08.15 14:08:43.545,1.13151,1.13156,1.00,1.00
2016.08.15 14:08:43.613,1.13151,1.13155,1.50,1.00
2016.08.15 14:08:43.715,1.13151,1.13155,1.00,1.00
2016.08.15 14:08:44.465,1.1315,1.13154,3.94,1.00
2016.08.15 14:08:44.540,1.1315,1.13154,1.12,1.00
2016.08.15 14:08:45.052,1.1315,1.13155,1.12,1.00
2016.08.15 14:08:45.103,1.13153,1.13155,1.00,1.00
2016.08.15 14:08:45.155,1.13153,1.13155,1.50,1.00
2016.08.15 14:08:45.206,1.13154,1.13156,1.12,1.00
2016.08.15 14:08:45.441,1.13154,1.13156,1.00,1.00
2016.08.15 14:08:45.493,1.13154,1.13159,1.00,1.00
2016.08.15 14:08:46.001,1.13154,1.13158,1.00,1.00
2016.08.15 14:08:46.104,1.13154,1.13158,1.50,1.00
2016.08.15 14:08:46.699,1.13154,1.13158,1.00,1.00
2016.08.15 14:08:47.013,1.13153,1.13159,1.50,1.00
2016.08.15 14:08:47.648,1.13154,1.13159,1.00,1.00
2016.08.15 14:08:47.750,1.13155,1.13159,1.00,1.00
2016.08.15 14:08:48.299,1.13156,1.13159,1.00,1.00
2016.08.15 14:08:48.714,1.13155,1.13159,2.81,1.00
2016.08.15 14:08:48.816,1.13156,1.13159,1.12,1.00
2016.08.15 14:08:49.274,1.13157,1.13161,2.25,1.50
2016.08.15 14:08:49.326,1.13158,1.13161,1.00,1.50
2016.08.15 14:08:49.377,1.13158,1.1316,1.00,1.00
2016.08.15 14:08:49.480,1.13158,1.1316,1.00,1.00
2016.08.15 14:08:49.531,1.13158,1.1316,1.00,1.50
2016.08.15 14:08:49.645,1.13156,1.1316,3.37,1.50
2016.08.15 14:08:50.051,1.13157,1.13161,1.50,1.00
2016.08.15 14:08:50.301,1.13157,1.13161,2.25,1.00
2016.08.15 14:08:50.352,1.13157,1.13161,1.50,1.00
2016.08.15 14:08:50.836,1.13157,1.1316,1.00,1.00
2016.08.15 14:08:50.945,1.13156,1.1316,3.00,1.00
2016.08.15 14:08:50.996,1.13156,1.1316,3.00,1.50
2016.08.15 14:08:51.294,1.13156,1.13161,1.00,1.50
2016.08.15 14:08:51.346,1.13155,1.1316,1.69,1.00
2016.08.15 14:08:51.447,1.13155,1.1316,1.25,1.00
2016.08.15 14:08:51.775,1.13155,1.13161,1.25,1.50
2016.08.15 14:08:51.975,1.13155,1.1316,1.25,1.00
2016.08.15 14:08:52.077,1.13155,1.13161,1.25,1.50
2016.08.15 14:08:52.339,1.13156,1.13159,1.00,1.00
2016.08.15 14:08:52.441,1.13154,1.13156,1.00,1.00
2016.08.15 14:08:52.542,1.13155,1.1316,1.50,2.25
2016.08.15 14:08:52.593,1.13155,1.13159,1.50,2.36
2016.08.15 14:08:52.644,1.13155,1.13159,1.00,2.36
2016.08.15 14:08:52.695,1.13154,1.1316,1.50,1.00
2016.08.15 14:08:52.746,1.13155,1.1316,1.00,1.00
2016.08.15 14:08:52.797,1.13156,1.1316,1.00,1.50
2016.08.15 14:08:52.848,1.13156,1.1316,1.00,1.00
2016.08.15 14:08:52.950,1.13156,1.1316,1.00,1.50
2016.08.15 14:08:53.001,1.13155,1.13159,1.50,1.00
2016.08.15 14:08:53.564,1.13156,1.1316,1.00,1.00
2016.08.15 14:08:53.666,1.13157,1.13159,1.00,1.00
2016.08.15 14:08:53.871,1.13157,1.1316,1.00,1.00
2016.08.15 14:08:53.922,1.13155,1.1316,1.50,1.50
2016.08.15 14:08:54.023,1.13155,1.1316,1.87,1.50
2016.08.15 14:08:54.227,1.13155,1.13159,1.50,1.00
2016.08.15 14:08:54.585,1.13155,1.1316,2.25,1.00
2016.08.15 14:08:54.636,1.13156,1.1316,1.00,1.50
2016.08.15 14:08:54.687,1.13156,1.1316,1.00,1.00
2016.08.15 14:08:54.790,1.13156,1.1316,1.00,1.50
2016.08.15 14:08:54.841,1.13156,1.1316,1.50,1.50
2016.08.15 14:08:55.095,1.13156,1.1316,1.50,1.00
2016.08.15 14:08:55.248,1.13156,1.1316,1.50,1.50
2016.08.15 14:08:56.716,1.13156,1.1316,1.00,1.50
2016.08.15 14:08:57.150,1.13156,1.1316,1.00,1.00
2016.08.15 14:08:57.529,1.13156,1.1316,1.00,1.50
2016.08.15 14:08:58.363,1.13156,1.13161,1.00,1.00
2016.08.15 14:08:58.491,1.13156,1.13162,1.00,1.00
2016.08.15 14:08:59.041,1.13157,1.13162,1.00,1.00
2016.08.15 14:08:59.400,1.13156,1.13163,2.25,1.00
2016.08.15 14:08:59.451,1.13157,1.13161,1.87,1.00
2016.08.15 14:08:59.553,1.13157,1.13161,1.12,1.00
2016.08.15 14:08:59.604,1.13157,1.1316,1.00,1.00
2016.08.15 14:08:59.705,1.13156,1.1316,1.50,1.00
2016.08.15 14:08:59.757,1.13156,1.1316,2.25,1.00
2016.08.15 14:09:00.041,1.13157,1.13161,1.00,1.00
2016.08.15 14:09:00.399,1.13156,1.1316,1.00,1.50
2016.08.15 14:09:00.603,1.13156,1.1316,1.00,1.00
2016.08.15 14:09:00.654,1.13156,1.1316,1.50,1.00
2016.08.15 14:09:00.705,1.13156,1.1316,1.50,1.50
2016.08.15 14:09:00.807,1.13156,1.1316,1.00,1.50
2016.08.15 14:09:01.536,1.13155,1.1316,3.00,1.50
2016.08.15 14:09:01.689,1.13155,1.1316,3.00,1.00
2016.08.15 14:09:01.792,1.13155,1.1316,3.00,1.50
2016.08.15 14:09:02.053,1.13156,1.1316,1.00,1.50
2016.08.15 14:09:02.104,1.13156,1.1316,1.00,1.00
2016.08.15 14:09:02.382,1.13156,1.1316,1.00,1.50
2016.08.15 14:09:02.502,1.13156,1.1316,1.00,1.00
2016.08.15 14:09:02.729,1.13155,1.1316,3.37,1.00
2016.08.15 14:09:03.033,1.13155,1.1316,3.00,1.50
2016.08.15 14:09:03.084,1.13155,1.1316,2.25,1.50
2016.08.15 14:09:03.186,1.13155,1.13159,1.00,1.00
2016.08.15 14:09:03.237,1.13154,1.13159,2.62,1.00
2016.08.15 14:09:03.289,1.13154,1.13159,1.87,1.00
2016.08.15 14:09:03.340,1.13154,1.13159,1.12,1.00
2016.08.15 14:09:03.547,1.13155,1.13159,1.00,1.00
2016.08.15 14:09:03.700,1.13154,1.13161,3.00,1.50
2016.08.15 14:09:03.751,1.13155,1.13161,1.00,1.50
2016.08.15 14:09:04.047,1.13155,1.1316,1.50,1.00
2016.08.15 14:09:04.207,1.13155,1.13161,1.50,1.50
2016.08.15 14:09:04.267,1.13155,1.1316,1.50,1.00
2016.08.15 14:09:04.408,1.13155,1.13161,1.50,1.50
2016.08.15 14:09:04.510,1.13155,1.1316,1.50,1.00
2016.08.15 14:09:05.050,1.13155,1.1316,1.00,1.00
2016.08.15 14:09:05.151,1.13155,1.1316,1.50,1.00
2016.08.15 14:09:05.427,1.13163,1.13165,1.00,1.12
2016.08.15 14:09:05.478,1.13163,1.13167,1.00,1.00
2016.08.15 14:09:05.580,1.13163,1.13165,1.00,1.00
2016.08.15 14:09:05.682,1.13163,1.13167,1.00,1.00
2016.08.15 14:09:06.037,1.13163,1.13168,1.50,1.00
2016.08.15 14:09:06.088,1.13163,1.13167,1.00,1.00
2016.08.15 14:09:06.512,1.13162,1.13167,1.50,1.00
2016.08.15 14:09:07.512,1.13162,1.13167,1.00,1.00
2016.08.15 14:09:07.880,1.13162,1.13167,1.50,1.00
2016.08.15 14:09:08.032,1.13163,1.13169,1.50,1.10
2016.08.15 14:09:08.083,1.13166,1.1317,1.50,1.27
2016.08.15 14:09:08.134,1.13168,1.13171,1.00,4.12
2016.08.15 14:09:08.185,1.13167,1.13171,1.00,1.00
2016.08.15 14:09:08.236,1.13169,1.13173,1.00,1.57
2016.08.15 14:09:08.772,1.13169,1.13173,1.00,1.00
2016.08.15 14:09:09.305,1.13168,1.13173,1.00,1.00
2016.08.15 14:09:09.803,1.1317,1.13174,1.00,4.06
2016.08.15 14:09:09.854,1.13168,1.13173,1.00,2.25
2016.08.15 14:09:09.957,1.1317,1.13174,1.00,1.12
2016.08.15 14:09:10.059,1.1317,1.13174,1.00,1.00
2016.08.15 14:09:10.110,1.13171,1.13175,1.00,1.50
2016.08.15 14:09:10.161,1.13171,1.13175,1.00,1.87
2016.08.15 14:09:10.263,1.13171,1.13175,1.00,1.12
2016.08.15 14:09:10.466,1.1317,1.13174,1.50,1.00
2016.08.15 14:09:10.517,1.1317,1.13174,1.00,1.00
2016.08.15 14:09:10.754,1.1317,1.13174,1.50,1.00
2016.08.15 14:09:11.008,1.13171,1.13175,1.00,1.50
2016.08.15 14:09:11.110,1.13171,1.13175,1.00,1.00
2016.08.15 14:09:12.011,1.13171,1.13175,1.00,1.50
2016.08.15 14:09:12.300,1.13169,1.13173,1.00,1.00
2016.08.15 14:09:13.167,1.13169,1.13173,1.00,1.50
2016.08.15 14:09:13.218,1.13168,1.13173,1.00,1.00
2016.08.15 14:09:15.786,1.1317,1.13174,1.00,1.00
2016.08.15 14:09:15.838,1.1317,1.13174,1.50,1.00
2016.08.15 14:09:15.889,1.1317,1.13174,1.50,1.00
2016.08.15 14:09:15.940,1.1317,1.13174,1.50,1.35
2016.08.15 14:09:16.531,1.1317,1.13174,1.50,1.00
2016.08.15 14:09:16.922,1.13167,1.13172,1.50,1.00
2016.08.15 14:09:16.973,1.13168,1.13172,1.00,1.00
2016.08.15 14:09:17.075,1.13165,1.13171,1.04,1.35
2016.08.15 14:09:17.126,1.13165,1.13171,1.50,1.60
2016.08.15 14:09:17.177,1.13165,1.13171,1.50,1.35
2016.08.15 14:09:17.228,1.13165,1.13171,1.00,1.35
2016.08.15 14:09:17.509,1.13165,1.1317,1.50,1.50
2016.08.15 14:09:17.560,1.13165,1.1317,1.50,2.62
2016.08.15 14:09:17.611,1.13165,1.1317,1.50,3.22
2016.08.15 14:09:17.814,1.13165,1.1317,1.00,3.22
2016.08.15 14:09:17.907,1.13165,1.1317,1.50,3.22
2016.08.15 14:09:18.230,1.13165,1.1317,1.00,3.22
2016.08.15 14:09:18.454,1.13165,1.1317,1.50,3.22
2016.08.15 14:09:19.055,1.13165,1.1317,1.00,3.22
2016.08.15 14:09:19.246,1.13165,1.1317,1.50,3.22
2016.08.15 14:09:19.829,1.13166,1.1317,1.00,1.35
2016.08.15 14:09:19.882,1.13168,1.13172,1.00,1.95
2016.08.15 14:09:19.934,1.13169,1.13173,1.00,5.25
2016.08.15 14:09:19.986,1.13169,1.13173,1.50,2.62
2016.08.15 14:09:20.274,1.13172,1.13175,1.00,3.71
2016.08.15 14:09:20.325,1.13169,1.13175,1.50,2.96
2016.08.15 14:09:20.426,1.1317,1.13175,1.00,2.96
2016.08.15 14:09:20.477,1.1317,1.13175,1.00,3.33
2016.08.15 14:09:20.528,1.1317,1.13175,1.00,4.46
2016.08.15 14:09:20.579,1.1317,1.13175,1.00,5.21
2016.08.15 14:09:20.630,1.13169,1.13175,1.50,5.21
2016.08.15 14:09:20.681,1.13169,1.13175,1.50,5.58
2016.08.15 14:09:20.731,1.1317,1.13175,1.00,5.58
2016.08.15 14:09:20.782,1.1317,1.13174,1.00,1.12
2016.08.15 14:09:21.166,1.1317,1.13174,1.00,1.57
2016.08.15 14:09:21.217,1.1317,1.13174,1.00,3.18
2016.08.15 14:09:21.716,1.13169,1.13174,1.50,3.18
2016.08.15 14:09:21.850,1.1317,1.13174,1.00,3.18
2016.08.15 14:09:21.924,1.13169,1.13173,1.00,1.12
2016.08.15 14:09:22.621,1.13168,1.13173,1.00,1.12
2016.08.15 14:09:22.866,1.13168,1.13173,1.00,2.25
2016.08.15 14:09:22.917,1.13168,1.13172,1.00,1.72
2016.08.15 14:09:22.974,1.13169,1.13172,1.00,1.35
2016.08.15 14:09:23.077,1.13167,1.13171,1.00,2.10
2016.08.15 14:09:23.179,1.13166,1.13171,1.00,1.00
2016.08.15 14:09:23.281,1.13165,1.13172,1.50,1.72
2016.08.15 14:09:23.332,1.13166,1.13171,1.00,1.00
2016.08.15 14:09:23.384,1.13165,1.1317,1.50,1.00
2016.08.15 14:09:23.486,1.13165,1.1317,1.50,1.60
2016.08.15 14:09:23.969,1.13165,1.1317,2.25,1.60
2016.08.15 14:09:24.020,1.13165,1.1317,1.00,1.35
2016.08.15 14:09:24.072,1.13166,1.13171,1.00,3.97
2016.08.15 14:09:24.124,1.13166,1.13171,1.00,4.12
2016.08.15 14:09:24.177,1.13166,1.13171,1.00,4.87
2016.08.15 14:09:24.228,1.13166,1.1317,1.00,1.30
2016.08.15 14:09:24.638,1.13165,1.1317,1.50,1.30
2016.08.15 14:09:24.758,1.13165,1.1317,1.00,1.30
2016.08.15 14:09:24.809,1.13166,1.13171,1.00,3.00
2016.08.15 14:09:24.860,1.13165,1.1317,1.00,1.12
2016.08.15 14:09:25.166,1.13165,1.13171,1.00,3.60
2016.08.15 14:09:25.217,1.13163,1.13168,1.00,1.00
2016.08.15 14:09:25.422,1.13163,1.13167,1.00,1.35
2016.08.15 14:09:25.474,1.13163,1.13167,1.00,1.00
2016.08.15 14:09:25.833,1.13163,1.13168,1.00,1.50
2016.08.15 14:09:26.331,1.13163,1.13168,1.00,3.00
2016.08.15 14:09:26.383,1.13163,1.13167,1.00,1.30
2016.08.15 14:09:26.434,1.13161,1.13168,1.00,4.35
2016.08.15 14:09:26.486,1.13161,1.13168,1.00,3.22
2016.08.15 14:09:26.537,1.13164,1.13168,1.00,1.87
2016.08.15 14:09:26.740,1.13164,1.13168,1.00,1.50
2016.08.15 14:09:26.791,1.13163,1.13168,1.00,2.25
2016.08.15 14:09:26.893,1.13162,1.13167,1.00,1.00
2016.08.15 14:09:27.317,1.13162,1.13167,1.00,1.12
2016.08.15 14:09:27.419,1.13162,1.13167,1.00,2.62
2016.08.15 14:09:27.744,1.13163,1.13168,1.00,3.15
2016.08.15 14:09:27.794,1.13162,1.13167,1.00,1.12
2016.08.15 14:09:27.897,1.13165,1.13168,1.00,3.75
2016.08.15 14:09:27.949,1.13165,1.13167,1.00,1.00
2016.08.15 14:09:28.000,1.13165,1.13169,1.00,2.62
2016.08.15 14:09:28.051,1.13165,1.13168,1.00,1.20
2016.08.15 14:09:28.102,1.13165,1.13169,1.00,2.62
2016.08.15 14:09:28.153,1.13165,1.13169,1.00,3.37
2016.08.15 14:09:28.407,1.13166,1.13169,1.00,2.32
2016.08.15 14:09:28.677,1.13166,1.13169,1.00,1.20
2016.08.15 14:09:28.756,1.13165,1.13169,1.00,1.80
2016.08.15 14:09:28.858,1.13165,1.13169,1.00,3.30
2016.08.15 14:09:29.324,1.13166,1.1317,1.00,2.70
2016.08.15 14:09:29.428,1.13166,1.1317,1.00,1.07
2016.08.15 14:09:29.479,1.13166,1.13171,1.00,3.75
2016.08.15 14:09:29.735,1.13165,1.13171,1.00,2.85
2016.08.15 14:09:29.787,1.13168,1.13171,1.00,3.71
2016.08.15 14:09:29.838,1.13168,1.13171,1.00,2.85
2016.08.15 14:09:29.943,1.13168,1.13171,1.00,2.25
2016.08.15 14:09:30.045,1.13168,1.1317,1.00,1.00
2016.08.15 14:09:30.148,1.13168,1.1317,1.00,1.35
2016.08.15 14:09:30.250,1.13168,1.1317,1.00,1.00
2016.08.15 14:09:30.900,1.13167,1.1317,1.00,1.35
2016.08.15 14:09:30.953,1.1317,1.13172,1.20,1.50
2016.08.15 14:09:31.007,1.13169,1.13172,1.15,2.10
2016.08.15 14:09:31.059,1.13169,1.13171,1.15,2.85
2016.08.15 14:09:31.110,1.13169,1.13172,1.15,6.22
2016.08.15 14:09:31.162,1.13167,1.1317,1.00,1.72
2016.08.15 14:09:31.213,1.13166,1.13169,1.20,1.30
2016.08.15 14:09:31.265,1.13166,1.1317,1.20,2.85
2016.08.15 14:09:31.316,1.13166,1.1317,1.20,2.47
2016.08.15 14:09:31.418,1.13167,1.1317,1.00,3.97
2016.08.15 14:09:31.469,1.13167,1.1317,1.00,3.60
2016.08.15 14:09:31.520,1.13166,1.1317,1.00,4.05
2016.08.15 14:09:31.622,1.13167,1.1317,1.00,3.30
2016.08.15 14:09:32.087,1.13166,1.13169,1.00,1.42
2016.08.15 14:09:32.139,1.13166,1.13169,1.00,1.57
2016.08.15 14:09:32.292,1.13166,1.13169,1.00,2.17
2016.08.15 14:09:33.254,1.13166,1.13167,1.00,1.00
2016.08.15 14:09:33.533,1.13166,1.13169,1.00,2.17
2016.08.15 14:09:33.759,1.13166,1.13169,1.00,1.42
2016.08.15 14:09:33.864,1.13165,1.13167,1.00,1.00
2016.08.15 14:09:34.414,1.13166,1.13168,1.00,1.00
2016.08.15 14:09:34.515,1.13166,1.13168,1.00,1.35
2016.08.15 14:09:34.811,1.13166,1.13168,1.00,1.00
2016.08.15 14:09:36.758,1.13166,1.13169,1.00,1.42
2016.08.15 14:09:36.860,1.13166,1.13169,1.00,1.10
2016.08.15 14:09:37.063,1.13166,1.13169,1.00,1.42
2016.08.15 14:09:37.196,1.13166,1.13169,1.00,1.10
2016.08.15 14:09:38.260,1.13166,1.13169,1.00,1.42
2016.08.15 14:09:39.485,1.13166,1.13169,1.00,1.10
2016.08.15 14:09:40.016,1.13166,1.13169,1.00,1.42
2016.08.15 14:09:40.171,1.13166,1.13169,1.00,1.10
2016.08.15 14:09:40.279,1.13166,1.13169,1.00,1.42
2016.08.15 14:09:40.482,1.13166,1.13169,1.00,1.10
2016.08.15 14:09:40.886,1.13168,1.13171,1.00,4.12
2016.08.15 14:09:40.937,1.13168,1.13171,1.00,3.00
2016.08.15 14:09:41.039,1.13168,1.13171,1.00,1.27
2016.08.15 14:09:41.090,1.13168,1.13171,1.00,1.12
2016.08.15 14:09:41.141,1.13169,1.13171,1.00,1.00
2016.08.15 14:09:41.192,1.13169,1.13171,1.50,1.00
2016.08.15 14:09:41.243,1.13168,1.13171,1.50,3.60
2016.08.15 14:09:41.346,1.13168,1.13171,1.00,3.60
2016.08.15 14:09:41.397,1.13167,1.1317,1.00,2.10
2016.08.15 14:09:41.448,1.13167,1.1317,1.00,3.22
2016.08.15 14:09:41.499,1.13168,1.1317,1.00,1.72
2016.08.15 14:09:41.550,1.13168,1.13171,1.00,2.10
2016.08.15 14:09:41.601,1.13167,1.13171,1.00,3.00
2016.08.15 14:09:41.878,1.13167,1.13171,1.00,5.25
2016.08.15 14:09:41.930,1.13167,1.13171,1.00,5.62
2016.08.15 14:09:42.370,1.13167,1.1317,1.00,1.60
2016.08.15 14:09:42.796,1.13167,1.1317,1.00,1.35
2016.08.15 14:09:42.921,1.13167,1.1317,1.00,1.60
2016.08.15 14:09:43.110,1.13167,1.1317,1.00,1.60
2016.08.15 14:09:43.161,1.13167,1.1317,1.00,1.00
2016.08.15 14:09:43.212,1.13168,1.1317,1.00,1.00
2016.08.15 14:09:43.364,1.13168,1.13171,1.00,1.87
2016.08.15 14:09:43.608,1.13169,1.13171,1.00,1.27
2016.08.15 14:09:43.885,1.13168,1.13171,1.00,1.87
2016.08.15 14:09:43.936,1.13168,1.13172,1.00,5.10
2016.08.15 14:09:43.987,1.13166,1.13172,1.00,5.47
2016.08.15 14:09:44.038,1.13169,1.13172,1.00,2.62
2016.08.15 14:09:44.089,1.13169,1.13172,1.00,2.25
2016.08.15 14:09:44.142,1.13169,1.13172,1.00,1.80
2016.08.15 14:09:44.243,1.13168,1.13172,1.00,1.60
2016.08.15 14:09:44.294,1.13168,1.13172,1.00,1.35
2016.08.15 14:09:44.574,1.1317,1.13173,1.00,1.80
2016.08.15 14:09:44.625,1.1317,1.13173,1.00,1.60
2016.08.15 14:09:45.057,1.1317,1.13173,1.00,1.72
2016.08.15 14:09:45.966,1.1317,1.13173,1.00,3.22
2016.08.15 14:09:46.601,1.1317,1.13173,1.00,1.72
2016.08.15 14:09:46.652,1.1317,1.13173,1.00,3.22
2016.08.15 14:09:46.753,1.1317,1.13173,1.00,1.72
2016.08.15 14:09:46.804,1.13171,1.13173,1.00,1.35
2016.08.15 14:09:46.906,1.13171,1.13173,1.00,1.00
2016.08.15 14:09:47.516,1.13171,1.13174,1.00,2.10
2016.08.15 14:09:48.068,1.13172,1.13174,1.00,1.30
2016.08.15 14:09:48.721,1.13171,1.13174,1.00,1.30
2016.08.15 14:09:48.791,1.13171,1.13174,1.00,1.72
2016.08.15 14:09:49.055,1.13172,1.13174,1.00,1.30
2016.08.15 14:09:49.239,1.13171,1.13174,1.00,1.72
2016.08.15 14:09:50.280,1.13171,1.13175,1.00,5.25
2016.08.15 14:09:50.331,1.13172,1.13175,1.00,6.37
2016.08.15 14:09:51.271,1.13172,1.13175,1.00,5.62
2016.08.15 14:09:51.688,1.13172,1.13175,1.00,6.00
2016.08.15 14:09:51.790,1.13172,1.13175,1.00,5.25
2016.08.15 14:09:51.942,1.13172,1.13175,1.00,4.50
2016.08.15 14:09:52.634,1.1317,1.13175,1.50,5.25
2016.08.15 14:09:52.685,1.13171,1.13175,1.00,4.12
2016.08.15 14:09:52.964,1.13171,1.13175,1.00,4.87
2016.08.15 14:09:53.085,1.13171,1.13175,1.00,7.50
2016.08.15 14:09:53.238,1.1317,1.13175,1.50,7.50
2016.08.15 14:09:53.340,1.1317,1.13175,1.50,8.25
2016.08.15 14:09:53.391,1.1317,1.13175,1.50,9.00
2016.08.15 14:09:53.442,1.1317,1.13174,1.00,1.60
2016.08.15 14:09:53.544,1.13172,1.13174,1.00,1.00
2016.08.15 14:09:53.645,1.13173,1.13175,1.00,2.40
2016.08.15 14:09:53.944,1.13172,1.13175,1.00,2.25
2016.08.15 14:09:54.024,1.13172,1.13176,1.00,3.22
2016.08.15 14:09:54.075,1.13168,1.13173,1.00,2.10
2016.08.15 14:09:54.127,1.1317,1.13171,1.50,1.30
2016.08.15 14:09:54.231,1.13169,1.13172,1.50,3.60
2016.08.15 14:09:54.282,1.13169,1.13171,1.50,3.97
2016.08.15 14:09:54.362,1.13169,1.13171,1.00,1.00
2016.08.15 14:09:54.948,1.13169,1.13171,1.00,1.12
2016.08.15 14:09:54.999,1.13169,1.13171,1.00,1.12
2016.08.15 14:09:55.153,1.13168,1.13171,1.00,1.41
2016.08.15 14:09:55.255,1.1317,1.13172,1.00,1.29
2016.08.15 14:09:55.460,1.13171,1.13173,1.00,3.01
2016.08.15 14:09:55.563,1.13171,1.13173,1.00,2.26
2016.08.15 14:09:55.717,1.13171,1.13173,1.00,1.51
2016.08.15 14:09:55.769,1.1317,1.13174,1.00,6.91
2016.08.15 14:09:56.012,1.1317,1.13174,1.00,6.91
2016.08.15 14:09:56.064,1.1317,1.13174,1.00,4.51
2016.08.15 14:09:56.116,1.1317,1.13174,1.00,3.91
2016.08.15 14:09:56.320,1.1317,1.13174,1.00,4.28
2016.08.15 14:09:56.372,1.1317,1.13174,1.00,4.88
2016.08.15 14:09:56.424,1.1317,1.13174,1.00,4.28
2016.08.15 14:09:57.210,1.13171,1.13174,1.00,2.40
2016.08.15 14:09:57.261,1.13171,1.13174,1.00,2.32
2016.08.15 14:09:57.468,1.1317,1.13174,1.00,3.45
2016.08.15 14:09:57.520,1.13174,1.13176,1.00,4.87
2016.08.15 14:09:57.571,1.13174,1.13176,1.50,2.25
2016.08.15 14:09:57.622,1.13174,1.13176,1.50,1.87
2016.08.15 14:09:57.673,1.13176,1.13178,1.00,1.20
2016.08.15 14:09:57.775,1.13176,1.13179,1.00,2.70
2016.08.15 14:09:57.877,1.13177,1.13179,1.00,1.57
2016.08.15 14:09:57.928,1.13176,1.1318,1.00,4.20
2016.08.15 14:09:57.979,1.13176,1.13179,1.00,1.10
2016.08.15 14:09:58.218,1.13177,1.13179,1.00,1.00
2016.08.15 14:09:58.271,1.13177,1.1318,1.00,3.07
2016.08.15 14:09:58.525,1.13178,1.13181,1.00,2.99
2016.08.15 14:09:58.576,1.13177,1.1318,1.00,1.30
2016.08.15 14:09:58.627,1.13175,1.13181,1.00,1.94
2016.08.15 14:09:58.678,1.13178,1.13181,1.00,1.56
2016.08.15 14:09:58.779,1.13178,1.13181,1.00,1.50
2016.08.15 14:09:58.881,1.13178,1.13181,1.00,1.12
2016.08.15 14:09:58.933,1.13179,1.13182,1.00,3.51
2016.08.15 14:09:59.187,1.13178,1.13182,1.00,3.14
2016.08.15 14:09:59.506,1.13179,1.13182,1.00,2.76
2016.08.15 14:10:00.117,1.13179,1.13182,1.00,2.16
2016.08.15 14:10:00.270,1.13179,1.13181,1.00,1.18
2016.08.15 14:10:00.622,1.13179,1.13182,1.00,3.00
2016.08.15 14:10:00.673,1.13178,1.13181,1.00,1.26
2016.08.15 14:10:00.724,1.13177,1.1318,1.00,1.59
2016.08.15 14:10:00.826,1.13178,1.13182,1.00,4.79
2016.08.15 14:10:00.877,1.13177,1.13179,1.00,1.18
2016.08.15 14:10:00.979,1.13179,1.13182,1.00,4.04
2016.08.15 14:10:01.030,1.13177,1.13181,1.00,1.26
2016.08.15 14:10:01.397,1.13177,1.13181,1.00,2.76
2016.08.15 14:10:01.449,1.13179,1.13181,1.00,1.64
2016.08.15 14:10:01.715,1.13179,1.13181,1.00,1.18
2016.08.15 14:10:01.766,1.1318,1.13183,1.00,2.85
2016.08.15 14:10:01.868,1.1318,1.13183,1.00,3.60
2016.08.15 14:10:01.970,1.13179,1.13182,1.00,1.80
2016.08.15 14:10:02.329,1.1318,1.13183,1.00,4.35
2016.08.15 14:10:02.936,1.1318,1.13182,1.00,1.30
2016.08.15 14:10:03.141,1.1318,1.13183,1.50,3.37
2016.08.15 14:10:03.193,1.1318,1.13183,1.50,4.50
2016.08.15 14:10:03.244,1.1318,1.13183,1.00,4.12
2016.08.15 14:10:03.295,1.13178,1.1318,1.00,3.22
2016.08.15 14:10:03.346,1.13175,1.13177,1.50,1.35
2016.08.15 14:10:03.398,1.13173,1.13174,1.00,2.10
2016.08.15 14:10:03.449,1.13172,1.13174,1.20,1.72
2016.08.15 14:10:03.500,1.1317,1.13173,1.50,2.10
2016.08.15 14:10:03.844,1.1317,1.13172,1.00,1.60
2016.08.15 14:10:03.896,1.1317,1.13172,1.50,1.60
2016.08.15 14:10:04.057,1.1317,1.13172,1.00,1.60
2016.08.15 14:10:04.154,1.1317,1.13172,1.00,1.35
2016.08.15 14:10:04.257,1.13169,1.13172,1.00,1.00
2016.08.15 14:10:04.410,1.13169,1.13172,1.00,1.35
2016.08.15 14:10:04.461,1.13168,1.13172,1.00,1.72
2016.08.15 14:10:04.513,1.13167,1.13172,1.00,3.60
2016.08.15 14:10:04.564,1.13166,1.13171,1.00,2.10
2016.08.15 14:10:04.843,1.13167,1.13169,1.00,1.35
2016.08.15 14:10:04.894,1.13167,1.13169,1.00,1.00
2016.08.15 14:10:04.997,1.13165,1.1317,1.50,1.12
2016.08.15 14:10:05.048,1.13167,1.1317,1.00,1.12
2016.08.15 14:10:05.151,1.13168,1.1317,1.00,1.00
2016.08.15 14:10:05.304,1.13166,1.1317,1.00,1.00
2016.08.15 14:10:05.673,1.13166,1.13171,1.00,1.20
2016.08.15 14:10:05.725,1.13166,1.13171,1.00,2.77
2016.08.15 14:10:05.830,1.13166,1.13171,1.00,3.37
2016.08.15 14:10:06.556,1.13166,1.1317,1.00,1.00
2016.08.15 14:10:06.607,1.13166,1.1317,1.00,1.50
2016.08.15 14:10:07.516,1.13166,1.1317,1.00,1.87
2016.08.15 14:10:07.770,1.13166,1.1317,1.00,2.47
2016.08.15 14:10:08.123,1.13166,1.1317,1.00,1.50
2016.08.15 14:10:08.608,1.13166,1.1317,1.00,1.00
2016.08.15 14:10:08.761,1.13167,1.13171,1.00,3.75
2016.08.15 14:10:08.812,1.13167,1.13171,1.00,3.15
2016.08.15 14:10:08.964,1.13167,1.13171,1.00,1.65
2016.08.15 14:10:09.015,1.13165,1.13171,1.50,1.65
2016.08.15 14:10:09.325,1.13167,1.13171,1.00,2.77
2016.08.15 14:10:09.529,1.13167,1.13171,1.00,1.20
2016.08.15 14:10:09.833,1.13167,1.13171,1.00,2.02
2016.08.15 14:10:10.469,1.13165,1.1317,1.50,1.12
2016.08.15 14:10:10.571,1.13165,1.1317,1.50,1.72
2016.08.15 14:10:10.623,1.13165,1.1317,1.50,2.32
2016.08.15 14:10:10.725,1.13165,1.1317,1.00,2.32
2016.08.15 14:10:10.777,1.13165,1.1317,1.50,2.32
2016.08.15 14:10:10.828,1.13165,1.1317,1.50,1.72
2016.08.15 14:10:10.934,1.13165,1.1317,1.50,1.12
2016.08.15 14:10:10.985,1.13165,1.13171,1.50,4.50
2016.08.15 14:10:11.139,1.13165,1.13171,1.50,3.15
2016.08.15 14:10:11.531,1.13167,1.1317,1.00,1.12
2016.08.15 14:10:11.582,1.13167,1.1317,1.00,1.00
2016.08.15 14:10:11.633,1.13165,1.1317,1.50,1.50
2016.08.15 14:10:11.684,1.13165,1.1317,1.00,1.50
2016.08.15 14:10:11.786,1.13165,1.1317,1.50,1.00
2016.08.15 14:10:11.837,1.13165,1.13171,1.50,4.87
2016.08.15 14:10:11.888,1.13167,1.13171,1.00,4.87
2016.08.15 14:10:11.939,1.13167,1.13171,1.00,3.75
2016.08.15 14:10:12.040,1.13167,1.13171,1.00,3.00
2016.08.15 14:10:12.142,1.13167,1.13171,1.00,4.12
2016.08.15 14:10:12.661,1.13167,1.1317,1.00,1.35
2016.08.15 14:10:13.119,1.13167,1.1317,1.00,1.60
2016.08.15 14:10:13.170,1.13165,1.1317,1.50,2.10
2016.08.15 14:10:13.221,1.13165,1.1317,1.00,2.10
2016.08.15 14:10:13.323,1.13165,1.1317,1.50,2.10
2016.08.15 14:10:13.424,1.13166,1.1317,1.00,1.35
2016.08.15 14:10:13.963,1.13164,1.1317,1.50,2.10
2016.08.15 14:10:14.033,1.13166,1.1317,1.00,1.50
2016.08.15 14:10:14.186,1.13167,1.1317,1.00,2.10
2016.08.15 14:10:14.237,1.13167,1.1317,1.00,1.50
2016.08.15 14:10:14.338,1.13166,1.1317,1.00,2.10
2016.08.15 14:10:14.491,1.13166,1.1317,1.00,1.50
2016.08.15 14:10:14.643,1.13166,1.13171,1.00,1.72
2016.08.15 14:10:14.745,1.13165,1.1317,1.50,1.35
2016.08.15 14:10:14.994,1.13165,1.1317,1.50,1.57
2016.08.15 14:10:15.045,1.13165,1.1317,1.50,1.29
2016.08.15 14:10:15.198,1.13167,1.13172,1.00,5.62
2016.08.15 14:10:15.249,1.13167,1.13172,1.00,2.77
2016.08.15 14:10:15.300,1.13167,1.13172,1.00,2.40
2016.08.15 14:10:15.352,1.13169,1.13172,1.00,1.65
2016.08.15 14:10:15.403,1.1317,1.13174,1.50,2.62
2016.08.15 14:10:15.454,1.13171,1.13174,1.00,1.82
2016.08.15 14:10:15.506,1.13171,1.13175,1.00,1.12
2016.08.15 14:10:15.890,1.1317,1.13175,1.00,2.62
2016.08.15 14:10:15.941,1.1317,1.13175,1.50,2.62
2016.08.15 14:10:15.992,1.1317,1.13175,1.50,2.25
2016.08.15 14:10:16.043,1.1317,1.13175,1.50,2.47
2016.08.15 14:10:16.094,1.1317,1.13175,1.00,1.72
2016.08.15 14:10:16.145,1.13171,1.13175,1.00,1.22
2016.08.15 14:10:16.502,1.13171,1.13175,1.00,1.72
2016.08.15 14:10:16.553,1.13171,1.13175,1.00,1.22
2016.08.15 14:10:17.098,1.13171,1.13175,1.00,1.00
2016.08.15 14:10:18.268,1.13174,1.13175,1.00,1.00
2016.08.15 14:10:18.319,1.13176,1.1318,1.00,2.32
2016.08.15 14:10:18.391,1.13176,1.1318,1.00,1.50
2016.08.15 14:10:18.936,1.13176,1.1318,1.00,1.00
2016.08.15 14:10:19.275,1.13177,1.1318,1.00,1.50
2016.08.15 14:10:19.326,1.13177,1.1318,1.00,2.10
2016.08.15 14:10:19.379,1.13177,1.1318,1.00,1.50
2016.08.15 14:10:19.639,1.13177,1.1318,1.00,1.00
2016.08.15 14:10:19.804,1.13177,1.1318,1.00,1.12
2016.08.15 14:10:19.910,1.13177,1.1318,1.00,1.72
2016.08.15 14:10:20.252,1.13176,1.1318,1.00,1.30
2016.08.15 14:10:20.784,1.13178,1.13181,1.00,3.00
2016.08.15 14:10:20.835,1.13178,1.13181,1.00,2.62
2016.08.15 14:10:20.886,1.13178,1.13181,1.00,2.25
2016.08.15 14:10:20.937,1.13178,1.13181,1.00,1.35
2016.08.15 14:10:21.039,1.13178,1.13182,1.00,1.72
2016.08.15 14:10:21.090,1.13178,1.13182,1.00,1.35
2016.08.15 14:10:21.343,1.13178,1.13183,1.00,3.37
2016.08.15 14:10:21.397,1.1318,1.13183,1.00,1.00
2016.08.15 14:10:21.448,1.13179,1.13184,1.00,4.34
2016.08.15 14:10:21.550,1.1318,1.13184,1.00,4.34
2016.08.15 14:10:21.601,1.1318,1.13184,1.00,4.94
2016.08.15 14:10:21.704,1.1318,1.13183,1.00,1.30
2016.08.15 14:10:21.755,1.13179,1.13183,1.00,1.35
2016.08.15 14:10:21.808,1.1318,1.13183,1.00,1.35
2016.08.15 14:10:22.113,1.1318,1.13183,1.00,1.67
2016.08.15 14:10:22.165,1.1318,1.13182,1.00,1.30
2016.08.15 14:10:22.438,1.1318,1.13183,1.00,2.10
2016.08.15 14:10:22.489,1.13178,1.13183,1.00,2.85
2016.08.15 14:10:22.649,1.13177,1.13182,1.00,1.35
2016.08.15 14:10:23.009,1.13177,1.13182,1.00,1.72
2016.08.15 14:10:23.060,1.13177,1.13181,1.00,1.06
2016.08.15 14:10:23.111,1.13177,1.13182,1.00,3.16
2016.08.15 14:10:23.162,1.13176,1.13181,1.00,1.43
2016.08.15 14:10:23.547,1.13176,1.13181,1.50,1.00
2016.08.15 14:10:23.598,1.13177,1.13182,1.00,1.50
2016.08.15 14:10:24.259,1.13177,1.13182,1.00,1.00
2016.08.15 14:10:24.821,1.13177,1.13182,1.00,1.12
2016.08.15 14:10:25.104,1.13178,1.13183,1.00,3.37
2016.08.15 14:10:25.985,1.13178,1.13183,1.00,2.62
2016.08.15 14:10:26.139,1.13178,1.13183,1.00,3.75
2016.08.15 14:10:26.607,1.13178,1.13183,1.00,4.35
2016.08.15 14:10:26.658,1.13178,1.13183,1.00,5.03
2016.08.15 14:10:27.717,1.13178,1.13183,1.00,3.91
2016.08.15 14:10:28.384,1.13177,1.13183,1.00,3.16
2016.08.15 14:10:28.435,1.13176,1.13182,1.00,1.00
2016.08.15 14:10:28.486,1.13177,1.13182,1.00,2.06
2016.08.15 14:10:28.545,1.13177,1.13182,1.00,2.44
2016.08.15 14:10:28.620,1.13176,1.13181,1.00,1.37
2016.08.15 14:10:28.876,1.13175,1.13181,1.50,1.37
2016.08.15 14:10:28.927,1.13176,1.13181,1.00,1.37
2016.08.15 14:10:28.978,1.13176,1.13181,1.00,1.00
2016.08.15 14:10:29.029,1.13176,1.13181,1.00,1.35
2016.08.15 14:10:29.365,1.13176,1.13181,1.00,1.67
2016.08.15 14:10:29.416,1.13176,1.1318,1.00,1.00
2016.08.15 14:10:30.868,1.13176,1.13182,1.00,2.39
2016.08.15 14:10:30.920,1.13176,1.13182,1.00,1.79
2016.08.15 14:10:30.971,1.13176,1.13182,1.00,2.10
2016.08.15 14:10:32.003,1.13176,1.13182,1.00,1.00
2016.08.15 14:10:32.573,1.13176,1.13182,1.00,1.35
2016.08.15 14:10:32.755,1.13178,1.13182,1.00,1.35
2016.08.15 14:10:32.806,1.13177,1.13182,1.50,2.10
2016.08.15 14:10:32.860,1.13177,1.13182,1.00,2.85
2016.08.15 14:10:32.911,1.13176,1.13182,1.00,2.10
2016.08.15 14:10:33.176,1.13179,1.13183,1.00,3.89
2016.08.15 14:10:33.227,1.1318,1.13184,1.50,1.37
2016.08.15 14:10:33.330,1.13181,1.13184,1.00,1.37
2016.08.15 14:10:33.483,1.1318,1.13184,1.50,1.37
2016.08.15 14:10:33.535,1.1318,1.13184,1.50,1.50
2016.08.15 14:10:34.238,1.1318,1.13185,1.50,3.00
2016.08.15 14:10:34.340,1.1318,1.13185,1.50,3.60
2016.08.15 14:10:34.444,1.1318,1.13185,1.00,3.60
2016.08.15 14:10:34.550,1.1318,1.13185,1.50,3.60
2016.08.15 14:10:34.873,1.13181,1.13185,1.00,2.85
2016.08.15 14:10:35.255,1.13181,1.13185,1.00,2.10
2016.08.15 14:10:35.540,1.13181,1.13184,1.00,1.04
2016.08.15 14:10:35.591,1.13181,1.13186,1.00,2.99
2016.08.15 14:10:35.642,1.1318,1.13186,1.50,3.59
2016.08.15 14:10:35.905,1.1318,1.13186,1.00,4.34
2016.08.15 14:10:36.294,1.1318,1.13186,1.00,3.74
2016.08.15 14:10:36.345,1.13181,1.13186,1.00,2.99
2016.08.15 14:10:36.671,1.13182,1.13186,1.00,1.04
2016.08.15 14:10:36.723,1.13182,1.13187,1.00,3.31
2016.08.15 14:10:36.774,1.13182,1.13187,1.00,2.84
2016.08.15 14:10:37.027,1.13182,1.13186,1.00,1.59
2016.08.15 14:10:37.078,1.13182,1.13186,1.00,1.89
2016.08.15 14:10:37.233,1.13182,1.13186,1.00,1.29
2016.08.15 14:10:37.335,1.1318,1.13184,1.50,1.04
2016.08.15 14:10:37.386,1.1318,1.13184,1.00,1.04
2016.08.15 14:10:37.437,1.1318,1.13184,1.00,1.64
2016.08.15 14:10:37.683,1.1318,1.13184,1.00,1.35
2016.08.15 14:10:37.734,1.13181,1.13186,1.00,1.86
2016.08.15 14:10:38.364,1.13181,1.13186,1.00,2.99
2016.08.15 14:10:38.945,1.13181,1.13186,1.00,2.24
2016.08.15 14:10:39.070,1.13182,1.13186,1.00,1.20
2016.08.15 14:10:39.171,1.13182,1.13186,1.00,1.57
2016.08.15 14:10:39.477,1.13182,1.13186,1.00,1.95
2016.08.15 14:10:39.917,1.13181,1.13185,1.00,1.00
2016.08.15 14:10:40.069,1.13181,1.13186,1.00,1.85
2016.08.15 14:10:40.172,1.13181,1.13184,1.00,1.04
2016.08.15 14:10:40.332,1.13181,1.13184,1.00,1.79
2016.08.15 14:10:40.639,1.13181,1.13184,1.00,1.41
2016.08.15 14:10:40.989,1.13181,1.13184,1.00,1.79
2016.08.15 14:10:41.041,1.13181,1.13184,1.00,1.04
2016.08.15 14:10:41.143,1.13181,1.13184,1.00,1.79
2016.08.15 14:10:41.448,1.1318,1.13186,1.00,2.99
2016.08.15 14:10:41.499,1.13184,1.13186,1.00,1.10
2016.08.15 14:10:41.551,1.13185,1.13187,1.12,1.12
2016.08.15 14:10:41.602,1.13188,1.13189,1.00,1.12
2016.08.15 14:10:41.856,1.13188,1.13192,1.87,2.25
2016.08.15 14:10:41.907,1.13192,1.13197,1.50,1.04
2016.08.15 14:10:41.958,1.13192,1.13196,1.50,1.04
2016.08.15 14:10:42.009,1.13192,1.13196,1.00,1.04
2016.08.15 14:10:42.061,1.13192,1.13196,1.00,1.64
2016.08.15 14:10:42.163,1.13193,1.13196,1.00,1.96
2016.08.15 14:10:42.216,1.13194,1.13196,1.00,1.04
2016.08.15 14:10:42.269,1.13194,1.13197,1.00,2.76
2016.08.15 14:10:42.320,1.13194,1.13197,1.00,3.14
2016.08.15 14:10:42.589,1.13194,1.13197,1.00,2.16
2016.08.15 14:10:42.643,1.13194,1.13196,1.00,1.26
2016.08.15 14:10:42.895,1.13194,1.13196,1.00,1.18
2016.08.15 14:10:43.948,1.13193,1.13196,1.00,1.18
2016.08.15 14:10:43.999,1.13193,1.13196,1.00,1.26
2016.08.15 14:10:44.197,1.13193,1.13197,1.00,2.39
2016.08.15 14:10:44.317,1.13192,1.13195,1.00,1.26
2016.08.15 14:10:44.987,1.13193,1.13196,1.00,1.04
2016.08.15 14:10:45.355,1.13193,1.13196,1.00,1.96
2016.08.15 14:10:45.748,1.13193,1.13196,1.00,1.26
2016.08.15 14:10:45.799,1.13193,1.13196,1.00,1.59
2016.08.15 14:10:46.865,1.13192,1.13197,1.00,2.10
2016.08.15 14:10:47.221,1.13192,1.13197,1.00,3.22
2016.08.15 14:10:47.272,1.13192,1.13196,1.00,1.30
2016.08.15 14:10:47.374,1.13192,1.13196,1.00,1.35
2016.08.15 14:10:50.093,1.13191,1.13196,1.00,1.35
2016.08.15 14:10:50.194,1.13191,1.13196,1.00,1.30
2016.08.15 14:10:50.359,1.13191,1.13196,1.00,1.67
2016.08.15 14:10:50.410,1.13191,1.13195,1.00,1.00
2016.08.15 14:10:51.267,1.13191,1.13195,1.00,1.35
2016.08.15 14:10:51.835,1.13191,1.13195,1.00,2.10
2016.08.15 14:10:52.804,1.13191,1.13195,1.00,2.85
2016.08.15 14:10:52.855,1.1319,1.13193,2.25,1.30
2016.08.15 14:10:52.906,1.1319,1.13194,1.50,3.97
2016.08.15 14:10:52.957,1.1319,1.13194,1.50,3.22
2016.08.15 14:10:53.008,1.1319,1.13194,1.50,3.60
2016.08.15 14:10:53.109,1.1319,1.13194,1.50,2.10
2016.08.15 14:10:53.211,1.1319,1.13194,1.50,1.60
2016.08.15 14:10:53.525,1.1319,1.13194,1.00,1.60
2016.08.15 14:10:53.677,1.13191,1.13195,1.00,6.67
2016.08.15 14:10:53.728,1.13191,1.13195,1.00,4.80
2016.08.15 14:10:53.830,1.13192,1.13195,1.00,3.82
2016.08.15 14:10:53.932,1.1319,1.13195,1.00,2.92
2016.08.15 14:10:53.983,1.1319,1.13195,1.00,1.72
2016.08.15 14:10:54.034,1.1319,1.13194,1.00,1.87
2016.08.15 14:10:54.140,1.13189,1.13194,1.50,1.87
2016.08.15 14:10:54.241,1.13189,1.13194,1.50,2.62
2016.08.15 14:10:54.767,1.13192,1.13194,1.00,2.62
2016.08.15 14:10:54.834,1.13201,1.13204,1.00,3.00
2016.08.15 14:10:54.887,1.13201,1.13204,1.00,2.62
2016.08.15 14:10:54.939,1.13201,1.13205,1.00,2.81
2016.08.15 14:10:54.991,1.13202,1.13203,1.12,1.30
2016.08.15 14:10:55.043,1.13202,1.13203,1.12,2.47
2016.08.15 14:10:55.197,1.13201,1.13203,1.00,2.47
2016.08.15 14:10:55.299,1.13199,1.13203,2.25,2.47
2016.08.15 14:10:55.549,1.13202,1.13204,1.00,3.60
2016.08.15 14:10:55.600,1.13203,1.13205,1.00,1.12
2016.08.15 14:10:55.651,1.13203,1.13206,1.00,2.32
2016.08.15 14:10:55.702,1.13204,1.13206,1.00,1.10
2016.08.15 14:10:55.753,1.13204,1.13207,1.00,1.50
2016.08.15 14:10:56.007,1.13205,1.13207,1.00,1.50
2016.08.15 14:10:56.058,1.13205,1.13206,1.50,1.00
2016.08.15 14:10:56.160,1.13205,1.13207,1.50,1.50
2016.08.15 14:10:56.211,1.13205,1.13207,1.00,1.50
2016.08.15 14:10:56.537,1.13205,1.13207,1.50,1.50
2016.08.15 14:10:56.640,1.13205,1.13206,1.50,1.00
2016.08.15 14:10:56.741,1.13205,1.13208,1.00,1.95
2016.08.15 14:10:56.935,1.13205,1.13208,1.50,1.95
2016.08.15 14:10:57.127,1.13205,1.13208,1.00,1.95
2016.08.15 14:10:57.236,1.13205,1.13208,1.50,1.95
2016.08.15 14:10:57.300,1.13205,1.13208,1.00,1.95
2016.08.15 14:10:57.486,1.13205,1.13208,1.00,1.20
2016.08.15 14:10:57.769,1.13205,1.13207,1.00,1.12
2016.08.15 14:10:57.827,1.13202,1.13206,1.00,1.50
2016.08.15 14:10:57.896,1.13202,1.13205,1.00,1.12
2016.08.15 14:10:57.948,1.13202,1.13205,1.00,1.00
2016.08.15 14:10:58.494,1.13201,1.13205,1.00,1.00
2016.08.15 14:10:58.922,1.13201,1.13205,1.00,1.50
2016.08.15 14:10:58.973,1.13201,1.13204,1.00,1.00
2016.08.15 14:10:59.126,1.13199,1.13204,2.25,1.12
2016.08.15 14:10:59.177,1.13199,1.13205,1.50,1.50
2016.08.15 14:10:59.228,1.132,1.13204,1.00,1.12
2016.08.15 14:10:59.279,1.132,1.13202,1.00,1.00
2016.08.15 14:10:59.331,1.13198,1.13202,1.25,2.10
2016.08.15 14:10:59.383,1.13198,1.13202,1.00,3.60
2016.08.15 14:10:59.435,1.13199,1.13201,1.00,1.35
2016.08.15 14:10:59.486,1.13199,1.13201,1.00,1.50
2016.08.15 14:10:59.588,1.13199,1.13201,1.00,1.12
2016.08.15 14:10:59.640,1.13199,1.13201,1.00,1.00
2016.08.15 14:10:59.691,1.13199,1.13202,1.00,1.57
2016.08.15 14:10:59.937,1.13198,1.13202,1.50,1.57
2016.08.15 14:10:59.988,1.13198,1.13201,1.00,1.00
2016.08.15 14:11:00.089,1.13198,1.13202,1.00,1.87
2016.08.15 14:11:00.140,1.132,1.13202,1.00,1.87
2016.08.15 14:11:00.452,1.132,1.13202,1.00,1.50
2016.08.15 14:11:00.861,1.13202,1.13203,1.00,1.00
2016.08.15 14:11:01.111,1.13201,1.13202,1.00,1.50
2016.08.15 14:11:01.163,1.13201,1.13204,1.00,1.87
2016.08.15 14:11:01.214,1.13199,1.13202,1.00,1.00
2016.08.15 14:11:01.757,1.132,1.13202,1.00,1.00
2016.08.15 14:11:01.909,1.13201,1.13203,1.00,1.50
2016.08.15 14:11:01.960,1.13201,1.13203,1.00,1.00
2016.08.15 14:11:03.014,1.13201,1.13204,1.00,1.50
2016.08.15 14:11:03.065,1.13201,1.13203,1.00,1.00
2016.08.15 14:11:03.167,1.13201,1.13203,1.00,1.50
2016.08.15 14:11:03.375,1.13201,1.13203,1.00,1.00
2016.08.15 14:11:03.943,1.13202,1.13205,1.00,1.87
2016.08.15 14:11:04.045,1.13202,1.13205,1.00,1.50
2016.08.15 14:11:04.206,1.13203,1.13206,1.00,2.40
2016.08.15 14:11:04.257,1.13203,1.13205,1.00,1.12
2016.08.15 14:11:04.360,1.13202,1.13205,1.00,1.87
2016.08.15 14:11:04.462,1.13202,1.13204,1.00,1.00
2016.08.15 14:11:04.940,1.13202,1.13204,1.00,1.12
2016.08.15 14:11:04.991,1.13202,1.13205,1.00,1.87
2016.08.15 14:11:05.778,1.132,1.13202,1.00,1.00
2016.08.15 14:11:05.829,1.132,1.13202,1.50,1.12
2016.08.15 14:11:06.055,1.132,1.13202,1.50,1.00
2016.08.15 14:11:06.106,1.132,1.13202,1.00,1.00
2016.08.15 14:11:06.258,1.132,1.13202,1.50,1.00
2016.08.15 14:11:06.447,1.132,1.13202,1.50,1.12
2016.08.15 14:11:06.548,1.132,1.13202,1.00,1.12
2016.08.15 14:11:06.650,1.132,1.13202,1.50,1.37
2016.08.15 14:11:06.701,1.132,1.13202,1.50,2.25
2016.08.15 14:11:06.752,1.132,1.13202,1.50,1.50
2016.08.15 14:11:07.094,1.132,1.13202,1.00,1.00
2016.08.15 14:11:07.348,1.132,1.13202,1.00,1.12
2016.08.15 14:11:07.451,1.13199,1.13202,1.50,1.37
2016.08.15 14:11:07.501,1.13199,1.13202,1.50,1.75
2016.08.15 14:11:07.552,1.132,1.13201,1.50,1.00
2016.08.15 14:11:07.603,1.132,1.13202,1.50,1.37
2016.08.15 14:11:07.654,1.132,1.13202,1.00,1.50
2016.08.15 14:11:07.890,1.132,1.13202,1.00,1.12
2016.08.15 14:11:07.965,1.132,1.13202,1.00,1.00
2016.08.15 14:11:08.016,1.132,1.13202,1.00,1.12
2016.08.15 14:11:08.067,1.132,1.13202,1.00,1.50
2016.08.15 14:11:08.228,1.132,1.13202,1.50,1.50
2016.08.15 14:11:08.520,1.132,1.13202,1.50,1.37
2016.08.15 14:11:09.154,1.13201,1.13202,1.00,1.12
2016.08.15 14:11:09.255,1.132,1.13202,1.50,1.37
2016.08.15 14:11:09.408,1.132,1.13202,1.50,1.50
2016.08.15 14:11:09.459,1.132,1.13202,1.00,2.25
2016.08.15 14:11:09.510,1.13199,1.13202,1.00,3.00
2016.08.15 14:11:09.561,1.13198,1.132,1.00,1.35
2016.08.15 14:11:09.663,1.13198,1.13199,1.00,1.00
2016.08.15 14:11:09.765,1.13197,1.132,1.00,1.37
2016.08.15 14:11:10.061,1.13195,1.13198,1.50,1.72
2016.08.15 14:11:10.112,1.13195,1.13198,1.50,2.10
2016.08.15 14:11:10.163,1.13193,1.13196,1.00,1.37
2016.08.15 14:11:10.214,1.13191,1.13195,1.12,1.50
2016.08.15 14:11:10.266,1.13191,1.13195,1.00,2.25
2016.08.15 14:11:10.317,1.13191,1.13193,1.00,1.00
2016.08.15 14:11:10.368,1.13192,1.13194,1.00,1.12
2016.08.15 14:11:10.522,1.13191,1.13193,1.00,1.00
2016.08.15 14:11:11.052,1.13189,1.13193,1.00,1.12
2016.08.15 14:11:11.104,1.13188,1.1319,1.50,1.00
2016.08.15 14:11:11.155,1.13187,1.1319,1.00,1.00
2016.08.15 14:11:11.206,1.13187,1.1319,1.00,1.50
2016.08.15 14:11:11.257,1.13187,1.1319,1.00,3.60
2016.08.15 14:11:11.308,1.13187,1.1319,1.00,3.22
2016.08.15 14:11:11.413,1.13187,1.1319,1.00,2.62
2016.08.15 14:11:11.719,1.13187,1.13189,1.00,1.30
2016.08.15 14:11:11.821,1.13187,1.1319,1.00,3.22
2016.08.15 14:11:12.009,1.13187,1.1319,1.00,2.10
2016.08.15 14:11:12.060,1.13187,1.1319,1.00,2.85
2016.08.15 14:11:12.112,1.13186,1.13189,1.00,1.67
2016.08.15 14:11:12.214,1.13187,1.1319,1.00,2.85
2016.08.15 14:11:12.265,1.13187,1.1319,1.00,3.22
2016.08.15 14:11:12.613,1.13186,1.13188,1.00,1.00
2016.08.15 14:11:13.153,1.13187,1.13189,1.00,1.00
2016.08.15 14:11:13.458,1.13187,1.13189,1.00,1.35
2016.08.15 14:11:13.509,1.13187,1.13188,1.00,1.00
2016.08.15 14:11:14.229,1.13187,1.1319,1.00,2.85
2016.08.15 14:11:14.280,1.13187,1.1319,1.00,1.12
2016.08.15 14:11:14.713,1.13188,1.1319,1.00,1.72
2016.08.15 14:11:14.865,1.13186,1.1319,1.00,1.35
2016.08.15 14:11:15.186,1.13186,1.1319,1.50,1.00
2016.08.15 14:11:15.272,1.13187,1.13189,1.00,1.00
2016.08.15 14:11:16.546,1.13187,1.13191,1.50,1.72
2016.08.15 14:11:16.597,1.1319,1.13192,1.00,1.87
2016.08.15 14:11:16.649,1.13189,1.13191,1.00,1.12
2016.08.15 14:11:16.700,1.13189,1.1319,1.00,1.00
2016.08.15 14:11:16.751,1.13189,1.13191,1.00,1.37
2016.08.15 14:11:16.802,1.13189,1.13191,1.00,1.12
2016.08.15 14:11:16.853,1.13189,1.13191,1.00,1.00
2016.08.15 14:11:16.955,1.13188,1.13191,1.00,1.12
2016.08.15 14:11:17.056,1.13189,1.13192,1.00,3.75
2016.08.15 14:11:17.108,1.13189,1.13191,1.00,1.00
2016.08.15 14:11:17.160,1.1319,1.13192,1.00,1.87
2016.08.15 14:11:17.211,1.1319,1.13192,1.00,1.37
2016.08.15 14:11:17.495,1.1319,1.13192,1.00,1.50
2016.08.15 14:11:17.754,1.1319,1.13192,1.00,1.12
2016.08.15 14:11:18.316,1.13191,1.13192,1.00,1.12
2016.08.15 14:11:19.298,1.1319,1.13192,1.00,1.12
2016.08.15 14:11:19.515,1.1319,1.13192,1.50,1.12
2016.08.15 14:11:19.566,1.13191,1.13193,1.00,2.47
2016.08.15 14:11:20.052,1.1319,1.13192,1.50,2.25
2016.08.15 14:11:20.103,1.13189,1.13191,1.00,1.30
2016.08.15 14:11:20.514,1.13189,1.13192,1.00,2.10
2016.08.15 14:11:20.616,1.13188,1.1319,1.00,1.30
2016.08.15 14:11:20.943,1.13185,1.13187,1.00,1.50
2016.08.15 14:11:20.994,1.13181,1.13185,1.00,1.50
2016.08.15 14:11:21.046,1.13181,1.13183,1.00,1.00
2016.08.15 14:11:21.097,1.1318,1.13183,1.00,1.12
2016.08.15 14:11:21.148,1.13181,1.13184,1.00,1.50
2016.08.15 14:11:21.199,1.13182,1.13184,1.00,1.12
2016.08.15 14:11:21.251,1.13181,1.13183,1.00,1.00
2016.08.15 14:11:21.302,1.1318,1.13183,1.00,1.75
2016.08.15 14:11:21.354,1.1318,1.13182,1.00,1.00
2016.08.15 14:11:21.926,1.1318,1.13183,1.00,1.75
2016.08.15 14:11:21.977,1.1318,1.13183,1.50,1.75
2016.08.15 14:11:22.079,1.1318,1.13183,1.00,1.75
2016.08.15 14:11:22.130,1.1318,1.13183,1.00,1.87
2016.08.15 14:11:22.181,1.1318,1.13182,1.00,1.50
2016.08.15 14:11:22.789,1.13181,1.13183,1.00,1.87
2016.08.15 14:11:23.097,1.13181,1.13183,1.00,1.50
2016.08.15 14:11:23.767,1.13181,1.13183,1.00,1.12
2016.08.15 14:11:23.819,1.13181,1.13183,1.00,1.00
2016.08.15 14:11:23.871,1.13181,1.13184,1.00,1.12
2016.08.15 14:11:24.077,1.13181,1.13184,1.00,1.37
2016.08.15 14:11:24.128,1.13182,1.13184,1.00,1.12
2016.08.15 14:11:25.003,1.13182,1.13184,1.00,1.37
2016.08.15 14:11:25.564,1.13181,1.13184,1.00,1.37
2016.08.15 14:11:26.175,1.13181,1.13184,1.00,1.35
2016.08.15 14:11:26.600,1.13181,1.13184,1.00,1.72
2016.08.15 14:11:27.867,1.1318,1.13184,1.00,1.72
2016.08.15 14:11:27.968,1.13181,1.13184,1.00,1.00
2016.08.15 14:11:28.019,1.13181,1.13184,1.00,1.35
2016.08.15 14:11:28.152,1.13181,1.13184,1.00,1.00
2016.08.15 14:11:28.272,1.13181,1.13184,1.00,1.35
2016.08.15 14:11:28.385,1.13179,1.13184,1.50,1.12
2016.08.15 14:11:28.653,1.13179,1.13181,1.00,1.87
2016.08.15 14:11:28.704,1.13177,1.1318,1.00,2.25
2016.08.15 14:11:28.755,1.13177,1.13179,1.00,1.37
2016.08.15 14:11:28.856,1.13176,1.13179,1.00,1.12
2016.08.15 14:11:29.275,1.13176,1.13178,1.00,1.37
2016.08.15 14:11:29.326,1.13175,1.13178,1.50,1.12
2016.08.15 14:11:29.377,1.13175,1.13179,1.50,1.75
2016.08.15 14:11:29.428,1.13175,1.1318,1.50,4.12
2016.08.15 14:11:29.479,1.13175,1.1318,1.50,3.75
2016.08.15 14:11:30.004,1.13176,1.1318,1.00,4.50
2016.08.15 14:11:30.056,1.13178,1.1318,1.00,2.44
2016.08.15 14:11:30.107,1.13177,1.1318,1.00,2.44
2016.08.15 14:11:30.259,1.13177,1.1318,1.00,1.31
2016.08.15 14:11:30.310,1.13178,1.13181,1.00,4.69
2016.08.15 14:11:30.361,1.13178,1.13181,1.00,2.25
2016.08.15 14:11:30.412,1.13177,1.13181,1.00,1.87
2016.08.15 14:11:30.463,1.13177,1.13181,1.00,1.50
2016.08.15 14:11:30.693,1.13177,1.13181,1.00,2.10
2016.08.15 14:11:30.744,1.13177,1.1318,1.00,1.12
2016.08.15 14:11:31.044,1.13177,1.13179,1.00,1.30
2016.08.15 14:11:31.099,1.13175,1.1318,1.87,2.85
2016.08.15 14:11:31.150,1.13175,1.13179,1.87,1.30
2016.08.15 14:11:31.308,1.13175,1.1318,1.87,2.85
2016.08.15 14:11:31.412,1.13175,1.1318,1.12,2.85
2016.08.15 14:11:31.529,1.13175,1.1318,1.87,2.85
2016.08.15 14:11:31.741,1.13175,1.13179,1.87,1.30
2016.08.15 14:11:31.992,1.13175,1.1318,1.87,3.97
2016.08.15 14:11:32.053,1.13175,1.1318,1.87,2.47
2016.08.15 14:11:32.231,1.13175,1.1318,1.12,2.47
2016.08.15 14:11:32.291,1.13175,1.1318,1.87,2.47
2016.08.15 14:11:32.409,1.13175,1.1318,1.12,2.47
2016.08.15 14:11:32.460,1.13175,1.13179,1.12,1.30
2016.08.15 14:11:32.511,1.13175,1.13179,1.87,1.30
2016.08.15 14:11:32.562,1.13175,1.1318,1.87,4.54
2016.08.15 14:11:32.613,1.13174,1.13179,2.25,2.47
2016.08.15 14:11:32.664,1.13173,1.13177,1.50,3.97
2016.08.15 14:11:32.716,1.13172,1.13177,1.12,3.22
2016.08.15 14:11:33.005,1.13171,1.13174,1.00,1.12
2016.08.15 14:11:33.086,1.1317,1.13174,1.50,1.37
2016.08.15 14:11:33.188,1.1317,1.13174,1.50,1.50
2016.08.15 14:11:33.239,1.1317,1.13174,1.50,1.79
2016.08.15 14:11:33.290,1.1317,1.13174,1.00,2.54
2016.08.15 14:11:33.619,1.13169,1.13172,1.00,1.00
2016.08.15 14:11:33.671,1.13168,1.13172,1.00,1.91
2016.08.15 14:11:33.745,1.13167,1.1317,1.00,1.35
2016.08.15 14:11:33.796,1.13167,1.1317,1.00,1.12
2016.08.15 14:11:33.847,1.13168,1.1317,1.00,1.50
2016.08.15 14:11:34.119,1.13169,1.1317,1.00,1.00
2016.08.15 14:11:34.209,1.1317,1.13173,1.00,1.69
2016.08.15 14:11:34.260,1.1317,1.13173,1.00,1.97
2016.08.15 14:11:34.311,1.1317,1.13173,1.00,1.22
2016.08.15 14:11:34.362,1.1317,1.13174,1.00,3.36
2016.08.15 14:11:34.413,1.1317,1.13174,1.00,1.49
2016.08.15 14:11:34.463,1.1317,1.13174,1.00,1.39
2016.08.15 14:11:34.615,1.1317,1.13174,1.00,1.76
2016.08.15 14:11:34.666,1.1317,1.13173,1.00,1.04
2016.08.15 14:11:35.158,1.1317,1.13173,1.50,1.04
2016.08.15 14:11:35.208,1.1317,1.13173,1.00,1.04
2016.08.15 14:11:35.389,1.13171,1.13174,1.00,2.46
2016.08.15 14:11:35.490,1.13172,1.13174,1.00,1.86
2016.08.15 14:11:36.040,1.13171,1.13174,1.00,2.46
2016.08.15 14:11:36.423,1.13171,1.13174,1.00,1.57
2016.08.15 14:11:36.477,1.13171,1.13173,1.00,1.00
2016.08.15 14:11:36.998,1.1317,1.13174,1.00,1.00
2016.08.15 14:11:37.100,1.1317,1.13174,1.00,1.69
2016.08.15 14:11:37.151,1.1317,1.13174,1.50,2.44
2016.08.15 14:11:37.760,1.1317,1.13174,1.00,2.44
2016.08.15 14:11:37.915,1.13171,1.13174,1.00,1.94
2016.08.15 14:11:38.018,1.13171,1.13174,1.00,2.44
2016.08.15 14:11:38.120,1.13171,1.13174,1.00,1.94
2016.08.15 14:11:38.870,1.13171,1.13174,1.00,1.69
2016.08.15 14:11:38.989,1.13171,1.13174,1.00,1.94
2016.08.15 14:11:39.091,1.13171,1.13174,1.00,1.69
2016.08.15 14:11:39.193,1.13171,1.13174,1.00,1.94
2016.08.15 14:11:39.296,1.13171,1.13174,1.00,1.69
2016.08.15 14:11:39.354,1.13172,1.13174,1.00,1.31
2016.08.15 14:11:39.405,1.13172,1.13176,1.00,3.04
2016.08.15 14:11:39.757,1.13172,1.13174,1.00,1.00
2016.08.15 14:11:39.808,1.13172,1.13176,1.00,3.04
2016.08.15 14:11:39.859,1.13172,1.13176,1.00,2.44
2016.08.15 14:11:40.158,1.13173,1.13176,1.00,2.06
2016.08.15 14:11:40.210,1.13174,1.13177,1.00,2.89
2016.08.15 14:11:40.262,1.13175,1.13176,1.00,1.00
2016.08.15 14:11:40.378,1.13175,1.13178,1.00,2.44
2016.08.15 14:11:40.584,1.13175,1.13176,1.00,1.00
2016.08.15 14:11:41.006,1.13175,1.13178,1.00,2.44
2016.08.15 14:11:41.058,1.13175,1.13178,1.00,2.00
2016.08.15 14:11:41.221,1.13175,1.13178,1.50,2.00
2016.08.15 14:11:41.272,1.13175,1.13178,1.50,1.69
2016.08.15 14:11:41.562,1.13175,1.13179,1.50,4.37
2016.08.15 14:11:41.613,1.13175,1.13179,1.50,3.62
2016.08.15 14:11:41.664,1.13175,1.13177,1.50,1.00
2016.08.15 14:11:41.714,1.13175,1.13179,1.50,2.12
2016.08.15 14:11:41.867,1.13175,1.13179,1.50,3.25
2016.08.15 14:11:42.117,1.13175,1.13179,1.00,3.25
2016.08.15 14:11:42.458,1.13175,1.13179,1.50,3.25
2016.08.15 14:11:43.136,1.13175,1.13178,1.00,1.79
2016.08.15 14:11:43.187,1.13175,1.13178,1.00,1.41
2016.08.15 14:11:43.358,1.13176,1.13179,1.00,3.06
2016.08.15 14:11:43.671,1.13175,1.13178,1.00,1.04
2016.08.15 14:11:43.909,1.13176,1.13179,1.00,2.91
2016.08.15 14:11:44.011,1.13176,1.13179,1.00,2.54
2016.08.15 14:11:44.062,1.13176,1.13179,1.00,1.41
2016.08.15 14:11:44.406,1.13176,1.1318,1.00,2.31
2016.08.15 14:11:44.642,1.13177,1.1318,1.00,2.91
2016.08.15 14:11:44.967,1.13177,1.1318,1.00,2.31
2016.08.15 14:11:45.017,1.13177,1.1318,1.00,2.91
2016.08.15 14:11:45.068,1.13177,1.13181,1.00,1.97
2016.08.15 14:11:45.119,1.13177,1.13181,1.00,2.72
2016.08.15 14:11:45.170,1.13177,1.13181,1.00,2.95
2016.08.15 14:11:45.221,1.13177,1.13181,1.00,1.90
2016.08.15 14:11:45.272,1.13177,1.13181,1.00,2.27
2016.08.15 14:11:45.323,1.13177,1.13181,1.00,2.65
2016.08.15 14:11:45.424,1.13177,1.13181,1.00,2.05
2016.08.15 14:11:45.475,1.13177,1.13181,1.00,2.65
2016.08.15 14:11:46.040,1.13178,1.13181,1.00,2.05
2016.08.15 14:11:46.095,1.13178,1.13181,1.00,1.22
2016.08.15 14:11:46.146,1.13178,1.13182,1.00,1.97
2016.08.15 14:11:46.350,1.1318,1.13182,1.00,1.04
2016.08.15 14:11:46.517,1.1318,1.13182,1.50,1.04
2016.08.15 14:11:46.670,1.1318,1.13182,1.00,1.04
2016.08.15 14:11:47.018,1.1318,1.13182,1.50,1.04
2016.08.15 14:11:47.129,1.1318,1.13182,1.00,1.04
2016.08.15 14:11:47.242,1.1318,1.13183,1.50,1.82
2016.08.15 14:11:47.343,1.1318,1.13183,1.50,2.57
2016.08.15 14:11:48.193,1.1318,1.13183,1.50,3.32
2016.08.15 14:11:48.245,1.13179,1.13182,1.50,1.67
2016.08.15 14:11:48.297,1.13179,1.13182,1.50,1.35
2016.08.15 14:11:48.347,1.1318,1.13181,1.50,1.00
2016.08.15 14:11:48.551,1.13179,1.13182,1.50,1.35
2016.08.15 14:11:48.658,1.13179,1.13182,1.00,1.35
2016.08.15 14:11:48.760,1.1318,1.13182,1.00,1.35
2016.08.15 14:11:48.936,1.13179,1.13182,1.50,1.67
2016.08.15 14:11:48.987,1.13179,1.13183,1.50,4.07
2016.08.15 14:11:49.262,1.1318,1.13183,1.00,4.07
2016.08.15 14:11:49.423,1.1318,1.13183,1.50,2.57
2016.08.15 14:11:49.703,1.13177,1.13181,1.00,3.60
2016.08.15 14:11:49.754,1.13177,1.13179,1.00,1.30
2016.08.15 14:11:50.820,1.13177,1.1318,1.00,1.30
2016.08.15 14:11:50.872,1.13175,1.13178,1.50,1.35
2016.08.15 14:11:50.923,1.13172,1.13173,1.00,1.00
2016.08.15 14:11:50.974,1.13169,1.13173,4.12,1.62
2016.08.15 14:11:51.025,1.1317,1.13173,1.00,2.44
2016.08.15 14:11:51.076,1.13167,1.13171,1.87,1.04
2016.08.15 14:11:51.127,1.13167,1.13171,1.00,1.88
2016.08.15 14:11:51.178,1.13165,1.13169,1.50,1.59
2016.08.15 14:11:51.229,1.13165,1.1317,1.50,1.73
2016.08.15 14:11:51.280,1.13165,1.13169,1.50,1.79
2016.08.15 14:11:51.331,1.13164,1.13167,1.00,1.34
2016.08.15 14:11:51.382,1.13164,1.13167,1.00,1.97
2016.08.15 14:11:51.433,1.13164,1.13167,1.50,2.72
2016.08.15 14:11:51.677,1.1316,1.13164,1.00,4.88
2016.08.15 14:11:51.730,1.13159,1.13161,1.00,2.39
2016.08.15 14:11:51.781,1.13158,1.1316,1.00,1.18
2016.08.15 14:11:52.138,1.13158,1.13161,1.00,2.39
2016.08.15 14:11:52.570,1.13158,1.13163,1.00,6.40
2016.08.15 14:11:53.094,1.13158,1.13163,1.00,7.90
2016.08.15 14:11:53.509,1.13158,1.13161,1.00,1.29
2016.08.15 14:11:53.560,1.13158,1.13161,1.00,1.41
2016.08.15 14:11:53.611,1.13158,1.13161,1.00,1.59
2016.08.15 14:11:53.713,1.13158,1.13161,1.00,2.01
2016.08.15 14:11:53.972,1.13158,1.13161,1.00,1.35
2016.08.15 14:11:54.024,1.13158,1.13163,1.00,2.89
2016.08.15 14:11:54.077,1.13158,1.13163,1.00,2.14
2016.08.15 14:11:54.128,1.13158,1.13163,1.00,2.89
2016.08.15 14:11:54.230,1.13159,1.13163,1.00,3.11
2016.08.15 14:11:54.383,1.1316,1.13163,1.00,1.25
2016.08.15 14:11:54.435,1.13161,1.13164,1.00,2.51
2016.08.15 14:11:54.486,1.13162,1.13165,1.00,1.45
2016.08.15 14:11:54.791,1.13162,1.13166,1.00,3.56
2016.08.15 14:11:54.842,1.13161,1.13166,1.00,2.44
2016.08.15 14:11:54.944,1.13161,1.13166,1.00,4.31
2016.08.15 14:11:55.047,1.13161,1.13166,1.00,3.85
2016.08.15 14:11:55.856,1.13161,1.13166,1.00,3.10
2016.08.15 14:11:56.332,1.13161,1.13166,1.00,3.85
2016.08.15 14:11:57.306,1.13161,1.13166,1.00,3.47
2016.08.15 14:11:57.357,1.13161,1.13166,1.00,1.22
2016.08.15 14:11:57.409,1.13164,1.13167,1.00,1.67
2016.08.15 14:11:57.460,1.13166,1.13168,1.00,4.57
2016.08.15 14:11:57.511,1.13166,1.13168,1.00,4.20
2016.08.15 14:11:57.562,1.13166,1.13169,1.00,1.31
2016.08.15 14:11:57.613,1.13167,1.1317,1.00,4.39
2016.08.15 14:11:57.664,1.13168,1.1317,1.00,1.69
2016.08.15 14:11:57.715,1.13168,1.1317,1.00,1.31
2016.08.15 14:11:57.766,1.13168,1.1317,1.00,1.25
2016.08.15 14:11:57.921,1.13168,1.13171,1.00,2.06
2016.08.15 14:11:58.216,1.13168,1.13171,1.00,1.56
2016.08.15 14:11:58.267,1.13168,1.13172,1.00,4.35
2016.08.15 14:11:58.387,1.13168,1.13172,1.00,2.85
2016.08.15 14:11:58.437,1.13168,1.13171,1.00,1.37
2016.08.15 14:11:58.590,1.13168,1.13171,1.00,1.67
2016.08.15 14:11:58.641,1.13168,1.13172,1.00,4.35
2016.08.15 14:11:58.692,1.13168,1.13171,1.00,1.30
2016.08.15 14:11:58.743,1.13168,1.13171,1.00,2.47
2016.08.15 14:11:58.896,1.13168,1.13171,1.00,2.85
2016.08.15 14:11:59.286,1.13168,1.1317,1.00,2.10
2016.08.15 14:11:59.440,1.13168,1.13171,1.00,3.60
2016.08.15 14:11:59.598,1.13167,1.1317,1.00,2.47
2016.08.15 14:11:59.650,1.13167,1.13171,1.00,3.60
2016.08.15 14:11:59.701,1.13167,1.13171,1.00,4.35
2016.08.15 14:11:59.752,1.13167,1.1317,1.00,2.47
2016.08.15 14:11:59.804,1.13167,1.1317,1.00,2.85
2016.08.15 14:11:59.855,1.13167,1.1317,1.00,1.50
2016.08.15 14:11:59.906,1.13167,1.1317,1.00,2.10
2016.08.15 14:12:00.013,1.13167,1.1317,1.00,3.60
2016.08.15 14:12:00.064,1.13167,1.1317,1.00,2.85
2016.08.15 14:12:00.611,1.13166,1.13169,1.00,1.67
2016.08.15 14:12:00.818,1.13164,1.13169,1.57,2.10
2016.08.15 14:12:00.871,1.13163,1.13167,1.00,1.59
2016.08.15 14:12:00.922,1.13161,1.13165,1.95,2.39
2016.08.15 14:12:00.973,1.13161,1.13164,1.95,1.66
2016.08.15 14:12:01.024,1.1316,1.13163,1.12,1.04
2016.08.15 14:12:01.075,1.1316,1.13162,1.00,1.00
2016.08.15 14:12:01.126,1.13159,1.13164,1.00,3.41
2016.08.15 14:12:01.177,1.13159,1.13163,1.00,1.50
2016.08.15 14:12:01.279,1.13161,1.13164,1.00,3.97
2016.08.15 14:12:01.543,1.13161,1.13164,1.00,1.50
2016.08.15 14:12:01.595,1.13165,1.13167,1.00,2.25
2016.08.15 14:12:01.647,1.13166,1.13169,1.00,1.12
2016.08.15 14:12:01.699,1.13167,1.1317,1.00,2.25
2016.08.15 14:12:01.750,1.13167,1.1317,1.00,1.87
2016.08.15 14:12:01.802,1.13168,1.1317,1.50,1.12
2016.08.15 14:12:01.853,1.13169,1.1317,1.50,1.00
2016.08.15 14:12:01.906,1.13169,1.13171,1.00,2.01
2016.08.15 14:12:02.008,1.13169,1.13171,1.00,1.26
2016.08.15 14:12:02.110,1.13169,1.13172,1.00,1.96
2016.08.15 14:12:02.212,1.13169,1.13171,1.00,1.04
2016.08.15 14:12:02.548,1.13168,1.13171,1.00,1.69
2016.08.15 14:12:02.599,1.13168,1.13171,1.00,3.79
2016.08.15 14:12:02.650,1.13168,1.1317,1.00,2.10
2016.08.15 14:12:02.701,1.13168,1.13169,1.00,1.30
2016.08.15 14:12:02.957,1.13168,1.13171,1.00,1.67
2016.08.15 14:12:03.059,1.13168,1.13171,1.00,2.85
2016.08.15 14:12:03.161,1.13168,1.13171,1.00,1.67
2016.08.15 14:12:03.212,1.13168,1.13172,1.00,2.29
2016.08.15 14:12:03.368,1.13169,1.13173,1.00,2.14
2016.08.15 14:12:03.609,1.13169,1.13173,1.00,1.20
2016.08.15 14:12:03.660,1.13171,1.13173,1.00,1.00
2016.08.15 14:12:03.711,1.13171,1.13175,1.00,3.75
2016.08.15 14:12:03.873,1.1317,1.13175,1.00,3.00
2016.08.15 14:12:03.924,1.1317,1.13175,1.00,4.12
2016.08.15 14:12:03.976,1.1317,1.13174,1.00,1.50
2016.08.15 14:12:04.327,1.1317,1.13174,1.00,1.75
2016.08.15 14:12:04.480,1.13171,1.13174,1.00,1.75
2016.08.15 14:12:04.732,1.13171,1.13174,1.00,1.37
2016.08.15 14:12:04.784,1.13174,1.13176,1.00,1.04
2016.08.15 14:12:04.885,1.13173,1.13176,1.00,1.29
2016.08.15 14:12:04.987,1.13173,1.13176,1.00,1.04
2016.08.15 14:12:05.241,1.13173,1.13176,1.00,1.93
2016.08.15 14:12:05.292,1.13173,1.13176,1.00,1.04
2016.08.15 14:12:05.870,1.13173,1.13176,1.00,1.93
2016.08.15 14:12:05.921,1.13173,1.13176,1.00,1.04
2016.08.15 14:12:06.023,1.13172,1.13176,1.00,1.93
2016.08.15 14:12:06.074,1.13172,1.13176,1.00,1.79
2016.08.15 14:12:06.226,1.13173,1.13176,1.00,1.50
2016.08.15 14:12:06.277,1.13174,1.13176,1.00,1.00
2016.08.15 14:12:06.329,1.13175,1.13177,1.00,1.12
2016.08.15 14:12:06.380,1.13175,1.13178,1.50,1.37
2016.08.15 14:12:06.431,1.13176,1.13179,1.00,2.14
2016.08.15 14:12:06.730,1.13177,1.1318,1.00,1.12
2016.08.15 14:12:06.781,1.13177,1.1318,1.00,1.00
2016.08.15 14:12:06.832,1.13177,1.13181,1.00,1.37
2016.08.15 14:12:06.883,1.13177,1.13182,1.00,4.24
2016.08.15 14:12:06.934,1.13177,1.13182,1.00,2.74
2016.08.15 14:12:06.985,1.13177,1.13182,1.00,2.36
2016.08.15 14:12:07.036,1.13179,1.13182,1.00,2.36
2016.08.15 14:12:07.188,1.13179,1.13182,1.00,1.61
2016.08.15 14:12:07.239,1.1318,1.13182,1.00,1.61
2016.08.15 14:12:07.290,1.13179,1.13182,1.00,2.36
2016.08.15 14:12:07.391,1.13179,1.13182,1.00,1.61
2016.08.15 14:12:07.442,1.13177,1.13181,1.00,1.30
2016.08.15 14:12:07.493,1.13177,1.13181,1.00,2.47
2016.08.15 14:12:08.082,1.13177,1.13181,1.00,1.30
2016.08.15 14:12:08.342,1.13177,1.13181,1.00,2.47
2016.08.15 14:12:08.738,1.13177,1.13181,1.00,1.30
2016.08.15 14:12:09.202,1.13176,1.13181,1.00,2.85
2016.08.15 14:12:09.406,1.13176,1.13181,1.00,1.35
2016.08.15 14:12:09.819,1.13176,1.13181,1.00,3.22
2016.08.15 14:12:09.870,1.13177,1.13182,1.00,4.45
2016.08.15 14:12:09.921,1.13177,1.13182,1.00,4.07
2016.08.15 14:12:09.972,1.13177,1.13182,1.00,3.32
2016.08.15 14:12:10.074,1.13177,1.13182,1.00,4.07
2016.08.15 14:12:10.226,1.13177,1.13182,1.00,2.35
2016.08.15 14:12:10.488,1.13177,1.13182,1.00,3.47
2016.08.15 14:12:10.539,1.13177,1.13182,1.00,3.32
2016.08.15 14:12:10.692,1.13177,1.13182,1.00,4.07
2016.08.15 14:12:10.799,1.13177,1.13182,1.00,3.32
2016.08.15 14:12:11.414,1.13177,1.13182,1.00,2.54
2016.08.15 14:12:11.573,1.13177,1.13182,1.50,2.54
2016.08.15 14:12:11.624,1.13177,1.13182,1.50,2.25
2016.08.15 14:12:11.946,1.13177,1.13182,1.50,1.37
2016.08.15 14:12:11.997,1.13177,1.13182,1.50,1.50
2016.08.15 14:12:12.119,1.13177,1.13183,1.50,4.69
2016.08.15 14:12:12.170,1.13178,1.13183,1.00,4.69
2016.08.15 14:12:12.221,1.13178,1.13183,1.00,3.56
2016.08.15 14:12:12.272,1.13178,1.13182,1.00,1.12
2016.08.15 14:12:12.323,1.13179,1.13183,1.00,1.62
2016.08.15 14:12:12.374,1.13179,1.13184,1.00,3.94
2016.08.15 14:12:12.476,1.13181,1.13184,1.00,2.44
2016.08.15 14:12:12.526,1.13181,1.13184,1.00,1.62
2016.08.15 14:12:12.577,1.13179,1.13184,1.87,1.62
2016.08.15 14:12:12.819,1.13179,1.13184,2.62,1.62
2016.08.15 14:12:12.870,1.13181,1.13186,1.50,1.75
2016.08.15 14:12:12.921,1.13181,1.13186,1.50,1.50
2016.08.15 14:12:12.972,1.13183,1.13186,1.00,1.50
2016.08.15 14:12:13.073,1.13183,1.13186,1.00,1.00
2016.08.15 14:12:13.124,1.13183,1.13187,1.00,1.72
2016.08.15 14:12:13.175,1.13183,1.13187,1.00,1.30
2016.08.15 14:12:13.327,1.13183,1.13187,1.12,1.30
2016.08.15 14:12:13.659,1.13183,1.13187,1.00,1.00
2016.08.15 14:12:13.710,1.13183,1.13188,1.00,2.00
2016.08.15 14:12:13.812,1.13183,1.13187,1.00,1.00
2016.08.15 14:12:13.870,1.13183,1.13188,1.00,1.69
2016.08.15 14:12:13.922,1.13183,1.13188,1.00,2.29
2016.08.15 14:12:14.024,1.13183,1.13187,1.00,1.00
2016.08.15 14:12:14.126,1.13184,1.13189,1.00,2.72
2016.08.15 14:12:14.176,1.13184,1.13189,1.00,1.79
2016.08.15 14:12:14.716,1.13184,1.13189,1.00,1.04
2016.08.15 14:12:14.767,1.13183,1.1319,1.00,2.47
2016.08.15 14:12:14.971,1.13183,1.1319,1.00,2.85
2016.08.15 14:12:15.022,1.13183,1.13188,1.00,1.00
2016.08.15 14:12:15.073,1.13183,1.13188,1.50,1.00
2016.08.15 14:12:15.124,1.13183,1.1319,1.50,3.04
2016.08.15 14:12:15.203,1.13183,1.1319,1.50,2.29
2016.08.15 14:12:15.356,1.13183,1.13188,1.00,1.12
2016.08.15 14:12:15.651,1.13183,1.13187,1.50,1.00
2016.08.15 14:12:15.702,1.13183,1.13187,1.00,1.00
2016.08.15 14:12:15.753,1.13183,1.13187,1.00,1.12
2016.08.15 14:12:16.172,1.13183,1.13188,1.50,1.12
2016.08.15 14:12:16.274,1.13184,1.13188,1.00,1.12
2016.08.15 14:12:17.159,1.13182,1.13187,1.12,1.12
2016.08.15 14:12:17.210,1.13182,1.13185,1.12,1.00
2016.08.15 14:12:17.262,1.13181,1.13185,1.37,1.75
2016.08.15 14:12:17.313,1.13181,1.13185,1.37,2.25
2016.08.15 14:12:17.365,1.13179,1.13185,1.47,1.87
2016.08.15 14:12:17.416,1.13178,1.13185,3.45,1.87
2016.08.15 14:12:17.467,1.13179,1.13183,1.50,1.12
2016.08.15 14:12:17.753,1.13179,1.13183,1.50,3.00
2016.08.15 14:12:17.804,1.13174,1.1318,5.32,2.25
2016.08.15 14:12:17.855,1.13174,1.13177,1.00,1.35
2016.08.15 14:12:17.907,1.13174,1.13177,1.00,1.00
2016.08.15 14:12:17.958,1.13173,1.13177,1.37,1.00
2016.08.15 14:12:18.009,1.13176,1.13179,1.00,1.00
2016.08.15 14:12:18.225,1.13173,1.13178,1.87,1.00
2016.08.15 14:12:18.292,1.13175,1.13179,1.00,1.12
2016.08.15 14:12:18.344,1.13175,1.13179,1.12,1.12
2016.08.15 14:12:18.928,1.13173,1.13179,1.50,1.12
2016.08.15 14:12:19.089,1.13173,1.13179,1.37,1.12
2016.08.15 14:12:19.190,1.13173,1.13179,1.87,1.12
2016.08.15 14:12:19.466,1.13173,1.13177,1.37,1.00
2016.08.15 14:12:19.517,1.13172,1.13177,2.62,1.00
2016.08.15 14:12:19.619,1.13173,1.13177,1.87,1.00
2016.08.15 14:12:19.721,1.13173,1.13177,1.37,1.12
2016.08.15 14:12:19.824,1.13173,1.13177,1.37,1.00
2016.08.15 14:12:20.107,1.13172,1.13177,2.62,1.50
2016.08.15 14:12:20.209,1.13172,1.13177,2.62,1.12
2016.08.15 14:12:20.260,1.13172,1.13177,2.62,1.00
2016.08.15 14:12:20.899,1.13172,1.13177,2.62,1.12
2016.08.15 14:12:20.950,1.13172,1.13177,2.62,1.50
2016.08.15 14:12:21.001,1.13172,1.13176,2.62,1.37
2016.08.15 14:12:21.319,1.13172,1.13175,1.12,1.12
2016.08.15 14:12:21.370,1.13169,1.13175,1.95,2.25
2016.08.15 14:12:21.421,1.13169,1.13175,1.95,1.50
2016.08.15 14:12:21.521,1.13169,1.13175,1.95,2.25
2016.08.15 14:12:21.819,1.13169,1.13175,2.70,2.25
2016.08.15 14:12:22.852,1.13174,1.13176,1.00,1.12
2016.08.15 14:12:22.916,1.13175,1.13178,1.00,1.12
2016.08.15 14:12:23.427,1.13175,1.13178,1.00,1.00
2016.08.15 14:12:24.214,1.13175,1.13178,1.50,1.00
2016.08.15 14:12:24.615,1.13175,1.13178,1.00,1.00
2016.08.15 14:12:24.827,1.13174,1.13178,1.12,1.00
2016.08.15 14:12:27.566,1.13174,1.13178,1.87,1.00
2016.08.15 14:12:27.617,1.13174,1.13178,1.50,1.00
2016.08.15 14:12:27.718,1.13174,1.13178,2.25,1.00
2016.08.15 14:12:27.916,1.13174,1.13178,2.62,1.00
2016.08.15 14:12:28.126,1.13174,1.13179,2.62,1.31
2016.08.15 14:12:28.917,1.13174,1.13178,2.62,1.00
2016.08.15 14:12:29.237,1.13174,1.1318,1.87,1.69
2016.08.15 14:12:29.345,1.13174,1.1318,1.87,2.44
2016.08.15 14:12:29.596,1.13175,1.1318,1.37,2.44
2016.08.15 14:12:30.114,1.13175,1.1318,1.37,2.06
2016.08.15 14:12:30.166,1.13175,1.1318,1.37,1.69
2016.08.15 14:12:30.369,1.13175,1.13179,1.87,1.25
2016.08.15 14:12:30.420,1.13175,1.1318,1.87,1.31
2016.08.15 14:12:30.471,1.13175,1.1318,1.87,2.25
2016.08.15 14:12:30.798,1.13175,1.1318,1.37,2.25
2016.08.15 14:12:30.849,1.13175,1.1318,1.37,1.50
2016.08.15 14:12:31.381,1.13175,1.1318,1.87,2.25
2016.08.15 14:12:31.484,1.13175,1.1318,1.95,2.25
2016.08.15 14:12:31.753,1.13175,1.1318,1.87,1.50
2016.08.15 14:12:31.882,1.13175,1.1318,1.95,2.25
2016.08.15 14:12:32.264,1.13175,1.13181,4.20,2.25
2016.08.15 14:12:32.366,1.13175,1.1318,1.47,1.87
2016.08.15 14:12:32.717,1.13177,1.1318,1.37,1.00
2016.08.15 14:12:32.769,1.13177,1.1318,1.87,1.00
2016.08.15 14:12:32.820,1.13177,1.1318,1.37,1.00
2016.08.15 14:12:32.897,1.13178,1.13182,1.37,1.00
2016.08.15 14:12:33.050,1.1318,1.13182,1.12,1.00
2016.08.15 14:12:33.254,1.13178,1.13182,1.87,1.00
2016.08.15 14:12:33.406,1.13179,1.13182,1.37,1.00
2016.08.15 14:12:34.810,1.13178,1.13182,1.87,1.00
2016.08.15 14:12:37.075,1.13178,1.13182,1.50,1.00
2016.08.15 14:12:37.654,1.1318,1.13182,1.00,1.00
2016.08.15 14:12:37.941,1.13178,1.13182,1.87,1.00
2016.08.15 14:12:38.222,1.1318,1.13182,1.00,1.00
2016.08.15 14:12:38.274,1.1318,1.13183,1.12,1.00
2016.08.15 14:12:38.669,1.1318,1.13184,1.12,1.12
2016.08.15 14:12:38.938,1.13179,1.13184,1.87,1.12
2016.08.15 14:12:38.989,1.13179,1.13183,1.37,1.00
2016.08.15 14:12:39.517,1.13178,1.13182,1.87,1.00
2016.08.15 14:12:40.013,1.13179,1.13182,1.37,1.00
2016.08.15 14:12:40.222,1.13178,1.13182,1.87,1.00
2016.08.15 14:12:40.426,1.13178,1.13182,1.87,1.12
2016.08.15 14:12:40.477,1.13178,1.13182,2.62,1.12
2016.08.15 14:12:40.706,1.13178,1.1318,1.87,1.00
2016.08.15 14:12:40.757,1.13174,1.13178,1.12,1.00
2016.08.15 14:12:40.808,1.13172,1.13175,1.87,1.00
2016.08.15 14:12:40.860,1.13171,1.13175,1.00,1.00
2016.08.15 14:12:40.911,1.1317,1.13174,2.32,1.00
2016.08.15 14:12:40.963,1.1317,1.13174,1.87,1.00
2016.08.15 14:12:41.168,1.1317,1.13174,1.12,1.00
2016.08.15 14:12:41.944,1.1317,1.13174,1.50,1.00
2016.08.15 14:12:42.046,1.1317,1.13174,1.12,1.00
2016.08.15 14:12:42.965,1.1317,1.13174,1.00,1.00
2016.08.15 14:12:43.017,1.13173,1.13177,1.00,1.00
2016.08.15 14:12:43.170,1.13174,1.13178,1.50,1.00
2016.08.15 14:12:43.322,1.13174,1.1318,1.00,1.12
2016.08.15 14:12:43.424,1.13175,1.13179,1.00,1.00
2016.08.15 14:12:43.526,1.13174,1.13179,1.50,1.00
2016.08.15 14:12:43.855,1.13174,1.13179,1.57,1.00
2016.08.15 14:12:44.033,1.13174,1.13179,1.10,1.00
2016.08.15 14:12:44.084,1.13174,1.13179,1.07,1.00
2016.08.15 14:12:44.312,1.13174,1.13179,1.10,1.00
2016.08.15 14:12:44.421,1.13174,1.13179,1.07,1.00
2016.08.15 14:12:44.523,1.13174,1.13179,1.10,1.00
2016.08.15 14:12:44.726,1.13174,1.13179,1.07,1.00
2016.08.15 14:12:44.907,1.13174,1.13179,1.10,1.00
2016.08.15 14:12:45.164,1.13174,1.13179,1.20,1.12
2016.08.15 14:12:45.336,1.13174,1.13179,1.47,1.37
2016.08.15 14:12:45.387,1.13174,1.13179,1.45,1.50
2016.08.15 14:12:45.437,1.13174,1.13179,1.36,1.12
2016.08.15 14:12:45.491,1.13174,1.13179,1.36,1.00
2016.08.15 14:12:45.542,1.13175,1.13179,1.39,1.00
2016.08.15 14:12:45.644,1.13174,1.13179,1.86,1.12
2016.08.15 14:12:45.746,1.13174,1.13179,1.36,1.72
2016.08.15 14:12:45.798,1.13174,1.13179,1.36,2.10
2016.08.15 14:12:45.849,1.13175,1.13179,1.39,2.10
2016.08.15 14:12:45.952,1.13174,1.13179,1.36,2.10
2016.08.15 14:12:46.003,1.13174,1.13179,1.39,1.50
2016.08.15 14:12:46.105,1.13174,1.13179,1.39,1.37
2016.08.15 14:12:46.646,1.13173,1.13175,1.00,1.00
2016.08.15 14:12:46.698,1.13174,1.13178,1.00,1.12
2016.08.15 14:12:46.850,1.13171,1.13177,1.29,1.00
2016.08.15 14:12:46.901,1.13171,1.13175,1.29,1.00
2016.08.15 14:12:46.954,1.13172,1.13175,1.04,1.00
2016.08.15 14:12:47.005,1.13172,1.13176,1.04,1.00
2016.08.15 14:12:47.056,1.13172,1.13176,1.04,1.50
2016.08.15 14:12:47.107,1.13172,1.13175,1.04,1.00
2016.08.15 14:12:47.158,1.13171,1.13175,1.29,1.00
2016.08.15 14:12:47.508,1.13171,1.13176,1.29,1.50
2016.08.15 14:12:47.611,1.13171,1.13175,1.29,1.00
2016.08.15 14:12:47.840,1.13171,1.13176,1.29,1.50
2016.08.15 14:12:47.942,1.13171,1.13175,1.29,1.00
2016.08.15 14:12:48.044,1.13171,1.13176,1.04,1.50
2016.08.15 14:12:48.194,1.13171,1.13175,1.04,1.00
2016.08.15 14:12:48.315,1.13171,1.13176,1.04,1.50
2016.08.15 14:12:48.394,1.13171,1.13175,1.04,1.00
2016.08.15 14:12:48.547,1.13173,1.13175,1.04,1.00
2016.08.15 14:12:48.598,1.13173,1.13176,1.04,1.50
2016.08.15 14:12:48.718,1.13173,1.13175,1.04,1.00
2016.08.15 14:12:48.796,1.13173,1.13176,1.04,1.50
2016.08.15 14:12:49.158,1.13173,1.13176,1.04,1.00
2016.08.15 14:12:49.363,1.13174,1.13178,1.00,1.00
2016.08.15 14:12:49.925,1.13174,1.13177,1.00,1.00
2016.08.15 14:12:50.391,1.13173,1.13176,1.00,1.00
2016.08.15 14:12:50.800,1.13174,1.13176,1.00,1.00
2016.08.15 14:12:52.089,1.13173,1.13176,1.00,1.00
2016.08.15 14:12:52.191,1.13172,1.13174,1.04,1.00
2016.08.15 14:12:52.242,1.13172,1.13174,1.00,1.00
2016.08.15 14:12:52.293,1.1317,1.13172,1.04,1.00
2016.08.15 14:12:52.344,1.13169,1.13172,1.19,1.00
2016.08.15 14:12:52.395,1.13168,1.13172,1.36,1.00
2016.08.15 14:12:52.446,1.13168,1.13171,1.04,1.00
2016.08.15 14:12:52.712,1.13167,1.13171,1.29,1.00
2016.08.15 14:12:52.763,1.13166,1.13171,1.94,1.00
2016.08.15 14:12:53.182,1.13167,1.13171,1.29,1.00
2016.08.15 14:12:53.384,1.13167,1.13171,1.04,1.00
2016.08.15 14:12:54.024,1.13167,1.13169,1.00,1.00
2016.08.15 14:12:54.094,1.13166,1.13169,1.10,1.00
2016.08.15 14:12:54.145,1.13166,1.1317,1.00,1.50
2016.08.15 14:12:54.197,1.13165,1.13168,1.95,1.00
2016.08.15 14:12:54.248,1.13165,1.13168,1.10,1.00
2016.08.15 14:12:54.350,1.13165,1.13167,1.00,1.00
2016.08.15 14:12:54.553,1.13165,1.13169,1.00,1.00
2016.08.15 14:12:54.914,1.13164,1.13169,1.50,1.00
2016.08.15 14:12:55.142,1.13164,1.13169,2.25,1.00
2016.08.15 14:12:55.192,1.13165,1.13169,1.00,1.00
2016.08.15 14:12:55.945,1.13166,1.13169,1.00,1.00
2016.08.15 14:12:58.126,1.13165,1.13169,1.10,1.00
2016.08.15 14:12:58.431,1.13165,1.13168,1.10,1.00
2016.08.15 14:12:58.869,1.13164,1.13167,1.00,1.00
2016.08.15 14:13:00.081,1.13164,1.13169,1.29,1.00
2016.08.15 14:13:00.132,1.13165,1.13168,1.79,1.00
2016.08.15 14:13:00.183,1.13165,1.13166,1.00,1.00
2016.08.15 14:13:00.234,1.13163,1.13165,1.00,1.00
2016.08.15 14:13:00.337,1.13163,1.13166,1.00,1.50
2016.08.15 14:13:00.439,1.13163,1.13165,1.00,1.00
2016.08.15 14:13:00.490,1.13162,1.13165,1.50,1.00
2016.08.15 14:13:00.541,1.13162,1.13166,1.50,1.50
2016.08.15 14:13:00.643,1.13162,1.13165,1.50,1.00
2016.08.15 14:13:00.879,1.13162,1.13166,1.50,1.50
2016.08.15 14:13:00.930,1.13162,1.13165,1.00,1.00
2016.08.15 14:13:01.448,1.13163,1.13165,1.00,1.00
2016.08.15 14:13:01.500,1.13161,1.13164,1.00,1.00
2016.08.15 14:13:01.757,1.13162,1.13165,1.00,1.00
2016.08.15 14:13:01.860,1.13162,1.13166,1.50,1.00
2016.08.15 14:13:01.963,1.13162,1.13165,1.50,1.00
2016.08.15 14:13:02.258,1.13163,1.13165,1.00,1.00
2016.08.15 14:13:02.309,1.13162,1.13165,1.50,1.00
2016.08.15 14:13:02.462,1.13162,1.13165,1.50,1.50
2016.08.15 14:13:02.774,1.13162,1.13165,1.50,1.00
2016.08.15 14:13:02.835,1.13162,1.13165,1.50,1.50
2016.08.15 14:13:03.051,1.13162,1.13165,1.50,1.00
2016.08.15 14:13:03.337,1.13163,1.13165,1.00,1.00
2016.08.15 14:13:03.389,1.13163,1.13165,1.50,1.00
2016.08.15 14:13:03.440,1.13163,1.13165,1.00,1.00
2016.08.15 14:13:03.492,1.1316,1.13162,1.10,1.00
2016.08.15 14:13:03.544,1.13158,1.13161,1.50,1.00
2016.08.15 14:13:03.596,1.13158,1.13161,1.45,1.00
2016.08.15 14:13:03.648,1.13157,1.1316,1.87,1.50
2016.08.15 14:13:03.699,1.13157,1.1316,1.75,1.50
2016.08.15 14:13:03.750,1.13156,1.1316,1.87,1.50
2016.08.15 14:13:03.801,1.13156,1.1316,1.50,1.50
2016.08.15 14:13:03.852,1.13155,1.1316,1.65,1.50
2016.08.15 14:13:04.190,1.13155,1.13158,1.20,1.00
2016.08.15 14:13:04.241,1.13155,1.13158,1.10,1.00
2016.08.15 14:13:04.518,1.13155,1.1316,1.10,1.50
2016.08.15 14:13:04.569,1.13155,1.1316,1.86,1.50
2016.08.15 14:13:04.621,1.13155,1.1316,2.61,1.50
2016.08.15 14:13:04.672,1.13155,1.1316,2.54,1.00
2016.08.15 14:13:04.723,1.13155,1.1316,1.79,1.00
2016.08.15 14:13:04.774,1.13155,1.1316,1.86,1.50
2016.08.15 14:13:05.360,1.13155,1.1316,2.24,1.00
2016.08.15 14:13:05.830,1.13155,1.13159,1.11,1.00
2016.08.15 14:13:05.882,1.13155,1.13159,1.00,1.00
2016.08.15 14:13:05.983,1.13155,1.13159,1.10,1.00
2016.08.15 14:13:06.268,1.13155,1.13157,1.00,1.00
2016.08.15 14:13:06.324,1.13154,1.13157,1.04,1.00
2016.08.15 14:13:07.384,1.13153,1.13157,1.29,1.00
2016.08.15 14:13:07.588,1.13153,1.13157,1.04,1.00
2016.08.15 14:13:08.702,1.13154,1.13158,1.00,1.00
2016.08.15 14:13:08.754,1.13154,1.13158,1.50,1.00
2016.08.15 14:13:08.805,1.13157,1.1316,1.00,1.12
2016.08.15 14:13:08.856,1.13157,1.13159,1.00,1.00
2016.08.15 14:13:08.909,1.13158,1.1316,1.00,1.00
2016.08.15 14:13:08.960,1.13158,1.13161,1.29,1.00
2016.08.15 14:13:09.062,1.13158,1.13162,1.04,1.00
2016.08.15 14:13:09.164,1.13158,1.13162,1.04,1.00
2016.08.15 14:13:09.215,1.13159,1.13162,1.00,1.00
2016.08.15 14:13:09.793,1.13163,1.13165,1.00,1.00
2016.08.15 14:13:09.844,1.13162,1.13165,1.04,1.00
2016.08.15 14:13:09.895,1.13162,1.13165,1.04,1.50
2016.08.15 14:13:10.048,1.13161,1.13165,2.54,1.50
2016.08.15 14:13:10.099,1.13161,1.13164,2.54,1.00
2016.08.15 14:13:10.201,1.13161,1.13164,2.25,1.00
2016.08.15 14:13:10.252,1.13161,1.13164,1.50,1.00
2016.08.15 14:13:10.672,1.13161,1.13164,1.00,1.00
2016.08.15 14:13:10.933,1.1316,1.13164,2.32,1.00
2016.08.15 14:13:10.984,1.1316,1.13164,2.25,1.00
2016.08.15 14:13:11.035,1.1316,1.13164,1.50,1.00
2016.08.15 14:13:11.086,1.1316,1.13164,1.57,1.00
2016.08.15 14:13:11.259,1.1316,1.13164,1.50,1.00
2016.08.15 14:13:11.361,1.1316,1.13164,1.57,1.00
2016.08.15 14:13:11.646,1.1316,1.13162,1.10,1.00
2016.08.15 14:13:11.698,1.13153,1.13156,3.90,1.00
2016.08.15 14:13:11.750,1.13153,1.13156,1.27,1.00
2016.08.15 14:13:11.802,1.13152,1.13156,1.37,1.00
2016.08.15 14:13:11.854,1.1315,1.13153,1.37,1.00
2016.08.15 14:13:11.905,1.13149,1.13154,2.32,1.00
2016.08.15 14:13:11.957,1.13149,1.13153,3.00,1.00
2016.08.15 14:13:12.162,1.13149,1.13153,3.75,1.00
2016.08.15 14:13:12.213,1.13149,1.13153,3.00,1.00
2016.08.15 14:13:12.265,1.13149,1.13153,2.25,1.00
2016.08.15 14:13:12.317,1.13148,1.13153,3.07,1.00
2016.08.15 14:13:12.692,1.13149,1.13153,1.50,1.00
2016.08.15 14:13:12.743,1.13149,1.13153,2.25,1.00
2016.08.15 14:13:13.389,1.13151,1.13153,1.00,1.00
2016.08.15 14:13:13.944,1.13151,1.13155,1.00,1.50
2016.08.15 14:13:14.213,1.13152,1.13155,1.00,1.50
2016.08.15 14:13:14.264,1.13152,1.13155,1.50,1.50
2016.08.15 14:13:14.315,1.13152,1.13155,1.50,1.00
2016.08.15 14:13:14.366,1.13152,1.13156,1.50,1.50
2016.08.15 14:13:14.417,1.13153,1.13156,1.00,1.50
2016.08.15 14:13:14.468,1.13154,1.13155,1.00,1.00
2016.08.15 14:13:14.670,1.13154,1.13156,1.00,1.50
2016.08.15 14:13:14.775,1.13154,1.13156,1.00,1.00
2016.08.15 14:13:15.022,1.13156,1.13159,1.00,2.44
2016.08.15 14:13:15.073,1.13156,1.1316,1.87,1.19
2016.08.15 14:13:15.124,1.13157,1.1316,1.00,1.00
2016.08.15 14:13:15.175,1.13157,1.13161,1.50,1.25
2016.08.15 14:13:15.226,1.13157,1.13161,1.00,1.25
2016.08.15 14:13:15.328,1.13157,1.13161,1.00,1.00
2016.08.15 14:13:15.429,1.13156,1.13163,4.12,1.00
2016.08.15 14:13:15.480,1.13156,1.13163,3.00,1.00
2016.08.15 14:13:15.531,1.13156,1.13163,2.25,1.00
2016.08.15 14:13:15.633,1.13158,1.13162,1.00,1.00
2016.08.15 14:13:17.136,1.13158,1.13165,2.25,3.00
2016.08.15 14:13:17.187,1.13161,1.13165,1.00,3.00
2016.08.15 14:13:17.238,1.13161,1.13165,1.00,2.25
2016.08.15 14:13:17.723,1.13161,1.13165,1.50,1.12
2016.08.15 14:13:17.775,1.13161,1.13167,2.25,1.00
2016.08.15 14:13:17.928,1.13162,1.13166,1.00,1.00
2016.08.15 14:13:17.979,1.13162,1.13165,1.00,1.00
2016.08.15 14:13:18.242,1.13162,1.13165,1.50,1.00
2016.08.15 14:13:18.294,1.13162,1.13166,2.25,1.00
2016.08.15 14:13:18.673,1.13162,1.13167,1.50,1.12
2016.08.15 14:13:18.775,1.13162,1.13166,1.00,1.00
2016.08.15 14:13:18.827,1.13161,1.13166,1.00,1.50
2016.08.15 14:13:18.981,1.13161,1.13165,1.00,1.00
2016.08.15 14:13:19.189,1.13161,1.13165,1.00,1.00
2016.08.15 14:13:19.291,1.13161,1.13165,1.00,1.50
2016.08.15 14:13:19.394,1.13161,1.13165,1.00,1.00
2016.08.15 14:13:19.891,1.13159,1.13162,1.00,1.37
2016.08.15 14:13:19.943,1.13157,1.13162,2.70,1.37
2016.08.15 14:13:19.995,1.13157,1.13162,2.32,1.37
2016.08.15 14:13:20.046,1.13157,1.13161,1.10,1.12
2016.08.15 14:13:20.097,1.13157,1.13161,1.00,1.12
2016.08.15 14:13:20.160,1.13158,1.13163,1.00,3.37
2016.08.15 14:13:20.212,1.13158,1.13163,1.00,3.00
2016.08.15 14:13:20.264,1.1316,1.13163,1.00,1.37
2016.08.15 14:13:20.315,1.1316,1.13165,1.00,3.19
2016.08.15 14:13:20.620,1.13161,1.13165,1.00,2.06
2016.08.15 14:13:20.724,1.13161,1.13165,1.00,1.87
2016.08.15 14:13:20.826,1.13161,1.13165,1.00,1.37
2016.08.15 14:13:21.382,1.13161,1.13165,1.00,1.50
2016.08.15 14:13:21.433,1.13165,1.13167,1.00,1.31
2016.08.15 14:13:21.535,1.13165,1.13169,1.00,3.56
2016.08.15 14:13:21.586,1.13165,1.13169,1.00,2.06
2016.08.15 14:13:21.829,1.13165,1.1317,1.00,2.06
2016.08.15 14:13:21.880,1.13165,1.1317,1.00,2.29
2016.08.15 14:13:22.032,1.13165,1.1317,1.00,1.25
2016.08.15 14:13:22.134,1.13165,1.1317,1.00,1.69
2016.08.15 14:13:22.439,1.13164,1.1317,1.00,2.29
2016.08.15 14:13:22.490,1.13164,1.1317,1.00,2.66
2016.08.15 14:13:22.642,1.13164,1.1317,1.00,3.04
2016.08.15 14:13:23.298,1.13164,1.1317,1.00,2.29
2016.08.15 14:13:23.391,1.13164,1.1317,1.00,3.04
2016.08.15 14:13:23.595,1.13164,1.1317,1.00,2.29
2016.08.15 14:13:23.697,1.13164,1.1317,1.00,3.04
2016.08.15 14:13:24.194,1.13164,1.1317,1.00,2.29
2016.08.15 14:13:24.531,1.13164,1.1317,1.00,3.04
2016.08.15 14:13:24.582,1.13164,1.1317,1.00,2.44
2016.08.15 14:13:24.633,1.13164,1.1317,1.00,3.04
2016.08.15 14:13:24.697,1.13164,1.1317,1.00,2.29
2016.08.15 14:13:24.801,1.13164,1.1317,1.00,3.04
2016.08.15 14:13:25.399,1.13164,1.1317,1.00,2.29
2016.08.15 14:13:26.196,1.13164,1.1317,1.00,1.69
2016.08.15 14:13:26.248,1.13164,1.1317,1.00,2.44
2016.08.15 14:13:26.316,1.13164,1.1317,1.00,3.04
2016.08.15 14:13:26.502,1.13165,1.1317,1.00,2.06
2016.08.15 14:13:26.553,1.13165,1.13169,1.00,1.00
2016.08.15 14:13:27.209,1.13163,1.13167,2.32,1.00
2016.08.15 14:13:27.263,1.13163,1.13167,1.50,1.00
2016.08.15 14:13:27.368,1.13163,1.13168,1.00,1.72
2016.08.15 14:13:27.470,1.13163,1.13168,1.00,1.91
2016.08.15 14:13:27.572,1.13163,1.13168,1.00,1.56
2016.08.15 14:13:27.956,1.13163,1.13168,1.00,1.91
2016.08.15 14:13:28.058,1.13163,1.13168,1.00,1.56
2016.08.15 14:13:28.401,1.13163,1.13166,1.00,1.00
2016.08.15 14:13:28.554,1.13163,1.13167,1.00,1.25
2016.08.15 14:13:28.605,1.13164,1.13168,1.00,1.69
2016.08.15 14:13:28.656,1.13166,1.13168,1.00,1.50
2016.08.15 14:13:28.759,1.13166,1.13167,1.00,1.00
2016.08.15 14:13:28.861,1.13164,1.13167,1.00,1.00
2016.08.15 14:13:29.290,1.13163,1.13168,3.00,1.00
2016.08.15 14:13:29.341,1.13163,1.13168,2.25,1.00
2016.08.15 14:13:29.392,1.13162,1.13165,1.10,1.00
2016.08.15 14:13:29.444,1.13162,1.13165,1.10,1.00
2016.08.15 14:13:29.495,1.13163,1.13165,1.12,1.00
2016.08.15 14:13:29.546,1.13161,1.13167,2.25,1.50
2016.08.15 14:13:29.948,1.13162,1.13167,1.50,1.00
2016.08.15 14:13:29.999,1.13164,1.13167,1.00,1.00
2016.08.15 14:13:30.778,1.13163,1.13167,1.12,1.00
2016.08.15 14:13:31.231,1.13162,1.13167,3.07,1.00
2016.08.15 14:13:31.282,1.13162,1.13167,3.00,1.00
2016.08.15 14:13:31.587,1.13162,1.13167,3.00,1.12
2016.08.15 14:13:31.689,1.13162,1.13167,3.00,1.00
2016.08.15 14:13:31.740,1.13162,1.13167,3.75,1.00
2016.08.15 14:13:31.892,1.13162,1.13167,3.00,1.00
2016.08.15 14:13:32.355,1.13162,1.13167,2.25,1.00
2016.08.15 14:13:33.169,1.13163,1.13168,1.75,1.00
2016.08.15 14:13:33.998,1.13163,1.13168,1.00,1.00
2016.08.15 14:13:34.202,1.13163,1.13168,1.50,1.00
2016.08.15 14:13:34.953,1.13167,1.1317,1.00,1.00
2016.08.15 14:13:35.477,1.13166,1.1317,1.00,1.00
2016.08.15 14:13:35.686,1.13165,1.1317,3.07,1.00
2016.08.15 14:13:35.737,1.13165,1.1317,3.82,1.00
2016.08.15 14:13:35.973,1.13165,1.1317,3.07,1.00
2016.08.15 14:13:36.024,1.13164,1.13168,1.20,1.00
2016.08.15 14:13:36.485,1.13163,1.13168,3.82,1.00
2016.08.15 14:13:36.780,1.13164,1.13168,1.20,1.00
2016.08.15 14:13:37.254,1.13164,1.1317,1.20,1.50
2016.08.15 14:13:37.305,1.13164,1.1317,1.10,1.00
2016.08.15 14:13:37.407,1.13164,1.1317,1.10,1.12
2016.08.15 14:13:37.457,1.13164,1.1317,1.07,1.50
2016.08.15 14:13:37.559,1.13164,1.1317,1.10,1.12
2016.08.15 14:13:37.762,1.13164,1.1317,1.07,1.50
2016.08.15 14:13:37.980,1.13164,1.1317,1.00,1.12
2016.08.15 14:13:38.081,1.13164,1.1317,1.10,1.12
2016.08.15 14:13:38.132,1.13164,1.1317,1.10,1.87
2016.08.15 14:13:38.559,1.13164,1.1317,1.10,2.25
2016.08.15 14:13:38.626,1.13163,1.13168,3.37,1.12
2016.08.15 14:13:38.728,1.13163,1.13168,2.62,1.12
2016.08.15 14:13:39.092,1.13163,1.13168,2.62,1.50
2016.08.15 14:13:40.392,1.13163,1.13168,2.62,1.37
2016.08.15 14:13:40.476,1.13163,1.13168,2.62,1.50
2016.08.15 14:13:40.578,1.13163,1.13168,2.62,1.37
2016.08.15 14:13:40.677,1.13163,1.13168,2.62,1.50
2016.08.15 14:13:41.587,1.13163,1.13168,2.62,1.37
2016.08.15 14:13:41.639,1.13158,1.13162,1.00,1.00
2016.08.15 14:13:41.690,1.13157,1.13162,1.12,1.00
2016.08.15 14:13:41.741,1.13157,1.13162,1.00,1.00
2016.08.15 14:13:42.046,1.13157,1.13162,1.00,1.12
2016.08.15 14:13:42.781,1.13156,1.13161,1.00,1.12
2016.08.15 14:13:42.838,1.13156,1.1316,1.00,1.00
2016.08.15 14:13:43.501,1.13156,1.13161,1.00,1.87
2016.08.15 14:13:43.560,1.13156,1.1316,1.00,1.00
2016.08.15 14:13:43.864,1.13156,1.13161,1.00,1.87
2016.08.15 14:13:44.235,1.13156,1.1316,1.00,1.00
2016.08.15 14:13:44.301,1.13156,1.13161,1.00,1.87
2016.08.15 14:13:44.497,1.13156,1.1316,1.00,1.00
2016.08.15 14:13:45.606,1.13155,1.1316,2.32,1.12
2016.08.15 14:13:45.708,1.13155,1.13159,1.57,1.00
2016.08.15 14:13:45.997,1.13154,1.13159,1.07,1.00
2016.08.15 14:13:46.711,1.13154,1.13159,1.10,1.00
2016.08.15 14:13:47.591,1.13154,1.13159,1.07,1.00
2016.08.15 14:13:48.230,1.13155,1.1316,1.10,2.44
2016.08.15 14:13:48.331,1.13155,1.1316,1.10,2.06
2016.08.15 14:13:48.781,1.13155,1.1316,1.00,1.31
2016.08.15 14:13:49.093,1.13155,1.1316,1.10,2.06
2016.08.15 14:13:49.326,1.13155,1.1316,1.10,1.87
2016.08.15 14:13:49.478,1.13155,1.1316,1.00,1.12
2016.08.15 14:13:49.529,1.13155,1.1316,1.50,1.00
2016.08.15 14:13:49.580,1.13155,1.1316,1.57,1.50
2016.08.15 14:13:49.892,1.13155,1.1316,1.10,1.50
2016.08.15 14:13:49.943,1.13153,1.13158,3.07,1.35
2016.08.15 14:13:50.045,1.13153,1.13157,1.07,1.00
2016.08.15 14:13:50.096,1.13152,1.13157,1.00,1.00
2016.08.15 14:13:50.613,1.1315,1.13157,2.02,1.50
2016.08.15 14:13:50.665,1.1315,1.13157,1.57,1.50
2016.08.15 14:13:50.716,1.1315,1.13157,1.50,1.50
2016.08.15 14:13:50.920,1.1315,1.13157,1.00,1.50
2016.08.15 14:13:51.101,1.1315,1.13155,1.00,1.00
2016.08.15 14:13:51.623,1.1315,1.13155,1.00,1.50
2016.08.15 14:13:52.063,1.1315,1.13155,1.50,1.00
2016.08.15 14:13:52.114,1.1315,1.13155,1.50,1.50
2016.08.15 14:13:52.227,1.1315,1.13155,2.25,1.50
2016.08.15 14:13:52.284,1.1315,1.13155,1.50,1.00
2016.08.15 14:13:52.386,1.1315,1.13155,2.25,1.50
2016.08.15 14:13:52.437,1.13154,1.13155,1.00,1.00
2016.08.15 14:13:52.488,1.13153,1.13158,1.00,1.00
2016.08.15 14:13:52.539,1.13153,1.1316,1.50,3.56
2016.08.15 14:13:52.642,1.13154,1.1316,1.00,1.19
2016.08.15 14:13:52.744,1.13154,1.1316,2.25,1.19
2016.08.15 14:13:52.795,1.13154,1.1316,3.00,1.19
2016.08.15 14:13:53.145,1.13155,1.13159,1.00,1.25
2016.08.15 14:13:53.508,1.13155,1.1316,1.50,2.29
2016.08.15 14:13:53.610,1.13155,1.1316,2.25,1.50
2016.08.15 14:13:53.938,1.13155,1.1316,1.50,1.00
2016.08.15 14:13:53.991,1.13155,1.1316,2.25,1.50
2016.08.15 14:13:54.531,1.13155,1.1316,1.50,1.00
2016.08.15 14:13:54.731,1.13155,1.1316,2.25,1.50
2016.08.15 14:13:54.996,1.13155,1.1316,1.50,1.00
2016.08.15 14:13:56.031,1.13155,1.1316,2.25,2.10
2016.08.15 14:13:56.135,1.13155,1.1316,1.50,1.00
2016.08.15 14:13:56.239,1.13155,1.1316,2.25,1.87
2016.08.15 14:13:56.395,1.13155,1.1316,1.50,1.37
2016.08.15 14:13:56.446,1.13155,1.1316,1.50,1.00
2016.08.15 14:13:56.735,1.13155,1.1316,2.25,1.50
2016.08.15 14:13:56.837,1.13155,1.1316,1.50,1.00
2016.08.15 14:13:56.896,1.13155,1.1316,2.25,1.50
2016.08.15 14:13:57.098,1.13155,1.1316,1.50,1.00
2016.08.15 14:13:57.200,1.13155,1.1316,2.25,1.50
2016.08.15 14:13:57.336,1.13155,1.1316,1.50,1.00
2016.08.15 14:13:57.634,1.13155,1.1316,2.25,1.50
2016.08.15 14:13:58.490,1.13155,1.1316,1.50,1.50
2016.08.15 14:13:58.541,1.13155,1.1316,1.00,1.50
2016.08.15 14:13:59.571,1.13154,1.1316,1.50,1.50
2016.08.15 14:13:59.622,1.13155,1.1316,1.00,1.50
2016.08.15 14:13:59.673,1.13154,1.1316,2.25,1.50
2016.08.15 14:13:59.724,1.13154,1.1316,2.25,1.00
2016.08.15 14:13:59.844,1.13154,1.1316,2.25,1.50
2016.08.15 14:13:59.946,1.13154,1.13159,2.25,1.00
2016.08.15 14:14:00.098,1.13154,1.13159,1.50,1.00
2016.08.15 14:14:00.149,1.13154,1.13159,1.00,1.00
2016.08.15 14:14:01.198,1.13154,1.13159,1.00,1.35
2016.08.15 14:14:01.355,1.13154,1.13159,1.00,1.00
2016.08.15 14:14:01.664,1.13155,1.1316,1.10,1.50
2016.08.15 14:14:01.894,1.13156,1.1316,1.00,1.00
2016.08.15 14:14:01.945,1.13156,1.13161,1.00,2.29
2016.08.15 14:14:01.997,1.13155,1.1316,1.57,1.00
2016.08.15 14:14:02.048,1.13156,1.13161,1.00,2.29
2016.08.15 14:14:02.221,1.13155,1.1316,1.00,1.00
2016.08.15 14:14:02.556,1.13154,1.13159,1.57,1.00
2016.08.15 14:14:03.152,1.13154,1.13158,1.07,1.00
2016.08.15 14:14:03.316,1.13154,1.13158,1.10,1.00
2016.08.15 14:14:03.518,1.13154,1.13158,1.07,1.00
2016.08.15 14:14:03.652,1.13154,1.13158,1.10,1.00
2016.08.15 14:14:03.754,1.13155,1.1316,1.10,1.00
2016.08.15 14:14:03.859,1.13155,1.1316,1.00,1.00
2016.08.15 14:14:03.910,1.13155,1.13158,1.00,1.00
2016.08.15 14:14:03.961,1.13155,1.13158,1.10,1.00
2016.08.15 14:14:04.065,1.13155,1.13158,1.00,1.00
2016.08.15 14:14:04.168,1.13155,1.13158,1.10,1.00
2016.08.15 14:14:04.410,1.13154,1.13158,1.20,1.00
2016.08.15 14:14:04.461,1.13154,1.13158,1.12,1.00
2016.08.15 14:14:05.172,1.13154,1.13158,1.00,1.00
2016.08.15 14:14:05.650,1.13154,1.13156,1.00,1.12
2016.08.15 14:14:05.702,1.13149,1.13154,2.25,1.00
2016.08.15 14:14:06.520,1.13149,1.13154,3.00,1.00
2016.08.15 14:14:07.213,1.13149,1.13154,2.25,1.00
2016.08.15 14:14:09.683,1.1315,1.13155,1.00,1.50
2016.08.15 14:14:10.489,1.1315,1.13155,1.00,1.00
2016.08.15 14:14:10.541,1.1315,1.13155,1.00,1.50
2016.08.15 14:14:11.149,1.13151,1.13155,1.00,1.50
2016.08.15 14:14:11.251,1.13151,1.13155,1.50,1.50
2016.08.15 14:14:11.845,1.13152,1.13156,1.00,1.50
2016.08.15 14:14:11.947,1.13152,1.13155,1.00,1.00
2016.08.15 14:14:13.125,1.13152,1.13156,1.00,1.50
2016.08.15 14:14:14.081,1.13151,1.13155,1.50,1.00
2016.08.15 14:14:14.546,1.13151,1.13156,1.50,1.50
2016.08.15 14:14:15.061,1.1315,1.13155,3.00,1.50
2016.08.15 14:14:15.112,1.1315,1.13154,2.25,1.00
2016.08.15 14:14:15.163,1.1315,1.13154,1.00,1.00
2016.08.15 14:14:15.868,1.13149,1.13154,1.00,1.00
2016.08.15 14:14:15.934,1.13148,1.13155,1.00,3.60
2016.08.15 14:14:15.985,1.13148,1.13155,1.00,4.35
2016.08.15 14:14:16.089,1.13148,1.13155,1.00,2.85
2016.08.15 14:14:16.140,1.13148,1.13155,1.00,3.60
2016.08.15 14:14:16.294,1.13148,1.13155,1.00,2.85
2016.08.15 14:14:16.353,1.13148,1.13155,1.00,3.60
2016.08.15 14:14:16.705,1.13148,1.13155,1.00,3.22
2016.08.15 14:14:16.757,1.1315,1.13155,1.00,1.50
2016.08.15 14:14:17.106,1.1315,1.13156,1.50,1.31
2016.08.15 14:14:17.157,1.1315,1.13156,1.50,2.06
2016.08.15 14:14:17.356,1.1315,1.13156,1.00,2.06
2016.08.15 14:14:17.457,1.1315,1.13156,1.50,2.06
2016.08.15 14:14:17.711,1.1315,1.13156,1.00,2.81
2016.08.15 14:14:17.867,1.1315,1.13155,1.00,1.25
2016.08.15 14:14:17.991,1.1315,1.13156,1.50,2.06
2016.08.15 14:14:18.480,1.1315,1.13153,1.00,1.00
2016.08.15 14:14:18.582,1.13148,1.13153,1.00,1.00
2016.08.15 14:14:18.633,1.1315,1.13155,1.00,3.00
2016.08.15 14:14:18.684,1.1315,1.13155,1.00,4.35
2016.08.15 14:14:18.735,1.13151,1.13155,1.00,2.62
2016.08.15 14:14:18.786,1.13151,1.13155,1.00,1.12
2016.08.15 14:14:18.888,1.13151,1.13156,1.00,1.00
2016.08.15 14:14:19.536,1.1315,1.13155,1.00,1.00
2016.08.15 14:14:19.638,1.1315,1.13155,1.50,1.00
2016.08.15 14:14:19.689,1.1315,1.13155,1.00,1.00
2016.08.15 14:14:19.740,1.13151,1.13155,1.00,1.50
2016.08.15 14:14:19.791,1.13151,1.13155,1.00,1.00
2016.08.15 14:14:19.893,1.13151,1.13156,1.00,1.50
2016.08.15 14:14:19.994,1.13151,1.13155,1.00,1.00
2016.08.15 14:14:20.198,1.13151,1.13156,1.00,1.50
2016.08.15 14:14:20.300,1.13151,1.13155,1.00,1.00
2016.08.15 14:14:20.972,1.13151,1.13156,1.00,1.00
2016.08.15 14:14:21.073,1.13151,1.13156,1.50,1.00
2016.08.15 14:14:21.242,1.13151,1.13156,1.00,1.60
2016.08.15 14:14:21.293,1.1315,1.13155,1.50,2.10
2016.08.15 14:14:21.344,1.1315,1.13155,1.00,1.50
2016.08.15 14:14:21.395,1.1315,1.13155,1.00,1.00
2016.08.15 14:14:21.446,1.13148,1.13155,2.25,3.60
2016.08.15 14:14:21.497,1.13148,1.13155,2.25,4.35
2016.08.15 14:14:21.790,1.13148,1.13153,1.00,1.00
2016.08.15 14:14:21.995,1.13147,1.13152,1.50,1.00
2016.08.15 14:14:22.046,1.13148,1.13152,1.00,1.00
2016.08.15 14:14:22.351,1.13148,1.13152,1.50,1.00
2016.08.15 14:14:24.012,1.1315,1.13155,1.00,2.44
2016.08.15 14:14:24.063,1.1315,1.13155,1.00,1.69
2016.08.15 14:14:24.114,1.1315,1.13155,1.00,1.50
2016.08.15 14:14:24.215,1.1315,1.13156,1.00,2.89
2016.08.15 14:14:24.463,1.13151,1.13157,1.12,3.07
2016.08.15 14:14:24.516,1.13154,1.1316,1.00,3.26
2016.08.15 14:14:24.567,1.13154,1.1316,1.00,2.44
2016.08.15 14:14:24.771,1.13154,1.1316,1.00,2.25
2016.08.15 14:14:24.873,1.13156,1.1316,1.00,2.62
2016.08.15 14:14:24.924,1.13156,1.1316,1.00,3.37
2016.08.15 14:14:24.976,1.13155,1.1316,1.50,2.25
2016.08.15 14:14:25.027,1.13156,1.1316,1.00,1.00
2016.08.15 14:14:25.299,1.13156,1.13161,1.50,1.00
2016.08.15 14:14:25.350,1.13159,1.13164,1.00,3.19
2016.08.15 14:14:25.402,1.13159,1.13164,1.00,3.94
2016.08.15 14:14:25.453,1.13158,1.13163,1.00,1.00
2016.08.15 14:14:25.504,1.13159,1.13164,1.07,3.56
2016.08.15 14:14:25.555,1.13158,1.13163,1.07,1.00
2016.08.15 14:14:25.656,1.13159,1.13164,1.07,3.19
2016.08.15 14:14:25.758,1.13157,1.13164,1.07,3.94
2016.08.15 14:14:25.860,1.13157,1.13164,1.07,3.19
2016.08.15 14:14:25.911,1.13157,1.13164,1.00,3.19
2016.08.15 14:14:25.962,1.13157,1.13164,1.00,3.94
2016.08.15 14:14:26.362,1.13159,1.13164,1.00,3.19
2016.08.15 14:14:26.464,1.13159,1.13164,1.00,2.44
2016.08.15 14:14:27.046,1.1316,1.13164,1.00,2.06
2016.08.15 14:14:27.098,1.1316,1.13165,1.50,1.19
2016.08.15 14:14:27.149,1.1316,1.13165,1.00,1.87
2016.08.15 14:14:27.250,1.1316,1.13165,1.50,1.87
2016.08.15 14:14:27.302,1.1316,1.13165,1.00,1.37
2016.08.15 14:14:27.415,1.1316,1.13165,1.50,1.87
2016.08.15 14:14:27.957,1.1316,1.13164,1.00,1.12
2016.08.15 14:14:28.008,1.13159,1.13164,1.00,1.12
2016.08.15 14:14:28.270,1.13159,1.13164,1.00,1.00
2016.08.15 14:14:29.438,1.1316,1.13165,1.00,1.87
2016.08.15 14:14:29.540,1.1316,1.13165,1.50,1.87
2016.08.15 14:14:29.692,1.1316,1.13165,1.50,2.47
2016.08.15 14:14:29.743,1.1316,1.13165,1.50,2.10
2016.08.15 14:14:29.845,1.1316,1.13165,1.00,1.35
2016.08.15 14:14:29.947,1.1316,1.13165,1.00,1.50
2016.08.15 14:14:30.056,1.1316,1.13165,1.00,1.35
2016.08.15 14:14:30.350,1.13158,1.13165,1.50,2.10
2016.08.15 14:14:30.401,1.13158,1.13165,1.50,1.35
2016.08.15 14:14:30.452,1.13158,1.13165,1.50,2.10
2016.08.15 14:14:30.513,1.13158,1.13165,1.50,1.35
2016.08.15 14:14:30.564,1.13158,1.13165,1.87,1.12
2016.08.15 14:14:30.615,1.13158,1.13165,1.87,1.87
2016.08.15 14:14:30.665,1.13158,1.13165,1.87,2.47
2016.08.15 14:14:30.919,1.13158,1.13165,1.87,1.72
2016.08.15 14:14:31.020,1.13158,1.13165,1.87,2.47
2016.08.15 14:14:31.959,1.13158,1.13165,1.87,1.72
2016.08.15 14:14:32.117,1.13158,1.13165,1.87,2.47
2016.08.15 14:14:32.168,1.13158,1.13165,2.62,1.87
2016.08.15 14:14:32.871,1.13158,1.13165,2.62,1.12
2016.08.15 14:14:33.009,1.13158,1.13165,2.62,1.72
2016.08.15 14:14:33.060,1.13159,1.13166,1.57,1.91
2016.08.15 14:14:33.323,1.13159,1.13165,1.00,1.30
2016.08.15 14:14:33.374,1.13159,1.13164,1.00,1.35
2016.08.15 14:14:33.508,1.13159,1.13164,1.00,1.00
2016.08.15 14:14:33.672,1.13159,1.13164,1.00,1.35
2016.08.15 14:14:33.774,1.13159,1.13164,1.00,1.00
2016.08.15 14:14:34.136,1.13159,1.13164,1.50,1.00
2016.08.15 14:14:34.187,1.13159,1.13164,2.25,1.00
2016.08.15 14:14:34.238,1.1316,1.13165,1.00,1.12
2016.08.15 14:14:34.598,1.1316,1.13165,1.00,1.87
2016.08.15 14:14:34.726,1.1316,1.13165,1.00,1.87
2016.08.15 14:14:34.828,1.1316,1.13165,1.00,1.12
2016.08.15 14:14:35.272,1.1316,1.13165,1.00,1.87
2016.08.15 14:14:35.599,1.13161,1.13165,1.00,1.50
2016.08.15 14:14:35.650,1.1316,1.13165,1.50,1.50
2016.08.15 14:14:35.893,1.1316,1.13165,1.00,1.00
2016.08.15 14:14:35.944,1.1316,1.13165,1.50,1.87
2016.08.15 14:14:36.695,1.1316,1.13164,1.50,1.00
2016.08.15 14:14:36.746,1.1316,1.13164,1.00,1.00
2016.08.15 14:14:36.797,1.13159,1.13166,1.50,3.19
2016.08.15 14:14:36.848,1.13159,1.13164,1.57,1.00
2016.08.15 14:14:36.899,1.13159,1.13164,1.57,1.12
2016.08.15 14:14:37.198,1.13159,1.13164,1.57,1.00
2016.08.15 14:14:37.350,1.13161,1.13166,1.00,1.62
2016.08.15 14:14:37.401,1.13159,1.13164,1.57,1.00
2016.08.15 14:14:37.452,1.13159,1.13165,1.57,1.12
2016.08.15 14:14:37.553,1.13159,1.13164,1.57,1.00
2016.08.15 14:14:37.655,1.1316,1.13165,1.00,1.12
2016.08.15 14:14:37.706,1.13161,1.13166,1.50,1.54
2016.08.15 14:14:37.757,1.13161,1.13166,1.50,1.87
2016.08.15 14:14:37.809,1.13162,1.13166,1.00,1.50
2016.08.15 14:14:37.860,1.13163,1.13165,1.00,1.50
2016.08.15 14:14:37.911,1.13163,1.13165,1.00,1.00
2016.08.15 14:14:38.206,1.13163,1.13166,1.00,1.12
2016.08.15 14:14:38.258,1.13162,1.13167,1.50,1.69
2016.08.15 14:14:38.308,1.13162,1.13167,2.25,1.69
2016.08.15 14:14:38.998,1.13162,1.13167,2.25,1.62
2016.08.15 14:14:39.590,1.13162,1.13167,2.25,1.69
2016.08.15 14:14:40.147,1.13162,1.13166,2.25,1.12
2016.08.15 14:14:40.249,1.13162,1.13168,1.50,1.94
2016.08.15 14:14:40.948,1.13162,1.13167,2.25,1.00
2016.08.15 14:14:41.050,1.13163,1.13167,1.00,1.00
2016.08.15 14:14:41.152,1.13163,1.13167,1.07,1.00
2016.08.15 14:14:41.203,1.13162,1.13167,2.32,1.00
2016.08.15 14:14:41.305,1.13162,1.13169,2.32,1.12
2016.08.15 14:14:41.355,1.13164,1.13167,1.10,1.00
2016.08.15 14:14:41.457,1.13162,1.13167,1.57,1.00
2016.08.15 14:14:41.508,1.13163,1.13167,1.07,1.00
2016.08.15 14:14:41.559,1.13163,1.13167,1.00,1.00
2016.08.15 14:14:41.610,1.13162,1.13167,1.50,1.00
2016.08.15 14:14:41.661,1.13162,1.13167,1.57,1.00
2016.08.15 14:14:42.133,1.13163,1.13168,1.07,1.00
2016.08.15 14:14:42.184,1.13163,1.13168,1.57,1.00
2016.08.15 14:14:42.235,1.13164,1.13169,1.07,1.00
2016.08.15 14:14:42.286,1.13163,1.13168,2.32,1.00
2016.08.15 14:14:42.395,1.13164,1.13168,1.07,1.00
2016.08.15 14:14:42.446,1.13164,1.13169,1.57,1.00
2016.08.15 14:14:42.920,1.13166,1.1317,1.00,1.05
2016.08.15 14:14:42.971,1.13166,1.1317,1.00,1.85
2016.08.15 14:14:43.053,1.13166,1.13171,1.00,5.29
2016.08.15 14:14:43.107,1.13165,1.1317,1.00,1.85
2016.08.15 14:14:43.158,1.13165,1.1317,1.00,1.25
2016.08.15 14:14:43.598,1.13165,1.1317,1.00,2.29
2016.08.15 14:14:43.655,1.13165,1.1317,1.00,1.54
2016.08.15 14:14:43.757,1.13163,1.13165,1.00,1.00
2016.08.15 14:14:43.809,1.13162,1.13167,1.12,1.00
2016.08.15 14:14:43.860,1.13161,1.13166,2.70,1.00
2016.08.15 14:14:43.912,1.1316,1.13164,2.85,1.00
2016.08.15 14:14:43.964,1.1316,1.13165,1.87,1.50
2016.08.15 14:14:44.015,1.1316,1.13165,1.00,1.50
2016.08.15 14:14:44.066,1.1316,1.13165,1.00,1.00
2016.08.15 14:14:44.167,1.1316,1.13165,1.00,1.50
2016.08.15 14:14:44.370,1.13159,1.13165,1.50,1.00
2016.08.15 14:14:44.699,1.13159,1.13166,1.50,1.50
2016.08.15 14:14:44.800,1.13161,1.13165,1.00,1.00
2016.08.15 14:14:44.852,1.1316,1.13165,1.00,1.50
2016.08.15 14:14:44.903,1.1316,1.13165,1.50,1.50
2016.08.15 14:14:45.005,1.13159,1.13165,1.00,1.00
2016.08.15 14:14:45.106,1.13158,1.13165,3.07,1.12
2016.08.15 14:14:45.157,1.13158,1.13165,3.00,1.12
2016.08.15 14:14:45.208,1.13158,1.13165,3.37,1.00
2016.08.15 14:14:45.310,1.1316,1.13165,1.00,1.50
2016.08.15 14:14:45.361,1.13158,1.13165,2.70,1.50
2016.08.15 14:14:45.413,1.13159,1.13165,1.00,1.31
2016.08.15 14:14:45.463,1.1316,1.13165,1.00,2.06
2016.08.15 14:14:45.752,1.13156,1.13161,1.87,1.00
2016.08.15 14:14:45.803,1.13156,1.13161,2.25,1.00
2016.08.15 14:14:46.057,1.13157,1.13162,1.00,1.00
2016.08.15 14:14:46.564,1.13159,1.13162,1.00,1.00
2016.08.15 14:14:46.665,1.13159,1.13162,1.07,1.00
2016.08.15 14:14:46.819,1.1316,1.13162,1.10,1.00
2016.08.15 14:14:46.870,1.1316,1.13162,1.00,1.00
2016.08.15 14:14:47.456,1.13158,1.13161,1.07,1.00
2016.08.15 14:14:48.321,1.13159,1.13161,1.07,1.00
2016.08.15 14:14:48.712,1.13159,1.13164,1.57,1.50
2016.08.15 14:14:48.763,1.13159,1.13162,1.10,1.00
2016.08.15 14:14:48.865,1.13159,1.13165,1.57,2.44
2016.08.15 14:14:48.916,1.13159,1.13163,1.07,1.00
2016.08.15 14:14:49.018,1.13159,1.13163,1.10,1.00
2016.08.15 14:14:49.120,1.13159,1.13163,1.07,1.00
2016.08.15 14:14:49.386,1.13159,1.13164,1.57,1.12
2016.08.15 14:14:49.437,1.13159,1.13162,1.07,1.00
2016.08.15 14:14:49.610,1.13159,1.13164,1.07,1.00
2016.08.15 14:14:49.814,1.13159,1.13164,1.10,1.00
2016.08.15 14:14:50.249,1.13159,1.13164,1.07,1.00
2016.08.15 14:14:50.792,1.13159,1.13164,1.10,1.00
2016.08.15 14:14:50.899,1.13159,1.13164,1.07,1.00
2016.08.15 14:14:51.001,1.13159,1.13162,1.10,1.00
2016.08.15 14:14:51.105,1.13159,1.13162,1.07,1.00
2016.08.15 14:14:51.156,1.13159,1.13164,1.57,1.00
2016.08.15 14:14:51.258,1.13158,1.13162,1.07,1.00
2016.08.15 14:14:51.410,1.13156,1.1316,1.87,1.00
2016.08.15 14:14:51.513,1.13156,1.1316,1.00,1.50
2016.08.15 14:14:51.616,1.13156,1.1316,1.00,1.12
2016.08.15 14:14:51.901,1.13155,1.1316,1.00,2.10
2016.08.15 14:14:52.003,1.13155,1.1316,1.50,2.85
2016.08.15 14:14:52.105,1.13155,1.13159,1.00,1.12
2016.08.15 14:14:52.257,1.13155,1.1316,1.50,3.04
2016.08.15 14:14:52.409,1.13155,1.1316,2.25,2.44
2016.08.15 14:14:52.460,1.13155,1.13159,1.50,1.50
2016.08.15 14:14:52.511,1.13155,1.13159,1.00,1.50
2016.08.15 14:14:52.953,1.13155,1.13159,1.00,1.87
2016.08.15 14:14:53.235,1.13153,1.13157,1.00,1.37
2016.08.15 14:14:53.388,1.13153,1.13157,1.00,1.37
2016.08.15 14:14:53.439,1.13153,1.13157,1.00,1.50
2016.08.15 14:14:53.490,1.13153,1.13157,1.00,1.00
2016.08.15 14:14:53.541,1.13152,1.13155,1.00,1.12
2016.08.15 14:14:53.593,1.1315,1.13155,2.40,2.25
2016.08.15 14:14:53.886,1.1315,1.13153,1.57,1.12
2016.08.15 14:14:53.938,1.13147,1.13153,1.50,1.87
2016.08.15 14:14:53.989,1.13147,1.13153,1.50,1.12
2016.08.15 14:14:54.040,1.13147,1.13153,1.87,1.00
2016.08.15 14:14:54.091,1.13148,1.13153,1.00,1.00
2016.08.15 14:14:54.193,1.13147,1.13153,1.12,1.00
2016.08.15 14:14:54.243,1.13147,1.13154,1.87,1.50
2016.08.15 14:14:54.345,1.13149,1.13154,1.00,1.50
2016.08.15 14:14:54.599,1.13149,1.13154,1.00,1.00
2016.08.15 14:14:54.650,1.13149,1.13154,1.00,1.50
2016.08.15 14:14:55.228,1.13149,1.13153,1.50,1.00
2016.08.15 14:14:55.525,1.1315,1.13153,1.00,1.00
2016.08.15 14:14:55.678,1.1315,1.13154,1.00,1.12
2016.08.15 14:14:55.780,1.1315,1.13154,1.00,1.00
2016.08.15 14:14:56.192,1.13149,1.13154,1.50,1.00
2016.08.15 14:14:56.926,1.13149,1.13154,1.87,1.00
2016.08.15 14:14:56.977,1.1315,1.13155,1.50,1.50
2016.08.15 14:14:57.400,1.1315,1.13155,1.50,1.00
2016.08.15 14:14:57.693,1.1315,1.13155,2.25,1.50
2016.08.15 14:14:57.897,1.13151,1.13155,1.00,1.00
2016.08.15 14:14:58.103,1.13151,1.13156,1.00,2.25
2016.08.15 14:14:58.478,1.13153,1.13158,1.00,1.50
2016.08.15 14:14:58.531,1.13153,1.13158,3.00,1.50
2016.08.15 14:14:58.582,1.13153,1.13158,3.00,1.00
2016.08.15 14:14:58.633,1.13154,1.13158,1.50,1.00
2016.08.15 14:14:58.966,1.13154,1.13159,1.95,1.87
2016.08.15 14:14:59.018,1.13154,1.13159,1.95,1.00
2016.08.15 14:15:00.512,1.13154,1.13159,1.87,1.00
2016.08.15 14:15:03.320,1.13155,1.1316,1.50,2.25
2016.08.15 14:15:03.372,1.13155,1.1316,1.50,3.22
2016.08.15 14:15:03.424,1.13157,1.1316,1.00,1.35
2016.08.15 14:15:03.475,1.13157,1.13161,1.00,3.94
2016.08.15 14:15:03.527,1.13156,1.13161,1.50,3.19
2016.08.15 14:15:03.578,1.13156,1.13161,1.50,2.44
2016.08.15 14:15:03.629,1.13156,1.1316,1.50,1.00
2016.08.15 14:15:03.680,1.13156,1.1316,2.25,1.00
2016.08.15 14:15:03.731,1.13156,1.13161,2.25,1.69
2016.08.15 14:15:03.782,1.13157,1.13161,1.00,1.25
2016.08.15 14:15:03.834,1.13157,1.1316,1.00,1.00
2016.08.15 14:15:03.886,1.13157,1.13162,1.00,1.31
2016.08.15 14:15:03.938,1.13157,1.13162,1.00,1.12
2016.08.15 14:15:04.323,1.13157,1.13162,1.00,1.75
2016.08.15 14:15:04.387,1.13156,1.1316,1.00,1.35
2016.08.15 14:15:04.438,1.13156,1.1316,1.00,1.00
2016.08.15 14:15:04.489,1.13156,1.13161,1.00,1.12
2016.08.15 14:15:04.541,1.13156,1.13161,1.00,1.72
2016.08.15 14:15:04.592,1.13155,1.13161,3.07,1.30
2016.08.15 14:15:04.643,1.13155,1.13161,3.82,1.30
2016.08.15 14:15:04.848,1.13156,1.13161,1.12,1.30
2016.08.15 14:15:04.899,1.13156,1.13161,1.12,1.72
2016.08.15 14:15:05.052,1.13156,1.13161,1.12,1.12
2016.08.15 14:15:05.331,1.13157,1.13161,1.00,1.00
2016.08.15 14:15:05.382,1.13157,1.13163,1.50,2.81
2016.08.15 14:15:05.433,1.13157,1.13162,1.50,1.00
2016.08.15 14:15:05.484,1.13157,1.13163,1.50,3.41
2016.08.15 14:15:05.535,1.13157,1.13162,1.00,1.67
2016.08.15 14:15:05.586,1.13158,1.13163,1.00,2.81
2016.08.15 14:15:05.638,1.13158,1.13163,1.00,1.69
2016.08.15 14:15:05.740,1.13158,1.13163,1.50,1.69
2016.08.15 14:15:05.791,1.13158,1.13163,1.50,1.50
2016.08.15 14:15:05.842,1.13158,1.13163,1.00,1.37
2016.08.15 14:15:06.132,1.13158,1.13163,1.00,1.31
2016.08.15 14:15:06.184,1.13157,1.13162,1.50,1.00
2016.08.15 14:15:06.286,1.13157,1.13162,2.25,1.00
2016.08.15 14:15:06.490,1.13157,1.13162,2.25,1.12
2016.08.15 14:15:06.541,1.13157,1.13162,2.32,1.12
2016.08.15 14:15:06.940,1.13156,1.13161,3.37,1.12
2016.08.15 14:15:06.991,1.13156,1.13161,2.25,1.12
2016.08.15 14:15:07.375,1.13156,1.13161,1.50,2.25
2016.08.15 14:15:07.426,1.13153,1.13158,2.32,1.00
2016.08.15 14:15:07.477,1.13153,1.13158,1.50,1.00
2016.08.15 14:15:07.528,1.13152,1.13159,1.12,2.10
2016.08.15 14:15:07.579,1.13152,1.13157,1.12,1.00
2016.08.15 14:15:07.629,1.13152,1.13157,1.50,1.00
2016.08.15 14:15:07.731,1.13152,1.13157,1.00,1.00
2016.08.15 14:15:07.833,1.13153,1.13158,1.50,1.00
2016.08.15 14:15:08.327,1.13153,1.13158,1.00,1.00
2016.08.15 14:15:08.633,1.13152,1.13157,2.25,1.00
2016.08.15 14:15:08.785,1.13152,1.13157,1.50,1.00
2016.08.15 14:15:08.836,1.13153,1.13157,1.00,1.00
2016.08.15 14:15:09.142,1.13153,1.13158,1.00,1.12
2016.08.15 14:15:09.452,1.13153,1.13157,1.00,1.00
2016.08.15 14:15:09.604,1.13153,1.13156,1.00,1.00
2016.08.15 14:15:09.655,1.13152,1.13156,1.00,1.00
2016.08.15 14:15:09.706,1.13152,1.13155,1.00,1.50
2016.08.15 14:15:09.757,1.13151,1.13155,1.00,1.50
2016.08.15 14:15:09.808,1.13151,1.13155,1.00,1.00
2016.08.15 14:15:09.910,1.13151,1.13155,1.00,1.50
2016.08.15 14:15:10.114,1.1315,1.13155,1.00,1.00
2016.08.15 14:15:10.164,1.1315,1.13153,1.00,1.00
2016.08.15 14:15:10.691,1.1315,1.13156,1.50,3.00
2016.08.15 14:15:10.743,1.13153,1.13155,1.00,1.50
2016.08.15 14:15:10.795,1.13153,1.13155,1.00,1.00
2016.08.15 14:15:10.846,1.13155,1.13156,1.00,1.00
2016.08.15 14:15:10.898,1.13156,1.13158,1.00,1.00
2016.08.15 14:15:10.949,1.13157,1.1316,1.00,3.19
2016.08.15 14:15:11.000,1.13157,1.1316,1.50,1.69
2016.08.15 14:15:11.052,1.13158,1.1316,1.00,1.50
2016.08.15 14:15:11.103,1.13158,1.1316,1.00,1.00
2016.08.15 14:15:11.154,1.13156,1.13161,1.10,1.00
2016.08.15 14:15:11.205,1.13156,1.13161,1.87,1.00
2016.08.15 14:15:11.446,1.13157,1.1316,1.00,1.00
2016.08.15 14:15:11.504,1.13155,1.1316,2.32,1.50
2016.08.15 14:15:11.556,1.13155,1.1316,1.10,1.50
2016.08.15 14:15:11.609,1.13154,1.13157,1.30,1.00
2016.08.15 14:15:11.661,1.13154,1.13157,1.20,1.00
2016.08.15 14:15:11.712,1.13152,1.13156,1.65,1.00
2016.08.15 14:15:11.763,1.13152,1.13156,2.77,1.00
2016.08.15 14:15:11.815,1.13152,1.13156,2.70,1.00
2016.08.15 14:15:11.866,1.13152,1.13156,1.57,1.00
2016.08.15 14:15:11.969,1.1315,1.13154,3.90,1.00
2016.08.15 14:15:12.273,1.1315,1.13155,1.12,1.50
2016.08.15 14:15:12.325,1.1315,1.13155,1.00,1.50
2016.08.15 14:15:12.529,1.13149,1.13154,1.65,1.00
2016.08.15 14:15:12.736,1.13151,1.13155,1.00,1.00
2016.08.15 14:15:12.839,1.13151,1.13155,1.50,1.00
2016.08.15 14:15:12.913,1.13151,1.13156,1.50,1.00
2016.08.15 14:15:13.200,1.13151,1.13156,1.95,1.00
2016.08.15 14:15:13.254,1.13152,1.13156,1.50,1.00
2016.08.15 14:15:13.463,1.13153,1.13158,1.00,1.12
2016.08.15 14:15:13.566,1.13153,1.1316,1.00,2.25
2016.08.15 14:15:13.770,1.13153,1.1316,1.00,1.87
2016.08.15 14:15:13.975,1.13154,1.1316,1.00,2.25
2016.08.15 14:15:14.318,1.13153,1.1316,1.50,1.87
2016.08.15 14:15:14.627,1.13153,1.1316,2.25,1.12
2016.08.15 14:15:14.940,1.13153,1.1316,2.25,1.87
2016.08.15 14:15:15.048,1.13154,1.1316,1.50,1.50
2016.08.15 14:15:15.099,1.13155,1.1316,1.00,1.00
2016.08.15 14:15:15.150,1.13157,1.1316,1.50,1.00
2016.08.15 14:15:15.201,1.13159,1.13161,1.00,2.06
2016.08.15 14:15:15.252,1.13158,1.1316,1.00,1.00
2016.08.15 14:15:15.354,1.13159,1.13163,1.00,1.00
2016.08.15 14:15:15.404,1.13159,1.13164,1.12,1.31
2016.08.15 14:15:15.455,1.13159,1.13164,1.12,1.25
2016.08.15 14:15:15.748,1.13161,1.13164,1.00,1.00
2016.08.15 14:15:16.018,1.13161,1.13165,1.00,1.87
2016.08.15 14:15:16.170,1.13161,1.13165,1.00,1.50
2016.08.15 14:15:16.221,1.1316,1.13165,1.00,1.00
2016.08.15 14:15:16.272,1.13159,1.13164,1.57,1.00
2016.08.15 14:15:16.475,1.1316,1.13164,1.10,1.00
2016.08.15 14:15:16.526,1.1316,1.13164,1.00,1.00
2016.08.15 14:15:16.627,1.1316,1.13164,1.10,1.00
2016.08.15 14:15:16.730,1.1316,1.13164,1.00,1.00
2016.08.15 14:15:17.161,1.13162,1.13166,1.50,3.00
2016.08.15 14:15:17.212,1.13162,1.13165,1.00,1.00
2016.08.15 14:15:17.263,1.13162,1.13165,1.00,1.50
2016.08.15 14:15:17.365,1.13161,1.13165,2.62,1.50
2016.08.15 14:15:17.417,1.13161,1.13165,3.37,1.00
2016.08.15 14:15:17.468,1.13162,1.13166,1.00,1.00
2016.08.15 14:15:17.519,1.13161,1.13166,1.50,1.00
2016.08.15 14:15:17.571,1.13163,1.13166,1.00,1.00
2016.08.15 14:15:17.622,1.13163,1.13167,1.50,1.31
2016.08.15 14:15:17.673,1.13163,1.13166,1.00,1.00
2016.08.15 14:15:17.724,1.13163,1.13165,1.00,1.00
2016.08.15 14:15:17.927,1.13163,1.13166,1.00,1.50
2016.08.15 14:15:18.518,1.13163,1.13167,1.50,1.25
2016.08.15 14:15:18.723,1.13163,1.13168,2.25,2.44
2016.08.15 14:15:18.876,1.13164,1.13167,1.00,1.25
2016.08.15 14:15:18.928,1.13164,1.13166,1.00,1.00
2016.08.15 14:15:18.979,1.13164,1.13168,1.00,1.12
2016.08.15 14:15:19.030,1.13164,1.13167,1.00,1.00
2016.08.15 14:15:19.081,1.13162,1.13168,1.50,1.00
2016.08.15 14:15:19.183,1.1316,1.13166,5.40,1.00
2016.08.15 14:15:19.235,1.1316,1.13165,3.07,1.00
2016.08.15 14:15:19.473,1.13161,1.13164,1.10,1.00
2016.08.15 14:15:19.525,1.13159,1.13164,1.65,1.00
2016.08.15 14:15:19.577,1.13159,1.13164,1.10,1.00
2016.08.15 14:15:19.628,1.13158,1.13164,2.77,1.35
2016.08.15 14:15:19.680,1.13158,1.13164,1.95,1.35
2016.08.15 14:15:19.731,1.13158,1.13164,1.87,1.00
2016.08.15 14:15:19.884,1.13158,1.13164,1.87,1.12
2016.08.15 14:15:19.935,1.13158,1.13164,1.87,1.72
2016.08.15 14:15:20.195,1.13158,1.13164,1.87,1.12
2016.08.15 14:15:20.749,1.13158,1.13163,1.87,1.00
2016.08.15 14:15:20.811,1.13158,1.13163,2.62,1.00
2016.08.15 14:15:21.846,1.13158,1.13164,2.62,1.00
2016.08.15 14:15:22.980,1.13158,1.13163,2.62,1.00
2016.08.15 14:15:23.132,1.13158,1.13163,1.87,1.00
2016.08.15 14:15:23.183,1.13158,1.13164,2.62,1.72
2016.08.15 14:15:23.234,1.13158,1.13162,2.62,1.00
2016.08.15 14:15:23.285,1.13158,1.13162,1.87,1.00
2016.08.15 14:15:23.685,1.13158,1.13163,2.62,1.12
2016.08.15 14:15:23.736,1.13158,1.1316,1.87,1.00
2016.08.15 14:15:23.787,1.13157,1.1316,1.00,1.00
2016.08.15 14:15:23.838,1.13156,1.1316,1.65,1.50
2016.08.15 14:15:23.889,1.13156,1.13159,1.10,1.00
2016.08.15 14:15:23.940,1.13154,1.13159,3.15,1.00
2016.08.15 14:15:23.991,1.13154,1.13159,1.07,1.00
2016.08.15 14:15:24.144,1.13154,1.13159,1.00,1.00
2016.08.15 14:15:24.194,1.13154,1.13159,1.00,1.12
2016.08.15 14:15:24.306,1.13154,1.1316,1.00,1.87
2016.08.15 14:15:24.357,1.13154,1.1316,1.00,2.62
2016.08.15 14:15:24.408,1.13154,1.1316,1.00,1.87
2016.08.15 14:15:24.459,1.13156,1.1316,1.00,1.12
2016.08.15 14:15:24.708,1.13156,1.1316,1.00,2.81
2016.08.15 14:15:24.760,1.13151,1.13155,1.57,1.00
2016.08.15 14:15:24.811,1.13152,1.13155,1.00,1.00
2016.08.15 14:15:24.863,1.13151,1.13156,1.20,1.00
2016.08.15 14:15:24.916,1.13151,1.13158,1.12,1.50
2016.08.15 14:15:25.068,1.13151,1.13157,1.12,1.00
2016.08.15 14:15:25.170,1.13151,1.13158,1.12,1.87
2016.08.15 14:15:25.221,1.13151,1.13158,1.12,1.50
2016.08.15 14:15:25.272,1.13151,1.13158,1.12,1.37
2016.08.15 14:15:25.920,1.13151,1.13158,1.12,1.75
2016.08.15 14:15:26.006,1.1315,1.13155,1.72,1.50
2016.08.15 14:15:26.057,1.1315,1.13155,1.65,1.50
2016.08.15 14:15:26.108,1.1315,1.13155,1.57,1.50
2016.08.15 14:15:26.261,1.1315,1.13155,1.10,1.50
2016.08.15 14:15:26.443,1.1315,1.13155,1.00,1.00
2016.08.15 14:15:26.494,1.13151,1.13156,1.00,2.25
2016.08.15 14:15:26.545,1.13151,1.13155,1.00,1.00
2016.08.15 14:15:26.770,1.13151,1.13156,1.00,2.25
2016.08.15 14:15:26.872,1.13151,1.13156,1.00,1.87
2016.08.15 14:15:27.132,1.1315,1.13155,1.00,1.00
2016.08.15 14:15:27.183,1.1315,1.13155,1.10,2.25
2016.08.15 14:15:27.584,1.1315,1.13155,1.00,1.50
2016.08.15 14:15:27.689,1.1315,1.13155,1.10,2.25
2016.08.15 14:15:27.848,1.1315,1.13155,1.00,1.50
2016.08.15 14:15:28.065,1.1315,1.13155,1.10,2.25
2016.08.15 14:15:29.308,1.13149,1.13154,1.20,1.12
2016.08.15 14:15:29.359,1.13148,1.13153,3.45,1.00
2016.08.15 14:15:29.410,1.13148,1.13154,2.62,1.50
2016.08.15 14:15:29.461,1.13149,1.13153,1.00,2.10
2016.08.15 14:15:29.512,1.13148,1.13152,1.50,1.60
2016.08.15 14:15:29.563,1.13148,1.13154,1.87,5.85
2016.08.15 14:15:29.801,1.13149,1.13154,1.00,4.91
2016.08.15 14:15:29.856,1.13149,1.13153,1.00,1.00
2016.08.15 14:15:29.907,1.13148,1.13153,1.50,2.10
2016.08.15 14:15:29.958,1.13148,1.13153,1.50,1.35
2016.08.15 14:15:30.110,1.13147,1.13152,1.50,1.00
2016.08.15 14:15:30.516,1.13147,1.13152,1.50,1.25
2016.08.15 14:15:30.850,1.13147,1.13153,1.50,1.54
2016.08.15 14:15:31.421,1.13148,1.13153,1.00,1.54
2016.08.15 14:15:31.472,1.13148,1.13153,1.00,1.19
2016.08.15 14:15:31.908,1.13148,1.13153,1.00,1.54
2016.08.15 14:15:32.581,1.13148,1.13153,1.00,1.19
2016.08.15 14:15:32.632,1.13148,1.13154,1.00,2.81
2016.08.15 14:15:33.234,1.13148,1.13153,1.00,1.12
2016.08.15 14:15:33.834,1.13147,1.13151,1.50,1.00
2016.08.15 14:15:34.037,1.13147,1.13153,1.00,2.06
2016.08.15 14:15:34.439,1.13148,1.13152,1.00,1.25
2016.08.15 14:15:34.835,1.13149,1.13153,1.00,1.31
2016.08.15 14:15:34.886,1.1315,1.13154,1.00,1.69
2016.08.15 14:15:34.937,1.13151,1.13155,1.50,1.50
2016.08.15 14:15:34.988,1.13151,1.13155,1.50,1.12
2016.08.15 14:15:35.039,1.13152,1.13155,1.00,1.00
2016.08.15 14:15:35.316,1.13152,1.13156,1.00,1.00
2016.08.15 14:15:35.521,1.13152,1.13156,1.00,1.12
2016.08.15 14:15:35.572,1.13151,1.13156,1.50,1.31
2016.08.15 14:15:35.624,1.13151,1.13156,1.50,2.29
2016.08.15 14:15:35.726,1.13151,1.13155,1.00,1.72
2016.08.15 14:15:35.827,1.13151,1.13155,1.00,1.12
2016.08.15 14:15:36.082,1.13151,1.13156,1.00,2.44
2016.08.15 14:15:36.133,1.13151,1.13156,1.50,2.85
2016.08.15 14:15:36.184,1.13152,1.13156,1.00,2.10
2016.08.15 14:15:36.526,1.13152,1.13156,1.50,2.10
2016.08.15 14:15:36.577,1.13152,1.13156,1.50,1.00
2016.08.15 14:15:37.093,1.13152,1.13157,1.50,1.00
2016.08.15 14:15:37.144,1.13152,1.13158,1.50,1.00
2016.08.15 14:15:37.399,1.13152,1.13159,1.50,2.44
2016.08.15 14:15:37.450,1.13152,1.13159,1.50,2.06
2016.08.15 14:15:37.501,1.13152,1.13159,1.00,2.06
2016.08.15 14:15:37.552,1.13152,1.13159,1.00,2.44
2016.08.15 14:15:37.603,1.13153,1.13159,1.00,2.44
2016.08.15 14:15:37.876,1.13153,1.13159,1.00,2.06
2016.08.15 14:15:37.946,1.13153,1.13159,1.00,1.69
2016.08.15 14:15:39.502,1.13153,1.13158,1.50,1.37
2016.08.15 14:15:39.554,1.13153,1.13158,1.00,1.75
2016.08.15 14:15:39.605,1.13152,1.13159,1.00,3.41
2016.08.15 14:15:39.656,1.13152,1.13156,1.00,1.00
2016.08.15 14:15:39.706,1.13152,1.13156,1.50,1.00
2016.08.15 14:15:40.858,1.13152,1.13157,1.50,1.50
2016.08.15 14:15:41.061,1.13152,1.13157,1.50,1.87
2016.08.15 14:15:41.111,1.13152,1.13157,1.50,1.37
2016.08.15 14:15:41.314,1.13153,1.13158,1.00,1.37
2016.08.15 14:15:41.365,1.13153,1.13159,1.00,4.31
2016.08.15 14:15:41.939,1.13153,1.13159,1.00,3.19
2016.08.15 14:15:42.299,1.13154,1.13158,1.50,1.12
2016.08.15 14:15:42.350,1.13154,1.13159,1.50,3.19
2016.08.15 14:15:42.401,1.13154,1.13159,1.50,1.69
2016.08.15 14:15:42.976,1.13154,1.13159,1.50,1.31
2016.08.15 14:15:43.053,1.13154,1.13159,1.50,1.69
2016.08.15 14:15:43.104,1.13154,1.13159,1.00,1.69
2016.08.15 14:15:43.155,1.13153,1.13158,1.00,1.12
2016.08.15 14:15:43.432,1.13153,1.13158,1.00,1.50
2016.08.15 14:15:44.040,1.13154,1.13158,1.00,1.00
2016.08.15 14:15:44.245,1.13154,1.13159,1.50,1.31
2016.08.15 14:15:44.298,1.13155,1.1316,1.00,2.81
2016.08.15 14:15:44.349,1.13155,1.1316,1.00,1.69
2016.08.15 14:15:44.401,1.13155,1.1316,1.00,2.25
2016.08.15 14:15:44.453,1.13153,1.1316,1.50,1.37
2016.08.15 14:15:44.504,1.13154,1.1316,1.00,1.37
2016.08.15 14:15:44.738,1.13156,1.13161,1.00,2.29
2016.08.15 14:15:44.790,1.13157,1.13162,1.00,1.69
2016.08.15 14:15:44.961,1.13157,1.13162,1.00,1.31
2016.08.15 14:15:45.217,1.13157,1.13162,1.50,1.31
2016.08.15 14:15:45.930,1.13157,1.13162,1.50,1.69
2016.08.15 14:15:45.981,1.13157,1.13162,1.50,1.94
2016.08.15 14:15:48.872,1.13157,1.13161,1.00,1.69
2016.08.15 14:15:49.075,1.13157,1.1316,1.00,1.12
2016.08.15 14:15:49.232,1.13157,1.1316,1.00,1.87
2016.08.15 14:15:49.752,1.13157,1.1316,1.00,1.50
2016.08.15 14:15:49.916,1.13157,1.1316,1.00,1.00
2016.08.15 14:15:50.218,1.13157,1.1316,1.00,1.50
2016.08.15 14:15:50.542,1.13155,1.13158,1.57,1.00
2016.08.15 14:15:50.644,1.13151,1.13155,2.40,1.50
2016.08.15 14:15:50.939,1.1315,1.13152,1.00,1.00
2016.08.15 14:15:50.990,1.13145,1.13149,6.15,1.00
2016.08.15 14:15:51.041,1.13145,1.13148,2.32,1.00
2016.08.15 14:15:51.092,1.13144,1.13148,3.37,1.00
2016.08.15 14:15:51.143,1.13144,1.13148,2.62,1.00
2016.08.15 14:15:51.194,1.13144,1.13148,1.50,1.00
2016.08.15 14:15:51.245,1.13143,1.13148,3.45,1.00
2016.08.15 14:15:51.296,1.13144,1.13148,1.12,1.00
2016.08.15 14:15:51.822,1.13142,1.13146,2.25,1.00
2016.08.15 14:15:51.874,1.13142,1.13146,2.62,1.00
2016.08.15 14:15:51.975,1.13142,1.13146,1.87,1.00
2016.08.15 14:15:52.516,1.13142,1.13146,1.12,1.00
2016.08.15 14:15:52.567,1.13144,1.13146,1.00,1.00
2016.08.15 14:15:52.771,1.13141,1.13144,1.20,1.00
2016.08.15 14:15:53.078,1.1314,1.13144,1.50,1.00
2016.08.15 14:15:53.373,1.1314,1.13144,1.00,1.00
2016.08.15 14:15:53.678,1.1314,1.13144,1.50,1.00
2016.08.15 14:15:53.780,1.1314,1.13142,1.00,1.00
2016.08.15 14:15:53.882,1.13139,1.13142,1.20,1.00
2016.08.15 14:15:54.388,1.13139,1.13143,1.20,1.00
2016.08.15 14:15:54.439,1.13139,1.13143,1.10,1.00
2016.08.15 14:15:54.489,1.13139,1.13143,1.00,1.00
2016.08.15 14:15:54.794,1.13141,1.13143,1.00,1.00
2016.08.15 14:15:55.782,1.13141,1.13142,1.00,1.00
2016.08.15 14:15:56.342,1.1314,1.13142,1.00,1.00
2016.08.15 14:15:57.486,1.13141,1.13143,1.00,1.00
2016.08.15 14:15:57.588,1.13141,1.13145,1.50,1.00
2016.08.15 14:15:57.639,1.13141,1.13146,1.50,1.25
2016.08.15 14:15:57.791,1.1314,1.13145,1.50,1.37
2016.08.15 14:15:57.842,1.13137,1.1314,6.00,1.50
2016.08.15 14:15:57.913,1.13137,1.13139,1.87,1.37
2016.08.15 14:15:58.157,1.13136,1.13137,1.50,1.25
2016.08.15 14:15:58.211,1.1313,1.13135,1.87,1.00
2016.08.15 14:15:58.263,1.1313,1.13135,4.12,1.50
2016.08.15 14:15:58.315,1.13131,1.13135,1.00,1.00
2016.08.15 14:15:58.367,1.1313,1.13136,1.00,1.00
2016.08.15 14:15:58.471,1.1313,1.13135,1.00,1.00
2016.08.15 14:15:58.573,1.13131,1.13136,1.00,1.00
2016.08.15 14:15:59.018,1.1313,1.13134,1.20,1.00
2016.08.15 14:15:59.120,1.13132,1.13135,1.00,1.00
2016.08.15 14:15:59.171,1.13132,1.13136,1.00,1.00
2016.08.15 14:15:59.691,1.13131,1.13135,1.00,1.50
2016.08.15 14:15:59.845,1.13131,1.13137,1.00,1.25
2016.08.15 14:16:00.087,1.1313,1.13135,1.65,1.00
2016.08.15 14:16:00.139,1.13131,1.13135,1.00,1.00
2016.08.15 14:16:00.190,1.13131,1.13135,1.00,1.50
2016.08.15 14:16:00.295,1.13131,1.13135,1.00,1.00
2016.08.15 14:16:00.346,1.13131,1.13135,1.00,1.00
2016.08.15 14:16:00.398,1.13131,1.13135,1.50,1.00
2016.08.15 14:16:00.449,1.13132,1.13135,1.00,1.00
2016.08.15 14:16:00.500,1.13132,1.13135,1.00,1.50
2016.08.15 14:16:00.868,1.13131,1.13135,1.00,1.50
2016.08.15 14:16:00.919,1.13131,1.13135,1.00,1.00
2016.08.15 14:16:00.970,1.13131,1.13136,1.00,1.12
2016.08.15 14:16:01.021,1.13131,1.13136,1.00,1.00
2016.08.15 14:16:01.333,1.13131,1.13136,1.50,1.00
2016.08.15 14:16:01.700,1.13131,1.13136,1.00,1.00
2016.08.15 14:16:01.754,1.13131,1.13136,1.50,1.00
2016.08.15 14:16:01.855,1.13131,1.13136,1.00,1.00
2016.08.15 14:16:02.515,1.13131,1.13135,1.00,1.00
2016.08.15 14:16:02.592,1.1313,1.13136,1.65,1.50
2016.08.15 14:16:02.652,1.1313,1.13136,1.20,2.25
2016.08.15 14:16:02.753,1.1313,1.13135,1.20,1.00
2016.08.15 14:16:02.856,1.1313,1.13136,1.20,2.25
2016.08.15 14:16:02.912,1.1313,1.13136,1.20,1.87
2016.08.15 14:16:03.069,1.1313,1.13135,1.20,1.00
2016.08.15 14:16:03.253,1.1313,1.13136,1.20,1.87
2016.08.15 14:16:03.685,1.1313,1.13135,1.20,1.00
2016.08.15 14:16:03.811,1.1313,1.13135,1.65,1.00
2016.08.15 14:16:03.862,1.13131,1.13136,1.00,1.50
2016.08.15 14:16:03.964,1.13131,1.13135,1.00,1.00
2016.08.15 14:16:04.356,1.13131,1.13136,1.00,1.50
2016.08.15 14:16:04.979,1.13131,1.13135,1.00,1.00
2016.08.15 14:16:05.715,1.13132,1.13135,1.00,1.00
2016.08.15 14:16:06.011,1.13133,1.13139,1.00,1.69
2016.08.15 14:16:06.063,1.13133,1.13139,1.00,1.00
2016.08.15 14:16:06.114,1.13134,1.13139,1.00,1.00
2016.08.15 14:16:06.216,1.13135,1.13139,1.00,1.00
2016.08.15 14:16:06.318,1.13134,1.13139,1.50,1.00
2016.08.15 14:16:08.426,1.13135,1.13139,1.00,1.00
2016.08.15 14:16:08.477,1.13135,1.1314,1.00,1.50
2016.08.15 14:16:08.682,1.13133,1.1314,2.62,1.50
2016.08.15 14:16:08.735,1.13133,1.13138,2.62,1.00
2016.08.15 14:16:08.787,1.13133,1.13138,1.12,1.00
2016.08.15 14:16:08.838,1.13133,1.13138,1.00,1.00
2016.08.15 14:16:09.282,1.13135,1.13139,1.00,1.00
2016.08.15 14:16:09.456,1.13134,1.13139,1.00,1.30
2016.08.15 14:16:09.507,1.13134,1.13139,1.00,2.10
2016.08.15 14:16:09.558,1.13134,1.13139,1.00,2.85
2016.08.15 14:16:09.609,1.13133,1.13138,1.00,1.12
2016.08.15 14:16:09.711,1.13132,1.13137,1.50,1.12
2016.08.15 14:16:09.813,1.13132,1.13137,1.00,1.75
2016.08.15 14:16:10.121,1.13132,1.13136,1.00,1.00
2016.08.15 14:16:10.172,1.13131,1.13136,1.50,1.50
2016.08.15 14:16:10.224,1.13131,1.13136,1.00,1.50
2016.08.15 14:16:10.550,1.13131,1.13136,1.00,1.69
2016.08.15 14:16:10.602,1.1313,1.13136,2.32,1.69
2016.08.15 14:16:10.653,1.13132,1.13136,1.00,1.69
2016.08.15 14:16:10.703,1.13132,1.13136,1.00,1.25
2016.08.15 14:16:10.857,1.13131,1.13135,1.50,1.00
2016.08.15 14:16:11.152,1.13131,1.13135,1.00,1.00
2016.08.15 14:16:11.203,1.13131,1.13135,1.00,1.50
2016.08.15 14:16:11.254,1.1313,1.13135,1.50,1.50
2016.08.15 14:16:11.305,1.1313,1.13135,1.00,1.00
2016.08.15 14:16:11.374,1.1313,1.13135,1.00,1.50
2016.08.15 14:16:11.593,1.13131,1.13135,1.00,1.00
2016.08.15 14:16:11.695,1.13131,1.13136,1.00,2.44
2016.08.15 14:16:11.818,1.13131,1.13136,1.00,1.69
2016.08.15 14:16:11.924,1.13131,1.13136,1.00,1.25
2016.08.15 14:16:12.588,1.13132,1.13137,1.00,1.00
2016.08.15 14:16:14.336,1.13132,1.13137,1.50,1.00
2016.08.15 14:16:14.587,1.13137,1.13139,1.00,1.12
2016.08.15 14:16:14.639,1.13138,1.13144,1.50,1.31
2016.08.15 14:16:14.690,1.13138,1.13144,1.50,1.69
2016.08.15 14:16:14.911,1.13138,1.13145,1.50,3.19
2016.08.15 14:16:15.225,1.13138,1.13145,1.50,3.94
2016.08.15 14:16:15.276,1.13138,1.13145,2.25,3.94
2016.08.15 14:16:15.327,1.13141,1.13144,1.00,1.19
2016.08.15 14:16:15.605,1.13142,1.13147,1.00,2.62
2016.08.15 14:16:15.656,1.13142,1.13145,1.00,1.00
2016.08.15 14:16:16.029,1.13142,1.13144,1.00,1.50
2016.08.15 14:16:16.081,1.13141,1.13144,1.00,1.35
2016.08.15 14:16:16.492,1.13142,1.13144,1.00,1.67
2016.08.15 14:16:16.544,1.1314,1.13142,1.00,1.00
2016.08.15 14:16:16.951,1.13142,1.13145,1.00,2.10
2016.08.15 14:16:17.160,1.13142,1.13144,1.00,1.30
2016.08.15 14:16:17.410,1.1314,1.13143,1.00,1.00
2016.08.15 14:16:17.692,1.13141,1.13145,1.00,3.60
2016.08.15 14:16:17.743,1.13141,1.13144,1.00,1.12
2016.08.15 14:16:17.794,1.13141,1.13145,2.25,1.37
2016.08.15 14:16:17.845,1.13143,1.13145,1.00,1.87
2016.08.15 14:16:17.896,1.13144,1.13145,1.50,1.00
2016.08.15 14:16:18.225,1.13144,1.13146,2.25,1.00
2016.08.15 14:16:18.277,1.13144,1.13148,1.50,1.12
2016.08.15 14:16:18.379,1.13145,1.1315,1.00,2.62
2016.08.15 14:16:18.430,1.13145,1.1315,1.00,4.12
2016.08.15 14:16:18.532,1.13145,1.1315,1.50,3.37
2016.08.15 14:16:18.583,1.13145,1.1315,1.50,2.25
2016.08.15 14:16:18.838,1.13145,1.1315,1.00,1.50
2016.08.15 14:16:18.940,1.13148,1.1315,1.00,1.50
2016.08.15 14:16:19.042,1.13149,1.13151,1.00,1.37
2016.08.15 14:16:19.093,1.13149,1.13153,1.00,1.87
2016.08.15 14:16:19.325,1.13149,1.13153,1.00,1.75
2016.08.15 14:16:19.377,1.13149,1.13153,1.00,2.10
2016.08.15 14:16:19.428,1.13148,1.13152,1.87,1.00
2016.08.15 14:16:19.479,1.13148,1.13152,1.00,1.00
2016.08.15 14:16:19.529,1.13149,1.13153,1.00,1.67
2016.08.15 14:16:19.581,1.13148,1.13152,1.00,1.30
2016.08.15 14:16:19.632,1.13149,1.13152,1.00,1.35
2016.08.15 14:16:19.682,1.13149,1.13152,1.00,1.50
2016.08.15 14:16:19.784,1.13149,1.13153,1.00,3.37
2016.08.15 14:16:20.334,1.13149,1.13153,1.00,2.25
2016.08.15 14:16:20.386,1.13149,1.13153,1.00,1.50
2016.08.15 14:16:20.437,1.13149,1.13152,1.00,1.37
2016.08.15 14:16:20.488,1.13148,1.13151,1.00,1.30
2016.08.15 14:16:20.540,1.13148,1.13151,1.00,1.67
2016.08.15 14:16:20.644,1.13147,1.13152,1.00,2.85
2016.08.15 14:16:20.848,1.13147,1.13152,1.00,2.10
2016.08.15 14:16:20.950,1.13147,1.13151,1.00,1.35
2016.08.15 14:16:21.245,1.13147,1.13151,1.87,1.30
2016.08.15 14:16:21.297,1.13149,1.13153,1.00,1.67
2016.08.15 14:16:21.348,1.1315,1.13153,1.00,1.12
2016.08.15 14:16:21.415,1.13149,1.13153,2.25,1.12
2016.08.15 14:16:21.467,1.13149,1.13153,2.25,1.00
2016.08.15 14:16:21.519,1.13149,1.13155,3.00,1.00
2016.08.15 14:16:21.621,1.1315,1.13155,1.00,1.50
2016.08.15 14:16:21.723,1.1315,1.13155,1.00,1.00
2016.08.15 14:16:21.808,1.1315,1.13155,1.50,1.50
2016.08.15 14:16:22.113,1.1315,1.13156,1.00,2.02
2016.08.15 14:16:22.165,1.1315,1.13156,1.00,2.62
2016.08.15 14:16:22.217,1.1315,1.13156,2.25,1.27
2016.08.15 14:16:22.319,1.13151,1.13156,1.00,1.95
2016.08.15 14:16:22.370,1.13151,1.13156,1.00,2.47
2016.08.15 14:16:22.421,1.13151,1.13156,1.00,2.10
2016.08.15 14:16:22.575,1.13151,1.13156,1.00,2.85
2016.08.15 14:16:22.728,1.13151,1.13155,1.00,1.35
2016.08.15 14:16:23.228,1.13151,1.13154,1.00,1.67
2016.08.15 14:16:23.279,1.13151,1.13155,1.00,1.35
2016.08.15 14:16:23.626,1.1315,1.13154,1.50,1.67
2016.08.15 14:16:23.677,1.13151,1.13156,1.00,3.97
2016.08.15 14:16:23.988,1.13151,1.13154,1.00,1.87
2016.08.15 14:16:24.044,1.1315,1.13154,1.00,3.22
2016.08.15 14:16:24.369,1.1315,1.13154,1.00,2.10
2016.08.15 14:16:24.653,1.1315,1.13154,1.00,1.67
2016.08.15 14:16:24.755,1.1315,1.13154,1.50,1.67
2016.08.15 14:16:24.806,1.1315,1.13154,1.50,2.85
2016.08.15 14:16:24.857,1.1315,1.13152,1.00,1.30
2016.08.15 14:16:24.909,1.13149,1.13152,2.25,1.30
2016.08.15 14:16:24.960,1.1315,1.13153,1.00,2.47
2016.08.15 14:16:25.010,1.1315,1.13152,1.00,1.67
2016.08.15 14:16:25.163,1.13149,1.13152,1.50,1.67
2016.08.15 14:16:25.215,1.1315,1.13152,1.00,1.67
2016.08.15 14:16:25.489,1.13149,1.13152,1.50,1.67
2016.08.15 14:16:25.540,1.1315,1.13152,1.00,1.67
2016.08.15 14:16:25.591,1.1315,1.13153,1.00,1.35
2016.08.15 14:16:25.642,1.13149,1.13153,1.50,1.35
2016.08.15 14:16:25.859,1.13149,1.13154,1.50,4.72
2016.08.15 14:16:25.910,1.13149,1.13153,1.50,1.67
2016.08.15 14:16:25.961,1.1315,1.13153,1.00,1.67
2016.08.15 14:16:26.012,1.1315,1.13153,1.50,1.67
2016.08.15 14:16:26.114,1.1315,1.13154,1.50,2.10
2016.08.15 14:16:26.164,1.1315,1.13154,1.50,2.62
2016.08.15 14:16:26.602,1.1315,1.13155,1.50,3.00
2016.08.15 14:16:26.653,1.1315,1.13155,1.50,3.75
2016.08.15 14:16:26.704,1.1315,1.13153,1.50,1.00
2016.08.15 14:16:26.755,1.1315,1.13153,1.00,1.00
2016.08.15 14:16:26.919,1.13151,1.13155,1.00,2.85
2016.08.15 14:16:26.970,1.13151,1.13155,1.00,1.12
2016.08.15 14:16:27.020,1.13151,1.13155,1.00,2.05
2016.08.15 14:16:27.395,1.13151,1.13154,1.00,1.00
2016.08.15 14:16:27.446,1.13151,1.13155,1.00,1.67
2016.08.15 14:16:28.034,1.13151,1.13155,1.00,2.10
2016.08.15 14:16:28.116,1.1315,1.13155,1.00,2.47
2016.08.15 14:16:28.323,1.13151,1.13154,1.00,1.00
2016.08.15 14:16:28.428,1.13151,1.13155,1.00,2.25
2016.08.15 14:16:28.734,1.13151,1.13155,1.00,3.00
2016.08.15 14:16:28.785,1.1315,1.13154,1.50,1.37
2016.08.15 14:16:28.836,1.1315,1.13154,1.50,1.50
2016.08.15 14:16:29.093,1.1315,1.13154,1.00,1.50
2016.08.15 14:16:29.196,1.1315,1.13154,1.00,1.12
2016.08.15 14:16:29.247,1.1315,1.13154,1.50,1.00
2016.08.15 14:16:29.298,1.13151,1.13155,1.00,2.25
2016.08.15 14:16:29.400,1.13151,1.13155,1.00,2.85
2016.08.15 14:16:29.452,1.13151,1.13155,1.00,2.10
2016.08.15 14:16:30.446,1.13151,1.13155,1.00,1.50
2016.08.15 14:16:31.350,1.13151,1.13155,1.00,2.10
2016.08.15 14:16:31.452,1.13151,1.13154,1.00,1.00
2016.08.15 14:16:36.897,1.13149,1.13152,1.50,1.37
2016.08.15 14:16:36.948,1.13146,1.1315,1.69,1.30
2016.08.15 14:16:36.999,1.13146,1.13151,1.00,2.47
2016.08.15 14:16:37.050,1.13146,1.13151,1.00,2.10
2016.08.15 14:16:37.306,1.13146,1.13151,1.00,2.85
2016.08.15 14:16:38.059,1.13146,1.13148,1.00,1.00
2016.08.15 14:16:38.125,1.13142,1.13147,1.00,1.00
2016.08.15 14:16:38.176,1.13142,1.13147,1.00,1.12
2016.08.15 14:16:38.227,1.13142,1.13147,1.00,1.50
2016.08.15 14:16:38.659,1.13142,1.13147,1.00,1.87
2016.08.15 14:16:39.097,1.13141,1.13144,1.00,1.00
2016.08.15 14:16:39.301,1.13141,1.13145,1.00,1.87
2016.08.15 14:16:39.555,1.13141,1.13145,1.00,1.37
2016.08.15 14:16:40.438,1.13137,1.13143,1.00,1.87
2016.08.15 14:16:40.557,1.13137,1.13143,1.00,2.85
2016.08.15 14:16:40.609,1.13137,1.13142,1.00,1.37
2016.08.15 14:16:40.660,1.13136,1.13142,1.25,1.37
2016.08.15 14:16:40.711,1.13136,1.13141,1.25,2.62
2016.08.15 14:16:40.762,1.13136,1.13141,1.25,3.22
2016.08.15 14:16:40.814,1.13135,1.1314,3.19,2.10
2016.08.15 14:16:40.865,1.13135,1.1314,2.44,3.22
2016.08.15 14:16:41.163,1.13135,1.13139,1.00,1.50
2016.08.15 14:16:41.219,1.13135,1.13139,1.00,2.25
2016.08.15 14:16:41.321,1.13135,1.13138,1.50,1.00
2016.08.15 14:16:41.474,1.13135,1.13139,1.50,2.25
2016.08.15 14:16:41.525,1.13135,1.13139,1.00,2.25
2016.08.15 14:16:41.627,1.13135,1.13139,1.50,1.50
2016.08.15 14:16:41.678,1.13135,1.1314,1.50,3.37
2016.08.15 14:16:41.729,1.13136,1.1314,1.00,3.00
2016.08.15 14:16:41.970,1.13136,1.1314,1.00,3.37
2016.08.15 14:16:42.021,1.13137,1.1314,1.00,2.62
2016.08.15 14:16:42.072,1.13137,1.1314,1.00,1.12
2016.08.15 14:16:42.123,1.13137,1.13141,1.00,1.00
2016.08.15 14:16:42.174,1.13137,1.13142,1.00,2.40
2016.08.15 14:16:42.225,1.13137,1.13142,1.00,2.32
2016.08.15 14:16:42.276,1.13137,1.13142,1.00,3.00
2016.08.15 14:16:43.196,1.13137,1.13142,1.00,3.75
2016.08.15 14:16:43.798,1.13137,1.13142,1.00,3.00
2016.08.15 14:16:43.900,1.13136,1.13141,1.00,1.12
2016.08.15 14:16:44.416,1.13136,1.13141,1.00,2.25
2016.08.15 14:16:44.508,1.13136,1.1314,1.00,1.87
2016.08.15 14:16:44.661,1.13135,1.1314,1.50,1.87
2016.08.15 14:16:44.713,1.13135,1.1314,1.00,1.87
2016.08.15 14:16:44.814,1.13135,1.1314,1.50,1.87
2016.08.15 14:16:45.401,1.13135,1.1314,1.00,1.87
2016.08.15 14:16:45.503,1.13135,1.1314,1.50,1.87
2016.08.15 14:16:46.522,1.13135,1.1314,1.00,1.87
2016.08.15 14:16:46.595,1.13135,1.1314,1.50,1.87
2016.08.15 14:16:46.836,1.13135,1.1314,1.50,2.62
2016.08.15 14:16:47.104,1.13135,1.1314,1.00,1.87
2016.08.15 14:16:47.239,1.13135,1.1314,1.50,2.62
2016.08.15 14:16:47.632,1.13135,1.1314,1.00,1.87
2016.08.15 14:16:48.294,1.13135,1.1314,1.50,2.62
2016.08.15 14:16:48.457,1.13135,1.1314,1.50,3.00
2016.08.15 14:16:48.508,1.13135,1.1314,1.00,2.25
2016.08.15 14:16:49.310,1.13135,1.1314,1.50,3.00
2016.08.15 14:16:49.489,1.13135,1.1314,1.50,1.87
2016.08.15 14:16:49.697,1.13135,1.1314,1.00,1.12
2016.08.15 14:16:49.993,1.13135,1.13139,1.00,1.00
2016.08.15 14:16:51.537,1.13135,1.13139,1.50,1.00
2016.08.15 14:16:52.362,1.13135,1.13139,1.00,1.00
2016.08.15 14:16:53.572,1.13135,1.13139,1.50,1.00
2016.08.15 14:16:58.282,1.13134,1.13139,1.50,1.00
2016.08.15 14:16:58.354,1.13135,1.13139,1.00,1.00
2016.08.15 14:16:58.712,1.13134,1.13139,1.50,1.00
2016.08.15 14:16:58.814,1.13135,1.1314,1.00,2.25
2016.08.15 14:16:58.865,1.13135,1.1314,1.25,2.62
2016.08.15 14:16:58.916,1.13135,1.1314,1.69,2.62
2016.08.15 14:16:58.967,1.13135,1.1314,2.44,2.62
2016.08.15 14:17:00.003,1.13135,1.1314,2.44,1.87
2016.08.15 14:17:00.054,1.13135,1.1314,3.19,1.87
2016.08.15 14:17:00.224,1.13135,1.1314,2.44,1.87
2016.08.15 14:17:00.788,1.13135,1.1314,2.44,2.25
2016.08.15 14:17:00.869,1.13135,1.1314,2.44,1.87
2016.08.15 14:17:01.738,1.13135,1.13139,1.69,1.00
2016.08.15 14:17:03.488,1.13135,1.13139,2.44,1.00
2016.08.15 14:17:03.539,1.13135,1.13139,1.69,1.00
2016.08.15 14:17:04.115,1.13136,1.1314,1.50,1.87
2016.08.15 14:17:04.527,1.13136,1.1314,1.50,1.12
2016.08.15 14:17:04.599,1.13136,1.1314,1.50,1.87
2016.08.15 14:17:04.701,1.13136,1.1314,1.00,1.87
2016.08.15 14:17:04.752,1.13136,1.1314,1.00,1.12
2016.08.15 14:17:04.853,1.13136,1.1314,1.00,1.87
2016.08.15 14:17:05.259,1.13136,1.1314,1.00,1.12
2016.08.15 14:17:05.514,1.13136,1.1314,1.00,1.87
2016.08.15 14:17:05.667,1.13136,1.1314,1.00,2.25
2016.08.15 14:17:06.147,1.13136,1.1314,1.00,1.50
2016.08.15 14:17:06.249,1.13136,1.1314,1.00,2.25
2016.08.15 14:17:07.267,1.13136,1.1314,1.00,1.12
2016.08.15 14:17:07.369,1.13136,1.1314,1.00,1.87
2016.08.15 14:17:07.733,1.13136,1.1314,1.00,1.12
2016.08.15 14:17:07.886,1.13138,1.13141,1.00,2.25
2016.08.15 14:17:08.055,1.13138,1.13141,1.00,3.00
2016.08.15 14:17:08.106,1.13138,1.13141,1.00,1.87
2016.08.15 14:17:08.616,1.13138,1.13141,1.00,1.37
2016.08.15 14:17:09.205,1.13138,1.13142,1.00,3.00
2016.08.15 14:17:09.307,1.13138,1.13142,1.00,2.62
2016.08.15 14:17:09.409,1.13138,1.13142,1.00,3.00
2016.08.15 14:17:10.694,1.13138,1.13142,1.00,3.22
2016.08.15 14:17:10.796,1.13137,1.1314,1.00,1.50
2016.08.15 14:17:10.898,1.13137,1.13139,1.00,1.00
2016.08.15 14:17:10.949,1.13135,1.13139,1.00,2.25
2016.08.15 14:17:11.194,1.13135,1.13139,1.00,3.00
2016.08.15 14:17:11.282,1.13132,1.13137,1.00,1.75
2016.08.15 14:17:12.107,1.13132,1.13136,1.00,1.50
2016.08.15 14:17:12.877,1.13132,1.13137,1.00,1.75
2016.08.15 14:17:12.927,1.13132,1.13137,1.50,1.75
2016.08.15 14:17:13.168,1.13132,1.13138,1.50,1.12
2016.08.15 14:17:13.231,1.13134,1.13138,1.00,1.87
2016.08.15 14:17:13.590,1.13134,1.13138,1.00,1.12
2016.08.15 14:17:14.940,1.13134,1.13139,1.00,1.87
2016.08.15 14:17:14.991,1.13135,1.1314,1.00,4.12
2016.08.15 14:17:15.042,1.13135,1.1314,1.00,2.25
2016.08.15 14:17:15.093,1.13135,1.1314,1.00,1.87
2016.08.15 14:17:15.195,1.13137,1.1314,1.00,1.37
2016.08.15 14:17:15.246,1.13138,1.1314,1.00,1.00
2016.08.15 14:17:15.551,1.13141,1.13144,1.00,1.87
2016.08.15 14:17:15.602,1.13144,1.13149,1.00,1.12
2016.08.15 14:17:15.654,1.13144,1.13149,1.50,1.12
2016.08.15 14:17:15.806,1.13144,1.13149,1.50,1.50
2016.08.15 14:17:15.858,1.13145,1.13149,1.00,1.00
2016.08.15 14:17:15.909,1.13145,1.1315,1.00,2.62
2016.08.15 14:17:15.960,1.13145,1.1315,1.00,2.25
2016.08.15 14:17:16.011,1.13145,1.1315,1.00,1.87
2016.08.15 14:17:16.113,1.13144,1.13148,1.00,1.00
2016.08.15 14:17:16.164,1.13145,1.1315,1.00,1.12
2016.08.15 14:17:16.215,1.13145,1.13151,1.00,4.12
2016.08.15 14:17:16.552,1.13145,1.1315,1.50,1.12
2016.08.15 14:17:16.603,1.13145,1.13151,1.00,4.12
2016.08.15 14:17:16.674,1.13145,1.1315,1.50,1.12
2016.08.15 14:17:16.780,1.13145,1.13151,1.00,4.12
2016.08.15 14:17:16.831,1.13144,1.13149,1.37,1.37
2016.08.15 14:17:16.932,1.13144,1.13149,1.37,1.50
2016.08.15 14:17:17.137,1.13146,1.1315,1.00,2.25
2016.08.15 14:17:17.340,1.13145,1.1315,1.87,2.25
2016.08.15 14:17:17.391,1.13145,1.1315,1.12,2.25
2016.08.15 14:17:18.020,1.13149,1.13151,1.20,1.50
2016.08.15 14:17:18.115,1.13154,1.13158,1.00,1.37
2016.08.15 14:17:18.166,1.13154,1.13155,1.00,1.00
2016.08.15 14:17:18.269,1.13151,1.13156,1.25,1.12
2016.08.15 14:17:18.320,1.13151,1.13155,1.69,1.00
2016.08.15 14:17:18.371,1.13151,1.13155,1.50,1.00
2016.08.15 14:17:18.422,1.13151,1.13154,1.00,1.00
2016.08.15 14:17:18.770,1.13151,1.13154,1.00,1.37
2016.08.15 14:17:18.823,1.13149,1.13153,1.69,1.12
2016.08.15 14:17:18.975,1.13151,1.13153,1.00,1.12
2016.08.15 14:17:19.077,1.13151,1.13155,1.00,2.25
2016.08.15 14:17:19.128,1.13151,1.13155,1.00,1.75
2016.08.15 14:17:19.283,1.13151,1.13155,1.00,2.25
2016.08.15 14:17:19.773,1.13151,1.13155,1.50,2.25
2016.08.15 14:17:19.824,1.13151,1.13155,1.50,1.75
2016.08.15 14:17:20.298,1.13152,1.13153,1.00,1.00
2016.08.15 14:17:20.451,1.13152,1.13154,1.00,1.50
2016.08.15 14:17:21.050,1.13153,1.13155,1.50,1.37
2016.08.15 14:17:21.103,1.13153,1.13157,1.00,1.37
2016.08.15 14:17:21.154,1.13153,1.13155,1.00,1.37
2016.08.15 14:17:21.205,1.13153,1.13154,1.00,1.00
2016.08.15 14:17:21.399,1.13153,1.13158,1.00,3.22
2016.08.15 14:17:21.452,1.13153,1.13156,1.00,2.62
2016.08.15 14:17:21.503,1.13153,1.13155,1.00,2.25
2016.08.15 14:17:22.205,1.13153,1.13155,1.50,1.50
2016.08.15 14:17:22.257,1.13154,1.13155,1.00,1.00
2016.08.15 14:17:22.742,1.13152,1.13157,2.44,1.50
2016.08.15 14:17:22.793,1.13153,1.13156,1.25,1.12
2016.08.15 14:17:22.844,1.13155,1.13157,1.00,1.87
2016.08.15 14:17:22.920,1.13154,1.13156,1.00,1.12
2016.08.15 14:17:22.971,1.13153,1.13156,1.25,1.00
2016.08.15 14:17:23.022,1.13153,1.13157,1.25,1.12
2016.08.15 14:17:23.073,1.13152,1.13156,1.69,1.00
2016.08.15 14:17:23.352,1.13154,1.13157,1.00,1.00
2016.08.15 14:17:25.773,1.13154,1.13158,1.50,1.50
2016.08.15 14:17:26.500,1.13154,1.13158,1.50,1.12
2016.08.15 14:17:26.652,1.13155,1.13159,1.00,1.50
2016.08.15 14:17:27.804,1.13157,1.13159,1.00,1.00
2016.08.15 14:17:27.855,1.13154,1.1316,2.25,2.62
2016.08.15 14:17:27.908,1.13154,1.1316,2.25,1.87
2016.08.15 14:17:28.009,1.13154,1.1316,2.25,2.62
2016.08.15 14:17:28.113,1.13154,1.1316,2.25,1.87
2016.08.15 14:17:28.712,1.13154,1.1316,1.50,2.62
2016.08.15 14:17:29.216,1.13153,1.13156,1.25,1.75
2016.08.15 14:17:29.267,1.13151,1.13156,2.96,1.75
2016.08.15 14:17:29.318,1.13151,1.13155,1.84,1.04
2016.08.15 14:17:29.369,1.13151,1.13154,2.59,1.00
2016.08.15 14:17:29.420,1.13151,1.13154,2.44,1.29
2016.08.15 14:17:29.471,1.13151,1.13153,2.44,1.04
2016.08.15 14:17:29.803,1.13151,1.13153,1.00,1.41
2016.08.15 14:17:29.854,1.13148,1.13152,2.62,1.00
2016.08.15 14:17:29.960,1.13148,1.13152,3.37,1.00
2016.08.15 14:17:30.296,1.13148,1.13151,2.62,1.00
2016.08.15 14:17:30.347,1.13149,1.13154,1.00,1.79
2016.08.15 14:17:30.695,1.13148,1.13153,1.87,1.41
2016.08.15 14:17:31.060,1.13148,1.13153,1.50,1.41
2016.08.15 14:17:31.139,1.13148,1.13151,1.50,1.00
2016.08.15 14:17:31.419,1.13149,1.13153,1.00,1.41
2016.08.15 14:17:31.471,1.1315,1.13153,1.00,1.41
2016.08.15 14:17:31.522,1.1315,1.13154,1.50,1.00
2016.08.15 14:17:31.573,1.13152,1.13155,1.00,3.00
2016.08.15 14:17:31.624,1.13153,1.13155,1.00,1.50
2016.08.15 14:17:31.675,1.13152,1.13154,1.00,1.00
2016.08.15 14:17:32.013,1.1315,1.13154,1.10,1.00
2016.08.15 14:17:32.289,1.13148,1.13153,1.65,1.00
2016.08.15 14:17:32.392,1.13148,1.13153,1.50,1.00
2016.08.15 14:17:32.544,1.13148,1.13152,1.00,1.00
2016.08.15 14:17:32.798,1.13146,1.13149,2.06,1.00
2016.08.15 14:17:32.849,1.13146,1.13149,1.31,1.00
2016.08.15 14:17:32.911,1.13145,1.13148,3.56,1.00
2016.08.15 14:17:32.963,1.13145,1.13147,1.00,1.00
2016.08.15 14:17:33.014,1.13143,1.13147,3.19,1.00
2016.08.15 14:17:33.293,1.13143,1.13147,2.44,1.00
2016.08.15 14:17:33.344,1.13145,1.13149,1.50,1.00
2016.08.15 14:17:33.395,1.13145,1.13149,2.25,1.00
2016.08.15 14:17:33.497,1.13146,1.13149,1.50,1.00
2016.08.15 14:17:33.657,1.13146,1.13149,1.00,1.00
2016.08.15 14:17:33.934,1.13146,1.1315,1.00,1.00
2016.08.15 14:17:33.986,1.13147,1.1315,1.50,1.00
2016.08.15 14:17:34.189,1.13148,1.1315,1.00,1.00
2016.08.15 14:17:34.640,1.13148,1.13151,1.00,1.50
2016.08.15 14:17:34.823,1.13148,1.1315,1.00,1.00
2016.08.15 14:17:35.752,1.13148,1.1315,1.00,1.00
2016.08.15 14:17:35.803,1.13145,1.13148,1.01,1.00
2016.08.15 14:17:35.854,1.13145,1.13148,1.10,1.00
2016.08.15 14:17:35.905,1.13144,1.13147,1.07,1.00
2016.08.15 14:17:35.956,1.13144,1.13147,1.00,1.00
2016.08.15 14:17:36.007,1.13145,1.13148,1.00,1.00
2016.08.15 14:17:36.211,1.13143,1.13147,1.00,1.00
2016.08.15 14:17:36.416,1.13142,1.13148,1.25,1.00
2016.08.15 14:17:36.670,1.13142,1.13146,1.69,1.00
2016.08.15 14:17:36.721,1.13143,1.13146,1.00,1.00
2016.08.15 14:17:37.343,1.13143,1.13146,1.00,1.50
2016.08.15 14:17:37.571,1.13144,1.13145,1.00,1.00
2016.08.15 14:17:37.871,1.13141,1.13142,1.00,1.00
2016.08.15 14:17:38.025,1.13142,1.13145,1.00,1.50
2016.08.15 14:17:38.076,1.13142,1.13144,1.00,1.00
2016.08.15 14:17:38.127,1.13143,1.13145,1.00,1.50
2016.08.15 14:17:38.178,1.13143,1.13144,1.00,1.00
2016.08.15 14:17:38.331,1.13143,1.13146,1.00,1.50
2016.08.15 14:17:38.382,1.13141,1.13146,2.62,1.00
2016.08.15 14:17:38.434,1.13141,1.13145,2.62,1.00
2016.08.15 14:17:38.486,1.13142,1.13145,1.00,1.00
2016.08.15 14:17:38.588,1.13142,1.13145,1.50,1.00
2016.08.15 14:17:39.377,1.13142,1.13144,1.50,1.00
2016.08.15 14:17:39.428,1.13142,1.13145,1.00,1.50
2016.08.15 14:17:39.479,1.13141,1.13145,1.00,1.50
2016.08.15 14:17:39.537,1.1314,1.13143,1.50,1.00
2016.08.15 14:17:39.588,1.13141,1.13144,1.00,1.00
2016.08.15 14:17:40.139,1.13142,1.13143,1.00,1.00
2016.08.15 14:17:40.290,1.1314,1.13143,1.00,1.00
2016.08.15 14:17:40.844,1.1314,1.13144,1.50,1.00
2016.08.15 14:17:41.290,1.13142,1.13144,1.00,1.00
2016.08.15 14:17:41.392,1.1314,1.13143,1.00,1.00
2016.08.15 14:17:41.596,1.13138,1.13142,2.25,1.00
2016.08.15 14:17:42.308,1.13138,1.13142,1.50,1.00
2016.08.15 14:17:42.359,1.13138,1.13142,1.00,1.00
2016.08.15 14:17:42.850,1.13138,1.13144,1.50,1.00
2016.08.15 14:17:43.851,1.1314,1.13144,1.00,1.00
2016.08.15 14:17:43.903,1.13141,1.13145,1.00,1.50
2016.08.15 14:17:44.005,1.1314,1.13145,3.37,1.50
2016.08.15 14:17:44.106,1.1314,1.13145,2.25,1.50
2016.08.15 14:17:44.157,1.1314,1.13145,1.00,1.50
2016.08.15 14:17:44.310,1.1314,1.13143,1.00,1.00
2016.08.15 14:17:44.411,1.13139,1.13143,1.69,1.00
2016.08.15 14:17:44.926,1.13139,1.13143,1.25,1.00
2016.08.15 14:17:44.977,1.13141,1.13143,1.00,1.00
2016.08.15 14:17:45.334,1.13141,1.13145,1.00,1.50
2016.08.15 14:17:45.385,1.13144,1.13146,1.00,1.00
2016.08.15 14:17:45.488,1.13146,1.13148,1.00,1.00
2016.08.15 14:17:45.540,1.13147,1.1315,1.00,3.00
2016.08.15 14:17:45.593,1.13147,1.1315,1.00,2.25
2016.08.15 14:17:45.644,1.13148,1.1315,1.00,1.12
2016.08.15 14:17:45.922,1.13152,1.13153,1.00,1.50
2016.08.15 14:17:45.975,1.13152,1.13154,1.00,1.00
2016.08.15 14:17:46.026,1.13152,1.13155,1.00,3.00
2016.08.15 14:17:46.078,1.13152,1.13154,1.00,1.00
2016.08.15 14:17:46.129,1.13153,1.13155,1.00,2.25
2016.08.15 14:17:46.180,1.13153,1.13156,1.00,1.37
2016.08.15 14:17:46.231,1.13154,1.13156,1.00,1.12
2016.08.15 14:17:46.282,1.13155,1.13156,1.00,1.00
2016.08.15 14:17:46.334,1.13155,1.13158,1.00,3.00
2016.08.15 14:17:46.385,1.13155,1.13158,1.00,1.50
2016.08.15 14:17:46.487,1.13155,1.13158,1.00,1.12
2016.08.15 14:17:46.538,1.13155,1.13158,1.00,1.00
2016.08.15 14:17:46.589,1.13155,1.13159,1.00,2.25
2016.08.15 14:17:46.836,1.13153,1.13158,1.00,1.12
2016.08.15 14:17:46.887,1.13153,1.13158,1.00,1.87
2016.08.15 14:17:46.939,1.13154,1.13158,1.00,1.50
2016.08.15 14:17:46.990,1.13154,1.13158,1.00,1.87
2016.08.15 14:17:47.042,1.13154,1.13158,1.00,3.37
2016.08.15 14:17:47.145,1.13154,1.13158,1.00,1.87
2016.08.15 14:17:47.496,1.13154,1.13158,1.00,1.50
2016.08.15 14:17:48.550,1.13155,1.13159,1.00,2.62
2016.08.15 14:17:48.601,1.13156,1.13158,1.00,1.00
2016.08.15 14:17:48.652,1.13155,1.13159,1.50,2.62
2016.08.15 14:17:48.805,1.13155,1.13159,1.00,2.62
2016.08.15 14:17:48.907,1.13155,1.13159,1.00,2.62
2016.08.15 14:17:49.181,1.13153,1.13158,1.00,1.50
2016.08.15 14:17:49.232,1.13154,1.13156,1.00,1.00
2016.08.15 14:17:49.284,1.13154,1.13157,1.00,2.25
2016.08.15 14:17:49.385,1.13151,1.13157,1.50,3.37
2016.08.15 14:17:50.230,1.13151,1.13157,1.50,2.25
2016.08.15 14:17:51.171,1.13151,1.13157,1.00,2.85
2016.08.15 14:17:51.222,1.13151,1.13157,1.00,3.97
2016.08.15 14:17:51.273,1.13153,1.13154,1.00,1.00
2016.08.15 14:17:51.770,1.13153,1.13157,1.00,1.87
2016.08.15 14:17:51.822,1.13157,1.13159,1.00,2.62
2016.08.15 14:17:51.925,1.13157,1.13159,1.00,3.75
2016.08.15 14:17:51.977,1.13157,1.13159,1.00,3.37
2016.08.15 14:17:52.079,1.13157,1.13159,1.00,3.75
2016.08.15 14:17:52.130,1.13157,1.13159,1.00,3.37
2016.08.15 14:17:52.181,1.13154,1.13158,1.50,1.12
2016.08.15 14:17:52.232,1.13154,1.13158,1.00,1.12
2016.08.15 14:17:52.386,1.13156,1.13159,1.00,3.00
2016.08.15 14:17:52.437,1.13156,1.13159,1.00,1.87
2016.08.15 14:17:52.488,1.13155,1.13159,1.50,1.50
2016.08.15 14:17:52.539,1.13155,1.13159,1.50,2.62
2016.08.15 14:17:52.590,1.13155,1.13159,1.00,2.62
2016.08.15 14:17:52.692,1.13155,1.13159,1.50,2.62
2016.08.15 14:17:52.795,1.13155,1.13159,1.00,1.50
2016.08.15 14:17:53.069,1.13157,1.1316,1.00,3.37
2016.08.15 14:17:53.144,1.13156,1.13159,1.00,1.50
2016.08.15 14:17:53.391,1.13156,1.13159,1.00,1.87
2016.08.15 14:17:53.552,1.13156,1.13159,1.00,1.50
2016.08.15 14:17:53.948,1.13156,1.13159,1.00,1.87
2016.08.15 14:17:54.463,1.13154,1.13159,1.50,3.00
2016.08.15 14:17:54.514,1.13154,1.13159,2.25,2.62
2016.08.15 14:17:54.753,1.13154,1.13159,2.25,3.00
2016.08.15 14:17:55.129,1.13157,1.13159,1.00,1.87
2016.08.15 14:17:55.230,1.13157,1.13159,1.00,1.50
2016.08.15 14:17:55.281,1.13158,1.1316,1.00,1.00
2016.08.15 14:17:55.332,1.13158,1.13161,1.00,3.00
2016.08.15 14:17:55.383,1.13158,1.13161,1.00,2.25
2016.08.15 14:17:55.757,1.13159,1.1316,1.00,1.00
2016.08.15 14:17:55.808,1.13157,1.1316,1.00,1.00
2016.08.15 14:17:55.859,1.13157,1.13161,1.00,1.87
2016.08.15 14:17:55.976,1.13159,1.13161,1.00,1.87
2016.08.15 14:17:56.355,1.13157,1.13161,1.00,1.87
2016.08.15 14:17:56.881,1.13156,1.13161,2.25,1.87
2016.08.15 14:17:57.110,1.13156,1.13161,1.50,1.87
2016.08.15 14:17:57.161,1.13155,1.13161,3.00,1.50
2016.08.15 14:17:57.262,1.13157,1.13161,1.00,2.25
2016.08.15 14:17:57.313,1.13159,1.13161,1.00,1.50
2016.08.15 14:17:57.364,1.13157,1.13162,1.00,3.37
2016.08.15 14:17:57.415,1.13159,1.13162,1.00,3.37
2016.08.15 14:17:57.466,1.13159,1.13162,1.00,1.37
2016.08.15 14:17:57.517,1.1316,1.13163,1.00,3.37
2016.08.15 14:17:57.618,1.1316,1.13163,1.50,3.37
2016.08.15 14:17:58.045,1.1316,1.13161,1.50,1.00
2016.08.15 14:17:58.110,1.13159,1.13163,1.50,4.12
2016.08.15 14:17:58.161,1.13159,1.13162,1.50,1.00
2016.08.15 14:17:58.338,1.1316,1.13162,1.00,1.00
2016.08.15 14:17:58.541,1.13159,1.13162,1.50,1.00
2016.08.15 14:17:58.769,1.13159,1.13163,1.50,4.12
2016.08.15 14:17:58.820,1.13158,1.13162,1.00,1.72
2016.08.15 14:17:58.871,1.13158,1.13161,1.00,1.35
2016.08.15 14:17:58.973,1.13158,1.13161,1.00,2.47
2016.08.15 14:17:59.023,1.13158,1.13161,1.00,2.85
2016.08.15 14:17:59.677,1.13158,1.13161,1.00,1.12
2016.08.15 14:18:00.154,1.13156,1.13161,1.00,1.12
2016.08.15 14:18:00.499,1.13156,1.13161,1.00,1.37
2016.08.15 14:18:01.028,1.13155,1.13157,2.25,1.00
2016.08.15 14:18:01.080,1.1315,1.13152,1.00,1.12
2016.08.15 14:18:01.131,1.13147,1.13151,1.87,1.12
2016.08.15 14:18:01.182,1.13145,1.13149,4.31,1.00
2016.08.15 14:18:01.233,1.13144,1.13149,2.25,1.12
2016.08.15 14:18:01.284,1.13144,1.13147,1.50,1.00
2016.08.15 14:18:01.335,1.13143,1.13147,1.00,1.00
2016.08.15 14:18:01.488,1.13145,1.13149,1.00,2.62
2016.08.15 14:18:01.539,1.13144,1.13148,1.00,1.00
2016.08.15 14:18:01.973,1.13141,1.13144,1.00,1.00
2016.08.15 14:18:02.278,1.1314,1.13142,1.00,1.00
2016.08.15 14:18:02.431,1.13141,1.13145,1.00,1.00
2016.08.15 14:18:02.482,1.13141,1.13143,1.00,1.00
2016.08.15 14:18:02.862,1.13141,1.13144,1.50,1.00
2016.08.15 14:18:04.261,1.13141,1.13144,2.25,1.00
2016.08.15 14:18:04.742,1.13141,1.13144,1.50,1.00
2016.08.15 14:18:04.844,1.1314,1.13143,2.25,1.00
2016.08.15 14:18:04.947,1.1314,1.13142,1.00,1.00
2016.08.15 14:18:05.049,1.13139,1.13142,1.50,1.00
2016.08.15 14:18:05.150,1.13139,1.13141,1.50,1.50
2016.08.15 14:18:05.589,1.13139,1.13141,1.50,1.00
2016.08.15 14:18:05.922,1.13139,1.13141,1.00,1.50
2016.08.15 14:18:06.039,1.13139,1.13141,1.00,1.00
2016.08.15 14:18:06.259,1.13139,1.1314,1.00,1.50
2016.08.15 14:18:06.412,1.13138,1.13139,1.12,1.00
2016.08.15 14:18:06.573,1.13139,1.1314,1.00,1.50
2016.08.15 14:18:06.624,1.13139,1.1314,1.00,1.00
2016.08.15 14:18:07.230,1.13138,1.13139,1.12,1.00
2016.08.15 14:18:07.382,1.13139,1.1314,1.00,1.00
2016.08.15 14:18:07.726,1.13139,1.13141,1.00,1.50
2016.08.15 14:18:07.829,1.13139,1.13145,1.00,1.87
2016.08.15 14:18:07.880,1.13138,1.13141,1.12,1.00
2016.08.15 14:18:07.931,1.13138,1.1314,1.00,1.00
2016.08.15 14:18:08.033,1.13138,1.1314,1.50,1.50
2016.08.15 14:18:08.144,1.13138,1.1314,1.50,1.00
2016.08.15 14:18:08.435,1.13138,1.1314,1.50,1.50
2016.08.15 14:18:08.845,1.13138,1.1314,1.50,1.00
2016.08.15 14:18:08.971,1.13138,1.1314,1.50,1.50
2016.08.15 14:18:09.146,1.13138,1.1314,1.50,1.00
2016.08.15 14:18:09.248,1.13138,1.1314,1.50,1.50
2016.08.15 14:18:09.922,1.13138,1.1314,1.50,1.00
2016.08.15 14:18:10.074,1.13138,1.13141,1.50,1.50
2016.08.15 14:18:10.125,1.13138,1.13141,1.00,1.50
2016.08.15 14:18:10.487,1.13138,1.1314,1.00,1.00
2016.08.15 14:18:10.687,1.13138,1.1314,1.00,1.50
2016.08.15 14:18:10.850,1.13138,1.1314,1.00,1.00
2016.08.15 14:18:10.951,1.13138,1.1314,1.00,1.50
2016.08.15 14:18:11.002,1.13138,1.1314,1.00,1.00
2016.08.15 14:18:11.053,1.13138,1.13141,1.00,1.00
2016.08.15 14:18:11.155,1.13138,1.13141,1.12,1.00
2016.08.15 14:18:11.450,1.13138,1.13141,1.12,1.50
2016.08.15 14:18:11.501,1.13139,1.13141,1.00,1.50
2016.08.15 14:18:11.775,1.13138,1.1314,1.00,1.00
2016.08.15 14:18:11.986,1.13138,1.13141,1.00,1.50
2016.08.15 14:18:12.041,1.13138,1.1314,1.00,1.00
2016.08.15 14:18:12.154,1.13138,1.13141,1.00,1.50
2016.08.15 14:18:12.275,1.13138,1.1314,1.00,1.00
2016.08.15 14:18:12.376,1.13138,1.13141,1.00,1.50
2016.08.15 14:18:12.478,1.13138,1.1314,1.00,1.00
2016.08.15 14:18:13.488,1.13138,1.1314,1.12,1.00
2016.08.15 14:18:13.539,1.13137,1.1314,3.00,1.00
2016.08.15 14:18:13.590,1.13137,1.1314,2.25,1.00
2016.08.15 14:18:13.641,1.13137,1.1314,1.50,1.00
2016.08.15 14:18:13.692,1.13137,1.13141,1.50,1.50
2016.08.15 14:18:13.803,1.13138,1.13141,1.12,1.00
2016.08.15 14:18:13.854,1.13137,1.13143,2.25,1.00
2016.08.15 14:18:14.077,1.13137,1.1314,2.25,1.00
2016.08.15 14:18:14.901,1.13137,1.1314,1.50,1.00
2016.08.15 14:18:15.003,1.13137,1.1314,1.12,1.00
2016.08.15 14:18:15.210,1.13138,1.1314,1.00,1.00
2016.08.15 14:18:15.260,1.13138,1.13142,1.50,1.00
2016.08.15 14:18:21.958,1.13138,1.13142,2.06,1.00
2016.08.15 14:18:22.248,1.13139,1.13143,1.00,1.00
2016.08.15 14:18:22.352,1.1314,1.13144,1.50,1.00
2016.08.15 14:18:22.403,1.1314,1.13145,1.50,1.50
2016.08.15 14:18:22.505,1.1314,1.13145,1.50,1.00
2016.08.15 14:18:22.607,1.13141,1.13145,1.00,1.50
2016.08.15 14:18:22.658,1.13141,1.13144,1.00,1.00
2016.08.15 14:18:23.223,1.1314,1.13144,1.00,1.00
2016.08.15 14:18:23.902,1.1314,1.13144,1.50,1.00
2016.08.15 14:18:24.382,1.1314,1.13144,2.25,1.00
2016.08.15 14:18:25.402,1.1314,1.13144,1.50,1.00
2016.08.15 14:18:26.118,1.1314,1.13144,2.25,1.00
2016.08.15 14:18:26.724,1.1314,1.13144,1.50,1.00
2016.08.15 14:18:27.101,1.13141,1.13146,1.50,3.56
2016.08.15 14:18:27.152,1.13142,1.13146,1.00,2.06
2016.08.15 14:18:27.203,1.13142,1.13147,1.50,2.06
2016.08.15 14:18:27.255,1.13142,1.13147,2.62,2.44
2016.08.15 14:18:27.305,1.13142,1.13147,3.37,2.44
2016.08.15 14:18:27.356,1.13142,1.13147,3.37,2.06
2016.08.15 14:18:27.407,1.13142,1.13147,2.62,2.06
2016.08.15 14:18:27.792,1.13142,1.13147,2.62,2.44
2016.08.15 14:18:27.843,1.13142,1.13145,1.12,1.37
2016.08.15 14:18:27.922,1.1314,1.13143,2.62,1.00
2016.08.15 14:18:27.973,1.1314,1.13143,2.62,1.69
2016.08.15 14:18:28.025,1.1314,1.13143,1.75,1.31
2016.08.15 14:18:28.127,1.13141,1.13143,1.00,1.69
2016.08.15 14:18:28.229,1.1314,1.13142,1.00,1.12
2016.08.15 14:18:28.694,1.13138,1.13143,1.75,1.69
2016.08.15 14:18:28.745,1.13138,1.13143,1.00,1.69
2016.08.15 14:18:28.980,1.13138,1.13143,1.00,2.44
2016.08.15 14:18:29.233,1.13137,1.13143,2.62,2.44
2016.08.15 14:18:29.284,1.1314,1.13143,1.00,1.69
2016.08.15 14:18:29.335,1.13139,1.13143,1.00,1.25
2016.08.15 14:18:29.386,1.13139,1.13143,1.50,1.25
2016.08.15 14:18:29.680,1.13139,1.13143,1.50,1.69
2016.08.15 14:18:29.883,1.1314,1.13143,1.00,1.25
2016.08.15 14:18:30.036,1.1314,1.13143,1.00,1.69
2016.08.15 14:18:30.137,1.13139,1.13143,1.00,1.69
2016.08.15 14:18:30.900,1.13139,1.13143,1.00,2.44
2016.08.15 14:18:33.892,1.13138,1.1314,1.00,1.31
2016.08.15 14:18:34.188,1.1314,1.13141,1.00,1.25
2016.08.15 14:18:34.239,1.1314,1.13142,1.00,1.19
2016.08.15 14:18:34.290,1.1314,1.13142,1.50,1.31
2016.08.15 14:18:34.341,1.13141,1.13142,1.00,1.25
2016.08.15 14:18:34.777,1.13138,1.13142,2.25,1.19
2016.08.15 14:18:35.241,1.13138,1.13142,1.50,1.19
2016.08.15 14:18:35.789,1.1314,1.13142,1.00,1.31
2016.08.15 14:18:35.839,1.1314,1.13142,1.00,1.31
2016.08.15 14:18:35.941,1.1314,1.13142,1.00,1.69
2016.08.15 14:18:36.144,1.1314,1.13142,1.00,1.56
2016.08.15 14:18:36.550,1.1314,1.13142,1.00,1.69
2016.08.15 14:18:36.652,1.13139,1.13142,1.00,1.31
2016.08.15 14:18:36.855,1.13139,1.13142,1.50,1.31
2016.08.15 14:18:36.957,1.1314,1.13142,1.00,1.31
2016.08.15 14:18:37.118,1.13139,1.13142,1.00,1.31
2016.08.15 14:18:39.080,1.1314,1.13142,1.00,1.19
2016.08.15 14:18:39.329,1.13142,1.13145,1.50,1.87
2016.08.15 14:18:39.380,1.13143,1.13146,1.12,2.44
2016.08.15 14:18:39.482,1.13143,1.13146,1.12,3.19
2016.08.15 14:18:39.534,1.13143,1.13145,1.00,1.50
2016.08.15 14:18:39.586,1.13144,1.13145,1.00,1.00
2016.08.15 14:18:39.703,1.13142,1.13145,1.00,1.00
2016.08.15 14:18:39.755,1.13142,1.13146,1.00,3.19
2016.08.15 14:18:39.806,1.13141,1.13146,1.12,3.19
2016.08.15 14:18:39.858,1.13141,1.13145,1.50,1.12
2016.08.15 14:18:40.142,1.13141,1.13145,1.00,1.12
2016.08.15 14:18:40.193,1.13141,1.13146,1.00,3.00
2016.08.15 14:18:40.244,1.1314,1.13146,1.00,2.25
2016.08.15 14:18:40.295,1.13141,1.13144,1.00,1.31
2016.08.15 14:18:40.346,1.13139,1.13144,1.00,2.06
2016.08.15 14:18:41.645,1.13139,1.13142,1.00,1.25
2016.08.15 14:18:42.837,1.1314,1.13142,1.00,1.25
2016.08.15 14:18:42.907,1.13138,1.13142,1.50,1.25
2016.08.15 14:18:43.009,1.13139,1.13143,1.00,1.25
2016.08.15 14:18:43.060,1.1314,1.13143,1.00,1.25
2016.08.15 14:18:43.161,1.13139,1.13143,1.50,1.25
2016.08.15 14:18:43.314,1.1314,1.13143,1.00,1.25
2016.08.15 14:18:43.365,1.13139,1.13143,1.00,1.25
2016.08.15 14:18:43.467,1.1314,1.13143,1.00,1.25
2016.08.15 14:18:43.827,1.1314,1.13143,1.00,1.25
2016.08.15 14:18:45.131,1.13141,1.13143,1.00,1.25
2016.08.15 14:18:45.732,1.13142,1.13143,1.00,1.25
2016.08.15 14:18:46.485,1.13142,1.13146,1.87,3.56
2016.08.15 14:18:46.537,1.13142,1.13145,1.12,2.06
2016.08.15 14:18:46.589,1.13143,1.13145,1.00,1.31
2016.08.15 14:18:46.640,1.13141,1.13145,1.50,1.31
2016.08.15 14:18:46.741,1.13141,1.13145,1.50,2.06
2016.08.15 14:18:46.792,1.13141,1.13144,1.00,1.56
2016.08.15 14:18:46.844,1.1314,1.13144,1.00,1.56
2016.08.15 14:18:46.895,1.1314,1.13144,1.00,1.69
2016.08.15 14:18:46.997,1.1314,1.13144,1.50,1.31
2016.08.15 14:18:47.099,1.1314,1.13144,1.00,1.31
2016.08.15 14:18:47.150,1.13139,1.13144,2.25,1.31
2016.08.15 14:18:47.472,1.13139,1.13144,1.50,1.31
2016.08.15 14:18:47.524,1.13139,1.13144,1.50,1.25
2016.08.15 14:18:48.150,1.13139,1.13144,1.87,1.25
2016.08.15 14:18:48.201,1.13139,1.13144,1.12,1.31
2016.08.15 14:18:48.252,1.13139,1.13144,1.00,1.31
2016.08.15 14:18:48.354,1.13141,1.13144,1.00,1.31
2016.08.15 14:18:48.633,1.13141,1.13144,1.00,1.62
2016.08.15 14:18:48.736,1.1314,1.13144,1.00,2.06
2016.08.15 14:18:48.787,1.1314,1.13144,1.00,1.69
2016.08.15 14:18:48.889,1.1314,1.13144,1.50,1.69
2016.08.15 14:18:48.994,1.1314,1.13144,1.00,1.69
2016.08.15 14:18:49.293,1.1314,1.13144,1.50,1.69
2016.08.15 14:18:49.860,1.1314,1.13144,1.00,1.69
2016.08.15 14:18:50.307,1.13139,1.13143,1.00,1.00
2016.08.15 14:18:52.786,1.13139,1.13144,1.00,1.69
2016.08.15 14:18:53.647,1.13142,1.13144,1.00,1.25
2016.08.15 14:18:53.699,1.1314,1.13144,3.37,1.62
2016.08.15 14:18:53.751,1.1314,1.13144,1.50,1.62
2016.08.15 14:18:53.802,1.1314,1.13144,1.00,1.69
2016.08.15 14:18:53.905,1.1314,1.13143,1.00,1.00
2016.08.15 14:18:54.006,1.13138,1.13143,1.00,1.37
2016.08.15 14:18:54.057,1.13137,1.13142,2.77,1.12
2016.08.15 14:18:54.109,1.13137,1.13142,1.50,1.12
2016.08.15 14:18:56.147,1.13139,1.13142,1.00,1.00
2016.08.15 14:18:56.198,1.13139,1.13143,1.50,1.31
2016.08.15 14:18:56.299,1.13138,1.13144,1.50,1.69
2016.08.15 14:18:56.350,1.13138,1.13144,1.87,1.69
2016.08.15 14:18:56.401,1.1314,1.13144,1.00,1.69
2016.08.15 14:18:56.503,1.13141,1.13145,1.00,2.44
2016.08.15 14:18:56.605,1.1314,1.13145,1.00,1.69
2016.08.15 14:18:56.769,1.1314,1.13145,1.50,2.44
2016.08.15 14:18:57.210,1.13141,1.13145,1.00,2.44
2016.08.15 14:18:57.414,1.13141,1.13145,1.00,1.69
2016.08.15 14:18:57.465,1.13141,1.13145,1.00,1.19
2016.08.15 14:18:57.621,1.1314,1.13145,2.25,1.19
2016.08.15 14:18:57.672,1.1314,1.13145,1.50,1.19
2016.08.15 14:18:57.723,1.1314,1.13145,1.00,1.19
2016.08.15 14:18:57.774,1.1314,1.13145,1.50,1.19
2016.08.15 14:18:58.627,1.1314,1.13145,2.25,1.19
2016.08.15 14:18:59.436,1.1314,1.13145,3.00,1.19
2016.08.15 14:18:59.487,1.1314,1.13145,2.25,1.19
2016.08.15 14:18:59.878,1.1314,1.13145,3.00,1.19
2016.08.15 14:19:00.130,1.13142,1.13146,1.00,1.31
2016.08.15 14:19:00.231,1.13141,1.13146,1.87,1.31
2016.08.15 14:19:00.333,1.13141,1.13146,3.00,1.31
2016.08.15 14:19:00.435,1.13141,1.13146,1.87,1.31
2016.08.15 14:19:00.486,1.13141,1.13146,1.50,1.31
2016.08.15 14:19:00.537,1.13143,1.13146,1.00,1.19
2016.08.15 14:19:00.638,1.13143,1.13146,1.00,1.31
2016.08.15 14:19:00.740,1.13142,1.13146,1.00,2.06
2016.08.15 14:19:01.017,1.13142,1.13146,1.00,1.69
2016.08.15 14:19:01.068,1.13141,1.13145,1.00,1.62
2016.08.15 14:19:01.119,1.13141,1.13145,1.50,2.44
2016.08.15 14:19:01.221,1.13141,1.13145,1.50,1.69
2016.08.15 14:19:01.323,1.13141,1.13145,1.50,2.44
2016.08.15 14:19:01.534,1.13142,1.13145,1.00,1.69
2016.08.15 14:19:01.585,1.13142,1.13146,1.00,1.94
2016.08.15 14:19:01.788,1.13142,1.13146,1.00,1.69
2016.08.15 14:19:01.991,1.13141,1.13146,1.00,1.94
2016.08.15 14:19:02.093,1.13141,1.13146,1.00,1.69
2016.08.15 14:19:02.207,1.13141,1.13146,1.00,1.94
2016.08.15 14:19:03.083,1.13141,1.13146,1.00,1.69
2016.08.15 14:19:03.134,1.13141,1.13146,1.00,2.44
2016.08.15 14:19:04.135,1.13141,1.13146,1.00,1.69
2016.08.15 14:19:04.392,1.13141,1.13146,1.12,1.69
2016.08.15 14:19:04.443,1.13141,1.13146,2.62,2.06
2016.08.15 14:19:04.495,1.13143,1.13146,1.00,1.69
2016.08.15 14:19:04.700,1.13142,1.13146,1.12,1.56
2016.08.15 14:19:04.802,1.13143,1.13146,1.00,1.31
2016.08.15 14:19:05.255,1.13143,1.13146,1.50,1.19
2016.08.15 14:19:05.358,1.13143,1.13146,2.25,1.19
2016.08.15 14:19:05.511,1.13143,1.13148,2.25,1.31
2016.08.15 14:19:05.562,1.13143,1.13148,2.62,1.25
2016.08.15 14:19:05.663,1.13147,1.13148,1.00,1.25
2016.08.15 14:19:05.714,1.13145,1.13148,1.50,1.19
2016.08.15 14:19:05.968,1.13145,1.13151,1.50,4.39
2016.08.15 14:19:06.019,1.13145,1.13151,3.00,1.31
2016.08.15 14:19:06.417,1.13147,1.13151,1.50,1.31
2016.08.15 14:19:06.570,1.13147,1.13151,1.12,1.25
2016.08.15 14:19:06.796,1.13147,1.13151,1.75,1.31
2016.08.15 14:19:07.171,1.13149,1.13152,1.75,1.00
2016.08.15 14:19:07.222,1.13149,1.13153,1.75,2.44
2016.08.15 14:19:07.273,1.13149,1.13153,1.75,2.06
2016.08.15 14:19:07.325,1.13148,1.13153,3.75,1.69
2016.08.15 14:19:07.529,1.1315,1.13153,1.00,1.69
2016.08.15 14:19:07.580,1.13148,1.13151,1.50,1.25
2016.08.15 14:19:07.733,1.13146,1.1315,2.06,1.00
2016.08.15 14:19:08.026,1.13147,1.1315,1.00,1.25
2016.08.15 14:19:08.730,1.13145,1.1315,1.87,1.25
2016.08.15 14:19:08.780,1.13145,1.1315,1.87,1.62
2016.08.15 14:19:08.832,1.13147,1.1315,1.00,1.62
2016.08.15 14:19:09.148,1.13145,1.13149,1.87,1.50
2016.08.15 14:19:09.200,1.13144,1.13149,1.00,1.75
2016.08.15 14:19:09.302,1.13143,1.13148,1.00,1.50
2016.08.15 14:19:09.353,1.13143,1.13146,1.00,1.31
2016.08.15 14:19:09.454,1.13142,1.13146,1.12,1.31
2016.08.15 14:19:09.695,1.13142,1.13146,1.12,1.19
2016.08.15 14:19:09.857,1.13144,1.13146,1.00,1.19
2016.08.15 14:19:09.911,1.13145,1.13146,1.00,1.25
2016.08.15 14:19:10.454,1.13144,1.13146,1.00,1.19
2016.08.15 14:19:10.802,1.13143,1.13146,1.00,1.56
2016.08.15 14:19:10.854,1.1314,1.13145,1.00,1.31
2016.08.15 14:19:10.905,1.1314,1.13145,1.00,2.00
2016.08.15 14:19:10.956,1.13139,1.13145,1.87,2.00
2016.08.15 14:19:11.008,1.13139,1.13144,1.87,1.69
2016.08.15 14:19:11.059,1.13138,1.13144,1.50,1.69
2016.08.15 14:19:12.003,1.13138,1.13144,1.50,1.56
2016.08.15 14:19:12.473,1.13138,1.13144,1.75,1.56
2016.08.15 14:19:13.027,1.13138,1.13143,1.75,1.31
2016.08.15 14:19:14.129,1.13138,1.13143,1.75,1.69
2016.08.15 14:19:14.231,1.13139,1.13143,1.50,1.69
2016.08.15 14:19:14.282,1.13137,1.13144,1.87,2.44
2016.08.15 14:19:14.333,1.13139,1.13144,1.00,1.94
2016.08.15 14:19:14.384,1.13138,1.13143,1.00,2.00
2016.08.15 14:19:14.435,1.13137,1.13143,2.62,2.00
2016.08.15 14:19:14.538,1.13137,1.13143,1.87,2.00
2016.08.15 14:19:14.703,1.13137,1.13143,1.87,1.69
2016.08.15 14:19:14.754,1.13139,1.13143,1.00,1.69
2016.08.15 14:19:14.805,1.1314,1.13144,1.00,2.44
2016.08.15 14:19:15.103,1.1314,1.13144,1.50,2.06
2016.08.15 14:19:15.155,1.1314,1.13144,1.00,2.06
2016.08.15 14:19:15.358,1.1314,1.13144,1.50,2.06
2016.08.15 14:19:15.764,1.1314,1.13144,1.00,2.06
2016.08.15 14:19:15.865,1.1314,1.13144,1.50,2.06
2016.08.15 14:19:16.018,1.1314,1.13144,1.50,2.44
2016.08.15 14:19:16.306,1.1314,1.13143,1.00,1.25
2016.08.15 14:19:16.459,1.13139,1.13143,1.50,1.25
2016.08.15 14:19:16.510,1.13139,1.13144,1.50,2.44
2016.08.15 14:19:16.763,1.13139,1.13144,1.00,2.44
2016.08.15 14:19:16.866,1.13138,1.13143,1.00,1.69
2016.08.15 14:19:16.917,1.13138,1.13142,1.00,1.00
2016.08.15 14:19:16.967,1.13137,1.13142,1.50,1.50
2016.08.15 14:19:17.018,1.13137,1.13142,1.00,1.87
2016.08.15 14:19:17.069,1.13137,1.13141,1.00,1.69
2016.08.15 14:19:17.660,1.13136,1.13141,2.62,1.69
2016.08.15 14:19:17.711,1.13138,1.13141,1.00,1.69
2016.08.15 14:19:18.236,1.13139,1.13141,1.00,1.31
2016.08.15 14:19:18.958,1.13137,1.13141,1.12,1.31
2016.08.15 14:19:19.113,1.13137,1.13141,1.12,1.25
2016.08.15 14:19:19.164,1.13137,1.13142,1.00,1.31
2016.08.15 14:19:19.216,1.13139,1.13143,1.00,1.69
2016.08.15 14:19:19.319,1.1314,1.13143,1.00,2.06
2016.08.15 14:19:19.370,1.1314,1.13143,1.00,2.06
2016.08.15 14:19:19.472,1.13137,1.13143,2.25,2.06
2016.08.15 14:19:19.523,1.13137,1.13143,2.25,2.44
2016.08.15 14:19:19.574,1.13137,1.13143,3.00,2.44
2016.08.15 14:19:19.625,1.13139,1.13143,1.00,3.19
2016.08.15 14:19:19.872,1.13139,1.13143,1.00,2.44
2016.08.15 14:19:19.923,1.13138,1.13143,1.00,1.69
2016.08.15 14:19:20.178,1.13138,1.13142,1.50,1.25
2016.08.15 14:19:20.229,1.13138,1.13143,1.50,2.06
2016.08.15 14:19:20.330,1.13138,1.13143,1.50,2.44
2016.08.15 14:19:20.483,1.13138,1.13142,1.00,1.69
2016.08.15 14:19:20.534,1.13138,1.13142,1.00,1.62
2016.08.15 14:19:20.585,1.13138,1.13142,1.50,1.62
2016.08.15 14:19:20.906,1.13138,1.13142,1.50,1.69
2016.08.15 14:19:21.334,1.13138,1.13142,1.00,1.62
2016.08.15 14:19:21.436,1.13138,1.13142,1.00,1.69
2016.08.15 14:19:21.537,1.13138,1.13142,1.00,1.25
2016.08.15 14:19:21.850,1.13137,1.13142,2.25,1.25
2016.08.15 14:19:22.546,1.13137,1.13141,1.50,1.00
2016.08.15 14:19:22.749,1.13136,1.1314,1.50,1.25
2016.08.15 14:19:22.852,1.13136,1.1314,1.50,2.06
2016.08.15 14:19:22.920,1.13137,1.1314,1.00,2.06
2016.08.15 14:19:22.971,1.13137,1.1314,1.00,1.31
2016.08.15 14:19:23.073,1.13136,1.1314,1.00,2.06
2016.08.15 14:19:23.124,1.13136,1.1314,1.00,1.69
2016.08.15 14:19:23.175,1.13136,1.1314,1.50,2.44
2016.08.15 14:19:23.488,1.13137,1.1314,1.00,1.69
2016.08.15 14:19:23.561,1.13138,1.13142,1.00,1.31
2016.08.15 14:19:24.157,1.13137,1.13142,1.50,1.69
2016.08.15 14:19:24.209,1.13137,1.1314,1.50,1.25
2016.08.15 14:19:24.507,1.13137,1.1314,1.00,1.69
2016.08.15 14:19:24.558,1.13136,1.1314,1.50,2.44
2016.08.15 14:19:24.609,1.13136,1.1314,1.50,1.69
2016.08.15 14:19:24.716,1.13136,1.1314,1.50,2.44
2016.08.15 14:19:24.824,1.13137,1.1314,1.00,2.44
2016.08.15 14:19:24.875,1.13137,1.1314,1.00,1.69
2016.08.15 14:19:24.925,1.13137,1.1314,1.00,1.31
2016.08.15 14:19:25.148,1.13137,1.1314,1.00,1.25
2016.08.15 14:19:25.249,1.13137,1.1314,1.00,1.31
2016.08.15 14:19:26.919,1.13137,1.1314,1.00,1.25
2016.08.15 14:19:27.117,1.13137,1.1314,1.00,1.31
2016.08.15 14:19:27.426,1.13137,1.1314,1.50,1.25
2016.08.15 14:19:27.579,1.13138,1.1314,1.00,1.25
2016.08.15 14:19:27.788,1.13137,1.1314,1.50,1.25
2016.08.15 14:19:28.117,1.13138,1.1314,1.00,1.25
2016.08.15 14:19:28.508,1.13137,1.1314,1.50,1.25
2016.08.15 14:19:29.314,1.13137,1.1314,1.00,1.25
2016.08.15 14:19:29.568,1.13136,1.1314,1.00,1.31
2016.08.15 14:19:30.144,1.13136,1.1314,1.00,1.25
2016.08.15 14:19:30.653,1.13136,1.1314,1.00,1.62
2016.08.15 14:19:30.964,1.13136,1.1314,1.00,1.31
2016.08.15 14:19:31.065,1.13136,1.1314,1.00,1.69
2016.08.15 14:19:31.410,1.13136,1.1314,1.00,1.62
2016.08.15 14:19:31.461,1.13136,1.1314,1.00,1.69
2016.08.15 14:19:31.614,1.13136,1.1314,1.50,1.69
2016.08.15 14:19:31.868,1.13136,1.1314,1.50,1.62
2016.08.15 14:19:31.919,1.13136,1.1314,1.00,1.62
2016.08.15 14:19:32.787,1.13136,1.1314,1.00,1.69
2016.08.15 14:19:32.838,1.13136,1.1314,1.00,1.62
2016.08.15 14:19:33.233,1.13136,1.1314,1.00,1.69
2016.08.15 14:19:34.365,1.13137,1.1314,1.00,1.25
2016.08.15 14:19:34.960,1.13135,1.1314,2.25,1.25
2016.08.15 14:19:35.011,1.13135,1.1314,2.25,1.69
2016.08.15 14:19:35.063,1.13137,1.1314,1.00,2.06
2016.08.15 14:19:35.114,1.13138,1.1314,1.00,1.31
2016.08.15 14:19:35.474,1.13137,1.1314,1.00,1.25
2016.08.15 14:19:35.983,1.13138,1.1314,1.00,1.25
2016.08.15 14:19:36.290,1.13139,1.13142,1.00,1.69
2016.08.15 14:19:36.576,1.13141,1.13143,2.25,1.00
2016.08.15 14:19:36.628,1.13145,1.13148,1.50,2.44
2016.08.15 14:19:36.679,1.13145,1.13148,1.50,1.94
2016.08.15 14:19:36.730,1.13146,1.13148,1.00,1.69
2016.08.15 14:19:36.782,1.13146,1.13148,1.00,1.31
2016.08.15 14:19:36.834,1.13146,1.13148,1.00,1.19
2016.08.15 14:19:36.887,1.13147,1.13148,1.00,1.25
2016.08.15 14:19:36.938,1.13146,1.13148,1.00,1.19
2016.08.15 14:19:36.990,1.13145,1.13148,1.50,1.19
2016.08.15 14:19:37.092,1.13147,1.13148,1.00,1.25
2016.08.15 14:19:37.486,1.13145,1.13148,1.00,1.19
2016.08.15 14:19:37.587,1.13145,1.13148,1.50,1.19
2016.08.15 14:19:37.638,1.13145,1.13148,1.00,1.19
2016.08.15 14:19:38.158,1.13147,1.13148,1.00,1.25
2016.08.15 14:19:38.638,1.13146,1.13148,1.00,1.19
2016.08.15 14:19:38.740,1.13147,1.13148,1.00,1.25
2016.08.15 14:19:38.842,1.13147,1.1315,1.00,1.25
2016.08.15 14:19:38.893,1.13146,1.1315,2.25,1.25
2016.08.15 14:19:39.049,1.13148,1.1315,1.00,1.25
2016.08.15 14:19:39.202,1.13149,1.1315,1.00,1.31
2016.08.15 14:19:39.252,1.13147,1.1315,1.00,1.31
2016.08.15 14:19:39.354,1.13149,1.13151,1.00,1.31
2016.08.15 14:19:39.898,1.13148,1.1315,1.00,1.31
2016.08.15 14:19:40.050,1.13148,1.13151,1.00,1.69
2016.08.15 14:19:40.253,1.13148,1.1315,1.00,1.31
2016.08.15 14:19:40.405,1.13147,1.1315,1.00,1.25
2016.08.15 14:19:40.507,1.13149,1.13151,1.00,1.31
2016.08.15 14:19:40.761,1.13149,1.1315,1.00,1.25
2016.08.15 14:19:41.152,1.13147,1.1315,1.00,1.31
2016.08.15 14:19:41.203,1.13146,1.1315,1.00,2.06
2016.08.15 14:19:41.304,1.13148,1.1315,1.00,1.25
2016.08.15 14:19:41.457,1.13148,1.13151,1.00,1.31
2016.08.15 14:19:41.508,1.13148,1.1315,1.00,1.25
2016.08.15 14:19:42.577,1.13149,1.1315,1.00,1.25
2016.08.15 14:19:42.841,1.13147,1.1315,1.50,1.25
2016.08.15 14:19:42.893,1.13148,1.1315,1.00,1.25
2016.08.15 14:19:42.944,1.13146,1.1315,1.00,1.69
2016.08.15 14:19:42.996,1.13148,1.1315,1.00,2.44
2016.08.15 14:19:43.047,1.13147,1.1315,1.00,1.69
2016.08.15 14:19:43.098,1.13148,1.1315,1.00,1.31
2016.08.15 14:19:43.200,1.13148,1.1315,1.00,1.25
2016.08.15 14:19:43.615,1.13147,1.1315,1.00,1.69
2016.08.15 14:19:43.666,1.13147,1.1315,1.00,2.06
2016.08.15 14:19:43.717,1.13146,1.1315,1.50,2.44
2016.08.15 14:19:43.768,1.13146,1.1315,1.50,1.62
2016.08.15 14:19:43.819,1.13146,1.1315,1.50,1.31
2016.08.15 14:19:43.921,1.13146,1.1315,1.50,1.25
2016.08.15 14:19:44.176,1.13149,1.1315,1.00,1.25
2016.08.15 14:19:44.329,1.13148,1.1315,1.12,1.25
2016.08.15 14:19:44.431,1.13148,1.13152,1.12,2.06
2016.08.15 14:19:45.088,1.13148,1.13152,1.12,2.44
2016.08.15 14:19:45.394,1.13149,1.13152,1.00,1.69
2016.08.15 14:19:46.044,1.13146,1.13151,1.12,1.62
2016.08.15 14:19:46.096,1.13146,1.13149,1.00,1.25
2016.08.15 14:19:46.147,1.13145,1.13149,1.87,1.25
2016.08.15 14:19:46.199,1.13145,1.13149,1.87,2.06
2016.08.15 14:19:46.250,1.13145,1.13149,1.12,1.62
2016.08.15 14:19:46.501,1.13145,1.13149,1.87,1.62
2016.08.15 14:19:46.552,1.13146,1.13149,1.00,1.31
2016.08.15 14:19:46.656,1.13145,1.13149,1.00,2.06
2016.08.15 14:19:46.707,1.13145,1.13149,1.00,1.62
2016.08.15 14:19:46.759,1.13145,1.13149,1.00,2.06
2016.08.15 14:19:46.809,1.13145,1.13148,1.00,1.00
2016.08.15 14:19:46.860,1.13143,1.13148,1.50,1.00
2016.08.15 14:19:46.912,1.13144,1.13148,1.00,1.50
2016.08.15 14:19:46.965,1.13143,1.13148,1.00,1.00
2016.08.15 14:19:47.016,1.13143,1.13149,1.00,2.44
2016.08.15 14:19:47.067,1.13143,1.13149,1.00,3.19
2016.08.15 14:19:47.118,1.13144,1.13149,1.00,3.79
2016.08.15 14:19:47.169,1.13144,1.13148,1.00,1.00
2016.08.15 14:19:47.220,1.13144,1.13148,1.00,1.50
2016.08.15 14:19:47.557,1.13144,1.13146,1.12,1.25
2016.08.15 14:19:47.608,1.13143,1.13146,1.50,1.25
2016.08.15 14:19:47.812,1.13144,1.13146,1.12,1.25
2016.08.15 14:19:47.914,1.13143,1.13146,1.50,1.25
2016.08.15 14:19:47.965,1.13145,1.13146,1.00,1.25
2016.08.15 14:19:48.016,1.13146,1.13147,1.00,1.31
2016.08.15 14:19:48.176,1.13145,1.13146,1.00,1.25
2016.08.15 14:19:48.227,1.13145,1.13146,1.50,1.25
2016.08.15 14:19:48.616,1.13144,1.13146,1.12,1.25
2016.08.15 14:19:48.667,1.13145,1.13146,1.50,1.25
2016.08.15 14:19:49.145,1.13145,1.13147,1.00,1.25
2016.08.15 14:19:49.348,1.13143,1.13146,1.50,1.25
2016.08.15 14:19:50.159,1.13144,1.13148,1.87,1.25
2016.08.15 14:19:50.210,1.13144,1.13148,1.87,2.06
2016.08.15 14:19:50.261,1.13144,1.1315,1.87,5.44
2016.08.15 14:19:50.312,1.13145,1.1315,1.00,5.44
2016.08.15 14:19:50.364,1.13145,1.13147,1.00,1.25
2016.08.15 14:19:50.517,1.13145,1.13147,1.87,1.25
2016.08.15 14:19:50.569,1.13146,1.13147,1.00,1.25
2016.08.15 14:19:51.154,1.13145,1.13147,1.87,1.25
2016.08.15 14:19:51.205,1.13145,1.13147,1.50,1.25
2016.08.15 14:19:51.256,1.13144,1.13147,1.00,1.25
2016.08.15 14:19:51.537,1.13144,1.13147,1.00,1.31
2016.08.15 14:19:52.424,1.13144,1.13147,1.00,1.62
2016.08.15 14:19:52.475,1.13144,1.13146,1.00,1.31
2016.08.15 14:19:52.732,1.13145,1.13146,1.00,1.25
2016.08.15 14:19:53.121,1.13145,1.13148,1.50,1.69
2016.08.15 14:19:53.393,1.13145,1.13148,1.87,1.69
2016.08.15 14:19:53.624,1.13145,1.13148,2.62,1.69
2016.08.15 14:19:53.754,1.13145,1.13148,1.87,1.69
2016.08.15 14:19:53.895,1.13145,1.13148,1.87,1.31
2016.08.15 14:19:53.946,1.13145,1.13148,1.12,1.69
2016.08.15 14:19:54.098,1.13145,1.13148,1.87,1.56
2016.08.15 14:19:54.200,1.13145,1.13148,1.50,1.56
2016.08.15 14:19:54.302,1.13144,1.13148,1.00,2.06
2016.08.15 14:19:54.696,1.13145,1.13148,1.00,2.06
2016.08.15 14:19:54.798,1.13144,1.13146,1.00,1.25
2016.08.15 14:19:54.849,1.13144,1.13146,1.00,1.31
2016.08.15 14:19:54.951,1.13144,1.13146,1.00,1.25
2016.08.15 14:19:55.154,1.13144,1.13146,1.00,1.31
2016.08.15 14:19:55.357,1.13142,1.13146,1.87,1.31
2016.08.15 14:19:55.609,1.13142,1.13146,1.87,1.25
2016.08.15 14:19:55.660,1.13145,1.13146,1.50,1.25
2016.08.15 14:19:55.762,1.13145,1.13146,1.00,1.25
2016.08.15 14:19:55.864,1.13144,1.13146,1.00,1.25
2016.08.15 14:19:55.979,1.13142,1.13146,1.87,1.25
2016.08.15 14:19:56.112,1.13145,1.13146,1.00,1.25
2016.08.15 14:19:56.164,1.13143,1.13146,1.00,1.25
2016.08.15 14:19:56.214,1.13145,1.13146,1.00,1.25
2016.08.15 14:19:56.380,1.13145,1.13146,1.50,1.25
2016.08.15 14:19:57.122,1.13145,1.13146,1.00,1.25
2016.08.15 14:19:57.263,1.13145,1.13146,1.50,1.25
2016.08.15 14:19:57.363,1.13145,1.13146,1.00,1.25
2016.08.15 14:19:57.495,1.13144,1.13146,1.00,1.25
2016.08.15 14:19:57.546,1.13144,1.13148,1.50,2.44
2016.08.15 14:19:57.598,1.13144,1.13148,1.00,2.44
2016.08.15 14:19:57.649,1.13144,1.13146,1.00,1.31
2016.08.15 14:19:58.607,1.13144,1.13146,1.00,1.69
2016.08.15 14:19:58.709,1.13143,1.13146,1.50,1.69
2016.08.15 14:19:58.760,1.13143,1.13146,1.00,1.69
2016.08.15 14:19:59.014,1.13142,1.13146,1.50,1.69
2016.08.15 14:19:59.393,1.13146,1.13148,1.00,1.69
2016.08.15 14:19:59.445,1.13146,1.13148,2.25,1.69
2016.08.15 14:19:59.496,1.13147,1.13149,1.00,1.50
2016.08.15 14:19:59.547,1.13146,1.13149,1.00,1.12
2016.08.15 14:19:59.598,1.13145,1.13149,3.56,1.12
2016.08.15 14:19:59.802,1.13146,1.13149,1.00,1.12
2016.08.15 14:19:59.954,1.13148,1.1315,1.00,2.06
2016.08.15 14:20:00.056,1.13147,1.1315,1.00,1.31
2016.08.15 14:20:00.693,1.13148,1.1315,1.00,1.31
2016.08.15 14:20:00.990,1.13148,1.1315,1.00,1.25
2016.08.15 14:20:01.193,1.13151,1.13152,1.00,1.69
2016.08.15 14:20:01.244,1.13152,1.13153,1.00,1.31
2016.08.15 14:20:01.295,1.13151,1.13153,1.12,1.25
2016.08.15 14:20:01.348,1.13152,1.13154,1.00,1.31
2016.08.15 14:20:01.710,1.13149,1.13152,2.81,2.29
2016.08.15 14:20:01.760,1.13149,1.13152,1.56,3.04
2016.08.15 14:20:01.811,1.13149,1.13152,1.56,2.06
2016.08.15 14:20:01.862,1.13149,1.13152,1.69,2.06
2016.08.15 14:20:01.964,1.13148,1.13152,1.56,2.81
2016.08.15 14:20:02.015,1.13148,1.13152,1.56,3.19
2016.08.15 14:20:02.066,1.13148,1.13152,2.06,3.19
2016.08.15 14:20:02.219,1.13148,1.13152,2.06,2.81
2016.08.15 14:20:02.850,1.13148,1.13152,1.56,3.41
2016.08.15 14:20:02.920,1.13148,1.13152,1.56,2.81
2016.08.15 14:20:04.148,1.13148,1.13152,2.06,2.06
2016.08.15 14:20:04.199,1.13149,1.13152,1.00,1.69
2016.08.15 14:20:04.251,1.1315,1.13153,1.31,1.25
2016.08.15 14:20:04.302,1.1315,1.13153,1.31,1.31
2016.08.15 14:20:04.353,1.1315,1.13153,1.50,1.31
2016.08.15 14:20:04.506,1.13151,1.13153,1.00,1.25
2016.08.15 14:20:04.608,1.13151,1.13153,1.00,1.31
2016.08.15 14:20:05.377,1.13152,1.13155,1.31,2.44
2016.08.15 14:20:05.433,1.13152,1.13155,1.56,2.06
2016.08.15 14:20:05.485,1.13152,1.13155,1.56,1.31
2016.08.15 14:20:05.791,1.13152,1.13156,1.56,2.06
2016.08.15 14:20:05.842,1.13152,1.13156,1.56,2.44
2016.08.15 14:20:06.312,1.13153,1.13156,1.31,1.69
2016.08.15 14:20:06.363,1.13153,1.13156,1.31,1.62
2016.08.15 14:20:06.414,1.13152,1.13156,1.56,1.62
2016.08.15 14:20:06.465,1.13152,1.13156,1.56,1.69
2016.08.15 14:20:06.567,1.13154,1.13156,1.00,1.31
2016.08.15 14:20:06.669,1.13154,1.13156,1.50,1.69
2016.08.15 14:20:06.771,1.13154,1.13156,1.00,1.69
2016.08.15 14:20:06.822,1.13153,1.13156,1.00,1.31
2016.08.15 14:20:06.924,1.13153,1.13156,1.00,1.25
2016.08.15 14:20:07.272,1.13153,1.13156,1.00,1.62
2016.08.15 14:20:07.783,1.13152,1.13156,1.00,1.62
2016.08.15 14:20:07.846,1.1315,1.13152,2.62,1.00
2016.08.15 14:20:07.897,1.1315,1.13151,1.00,1.00
2016.08.15 14:20:07.948,1.1315,1.13151,1.00,1.35
2016.08.15 14:20:07.999,1.13148,1.13149,1.00,1.30
2016.08.15 14:20:08.262,1.13147,1.13149,1.00,1.30
2016.08.15 14:20:08.314,1.13147,1.1315,1.00,2.44
2016.08.15 14:20:08.365,1.13146,1.1315,1.00,3.19
2016.08.15 14:20:08.467,1.13146,1.1315,1.00,2.81
2016.08.15 14:20:08.774,1.13146,1.1315,1.00,3.41
2016.08.15 14:20:09.108,1.13146,1.1315,1.00,2.81
2016.08.15 14:20:09.159,1.13146,1.1315,1.00,3.19
2016.08.15 14:20:09.419,1.13147,1.1315,1.00,2.44
2016.08.15 14:20:09.470,1.13148,1.1315,1.00,1.69
2016.08.15 14:20:09.576,1.13148,1.1315,1.00,1.62
2016.08.15 14:20:09.630,1.13148,1.1315,1.00,1.31
2016.08.15 14:20:09.936,1.13148,1.1315,1.00,1.69
2016.08.15 14:20:10.213,1.13146,1.1315,1.00,2.00
2016.08.15 14:20:10.264,1.13146,1.1315,1.00,2.44
2016.08.15 14:20:10.315,1.13146,1.1315,1.00,3.04
2016.08.15 14:20:10.825,1.13146,1.1315,1.00,2.44
2016.08.15 14:20:10.876,1.13146,1.1315,1.00,3.04
2016.08.15 14:20:11.135,1.13146,1.1315,1.00,3.79
2016.08.15 14:20:11.407,1.13144,1.1315,1.50,4.31
2016.08.15 14:20:11.458,1.13144,1.13149,1.50,1.75
2016.08.15 14:20:11.509,1.13144,1.1315,1.50,4.31
2016.08.15 14:20:11.673,1.13145,1.1315,1.00,4.69
2016.08.15 14:20:12.475,1.13145,1.1315,1.00,5.29
2016.08.15 14:20:12.590,1.13145,1.1315,1.00,4.69
2016.08.15 14:20:13.128,1.13146,1.1315,1.00,5.06
2016.08.15 14:20:13.213,1.13146,1.13148,1.00,1.00
2016.08.15 14:20:14.558,1.13147,1.1315,1.00,2.81
2016.08.15 14:20:14.609,1.13146,1.1315,1.00,3.19
2016.08.15 14:20:14.660,1.13145,1.13149,2.25,1.37
2016.08.15 14:20:14.711,1.13145,1.1315,1.50,2.06
2016.08.15 14:20:14.762,1.13145,1.1315,1.50,2.44
2016.08.15 14:20:14.839,1.13146,1.1315,1.00,3.19
2016.08.15 14:20:14.941,1.13146,1.13147,1.00,1.00
2016.08.15 14:20:15.145,1.13145,1.1315,1.50,2.44
2016.08.15 14:20:15.246,1.13145,1.13149,1.00,1.00
2016.08.15 14:20:15.513,1.13145,1.1315,1.50,2.44
2016.08.15 14:20:15.564,1.13146,1.13149,1.00,1.00
2016.08.15 14:20:15.669,1.13147,1.1315,1.00,1.31
2016.08.15 14:20:15.771,1.13147,1.1315,1.00,1.69
2016.08.15 14:20:15.822,1.13147,1.1315,1.00,1.31
2016.08.15 14:20:15.873,1.13147,1.1315,1.00,1.25
2016.08.15 14:20:15.986,1.13149,1.13151,1.00,2.06
2016.08.15 14:20:16.038,1.13149,1.1315,1.00,1.25
2016.08.15 14:20:16.140,1.13148,1.13151,1.00,1.69
2016.08.15 14:20:16.869,1.1315,1.13151,1.50,1.00
2016.08.15 14:20:17.159,1.1315,1.13151,1.00,1.00
2016.08.15 14:20:17.386,1.1315,1.13152,1.50,1.00
2016.08.15 14:20:18.035,1.1315,1.13152,1.00,1.00
2016.08.15 14:20:18.188,1.1315,1.13152,1.50,1.00
2016.08.15 14:20:18.388,1.1315,1.13153,1.50,1.25
2016.08.15 14:20:18.557,1.1315,1.13153,1.00,1.25
2016.08.15 14:20:19.441,1.13151,1.13153,1.00,1.25
2016.08.15 14:20:20.269,1.13152,1.13154,1.00,1.25
2016.08.15 14:20:20.320,1.13153,1.13155,1.00,2.06
2016.08.15 14:20:20.371,1.13152,1.13155,1.00,2.44
2016.08.15 14:20:20.422,1.13151,1.13154,1.00,1.31
2016.08.15 14:20:21.011,1.13152,1.13154,1.00,1.31
2016.08.15 14:20:21.062,1.13152,1.13154,1.00,1.19
2016.08.15 14:20:21.113,1.13153,1.13156,1.00,1.31
2016.08.15 14:20:21.164,1.13153,1.13155,1.00,1.25
2016.08.15 14:20:21.215,1.13154,1.13156,1.00,1.00
2016.08.15 14:20:21.267,1.13155,1.13157,1.00,1.69
2016.08.15 14:20:21.368,1.13155,1.13157,1.50,1.69
2016.08.15 14:20:21.470,1.13156,1.13158,1.00,2.44
2016.08.15 14:20:21.521,1.13155,1.13157,1.00,1.69
2016.08.15 14:20:21.572,1.13155,1.13157,1.00,2.06
2016.08.15 14:20:21.675,1.13155,1.13157,1.00,2.44
2016.08.15 14:20:22.121,1.13157,1.13159,1.00,3.04
2016.08.15 14:20:22.274,1.13157,1.13159,1.00,2.29
2016.08.15 14:20:22.326,1.13157,1.13159,1.00,1.69
2016.08.15 14:20:22.377,1.13155,1.13158,1.00,1.69
2016.08.15 14:20:22.429,1.13155,1.13157,1.00,1.31
2016.08.15 14:20:22.480,1.13155,1.13157,1.00,1.69
2016.08.15 14:20:22.531,1.13155,1.13157,1.50,1.69
2016.08.15 14:20:22.582,1.13155,1.13157,1.50,1.62
2016.08.15 14:20:22.633,1.13155,1.13157,1.00,1.62
2016.08.15 14:20:22.685,1.13155,1.13157,1.50,1.62
2016.08.15 14:20:22.736,1.13155,1.13157,1.00,1.62
2016.08.15 14:20:22.787,1.13156,1.13157,1.00,1.31
2016.08.15 14:20:22.892,1.13155,1.13157,1.00,1.69
2016.08.15 14:20:23.326,1.13156,1.13157,1.00,1.31
2016.08.15 14:20:23.377,1.13155,1.13157,1.00,1.69
2016.08.15 14:20:23.479,1.13156,1.13157,1.00,1.31
2016.08.15 14:20:23.632,1.13156,1.13158,1.00,1.69
2016.08.15 14:20:23.735,1.13155,1.13157,1.00,1.31
2016.08.15 14:20:23.786,1.13156,1.13157,1.00,1.25
2016.08.15 14:20:23.940,1.13156,1.13158,1.00,1.69
2016.08.15 14:20:24.504,1.13154,1.13157,1.50,1.31
2016.08.15 14:20:24.798,1.13155,1.13157,1.00,1.31
2016.08.15 14:20:25.020,1.13156,1.13158,1.00,1.69
2016.08.15 14:20:25.241,1.13156,1.13157,1.00,1.31
2016.08.15 14:20:25.685,1.13156,1.13158,1.00,1.69
2016.08.15 14:20:26.127,1.13156,1.13157,1.00,1.31
2016.08.15 14:20:26.865,1.13156,1.13158,1.00,1.69
2016.08.15 14:20:27.018,1.13156,1.13158,1.00,1.00
2016.08.15 14:20:27.069,1.13157,1.1316,1.00,2.44
2016.08.15 14:20:28.117,1.13154,1.1316,1.50,2.44
2016.08.15 14:20:28.219,1.13157,1.1316,1.00,2.44
2016.08.15 14:20:28.673,1.13155,1.1316,1.00,2.44
2016.08.15 14:20:28.724,1.13157,1.1316,1.00,2.44
2016.08.15 14:20:29.263,1.13154,1.13158,1.00,2.44
2016.08.15 14:20:29.315,1.13155,1.13158,1.00,3.19
2016.08.15 14:20:29.417,1.13155,1.13158,1.50,2.44
2016.08.15 14:20:29.823,1.13155,1.13158,1.00,2.44
2016.08.15 14:20:29.874,1.13155,1.13157,1.00,1.00
2016.08.15 14:20:29.976,1.13155,1.13158,1.50,2.44
2016.08.15 14:20:30.027,1.13155,1.13158,1.00,2.44
2016.08.15 14:20:30.129,1.13155,1.13158,1.50,2.44
2016.08.15 14:20:30.522,1.13155,1.13158,1.00,2.44
2016.08.15 14:20:30.674,1.13156,1.13159,1.00,3.04
2016.08.15 14:20:30.776,1.13155,1.13158,1.00,2.44
2016.08.15 14:20:31.035,1.13156,1.13159,1.00,3.04
2016.08.15 14:20:31.187,1.13155,1.13158,1.50,1.69
2016.08.15 14:20:31.836,1.13155,1.13158,1.00,1.69
2016.08.15 14:20:31.887,1.13155,1.13158,1.50,1.69
2016.08.15 14:20:32.558,1.13155,1.13158,1.50,1.62
2016.08.15 14:20:32.609,1.13155,1.13158,1.50,1.69
2016.08.15 14:20:32.710,1.13155,1.13158,1.50,1.62
2016.08.15 14:20:33.008,1.13155,1.13158,1.50,1.69
2016.08.15 14:20:34.042,1.13155,1.13158,1.00,1.69
2016.08.15 14:20:34.094,1.13155,1.13158,1.50,1.69
2016.08.15 14:20:34.308,1.13155,1.13158,1.50,1.31
2016.08.15 14:20:35.146,1.13155,1.13158,1.00,1.25
2016.08.15 14:20:35.197,1.13155,1.13158,1.00,1.62
2016.08.15 14:20:35.249,1.13155,1.13158,1.50,2.00
2016.08.15 14:20:35.299,1.13155,1.13158,1.00,2.00
2016.08.15 14:20:35.545,1.13155,1.13158,1.50,2.00
2016.08.15 14:20:35.878,1.13155,1.13158,1.00,1.69
2016.08.15 14:20:36.133,1.13155,1.13158,1.00,1.62
2016.08.15 14:20:36.184,1.13157,1.13158,1.00,1.25
2016.08.15 14:20:38.026,1.13156,1.13158,1.00,1.62
2016.08.15 14:20:38.655,1.13156,1.13158,1.00,1.25
2016.08.15 14:20:38.809,1.13157,1.13159,1.00,1.31
2016.08.15 14:20:38.860,1.13156,1.13158,1.00,1.25
2016.08.15 14:20:40.209,1.13156,1.1316,1.00,2.06
2016.08.15 14:20:40.960,1.13156,1.1316,1.00,1.69
2016.08.15 14:20:41.211,1.13156,1.1316,1.00,2.44
2016.08.15 14:20:41.415,1.13156,1.1316,1.00,2.06
2016.08.15 14:20:41.517,1.13157,1.1316,1.00,1.69
2016.08.15 14:20:41.569,1.13156,1.1316,1.00,2.44
2016.08.15 14:20:42.018,1.13156,1.1316,1.00,3.19
2016.08.15 14:20:42.119,1.13156,1.13159,1.00,1.25
2016.08.15 14:20:42.171,1.13155,1.1316,1.00,3.19
2016.08.15 14:20:42.223,1.13155,1.13158,1.00,1.69
2016.08.15 14:20:42.375,1.13156,1.13158,1.00,1.31
2016.08.15 14:20:42.426,1.13156,1.13158,1.00,1.25
2016.08.15 14:20:43.082,1.13157,1.13159,1.00,1.31
2016.08.15 14:20:43.133,1.13157,1.13158,1.00,1.25
2016.08.15 14:20:43.184,1.13157,1.13158,1.00,1.31
2016.08.15 14:20:43.686,1.13157,1.13159,1.00,1.31
2016.08.15 14:20:44.029,1.13156,1.13158,1.00,1.25
2016.08.15 14:20:44.080,1.13156,1.13158,1.00,1.31
2016.08.15 14:20:44.940,1.13156,1.13158,1.00,1.25
2016.08.15 14:20:47.781,1.13155,1.13158,1.12,1.62
2016.08.15 14:20:48.331,1.13155,1.13158,1.87,1.62
2016.08.15 14:20:48.417,1.13155,1.13158,1.12,1.62
2016.08.15 14:20:48.752,1.13153,1.13158,1.50,1.62
2016.08.15 14:20:49.734,1.13155,1.13158,1.50,1.62
2016.08.15 14:20:50.039,1.13155,1.13158,1.50,1.31
2016.08.15 14:20:50.192,1.13155,1.13158,1.50,1.62
2016.08.15 14:20:50.243,1.13155,1.13158,1.50,1.69
2016.08.15 14:20:50.344,1.13155,1.13158,1.00,1.69
2016.08.15 14:20:50.571,1.13154,1.13158,2.62,1.69
2016.08.15 14:20:50.622,1.13154,1.13158,2.62,1.31
2016.08.15 14:20:50.673,1.13156,1.13158,1.00,1.25
2016.08.15 14:20:50.723,1.13158,1.1316,1.00,2.44
2016.08.15 14:20:50.774,1.13158,1.1316,1.00,2.06
2016.08.15 14:20:50.825,1.13156,1.13158,1.00,1.25
2016.08.15 14:20:51.234,1.13155,1.13158,1.50,2.44
2016.08.15 14:20:51.285,1.13155,1.13158,1.50,2.06
2016.08.15 14:20:51.336,1.13155,1.13158,1.50,1.69
2016.08.15 14:20:51.387,1.13155,1.13158,1.00,1.25
2016.08.15 14:20:51.591,1.13155,1.13158,1.50,1.25
2016.08.15 14:20:51.787,1.13155,1.1316,1.50,1.50
2016.08.15 14:20:51.975,1.13155,1.1316,1.00,1.50
2016.08.15 14:20:52.144,1.13155,1.1316,1.50,1.50
2016.08.15 14:20:52.476,1.13155,1.1316,1.50,1.87
2016.08.15 14:20:52.527,1.13155,1.1316,1.00,1.87
2016.08.15 14:20:52.578,1.13155,1.1316,1.50,1.87
2016.08.15 14:20:52.680,1.13155,1.1316,1.00,1.87
2016.08.15 14:20:53.019,1.13156,1.1316,1.00,1.12
2016.08.15 14:20:53.070,1.13158,1.1316,1.00,1.00
2016.08.15 14:20:53.121,1.13159,1.13161,1.00,1.20
2016.08.15 14:20:53.173,1.1316,1.13162,1.00,1.01
2016.08.15 14:20:53.224,1.13158,1.13163,1.50,1.50
2016.08.15 14:20:53.275,1.13163,1.13164,1.00,1.31
2016.08.15 14:20:53.326,1.13164,1.13166,1.00,1.69
2016.08.15 14:20:53.861,1.13164,1.13167,1.50,1.37
2016.08.15 14:20:53.912,1.13166,1.1317,1.00,2.81
2016.08.15 14:20:53.963,1.13167,1.1317,1.00,2.06
2016.08.15 14:20:54.014,1.13167,1.1317,1.00,1.69
2016.08.15 14:20:54.065,1.13167,1.1317,1.12,1.69
2016.08.15 14:20:54.116,1.13168,1.1317,1.00,1.69
2016.08.15 14:20:54.218,1.13167,1.1317,1.00,1.25
2016.08.15 14:20:57.710,1.13168,1.1317,1.00,1.25
2016.08.15 14:20:59.275,1.13168,1.13171,1.50,1.87
2016.08.15 14:20:59.326,1.13168,1.13171,1.00,1.12
2016.08.15 14:20:59.819,1.13167,1.1317,1.00,1.31
2016.08.15 14:21:00.226,1.13165,1.1317,2.25,2.44
2016.08.15 14:21:00.279,1.13165,1.13168,1.50,1.00
2016.08.15 14:21:00.342,1.13165,1.13168,1.00,1.50
2016.08.15 14:21:00.445,1.13165,1.13168,1.00,1.12
2016.08.15 14:21:00.496,1.13163,1.13167,1.00,1.87
2016.08.15 14:21:00.547,1.13164,1.13167,1.00,1.37
2016.08.15 14:21:00.598,1.13165,1.13167,1.00,1.37
2016.08.15 14:21:00.699,1.13164,1.13168,1.00,1.87
2016.08.15 14:21:00.802,1.13162,1.13167,1.00,1.00
2016.08.15 14:21:01.373,1.13165,1.13168,1.00,1.72
2016.08.15 14:21:01.425,1.13165,1.13168,1.00,1.00
2016.08.15 14:21:01.477,1.13165,1.13169,1.00,1.31
2016.08.15 14:21:01.630,1.13165,1.13169,1.00,1.31
2016.08.15 14:21:01.681,1.13165,1.13169,1.00,1.69
2016.08.15 14:21:01.783,1.13164,1.13169,1.50,1.69
2016.08.15 14:21:01.834,1.13164,1.13169,1.00,2.06
2016.08.15 14:21:01.885,1.13163,1.13167,1.00,1.00
2016.08.15 14:21:01.936,1.13163,1.13167,1.00,1.67
2016.08.15 14:21:01.988,1.13163,1.13167,1.00,2.44
2016.08.15 14:21:02.143,1.13163,1.13166,1.00,1.31
2016.08.15 14:21:02.687,1.13162,1.13166,1.00,1.69
2016.08.15 14:21:02.738,1.13162,1.13166,1.00,2.44
2016.08.15 14:21:02.841,1.13162,1.13166,1.00,3.19
2016.08.15 14:21:02.965,1.13162,1.13165,1.00,1.35
2016.08.15 14:21:03.067,1.13162,1.13165,1.00,1.67
2016.08.15 14:21:03.118,1.13162,1.13165,1.00,1.72
2016.08.15 14:21:03.169,1.13162,1.13166,1.00,3.19
2016.08.15 14:21:03.495,1.13163,1.13166,1.00,2.81
2016.08.15 14:21:03.547,1.13162,1.13166,1.00,2.81
2016.08.15 14:21:03.803,1.13163,1.13166,1.00,1.31
2016.08.15 14:21:03.905,1.13162,1.13166,1.00,2.06
2016.08.15 14:21:04.531,1.13162,1.13166,1.00,2.44
2016.08.15 14:21:05.436,1.13162,1.13166,1.00,1.69
2016.08.15 14:21:06.049,1.13162,1.13166,1.00,2.44
2016.08.15 14:21:06.421,1.13162,1.13166,1.00,2.81
2016.08.15 14:21:06.682,1.13161,1.13166,1.00,1.69
2016.08.15 14:21:06.733,1.13163,1.13166,1.00,1.31
2016.08.15 14:21:06.835,1.13163,1.13167,1.00,1.87
2016.08.15 14:21:07.367,1.13163,1.13166,1.00,1.00
2016.08.15 14:21:07.470,1.13163,1.13167,1.00,1.87
2016.08.15 14:21:07.623,1.13164,1.13167,1.50,1.87
2016.08.15 14:21:07.724,1.13165,1.13167,1.00,1.87
2016.08.15 14:21:07.832,1.13164,1.13167,1.00,1.37
2016.08.15 14:21:08.339,1.13165,1.13167,1.00,1.37
2016.08.15 14:21:08.542,1.13164,1.13166,1.00,1.00
2016.08.15 14:21:08.593,1.13164,1.13166,1.00,1.12
2016.08.15 14:21:08.695,1.13164,1.13166,1.00,1.12
2016.08.15 14:21:08.746,1.13165,1.13166,1.50,1.00
2016.08.15 14:21:08.797,1.13165,1.13169,1.50,1.94
2016.08.15 14:21:08.848,1.13166,1.13169,1.00,1.12
2016.08.15 14:21:08.950,1.13167,1.1317,1.00,1.31
2016.08.15 14:21:09.052,1.13167,1.1317,1.00,1.25
2016.08.15 14:21:09.103,1.13167,1.13171,1.00,2.06
2016.08.15 14:21:09.670,1.13167,1.13171,1.00,1.69
2016.08.15 14:21:09.875,1.13168,1.13171,1.00,1.31
2016.08.15 14:21:09.953,1.13169,1.13171,1.00,1.12
2016.08.15 14:21:10.005,1.13168,1.13171,1.00,1.50
2016.08.15 14:21:10.159,1.13168,1.13171,1.00,1.00
2016.08.15 14:21:10.261,1.13168,1.13171,1.00,1.12
2016.08.15 14:21:10.634,1.13168,1.13171,1.00,1.37
2016.08.15 14:21:10.793,1.13167,1.13171,1.00,1.87
2016.08.15 14:21:10.895,1.13165,1.13171,1.50,1.87
2016.08.15 14:21:10.946,1.13165,1.13171,1.50,1.50
2016.08.15 14:21:10.997,1.13165,1.1317,1.50,1.00
2016.08.15 14:21:11.049,1.13167,1.1317,1.00,1.12
2016.08.15 14:21:11.101,1.13167,1.1317,1.00,1.00
2016.08.15 14:21:11.152,1.13168,1.13171,1.00,1.69
2016.08.15 14:21:11.358,1.13168,1.13171,1.00,1.37
2016.08.15 14:21:11.754,1.13168,1.1317,1.00,1.00
2016.08.15 14:21:12.216,1.13167,1.1317,1.50,1.00
2016.08.15 14:21:12.267,1.13167,1.1317,1.50,1.12
2016.08.15 14:21:12.487,1.13168,1.1317,1.50,1.37
2016.08.15 14:21:12.538,1.13168,1.13172,1.00,2.44
2016.08.15 14:21:12.914,1.13168,1.13171,1.00,1.37
2016.08.15 14:21:13.206,1.13167,1.13171,1.00,1.87
2016.08.15 14:21:13.359,1.13167,1.1317,1.00,1.12
2016.08.15 14:21:13.461,1.13167,1.13171,1.00,2.62
2016.08.15 14:21:13.905,1.13167,1.13171,1.00,2.25
2016.08.15 14:21:14.255,1.13167,1.1317,1.00,1.12
2016.08.15 14:21:14.306,1.13165,1.13168,1.87,1.00
2016.08.15 14:21:14.651,1.13164,1.13167,4.12,1.00
2016.08.15 14:21:14.702,1.13164,1.13168,3.37,1.50
2016.08.15 14:21:14.752,1.13164,1.13167,1.00,1.12
2016.08.15 14:21:14.804,1.13163,1.13167,1.57,1.12
2016.08.15 14:21:14.855,1.13161,1.13167,8.59,1.12
2016.08.15 14:21:14.906,1.13161,1.13167,8.32,1.12
2016.08.15 14:21:14.957,1.13162,1.13167,1.00,1.12
2016.08.15 14:21:15.008,1.13162,1.13167,1.00,1.00
2016.08.15 14:21:15.059,1.13162,1.13167,1.87,1.00
2016.08.15 14:21:15.110,1.13162,1.13168,3.00,1.12
2016.08.15 14:21:15.161,1.13165,1.13168,1.00,1.00
2016.08.15 14:21:15.480,1.13163,1.13166,2.62,1.00
2016.08.15 14:21:15.582,1.13163,1.13166,1.87,1.00
2016.08.15 14:21:15.683,1.13163,1.13168,2.62,1.12
2016.08.15 14:21:15.735,1.13163,1.13166,1.87,1.00
2016.08.15 14:21:15.838,1.13162,1.13164,1.50,1.00
2016.08.15 14:21:15.889,1.13162,1.13163,1.12,1.00
2016.08.15 14:21:15.991,1.1316,1.13162,1.12,1.00
2016.08.15 14:21:16.144,1.13158,1.13161,1.00,1.00
2016.08.15 14:21:16.651,1.13158,1.1316,1.00,1.00
2016.08.15 14:21:16.702,1.13156,1.13159,1.00,1.00
2016.08.15 14:21:16.959,1.13157,1.1316,1.00,1.00
2016.08.15 14:21:17.264,1.13158,1.13161,1.00,1.50
2016.08.15 14:21:17.366,1.13156,1.13161,1.00,1.50
2016.08.15 14:21:17.636,1.13156,1.1316,1.87,1.00
2016.08.15 14:21:17.688,1.13156,1.1316,1.87,1.50
2016.08.15 14:21:17.747,1.13156,1.1316,1.87,1.00
2016.08.15 14:21:17.859,1.13156,1.1316,1.87,1.50
2016.08.15 14:21:17.924,1.13157,1.1316,1.00,1.00
2016.08.15 14:21:18.042,1.13157,1.1316,1.00,1.50
2016.08.15 14:21:18.247,1.13157,1.1316,1.00,1.00
2016.08.15 14:21:18.462,1.13156,1.1316,1.50,1.00
2016.08.15 14:21:18.513,1.13155,1.13159,4.12,1.00
2016.08.15 14:21:18.795,1.13155,1.13159,4.50,1.00
2016.08.15 14:21:18.846,1.13157,1.13159,1.00,1.00
2016.08.15 14:21:18.948,1.13155,1.1316,2.62,1.50
2016.08.15 14:21:18.999,1.13155,1.1316,2.62,1.87
2016.08.15 14:21:19.050,1.13155,1.13158,1.00,1.00
2016.08.15 14:21:19.152,1.13154,1.13158,4.12,1.00
2016.08.15 14:21:19.203,1.13154,1.13158,2.62,1.00
2016.08.15 14:21:19.254,1.13154,1.13158,1.50,1.00
2016.08.15 14:21:19.407,1.13154,1.13157,1.00,1.00
2016.08.15 14:21:19.509,1.13155,1.13159,1.00,1.00
2016.08.15 14:21:19.560,1.13157,1.13159,1.00,1.00
2016.08.15 14:21:20.174,1.13156,1.13158,1.00,1.00
2016.08.15 14:21:20.669,1.13154,1.13157,1.87,1.00
2016.08.15 14:21:20.770,1.13154,1.13156,1.00,1.00
2016.08.15 14:21:21.016,1.13153,1.13156,1.50,1.00
2016.08.15 14:21:21.067,1.13153,1.13157,2.06,1.00
2016.08.15 14:21:21.118,1.13153,1.13157,2.81,1.00
2016.08.15 14:21:21.169,1.13154,1.13158,1.00,1.00
2016.08.15 14:21:22.382,1.13154,1.13157,1.00,1.00
2016.08.15 14:21:22.933,1.13155,1.13157,1.00,1.00
2016.08.15 14:21:24.043,1.13155,1.13158,1.00,1.00
2016.08.15 14:21:24.094,1.13155,1.13158,1.56,1.00
2016.08.15 14:21:24.196,1.13155,1.13159,2.06,1.00
2016.08.15 14:21:24.724,1.13156,1.1316,1.31,1.50
2016.08.15 14:21:24.775,1.13158,1.1316,1.00,1.50
2016.08.15 14:21:24.877,1.13158,1.1316,1.00,1.00
2016.08.15 14:21:24.985,1.13158,1.1316,1.00,1.50
2016.08.15 14:21:25.089,1.13158,1.1316,1.00,1.00
2016.08.15 14:21:25.292,1.13158,1.1316,1.00,1.50
2016.08.15 14:21:25.590,1.13158,1.1316,1.00,1.00
2016.08.15 14:21:25.835,1.13158,1.13161,1.00,1.50
2016.08.15 14:21:25.886,1.13158,1.13161,1.00,1.00
2016.08.15 14:21:29.884,1.13157,1.13161,2.62,1.00
2016.08.15 14:21:31.541,1.13157,1.13163,2.62,1.50
2016.08.15 14:21:31.795,1.13158,1.13163,1.00,1.50
2016.08.15 14:21:31.846,1.13158,1.13161,1.00,1.00
2016.08.15 14:21:31.897,1.13156,1.13161,2.06,1.00
2016.08.15 14:21:32.214,1.13157,1.13161,1.00,1.00
2016.08.15 14:21:32.265,1.13157,1.13161,1.00,1.50
2016.08.15 14:21:32.385,1.13158,1.13161,1.00,1.00
2016.08.15 14:21:32.487,1.1316,1.13163,1.00,1.12
2016.08.15 14:21:32.538,1.13158,1.13163,1.50,1.87
2016.08.15 14:21:33.082,1.13158,1.13162,1.50,1.50
2016.08.15 14:21:34.130,1.13158,1.13162,1.50,1.12
2016.08.15 14:21:34.232,1.13158,1.13162,1.50,1.00
2016.08.15 14:21:34.815,1.13158,1.13163,1.50,1.12
2016.08.15 14:21:34.973,1.13158,1.13163,1.50,1.50
2016.08.15 14:21:35.467,1.13161,1.13165,1.00,2.25
2016.08.15 14:21:35.519,1.13161,1.13165,1.00,1.87
2016.08.15 14:21:35.570,1.13163,1.13165,1.00,1.00
2016.08.15 14:21:35.674,1.13164,1.13168,1.00,1.00
2016.08.15 14:21:35.726,1.13165,1.13169,1.00,1.12
2016.08.15 14:21:35.777,1.13165,1.13169,1.00,1.00
2016.08.15 14:21:35.879,1.13166,1.13169,1.00,1.00
2016.08.15 14:21:35.931,1.13166,1.1317,1.50,2.44
2016.08.15 14:21:36.219,1.13169,1.1317,1.00,1.50
2016.08.15 14:21:36.300,1.13173,1.13176,1.00,1.00
2016.08.15 14:21:36.351,1.13172,1.13176,1.00,1.50
2016.08.15 14:21:36.588,1.13172,1.13176,1.87,1.50
2016.08.15 14:21:36.639,1.13172,1.13177,1.87,1.00
2016.08.15 14:21:36.915,1.13174,1.13177,1.00,1.00
2016.08.15 14:21:37.355,1.13174,1.13178,1.00,1.37
2016.08.15 14:21:37.409,1.13174,1.13178,1.00,1.00
2016.08.15 14:21:37.825,1.13173,1.13178,1.00,1.00
2016.08.15 14:21:37.876,1.13173,1.13178,1.00,1.12
2016.08.15 14:21:37.927,1.13173,1.13178,1.00,1.50
2016.08.15 14:21:38.105,1.13173,1.13178,1.00,1.12
2016.08.15 14:21:39.116,1.13173,1.13178,1.00,1.37
2016.08.15 14:21:39.167,1.13173,1.13178,1.50,1.37
2016.08.15 14:21:39.218,1.13174,1.13177,1.00,1.50
2016.08.15 14:21:39.320,1.13174,1.13177,1.00,1.12
2016.08.15 14:21:39.371,1.13173,1.13177,1.50,1.12
2016.08.15 14:21:39.422,1.13173,1.13177,3.37,1.00
2016.08.15 14:21:39.473,1.13174,1.13177,1.00,1.00
2016.08.15 14:21:39.877,1.13174,1.13177,1.00,1.12
2016.08.15 14:21:39.933,1.13174,1.13177,1.00,1.50
2016.08.15 14:21:40.208,1.13174,1.13177,1.00,1.12
2016.08.15 14:21:40.310,1.13174,1.13177,1.00,1.00
2016.08.15 14:21:40.411,1.13174,1.13177,1.00,1.12
2016.08.15 14:21:41.049,1.13173,1.13176,1.50,1.50
2016.08.15 14:21:41.100,1.13173,1.13175,1.00,1.12
2016.08.15 14:21:41.870,1.13173,1.13176,1.00,2.25
2016.08.15 14:21:41.921,1.13173,1.13175,1.00,1.37
2016.08.15 14:21:41.972,1.13173,1.13174,1.00,1.12
2016.08.15 14:21:42.024,1.13171,1.13174,1.87,1.00
2016.08.15 14:21:42.075,1.1317,1.13174,1.57,1.00
2016.08.15 14:21:42.383,1.13172,1.13173,1.00,1.00
2016.08.15 14:21:42.592,1.13171,1.13173,1.87,1.00
2016.08.15 14:21:42.745,1.13171,1.13173,1.00,1.87
2016.08.15 14:21:42.796,1.13169,1.13173,1.50,1.87
2016.08.15 14:21:43.000,1.13169,1.13173,1.50,1.12
2016.08.15 14:21:43.052,1.13169,1.13173,1.50,1.12
2016.08.15 14:21:43.335,1.13169,1.13172,2.62,1.12
2016.08.15 14:21:43.437,1.13169,1.13172,2.62,1.00
2016.08.15 14:21:43.590,1.13169,1.13173,2.62,1.87
2016.08.15 14:21:43.641,1.13169,1.13173,2.62,1.50
2016.08.15 14:21:43.692,1.13169,1.13173,3.37,1.50
2016.08.15 14:21:43.794,1.13169,1.13173,3.37,1.00
2016.08.15 14:21:44.297,1.1317,1.13173,1.00,1.00
2016.08.15 14:21:44.887,1.13171,1.13173,1.00,1.00
2016.08.15 14:21:45.096,1.13171,1.13173,1.00,1.50
2016.08.15 14:21:45.147,1.13171,1.13173,1.00,1.87
2016.08.15 14:21:45.198,1.13169,1.13171,1.87,1.00
2016.08.15 14:21:45.300,1.13169,1.1317,1.87,1.00
2016.08.15 14:21:45.352,1.13168,1.13169,1.95,1.12
2016.08.15 14:21:45.403,1.13167,1.13169,1.87,1.12
2016.08.15 14:21:45.454,1.13167,1.13169,1.00,1.12
2016.08.15 14:21:45.555,1.13167,1.13168,1.00,1.00
2016.08.15 14:21:45.870,1.13163,1.13168,8.02,1.37
2016.08.15 14:21:45.921,1.13164,1.13168,1.50,1.87
2016.08.15 14:21:46.124,1.13163,1.13167,2.02,3.37
2016.08.15 14:21:46.175,1.13163,1.13167,1.65,3.37
2016.08.15 14:21:46.277,1.13163,1.13167,1.27,3.37
2016.08.15 14:21:46.379,1.13163,1.13167,1.12,3.37
2016.08.15 14:21:46.722,1.13163,1.13167,1.87,3.37
2016.08.15 14:21:46.946,1.13163,1.13168,1.12,4.12
2016.08.15 14:21:47.647,1.13163,1.13167,1.12,3.37
2016.08.15 14:21:47.698,1.13164,1.13166,1.00,1.37
2016.08.15 14:21:48.224,1.13163,1.13167,1.50,1.00
2016.08.15 14:21:48.290,1.13163,1.13165,1.00,1.00
2016.08.15 14:21:48.545,1.13163,1.13165,1.00,1.00
2016.08.15 14:21:48.618,1.13162,1.13166,1.50,1.00
2016.08.15 14:21:48.669,1.13162,1.13165,1.50,1.00
2016.08.15 14:21:48.822,1.13162,1.13166,1.50,1.50
2016.08.15 14:21:48.923,1.13162,1.13165,1.12,1.00
2016.08.15 14:21:49.025,1.13162,1.13164,1.12,1.00
2016.08.15 14:21:49.524,1.13162,1.13165,1.12,1.50
2016.08.15 14:21:49.629,1.13162,1.13165,1.12,1.00
2016.08.15 14:21:49.680,1.13162,1.13165,2.25,1.00
2016.08.15 14:21:49.731,1.13162,1.13165,3.00,1.00
2016.08.15 14:21:49.808,1.13162,1.13165,3.00,1.50
2016.08.15 14:21:49.925,1.13163,1.13165,1.00,1.50
2016.08.15 14:21:50.078,1.13163,1.13165,1.00,1.00
2016.08.15 14:21:50.692,1.13163,1.13167,1.00,1.00
2016.08.15 14:21:51.533,1.13163,1.13167,1.00,1.04
2016.08.15 14:21:53.045,1.13163,1.13165,1.00,1.00
2016.08.15 14:21:53.217,1.13163,1.13167,1.00,1.04
2016.08.15 14:21:54.195,1.13163,1.13167,1.00,1.41
2016.08.15 14:21:55.053,1.13163,1.13167,1.00,1.12
2016.08.15 14:21:55.289,1.13163,1.13167,1.00,1.00
2016.08.15 14:21:55.340,1.13163,1.13169,1.50,2.16
2016.08.15 14:21:55.391,1.13163,1.13167,1.00,1.00
2016.08.15 14:21:55.442,1.13161,1.13164,6.52,1.00
2016.08.15 14:21:55.493,1.13161,1.13164,1.65,1.00
2016.08.15 14:21:55.544,1.13161,1.13163,1.50,1.00
2016.08.15 14:21:55.595,1.1316,1.13162,1.00,1.00
2016.08.15 14:21:55.646,1.13158,1.13162,2.25,1.00
2016.08.15 14:21:55.697,1.13158,1.13162,1.00,1.00
2016.08.15 14:21:55.799,1.13156,1.13161,4.20,1.00
2016.08.15 14:21:55.850,1.13156,1.13159,2.62,1.00
2016.08.15 14:21:55.901,1.13157,1.13159,1.12,1.00
2016.08.15 14:21:56.451,1.13155,1.1316,1.87,2.25
2016.08.15 14:21:56.553,1.13155,1.1316,1.87,2.62
2016.08.15 14:21:56.605,1.13155,1.13158,2.25,1.00
2016.08.15 14:21:56.656,1.13155,1.13159,3.00,1.00
2016.08.15 14:21:56.708,1.13155,1.13159,1.12,1.12
2016.08.15 14:21:56.759,1.13155,1.13159,1.87,1.12
2016.08.15 14:21:56.811,1.13155,1.13159,1.50,1.12
2016.08.15 14:21:56.862,1.13155,1.13159,1.50,1.00
2016.08.15 14:21:57.015,1.13155,1.1316,1.00,2.39
2016.08.15 14:21:57.308,1.13155,1.1316,1.00,2.10
2016.08.15 14:21:57.359,1.13155,1.1316,1.50,1.00
2016.08.15 14:21:57.410,1.13155,1.1316,2.25,1.00
2016.08.15 14:21:57.461,1.13155,1.1316,1.00,2.25
2016.08.15 14:21:57.512,1.13155,1.1316,1.00,1.87
2016.08.15 14:21:57.664,1.13155,1.1316,1.00,1.12
2016.08.15 14:21:57.766,1.13155,1.1316,1.00,1.87
2016.08.15 14:21:57.924,1.13154,1.1316,1.50,1.87
2016.08.15 14:21:57.976,1.13154,1.1316,1.50,1.12
2016.08.15 14:21:58.155,1.13154,1.1316,1.50,1.87
2016.08.15 14:21:58.333,1.13154,1.1316,1.50,1.12
2016.08.15 14:21:58.619,1.13156,1.1316,1.00,1.12
2016.08.15 14:21:58.673,1.13156,1.1316,1.00,1.87
2016.08.15 14:21:58.734,1.13156,1.1316,1.00,1.12
2016.08.15 14:21:59.036,1.13156,1.1316,1.00,1.87
2016.08.15 14:21:59.600,1.13156,1.1316,1.00,1.12
2016.08.15 14:21:59.744,1.13156,1.1316,1.00,1.87
2016.08.15 14:21:59.953,1.13154,1.1316,1.50,1.87
2016.08.15 14:22:00.264,1.13155,1.13159,1.50,1.00
2016.08.15 14:22:00.592,1.13158,1.1316,1.00,1.00
2016.08.15 14:22:00.643,1.13159,1.13162,1.50,1.00
2016.08.15 14:22:00.694,1.13159,1.13163,1.50,1.50
2016.08.15 14:22:00.745,1.1316,1.13163,1.00,1.00
2016.08.15 14:22:00.848,1.1316,1.13165,1.50,1.12
2016.08.15 14:22:00.899,1.1316,1.13165,1.50,1.00
2016.08.15 14:22:01.051,1.1316,1.13165,1.00,1.50
2016.08.15 14:22:01.300,1.1316,1.13165,1.50,1.50
2016.08.15 14:22:01.378,1.13161,1.13165,1.00,1.50
2016.08.15 14:22:01.555,1.13162,1.13165,1.50,1.00
2016.08.15 14:22:01.606,1.13162,1.13165,1.00,1.00
2016.08.15 14:22:01.758,1.13162,1.13165,1.50,1.00
2016.08.15 14:22:01.961,1.13162,1.13165,1.00,1.00
2016.08.15 14:22:02.437,1.13162,1.13166,1.00,2.44
2016.08.15 14:22:02.488,1.13162,1.13165,1.00,1.00
2016.08.15 14:22:02.747,1.13162,1.13166,1.00,2.44
2016.08.15 14:22:02.894,1.13162,1.13165,1.00,1.00
2016.08.15 14:22:04.088,1.13162,1.13166,1.00,2.06
2016.08.15 14:22:04.890,1.13162,1.13166,1.00,1.69
2016.08.15 14:22:05.093,1.13162,1.13166,1.00,2.06
2016.08.15 14:22:05.144,1.1316,1.13166,3.37,2.06
2016.08.15 14:22:05.195,1.1316,1.13166,1.87,2.06
2016.08.15 14:22:05.508,1.1316,1.13162,1.00,1.00
2016.08.15 14:22:05.559,1.13158,1.13162,1.65,1.00
2016.08.15 14:22:05.661,1.13158,1.13162,1.00,1.00
2016.08.15 14:22:05.763,1.13157,1.13162,1.20,1.00
2016.08.15 14:22:05.815,1.13157,1.13161,2.02,1.00
2016.08.15 14:22:05.867,1.13157,1.13161,1.87,1.00
2016.08.15 14:22:06.107,1.13157,1.13161,1.00,1.00
2016.08.15 14:22:07.432,1.13158,1.13161,1.00,1.00
2016.08.15 14:22:07.967,1.13159,1.13164,1.50,1.25
2016.08.15 14:22:08.018,1.13159,1.13164,1.87,1.00
2016.08.15 14:22:08.120,1.13161,1.13165,1.00,1.87
2016.08.15 14:22:08.274,1.1316,1.13165,1.00,1.12
2016.08.15 14:22:08.435,1.13159,1.13163,1.50,1.00
2016.08.15 14:22:08.537,1.13159,1.13163,1.00,1.00
2016.08.15 14:22:08.588,1.13158,1.13162,1.87,1.00
2016.08.15 14:22:08.639,1.13159,1.13163,1.00,1.00
2016.08.15 14:22:09.046,1.13158,1.13165,1.50,3.00
2016.08.15 14:22:09.097,1.13158,1.13165,1.50,2.62
2016.08.15 14:22:09.204,1.1316,1.13164,1.00,1.00
2016.08.15 14:22:09.356,1.1316,1.13164,1.00,1.12
2016.08.15 14:22:09.516,1.1316,1.13164,1.00,1.87
2016.08.15 14:22:10.043,1.1316,1.13164,1.00,1.50
2016.08.15 14:22:10.347,1.1316,1.13164,1.00,1.87
2016.08.15 14:22:12.117,1.13159,1.13163,1.00,1.00
2016.08.15 14:22:12.522,1.13158,1.13163,1.50,1.00
2016.08.15 14:22:12.704,1.13159,1.13163,1.00,1.00
2016.08.15 14:22:13.552,1.13163,1.13166,1.50,1.50
2016.08.15 14:22:13.604,1.13163,1.13167,1.50,1.50
2016.08.15 14:22:13.655,1.13165,1.13168,1.00,1.50
2016.08.15 14:22:13.757,1.13166,1.13167,1.00,1.00
2016.08.15 14:22:13.859,1.13166,1.13169,1.00,1.25
2016.08.15 14:22:14.271,1.13166,1.13169,1.00,1.31
2016.08.15 14:22:14.410,1.13168,1.13172,1.00,1.87
2016.08.15 14:22:14.462,1.13168,1.13172,1.00,1.00
2016.08.15 14:22:14.514,1.13168,1.13172,1.00,2.44
2016.08.15 14:22:14.566,1.13168,1.13172,1.00,2.06
2016.08.15 14:22:14.668,1.13168,1.13172,1.00,1.69
2016.08.15 14:22:14.770,1.13168,1.13172,1.00,2.06
2016.08.15 14:22:14.821,1.13168,1.13172,1.00,2.66
2016.08.15 14:22:15.169,1.13168,1.13172,1.00,2.06
2016.08.15 14:22:15.246,1.13171,1.13172,1.00,1.25
2016.08.15 14:22:15.298,1.13169,1.13172,2.25,1.25
2016.08.15 14:22:15.452,1.13169,1.13172,1.50,1.25
2016.08.15 14:22:15.965,1.1317,1.13172,1.50,1.25
2016.08.15 14:22:16.392,1.13169,1.13172,1.00,2.06
2016.08.15 14:22:18.148,1.13169,1.13172,1.00,2.44
2016.08.15 14:22:18.250,1.13169,1.13171,1.00,1.00
2016.08.15 14:22:18.351,1.13169,1.1317,1.00,1.00
2016.08.15 14:22:18.776,1.13168,1.1317,1.00,1.12
2016.08.15 14:22:18.878,1.13169,1.1317,1.00,1.00
2016.08.15 14:22:19.138,1.13168,1.1317,1.00,1.12
2016.08.15 14:22:19.240,1.13169,1.1317,1.00,1.00
2016.08.15 14:22:20.743,1.13168,1.1317,1.00,1.00
2016.08.15 14:22:20.846,1.13168,1.1317,1.00,1.12
2016.08.15 14:22:20.897,1.13167,1.1317,1.50,1.12
2016.08.15 14:22:20.948,1.13168,1.1317,1.00,1.37
2016.08.15 14:22:21.000,1.13168,1.1317,1.00,2.44
2016.08.15 14:22:22.152,1.13167,1.1317,1.50,1.69
2016.08.15 14:22:22.203,1.13169,1.1317,1.00,1.00
2016.08.15 14:22:22.305,1.1317,1.13171,1.50,1.00
2016.08.15 14:22:22.661,1.1317,1.13171,1.00,1.00
2016.08.15 14:22:22.712,1.1317,1.13171,1.50,1.00
2016.08.15 14:22:23.399,1.1317,1.13171,1.00,1.00
2016.08.15 14:22:23.960,1.13169,1.13171,1.00,1.00
2016.08.15 14:22:24.011,1.13168,1.1317,1.00,1.12
2016.08.15 14:22:24.062,1.13168,1.13171,1.00,1.50
2016.08.15 14:22:24.114,1.13168,1.1317,1.00,1.72
2016.08.15 14:22:24.165,1.13166,1.13168,1.00,1.00
2016.08.15 14:22:24.216,1.13165,1.13168,1.00,1.12
2016.08.15 14:22:24.267,1.13165,1.13168,1.00,1.50
2016.08.15 14:22:24.569,1.13166,1.13169,1.00,2.00
2016.08.15 14:22:24.620,1.13167,1.13169,1.00,1.31
2016.08.15 14:22:24.671,1.13167,1.13169,1.00,1.69
2016.08.15 14:22:24.875,1.13167,1.1317,1.00,1.31
2016.08.15 14:22:24.926,1.13168,1.13169,1.00,1.25
2016.08.15 14:22:24.978,1.13168,1.13172,1.00,1.01
2016.08.15 14:22:25.029,1.13168,1.13173,1.00,3.19
2016.08.15 14:22:25.102,1.13169,1.13173,1.00,1.94
2016.08.15 14:22:25.204,1.1317,1.13172,1.50,1.69
2016.08.15 14:22:25.255,1.1317,1.13172,1.00,1.69
2016.08.15 14:22:25.540,1.13169,1.13171,1.50,1.50
2016.08.15 14:22:25.642,1.13169,1.13171,1.00,1.50
2016.08.15 14:22:26.162,1.13168,1.13171,1.00,1.50
2016.08.15 14:22:26.817,1.13168,1.13171,1.00,1.12
2016.08.15 14:22:26.868,1.13169,1.13172,1.00,1.62
2016.08.15 14:22:26.919,1.13169,1.13172,1.00,1.31
2016.08.15 14:22:26.970,1.13169,1.13172,1.00,2.06
2016.08.15 14:22:27.021,1.13169,1.13172,1.00,2.06
2016.08.15 14:22:27.173,1.1317,1.13172,1.00,2.44
2016.08.15 14:22:27.224,1.1317,1.13172,1.50,2.44
2016.08.15 14:22:27.326,1.13169,1.13172,1.00,2.44
2016.08.15 14:22:27.450,1.1317,1.13172,1.50,2.44
2016.08.15 14:22:28.028,1.1317,1.13172,1.00,2.44
2016.08.15 14:22:28.079,1.13168,1.13171,1.00,1.87
2016.08.15 14:22:28.192,1.13168,1.13171,1.00,1.50
2016.08.15 14:22:28.451,1.13168,1.1317,1.00,1.30
2016.08.15 14:22:28.502,1.13166,1.13169,1.50,1.35
2016.08.15 14:22:28.553,1.13166,1.13168,1.00,1.00
2016.08.15 14:22:28.605,1.13165,1.13168,1.50,1.00
2016.08.15 14:22:28.656,1.13166,1.13168,1.00,1.00
2016.08.15 14:22:28.707,1.13165,1.13168,1.00,1.12
2016.08.15 14:22:28.955,1.13165,1.13168,1.00,1.00
2016.08.15 14:22:29.057,1.13167,1.13171,1.00,3.56
2016.08.15 14:22:29.108,1.13167,1.1317,1.00,1.25
2016.08.15 14:22:29.414,1.13167,1.13169,1.00,1.31
2016.08.15 14:22:29.825,1.13167,1.13169,1.00,1.25
2016.08.15 14:22:30.375,1.13166,1.13169,1.00,1.25
2016.08.15 14:22:30.426,1.13167,1.1317,1.00,1.69
2016.08.15 14:22:30.477,1.13167,1.13169,1.00,1.31
2016.08.15 14:22:30.783,1.13167,1.13169,1.00,1.25
2016.08.15 14:22:31.357,1.13167,1.13171,1.00,1.87
2016.08.15 14:22:31.695,1.13168,1.13171,1.00,1.37
2016.08.15 14:22:31.746,1.13168,1.13172,1.00,1.12
2016.08.15 14:22:32.071,1.13169,1.13171,1.00,1.00
2016.08.15 14:22:32.122,1.13169,1.13172,1.00,1.12
2016.08.15 14:22:32.173,1.13169,1.13172,1.00,1.00
2016.08.15 14:22:32.785,1.13169,1.13171,1.00,1.12
2016.08.15 14:22:32.837,1.13166,1.13169,1.00,1.00
2016.08.15 14:22:32.949,1.13167,1.1317,1.00,2.44
2016.08.15 14:22:33.000,1.13167,1.1317,1.00,2.06
2016.08.15 14:22:33.051,1.13167,1.13169,1.00,1.00
2016.08.15 14:22:33.203,1.13167,1.1317,1.00,1.69
2016.08.15 14:22:33.305,1.13167,1.1317,1.00,1.31
2016.08.15 14:22:33.407,1.13168,1.1317,1.00,1.25
2016.08.15 14:22:33.458,1.13168,1.13172,1.00,2.81
2016.08.15 14:22:33.510,1.13169,1.13172,1.00,2.44
2016.08.15 14:22:33.791,1.1317,1.13173,1.00,1.76
2016.08.15 14:22:33.842,1.13172,1.13174,1.00,2.06
2016.08.15 14:22:33.893,1.13172,1.13174,1.00,1.12
2016.08.15 14:22:33.944,1.13172,1.13174,1.00,1.00
2016.08.15 14:22:34.881,1.13171,1.13174,1.00,1.00
2016.08.15 14:22:35.221,1.1317,1.13172,1.50,1.00
2016.08.15 14:22:35.272,1.1317,1.13172,1.00,1.00
2016.08.15 14:22:35.323,1.13171,1.13172,1.00,1.12
2016.08.15 14:22:35.679,1.13171,1.13173,1.00,1.50
2016.08.15 14:22:36.796,1.1317,1.13172,1.50,1.12
2016.08.15 14:22:36.847,1.1317,1.13171,1.50,1.00
2016.08.15 14:22:36.950,1.13169,1.13171,1.00,1.00
2016.08.15 14:22:37.001,1.13169,1.13171,1.00,1.50
2016.08.15 14:22:37.053,1.13167,1.13169,1.00,1.00
2016.08.15 14:22:37.394,1.13165,1.13167,1.00,1.00
2016.08.15 14:22:37.547,1.13164,1.13167,1.00,1.00
2016.08.15 14:22:37.649,1.13164,1.13168,1.00,1.87
2016.08.15 14:22:38.232,1.13164,1.13167,1.00,1.00
2016.08.15 14:22:38.438,1.13162,1.13166,1.00,1.00
2016.08.15 14:22:38.489,1.13162,1.13166,1.00,1.50
2016.08.15 14:22:38.591,1.13163,1.13166,1.00,1.00
2016.08.15 14:22:39.282,1.13163,1.13167,1.00,1.00
2016.08.15 14:22:39.353,1.13163,1.13168,1.00,1.50
2016.08.15 14:22:39.454,1.13163,1.13168,1.00,1.87
2016.08.15 14:22:39.556,1.13163,1.13166,1.00,1.00
2016.08.15 14:22:44.304,1.13164,1.13166,1.00,1.00
2016.08.15 14:22:44.457,1.13165,1.1317,1.50,3.26
2016.08.15 14:22:44.508,1.13167,1.1317,1.00,3.26
2016.08.15 14:22:44.559,1.13167,1.13169,1.00,1.25
2016.08.15 14:22:45.151,1.13167,1.13169,1.12,1.00
2016.08.15 14:22:45.203,1.1317,1.13173,1.00,2.06
2016.08.15 14:22:45.255,1.1317,1.13173,1.00,2.81
2016.08.15 14:22:45.306,1.1317,1.13172,1.50,1.31
2016.08.15 14:22:45.664,1.1317,1.13172,1.00,1.31
2016.08.15 14:22:45.765,1.1317,1.13172,1.50,1.31
2016.08.15 14:22:46.287,1.1317,1.13172,1.00,1.31
2016.08.15 14:22:46.497,1.1317,1.13172,1.50,1.31
2016.08.15 14:22:46.563,1.1317,1.13172,1.00,1.31
2016.08.15 14:22:46.768,1.13171,1.13173,1.00,1.25
2016.08.15 14:22:46.972,1.13172,1.13174,1.00,1.12
2016.08.15 14:22:47.231,1.13172,1.13173,2.25,1.00
2016.08.15 14:22:47.282,1.13174,1.13176,1.00,2.44
2016.08.15 14:22:47.487,1.13174,1.13175,1.50,1.31
2016.08.15 14:22:47.594,1.13174,1.13176,1.00,2.44
2016.08.15 14:22:47.645,1.13174,1.13175,1.00,2.06
2016.08.15 14:22:47.747,1.13171,1.13172,2.25,1.00
2016.08.15 14:22:47.798,1.13171,1.13173,1.00,1.00
2016.08.15 14:22:47.849,1.13171,1.13173,1.00,1.12
2016.08.15 14:22:48.019,1.13171,1.13172,1.00,1.00
2016.08.15 14:22:48.070,1.13172,1.13174,1.00,1.12
2016.08.15 14:22:48.342,1.13173,1.13175,1.00,2.44
2016.08.15 14:22:48.910,1.13172,1.13175,1.00,2.44
2016.08.15 14:22:49.414,1.13173,1.13175,1.00,2.44
2016.08.15 14:22:49.975,1.13172,1.13175,1.00,2.44
2016.08.15 14:22:50.172,1.13172,1.13175,1.00,2.06
2016.08.15 14:22:50.222,1.13173,1.13175,1.00,1.69
2016.08.15 14:22:50.426,1.13174,1.13176,1.00,1.69
2016.08.15 14:22:51.029,1.13174,1.13175,1.00,1.69
2016.08.15 14:22:51.684,1.13174,1.13176,1.00,1.69
2016.08.15 14:22:52.588,1.13174,1.13175,1.00,1.69
2016.08.15 14:22:53.144,1.13174,1.13176,1.00,1.69
2016.08.15 14:22:55.313,1.13174,1.13175,1.00,1.69
2016.08.15 14:22:55.895,1.13174,1.13176,1.00,1.69
2016.08.15 14:22:56.697,1.13174,1.13175,1.00,1.69
2016.08.15 14:22:57.203,1.13174,1.13176,1.00,1.69
2016.08.15 14:22:57.445,1.13173,1.13174,1.50,1.00
2016.08.15 14:22:57.547,1.13174,1.13175,1.00,1.69
2016.08.15 14:22:57.652,1.13173,1.13174,1.50,1.00
2016.08.15 14:22:58.049,1.13174,1.13175,1.00,1.69
2016.08.15 14:22:58.541,1.13173,1.13175,1.00,1.69
2016.08.15 14:22:59.476,1.13173,1.13175,1.00,1.00
2016.08.15 14:22:59.528,1.13174,1.13178,1.00,2.06
2016.08.15 14:22:59.630,1.13174,1.13178,1.00,1.69
2016.08.15 14:22:59.681,1.13174,1.13177,1.00,1.37
2016.08.15 14:22:59.783,1.13174,1.13176,1.00,1.12
2016.08.15 14:22:59.837,1.13174,1.13176,1.00,1.00
2016.08.15 14:23:00.549,1.13174,1.13178,1.00,2.81
2016.08.15 14:23:01.053,1.13173,1.13178,1.00,2.81
2016.08.15 14:23:01.155,1.13173,1.13176,1.00,1.50
2016.08.15 14:23:01.364,1.13173,1.13177,1.00,1.75
2016.08.15 14:23:03.078,1.13173,1.13177,1.00,1.00
2016.08.15 14:23:03.129,1.13173,1.13178,1.00,2.06
2016.08.15 14:23:03.969,1.13174,1.13177,1.00,1.12
2016.08.15 14:23:04.468,1.13175,1.13178,1.00,1.69
2016.08.15 14:23:04.570,1.13175,1.13178,1.50,1.69
2016.08.15 14:23:04.722,1.13175,1.13178,1.00,1.69
2016.08.15 14:23:04.824,1.13175,1.13178,1.50,1.69
2016.08.15 14:23:04.875,1.13176,1.13178,1.00,1.69
2016.08.15 14:23:04.977,1.13176,1.13179,1.00,2.81
2016.08.15 14:23:05.363,1.13176,1.13179,1.00,2.06
2016.08.15 14:23:06.874,1.13176,1.13179,1.00,1.69
2016.08.15 14:23:06.925,1.13176,1.13179,1.00,1.19
2016.08.15 14:23:07.129,1.13176,1.13179,1.00,1.31
2016.08.15 14:23:07.181,1.13175,1.13179,1.50,1.69
2016.08.15 14:23:07.283,1.13175,1.13179,1.50,1.69
2016.08.15 14:23:08.001,1.13175,1.13178,1.50,1.25
2016.08.15 14:23:08.078,1.13176,1.13178,1.00,1.25
2016.08.15 14:23:08.585,1.13175,1.13178,1.00,1.25
2016.08.15 14:23:08.739,1.13175,1.13178,1.50,1.25
2016.08.15 14:23:09.098,1.13175,1.13178,1.00,1.25
2016.08.15 14:23:09.150,1.13175,1.13178,1.50,1.25
2016.08.15 14:23:09.538,1.13175,1.13178,1.00,1.25
2016.08.15 14:23:09.638,1.13175,1.13178,1.50,1.25
2016.08.15 14:23:09.840,1.13175,1.13178,1.00,1.25
2016.08.15 14:23:10.046,1.13175,1.13178,1.50,1.25
2016.08.15 14:23:10.642,1.13175,1.13178,1.00,1.25
2016.08.15 14:23:10.979,1.13175,1.13178,1.50,1.25
2016.08.15 14:23:11.593,1.13176,1.13178,1.00,1.25
2016.08.15 14:23:12.168,1.13177,1.13178,1.00,1.25
2016.08.15 14:23:17.154,1.13177,1.13179,1.00,1.69
2016.08.15 14:23:17.206,1.13178,1.13181,1.00,2.66
2016.08.15 14:23:17.259,1.13178,1.13181,1.00,2.81
2016.08.15 14:23:17.311,1.13179,1.13181,1.00,1.87
2016.08.15 14:23:17.362,1.13179,1.13181,1.00,1.00
2016.08.15 14:23:17.414,1.13179,1.13182,1.50,1.12
2016.08.15 14:23:17.465,1.13181,1.13183,1.00,2.81
2016.08.15 14:23:17.568,1.13181,1.13183,1.00,1.50
2016.08.15 14:23:17.619,1.13181,1.13184,1.00,1.12
2016.08.15 14:23:17.671,1.1318,1.13185,1.00,2.44
2016.08.15 14:23:17.947,1.13182,1.13186,1.00,4.12
2016.08.15 14:23:18.016,1.13183,1.13186,1.00,1.12
2016.08.15 14:23:18.168,1.13182,1.13186,1.00,1.00
2016.08.15 14:23:18.270,1.13182,1.13187,1.00,2.06
2016.08.15 14:23:18.321,1.13182,1.13186,1.00,1.12
2016.08.15 14:23:18.372,1.13182,1.13186,1.00,1.50
2016.08.15 14:23:18.424,1.13182,1.13186,1.00,2.25
2016.08.15 14:23:20.765,1.1318,1.13186,1.50,2.85
2016.08.15 14:23:20.816,1.1318,1.13185,1.50,2.10
2016.08.15 14:23:20.867,1.1318,1.13183,1.00,1.60
2016.08.15 14:23:20.918,1.13178,1.13183,1.00,3.22
2016.08.15 14:23:20.969,1.13178,1.13182,1.00,1.72
2016.08.15 14:23:21.020,1.13177,1.1318,1.00,1.12
2016.08.15 14:23:21.469,1.13175,1.13179,1.50,1.00
2016.08.15 14:23:21.739,1.13175,1.13179,1.50,1.12
2016.08.15 14:23:22.072,1.13175,1.1318,1.50,3.94
2016.08.15 14:23:22.123,1.13175,1.1318,1.00,1.31
2016.08.15 14:23:22.565,1.13174,1.13178,1.00,1.00
2016.08.15 14:23:22.616,1.13172,1.13178,1.00,1.12
2016.08.15 14:23:22.769,1.13174,1.13178,1.00,1.12
2016.08.15 14:23:22.820,1.13174,1.13178,1.00,1.00
2016.08.15 14:23:23.470,1.13173,1.13177,1.00,1.00
2016.08.15 14:23:24.284,1.13175,1.13179,1.00,1.12
2016.08.15 14:23:24.335,1.13176,1.1318,1.00,1.69
2016.08.15 14:23:24.906,1.13176,1.1318,1.00,1.50
2016.08.15 14:23:24.957,1.13176,1.1318,1.00,1.37
2016.08.15 14:23:25.008,1.13176,1.1318,1.00,1.87
2016.08.15 14:23:26.059,1.13174,1.1318,1.50,2.25
2016.08.15 14:23:26.110,1.13174,1.1318,1.00,2.25
2016.08.15 14:23:26.212,1.13174,1.1318,1.50,1.50
2016.08.15 14:23:26.263,1.13175,1.1318,1.00,1.50
2016.08.15 14:23:26.314,1.13175,1.1318,1.50,2.25
2016.08.15 14:23:26.365,1.13176,1.1318,1.00,2.25
2016.08.15 14:23:26.416,1.13175,1.1318,1.50,1.50
2016.08.15 14:23:26.517,1.13175,1.1318,1.50,2.25
2016.08.15 14:23:26.619,1.13175,1.1318,1.50,3.00
2016.08.15 14:23:27.162,1.13175,1.1318,1.50,1.12
2016.08.15 14:23:27.215,1.13175,1.13181,1.00,1.37
2016.08.15 14:23:27.266,1.13174,1.13179,3.00,1.00
2016.08.15 14:23:27.317,1.13174,1.13179,1.50,1.00
2016.08.15 14:23:27.522,1.13174,1.13179,1.00,1.00
2016.08.15 14:23:28.602,1.13175,1.13179,1.00,1.00
2016.08.15 14:23:30.063,1.13175,1.1318,1.00,1.37
2016.08.15 14:23:30.114,1.13175,1.1318,1.50,1.37
2016.08.15 14:23:30.266,1.13176,1.1318,1.00,1.87
2016.08.15 14:23:30.317,1.13176,1.1318,1.00,1.37
2016.08.15 14:23:30.419,1.13176,1.1318,1.00,1.87
2016.08.15 14:23:30.521,1.13176,1.1318,1.00,1.37
2016.08.15 14:23:31.038,1.13176,1.1318,1.00,1.87
2016.08.15 14:23:31.140,1.13176,1.1318,1.00,1.37
2016.08.15 14:23:31.296,1.13175,1.13179,1.00,1.12
2016.08.15 14:23:31.417,1.13175,1.1318,1.50,1.87
2016.08.15 14:23:31.519,1.13176,1.1318,1.00,1.87
2016.08.15 14:23:31.702,1.13176,1.1318,1.00,1.37
2016.08.15 14:23:32.026,1.13175,1.1318,1.50,1.75
2016.08.15 14:23:32.381,1.13177,1.1318,1.00,1.75
2016.08.15 14:23:32.432,1.13177,1.13181,1.00,2.25
2016.08.15 14:23:33.428,1.13176,1.1318,1.00,2.25
2016.08.15 14:23:34.481,1.13177,1.13181,1.00,2.25
2016.08.15 14:23:34.946,1.13177,1.13181,1.00,1.75
2016.08.15 14:23:35.733,1.13177,1.13181,1.00,2.62
2016.08.15 14:23:35.786,1.13174,1.13178,1.00,1.00
2016.08.15 14:23:36.460,1.13174,1.13178,1.00,1.12
2016.08.15 14:23:36.798,1.13175,1.1318,1.00,1.50
2016.08.15 14:23:36.849,1.13175,1.13181,1.00,2.25
2016.08.15 14:23:37.129,1.13175,1.1318,1.50,1.50
2016.08.15 14:23:37.180,1.13175,1.13181,1.00,2.25
2016.08.15 14:23:37.231,1.13175,1.1318,1.50,1.50
2016.08.15 14:23:37.333,1.13175,1.13181,1.00,2.25
2016.08.15 14:23:37.434,1.13175,1.1318,1.50,1.50
2016.08.15 14:23:37.631,1.13175,1.13181,1.00,2.25
2016.08.15 14:23:37.834,1.13175,1.1318,1.50,1.50
2016.08.15 14:23:38.280,1.13175,1.13181,1.00,2.25
2016.08.15 14:23:38.479,1.13175,1.1318,1.50,1.50
2016.08.15 14:23:38.817,1.13175,1.13179,1.50,1.37
2016.08.15 14:23:38.868,1.13175,1.13179,1.00,1.50
2016.08.15 14:23:39.629,1.13176,1.1318,1.00,1.75
2016.08.15 14:23:39.782,1.13176,1.1318,1.00,2.25
2016.08.15 14:23:39.967,1.13176,1.1318,1.00,1.87
2016.08.15 14:23:40.921,1.13176,1.1318,1.00,1.37
2016.08.15 14:23:41.444,1.13176,1.1318,1.00,1.87
2016.08.15 14:23:41.878,1.13176,1.1318,1.00,1.37
2016.08.15 14:23:41.955,1.13176,1.1318,1.00,1.87
2016.08.15 14:23:42.046,1.13176,1.1318,1.00,1.37
2016.08.15 14:23:42.147,1.13176,1.1318,1.00,1.87
2016.08.15 14:23:42.403,1.13176,1.1318,1.00,1.75
2016.08.15 14:23:42.454,1.13175,1.13179,1.00,1.50
2016.08.15 14:23:43.413,1.13173,1.13177,1.00,1.00
2016.08.15 14:23:43.466,1.13172,1.13176,1.95,1.00
2016.08.15 14:23:43.569,1.13172,1.13176,1.00,1.00
2016.08.15 14:23:43.673,1.13172,1.13176,1.00,1.12
2016.08.15 14:23:44.186,1.13173,1.13176,1.50,1.00
2016.08.15 14:23:44.238,1.13174,1.13179,1.00,1.37
2016.08.15 14:23:44.509,1.13174,1.1318,1.00,1.75
2016.08.15 14:23:44.560,1.13174,1.13178,1.00,1.12
2016.08.15 14:23:45.603,1.13175,1.1318,1.00,3.00
2016.08.15 14:23:45.654,1.13175,1.1318,1.00,2.25
2016.08.15 14:23:45.705,1.13175,1.1318,1.50,2.25
2016.08.15 14:23:45.807,1.13175,1.1318,1.00,2.25
2016.08.15 14:23:45.908,1.13175,1.1318,1.00,1.75
2016.08.15 14:23:46.065,1.13175,1.1318,1.00,2.25
2016.08.15 14:23:46.608,1.13175,1.1318,1.00,1.75
2016.08.15 14:23:46.659,1.13175,1.1318,1.00,1.37
2016.08.15 14:23:46.710,1.13175,1.1318,1.00,1.87
2016.08.15 14:23:46.761,1.13175,1.1318,1.50,1.87
2016.08.15 14:23:46.811,1.13175,1.1318,2.25,1.87
2016.08.15 14:23:46.913,1.13175,1.1318,1.50,1.87
2016.08.15 14:23:46.964,1.13175,1.1318,1.00,1.87
2016.08.15 14:23:47.068,1.13175,1.1318,1.00,1.12
2016.08.15 14:23:47.268,1.13175,1.1318,1.00,1.87
2016.08.15 14:23:47.669,1.13175,1.1318,1.00,1.12
2016.08.15 14:23:48.185,1.13175,1.1318,1.00,1.87
2016.08.15 14:23:48.471,1.13175,1.1318,1.00,1.12
2016.08.15 14:23:48.927,1.13176,1.1318,1.00,1.87
2016.08.15 14:23:49.356,1.13176,1.1318,1.00,2.62
2016.08.15 14:23:49.474,1.13176,1.1318,1.00,1.87
2016.08.15 14:23:49.525,1.13176,1.1318,1.00,1.12
2016.08.15 14:23:49.875,1.13176,1.1318,1.00,1.87
2016.08.15 14:23:49.977,1.13176,1.1318,1.00,1.00
2016.08.15 14:23:50.086,1.13176,1.1318,1.00,1.50
2016.08.15 14:23:50.882,1.13176,1.1318,1.00,1.00
2016.08.15 14:23:50.984,1.13177,1.1318,1.00,1.00
2016.08.15 14:23:51.187,1.13177,1.13181,1.00,2.62
2016.08.15 14:23:51.479,1.13177,1.13181,1.00,1.87
2016.08.15 14:23:51.530,1.13177,1.1318,1.00,1.00
2016.08.15 14:23:52.004,1.13176,1.13181,1.00,2.62
2016.08.15 14:23:52.055,1.13176,1.13181,1.50,1.87
2016.08.15 14:23:52.106,1.13177,1.1318,1.00,1.00
2016.08.15 14:23:52.157,1.13177,1.1318,1.00,1.00
2016.08.15 14:23:52.208,1.13177,1.1318,1.50,1.00
2016.08.15 14:23:52.258,1.13177,1.1318,1.00,1.00
2016.08.15 14:23:52.309,1.13177,1.13181,1.00,1.00
2016.08.15 14:23:52.360,1.13177,1.13181,1.00,1.50
2016.08.15 14:23:52.462,1.13175,1.13181,1.50,1.87
2016.08.15 14:23:52.765,1.13174,1.1318,4.27,1.00
2016.08.15 14:23:52.817,1.13176,1.1318,1.00,1.87
2016.08.15 14:23:52.919,1.13176,1.1318,1.00,1.37
2016.08.15 14:23:53.122,1.13176,1.1318,1.00,1.87
2016.08.15 14:23:53.900,1.13176,1.1318,1.00,1.12
2016.08.15 14:23:53.951,1.13175,1.13179,1.00,1.00
2016.08.15 14:23:54.536,1.13175,1.13179,1.00,1.12
2016.08.15 14:23:54.803,1.13175,1.13179,1.00,1.00
2016.08.15 14:23:55.314,1.13174,1.13178,1.00,1.00
2016.08.15 14:23:55.466,1.13174,1.1318,1.50,1.50
2016.08.15 14:23:55.517,1.13174,1.1318,1.50,2.25
2016.08.15 14:23:55.568,1.13174,1.1318,1.50,1.87
2016.08.15 14:23:56.061,1.13174,1.1318,1.00,1.87
2016.08.15 14:23:56.112,1.13176,1.1318,1.00,1.12
2016.08.15 14:23:56.214,1.13176,1.1318,1.00,1.87
2016.08.15 14:23:56.316,1.13176,1.1318,1.00,1.12
2016.08.15 14:23:56.368,1.13177,1.1318,1.00,1.00
2016.08.15 14:23:56.419,1.13177,1.13182,1.00,1.00
2016.08.15 14:23:56.674,1.13176,1.13182,1.00,1.50
2016.08.15 14:23:56.827,1.13176,1.1318,1.00,1.12
2016.08.15 14:23:57.072,1.13176,1.1318,1.00,1.87
2016.08.15 14:23:57.123,1.13176,1.1318,1.00,1.00
2016.08.15 14:23:57.226,1.13176,1.1318,1.00,1.50
2016.08.15 14:23:57.327,1.13176,1.1318,1.00,1.00
2016.08.15 14:23:57.402,1.13176,1.1318,1.00,1.50
2016.08.15 14:23:57.503,1.13176,1.1318,1.00,1.00
2016.08.15 14:23:57.803,1.13176,1.1318,1.00,1.50
2016.08.15 14:23:59.173,1.13175,1.13179,1.57,1.00
2016.08.15 14:23:59.224,1.13175,1.13179,1.10,1.00
2016.08.15 14:23:59.894,1.13175,1.13179,1.00,1.00
2016.08.15 14:24:00.482,1.13175,1.13179,1.50,1.00
2016.08.15 14:24:01.116,1.13175,1.13179,1.00,1.00
2016.08.15 14:24:01.286,1.13175,1.13179,1.50,1.00
2016.08.15 14:24:01.683,1.13175,1.1318,1.50,1.00
2016.08.15 14:24:01.734,1.13175,1.13181,1.50,1.87
2016.08.15 14:24:01.785,1.13176,1.13181,1.00,1.87
2016.08.15 14:24:01.837,1.13177,1.1318,1.00,1.00
2016.08.15 14:24:02.127,1.13177,1.13182,1.00,1.37
2016.08.15 14:24:02.178,1.13178,1.13182,1.00,1.00
2016.08.15 14:24:02.279,1.13179,1.13183,1.00,1.12
2016.08.15 14:24:02.338,1.13178,1.13183,1.50,1.12
2016.08.15 14:24:02.389,1.13179,1.13183,1.00,1.00
2016.08.15 14:24:02.541,1.13179,1.13184,1.00,1.25
2016.08.15 14:24:02.745,1.13179,1.13184,1.00,1.00
2016.08.15 14:24:03.425,1.1318,1.13185,1.50,1.00
2016.08.15 14:24:03.629,1.1318,1.13186,1.00,1.00
2016.08.15 14:24:03.730,1.1318,1.13185,1.50,1.00
2016.08.15 14:24:03.832,1.1318,1.13186,1.00,1.00
2016.08.15 14:24:03.934,1.1318,1.13185,1.50,1.00
2016.08.15 14:24:04.749,1.1318,1.13186,1.00,1.00
2016.08.15 14:24:04.964,1.1318,1.13185,1.50,1.00
2016.08.15 14:24:05.784,1.1318,1.13185,2.25,1.00
2016.08.15 14:24:05.885,1.1318,1.13185,1.50,1.00
2016.08.15 14:24:06.039,1.1318,1.13186,1.00,1.00
2016.08.15 14:24:06.140,1.1318,1.13185,1.50,1.00
2016.08.15 14:24:06.399,1.13181,1.13185,1.00,1.00
2016.08.15 14:24:06.956,1.13181,1.13185,1.12,1.00
2016.08.15 14:24:07.007,1.13184,1.13189,1.12,1.50
2016.08.15 14:24:07.059,1.13185,1.13189,1.50,1.50
2016.08.15 14:24:07.348,1.13188,1.13191,1.00,1.87
2016.08.15 14:24:07.399,1.1319,1.13193,1.00,1.00
2016.08.15 14:24:07.452,1.13195,1.13197,1.50,1.37
2016.08.15 14:24:07.504,1.13197,1.13198,1.12,3.94
2016.08.15 14:24:07.555,1.13196,1.132,1.50,2.44
2016.08.15 14:24:07.606,1.13196,1.13201,1.87,6.00
2016.08.15 14:24:07.657,1.13198,1.132,1.00,1.50
2016.08.15 14:24:07.710,1.13196,1.132,1.00,2.25
2016.08.15 14:24:07.761,1.13196,1.132,1.00,1.75
2016.08.15 14:24:08.056,1.13197,1.13201,1.00,1.00
2016.08.15 14:24:08.224,1.13199,1.13205,1.00,5.20
2016.08.15 14:24:08.275,1.13199,1.13205,1.00,4.82
2016.08.15 14:24:08.326,1.13199,1.13205,1.00,3.70
2016.08.15 14:24:08.377,1.13203,1.13205,1.12,2.10
2016.08.15 14:24:08.429,1.13202,1.13205,1.37,1.60
2016.08.15 14:24:08.480,1.13202,1.13206,1.00,1.12
2016.08.15 14:24:08.530,1.13202,1.13209,1.00,2.44
2016.08.15 14:24:08.798,1.13204,1.13208,1.00,1.31
2016.08.15 14:24:08.852,1.13204,1.13208,1.00,1.50
2016.08.15 14:24:08.904,1.13203,1.13208,1.50,1.50
2016.08.15 14:24:08.955,1.13203,1.13208,1.00,1.50
2016.08.15 14:24:09.006,1.13203,1.13208,1.00,1.00
2016.08.15 14:24:09.885,1.13203,1.13207,1.50,1.00
2016.08.15 14:24:09.938,1.13203,1.13207,1.50,1.50
2016.08.15 14:24:09.989,1.13203,1.13207,1.00,1.79
2016.08.15 14:24:10.040,1.13203,1.13207,1.00,2.16
2016.08.15 14:24:10.092,1.13203,1.13206,1.00,1.04
2016.08.15 14:24:10.143,1.13203,1.13205,1.00,1.00
2016.08.15 14:24:10.194,1.13201,1.13205,1.00,1.79
2016.08.15 14:24:10.245,1.132,1.13204,2.25,1.00
2016.08.15 14:24:10.310,1.132,1.13204,1.50,1.00
2016.08.15 14:24:10.361,1.132,1.13204,1.00,1.00
2016.08.15 14:24:10.412,1.132,1.13204,1.00,1.04
2016.08.15 14:24:10.706,1.13197,1.13202,1.50,1.00
2016.08.15 14:24:10.859,1.13197,1.13202,1.00,1.00
2016.08.15 14:24:11.408,1.13198,1.13202,1.00,1.00
2016.08.15 14:24:11.701,1.13198,1.13202,1.00,1.29
2016.08.15 14:24:11.752,1.13196,1.13203,3.00,1.79
2016.08.15 14:24:11.803,1.13196,1.13203,3.00,2.39
2016.08.15 14:24:11.905,1.13197,1.13201,1.00,1.04
2016.08.15 14:24:11.956,1.13197,1.132,1.00,1.00
2016.08.15 14:24:12.605,1.13197,1.13201,1.10,1.04
2016.08.15 14:24:12.657,1.13197,1.13201,1.10,1.00
2016.08.15 14:24:12.710,1.13197,1.13201,1.00,1.29
2016.08.15 14:24:12.863,1.13195,1.132,2.25,1.29
2016.08.15 14:24:12.926,1.13196,1.132,1.10,1.79
2016.08.15 14:24:13.028,1.13195,1.13199,1.50,1.04
2016.08.15 14:24:13.079,1.13195,1.13199,1.00,1.29
2016.08.15 14:24:13.709,1.13194,1.132,1.00,1.79
2016.08.15 14:24:13.761,1.13194,1.132,1.00,1.29
2016.08.15 14:24:13.863,1.13194,1.132,1.00,1.79
2016.08.15 14:24:13.958,1.13194,1.132,1.00,1.29
2016.08.15 14:24:14.061,1.13193,1.132,1.00,1.41
2016.08.15 14:24:14.163,1.13193,1.132,1.00,2.16
2016.08.15 14:24:14.512,1.13193,1.13199,1.00,1.29
2016.08.15 14:24:15.080,1.13194,1.13199,1.00,1.29
2016.08.15 14:24:16.082,1.13194,1.13199,1.00,1.79
2016.08.15 14:24:16.515,1.13195,1.13199,1.00,1.29
2016.08.15 14:24:16.838,1.13195,1.13199,1.50,1.29
2016.08.15 14:24:17.092,1.13195,1.13199,1.50,1.41
2016.08.15 14:24:17.194,1.13195,1.13199,1.00,1.41
2016.08.15 14:24:17.906,1.13194,1.13199,1.50,2.16
2016.08.15 14:24:17.979,1.13194,1.13198,1.00,1.50
2016.08.15 14:24:18.451,1.13194,1.13198,1.00,1.00
2016.08.15 14:24:18.502,1.13195,1.13199,1.00,1.00
2016.08.15 14:24:18.785,1.13193,1.13198,1.00,1.41
2016.08.15 14:24:18.887,1.13193,1.13198,1.00,2.16
2016.08.15 14:24:18.938,1.13193,1.13198,1.00,2.35
2016.08.15 14:24:19.092,1.13193,1.13198,1.00,2.72
2016.08.15 14:24:19.194,1.13194,1.13198,1.00,2.35
2016.08.15 14:24:19.666,1.13194,1.13197,1.00,1.00
2016.08.15 14:24:19.718,1.13195,1.13199,1.50,3.47
2016.08.15 14:24:19.769,1.13195,1.13199,1.50,3.10
2016.08.15 14:24:19.820,1.13195,1.13198,1.50,1.04
2016.08.15 14:24:20.025,1.13195,1.13198,1.50,1.00
2016.08.15 14:24:20.849,1.13196,1.13198,1.00,1.00
2016.08.15 14:24:20.900,1.13197,1.13201,1.00,2.70
2016.08.15 14:24:20.951,1.13197,1.13201,1.00,1.00
2016.08.15 14:24:21.104,1.13197,1.13201,1.00,2.25
2016.08.15 14:24:21.206,1.13197,1.13201,1.00,1.00
2016.08.15 14:24:21.431,1.13197,1.132,1.00,1.00
2016.08.15 14:24:21.484,1.13195,1.132,1.50,1.29
2016.08.15 14:24:21.889,1.13195,1.132,1.00,1.29
2016.08.15 14:24:21.990,1.13195,1.132,1.50,2.16
2016.08.15 14:24:22.092,1.13195,1.132,1.00,1.41
2016.08.15 14:24:22.215,1.13195,1.132,1.50,2.16
2016.08.15 14:24:22.481,1.13195,1.132,1.00,1.41
2016.08.15 14:24:22.566,1.13195,1.132,1.00,1.79
2016.08.15 14:24:23.105,1.13195,1.132,1.50,2.16
2016.08.15 14:24:23.167,1.13195,1.132,1.50,2.54
2016.08.15 14:24:23.301,1.13195,1.132,1.50,3.29
2016.08.15 14:24:23.513,1.13194,1.132,1.50,2.54
2016.08.15 14:24:23.615,1.13194,1.13199,1.00,1.04
2016.08.15 14:24:23.716,1.13195,1.132,1.00,2.16
2016.08.15 14:24:24.070,1.13195,1.13199,1.00,1.00
2016.08.15 14:24:24.121,1.13195,1.13199,1.50,1.00
2016.08.15 14:24:25.388,1.13195,1.13199,1.00,1.00
2016.08.15 14:24:25.503,1.13195,1.13199,1.50,1.00
2016.08.15 14:24:25.722,1.13195,1.13199,1.00,1.50
2016.08.15 14:24:25.927,1.13195,1.13199,1.50,1.50
2016.08.15 14:24:25.979,1.13195,1.13199,1.00,1.87
2016.08.15 14:24:26.031,1.13194,1.13198,1.00,2.25
2016.08.15 14:24:26.297,1.13194,1.13198,1.00,1.50
2016.08.15 14:24:26.399,1.13194,1.13198,1.00,1.12
2016.08.15 14:24:26.502,1.13191,1.13196,2.62,1.29
2016.08.15 14:24:26.553,1.13191,1.13195,2.25,1.04
2016.08.15 14:24:26.605,1.13191,1.13195,1.12,1.04
2016.08.15 14:24:26.656,1.13191,1.13195,1.00,1.04
2016.08.15 14:24:27.125,1.1319,1.13197,1.50,2.54
2016.08.15 14:24:27.176,1.13192,1.13196,1.00,1.29
2016.08.15 14:24:27.432,1.13192,1.13196,1.00,1.50
2016.08.15 14:24:27.638,1.13192,1.13196,1.00,1.00
2016.08.15 14:24:27.690,1.13191,1.13198,1.00,5.44
2016.08.15 14:24:27.741,1.13191,1.13198,1.00,5.81
2016.08.15 14:24:28.142,1.13191,1.13198,1.00,5.44
2016.08.15 14:24:28.193,1.13191,1.13197,1.00,1.00
2016.08.15 14:24:28.295,1.13191,1.13198,1.00,2.44
2016.08.15 14:24:28.507,1.13194,1.13198,1.00,1.69
2016.08.15 14:24:28.558,1.13194,1.13198,1.00,1.25
2016.08.15 14:24:28.832,1.13194,1.13198,1.00,1.00
2016.08.15 14:24:29.563,1.13193,1.13198,1.00,1.00
2016.08.15 14:24:29.614,1.13192,1.13198,1.50,1.00
2016.08.15 14:24:29.715,1.13192,1.13198,1.00,1.87
2016.08.15 14:24:29.817,1.13192,1.13197,1.00,1.50
2016.08.15 14:24:30.384,1.13192,1.13196,1.00,1.00
2016.08.15 14:24:31.902,1.13191,1.13198,1.00,1.00
2016.08.15 14:24:32.105,1.13191,1.13195,1.00,1.00
2016.08.15 14:24:32.156,1.13192,1.13196,1.00,1.12
2016.08.15 14:24:32.665,1.13191,1.13193,1.00,1.00
2016.08.15 14:24:32.716,1.13186,1.13191,3.07,1.00
2016.08.15 14:24:32.768,1.13186,1.13191,1.57,1.00
2016.08.15 14:24:32.819,1.13186,1.1319,1.00,1.00
2016.08.15 14:24:32.870,1.13186,1.13192,1.00,1.00
2016.08.15 14:24:32.937,1.13188,1.13192,1.00,1.00
2016.08.15 14:24:33.040,1.13188,1.13192,1.00,1.50
2016.08.15 14:24:33.160,1.13186,1.13191,1.00,1.00
2016.08.15 14:24:33.526,1.13184,1.13188,1.00,1.00
2016.08.15 14:24:33.629,1.13183,1.13188,1.87,1.50
2016.08.15 14:24:33.732,1.13183,1.13188,1.87,1.00
2016.08.15 14:24:33.784,1.13183,1.13188,1.00,1.00
2016.08.15 14:24:35.312,1.13184,1.13189,1.00,1.00
2016.08.15 14:24:36.255,1.13184,1.13189,1.00,1.50
2016.08.15 14:24:36.358,1.13184,1.13189,1.00,1.50
2016.08.15 14:24:36.409,1.13184,1.13189,1.00,1.00
2016.08.15 14:24:36.460,1.13184,1.13189,1.00,1.12
2016.08.15 14:24:36.511,1.13184,1.13189,1.00,1.87
2016.08.15 14:24:37.040,1.13185,1.13189,1.00,1.87
2016.08.15 14:24:37.106,1.13185,1.13189,1.00,1.12
2016.08.15 14:24:37.587,1.13185,1.13189,1.00,1.87
2016.08.15 14:24:37.891,1.13184,1.13189,1.00,2.62
2016.08.15 14:24:37.962,1.13184,1.13189,1.00,1.87
2016.08.15 14:24:38.115,1.13184,1.13188,1.00,1.00
2016.08.15 14:24:38.622,1.13185,1.13188,1.00,1.00
2016.08.15 14:24:39.090,1.13185,1.13188,1.50,1.00
2016.08.15 14:24:39.243,1.13185,1.13188,1.00,1.00
2016.08.15 14:24:39.524,1.13185,1.13188,1.50,1.00
2016.08.15 14:24:39.624,1.13185,1.13188,1.00,1.00
2016.08.15 14:24:39.724,1.13185,1.13188,1.50,1.00
2016.08.15 14:24:40.741,1.13185,1.13188,1.00,1.00
2016.08.15 14:24:40.899,1.13185,1.13188,1.00,1.12
2016.08.15 14:24:40.950,1.13184,1.13188,1.50,1.87
2016.08.15 14:24:41.052,1.13184,1.13188,1.00,1.87
2016.08.15 14:24:41.379,1.13184,1.13188,1.00,1.50
2016.08.15 14:24:41.858,1.13181,1.13182,1.00,1.00
2016.08.15 14:24:41.910,1.13177,1.13181,1.12,1.00
2016.08.15 14:24:41.964,1.13177,1.13181,1.00,1.00
2016.08.15 14:24:42.218,1.13179,1.13183,1.00,1.35
2016.08.15 14:24:42.270,1.13179,1.13183,1.00,1.00
2016.08.15 14:24:44.004,1.1318,1.13184,1.00,1.12
2016.08.15 14:24:44.294,1.1318,1.13184,1.50,1.12
2016.08.15 14:24:44.395,1.1318,1.13184,1.50,1.00
2016.08.15 14:24:44.446,1.13181,1.13185,1.00,2.06
2016.08.15 14:24:44.549,1.13181,1.13185,1.00,2.81
2016.08.15 14:24:44.600,1.13181,1.13185,1.00,2.44
2016.08.15 14:24:44.702,1.13181,1.13185,1.00,1.69
2016.08.15 14:24:45.061,1.13181,1.13185,1.00,1.25
2016.08.15 14:24:45.418,1.13181,1.13185,1.00,1.69
2016.08.15 14:24:45.857,1.13181,1.13185,1.00,1.25
2016.08.15 14:24:46.060,1.13181,1.13185,1.00,2.44
2016.08.15 14:24:46.162,1.13181,1.13185,1.00,1.69
2016.08.15 14:24:46.263,1.13181,1.13185,1.00,2.44
2016.08.15 14:24:46.314,1.1318,1.13185,1.50,2.44
2016.08.15 14:24:46.574,1.1318,1.13185,1.50,1.25
2016.08.15 14:24:46.626,1.13182,1.13185,1.00,1.25
2016.08.15 14:24:46.678,1.13182,1.13186,1.00,1.00
2016.08.15 14:24:46.729,1.13182,1.13187,1.12,1.95
2016.08.15 14:24:46.780,1.13184,1.13187,1.00,1.12
2016.08.15 14:24:46.832,1.13184,1.13188,1.00,1.76
2016.08.15 14:24:46.883,1.13185,1.13188,1.00,1.31
2016.08.15 14:24:47.138,1.13185,1.13188,1.50,1.31
2016.08.15 14:24:47.189,1.13185,1.13188,1.00,1.25
2016.08.15 14:24:47.240,1.13185,1.13189,1.00,1.20
2016.08.15 14:24:47.291,1.13185,1.13189,1.50,1.20
2016.08.15 14:24:47.876,1.13185,1.13189,1.50,3.07
2016.08.15 14:24:48.101,1.13185,1.13189,1.50,2.70
2016.08.15 14:24:48.152,1.13185,1.13189,1.50,2.32
2016.08.15 14:24:48.254,1.13185,1.13189,1.50,2.25
2016.08.15 14:24:48.361,1.13185,1.13189,1.00,2.25
2016.08.15 14:24:48.732,1.13184,1.13189,1.00,1.50
2016.08.15 14:24:49.035,1.13185,1.13189,1.00,1.87
2016.08.15 14:24:49.086,1.13186,1.13189,1.00,1.87
2016.08.15 14:24:49.533,1.13186,1.13189,1.00,1.37
2016.08.15 14:24:49.635,1.13185,1.13189,1.50,1.87
2016.08.15 14:24:49.851,1.13186,1.13189,1.00,1.87
2016.08.15 14:24:50.231,1.13186,1.13188,1.00,1.00
2016.08.15 14:24:50.732,1.13184,1.13188,1.50,1.50
2016.08.15 14:24:50.783,1.13184,1.13188,1.00,3.07
2016.08.15 14:24:50.834,1.13184,1.13187,1.00,1.00
2016.08.15 14:24:50.885,1.13183,1.13187,1.00,1.10
2016.08.15 14:24:51.468,1.13184,1.13188,1.00,2.74
2016.08.15 14:24:51.519,1.13184,1.13186,1.00,1.00
2016.08.15 14:24:51.571,1.13185,1.13186,1.00,1.00
2016.08.15 14:24:51.622,1.13185,1.13188,1.00,2.55
2016.08.15 14:24:51.673,1.13184,1.13188,1.50,2.12
2016.08.15 14:24:51.859,1.13185,1.13188,1.00,2.12
2016.08.15 14:24:52.011,1.13185,1.13188,1.50,1.20
2016.08.15 14:24:52.530,1.13185,1.13188,1.00,1.20
2016.08.15 14:24:52.787,1.13185,1.13187,1.00,1.10
2016.08.15 14:24:52.838,1.13184,1.13188,1.87,1.95
2016.08.15 14:24:52.889,1.13185,1.13186,1.00,1.00
2016.08.15 14:24:52.940,1.13185,1.13186,1.00,1.00
2016.08.15 14:24:52.991,1.13184,1.13186,1.00,1.00
2016.08.15 14:24:53.042,1.13184,1.13188,1.00,1.95
2016.08.15 14:24:53.094,1.13185,1.13188,1.50,1.95
2016.08.15 14:24:53.195,1.13185,1.13187,1.00,1.10
2016.08.15 14:24:53.246,1.13185,1.13189,1.50,3.94
2016.08.15 14:24:53.508,1.13185,1.13189,1.50,2.81
2016.08.15 14:24:53.560,1.13185,1.13188,1.50,1.07
2016.08.15 14:24:53.715,1.13185,1.13189,1.50,2.44
2016.08.15 14:24:53.868,1.13185,1.13189,1.00,1.57
2016.08.15 14:24:54.415,1.13186,1.13189,1.00,1.57
2016.08.15 14:24:55.029,1.13186,1.1319,1.00,1.69
2016.08.15 14:24:55.087,1.13188,1.13191,1.00,2.14
2016.08.15 14:24:55.138,1.13187,1.13191,1.00,1.76
2016.08.15 14:24:55.190,1.13186,1.1319,1.00,1.50
2016.08.15 14:24:55.241,1.13186,1.1319,1.00,1.75
2016.08.15 14:24:55.898,1.13186,1.1319,1.00,2.25
2016.08.15 14:24:55.950,1.13185,1.1319,1.00,4.76
2016.08.15 14:24:56.001,1.13185,1.13188,1.00,1.50
2016.08.15 14:24:56.053,1.13185,1.13187,1.00,1.00
2016.08.15 14:24:56.106,1.13184,1.13187,1.00,1.00
2016.08.15 14:24:56.464,1.13184,1.13187,1.00,1.10
2016.08.15 14:24:56.947,1.13189,1.13192,1.00,1.00
2016.08.15 14:24:57.050,1.13189,1.13192,1.00,1.37
2016.08.15 14:24:57.152,1.13189,1.13193,1.00,1.50
2016.08.15 14:24:57.254,1.13189,1.13193,1.00,1.00
2016.08.15 14:24:57.305,1.13189,1.13193,1.00,1.35
2016.08.15 14:24:57.356,1.13188,1.13192,1.00,1.00
2016.08.15 14:24:57.407,1.13188,1.13192,1.00,1.35
2016.08.15 14:24:57.715,1.13185,1.1319,3.37,1.00
2016.08.15 14:24:57.767,1.13185,1.1319,2.62,1.50
2016.08.15 14:24:57.970,1.13185,1.13189,2.62,1.00
2016.08.15 14:24:58.022,1.13185,1.13191,1.87,1.50
2016.08.15 14:24:58.073,1.13185,1.13191,2.62,1.50
2016.08.15 14:24:58.124,1.13185,1.1319,4.12,1.00
2016.08.15 14:24:58.226,1.13185,1.1319,4.50,1.00
2016.08.15 14:24:58.277,1.13185,1.13189,3.00,1.00
2016.08.15 14:24:58.328,1.13185,1.13189,4.12,1.00
2016.08.15 14:24:58.379,1.13185,1.1319,7.12,1.50
2016.08.15 14:24:58.430,1.13185,1.1319,8.62,1.50
2016.08.15 14:24:58.481,1.13185,1.1319,8.25,1.50
2016.08.15 14:24:59.021,1.13185,1.1319,9.00,1.50
2016.08.15 14:24:59.073,1.13187,1.1319,1.12,1.50
2016.08.15 14:24:59.178,1.13187,1.1319,1.12,1.00
2016.08.15 14:24:59.435,1.13185,1.13189,4.87,1.00
2016.08.15 14:24:59.486,1.13185,1.13189,1.50,1.00
2016.08.15 14:24:59.588,1.13186,1.13189,1.00,1.00
2016.08.15 14:24:59.639,1.13186,1.1319,1.00,1.12
2016.08.15 14:24:59.690,1.13186,1.1319,1.00,1.87
2016.08.15 14:24:59.741,1.13186,1.1319,1.00,1.50
2016.08.15 14:24:59.792,1.13186,1.1319,1.00,1.00
2016.08.15 14:25:00.072,1.13185,1.13187,1.00,1.00
2016.08.15 14:25:00.127,1.13183,1.13187,1.87,1.00
2016.08.15 14:25:00.178,1.13183,1.13186,1.50,1.00
2016.08.15 14:25:00.331,1.13183,1.13186,1.00,1.00
2016.08.15 14:25:00.404,1.13183,1.13185,1.00,1.00
2016.08.15 14:25:00.708,1.13183,1.13186,1.00,1.50
2016.08.15 14:25:00.772,1.13183,1.13186,1.00,1.50
2016.08.15 14:25:01.069,1.13183,1.13185,1.00,1.00
2016.08.15 14:25:01.644,1.13183,1.13185,1.00,1.00
2016.08.15 14:25:01.695,1.13182,1.13189,1.50,1.50
2016.08.15 14:25:01.746,1.13182,1.13187,1.00,1.00
2016.08.15 14:25:01.797,1.13184,1.13185,1.00,1.00
2016.08.15 14:25:01.898,1.13182,1.13187,1.50,1.00
2016.08.15 14:25:01.949,1.13185,1.1319,1.00,3.34
2016.08.15 14:25:02.480,1.13184,1.13189,1.00,1.50
2016.08.15 14:25:02.532,1.13182,1.13185,1.00,1.00
2016.08.15 14:25:02.686,1.13181,1.13185,2.25,1.00
2016.08.15 14:25:02.738,1.13181,1.13185,1.00,1.00
2016.08.15 14:25:02.942,1.13181,1.13186,1.00,1.50
2016.08.15 14:25:02.995,1.13181,1.13185,1.00,1.00
2016.08.15 14:25:03.098,1.13181,1.13186,1.50,1.50
2016.08.15 14:25:03.373,1.13185,1.13186,1.00,1.00
2016.08.15 14:25:03.424,1.13185,1.13188,1.00,1.00
2016.08.15 14:25:03.526,1.13184,1.13189,1.50,1.00
2016.08.15 14:25:03.588,1.13187,1.1319,1.00,1.00
2016.08.15 14:25:03.639,1.13187,1.1319,1.00,1.12
2016.08.15 14:25:03.793,1.13186,1.1319,1.50,1.12
2016.08.15 14:25:03.946,1.13186,1.1319,1.50,1.00
2016.08.15 14:25:04.352,1.13186,1.13192,1.50,1.50
2016.08.15 14:25:04.403,1.13186,1.13192,1.00,2.25
2016.08.15 14:25:04.505,1.13186,1.1319,1.00,1.00
2016.08.15 14:25:04.623,1.13186,1.1319,1.00,1.50
2016.08.15 14:25:04.674,1.13186,1.1319,1.50,1.87
2016.08.15 14:25:04.726,1.13185,1.1319,2.25,1.87
2016.08.15 14:25:04.777,1.13186,1.1319,1.00,1.87
2016.08.15 14:25:04.879,1.13186,1.1319,1.00,1.50
2016.08.15 14:25:05.031,1.13186,1.1319,1.00,1.00
2016.08.15 14:25:05.133,1.13186,1.1319,1.00,1.50
2016.08.15 14:25:05.199,1.13186,1.1319,1.00,1.00
2016.08.15 14:25:05.477,1.13188,1.1319,1.00,1.00
2016.08.15 14:25:05.554,1.1319,1.13194,1.00,2.44
2016.08.15 14:25:05.605,1.13191,1.13195,1.00,3.94
2016.08.15 14:25:05.706,1.1319,1.13194,1.50,1.62
2016.08.15 14:25:06.133,1.13189,1.13193,1.00,1.37
2016.08.15 14:25:06.184,1.13189,1.13193,1.00,2.25
2016.08.15 14:25:06.574,1.13188,1.13193,1.00,1.50
2016.08.15 14:25:06.676,1.13189,1.13193,1.00,2.25
2016.08.15 14:25:06.778,1.13189,1.13193,1.00,1.50
2016.08.15 14:25:07.084,1.13189,1.13194,1.00,2.44
2016.08.15 14:25:07.135,1.13188,1.13194,2.25,1.69
2016.08.15 14:25:07.403,1.13189,1.13194,1.00,1.31
2016.08.15 14:25:07.454,1.13189,1.13195,1.50,3.19
2016.08.15 14:25:07.505,1.1319,1.13195,1.00,2.44
2016.08.15 14:25:07.556,1.1319,1.13194,1.00,1.25
2016.08.15 14:25:07.607,1.13191,1.13195,1.00,2.06
2016.08.15 14:25:07.658,1.13191,1.13195,1.00,1.12
2016.08.15 14:25:07.709,1.13191,1.13195,1.00,1.87
2016.08.15 14:25:07.811,1.13191,1.13195,1.50,1.87
2016.08.15 14:25:07.913,1.13191,1.13195,1.00,1.87
2016.08.15 14:25:07.964,1.1319,1.13195,1.50,1.37
2016.08.15 14:25:08.015,1.1319,1.13196,1.00,3.97
2016.08.15 14:25:08.066,1.1319,1.13196,1.00,4.72
2016.08.15 14:25:08.117,1.1319,1.13195,1.50,1.37
2016.08.15 14:25:08.401,1.1319,1.13195,1.50,1.75
2016.08.15 14:25:08.453,1.1319,1.13194,1.00,1.50
2016.08.15 14:25:08.660,1.1319,1.13196,1.00,5.06
2016.08.15 14:25:08.762,1.1319,1.13196,1.00,4.69
2016.08.15 14:25:08.814,1.1319,1.13195,1.00,2.00
2016.08.15 14:25:08.865,1.13189,1.13194,1.50,1.00
2016.08.15 14:25:08.916,1.13189,1.13195,2.25,1.69
2016.08.15 14:25:08.967,1.13191,1.13195,1.00,1.69
2016.08.15 14:25:09.069,1.13189,1.13194,1.50,1.12
2016.08.15 14:25:09.119,1.13189,1.13194,2.25,1.12
2016.08.15 14:25:09.170,1.13191,1.13195,1.00,2.44
2016.08.15 14:25:09.222,1.13191,1.13195,1.00,2.06
2016.08.15 14:25:09.783,1.1319,1.13194,1.50,1.00
2016.08.15 14:25:09.835,1.1319,1.13194,2.25,1.00
2016.08.15 14:25:09.886,1.13191,1.13196,1.00,2.44
2016.08.15 14:25:09.937,1.13191,1.13195,1.50,1.31
2016.08.15 14:25:10.038,1.13191,1.13195,1.50,1.25
2016.08.15 14:25:10.090,1.13191,1.13195,1.50,1.00
2016.08.15 14:25:10.141,1.13193,1.13197,1.00,1.50
2016.08.15 14:25:10.192,1.13193,1.13198,1.00,1.95
2016.08.15 14:25:10.244,1.13193,1.13198,1.00,1.87
2016.08.15 14:25:10.297,1.13193,1.13198,1.00,1.50
2016.08.15 14:25:10.585,1.13193,1.13196,1.00,1.12
2016.08.15 14:25:10.666,1.13191,1.13198,1.50,1.37
2016.08.15 14:25:10.871,1.13192,1.13196,1.00,1.00
2016.08.15 14:25:10.922,1.13192,1.13196,1.00,1.12
2016.08.15 14:25:11.075,1.13192,1.13198,1.00,1.87
2016.08.15 14:25:11.127,1.13193,1.13198,1.00,2.62
2016.08.15 14:25:11.229,1.13193,1.13198,1.00,2.25
2016.08.15 14:25:11.480,1.13193,1.13197,1.00,1.00
2016.08.15 14:25:11.531,1.13193,1.13198,1.00,2.25
2016.08.15 14:25:11.684,1.13193,1.13199,1.00,2.44
2016.08.15 14:25:11.735,1.13193,1.13197,1.00,1.00
2016.08.15 14:25:11.786,1.13193,1.13199,1.00,2.00
2016.08.15 14:25:11.837,1.13193,1.13199,1.50,2.29
2016.08.15 14:25:11.888,1.13193,1.13197,1.50,1.00
2016.08.15 14:25:11.940,1.13193,1.13198,1.50,3.00
2016.08.15 14:25:11.991,1.13193,1.13197,1.00,1.75
2016.08.15 14:25:12.093,1.13193,1.13197,1.00,2.25
2016.08.15 14:25:12.145,1.13192,1.13197,1.00,1.75
2016.08.15 14:25:12.376,1.13194,1.13196,1.00,1.00
2016.08.15 14:25:12.429,1.13195,1.132,1.57,2.44
2016.08.15 14:25:12.481,1.13195,1.132,2.32,2.06
2016.08.15 14:25:12.583,1.13195,1.132,1.57,2.44
2016.08.15 14:25:12.634,1.13195,1.13199,1.57,1.37
2016.08.15 14:25:12.685,1.13195,1.13198,1.10,1.12
2016.08.15 14:25:12.737,1.13196,1.13199,1.00,1.50
2016.08.15 14:25:12.788,1.13196,1.132,1.00,3.19
2016.08.15 14:25:12.839,1.13195,1.132,1.50,3.19
2016.08.15 14:25:12.941,1.13195,1.132,1.00,3.19
2016.08.15 14:25:13.240,1.13195,1.132,1.50,2.44
2016.08.15 14:25:13.575,1.13195,1.132,1.50,1.69
2016.08.15 14:25:13.627,1.13195,1.13201,1.50,2.44
2016.08.15 14:25:13.678,1.13195,1.132,1.50,1.69
2016.08.15 14:25:13.729,1.13195,1.132,2.25,2.81
2016.08.15 14:25:13.780,1.13195,1.132,2.25,2.06
2016.08.15 14:25:13.831,1.13195,1.132,1.50,1.31
2016.08.15 14:25:13.933,1.13195,1.132,1.00,1.31
2016.08.15 14:25:14.034,1.13195,1.132,1.50,2.06
2016.08.15 14:25:14.136,1.13195,1.132,1.00,1.31
2016.08.15 14:25:14.238,1.13195,1.132,1.50,2.06
2016.08.15 14:25:14.475,1.13195,1.132,1.00,2.06
2016.08.15 14:25:14.526,1.13194,1.13198,1.50,1.50
2016.08.15 14:25:14.628,1.13194,1.13198,1.00,1.50
2016.08.15 14:25:14.831,1.13195,1.13198,1.00,1.12
2016.08.15 14:25:14.882,1.13195,1.13199,1.00,1.87
2016.08.15 14:25:14.984,1.13195,1.13199,1.00,1.12
2016.08.15 14:25:15.035,1.13195,1.132,1.00,3.19
2016.08.15 14:25:15.086,1.13195,1.13199,1.00,1.12
2016.08.15 14:25:15.188,1.13195,1.132,1.50,2.44
2016.08.15 14:25:15.239,1.13195,1.132,2.25,2.44
2016.08.15 14:25:15.519,1.13195,1.13199,2.25,1.00
2016.08.15 14:25:15.722,1.13194,1.13199,2.25,1.50
2016.08.15 14:25:15.772,1.13194,1.13198,2.25,1.00
2016.08.15 14:25:15.823,1.13194,1.13198,1.50,1.00
2016.08.15 14:25:16.035,1.13194,1.13198,2.25,1.00
2016.08.15 14:25:16.136,1.13195,1.13199,1.00,1.50
2016.08.15 14:25:16.187,1.13194,1.13199,2.25,1.50
2016.08.15 14:25:16.238,1.13194,1.13199,1.50,1.50
2016.08.15 14:25:16.289,1.13194,1.13199,1.50,1.12
2016.08.15 14:25:16.567,1.13194,1.13199,1.50,1.87
2016.08.15 14:25:17.187,1.13194,1.13199,1.50,1.12
2016.08.15 14:25:17.289,1.13194,1.13199,1.50,1.87
2016.08.15 14:25:17.441,1.13194,1.13198,1.50,1.00
2016.08.15 14:25:17.959,1.13195,1.13199,1.50,1.87
2016.08.15 14:25:18.010,1.13194,1.13199,1.50,1.12
2016.08.15 14:25:18.366,1.13194,1.132,1.50,1.72
2016.08.15 14:25:18.417,1.13195,1.13199,1.00,1.12
2016.08.15 14:25:18.468,1.13194,1.13199,1.50,1.12
2016.08.15 14:25:18.570,1.13195,1.132,1.00,2.47
2016.08.15 14:25:18.621,1.13194,1.132,1.50,2.85
2016.08.15 14:25:18.672,1.13194,1.13199,1.50,1.12
2016.08.15 14:25:19.234,1.13195,1.13199,1.00,1.12
2016.08.15 14:25:19.488,1.13194,1.132,1.50,2.10
2016.08.15 14:25:19.539,1.13195,1.13199,1.00,1.50
2016.08.15 14:25:19.590,1.13194,1.13198,1.50,1.00
2016.08.15 14:25:19.641,1.13194,1.13199,1.50,2.25
2016.08.15 14:25:19.692,1.13193,1.13197,1.50,1.50
2016.08.15 14:25:19.743,1.13193,1.13197,1.00,1.50
2016.08.15 14:25:20.299,1.13193,1.13197,1.00,1.12
2016.08.15 14:25:20.703,1.13195,1.13199,1.00,2.81
2016.08.15 14:25:20.754,1.13195,1.13199,1.00,1.87
2016.08.15 14:25:20.806,1.13195,1.13199,1.00,1.12
2016.08.15 14:25:20.857,1.13195,1.132,1.50,3.19
2016.08.15 14:25:20.908,1.13195,1.132,1.50,2.81
2016.08.15 14:25:20.960,1.13195,1.132,1.50,2.44
2016.08.15 14:25:21.518,1.13195,1.132,1.00,2.81
2016.08.15 14:25:21.670,1.13195,1.132,1.00,3.56
2016.08.15 14:25:21.721,1.13195,1.132,1.00,2.44
2016.08.15 14:25:21.772,1.13193,1.132,1.50,2.44
2016.08.15 14:25:21.823,1.13193,1.132,1.50,2.81
2016.08.15 14:25:21.874,1.13193,1.132,1.50,2.06
2016.08.15 14:25:21.950,1.13193,1.132,1.50,2.81
2016.08.15 14:25:22.151,1.13194,1.132,1.00,2.81
2016.08.15 14:25:22.252,1.13194,1.132,1.00,2.06
2016.08.15 14:25:22.359,1.13195,1.13199,1.00,1.00
2016.08.15 14:25:23.115,1.13196,1.132,1.00,2.81
2016.08.15 14:25:23.318,1.13196,1.132,1.00,2.25
2016.08.15 14:25:23.369,1.13196,1.132,1.00,1.12
2016.08.15 14:25:23.470,1.13196,1.13201,1.00,1.87
2016.08.15 14:25:23.521,1.13196,1.13201,1.00,2.25
2016.08.15 14:25:23.572,1.13196,1.132,1.00,1.12
2016.08.15 14:25:23.775,1.13196,1.132,1.00,1.87
2016.08.15 14:25:24.461,1.13196,1.132,1.00,1.50
2016.08.15 14:25:24.563,1.13196,1.132,1.00,1.00
2016.08.15 14:25:24.679,1.13196,1.132,1.00,1.50
2016.08.15 14:25:24.780,1.13196,1.132,1.00,1.00
2016.08.15 14:25:25.689,1.13196,1.132,1.00,1.50
2016.08.15 14:25:25.759,1.13196,1.132,1.00,1.00
2016.08.15 14:25:25.976,1.13196,1.132,1.00,1.50
2016.08.15 14:25:26.424,1.13196,1.132,1.37,1.12
2016.08.15 14:25:26.550,1.13196,1.132,1.37,1.37
2016.08.15 14:25:26.601,1.13196,1.132,1.37,1.87
2016.08.15 14:25:26.756,1.13196,1.132,1.37,1.50
2016.08.15 14:25:26.808,1.13199,1.132,1.00,1.00
2016.08.15 14:25:26.859,1.13197,1.132,1.75,1.00
2016.08.15 14:25:26.910,1.13199,1.13202,1.12,1.00
2016.08.15 14:25:26.961,1.13199,1.13204,1.75,2.25
2016.08.15 14:25:27.013,1.132,1.13204,1.50,1.37
2016.08.15 14:25:27.264,1.132,1.13204,1.50,1.50
2016.08.15 14:25:27.324,1.132,1.13205,1.20,1.75
2016.08.15 14:25:27.376,1.13202,1.13205,1.00,1.75
2016.08.15 14:25:27.427,1.13202,1.13206,1.00,3.00
2016.08.15 14:25:27.479,1.13202,1.13204,1.00,1.00
2016.08.15 14:25:27.631,1.132,1.13204,1.20,1.00
2016.08.15 14:25:27.682,1.132,1.13204,1.65,1.00
2016.08.15 14:25:27.733,1.132,1.13204,1.57,1.00
2016.08.15 14:25:27.784,1.132,1.13204,1.10,1.00
2016.08.15 14:25:28.080,1.132,1.13205,1.00,1.50
2016.08.15 14:25:28.196,1.13201,1.13205,1.00,2.25
2016.08.15 14:25:28.247,1.13201,1.13205,1.00,1.50
2016.08.15 14:25:28.349,1.13201,1.13205,1.00,2.25
2016.08.15 14:25:28.400,1.13201,1.13205,1.00,1.50
2016.08.15 14:25:28.567,1.13201,1.13205,1.00,2.25
2016.08.15 14:25:29.620,1.13201,1.13205,1.00,1.50
2016.08.15 14:25:29.671,1.13201,1.13206,1.00,3.04
2016.08.15 14:25:29.722,1.13201,1.13205,1.00,1.67
2016.08.15 14:25:29.774,1.13201,1.13206,1.00,3.04
2016.08.15 14:25:29.881,1.13201,1.13206,1.00,2.29
2016.08.15 14:25:29.931,1.13201,1.13206,1.00,1.80
2016.08.15 14:25:30.134,1.13201,1.13205,1.00,1.50
2016.08.15 14:25:30.671,1.13201,1.13206,1.00,1.54
2016.08.15 14:25:31.023,1.132,1.13206,3.00,2.29
2016.08.15 14:25:31.074,1.132,1.13205,3.00,1.37
2016.08.15 14:25:31.176,1.132,1.13206,2.25,3.04
2016.08.15 14:25:31.277,1.132,1.13205,3.00,1.37
2016.08.15 14:25:31.653,1.132,1.13204,1.50,1.37
2016.08.15 14:25:31.704,1.13199,1.13204,1.00,2.25
2016.08.15 14:25:31.807,1.132,1.13203,1.00,1.00
2016.08.15 14:25:31.858,1.13201,1.13204,1.00,1.37
2016.08.15 14:25:31.910,1.13201,1.13205,1.00,2.25
2016.08.15 14:25:32.012,1.13201,1.13205,1.00,1.50
2016.08.15 14:25:32.063,1.132,1.13204,2.25,1.37
2016.08.15 14:25:32.176,1.132,1.13204,1.50,1.37
2016.08.15 14:25:32.884,1.132,1.13204,1.00,1.37
2016.08.15 14:25:32.938,1.13201,1.13204,1.00,1.00
2016.08.15 14:25:33.564,1.13201,1.13205,1.00,2.25
2016.08.15 14:25:33.615,1.132,1.13204,3.00,1.50
2016.08.15 14:25:33.716,1.132,1.13204,1.50,1.50
2016.08.15 14:25:33.998,1.13199,1.13204,3.00,1.50
2016.08.15 14:25:34.049,1.13199,1.13202,1.50,3.37
2016.08.15 14:25:34.100,1.13198,1.132,1.87,1.00
2016.08.15 14:25:34.152,1.13197,1.13199,1.00,1.12
2016.08.15 14:25:34.204,1.13196,1.13198,1.07,3.97
2016.08.15 14:25:34.255,1.13195,1.13198,1.50,5.10
2016.08.15 14:25:34.307,1.13192,1.13196,2.25,1.50
2016.08.15 14:25:34.358,1.13192,1.13196,1.00,2.25
2016.08.15 14:25:34.710,1.13194,1.13199,1.00,1.12
2016.08.15 14:25:34.772,1.13195,1.13199,1.00,1.00
2016.08.15 14:25:34.875,1.13195,1.13199,1.00,1.12
2016.08.15 14:25:35.408,1.13195,1.132,1.00,1.37
2016.08.15 14:25:35.741,1.13195,1.13201,1.00,3.19
2016.08.15 14:25:35.792,1.13195,1.132,1.50,1.37
2016.08.15 14:25:36.496,1.13195,1.132,1.50,1.12
2016.08.15 14:25:36.700,1.13197,1.132,1.00,1.12
2016.08.15 14:25:37.314,1.13197,1.13201,1.00,1.12
2016.08.15 14:25:37.391,1.13197,1.13202,1.00,1.50
2016.08.15 14:25:37.442,1.13197,1.13202,1.00,1.37
2016.08.15 14:25:37.493,1.13197,1.13202,1.00,1.12
2016.08.15 14:25:37.545,1.13198,1.13202,1.00,1.12
2016.08.15 14:25:37.596,1.13199,1.13202,1.00,1.00
2016.08.15 14:25:37.799,1.13199,1.13204,1.00,1.87
2016.08.15 14:25:38.160,1.13201,1.13204,1.00,2.25
2016.08.15 14:25:38.313,1.13198,1.13202,1.50,1.00
2016.08.15 14:25:42.112,1.13198,1.13202,1.00,1.00
2016.08.15 14:25:43.054,1.13199,1.13203,1.00,1.00
2016.08.15 14:25:44.453,1.13198,1.132,1.00,1.00
2016.08.15 14:25:44.504,1.13196,1.132,2.70,1.00
2016.08.15 14:25:44.556,1.13195,1.13199,2.25,1.00
2016.08.15 14:25:44.608,1.13195,1.13198,1.12,1.00
2016.08.15 14:25:44.659,1.13193,1.13199,1.00,1.87
2016.08.15 14:25:44.710,1.13192,1.13199,2.62,2.62
2016.08.15 14:25:44.763,1.13192,1.13196,1.12,1.00
2016.08.15 14:25:45.297,1.13192,1.13196,1.00,1.00
2016.08.15 14:25:46.072,1.13191,1.13196,1.12,1.00
2016.08.15 14:25:47.055,1.13192,1.13197,1.12,1.00
2016.08.15 14:25:47.106,1.13194,1.13197,1.50,1.00
2016.08.15 14:25:47.157,1.13194,1.13199,1.50,1.00
2016.08.15 14:25:47.208,1.13194,1.13199,2.25,1.00
2016.08.15 14:25:47.928,1.13195,1.132,2.25,1.50
2016.08.15 14:25:48.345,1.13195,1.132,2.62,1.50
2016.08.15 14:25:48.500,1.13196,1.132,1.00,1.00
2016.08.15 14:25:48.551,1.13197,1.13201,1.00,1.00
2016.08.15 14:25:52.113,1.13197,1.13202,1.00,1.00
2016.08.15 14:25:52.215,1.132,1.13204,1.00,1.37
2016.08.15 14:25:52.266,1.13202,1.13205,1.00,2.25
2016.08.15 14:25:52.317,1.13202,1.13205,1.50,2.25
2016.08.15 14:25:52.368,1.13202,1.13205,1.50,1.00
2016.08.15 14:25:52.419,1.13202,1.13206,1.00,1.50
2016.08.15 14:25:52.470,1.13201,1.13205,1.50,1.00
2016.08.15 14:25:52.731,1.13201,1.13205,1.50,1.12
2016.08.15 14:25:52.782,1.13202,1.13206,1.00,1.12
2016.08.15 14:25:53.138,1.13202,1.13205,1.00,1.00
2016.08.15 14:25:53.240,1.13202,1.13206,1.00,1.87
2016.08.15 14:25:53.341,1.13202,1.13205,1.00,1.00
2016.08.15 14:25:53.708,1.13202,1.13206,1.00,1.87
2016.08.15 14:25:53.861,1.13202,1.13205,1.00,1.00
2016.08.15 14:25:53.979,1.13202,1.13206,1.00,1.12
2016.08.15 14:25:54.637,1.13202,1.13206,1.00,1.00
2016.08.15 14:25:58.267,1.132,1.13204,3.00,1.12
2016.08.15 14:25:58.621,1.132,1.13204,2.25,1.72
2016.08.15 14:25:58.672,1.13198,1.13203,1.00,1.87
2016.08.15 14:25:58.774,1.13198,1.13203,1.00,2.25
2016.08.15 14:25:58.948,1.13198,1.13202,1.00,1.12
2016.08.15 14:25:58.999,1.13198,1.13202,1.00,1.50
2016.08.15 14:25:59.857,1.13197,1.13201,1.00,1.37
2016.08.15 14:25:59.959,1.13197,1.13201,1.00,1.75
2016.08.15 14:26:00.060,1.13197,1.13201,1.00,1.12
2016.08.15 14:26:02.040,1.13199,1.13203,1.50,2.10
2016.08.15 14:26:02.117,1.13198,1.13202,1.50,1.75
2016.08.15 14:26:02.169,1.13198,1.13202,1.50,1.50
2016.08.15 14:26:02.528,1.13197,1.13201,1.75,1.00
2016.08.15 14:26:02.578,1.13197,1.13201,1.37,1.00
2016.08.15 14:26:03.151,1.13197,1.13201,1.37,1.12
2016.08.15 14:26:03.411,1.13196,1.13201,1.50,1.12
2016.08.15 14:26:03.818,1.13196,1.13201,1.12,1.12
2016.08.15 14:26:03.871,1.13196,1.13201,1.12,1.50
2016.08.15 14:26:04.763,1.13196,1.132,1.12,1.12
2016.08.15 14:26:04.969,1.13196,1.132,1.12,1.87
2016.08.15 14:26:05.071,1.13196,1.132,1.12,1.12
2016.08.15 14:26:05.163,1.13196,1.132,1.12,1.87
2016.08.15 14:26:05.458,1.13196,1.132,1.12,1.12
2016.08.15 14:26:05.534,1.13196,1.13201,1.12,1.50
2016.08.15 14:26:06.183,1.13196,1.13201,1.12,1.75
2016.08.15 14:26:06.519,1.13198,1.132,1.00,1.00
2016.08.15 14:26:06.804,1.13199,1.13203,1.00,4.54
2016.08.15 14:26:07.241,1.13199,1.13203,1.00,3.94
2016.08.15 14:26:07.351,1.13199,1.13203,1.00,4.54
2016.08.15 14:26:07.402,1.13199,1.13202,1.00,1.00
2016.08.15 14:26:07.518,1.13199,1.13203,1.00,3.22
2016.08.15 14:26:08.104,1.13199,1.13203,1.00,2.47
2016.08.15 14:26:08.176,1.132,1.13204,1.50,2.81
2016.08.15 14:26:08.703,1.132,1.13203,1.00,1.50
2016.08.15 14:26:08.805,1.132,1.13203,1.50,1.50
2016.08.15 14:26:09.138,1.132,1.13203,1.00,1.50
2016.08.15 14:26:09.189,1.13201,1.13204,1.00,1.69
2016.08.15 14:26:09.291,1.13201,1.13204,1.00,1.12
2016.08.15 14:26:09.343,1.13203,1.13204,1.00,1.12
2016.08.15 14:26:09.393,1.13203,1.13205,1.00,2.02
2016.08.15 14:26:09.445,1.13203,1.13205,1.00,1.10
2016.08.15 14:26:09.496,1.13203,1.13205,1.00,1.00
2016.08.15 14:26:09.547,1.13203,1.13207,1.00,1.50
2016.08.15 14:26:09.598,1.13203,1.13207,1.00,1.37
2016.08.15 14:26:09.701,1.13203,1.13207,1.00,2.10
2016.08.15 14:26:10.559,1.13203,1.13207,1.00,1.50
2016.08.15 14:26:10.660,1.13203,1.13207,1.00,2.10
2016.08.15 14:26:11.031,1.13203,1.13207,1.00,1.75
2016.08.15 14:26:11.082,1.13203,1.13205,1.00,1.00
2016.08.15 14:26:11.629,1.13203,1.13207,1.00,1.75
2016.08.15 14:26:11.731,1.13204,1.13206,1.00,1.00
2016.08.15 14:26:11.782,1.13205,1.13206,1.50,1.00
2016.08.15 14:26:12.178,1.13203,1.13207,1.50,2.10
2016.08.15 14:26:12.229,1.13204,1.13205,1.00,1.00
2016.08.15 14:26:12.587,1.13202,1.13207,1.00,2.10
2016.08.15 14:26:13.570,1.13204,1.13205,1.50,1.00
2016.08.15 14:26:13.621,1.13201,1.13205,1.00,1.50
2016.08.15 14:26:13.672,1.13201,1.13205,1.00,2.10
2016.08.15 14:26:13.722,1.132,1.13205,2.62,2.10
2016.08.15 14:26:14.134,1.132,1.13205,2.25,2.10
2016.08.15 14:26:14.185,1.13201,1.13205,1.00,2.10
2016.08.15 14:26:14.287,1.13201,1.13205,1.00,1.50
2016.08.15 14:26:14.351,1.13201,1.13205,1.00,2.10
2016.08.15 14:26:14.402,1.13201,1.13205,1.00,1.67
2016.08.15 14:26:14.838,1.13201,1.13206,1.00,2.10
2016.08.15 14:26:15.354,1.13201,1.13205,1.00,1.67
2016.08.15 14:26:15.406,1.13201,1.13205,1.50,1.67
2016.08.15 14:26:16.177,1.13203,1.13205,1.00,1.67
2016.08.15 14:26:16.579,1.13203,1.13206,1.00,1.60
2016.08.15 14:26:16.688,1.13203,1.13207,1.00,3.79
2016.08.15 14:26:16.790,1.13203,1.13206,1.00,1.60
2016.08.15 14:26:17.391,1.13203,1.13206,1.00,2.10
2016.08.15 14:26:17.443,1.13204,1.13206,1.00,1.50
2016.08.15 14:26:17.494,1.13204,1.13207,1.00,2.29
2016.08.15 14:26:17.545,1.13205,1.13207,1.00,1.50
2016.08.15 14:26:18.089,1.13205,1.13207,1.00,1.12
2016.08.15 14:26:18.587,1.13206,1.13208,1.00,2.06
2016.08.15 14:26:18.688,1.13206,1.13208,1.00,1.99
2016.08.15 14:26:18.739,1.13205,1.13208,1.50,1.62
2016.08.15 14:26:18.790,1.13205,1.13207,1.50,1.12
2016.08.15 14:26:18.841,1.13205,1.13207,1.00,1.50
2016.08.15 14:26:18.943,1.13205,1.13207,1.50,1.50
2016.08.15 14:26:18.994,1.13205,1.13207,1.00,1.50
2016.08.15 14:26:19.325,1.13205,1.13207,1.50,1.12
2016.08.15 14:26:19.504,1.13205,1.13207,1.50,1.72
2016.08.15 14:26:19.556,1.13205,1.13207,1.50,1.12
2016.08.15 14:26:19.607,1.13205,1.13207,1.00,1.12
2016.08.15 14:26:19.913,1.13205,1.13207,1.50,1.12
2016.08.15 14:26:20.197,1.13206,1.13209,1.00,6.64
2016.08.15 14:26:20.249,1.13207,1.13209,2.25,3.26
2016.08.15 14:26:20.531,1.13209,1.13211,1.50,1.50
2016.08.15 14:26:20.617,1.13211,1.13214,1.00,1.31
2016.08.15 14:26:20.719,1.13211,1.13215,1.00,1.75
2016.08.15 14:26:20.821,1.13212,1.13215,1.00,2.25
2016.08.15 14:26:20.872,1.13212,1.13215,1.00,3.37
2016.08.15 14:26:20.923,1.13212,1.13215,1.00,2.62
2016.08.15 14:26:21.249,1.13213,1.13215,1.00,1.12
2016.08.15 14:26:21.300,1.13215,1.13218,1.00,3.97
2016.08.15 14:26:21.351,1.13215,1.13218,1.50,3.97
2016.08.15 14:26:21.403,1.13217,1.13219,1.00,2.06
2016.08.15 14:26:21.710,1.13217,1.1322,1.00,3.97
2016.08.15 14:26:21.761,1.13218,1.1322,1.00,1.35
2016.08.15 14:26:21.813,1.13218,1.13221,1.00,2.66
2016.08.15 14:26:21.864,1.13218,1.13221,1.00,3.79
2016.08.15 14:26:22.028,1.13218,1.13221,1.00,3.19
2016.08.15 14:26:22.453,1.13218,1.1322,1.00,1.72
2016.08.15 14:26:22.976,1.13218,1.1322,1.00,1.12
2016.08.15 14:26:23.189,1.13218,1.1322,1.00,1.30
2016.08.15 14:26:23.240,1.13218,1.13221,1.00,4.16
2016.08.15 14:26:23.551,1.13218,1.13219,1.00,1.00
2016.08.15 14:26:23.602,1.13217,1.1322,1.00,1.91
2016.08.15 14:26:23.653,1.13217,1.13219,1.00,1.05
2016.08.15 14:26:23.704,1.13217,1.13219,1.00,1.54
2016.08.15 14:26:23.755,1.13217,1.13219,1.00,1.85
2016.08.15 14:26:23.880,1.13217,1.13219,1.00,1.85
2016.08.15 14:26:23.931,1.13217,1.13219,1.00,1.54
2016.08.15 14:26:23.982,1.13217,1.13219,1.00,1.85
2016.08.15 14:26:24.033,1.13217,1.13219,1.00,1.54
2016.08.15 14:26:24.134,1.13217,1.13218,1.00,1.00
2016.08.15 14:26:24.271,1.13217,1.13218,1.00,1.35
2016.08.15 14:26:24.590,1.13217,1.13219,1.00,1.91
2016.08.15 14:26:25.107,1.13216,1.13219,1.00,1.91
2016.08.15 14:26:25.158,1.13216,1.13219,1.00,1.91
2016.08.15 14:26:25.260,1.13216,1.13219,1.00,1.85
2016.08.15 14:26:25.311,1.13216,1.13219,1.00,1.54
2016.08.15 14:26:25.413,1.13217,1.13219,1.00,1.25
2016.08.15 14:26:25.966,1.13218,1.13221,1.00,1.91
2016.08.15 14:26:26.172,1.13218,1.13221,1.00,3.04
2016.08.15 14:26:26.275,1.13218,1.13221,1.00,3.41
2016.08.15 14:26:26.446,1.13217,1.13221,1.00,2.81
2016.08.15 14:26:26.548,1.13217,1.13221,1.00,2.44
2016.08.15 14:26:27.041,1.13217,1.13221,1.00,3.04
2016.08.15 14:26:27.778,1.13217,1.13221,1.00,2.85
2016.08.15 14:26:28.154,1.13219,1.13221,1.00,1.50
2016.08.15 14:26:28.679,1.1322,1.13221,1.00,1.50
2016.08.15 14:26:29.035,1.1322,1.13223,1.00,3.19
2016.08.15 14:26:29.187,1.1322,1.13223,1.00,2.59
2016.08.15 14:26:29.589,1.1322,1.13223,1.50,1.84
2016.08.15 14:26:29.640,1.1322,1.13223,1.50,2.44
2016.08.15 14:26:29.742,1.1322,1.13222,1.50,1.00
2016.08.15 14:26:29.861,1.1322,1.13222,1.00,1.00
2016.08.15 14:26:29.963,1.1322,1.13222,1.50,1.00
2016.08.15 14:26:30.333,1.1322,1.13222,1.00,1.00
2016.08.15 14:26:30.385,1.13219,1.13223,1.50,4.12
2016.08.15 14:26:30.538,1.1322,1.13223,1.50,4.05
2016.08.15 14:26:30.593,1.1322,1.13223,1.50,4.16
2016.08.15 14:26:30.678,1.1322,1.13222,1.50,1.25
2016.08.15 14:26:30.933,1.1322,1.13222,1.00,1.25
2016.08.15 14:26:31.412,1.1322,1.13221,1.00,1.00
2016.08.15 14:26:31.463,1.13219,1.13221,1.00,1.72
2016.08.15 14:26:31.734,1.1322,1.13221,1.00,1.12
2016.08.15 14:26:31.857,1.13219,1.13221,1.00,1.72
2016.08.15 14:26:31.959,1.1322,1.13221,1.00,1.12
2016.08.15 14:26:32.015,1.13219,1.13221,1.00,1.50
2016.08.15 14:26:32.065,1.13219,1.13221,1.00,2.10
2016.08.15 14:26:32.167,1.13219,1.13221,1.00,1.50
2016.08.15 14:26:32.504,1.13218,1.1322,1.00,1.00
2016.08.15 14:26:34.056,1.13217,1.13219,1.00,1.19
2016.08.15 14:26:34.107,1.13212,1.13215,1.00,1.00
2016.08.15 14:26:34.209,1.13212,1.13216,1.00,1.50
2016.08.15 14:26:34.311,1.13213,1.13216,1.00,1.00
2016.08.15 14:26:34.412,1.13211,1.13216,1.50,2.47
2016.08.15 14:26:34.463,1.13211,1.13215,1.50,1.00
2016.08.15 14:26:34.514,1.13211,1.13214,1.50,1.00
2016.08.15 14:26:34.667,1.13211,1.13214,1.00,1.00
2016.08.15 14:26:35.021,1.1321,1.13214,1.00,1.00
2016.08.15 14:26:35.072,1.13213,1.13216,1.00,3.94
2016.08.15 14:26:35.124,1.13213,1.13216,1.00,3.56
2016.08.15 14:26:35.175,1.13211,1.13215,1.00,1.25
2016.08.15 14:26:35.278,1.13211,1.13215,1.00,1.31
2016.08.15 14:26:35.329,1.1321,1.13216,1.00,3.94
2016.08.15 14:26:35.380,1.13212,1.13216,1.00,4.69
2016.08.15 14:26:35.431,1.13211,1.13215,1.00,1.31
2016.08.15 14:26:35.482,1.13211,1.13215,1.00,1.25
2016.08.15 14:26:35.534,1.13211,1.13215,1.00,1.69
2016.08.15 14:26:35.991,1.13211,1.13214,1.00,1.00
2016.08.15 14:26:36.377,1.1321,1.13214,1.50,1.12
2016.08.15 14:26:36.428,1.13211,1.13214,1.00,1.12
2016.08.15 14:26:36.479,1.13212,1.13214,1.00,1.00
2016.08.15 14:26:36.531,1.13212,1.13215,1.00,2.44
2016.08.15 14:26:36.582,1.13212,1.13215,1.00,2.06
2016.08.15 14:26:37.090,1.13213,1.13215,1.00,2.06
2016.08.15 14:26:37.635,1.13212,1.13215,1.00,2.06
2016.08.15 14:26:38.175,1.1321,1.13214,1.00,2.25
2016.08.15 14:26:38.226,1.1321,1.13214,1.00,2.62
2016.08.15 14:26:38.276,1.13209,1.13214,1.50,3.00
2016.08.15 14:26:38.378,1.1321,1.13213,1.00,1.00
2016.08.15 14:26:38.491,1.13207,1.13214,1.87,3.75
2016.08.15 14:26:38.593,1.13208,1.13214,1.12,3.37
2016.08.15 14:26:38.695,1.13208,1.13214,1.00,3.37
2016.08.15 14:26:38.746,1.13209,1.13214,1.00,2.62
2016.08.15 14:26:38.796,1.13209,1.13214,1.50,2.62
2016.08.15 14:26:38.847,1.13209,1.13214,1.50,1.87
2016.08.15 14:26:39.090,1.13209,1.13214,1.50,1.50
2016.08.15 14:26:39.142,1.1321,1.13215,1.00,1.69
2016.08.15 14:26:39.193,1.1321,1.13215,1.00,2.06
2016.08.15 14:26:39.396,1.13209,1.13215,2.25,1.31
2016.08.15 14:26:39.556,1.13211,1.13215,1.00,2.81
2016.08.15 14:26:40.207,1.1321,1.13214,1.00,1.12
2016.08.15 14:26:40.308,1.13208,1.13214,1.12,1.12
2016.08.15 14:26:40.359,1.13209,1.13213,1.00,1.00
2016.08.15 14:26:40.562,1.1321,1.13214,1.00,1.00
2016.08.15 14:26:40.664,1.13209,1.13214,1.00,1.00
2016.08.15 14:26:41.418,1.13209,1.13214,1.00,1.12
2016.08.15 14:26:41.469,1.13209,1.13215,1.00,2.44
2016.08.15 14:26:41.560,1.1321,1.13215,1.00,3.19
2016.08.15 14:26:44.034,1.13209,1.13213,1.00,1.00
2016.08.15 14:26:45.236,1.13208,1.13213,1.50,1.00
2016.08.15 14:26:45.338,1.13208,1.13213,1.00,1.00
2016.08.15 14:26:45.683,1.13208,1.13213,1.50,1.00
2016.08.15 14:26:46.127,1.13208,1.13213,1.00,1.00
2016.08.15 14:26:46.694,1.13208,1.13213,1.00,1.37
2016.08.15 14:26:46.746,1.13207,1.13212,1.50,1.12
2016.08.15 14:26:46.797,1.13209,1.13213,1.00,1.87
2016.08.15 14:26:46.848,1.13209,1.13213,1.00,1.00
2016.08.15 14:26:46.899,1.13209,1.13213,1.50,1.00
2016.08.15 14:26:46.950,1.13209,1.13214,1.50,2.25
2016.08.15 14:26:47.051,1.13211,1.13214,1.00,1.50
2016.08.15 14:26:47.153,1.13213,1.13216,1.00,2.25
2016.08.15 14:26:47.204,1.13215,1.13217,1.50,1.12
2016.08.15 14:26:47.255,1.13215,1.13217,1.12,1.50
2016.08.15 14:26:47.306,1.13215,1.13218,1.87,1.37
2016.08.15 14:26:47.556,1.13213,1.13215,1.00,1.37
2016.08.15 14:26:47.608,1.13212,1.13215,1.75,1.12
2016.08.15 14:26:47.659,1.13212,1.13215,1.00,1.37
2016.08.15 14:26:47.710,1.13212,1.13215,1.00,1.12
2016.08.15 14:26:47.762,1.1321,1.13215,3.00,1.50
2016.08.15 14:26:47.813,1.1321,1.13215,3.00,1.12
2016.08.15 14:26:47.864,1.1321,1.13215,3.00,1.00
2016.08.15 14:26:47.939,1.13211,1.13216,1.50,2.62
2016.08.15 14:26:47.991,1.13211,1.13215,1.50,1.00
2016.08.15 14:26:48.043,1.13211,1.13215,1.75,1.00
2016.08.15 14:26:48.094,1.13211,1.13215,1.75,1.50
2016.08.15 14:26:48.686,1.13211,1.13215,3.37,1.50
2016.08.15 14:26:48.738,1.13212,1.13216,1.12,1.00
2016.08.15 14:26:48.790,1.13214,1.13217,1.00,1.12
2016.08.15 14:26:48.843,1.13214,1.13216,1.00,1.00
2016.08.15 14:26:48.894,1.13212,1.13216,1.50,1.00
2016.08.15 14:26:48.996,1.13212,1.13216,1.00,1.00
2016.08.15 14:26:49.503,1.13211,1.13216,1.12,1.50
2016.08.15 14:26:49.554,1.13211,1.13215,1.00,1.37
2016.08.15 14:26:49.605,1.13211,1.13215,1.00,1.37
2016.08.15 14:26:49.657,1.13211,1.13215,1.00,1.00
2016.08.15 14:26:49.708,1.13211,1.13215,1.00,1.50
2016.08.15 14:26:50.225,1.13212,1.13215,1.00,1.00
2016.08.15 14:26:50.276,1.1321,1.13214,4.12,1.00
2016.08.15 14:26:50.328,1.1321,1.13214,1.50,1.00
2016.08.15 14:26:50.598,1.1321,1.13214,1.00,1.37
2016.08.15 14:26:50.654,1.1321,1.13214,1.50,1.50
2016.08.15 14:26:50.705,1.1321,1.13215,1.00,2.25
2016.08.15 14:26:50.757,1.1321,1.13214,1.00,1.00
2016.08.15 14:26:50.809,1.13211,1.13215,1.00,2.25
2016.08.15 14:26:50.962,1.1321,1.13215,1.00,1.50
2016.08.15 14:26:51.165,1.13211,1.13215,1.00,1.12
2016.08.15 14:26:51.318,1.13211,1.13216,1.00,3.19
2016.08.15 14:26:51.603,1.1321,1.13215,1.00,1.12
2016.08.15 14:26:51.655,1.1321,1.13213,1.00,1.00
2016.08.15 14:26:51.759,1.13209,1.13213,1.00,1.12
2016.08.15 14:26:52.382,1.13208,1.13213,1.00,1.12
2016.08.15 14:26:52.433,1.13209,1.13213,1.00,1.00
2016.08.15 14:26:52.535,1.13209,1.13213,1.50,1.00
2016.08.15 14:26:52.585,1.1321,1.13214,1.00,1.00
2016.08.15 14:26:52.932,1.13212,1.13214,1.00,1.00
2016.08.15 14:26:53.396,1.13212,1.13215,1.00,1.50
2016.08.15 14:26:53.803,1.13212,1.13215,1.00,1.00
2016.08.15 14:26:54.084,1.13212,1.13215,1.50,1.00
2016.08.15 14:26:54.136,1.13212,1.13216,1.50,1.50
2016.08.15 14:26:54.186,1.13212,1.13215,1.50,1.00
2016.08.15 14:26:54.237,1.13212,1.13215,1.50,1.50
2016.08.15 14:26:54.502,1.13212,1.13215,1.50,1.00
2016.08.15 14:26:54.812,1.13212,1.13215,1.50,1.50
2016.08.15 14:26:54.863,1.13212,1.13215,1.50,1.00
2016.08.15 14:26:54.914,1.13215,1.13217,1.00,1.00
2016.08.15 14:26:55.456,1.13214,1.13217,1.00,1.00
2016.08.15 14:26:56.568,1.13213,1.13215,1.12,1.00
2016.08.15 14:26:56.671,1.13211,1.13213,1.50,1.00
2016.08.15 14:26:56.722,1.1321,1.13212,1.10,1.00
2016.08.15 14:26:56.774,1.1321,1.13212,1.00,1.00
2016.08.15 14:26:56.826,1.13206,1.13211,4.12,1.50
2016.08.15 14:26:56.877,1.13206,1.1321,2.62,1.00
2016.08.15 14:26:56.928,1.13206,1.1321,2.62,1.50
2016.08.15 14:26:57.224,1.13207,1.1321,1.00,1.00
2016.08.15 14:26:57.282,1.13208,1.1321,1.12,1.00
2016.08.15 14:26:57.333,1.13208,1.13211,1.12,1.00
2016.08.15 14:26:57.435,1.13207,1.13211,1.12,1.50
2016.08.15 14:26:57.486,1.13207,1.13211,1.00,1.50
2016.08.15 14:26:57.537,1.13207,1.1321,1.00,1.00
2016.08.15 14:26:57.638,1.13207,1.13211,1.00,1.50
2016.08.15 14:26:57.698,1.13207,1.13211,1.50,1.50
2016.08.15 14:26:57.799,1.13207,1.13211,1.00,1.50
2016.08.15 14:26:58.092,1.13208,1.1321,1.00,1.00
2016.08.15 14:26:58.161,1.13208,1.1321,1.12,1.00
2016.08.15 14:26:58.314,1.13207,1.1321,1.87,1.00
2016.08.15 14:26:58.674,1.13207,1.1321,1.50,1.50
2016.08.15 14:26:58.726,1.13207,1.1321,1.50,1.00
2016.08.15 14:26:58.828,1.13207,1.1321,1.00,1.00
2016.08.15 14:26:59.136,1.13207,1.1321,1.00,1.50
2016.08.15 14:26:59.240,1.13207,1.1321,1.00,1.00
2016.08.15 14:26:59.443,1.13207,1.1321,1.00,1.50
2016.08.15 14:26:59.647,1.13207,1.1321,1.00,1.00
2016.08.15 14:27:00.060,1.13207,1.1321,1.00,1.50
2016.08.15 14:27:00.553,1.13207,1.1321,1.00,1.87
2016.08.15 14:27:00.605,1.13204,1.13209,3.37,1.00
2016.08.15 14:27:00.658,1.13204,1.13209,3.00,1.00
2016.08.15 14:27:00.709,1.13204,1.13209,2.25,1.00
2016.08.15 14:27:00.863,1.13204,1.13207,1.50,1.00
2016.08.15 14:27:00.965,1.13204,1.13207,1.00,1.00
2016.08.15 14:27:01.067,1.13203,1.13206,1.50,1.00
2016.08.15 14:27:01.369,1.13201,1.13205,1.87,1.00
2016.08.15 14:27:01.419,1.13201,1.13205,1.87,1.50
2016.08.15 14:27:01.521,1.13202,1.13205,1.00,1.50
2016.08.15 14:27:01.572,1.13201,1.13204,2.62,1.00
2016.08.15 14:27:01.775,1.13201,1.13204,2.25,1.00
2016.08.15 14:27:01.826,1.13201,1.13203,1.50,1.00
2016.08.15 14:27:01.878,1.132,1.13203,1.50,1.00
2016.08.15 14:27:02.217,1.132,1.13203,1.00,1.00
2016.08.15 14:27:02.287,1.13199,1.13203,1.50,1.00
2016.08.15 14:27:02.338,1.132,1.13205,1.50,1.87
2016.08.15 14:27:02.390,1.13202,1.13203,1.00,1.00
2016.08.15 14:27:02.492,1.13201,1.13204,1.12,1.00
2016.08.15 14:27:03.397,1.132,1.13203,1.87,1.00
2016.08.15 14:27:03.500,1.132,1.13203,1.50,1.00
2016.08.15 14:27:03.551,1.132,1.13202,1.00,1.00
2016.08.15 14:27:03.653,1.13199,1.13202,1.00,1.00
2016.08.15 14:27:03.704,1.13199,1.13202,1.00,1.00
2016.08.15 14:27:03.756,1.13198,1.13202,1.12,1.00
2016.08.15 14:27:03.808,1.13197,1.13202,2.62,1.00
2016.08.15 14:27:03.859,1.13197,1.132,2.62,1.00
2016.08.15 14:27:03.911,1.13197,1.132,1.87,1.00
2016.08.15 14:27:04.188,1.13197,1.132,1.00,1.00
2016.08.15 14:27:04.240,1.13201,1.13202,1.00,1.00
2016.08.15 14:27:04.345,1.13201,1.13204,1.50,1.00
2016.08.15 14:27:04.398,1.132,1.13203,3.37,1.00
2016.08.15 14:27:04.450,1.13201,1.13203,1.27,1.00
2016.08.15 14:27:04.501,1.13201,1.13204,1.20,1.00
2016.08.15 14:27:04.553,1.13199,1.13202,1.47,1.00
2016.08.15 14:27:04.604,1.13199,1.13201,1.10,1.00
2016.08.15 14:27:04.655,1.13197,1.132,5.62,1.50
2016.08.15 14:27:04.706,1.13198,1.132,1.20,1.00
2016.08.15 14:27:05.011,1.13198,1.13201,1.10,1.00
2016.08.15 14:27:05.062,1.13198,1.13201,1.00,1.00
2016.08.15 14:27:05.578,1.13198,1.132,1.00,1.00
2016.08.15 14:27:05.671,1.13197,1.13201,2.40,1.00
2016.08.15 14:27:05.957,1.13196,1.132,3.52,1.00
2016.08.15 14:27:06.008,1.13195,1.132,4.87,1.00
2016.08.15 14:27:06.059,1.13197,1.132,1.00,1.00
2016.08.15 14:27:06.161,1.13197,1.132,1.00,1.50
2016.08.15 14:27:06.415,1.13197,1.132,1.50,1.50
2016.08.15 14:27:06.466,1.13197,1.132,1.00,1.00
2016.08.15 14:27:06.568,1.13197,1.132,1.00,1.50
2016.08.15 14:27:06.963,1.13199,1.132,1.00,1.50
2016.08.15 14:27:07.248,1.13199,1.132,1.00,1.00
2016.08.15 14:27:07.299,1.13199,1.13203,1.00,1.00
2016.08.15 14:27:07.350,1.13199,1.13202,1.50,1.00
2016.08.15 14:27:07.400,1.132,1.13202,1.00,1.00
2016.08.15 14:27:07.502,1.13199,1.13202,1.00,1.00
2016.08.15 14:27:07.603,1.132,1.13202,1.00,1.00
2016.08.15 14:27:07.705,1.13199,1.13202,1.50,1.00
2016.08.15 14:27:11.757,1.13199,1.13202,1.00,1.00
2016.08.15 14:27:11.808,1.13199,1.13202,1.00,1.12
2016.08.15 14:27:11.859,1.13199,1.132,1.00,1.00
2016.08.15 14:27:13.063,1.13199,1.13201,1.00,1.00
2016.08.15 14:27:13.656,1.13199,1.132,1.00,1.00
2016.08.15 14:27:13.808,1.13199,1.132,1.50,1.00
2016.08.15 14:27:13.910,1.13199,1.13202,1.57,1.00
2016.08.15 14:27:14.410,1.13198,1.132,1.00,1.00
2016.08.15 14:27:14.511,1.13198,1.132,1.50,1.00
2016.08.15 14:27:14.568,1.13198,1.13201,1.50,1.50
2016.08.15 14:27:14.693,1.13198,1.132,1.50,1.00
2016.08.15 14:27:14.794,1.13198,1.13201,1.57,1.50
2016.08.15 14:27:15.073,1.13201,1.13202,1.00,1.12
2016.08.15 14:27:15.124,1.13201,1.13203,1.00,1.50
2016.08.15 14:27:15.600,1.13201,1.13203,1.00,1.37
2016.08.15 14:27:15.678,1.13201,1.13204,1.00,1.00
2016.08.15 14:27:15.730,1.13199,1.13204,3.82,1.00
2016.08.15 14:27:15.781,1.13201,1.13205,1.00,1.50
2016.08.15 14:27:16.113,1.13201,1.13205,1.50,1.50
2016.08.15 14:27:16.214,1.13201,1.13205,1.50,1.00
2016.08.15 14:27:16.372,1.13201,1.13205,1.50,1.50
2016.08.15 14:27:16.524,1.13201,1.13205,1.00,1.50
2016.08.15 14:27:16.575,1.13201,1.13205,1.00,1.00
2016.08.15 14:27:16.626,1.13201,1.13205,1.50,1.00
2016.08.15 14:27:16.677,1.13201,1.13205,1.50,1.50
2016.08.15 14:27:16.832,1.13201,1.13204,2.25,1.00
2016.08.15 14:27:16.883,1.13201,1.13204,1.00,1.00
2016.08.15 14:27:17.232,1.13198,1.13203,3.00,1.00
2016.08.15 14:27:17.283,1.132,1.13203,1.00,1.00
2016.08.15 14:27:17.435,1.13201,1.13203,1.00,1.00
2016.08.15 14:27:17.638,1.132,1.13203,1.00,1.00
2016.08.15 14:27:17.791,1.13199,1.13201,1.00,1.00
2016.08.15 14:27:17.841,1.13198,1.132,1.00,1.00
2016.08.15 14:27:18.390,1.13193,1.13196,1.50,1.50
2016.08.15 14:27:18.441,1.13192,1.13195,1.50,1.00
2016.08.15 14:27:18.492,1.13192,1.13195,1.00,1.50
2016.08.15 14:27:18.543,1.13191,1.13195,1.00,1.87
2016.08.15 14:27:18.594,1.1319,1.13195,2.25,1.37
2016.08.15 14:27:18.645,1.1319,1.13195,1.50,1.37
2016.08.15 14:27:18.696,1.1319,1.13193,1.50,1.00
2016.08.15 14:27:18.747,1.1319,1.13194,1.00,1.50
2016.08.15 14:27:18.849,1.13189,1.13194,1.50,1.12
2016.08.15 14:27:19.602,1.13189,1.13194,1.00,1.12
2016.08.15 14:27:19.965,1.13189,1.13194,1.00,1.50
2016.08.15 14:27:20.066,1.13188,1.13194,2.25,1.87
2016.08.15 14:27:20.117,1.13188,1.13193,3.37,1.12
2016.08.15 14:27:20.552,1.13188,1.13193,3.00,1.00
2016.08.15 14:27:20.761,1.13188,1.13193,2.25,1.00
2016.08.15 14:27:20.966,1.13188,1.13193,3.00,1.00
2016.08.15 14:27:21.194,1.13188,1.13193,2.62,1.00
2016.08.15 14:27:21.476,1.13188,1.13193,1.87,1.00
2016.08.15 14:27:21.528,1.13188,1.13191,1.12,1.00
2016.08.15 14:27:21.579,1.13187,1.1319,1.87,1.00
2016.08.15 14:27:21.630,1.13187,1.1319,1.12,1.00
2016.08.15 14:27:21.681,1.13186,1.1319,1.50,1.00
2016.08.15 14:27:21.981,1.13186,1.1319,1.12,1.00
2016.08.15 14:27:22.047,1.13187,1.1319,1.00,1.00
2016.08.15 14:27:22.098,1.13187,1.1319,1.00,1.50
2016.08.15 14:27:22.292,1.13187,1.1319,1.00,1.00
2016.08.15 14:27:22.785,1.13186,1.13189,3.00,1.00
2016.08.15 14:27:22.836,1.13187,1.1319,1.00,1.50
2016.08.15 14:27:22.938,1.13187,1.1319,1.00,1.00
2016.08.15 14:27:23.043,1.13187,1.1319,1.00,1.50
2016.08.15 14:27:23.145,1.13187,1.1319,1.00,1.00
2016.08.15 14:27:23.196,1.13187,1.1319,1.00,1.50
2016.08.15 14:27:23.446,1.13187,1.1319,1.50,1.50
2016.08.15 14:27:23.620,1.13187,1.1319,1.50,1.00
2016.08.15 14:27:23.900,1.13189,1.1319,1.00,1.50
2016.08.15 14:27:24.053,1.13187,1.1319,1.00,1.50
2016.08.15 14:27:24.245,1.13187,1.1319,1.00,1.00
2016.08.15 14:27:24.498,1.13187,1.1319,1.00,1.50
2016.08.15 14:27:25.600,1.13187,1.1319,1.00,1.00
2016.08.15 14:27:25.700,1.13187,1.1319,1.00,1.50
2016.08.15 14:27:26.703,1.13187,1.1319,1.00,1.00
2016.08.15 14:27:26.904,1.13187,1.1319,1.00,1.50
2016.08.15 14:27:27.104,1.13187,1.1319,1.00,1.00
2016.08.15 14:27:27.242,1.13187,1.1319,1.00,1.50
2016.08.15 14:27:27.906,1.13188,1.1319,1.00,1.50
2016.08.15 14:27:27.957,1.13188,1.1319,1.00,1.00
2016.08.15 14:27:28.119,1.13188,1.1319,1.00,1.50
2016.08.15 14:27:28.232,1.13188,1.1319,1.00,1.00
2016.08.15 14:27:28.411,1.13188,1.1319,1.00,1.50
2016.08.15 14:27:28.513,1.13188,1.1319,1.00,1.00
2016.08.15 14:27:28.615,1.13188,1.1319,1.00,1.50
2016.08.15 14:27:28.819,1.13188,1.1319,1.00,1.00
2016.08.15 14:27:29.151,1.13187,1.1319,1.12,1.50
2016.08.15 14:27:29.410,1.13187,1.1319,1.12,1.00
2016.08.15 14:27:29.513,1.13187,1.1319,1.12,1.50
2016.08.15 14:27:29.927,1.13188,1.13191,1.00,1.50
2016.08.15 14:27:29.978,1.13188,1.13191,1.12,1.50
2016.08.15 14:27:30.029,1.13188,1.1319,1.12,1.00
2016.08.15 14:27:30.430,1.13188,1.1319,1.00,1.00
2016.08.15 14:27:30.640,1.13188,1.13191,1.00,1.50
2016.08.15 14:27:30.709,1.13189,1.13191,1.00,1.50
2016.08.15 14:27:30.760,1.13189,1.1319,1.00,1.00
2016.08.15 14:27:30.861,1.13189,1.13191,1.00,1.00
2016.08.15 14:27:31.014,1.13189,1.13192,1.00,1.00
2016.08.15 14:27:31.116,1.13189,1.13194,1.37,1.00
2016.08.15 14:27:31.167,1.13189,1.13194,1.50,1.00
2016.08.15 14:27:31.476,1.1319,1.13194,1.50,1.00
2016.08.15 14:27:31.527,1.13191,1.13194,1.00,1.00
2016.08.15 14:27:32.687,1.13184,1.13186,3.75,1.00
2016.08.15 14:27:32.738,1.13182,1.13185,2.62,1.00
2016.08.15 14:27:32.789,1.13183,1.13185,1.12,1.00
2016.08.15 14:27:32.840,1.13183,1.13185,1.12,1.50
2016.08.15 14:27:32.941,1.13183,1.13185,1.12,1.00
2016.08.15 14:27:33.043,1.13183,1.13185,1.12,1.50
2016.08.15 14:27:33.145,1.13183,1.13185,1.12,1.00
2016.08.15 14:27:33.246,1.13183,1.13185,1.12,1.50
2016.08.15 14:27:33.321,1.13183,1.13185,1.12,1.00
2016.08.15 14:27:33.440,1.13183,1.13185,1.12,1.50
2016.08.15 14:27:33.977,1.13183,1.13185,1.00,1.50
2016.08.15 14:27:34.048,1.13183,1.13184,1.00,1.00
2016.08.15 14:27:34.099,1.13181,1.13184,1.87,1.00
2016.08.15 14:27:34.201,1.13181,1.13184,1.00,1.00
2016.08.15 14:27:34.561,1.1318,1.13182,3.75,1.00
2016.08.15 14:27:34.612,1.1318,1.13182,1.50,1.00
2016.08.15 14:27:34.664,1.1318,1.13182,1.00,1.00
2016.08.15 14:27:34.931,1.1318,1.13182,2.25,1.00
2016.08.15 14:27:34.982,1.13181,1.13185,1.00,1.00
2016.08.15 14:27:35.135,1.13181,1.13185,1.00,1.35
2016.08.15 14:27:35.187,1.13179,1.13185,2.25,2.10
2016.08.15 14:27:35.238,1.13179,1.13182,1.87,1.00
2016.08.15 14:27:35.290,1.13179,1.13181,1.00,1.00
2016.08.15 14:27:35.341,1.13179,1.13185,1.50,1.12
2016.08.15 14:27:35.392,1.13179,1.13185,1.87,1.00
2016.08.15 14:27:35.494,1.13179,1.13186,1.87,3.56
2016.08.15 14:27:35.628,1.13179,1.13185,1.87,1.00
2016.08.15 14:27:36.006,1.1318,1.13185,2.25,1.50
2016.08.15 14:27:36.109,1.1318,1.13185,1.87,1.00
2016.08.15 14:27:36.211,1.13181,1.13185,1.00,1.12
2016.08.15 14:27:36.416,1.1318,1.13185,1.00,1.37
2016.08.15 14:27:36.469,1.1318,1.13184,1.00,1.87
2016.08.15 14:27:36.522,1.1318,1.13184,1.00,1.00
2016.08.15 14:27:36.574,1.13179,1.13181,1.00,1.00
2016.08.15 14:27:36.625,1.1318,1.13181,1.12,1.00
2016.08.15 14:27:36.676,1.1318,1.13184,1.50,1.25
2016.08.15 14:27:37.114,1.1318,1.13183,1.87,1.00
2016.08.15 14:27:37.165,1.1318,1.13183,1.50,1.00
2016.08.15 14:27:37.589,1.1318,1.13182,1.00,1.00
2016.08.15 14:27:37.793,1.13179,1.13182,1.87,1.00
2016.08.15 14:27:37.844,1.13179,1.13182,1.00,1.00
2016.08.15 14:27:37.896,1.13178,1.13181,1.87,1.00
2016.08.15 14:27:37.947,1.13178,1.1318,1.12,1.00
2016.08.15 14:27:37.998,1.13177,1.1318,3.00,1.00
2016.08.15 14:27:38.049,1.13177,1.13179,2.62,1.00
2016.08.15 14:27:38.101,1.13177,1.1318,1.87,1.50
2016.08.15 14:27:38.378,1.13177,1.1318,1.50,1.50
2016.08.15 14:27:38.730,1.13177,1.1318,1.87,1.50
2016.08.15 14:27:38.781,1.13177,1.1318,1.87,1.00
2016.08.15 14:27:38.837,1.13177,1.1318,1.87,1.50
2016.08.15 14:27:38.989,1.13177,1.1318,2.25,1.50
2016.08.15 14:27:39.040,1.13177,1.1318,1.87,1.50
2016.08.15 14:27:39.337,1.13177,1.1318,1.87,1.00
2016.08.15 14:27:39.800,1.13177,1.1318,2.25,1.00
2016.08.15 14:27:39.851,1.13177,1.1318,2.25,1.50
2016.08.15 14:27:40.078,1.13177,1.13179,1.50,1.00
2016.08.15 14:27:40.130,1.13176,1.13179,2.91,1.00
2016.08.15 14:27:40.182,1.13176,1.13178,2.25,1.00
2016.08.15 14:27:40.234,1.13176,1.13178,1.00,1.00
2016.08.15 14:27:40.285,1.13176,1.13178,1.50,1.00
2016.08.15 14:27:40.387,1.13176,1.13179,1.50,1.25
2016.08.15 14:27:40.438,1.13177,1.13179,1.00,1.00
2016.08.15 14:27:40.715,1.13176,1.13179,1.00,1.00
2016.08.15 14:27:40.768,1.13173,1.13175,1.12,1.00
2016.08.15 14:27:40.819,1.13173,1.13174,1.12,1.00
2016.08.15 14:27:40.870,1.13172,1.13174,1.50,1.00
2016.08.15 14:27:40.921,1.13171,1.13175,1.37,1.50
2016.08.15 14:27:40.972,1.1317,1.13174,6.37,1.00
2016.08.15 14:27:41.024,1.13171,1.13174,1.12,1.00
2016.08.15 14:27:41.278,1.13171,1.13175,1.12,1.00
2016.08.15 14:27:41.776,1.13171,1.13177,1.12,1.00
2016.08.15 14:27:41.827,1.13172,1.13179,1.50,1.87
2016.08.15 14:27:41.878,1.13173,1.13179,1.00,1.37
2016.08.15 14:27:41.929,1.13172,1.13179,1.00,1.87
2016.08.15 14:27:42.498,1.13172,1.13179,1.00,1.50
2016.08.15 14:27:43.147,1.13171,1.13178,3.37,1.00
2016.08.15 14:27:43.198,1.13171,1.13178,2.62,1.50
2016.08.15 14:27:43.250,1.13171,1.13177,1.87,1.12
2016.08.15 14:27:43.301,1.13171,1.13178,1.87,1.37
2016.08.15 14:27:43.352,1.13171,1.13179,1.87,2.85
2016.08.15 14:27:43.499,1.13171,1.13179,1.87,2.25
2016.08.15 14:27:43.551,1.13171,1.13178,2.62,1.50
2016.08.15 14:27:43.754,1.13171,1.13178,1.87,2.25
2016.08.15 14:27:43.995,1.13172,1.13178,1.00,1.87
2016.08.15 14:27:44.046,1.13172,1.13178,1.00,1.12
2016.08.15 14:27:44.097,1.13172,1.13179,1.50,1.50
2016.08.15 14:27:44.199,1.13172,1.13179,1.50,1.87
2016.08.15 14:27:45.121,1.13172,1.13179,1.00,1.87
2016.08.15 14:27:45.706,1.13172,1.13179,1.00,1.50
2016.08.15 14:27:45.774,1.13172,1.13179,1.50,1.50
2016.08.15 14:27:46.253,1.13172,1.13179,1.50,2.25
2016.08.15 14:27:46.455,1.13172,1.13178,1.00,1.12
2016.08.15 14:27:46.506,1.13172,1.13177,1.00,1.00
2016.08.15 14:27:46.675,1.13172,1.13179,1.00,1.50
2016.08.15 14:27:46.919,1.13172,1.13177,1.00,1.00
2016.08.15 14:27:46.970,1.13171,1.13177,1.50,1.12
2016.08.15 14:27:47.071,1.13171,1.13178,2.25,2.62
2016.08.15 14:27:47.122,1.13171,1.13177,1.50,1.12
2016.08.15 14:27:47.173,1.13171,1.13175,1.12,1.37
2016.08.15 14:27:47.225,1.13169,1.13174,2.25,1.12
2016.08.15 14:27:47.276,1.13169,1.13173,1.12,1.00
2016.08.15 14:27:47.327,1.13168,1.13173,1.00,1.00
2016.08.15 14:27:47.379,1.13167,1.13173,2.25,1.00
2016.08.15 14:27:47.430,1.13167,1.13174,1.50,1.87
2016.08.15 14:27:47.481,1.13167,1.13172,1.12,1.00
2016.08.15 14:27:47.532,1.13166,1.13172,1.87,1.00
2016.08.15 14:27:47.821,1.13166,1.1317,1.00,1.00
2016.08.15 14:27:47.876,1.13166,1.13172,1.00,3.75
2016.08.15 14:27:47.927,1.13164,1.13172,2.62,3.75
2016.08.15 14:27:47.978,1.13164,1.13172,2.62,4.12
2016.08.15 14:27:48.130,1.13164,1.13172,1.87,4.12
2016.08.15 14:27:48.181,1.13164,1.13172,1.87,3.37
2016.08.15 14:27:48.232,1.13164,1.13171,1.12,1.00
2016.08.15 14:27:48.333,1.13163,1.13171,4.87,1.00
2016.08.15 14:27:49.000,1.13163,1.13172,5.47,1.50
2016.08.15 14:27:49.052,1.13168,1.13175,1.12,1.00
2016.08.15 14:27:49.103,1.13168,1.13175,1.12,1.00
2016.08.15 14:27:49.307,1.13167,1.13175,1.50,1.00
2016.08.15 14:27:49.359,1.13169,1.13175,1.00,1.00
2016.08.15 14:27:49.517,1.13169,1.13175,1.00,1.87
2016.08.15 14:27:49.568,1.13166,1.13173,1.12,1.00
2016.08.15 14:27:49.619,1.13166,1.13172,1.00,1.00
2016.08.15 14:27:49.671,1.13164,1.13172,2.25,2.10
2016.08.15 14:27:49.941,1.13164,1.1317,1.00,1.00
2016.08.15 14:27:49.995,1.13162,1.1317,4.12,1.50
2016.08.15 14:27:50.046,1.13162,1.1317,1.50,1.50
2016.08.15 14:27:50.149,1.13162,1.1317,1.50,1.00
2016.08.15 14:27:50.560,1.13162,1.1317,1.50,1.50
2016.08.15 14:27:50.663,1.13163,1.1317,1.00,1.00
2016.08.15 14:27:50.988,1.13163,1.13171,1.00,3.82
2016.08.15 14:27:51.317,1.13163,1.13171,1.00,1.95
2016.08.15 14:27:51.368,1.13163,1.13171,1.50,1.57
2016.08.15 14:27:51.469,1.13163,1.13171,1.50,2.32
2016.08.15 14:27:51.966,1.13163,1.13171,1.50,3.07
2016.08.15 14:27:52.314,1.13163,1.1317,1.00,1.00
2016.08.15 14:27:52.622,1.13163,1.1317,1.00,1.12
2016.08.15 14:27:52.673,1.13163,1.1317,1.50,1.00
2016.08.15 14:27:52.728,1.13163,1.13171,1.50,2.62
2016.08.15 14:27:53.144,1.13163,1.13171,1.00,1.87
2016.08.15 14:27:53.837,1.13162,1.13171,2.25,1.87
2016.08.15 14:27:53.999,1.13164,1.13171,1.00,1.87
2016.08.15 14:27:54.325,1.13169,1.13171,1.00,1.87
2016.08.15 14:27:54.376,1.1317,1.13172,1.72,1.25
2016.08.15 14:27:54.427,1.13174,1.13175,4.35,1.00
2016.08.15 14:27:54.478,1.13176,1.13177,3.00,1.31
2016.08.15 14:27:54.529,1.13183,1.13184,1.87,1.50
2016.08.15 14:27:54.580,1.13186,1.13189,1.50,4.87
2016.08.15 14:27:54.631,1.13191,1.13194,2.62,3.37
2016.08.15 14:27:54.682,1.13192,1.13195,1.00,2.54
2016.08.15 14:27:54.733,1.13191,1.13195,1.00,2.16
2016.08.15 14:27:54.784,1.13188,1.13195,1.10,3.75
2016.08.15 14:27:55.028,1.13188,1.13191,1.00,1.00
2016.08.15 14:27:55.079,1.13183,1.1319,1.87,1.00
2016.08.15 14:27:55.181,1.13183,1.13191,1.87,1.12
2016.08.15 14:27:55.232,1.13183,1.13191,1.50,1.12
2016.08.15 14:27:55.283,1.13183,1.1319,1.50,1.00
2016.08.15 14:27:55.384,1.13183,1.1319,1.50,1.12
2016.08.15 14:27:55.689,1.13183,1.13189,1.50,1.00
2016.08.15 14:27:55.740,1.13183,1.13189,1.00,1.00
2016.08.15 14:27:56.277,1.13183,1.13189,1.00,1.12
2016.08.15 14:27:56.430,1.13183,1.13189,1.00,1.00
2016.08.15 14:27:57.561,1.13186,1.13189,1.00,1.50
2016.08.15 14:27:58.024,1.13186,1.13189,1.00,1.87
2016.08.15 14:27:58.963,1.13186,1.13189,1.00,1.12
2016.08.15 14:27:59.014,1.13186,1.13189,1.00,1.00
2016.08.15 14:27:59.876,1.13187,1.1319,1.00,2.25
2016.08.15 14:27:59.927,1.13187,1.1319,1.00,1.50
2016.08.15 14:28:00.029,1.13187,1.13191,1.00,4.57
2016.08.15 14:28:00.347,1.13187,1.13191,1.00,2.25
2016.08.15 14:28:00.697,1.13187,1.13191,1.00,1.75
2016.08.15 14:28:00.866,1.13188,1.13191,1.00,2.25
2016.08.15 14:28:00.967,1.13188,1.13191,1.00,1.75
2016.08.15 14:28:01.018,1.13187,1.13189,1.00,1.00
2016.08.15 14:28:01.414,1.13187,1.13191,1.00,3.00
2016.08.15 14:28:01.465,1.13187,1.1319,1.00,1.50
2016.08.15 14:28:02.001,1.13187,1.1319,1.00,1.37
2016.08.15 14:28:02.103,1.13187,1.1319,1.00,1.75
2016.08.15 14:28:02.705,1.13186,1.1319,1.00,1.75
2016.08.15 14:28:02.859,1.13186,1.13189,1.00,1.50
2016.08.15 14:28:02.910,1.13185,1.13187,1.00,1.00
2016.08.15 14:28:03.012,1.13184,1.13187,1.00,1.37
2016.08.15 14:28:03.063,1.13182,1.13187,1.00,1.37
2016.08.15 14:28:03.114,1.1318,1.13185,2.25,1.37
2016.08.15 14:28:03.164,1.1318,1.13183,1.00,1.00
2016.08.15 14:28:03.215,1.13178,1.13183,1.00,1.41
2016.08.15 14:28:03.317,1.13176,1.13179,1.50,1.00
2016.08.15 14:28:03.368,1.13176,1.13179,1.00,1.00
2016.08.15 14:28:03.929,1.13178,1.13181,1.00,1.12
2016.08.15 14:28:04.032,1.13177,1.1318,1.00,1.00
2016.08.15 14:28:04.083,1.13178,1.13181,1.00,1.12
2016.08.15 14:28:04.134,1.13178,1.1318,1.00,1.00
2016.08.15 14:28:04.236,1.13179,1.13182,1.00,1.00
2016.08.15 14:28:04.338,1.1318,1.13182,1.00,1.12
2016.08.15 14:28:04.440,1.1318,1.13182,1.00,1.00
2016.08.15 14:28:04.593,1.1318,1.13183,1.50,1.00
2016.08.15 14:28:04.962,1.1318,1.13183,1.50,1.12
2016.08.15 14:28:05.013,1.1318,1.13183,1.50,1.00
2016.08.15 14:28:05.411,1.1318,1.13183,1.00,1.00
2016.08.15 14:28:05.513,1.1318,1.13183,1.50,1.00
2016.08.15 14:28:05.750,1.1318,1.13183,1.50,1.12
2016.08.15 14:28:06.065,1.1318,1.13183,1.00,1.00
2016.08.15 14:28:06.116,1.1318,1.13183,1.50,1.00
2016.08.15 14:28:06.218,1.1318,1.13183,1.00,1.00
2016.08.15 14:28:06.513,1.1318,1.13183,1.50,1.00
2016.08.15 14:28:06.724,1.1318,1.13183,1.00,1.00
2016.08.15 14:28:06.826,1.1318,1.13183,1.50,1.00
2016.08.15 14:28:07.418,1.13178,1.13181,1.00,1.00
2016.08.15 14:28:07.944,1.13177,1.1318,1.00,1.50
2016.08.15 14:28:08.046,1.13177,1.1318,1.00,1.00
2016.08.15 14:28:10.044,1.13176,1.13179,1.00,1.00
2016.08.15 14:28:12.382,1.13174,1.13179,1.57,1.00
2016.08.15 14:28:12.724,1.13174,1.13179,1.07,1.00
2016.08.15 14:28:13.013,1.13174,1.13179,1.20,1.00
2016.08.15 14:28:15.814,1.13174,1.13178,1.20,1.00
2016.08.15 14:28:16.730,1.13174,1.13177,1.20,1.00
2016.08.15 14:28:16.832,1.13175,1.13178,1.10,1.00
2016.08.15 14:28:16.883,1.13176,1.13179,1.00,1.00
2016.08.15 14:28:16.985,1.13176,1.13178,1.00,1.25
2016.08.15 14:28:17.975,1.13175,1.13178,1.50,1.25
2016.08.15 14:28:18.026,1.13177,1.13178,1.00,1.25
2016.08.15 14:28:18.076,1.13177,1.1318,1.00,1.25
2016.08.15 14:28:18.178,1.13177,1.1318,1.00,1.69
2016.08.15 14:28:18.584,1.13177,1.1318,1.00,1.25
2016.08.15 14:28:18.899,1.13177,1.1318,1.00,1.69
2016.08.15 14:28:19.492,1.13175,1.1318,2.32,1.69
2016.08.15 14:28:19.543,1.13175,1.13179,2.32,1.00
2016.08.15 14:28:19.595,1.13175,1.13179,1.50,1.00
2016.08.15 14:28:19.911,1.13175,1.13179,1.00,1.00
2016.08.15 14:28:20.524,1.13177,1.1318,1.00,1.25
2016.08.15 14:28:20.575,1.13176,1.13179,1.12,1.00
2016.08.15 14:28:20.627,1.13176,1.13179,1.87,1.00
2016.08.15 14:28:20.678,1.13176,1.1318,1.12,1.50
2016.08.15 14:28:20.731,1.13177,1.1318,1.00,1.50
2016.08.15 14:28:20.783,1.13177,1.1318,1.00,1.00
2016.08.15 14:28:20.885,1.13177,1.1318,1.00,1.50
2016.08.15 14:28:20.988,1.13177,1.13178,1.00,1.00
2016.08.15 14:28:21.304,1.13175,1.13178,1.00,1.00
2016.08.15 14:28:21.559,1.13174,1.13178,1.50,1.00
2016.08.15 14:28:21.661,1.13175,1.13178,1.00,1.00
2016.08.15 14:28:21.963,1.13174,1.13178,1.50,1.00
2016.08.15 14:28:22.065,1.13175,1.13178,1.00,1.00
2016.08.15 14:28:23.067,1.13173,1.13178,3.37,1.00
2016.08.15 14:28:23.447,1.13175,1.13178,1.00,1.00
2016.08.15 14:28:23.498,1.13175,1.13178,1.50,1.00
2016.08.15 14:28:23.887,1.13175,1.13178,1.57,1.00
2016.08.15 14:28:24.198,1.13174,1.13177,1.50,1.00
2016.08.15 14:28:25.119,1.13174,1.13177,1.00,1.00
2016.08.15 14:28:25.170,1.13172,1.13177,1.50,1.00
2016.08.15 14:28:25.424,1.13173,1.13177,1.00,1.00
2016.08.15 14:28:25.946,1.13172,1.13177,1.50,1.00
2016.08.15 14:28:26.148,1.13173,1.13177,1.00,1.00
2016.08.15 14:28:26.351,1.13172,1.13177,1.50,1.00
2016.08.15 14:28:26.453,1.13173,1.13177,1.00,1.00
2016.08.15 14:28:26.555,1.13175,1.13177,1.00,1.00
2016.08.15 14:28:27.698,1.13175,1.13178,1.00,1.69
2016.08.15 14:28:28.364,1.13173,1.13175,1.00,1.00
2016.08.15 14:28:28.415,1.13173,1.13175,1.00,1.00
2016.08.15 14:28:28.517,1.13173,1.13175,1.00,1.50
2016.08.15 14:28:28.670,1.13171,1.13174,1.50,1.00
2016.08.15 14:28:29.732,1.13172,1.13174,1.00,1.00
2016.08.15 14:28:31.152,1.13171,1.13174,1.00,1.00
2016.08.15 14:28:34.126,1.1317,1.13172,1.00,1.00
2016.08.15 14:28:34.228,1.1317,1.13173,1.50,1.00
2016.08.15 14:28:34.329,1.1317,1.13173,1.00,1.00
2016.08.15 14:28:34.883,1.1317,1.13172,1.00,1.00
2016.08.15 14:28:35.267,1.13168,1.13172,1.50,1.00
2016.08.15 14:28:38.927,1.13168,1.13172,1.00,1.00
2016.08.15 14:28:38.978,1.13167,1.13172,1.50,1.00
2016.08.15 14:28:39.030,1.13166,1.1317,1.95,1.00
2016.08.15 14:28:39.081,1.13166,1.13169,1.00,1.00
2016.08.15 14:28:39.183,1.13165,1.1317,1.65,1.50
2016.08.15 14:28:39.285,1.13165,1.1317,2.40,1.50
2016.08.15 14:28:39.558,1.13165,1.1317,2.32,1.50
2016.08.15 14:28:39.609,1.13165,1.1317,1.50,1.00
2016.08.15 14:28:39.981,1.13166,1.1317,1.00,1.00
2016.08.15 14:28:40.032,1.13166,1.1317,1.00,1.50
2016.08.15 14:28:40.336,1.13166,1.1317,1.00,1.00
2016.08.15 14:28:40.514,1.13166,1.1317,1.00,1.50
2016.08.15 14:28:40.803,1.13167,1.13169,1.00,1.00
2016.08.15 14:28:42.382,1.13166,1.13169,1.50,1.00
2016.08.15 14:28:42.484,1.13167,1.13169,1.00,1.00
2016.08.15 14:28:43.497,1.13166,1.13169,1.87,1.00
2016.08.15 14:28:43.548,1.13166,1.13169,1.50,1.00
2016.08.15 14:28:44.693,1.13166,1.13169,1.87,1.00
2016.08.15 14:28:44.900,1.13167,1.1317,1.00,1.50
2016.08.15 14:28:44.951,1.13168,1.1317,1.00,1.00
2016.08.15 14:28:45.053,1.13168,1.13172,1.00,1.25
2016.08.15 14:28:45.156,1.13168,1.13172,1.00,1.00
2016.08.15 14:28:45.726,1.13169,1.13172,1.00,1.00
2016.08.15 14:28:46.073,1.13166,1.13171,1.79,1.50
2016.08.15 14:28:46.125,1.13166,1.13171,1.50,1.50
2016.08.15 14:28:46.176,1.13166,1.1317,1.50,1.00
2016.08.15 14:28:46.587,1.13166,1.1317,1.00,1.00
2016.08.15 14:28:46.688,1.13166,1.1317,1.50,1.00
2016.08.15 14:28:46.739,1.13166,1.13171,1.79,1.50
2016.08.15 14:28:46.841,1.1317,1.13173,1.50,1.25
2016.08.15 14:28:46.942,1.1317,1.13173,1.00,1.25
2016.08.15 14:28:47.221,1.1317,1.13173,1.50,1.25
2016.08.15 14:28:47.274,1.1317,1.13173,1.00,1.25
2016.08.15 14:28:47.325,1.1317,1.13173,1.00,1.69
2016.08.15 14:28:47.377,1.1317,1.13173,1.50,1.69
2016.08.15 14:28:47.435,1.1317,1.13173,1.00,1.69
2016.08.15 14:28:47.537,1.1317,1.13173,1.50,1.69
2016.08.15 14:28:49.440,1.1317,1.13173,1.00,1.69
2016.08.15 14:28:49.554,1.1317,1.13173,1.50,1.69
2016.08.15 14:28:50.056,1.1317,1.13173,1.00,1.69
2016.08.15 14:28:50.583,1.1317,1.13173,2.25,1.69
2016.08.15 14:28:50.634,1.13172,1.13174,1.00,3.56
2016.08.15 14:28:50.838,1.13172,1.13174,1.00,3.56
2016.08.15 14:28:50.991,1.13172,1.13174,1.00,2.06
2016.08.15 14:28:51.042,1.13172,1.13174,1.00,1.69
2016.08.15 14:28:51.195,1.13171,1.13173,1.00,1.25
2016.08.15 14:28:51.746,1.13172,1.13173,1.00,1.25
2016.08.15 14:28:52.449,1.13171,1.13173,1.00,1.25
2016.08.15 14:28:52.500,1.13171,1.13173,1.00,1.69
2016.08.15 14:28:52.754,1.1317,1.13171,1.50,1.25
2016.08.15 14:28:52.806,1.1317,1.13171,1.50,1.69
2016.08.15 14:28:52.860,1.13169,1.13171,1.00,2.06
2016.08.15 14:28:52.933,1.1317,1.13171,1.00,1.12
2016.08.15 14:28:52.984,1.1317,1.13172,1.00,1.25
2016.08.15 14:28:53.094,1.1317,1.13172,1.50,1.25
2016.08.15 14:28:53.195,1.1317,1.13172,1.50,1.69
2016.08.15 14:28:53.300,1.1317,1.13172,1.00,1.69
2016.08.15 14:28:53.351,1.1317,1.13172,1.50,1.69
2016.08.15 14:28:53.828,1.1317,1.13172,1.50,1.00
2016.08.15 14:28:53.879,1.1317,1.13173,1.50,2.44
2016.08.15 14:28:54.261,1.1317,1.13173,1.00,2.44
2016.08.15 14:28:54.362,1.1317,1.13173,1.50,2.44
2016.08.15 14:28:54.459,1.1317,1.13173,1.50,2.81
2016.08.15 14:28:54.662,1.1317,1.13172,1.50,1.00
2016.08.15 14:28:54.764,1.13169,1.1317,1.00,1.00
2016.08.15 14:28:54.866,1.13168,1.1317,1.00,1.12
2016.08.15 14:28:54.968,1.13168,1.1317,1.00,1.50
2016.08.15 14:28:55.070,1.13168,1.1317,1.00,2.62
2016.08.15 14:28:55.171,1.13168,1.1317,1.00,1.00
2016.08.15 14:28:55.674,1.13167,1.1317,1.00,1.00
2016.08.15 14:28:55.980,1.13168,1.1317,1.00,1.00
2016.08.15 14:28:56.310,1.13168,1.1317,1.00,1.00
2016.08.15 14:28:56.838,1.13168,1.13171,1.00,3.19
2016.08.15 14:28:57.328,1.13168,1.13171,1.00,2.44
2016.08.15 14:28:58.415,1.13167,1.1317,1.00,1.00
2016.08.15 14:28:59.576,1.13167,1.13171,1.00,2.44
2016.08.15 14:28:59.627,1.13168,1.13171,1.00,1.69
2016.08.15 14:28:59.881,1.13168,1.13171,1.00,1.00
2016.08.15 14:29:00.034,1.13168,1.13171,1.00,1.00
2016.08.15 14:29:00.085,1.13168,1.13171,1.00,1.50
2016.08.15 14:29:00.922,1.13168,1.13171,1.00,1.00
2016.08.15 14:29:01.176,1.13166,1.1317,1.00,2.06
2016.08.15 14:29:01.228,1.13165,1.1317,1.00,2.81
2016.08.15 14:29:01.279,1.13165,1.13169,1.00,1.00
2016.08.15 14:29:01.545,1.13165,1.13169,1.50,1.50
2016.08.15 14:29:01.648,1.13165,1.13169,1.50,2.62
2016.08.15 14:29:02.039,1.13165,1.13167,1.00,1.00
2016.08.15 14:29:02.090,1.13164,1.13167,1.00,1.50
2016.08.15 14:29:02.254,1.13164,1.13167,1.00,1.00
2016.08.15 14:29:02.941,1.13164,1.13168,1.00,1.31
2016.08.15 14:29:02.992,1.13165,1.13168,1.00,1.31
2016.08.15 14:29:03.043,1.13165,1.13168,1.00,1.25
2016.08.15 14:29:03.302,1.13164,1.13168,1.50,1.25
2016.08.15 14:29:03.476,1.13165,1.13168,1.00,1.25
2016.08.15 14:29:03.578,1.13164,1.13168,1.50,1.25
2016.08.15 14:29:03.920,1.13165,1.13168,1.00,2.44
2016.08.15 14:29:04.809,1.13164,1.13168,1.50,2.44
2016.08.15 14:29:04.910,1.13165,1.13168,1.00,3.19
2016.08.15 14:29:04.961,1.13165,1.13168,1.00,2.81
2016.08.15 14:29:05.012,1.13166,1.13168,1.00,2.06
2016.08.15 14:29:05.114,1.13166,1.13168,1.00,1.31
2016.08.15 14:29:05.369,1.13166,1.13169,1.00,2.25
2016.08.15 14:29:05.421,1.13168,1.1317,1.00,1.31
2016.08.15 14:29:05.523,1.13168,1.13171,1.00,3.94
2016.08.15 14:29:05.574,1.13168,1.13171,1.00,1.50
2016.08.15 14:29:05.625,1.13168,1.13172,1.00,3.56
2016.08.15 14:29:05.677,1.13168,1.13172,1.00,2.06
2016.08.15 14:29:05.984,1.13169,1.13172,1.00,2.06
2016.08.15 14:29:06.035,1.13169,1.13172,1.00,1.31
2016.08.15 14:29:06.086,1.1317,1.13173,1.00,1.69
2016.08.15 14:29:06.188,1.1317,1.13173,1.00,1.31
2016.08.15 14:29:06.679,1.1317,1.13173,1.00,1.56
2016.08.15 14:29:06.730,1.1317,1.13174,1.00,2.29
2016.08.15 14:29:06.832,1.13171,1.13174,1.00,3.04
2016.08.15 14:29:06.883,1.1317,1.13173,1.00,1.42
2016.08.15 14:29:06.934,1.1317,1.13173,1.00,1.91
2016.08.15 14:29:06.985,1.1317,1.13173,1.00,1.62
2016.08.15 14:29:07.036,1.1317,1.13173,1.00,1.91
2016.08.15 14:29:07.189,1.1317,1.13173,1.00,1.91
2016.08.15 14:29:07.291,1.1317,1.13173,1.00,2.29
2016.08.15 14:29:07.494,1.13169,1.13173,1.50,2.29
2016.08.15 14:29:07.839,1.1317,1.13173,1.00,2.29
2016.08.15 14:29:07.890,1.1317,1.13173,1.00,1.69
2016.08.15 14:29:07.992,1.13169,1.13173,1.50,1.69
2016.08.15 14:29:08.094,1.1317,1.13173,1.00,1.69
2016.08.15 14:29:08.196,1.1317,1.13174,1.00,3.56
2016.08.15 14:29:08.270,1.1317,1.13174,1.50,3.56
2016.08.15 14:29:08.423,1.13171,1.13174,1.00,2.81
2016.08.15 14:29:08.525,1.13171,1.13174,1.00,2.44
2016.08.15 14:29:08.576,1.13171,1.13174,1.00,1.69
2016.08.15 14:29:09.220,1.13171,1.13174,1.00,1.19
2016.08.15 14:29:09.689,1.1317,1.13173,1.50,1.25
2016.08.15 14:29:09.941,1.1317,1.13173,1.00,1.25
2016.08.15 14:29:10.195,1.13169,1.13172,1.00,1.00
2016.08.15 14:29:10.693,1.1317,1.13173,1.00,1.25
2016.08.15 14:29:10.795,1.1317,1.13173,1.50,1.25
2016.08.15 14:29:10.897,1.1317,1.13173,1.50,1.69
2016.08.15 14:29:11.000,1.1317,1.13174,1.00,2.06
2016.08.15 14:29:11.336,1.1317,1.13173,1.00,1.25
2016.08.15 14:29:11.495,1.13169,1.13173,1.50,1.25
2016.08.15 14:29:11.604,1.1317,1.13174,1.00,2.06
2016.08.15 14:29:12.036,1.13169,1.13174,1.50,2.06
2016.08.15 14:29:12.588,1.1317,1.13174,1.00,2.06
2016.08.15 14:29:12.639,1.1317,1.13173,1.00,1.25
2016.08.15 14:29:13.130,1.13169,1.13173,1.50,1.25
2016.08.15 14:29:13.332,1.1317,1.13173,1.00,1.25
2016.08.15 14:29:14.364,1.1317,1.13173,1.50,1.69
2016.08.15 14:29:14.806,1.1317,1.13173,1.00,1.69
2016.08.15 14:29:14.915,1.1317,1.13173,1.50,1.69
2016.08.15 14:29:15.017,1.1317,1.13173,1.50,2.44
2016.08.15 14:29:15.119,1.1317,1.13172,1.50,1.00
2016.08.15 14:29:15.444,1.1317,1.13173,1.00,1.69
2016.08.15 14:29:15.496,1.1317,1.13174,1.50,1.76
2016.08.15 14:29:15.649,1.1317,1.13174,1.50,2.00
2016.08.15 14:29:15.956,1.1317,1.13174,1.00,2.00
2016.08.15 14:29:16.060,1.1317,1.13174,1.50,2.00
2016.08.15 14:29:16.162,1.1317,1.13174,1.50,1.25
2016.08.15 14:29:16.316,1.1317,1.13174,1.00,1.25
2016.08.15 14:29:16.692,1.1317,1.13174,1.50,1.25
2016.08.15 14:29:16.811,1.1317,1.13174,1.00,1.25
2016.08.15 14:29:17.033,1.1317,1.13174,1.50,1.25
2016.08.15 14:29:17.084,1.13171,1.13175,1.00,3.71
2016.08.15 14:29:17.135,1.13171,1.13175,1.00,2.96
2016.08.15 14:29:17.187,1.13171,1.13175,1.00,1.39
2016.08.15 14:29:17.238,1.13171,1.13176,1.00,4.01
2016.08.15 14:29:17.289,1.13171,1.13176,1.00,2.44
2016.08.15 14:29:17.630,1.13171,1.13176,1.00,1.25
2016.08.15 14:29:18.122,1.13171,1.13174,1.00,1.50
2016.08.15 14:29:18.224,1.13171,1.13175,1.00,2.44
2016.08.15 14:29:18.436,1.13171,1.13174,1.00,1.00
2016.08.15 14:29:19.940,1.13172,1.13175,1.00,1.25
2016.08.15 14:29:20.245,1.13172,1.13175,1.00,1.69
2016.08.15 14:29:21.432,1.13172,1.13175,1.00,2.06
2016.08.15 14:29:22.122,1.13171,1.13174,1.00,1.00
2016.08.15 14:29:23.435,1.13171,1.13175,1.00,1.25
2016.08.15 14:29:25.421,1.13171,1.13175,1.00,1.69
2016.08.15 14:29:25.833,1.1317,1.13172,1.00,1.00
2016.08.15 14:29:25.884,1.13168,1.13171,1.12,1.00
2016.08.15 14:29:26.257,1.13168,1.13172,2.25,1.00
2016.08.15 14:29:26.360,1.13168,1.13172,1.75,1.00
2016.08.15 14:29:26.411,1.1317,1.13174,1.37,1.00
2016.08.15 14:29:26.464,1.13171,1.13174,1.12,1.00
2016.08.15 14:29:26.515,1.13172,1.13173,1.00,1.00
2016.08.15 14:29:26.617,1.13172,1.13173,1.00,1.25
2016.08.15 14:29:26.824,1.1317,1.13173,1.37,1.25
2016.08.15 14:29:26.875,1.13171,1.13174,1.75,1.69
2016.08.15 14:29:26.948,1.13171,1.13175,1.75,1.50
2016.08.15 14:29:26.999,1.13172,1.13175,1.50,1.50
2016.08.15 14:29:27.051,1.13174,1.13175,1.12,1.50
2016.08.15 14:29:27.340,1.13175,1.13176,1.00,1.50
2016.08.15 14:29:27.492,1.13174,1.13176,1.12,1.00
2016.08.15 14:29:27.594,1.13175,1.13176,1.00,1.50
2016.08.15 14:29:27.695,1.13174,1.13176,1.12,1.00
2016.08.15 14:29:27.949,1.13174,1.13176,1.12,1.00
2016.08.15 14:29:28.000,1.13175,1.13178,1.00,1.00
2016.08.15 14:29:28.669,1.13174,1.13179,1.87,1.00
2016.08.15 14:29:30.418,1.13174,1.13177,1.50,1.00
2016.08.15 14:29:32.144,1.13174,1.13177,1.00,1.00
2016.08.15 14:29:33.729,1.13174,1.13179,1.37,1.00
2016.08.15 14:29:33.892,1.13174,1.13179,1.87,1.00
2016.08.15 14:29:33.942,1.13174,1.13178,1.37,1.00
2016.08.15 14:29:34.478,1.13174,1.13178,1.00,1.00
2016.08.15 14:29:34.677,1.13174,1.13178,1.12,1.00
2016.08.15 14:29:34.728,1.13174,1.13178,2.25,1.00
2016.08.15 14:29:35.635,1.13174,1.13178,1.12,1.00
2016.08.15 14:29:36.931,1.13175,1.13179,1.00,1.00
2016.08.15 14:29:36.982,1.13175,1.13179,1.12,1.00
2016.08.15 14:29:37.545,1.13175,1.13178,1.12,1.00
2016.08.15 14:29:37.596,1.13174,1.13178,2.70,1.00
2016.08.15 14:29:37.646,1.13174,1.13178,3.07,1.00
2016.08.15 14:29:37.697,1.13174,1.13178,2.32,1.00
2016.08.15 14:29:37.748,1.13175,1.13178,1.00,1.00
2016.08.15 14:29:38.469,1.13175,1.13179,1.50,1.00
2016.08.15 14:29:38.520,1.13175,1.13179,1.57,1.00
2016.08.15 14:29:38.571,1.13175,1.13179,1.95,1.00
2016.08.15 14:29:38.624,1.13176,1.13179,1.00,1.00
2016.08.15 14:29:38.675,1.13176,1.1318,1.00,1.50
2016.08.15 14:29:38.886,1.13177,1.1318,1.00,1.00
2016.08.15 14:29:39.076,1.13177,1.1318,1.00,1.50
2016.08.15 14:29:39.378,1.13177,1.1318,1.00,1.00
2016.08.15 14:29:39.783,1.13176,1.1318,1.00,1.50
2016.08.15 14:29:40.376,1.13176,1.1318,1.50,1.50
2016.08.15 14:29:40.478,1.13177,1.1318,1.00,1.50
2016.08.15 14:29:41.015,1.13178,1.1318,1.00,1.50
2016.08.15 14:29:41.384,1.13178,1.1318,1.00,1.00
2016.08.15 14:29:41.748,1.13176,1.13178,1.00,1.00
2016.08.15 14:29:41.952,1.13175,1.13178,1.50,1.00
2016.08.15 14:29:42.003,1.13176,1.1318,1.00,1.50
2016.08.15 14:29:42.054,1.13177,1.13179,1.00,1.00
2016.08.15 14:29:42.340,1.13177,1.1318,1.00,1.50
2016.08.15 14:29:42.645,1.13177,1.1318,1.00,1.00
2016.08.15 14:29:42.696,1.13177,1.13181,1.00,1.50
2016.08.15 14:29:43.101,1.13177,1.1318,1.00,1.00
2016.08.15 14:29:43.993,1.13177,1.13181,1.00,1.50
2016.08.15 14:29:44.095,1.13177,1.1318,1.00,1.00
2016.08.15 14:29:44.836,1.13177,1.13181,1.00,1.50
2016.08.15 14:29:45.004,1.13177,1.1318,1.00,1.00
2016.08.15 14:29:45.107,1.13178,1.13181,1.00,1.50
2016.08.15 14:29:45.310,1.13178,1.1318,1.00,1.00
2016.08.15 14:29:45.716,1.13179,1.13181,1.00,1.50
2016.08.15 14:29:46.423,1.13179,1.1318,1.00,1.00
2016.08.15 14:29:46.525,1.13179,1.13181,1.00,1.00
2016.08.15 14:29:47.480,1.13178,1.13181,1.50,1.00
2016.08.15 14:29:49.071,1.13177,1.1318,1.00,1.00
2016.08.15 14:29:49.122,1.13176,1.1318,1.50,1.00
2016.08.15 14:29:49.224,1.13177,1.1318,1.00,1.00
2016.08.15 14:29:49.582,1.13178,1.13181,1.00,1.00
2016.08.15 14:29:50.484,1.13178,1.1318,1.00,1.00
2016.08.15 14:29:50.586,1.13177,1.1318,1.50,1.00
2016.08.15 14:29:50.637,1.13177,1.1318,1.50,1.50
2016.08.15 14:29:50.752,1.13177,1.1318,1.50,1.00
2016.08.15 14:29:50.854,1.13177,1.1318,1.50,1.50
2016.08.15 14:29:51.472,1.13177,1.1318,1.50,1.00
2016.08.15 14:29:51.523,1.13177,1.13181,1.50,1.00
2016.08.15 14:29:52.342,1.13178,1.13181,1.00,1.00
2016.08.15 14:29:52.595,1.13177,1.13179,1.00,1.12
2016.08.15 14:29:52.837,1.13176,1.13179,1.87,1.12
2016.08.15 14:29:52.889,1.13177,1.1318,1.50,1.00
2016.08.15 14:29:52.948,1.13177,1.1318,1.50,1.50
2016.08.15 14:29:53.354,1.13178,1.1318,1.50,1.00
2016.08.15 14:29:53.456,1.13178,1.13181,1.50,1.00
2016.08.15 14:29:53.558,1.13179,1.13182,1.00,1.00
2016.08.15 14:29:53.609,1.13178,1.13183,1.00,1.12
2016.08.15 14:29:53.762,1.13179,1.13182,1.00,1.00
2016.08.15 14:29:53.813,1.13179,1.13183,1.00,1.12
2016.08.15 14:29:54.361,1.1318,1.13183,1.00,1.12
2016.08.15 14:29:57.000,1.13179,1.13183,1.00,1.12
2016.08.15 14:29:57.808,1.13178,1.13182,1.50,1.00
2016.08.15 14:29:57.860,1.13178,1.13182,1.87,1.00
2016.08.15 14:29:59.710,1.13179,1.13183,1.00,1.12
2016.08.15 14:30:00.261,1.1318,1.13183,1.00,1.12
2016.08.15 14:30:00.414,1.13181,1.13184,1.00,1.31
2016.08.15 14:30:00.753,1.13184,1.13188,1.00,1.31
2016.08.15 14:30:00.804,1.13185,1.13189,1.00,1.72
2016.08.15 14:30:00.957,1.13185,1.13189,1.50,1.72
2016.08.15 14:30:01.008,1.13186,1.13189,1.00,1.72
2016.08.15 14:30:01.059,1.13186,1.13187,1.00,1.00
2016.08.15 14:30:01.440,1.13186,1.13189,1.00,1.00
2016.08.15 14:30:01.981,1.13186,1.13189,1.87,1.00
2016.08.15 14:30:02.032,1.13188,1.13189,1.00,1.00
2016.08.15 14:30:02.904,1.13188,1.13191,1.00,1.50
2016.08.15 14:30:02.962,1.13189,1.13191,1.00,1.00
2016.08.15 14:30:03.013,1.13189,1.13192,1.00,1.00
2016.08.15 14:30:03.166,1.13188,1.13191,1.50,1.00
2016.08.15 14:30:03.420,1.13188,1.13193,2.62,1.00
2016.08.15 14:30:03.471,1.1319,1.13193,1.00,1.00
2016.08.15 14:30:03.826,1.1319,1.13193,1.50,1.00
2016.08.15 14:30:03.904,1.13194,1.13196,1.00,1.50
2016.08.15 14:30:03.955,1.13193,1.13196,1.12,1.50
2016.08.15 14:30:04.006,1.13193,1.13197,2.25,1.69
2016.08.15 14:30:04.059,1.13193,1.13197,1.50,1.25
2016.08.15 14:30:04.111,1.13193,1.13196,2.25,1.00
2016.08.15 14:30:04.264,1.13191,1.13195,1.75,1.00
2016.08.15 14:30:04.315,1.1319,1.13193,2.32,1.00
2016.08.15 14:30:04.366,1.1319,1.13193,1.57,1.00
2016.08.15 14:30:04.625,1.1319,1.13193,1.00,1.00
2016.08.15 14:30:04.676,1.13189,1.13193,1.00,1.00
2016.08.15 14:30:05.233,1.1319,1.13194,1.00,1.00
2016.08.15 14:30:05.285,1.1319,1.13195,1.00,1.31
2016.08.15 14:30:05.644,1.13193,1.13196,1.00,1.00
2016.08.15 14:30:05.932,1.13194,1.13197,1.00,1.25
2016.08.15 14:30:05.995,1.13195,1.132,1.50,1.37
2016.08.15 14:30:06.046,1.13196,1.132,1.00,1.00
2016.08.15 14:30:06.097,1.13196,1.132,1.50,1.00
2016.08.15 14:30:06.148,1.13198,1.132,1.00,1.00
2016.08.15 14:30:06.199,1.13198,1.13201,1.50,1.00
2016.08.15 14:30:06.517,1.13198,1.13203,1.50,1.00
2016.08.15 14:30:06.625,1.132,1.13204,1.00,1.00
2016.08.15 14:30:06.727,1.13199,1.13204,1.00,1.00
2016.08.15 14:30:06.829,1.132,1.13204,1.00,1.00
2016.08.15 14:30:07.033,1.132,1.13204,1.50,1.00
2016.08.15 14:30:07.084,1.132,1.13204,2.25,1.00
2016.08.15 14:30:07.135,1.13201,1.13205,1.12,1.12
2016.08.15 14:30:07.504,1.132,1.13205,2.25,1.00
2016.08.15 14:30:07.556,1.132,1.13205,3.00,1.50
2016.08.15 14:30:07.608,1.132,1.13205,2.25,1.00
2016.08.15 14:30:07.710,1.132,1.13205,3.00,1.50
2016.08.15 14:30:07.889,1.132,1.13205,2.25,1.00
2016.08.15 14:30:07.992,1.13202,1.13205,1.00,1.00
2016.08.15 14:30:08.094,1.13202,1.13205,1.00,1.50
2016.08.15 14:30:08.196,1.13201,1.13205,1.87,1.00
2016.08.15 14:30:08.737,1.13202,1.13207,1.79,1.00
2016.08.15 14:30:08.789,1.13203,1.13207,1.00,1.00
2016.08.15 14:30:08.892,1.13202,1.13206,3.37,1.00
2016.08.15 14:30:08.945,1.13202,1.13206,1.50,1.00
2016.08.15 14:30:08.997,1.13202,1.13205,1.50,1.00
2016.08.15 14:30:09.101,1.13202,1.13206,1.50,1.00
2016.08.15 14:30:09.203,1.13203,1.13207,1.00,1.00
2016.08.15 14:30:09.653,1.13203,1.13207,1.00,1.50
2016.08.15 14:30:09.707,1.13202,1.13206,1.00,1.50
2016.08.15 14:30:09.861,1.13204,1.13206,1.00,1.00
2016.08.15 14:30:09.913,1.13204,1.13207,1.00,1.00
2016.08.15 14:30:10.067,1.13204,1.13208,1.50,1.00
2016.08.15 14:30:10.170,1.13204,1.13207,1.00,1.00
2016.08.15 14:30:10.907,1.13203,1.13207,1.00,1.00
2016.08.15 14:30:11.398,1.13202,1.13206,1.00,1.00
2016.08.15 14:30:11.450,1.132,1.13204,3.00,1.00
2016.08.15 14:30:11.501,1.132,1.13204,2.25,1.00
2016.08.15 14:30:11.790,1.13201,1.13204,1.12,1.00
2016.08.15 14:30:11.842,1.132,1.13204,1.50,1.00
2016.08.15 14:30:12.436,1.132,1.13205,2.25,1.50
2016.08.15 14:30:12.538,1.13201,1.13205,1.00,1.50
2016.08.15 14:30:12.980,1.13201,1.13205,1.00,1.00
2016.08.15 14:30:13.213,1.13201,1.13205,1.00,1.50
2016.08.15 14:30:13.315,1.13201,1.13205,1.00,1.00
2016.08.15 14:30:13.518,1.13201,1.13205,1.00,1.50
2016.08.15 14:30:13.619,1.13201,1.13205,1.00,1.00
2016.08.15 14:30:13.944,1.13201,1.13205,1.50,1.00
2016.08.15 14:30:13.995,1.132,1.13205,1.00,1.50
2016.08.15 14:30:14.046,1.132,1.13203,1.00,1.00
2016.08.15 14:30:14.097,1.13204,1.13207,1.00,3.56
2016.08.15 14:30:14.148,1.13205,1.13207,1.00,2.81
2016.08.15 14:30:14.199,1.13205,1.13207,1.50,2.06
2016.08.15 14:30:14.251,1.13205,1.13208,1.50,1.00
2016.08.15 14:30:14.302,1.13205,1.13212,2.25,1.12
2016.08.15 14:30:14.353,1.13206,1.13212,1.00,1.25
2016.08.15 14:30:14.404,1.13207,1.13213,1.00,1.31
2016.08.15 14:30:14.672,1.13208,1.13216,1.50,1.50
2016.08.15 14:30:14.722,1.13209,1.13216,1.00,1.00
2016.08.15 14:30:14.774,1.13208,1.13216,2.25,1.00
2016.08.15 14:30:14.876,1.13208,1.13216,1.87,1.00
2016.08.15 14:30:14.927,1.13208,1.13216,1.50,1.00
2016.08.15 14:30:15.131,1.13208,1.13218,1.87,2.21
2016.08.15 14:30:15.182,1.1321,1.13218,1.00,2.21
2016.08.15 14:30:15.234,1.1321,1.13217,1.00,1.19
2016.08.15 14:30:15.285,1.13208,1.13217,3.75,1.19
2016.08.15 14:30:15.336,1.13209,1.13217,1.00,1.19
2016.08.15 14:30:15.836,1.1321,1.13218,1.00,1.84
2016.08.15 14:30:15.892,1.13211,1.13218,1.00,1.09
2016.08.15 14:30:15.944,1.1321,1.13218,1.00,1.09
2016.08.15 14:30:16.046,1.1321,1.13218,1.00,1.84
2016.08.15 14:30:16.148,1.1321,1.13218,1.00,1.09
2016.08.15 14:30:16.301,1.1321,1.13218,1.50,1.09
2016.08.15 14:30:16.352,1.1321,1.13217,1.00,1.00
2016.08.15 14:30:16.456,1.1321,1.13218,1.50,1.84
2016.08.15 14:30:16.507,1.1321,1.13218,1.50,2.59
2016.08.15 14:30:16.806,1.13211,1.13218,1.00,2.59
2016.08.15 14:30:16.857,1.13211,1.13218,1.00,1.09
2016.08.15 14:30:16.908,1.13211,1.13219,1.00,3.19
2016.08.15 14:30:17.011,1.13211,1.13219,1.00,4.31
2016.08.15 14:30:17.064,1.1321,1.13219,3.00,3.56
2016.08.15 14:30:17.116,1.1321,1.13217,2.25,1.00
2016.08.15 14:30:17.167,1.13211,1.13219,1.00,3.94
2016.08.15 14:30:17.218,1.13211,1.13219,1.50,3.94
2016.08.15 14:30:17.270,1.13211,1.13219,1.00,3.19
2016.08.15 14:30:17.321,1.1321,1.13219,3.75,2.44
2016.08.15 14:30:17.372,1.13211,1.13219,1.00,3.19
2016.08.15 14:30:17.424,1.13211,1.13219,1.50,3.94
2016.08.15 14:30:17.475,1.13211,1.13219,1.50,2.89
2016.08.15 14:30:17.793,1.13209,1.13216,3.00,1.69
2016.08.15 14:30:17.844,1.13209,1.13216,2.62,1.69
2016.08.15 14:30:17.895,1.13209,1.13216,2.62,1.25
2016.08.15 14:30:17.946,1.1321,1.13216,1.50,1.25
2016.08.15 14:30:18.048,1.1321,1.13216,1.87,1.25
2016.08.15 14:30:18.099,1.1321,1.13218,2.25,1.65
2016.08.15 14:30:18.151,1.13211,1.13217,1.00,1.00
2016.08.15 14:30:18.202,1.13211,1.13217,1.00,1.69
2016.08.15 14:30:18.253,1.13212,1.13217,1.12,1.25
2016.08.15 14:30:18.304,1.13212,1.13219,1.12,3.19
2016.08.15 14:30:18.355,1.13212,1.13219,2.62,1.69
2016.08.15 14:30:18.406,1.13212,1.13221,3.37,2.70
2016.08.15 14:30:18.458,1.13213,1.13222,2.25,4.01
2016.08.15 14:30:18.705,1.13214,1.13222,1.00,2.44
2016.08.15 14:30:18.757,1.13214,1.13222,1.00,2.06
2016.08.15 14:30:18.809,1.13214,1.13222,1.00,1.69
2016.08.15 14:30:18.972,1.13214,1.13222,2.25,1.00
2016.08.15 14:30:19.127,1.13214,1.13223,4.87,1.57
2016.08.15 14:30:19.178,1.13215,1.13223,1.12,1.57
2016.08.15 14:30:19.474,1.13216,1.13223,1.00,1.57
2016.08.15 14:30:19.525,1.13216,1.13224,1.50,1.84
2016.08.15 14:30:19.576,1.13217,1.13224,1.00,1.01
2016.08.15 14:30:19.627,1.13217,1.13225,1.50,2.44
2016.08.15 14:30:19.874,1.13218,1.13226,2.62,2.25
2016.08.15 14:30:19.928,1.13221,1.13227,2.25,1.25
2016.08.15 14:30:19.979,1.13221,1.13228,1.00,1.19
2016.08.15 14:30:20.131,1.13221,1.13228,1.87,1.19
2016.08.15 14:30:20.182,1.13221,1.13229,2.25,1.31
2016.08.15 14:30:20.233,1.13221,1.13229,2.25,1.19
2016.08.15 14:30:20.335,1.13221,1.13229,1.50,1.19
2016.08.15 14:30:20.681,1.13221,1.13229,1.50,1.69
2016.08.15 14:30:20.783,1.13221,1.13229,1.50,2.44
2016.08.15 14:30:20.985,1.1322,1.13228,3.37,1.25
2016.08.15 14:30:21.050,1.13221,1.13228,1.00,1.25
2016.08.15 14:30:21.101,1.13221,1.13229,2.25,2.51
2016.08.15 14:30:21.152,1.13221,1.13229,3.37,2.51
2016.08.15 14:30:21.203,1.13221,1.13229,3.37,2.59
2016.08.15 14:30:21.254,1.13221,1.13229,2.25,1.84
2016.08.15 14:30:21.531,1.13221,1.13229,1.50,2.59
2016.08.15 14:30:21.582,1.13221,1.13229,2.25,1.84
2016.08.15 14:30:21.633,1.13222,1.13229,1.00,1.84
2016.08.15 14:30:22.054,1.13222,1.13229,1.00,1.39
2016.08.15 14:30:22.794,1.13222,1.13228,1.00,1.25
2016.08.15 14:30:22.845,1.13221,1.13229,1.00,1.39
2016.08.15 14:30:22.897,1.13221,1.13229,1.12,1.39
2016.08.15 14:30:23.049,1.13221,1.13229,1.87,1.39
2016.08.15 14:30:23.151,1.13221,1.13229,2.62,1.39
2016.08.15 14:30:23.252,1.13221,1.13229,1.87,1.84
2016.08.15 14:30:23.303,1.13221,1.13229,1.87,2.44
2016.08.15 14:30:23.355,1.13221,1.13229,1.87,3.19
2016.08.15 14:30:23.406,1.1322,1.13229,2.32,3.19
2016.08.15 14:30:23.457,1.1322,1.13228,1.95,1.25
2016.08.15 14:30:23.508,1.1322,1.13228,1.20,1.25
2016.08.15 14:30:23.785,1.1322,1.13228,1.10,1.25
2016.08.15 14:30:23.836,1.1322,1.13228,2.62,1.25
2016.08.15 14:30:23.887,1.13221,1.13229,1.50,3.34
2016.08.15 14:30:23.938,1.13222,1.13229,1.00,1.84
2016.08.15 14:30:24.040,1.13224,1.13228,1.00,2.08
2016.08.15 14:30:24.142,1.13225,1.13228,1.00,1.25
2016.08.15 14:30:24.661,1.13226,1.13228,1.00,1.25
2016.08.15 14:30:25.140,1.13225,1.13228,1.50,1.25
2016.08.15 14:30:25.242,1.13226,1.13228,1.00,1.25
2016.08.15 14:30:25.343,1.13225,1.13228,1.50,1.69
2016.08.15 14:30:25.547,1.13226,1.13228,1.00,1.25
2016.08.15 14:30:25.832,1.13225,1.13228,1.50,1.00
2016.08.15 14:30:25.883,1.13225,1.13229,1.00,1.69
2016.08.15 14:30:25.934,1.13225,1.13229,1.00,1.25
2016.08.15 14:30:25.985,1.13225,1.13229,1.00,1.69
2016.08.15 14:30:26.056,1.13224,1.13229,1.00,1.69
2016.08.15 14:30:26.504,1.13225,1.13229,1.50,1.69
2016.08.15 14:30:26.746,1.13226,1.13229,1.00,1.69
2016.08.15 14:30:26.797,1.13225,1.13228,2.25,1.00
2016.08.15 14:30:26.847,1.13225,1.13228,1.50,1.00
2016.08.15 14:30:27.157,1.13225,1.13228,2.25,1.00
2016.08.15 14:30:27.259,1.13225,1.13228,1.50,1.00
2016.08.15 14:30:27.365,1.13225,1.13228,2.25,1.00
2016.08.15 14:30:27.467,1.13225,1.13228,1.50,1.00
2016.08.15 14:30:27.568,1.13226,1.13228,1.00,1.00
2016.08.15 14:30:27.670,1.13225,1.13228,1.50,1.00
2016.08.15 14:30:27.721,1.13226,1.13229,1.00,1.00
2016.08.15 14:30:28.104,1.13227,1.13231,1.00,1.00
2016.08.15 14:30:28.155,1.13226,1.13231,1.50,1.00
2016.08.15 14:30:29.251,1.13226,1.13229,1.50,1.00
2016.08.15 14:30:29.302,1.13227,1.1323,1.00,1.50
2016.08.15 14:30:29.353,1.13225,1.13228,2.25,1.00
2016.08.15 14:30:29.455,1.13225,1.13228,1.50,1.00
2016.08.15 14:30:29.557,1.13225,1.13228,1.00,1.00
2016.08.15 14:30:29.658,1.13227,1.13229,1.00,1.25
2016.08.15 14:30:30.314,1.13225,1.13229,1.00,1.25
2016.08.15 14:30:30.395,1.13225,1.13228,1.00,1.00
2016.08.15 14:30:30.448,1.13225,1.13228,1.00,1.00
2016.08.15 14:30:30.500,1.13224,1.13228,1.50,1.00
2016.08.15 14:30:30.908,1.13224,1.13227,1.00,1.00
2016.08.15 14:30:31.193,1.13225,1.13229,1.00,1.00
2016.08.15 14:30:31.244,1.13224,1.13229,1.50,1.00
2016.08.15 14:30:31.296,1.13224,1.13229,1.00,1.00
2016.08.15 14:30:31.347,1.13226,1.13229,1.00,1.00
2016.08.15 14:30:31.500,1.13225,1.13228,1.50,1.00
2016.08.15 14:30:31.955,1.13225,1.13228,1.00,1.00
2016.08.15 14:30:32.062,1.13225,1.13229,1.50,1.00
2016.08.15 14:30:33.166,1.13225,1.13229,1.00,1.00
2016.08.15 14:30:33.238,1.13225,1.13229,1.00,1.69
2016.08.15 14:30:33.391,1.13225,1.13229,1.50,1.25
2016.08.15 14:30:33.493,1.13225,1.13228,1.00,1.00
2016.08.15 14:30:33.805,1.13227,1.13229,1.00,1.25
2016.08.15 14:30:33.906,1.13228,1.13231,1.00,4.31
2016.08.15 14:30:33.957,1.13228,1.13231,1.00,3.19
2016.08.15 14:30:34.215,1.13228,1.13231,1.00,1.69
2016.08.15 14:30:34.267,1.13226,1.1323,1.00,1.25
2016.08.15 14:30:36.351,1.13226,1.1323,1.00,2.06
2016.08.15 14:30:37.639,1.13226,1.1323,1.00,1.12
2016.08.15 14:30:38.280,1.13226,1.1323,1.00,1.87
2016.08.15 14:30:38.349,1.13229,1.13231,1.00,1.25
2016.08.15 14:30:38.401,1.13227,1.13231,1.00,1.25
2016.08.15 14:30:38.452,1.13227,1.13234,1.00,4.84
2016.08.15 14:30:38.503,1.13227,1.13234,1.00,3.71
2016.08.15 14:30:38.554,1.13227,1.13234,1.50,3.34
2016.08.15 14:30:38.605,1.13227,1.13234,2.25,3.26
2016.08.15 14:30:38.656,1.13227,1.13234,2.25,1.29
2016.08.15 14:30:38.707,1.13228,1.13234,1.00,1.19
2016.08.15 14:30:38.758,1.13228,1.13234,1.50,1.19
2016.08.15 14:30:38.860,1.13228,1.13236,2.10,1.57
2016.08.15 14:30:38.911,1.13229,1.13236,1.00,1.20
2016.08.15 14:30:39.156,1.13232,1.13237,1.00,2.06
2016.08.15 14:30:39.209,1.13232,1.13238,1.50,3.26
2016.08.15 14:30:39.260,1.13232,1.13238,1.50,3.19
2016.08.15 14:30:39.311,1.13232,1.13238,1.00,2.25
2016.08.15 14:30:39.413,1.13232,1.13238,1.00,1.50
2016.08.15 14:30:39.599,1.13232,1.13238,1.00,2.25
2016.08.15 14:30:39.705,1.13232,1.13238,1.00,1.50
2016.08.15 14:30:39.756,1.13232,1.13238,1.00,1.75
2016.08.15 14:30:40.012,1.13232,1.13238,1.00,1.12
2016.08.15 14:30:40.063,1.13232,1.13239,1.00,2.21
2016.08.15 14:30:40.114,1.13232,1.13237,1.50,1.00
2016.08.15 14:30:40.267,1.13233,1.13237,1.00,1.00
2016.08.15 14:30:40.318,1.13233,1.13239,1.00,1.09
2016.08.15 14:30:40.420,1.13233,1.13239,1.50,1.09
2016.08.15 14:30:40.471,1.13233,1.13239,2.25,1.01
2016.08.15 14:30:40.522,1.13233,1.1324,1.50,1.87
2016.08.15 14:30:40.573,1.13233,1.13241,1.50,2.89
2016.08.15 14:30:40.625,1.13234,1.13241,1.00,2.89
2016.08.15 14:30:40.676,1.13234,1.13241,1.00,4.01
2016.08.15 14:30:40.727,1.13234,1.13241,1.00,4.39
2016.08.15 14:30:40.778,1.13234,1.1324,1.00,1.37
2016.08.15 14:30:41.024,1.13233,1.13239,1.50,1.00
2016.08.15 14:30:41.256,1.13235,1.13239,1.00,1.00
2016.08.15 14:30:41.359,1.13235,1.1324,1.00,1.37
2016.08.15 14:30:41.951,1.13233,1.1324,1.50,1.37
2016.08.15 14:30:42.285,1.13233,1.13241,1.50,2.51
2016.08.15 14:30:42.489,1.13233,1.13241,1.50,2.14
2016.08.15 14:30:42.843,1.13233,1.13241,1.50,1.76
2016.08.15 14:30:43.082,1.13233,1.13241,1.50,2.14
2016.08.15 14:30:43.590,1.13234,1.13241,1.00,1.39
2016.08.15 14:30:44.235,1.13234,1.13241,1.00,1.76
2016.08.15 14:30:44.871,1.13238,1.13241,1.00,1.12
2016.08.15 14:30:44.922,1.13242,1.13246,1.50,2.62
2016.08.15 14:30:44.988,1.13245,1.13247,1.00,1.76
2016.08.15 14:30:45.041,1.13247,1.13248,1.00,1.87
2016.08.15 14:30:45.093,1.13245,1.13251,1.50,2.25
2016.08.15 14:30:45.196,1.13244,1.13251,2.62,2.25
2016.08.15 14:30:45.248,1.13244,1.13248,2.25,1.69
2016.08.15 14:30:45.299,1.13242,1.13248,1.70,1.69
2016.08.15 14:30:45.350,1.13242,1.13248,1.60,1.69
2016.08.15 14:30:45.401,1.1324,1.13248,2.92,1.69
2016.08.15 14:30:45.503,1.1324,1.13248,4.05,1.69
2016.08.15 14:30:45.554,1.1324,1.13248,3.97,1.69
2016.08.15 14:30:46.089,1.13244,1.13248,1.00,1.69
2016.08.15 14:30:46.140,1.13246,1.1325,1.00,1.00
2016.08.15 14:30:46.192,1.13246,1.13251,1.50,1.31
2016.08.15 14:30:46.243,1.13247,1.13252,1.00,1.87
2016.08.15 14:30:46.294,1.13247,1.13254,1.00,1.69
2016.08.15 14:30:46.345,1.13247,1.13254,1.00,2.00
2016.08.15 14:30:46.396,1.13247,1.13253,1.00,1.37
2016.08.15 14:30:46.549,1.13247,1.13253,1.00,1.62
2016.08.15 14:30:46.600,1.13246,1.13253,2.25,1.62
2016.08.15 14:30:47.052,1.13246,1.13254,2.25,2.06
2016.08.15 14:30:47.104,1.13246,1.13254,1.50,2.06
2016.08.15 14:30:47.505,1.13245,1.13254,3.52,3.41
2016.08.15 14:30:47.556,1.13245,1.13251,3.52,1.30
2016.08.15 14:30:47.607,1.13245,1.13253,1.10,4.07
2016.08.15 14:30:47.658,1.13243,1.13251,1.50,1.56
2016.08.15 14:30:47.709,1.13244,1.13251,1.10,1.94
2016.08.15 14:30:47.760,1.13244,1.13251,1.00,2.06
2016.08.15 14:30:47.811,1.13243,1.13251,1.10,3.19
2016.08.15 14:30:47.869,1.13243,1.13251,1.10,4.31
2016.08.15 14:30:48.142,1.13243,1.13251,1.57,3.56
2016.08.15 14:30:49.670,1.13243,1.13251,1.10,3.56
2016.08.15 14:30:49.721,1.13243,1.13251,1.10,2.44
2016.08.15 14:30:50.924,1.13243,1.13251,1.00,2.44
2016.08.15 14:30:51.081,1.13243,1.13251,1.00,3.19
2016.08.15 14:30:51.182,1.13243,1.13251,1.00,4.31
2016.08.15 14:30:51.796,1.13243,1.1325,1.00,1.25
2016.08.15 14:30:52.109,1.13242,1.1325,3.07,2.06
2016.08.15 14:30:52.160,1.13242,1.1325,3.00,2.72
2016.08.15 14:30:52.211,1.13242,1.1325,1.00,3.10
2016.08.15 14:30:52.262,1.13242,1.1325,1.00,2.81
2016.08.15 14:30:52.313,1.13242,1.1325,1.00,2.44
2016.08.15 14:30:52.415,1.13241,1.1325,1.65,2.44
2016.08.15 14:30:53.185,1.13241,1.1325,1.65,3.47
2016.08.15 14:30:53.239,1.13242,1.1325,1.00,4.97
2016.08.15 14:30:53.290,1.13242,1.1325,1.00,3.85
2016.08.15 14:30:53.341,1.13242,1.13249,1.00,1.50
2016.08.15 14:30:53.443,1.13241,1.13249,1.65,1.50
2016.08.15 14:30:53.494,1.13242,1.13249,1.00,1.50
2016.08.15 14:30:53.702,1.13241,1.13249,1.20,1.50
2016.08.15 14:30:54.078,1.1324,1.13247,2.62,1.69
2016.08.15 14:30:54.130,1.1324,1.13247,1.00,1.97
2016.08.15 14:30:54.181,1.1324,1.13247,1.00,3.85
2016.08.15 14:30:54.232,1.13239,1.13245,1.00,1.12
2016.08.15 14:30:54.283,1.13239,1.13245,1.00,1.41
2016.08.15 14:30:54.385,1.1324,1.13245,1.00,1.04
2016.08.15 14:30:54.436,1.13238,1.13245,1.20,1.04
2016.08.15 14:30:54.589,1.13238,1.13245,1.20,1.79
2016.08.15 14:30:54.690,1.13238,1.13245,2.02,3.10
2016.08.15 14:30:54.983,1.13234,1.13235,1.50,1.00
2016.08.15 14:30:55.035,1.13231,1.13235,1.10,1.50
2016.08.15 14:30:55.087,1.13231,1.13234,1.00,1.00
2016.08.15 14:30:55.240,1.13232,1.13235,1.00,1.00
2016.08.15 14:30:55.291,1.13232,1.13235,1.00,1.50
2016.08.15 14:30:55.342,1.13232,1.13235,1.50,1.50
2016.08.15 14:30:55.624,1.13232,1.13235,1.50,1.00
2016.08.15 14:30:55.936,1.13232,1.13235,1.00,1.00
2016.08.15 14:30:56.043,1.13233,1.13237,1.00,1.69
2016.08.15 14:30:56.924,1.13235,1.13237,1.50,1.25
2016.08.15 14:30:57.205,1.13235,1.13239,1.50,1.00
2016.08.15 14:30:57.256,1.13236,1.1324,1.00,1.25
2016.08.15 14:30:57.410,1.13239,1.13241,1.00,1.69
2016.08.15 14:30:57.461,1.13237,1.1324,1.00,1.00
2016.08.15 14:30:57.513,1.13235,1.13238,1.65,1.00
2016.08.15 14:30:57.564,1.13236,1.13239,1.00,1.25
2016.08.15 14:30:57.615,1.13234,1.13238,1.50,1.00
2016.08.15 14:30:57.666,1.13234,1.13238,1.00,1.00
2016.08.15 14:30:58.212,1.13234,1.13238,1.00,1.69
2016.08.15 14:30:59.136,1.13235,1.13238,1.00,1.25
2016.08.15 14:30:59.187,1.13235,1.13238,1.50,1.25
2016.08.15 14:30:59.441,1.13235,1.13238,1.00,1.25
2016.08.15 14:30:59.542,1.13235,1.13238,1.50,1.25
2016.08.15 14:31:00.414,1.13236,1.13239,1.00,1.00
2016.08.15 14:31:00.724,1.13235,1.13238,1.50,1.00
2016.08.15 14:31:01.347,1.13235,1.1324,1.00,1.50
2016.08.15 14:31:01.594,1.13234,1.1324,2.54,1.50
2016.08.15 14:31:01.646,1.13236,1.13239,1.04,1.00
2016.08.15 14:31:01.748,1.13237,1.1324,1.60,1.50
2016.08.15 14:31:01.850,1.13237,1.13241,2.85,1.00
2016.08.15 14:31:01.901,1.13238,1.13241,1.29,1.00
2016.08.15 14:31:01.952,1.13239,1.13242,1.79,1.00
2016.08.15 14:31:02.054,1.13239,1.13242,2.39,1.00
2016.08.15 14:31:02.105,1.1324,1.13243,1.00,1.00
2016.08.15 14:31:02.208,1.1324,1.13243,1.35,1.00
2016.08.15 14:31:02.567,1.1324,1.13243,2.10,1.00
2016.08.15 14:31:02.619,1.1324,1.13243,1.50,1.00
2016.08.15 14:31:03.000,1.1324,1.13243,1.79,1.00
2016.08.15 14:31:03.102,1.13241,1.13245,1.00,1.50
2016.08.15 14:31:03.254,1.13241,1.13245,1.00,1.00
2016.08.15 14:31:03.356,1.13241,1.13245,1.00,1.00
2016.08.15 14:31:03.897,1.13244,1.13247,1.04,1.00
2016.08.15 14:31:03.948,1.13244,1.13247,1.79,1.00
2016.08.15 14:31:04.057,1.13245,1.13248,1.00,1.69
2016.08.15 14:31:04.159,1.13245,1.13248,1.50,1.69
2016.08.15 14:31:04.501,1.13245,1.13248,1.00,1.69
2016.08.15 14:31:04.605,1.13245,1.13248,1.50,1.69
2016.08.15 14:31:04.656,1.13245,1.13248,1.00,1.69
2016.08.15 14:31:04.905,1.13245,1.13248,1.79,1.69
2016.08.15 14:31:05.161,1.13245,1.13248,1.04,1.69
2016.08.15 14:31:05.369,1.13245,1.13248,1.79,1.69
2016.08.15 14:31:05.509,1.13245,1.13248,1.50,1.69
2016.08.15 14:31:05.763,1.13244,1.13247,1.00,1.00
2016.08.15 14:31:06.240,1.13243,1.13247,1.04,1.00
2016.08.15 14:31:06.510,1.13244,1.13247,1.00,1.00
2016.08.15 14:31:06.898,1.13244,1.13247,1.04,1.00
2016.08.15 14:31:07.222,1.13243,1.13248,1.29,1.25
2016.08.15 14:31:07.476,1.13244,1.13248,1.04,1.25
2016.08.15 14:31:07.528,1.13244,1.13248,1.79,1.25
2016.08.15 14:31:07.578,1.13244,1.13249,1.79,1.00
2016.08.15 14:31:07.850,1.13244,1.13249,1.04,1.00
2016.08.15 14:31:08.022,1.13244,1.13249,1.79,1.00
2016.08.15 14:31:08.124,1.13245,1.1325,1.00,2.44
2016.08.15 14:31:08.175,1.13248,1.1325,1.04,1.25
2016.08.15 14:31:08.720,1.13252,1.13255,1.00,1.50
2016.08.15 14:31:08.771,1.13248,1.13252,2.62,1.00
2016.08.15 14:31:08.822,1.13248,1.13252,1.12,1.00
2016.08.15 14:31:08.873,1.13248,1.13252,1.00,1.00
2016.08.15 14:31:08.925,1.13248,1.13252,1.00,1.25
2016.08.15 14:31:08.976,1.13248,1.13252,1.00,2.06
2016.08.15 14:31:09.027,1.13246,1.13251,3.22,1.00
2016.08.15 14:31:09.078,1.13246,1.13249,2.47,1.00
2016.08.15 14:31:09.129,1.13245,1.13249,4.35,1.00
2016.08.15 14:31:09.180,1.13245,1.13249,3.22,1.00
2016.08.15 14:31:09.232,1.13245,1.13249,2.85,1.00
2016.08.15 14:31:09.587,1.13246,1.13251,1.00,2.44
2016.08.15 14:31:09.638,1.13246,1.13251,1.50,2.44
2016.08.15 14:31:09.689,1.13246,1.1325,1.50,1.00
2016.08.15 14:31:09.791,1.13246,1.13251,1.50,1.69
2016.08.15 14:31:10.053,1.13246,1.13251,2.25,1.69
2016.08.15 14:31:10.154,1.13246,1.13252,1.50,1.69
2016.08.15 14:31:10.205,1.13248,1.13251,1.00,1.00
2016.08.15 14:31:10.358,1.13248,1.13252,1.00,1.69
2016.08.15 14:31:10.769,1.13248,1.13252,1.00,1.25
2016.08.15 14:31:10.968,1.13248,1.13254,1.00,1.25
2016.08.15 14:31:11.121,1.1325,1.13254,1.00,1.00
2016.08.15 14:31:11.326,1.13247,1.13251,1.87,1.00
2016.08.15 14:31:11.377,1.13246,1.1325,1.50,1.50
2016.08.15 14:31:11.428,1.13247,1.1325,1.00,1.50
2016.08.15 14:31:11.782,1.13246,1.13252,1.50,1.69
2016.08.15 14:31:11.833,1.13249,1.13252,1.00,1.69
2016.08.15 14:31:11.884,1.13249,1.13253,1.00,1.84
2016.08.15 14:31:11.986,1.13248,1.13252,1.00,1.00
2016.08.15 14:31:12.251,1.13248,1.13252,1.00,1.12
2016.08.15 14:31:12.302,1.13248,1.13251,1.00,1.00
2016.08.15 14:31:12.997,1.13248,1.13251,1.50,1.00
2016.08.15 14:31:13.230,1.13248,1.13251,1.00,1.00
2016.08.15 14:31:14.790,1.13248,1.13251,1.12,1.00
2016.08.15 14:31:15.223,1.13248,1.13253,1.12,1.00
2016.08.15 14:31:15.480,1.13248,1.13253,1.00,1.00
2016.08.15 14:31:15.532,1.13248,1.13253,1.50,1.00
2016.08.15 14:31:15.634,1.1325,1.13253,1.00,1.00
2016.08.15 14:31:16.504,1.1325,1.13253,1.50,1.00
2016.08.15 14:31:17.883,1.13247,1.1325,2.62,1.00
2016.08.15 14:31:17.958,1.13243,1.13247,1.12,1.12
2016.08.15 14:31:18.009,1.13241,1.13246,1.57,1.00
2016.08.15 14:31:18.060,1.13241,1.13247,1.00,2.06
2016.08.15 14:31:18.162,1.13242,1.13247,1.00,1.69
2016.08.15 14:31:18.264,1.13243,1.13247,1.00,1.00
2016.08.15 14:31:18.367,1.13243,1.13247,1.50,1.00
2016.08.15 14:31:19.114,1.13243,1.13248,1.50,1.00
2016.08.15 14:31:19.853,1.13243,1.13247,1.50,1.00
2016.08.15 14:31:20.622,1.13242,1.13246,1.00,1.00
2016.08.15 14:31:21.137,1.13242,1.13245,1.00,1.50
2016.08.15 14:31:21.189,1.13241,1.13245,1.50,1.50
2016.08.15 14:31:21.467,1.13241,1.13244,1.50,1.00
2016.08.15 14:31:21.518,1.13242,1.13245,1.50,1.00
2016.08.15 14:31:21.569,1.13242,1.13245,1.00,1.00
2016.08.15 14:31:21.708,1.13242,1.13246,1.00,2.44
2016.08.15 14:31:21.828,1.13242,1.13245,1.00,1.00
2016.08.15 14:31:22.233,1.13242,1.13246,1.00,2.44
2016.08.15 14:31:22.334,1.13242,1.13245,1.00,1.00
2016.08.15 14:31:22.756,1.13242,1.13246,1.00,2.44
2016.08.15 14:31:22.807,1.13242,1.13245,1.00,1.00
2016.08.15 14:31:23.622,1.13242,1.13246,1.00,2.44
2016.08.15 14:31:23.724,1.13242,1.13245,1.00,1.00
2016.08.15 14:31:24.441,1.13242,1.13246,1.00,2.44
2016.08.15 14:31:24.617,1.13242,1.13245,1.00,1.00
2016.08.15 14:31:24.918,1.13242,1.13246,1.00,2.44
2016.08.15 14:31:25.122,1.13242,1.13245,1.00,1.00
2016.08.15 14:31:26.312,1.13242,1.13245,1.50,1.00
2016.08.15 14:31:26.473,1.13242,1.13246,1.50,1.50
2016.08.15 14:31:26.946,1.13242,1.13246,1.00,1.50
2016.08.15 14:31:26.999,1.13242,1.13245,1.00,1.00
2016.08.15 14:31:27.148,1.13242,1.13245,1.50,1.00
2016.08.15 14:31:27.874,1.13242,1.13246,1.50,1.50
2016.08.15 14:31:27.943,1.13242,1.13245,1.50,1.00
2016.08.15 14:31:29.128,1.13242,1.13246,1.50,1.50
2016.08.15 14:31:29.179,1.13242,1.13246,1.00,1.50
2016.08.15 14:31:29.428,1.13242,1.13245,1.00,1.00
2016.08.15 14:31:29.770,1.13242,1.13245,1.00,1.50
2016.08.15 14:31:30.012,1.13241,1.13245,1.00,1.00
2016.08.15 14:31:30.367,1.13241,1.13246,1.00,1.50
2016.08.15 14:31:30.430,1.13241,1.13245,1.00,1.00
2016.08.15 14:31:30.832,1.13241,1.13246,1.00,1.50
2016.08.15 14:31:31.157,1.13241,1.13245,1.00,1.00
2016.08.15 14:31:31.503,1.13241,1.13246,1.00,1.50
2016.08.15 14:31:31.733,1.13241,1.13245,1.00,1.00
2016.08.15 14:31:32.134,1.13241,1.13246,1.00,1.50
2016.08.15 14:31:32.234,1.13241,1.13245,1.00,1.00
2016.08.15 14:31:33.166,1.13241,1.13246,1.00,1.50
2016.08.15 14:31:33.337,1.13241,1.13245,1.00,1.00
2016.08.15 14:31:33.596,1.13241,1.13245,1.37,1.00
2016.08.15 14:31:34.394,1.13241,1.13246,1.37,1.50
2016.08.15 14:31:34.445,1.13241,1.13245,1.37,1.00
2016.08.15 14:31:34.540,1.13241,1.13246,1.37,1.50
2016.08.15 14:31:35.083,1.13241,1.13245,1.87,1.00
2016.08.15 14:31:35.185,1.13242,1.13245,1.12,1.00
2016.08.15 14:31:35.287,1.13242,1.13246,1.12,1.50
2016.08.15 14:31:35.598,1.13242,1.13244,1.00,1.00
2016.08.15 14:31:35.700,1.13241,1.13244,1.50,1.00
2016.08.15 14:31:35.853,1.13241,1.13244,1.87,1.00
2016.08.15 14:31:35.904,1.13241,1.13246,1.87,1.50
2016.08.15 14:31:35.955,1.13244,1.13247,1.00,1.12
2016.08.15 14:31:36.006,1.13243,1.13248,1.50,1.00
2016.08.15 14:31:36.057,1.13244,1.13249,1.00,1.01
2016.08.15 14:31:36.425,1.13245,1.1325,1.50,1.50
2016.08.15 14:31:36.494,1.13245,1.13249,1.50,1.00
2016.08.15 14:31:36.985,1.13243,1.13248,5.25,1.00
2016.08.15 14:31:37.036,1.13243,1.13246,3.37,1.00
2016.08.15 14:31:37.087,1.13243,1.13246,1.00,1.00
2016.08.15 14:31:37.138,1.13243,1.13249,1.00,2.06
2016.08.15 14:31:37.189,1.13243,1.13246,1.00,1.00
2016.08.15 14:31:37.240,1.13244,1.13246,1.00,1.00
2016.08.15 14:31:37.291,1.13244,1.13247,1.00,1.12
2016.08.15 14:31:38.218,1.13243,1.13247,1.50,1.12
2016.08.15 14:31:38.537,1.13243,1.13249,1.50,2.00
2016.08.15 14:31:39.048,1.13244,1.13247,1.00,1.12
2016.08.15 14:31:40.108,1.13244,1.13247,1.50,1.00
2016.08.15 14:31:40.159,1.13245,1.13248,1.00,1.00
2016.08.15 14:31:41.154,1.13244,1.13249,1.00,1.00
2016.08.15 14:31:41.226,1.13244,1.13249,1.50,1.00
2016.08.15 14:31:41.914,1.13245,1.13248,1.00,1.00
2016.08.15 14:31:42.682,1.13244,1.13247,1.50,1.00
2016.08.15 14:31:42.784,1.13244,1.13248,1.00,1.00
2016.08.15 14:31:42.835,1.13245,1.13248,1.00,1.00
2016.08.15 14:31:42.937,1.13244,1.13249,1.50,1.00
2016.08.15 14:31:42.988,1.13244,1.13247,1.50,1.00
2016.08.15 14:31:43.192,1.13244,1.13247,2.25,1.00
2016.08.15 14:31:44.470,1.13244,1.13246,1.50,1.00
2016.08.15 14:31:44.522,1.13243,1.13245,2.25,1.00
2016.08.15 14:31:44.573,1.13243,1.13246,1.50,1.00
2016.08.15 14:31:44.624,1.13243,1.13246,1.00,1.00
2016.08.15 14:31:44.776,1.13243,1.13246,1.50,1.00
2016.08.15 14:31:45.268,1.13243,1.13248,2.25,1.00
2016.08.15 14:31:45.319,1.13245,1.13248,1.00,1.00
2016.08.15 14:31:45.422,1.13245,1.13248,2.25,1.00
2016.08.15 14:31:45.523,1.13245,1.13248,1.50,1.00
2016.08.15 14:31:45.574,1.13246,1.13248,1.00,1.00
2016.08.15 14:31:48.208,1.13245,1.13248,1.00,1.00
2016.08.15 14:31:48.462,1.13245,1.13248,1.50,1.00
2016.08.15 14:31:49.148,1.13245,1.13248,1.87,1.00
2016.08.15 14:31:49.385,1.13245,1.13249,2.62,1.00
2016.08.15 14:31:49.436,1.13245,1.13247,1.00,1.00
2016.08.15 14:31:49.487,1.13245,1.13249,1.50,1.00
2016.08.15 14:31:49.538,1.13245,1.13249,2.62,1.00
2016.08.15 14:31:49.741,1.13245,1.13247,1.50,1.00
2016.08.15 14:31:49.792,1.13245,1.13249,1.50,1.00
2016.08.15 14:31:49.843,1.13245,1.13249,1.37,1.00
2016.08.15 14:31:49.945,1.13245,1.13248,2.25,1.00
2016.08.15 14:31:50.048,1.13245,1.13249,2.62,1.00
2016.08.15 14:31:50.342,1.13245,1.13249,3.37,1.00
2016.08.15 14:31:50.444,1.13245,1.13248,2.62,1.00
2016.08.15 14:31:50.495,1.13245,1.13248,1.87,1.00
2016.08.15 14:31:50.546,1.13244,1.13248,1.00,1.00
2016.08.15 14:31:50.597,1.13244,1.13246,1.00,1.00
2016.08.15 14:31:50.699,1.13244,1.13246,1.00,1.50
2016.08.15 14:31:50.750,1.13242,1.13245,1.00,1.00
2016.08.15 14:31:50.801,1.13241,1.13245,1.50,1.00
2016.08.15 14:31:50.852,1.13241,1.13244,1.00,1.00
2016.08.15 14:31:50.903,1.13241,1.13245,2.25,1.50
2016.08.15 14:31:51.005,1.13242,1.13245,1.50,1.50
2016.08.15 14:31:51.384,1.13242,1.13245,1.50,1.00
2016.08.15 14:31:51.444,1.13242,1.13245,1.00,1.50
2016.08.15 14:31:51.603,1.13242,1.13245,1.00,1.00
2016.08.15 14:31:51.833,1.13242,1.13245,1.00,1.50
2016.08.15 14:31:52.384,1.13241,1.13246,2.25,1.00
2016.08.15 14:31:52.930,1.13241,1.13245,2.25,1.00
2016.08.15 14:31:53.204,1.13242,1.13245,1.00,1.00
2016.08.15 14:31:53.255,1.13243,1.13246,1.00,1.50
2016.08.15 14:31:53.306,1.13242,1.13245,1.50,1.00
2016.08.15 14:31:53.408,1.13242,1.13244,1.00,1.00
2016.08.15 14:31:53.459,1.13242,1.13245,1.50,1.50
2016.08.15 14:31:53.510,1.13242,1.13245,1.00,1.00
2016.08.15 14:31:53.561,1.13242,1.13245,1.50,1.00
2016.08.15 14:31:53.612,1.13243,1.13247,1.12,1.00
2016.08.15 14:31:53.663,1.13242,1.13247,1.50,1.00
2016.08.15 14:31:53.967,1.13245,1.13248,1.00,1.69
2016.08.15 14:31:54.018,1.13244,1.13247,1.00,1.00
2016.08.15 14:31:54.120,1.13243,1.13247,1.50,1.00
2016.08.15 14:31:54.708,1.13243,1.13247,2.25,1.00
2016.08.15 14:31:55.087,1.13243,1.13247,1.50,1.00
2016.08.15 14:31:56.310,1.13244,1.13247,1.00,1.00
2016.08.15 14:31:57.147,1.13244,1.13247,1.00,1.25
2016.08.15 14:31:58.318,1.13243,1.13247,1.50,1.25
2016.08.15 14:31:58.558,1.13243,1.13247,1.50,1.00
2016.08.15 14:31:58.609,1.13243,1.13247,2.25,1.00
2016.08.15 14:31:58.660,1.13244,1.13248,1.00,1.69
2016.08.15 14:31:58.762,1.13244,1.13248,1.00,1.25
2016.08.15 14:31:58.813,1.13244,1.13247,1.50,1.00
2016.08.15 14:31:58.865,1.13244,1.13248,2.25,1.69
2016.08.15 14:31:58.967,1.13244,1.13246,1.50,1.00
2016.08.15 14:31:59.018,1.13243,1.13246,1.50,1.00
2016.08.15 14:31:59.070,1.13243,1.13246,1.50,1.50
2016.08.15 14:31:59.121,1.13243,1.13246,1.00,1.50
2016.08.15 14:31:59.325,1.13243,1.13245,1.00,1.00
2016.08.15 14:31:59.376,1.13242,1.13245,1.00,1.00
2016.08.15 14:31:59.428,1.13241,1.13245,1.50,1.50
2016.08.15 14:31:59.479,1.13242,1.13245,1.00,1.50
2016.08.15 14:31:59.530,1.13242,1.13245,1.50,1.50
2016.08.15 14:31:59.862,1.13242,1.13244,1.00,1.00
2016.08.15 14:31:59.964,1.1324,1.13242,1.10,1.00
2016.08.15 14:32:00.066,1.13238,1.13241,1.87,1.00
2016.08.15 14:32:00.421,1.13238,1.1324,1.00,1.00
2016.08.15 14:32:00.472,1.13237,1.13239,1.50,1.00
2016.08.15 14:32:00.524,1.13237,1.13239,1.00,1.00
2016.08.15 14:32:00.575,1.13236,1.1324,1.00,1.00
2016.08.15 14:32:00.677,1.13236,1.13241,1.12,1.50
2016.08.15 14:32:00.728,1.13237,1.13241,1.87,1.50
2016.08.15 14:32:00.779,1.13238,1.13241,1.00,1.50
2016.08.15 14:32:00.830,1.13239,1.13243,1.00,1.10
2016.08.15 14:32:01.066,1.1324,1.13243,1.50,1.10
2016.08.15 14:32:01.118,1.1324,1.13243,1.50,1.00
2016.08.15 14:32:01.827,1.1324,1.13243,1.00,1.00
2016.08.15 14:32:04.429,1.1324,1.13244,1.00,1.00
2016.08.15 14:32:04.872,1.1324,1.13242,1.00,1.00
2016.08.15 14:32:04.926,1.1324,1.13243,1.00,1.00
2016.08.15 14:32:05.471,1.1324,1.13244,1.00,1.00
2016.08.15 14:32:05.572,1.1324,1.13244,1.50,1.00
2016.08.15 14:32:06.932,1.13242,1.13245,1.87,1.69
2016.08.15 14:32:06.984,1.13242,1.13245,1.87,1.00
2016.08.15 14:32:07.035,1.13242,1.13245,2.25,1.00
2016.08.15 14:32:07.086,1.13242,1.13246,2.25,1.50
2016.08.15 14:32:07.137,1.13243,1.13246,1.00,1.50
2016.08.15 14:32:07.238,1.13241,1.13244,1.50,1.00
2016.08.15 14:32:07.290,1.13241,1.13245,1.00,1.50
2016.08.15 14:32:07.341,1.1324,1.13245,2.25,1.50
2016.08.15 14:32:07.682,1.13241,1.13245,1.00,1.00
2016.08.15 14:32:07.735,1.13241,1.13245,1.00,1.50
2016.08.15 14:32:08.298,1.1324,1.13245,2.25,1.50
2016.08.15 14:32:08.350,1.1324,1.13245,1.50,1.50
2016.08.15 14:32:09.313,1.1324,1.13245,1.50,1.00
2016.08.15 14:32:09.751,1.1324,1.13245,1.50,1.50
2016.08.15 14:32:09.853,1.1324,1.13245,1.50,1.00
2016.08.15 14:32:09.952,1.1324,1.13245,1.50,1.50
2016.08.15 14:32:10.154,1.1324,1.13245,1.50,1.00
2016.08.15 14:32:10.387,1.1324,1.13244,1.00,1.00
2016.08.15 14:32:11.014,1.1324,1.13244,1.50,1.00
2016.08.15 14:32:11.187,1.1324,1.13244,1.00,1.00
2016.08.15 14:32:11.263,1.1324,1.13244,1.50,1.00
2016.08.15 14:32:11.557,1.1324,1.13244,1.00,1.00
2016.08.15 14:32:11.690,1.1324,1.13244,1.50,1.00
2016.08.15 14:32:12.084,1.13241,1.13244,1.00,1.00
2016.08.15 14:32:12.135,1.13242,1.13245,1.00,1.00
2016.08.15 14:32:12.186,1.13242,1.13245,1.00,1.50
2016.08.15 14:32:12.493,1.1324,1.13245,2.25,1.00
2016.08.15 14:32:12.544,1.1324,1.13245,1.50,1.00
2016.08.15 14:32:12.595,1.13242,1.13245,1.00,1.00
2016.08.15 14:32:12.646,1.1324,1.13243,1.00,1.00
2016.08.15 14:32:12.748,1.13241,1.13244,1.00,1.00
2016.08.15 14:32:12.952,1.1324,1.13244,1.50,1.00
2016.08.15 14:32:13.581,1.13239,1.13243,1.00,1.00
2016.08.15 14:32:14.164,1.13239,1.13242,1.00,1.00
2016.08.15 14:32:14.795,1.13238,1.13241,1.00,1.00
2016.08.15 14:32:15.149,1.13237,1.13241,2.25,1.00
2016.08.15 14:32:15.302,1.13237,1.1324,2.25,1.50
2016.08.15 14:32:15.418,1.13237,1.1324,1.50,1.50
2016.08.15 14:32:15.469,1.13237,1.1324,1.50,1.00
2016.08.15 14:32:15.520,1.13237,1.13241,1.50,1.00
2016.08.15 14:32:15.571,1.13237,1.13243,1.50,1.00
2016.08.15 14:32:15.817,1.13238,1.13241,1.00,1.00
2016.08.15 14:32:15.869,1.13238,1.1324,1.00,1.00
2016.08.15 14:32:17.105,1.13238,1.13241,1.00,1.50
2016.08.15 14:32:17.207,1.13237,1.1324,1.50,1.00
2016.08.15 14:32:17.258,1.13237,1.1324,1.50,1.50
2016.08.15 14:32:17.359,1.13237,1.1324,1.00,1.50
2016.08.15 14:32:17.691,1.13235,1.13238,1.00,1.00
2016.08.15 14:32:17.744,1.13234,1.13238,2.25,1.00
2016.08.15 14:32:17.847,1.13234,1.13238,1.50,1.00
2016.08.15 14:32:17.898,1.13234,1.1324,1.50,1.50
2016.08.15 14:32:18.000,1.13234,1.1324,2.25,1.00
2016.08.15 14:32:18.101,1.13235,1.1324,1.00,1.50
2016.08.15 14:32:18.287,1.13236,1.13239,1.00,1.00
2016.08.15 14:32:19.853,1.13236,1.13239,1.00,1.12
2016.08.15 14:32:19.904,1.13238,1.1324,1.00,1.37
2016.08.15 14:32:19.955,1.13235,1.1324,1.00,2.06
2016.08.15 14:32:20.006,1.13234,1.1324,2.25,2.06
2016.08.15 14:32:20.293,1.13234,1.13237,1.00,1.00
2016.08.15 14:32:20.347,1.13232,1.13235,1.50,1.00
2016.08.15 14:32:20.398,1.13233,1.13237,1.00,1.00
2016.08.15 14:32:20.703,1.13232,1.13235,1.00,1.00
2016.08.15 14:32:21.311,1.13232,1.13235,1.00,1.50
2016.08.15 14:32:22.082,1.13232,1.13235,1.00,1.00
2016.08.15 14:32:22.207,1.13232,1.13235,1.00,1.50
2016.08.15 14:32:22.382,1.13232,1.13235,1.00,1.00
2016.08.15 14:32:22.484,1.13232,1.13235,1.00,1.50
2016.08.15 14:32:22.687,1.13232,1.13235,1.00,1.00
2016.08.15 14:32:22.783,1.13232,1.13235,1.00,1.50
2016.08.15 14:32:22.920,1.13232,1.13235,1.00,1.00
2016.08.15 14:32:23.404,1.13232,1.13235,1.00,1.50
2016.08.15 14:32:23.485,1.13232,1.13235,1.00,1.00
2016.08.15 14:32:23.685,1.13232,1.13235,1.00,1.50
2016.08.15 14:32:23.886,1.13232,1.13235,1.00,1.00
2016.08.15 14:32:23.986,1.13232,1.13235,1.00,1.50
2016.08.15 14:32:24.121,1.13232,1.13235,1.00,1.00
2016.08.15 14:32:24.187,1.13232,1.13235,1.00,1.50
2016.08.15 14:32:24.441,1.13231,1.13233,1.00,1.00
2016.08.15 14:32:24.774,1.13226,1.1323,1.00,2.72
2016.08.15 14:32:24.825,1.13223,1.13228,1.00,1.00
2016.08.15 14:32:24.876,1.13223,1.13228,1.00,1.00
2016.08.15 14:32:25.390,1.13224,1.13228,1.00,1.00
2016.08.15 14:32:27.397,1.13224,1.13226,1.00,1.00
2016.08.15 14:32:27.448,1.13223,1.13226,1.04,1.00
2016.08.15 14:32:27.499,1.13223,1.13225,1.04,1.50
2016.08.15 14:32:27.550,1.13223,1.13225,1.00,1.50
2016.08.15 14:32:27.601,1.13223,1.13225,1.00,1.00
2016.08.15 14:32:27.703,1.13224,1.13225,1.00,1.50
2016.08.15 14:32:27.921,1.13224,1.13225,1.00,1.00
2016.08.15 14:32:28.023,1.13224,1.13227,1.00,1.00
2016.08.15 14:32:28.524,1.13225,1.13227,1.00,1.00
2016.08.15 14:32:29.272,1.13223,1.13227,1.50,1.00
2016.08.15 14:32:29.323,1.13223,1.13228,2.25,1.00
2016.08.15 14:32:29.374,1.13226,1.13229,2.25,1.10
2016.08.15 14:32:29.870,1.13229,1.1323,1.00,1.00
2016.08.15 14:32:29.934,1.13229,1.13234,1.50,2.51
2016.08.15 14:32:29.986,1.13229,1.13234,1.50,1.10
2016.08.15 14:32:30.037,1.13229,1.13234,1.50,1.00
2016.08.15 14:32:30.356,1.13229,1.13234,1.00,1.29
2016.08.15 14:32:30.458,1.13229,1.13233,1.00,1.04
2016.08.15 14:32:30.961,1.13228,1.13232,2.25,1.00
2016.08.15 14:32:31.113,1.13228,1.13233,1.50,1.04
2016.08.15 14:32:31.164,1.13229,1.13233,1.00,1.04
2016.08.15 14:32:31.275,1.13229,1.13231,1.00,1.00
2016.08.15 14:32:31.582,1.13229,1.13232,1.00,1.00
2016.08.15 14:32:32.088,1.13231,1.13233,2.62,1.00
2016.08.15 14:32:32.139,1.13231,1.13234,3.37,1.00
2016.08.15 14:32:32.191,1.13232,1.13234,1.00,1.00
2016.08.15 14:32:33.548,1.13231,1.13234,1.87,1.00
2016.08.15 14:32:33.599,1.13231,1.13233,1.12,1.00
2016.08.15 14:32:33.701,1.1323,1.13233,1.50,1.00
2016.08.15 14:32:33.752,1.1323,1.13233,3.56,1.00
2016.08.15 14:32:33.905,1.1323,1.13233,2.81,1.00
2016.08.15 14:32:33.956,1.1323,1.13233,3.56,1.00
2016.08.15 14:32:34.310,1.1323,1.13232,2.81,1.00
2016.08.15 14:32:34.597,1.1323,1.13234,2.81,1.00
2016.08.15 14:32:34.648,1.1323,1.13233,3.56,1.00
2016.08.15 14:32:34.699,1.1323,1.13233,2.81,1.00
2016.08.15 14:32:34.751,1.1323,1.13233,3.56,1.00
2016.08.15 14:32:34.904,1.1323,1.13233,2.81,1.00
2016.08.15 14:32:35.005,1.1323,1.13233,3.56,1.00
2016.08.15 14:32:35.107,1.1323,1.13233,2.81,1.00
2016.08.15 14:32:35.158,1.1323,1.13233,1.00,1.00
2016.08.15 14:32:35.361,1.1323,1.13234,2.81,1.00
2016.08.15 14:32:35.665,1.13231,1.13233,1.00,1.00
2016.08.15 14:32:36.572,1.13231,1.13234,1.50,1.00
2016.08.15 14:32:37.207,1.13233,1.13235,1.00,1.00
2016.08.15 14:32:37.258,1.13233,1.13235,1.50,1.00
2016.08.15 14:32:37.363,1.13233,1.13237,1.50,1.00
2016.08.15 14:32:37.619,1.13233,1.13236,1.00,1.00
2016.08.15 14:32:38.111,1.13233,1.13235,1.00,1.50
2016.08.15 14:32:38.216,1.13233,1.13235,1.00,1.00
2016.08.15 14:32:39.138,1.13233,1.13237,1.00,1.00
2016.08.15 14:32:41.501,1.13233,1.13237,1.50,1.00
2016.08.15 14:32:42.241,1.13233,1.13237,1.00,1.00
2016.08.15 14:32:44.383,1.13232,1.13237,3.56,1.00
2016.08.15 14:32:44.906,1.13232,1.13233,1.00,1.50
2016.08.15 14:32:44.957,1.13227,1.13228,1.50,1.00
2016.08.15 14:32:45.008,1.13227,1.13228,1.12,1.00
2016.08.15 14:32:45.060,1.13226,1.13229,1.00,1.00
2016.08.15 14:32:45.111,1.13226,1.13229,1.50,1.00
2016.08.15 14:32:45.162,1.13226,1.13229,2.25,1.00
2016.08.15 14:32:45.365,1.13226,1.1323,2.25,1.50
2016.08.15 14:32:45.774,1.13226,1.1323,2.25,1.00
2016.08.15 14:32:46.085,1.13226,1.1323,2.25,1.50
2016.08.15 14:32:46.136,1.13227,1.1323,1.00,1.50
2016.08.15 14:32:46.306,1.13227,1.1323,1.50,1.50
2016.08.15 14:32:46.580,1.13227,1.1323,1.50,1.00
2016.08.15 14:32:46.653,1.13227,1.1323,1.50,1.50
2016.08.15 14:32:46.780,1.13227,1.1323,1.50,1.00
2016.08.15 14:32:47.085,1.13227,1.1323,1.50,1.50
2016.08.15 14:32:49.360,1.13227,1.1323,1.50,1.00
2016.08.15 14:32:49.502,1.13227,1.1323,1.50,1.50
2016.08.15 14:32:50.173,1.13227,1.1323,1.50,1.00
2016.08.15 14:32:51.089,1.13227,1.1323,1.50,1.50
2016.08.15 14:32:51.165,1.13227,1.1323,1.50,1.00
2016.08.15 14:32:51.314,1.13227,1.1323,1.50,1.50
2016.08.15 14:32:52.276,1.13227,1.1323,1.00,1.50
2016.08.15 14:32:52.452,1.13227,1.1323,1.12,1.00
2016.08.15 14:32:52.503,1.13227,1.13231,1.87,1.50
2016.08.15 14:32:52.707,1.13227,1.1323,1.87,1.00
2016.08.15 14:32:52.769,1.13227,1.13231,1.87,1.50
2016.08.15 14:32:52.921,1.13227,1.1323,1.87,1.00
2016.08.15 14:32:53.513,1.13228,1.1323,1.00,1.00
2016.08.15 14:32:53.564,1.13227,1.1323,2.62,1.00
2016.08.15 14:32:53.671,1.13227,1.13231,2.62,1.50
2016.08.15 14:32:53.903,1.13227,1.1323,2.62,1.00
2016.08.15 14:32:53.954,1.13227,1.1323,3.37,1.00
2016.08.15 14:32:54.361,1.13227,1.1323,2.62,1.00
2016.08.15 14:32:54.412,1.13227,1.13231,2.62,1.50
2016.08.15 14:32:54.464,1.13227,1.13231,3.37,1.50
2016.08.15 14:32:54.515,1.13227,1.13231,2.62,1.50
2016.08.15 14:32:54.566,1.13228,1.13231,1.12,1.50
2016.08.15 14:32:54.617,1.13228,1.13231,1.12,1.00
2016.08.15 14:32:54.934,1.13228,1.1323,1.12,1.00
2016.08.15 14:32:55.012,1.13229,1.13235,1.00,1.10
2016.08.15 14:32:55.063,1.13229,1.13235,1.12,1.10
2016.08.15 14:32:55.114,1.13229,1.13235,1.50,1.10
2016.08.15 14:32:55.166,1.13229,1.13235,2.25,1.10
2016.08.15 14:32:55.217,1.13232,1.13235,1.12,1.00
2016.08.15 14:32:55.269,1.13232,1.13235,1.50,1.00
2016.08.15 14:32:55.320,1.13232,1.13235,2.25,1.00
2016.08.15 14:32:55.423,1.13232,1.13235,1.50,1.00
2016.08.15 14:32:55.833,1.13231,1.13235,1.12,1.00
2016.08.15 14:32:55.886,1.13231,1.13235,1.12,1.00
2016.08.15 14:32:55.987,1.13231,1.13235,1.12,1.50
2016.08.15 14:32:56.212,1.13231,1.13234,1.12,1.00
2016.08.15 14:32:56.749,1.13231,1.13234,1.00,1.00
2016.08.15 14:32:58.168,1.13232,1.13235,1.37,1.50
2016.08.15 14:32:58.270,1.13231,1.13235,1.37,1.50
2016.08.15 14:32:58.321,1.13231,1.13235,1.37,1.00
2016.08.15 14:32:58.423,1.1323,1.13235,2.62,1.00
2016.08.15 14:32:58.626,1.1323,1.13235,3.37,1.50
2016.08.15 14:32:58.888,1.1323,1.13235,2.62,1.00
2016.08.15 14:32:59.209,1.1323,1.13235,4.12,1.50
2016.08.15 14:32:59.361,1.1323,1.13235,3.37,1.50
2016.08.15 14:32:59.463,1.1323,1.13235,4.12,1.50
2016.08.15 14:32:59.759,1.1323,1.13235,3.37,1.50
2016.08.15 14:32:59.861,1.1323,1.13235,4.12,1.50
2016.08.15 14:32:59.912,1.1323,1.13235,3.37,1.00
2016.08.15 14:32:59.963,1.1323,1.13235,2.62,1.00
2016.08.15 14:33:00.142,1.1323,1.13235,3.37,1.00
2016.08.15 14:33:00.483,1.1323,1.13233,3.37,1.00
2016.08.15 14:33:00.534,1.1323,1.13232,1.12,1.00
2016.08.15 14:33:00.586,1.13228,1.13231,3.90,1.00
2016.08.15 14:33:00.637,1.13227,1.13229,2.62,1.00
2016.08.15 14:33:00.688,1.13227,1.13228,1.00,1.00
2016.08.15 14:33:00.739,1.13225,1.13227,1.87,1.00
2016.08.15 14:33:00.790,1.13224,1.13227,1.57,1.00
2016.08.15 14:33:00.842,1.13224,1.13228,1.12,1.00
2016.08.15 14:33:00.893,1.13224,1.13227,1.12,1.00
2016.08.15 14:33:00.996,1.13223,1.13226,1.50,1.50
2016.08.15 14:33:01.047,1.13222,1.13226,3.75,1.50
2016.08.15 14:33:01.558,1.13222,1.13226,2.25,1.87
2016.08.15 14:33:01.638,1.13221,1.13224,1.50,1.00
2016.08.15 14:33:01.849,1.13221,1.13224,1.87,1.00
2016.08.15 14:33:01.951,1.13221,1.13224,1.50,1.00
2016.08.15 14:33:02.535,1.13222,1.13224,1.00,1.00
2016.08.15 14:33:02.587,1.13221,1.13224,1.50,1.00
2016.08.15 14:33:02.740,1.1322,1.13223,1.00,1.00
2016.08.15 14:33:02.791,1.1322,1.13223,1.50,1.00
2016.08.15 14:33:05.284,1.13221,1.13224,1.00,1.00
2016.08.15 14:33:05.335,1.13221,1.13224,2.25,1.00
2016.08.15 14:33:05.641,1.13221,1.13225,1.50,1.50
2016.08.15 14:33:05.860,1.13221,1.13225,1.00,1.00
2016.08.15 14:33:06.178,1.13221,1.13225,1.00,1.50
2016.08.15 14:33:06.432,1.1322,1.13225,1.87,1.50
2016.08.15 14:33:06.544,1.1322,1.13225,1.87,1.00
2016.08.15 14:33:06.613,1.1322,1.13225,1.87,1.50
2016.08.15 14:33:06.715,1.1322,1.13225,1.87,1.00
2016.08.15 14:33:06.817,1.1322,1.13223,1.87,1.00
2016.08.15 14:33:06.868,1.1322,1.13222,1.50,1.00
2016.08.15 14:33:07.165,1.13219,1.13222,1.00,1.00
2016.08.15 14:33:07.216,1.13218,1.1322,1.87,1.00
2016.08.15 14:33:07.267,1.13218,1.13219,1.50,1.00
2016.08.15 14:33:07.333,1.13218,1.1322,1.87,1.00
2016.08.15 14:33:07.384,1.13217,1.1322,1.00,1.00
2016.08.15 14:33:07.435,1.13217,1.1322,1.50,1.00
2016.08.15 14:33:07.486,1.13218,1.13223,1.12,1.00
2016.08.15 14:33:07.537,1.13218,1.13223,1.87,1.00
2016.08.15 14:33:07.639,1.13218,1.13223,2.62,1.00
2016.08.15 14:33:07.741,1.13219,1.13223,1.00,1.00
2016.08.15 14:33:08.370,1.1322,1.13224,1.00,1.00
2016.08.15 14:33:08.626,1.13219,1.13222,1.50,1.00
2016.08.15 14:33:08.728,1.13218,1.13222,3.37,1.00
2016.08.15 14:33:08.779,1.13218,1.13222,2.25,1.00
2016.08.15 14:33:08.830,1.13218,1.13223,1.50,1.00
2016.08.15 14:33:08.881,1.13218,1.13223,1.00,1.00
2016.08.15 14:33:08.932,1.13218,1.13223,1.50,1.00
2016.08.15 14:33:09.324,1.13221,1.13224,1.00,1.00
2016.08.15 14:33:09.428,1.13221,1.13224,1.50,1.00
2016.08.15 14:33:09.581,1.13221,1.13224,3.37,1.00
2016.08.15 14:33:09.683,1.13222,1.13224,1.12,1.00
2016.08.15 14:33:09.915,1.13222,1.13225,1.87,1.00
2016.08.15 14:33:09.967,1.13222,1.13225,1.87,1.50
2016.08.15 14:33:10.022,1.13222,1.13225,1.87,1.00
2016.08.15 14:33:10.124,1.13222,1.13225,1.87,1.50
2016.08.15 14:33:10.482,1.13222,1.13225,1.12,1.50
2016.08.15 14:33:10.736,1.13222,1.13225,1.12,1.00
2016.08.15 14:33:11.027,1.13222,1.13225,1.12,1.50
2016.08.15 14:33:11.674,1.13222,1.13225,1.87,1.50
2016.08.15 14:33:12.042,1.13222,1.13225,1.87,1.00
2016.08.15 14:33:12.328,1.13222,1.13225,1.87,1.50
2016.08.15 14:33:12.429,1.13222,1.13225,1.87,1.00
2016.08.15 14:33:12.586,1.13222,1.13224,1.12,1.00
2016.08.15 14:33:13.783,1.13221,1.13224,1.87,1.00
2016.08.15 14:33:13.834,1.13221,1.13224,1.12,1.00
2016.08.15 14:33:14.299,1.1322,1.13223,2.62,1.00
2016.08.15 14:33:14.350,1.13221,1.13224,1.00,1.00
2016.08.15 14:33:14.504,1.13221,1.13224,1.50,1.00
2016.08.15 14:33:14.657,1.13221,1.13224,1.00,1.00
2016.08.15 14:33:15.609,1.13221,1.13224,1.50,1.00
2016.08.15 14:33:15.955,1.13221,1.13224,1.00,1.00
2016.08.15 14:33:16.006,1.13221,1.13224,1.87,1.00
2016.08.15 14:33:16.924,1.13221,1.13224,2.62,1.00
2016.08.15 14:33:17.744,1.13221,1.13223,1.12,1.00
2016.08.15 14:33:17.795,1.1322,1.13223,3.37,1.00
2016.08.15 14:33:17.847,1.1322,1.13222,1.12,1.00
2016.08.15 14:33:17.898,1.1322,1.13224,1.12,1.00
2016.08.15 14:33:18.170,1.1322,1.13224,1.00,1.00
2016.08.15 14:33:18.221,1.1322,1.13224,2.62,1.00
2016.08.15 14:33:18.322,1.13221,1.13224,1.12,1.00
2016.08.15 14:33:19.050,1.13221,1.13224,1.87,1.00
2016.08.15 14:33:19.152,1.13221,1.13224,3.75,1.00
2016.08.15 14:33:19.254,1.13222,1.13224,1.00,1.00
2016.08.15 14:33:19.305,1.13222,1.13224,1.87,1.00
2016.08.15 14:33:20.197,1.13222,1.13225,1.00,1.50
2016.08.15 14:33:20.451,1.13222,1.13225,1.12,1.50
2016.08.15 14:33:21.377,1.13222,1.13225,1.12,1.00
2016.08.15 14:33:21.436,1.13225,1.13226,1.00,1.00
2016.08.15 14:33:21.588,1.13225,1.13228,1.50,1.69
2016.08.15 14:33:22.008,1.13225,1.13227,1.00,1.00
2016.08.15 14:33:22.109,1.13225,1.13227,1.50,1.00
2016.08.15 14:33:22.160,1.13225,1.13228,1.50,2.06
2016.08.15 14:33:22.785,1.13225,1.13228,1.00,2.06
2016.08.15 14:33:22.908,1.13225,1.13228,1.50,2.06
2016.08.15 14:33:23.111,1.13225,1.13228,1.00,2.06
2016.08.15 14:33:23.213,1.13225,1.13228,1.50,2.06
2016.08.15 14:33:23.264,1.13225,1.13228,1.50,1.31
2016.08.15 14:33:24.210,1.13225,1.13228,1.50,1.25
2016.08.15 14:33:24.261,1.13225,1.13228,1.50,1.69
2016.08.15 14:33:24.466,1.13225,1.13228,1.00,1.69
2016.08.15 14:33:24.691,1.13225,1.13228,1.00,1.69
2016.08.15 14:33:25.782,1.13224,1.13228,1.00,1.69
2016.08.15 14:33:25.834,1.13225,1.13228,1.00,1.69
2016.08.15 14:33:25.885,1.13224,1.13228,1.50,1.69
2016.08.15 14:33:25.986,1.13225,1.13228,1.00,1.69
2016.08.15 14:33:26.382,1.13224,1.13228,1.50,1.69
2016.08.15 14:33:26.508,1.13224,1.13228,1.50,2.44
2016.08.15 14:33:26.772,1.13225,1.13228,1.00,2.44
2016.08.15 14:33:27.120,1.13225,1.13228,1.00,1.69
2016.08.15 14:33:27.222,1.13225,1.13228,1.00,1.69
2016.08.15 14:33:27.273,1.13225,1.13228,1.50,1.69
2016.08.15 14:33:27.477,1.13225,1.13228,1.00,1.69
2016.08.15 14:33:27.528,1.13225,1.13228,1.00,1.69
2016.08.15 14:33:27.579,1.13225,1.13228,1.50,1.69
2016.08.15 14:33:27.920,1.13225,1.13228,1.00,1.69
2016.08.15 14:33:28.209,1.13225,1.13228,1.00,1.25
2016.08.15 14:33:28.313,1.13227,1.13228,1.00,1.25
2016.08.15 14:33:28.415,1.13227,1.13229,1.00,1.00
2016.08.15 14:33:29.937,1.13227,1.13229,1.00,1.00
2016.08.15 14:33:30.038,1.13227,1.13229,1.00,2.06
2016.08.15 14:33:30.140,1.13227,1.13229,1.00,1.69
2016.08.15 14:33:30.503,1.13227,1.13229,1.00,1.00
2016.08.15 14:33:31.062,1.13226,1.13229,1.00,1.00
2016.08.15 14:33:32.539,1.13225,1.13229,1.00,1.50
2016.08.15 14:33:32.591,1.13225,1.13228,1.00,1.00
2016.08.15 14:33:32.642,1.13226,1.13229,1.00,3.19
2016.08.15 14:33:32.692,1.13226,1.13229,1.00,1.50
2016.08.15 14:33:32.743,1.13226,1.13229,1.00,1.00
2016.08.15 14:33:33.251,1.13227,1.13229,1.00,1.00
2016.08.15 14:33:34.059,1.1323,1.13233,1.50,1.10
2016.08.15 14:33:34.110,1.1323,1.13233,1.00,1.10
2016.08.15 14:33:34.161,1.1323,1.13233,1.00,1.00
2016.08.15 14:33:34.213,1.13231,1.13234,1.00,2.44
2016.08.15 14:33:34.264,1.13231,1.13234,1.00,3.19
2016.08.15 14:33:34.315,1.13231,1.13234,1.00,3.94
2016.08.15 14:33:34.468,1.1323,1.13233,1.50,1.12
2016.08.15 14:33:34.519,1.13231,1.13234,1.00,3.94
2016.08.15 14:33:34.884,1.13231,1.13234,1.00,3.19
2016.08.15 14:33:34.935,1.13231,1.13234,1.00,2.25
2016.08.15 14:33:35.497,1.13231,1.13234,1.00,1.50
2016.08.15 14:33:35.802,1.13231,1.13234,1.00,1.00
2016.08.15 14:33:36.066,1.13231,1.13234,1.00,1.50
2016.08.15 14:33:36.146,1.1323,1.13233,1.50,1.00
2016.08.15 14:33:36.300,1.1323,1.13234,1.50,2.44
2016.08.15 14:33:36.355,1.13231,1.13234,1.00,2.44
2016.08.15 14:33:36.428,1.13231,1.13234,1.00,1.69
2016.08.15 14:33:36.581,1.13231,1.13234,1.00,2.44
2016.08.15 14:33:36.896,1.13231,1.13234,1.00,1.69
2016.08.15 14:33:37.156,1.13231,1.13234,1.00,1.25
2016.08.15 14:33:38.963,1.13231,1.13234,1.00,1.00
2016.08.15 14:33:39.513,1.1323,1.13233,1.00,1.00
2016.08.15 14:33:40.786,1.13229,1.13232,1.12,1.00
2016.08.15 14:33:40.940,1.13228,1.1323,1.00,1.00
2016.08.15 14:33:40.991,1.13226,1.13229,1.12,1.00
2016.08.15 14:33:41.042,1.13226,1.13229,1.00,1.00
2016.08.15 14:33:41.093,1.13225,1.13228,2.62,1.00
2016.08.15 14:33:41.196,1.13225,1.13228,2.62,1.25
2016.08.15 14:33:41.247,1.13225,1.13229,1.87,1.69
2016.08.15 14:33:41.298,1.13225,1.1323,1.87,1.50
2016.08.15 14:33:41.717,1.13225,1.1323,2.62,2.25
2016.08.15 14:33:41.893,1.13227,1.1323,1.00,2.25
2016.08.15 14:33:41.944,1.13227,1.1323,1.00,1.50
2016.08.15 14:33:42.046,1.13227,1.1323,1.00,1.00
2016.08.15 14:33:42.199,1.13228,1.1323,1.25,1.00
2016.08.15 14:33:42.351,1.1323,1.13231,1.00,1.00
2016.08.15 14:33:42.925,1.13233,1.13235,1.12,1.10
2016.08.15 14:33:42.989,1.13233,1.13235,1.12,1.00
2016.08.15 14:33:43.040,1.13232,1.13236,1.12,1.50
2016.08.15 14:33:43.091,1.13232,1.13236,1.12,1.00
2016.08.15 14:33:43.142,1.13232,1.13236,1.87,1.00
2016.08.15 14:33:43.396,1.13232,1.13235,1.12,1.00
2016.08.15 14:33:43.447,1.13231,1.13234,1.25,1.00
2016.08.15 14:33:43.744,1.13231,1.13234,1.12,1.00
2016.08.15 14:33:43.795,1.13231,1.13234,2.25,1.00
2016.08.15 14:33:44.000,1.13232,1.13235,1.19,1.50
2016.08.15 14:33:44.459,1.13232,1.13235,2.06,1.00
2016.08.15 14:33:44.702,1.13232,1.13235,2.06,1.50
2016.08.15 14:33:44.753,1.13231,1.13234,1.19,1.00
2016.08.15 14:33:45.027,1.13231,1.13234,2.06,1.00
2016.08.15 14:33:45.708,1.13231,1.13235,1.31,1.50
2016.08.15 14:33:45.760,1.13231,1.13234,1.31,1.00
2016.08.15 14:33:45.862,1.1323,1.13234,1.50,1.00
2016.08.15 14:33:46.066,1.13231,1.13234,1.31,1.00
2016.08.15 14:33:46.168,1.13234,1.13235,1.00,1.00
2016.08.15 14:33:46.582,1.13234,1.13237,1.00,1.00
2016.08.15 14:33:46.633,1.13232,1.13237,1.19,1.00
2016.08.15 14:33:46.888,1.13233,1.13237,1.19,1.00
2016.08.15 14:33:46.940,1.13235,1.13238,1.19,1.00
2016.08.15 14:33:47.143,1.13234,1.13238,2.06,1.00
2016.08.15 14:33:47.245,1.13234,1.13238,1.87,1.00
2016.08.15 14:33:48.018,1.13234,1.13237,2.25,1.00
2016.08.15 14:33:48.201,1.13234,1.13237,4.69,1.00
2016.08.15 14:33:48.252,1.13237,1.1324,1.00,1.50
2016.08.15 14:33:48.354,1.13237,1.1324,1.50,1.50
2016.08.15 14:33:48.405,1.13238,1.1324,1.00,1.00
2016.08.15 14:33:48.819,1.13238,1.13241,1.00,1.00
2016.08.15 14:33:48.870,1.13238,1.1324,1.00,1.00
2016.08.15 14:33:48.972,1.13238,1.13241,1.00,1.50
2016.08.15 14:33:49.076,1.13238,1.1324,1.00,1.00
2016.08.15 14:33:49.280,1.13238,1.13241,1.00,1.50
2016.08.15 14:33:49.382,1.13237,1.1324,4.12,1.50
2016.08.15 14:33:49.920,1.13236,1.13238,1.12,1.00
2016.08.15 14:33:50.073,1.13235,1.1324,1.31,1.00
2016.08.15 14:33:50.124,1.13236,1.13239,1.00,1.00
2016.08.15 14:33:50.175,1.13235,1.13239,2.44,1.00
2016.08.15 14:33:50.226,1.13235,1.13239,2.62,1.00
2016.08.15 14:33:50.277,1.13235,1.13239,3.00,1.00
2016.08.15 14:33:50.593,1.13236,1.13239,1.00,1.00
2016.08.15 14:33:50.987,1.13236,1.13239,2.62,1.00
2016.08.15 14:33:51.039,1.13236,1.13239,1.87,1.00
2016.08.15 14:33:51.141,1.13236,1.13239,2.62,1.00
2016.08.15 14:33:51.192,1.13236,1.13238,1.87,1.00
2016.08.15 14:33:51.243,1.13235,1.13238,1.69,1.00
2016.08.15 14:33:51.294,1.13235,1.13238,1.12,1.00
2016.08.15 14:33:51.345,1.13233,1.13238,4.84,1.00
2016.08.15 14:33:51.447,1.13233,1.13238,4.46,1.00
2016.08.15 14:33:51.499,1.13233,1.13238,4.09,1.00
2016.08.15 14:33:51.550,1.13234,1.13238,1.31,1.00
2016.08.15 14:33:51.928,1.13234,1.13238,1.12,1.00
2016.08.15 14:33:52.190,1.13236,1.13239,1.00,1.00
2016.08.15 14:33:52.241,1.13237,1.1324,1.19,1.50
2016.08.15 14:33:52.446,1.13237,1.1324,2.06,1.00
2016.08.15 14:33:52.548,1.13237,1.1324,1.87,1.00
2016.08.15 14:33:52.650,1.13237,1.13241,1.87,1.50
2016.08.15 14:33:52.752,1.13237,1.1324,1.87,1.00
2016.08.15 14:33:53.132,1.13238,1.13241,1.50,1.00
2016.08.15 14:33:53.399,1.13238,1.13243,1.50,1.00
2016.08.15 14:33:53.534,1.13238,1.13242,2.62,1.00
2016.08.15 14:33:53.585,1.13239,1.13243,1.00,1.00
2016.08.15 14:33:53.636,1.13241,1.13243,1.00,1.00
2016.08.15 14:33:53.788,1.13241,1.13245,1.00,1.69
2016.08.15 14:33:53.839,1.13241,1.13245,1.00,1.50
2016.08.15 14:33:53.890,1.13241,1.13245,1.00,1.00
2016.08.15 14:33:53.991,1.13241,1.13245,1.00,1.50
2016.08.15 14:33:54.426,1.13241,1.13245,1.00,1.00
2016.08.15 14:33:54.479,1.13241,1.13245,1.50,1.50
2016.08.15 14:33:54.550,1.13241,1.13245,1.50,1.00
2016.08.15 14:33:54.652,1.13241,1.13245,1.50,1.50
2016.08.15 14:33:54.753,1.13241,1.13245,1.00,1.50
2016.08.15 14:33:55.283,1.13239,1.13244,4.12,1.00
2016.08.15 14:33:55.334,1.1324,1.13244,1.00,1.00
2016.08.15 14:33:55.385,1.13239,1.13244,2.62,1.00
2016.08.15 14:33:55.436,1.1324,1.13245,1.00,1.50
2016.08.15 14:33:55.538,1.1324,1.13245,1.87,1.50
2016.08.15 14:33:55.589,1.1324,1.13245,1.87,1.00
2016.08.15 14:33:55.640,1.1324,1.13245,1.00,1.00
2016.08.15 14:33:55.741,1.13242,1.13245,1.00,1.00
2016.08.15 14:33:55.792,1.13242,1.13245,1.00,1.50
2016.08.15 14:33:56.441,1.13241,1.13244,1.50,1.00
2016.08.15 14:33:57.040,1.13241,1.13244,1.00,1.00
2016.08.15 14:33:58.342,1.13241,1.13244,1.50,1.00
2016.08.15 14:33:58.445,1.13241,1.13244,1.87,1.00
2016.08.15 14:33:58.713,1.13241,1.13244,1.00,1.00
2016.08.15 14:33:58.765,1.13241,1.13244,1.87,1.00
2016.08.15 14:33:58.866,1.13241,1.13244,2.25,1.00
2016.08.15 14:33:58.917,1.13241,1.13244,2.62,1.00
2016.08.15 14:33:59.020,1.13241,1.13245,1.87,1.00
2016.08.15 14:33:59.195,1.13241,1.13244,2.62,1.00
2016.08.15 14:33:59.348,1.13241,1.13243,1.87,1.00
2016.08.15 14:33:59.683,1.1324,1.13242,1.50,1.00
2016.08.15 14:33:59.735,1.13236,1.13238,1.87,1.00
2016.08.15 14:34:00.075,1.13235,1.13237,1.37,1.00
2016.08.15 14:34:00.127,1.13233,1.13235,1.00,1.00
2016.08.15 14:34:00.982,1.13237,1.1324,1.00,1.04
2016.08.15 14:34:01.034,1.13238,1.1324,1.00,1.50
2016.08.15 14:34:01.085,1.13239,1.13243,1.00,1.29
2016.08.15 14:34:01.136,1.1324,1.13245,1.00,1.04
2016.08.15 14:34:01.187,1.1324,1.13245,1.50,1.66
2016.08.15 14:34:01.239,1.1324,1.13243,1.50,1.04
2016.08.15 14:34:01.290,1.1324,1.13243,1.00,1.04
2016.08.15 14:34:01.391,1.13239,1.13242,2.02,1.00
2016.08.15 14:34:01.443,1.13239,1.13242,1.27,1.00
2016.08.15 14:34:01.738,1.13238,1.13242,1.87,1.04
2016.08.15 14:34:01.795,1.13238,1.13242,1.12,1.04
2016.08.15 14:34:02.360,1.13237,1.13241,2.25,1.00
2016.08.15 14:34:02.411,1.13237,1.1324,2.25,1.00
2016.08.15 14:34:02.710,1.13235,1.13237,3.37,1.00
2016.08.15 14:34:02.761,1.13234,1.13237,2.62,1.00
2016.08.15 14:34:02.813,1.13235,1.13236,1.00,1.00
2016.08.15 14:34:02.921,1.13235,1.13236,1.00,1.04
2016.08.15 14:34:03.125,1.13233,1.13235,2.25,1.00
2016.08.15 14:34:03.176,1.13235,1.13236,1.00,1.04
2016.08.15 14:34:03.227,1.13232,1.13233,1.12,1.00
2016.08.15 14:34:03.793,1.1323,1.13234,1.00,1.00
2016.08.15 14:34:03.845,1.13229,1.13234,1.00,1.00
2016.08.15 14:34:04.355,1.13229,1.13232,1.00,1.00
2016.08.15 14:34:04.458,1.13229,1.13232,1.87,1.00
2016.08.15 14:34:04.560,1.13229,1.13232,1.00,1.00
2016.08.15 14:34:05.538,1.13228,1.13232,1.87,1.00
2016.08.15 14:34:05.589,1.13227,1.13232,2.32,1.00
2016.08.15 14:34:05.640,1.13227,1.1323,1.12,1.00
2016.08.15 14:34:06.023,1.13225,1.13229,1.00,2.54
2016.08.15 14:34:06.083,1.13222,1.13226,1.87,1.00
2016.08.15 14:34:06.338,1.13223,1.13226,1.50,1.00
2016.08.15 14:34:06.440,1.13224,1.13227,1.12,1.00
2016.08.15 14:34:06.765,1.13225,1.1323,1.00,1.50
2016.08.15 14:34:06.817,1.13225,1.1323,1.00,1.00
2016.08.15 14:34:06.870,1.13225,1.1323,1.87,1.00
2016.08.15 14:34:07.022,1.13225,1.1323,1.87,1.50
2016.08.15 14:34:07.315,1.13225,1.1323,1.00,1.00
2016.08.15 14:34:07.419,1.13225,1.1323,1.00,1.50
2016.08.15 14:34:07.520,1.13225,1.1323,1.00,1.00
2016.08.15 14:34:07.879,1.13225,1.13228,1.00,1.00
2016.08.15 14:34:09.098,1.13225,1.13228,1.12,1.00
2016.08.15 14:34:09.621,1.13226,1.13229,1.12,1.00
2016.08.15 14:34:09.774,1.13227,1.1323,1.00,1.50
2016.08.15 14:34:10.028,1.13227,1.1323,1.00,1.00
2016.08.15 14:34:10.231,1.13226,1.1323,1.00,1.50
2016.08.15 14:34:10.333,1.13226,1.1323,1.00,1.00
2016.08.15 14:34:10.435,1.13226,1.1323,1.00,1.50
2016.08.15 14:34:10.486,1.13226,1.13229,1.00,1.00
2016.08.15 14:34:11.244,1.13223,1.13228,2.25,1.00
2016.08.15 14:34:11.346,1.13223,1.13228,1.50,1.00
2016.08.15 14:34:11.397,1.13223,1.13228,1.87,1.00
2016.08.15 14:34:11.448,1.13224,1.13227,1.00,1.00
2016.08.15 14:34:12.195,1.13223,1.13227,2.62,1.00
2016.08.15 14:34:12.246,1.13223,1.13227,1.87,1.00
2016.08.15 14:34:12.297,1.13223,1.13227,1.12,1.00
2016.08.15 14:34:12.450,1.13223,1.13225,1.12,1.00
2016.08.15 14:34:12.501,1.13222,1.13225,3.37,1.00
2016.08.15 14:34:12.603,1.13222,1.13225,2.62,1.00
2016.08.15 14:34:12.654,1.13222,1.13226,2.62,1.50
2016.08.15 14:34:12.756,1.13222,1.13226,1.87,1.50
2016.08.15 14:34:12.807,1.13222,1.13225,1.87,1.00
2016.08.15 14:34:13.180,1.13222,1.13225,3.37,1.00
2016.08.15 14:34:13.232,1.13223,1.13225,1.00,1.50
2016.08.15 14:34:13.284,1.13223,1.13225,1.31,1.50
2016.08.15 14:34:13.335,1.13223,1.13225,1.00,1.00
2016.08.15 14:34:13.541,1.13223,1.13225,1.00,1.50
2016.08.15 14:34:13.806,1.13223,1.13225,1.00,1.00
2016.08.15 14:34:14.188,1.13223,1.13225,1.00,1.50
2016.08.15 14:34:14.342,1.1322,1.13225,3.07,1.50
2016.08.15 14:34:14.731,1.1322,1.13225,2.32,1.00
2016.08.15 14:34:15.109,1.1322,1.13225,3.07,1.50
2016.08.15 14:34:15.471,1.1322,1.13225,2.32,1.00
2016.08.15 14:34:15.522,1.1322,1.13225,3.07,1.50
2016.08.15 14:34:15.573,1.13221,1.13225,1.00,1.50
2016.08.15 14:34:15.943,1.1322,1.13223,3.07,1.00
2016.08.15 14:34:15.994,1.1322,1.13223,1.57,1.00
2016.08.15 14:34:16.045,1.13219,1.13222,2.32,1.00
2016.08.15 14:34:16.096,1.13218,1.13221,1.12,1.00
2016.08.15 14:34:16.198,1.13216,1.1322,1.12,1.00
2016.08.15 14:34:16.491,1.13216,1.1322,1.12,1.50
2016.08.15 14:34:16.543,1.13215,1.13218,1.00,1.00
2016.08.15 14:34:17.051,1.13214,1.13217,1.87,1.00
2016.08.15 14:34:17.102,1.13214,1.13217,1.00,1.00
2016.08.15 14:34:17.550,1.13213,1.13217,1.50,1.00
2016.08.15 14:34:17.601,1.13214,1.13217,1.12,1.00
2016.08.15 14:34:17.703,1.13213,1.13217,1.00,1.00
2016.08.15 14:34:17.753,1.13213,1.13217,1.50,1.00
2016.08.15 14:34:17.804,1.13214,1.13217,1.00,1.00
2016.08.15 14:34:18.110,1.13214,1.13219,1.00,1.00
2016.08.15 14:34:18.767,1.13216,1.13219,1.00,1.00
2016.08.15 14:34:18.819,1.13216,1.1322,1.87,1.50
2016.08.15 14:34:18.870,1.13216,1.1322,1.87,1.00
2016.08.15 14:34:18.921,1.13216,1.1322,1.87,1.50
2016.08.15 14:34:19.230,1.13216,1.1322,1.87,1.00
2016.08.15 14:34:19.332,1.13216,1.1322,1.87,1.50
2016.08.15 14:34:19.383,1.13216,1.13219,1.87,1.00
2016.08.15 14:34:19.485,1.13216,1.13219,1.00,1.00
2016.08.15 14:34:19.537,1.13217,1.1322,1.00,1.50
2016.08.15 14:34:19.864,1.13215,1.1322,4.50,1.00
2016.08.15 14:34:19.916,1.13217,1.1322,1.00,1.00
2016.08.15 14:34:19.967,1.13217,1.1322,1.00,1.50
2016.08.15 14:34:20.069,1.13217,1.1322,1.00,1.00
2016.08.15 14:34:20.125,1.13217,1.1322,1.00,1.50
2016.08.15 14:34:20.359,1.13217,1.1322,1.00,1.00
2016.08.15 14:34:20.469,1.13217,1.1322,1.00,1.50
2016.08.15 14:34:20.623,1.13215,1.1322,4.50,1.00
2016.08.15 14:34:21.057,1.13216,1.1322,1.00,1.00
2016.08.15 14:34:21.214,1.13216,1.1322,1.87,1.00
2016.08.15 14:34:21.265,1.13216,1.13221,1.87,1.50
2016.08.15 14:34:21.367,1.13216,1.1322,1.87,1.00
2016.08.15 14:34:21.670,1.13216,1.13221,1.87,1.50
2016.08.15 14:34:22.033,1.13216,1.1322,1.87,1.00
2016.08.15 14:34:22.856,1.13216,1.13221,1.87,1.50
2016.08.15 14:34:23.032,1.13216,1.1322,1.87,1.00
2016.08.15 14:34:23.083,1.13216,1.1322,1.12,1.00
2016.08.15 14:34:23.184,1.13217,1.1322,1.00,1.50
2016.08.15 14:34:23.235,1.13216,1.1322,1.50,1.00
2016.08.15 14:34:23.286,1.13216,1.1322,2.25,1.00
2016.08.15 14:34:23.337,1.13216,1.1322,2.25,1.50
2016.08.15 14:34:23.613,1.13216,1.1322,1.50,1.00
2016.08.15 14:34:23.665,1.13215,1.1322,3.37,1.50
2016.08.15 14:34:23.820,1.13215,1.1322,2.62,1.50
2016.08.15 14:34:23.871,1.13215,1.1322,1.50,1.50
2016.08.15 14:34:23.922,1.13215,1.13218,1.50,1.00
2016.08.15 14:34:23.973,1.13215,1.13218,1.00,1.00
2016.08.15 14:34:24.076,1.13213,1.13218,3.52,1.00
2016.08.15 14:34:24.128,1.13213,1.13216,3.37,1.00
2016.08.15 14:34:24.428,1.13214,1.13217,1.00,1.00
2016.08.15 14:34:24.480,1.13214,1.13219,1.00,1.00
2016.08.15 14:34:24.531,1.13216,1.13219,1.00,1.00
2016.08.15 14:34:24.939,1.13216,1.13219,1.50,1.00
2016.08.15 14:34:25.193,1.13216,1.13221,1.50,1.37
2016.08.15 14:34:25.730,1.13217,1.13221,1.00,1.37
2016.08.15 14:34:25.782,1.13217,1.1322,1.50,1.00
2016.08.15 14:34:25.834,1.13216,1.1322,5.62,1.00
2016.08.15 14:34:25.886,1.13215,1.13218,3.37,1.00
2016.08.15 14:34:25.939,1.13216,1.13218,1.12,1.00
2016.08.15 14:34:25.991,1.13213,1.13214,1.50,1.00
2016.08.15 14:34:26.044,1.13213,1.13214,1.12,1.00
2016.08.15 14:34:26.096,1.1321,1.13214,1.12,1.00
2016.08.15 14:34:26.438,1.13209,1.13214,3.37,1.00
2016.08.15 14:34:26.489,1.13209,1.13214,2.25,1.00
2016.08.15 14:34:26.592,1.13209,1.13214,1.50,1.00
2016.08.15 14:34:27.004,1.13209,1.13213,1.12,1.00
2016.08.15 14:34:27.055,1.13209,1.13212,1.87,1.00
2016.08.15 14:34:27.106,1.13209,1.13212,1.12,1.00
2016.08.15 14:34:27.366,1.13207,1.13212,3.37,1.00
2016.08.15 14:34:27.419,1.13207,1.13211,2.62,1.00
2016.08.15 14:34:27.521,1.13207,1.13211,1.50,1.00
2016.08.15 14:34:27.572,1.13207,1.1321,1.50,1.00
2016.08.15 14:34:27.725,1.13207,1.1321,2.25,1.00
2016.08.15 14:34:27.827,1.13207,1.1321,1.50,1.00
2016.08.15 14:34:27.878,1.13207,1.1321,1.00,1.00
2016.08.15 14:34:28.494,1.13207,1.13211,1.00,1.50
2016.08.15 14:34:28.545,1.13206,1.1321,1.87,1.00
2016.08.15 14:34:28.596,1.13206,1.13208,1.12,1.00
2016.08.15 14:34:28.698,1.13205,1.13207,1.50,1.00
2016.08.15 14:34:28.750,1.13204,1.13205,1.12,1.00
2016.08.15 14:34:28.852,1.13203,1.13206,1.12,1.50
2016.08.15 14:34:28.903,1.13202,1.13206,1.50,1.50
2016.08.15 14:34:28.954,1.13202,1.13205,2.25,1.50
2016.08.15 14:34:29.240,1.13202,1.13205,1.12,1.50
2016.08.15 14:34:29.619,1.13202,1.13205,1.00,1.00
2016.08.15 14:34:29.670,1.13202,1.13205,1.00,1.50
2016.08.15 14:34:29.873,1.13202,1.13205,1.00,1.00
2016.08.15 14:34:29.974,1.13202,1.13205,1.00,1.50
2016.08.15 14:34:30.178,1.13202,1.13205,1.00,1.00
2016.08.15 14:34:30.527,1.13202,1.13205,1.00,1.50
2016.08.15 14:34:30.578,1.13205,1.13206,1.00,1.00
2016.08.15 14:34:30.781,1.13206,1.13209,1.00,2.06
2016.08.15 14:34:30.934,1.13205,1.13209,1.50,1.25
2016.08.15 14:34:30.985,1.13207,1.13209,1.00,1.25
2016.08.15 14:34:31.444,1.13208,1.13211,1.00,1.25
2016.08.15 14:34:31.760,1.13209,1.13211,1.50,1.25
2016.08.15 14:34:31.906,1.13209,1.13211,1.00,1.25
2016.08.15 14:34:32.966,1.13209,1.13211,1.50,1.25
2016.08.15 14:34:33.059,1.13209,1.13211,1.00,1.25
2016.08.15 14:34:33.123,1.13209,1.13211,1.00,1.31
2016.08.15 14:34:33.326,1.13209,1.13211,1.00,1.25
2016.08.15 14:34:33.580,1.13209,1.13211,1.50,1.25
2016.08.15 14:34:34.276,1.1321,1.13211,1.00,1.25
2016.08.15 14:34:34.614,1.13209,1.13211,1.50,1.25
2016.08.15 14:34:34.665,1.1321,1.13211,1.00,1.25
2016.08.15 14:34:34.727,1.13209,1.13211,1.00,1.31
2016.08.15 14:34:34.778,1.13209,1.13211,1.00,2.06
2016.08.15 14:34:34.931,1.13208,1.13211,1.00,1.69
2016.08.15 14:34:35.524,1.13207,1.13211,1.00,2.44
2016.08.15 14:34:36.016,1.13207,1.1321,1.00,1.00
2016.08.15 14:34:36.067,1.13207,1.13209,1.00,1.25
2016.08.15 14:34:37.913,1.13206,1.13209,1.00,1.69
2016.08.15 14:34:37.991,1.13205,1.13209,1.50,1.69
2016.08.15 14:34:38.042,1.13205,1.13209,1.50,1.25
2016.08.15 14:34:38.144,1.13208,1.13209,1.00,1.25
2016.08.15 14:34:38.246,1.13208,1.13211,1.00,1.69
2016.08.15 14:34:38.771,1.13206,1.13211,1.00,1.69
2016.08.15 14:34:39.023,1.13206,1.1321,1.00,1.00
2016.08.15 14:34:39.125,1.13208,1.1321,1.00,1.00
2016.08.15 14:34:39.177,1.13209,1.13211,1.00,1.25
2016.08.15 14:34:39.228,1.13209,1.13211,1.00,1.69
2016.08.15 14:34:39.279,1.13208,1.13211,1.50,1.69
2016.08.15 14:34:39.381,1.13208,1.13211,1.50,1.00
2016.08.15 14:34:39.482,1.13208,1.13211,1.00,1.00
2016.08.15 14:34:39.584,1.13207,1.13211,1.00,1.69
2016.08.15 14:34:39.823,1.13207,1.1321,1.00,1.00
2016.08.15 14:34:39.874,1.13205,1.13209,1.00,1.00
2016.08.15 14:34:39.925,1.13204,1.13209,1.87,1.00
2016.08.15 14:34:40.384,1.13204,1.13207,1.87,1.00
2016.08.15 14:34:40.437,1.13204,1.13207,1.00,1.00
2016.08.15 14:34:41.035,1.13202,1.13205,2.62,1.00
2016.08.15 14:34:41.090,1.13202,1.13203,1.12,1.00
2016.08.15 14:34:41.142,1.132,1.13203,1.87,1.00
2016.08.15 14:34:41.295,1.132,1.13204,1.00,1.00
2016.08.15 14:34:41.958,1.13199,1.13204,1.00,1.00
2016.08.15 14:34:42.060,1.132,1.13205,1.00,1.50
2016.08.15 14:34:42.111,1.132,1.13205,1.50,1.50
2016.08.15 14:34:42.966,1.132,1.13205,1.00,1.00
2016.08.15 14:34:43.022,1.132,1.13205,1.50,1.50
2016.08.15 14:34:43.186,1.132,1.13203,1.00,1.00
2016.08.15 14:34:43.441,1.132,1.13205,1.00,1.69
2016.08.15 14:34:43.492,1.132,1.13205,1.50,1.69
2016.08.15 14:34:43.963,1.132,1.13205,1.00,1.25
2016.08.15 14:34:44.117,1.132,1.13205,1.50,1.69
2016.08.15 14:34:44.390,1.132,1.13205,1.00,1.25
2016.08.15 14:34:44.629,1.132,1.13205,1.50,1.69
2016.08.15 14:34:45.033,1.132,1.13205,1.00,1.25
2016.08.15 14:34:45.092,1.132,1.13205,1.50,1.69
2016.08.15 14:34:45.594,1.132,1.13205,1.00,1.25
2016.08.15 14:34:45.695,1.132,1.13205,1.50,1.69
2016.08.15 14:34:45.746,1.132,1.13205,1.87,1.00
2016.08.15 14:34:46.152,1.132,1.13205,1.50,1.00
2016.08.15 14:34:46.369,1.132,1.13205,1.87,1.00
2016.08.15 14:34:46.470,1.132,1.13205,1.50,1.00
2016.08.15 14:34:46.899,1.132,1.13206,1.00,2.44
2016.08.15 14:34:47.039,1.13201,1.13205,1.00,1.00
2016.08.15 14:34:47.200,1.13201,1.13206,1.00,2.44
2016.08.15 14:34:47.634,1.132,1.13203,1.50,1.00
2016.08.15 14:34:47.736,1.132,1.13203,1.00,1.00
2016.08.15 14:34:48.084,1.132,1.13204,1.12,1.00
2016.08.15 14:34:48.247,1.13202,1.13205,1.00,1.00
2016.08.15 14:34:48.349,1.13202,1.13206,1.00,1.69
2016.08.15 14:34:48.766,1.13202,1.13205,1.00,1.00
2016.08.15 14:34:50.119,1.13202,1.13205,1.00,1.50
2016.08.15 14:34:50.687,1.13202,1.13205,1.00,1.00
2016.08.15 14:34:50.829,1.13202,1.13205,1.00,1.50
2016.08.15 14:34:51.418,1.13202,1.13205,1.00,1.00
2016.08.15 14:34:51.741,1.13202,1.13205,1.00,1.50
2016.08.15 14:34:52.037,1.13201,1.13205,1.00,1.00
2016.08.15 14:34:52.139,1.13201,1.13206,1.00,2.06
2016.08.15 14:34:52.190,1.13203,1.13206,1.00,1.25
2016.08.15 14:34:52.700,1.13202,1.13206,1.00,1.69
2016.08.15 14:34:53.030,1.13201,1.13205,1.00,1.00
2016.08.15 14:34:53.133,1.13201,1.13204,1.00,1.00
2016.08.15 14:34:55.345,1.13202,1.13205,1.00,1.50
2016.08.15 14:34:55.558,1.13202,1.13205,1.00,1.00
2016.08.15 14:34:55.659,1.13202,1.13205,1.00,1.50
2016.08.15 14:34:55.943,1.13202,1.13205,1.00,1.00
2016.08.15 14:34:56.033,1.13202,1.13205,1.00,1.50
2016.08.15 14:34:56.143,1.13202,1.13205,1.00,1.00
2016.08.15 14:34:56.233,1.13202,1.13205,1.00,1.50
2016.08.15 14:34:56.284,1.13202,1.13205,1.00,2.25
2016.08.15 14:34:56.850,1.13201,1.13204,1.00,2.06
2016.08.15 14:34:56.919,1.132,1.13204,1.00,2.06
2016.08.15 14:34:56.970,1.132,1.13203,1.00,1.25
2016.08.15 14:34:57.538,1.13199,1.13203,1.50,1.25
2016.08.15 14:34:57.648,1.132,1.13203,1.00,1.25
2016.08.15 14:34:58.546,1.13199,1.13203,1.50,1.25
2016.08.15 14:34:58.758,1.132,1.13203,1.00,1.25
2016.08.15 14:34:58.842,1.13199,1.13203,1.50,1.25
2016.08.15 14:34:59.180,1.13199,1.13202,1.50,3.56
2016.08.15 14:34:59.234,1.13196,1.13199,1.00,1.00
2016.08.15 14:34:59.489,1.13196,1.13199,1.00,1.12
2016.08.15 14:34:59.540,1.13195,1.13199,1.00,1.12
2016.08.15 14:34:59.592,1.13195,1.13198,1.50,1.00
2016.08.15 14:34:59.694,1.13195,1.13198,1.50,1.69
2016.08.15 14:35:00.429,1.13195,1.13198,1.00,1.69
2016.08.15 14:35:00.481,1.13195,1.13198,1.50,1.25
2016.08.15 14:35:00.626,1.13195,1.13198,1.00,1.25
2016.08.15 14:35:00.677,1.13193,1.13198,1.00,1.25
2016.08.15 14:35:01.998,1.13193,1.13198,1.12,1.25
2016.08.15 14:35:02.707,1.13193,1.13198,1.00,1.25
2016.08.15 14:35:02.860,1.13193,1.13197,1.00,1.00
2016.08.15 14:35:03.905,1.13193,1.13196,1.00,1.00
2016.08.15 14:35:05.811,1.13192,1.13196,1.12,1.00
2016.08.15 14:35:05.913,1.13192,1.13196,1.50,1.50
2016.08.15 14:35:06.015,1.13192,1.13196,1.00,1.50
2016.08.15 14:35:06.117,1.13192,1.13196,1.00,1.00
2016.08.15 14:35:06.481,1.13191,1.13195,1.00,1.50
2016.08.15 14:35:06.585,1.13191,1.13195,1.00,1.00
2016.08.15 14:35:06.687,1.1319,1.13195,2.25,1.00
2016.08.15 14:35:06.739,1.13192,1.13195,1.00,1.00
2016.08.15 14:35:06.790,1.13193,1.13196,1.00,1.00
2016.08.15 14:35:07.717,1.13192,1.13195,1.00,1.00
2016.08.15 14:35:07.768,1.1319,1.13196,1.87,1.50
2016.08.15 14:35:07.819,1.1319,1.13196,2.25,1.87
2016.08.15 14:35:07.873,1.13189,1.13192,3.75,1.00
2016.08.15 14:35:07.936,1.13188,1.13192,1.87,1.50
2016.08.15 14:35:08.219,1.1319,1.13192,1.00,1.00
2016.08.15 14:35:08.270,1.1319,1.13194,1.50,1.00
2016.08.15 14:35:08.346,1.13191,1.13194,1.00,1.00
2016.08.15 14:35:08.499,1.13192,1.13195,1.00,1.50
2016.08.15 14:35:08.600,1.13192,1.13195,1.00,1.00
2016.08.15 14:35:09.021,1.13192,1.13195,1.00,1.50
2016.08.15 14:35:09.334,1.1319,1.13195,1.87,1.50
2016.08.15 14:35:09.436,1.1319,1.13195,1.12,1.00
2016.08.15 14:35:09.538,1.1319,1.13195,1.87,1.50
2016.08.15 14:35:09.592,1.1319,1.13195,1.12,1.00
2016.08.15 14:35:09.792,1.1319,1.13195,1.87,1.50
2016.08.15 14:35:09.942,1.1319,1.13195,1.12,1.50
2016.08.15 14:35:09.993,1.13189,1.13195,3.75,1.00
2016.08.15 14:35:10.519,1.1319,1.13195,1.00,1.50
2016.08.15 14:35:11.069,1.1319,1.13195,1.50,1.50
2016.08.15 14:35:11.120,1.1319,1.13195,1.87,1.00
2016.08.15 14:35:11.227,1.13192,1.13195,1.50,1.50
2016.08.15 14:35:11.278,1.13192,1.13195,2.25,1.00
2016.08.15 14:35:11.329,1.13193,1.13195,1.37,1.00
2016.08.15 14:35:11.431,1.13193,1.13196,2.25,1.00
2016.08.15 14:35:11.709,1.13192,1.13195,1.00,1.00
2016.08.15 14:35:11.772,1.13191,1.13195,3.00,1.00
2016.08.15 14:35:11.823,1.13191,1.13196,3.00,1.50
2016.08.15 14:35:11.874,1.13191,1.13196,1.87,1.50
2016.08.15 14:35:12.083,1.13191,1.13196,1.12,1.00
2016.08.15 14:35:12.134,1.13191,1.13195,1.87,1.00
2016.08.15 14:35:12.236,1.13191,1.13197,1.87,1.00
2016.08.15 14:35:12.337,1.13191,1.13194,1.00,1.00
2016.08.15 14:35:12.972,1.13191,1.13195,1.12,1.00
2016.08.15 14:35:13.107,1.13191,1.13196,1.12,1.50
2016.08.15 14:35:13.361,1.13192,1.13195,1.00,1.50
2016.08.15 14:35:14.122,1.13192,1.13195,1.37,1.50
2016.08.15 14:35:14.173,1.13193,1.13196,1.12,1.00
2016.08.15 14:35:14.275,1.13194,1.13197,1.00,1.00
2016.08.15 14:35:14.326,1.13192,1.13196,1.87,1.00
2016.08.15 14:35:14.429,1.13192,1.13195,1.87,1.00
2016.08.15 14:35:14.480,1.13192,1.13195,1.37,1.00
2016.08.15 14:35:14.706,1.13192,1.13196,1.37,1.50
2016.08.15 14:35:14.823,1.13192,1.13195,1.37,1.00
2016.08.15 14:35:14.924,1.13192,1.13195,1.37,1.50
2016.08.15 14:35:15.040,1.13192,1.13195,1.37,1.00
2016.08.15 14:35:15.380,1.13192,1.13195,1.37,1.50
2016.08.15 14:35:15.542,1.13192,1.13195,1.37,1.00
2016.08.15 14:35:15.644,1.13192,1.13196,1.37,2.44
2016.08.15 14:35:15.710,1.13192,1.13195,1.37,1.00
2016.08.15 14:35:16.215,1.13192,1.13196,1.37,2.44
2016.08.15 14:35:16.432,1.13192,1.13196,1.37,1.50
2016.08.15 14:35:16.482,1.13192,1.13195,1.37,1.00
2016.08.15 14:35:16.533,1.13192,1.13195,1.12,1.50
2016.08.15 14:35:16.991,1.13192,1.13195,1.12,1.00
2016.08.15 14:35:17.043,1.13192,1.13195,1.12,1.50
2016.08.15 14:35:17.146,1.13192,1.13195,1.50,1.50
2016.08.15 14:35:17.435,1.13192,1.13195,1.12,1.50
2016.08.15 14:35:17.970,1.13192,1.13195,1.87,1.50
2016.08.15 14:35:18.232,1.13193,1.13195,1.00,1.50
2016.08.15 14:35:18.283,1.13193,1.13197,2.62,1.00
2016.08.15 14:35:18.334,1.13195,1.13197,1.00,1.00
2016.08.15 14:35:18.436,1.13194,1.13197,1.50,1.00
2016.08.15 14:35:18.487,1.13196,1.13198,1.00,1.25
2016.08.15 14:35:18.538,1.13196,1.13198,1.37,1.25
2016.08.15 14:35:18.591,1.13196,1.13198,1.87,1.25
2016.08.15 14:35:18.743,1.13197,1.13198,1.12,1.25
2016.08.15 14:35:18.795,1.13198,1.13199,1.00,1.25
2016.08.15 14:35:19.084,1.13195,1.13199,2.25,1.00
2016.08.15 14:35:19.237,1.13195,1.13198,1.12,1.00
2016.08.15 14:35:19.319,1.13195,1.13198,1.00,1.00
2016.08.15 14:35:19.420,1.13194,1.13196,1.87,1.00
2016.08.15 14:35:19.471,1.13192,1.13196,3.97,1.00
2016.08.15 14:35:19.522,1.13192,1.13196,2.47,1.50
2016.08.15 14:35:19.573,1.13193,1.13196,1.50,1.50
2016.08.15 14:35:19.624,1.13193,1.13195,1.50,1.00
2016.08.15 14:35:20.106,1.13193,1.13196,1.50,1.00
2016.08.15 14:35:20.157,1.13193,1.13197,1.00,1.00
2016.08.15 14:35:20.534,1.13193,1.13197,1.50,1.00
2016.08.15 14:35:20.585,1.13193,1.13198,2.25,1.00
2016.08.15 14:35:20.636,1.13193,1.13198,2.62,1.00
2016.08.15 14:35:20.739,1.13194,1.13198,1.00,1.00
2016.08.15 14:35:20.849,1.13194,1.13198,1.50,1.00
2016.08.15 14:35:21.121,1.13195,1.13198,1.00,1.00
2016.08.15 14:35:21.173,1.13194,1.132,2.62,1.69
2016.08.15 14:35:21.275,1.13194,1.132,3.75,2.44
2016.08.15 14:35:21.327,1.13195,1.132,1.87,2.44
2016.08.15 14:35:21.378,1.13196,1.13199,1.12,1.00
2016.08.15 14:35:22.310,1.13196,1.132,1.50,1.00
2016.08.15 14:35:22.515,1.13197,1.132,1.00,1.00
2016.08.15 14:35:22.567,1.13197,1.132,1.00,1.50
2016.08.15 14:35:22.618,1.13196,1.132,1.87,1.00
2016.08.15 14:35:22.670,1.13196,1.13201,1.12,2.44
2016.08.15 14:35:22.773,1.13196,1.132,1.12,1.00
2016.08.15 14:35:23.395,1.13195,1.132,3.00,1.00
2016.08.15 14:35:23.446,1.13195,1.132,3.00,1.50
2016.08.15 14:35:23.706,1.13195,1.132,3.00,1.00
2016.08.15 14:35:23.757,1.13195,1.132,3.75,1.50
2016.08.15 14:35:23.869,1.13195,1.132,3.00,1.00
2016.08.15 14:35:23.971,1.13195,1.132,3.37,1.00
2016.08.15 14:35:24.174,1.13195,1.132,4.12,1.50
2016.08.15 14:35:24.338,1.13195,1.132,4.12,1.12
2016.08.15 14:35:24.592,1.13195,1.132,4.50,1.12
2016.08.15 14:35:24.989,1.13197,1.13201,1.12,1.62
2016.08.15 14:35:25.091,1.13198,1.13201,1.00,2.06
2016.08.15 14:35:25.142,1.13199,1.13201,1.00,1.25
2016.08.15 14:35:25.680,1.13198,1.13201,1.00,1.25
2016.08.15 14:35:25.808,1.13198,1.13201,1.00,1.69
2016.08.15 14:35:25.859,1.13198,1.13201,1.00,1.25
2016.08.15 14:35:26.011,1.13197,1.13201,2.62,1.25
2016.08.15 14:35:26.995,1.13197,1.13202,2.62,1.00
2016.08.15 14:35:27.449,1.13197,1.13202,2.25,1.00
2016.08.15 14:35:27.550,1.13197,1.13202,1.12,1.00
2016.08.15 14:35:27.601,1.13197,1.13202,1.00,1.00
2016.08.15 14:35:28.419,1.13196,1.13202,2.40,1.00
2016.08.15 14:35:28.470,1.13197,1.132,1.00,1.00
2016.08.15 14:35:28.521,1.13196,1.132,3.15,1.00
2016.08.15 14:35:28.623,1.13196,1.132,3.90,1.00
2016.08.15 14:35:28.674,1.13196,1.132,3.90,1.50
2016.08.15 14:35:28.852,1.13196,1.132,3.90,1.00
2016.08.15 14:35:29.006,1.13196,1.13199,3.07,1.00
2016.08.15 14:35:29.107,1.13197,1.132,1.00,1.00
2016.08.15 14:35:29.267,1.13196,1.13199,1.87,1.00
2016.08.15 14:35:29.525,1.13196,1.13198,1.12,1.00
2016.08.15 14:35:29.577,1.13194,1.13197,3.00,1.00
2016.08.15 14:35:29.628,1.13194,1.13197,2.25,1.00
2016.08.15 14:35:30.392,1.13194,1.13197,3.00,1.00
2016.08.15 14:35:30.836,1.13194,1.13197,1.75,1.00
2016.08.15 14:35:31.488,1.13194,1.13198,1.75,1.00
2016.08.15 14:35:31.804,1.13195,1.13198,1.00,1.00
2016.08.15 14:35:31.861,1.13195,1.13198,1.50,1.00
2016.08.15 14:35:32.256,1.13195,1.13199,1.87,1.00
2016.08.15 14:35:33.098,1.13196,1.13199,1.00,1.00
2016.08.15 14:35:33.149,1.13195,1.13199,1.12,1.00
2016.08.15 14:35:33.200,1.13194,1.13199,4.12,1.00
2016.08.15 14:35:33.496,1.13194,1.13199,1.50,1.12
2016.08.15 14:35:33.700,1.13196,1.13199,1.00,1.00
2016.08.15 14:35:33.954,1.13196,1.13199,1.50,1.00
2016.08.15 14:35:34.219,1.13196,1.13199,1.00,1.00
2016.08.15 14:35:34.270,1.13196,1.132,1.00,1.50
2016.08.15 14:35:34.321,1.13196,1.132,1.12,1.50
2016.08.15 14:35:34.563,1.13198,1.132,1.00,1.00
2016.08.15 14:35:34.614,1.13198,1.13202,1.50,2.06
2016.08.15 14:35:35.553,1.13198,1.13202,1.50,1.00
2016.08.15 14:35:36.424,1.13199,1.13202,1.00,1.00
2016.08.15 14:35:37.660,1.13199,1.13204,1.00,2.06
2016.08.15 14:35:38.549,1.13199,1.13204,1.87,2.06
2016.08.15 14:35:38.651,1.13199,1.13204,1.87,1.00
2016.08.15 14:35:38.702,1.13201,1.13205,1.00,1.00
2016.08.15 14:35:38.754,1.13201,1.13205,1.87,1.00
2016.08.15 14:35:38.805,1.13201,1.13205,1.87,1.00
2016.08.15 14:35:38.907,1.13201,1.13205,1.12,1.00
2016.08.15 14:35:39.060,1.13201,1.13205,1.00,1.00
2016.08.15 14:35:39.518,1.13201,1.13206,1.00,1.50
2016.08.15 14:35:39.842,1.13201,1.13205,1.00,1.00
2016.08.15 14:35:40.514,1.13201,1.13205,1.50,1.00
2016.08.15 14:35:40.716,1.13201,1.13206,1.50,1.50
2016.08.15 14:35:40.795,1.13201,1.13205,1.50,1.00
2016.08.15 14:35:41.124,1.13201,1.13205,1.50,1.50
2016.08.15 14:35:41.919,1.13201,1.13205,1.50,1.00
2016.08.15 14:35:41.985,1.13201,1.13205,1.50,1.50
2016.08.15 14:35:42.567,1.13201,1.13205,1.50,1.00
2016.08.15 14:35:42.631,1.13202,1.13205,1.00,1.00
2016.08.15 14:35:42.733,1.13202,1.13205,1.00,1.50
2016.08.15 14:35:43.038,1.132,1.13205,1.87,1.50
2016.08.15 14:35:43.088,1.132,1.13205,1.12,1.00
2016.08.15 14:35:43.190,1.13199,1.13205,4.57,1.50
2016.08.15 14:35:43.241,1.13199,1.13204,4.57,1.00
2016.08.15 14:35:43.292,1.13199,1.13204,1.87,1.00
2016.08.15 14:35:43.876,1.13199,1.13204,1.50,1.00
2016.08.15 14:35:44.158,1.13199,1.13203,1.00,1.00
2016.08.15 14:35:44.311,1.13197,1.13201,1.87,1.00
2016.08.15 14:35:44.362,1.13197,1.13201,1.12,1.00
2016.08.15 14:35:44.413,1.13197,1.132,1.50,1.00
2016.08.15 14:35:44.769,1.13197,1.13201,1.00,1.50
2016.08.15 14:35:44.820,1.13197,1.132,1.00,1.00
2016.08.15 14:35:45.439,1.13199,1.13201,1.00,1.00
2016.08.15 14:35:45.541,1.13198,1.13202,1.50,1.69
2016.08.15 14:35:45.817,1.13198,1.13202,1.00,1.69
2016.08.15 14:35:46.178,1.13199,1.13202,1.00,1.25
2016.08.15 14:35:46.755,1.13199,1.13202,2.25,1.25
2016.08.15 14:35:46.831,1.132,1.13204,1.50,1.31
2016.08.15 14:35:46.933,1.132,1.13204,1.00,1.31
2016.08.15 14:35:47.035,1.132,1.13204,1.50,1.31
2016.08.15 14:35:47.187,1.132,1.13204,1.50,1.25
2016.08.15 14:35:47.239,1.132,1.13204,1.00,1.25
2016.08.15 14:35:47.509,1.132,1.13204,2.25,1.25
2016.08.15 14:35:47.560,1.13201,1.13204,1.00,1.25
2016.08.15 14:35:47.833,1.13201,1.13204,1.50,1.25
2016.08.15 14:35:48.137,1.13201,1.13204,1.00,1.25
2016.08.15 14:35:50.934,1.132,1.13204,1.12,1.69
2016.08.15 14:35:50.986,1.132,1.13203,1.00,1.00
2016.08.15 14:35:53.052,1.13199,1.13204,1.00,1.25
2016.08.15 14:35:53.155,1.13199,1.13203,1.12,1.00
2016.08.15 14:35:53.257,1.13199,1.13203,1.00,1.00
2016.08.15 14:35:53.772,1.132,1.13203,1.00,1.00
2016.08.15 14:35:53.874,1.13199,1.13205,1.00,1.50
2016.08.15 14:35:53.925,1.13199,1.13205,1.50,1.00
2016.08.15 14:35:54.027,1.132,1.13205,1.00,1.50
2016.08.15 14:35:54.658,1.13202,1.13205,1.00,1.50
2016.08.15 14:35:54.709,1.13202,1.13205,1.00,1.00
2016.08.15 14:35:54.991,1.13204,1.13207,1.00,1.69
2016.08.15 14:35:55.045,1.13204,1.13207,1.00,1.00
2016.08.15 14:35:55.096,1.13204,1.13208,1.00,2.06
2016.08.15 14:35:55.248,1.13204,1.13208,1.00,1.69
2016.08.15 14:35:55.890,1.13205,1.13208,1.00,1.69
2016.08.15 14:35:58.557,1.13204,1.13207,1.00,1.00
2016.08.15 14:36:00.129,1.13204,1.13207,1.50,1.00
2016.08.15 14:36:00.180,1.13204,1.13208,2.25,1.25
2016.08.15 14:36:00.789,1.13204,1.13208,1.50,1.25
2016.08.15 14:36:01.285,1.13205,1.13208,1.00,1.69
2016.08.15 14:36:03.107,1.13204,1.13208,2.25,1.69
2016.08.15 14:36:03.158,1.13205,1.13208,1.37,1.25
2016.08.15 14:36:03.394,1.13205,1.13208,1.00,1.25
2016.08.15 14:36:03.445,1.13205,1.13208,1.87,1.25
2016.08.15 14:36:03.649,1.13206,1.13208,1.00,1.25
2016.08.15 14:36:03.701,1.13206,1.13208,1.50,1.25
2016.08.15 14:36:03.753,1.13206,1.1321,1.00,1.25
2016.08.15 14:36:04.056,1.13206,1.13211,1.00,2.06
2016.08.15 14:36:04.107,1.13206,1.13209,1.00,1.00
2016.08.15 14:36:04.396,1.13206,1.13208,1.00,1.25
2016.08.15 14:36:04.451,1.13205,1.13208,2.25,1.25
2016.08.15 14:36:05.188,1.13205,1.13208,1.50,1.25
2016.08.15 14:36:05.884,1.13205,1.13208,2.25,1.25
2016.08.15 14:36:06.087,1.13205,1.13208,1.50,1.25
2016.08.15 14:36:06.189,1.13205,1.13208,2.25,1.25
2016.08.15 14:36:06.240,1.13205,1.13208,2.25,1.69
2016.08.15 14:36:06.291,1.13205,1.13208,1.00,1.69
2016.08.15 14:36:06.629,1.13204,1.13207,1.00,1.25
2016.08.15 14:36:06.837,1.13203,1.13207,1.00,2.06
2016.08.15 14:36:07.880,1.13204,1.13207,1.00,1.25
2016.08.15 14:36:09.071,1.13204,1.13207,2.25,1.25
2016.08.15 14:36:09.125,1.13205,1.13207,1.00,1.25
2016.08.15 14:36:09.178,1.13205,1.13207,1.50,1.25
2016.08.15 14:36:09.280,1.13205,1.13207,1.00,1.25
2016.08.15 14:36:10.247,1.13204,1.13207,1.50,1.25
2016.08.15 14:36:10.298,1.13204,1.13207,1.00,1.25
2016.08.15 14:36:11.506,1.13202,1.13207,1.20,1.25
2016.08.15 14:36:12.756,1.13203,1.13207,1.00,1.25
2016.08.15 14:36:13.157,1.13203,1.13207,1.00,1.69
2016.08.15 14:36:13.360,1.13202,1.13207,1.12,1.69
2016.08.15 14:36:13.664,1.13202,1.13207,1.12,1.25
2016.08.15 14:36:13.715,1.13202,1.13207,1.50,1.25
2016.08.15 14:36:13.868,1.13204,1.13207,1.00,1.25
2016.08.15 14:36:14.418,1.13205,1.13207,1.50,1.25
2016.08.15 14:36:14.519,1.13205,1.13207,1.00,1.25
2016.08.15 14:36:14.622,1.13205,1.13207,1.50,1.25
2016.08.15 14:36:14.724,1.13205,1.13207,1.00,1.25
2016.08.15 14:36:15.006,1.13205,1.13207,1.50,1.25
2016.08.15 14:36:15.285,1.13205,1.13207,1.00,1.25
2016.08.15 14:36:15.979,1.13205,1.13207,1.50,1.25
2016.08.15 14:36:16.186,1.13205,1.13208,1.50,1.00
2016.08.15 14:36:16.395,1.13205,1.13208,1.00,1.00
2016.08.15 14:36:16.663,1.13207,1.1321,1.00,1.25
2016.08.15 14:36:16.714,1.13207,1.13211,1.00,1.00
2016.08.15 14:36:16.765,1.13208,1.13212,1.00,1.95
2016.08.15 14:36:16.817,1.13208,1.13212,1.00,1.20
2016.08.15 14:36:17.105,1.13208,1.13212,1.12,1.00
2016.08.15 14:36:17.713,1.13207,1.13212,1.50,1.00
2016.08.15 14:36:18.550,1.13207,1.1321,1.12,1.00
2016.08.15 14:36:18.601,1.13207,1.1321,1.00,1.00
2016.08.15 14:36:18.703,1.13207,1.1321,1.00,1.50
2016.08.15 14:36:18.805,1.13207,1.1321,1.00,1.00
2016.08.15 14:36:18.908,1.13207,1.1321,1.00,1.50
2016.08.15 14:36:19.624,1.13207,1.1321,1.00,1.00
2016.08.15 14:36:19.725,1.13207,1.1321,1.00,1.50
2016.08.15 14:36:20.294,1.13207,1.1321,1.00,1.00
2016.08.15 14:36:20.345,1.13205,1.13209,1.00,1.00
2016.08.15 14:36:20.518,1.13206,1.1321,1.00,1.50
2016.08.15 14:36:20.569,1.13207,1.1321,1.00,1.00
2016.08.15 14:36:20.722,1.13207,1.13211,1.00,1.00
2016.08.15 14:36:20.963,1.13207,1.13211,1.00,1.12
2016.08.15 14:36:21.120,1.13205,1.13211,3.00,1.12
2016.08.15 14:36:21.171,1.13205,1.13211,3.00,1.00
2016.08.15 14:36:21.464,1.13205,1.13211,1.37,1.50
2016.08.15 14:36:21.515,1.13205,1.1321,1.87,1.00
2016.08.15 14:36:22.324,1.13205,1.1321,1.12,1.50
2016.08.15 14:36:22.603,1.13204,1.13209,1.37,1.25
2016.08.15 14:36:22.654,1.13204,1.13207,1.00,1.00
2016.08.15 14:36:23.202,1.13203,1.13208,1.00,1.00
2016.08.15 14:36:23.305,1.13203,1.13208,1.00,1.12
2016.08.15 14:36:24.209,1.13204,1.13208,1.00,1.12
2016.08.15 14:36:24.261,1.13203,1.13209,1.00,2.44
2016.08.15 14:36:24.313,1.13203,1.13206,1.00,1.25
2016.08.15 14:36:27.551,1.13203,1.13209,1.50,1.00
2016.08.15 14:36:27.602,1.13205,1.13208,1.00,1.00
2016.08.15 14:36:28.362,1.13206,1.13209,1.00,1.00
2016.08.15 14:36:29.547,1.13205,1.13209,1.00,1.00
2016.08.15 14:36:30.089,1.13204,1.13209,1.00,1.00
2016.08.15 14:36:32.595,1.13204,1.1321,1.50,2.44
2016.08.15 14:36:32.646,1.13204,1.1321,1.00,2.44
2016.08.15 14:36:33.284,1.13205,1.13209,1.00,1.00
2016.08.15 14:36:35.105,1.13206,1.13209,1.00,1.00
2016.08.15 14:36:35.663,1.13205,1.13209,1.00,1.00
2016.08.15 14:36:36.634,1.13205,1.13208,1.00,1.00
2016.08.15 14:36:37.006,1.13202,1.13206,2.62,1.00
2016.08.15 14:36:37.059,1.13202,1.13206,1.12,1.50
2016.08.15 14:36:37.110,1.13202,1.13206,1.00,1.50
2016.08.15 14:36:37.567,1.13202,1.13205,1.00,1.00
2016.08.15 14:36:37.644,1.13202,1.13206,1.00,1.50
2016.08.15 14:36:37.746,1.13202,1.13205,1.00,1.00
2016.08.15 14:36:38.181,1.13202,1.13206,1.00,1.50
2016.08.15 14:36:38.481,1.13202,1.13205,1.00,1.00
2016.08.15 14:36:38.788,1.13204,1.13206,1.00,1.00
2016.08.15 14:36:38.847,1.13204,1.13208,1.00,1.00
2016.08.15 14:36:39.115,1.13204,1.13208,1.00,1.12
2016.08.15 14:36:41.452,1.13203,1.13206,1.00,1.00
2016.08.15 14:36:41.504,1.13201,1.13205,1.00,1.00
2016.08.15 14:36:41.657,1.13201,1.13205,1.00,1.50
2016.08.15 14:36:41.759,1.13201,1.13205,1.00,1.00
2016.08.15 14:36:41.862,1.13202,1.13205,1.00,1.00
2016.08.15 14:36:41.966,1.13202,1.13206,1.00,1.00
2016.08.15 14:36:42.656,1.13201,1.13205,1.00,1.00
2016.08.15 14:36:42.758,1.13201,1.13205,1.00,1.50
2016.08.15 14:36:43.186,1.13201,1.13205,1.00,1.00
2016.08.15 14:36:43.538,1.13201,1.13205,1.00,1.50
2016.08.15 14:36:43.589,1.13201,1.13205,1.00,1.00
2016.08.15 14:36:43.896,1.13201,1.13205,1.00,1.50
2016.08.15 14:36:43.999,1.13201,1.13205,1.00,1.00
2016.08.15 14:36:44.101,1.13201,1.13205,1.00,1.50
2016.08.15 14:36:46.301,1.13202,1.13205,1.00,1.00
2016.08.15 14:36:46.597,1.132,1.13204,1.50,1.00
2016.08.15 14:36:47.484,1.132,1.13204,1.00,1.00
2016.08.15 14:36:47.783,1.132,1.13204,1.00,1.50
2016.08.15 14:36:47.834,1.13199,1.13201,1.12,1.00
2016.08.15 14:36:47.885,1.13198,1.13201,1.00,1.00
2016.08.15 14:36:47.936,1.13197,1.13201,1.37,1.00
2016.08.15 14:36:47.987,1.13197,1.13201,1.00,1.00
2016.08.15 14:36:48.089,1.13196,1.132,1.00,1.50
2016.08.15 14:36:48.191,1.13196,1.13199,1.00,1.00
2016.08.15 14:36:48.242,1.13196,1.132,1.00,1.50
2016.08.15 14:36:48.293,1.13196,1.132,1.00,1.00
2016.08.15 14:36:48.917,1.13196,1.132,1.00,1.50
2016.08.15 14:36:48.968,1.13195,1.13199,1.50,1.00
2016.08.15 14:36:49.173,1.13195,1.13197,1.00,1.00
2016.08.15 14:36:49.224,1.13194,1.13197,1.00,1.00
2016.08.15 14:36:49.275,1.13194,1.13197,1.00,1.00
2016.08.15 14:36:49.377,1.13194,1.13199,1.00,1.50
2016.08.15 14:36:49.428,1.13195,1.13199,1.00,1.50
2016.08.15 14:36:49.479,1.13195,1.13199,1.50,1.50
2016.08.15 14:36:49.530,1.13196,1.132,1.00,3.90
2016.08.15 14:36:49.776,1.13196,1.132,1.00,3.82
2016.08.15 14:36:49.827,1.13195,1.132,1.00,3.00
2016.08.15 14:36:49.991,1.13195,1.132,1.00,1.87
2016.08.15 14:36:50.176,1.13194,1.132,1.50,1.37
2016.08.15 14:36:50.278,1.13195,1.13198,1.50,1.00
2016.08.15 14:36:50.329,1.13195,1.132,1.00,1.87
2016.08.15 14:36:50.380,1.13194,1.13198,1.00,1.00
2016.08.15 14:36:50.906,1.13193,1.13197,1.00,1.00
2016.08.15 14:36:51.009,1.13192,1.13197,1.00,1.50
2016.08.15 14:36:52.534,1.13191,1.13195,1.00,1.00
2016.08.15 14:36:52.585,1.13191,1.13195,1.00,1.50
2016.08.15 14:36:53.001,1.13191,1.13195,1.00,1.00
2016.08.15 14:36:53.052,1.13192,1.13196,1.00,1.50
2016.08.15 14:36:53.102,1.13192,1.13196,1.00,1.00
2016.08.15 14:36:53.607,1.13193,1.13196,1.00,1.00
2016.08.15 14:36:53.658,1.13191,1.13197,1.00,2.40
2016.08.15 14:36:54.027,1.13191,1.13197,1.00,1.65
2016.08.15 14:36:54.180,1.13191,1.13195,1.00,1.00
2016.08.15 14:36:54.771,1.13191,1.13196,1.00,1.00
2016.08.15 14:36:55.069,1.13193,1.13196,1.00,1.00
2016.08.15 14:36:55.239,1.13192,1.13196,1.00,2.25
2016.08.15 14:36:55.341,1.13193,1.13196,1.00,1.50
2016.08.15 14:36:55.392,1.13193,1.13197,1.00,1.20
2016.08.15 14:36:55.493,1.13193,1.13197,1.00,1.57
2016.08.15 14:36:55.595,1.13193,1.13196,1.00,1.50
2016.08.15 14:36:55.646,1.13191,1.13196,1.00,1.00
2016.08.15 14:36:56.395,1.13192,1.13197,1.00,1.00
2016.08.15 14:36:56.446,1.13194,1.13197,1.00,1.00
2016.08.15 14:36:56.497,1.13194,1.13198,1.00,2.40
2016.08.15 14:36:57.350,1.13194,1.13197,1.50,1.00
2016.08.15 14:36:57.452,1.13195,1.13197,1.00,1.00
2016.08.15 14:36:57.731,1.13194,1.13197,1.00,2.25
2016.08.15 14:36:57.782,1.13194,1.13197,1.00,1.50
2016.08.15 14:36:57.833,1.13191,1.13197,1.50,1.50
2016.08.15 14:36:58.112,1.13191,1.13197,1.50,1.00
2016.08.15 14:36:58.163,1.13194,1.13197,1.00,1.00
2016.08.15 14:36:58.316,1.13194,1.13197,1.00,1.50
2016.08.15 14:36:58.829,1.13194,1.13197,1.00,1.00
2016.08.15 14:36:58.931,1.13194,1.13197,1.00,1.50
2016.08.15 14:36:59.033,1.13194,1.13196,1.00,1.00
2016.08.15 14:36:59.134,1.13193,1.13196,1.00,1.50
2016.08.15 14:36:59.757,1.13193,1.13196,1.00,1.00
2016.08.15 14:36:59.910,1.13191,1.13195,1.00,1.00
2016.08.15 14:36:59.961,1.13192,1.13195,1.00,1.50
2016.08.15 14:37:00.013,1.13192,1.13196,1.00,1.00
2016.08.15 14:37:00.116,1.13192,1.13196,1.00,2.25
2016.08.15 14:37:00.218,1.13191,1.13194,1.00,1.50
2016.08.15 14:37:00.320,1.13191,1.13194,1.00,1.00
2016.08.15 14:37:01.001,1.13192,1.13195,1.00,1.50
2016.08.15 14:37:01.052,1.13192,1.13195,1.00,1.00
2016.08.15 14:37:01.716,1.13192,1.13194,1.00,1.00
2016.08.15 14:37:02.062,1.13193,1.13197,1.00,2.59
2016.08.15 14:37:03.222,1.13193,1.13197,1.00,2.40
2016.08.15 14:37:03.274,1.13193,1.13197,1.00,1.65
2016.08.15 14:37:03.325,1.13193,1.13197,1.00,1.57
2016.08.15 14:37:03.376,1.13193,1.13197,1.00,1.50
2016.08.15 14:37:03.427,1.13193,1.13196,1.00,1.00
2016.08.15 14:37:04.189,1.13192,1.13196,1.00,1.00
2016.08.15 14:37:04.241,1.13191,1.13195,1.00,1.00
2016.08.15 14:37:04.808,1.13191,1.13196,1.00,1.00
2016.08.15 14:37:05.013,1.13192,1.13195,1.00,1.00
2016.08.15 14:37:05.339,1.13192,1.13196,1.00,1.00
2016.08.15 14:37:05.829,1.13192,1.13195,1.00,1.00
2016.08.15 14:37:05.953,1.13193,1.13196,1.00,1.50
2016.08.15 14:37:06.461,1.13192,1.13196,1.00,1.50
2016.08.15 14:37:06.512,1.13192,1.13197,1.00,1.69
2016.08.15 14:37:06.834,1.13192,1.13197,1.00,1.50
2016.08.15 14:37:07.234,1.13192,1.13196,1.00,1.00
2016.08.15 14:37:07.386,1.13192,1.13196,1.00,1.87
2016.08.15 14:37:07.437,1.13192,1.13195,1.00,1.00
2016.08.15 14:37:07.869,1.13192,1.13196,1.00,1.12
2016.08.15 14:37:07.958,1.13191,1.13195,1.00,1.00
2016.08.15 14:37:08.060,1.13191,1.13194,1.00,1.00
2016.08.15 14:37:08.483,1.13193,1.13196,1.00,1.50
2016.08.15 14:37:08.534,1.13193,1.13197,1.00,2.14
2016.08.15 14:37:08.584,1.13193,1.13197,1.00,2.06
2016.08.15 14:37:10.723,1.13193,1.13197,1.00,1.12
2016.08.15 14:37:10.774,1.13193,1.13199,1.00,4.01
2016.08.15 14:37:10.825,1.13192,1.13198,1.00,2.25
2016.08.15 14:37:10.927,1.13193,1.13196,1.00,1.50
2016.08.15 14:37:11.334,1.13194,1.13197,1.00,1.75
2016.08.15 14:37:11.624,1.13194,1.13198,1.00,1.12
2016.08.15 14:37:11.680,1.13192,1.13196,1.12,1.12
2016.08.15 14:37:11.731,1.13192,1.13196,1.00,1.12
2016.08.15 14:37:11.785,1.13191,1.13195,1.00,1.00
2016.08.15 14:37:12.256,1.13191,1.13192,1.00,1.12
2016.08.15 14:37:12.307,1.13187,1.1319,1.12,1.00
2016.08.15 14:37:12.795,1.13186,1.13189,1.87,3.00
2016.08.15 14:37:12.847,1.13183,1.13187,1.00,1.12
2016.08.15 14:37:13.000,1.13181,1.13187,1.00,1.12
2016.08.15 14:37:13.051,1.13181,1.13187,1.00,1.50
2016.08.15 14:37:13.152,1.13184,1.13187,1.00,1.12
2016.08.15 14:37:13.203,1.13182,1.13188,1.00,1.37
2016.08.15 14:37:13.254,1.13184,1.13188,1.00,1.37
2016.08.15 14:37:13.305,1.13182,1.13186,1.00,1.00
2016.08.15 14:37:13.407,1.13182,1.13187,1.12,1.12
2016.08.15 14:37:13.458,1.13183,1.13189,1.00,3.00
2016.08.15 14:37:13.560,1.13182,1.13188,1.12,1.37
2016.08.15 14:37:13.894,1.13181,1.13187,1.87,1.12
2016.08.15 14:37:13.997,1.13181,1.13187,2.62,1.12
2016.08.15 14:37:14.052,1.13181,1.13187,1.87,1.12
2016.08.15 14:37:14.154,1.13182,1.13187,1.00,1.12
2016.08.15 14:37:14.256,1.13182,1.13187,1.00,1.00
2016.08.15 14:37:14.461,1.13182,1.13187,1.50,1.00
2016.08.15 14:37:14.664,1.13182,1.13187,1.12,1.00
2016.08.15 14:37:14.723,1.13184,1.13188,1.00,1.12
2016.08.15 14:37:14.824,1.13183,1.13187,1.00,1.00
2016.08.15 14:37:14.978,1.13184,1.13188,1.00,1.12
2016.08.15 14:37:15.029,1.13185,1.13189,1.00,1.37
2016.08.15 14:37:15.310,1.13186,1.1319,1.00,1.00
2016.08.15 14:37:15.411,1.13184,1.1319,2.25,1.00
2016.08.15 14:37:15.462,1.13187,1.13191,1.00,1.50
2016.08.15 14:37:15.513,1.13187,1.1319,1.00,1.00
2016.08.15 14:37:15.616,1.13188,1.13191,1.00,1.12
2016.08.15 14:37:15.667,1.13188,1.13191,1.00,1.00
2016.08.15 14:37:15.870,1.13188,1.13192,1.00,1.12
2016.08.15 14:37:17.172,1.13187,1.13192,1.00,1.75
2016.08.15 14:37:17.273,1.13186,1.1319,1.87,1.12
2016.08.15 14:37:17.375,1.13186,1.1319,1.87,1.87
2016.08.15 14:37:17.426,1.13186,1.1319,1.00,1.87
2016.08.15 14:37:17.477,1.13186,1.1319,1.00,1.12
2016.08.15 14:37:17.822,1.13185,1.13189,1.50,1.00
2016.08.15 14:37:17.983,1.13185,1.13189,2.25,1.00
2016.08.15 14:37:18.033,1.13186,1.1319,1.00,1.87
2016.08.15 14:37:18.135,1.13185,1.1319,2.25,1.12
2016.08.15 14:37:18.187,1.13185,1.1319,2.25,1.12
2016.08.15 14:37:18.491,1.13185,1.1319,2.25,1.87
2016.08.15 14:37:19.136,1.13185,1.13189,1.50,1.00
2016.08.15 14:37:19.187,1.13185,1.1319,1.50,2.44
2016.08.15 14:37:19.289,1.13185,1.1319,1.00,1.69
2016.08.15 14:37:19.460,1.13185,1.13189,1.00,1.31
2016.08.15 14:37:19.510,1.13185,1.13189,1.50,1.31
2016.08.15 14:37:19.612,1.13185,1.13188,1.50,1.00
2016.08.15 14:37:19.663,1.13185,1.13189,1.50,1.31
2016.08.15 14:37:19.776,1.13185,1.13189,1.00,1.31
2016.08.15 14:37:19.827,1.13185,1.13188,1.00,1.00
2016.08.15 14:37:19.878,1.13185,1.13188,1.50,1.00
2016.08.15 14:37:20.131,1.13187,1.1319,1.00,1.69
2016.08.15 14:37:20.724,1.1319,1.13194,1.00,2.81
2016.08.15 14:37:20.776,1.1319,1.13194,1.00,2.44
2016.08.15 14:37:20.929,1.1319,1.13194,1.50,2.44
2016.08.15 14:37:20.980,1.1319,1.13194,1.00,2.44
2016.08.15 14:37:21.082,1.1319,1.13194,1.50,2.44
2016.08.15 14:37:21.388,1.1319,1.13194,1.00,2.44
2016.08.15 14:37:21.858,1.1319,1.13194,1.50,2.44
2016.08.15 14:37:21.910,1.1319,1.13194,1.00,2.44
2016.08.15 14:37:21.984,1.1319,1.13194,1.50,2.44
2016.08.15 14:37:22.493,1.1319,1.13194,1.00,2.44
2016.08.15 14:37:23.067,1.13188,1.13194,1.00,2.44
2016.08.15 14:37:23.143,1.1319,1.13193,1.00,1.00
2016.08.15 14:37:23.194,1.1319,1.13193,1.50,1.00
2016.08.15 14:37:23.346,1.1319,1.13194,1.50,1.12
2016.08.15 14:37:23.397,1.1319,1.13193,1.00,1.00
2016.08.15 14:37:23.448,1.1319,1.13196,1.00,3.26
2016.08.15 14:37:23.499,1.1319,1.13195,1.50,1.25
2016.08.15 14:37:23.601,1.1319,1.13196,1.00,1.12
2016.08.15 14:37:23.652,1.13192,1.13196,1.00,1.00
2016.08.15 14:37:25.525,1.13191,1.13195,1.00,1.00
2016.08.15 14:37:25.798,1.13191,1.13195,1.00,1.12
2016.08.15 14:37:26.122,1.13191,1.13195,1.00,1.00
2016.08.15 14:37:26.223,1.1319,1.13192,1.00,1.00
2016.08.15 14:37:26.563,1.13187,1.13191,1.57,1.00
2016.08.15 14:37:26.614,1.13185,1.13191,2.62,1.87
2016.08.15 14:37:26.716,1.13186,1.13188,1.00,1.00
2016.08.15 14:37:26.818,1.13185,1.13188,1.87,1.00
2016.08.15 14:37:28.397,1.13186,1.13188,1.00,1.00
2016.08.15 14:37:28.958,1.13186,1.1319,1.00,1.00
2016.08.15 14:37:29.334,1.13186,1.1319,1.00,1.50
2016.08.15 14:37:29.710,1.13186,1.1319,1.00,1.00
2016.08.15 14:37:29.845,1.13186,1.1319,1.00,1.50
2016.08.15 14:37:30.725,1.13186,1.1319,1.50,1.50
2016.08.15 14:37:30.776,1.13187,1.1319,1.00,1.00
2016.08.15 14:37:31.085,1.1319,1.13191,1.00,1.00
2016.08.15 14:37:31.153,1.13191,1.13195,1.00,1.50
2016.08.15 14:37:31.255,1.13191,1.13195,1.00,1.00
2016.08.15 14:37:31.357,1.13191,1.13195,1.00,1.50
2016.08.15 14:37:32.021,1.13191,1.13195,1.50,1.00
2016.08.15 14:37:32.071,1.13191,1.13194,1.00,1.00
2016.08.15 14:37:32.291,1.1319,1.13194,1.50,1.00
2016.08.15 14:37:32.392,1.1319,1.13194,1.00,1.00
2016.08.15 14:37:32.646,1.1319,1.13194,1.50,1.00
2016.08.15 14:37:32.747,1.13191,1.13195,1.00,1.50
2016.08.15 14:37:33.001,1.13191,1.13195,1.00,1.00
2016.08.15 14:37:33.059,1.13192,1.13195,1.50,1.00
2016.08.15 14:37:33.161,1.13192,1.13196,1.50,1.50
2016.08.15 14:37:33.212,1.13193,1.13196,1.00,1.00
2016.08.15 14:37:33.263,1.13193,1.13197,1.00,1.00
2016.08.15 14:37:33.314,1.13193,1.13197,1.50,1.00
2016.08.15 14:37:33.673,1.13194,1.13197,1.00,1.00
2016.08.15 14:37:35.478,1.13194,1.13198,1.00,1.00
2016.08.15 14:37:35.988,1.13193,1.13197,1.50,1.00
2016.08.15 14:37:36.294,1.13193,1.13197,1.00,1.00
2016.08.15 14:37:36.990,1.13194,1.13198,1.00,1.00
2016.08.15 14:37:37.270,1.13194,1.132,1.00,1.79
2016.08.15 14:37:37.321,1.13195,1.132,1.00,1.29
2016.08.15 14:37:37.629,1.13194,1.13198,1.50,1.04
2016.08.15 14:37:37.732,1.13194,1.13197,1.50,1.00
2016.08.15 14:37:37.783,1.13194,1.13196,1.00,1.00
2016.08.15 14:37:37.834,1.13193,1.13196,1.00,1.00
2016.08.15 14:37:37.943,1.13191,1.13195,1.87,1.00
2016.08.15 14:37:37.995,1.13191,1.13195,1.87,1.50
2016.08.15 14:37:38.046,1.1319,1.13195,4.87,1.50
2016.08.15 14:37:38.098,1.13191,1.13194,1.00,1.00
2016.08.15 14:37:38.200,1.1319,1.13195,2.25,1.00
2016.08.15 14:37:38.453,1.13192,1.13195,1.00,1.00
2016.08.15 14:37:38.504,1.13192,1.13196,1.50,1.00
2016.08.15 14:37:38.607,1.13192,1.13197,1.50,1.50
2016.08.15 14:37:38.659,1.13192,1.13196,1.50,1.00
2016.08.15 14:37:38.712,1.13192,1.13196,1.00,1.00
2016.08.15 14:37:40.103,1.13193,1.13196,1.00,1.00
2016.08.15 14:37:40.154,1.13193,1.13197,1.00,1.50
2016.08.15 14:37:40.256,1.13193,1.13197,1.00,1.00
2016.08.15 14:37:40.611,1.13192,1.13198,2.25,1.00
2016.08.15 14:37:40.922,1.13192,1.13195,1.00,1.00
2016.08.15 14:37:40.973,1.1319,1.13194,1.00,1.00
2016.08.15 14:37:41.024,1.13189,1.13193,1.50,1.00
2016.08.15 14:37:41.075,1.13189,1.13192,1.50,1.00
2016.08.15 14:37:41.126,1.13189,1.13191,1.00,1.00
2016.08.15 14:37:41.177,1.13187,1.13191,1.00,1.00
2016.08.15 14:37:41.229,1.13186,1.1319,3.00,1.00
2016.08.15 14:37:41.280,1.13188,1.1319,1.00,1.00
2016.08.15 14:37:41.383,1.13188,1.13191,1.00,1.04
2016.08.15 14:37:41.726,1.13188,1.13192,1.00,1.79
2016.08.15 14:37:41.777,1.13187,1.13191,1.50,1.00
2016.08.15 14:37:41.980,1.13189,1.13192,1.00,1.00
2016.08.15 14:37:42.031,1.13189,1.13193,1.00,1.79
2016.08.15 14:37:43.132,1.13188,1.13192,1.00,1.00
2016.08.15 14:37:43.574,1.13188,1.13193,1.00,1.50
2016.08.15 14:37:43.625,1.13188,1.13192,1.00,1.00
2016.08.15 14:37:43.676,1.13188,1.13193,1.00,1.50
2016.08.15 14:37:44.001,1.13189,1.13193,1.50,1.50
2016.08.15 14:37:44.248,1.13191,1.13193,1.00,1.00
2016.08.15 14:37:44.299,1.13191,1.13194,1.00,1.00
2016.08.15 14:37:44.401,1.1319,1.13193,1.50,1.00
2016.08.15 14:37:46.217,1.1319,1.13193,1.00,1.00
2016.08.15 14:37:46.269,1.1319,1.13192,1.00,1.00
2016.08.15 14:37:46.370,1.13189,1.13193,1.00,1.00
2016.08.15 14:37:46.421,1.13186,1.13192,3.00,1.00
2016.08.15 14:37:46.472,1.13188,1.13192,1.00,1.00
2016.08.15 14:37:46.523,1.13189,1.13193,1.00,1.87
2016.08.15 14:37:46.857,1.13189,1.13193,1.50,1.87
2016.08.15 14:37:46.909,1.1319,1.13193,1.00,1.87
2016.08.15 14:37:46.961,1.1319,1.13192,1.00,1.00
2016.08.15 14:37:47.012,1.13186,1.1319,1.00,1.00
2016.08.15 14:37:47.063,1.13186,1.13192,1.00,1.87
2016.08.15 14:37:47.113,1.13186,1.13192,1.00,3.22
2016.08.15 14:37:47.216,1.13187,1.1319,1.00,1.00
2016.08.15 14:37:47.714,1.13187,1.1319,1.00,1.50
2016.08.15 14:37:47.765,1.13187,1.1319,1.00,1.00
2016.08.15 14:37:47.867,1.13187,1.1319,1.00,1.50
2016.08.15 14:37:47.968,1.13187,1.1319,1.00,1.00
2016.08.15 14:37:48.323,1.13187,1.13191,1.00,1.50
2016.08.15 14:37:48.425,1.13187,1.13191,1.00,1.87
2016.08.15 14:37:48.991,1.13187,1.13191,1.00,1.50
2016.08.15 14:37:49.043,1.13187,1.1319,1.00,1.12
2016.08.15 14:37:49.655,1.13186,1.1319,1.00,1.87
2016.08.15 14:37:49.706,1.13185,1.1319,1.00,1.87
2016.08.15 14:37:49.757,1.13185,1.13187,1.00,1.00
2016.08.15 14:37:49.808,1.13183,1.13187,1.87,1.00
2016.08.15 14:37:49.859,1.13184,1.13187,1.00,1.00
2016.08.15 14:37:50.399,1.13185,1.13187,1.00,1.00
2016.08.15 14:37:50.451,1.13185,1.13189,1.50,2.25
2016.08.15 14:37:50.502,1.13185,1.13188,1.50,1.00
2016.08.15 14:37:50.669,1.13185,1.13188,1.00,1.00
2016.08.15 14:37:50.772,1.13186,1.13189,1.00,2.25
2016.08.15 14:37:50.823,1.13185,1.13189,1.50,2.25
2016.08.15 14:37:51.078,1.13185,1.13189,1.00,2.25
2016.08.15 14:37:51.180,1.13183,1.13187,1.87,1.00
2016.08.15 14:37:51.572,1.13184,1.13187,1.00,1.00
2016.08.15 14:37:51.623,1.13185,1.13189,1.00,1.00
2016.08.15 14:37:51.674,1.13184,1.13188,1.50,1.00
2016.08.15 14:37:51.725,1.13184,1.13187,1.00,1.00
2016.08.15 14:37:51.776,1.13184,1.13188,1.50,1.00
2016.08.15 14:37:51.878,1.13185,1.13188,1.00,1.50
2016.08.15 14:37:51.947,1.13185,1.13188,1.50,1.00
2016.08.15 14:37:51.998,1.13185,1.13188,1.00,1.00
2016.08.15 14:37:52.203,1.13185,1.13189,1.50,1.00
2016.08.15 14:37:52.537,1.13186,1.13189,1.00,1.00
2016.08.15 14:37:52.639,1.13186,1.1319,1.00,1.87
2016.08.15 14:37:52.690,1.13186,1.1319,1.00,1.12
2016.08.15 14:37:52.741,1.13186,1.13189,1.00,1.00
2016.08.15 14:37:52.843,1.13187,1.1319,1.00,2.25
2016.08.15 14:37:52.894,1.13187,1.1319,1.00,1.50
2016.08.15 14:37:53.126,1.13187,1.1319,1.00,1.00
2016.08.15 14:37:53.652,1.13187,1.13191,1.00,3.34
2016.08.15 14:37:54.982,1.13188,1.13191,1.00,3.26
2016.08.15 14:37:55.033,1.13188,1.13191,1.00,3.19
2016.08.15 14:37:55.344,1.13188,1.13191,1.00,2.44
2016.08.15 14:37:55.396,1.13188,1.13193,2.10,1.87
2016.08.15 14:37:55.447,1.13191,1.13193,1.00,1.00
2016.08.15 14:37:55.498,1.13193,1.13194,1.12,1.00
2016.08.15 14:37:55.549,1.13193,1.13197,2.62,2.81
2016.08.15 14:37:55.600,1.13195,1.13199,1.87,1.95
2016.08.15 14:37:55.651,1.13195,1.13199,1.87,1.12
2016.08.15 14:37:55.931,1.13195,1.13201,1.97,1.69
2016.08.15 14:37:55.982,1.13195,1.13201,1.59,1.25
2016.08.15 14:37:56.135,1.13197,1.13201,1.00,1.31
2016.08.15 14:37:56.287,1.13196,1.132,1.00,1.00
2016.08.15 14:37:56.338,1.13197,1.13201,1.00,1.31
2016.08.15 14:37:56.490,1.13198,1.13201,1.00,1.12
2016.08.15 14:37:56.542,1.13194,1.13197,1.22,1.00
2016.08.15 14:37:56.593,1.13195,1.132,1.00,2.62
2016.08.15 14:37:56.644,1.13194,1.13195,1.00,1.00
2016.08.15 14:37:56.695,1.13192,1.13195,1.87,1.37
2016.08.15 14:37:56.746,1.13192,1.13195,3.00,1.37
2016.08.15 14:37:56.994,1.13192,1.13195,1.50,1.37
2016.08.15 14:37:57.048,1.1319,1.13194,1.00,1.00
2016.08.15 14:37:57.099,1.1319,1.13194,1.50,1.00
2016.08.15 14:37:57.201,1.1319,1.13194,1.00,1.00
2016.08.15 14:37:57.287,1.1319,1.13194,1.50,1.00
2016.08.15 14:37:57.338,1.1319,1.13193,1.00,1.00
2016.08.15 14:37:57.439,1.1319,1.13194,1.50,1.00
2016.08.15 14:37:57.490,1.13188,1.13194,1.50,1.00
2016.08.15 14:37:57.541,1.1319,1.13194,1.00,1.12
2016.08.15 14:37:57.592,1.1319,1.13193,1.00,1.00
2016.08.15 14:37:57.644,1.1319,1.13194,1.50,1.12
2016.08.15 14:37:57.695,1.13191,1.13195,1.00,1.37
2016.08.15 14:37:57.746,1.13192,1.13196,1.00,1.37
2016.08.15 14:37:58.294,1.13195,1.13196,1.00,1.00
2016.08.15 14:37:58.346,1.13194,1.13196,1.00,1.50
2016.08.15 14:37:58.397,1.13192,1.13196,1.00,1.00
2016.08.15 14:37:58.601,1.13192,1.13196,1.00,1.50
2016.08.15 14:37:59.510,1.13192,1.13196,1.00,1.87
2016.08.15 14:37:59.561,1.1319,1.13196,1.50,1.87
2016.08.15 14:37:59.613,1.1319,1.13196,1.00,1.87
2016.08.15 14:37:59.716,1.1319,1.13196,1.50,1.87
2016.08.15 14:37:59.767,1.13192,1.13195,1.00,1.00
2016.08.15 14:37:59.818,1.13191,1.13197,1.00,3.34
2016.08.15 14:37:59.869,1.13191,1.13195,1.00,1.00
2016.08.15 14:38:00.072,1.1319,1.13194,1.50,1.00
2016.08.15 14:38:00.123,1.1319,1.13194,1.50,1.50
2016.08.15 14:38:00.174,1.13191,1.13195,1.00,1.00
2016.08.15 14:38:00.225,1.1319,1.13194,1.50,1.00
2016.08.15 14:38:00.548,1.13191,1.13195,1.00,1.00
2016.08.15 14:38:00.600,1.13192,1.13196,1.00,1.50
2016.08.15 14:38:00.651,1.13191,1.13195,1.00,1.00
2016.08.15 14:38:00.702,1.13191,1.13196,1.00,1.00
2016.08.15 14:38:01.058,1.13191,1.13195,1.00,1.00
2016.08.15 14:38:01.313,1.13191,1.13196,1.00,1.50
2016.08.15 14:38:01.697,1.13191,1.13196,1.00,1.87
2016.08.15 14:38:01.996,1.1319,1.13195,1.50,1.00
2016.08.15 14:38:02.054,1.1319,1.13195,1.00,1.00
2016.08.15 14:38:02.105,1.13189,1.13195,1.50,1.00
2016.08.15 14:38:02.156,1.13191,1.13195,1.00,1.00
2016.08.15 14:38:02.409,1.1319,1.13195,1.00,1.00
2016.08.15 14:38:02.511,1.13189,1.13195,1.50,1.00
2016.08.15 14:38:02.653,1.1319,1.13195,1.50,1.00
2016.08.15 14:38:02.756,1.1319,1.13196,1.50,1.87
2016.08.15 14:38:02.857,1.1319,1.13196,1.50,2.25
2016.08.15 14:38:02.908,1.1319,1.13196,1.00,2.25
2016.08.15 14:38:02.964,1.1319,1.13194,1.00,1.00
2016.08.15 14:38:03.261,1.13191,1.13196,1.00,1.12
2016.08.15 14:38:03.464,1.13191,1.13195,1.00,1.00
2016.08.15 14:38:03.515,1.13192,1.13196,1.00,1.87
2016.08.15 14:38:03.616,1.13191,1.13195,1.00,1.00
2016.08.15 14:38:03.667,1.13192,1.13196,1.00,1.87
2016.08.15 14:38:03.921,1.13191,1.13195,1.00,1.00
2016.08.15 14:38:03.972,1.13193,1.13196,1.00,1.50
2016.08.15 14:38:04.124,1.13193,1.13195,1.00,1.00
2016.08.15 14:38:04.617,1.13195,1.13197,1.00,1.00
2016.08.15 14:38:04.719,1.13195,1.13197,1.00,1.00
2016.08.15 14:38:04.820,1.13194,1.13199,1.00,1.25
2016.08.15 14:38:04.922,1.13194,1.13199,1.00,1.25
2016.08.15 14:38:04.973,1.13194,1.13199,1.50,1.25
2016.08.15 14:38:05.024,1.13195,1.13199,1.00,1.25
2016.08.15 14:38:05.126,1.13196,1.13199,1.00,1.25
2016.08.15 14:38:05.702,1.13195,1.13198,1.50,1.00
2016.08.15 14:38:05.858,1.13195,1.13198,1.00,1.00
2016.08.15 14:38:05.909,1.13194,1.13199,1.50,1.25
2016.08.15 14:38:05.960,1.13194,1.13198,1.50,1.00
2016.08.15 14:38:06.062,1.13195,1.13198,1.00,1.00
2016.08.15 14:38:06.113,1.13195,1.13199,1.50,1.69
2016.08.15 14:38:06.164,1.13195,1.13198,1.00,1.00
2016.08.15 14:38:06.317,1.13195,1.132,1.00,2.44
2016.08.15 14:38:06.368,1.13194,1.13198,1.50,1.00
2016.08.15 14:38:06.470,1.13195,1.13198,1.00,1.00
2016.08.15 14:38:06.731,1.13195,1.13199,1.00,1.25
2016.08.15 14:38:06.783,1.13195,1.13199,1.50,1.69
2016.08.15 14:38:06.834,1.13195,1.13199,1.00,1.25
2016.08.15 14:38:06.943,1.13195,1.13198,1.00,1.00
2016.08.15 14:38:06.995,1.13194,1.13198,1.50,1.50
2016.08.15 14:38:07.047,1.13196,1.13199,1.00,1.31
2016.08.15 14:38:07.199,1.13196,1.13199,1.00,1.25
2016.08.15 14:38:07.403,1.13196,1.13199,1.00,1.69
2016.08.15 14:38:07.866,1.13196,1.13199,1.00,1.25
2016.08.15 14:38:08.082,1.13195,1.132,1.50,1.69
2016.08.15 14:38:08.134,1.13197,1.132,1.00,1.19
2016.08.15 14:38:08.686,1.13197,1.132,1.00,1.00
2016.08.15 14:38:08.737,1.13198,1.13201,1.00,1.25
2016.08.15 14:38:08.790,1.13198,1.13201,1.00,1.00
2016.08.15 14:38:08.841,1.13198,1.13201,1.00,1.50
2016.08.15 14:38:08.892,1.13198,1.13201,1.00,1.00
2016.08.15 14:38:09.346,1.13197,1.13202,1.00,1.50
2016.08.15 14:38:09.397,1.13197,1.13202,1.00,1.87
2016.08.15 14:38:09.448,1.13197,1.132,1.00,1.00
2016.08.15 14:38:09.550,1.13197,1.13201,1.00,1.50
2016.08.15 14:38:09.844,1.13197,1.132,1.00,1.00
2016.08.15 14:38:11.130,1.13196,1.13199,1.00,1.50
2016.08.15 14:38:11.950,1.13195,1.13199,1.50,1.50
2016.08.15 14:38:12.400,1.13195,1.13199,1.00,1.50
2016.08.15 14:38:12.649,1.13195,1.13199,1.50,1.50
2016.08.15 14:38:12.849,1.13195,1.13199,1.00,1.50
2016.08.15 14:38:12.950,1.13195,1.13199,1.50,1.50
2016.08.15 14:38:13.130,1.13196,1.13199,1.00,1.00
2016.08.15 14:38:13.181,1.13196,1.13199,1.00,1.25
2016.08.15 14:38:13.863,1.13192,1.13197,1.50,1.50
2016.08.15 14:38:13.919,1.13192,1.13197,1.00,1.50
2016.08.15 14:38:16.167,1.13193,1.13197,1.00,1.00
2016.08.15 14:38:16.705,1.13194,1.13197,1.00,1.00
2016.08.15 14:38:17.208,1.13193,1.13197,1.00,1.50
2016.08.15 14:38:17.259,1.13193,1.13196,1.00,1.00
2016.08.15 14:38:19.720,1.13192,1.13196,1.00,1.00
2016.08.15 14:38:19.873,1.13193,1.13196,1.00,1.50
2016.08.15 14:38:20.421,1.13191,1.13195,1.00,1.00
2016.08.15 14:38:20.524,1.13191,1.13195,1.00,1.50
2016.08.15 14:38:20.934,1.13191,1.13195,1.00,1.00
2016.08.15 14:38:20.985,1.13191,1.13195,1.00,1.00
2016.08.15 14:38:21.038,1.13191,1.13195,1.00,1.50
2016.08.15 14:38:21.416,1.13191,1.13195,1.00,2.25
2016.08.15 14:38:21.681,1.13191,1.13195,1.00,1.50
2016.08.15 14:38:21.743,1.13191,1.13195,1.00,2.25
2016.08.15 14:38:21.794,1.13191,1.13195,1.00,1.50
2016.08.15 14:38:22.414,1.13191,1.13195,1.00,2.25
2016.08.15 14:38:22.470,1.13191,1.13194,1.00,1.00
2016.08.15 14:38:22.572,1.13191,1.13195,1.00,1.50
2016.08.15 14:38:22.645,1.13191,1.13194,1.00,1.00
2016.08.15 14:38:23.369,1.13191,1.13195,1.00,1.00
2016.08.15 14:38:23.420,1.13192,1.13195,1.00,1.50
2016.08.15 14:38:23.870,1.13192,1.13195,1.00,1.00
2016.08.15 14:38:25.875,1.13191,1.13196,1.00,1.00
2016.08.15 14:38:26.591,1.13191,1.13197,1.00,1.00
2016.08.15 14:38:28.063,1.13191,1.13197,1.12,1.00
2016.08.15 14:38:30.144,1.13193,1.13196,1.00,1.00
2016.08.15 14:38:30.826,1.13195,1.13197,1.50,1.00
2016.08.15 14:38:30.877,1.13196,1.132,1.00,1.00
2016.08.15 14:38:30.928,1.13196,1.132,1.00,1.12
2016.08.15 14:38:31.132,1.13196,1.132,1.12,1.00
2016.08.15 14:38:31.234,1.13196,1.132,1.00,1.12
2016.08.15 14:38:31.399,1.13196,1.132,1.00,1.87
2016.08.15 14:38:31.501,1.13196,1.132,1.00,1.12
2016.08.15 14:38:31.792,1.13196,1.132,1.00,1.87
2016.08.15 14:38:31.843,1.13196,1.132,1.00,2.25
2016.08.15 14:38:31.949,1.13197,1.132,1.00,1.50
2016.08.15 14:38:32.076,1.13197,1.132,1.00,1.87
2016.08.15 14:38:32.397,1.13197,1.132,1.00,1.12
2016.08.15 14:38:34.073,1.13196,1.132,1.00,1.00
2016.08.15 14:38:34.124,1.13195,1.132,1.50,1.12
2016.08.15 14:38:34.365,1.13195,1.132,1.00,1.12
2016.08.15 14:38:34.619,1.13195,1.13198,1.00,1.00
2016.08.15 14:38:34.670,1.13195,1.13198,1.50,1.00
2016.08.15 14:38:34.721,1.13197,1.132,1.00,2.62
2016.08.15 14:38:34.823,1.13197,1.132,1.00,1.87
2016.08.15 14:38:34.874,1.13197,1.132,1.00,1.12
2016.08.15 14:38:34.925,1.13197,1.132,1.00,1.00
2016.08.15 14:38:35.428,1.13198,1.13201,1.00,1.00
2016.08.15 14:38:35.862,1.13197,1.13203,1.00,3.00
2016.08.15 14:38:35.913,1.13199,1.13202,1.00,1.87
2016.08.15 14:38:36.014,1.132,1.13202,1.00,1.87
2016.08.15 14:38:36.473,1.13198,1.13202,1.00,1.87
2016.08.15 14:38:36.575,1.13198,1.13202,1.00,2.25
2016.08.15 14:38:36.626,1.13198,1.13201,1.00,1.12
2016.08.15 14:38:36.727,1.13198,1.13201,1.00,1.87
2016.08.15 14:38:36.831,1.13198,1.13201,1.00,2.25
2016.08.15 14:38:36.882,1.13198,1.13201,1.00,1.75
2016.08.15 14:38:37.641,1.13199,1.13202,1.00,1.00
2016.08.15 14:38:38.016,1.132,1.13202,1.00,1.00
2016.08.15 14:38:38.242,1.13199,1.13202,1.50,1.00
2016.08.15 14:38:38.356,1.132,1.13202,1.00,1.00
2016.08.15 14:38:39.519,1.13199,1.13202,1.50,1.00
2016.08.15 14:38:39.622,1.13199,1.13202,1.00,1.00
2016.08.15 14:38:39.724,1.132,1.13204,1.50,1.12
2016.08.15 14:38:39.775,1.132,1.13203,1.50,1.00
2016.08.15 14:38:39.826,1.13202,1.13205,1.00,4.12
2016.08.15 14:38:40.100,1.13203,1.13205,1.00,1.87
2016.08.15 14:38:40.151,1.13203,1.13206,1.00,1.00
2016.08.15 14:38:40.892,1.13202,1.13207,1.00,1.27
2016.08.15 14:38:40.942,1.13202,1.13207,1.00,1.20
2016.08.15 14:38:41.044,1.13202,1.13207,1.00,1.49
2016.08.15 14:38:41.442,1.13202,1.13206,1.12,1.00
2016.08.15 14:38:41.493,1.13202,1.13206,1.12,1.50
2016.08.15 14:38:41.544,1.13203,1.13206,1.00,1.50
2016.08.15 14:38:42.761,1.13203,1.13206,1.00,1.00
2016.08.15 14:38:43.035,1.132,1.13203,2.06,1.00
2016.08.15 14:38:43.086,1.132,1.13203,1.25,1.00
2016.08.15 14:38:43.137,1.132,1.13203,1.00,1.00
2016.08.15 14:38:43.188,1.132,1.13203,1.00,1.04
2016.08.15 14:38:43.239,1.132,1.13203,1.00,1.79
2016.08.15 14:38:43.291,1.132,1.13201,1.00,1.50
2016.08.15 14:38:43.343,1.13198,1.13201,1.00,1.79
2016.08.15 14:38:43.394,1.13197,1.13199,1.00,1.00
2016.08.15 14:38:43.734,1.13195,1.13199,3.19,1.00
2016.08.15 14:38:43.889,1.13195,1.13198,2.06,1.00
2016.08.15 14:38:43.940,1.13195,1.132,2.06,1.79
2016.08.15 14:38:44.092,1.13195,1.132,1.69,1.79
2016.08.15 14:38:44.143,1.13195,1.132,1.31,1.04
2016.08.15 14:38:44.253,1.13195,1.132,2.06,1.79
2016.08.15 14:38:44.358,1.13195,1.13199,2.06,1.00
2016.08.15 14:38:44.409,1.13196,1.132,1.69,1.00
2016.08.15 14:38:44.460,1.13198,1.13201,1.00,1.00
2016.08.15 14:38:44.511,1.13198,1.13202,1.00,1.00
2016.08.15 14:38:44.562,1.13198,1.13203,1.12,1.50
2016.08.15 14:38:45.079,1.13203,1.13204,1.87,1.00
2016.08.15 14:38:45.130,1.13209,1.1321,2.62,1.12
2016.08.15 14:38:45.181,1.1321,1.13212,1.50,1.00
2016.08.15 14:38:45.233,1.13212,1.13213,1.00,1.50
2016.08.15 14:38:45.284,1.13211,1.13213,1.00,1.00
2016.08.15 14:38:45.335,1.13212,1.13216,1.00,1.35
2016.08.15 14:38:45.474,1.13212,1.13216,1.00,1.97
2016.08.15 14:38:45.758,1.13213,1.13217,1.00,2.10
2016.08.15 14:38:45.971,1.13213,1.13217,1.00,1.50
2016.08.15 14:38:46.074,1.13214,1.13217,1.00,1.12
2016.08.15 14:38:46.125,1.13214,1.13217,1.00,1.00
2016.08.15 14:38:46.227,1.13216,1.1322,1.00,2.02
2016.08.15 14:38:46.279,1.13216,1.13219,1.00,1.00
2016.08.15 14:38:46.678,1.13219,1.13221,1.00,1.00
2016.08.15 14:38:46.729,1.13219,1.13222,1.00,1.37
2016.08.15 14:38:46.780,1.1322,1.13222,1.00,1.37
2016.08.15 14:38:46.831,1.1322,1.13222,1.50,1.37
2016.08.15 14:38:46.882,1.1322,1.13222,1.50,1.00
2016.08.15 14:38:46.934,1.13221,1.13222,1.00,1.00
2016.08.15 14:38:46.985,1.13221,1.13226,1.00,3.75
2016.08.15 14:38:47.047,1.13221,1.13226,1.00,1.00
2016.08.15 14:38:47.098,1.13221,1.13226,1.00,1.12
2016.08.15 14:38:47.200,1.13222,1.13226,1.00,1.00
2016.08.15 14:38:47.252,1.13221,1.13226,1.00,1.37
2016.08.15 14:38:47.587,1.13221,1.13224,1.00,1.50
2016.08.15 14:38:47.691,1.1322,1.13224,1.00,1.87
2016.08.15 14:38:47.743,1.13222,1.13224,1.00,1.12
2016.08.15 14:38:47.794,1.13222,1.13224,1.00,1.00
2016.08.15 14:38:47.846,1.13222,1.13225,1.00,1.00
2016.08.15 14:38:48.052,1.13223,1.13226,1.00,1.12
2016.08.15 14:38:48.103,1.13223,1.13226,1.00,1.00
2016.08.15 14:38:48.482,1.13223,1.13226,1.00,1.12
2016.08.15 14:38:48.878,1.13222,1.13226,1.00,2.25
2016.08.15 14:38:49.157,1.13222,1.13225,1.00,1.12
2016.08.15 14:38:49.396,1.13222,1.13225,1.00,1.50
2016.08.15 14:38:49.770,1.13222,1.13225,1.00,2.25
2016.08.15 14:38:50.803,1.13219,1.13222,1.50,1.00
2016.08.15 14:38:51.122,1.13219,1.13222,1.00,3.22
2016.08.15 14:38:51.173,1.13218,1.13222,1.00,2.62
2016.08.15 14:38:51.224,1.13218,1.13222,1.00,1.12
2016.08.15 14:38:51.275,1.13218,1.13222,1.00,1.37
2016.08.15 14:38:51.533,1.13217,1.13223,1.00,2.85
2016.08.15 14:38:51.645,1.13217,1.13223,1.00,2.25
2016.08.15 14:38:51.748,1.13217,1.13223,1.00,1.87
2016.08.15 14:38:52.048,1.13217,1.13223,1.00,2.25
2016.08.15 14:38:52.119,1.13217,1.13223,1.00,1.87
2016.08.15 14:38:52.321,1.13217,1.13223,1.00,2.62
2016.08.15 14:38:52.423,1.13217,1.13221,1.00,1.00
2016.08.15 14:38:52.524,1.13217,1.13221,1.00,2.25
2016.08.15 14:38:52.575,1.13217,1.1322,1.00,1.37
2016.08.15 14:38:52.626,1.13217,1.1322,1.00,1.87
2016.08.15 14:38:52.829,1.13217,1.1322,1.00,2.25
2016.08.15 14:38:53.417,1.13216,1.1322,1.00,1.87
2016.08.15 14:38:54.222,1.13217,1.1322,1.00,1.87
2016.08.15 14:38:54.749,1.13217,1.13221,1.00,2.25
2016.08.15 14:38:54.800,1.13218,1.13221,1.00,1.50
2016.08.15 14:38:54.852,1.13218,1.13222,1.00,1.75
2016.08.15 14:38:54.903,1.13218,1.13223,1.00,4.95
2016.08.15 14:38:54.954,1.13218,1.13221,1.00,1.00
2016.08.15 14:38:55.262,1.13216,1.1322,1.00,1.00
2016.08.15 14:38:55.578,1.13216,1.1322,1.00,1.87
2016.08.15 14:38:55.632,1.13216,1.1322,1.00,2.62
2016.08.15 14:38:55.868,1.13216,1.1322,1.00,1.87
2016.08.15 14:38:56.712,1.13216,1.1322,1.00,2.62
2016.08.15 14:38:56.872,1.13216,1.1322,1.00,1.87
2016.08.15 14:38:57.204,1.13215,1.13218,1.00,1.00
2016.08.15 14:38:57.989,1.13214,1.13217,1.00,1.00
2016.08.15 14:38:58.340,1.13215,1.13218,1.50,1.00
2016.08.15 14:38:58.645,1.13216,1.13219,1.00,1.00
2016.08.15 14:38:58.746,1.13215,1.1322,1.50,2.25
2016.08.15 14:38:58.797,1.13216,1.1322,1.00,1.00
2016.08.15 14:38:58.848,1.13216,1.13221,1.00,1.27
2016.08.15 14:38:59.000,1.13216,1.13221,1.00,1.20
2016.08.15 14:38:59.051,1.13216,1.13221,1.00,1.12
2016.08.15 14:38:59.347,1.13218,1.13222,1.00,1.65
2016.08.15 14:38:59.449,1.13218,1.13221,1.00,1.12
2016.08.15 14:38:59.551,1.13216,1.13221,1.00,1.50
2016.08.15 14:38:59.653,1.13216,1.13221,1.00,2.25
2016.08.15 14:38:59.754,1.13216,1.1322,1.00,1.50
2016.08.15 14:39:00.730,1.13216,1.1322,1.00,1.12
2016.08.15 14:39:00.956,1.13216,1.13221,1.00,1.50
2016.08.15 14:39:01.058,1.13217,1.13221,1.00,1.87
2016.08.15 14:39:01.531,1.13217,1.13221,1.00,1.37
2016.08.15 14:39:01.633,1.13217,1.13221,1.00,1.87
2016.08.15 14:39:01.734,1.13215,1.13218,1.50,1.12
2016.08.15 14:39:01.938,1.13214,1.13218,1.00,1.12
2016.08.15 14:39:01.989,1.13214,1.13218,1.00,1.00
2016.08.15 14:39:02.040,1.13214,1.13218,1.50,1.00
2016.08.15 14:39:02.285,1.13214,1.13218,1.50,1.12
2016.08.15 14:39:02.338,1.13215,1.1322,1.00,2.62
2016.08.15 14:39:02.440,1.13215,1.1322,1.00,1.12
2016.08.15 14:39:02.593,1.13216,1.1322,1.00,1.87
2016.08.15 14:39:02.797,1.13216,1.1322,1.00,1.37
2016.08.15 14:39:02.899,1.13216,1.1322,1.00,1.87
2016.08.15 14:39:03.509,1.13216,1.1322,1.00,1.37
2016.08.15 14:39:03.560,1.13214,1.13217,1.50,1.00
2016.08.15 14:39:03.611,1.13214,1.13217,1.00,1.00
2016.08.15 14:39:05.316,1.13214,1.13219,1.00,1.12
2016.08.15 14:39:05.367,1.13214,1.13219,1.87,1.00
2016.08.15 14:39:05.813,1.13214,1.13219,2.25,1.00
2016.08.15 14:39:06.783,1.13214,1.13219,1.00,1.00
2016.08.15 14:39:06.834,1.13213,1.13216,2.62,1.00
2016.08.15 14:39:06.886,1.13213,1.13216,1.87,1.00
2016.08.15 14:39:06.988,1.13212,1.13216,1.37,1.00
2016.08.15 14:39:07.040,1.13212,1.13216,1.00,1.00
2016.08.15 14:39:08.010,1.13213,1.13216,1.00,1.00
2016.08.15 14:39:08.062,1.13217,1.1322,1.00,1.00
2016.08.15 14:39:08.143,1.13217,1.13221,1.00,1.00
2016.08.15 14:39:08.654,1.13218,1.13222,1.00,1.00
2016.08.15 14:39:08.945,1.13218,1.13222,1.00,1.37
2016.08.15 14:39:09.014,1.13218,1.13222,1.00,1.12
2016.08.15 14:39:09.218,1.13218,1.13222,1.00,1.00
2016.08.15 14:39:13.807,1.1322,1.13223,1.00,1.00
2016.08.15 14:39:13.861,1.1322,1.13223,1.50,1.00
2016.08.15 14:39:14.065,1.1322,1.13223,1.00,1.00
2016.08.15 14:39:14.623,1.1322,1.13223,1.50,1.00
2016.08.15 14:39:14.949,1.13221,1.13224,1.00,1.00
2016.08.15 14:39:15.627,1.13221,1.13225,1.00,2.02
2016.08.15 14:39:15.678,1.13223,1.13226,1.00,2.62
2016.08.15 14:39:15.729,1.13223,1.13226,1.00,1.50
2016.08.15 14:39:15.780,1.13224,1.13226,1.00,1.00
2016.08.15 14:39:15.831,1.13225,1.13226,1.00,1.00
2016.08.15 14:39:15.882,1.13225,1.13227,1.00,1.87
2016.08.15 14:39:16.576,1.13224,1.13225,1.00,1.50
2016.08.15 14:39:16.666,1.13222,1.13225,1.00,1.50
2016.08.15 14:39:19.142,1.13222,1.13225,1.00,1.00
2016.08.15 14:39:19.913,1.13222,1.13225,1.00,1.50
2016.08.15 14:39:19.964,1.13221,1.13224,1.00,1.00
2016.08.15 14:39:20.716,1.13222,1.13225,1.00,1.50
2016.08.15 14:39:20.768,1.1322,1.13225,2.62,2.25
2016.08.15 14:39:22.142,1.1322,1.13225,1.00,1.50
2016.08.15 14:39:22.193,1.1322,1.13224,1.87,1.00
2016.08.15 14:39:22.294,1.1322,1.13224,2.62,1.00
2016.08.15 14:39:22.450,1.1322,1.13223,1.87,1.00
2016.08.15 14:39:22.775,1.1322,1.13223,2.62,1.00
2016.08.15 14:39:22.900,1.13221,1.13225,1.00,2.25
2016.08.15 14:39:23.502,1.13221,1.13225,1.00,1.50
2016.08.15 14:39:23.753,1.13221,1.13225,1.00,2.25
2016.08.15 14:39:24.626,1.13221,1.13225,1.00,1.87
2016.08.15 14:39:24.677,1.13221,1.13225,1.00,1.50
2016.08.15 14:39:25.257,1.13221,1.13225,1.00,1.12
2016.08.15 14:39:25.457,1.13222,1.13225,1.00,1.50
2016.08.15 14:39:25.604,1.13222,1.13225,1.00,1.12
2016.08.15 14:39:25.937,1.13221,1.13224,1.00,1.00
2016.08.15 14:39:31.120,1.13221,1.13224,1.00,1.12
2016.08.15 14:39:31.795,1.13221,1.13224,1.00,1.00
2016.08.15 14:39:31.846,1.13221,1.13226,1.00,4.50
2016.08.15 14:39:31.897,1.13223,1.13226,1.00,3.37
2016.08.15 14:39:31.947,1.13223,1.13226,1.00,1.87
2016.08.15 14:39:31.998,1.13223,1.13226,1.00,1.50
2016.08.15 14:39:32.639,1.13223,1.13225,1.00,1.12
2016.08.15 14:39:33.158,1.13222,1.13225,1.00,1.12
2016.08.15 14:39:33.955,1.13223,1.13225,1.00,1.12
2016.08.15 14:39:34.191,1.13223,1.13225,1.00,1.00
2016.08.15 14:39:34.752,1.13222,1.13224,1.00,1.00
2016.08.15 14:39:34.854,1.13222,1.13226,1.00,1.12
2016.08.15 14:39:34.960,1.13222,1.13227,1.00,2.62
2016.08.15 14:39:35.536,1.13222,1.13227,1.12,2.62
2016.08.15 14:39:35.867,1.13222,1.13227,1.12,1.87
2016.08.15 14:39:35.918,1.13222,1.13227,1.12,2.25
2016.08.15 14:39:36.063,1.13222,1.13227,1.12,3.00
2016.08.15 14:39:36.713,1.13222,1.13227,1.12,3.75
2016.08.15 14:39:36.815,1.13222,1.13227,1.12,4.12
2016.08.15 14:39:36.924,1.13223,1.13226,1.00,1.12
2016.08.15 14:39:38.016,1.13223,1.13225,1.00,1.00
2016.08.15 14:39:38.262,1.13221,1.13225,1.87,1.50
2016.08.15 14:39:38.313,1.13221,1.13225,1.12,2.62
2016.08.15 14:39:38.364,1.13221,1.13225,1.12,1.87
2016.08.15 14:39:38.415,1.1322,1.13225,1.87,2.25
2016.08.15 14:39:38.525,1.1322,1.13225,1.00,2.25
2016.08.15 14:39:38.627,1.1322,1.13225,1.50,2.25
2016.08.15 14:39:38.679,1.1322,1.13225,1.50,1.87
2016.08.15 14:39:38.793,1.1322,1.13225,1.00,1.87
2016.08.15 14:39:39.119,1.1322,1.13225,1.87,1.87
2016.08.15 14:39:39.495,1.1322,1.13225,1.12,1.87
2016.08.15 14:39:39.622,1.13222,1.13225,1.00,1.50
2016.08.15 14:39:41.729,1.13222,1.13225,1.00,1.00
2016.08.15 14:39:41.793,1.13222,1.13225,1.00,1.12
2016.08.15 14:39:43.992,1.13222,1.13225,1.00,1.00
2016.08.15 14:39:45.927,1.13224,1.13226,1.00,1.00
2016.08.15 14:39:46.674,1.13223,1.13226,1.00,1.50
2016.08.15 14:39:47.426,1.13224,1.13227,1.00,1.57
2016.08.15 14:39:47.477,1.13224,1.13227,1.00,1.00
2016.08.15 14:39:47.630,1.13225,1.13227,1.00,1.00
2016.08.15 14:39:47.732,1.13225,1.13227,1.00,1.87
2016.08.15 14:39:47.782,1.13225,1.13226,1.00,1.00
2016.08.15 14:39:47.833,1.13224,1.13226,1.00,1.00
2016.08.15 14:39:47.884,1.13223,1.13226,1.00,1.50
2016.08.15 14:39:47.935,1.13223,1.13225,1.00,1.00
2016.08.15 14:39:48.712,1.1322,1.13223,2.25,1.50
2016.08.15 14:39:48.763,1.1322,1.13223,1.50,1.50
2016.08.15 14:39:48.865,1.1322,1.13223,1.00,1.50
2016.08.15 14:39:48.967,1.13219,1.13223,1.87,1.00
2016.08.15 14:39:49.273,1.13221,1.13223,1.00,1.00
2016.08.15 14:39:49.375,1.13221,1.13224,1.00,1.00
2016.08.15 14:39:49.827,1.13221,1.13224,1.12,1.00
2016.08.15 14:39:50.476,1.13221,1.13224,1.00,1.00
2016.08.15 14:39:50.527,1.1322,1.13224,1.50,1.00
2016.08.15 14:39:50.578,1.1322,1.13223,1.50,1.50
2016.08.15 14:39:50.894,1.13219,1.13223,1.00,1.50
2016.08.15 14:39:50.945,1.1322,1.13222,1.00,1.00
2016.08.15 14:39:51.047,1.13219,1.13222,1.00,1.00
2016.08.15 14:39:51.098,1.13217,1.13223,1.31,3.37
2016.08.15 14:39:51.352,1.13217,1.13223,1.31,3.00
2016.08.15 14:39:51.505,1.13219,1.13222,1.00,1.00
2016.08.15 14:39:51.556,1.13219,1.13223,1.12,3.00
2016.08.15 14:39:51.607,1.13219,1.13223,1.12,2.25
2016.08.15 14:39:51.657,1.1322,1.13223,1.50,2.25
2016.08.15 14:39:52.143,1.1322,1.13222,1.50,1.00
2016.08.15 14:39:52.194,1.1322,1.13222,1.00,1.50
2016.08.15 14:39:52.245,1.13218,1.13221,1.00,1.50
2016.08.15 14:39:52.296,1.13218,1.13221,1.00,1.00
2016.08.15 14:39:53.261,1.13218,1.13223,1.00,1.50
2016.08.15 14:39:53.806,1.1322,1.13223,1.00,1.50
2016.08.15 14:39:53.857,1.13222,1.13224,4.50,1.00
2016.08.15 14:39:53.959,1.13224,1.13226,1.25,1.57
2016.08.15 14:39:54.010,1.13224,1.13227,1.25,2.25
2016.08.15 14:39:54.061,1.13226,1.13228,4.00,3.82
2016.08.15 14:39:54.112,1.13226,1.13228,4.00,2.25
2016.08.15 14:39:54.164,1.13225,1.13227,1.50,1.00
2016.08.15 14:39:54.451,1.13225,1.13228,1.00,1.50
2016.08.15 14:39:54.654,1.13225,1.13228,1.50,1.50
2016.08.15 14:39:55.058,1.13225,1.13228,1.00,1.00
2016.08.15 14:39:55.159,1.13224,1.13228,3.00,1.00
2016.08.15 14:39:56.126,1.13225,1.13228,1.00,1.00
2016.08.15 14:39:56.177,1.13225,1.13228,1.50,1.12
2016.08.15 14:39:56.698,1.13225,1.13228,1.50,1.00
2016.08.15 14:39:56.853,1.13225,1.13228,4.50,1.00
2016.08.15 14:39:57.145,1.13225,1.13229,3.75,1.65
2016.08.15 14:39:57.197,1.13225,1.13229,1.00,1.57
2016.08.15 14:39:57.249,1.13227,1.13229,1.00,1.00
2016.08.15 14:39:57.546,1.13227,1.13231,1.00,3.75
2016.08.15 14:39:57.602,1.13227,1.13231,1.00,3.00
2016.08.15 14:39:57.855,1.13227,1.13231,1.00,2.62
2016.08.15 14:39:57.906,1.13228,1.13231,1.00,1.87
2016.08.15 14:39:58.265,1.13228,1.13231,1.00,1.50
2016.08.15 14:39:58.316,1.13228,1.13231,1.00,2.25
2016.08.15 14:39:58.496,1.13228,1.13231,1.00,1.50
2016.08.15 14:40:00.202,1.13227,1.13231,1.00,1.50
2016.08.15 14:40:00.658,1.13227,1.1323,1.00,1.00
2016.08.15 14:40:00.729,1.13228,1.1323,1.00,1.00
2016.08.15 14:40:00.780,1.13228,1.13231,1.00,1.12
2016.08.15 14:40:00.881,1.13228,1.13231,1.00,1.00
2016.08.15 14:40:00.983,1.13227,1.1323,3.37,1.00
2016.08.15 14:40:01.085,1.13227,1.1323,3.37,1.50
2016.08.15 14:40:01.186,1.13227,1.1323,3.37,1.00
2016.08.15 14:40:01.254,1.13227,1.1323,3.37,1.50
2016.08.15 14:40:01.643,1.13227,1.1323,1.00,1.00
2016.08.15 14:40:01.694,1.13227,1.13232,1.00,2.25
2016.08.15 14:40:01.807,1.13228,1.13231,1.00,1.00
2016.08.15 14:40:01.957,1.13227,1.1323,1.00,1.50
2016.08.15 14:40:02.755,1.13227,1.1323,1.00,1.00
2016.08.15 14:40:03.295,1.13228,1.13231,1.00,1.00
2016.08.15 14:40:03.540,1.13226,1.13232,3.40,1.50
2016.08.15 14:40:04.206,1.13228,1.13231,1.00,1.00
2016.08.15 14:40:04.361,1.13226,1.13229,4.31,1.00
2016.08.15 14:40:04.412,1.13227,1.1323,1.00,1.00
2016.08.15 14:40:04.514,1.13227,1.1323,1.00,1.50
2016.08.15 14:40:04.565,1.13227,1.1323,1.87,1.50
2016.08.15 14:40:04.717,1.13227,1.1323,1.00,1.50
2016.08.15 14:40:05.426,1.13227,1.1323,1.00,1.00
2016.08.15 14:40:05.927,1.13225,1.13229,2.25,1.00
2016.08.15 14:40:05.978,1.13226,1.13229,1.00,1.00
2016.08.15 14:40:06.284,1.13225,1.13228,1.50,1.00
2016.08.15 14:40:06.618,1.13225,1.13228,1.00,1.00
2016.08.15 14:40:06.789,1.13225,1.13228,1.50,1.00
2016.08.15 14:40:06.976,1.13226,1.13229,1.00,1.00
2016.08.15 14:40:07.078,1.13227,1.1323,1.00,1.50
2016.08.15 14:40:07.129,1.13227,1.1323,1.00,1.00
2016.08.15 14:40:07.534,1.13226,1.13229,1.00,1.12
2016.08.15 14:40:08.659,1.13227,1.13229,1.00,1.12
2016.08.15 14:40:08.761,1.13227,1.1323,1.00,2.25
2016.08.15 14:40:09.035,1.13226,1.13229,1.00,1.12
2016.08.15 14:40:09.086,1.13226,1.13229,1.00,1.87
2016.08.15 14:40:09.429,1.13226,1.13229,1.00,1.00
2016.08.15 14:40:10.287,1.13224,1.13228,1.50,1.00
2016.08.15 14:40:10.347,1.13224,1.13228,1.00,1.00
2016.08.15 14:40:10.398,1.13223,1.13228,2.62,1.00
2016.08.15 14:40:10.695,1.13223,1.13228,1.50,1.00
2016.08.15 14:40:10.746,1.13224,1.13228,1.00,1.00
2016.08.15 14:40:11.124,1.13225,1.13229,1.50,1.00
2016.08.15 14:40:11.226,1.13225,1.13229,1.00,1.00
2016.08.15 14:40:11.277,1.13227,1.1323,1.00,1.12
2016.08.15 14:40:11.328,1.13227,1.1323,1.00,1.87
2016.08.15 14:40:11.930,1.13225,1.1323,1.87,1.50
2016.08.15 14:40:11.983,1.13225,1.1323,1.12,1.50
2016.08.15 14:40:12.034,1.13225,1.1323,1.00,1.00
2016.08.15 14:40:12.139,1.13225,1.1323,1.50,1.50
2016.08.15 14:40:12.316,1.13225,1.1323,1.12,1.00
2016.08.15 14:40:12.493,1.13225,1.1323,1.87,1.50
2016.08.15 14:40:13.063,1.13225,1.1323,1.87,1.00
2016.08.15 14:40:13.128,1.13225,1.1323,2.62,1.50
2016.08.15 14:40:13.195,1.13225,1.1323,1.87,1.00
2016.08.15 14:40:13.295,1.13225,1.1323,2.62,1.50
2016.08.15 14:40:13.696,1.13225,1.1323,1.87,1.00
2016.08.15 14:40:13.759,1.13226,1.1323,1.00,1.00
2016.08.15 14:40:13.810,1.13227,1.1323,1.00,1.50
2016.08.15 14:40:14.117,1.13227,1.1323,1.00,1.00
2016.08.15 14:40:14.357,1.13227,1.1323,1.00,1.50
2016.08.15 14:40:14.706,1.13226,1.1323,1.00,1.00
2016.08.15 14:40:14.757,1.13225,1.13229,1.87,1.00
2016.08.15 14:40:14.808,1.13224,1.13227,2.07,1.00
2016.08.15 14:40:14.859,1.13224,1.13226,1.69,1.00
2016.08.15 14:40:14.910,1.13224,1.13225,1.20,1.00
2016.08.15 14:40:15.497,1.13221,1.13224,1.00,1.00
2016.08.15 14:40:15.803,1.13219,1.13222,1.00,1.00
2016.08.15 14:40:16.008,1.1322,1.13225,1.00,1.50
2016.08.15 14:40:16.059,1.1322,1.13225,1.12,1.50
2016.08.15 14:40:16.110,1.1322,1.13225,2.25,2.25
2016.08.15 14:40:16.385,1.1322,1.13225,2.25,3.00
2016.08.15 14:40:16.436,1.1322,1.13225,2.25,2.25
2016.08.15 14:40:16.487,1.13221,1.13225,1.00,1.50
2016.08.15 14:40:16.691,1.13221,1.13225,1.50,1.50
2016.08.15 14:40:16.742,1.13221,1.13225,1.00,1.50
2016.08.15 14:40:16.793,1.13221,1.13224,1.00,1.00
2016.08.15 14:40:16.896,1.13221,1.13224,1.12,1.00
2016.08.15 14:40:16.948,1.1322,1.13223,1.69,1.00
2016.08.15 14:40:16.999,1.1322,1.13223,1.31,1.00
2016.08.15 14:40:17.051,1.13221,1.13224,1.00,1.00
2016.08.15 14:40:17.289,1.13221,1.13224,1.12,1.00
2016.08.15 14:40:17.352,1.1322,1.13222,1.50,1.00
2016.08.15 14:40:17.403,1.1322,1.13222,1.12,1.00
2016.08.15 14:40:17.454,1.13219,1.13222,1.87,1.00
2016.08.15 14:40:17.505,1.1322,1.13223,1.00,1.00
2016.08.15 14:40:17.814,1.1322,1.13223,1.50,1.00
2016.08.15 14:40:18.036,1.13221,1.13224,1.00,1.00
2016.08.15 14:40:18.653,1.13224,1.13227,1.00,2.25
2016.08.15 14:40:19.028,1.13222,1.13225,1.00,1.00
2016.08.15 14:40:19.080,1.13223,1.13227,1.00,2.25
2016.08.15 14:40:19.773,1.13223,1.13227,1.00,1.50
2016.08.15 14:40:20.389,1.13222,1.13225,1.00,1.00
2016.08.15 14:40:20.440,1.1322,1.13224,3.79,1.00
2016.08.15 14:40:20.491,1.1322,1.13224,3.42,1.00
2016.08.15 14:40:20.542,1.1322,1.13224,2.67,1.00
2016.08.15 14:40:20.820,1.1322,1.13225,3.00,3.00
2016.08.15 14:40:20.871,1.13219,1.13222,1.87,1.00
2016.08.15 14:40:20.922,1.1322,1.13222,1.00,1.00
2016.08.15 14:40:21.024,1.13219,1.13222,1.12,1.00
2016.08.15 14:40:21.126,1.1322,1.13223,1.00,1.00
2016.08.15 14:40:21.177,1.13219,1.13222,1.12,1.00
2016.08.15 14:40:21.228,1.1322,1.13222,1.00,1.00
2016.08.15 14:40:21.329,1.1322,1.13223,1.00,1.00
2016.08.15 14:40:21.482,1.13219,1.13222,1.50,1.00
2016.08.15 14:40:21.786,1.13217,1.1322,1.00,1.00
2016.08.15 14:40:22.410,1.13218,1.13221,1.00,1.00
2016.08.15 14:40:22.770,1.13218,1.13221,1.00,1.50
2016.08.15 14:40:23.055,1.1322,1.13221,1.00,1.50
2016.08.15 14:40:23.106,1.1322,1.13223,1.50,1.50
2016.08.15 14:40:23.157,1.1322,1.13223,1.00,1.50
2016.08.15 14:40:23.208,1.1322,1.13223,1.00,1.00
2016.08.15 14:40:23.514,1.13219,1.13222,1.00,1.50
2016.08.15 14:40:23.616,1.13219,1.13222,1.00,1.00
2016.08.15 14:40:23.667,1.1322,1.13223,1.00,1.87
2016.08.15 14:40:23.719,1.1322,1.13223,1.00,1.50
2016.08.15 14:40:23.770,1.1322,1.13223,1.00,1.50
2016.08.15 14:40:24.092,1.13219,1.13222,1.00,1.00
2016.08.15 14:40:24.143,1.1322,1.13223,1.50,1.50
2016.08.15 14:40:24.194,1.13221,1.13225,1.00,4.50
2016.08.15 14:40:24.295,1.1322,1.13224,1.10,1.12
2016.08.15 14:40:24.346,1.13219,1.13224,1.57,1.12
2016.08.15 14:40:24.447,1.13221,1.13224,1.00,1.12
2016.08.15 14:40:25.455,1.13221,1.13224,1.00,1.00
2016.08.15 14:40:25.506,1.13221,1.13224,1.00,1.50
2016.08.15 14:40:25.760,1.1322,1.13223,1.57,1.00
2016.08.15 14:40:25.878,1.1322,1.13224,1.57,1.50
2016.08.15 14:40:25.929,1.13221,1.13224,1.00,1.50
2016.08.15 14:40:26.557,1.13219,1.13224,1.57,1.50
2016.08.15 14:40:26.608,1.13221,1.13224,1.00,1.50
2016.08.15 14:40:26.659,1.13221,1.13224,1.00,1.87
2016.08.15 14:40:26.761,1.13221,1.13224,1.00,1.50
2016.08.15 14:40:26.863,1.13222,1.13224,1.00,1.00
2016.08.15 14:40:27.372,1.13222,1.13225,1.00,1.00
2016.08.15 14:40:27.618,1.13221,1.13225,1.00,1.50
2016.08.15 14:40:27.669,1.1322,1.13224,1.47,1.00
2016.08.15 14:40:27.771,1.1322,1.13225,1.47,1.87
2016.08.15 14:40:27.822,1.1322,1.13225,1.47,1.50
2016.08.15 14:40:27.873,1.1322,1.13225,1.95,1.50
2016.08.15 14:40:27.924,1.13222,1.13225,1.00,1.00
2016.08.15 14:40:27.976,1.13224,1.13226,1.00,1.50
2016.08.15 14:40:28.027,1.13224,1.13226,1.00,1.00
2016.08.15 14:40:28.078,1.13225,1.13227,1.50,1.10
2016.08.15 14:40:28.129,1.13225,1.13228,1.50,2.77
2016.08.15 14:40:28.180,1.13225,1.13228,1.00,2.77
2016.08.15 14:40:28.231,1.13225,1.13228,1.00,2.70
2016.08.15 14:40:28.491,1.13224,1.13227,1.00,1.00
2016.08.15 14:40:28.543,1.13225,1.13227,1.00,1.00
2016.08.15 14:40:28.747,1.13225,1.13228,1.00,1.50
2016.08.15 14:40:28.901,1.13225,1.13228,1.00,1.12
2016.08.15 14:40:29.003,1.13225,1.13229,1.50,3.00
2016.08.15 14:40:29.054,1.13225,1.13229,1.50,2.25
2016.08.15 14:40:29.105,1.13225,1.13229,1.50,1.50
2016.08.15 14:40:29.400,1.13225,1.13229,1.50,1.12
2016.08.15 14:40:29.451,1.13225,1.13229,1.50,1.87
2016.08.15 14:40:29.502,1.13225,1.13229,1.50,1.50
2016.08.15 14:40:29.605,1.13225,1.13228,1.50,1.00
2016.08.15 14:40:29.809,1.13225,1.13228,1.50,1.50
2016.08.15 14:40:30.301,1.13225,1.13228,1.50,1.87
2016.08.15 14:40:30.694,1.13224,1.13227,1.00,1.87
2016.08.15 14:40:30.754,1.13222,1.13225,1.00,1.12
2016.08.15 14:40:32.108,1.13222,1.13225,1.00,1.87
2016.08.15 14:40:33.462,1.13221,1.13224,1.00,1.00
2016.08.15 14:40:33.513,1.13221,1.13224,1.00,1.50
2016.08.15 14:40:33.923,1.13221,1.13223,1.00,1.00
2016.08.15 14:40:33.974,1.1322,1.13223,1.50,1.50
2016.08.15 14:40:34.077,1.1322,1.13223,1.00,2.25
2016.08.15 14:40:34.129,1.1322,1.13221,1.00,1.00
2016.08.15 14:40:34.282,1.13217,1.13221,1.00,2.25
2016.08.15 14:40:34.913,1.13217,1.1322,1.00,1.00
2016.08.15 14:40:34.970,1.13217,1.13219,1.00,1.00
2016.08.15 14:40:35.136,1.13216,1.13221,1.00,2.25
2016.08.15 14:40:35.238,1.13217,1.1322,1.00,1.00
2016.08.15 14:40:35.775,1.13218,1.1322,1.00,1.00
2016.08.15 14:40:36.273,1.13217,1.1322,1.00,1.50
2016.08.15 14:40:36.324,1.13217,1.1322,1.12,1.50
2016.08.15 14:40:36.375,1.13216,1.1322,1.50,1.00
2016.08.15 14:40:36.494,1.13217,1.1322,1.12,1.50
2016.08.15 14:40:36.545,1.13216,1.13221,1.50,1.50
2016.08.15 14:40:36.705,1.13216,1.13221,1.50,2.25
2016.08.15 14:40:36.756,1.13217,1.13221,1.12,2.25
2016.08.15 14:40:36.895,1.13217,1.1322,1.12,1.00
2016.08.15 14:40:36.947,1.13216,1.13221,1.50,1.50
2016.08.15 14:40:37.106,1.13217,1.1322,1.12,1.00
2016.08.15 14:40:37.156,1.13218,1.13221,1.00,2.25
2016.08.15 14:40:37.518,1.13217,1.1322,1.12,1.00
2016.08.15 14:40:37.569,1.13218,1.13221,1.00,2.25
2016.08.15 14:40:37.689,1.13219,1.13221,1.00,1.50
2016.08.15 14:40:37.740,1.1322,1.13222,1.00,1.00
2016.08.15 14:40:37.791,1.1322,1.13222,1.50,1.00
2016.08.15 14:40:38.243,1.1322,1.13222,1.00,1.00
2016.08.15 14:40:38.294,1.13219,1.13221,1.00,1.50
2016.08.15 14:40:38.345,1.13218,1.13221,1.00,3.00
2016.08.15 14:40:38.632,1.13216,1.13219,1.12,1.12
2016.08.15 14:40:38.683,1.13216,1.1322,1.12,1.00
2016.08.15 14:40:38.734,1.13217,1.1322,1.00,1.00
2016.08.15 14:40:38.785,1.13217,1.13221,1.00,1.87
2016.08.15 14:40:38.836,1.13217,1.1322,1.00,1.00
2016.08.15 14:40:38.887,1.13218,1.13221,1.00,2.62
2016.08.15 14:40:38.938,1.13218,1.13221,1.00,1.87
2016.08.15 14:40:38.989,1.13219,1.13221,1.00,1.12
2016.08.15 14:40:39.040,1.13217,1.1322,1.12,1.00
2016.08.15 14:40:39.243,1.13219,1.13221,1.00,1.12
2016.08.15 14:40:39.539,1.13219,1.13222,1.10,1.87
2016.08.15 14:40:39.590,1.1322,1.13222,1.10,1.50
2016.08.15 14:40:39.640,1.1322,1.13222,1.10,1.00
2016.08.15 14:40:39.947,1.1322,1.13223,1.57,1.00
2016.08.15 14:40:40.629,1.13222,1.13224,1.00,1.20
2016.08.15 14:40:40.731,1.13222,1.13225,1.00,2.25
2016.08.15 14:40:40.782,1.13222,1.13225,1.00,1.50
2016.08.15 14:40:40.833,1.13223,1.13225,1.00,1.00
2016.08.15 14:40:40.936,1.13223,1.13226,1.00,3.15
2016.08.15 14:40:41.189,1.13223,1.13226,1.00,2.40
2016.08.15 14:40:41.944,1.13222,1.13225,1.00,1.00
2016.08.15 14:40:42.307,1.13221,1.13225,1.12,1.00
2016.08.15 14:40:42.620,1.13221,1.13225,1.00,1.00
2016.08.15 14:40:42.998,1.13221,1.13226,1.00,1.65
2016.08.15 14:40:43.049,1.13221,1.13226,1.00,2.40
2016.08.15 14:40:43.202,1.13221,1.13226,1.00,1.65
2016.08.15 14:40:43.307,1.13221,1.13226,1.00,2.40
2016.08.15 14:40:43.359,1.13221,1.13224,1.00,1.00
2016.08.15 14:40:43.792,1.13222,1.13225,1.00,1.50
2016.08.15 14:40:43.843,1.13221,1.13224,1.00,1.00
2016.08.15 14:40:44.179,1.1322,1.13224,1.95,1.00
2016.08.15 14:40:44.281,1.13222,1.13225,1.00,2.25
2016.08.15 14:40:44.383,1.13223,1.13226,1.00,1.65
2016.08.15 14:40:44.504,1.13223,1.13226,1.00,1.10
2016.08.15 14:40:44.557,1.1322,1.13227,2.51,3.75
2016.08.15 14:40:44.608,1.13222,1.13225,1.00,1.00
2016.08.15 14:40:44.711,1.13223,1.13228,1.00,2.02
2016.08.15 14:40:45.332,1.13223,1.13226,1.00,1.00
2016.08.15 14:40:45.391,1.13225,1.13227,1.00,1.00
2016.08.15 14:40:45.494,1.13224,1.13227,1.50,1.00
2016.08.15 14:40:45.596,1.13224,1.13227,1.00,1.00
2016.08.15 14:40:45.814,1.13221,1.13225,2.25,1.00
2016.08.15 14:40:45.865,1.13221,1.13224,1.37,1.00
2016.08.15 14:40:46.017,1.1322,1.13224,2.62,1.00
2016.08.15 14:40:46.285,1.1322,1.13223,2.70,1.00
2016.08.15 14:40:46.336,1.1322,1.13223,3.45,1.00
2016.08.15 14:40:46.489,1.13222,1.13225,1.00,1.50
2016.08.15 14:40:46.591,1.13222,1.13225,1.00,1.00
2016.08.15 14:40:46.794,1.13221,1.13225,1.12,1.00
2016.08.15 14:40:46.845,1.13222,1.13225,1.00,1.00
2016.08.15 14:40:47.327,1.13224,1.13226,1.00,1.00
2016.08.15 14:40:47.378,1.13224,1.13227,1.00,1.50
2016.08.15 14:40:49.080,1.13224,1.13226,1.00,1.00
2016.08.15 14:40:49.364,1.13222,1.13225,1.00,1.50
2016.08.15 14:40:49.415,1.13222,1.13225,1.00,1.00
2016.08.15 14:40:49.855,1.13223,1.13226,1.00,1.50
2016.08.15 14:40:51.078,1.13222,1.13225,1.00,1.50
2016.08.15 14:40:51.181,1.13222,1.13225,1.00,1.00
2016.08.15 14:40:51.334,1.13222,1.13225,1.00,1.50
2016.08.15 14:40:51.436,1.13222,1.13225,1.00,1.00
2016.08.15 14:40:53.252,1.13222,1.13224,1.00,1.00
2016.08.15 14:40:53.977,1.13221,1.13224,1.12,1.50
2016.08.15 14:40:54.660,1.1322,1.13223,1.50,1.50
2016.08.15 14:40:54.712,1.1322,1.13222,1.10,1.00
2016.08.15 14:40:54.944,1.13219,1.13222,1.00,1.00
2016.08.15 14:40:55.097,1.13215,1.13218,1.87,1.00
2016.08.15 14:40:55.554,1.13215,1.13218,1.12,1.00
2016.08.15 14:40:56.322,1.13215,1.1322,2.25,2.25
2016.08.15 14:40:56.526,1.13215,1.1322,1.75,1.50
2016.08.15 14:40:56.718,1.13215,1.1322,2.25,2.25
2016.08.15 14:40:56.820,1.13216,1.1322,1.00,1.50
2016.08.15 14:40:56.871,1.13216,1.1322,1.00,1.00
2016.08.15 14:40:56.922,1.13216,1.13221,1.12,2.25
2016.08.15 14:40:56.973,1.13216,1.13219,1.72,1.00
2016.08.15 14:40:57.024,1.13218,1.13221,1.00,1.50
2016.08.15 14:40:57.075,1.13217,1.13221,1.35,1.00
2016.08.15 14:40:57.334,1.13218,1.13223,1.12,1.00
2016.08.15 14:40:57.410,1.13221,1.13224,1.50,1.00
2016.08.15 14:40:58.362,1.13219,1.13222,1.00,1.00
2016.08.15 14:40:58.565,1.1322,1.13223,1.50,1.00
2016.08.15 14:40:58.856,1.1322,1.13223,1.00,1.00
2016.08.15 14:40:58.958,1.1322,1.13223,1.50,1.00
2016.08.15 14:40:59.899,1.13219,1.13222,1.12,1.00
2016.08.15 14:41:00.429,1.1322,1.13223,1.00,1.00
2016.08.15 14:41:00.966,1.1322,1.13223,4.12,1.00
2016.08.15 14:41:01.017,1.13223,1.13225,1.00,1.00
2016.08.15 14:41:01.170,1.13224,1.13227,1.00,1.50
2016.08.15 14:41:01.221,1.13224,1.13227,1.00,1.00
2016.08.15 14:41:01.373,1.13225,1.13227,1.00,1.00
2016.08.15 14:41:01.475,1.13224,1.13227,1.50,1.00
2016.08.15 14:41:01.577,1.13225,1.13228,1.00,1.50
2016.08.15 14:41:01.628,1.13225,1.13228,1.00,1.00
2016.08.15 14:41:01.679,1.13224,1.13228,1.50,1.50
2016.08.15 14:41:01.978,1.13225,1.13228,1.00,1.00
2016.08.15 14:41:02.509,1.13225,1.13227,1.00,1.00
2016.08.15 14:41:02.560,1.13224,1.13227,1.00,1.00
2016.08.15 14:41:03.153,1.13224,1.13227,1.00,1.50
2016.08.15 14:41:03.670,1.13223,1.13226,1.00,1.50
2016.08.15 14:41:04.562,1.13222,1.13225,1.00,1.50
2016.08.15 14:41:04.613,1.13222,1.13225,1.00,2.25
2016.08.15 14:41:04.715,1.13221,1.13224,1.00,1.00
2016.08.15 14:41:05.328,1.13221,1.13224,1.00,1.50
2016.08.15 14:41:05.665,1.13221,1.13224,1.00,1.00
2016.08.15 14:41:06.146,1.1322,1.13224,1.50,1.00
2016.08.15 14:41:06.198,1.1322,1.13222,1.00,1.00
2016.08.15 14:41:06.249,1.13219,1.13222,1.00,1.00
2016.08.15 14:41:06.402,1.1322,1.13223,1.00,1.50
2016.08.15 14:41:06.669,1.1322,1.13223,1.00,1.00
2016.08.15 14:41:06.720,1.1322,1.13223,1.50,1.00
2016.08.15 14:41:06.771,1.1322,1.13223,1.00,1.00
2016.08.15 14:41:06.873,1.1322,1.13223,1.50,1.00
2016.08.15 14:41:06.975,1.1322,1.13223,1.00,1.00
2016.08.15 14:41:07.076,1.1322,1.13223,1.50,1.00
2016.08.15 14:41:07.178,1.1322,1.13223,1.00,1.00
2016.08.15 14:41:07.280,1.1322,1.13223,1.50,1.00
2016.08.15 14:41:07.528,1.13221,1.13224,1.00,1.50
2016.08.15 14:41:08.533,1.1322,1.13224,1.00,1.19
2016.08.15 14:41:08.584,1.1322,1.13222,1.00,1.00
2016.08.15 14:41:08.685,1.13218,1.13221,1.00,1.00
2016.08.15 14:41:08.787,1.13219,1.13222,1.00,1.12
2016.08.15 14:41:08.839,1.13218,1.13221,1.00,1.00
2016.08.15 14:41:09.351,1.13218,1.13221,1.00,1.12
2016.08.15 14:41:09.453,1.13218,1.13221,1.00,1.00
2016.08.15 14:41:10.529,1.13219,1.13221,1.00,1.00
2016.08.15 14:41:10.758,1.13218,1.13221,1.00,1.00
2016.08.15 14:41:11.109,1.13217,1.13223,1.00,7.31
2016.08.15 14:41:11.160,1.13217,1.13221,1.00,1.00
2016.08.15 14:41:11.741,1.13217,1.1322,1.00,1.00
2016.08.15 14:41:11.823,1.13218,1.13221,1.00,3.37
2016.08.15 14:41:12.107,1.13216,1.13219,1.00,1.00
2016.08.15 14:41:12.465,1.13216,1.13219,1.00,1.12
2016.08.15 14:41:12.759,1.13216,1.13219,1.00,1.87
2016.08.15 14:41:12.811,1.13216,1.13219,1.00,1.12
2016.08.15 14:41:13.279,1.13216,1.13219,1.00,1.00
2016.08.15 14:41:14.112,1.13217,1.1322,1.00,1.87
2016.08.15 14:41:14.559,1.13217,1.1322,1.00,1.00
2016.08.15 14:41:16.050,1.13218,1.1322,1.00,1.00
2016.08.15 14:41:16.835,1.13217,1.1322,1.00,1.00
2016.08.15 14:41:16.937,1.13217,1.1322,1.00,1.50
2016.08.15 14:41:17.101,1.13218,1.1322,1.00,1.00
2016.08.15 14:41:17.152,1.13217,1.13221,1.00,1.50
2016.08.15 14:41:17.483,1.13217,1.13222,1.00,2.25
2016.08.15 14:41:18.100,1.13216,1.13219,1.00,1.00
2016.08.15 14:41:18.152,1.13216,1.13219,1.00,1.50
2016.08.15 14:41:18.203,1.13216,1.13219,1.00,2.25
2016.08.15 14:41:18.254,1.13216,1.13219,1.00,1.50
2016.08.15 14:41:18.645,1.13216,1.13219,1.00,1.00
2016.08.15 14:41:19.235,1.13215,1.13218,1.50,1.00
2016.08.15 14:41:19.286,1.13216,1.1322,1.00,1.50
2016.08.15 14:41:19.387,1.13216,1.1322,1.00,1.00
2016.08.15 14:41:20.148,1.13216,1.13219,1.00,1.00
2016.08.15 14:41:23.538,1.13215,1.13219,1.00,1.00
2016.08.15 14:41:23.792,1.13215,1.13219,1.00,1.50
2016.08.15 14:41:24.071,1.13214,1.13218,1.50,1.00
2016.08.15 14:41:24.122,1.13214,1.13217,1.00,1.00
2016.08.15 14:41:24.173,1.13212,1.13217,1.00,1.50
2016.08.15 14:41:27.461,1.13215,1.13217,1.00,1.00
2016.08.15 14:41:27.511,1.13215,1.13217,1.50,1.00
2016.08.15 14:41:27.718,1.13215,1.13217,1.00,1.00
2016.08.15 14:41:28.299,1.13215,1.13217,1.50,1.00
2016.08.15 14:41:28.810,1.13215,1.13217,1.00,1.00
2016.08.15 14:41:28.912,1.13215,1.13217,1.50,1.00
2016.08.15 14:41:29.322,1.13215,1.13217,1.00,1.00
2016.08.15 14:41:29.856,1.13215,1.13217,1.50,1.00
2016.08.15 14:41:30.309,1.13215,1.13217,1.00,1.00
2016.08.15 14:41:30.411,1.13215,1.13217,1.50,1.00
2016.08.15 14:41:30.514,1.13215,1.13217,1.00,1.00
2016.08.15 14:41:30.726,1.13215,1.13217,1.50,1.00
2016.08.15 14:41:31.351,1.13215,1.13217,1.00,1.00
2016.08.15 14:41:31.635,1.13215,1.13217,1.50,1.00
2016.08.15 14:41:31.867,1.13215,1.13217,1.00,1.50
2016.08.15 14:41:31.918,1.13213,1.13217,1.00,1.50
2016.08.15 14:41:32.960,1.13213,1.13217,1.04,1.00
2016.08.15 14:41:33.011,1.13213,1.13219,1.04,5.62
2016.08.15 14:41:33.061,1.13216,1.13219,1.00,4.87
2016.08.15 14:41:33.112,1.13215,1.13218,1.00,1.00
2016.08.15 14:41:33.163,1.13215,1.13218,1.00,1.50
2016.08.15 14:41:33.214,1.13215,1.13218,1.00,2.25
2016.08.15 14:41:33.265,1.13215,1.13218,1.50,2.25
2016.08.15 14:41:33.316,1.13215,1.13218,1.00,2.25
2016.08.15 14:41:33.418,1.13215,1.13218,1.50,2.25
2016.08.15 14:41:33.521,1.13215,1.13218,1.50,3.00
2016.08.15 14:41:33.624,1.13215,1.13218,1.50,3.37
2016.08.15 14:41:33.727,1.13215,1.13218,1.50,3.00
2016.08.15 14:41:33.989,1.13215,1.13218,1.50,2.25
2016.08.15 14:41:34.041,1.13216,1.13219,1.00,1.12
2016.08.15 14:41:34.092,1.13217,1.1322,1.00,5.70
2016.08.15 14:41:34.155,1.13216,1.13219,1.00,1.12
2016.08.15 14:41:34.206,1.13216,1.13219,1.00,1.00
2016.08.15 14:41:34.258,1.13215,1.1322,1.50,6.45
2016.08.15 14:41:34.354,1.13215,1.13219,1.00,1.00
2016.08.15 14:41:34.456,1.13215,1.13219,1.50,1.00
2016.08.15 14:41:34.518,1.13215,1.13219,1.00,1.00
2016.08.15 14:41:34.653,1.13215,1.13218,1.00,1.00
2016.08.15 14:41:35.127,1.13215,1.13219,1.50,1.00
2016.08.15 14:41:35.178,1.13215,1.13219,1.50,1.50
2016.08.15 14:41:35.229,1.13215,1.13219,1.50,2.25
2016.08.15 14:41:35.283,1.13215,1.13219,1.50,1.50
2016.08.15 14:41:35.547,1.13215,1.13219,1.00,1.50
2016.08.15 14:41:35.723,1.13215,1.13219,1.50,1.50
2016.08.15 14:41:36.403,1.13215,1.13219,1.00,2.25
2016.08.15 14:41:36.624,1.13215,1.13219,1.50,2.25
2016.08.15 14:41:37.279,1.13215,1.13218,1.50,1.12
2016.08.15 14:41:37.563,1.13215,1.13218,1.50,1.87
2016.08.15 14:41:37.614,1.13215,1.13218,1.50,2.62
2016.08.15 14:41:38.450,1.13215,1.13218,1.79,1.50
2016.08.15 14:41:38.501,1.13215,1.1322,1.79,3.00
2016.08.15 14:41:38.737,1.13215,1.13219,1.79,1.00
2016.08.15 14:41:38.788,1.13216,1.13219,1.04,1.87
2016.08.15 14:41:38.947,1.13216,1.13219,1.04,1.50
2016.08.15 14:41:39.100,1.13215,1.13218,1.29,2.25
2016.08.15 14:41:39.151,1.13215,1.13216,1.04,1.00
2016.08.15 14:41:39.202,1.13215,1.13217,1.29,3.00
2016.08.15 14:41:39.253,1.13211,1.13213,1.12,1.00
2016.08.15 14:41:39.304,1.1321,1.13213,1.37,1.00
2016.08.15 14:41:39.355,1.13208,1.1321,1.00,1.00
2016.08.15 14:41:39.662,1.13203,1.13204,1.00,1.50
2016.08.15 14:41:39.713,1.132,1.13202,1.00,1.50
2016.08.15 14:41:39.764,1.13199,1.13202,1.00,1.50
2016.08.15 14:41:39.922,1.13199,1.13202,1.00,1.00
2016.08.15 14:41:40.227,1.13197,1.132,1.12,1.00
2016.08.15 14:41:40.500,1.13196,1.13199,1.00,1.00
2016.08.15 14:41:40.567,1.13193,1.13197,1.00,1.00
2016.08.15 14:41:40.670,1.13193,1.13198,1.00,1.57
2016.08.15 14:41:40.721,1.13195,1.13198,1.00,2.40
2016.08.15 14:41:40.772,1.13196,1.13198,1.00,1.10
2016.08.15 14:41:40.823,1.13196,1.13199,1.00,1.20
2016.08.15 14:41:40.875,1.13197,1.132,1.00,4.50
2016.08.15 14:41:40.926,1.13197,1.132,1.00,2.62
2016.08.15 14:41:41.459,1.13197,1.132,1.00,2.25
2016.08.15 14:41:41.549,1.13197,1.13201,1.00,1.00
2016.08.15 14:41:41.686,1.13197,1.13201,1.00,1.50
2016.08.15 14:41:41.988,1.13197,1.13201,1.00,1.00
2016.08.15 14:41:42.514,1.13196,1.13198,1.00,1.00
2016.08.15 14:41:42.566,1.13197,1.132,1.00,2.25
2016.08.15 14:41:42.668,1.13197,1.132,1.00,1.50
2016.08.15 14:41:43.178,1.13197,1.13199,1.00,1.00
2016.08.15 14:41:43.280,1.13197,1.132,1.00,1.50
2016.08.15 14:41:43.542,1.13197,1.132,1.00,1.00
2016.08.15 14:41:43.594,1.13197,1.13201,1.00,1.50
2016.08.15 14:41:43.798,1.13197,1.13201,1.00,1.00
2016.08.15 14:41:44.803,1.13197,1.132,1.00,1.50
2016.08.15 14:41:45.181,1.13197,1.132,1.00,1.00
2016.08.15 14:41:45.232,1.13197,1.132,1.00,1.50
2016.08.15 14:41:45.637,1.13196,1.13199,1.00,1.00
2016.08.15 14:41:45.688,1.13194,1.13199,1.87,1.00
2016.08.15 14:41:45.842,1.13195,1.132,1.00,1.50
2016.08.15 14:41:46.191,1.13197,1.13201,1.00,1.00
2016.08.15 14:41:46.242,1.13198,1.13201,1.00,1.50
2016.08.15 14:41:46.497,1.13198,1.13201,1.00,2.25
2016.08.15 14:41:46.548,1.13196,1.13201,1.00,2.25
2016.08.15 14:41:46.599,1.13196,1.13201,1.00,2.62
2016.08.15 14:41:47.467,1.13196,1.132,1.00,1.00
2016.08.15 14:41:47.518,1.13195,1.132,1.50,1.50
2016.08.15 14:41:47.620,1.13195,1.132,1.50,1.00
2016.08.15 14:41:47.859,1.13195,1.132,1.00,1.00
2016.08.15 14:41:48.088,1.13196,1.132,1.00,1.50
2016.08.15 14:41:48.398,1.13196,1.132,1.00,1.87
2016.08.15 14:41:48.500,1.13196,1.132,1.00,2.62
2016.08.15 14:41:48.703,1.13196,1.132,1.00,2.25
2016.08.15 14:41:48.755,1.13196,1.132,1.00,2.62
2016.08.15 14:41:48.807,1.13196,1.132,1.00,3.37
2016.08.15 14:41:48.910,1.13196,1.132,1.00,2.62
2016.08.15 14:41:48.961,1.13195,1.13198,1.50,1.00
2016.08.15 14:41:49.114,1.13197,1.132,1.00,1.57
2016.08.15 14:41:49.611,1.13197,1.132,1.00,1.50
2016.08.15 14:41:49.664,1.13197,1.13202,1.00,2.32
2016.08.15 14:41:49.766,1.13197,1.13202,1.00,3.00
2016.08.15 14:41:49.817,1.13197,1.13201,1.00,1.50
2016.08.15 14:41:50.572,1.13197,1.132,1.00,1.87
2016.08.15 14:41:51.058,1.13198,1.132,1.00,1.12
2016.08.15 14:41:52.003,1.13198,1.13201,1.00,2.25
2016.08.15 14:41:52.054,1.13198,1.13201,1.00,1.87
2016.08.15 14:41:52.578,1.13198,1.13201,1.12,1.87
2016.08.15 14:41:53.114,1.13199,1.132,1.00,1.00
2016.08.15 14:41:53.166,1.13198,1.132,1.00,1.50
2016.08.15 14:41:53.217,1.13198,1.13201,1.00,1.00
2016.08.15 14:41:53.268,1.13193,1.13197,7.31,1.75
2016.08.15 14:41:53.319,1.13195,1.13196,1.00,1.87
2016.08.15 14:41:53.370,1.13194,1.13195,1.50,1.50
2016.08.15 14:41:53.421,1.13194,1.13195,1.12,1.50
2016.08.15 14:41:53.472,1.13194,1.13195,1.00,1.00
2016.08.15 14:41:53.704,1.13191,1.13193,2.44,1.00
2016.08.15 14:41:53.755,1.13192,1.13194,1.00,1.00
2016.08.15 14:41:53.858,1.13191,1.13194,1.12,1.00
2016.08.15 14:41:53.909,1.1319,1.13193,1.25,1.00
2016.08.15 14:41:53.960,1.1319,1.13193,1.50,1.50
2016.08.15 14:41:54.011,1.1319,1.13193,1.00,1.50
2016.08.15 14:41:54.113,1.13191,1.13193,1.00,1.00
2016.08.15 14:41:54.164,1.1319,1.13194,1.50,2.25
2016.08.15 14:41:54.215,1.1319,1.13194,1.87,1.50
2016.08.15 14:41:54.267,1.1319,1.13194,1.87,1.00
2016.08.15 14:41:54.318,1.13193,1.13194,1.00,1.00
2016.08.15 14:41:54.623,1.13193,1.13195,1.00,1.12
2016.08.15 14:41:55.104,1.13191,1.13196,1.12,1.50
2016.08.15 14:41:55.518,1.13191,1.13196,1.12,2.25
2016.08.15 14:41:55.823,1.13191,1.13195,1.00,1.12
2016.08.15 14:41:55.874,1.1319,1.13194,1.87,1.00
2016.08.15 14:41:55.975,1.13192,1.13195,1.00,1.87
2016.08.15 14:41:56.026,1.13192,1.13195,1.00,1.12
2016.08.15 14:41:56.077,1.13192,1.13195,1.00,1.50
2016.08.15 14:41:56.279,1.1319,1.13193,1.12,1.19
2016.08.15 14:41:56.331,1.1319,1.13193,1.00,2.06
2016.08.15 14:41:56.381,1.13191,1.13193,1.00,1.87
2016.08.15 14:41:56.432,1.13191,1.13193,1.00,1.00
2016.08.15 14:41:56.534,1.1319,1.13195,1.00,2.62
2016.08.15 14:41:56.635,1.1319,1.13195,1.00,2.25
2016.08.15 14:41:56.787,1.1319,1.13195,1.00,1.50
2016.08.15 14:41:56.894,1.1319,1.13195,1.00,2.25
2016.08.15 14:41:57.396,1.1319,1.13195,1.37,1.50
2016.08.15 14:41:57.490,1.13193,1.13195,1.00,1.50
2016.08.15 14:41:57.541,1.13192,1.13197,1.12,3.82
2016.08.15 14:41:57.592,1.13193,1.13197,1.00,3.75
2016.08.15 14:41:57.745,1.13192,1.13195,1.12,1.00
2016.08.15 14:41:57.846,1.13192,1.13197,1.12,2.25
2016.08.15 14:41:57.948,1.13194,1.13196,1.00,1.12
2016.08.15 14:41:58.488,1.13193,1.13196,1.00,1.12
2016.08.15 14:41:58.743,1.13193,1.13196,1.00,1.00
2016.08.15 14:42:00.110,1.13194,1.13196,1.00,1.00
2016.08.15 14:42:00.637,1.13194,1.13197,1.00,1.00
2016.08.15 14:42:00.933,1.13194,1.13197,1.00,1.12
2016.08.15 14:42:00.997,1.13191,1.13196,1.12,1.00
2016.08.15 14:42:01.512,1.13193,1.13198,1.00,2.25
2016.08.15 14:42:01.563,1.13194,1.13198,1.00,1.12
2016.08.15 14:42:01.614,1.13194,1.13199,1.00,1.65
2016.08.15 14:42:01.665,1.13194,1.13199,1.00,1.10
2016.08.15 14:42:01.716,1.13195,1.13199,1.00,1.10
2016.08.15 14:42:01.767,1.13195,1.13199,1.00,1.00
2016.08.15 14:42:02.108,1.13195,1.132,1.50,2.62
2016.08.15 14:42:02.160,1.13196,1.13198,1.00,1.00
2016.08.15 14:42:02.567,1.13195,1.13199,1.00,1.00
2016.08.15 14:42:02.617,1.13194,1.13199,1.50,1.00
2016.08.15 14:42:02.719,1.13195,1.13199,1.00,1.00
2016.08.15 14:42:02.923,1.13195,1.132,1.50,1.50
2016.08.15 14:42:03.025,1.13195,1.132,1.00,1.00
2016.08.15 14:42:03.267,1.13198,1.13201,1.00,1.50
2016.08.15 14:42:03.319,1.13199,1.13201,1.00,1.00
2016.08.15 14:42:03.370,1.13199,1.13202,1.12,1.50
2016.08.15 14:42:03.522,1.13198,1.13201,1.50,1.00
2016.08.15 14:42:03.624,1.13199,1.13201,1.00,1.00
2016.08.15 14:42:03.725,1.132,1.13203,1.00,1.00
2016.08.15 14:42:03.777,1.13201,1.13206,1.12,3.15
2016.08.15 14:42:03.828,1.13201,1.13204,1.12,1.12
2016.08.15 14:42:04.829,1.13201,1.13205,1.12,1.37
2016.08.15 14:42:04.880,1.13201,1.13205,1.12,1.12
2016.08.15 14:42:05.209,1.13201,1.13206,1.12,3.00
2016.08.15 14:42:06.018,1.13201,1.13205,1.12,1.12
2016.08.15 14:42:06.597,1.13201,1.13205,1.37,1.12
2016.08.15 14:42:06.716,1.13201,1.13206,1.50,3.75
2016.08.15 14:42:06.933,1.13201,1.13205,1.50,1.12
2016.08.15 14:42:07.087,1.13202,1.13205,1.00,1.12
2016.08.15 14:42:07.376,1.13201,1.13204,1.69,1.00
2016.08.15 14:42:07.452,1.13201,1.13205,1.69,1.12
2016.08.15 14:42:07.555,1.13201,1.13205,2.44,1.12
2016.08.15 14:42:07.759,1.13201,1.13206,2.44,2.25
2016.08.15 14:42:07.861,1.13201,1.13205,2.44,1.12
2016.08.15 14:42:08.066,1.13201,1.13205,2.44,1.00
2016.08.15 14:42:08.117,1.13203,1.13205,1.12,1.00
2016.08.15 14:42:08.220,1.13203,1.13206,1.12,1.00
2016.08.15 14:42:08.272,1.13203,1.13208,1.12,1.12
2016.08.15 14:42:08.536,1.13203,1.13208,4.12,1.00
2016.08.15 14:42:08.587,1.13205,1.13209,1.00,1.00
2016.08.15 14:42:08.638,1.13205,1.13209,1.00,1.00
2016.08.15 14:42:08.690,1.13207,1.1321,1.00,1.00
2016.08.15 14:42:08.741,1.13207,1.1321,1.00,1.50
2016.08.15 14:42:08.792,1.13206,1.13209,1.00,1.00
2016.08.15 14:42:08.944,1.13205,1.1321,1.50,1.50
2016.08.15 14:42:09.299,1.13205,1.1321,1.87,1.50
2016.08.15 14:42:09.351,1.13208,1.13211,1.00,1.12
2016.08.15 14:42:09.402,1.13207,1.1321,1.00,1.00
2016.08.15 14:42:09.453,1.13207,1.1321,1.00,1.50
2016.08.15 14:42:09.554,1.13207,1.1321,1.00,1.00
2016.08.15 14:42:09.605,1.13207,1.13211,1.00,1.50
2016.08.15 14:42:09.908,1.13204,1.13209,2.62,1.00
2016.08.15 14:42:09.959,1.13207,1.13209,1.00,1.00
2016.08.15 14:42:10.061,1.13206,1.1321,1.00,1.12
2016.08.15 14:42:10.112,1.13207,1.1321,1.12,1.87
2016.08.15 14:42:10.264,1.13207,1.1321,1.12,1.50
2016.08.15 14:42:10.823,1.13207,1.1321,1.50,1.00
2016.08.15 14:42:10.886,1.13207,1.13212,1.50,1.00
2016.08.15 14:42:11.091,1.13209,1.13212,1.00,1.00
2016.08.15 14:42:11.142,1.13209,1.13213,1.50,1.00
2016.08.15 14:42:11.193,1.13209,1.13214,1.87,1.20
2016.08.15 14:42:11.244,1.13209,1.13214,1.87,1.10
2016.08.15 14:42:11.295,1.13209,1.13214,1.87,1.00
2016.08.15 14:42:11.346,1.1321,1.13214,1.00,1.00
2016.08.15 14:42:11.397,1.1321,1.13214,1.12,1.00
2016.08.15 14:42:11.447,1.13209,1.13214,2.25,1.00
2016.08.15 14:42:11.549,1.1321,1.13214,1.12,1.00
2016.08.15 14:42:11.601,1.1321,1.13214,1.00,1.00
2016.08.15 14:42:11.652,1.13209,1.13214,1.87,1.00
2016.08.15 14:42:11.753,1.1321,1.13214,1.00,1.00
2016.08.15 14:42:12.086,1.13209,1.13214,1.50,1.00
2016.08.15 14:42:12.137,1.1321,1.13214,1.00,1.00
2016.08.15 14:42:12.667,1.13209,1.13214,1.87,1.00
2016.08.15 14:42:12.870,1.13209,1.13214,1.12,1.00
2016.08.15 14:42:13.693,1.13209,1.13214,1.00,1.00
2016.08.15 14:42:14.578,1.13208,1.13213,2.06,1.00
2016.08.15 14:42:14.629,1.13208,1.13213,2.44,1.00
2016.08.15 14:42:15.097,1.13208,1.13213,2.81,1.00
2016.08.15 14:42:15.148,1.13208,1.13212,2.44,1.00
2016.08.15 14:42:15.251,1.1321,1.13213,1.12,1.00
2016.08.15 14:42:15.302,1.1321,1.13213,1.87,1.00
2016.08.15 14:42:15.404,1.1321,1.13213,2.25,1.00
2016.08.15 14:42:15.661,1.1321,1.13213,1.50,1.00
2016.08.15 14:42:15.713,1.1321,1.13213,1.12,1.00
2016.08.15 14:42:15.917,1.1321,1.13213,1.50,1.00
2016.08.15 14:42:18.548,1.13211,1.13214,1.12,1.00
2016.08.15 14:42:19.513,1.13211,1.13214,1.00,1.00
2016.08.15 14:42:20.140,1.13211,1.13214,1.37,1.00
2016.08.15 14:42:21.684,1.1321,1.13213,3.19,1.00
2016.08.15 14:42:22.484,1.1321,1.13213,2.29,1.00
2016.08.15 14:42:22.552,1.13209,1.13213,3.56,1.00
2016.08.15 14:42:22.654,1.13209,1.13213,4.31,1.00
2016.08.15 14:42:22.756,1.13209,1.13213,3.56,1.00
2016.08.15 14:42:24.000,1.13209,1.13214,3.56,1.00
2016.08.15 14:42:24.211,1.13209,1.13214,4.16,1.00
2016.08.15 14:42:24.363,1.13211,1.13213,1.37,1.00
2016.08.15 14:42:24.415,1.13212,1.13214,1.00,1.00
2016.08.15 14:42:24.653,1.13211,1.13214,1.75,1.00
2016.08.15 14:42:25.005,1.1321,1.13215,2.44,1.50
2016.08.15 14:42:25.056,1.13211,1.13215,2.85,1.50
2016.08.15 14:42:25.291,1.13215,1.13217,1.37,1.50
2016.08.15 14:42:25.342,1.13215,1.13219,1.72,1.00
2016.08.15 14:42:25.854,1.13216,1.13219,1.00,1.00
2016.08.15 14:42:25.905,1.13214,1.13219,1.50,1.00
2016.08.15 14:42:26.007,1.13214,1.13217,1.50,1.00
2016.08.15 14:42:26.058,1.13214,1.13217,1.12,1.00
2016.08.15 14:42:26.748,1.13216,1.13219,1.00,1.00
2016.08.15 14:42:26.850,1.13216,1.1322,1.00,1.50
2016.08.15 14:42:26.901,1.13216,1.13219,1.00,1.00
2016.08.15 14:42:27.054,1.13216,1.1322,1.00,1.50
2016.08.15 14:42:27.105,1.13216,1.13219,1.00,1.00
2016.08.15 14:42:27.411,1.13214,1.13219,2.25,1.00
2016.08.15 14:42:27.532,1.13216,1.13219,1.00,1.00
2016.08.15 14:42:27.634,1.13215,1.13218,1.87,1.00
2016.08.15 14:42:27.685,1.13215,1.13219,1.12,1.00
2016.08.15 14:42:27.736,1.13216,1.13219,1.00,1.00
2016.08.15 14:42:28.256,1.13215,1.13218,1.12,1.00
2016.08.15 14:42:28.307,1.13215,1.1322,1.12,1.50
2016.08.15 14:42:28.358,1.13215,1.13218,1.12,1.00
2016.08.15 14:42:28.409,1.13214,1.13217,1.50,1.00
2016.08.15 14:42:28.562,1.13214,1.13217,1.12,1.00
2016.08.15 14:42:28.613,1.13213,1.13216,1.95,1.00
2016.08.15 14:42:28.664,1.13213,1.13216,1.20,1.00
2016.08.15 14:42:28.715,1.13212,1.13215,1.39,1.00
2016.08.15 14:42:28.766,1.13211,1.13214,3.19,1.00
2016.08.15 14:42:28.817,1.1321,1.13215,2.06,1.00
2016.08.15 14:42:28.868,1.13209,1.13213,5.81,1.00
2016.08.15 14:42:28.919,1.13209,1.13214,5.06,1.00
2016.08.15 14:42:29.221,1.1321,1.13213,1.12,1.00
2016.08.15 14:42:29.272,1.13209,1.13214,4.12,1.00
2016.08.15 14:42:29.323,1.13209,1.13214,4.50,1.00
2016.08.15 14:42:29.374,1.13209,1.13214,4.87,1.00
2016.08.15 14:42:29.848,1.13209,1.13214,3.75,1.00
2016.08.15 14:42:30.000,1.13209,1.13214,3.00,1.00
2016.08.15 14:42:30.369,1.13209,1.13214,3.37,1.00
2016.08.15 14:42:30.949,1.13211,1.13214,1.50,1.00
2016.08.15 14:42:31.016,1.13211,1.13214,1.69,1.00
2016.08.15 14:42:33.319,1.13213,1.13216,1.00,1.50
2016.08.15 14:42:33.370,1.13214,1.13216,1.00,1.00
2016.08.15 14:42:33.522,1.13215,1.13219,1.00,1.87
2016.08.15 14:42:33.825,1.13217,1.13219,1.00,1.00
2016.08.15 14:42:33.876,1.1322,1.13223,1.00,1.50
2016.08.15 14:42:34.304,1.13224,1.13226,1.00,1.12
2016.08.15 14:42:34.406,1.13222,1.13224,1.50,1.00
2016.08.15 14:42:34.457,1.13222,1.13224,1.00,1.12
2016.08.15 14:42:34.508,1.13226,1.13227,1.00,1.50
2016.08.15 14:42:34.559,1.13223,1.13225,1.87,1.37
2016.08.15 14:42:34.807,1.13227,1.13229,1.10,1.50
2016.08.15 14:42:34.863,1.13233,1.13237,1.00,2.25
2016.08.15 14:42:34.915,1.13235,1.13237,1.50,1.00
2016.08.15 14:42:34.967,1.13236,1.13239,1.00,1.50
2016.08.15 14:42:35.018,1.13236,1.13238,1.00,1.12
2016.08.15 14:42:35.119,1.13234,1.13237,1.00,1.00
2016.08.15 14:42:35.170,1.13235,1.13238,1.00,1.12
2016.08.15 14:42:35.471,1.13235,1.13238,1.50,1.12
2016.08.15 14:42:35.573,1.13235,1.13237,1.00,1.00
2016.08.15 14:42:35.624,1.13234,1.13237,1.00,1.00
2016.08.15 14:42:36.131,1.13235,1.13238,1.00,1.12
2016.08.15 14:42:36.457,1.13234,1.13236,1.00,1.00
2016.08.15 14:42:36.508,1.13234,1.13236,1.00,1.00
2016.08.15 14:42:36.609,1.13235,1.13238,1.00,1.00
2016.08.15 14:42:36.711,1.13235,1.13238,1.50,1.00
2016.08.15 14:42:36.813,1.13235,1.13238,1.00,1.00
2016.08.15 14:42:36.863,1.13234,1.13237,1.50,1.00
2016.08.15 14:42:36.914,1.13233,1.13236,1.00,1.00
2016.08.15 14:42:37.512,1.13232,1.13235,1.87,1.00
2016.08.15 14:42:37.589,1.13232,1.13235,1.00,1.50
2016.08.15 14:42:37.741,1.13232,1.13235,1.00,1.00
2016.08.15 14:42:37.930,1.13232,1.13235,1.00,1.50
2016.08.15 14:42:38.032,1.13232,1.13235,1.00,1.00
2016.08.15 14:42:38.134,1.13232,1.13235,1.00,1.50
2016.08.15 14:42:38.539,1.13233,1.13236,1.00,1.00
2016.08.15 14:42:38.591,1.13233,1.13238,1.00,1.87
2016.08.15 14:42:39.101,1.13233,1.13236,1.00,1.00
2016.08.15 14:42:39.253,1.13232,1.13236,1.00,1.00
2016.08.15 14:42:39.304,1.13232,1.13237,1.00,1.00
2016.08.15 14:42:39.752,1.13235,1.13237,1.12,1.00
2016.08.15 14:42:39.803,1.13239,1.13241,1.00,1.00
2016.08.15 14:42:39.854,1.13239,1.13242,1.00,1.10
2016.08.15 14:42:39.905,1.13239,1.13242,1.00,1.00
2016.08.15 14:42:40.212,1.1324,1.13242,1.00,1.00
2016.08.15 14:42:40.314,1.13238,1.1324,1.12,1.00
2016.08.15 14:42:40.548,1.13236,1.13239,1.50,1.00
2016.08.15 14:42:40.599,1.13236,1.13239,1.00,1.00
2016.08.15 14:42:40.751,1.13238,1.1324,1.00,1.00
2016.08.15 14:42:41.066,1.13239,1.13242,1.00,1.00
2016.08.15 14:42:41.389,1.1324,1.13245,1.00,3.52
2016.08.15 14:42:41.671,1.1324,1.13245,2.10,1.00
2016.08.15 14:42:41.722,1.1324,1.13247,2.10,1.00
2016.08.15 14:42:41.874,1.1324,1.13247,1.50,1.00
2016.08.15 14:42:42.305,1.1324,1.13247,2.10,1.00
2016.08.15 14:42:42.357,1.13243,1.13249,1.00,3.82
2016.08.15 14:42:42.408,1.13243,1.13249,1.00,2.32
2016.08.15 14:42:42.459,1.13243,1.13249,1.00,1.12
2016.08.15 14:42:42.769,1.13241,1.13248,1.27,1.00
2016.08.15 14:42:42.820,1.13241,1.13248,1.10,1.00
2016.08.15 14:42:42.871,1.13241,1.13248,1.00,1.00
2016.08.15 14:42:42.922,1.13241,1.13248,1.50,1.00
2016.08.15 14:42:42.973,1.13241,1.13245,1.00,1.00
2016.08.15 14:42:43.024,1.1324,1.13245,1.00,1.00
2016.08.15 14:42:43.076,1.1324,1.13245,1.00,1.50
2016.08.15 14:42:43.128,1.1324,1.13244,1.00,1.00
2016.08.15 14:42:43.180,1.13239,1.13242,1.50,1.00
2016.08.15 14:42:43.231,1.13239,1.1324,1.12,1.00
2016.08.15 14:42:43.522,1.13237,1.13239,1.00,1.00
2016.08.15 14:42:43.573,1.13236,1.13243,1.50,1.47
2016.08.15 14:42:43.624,1.13236,1.13242,1.00,1.00
2016.08.15 14:42:43.675,1.13236,1.1324,1.00,1.00
2016.08.15 14:42:44.546,1.13235,1.1324,1.87,1.00
2016.08.15 14:42:44.597,1.13236,1.13242,1.00,1.00
2016.08.15 14:42:44.649,1.13236,1.13242,1.12,1.00
2016.08.15 14:42:44.700,1.13236,1.13243,1.87,1.00
2016.08.15 14:42:44.751,1.13236,1.13243,3.00,1.00
2016.08.15 14:42:44.802,1.13237,1.13244,1.00,1.00
2016.08.15 14:42:44.904,1.13236,1.13244,1.12,1.00
2016.08.15 14:42:45.062,1.13236,1.13242,2.25,1.00
2016.08.15 14:42:45.113,1.13236,1.13242,2.25,1.00
2016.08.15 14:42:45.164,1.13236,1.13243,3.00,1.00
2016.08.15 14:42:45.215,1.13236,1.13243,2.25,1.00
2016.08.15 14:42:45.501,1.13236,1.13245,1.50,3.07
2016.08.15 14:42:45.553,1.13236,1.13245,1.87,3.07
2016.08.15 14:42:45.604,1.13236,1.13243,2.62,1.00
2016.08.15 14:42:45.910,1.13238,1.13245,1.00,1.57
2016.08.15 14:42:45.961,1.13237,1.13244,1.12,1.00
2016.08.15 14:42:46.064,1.13238,1.13245,1.00,1.57
2016.08.15 14:42:46.115,1.13238,1.13245,2.47,1.00
2016.08.15 14:42:46.166,1.13238,1.13246,4.72,1.27
2016.08.15 14:42:46.218,1.13238,1.13246,3.22,1.10
2016.08.15 14:42:46.269,1.13238,1.13246,3.22,1.00
2016.08.15 14:42:46.320,1.13238,1.13247,8.10,1.20
2016.08.15 14:42:46.915,1.13239,1.13247,1.60,1.20
2016.08.15 14:42:47.068,1.13239,1.13247,1.35,1.20
2016.08.15 14:42:47.170,1.13239,1.13247,1.35,1.12
2016.08.15 14:42:48.099,1.13239,1.13247,1.60,1.12
2016.08.15 14:42:48.174,1.13239,1.13247,3.60,1.12
2016.08.15 14:42:48.225,1.13239,1.13247,3.97,1.12
2016.08.15 14:42:48.377,1.1324,1.13247,1.12,1.00
2016.08.15 14:42:48.428,1.1324,1.13248,2.25,1.20
2016.08.15 14:42:48.479,1.1324,1.13248,2.85,1.00
2016.08.15 14:42:48.580,1.1324,1.13248,3.22,1.00
2016.08.15 14:42:48.631,1.1324,1.13248,4.95,1.00
2016.08.15 14:42:48.851,1.1324,1.13248,3.00,1.00
2016.08.15 14:42:48.902,1.1324,1.13248,2.62,1.50
2016.08.15 14:42:48.953,1.1324,1.13247,3.97,1.00
2016.08.15 14:42:49.201,1.13241,1.13247,1.50,1.00
2016.08.15 14:42:49.480,1.13241,1.13248,1.50,1.50
2016.08.15 14:42:49.653,1.13241,1.13248,1.50,1.00
2016.08.15 14:42:49.704,1.13245,1.13249,1.00,1.00
2016.08.15 14:42:49.755,1.13245,1.13251,1.50,1.87
2016.08.15 14:42:49.806,1.13246,1.13251,1.12,1.00
2016.08.15 14:42:49.857,1.13247,1.13253,1.00,2.62
2016.08.15 14:42:49.908,1.13247,1.13253,1.87,1.00
2016.08.15 14:42:49.960,1.13248,1.13255,1.00,3.07
2016.08.15 14:42:50.011,1.13248,1.13255,1.00,2.32
2016.08.15 14:42:50.257,1.13248,1.13255,1.12,1.87
2016.08.15 14:42:50.308,1.1325,1.13256,1.00,1.10
2016.08.15 14:42:50.362,1.13249,1.13256,2.62,1.00
2016.08.15 14:42:50.413,1.13249,1.13256,1.50,1.00
2016.08.15 14:42:50.514,1.1325,1.13256,1.00,1.00
2016.08.15 14:42:50.566,1.1325,1.13257,1.00,1.50
2016.08.15 14:42:50.617,1.1325,1.13257,1.29,1.50
2016.08.15 14:42:50.719,1.13249,1.13256,2.54,1.50
2016.08.15 14:42:50.770,1.13248,1.13256,3.74,1.00
2016.08.15 14:42:50.821,1.13248,1.13256,3.45,1.00
2016.08.15 14:42:50.872,1.13249,1.13256,1.00,1.87
2016.08.15 14:42:51.397,1.13249,1.13255,1.00,1.00
2016.08.15 14:42:51.448,1.13247,1.13255,2.85,1.00
2016.08.15 14:42:51.499,1.1325,1.13253,1.00,1.00
2016.08.15 14:42:51.551,1.1325,1.13253,1.50,1.00
2016.08.15 14:42:51.653,1.1325,1.13253,1.00,1.00
2016.08.15 14:42:51.856,1.13251,1.13256,1.00,1.65
2016.08.15 14:42:52.131,1.1325,1.13255,1.87,1.50
2016.08.15 14:42:52.182,1.13252,1.13255,1.00,1.00
2016.08.15 14:42:52.301,1.13252,1.13256,1.00,1.00
2016.08.15 14:42:52.352,1.13252,1.13257,1.00,1.87
2016.08.15 14:42:52.403,1.13252,1.13257,1.00,1.00
2016.08.15 14:42:52.661,1.13251,1.13255,1.00,1.00
2016.08.15 14:42:53.022,1.13253,1.13255,1.00,1.00
2016.08.15 14:42:53.110,1.13256,1.13259,1.00,4.12
2016.08.15 14:42:53.161,1.13256,1.13259,1.00,3.37
2016.08.15 14:42:53.212,1.13255,1.13258,1.00,1.00
2016.08.15 14:42:53.263,1.13253,1.13256,1.10,1.00
2016.08.15 14:42:53.416,1.13255,1.13258,1.00,1.00
2016.08.15 14:42:53.855,1.13252,1.13257,1.57,1.00
2016.08.15 14:42:54.046,1.13252,1.13257,1.10,1.00
2016.08.15 14:42:54.453,1.13252,1.13257,1.00,1.00
2016.08.15 14:42:54.860,1.13254,1.13257,1.00,1.00
2016.08.15 14:42:54.911,1.13253,1.13256,1.50,1.00
2016.08.15 14:42:55.294,1.13253,1.13258,1.00,1.00
2016.08.15 14:42:55.344,1.13253,1.13258,1.50,1.00
2016.08.15 14:42:55.547,1.13253,1.13255,1.50,1.00
2016.08.15 14:42:55.649,1.13253,1.13256,1.50,1.00
2016.08.15 14:42:56.051,1.13253,1.13256,1.00,1.00
2016.08.15 14:42:56.102,1.13252,1.13255,1.87,1.00
2016.08.15 14:42:56.154,1.13252,1.13257,1.87,1.00
2016.08.15 14:42:56.256,1.13252,1.13256,1.87,1.00
2016.08.15 14:42:56.408,1.13252,1.13255,1.50,1.00
2016.08.15 14:42:56.561,1.13252,1.13254,1.00,1.00
2016.08.15 14:42:56.663,1.13251,1.13254,1.87,1.00
2016.08.15 14:42:57.062,1.13251,1.13253,1.12,1.00
2016.08.15 14:42:57.113,1.13251,1.13253,1.00,1.00
2016.08.15 14:42:57.164,1.13251,1.13256,1.00,1.00
2016.08.15 14:42:57.265,1.13251,1.13257,1.00,1.00
2016.08.15 14:42:57.316,1.13251,1.13258,1.12,2.25
2016.08.15 14:42:57.367,1.13252,1.13258,1.00,1.50
2016.08.15 14:42:57.418,1.13252,1.13258,1.12,1.00
2016.08.15 14:42:57.520,1.13253,1.13258,1.00,1.00
2016.08.15 14:42:57.571,1.13252,1.13258,1.87,1.00
2016.08.15 14:42:57.622,1.13253,1.13258,1.00,1.00
2016.08.15 14:42:57.724,1.13252,1.13259,1.87,2.25
2016.08.15 14:42:57.775,1.13253,1.13259,1.00,2.62
2016.08.15 14:42:58.025,1.13253,1.13259,1.00,1.87
2016.08.15 14:42:58.076,1.13252,1.13259,1.87,2.62
2016.08.15 14:42:58.306,1.13252,1.13259,1.87,1.87
2016.08.15 14:42:58.509,1.13252,1.13258,1.37,1.00
2016.08.15 14:42:58.560,1.13252,1.13258,1.00,1.00
2016.08.15 14:42:58.662,1.13252,1.13259,1.00,5.25
2016.08.15 14:42:58.712,1.13252,1.13259,1.12,5.62
2016.08.15 14:42:58.763,1.13252,1.13259,1.12,6.00
2016.08.15 14:42:58.814,1.13252,1.13259,1.87,6.00
2016.08.15 14:42:58.865,1.13252,1.13259,1.87,2.62
2016.08.15 14:42:58.916,1.13252,1.13259,1.87,3.37
2016.08.15 14:42:58.967,1.13252,1.13258,1.12,1.00
2016.08.15 14:42:59.504,1.13253,1.13258,1.00,1.50
2016.08.15 14:42:59.556,1.13253,1.13258,1.00,1.00
2016.08.15 14:43:00.068,1.13253,1.13258,1.00,1.50
2016.08.15 14:43:00.170,1.13253,1.13258,1.50,1.50
2016.08.15 14:43:00.221,1.13254,1.13258,1.12,1.00
2016.08.15 14:43:00.273,1.13255,1.13258,1.00,1.00
2016.08.15 14:43:00.573,1.13253,1.13258,1.00,1.50
2016.08.15 14:43:00.777,1.13252,1.13258,1.00,1.00
2016.08.15 14:43:01.082,1.13253,1.13259,1.00,1.87
2016.08.15 14:43:01.185,1.13253,1.13259,1.50,1.87
2016.08.15 14:43:01.549,1.13254,1.13258,1.00,1.00
2016.08.15 14:43:03.058,1.13254,1.1326,1.00,3.37
2016.08.15 14:43:03.109,1.13254,1.1326,1.00,2.62
2016.08.15 14:43:04.100,1.1325,1.13257,5.89,1.00
2016.08.15 14:43:04.152,1.1325,1.13255,1.00,1.00
2016.08.15 14:43:04.356,1.13249,1.13255,1.50,1.00
2016.08.15 14:43:04.408,1.13249,1.13253,1.50,1.00
2016.08.15 14:43:04.460,1.13249,1.13252,1.12,1.00
2016.08.15 14:43:04.511,1.13247,1.13253,2.25,1.00
2016.08.15 14:43:04.562,1.13247,1.13253,1.12,1.00
2016.08.15 14:43:04.615,1.13246,1.13252,1.87,1.00
2016.08.15 14:43:04.666,1.13246,1.13252,1.12,1.00
2016.08.15 14:43:04.870,1.13246,1.13253,1.12,1.50
2016.08.15 14:43:04.921,1.13246,1.13253,1.50,1.50
2016.08.15 14:43:05.159,1.13246,1.13253,2.10,1.50
2016.08.15 14:43:05.210,1.13246,1.13253,1.50,1.00
2016.08.15 14:43:05.261,1.13246,1.13253,2.62,1.00
2016.08.15 14:43:05.363,1.13247,1.13254,1.00,1.50
2016.08.15 14:43:05.414,1.13246,1.13253,2.62,1.00
2016.08.15 14:43:05.668,1.13246,1.13253,3.37,1.00
2016.08.15 14:43:05.770,1.13246,1.13254,4.12,1.00
2016.08.15 14:43:05.872,1.13247,1.13255,1.00,1.00
2016.08.15 14:43:05.923,1.13247,1.13255,1.35,1.50
2016.08.15 14:43:05.975,1.13248,1.13255,1.12,1.50
2016.08.15 14:43:06.077,1.13248,1.13255,1.12,1.00
2016.08.15 14:43:06.357,1.1325,1.13257,1.00,3.07
2016.08.15 14:43:06.409,1.13251,1.13256,1.00,1.00
2016.08.15 14:43:06.460,1.13251,1.13256,1.00,1.00
2016.08.15 14:43:06.714,1.13251,1.13256,1.00,1.00
2016.08.15 14:43:07.030,1.13251,1.13254,1.50,1.00
2016.08.15 14:43:07.183,1.13252,1.13254,1.00,1.00
2016.08.15 14:43:07.286,1.13249,1.13254,1.19,1.00
2016.08.15 14:43:07.818,1.13249,1.13254,1.19,1.50
2016.08.15 14:43:07.899,1.13247,1.13251,1.00,1.00
2016.08.15 14:43:08.007,1.13248,1.13251,1.00,1.00
2016.08.15 14:43:08.599,1.13246,1.13251,1.31,1.00
2016.08.15 14:43:08.899,1.13245,1.13248,1.19,1.00
2016.08.15 14:43:08.950,1.13246,1.13249,1.00,1.00
2016.08.15 14:43:09.115,1.13246,1.13249,1.50,1.00
2016.08.15 14:43:09.421,1.13247,1.1325,1.00,1.50
2016.08.15 14:43:09.704,1.13247,1.1325,1.00,1.00
2016.08.15 14:43:10.116,1.13246,1.13249,1.50,1.00
2016.08.15 14:43:10.870,1.13249,1.13252,1.00,1.00
2016.08.15 14:43:10.972,1.1325,1.13252,1.12,1.00
2016.08.15 14:43:11.125,1.1325,1.13255,1.12,1.00
2016.08.15 14:43:11.405,1.13251,1.13257,1.00,1.10
2016.08.15 14:43:11.456,1.13251,1.13258,1.00,1.50
2016.08.15 14:43:11.507,1.1325,1.13258,1.12,1.50
2016.08.15 14:43:11.557,1.1325,1.13257,1.12,1.00
2016.08.15 14:43:11.792,1.1325,1.13257,1.12,1.00
2016.08.15 14:43:11.845,1.13251,1.13257,1.00,1.00
2016.08.15 14:43:11.948,1.13251,1.13257,1.00,1.50
2016.08.15 14:43:12.101,1.1325,1.13257,1.12,1.50
2016.08.15 14:43:12.854,1.1325,1.13257,1.37,1.00
2016.08.15 14:43:12.906,1.1325,1.13257,1.12,1.00
2016.08.15 14:43:13.895,1.13251,1.13258,1.37,1.00
2016.08.15 14:43:13.946,1.1325,1.13257,2.25,1.00
2016.08.15 14:43:13.997,1.1325,1.13257,3.75,1.00
2016.08.15 14:43:14.048,1.13251,1.13257,1.00,1.00
2016.08.15 14:43:14.200,1.13252,1.13257,1.00,1.00
2016.08.15 14:43:14.456,1.13253,1.13258,1.00,1.00
2016.08.15 14:43:14.558,1.13252,1.13258,1.87,1.00
2016.08.15 14:43:15.147,1.13253,1.13258,1.00,1.00
2016.08.15 14:43:15.217,1.13253,1.13258,1.00,1.00
2016.08.15 14:43:16.026,1.13253,1.13258,1.00,1.00
2016.08.15 14:43:16.481,1.13252,1.13259,1.00,1.00
2016.08.15 14:43:16.533,1.13252,1.13259,1.50,1.00
2016.08.15 14:43:16.635,1.13253,1.13259,1.00,1.12
2016.08.15 14:43:16.686,1.13253,1.13258,1.50,1.00
2016.08.15 14:43:16.737,1.13253,1.13257,1.00,1.00
2016.08.15 14:43:16.839,1.13252,1.13257,1.00,1.75
2016.08.15 14:43:17.147,1.13252,1.13258,1.00,2.25
2016.08.15 14:43:17.199,1.13253,1.13259,1.37,1.37
2016.08.15 14:43:17.250,1.13254,1.1326,1.00,2.25
2016.08.15 14:43:17.302,1.13253,1.1326,3.75,2.25
2016.08.15 14:43:17.353,1.13255,1.13261,1.75,2.25
2016.08.15 14:43:17.455,1.13256,1.13261,1.67,1.12
2016.08.15 14:43:17.506,1.13256,1.13262,1.67,1.37
2016.08.15 14:43:17.585,1.13255,1.13263,3.04,3.00
2016.08.15 14:43:17.636,1.13255,1.13263,3.04,1.87
2016.08.15 14:43:17.687,1.13255,1.13263,3.04,1.75
2016.08.15 14:43:17.738,1.13255,1.13263,4.91,1.75
2016.08.15 14:43:17.789,1.13256,1.13264,1.25,1.75
2016.08.15 14:43:18.068,1.13256,1.13264,2.00,1.50
2016.08.15 14:43:18.119,1.13258,1.13264,1.00,1.00
2016.08.15 14:43:18.171,1.13258,1.13265,1.00,1.00
2016.08.15 14:43:18.222,1.13259,1.13266,1.87,1.10
2016.08.15 14:43:18.273,1.13259,1.13266,2.44,1.10
2016.08.15 14:43:18.324,1.13259,1.13266,3.56,1.00
2016.08.15 14:43:18.375,1.1326,1.13267,1.50,1.00
2016.08.15 14:43:18.426,1.1326,1.13267,2.25,1.00
2016.08.15 14:43:18.477,1.1326,1.13267,2.85,1.00
2016.08.15 14:43:18.737,1.13261,1.13267,1.60,1.00
2016.08.15 14:43:19.020,1.1326,1.13267,1.87,1.00
2016.08.15 14:43:19.071,1.1326,1.13267,1.12,1.00
2016.08.15 14:43:19.173,1.13259,1.13266,3.64,1.00
2016.08.15 14:43:19.275,1.13259,1.13266,1.39,1.00
2016.08.15 14:43:19.326,1.1326,1.13268,1.50,2.25
2016.08.15 14:43:19.378,1.1326,1.13268,2.10,1.50
2016.08.15 14:43:19.429,1.1326,1.13267,1.50,1.00
2016.08.15 14:43:19.532,1.13261,1.13268,1.00,1.00
2016.08.15 14:43:20.672,1.1326,1.13269,1.00,3.00
2016.08.15 14:43:20.723,1.1326,1.13269,1.87,3.00
2016.08.15 14:43:20.775,1.13261,1.13268,1.00,1.50
2016.08.15 14:43:20.876,1.13259,1.13268,2.70,2.25
2016.08.15 14:43:21.148,1.13259,1.13268,3.30,1.50
2016.08.15 14:43:21.202,1.13263,1.13265,1.00,1.50
2016.08.15 14:43:21.355,1.13263,1.13265,1.00,1.00
2016.08.15 14:43:21.458,1.13262,1.13265,1.00,1.50
2016.08.15 14:43:21.561,1.13261,1.13264,1.00,1.00
2016.08.15 14:43:22.821,1.13261,1.13266,1.37,1.50
2016.08.15 14:43:22.872,1.13262,1.13266,1.12,1.00
2016.08.15 14:43:22.923,1.13261,1.13266,1.37,1.00
2016.08.15 14:43:23.273,1.1326,1.13263,1.37,1.00
2016.08.15 14:43:23.824,1.13261,1.13264,1.12,1.00
2016.08.15 14:43:23.875,1.13262,1.13265,1.00,1.00
2016.08.15 14:43:23.926,1.13262,1.13267,1.12,1.00
2016.08.15 14:43:24.028,1.13262,1.13267,1.37,1.00
2016.08.15 14:43:24.303,1.13262,1.13265,1.12,1.50
2016.08.15 14:43:24.463,1.13262,1.13265,1.12,1.00
2016.08.15 14:43:24.755,1.13262,1.13265,1.12,1.50
2016.08.15 14:43:24.958,1.13262,1.13265,1.00,1.00
2016.08.15 14:43:25.009,1.13262,1.13266,1.00,1.00
2016.08.15 14:43:25.060,1.13262,1.13267,1.12,1.00
2016.08.15 14:43:25.308,1.13262,1.13267,1.75,1.00
2016.08.15 14:43:25.359,1.13264,1.13267,1.12,1.00
2016.08.15 14:43:26.277,1.13264,1.13267,1.00,1.00
2016.08.15 14:43:26.605,1.13262,1.13267,2.25,1.00
2016.08.15 14:43:26.809,1.13263,1.13268,1.87,1.00
2016.08.15 14:43:26.860,1.13263,1.13268,2.25,1.00
2016.08.15 14:43:26.911,1.13264,1.13268,1.00,1.00
2016.08.15 14:43:27.216,1.13266,1.13269,1.00,1.00
2016.08.15 14:43:29.186,1.13265,1.13268,1.00,1.00
2016.08.15 14:43:30.253,1.13265,1.13268,1.50,1.00
2016.08.15 14:43:31.023,1.13264,1.13267,1.50,1.00
2016.08.15 14:43:33.714,1.13264,1.13269,1.50,1.00
2016.08.15 14:43:34.475,1.13264,1.13269,1.50,1.12
2016.08.15 14:43:34.645,1.13264,1.13269,1.50,1.00
2016.08.15 14:43:36.097,1.13267,1.1327,1.00,1.50
2016.08.15 14:43:36.148,1.13266,1.13269,1.00,1.00
2016.08.15 14:43:36.199,1.13265,1.1327,1.00,1.50
2016.08.15 14:43:36.250,1.13265,1.1327,2.25,1.00
2016.08.15 14:43:36.599,1.13265,1.1327,2.62,1.00
2016.08.15 14:43:36.701,1.13268,1.13271,1.00,1.50
2016.08.15 14:43:36.752,1.13266,1.13271,1.12,1.50
2016.08.15 14:43:36.803,1.13266,1.13271,1.12,1.00
2016.08.15 14:43:36.957,1.13266,1.13271,1.00,1.00
2016.08.15 14:43:37.009,1.13269,1.13273,1.00,1.00
2016.08.15 14:43:37.061,1.1327,1.13273,1.50,1.50
2016.08.15 14:43:37.112,1.13272,1.13274,1.00,1.00
2016.08.15 14:43:37.432,1.13271,1.13275,1.00,1.37
2016.08.15 14:43:37.491,1.13272,1.13275,1.00,1.50
2016.08.15 14:43:37.547,1.13273,1.13275,1.00,1.00
2016.08.15 14:43:37.620,1.13273,1.13276,1.00,1.00
2016.08.15 14:43:37.875,1.13273,1.13277,1.00,1.00
2016.08.15 14:43:37.927,1.13273,1.13278,1.00,1.00
2016.08.15 14:43:37.978,1.13275,1.13278,1.50,1.00
2016.08.15 14:43:38.029,1.13276,1.13279,1.00,1.00
2016.08.15 14:43:38.564,1.13274,1.13279,1.50,3.00
2016.08.15 14:43:38.615,1.13274,1.13277,1.00,1.00
2016.08.15 14:43:38.717,1.13273,1.13275,1.00,1.00
2016.08.15 14:43:38.769,1.13273,1.13275,1.00,1.50
2016.08.15 14:43:38.821,1.13273,1.13275,1.00,1.00
2016.08.15 14:43:38.922,1.13271,1.13275,2.44,1.50
2016.08.15 14:43:38.974,1.13273,1.13275,1.00,1.00
2016.08.15 14:43:39.075,1.13274,1.13279,1.00,3.00
2016.08.15 14:43:39.127,1.13274,1.13279,1.50,2.25
2016.08.15 14:43:39.178,1.13276,1.13278,1.50,1.00
2016.08.15 14:43:39.513,1.13276,1.13279,1.00,1.00
2016.08.15 14:43:39.821,1.13274,1.13279,1.50,1.00
2016.08.15 14:43:39.872,1.13275,1.1328,1.50,1.50
2016.08.15 14:43:39.923,1.13275,1.13279,1.00,1.00
2016.08.15 14:43:39.974,1.13276,1.13279,1.00,1.00
2016.08.15 14:43:40.025,1.13275,1.13278,1.50,1.00
2016.08.15 14:43:40.076,1.13275,1.13278,1.00,1.00
2016.08.15 14:43:40.500,1.13278,1.13281,1.00,1.00
2016.08.15 14:43:40.957,1.13278,1.13282,1.50,1.00
2016.08.15 14:43:41.008,1.13278,1.13282,1.00,1.00
2016.08.15 14:43:41.059,1.13278,1.13282,1.50,1.00
2016.08.15 14:43:41.333,1.13278,1.1328,1.00,1.00
2016.08.15 14:43:41.385,1.13278,1.13281,1.12,1.50
2016.08.15 14:43:41.436,1.13278,1.13281,1.00,1.50
2016.08.15 14:43:41.488,1.13277,1.13283,1.87,1.00
2016.08.15 14:43:41.540,1.13279,1.13283,1.00,1.00
2016.08.15 14:43:41.694,1.13279,1.13283,1.50,1.00
2016.08.15 14:43:41.796,1.13279,1.13282,1.00,1.00
2016.08.15 14:43:42.384,1.13277,1.13283,1.12,1.00
2016.08.15 14:43:42.435,1.13279,1.13283,1.00,1.00
2016.08.15 14:43:42.487,1.13278,1.13283,1.12,1.00
2016.08.15 14:43:42.589,1.13278,1.13281,1.12,1.00
2016.08.15 14:43:42.692,1.13278,1.13283,1.12,1.00
2016.08.15 14:43:42.744,1.13277,1.13283,1.37,1.00
2016.08.15 14:43:42.795,1.13277,1.13283,1.87,1.00
2016.08.15 14:43:42.846,1.13278,1.13283,1.12,1.00
2016.08.15 14:43:42.948,1.13277,1.13282,1.87,1.00
2016.08.15 14:43:43.268,1.13277,1.13281,1.12,1.00
2016.08.15 14:43:43.319,1.13278,1.13282,1.50,1.00
2016.08.15 14:43:43.421,1.13278,1.13281,1.00,1.00
2016.08.15 14:43:43.472,1.13277,1.13281,1.87,1.00
2016.08.15 14:43:43.523,1.13277,1.1328,1.56,1.00
2016.08.15 14:43:43.675,1.13277,1.1328,2.06,1.00
2016.08.15 14:43:43.778,1.13277,1.1328,1.31,1.00
2016.08.15 14:43:43.881,1.13277,1.1328,1.31,1.50
2016.08.15 14:43:44.218,1.13277,1.1328,1.31,1.00
2016.08.15 14:43:44.541,1.13277,1.13281,1.31,1.50
2016.08.15 14:43:44.592,1.13277,1.1328,1.31,1.00
2016.08.15 14:43:44.643,1.13276,1.13279,3.19,1.00
2016.08.15 14:43:44.694,1.13276,1.13278,1.62,1.12
2016.08.15 14:43:44.745,1.13275,1.13278,1.56,1.12
2016.08.15 14:43:44.795,1.13275,1.13278,1.56,1.00
2016.08.15 14:43:45.638,1.13272,1.13277,1.56,1.00
2016.08.15 14:43:45.892,1.13272,1.13275,1.56,1.00
2016.08.15 14:43:46.230,1.13274,1.13276,1.12,1.00
2016.08.15 14:43:46.281,1.13274,1.13278,1.87,1.00
2016.08.15 14:43:46.332,1.13274,1.13278,3.97,1.00
2016.08.15 14:43:46.384,1.13275,1.13278,1.54,1.00
2016.08.15 14:43:46.435,1.13275,1.13279,2.06,1.00
2016.08.15 14:43:46.487,1.13276,1.13279,1.37,1.00
2016.08.15 14:43:46.841,1.13279,1.13281,1.00,1.00
2016.08.15 14:43:46.892,1.1328,1.13283,1.00,1.00
2016.08.15 14:43:46.943,1.13281,1.13284,1.00,1.10
2016.08.15 14:43:46.994,1.13282,1.13284,1.00,1.00
2016.08.15 14:43:47.097,1.1328,1.13286,1.50,1.50
2016.08.15 14:43:47.148,1.1328,1.13284,1.50,1.00
2016.08.15 14:43:47.250,1.1328,1.13283,1.37,1.00
2016.08.15 14:43:47.598,1.13281,1.13285,1.62,1.50
2016.08.15 14:43:47.803,1.13281,1.13285,1.62,1.00
2016.08.15 14:43:47.883,1.13281,1.13285,1.62,1.50
2016.08.15 14:43:47.985,1.13281,1.13285,1.62,1.00
2016.08.15 14:43:48.084,1.13281,1.13285,1.62,1.50
2016.08.15 14:43:48.201,1.13281,1.13285,1.62,1.00
2016.08.15 14:43:48.439,1.13281,1.13285,1.62,1.50
2016.08.15 14:43:48.490,1.13282,1.13285,1.12,1.50
2016.08.15 14:43:48.591,1.13281,1.13286,1.62,1.50
2016.08.15 14:43:48.693,1.13282,1.13285,1.12,1.00
2016.08.15 14:43:48.744,1.13282,1.13285,1.00,1.00
2016.08.15 14:43:48.795,1.13282,1.13285,1.00,1.50
2016.08.15 14:43:49.208,1.13281,1.13285,1.31,1.50
2016.08.15 14:43:49.264,1.13281,1.13285,1.87,1.50
2016.08.15 14:43:49.864,1.13281,1.13285,1.31,1.50
2016.08.15 14:43:50.017,1.13281,1.13285,1.31,1.00
2016.08.15 14:43:50.411,1.13281,1.13285,1.31,1.00
2016.08.15 14:43:50.462,1.13281,1.13284,1.62,1.00
2016.08.15 14:43:50.513,1.13281,1.13285,1.62,1.50
2016.08.15 14:43:50.564,1.13281,1.13285,1.31,1.00
2016.08.15 14:43:50.615,1.13283,1.13285,1.00,1.00
2016.08.15 14:43:50.717,1.13281,1.13285,2.06,1.00
2016.08.15 14:43:50.767,1.13281,1.13285,1.50,1.50
2016.08.15 14:43:51.023,1.1328,1.13284,3.41,1.00
2016.08.15 14:43:51.074,1.13279,1.13281,1.31,1.00
2016.08.15 14:43:51.126,1.13278,1.13281,1.47,1.00
2016.08.15 14:43:51.177,1.13278,1.13282,1.12,1.00
2016.08.15 14:43:51.228,1.13278,1.13281,1.50,1.00
2016.08.15 14:43:51.279,1.13278,1.13281,1.00,1.00
2016.08.15 14:43:51.685,1.13278,1.13282,1.12,1.00
2016.08.15 14:43:51.736,1.13278,1.13282,1.72,1.00
2016.08.15 14:43:51.787,1.13279,1.13284,2.66,1.00
2016.08.15 14:43:51.838,1.13279,1.13284,2.06,1.00
2016.08.15 14:43:51.889,1.1328,1.13284,1.56,1.00
2016.08.15 14:43:52.182,1.13282,1.13285,1.00,1.50
2016.08.15 14:43:52.233,1.13281,1.13284,1.31,1.00
2016.08.15 14:43:52.284,1.1328,1.13283,2.81,1.00
2016.08.15 14:43:52.335,1.1328,1.13283,2.06,1.00
2016.08.15 14:43:52.386,1.1328,1.13285,2.06,1.00
2016.08.15 14:43:52.437,1.13282,1.13285,1.00,1.50
2016.08.15 14:43:52.488,1.13283,1.13285,1.00,1.00
2016.08.15 14:43:52.540,1.13281,1.13284,2.06,1.00
2016.08.15 14:43:52.591,1.1328,1.13284,2.25,1.00
2016.08.15 14:43:52.656,1.1328,1.13283,2.25,1.00
2016.08.15 14:43:52.707,1.13279,1.13283,2.06,1.00
2016.08.15 14:43:52.758,1.13278,1.13284,5.66,1.00
2016.08.15 14:43:52.809,1.13281,1.13285,1.25,1.50
2016.08.15 14:43:52.860,1.1328,1.13284,1.25,1.00
2016.08.15 14:43:53.450,1.13277,1.13282,1.81,1.00
2016.08.15 14:43:53.501,1.13276,1.13282,6.52,1.00
2016.08.15 14:43:53.603,1.13276,1.13282,3.71,1.00
2016.08.15 14:43:53.654,1.13276,1.13282,3.34,1.00
2016.08.15 14:43:53.858,1.13276,1.13282,4.09,1.00
2016.08.15 14:43:54.402,1.13279,1.13283,1.00,1.00
2016.08.15 14:43:54.504,1.13278,1.13281,1.00,1.00
2016.08.15 14:43:55.190,1.13277,1.13281,4.69,1.00
2016.08.15 14:43:55.241,1.13277,1.13281,3.56,1.00
2016.08.15 14:43:55.292,1.13277,1.13281,1.31,1.00
2016.08.15 14:43:55.629,1.13277,1.1328,1.25,1.00
2016.08.15 14:43:55.680,1.13276,1.1328,2.81,1.50
2016.08.15 14:43:55.731,1.13276,1.1328,2.81,1.00
2016.08.15 14:43:55.833,1.13276,1.1328,2.81,1.50
2016.08.15 14:43:55.884,1.13276,1.1328,2.44,1.50
2016.08.15 14:43:55.936,1.13276,1.1328,2.44,1.00
2016.08.15 14:43:55.987,1.13276,1.1328,1.50,1.00
2016.08.15 14:43:56.292,1.13277,1.1328,1.00,1.00
2016.08.15 14:43:56.987,1.13277,1.1328,1.00,1.50
2016.08.15 14:43:57.038,1.13277,1.1328,1.00,1.00
2016.08.15 14:43:57.251,1.13275,1.1328,4.31,1.00
2016.08.15 14:43:57.302,1.13275,1.1328,5.06,1.00
2016.08.15 14:43:57.353,1.13275,1.1328,5.81,1.50
2016.08.15 14:43:57.404,1.13276,1.1328,1.00,1.50
2016.08.15 14:43:57.996,1.13277,1.1328,1.50,1.50
2016.08.15 14:43:58.303,1.13277,1.1328,1.87,1.00
2016.08.15 14:43:58.354,1.13277,1.1328,1.12,1.50
2016.08.15 14:43:58.405,1.13276,1.13279,1.37,1.00
2016.08.15 14:43:58.507,1.13276,1.13279,1.87,1.00
2016.08.15 14:43:58.609,1.13276,1.13279,1.12,1.00
2016.08.15 14:43:58.712,1.13275,1.13278,1.37,1.00
2016.08.15 14:43:58.814,1.13275,1.13278,1.87,1.00
2016.08.15 14:43:59.086,1.13277,1.13279,1.12,1.00
2016.08.15 14:43:59.137,1.13277,1.1328,1.87,1.00
2016.08.15 14:43:59.616,1.13277,1.1328,1.12,1.00
2016.08.15 14:43:59.941,1.13276,1.13281,1.31,1.00
2016.08.15 14:44:00.222,1.13276,1.1328,1.69,1.00
2016.08.15 14:44:00.274,1.13276,1.1328,2.44,1.00
2016.08.15 14:44:00.668,1.13276,1.13279,1.69,1.00
2016.08.15 14:44:00.719,1.13275,1.13278,2.51,1.00
2016.08.15 14:44:00.770,1.13275,1.13278,1.56,1.00
2016.08.15 14:44:00.821,1.13275,1.13276,1.00,1.00
2016.08.15 14:44:00.872,1.13272,1.13276,3.75,1.00
2016.08.15 14:44:00.924,1.13272,1.13276,3.75,1.50
2016.08.15 14:44:00.975,1.13272,1.13276,2.25,1.50
2016.08.15 14:44:01.469,1.13272,1.13276,1.69,1.50
2016.08.15 14:44:01.520,1.13272,1.13275,1.31,1.50
2016.08.15 14:44:01.571,1.13272,1.13274,1.31,1.00
2016.08.15 14:44:02.029,1.13272,1.13274,1.25,1.00
2016.08.15 14:44:02.233,1.13272,1.13274,1.31,1.00
2016.08.15 14:44:02.726,1.13272,1.13274,1.12,1.00
2016.08.15 14:44:02.995,1.13272,1.13275,1.12,1.00
2016.08.15 14:44:03.149,1.13272,1.13276,1.12,1.50
2016.08.15 14:44:03.310,1.13272,1.13274,1.12,1.00
2016.08.15 14:44:04.023,1.13272,1.13275,1.87,1.00
2016.08.15 14:44:04.074,1.13272,1.13276,1.87,1.00
2016.08.15 14:44:04.126,1.13273,1.13276,1.00,1.00
2016.08.15 14:44:04.178,1.13273,1.13277,1.00,1.50
2016.08.15 14:44:04.229,1.13272,1.13277,1.50,1.50
2016.08.15 14:44:04.280,1.13272,1.13277,1.50,1.00
2016.08.15 14:44:04.433,1.13272,1.13276,2.25,1.00
2016.08.15 14:44:04.725,1.13272,1.13276,1.37,1.00
2016.08.15 14:44:04.776,1.13271,1.13276,2.81,1.00
2016.08.15 14:44:04.827,1.13273,1.13276,1.00,1.50
2016.08.15 14:44:04.878,1.13273,1.13275,1.00,1.00
2016.08.15 14:44:05.165,1.13272,1.13275,1.00,1.50
2016.08.15 14:44:05.217,1.13271,1.13275,1.50,1.50
2016.08.15 14:44:05.522,1.13273,1.13275,1.12,1.00
2016.08.15 14:44:05.574,1.13273,1.13276,2.25,1.00
2016.08.15 14:44:05.625,1.13274,1.13276,1.87,1.00
2016.08.15 14:44:05.676,1.13275,1.1328,1.50,1.50
2016.08.15 14:44:05.727,1.13275,1.13279,2.25,1.00
2016.08.15 14:44:05.778,1.13276,1.1328,1.00,1.50
2016.08.15 14:44:06.083,1.13276,1.13279,2.25,1.00
2016.08.15 14:44:06.154,1.13277,1.1328,2.62,1.00
2016.08.15 14:44:06.205,1.13277,1.1328,3.37,1.00
2016.08.15 14:44:06.256,1.13278,1.13281,1.50,1.50
2016.08.15 14:44:06.307,1.13278,1.13281,2.25,1.50
2016.08.15 14:44:06.358,1.13278,1.1328,2.25,1.00
2016.08.15 14:44:06.531,1.13278,1.13281,2.25,1.50
2016.08.15 14:44:06.632,1.13278,1.1328,2.25,1.00
2016.08.15 14:44:07.002,1.13278,1.13281,2.25,1.50
2016.08.15 14:44:07.053,1.13278,1.1328,2.25,1.00
2016.08.15 14:44:07.334,1.13277,1.1328,2.62,1.00
2016.08.15 14:44:07.385,1.13277,1.1328,1.87,1.00
2016.08.15 14:44:07.436,1.13278,1.1328,1.50,1.00
2016.08.15 14:44:07.487,1.13275,1.13279,3.75,1.00
2016.08.15 14:44:07.538,1.13275,1.13279,2.62,1.00
2016.08.15 14:44:07.640,1.13275,1.1328,5.25,1.50
2016.08.15 14:44:07.741,1.13276,1.1328,1.50,1.50
2016.08.15 14:44:07.799,1.13276,1.1328,1.87,1.50
2016.08.15 14:44:08.319,1.13277,1.1328,1.00,1.50
2016.08.15 14:44:08.377,1.13278,1.13282,2.25,1.00
2016.08.15 14:44:08.479,1.13279,1.13282,1.12,1.00
2016.08.15 14:44:08.531,1.13279,1.13282,1.50,1.00
2016.08.15 14:44:08.582,1.13279,1.13282,2.25,1.00
2016.08.15 14:44:08.633,1.1328,1.13282,1.00,1.00
2016.08.15 14:44:08.684,1.1328,1.13282,2.25,1.00
2016.08.15 14:44:08.785,1.1328,1.13282,1.12,1.00
2016.08.15 14:44:08.888,1.1328,1.13283,2.25,1.00
2016.08.15 14:44:09.554,1.1328,1.13283,1.12,1.00
2016.08.15 14:44:09.656,1.1328,1.13283,2.25,1.00
2016.08.15 14:44:09.758,1.1328,1.13283,1.12,1.00
2016.08.15 14:44:10.265,1.1328,1.13282,1.12,1.00
2016.08.15 14:44:10.579,1.1328,1.13282,2.25,1.00
2016.08.15 14:44:10.681,1.1328,1.13282,1.12,1.00
2016.08.15 14:44:11.013,1.1328,1.13282,1.87,1.00
2016.08.15 14:44:11.271,1.1328,1.13284,1.87,1.00
2016.08.15 14:44:11.323,1.1328,1.13284,1.50,1.00
2016.08.15 14:44:11.539,1.13279,1.13284,2.62,1.00
2016.08.15 14:44:11.595,1.1328,1.13285,2.25,1.00
2016.08.15 14:44:11.646,1.13281,1.13285,1.50,1.00
2016.08.15 14:44:11.697,1.13281,1.13285,1.87,1.00
2016.08.15 14:44:12.114,1.13281,1.13284,1.50,1.00
2016.08.15 14:44:13.165,1.13281,1.13284,1.87,1.00
2016.08.15 14:44:13.645,1.13281,1.13283,1.00,1.00
2016.08.15 14:44:13.747,1.13281,1.13283,1.87,1.00
2016.08.15 14:44:13.798,1.13281,1.13284,2.62,1.00
2016.08.15 14:44:13.849,1.13282,1.13285,1.50,1.00
2016.08.15 14:44:14.121,1.13283,1.13286,1.00,1.00
2016.08.15 14:44:14.172,1.13282,1.13285,1.75,1.00
2016.08.15 14:44:14.224,1.13282,1.13285,1.87,1.00
2016.08.15 14:44:14.275,1.13283,1.13286,1.00,1.50
2016.08.15 14:44:14.326,1.13282,1.13286,2.25,1.50
2016.08.15 14:44:14.376,1.13283,1.13285,1.12,1.00
2016.08.15 14:44:14.585,1.13283,1.13286,1.12,1.50
2016.08.15 14:44:14.655,1.13283,1.13285,1.12,1.00
2016.08.15 14:44:14.718,1.13283,1.13285,1.50,1.00
2016.08.15 14:44:14.987,1.13283,1.13286,1.50,1.50
2016.08.15 14:44:15.531,1.13281,1.13282,1.00,1.00
2016.08.15 14:44:15.583,1.13277,1.1328,1.12,1.00
2016.08.15 14:44:15.635,1.13275,1.13279,3.00,1.00
2016.08.15 14:44:15.686,1.13275,1.13279,2.25,1.00
2016.08.15 14:44:15.738,1.13275,1.13279,1.87,1.00
2016.08.15 14:44:16.254,1.13274,1.13278,2.62,1.00
2016.08.15 14:44:16.357,1.13274,1.13278,3.37,1.00
2016.08.15 14:44:16.612,1.13274,1.13278,3.00,1.00
2016.08.15 14:44:16.663,1.13274,1.13278,2.62,1.00
2016.08.15 14:44:16.766,1.13273,1.13276,1.10,1.00
2016.08.15 14:44:16.817,1.13272,1.13276,2.70,1.00
2016.08.15 14:44:16.869,1.13272,1.13276,2.40,1.00
2016.08.15 14:44:17.023,1.13272,1.13276,2.02,1.00
2016.08.15 14:44:17.075,1.13272,1.13276,1.20,1.00
2016.08.15 14:44:17.248,1.13274,1.13278,1.00,1.00
2016.08.15 14:44:17.401,1.13271,1.13277,2.62,1.00
2016.08.15 14:44:17.452,1.13274,1.13278,1.00,2.25
2016.08.15 14:44:17.503,1.13272,1.13275,1.10,1.00
2016.08.15 14:44:17.812,1.13272,1.13275,1.00,1.50
2016.08.15 14:44:19.218,1.13272,1.13275,1.00,1.00
2016.08.15 14:44:19.368,1.13272,1.13275,1.00,1.50
2016.08.15 14:44:19.561,1.1327,1.13275,1.87,1.00
2016.08.15 14:44:19.713,1.13271,1.13274,1.00,1.00
2016.08.15 14:44:19.764,1.1327,1.13273,1.12,1.00
2016.08.15 14:44:19.815,1.13268,1.13273,2.62,1.00
2016.08.15 14:44:19.866,1.13268,1.13273,1.50,1.00
2016.08.15 14:44:19.917,1.13269,1.13274,1.12,1.00
2016.08.15 14:44:19.968,1.13269,1.13274,1.37,1.00
2016.08.15 14:44:20.252,1.13269,1.13274,1.37,1.50
2016.08.15 14:44:20.305,1.13267,1.1327,2.10,1.50
2016.08.15 14:44:20.373,1.13267,1.1327,2.10,1.00
2016.08.15 14:44:20.474,1.13267,1.1327,2.10,1.50
2016.08.15 14:44:20.712,1.13267,1.1327,1.35,1.00
2016.08.15 14:44:20.763,1.13267,1.1327,2.47,1.00
2016.08.15 14:44:20.815,1.13267,1.13273,1.87,1.00
2016.08.15 14:44:20.866,1.13267,1.13273,1.35,1.00
2016.08.15 14:44:20.917,1.13267,1.13271,3.22,1.00
2016.08.15 14:44:20.968,1.13267,1.1327,2.62,1.00
2016.08.15 14:44:21.019,1.13267,1.13269,3.37,1.00
2016.08.15 14:44:21.070,1.13267,1.1327,3.00,1.50
2016.08.15 14:44:21.429,1.13267,1.13269,1.50,1.00
2016.08.15 14:44:21.843,1.13267,1.1327,3.00,1.00
2016.08.15 14:44:21.995,1.13266,1.13269,1.87,1.00
2016.08.15 14:44:22.047,1.13265,1.1327,1.87,1.00
2016.08.15 14:44:22.097,1.13264,1.1327,1.20,1.00
2016.08.15 14:44:22.148,1.13262,1.13268,9.60,1.00
2016.08.15 14:44:22.199,1.13263,1.13265,1.00,1.00
2016.08.15 14:44:22.750,1.13263,1.13265,1.87,1.50
2016.08.15 14:44:22.824,1.13263,1.13265,2.62,1.50
2016.08.15 14:44:22.875,1.13263,1.13265,2.25,1.00
2016.08.15 14:44:22.926,1.13266,1.13269,1.87,1.00
2016.08.15 14:44:22.977,1.13266,1.13269,3.37,1.00
2016.08.15 14:44:23.029,1.13266,1.1327,5.10,1.50
2016.08.15 14:44:23.080,1.13269,1.1327,1.30,1.50
2016.08.15 14:44:23.132,1.13268,1.1327,2.10,1.50
2016.08.15 14:44:23.235,1.13268,1.1327,2.10,1.00
2016.08.15 14:44:23.286,1.13268,1.1327,1.72,1.00
2016.08.15 14:44:23.337,1.13268,1.13269,1.12,1.00
2016.08.15 14:44:23.721,1.13268,1.13272,1.12,1.00
2016.08.15 14:44:23.823,1.13268,1.1327,1.12,1.00
2016.08.15 14:44:23.925,1.13267,1.1327,1.12,1.00
2016.08.15 14:44:24.264,1.13268,1.1327,1.12,1.00
2016.08.15 14:44:25.223,1.13267,1.13269,1.72,1.00
2016.08.15 14:44:25.541,1.13268,1.1327,1.13,1.00
2016.08.15 14:44:25.592,1.13268,1.1327,1.14,1.00
2016.08.15 14:44:26.107,1.13267,1.1327,2.26,1.50
2016.08.15 14:44:26.190,1.13266,1.13269,3.72,1.00
2016.08.15 14:44:26.241,1.13266,1.13269,3.62,1.00
2016.08.15 14:44:26.291,1.13267,1.13269,1.12,1.00
2016.08.15 14:44:26.342,1.13267,1.13272,1.75,1.00
2016.08.15 14:44:26.444,1.13267,1.13271,1.75,1.50
2016.08.15 14:44:26.735,1.13267,1.1327,2.01,1.00
2016.08.15 14:44:26.789,1.13267,1.1327,2.01,1.50
2016.08.15 14:44:26.840,1.13267,1.1327,2.01,1.00
2016.08.15 14:44:26.891,1.13267,1.1327,1.70,1.00
2016.08.15 14:44:26.994,1.13267,1.1327,1.70,1.50
2016.08.15 14:44:28.040,1.13267,1.1327,1.70,1.00
2016.08.15 14:44:28.107,1.13267,1.13269,1.22,1.00
2016.08.15 14:44:28.750,1.13266,1.13269,2.60,1.00
2016.08.15 14:44:28.800,1.13266,1.13269,1.85,1.00
2016.08.15 14:44:28.851,1.13266,1.13269,1.70,1.00
2016.08.15 14:44:29.004,1.13265,1.13269,1.95,1.00
2016.08.15 14:44:29.055,1.13265,1.13268,1.57,1.00
2016.08.15 14:44:29.106,1.13264,1.13267,2.97,1.00
2016.08.15 14:44:29.386,1.13264,1.13267,1.97,1.00
2016.08.15 14:44:29.437,1.13263,1.13268,1.60,1.00
2016.08.15 14:44:29.488,1.13263,1.13268,1.97,1.00
2016.08.15 14:44:29.742,1.13263,1.13268,2.20,1.00
2016.08.15 14:44:29.792,1.13264,1.13271,1.10,1.50
2016.08.15 14:44:29.844,1.13265,1.1327,1.55,1.00
2016.08.15 14:44:29.895,1.13266,1.1327,5.47,1.50
2016.08.15 14:44:29.945,1.13268,1.13274,2.10,1.87
2016.08.15 14:44:29.999,1.13269,1.13272,1.00,1.00
2016.08.15 14:44:30.050,1.13268,1.13274,1.72,1.50
2016.08.15 14:44:30.101,1.13267,1.13273,3.67,1.00
2016.08.15 14:44:30.152,1.13268,1.13274,1.72,1.00
2016.08.15 14:44:30.203,1.13267,1.13272,7.42,1.00
2016.08.15 14:44:30.254,1.13267,1.13271,3.82,1.00
2016.08.15 14:44:30.787,1.13267,1.1327,1.00,1.00
2016.08.15 14:44:30.839,1.13265,1.13269,4.50,1.00
2016.08.15 14:44:30.949,1.13265,1.13269,3.37,1.00
2016.08.15 14:44:31.005,1.13265,1.13269,4.12,1.00
2016.08.15 14:44:31.210,1.13265,1.13269,3.37,1.00
2016.08.15 14:44:31.261,1.13265,1.13269,2.62,1.00
2016.08.15 14:44:31.314,1.13265,1.13269,5.62,1.00
2016.08.15 14:44:31.406,1.13265,1.13269,4.87,1.00
2016.08.15 14:44:31.513,1.13265,1.13269,4.12,1.00
2016.08.15 14:44:31.616,1.13265,1.13269,4.87,1.00
2016.08.15 14:44:31.667,1.13265,1.13269,5.25,1.00
2016.08.15 14:44:31.718,1.13265,1.13269,3.90,1.00
2016.08.15 14:44:31.769,1.13266,1.13269,1.00,1.00
2016.08.15 14:44:32.542,1.13267,1.13269,1.35,1.00
2016.08.15 14:44:32.593,1.13267,1.13269,2.10,1.00
2016.08.15 14:44:32.648,1.13267,1.13269,1.50,1.00
2016.08.15 14:44:32.876,1.13266,1.13269,2.32,1.00
2016.08.15 14:44:33.600,1.13266,1.13269,1.57,1.00
2016.08.15 14:44:34.156,1.13265,1.13269,3.82,1.00
2016.08.15 14:44:34.211,1.13265,1.13269,2.77,1.00
2016.08.15 14:44:34.262,1.13265,1.13268,2.62,1.00
2016.08.15 14:44:34.363,1.13265,1.13267,1.87,1.00
2016.08.15 14:44:34.415,1.13265,1.13267,2.62,1.00
2016.08.15 14:44:34.696,1.13265,1.13267,1.87,1.00
2016.08.15 14:44:34.747,1.13265,1.13267,1.00,1.00
2016.08.15 14:44:34.951,1.13265,1.13267,1.50,1.00
2016.08.15 14:44:35.002,1.13265,1.13267,1.87,1.00
2016.08.15 14:44:35.154,1.13265,1.13267,1.12,1.00
2016.08.15 14:44:35.216,1.13265,1.13267,1.87,1.00
2016.08.15 14:44:35.472,1.13265,1.13267,1.00,1.00
2016.08.15 14:44:35.576,1.13265,1.13266,1.00,1.50
2016.08.15 14:44:35.884,1.1326,1.13264,1.87,1.00
2016.08.15 14:44:36.037,1.13259,1.13262,1.00,1.00
2016.08.15 14:44:37.273,1.13259,1.13262,1.37,1.00
2016.08.15 14:44:38.051,1.13258,1.13262,1.65,1.00
2016.08.15 14:44:38.102,1.13258,1.13262,1.50,1.00
2016.08.15 14:44:38.154,1.13258,1.13264,2.10,1.00
2016.08.15 14:44:38.205,1.1326,1.13263,1.00,1.00
2016.08.15 14:44:38.256,1.1326,1.13264,1.87,1.00
2016.08.15 14:44:38.307,1.13262,1.13264,1.00,1.00
2016.08.15 14:44:38.358,1.13262,1.13265,1.00,1.00
2016.08.15 14:44:38.460,1.13263,1.13264,1.12,1.00
2016.08.15 14:44:38.511,1.13263,1.13265,1.00,1.00
2016.08.15 14:44:38.562,1.13263,1.13269,1.00,1.00
2016.08.15 14:44:38.664,1.13263,1.13266,1.12,1.00
2016.08.15 14:44:38.995,1.13263,1.13266,1.00,1.00
2016.08.15 14:44:39.382,1.13263,1.13266,1.37,1.00
2016.08.15 14:44:39.964,1.13263,1.13267,1.75,1.00
2016.08.15 14:44:40.261,1.13264,1.13268,1.50,1.00
2016.08.15 14:44:40.313,1.13264,1.13267,1.12,1.00
2016.08.15 14:44:40.365,1.13264,1.13266,1.00,1.00
2016.08.15 14:44:40.416,1.13263,1.13268,1.12,1.00
2016.08.15 14:44:40.467,1.13263,1.13266,1.12,1.00
2016.08.15 14:44:40.518,1.13262,1.13266,1.50,1.50
2016.08.15 14:44:40.671,1.13262,1.13265,1.50,1.00
2016.08.15 14:44:40.722,1.13262,1.13265,1.50,1.00
2016.08.15 14:44:40.773,1.13262,1.13264,1.12,1.00
2016.08.15 14:44:40.824,1.13261,1.13264,1.50,1.00
2016.08.15 14:44:41.404,1.13263,1.13264,1.00,1.00
2016.08.15 14:44:41.951,1.13262,1.13264,1.00,1.00
2016.08.15 14:44:42.354,1.13262,1.13265,1.00,1.50
2016.08.15 14:44:42.970,1.13262,1.13264,1.00,1.00
2016.08.15 14:44:43.122,1.1326,1.13266,1.50,1.50
2016.08.15 14:44:43.173,1.1326,1.13265,2.25,1.00
2016.08.15 14:44:43.224,1.13263,1.13265,1.00,1.00
2016.08.15 14:44:43.283,1.13263,1.13266,1.00,1.50
2016.08.15 14:44:43.334,1.13263,1.13266,1.00,1.00
2016.08.15 14:44:43.385,1.13263,1.13265,1.00,1.00
2016.08.15 14:44:43.631,1.1326,1.13265,1.87,1.00
2016.08.15 14:44:43.682,1.13258,1.13262,4.50,1.00
2016.08.15 14:44:43.733,1.13258,1.13262,3.75,1.00
2016.08.15 14:44:43.784,1.13259,1.13262,1.57,1.00
2016.08.15 14:44:43.835,1.13259,1.13262,1.50,1.00
2016.08.15 14:44:43.886,1.13258,1.13262,2.06,1.00
2016.08.15 14:44:44.093,1.13258,1.13262,2.81,1.00
2016.08.15 14:44:44.145,1.13258,1.13261,2.66,1.00
2016.08.15 14:44:44.196,1.13257,1.13261,3.19,1.00
2016.08.15 14:44:44.247,1.13257,1.1326,1.84,1.00
2016.08.15 14:44:44.299,1.13257,1.13259,1.20,1.00
2016.08.15 14:44:44.351,1.13257,1.13259,1.00,1.00
2016.08.15 14:44:44.403,1.13256,1.13261,4.80,1.00
2016.08.15 14:44:44.455,1.13256,1.1326,5.92,1.00
2016.08.15 14:44:44.754,1.13258,1.13261,1.30,1.00
2016.08.15 14:44:44.805,1.13259,1.13262,1.00,1.00
2016.08.15 14:44:45.135,1.13258,1.13261,1.35,1.00
2016.08.15 14:44:45.186,1.13257,1.13261,1.72,1.00
2016.08.15 14:44:45.237,1.13256,1.1326,9.30,1.00
2016.08.15 14:44:45.288,1.13256,1.13259,5.92,1.00
2016.08.15 14:44:45.339,1.13256,1.13259,5.17,1.00
2016.08.15 14:44:45.390,1.13257,1.13259,1.12,1.00
2016.08.15 14:44:45.594,1.13258,1.1326,1.00,1.00
2016.08.15 14:44:45.696,1.13255,1.13257,1.00,1.00
2016.08.15 14:44:46.239,1.13254,1.13256,1.00,1.00
2016.08.15 14:44:46.397,1.13254,1.13257,1.12,1.00
2016.08.15 14:44:47.992,1.13252,1.13255,2.70,1.00
2016.08.15 14:44:48.043,1.13252,1.13257,1.95,1.00
2016.08.15 14:44:48.094,1.13251,1.13254,1.00,1.00
2016.08.15 14:44:48.145,1.1325,1.13253,1.87,1.00
2016.08.15 14:44:48.196,1.13249,1.13252,1.12,1.00
2016.08.15 14:44:48.299,1.13248,1.1325,1.00,1.00
2016.08.15 14:44:48.350,1.13248,1.1325,1.30,1.00
2016.08.15 14:44:48.401,1.13248,1.13251,1.35,1.00
2016.08.15 14:44:48.658,1.13249,1.13252,1.00,1.00
2016.08.15 14:44:48.710,1.13249,1.13254,1.35,1.00
2016.08.15 14:44:48.761,1.13249,1.13254,1.00,1.00
2016.08.15 14:44:48.813,1.13249,1.13254,1.12,1.00
2016.08.15 14:44:48.916,1.13249,1.13254,1.00,1.00
2016.08.15 14:44:48.967,1.13249,1.13253,1.50,1.00
2016.08.15 14:44:49.470,1.13249,1.13253,1.00,1.00
2016.08.15 14:44:49.521,1.13247,1.13253,1.87,1.00
2016.08.15 14:44:50.099,1.13247,1.13249,1.12,1.00
2016.08.15 14:44:50.150,1.13246,1.13248,1.87,1.00
2016.08.15 14:44:50.353,1.13244,1.13247,1.31,1.00
2016.08.15 14:44:50.455,1.13247,1.13248,1.00,1.00
2016.08.15 14:44:50.710,1.13247,1.1325,1.00,1.00
2016.08.15 14:44:50.761,1.13247,1.13248,1.00,1.00
2016.08.15 14:44:50.812,1.13247,1.1325,1.00,1.50
2016.08.15 14:44:51.113,1.13246,1.1325,1.00,1.00
2016.08.15 14:44:51.164,1.13245,1.1325,1.50,1.00
2016.08.15 14:44:51.215,1.13247,1.13249,1.00,1.00
2016.08.15 14:44:51.317,1.13245,1.1325,1.00,1.00
2016.08.15 14:44:51.368,1.13245,1.1325,1.00,1.50
2016.08.15 14:44:51.520,1.13244,1.13248,3.37,1.00
2016.08.15 14:44:51.571,1.13244,1.13251,3.19,1.00
2016.08.15 14:44:51.673,1.13244,1.13251,4.69,1.00
2016.08.15 14:44:51.724,1.13245,1.13252,1.00,1.00
2016.08.15 14:44:51.775,1.13244,1.13248,3.94,1.00
2016.08.15 14:44:51.929,1.13245,1.1325,1.00,1.00
2016.08.15 14:44:52.219,1.13245,1.13249,1.00,1.00
2016.08.15 14:44:52.270,1.13245,1.13249,1.50,1.00
2016.08.15 14:44:52.524,1.13245,1.13249,1.00,1.00
2016.08.15 14:44:52.677,1.13245,1.13249,1.50,1.00
2016.08.15 14:44:52.727,1.13245,1.13249,3.75,1.00
2016.08.15 14:44:53.574,1.13245,1.13249,3.37,1.00
2016.08.15 14:44:53.625,1.13245,1.13249,2.62,1.00
2016.08.15 14:44:53.803,1.13245,1.13249,2.25,1.00
2016.08.15 14:44:54.143,1.13245,1.13249,1.50,1.00
2016.08.15 14:44:54.484,1.13245,1.13247,1.00,1.00
2016.08.15 14:44:54.536,1.13243,1.13246,3.07,1.00
2016.08.15 14:44:54.846,1.13241,1.13244,2.62,1.50
2016.08.15 14:44:54.906,1.13239,1.13242,1.50,1.00
2016.08.15 14:44:55.061,1.13239,1.13242,2.25,1.00
2016.08.15 14:44:55.264,1.13239,1.13242,1.50,1.00
2016.08.15 14:44:55.316,1.13239,1.1324,1.00,1.00
2016.08.15 14:44:55.369,1.13238,1.1324,2.06,1.00
2016.08.15 14:44:55.420,1.13238,1.1324,1.50,1.00
2016.08.15 14:44:56.423,1.13238,1.1324,1.12,1.00
2016.08.15 14:44:57.022,1.13237,1.13238,1.00,1.00
2016.08.15 14:44:57.625,1.13235,1.13238,1.50,1.00
2016.08.15 14:44:57.727,1.13235,1.13238,1.00,1.00
2016.08.15 14:44:57.781,1.13235,1.13238,1.50,1.00
2016.08.15 14:44:58.103,1.13235,1.13238,1.00,1.00
2016.08.15 14:44:58.204,1.13235,1.13238,1.00,1.00
2016.08.15 14:44:58.887,1.13234,1.13238,4.12,1.00
2016.08.15 14:44:58.938,1.13234,1.13238,5.25,1.00
2016.08.15 14:44:58.989,1.13234,1.13237,3.00,1.00
2016.08.15 14:44:59.040,1.13233,1.13236,1.50,1.00
2016.08.15 14:44:59.091,1.13233,1.13235,1.37,1.50
2016.08.15 14:44:59.142,1.13232,1.13233,1.00,1.00
2016.08.15 14:44:59.244,1.13231,1.13233,1.12,1.00
2016.08.15 14:44:59.345,1.13232,1.13234,1.50,1.00
2016.08.15 14:44:59.643,1.13234,1.13237,1.00,1.00
2016.08.15 14:45:00.563,1.13235,1.13237,1.00,1.00
2016.08.15 14:45:01.155,1.13237,1.13238,1.00,1.00
2016.08.15 14:45:01.212,1.13237,1.1324,1.00,1.50
2016.08.15 14:45:01.264,1.13236,1.13238,1.00,1.00
2016.08.15 14:45:01.366,1.13237,1.1324,1.00,1.50
2016.08.15 14:45:01.418,1.13237,1.13241,1.00,2.25
2016.08.15 14:45:01.469,1.13237,1.13241,1.00,1.50
2016.08.15 14:45:01.520,1.13237,1.1324,1.00,1.00
2016.08.15 14:45:01.673,1.13237,1.13239,1.00,1.00
2016.08.15 14:45:01.724,1.13237,1.1324,1.00,1.50
2016.08.15 14:45:01.827,1.13237,1.1324,1.00,1.00
2016.08.15 14:45:01.891,1.13237,1.1324,1.00,1.50
2016.08.15 14:45:01.997,1.13237,1.1324,1.00,1.00
2016.08.15 14:45:02.253,1.13237,1.1324,1.00,1.50
2016.08.15 14:45:02.755,1.13237,1.1324,1.00,1.00
2016.08.15 14:45:02.806,1.13237,1.13241,1.00,1.00
2016.08.15 14:45:04.037,1.13237,1.1324,1.00,1.00
2016.08.15 14:45:04.321,1.13237,1.1324,1.50,1.50
2016.08.15 14:45:04.372,1.13237,1.1324,2.85,1.50
2016.08.15 14:45:04.424,1.13237,1.1324,2.85,1.00
2016.08.15 14:45:04.661,1.13237,1.1324,1.72,1.00
2016.08.15 14:45:04.712,1.13237,1.13242,1.00,1.00
2016.08.15 14:45:04.864,1.13236,1.13242,1.87,1.00
2016.08.15 14:45:04.966,1.13237,1.13242,1.00,1.00
2016.08.15 14:45:05.965,1.13237,1.13242,1.12,1.00
2016.08.15 14:45:06.372,1.13236,1.13242,3.22,1.00
2016.08.15 14:45:06.474,1.13237,1.13242,1.12,1.00
2016.08.15 14:45:06.576,1.13236,1.1324,1.67,1.00
2016.08.15 14:45:06.627,1.13235,1.13241,7.50,1.00
2016.08.15 14:45:06.890,1.13235,1.1324,1.37,1.00
2016.08.15 14:45:06.941,1.13233,1.13239,5.47,1.00
2016.08.15 14:45:07.043,1.13235,1.13239,1.00,1.00
2016.08.15 14:45:07.145,1.13235,1.1324,1.50,1.50
2016.08.15 14:45:07.247,1.13234,1.1324,2.62,1.00
2016.08.15 14:45:07.298,1.13234,1.1324,2.25,1.00
2016.08.15 14:45:07.349,1.13235,1.13237,1.00,1.00
2016.08.15 14:45:07.400,1.13234,1.13237,2.25,1.00
2016.08.15 14:45:07.451,1.13234,1.13237,1.00,1.00
2016.08.15 14:45:07.503,1.13233,1.13236,1.50,1.00
2016.08.15 14:45:07.789,1.13233,1.13235,1.12,1.50
2016.08.15 14:45:07.943,1.13233,1.13234,1.12,1.00
2016.08.15 14:45:08.045,1.1323,1.13234,1.12,1.00
2016.08.15 14:45:08.096,1.13231,1.13236,1.00,1.00
2016.08.15 14:45:08.147,1.1323,1.13235,1.87,1.50
2016.08.15 14:45:08.865,1.13233,1.13236,1.00,1.00
2016.08.15 14:45:08.941,1.13233,1.13237,1.12,1.00
2016.08.15 14:45:09.264,1.13233,1.13237,1.87,1.00
2016.08.15 14:45:09.417,1.13233,1.13236,2.62,1.00
2016.08.15 14:45:09.635,1.13233,1.13238,2.62,1.00
2016.08.15 14:45:09.737,1.13234,1.13238,1.37,1.00
2016.08.15 14:45:09.985,1.13235,1.1324,1.87,1.00
2016.08.15 14:45:10.193,1.13235,1.13241,1.12,1.50
2016.08.15 14:45:10.244,1.13235,1.13241,1.50,1.50
2016.08.15 14:45:10.347,1.13236,1.1324,1.00,1.00
2016.08.15 14:45:10.449,1.13238,1.13242,1.35,1.00
2016.08.15 14:45:10.601,1.13239,1.13243,1.30,1.00
2016.08.15 14:45:10.653,1.1324,1.13243,1.00,1.00
2016.08.15 14:45:11.192,1.13236,1.13241,1.12,1.00
2016.08.15 14:45:11.295,1.13236,1.1324,1.50,1.00
2016.08.15 14:45:11.517,1.13239,1.1324,1.00,1.00
2016.08.15 14:45:11.568,1.13239,1.13243,1.00,1.00
2016.08.15 14:45:12.134,1.13239,1.13242,1.00,1.00
2016.08.15 14:45:12.641,1.13238,1.13242,1.00,1.00
2016.08.15 14:45:13.158,1.13239,1.13243,1.00,1.00
2016.08.15 14:45:13.311,1.13239,1.13243,1.12,1.00
2016.08.15 14:45:13.362,1.13238,1.13242,1.50,1.00
2016.08.15 14:45:13.660,1.13238,1.13242,1.12,1.00
2016.08.15 14:45:14.406,1.13236,1.13242,1.75,1.00
2016.08.15 14:45:14.507,1.13236,1.13242,2.10,1.00
2016.08.15 14:45:14.558,1.13237,1.1324,1.00,1.50
2016.08.15 14:45:14.901,1.13234,1.13239,1.50,1.00
2016.08.15 14:45:14.951,1.13234,1.13239,1.12,1.00
2016.08.15 14:45:15.002,1.13234,1.13239,1.37,1.00
2016.08.15 14:45:15.055,1.13234,1.13239,1.50,1.00
2016.08.15 14:45:15.914,1.13233,1.13239,3.37,1.00
2016.08.15 14:45:15.967,1.13233,1.13237,1.00,1.00
2016.08.15 14:45:16.019,1.13233,1.13238,1.12,1.00
2016.08.15 14:45:16.072,1.13233,1.13238,1.00,1.00
2016.08.15 14:45:16.124,1.13232,1.13236,1.00,1.00
2016.08.15 14:45:16.175,1.13234,1.13235,1.00,1.00
2016.08.15 14:45:16.303,1.13234,1.13237,1.00,1.00
2016.08.15 14:45:16.970,1.13234,1.13238,1.00,1.00
2016.08.15 14:45:17.328,1.13232,1.13238,1.50,1.00
2016.08.15 14:45:17.380,1.13232,1.13238,2.25,1.00
2016.08.15 14:45:17.870,1.13232,1.13238,3.37,1.00
2016.08.15 14:45:18.168,1.13233,1.13239,1.00,1.00
2016.08.15 14:45:18.321,1.13233,1.13237,1.12,1.00
2016.08.15 14:45:18.723,1.13236,1.13238,1.00,1.00
2016.08.15 14:45:18.826,1.13235,1.13239,2.62,1.00
2016.08.15 14:45:18.877,1.13235,1.1324,1.50,1.50
2016.08.15 14:45:18.928,1.13236,1.1324,1.00,1.50
2016.08.15 14:45:19.029,1.13236,1.1324,1.50,1.50
2016.08.15 14:45:19.131,1.13236,1.1324,1.00,1.50
2016.08.15 14:45:19.765,1.13237,1.1324,1.00,1.00
2016.08.15 14:45:19.845,1.1324,1.13243,1.00,1.12
2016.08.15 14:45:20.112,1.1324,1.13243,1.00,1.00
2016.08.15 14:45:20.366,1.13239,1.13243,1.87,1.00
2016.08.15 14:45:20.417,1.1324,1.13243,1.00,1.00
2016.08.15 14:45:20.468,1.1324,1.13244,1.00,1.69
2016.08.15 14:45:20.519,1.1324,1.13244,1.50,2.44
2016.08.15 14:45:20.621,1.1324,1.13244,1.00,1.69
2016.08.15 14:45:20.778,1.1324,1.13244,1.50,1.69
2016.08.15 14:45:21.099,1.1324,1.13243,1.00,1.00
2016.08.15 14:45:21.777,1.1324,1.13243,1.50,1.00
2016.08.15 14:45:21.828,1.1324,1.13243,1.00,1.00
2016.08.15 14:45:21.955,1.13239,1.13243,1.12,1.00
2016.08.15 14:45:22.465,1.13239,1.13242,1.12,1.00
2016.08.15 14:45:22.617,1.13238,1.13242,1.37,1.00
2016.08.15 14:45:22.719,1.13239,1.13244,1.00,1.50
2016.08.15 14:45:22.770,1.13238,1.13242,1.00,1.00
2016.08.15 14:45:22.936,1.13237,1.1324,1.00,1.00
2016.08.15 14:45:23.423,1.13236,1.1324,1.50,1.00
2016.08.15 14:45:23.474,1.13235,1.13239,2.25,1.00
2016.08.15 14:45:23.748,1.13237,1.13241,1.00,1.50
2016.08.15 14:45:23.799,1.13236,1.1324,1.00,1.00
2016.08.15 14:45:23.850,1.13237,1.1324,1.00,1.00
2016.08.15 14:45:24.003,1.13238,1.13242,1.50,1.00
2016.08.15 14:45:24.105,1.13238,1.13242,1.00,1.00
2016.08.15 14:45:24.359,1.13238,1.1324,1.00,1.00
2016.08.15 14:45:24.410,1.13233,1.13237,1.00,1.00
2016.08.15 14:45:24.462,1.13233,1.13236,1.12,1.00
2016.08.15 14:45:24.566,1.13231,1.13237,4.12,1.00
2016.08.15 14:45:24.619,1.13231,1.13237,3.37,1.00
2016.08.15 14:45:24.670,1.13231,1.13237,1.87,1.00
2016.08.15 14:45:24.774,1.13231,1.13237,3.00,1.00
2016.08.15 14:45:25.238,1.13232,1.13236,1.37,1.00
2016.08.15 14:45:25.289,1.13232,1.13236,1.50,1.00
2016.08.15 14:45:25.397,1.13232,1.13236,1.50,1.50
2016.08.15 14:45:25.618,1.13232,1.13235,1.50,1.00
2016.08.15 14:45:26.241,1.13232,1.13235,1.12,1.00
2016.08.15 14:45:26.396,1.13232,1.13236,1.12,1.50
2016.08.15 14:45:26.556,1.13231,1.13236,1.50,1.50
2016.08.15 14:45:26.607,1.13231,1.13235,1.50,1.00
2016.08.15 14:45:26.658,1.13232,1.13235,1.12,1.00
2016.08.15 14:45:26.709,1.13232,1.13236,1.12,1.50
2016.08.15 14:45:27.190,1.13232,1.13235,1.12,1.00
2016.08.15 14:45:27.757,1.13232,1.13235,1.00,1.50
2016.08.15 14:45:27.869,1.13231,1.13235,1.50,1.50
2016.08.15 14:45:28.073,1.13231,1.13235,1.12,1.50
2016.08.15 14:45:28.124,1.13231,1.13235,1.12,1.00
2016.08.15 14:45:28.192,1.13231,1.13235,1.12,1.50
2016.08.15 14:45:28.736,1.1323,1.13234,2.25,1.00
2016.08.15 14:45:28.928,1.1323,1.13233,1.50,1.00
2016.08.15 14:45:28.980,1.1323,1.13233,1.12,1.00
2016.08.15 14:45:29.031,1.13229,1.13233,1.37,1.00
2016.08.15 14:45:29.081,1.13229,1.13232,1.50,1.00
2016.08.15 14:45:29.132,1.13229,1.13232,2.25,1.00
2016.08.15 14:45:29.234,1.1323,1.13233,1.12,1.00
2016.08.15 14:45:29.285,1.1323,1.13233,1.87,1.00
2016.08.15 14:45:29.336,1.1323,1.13233,1.12,1.00
2016.08.15 14:45:29.864,1.1323,1.13233,1.50,1.00
2016.08.15 14:45:29.974,1.1323,1.13233,2.25,1.00
2016.08.15 14:45:31.643,1.1323,1.13233,1.50,1.00
2016.08.15 14:45:32.950,1.1323,1.13232,1.00,1.00
2016.08.15 14:45:33.052,1.13228,1.13232,1.75,1.00
2016.08.15 14:45:33.103,1.13228,1.13232,1.87,1.00
2016.08.15 14:45:33.206,1.13229,1.13231,1.00,1.00
2016.08.15 14:45:33.257,1.13228,1.13231,1.50,1.00
2016.08.15 14:45:33.308,1.13228,1.13231,1.00,1.00
2016.08.15 14:45:33.410,1.13227,1.13231,4.35,1.00
2016.08.15 14:45:33.461,1.13227,1.13233,3.37,1.00
2016.08.15 14:45:33.746,1.13229,1.13232,1.00,1.00
2016.08.15 14:45:34.272,1.13229,1.13233,1.00,1.00
2016.08.15 14:45:34.990,1.13228,1.13232,1.12,1.00
2016.08.15 14:45:37.005,1.13229,1.13232,1.00,1.00
2016.08.15 14:45:37.107,1.13229,1.13232,1.12,1.00
2016.08.15 14:45:37.157,1.13229,1.13232,2.47,1.00
2016.08.15 14:45:37.259,1.1323,1.13233,1.00,1.00
2016.08.15 14:45:37.310,1.1323,1.13233,1.87,1.00
2016.08.15 14:45:37.411,1.1323,1.13234,2.25,1.00
2016.08.15 14:45:37.659,1.1323,1.13234,1.87,1.00
2016.08.15 14:45:37.711,1.13231,1.13235,1.00,2.25
2016.08.15 14:45:37.762,1.13231,1.13235,1.00,1.50
2016.08.15 14:45:37.863,1.13231,1.13235,1.00,2.25
2016.08.15 14:45:37.919,1.13231,1.13235,1.00,1.50
2016.08.15 14:45:38.144,1.13231,1.13235,1.50,2.25
2016.08.15 14:45:38.397,1.13231,1.13235,1.50,1.00
2016.08.15 14:45:39.021,1.13232,1.13235,1.00,1.00
2016.08.15 14:45:39.072,1.13232,1.13236,1.00,2.25
2016.08.15 14:45:39.123,1.13232,1.13235,1.00,1.00
2016.08.15 14:45:39.276,1.13232,1.13235,1.00,1.50
2016.08.15 14:45:39.949,1.13232,1.13235,1.00,1.00
2016.08.15 14:45:40.303,1.13232,1.13235,1.00,1.50
2016.08.15 14:45:40.386,1.13232,1.13235,1.04,1.50
2016.08.15 14:45:40.453,1.13231,1.13235,2.16,1.50
2016.08.15 14:45:40.817,1.13231,1.13235,1.41,1.50
2016.08.15 14:45:41.302,1.13231,1.13235,1.79,1.00
2016.08.15 14:45:41.601,1.13231,1.13235,2.54,1.00
2016.08.15 14:45:41.654,1.13231,1.13237,2.54,1.00
2016.08.15 14:45:42.409,1.13235,1.13237,1.41,1.00
2016.08.15 14:45:42.460,1.13236,1.1324,1.04,1.50
2016.08.15 14:45:42.562,1.13236,1.1324,1.04,1.00
2016.08.15 14:45:42.965,1.13237,1.13241,1.00,5.81
2016.08.15 14:45:43.035,1.13236,1.13241,1.79,5.06
2016.08.15 14:45:43.087,1.13237,1.1324,1.00,1.12
2016.08.15 14:45:43.189,1.13236,1.13241,1.04,3.94
2016.08.15 14:45:43.240,1.13235,1.13239,3.29,1.00
2016.08.15 14:45:43.444,1.13235,1.13238,1.79,1.00
2016.08.15 14:45:43.495,1.13235,1.13238,1.50,1.00
2016.08.15 14:45:43.547,1.13235,1.13237,1.00,1.00
2016.08.15 14:45:43.905,1.13233,1.13236,1.29,1.00
2016.08.15 14:45:44.551,1.13233,1.13236,1.41,1.00
2016.08.15 14:45:44.945,1.13232,1.13236,2.54,1.00
2016.08.15 14:45:44.996,1.13232,1.13236,2.16,1.00
2016.08.15 14:45:45.148,1.13232,1.13235,2.16,1.00
2016.08.15 14:45:45.250,1.13232,1.13236,1.41,1.50
2016.08.15 14:45:45.489,1.13232,1.13235,1.41,1.00
2016.08.15 14:45:45.596,1.13232,1.13235,1.12,1.00
2016.08.15 14:45:46.449,1.13232,1.13236,1.12,1.50
2016.08.15 14:45:46.525,1.13232,1.13235,1.12,1.00
2016.08.15 14:45:46.850,1.13232,1.13236,1.12,1.50
2016.08.15 14:45:46.952,1.13236,1.13237,1.00,1.00
2016.08.15 14:45:47.004,1.13236,1.13239,1.04,2.62
2016.08.15 14:45:47.055,1.13237,1.13239,1.00,1.00
2016.08.15 14:45:47.106,1.13237,1.1324,1.00,3.00
2016.08.15 14:45:47.157,1.13237,1.1324,1.00,1.50
2016.08.15 14:45:48.690,1.13237,1.1324,1.00,1.00
2016.08.15 14:45:48.893,1.13235,1.13239,2.62,1.00
2016.08.15 14:45:48.944,1.13234,1.13238,1.79,1.00
2016.08.15 14:45:48.995,1.13234,1.13237,1.50,1.00
2016.08.15 14:45:49.047,1.13234,1.13237,1.00,1.00
2016.08.15 14:45:49.098,1.13235,1.13239,1.00,1.50
2016.08.15 14:45:49.150,1.13236,1.13239,1.00,1.50
2016.08.15 14:45:49.201,1.13236,1.13239,1.00,1.00
2016.08.15 14:45:49.811,1.13236,1.13239,1.79,1.00
2016.08.15 14:45:49.926,1.13237,1.1324,1.04,1.50
2016.08.15 14:45:50.028,1.13237,1.1324,1.50,1.50
2016.08.15 14:45:50.231,1.13237,1.1324,2.25,1.50
2016.08.15 14:45:50.282,1.13237,1.1324,2.25,1.00
2016.08.15 14:45:50.384,1.13237,1.1324,2.25,1.50
2016.08.15 14:45:50.435,1.13237,1.1324,1.50,1.50
2016.08.15 14:45:50.905,1.13236,1.13239,2.62,1.00
2016.08.15 14:45:50.956,1.13234,1.13238,4.50,1.00
2016.08.15 14:45:51.007,1.13235,1.13239,1.50,1.00
2016.08.15 14:45:51.058,1.13235,1.13238,1.00,1.00
2016.08.15 14:45:51.109,1.13234,1.13238,1.12,1.00
2016.08.15 14:45:51.159,1.13233,1.13237,1.87,1.00
2016.08.15 14:45:51.210,1.13235,1.13239,1.00,1.00
2016.08.15 14:45:51.261,1.13235,1.1324,1.50,1.12
2016.08.15 14:45:51.312,1.13235,1.1324,2.62,1.50
2016.08.15 14:45:51.413,1.13235,1.13239,2.62,1.00
2016.08.15 14:45:51.464,1.13235,1.13239,1.87,1.00
2016.08.15 14:45:51.710,1.13235,1.13239,2.62,1.00
2016.08.15 14:45:51.761,1.13235,1.13239,1.87,1.00
2016.08.15 14:45:51.863,1.13235,1.13239,1.12,1.00
2016.08.15 14:45:51.914,1.13235,1.1324,1.12,1.00
2016.08.15 14:45:51.964,1.13235,1.1324,1.87,1.00
2016.08.15 14:45:52.015,1.13235,1.13239,2.62,1.00
2016.08.15 14:45:52.066,1.13235,1.13238,1.87,1.00
2016.08.15 14:45:52.117,1.13235,1.13238,1.12,1.00
2016.08.15 14:45:52.663,1.13236,1.13239,1.00,1.00
2016.08.15 14:45:52.767,1.13235,1.13239,1.87,1.00
2016.08.15 14:45:52.919,1.13236,1.13239,1.00,1.00
2016.08.15 14:45:52.983,1.13236,1.13239,1.50,1.00
2016.08.15 14:45:53.035,1.13236,1.13239,1.00,1.00
2016.08.15 14:45:53.781,1.13237,1.13241,1.00,1.50
2016.08.15 14:45:53.833,1.13237,1.1324,1.50,1.00
2016.08.15 14:45:53.884,1.13237,1.1324,1.00,1.00
2016.08.15 14:45:53.935,1.13236,1.1324,1.87,1.00
2016.08.15 14:45:53.986,1.13237,1.1324,1.00,1.00
2016.08.15 14:45:54.037,1.13237,1.1324,1.00,1.50
2016.08.15 14:45:54.089,1.13237,1.1324,1.00,1.00
2016.08.15 14:45:55.216,1.13237,1.1324,1.50,1.00
2016.08.15 14:45:55.267,1.13238,1.13241,1.12,1.00
2016.08.15 14:45:55.810,1.13237,1.13241,1.50,1.00
2016.08.15 14:45:56.256,1.13238,1.13241,1.12,1.00
2016.08.15 14:45:57.590,1.13237,1.13243,1.87,1.25
2016.08.15 14:45:58.231,1.1324,1.13243,1.00,1.25
2016.08.15 14:45:58.293,1.1324,1.13243,1.50,1.25
2016.08.15 14:45:58.922,1.13238,1.13244,1.12,2.44
2016.08.15 14:45:59.198,1.13238,1.13244,1.37,2.44
2016.08.15 14:45:59.666,1.13238,1.13242,1.37,1.00
2016.08.15 14:45:59.717,1.13238,1.13242,1.00,1.00
2016.08.15 14:46:00.656,1.13236,1.13239,1.37,1.00
2016.08.15 14:46:00.707,1.13235,1.13238,2.62,1.00
2016.08.15 14:46:00.758,1.13235,1.13238,1.00,1.00
2016.08.15 14:46:00.809,1.13236,1.13239,1.00,1.87
2016.08.15 14:46:01.320,1.13234,1.13236,1.00,1.00
2016.08.15 14:46:01.372,1.1323,1.13236,1.00,1.50
2016.08.15 14:46:01.423,1.1323,1.13235,1.50,1.00
2016.08.15 14:46:01.474,1.13232,1.13235,1.00,1.50
2016.08.15 14:46:01.627,1.13232,1.13235,1.00,1.00
2016.08.15 14:46:01.736,1.13232,1.13235,1.00,1.50
2016.08.15 14:46:01.903,1.13232,1.13235,1.00,1.00
2016.08.15 14:46:01.954,1.13232,1.13236,1.00,1.50
2016.08.15 14:46:02.056,1.13232,1.13236,1.00,1.00
2016.08.15 14:46:02.107,1.13232,1.13238,1.00,2.81
2016.08.15 14:46:02.158,1.13232,1.13238,1.50,2.06
2016.08.15 14:46:02.209,1.13232,1.13238,1.87,1.69
2016.08.15 14:46:02.491,1.13232,1.13238,1.50,1.50
2016.08.15 14:46:02.542,1.13233,1.13238,1.00,1.00
2016.08.15 14:46:02.756,1.13235,1.13238,1.00,1.00
2016.08.15 14:46:02.807,1.13235,1.13238,1.50,1.50
2016.08.15 14:46:02.858,1.13233,1.13237,1.50,1.00
2016.08.15 14:46:02.970,1.13233,1.13237,1.00,1.00
2016.08.15 14:46:03.822,1.13235,1.13238,1.00,1.87
2016.08.15 14:46:04.128,1.13233,1.13237,1.00,1.00
2016.08.15 14:46:04.521,1.13233,1.13235,1.00,1.00
2016.08.15 14:46:04.573,1.13232,1.13235,1.00,1.00
2016.08.15 14:46:04.895,1.13232,1.13237,1.00,1.00
2016.08.15 14:46:04.946,1.13233,1.13237,1.50,1.00
2016.08.15 14:46:04.997,1.13235,1.13238,1.00,1.87
2016.08.15 14:46:05.048,1.13234,1.13238,1.00,1.50
2016.08.15 14:46:05.099,1.13233,1.13238,1.87,1.50
2016.08.15 14:46:05.150,1.13233,1.13238,1.50,1.50
2016.08.15 14:46:05.251,1.13233,1.13238,1.87,1.50
2016.08.15 14:46:05.302,1.13233,1.13238,1.87,1.00
2016.08.15 14:46:05.455,1.13234,1.13238,1.00,1.00
2016.08.15 14:46:05.796,1.13235,1.13238,1.50,1.00
2016.08.15 14:46:05.847,1.13235,1.13237,1.00,1.00
2016.08.15 14:46:05.949,1.13235,1.13238,1.50,1.00
2016.08.15 14:46:06.153,1.13235,1.13237,1.50,1.00
2016.08.15 14:46:06.204,1.13234,1.13238,2.25,1.00
2016.08.15 14:46:06.255,1.13234,1.13238,1.00,1.00
2016.08.15 14:46:06.306,1.13233,1.13237,1.00,1.12
2016.08.15 14:46:06.357,1.13233,1.13237,1.50,1.12
2016.08.15 14:46:06.459,1.13234,1.13237,1.00,1.12
2016.08.15 14:46:06.509,1.13234,1.13237,1.00,1.00
2016.08.15 14:46:06.560,1.13233,1.13237,1.50,1.00
2016.08.15 14:46:06.861,1.13234,1.13238,1.00,1.00
2016.08.15 14:46:07.169,1.13234,1.13238,1.50,1.00
2016.08.15 14:46:07.372,1.13234,1.13238,1.00,1.00
2016.08.15 14:46:07.474,1.13234,1.13238,1.50,1.00
2016.08.15 14:46:08.481,1.13234,1.13238,1.00,1.00
2016.08.15 14:46:08.532,1.13234,1.13239,1.87,1.87
2016.08.15 14:46:08.583,1.13234,1.13239,1.12,1.87
2016.08.15 14:46:08.634,1.13234,1.13239,1.12,1.00
2016.08.15 14:46:09.491,1.13236,1.13239,1.00,1.00
2016.08.15 14:46:09.902,1.13234,1.13238,1.12,1.00
2016.08.15 14:46:09.953,1.13236,1.13239,1.00,1.00
2016.08.15 14:46:10.983,1.13236,1.1324,1.00,2.62
2016.08.15 14:46:11.086,1.13236,1.1324,1.00,1.87
2016.08.15 14:46:11.137,1.13235,1.13239,1.00,1.00
2016.08.15 14:46:11.290,1.13235,1.13239,1.50,1.00
2016.08.15 14:46:11.363,1.13235,1.13239,1.00,1.00
2016.08.15 14:46:11.811,1.13235,1.13239,1.50,1.00
2016.08.15 14:46:11.862,1.13235,1.13238,1.00,1.00
2016.08.15 14:46:12.022,1.13235,1.1324,1.00,2.25
2016.08.15 14:46:12.073,1.13235,1.1324,1.50,2.25
2016.08.15 14:46:12.175,1.13235,1.1324,1.00,1.50
2016.08.15 14:46:12.296,1.13235,1.1324,1.50,2.25
2016.08.15 14:46:12.349,1.13235,1.1324,1.00,2.25
2016.08.15 14:46:13.140,1.13235,1.1324,1.00,1.50
2016.08.15 14:46:13.210,1.13235,1.1324,1.12,1.50
2016.08.15 14:46:13.261,1.13235,1.1324,1.12,1.00
2016.08.15 14:46:13.311,1.13237,1.1324,1.00,1.00
2016.08.15 14:46:13.362,1.13237,1.1324,1.00,1.00
2016.08.15 14:46:13.413,1.13237,1.1324,1.35,1.00
2016.08.15 14:46:13.464,1.13237,1.1324,1.60,1.00
2016.08.15 14:46:13.515,1.13237,1.1324,2.10,1.00
2016.08.15 14:46:13.566,1.13237,1.13241,2.10,1.50
2016.08.15 14:46:13.921,1.13237,1.13241,1.60,1.50
2016.08.15 14:46:14.220,1.13238,1.13241,1.35,1.50
2016.08.15 14:46:14.271,1.13238,1.13241,2.10,1.50
2016.08.15 14:46:14.325,1.13238,1.13241,1.50,1.50
2016.08.15 14:46:14.377,1.13238,1.13241,1.00,1.50
2016.08.15 14:46:14.428,1.13238,1.13241,1.00,1.00
2016.08.15 14:46:14.683,1.13237,1.13241,2.10,1.00
2016.08.15 14:46:14.785,1.13238,1.13241,1.35,1.00
2016.08.15 14:46:15.491,1.13237,1.13243,2.10,1.12
2016.08.15 14:46:15.744,1.13238,1.13243,1.50,1.00
2016.08.15 14:46:15.846,1.13238,1.13243,2.10,1.00
2016.08.15 14:46:15.998,1.13238,1.13243,1.60,1.00
2016.08.15 14:46:16.049,1.13238,1.13243,1.35,1.00
2016.08.15 14:46:16.367,1.13238,1.13243,1.00,1.00
2016.08.15 14:46:17.016,1.13238,1.13242,1.00,1.00
2016.08.15 14:46:17.537,1.13239,1.13242,1.00,1.00
2016.08.15 14:46:17.690,1.13238,1.13244,1.50,1.87
2016.08.15 14:46:17.741,1.1324,1.13243,1.00,1.12
2016.08.15 14:46:17.794,1.1324,1.13244,1.00,1.87
2016.08.15 14:46:18.139,1.1324,1.13244,1.50,1.87
2016.08.15 14:46:18.226,1.1324,1.13244,1.00,1.87
2016.08.15 14:46:18.277,1.1324,1.13244,1.50,1.87
2016.08.15 14:46:18.634,1.13241,1.13244,1.00,1.87
2016.08.15 14:46:18.736,1.13242,1.13244,1.00,1.37
2016.08.15 14:46:19.142,1.13242,1.13244,1.00,1.00
2016.08.15 14:46:19.545,1.13241,1.13244,1.00,1.12
2016.08.15 14:46:19.749,1.13241,1.13244,1.00,1.50
2016.08.15 14:46:20.371,1.13239,1.13243,1.00,1.00
2016.08.15 14:46:20.929,1.1324,1.13243,1.00,1.00
2016.08.15 14:46:20.980,1.1324,1.13243,1.50,1.00
2016.08.15 14:46:22.282,1.1324,1.13243,1.00,1.00
2016.08.15 14:46:22.591,1.1324,1.13243,1.50,1.00
2016.08.15 14:46:23.193,1.1324,1.13243,1.00,1.00
2016.08.15 14:46:23.284,1.1324,1.13243,1.50,1.00
2016.08.15 14:46:24.396,1.1324,1.13243,1.00,1.00
2016.08.15 14:46:24.447,1.1324,1.13243,1.00,1.50
2016.08.15 14:46:24.622,1.1324,1.13243,1.50,1.50
2016.08.15 14:46:24.723,1.1324,1.13243,1.50,2.25
2016.08.15 14:46:25.316,1.1324,1.13243,1.00,1.50
2016.08.15 14:46:25.418,1.1324,1.13243,1.50,1.50
2016.08.15 14:46:25.469,1.1324,1.13242,1.00,1.00
2016.08.15 14:46:25.520,1.13237,1.13241,1.12,1.00
2016.08.15 14:46:26.130,1.13237,1.13241,2.25,1.00
2016.08.15 14:46:26.909,1.13238,1.13241,1.00,1.00
2016.08.15 14:46:27.908,1.13238,1.13241,1.50,1.00
2016.08.15 14:46:27.968,1.13238,1.13242,1.87,1.00
2016.08.15 14:46:28.019,1.13238,1.13242,1.12,1.00
2016.08.15 14:46:28.070,1.13238,1.13242,1.00,1.00
2016.08.15 14:46:29.041,1.13238,1.13241,1.00,1.00
2016.08.15 14:46:32.015,1.13237,1.13241,1.50,1.00
2016.08.15 14:46:32.167,1.13237,1.1324,1.50,1.00
2016.08.15 14:46:32.268,1.13237,1.13241,1.50,1.50
2016.08.15 14:46:32.370,1.13237,1.1324,1.50,1.00
2016.08.15 14:46:32.621,1.13237,1.13241,1.50,1.50
2016.08.15 14:46:32.822,1.13237,1.1324,1.50,1.00
2016.08.15 14:46:33.832,1.13238,1.13242,1.00,1.12
2016.08.15 14:46:33.884,1.13238,1.13242,1.00,1.00
2016.08.15 14:46:33.935,1.13238,1.13242,2.25,1.00
2016.08.15 14:46:33.986,1.13238,1.13242,2.62,1.00
2016.08.15 14:46:34.038,1.1324,1.13244,1.00,1.00
2016.08.15 14:46:35.293,1.1324,1.13242,1.00,1.00
2016.08.15 14:46:35.945,1.1324,1.13244,1.00,1.00
2016.08.15 14:46:36.047,1.1324,1.13245,1.00,2.25
2016.08.15 14:46:36.275,1.1324,1.13245,1.00,1.50
2016.08.15 14:46:36.338,1.1324,1.13245,1.00,1.00
2016.08.15 14:46:36.541,1.1324,1.13245,1.00,1.50
2016.08.15 14:46:37.791,1.1324,1.13245,1.00,1.00
2016.08.15 14:46:38.143,1.13241,1.13244,1.00,1.00
2016.08.15 14:46:39.590,1.13239,1.13244,2.62,1.12
2016.08.15 14:46:39.641,1.13239,1.13244,1.00,1.50
2016.08.15 14:46:39.692,1.13238,1.13244,3.00,1.50
2016.08.15 14:46:39.743,1.13238,1.13243,2.25,1.00
2016.08.15 14:46:39.795,1.13238,1.13243,1.87,1.00
2016.08.15 14:46:39.847,1.13238,1.13242,1.00,1.00
2016.08.15 14:46:40.899,1.13238,1.13241,1.00,1.00
2016.08.15 14:46:42.357,1.13238,1.13243,1.12,1.00
2016.08.15 14:46:42.408,1.13238,1.13243,1.50,1.00
2016.08.15 14:46:42.459,1.13239,1.13243,1.00,1.00
2016.08.15 14:46:42.511,1.13239,1.13245,1.72,2.96
2016.08.15 14:46:42.562,1.13241,1.13245,1.00,1.84
2016.08.15 14:46:42.615,1.13241,1.13245,1.00,2.25
2016.08.15 14:46:42.666,1.13241,1.13245,1.50,1.50
2016.08.15 14:46:42.769,1.13242,1.13245,1.00,2.25
2016.08.15 14:46:42.820,1.13242,1.13245,1.12,2.25
2016.08.15 14:46:43.121,1.13241,1.13245,1.87,2.25
2016.08.15 14:46:43.497,1.13241,1.13245,1.87,1.50
2016.08.15 14:46:43.599,1.13241,1.13245,1.87,2.25
2016.08.15 14:46:43.700,1.13241,1.13245,1.87,1.50
2016.08.15 14:46:43.772,1.13241,1.13245,1.87,1.00
2016.08.15 14:46:44.109,1.13241,1.13245,1.50,1.00
2016.08.15 14:46:44.173,1.13241,1.13245,1.50,1.50
2016.08.15 14:46:44.676,1.13241,1.13245,1.50,1.00
2016.08.15 14:46:44.777,1.13241,1.13245,1.50,1.50
2016.08.15 14:46:45.015,1.13241,1.13245,1.50,1.00
2016.08.15 14:46:45.065,1.13241,1.13245,1.00,1.00
2016.08.15 14:46:45.116,1.13241,1.13245,1.00,1.50
2016.08.15 14:46:45.167,1.13241,1.13244,1.00,1.00
2016.08.15 14:46:45.218,1.1324,1.13243,1.87,1.00
2016.08.15 14:46:45.269,1.1324,1.13243,1.50,1.00
2016.08.15 14:46:45.320,1.1324,1.13243,1.00,1.00
2016.08.15 14:46:48.197,1.1324,1.13243,1.12,1.00
2016.08.15 14:46:48.497,1.13238,1.13244,1.75,1.00
2016.08.15 14:46:50.383,1.13238,1.13244,1.50,1.00
2016.08.15 14:46:50.434,1.13239,1.13242,1.00,1.00
2016.08.15 14:46:54.186,1.13238,1.13242,1.50,1.00
2016.08.15 14:46:54.237,1.13237,1.13242,2.62,1.00
2016.08.15 14:46:55.339,1.13238,1.13242,1.00,1.00
2016.08.15 14:46:59.274,1.13238,1.13241,1.00,1.00
2016.08.15 14:46:59.376,1.13238,1.13242,1.75,1.00
2016.08.15 14:46:59.428,1.13238,1.13243,1.87,1.50
2016.08.15 14:46:59.479,1.13239,1.13243,1.50,1.50
2016.08.15 14:46:59.783,1.13238,1.13243,1.87,1.50
2016.08.15 14:46:59.834,1.13238,1.13243,1.75,1.50
2016.08.15 14:46:59.988,1.13237,1.13243,2.25,1.50
2016.08.15 14:47:00.039,1.13237,1.13243,3.37,1.50
2016.08.15 14:47:00.090,1.13238,1.13241,1.00,1.00
2016.08.15 14:47:00.141,1.13237,1.13242,1.87,1.00
2016.08.15 14:47:00.243,1.13237,1.13242,1.50,1.00
2016.08.15 14:47:00.295,1.13237,1.13242,1.50,1.50
2016.08.15 14:47:00.499,1.13237,1.13242,2.25,1.00
2016.08.15 14:47:00.737,1.13238,1.13242,1.00,1.00
2016.08.15 14:47:00.788,1.13238,1.13242,1.50,1.00
2016.08.15 14:47:01.011,1.13241,1.13242,1.00,1.00
2016.08.15 14:47:01.330,1.13241,1.13244,1.00,1.50
2016.08.15 14:47:01.717,1.1324,1.13243,1.50,1.00
2016.08.15 14:47:01.769,1.13241,1.13244,1.00,1.50
2016.08.15 14:47:02.054,1.13241,1.13244,1.00,1.00
2016.08.15 14:47:02.409,1.13242,1.13245,1.00,1.50
2016.08.15 14:47:02.460,1.13242,1.13245,1.00,2.25
2016.08.15 14:47:02.639,1.13242,1.13245,1.00,1.50
2016.08.15 14:47:02.839,1.13242,1.13245,1.00,2.25
2016.08.15 14:47:03.354,1.13242,1.13245,1.00,1.50
2016.08.15 14:47:04.823,1.13242,1.13245,1.00,1.00
2016.08.15 14:47:04.925,1.13244,1.13245,1.00,1.00
2016.08.15 14:47:04.976,1.13244,1.13245,1.50,1.00
2016.08.15 14:47:05.027,1.13244,1.13247,1.50,1.10
2016.08.15 14:47:05.078,1.13245,1.13247,1.00,1.00
2016.08.15 14:47:05.129,1.13246,1.13247,1.00,1.00
2016.08.15 14:47:05.180,1.13245,1.13247,1.00,1.00
2016.08.15 14:47:05.282,1.13245,1.13247,1.50,1.00
2016.08.15 14:47:05.895,1.13242,1.13246,1.00,1.00
2016.08.15 14:47:05.997,1.13242,1.13246,1.00,1.50
2016.08.15 14:47:08.372,1.13241,1.13244,1.00,1.00
2016.08.15 14:47:08.430,1.13242,1.13245,1.00,1.50
2016.08.15 14:47:08.480,1.13242,1.13245,1.00,1.00
2016.08.15 14:47:08.661,1.13242,1.13245,1.00,1.50
2016.08.15 14:47:08.862,1.13242,1.13245,1.00,1.00
2016.08.15 14:47:09.187,1.13242,1.13245,1.00,1.50
2016.08.15 14:47:09.289,1.13242,1.13245,1.00,1.00
2016.08.15 14:47:09.718,1.13242,1.13245,1.00,1.50
2016.08.15 14:47:09.769,1.13242,1.13245,1.00,1.00
2016.08.15 14:47:10.074,1.13247,1.13249,1.50,1.00
2016.08.15 14:47:10.125,1.13249,1.13251,1.00,1.00
2016.08.15 14:47:10.177,1.13249,1.13252,1.00,1.37
2016.08.15 14:47:10.228,1.1325,1.13254,1.50,1.87
2016.08.15 14:47:10.279,1.1325,1.13254,1.00,1.87
2016.08.15 14:47:10.573,1.1325,1.13253,1.00,1.00
2016.08.15 14:47:10.777,1.13248,1.13252,1.00,1.00
2016.08.15 14:47:11.446,1.13249,1.13252,1.00,1.00
2016.08.15 14:47:11.499,1.13247,1.1325,1.00,1.00
2016.08.15 14:47:11.601,1.13247,1.1325,1.00,1.50
2016.08.15 14:47:11.652,1.13248,1.1325,1.00,1.00
2016.08.15 14:47:11.703,1.13248,1.13251,1.00,1.00
2016.08.15 14:47:11.805,1.13247,1.1325,1.00,1.00
2016.08.15 14:47:11.907,1.13247,1.13252,1.00,1.00
2016.08.15 14:47:12.009,1.13247,1.1325,1.00,1.50
2016.08.15 14:47:12.679,1.13247,1.1325,1.00,1.00
2016.08.15 14:47:12.908,1.13247,1.1325,1.00,1.50
2016.08.15 14:47:13.174,1.13247,1.1325,1.00,1.00
2016.08.15 14:47:13.228,1.13248,1.13251,1.00,1.50
2016.08.15 14:47:13.279,1.13248,1.13251,1.00,1.00
2016.08.15 14:47:14.127,1.13249,1.13252,1.00,1.00
2016.08.15 14:47:14.663,1.13248,1.13252,1.00,1.00
2016.08.15 14:47:15.056,1.13248,1.13251,1.00,1.00
2016.08.15 14:47:15.107,1.13247,1.1325,1.00,1.50
2016.08.15 14:47:15.158,1.13246,1.13249,1.00,1.00
2016.08.15 14:47:15.260,1.13247,1.1325,1.00,1.50
2016.08.15 14:47:15.311,1.13247,1.1325,1.00,1.00
2016.08.15 14:47:15.424,1.13247,1.1325,1.00,1.50
2016.08.15 14:47:15.526,1.13247,1.1325,1.00,1.00
2016.08.15 14:47:15.680,1.13247,1.1325,1.00,1.50
2016.08.15 14:47:16.143,1.13248,1.1325,1.00,1.00
2016.08.15 14:47:16.195,1.13246,1.13249,1.00,1.00
2016.08.15 14:47:16.548,1.13245,1.13248,1.50,1.00
2016.08.15 14:47:16.701,1.13245,1.13248,1.00,1.00
2016.08.15 14:47:17.005,1.13245,1.13248,1.50,1.00
2016.08.15 14:47:17.084,1.13245,1.13248,1.00,1.00
2016.08.15 14:47:17.428,1.13245,1.13248,1.50,1.00
2016.08.15 14:47:17.729,1.13246,1.1325,1.00,1.50
2016.08.15 14:47:17.780,1.13245,1.13248,1.50,1.00
2016.08.15 14:47:17.932,1.13246,1.1325,1.00,2.25
2016.08.15 14:47:18.187,1.13245,1.13248,1.00,1.00
2016.08.15 14:47:18.291,1.13245,1.1325,1.50,1.50
2016.08.15 14:47:18.342,1.13245,1.13248,1.50,1.00
2016.08.15 14:47:18.393,1.13245,1.13248,1.00,1.00
2016.08.15 14:47:18.545,1.13246,1.1325,1.00,1.50
2016.08.15 14:47:18.596,1.13245,1.13249,1.00,1.00
2016.08.15 14:47:18.698,1.13244,1.13249,2.25,1.00
2016.08.15 14:47:18.749,1.13246,1.13249,1.00,1.00
2016.08.15 14:47:19.030,1.13244,1.13249,2.25,1.00
2016.08.15 14:47:19.341,1.13246,1.13249,1.00,1.00
2016.08.15 14:47:19.392,1.13245,1.13249,1.00,1.00
2016.08.15 14:47:19.494,1.13244,1.13249,2.25,1.00
2016.08.15 14:47:19.545,1.13246,1.13249,1.00,1.00
2016.08.15 14:47:19.596,1.13245,1.13248,1.50,1.00
2016.08.15 14:47:19.698,1.13245,1.13248,1.00,1.00
2016.08.15 14:47:20.003,1.13245,1.13248,1.50,1.00
2016.08.15 14:47:20.054,1.13245,1.13247,1.50,1.00
2016.08.15 14:47:20.585,1.13245,1.13247,1.00,1.00
2016.08.15 14:47:20.642,1.13244,1.13247,1.00,1.00
2016.08.15 14:47:21.147,1.13245,1.13248,1.00,1.00
2016.08.15 14:47:21.824,1.13244,1.13247,3.00,1.00
2016.08.15 14:47:21.927,1.13245,1.13248,1.00,1.00
2016.08.15 14:47:24.253,1.13245,1.13248,1.50,1.00
2016.08.15 14:47:24.457,1.13245,1.13247,1.00,1.00
2016.08.15 14:47:24.739,1.13245,1.13249,1.00,1.00
2016.08.15 14:47:24.790,1.13244,1.13249,2.62,1.00
2016.08.15 14:47:25.044,1.13245,1.13249,1.00,1.00
2016.08.15 14:47:25.247,1.13244,1.13249,2.62,1.00
2016.08.15 14:47:26.447,1.13245,1.13249,1.00,1.00
2016.08.15 14:47:26.752,1.13245,1.13249,1.50,1.00
2016.08.15 14:47:27.778,1.13245,1.13249,1.87,1.00
2016.08.15 14:47:27.829,1.13245,1.13248,2.62,1.00
2016.08.15 14:47:27.879,1.13245,1.13248,1.50,1.00
2016.08.15 14:47:28.224,1.13246,1.13249,1.00,1.00
2016.08.15 14:47:29.264,1.13246,1.13249,1.50,1.00
2016.08.15 14:47:29.315,1.13246,1.13249,1.00,1.00
2016.08.15 14:47:29.366,1.13245,1.13249,1.87,1.00
2016.08.15 14:47:29.417,1.13245,1.13249,2.25,1.00
2016.08.15 14:47:29.468,1.13245,1.13249,1.50,1.00
2016.08.15 14:47:29.621,1.13245,1.13249,1.00,1.00
2016.08.15 14:47:29.672,1.13244,1.13247,4.87,1.00
2016.08.15 14:47:29.723,1.13244,1.13247,1.50,1.00
2016.08.15 14:47:30.084,1.13244,1.13247,1.87,1.00
2016.08.15 14:47:30.135,1.13244,1.13249,2.62,1.00
2016.08.15 14:47:30.190,1.13245,1.13249,1.00,1.00
2016.08.15 14:47:30.291,1.13244,1.13249,1.50,1.00
2016.08.15 14:47:30.765,1.13243,1.13247,5.62,1.00
2016.08.15 14:47:30.816,1.13243,1.13246,1.00,1.00
2016.08.15 14:47:31.098,1.13242,1.13245,1.87,1.00
2016.08.15 14:47:31.149,1.13243,1.13245,1.00,1.00
2016.08.15 14:47:31.201,1.13242,1.13245,2.25,1.00
2016.08.15 14:47:31.252,1.13242,1.13245,1.87,1.00
2016.08.15 14:47:31.303,1.13243,1.13245,1.00,1.00
2016.08.15 14:47:31.559,1.13243,1.13246,1.00,1.50
2016.08.15 14:47:31.661,1.13243,1.13245,1.00,1.00
2016.08.15 14:47:31.764,1.13243,1.13246,1.00,1.50
2016.08.15 14:47:32.052,1.13243,1.13245,1.50,1.00
2016.08.15 14:47:32.767,1.13243,1.13245,1.00,1.00
2016.08.15 14:47:32.869,1.13243,1.13246,1.00,1.50
2016.08.15 14:47:33.063,1.13243,1.13245,1.00,1.00
2016.08.15 14:47:33.113,1.13242,1.13244,1.12,1.00
2016.08.15 14:47:33.598,1.1324,1.13244,1.87,1.00
2016.08.15 14:47:33.905,1.1324,1.13242,1.12,1.00
2016.08.15 14:47:33.956,1.13241,1.13244,1.00,1.00
2016.08.15 14:47:34.008,1.13239,1.13243,2.62,1.00
2016.08.15 14:47:34.059,1.1324,1.13243,1.12,1.00
2016.08.15 14:47:34.561,1.1324,1.13243,1.87,1.00
2016.08.15 14:47:34.612,1.13241,1.13244,1.00,1.00
2016.08.15 14:47:34.929,1.13239,1.13242,2.62,1.00
2016.08.15 14:47:34.980,1.1324,1.13243,1.12,1.00
2016.08.15 14:47:35.375,1.1324,1.13243,1.87,1.00
2016.08.15 14:47:35.430,1.1324,1.13243,1.12,1.00
2016.08.15 14:47:35.582,1.1324,1.13243,1.00,1.00
2016.08.15 14:47:35.879,1.13239,1.13242,1.87,1.00
2016.08.15 14:47:35.930,1.1324,1.13243,1.00,1.00
2016.08.15 14:47:37.031,1.13239,1.13242,1.50,1.00
2016.08.15 14:47:37.082,1.13238,1.13241,2.25,1.00
2016.08.15 14:47:37.133,1.13238,1.1324,1.12,1.00
2016.08.15 14:47:37.236,1.13237,1.1324,1.00,1.00
2016.08.15 14:47:37.514,1.13236,1.1324,1.12,1.00
2016.08.15 14:47:37.667,1.13236,1.13239,1.87,1.00
2016.08.15 14:47:38.126,1.13236,1.13239,1.50,1.00
2016.08.15 14:47:38.228,1.13236,1.1324,1.50,1.00
2016.08.15 14:47:38.279,1.13236,1.1324,2.25,1.00
2016.08.15 14:47:38.516,1.13237,1.13239,1.00,1.00
2016.08.15 14:47:38.770,1.13238,1.1324,1.00,1.00
2016.08.15 14:47:38.872,1.13236,1.13241,2.62,1.50
2016.08.15 14:47:38.974,1.13236,1.13241,1.87,1.50
2016.08.15 14:47:39.025,1.13236,1.13241,1.50,1.50
2016.08.15 14:47:39.263,1.13236,1.13241,2.25,1.50
2016.08.15 14:47:39.314,1.13236,1.13241,2.62,1.50
2016.08.15 14:47:39.366,1.13236,1.1324,2.62,1.00
2016.08.15 14:47:40.307,1.13236,1.1324,3.75,1.00
2016.08.15 14:47:40.358,1.13236,1.13241,3.75,1.50
2016.08.15 14:47:40.493,1.13236,1.1324,3.75,1.00
2016.08.15 14:47:41.730,1.13237,1.1324,1.00,1.50
2016.08.15 14:47:41.781,1.13236,1.1324,2.25,1.50
2016.08.15 14:47:41.832,1.13236,1.1324,1.87,1.50
2016.08.15 14:47:41.984,1.13237,1.1324,1.00,1.50
2016.08.15 14:47:42.085,1.13237,1.1324,1.00,1.00
2016.08.15 14:47:42.136,1.13237,1.1324,1.12,1.00
2016.08.15 14:47:42.187,1.13236,1.1324,2.62,1.00
2016.08.15 14:47:42.470,1.13237,1.1324,1.12,1.00
2016.08.15 14:47:42.522,1.13237,1.1324,1.12,1.50
2016.08.15 14:47:42.573,1.13237,1.1324,1.12,1.00
2016.08.15 14:47:42.726,1.13237,1.1324,1.50,1.00
2016.08.15 14:47:42.878,1.13238,1.1324,1.12,1.50
2016.08.15 14:47:42.980,1.13236,1.1324,4.12,1.50
2016.08.15 14:47:43.034,1.13236,1.1324,3.37,1.50
2016.08.15 14:47:43.178,1.13239,1.1324,1.00,1.50
2016.08.15 14:47:43.302,1.13239,1.1324,1.00,1.00
2016.08.15 14:47:43.695,1.13237,1.1324,1.12,1.00
2016.08.15 14:47:43.747,1.13236,1.1324,1.87,1.00
2016.08.15 14:47:43.799,1.13236,1.1324,2.62,1.00
2016.08.15 14:47:43.878,1.13237,1.1324,1.50,1.00
2016.08.15 14:47:44.031,1.13239,1.13241,1.12,1.00
2016.08.15 14:47:44.082,1.13239,1.13243,1.12,1.50
2016.08.15 14:47:44.235,1.13238,1.13243,1.50,1.50
2016.08.15 14:47:44.823,1.13241,1.13244,2.25,1.00
2016.08.15 14:47:44.874,1.13242,1.13244,1.12,1.00
2016.08.15 14:47:44.926,1.13243,1.13246,1.75,2.25
2016.08.15 14:47:44.977,1.13244,1.13245,1.50,1.00
2016.08.15 14:47:45.029,1.13244,1.13245,1.00,1.00
2016.08.15 14:47:45.080,1.13244,1.13246,1.00,1.00
2016.08.15 14:47:45.131,1.13244,1.13247,1.87,1.00
2016.08.15 14:47:45.182,1.13245,1.13248,1.00,1.50
2016.08.15 14:47:45.236,1.13244,1.13248,1.12,1.50
2016.08.15 14:47:45.318,1.13245,1.13248,1.50,1.50
2016.08.15 14:47:45.369,1.13245,1.13248,1.00,1.50
2016.08.15 14:47:45.607,1.13245,1.13248,1.50,1.50
2016.08.15 14:47:46.153,1.13245,1.13248,1.00,1.50
2016.08.15 14:47:46.306,1.13244,1.13246,1.12,1.00
2016.08.15 14:47:46.357,1.13244,1.13247,1.37,1.00
2016.08.15 14:47:46.409,1.13243,1.13247,1.50,1.00
2016.08.15 14:47:46.687,1.13243,1.13247,1.00,1.00
2016.08.15 14:47:46.739,1.13242,1.13246,1.50,1.00
2016.08.15 14:47:46.994,1.13242,1.13245,1.50,1.00
2016.08.15 14:47:47.096,1.13242,1.13245,1.50,1.50
2016.08.15 14:47:47.350,1.13242,1.13245,1.00,1.00
2016.08.15 14:47:47.452,1.13242,1.13244,1.00,1.00
2016.08.15 14:47:47.503,1.13241,1.13244,1.00,1.00
2016.08.15 14:47:47.990,1.13244,1.13245,1.00,1.00
2016.08.15 14:47:48.042,1.13244,1.13245,1.12,1.50
2016.08.15 14:47:48.409,1.13244,1.13248,1.12,2.25
2016.08.15 14:47:48.479,1.13245,1.13248,1.12,1.00
2016.08.15 14:47:48.616,1.13245,1.13248,1.00,1.00
2016.08.15 14:47:48.717,1.13244,1.13247,1.50,1.00
2016.08.15 14:47:48.768,1.13244,1.13246,1.00,1.00
2016.08.15 14:47:48.819,1.13246,1.13247,1.00,1.00
2016.08.15 14:47:49.122,1.13244,1.13247,1.50,1.00
2016.08.15 14:47:49.173,1.13244,1.13249,1.00,1.00
2016.08.15 14:47:49.503,1.13245,1.13248,1.50,1.00
2016.08.15 14:47:49.891,1.13244,1.13247,1.00,1.00
2016.08.15 14:47:50.043,1.13244,1.13247,1.37,1.00
2016.08.15 14:47:50.094,1.13245,1.13248,1.87,1.00
2016.08.15 14:47:50.613,1.13245,1.13248,1.12,1.00
2016.08.15 14:47:50.715,1.13243,1.13249,2.25,1.00
2016.08.15 14:47:50.766,1.13243,1.13246,1.50,1.00
2016.08.15 14:47:50.817,1.13242,1.13245,2.06,1.00
2016.08.15 14:47:50.868,1.13242,1.13244,1.00,1.00
2016.08.15 14:47:51.021,1.13239,1.13241,1.50,1.00
2016.08.15 14:47:51.072,1.13239,1.13241,1.12,1.00
2016.08.15 14:47:51.123,1.13237,1.1324,1.12,1.00
2016.08.15 14:47:51.174,1.13237,1.1324,1.12,1.50
2016.08.15 14:47:51.225,1.13238,1.1324,1.00,1.00
2016.08.15 14:47:51.515,1.13239,1.13241,1.12,1.00
2016.08.15 14:47:51.567,1.13239,1.13242,1.12,1.00
2016.08.15 14:47:52.226,1.13239,1.13242,1.00,1.00
2016.08.15 14:47:53.002,1.13238,1.13243,1.12,1.00
2016.08.15 14:47:53.154,1.13238,1.13243,1.00,1.00
2016.08.15 14:47:53.429,1.13239,1.13243,1.87,1.00
2016.08.15 14:47:53.481,1.13239,1.13243,2.25,1.00
2016.08.15 14:47:53.532,1.1324,1.13243,1.00,1.00
2016.08.15 14:47:57.152,1.1324,1.13243,1.12,1.00
2016.08.15 14:47:58.074,1.13241,1.13244,1.00,1.00
2016.08.15 14:48:00.189,1.13242,1.13244,1.00,1.00
2016.08.15 14:48:00.240,1.13241,1.13244,1.00,1.00
2016.08.15 14:48:00.510,1.1324,1.13244,2.62,1.00
2016.08.15 14:48:00.561,1.13241,1.13244,1.50,1.00
2016.08.15 14:48:00.764,1.13242,1.13245,1.12,1.50
2016.08.15 14:48:00.815,1.13242,1.13245,1.87,1.00
2016.08.15 14:48:01.475,1.13242,1.13245,1.00,1.50
2016.08.15 14:48:01.526,1.13241,1.13244,1.00,1.00
2016.08.15 14:48:01.680,1.1324,1.13243,1.87,1.00
2016.08.15 14:48:01.731,1.1324,1.13243,3.00,1.00
2016.08.15 14:48:01.782,1.1324,1.13245,3.00,1.50
2016.08.15 14:48:01.833,1.1324,1.13245,2.25,1.00
2016.08.15 14:48:02.158,1.1324,1.13245,3.00,1.50
2016.08.15 14:48:02.210,1.1324,1.13243,3.00,1.00
2016.08.15 14:48:02.262,1.1324,1.13243,1.87,1.00
2016.08.15 14:48:02.556,1.13237,1.1324,1.00,1.50
2016.08.15 14:48:02.607,1.13237,1.1324,1.12,1.50
2016.08.15 14:48:02.658,1.13237,1.1324,2.25,1.50
2016.08.15 14:48:02.913,1.13237,1.1324,2.25,1.00
2016.08.15 14:48:03.033,1.13237,1.1324,2.62,1.50
2016.08.15 14:48:03.558,1.13237,1.1324,2.62,1.00
2016.08.15 14:48:03.761,1.13237,1.1324,2.62,1.50
2016.08.15 14:48:03.866,1.13237,1.1324,1.87,1.00
2016.08.15 14:48:03.917,1.13237,1.1324,2.62,1.50
2016.08.15 14:48:03.968,1.13237,1.1324,3.00,1.50
2016.08.15 14:48:04.656,1.13237,1.1324,1.87,1.50
2016.08.15 14:48:05.134,1.13237,1.1324,1.37,1.00
2016.08.15 14:48:05.572,1.13237,1.13241,1.12,1.00
2016.08.15 14:48:06.182,1.13237,1.1324,1.87,1.00
2016.08.15 14:48:07.957,1.13237,1.13241,1.87,1.00
2016.08.15 14:48:08.629,1.13237,1.13241,1.75,1.00
2016.08.15 14:48:08.730,1.13237,1.1324,1.75,1.00
2016.08.15 14:48:09.085,1.13237,1.1324,1.75,1.50
2016.08.15 14:48:09.379,1.13237,1.1324,1.75,1.00
2016.08.15 14:48:09.435,1.13237,1.1324,1.75,1.50
2016.08.15 14:48:09.486,1.13237,1.1324,1.50,1.50
2016.08.15 14:48:09.537,1.13236,1.13239,4.87,1.00
2016.08.15 14:48:09.639,1.13236,1.13239,2.25,1.00
2016.08.15 14:48:12.696,1.13236,1.13239,1.87,1.00
2016.08.15 14:48:12.890,1.13236,1.13239,2.25,1.00
2016.08.15 14:48:12.992,1.13236,1.13239,1.87,1.00
2016.08.15 14:48:13.047,1.13236,1.13239,2.25,1.00
2016.08.15 14:48:13.247,1.13236,1.13239,1.87,1.00
2016.08.15 14:48:13.456,1.13236,1.13239,2.25,1.00
2016.08.15 14:48:13.633,1.13236,1.13239,3.00,1.00
2016.08.15 14:48:14.229,1.13236,1.1324,3.00,1.00
2016.08.15 14:48:14.394,1.13236,1.13241,3.00,1.50
2016.08.15 14:48:14.448,1.13236,1.1324,3.00,1.00
2016.08.15 14:48:14.499,1.13236,1.1324,2.25,1.00
2016.08.15 14:48:14.550,1.13237,1.1324,1.50,1.50
2016.08.15 14:48:14.753,1.13236,1.13239,3.00,1.00
2016.08.15 14:48:14.804,1.13237,1.1324,1.50,1.50
2016.08.15 14:48:14.957,1.1324,1.13241,1.12,1.00
2016.08.15 14:48:15.231,1.13243,1.13244,1.00,1.00
2016.08.15 14:48:15.282,1.13242,1.13245,1.12,1.50
2016.08.15 14:48:15.332,1.13242,1.13245,1.50,1.50
2016.08.15 14:48:15.383,1.13243,1.13245,1.00,1.00
2016.08.15 14:48:15.485,1.13243,1.13246,1.00,1.50
2016.08.15 14:48:15.637,1.13243,1.13246,1.50,1.50
2016.08.15 14:48:15.688,1.13243,1.13246,1.50,1.00
2016.08.15 14:48:15.739,1.13243,1.13246,1.12,1.00
2016.08.15 14:48:15.840,1.13243,1.13246,1.50,1.00
2016.08.15 14:48:16.220,1.13243,1.13246,1.12,1.00
2016.08.15 14:48:17.808,1.13243,1.13247,1.12,1.00
2016.08.15 14:48:17.859,1.13243,1.13247,1.87,1.00
2016.08.15 14:48:21.088,1.13243,1.13246,1.87,1.00
2016.08.15 14:48:22.503,1.13243,1.13246,1.50,1.00
2016.08.15 14:48:23.076,1.13243,1.13246,1.00,1.00
2016.08.15 14:48:23.274,1.13243,1.13246,1.50,1.00
2016.08.15 14:48:23.597,1.13248,1.1325,1.00,1.87
2016.08.15 14:48:23.648,1.13247,1.13251,1.87,1.00
2016.08.15 14:48:23.699,1.13247,1.13251,2.62,1.00
2016.08.15 14:48:23.749,1.13247,1.13251,1.87,1.00
2016.08.15 14:48:23.851,1.13247,1.13251,1.37,1.00
2016.08.15 14:48:23.902,1.13246,1.13251,3.00,1.00
2016.08.15 14:48:25.125,1.13246,1.1325,3.00,1.00
2016.08.15 14:48:25.828,1.13246,1.13251,3.00,1.50
2016.08.15 14:48:25.879,1.13246,1.1325,3.00,1.00
2016.08.15 14:48:26.631,1.13246,1.13251,3.00,1.50
2016.08.15 14:48:26.734,1.13246,1.1325,2.25,1.50
2016.08.15 14:48:26.786,1.13246,1.13249,1.50,1.00
2016.08.15 14:48:26.837,1.13246,1.13248,1.12,1.00
2016.08.15 14:48:26.889,1.13246,1.13248,1.00,1.00
2016.08.15 14:48:26.992,1.13246,1.1325,1.50,1.69
2016.08.15 14:48:27.043,1.13246,1.1325,1.50,1.19
2016.08.15 14:48:27.094,1.13246,1.1325,1.00,1.69
2016.08.15 14:48:27.145,1.13246,1.1325,1.50,1.69
2016.08.15 14:48:27.196,1.13246,1.1325,2.25,1.50
2016.08.15 14:48:27.298,1.13248,1.1325,1.00,1.50
2016.08.15 14:48:27.399,1.13248,1.1325,1.00,1.00
2016.08.15 14:48:27.501,1.13248,1.1325,1.00,1.50
2016.08.15 14:48:27.680,1.13247,1.1325,2.62,1.50
2016.08.15 14:48:28.446,1.13247,1.1325,1.50,1.00
2016.08.15 14:48:28.637,1.13247,1.1325,2.62,1.00
2016.08.15 14:48:28.739,1.13247,1.1325,1.50,1.00
2016.08.15 14:48:28.941,1.13246,1.13249,4.41,1.00
2016.08.15 14:48:28.992,1.13246,1.13249,2.54,1.00
2016.08.15 14:48:29.095,1.13247,1.13249,1.12,1.00
2016.08.15 14:48:29.198,1.13245,1.13247,1.41,1.00
2016.08.15 14:48:29.249,1.13245,1.13247,1.12,1.00
2016.08.15 14:48:29.605,1.13245,1.13246,1.12,1.00
2016.08.15 14:48:29.656,1.13244,1.13246,1.12,1.50
2016.08.15 14:48:29.707,1.13245,1.13247,1.87,1.00
2016.08.15 14:48:30.573,1.13245,1.13246,1.00,1.00
2016.08.15 14:48:30.726,1.13244,1.13245,1.00,1.50
2016.08.15 14:48:31.235,1.13244,1.13245,1.00,1.00
2016.08.15 14:48:31.444,1.13244,1.13246,1.00,1.50
2016.08.15 14:48:31.726,1.13243,1.13244,1.00,1.12
2016.08.15 14:48:31.777,1.1324,1.13243,1.79,1.00
2016.08.15 14:48:31.879,1.1324,1.13245,1.79,1.50
2016.08.15 14:48:31.931,1.1324,1.13245,1.79,1.00
2016.08.15 14:48:32.033,1.1324,1.13246,2.91,1.50
2016.08.15 14:48:32.084,1.1324,1.13246,3.29,1.50
2016.08.15 14:48:32.136,1.13241,1.13244,1.29,1.00
2016.08.15 14:48:32.187,1.13241,1.13245,1.29,1.50
2016.08.15 14:48:32.238,1.13241,1.13244,1.29,1.00
2016.08.15 14:48:32.290,1.13244,1.13245,1.00,1.00
2016.08.15 14:48:32.391,1.13244,1.13245,1.00,1.50
2016.08.15 14:48:32.442,1.13244,1.13245,1.00,1.00
2016.08.15 14:48:32.544,1.13244,1.13245,1.00,1.50
2016.08.15 14:48:33.634,1.13244,1.13245,1.00,1.00
2016.08.15 14:48:33.748,1.13244,1.13245,1.00,1.50
2016.08.15 14:48:33.800,1.13244,1.13245,1.00,1.00
2016.08.15 14:48:33.884,1.13244,1.13246,1.00,1.00
2016.08.15 14:48:33.935,1.13243,1.13245,1.00,1.00
2016.08.15 14:48:34.037,1.13242,1.13245,1.04,1.00
2016.08.15 14:48:34.139,1.13242,1.13245,1.04,1.00
2016.08.15 14:48:34.485,1.13242,1.13245,1.04,1.50
2016.08.15 14:48:35.276,1.13241,1.13244,2.54,1.00
2016.08.15 14:48:35.653,1.13241,1.13245,2.54,1.50
2016.08.15 14:48:36.470,1.13241,1.13245,2.54,1.00
2016.08.15 14:48:36.521,1.13241,1.13245,2.54,1.50
2016.08.15 14:48:37.040,1.13241,1.13245,2.54,1.00
2016.08.15 14:48:37.325,1.13242,1.13246,1.29,1.50
2016.08.15 14:48:37.376,1.13242,1.13245,1.04,1.00
2016.08.15 14:48:37.540,1.13242,1.13245,1.04,1.50
2016.08.15 14:48:38.960,1.13242,1.13245,1.04,1.00
2016.08.15 14:48:39.012,1.13242,1.13245,1.04,1.50
2016.08.15 14:48:39.562,1.13242,1.13245,1.04,1.00
2016.08.15 14:48:39.927,1.13242,1.13245,1.04,1.50
2016.08.15 14:48:40.253,1.13242,1.13245,1.04,1.00
2016.08.15 14:48:40.304,1.13241,1.13245,1.79,1.00
2016.08.15 14:48:40.660,1.13244,1.13245,1.00,1.50
2016.08.15 14:48:41.301,1.13241,1.13245,1.79,1.50
2016.08.15 14:48:42.153,1.13241,1.13245,1.29,1.50
2016.08.15 14:48:42.611,1.13241,1.13245,1.29,1.00
2016.08.15 14:48:42.770,1.13241,1.13245,1.29,1.50
2016.08.15 14:48:42.872,1.13241,1.13245,1.29,1.00
2016.08.15 14:48:42.923,1.13241,1.13245,1.29,1.50
2016.08.15 14:48:43.097,1.13241,1.13245,1.29,1.00
2016.08.15 14:48:43.149,1.13241,1.13246,1.29,1.50
2016.08.15 14:48:43.231,1.13241,1.13245,1.29,1.00
2016.08.15 14:48:43.573,1.13241,1.13246,1.29,1.50
2016.08.15 14:48:43.624,1.13241,1.13245,1.79,1.50
2016.08.15 14:48:43.913,1.13241,1.13245,1.79,1.00
2016.08.15 14:48:44.065,1.13242,1.13246,1.79,1.00
2016.08.15 14:48:44.269,1.13242,1.13245,1.79,1.50
2016.08.15 14:48:44.678,1.13242,1.13245,1.79,1.00
2016.08.15 14:48:45.037,1.13242,1.13245,1.79,1.50
2016.08.15 14:48:45.240,1.13242,1.13245,1.79,1.00
2016.08.15 14:48:45.342,1.13242,1.13245,1.79,1.50
2016.08.15 14:48:45.800,1.13242,1.13244,1.04,1.00
2016.08.15 14:48:45.902,1.13242,1.13244,1.00,1.00
2016.08.15 14:48:45.952,1.13242,1.13245,1.00,1.50
2016.08.15 14:48:46.270,1.13241,1.13245,2.25,1.50
2016.08.15 14:48:46.881,1.13241,1.13245,2.25,1.00
2016.08.15 14:48:47.099,1.13241,1.13246,3.00,1.50
2016.08.15 14:48:47.150,1.13243,1.13245,1.12,1.00
2016.08.15 14:48:47.781,1.13244,1.13245,1.00,1.00
2016.08.15 14:48:47.885,1.13244,1.13246,1.00,1.50
2016.08.15 14:48:48.023,1.13243,1.13246,1.12,1.50
2016.08.15 14:48:48.074,1.13243,1.13245,1.12,1.00
2016.08.15 14:48:48.265,1.13243,1.13245,1.00,1.00
2016.08.15 14:48:49.196,1.13243,1.13246,1.00,1.50
2016.08.15 14:48:49.247,1.13243,1.13246,1.50,1.50
2016.08.15 14:48:49.348,1.13243,1.13246,1.50,1.00
2016.08.15 14:48:49.489,1.13243,1.13246,1.87,1.00
2016.08.15 14:48:49.832,1.13244,1.13246,1.00,1.00
2016.08.15 14:48:49.933,1.13243,1.13246,1.87,1.00
2016.08.15 14:48:50.321,1.13241,1.13244,1.50,1.00
2016.08.15 14:48:50.372,1.1324,1.13243,1.75,1.00
2016.08.15 14:48:50.493,1.1324,1.13243,2.62,1.00
2016.08.15 14:48:50.544,1.1324,1.13243,3.37,1.00
2016.08.15 14:48:50.697,1.1324,1.13243,2.25,1.00
2016.08.15 14:48:51.156,1.13241,1.13244,1.50,1.00
2016.08.15 14:48:51.417,1.13243,1.13244,1.00,1.00
2016.08.15 14:48:51.571,1.13241,1.13244,2.25,1.00
2016.08.15 14:48:51.673,1.13242,1.13244,1.12,1.00
2016.08.15 14:48:52.707,1.13242,1.13244,1.00,1.00
2016.08.15 14:48:53.151,1.13241,1.13244,1.87,1.00
2016.08.15 14:48:53.203,1.13241,1.13244,1.50,1.00
2016.08.15 14:48:53.253,1.1324,1.13243,1.87,1.00
2016.08.15 14:48:53.355,1.1324,1.13242,1.12,1.00
2016.08.15 14:48:54.012,1.1324,1.13243,1.87,1.00
2016.08.15 14:48:54.063,1.1324,1.13243,1.00,1.00
2016.08.15 14:48:54.623,1.1324,1.13244,1.00,1.00
2016.08.15 14:48:54.876,1.1324,1.13245,1.00,1.87
2016.08.15 14:48:54.927,1.1324,1.13244,1.00,1.00
2016.08.15 14:48:54.978,1.13239,1.13242,2.62,1.00
2016.08.15 14:48:55.266,1.13239,1.13242,1.50,1.00
2016.08.15 14:48:55.318,1.13239,1.13242,1.87,1.00
2016.08.15 14:48:55.523,1.13239,1.13242,1.50,1.00
2016.08.15 14:48:55.677,1.13239,1.13242,1.00,1.00
2016.08.15 14:48:55.778,1.13238,1.1324,1.50,1.00
2016.08.15 14:48:55.880,1.13238,1.1324,1.00,1.00
2016.08.15 14:48:56.192,1.13238,1.13241,1.00,1.50
2016.08.15 14:48:56.782,1.13238,1.13241,1.50,1.50
2016.08.15 14:48:56.961,1.13238,1.1324,1.50,1.00
2016.08.15 14:48:57.292,1.13238,1.1324,1.00,1.00
2016.08.15 14:48:57.699,1.13238,1.13241,1.00,1.50
2016.08.15 14:48:58.094,1.13238,1.1324,1.00,1.00
2016.08.15 14:48:58.196,1.13237,1.1324,1.50,1.00
2016.08.15 14:48:58.400,1.13237,1.13238,1.00,1.00
2016.08.15 14:48:58.502,1.13235,1.13237,1.95,1.00
2016.08.15 14:48:58.553,1.13233,1.13235,1.00,1.00
2016.08.15 14:48:58.605,1.13231,1.13234,2.25,1.00
2016.08.15 14:48:58.657,1.1323,1.13234,3.37,1.00
2016.08.15 14:48:58.708,1.1323,1.13233,3.75,1.00
2016.08.15 14:48:58.759,1.1323,1.13233,2.62,1.00
2016.08.15 14:48:59.011,1.13231,1.13235,1.00,1.50
2016.08.15 14:48:59.065,1.13231,1.13235,1.50,1.50
2016.08.15 14:48:59.116,1.13232,1.13235,1.12,1.50
2016.08.15 14:48:59.292,1.13233,1.13236,1.00,1.00
2016.08.15 14:48:59.394,1.13233,1.13236,1.12,1.00
2016.08.15 14:49:00.015,1.13233,1.13236,1.00,1.00
2016.08.15 14:49:00.904,1.13231,1.13236,2.62,1.00
2016.08.15 14:49:01.006,1.13231,1.13234,1.12,1.00
2016.08.15 14:49:01.057,1.1323,1.13233,2.25,1.00
2016.08.15 14:49:01.108,1.13229,1.13233,2.32,1.00
2016.08.15 14:49:01.366,1.1323,1.13233,1.00,1.00
2016.08.15 14:49:01.418,1.13229,1.13232,1.00,1.00
2016.08.15 14:49:01.469,1.13228,1.13232,3.00,1.00
2016.08.15 14:49:01.520,1.13228,1.13232,4.87,1.00
2016.08.15 14:49:02.012,1.13229,1.13232,1.00,1.00
2016.08.15 14:49:03.084,1.13229,1.13234,1.00,1.00
2016.08.15 14:49:03.135,1.13229,1.13234,1.50,1.00
2016.08.15 14:49:03.748,1.13229,1.13232,1.50,1.00
2016.08.15 14:49:04.506,1.13229,1.13232,1.00,1.00
2016.08.15 14:49:04.904,1.13228,1.13231,2.25,1.00
2016.08.15 14:49:04.955,1.13228,1.13231,1.50,1.00
2016.08.15 14:49:05.057,1.13228,1.13231,2.25,1.50
2016.08.15 14:49:05.108,1.13228,1.1323,2.25,1.00
2016.08.15 14:49:05.159,1.13229,1.13231,1.00,1.00
2016.08.15 14:49:05.210,1.13228,1.13231,2.25,1.00
2016.08.15 14:49:05.262,1.13229,1.13232,1.00,1.00
2016.08.15 14:49:05.364,1.13228,1.13232,3.00,1.00
2016.08.15 14:49:05.416,1.13228,1.13233,5.25,1.00
2016.08.15 14:49:05.568,1.13228,1.13233,6.00,1.00
2016.08.15 14:49:05.721,1.13228,1.13233,6.60,1.00
2016.08.15 14:49:05.874,1.13228,1.13233,6.00,1.00
2016.08.15 14:49:05.925,1.13229,1.13233,1.00,1.00
2016.08.15 14:49:06.428,1.1323,1.13233,1.00,1.00
2016.08.15 14:49:08.974,1.13229,1.13232,1.50,1.00
2016.08.15 14:49:09.025,1.1323,1.13233,1.00,1.00
2016.08.15 14:49:10.277,1.13231,1.13235,1.00,1.50
2016.08.15 14:49:10.328,1.13229,1.13232,3.00,1.00
2016.08.15 14:49:10.429,1.1323,1.13232,1.12,1.00
2016.08.15 14:49:12.093,1.1323,1.13232,4.50,1.00
2016.08.15 14:49:12.145,1.1323,1.13234,1.12,1.00
2016.08.15 14:49:12.248,1.1323,1.13234,1.87,1.00
2016.08.15 14:49:12.299,1.1323,1.13234,2.25,1.00
2016.08.15 14:49:12.350,1.1323,1.13234,1.50,1.00
2016.08.15 14:49:12.515,1.1323,1.13234,2.25,1.00
2016.08.15 14:49:12.648,1.1323,1.13234,1.50,1.00
2016.08.15 14:49:12.715,1.1323,1.13234,2.25,1.00
2016.08.15 14:49:13.212,1.1323,1.13234,3.00,1.00
2016.08.15 14:49:13.264,1.1323,1.13234,2.62,1.00
2016.08.15 14:49:13.416,1.1323,1.13234,1.87,1.00
2016.08.15 14:49:13.467,1.1323,1.13234,1.12,1.00
2016.08.15 14:49:13.518,1.1323,1.13234,1.87,1.00
2016.08.15 14:49:13.668,1.1323,1.13234,2.62,1.00
2016.08.15 14:49:13.719,1.13231,1.13234,1.00,1.00
2016.08.15 14:49:13.771,1.13231,1.13235,1.00,1.50
2016.08.15 14:49:13.822,1.13231,1.13235,1.00,1.00
2016.08.15 14:49:13.873,1.13231,1.13235,1.12,1.00
2016.08.15 14:49:13.923,1.13232,1.13235,1.00,1.50
2016.08.15 14:49:14.199,1.13231,1.13235,1.87,1.50
2016.08.15 14:49:14.251,1.13231,1.13234,1.12,1.00
2016.08.15 14:49:14.909,1.13231,1.13234,1.87,1.00
2016.08.15 14:49:15.011,1.13233,1.13235,1.00,1.50
2016.08.15 14:49:15.113,1.13232,1.13235,1.87,1.50
2016.08.15 14:49:15.388,1.13233,1.13238,2.62,1.00
2016.08.15 14:49:15.661,1.13234,1.13238,1.00,1.00
2016.08.15 14:49:15.764,1.13233,1.13237,2.62,1.00
2016.08.15 14:49:15.816,1.13234,1.13237,1.12,1.00
2016.08.15 14:49:16.785,1.13233,1.13237,1.87,1.00
2016.08.15 14:49:17.090,1.13234,1.13238,2.62,1.00
2016.08.15 14:49:17.141,1.13235,1.13238,1.87,1.00
2016.08.15 14:49:17.242,1.13235,1.13237,1.00,1.00
2016.08.15 14:49:17.610,1.13235,1.13238,1.50,1.00
2016.08.15 14:49:17.661,1.13235,1.13238,2.62,1.00
2016.08.15 14:49:18.077,1.13235,1.13238,1.87,1.00
2016.08.15 14:49:18.128,1.13235,1.13238,2.62,1.00
2016.08.15 14:49:18.333,1.13235,1.13238,1.50,1.00
2016.08.15 14:49:18.434,1.13235,1.13238,2.62,1.00
2016.08.15 14:49:19.353,1.13235,1.13238,1.50,1.00
2016.08.15 14:49:20.451,1.13235,1.13238,2.62,1.00
2016.08.15 14:49:21.074,1.13235,1.13238,1.87,1.00
2016.08.15 14:49:22.726,1.13235,1.13238,2.62,1.00
2016.08.15 14:49:22.828,1.13236,1.13239,1.87,1.00
2016.08.15 14:49:22.879,1.13236,1.1324,1.87,1.50
2016.08.15 14:49:22.930,1.13238,1.1324,1.00,1.00
2016.08.15 14:49:22.992,1.13238,1.1324,1.00,1.00
2016.08.15 14:49:23.095,1.13238,1.1324,1.00,1.50
2016.08.15 14:49:23.146,1.13237,1.1324,1.00,1.00
2016.08.15 14:49:23.532,1.13236,1.13241,1.50,1.50
2016.08.15 14:49:23.583,1.13236,1.1324,1.50,1.00
2016.08.15 14:49:24.766,1.13236,1.13241,1.50,1.50
2016.08.15 14:49:25.026,1.13237,1.1324,1.00,1.00
2016.08.15 14:49:25.182,1.13235,1.1324,6.00,1.00
2016.08.15 14:49:25.233,1.13236,1.1324,2.25,1.00
2016.08.15 14:49:25.284,1.13236,1.13241,2.25,1.50
2016.08.15 14:49:25.387,1.13236,1.1324,2.25,1.00
2016.08.15 14:49:25.439,1.13236,1.1324,3.00,1.00
2016.08.15 14:49:25.491,1.13236,1.13241,3.00,1.00
2016.08.15 14:49:25.542,1.13236,1.13241,1.87,1.00
2016.08.15 14:49:25.594,1.13236,1.1324,1.87,1.00
2016.08.15 14:49:25.704,1.13237,1.1324,1.00,1.00
2016.08.15 14:49:25.756,1.13237,1.13241,1.00,1.00
2016.08.15 14:49:25.909,1.13236,1.13241,1.12,1.00
2016.08.15 14:49:25.960,1.13236,1.1324,1.12,1.00
2016.08.15 14:49:26.265,1.13236,1.1324,2.25,1.00
2016.08.15 14:49:26.397,1.13236,1.13241,2.25,1.50
2016.08.15 14:49:26.456,1.13236,1.1324,2.25,1.00
2016.08.15 14:49:26.962,1.13236,1.13241,2.25,1.50
2016.08.15 14:49:27.064,1.13236,1.1324,2.25,1.00
2016.08.15 14:49:27.836,1.13236,1.1324,2.25,1.50
2016.08.15 14:49:29.077,1.13236,1.1324,2.25,1.00
2016.08.15 14:49:29.179,1.13236,1.13241,3.00,1.50
2016.08.15 14:49:29.489,1.13236,1.1324,3.00,1.00
2016.08.15 14:49:29.638,1.13237,1.1324,1.00,1.00
2016.08.15 14:49:29.689,1.13237,1.13241,1.00,1.50
2016.08.15 14:49:29.812,1.13237,1.1324,1.00,1.00
2016.08.15 14:49:30.149,1.13236,1.13238,1.12,1.00
2016.08.15 14:49:30.251,1.13235,1.13238,3.75,1.00
2016.08.15 14:49:30.303,1.13235,1.1324,2.25,1.00
2016.08.15 14:49:30.354,1.13236,1.13239,1.12,1.00
2016.08.15 14:49:30.455,1.13235,1.13239,1.50,1.00
2016.08.15 14:49:30.557,1.13235,1.1324,2.25,1.50
2016.08.15 14:49:30.659,1.13235,1.1324,3.37,1.50
2016.08.15 14:49:30.710,1.13235,1.1324,2.62,1.00
2016.08.15 14:49:31.068,1.13235,1.1324,2.25,1.50
2016.08.15 14:49:31.172,1.13235,1.1324,1.50,1.50
2016.08.15 14:49:31.275,1.13235,1.1324,1.87,1.00
2016.08.15 14:49:31.376,1.13235,1.1324,1.00,1.00
2016.08.15 14:49:31.695,1.13235,1.1324,1.50,1.50
2016.08.15 14:49:31.921,1.13235,1.1324,1.00,1.00
2016.08.15 14:49:31.973,1.13235,1.1324,1.50,1.50
2016.08.15 14:49:32.024,1.13235,1.13239,1.50,1.00
2016.08.15 14:49:32.318,1.13235,1.13239,1.00,1.00
2016.08.15 14:49:32.547,1.13235,1.13239,1.50,1.00
2016.08.15 14:49:32.677,1.13235,1.13239,1.00,1.00
2016.08.15 14:49:32.880,1.13235,1.13238,1.50,1.00
2016.08.15 14:49:33.083,1.13235,1.13238,1.00,1.00
2016.08.15 14:49:33.134,1.13234,1.13237,3.75,1.00
2016.08.15 14:49:33.185,1.13235,1.13237,1.00,1.00
2016.08.15 14:49:33.546,1.13236,1.1324,1.12,1.50
2016.08.15 14:49:33.699,1.13236,1.1324,1.87,1.50
2016.08.15 14:49:33.750,1.13237,1.1324,1.00,1.00
2016.08.15 14:49:33.800,1.13237,1.13241,1.00,1.00
2016.08.15 14:49:33.902,1.13236,1.1324,1.87,1.00
2016.08.15 14:49:34.004,1.13236,1.1324,1.87,1.50
2016.08.15 14:49:34.105,1.13236,1.1324,1.87,1.00
2016.08.15 14:49:34.530,1.13236,1.1324,1.12,1.50
2016.08.15 14:49:34.581,1.13235,1.1324,3.37,1.50
2016.08.15 14:49:34.632,1.13235,1.13239,3.00,1.00
2016.08.15 14:49:34.683,1.13235,1.13239,1.12,1.00
2016.08.15 14:49:34.886,1.13234,1.13239,4.20,1.00
2016.08.15 14:49:35.103,1.13235,1.13239,1.12,1.00
2016.08.15 14:49:35.183,1.13234,1.13239,4.20,1.00
2016.08.15 14:49:35.249,1.13236,1.13239,1.00,1.00
2016.08.15 14:49:36.361,1.13235,1.13239,1.12,1.00
2016.08.15 14:49:36.451,1.13235,1.13239,1.87,1.00
2016.08.15 14:49:36.707,1.13235,1.13239,1.12,1.00
2016.08.15 14:49:36.758,1.13235,1.13239,2.25,1.00
2016.08.15 14:49:36.809,1.13235,1.13239,3.00,1.00
2016.08.15 14:49:37.348,1.13235,1.13239,2.25,1.00
2016.08.15 14:49:37.400,1.13234,1.13238,1.87,1.00
2016.08.15 14:49:37.943,1.13234,1.13238,1.50,1.00
2016.08.15 14:49:38.575,1.13234,1.13238,1.12,1.00
2016.08.15 14:49:38.894,1.13233,1.13238,2.25,1.00
2016.08.15 14:49:39.641,1.13233,1.13237,3.37,1.00
2016.08.15 14:49:39.692,1.13234,1.13237,1.50,1.00
2016.08.15 14:49:40.065,1.13233,1.13237,3.37,1.00
2016.08.15 14:49:40.116,1.13234,1.13236,1.00,1.00
2016.08.15 14:49:40.167,1.13232,1.13236,1.57,1.00
2016.08.15 14:49:40.218,1.13231,1.13234,3.00,1.00
2016.08.15 14:49:40.269,1.13231,1.13234,1.87,1.00
2016.08.15 14:49:40.320,1.1323,1.13234,5.62,1.00
2016.08.15 14:49:40.371,1.1323,1.13234,4.50,1.00
2016.08.15 14:49:40.422,1.1323,1.13234,3.00,1.00
2016.08.15 14:49:40.723,1.1323,1.13234,2.62,1.00
2016.08.15 14:49:40.776,1.13231,1.13234,1.12,1.00
2016.08.15 14:49:43.133,1.13231,1.13234,1.00,1.00
2016.08.15 14:49:43.184,1.13232,1.13235,1.00,1.50
2016.08.15 14:49:43.338,1.1323,1.13235,3.00,1.50
2016.08.15 14:49:43.441,1.1323,1.13235,1.50,1.00
2016.08.15 14:49:43.542,1.1323,1.13235,3.00,1.50
2016.08.15 14:49:43.979,1.1323,1.13235,1.50,1.00
2016.08.15 14:49:44.261,1.1323,1.13235,2.62,1.00
2016.08.15 14:49:44.312,1.1323,1.13235,1.87,1.00
2016.08.15 14:49:44.363,1.1323,1.13235,2.62,1.00
2016.08.15 14:49:44.414,1.1323,1.13235,4.12,1.50
2016.08.15 14:49:44.524,1.1323,1.13235,2.62,1.00
2016.08.15 14:49:44.626,1.1323,1.13235,4.12,1.50
2016.08.15 14:49:45.383,1.1323,1.13235,3.37,1.50
2016.08.15 14:49:45.555,1.1323,1.13235,1.87,1.00
2016.08.15 14:49:45.657,1.1323,1.13235,3.37,1.50
2016.08.15 14:49:45.759,1.1323,1.13235,1.87,1.00
2016.08.15 14:49:45.811,1.1323,1.13235,3.37,1.50
2016.08.15 14:49:46.502,1.1323,1.13235,1.87,1.00
2016.08.15 14:49:46.633,1.1323,1.13235,3.37,1.50
2016.08.15 14:49:47.130,1.1323,1.13235,1.87,1.00
2016.08.15 14:49:47.333,1.1323,1.13233,3.37,1.00
2016.08.15 14:49:47.384,1.1323,1.13233,3.00,1.00
2016.08.15 14:49:47.639,1.1323,1.13233,3.37,1.00
2016.08.15 14:49:47.690,1.13232,1.13235,1.00,1.00
2016.08.15 14:49:47.741,1.13232,1.13235,1.00,1.50
2016.08.15 14:49:48.015,1.13232,1.13235,1.00,1.00
2016.08.15 14:49:48.117,1.1323,1.13233,2.62,1.00
2016.08.15 14:49:48.218,1.1323,1.13233,1.12,1.00
2016.08.15 14:49:48.269,1.13228,1.13233,3.90,1.00
2016.08.15 14:49:48.320,1.13228,1.13233,3.07,1.00
2016.08.15 14:49:48.613,1.13228,1.13233,2.25,1.00
2016.08.15 14:49:48.664,1.13229,1.13232,1.12,1.00
2016.08.15 14:49:50.297,1.13229,1.13232,1.00,1.00
2016.08.15 14:49:51.394,1.13228,1.13231,1.00,1.00
2016.08.15 14:49:51.726,1.13228,1.1323,1.50,1.00
2016.08.15 14:49:52.043,1.13228,1.13231,1.50,1.50
2016.08.15 14:49:52.094,1.13228,1.13231,1.00,1.50
2016.08.15 14:49:52.145,1.13228,1.1323,1.00,1.00
2016.08.15 14:49:52.298,1.13228,1.1323,1.50,1.00
2016.08.15 14:49:52.349,1.13228,1.13231,1.50,1.00
2016.08.15 14:49:53.094,1.13228,1.13231,1.00,1.00
2016.08.15 14:49:53.145,1.13228,1.13231,1.00,1.12
2016.08.15 14:49:53.246,1.13228,1.13231,1.00,1.00
2016.08.15 14:49:54.135,1.13228,1.13231,2.62,1.00
2016.08.15 14:49:54.189,1.13229,1.13235,1.50,1.00
2016.08.15 14:49:54.240,1.13231,1.13234,1.00,1.00
2016.08.15 14:49:54.291,1.13232,1.13235,1.00,1.50
2016.08.15 14:49:54.444,1.13232,1.13235,1.00,1.00
2016.08.15 14:49:54.547,1.13232,1.13235,1.00,1.50
2016.08.15 14:49:54.925,1.13231,1.13234,1.00,1.00
2016.08.15 14:49:55.079,1.13233,1.13236,1.00,1.50
2016.08.15 14:49:55.181,1.13233,1.13236,1.00,1.00
2016.08.15 14:49:55.284,1.13233,1.13237,1.50,1.00
2016.08.15 14:49:55.335,1.13235,1.13238,1.00,1.12
2016.08.15 14:49:55.386,1.13235,1.13238,1.00,1.00
2016.08.15 14:49:55.437,1.13234,1.13237,1.00,1.00
2016.08.15 14:49:55.489,1.13234,1.13239,1.00,1.50
2016.08.15 14:49:55.751,1.13234,1.13239,1.00,1.00
2016.08.15 14:49:55.803,1.13233,1.13236,1.87,1.00
2016.08.15 14:49:55.906,1.13233,1.13236,1.00,1.00
2016.08.15 14:49:56.417,1.13234,1.13237,1.00,1.00
2016.08.15 14:49:56.929,1.13235,1.13238,1.00,1.00
2016.08.15 14:49:57.488,1.13233,1.13238,2.62,1.00
2016.08.15 14:49:57.706,1.13233,1.13237,1.00,1.00
2016.08.15 14:49:57.992,1.13232,1.13235,2.62,1.00
2016.08.15 14:49:58.070,1.13232,1.13235,3.00,1.00
2016.08.15 14:49:58.172,1.13232,1.13237,1.87,1.00
2016.08.15 14:49:58.223,1.13234,1.13237,1.00,1.00
2016.08.15 14:49:59.299,1.13234,1.13238,1.00,1.00
2016.08.15 14:49:59.905,1.13233,1.13238,1.00,1.00
2016.08.15 14:50:00.261,1.13233,1.13238,1.12,1.00
2016.08.15 14:50:00.362,1.13235,1.13238,1.00,1.00
2016.08.15 14:50:01.207,1.13234,1.13239,1.87,1.00
2016.08.15 14:50:01.261,1.13235,1.1324,1.00,1.50
2016.08.15 14:50:01.362,1.13235,1.13238,1.50,1.00
2016.08.15 14:50:01.414,1.13235,1.13237,1.00,1.00
2016.08.15 14:50:01.465,1.13233,1.13238,1.87,1.00
2016.08.15 14:50:01.516,1.13233,1.13238,3.00,1.00
2016.08.15 14:50:01.618,1.13233,1.13238,1.87,1.00
2016.08.15 14:50:01.722,1.13233,1.13238,1.12,1.00
2016.08.15 14:50:01.773,1.13234,1.13237,1.12,1.00
2016.08.15 14:50:02.078,1.13233,1.13236,1.87,1.00
2016.08.15 14:50:02.130,1.13236,1.13239,1.00,1.00
2016.08.15 14:50:02.387,1.13237,1.1324,1.00,1.50
2016.08.15 14:50:02.438,1.13236,1.13239,1.50,1.00
2016.08.15 14:50:02.591,1.13237,1.1324,1.00,1.00
2016.08.15 14:50:02.643,1.13238,1.13241,1.00,1.50
2016.08.15 14:50:02.950,1.13237,1.1324,1.00,1.00
2016.08.15 14:50:03.034,1.13237,1.1324,1.00,1.50
2016.08.15 14:50:03.090,1.13237,1.1324,1.00,1.00
2016.08.15 14:50:03.211,1.13237,1.1324,1.00,1.50
2016.08.15 14:50:03.465,1.13236,1.13239,1.00,1.00
2016.08.15 14:50:03.516,1.13237,1.1324,1.00,1.87
2016.08.15 14:50:03.567,1.13236,1.13239,1.00,1.00
2016.08.15 14:50:03.973,1.13235,1.13238,1.50,1.00
2016.08.15 14:50:04.132,1.13235,1.13238,1.00,1.00
2016.08.15 14:50:05.221,1.13234,1.13237,1.50,1.00
2016.08.15 14:50:05.563,1.13234,1.13237,1.00,1.00
2016.08.15 14:50:05.665,1.13233,1.13236,1.57,1.00
2016.08.15 14:50:05.817,1.13233,1.13236,1.50,1.00
2016.08.15 14:50:05.919,1.13233,1.13236,1.00,1.00
2016.08.15 14:50:06.322,1.13231,1.13234,2.32,1.00
2016.08.15 14:50:06.374,1.13231,1.13234,1.95,1.00
2016.08.15 14:50:06.425,1.13231,1.13234,1.00,1.00
2016.08.15 14:50:06.578,1.1323,1.13233,3.00,1.00
2016.08.15 14:50:06.681,1.1323,1.13233,1.50,1.00
2016.08.15 14:50:06.834,1.1323,1.13233,1.00,1.00
2016.08.15 14:50:09.591,1.1323,1.13233,1.50,1.00
2016.08.15 14:50:10.059,1.1323,1.13233,1.00,1.00
2016.08.15 14:50:10.264,1.1323,1.13233,1.50,1.00
2016.08.15 14:50:10.367,1.1323,1.13233,1.00,1.00
2016.08.15 14:50:10.959,1.13228,1.13233,2.62,1.00
2016.08.15 14:50:11.011,1.13228,1.13233,2.62,1.00
2016.08.15 14:50:11.166,1.13228,1.13231,1.87,1.00
2016.08.15 14:50:11.217,1.13228,1.1323,1.00,1.50
2016.08.15 14:50:11.320,1.13227,1.1323,1.12,1.00
2016.08.15 14:50:11.422,1.13227,1.1323,1.00,1.50
2016.08.15 14:50:11.926,1.13227,1.1323,1.00,1.00
2016.08.15 14:50:12.028,1.13226,1.13229,1.87,1.00
2016.08.15 14:50:12.637,1.13226,1.13229,1.12,1.00
2016.08.15 14:50:13.075,1.13226,1.13229,1.00,1.00
2016.08.15 14:50:13.161,1.13226,1.13229,1.50,1.00
2016.08.15 14:50:15.273,1.13226,1.13229,1.00,1.00
2016.08.15 14:50:15.426,1.13227,1.1323,1.00,1.50
2016.08.15 14:50:15.477,1.13227,1.1323,1.50,1.50
2016.08.15 14:50:16.337,1.13227,1.1323,1.50,1.00
2016.08.15 14:50:16.439,1.13227,1.1323,1.00,1.00
2016.08.15 14:50:16.666,1.13227,1.1323,1.50,1.00
2016.08.15 14:50:16.717,1.13228,1.13231,1.75,1.00
2016.08.15 14:50:16.769,1.13229,1.13232,2.25,1.00
2016.08.15 14:50:16.821,1.13231,1.13233,1.00,1.00
2016.08.15 14:50:17.109,1.13231,1.13234,2.25,1.00
2016.08.15 14:50:17.163,1.13232,1.13234,1.50,1.00
2016.08.15 14:50:17.214,1.13233,1.13236,1.12,1.00
2016.08.15 14:50:17.265,1.13233,1.13236,1.12,1.50
2016.08.15 14:50:17.316,1.13234,1.13236,1.50,1.00
2016.08.15 14:50:17.367,1.13234,1.13237,1.50,1.50
2016.08.15 14:50:17.419,1.13234,1.13237,1.00,1.00
2016.08.15 14:50:17.521,1.13232,1.13237,2.25,1.00
2016.08.15 14:50:17.623,1.13232,1.13237,3.37,1.00
2016.08.15 14:50:18.081,1.13233,1.13238,1.75,1.00
2016.08.15 14:50:18.418,1.13233,1.13236,1.75,1.00
2016.08.15 14:50:19.270,1.13237,1.1324,1.00,4.87
2016.08.15 14:50:19.321,1.13238,1.1324,1.00,4.87
2016.08.15 14:50:19.692,1.13238,1.1324,1.50,1.00
2016.08.15 14:50:19.745,1.13241,1.13244,1.75,5.06
2016.08.15 14:50:19.796,1.13242,1.13243,1.31,1.31
2016.08.15 14:50:19.847,1.13243,1.13247,1.75,5.25
2016.08.15 14:50:19.898,1.13243,1.13245,1.00,1.00
2016.08.15 14:50:20.179,1.13244,1.13245,1.00,1.00
2016.08.15 14:50:20.257,1.13241,1.13246,3.00,1.00
2016.08.15 14:50:20.359,1.13242,1.13244,1.00,1.00
2016.08.15 14:50:20.461,1.13241,1.13243,1.50,1.00
2016.08.15 14:50:20.512,1.13241,1.13243,1.00,1.00
2016.08.15 14:50:21.016,1.13239,1.13243,1.00,1.00
2016.08.15 14:50:21.224,1.1324,1.13243,1.50,1.00
2016.08.15 14:50:21.479,1.1324,1.13243,1.00,1.00
2016.08.15 14:50:22.028,1.13243,1.13245,1.00,1.00
2016.08.15 14:50:22.079,1.13243,1.13246,1.50,1.50
2016.08.15 14:50:22.130,1.13243,1.13246,1.00,2.25
2016.08.15 14:50:22.181,1.13241,1.13244,2.25,1.00
2016.08.15 14:50:22.233,1.13241,1.13244,1.50,1.00
2016.08.15 14:50:22.284,1.13241,1.13246,1.50,1.50
2016.08.15 14:50:22.387,1.13241,1.13246,1.00,1.50
2016.08.15 14:50:23.061,1.1324,1.13243,1.87,1.00
2016.08.15 14:50:23.148,1.13241,1.13245,1.00,1.50
2016.08.15 14:50:23.199,1.13241,1.13243,1.00,1.00
2016.08.15 14:50:23.907,1.13241,1.13244,1.00,1.00
2016.08.15 14:50:24.061,1.13241,1.13242,1.00,1.00
2016.08.15 14:50:24.367,1.13238,1.13241,2.02,1.00
2016.08.15 14:50:24.418,1.13238,1.13241,1.95,1.00
2016.08.15 14:50:24.469,1.13237,1.1324,3.15,1.00
2016.08.15 14:50:24.736,1.13237,1.13239,2.25,1.00
2016.08.15 14:50:24.790,1.13237,1.1324,1.12,1.50
2016.08.15 14:50:24.841,1.13237,1.13238,1.12,1.00
2016.08.15 14:50:24.892,1.13237,1.13239,1.12,1.00
2016.08.15 14:50:25.248,1.13237,1.13239,1.87,1.00
2016.08.15 14:50:25.350,1.13236,1.13238,1.12,1.00
2016.08.15 14:50:25.688,1.13228,1.13232,2.32,1.00
2016.08.15 14:50:25.740,1.13228,1.13231,1.57,1.00
2016.08.15 14:50:25.791,1.13228,1.13231,2.25,1.00
2016.08.15 14:50:25.893,1.13228,1.13233,2.62,1.00
2016.08.15 14:50:25.945,1.1323,1.13233,1.00,1.00
2016.08.15 14:50:26.047,1.13229,1.13233,1.50,1.00
2016.08.15 14:50:26.098,1.13229,1.13233,1.00,1.00
2016.08.15 14:50:26.984,1.13229,1.13233,1.50,1.00
2016.08.15 14:50:27.085,1.13232,1.13235,1.00,2.25
2016.08.15 14:50:27.136,1.1323,1.13235,1.00,1.50
2016.08.15 14:50:27.340,1.1323,1.13232,1.00,1.00
2016.08.15 14:50:27.773,1.13227,1.13232,3.67,1.00
2016.08.15 14:50:27.977,1.13228,1.13232,1.00,1.00
2016.08.15 14:50:28.181,1.13227,1.13231,3.67,1.00
2016.08.15 14:50:28.232,1.13227,1.1323,3.07,1.00
2016.08.15 14:50:28.283,1.13227,1.1323,3.00,1.00
2016.08.15 14:50:28.334,1.13227,1.1323,2.25,1.00
2016.08.15 14:50:28.385,1.13228,1.1323,1.00,1.00
2016.08.15 14:50:28.681,1.13226,1.1323,1.25,1.50
2016.08.15 14:50:28.732,1.13225,1.13229,7.57,1.00
2016.08.15 14:50:28.783,1.13225,1.13228,7.20,1.00
2016.08.15 14:50:28.834,1.13225,1.13228,6.00,1.00
2016.08.15 14:50:28.885,1.13225,1.13228,3.75,1.00
2016.08.15 14:50:28.987,1.13227,1.13228,1.00,1.00
2016.08.15 14:50:29.652,1.13226,1.13228,1.00,1.00
2016.08.15 14:50:29.956,1.13224,1.13227,1.65,1.00
2016.08.15 14:50:30.008,1.13224,1.13226,1.10,1.00
2016.08.15 14:50:30.059,1.1322,1.13223,3.45,1.00
2016.08.15 14:50:30.111,1.1322,1.13225,1.95,1.50
2016.08.15 14:50:30.162,1.1322,1.13223,1.20,1.00
2016.08.15 14:50:30.213,1.13219,1.13223,1.87,1.00
2016.08.15 14:50:30.744,1.13221,1.13223,1.00,1.00
2016.08.15 14:50:30.795,1.1322,1.13222,1.12,1.00
2016.08.15 14:50:31.068,1.1322,1.13221,1.00,1.00
2016.08.15 14:50:31.291,1.13221,1.13223,1.00,1.00
2016.08.15 14:50:31.846,1.13221,1.13224,1.00,1.00
2016.08.15 14:50:32.386,1.13221,1.13223,1.00,1.00
2016.08.15 14:50:32.691,1.1322,1.13225,1.00,1.50
2016.08.15 14:50:33.077,1.1322,1.13225,1.00,1.00
2016.08.15 14:50:33.162,1.1322,1.13223,1.00,1.00
2016.08.15 14:50:33.213,1.1322,1.13225,1.00,1.00
2016.08.15 14:50:33.366,1.13221,1.13223,1.00,1.00
2016.08.15 14:50:34.256,1.13221,1.13224,1.00,1.00
2016.08.15 14:50:34.409,1.13223,1.13225,1.00,1.50
2016.08.15 14:50:34.561,1.13223,1.13225,1.00,1.00
2016.08.15 14:50:34.612,1.13223,1.13226,1.00,1.00
2016.08.15 14:50:35.370,1.13224,1.13226,1.00,1.00
2016.08.15 14:50:35.573,1.13223,1.13226,2.25,1.00
2016.08.15 14:50:35.624,1.13223,1.13226,1.50,1.00
2016.08.15 14:50:36.322,1.13223,1.13226,1.00,1.50
2016.08.15 14:50:36.424,1.13222,1.13225,1.50,1.00
2016.08.15 14:50:36.525,1.13222,1.13225,1.50,1.50
2016.08.15 14:50:36.632,1.13222,1.13224,1.00,1.00
2016.08.15 14:50:36.683,1.1322,1.13223,3.82,1.00
2016.08.15 14:50:36.785,1.1322,1.13223,3.00,1.00
2016.08.15 14:50:36.836,1.13221,1.13224,1.00,1.00
2016.08.15 14:50:36.938,1.13219,1.13223,1.20,1.00
2016.08.15 14:50:36.990,1.13218,1.1322,1.12,1.00
2016.08.15 14:50:37.044,1.13217,1.1322,1.95,1.00
2016.08.15 14:50:37.095,1.13217,1.13221,1.50,1.00
2016.08.15 14:50:37.634,1.13217,1.13219,2.25,1.00
2016.08.15 14:50:37.686,1.13217,1.1322,3.00,1.50
2016.08.15 14:50:37.992,1.13217,1.1322,2.25,1.00
2016.08.15 14:50:38.094,1.13217,1.1322,2.25,1.50
2016.08.15 14:50:38.197,1.13216,1.1322,1.50,1.00
2016.08.15 14:50:38.499,1.13216,1.13219,1.00,1.00
2016.08.15 14:50:38.956,1.13217,1.1322,1.00,1.50
2016.08.15 14:50:39.007,1.13218,1.13219,1.00,1.00
2016.08.15 14:50:39.397,1.13217,1.1322,2.25,1.50
2016.08.15 14:50:39.612,1.13217,1.1322,2.25,1.00
2016.08.15 14:50:39.791,1.13217,1.1322,2.25,1.50
2016.08.15 14:50:39.843,1.13217,1.1322,2.85,1.50
2016.08.15 14:50:39.894,1.13218,1.13221,1.35,1.00
2016.08.15 14:50:40.098,1.13217,1.13221,2.85,1.00
2016.08.15 14:50:40.414,1.13219,1.13221,1.00,1.00
2016.08.15 14:50:40.814,1.13219,1.1322,1.00,1.00
2016.08.15 14:50:41.495,1.13219,1.13221,1.00,1.50
2016.08.15 14:50:41.880,1.1322,1.13223,1.00,1.00
2016.08.15 14:50:42.352,1.13219,1.13222,2.25,1.00
2016.08.15 14:50:42.454,1.13219,1.13222,1.00,1.00
2016.08.15 14:50:43.001,1.13219,1.1322,1.00,1.50
2016.08.15 14:50:43.068,1.13218,1.13221,3.00,1.00
2016.08.15 14:50:43.170,1.13218,1.13221,3.37,1.00
2016.08.15 14:50:43.271,1.13218,1.13223,3.37,1.00
2016.08.15 14:50:44.142,1.13218,1.13223,3.00,1.00
2016.08.15 14:50:44.245,1.13218,1.13223,3.60,1.00
2016.08.15 14:50:44.347,1.13218,1.13223,2.85,1.00
2016.08.15 14:50:45.045,1.13219,1.13223,1.00,1.00
2016.08.15 14:50:45.147,1.13218,1.13223,4.35,1.00
2016.08.15 14:50:46.023,1.13218,1.13223,3.60,1.00
2016.08.15 14:50:46.074,1.13218,1.13223,2.62,1.00
2016.08.15 14:50:46.499,1.13218,1.13223,2.91,1.00
2016.08.15 14:50:46.601,1.13218,1.13223,2.16,1.00
2016.08.15 14:50:46.987,1.13218,1.13223,1.87,1.00
2016.08.15 14:50:47.039,1.13218,1.13223,1.50,1.00
2016.08.15 14:50:47.247,1.13218,1.13223,2.10,1.00
2016.08.15 14:50:47.411,1.13218,1.13223,1.50,1.00
2016.08.15 14:50:49.112,1.13218,1.13223,2.10,1.00
2016.08.15 14:50:49.163,1.13218,1.13221,1.00,1.00
2016.08.15 14:50:49.265,1.13217,1.1322,2.25,1.00
2016.08.15 14:50:49.317,1.13217,1.1322,2.25,1.50
2016.08.15 14:50:49.367,1.13217,1.1322,2.25,1.00
2016.08.15 14:50:49.860,1.13217,1.1322,2.25,1.50
2016.08.15 14:50:50.205,1.13217,1.1322,1.50,1.50
2016.08.15 14:50:50.255,1.13217,1.1322,1.50,1.00
2016.08.15 14:50:50.573,1.13217,1.1322,1.50,1.50
2016.08.15 14:50:51.130,1.13217,1.1322,1.87,1.50
2016.08.15 14:50:51.232,1.13217,1.1322,1.12,1.00
2016.08.15 14:50:51.334,1.13217,1.1322,1.12,1.50
2016.08.15 14:50:51.530,1.13217,1.1322,1.12,1.00
2016.08.15 14:50:51.581,1.13217,1.1322,1.00,1.00
2016.08.15 14:50:51.632,1.13217,1.1322,1.50,1.00
2016.08.15 14:50:51.931,1.13217,1.1322,1.50,1.50
2016.08.15 14:50:52.234,1.13217,1.1322,1.50,1.00
2016.08.15 14:50:52.477,1.13218,1.1322,1.00,1.00
2016.08.15 14:50:52.528,1.13218,1.13222,1.12,1.00
2016.08.15 14:50:52.580,1.13217,1.13221,3.37,1.00
2016.08.15 14:50:52.631,1.13217,1.1322,1.87,1.00
2016.08.15 14:50:52.683,1.13216,1.13219,1.12,1.00
2016.08.15 14:50:52.784,1.13216,1.13219,1.50,1.00
2016.08.15 14:50:52.886,1.13216,1.13219,1.87,1.00
2016.08.15 14:50:52.937,1.13218,1.13221,1.12,1.50
2016.08.15 14:50:53.000,1.13219,1.13221,1.00,1.00
2016.08.15 14:50:53.649,1.13219,1.13222,1.00,1.00
2016.08.15 14:50:54.689,1.13219,1.13221,1.00,1.00
2016.08.15 14:50:55.036,1.13217,1.1322,2.25,1.00
2016.08.15 14:50:55.087,1.13217,1.1322,1.50,1.00
2016.08.15 14:50:55.343,1.13218,1.13221,1.00,1.50
2016.08.15 14:50:55.445,1.13218,1.13221,1.00,1.00
2016.08.15 14:50:56.265,1.13218,1.13221,1.50,1.00
2016.08.15 14:50:56.367,1.13218,1.13221,2.25,1.00
2016.08.15 14:50:56.468,1.13219,1.13221,1.00,1.00
2016.08.15 14:50:57.015,1.1322,1.13222,1.00,1.00
2016.08.15 14:50:58.507,1.1322,1.13221,1.00,1.00
2016.08.15 14:50:58.748,1.13219,1.13221,1.00,1.00
2016.08.15 14:50:58.900,1.13218,1.1322,1.00,1.50
2016.08.15 14:50:59.053,1.13218,1.1322,1.00,1.00
2016.08.15 14:50:59.154,1.13218,1.1322,1.00,1.50
2016.08.15 14:51:00.286,1.13217,1.1322,1.50,1.50
2016.08.15 14:51:00.556,1.13217,1.1322,1.50,1.00
2016.08.15 14:51:00.657,1.13217,1.1322,1.50,1.50
2016.08.15 14:51:00.759,1.13217,1.1322,1.50,1.00
2016.08.15 14:51:00.861,1.13218,1.1322,1.00,1.00
2016.08.15 14:51:01.388,1.13218,1.1322,1.35,1.00
2016.08.15 14:51:01.440,1.13218,1.1322,1.35,1.50
2016.08.15 14:51:01.491,1.13218,1.1322,1.00,1.00
2016.08.15 14:51:01.593,1.13218,1.1322,1.35,1.50
2016.08.15 14:51:01.658,1.13218,1.1322,1.35,1.00
2016.08.15 14:51:01.760,1.13218,1.1322,1.35,1.50
2016.08.15 14:51:01.811,1.13218,1.1322,1.00,1.50
2016.08.15 14:51:02.059,1.13218,1.1322,1.00,1.00
2016.08.15 14:51:02.381,1.13217,1.1322,2.85,1.50
2016.08.15 14:51:02.652,1.13216,1.13218,1.57,1.00
2016.08.15 14:51:02.704,1.13216,1.13218,1.50,1.00
2016.08.15 14:51:02.755,1.13216,1.13218,2.25,1.00
2016.08.15 14:51:02.959,1.13216,1.13218,1.50,1.00
2016.08.15 14:51:03.724,1.13216,1.13218,1.00,1.00
2016.08.15 14:51:03.775,1.13215,1.13218,1.87,1.00
2016.08.15 14:51:04.164,1.13215,1.13219,1.12,1.00
2016.08.15 14:51:04.265,1.13215,1.13219,1.12,1.00
2016.08.15 14:51:04.316,1.13215,1.13219,1.37,1.00
2016.08.15 14:51:04.740,1.13216,1.13219,1.87,1.00
2016.08.15 14:51:04.791,1.13216,1.13219,2.62,1.00
2016.08.15 14:51:05.129,1.13217,1.13219,1.00,1.00
2016.08.15 14:51:05.693,1.13217,1.13218,1.00,1.00
2016.08.15 14:51:06.287,1.13216,1.13218,1.12,1.00
2016.08.15 14:51:06.775,1.13216,1.13218,1.50,1.00
2016.08.15 14:51:06.878,1.13216,1.13219,2.25,1.00
2016.08.15 14:51:07.398,1.13216,1.13219,2.85,1.00
2016.08.15 14:51:07.959,1.13218,1.13219,1.12,1.00
2016.08.15 14:51:08.060,1.13217,1.13219,1.37,1.00
2016.08.15 14:51:08.598,1.13221,1.13223,1.87,1.00
2016.08.15 14:51:09.042,1.13221,1.13223,1.50,1.00
2016.08.15 14:51:09.093,1.13221,1.13223,1.00,1.00
2016.08.15 14:51:09.265,1.13218,1.13221,2.40,1.00
2016.08.15 14:51:09.316,1.13218,1.13221,1.27,1.00
2016.08.15 14:51:09.367,1.13218,1.13221,1.10,1.00
2016.08.15 14:51:09.660,1.13216,1.13219,2.62,1.00
2016.08.15 14:51:09.712,1.13214,1.13218,1.95,1.00
2016.08.15 14:51:09.764,1.13214,1.13218,1.00,1.00
2016.08.15 14:51:09.968,1.13216,1.13218,1.12,1.00
2016.08.15 14:51:10.228,1.13216,1.13218,1.00,1.00
2016.08.15 14:51:10.574,1.13215,1.13218,1.12,1.00
2016.08.15 14:51:10.933,1.13214,1.13217,2.25,1.00
2016.08.15 14:51:11.087,1.13214,1.13219,1.50,1.00
2016.08.15 14:51:11.239,1.13214,1.13219,1.87,1.00
2016.08.15 14:51:11.290,1.13214,1.13219,2.85,1.00
2016.08.15 14:51:11.493,1.13214,1.13219,2.25,1.00
2016.08.15 14:51:11.544,1.13215,1.13218,1.50,1.00
2016.08.15 14:51:11.819,1.13218,1.13219,1.50,1.00
2016.08.15 14:51:11.870,1.13218,1.13222,1.50,1.00
2016.08.15 14:51:11.921,1.13219,1.13222,1.00,1.00
2016.08.15 14:51:12.310,1.1322,1.13222,1.00,1.00
2016.08.15 14:51:12.513,1.13219,1.13221,1.00,1.00
2016.08.15 14:51:12.615,1.13218,1.13221,1.50,1.00
2016.08.15 14:51:13.308,1.13218,1.1322,1.50,1.00
2016.08.15 14:51:13.462,1.13218,1.1322,1.87,1.00
2016.08.15 14:51:13.525,1.13218,1.13221,1.87,1.50
2016.08.15 14:51:13.626,1.13219,1.13224,1.00,1.50
2016.08.15 14:51:13.677,1.13222,1.13223,1.00,1.00
2016.08.15 14:51:14.048,1.13222,1.13225,1.00,1.50
2016.08.15 14:51:14.432,1.13222,1.13225,1.00,1.00
2016.08.15 14:51:14.543,1.13222,1.13225,1.00,1.50
2016.08.15 14:51:14.779,1.13221,1.13223,1.00,1.00
2016.08.15 14:51:14.983,1.13219,1.13222,1.12,1.00
2016.08.15 14:51:15.250,1.13219,1.13222,1.87,1.00
2016.08.15 14:51:15.303,1.13219,1.13222,1.12,1.00
2016.08.15 14:51:15.666,1.13219,1.13222,1.00,1.00
2016.08.15 14:51:15.718,1.13218,1.13221,1.87,1.00
2016.08.15 14:51:15.769,1.13218,1.13223,1.72,1.00
2016.08.15 14:51:15.820,1.13219,1.13223,1.00,1.00
2016.08.15 14:51:15.871,1.13219,1.13223,1.12,1.00
2016.08.15 14:51:15.974,1.13219,1.13223,1.87,1.00
2016.08.15 14:51:16.517,1.13218,1.13221,1.00,1.00
2016.08.15 14:51:16.568,1.13216,1.1322,1.50,1.00
2016.08.15 14:51:16.620,1.13216,1.13219,1.87,1.00
2016.08.15 14:51:16.672,1.13216,1.13219,1.12,1.00
2016.08.15 14:51:16.825,1.13216,1.1322,1.12,1.50
2016.08.15 14:51:16.877,1.13216,1.1322,1.87,1.50
2016.08.15 14:51:16.928,1.13216,1.1322,1.87,1.00
2016.08.15 14:51:17.513,1.13216,1.1322,1.12,1.50
2016.08.15 14:51:17.616,1.13216,1.1322,1.12,1.00
2016.08.15 14:51:17.667,1.13216,1.13218,1.12,1.00
2016.08.15 14:51:17.821,1.13216,1.13219,1.00,1.00
2016.08.15 14:51:18.350,1.13216,1.13218,1.00,1.00
2016.08.15 14:51:18.713,1.13215,1.13218,1.50,1.00
2016.08.15 14:51:18.816,1.13215,1.13217,1.00,1.00
2016.08.15 14:51:18.918,1.13214,1.13217,2.40,1.00
2016.08.15 14:51:18.969,1.13214,1.13217,1.50,1.00
2016.08.15 14:51:19.020,1.13214,1.13216,1.00,1.00
2016.08.15 14:51:19.377,1.13214,1.13215,1.00,1.50
2016.08.15 14:51:19.618,1.13214,1.13215,1.00,1.00
2016.08.15 14:51:19.707,1.13214,1.13215,1.00,1.50
2016.08.15 14:51:20.118,1.13212,1.13215,1.65,1.50
2016.08.15 14:51:20.169,1.13212,1.13215,1.65,1.00
2016.08.15 14:51:20.220,1.13212,1.13215,2.02,1.00
2016.08.15 14:51:20.609,1.13212,1.13216,2.02,1.50
2016.08.15 14:51:20.710,1.13212,1.13215,2.02,1.00
2016.08.15 14:51:20.812,1.13212,1.13216,2.02,1.50
2016.08.15 14:51:21.253,1.13212,1.13215,2.02,1.00
2016.08.15 14:51:21.311,1.13212,1.13216,2.02,1.50
2016.08.15 14:51:21.362,1.13212,1.13216,2.77,1.50
2016.08.15 14:51:21.413,1.13212,1.13215,2.77,1.00
2016.08.15 14:51:22.355,1.13213,1.13215,1.50,1.00
2016.08.15 14:51:23.204,1.13213,1.13216,1.50,1.50
2016.08.15 14:51:23.418,1.13213,1.13216,1.50,1.00
2016.08.15 14:51:23.552,1.13213,1.13216,1.00,1.00
2016.08.15 14:51:25.014,1.13214,1.13217,1.00,1.00
2016.08.15 14:51:25.116,1.13214,1.13217,1.12,1.00
2016.08.15 14:51:25.269,1.13214,1.13219,1.00,1.00
2016.08.15 14:51:25.619,1.13214,1.13219,1.50,1.00
2016.08.15 14:51:26.103,1.13214,1.13219,2.10,1.00
2016.08.15 14:51:26.190,1.13214,1.13219,1.50,1.00
2016.08.15 14:51:26.468,1.13214,1.13219,1.12,1.00
2016.08.15 14:51:26.583,1.13214,1.13219,1.00,1.00
2016.08.15 14:51:26.634,1.13214,1.13218,1.87,1.00
2016.08.15 14:51:26.889,1.13214,1.13217,1.12,1.00
2016.08.15 14:51:27.178,1.13213,1.13217,1.37,1.00
2016.08.15 14:51:27.230,1.13213,1.13216,1.87,1.00
2016.08.15 14:51:27.281,1.13213,1.13218,1.87,1.00
2016.08.15 14:51:27.728,1.13213,1.13218,1.12,1.00
2016.08.15 14:51:28.713,1.13216,1.13219,1.50,1.00
2016.08.15 14:51:28.764,1.13216,1.13219,2.25,1.00
2016.08.15 14:51:28.816,1.13216,1.1322,2.25,1.00
2016.08.15 14:51:28.867,1.13218,1.1322,1.50,1.00
2016.08.15 14:51:28.969,1.13218,1.13221,1.50,1.00
2016.08.15 14:51:29.020,1.13218,1.1322,1.00,1.00
2016.08.15 14:51:29.071,1.13216,1.1322,2.25,1.50
2016.08.15 14:51:29.959,1.13216,1.1322,2.25,1.00
2016.08.15 14:51:30.270,1.13216,1.13219,1.50,1.00
2016.08.15 14:51:30.635,1.13216,1.13219,1.00,1.00
2016.08.15 14:51:32.829,1.13215,1.13218,1.20,1.00
2016.08.15 14:51:32.931,1.13215,1.13217,1.00,1.00
2016.08.15 14:51:33.044,1.13214,1.13217,1.00,1.00
2016.08.15 14:51:33.249,1.13214,1.13217,1.50,1.00
2016.08.15 14:51:33.544,1.13215,1.13217,1.00,1.00
2016.08.15 14:51:33.751,1.13214,1.13217,2.25,1.37
2016.08.15 14:51:33.802,1.13213,1.13215,1.00,1.00
2016.08.15 14:51:33.854,1.13212,1.13215,1.00,1.50
2016.08.15 14:51:33.906,1.13211,1.13215,1.10,1.50
2016.08.15 14:51:33.957,1.13212,1.13214,1.00,1.00
2016.08.15 14:51:34.010,1.13212,1.13215,1.00,1.50
2016.08.15 14:51:34.061,1.13211,1.13215,1.00,1.00
2016.08.15 14:51:34.403,1.13212,1.13215,1.50,1.50
2016.08.15 14:51:34.668,1.13212,1.13215,1.50,1.00
2016.08.15 14:51:34.751,1.13212,1.13215,1.50,1.50
2016.08.15 14:51:34.885,1.13212,1.13214,1.50,1.00
2016.08.15 14:51:35.038,1.1321,1.13212,2.25,1.00
2016.08.15 14:51:35.089,1.1321,1.13212,1.00,1.00
2016.08.15 14:51:35.140,1.13209,1.1321,1.50,1.12
2016.08.15 14:51:35.191,1.13209,1.1321,1.00,1.12
2016.08.15 14:51:35.461,1.13207,1.1321,1.47,1.12
2016.08.15 14:51:35.512,1.13207,1.1321,1.50,1.00
2016.08.15 14:51:35.564,1.13207,1.1321,1.50,1.50
2016.08.15 14:51:36.286,1.13207,1.1321,2.25,1.50
2016.08.15 14:51:36.387,1.13207,1.1321,2.25,1.00
2016.08.15 14:51:36.489,1.13207,1.1321,2.25,1.50
2016.08.15 14:51:36.540,1.13208,1.1321,1.12,1.50
2016.08.15 14:51:37.360,1.13207,1.1321,2.25,1.00
2016.08.15 14:51:37.439,1.13208,1.1321,1.12,1.00
2016.08.15 14:51:37.490,1.13208,1.1321,1.12,1.50
2016.08.15 14:51:37.560,1.13208,1.1321,1.12,1.00
2016.08.15 14:51:37.684,1.13208,1.1321,1.12,1.50
2016.08.15 14:51:37.785,1.13208,1.1321,1.12,1.00
2016.08.15 14:51:37.887,1.13208,1.1321,1.12,1.50
2016.08.15 14:51:38.214,1.13208,1.1321,1.12,1.00
2016.08.15 14:51:38.477,1.13208,1.13211,1.12,1.50
2016.08.15 14:51:38.579,1.13208,1.1321,1.12,1.00
2016.08.15 14:51:38.784,1.13207,1.13211,3.00,1.50
2016.08.15 14:51:38.886,1.13208,1.13211,1.12,1.00
2016.08.15 14:51:38.964,1.13208,1.13212,1.12,1.00
2016.08.15 14:51:39.305,1.13207,1.13212,2.62,1.00
2016.08.15 14:51:39.356,1.13208,1.13212,1.12,1.00
2016.08.15 14:51:39.458,1.13207,1.13212,2.62,1.00
2016.08.15 14:51:39.560,1.13207,1.13212,3.00,1.00
2016.08.15 14:51:40.112,1.13208,1.13212,1.50,1.00
2016.08.15 14:51:40.163,1.1321,1.13214,1.00,1.00
2016.08.15 14:51:40.214,1.1321,1.13216,1.00,1.00
2016.08.15 14:51:40.722,1.1321,1.13216,1.50,1.00
2016.08.15 14:51:40.774,1.13212,1.13215,1.00,1.50
2016.08.15 14:51:40.876,1.13211,1.13214,1.50,1.00
2016.08.15 14:51:41.997,1.13211,1.13215,1.50,1.00
2016.08.15 14:51:42.100,1.13211,1.13215,1.50,1.50
2016.08.15 14:51:42.815,1.13212,1.13215,1.00,1.50
2016.08.15 14:51:43.066,1.13212,1.13215,1.00,1.00
2016.08.15 14:51:43.379,1.13212,1.13215,1.00,1.50
2016.08.15 14:51:43.478,1.13212,1.13215,1.00,1.00
2016.08.15 14:51:43.693,1.13212,1.13215,1.00,1.50
2016.08.15 14:51:44.043,1.13211,1.13215,1.87,1.00
2016.08.15 14:51:44.324,1.13213,1.13216,1.00,1.50
2016.08.15 14:51:44.426,1.13213,1.13216,1.00,1.00
2016.08.15 14:51:44.527,1.13212,1.13216,2.62,1.00
2016.08.15 14:51:44.582,1.13212,1.13215,1.50,1.00
2016.08.15 14:51:44.706,1.13212,1.13215,1.50,1.50
2016.08.15 14:51:44.757,1.13213,1.13215,1.00,1.50
2016.08.15 14:51:44.858,1.13213,1.13215,1.00,1.00
2016.08.15 14:51:44.909,1.13213,1.13216,1.00,1.00
2016.08.15 14:51:45.011,1.13213,1.13215,1.00,1.00
2016.08.15 14:51:45.393,1.13212,1.13217,2.25,1.00
2016.08.15 14:51:45.444,1.13212,1.13216,1.50,1.00
2016.08.15 14:51:45.495,1.13212,1.13215,2.25,1.00
2016.08.15 14:51:45.546,1.13212,1.13215,2.25,1.50
2016.08.15 14:51:45.597,1.13212,1.13215,2.25,1.00
2016.08.15 14:51:45.700,1.13212,1.13215,2.25,1.50
2016.08.15 14:51:45.903,1.13212,1.13215,2.25,1.00
2016.08.15 14:51:45.954,1.13212,1.13215,1.50,1.00
2016.08.15 14:51:46.005,1.13212,1.13215,1.50,1.50
2016.08.15 14:51:46.188,1.13212,1.13215,1.00,1.50
2016.08.15 14:51:46.533,1.13212,1.13215,1.50,1.50
2016.08.15 14:51:46.635,1.13212,1.13215,1.50,1.00
2016.08.15 14:51:46.810,1.13212,1.13215,1.50,1.50
2016.08.15 14:51:46.861,1.13212,1.13215,2.25,1.50
2016.08.15 14:51:46.911,1.13212,1.13215,2.25,1.00
2016.08.15 14:51:48.346,1.13216,1.13218,1.00,1.00
2016.08.15 14:51:48.397,1.13217,1.1322,1.00,1.00
2016.08.15 14:51:48.448,1.13217,1.1322,1.00,1.50
2016.08.15 14:51:48.499,1.13218,1.1322,1.00,1.00
2016.08.15 14:51:48.550,1.13218,1.1322,1.50,1.00
2016.08.15 14:51:48.602,1.13221,1.13224,1.00,2.25
2016.08.15 14:51:48.653,1.13222,1.13224,1.50,1.00
2016.08.15 14:51:48.704,1.13222,1.13225,1.50,1.87
2016.08.15 14:51:48.993,1.13223,1.13225,1.00,1.87
2016.08.15 14:51:49.044,1.13222,1.13224,1.00,1.00
2016.08.15 14:51:49.966,1.13223,1.13224,1.00,1.00
2016.08.15 14:51:50.221,1.13221,1.13224,1.87,1.00
2016.08.15 14:51:50.587,1.13221,1.13224,1.50,1.00
2016.08.15 14:51:50.638,1.1322,1.13223,2.77,1.00
2016.08.15 14:51:50.690,1.1322,1.13223,1.20,1.00
2016.08.15 14:51:50.765,1.13218,1.13221,2.25,1.00
2016.08.15 14:51:51.019,1.13218,1.13221,1.87,1.00
2016.08.15 14:51:51.070,1.13217,1.1322,3.00,1.00
2016.08.15 14:51:51.121,1.13217,1.1322,2.25,1.00
2016.08.15 14:51:51.847,1.13217,1.13221,2.25,1.00
2016.08.15 14:51:51.898,1.13217,1.13221,1.50,1.50
2016.08.15 14:51:51.949,1.13217,1.13221,1.00,1.50
2016.08.15 14:51:52.050,1.13217,1.1322,1.00,1.00
2016.08.15 14:51:52.424,1.13217,1.1322,1.00,1.00
2016.08.15 14:51:52.525,1.13217,1.13221,1.00,1.50
2016.08.15 14:51:52.627,1.13217,1.1322,1.00,1.00
2016.08.15 14:51:52.781,1.1322,1.13222,1.50,1.00
2016.08.15 14:51:52.832,1.1322,1.13225,1.50,1.00
2016.08.15 14:51:52.883,1.13221,1.13225,1.00,1.00
2016.08.15 14:51:52.934,1.13224,1.13226,1.00,1.12
2016.08.15 14:51:52.996,1.13223,1.13226,1.50,1.50
2016.08.15 14:51:53.047,1.13226,1.13227,1.00,1.00
2016.08.15 14:51:53.343,1.13223,1.13225,1.00,1.00
2016.08.15 14:51:53.396,1.13219,1.13224,1.87,1.00
2016.08.15 14:51:53.447,1.13219,1.13224,1.12,1.00
2016.08.15 14:51:53.549,1.13218,1.13221,1.57,1.00
2016.08.15 14:51:53.618,1.13217,1.13221,3.00,1.00
2016.08.15 14:51:53.669,1.13216,1.13221,2.47,1.00
2016.08.15 14:51:53.720,1.13216,1.13221,1.67,1.00
2016.08.15 14:51:54.046,1.13216,1.13222,2.10,1.00
2016.08.15 14:51:54.097,1.13215,1.13217,1.60,1.00
2016.08.15 14:51:54.148,1.13215,1.13217,1.30,1.00
2016.08.15 14:51:54.199,1.13214,1.13216,1.00,1.00
2016.08.15 14:51:54.251,1.13212,1.13215,4.20,1.00
2016.08.15 14:51:54.302,1.13212,1.13215,3.45,1.50
2016.08.15 14:51:54.354,1.13212,1.13215,1.00,1.50
2016.08.15 14:51:54.436,1.13211,1.13215,1.20,1.50
2016.08.15 14:51:54.979,1.13213,1.13215,1.00,1.00
2016.08.15 14:51:55.048,1.13212,1.13217,1.00,1.00
2016.08.15 14:51:55.854,1.13212,1.13215,1.00,1.00
2016.08.15 14:51:55.905,1.13211,1.13214,1.50,1.00
2016.08.15 14:51:56.008,1.13211,1.13214,1.00,1.00
2016.08.15 14:51:56.262,1.13211,1.13214,1.50,1.00
2016.08.15 14:51:56.313,1.13211,1.13216,1.00,1.50
2016.08.15 14:51:56.364,1.13211,1.13214,1.50,1.00
2016.08.15 14:51:56.416,1.13211,1.13214,2.25,1.00
2016.08.15 14:51:56.914,1.13211,1.13214,1.00,1.00
2016.08.15 14:51:56.965,1.1321,1.13213,1.00,1.00
2016.08.15 14:51:57.016,1.1321,1.13213,1.50,1.00
2016.08.15 14:51:57.067,1.1321,1.13213,1.00,1.00
2016.08.15 14:51:57.118,1.13209,1.13215,3.37,1.00
2016.08.15 14:51:57.272,1.1321,1.13215,1.00,1.50
2016.08.15 14:51:57.375,1.13209,1.13215,2.62,1.50
2016.08.15 14:51:57.528,1.13209,1.13213,2.62,1.00
2016.08.15 14:51:57.579,1.13209,1.13212,1.87,1.00
2016.08.15 14:51:57.844,1.13209,1.1321,1.12,1.50
2016.08.15 14:51:57.898,1.13203,1.13207,1.12,1.00
2016.08.15 14:51:57.950,1.13204,1.13205,1.00,1.00
2016.08.15 14:51:58.052,1.13204,1.13205,1.50,1.00
2016.08.15 14:51:58.257,1.13204,1.13207,2.25,1.00
2016.08.15 14:51:58.576,1.13204,1.13207,1.00,1.00
2016.08.15 14:51:58.865,1.13202,1.13205,1.00,1.50
2016.08.15 14:51:59.017,1.13202,1.13205,1.00,1.00
2016.08.15 14:51:59.170,1.13204,1.13207,1.00,1.00
2016.08.15 14:51:59.373,1.13202,1.13208,1.50,1.00
2016.08.15 14:51:59.425,1.13204,1.13207,1.00,1.00
2016.08.15 14:51:59.680,1.13204,1.13207,1.50,1.00
2016.08.15 14:52:00.114,1.13205,1.13208,1.00,1.00
2016.08.15 14:52:00.164,1.13204,1.13208,2.25,1.00
2016.08.15 14:52:00.266,1.13205,1.13208,1.00,1.00
2016.08.15 14:52:00.981,1.13204,1.13208,1.50,1.00
2016.08.15 14:52:01.032,1.13204,1.13208,1.00,1.00
2016.08.15 14:52:01.185,1.13203,1.13208,2.25,1.00
2016.08.15 14:52:01.236,1.13203,1.13208,1.50,1.00
2016.08.15 14:52:01.287,1.13204,1.13208,1.00,1.00
2016.08.15 14:52:01.645,1.13205,1.13208,1.50,1.00
2016.08.15 14:52:02.351,1.13205,1.1321,1.00,1.50
2016.08.15 14:52:02.555,1.13205,1.13208,1.50,1.00
2016.08.15 14:52:02.656,1.13204,1.13207,1.00,1.00
2016.08.15 14:52:02.707,1.13203,1.13208,1.12,1.00
2016.08.15 14:52:02.758,1.13202,1.13205,2.62,1.50
2016.08.15 14:52:02.809,1.13202,1.13204,1.50,1.00
2016.08.15 14:52:02.861,1.132,1.13203,1.87,1.00
2016.08.15 14:52:02.912,1.132,1.13202,1.00,1.00
2016.08.15 14:52:03.295,1.13201,1.13205,1.00,1.00
2016.08.15 14:52:03.455,1.13201,1.13205,1.50,1.50
2016.08.15 14:52:03.557,1.13201,1.13205,1.87,1.50
2016.08.15 14:52:03.641,1.132,1.13202,2.32,1.00
2016.08.15 14:52:03.692,1.13199,1.13201,2.70,1.50
2016.08.15 14:52:03.743,1.132,1.13201,1.00,1.00
2016.08.15 14:52:03.794,1.13199,1.13201,1.12,1.00
2016.08.15 14:52:03.845,1.13199,1.13201,1.00,1.00
2016.08.15 14:52:04.089,1.13199,1.13202,1.50,1.00
2016.08.15 14:52:04.141,1.13199,1.13205,3.22,1.00
2016.08.15 14:52:04.192,1.132,1.13205,1.35,1.50
2016.08.15 14:52:04.243,1.13201,1.13204,1.00,1.00
2016.08.15 14:52:04.345,1.13199,1.13204,3.00,1.00
2016.08.15 14:52:04.396,1.13199,1.13203,1.00,1.00
2016.08.15 14:52:04.447,1.13199,1.13203,1.50,1.00
2016.08.15 14:52:04.498,1.13199,1.13203,1.00,1.00
2016.08.15 14:52:05.020,1.13201,1.13204,1.00,1.00
2016.08.15 14:52:05.636,1.132,1.13202,2.62,1.00
2016.08.15 14:52:05.955,1.132,1.13203,1.50,1.12
2016.08.15 14:52:06.006,1.13199,1.13204,3.97,1.00
2016.08.15 14:52:06.057,1.13201,1.13204,1.00,1.00
2016.08.15 14:52:06.760,1.13201,1.13204,1.50,1.00
2016.08.15 14:52:07.700,1.13201,1.13204,1.00,1.00
2016.08.15 14:52:07.751,1.13201,1.13204,1.50,1.00
2016.08.15 14:52:08.694,1.13201,1.13204,1.00,1.00
2016.08.15 14:52:08.796,1.132,1.13203,2.25,1.00
2016.08.15 14:52:08.897,1.132,1.13203,1.00,1.00
2016.08.15 14:52:09.066,1.132,1.13203,1.50,1.00
2016.08.15 14:52:09.168,1.132,1.13203,1.00,1.00
2016.08.15 14:52:09.266,1.132,1.13203,1.50,1.00
2016.08.15 14:52:09.467,1.132,1.13203,1.00,1.00
2016.08.15 14:52:09.527,1.13201,1.13205,1.00,1.00
2016.08.15 14:52:09.579,1.13201,1.13205,1.00,1.12
2016.08.15 14:52:10.084,1.132,1.13205,2.25,1.50
2016.08.15 14:52:10.173,1.13203,1.13205,1.00,1.00
2016.08.15 14:52:10.369,1.13203,1.13205,1.00,1.50
2016.08.15 14:52:10.742,1.13201,1.13205,1.50,1.50
2016.08.15 14:52:10.895,1.13201,1.13205,1.50,1.00
2016.08.15 14:52:11.245,1.13201,1.13205,1.00,1.00
2016.08.15 14:52:11.397,1.13201,1.13205,1.00,1.50
2016.08.15 14:52:11.448,1.13201,1.13205,1.50,1.50
2016.08.15 14:52:11.550,1.13202,1.13205,1.00,1.50
2016.08.15 14:52:11.758,1.13202,1.13205,1.00,1.00
2016.08.15 14:52:12.386,1.13201,1.13205,1.00,1.00
2016.08.15 14:52:12.438,1.132,1.13205,1.50,1.00
2016.08.15 14:52:12.540,1.13201,1.13205,1.00,1.00
2016.08.15 14:52:12.591,1.13201,1.13205,1.00,1.50
2016.08.15 14:52:12.877,1.13201,1.13203,1.00,1.00
2016.08.15 14:52:12.929,1.132,1.13203,1.50,1.00
2016.08.15 14:52:13.046,1.13202,1.13205,1.00,1.00
2016.08.15 14:52:13.097,1.132,1.13205,2.25,1.50
2016.08.15 14:52:13.349,1.13202,1.13205,1.00,1.50
2016.08.15 14:52:13.401,1.13202,1.13205,2.25,1.00
2016.08.15 14:52:13.910,1.13202,1.13205,2.25,1.50
2016.08.15 14:52:13.961,1.13202,1.13205,1.50,1.50
2016.08.15 14:52:14.062,1.13202,1.13205,1.00,1.50
2016.08.15 14:52:14.214,1.13201,1.13204,2.25,1.00
2016.08.15 14:52:14.265,1.132,1.13203,1.00,1.00
2016.08.15 14:52:14.641,1.13199,1.13202,1.57,1.00
2016.08.15 14:52:14.696,1.132,1.13203,1.00,1.00
2016.08.15 14:52:15.234,1.13198,1.13204,2.85,1.00
2016.08.15 14:52:15.285,1.13198,1.13204,3.97,1.00
2016.08.15 14:52:15.538,1.132,1.13204,1.00,1.00
2016.08.15 14:52:15.590,1.132,1.13202,1.50,1.00
2016.08.15 14:52:15.640,1.132,1.13202,1.00,1.00
2016.08.15 14:52:15.793,1.13199,1.13202,4.50,1.00
2016.08.15 14:52:15.911,1.132,1.13202,1.00,1.00
2016.08.15 14:52:16.120,1.13199,1.13202,3.75,1.00
2016.08.15 14:52:16.170,1.13199,1.13202,4.35,1.00
2016.08.15 14:52:16.564,1.13199,1.13202,3.00,1.00
2016.08.15 14:52:16.665,1.13199,1.13202,2.85,1.00
2016.08.15 14:52:16.716,1.13199,1.13202,2.25,1.00
2016.08.15 14:52:16.767,1.13199,1.13202,3.00,1.00
2016.08.15 14:52:16.868,1.13199,1.13202,3.75,1.00
2016.08.15 14:52:16.919,1.13199,1.13204,3.60,1.00
2016.08.15 14:52:16.970,1.132,1.13204,1.00,1.00
2016.08.15 14:52:17.830,1.132,1.13203,1.00,1.00
2016.08.15 14:52:18.139,1.13198,1.13204,5.47,1.00
2016.08.15 14:52:18.190,1.13199,1.13204,2.10,1.00
2016.08.15 14:52:18.241,1.13199,1.13204,2.25,1.00
2016.08.15 14:52:18.292,1.13199,1.13204,3.97,1.00
2016.08.15 14:52:18.343,1.13199,1.13204,4.35,1.00
2016.08.15 14:52:18.445,1.13199,1.13204,3.37,1.00
2016.08.15 14:52:18.785,1.13199,1.13204,2.62,1.00
2016.08.15 14:52:18.836,1.13199,1.13204,4.35,1.00
2016.08.15 14:52:18.938,1.13199,1.13204,5.10,1.00
2016.08.15 14:52:19.043,1.132,1.13204,1.00,1.00
2016.08.15 14:52:19.094,1.132,1.13204,1.50,1.00
2016.08.15 14:52:19.196,1.132,1.13202,1.50,1.00
2016.08.15 14:52:19.299,1.132,1.13202,1.00,1.00
2016.08.15 14:52:19.350,1.13199,1.13202,3.37,1.00
2016.08.15 14:52:19.402,1.13199,1.13203,1.12,1.00
2016.08.15 14:52:19.695,1.13198,1.13203,3.37,1.00
2016.08.15 14:52:19.747,1.13198,1.13201,1.12,1.00
2016.08.15 14:52:19.798,1.13198,1.13201,2.47,1.00
2016.08.15 14:52:19.850,1.13197,1.132,4.72,1.00
2016.08.15 14:52:19.902,1.13197,1.132,3.00,1.00
2016.08.15 14:52:19.953,1.13196,1.13197,1.50,1.00
2016.08.15 14:52:20.005,1.13194,1.13197,3.36,1.00
2016.08.15 14:52:20.056,1.13194,1.13196,1.50,1.00
2016.08.15 14:52:20.108,1.13191,1.13193,1.12,1.00
2016.08.15 14:52:20.210,1.13189,1.13192,1.50,1.00
2016.08.15 14:52:20.504,1.13189,1.13192,2.62,1.00
2016.08.15 14:52:20.555,1.13189,1.13192,2.25,1.00
2016.08.15 14:52:20.657,1.1319,1.13192,1.00,1.00
2016.08.15 14:52:20.861,1.13189,1.13192,2.25,1.00
2016.08.15 14:52:20.963,1.1319,1.13192,1.00,1.00
2016.08.15 14:52:21.115,1.1319,1.13193,1.50,1.00
2016.08.15 14:52:21.797,1.13192,1.13194,1.00,1.00
2016.08.15 14:52:21.848,1.13191,1.13194,1.50,1.00
2016.08.15 14:52:22.154,1.13192,1.13194,1.00,1.00
2016.08.15 14:52:22.885,1.13191,1.13194,1.50,1.00
2016.08.15 14:52:23.957,1.13192,1.13195,1.87,1.00
2016.08.15 14:52:24.059,1.13192,1.13195,1.50,1.00
2016.08.15 14:52:24.161,1.13192,1.13195,1.87,1.00
2016.08.15 14:52:24.212,1.13192,1.13196,1.87,1.50
2016.08.15 14:52:24.677,1.13192,1.13196,2.62,1.50
2016.08.15 14:52:24.778,1.13193,1.13196,1.37,1.50
2016.08.15 14:52:24.829,1.13193,1.13195,1.37,1.00
2016.08.15 14:52:24.880,1.13194,1.13196,1.00,1.00
2016.08.15 14:52:25.101,1.13194,1.13196,1.00,1.00
2016.08.15 14:52:25.202,1.13193,1.13196,1.37,1.00
2016.08.15 14:52:25.253,1.13192,1.13197,2.25,1.00
2016.08.15 14:52:25.794,1.13192,1.13197,1.75,1.00
2016.08.15 14:52:25.845,1.13192,1.13196,1.75,1.00
2016.08.15 14:52:25.957,1.13192,1.13195,1.00,1.00
2016.08.15 14:52:26.008,1.13192,1.13195,1.12,1.00
2016.08.15 14:52:26.162,1.13192,1.13196,1.87,1.00
2016.08.15 14:52:26.381,1.13193,1.13195,1.12,1.00
2016.08.15 14:52:26.749,1.13193,1.13195,1.00,1.00
2016.08.15 14:52:26.967,1.13193,1.13195,1.50,1.00
2016.08.15 14:52:27.018,1.13193,1.13197,1.50,1.00
2016.08.15 14:52:28.067,1.13193,1.13196,1.00,1.00
2016.08.15 14:52:28.118,1.13192,1.13196,1.50,1.00
2016.08.15 14:52:28.170,1.13192,1.13195,1.12,1.00
2016.08.15 14:52:28.221,1.13191,1.13194,1.20,1.00
2016.08.15 14:52:28.272,1.1319,1.13193,6.00,1.00
2016.08.15 14:52:28.323,1.1319,1.13193,2.25,1.00
2016.08.15 14:52:28.692,1.1319,1.13193,1.00,1.00
2016.08.15 14:52:28.765,1.13189,1.13193,1.12,1.00
2016.08.15 14:52:28.816,1.13189,1.13193,1.00,1.00
2016.08.15 14:52:29.546,1.13189,1.13194,1.00,1.00
2016.08.15 14:52:29.597,1.13189,1.13194,1.50,1.00
2016.08.15 14:52:29.879,1.13189,1.13194,1.00,1.00
2016.08.15 14:52:30.054,1.13189,1.13194,1.87,1.00
2016.08.15 14:52:30.105,1.1319,1.13193,1.00,1.00
2016.08.15 14:52:30.207,1.1319,1.13194,1.72,1.00
2016.08.15 14:52:30.258,1.13191,1.13195,1.00,1.00
2016.08.15 14:52:30.360,1.13191,1.13195,1.00,1.50
2016.08.15 14:52:30.565,1.13189,1.13192,3.00,1.00
2016.08.15 14:52:30.843,1.13189,1.13192,4.12,1.00
2016.08.15 14:52:30.894,1.13187,1.1319,5.25,1.00
2016.08.15 14:52:30.945,1.13187,1.1319,5.25,1.50
2016.08.15 14:52:30.996,1.13187,1.1319,4.50,1.50
2016.08.15 14:52:31.047,1.13187,1.1319,4.50,1.00
2016.08.15 14:52:31.098,1.13187,1.1319,5.85,1.00
2016.08.15 14:52:31.149,1.13187,1.13191,5.62,1.00
2016.08.15 14:52:31.200,1.1319,1.13191,1.00,1.00
2016.08.15 14:52:31.251,1.1319,1.13192,1.00,1.00
2016.08.15 14:52:31.302,1.13188,1.13192,1.50,1.00
2016.08.15 14:52:31.403,1.13188,1.13192,2.25,1.00
2016.08.15 14:52:31.702,1.13189,1.13192,1.00,1.00
2016.08.15 14:52:31.760,1.13189,1.13192,1.50,1.00
2016.08.15 14:52:32.511,1.13189,1.13191,1.00,1.00
2016.08.15 14:52:33.062,1.13187,1.13191,1.87,1.00
2016.08.15 14:52:33.114,1.13183,1.13187,1.50,1.00
2016.08.15 14:52:33.217,1.13183,1.13187,1.00,1.00
2016.08.15 14:52:34.270,1.13182,1.13187,1.12,1.00
2016.08.15 14:52:34.373,1.13182,1.13186,1.87,1.00
2016.08.15 14:52:34.424,1.13182,1.13186,1.00,1.50
2016.08.15 14:52:34.476,1.1318,1.13185,4.87,1.00
2016.08.15 14:52:34.527,1.13181,1.13185,1.57,1.00
2016.08.15 14:52:34.578,1.13181,1.13185,1.50,1.50
2016.08.15 14:52:34.629,1.1318,1.13185,2.32,1.50
2016.08.15 14:52:34.680,1.1318,1.13185,1.50,1.50
2016.08.15 14:52:34.845,1.1318,1.13185,1.00,1.00
2016.08.15 14:52:34.947,1.1318,1.13185,1.00,1.50
2016.08.15 14:52:35.282,1.13179,1.13185,2.62,1.50
2016.08.15 14:52:35.333,1.13179,1.13185,2.25,1.50
2016.08.15 14:52:35.401,1.1318,1.13183,1.00,1.00
2016.08.15 14:52:36.895,1.13181,1.13184,1.00,1.00
2016.08.15 14:52:36.946,1.13181,1.13186,1.72,1.50
2016.08.15 14:52:36.997,1.13181,1.13186,2.85,1.50
2016.08.15 14:52:37.048,1.13181,1.13186,2.25,1.50
2016.08.15 14:52:37.099,1.13181,1.13185,2.25,1.00
2016.08.15 14:52:37.151,1.13183,1.13185,1.12,1.00
2016.08.15 14:52:37.354,1.13183,1.13186,1.12,1.50
2016.08.15 14:52:37.452,1.13183,1.13185,1.12,1.00
2016.08.15 14:52:37.877,1.13183,1.13186,1.37,1.00
2016.08.15 14:52:37.928,1.13183,1.13187,1.50,1.00
2016.08.15 14:52:38.047,1.13184,1.13188,1.12,1.00
2016.08.15 14:52:38.098,1.13184,1.13188,2.25,1.00
2016.08.15 14:52:38.149,1.13185,1.13188,1.00,1.00
2016.08.15 14:52:38.849,1.13184,1.13189,1.12,1.00
2016.08.15 14:52:38.951,1.13184,1.13189,1.00,1.00
2016.08.15 14:52:39.053,1.13185,1.13188,1.00,1.00
2016.08.15 14:52:39.256,1.13185,1.13188,1.12,1.00
2016.08.15 14:52:39.358,1.13185,1.13188,1.50,1.00
2016.08.15 14:52:40.062,1.13185,1.1319,1.12,1.50
2016.08.15 14:52:40.164,1.13185,1.1319,1.87,1.00
2016.08.15 14:52:40.215,1.13185,1.1319,1.12,1.00
2016.08.15 14:52:40.266,1.13185,1.1319,1.12,1.50
2016.08.15 14:52:40.370,1.13185,1.1319,1.12,1.00
2016.08.15 14:52:40.476,1.13186,1.13189,1.00,1.00
2016.08.15 14:52:40.980,1.13185,1.13189,2.62,1.00
2016.08.15 14:52:41.109,1.13185,1.13189,1.87,1.00
2016.08.15 14:52:41.213,1.13185,1.13189,2.62,1.00
2016.08.15 14:52:41.307,1.13186,1.13189,1.00,1.00
2016.08.15 14:52:41.678,1.13185,1.13188,1.12,1.00
2016.08.15 14:52:41.729,1.13183,1.13188,4.20,1.00
2016.08.15 14:52:41.780,1.13183,1.13188,1.20,1.00
2016.08.15 14:52:41.831,1.13183,1.13188,1.12,1.00
2016.08.15 14:52:41.882,1.13183,1.13188,1.50,1.00
2016.08.15 14:52:42.136,1.13183,1.13188,1.12,1.00
2016.08.15 14:52:42.410,1.13183,1.13188,1.87,1.00
2016.08.15 14:52:42.563,1.13183,1.13188,2.25,1.00
2016.08.15 14:52:42.664,1.13183,1.13188,1.87,1.00
2016.08.15 14:52:42.766,1.13183,1.13188,2.25,1.00
2016.08.15 14:52:43.861,1.13183,1.13188,1.87,1.00
2016.08.15 14:52:44.161,1.13183,1.13188,2.25,1.00
2016.08.15 14:52:45.250,1.13185,1.13189,1.50,1.00
2016.08.15 14:52:45.300,1.13185,1.1319,1.12,1.00
2016.08.15 14:52:45.351,1.13186,1.13189,1.12,1.00
2016.08.15 14:52:45.453,1.13185,1.1319,1.00,1.50
2016.08.15 14:52:45.504,1.13184,1.1319,3.00,1.00
2016.08.15 14:52:45.555,1.13185,1.13188,1.12,1.00
2016.08.15 14:52:46.168,1.13184,1.13188,1.00,1.00
2016.08.15 14:52:46.472,1.13184,1.1319,1.75,1.00
2016.08.15 14:52:47.054,1.13185,1.1319,1.37,1.00
2016.08.15 14:52:47.106,1.13186,1.13189,1.12,1.00
2016.08.15 14:52:48.007,1.13186,1.13189,1.00,1.00
2016.08.15 14:52:48.937,1.13187,1.1319,1.00,1.00
2016.08.15 14:52:48.988,1.13187,1.1319,1.00,1.50
2016.08.15 14:52:49.133,1.13187,1.1319,1.00,1.00
2016.08.15 14:52:49.186,1.13187,1.1319,1.00,1.50
2016.08.15 14:52:49.410,1.13187,1.13191,1.00,1.00
2016.08.15 14:52:49.512,1.13187,1.13192,1.00,1.00
2016.08.15 14:52:50.608,1.13187,1.1319,1.00,1.00
2016.08.15 14:52:51.359,1.13187,1.13188,1.00,1.00
2016.08.15 14:52:51.461,1.13185,1.13187,1.00,1.00
2016.08.15 14:52:51.512,1.13184,1.13187,1.87,1.00
2016.08.15 14:52:51.614,1.13182,1.13187,1.87,1.00
2016.08.15 14:52:51.716,1.13182,1.13187,1.12,1.00
2016.08.15 14:52:51.837,1.13181,1.13187,1.87,1.00
2016.08.15 14:52:52.497,1.13181,1.13187,1.37,1.00
2016.08.15 14:52:52.598,1.13181,1.13187,1.00,1.00
2016.08.15 14:52:52.846,1.1318,1.13185,5.62,1.00
2016.08.15 14:52:52.948,1.1318,1.13185,4.12,1.00
2016.08.15 14:52:53.093,1.1318,1.13183,2.62,1.00
2016.08.15 14:52:53.144,1.13179,1.13182,6.52,1.00
2016.08.15 14:52:53.195,1.1318,1.13182,1.00,1.00
2016.08.15 14:52:53.437,1.13179,1.13181,1.95,1.00
2016.08.15 14:52:53.489,1.13176,1.13181,2.62,1.00
2016.08.15 14:52:53.540,1.13176,1.13181,1.87,1.00
2016.08.15 14:52:53.591,1.13177,1.13181,1.00,1.00
2016.08.15 14:52:53.795,1.13176,1.13181,1.87,1.00
2016.08.15 14:52:53.846,1.13176,1.1318,2.62,1.00
2016.08.15 14:52:54.506,1.13176,1.13179,1.00,1.00
2016.08.15 14:52:54.831,1.13176,1.1318,1.00,1.50
2016.08.15 14:52:55.035,1.13176,1.1318,1.00,1.00
2016.08.15 14:52:55.447,1.13182,1.13183,1.12,1.50
2016.08.15 14:52:55.499,1.13182,1.13185,1.00,1.50
2016.08.15 14:52:55.550,1.13181,1.13185,1.50,1.00
2016.08.15 14:52:55.601,1.13182,1.13185,1.00,1.00
2016.08.15 14:52:55.652,1.13181,1.13185,1.12,1.00
2016.08.15 14:52:55.906,1.13181,1.13185,1.00,1.00
2016.08.15 14:52:56.059,1.13181,1.13185,1.00,1.50
2016.08.15 14:52:56.110,1.13181,1.13184,1.00,1.00
2016.08.15 14:52:56.719,1.1318,1.13183,1.50,1.00
2016.08.15 14:52:56.822,1.1318,1.13183,1.00,1.00
2016.08.15 14:52:57.077,1.13177,1.1318,1.00,1.00
2016.08.15 14:52:57.230,1.13176,1.13179,2.25,1.00
2016.08.15 14:52:57.333,1.13176,1.13179,1.87,1.00
2016.08.15 14:52:58.296,1.13176,1.1318,1.87,1.00
2016.08.15 14:52:59.029,1.13176,1.13179,1.87,1.00
2016.08.15 14:52:59.131,1.13176,1.13179,1.12,1.00
2016.08.15 14:52:59.244,1.13176,1.13179,1.87,1.00
2016.08.15 14:53:00.500,1.13176,1.13179,1.12,1.00
2016.08.15 14:53:00.766,1.13176,1.13179,1.72,1.00
2016.08.15 14:53:00.817,1.13177,1.1318,1.00,1.00
2016.08.15 14:53:01.282,1.13176,1.13179,2.85,1.00
2016.08.15 14:53:01.333,1.13176,1.13179,2.10,1.00
2016.08.15 14:53:01.456,1.13176,1.13179,1.50,1.00
2016.08.15 14:53:01.507,1.13177,1.13179,1.12,1.00
2016.08.15 14:53:02.742,1.13177,1.13181,1.12,1.00
2016.08.15 14:53:02.793,1.13176,1.1318,1.50,1.00
2016.08.15 14:53:03.075,1.13176,1.13179,1.00,1.00
2016.08.15 14:53:03.238,1.13174,1.1318,1.50,1.00
2016.08.15 14:53:03.340,1.13173,1.13179,6.15,1.00
2016.08.15 14:53:03.392,1.13173,1.13177,4.65,1.00
2016.08.15 14:53:03.444,1.13174,1.13177,1.37,1.00
2016.08.15 14:53:03.547,1.13174,1.13177,1.00,1.00
2016.08.15 14:53:03.878,1.13174,1.13177,3.75,1.00
2016.08.15 14:53:03.929,1.13175,1.13178,1.87,1.00
2016.08.15 14:53:04.132,1.13175,1.13178,2.25,1.00
2016.08.15 14:53:04.234,1.13175,1.13179,3.75,1.00
2016.08.15 14:53:04.285,1.13175,1.13179,4.12,1.00
2016.08.15 14:53:04.443,1.13177,1.13179,1.00,1.00
2016.08.15 14:53:04.545,1.13177,1.13179,1.12,1.00
2016.08.15 14:53:05.002,1.13175,1.13179,2.25,1.00
2016.08.15 14:53:05.104,1.13175,1.13178,3.37,1.00
2016.08.15 14:53:05.155,1.13175,1.13179,2.62,1.00
2016.08.15 14:53:05.308,1.13175,1.13178,1.75,1.00
2016.08.15 14:53:05.360,1.13176,1.13179,1.50,1.00
2016.08.15 14:53:06.256,1.13175,1.13179,2.25,1.00
2016.08.15 14:53:06.621,1.13175,1.13179,3.37,1.00
2016.08.15 14:53:06.723,1.13176,1.13178,1.00,1.00
2016.08.15 14:53:06.824,1.13174,1.13177,1.12,1.00
2016.08.15 14:53:06.926,1.13174,1.13176,1.00,1.00
2016.08.15 14:53:06.977,1.13173,1.13176,1.50,1.00
2016.08.15 14:53:07.396,1.13173,1.13176,1.12,1.00
2016.08.15 14:53:09.339,1.13173,1.13176,1.00,1.00
2016.08.15 14:53:10.145,1.13173,1.13175,1.00,1.00
2016.08.15 14:53:10.198,1.13173,1.13175,1.00,1.50
2016.08.15 14:53:10.452,1.13172,1.13175,1.00,1.50
2016.08.15 14:53:10.555,1.13171,1.13174,2.70,1.00
2016.08.15 14:53:10.606,1.13171,1.13174,2.62,1.00
2016.08.15 14:53:10.657,1.13171,1.13174,1.12,1.00
2016.08.15 14:53:10.708,1.1317,1.13173,8.40,1.00
2016.08.15 14:53:10.759,1.13171,1.13173,1.50,1.00
2016.08.15 14:53:11.073,1.1317,1.13173,1.50,1.00
2016.08.15 14:53:11.129,1.1317,1.13172,1.00,1.00
2016.08.15 14:53:11.231,1.1317,1.13173,1.50,1.00
2016.08.15 14:53:11.282,1.13169,1.13172,3.52,1.00
2016.08.15 14:53:11.437,1.13169,1.13172,5.77,1.00
2016.08.15 14:53:11.488,1.1317,1.13173,1.12,1.00
2016.08.15 14:53:11.940,1.1317,1.13173,1.50,1.00
2016.08.15 14:53:11.991,1.1317,1.13173,1.00,1.00
2016.08.15 14:53:12.194,1.13169,1.13173,5.40,1.00
2016.08.15 14:53:12.245,1.13169,1.13173,5.02,1.00
2016.08.15 14:53:12.297,1.1317,1.13173,1.12,1.00
2016.08.15 14:53:12.806,1.1317,1.13173,1.00,1.00
2016.08.15 14:53:13.551,1.1317,1.13174,1.00,1.00
2016.08.15 14:53:13.875,1.1317,1.13174,1.12,1.00
2016.08.15 14:53:14.789,1.1317,1.13174,1.00,1.00
2016.08.15 14:53:14.890,1.1317,1.13175,1.12,1.50
2016.08.15 14:53:14.941,1.13171,1.13175,1.00,1.00
2016.08.15 14:53:14.992,1.13169,1.13172,2.62,1.00
2016.08.15 14:53:15.043,1.13169,1.13172,1.00,1.00
2016.08.15 14:53:15.094,1.13167,1.1317,1.12,1.00
2016.08.15 14:53:15.145,1.13165,1.13171,4.31,1.00
2016.08.15 14:53:15.196,1.13168,1.1317,1.00,1.50
2016.08.15 14:53:15.530,1.1317,1.13174,1.00,1.00
2016.08.15 14:53:15.581,1.13169,1.13174,1.50,1.00
2016.08.15 14:53:15.632,1.13169,1.13175,1.50,1.87
2016.08.15 14:53:15.683,1.1317,1.13175,1.00,2.25
2016.08.15 14:53:15.734,1.1317,1.13175,1.00,3.37
2016.08.15 14:53:15.785,1.1317,1.13175,1.50,3.37
2016.08.15 14:53:15.836,1.1317,1.13175,1.50,1.50
2016.08.15 14:53:15.887,1.1317,1.13175,1.00,1.00
2016.08.15 14:53:15.989,1.1317,1.13175,1.50,1.50
2016.08.15 14:53:16.192,1.1317,1.13175,1.00,1.00
2016.08.15 14:53:16.243,1.1317,1.13175,1.00,1.50
2016.08.15 14:53:16.293,1.1317,1.13175,1.50,2.25
2016.08.15 14:53:16.344,1.1317,1.13175,1.50,1.50
2016.08.15 14:53:16.686,1.1317,1.13173,1.00,1.00
2016.08.15 14:53:16.990,1.1317,1.13173,1.50,1.00
2016.08.15 14:53:17.411,1.1317,1.13173,1.00,1.00
2016.08.15 14:53:17.475,1.1317,1.13173,1.50,1.00
2016.08.15 14:53:17.589,1.1317,1.13173,1.00,1.00
2016.08.15 14:53:17.691,1.1317,1.13173,1.50,1.00
2016.08.15 14:53:17.812,1.1317,1.13173,1.00,1.00
2016.08.15 14:53:18.432,1.1317,1.13174,1.50,1.00
2016.08.15 14:53:18.535,1.1317,1.13175,2.25,1.00
2016.08.15 14:53:18.586,1.1317,1.13175,2.62,1.50
2016.08.15 14:53:18.638,1.13171,1.13175,1.00,1.00
2016.08.15 14:53:18.794,1.13171,1.13176,1.00,1.50
2016.08.15 14:53:18.897,1.13171,1.13175,1.00,1.00
2016.08.15 14:53:19.575,1.1317,1.13175,2.62,1.00
2016.08.15 14:53:19.729,1.1317,1.13176,1.87,1.50
2016.08.15 14:53:19.781,1.13171,1.13176,1.00,1.50
2016.08.15 14:53:19.832,1.13171,1.13175,1.00,1.00
2016.08.15 14:53:20.238,1.13174,1.13175,1.00,1.00
2016.08.15 14:53:20.494,1.13175,1.13177,1.50,3.00
2016.08.15 14:53:20.546,1.13177,1.13178,1.00,1.12
2016.08.15 14:53:20.599,1.13179,1.1318,1.00,1.12
2016.08.15 14:53:20.701,1.1318,1.13181,1.50,1.12
2016.08.15 14:53:20.752,1.13176,1.13178,2.62,1.12
2016.08.15 14:53:20.803,1.1318,1.13182,1.50,1.12
2016.08.15 14:53:20.854,1.1318,1.13184,1.50,2.62
2016.08.15 14:53:20.905,1.1318,1.13183,1.50,1.00
2016.08.15 14:53:21.394,1.13182,1.13185,1.00,1.04
2016.08.15 14:53:21.445,1.13182,1.13185,1.00,1.04
2016.08.15 14:53:22.022,1.13184,1.13186,1.00,2.91
2016.08.15 14:53:22.075,1.13186,1.1319,1.00,2.54
2016.08.15 14:53:22.126,1.13188,1.13191,1.00,1.79
2016.08.15 14:53:22.177,1.13188,1.13191,1.00,1.41
2016.08.15 14:53:22.228,1.13188,1.13191,1.00,2.54
2016.08.15 14:53:22.330,1.13187,1.13191,1.00,1.41
2016.08.15 14:53:22.618,1.13187,1.13191,1.00,1.29
2016.08.15 14:53:23.128,1.13188,1.13192,1.00,1.41
2016.08.15 14:53:23.179,1.13188,1.13192,1.50,1.41
2016.08.15 14:53:23.230,1.13188,1.13193,1.50,3.36
2016.08.15 14:53:23.281,1.13188,1.13193,1.00,2.54
2016.08.15 14:53:23.332,1.13189,1.13193,1.00,2.16
2016.08.15 14:53:23.383,1.13189,1.13193,1.00,1.29
2016.08.15 14:53:23.694,1.1319,1.13193,1.00,1.29
2016.08.15 14:53:23.899,1.13186,1.13192,1.50,1.29
2016.08.15 14:53:23.950,1.13186,1.13192,1.00,1.29
2016.08.15 14:53:25.336,1.13186,1.1319,1.00,1.00
2016.08.15 14:53:25.438,1.13186,1.1319,1.00,1.50
2016.08.15 14:53:25.691,1.13185,1.13188,1.50,1.00
2016.08.15 14:53:25.742,1.13185,1.13188,1.12,1.00
2016.08.15 14:53:25.844,1.13185,1.13188,1.00,1.00
2016.08.15 14:53:26.447,1.13183,1.13188,2.25,1.00
2016.08.15 14:53:26.550,1.13183,1.13188,1.50,1.00
2016.08.15 14:53:27.189,1.13184,1.13188,1.00,1.00
2016.08.15 14:53:27.351,1.13184,1.13188,1.50,1.00
2016.08.15 14:53:27.933,1.13184,1.1319,1.50,1.00
2016.08.15 14:53:28.035,1.13185,1.13189,1.00,1.00
2016.08.15 14:53:28.137,1.13184,1.13189,1.00,1.00
2016.08.15 14:53:28.343,1.13184,1.13189,1.12,1.00
2016.08.15 14:53:28.395,1.13184,1.13189,1.69,1.00
2016.08.15 14:53:28.446,1.13184,1.13189,1.56,1.00
2016.08.15 14:53:28.498,1.13184,1.13189,1.00,1.00
2016.08.15 14:53:29.043,1.13184,1.13188,1.00,1.00
2016.08.15 14:53:29.862,1.13184,1.13188,1.12,1.00
2016.08.15 14:53:29.963,1.13183,1.13188,1.00,1.00
2016.08.15 14:53:30.955,1.13186,1.1319,1.87,1.50
2016.08.15 14:53:31.006,1.13186,1.1319,1.87,1.00
2016.08.15 14:53:31.057,1.13187,1.1319,1.00,1.00
2016.08.15 14:53:31.260,1.13188,1.13191,1.00,1.00
2016.08.15 14:53:31.653,1.13188,1.13191,1.12,1.00
2016.08.15 14:53:31.857,1.13188,1.13191,1.00,1.00
2016.08.15 14:53:31.959,1.13188,1.13191,1.12,1.00
2016.08.15 14:53:32.168,1.13189,1.13192,1.00,1.00
2016.08.15 14:53:32.561,1.13189,1.13192,1.50,1.00
2016.08.15 14:53:32.663,1.13189,1.13195,2.25,4.87
2016.08.15 14:53:32.714,1.13192,1.13195,1.00,4.12
2016.08.15 14:53:32.792,1.13192,1.13195,1.00,3.00
2016.08.15 14:53:32.843,1.13193,1.13195,1.00,1.00
2016.08.15 14:53:32.946,1.13192,1.13196,1.50,1.00
2016.08.15 14:53:33.049,1.13192,1.13194,1.00,1.00
2016.08.15 14:53:33.100,1.13191,1.13194,1.00,1.00
2016.08.15 14:53:33.688,1.13191,1.13196,1.00,1.00
2016.08.15 14:53:34.268,1.13191,1.13195,1.50,1.00
2016.08.15 14:53:34.740,1.13192,1.13196,1.00,1.50
2016.08.15 14:53:34.792,1.13192,1.13196,1.00,1.00
2016.08.15 14:53:35.163,1.13192,1.13196,1.12,1.00
2016.08.15 14:53:35.265,1.13192,1.13196,1.00,1.00
2016.08.15 14:53:36.192,1.13193,1.13196,1.00,1.00
2016.08.15 14:53:37.280,1.13195,1.13198,1.00,1.87
2016.08.15 14:53:37.933,1.13195,1.13198,1.00,2.62
2016.08.15 14:53:38.231,1.13195,1.13198,1.00,3.37
2016.08.15 14:53:38.678,1.13196,1.132,1.00,3.37
2016.08.15 14:53:38.731,1.13197,1.132,1.00,2.25
2016.08.15 14:53:38.938,1.13197,1.132,1.00,1.50
2016.08.15 14:53:39.040,1.13198,1.13201,1.00,2.25
2016.08.15 14:53:39.242,1.13198,1.13202,1.00,1.87
2016.08.15 14:53:39.293,1.13199,1.13202,1.00,1.75
2016.08.15 14:53:39.418,1.13198,1.13202,1.00,2.25
2016.08.15 14:53:39.672,1.13199,1.13202,1.00,1.79
2016.08.15 14:53:39.723,1.13198,1.13202,1.00,1.04
2016.08.15 14:53:39.774,1.13197,1.132,1.00,1.60
2016.08.15 14:53:39.826,1.13195,1.132,1.00,1.64
2016.08.15 14:53:39.877,1.13195,1.13199,1.50,1.00
2016.08.15 14:53:39.928,1.13195,1.13199,1.00,1.00
2016.08.15 14:53:39.979,1.13194,1.13199,1.50,1.87
2016.08.15 14:53:40.081,1.13194,1.13198,1.50,1.00
2016.08.15 14:53:40.183,1.13195,1.13198,1.00,1.00
2016.08.15 14:53:40.337,1.13194,1.13198,1.50,1.00
2016.08.15 14:53:40.439,1.13194,1.13197,1.50,1.04
2016.08.15 14:53:40.977,1.13194,1.13198,1.50,3.66
2016.08.15 14:53:41.139,1.13195,1.13198,1.00,3.66
2016.08.15 14:53:41.391,1.13195,1.13198,1.00,2.91
2016.08.15 14:53:41.442,1.13194,1.13197,1.00,1.04
2016.08.15 14:53:41.493,1.13194,1.13198,1.00,2.91
2016.08.15 14:53:41.544,1.13194,1.13198,1.50,2.91
2016.08.15 14:53:41.595,1.13194,1.13198,1.50,3.66
2016.08.15 14:53:41.645,1.13195,1.13198,1.00,3.66
2016.08.15 14:53:41.842,1.13194,1.13197,1.00,1.04
2016.08.15 14:53:41.945,1.13194,1.13197,1.00,1.00
2016.08.15 14:53:44.495,1.13195,1.13197,1.00,1.00
2016.08.15 14:53:44.546,1.13195,1.13197,1.00,1.50
2016.08.15 14:53:44.905,1.13194,1.13197,1.50,1.79
2016.08.15 14:53:44.956,1.13195,1.13197,1.00,1.79
2016.08.15 14:53:45.549,1.13195,1.13197,1.00,2.54
2016.08.15 14:53:45.855,1.13194,1.13197,1.50,2.54
2016.08.15 14:53:46.274,1.13195,1.13197,1.50,1.29
2016.08.15 14:53:46.426,1.13195,1.13199,1.50,3.74
2016.08.15 14:53:46.477,1.13195,1.13199,1.50,2.62
2016.08.15 14:53:46.528,1.13197,1.13199,1.00,1.00
2016.08.15 14:53:46.579,1.13198,1.132,1.00,1.87
2016.08.15 14:53:46.630,1.132,1.13202,1.00,2.70
2016.08.15 14:53:46.681,1.13201,1.13203,1.00,1.50
2016.08.15 14:53:46.732,1.13202,1.13204,1.00,1.37
2016.08.15 14:53:46.833,1.13202,1.13204,1.00,1.12
2016.08.15 14:53:47.087,1.13201,1.13205,1.00,3.00
2016.08.15 14:53:47.138,1.13201,1.13205,1.00,1.79
2016.08.15 14:53:47.190,1.13201,1.13204,1.00,1.04
2016.08.15 14:53:47.292,1.13201,1.13203,1.00,1.00
2016.08.15 14:53:47.701,1.13201,1.13204,1.00,2.25
2016.08.15 14:53:48.250,1.13201,1.13204,1.00,1.00
2016.08.15 14:53:48.316,1.13202,1.13205,1.00,1.87
2016.08.15 14:53:48.470,1.13202,1.13205,1.00,1.12
2016.08.15 14:53:48.729,1.13201,1.13206,1.50,1.00
2016.08.15 14:53:48.781,1.13201,1.13206,1.50,1.50
2016.08.15 14:53:48.832,1.13201,1.13206,1.00,1.87
2016.08.15 14:53:49.096,1.13201,1.13206,1.00,1.12
2016.08.15 14:53:49.309,1.13201,1.13206,1.50,1.12
2016.08.15 14:53:49.360,1.13204,1.13207,1.00,4.31
2016.08.15 14:53:49.411,1.13204,1.13207,1.00,3.94
2016.08.15 14:53:49.462,1.13204,1.13207,1.00,3.56
2016.08.15 14:53:50.164,1.13204,1.13207,1.00,3.19
2016.08.15 14:53:50.215,1.13204,1.13207,1.00,1.00
2016.08.15 14:53:50.461,1.13204,1.13207,1.00,1.12
2016.08.15 14:53:52.649,1.13204,1.13207,1.00,1.50
2016.08.15 14:53:52.700,1.13204,1.13207,1.00,2.62
2016.08.15 14:53:52.861,1.13202,1.13207,1.00,1.87
2016.08.15 14:53:53.528,1.13202,1.13207,1.00,1.00
2016.08.15 14:53:53.913,1.13203,1.13207,1.00,1.00
2016.08.15 14:53:53.981,1.13205,1.13207,1.00,1.00
2016.08.15 14:53:54.032,1.13205,1.13208,1.00,3.00
2016.08.15 14:53:54.727,1.13205,1.13208,1.00,2.62
2016.08.15 14:53:55.064,1.13203,1.13208,1.00,3.37
2016.08.15 14:53:55.368,1.13204,1.13208,1.00,1.87
2016.08.15 14:53:55.419,1.13205,1.13208,1.00,1.12
2016.08.15 14:53:55.470,1.13205,1.13209,1.50,1.12
2016.08.15 14:53:55.521,1.13205,1.1321,1.50,6.36
2016.08.15 14:53:55.571,1.13205,1.1321,1.50,5.61
2016.08.15 14:53:55.622,1.13207,1.1321,1.00,4.79
2016.08.15 14:53:56.141,1.13207,1.1321,1.00,2.54
2016.08.15 14:53:56.192,1.13207,1.1321,1.00,2.62
2016.08.15 14:53:56.243,1.13205,1.1321,1.50,2.25
2016.08.15 14:53:56.345,1.13206,1.13209,1.00,1.00
2016.08.15 14:53:56.498,1.13205,1.1321,1.00,1.87
2016.08.15 14:53:56.549,1.13204,1.13206,1.00,1.00
2016.08.15 14:53:56.600,1.13205,1.13208,1.00,2.10
2016.08.15 14:53:56.651,1.13203,1.13208,1.00,2.39
2016.08.15 14:53:56.703,1.13203,1.13206,1.00,1.00
2016.08.15 14:53:57.033,1.13205,1.13208,1.00,2.10
2016.08.15 14:53:57.087,1.13205,1.13208,1.50,1.00
2016.08.15 14:53:57.191,1.13205,1.13209,1.50,1.50
2016.08.15 14:53:57.445,1.13205,1.13209,1.50,1.00
2016.08.15 14:53:57.496,1.13205,1.13209,1.50,1.50
2016.08.15 14:53:57.599,1.13205,1.13209,1.50,1.00
2016.08.15 14:53:57.650,1.13206,1.1321,1.00,5.25
2016.08.15 14:53:57.701,1.13206,1.1321,1.00,4.50
2016.08.15 14:53:57.752,1.13206,1.1321,1.00,3.37
2016.08.15 14:53:58.002,1.13206,1.1321,1.00,3.00
2016.08.15 14:53:58.070,1.13206,1.1321,1.00,3.29
2016.08.15 14:53:58.121,1.13206,1.1321,1.00,2.54
2016.08.15 14:53:58.375,1.13206,1.13209,1.00,1.00
2016.08.15 14:53:58.426,1.13206,1.13209,1.00,1.50
2016.08.15 14:53:58.477,1.13206,1.13209,1.00,2.10
2016.08.15 14:53:58.885,1.13206,1.13209,1.00,2.25
2016.08.15 14:53:59.292,1.13206,1.13209,1.00,2.62
2016.08.15 14:53:59.713,1.13206,1.13209,1.00,1.87
2016.08.15 14:53:59.765,1.13206,1.13209,1.00,2.16
2016.08.15 14:54:00.051,1.13206,1.13209,1.00,1.79
2016.08.15 14:54:00.102,1.13205,1.13209,1.50,1.04
2016.08.15 14:54:00.153,1.13206,1.13209,1.00,1.00
2016.08.15 14:54:00.255,1.13206,1.1321,1.00,3.29
2016.08.15 14:54:00.408,1.13206,1.1321,1.00,4.04
2016.08.15 14:54:00.510,1.13205,1.13209,1.00,2.10
2016.08.15 14:54:00.561,1.13204,1.13209,1.00,2.10
2016.08.15 14:54:00.612,1.13205,1.13209,1.00,2.85
2016.08.15 14:54:00.764,1.13204,1.13209,1.00,2.25
2016.08.15 14:54:01.216,1.13205,1.13208,1.50,1.00
2016.08.15 14:54:01.267,1.13205,1.13208,1.00,1.00
2016.08.15 14:54:01.438,1.13205,1.13208,1.50,1.00
2016.08.15 14:54:01.496,1.13205,1.13208,1.00,1.00
2016.08.15 14:54:01.597,1.13205,1.13208,1.50,1.00
2016.08.15 14:54:01.699,1.13205,1.13208,1.00,1.00
2016.08.15 14:54:01.800,1.13205,1.13208,1.50,1.00
2016.08.15 14:54:01.851,1.13205,1.13208,1.50,1.50
2016.08.15 14:54:02.054,1.13205,1.13208,1.50,1.04
2016.08.15 14:54:02.206,1.13205,1.13208,1.00,1.04
2016.08.15 14:54:02.442,1.13205,1.13208,1.50,1.04
2016.08.15 14:54:02.493,1.13205,1.13208,1.50,1.50
2016.08.15 14:54:02.544,1.13205,1.13208,1.00,1.50
2016.08.15 14:54:02.595,1.13205,1.13208,1.00,1.79
2016.08.15 14:54:02.646,1.13205,1.13208,1.50,1.79
2016.08.15 14:54:02.965,1.13205,1.13208,1.50,2.54
2016.08.15 14:54:03.015,1.13205,1.13208,1.00,2.54
2016.08.15 14:54:03.141,1.13205,1.13208,1.50,2.54
2016.08.15 14:54:03.852,1.13205,1.13208,1.50,1.79
2016.08.15 14:54:04.066,1.13205,1.13208,1.00,1.79
2016.08.15 14:54:04.118,1.13206,1.1321,1.00,4.04
2016.08.15 14:54:04.169,1.13206,1.1321,1.00,1.29
2016.08.15 14:54:04.272,1.13207,1.13211,1.00,2.31
2016.08.15 14:54:04.323,1.13207,1.13211,1.00,1.49
2016.08.15 14:54:04.375,1.13207,1.13211,1.00,1.39
2016.08.15 14:54:04.676,1.13207,1.13211,1.00,1.29
2016.08.15 14:54:04.727,1.13206,1.13212,1.00,7.04
2016.08.15 14:54:04.778,1.13206,1.13212,1.00,5.81
2016.08.15 14:54:04.829,1.13206,1.1321,1.00,1.37
2016.08.15 14:54:04.880,1.13207,1.1321,1.00,1.87
2016.08.15 14:54:05.315,1.13207,1.1321,1.00,2.62
2016.08.15 14:54:05.366,1.13206,1.1321,1.00,3.37
2016.08.15 14:54:05.418,1.13206,1.13209,1.00,1.87
2016.08.15 14:54:05.571,1.13206,1.13209,1.00,4.87
2016.08.15 14:54:05.622,1.13205,1.13208,1.00,1.37
2016.08.15 14:54:05.674,1.13204,1.13208,1.00,1.37
2016.08.15 14:54:05.725,1.13205,1.13207,1.00,1.37
2016.08.15 14:54:05.979,1.13205,1.13207,1.00,4.12
2016.08.15 14:54:06.255,1.13204,1.13207,2.25,1.00
2016.08.15 14:54:06.312,1.13207,1.13209,1.00,1.12
2016.08.15 14:54:06.363,1.13207,1.1321,1.00,1.50
2016.08.15 14:54:06.414,1.13208,1.13211,1.00,3.94
2016.08.15 14:54:06.466,1.13207,1.13211,1.00,3.19
2016.08.15 14:54:06.517,1.13207,1.13211,1.00,2.44
2016.08.15 14:54:06.568,1.13207,1.13211,1.00,1.50
2016.08.15 14:54:06.620,1.13207,1.13211,1.00,1.37
2016.08.15 14:54:06.960,1.13207,1.1321,1.00,1.00
2016.08.15 14:54:07.265,1.13209,1.13213,1.00,1.57
2016.08.15 14:54:07.316,1.1321,1.13213,1.00,1.00
2016.08.15 14:54:07.367,1.1321,1.13214,1.00,1.50
2016.08.15 14:54:07.681,1.13213,1.13216,1.00,1.00
2016.08.15 14:54:08.188,1.13212,1.13216,1.00,1.00
2016.08.15 14:54:08.994,1.13211,1.13215,1.50,1.00
2016.08.15 14:54:09.045,1.13211,1.13215,1.50,1.50
2016.08.15 14:54:09.215,1.13211,1.13215,1.00,1.50
2016.08.15 14:54:09.563,1.13212,1.13215,1.00,1.00
2016.08.15 14:54:09.614,1.13213,1.13217,1.00,1.87
2016.08.15 14:54:09.665,1.13213,1.13217,1.00,1.00
2016.08.15 14:54:09.818,1.13213,1.13218,1.00,1.00
2016.08.15 14:54:09.869,1.13215,1.13218,1.00,1.00
2016.08.15 14:54:10.388,1.13214,1.13219,1.00,1.00
2016.08.15 14:54:10.490,1.13215,1.1322,1.00,1.50
2016.08.15 14:54:10.542,1.13215,1.1322,1.00,1.50
2016.08.15 14:54:10.592,1.13216,1.1322,1.00,1.50
2016.08.15 14:54:10.823,1.13216,1.1322,1.00,1.00
2016.08.15 14:54:11.506,1.13215,1.13219,1.50,1.00
2016.08.15 14:54:11.811,1.13215,1.1322,1.50,2.62
2016.08.15 14:54:11.862,1.13215,1.13219,1.50,1.00
2016.08.15 14:54:11.971,1.13216,1.13219,1.00,1.00
2016.08.15 14:54:12.073,1.13215,1.1322,1.50,1.50
2016.08.15 14:54:12.124,1.13216,1.1322,1.00,1.00
2016.08.15 14:54:12.408,1.13216,1.13221,1.00,1.50
2016.08.15 14:54:12.459,1.13216,1.1322,1.00,1.00
2016.08.15 14:54:12.561,1.13217,1.1322,1.00,1.50
2016.08.15 14:54:12.869,1.13217,1.1322,1.00,1.00
2016.08.15 14:54:13.069,1.13217,1.1322,1.00,1.50
2016.08.15 14:54:13.414,1.13218,1.1322,1.00,1.00
2016.08.15 14:54:13.468,1.13218,1.13221,1.00,1.00
2016.08.15 14:54:13.519,1.13217,1.13223,1.00,1.50
2016.08.15 14:54:13.570,1.13217,1.13223,1.00,1.00
2016.08.15 14:54:14.518,1.13218,1.13223,1.00,1.00
2016.08.15 14:54:14.574,1.1322,1.13224,1.00,1.50
2016.08.15 14:54:14.680,1.13219,1.13224,1.50,1.50
2016.08.15 14:54:14.981,1.13219,1.13224,1.50,1.00
2016.08.15 14:54:15.038,1.1322,1.13225,1.50,1.50
2016.08.15 14:54:15.090,1.13221,1.13224,1.00,1.00
2016.08.15 14:54:15.142,1.13221,1.13225,1.00,1.50
2016.08.15 14:54:15.561,1.1322,1.13225,1.00,1.00
2016.08.15 14:54:15.676,1.1322,1.13225,1.00,1.50
2016.08.15 14:54:15.778,1.1322,1.13225,1.50,3.00
2016.08.15 14:54:16.037,1.1322,1.13225,1.00,2.62
2016.08.15 14:54:16.417,1.13217,1.13222,1.00,1.00
2016.08.15 14:54:16.779,1.13219,1.13223,1.00,1.50
2016.08.15 14:54:17.241,1.13218,1.13221,1.00,1.00
2016.08.15 14:54:17.597,1.13218,1.13224,1.00,1.00
2016.08.15 14:54:17.648,1.13219,1.13222,1.00,1.00
2016.08.15 14:54:18.234,1.13218,1.13222,1.00,1.00
2016.08.15 14:54:18.489,1.13218,1.13222,1.00,1.12
2016.08.15 14:54:18.737,1.13217,1.13221,1.00,1.00
2016.08.15 14:54:19.121,1.13219,1.13223,1.00,1.87
2016.08.15 14:54:19.172,1.1322,1.13223,1.00,1.12
2016.08.15 14:54:19.223,1.1322,1.13224,1.00,1.87
2016.08.15 14:54:19.274,1.13221,1.13224,1.00,1.00
2016.08.15 14:54:19.325,1.13222,1.13225,1.00,1.12
2016.08.15 14:54:19.376,1.13222,1.13225,1.00,1.00
2016.08.15 14:54:19.427,1.13222,1.13226,1.00,1.87
2016.08.15 14:54:19.478,1.13222,1.13226,1.00,1.12
2016.08.15 14:54:19.529,1.13222,1.13226,1.00,1.00
2016.08.15 14:54:19.580,1.13222,1.13226,1.00,1.00
2016.08.15 14:54:19.988,1.13222,1.13226,1.00,1.12
2016.08.15 14:54:20.090,1.13223,1.13226,1.00,1.87
2016.08.15 14:54:20.141,1.13222,1.13226,1.00,3.22
2016.08.15 14:54:20.192,1.13221,1.13224,1.87,1.12
2016.08.15 14:54:20.244,1.13221,1.13224,1.87,1.00
2016.08.15 14:54:20.550,1.13221,1.13224,1.00,1.00
2016.08.15 14:54:20.854,1.13224,1.13226,1.00,1.00
2016.08.15 14:54:21.092,1.13224,1.13226,1.00,1.00
2016.08.15 14:54:21.150,1.13223,1.13226,1.00,1.00
2016.08.15 14:54:21.319,1.13223,1.13228,1.00,5.62
2016.08.15 14:54:22.104,1.13223,1.13227,1.00,1.00
2016.08.15 14:54:22.155,1.13223,1.13227,1.00,1.50
2016.08.15 14:54:22.256,1.13223,1.13227,1.00,1.87
2016.08.15 14:54:22.307,1.13223,1.13227,1.00,2.25
2016.08.15 14:54:22.358,1.13223,1.13227,1.00,1.50
2016.08.15 14:54:22.510,1.13222,1.13227,1.00,2.25
2016.08.15 14:54:22.931,1.13222,1.13226,1.00,2.62
2016.08.15 14:54:22.999,1.13221,1.13225,1.00,2.25
2016.08.15 14:54:23.106,1.13223,1.13225,1.00,1.00
2016.08.15 14:54:23.157,1.13224,1.13226,1.00,1.87
2016.08.15 14:54:23.208,1.13225,1.13227,1.00,4.12
2016.08.15 14:54:23.259,1.13225,1.13227,1.00,2.25
2016.08.15 14:54:23.563,1.13224,1.13227,1.50,2.25
2016.08.15 14:54:23.910,1.13224,1.13227,1.50,4.12
2016.08.15 14:54:23.961,1.1322,1.13225,2.25,1.00
2016.08.15 14:54:24.013,1.13221,1.13225,1.00,1.00
2016.08.15 14:54:24.218,1.1322,1.13223,1.00,1.50
2016.08.15 14:54:24.268,1.13219,1.13223,1.00,1.50
2016.08.15 14:54:24.319,1.13219,1.13223,1.00,2.25
2016.08.15 14:54:24.370,1.13219,1.13223,1.00,3.00
2016.08.15 14:54:25.035,1.1322,1.13223,1.00,3.00
2016.08.15 14:54:25.091,1.1322,1.13223,1.00,1.50
2016.08.15 14:54:25.142,1.1322,1.13223,1.00,1.00
2016.08.15 14:54:25.194,1.13216,1.13222,1.00,1.50
2016.08.15 14:54:25.245,1.13218,1.13221,1.00,1.00
2016.08.15 14:54:25.296,1.13218,1.13221,1.00,1.50
2016.08.15 14:54:25.940,1.1322,1.13223,1.00,1.87
2016.08.15 14:54:25.991,1.1322,1.13223,1.50,1.00
2016.08.15 14:54:26.042,1.1322,1.13224,1.50,2.25
2016.08.15 14:54:26.093,1.1322,1.13224,1.00,2.25
2016.08.15 14:54:26.206,1.1322,1.13224,1.50,2.25
2016.08.15 14:54:26.308,1.1322,1.13224,1.50,2.62
2016.08.15 14:54:26.415,1.1322,1.13224,1.00,2.62
2016.08.15 14:54:26.466,1.1322,1.13224,1.50,2.62
2016.08.15 14:54:27.000,1.1322,1.13224,1.00,2.25
2016.08.15 14:54:27.051,1.1322,1.13224,1.50,1.50
2016.08.15 14:54:27.204,1.1322,1.13224,1.00,1.50
2016.08.15 14:54:27.256,1.1322,1.13224,1.00,1.00
2016.08.15 14:54:27.307,1.1322,1.13224,1.50,1.00
2016.08.15 14:54:27.409,1.1322,1.13224,1.00,1.00
2016.08.15 14:54:27.613,1.13221,1.13225,1.00,2.25
2016.08.15 14:54:27.664,1.13221,1.13225,1.00,1.50
2016.08.15 14:54:27.715,1.13221,1.13225,1.00,1.00
2016.08.15 14:54:28.680,1.13222,1.13225,1.00,1.00
2016.08.15 14:54:29.346,1.13222,1.13226,1.00,1.00
2016.08.15 14:54:31.115,1.13222,1.13225,1.00,1.00
2016.08.15 14:54:31.217,1.13222,1.13225,1.00,1.50
2016.08.15 14:54:31.631,1.1322,1.13224,1.50,1.00
2016.08.15 14:54:31.897,1.1322,1.13225,1.50,1.50
2016.08.15 14:54:31.949,1.1322,1.13225,1.00,1.50
2016.08.15 14:54:32.107,1.1322,1.13225,1.00,1.00
2016.08.15 14:54:32.158,1.13219,1.13225,1.50,1.00
2016.08.15 14:54:32.209,1.1322,1.13225,1.00,2.25
2016.08.15 14:54:32.319,1.13219,1.13225,1.50,1.50
2016.08.15 14:54:32.370,1.1322,1.13225,1.00,1.50
2016.08.15 14:54:32.522,1.1322,1.13225,1.50,2.25
2016.08.15 14:54:33.822,1.1322,1.13225,1.00,1.00
2016.08.15 14:54:33.883,1.1322,1.13225,1.50,1.50
2016.08.15 14:54:34.380,1.13223,1.13227,1.00,1.87
2016.08.15 14:54:34.435,1.13224,1.13227,1.00,1.00
2016.08.15 14:54:34.690,1.13224,1.13227,1.00,1.50
2016.08.15 14:54:35.148,1.13223,1.13227,1.00,2.25
2016.08.15 14:54:35.435,1.13223,1.13227,1.00,2.62
2016.08.15 14:54:36.315,1.13223,1.13227,1.00,3.00
2016.08.15 14:54:37.025,1.13222,1.13227,1.00,3.00
2016.08.15 14:54:37.126,1.13222,1.13227,1.00,2.62
2016.08.15 14:54:37.329,1.13224,1.13227,1.00,2.25
2016.08.15 14:54:37.380,1.13224,1.13227,1.00,1.50
2016.08.15 14:54:37.651,1.13224,1.13227,1.00,1.00
2016.08.15 14:54:37.702,1.13222,1.13226,1.00,1.75
2016.08.15 14:54:37.756,1.13222,1.13226,1.00,1.12
2016.08.15 14:54:38.348,1.13221,1.13226,1.00,1.12
2016.08.15 14:54:38.399,1.13221,1.13226,1.00,1.00
2016.08.15 14:54:38.450,1.13221,1.13227,1.00,1.12
2016.08.15 14:54:39.069,1.13222,1.13225,1.00,1.00
2016.08.15 14:54:39.369,1.13221,1.13225,1.00,1.37
2016.08.15 14:54:39.574,1.1322,1.13222,1.00,1.00
2016.08.15 14:54:40.495,1.13219,1.13222,1.00,1.50
2016.08.15 14:54:40.547,1.13216,1.1322,1.87,1.87
2016.08.15 14:54:40.599,1.13216,1.1322,1.12,1.87
2016.08.15 14:54:40.650,1.13215,1.13218,1.50,1.00
2016.08.15 14:54:40.702,1.13215,1.13219,1.00,1.12
2016.08.15 14:54:40.805,1.13215,1.13217,1.00,1.00
2016.08.15 14:54:40.858,1.13215,1.13218,1.50,1.00
2016.08.15 14:54:40.910,1.13215,1.13219,1.00,1.12
2016.08.15 14:54:40.962,1.13216,1.1322,1.00,5.25
2016.08.15 14:54:41.014,1.13215,1.13218,1.50,1.00
2016.08.15 14:54:41.295,1.13214,1.13215,1.25,1.00
2016.08.15 14:54:41.347,1.13212,1.13216,1.31,3.37
2016.08.15 14:54:41.398,1.13212,1.13216,2.06,3.37
2016.08.15 14:54:41.450,1.13212,1.13216,2.06,1.50
2016.08.15 14:54:41.501,1.13212,1.13214,2.06,1.00
2016.08.15 14:54:41.578,1.13212,1.13213,1.31,1.00
2016.08.15 14:54:41.629,1.13212,1.13216,1.31,1.50
2016.08.15 14:54:41.682,1.13212,1.13213,1.12,1.00
2016.08.15 14:54:41.734,1.1321,1.13213,2.25,1.00
2016.08.15 14:54:42.027,1.1321,1.13213,1.12,1.87
2016.08.15 14:54:42.078,1.13208,1.13212,1.00,1.00
2016.08.15 14:54:42.559,1.13208,1.13212,1.50,1.00
2016.08.15 14:54:42.711,1.13208,1.13213,1.50,1.87
2016.08.15 14:54:43.014,1.13208,1.1321,1.50,1.00
2016.08.15 14:54:43.090,1.13208,1.1321,1.00,1.50
2016.08.15 14:54:43.356,1.13207,1.1321,1.50,1.00
2016.08.15 14:54:43.459,1.13207,1.1321,1.00,1.50
2016.08.15 14:54:44.013,1.13207,1.1321,1.00,1.00
2016.08.15 14:54:44.115,1.13207,1.1321,1.00,1.50
2016.08.15 14:54:44.389,1.13207,1.1321,1.00,2.25
2016.08.15 14:54:44.443,1.13204,1.13206,1.50,1.00
2016.08.15 14:54:44.494,1.13204,1.13206,1.00,1.00
2016.08.15 14:54:44.545,1.13203,1.13206,1.50,1.00
2016.08.15 14:54:44.596,1.13203,1.13206,1.00,1.00
2016.08.15 14:54:44.647,1.13202,1.13205,1.50,1.00
2016.08.15 14:54:44.698,1.13202,1.13205,1.00,1.00
2016.08.15 14:54:44.750,1.13202,1.13205,1.00,1.50
2016.08.15 14:54:44.983,1.13202,1.13205,1.00,1.00
2016.08.15 14:54:45.034,1.13201,1.13205,1.87,1.50
2016.08.15 14:54:45.084,1.13201,1.13204,1.50,1.00
2016.08.15 14:54:46.472,1.13202,1.13205,1.12,1.00
2016.08.15 14:54:46.523,1.13203,1.13207,1.00,3.37
2016.08.15 14:54:46.574,1.13203,1.13207,1.50,1.00
2016.08.15 14:54:46.625,1.13204,1.13208,1.50,3.37
2016.08.15 14:54:46.676,1.13204,1.13208,1.50,1.00
2016.08.15 14:54:47.068,1.13204,1.13208,2.25,1.00
2016.08.15 14:54:47.169,1.13204,1.13208,1.50,1.00
2016.08.15 14:54:47.220,1.13204,1.13207,1.00,1.00
2016.08.15 14:54:48.204,1.13204,1.13207,1.50,1.00
2016.08.15 14:54:48.356,1.13204,1.13207,1.00,1.00
2016.08.15 14:54:48.719,1.13203,1.13206,1.00,1.00
2016.08.15 14:54:48.770,1.13204,1.13206,1.00,1.00
2016.08.15 14:54:49.057,1.13202,1.13205,1.00,2.40
2016.08.15 14:54:49.140,1.13201,1.13203,1.00,1.00
2016.08.15 14:54:49.243,1.132,1.13205,1.50,3.52
2016.08.15 14:54:49.366,1.132,1.13205,1.00,2.77
2016.08.15 14:54:49.469,1.132,1.13205,1.50,3.52
2016.08.15 14:54:49.520,1.132,1.13204,1.50,1.00
2016.08.15 14:54:49.571,1.132,1.13204,1.00,1.00
2016.08.15 14:54:49.879,1.132,1.13203,1.50,1.00
2016.08.15 14:54:50.134,1.132,1.13203,1.00,1.00
2016.08.15 14:54:51.029,1.13202,1.13204,1.00,1.00
2016.08.15 14:54:51.080,1.132,1.13204,1.50,1.00
2016.08.15 14:54:51.182,1.132,1.13203,1.00,1.50
2016.08.15 14:54:51.233,1.13199,1.13203,1.00,1.50
2016.08.15 14:54:51.284,1.13198,1.13202,1.00,1.00
2016.08.15 14:54:51.335,1.13198,1.132,1.00,1.50
2016.08.15 14:54:51.437,1.13197,1.13199,1.00,1.00
2016.08.15 14:54:51.737,1.13195,1.13199,1.00,1.87
2016.08.15 14:54:51.788,1.13193,1.13197,1.00,1.00
2016.08.15 14:54:52.326,1.13193,1.13199,1.00,2.62
2016.08.15 14:54:52.499,1.13194,1.13197,1.00,1.00
2016.08.15 14:54:53.166,1.13194,1.13198,1.00,1.00
2016.08.15 14:54:53.471,1.13195,1.13198,1.50,1.00
2016.08.15 14:54:53.572,1.13195,1.13199,1.00,1.00
2016.08.15 14:54:53.840,1.13195,1.13199,1.50,1.87
2016.08.15 14:54:53.897,1.13196,1.13199,1.00,1.12
2016.08.15 14:54:53.975,1.13196,1.132,1.00,1.87
2016.08.15 14:54:54.048,1.13196,1.132,1.00,1.50
2016.08.15 14:54:54.151,1.13197,1.13201,1.00,1.00
2016.08.15 14:54:54.661,1.13197,1.13202,1.00,1.20
2016.08.15 14:54:54.712,1.13197,1.13203,1.00,1.50
2016.08.15 14:54:54.865,1.13197,1.13203,1.00,1.00
2016.08.15 14:54:55.410,1.13198,1.13201,1.00,1.00
2016.08.15 14:54:56.024,1.13197,1.13202,1.50,1.00
2016.08.15 14:54:56.397,1.13198,1.13202,1.00,1.00
2016.08.15 14:54:56.885,1.13199,1.13205,1.00,4.57
2016.08.15 14:54:56.936,1.13199,1.13204,1.50,1.00
2016.08.15 14:54:56.987,1.132,1.13204,1.00,1.00
2016.08.15 14:54:57.038,1.132,1.13204,1.00,1.50
2016.08.15 14:54:57.140,1.132,1.13204,1.50,1.00
2016.08.15 14:54:57.294,1.13201,1.13205,1.00,3.82
2016.08.15 14:54:57.345,1.13201,1.13205,1.00,2.70
2016.08.15 14:54:57.396,1.13201,1.13205,1.00,1.20
2016.08.15 14:54:58.048,1.13201,1.13205,1.00,1.12
2016.08.15 14:54:58.252,1.13201,1.13205,1.00,1.00
2016.08.15 14:54:59.726,1.13203,1.13206,1.00,2.02
2016.08.15 14:55:00.004,1.13205,1.13208,1.50,1.50
2016.08.15 14:55:00.055,1.13205,1.13209,1.50,1.00
2016.08.15 14:55:00.106,1.13205,1.13208,1.50,1.50
2016.08.15 14:55:00.157,1.13205,1.13208,1.00,1.50
2016.08.15 14:55:00.208,1.13205,1.13208,1.00,1.00
2016.08.15 14:55:00.310,1.13205,1.13208,1.50,1.00
2016.08.15 14:55:00.411,1.13205,1.13208,1.00,1.00
2016.08.15 14:55:00.614,1.13205,1.13209,1.50,1.00
2016.08.15 14:55:01.386,1.13205,1.13209,1.00,1.00
2016.08.15 14:55:01.502,1.13203,1.13209,1.50,1.00
2016.08.15 14:55:01.955,1.13204,1.1321,1.00,1.50
2016.08.15 14:55:02.218,1.13205,1.1321,1.00,1.50
2016.08.15 14:55:02.321,1.13205,1.1321,1.50,1.00
2016.08.15 14:55:02.373,1.13205,1.13209,1.50,1.00
2016.08.15 14:55:02.525,1.13206,1.13209,1.00,1.00
2016.08.15 14:55:02.627,1.13205,1.1321,1.50,1.00
2016.08.15 14:55:02.678,1.13205,1.13211,1.50,3.00
2016.08.15 14:55:03.208,1.13205,1.13211,1.50,2.25
2016.08.15 14:55:03.279,1.13206,1.1321,1.00,1.87
2016.08.15 14:55:03.330,1.13206,1.13212,1.00,4.65
2016.08.15 14:55:03.493,1.13208,1.13212,1.00,3.90
2016.08.15 14:55:03.595,1.13208,1.13212,1.00,3.15
2016.08.15 14:55:03.646,1.1321,1.13213,1.00,2.62
2016.08.15 14:55:03.697,1.13211,1.13214,1.00,3.00
2016.08.15 14:55:03.748,1.13211,1.13214,1.00,1.87
2016.08.15 14:55:03.799,1.1321,1.13214,1.50,1.12
2016.08.15 14:55:03.851,1.1321,1.13215,1.50,3.00
2016.08.15 14:55:04.136,1.1321,1.13215,1.50,2.25
2016.08.15 14:55:04.834,1.1321,1.13215,1.00,2.25
2016.08.15 14:55:05.130,1.1321,1.13215,1.00,1.50
2016.08.15 14:55:05.234,1.1321,1.13215,1.50,1.50
2016.08.15 14:55:05.337,1.1321,1.13215,1.00,1.50
2016.08.15 14:55:05.547,1.1321,1.13215,1.50,1.50
2016.08.15 14:55:05.695,1.1321,1.13213,1.50,1.00
2016.08.15 14:55:05.798,1.1321,1.13213,1.00,1.00
2016.08.15 14:55:05.849,1.13209,1.13212,1.00,1.00
2016.08.15 14:55:06.360,1.13207,1.13213,1.00,1.00
2016.08.15 14:55:06.868,1.13207,1.13212,1.00,1.00
2016.08.15 14:55:07.297,1.13206,1.1321,1.50,1.00
2016.08.15 14:55:07.348,1.13206,1.1321,1.50,1.50
2016.08.15 14:55:08.057,1.13206,1.1321,1.87,1.50
2016.08.15 14:55:08.841,1.13206,1.1321,1.87,1.00
2016.08.15 14:55:08.892,1.13206,1.1321,1.87,1.50
2016.08.15 14:55:09.096,1.13206,1.1321,1.12,1.50
2016.08.15 14:55:09.147,1.13205,1.1321,3.00,1.50
2016.08.15 14:55:09.198,1.13205,1.1321,2.25,1.50
2016.08.15 14:55:09.299,1.13205,1.13208,2.62,1.00
2016.08.15 14:55:09.351,1.13205,1.13208,1.50,1.00
2016.08.15 14:55:09.503,1.13205,1.13208,1.00,1.00
2016.08.15 14:55:09.656,1.13204,1.13208,1.50,1.00
2016.08.15 14:55:09.707,1.13204,1.13208,1.00,1.00
2016.08.15 14:55:10.248,1.13204,1.13209,1.00,1.00
2016.08.15 14:55:10.299,1.13204,1.13209,1.12,1.00
2016.08.15 14:55:12.117,1.13203,1.13209,2.25,1.00
2016.08.15 14:55:12.168,1.13204,1.13209,1.12,1.00
2016.08.15 14:55:12.254,1.13205,1.13209,1.00,1.00
2016.08.15 14:55:12.587,1.13205,1.13206,1.00,1.50
2016.08.15 14:55:12.668,1.13202,1.13203,1.00,1.00
2016.08.15 14:55:13.053,1.13203,1.13204,1.00,1.50
2016.08.15 14:55:13.155,1.13203,1.13204,1.00,1.00
2016.08.15 14:55:13.207,1.13203,1.13204,1.00,1.50
2016.08.15 14:55:13.258,1.13203,1.13204,1.00,1.00
2016.08.15 14:55:13.309,1.13203,1.13205,1.50,1.00
2016.08.15 14:55:13.411,1.13203,1.13204,1.00,1.00
2016.08.15 14:55:13.960,1.13203,1.13205,1.00,1.00
2016.08.15 14:55:14.011,1.13203,1.13205,1.50,1.00
2016.08.15 14:55:14.113,1.13203,1.13204,1.00,1.00
2016.08.15 14:55:14.215,1.13203,1.13205,1.50,1.50
2016.08.15 14:55:14.266,1.13203,1.13205,1.50,1.00
2016.08.15 14:55:14.599,1.13203,1.13204,1.00,1.00
2016.08.15 14:55:14.751,1.13201,1.13204,1.50,1.00
2016.08.15 14:55:15.088,1.13202,1.13205,1.00,1.50
2016.08.15 14:55:15.292,1.132,1.13203,3.37,1.00
2016.08.15 14:55:15.445,1.132,1.13204,2.62,1.00
2016.08.15 14:55:15.547,1.132,1.13204,3.37,1.00
2016.08.15 14:55:15.598,1.132,1.13204,2.62,1.00
2016.08.15 14:55:15.751,1.13201,1.13204,1.00,1.00
2016.08.15 14:55:15.916,1.132,1.13204,3.37,1.00
2016.08.15 14:55:15.967,1.132,1.13204,3.00,1.00
2016.08.15 14:55:16.018,1.132,1.13204,2.62,1.00
2016.08.15 14:55:16.309,1.13202,1.13205,1.00,1.00
2016.08.15 14:55:16.360,1.13204,1.13205,1.00,1.50
2016.08.15 14:55:16.411,1.13203,1.13205,1.00,1.00
2016.08.15 14:55:16.512,1.13203,1.13205,1.00,1.00
2016.08.15 14:55:16.614,1.13202,1.13205,1.50,1.00
2016.08.15 14:55:16.716,1.13202,1.13206,2.25,1.50
2016.08.15 14:55:16.818,1.13203,1.13206,1.00,1.50
2016.08.15 14:55:16.869,1.13203,1.13206,1.50,1.50
2016.08.15 14:55:16.920,1.13203,1.13206,1.50,1.00
2016.08.15 14:55:17.022,1.13204,1.13206,1.00,1.00
2016.08.15 14:55:17.441,1.13204,1.13208,1.50,1.12
2016.08.15 14:55:17.543,1.13205,1.13207,1.00,1.12
2016.08.15 14:55:17.746,1.13205,1.13206,1.00,1.00
2016.08.15 14:55:17.802,1.13205,1.13206,1.00,1.00
2016.08.15 14:55:17.874,1.13205,1.13207,1.00,1.12
2016.08.15 14:55:18.580,1.13204,1.13205,1.12,2.25
2016.08.15 14:55:18.632,1.13202,1.13204,1.00,1.50
2016.08.15 14:55:18.684,1.13202,1.13203,1.00,1.00
2016.08.15 14:55:18.837,1.132,1.13203,1.00,1.00
2016.08.15 14:55:18.940,1.13199,1.13203,1.00,1.25
2016.08.15 14:55:19.015,1.13199,1.13203,1.00,1.50
2016.08.15 14:55:19.066,1.13198,1.13203,2.25,1.50
2016.08.15 14:55:19.229,1.13198,1.13203,1.50,1.50
2016.08.15 14:55:19.538,1.13197,1.13202,3.00,1.00
2016.08.15 14:55:20.035,1.13199,1.13202,1.00,1.00
2016.08.15 14:55:20.239,1.132,1.13201,1.00,1.00
2016.08.15 14:55:20.556,1.132,1.13203,1.50,1.00
2016.08.15 14:55:20.608,1.132,1.13204,1.50,4.12
2016.08.15 14:55:20.659,1.13201,1.13204,1.50,3.00
2016.08.15 14:55:20.710,1.13201,1.13204,1.50,2.25
2016.08.15 14:55:20.864,1.13201,1.13202,1.00,1.00
2016.08.15 14:55:21.067,1.13201,1.13204,1.00,3.75
2016.08.15 14:55:21.220,1.132,1.13202,1.00,1.00
2016.08.15 14:55:21.606,1.13201,1.13204,1.00,1.00
2016.08.15 14:55:21.657,1.13199,1.13202,1.50,1.00
2016.08.15 14:55:22.271,1.132,1.13204,1.79,1.00
2016.08.15 14:55:22.322,1.13201,1.13204,1.29,1.00
2016.08.15 14:55:22.424,1.132,1.13204,1.79,1.00
2016.08.15 14:55:22.475,1.132,1.13204,1.79,3.00
2016.08.15 14:55:22.577,1.13201,1.13204,1.29,3.00
2016.08.15 14:55:22.827,1.13201,1.13204,1.29,1.00
2016.08.15 14:55:22.878,1.13201,1.13204,1.29,1.50
2016.08.15 14:55:23.375,1.13202,1.13204,1.04,1.00
2016.08.15 14:55:23.426,1.13202,1.13204,1.00,1.00
2016.08.15 14:55:23.477,1.13202,1.13205,1.00,4.31
2016.08.15 14:55:23.528,1.132,1.13203,1.00,1.00
2016.08.15 14:55:23.579,1.13202,1.13204,1.00,2.25
2016.08.15 14:55:23.880,1.13203,1.13204,1.00,1.50
2016.08.15 14:55:23.931,1.13204,1.13207,1.00,1.87
2016.08.15 14:55:23.982,1.13205,1.13207,1.00,1.12
2016.08.15 14:55:24.032,1.13203,1.13207,1.00,1.12
2016.08.15 14:55:24.185,1.13203,1.13206,1.00,1.00
2016.08.15 14:55:24.695,1.13204,1.13207,1.00,1.00
2016.08.15 14:55:25.199,1.13203,1.13206,1.00,1.00
2016.08.15 14:55:26.248,1.13201,1.13207,1.50,1.87
2016.08.15 14:55:26.350,1.13201,1.13207,1.00,1.87
2016.08.15 14:55:26.401,1.13201,1.13207,1.00,1.00
2016.08.15 14:55:26.452,1.13201,1.13207,1.00,1.87
2016.08.15 14:55:27.812,1.13204,1.13207,1.00,1.87
2016.08.15 14:55:27.864,1.13204,1.13207,1.00,1.00
2016.08.15 14:55:27.917,1.13201,1.13207,1.00,1.00
2016.08.15 14:55:28.205,1.13201,1.13205,1.00,1.50
2016.08.15 14:55:28.331,1.13202,1.13205,1.00,1.00
2016.08.15 14:55:28.868,1.13202,1.13206,1.00,1.00
2016.08.15 14:55:30.507,1.13201,1.13206,1.00,1.00
2016.08.15 14:55:30.613,1.13201,1.13205,1.00,1.00
2016.08.15 14:55:30.776,1.13201,1.13204,1.50,1.00
2016.08.15 14:55:30.877,1.13201,1.13205,1.50,1.00
2016.08.15 14:55:30.928,1.13201,1.13207,1.50,1.00
2016.08.15 14:55:30.979,1.13201,1.13207,1.00,1.87
2016.08.15 14:55:31.248,1.13201,1.13207,1.00,3.00
2016.08.15 14:55:31.349,1.13201,1.13207,1.00,3.75
2016.08.15 14:55:31.400,1.13202,1.13205,1.00,1.00
2016.08.15 14:55:35.032,1.13202,1.13205,1.00,1.50
2016.08.15 14:55:35.541,1.13202,1.13205,1.00,1.00
2016.08.15 14:55:35.626,1.13202,1.13205,1.00,1.50
2016.08.15 14:55:35.728,1.132,1.13205,1.50,1.00
2016.08.15 14:55:36.210,1.132,1.13206,1.00,1.50
2016.08.15 14:55:36.261,1.13203,1.13206,1.00,1.00
2016.08.15 14:55:36.730,1.13205,1.13207,1.50,3.75
2016.08.15 14:55:36.782,1.13205,1.13207,1.50,1.87
2016.08.15 14:55:36.833,1.13205,1.13207,1.00,1.12
2016.08.15 14:55:36.884,1.13205,1.13208,1.00,3.07
2016.08.15 14:55:36.986,1.13204,1.13207,1.00,1.00
2016.08.15 14:55:37.037,1.13205,1.13208,1.50,2.32
2016.08.15 14:55:37.088,1.13205,1.13208,1.50,1.87
2016.08.15 14:55:37.386,1.13206,1.13209,1.00,1.25
2016.08.15 14:55:37.468,1.13206,1.1321,1.00,1.95
2016.08.15 14:55:37.621,1.13206,1.1321,1.00,1.57
2016.08.15 14:55:37.824,1.13206,1.1321,1.00,1.10
2016.08.15 14:55:38.697,1.13206,1.13211,1.00,4.20
2016.08.15 14:55:38.799,1.13206,1.13211,1.00,4.57
2016.08.15 14:55:40.490,1.13206,1.13211,1.00,5.32
2016.08.15 14:55:41.067,1.13206,1.13211,1.00,4.57
2016.08.15 14:55:41.445,1.13206,1.13211,1.00,4.20
2016.08.15 14:55:41.496,1.13206,1.1321,1.00,1.20
2016.08.15 14:55:41.707,1.13206,1.1321,1.00,1.57
2016.08.15 14:55:43.028,1.13206,1.13209,1.00,1.00
2016.08.15 14:55:43.370,1.13206,1.1321,1.00,2.32
2016.08.15 14:55:43.881,1.13206,1.1321,1.00,2.70
2016.08.15 14:55:44.220,1.13206,1.1321,1.00,1.95
2016.08.15 14:55:45.151,1.13206,1.1321,1.00,2.32
2016.08.15 14:55:45.202,1.13206,1.13209,1.00,1.12
2016.08.15 14:55:46.311,1.13206,1.1321,1.00,1.87
2016.08.15 14:55:46.414,1.13206,1.1321,1.00,2.62
2016.08.15 14:55:46.938,1.13206,1.1321,1.00,3.37
2016.08.15 14:55:47.041,1.13206,1.13209,1.00,1.00
2016.08.15 14:55:47.143,1.13206,1.1321,1.00,3.37
2016.08.15 14:55:47.194,1.13206,1.1321,1.00,2.25
2016.08.15 14:55:48.199,1.13206,1.13209,1.00,1.00
2016.08.15 14:55:48.533,1.13206,1.1321,1.00,2.25
2016.08.15 14:55:48.596,1.13206,1.1321,1.00,1.50
2016.08.15 14:55:48.749,1.13206,1.13209,1.00,1.00
2016.08.15 14:55:49.060,1.13206,1.1321,1.00,2.25
2016.08.15 14:55:49.325,1.13206,1.1321,1.00,4.87
2016.08.15 14:55:49.395,1.13205,1.13208,1.00,1.00
2016.08.15 14:55:49.549,1.13205,1.13208,1.00,1.12
2016.08.15 14:55:49.763,1.13204,1.13208,1.50,1.12
2016.08.15 14:55:49.813,1.13204,1.13208,1.50,1.87
2016.08.15 14:55:49.864,1.13205,1.13208,1.00,1.87
2016.08.15 14:55:50.751,1.13205,1.13208,1.00,1.50
2016.08.15 14:55:51.200,1.13204,1.13208,1.50,1.50
2016.08.15 14:55:51.251,1.13204,1.13207,1.50,1.00
2016.08.15 14:55:51.302,1.13205,1.13207,1.00,1.00
2016.08.15 14:55:51.910,1.13205,1.13208,1.00,1.50
2016.08.15 14:55:52.414,1.13204,1.13208,1.50,1.50
2016.08.15 14:55:52.469,1.13205,1.13208,1.00,1.50
2016.08.15 14:55:53.047,1.13205,1.13208,1.00,1.00
2016.08.15 14:55:53.098,1.13204,1.13208,1.50,1.00
2016.08.15 14:55:53.149,1.13204,1.13209,1.50,3.52
2016.08.15 14:55:53.200,1.13205,1.13209,1.00,3.52
2016.08.15 14:55:53.302,1.13205,1.13209,1.00,2.77
2016.08.15 14:55:53.620,1.13204,1.13209,1.50,2.77
2016.08.15 14:55:53.672,1.13205,1.13209,1.00,2.77
2016.08.15 14:55:54.063,1.13205,1.13209,1.00,1.65
2016.08.15 14:55:54.114,1.13204,1.13209,1.50,2.40
2016.08.15 14:55:54.387,1.13205,1.13209,1.00,4.65
2016.08.15 14:55:54.438,1.13205,1.13209,1.00,3.90
2016.08.15 14:55:54.622,1.13205,1.13209,1.00,4.27
2016.08.15 14:55:54.673,1.13205,1.13207,1.00,1.12
2016.08.15 14:55:54.724,1.13203,1.13206,1.00,1.87
2016.08.15 14:55:54.776,1.13201,1.13204,1.00,1.00
2016.08.15 14:55:55.476,1.13201,1.13204,1.00,1.12
2016.08.15 14:55:55.977,1.13201,1.13204,1.00,1.00
2016.08.15 14:55:57.921,1.13204,1.13206,1.00,2.25
2016.08.15 14:55:57.994,1.13205,1.13208,1.00,3.71
2016.08.15 14:55:58.266,1.13205,1.13208,1.00,4.84
2016.08.15 14:55:58.368,1.13205,1.13208,1.50,4.09
2016.08.15 14:55:58.960,1.13205,1.13208,1.50,3.34
2016.08.15 14:55:59.017,1.13205,1.13208,1.00,4.09
2016.08.15 14:55:59.092,1.13204,1.13208,1.50,4.84
2016.08.15 14:55:59.143,1.13204,1.13207,1.00,1.00
2016.08.15 14:55:59.194,1.13203,1.13207,1.00,1.00
2016.08.15 14:55:59.296,1.13203,1.13207,1.00,1.50
2016.08.15 14:55:59.347,1.13203,1.13207,1.00,3.00
2016.08.15 14:55:59.398,1.13203,1.13206,1.00,1.00
2016.08.15 14:56:00.271,1.13204,1.13206,1.00,1.00
2016.08.15 14:56:00.440,1.13204,1.13206,1.50,1.00
2016.08.15 14:56:00.492,1.13204,1.13206,1.00,1.00
2016.08.15 14:56:00.798,1.13204,1.13206,1.50,1.00
2016.08.15 14:56:00.849,1.13204,1.13206,1.50,1.87
2016.08.15 14:56:00.900,1.13202,1.13206,1.00,1.87
2016.08.15 14:56:01.396,1.13202,1.13205,1.00,1.50
2016.08.15 14:56:01.447,1.13201,1.13204,1.00,1.50
2016.08.15 14:56:01.600,1.13202,1.13205,1.00,3.37
2016.08.15 14:56:01.650,1.13203,1.13205,1.00,1.50
2016.08.15 14:56:01.701,1.13203,1.13206,1.00,1.12
2016.08.15 14:56:01.854,1.13203,1.13206,1.00,1.87
2016.08.15 14:56:01.955,1.13204,1.13206,1.00,1.00
2016.08.15 14:56:02.607,1.13204,1.13207,1.00,1.87
2016.08.15 14:56:02.709,1.13204,1.13207,1.50,1.87
2016.08.15 14:56:02.811,1.13205,1.13207,1.00,1.87
2016.08.15 14:56:02.940,1.13205,1.13207,1.00,2.62
2016.08.15 14:56:03.003,1.13204,1.13207,1.00,2.62
2016.08.15 14:56:04.829,1.13203,1.13206,1.00,1.00
2016.08.15 14:56:05.051,1.13204,1.13207,1.00,2.62
2016.08.15 14:56:05.103,1.13205,1.13207,1.00,1.87
2016.08.15 14:56:05.156,1.13206,1.13207,1.00,1.00
2016.08.15 14:56:05.310,1.13208,1.1321,1.00,1.12
2016.08.15 14:56:05.412,1.13208,1.13211,1.00,2.25
2016.08.15 14:56:05.701,1.13209,1.13212,1.00,4.50
2016.08.15 14:56:05.752,1.13209,1.13212,1.00,4.12
2016.08.15 14:56:05.905,1.13209,1.13212,1.00,1.87
2016.08.15 14:56:06.108,1.13208,1.13211,1.00,1.00
2016.08.15 14:56:06.160,1.13209,1.13212,1.00,1.87
2016.08.15 14:56:06.211,1.13208,1.13211,1.00,1.00
2016.08.15 14:56:06.912,1.13207,1.1321,1.00,1.00
2016.08.15 14:56:07.014,1.13205,1.1321,1.50,1.50
2016.08.15 14:56:07.116,1.13205,1.13209,1.50,1.00
2016.08.15 14:56:07.218,1.13205,1.13209,1.00,1.00
2016.08.15 14:56:07.268,1.13204,1.13207,1.00,1.00
2016.08.15 14:56:07.320,1.13203,1.13206,1.00,1.00
2016.08.15 14:56:07.370,1.13203,1.13206,1.50,1.00
2016.08.15 14:56:07.937,1.13203,1.13207,1.50,1.00
2016.08.15 14:56:08.456,1.13203,1.13207,1.00,1.00
2016.08.15 14:56:09.624,1.13203,1.13208,1.50,1.00
2016.08.15 14:56:10.059,1.13203,1.13209,1.50,1.12
2016.08.15 14:56:10.111,1.13205,1.13208,1.00,1.00
2016.08.15 14:56:10.807,1.13204,1.13208,1.00,1.00
2016.08.15 14:56:11.822,1.13205,1.13208,1.00,1.00
2016.08.15 14:56:11.873,1.13206,1.13209,1.00,1.00
2016.08.15 14:56:12.076,1.13205,1.13209,1.50,1.00
2016.08.15 14:56:12.128,1.13206,1.1321,1.00,1.50
2016.08.15 14:56:12.647,1.13206,1.13208,1.00,1.87
2016.08.15 14:56:12.710,1.132,1.13205,1.87,1.00
2016.08.15 14:56:12.761,1.132,1.13205,1.87,1.50
2016.08.15 14:56:12.812,1.132,1.13205,1.00,1.87
2016.08.15 14:56:12.863,1.13199,1.13205,1.50,1.87
2016.08.15 14:56:12.965,1.132,1.13205,1.00,2.62
2016.08.15 14:56:13.608,1.13202,1.13205,1.00,2.62
2016.08.15 14:56:13.659,1.13202,1.13205,1.00,1.12
2016.08.15 14:56:13.761,1.13199,1.13202,1.00,1.00
2016.08.15 14:56:13.812,1.132,1.13204,1.00,2.62
2016.08.15 14:56:13.863,1.132,1.13201,1.00,1.00
2016.08.15 14:56:13.914,1.13199,1.13201,1.00,1.37
2016.08.15 14:56:13.965,1.13197,1.132,1.00,1.12
2016.08.15 14:56:14.118,1.13195,1.13201,1.50,2.25
2016.08.15 14:56:14.169,1.13197,1.132,1.00,1.12
2016.08.15 14:56:14.271,1.13197,1.13201,1.00,1.87
2016.08.15 14:56:14.322,1.13197,1.13202,1.00,6.07
2016.08.15 14:56:14.559,1.13196,1.13201,1.00,1.37
2016.08.15 14:56:14.610,1.13196,1.13199,1.00,1.00
2016.08.15 14:56:14.662,1.13195,1.13198,1.50,1.00
2016.08.15 14:56:14.714,1.13197,1.132,1.00,1.50
2016.08.15 14:56:14.765,1.13197,1.132,1.00,1.00
2016.08.15 14:56:15.317,1.13198,1.13201,1.00,1.00
2016.08.15 14:56:15.616,1.13198,1.13201,1.00,1.12
2016.08.15 14:56:15.668,1.13197,1.132,1.00,1.00
2016.08.15 14:56:15.719,1.13195,1.13199,1.50,1.37
2016.08.15 14:56:15.771,1.13195,1.13198,1.50,1.12
2016.08.15 14:56:15.873,1.13195,1.13198,1.00,1.12
2016.08.15 14:56:15.924,1.13194,1.13198,1.50,1.12
2016.08.15 14:56:15.975,1.13195,1.13198,1.00,1.12
2016.08.15 14:56:16.250,1.13194,1.13198,1.00,1.12
2016.08.15 14:56:17.175,1.13195,1.13198,1.00,1.12
2016.08.15 14:56:17.277,1.13195,1.13199,1.50,1.37
2016.08.15 14:56:17.328,1.13195,1.13199,1.50,1.00
2016.08.15 14:56:17.379,1.13197,1.132,1.00,4.65
2016.08.15 14:56:17.430,1.13197,1.132,1.00,2.77
2016.08.15 14:56:17.481,1.13198,1.132,1.00,1.12
2016.08.15 14:56:17.532,1.13198,1.13201,1.00,1.65
2016.08.15 14:56:17.787,1.13198,1.13202,1.00,2.44
2016.08.15 14:56:17.838,1.13198,1.13203,1.00,4.50
2016.08.15 14:56:17.889,1.13199,1.13203,1.00,5.25
2016.08.15 14:56:17.990,1.13199,1.13203,1.00,4.87
2016.08.15 14:56:18.041,1.13199,1.13203,1.00,4.12
2016.08.15 14:56:18.256,1.13197,1.13201,1.00,1.00
2016.08.15 14:56:18.307,1.13197,1.13201,1.00,1.37
2016.08.15 14:56:18.787,1.13198,1.13201,1.00,1.00
2016.08.15 14:56:18.839,1.13197,1.13202,1.00,1.87
2016.08.15 14:56:19.052,1.13199,1.13203,1.00,6.00
2016.08.15 14:56:19.104,1.13199,1.13203,1.00,2.62
2016.08.15 14:56:19.155,1.132,1.13203,1.00,2.62
2016.08.15 14:56:19.257,1.13199,1.13203,1.50,2.62
2016.08.15 14:56:19.774,1.13198,1.13202,1.00,1.12
2016.08.15 14:56:20.225,1.13198,1.13202,1.00,1.00
2016.08.15 14:56:21.053,1.13196,1.13202,1.00,1.00
2016.08.15 14:56:21.925,1.13198,1.13201,1.00,1.00
2016.08.15 14:56:22.552,1.13198,1.13202,1.00,1.00
2016.08.15 14:56:22.603,1.13199,1.13203,1.00,1.50
2016.08.15 14:56:22.996,1.132,1.13203,1.50,1.00
2016.08.15 14:56:23.072,1.132,1.13203,1.00,1.00
2016.08.15 14:56:23.154,1.132,1.13203,1.50,1.00
2016.08.15 14:56:23.487,1.132,1.13203,1.00,1.00
2016.08.15 14:56:23.777,1.132,1.13204,1.00,1.12
2016.08.15 14:56:23.879,1.132,1.13204,1.50,1.12
2016.08.15 14:56:23.930,1.132,1.13204,1.50,1.00
2016.08.15 14:56:24.083,1.132,1.13204,1.00,1.00
2016.08.15 14:56:24.258,1.132,1.13204,1.50,1.00
2016.08.15 14:56:24.562,1.132,1.13204,1.00,1.00
2016.08.15 14:56:25.813,1.13201,1.13204,1.00,1.00
2016.08.15 14:56:27.706,1.13201,1.13204,1.12,1.00
2016.08.15 14:56:28.558,1.13202,1.13205,1.00,1.50
2016.08.15 14:56:28.609,1.13202,1.13205,1.00,1.00
2016.08.15 14:56:28.710,1.13202,1.13205,1.00,1.50
2016.08.15 14:56:28.913,1.13201,1.13204,1.00,1.00
2016.08.15 14:56:29.248,1.132,1.13203,1.00,1.50
2016.08.15 14:56:29.319,1.132,1.13203,1.00,1.00
2016.08.15 14:56:29.421,1.13199,1.13203,1.50,1.00
2016.08.15 14:56:29.675,1.13199,1.13204,1.50,1.00
2016.08.15 14:56:29.726,1.132,1.13204,1.00,1.50
2016.08.15 14:56:30.487,1.13199,1.13204,1.50,1.50
2016.08.15 14:56:30.589,1.132,1.13204,1.00,1.50
2016.08.15 14:56:30.981,1.13199,1.13204,1.50,1.50
2016.08.15 14:56:31.083,1.132,1.13204,1.00,1.50
2016.08.15 14:56:31.611,1.132,1.13204,1.00,1.87
2016.08.15 14:56:33.266,1.13199,1.13203,1.50,1.00
2016.08.15 14:56:33.317,1.13199,1.13202,1.00,1.00
2016.08.15 14:56:33.369,1.13199,1.13201,1.00,1.50
2016.08.15 14:56:33.420,1.13197,1.13201,1.00,2.62
2016.08.15 14:56:33.522,1.13197,1.132,1.00,1.00
2016.08.15 14:56:33.624,1.13197,1.132,1.00,1.50
2016.08.15 14:56:34.031,1.13196,1.132,1.00,3.00
2016.08.15 14:56:34.541,1.13197,1.132,1.00,3.00
2016.08.15 14:56:34.899,1.13197,1.13199,1.00,1.00
2016.08.15 14:56:36.034,1.13197,1.132,1.00,1.50
2016.08.15 14:56:36.377,1.13197,1.132,1.00,1.00
2016.08.15 14:56:36.428,1.13197,1.132,1.00,1.50
2016.08.15 14:56:36.479,1.13194,1.13198,1.50,1.00
2016.08.15 14:56:36.531,1.13195,1.13198,1.00,2.25
2016.08.15 14:56:36.584,1.13195,1.13197,1.00,1.50
2016.08.15 14:56:36.636,1.13193,1.13196,1.12,1.50
2016.08.15 14:56:36.688,1.13193,1.13196,1.00,1.50
2016.08.15 14:56:36.739,1.13193,1.13195,1.00,1.00
2016.08.15 14:56:37.747,1.13192,1.13196,1.00,1.00
2016.08.15 14:56:38.136,1.13192,1.13194,1.00,1.00
2016.08.15 14:56:38.506,1.13197,1.13199,2.47,2.25
2016.08.15 14:56:38.557,1.13197,1.13199,2.47,1.45
2016.08.15 14:56:38.608,1.13196,1.132,1.00,3.00
2016.08.15 14:56:38.896,1.13196,1.13199,1.00,1.12
2016.08.15 14:56:38.947,1.13196,1.13199,1.00,1.00
2016.08.15 14:56:40.175,1.13195,1.13198,1.50,1.00
2016.08.15 14:56:40.306,1.13195,1.13198,1.00,1.00
2016.08.15 14:56:40.357,1.13194,1.13197,1.50,1.00
2016.08.15 14:56:40.407,1.13194,1.13197,1.00,1.00
2016.08.15 14:56:40.458,1.13194,1.13197,1.00,1.87
2016.08.15 14:56:40.509,1.13192,1.13195,1.00,1.00
2016.08.15 14:56:41.036,1.13191,1.13194,1.00,1.00
2016.08.15 14:56:41.110,1.13191,1.13195,1.00,2.25
2016.08.15 14:56:41.212,1.13191,1.13195,1.00,1.50
2016.08.15 14:56:41.364,1.13191,1.13195,1.00,2.25
2016.08.15 14:56:41.466,1.13191,1.13194,1.00,1.00
2016.08.15 14:56:41.669,1.13192,1.13195,1.00,1.00
2016.08.15 14:56:41.720,1.13192,1.13195,1.00,1.50
2016.08.15 14:56:41.998,1.13193,1.13195,1.00,1.00
2016.08.15 14:56:42.581,1.13194,1.13196,1.00,1.00
2016.08.15 14:56:42.631,1.13194,1.13195,1.00,1.00
2016.08.15 14:56:42.733,1.13195,1.13197,1.00,1.00
2016.08.15 14:56:43.224,1.13195,1.13197,1.50,1.00
2016.08.15 14:56:43.302,1.13195,1.13197,1.00,1.00
2016.08.15 14:56:43.759,1.13195,1.13197,1.50,1.00
2016.08.15 14:56:44.276,1.13196,1.13197,1.00,1.00
2016.08.15 14:56:44.480,1.13195,1.13197,1.50,1.00
2016.08.15 14:56:44.632,1.13195,1.13197,1.00,1.00
2016.08.15 14:56:44.836,1.13195,1.13197,1.50,1.00
2016.08.15 14:56:45.382,1.13195,1.13198,1.50,1.00
2016.08.15 14:56:45.433,1.13195,1.13198,1.00,1.00
2016.08.15 14:56:45.535,1.13195,1.13198,1.50,1.00
2016.08.15 14:56:45.651,1.13195,1.13198,1.00,1.00
2016.08.15 14:56:45.703,1.13195,1.13198,1.00,1.50
2016.08.15 14:56:45.754,1.13195,1.13198,1.00,1.00
2016.08.15 14:56:46.156,1.13196,1.13198,1.00,1.00
2016.08.15 14:56:46.281,1.13195,1.13198,1.00,1.50
2016.08.15 14:56:46.332,1.13192,1.13196,1.00,2.25
2016.08.15 14:56:46.383,1.13191,1.13196,1.50,3.75
2016.08.15 14:56:46.434,1.13191,1.13194,1.00,1.00
2016.08.15 14:56:46.841,1.13192,1.13194,1.00,1.00
2016.08.15 14:56:47.219,1.13192,1.13194,1.00,1.50
2016.08.15 14:56:47.292,1.13193,1.13196,1.00,1.00
2016.08.15 14:56:47.343,1.13193,1.13196,1.12,1.00
2016.08.15 14:56:47.445,1.13194,1.13196,1.00,1.00
2016.08.15 14:56:47.547,1.13195,1.13196,1.00,1.00
2016.08.15 14:56:47.649,1.13195,1.13196,1.50,1.00
2016.08.15 14:56:48.074,1.13195,1.13196,1.00,1.00
2016.08.15 14:56:48.185,1.13195,1.13196,1.50,1.00
2016.08.15 14:56:48.739,1.13195,1.13197,1.50,1.00
2016.08.15 14:56:49.210,1.13195,1.13197,1.00,1.00
2016.08.15 14:56:49.446,1.13194,1.13197,1.50,1.00
2016.08.15 14:56:49.647,1.13195,1.13197,1.00,1.00
2016.08.15 14:56:49.743,1.13194,1.13197,1.50,1.00
2016.08.15 14:56:49.943,1.13195,1.13197,1.00,1.00
2016.08.15 14:56:50.780,1.13194,1.13197,1.50,1.00
2016.08.15 14:56:51.250,1.13195,1.13197,1.00,1.00
2016.08.15 14:56:52.278,1.13195,1.13196,1.00,1.00
2016.08.15 14:56:52.329,1.13195,1.13197,1.00,1.50
2016.08.15 14:56:52.380,1.13193,1.13197,1.00,1.50
2016.08.15 14:56:52.482,1.13192,1.13197,1.00,2.25
2016.08.15 14:56:52.584,1.13192,1.13197,1.00,1.50
2016.08.15 14:56:52.686,1.13192,1.13197,1.00,1.00
2016.08.15 14:56:52.965,1.13194,1.13197,1.00,1.00
2016.08.15 14:56:53.017,1.13196,1.13197,1.00,1.00
2016.08.15 14:56:53.275,1.13196,1.13199,1.00,1.50
2016.08.15 14:56:53.484,1.13196,1.13199,1.00,1.00
2016.08.15 14:56:54.195,1.13197,1.13201,1.00,1.00
2016.08.15 14:56:55.453,1.13199,1.13201,1.00,1.00
2016.08.15 14:56:55.606,1.132,1.13202,1.00,1.00
2016.08.15 14:56:56.131,1.13201,1.13202,1.00,1.00
2016.08.15 14:56:56.183,1.13201,1.13204,1.00,1.57
2016.08.15 14:56:56.285,1.13201,1.13204,1.00,1.50
2016.08.15 14:56:56.337,1.13202,1.13204,1.00,1.00
2016.08.15 14:56:56.695,1.13201,1.13204,1.00,1.00
2016.08.15 14:56:57.242,1.13201,1.13205,1.00,2.32
2016.08.15 14:56:57.293,1.13201,1.13205,1.00,1.57
2016.08.15 14:56:58.466,1.13202,1.13205,1.00,1.57
2016.08.15 14:56:59.924,1.13202,1.13206,1.00,3.07
2016.08.15 14:56:59.975,1.13203,1.13206,1.00,2.70
2016.08.15 14:57:00.026,1.13204,1.13206,1.00,1.10
2016.08.15 14:57:00.078,1.13205,1.13208,1.00,1.27
2016.08.15 14:57:00.129,1.13205,1.13208,1.00,1.20
2016.08.15 14:57:00.382,1.13205,1.13208,1.00,1.10
2016.08.15 14:57:00.434,1.13205,1.13209,1.00,1.25
2016.08.15 14:57:00.485,1.13205,1.13209,1.00,1.00
2016.08.15 14:57:00.685,1.13204,1.13209,1.50,1.00
2016.08.15 14:57:00.787,1.13205,1.13209,1.00,1.00
2016.08.15 14:57:01.336,1.13204,1.13209,1.50,1.00
2016.08.15 14:57:01.388,1.13207,1.1321,1.00,2.32
2016.08.15 14:57:03.387,1.13207,1.1321,1.00,3.07
2016.08.15 14:57:03.437,1.13205,1.1321,1.50,2.32
2016.08.15 14:57:03.876,1.13206,1.13209,1.00,1.00
2016.08.15 14:57:04.129,1.13205,1.13209,1.50,1.00
2016.08.15 14:57:04.231,1.13206,1.1321,1.00,3.82
2016.08.15 14:57:04.282,1.13207,1.13209,1.00,1.00
2016.08.15 14:57:04.333,1.13206,1.13209,1.00,1.50
2016.08.15 14:57:04.384,1.13207,1.13209,1.00,2.25
2016.08.15 14:57:04.485,1.13207,1.13209,1.00,1.50
2016.08.15 14:57:05.283,1.13207,1.13209,1.00,1.00
2016.08.15 14:57:05.334,1.13207,1.1321,1.00,2.32
2016.08.15 14:57:05.435,1.13208,1.1321,1.00,1.57
2016.08.15 14:57:06.272,1.13206,1.13209,1.00,1.50
2016.08.15 14:57:06.323,1.13207,1.1321,1.00,1.57
2016.08.15 14:57:06.375,1.13207,1.13209,1.00,1.00
2016.08.15 14:57:06.477,1.13205,1.13209,1.50,1.00
2016.08.15 14:57:06.528,1.13205,1.13209,1.50,1.20
2016.08.15 14:57:06.630,1.13205,1.13209,1.00,1.20
2016.08.15 14:57:06.733,1.13205,1.13207,1.50,1.00
2016.08.15 14:57:06.836,1.13206,1.13208,1.00,1.00
2016.08.15 14:57:06.938,1.13208,1.1321,1.00,4.12
2016.08.15 14:57:06.990,1.13207,1.13209,1.00,1.00
2016.08.15 14:57:07.338,1.13208,1.1321,1.00,2.25
2016.08.15 14:57:07.389,1.13207,1.1321,1.00,1.50
2016.08.15 14:57:07.440,1.13206,1.13208,1.00,1.00
2016.08.15 14:57:07.491,1.13204,1.13208,1.50,1.00
2016.08.15 14:57:07.542,1.13205,1.13208,1.00,1.00
2016.08.15 14:57:07.644,1.13204,1.13206,1.00,1.00
2016.08.15 14:57:07.799,1.13203,1.13205,1.00,1.00
2016.08.15 14:57:08.140,1.13204,1.13206,1.00,1.50
2016.08.15 14:57:08.242,1.13204,1.13206,1.00,1.00
2016.08.15 14:57:08.780,1.13203,1.13205,1.00,1.00
2016.08.15 14:57:09.034,1.13201,1.13205,1.00,1.50
2016.08.15 14:57:09.325,1.13201,1.13205,1.00,1.00
2016.08.15 14:57:09.727,1.132,1.13202,1.00,1.00
2016.08.15 14:57:09.778,1.132,1.13202,1.50,1.00
2016.08.15 14:57:09.830,1.132,1.13204,1.00,1.00
2016.08.15 14:57:10.164,1.13201,1.13205,1.50,1.00
2016.08.15 14:57:10.216,1.13203,1.13205,1.00,1.50
2016.08.15 14:57:10.267,1.13202,1.13205,1.12,1.50
2016.08.15 14:57:10.319,1.13201,1.13205,1.50,1.50
2016.08.15 14:57:10.421,1.13204,1.13206,1.00,1.50
2016.08.15 14:57:10.523,1.13204,1.13206,1.00,1.00
2016.08.15 14:57:10.836,1.13203,1.13205,1.00,1.50
2016.08.15 14:57:11.197,1.13203,1.13205,1.12,1.00
2016.08.15 14:57:11.299,1.13203,1.13205,1.00,1.00
2016.08.15 14:57:11.451,1.13203,1.13205,1.00,1.50
2016.08.15 14:57:11.553,1.13203,1.13205,1.00,1.00
2016.08.15 14:57:11.860,1.13201,1.13205,1.12,1.00
2016.08.15 14:57:11.911,1.13201,1.13205,1.12,1.50
2016.08.15 14:57:12.238,1.13201,1.13203,1.00,1.00
2016.08.15 14:57:12.289,1.132,1.13203,1.00,1.00
2016.08.15 14:57:12.340,1.13199,1.13203,1.50,1.00
2016.08.15 14:57:12.391,1.13202,1.13204,1.00,1.00
2016.08.15 14:57:12.595,1.13202,1.13205,1.00,1.00
2016.08.15 14:57:12.646,1.13201,1.13203,1.00,1.00
2016.08.15 14:57:12.697,1.13201,1.13205,1.00,1.50
2016.08.15 14:57:12.798,1.13202,1.13204,1.00,1.00
2016.08.15 14:57:12.849,1.132,1.13203,1.00,1.00
2016.08.15 14:57:13.431,1.13201,1.13203,1.00,1.00
2016.08.15 14:57:13.841,1.132,1.13204,1.50,1.00
2016.08.15 14:57:14.045,1.13199,1.13203,1.00,1.00
2016.08.15 14:57:14.512,1.13202,1.13204,1.00,1.00
2016.08.15 14:57:14.614,1.13202,1.13205,1.00,1.50
2016.08.15 14:57:14.666,1.132,1.13204,1.50,1.00
2016.08.15 14:57:14.920,1.13201,1.13203,1.00,1.00
2016.08.15 14:57:14.972,1.13203,1.13205,1.00,1.00
2016.08.15 14:57:15.023,1.13205,1.13208,1.00,4.50
2016.08.15 14:57:15.075,1.13206,1.13208,1.00,1.50
2016.08.15 14:57:15.352,1.13209,1.1321,1.00,2.25
2016.08.15 14:57:15.404,1.13211,1.13215,1.00,3.94
2016.08.15 14:57:15.455,1.13212,1.13214,1.00,1.00
2016.08.15 14:57:15.558,1.13212,1.13214,1.00,1.50
2016.08.15 14:57:15.712,1.13211,1.13215,1.00,3.00
2016.08.15 14:57:15.865,1.13211,1.13215,1.00,3.75
2016.08.15 14:57:16.147,1.13212,1.13215,1.00,3.00
2016.08.15 14:57:16.300,1.13212,1.13215,1.00,1.00
2016.08.15 14:57:17.502,1.13213,1.13215,1.00,1.00
2016.08.15 14:57:17.554,1.13213,1.13215,1.00,1.50
2016.08.15 14:57:17.604,1.13212,1.13214,1.00,1.00
2016.08.15 14:57:18.122,1.13211,1.13213,1.00,1.00
2016.08.15 14:57:20.178,1.1321,1.13212,1.57,1.00
2016.08.15 14:57:20.229,1.13212,1.13215,1.00,1.50
2016.08.15 14:57:20.305,1.1321,1.13214,1.10,1.00
2016.08.15 14:57:20.356,1.1321,1.13212,1.57,1.00
2016.08.15 14:57:20.407,1.13211,1.13213,1.00,1.00
2016.08.15 14:57:20.458,1.1321,1.13212,1.50,1.00
2016.08.15 14:57:20.509,1.1321,1.13212,1.00,1.00
2016.08.15 14:57:20.560,1.13209,1.13212,1.00,1.00
2016.08.15 14:57:21.133,1.13207,1.13209,1.00,1.00
2016.08.15 14:57:21.542,1.13207,1.1321,1.00,1.00
2016.08.15 14:57:21.593,1.13207,1.13209,1.00,1.00
2016.08.15 14:57:21.644,1.13205,1.13209,1.00,1.00
2016.08.15 14:57:21.696,1.13207,1.13209,1.00,1.00
2016.08.15 14:57:23.391,1.13206,1.1321,1.00,1.00
2016.08.15 14:57:23.442,1.13207,1.1321,1.00,1.00
2016.08.15 14:57:23.544,1.13206,1.1321,1.00,1.50
2016.08.15 14:57:23.595,1.13208,1.1321,1.00,1.00
2016.08.15 14:57:23.646,1.13208,1.13211,1.00,1.00
2016.08.15 14:57:23.988,1.13207,1.13209,1.00,1.00
2016.08.15 14:57:24.090,1.13205,1.13209,2.32,1.00
2016.08.15 14:57:24.141,1.13207,1.13209,1.00,1.00
2016.08.15 14:57:24.425,1.13205,1.13209,1.57,1.00
2016.08.15 14:57:24.714,1.13206,1.13208,1.00,1.00
2016.08.15 14:57:24.765,1.13206,1.13208,1.50,1.00
2016.08.15 14:57:24.868,1.13206,1.13208,1.00,1.00
2016.08.15 14:57:25.071,1.13205,1.13208,1.57,1.00
2016.08.15 14:57:25.122,1.13205,1.13208,1.10,1.00
2016.08.15 14:57:25.275,1.13205,1.13209,1.57,1.00
2016.08.15 14:57:25.742,1.13205,1.13209,1.00,1.00
2016.08.15 14:57:25.793,1.13207,1.1321,1.00,2.25
2016.08.15 14:57:25.895,1.13206,1.1321,1.00,1.50
2016.08.15 14:57:25.946,1.13206,1.1321,1.00,1.00
2016.08.15 14:57:26.048,1.13208,1.13211,1.00,1.12
2016.08.15 14:57:26.149,1.13209,1.13213,1.00,4.39
2016.08.15 14:57:26.200,1.13209,1.13213,1.00,3.64
2016.08.15 14:57:26.251,1.1321,1.13213,1.00,3.64
2016.08.15 14:57:26.302,1.1321,1.13212,1.00,1.50
2016.08.15 14:57:26.455,1.13209,1.1321,1.00,1.00
2016.08.15 14:57:26.557,1.13208,1.1321,1.00,1.50
2016.08.15 14:57:26.920,1.13206,1.1321,1.50,1.50
2016.08.15 14:57:27.174,1.13206,1.1321,1.50,1.00
2016.08.15 14:57:27.276,1.13206,1.1321,1.50,1.50
2016.08.15 14:57:27.377,1.13206,1.1321,1.00,1.00
2016.08.15 14:57:27.428,1.13209,1.13211,1.00,1.50
2016.08.15 14:57:27.479,1.13209,1.1321,1.00,1.00
2016.08.15 14:57:27.581,1.13207,1.13211,1.50,1.00
2016.08.15 14:57:27.683,1.13207,1.13211,1.00,1.50
2016.08.15 14:57:28.204,1.13206,1.1321,1.00,1.00
2016.08.15 14:57:28.285,1.13206,1.1321,1.00,1.50
2016.08.15 14:57:28.493,1.13206,1.1321,1.00,1.00
2016.08.15 14:57:28.853,1.13206,1.1321,1.00,1.50
2016.08.15 14:57:29.156,1.13206,1.1321,1.00,1.00
2016.08.15 14:57:29.502,1.13206,1.1321,1.50,1.50
2016.08.15 14:57:29.705,1.13206,1.1321,1.50,1.00
2016.08.15 14:57:29.756,1.13207,1.13211,1.00,1.50
2016.08.15 14:57:29.969,1.13207,1.1321,1.00,1.00
2016.08.15 14:57:30.071,1.13207,1.13211,1.00,1.50
2016.08.15 14:57:30.174,1.13207,1.1321,1.00,1.00
2016.08.15 14:57:30.525,1.13208,1.1321,1.00,1.00
2016.08.15 14:57:30.937,1.13209,1.13212,1.00,1.50
2016.08.15 14:57:30.988,1.1321,1.13212,1.50,1.50
2016.08.15 14:57:31.062,1.1321,1.13212,1.00,1.50
2016.08.15 14:57:31.113,1.13209,1.13211,1.50,1.00
2016.08.15 14:57:31.819,1.1321,1.13211,1.00,1.00
2016.08.15 14:57:31.870,1.13208,1.13212,1.00,1.50
2016.08.15 14:57:33.245,1.13208,1.13212,1.00,2.25
2016.08.15 14:57:33.296,1.13208,1.13212,1.00,1.50
2016.08.15 14:57:33.397,1.13208,1.13211,1.00,1.00
2016.08.15 14:57:33.499,1.13208,1.1321,1.00,1.50
2016.08.15 14:57:33.820,1.13208,1.1321,1.00,1.00
2016.08.15 14:57:33.922,1.13208,1.13212,1.00,1.50
2016.08.15 14:57:34.325,1.13207,1.13211,1.00,1.00
2016.08.15 14:57:34.376,1.13207,1.13211,1.00,1.50
2016.08.15 14:57:34.487,1.13207,1.13209,1.00,1.00
2016.08.15 14:57:34.894,1.13205,1.13209,1.00,1.00
2016.08.15 14:57:34.945,1.13204,1.13206,1.50,1.00
2016.08.15 14:57:35.429,1.13196,1.132,9.30,1.75
2016.08.15 14:57:35.486,1.13192,1.13195,1.00,1.50
2016.08.15 14:57:35.538,1.1319,1.13195,1.57,1.87
2016.08.15 14:57:35.591,1.13188,1.13191,3.75,1.00
2016.08.15 14:57:35.643,1.13188,1.13189,1.00,1.00
2016.08.15 14:57:35.697,1.13184,1.13186,2.62,1.50
2016.08.15 14:57:35.749,1.13181,1.13183,1.20,1.00
2016.08.15 14:57:35.800,1.1318,1.13183,1.37,1.00
2016.08.15 14:57:35.851,1.1318,1.13182,1.50,1.00
2016.08.15 14:57:36.144,1.13179,1.1318,1.00,3.22
2016.08.15 14:57:36.196,1.13172,1.13176,2.25,1.00
2016.08.15 14:57:36.247,1.1317,1.13172,1.87,1.00
2016.08.15 14:57:36.299,1.1317,1.13171,1.12,1.00
2016.08.15 14:57:36.351,1.13165,1.13168,2.62,1.00
2016.08.15 14:57:36.403,1.13165,1.13167,1.12,1.00
2016.08.15 14:57:36.455,1.13162,1.13167,2.25,2.44
2016.08.15 14:57:36.508,1.13162,1.13165,1.00,1.75
2016.08.15 14:57:36.559,1.13163,1.13164,1.00,1.00
2016.08.15 14:57:36.905,1.13161,1.13164,1.00,1.50
2016.08.15 14:57:36.962,1.13159,1.13162,1.00,1.00
2016.08.15 14:57:37.013,1.13158,1.13161,1.00,1.00
2016.08.15 14:57:37.065,1.13157,1.13161,1.00,1.50
2016.08.15 14:57:37.116,1.13157,1.1316,1.00,1.00
2016.08.15 14:57:37.319,1.13157,1.13161,1.00,1.50
2016.08.15 14:57:37.371,1.13156,1.13158,1.00,1.00
2016.08.15 14:57:37.422,1.13158,1.1316,1.50,1.00
2016.08.15 14:57:37.699,1.1316,1.13162,1.50,1.00
2016.08.15 14:57:37.754,1.13161,1.13163,1.00,1.00
2016.08.15 14:57:37.856,1.1316,1.13161,1.00,1.00
2016.08.15 14:57:37.907,1.1316,1.13163,1.00,1.00
2016.08.15 14:57:38.009,1.13159,1.13163,1.00,1.50
2016.08.15 14:57:38.060,1.13159,1.13161,1.00,1.00
2016.08.15 14:57:38.308,1.13158,1.1316,1.00,1.50
2016.08.15 14:57:38.360,1.13154,1.13159,1.00,1.95
2016.08.15 14:57:38.411,1.13154,1.13159,1.00,2.32
2016.08.15 14:57:38.462,1.13155,1.13158,1.00,1.12
2016.08.15 14:57:38.514,1.13155,1.1316,1.00,4.12
2016.08.15 14:57:38.565,1.13156,1.1316,1.00,2.70
2016.08.15 14:57:38.616,1.13156,1.1316,1.00,1.10
2016.08.15 14:57:38.718,1.13155,1.1316,1.00,1.57
2016.08.15 14:57:38.871,1.13156,1.1316,1.00,1.10
2016.08.15 14:57:39.167,1.13156,1.1316,1.00,1.20
2016.08.15 14:57:39.218,1.13156,1.1316,1.00,1.20
2016.08.15 14:57:39.296,1.13156,1.1316,1.00,1.20
2016.08.15 14:57:39.347,1.13155,1.1316,1.00,1.57
2016.08.15 14:57:39.581,1.13155,1.1316,1.00,2.32
2016.08.15 14:57:39.632,1.13154,1.13159,1.00,1.00
2016.08.15 14:57:39.734,1.13154,1.13159,1.00,1.37
2016.08.15 14:57:39.785,1.13154,1.13159,1.00,1.47
2016.08.15 14:57:40.122,1.13154,1.13158,1.00,1.45
2016.08.15 14:57:40.174,1.13151,1.13158,1.50,2.62
2016.08.15 14:57:40.227,1.13151,1.13158,1.00,2.62
2016.08.15 14:57:40.329,1.13152,1.13157,1.00,1.20
2016.08.15 14:57:40.431,1.13151,1.13157,1.00,1.10
2016.08.15 14:57:40.482,1.1315,1.13155,1.50,1.00
2016.08.15 14:57:41.015,1.13152,1.13157,1.00,1.87
2016.08.15 14:57:41.066,1.13153,1.13156,1.00,1.00
2016.08.15 14:57:41.167,1.13153,1.13158,1.00,1.50
2016.08.15 14:57:41.320,1.13152,1.13158,1.00,1.00
2016.08.15 14:57:41.838,1.13154,1.13158,1.00,1.00
2016.08.15 14:57:41.939,1.13155,1.1316,1.00,1.00
2016.08.15 14:57:41.990,1.13155,1.13161,1.00,1.87
2016.08.15 14:57:42.041,1.13155,1.13161,1.00,1.00
2016.08.15 14:57:42.143,1.13155,1.1316,1.00,1.50
2016.08.15 14:57:42.296,1.13155,1.1316,1.00,1.65
2016.08.15 14:57:43.145,1.13154,1.13159,1.00,1.00
2016.08.15 14:57:43.620,1.13153,1.13158,1.00,1.50
2016.08.15 14:57:43.722,1.13153,1.13157,1.00,1.00
2016.08.15 14:57:43.773,1.13152,1.13157,1.00,1.50
2016.08.15 14:57:44.020,1.13152,1.13155,1.00,1.00
2016.08.15 14:57:44.071,1.13149,1.13155,1.00,1.50
2016.08.15 14:57:44.122,1.13149,1.13155,1.00,1.00
2016.08.15 14:57:44.173,1.13149,1.13156,1.00,3.82
2016.08.15 14:57:44.224,1.13149,1.13155,1.00,1.10
2016.08.15 14:57:44.304,1.13151,1.13156,1.00,1.20
2016.08.15 14:57:44.975,1.13152,1.13157,1.00,3.37
2016.08.15 14:57:45.026,1.13152,1.13157,1.00,2.40
2016.08.15 14:57:45.129,1.1315,1.13155,1.00,1.00
2016.08.15 14:57:45.181,1.13151,1.13156,1.00,1.50
2016.08.15 14:57:45.233,1.13148,1.13155,2.62,1.50
2016.08.15 14:57:45.284,1.13149,1.13154,1.00,1.00
2016.08.15 14:57:45.335,1.13147,1.13152,3.15,1.00
2016.08.15 14:57:45.386,1.13147,1.13152,1.87,1.00
2016.08.15 14:57:45.438,1.13147,1.13152,1.00,1.00
2016.08.15 14:57:45.489,1.13146,1.13152,3.00,1.00
2016.08.15 14:57:45.540,1.13146,1.13152,1.00,2.62
2016.08.15 14:57:45.591,1.13146,1.1315,1.00,1.00
2016.08.15 14:57:45.642,1.13145,1.1315,1.50,1.00
2016.08.15 14:57:45.930,1.13145,1.1315,1.00,1.00
2016.08.15 14:57:46.994,1.13147,1.1315,1.00,1.00
2016.08.15 14:57:47.543,1.13146,1.1315,1.00,1.00
2016.08.15 14:57:48.188,1.13148,1.1315,1.00,1.00
2016.08.15 14:57:48.319,1.1315,1.13151,1.00,1.12
2016.08.15 14:57:48.523,1.13149,1.13151,1.00,1.12
2016.08.15 14:57:48.574,1.1315,1.13151,1.50,1.00
2016.08.15 14:57:48.676,1.13148,1.1315,1.50,1.37
2016.08.15 14:57:48.972,1.13148,1.1315,1.00,1.37
2016.08.15 14:57:49.048,1.13148,1.13151,1.00,1.87
2016.08.15 14:57:49.302,1.13148,1.13151,1.00,1.37
2016.08.15 14:57:49.353,1.13149,1.13151,1.50,1.37
2016.08.15 14:57:49.417,1.1315,1.13151,1.00,1.12
2016.08.15 14:57:50.050,1.13148,1.1315,1.00,1.12
2016.08.15 14:57:50.101,1.13148,1.1315,1.00,1.37
2016.08.15 14:57:50.152,1.13147,1.1315,1.00,1.12
2016.08.15 14:57:50.522,1.13148,1.1315,1.00,1.00
2016.08.15 14:57:50.624,1.13147,1.13149,1.00,1.12
2016.08.15 14:57:51.616,1.13148,1.13149,1.00,1.00
2016.08.15 14:57:52.270,1.13148,1.13151,1.00,1.87
2016.08.15 14:57:52.321,1.13149,1.13153,1.00,3.64
2016.08.15 14:57:52.372,1.13151,1.13153,1.00,1.76
2016.08.15 14:57:52.423,1.13151,1.13153,1.00,1.20
2016.08.15 14:57:52.475,1.13151,1.13154,1.00,1.01
2016.08.15 14:57:52.526,1.13151,1.13155,1.00,1.87
2016.08.15 14:57:52.577,1.13151,1.13155,1.00,1.37
2016.08.15 14:57:52.947,1.13151,1.13154,1.00,1.12
2016.08.15 14:57:52.998,1.13151,1.13154,1.00,1.37
2016.08.15 14:57:53.709,1.1315,1.13156,1.00,1.50
2016.08.15 14:57:53.760,1.1315,1.13155,1.00,1.87
2016.08.15 14:57:54.047,1.13151,1.13155,1.00,1.37
2016.08.15 14:57:54.152,1.13149,1.13154,1.27,1.87
2016.08.15 14:57:54.204,1.13148,1.13154,4.12,1.37
2016.08.15 14:57:54.255,1.13149,1.13154,1.65,1.37
2016.08.15 14:57:54.329,1.1315,1.13155,1.00,1.37
2016.08.15 14:57:54.830,1.13149,1.13154,1.00,1.87
2016.08.15 14:57:54.931,1.13149,1.13154,1.00,1.00
2016.08.15 14:57:55.631,1.1315,1.13155,1.00,1.00
2016.08.15 14:57:55.734,1.13151,1.13157,1.00,1.00
2016.08.15 14:57:56.152,1.1315,1.13155,1.50,1.00
2016.08.15 14:57:56.203,1.1315,1.13155,1.12,1.00
2016.08.15 14:57:56.254,1.13148,1.13155,3.07,1.00
2016.08.15 14:57:56.309,1.13149,1.13156,1.00,1.00
2016.08.15 14:57:56.830,1.13149,1.13156,1.00,1.87
2016.08.15 14:57:56.884,1.13148,1.13155,1.50,1.00
2016.08.15 14:57:57.193,1.1315,1.13155,1.00,1.00
2016.08.15 14:57:57.450,1.13147,1.13153,3.75,1.00
2016.08.15 14:57:57.501,1.13147,1.13154,3.00,1.50
2016.08.15 14:57:57.554,1.13147,1.13154,1.12,1.50
2016.08.15 14:57:57.809,1.13148,1.13154,1.00,1.00
2016.08.15 14:57:57.861,1.13152,1.13157,1.00,3.56
2016.08.15 14:57:57.912,1.13151,1.13156,1.00,1.00
2016.08.15 14:57:57.963,1.13152,1.13157,1.00,1.50
2016.08.15 14:57:58.014,1.13152,1.13157,1.00,1.00
2016.08.15 14:57:58.218,1.13152,1.13158,1.00,2.44
2016.08.15 14:57:58.320,1.13152,1.13157,1.00,1.00
2016.08.15 14:57:58.630,1.13152,1.13157,1.00,1.50
2016.08.15 14:57:58.683,1.13151,1.13156,1.00,1.00
2016.08.15 14:57:58.735,1.13151,1.13157,1.00,1.50
2016.08.15 14:57:58.787,1.13151,1.13157,1.00,1.00
2016.08.15 14:57:59.043,1.13151,1.13158,1.00,3.00
2016.08.15 14:57:59.308,1.13151,1.13158,1.00,2.25
2016.08.15 14:57:59.599,1.13151,1.13158,1.00,2.40
2016.08.15 14:57:59.651,1.13151,1.13158,1.00,1.65
2016.08.15 14:57:59.854,1.13151,1.13158,1.00,2.40
2016.08.15 14:58:00.124,1.13149,1.13156,4.12,1.00
2016.08.15 14:58:00.414,1.13149,1.13154,1.87,1.37
2016.08.15 14:58:00.695,1.1315,1.13155,1.00,1.00
2016.08.15 14:58:00.746,1.1315,1.13155,1.50,1.00
2016.08.15 14:58:00.848,1.13152,1.13155,1.00,1.00
2016.08.15 14:58:01.103,1.13152,1.13157,1.00,1.87
2016.08.15 14:58:01.154,1.13153,1.13157,1.00,1.00
2016.08.15 14:58:01.206,1.13153,1.13158,1.00,1.25
2016.08.15 14:58:01.456,1.13153,1.13158,1.00,1.00
2016.08.15 14:58:01.508,1.13154,1.13159,1.00,2.25
2016.08.15 14:58:01.559,1.13154,1.13159,1.00,1.50
2016.08.15 14:58:01.762,1.13153,1.13158,1.00,1.00
2016.08.15 14:58:01.977,1.13152,1.13157,1.50,1.00
2016.08.15 14:58:02.028,1.13152,1.13157,1.00,1.00
2016.08.15 14:58:02.345,1.13151,1.13158,2.25,1.50
2016.08.15 14:58:02.446,1.13151,1.13158,3.00,1.00
2016.08.15 14:58:02.497,1.13153,1.13155,1.50,1.00
2016.08.15 14:58:02.548,1.13154,1.13156,1.00,1.00
2016.08.15 14:58:02.599,1.13154,1.13155,1.00,1.00
2016.08.15 14:58:02.700,1.13154,1.13156,1.00,1.00
2016.08.15 14:58:03.296,1.13155,1.13157,3.00,1.00
2016.08.15 14:58:03.347,1.13156,1.13158,3.15,1.00
2016.08.15 14:58:03.615,1.13157,1.13159,1.00,1.00
2016.08.15 14:58:03.818,1.13156,1.13158,2.02,1.00
2016.08.15 14:58:04.089,1.13156,1.13158,1.50,1.00
2016.08.15 14:58:04.347,1.13157,1.13159,1.00,1.00
2016.08.15 14:58:04.398,1.13156,1.13159,1.50,1.00
2016.08.15 14:58:04.450,1.13156,1.1316,2.25,1.87
2016.08.15 14:58:04.604,1.13156,1.1316,2.25,1.12
2016.08.15 14:58:04.902,1.13156,1.1316,2.25,1.50
2016.08.15 14:58:05.118,1.13156,1.13158,2.25,1.00
2016.08.15 14:58:05.220,1.13156,1.13158,1.50,1.00
2016.08.15 14:58:05.272,1.13157,1.13161,1.00,1.50
2016.08.15 14:58:05.323,1.13159,1.13161,1.00,1.50
2016.08.15 14:58:05.375,1.13159,1.1316,1.00,1.00
2016.08.15 14:58:05.617,1.1316,1.13161,1.00,1.00
2016.08.15 14:58:05.668,1.1316,1.13162,1.50,1.12
2016.08.15 14:58:05.821,1.13161,1.13162,1.00,1.12
2016.08.15 14:58:05.924,1.13161,1.13163,1.00,1.37
2016.08.15 14:58:06.122,1.1316,1.13162,1.50,1.12
2016.08.15 14:58:06.426,1.1316,1.13162,1.00,1.12
2016.08.15 14:58:06.485,1.1316,1.13164,1.00,1.00
2016.08.15 14:58:06.865,1.13162,1.13164,1.00,1.00
2016.08.15 14:58:07.413,1.13163,1.13165,1.00,1.00
2016.08.15 14:58:07.478,1.13165,1.13168,1.50,1.00
2016.08.15 14:58:07.580,1.13165,1.13168,1.00,1.00
2016.08.15 14:58:07.681,1.13165,1.13168,1.50,1.00
2016.08.15 14:58:07.927,1.13165,1.13168,1.00,1.00
2016.08.15 14:58:08.321,1.13166,1.13169,1.00,2.44
2016.08.15 14:58:08.372,1.13166,1.13168,1.00,1.00
2016.08.15 14:58:08.911,1.13166,1.13168,1.00,1.50
2016.08.15 14:58:09.199,1.13167,1.13169,1.00,1.00
2016.08.15 14:58:09.709,1.13168,1.1317,1.00,1.00
2016.08.15 14:58:10.272,1.13169,1.13171,1.00,1.50
2016.08.15 14:58:10.376,1.13169,1.13171,1.00,1.04
2016.08.15 14:58:10.478,1.13169,1.13171,1.00,1.00
2016.08.15 14:58:10.530,1.13168,1.1317,1.00,1.50
2016.08.15 14:58:10.581,1.13168,1.13169,1.00,1.00
2016.08.15 14:58:10.632,1.13164,1.13167,1.87,1.00
2016.08.15 14:58:10.884,1.13165,1.13166,1.00,1.00
2016.08.15 14:58:10.935,1.13167,1.1317,1.00,2.61
2016.08.15 14:58:10.987,1.13167,1.1317,1.00,1.57
2016.08.15 14:58:11.038,1.13168,1.1317,1.00,1.50
2016.08.15 14:58:11.091,1.13167,1.1317,1.00,1.79
2016.08.15 14:58:11.245,1.13167,1.13169,1.00,1.00
2016.08.15 14:58:11.623,1.13167,1.1317,1.00,1.50
2016.08.15 14:58:11.674,1.13165,1.13167,1.00,1.00
2016.08.15 14:58:11.777,1.13166,1.13168,1.00,1.50
2016.08.15 14:58:11.879,1.13164,1.13166,1.00,1.04
2016.08.15 14:58:11.982,1.13164,1.13166,1.00,1.00
2016.08.15 14:58:12.033,1.13165,1.13166,1.00,1.00
2016.08.15 14:58:12.136,1.13164,1.13166,1.00,1.50
2016.08.15 14:58:12.190,1.13164,1.13166,1.00,1.79
2016.08.15 14:58:12.467,1.13164,1.13166,1.00,1.00
2016.08.15 14:58:12.621,1.13163,1.13165,1.00,1.00
2016.08.15 14:58:12.724,1.13163,1.13165,1.00,1.00
2016.08.15 14:58:12.775,1.13163,1.13166,1.00,1.04
2016.08.15 14:58:12.827,1.13165,1.13169,1.00,2.91
2016.08.15 14:58:12.878,1.13165,1.13169,1.00,1.79
2016.08.15 14:58:12.929,1.13165,1.13169,1.50,1.79
2016.08.15 14:58:13.011,1.13166,1.13169,1.00,1.29
2016.08.15 14:58:13.574,1.13166,1.13168,1.00,1.29
2016.08.15 14:58:13.678,1.13167,1.13169,1.00,1.00
2016.08.15 14:58:14.329,1.13169,1.13171,1.00,2.81
2016.08.15 14:58:14.380,1.1317,1.13171,1.00,1.87
2016.08.15 14:58:14.431,1.13169,1.13171,1.00,1.00
2016.08.15 14:58:14.684,1.13169,1.13171,1.00,1.50
2016.08.15 14:58:14.736,1.13169,1.13171,1.50,1.50
2016.08.15 14:58:14.837,1.13169,1.13171,1.00,1.50
2016.08.15 14:58:15.136,1.13167,1.13171,1.00,1.50
2016.08.15 14:58:15.199,1.13167,1.13171,1.00,1.00
2016.08.15 14:58:15.250,1.13167,1.13169,1.00,1.00
2016.08.15 14:58:15.352,1.13165,1.13167,1.87,1.00
2016.08.15 14:58:15.402,1.13165,1.13167,1.50,1.00
2016.08.15 14:58:15.555,1.13165,1.13167,1.00,1.00
2016.08.15 14:58:15.606,1.13164,1.13167,1.87,1.00
2016.08.15 14:58:15.899,1.13161,1.13163,1.37,1.00
2016.08.15 14:58:15.950,1.1316,1.13163,1.00,1.00
2016.08.15 14:58:16.052,1.13158,1.1316,1.50,1.00
2016.08.15 14:58:16.103,1.13158,1.1316,3.75,1.00
2016.08.15 14:58:16.154,1.13159,1.13163,1.00,1.50
2016.08.15 14:58:16.205,1.1316,1.13162,1.00,1.00
2016.08.15 14:58:16.257,1.13157,1.1316,1.65,1.00
2016.08.15 14:58:16.308,1.13157,1.13159,1.50,1.00
2016.08.15 14:58:16.359,1.13157,1.13159,1.12,1.00
2016.08.15 14:58:16.410,1.13157,1.13159,1.00,1.00
2016.08.15 14:58:16.749,1.13155,1.13157,1.12,1.00
2016.08.15 14:58:16.800,1.13155,1.13157,1.00,1.00
2016.08.15 14:58:16.851,1.13155,1.13159,1.50,1.00
2016.08.15 14:58:17.004,1.13155,1.13159,1.00,1.00
2016.08.15 14:58:17.106,1.13155,1.13159,1.50,1.00
2016.08.15 14:58:17.332,1.13155,1.13159,1.00,1.00
2016.08.15 14:58:17.433,1.13155,1.13159,1.50,1.00
2016.08.15 14:58:17.985,1.13155,1.13159,1.00,1.00
2016.08.15 14:58:18.071,1.13155,1.13159,1.50,1.00
2016.08.15 14:58:18.224,1.13155,1.13159,1.00,1.00
2016.08.15 14:58:18.326,1.13155,1.13159,1.50,1.00
2016.08.15 14:58:18.427,1.13155,1.13159,1.00,1.00
2016.08.15 14:58:18.529,1.13155,1.13159,1.50,1.00
2016.08.15 14:58:18.580,1.13155,1.13158,1.00,1.50
2016.08.15 14:58:18.855,1.13155,1.13158,1.00,1.12
2016.08.15 14:58:18.907,1.13154,1.13157,1.00,1.00
2016.08.15 14:58:19.010,1.13155,1.13157,1.00,1.00
2016.08.15 14:58:19.061,1.13155,1.13157,1.00,1.12
2016.08.15 14:58:19.112,1.13155,1.13156,1.00,1.00
2016.08.15 14:58:19.214,1.13154,1.13156,1.00,1.00
2016.08.15 14:58:19.879,1.13154,1.13156,1.00,1.12
2016.08.15 14:58:20.067,1.13152,1.13154,1.00,1.00
2016.08.15 14:58:20.272,1.13153,1.13155,1.00,1.50
2016.08.15 14:58:20.323,1.13152,1.13154,1.00,1.00
2016.08.15 14:58:20.864,1.13153,1.13155,1.00,1.50
2016.08.15 14:58:21.017,1.13153,1.13155,1.00,1.00
2016.08.15 14:58:22.252,1.13153,1.13155,1.00,1.50
2016.08.15 14:58:22.572,1.1315,1.13154,1.50,1.00
2016.08.15 14:58:22.848,1.13152,1.13155,1.00,2.25
2016.08.15 14:58:22.950,1.13153,1.13155,1.00,1.50
2016.08.15 14:58:23.121,1.13153,1.13155,1.00,1.00
2016.08.15 14:58:23.222,1.13153,1.13157,1.00,1.12
2016.08.15 14:58:23.325,1.13153,1.13155,1.00,1.87
2016.08.15 14:58:23.376,1.13151,1.13153,1.00,1.12
2016.08.15 14:58:23.725,1.13149,1.13151,1.12,1.12
2016.08.15 14:58:23.777,1.13147,1.13149,2.62,1.00
2016.08.15 14:58:23.829,1.13148,1.1315,1.00,1.00
2016.08.15 14:58:23.881,1.13149,1.13151,1.00,1.50
2016.08.15 14:58:23.933,1.13149,1.13153,1.00,1.12
2016.08.15 14:58:23.985,1.13151,1.13154,1.00,1.00
2016.08.15 14:58:24.036,1.13153,1.13156,1.00,2.89
2016.08.15 14:58:24.087,1.13154,1.13156,1.00,1.25
2016.08.15 14:58:24.138,1.13155,1.13156,1.50,1.25
2016.08.15 14:58:24.189,1.13156,1.13157,1.00,1.25
2016.08.15 14:58:24.468,1.13154,1.13156,1.00,1.19
2016.08.15 14:58:24.542,1.13154,1.13157,1.12,1.19
2016.08.15 14:58:24.592,1.13154,1.13156,1.00,1.19
2016.08.15 14:58:24.643,1.13154,1.13157,1.50,1.19
2016.08.15 14:58:24.694,1.13159,1.13162,1.12,1.12
2016.08.15 14:58:24.745,1.13164,1.13166,2.47,2.62
2016.08.15 14:58:24.796,1.1317,1.13172,1.00,3.82
2016.08.15 14:58:24.847,1.13168,1.13173,1.00,3.37
2016.08.15 14:58:25.378,1.13169,1.13171,1.00,1.50
2016.08.15 14:58:25.432,1.13166,1.13169,1.30,1.00
2016.08.15 14:58:25.484,1.13166,1.13168,1.72,1.00
2016.08.15 14:58:25.535,1.13166,1.13169,1.30,1.00
2016.08.15 14:58:25.586,1.13167,1.13169,1.00,1.00
2016.08.15 14:58:25.688,1.13167,1.13169,1.00,1.50
2016.08.15 14:58:25.790,1.13165,1.13167,2.62,1.00
2016.08.15 14:58:26.024,1.13165,1.13167,1.50,1.00
2016.08.15 14:58:26.076,1.13163,1.13165,1.00,1.50
2016.08.15 14:58:26.229,1.13163,1.13165,1.00,1.00
2016.08.15 14:58:26.280,1.13163,1.13167,1.00,1.00
2016.08.15 14:58:26.485,1.13162,1.13166,1.50,1.00
2016.08.15 14:58:26.536,1.13162,1.13166,1.57,1.50
2016.08.15 14:58:26.587,1.13165,1.13166,1.00,1.00
2016.08.15 14:58:26.638,1.13165,1.13167,1.00,1.00
2016.08.15 14:58:26.920,1.13163,1.13165,1.00,1.50
2016.08.15 14:58:26.972,1.13161,1.13165,1.47,1.50
2016.08.15 14:58:27.023,1.13161,1.13165,1.10,1.50
2016.08.15 14:58:27.075,1.13162,1.13166,1.00,1.50
2016.08.15 14:58:27.284,1.1316,1.13164,2.70,1.00
2016.08.15 14:58:27.335,1.13162,1.13164,1.00,1.00
2016.08.15 14:58:28.038,1.13161,1.13163,1.00,1.00
2016.08.15 14:58:28.551,1.13162,1.13164,1.00,1.00
2016.08.15 14:58:29.280,1.13163,1.13165,1.00,1.12
2016.08.15 14:58:29.331,1.13164,1.13167,1.00,1.87
2016.08.15 14:58:29.632,1.13161,1.13162,1.50,1.69
2016.08.15 14:58:29.683,1.13158,1.1316,3.37,1.00
2016.08.15 14:58:29.734,1.13158,1.1316,1.50,1.20
2016.08.15 14:58:29.785,1.13156,1.13158,1.37,1.00
2016.08.15 14:58:29.835,1.13154,1.13157,1.87,1.00
2016.08.15 14:58:29.886,1.13154,1.13156,1.00,1.00
2016.08.15 14:58:29.937,1.13153,1.13156,1.00,1.00
2016.08.15 14:58:29.988,1.13152,1.13155,1.50,1.00
2016.08.15 14:58:30.039,1.13152,1.13154,1.37,1.00
2016.08.15 14:58:30.319,1.13152,1.13154,1.00,1.10
2016.08.15 14:58:30.377,1.13149,1.13152,1.87,1.00
2016.08.15 14:58:30.480,1.13149,1.13151,2.62,1.00
2016.08.15 14:58:30.837,1.1315,1.13152,1.00,1.50
2016.08.15 14:58:31.159,1.13147,1.1315,1.50,1.00
2016.08.15 14:58:31.261,1.13147,1.13151,1.12,1.00
2016.08.15 14:58:31.313,1.13147,1.13151,1.00,1.00
2016.08.15 14:58:31.568,1.13147,1.13151,1.00,1.50
2016.08.15 14:58:31.619,1.13148,1.13151,1.00,1.00
2016.08.15 14:58:32.182,1.13149,1.13151,1.00,1.00
2016.08.15 14:58:32.386,1.13148,1.1315,1.00,1.00
2016.08.15 14:58:32.437,1.13148,1.13152,1.00,1.69
2016.08.15 14:58:32.540,1.13147,1.13149,1.00,1.00
2016.08.15 14:58:32.642,1.13148,1.13152,1.00,3.19
2016.08.15 14:58:32.693,1.13146,1.13148,1.00,1.00
2016.08.15 14:58:33.026,1.13144,1.13146,1.00,1.00
2016.08.15 14:58:33.182,1.13145,1.13147,1.50,1.00
2016.08.15 14:58:33.385,1.13145,1.13147,1.50,1.25
2016.08.15 14:58:33.488,1.13144,1.13145,1.00,1.00
2016.08.15 14:58:33.590,1.13143,1.13145,1.00,1.00
2016.08.15 14:58:34.120,1.13144,1.13146,1.00,1.00
2016.08.15 14:58:34.171,1.13145,1.13146,1.00,1.00
2016.08.15 14:58:34.273,1.13143,1.13146,1.00,1.00
2016.08.15 14:58:34.425,1.13142,1.13146,1.00,1.50
2016.08.15 14:58:34.830,1.13144,1.13146,1.00,1.00
2016.08.15 14:58:34.881,1.13144,1.13146,1.00,1.00
2016.08.15 14:58:35.087,1.13144,1.13147,1.00,1.50
2016.08.15 14:58:35.138,1.13143,1.13145,1.00,1.00
2016.08.15 14:58:35.190,1.13139,1.13141,2.25,1.00
2016.08.15 14:58:35.242,1.13138,1.1314,2.62,1.00
2016.08.15 14:58:35.294,1.13136,1.13137,1.57,1.00
2016.08.15 14:58:35.346,1.13135,1.13136,1.12,1.00
2016.08.15 14:58:35.397,1.13134,1.13137,2.12,1.50
2016.08.15 14:58:35.669,1.13136,1.13138,1.00,1.00
2016.08.15 14:58:35.720,1.13137,1.1314,1.00,1.57
2016.08.15 14:58:35.771,1.13137,1.1314,1.00,1.31
2016.08.15 14:58:36.043,1.13137,1.13139,1.00,1.00
2016.08.15 14:58:36.096,1.13135,1.13138,1.00,1.00
2016.08.15 14:58:36.199,1.13135,1.13137,1.50,1.00
2016.08.15 14:58:36.250,1.13136,1.13138,1.00,1.00
2016.08.15 14:58:36.694,1.13135,1.13139,1.50,1.00
2016.08.15 14:58:36.746,1.13136,1.13138,1.00,1.00
2016.08.15 14:58:36.797,1.13136,1.1314,1.00,1.00
2016.08.15 14:58:36.899,1.13136,1.1314,1.00,1.50
2016.08.15 14:58:36.950,1.13135,1.13139,1.50,1.00
2016.08.15 14:58:37.001,1.13135,1.13139,1.00,1.00
2016.08.15 14:58:37.103,1.13135,1.13139,1.50,1.00
2016.08.15 14:58:37.568,1.13137,1.13139,1.00,1.00
2016.08.15 14:58:38.321,1.13137,1.13141,1.00,2.06
2016.08.15 14:58:38.575,1.13137,1.1314,1.00,1.00
2016.08.15 14:58:38.676,1.13137,1.13141,1.00,2.06
2016.08.15 14:58:38.727,1.13134,1.1314,1.50,1.00
2016.08.15 14:58:38.778,1.13134,1.13137,1.00,1.00
2016.08.15 14:58:38.829,1.13136,1.13138,1.00,1.00
2016.08.15 14:58:39.929,1.13135,1.1314,1.50,2.06
2016.08.15 14:58:39.980,1.13137,1.13139,1.00,1.00
2016.08.15 14:58:40.605,1.13137,1.1314,1.00,1.25
2016.08.15 14:58:40.707,1.13137,1.13141,1.00,2.81
2016.08.15 14:58:40.758,1.13138,1.13141,1.00,2.44
2016.08.15 14:58:40.810,1.13139,1.13141,1.00,1.25
2016.08.15 14:58:40.861,1.1314,1.13142,1.00,1.00
2016.08.15 14:58:41.355,1.13138,1.1314,1.00,1.00
2016.08.15 14:58:41.879,1.13137,1.13139,1.00,1.00
2016.08.15 14:58:42.424,1.13136,1.13138,1.00,1.00
2016.08.15 14:58:43.041,1.13135,1.13137,1.00,1.00
2016.08.15 14:58:43.267,1.1313,1.13133,3.45,1.00
2016.08.15 14:58:43.536,1.13131,1.13133,1.00,1.00
2016.08.15 14:58:43.587,1.13133,1.13135,1.00,1.50
2016.08.15 14:58:43.639,1.13133,1.13135,1.00,1.00
2016.08.15 14:58:43.690,1.13133,1.13137,1.00,1.50
2016.08.15 14:58:43.792,1.13134,1.13137,1.00,1.00
2016.08.15 14:58:43.893,1.13135,1.13137,1.50,1.00
2016.08.15 14:58:43.944,1.13136,1.13138,1.00,1.25
2016.08.15 14:58:43.995,1.13134,1.13138,1.50,1.25
2016.08.15 14:58:44.330,1.13136,1.13138,1.00,1.00
2016.08.15 14:58:44.432,1.13134,1.13138,1.50,1.00
2016.08.15 14:58:44.585,1.13135,1.13136,1.00,1.00
2016.08.15 14:58:44.636,1.13134,1.13136,1.50,1.00
2016.08.15 14:58:44.687,1.13134,1.13138,1.50,1.00
2016.08.15 14:58:44.737,1.13134,1.13138,1.00,1.00
2016.08.15 14:58:44.788,1.13134,1.13138,1.50,1.00
2016.08.15 14:58:44.890,1.13135,1.13138,1.00,1.00
2016.08.15 14:58:45.249,1.13136,1.13138,1.00,1.00
2016.08.15 14:58:45.524,1.13134,1.13136,1.00,1.00
2016.08.15 14:58:45.626,1.13131,1.13133,1.10,1.00
2016.08.15 14:58:45.678,1.1313,1.13133,1.00,1.00
2016.08.15 14:58:45.729,1.1313,1.13133,1.00,1.50
2016.08.15 14:58:45.781,1.13129,1.1313,1.00,1.50
2016.08.15 14:58:45.832,1.13129,1.1313,1.00,1.00
2016.08.15 14:58:46.344,1.13128,1.1313,1.12,1.00
2016.08.15 14:58:46.414,1.13126,1.13129,1.50,1.00
2016.08.15 14:58:46.466,1.13126,1.13128,1.00,1.00
2016.08.15 14:58:46.517,1.13125,1.1313,1.00,1.50
2016.08.15 14:58:46.569,1.13127,1.13131,1.00,2.81
2016.08.15 14:58:46.621,1.13125,1.1313,1.00,1.25
2016.08.15 14:58:46.672,1.13127,1.1313,1.00,1.00
2016.08.15 14:58:46.723,1.1313,1.13132,1.50,1.19
2016.08.15 14:58:46.775,1.13131,1.13133,1.00,1.50
2016.08.15 14:58:47.050,1.13131,1.13134,1.00,2.25
2016.08.15 14:58:47.103,1.13131,1.13134,1.00,1.12
2016.08.15 14:58:47.154,1.13132,1.13135,1.00,2.44
2016.08.15 14:58:47.205,1.13132,1.13135,1.00,2.06
2016.08.15 14:58:47.256,1.13132,1.13135,1.00,1.69
2016.08.15 14:58:47.358,1.13132,1.13135,1.00,1.50
2016.08.15 14:58:47.460,1.13132,1.13135,1.00,2.25
2016.08.15 14:58:47.563,1.1313,1.13133,1.00,1.00
2016.08.15 14:58:47.950,1.1313,1.13133,1.50,1.00
2016.08.15 14:58:48.030,1.1313,1.13131,1.00,1.12
2016.08.15 14:58:48.081,1.13126,1.13127,2.62,1.35
2016.08.15 14:58:48.133,1.13125,1.13126,1.12,1.00
2016.08.15 14:58:48.185,1.13125,1.13126,1.00,1.00
2016.08.15 14:58:48.238,1.13124,1.13126,1.00,1.00
2016.08.15 14:58:48.290,1.13126,1.13129,1.00,1.10
2016.08.15 14:58:48.342,1.13127,1.1313,1.00,1.45
2016.08.15 14:58:48.393,1.13128,1.13131,1.00,1.50
2016.08.15 14:58:48.444,1.1313,1.13133,1.00,2.44
2016.08.15 14:58:48.698,1.13131,1.13134,1.00,2.25
2016.08.15 14:58:48.749,1.13131,1.13133,1.00,1.00
2016.08.15 14:58:48.800,1.1313,1.13132,1.00,1.00
2016.08.15 14:58:48.851,1.13131,1.13133,1.00,1.00
2016.08.15 14:58:49.106,1.1313,1.13132,1.00,1.00
2016.08.15 14:58:49.208,1.13127,1.1313,1.27,1.00
2016.08.15 14:58:49.311,1.13128,1.1313,1.00,1.50
2016.08.15 14:58:49.650,1.13128,1.1313,1.00,1.00
2016.08.15 14:58:49.701,1.13129,1.13131,1.00,1.50
2016.08.15 14:58:49.752,1.1313,1.13131,1.00,1.00
2016.08.15 14:58:49.803,1.13129,1.13131,1.00,1.00
2016.08.15 14:58:50.020,1.13128,1.1313,1.00,1.50
2016.08.15 14:58:50.729,1.13129,1.13131,1.00,1.00
2016.08.15 14:58:50.780,1.1313,1.13132,1.00,1.00
2016.08.15 14:58:50.831,1.1313,1.13131,1.00,1.00
2016.08.15 14:58:50.933,1.13126,1.1313,3.15,1.00
2016.08.15 14:58:50.984,1.13128,1.13131,1.00,1.00
2016.08.15 14:58:51.085,1.13128,1.1313,1.00,1.50
2016.08.15 14:58:51.136,1.13126,1.1313,2.02,1.00
2016.08.15 14:58:51.238,1.13127,1.1313,1.00,1.00
2016.08.15 14:58:51.340,1.13126,1.13129,2.40,1.00
2016.08.15 14:58:51.391,1.13127,1.1313,1.00,1.00
2016.08.15 14:58:51.441,1.1313,1.13131,1.00,1.00
2016.08.15 14:58:51.717,1.13127,1.13131,1.00,1.37
2016.08.15 14:58:51.768,1.13127,1.13129,1.00,1.00
2016.08.15 14:58:51.972,1.13125,1.13129,1.50,1.00
2016.08.15 14:58:52.024,1.13125,1.13129,1.87,1.00
2016.08.15 14:58:52.075,1.13125,1.13128,1.50,1.00
2016.08.15 14:58:52.126,1.13125,1.13127,1.00,1.00
2016.08.15 14:58:52.228,1.13124,1.13127,1.00,1.37
2016.08.15 14:58:52.279,1.13123,1.13127,1.12,1.37
2016.08.15 14:58:52.330,1.13122,1.13125,1.57,1.12
2016.08.15 14:58:52.381,1.13122,1.13125,1.20,1.12
2016.08.15 14:58:52.651,1.13122,1.13124,1.00,1.00
2016.08.15 14:58:52.702,1.13122,1.13125,1.50,1.00
2016.08.15 14:58:52.756,1.13122,1.13126,1.50,1.50
2016.08.15 14:58:53.114,1.13123,1.13125,1.00,1.00
2016.08.15 14:58:53.216,1.13123,1.13127,1.00,1.00
2016.08.15 14:58:53.370,1.13122,1.13126,1.12,1.00
2016.08.15 14:58:53.472,1.13122,1.13126,1.00,1.00
2016.08.15 14:58:54.000,1.13124,1.13126,1.00,1.00
2016.08.15 14:58:54.051,1.13126,1.13127,1.00,1.00
2016.08.15 14:58:54.102,1.13125,1.13127,1.50,1.00
2016.08.15 14:58:54.255,1.13125,1.13127,1.00,1.00
2016.08.15 14:58:54.358,1.13125,1.13127,1.50,1.00
2016.08.15 14:58:54.549,1.13125,1.13127,1.00,1.00
2016.08.15 14:58:54.894,1.13125,1.13127,1.00,1.00
2016.08.15 14:58:54.945,1.13124,1.13127,1.00,1.00
2016.08.15 14:58:55.250,1.13127,1.13129,1.00,1.00
2016.08.15 14:58:55.301,1.13124,1.13127,1.37,1.00
2016.08.15 14:58:55.352,1.13125,1.13128,1.12,1.00
2016.08.15 14:58:55.403,1.13127,1.13129,1.00,1.00
2016.08.15 14:58:55.900,1.13124,1.13126,1.00,1.00
2016.08.15 14:58:55.952,1.13123,1.13126,1.00,1.00
2016.08.15 14:58:56.258,1.13126,1.13128,1.00,1.00
2016.08.15 14:58:56.310,1.13127,1.13129,1.00,1.04
2016.08.15 14:58:56.361,1.13127,1.13129,1.00,1.00
2016.08.15 14:58:56.909,1.13127,1.13129,1.00,1.79
2016.08.15 14:58:56.960,1.13125,1.13129,1.00,1.79
2016.08.15 14:58:57.023,1.13125,1.13129,1.50,1.79
2016.08.15 14:58:57.074,1.13126,1.13129,1.00,1.04
2016.08.15 14:58:57.227,1.13122,1.13126,1.20,1.00
2016.08.15 14:58:57.278,1.13125,1.13129,1.00,1.79
2016.08.15 14:58:57.329,1.13125,1.13129,1.50,1.79
2016.08.15 14:58:57.647,1.13125,1.13129,1.50,2.54
2016.08.15 14:58:57.699,1.13126,1.13128,1.00,1.00
2016.08.15 14:58:57.801,1.13125,1.13129,1.00,1.79
2016.08.15 14:58:57.852,1.13124,1.13127,1.00,1.04
2016.08.15 14:58:58.155,1.13124,1.13127,1.00,1.00
2016.08.15 14:58:58.273,1.13125,1.13127,1.50,1.00
2016.08.15 14:58:58.324,1.13126,1.13128,1.00,1.00
2016.08.15 14:58:58.426,1.13125,1.13129,1.50,1.69
2016.08.15 14:58:58.629,1.13125,1.13129,1.00,1.69
2016.08.15 14:58:59.144,1.13125,1.13129,1.50,1.69
2016.08.15 14:58:59.195,1.13125,1.13129,1.50,1.25
2016.08.15 14:58:59.347,1.13125,1.13129,1.00,1.25
2016.08.15 14:58:59.449,1.13126,1.13128,1.00,1.00
2016.08.15 14:58:59.981,1.13125,1.13129,1.50,1.22
2016.08.15 14:59:00.032,1.13123,1.13126,1.12,1.00
2016.08.15 14:59:00.083,1.13126,1.13128,1.00,1.00
2016.08.15 14:59:00.134,1.13125,1.13128,1.00,1.00
2016.08.15 14:59:00.185,1.13127,1.13129,1.00,1.25
2016.08.15 14:59:00.237,1.13125,1.13126,1.00,1.00
2016.08.15 14:59:00.288,1.13125,1.13127,1.50,1.00
2016.08.15 14:59:00.340,1.13123,1.13125,1.00,1.04
2016.08.15 14:59:00.391,1.13122,1.13125,1.00,1.04
2016.08.15 14:59:00.443,1.13121,1.13125,1.50,1.04
2016.08.15 14:59:00.494,1.13121,1.13125,1.00,1.04
2016.08.15 14:59:00.547,1.13121,1.13125,1.00,1.79
2016.08.15 14:59:01.087,1.13121,1.13124,1.00,1.00
2016.08.15 14:59:02.374,1.1312,1.13124,1.50,1.50
2016.08.15 14:59:02.578,1.1312,1.13124,1.00,1.50
2016.08.15 14:59:02.679,1.1312,1.13124,1.50,1.50
2016.08.15 14:59:02.842,1.1312,1.13122,1.00,1.00
2016.08.15 14:59:02.945,1.1312,1.13122,1.00,1.00
2016.08.15 14:59:03.392,1.13121,1.13123,1.00,1.00
2016.08.15 14:59:03.932,1.1312,1.13122,1.00,1.00
2016.08.15 14:59:03.983,1.1312,1.13122,1.50,1.00
2016.08.15 14:59:04.034,1.13122,1.13124,1.00,1.50
2016.08.15 14:59:04.285,1.13122,1.13124,1.00,1.00
2016.08.15 14:59:04.741,1.13119,1.13122,1.00,1.00
2016.08.15 14:59:04.792,1.1312,1.13124,1.50,2.25
2016.08.15 14:59:04.894,1.13121,1.13123,1.00,1.00
2016.08.15 14:59:04.945,1.13118,1.13123,1.87,1.00
2016.08.15 14:59:05.047,1.13121,1.13123,1.00,1.00
2016.08.15 14:59:05.148,1.13118,1.13121,1.50,1.00
2016.08.15 14:59:05.199,1.13118,1.13122,1.00,1.00
2016.08.15 14:59:05.526,1.1312,1.13124,1.00,1.00
2016.08.15 14:59:05.595,1.1312,1.13124,1.50,1.00
2016.08.15 14:59:05.747,1.13121,1.13123,1.00,1.04
2016.08.15 14:59:05.849,1.1312,1.13122,1.00,1.00
2016.08.15 14:59:05.900,1.1312,1.13122,1.50,1.00
2016.08.15 14:59:05.951,1.13119,1.1312,1.00,1.00
2016.08.15 14:59:06.003,1.13121,1.13123,1.00,1.79
2016.08.15 14:59:06.054,1.13119,1.1312,1.00,1.00
2016.08.15 14:59:06.156,1.13116,1.1312,2.25,1.00
2016.08.15 14:59:06.415,1.13118,1.1312,1.00,4.79
2016.08.15 14:59:06.466,1.13113,1.13116,1.00,1.00
2016.08.15 14:59:06.518,1.13114,1.13118,1.00,1.04
2016.08.15 14:59:06.569,1.13115,1.13118,1.00,1.04
2016.08.15 14:59:06.620,1.13115,1.13118,1.00,1.79
2016.08.15 14:59:06.721,1.13115,1.13118,1.00,1.04
2016.08.15 14:59:06.772,1.13114,1.13118,1.50,1.29
2016.08.15 14:59:06.823,1.13114,1.13118,1.50,1.79
2016.08.15 14:59:06.874,1.13115,1.13117,1.50,1.00
2016.08.15 14:59:06.925,1.13115,1.13117,1.50,1.50
2016.08.15 14:59:06.976,1.13115,1.13116,1.00,1.00
2016.08.15 14:59:07.027,1.13115,1.13117,1.00,1.00
2016.08.15 14:59:07.404,1.13115,1.13119,1.00,1.10
2016.08.15 14:59:07.455,1.13115,1.13119,1.50,1.10
2016.08.15 14:59:07.506,1.13115,1.13116,1.00,1.00
2016.08.15 14:59:07.556,1.13115,1.13119,1.00,1.00
2016.08.15 14:59:07.658,1.13115,1.13119,1.50,1.00
2016.08.15 14:59:07.709,1.13115,1.13117,1.00,1.00
2016.08.15 14:59:07.760,1.13116,1.13118,1.00,1.00
2016.08.15 14:59:07.913,1.13115,1.13117,1.00,1.00
2016.08.15 14:59:08.508,1.13116,1.13117,3.00,1.00
2016.08.15 14:59:08.559,1.13123,1.13124,1.00,2.91
2016.08.15 14:59:08.611,1.13123,1.13124,1.00,2.16
2016.08.15 14:59:08.664,1.13125,1.13126,1.00,3.00
2016.08.15 14:59:08.717,1.13126,1.13128,2.25,4.04
2016.08.15 14:59:08.770,1.13127,1.13128,1.50,1.00
2016.08.15 14:59:08.821,1.1313,1.13133,1.00,1.41
2016.08.15 14:59:08.873,1.13131,1.13133,1.00,1.04
2016.08.15 14:59:08.924,1.1313,1.13134,1.00,1.29
2016.08.15 14:59:09.077,1.1313,1.13134,1.50,1.00
2016.08.15 14:59:09.366,1.1313,1.13133,1.37,1.00
2016.08.15 14:59:09.417,1.13134,1.13137,1.00,1.69
2016.08.15 14:59:09.478,1.13135,1.13137,1.00,1.00
2016.08.15 14:59:09.580,1.13133,1.13135,1.00,1.00
2016.08.15 14:59:09.834,1.13134,1.13137,1.00,1.87
2016.08.15 14:59:09.885,1.13134,1.13137,1.00,1.12
2016.08.15 14:59:10.232,1.13132,1.13136,1.00,1.00
2016.08.15 14:59:10.385,1.13131,1.13135,1.00,1.12
2016.08.15 14:59:10.436,1.13133,1.13136,1.00,1.50
2016.08.15 14:59:10.487,1.13133,1.13136,1.00,2.25
2016.08.15 14:59:10.539,1.13132,1.13134,1.00,1.00
2016.08.15 14:59:10.590,1.13132,1.13135,1.00,1.12
2016.08.15 14:59:10.641,1.13132,1.13136,1.00,3.00
2016.08.15 14:59:10.694,1.13132,1.13136,1.00,2.25
2016.08.15 14:59:11.038,1.13132,1.13135,1.00,1.87
2016.08.15 14:59:11.089,1.13128,1.13134,3.00,1.00
2016.08.15 14:59:11.141,1.13128,1.13133,2.25,1.00
2016.08.15 14:59:11.193,1.13132,1.13135,1.00,1.87
2016.08.15 14:59:11.245,1.13132,1.13135,1.00,1.12
2016.08.15 14:59:11.348,1.13132,1.13134,1.00,1.00
2016.08.15 14:59:11.553,1.1313,1.13134,1.12,1.00
2016.08.15 14:59:11.605,1.13132,1.13135,1.00,1.87
2016.08.15 14:59:11.658,1.13132,1.13135,1.00,1.00
2016.08.15 14:59:11.947,1.13135,1.13136,1.00,1.00
2016.08.15 14:59:11.999,1.13134,1.13136,1.00,1.00
2016.08.15 14:59:12.102,1.13134,1.13137,1.00,1.12
2016.08.15 14:59:12.327,1.13135,1.13137,1.50,1.12
2016.08.15 14:59:12.492,1.13135,1.13137,1.00,1.12
2016.08.15 14:59:12.671,1.13135,1.13137,1.00,1.00
2016.08.15 14:59:12.918,1.13135,1.13137,1.50,1.00
2016.08.15 14:59:13.174,1.13135,1.13137,1.00,1.00
2016.08.15 14:59:13.275,1.13133,1.13137,1.00,1.00
2016.08.15 14:59:13.377,1.13134,1.13137,1.00,1.00
2016.08.15 14:59:13.428,1.13134,1.13138,1.50,1.00
2016.08.15 14:59:13.479,1.13135,1.13138,1.00,1.00
2016.08.15 14:59:13.580,1.13134,1.13138,1.50,1.00
2016.08.15 14:59:13.846,1.13134,1.13136,1.00,1.00
2016.08.15 14:59:13.898,1.13135,1.13139,1.50,1.95
2016.08.15 14:59:13.949,1.13135,1.13139,1.50,1.75
2016.08.15 14:59:14.001,1.13135,1.13137,1.00,1.12
2016.08.15 14:59:14.103,1.13133,1.13135,1.00,1.00
2016.08.15 14:59:14.155,1.13136,1.13139,1.00,1.50
2016.08.15 14:59:14.207,1.13137,1.1314,1.00,1.57
2016.08.15 14:59:14.258,1.13138,1.1314,1.00,1.00
2016.08.15 14:59:14.615,1.13139,1.1314,1.00,1.00
2016.08.15 14:59:14.667,1.1314,1.13142,1.00,1.00
2016.08.15 14:59:14.821,1.13141,1.13143,1.00,2.17
2016.08.15 14:59:14.872,1.13138,1.13139,1.00,1.00
2016.08.15 14:59:14.924,1.13137,1.1314,1.00,1.00
2016.08.15 14:59:14.975,1.13137,1.1314,1.00,1.50
2016.08.15 14:59:15.027,1.13139,1.13141,1.00,1.00
2016.08.15 14:59:15.130,1.1314,1.13142,1.00,1.30
2016.08.15 14:59:15.180,1.1314,1.13143,1.00,3.00
2016.08.15 14:59:15.712,1.1314,1.13141,1.00,1.00
2016.08.15 14:59:15.764,1.1314,1.13143,1.00,1.37
2016.08.15 14:59:15.815,1.13138,1.13142,1.00,1.12
2016.08.15 14:59:15.917,1.13137,1.13141,1.00,1.50
2016.08.15 14:59:16.019,1.13138,1.13141,1.00,1.37
2016.08.15 14:59:16.070,1.13138,1.13141,1.00,1.75
2016.08.15 14:59:16.172,1.13138,1.13141,1.00,1.87
2016.08.15 14:59:16.460,1.13134,1.13137,2.62,1.12
2016.08.15 14:59:16.511,1.13134,1.13137,1.00,1.12
2016.08.15 14:59:16.562,1.13133,1.13136,1.00,2.02
2016.08.15 14:59:16.613,1.13134,1.13135,1.50,1.00
2016.08.15 14:59:16.664,1.13133,1.13135,1.00,1.00
2016.08.15 14:59:16.716,1.13132,1.13135,1.00,1.00
2016.08.15 14:59:16.768,1.13132,1.13136,1.00,1.50
2016.08.15 14:59:16.820,1.13131,1.13135,1.50,1.12
2016.08.15 14:59:16.872,1.13131,1.13135,1.50,1.50
2016.08.15 14:59:16.923,1.13131,1.13135,1.00,1.50
2016.08.15 14:59:17.262,1.13133,1.13135,1.00,1.00
2016.08.15 14:59:17.313,1.13134,1.13136,1.00,1.87
2016.08.15 14:59:17.517,1.13132,1.13135,1.00,1.50
2016.08.15 14:59:17.771,1.1313,1.13134,1.00,1.75
2016.08.15 14:59:18.068,1.13131,1.13132,1.00,1.00
2016.08.15 14:59:18.120,1.1313,1.13133,1.00,1.75
2016.08.15 14:59:18.171,1.13133,1.13135,1.00,1.00
2016.08.15 14:59:18.222,1.13133,1.13135,1.00,1.00
2016.08.15 14:59:18.308,1.13134,1.13136,1.00,1.50
2016.08.15 14:59:18.462,1.13132,1.13136,1.00,1.50
2016.08.15 14:59:18.563,1.13132,1.13134,1.00,1.00
2016.08.15 14:59:19.085,1.13131,1.13133,1.00,1.00
2016.08.15 14:59:19.288,1.13131,1.13134,1.00,1.87
2016.08.15 14:59:19.555,1.13129,1.13134,1.00,2.10
2016.08.15 14:59:19.608,1.13127,1.13131,1.50,1.37
2016.08.15 14:59:19.659,1.13127,1.13131,1.00,1.12
2016.08.15 14:59:19.710,1.13126,1.1313,1.50,1.50
2016.08.15 14:59:19.975,1.13126,1.1313,1.00,1.50
2016.08.15 14:59:20.046,1.13126,1.1313,1.00,1.00
2016.08.15 14:59:20.148,1.13126,1.13128,1.00,1.00
2016.08.15 14:59:20.250,1.13125,1.13127,1.12,1.00
2016.08.15 14:59:20.891,1.13125,1.13127,1.00,1.00
2016.08.15 14:59:21.043,1.13124,1.13128,1.87,1.00
2016.08.15 14:59:21.095,1.13127,1.13129,1.00,1.00
2016.08.15 14:59:21.604,1.13126,1.13128,1.00,1.00
2016.08.15 14:59:21.655,1.13126,1.13128,1.50,1.00
2016.08.15 14:59:21.705,1.13126,1.13127,1.00,1.00
2016.08.15 14:59:22.254,1.13125,1.13129,1.00,1.00
2016.08.15 14:59:22.305,1.13125,1.13129,1.50,1.00
2016.08.15 14:59:22.356,1.13126,1.13129,1.00,1.00
2016.08.15 14:59:22.458,1.13125,1.13129,1.50,1.00
2016.08.15 14:59:23.434,1.13125,1.13129,2.25,1.00
2016.08.15 14:59:23.557,1.13125,1.13128,1.50,1.00
2016.08.15 14:59:23.760,1.13125,1.13128,1.37,1.00
2016.08.15 14:59:23.811,1.13124,1.13128,3.00,1.00
2016.08.15 14:59:24.015,1.13125,1.13127,1.50,1.00
2016.08.15 14:59:24.118,1.13125,1.13127,1.00,1.00
2016.08.15 14:59:24.508,1.13126,1.13128,1.50,1.00
2016.08.15 14:59:24.690,1.13126,1.13128,1.12,1.00
2016.08.15 14:59:24.791,1.13126,1.13128,1.50,1.00
2016.08.15 14:59:25.174,1.13126,1.13128,1.12,1.00
2016.08.15 14:59:25.276,1.13127,1.13129,1.00,1.00
2016.08.15 14:59:26.078,1.13125,1.13129,3.00,1.00
2016.08.15 14:59:26.129,1.13125,1.13129,2.25,1.00
2016.08.15 14:59:26.231,1.13125,1.13129,3.00,1.00
2016.08.15 14:59:26.333,1.13125,1.13129,2.25,1.00
2016.08.15 14:59:26.623,1.13125,1.13129,3.00,1.00
2016.08.15 14:59:26.674,1.13125,1.13129,2.25,1.00
2016.08.15 14:59:26.727,1.13128,1.1313,1.00,1.50
2016.08.15 14:59:27.050,1.13129,1.1313,1.00,1.00
2016.08.15 14:59:27.102,1.13131,1.13135,1.00,1.00
2016.08.15 14:59:27.153,1.13131,1.13135,1.00,1.50
2016.08.15 14:59:27.254,1.13131,1.13135,1.00,1.00
2016.08.15 14:59:27.357,1.13131,1.13135,1.00,1.50
2016.08.15 14:59:27.691,1.13132,1.13135,1.00,1.00
2016.08.15 14:59:27.843,1.13135,1.13137,1.50,1.65
2016.08.15 14:59:27.894,1.13135,1.13137,1.50,1.00
2016.08.15 14:59:27.945,1.13136,1.13138,1.00,1.50
2016.08.15 14:59:28.461,1.13135,1.13136,1.00,1.00
2016.08.15 14:59:28.511,1.13135,1.13137,1.50,1.00
2016.08.15 14:59:28.782,1.13135,1.13136,1.00,1.00
2016.08.15 14:59:28.935,1.13131,1.13135,1.50,1.50
2016.08.15 14:59:28.986,1.13132,1.13135,1.00,1.50
2016.08.15 14:59:29.037,1.13132,1.13135,1.00,1.00
2016.08.15 14:59:29.138,1.13132,1.13135,1.00,1.50
2016.08.15 14:59:29.240,1.13133,1.13135,1.00,1.00
2016.08.15 14:59:29.759,1.13135,1.13137,1.00,1.00
2016.08.15 14:59:29.810,1.13133,1.13137,1.00,1.00
2016.08.15 14:59:29.861,1.13135,1.13137,1.00,1.00
2016.08.15 14:59:30.073,1.13137,1.13139,1.00,1.00
2016.08.15 14:59:30.227,1.13134,1.13137,1.00,1.00
2016.08.15 14:59:30.279,1.13134,1.13138,1.00,1.00
2016.08.15 14:59:30.330,1.13136,1.13138,1.00,1.00
2016.08.15 14:59:30.880,1.13135,1.13138,1.50,1.00
2016.08.15 14:59:30.931,1.13135,1.13138,1.00,1.00
2016.08.15 14:59:30.982,1.13136,1.13138,1.00,1.00
2016.08.15 14:59:31.033,1.13136,1.1314,1.00,4.87
2016.08.15 14:59:31.084,1.13136,1.1314,1.00,4.50
2016.08.15 14:59:31.136,1.13135,1.13139,1.50,1.00
2016.08.15 14:59:31.341,1.13135,1.13138,1.00,1.00
2016.08.15 14:59:31.865,1.13135,1.13137,1.50,1.00
2016.08.15 14:59:31.916,1.13135,1.13138,1.00,1.50
2016.08.15 14:59:31.968,1.13134,1.13137,1.50,1.00
2016.08.15 14:59:32.070,1.13134,1.13137,1.00,1.00
2016.08.15 14:59:32.173,1.13135,1.13137,1.00,1.00
2016.08.15 14:59:32.427,1.13135,1.13136,1.00,1.50
2016.08.15 14:59:32.681,1.13134,1.13136,1.00,1.00
2016.08.15 14:59:32.987,1.13134,1.13136,1.00,1.00
2016.08.15 14:59:33.140,1.13131,1.13134,1.00,1.00
2016.08.15 14:59:33.192,1.1313,1.13134,1.50,1.00
2016.08.15 14:59:33.293,1.13132,1.13134,1.00,1.12
2016.08.15 14:59:33.620,1.13131,1.13134,1.00,1.00
2016.08.15 14:59:33.672,1.13131,1.13134,1.00,1.50
2016.08.15 14:59:33.724,1.1313,1.13132,1.50,1.00
2016.08.15 14:59:33.930,1.13131,1.13134,1.00,1.87
2016.08.15 14:59:33.981,1.13131,1.13134,1.00,1.12
2016.08.15 14:59:34.090,1.1313,1.13133,1.50,1.00
2016.08.15 14:59:34.142,1.1313,1.13133,1.00,1.00
2016.08.15 14:59:34.717,1.1313,1.13133,1.50,1.00
2016.08.15 14:59:34.786,1.13133,1.13136,1.00,4.87
2016.08.15 14:59:34.837,1.13133,1.13135,1.00,2.62
2016.08.15 14:59:34.888,1.13132,1.13135,1.00,1.37
2016.08.15 14:59:34.991,1.13134,1.13137,1.00,1.87
2016.08.15 14:59:35.042,1.13135,1.13137,1.00,2.25
2016.08.15 14:59:35.093,1.13136,1.13137,1.00,1.50
2016.08.15 14:59:35.145,1.13134,1.13137,1.00,1.37
2016.08.15 14:59:35.196,1.13134,1.13137,1.00,2.62
2016.08.15 14:59:35.247,1.13134,1.13137,1.00,3.00
2016.08.15 14:59:35.348,1.13134,1.13137,1.00,1.87
2016.08.15 14:59:35.648,1.13134,1.13136,1.00,1.50
2016.08.15 14:59:35.700,1.13134,1.13135,1.00,1.00
2016.08.15 14:59:35.751,1.13132,1.13135,1.00,1.50
2016.08.15 14:59:35.802,1.13133,1.13135,1.00,1.00
2016.08.15 14:59:35.853,1.13132,1.13135,1.00,1.37
2016.08.15 14:59:35.905,1.13132,1.13135,1.00,1.87
2016.08.15 14:59:35.956,1.13132,1.13135,1.00,2.62
2016.08.15 14:59:36.007,1.13132,1.13135,1.00,1.12
2016.08.15 14:59:36.058,1.13132,1.13135,1.00,1.00
2016.08.15 14:59:36.109,1.13133,1.13135,1.00,1.50
2016.08.15 14:59:36.512,1.13133,1.13134,1.00,1.00
2016.08.15 14:59:36.614,1.13134,1.13136,1.00,1.50
2016.08.15 14:59:36.665,1.13133,1.13136,1.00,1.00
2016.08.15 14:59:36.716,1.13134,1.13137,1.00,1.50
2016.08.15 14:59:36.818,1.13134,1.13137,1.00,2.25
2016.08.15 14:59:37.560,1.13135,1.13137,1.00,2.25
2016.08.15 14:59:37.652,1.13138,1.1314,1.00,1.50
2016.08.15 14:59:37.704,1.13138,1.13141,1.00,2.10
2016.08.15 14:59:37.756,1.1314,1.13141,1.50,1.00
2016.08.15 14:59:37.807,1.13141,1.13143,1.00,1.12
2016.08.15 14:59:37.858,1.13141,1.13143,1.00,1.00
2016.08.15 14:59:37.910,1.13141,1.13143,1.00,1.12
2016.08.15 14:59:37.961,1.13141,1.13144,1.00,3.07
2016.08.15 14:59:38.022,1.13141,1.13144,1.00,1.00
2016.08.15 14:59:38.073,1.13143,1.13145,1.00,1.12
2016.08.15 14:59:38.385,1.13145,1.13147,1.50,2.02
2016.08.15 14:59:38.437,1.13143,1.13144,1.00,1.00
2016.08.15 14:59:38.539,1.13142,1.13145,1.00,2.25
2016.08.15 14:59:38.592,1.13139,1.13144,1.50,2.55
2016.08.15 14:59:38.644,1.13139,1.13142,1.50,1.00
2016.08.15 14:59:38.696,1.1314,1.13142,1.00,1.00
2016.08.15 14:59:38.747,1.13139,1.13142,1.00,1.10
2016.08.15 14:59:38.901,1.13139,1.13142,1.00,1.42
2016.08.15 14:59:38.952,1.13139,1.13142,1.00,1.10
2016.08.15 14:59:39.390,1.13139,1.13143,1.00,2.92
2016.08.15 14:59:39.493,1.1314,1.13142,1.00,1.10
2016.08.15 14:59:39.596,1.13138,1.13142,1.00,1.10
2016.08.15 14:59:39.647,1.13138,1.13142,1.00,1.00
2016.08.15 14:59:39.698,1.13138,1.13143,1.00,2.25
2016.08.15 14:59:39.749,1.13138,1.13143,1.00,3.00
2016.08.15 14:59:39.800,1.13138,1.13142,1.00,1.00
2016.08.15 14:59:39.851,1.1314,1.13142,1.00,1.00
2016.08.15 14:59:40.140,1.13141,1.13143,1.00,1.00
2016.08.15 14:59:40.242,1.13141,1.13143,1.00,1.50
2016.08.15 14:59:40.344,1.13142,1.13144,1.00,1.00
2016.08.15 14:59:40.395,1.13142,1.13145,1.00,1.50
2016.08.15 14:59:40.497,1.13145,1.13147,1.50,1.87
2016.08.15 14:59:40.548,1.13145,1.13147,1.50,1.00
2016.08.15 14:59:40.599,1.13145,1.13147,1.00,2.25
2016.08.15 14:59:40.901,1.13145,1.13147,1.50,2.25
2016.08.15 14:59:40.953,1.13145,1.13147,1.00,2.25
2016.08.15 14:59:41.055,1.13145,1.13147,1.50,2.25
2016.08.15 14:59:41.106,1.13145,1.13147,1.00,1.50
2016.08.15 14:59:41.371,1.13145,1.13147,1.00,1.00
2016.08.15 14:59:41.422,1.13144,1.13146,1.00,1.00
2016.08.15 14:59:41.575,1.13143,1.13148,1.00,2.62
2016.08.15 14:59:41.677,1.13142,1.13145,1.00,1.00
2016.08.15 14:59:41.778,1.13141,1.13145,1.00,1.50
2016.08.15 14:59:41.829,1.13144,1.13145,1.00,1.00
2016.08.15 14:59:42.118,1.13145,1.13147,1.00,1.00
2016.08.15 14:59:42.625,1.13145,1.13147,1.00,1.00
2016.08.15 14:59:42.977,1.13145,1.13148,1.00,1.50
2016.08.15 14:59:43.029,1.13145,1.13148,1.00,2.25
2016.08.15 14:59:43.189,1.13145,1.13148,1.50,2.25
2016.08.15 14:59:43.261,1.13145,1.13148,1.00,2.25
2016.08.15 14:59:43.312,1.13145,1.13148,1.00,3.00
2016.08.15 14:59:43.363,1.13145,1.13148,1.50,3.00
2016.08.15 14:59:43.414,1.13145,1.13148,1.50,2.25
2016.08.15 14:59:43.465,1.13144,1.13145,1.00,1.00
2016.08.15 14:59:43.567,1.13143,1.13146,1.00,1.00
2016.08.15 14:59:43.816,1.13143,1.13145,1.00,1.00
2016.08.15 14:59:43.867,1.1314,1.13144,1.50,1.50
2016.08.15 14:59:43.918,1.1314,1.13142,1.50,1.00
2016.08.15 14:59:43.970,1.1314,1.13142,1.00,1.00
2016.08.15 14:59:44.275,1.13142,1.13145,1.00,1.00
2016.08.15 14:59:44.920,1.1314,1.13141,1.87,1.00
2016.08.15 14:59:44.973,1.13136,1.1314,1.00,1.50
2016.08.15 14:59:45.028,1.13138,1.1314,1.00,1.50
2016.08.15 14:59:45.387,1.13138,1.1314,1.00,1.00
2016.08.15 14:59:45.438,1.13135,1.1314,1.12,1.00
2016.08.15 14:59:45.489,1.13135,1.13138,1.50,1.00
2016.08.15 14:59:45.739,1.13135,1.13138,1.00,1.00
2016.08.15 14:59:45.790,1.1314,1.13141,1.00,1.00
2016.08.15 14:59:45.893,1.13139,1.13141,1.00,1.00
2016.08.15 14:59:45.944,1.13139,1.13142,1.00,1.50
2016.08.15 14:59:45.996,1.1314,1.13142,1.50,1.00
2016.08.15 14:59:46.099,1.1314,1.13142,1.00,1.00
2016.08.15 14:59:46.201,1.13139,1.13142,1.00,1.00
2016.08.15 14:59:46.664,1.13141,1.13143,1.00,1.00
2016.08.15 14:59:46.716,1.1314,1.13144,1.00,3.37
2016.08.15 14:59:46.767,1.1314,1.13142,1.50,1.50
2016.08.15 14:59:46.818,1.1314,1.13141,1.00,1.00
2016.08.15 14:59:46.869,1.13139,1.13141,1.50,1.00
2016.08.15 14:59:46.971,1.1314,1.13141,1.00,1.00
2016.08.15 14:59:47.073,1.13139,1.13141,1.00,1.00
2016.08.15 14:59:47.175,1.13137,1.13141,1.00,1.00
2016.08.15 14:59:47.226,1.13138,1.13142,1.00,1.50
2016.08.15 14:59:47.277,1.13139,1.13142,1.00,1.50
2016.08.15 14:59:47.617,1.13137,1.13139,1.00,1.00
2016.08.15 14:59:47.719,1.13138,1.1314,1.00,1.50
2016.08.15 14:59:47.821,1.13135,1.13138,1.50,1.00
2016.08.15 14:59:47.984,1.13136,1.13138,1.00,1.00
2016.08.15 14:59:48.137,1.13134,1.13136,3.15,1.00
2016.08.15 14:59:48.188,1.13134,1.13136,2.40,1.00
2016.08.15 14:59:48.458,1.13133,1.13135,1.87,1.00
2016.08.15 14:59:49.010,1.13133,1.13135,1.12,1.00
2016.08.15 14:59:49.336,1.13133,1.13135,1.87,1.00
2016.08.15 14:59:50.325,1.13133,1.13135,1.12,1.00
2016.08.15 14:59:50.376,1.13132,1.13135,3.45,1.00
2016.08.15 14:59:50.628,1.13132,1.13135,2.25,1.50
2016.08.15 14:59:50.680,1.1313,1.13133,1.57,1.00
2016.08.15 14:59:50.731,1.1313,1.13133,1.27,1.00
2016.08.15 14:59:51.138,1.13129,1.13132,1.87,1.00
2016.08.15 14:59:51.189,1.13129,1.13131,1.50,1.50
2016.08.15 14:59:51.241,1.13127,1.1313,5.25,1.50
2016.08.15 14:59:51.292,1.13127,1.1313,2.62,1.00
2016.08.15 14:59:51.572,1.13127,1.13129,1.50,1.00
2016.08.15 14:59:51.623,1.13126,1.13129,3.45,1.00
2016.08.15 14:59:51.674,1.13126,1.1313,3.45,1.50
2016.08.15 14:59:51.725,1.13126,1.1313,4.20,1.50
2016.08.15 14:59:51.827,1.13126,1.13129,4.20,1.00
2016.08.15 14:59:51.938,1.13127,1.13129,1.10,1.00
2016.08.15 14:59:52.141,1.13126,1.13129,1.57,1.00
2016.08.15 14:59:52.709,1.13126,1.13128,1.07,1.00
2016.08.15 14:59:52.761,1.13126,1.13129,3.52,1.00
2016.08.15 14:59:53.137,1.13126,1.13128,2.02,1.00
2016.08.15 14:59:53.189,1.13125,1.13128,4.12,1.00
2016.08.15 14:59:53.240,1.13125,1.13128,1.87,1.00
2016.08.15 14:59:53.292,1.13125,1.13128,1.50,1.00
2016.08.15 14:59:53.344,1.13124,1.13127,2.70,1.00
2016.08.15 14:59:53.594,1.13124,1.13127,1.95,1.00
2016.08.15 14:59:53.645,1.13124,1.13127,1.20,1.00
2016.08.15 14:59:53.747,1.13124,1.13127,1.20,1.00
2016.08.15 14:59:53.899,1.13123,1.13126,3.45,1.00
2016.08.15 14:59:53.951,1.13123,1.13126,2.02,1.00
2016.08.15 14:59:54.002,1.13122,1.13126,4.50,1.00
2016.08.15 14:59:54.053,1.13122,1.13126,4.57,1.00
2016.08.15 14:59:54.104,1.13123,1.13126,1.12,1.00
2016.08.15 14:59:54.322,1.13123,1.13126,1.87,1.00
2016.08.15 14:59:54.577,1.13123,1.13125,2.62,1.50
2016.08.15 14:59:54.629,1.13122,1.13125,4.65,1.00
2016.08.15 14:59:54.730,1.13122,1.13125,3.90,1.00
2016.08.15 14:59:54.832,1.13122,1.13124,2.40,1.00
2016.08.15 14:59:54.935,1.13122,1.13124,1.57,1.00
2016.08.15 14:59:54.986,1.13122,1.13124,1.50,1.00
2016.08.15 14:59:55.038,1.13122,1.13124,1.00,1.00
2016.08.15 14:59:55.141,1.13121,1.13124,3.34,1.00
2016.08.15 14:59:55.192,1.13121,1.13124,4.09,1.00
2016.08.15 14:59:55.243,1.13121,1.13124,2.96,1.00
2016.08.15 14:59:55.517,1.13121,1.13124,2.77,1.00
2016.08.15 14:59:55.568,1.13118,1.13122,4.76,1.00
2016.08.15 14:59:55.619,1.13117,1.1312,5.06,1.00
2016.08.15 14:59:55.670,1.13117,1.13119,3.07,1.00
2016.08.15 14:59:55.721,1.13116,1.13119,2.25,1.00
2016.08.15 14:59:55.772,1.13116,1.13118,1.50,1.00
2016.08.15 14:59:55.847,1.13114,1.13118,7.69,1.00
2016.08.15 14:59:55.898,1.13114,1.13118,6.56,1.00
2016.08.15 14:59:56.000,1.13114,1.13118,4.69,1.00
2016.08.15 14:59:56.390,1.13115,1.13118,1.37,1.00
2016.08.15 14:59:56.649,1.13116,1.1312,1.87,2.25
2016.08.15 14:59:56.701,1.13116,1.1312,1.87,1.50
2016.08.15 14:59:56.861,1.13116,1.1312,1.50,1.50
2016.08.15 14:59:56.911,1.13116,1.1312,1.00,1.50
2016.08.15 14:59:56.962,1.13116,1.1312,1.50,1.50
2016.08.15 14:59:57.064,1.13115,1.13119,3.82,1.00
2016.08.15 14:59:57.115,1.13115,1.13119,2.70,1.00
2016.08.15 14:59:57.166,1.13115,1.13119,1.95,1.00
2016.08.15 14:59:57.218,1.13115,1.13119,3.07,1.00
2016.08.15 14:59:57.269,1.13115,1.13117,3.07,1.00
2016.08.15 14:59:57.575,1.13113,1.13115,1.57,1.00
2016.08.15 14:59:57.626,1.13113,1.13115,1.50,1.50
2016.08.15 14:59:57.727,1.13113,1.13115,1.00,1.50
2016.08.15 14:59:58.032,1.13113,1.13115,1.12,1.50
2016.08.15 14:59:58.133,1.13111,1.13115,4.20,1.50
2016.08.15 14:59:58.184,1.13111,1.13115,5.32,1.50
2016.08.15 14:59:58.558,1.13112,1.13115,1.00,1.50
2016.08.15 14:59:58.610,1.13112,1.13115,1.00,1.00
2016.08.15 14:59:58.661,1.13112,1.13115,1.37,1.00
2016.08.15 14:59:58.712,1.13113,1.13115,1.12,1.00
2016.08.15 14:59:58.763,1.13113,1.13115,1.87,1.00
2016.08.15 14:59:58.814,1.13113,1.13115,1.87,1.50
2016.08.15 14:59:58.915,1.13113,1.13115,1.87,1.00
2016.08.15 14:59:58.966,1.13113,1.13115,1.12,1.00
2016.08.15 14:59:59.017,1.13113,1.13115,1.00,1.00
2016.08.15 14:59:59.119,1.13113,1.13115,1.00,1.50
2016.08.15 14:59:59.772,1.13114,1.13117,3.00,1.00
2016.08.15 14:59:59.824,1.13114,1.13117,2.25,1.00
2016.08.15 14:59:59.876,1.13114,1.13117,3.00,1.00
2016.08.15 14:59:59.978,1.13114,1.13117,2.25,1.00
