2013.01.17 17:00:01.350,1.19415,1.19432,1.13,4.13
2013.01.17 17:00:02.020,1.19413,1.19429,3.23,1.73
2013.01.17 17:00:02.326,1.19415,1.19429,1.65,2.48
2013.01.17 17:00:03.135,1.19415,1.19431,3.38,1.13
2013.01.17 17:00:03.330,1.19416,1.19431,1.73,1.13
2013.01.17 17:00:03.810,1.19417,1.19433,2.63,3.60
2013.01.17 17:00:04.680,1.19417,1.19433,2.63,2.10
2013.01.17 17:00:06.880,1.19417,1.19433,2.40,2.10
2013.01.17 17:00:09.011,1.19417,1.19433,3.15,1.73
2013.01.17 17:00:09.071,1.19423,1.19435,1.50,2.48
2013.01.17 17:00:09.131,1.19423,1.19435,1.50,2.48
2013.01.17 17:00:09.253,1.19423,1.19437,1.88,1.35
2013.01.17 17:00:09.321,1.19425,1.19438,2.48,1.73
2013.01.17 17:00:10.551,1.19423,1.19439,1.50,1.88
2013.01.17 17:00:10.672,1.19422,1.19437,1.73,1.73
2013.01.17 17:00:11.910,1.19424,1.19439,1.88,2.48
2013.01.17 17:00:15.880,1.19424,1.19438,1.73,3.90
2013.01.17 17:00:16.240,1.19424,1.19439,1.13,3.23
2013.01.17 17:00:20.640,1.19424,1.19434,1.13,2.25
2013.01.17 17:00:20.762,1.19422,1.19434,2.85,3.00
2013.01.17 17:00:21.002,1.1942,1.19432,1.50,2.48
2013.01.17 17:00:21.425,1.19416,1.19432,2.48,2.48
2013.01.17 17:00:22.120,1.19415,1.19432,1.13,3.98
2013.01.17 17:00:24.160,1.19415,1.19432,1.13,5.48
2013.01.17 17:00:26.140,1.19415,1.19432,1.13,3.98
2013.01.17 17:00:26.591,1.19417,1.19432,1.88,3.75
2013.01.17 17:00:26.650,1.19418,1.19433,1.88,1.13
2013.01.17 17:00:26.831,1.1942,1.19434,2.40,1.73
2013.01.17 17:00:27.072,1.19423,1.19438,1.50,2.48
2013.01.17 17:00:27.130,1.19423,1.19438,1.73,2.48
2013.01.17 17:00:27.201,1.19423,1.19439,2.48,1.73
2013.01.17 17:00:27.860,1.19423,1.19435,1.73,1.50
2013.01.17 17:00:27.921,1.19421,1.19435,1.35,2.25
2013.01.17 17:00:27.982,1.1942,1.19435,1.50,2.48
2013.01.17 17:00:28.340,1.19419,1.19434,1.50,2.48
2013.01.17 17:00:28.401,1.19416,1.19434,3.23,2.48
2013.01.17 17:00:28.924,1.19416,1.19434,3.98,1.73
2013.01.17 17:00:30.249,1.19416,1.19434,3.98,2.48
2013.01.17 17:00:33.549,1.19419,1.19434,2.25,1.73
2013.01.17 17:00:33.756,1.1942,1.19434,1.88,1.50
2013.01.17 17:00:34.359,1.1942,1.19434,1.88,1.50
2013.01.17 17:00:34.919,1.1942,1.19434,1.88,1.50
2013.01.17 17:00:36.332,1.1942,1.19434,1.13,1.50
2013.01.17 17:00:36.770,1.19416,1.19433,1.13,1.73
2013.01.17 17:00:37.280,1.19416,1.19433,1.05,1.73
2013.01.17 17:00:38.244,1.1942,1.19434,1.80,2.25
2013.01.17 17:00:38.563,1.1942,1.19436,1.88,1.50
2013.01.17 17:00:39.540,1.19421,1.19436,1.13,1.50
2013.01.17 17:00:39.750,1.19421,1.19438,1.50,1.50
2013.01.17 17:00:40.270,1.19422,1.19439,1.73,3.38
2013.01.17 17:00:40.891,1.1942,1.19437,4.88,1.50
2013.01.17 17:00:41.252,1.1942,1.19435,1.13,2.25
2013.01.17 17:00:42.410,1.19422,1.19438,1.13,5.40
2013.01.17 17:00:46.739,1.1942,1.19438,1.88,5.03
2013.01.17 17:00:48.470,1.19422,1.19438,1.13,2.40
2013.01.17 17:00:52.801,1.19423,1.19438,1.13,1.50
2013.01.17 17:00:54.072,1.19424,1.19442,2.48,3.53
2013.01.17 17:00:54.731,1.19423,1.19439,2.63,1.50
2013.01.17 17:00:54.850,1.19423,1.19442,4.13,2.78
2013.01.17 17:00:57.380,1.19423,1.1944,4.13,2.25
2013.01.17 17:00:57.500,1.19423,1.1944,3.38,2.25
2013.01.17 17:00:58.121,1.19422,1.19438,2.48,1.50
2013.01.17 17:00:58.301,1.19421,1.19436,1.73,4.13
2013.01.17 17:00:58.362,1.19421,1.19433,1.50,1.65
2013.01.17 17:00:58.900,1.19415,1.19433,3.38,5.25
2013.01.17 17:01:00.423,1.19415,1.19433,3.75,5.25
2013.01.17 17:01:01.684,1.19415,1.19433,3.38,5.25
2013.01.17 17:01:05.396,1.19416,1.19433,1.73,2.63
2013.01.17 17:01:14.010,1.19415,1.19433,2.63,3.38
2013.01.17 17:01:15.650,1.19418,1.19433,1.73,3.38
2013.01.17 17:01:16.083,1.19418,1.19433,1.73,2.03
2013.01.17 17:01:16.330,1.19413,1.19429,1.88,1.50
2013.01.17 17:01:17.013,1.19413,1.19428,1.88,2.25
2013.01.17 17:01:18.200,1.19411,1.19427,2.10,1.50
2013.01.17 17:01:18.721,1.19411,1.19427,1.88,1.50
2013.01.17 17:01:19.021,1.19411,1.19425,1.88,1.50
2013.01.17 17:01:19.562,1.19417,1.19427,1.73,1.50
2013.01.17 17:01:19.621,1.19417,1.19427,2.48,1.50
2013.01.17 17:01:19.681,1.19417,1.19428,2.48,1.50
2013.01.17 17:01:20.231,1.19417,1.1943,3.23,1.50
2013.01.17 17:01:22.422,1.19421,1.1943,1.50,1.50
2013.01.17 17:01:22.796,1.19422,1.19435,2.48,1.50
2013.01.17 17:01:22.864,1.19424,1.19436,1.13,1.50
2013.01.17 17:01:22.980,1.19426,1.19439,2.63,2.25
2013.01.17 17:01:27.051,1.19427,1.19441,2.63,1.50
2013.01.17 17:01:29.601,1.19428,1.19442,2.63,1.50
2013.01.17 17:01:29.720,1.19428,1.19444,2.63,2.25
2013.01.17 17:01:29.841,1.19428,1.19442,2.63,1.50
2013.01.17 17:01:31.060,1.19429,1.19442,1.13,1.50
2013.01.17 17:01:31.290,1.19429,1.19445,1.13,2.25
2013.01.17 17:01:31.820,1.19429,1.19444,1.13,1.50
2013.01.17 17:01:33.102,1.19432,1.19445,1.13,2.25
2013.01.17 17:01:33.970,1.19436,1.19447,1.13,1.50
2013.01.17 17:01:34.091,1.19436,1.19447,1.88,1.50
2013.01.17 17:01:34.271,1.19437,1.19451,1.13,3.00
2013.01.17 17:01:34.690,1.19437,1.19451,1.13,1.50
2013.01.17 17:01:40.511,1.19437,1.19451,1.13,2.40
2013.01.17 17:01:41.701,1.19436,1.19452,1.13,2.40
2013.01.17 17:01:41.946,1.19435,1.19451,4.13,2.40
2013.01.17 17:01:42.071,1.19433,1.19448,1.88,1.65
2013.01.17 17:01:42.131,1.19433,1.19448,1.73,1.88
2013.01.17 17:01:42.555,1.19435,1.19447,1.13,1.50
2013.01.17 17:01:42.622,1.19435,1.1945,1.13,2.40
2013.01.17 17:01:42.861,1.19441,1.19455,1.50,1.13
2013.01.17 17:01:42.921,1.19442,1.19456,1.73,1.13
2013.01.17 17:01:43.221,1.19442,1.19458,1.13,1.28
2013.01.17 17:01:46.152,1.19444,1.19459,1.73,1.65
2013.01.17 17:01:47.151,1.19441,1.19456,1.35,2.40
2013.01.17 17:01:47.284,1.1944,1.19455,1.88,1.50
2013.01.17 17:01:47.425,1.19441,1.19458,1.35,2.63
2013.01.17 17:01:47.790,1.19442,1.19457,2.48,2.48
2013.01.17 17:01:47.850,1.19442,1.1946,2.48,1.13
2013.01.17 17:01:47.971,1.19445,1.19461,1.13,3.00
2013.01.17 17:01:49.305,1.19445,1.19462,1.50,2.48
2013.01.17 17:01:49.861,1.19447,1.19462,1.13,1.73
2013.01.17 17:01:50.223,1.19453,1.19465,1.73,1.50
2013.01.17 17:01:50.460,1.19451,1.19467,3.00,1.13
2013.01.17 17:01:52.621,1.19451,1.19468,1.50,2.85
2013.01.17 17:01:52.741,1.19453,1.19468,2.63,2.48
2013.01.17 17:01:52.801,1.19453,1.19469,2.63,1.73
2013.01.17 17:01:53.182,1.19456,1.19471,1.13,1.73
2013.01.17 17:01:55.691,1.19455,1.19469,1.13,1.50
2013.01.17 17:01:56.051,1.19451,1.19463,1.13,2.63
2013.01.17 17:01:56.350,1.19449,1.19463,1.73,1.88
2013.01.17 17:01:56.410,1.19446,1.19463,1.35,1.88
2013.01.17 17:01:58.930,1.19447,1.19463,2.48,2.63
2013.01.17 17:01:59.691,1.19451,1.19461,1.50,2.48
2013.01.17 17:02:00.242,1.19452,1.19467,3.23,1.65
2013.01.17 17:02:01.647,1.19453,1.19468,2.48,1.13
2013.01.17 17:02:04.480,1.19453,1.19469,2.48,1.88
2013.01.17 17:02:04.600,1.19453,1.1947,3.38,1.13
2013.01.17 17:02:07.321,1.19453,1.19468,2.25,1.88
2013.01.17 17:02:07.621,1.1945,1.19464,1.73,3.38
2013.01.17 17:02:07.992,1.19446,1.19461,2.33,1.13
2013.01.17 17:02:08.148,1.19446,1.19461,1.58,1.88
2013.01.17 17:02:08.933,1.19444,1.1946,2.85,2.48
2013.01.17 17:02:09.050,1.19444,1.1946,2.48,1.35
2013.01.17 17:02:10.056,1.19444,1.1946,1.73,1.35
2013.01.17 17:02:10.311,1.19443,1.19458,2.48,2.40
2013.01.17 17:02:10.430,1.19443,1.19458,2.48,2.63
2013.01.17 17:02:12.033,1.19443,1.19458,2.48,3.90
2013.01.17 17:02:12.590,1.19443,1.19457,2.48,2.40
2013.01.17 17:02:13.878,1.19443,1.19457,2.63,2.25
2013.01.17 17:02:13.940,1.19443,1.19459,2.63,3.08
2013.01.17 17:02:14.001,1.19443,1.19459,2.63,2.85
2013.01.17 17:02:14.920,1.19443,1.1946,2.63,1.65
2013.01.17 17:02:15.674,1.19444,1.19461,2.63,2.40
2013.01.17 17:02:16.180,1.19443,1.19461,2.63,2.63
2013.01.17 17:02:16.300,1.19443,1.19457,1.88,1.50
2013.01.17 17:02:16.601,1.1944,1.19453,2.48,1.65
2013.01.17 17:02:16.970,1.19434,1.19451,1.35,1.13
2013.01.17 17:02:17.400,1.19433,1.1945,2.48,4.35
2013.01.17 17:02:17.969,1.19431,1.19448,1.73,3.90
2013.01.17 17:02:18.049,1.19429,1.19445,2.63,1.73
2013.01.17 17:02:18.293,1.1943,1.19445,1.88,1.35
2013.01.17 17:02:18.411,1.19433,1.19445,1.65,1.35
2013.01.17 17:02:18.660,1.19436,1.1945,1.73,1.88
2013.01.17 17:02:18.780,1.19436,1.1945,1.88,1.50
2013.01.17 17:02:18.900,1.19437,1.19451,1.73,1.65
2013.01.17 17:02:22.370,1.19436,1.19452,1.73,1.13
2013.01.17 17:02:24.331,1.19436,1.19453,1.88,2.63
2013.01.17 17:02:24.691,1.19438,1.19454,2.48,1.13
2013.01.17 17:02:25.050,1.19441,1.19455,3.23,1.50
2013.01.17 17:02:25.379,1.19441,1.19457,3.23,1.73
2013.01.17 17:02:29.221,1.19444,1.1946,2.63,1.88
2013.01.17 17:02:29.580,1.19448,1.19461,1.88,1.50
2013.01.17 17:02:29.760,1.19447,1.19464,1.13,3.15
2013.01.17 17:02:30.181,1.19447,1.19463,1.13,1.88
2013.01.17 17:02:30.770,1.19445,1.19462,1.73,1.13
2013.01.17 17:02:30.891,1.19444,1.19458,2.25,1.13
2013.01.17 17:02:31.018,1.19442,1.19457,1.50,2.25
2013.01.17 17:02:33.240,1.1944,1.19457,1.35,3.00
2013.01.17 17:02:33.993,1.19439,1.19454,1.73,1.35
2013.01.17 17:02:35.050,1.19437,1.19449,3.23,2.25
2013.01.17 17:02:35.496,1.19437,1.19448,1.73,1.88
2013.01.17 17:02:35.566,1.19433,1.19449,1.65,1.88
2013.01.17 17:02:35.631,1.19434,1.19447,1.13,2.25
2013.01.17 17:02:35.757,1.19433,1.19446,2.48,1.50
2013.01.17 17:02:36.420,1.19433,1.19448,2.48,1.50
2013.01.17 17:02:37.472,1.19433,1.19446,1.73,1.88
2013.01.17 17:02:37.533,1.19429,1.19441,1.50,1.35
2013.01.17 17:02:37.591,1.19427,1.19441,3.00,1.35
2013.01.17 17:02:37.890,1.19424,1.1944,4.13,1.35
2013.01.17 17:02:40.050,1.1943,1.19442,1.50,2.10
2013.01.17 17:02:40.230,1.19437,1.1945,1.73,3.00
2013.01.17 17:02:42.860,1.1944,1.19452,2.25,2.10
2013.01.17 17:02:43.225,1.19443,1.19457,3.75,1.13
2013.01.17 17:02:43.351,1.19441,1.19454,1.50,1.73
2013.01.17 17:02:43.411,1.19441,1.1945,1.50,2.63
2013.01.17 17:02:43.591,1.19434,1.19447,1.50,2.48
2013.01.17 17:02:43.711,1.19433,1.19447,1.50,1.73
2013.01.17 17:02:44.013,1.19432,1.19447,1.65,1.73
2013.01.17 17:02:44.071,1.19432,1.19447,3.75,2.63
2013.01.17 17:02:44.131,1.19432,1.19447,2.25,4.13
2013.01.17 17:02:44.610,1.19432,1.19449,3.00,1.88
2013.01.17 17:02:44.790,1.19432,1.19449,3.00,3.38
2013.01.17 17:02:45.300,1.19432,1.19447,1.50,1.73
2013.01.17 17:02:47.330,1.19434,1.19448,1.65,3.98
2013.01.17 17:02:47.451,1.19437,1.19453,1.13,3.38
2013.01.17 17:02:47.571,1.19436,1.19452,2.63,1.13
2013.01.17 17:02:47.751,1.19436,1.19451,1.13,1.13
2013.01.17 17:02:47.811,1.19436,1.19451,1.13,1.13
2013.01.17 17:02:47.872,1.19436,1.19451,2.63,2.48
2013.01.17 17:02:47.990,1.19435,1.1945,1.50,1.73
2013.01.17 17:02:48.231,1.19433,1.19447,2.25,2.63
2013.01.17 17:02:48.350,1.19433,1.19447,2.25,2.63
2013.01.17 17:02:48.590,1.19432,1.19447,1.13,2.63
2013.01.17 17:02:48.870,1.19432,1.19447,1.35,2.63
2013.01.17 17:02:49.571,1.19432,1.19447,1.50,2.25
2013.01.17 17:02:49.871,1.19443,1.19457,1.50,2.63
2013.01.17 17:02:49.931,1.19443,1.19457,1.50,2.63
2013.01.17 17:02:50.293,1.1945,1.19464,1.58,1.13
2013.01.17 17:02:50.353,1.19452,1.19465,1.73,1.50
2013.01.17 17:02:50.531,1.19456,1.19468,1.73,2.25
2013.01.17 17:02:50.711,1.19457,1.19471,1.88,1.13
2013.01.17 17:02:50.851,1.19457,1.19472,1.88,1.50
2013.01.17 17:02:50.974,1.19456,1.19469,1.95,1.50
2013.01.17 17:02:51.163,1.19453,1.1947,4.20,1.65
2013.01.17 17:02:51.402,1.19461,1.19472,2.03,3.75
2013.01.17 17:02:51.701,1.19462,1.19472,2.10,1.50
2013.01.17 17:02:51.880,1.19462,1.19476,2.85,2.25
2013.01.17 17:02:52.000,1.19461,1.19476,2.99,2.40
2013.01.17 17:02:52.121,1.19466,1.19481,2.25,1.65
2013.01.17 17:02:52.181,1.19466,1.19481,2.85,1.65
2013.01.17 17:02:52.732,1.19468,1.19482,1.50,2.40
2013.01.17 17:02:52.791,1.19468,1.19478,1.73,1.50
2013.01.17 17:02:53.090,1.19463,1.19477,2.48,2.25
2013.01.17 17:02:53.521,1.19464,1.19481,4.23,2.40
2013.01.17 17:02:54.070,1.19464,1.19481,4.23,3.15
2013.01.17 17:02:54.190,1.19466,1.19483,3.08,2.40
2013.01.17 17:02:55.060,1.19467,1.19483,1.22,2.40
2013.01.17 17:02:55.120,1.19471,1.19483,1.73,1.50
2013.01.17 17:02:55.670,1.19471,1.19484,1.73,1.50
2013.01.17 17:02:56.370,1.19471,1.19483,1.73,1.50
2013.01.17 17:02:57.450,1.19469,1.19483,1.73,2.40
2013.01.17 17:02:57.511,1.19466,1.19479,2.41,1.50
2013.01.17 17:02:57.571,1.19466,1.19477,1.73,1.50
2013.01.17 17:02:57.750,1.19464,1.19477,3.75,1.50
2013.01.17 17:02:58.230,1.19464,1.1948,2.48,3.90
2013.01.17 17:02:58.651,1.19466,1.19483,2.63,3.00
2013.01.17 17:02:58.956,1.19468,1.19483,1.65,1.50
2013.01.17 17:02:59.494,1.19471,1.19482,2.25,1.50
2013.01.17 17:02:59.814,1.19477,1.19485,1.13,2.25
2013.01.17 17:02:59.881,1.19477,1.1949,1.13,1.50
2013.01.17 17:03:00.120,1.19475,1.19492,1.88,2.25
2013.01.17 17:03:00.180,1.19475,1.19489,1.88,1.50
2013.01.17 17:03:00.240,1.19475,1.19491,1.88,3.75
2013.01.17 17:03:00.794,1.19475,1.1949,1.65,1.50
2013.01.17 17:03:00.861,1.19478,1.1949,2.25,1.50
2013.01.17 17:03:01.102,1.19478,1.19492,2.25,1.50
2013.01.17 17:03:01.161,1.19478,1.19492,2.48,1.50
2013.01.17 17:03:01.220,1.19478,1.19494,2.48,1.50
2013.01.17 17:03:02.321,1.19481,1.19492,1.73,1.50
2013.01.17 17:03:02.622,1.19487,1.19492,1.50,1.50
2013.01.17 17:03:02.741,1.19487,1.195,1.65,1.73
2013.01.17 17:03:02.801,1.19488,1.19501,1.13,1.73
2013.01.17 17:03:03.160,1.19495,1.19508,1.88,2.25
2013.01.17 17:03:03.475,1.19495,1.19506,1.73,1.50
2013.01.17 17:03:03.849,1.19495,1.19509,1.73,1.50
2013.01.17 17:03:03.911,1.19495,1.19511,3.23,4.13
2013.01.17 17:03:04.092,1.19503,1.19516,1.65,1.50
2013.01.17 17:03:04.211,1.19506,1.19519,1.65,1.50
2013.01.17 17:03:04.271,1.19507,1.19521,1.65,2.25
2013.01.17 17:03:04.390,1.1951,1.19524,1.65,4.65
2013.01.17 17:03:04.631,1.19512,1.19524,1.65,3.00
2013.01.17 17:03:04.870,1.1951,1.19524,3.90,1.50
2013.01.17 17:03:05.051,1.19513,1.19524,1.73,1.50
2013.01.17 17:03:05.301,1.19516,1.19529,1.73,1.65
2013.01.17 17:03:05.362,1.19519,1.1953,1.73,1.50
2013.01.17 17:03:05.422,1.19521,1.19537,1.13,1.50
2013.01.17 17:03:05.661,1.19522,1.19535,1.73,1.65
2013.01.17 17:03:05.785,1.19522,1.19535,2.48,1.65
2013.01.17 17:03:05.851,1.19525,1.1954,1.50,1.73
2013.01.17 17:03:05.912,1.19525,1.19542,2.48,2.25
2013.01.17 17:03:06.032,1.19526,1.19545,2.10,3.00
2013.01.17 17:03:06.091,1.19529,1.19545,1.73,3.00
2013.01.17 17:03:06.392,1.1953,1.19546,1.73,1.80
2013.01.17 17:03:06.451,1.19528,1.19543,1.73,1.50
2013.01.17 17:03:07.078,1.19524,1.19536,1.73,1.50
2013.01.17 17:03:07.282,1.19512,1.19527,1.73,3.15
2013.01.17 17:03:07.341,1.19512,1.19521,1.73,1.50
2013.01.17 17:03:07.461,1.19512,1.19523,1.73,1.50
2013.01.17 17:03:07.580,1.19514,1.19521,1.73,1.50
2013.01.17 17:03:07.701,1.19514,1.19524,1.73,1.50
2013.01.17 17:03:07.821,1.19512,1.19522,1.73,1.50
2013.01.17 17:03:07.941,1.19512,1.19524,1.73,1.50
2013.01.17 17:03:08.485,1.19508,1.19518,1.73,1.50
2013.01.17 17:03:08.552,1.19507,1.19518,2.48,1.50
2013.01.17 17:03:08.910,1.19502,1.19517,3.15,1.50
2013.01.17 17:03:09.800,1.19502,1.19514,3.15,1.50
2013.01.17 17:03:10.102,1.19501,1.19509,1.50,1.50
2013.01.17 17:03:10.221,1.19497,1.19504,2.48,1.50
2013.01.17 17:03:10.401,1.19491,1.19503,2.48,1.50
2013.01.17 17:03:10.461,1.19491,1.19503,1.73,1.50
2013.01.17 17:03:10.700,1.19485,1.19504,1.73,3.75
2013.01.17 17:03:10.881,1.19485,1.19503,1.73,1.28
2013.01.17 17:03:11.061,1.19485,1.195,1.73,1.50
2013.01.17 17:03:11.612,1.19485,1.195,1.73,1.50
2013.01.17 17:03:11.928,1.19482,1.19501,3.36,3.00
2013.01.17 17:03:12.421,1.19487,1.19504,1.33,1.50
2013.01.17 17:03:12.720,1.19487,1.19504,1.33,1.50
2013.01.17 17:03:13.530,1.19487,1.19504,1.14,1.50
2013.01.17 17:03:14.164,1.1949,1.19507,1.17,1.50
2013.01.17 17:03:14.282,1.19503,1.19512,1.41,2.10
2013.01.17 17:03:14.410,1.19503,1.19517,1.27,2.03
2013.01.17 17:03:14.531,1.19503,1.19517,1.61,1.13
2013.01.17 17:03:14.711,1.19503,1.19518,1.29,1.65
2013.01.17 17:03:14.770,1.19502,1.19517,1.50,1.13
2013.01.17 17:03:15.130,1.19503,1.19518,1.43,1.88
2013.01.17 17:03:15.431,1.19511,1.19524,1.73,2.10
2013.01.17 17:03:15.492,1.19515,1.19528,1.50,2.25
2013.01.17 17:03:15.732,1.19517,1.19535,1.25,2.25
2013.01.17 17:03:15.911,1.19518,1.19535,2.50,1.50
2013.01.17 17:03:16.152,1.19528,1.1954,1.73,4.35
2013.01.17 17:03:16.272,1.1953,1.19549,1.63,3.68
2013.01.17 17:03:16.330,1.1953,1.19546,2.38,2.25
2013.01.17 17:03:16.692,1.1953,1.19549,2.19,2.40
2013.01.17 17:03:16.811,1.19534,1.19551,1.10,1.50
2013.01.17 17:03:17.052,1.19536,1.19553,1.61,1.65
2013.01.17 17:03:17.171,1.19533,1.19553,2.04,1.80
2013.01.17 17:03:17.231,1.19533,1.19551,1.50,1.13
2013.01.17 17:03:17.411,1.19529,1.19549,1.13,1.88
2013.01.17 17:03:17.470,1.19531,1.19551,1.73,3.38
2013.01.17 17:03:17.781,1.1954,1.19554,2.48,1.88
2013.01.17 17:03:17.901,1.1954,1.19556,2.48,1.73
2013.01.17 17:03:18.141,1.19543,1.1956,1.35,1.73
2013.01.17 17:03:18.261,1.19547,1.19562,1.73,1.13
2013.01.17 17:03:18.753,1.19547,1.19561,2.48,2.10
2013.01.17 17:03:19.111,1.19536,1.19555,1.08,2.25
2013.01.17 17:03:19.872,1.1954,1.19551,1.58,1.50
2013.01.17 17:03:19.961,1.19542,1.19559,1.67,3.00
2013.01.17 17:03:20.028,1.19542,1.19555,1.13,1.50
2013.01.17 17:03:20.210,1.19539,1.19554,1.13,2.33
2013.01.17 17:03:20.391,1.19534,1.1955,1.65,2.25
2013.01.17 17:03:20.510,1.19534,1.19545,1.65,1.50
2013.01.17 17:03:20.871,1.19533,1.19545,1.65,1.50
2013.01.17 17:03:20.991,1.19533,1.19545,1.65,1.50
2013.01.17 17:03:21.050,1.19531,1.19543,1.43,1.50
2013.01.17 17:03:21.171,1.19526,1.19543,1.65,2.40
2013.01.17 17:03:21.231,1.19524,1.1954,1.65,1.50
2013.01.17 17:03:21.410,1.19523,1.1954,3.98,1.50
2013.01.17 17:03:21.601,1.19523,1.1954,3.83,2.63
2013.01.17 17:03:22.281,1.19525,1.1954,1.13,2.25
2013.01.17 17:03:22.341,1.19527,1.19545,1.65,3.98
2013.01.17 17:03:22.401,1.19528,1.19545,1.35,3.00
2013.01.17 17:03:22.905,1.19528,1.19546,3.60,3.00
2013.01.17 17:03:22.972,1.19528,1.19546,2.63,3.23
2013.01.17 17:03:23.390,1.19529,1.19544,2.63,1.73
2013.01.17 17:03:23.700,1.19535,1.19552,2.78,1.73
2013.01.17 17:03:23.823,1.19535,1.19552,4.88,1.73
2013.01.17 17:03:24.161,1.19537,1.19552,2.25,2.48
2013.01.17 17:03:24.531,1.19536,1.19553,2.25,4.80
2013.01.17 17:03:25.071,1.19536,1.19552,2.25,2.84
2013.01.17 17:03:25.311,1.19534,1.19552,2.48,3.74
2013.01.17 17:03:25.370,1.19534,1.19549,1.50,2.48
2013.01.17 17:03:25.673,1.19529,1.19544,1.28,1.38
2013.01.17 17:03:25.731,1.1953,1.19545,1.50,2.48
2013.01.17 17:03:25.853,1.19528,1.19543,3.15,3.23
2013.01.17 17:03:25.910,1.19528,1.19543,3.90,3.23
2013.01.17 17:03:26.391,1.19524,1.19538,1.73,1.73
2013.01.17 17:03:26.510,1.19523,1.19538,1.50,2.00
2013.01.17 17:03:26.940,1.1952,1.19539,1.13,3.57
2013.01.17 17:03:27.599,1.19521,1.19538,1.50,1.19
2013.01.17 17:03:28.140,1.19519,1.19533,1.88,1.73
2013.01.17 17:03:28.260,1.19517,1.19532,2.25,1.23
2013.01.17 17:03:28.700,1.19519,1.19533,1.50,1.88
2013.01.17 17:03:28.893,1.19516,1.19529,2.25,1.13
2013.01.17 17:03:28.952,1.19513,1.19527,2.25,1.73
2013.01.17 17:03:29.071,1.1951,1.19526,2.63,1.73
2013.01.17 17:03:29.461,1.19515,1.19527,1.50,1.50
2013.01.17 17:03:29.640,1.19515,1.19534,3.00,3.38
2013.01.17 17:03:29.761,1.19515,1.19532,3.00,2.48
2013.01.17 17:03:29.881,1.19515,1.19528,1.50,1.13
2013.01.17 17:03:30.264,1.19519,1.19536,5.40,1.73
2013.01.17 17:03:30.331,1.19519,1.19533,3.90,1.50
2013.01.17 17:03:30.634,1.19503,1.19519,1.50,1.88
2013.01.17 17:03:30.941,1.19503,1.19517,1.50,1.73
2013.01.17 17:03:31.001,1.195,1.19517,3.75,2.48
2013.01.17 17:03:31.540,1.195,1.19517,2.25,2.48
2013.01.17 17:03:32.592,1.19499,1.19509,2.25,1.50
2013.01.17 17:03:32.772,1.19488,1.19502,1.50,1.65
2013.01.17 17:03:32.891,1.19485,1.19501,3.00,1.13
2013.01.17 17:03:33.011,1.19484,1.195,6.75,2.48
2013.01.17 17:03:33.191,1.19482,1.19497,3.00,1.13
2013.01.17 17:03:33.251,1.19481,1.19497,2.25,2.07
2013.01.17 17:03:34.151,1.1948,1.19495,1.50,1.13
2013.01.17 17:03:34.211,1.1948,1.19495,1.50,1.13
2013.01.17 17:03:34.270,1.19478,1.19494,1.50,1.88
2013.01.17 17:03:34.390,1.19476,1.19492,3.15,1.35
2013.01.17 17:03:34.570,1.19476,1.19492,3.15,1.35
2013.01.17 17:03:35.121,1.19476,1.19492,2.40,1.13
2013.01.17 17:03:35.540,1.19476,1.19492,2.63,1.13
2013.01.17 17:03:36.569,1.19476,1.19494,3.38,2.40
2013.01.17 17:03:37.701,1.19482,1.19496,1.13,1.50
2013.01.17 17:03:37.821,1.19482,1.19498,1.13,1.50
2013.01.17 17:03:38.360,1.19479,1.19498,8.48,2.40
2013.01.17 17:03:38.920,1.19478,1.19496,1.88,1.65
2013.01.17 17:03:39.440,1.19477,1.19496,1.50,3.34
2013.01.17 17:03:39.800,1.19475,1.19493,2.10,2.40
2013.01.17 17:03:39.980,1.19474,1.1949,1.73,1.50
2013.01.17 17:03:40.340,1.1947,1.19488,2.10,2.25
2013.01.17 17:03:40.400,1.1947,1.19488,1.35,2.25
2013.01.17 17:03:40.956,1.1947,1.19487,1.35,1.50
2013.01.17 17:03:41.360,1.1947,1.19486,1.35,1.50
2013.01.17 17:03:41.720,1.19469,1.19487,2.85,3.00
2013.01.17 17:03:45.883,1.19469,1.19484,2.85,1.50
2013.01.17 17:03:46.230,1.19469,1.19484,2.48,1.50
2013.01.17 17:03:49.100,1.19468,1.1948,1.50,1.50
2013.01.17 17:03:49.237,1.19468,1.19477,1.50,1.50
2013.01.17 17:03:49.671,1.1946,1.19476,2.85,1.50
2013.01.17 17:03:50.001,1.1946,1.19476,2.85,1.50
2013.01.17 17:03:50.120,1.1946,1.19475,2.85,1.50
2013.01.17 17:03:53.260,1.19461,1.19475,1.13,1.50
2013.01.17 17:03:54.060,1.19461,1.19476,2.63,2.63
2013.01.17 17:03:54.574,1.19461,1.19479,3.19,1.50
2013.01.17 17:03:56.370,1.19469,1.19479,2.48,1.50
2013.01.17 17:03:56.610,1.1947,1.19484,1.16,2.25
2013.01.17 17:03:57.346,1.19469,1.19485,2.48,2.40
2013.01.17 17:03:57.860,1.19469,1.19483,1.73,1.58
2013.01.17 17:03:58.681,1.19474,1.19485,1.36,1.50
2013.01.17 17:03:59.181,1.19472,1.19486,2.48,1.50
2013.01.17 17:04:01.174,1.19476,1.19491,1.01,1.50
2013.01.17 17:04:01.302,1.19474,1.19487,1.51,1.50
2013.01.17 17:04:01.421,1.19476,1.1949,1.13,1.50
2013.01.17 17:04:01.661,1.19477,1.1949,1.73,1.50
2013.01.17 17:04:01.841,1.19477,1.19488,1.89,1.50
2013.01.17 17:04:02.360,1.19477,1.19491,2.49,1.50
2013.01.17 17:04:03.831,1.19481,1.19491,1.89,1.50
2013.01.17 17:04:03.896,1.19482,1.19494,1.50,1.13
2013.01.17 17:04:03.967,1.19484,1.19499,2.04,2.85
2013.01.17 17:04:04.034,1.19484,1.19497,2.16,1.28
2013.01.17 17:04:04.163,1.19489,1.19497,1.27,1.13
2013.01.17 17:04:04.293,1.19489,1.19501,2.02,1.50
2013.01.17 17:04:04.361,1.19489,1.19503,2.02,3.00
2013.01.17 17:04:04.840,1.19489,1.19503,2.77,2.63
2013.01.17 17:04:05.200,1.19489,1.19503,2.77,1.50
2013.01.17 17:04:05.561,1.19483,1.19497,2.00,1.65
2013.01.17 17:04:05.621,1.1948,1.19494,1.02,2.25
2013.01.17 17:04:05.800,1.1948,1.19494,1.34,2.25
2013.01.17 17:04:06.163,1.19477,1.19492,3.00,1.50
2013.01.17 17:04:06.231,1.19477,1.19492,1.88,1.73
2013.01.17 17:04:06.410,1.19477,1.19492,2.03,1.50
2013.01.17 17:04:06.770,1.19482,1.19494,1.50,3.23
2013.01.17 17:04:07.080,1.19482,1.19494,1.50,3.23
2013.01.17 17:04:07.761,1.19483,1.19496,1.13,1.50
2013.01.17 17:04:07.820,1.19483,1.19493,1.13,1.50
2013.01.17 17:04:08.130,1.19481,1.19493,1.50,1.73
2013.01.17 17:04:08.471,1.19493,1.19504,3.00,1.50
2013.01.17 17:04:08.732,1.19503,1.19514,1.50,1.73
2013.01.17 17:04:08.971,1.19504,1.19515,1.50,1.35
2013.01.17 17:04:09.280,1.1951,1.19518,1.50,1.50
2013.01.17 17:04:09.340,1.1951,1.19518,1.50,1.73
2013.01.17 17:04:10.330,1.19509,1.19518,1.50,1.73
2013.01.17 17:04:12.111,1.1951,1.19518,1.65,1.73
2013.01.17 17:04:12.291,1.19515,1.19526,1.50,1.73
2013.01.17 17:04:12.412,1.19515,1.19528,1.50,2.48
2013.01.17 17:04:12.840,1.19515,1.19528,1.50,2.48
2013.01.17 17:04:13.983,1.19515,1.19527,1.50,2.48
2013.01.17 17:04:14.051,1.19515,1.19528,1.50,2.48
2013.01.17 17:04:14.650,1.19515,1.19527,1.50,1.73
2013.01.17 17:04:16.011,1.19512,1.19523,1.50,1.35
2013.01.17 17:04:16.130,1.19508,1.19519,1.50,1.65
2013.01.17 17:04:16.191,1.19507,1.19519,1.13,1.65
2013.01.17 17:04:16.311,1.19507,1.19516,1.13,1.73
2013.01.17 17:04:16.431,1.19502,1.19516,1.65,1.73
2013.01.17 17:04:17.001,1.19502,1.19517,1.65,2.48
2013.01.17 17:04:20.191,1.19501,1.19516,1.65,1.73
2013.01.17 17:04:20.371,1.19503,1.19517,1.50,1.65
2013.01.17 17:04:20.491,1.19498,1.19511,1.65,1.73
2013.01.17 17:04:20.550,1.19496,1.1951,1.65,2.48
2013.01.17 17:04:20.611,1.19497,1.1951,1.13,1.73
2013.01.17 17:04:20.792,1.19497,1.19511,2.25,2.48
2013.01.17 17:04:21.281,1.19497,1.19511,2.63,2.48
2013.01.17 17:04:21.640,1.19497,1.19505,1.50,2.48
2013.01.17 17:04:21.771,1.19493,1.19505,2.40,2.48
2013.01.17 17:04:24.940,1.1949,1.19506,2.40,3.60
2013.01.17 17:04:25.001,1.1949,1.19506,2.40,3.60
2013.01.17 17:04:25.762,1.19488,1.19503,3.75,1.13
2013.01.17 17:04:26.036,1.19486,1.19498,1.50,2.48
2013.01.17 17:04:26.552,1.1948,1.19497,2.25,3.75
2013.01.17 17:04:26.611,1.1948,1.19494,1.50,1.73
2013.01.17 17:04:27.150,1.19478,1.19493,1.50,2.48
2013.01.17 17:04:27.276,1.19478,1.19493,1.50,1.73
2013.01.17 17:04:27.760,1.19477,1.19493,2.63,1.73
2013.01.17 17:04:27.820,1.19477,1.19489,1.13,1.73
2013.01.17 17:04:28.240,1.19476,1.19491,1.65,1.73
2013.01.17 17:04:30.472,1.19475,1.19487,1.13,2.48
2013.01.17 17:04:30.532,1.19475,1.19487,1.13,2.48
2013.01.17 17:04:30.831,1.19468,1.19485,2.78,2.48
2013.01.17 17:04:30.890,1.19469,1.19485,1.13,2.48
2013.01.17 17:04:31.311,1.19468,1.19478,2.03,1.73
2013.01.17 17:04:31.371,1.19463,1.19477,2.40,4.13
2013.01.17 17:04:31.431,1.19463,1.19473,2.40,1.73
2013.01.17 17:04:31.611,1.19459,1.19474,1.65,3.23
2013.01.17 17:04:32.125,1.19458,1.19472,1.65,2.10
2013.01.17 17:04:32.500,1.19457,1.19472,2.40,2.10
2013.01.17 17:04:33.822,1.19458,1.19473,1.65,1.73
2013.01.17 17:04:35.315,1.19458,1.19474,1.65,2.48
2013.01.17 17:04:35.500,1.19459,1.19474,1.13,1.50
2013.01.17 17:04:35.561,1.19464,1.19474,1.50,1.50
2013.01.17 17:04:36.209,1.19465,1.19476,2.40,1.50
2013.01.17 17:04:36.276,1.19465,1.19482,2.63,3.75
2013.01.17 17:04:37.320,1.19466,1.19482,3.00,3.23
2013.01.17 17:04:37.380,1.19466,1.19482,3.00,3.23
2013.01.17 17:04:37.681,1.1948,1.19491,1.50,1.50
2013.01.17 17:04:37.742,1.1948,1.19492,1.50,2.25
2013.01.17 17:04:37.920,1.19479,1.19495,2.25,1.73
2013.01.17 17:04:38.130,1.19479,1.19495,2.25,2.48
2013.01.17 17:04:43.521,1.19478,1.19494,2.48,1.88
2013.01.17 17:04:43.580,1.19477,1.19494,5.48,2.63
2013.01.17 17:04:44.060,1.19477,1.19492,4.50,1.73
2013.01.17 17:04:44.841,1.19478,1.19492,2.25,1.73
2013.01.17 17:04:45.340,1.19475,1.19492,4.50,3.38
2013.01.17 17:04:45.880,1.19474,1.1949,1.73,5.25
2013.01.17 17:04:46.471,1.19473,1.19489,2.48,1.73
2013.01.17 17:04:46.530,1.19473,1.19489,2.48,1.73
2013.01.17 17:04:47.071,1.19473,1.19487,1.73,2.63
2013.01.17 17:04:47.191,1.1947,1.19483,1.50,1.13
2013.01.17 17:04:49.251,1.19467,1.19483,2.25,2.63
2013.01.17 17:04:49.490,1.19465,1.1948,1.13,1.13
2013.01.17 17:04:49.850,1.19469,1.19482,1.50,1.13
2013.01.17 17:04:56.288,1.19469,1.19484,1.88,1.13
2013.01.17 17:04:59.371,1.19468,1.19484,3.23,3.45
2013.01.17 17:05:00.038,1.19467,1.19484,4.35,3.60
2013.01.17 17:05:00.351,1.19468,1.19483,2.48,1.88
2013.01.17 17:05:01.196,1.19468,1.19483,2.48,1.88
2013.01.17 17:05:01.531,1.19473,1.19484,1.50,2.33
2013.01.17 17:05:02.190,1.19472,1.19486,1.88,1.13
2013.01.17 17:05:02.431,1.19472,1.19486,1.13,1.13
2013.01.17 17:05:03.124,1.19472,1.19486,3.15,1.73
2013.01.17 17:05:03.491,1.19471,1.19486,1.73,1.13
2013.01.17 17:05:03.671,1.1947,1.19486,1.73,1.13
2013.01.17 17:05:04.211,1.19469,1.19486,5.10,1.13
2013.01.17 17:05:05.390,1.19469,1.19486,1.73,4.13
2013.01.17 17:05:05.811,1.19473,1.19486,1.50,1.13
2013.01.17 17:05:06.931,1.19471,1.19485,3.23,1.13
2013.01.17 17:05:09.621,1.19471,1.19486,1.73,1.13
2013.01.17 17:05:10.122,1.19471,1.19486,1.50,1.13
2013.01.17 17:05:16.250,1.19471,1.19487,1.73,2.63
2013.01.17 17:05:17.005,1.19471,1.19487,1.73,2.40
2013.01.17 17:05:18.981,1.1947,1.19487,1.13,1.28
2013.01.17 17:05:19.044,1.1947,1.19487,1.88,1.50
2013.01.17 17:05:19.160,1.19469,1.19485,2.48,1.13
2013.01.17 17:05:19.618,1.19468,1.19484,4.13,1.35
2013.01.17 17:05:19.687,1.19468,1.19484,2.63,2.10
2013.01.17 17:05:19.875,1.1947,1.19486,2.48,1.73
2013.01.17 17:05:20.121,1.19473,1.19488,2.48,1.73
2013.01.17 17:05:20.184,1.19473,1.19488,2.25,1.73
2013.01.17 17:05:20.694,1.19471,1.19488,3.75,2.48
2013.01.17 17:05:22.741,1.19478,1.19489,1.73,2.25
2013.01.17 17:05:23.042,1.19481,1.19499,1.59,1.20
2013.01.17 17:05:23.101,1.19483,1.19499,1.15,2.10
2013.01.17 17:05:23.161,1.19483,1.19499,1.15,2.10
2013.01.17 17:05:23.341,1.19484,1.195,3.45,1.50
2013.01.17 17:05:23.897,1.19484,1.19501,1.20,2.25
2013.01.17 17:05:24.835,1.19485,1.19501,1.20,1.50
2013.01.17 17:05:25.709,1.19485,1.19501,1.20,2.25
2013.01.17 17:05:26.631,1.19485,1.19498,1.20,1.50
2013.01.17 17:05:26.939,1.1948,1.19494,2.09,3.75
2013.01.17 17:05:27.431,1.19478,1.19494,2.40,2.25
2013.01.17 17:05:27.732,1.19486,1.19496,1.34,1.88
2013.01.17 17:05:27.910,1.19486,1.19498,1.77,1.13
2013.01.17 17:05:28.030,1.19486,1.19502,1.77,3.23
2013.01.17 17:05:31.630,1.19483,1.19499,1.34,1.35
2013.01.17 17:05:32.180,1.19482,1.19498,1.82,2.10
2013.01.17 17:05:32.540,1.1948,1.19493,1.73,3.15
2013.01.17 17:05:35.161,1.19475,1.19491,3.15,1.13
2013.01.17 17:05:35.522,1.19477,1.1949,1.08,1.13
2013.01.17 17:05:35.701,1.19475,1.19489,1.25,3.23
2013.01.17 17:05:35.951,1.19475,1.19491,1.29,2.25
2013.01.17 17:05:36.401,1.19473,1.19486,1.29,3.23
2013.01.17 17:05:36.520,1.19473,1.19486,1.07,3.98
2013.01.17 17:05:37.598,1.19472,1.19482,1.07,1.13
2013.01.17 17:05:37.704,1.19458,1.19469,4.60,2.25
2013.01.17 17:05:38.132,1.19455,1.19476,1.56,1.50
2013.01.17 17:05:38.261,1.19453,1.19469,3.44,3.00
2013.01.17 17:05:38.321,1.19453,1.19469,2.85,3.23
2013.01.17 17:05:39.222,1.19453,1.19466,1.14,1.65
2013.01.17 17:05:45.431,1.19452,1.19468,2.93,1.35
2013.01.17 17:05:46.973,1.19452,1.19466,1.43,1.50
2013.01.17 17:05:47.762,1.19453,1.19469,1.41,1.35
2013.01.17 17:05:49.421,1.19453,1.19463,1.05,1.50
2013.01.17 17:05:49.723,1.19451,1.19469,2.38,4.65
2013.01.17 17:05:50.571,1.19451,1.19471,2.73,6.00
2013.01.17 17:05:51.351,1.1945,1.19468,4.10,2.25
2013.01.17 17:05:52.021,1.1945,1.19467,4.26,3.00
2013.01.17 17:05:53.569,1.19459,1.19469,1.13,2.25
2013.01.17 17:05:53.643,1.1946,1.19472,1.73,2.25
2013.01.17 17:05:53.775,1.19463,1.19472,1.92,1.50
2013.01.17 17:05:53.903,1.19465,1.19478,1.16,1.50
2013.01.17 17:05:54.621,1.19466,1.19479,1.23,2.40
2013.01.17 17:05:54.742,1.19464,1.1948,1.89,4.13
2013.01.17 17:05:54.923,1.19464,1.19478,1.89,2.85
2013.01.17 17:05:55.041,1.19464,1.19482,3.09,1.50
2013.01.17 17:05:55.102,1.19466,1.1948,1.44,1.35
2013.01.17 17:05:55.162,1.19468,1.19482,2.79,1.50
2013.01.17 17:05:55.221,1.19468,1.19486,4.14,5.25
2013.01.17 17:05:55.282,1.19472,1.19486,1.29,4.35
2013.01.17 17:05:55.341,1.19469,1.19484,1.63,2.40
2013.01.17 17:05:56.081,1.19468,1.19482,1.78,1.50
2013.01.17 17:05:56.391,1.19466,1.19482,1.36,3.75
2013.01.17 17:05:56.931,1.19466,1.19482,1.27,2.25
2013.01.17 17:05:58.651,1.19466,1.19486,1.53,1.50
2013.01.17 17:06:01.672,1.19472,1.19488,1.36,1.84
2013.01.17 17:06:01.791,1.19472,1.19487,1.92,1.35
2013.01.17 17:06:02.211,1.19474,1.19491,1.02,1.65
2013.01.17 17:06:02.391,1.19474,1.19491,1.02,1.88
2013.01.17 17:06:02.752,1.19469,1.19483,1.43,1.50
2013.01.17 17:06:09.660,1.19471,1.19482,2.02,2.85
2013.01.17 17:06:09.728,1.19471,1.19484,2.02,3.00
2013.01.17 17:06:10.052,1.19472,1.19488,2.02,3.75
2013.01.17 17:06:10.172,1.19472,1.1949,2.22,4.35
2013.01.17 17:06:15.892,1.19472,1.19487,1.45,3.98
2013.01.17 17:06:17.640,1.19469,1.19485,1.34,2.48
2013.01.17 17:06:18.001,1.19468,1.19484,1.59,2.40
2013.01.17 17:06:20.321,1.19465,1.19483,5.29,2.40
2013.01.17 17:06:22.241,1.19467,1.19483,2.48,1.50
2013.01.17 17:06:22.306,1.19468,1.19484,1.41,3.75
2013.01.17 17:06:22.492,1.19471,1.19484,1.62,2.10
2013.01.17 17:06:22.551,1.19474,1.19488,2.15,1.13
2013.01.17 17:06:22.612,1.19474,1.19489,1.88,1.50
2013.01.17 17:06:22.732,1.19474,1.19487,1.73,1.65
2013.01.17 17:06:22.793,1.19474,1.19487,1.73,2.40
2013.01.17 17:06:29.882,1.19468,1.19484,1.01,3.00
2013.01.17 17:06:30.242,1.19465,1.19482,1.38,2.25
2013.01.17 17:06:32.259,1.19464,1.19478,3.11,2.40
2013.01.17 17:06:32.442,1.19461,1.19473,1.34,3.60
2013.01.17 17:06:32.501,1.19461,1.19472,1.34,1.13
2013.01.17 17:06:32.921,1.19456,1.19472,1.61,2.63
2013.01.17 17:06:42.271,1.19459,1.19472,2.48,1.35
2013.01.17 17:06:42.332,1.19459,1.19473,3.38,2.10
2013.01.17 17:06:42.451,1.19463,1.19475,1.73,1.50
2013.01.17 17:06:42.513,1.19463,1.19475,1.77,1.50
2013.01.17 17:06:42.716,1.19463,1.19479,1.77,1.65
2013.01.17 17:06:43.302,1.19464,1.19479,1.77,1.65
2013.01.17 17:06:43.640,1.19464,1.1948,1.77,1.50
2013.01.17 17:06:43.700,1.19465,1.19481,1.47,4.50
2013.01.17 17:06:43.820,1.19465,1.19481,3.72,3.00
2013.01.17 17:06:47.812,1.19472,1.19483,3.38,1.50
2013.01.17 17:06:48.170,1.19475,1.19491,2.97,1.28
2013.01.17 17:06:48.230,1.19475,1.19484,2.75,2.25
2013.01.17 17:06:48.351,1.19475,1.19492,3.09,1.88
2013.01.17 17:06:48.933,1.19477,1.19493,2.34,2.63
2013.01.17 17:06:51.661,1.19481,1.19494,1.17,1.88
2013.01.17 17:06:51.781,1.19485,1.19497,1.73,1.50
2013.01.17 17:06:51.901,1.19488,1.195,1.16,3.15
2013.01.17 17:06:52.402,1.19489,1.19502,1.16,1.50
2013.01.17 17:06:52.461,1.19489,1.19504,1.16,1.65
2013.01.17 17:06:53.684,1.19489,1.19505,1.91,3.00
2013.01.17 17:06:53.759,1.19492,1.19506,1.41,2.03
2013.01.17 17:06:57.502,1.19492,1.19507,1.05,2.40
2013.01.17 17:06:57.561,1.19492,1.19507,1.56,2.40
2013.01.17 17:06:59.371,1.19493,1.19508,1.50,2.63
2013.01.17 17:06:59.991,1.19496,1.1951,1.54,1.28
2013.01.17 17:07:00.058,1.19499,1.19513,2.34,1.65
2013.01.17 17:07:00.361,1.19503,1.19516,1.27,2.25
2013.01.17 17:07:00.481,1.19503,1.19519,1.27,3.75
2013.01.17 17:07:00.845,1.19505,1.1952,1.27,1.50
2013.01.17 17:07:00.970,1.19508,1.19522,1.20,3.75
2013.01.17 17:07:01.281,1.19511,1.19526,1.20,1.65
2013.01.17 17:07:01.461,1.19511,1.19524,1.20,1.50
2013.01.17 17:07:02.151,1.1951,1.19524,2.10,1.65
2013.01.17 17:07:02.331,1.19511,1.19524,1.73,1.50
2013.01.17 17:07:02.463,1.19511,1.19527,1.73,3.90
2013.01.17 17:07:02.520,1.19511,1.19527,2.31,3.90
2013.01.17 17:07:02.850,1.19511,1.19527,1.73,4.88
2013.01.17 17:07:03.210,1.19511,1.19525,1.73,1.65
2013.01.17 17:07:03.390,1.19511,1.19525,1.73,1.50
2013.01.17 17:07:03.451,1.19511,1.19525,1.73,1.50
2013.01.17 17:07:03.715,1.19511,1.19525,1.73,1.50
2013.01.17 17:07:04.452,1.1951,1.19527,2.10,3.90
2013.01.17 17:07:04.822,1.1951,1.19525,2.10,1.13
2013.01.17 17:07:05.250,1.1951,1.19526,2.10,1.65
2013.01.17 17:07:05.371,1.1951,1.19526,2.10,1.65
2013.01.17 17:07:05.851,1.19514,1.19526,2.48,1.50
2013.01.17 17:07:06.342,1.19514,1.19531,3.79,1.13
2013.01.17 17:07:06.860,1.19516,1.19532,2.29,3.15
2013.01.17 17:07:09.133,1.19515,1.19531,2.48,1.65
2013.01.17 17:07:09.381,1.19515,1.19531,2.48,1.65
2013.01.17 17:07:09.754,1.19515,1.19531,2.48,1.65
2013.01.17 17:07:10.061,1.19519,1.19536,1.13,2.63
2013.01.17 17:07:10.422,1.19519,1.19535,1.88,1.50
2013.01.17 17:07:10.481,1.1952,1.19532,1.73,1.50
2013.01.17 17:07:10.542,1.1952,1.19535,1.88,1.50
2013.01.17 17:07:10.601,1.19521,1.19535,1.13,1.50
2013.01.17 17:07:10.661,1.19521,1.19539,2.63,6.15
2013.01.17 17:07:10.721,1.19521,1.19539,1.88,4.65
2013.01.17 17:07:10.961,1.19521,1.19537,1.88,2.25
2013.01.17 17:07:11.141,1.19521,1.19537,1.88,3.98
2013.01.17 17:07:11.571,1.19521,1.19536,1.73,2.63
2013.01.17 17:07:12.095,1.19518,1.19534,2.63,2.48
2013.01.17 17:07:12.221,1.19518,1.19534,2.63,2.48
2013.01.17 17:07:12.781,1.19518,1.19534,1.88,2.48
2013.01.17 17:07:13.720,1.19516,1.19532,1.13,1.73
2013.01.17 17:07:13.781,1.19515,1.19532,2.03,1.73
2013.01.17 17:07:14.860,1.19515,1.19532,1.13,1.88
2013.01.17 17:07:15.461,1.19513,1.1953,2.25,4.00
2013.01.17 17:07:16.000,1.19512,1.19529,2.40,2.50
2013.01.17 17:07:17.496,1.19511,1.19528,3.15,1.75
2013.01.17 17:07:18.503,1.19511,1.19526,1.50,1.22
2013.01.17 17:07:18.861,1.19507,1.1952,1.50,1.91
2013.01.17 17:07:19.741,1.19505,1.19521,2.78,1.91
2013.01.17 17:07:22.342,1.19505,1.1952,2.78,1.16
2013.01.17 17:07:23.021,1.19505,1.1952,2.78,1.16
2013.01.17 17:07:24.651,1.19508,1.1952,1.50,1.16
2013.01.17 17:07:25.190,1.19508,1.1952,2.25,1.41
2013.01.17 17:07:26.932,1.19508,1.19516,1.50,1.05
2013.01.17 17:07:26.991,1.19503,1.19516,1.50,1.80
2013.01.17 17:07:27.051,1.195,1.19513,2.40,1.23
2013.01.17 17:07:27.812,1.195,1.19511,2.25,1.27
2013.01.17 17:07:28.171,1.19496,1.19509,1.50,1.02
2013.01.17 17:07:30.231,1.19494,1.19503,2.25,1.02
2013.01.17 17:07:30.351,1.19488,1.19503,1.50,2.52
2013.01.17 17:07:31.012,1.19485,1.19502,2.25,2.33
2013.01.17 17:07:31.991,1.19485,1.19499,1.50,1.11
2013.01.17 17:07:32.540,1.19482,1.19497,4.28,1.11
2013.01.17 17:07:33.732,1.19484,1.19499,3.15,1.11
2013.01.17 17:07:34.331,1.19485,1.19499,3.00,1.25
2013.01.17 17:07:35.361,1.19484,1.19499,3.53,1.25
2013.01.17 17:07:35.721,1.19481,1.19496,4.73,1.20
2013.01.17 17:07:36.022,1.19482,1.19491,1.65,1.11
2013.01.17 17:07:36.142,1.19479,1.19494,3.98,1.54
2013.01.17 17:07:36.321,1.19484,1.19495,1.88,1.32
2013.01.17 17:07:39.531,1.19479,1.19493,2.25,1.20
2013.01.17 17:07:39.771,1.19477,1.19493,2.40,1.20
2013.01.17 17:07:42.191,1.19474,1.1949,2.25,1.36
2013.01.17 17:07:42.912,1.19474,1.1949,2.25,1.02
2013.01.17 17:07:43.603,1.19475,1.1949,2.78,1.25
2013.01.17 17:07:44.111,1.19475,1.1949,1.50,1.40
2013.01.17 17:07:44.620,1.19476,1.1949,1.50,1.53
2013.01.17 17:07:45.684,1.19474,1.19488,1.50,1.53
2013.01.17 17:07:45.753,1.19472,1.19485,1.50,2.13
2013.01.17 17:07:45.815,1.19472,1.19485,1.50,2.09
2013.01.17 17:07:46.241,1.19467,1.19482,4.13,1.34
2013.01.17 17:07:46.362,1.19464,1.19481,1.13,1.34
2013.01.17 17:07:47.551,1.19467,1.19481,2.25,1.29
2013.01.17 17:07:47.670,1.19466,1.19481,1.65,1.29
2013.01.17 17:07:48.340,1.19465,1.1948,1.88,1.18
2013.01.17 17:07:48.982,1.19464,1.1948,2.25,1.44
2013.01.17 17:07:50.572,1.19462,1.19474,1.50,2.37
2013.01.17 17:07:50.632,1.19462,1.19473,1.50,1.21
2013.01.17 17:07:50.753,1.19457,1.19473,3.00,2.22
2013.01.17 17:07:51.295,1.19453,1.19464,1.50,1.29
2013.01.17 17:07:51.601,1.1945,1.19465,1.13,1.56
2013.01.17 17:07:51.781,1.19447,1.19464,2.40,1.94
2013.01.17 17:07:52.960,1.19447,1.19464,3.15,1.60
2013.01.17 17:07:53.702,1.1945,1.19464,1.13,1.34
2013.01.17 17:07:55.111,1.19453,1.19467,3.00,2.04
2013.01.17 17:07:55.171,1.1946,1.19467,1.50,1.29
2013.01.17 17:07:55.471,1.1946,1.19471,1.50,1.11
2013.01.17 17:07:55.531,1.19461,1.19472,1.50,1.11
2013.01.17 17:07:55.711,1.19465,1.19478,2.25,1.32
2013.01.17 17:07:55.832,1.19466,1.1948,2.25,1.20
2013.01.17 17:07:56.132,1.19471,1.19481,1.50,1.34
2013.01.17 17:07:56.311,1.19472,1.19482,2.25,1.34
2013.01.17 17:07:56.621,1.19473,1.19486,1.65,1.02
2013.01.17 17:07:56.801,1.19472,1.19486,1.65,1.36
2013.01.17 17:07:57.341,1.19473,1.19491,3.15,1.91
2013.01.17 17:07:57.642,1.19478,1.19494,3.15,1.38
2013.01.17 17:07:57.701,1.19478,1.19496,3.90,2.00
2013.01.17 17:07:57.821,1.19476,1.19496,3.75,2.19
2013.01.17 17:07:58.181,1.19479,1.19496,1.50,1.51
2013.01.17 17:07:59.437,1.1948,1.19496,1.13,1.51
2013.01.17 17:08:00.663,1.1948,1.19496,1.13,2.48
2013.01.17 17:08:02.573,1.19479,1.19496,2.25,3.19
2013.01.17 17:08:03.131,1.19479,1.19496,1.50,2.44
2013.01.17 17:08:03.705,1.19479,1.19496,2.25,2.44
2013.01.17 17:08:04.065,1.19482,1.19496,1.50,2.35
2013.01.17 17:08:04.689,1.1948,1.19496,7.50,3.99
2013.01.17 17:08:04.990,1.19479,1.19494,1.50,2.25
2013.01.17 17:08:05.110,1.19479,1.19494,1.50,2.25
2013.01.17 17:08:05.592,1.19472,1.19488,2.40,1.53
2013.01.17 17:08:05.832,1.19474,1.19487,1.50,2.66
2013.01.17 17:08:06.521,1.19471,1.19487,2.03,2.88
2013.01.17 17:08:08.361,1.19478,1.1949,2.40,1.50
2013.01.17 17:08:08.481,1.19486,1.19491,1.50,1.16
2013.01.17 17:08:08.661,1.19486,1.19499,1.65,1.73
2013.01.17 17:08:08.722,1.19488,1.19499,2.25,1.73
2013.01.17 17:08:09.081,1.1949,1.19503,2.25,1.01
2013.01.17 17:08:09.347,1.19489,1.19503,1.50,1.01
2013.01.17 17:08:09.770,1.19486,1.19503,1.65,2.10
2013.01.17 17:08:10.330,1.19488,1.19505,2.25,2.46
2013.01.17 17:08:11.241,1.19486,1.19503,2.03,1.73
2013.01.17 17:08:11.361,1.19486,1.19503,2.78,2.29
2013.01.17 17:08:11.481,1.19486,1.19503,2.03,1.73
2013.01.17 17:08:11.665,1.19486,1.19503,1.28,2.48
2013.01.17 17:08:11.790,1.19486,1.19502,1.28,1.44
2013.01.17 17:08:12.091,1.19493,1.19502,1.65,1.21
2013.01.17 17:08:12.211,1.19493,1.19507,1.65,1.73
2013.01.17 17:08:12.890,1.19491,1.19506,1.13,1.73
2013.01.17 17:08:14.011,1.19489,1.19503,1.80,2.48
2013.01.17 17:08:14.130,1.19489,1.19503,1.80,2.48
2013.01.17 17:08:15.171,1.1949,1.19505,1.28,3.08
2013.01.17 17:08:15.471,1.19492,1.19508,1.65,1.73
2013.01.17 17:08:15.722,1.1949,1.19505,1.65,1.73
2013.01.17 17:08:15.781,1.1949,1.19505,1.65,1.73
2013.01.17 17:08:16.511,1.19491,1.19505,1.28,2.48
2013.01.17 17:08:16.691,1.19495,1.1951,2.40,3.98
2013.01.17 17:08:16.751,1.19495,1.1951,2.40,1.73
2013.01.17 17:08:16.811,1.19495,1.1951,2.25,1.73
2013.01.17 17:08:17.110,1.19495,1.19509,2.25,1.73
2013.01.17 17:08:17.170,1.19495,1.19509,1.50,1.73
2013.01.17 17:08:17.573,1.19492,1.19507,1.65,1.73
2013.01.17 17:08:17.762,1.1949,1.19505,1.13,1.73
2013.01.17 17:08:17.821,1.19489,1.19505,1.13,1.73
2013.01.17 17:08:17.880,1.19488,1.19505,3.30,1.73
2013.01.17 17:08:18.181,1.19485,1.19503,2.03,3.23
2013.01.17 17:08:18.243,1.19489,1.19503,2.25,3.23
2013.01.17 17:08:18.601,1.19499,1.19508,1.13,1.05
2013.01.17 17:08:18.782,1.19499,1.19516,3.38,1.35
2013.01.17 17:08:19.221,1.19508,1.19517,1.13,2.48
2013.01.17 17:08:19.342,1.19508,1.19523,1.13,2.48
2013.01.17 17:08:19.881,1.19508,1.19522,2.40,2.48
2013.01.17 17:08:20.001,1.19508,1.19522,2.40,2.48
2013.01.17 17:08:20.662,1.19506,1.19522,1.73,2.63
2013.01.17 17:08:21.021,1.19514,1.19525,1.73,1.50
2013.01.17 17:08:21.586,1.19513,1.19525,1.88,1.50
2013.01.17 17:08:21.905,1.19515,1.19529,1.73,1.50
2013.01.17 17:08:22.032,1.19515,1.19529,1.73,1.50
2013.01.17 17:08:22.152,1.19516,1.19532,1.73,2.40
2013.01.17 17:08:22.213,1.19518,1.19532,1.58,1.65
2013.01.17 17:08:22.331,1.1952,1.19535,1.73,2.40
2013.01.17 17:08:22.451,1.19521,1.19534,1.35,1.50
2013.01.17 17:08:22.811,1.19521,1.19535,3.08,1.50
2013.01.17 17:08:23.572,1.19526,1.1954,1.88,1.50
2013.01.17 17:08:23.691,1.19528,1.19542,1.13,1.50
2013.01.17 17:08:23.991,1.19531,1.19543,1.50,1.50
2013.01.17 17:08:24.052,1.19531,1.19547,2.11,2.25
2013.01.17 17:08:24.114,1.19533,1.19546,1.13,1.50
2013.01.17 17:08:24.791,1.19534,1.19546,1.13,1.50
2013.01.17 17:08:24.911,1.19533,1.19546,2.40,1.73
2013.01.17 17:08:25.031,1.19534,1.19548,1.13,1.50
2013.01.17 17:08:25.571,1.19534,1.19551,1.26,1.50
2013.01.17 17:08:26.052,1.19533,1.19545,2.63,1.50
2013.01.17 17:08:26.611,1.19533,1.19545,1.13,1.50
2013.01.17 17:08:27.390,1.19531,1.19544,1.13,1.50
2013.01.17 17:08:27.453,1.19531,1.19542,1.13,1.50
2013.01.17 17:08:27.961,1.19536,1.19542,1.50,1.50
2013.01.17 17:08:28.093,1.19538,1.19551,1.13,2.25
2013.01.17 17:08:28.273,1.19538,1.19548,1.88,1.50
2013.01.17 17:08:28.393,1.19537,1.19548,1.13,1.50
2013.01.17 17:08:28.631,1.19536,1.19544,1.88,1.50
2013.01.17 17:08:28.691,1.19536,1.19544,1.88,1.50
2013.01.17 17:08:28.811,1.19534,1.19541,1.50,1.50
2013.01.17 17:08:29.051,1.19531,1.19541,1.13,1.50
2013.01.17 17:08:29.561,1.19529,1.19542,3.38,1.50
2013.01.17 17:08:29.621,1.19535,1.19542,1.50,1.50
2013.01.17 17:08:29.681,1.19536,1.19547,1.50,1.73
2013.01.17 17:08:29.742,1.19535,1.19547,2.48,1.50
2013.01.17 17:08:29.861,1.19535,1.19546,1.50,1.73
2013.01.17 17:08:30.160,1.19531,1.19544,3.15,1.73
2013.01.17 17:08:31.302,1.19529,1.19544,2.25,1.73
2013.01.17 17:08:31.362,1.19528,1.19539,2.48,1.50
2013.01.17 17:08:31.781,1.19528,1.19536,1.50,1.50
2013.01.17 17:08:31.901,1.19522,1.19536,3.23,1.50
2013.01.17 17:08:33.884,1.19526,1.19538,4.88,2.25
2013.01.17 17:08:34.011,1.19531,1.19543,1.13,3.75
2013.01.17 17:08:34.371,1.1953,1.19548,4.50,1.73
2013.01.17 17:08:34.434,1.1953,1.19548,3.60,1.73
2013.01.17 17:08:34.933,1.19531,1.19545,1.28,1.73
2013.01.17 17:08:35.262,1.19533,1.19545,3.90,1.50
2013.01.17 17:08:35.322,1.19535,1.19546,1.50,1.73
2013.01.17 17:08:35.442,1.19536,1.19548,3.00,1.73
2013.01.17 17:08:35.562,1.19537,1.19552,1.05,3.98
2013.01.17 17:08:35.682,1.19539,1.19553,2.63,2.48
2013.01.17 17:08:36.221,1.1954,1.19553,1.13,1.73
2013.01.17 17:08:36.985,1.19539,1.19551,2.25,1.73
2013.01.17 17:08:37.054,1.19536,1.19551,1.13,2.48
2013.01.17 17:08:37.185,1.19535,1.19548,1.35,1.17
2013.01.17 17:08:37.312,1.19528,1.19546,2.03,1.17
2013.01.17 17:08:37.373,1.19526,1.19538,3.90,1.50
2013.01.17 17:08:37.432,1.19526,1.19538,3.53,1.73
2013.01.17 17:08:37.971,1.19524,1.19541,2.03,2.31
2013.01.17 17:08:39.271,1.19523,1.1954,3.23,2.02
2013.01.17 17:08:39.331,1.19523,1.1954,3.15,2.02
2013.01.17 17:08:39.451,1.1952,1.19538,1.50,3.79
2013.01.17 17:08:39.811,1.19518,1.19534,1.50,1.73
2013.01.17 17:08:39.991,1.19517,1.19534,4.13,1.73
2013.01.17 17:08:40.051,1.19517,1.19533,4.13,1.47
2013.01.17 17:08:40.171,1.19516,1.19532,1.50,1.47
2013.01.17 17:08:40.774,1.19513,1.19528,1.50,1.49
2013.01.17 17:08:41.134,1.19507,1.19523,2.25,1.20
2013.01.17 17:08:41.261,1.19508,1.19523,2.40,1.32
2013.01.17 17:08:41.381,1.19507,1.19524,1.28,3.98
2013.01.17 17:08:41.860,1.19507,1.19523,1.28,1.50
2013.01.17 17:08:42.332,1.19516,1.19523,1.50,2.02
2013.01.17 17:08:42.395,1.19516,1.19527,2.63,4.73
2013.01.17 17:08:42.461,1.19518,1.19529,1.13,1.50
2013.01.17 17:08:42.522,1.19518,1.19529,1.88,1.73
2013.01.17 17:08:42.701,1.19518,1.19533,1.65,1.73
2013.01.17 17:08:42.821,1.19518,1.19534,1.65,3.23
2013.01.17 17:08:43.000,1.19519,1.19534,1.65,1.73
2013.01.17 17:08:43.062,1.19517,1.19534,1.50,1.88
2013.01.17 17:08:43.180,1.19516,1.19533,1.65,3.13
2013.01.17 17:08:43.482,1.19518,1.19534,2.03,1.73
2013.01.17 17:08:43.661,1.1952,1.19536,1.50,1.88
2013.01.17 17:08:43.722,1.1952,1.19537,1.65,2.77
2013.01.17 17:08:44.588,1.19523,1.19537,2.25,1.80
2013.01.17 17:08:44.831,1.19525,1.19538,2.03,1.73
2013.01.17 17:08:44.952,1.19528,1.19544,1.65,3.23
2013.01.17 17:08:45.311,1.19531,1.19544,2.25,1.50
2013.01.17 17:08:45.851,1.19531,1.19545,1.50,1.73
2013.01.17 17:08:46.750,1.19532,1.19546,2.25,2.11
2013.01.17 17:08:46.992,1.19538,1.19546,1.50,1.50
2013.01.17 17:08:47.051,1.19538,1.19553,1.88,2.73
2013.01.17 17:08:47.172,1.1954,1.19553,1.28,1.73
2013.01.17 17:08:47.948,1.19542,1.19558,1.35,2.76
2013.01.17 17:08:48.141,1.19545,1.19562,1.50,2.82
2013.01.17 17:08:48.381,1.19546,1.19562,1.50,2.44
2013.01.17 17:08:48.441,1.19549,1.19563,2.25,3.38
2013.01.17 17:08:48.681,1.19554,1.19566,1.50,2.10
2013.01.17 17:08:48.802,1.19556,1.19569,1.35,1.73
2013.01.17 17:08:49.341,1.19557,1.19573,1.35,2.03
2013.01.17 17:08:49.581,1.19558,1.19573,1.50,1.28
2013.01.17 17:08:49.944,1.19561,1.19578,1.50,1.20
2013.01.17 17:08:50.002,1.19561,1.19578,1.50,1.20
2013.01.17 17:08:50.062,1.19561,1.19577,1.50,1.05
2013.01.17 17:08:50.421,1.19568,1.19582,1.50,1.13
2013.01.17 17:08:50.543,1.19569,1.19582,1.35,1.13
2013.01.17 17:08:50.721,1.19569,1.19582,2.10,1.13
2013.01.17 17:08:51.021,1.19568,1.19586,2.25,2.85
2013.01.17 17:08:51.263,1.19568,1.1958,1.50,1.13
2013.01.17 17:08:51.563,1.19569,1.19582,1.50,1.73
2013.01.17 17:08:51.626,1.19569,1.19582,1.50,1.73
2013.01.17 17:08:51.993,1.19569,1.19586,1.50,1.71
2013.01.17 17:08:52.112,1.19569,1.19586,2.25,1.69
2013.01.17 17:08:52.652,1.19569,1.19586,2.25,1.83
2013.01.17 17:08:53.191,1.1957,1.19586,2.40,2.20
2013.01.17 17:08:53.251,1.1957,1.19591,2.40,3.90
2013.01.17 17:08:53.551,1.1957,1.19589,2.40,3.83
2013.01.17 17:08:53.911,1.1957,1.19585,1.65,1.50
2013.01.17 17:08:54.091,1.1957,1.19585,1.65,2.25
2013.01.17 17:08:54.330,1.1957,1.19586,2.97,2.40
2013.01.17 17:08:54.690,1.19572,1.19588,1.88,1.36
2013.01.17 17:08:54.932,1.19572,1.19588,2.10,2.93
2013.01.17 17:08:55.112,1.19572,1.19583,2.10,2.25
2013.01.17 17:08:55.352,1.19567,1.19583,1.88,3.00
2013.01.17 17:08:55.411,1.19568,1.19583,1.65,3.00
2013.01.17 17:08:57.130,1.19566,1.19581,3.90,2.48
2013.01.17 17:08:57.251,1.19566,1.19581,3.15,2.48
2013.01.17 17:08:57.691,1.19567,1.19579,1.28,1.73
2013.01.17 17:08:57.751,1.19567,1.19579,1.28,1.73
2013.01.17 17:08:58.361,1.19566,1.1958,3.75,1.73
2013.01.17 17:08:58.421,1.19566,1.1958,3.75,1.73
2013.01.17 17:08:59.051,1.19567,1.1958,1.13,2.48
2013.01.17 17:08:59.485,1.19567,1.19582,1.28,3.23
2013.01.17 17:08:59.671,1.19566,1.1958,1.13,3.23
2013.01.17 17:08:59.732,1.19564,1.19577,4.50,1.13
2013.01.17 17:08:59.851,1.19564,1.19574,5.25,1.50
2013.01.17 17:08:59.972,1.19563,1.19574,1.13,2.16
2013.01.17 17:09:00.091,1.19559,1.19574,6.00,2.16
2013.01.17 17:09:00.636,1.19564,1.19574,3.75,3.00
2013.01.17 17:09:01.093,1.19565,1.19574,1.50,1.41
2013.01.17 17:09:01.630,1.19562,1.19579,2.25,3.92
2013.01.17 17:09:02.111,1.1956,1.19575,1.50,2.38
2013.01.17 17:09:02.170,1.1956,1.19575,1.13,2.38
2013.01.17 17:09:02.351,1.19561,1.19577,2.25,2.48
2013.01.17 17:09:03.220,1.19562,1.19578,2.25,2.63
2013.01.17 17:09:03.341,1.19562,1.19578,2.25,2.63
2013.01.17 17:09:04.131,1.19559,1.19574,3.90,1.73
2013.01.17 17:09:05.041,1.19559,1.19574,3.75,2.85
2013.01.17 17:09:05.532,1.19559,1.19573,1.50,2.10
2013.01.17 17:09:05.591,1.19556,1.19573,3.00,2.10
2013.01.17 17:09:05.961,1.19556,1.19573,2.25,2.85
2013.01.17 17:09:06.021,1.19556,1.19573,3.00,3.60
2013.01.17 17:09:06.821,1.19554,1.1957,1.50,2.85
2013.01.17 17:09:06.882,1.19554,1.1957,1.50,2.85
2013.01.17 17:09:07.486,1.19553,1.19569,2.25,1.88
2013.01.17 17:09:07.731,1.19558,1.19575,3.00,1.13
2013.01.17 17:09:08.511,1.19558,1.19572,3.00,1.73
2013.01.17 17:09:08.812,1.19557,1.19566,1.50,1.50
2013.01.17 17:09:09.171,1.19557,1.19572,2.40,2.48
2013.01.17 17:09:09.231,1.1956,1.19572,1.50,1.73
2013.01.17 17:09:09.893,1.19556,1.1957,1.50,1.50
2013.01.17 17:09:10.072,1.19555,1.19569,3.75,2.40
2013.01.17 17:09:10.612,1.19556,1.1957,2.63,2.63
2013.01.17 17:09:10.978,1.19554,1.19568,1.13,1.13
2013.01.17 17:09:11.355,1.19553,1.19565,2.25,1.88
2013.01.17 17:09:12.022,1.19551,1.19564,1.50,1.73
2013.01.17 17:09:12.622,1.19551,1.19564,1.50,1.13
2013.01.17 17:09:12.801,1.19549,1.19562,1.50,1.13
2013.01.17 17:09:12.984,1.19546,1.19561,2.25,3.00
2013.01.17 17:09:13.599,1.19546,1.1956,2.25,1.50
2013.01.17 17:09:13.678,1.19543,1.19557,1.13,2.63
2013.01.17 17:09:13.912,1.19543,1.19555,1.28,2.48
2013.01.17 17:09:14.213,1.19535,1.19548,3.15,1.50
2013.01.17 17:09:14.513,1.19534,1.19544,1.13,1.73
2013.01.17 17:09:14.753,1.19534,1.19544,1.13,1.73
2013.01.17 17:09:15.052,1.19532,1.19545,1.50,1.73
2013.01.17 17:09:15.111,1.1953,1.19545,2.40,1.73
2013.01.17 17:09:15.351,1.1953,1.19545,2.40,2.48
2013.01.17 17:09:15.713,1.19528,1.19539,1.50,2.10
2013.01.17 17:09:15.834,1.19526,1.19537,1.50,1.13
2013.01.17 17:09:16.321,1.19521,1.19537,2.25,1.88
2013.01.17 17:09:16.382,1.19521,1.19536,2.25,1.73
2013.01.17 17:09:16.862,1.19518,1.19535,2.40,3.94
2013.01.17 17:09:17.104,1.19516,1.19529,1.50,1.73
2013.01.17 17:09:17.236,1.19516,1.19528,1.50,2.63
2013.01.17 17:09:17.303,1.19514,1.19528,1.50,3.38
2013.01.17 17:09:17.542,1.1951,1.19525,1.65,1.50
2013.01.17 17:09:17.602,1.19508,1.19522,4.65,1.50
2013.01.17 17:09:17.904,1.19497,1.19508,9.00,3.00
2013.01.17 17:09:18.033,1.19489,1.19504,1.13,1.54
2013.01.17 17:09:18.154,1.19489,1.19503,1.13,1.54
2013.01.17 17:09:18.722,1.19487,1.19501,2.25,1.73
2013.01.17 17:09:18.962,1.19483,1.19501,1.65,2.63
2013.01.17 17:09:19.084,1.19484,1.19501,1.80,1.88
2013.01.17 17:09:19.271,1.19486,1.19501,1.13,1.73
2013.01.17 17:09:20.461,1.19488,1.19501,2.25,1.73
2013.01.17 17:09:21.222,1.19486,1.19501,2.03,1.73
2013.01.17 17:09:21.832,1.19485,1.19501,9.15,1.73
2013.01.17 17:09:23.802,1.19486,1.19501,1.65,1.35
2013.01.17 17:09:24.501,1.19487,1.19501,1.13,1.35
2013.01.17 17:09:24.802,1.1949,1.19505,1.88,1.63
2013.01.17 17:09:25.341,1.19484,1.19497,2.25,3.23
2013.01.17 17:09:25.641,1.19485,1.195,1.50,1.73
2013.01.17 17:09:25.942,1.19488,1.19499,1.50,1.73
2013.01.17 17:09:26.252,1.19482,1.19498,1.43,1.38
2013.01.17 17:09:26.312,1.19487,1.19499,1.50,1.73
2013.01.17 17:09:26.371,1.19485,1.19499,2.40,1.73
2013.01.17 17:09:26.612,1.19487,1.19502,2.25,1.43
2013.01.17 17:09:26.735,1.1949,1.19503,2.25,1.58
2013.01.17 17:09:26.865,1.19491,1.19504,4.65,1.73
2013.01.17 17:09:27.422,1.19487,1.19504,3.00,2.48
2013.01.17 17:09:27.541,1.19487,1.19503,2.25,1.27
2013.01.17 17:09:27.870,1.19489,1.19503,1.50,2.02
2013.01.17 17:09:28.674,1.19484,1.19497,1.13,1.88
2013.01.17 17:09:28.733,1.19483,1.19496,2.25,1.58
2013.01.17 17:09:28.852,1.19481,1.19495,1.50,2.10
2013.01.17 17:09:29.030,1.19479,1.19495,2.25,2.10
2013.01.17 17:09:29.162,1.19479,1.19493,2.25,1.56
2013.01.17 17:09:29.531,1.19474,1.19493,2.25,3.66
2013.01.17 17:09:29.604,1.19476,1.19493,3.75,1.69
2013.01.17 17:09:29.731,1.19478,1.19494,1.50,1.47
2013.01.17 17:09:30.051,1.19479,1.19495,1.50,2.82
2013.01.17 17:09:30.472,1.19482,1.19495,1.50,2.22
2013.01.17 17:09:31.561,1.19482,1.19497,1.50,1.93
2013.01.17 17:09:33.601,1.19479,1.19496,1.50,1.67
2013.01.17 17:09:34.462,1.19482,1.19496,2.25,1.67
2013.01.17 17:09:34.641,1.19481,1.19496,1.13,1.67
2013.01.17 17:09:34.823,1.19483,1.19498,1.50,1.73
2013.01.17 17:09:34.881,1.19483,1.19499,3.00,2.48
2013.01.17 17:09:35.403,1.19486,1.19499,1.50,2.48
2013.01.17 17:09:35.483,1.19494,1.19503,1.69,1.80
2013.01.17 17:09:35.559,1.19497,1.19503,3.75,1.05
2013.01.17 17:09:35.874,1.19501,1.19507,3.75,1.20
2013.01.17 17:09:36.123,1.19504,1.19517,1.50,1.73
2013.01.17 17:09:36.186,1.19504,1.19518,1.50,1.73
2013.01.17 17:09:36.687,1.19505,1.19518,1.50,1.73
2013.01.17 17:09:37.051,1.19505,1.1952,2.25,1.20
2013.01.17 17:09:37.590,1.19505,1.19519,2.25,1.13
2013.01.17 17:09:38.570,1.19503,1.19521,1.50,4.25
2013.01.17 17:09:38.992,1.19504,1.1952,3.75,1.73
2013.01.17 17:09:39.051,1.19504,1.1952,3.75,1.73
2013.01.17 17:09:39.171,1.19504,1.1952,7.50,1.73
2013.01.17 17:09:40.062,1.19509,1.19523,2.25,1.73
2013.01.17 17:09:41.541,1.1951,1.19527,1.50,3.90
2013.01.17 17:09:41.969,1.19508,1.19518,3.75,3.23
2013.01.17 17:09:42.094,1.19507,1.19517,1.50,2.63
2013.01.17 17:09:42.222,1.19507,1.19517,1.50,1.88
2013.01.17 17:09:42.342,1.19504,1.19514,2.25,1.50
2013.01.17 17:09:42.403,1.19501,1.19514,1.50,1.50
2013.01.17 17:09:42.702,1.19501,1.19514,1.50,1.73
2013.01.17 17:09:43.243,1.19498,1.19514,1.13,1.73
2013.01.17 17:09:44.201,1.19498,1.19515,1.88,1.73
2013.01.17 17:09:44.571,1.195,1.19515,1.50,1.73
2013.01.17 17:09:44.931,1.195,1.19518,2.25,5.33
2013.01.17 17:09:45.291,1.19503,1.19518,3.00,3.83
2013.01.17 17:09:45.591,1.19501,1.19518,1.13,4.58
2013.01.17 17:09:46.791,1.19501,1.19518,1.88,4.58
2013.01.17 17:09:47.166,1.19501,1.19517,5.25,1.73
2013.01.17 17:09:47.581,1.19501,1.19516,4.50,1.73
2013.01.17 17:09:48.121,1.19501,1.19516,1.50,1.73
2013.01.17 17:09:48.683,1.19501,1.19516,1.13,1.73
2013.01.17 17:09:50.238,1.19501,1.19517,1.88,1.73
2013.01.17 17:09:50.556,1.19505,1.1952,1.50,1.35
2013.01.17 17:09:51.041,1.1951,1.19525,1.50,4.35
2013.01.17 17:09:51.101,1.19511,1.19525,1.65,3.60
2013.01.17 17:09:51.161,1.19512,1.19526,1.50,3.23
2013.01.17 17:09:51.521,1.19525,1.19535,2.25,1.23
2013.01.17 17:09:51.582,1.19528,1.19538,2.63,2.25
2013.01.17 17:09:51.643,1.19531,1.1954,1.65,1.50
2013.01.17 17:09:51.702,1.19535,1.19543,1.50,2.25
2013.01.17 17:09:51.762,1.19535,1.19551,1.50,4.73
2013.01.17 17:09:52.121,1.19535,1.19548,1.50,1.73
2013.01.17 17:09:52.242,1.19535,1.19547,1.73,1.50
2013.01.17 17:09:52.481,1.19542,1.19554,2.48,1.50
2013.01.17 17:09:52.601,1.19538,1.19554,2.25,1.34
2013.01.17 17:09:52.901,1.1954,1.19555,2.25,1.73
2013.01.17 17:09:53.021,1.1954,1.19555,2.25,1.73
2013.01.17 17:09:53.380,1.19545,1.19557,1.50,2.68
2013.01.17 17:09:53.562,1.19549,1.1956,1.65,1.18
2013.01.17 17:09:53.622,1.19551,1.19565,1.50,2.29
2013.01.17 17:09:53.866,1.19547,1.19564,1.50,1.35
2013.01.17 17:09:53.992,1.19546,1.19563,2.40,1.73
2013.01.17 17:09:54.292,1.19546,1.19564,1.65,1.73
2013.01.17 17:09:54.652,1.19547,1.19561,1.50,1.35
2013.01.17 17:09:54.771,1.19546,1.19561,1.65,1.35
2013.01.17 17:09:54.951,1.19545,1.19561,2.03,3.23
2013.01.17 17:09:55.311,1.19545,1.19557,1.13,1.73
2013.01.17 17:09:55.371,1.19544,1.19556,1.50,1.73
2013.01.17 17:09:55.432,1.19542,1.19556,1.88,3.23
2013.01.17 17:09:55.493,1.19542,1.19555,1.13,1.35
2013.01.17 17:09:55.612,1.1954,1.1955,1.50,1.50
2013.01.17 17:09:55.672,1.19536,1.19546,1.88,1.50
2013.01.17 17:09:56.031,1.19533,1.1954,1.50,2.63
2013.01.17 17:09:56.211,1.19523,1.1954,1.50,6.57
2013.01.17 17:09:56.273,1.19521,1.19539,1.28,2.48
2013.01.17 17:09:56.573,1.19526,1.1954,1.50,2.85
2013.01.17 17:09:56.692,1.19526,1.1954,1.50,2.85
2013.01.17 17:09:57.247,1.19524,1.19539,3.15,2.10
2013.01.17 17:09:57.314,1.19524,1.19539,3.15,2.10
2013.01.17 17:09:57.622,1.19535,1.19543,1.88,1.50
2013.01.17 17:09:57.741,1.19536,1.19547,3.90,1.69
2013.01.17 17:09:57.921,1.19536,1.19554,4.65,2.85
2013.01.17 17:09:57.983,1.19538,1.19554,1.13,2.85
2013.01.17 17:09:58.521,1.19539,1.19555,2.03,2.85
2013.01.17 17:09:59.060,1.19539,1.19555,1.28,2.10
2013.01.17 17:09:59.864,1.19543,1.19555,1.50,2.10
2013.01.17 17:10:00.234,1.19545,1.19561,3.00,1.35
2013.01.17 17:10:00.296,1.19545,1.19561,1.50,2.10
2013.01.17 17:10:00.422,1.19545,1.1956,1.50,1.73
2013.01.17 17:10:00.663,1.19546,1.19561,1.50,1.35
2013.01.17 17:10:00.845,1.19547,1.19562,1.50,4.35
2013.01.17 17:10:01.032,1.19549,1.19562,1.50,2.25
2013.01.17 17:10:01.153,1.19555,1.19562,1.50,1.35
2013.01.17 17:10:01.391,1.19554,1.19563,1.50,1.13
2013.01.17 17:10:01.827,1.19558,1.19565,1.50,1.13
2013.01.17 17:10:01.963,1.19557,1.19569,1.50,2.10
2013.01.17 17:10:02.662,1.19557,1.19569,1.50,2.10
2013.01.17 17:10:03.202,1.19559,1.19571,1.50,1.05
2013.01.17 17:10:03.321,1.19565,1.19572,1.50,1.50
2013.01.17 17:10:03.561,1.19563,1.19572,2.25,1.50
2013.01.17 17:10:03.981,1.19558,1.19571,1.50,1.73
2013.01.17 17:10:04.344,1.19556,1.19567,1.50,1.25
2013.01.17 17:10:04.412,1.19557,1.19567,1.13,2.75
2013.01.17 17:10:04.472,1.19557,1.19564,1.13,1.50
2013.01.17 17:10:04.781,1.19557,1.19566,1.28,1.50
2013.01.17 17:10:05.022,1.19557,1.19572,2.03,2.48
2013.01.17 17:10:05.082,1.19557,1.19572,2.03,2.48
2013.01.17 17:10:05.261,1.19555,1.19569,2.25,2.48
2013.01.17 17:10:05.382,1.19553,1.19567,1.50,2.38
2013.01.17 17:10:05.863,1.1955,1.19562,2.25,1.84
2013.01.17 17:10:06.282,1.19547,1.19563,2.03,1.98
2013.01.17 17:10:06.401,1.19548,1.19561,1.88,2.16
2013.01.17 17:10:06.641,1.19548,1.19561,1.13,3.60
2013.01.17 17:10:06.822,1.19542,1.1956,1.88,4.80
2013.01.17 17:10:07.120,1.19542,1.19558,1.50,2.70
2013.01.17 17:10:07.300,1.19539,1.19558,7.13,2.93
2013.01.17 17:10:07.745,1.19541,1.19557,1.50,1.59
2013.01.17 17:10:08.442,1.1954,1.19555,1.88,2.34
2013.01.17 17:10:09.262,1.19541,1.19555,1.65,2.22
2013.01.17 17:10:09.322,1.19546,1.19558,3.00,2.00
2013.01.17 17:10:09.824,1.19547,1.19563,1.50,1.59
2013.01.17 17:10:10.060,1.19548,1.19564,1.13,2.64
2013.01.17 17:10:10.453,1.19546,1.19563,1.50,2.97
2013.01.17 17:10:10.681,1.19547,1.19563,1.50,2.57
2013.01.17 17:10:10.921,1.19546,1.19563,1.50,3.13
2013.01.17 17:10:11.455,1.19548,1.19563,1.13,1.52
2013.01.17 17:10:12.268,1.1955,1.19564,1.50,2.48
2013.01.17 17:10:12.465,1.19551,1.19564,1.50,2.48
2013.01.17 17:10:12.652,1.19551,1.19564,2.25,1.73
2013.01.17 17:10:12.891,1.19556,1.19566,2.25,1.73
2013.01.17 17:10:13.034,1.19558,1.19571,1.50,2.48
2013.01.17 17:10:13.332,1.19558,1.1957,1.50,1.50
2013.01.17 17:10:13.631,1.1956,1.19575,1.65,6.04
2013.01.17 17:10:13.811,1.19558,1.19574,2.40,1.73
2013.01.17 17:10:14.052,1.19559,1.19571,1.28,1.73
2013.01.17 17:10:14.231,1.19559,1.1957,1.13,1.13
2013.01.17 17:10:14.591,1.19553,1.19561,1.50,1.73
2013.01.17 17:10:14.711,1.19549,1.19561,1.50,1.73
2013.01.17 17:10:14.773,1.19547,1.19561,1.50,3.23
2013.01.17 17:10:15.446,1.19545,1.19561,1.65,3.23
2013.01.17 17:10:15.524,1.19549,1.19562,2.40,1.73
2013.01.17 17:10:15.595,1.19552,1.19564,1.50,1.73
2013.01.17 17:10:15.722,1.19554,1.19565,1.50,1.73
2013.01.17 17:10:16.082,1.19548,1.19564,1.13,2.48
2013.01.17 17:10:16.201,1.19546,1.19564,3.00,2.48
2013.01.17 17:10:16.501,1.19546,1.19562,1.50,3.23
2013.01.17 17:10:16.682,1.19547,1.19562,1.13,2.48
2013.01.17 17:10:16.742,1.19548,1.19562,4.65,2.48
2013.01.17 17:10:17.286,1.19548,1.19561,2.25,2.48
2013.01.17 17:10:17.591,1.19548,1.1956,2.25,1.73
2013.01.17 17:10:17.771,1.19542,1.1956,1.65,3.23
2013.01.17 17:10:19.202,1.19541,1.19557,3.15,2.48
2013.01.17 17:10:19.705,1.19542,1.19558,3.15,1.35
2013.01.17 17:10:19.774,1.19542,1.19558,3.15,1.35
2013.01.17 17:10:20.071,1.19541,1.19558,2.40,1.35
2013.01.17 17:10:22.171,1.19541,1.19558,2.40,3.98
2013.01.17 17:10:22.482,1.19544,1.19558,1.50,2.48
2013.01.17 17:10:26.781,1.19543,1.19558,3.00,3.23
2013.01.17 17:10:27.311,1.19541,1.19557,2.63,3.23
2013.01.17 17:10:27.371,1.19541,1.19555,1.88,1.73
2013.01.17 17:10:28.531,1.19539,1.19555,1.13,3.98
2013.01.17 17:10:28.592,1.19539,1.19555,1.13,3.23
2013.01.17 17:10:28.772,1.19539,1.19554,1.13,2.48
2013.01.17 17:10:28.831,1.19538,1.19553,1.50,3.98
2013.01.17 17:10:28.891,1.19537,1.1955,1.50,1.73
2013.01.17 17:10:29.072,1.19534,1.19549,3.23,2.40
2013.01.17 17:10:29.132,1.19534,1.19548,2.48,1.65
2013.01.17 17:10:29.431,1.19531,1.19546,2.48,3.00
2013.01.17 17:10:29.551,1.19531,1.19546,2.48,3.00
2013.01.17 17:10:30.101,1.19533,1.19546,2.25,3.98
2013.01.17 17:10:30.162,1.19531,1.19546,2.25,3.23
2013.01.17 17:10:30.291,1.19533,1.19546,2.25,3.23
2013.01.17 17:10:30.351,1.19531,1.19546,3.75,3.23
2013.01.17 17:10:30.412,1.19531,1.19542,3.00,2.85
2013.01.17 17:10:30.772,1.19528,1.19537,1.50,2.25
2013.01.17 17:10:31.281,1.19528,1.19538,1.50,6.59
2013.01.17 17:10:31.592,1.19521,1.19536,1.50,2.10
2013.01.17 17:10:31.952,1.19518,1.19529,1.50,1.35
2013.01.17 17:10:32.466,1.19512,1.19528,3.75,1.73
2013.01.17 17:10:32.982,1.19512,1.19528,3.75,1.73
2013.01.17 17:10:36.452,1.19513,1.19523,1.50,2.02
2013.01.17 17:10:36.512,1.19508,1.19523,2.25,1.27
2013.01.17 17:10:36.571,1.19508,1.19523,2.25,1.25
2013.01.17 17:10:37.268,1.19506,1.1952,1.13,2.48
2013.01.17 17:10:38.002,1.195,1.19513,2.40,1.09
2013.01.17 17:10:38.593,1.195,1.19513,1.50,1.09
2013.01.17 17:10:38.902,1.19499,1.19512,1.50,1.73
2013.01.17 17:10:39.102,1.19498,1.19512,1.65,1.73
2013.01.17 17:10:39.742,1.19498,1.19512,1.65,2.22
2013.01.17 17:10:41.502,1.19491,1.19507,3.90,4.01
2013.01.17 17:10:41.742,1.19491,1.19503,1.50,1.05
2013.01.17 17:10:41.802,1.19491,1.19499,1.50,2.07
2013.01.17 17:10:42.161,1.19485,1.19498,1.65,1.63
2013.01.17 17:10:43.107,1.19485,1.19499,1.65,2.07
2013.01.17 17:10:43.187,1.1949,1.19501,1.50,1.50
2013.01.17 17:10:43.491,1.1949,1.19497,1.50,1.02
2013.01.17 17:10:43.673,1.19484,1.19498,2.03,1.29
2013.01.17 17:10:45.016,1.19484,1.19498,1.13,2.83
2013.01.17 17:10:45.563,1.19483,1.19497,1.13,1.59
2013.01.17 17:10:45.681,1.19484,1.19497,1.28,1.36
2013.01.17 17:10:46.472,1.19482,1.19494,1.50,1.02
2013.01.17 17:10:46.711,1.19479,1.19493,1.28,1.59
2013.01.17 17:10:47.312,1.19478,1.19492,3.15,2.34
2013.01.17 17:10:47.823,1.19479,1.19492,1.28,1.02
2013.01.17 17:10:48.521,1.19479,1.19492,2.40,1.02
2013.01.17 17:10:49.762,1.1948,1.19492,1.13,1.02
2013.01.17 17:10:50.122,1.19485,1.19497,1.50,1.20
2013.01.17 17:10:50.582,1.19484,1.19497,1.50,1.20
2013.01.17 17:10:50.822,1.19487,1.195,1.50,1.34
2013.01.17 17:10:50.883,1.19488,1.195,1.50,1.34
2013.01.17 17:10:51.063,1.19494,1.19506,3.00,1.50
2013.01.17 17:10:51.123,1.19492,1.19506,3.00,1.47
2013.01.17 17:10:51.481,1.19494,1.19509,2.63,1.10
2013.01.17 17:10:51.721,1.19496,1.19512,1.50,1.50
2013.01.17 17:10:52.022,1.19494,1.19511,1.28,1.59
2013.01.17 17:10:52.442,1.19498,1.19513,1.50,1.58
2013.01.17 17:10:52.983,1.19498,1.19514,1.50,3.09
2013.01.17 17:10:53.516,1.19499,1.19514,1.50,2.86
2013.01.17 17:10:53.641,1.19499,1.19513,1.50,1.59
2013.01.17 17:10:53.703,1.19499,1.19513,1.50,1.20
2013.01.17 17:10:53.822,1.19497,1.19513,2.25,1.20
2013.01.17 17:10:54.531,1.19499,1.19514,2.25,1.54
2013.01.17 17:10:54.892,1.19499,1.19513,1.50,3.61
2013.01.17 17:10:55.871,1.19499,1.19513,1.88,3.23
2013.01.17 17:10:58.332,1.19499,1.19515,1.88,2.73
2013.01.17 17:10:58.451,1.195,1.19516,1.50,1.73
2013.01.17 17:10:58.631,1.19501,1.19517,2.25,1.35
2013.01.17 17:10:58.932,1.19502,1.19517,1.50,3.12
2013.01.17 17:11:00.832,1.195,1.19517,2.25,2.75
2013.01.17 17:11:01.132,1.19501,1.19516,1.65,1.73
2013.01.17 17:11:01.312,1.19502,1.19517,2.25,1.73
2013.01.17 17:11:01.671,1.19499,1.19516,1.50,1.38
2013.01.17 17:11:01.971,1.19499,1.19516,1.50,3.98
2013.01.17 17:11:02.271,1.19499,1.19516,1.50,4.50
2013.01.17 17:11:03.232,1.19497,1.19516,2.25,4.50
2013.01.17 17:11:03.702,1.19497,1.19514,1.50,3.23
2013.01.17 17:11:03.941,1.19501,1.19514,2.25,2.48
2013.01.17 17:11:04.951,1.19499,1.19515,2.25,1.73
2013.01.17 17:11:05.712,1.19499,1.19517,3.75,3.75
2013.01.17 17:11:05.951,1.19501,1.19517,3.00,2.86
2013.01.17 17:11:07.224,1.19499,1.19514,3.00,3.23
2013.01.17 17:11:07.443,1.19497,1.19514,1.28,4.73
2013.01.17 17:11:07.506,1.19497,1.19513,1.28,2.00
2013.01.17 17:11:08.052,1.19496,1.19508,1.50,2.48
2013.01.17 17:11:08.413,1.19496,1.19506,1.13,1.73
2013.01.17 17:11:08.473,1.19493,1.19506,1.35,1.73
2013.01.17 17:11:08.712,1.19492,1.19506,1.65,1.73
2013.01.17 17:11:11.093,1.19496,1.19509,2.25,1.73
2013.01.17 17:11:11.212,1.19498,1.19512,3.15,1.73
2013.01.17 17:11:11.511,1.19499,1.19515,3.53,1.73
2013.01.17 17:11:11.871,1.19499,1.19516,2.78,2.48
2013.01.17 17:11:12.434,1.19499,1.19516,3.53,2.48
2013.01.17 17:11:14.432,1.195,1.19516,1.88,2.48
2013.01.17 17:11:14.612,1.19502,1.19516,1.50,1.73
2013.01.17 17:11:15.161,1.19502,1.19518,2.25,3.23
2013.01.17 17:11:15.405,1.19505,1.19519,1.13,2.25
2013.01.17 17:11:15.532,1.19507,1.19521,1.50,1.73
2013.01.17 17:11:16.201,1.19506,1.19522,3.00,2.63
2013.01.17 17:11:16.321,1.19505,1.19519,1.13,1.13
2013.01.17 17:11:16.562,1.19502,1.19518,1.50,3.98
2013.01.17 17:11:16.681,1.19502,1.19519,1.50,6.38
2013.01.17 17:11:16.801,1.19503,1.19519,1.50,3.98
2013.01.17 17:11:17.233,1.19502,1.19517,1.50,2.48
2013.01.17 17:11:17.541,1.19501,1.19517,1.50,6.23
2013.01.17 17:11:17.601,1.195,1.19516,1.50,1.73
2013.01.17 17:11:17.962,1.19504,1.19516,2.25,3.23
2013.01.17 17:11:18.023,1.19504,1.19516,2.25,1.73
2013.01.17 17:11:18.082,1.19501,1.19516,1.50,1.73
2013.01.17 17:11:18.621,1.19499,1.19516,3.53,2.48
2013.01.17 17:11:19.143,1.19501,1.19516,1.50,2.48
2013.01.17 17:11:19.976,1.19499,1.19515,3.00,2.48
2013.01.17 17:11:20.048,1.19499,1.19513,2.25,3.23
2013.01.17 17:11:20.372,1.19499,1.19509,1.50,2.48
2013.01.17 17:11:20.431,1.19492,1.19509,2.63,3.23
2013.01.17 17:11:20.551,1.19491,1.19509,10.50,3.23
2013.01.17 17:11:20.731,1.19491,1.19509,10.50,3.63
2013.01.17 17:11:21.512,1.19491,1.19506,2.25,2.10
2013.01.17 17:11:22.372,1.19491,1.19506,4.50,2.10
2013.01.17 17:11:22.440,1.19492,1.19507,1.50,1.73
2013.01.17 17:11:22.682,1.19493,1.19508,2.78,2.48
2013.01.17 17:11:22.746,1.19493,1.19508,4.28,1.73
2013.01.17 17:11:23.351,1.19492,1.19509,3.15,3.23
2013.01.17 17:11:23.411,1.19492,1.19509,3.15,3.23
2013.01.17 17:11:23.951,1.19493,1.19509,1.28,3.98
2013.01.17 17:11:26.339,1.19492,1.19509,3.15,3.98
2013.01.17 17:11:27.723,1.19493,1.19509,1.65,3.23
2013.01.17 17:11:27.841,1.19493,1.19509,1.65,3.23
2013.01.17 17:11:29.761,1.19491,1.19507,1.50,1.73
2013.01.17 17:11:33.514,1.19494,1.19507,2.25,1.73
2013.01.17 17:11:33.573,1.19494,1.19509,2.25,1.73
2013.01.17 17:11:33.752,1.19494,1.19509,2.25,3.23
2013.01.17 17:11:34.212,1.19493,1.19509,2.25,3.23
2013.01.17 17:11:38.184,1.1949,1.19503,1.50,2.48
2013.01.17 17:11:38.251,1.19489,1.19504,1.88,3.98
2013.01.17 17:11:38.312,1.19489,1.19505,3.38,4.73
2013.01.17 17:11:38.952,1.19484,1.19496,1.50,2.48
2013.01.17 17:11:39.283,1.19479,1.19495,3.75,1.73
2013.01.17 17:11:39.402,1.19479,1.19492,1.50,1.73
2013.01.17 17:11:39.702,1.19474,1.19488,1.13,1.13
2013.01.17 17:11:40.241,1.19473,1.1949,1.65,2.48
2013.01.17 17:11:40.545,1.19473,1.19487,1.50,1.65
2013.01.17 17:11:40.612,1.19471,1.19487,1.50,1.65
2013.01.17 17:11:41.311,1.19471,1.19483,1.50,1.65
2013.01.17 17:11:41.491,1.19466,1.19483,1.13,1.65
2013.01.17 17:11:43.462,1.19465,1.19481,1.88,2.48
2013.01.17 17:11:43.881,1.19465,1.19483,3.38,1.73
2013.01.17 17:11:43.941,1.19465,1.19483,2.63,1.73
2013.01.17 17:11:44.121,1.19461,1.19478,1.88,2.48
2013.01.17 17:11:44.302,1.19459,1.19474,3.75,1.73
2013.01.17 17:11:44.542,1.19455,1.19471,3.75,2.48
2013.01.17 17:11:44.721,1.19455,1.1947,2.25,1.73
2013.01.17 17:11:45.282,1.19455,1.1947,2.25,2.48
2013.01.17 17:11:45.832,1.19456,1.19472,1.50,1.50
2013.01.17 17:11:45.955,1.19456,1.19472,1.50,1.50
2013.01.17 17:11:46.512,1.19456,1.19472,1.88,1.13
2013.01.17 17:11:47.123,1.19456,1.19473,6.53,1.73
2013.01.17 17:11:47.182,1.19459,1.19473,1.50,1.50
2013.01.17 17:11:47.303,1.1946,1.19475,1.50,1.73
2013.01.17 17:11:48.001,1.19465,1.19478,1.50,1.17
2013.01.17 17:11:48.078,1.19467,1.19484,2.25,1.88
2013.01.17 17:11:48.145,1.19467,1.19484,2.25,1.88
2013.01.17 17:11:49.041,1.19467,1.19484,2.25,1.88
2013.01.17 17:11:49.643,1.19464,1.19482,3.00,2.48
2013.01.17 17:11:49.793,1.19464,1.19482,3.00,2.48
2013.01.17 17:11:50.121,1.19462,1.19478,3.75,2.63
2013.01.17 17:11:50.182,1.1946,1.19474,1.50,1.50
2013.01.17 17:11:50.363,1.19459,1.1947,1.50,1.73
2013.01.17 17:11:50.483,1.19455,1.19468,2.25,1.35
2013.01.17 17:11:50.601,1.19451,1.19467,2.25,1.73
2013.01.17 17:11:50.662,1.19451,1.19465,1.50,1.13
2013.01.17 17:11:50.722,1.19451,1.19465,1.50,1.13
2013.01.17 17:11:51.023,1.19451,1.19461,1.50,1.73
2013.01.17 17:11:51.141,1.19447,1.19461,1.50,1.73
2013.01.17 17:11:51.731,1.19447,1.19459,1.50,1.73
2013.01.17 17:11:52.032,1.19437,1.19452,1.50,1.13
2013.01.17 17:11:52.272,1.19437,1.19451,3.00,1.73
2013.01.17 17:11:52.521,1.19442,1.19458,2.25,3.23
2013.01.17 17:11:52.702,1.19444,1.19458,1.50,3.23
2013.01.17 17:11:53.238,1.19444,1.19458,2.25,3.00
2013.01.17 17:11:53.561,1.19441,1.19453,1.50,1.50
2013.01.17 17:11:53.921,1.19432,1.19449,3.60,3.94
2013.01.17 17:11:54.161,1.19435,1.19449,2.48,3.75
2013.01.17 17:11:54.662,1.19432,1.19449,2.85,3.00
2013.01.17 17:11:55.172,1.1943,1.19437,1.88,1.50
2013.01.17 17:11:55.533,1.19429,1.19434,1.50,1.50
2013.01.17 17:11:55.591,1.19419,1.19435,2.55,1.50
2013.01.17 17:11:55.653,1.19422,1.19434,1.65,1.50
2013.01.17 17:11:56.013,1.19425,1.19439,1.73,1.35
2013.01.17 17:11:56.561,1.19425,1.1944,1.73,3.60
2013.01.17 17:11:56.873,1.19425,1.19443,5.48,3.15
2013.01.17 17:11:57.234,1.19427,1.19441,1.73,1.50
2013.01.17 17:11:57.353,1.19427,1.19442,2.48,1.50
2013.01.17 17:11:57.543,1.19426,1.19442,1.73,3.00
2013.01.17 17:11:58.841,1.19426,1.19441,1.73,3.15
2013.01.17 17:11:59.162,1.19426,1.19441,2.06,2.25
2013.01.17 17:11:59.462,1.19429,1.19442,2.09,1.50
2013.01.17 17:12:00.000,1.19431,1.19442,1.50,1.50
2013.01.17 17:12:00.061,1.19431,1.19444,1.50,1.65
2013.01.17 17:12:00.421,1.19428,1.19444,1.73,1.50
2013.01.17 17:12:00.781,1.19428,1.19445,2.13,1.65
2013.01.17 17:12:01.332,1.19428,1.19442,1.84,2.25
2013.01.17 17:12:01.511,1.19428,1.19442,2.52,2.25
2013.01.17 17:12:01.571,1.1943,1.19446,2.00,4.50
2013.01.17 17:12:01.633,1.19435,1.19446,2.04,2.25
2013.01.17 17:12:01.691,1.19435,1.19448,2.04,1.88
2013.01.17 17:12:02.343,1.19433,1.19449,2.13,2.10
2013.01.17 17:12:02.703,1.19439,1.19452,2.48,3.75
2013.01.17 17:12:02.951,1.1944,1.19457,4.63,1.13
2013.01.17 17:12:03.131,1.19443,1.19458,1.41,4.50
2013.01.17 17:12:03.442,1.19447,1.19459,1.41,1.50
2013.01.17 17:12:03.503,1.19451,1.19463,1.50,5.25
2013.01.17 17:12:03.861,1.19455,1.19469,2.22,3.75
2013.01.17 17:12:05.801,1.19457,1.19473,1.47,6.00
2013.01.17 17:12:05.864,1.19457,1.19473,1.47,3.00
2013.01.17 17:12:05.981,1.19457,1.19471,1.47,1.65
2013.01.17 17:12:06.101,1.19457,1.19471,1.45,3.00
2013.01.17 17:12:06.771,1.19457,1.19471,2.20,1.65
2013.01.17 17:12:06.891,1.19457,1.19473,2.02,4.50
2013.01.17 17:12:07.252,1.19467,1.19475,1.73,1.50
2013.01.17 17:12:07.372,1.19467,1.19475,1.73,1.13
2013.01.17 17:12:07.435,1.19467,1.1948,1.73,3.30
2013.01.17 17:12:07.681,1.19471,1.19485,1.41,2.40
2013.01.17 17:12:08.352,1.19472,1.19485,2.16,2.40
2013.01.17 17:12:08.472,1.19475,1.19491,1.34,1.88
2013.01.17 17:12:08.592,1.19477,1.19491,1.34,1.13
2013.01.17 17:12:08.652,1.19477,1.19491,1.41,1.50
2013.01.17 17:12:09.133,1.19478,1.19492,1.56,1.50
2013.01.17 17:12:09.414,1.19475,1.19491,1.41,1.65
2013.01.17 17:12:09.953,1.19477,1.19493,1.73,2.25
2013.01.17 17:12:10.012,1.19479,1.19493,1.20,2.10
2013.01.17 17:12:10.072,1.1948,1.19493,1.05,1.50
2013.01.17 17:12:10.131,1.19481,1.19496,1.47,1.65
2013.01.17 17:12:10.433,1.1948,1.19495,1.62,1.13
2013.01.17 17:12:10.553,1.1948,1.19494,1.35,1.65
2013.01.17 17:12:11.871,1.19475,1.19492,1.96,1.65
2013.01.17 17:12:12.884,1.19479,1.19496,1.73,1.28
2013.01.17 17:12:13.483,1.1948,1.19496,1.73,1.28
2013.01.17 17:12:13.543,1.19481,1.19497,1.73,2.25
2013.01.17 17:12:13.902,1.19484,1.19501,1.35,2.48
2013.01.17 17:12:14.143,1.19484,1.19501,2.10,1.65
2013.01.17 17:12:15.722,1.19485,1.19503,1.35,2.25
2013.01.17 17:12:15.841,1.19485,1.19504,1.35,3.23
2013.01.17 17:12:16.563,1.19488,1.19504,1.35,1.50
2013.01.17 17:12:16.685,1.19488,1.19504,1.35,2.25
2013.01.17 17:12:16.754,1.19485,1.19502,3.00,2.25
2013.01.17 17:12:16.884,1.19485,1.19501,1.73,1.13
2013.01.17 17:12:17.001,1.19484,1.195,2.10,1.50
2013.01.17 17:12:18.120,1.19484,1.19502,2.10,3.75
2013.01.17 17:12:18.622,1.19486,1.19503,1.35,1.50
2013.01.17 17:12:19.182,1.19486,1.19503,1.35,2.25
2013.01.17 17:12:19.502,1.19486,1.19501,1.35,3.15
2013.01.17 17:12:19.821,1.19484,1.195,1.35,1.65
2013.01.17 17:12:21.032,1.19484,1.19499,1.35,1.50
2013.01.17 17:12:21.091,1.19482,1.19497,1.35,2.25
2013.01.17 17:12:24.562,1.19481,1.19496,1.73,2.40
2013.01.17 17:12:24.682,1.19478,1.19493,1.50,3.00
2013.01.17 17:12:24.742,1.19477,1.19493,1.73,2.25
2013.01.17 17:12:24.861,1.19477,1.19493,1.73,2.40
2013.01.17 17:12:25.162,1.19489,1.19498,3.23,1.50
2013.01.17 17:12:25.342,1.19489,1.19505,4.73,2.40
2013.01.17 17:12:25.462,1.19489,1.19506,3.98,2.03
2013.01.17 17:12:26.027,1.19489,1.19504,2.48,1.50
2013.01.17 17:12:26.559,1.19489,1.19503,2.48,1.50
2013.01.17 17:12:28.004,1.19489,1.19504,3.23,1.50
2013.01.17 17:12:28.597,1.19489,1.19504,2.10,1.50
2013.01.17 17:12:28.820,1.19489,1.19507,2.10,2.40
2013.01.17 17:12:29.181,1.19493,1.19509,2.48,1.50
2013.01.17 17:12:29.243,1.19493,1.1951,3.23,1.35
2013.01.17 17:12:29.361,1.19493,1.1951,3.23,2.10
2013.01.17 17:12:29.841,1.19493,1.19504,2.48,1.50
2013.01.17 17:12:29.971,1.19493,1.19506,2.48,1.50
2013.01.17 17:12:30.472,1.19491,1.19506,1.35,1.50
2013.01.17 17:12:30.591,1.19494,1.19506,3.38,1.50
2013.01.17 17:12:30.951,1.19498,1.19514,3.38,1.50
2013.01.17 17:12:31.023,1.19499,1.19515,1.73,3.00
2013.01.17 17:12:31.578,1.19499,1.19514,1.73,1.50
2013.01.17 17:12:32.711,1.19498,1.19513,2.48,1.50
2013.01.17 17:12:32.832,1.19497,1.19512,1.35,4.65
2013.01.17 17:12:33.012,1.19495,1.19507,1.35,1.50
2013.01.17 17:12:33.132,1.19493,1.19506,2.10,1.50
2013.01.17 17:12:33.671,1.19493,1.19506,1.35,1.50
2013.01.17 17:12:34.274,1.19493,1.19506,1.13,1.50
2013.01.17 17:12:34.932,1.1949,1.19506,1.73,2.63
2013.01.17 17:12:36.442,1.1949,1.19506,1.73,2.63
2013.01.17 17:12:37.141,1.19489,1.19506,3.60,1.88
2013.01.17 17:12:38.081,1.19489,1.19506,3.23,1.88
2013.01.17 17:12:39.181,1.1949,1.19506,1.35,3.90
2013.01.17 17:12:39.301,1.1949,1.19506,1.35,3.90
2013.01.17 17:12:39.821,1.19489,1.19505,4.35,1.65
2013.01.17 17:12:41.501,1.19488,1.19505,1.73,3.15
2013.01.17 17:12:43.251,1.19487,1.19505,4.73,3.15
2013.01.17 17:12:44.701,1.19487,1.19503,2.48,1.50
2013.01.17 17:12:47.349,1.19485,1.19503,3.00,2.48
2013.01.17 17:12:48.051,1.19488,1.19503,1.50,1.73
2013.01.17 17:12:48.351,1.19489,1.19504,1.50,2.48
2013.01.17 17:12:49.314,1.19487,1.19504,2.78,2.48
2013.01.17 17:12:49.681,1.19487,1.19504,2.78,2.48
2013.01.17 17:12:50.802,1.19487,1.19503,2.25,3.23
2013.01.17 17:12:50.861,1.19486,1.19503,1.13,3.98
2013.01.17 17:12:52.381,1.19485,1.195,2.25,2.48
2013.01.17 17:12:52.621,1.19482,1.195,6.38,3.23
2013.01.17 17:12:52.747,1.19483,1.195,1.50,3.23
2013.01.17 17:12:53.286,1.19483,1.195,2.25,3.23
2013.01.17 17:12:53.831,1.19485,1.195,1.50,1.73
2013.01.17 17:12:54.421,1.19484,1.195,1.50,1.73
2013.01.17 17:12:55.381,1.19483,1.195,3.38,1.73
2013.01.17 17:12:57.533,1.19484,1.195,3.00,2.48
2013.01.17 17:12:58.084,1.19484,1.195,3.00,1.73
2013.01.17 17:12:58.632,1.19483,1.195,1.88,1.73
2013.01.17 17:12:58.752,1.19483,1.195,1.88,1.73
2013.01.17 17:12:59.132,1.19484,1.195,3.00,3.23
2013.01.17 17:12:59.691,1.19484,1.195,1.50,3.23
2013.01.17 17:13:00.227,1.19484,1.195,1.50,1.73
2013.01.17 17:13:00.731,1.19481,1.19498,1.88,3.23
2013.01.17 17:13:00.851,1.19481,1.19497,1.13,2.48
2013.01.17 17:13:01.046,1.1948,1.19495,1.50,1.73
2013.01.17 17:13:01.471,1.19477,1.19495,1.13,2.48
2013.01.17 17:13:01.892,1.19476,1.19493,1.13,2.48
2013.01.17 17:13:03.161,1.19475,1.19494,2.63,1.73
2013.01.17 17:13:03.282,1.19475,1.19492,1.88,1.73
2013.01.17 17:13:03.581,1.19476,1.19492,1.13,1.73
2013.01.17 17:13:03.701,1.19475,1.19492,2.25,1.73
2013.01.17 17:13:04.998,1.19475,1.19493,3.00,1.73
2013.01.17 17:13:05.525,1.19475,1.19493,2.25,3.23
2013.01.17 17:13:05.837,1.19475,1.1949,1.13,1.73
2013.01.17 17:13:07.613,1.19475,1.1949,1.13,1.73
2013.01.17 17:13:07.731,1.19474,1.1949,2.25,1.73
2013.01.17 17:13:08.441,1.19474,1.1949,2.25,3.23
2013.01.17 17:13:08.992,1.19472,1.19489,3.23,1.88
2013.01.17 17:13:09.111,1.19469,1.19487,3.23,1.88
2013.01.17 17:13:14.582,1.1947,1.19487,4.35,1.13
2013.01.17 17:13:14.882,1.19472,1.19489,2.25,1.50
2013.01.17 17:13:14.941,1.19474,1.19489,1.50,1.50
2013.01.17 17:13:15.631,1.19476,1.19489,1.50,1.13
2013.01.17 17:13:15.691,1.19476,1.19491,1.50,1.35
2013.01.17 17:13:16.121,1.19477,1.19491,1.50,1.35
2013.01.17 17:13:16.302,1.19481,1.19492,1.50,1.50
2013.01.17 17:13:16.362,1.19481,1.19497,1.50,3.38
2013.01.17 17:13:16.601,1.19478,1.19497,2.48,3.38
2013.01.17 17:13:18.705,1.19478,1.19495,2.48,1.13
2013.01.17 17:13:18.833,1.19477,1.19493,1.73,1.73
2013.01.17 17:13:19.152,1.19477,1.19493,1.73,1.50
2013.01.17 17:13:19.383,1.19477,1.19493,1.73,1.73
2013.01.17 17:13:19.744,1.19479,1.19493,1.73,1.50
2013.01.17 17:13:19.821,1.19479,1.19496,1.73,1.88
2013.01.17 17:13:20.064,1.19482,1.19498,3.00,1.35
2013.01.17 17:13:20.421,1.19486,1.19502,1.50,1.13
2013.01.17 17:13:20.481,1.19486,1.19502,1.73,1.13
2013.01.17 17:13:20.602,1.19486,1.19503,3.38,2.25
2013.01.17 17:13:20.722,1.1949,1.19505,1.73,2.25
2013.01.17 17:13:21.021,1.19491,1.19508,3.23,1.73
2013.01.17 17:13:21.631,1.19493,1.1951,1.50,2.63
2013.01.17 17:13:23.541,1.1949,1.19507,3.98,3.15
2013.01.17 17:13:24.265,1.1949,1.19503,2.25,1.50
2013.01.17 17:13:24.865,1.1949,1.19505,1.50,1.73
2013.01.17 17:13:25.022,1.19487,1.19505,3.23,1.73
2013.01.17 17:13:27.651,1.19488,1.19505,1.73,1.50
2013.01.17 17:13:27.891,1.19496,1.19513,2.63,2.48
2013.01.17 17:13:28.011,1.19497,1.19515,1.88,2.85
2013.01.17 17:13:28.191,1.19498,1.19515,1.65,2.10
2013.01.17 17:13:28.371,1.195,1.19516,1.50,2.48
2013.01.17 17:13:28.551,1.195,1.19516,1.73,2.25
2013.01.17 17:13:29.171,1.195,1.19514,1.73,1.50
2013.01.17 17:13:29.231,1.195,1.19512,1.73,1.50
2013.01.17 17:13:29.801,1.19499,1.19514,2.48,1.50
2013.01.17 17:13:32.412,1.19499,1.19512,2.48,1.50
2013.01.17 17:13:32.952,1.19497,1.19512,1.88,1.50
2013.01.17 17:13:33.871,1.19497,1.19514,1.13,2.25
2013.01.17 17:13:35.772,1.19496,1.19514,3.00,2.48
2013.01.17 17:13:39.242,1.19496,1.19511,3.75,1.50
2013.01.17 17:13:39.421,1.19496,1.19511,1.28,1.73
2013.01.17 17:13:40.613,1.19498,1.19513,1.65,2.48
2013.01.17 17:13:40.982,1.19499,1.19512,1.13,1.50
2013.01.17 17:13:41.164,1.19499,1.19509,1.13,1.50
2013.01.17 17:13:41.651,1.19495,1.19509,1.13,1.73
2013.01.17 17:13:41.952,1.19494,1.19508,2.25,1.73
2013.01.17 17:13:42.311,1.19491,1.19505,3.90,1.73
2013.01.17 17:13:42.623,1.19486,1.19499,1.73,3.23
2013.01.17 17:13:42.931,1.19484,1.19499,1.88,3.23
2013.01.17 17:13:43.051,1.19484,1.19496,1.13,1.73
2013.01.17 17:13:43.291,1.19484,1.19498,1.13,1.73
2013.01.17 17:13:43.927,1.19483,1.19494,2.25,2.25
2013.01.17 17:13:44.005,1.19476,1.19491,3.98,1.50
2013.01.17 17:13:44.132,1.19476,1.19491,3.00,1.73
2013.01.17 17:13:46.733,1.19476,1.19491,1.50,2.48
2013.01.17 17:13:46.792,1.19473,1.1949,3.00,1.13
2013.01.17 17:13:46.852,1.19473,1.1949,3.00,1.13
2013.01.17 17:13:46.971,1.19471,1.19488,3.00,3.23
2013.01.17 17:13:47.091,1.19471,1.19488,3.23,3.00
2013.01.17 17:13:47.637,1.19472,1.19488,2.10,1.50
2013.01.17 17:13:50.422,1.19473,1.1949,2.10,3.00
2013.01.17 17:13:50.781,1.19473,1.1949,1.35,3.00
2013.01.17 17:13:53.071,1.19473,1.19491,4.73,1.50
2013.01.17 17:13:57.631,1.19473,1.19491,3.60,1.50
2013.01.17 17:13:57.991,1.19475,1.19492,2.48,1.50
2013.01.17 17:13:58.671,1.19475,1.19492,2.48,1.50
2013.01.17 17:13:59.181,1.19475,1.19492,2.48,2.25
2013.01.17 17:14:01.320,1.19474,1.19491,2.48,2.25
2013.01.17 17:14:01.633,1.19472,1.19484,1.73,1.50
2013.01.17 17:14:01.873,1.19473,1.19489,1.35,2.25
2013.01.17 17:14:01.992,1.19473,1.19489,1.35,2.25
2013.01.17 17:14:02.052,1.19473,1.19489,1.35,2.25
2013.01.17 17:14:02.591,1.19473,1.19491,3.60,4.50
2013.01.17 17:14:03.361,1.19473,1.19491,3.98,3.00
2013.01.17 17:14:04.361,1.19473,1.19491,3.98,3.15
2013.01.17 17:14:04.421,1.19473,1.19488,2.48,1.13
2013.01.17 17:14:07.272,1.1947,1.19486,1.73,1.50
2013.01.17 17:14:07.582,1.19466,1.1948,3.98,1.50
2013.01.17 17:14:08.121,1.1946,1.19478,2.85,3.75
2013.01.17 17:14:09.002,1.1946,1.19478,2.85,3.75
2013.01.17 17:14:09.661,1.1946,1.19477,2.85,1.50
2013.01.17 17:14:10.523,1.19464,1.19479,1.73,1.50
2013.01.17 17:14:10.703,1.19469,1.19479,1.73,1.50
2013.01.17 17:14:10.831,1.19469,1.19485,2.48,2.48
2013.01.17 17:14:11.131,1.19469,1.19486,1.50,4.88
2013.01.17 17:14:11.433,1.19468,1.19476,1.50,1.73
2013.01.17 17:14:11.491,1.19461,1.19476,4.35,1.73
2013.01.17 17:14:12.034,1.1946,1.19474,1.73,1.73
2013.01.17 17:14:12.462,1.19457,1.19474,4.13,1.73
2013.01.17 17:14:13.016,1.19457,1.19472,3.23,1.50
2013.01.17 17:14:13.342,1.19454,1.19471,2.48,1.35
2013.01.17 17:14:14.482,1.19457,1.19471,1.13,2.10
2013.01.17 17:14:14.662,1.19457,1.19473,2.63,1.50
2013.01.17 17:14:16.858,1.19474,1.19483,2.25,2.25
2013.01.17 17:14:17.041,1.19477,1.1949,1.88,1.50
2013.01.17 17:14:17.102,1.19481,1.19492,3.00,3.23
2013.01.17 17:14:17.162,1.19481,1.19492,3.23,2.25
2013.01.17 17:14:17.222,1.19481,1.19494,3.23,1.50
2013.01.17 17:14:17.282,1.19484,1.19496,2.25,1.73
2013.01.17 17:14:17.871,1.19484,1.195,1.50,5.25
2013.01.17 17:14:19.002,1.19482,1.19499,2.48,1.73
2013.01.17 17:14:20.572,1.19483,1.19497,1.13,2.48
2013.01.17 17:14:21.832,1.19483,1.19496,1.50,2.48
2013.01.17 17:14:21.957,1.19482,1.19498,1.73,1.73
2013.01.17 17:14:22.026,1.19482,1.19498,1.73,1.73
2013.01.17 17:14:22.941,1.19482,1.19498,3.23,1.73
2013.01.17 17:14:26.051,1.1948,1.19495,1.88,2.48
2013.01.17 17:14:27.715,1.1948,1.19496,1.88,2.25
2013.01.17 17:14:28.023,1.19489,1.19503,2.48,1.50
2013.01.17 17:14:28.381,1.19492,1.19506,1.50,1.50
2013.01.17 17:14:28.501,1.19492,1.19508,1.50,2.25
2013.01.17 17:14:30.675,1.19492,1.19508,1.50,3.00
2013.01.17 17:14:33.701,1.19493,1.19509,2.48,1.73
2013.01.17 17:14:34.082,1.19493,1.19509,2.25,1.73
2013.01.17 17:14:34.925,1.19493,1.19509,2.25,1.73
2013.01.17 17:14:38.184,1.19493,1.19511,2.63,3.23
2013.01.17 17:14:45.844,1.19495,1.1951,3.15,1.73
2013.01.17 17:14:48.293,1.19496,1.19514,2.25,1.73
2013.01.17 17:14:48.472,1.19493,1.19508,1.13,2.48
2013.01.17 17:14:48.533,1.19492,1.19508,1.13,2.48
2013.01.17 17:14:48.593,1.1949,1.19507,3.15,1.73
2013.01.17 17:14:50.831,1.19488,1.19504,1.50,2.10
2013.01.17 17:14:50.952,1.19487,1.19504,1.13,5.10
2013.01.17 17:14:51.134,1.19483,1.19498,1.88,1.13
2013.01.17 17:14:51.192,1.19483,1.19496,1.88,2.25
2013.01.17 17:14:51.441,1.1948,1.19496,2.40,2.48
2013.01.17 17:14:51.952,1.19479,1.19496,5.40,2.48
2013.01.17 17:14:53.812,1.19478,1.19493,2.40,2.48
2013.01.17 17:14:54.393,1.19478,1.19493,1.65,2.48
2013.01.17 17:14:54.512,1.19478,1.19493,1.65,2.48
2013.01.17 17:14:54.691,1.19478,1.19493,1.65,2.48
2013.01.17 17:14:55.901,1.19478,1.19494,3.90,1.73
2013.01.17 17:14:56.021,1.19478,1.19494,2.40,3.23
2013.01.17 17:14:56.641,1.19477,1.19494,2.40,3.23
2013.01.17 17:15:00.794,1.19478,1.19493,1.65,1.73
2013.01.17 17:15:03.032,1.19475,1.19491,2.25,2.48
2013.01.17 17:15:04.022,1.19477,1.19492,3.15,2.48
2013.01.17 17:15:04.651,1.19478,1.19494,1.65,3.45
2013.01.17 17:15:05.506,1.19478,1.19494,6.15,3.08
2013.01.17 17:15:05.580,1.1948,1.19494,1.88,3.08
2013.01.17 17:15:05.842,1.19484,1.19499,2.40,2.48
2013.01.17 17:15:06.733,1.19485,1.19502,1.50,4.35
2013.01.17 17:15:08.552,1.19485,1.19502,1.50,4.35
2013.01.17 17:15:09.512,1.19485,1.19501,1.50,1.73
2013.01.17 17:15:13.862,1.19484,1.195,3.15,1.35
2013.01.17 17:15:14.374,1.19484,1.195,3.15,1.35
2013.01.17 17:15:14.782,1.19483,1.19496,1.65,2.33
2013.01.17 17:15:14.903,1.19481,1.19495,1.50,1.58
2013.01.17 17:15:14.963,1.19478,1.19495,3.15,1.58
2013.01.17 17:15:15.201,1.19478,1.19493,1.65,1.73
2013.01.17 17:15:16.022,1.19481,1.19495,3.00,1.58
2013.01.17 17:15:16.613,1.19481,1.19496,3.00,2.48
2013.01.17 17:15:17.512,1.19481,1.19496,3.90,2.48
2013.01.17 17:15:17.632,1.19482,1.19498,2.40,3.08
2013.01.17 17:15:17.752,1.19482,1.19498,1.28,3.08
2013.01.17 17:15:17.872,1.19482,1.195,2.78,1.73
2013.01.17 17:15:21.827,1.19481,1.19494,2.85,1.50
2013.01.17 17:15:22.132,1.19472,1.19489,2.40,1.13
2013.01.17 17:15:22.705,1.19475,1.1949,1.50,2.48
2013.01.17 17:15:22.775,1.19475,1.19492,2.63,2.10
2013.01.17 17:15:22.845,1.19475,1.19492,2.85,2.10
2013.01.17 17:15:23.364,1.19475,1.19492,3.38,1.73
2013.01.17 17:15:23.942,1.19474,1.19491,2.40,2.48
2013.01.17 17:15:25.111,1.19473,1.19488,1.50,1.13
2013.01.17 17:15:25.421,1.19472,1.19485,2.40,1.73
2013.01.17 17:15:25.913,1.19467,1.19482,1.73,1.13
2013.01.17 17:15:25.972,1.19467,1.19482,1.73,3.23
2013.01.17 17:15:26.331,1.19466,1.19482,1.13,7.17
2013.01.17 17:15:26.752,1.19465,1.19481,3.90,1.73
2013.01.17 17:15:27.512,1.19466,1.19484,1.65,3.17
2013.01.17 17:15:28.152,1.19465,1.19481,2.40,2.63
2013.01.17 17:15:28.514,1.19465,1.19479,1.50,1.73
2013.01.17 17:15:29.692,1.19463,1.19479,1.88,1.73
2013.01.17 17:15:30.294,1.19463,1.19479,1.88,1.73
2013.01.17 17:15:37.871,1.19463,1.19479,1.50,3.98
2013.01.17 17:15:38.053,1.19464,1.19479,1.13,3.98
2013.01.17 17:15:39.334,1.19467,1.1948,2.63,1.73
2013.01.17 17:15:39.513,1.1948,1.19488,2.26,1.73
2013.01.17 17:15:39.572,1.19481,1.19489,1.13,1.73
2013.01.17 17:15:39.693,1.19482,1.19495,1.50,2.48
2013.01.17 17:15:39.992,1.19484,1.19498,1.50,3.23
2013.01.17 17:15:40.582,1.19482,1.19496,1.50,1.73
2013.01.17 17:15:41.123,1.19481,1.19494,1.13,1.73
2013.01.17 17:15:41.673,1.19479,1.19494,4.13,2.48
2013.01.17 17:15:42.562,1.19479,1.19494,1.65,2.48
2013.01.17 17:15:44.302,1.19479,1.19494,1.50,3.98
2013.01.17 17:15:44.822,1.19477,1.1949,1.28,2.48
2013.01.17 17:15:58.652,1.19476,1.19489,2.03,1.73
2013.01.17 17:15:58.773,1.19476,1.19489,2.03,1.73
2013.01.17 17:16:01.082,1.19478,1.19493,2.40,3.23
2013.01.17 17:16:02.702,1.19479,1.19494,3.00,2.48
2013.01.17 17:16:02.762,1.19479,1.19495,2.40,2.33
2013.01.17 17:16:03.316,1.19481,1.19495,3.00,1.73
2013.01.17 17:16:03.382,1.19481,1.19497,3.15,1.73
2013.01.17 17:16:03.501,1.19482,1.19496,1.65,1.73
2013.01.17 17:16:04.062,1.19482,1.19496,2.40,1.73
2013.01.17 17:16:09.141,1.19483,1.19497,2.40,2.48
2013.01.17 17:16:09.696,1.19484,1.19499,1.65,1.73
2013.01.17 17:16:10.212,1.19486,1.19499,1.13,1.73
2013.01.17 17:16:10.672,1.19489,1.19499,1.50,1.73
2013.01.17 17:16:11.182,1.19489,1.19503,1.50,2.67
2013.01.17 17:16:14.881,1.19486,1.19503,1.65,1.73
2013.01.17 17:16:16.231,1.19488,1.19503,1.32,1.73
2013.01.17 17:16:16.412,1.19493,1.19505,3.15,1.73
2013.01.17 17:16:16.472,1.19494,1.1951,1.65,3.23
2013.01.17 17:16:16.653,1.19494,1.1951,1.65,2.48
2013.01.17 17:16:16.713,1.19495,1.1951,2.40,2.48
2013.01.17 17:16:17.193,1.19496,1.19511,3.15,3.23
2013.01.17 17:16:17.431,1.19494,1.19508,2.63,1.88
2013.01.17 17:16:17.491,1.19492,1.19505,3.75,1.13
2013.01.17 17:16:17.671,1.19488,1.19503,1.65,2.10
2013.01.17 17:16:17.792,1.19488,1.19503,1.50,2.10
2013.01.17 17:16:18.092,1.19486,1.19501,3.15,1.73
2013.01.17 17:16:18.652,1.19486,1.195,1.50,1.88
2013.01.17 17:16:18.772,1.19484,1.19499,1.65,1.73
2013.01.17 17:16:20.094,1.19485,1.19499,1.50,1.73
2013.01.17 17:16:20.455,1.19492,1.19503,1.50,1.35
2013.01.17 17:16:20.812,1.19491,1.19505,1.65,1.73
2013.01.17 17:16:20.961,1.19491,1.19505,1.65,1.73
2013.01.17 17:16:27.862,1.19491,1.19505,1.65,1.73
2013.01.17 17:16:29.047,1.1949,1.19504,1.50,1.13
2013.01.17 17:16:29.174,1.19488,1.19499,1.50,1.73
2013.01.17 17:16:29.653,1.19487,1.19499,2.63,1.73
2013.01.17 17:16:29.871,1.19484,1.19499,1.65,1.73
2013.01.17 17:16:30.325,1.19483,1.19492,4.88,1.50
2013.01.17 17:16:30.453,1.19477,1.19492,3.23,3.75
2013.01.17 17:16:30.573,1.19477,1.19486,1.50,2.07
2013.01.17 17:16:30.634,1.19473,1.19486,1.50,3.04
2013.01.17 17:16:30.812,1.1947,1.1948,1.50,1.50
2013.01.17 17:16:30.933,1.19467,1.1948,1.73,1.50
2013.01.17 17:16:31.052,1.19465,1.19479,1.50,1.73
2013.01.17 17:16:31.591,1.19464,1.19479,1.65,1.73
2013.01.17 17:16:31.982,1.19464,1.19477,1.88,1.73
2013.01.17 17:16:32.103,1.19463,1.19477,1.50,1.73
2013.01.17 17:16:32.163,1.19463,1.19477,1.50,1.73
2013.01.17 17:16:32.702,1.19461,1.19476,4.28,2.48
2013.01.17 17:16:32.882,1.19461,1.19476,3.75,1.73
2013.01.17 17:16:33.662,1.19461,1.19477,3.75,2.48
2013.01.17 17:16:34.181,1.19461,1.19477,3.53,2.48
2013.01.17 17:16:34.858,1.19462,1.19477,1.13,2.48
2013.01.17 17:16:35.386,1.19461,1.19476,2.85,1.73
2013.01.17 17:16:35.691,1.19457,1.19472,3.38,1.50
2013.01.17 17:16:36.240,1.19457,1.1947,2.63,1.50
2013.01.17 17:16:36.807,1.19457,1.1947,2.63,1.50
2013.01.17 17:16:37.382,1.19457,1.19471,2.63,1.73
2013.01.17 17:16:37.502,1.19457,1.19471,2.40,1.73
2013.01.17 17:16:37.819,1.19462,1.19472,1.73,1.13
2013.01.17 17:16:38.122,1.19467,1.19476,1.50,1.13
2013.01.17 17:16:38.183,1.19469,1.1948,1.50,1.50
2013.01.17 17:16:39.412,1.19474,1.19481,1.50,1.50
2013.01.17 17:16:39.653,1.1948,1.19495,5.85,1.73
2013.01.17 17:16:39.773,1.19493,1.19504,2.63,2.25
2013.01.17 17:16:39.833,1.19495,1.19502,1.13,1.73
2013.01.17 17:16:39.893,1.19497,1.19506,1.13,2.25
2013.01.17 17:16:39.953,1.19499,1.19506,1.65,2.25
2013.01.17 17:16:40.072,1.195,1.19513,1.73,1.50
2013.01.17 17:16:40.252,1.195,1.19513,1.28,1.73
2013.01.17 17:16:40.493,1.195,1.19509,1.28,2.25
2013.01.17 17:16:40.613,1.195,1.19514,1.13,1.73
2013.01.17 17:16:40.793,1.19501,1.19517,1.50,1.88
2013.01.17 17:16:40.913,1.19504,1.19518,1.73,4.92
2013.01.17 17:16:41.093,1.19504,1.19524,1.73,1.35
2013.01.17 17:16:41.532,1.19505,1.19521,1.50,1.05
2013.01.17 17:16:41.882,1.19505,1.19521,1.50,1.05
2013.01.17 17:16:42.572,1.19505,1.19521,1.50,1.65
2013.01.17 17:16:42.632,1.19506,1.19521,1.88,1.05
2013.01.17 17:16:42.752,1.19507,1.19524,1.13,3.23
2013.01.17 17:16:43.064,1.19507,1.19524,1.88,1.73
2013.01.17 17:16:43.862,1.19507,1.19527,4.13,1.73
2013.01.17 17:16:44.902,1.19508,1.19527,2.40,2.10
2013.01.17 17:16:46.032,1.19508,1.19525,1.50,1.35
2013.01.17 17:16:46.092,1.19508,1.19525,1.50,1.35
2013.01.17 17:16:46.711,1.19507,1.19522,2.48,1.13
2013.01.17 17:16:46.780,1.19508,1.19522,1.35,1.32
2013.01.17 17:16:46.848,1.1951,1.19524,1.35,1.50
2013.01.17 17:16:47.662,1.19511,1.19527,2.40,1.73
2013.01.17 17:16:48.324,1.19511,1.19527,2.40,1.73
2013.01.17 17:16:50.162,1.19512,1.19528,1.28,2.48
2013.01.17 17:16:50.943,1.19512,1.19528,1.28,2.48
2013.01.17 17:16:54.012,1.19508,1.19524,2.55,2.48
2013.01.17 17:16:54.072,1.19508,1.19522,2.40,1.73
2013.01.17 17:16:54.432,1.19505,1.19521,1.13,2.63
2013.01.17 17:16:54.552,1.19504,1.19521,1.65,2.63
2013.01.17 17:16:55.053,1.19501,1.19519,1.13,1.35
2013.01.17 17:16:55.462,1.195,1.19517,1.13,2.48
2013.01.17 17:16:55.522,1.19499,1.19514,1.13,2.48
2013.01.17 17:16:55.702,1.19496,1.19512,1.65,2.48
2013.01.17 17:16:55.822,1.19496,1.19512,1.88,2.48
2013.01.17 17:16:56.615,1.19497,1.19512,2.25,2.48
2013.01.17 17:16:56.934,1.19496,1.19511,1.50,1.73
2013.01.17 17:16:57.064,1.19494,1.1951,2.40,1.35
2013.01.17 17:16:57.573,1.19492,1.19508,4.73,1.29
2013.01.17 17:16:57.752,1.19493,1.1951,1.13,2.10
2013.01.17 17:16:57.932,1.19492,1.19508,1.73,3.09
2013.01.17 17:16:58.052,1.19491,1.19507,1.50,1.73
2013.01.17 17:16:58.531,1.1949,1.19507,2.40,1.73
2013.01.17 17:17:00.302,1.19488,1.19502,1.88,1.73
2013.01.17 17:17:00.362,1.19487,1.19497,1.50,1.35
2013.01.17 17:17:00.422,1.19485,1.19497,2.40,2.10
2013.01.17 17:17:00.984,1.19486,1.19497,1.65,1.35
2013.01.17 17:17:01.056,1.19489,1.19502,2.25,2.85
2013.01.17 17:17:01.124,1.1949,1.19503,1.13,3.98
2013.01.17 17:17:01.303,1.1949,1.19505,1.28,1.73
2013.01.17 17:17:01.485,1.19491,1.19507,1.13,3.04
2013.01.17 17:17:01.662,1.19495,1.19509,1.50,1.73
2013.01.17 17:17:01.727,1.19495,1.19509,1.50,1.73
2013.01.17 17:17:01.974,1.19495,1.19509,1.50,1.73
2013.01.17 17:17:02.095,1.19491,1.19509,1.88,4.43
2013.01.17 17:17:03.933,1.19492,1.19505,1.13,1.50
2013.01.17 17:17:04.234,1.19495,1.19509,1.13,3.98
2013.01.17 17:17:04.353,1.19495,1.19508,1.13,2.48
2013.01.17 17:17:04.862,1.19495,1.19509,1.88,3.98
2013.01.17 17:17:05.402,1.19491,1.19506,2.55,1.73
2013.01.17 17:17:05.464,1.19491,1.19505,2.40,1.54
2013.01.17 17:17:05.522,1.19491,1.19504,1.65,3.04
2013.01.17 17:17:08.686,1.19491,1.19505,1.65,1.54
2013.01.17 17:17:09.423,1.19491,1.19507,1.65,1.73
2013.01.17 17:17:10.367,1.19492,1.19508,3.15,2.48
2013.01.17 17:17:10.505,1.19493,1.19505,2.25,1.73
2013.01.17 17:17:10.576,1.19491,1.19506,1.65,3.23
2013.01.17 17:17:10.645,1.19491,1.19506,1.65,1.73
2013.01.17 17:17:10.821,1.19492,1.19506,1.65,1.73
2013.01.17 17:17:10.942,1.19493,1.19507,3.00,3.04
2013.01.17 17:17:11.482,1.19494,1.19508,1.65,2.10
2013.01.17 17:17:12.102,1.19495,1.1951,1.88,1.54
2013.01.17 17:17:14.945,1.19494,1.1951,2.25,2.48
2013.01.17 17:17:15.305,1.19493,1.19508,1.13,2.48
2013.01.17 17:17:17.233,1.19493,1.1951,1.50,4.73
2013.01.17 17:17:19.353,1.19491,1.19507,1.50,1.88
2013.01.17 17:17:19.533,1.1949,1.19502,1.50,1.73
2013.01.17 17:17:20.071,1.19487,1.19501,4.13,1.73
2013.01.17 17:17:21.492,1.19487,1.19501,1.88,1.73
2013.01.17 17:17:21.943,1.19485,1.19501,5.63,1.73
2013.01.17 17:17:22.202,1.19485,1.19501,5.25,1.73
2013.01.17 17:17:22.448,1.19485,1.19501,2.25,3.23
2013.01.17 17:17:22.962,1.19484,1.195,1.65,1.73
2013.01.17 17:17:23.432,1.19485,1.19501,2.40,1.73
2013.01.17 17:17:23.554,1.19485,1.19501,2.40,1.73
2013.01.17 17:17:24.683,1.19485,1.195,1.65,1.73
2013.01.17 17:17:25.221,1.19483,1.195,2.40,2.10
2013.01.17 17:17:25.882,1.19483,1.19499,1.65,1.73
2013.01.17 17:17:27.933,1.19483,1.195,1.65,2.94
2013.01.17 17:17:30.351,1.19482,1.195,2.10,1.85
2013.01.17 17:17:31.832,1.19483,1.19499,1.65,1.02
2013.01.17 17:17:32.142,1.19487,1.19502,1.65,1.73
2013.01.17 17:17:32.323,1.19488,1.19502,2.40,1.35
2013.01.17 17:17:32.442,1.1949,1.19502,1.50,1.35
2013.01.17 17:17:32.802,1.19493,1.19508,1.65,2.77
2013.01.17 17:17:32.862,1.19493,1.19508,1.65,2.48
2013.01.17 17:17:32.993,1.19493,1.19508,1.65,2.48
2013.01.17 17:17:35.622,1.19494,1.19509,1.28,1.45
2013.01.17 17:17:35.682,1.19494,1.1951,1.28,3.00
2013.01.17 17:17:36.712,1.19493,1.1951,3.15,3.00
2013.01.17 17:17:37.402,1.19497,1.1951,2.25,2.81
2013.01.17 17:17:37.762,1.19499,1.19514,3.00,1.54
2013.01.17 17:17:38.302,1.19502,1.19517,1.50,2.07
2013.01.17 17:17:38.541,1.19503,1.19519,2.25,1.35
2013.01.17 17:17:43.302,1.19506,1.1952,1.50,1.50
2013.01.17 17:17:43.363,1.19508,1.19522,1.65,1.73
2013.01.17 17:17:43.482,1.19511,1.19522,1.65,1.73
2013.01.17 17:17:43.902,1.19512,1.19529,3.15,2.85
2013.01.17 17:17:44.262,1.19515,1.19529,3.19,1.35
2013.01.17 17:17:44.502,1.19515,1.19529,2.25,1.35
2013.01.17 17:17:45.272,1.19517,1.19529,1.50,1.35
2013.01.17 17:17:45.453,1.19527,1.19538,1.50,1.88
2013.01.17 17:17:45.583,1.19524,1.19538,1.50,1.13
2013.01.17 17:17:45.762,1.19517,1.19533,2.63,2.48
2013.01.17 17:17:46.121,1.19517,1.1953,1.50,1.73
2013.01.17 17:17:46.243,1.19517,1.19531,1.50,2.48
2013.01.17 17:17:46.423,1.19517,1.19534,1.50,3.23
2013.01.17 17:17:46.482,1.19517,1.19534,1.50,3.23
2013.01.17 17:17:46.782,1.19513,1.19529,2.25,2.48
2013.01.17 17:17:47.342,1.19513,1.1953,2.40,2.48
2013.01.17 17:17:47.462,1.19513,1.1953,2.63,2.48
2013.01.17 17:17:50.213,1.19514,1.19527,1.50,2.48
2013.01.17 17:17:50.333,1.19511,1.19525,1.50,1.73
2013.01.17 17:17:50.514,1.19508,1.19523,2.63,2.48
2013.01.17 17:17:51.694,1.19508,1.19522,1.65,1.73
2013.01.17 17:17:51.813,1.19508,1.19522,1.65,2.48
2013.01.17 17:18:00.393,1.19509,1.19524,1.65,1.73
2013.01.17 17:18:00.516,1.19507,1.19523,3.90,1.61
2013.01.17 17:18:03.693,1.19508,1.19523,3.15,1.38
2013.01.17 17:18:03.812,1.19509,1.19524,1.28,1.73
2013.01.17 17:18:04.053,1.1951,1.19525,2.63,1.73
2013.01.17 17:18:04.471,1.1951,1.19525,2.63,1.73
2013.01.17 17:18:06.092,1.19511,1.19526,1.65,1.73
2013.01.17 17:18:06.153,1.1951,1.19524,2.25,1.73
2013.01.17 17:18:06.214,1.19509,1.19522,1.80,1.73
2013.01.17 17:18:06.283,1.19507,1.19521,2.25,1.73
2013.01.17 17:18:06.342,1.19507,1.1952,2.25,2.48
2013.01.17 17:18:06.832,1.19502,1.19516,3.38,1.73
2013.01.17 17:18:07.072,1.19501,1.19516,1.65,1.73
2013.01.17 17:18:08.062,1.195,1.19516,2.40,1.73
2013.01.17 17:18:09.269,1.195,1.19516,2.40,1.73
2013.01.17 17:18:10.322,1.195,1.19516,1.50,3.23
2013.01.17 17:18:11.012,1.19496,1.19513,1.28,3.23
2013.01.17 17:18:11.330,1.19496,1.19509,1.13,1.73
2013.01.17 17:18:11.642,1.19494,1.19507,3.15,1.73
2013.01.17 17:18:11.962,1.19494,1.19507,3.15,1.73
2013.01.17 17:18:12.141,1.19493,1.19507,1.13,1.73
2013.01.17 17:18:12.991,1.1949,1.19507,3.90,1.73
2013.01.17 17:18:13.472,1.1949,1.19503,2.25,1.73
2013.01.17 17:18:13.831,1.19488,1.19503,1.65,1.73
2013.01.17 17:18:14.012,1.19486,1.19501,4.28,1.73
2013.01.17 17:18:14.132,1.19486,1.19501,3.53,1.73
2013.01.17 17:18:14.553,1.19487,1.19502,1.65,1.73
2013.01.17 17:18:15.101,1.19486,1.19502,3.75,1.73
2013.01.17 17:18:15.411,1.19487,1.19502,1.13,1.73
2013.01.17 17:18:16.621,1.19487,1.19502,1.50,1.73
2013.01.17 17:18:17.112,1.1949,1.19504,3.15,1.73
2013.01.17 17:18:17.602,1.19495,1.19507,2.40,1.73
2013.01.17 17:18:17.972,1.19495,1.19508,3.15,1.73
2013.01.17 17:18:18.611,1.19493,1.19509,1.73,1.73
2013.01.17 17:18:18.732,1.19493,1.19509,1.50,1.73
2013.01.17 17:18:19.401,1.19493,1.19508,1.35,1.50
2013.01.17 17:18:19.933,1.19493,1.19509,1.13,3.23
2013.01.17 17:18:20.798,1.19494,1.1951,5.48,1.50
2013.01.17 17:18:21.781,1.19496,1.19511,3.23,1.50
2013.01.17 17:18:22.793,1.19496,1.1951,2.25,1.13
2013.01.17 17:18:22.972,1.19494,1.19509,1.13,3.23
2013.01.17 17:18:23.863,1.19495,1.19509,1.35,2.48
2013.01.17 17:18:23.982,1.19498,1.19509,3.38,2.25
2013.01.17 17:18:24.103,1.19502,1.19509,1.13,2.25
2013.01.17 17:18:24.162,1.19503,1.19515,1.35,1.50
2013.01.17 17:18:24.282,1.19505,1.19519,1.13,1.50
2013.01.17 17:18:24.401,1.19505,1.19519,1.13,1.50
2013.01.17 17:18:24.963,1.19503,1.19521,3.75,1.13
2013.01.17 17:18:25.323,1.19507,1.19522,1.13,3.98
2013.01.17 17:18:25.625,1.19516,1.1953,1.35,2.25
2013.01.17 17:18:26.174,1.19519,1.19535,1.88,2.48
2013.01.17 17:18:26.483,1.19518,1.19531,1.50,2.29
2013.01.17 17:18:26.615,1.19516,1.19528,1.73,2.48
2013.01.17 17:18:26.676,1.19515,1.19527,1.73,3.23
2013.01.17 17:18:26.923,1.19511,1.19526,1.13,1.54
2013.01.17 17:18:27.103,1.19509,1.19524,2.48,1.73
2013.01.17 17:18:27.404,1.19512,1.19528,1.13,3.23
2013.01.17 17:18:27.463,1.19514,1.19529,1.35,2.48
2013.01.17 17:18:27.642,1.19514,1.19529,1.35,3.23
2013.01.17 17:18:28.161,1.19515,1.19529,1.13,3.23
2013.01.17 17:18:29.722,1.19513,1.19528,1.88,1.73
2013.01.17 17:18:31.062,1.19513,1.19528,1.13,3.23
2013.01.17 17:18:31.622,1.19515,1.19532,1.13,2.48
2013.01.17 17:18:31.743,1.19516,1.19533,2.85,1.35
2013.01.17 17:18:33.432,1.19519,1.19536,1.13,2.48
2013.01.17 17:18:33.492,1.1952,1.19536,2.10,1.50
2013.01.17 17:18:33.613,1.19523,1.19538,2.25,3.98
2013.01.17 17:18:34.122,1.19524,1.19539,1.13,3.98
2013.01.17 17:18:35.112,1.19525,1.19539,1.13,1.73
2013.01.17 17:18:35.172,1.19528,1.19544,1.13,1.73
2013.01.17 17:18:36.212,1.1953,1.19547,1.88,1.73
2013.01.17 17:18:36.272,1.1953,1.19548,3.38,2.63
2013.01.17 17:18:36.825,1.19532,1.19548,1.13,2.63
2013.01.17 17:18:37.642,1.19532,1.19548,1.88,2.63
2013.01.17 17:18:38.532,1.19532,1.19547,1.88,4.35
2013.01.17 17:18:38.713,1.19528,1.19543,1.13,2.10
2013.01.17 17:18:41.532,1.19528,1.19543,1.88,2.48
2013.01.17 17:18:41.592,1.19528,1.19543,1.73,1.88
2013.01.17 17:18:41.652,1.19525,1.19542,3.38,2.25
2013.01.17 17:18:41.712,1.19528,1.19542,1.73,2.48
2013.01.17 17:18:41.831,1.19528,1.19542,1.73,2.48
2013.01.17 17:18:43.072,1.19529,1.19541,2.48,3.23
2013.01.17 17:18:43.312,1.19525,1.19541,4.13,3.23
2013.01.17 17:18:44.468,1.19527,1.19542,2.48,1.73
2013.01.17 17:18:45.192,1.19525,1.19541,1.13,1.35
2013.01.17 17:18:45.552,1.1953,1.19541,1.65,1.73
2013.01.17 17:18:45.613,1.19531,1.19547,1.13,1.73
2013.01.17 17:18:46.291,1.19532,1.19549,2.48,3.00
2013.01.17 17:18:46.652,1.19533,1.19549,1.13,2.85
2013.01.17 17:18:47.192,1.19536,1.1955,3.23,1.73
2013.01.17 17:18:50.073,1.19534,1.19549,1.73,3.23
2013.01.17 17:18:50.429,1.19531,1.19548,3.75,2.48
2013.01.17 17:18:51.843,1.19539,1.19549,1.13,1.73
2013.01.17 17:18:51.965,1.19541,1.1955,1.88,3.00
2013.01.17 17:18:52.151,1.19544,1.19557,1.73,1.73
2013.01.17 17:18:52.212,1.19542,1.19556,1.50,1.13
2013.01.17 17:18:52.593,1.19542,1.19557,1.50,1.88
2013.01.17 17:18:53.182,1.19539,1.19554,1.50,1.13
2013.01.17 17:18:53.732,1.19534,1.1955,1.73,2.63
2013.01.17 17:18:53.793,1.19534,1.1955,1.73,4.13
2013.01.17 17:18:53.853,1.19534,1.1955,1.73,4.13
2013.01.17 17:18:54.094,1.19533,1.1955,2.10,2.63
2013.01.17 17:18:55.791,1.19533,1.1955,1.88,2.63
2013.01.17 17:18:57.983,1.19535,1.19552,1.50,2.25
2013.01.17 17:18:58.104,1.19535,1.19552,2.25,3.00
2013.01.17 17:18:58.222,1.19538,1.19552,1.50,2.10
2013.01.17 17:18:58.342,1.19538,1.19552,1.50,2.25
2013.01.17 17:18:58.887,1.19537,1.19552,1.50,1.50
2013.01.17 17:19:03.362,1.19537,1.19553,2.63,5.48
2013.01.17 17:19:03.673,1.19543,1.19559,2.40,3.98
2013.01.17 17:19:04.032,1.19546,1.19562,2.63,1.73
2013.01.17 17:19:04.153,1.19547,1.19562,1.13,1.50
2013.01.17 17:19:04.691,1.19545,1.1956,2.10,1.50
2013.01.17 17:19:05.052,1.19545,1.19563,2.85,2.48
2013.01.17 17:19:05.336,1.19545,1.19562,2.85,1.73
2013.01.17 17:19:05.463,1.19545,1.19559,1.35,1.65
2013.01.17 17:19:05.583,1.19541,1.19555,2.48,1.73
2013.01.17 17:19:05.702,1.19541,1.19552,2.48,1.50
2013.01.17 17:19:05.948,1.1954,1.19555,1.35,2.48
2013.01.17 17:19:06.372,1.1954,1.19552,1.35,1.50
2013.01.17 17:19:07.672,1.19537,1.19552,2.85,3.75
2013.01.17 17:19:08.202,1.19537,1.19549,2.48,1.50
2013.01.17 17:19:08.413,1.19537,1.19549,2.25,1.73
2013.01.17 17:19:10.962,1.19534,1.1955,3.75,1.13
2013.01.17 17:19:11.511,1.19533,1.19549,2.40,3.98
2013.01.17 17:19:13.533,1.19534,1.19549,2.03,1.73
2013.01.17 17:19:13.591,1.19536,1.19549,2.25,1.73
2013.01.17 17:19:14.133,1.19536,1.19549,2.25,2.44
2013.01.17 17:19:14.372,1.1953,1.19543,1.28,2.48
2013.01.17 17:19:14.493,1.19527,1.19541,2.63,2.25
2013.01.17 17:19:14.551,1.19527,1.19541,2.40,2.48
2013.01.17 17:19:15.092,1.19526,1.19538,2.25,1.13
2013.01.17 17:19:15.152,1.19524,1.19538,1.35,3.94
2013.01.17 17:19:15.272,1.19519,1.19535,1.50,1.13
2013.01.17 17:19:15.393,1.19518,1.19534,2.25,2.48
2013.01.17 17:19:15.952,1.19517,1.19531,1.88,2.25
2013.01.17 17:19:16.672,1.19517,1.19531,3.38,2.25
2013.01.17 17:19:20.654,1.19516,1.19531,1.13,2.25
2013.01.17 17:19:20.835,1.19515,1.19529,2.03,2.25
2013.01.17 17:19:21.502,1.19515,1.19528,3.38,2.25
2013.01.17 17:19:24.072,1.19515,1.19528,2.10,2.82
2013.01.17 17:19:24.191,1.19513,1.19529,1.28,2.29
2013.01.17 17:19:24.802,1.19516,1.19528,3.15,3.19
2013.01.17 17:19:25.292,1.19512,1.19528,3.90,1.35
2013.01.17 17:19:25.822,1.19512,1.19528,3.90,4.17
2013.01.17 17:19:26.141,1.19513,1.19528,1.13,4.17
2013.01.17 17:19:26.956,1.19513,1.19525,1.73,1.50
2013.01.17 17:19:27.024,1.19509,1.19525,1.73,3.75
2013.01.17 17:19:27.262,1.19508,1.19524,3.23,1.13
2013.01.17 17:19:27.811,1.19507,1.19524,5.63,1.35
2013.01.17 17:19:28.581,1.19507,1.19525,4.13,3.23
2013.01.17 17:19:28.643,1.19507,1.19525,3.90,3.23
2013.01.17 17:19:43.456,1.19506,1.19522,1.50,1.50
2013.01.17 17:19:43.643,1.19504,1.19519,2.03,1.73
2013.01.17 17:19:43.702,1.19505,1.19519,2.25,1.73
2013.01.17 17:19:46.412,1.19506,1.1952,2.25,3.23
2013.01.17 17:19:46.594,1.19511,1.19524,1.50,1.88
2013.01.17 17:19:47.154,1.19513,1.19529,1.50,1.13
2013.01.17 17:19:49.692,1.19512,1.19528,1.13,1.73
2013.01.17 17:19:49.753,1.19512,1.19522,1.13,2.25
2013.01.17 17:19:49.873,1.19511,1.19524,1.50,1.88
2013.01.17 17:19:49.932,1.19511,1.19524,1.50,1.88
2013.01.17 17:19:49.992,1.19508,1.19523,1.13,1.73
2013.01.17 17:19:50.352,1.19509,1.19523,1.65,1.73
2013.01.17 17:19:50.412,1.1951,1.19523,1.65,1.73
2013.01.17 17:19:50.592,1.19513,1.19529,1.50,4.88
2013.01.17 17:19:51.131,1.19514,1.19529,1.50,2.63
2013.01.17 17:19:51.253,1.19514,1.19529,1.50,2.63
2013.01.17 17:19:52.272,1.19512,1.19528,1.50,2.48
2013.01.17 17:19:52.574,1.19514,1.1953,2.25,2.29
2013.01.17 17:19:52.813,1.19517,1.19533,2.25,3.23
2013.01.17 17:19:53.112,1.19516,1.19533,1.88,3.23
2013.01.17 17:19:53.195,1.19516,1.19533,1.88,3.23
2013.01.17 17:19:56.062,1.19518,1.19534,1.13,2.63
2013.01.17 17:19:59.782,1.19516,1.19533,1.88,1.35
2013.01.17 17:20:00.172,1.19516,1.19531,1.13,1.88
2013.01.17 17:20:00.777,1.19516,1.19531,1.13,1.88
2013.01.17 17:20:00.902,1.19519,1.19533,1.65,2.48
2013.01.17 17:20:01.444,1.19519,1.19533,3.00,1.92
2013.01.17 17:20:01.522,1.19518,1.19533,1.50,4.17
2013.01.17 17:20:01.582,1.19516,1.19533,1.50,4.92
2013.01.17 17:20:02.002,1.19516,1.19533,1.65,4.77
2013.01.17 17:20:02.391,1.19517,1.19534,1.88,2.48
2013.01.17 17:20:04.981,1.19518,1.19535,1.50,1.50
2013.01.17 17:20:12.372,1.19519,1.19535,1.50,1.50
2013.01.17 17:20:14.652,1.19519,1.19536,1.65,3.23
2013.01.17 17:20:17.377,1.19519,1.19536,3.90,2.48
2013.01.17 17:20:18.103,1.1952,1.19536,2.40,2.48
2013.01.17 17:20:18.722,1.19521,1.19537,1.50,1.13
2013.01.17 17:20:19.309,1.19521,1.19538,1.50,1.13
2013.01.17 17:20:20.512,1.19521,1.19538,3.00,1.13
2013.01.17 17:20:22.216,1.19521,1.19538,1.13,3.23
2013.01.17 17:20:22.318,1.19521,1.19538,1.35,3.23
2013.01.17 17:20:31.422,1.19524,1.1954,1.73,1.73
2013.01.17 17:20:31.482,1.19525,1.1954,1.88,1.73
2013.01.17 17:20:33.602,1.19529,1.19541,1.50,3.23
2013.01.17 17:20:33.923,1.19529,1.19539,1.50,1.73
2013.01.17 17:20:34.103,1.19528,1.19537,1.50,1.73
2013.01.17 17:20:34.223,1.19529,1.19539,1.50,1.73
2013.01.17 17:20:34.283,1.19529,1.1954,1.50,2.48
2013.01.17 17:20:34.642,1.19531,1.1954,1.50,2.48
2013.01.17 17:20:35.162,1.19531,1.19546,1.50,3.60
2013.01.17 17:20:35.342,1.19531,1.19546,1.50,1.95
2013.01.17 17:20:38.731,1.19534,1.19547,1.50,1.73
2013.01.17 17:20:40.191,1.19532,1.19547,1.50,1.73
2013.01.17 17:20:42.782,1.19532,1.19545,1.50,1.35
2013.01.17 17:20:43.392,1.19532,1.19547,1.50,2.48
2013.01.17 17:20:44.093,1.19531,1.19547,1.50,3.23
2013.01.17 17:20:44.892,1.1953,1.19547,3.00,3.23
2013.01.17 17:20:45.194,1.19529,1.19539,1.50,1.13
2013.01.17 17:20:45.433,1.19528,1.19539,1.50,1.88
2013.01.17 17:20:45.613,1.19524,1.19538,1.50,1.35
2013.01.17 17:20:46.152,1.19524,1.19537,1.50,2.48
2013.01.17 17:20:48.954,1.19524,1.19539,2.40,3.23
2013.01.17 17:20:49.013,1.19523,1.19539,3.90,1.73
2013.01.17 17:20:49.072,1.19525,1.19539,1.73,1.73
2013.01.17 17:20:49.611,1.19524,1.19542,3.38,2.63
2013.01.17 17:20:49.972,1.19524,1.19539,3.23,1.35
2013.01.17 17:20:50.152,1.19521,1.19536,1.13,3.23
2013.01.17 17:20:50.672,1.19521,1.19537,1.13,1.13
2013.01.17 17:20:51.222,1.1952,1.19536,1.50,1.73
2013.01.17 17:20:52.792,1.1952,1.19536,1.50,2.48
2013.01.17 17:20:56.522,1.19519,1.19536,2.63,1.73
2013.01.17 17:20:58.434,1.19519,1.19535,4.13,1.50
2013.01.17 17:20:58.930,1.19523,1.1954,2.85,2.85
2013.01.17 17:20:59.452,1.19523,1.19537,1.35,3.15
2013.01.17 17:20:59.513,1.19523,1.19536,1.35,2.48
2013.01.17 17:21:00.473,1.19521,1.19535,1.35,1.13
2013.01.17 17:21:01.103,1.19521,1.19535,1.35,1.13
2013.01.17 17:21:04.742,1.19521,1.19537,2.85,1.50
2013.01.17 17:21:05.562,1.19523,1.19538,1.88,1.13
2013.01.17 17:21:07.182,1.19523,1.19538,1.73,2.40
2013.01.17 17:21:07.302,1.19522,1.19538,1.73,2.63
2013.01.17 17:21:09.833,1.19522,1.19537,1.35,2.63
2013.01.17 17:21:09.952,1.19522,1.19538,1.35,5.63
2013.01.17 17:21:10.352,1.19521,1.19536,1.50,1.73
2013.01.17 17:21:10.473,1.19521,1.19535,1.73,1.50
2013.01.17 17:21:11.112,1.19521,1.19536,1.73,1.73
2013.01.17 17:21:11.991,1.19522,1.19536,1.35,1.50
2013.01.17 17:21:13.295,1.19522,1.19538,4.73,1.65
2013.01.17 17:21:13.893,1.19522,1.19538,4.73,1.65
2013.01.17 17:21:14.874,1.19522,1.19538,4.73,1.65
2013.01.17 17:21:15.382,1.19523,1.19539,1.35,2.40
2013.01.17 17:21:16.692,1.19523,1.19539,1.73,2.63
2013.01.17 17:21:16.952,1.19523,1.19539,1.73,2.63
2013.01.17 17:21:17.329,1.19524,1.19539,3.23,1.50
2013.01.17 17:21:17.883,1.19526,1.19541,2.48,1.28
2013.01.17 17:21:18.599,1.19524,1.1954,3.23,1.88
2013.01.17 17:21:20.555,1.19524,1.19538,1.73,1.50
2013.01.17 17:21:20.863,1.19521,1.19538,1.17,4.13
2013.01.17 17:21:20.923,1.19521,1.19537,1.17,2.40
2013.01.17 17:21:21.517,1.1952,1.19536,1.35,1.13
2013.01.17 17:21:22.224,1.19519,1.19535,2.10,1.65
2013.01.17 17:21:22.805,1.1952,1.19535,2.25,1.50
2013.01.17 17:21:24.013,1.1952,1.19537,2.25,2.40
2013.01.17 17:21:24.932,1.19521,1.19537,2.48,1.65
2013.01.17 17:21:29.203,1.19521,1.19538,5.10,1.65
2013.01.17 17:21:32.858,1.19522,1.19538,2.48,1.88
2013.01.17 17:21:33.106,1.19522,1.19537,1.73,2.40
2013.01.17 17:21:33.176,1.19522,1.19537,2.48,3.90
2013.01.17 17:21:33.798,1.19525,1.19537,1.73,3.00
2013.01.17 17:21:33.873,1.19526,1.1954,2.85,1.73
2013.01.17 17:21:36.462,1.19527,1.1954,1.73,1.73
2013.01.17 17:21:36.763,1.19526,1.19537,2.25,3.15
2013.01.17 17:21:37.123,1.19521,1.19528,5.25,1.88
2013.01.17 17:21:37.183,1.19516,1.19528,1.50,1.88
2013.01.17 17:21:37.302,1.19512,1.19526,1.73,1.65
2013.01.17 17:21:37.962,1.1951,1.19526,2.48,1.88
2013.01.17 17:21:39.224,1.1951,1.19526,2.48,1.88
2013.01.17 17:21:39.283,1.19509,1.19524,3.23,2.40
2013.01.17 17:21:39.406,1.19509,1.19524,3.23,3.79
2013.01.17 17:21:40.034,1.19507,1.19522,2.48,2.48
2013.01.17 17:21:43.224,1.19507,1.19522,1.50,2.48
2013.01.17 17:21:43.343,1.19504,1.19517,1.73,1.13
2013.01.17 17:21:43.403,1.19503,1.19515,2.48,1.50
2013.01.17 17:21:43.937,1.19498,1.19513,1.73,1.88
2013.01.17 17:21:44.007,1.19497,1.19513,1.13,1.73
2013.01.17 17:21:44.316,1.19495,1.19512,2.85,3.15
2013.01.17 17:21:44.384,1.19495,1.19509,1.88,1.73
2013.01.17 17:21:44.623,1.19495,1.19505,1.13,1.65
2013.01.17 17:21:45.164,1.19493,1.19505,1.73,1.73
2013.01.17 17:21:45.463,1.19491,1.19506,3.00,1.73
2013.01.17 17:21:46.274,1.19491,1.19505,3.00,1.73
2013.01.17 17:21:46.513,1.19491,1.19505,1.50,1.73
2013.01.17 17:21:46.634,1.19496,1.19508,1.13,1.50
2013.01.17 17:21:46.693,1.19498,1.19509,1.50,3.00
2013.01.17 17:21:46.993,1.195,1.19512,3.98,1.50
2013.01.17 17:21:47.532,1.19498,1.19514,1.13,3.60
2013.01.17 17:21:48.104,1.19496,1.19513,4.73,1.13
2013.01.17 17:21:48.284,1.19496,1.19513,3.75,1.88
2013.01.17 17:21:48.593,1.19497,1.19514,1.13,3.60
2013.01.17 17:21:48.902,1.19497,1.19514,1.13,2.85
2013.01.17 17:21:49.923,1.19497,1.19513,1.13,2.48
2013.01.17 17:21:50.042,1.19497,1.19513,1.13,1.73
2013.01.17 17:21:50.602,1.19497,1.19511,1.13,1.35
2013.01.17 17:21:50.842,1.19493,1.19508,1.88,1.73
2013.01.17 17:21:53.314,1.19492,1.19505,1.73,1.73
2013.01.17 17:21:53.433,1.19486,1.19501,1.50,2.63
2013.01.17 17:21:53.492,1.19485,1.195,1.13,2.48
2013.01.17 17:21:53.613,1.19484,1.195,5.48,3.04
2013.01.17 17:21:54.152,1.19484,1.19498,1.73,1.50
2013.01.17 17:21:54.672,1.19481,1.19496,3.23,2.63
2013.01.17 17:21:54.736,1.19479,1.19493,2.63,2.29
2013.01.17 17:21:55.045,1.19475,1.19488,1.73,1.50
2013.01.17 17:21:55.583,1.19476,1.1949,2.10,1.88
2013.01.17 17:21:56.243,1.19478,1.19489,1.73,1.73
2013.01.17 17:21:56.792,1.19476,1.19488,1.73,1.50
2013.01.17 17:21:58.022,1.19476,1.19489,1.73,1.73
2013.01.17 17:22:02.054,1.19476,1.19489,1.50,2.48
2013.01.17 17:22:02.413,1.1948,1.19491,2.48,1.50
2013.01.17 17:22:02.533,1.19482,1.19497,2.25,1.13
2013.01.17 17:22:02.750,1.19483,1.19499,2.48,3.98
2013.01.17 17:22:02.873,1.19483,1.19499,2.48,2.48
2013.01.17 17:22:03.232,1.19486,1.19502,2.48,1.88
2013.01.17 17:22:03.352,1.19486,1.19502,2.48,1.65
2013.01.17 17:22:04.023,1.19486,1.19502,2.48,1.65
2013.01.17 17:22:04.392,1.19486,1.19502,2.48,1.65
2013.01.17 17:22:04.694,1.19489,1.19504,1.13,1.50
2013.01.17 17:22:05.054,1.19493,1.19508,1.73,2.40
2013.01.17 17:22:05.892,1.19492,1.1951,3.23,1.65
2013.01.17 17:22:08.002,1.19492,1.19508,3.60,1.65
2013.01.17 17:22:08.064,1.19492,1.19508,1.35,2.40
2013.01.17 17:22:08.801,1.19492,1.19507,1.35,1.50
2013.01.17 17:22:10.412,1.19492,1.19508,3.23,1.65
2013.01.17 17:22:10.472,1.19492,1.19509,3.23,3.15
2013.01.17 17:22:12.123,1.19495,1.19511,1.73,1.28
2013.01.17 17:22:12.185,1.19496,1.19511,1.73,1.13
2013.01.17 17:22:12.734,1.19504,1.19514,2.40,2.25
2013.01.17 17:22:12.793,1.19504,1.19518,2.63,2.25
2013.01.17 17:22:12.975,1.19505,1.19521,1.13,2.10
2013.01.17 17:22:13.343,1.19506,1.19521,2.48,1.13
2013.01.17 17:22:13.902,1.19506,1.19522,2.48,1.50
2013.01.17 17:22:14.412,1.19505,1.19521,1.88,1.13
2013.01.17 17:22:14.722,1.19504,1.1952,2.48,3.00
2013.01.17 17:22:14.782,1.19504,1.1952,1.73,3.00
2013.01.17 17:22:15.213,1.19503,1.1952,1.73,1.50
2013.01.17 17:22:15.272,1.19504,1.1952,1.13,1.50
2013.01.17 17:22:15.982,1.19505,1.19523,3.38,4.65
2013.01.17 17:22:16.103,1.19509,1.19524,1.13,2.25
2013.01.17 17:22:16.413,1.1951,1.19526,1.13,1.65
2013.01.17 17:22:16.724,1.19508,1.19524,1.73,2.63
2013.01.17 17:22:16.903,1.19507,1.19519,1.73,2.63
2013.01.17 17:22:16.963,1.19507,1.19515,1.73,2.25
2013.01.17 17:22:17.266,1.19497,1.19512,4.35,2.25
2013.01.17 17:22:17.393,1.19497,1.1951,3.60,1.50
2013.01.17 17:22:17.515,1.19497,1.1951,1.73,1.88
2013.01.17 17:22:18.066,1.19493,1.1951,1.13,4.65
2013.01.17 17:22:18.642,1.19493,1.1951,1.13,4.65
2013.01.17 17:22:18.943,1.19493,1.19509,1.13,1.65
2013.01.17 17:22:21.366,1.19493,1.19508,1.13,3.00
2013.01.17 17:22:21.493,1.1949,1.19506,2.48,2.03
2013.01.17 17:22:21.553,1.19487,1.19502,4.65,2.25
2013.01.17 17:22:21.854,1.19476,1.1949,4.50,6.15
2013.01.17 17:22:21.914,1.19478,1.19484,5.25,1.50
2013.01.17 17:22:22.340,1.19478,1.19484,2.48,1.50
2013.01.17 17:22:22.422,1.19472,1.19484,1.73,1.50
2013.01.17 17:22:22.712,1.19472,1.19484,1.73,1.50
2013.01.17 17:22:24.738,1.19471,1.19483,1.50,2.48
2013.01.17 17:22:25.062,1.19475,1.19483,1.50,1.73
2013.01.17 17:22:25.304,1.19477,1.19487,1.50,1.50
2013.01.17 17:22:25.423,1.19479,1.19487,1.50,1.50
2013.01.17 17:22:25.482,1.19479,1.19491,1.50,1.73
2013.01.17 17:22:25.722,1.19479,1.19492,1.50,1.73
2013.01.17 17:22:25.843,1.19476,1.19494,3.75,3.98
2013.01.17 17:22:26.352,1.19476,1.19494,2.25,3.23
2013.01.17 17:22:26.473,1.19475,1.19489,3.75,1.50
2013.01.17 17:22:27.005,1.19476,1.19489,2.25,2.25
2013.01.17 17:22:27.182,1.19479,1.19495,2.25,3.23
2013.01.17 17:22:28.972,1.19479,1.19492,1.50,2.63
2013.01.17 17:22:29.304,1.19479,1.19492,1.50,2.63
2013.01.17 17:22:30.033,1.19479,1.19491,1.65,1.50
2013.01.17 17:22:30.653,1.19479,1.19493,1.65,2.48
2013.01.17 17:22:31.273,1.19479,1.19493,1.65,1.73
2013.01.17 17:22:31.743,1.19481,1.19494,1.50,2.63
2013.01.17 17:22:32.263,1.19482,1.19496,1.73,1.88
2013.01.17 17:22:35.212,1.19482,1.19498,2.63,1.73
2013.01.17 17:22:35.334,1.19485,1.19499,1.50,2.63
2013.01.17 17:22:35.755,1.19486,1.19503,2.48,3.60
2013.01.17 17:22:35.992,1.19486,1.19502,2.48,1.13
2013.01.17 17:22:36.635,1.19486,1.19502,2.48,1.13
2013.01.17 17:22:37.022,1.19486,1.19502,2.48,1.65
2013.01.17 17:22:38.042,1.19486,1.19502,2.48,1.65
2013.01.17 17:22:41.392,1.19486,1.19501,1.73,1.65
2013.01.17 17:22:41.693,1.19488,1.19502,2.33,1.13
2013.01.17 17:22:42.222,1.19487,1.19503,3.38,2.25
2013.01.17 17:22:42.763,1.19487,1.19502,3.38,1.13
2013.01.17 17:22:42.822,1.19487,1.19502,2.48,1.28
2013.01.17 17:22:43.063,1.19484,1.19502,4.73,1.28
2013.01.17 17:22:43.593,1.19493,1.19504,1.50,3.00
2013.01.17 17:22:44.033,1.19495,1.19511,2.48,3.68
2013.01.17 17:22:44.573,1.19495,1.1951,2.48,1.50
2013.01.17 17:22:44.993,1.19495,1.19509,1.73,2.25
2013.01.17 17:22:45.292,1.19495,1.1951,1.73,1.50
2013.01.17 17:22:47.312,1.19495,1.19509,3.83,1.50
2013.01.17 17:22:47.672,1.19496,1.19506,1.13,2.25
2013.01.17 17:22:48.032,1.1949,1.19503,1.88,1.50
2013.01.17 17:22:50.754,1.19491,1.19505,3.98,3.00
2013.01.17 17:22:50.815,1.19491,1.19505,3.98,1.50
2013.01.17 17:22:51.353,1.19494,1.19506,3.23,1.65
2013.01.17 17:22:51.893,1.19496,1.19507,1.73,1.28
2013.01.17 17:22:52.013,1.19495,1.19511,1.73,4.28
2013.01.17 17:22:52.073,1.19495,1.19511,1.73,4.28
2013.01.17 17:22:52.502,1.19495,1.19509,2.48,1.50
2013.01.17 17:22:52.862,1.19495,1.19509,2.63,1.50
2013.01.17 17:22:53.283,1.19496,1.19512,1.73,2.78
2013.01.17 17:22:54.892,1.19497,1.19511,1.35,1.50
2013.01.17 17:22:57.142,1.19496,1.19514,1.73,4.28
2013.01.17 17:22:58.763,1.19497,1.19514,3.38,2.25
2013.01.17 17:23:00.652,1.19498,1.19514,1.73,1.50
2013.01.17 17:23:06.042,1.19498,1.19515,1.73,2.40
2013.01.17 17:23:15.172,1.19498,1.19515,1.73,2.25
2013.01.17 17:23:15.672,1.19498,1.19515,1.73,1.50
2013.01.17 17:23:26.748,1.19498,1.19516,1.73,1.65
2013.01.17 17:23:28.914,1.19498,1.19514,1.50,3.75
2013.01.17 17:23:29.033,1.19497,1.19508,2.63,1.25
2013.01.17 17:23:29.093,1.19495,1.19508,2.25,1.25
2013.01.17 17:23:29.153,1.19493,1.19509,2.40,2.31
2013.01.17 17:23:29.634,1.19491,1.19503,3.00,1.35
2013.01.17 17:23:29.698,1.19486,1.19501,2.85,2.15
2013.01.17 17:23:29.822,1.19486,1.19501,1.50,1.40
2013.01.17 17:23:30.365,1.19484,1.19501,3.00,1.60
2013.01.17 17:23:30.661,1.19484,1.19501,3.00,2.91
2013.01.17 17:23:31.162,1.19484,1.19501,3.00,2.91
2013.01.17 17:23:31.772,1.19484,1.195,3.00,1.58
2013.01.17 17:23:33.765,1.19484,1.19499,1.50,2.40
2013.01.17 17:23:34.013,1.19482,1.19499,2.25,2.40
2013.01.17 17:23:40.742,1.19484,1.19497,1.50,2.48
2013.01.17 17:23:40.803,1.19484,1.19497,1.50,2.48
2013.01.17 17:23:41.043,1.19487,1.19502,1.50,4.88
2013.01.17 17:23:41.402,1.19483,1.19501,5.40,1.35
2013.01.17 17:23:42.032,1.19486,1.19501,1.50,1.35
2013.01.17 17:23:43.493,1.19484,1.19501,1.65,2.10
2013.01.17 17:23:43.932,1.19487,1.19501,1.50,2.10
2013.01.17 17:23:46.982,1.19485,1.19501,2.25,2.10
2013.01.17 17:23:48.773,1.19487,1.19501,1.50,2.10
2013.01.17 17:23:49.292,1.19485,1.19501,2.25,1.35
2013.01.17 17:23:53.603,1.19489,1.19504,1.50,1.73
2013.01.17 17:23:53.663,1.19489,1.19504,1.50,1.50
2013.01.17 17:23:54.224,1.19493,1.19506,1.65,1.34
2013.01.17 17:23:54.283,1.19494,1.19507,5.25,1.73
2013.01.17 17:23:54.343,1.19498,1.1951,1.65,1.36
2013.01.17 17:23:54.902,1.195,1.19516,2.25,2.48
2013.01.17 17:23:55.792,1.19499,1.19514,2.48,1.73
2013.01.17 17:23:55.973,1.19501,1.19514,3.90,2.25
2013.01.17 17:23:56.332,1.19506,1.19522,2.25,1.73
2013.01.17 17:23:57.512,1.19508,1.19523,1.13,1.01
2013.01.17 17:23:58.102,1.19509,1.19524,1.65,2.13
2013.01.17 17:23:58.222,1.19508,1.19526,2.78,4.69
2013.01.17 17:23:58.342,1.19508,1.19525,2.03,1.54
2013.01.17 17:23:59.432,1.19508,1.19525,2.63,1.69
2013.01.17 17:23:59.835,1.19508,1.19525,2.63,1.47
2013.01.17 17:23:59.903,1.19509,1.19526,1.50,3.48
2013.01.17 17:24:00.393,1.19509,1.19524,1.50,2.31
2013.01.17 17:24:00.922,1.19509,1.19524,1.50,2.31
2013.01.17 17:24:02.552,1.19506,1.19522,1.13,2.63
2013.01.17 17:24:02.951,1.19506,1.19522,1.13,3.67
2013.01.17 17:24:03.583,1.19506,1.19522,1.13,3.38
2013.01.17 17:24:04.174,1.19506,1.19523,2.40,1.13
2013.01.17 17:24:06.732,1.19509,1.19525,2.25,2.10
2013.01.17 17:24:06.972,1.19514,1.19528,2.25,1.13
2013.01.17 17:24:07.452,1.19515,1.19532,1.65,2.48
2013.01.17 17:24:07.873,1.19515,1.1953,1.50,1.88
2013.01.17 17:24:08.972,1.19516,1.19533,2.25,2.22
2013.01.17 17:24:09.213,1.1952,1.19536,1.65,1.73
2013.01.17 17:24:10.252,1.19522,1.19538,2.63,1.13
2013.01.17 17:24:11.639,1.19522,1.19538,2.63,1.13
2013.01.17 17:24:11.984,1.19523,1.1954,1.13,3.23
2013.01.17 17:24:12.043,1.19524,1.19541,2.25,1.73
2013.01.17 17:24:12.282,1.19523,1.1954,1.88,2.48
2013.01.17 17:24:12.882,1.19523,1.19537,1.88,1.50
2013.01.17 17:24:14.082,1.1952,1.19537,2.85,1.88
2013.01.17 17:24:14.385,1.19519,1.19533,1.50,2.48
2013.01.17 17:24:14.444,1.19517,1.19531,1.73,1.50
2013.01.17 17:24:14.503,1.19516,1.19531,1.28,1.73
2013.01.17 17:24:16.136,1.19514,1.19529,1.73,1.73
2013.01.17 17:24:16.443,1.19513,1.19526,1.73,1.50
2013.01.17 17:24:16.878,1.1951,1.19526,1.13,1.73
2013.01.17 17:24:19.195,1.19513,1.19529,1.73,1.73
2013.01.17 17:24:19.552,1.19515,1.1953,1.13,1.73
2013.01.17 17:24:19.912,1.19512,1.19529,2.25,2.48
2013.01.17 17:24:19.975,1.19512,1.19528,1.88,1.88
2013.01.17 17:24:28.472,1.1951,1.19527,2.03,1.73
2013.01.17 17:24:29.352,1.1951,1.19527,3.90,1.73
2013.01.17 17:24:29.592,1.19514,1.1953,2.40,1.73
2013.01.17 17:24:29.913,1.19511,1.19525,3.75,1.13
2013.01.17 17:24:30.034,1.19509,1.19524,3.60,3.15
2013.01.17 17:24:30.095,1.19507,1.19524,2.25,3.38
2013.01.17 17:24:30.533,1.19505,1.19521,1.65,2.48
2013.01.17 17:24:33.054,1.19505,1.19521,1.65,1.73
2013.01.17 17:24:35.292,1.19506,1.19523,1.20,2.48
2013.01.17 17:24:35.832,1.19505,1.19523,2.70,2.48
2013.01.17 17:24:36.652,1.19506,1.19523,1.20,1.73
2013.01.17 17:24:37.475,1.19506,1.19523,1.20,1.73
2013.01.17 17:24:37.654,1.19505,1.19521,3.83,1.73
2013.01.17 17:24:39.524,1.19505,1.19521,4.73,1.73
2013.01.17 17:24:39.643,1.19506,1.19522,1.20,1.13
2013.01.17 17:24:42.183,1.19506,1.19523,1.13,3.38
2013.01.17 17:24:42.483,1.19508,1.19523,2.48,1.28
2013.01.17 17:24:43.592,1.19508,1.19523,2.48,1.28
2013.01.17 17:24:44.482,1.1951,1.19525,1.73,3.00
2013.01.17 17:24:44.604,1.19511,1.19526,2.48,1.65
2013.01.17 17:24:44.963,1.19514,1.1953,2.85,1.65
2013.01.17 17:24:45.582,1.19515,1.19531,1.13,1.50
2013.01.17 17:24:45.892,1.19518,1.19532,1.73,1.65
2013.01.17 17:24:46.673,1.19518,1.19532,2.48,1.65
2013.01.17 17:24:47.963,1.19518,1.19532,2.48,1.65
2013.01.17 17:24:49.643,1.1952,1.19534,1.13,2.85
2013.01.17 17:24:50.003,1.19519,1.19534,1.35,2.25
2013.01.17 17:24:50.062,1.19519,1.19534,1.35,2.25
2013.01.17 17:24:50.362,1.19519,1.19536,2.10,2.40
2013.01.17 17:24:50.672,1.19519,1.19534,1.35,1.50
2013.01.17 17:24:53.279,1.19518,1.19534,1.73,1.88
2013.01.17 17:25:00.254,1.19515,1.19532,1.50,1.65
2013.01.17 17:25:00.794,1.19516,1.19532,2.48,1.65
2013.01.17 17:25:04.035,1.19514,1.1953,3.38,1.50
2013.01.17 17:25:04.213,1.19512,1.19528,2.10,2.10
2013.01.17 17:25:04.332,1.19514,1.1953,1.13,3.75
2013.01.17 17:25:04.452,1.19515,1.19531,4.13,1.50
2013.01.17 17:25:04.752,1.19516,1.19532,1.35,3.15
2013.01.17 17:25:04.932,1.19523,1.19535,1.73,1.50
2013.01.17 17:25:04.992,1.19523,1.19539,3.23,1.50
2013.01.17 17:25:05.232,1.19528,1.19542,1.50,1.28
2013.01.17 17:25:05.413,1.19533,1.19549,1.73,1.73
2013.01.17 17:25:05.473,1.19533,1.19549,1.73,1.65
2013.01.17 17:25:05.775,1.19549,1.19567,5.61,2.40
2013.01.17 17:25:05.963,1.19557,1.19569,2.48,1.65
2013.01.17 17:25:06.083,1.19561,1.1957,1.13,1.50
2013.01.17 17:25:06.143,1.19564,1.19573,1.50,1.50
2013.01.17 17:25:06.264,1.19566,1.19575,2.25,3.00
2013.01.17 17:25:06.386,1.19564,1.19575,1.50,1.73
2013.01.17 17:25:06.514,1.19567,1.19578,1.50,1.50
2013.01.17 17:25:06.635,1.19568,1.19581,2.48,1.88
2013.01.17 17:25:07.053,1.19566,1.19583,1.73,1.50
2013.01.17 17:25:07.113,1.19566,1.19584,1.88,1.80
2013.01.17 17:25:07.173,1.19569,1.19585,1.87,1.58
2013.01.17 17:25:07.413,1.19572,1.19585,1.73,1.13
2013.01.17 17:25:07.593,1.1957,1.19588,1.73,1.50
2013.01.17 17:25:08.024,1.19569,1.19587,1.73,1.13
2013.01.17 17:25:08.083,1.19568,1.19586,1.50,1.50
2013.01.17 17:25:08.144,1.19564,1.19577,1.13,1.50
2013.01.17 17:25:08.503,1.19562,1.19574,2.25,1.73
2013.01.17 17:25:08.876,1.1956,1.19573,2.63,2.10
2013.01.17 17:25:09.182,1.19561,1.19578,1.13,3.54
2013.01.17 17:25:09.242,1.19561,1.19578,1.88,2.33
2013.01.17 17:25:09.302,1.19563,1.19579,1.50,4.73
2013.01.17 17:25:09.423,1.19565,1.19579,1.88,2.63
2013.01.17 17:25:09.543,1.1957,1.19583,1.50,3.54
2013.01.17 17:25:09.724,1.19571,1.19586,1.28,1.73
2013.01.17 17:25:09.902,1.19573,1.1959,2.63,2.25
2013.01.17 17:25:09.962,1.19574,1.19591,1.50,5.10
2013.01.17 17:25:10.024,1.19578,1.1959,1.50,1.35
2013.01.17 17:25:10.083,1.19578,1.1959,1.73,1.13
2013.01.17 17:25:10.143,1.1958,1.19595,1.50,1.13
2013.01.17 17:25:10.503,1.19581,1.19596,1.35,1.13
2013.01.17 17:25:11.302,1.19584,1.19599,2.25,1.88
2013.01.17 17:25:11.622,1.19595,1.19607,1.50,1.13
2013.01.17 17:25:11.682,1.19595,1.19608,1.65,1.73
2013.01.17 17:25:11.743,1.19595,1.19608,1.65,1.73
2013.01.17 17:25:12.162,1.19597,1.1961,1.13,1.50
2013.01.17 17:25:12.222,1.19596,1.19611,1.73,1.50
2013.01.17 17:25:12.282,1.19598,1.19614,1.35,1.50
2013.01.17 17:25:12.463,1.19603,1.19617,1.13,2.25
2013.01.17 17:25:12.583,1.19602,1.19617,1.88,2.48
2013.01.17 17:25:12.703,1.19602,1.19617,1.88,1.73
2013.01.17 17:25:13.005,1.19615,1.19627,1.13,1.73
2013.01.17 17:25:13.064,1.19615,1.19627,1.65,1.73
2013.01.17 17:25:13.184,1.19615,1.19631,1.88,1.13
2013.01.17 17:25:13.486,1.19618,1.19631,1.13,1.50
2013.01.17 17:25:13.545,1.19625,1.19631,1.50,1.50
2013.01.17 17:25:13.674,1.19624,1.19636,1.50,1.73
2013.01.17 17:25:13.734,1.19623,1.1964,1.32,4.65
2013.01.17 17:25:13.914,1.19625,1.19636,1.18,1.50
2013.01.17 17:25:13.973,1.19625,1.19636,1.18,3.00
2013.01.17 17:25:14.213,1.19618,1.19629,2.49,1.50
2013.01.17 17:25:14.334,1.19618,1.19629,2.11,1.50
2013.01.17 17:25:14.405,1.19618,1.19632,1.73,1.28
2013.01.17 17:25:14.655,1.19609,1.1962,1.27,1.50
2013.01.17 17:25:14.775,1.1961,1.19617,1.27,1.73
2013.01.17 17:25:14.954,1.19597,1.19611,1.50,1.65
2013.01.17 17:25:15.013,1.19596,1.19611,1.50,2.03
2013.01.17 17:25:15.073,1.19592,1.19608,1.65,1.73
2013.01.17 17:25:15.623,1.19593,1.19608,1.50,1.13
2013.01.17 17:25:15.804,1.19593,1.19608,1.50,1.13
2013.01.17 17:25:16.344,1.19593,1.19606,1.50,2.63
2013.01.17 17:25:16.583,1.19596,1.19605,1.50,2.25
2013.01.17 17:25:16.645,1.19597,1.19609,2.85,1.09
2013.01.17 17:25:16.764,1.196,1.19614,1.65,1.73
2013.01.17 17:25:16.823,1.19602,1.19616,1.35,1.73
2013.01.17 17:25:16.883,1.19603,1.1962,2.25,1.73
2013.01.17 17:25:17.063,1.19603,1.1962,2.25,1.73
2013.01.17 17:25:17.124,1.19606,1.19619,1.50,1.73
2013.01.17 17:25:17.186,1.19606,1.19617,1.50,1.50
2013.01.17 17:25:17.254,1.19611,1.19629,10.36,1.73
2013.01.17 17:25:17.374,1.19619,1.1964,11.26,2.25
2013.01.17 17:25:17.492,1.19632,1.19645,6.61,1.50
2013.01.17 17:25:17.554,1.19635,1.1964,2.85,1.50
2013.01.17 17:25:17.614,1.19635,1.19646,2.10,1.50
2013.01.17 17:25:17.794,1.19636,1.19647,1.50,1.50
2013.01.17 17:25:17.914,1.19639,1.19647,1.13,1.50
2013.01.17 17:25:18.213,1.19641,1.19655,2.40,1.28
2013.01.17 17:25:18.515,1.19641,1.19657,1.88,1.69
2013.01.17 17:25:18.644,1.19642,1.19657,1.13,1.69
2013.01.17 17:25:18.765,1.19645,1.19661,1.58,1.65
2013.01.17 17:25:18.823,1.19645,1.1966,1.95,1.13
2013.01.17 17:25:19.184,1.19645,1.1966,1.73,4.13
2013.01.17 17:25:19.544,1.19638,1.19656,1.88,2.40
2013.01.17 17:25:19.663,1.19637,1.19654,1.50,1.65
2013.01.17 17:25:19.723,1.19636,1.19654,3.98,2.40
2013.01.17 17:25:20.084,1.19632,1.19641,1.50,2.85
2013.01.17 17:25:20.143,1.19628,1.19636,8.63,1.50
2013.01.17 17:25:20.263,1.1962,1.19634,1.35,1.50
2013.01.17 17:25:20.443,1.19619,1.19634,2.63,1.50
2013.01.17 17:25:20.564,1.19619,1.19634,1.88,1.50
2013.01.17 17:25:20.953,1.19618,1.19636,2.85,1.13
2013.01.17 17:25:21.454,1.19618,1.19635,1.88,1.95
2013.01.17 17:25:21.812,1.19616,1.1963,1.73,3.00
2013.01.17 17:25:22.054,1.19616,1.19631,2.25,2.10
2013.01.17 17:25:22.273,1.19622,1.19631,1.50,1.73
2013.01.17 17:25:22.393,1.19622,1.19637,2.63,2.82
2013.01.17 17:25:22.513,1.19623,1.19637,1.50,2.48
2013.01.17 17:25:22.753,1.19622,1.19634,2.40,1.80
2013.01.17 17:25:22.876,1.19623,1.1964,2.25,1.50
2013.01.17 17:25:23.183,1.1963,1.19639,1.50,1.50
2013.01.17 17:25:23.544,1.19632,1.19643,1.50,1.73
2013.01.17 17:25:23.967,1.1963,1.19643,1.50,1.73
2013.01.17 17:25:24.034,1.19636,1.19646,1.50,1.73
2013.01.17 17:25:24.095,1.19637,1.1965,2.25,1.73
2013.01.17 17:25:24.529,1.19637,1.1965,1.13,1.73
2013.01.17 17:25:24.599,1.19641,1.19656,8.40,1.73
2013.01.17 17:25:24.903,1.19644,1.19658,1.13,1.73
2013.01.17 17:25:25.022,1.19644,1.19662,3.15,1.73
2013.01.17 17:25:25.082,1.19649,1.19662,1.50,1.73
2013.01.17 17:25:25.143,1.19643,1.19662,2.03,1.73
2013.01.17 17:25:25.263,1.19644,1.19662,1.65,1.73
2013.01.17 17:25:25.443,1.19644,1.19662,1.65,1.73
2013.01.17 17:25:25.503,1.19643,1.19662,2.03,1.73
2013.01.17 17:25:25.863,1.19646,1.19657,1.50,2.25
2013.01.17 17:25:26.223,1.19644,1.19658,3.75,1.35
2013.01.17 17:25:26.283,1.19649,1.1966,1.13,2.11
2013.01.17 17:25:26.344,1.19649,1.19665,1.13,3.00
2013.01.17 17:25:26.465,1.19644,1.1966,3.90,1.50
2013.01.17 17:25:26.584,1.19644,1.1966,2.25,2.63
2013.01.17 17:25:26.643,1.19644,1.1966,2.40,1.50
2013.01.17 17:25:26.883,1.19644,1.1966,2.40,3.00
2013.01.17 17:25:27.184,1.19647,1.19653,1.50,1.50
2013.01.17 17:25:27.485,1.19647,1.19663,21.02,1.73
2013.01.17 17:25:27.556,1.19657,1.1967,1.35,2.25
2013.01.17 17:25:27.624,1.19659,1.1967,1.50,1.50
2013.01.17 17:25:27.803,1.19654,1.1967,2.40,1.73
2013.01.17 17:25:27.863,1.19657,1.19669,2.10,1.50
2013.01.17 17:25:28.165,1.19666,1.19685,4.28,2.25
2013.01.17 17:25:28.475,1.19678,1.19694,7.50,2.39
2013.01.17 17:25:28.544,1.19686,1.19698,2.63,2.25
2013.01.17 17:25:28.603,1.1969,1.19699,1.50,1.50
2013.01.17 17:25:28.910,1.19692,1.19703,1.13,1.50
2013.01.17 17:25:28.976,1.19693,1.19702,2.40,1.50
2013.01.17 17:25:29.164,1.19693,1.19708,1.12,1.50
2013.01.17 17:25:29.226,1.19693,1.19708,1.12,1.50
2013.01.17 17:25:29.293,1.19691,1.19705,1.73,1.50
2013.01.17 17:25:29.595,1.19696,1.19707,2.43,1.50
2013.01.17 17:25:30.108,1.19704,1.19719,1.45,1.13
2013.01.17 17:25:30.191,1.19713,1.19721,1.73,1.50
2013.01.17 17:25:30.334,1.19716,1.19723,2.48,1.50
2013.01.17 17:25:30.548,1.19716,1.19729,2.63,1.50
2013.01.17 17:25:30.677,1.19716,1.19731,1.28,1.35
2013.01.17 17:25:30.745,1.19717,1.19733,1.13,2.40
2013.01.17 17:25:31.104,1.19721,1.19738,1.50,1.50
2013.01.17 17:25:31.283,1.19725,1.19738,3.00,1.50
2013.01.17 17:25:31.343,1.19727,1.1975,2.25,1.58
2013.01.17 17:25:31.464,1.19727,1.19742,2.25,1.50
2013.01.17 17:25:31.525,1.19728,1.19745,1.13,2.25
2013.01.17 17:25:31.645,1.1973,1.19745,1.50,2.25
2013.01.17 17:25:31.764,1.1973,1.1975,1.50,2.43
2013.01.17 17:25:31.825,1.1973,1.1975,2.25,2.50
2013.01.17 17:25:32.074,1.1973,1.19749,1.65,1.11
2013.01.17 17:25:32.194,1.1973,1.19751,1.65,2.65
2013.01.17 17:25:32.313,1.19728,1.19748,1.12,1.68
2013.01.17 17:25:32.614,1.19737,1.19744,1.50,1.50
2013.01.17 17:25:32.673,1.19737,1.19754,1.65,2.48
2013.01.17 17:25:32.733,1.19737,1.19756,1.65,4.86
2013.01.17 17:25:32.793,1.19738,1.19756,1.65,3.36
2013.01.17 17:25:32.913,1.19737,1.19757,1.65,1.23
2013.01.17 17:25:32.973,1.19737,1.19758,1.65,1.11
2013.01.17 17:25:33.033,1.19736,1.19757,1.65,1.26
2013.01.17 17:25:33.274,1.19741,1.19759,1.65,1.19
2013.01.17 17:25:33.333,1.19741,1.19759,1.65,1.19
2013.01.17 17:25:33.634,1.19735,1.19756,1.65,1.71
2013.01.17 17:25:33.754,1.19735,1.19751,1.65,1.73
2013.01.17 17:25:34.068,1.19726,1.19741,1.50,1.86
2013.01.17 17:25:34.376,1.1972,1.19737,3.00,5.54
2013.01.17 17:25:34.447,1.19718,1.19736,2.63,1.54
2013.01.17 17:25:34.514,1.19721,1.19735,3.15,2.48
2013.01.17 17:25:34.935,1.19715,1.19726,2.48,1.50
2013.01.17 17:25:35.124,1.1971,1.1972,2.25,1.11
2013.01.17 17:25:35.184,1.19704,1.19714,1.88,3.75
2013.01.17 17:25:35.544,1.19694,1.19708,1.88,1.13
2013.01.17 17:25:35.664,1.19692,1.19706,1.50,1.50
2013.01.17 17:25:35.784,1.19691,1.19706,1.65,1.50
2013.01.17 17:25:35.904,1.19691,1.19706,1.88,1.73
2013.01.17 17:25:36.445,1.1969,1.19706,1.13,2.48
2013.01.17 17:25:36.807,1.19683,1.19699,2.25,1.13
2013.01.17 17:25:37.113,1.19674,1.19692,1.65,1.05
2013.01.17 17:25:37.235,1.19673,1.19688,1.65,1.73
2013.01.17 17:25:37.354,1.19667,1.19687,2.63,1.88
2013.01.17 17:25:37.827,1.19667,1.19685,1.88,1.73
2013.01.17 17:25:37.906,1.19679,1.19685,1.35,2.25
2013.01.17 17:25:38.525,1.19676,1.19689,3.15,1.73
2013.01.17 17:25:38.704,1.19676,1.19692,1.65,1.73
2013.01.17 17:25:39.003,1.1967,1.19685,1.05,2.33
2013.01.17 17:25:39.123,1.19668,1.19683,1.13,3.08
2013.01.17 17:25:39.662,1.19666,1.19678,1.65,1.50
2013.01.17 17:25:40.023,1.19664,1.19681,1.50,1.73
2013.01.17 17:25:40.533,1.19667,1.19681,1.50,1.50
2013.01.17 17:25:40.904,1.19666,1.1968,1.50,1.50
2013.01.17 17:25:41.324,1.19666,1.1968,1.50,2.10
2013.01.17 17:25:41.623,1.19663,1.19674,1.50,1.50
2013.01.17 17:25:41.743,1.19663,1.19674,1.50,1.13
2013.01.17 17:25:41.804,1.19661,1.19674,1.50,1.13
2013.01.17 17:25:41.864,1.19661,1.19674,1.50,1.35
2013.01.17 17:25:41.923,1.19658,1.19674,2.40,1.35
2013.01.17 17:25:42.403,1.19658,1.19676,2.40,1.73
2013.01.17 17:25:42.525,1.19658,1.19676,2.40,2.30
2013.01.17 17:25:42.834,1.19655,1.19672,3.23,1.59
2013.01.17 17:25:42.953,1.19655,1.1967,1.65,1.73
2013.01.17 17:25:43.493,1.19654,1.19673,2.40,2.48
2013.01.17 17:25:45.062,1.19655,1.19673,2.78,2.25
2013.01.17 17:25:45.302,1.19655,1.1967,2.03,3.75
2013.01.17 17:25:45.362,1.19655,1.19671,2.03,1.50
2013.01.17 17:25:45.484,1.19655,1.19667,1.13,1.88
2013.01.17 17:25:45.662,1.19647,1.19667,2.40,3.38
2013.01.17 17:25:45.722,1.19647,1.19665,2.40,1.50
2013.01.17 17:25:46.023,1.19646,1.19659,1.65,1.73
2013.01.17 17:25:46.083,1.19646,1.19661,1.50,3.00
2013.01.17 17:25:46.504,1.19654,1.19662,1.73,1.50
2013.01.17 17:25:46.743,1.19652,1.19664,1.05,1.50
2013.01.17 17:25:47.104,1.19656,1.1967,2.25,1.50
2013.01.17 17:25:47.223,1.19654,1.19672,5.25,3.23
2013.01.17 17:25:47.284,1.19654,1.19672,5.25,4.08
2013.01.17 17:25:47.463,1.19651,1.19669,1.65,1.13
2013.01.17 17:25:47.703,1.1965,1.19668,2.40,2.63
2013.01.17 17:25:47.942,1.1965,1.19668,3.90,2.63
2013.01.17 17:25:48.302,1.19654,1.1967,1.50,1.54
2013.01.17 17:25:48.362,1.19653,1.1967,3.15,1.54
2013.01.17 17:25:48.932,1.19652,1.19669,3.15,2.48
2013.01.17 17:25:49.243,1.19653,1.19671,3.15,3.98
2013.01.17 17:25:49.423,1.19655,1.19672,1.50,3.00
2013.01.17 17:25:49.663,1.19657,1.1967,1.50,1.88
2013.01.17 17:25:49.903,1.19657,1.19674,1.65,2.25
2013.01.17 17:25:49.962,1.19657,1.19674,1.65,2.25
2013.01.17 17:25:50.023,1.19657,1.19674,1.65,1.50
2013.01.17 17:25:50.714,1.1966,1.19677,3.00,1.65
2013.01.17 17:25:50.795,1.19674,1.19687,2.25,3.00
2013.01.17 17:25:50.924,1.1968,1.19694,1.13,2.25
2013.01.17 17:25:51.045,1.19683,1.19696,3.38,3.00
2013.01.17 17:25:51.104,1.19683,1.19703,3.38,2.25
2013.01.17 17:25:51.164,1.19685,1.19703,1.50,2.25
2013.01.17 17:25:51.583,1.19687,1.19703,2.85,1.50
2013.01.17 17:25:51.703,1.1969,1.19707,1.13,2.25
2013.01.17 17:25:51.763,1.1969,1.19707,1.13,1.50
2013.01.17 17:25:52.123,1.19687,1.19705,3.60,1.65
2013.01.17 17:25:52.537,1.19687,1.19705,2.10,2.40
2013.01.17 17:25:52.933,1.19689,1.19705,1.13,1.65
2013.01.17 17:25:53.234,1.19704,1.19713,6.38,2.25
2013.01.17 17:25:53.355,1.19707,1.19717,1.80,1.50
2013.01.17 17:25:53.714,1.19709,1.19725,1.05,2.25
2013.01.17 17:25:53.834,1.19709,1.19728,1.80,3.00
2013.01.17 17:25:54.255,1.1971,1.19732,2.40,3.00
2013.01.17 17:25:54.734,1.19716,1.19732,1.73,1.50
2013.01.17 17:25:54.793,1.19716,1.19737,3.23,1.13
2013.01.17 17:25:54.853,1.19718,1.19738,1.28,3.98
2013.01.17 17:25:54.973,1.19716,1.19738,1.88,4.13
2013.01.17 17:25:55.093,1.19716,1.19737,1.50,2.78
2013.01.17 17:25:55.213,1.19716,1.19732,1.65,3.75
2013.01.17 17:25:55.273,1.19717,1.19737,3.90,1.13
2013.01.17 17:25:55.333,1.19721,1.19739,1.13,1.73
2013.01.17 17:25:55.454,1.19725,1.1974,2.03,1.50
2013.01.17 17:25:55.523,1.19726,1.19741,1.50,3.98
2013.01.17 17:25:55.644,1.19728,1.19744,1.28,2.48
2013.01.17 17:25:56.063,1.19726,1.19744,1.13,2.48
2013.01.17 17:25:56.123,1.19727,1.19744,1.50,2.48
2013.01.17 17:25:56.364,1.19735,1.19751,1.50,4.88
2013.01.17 17:25:56.423,1.19732,1.19749,1.38,1.50
2013.01.17 17:25:56.543,1.19732,1.1975,2.00,1.65
2013.01.17 17:25:56.724,1.19735,1.19752,2.11,1.80
2013.01.17 17:25:56.919,1.19736,1.19753,1.59,1.13
2013.01.17 17:25:57.293,1.19739,1.19755,1.73,1.65
2013.01.17 17:25:57.473,1.19739,1.19754,2.48,1.65
2013.01.17 17:25:57.594,1.1974,1.19757,1.35,2.63
2013.01.17 17:25:57.656,1.19745,1.19757,1.73,2.25
2013.01.17 17:25:57.903,1.19745,1.19762,2.07,2.40
2013.01.17 17:25:58.263,1.19745,1.19761,1.27,1.50
2013.01.17 17:25:58.563,1.19743,1.19759,2.84,2.25
2013.01.17 17:25:58.742,1.19744,1.19761,1.01,2.25
2013.01.17 17:25:59.244,1.1975,1.19762,2.33,2.25
2013.01.17 17:25:59.485,1.19748,1.19762,1.20,2.25
2013.01.17 17:25:59.603,1.19749,1.19761,2.25,1.65
2013.01.17 17:25:59.724,1.19745,1.19761,2.48,2.33
2013.01.17 17:25:59.966,1.19748,1.19761,1.93,1.58
2013.01.17 17:26:00.824,1.19749,1.19762,1.40,1.50
2013.01.17 17:26:01.153,1.19753,1.19769,1.50,1.50
2013.01.17 17:26:01.215,1.1976,1.19776,1.50,2.70
2013.01.17 17:26:01.333,1.19762,1.19775,1.11,1.58
2013.01.17 17:26:01.393,1.19764,1.19776,1.11,1.88
2013.01.17 17:26:01.453,1.19767,1.19776,1.11,1.13
2013.01.17 17:26:01.694,1.19767,1.19778,1.04,1.50
2013.01.17 17:26:01.814,1.19766,1.19778,1.04,1.50
2013.01.17 17:26:02.433,1.1976,1.19778,2.12,1.50
2013.01.17 17:26:02.873,1.19762,1.19781,1.54,2.78
2013.01.17 17:26:03.293,1.19762,1.19777,1.90,1.50
2013.01.17 17:26:03.793,1.19763,1.19779,1.73,2.03
2013.01.17 17:26:03.973,1.19765,1.19781,1.34,3.38
2013.01.17 17:26:04.094,1.19766,1.19783,1.75,1.88
2013.01.17 17:26:04.334,1.19771,1.19791,1.12,1.88
2013.01.17 17:26:04.514,1.19775,1.19792,1.12,1.65
2013.01.17 17:26:04.573,1.19776,1.19792,1.12,1.65
2013.01.17 17:26:04.876,1.19781,1.19795,1.73,1.88
2013.01.17 17:26:04.943,1.19781,1.19795,1.73,1.50
2013.01.17 17:26:05.184,1.19787,1.198,9.00,1.50
2013.01.17 17:26:05.303,1.1979,1.19801,1.50,1.50
2013.01.17 17:26:05.364,1.19793,1.19804,1.16,4.50
2013.01.17 17:26:06.174,1.19788,1.19801,2.48,4.88
2013.01.17 17:26:06.483,1.19763,1.19779,1.50,1.43
2013.01.17 17:26:06.904,1.19762,1.19778,2.09,1.43
2013.01.17 17:26:07.024,1.19771,1.19781,1.50,1.43
2013.01.17 17:26:07.084,1.19773,1.19781,1.28,1.43
2013.01.17 17:26:07.384,1.19775,1.19789,1.28,1.43
2013.01.17 17:26:07.504,1.19775,1.19787,1.28,1.43
2013.01.17 17:26:07.866,1.19775,1.1979,1.50,1.43
2013.01.17 17:26:08.176,1.19782,1.19792,1.13,1.43
2013.01.17 17:26:08.314,1.19782,1.19789,1.65,1.50
2013.01.17 17:26:08.594,1.19778,1.19787,1.18,1.32
2013.01.17 17:26:08.863,1.19778,1.19783,1.18,1.43
2013.01.17 17:26:09.164,1.1977,1.19779,2.40,1.43
2013.01.17 17:26:09.224,1.1977,1.19779,2.63,1.43
2013.01.17 17:26:09.284,1.19771,1.19779,1.13,1.43
2013.01.17 17:26:09.344,1.1977,1.1978,1.65,1.43
2013.01.17 17:26:09.404,1.19767,1.1978,1.35,1.43
2013.01.17 17:26:09.464,1.19767,1.19778,1.35,1.32
2013.01.17 17:26:09.956,1.19771,1.19781,1.50,2.18
2013.01.17 17:26:10.264,1.19781,1.19789,1.11,1.43
2013.01.17 17:26:10.383,1.19781,1.19789,1.49,1.43
2013.01.17 17:26:10.443,1.19781,1.19792,1.49,1.43
2013.01.17 17:26:10.570,1.19779,1.1979,1.49,1.50
2013.01.17 17:26:10.779,1.19788,1.19797,1.16,1.50
2013.01.17 17:26:10.923,1.19788,1.19803,1.63,3.00
2013.01.17 17:26:11.226,1.19787,1.19796,1.41,1.50
2013.01.17 17:26:11.343,1.19789,1.19797,1.53,1.50
2013.01.17 17:26:11.525,1.1979,1.19803,1.31,1.50
2013.01.17 17:26:11.644,1.19792,1.19807,1.39,1.50
2013.01.17 17:26:11.764,1.1979,1.19804,1.26,3.00
2013.01.17 17:26:12.183,1.19793,1.19807,1.20,1.50
2013.01.17 17:26:12.302,1.19791,1.19802,1.24,1.50
2013.01.17 17:26:12.665,1.19798,1.19812,1.32,1.88
2013.01.17 17:26:12.973,1.19798,1.19812,1.09,1.13
2013.01.17 17:26:13.153,1.19798,1.19813,2.44,1.65
2013.01.17 17:26:13.333,1.198,1.19813,1.73,1.50
2013.01.17 17:26:13.693,1.19803,1.19818,1.13,5.40
2013.01.17 17:26:13.813,1.19803,1.19814,1.13,1.65
2013.01.17 17:26:14.117,1.19803,1.19814,2.25,1.50
2013.01.17 17:26:14.243,1.19804,1.19817,1.50,1.50
2013.01.17 17:26:14.666,1.19803,1.19821,1.73,2.40
2013.01.17 17:26:14.843,1.19801,1.19821,2.10,3.00
2013.01.17 17:26:15.464,1.198,1.19817,1.35,1.65
2013.01.17 17:26:15.823,1.19804,1.19817,1.50,1.65
2013.01.17 17:26:16.183,1.19801,1.19815,3.23,1.13
2013.01.17 17:26:16.304,1.198,1.19816,1.35,2.40
2013.01.17 17:26:16.424,1.19802,1.19813,1.16,1.50
2013.01.17 17:26:16.664,1.1981,1.19825,1.73,1.05
2013.01.17 17:26:16.724,1.1981,1.19824,1.73,1.05
2013.01.17 17:26:16.784,1.19814,1.1983,1.87,2.63
2013.01.17 17:26:17.203,1.19813,1.19822,1.32,1.50
2013.01.17 17:26:17.326,1.19813,1.19828,1.17,1.50
2013.01.17 17:26:17.623,1.19813,1.19828,1.26,1.50
2013.01.17 17:26:17.743,1.19814,1.1983,1.26,1.50
2013.01.17 17:26:18.164,1.19815,1.19827,1.78,1.13
2013.01.17 17:26:18.224,1.19815,1.19827,1.35,1.13
2013.01.17 17:26:18.464,1.19812,1.19827,1.35,1.13
2013.01.17 17:26:18.524,1.19813,1.19826,1.35,1.13
2013.01.17 17:26:18.645,1.19814,1.19826,1.35,1.13
2013.01.17 17:26:18.704,1.19818,1.19828,1.13,1.13
2013.01.17 17:26:19.086,1.19819,1.1983,1.13,1.13
2013.01.17 17:26:19.170,1.19822,1.1984,2.59,1.35
2013.01.17 17:26:19.354,1.19823,1.19844,1.13,1.88
2013.01.17 17:26:19.674,1.19824,1.19842,1.88,3.90
2013.01.17 17:26:19.793,1.19822,1.19837,3.00,1.13
2013.01.17 17:26:20.274,1.1983,1.19838,1.50,2.70
2013.01.17 17:26:20.513,1.19827,1.19842,1.88,1.43
2013.01.17 17:26:20.693,1.19827,1.19842,2.48,1.28
2013.01.17 17:26:20.933,1.19827,1.19841,1.73,1.35
2013.01.17 17:26:21.176,1.19826,1.19839,3.60,1.35
2013.01.17 17:26:21.302,1.19827,1.19842,3.23,1.35
2013.01.17 17:26:21.423,1.19827,1.1984,2.48,1.35
2013.01.17 17:26:21.734,1.19826,1.19833,2.10,1.35
2013.01.17 17:26:22.105,1.19822,1.19832,2.00,1.43
2013.01.17 17:26:22.633,1.19817,1.19832,3.23,1.43
2013.01.17 17:26:22.693,1.19817,1.19832,2.10,1.58
2013.01.17 17:26:22.813,1.19817,1.1983,2.10,1.88
2013.01.17 17:26:22.873,1.19812,1.19826,1.50,1.13
2013.01.17 17:26:22.934,1.19811,1.19822,1.50,1.50
2013.01.17 17:26:23.235,1.19802,1.19815,1.50,1.88
2013.01.17 17:26:23.296,1.198,1.19811,1.50,2.48
2013.01.17 17:26:23.363,1.19793,1.19809,2.25,1.13
2013.01.17 17:26:23.424,1.19791,1.19808,1.50,2.63
2013.01.17 17:26:23.484,1.19791,1.19802,1.50,1.50
2013.01.17 17:26:23.663,1.19788,1.19802,3.00,1.50
2013.01.17 17:26:23.903,1.19786,1.198,1.50,1.50
2013.01.17 17:26:24.216,1.19794,1.19802,1.13,1.50
2013.01.17 17:26:24.285,1.19795,1.19802,2.40,3.75
2013.01.17 17:26:24.359,1.19801,1.19817,1.58,2.48
2013.01.17 17:26:24.544,1.19801,1.19816,1.50,1.35
2013.01.17 17:26:24.664,1.19796,1.19808,2.33,2.04
2013.01.17 17:26:24.723,1.19795,1.19808,1.65,3.23
2013.01.17 17:26:24.844,1.19796,1.19805,2.25,1.89
2013.01.17 17:26:25.023,1.19795,1.19801,2.25,1.50
2013.01.17 17:26:25.084,1.19785,1.19801,3.00,1.65
2013.01.17 17:26:25.205,1.19785,1.19797,1.50,4.28
2013.01.17 17:26:25.263,1.19775,1.19797,7.50,4.28
2013.01.17 17:26:25.323,1.19775,1.19792,6.75,1.65
2013.01.17 17:26:25.682,1.19771,1.19787,1.50,1.28
2013.01.17 17:26:25.863,1.19768,1.19784,1.50,1.35
2013.01.17 17:26:25.983,1.19764,1.19784,2.40,1.35
2013.01.17 17:26:26.042,1.19764,1.19781,2.25,1.35
2013.01.17 17:26:26.104,1.19763,1.1978,2.25,1.35
2013.01.17 17:26:26.644,1.1976,1.19777,1.13,3.38
2013.01.17 17:26:26.825,1.19758,1.19772,2.48,2.25
2013.01.17 17:26:26.893,1.19757,1.19772,1.73,2.25
2013.01.17 17:26:27.253,1.19756,1.19772,1.88,3.00
2013.01.17 17:26:27.374,1.19759,1.19775,2.48,1.50
2013.01.17 17:26:28.068,1.19759,1.19774,2.48,1.13
2013.01.17 17:26:28.393,1.1974,1.19768,2.25,1.35
2013.01.17 17:26:28.514,1.19743,1.19759,2.25,2.29
2013.01.17 17:26:28.696,1.1974,1.19761,1.50,1.80
2013.01.17 17:26:28.764,1.19741,1.19761,2.40,1.80
2013.01.17 17:26:28.823,1.19741,1.19761,1.65,1.80
2013.01.17 17:26:29.185,1.19739,1.19756,1.35,1.13
2013.01.17 17:26:29.549,1.19732,1.19749,2.33,1.13
2013.01.17 17:26:29.614,1.19732,1.19749,2.25,1.13
2013.01.17 17:26:29.735,1.19731,1.19749,1.65,1.13
2013.01.17 17:26:30.213,1.19727,1.19743,2.48,1.73
2013.01.17 17:26:30.273,1.19727,1.19742,1.50,1.73
2013.01.17 17:26:30.453,1.19728,1.19743,1.28,1.13
2013.01.17 17:26:30.574,1.19726,1.19743,1.50,2.85
2013.01.17 17:26:30.934,1.19721,1.19737,2.63,1.13
2013.01.17 17:26:30.994,1.19723,1.19738,1.73,1.35
2013.01.17 17:26:31.113,1.19724,1.19738,1.50,1.73
2013.01.17 17:26:31.294,1.19721,1.19738,1.73,2.48
2013.01.17 17:26:31.653,1.19721,1.19738,1.73,1.58
2013.01.17 17:26:31.833,1.19721,1.19738,1.73,1.58
2013.01.17 17:26:32.196,1.19723,1.19739,4.65,1.58
2013.01.17 17:26:32.744,1.19724,1.19742,1.65,1.34
2013.01.17 17:26:32.983,1.19724,1.19742,5.03,1.19
2013.01.17 17:26:33.283,1.19733,1.19744,1.50,1.19
2013.01.17 17:26:33.403,1.19733,1.1975,3.00,2.48
2013.01.17 17:26:33.584,1.19735,1.1975,1.50,1.73
2013.01.17 17:26:33.645,1.19734,1.1975,3.00,1.73
2013.01.17 17:26:33.705,1.19737,1.1975,1.50,1.73
2013.01.17 17:26:33.763,1.19735,1.1975,2.25,1.73
2013.01.17 17:26:33.943,1.19735,1.19751,1.50,1.73
2013.01.17 17:26:34.277,1.19735,1.19753,1.50,1.13
2013.01.17 17:26:34.403,1.19737,1.19753,2.25,1.13
2013.01.17 17:26:34.942,1.19738,1.19758,1.13,1.35
2013.01.17 17:26:35.243,1.19741,1.1976,3.38,2.48
2013.01.17 17:26:35.602,1.19751,1.19766,1.50,2.48
2013.01.17 17:26:35.903,1.19746,1.19763,2.25,1.28
2013.01.17 17:26:36.083,1.19745,1.19764,1.50,3.00
2013.01.17 17:26:36.143,1.19745,1.19764,1.73,2.25
2013.01.17 17:26:36.444,1.19751,1.19768,2.25,1.88
2013.01.17 17:26:36.682,1.1975,1.19765,1.50,1.73
2013.01.17 17:26:37.043,1.19748,1.19765,2.03,1.73
2013.01.17 17:26:37.492,1.19751,1.19767,1.50,1.73
2013.01.17 17:26:38.053,1.19751,1.19768,2.25,1.88
2013.01.17 17:26:38.453,1.19751,1.19768,1.50,1.88
2013.01.17 17:26:38.693,1.19752,1.19767,1.50,1.73
2013.01.17 17:26:38.813,1.1975,1.19767,3.00,2.48
2013.01.17 17:26:39.254,1.19754,1.19767,1.50,1.73
2013.01.17 17:26:39.376,1.19754,1.1977,1.50,1.73
2013.01.17 17:26:39.506,1.19758,1.19771,1.50,1.13
2013.01.17 17:26:40.064,1.19755,1.19773,2.25,2.85
2013.01.17 17:26:40.867,1.19755,1.19765,1.50,1.35
2013.01.17 17:26:40.938,1.19746,1.19761,2.25,1.88
2013.01.17 17:26:41.772,1.19748,1.1976,1.50,1.13
2013.01.17 17:26:41.848,1.19744,1.1976,1.13,1.13
2013.01.17 17:26:42.033,1.19744,1.19761,4.13,2.25
2013.01.17 17:26:42.093,1.19746,1.19764,2.25,2.63
2013.01.17 17:26:42.853,1.19747,1.19765,2.25,1.13
2013.01.17 17:26:43.094,1.19753,1.1977,1.50,1.13
2013.01.17 17:26:43.213,1.1975,1.19769,1.65,1.73
2013.01.17 17:26:43.332,1.19749,1.19766,3.98,1.73
2013.01.17 17:26:43.453,1.19749,1.19766,3.75,3.23
2013.01.17 17:26:43.753,1.19744,1.1976,4.50,1.13
2013.01.17 17:26:44.303,1.19741,1.19758,3.23,2.63
2013.01.17 17:26:44.423,1.19737,1.19756,4.35,2.63
2013.01.17 17:26:44.483,1.19738,1.19756,1.13,2.63
2013.01.17 17:26:44.603,1.19737,1.19756,3.38,2.63
2013.01.17 17:26:45.024,1.19739,1.19756,2.25,2.63
2013.01.17 17:26:45.083,1.1974,1.19757,1.65,1.73
2013.01.17 17:26:45.265,1.1974,1.19758,2.63,2.10
2013.01.17 17:26:45.743,1.19744,1.19758,2.25,1.73
2013.01.17 17:26:46.045,1.19751,1.19769,2.03,3.98
2013.01.17 17:26:46.104,1.19751,1.19768,2.78,1.88
2013.01.17 17:26:46.224,1.1975,1.19764,1.50,1.88
2013.01.17 17:26:46.584,1.19749,1.19757,2.48,1.50
2013.01.17 17:26:46.646,1.19749,1.19757,2.25,2.25
2013.01.17 17:26:46.834,1.19742,1.19757,1.13,2.25
2013.01.17 17:26:47.395,1.19741,1.19757,1.13,2.25
2013.01.17 17:26:47.573,1.19746,1.19758,1.50,1.50
2013.01.17 17:26:47.874,1.19746,1.19759,1.50,1.73
2013.01.17 17:26:47.993,1.19744,1.19759,3.00,1.73
2013.01.17 17:26:48.413,1.19746,1.19759,1.50,1.50
2013.01.17 17:26:48.773,1.19748,1.19763,2.48,2.48
2013.01.17 17:26:48.894,1.19753,1.19763,1.50,1.73
2013.01.17 17:26:49.273,1.19753,1.19767,1.88,1.13
2013.01.17 17:26:49.392,1.19754,1.1977,1.13,2.25
2013.01.17 17:26:49.813,1.19754,1.19771,1.13,6.00
2013.01.17 17:26:50.073,1.19753,1.19769,1.73,1.50
2013.01.17 17:26:50.634,1.19752,1.19769,2.85,1.50
2013.01.17 17:26:53.342,1.19754,1.1977,1.73,2.25
2013.01.17 17:26:53.464,1.19758,1.19772,3.23,1.65
2013.01.17 17:26:53.583,1.1976,1.19776,2.48,1.50
2013.01.17 17:26:53.765,1.19764,1.19778,1.73,1.50
2013.01.17 17:26:53.943,1.19764,1.1978,2.48,1.88
2013.01.17 17:26:54.313,1.19765,1.19778,1.73,1.65
2013.01.17 17:26:54.433,1.19763,1.19776,1.73,2.25
2013.01.17 17:26:54.679,1.19761,1.19776,1.73,2.25
2013.01.17 17:26:54.983,1.1976,1.19776,1.35,2.25
2013.01.17 17:26:55.443,1.19759,1.19776,1.13,2.25
2013.01.17 17:26:55.774,1.19759,1.19777,1.13,1.65
2013.01.17 17:26:56.025,1.19759,1.19777,1.88,1.65
2013.01.17 17:26:56.444,1.1976,1.19776,2.85,2.25
2013.01.17 17:26:56.564,1.19759,1.19776,1.13,3.00
2013.01.17 17:26:56.683,1.19759,1.19775,1.88,1.50
2013.01.17 17:26:56.804,1.19758,1.19771,1.73,1.50
2013.01.17 17:26:57.293,1.1976,1.19771,2.40,1.50
2013.01.17 17:26:57.355,1.19764,1.19775,1.50,3.00
2013.01.17 17:26:57.535,1.19764,1.19776,2.25,2.25
2013.01.17 17:26:57.593,1.19764,1.19776,3.23,2.25
2013.01.17 17:26:57.893,1.19766,1.19782,2.48,2.03
2013.01.17 17:26:58.133,1.19766,1.19783,3.98,1.13
2013.01.17 17:26:58.793,1.19766,1.1978,3.00,1.50
2013.01.17 17:26:58.853,1.19765,1.1978,1.73,1.50
2013.01.17 17:26:58.913,1.19763,1.19778,2.48,1.50
2013.01.17 17:26:59.468,1.19761,1.19778,1.50,1.65
2013.01.17 17:27:00.062,1.19762,1.1978,2.48,1.13
2013.01.17 17:27:00.183,1.19764,1.19781,2.48,3.23
2013.01.17 17:27:00.604,1.19764,1.19781,1.35,1.35
2013.01.17 17:27:00.723,1.19769,1.19782,2.25,1.50
2013.01.17 17:27:01.082,1.19776,1.1979,1.73,1.50
2013.01.17 17:27:01.203,1.19776,1.19794,3.23,3.90
2013.01.17 17:27:01.263,1.19778,1.19794,1.73,3.90
2013.01.17 17:27:01.939,1.19777,1.19794,1.73,1.65
2013.01.17 17:27:02.133,1.19779,1.19796,1.73,3.38
2013.01.17 17:27:02.492,1.19777,1.19792,1.41,1.50
2013.01.17 17:27:02.793,1.19775,1.19791,3.75,2.25
2013.01.17 17:27:02.853,1.19775,1.19793,3.00,2.40
2013.01.17 17:27:03.514,1.19775,1.19792,3.00,1.28
2013.01.17 17:27:03.934,1.19778,1.19794,4.73,2.25
2013.01.17 17:27:04.372,1.1978,1.19798,1.87,1.73
2013.01.17 17:27:04.497,1.19786,1.19798,1.73,1.50
2013.01.17 17:27:04.624,1.19796,1.19836,9.06,1.39
2013.01.17 17:27:04.686,1.19821,1.19845,2.70,1.88
2013.01.17 17:27:04.873,1.19824,1.19843,1.73,1.58
2013.01.17 17:27:04.933,1.19827,1.19849,1.73,2.25
2013.01.17 17:27:04.999,1.19827,1.1985,1.73,2.25
2013.01.17 17:27:05.065,1.19832,1.19854,1.73,2.48
2013.01.17 17:27:05.125,1.19839,1.19854,1.50,1.73
2013.01.17 17:27:05.427,1.19842,1.19861,1.65,1.50
2013.01.17 17:27:05.615,1.19843,1.19857,1.65,1.50
2013.01.17 17:27:05.747,1.19851,1.19872,1.45,1.50
2013.01.17 17:27:05.996,1.19851,1.19869,1.98,2.25
2013.01.17 17:27:06.118,1.19857,1.19873,1.30,17.40
2013.01.17 17:27:06.245,1.19861,1.1988,1.73,1.35
2013.01.17 17:27:06.305,1.19868,1.19879,1.73,1.20
2013.01.17 17:27:06.426,1.19866,1.19879,1.50,1.13
2013.01.17 17:27:06.486,1.19867,1.19879,1.50,1.13
2013.01.17 17:27:06.544,1.19866,1.19879,1.65,1.13
2013.01.17 17:27:06.604,1.19867,1.1988,1.34,1.13
2013.01.17 17:27:06.724,1.19865,1.1988,2.40,1.13
2013.01.17 17:27:06.905,1.19861,1.19879,1.65,1.65
2013.01.17 17:27:07.265,1.19866,1.19882,1.14,1.65
2013.01.17 17:27:07.324,1.19868,1.19882,1.14,1.50
2013.01.17 17:27:07.504,1.19872,1.19891,1.65,1.20
2013.01.17 17:27:07.625,1.19877,1.19892,1.80,1.58
2013.01.17 17:27:07.684,1.19878,1.19894,1.80,1.50
2013.01.17 17:27:07.745,1.1988,1.19899,1.50,3.08
2013.01.17 17:27:07.804,1.19881,1.19899,1.50,3.08
2013.01.17 17:27:08.105,1.19882,1.19897,1.36,3.38
2013.01.17 17:27:08.404,1.19881,1.19898,1.13,3.00
2013.01.17 17:27:08.644,1.19883,1.19899,2.76,1.88
2013.01.17 17:27:08.763,1.19883,1.19902,1.73,2.33
2013.01.17 17:27:08.824,1.19882,1.19892,1.73,1.13
2013.01.17 17:27:08.885,1.19882,1.19892,1.50,1.13
2013.01.17 17:27:08.943,1.19876,1.19892,2.48,1.13
2013.01.17 17:27:09.128,1.19878,1.19895,1.35,1.73
2013.01.17 17:27:09.433,1.19888,1.19902,1.50,2.85
2013.01.17 17:27:09.558,1.19884,1.199,2.25,2.55
2013.01.17 17:27:09.634,1.19884,1.19899,1.50,1.35
2013.01.17 17:27:09.944,1.19886,1.19896,1.50,1.05
2013.01.17 17:27:10.004,1.19884,1.19896,1.50,1.05
2013.01.17 17:27:10.065,1.19882,1.19899,1.73,1.73
2013.01.17 17:27:10.424,1.19878,1.19895,1.73,2.10
2013.01.17 17:27:10.603,1.19872,1.19887,1.28,1.50
2013.01.17 17:27:11.016,1.19872,1.19886,1.13,1.50
2013.01.17 17:27:11.100,1.19865,1.19885,2.40,2.25
2013.01.17 17:27:11.166,1.19865,1.19884,2.40,1.35
2013.01.17 17:27:11.234,1.19865,1.19883,2.25,1.50
2013.01.17 17:27:11.356,1.19864,1.19882,1.50,1.75
2013.01.17 17:27:11.416,1.19863,1.19878,1.50,2.63
2013.01.17 17:27:11.605,1.19854,1.19874,2.25,1.35
2013.01.17 17:27:11.843,1.19853,1.19873,1.73,1.88
2013.01.17 17:27:12.025,1.19849,1.1987,1.50,3.38
2013.01.17 17:27:12.095,1.19848,1.19864,1.50,2.48
2013.01.17 17:27:12.153,1.19847,1.19864,3.15,2.48
2013.01.17 17:27:12.275,1.19843,1.19862,2.03,1.54
2013.01.17 17:27:12.884,1.19841,1.19853,2.25,1.13
2013.01.17 17:27:13.004,1.19834,1.19852,1.13,1.05
2013.01.17 17:27:13.064,1.19833,1.19848,1.73,1.13
2013.01.17 17:27:13.603,1.19829,1.19844,1.73,1.69
2013.01.17 17:27:13.906,1.19826,1.19844,2.10,2.67
2013.01.17 17:27:14.213,1.19823,1.19837,1.50,1.29
2013.01.17 17:27:14.284,1.19823,1.19839,2.25,4.54
2013.01.17 17:27:14.350,1.19822,1.19836,1.73,1.27
2013.01.17 17:27:14.475,1.1982,1.19835,1.50,2.07
2013.01.17 17:27:14.595,1.19816,1.19832,2.25,1.73
2013.01.17 17:27:14.717,1.19816,1.19829,2.25,1.73
2013.01.17 17:27:14.845,1.19816,1.19829,2.25,1.73
2013.01.17 17:27:15.144,1.1981,1.19826,1.50,2.63
2013.01.17 17:27:15.204,1.19807,1.19824,1.65,1.50
2013.01.17 17:27:15.323,1.19807,1.19822,1.88,1.50
2013.01.17 17:27:15.684,1.19804,1.19822,3.00,2.48
2013.01.17 17:27:15.984,1.19799,1.19818,2.40,1.73
2013.01.17 17:27:16.282,1.19803,1.19818,1.13,2.48
2013.01.17 17:27:16.345,1.19804,1.19818,3.15,1.73
2013.01.17 17:27:16.653,1.19804,1.19821,3.23,1.50
2013.01.17 17:27:17.073,1.19802,1.19822,1.65,3.23
2013.01.17 17:27:17.373,1.19798,1.19817,1.13,1.73
2013.01.17 17:27:17.434,1.19797,1.19814,2.48,1.13
2013.01.17 17:27:17.792,1.19791,1.19812,1.13,3.38
2013.01.17 17:27:18.093,1.19789,1.19808,2.63,1.50
2013.01.17 17:27:18.214,1.19789,1.19808,2.40,1.73
2013.01.17 17:27:18.453,1.19789,1.198,3.15,1.50
2013.01.17 17:27:18.634,1.19787,1.19804,1.65,1.73
2013.01.17 17:27:18.753,1.19785,1.19803,2.63,1.25
2013.01.17 17:27:18.813,1.19784,1.19801,3.00,1.73
2013.01.17 17:27:18.995,1.1978,1.1979,1.73,1.73
2013.01.17 17:27:19.243,1.19784,1.198,1.50,1.35
2013.01.17 17:27:19.307,1.1978,1.19795,2.25,1.10
2013.01.17 17:27:19.434,1.1978,1.1979,1.13,1.50
2013.01.17 17:27:19.494,1.1978,1.19795,1.13,1.50
2013.01.17 17:27:19.553,1.19783,1.19796,1.50,1.88
2013.01.17 17:27:19.733,1.19784,1.19798,2.25,1.73
2013.01.17 17:27:19.793,1.19784,1.19799,2.25,1.73
2013.01.17 17:27:19.973,1.19786,1.19802,2.40,1.73
2013.01.17 17:27:20.980,1.19783,1.19793,1.50,1.73
2013.01.17 17:27:21.047,1.19783,1.19793,1.50,2.48
2013.01.17 17:27:21.234,1.19774,1.19792,1.50,1.13
2013.01.17 17:27:21.294,1.19774,1.19793,2.25,1.13
2013.01.17 17:27:21.354,1.19774,1.19793,2.25,1.13
2013.01.17 17:27:21.414,1.19775,1.19794,1.13,2.48
2013.01.17 17:27:21.473,1.1978,1.19799,2.25,3.60
2013.01.17 17:27:21.773,1.19782,1.19799,3.00,2.10
2013.01.17 17:27:21.893,1.19789,1.19801,1.50,1.73
2013.01.17 17:27:22.253,1.19794,1.19805,1.50,3.23
2013.01.17 17:27:22.793,1.19792,1.19806,1.73,1.13
2013.01.17 17:27:22.854,1.19789,1.19801,2.25,1.73
2013.01.17 17:27:22.914,1.19789,1.19803,2.25,1.28
2013.01.17 17:27:22.974,1.19786,1.19796,1.35,1.13
2013.01.17 17:27:23.034,1.19784,1.19796,3.00,1.13
2013.01.17 17:27:23.095,1.19781,1.19796,1.50,1.13
2013.01.17 17:27:23.153,1.19778,1.19795,2.25,1.88
2013.01.17 17:27:23.275,1.1978,1.19796,2.48,2.33
2013.01.17 17:27:23.634,1.19784,1.19797,3.98,2.10
2013.01.17 17:27:23.693,1.19784,1.198,3.98,1.88
2013.01.17 17:27:24.173,1.19783,1.19798,2.25,2.25
2013.01.17 17:27:24.474,1.19779,1.19794,2.25,2.48
2013.01.17 17:27:24.606,1.19777,1.19794,2.48,2.63
2013.01.17 17:27:24.724,1.19776,1.19794,2.10,2.63
2013.01.17 17:27:24.904,1.19774,1.19791,2.63,2.48
2013.01.17 17:27:25.084,1.19777,1.19795,3.38,2.48
2013.01.17 17:27:25.264,1.19782,1.19795,1.50,2.48
2013.01.17 17:27:25.568,1.19782,1.19795,1.50,1.13
2013.01.17 17:27:25.874,1.19782,1.19795,1.50,2.48
2013.01.17 17:27:26.294,1.1978,1.19792,1.50,1.50
2013.01.17 17:27:26.594,1.19769,1.19786,1.50,2.63
2013.01.17 17:27:26.653,1.19768,1.19786,3.38,2.48
2013.01.17 17:27:26.714,1.19772,1.19787,1.50,1.50
2013.01.17 17:27:26.834,1.19772,1.19787,1.73,1.28
2013.01.17 17:27:27.015,1.19777,1.19792,2.48,1.35
2013.01.17 17:27:27.133,1.19779,1.19793,2.25,1.13
2013.01.17 17:27:27.313,1.19777,1.19793,3.98,1.13
2013.01.17 17:27:27.434,1.19777,1.19791,3.23,1.13
2013.01.17 17:27:27.553,1.1977,1.19788,3.98,2.63
2013.01.17 17:27:27.613,1.1977,1.19788,3.98,2.63
2013.01.17 17:27:27.792,1.19773,1.19788,1.73,2.40
2013.01.17 17:27:28.094,1.19771,1.19787,1.73,1.65
2013.01.17 17:27:28.334,1.19766,1.19783,1.13,2.25
2013.01.17 17:27:28.394,1.19765,1.19777,1.73,2.25
2013.01.17 17:27:28.456,1.19765,1.19777,1.50,2.25
2013.01.17 17:27:28.524,1.19761,1.19775,1.73,1.50
2013.01.17 17:27:28.763,1.19759,1.19772,2.48,2.40
2013.01.17 17:27:29.063,1.19761,1.19769,1.73,1.50
2013.01.17 17:27:29.123,1.19758,1.19769,1.73,1.50
2013.01.17 17:27:29.254,1.19758,1.19769,1.73,1.50
2013.01.17 17:27:30.233,1.19757,1.19769,3.00,3.23
2013.01.17 17:27:30.293,1.19755,1.19765,2.25,1.50
2013.01.17 17:27:30.353,1.19755,1.19765,1.50,2.40
2013.01.17 17:27:30.413,1.1975,1.19763,2.48,1.50
2013.01.17 17:27:30.593,1.19749,1.19763,1.73,1.73
2013.01.17 17:27:30.933,1.19749,1.1976,2.48,1.50
2013.01.17 17:27:31.053,1.19748,1.19758,1.50,1.50
2013.01.17 17:27:31.113,1.19746,1.19758,3.98,1.50
2013.01.17 17:27:31.353,1.19747,1.1976,1.73,2.25
2013.01.17 17:27:32.215,1.19747,1.1976,1.73,1.50
2013.01.17 17:27:32.535,1.19761,1.19771,3.23,2.25
2013.01.17 17:27:32.846,1.19774,1.19784,1.20,2.25
2013.01.17 17:27:32.903,1.19776,1.19784,1.88,2.25
2013.01.17 17:27:32.964,1.19776,1.19793,1.65,2.10
2013.01.17 17:27:33.088,1.19776,1.19793,1.13,1.73
2013.01.17 17:27:33.395,1.19783,1.19793,2.40,1.25
2013.01.17 17:27:33.575,1.19789,1.19798,1.13,1.35
2013.01.17 17:27:33.815,1.1979,1.19806,1.50,2.48
2013.01.17 17:27:34.053,1.1979,1.19806,1.50,2.30
2013.01.17 17:27:34.584,1.1979,1.19807,2.25,1.60
2013.01.17 17:27:34.704,1.19796,1.19807,1.50,1.13
2013.01.17 17:27:34.764,1.19798,1.19808,1.50,1.73
2013.01.17 17:27:34.832,1.19798,1.19808,1.50,1.73
2013.01.17 17:27:34.965,1.19795,1.19807,2.25,1.13
2013.01.17 17:27:35.326,1.19787,1.198,1.50,1.13
2013.01.17 17:27:35.453,1.19784,1.19799,1.50,1.88
2013.01.17 17:27:35.514,1.19784,1.19795,1.50,2.10
2013.01.17 17:27:35.815,1.19789,1.198,1.50,1.50
2013.01.17 17:27:36.127,1.19797,1.19807,1.50,1.73
2013.01.17 17:27:36.434,1.19793,1.19808,1.50,1.73
2013.01.17 17:27:36.494,1.19793,1.19808,2.25,1.73
2013.01.17 17:27:36.613,1.19793,1.1981,1.50,3.59
2013.01.17 17:27:36.916,1.19793,1.1981,2.25,1.56
2013.01.17 17:27:37.633,1.19791,1.19808,3.53,1.35
2013.01.17 17:27:38.064,1.19791,1.19808,3.53,1.35
2013.01.17 17:27:38.388,1.19794,1.19809,2.25,1.35
2013.01.17 17:27:38.874,1.19794,1.19809,3.00,1.35
2013.01.17 17:27:39.234,1.19791,1.19809,2.78,3.23
2013.01.17 17:27:39.414,1.19789,1.19809,2.78,5.00
2013.01.17 17:27:39.894,1.19786,1.19799,1.88,3.08
2013.01.17 17:27:39.955,1.19783,1.19798,2.25,1.73
2013.01.17 17:27:40.074,1.19781,1.19793,1.50,1.13
2013.01.17 17:27:40.195,1.19779,1.19793,1.50,3.23
2013.01.17 17:27:40.373,1.19778,1.19793,1.50,3.23
2013.01.17 17:27:40.467,1.19779,1.19793,1.29,3.00
2013.01.17 17:27:41.059,1.19777,1.19793,2.79,3.00
2013.01.17 17:27:41.127,1.19775,1.19792,1.27,2.40
2013.01.17 17:27:41.377,1.19777,1.19792,1.32,1.28
2013.01.17 17:27:41.843,1.19782,1.19793,1.32,3.00
2013.01.17 17:27:42.202,1.19782,1.19796,1.52,1.28
2013.01.17 17:27:42.463,1.19789,1.19797,1.50,1.50
2013.01.17 17:27:42.523,1.19789,1.19801,2.25,1.13
2013.01.17 17:27:42.643,1.19792,1.19807,1.50,1.50
2013.01.17 17:27:43.123,1.19795,1.1981,1.32,1.50
2013.01.17 17:27:43.304,1.19795,1.1981,1.32,1.50
2013.01.17 17:27:43.843,1.19802,1.19816,2.07,1.50
2013.01.17 17:27:43.904,1.19802,1.19817,1.32,1.50
2013.01.17 17:27:43.964,1.19802,1.19817,1.32,1.50
2013.01.17 17:27:44.204,1.19802,1.19816,1.32,3.90
2013.01.17 17:27:44.266,1.19802,1.19816,1.32,4.50
2013.01.17 17:27:44.686,1.19803,1.19817,1.34,2.40
2013.01.17 17:27:44.994,1.198,1.19817,1.32,3.23
2013.01.17 17:27:45.655,1.19814,1.1982,2.25,1.88
2013.01.17 17:27:45.833,1.19816,1.19824,1.50,1.50
2013.01.17 17:27:46.133,1.19818,1.19831,1.09,2.85
2013.01.17 17:27:47.042,1.19817,1.19831,1.54,3.60
2013.01.17 17:27:47.345,1.19817,1.19837,1.52,1.13
2013.01.17 17:27:47.882,1.19816,1.19831,1.47,2.10
2013.01.17 17:27:48.423,1.19816,1.19838,1.20,2.25
2013.01.17 17:27:48.787,1.19823,1.19834,2.04,3.75
2013.01.17 17:27:49.183,1.19826,1.19835,1.02,1.50
2013.01.17 17:27:49.483,1.19825,1.19835,1.02,1.50
2013.01.17 17:27:49.845,1.19822,1.19836,1.20,1.35
2013.01.17 17:27:50.101,1.1982,1.19831,1.07,1.50
2013.01.17 17:27:50.164,1.19818,1.19833,2.04,2.85
2013.01.17 17:27:50.963,1.19816,1.19832,1.44,3.60
2013.01.17 17:27:51.391,1.19816,1.1983,1.22,1.35
2013.01.17 17:27:51.904,1.19815,1.19831,3.12,1.50
2013.01.17 17:27:52.263,1.19819,1.19833,2.48,1.50
2013.01.17 17:27:53.103,1.19827,1.1984,2.48,1.50
2013.01.17 17:27:53.523,1.19825,1.1984,5.07,1.50
2013.01.17 17:27:53.643,1.19829,1.19844,1.74,1.50
2013.01.17 17:27:53.703,1.19831,1.19845,1.14,3.15
2013.01.17 17:27:54.851,1.19829,1.19845,1.74,3.15
2013.01.17 17:27:55.354,1.19837,1.19845,1.14,1.50
2013.01.17 17:27:55.653,1.19837,1.19852,1.27,1.73
2013.01.17 17:27:55.903,1.19828,1.19843,1.20,1.50
2013.01.17 17:27:56.084,1.19832,1.19846,1.32,2.25
2013.01.17 17:27:56.144,1.19837,1.19849,1.17,3.00
2013.01.17 17:27:56.266,1.19837,1.19851,1.77,2.25
2013.01.17 17:27:56.395,1.19837,1.19852,1.40,1.50
2013.01.17 17:27:56.573,1.19837,1.19853,1.44,3.00
2013.01.17 17:27:57.102,1.19838,1.19853,1.32,2.25
2013.01.17 17:27:57.652,1.19838,1.19855,1.32,3.75
2013.01.17 17:27:57.773,1.19838,1.19853,1.10,1.88
2013.01.17 17:27:57.895,1.19835,1.19841,1.50,1.50
2013.01.17 17:27:57.955,1.19835,1.19846,1.73,3.60
2013.01.17 17:27:58.074,1.1982,1.19836,2.84,2.25
2013.01.17 17:27:58.194,1.1982,1.19834,2.99,1.50
2013.01.17 17:27:58.253,1.19825,1.19839,1.73,2.85
2013.01.17 17:27:58.313,1.19825,1.1984,1.73,2.40
2013.01.17 17:27:58.853,1.19829,1.19843,1.50,2.25
2013.01.17 17:27:59.168,1.19832,1.19846,1.11,3.60
2013.01.17 17:28:00.203,1.19832,1.19846,1.11,2.85
2013.01.17 17:28:00.963,1.1983,1.19844,1.11,1.50
2013.01.17 17:28:01.383,1.19833,1.19848,1.73,1.50
2013.01.17 17:28:01.443,1.19836,1.1985,1.26,2.25
2013.01.17 17:28:01.983,1.19832,1.19845,1.64,1.50
2013.01.17 17:28:02.318,1.19831,1.19849,1.88,3.00
2013.01.17 17:28:02.868,1.19828,1.19847,1.47,5.85
2013.01.17 17:28:02.993,1.19828,1.19846,3.75,1.65
2013.01.17 17:28:03.414,1.19828,1.19844,1.52,3.00
2013.01.17 17:28:03.536,1.19828,1.19844,1.76,2.25
2013.01.17 17:28:04.192,1.19826,1.19839,1.94,1.50
2013.01.17 17:28:04.555,1.19823,1.19838,1.26,2.25
2013.01.17 17:28:04.862,1.19822,1.19836,1.04,1.50
2013.01.17 17:28:05.523,1.19823,1.19837,1.04,2.25
2013.01.17 17:28:05.703,1.19816,1.19834,1.41,2.25
2013.01.17 17:28:05.825,1.19823,1.19834,1.72,1.50
2013.01.17 17:28:05.944,1.19824,1.19834,1.04,1.50
2013.01.17 17:28:06.303,1.19823,1.1984,2.12,1.50
2013.01.17 17:28:06.364,1.19823,1.1984,2.12,2.25
2013.01.17 17:28:06.605,1.19829,1.19842,1.73,2.10
2013.01.17 17:28:06.724,1.19828,1.19844,2.25,1.13
2013.01.17 17:28:06.844,1.19828,1.19844,2.25,1.13
2013.01.17 17:28:07.327,1.19827,1.19838,2.25,1.50
2013.01.17 17:28:07.524,1.19828,1.19845,1.73,1.50
2013.01.17 17:28:07.765,1.19829,1.19845,3.23,1.50
2013.01.17 17:28:08.123,1.19829,1.19838,2.48,2.10
2013.01.17 17:28:08.430,1.19829,1.19838,1.50,2.85
2013.01.17 17:28:08.499,1.19821,1.19838,2.25,2.85
2013.01.17 17:28:09.341,1.1982,1.19837,2.25,1.50
2013.01.17 17:28:09.852,1.19818,1.19835,1.50,1.50
2013.01.17 17:28:10.513,1.19817,1.19835,3.23,1.50
2013.01.17 17:28:10.573,1.19817,1.19834,2.25,1.13
2013.01.17 17:28:10.934,1.19808,1.19822,1.13,2.48
2013.01.17 17:28:11.554,1.19806,1.19822,1.50,2.48
2013.01.17 17:28:11.853,1.19804,1.19822,3.15,2.48
2013.01.17 17:28:12.033,1.19807,1.19823,3.00,1.35
2013.01.17 17:28:12.775,1.19807,1.19824,2.25,2.48
2013.01.17 17:28:13.084,1.1981,1.19824,2.25,2.48
2013.01.17 17:28:13.814,1.1981,1.19822,2.25,3.23
2013.01.17 17:28:14.173,1.19806,1.19817,3.38,1.73
2013.01.17 17:28:14.534,1.19805,1.1982,2.25,2.48
2013.01.17 17:28:14.833,1.19807,1.1982,2.25,2.48
2013.01.17 17:28:16.123,1.19805,1.19823,2.25,5.33
2013.01.17 17:28:17.422,1.19803,1.19823,5.40,5.33
2013.01.17 17:28:17.925,1.19803,1.1982,3.75,2.48
2013.01.17 17:28:18.044,1.19801,1.19817,1.50,1.58
2013.01.17 17:28:18.283,1.19801,1.19817,1.50,1.58
2013.01.17 17:28:18.584,1.19801,1.19817,1.50,1.58
2013.01.17 17:28:19.014,1.19803,1.19818,3.15,3.08
2013.01.17 17:28:19.375,1.19808,1.1982,1.50,1.50
2013.01.17 17:28:19.922,1.19806,1.19823,2.25,2.85
2013.01.17 17:28:20.841,1.19807,1.19824,4.65,1.73
2013.01.17 17:28:21.153,1.19814,1.19825,2.25,2.25
2013.01.17 17:28:21.316,1.19814,1.19828,2.25,1.73
2013.01.17 17:28:21.826,1.19814,1.19829,2.40,1.73
2013.01.17 17:28:21.905,1.19818,1.19829,2.25,1.50
2013.01.17 17:28:22.213,1.19812,1.19823,1.50,1.13
2013.01.17 17:28:22.273,1.19807,1.19821,1.50,1.73
2013.01.17 17:28:22.524,1.19807,1.19816,1.50,1.73
2013.01.17 17:28:22.583,1.19805,1.19816,1.50,2.48
2013.01.17 17:28:22.643,1.19804,1.19816,5.25,2.48
2013.01.17 17:28:22.703,1.19802,1.19816,2.78,2.48
2013.01.17 17:28:23.363,1.19801,1.19815,2.40,1.50
2013.01.17 17:28:23.784,1.19801,1.19818,2.40,3.23
2013.01.17 17:28:24.375,1.19802,1.19817,2.40,1.73
2013.01.17 17:28:25.061,1.19803,1.19817,1.50,1.73
2013.01.17 17:28:25.915,1.19805,1.19818,1.50,2.48
2013.01.17 17:28:26.316,1.19807,1.19818,1.50,2.48
2013.01.17 17:28:26.683,1.19807,1.19822,1.50,1.13
2013.01.17 17:28:27.174,1.19805,1.19818,1.50,2.25
2013.01.17 17:28:27.542,1.19805,1.19821,2.25,2.48
2013.01.17 17:28:27.918,1.19808,1.19821,1.50,2.48
2013.01.17 17:28:28.445,1.19808,1.19819,1.50,1.73
2013.01.17 17:28:29.052,1.19804,1.19822,2.25,2.33
2013.01.17 17:28:29.553,1.19806,1.19822,1.50,2.33
2013.01.17 17:28:29.612,1.19804,1.19822,1.50,2.33
2013.01.17 17:28:30.043,1.19809,1.19822,1.50,2.33
2013.01.17 17:28:30.164,1.19809,1.19826,3.75,1.73
2013.01.17 17:28:31.103,1.19809,1.19824,1.50,1.13
2013.01.17 17:28:31.343,1.19808,1.19824,1.13,3.98
2013.01.17 17:28:31.403,1.19812,1.19824,2.25,2.48
2013.01.17 17:28:31.764,1.19813,1.19827,2.25,3.98
2013.01.17 17:28:31.826,1.19813,1.19827,2.25,2.48
2013.01.17 17:28:33.113,1.1981,1.19825,2.85,2.48
2013.01.17 17:28:33.174,1.19809,1.19825,2.25,2.48
2013.01.17 17:28:33.724,1.1981,1.19827,2.25,2.48
2013.01.17 17:28:34.389,1.19808,1.19826,5.25,2.48
2013.01.17 17:28:34.874,1.19812,1.19825,1.13,2.48
2013.01.17 17:28:35.234,1.19816,1.19831,2.25,1.13
2013.01.17 17:28:36.096,1.19816,1.19832,2.25,1.13
2013.01.17 17:28:36.171,1.19816,1.19832,2.25,1.13
2013.01.17 17:28:37.023,1.19815,1.19832,2.63,2.63
2013.01.17 17:28:37.764,1.19822,1.19832,1.50,2.48
2013.01.17 17:28:37.883,1.19822,1.19836,2.85,2.25
2013.01.17 17:28:37.943,1.19824,1.19838,1.50,2.48
2013.01.17 17:28:38.302,1.19825,1.19838,1.50,1.73
2013.01.17 17:28:38.844,1.19825,1.19838,1.65,1.73
2013.01.17 17:28:38.962,1.19827,1.1984,1.35,1.50
2013.01.17 17:28:39.023,1.19827,1.19841,1.35,1.73
2013.01.17 17:28:39.723,1.1983,1.19844,1.13,1.73
2013.01.17 17:28:39.903,1.1983,1.19848,1.13,3.38
2013.01.17 17:28:40.403,1.19834,1.19849,1.13,2.63
2013.01.17 17:28:41.094,1.19833,1.19844,1.50,1.50
2013.01.17 17:28:41.603,1.19833,1.19846,2.25,1.73
2013.01.17 17:28:42.213,1.19833,1.19843,2.25,1.50
2013.01.17 17:28:42.602,1.19833,1.19846,2.25,1.73
2013.01.17 17:28:43.109,1.19833,1.19846,2.63,1.73
2013.01.17 17:28:43.576,1.19833,1.19846,1.88,1.73
2013.01.17 17:28:44.744,1.19835,1.19847,1.35,1.73
2013.01.17 17:28:44.808,1.19831,1.19846,1.50,2.48
2013.01.17 17:28:44.873,1.19831,1.19845,1.50,1.73
2013.01.17 17:28:45.414,1.19833,1.19844,1.35,1.73
2013.01.17 17:28:45.486,1.19833,1.19848,1.35,1.73
2013.01.17 17:28:45.675,1.19836,1.19849,1.50,2.48
2013.01.17 17:28:45.744,1.19836,1.1985,2.40,1.73
2013.01.17 17:28:45.803,1.19837,1.19854,1.50,1.35
2013.01.17 17:28:46.163,1.19837,1.19849,1.50,1.73
2013.01.17 17:28:47.583,1.19837,1.19853,1.50,1.73
2013.01.17 17:28:48.003,1.1984,1.19855,2.25,1.13
2013.01.17 17:28:48.312,1.1984,1.19855,2.25,2.63
2013.01.17 17:28:48.804,1.19837,1.19855,3.00,4.13
2013.01.17 17:28:48.864,1.19837,1.19855,3.15,3.98
2013.01.17 17:28:48.983,1.19838,1.19855,1.50,1.73
2013.01.17 17:28:49.283,1.19838,1.19855,1.50,1.73
2013.01.17 17:28:49.415,1.19838,1.19854,1.50,1.73
2013.01.17 17:28:49.932,1.19837,1.19855,5.25,2.48
2013.01.17 17:28:50.493,1.19839,1.19855,1.50,2.48
2013.01.17 17:28:50.833,1.19843,1.1986,3.00,2.09
2013.01.17 17:28:50.953,1.19843,1.1986,3.00,1.73
2013.01.17 17:28:51.213,1.19843,1.1986,2.25,1.73
2013.01.17 17:28:51.453,1.19842,1.19858,2.85,2.48
2013.01.17 17:28:51.911,1.19841,1.19856,1.88,1.73
2013.01.17 17:28:51.995,1.1984,1.19857,1.35,3.23
2013.01.17 17:28:52.613,1.19839,1.19854,3.60,2.48
2013.01.17 17:28:53.154,1.19836,1.19854,3.00,1.73
2013.01.17 17:28:54.362,1.19836,1.19853,3.00,2.48
2013.01.17 17:28:55.252,1.19835,1.19851,1.50,2.48
2013.01.17 17:28:55.493,1.19834,1.19848,1.50,1.73
2013.01.17 17:28:55.912,1.1983,1.19846,2.03,2.48
2013.01.17 17:28:56.153,1.1983,1.19845,1.13,1.73
2013.01.17 17:28:56.454,1.19825,1.19836,1.50,1.73
2013.01.17 17:28:56.753,1.19817,1.19832,4.35,1.88
2013.01.17 17:28:56.873,1.19818,1.1983,1.13,1.73
2013.01.17 17:28:56.933,1.19817,1.1983,1.13,1.73
2013.01.17 17:28:56.993,1.19816,1.19832,2.40,2.48
2013.01.17 17:28:57.113,1.19817,1.19832,1.13,1.73
2013.01.17 17:28:57.834,1.19813,1.19829,1.35,2.48
2013.01.17 17:28:58.194,1.19812,1.19828,2.48,1.73
2013.01.17 17:28:58.313,1.1981,1.19827,3.90,1.73
2013.01.17 17:28:58.853,1.19814,1.19828,2.25,2.48
2013.01.17 17:29:00.113,1.19812,1.19829,2.25,3.23
2013.01.17 17:29:00.295,1.19811,1.19829,2.25,3.23
2013.01.17 17:29:00.654,1.1981,1.19828,2.40,3.60
2013.01.17 17:29:00.714,1.1981,1.19826,2.40,2.48
2013.01.17 17:29:01.013,1.19811,1.19825,2.25,1.73
2013.01.17 17:29:01.323,1.19813,1.19827,2.25,1.73
2013.01.17 17:29:01.563,1.19813,1.19827,2.25,2.40
2013.01.17 17:29:02.132,1.19811,1.19823,1.50,1.27
2013.01.17 17:29:02.592,1.19809,1.19824,2.78,1.27
2013.01.17 17:29:02.653,1.19816,1.19824,1.50,1.27
2013.01.17 17:29:03.013,1.19814,1.19827,1.50,3.45
2013.01.17 17:29:03.530,1.19812,1.19827,1.35,3.06
2013.01.17 17:29:04.524,1.1981,1.1983,5.63,1.52
2013.01.17 17:29:05.073,1.19814,1.19831,3.00,3.02
2013.01.17 17:29:05.374,1.1982,1.19833,3.00,1.54
2013.01.17 17:29:05.433,1.19821,1.19833,1.13,1.32
2013.01.17 17:29:06.034,1.19821,1.19835,1.88,1.32
2013.01.17 17:29:06.852,1.19819,1.19835,4.50,1.32
2013.01.17 17:29:07.036,1.19824,1.19838,1.50,2.25
2013.01.17 17:29:07.162,1.19824,1.19838,3.00,3.00
2013.01.17 17:29:07.722,1.19825,1.1984,1.25,2.63
2013.01.17 17:29:07.843,1.19824,1.1984,2.40,3.38
2013.01.17 17:29:08.734,1.19833,1.1984,1.03,3.38
2013.01.17 17:29:08.793,1.19833,1.19843,1.03,1.50
2013.01.17 17:29:08.853,1.19833,1.19848,3.28,3.00
2013.01.17 17:29:08.973,1.19835,1.19848,1.71,3.00
2013.01.17 17:29:09.643,1.19837,1.19851,1.56,1.50
2013.01.17 17:29:10.501,1.19839,1.19851,1.35,1.50
2013.01.17 17:29:10.805,1.19839,1.19854,3.13,1.88
2013.01.17 17:29:10.865,1.19839,1.19854,2.10,1.88
2013.01.17 17:29:11.103,1.19843,1.19857,1.73,1.50
2013.01.17 17:29:11.404,1.19849,1.19863,1.73,2.25
2013.01.17 17:29:11.583,1.19849,1.19863,1.40,1.50
2013.01.17 17:29:11.943,1.19848,1.19864,1.35,2.40
2013.01.17 17:29:12.126,1.19847,1.19863,3.25,1.50
2013.01.17 17:29:12.253,1.19847,1.19862,3.23,3.00
2013.01.17 17:29:12.683,1.19848,1.19864,1.35,2.40
2013.01.17 17:29:13.104,1.1985,1.19867,1.23,1.65
2013.01.17 17:29:13.463,1.19855,1.19869,1.27,1.13
2013.01.17 17:29:13.584,1.19855,1.19871,1.50,1.88
2013.01.17 17:29:13.703,1.19855,1.19869,1.05,1.88
2013.01.17 17:29:13.943,1.19859,1.19873,1.05,2.03
2013.01.17 17:29:14.423,1.19856,1.19873,3.88,1.28
2013.01.17 17:29:14.543,1.19856,1.19872,3.23,1.50
2013.01.17 17:29:15.025,1.19859,1.19873,1.13,1.50
2013.01.17 17:29:15.144,1.19865,1.1988,2.11,2.25
2013.01.17 17:29:15.205,1.19865,1.19877,2.86,2.25
2013.01.17 17:29:15.266,1.19865,1.19877,1.73,2.25
2013.01.17 17:29:15.393,1.19865,1.19877,1.73,1.50
2013.01.17 17:29:15.454,1.19865,1.19877,1.73,1.50
2013.01.17 17:29:15.574,1.19865,1.19876,1.73,2.25
2013.01.17 17:29:15.814,1.19861,1.19874,1.73,1.50
2013.01.17 17:29:15.993,1.19861,1.19871,1.73,1.50
2013.01.17 17:29:16.294,1.19862,1.19874,1.73,1.50
2013.01.17 17:29:16.354,1.19863,1.1988,2.48,1.13
2013.01.17 17:29:16.474,1.19864,1.1988,1.73,1.50
2013.01.17 17:29:16.833,1.19864,1.19876,1.73,2.25
2013.01.17 17:29:16.893,1.19864,1.19876,1.73,2.40
2013.01.17 17:29:17.432,1.19859,1.19875,1.73,2.40
2013.01.17 17:29:17.733,1.1986,1.19875,2.48,2.25
2013.01.17 17:29:17.853,1.19862,1.19877,1.73,1.65
2013.01.17 17:29:17.913,1.19862,1.19877,1.73,4.65
2013.01.17 17:29:18.214,1.19862,1.19877,1.73,3.00
2013.01.17 17:29:18.633,1.19862,1.19877,1.73,3.15
2013.01.17 17:29:18.753,1.19858,1.19873,3.98,1.65
2013.01.17 17:29:19.463,1.19858,1.1987,1.73,2.25
2013.01.17 17:29:19.542,1.19855,1.19872,3.98,1.65
2013.01.17 17:29:20.273,1.19855,1.19871,1.73,2.40
2013.01.17 17:29:20.513,1.19855,1.1987,1.73,3.00
2013.01.17 17:29:20.874,1.19851,1.19865,3.23,1.50
2013.01.17 17:29:21.403,1.1985,1.19868,4.47,2.25
2013.01.17 17:29:21.705,1.19858,1.19872,2.25,3.00
2013.01.17 17:29:21.833,1.19856,1.19872,1.35,3.75
2013.01.17 17:29:22.193,1.19855,1.19868,1.73,2.25
2013.01.17 17:29:22.683,1.1986,1.1987,1.73,1.88
2013.01.17 17:29:22.743,1.1986,1.1987,1.73,2.63
2013.01.17 17:29:22.803,1.1986,1.1987,1.73,2.63
2013.01.17 17:29:22.863,1.1986,1.1987,1.73,3.38
2013.01.17 17:29:23.193,1.1986,1.19868,1.73,2.25
2013.01.17 17:29:23.751,1.19854,1.19865,1.73,1.50
2013.01.17 17:29:23.817,1.19854,1.19865,1.73,1.50
2013.01.17 17:29:24.063,1.19854,1.19865,1.73,2.40
2013.01.17 17:29:24.423,1.19853,1.19867,1.73,2.25
2013.01.17 17:29:24.664,1.19854,1.19867,2.85,1.50
2013.01.17 17:29:24.784,1.19864,1.19873,2.25,3.00
2013.01.17 17:29:25.084,1.19868,1.19876,2.85,1.50
2013.01.17 17:29:25.145,1.1987,1.19876,2.10,1.50
2013.01.17 17:29:25.505,1.1987,1.19885,2.25,3.15
2013.01.17 17:29:25.564,1.19869,1.19885,2.48,2.78
2013.01.17 17:29:26.405,1.19872,1.19884,1.73,1.50
2013.01.17 17:29:26.464,1.19875,1.19888,1.73,2.25
2013.01.17 17:29:26.525,1.19877,1.19888,1.73,1.50
2013.01.17 17:29:26.586,1.1988,1.19891,2.33,6.75
2013.01.17 17:29:26.764,1.19887,1.19898,3.75,1.28
2013.01.17 17:29:27.004,1.19893,1.19907,1.50,1.13
2013.01.17 17:29:27.245,1.19899,1.19907,2.10,2.25
2013.01.17 17:29:27.366,1.19901,1.19907,2.10,1.50
2013.01.17 17:29:27.549,1.19903,1.19911,2.10,2.33
2013.01.17 17:29:27.618,1.19901,1.19911,1.13,2.25
2013.01.17 17:29:27.685,1.19901,1.19909,1.13,1.50
2013.01.17 17:29:27.748,1.199,1.19909,1.50,1.50
2013.01.17 17:29:27.817,1.19897,1.19909,3.08,1.50
2013.01.17 17:29:27.887,1.19898,1.19912,2.48,3.75
2013.01.17 17:29:27.957,1.19898,1.19912,2.63,3.00
2013.01.17 17:29:28.206,1.19898,1.19909,2.10,1.65
2013.01.17 17:29:28.274,1.19897,1.19909,1.50,1.50
2013.01.17 17:29:28.335,1.19897,1.19907,1.50,1.50
2013.01.17 17:29:28.453,1.19894,1.19907,2.10,1.50
2013.01.17 17:29:28.513,1.19894,1.19907,1.20,2.25
2013.01.17 17:29:28.814,1.19891,1.19906,1.73,1.50
2013.01.17 17:29:29.352,1.19898,1.19911,1.58,1.50
2013.01.17 17:29:29.655,1.19899,1.19909,2.10,1.65
2013.01.17 17:29:30.013,1.19904,1.19918,1.73,3.00
2013.01.17 17:29:30.073,1.19904,1.19915,1.73,1.50
2013.01.17 17:29:30.375,1.19895,1.19905,2.33,3.38
2013.01.17 17:29:30.448,1.19884,1.19898,6.75,1.50
2013.01.17 17:29:30.754,1.19884,1.19892,1.50,2.25
2013.01.17 17:29:30.813,1.1988,1.1989,2.48,2.25
2013.01.17 17:29:31.055,1.19874,1.19882,1.50,1.50
2013.01.17 17:29:31.415,1.19867,1.19876,1.50,1.50
2013.01.17 17:29:31.655,1.19867,1.19881,1.88,1.50
2013.01.17 17:29:31.714,1.1987,1.19886,2.25,2.25
2013.01.17 17:29:31.774,1.1987,1.19883,2.25,1.50
2013.01.17 17:29:32.194,1.19869,1.1988,1.50,2.25
2013.01.17 17:29:32.553,1.19865,1.19879,3.15,1.50
2013.01.17 17:29:32.673,1.19868,1.1988,2.10,1.50
2013.01.17 17:29:32.974,1.19874,1.19889,12.23,1.50
2013.01.17 17:29:33.094,1.19881,1.19891,2.25,1.50
2013.01.17 17:29:33.214,1.19881,1.19895,3.00,1.18
2013.01.17 17:29:33.395,1.1988,1.19892,2.25,2.25
2013.01.17 17:29:33.514,1.19879,1.1989,2.25,1.50
2013.01.17 17:29:33.813,1.19877,1.19892,1.65,1.50
2013.01.17 17:29:34.053,1.19878,1.19892,2.40,3.75
2013.01.17 17:29:34.365,1.19877,1.19889,3.08,1.50
2013.01.17 17:29:34.694,1.1988,1.19892,2.25,3.00
2013.01.17 17:29:34.824,1.19878,1.19892,1.58,1.50
2013.01.17 17:29:34.943,1.19878,1.19891,1.58,2.25
2013.01.17 17:29:35.127,1.19873,1.19888,1.58,1.50
2013.01.17 17:29:35.314,1.19872,1.19887,3.98,2.25
2013.01.17 17:29:35.674,1.1987,1.19879,3.00,1.50
2013.01.17 17:29:36.033,1.19872,1.19884,2.48,1.50
2013.01.17 17:29:36.273,1.19874,1.1989,1.73,2.25
2013.01.17 17:29:36.393,1.19874,1.1989,1.73,2.25
2013.01.17 17:29:36.753,1.19874,1.19889,1.50,3.15
2013.01.17 17:29:36.817,1.1987,1.19886,1.73,1.50
2013.01.17 17:29:36.874,1.1987,1.19886,1.73,1.50
2013.01.17 17:29:36.934,1.19868,1.19882,1.88,1.50
2013.01.17 17:29:37.114,1.19867,1.1988,2.48,1.50
2013.01.17 17:29:37.802,1.19867,1.19879,2.48,1.50
2013.01.17 17:29:38.317,1.19867,1.19879,2.48,2.25
2013.01.17 17:29:38.834,1.19868,1.1988,2.25,1.50
2013.01.17 17:29:39.134,1.19869,1.19881,1.50,2.25
2013.01.17 17:29:39.374,1.19868,1.19883,1.73,2.25
2013.01.17 17:29:39.446,1.19868,1.19883,1.73,2.25
2013.01.17 17:29:39.520,1.19869,1.19883,2.48,2.25
2013.01.17 17:29:40.124,1.19869,1.19883,2.48,2.25
2013.01.17 17:29:40.563,1.19869,1.19883,2.48,3.38
2013.01.17 17:29:41.102,1.19868,1.19883,2.25,3.00
2013.01.17 17:29:41.224,1.19869,1.19883,1.13,3.00
2013.01.17 17:29:41.285,1.19869,1.19883,1.88,3.00
2013.01.17 17:29:41.524,1.19868,1.19883,1.73,2.25
2013.01.17 17:29:41.834,1.19868,1.1988,1.50,2.25
2013.01.17 17:29:42.093,1.19865,1.1988,6.23,1.50
2013.01.17 17:29:42.394,1.19864,1.1988,1.73,2.25
2013.01.17 17:29:42.754,1.19864,1.1988,1.73,3.00
2013.01.17 17:29:42.818,1.19868,1.1988,1.73,2.25
2013.01.17 17:29:43.004,1.19872,1.19886,2.25,1.35
2013.01.17 17:29:43.123,1.19872,1.19888,2.25,2.10
2013.01.17 17:29:43.183,1.19874,1.19888,1.50,2.10
2013.01.17 17:29:43.303,1.19874,1.1989,2.25,2.48
2013.01.17 17:29:43.363,1.19874,1.1989,2.25,2.25
2013.01.17 17:29:43.604,1.19874,1.19892,1.88,3.38
2013.01.17 17:29:43.724,1.19875,1.19892,2.48,1.88
2013.01.17 17:29:44.265,1.19878,1.19893,2.25,3.98
2013.01.17 17:29:44.326,1.19878,1.19893,1.50,4.73
2013.01.17 17:29:44.449,1.19878,1.19889,1.50,1.50
2013.01.17 17:29:44.518,1.19874,1.19889,1.88,1.50
2013.01.17 17:29:44.587,1.19874,1.19889,1.88,1.73
2013.01.17 17:29:44.895,1.1987,1.19886,2.25,3.98
2013.01.17 17:29:45.402,1.19872,1.19886,1.50,4.13
2013.01.17 17:29:45.703,1.19872,1.19885,1.50,2.25
2013.01.17 17:29:46.314,1.19873,1.19885,1.50,2.25
2013.01.17 17:29:46.553,1.19875,1.19887,1.50,1.50
2013.01.17 17:29:46.676,1.19875,1.19887,1.50,1.50
2013.01.17 17:29:46.793,1.19875,1.19887,1.50,1.50
2013.01.17 17:29:48.374,1.19875,1.19888,1.73,2.25
2013.01.17 17:29:48.494,1.19876,1.19892,1.88,1.50
2013.01.17 17:29:48.673,1.19879,1.19891,1.88,1.13
2013.01.17 17:29:48.793,1.19879,1.19891,1.65,1.13
2013.01.17 17:29:48.853,1.19881,1.19891,2.25,1.13
2013.01.17 17:29:49.153,1.19881,1.19895,2.48,1.88
2013.01.17 17:29:49.676,1.1988,1.19895,2.48,1.88
2013.01.17 17:29:50.754,1.19887,1.199,3.00,1.73
2013.01.17 17:29:51.055,1.19878,1.19889,1.73,3.91
2013.01.17 17:29:51.595,1.19875,1.19887,1.61,1.88
2013.01.17 17:29:51.953,1.19871,1.19886,1.61,3.00
2013.01.17 17:29:52.076,1.1987,1.19884,1.50,1.73
2013.01.17 17:29:52.203,1.19869,1.19884,1.50,1.73
2013.01.17 17:29:52.996,1.19868,1.19884,1.73,1.50
2013.01.17 17:29:53.582,1.19867,1.19883,1.13,3.00
2013.01.17 17:29:53.762,1.19867,1.19883,1.13,3.00
2013.01.17 17:29:54.063,1.19866,1.19881,1.13,1.50
2013.01.17 17:29:54.123,1.19866,1.19881,1.13,1.50
2013.01.17 17:29:54.424,1.19865,1.19879,3.00,1.50
2013.01.17 17:29:55.112,1.19862,1.1988,2.48,1.88
2013.01.17 17:29:55.293,1.19861,1.19877,2.63,1.50
2013.01.17 17:29:55.595,1.19864,1.19875,1.50,1.35
2013.01.17 17:29:55.909,1.19852,1.19867,2.48,2.25
2013.01.17 17:29:55.978,1.19852,1.19864,2.48,1.50
2013.01.17 17:29:56.044,1.19852,1.19864,1.50,1.50
2013.01.17 17:29:56.343,1.19852,1.19864,1.50,1.50
2013.01.17 17:29:56.402,1.19847,1.19862,1.13,1.50
2013.01.17 17:29:56.762,1.19847,1.19862,1.13,1.50
2013.01.17 17:29:56.883,1.19852,1.19862,1.50,1.50
2013.01.17 17:29:57.005,1.1985,1.19863,1.73,2.25
2013.01.17 17:29:57.065,1.1985,1.19861,1.73,1.50
2013.01.17 17:29:57.186,1.19847,1.19857,2.48,1.50
2013.01.17 17:29:57.496,1.19847,1.19854,1.50,1.50
2013.01.17 17:29:57.553,1.19844,1.19854,1.50,3.00
2013.01.17 17:29:57.613,1.19837,1.19853,3.98,1.50
2013.01.17 17:29:57.733,1.19837,1.1985,3.98,2.25
2013.01.17 17:29:58.034,1.19837,1.19849,1.73,3.15
2013.01.17 17:29:58.393,1.1983,1.19844,3.98,1.50
2013.01.17 17:29:58.513,1.1983,1.19844,2.48,1.50
2013.01.17 17:29:59.058,1.19832,1.19846,1.73,1.50
2013.01.17 17:29:59.363,1.19832,1.19844,1.73,1.50
2013.01.17 17:29:59.613,1.19828,1.19842,1.73,1.50
2013.01.17 17:29:59.974,1.19829,1.19842,1.50,1.50
2013.01.17 17:30:00.554,1.19828,1.19842,2.10,1.50
2013.01.17 17:30:00.855,1.19826,1.19841,1.50,1.88
2013.01.17 17:30:00.914,1.19825,1.19841,2.48,1.13
2013.01.17 17:30:01.969,1.1983,1.19844,1.50,2.10
2013.01.17 17:30:02.043,1.1983,1.19844,1.50,1.35
2013.01.17 17:30:02.467,1.1984,1.19861,1.73,3.00
2013.01.17 17:30:02.605,1.19851,1.19874,6.08,1.50
2013.01.17 17:30:02.736,1.19869,1.1988,2.63,1.50
2013.01.17 17:30:03.044,1.19875,1.1989,2.10,1.50
2013.01.17 17:30:03.105,1.19878,1.1989,1.13,1.50
2013.01.17 17:30:03.165,1.19876,1.1989,1.13,1.50
2013.01.17 17:30:03.435,1.19876,1.19895,1.13,1.50
2013.01.17 17:30:03.814,1.19875,1.19892,1.13,1.50
2013.01.17 17:30:04.005,1.19875,1.19892,1.13,1.50
2013.01.17 17:30:04.564,1.19872,1.19892,1.50,1.50
2013.01.17 17:30:05.074,1.19871,1.19883,1.20,2.10
2013.01.17 17:30:05.134,1.19868,1.19878,2.53,1.50
2013.01.17 17:30:05.195,1.19863,1.19877,3.75,2.70
2013.01.17 17:30:05.255,1.19859,1.19869,1.28,1.50
2013.01.17 17:30:05.315,1.19844,1.19865,2.25,17.41
2013.01.17 17:30:05.445,1.19838,1.1985,3.15,2.10
2013.01.17 17:30:05.685,1.19838,1.19848,3.75,2.10
2013.01.17 17:30:05.864,1.1984,1.19856,1.65,3.60
2013.01.17 17:30:05.923,1.19841,1.19856,1.13,3.60
2013.01.17 17:30:06.304,1.19843,1.1986,1.88,2.10
2013.01.17 17:30:07.094,1.19843,1.1986,1.35,3.23
2013.01.17 17:30:07.630,1.1984,1.19857,3.23,1.13
2013.01.17 17:30:07.754,1.19839,1.19856,1.73,1.28
2013.01.17 17:30:07.813,1.19837,1.19852,1.50,3.00
2013.01.17 17:30:07.935,1.19838,1.19849,1.20,1.50
2013.01.17 17:30:08.244,1.19846,1.19859,2.40,1.50
2013.01.17 17:30:08.303,1.19847,1.19864,1.28,3.00
2013.01.17 17:30:08.543,1.19847,1.19864,1.50,3.00
2013.01.17 17:30:08.723,1.19847,1.19864,1.50,2.25
2013.01.17 17:30:09.946,1.19849,1.19867,1.73,1.35
2013.01.17 17:30:10.314,1.19849,1.19869,3.23,2.40
2013.01.17 17:30:11.164,1.19863,1.1987,1.50,2.85
2013.01.17 17:30:11.404,1.19877,1.19886,1.73,1.50
2013.01.17 17:30:11.584,1.19876,1.19891,1.73,1.65
2013.01.17 17:30:12.183,1.19878,1.19891,1.35,1.65
2013.01.17 17:30:12.763,1.19874,1.19892,1.35,1.65
2013.01.17 17:30:13.094,1.19875,1.19893,1.73,1.50
2013.01.17 17:30:13.633,1.19878,1.19893,1.35,1.65
2013.01.17 17:30:13.934,1.19878,1.19893,1.35,1.50
2013.01.17 17:30:14.674,1.19878,1.19896,1.35,3.15
2013.01.17 17:30:14.734,1.19878,1.19896,1.35,3.15
2013.01.17 17:30:15.194,1.19878,1.19895,1.73,1.28
2013.01.17 17:30:15.314,1.19878,1.19895,1.73,1.28
2013.01.17 17:30:15.574,1.19877,1.19895,2.48,2.03
2013.01.17 17:30:15.634,1.19876,1.19895,1.73,2.03
2013.01.17 17:30:15.935,1.19878,1.19895,1.73,1.28
2013.01.17 17:30:16.494,1.19876,1.19895,1.73,2.03
2013.01.17 17:30:16.673,1.19889,1.19903,1.50,1.88
2013.01.17 17:30:16.734,1.19888,1.19904,1.73,2.25
2013.01.17 17:30:17.094,1.19884,1.19896,2.85,1.50
2013.01.17 17:30:17.153,1.19878,1.19892,1.50,1.65
2013.01.17 17:30:17.715,1.19874,1.19892,1.73,1.88
2013.01.17 17:30:17.774,1.19874,1.19892,1.73,1.88
2013.01.17 17:30:17.955,1.1987,1.19885,1.73,1.13
2013.01.17 17:30:18.025,1.19869,1.1988,1.73,3.75
2013.01.17 17:30:18.383,1.19868,1.19874,1.07,1.50
2013.01.17 17:30:18.686,1.19871,1.19879,1.07,1.65
2013.01.17 17:30:18.748,1.19871,1.19884,1.07,2.25
2013.01.17 17:30:18.816,1.19872,1.19881,1.50,1.73
2013.01.17 17:30:19.005,1.19874,1.1989,1.35,2.25
2013.01.17 17:30:19.304,1.19883,1.19893,1.50,3.23
2013.01.17 17:30:19.553,1.19888,1.19903,2.85,2.25
2013.01.17 17:30:20.162,1.19889,1.19905,1.73,1.65
2013.01.17 17:30:20.523,1.19889,1.19905,1.50,1.88
2013.01.17 17:30:21.045,1.19889,1.19905,1.50,1.88
2013.01.17 17:30:21.514,1.19898,1.19905,1.50,1.13
2013.01.17 17:30:21.874,1.19897,1.19906,3.00,1.13
2013.01.17 17:30:22.233,1.19897,1.19905,3.00,1.73
2013.01.17 17:30:22.474,1.19889,1.19905,3.98,1.73
2013.01.17 17:30:22.654,1.19893,1.19906,1.50,1.88
2013.01.17 17:30:22.835,1.19894,1.19908,1.88,1.05
2013.01.17 17:30:22.953,1.19895,1.19911,1.50,1.20
2013.01.17 17:30:23.074,1.19897,1.19911,1.32,1.50
2013.01.17 17:30:23.133,1.19897,1.19911,1.32,1.65
2013.01.17 17:30:23.493,1.199,1.19915,2.07,4.58
2013.01.17 17:30:23.556,1.199,1.19913,2.07,2.48
2013.01.17 17:30:24.030,1.19898,1.19908,1.50,1.05
2013.01.17 17:30:24.106,1.19897,1.1991,2.25,1.35
2013.01.17 17:30:24.623,1.19898,1.19913,1.32,2.48
2013.01.17 17:30:24.924,1.199,1.19914,1.32,3.23
2013.01.17 17:30:25.225,1.19902,1.19918,1.32,1.50
2013.01.17 17:30:25.404,1.199,1.19915,1.50,1.50
2013.01.17 17:30:25.524,1.19903,1.19919,3.75,2.03
2013.01.17 17:30:25.704,1.19904,1.19917,2.07,1.50
2013.01.17 17:30:25.763,1.19904,1.1992,2.25,2.25
2013.01.17 17:30:25.883,1.19902,1.19919,3.75,1.13
2013.01.17 17:30:26.446,1.19901,1.19914,3.90,1.50
2013.01.17 17:30:26.523,1.19904,1.19918,1.50,1.73
2013.01.17 17:30:26.763,1.19905,1.1992,2.25,1.50
2013.01.17 17:30:27.184,1.1991,1.1992,1.50,1.50
2013.01.17 17:30:27.545,1.19916,1.19923,1.88,1.50
2013.01.17 17:30:27.606,1.19916,1.1993,1.13,2.48
2013.01.17 17:30:27.735,1.19916,1.1993,1.13,1.50
2013.01.17 17:30:27.796,1.19916,1.19933,1.13,3.23
2013.01.17 17:30:27.854,1.19916,1.19933,1.13,1.73
2013.01.17 17:30:28.277,1.1992,1.19934,1.50,1.73
2013.01.17 17:30:28.703,1.19919,1.19934,3.60,3.23
2013.01.17 17:30:28.824,1.19922,1.19934,1.50,3.00
2013.01.17 17:30:29.125,1.19915,1.19928,2.25,1.88
2013.01.17 17:30:29.245,1.19912,1.19919,1.50,3.00
2013.01.17 17:30:29.363,1.19914,1.19919,1.50,1.50
2013.01.17 17:30:29.487,1.19915,1.19921,1.50,1.50
2013.01.17 17:30:29.734,1.19912,1.19924,1.50,2.25
2013.01.17 17:30:29.794,1.1991,1.19924,1.50,2.25
2013.01.17 17:30:29.855,1.1991,1.19924,1.73,2.25
2013.01.17 17:30:30.284,1.19909,1.19923,1.88,1.50
2013.01.17 17:30:30.345,1.19909,1.1992,1.13,1.50
2013.01.17 17:30:30.524,1.19904,1.19915,1.35,2.25
2013.01.17 17:30:30.584,1.19901,1.19913,2.63,1.50
2013.01.17 17:30:30.704,1.199,1.19913,1.13,1.50
2013.01.17 17:30:30.764,1.19899,1.19914,1.35,2.25
2013.01.17 17:30:31.245,1.19907,1.19914,3.60,3.23
2013.01.17 17:30:31.317,1.19907,1.19914,4.35,3.23
2013.01.17 17:30:31.383,1.19908,1.19918,1.13,1.73
2013.01.17 17:30:31.745,1.19908,1.19923,1.88,1.73
2013.01.17 17:30:31.864,1.19907,1.19919,2.40,1.50
2013.01.17 17:30:32.224,1.19911,1.19923,1.50,1.73
2013.01.17 17:30:32.584,1.19911,1.19925,2.55,1.50
2013.01.17 17:30:32.834,1.19914,1.19927,1.05,1.50
2013.01.17 17:30:33.074,1.19915,1.19925,1.65,1.50
2013.01.17 17:30:33.434,1.1991,1.19927,3.04,1.50
2013.01.17 17:30:33.493,1.19911,1.19926,1.05,1.50
2013.01.17 17:30:33.554,1.19912,1.19926,1.30,1.50
2013.01.17 17:30:33.615,1.19911,1.19926,2.48,1.50
2013.01.17 17:30:33.915,1.1991,1.19923,2.48,1.50
2013.01.17 17:30:34.094,1.19911,1.19927,1.88,1.50
2013.01.17 17:30:34.153,1.19911,1.19929,3.23,3.00
2013.01.17 17:30:34.274,1.19915,1.19929,2.10,3.00
2013.01.17 17:30:34.637,1.19915,1.19927,2.10,3.38
2013.01.17 17:30:35.282,1.19904,1.19918,1.50,2.48
2013.01.17 17:30:35.425,1.19904,1.1992,2.25,1.28
2013.01.17 17:30:35.555,1.19905,1.19921,1.73,1.65
2013.01.17 17:30:35.734,1.19903,1.19917,1.88,1.65
2013.01.17 17:30:35.913,1.19902,1.19916,1.50,2.25
2013.01.17 17:30:35.974,1.19898,1.19912,3.60,1.50
2013.01.17 17:30:36.574,1.19895,1.19912,1.95,2.40
2013.01.17 17:30:36.874,1.19896,1.19913,1.73,2.25
2013.01.17 17:30:37.354,1.19896,1.19914,3.23,2.40
2013.01.17 17:30:37.818,1.19898,1.19914,1.50,2.63
2013.01.17 17:30:38.124,1.19898,1.19911,1.50,1.88
2013.01.17 17:30:38.616,1.19896,1.19912,1.50,2.63
2013.01.17 17:30:38.976,1.19907,1.19916,1.50,1.50
2013.01.17 17:30:39.167,1.199,1.19917,1.65,1.73
2013.01.17 17:30:39.475,1.19901,1.19916,1.13,2.10
2013.01.17 17:30:39.834,1.19904,1.19916,2.25,1.73
2013.01.17 17:30:40.073,1.19905,1.19923,3.00,1.88
2013.01.17 17:30:40.134,1.19909,1.19923,1.50,2.85
2013.01.17 17:30:40.496,1.1991,1.19925,1.88,1.58
2013.01.17 17:30:40.614,1.1991,1.19925,1.73,1.58
2013.01.17 17:30:40.734,1.19909,1.19924,1.50,1.58
2013.01.17 17:30:40.974,1.19909,1.19921,1.50,1.58
2013.01.17 17:30:41.034,1.19907,1.19921,2.10,1.58
2013.01.17 17:30:41.454,1.19911,1.19921,1.50,2.33
2013.01.17 17:30:41.755,1.19915,1.19928,1.50,1.50
2013.01.17 17:30:41.874,1.19915,1.19929,1.50,1.50
2013.01.17 17:30:41.934,1.19915,1.1993,1.50,5.48
2013.01.17 17:30:41.994,1.19916,1.19933,1.50,1.73
2013.01.17 17:30:42.114,1.19917,1.19933,1.28,1.73
2013.01.17 17:30:42.415,1.19917,1.19935,4.28,3.98
2013.01.17 17:30:42.543,1.19917,1.19933,2.78,2.25
2013.01.17 17:30:42.855,1.19917,1.19931,1.28,1.50
2013.01.17 17:30:43.362,1.19917,1.19932,1.28,1.50
2013.01.17 17:30:43.983,1.19917,1.19931,1.28,1.50
2013.01.17 17:30:44.184,1.19916,1.19934,3.15,3.23
2013.01.17 17:30:44.724,1.19922,1.19935,1.50,3.98
2013.01.17 17:30:44.904,1.19925,1.19939,1.50,1.35
2013.01.17 17:30:45.443,1.19925,1.1994,1.50,3.38
2013.01.17 17:30:45.503,1.19925,1.1994,1.50,2.10
2013.01.17 17:30:45.743,1.19924,1.19941,3.00,2.25
2013.01.17 17:30:45.924,1.19926,1.19941,1.73,1.88
2013.01.17 17:30:46.225,1.19929,1.19943,2.48,1.50
2013.01.17 17:30:46.584,1.19929,1.19943,1.88,1.73
2013.01.17 17:30:46.644,1.19929,1.19943,1.88,1.73
2013.01.17 17:30:46.763,1.1993,1.19943,1.50,1.73
2013.01.17 17:30:47.066,1.19926,1.1994,2.07,1.13
2013.01.17 17:30:47.494,1.19925,1.19938,2.44,3.23
2013.01.17 17:30:47.735,1.19925,1.19938,1.50,3.23
2013.01.17 17:30:48.275,1.19921,1.19935,1.13,1.88
2013.01.17 17:30:48.653,1.1992,1.19935,1.88,1.73
2013.01.17 17:30:49.195,1.19919,1.19932,1.13,1.73
2013.01.17 17:30:49.314,1.1992,1.1993,2.85,1.73
2013.01.17 17:30:49.434,1.19918,1.19933,1.65,1.38
2013.01.17 17:30:49.674,1.19919,1.19933,3.75,1.32
2013.01.17 17:30:49.743,1.19919,1.19934,3.75,2.48
2013.01.17 17:30:50.623,1.19919,1.19932,2.10,5.48
2013.01.17 17:30:50.683,1.19916,1.19932,4.32,5.48
2013.01.17 17:30:50.743,1.19912,1.19927,2.25,2.48
2013.01.17 17:30:50.923,1.19911,1.19925,2.40,1.50
2013.01.17 17:30:51.283,1.19923,1.19933,1.50,2.84
2013.01.17 17:30:51.344,1.19921,1.19933,1.50,2.48
2013.01.17 17:30:51.525,1.19925,1.19933,1.50,1.50
2013.01.17 17:30:51.646,1.19924,1.19931,1.50,1.50
2013.01.17 17:30:52.214,1.19922,1.19936,1.50,3.98
2013.01.17 17:30:53.184,1.1992,1.19931,1.50,1.73
2013.01.17 17:30:53.303,1.19922,1.19933,1.50,1.50
2013.01.17 17:30:53.603,1.1992,1.19932,1.13,1.73
2013.01.17 17:30:53.664,1.19921,1.19932,1.13,1.50
2013.01.17 17:30:53.904,1.19919,1.19932,1.50,1.73
2013.01.17 17:30:54.083,1.19917,1.19932,2.25,1.73
2013.01.17 17:30:54.383,1.19915,1.1993,2.40,2.48
2013.01.17 17:30:54.503,1.19913,1.19927,3.23,1.50
2013.01.17 17:30:54.864,1.19913,1.19925,1.13,1.73
2013.01.17 17:30:55.671,1.19912,1.1992,2.25,1.73
2013.01.17 17:30:55.749,1.19905,1.19919,2.40,1.35
2013.01.17 17:30:55.830,1.19908,1.19919,1.88,1.35
2013.01.17 17:30:56.016,1.19912,1.19925,3.75,1.73
2013.01.17 17:30:56.195,1.19912,1.19926,4.50,2.10
2013.01.17 17:30:56.254,1.19912,1.19926,1.50,1.73
2013.01.17 17:30:56.435,1.19914,1.1993,3.15,1.73
2013.01.17 17:30:56.493,1.19914,1.1993,3.15,1.73
2013.01.17 17:30:56.803,1.19913,1.19929,1.50,1.20
2013.01.17 17:30:57.044,1.19913,1.1993,2.10,2.91
2013.01.17 17:30:57.164,1.19915,1.1993,2.40,1.89
2013.01.17 17:30:57.404,1.19913,1.19926,1.50,1.73
2013.01.17 17:30:57.943,1.19916,1.19929,1.50,2.16
2013.01.17 17:30:58.003,1.19916,1.19929,1.50,2.16
2013.01.17 17:30:58.063,1.1992,1.19929,1.35,1.50
2013.01.17 17:30:58.364,1.19922,1.19931,3.98,1.50
2013.01.17 17:30:58.484,1.19926,1.19937,1.65,1.50
2013.01.17 17:30:58.666,1.19928,1.19941,1.13,1.50
2013.01.17 17:30:58.795,1.19929,1.19943,2.25,1.73
2013.01.17 17:30:59.154,1.19937,1.19946,2.63,1.93
2013.01.17 17:30:59.334,1.19936,1.19952,4.73,1.18
2013.01.17 17:30:59.393,1.19936,1.19952,4.73,1.18
2013.01.17 17:30:59.513,1.19936,1.19952,4.73,1.73
2013.01.17 17:30:59.865,1.19936,1.1995,4.73,1.73
2013.01.17 17:31:00.047,1.1994,1.1995,1.50,1.73
2013.01.17 17:31:00.548,1.1994,1.19953,1.50,2.48
2013.01.17 17:31:00.864,1.19946,1.19956,1.50,1.50
2013.01.17 17:31:00.925,1.19944,1.19956,1.50,1.73
2013.01.17 17:31:01.044,1.19942,1.19956,3.00,1.73
2013.01.17 17:31:01.104,1.19942,1.19956,1.50,1.73
2013.01.17 17:31:01.525,1.19945,1.19956,1.65,1.50
2013.01.17 17:31:01.584,1.19946,1.19956,1.50,1.50
2013.01.17 17:31:01.883,1.19949,1.19962,1.65,1.73
2013.01.17 17:31:02.063,1.19948,1.19962,1.28,1.73
2013.01.17 17:31:02.125,1.19948,1.19965,1.28,2.48
2013.01.17 17:31:02.303,1.19948,1.19965,1.13,2.48
2013.01.17 17:31:02.604,1.19949,1.1997,4.50,3.00
2013.01.17 17:31:02.787,1.19951,1.19964,2.25,1.73
2013.01.17 17:31:02.914,1.19952,1.19967,1.88,2.73
2013.01.17 17:31:03.035,1.19951,1.19967,1.50,2.33
2013.01.17 17:31:03.154,1.19951,1.19964,1.50,1.56
2013.01.17 17:31:03.215,1.19948,1.19963,1.50,1.65
2013.01.17 17:31:03.277,1.19948,1.1996,1.50,1.50
2013.01.17 17:31:03.406,1.19953,1.19964,1.50,2.16
2013.01.17 17:31:03.477,1.19954,1.19964,1.50,2.16
2013.01.17 17:31:03.905,1.19953,1.19965,1.50,1.13
2013.01.17 17:31:03.964,1.19954,1.19963,1.50,2.48
2013.01.17 17:31:04.024,1.19951,1.19961,1.50,1.73
2013.01.17 17:31:04.323,1.19949,1.19963,2.25,2.48
2013.01.17 17:31:04.443,1.19947,1.19963,1.50,2.48
2013.01.17 17:31:05.262,1.19944,1.19956,1.50,1.88
2013.01.17 17:31:05.352,1.19946,1.19961,2.25,1.35
2013.01.17 17:31:05.673,1.19946,1.19961,1.50,1.35
2013.01.17 17:31:06.154,1.19945,1.19958,1.50,2.52
2013.01.17 17:31:06.274,1.19945,1.19958,1.50,2.66
2013.01.17 17:31:06.394,1.1994,1.19958,3.15,2.66
2013.01.17 17:31:06.694,1.19941,1.19958,3.15,1.50
2013.01.17 17:31:07.054,1.19945,1.19959,2.40,1.94
2013.01.17 17:31:07.174,1.19955,1.19966,6.75,1.29
2013.01.17 17:31:07.715,1.19957,1.19971,3.00,1.45
2013.01.17 17:31:08.225,1.1996,1.19975,1.50,1.45
2013.01.17 17:31:09.303,1.1996,1.19976,1.50,3.33
2013.01.17 17:31:10.655,1.19959,1.19975,2.48,2.20
2013.01.17 17:31:10.716,1.19962,1.19975,1.50,1.98
2013.01.17 17:31:10.845,1.19961,1.19975,3.00,2.07
2013.01.17 17:31:10.964,1.19961,1.19977,3.00,2.79
2013.01.17 17:31:11.204,1.19963,1.19977,1.50,2.88
2013.01.17 17:31:11.324,1.19963,1.19974,1.50,2.09
2013.01.17 17:31:11.444,1.19958,1.19975,2.25,1.94
2013.01.17 17:31:11.566,1.1996,1.19975,3.15,1.35
2013.01.17 17:31:11.743,1.19962,1.19976,1.50,1.73
2013.01.17 17:31:11.923,1.1996,1.19974,2.25,1.73
2013.01.17 17:31:12.344,1.19962,1.19978,1.50,2.02
2013.01.17 17:31:12.645,1.19964,1.19981,2.25,1.73
2013.01.17 17:31:12.906,1.19964,1.1998,3.75,1.41
2013.01.17 17:31:13.023,1.19962,1.19979,3.75,2.27
2013.01.17 17:31:13.510,1.19965,1.19981,1.13,1.73
2013.01.17 17:31:13.574,1.19965,1.19981,1.13,2.91
2013.01.17 17:31:14.444,1.19961,1.19974,1.50,1.73
2013.01.17 17:31:14.572,1.1996,1.19972,3.00,1.73
2013.01.17 17:31:14.634,1.19959,1.1997,5.25,1.73
2013.01.17 17:31:14.764,1.19957,1.1997,1.50,1.73
2013.01.17 17:31:14.884,1.19954,1.1997,1.88,1.73
2013.01.17 17:31:15.624,1.19956,1.1997,1.50,1.35
2013.01.17 17:31:16.283,1.19957,1.19971,1.50,1.73
2013.01.17 17:31:16.595,1.19959,1.19971,4.73,1.73
2013.01.17 17:31:16.655,1.19966,1.19977,1.65,1.28
2013.01.17 17:31:16.775,1.19965,1.1998,1.13,2.85
2013.01.17 17:31:16.955,1.19965,1.19979,1.13,1.20
2013.01.17 17:31:17.135,1.19962,1.19973,1.50,1.35
2013.01.17 17:31:17.194,1.19959,1.19973,5.25,1.35
2013.01.17 17:31:17.254,1.19959,1.19973,3.75,1.35
2013.01.17 17:31:17.454,1.19958,1.19969,1.50,1.73
2013.01.17 17:31:17.633,1.19957,1.19969,1.50,2.85
2013.01.17 17:31:17.874,1.19956,1.19967,1.50,2.48
2013.01.17 17:31:18.234,1.19957,1.19971,1.50,1.73
2013.01.17 17:31:18.593,1.19958,1.19972,2.25,1.35
2013.01.17 17:31:18.653,1.19957,1.19972,1.50,1.35
2013.01.17 17:31:20.533,1.19958,1.19973,1.50,2.48
2013.01.17 17:31:21.686,1.19961,1.19973,2.25,1.50
2013.01.17 17:31:22.390,1.19961,1.19976,3.75,1.35
2013.01.17 17:31:22.470,1.19961,1.19975,2.25,2.10
2013.01.17 17:31:22.874,1.19961,1.19976,2.25,1.35
2013.01.17 17:31:23.116,1.19957,1.19973,3.15,1.35
2013.01.17 17:31:23.626,1.19958,1.19972,1.65,1.13
2013.01.17 17:31:23.813,1.19958,1.19972,3.90,1.13
2013.01.17 17:31:24.805,1.19961,1.19974,1.50,1.35
2013.01.17 17:31:25.348,1.19959,1.19975,2.25,3.23
2013.01.17 17:31:25.654,1.19957,1.19971,2.25,1.73
2013.01.17 17:31:25.715,1.19957,1.19973,2.40,2.48
2013.01.17 17:31:25.836,1.1996,1.19972,1.65,1.35
2013.01.17 17:31:25.964,1.19962,1.19974,1.50,2.10
2013.01.17 17:31:26.914,1.19959,1.19973,4.65,1.35
2013.01.17 17:31:27.683,1.19959,1.19972,4.65,1.50
2013.01.17 17:31:27.994,1.19959,1.19971,2.25,2.25
2013.01.17 17:31:28.295,1.19955,1.19964,3.75,2.48
2013.01.17 17:31:28.716,1.19947,1.19959,3.15,1.73
2013.01.17 17:31:29.035,1.19947,1.19958,2.25,3.00
2013.01.17 17:31:29.094,1.19943,1.19956,3.75,2.25
2013.01.17 17:31:29.155,1.19943,1.19956,3.15,3.23
2013.01.17 17:31:29.214,1.19942,1.19954,1.65,1.73
2013.01.17 17:31:29.394,1.19943,1.19956,1.65,5.85
2013.01.17 17:31:29.574,1.19942,1.19952,1.50,1.73
2013.01.17 17:31:29.634,1.1994,1.19952,2.85,2.48
2013.01.17 17:31:29.874,1.19929,1.19949,1.50,2.48
2013.01.17 17:31:29.934,1.19933,1.19947,1.50,1.73
2013.01.17 17:31:29.994,1.19932,1.19947,1.65,2.29
2013.01.17 17:31:30.503,1.19932,1.19947,1.50,3.04
2013.01.17 17:31:30.574,1.19928,1.19942,1.50,1.73
2013.01.17 17:31:31.113,1.19928,1.19944,1.50,1.73
2013.01.17 17:31:31.533,1.19928,1.19942,1.50,1.73
2013.01.17 17:31:32.074,1.19929,1.19943,1.50,2.48
2013.01.17 17:31:32.738,1.19928,1.19944,1.13,1.73
2013.01.17 17:31:33.253,1.19928,1.19944,2.03,1.73
2013.01.17 17:31:33.313,1.19928,1.19945,2.03,3.98
2013.01.17 17:31:33.495,1.19928,1.19943,1.88,1.73
2013.01.17 17:31:33.833,1.19925,1.19941,1.13,1.50
2013.01.17 17:31:34.584,1.19929,1.19941,1.88,1.50
2013.01.17 17:31:34.703,1.19928,1.19945,2.63,1.50
2013.01.17 17:31:34.763,1.19931,1.19947,1.13,1.88
2013.01.17 17:31:34.825,1.19931,1.19947,1.13,1.13
2013.01.17 17:31:34.944,1.19932,1.19948,3.75,3.00
2013.01.17 17:31:35.065,1.19933,1.19948,3.98,1.50
2013.01.17 17:31:35.185,1.19937,1.19951,1.73,3.00
2013.01.17 17:31:35.483,1.19937,1.19949,2.48,1.50
2013.01.17 17:31:35.784,1.19941,1.19955,1.65,1.73
2013.01.17 17:31:35.903,1.19942,1.19957,3.00,2.48
2013.01.17 17:31:36.118,1.19942,1.19957,3.75,2.48
2013.01.17 17:31:36.693,1.19943,1.19957,2.40,1.73
2013.01.17 17:31:36.813,1.19946,1.19957,1.50,1.73
2013.01.17 17:31:37.354,1.19949,1.1996,1.50,1.50
2013.01.17 17:31:37.474,1.19946,1.19953,1.50,1.50
2013.01.17 17:31:37.594,1.1994,1.19952,2.25,1.50
2013.01.17 17:31:37.714,1.19935,1.19951,1.50,2.48
2013.01.17 17:31:38.216,1.19936,1.19953,2.63,1.50
2013.01.17 17:31:38.724,1.19936,1.19953,1.13,3.00
2013.01.17 17:31:38.784,1.19935,1.1995,1.50,2.25
2013.01.17 17:31:39.083,1.19932,1.19949,1.50,3.00
2013.01.17 17:31:39.643,1.19931,1.19949,2.25,3.00
2013.01.17 17:31:40.197,1.1993,1.19948,2.48,3.38
2013.01.17 17:31:40.955,1.1993,1.19947,2.25,1.13
2013.01.17 17:31:41.085,1.19928,1.19944,1.73,2.25
2013.01.17 17:31:41.503,1.19926,1.19943,2.63,1.50
2013.01.17 17:31:41.563,1.19926,1.19943,1.88,2.25
2013.01.17 17:31:42.103,1.19926,1.19942,2.48,2.25
2013.01.17 17:31:42.643,1.19926,1.19942,2.33,2.25
2013.01.17 17:31:43.143,1.19923,1.1994,4.73,1.13
2013.01.17 17:31:43.664,1.19923,1.1994,3.00,3.60
2013.01.17 17:31:44.805,1.19923,1.1994,3.75,3.60
2013.01.17 17:31:44.872,1.19922,1.19938,1.50,1.13
2013.01.17 17:31:44.942,1.1992,1.19938,1.88,3.38
2013.01.17 17:31:45.363,1.19919,1.19938,2.10,3.38
2013.01.17 17:31:45.805,1.19919,1.19934,1.50,2.82
2013.01.17 17:31:46.105,1.19911,1.19929,1.50,1.73
2013.01.17 17:31:46.356,1.19909,1.19927,8.63,2.48
2013.01.17 17:31:46.613,1.1991,1.19926,6.00,1.73
2013.01.17 17:31:47.154,1.19909,1.19925,1.50,2.25
2013.01.17 17:31:47.514,1.19906,1.19923,1.28,1.52
2013.01.17 17:31:47.883,1.19908,1.19923,1.50,2.31
2013.01.17 17:31:48.303,1.19905,1.19923,3.90,2.31
2013.01.17 17:31:48.544,1.19905,1.19923,3.90,1.73
2013.01.17 17:31:49.235,1.19903,1.19919,1.50,1.50
2013.01.17 17:31:49.299,1.199,1.19915,6.75,2.82
2013.01.17 17:31:49.603,1.19898,1.19915,1.28,2.25
2013.01.17 17:31:49.904,1.199,1.19915,2.40,2.48
2013.01.17 17:31:50.024,1.19902,1.19919,1.28,3.60
2013.01.17 17:31:50.263,1.19904,1.19921,2.10,4.35
2013.01.17 17:31:50.943,1.19906,1.19921,1.35,2.10
2013.01.17 17:31:51.016,1.19905,1.19921,2.25,2.48
2013.01.17 17:31:51.263,1.19908,1.19921,1.35,2.48
2013.01.17 17:31:51.383,1.19908,1.19922,1.35,1.73
2013.01.17 17:31:52.003,1.19908,1.19924,1.35,2.48
2013.01.17 17:31:53.004,1.19909,1.19925,2.25,2.10
2013.01.17 17:31:53.563,1.1991,1.19926,2.25,1.73
2013.01.17 17:31:53.683,1.1991,1.19926,3.00,1.73
2013.01.17 17:31:53.742,1.19911,1.19926,2.25,1.73
2013.01.17 17:31:53.802,1.19913,1.19926,2.25,1.73
2013.01.17 17:31:54.163,1.19913,1.19931,2.25,5.44
2013.01.17 17:31:54.713,1.19913,1.19931,2.25,4.88
2013.01.17 17:31:54.963,1.19917,1.19931,2.25,1.88
2013.01.17 17:31:55.144,1.19919,1.19933,2.25,1.50
2013.01.17 17:31:55.324,1.19916,1.19933,2.25,1.50
2013.01.17 17:31:55.385,1.19915,1.19933,2.25,1.50
2013.01.17 17:31:55.444,1.19918,1.19933,2.25,1.50
2013.01.17 17:31:55.743,1.19914,1.19933,2.25,1.50
2013.01.17 17:31:56.273,1.19913,1.19931,3.00,3.38
2013.01.17 17:31:56.394,1.19912,1.19926,2.85,1.13
2013.01.17 17:31:56.454,1.1991,1.19928,1.50,3.38
2013.01.17 17:31:56.633,1.19911,1.19928,2.63,2.48
2013.01.17 17:31:56.934,1.19911,1.19926,2.63,2.48
2013.01.17 17:31:56.994,1.19912,1.19928,3.00,2.48
2013.01.17 17:31:57.233,1.19915,1.1993,2.25,2.63
2013.01.17 17:31:57.413,1.19911,1.19927,2.63,1.73
2013.01.17 17:31:57.654,1.19911,1.19928,3.75,2.07
2013.01.17 17:31:57.774,1.19911,1.19926,1.50,3.23
2013.01.17 17:31:58.315,1.19912,1.19927,1.50,1.35
2013.01.17 17:31:58.735,1.19911,1.19925,1.50,3.23
2013.01.17 17:31:58.794,1.19911,1.19925,1.50,3.23
2013.01.17 17:31:59.154,1.19914,1.19927,1.50,3.00
2013.01.17 17:31:59.213,1.19914,1.19927,1.50,2.25
2013.01.17 17:31:59.513,1.19912,1.19927,1.50,1.73
2013.01.17 17:31:59.729,1.19912,1.19927,1.50,1.73
2013.01.17 17:31:59.865,1.19909,1.19925,1.13,1.73
2013.01.17 17:32:00.383,1.19907,1.19925,1.50,1.73
2013.01.17 17:32:00.803,1.19908,1.19924,1.50,1.73
2013.01.17 17:32:00.923,1.19908,1.19924,1.50,1.73
2013.01.17 17:32:01.284,1.19911,1.19926,1.50,4.13
2013.01.17 17:32:02.470,1.19907,1.19926,2.25,4.88
2013.01.17 17:32:02.541,1.19913,1.19926,2.25,1.50
2013.01.17 17:32:02.845,1.19916,1.19928,2.25,2.25
2013.01.17 17:32:03.383,1.19916,1.19925,1.50,1.50
2013.01.17 17:32:03.444,1.1991,1.19925,1.50,1.50
2013.01.17 17:32:03.684,1.19908,1.19922,1.50,1.65
2013.01.17 17:32:04.043,1.1991,1.19925,3.00,1.50
2013.01.17 17:32:04.403,1.19914,1.19928,2.25,1.35
2013.01.17 17:32:04.644,1.19915,1.19929,3.00,3.00
2013.01.17 17:32:04.704,1.19915,1.19929,2.25,1.88
2013.01.17 17:32:04.763,1.19914,1.19929,1.50,1.88
2013.01.17 17:32:05.185,1.19914,1.19929,3.00,2.63
2013.01.17 17:32:05.305,1.19914,1.19931,1.50,1.73
2013.01.17 17:32:05.483,1.19914,1.19931,1.50,1.73
2013.01.17 17:32:05.723,1.19913,1.19928,3.75,1.50
2013.01.17 17:32:05.784,1.19912,1.19928,2.25,1.50
2013.01.17 17:32:05.965,1.19912,1.19926,1.50,2.25
2013.01.17 17:32:06.323,1.19913,1.19929,4.50,2.10
2013.01.17 17:32:06.804,1.19916,1.19929,2.25,2.25
2013.01.17 17:32:07.223,1.19916,1.19932,3.00,1.73
2013.01.17 17:32:07.585,1.19917,1.19934,2.25,3.38
2013.01.17 17:32:07.826,1.19919,1.19935,1.13,3.23
2013.01.17 17:32:08.253,1.1992,1.19935,1.50,1.50
2013.01.17 17:32:08.794,1.1992,1.19934,1.50,1.73
2013.01.17 17:32:09.036,1.19922,1.19936,1.88,1.50
2013.01.17 17:32:09.404,1.19919,1.19935,1.50,2.25
2013.01.17 17:32:09.464,1.19919,1.19932,1.50,1.50
2013.01.17 17:32:09.826,1.19917,1.19932,1.88,2.25
2013.01.17 17:32:10.183,1.19915,1.1993,1.50,2.25
2013.01.17 17:32:10.244,1.19914,1.1992,1.50,1.50
2013.01.17 17:32:10.484,1.19906,1.1992,2.85,1.73
2013.01.17 17:32:10.544,1.19906,1.19919,2.10,1.73
2013.01.17 17:32:10.604,1.19901,1.19916,2.63,1.73
2013.01.17 17:32:11.143,1.199,1.19914,2.25,3.38
2013.01.17 17:32:11.204,1.199,1.19914,2.25,3.38
2013.01.17 17:32:11.663,1.19902,1.19913,1.50,1.50
2013.01.17 17:32:11.723,1.19902,1.19914,1.50,1.73
2013.01.17 17:32:11.784,1.19905,1.19914,1.50,1.73
2013.01.17 17:32:12.023,1.19906,1.19919,1.50,1.50
2013.01.17 17:32:12.584,1.19906,1.1992,2.25,2.63
2013.01.17 17:32:13.104,1.19906,1.19919,1.50,1.50
2013.01.17 17:32:13.414,1.19908,1.19919,1.50,1.13
2013.01.17 17:32:13.474,1.19909,1.19922,1.50,3.75
2013.01.17 17:32:13.834,1.19913,1.19922,1.50,1.50
2013.01.17 17:32:13.958,1.19914,1.19927,1.50,1.50
2013.01.17 17:32:14.267,1.1992,1.19929,1.50,1.50
2013.01.17 17:32:14.394,1.19918,1.19929,1.50,1.50
2013.01.17 17:32:14.634,1.19918,1.19931,1.50,1.50
2013.01.17 17:32:14.833,1.1992,1.19932,2.25,1.50
2013.01.17 17:32:15.347,1.1992,1.19933,1.73,1.50
2013.01.17 17:32:15.853,1.1992,1.19933,2.48,1.50
2013.01.17 17:32:15.914,1.1992,1.19933,1.73,1.50
2013.01.17 17:32:16.034,1.19917,1.19929,2.10,1.50
2013.01.17 17:32:16.154,1.19917,1.19929,1.35,1.50
2013.01.17 17:32:16.794,1.19914,1.19929,1.73,1.65
2013.01.17 17:32:16.973,1.19913,1.19927,1.73,1.13
2013.01.17 17:32:17.813,1.19913,1.19927,1.73,3.00
2013.01.17 17:32:17.873,1.19913,1.19927,1.73,3.00
2013.01.17 17:32:18.354,1.19914,1.19926,1.73,1.88
2013.01.17 17:32:18.413,1.19914,1.19923,1.50,1.88
2013.01.17 17:32:18.594,1.1991,1.19923,1.73,1.50
2013.01.17 17:32:18.653,1.1991,1.19923,1.73,1.88
2013.01.17 17:32:18.774,1.19909,1.19923,1.73,1.13
2013.01.17 17:32:18.834,1.19908,1.19922,1.73,1.13
2013.01.17 17:32:18.894,1.19908,1.19921,1.73,1.50
2013.01.17 17:32:19.133,1.19906,1.19921,1.73,1.50
2013.01.17 17:32:19.705,1.19905,1.19921,1.73,3.00
2013.01.17 17:32:20.044,1.19909,1.19921,1.73,3.00
2013.01.17 17:32:20.484,1.19911,1.19922,1.73,1.13
2013.01.17 17:32:20.544,1.19911,1.19921,1.73,1.13
2013.01.17 17:32:21.083,1.19913,1.19923,1.73,1.13
2013.01.17 17:32:21.263,1.19915,1.19923,1.50,1.13
2013.01.17 17:32:21.954,1.19916,1.19923,1.50,1.13
2013.01.17 17:32:22.075,1.19916,1.19927,1.50,1.50
2013.01.17 17:32:23.244,1.19918,1.19927,2.25,2.25
2013.01.17 17:32:23.561,1.19918,1.19931,2.48,1.88
2013.01.17 17:32:24.223,1.19919,1.19931,2.48,1.13
2013.01.17 17:32:24.767,1.19918,1.1993,1.35,1.50
2013.01.17 17:32:25.083,1.19918,1.19929,1.13,2.25
2013.01.17 17:32:25.444,1.19918,1.19931,1.35,2.25
2013.01.17 17:32:25.624,1.19915,1.19931,1.88,2.48
2013.01.17 17:32:25.806,1.19914,1.1993,1.50,1.73
2013.01.17 17:32:25.867,1.19915,1.1993,1.13,1.73
2013.01.17 17:32:25.994,1.19915,1.19929,1.88,1.73
2013.01.17 17:32:26.175,1.19915,1.19931,1.88,2.48
2013.01.17 17:32:26.804,1.1992,1.19933,2.40,2.48
2013.01.17 17:32:26.864,1.19924,1.19936,2.25,1.73
2013.01.17 17:32:27.324,1.19924,1.19939,2.85,3.23
2013.01.17 17:32:27.393,1.19924,1.19941,2.85,1.73
2013.01.17 17:32:27.573,1.19924,1.19935,2.10,1.73
2013.01.17 17:32:27.874,1.19923,1.19932,1.13,2.48
2013.01.17 17:32:27.996,1.19923,1.19934,1.13,1.50
2013.01.17 17:32:28.054,1.19923,1.19939,1.13,2.48
2013.01.17 17:32:28.234,1.19924,1.19937,2.25,2.48
2013.01.17 17:32:28.953,1.19923,1.19936,1.13,2.48
2013.01.17 17:32:29.315,1.19923,1.19936,1.13,1.73
2013.01.17 17:32:30.115,1.19924,1.1994,3.00,1.73
2013.01.17 17:32:30.674,1.19925,1.19941,1.50,3.23
2013.01.17 17:32:31.303,1.19925,1.19941,1.50,3.23
2013.01.17 17:32:31.694,1.19925,1.19941,1.50,3.23
2013.01.17 17:32:31.995,1.19923,1.19937,2.25,1.76
2013.01.17 17:32:32.055,1.19923,1.19934,1.50,2.48
2013.01.17 17:32:32.416,1.19923,1.19939,2.25,3.23
2013.01.17 17:32:32.484,1.19926,1.19939,1.35,1.73
2013.01.17 17:32:32.545,1.19926,1.1994,1.35,2.10
2013.01.17 17:32:32.606,1.1993,1.1994,2.25,1.73
2013.01.17 17:32:32.963,1.19927,1.19942,1.50,2.48
2013.01.17 17:32:33.203,1.19927,1.19941,1.50,2.48
2013.01.17 17:32:33.338,1.19928,1.19941,1.50,2.48
2013.01.17 17:32:33.703,1.19929,1.19945,4.50,1.35
2013.01.17 17:32:33.764,1.19929,1.19945,4.50,1.35
2013.01.17 17:32:34.124,1.19929,1.19936,2.25,2.48
2013.01.17 17:32:34.185,1.19924,1.19936,1.88,2.48
2013.01.17 17:32:34.736,1.19924,1.19938,2.25,2.48
2013.01.17 17:32:35.414,1.19924,1.19938,2.25,2.48
2013.01.17 17:32:36.864,1.19922,1.19935,3.00,2.48
2013.01.17 17:32:37.285,1.1992,1.19938,3.00,4.13
2013.01.17 17:32:37.824,1.19923,1.19934,2.25,1.73
2013.01.17 17:32:38.062,1.19918,1.19937,1.50,2.48
2013.01.17 17:32:39.234,1.19919,1.19937,1.50,2.25
2013.01.17 17:32:39.880,1.1992,1.19938,4.50,4.13
2013.01.17 17:32:40.764,1.19921,1.19936,2.40,2.48
2013.01.17 17:32:41.123,1.19926,1.19939,3.38,2.48
2013.01.17 17:32:41.635,1.19927,1.19938,2.25,1.50
2013.01.17 17:32:42.207,1.19927,1.19937,2.25,1.50
2013.01.17 17:32:43.293,1.19927,1.19939,2.25,1.50
2013.01.17 17:32:44.033,1.19927,1.19941,2.25,3.23
2013.01.17 17:32:44.384,1.1993,1.19941,1.65,1.73
2013.01.17 17:32:44.760,1.1993,1.19941,1.50,1.73
2013.01.17 17:32:44.825,1.19927,1.19941,2.25,3.23
2013.01.17 17:32:45.453,1.19926,1.19941,2.63,3.23
2013.01.17 17:32:47.153,1.19926,1.19941,1.88,1.73
2013.01.17 17:32:47.572,1.19926,1.1994,1.50,1.09
2013.01.17 17:32:47.753,1.19928,1.1994,1.50,1.24
2013.01.17 17:32:48.424,1.19928,1.1994,2.25,1.50
2013.01.17 17:32:48.863,1.19925,1.1994,1.50,3.00
2013.01.17 17:32:49.044,1.19925,1.1994,1.50,3.23
2013.01.17 17:32:49.404,1.1992,1.19933,1.50,1.13
2013.01.17 17:32:49.523,1.1992,1.19934,1.50,2.63
2013.01.17 17:32:49.644,1.19919,1.19934,2.25,2.63
2013.01.17 17:32:50.603,1.19919,1.19934,1.50,3.23
2013.01.17 17:32:51.204,1.19918,1.19934,2.63,1.13
2013.01.17 17:32:51.264,1.19918,1.19934,2.63,1.13
2013.01.17 17:32:51.833,1.19918,1.19933,1.13,1.73
2013.01.17 17:32:52.193,1.19919,1.19933,3.00,1.73
2013.01.17 17:32:52.253,1.19919,1.19934,3.75,2.48
2013.01.17 17:32:52.753,1.1992,1.19938,3.90,3.23
2013.01.17 17:32:52.874,1.19924,1.19938,2.25,3.23
2013.01.17 17:32:53.075,1.19924,1.19938,3.00,2.48
2013.01.17 17:32:53.314,1.19928,1.1994,1.50,1.88
2013.01.17 17:32:53.854,1.19926,1.1994,3.00,1.73
2013.01.17 17:32:54.743,1.19926,1.19942,3.00,1.65
2013.01.17 17:32:55.706,1.19927,1.19943,1.50,2.40
2013.01.17 17:32:55.780,1.19926,1.19942,2.10,2.40
2013.01.17 17:32:58.483,1.19928,1.19943,1.35,2.25
2013.01.17 17:32:58.543,1.1993,1.19945,2.38,1.50
2013.01.17 17:32:58.664,1.1993,1.19943,1.73,1.50
2013.01.17 17:32:58.784,1.19929,1.19943,3.75,1.65
2013.01.17 17:32:58.907,1.19928,1.19942,2.85,1.50
2013.01.17 17:32:59.275,1.19927,1.19943,2.48,3.15
2013.01.17 17:32:59.623,1.19926,1.19941,2.10,1.50
2013.01.17 17:33:00.181,1.19927,1.19941,1.73,1.50
2013.01.17 17:33:00.725,1.19927,1.19941,1.73,1.50
2013.01.17 17:33:00.843,1.19924,1.19939,2.48,1.50
2013.01.17 17:33:00.964,1.19925,1.19939,3.23,1.50
2013.01.17 17:33:01.324,1.19924,1.19938,1.73,2.25
2013.01.17 17:33:01.625,1.19936,1.19942,2.25,1.50
2013.01.17 17:33:01.684,1.19936,1.19947,2.25,1.65
2013.01.17 17:33:01.743,1.19934,1.19947,1.50,1.65
2013.01.17 17:33:02.299,1.19932,1.19945,1.73,2.25
2013.01.17 17:33:03.944,1.19935,1.19947,3.75,3.00
2013.01.17 17:33:04.124,1.19941,1.1995,1.50,1.50
2013.01.17 17:33:04.185,1.19941,1.19954,1.50,1.50
2013.01.17 17:33:04.244,1.19941,1.19955,1.50,1.28
2013.01.17 17:33:04.424,1.19942,1.19956,1.73,2.25
2013.01.17 17:33:04.603,1.19943,1.19958,3.60,1.50
2013.01.17 17:33:04.854,1.19943,1.1996,3.60,3.00
2013.01.17 17:33:05.174,1.19943,1.19958,2.85,1.50
2013.01.17 17:33:05.709,1.19943,1.19958,1.13,2.25
2013.01.17 17:33:06.094,1.19943,1.19959,1.13,1.50
2013.01.17 17:33:06.273,1.19947,1.19963,2.48,3.00
2013.01.17 17:33:06.754,1.19949,1.19963,1.50,1.50
2013.01.17 17:33:07.115,1.19956,1.19968,1.50,1.73
2013.01.17 17:33:07.417,1.19959,1.19973,1.50,1.73
2013.01.17 17:33:07.487,1.19963,1.19974,1.50,1.73
2013.01.17 17:33:07.547,1.19961,1.19974,1.50,1.50
2013.01.17 17:33:07.795,1.1997,1.19982,1.50,1.80
2013.01.17 17:33:07.974,1.19969,1.19983,1.50,1.65
2013.01.17 17:33:08.513,1.19971,1.19984,1.43,1.88
2013.01.17 17:33:09.096,1.19971,1.19984,2.18,1.88
2013.01.17 17:33:09.604,1.19971,1.19984,2.18,1.88
2013.01.17 17:33:09.787,1.19974,1.19985,1.50,1.13
2013.01.17 17:33:10.355,1.19974,1.19986,1.50,2.63
2013.01.17 17:33:10.564,1.19971,1.19985,1.50,2.10
2013.01.17 17:33:11.104,1.19973,1.19985,1.43,2.10
2013.01.17 17:33:11.454,1.19969,1.19982,2.18,1.13
2013.01.17 17:33:11.574,1.19971,1.19982,1.43,1.88
2013.01.17 17:33:11.634,1.19974,1.19982,1.43,1.13
2013.01.17 17:33:11.756,1.19974,1.19982,2.18,1.13
2013.01.17 17:33:12.351,1.19974,1.19984,2.18,1.13
2013.01.17 17:33:13.044,1.19972,1.19985,1.50,1.50
2013.01.17 17:33:13.567,1.19973,1.19985,1.50,1.50
2013.01.17 17:33:14.885,1.19973,1.19986,3.00,2.48
2013.01.17 17:33:14.948,1.19974,1.19986,1.50,1.73
2013.01.17 17:33:15.193,1.19974,1.19986,2.25,1.73
2013.01.17 17:33:15.433,1.19974,1.19985,1.50,1.73
2013.01.17 17:33:15.554,1.19974,1.19985,1.50,1.73
2013.01.17 17:33:15.974,1.19974,1.19988,1.50,2.63
2013.01.17 17:33:16.094,1.19974,1.19988,1.50,1.95
2013.01.17 17:33:16.453,1.19973,1.19988,3.00,1.20
2013.01.17 17:33:17.003,1.19973,1.19988,2.25,1.20
2013.01.17 17:33:17.063,1.19973,1.19987,2.25,2.48
2013.01.17 17:33:17.444,1.19976,1.19989,3.00,1.05
2013.01.17 17:33:17.565,1.19976,1.19992,3.15,3.98
2013.01.17 17:33:17.685,1.19976,1.19991,1.50,1.35
2013.01.17 17:33:17.923,1.19976,1.19992,1.65,2.48
2013.01.17 17:33:18.453,1.19978,1.19992,1.50,2.48
2013.01.17 17:33:18.995,1.19979,1.19994,1.50,1.73
2013.01.17 17:33:19.496,1.1998,1.19995,1.50,2.48
2013.01.17 17:33:20.134,1.1998,1.19995,2.25,2.48
2013.01.17 17:33:20.417,1.1998,1.19995,5.25,2.48
2013.01.17 17:33:21.035,1.1998,1.2,5.25,2.25
2013.01.17 17:33:21.283,1.1998,1.19995,4.50,1.73
2013.01.17 17:33:21.344,1.1998,1.19995,2.25,1.73
2013.01.17 17:33:21.853,1.1998,1.19993,2.25,1.73
2013.01.17 17:33:23.383,1.19981,1.1999,1.50,1.73
2013.01.17 17:33:23.505,1.19981,1.19994,1.50,3.60
2013.01.17 17:33:23.804,1.19978,1.19991,1.50,2.48
2013.01.17 17:33:24.721,1.19978,1.19993,2.25,3.23
2013.01.17 17:33:25.304,1.19978,1.19992,2.25,1.73
2013.01.17 17:33:25.854,1.19978,1.19992,1.50,3.23
2013.01.17 17:33:26.453,1.19977,1.19992,6.70,2.48
2013.01.17 17:33:26.884,1.19974,1.19992,2.03,3.75
2013.01.17 17:33:27.224,1.19976,1.19989,2.95,1.27
2013.01.17 17:33:27.825,1.19972,1.19978,2.25,2.66
2013.01.17 17:33:27.884,1.19962,1.19975,2.25,1.73
2013.01.17 17:33:28.006,1.19963,1.19975,1.45,1.73
2013.01.17 17:33:28.126,1.19963,1.1997,1.45,1.25
2013.01.17 17:33:28.184,1.19963,1.1997,1.45,1.25
2013.01.17 17:33:28.303,1.1996,1.1997,1.50,1.25
2013.01.17 17:33:28.364,1.19958,1.1997,1.13,1.25
2013.01.17 17:33:28.663,1.19954,1.19969,2.40,1.62
2013.01.17 17:33:29.217,1.19951,1.19967,1.50,2.38
2013.01.17 17:33:29.524,1.19944,1.19961,3.53,1.20
2013.01.17 17:33:30.124,1.19939,1.19956,1.65,2.33
2013.01.17 17:33:30.184,1.19941,1.19956,1.50,2.33
2013.01.17 17:33:30.251,1.19937,1.19956,1.65,2.33
2013.01.17 17:33:30.318,1.19936,1.19951,5.48,1.02
2013.01.17 17:33:30.623,1.19936,1.1995,1.50,1.45
2013.01.17 17:33:30.924,1.19932,1.1995,1.50,1.63
2013.01.17 17:33:31.223,1.19933,1.19949,3.75,2.38
2013.01.17 17:33:31.344,1.19934,1.19949,1.50,2.16
2013.01.17 17:33:31.595,1.19934,1.19949,1.50,1.80
2013.01.17 17:33:32.152,1.19933,1.19947,1.50,1.88
2013.01.17 17:33:32.584,1.19932,1.19947,1.13,2.05
2013.01.17 17:33:32.774,1.19932,1.19947,1.13,2.04
2013.01.17 17:33:33.023,1.19932,1.19947,1.13,1.78
2013.01.17 17:33:33.324,1.19932,1.19948,1.88,1.03
2013.01.17 17:33:33.734,1.19933,1.19948,1.50,1.41
2013.01.17 17:33:34.294,1.19933,1.19948,1.50,1.16
2013.01.17 17:33:34.534,1.19936,1.19948,1.50,1.16
2013.01.17 17:33:34.844,1.19932,1.1995,1.73,1.23
2013.01.17 17:33:35.164,1.19938,1.19952,2.25,2.88
2013.01.17 17:33:35.544,1.1994,1.19952,1.50,2.73
2013.01.17 17:33:35.725,1.19941,1.19956,5.25,2.85
2013.01.17 17:33:36.440,1.19944,1.19956,1.50,1.95
2013.01.17 17:33:37.354,1.19943,1.19957,2.25,1.32
2013.01.17 17:33:37.653,1.19943,1.19959,3.15,1.71
2013.01.17 17:33:38.164,1.19945,1.19959,2.25,1.34
2013.01.17 17:33:38.984,1.19943,1.19959,2.63,2.84
2013.01.17 17:33:39.131,1.19941,1.19958,2.25,1.41
2013.01.17 17:33:39.373,1.19943,1.19956,1.13,2.09
2013.01.17 17:33:39.964,1.19942,1.19956,1.65,2.84
2013.01.17 17:33:40.503,1.19942,1.19956,3.15,1.34
2013.01.17 17:33:40.818,1.19944,1.19957,2.40,1.34
2013.01.17 17:33:41.123,1.19943,1.19957,4.50,1.61
2013.01.17 17:33:41.694,1.19944,1.19958,2.40,1.50
2013.01.17 17:33:42.213,1.19943,1.19958,2.25,1.50
2013.01.17 17:33:42.782,1.19944,1.19958,3.00,1.27
2013.01.17 17:33:43.354,1.19948,1.1996,2.25,1.34
2013.01.17 17:33:43.474,1.19948,1.19962,2.25,2.60
2013.01.17 17:33:44.203,1.19948,1.19962,2.25,2.60
2013.01.17 17:33:44.264,1.19948,1.19962,2.25,2.51
2013.01.17 17:33:44.565,1.19946,1.19961,1.50,2.48
2013.01.17 17:33:45.078,1.19947,1.19962,3.00,1.26
2013.01.17 17:33:52.843,1.19947,1.19962,4.50,1.04
2013.01.17 17:33:53.103,1.19949,1.19965,3.38,3.54
2013.01.17 17:33:53.463,1.19951,1.19965,2.25,1.82
2013.01.17 17:33:54.003,1.1995,1.19964,3.75,2.72
2013.01.17 17:33:54.364,1.19953,1.19965,2.25,2.25
2013.01.17 17:33:54.604,1.19955,1.19965,1.50,1.50
2013.01.17 17:33:54.844,1.19956,1.19965,1.50,1.50
2013.01.17 17:33:54.974,1.19956,1.1997,3.00,3.22
2013.01.17 17:33:55.099,1.19956,1.1997,3.00,3.22
2013.01.17 17:33:55.383,1.19957,1.1997,1.50,3.23
2013.01.17 17:33:56.665,1.19957,1.1997,3.00,1.50
2013.01.17 17:33:57.565,1.19952,1.19966,1.50,3.57
2013.01.17 17:33:57.953,1.19952,1.19966,2.25,3.57
2013.01.17 17:33:58.094,1.19949,1.19963,2.25,1.73
2013.01.17 17:33:58.334,1.19946,1.19961,5.78,1.30
2013.01.17 17:33:58.394,1.19947,1.19961,1.13,1.30
2013.01.17 17:33:58.883,1.19943,1.19958,3.00,1.25
2013.01.17 17:33:59.184,1.19952,1.19962,1.65,1.43
2013.01.17 17:33:59.247,1.19954,1.19968,1.88,2.48
2013.01.17 17:33:59.374,1.19956,1.19971,1.50,6.23
2013.01.17 17:33:59.675,1.19957,1.19971,1.50,2.48
2013.01.17 17:34:00.274,1.19959,1.19972,2.25,2.48
2013.01.17 17:34:00.826,1.19957,1.19969,1.50,1.73
2013.01.17 17:34:00.885,1.19954,1.19969,3.15,2.48
2013.01.17 17:34:01.064,1.19954,1.19968,5.40,1.50
2013.01.17 17:34:01.123,1.19955,1.19968,2.40,1.50
2013.01.17 17:34:01.424,1.19957,1.19971,1.50,1.73
2013.01.17 17:34:01.783,1.19952,1.19967,2.25,1.73
2013.01.17 17:34:01.843,1.19952,1.19967,2.25,1.73
2013.01.17 17:34:01.904,1.19952,1.19967,2.25,1.73
2013.01.17 17:34:02.144,1.19955,1.19971,1.50,6.38
2013.01.17 17:34:02.573,1.1995,1.1997,6.38,1.43
2013.01.17 17:34:02.815,1.19957,1.19966,2.25,1.50
2013.01.17 17:34:02.874,1.19957,1.19969,2.25,2.48
2013.01.17 17:34:02.996,1.1996,1.19975,1.73,3.23
2013.01.17 17:34:03.235,1.19968,1.19975,1.50,2.75
2013.01.17 17:34:03.296,1.19967,1.19975,1.13,2.75
2013.01.17 17:34:03.356,1.19967,1.19975,1.13,1.50
2013.01.17 17:34:03.424,1.19967,1.19978,1.13,1.50
2013.01.17 17:34:03.603,1.1997,1.19984,1.50,4.50
2013.01.17 17:34:03.724,1.1997,1.19984,1.50,2.25
2013.01.17 17:34:03.845,1.19965,1.19982,2.25,1.50
2013.01.17 17:34:04.027,1.19964,1.19979,2.25,2.25
2013.01.17 17:34:04.168,1.19963,1.19979,1.13,2.25
2013.01.17 17:34:04.473,1.19964,1.19979,2.25,2.25
2013.01.17 17:34:04.774,1.19964,1.19977,1.50,2.25
2013.01.17 17:34:05.133,1.1996,1.19968,1.50,1.50
2013.01.17 17:34:05.254,1.19953,1.19968,2.63,1.50
2013.01.17 17:34:05.314,1.19954,1.19971,1.13,2.63
2013.01.17 17:34:05.435,1.19952,1.19965,2.25,1.50
2013.01.17 17:34:05.734,1.19952,1.19966,1.50,1.13
2013.01.17 17:34:05.804,1.19954,1.19966,2.25,1.13
2013.01.17 17:34:06.164,1.19963,1.19974,1.50,1.50
2013.01.17 17:34:06.573,1.1996,1.19974,1.13,1.50
2013.01.17 17:34:06.633,1.1996,1.19976,1.13,1.13
2013.01.17 17:34:07.053,1.19961,1.19977,2.48,2.33
2013.01.17 17:34:07.354,1.19961,1.19977,2.48,1.50
2013.01.17 17:34:07.533,1.19963,1.19979,1.13,2.25
2013.01.17 17:34:08.344,1.19964,1.19979,1.73,1.50
2013.01.17 17:34:08.523,1.19964,1.19981,1.73,1.88
2013.01.17 17:34:08.764,1.19964,1.19979,1.73,1.50
2013.01.17 17:34:09.193,1.19964,1.19977,1.73,1.50
2013.01.17 17:34:09.274,1.19966,1.19982,2.25,3.98
2013.01.17 17:34:10.445,1.19968,1.19984,2.25,3.98
2013.01.17 17:34:10.564,1.19968,1.19985,2.25,2.03
2013.01.17 17:34:10.684,1.1997,1.19985,1.50,1.88
2013.01.17 17:34:10.995,1.19969,1.19986,3.75,1.88
2013.01.17 17:34:11.584,1.19971,1.19988,3.00,3.38
2013.01.17 17:34:11.704,1.19972,1.19988,1.73,3.00
2013.01.17 17:34:12.364,1.19976,1.19988,1.73,1.50
2013.01.17 17:34:12.545,1.19976,1.19991,1.73,1.88
2013.01.17 17:34:12.663,1.19975,1.19991,1.73,2.63
2013.01.17 17:34:12.963,1.19973,1.19986,1.73,3.00
2013.01.17 17:34:13.023,1.19971,1.19983,1.73,1.50
2013.01.17 17:34:13.264,1.19971,1.19986,1.73,1.50
2013.01.17 17:34:13.325,1.19971,1.19986,1.73,1.65
2013.01.17 17:34:13.446,1.19969,1.19982,1.73,1.13
2013.01.17 17:34:13.563,1.19968,1.19982,2.48,1.13
2013.01.17 17:34:13.924,1.19968,1.19982,2.48,1.13
2013.01.17 17:34:14.463,1.19968,1.19984,2.48,2.25
2013.01.17 17:34:14.524,1.19969,1.19984,1.50,2.25
2013.01.17 17:34:14.644,1.19971,1.19986,5.40,1.50
2013.01.17 17:34:14.947,1.19974,1.19991,1.35,4.65
2013.01.17 17:34:15.196,1.19974,1.1999,3.38,1.50
2013.01.17 17:34:15.255,1.19974,1.19988,1.13,2.40
2013.01.17 17:34:15.316,1.19974,1.19988,1.13,2.40
2013.01.17 17:34:15.674,1.19974,1.19988,3.75,1.50
2013.01.17 17:34:15.794,1.19977,1.19991,2.48,1.50
2013.01.17 17:34:16.034,1.19974,1.1999,1.73,2.25
2013.01.17 17:34:16.274,1.19973,1.1999,2.48,2.25
2013.01.17 17:34:16.334,1.19973,1.1999,6.23,2.25
2013.01.17 17:34:16.435,1.19973,1.1999,1.50,2.25
2013.01.17 17:34:16.493,1.19973,1.1999,1.50,2.25
2013.01.17 17:34:16.553,1.19973,1.1999,1.50,2.25
2013.01.17 17:34:16.867,1.19973,1.19987,2.25,1.35
2013.01.17 17:34:17.114,1.19973,1.19987,1.50,3.75
2013.01.17 17:34:17.175,1.19973,1.19987,1.73,2.25
2013.01.17 17:34:17.533,1.1997,1.19987,2.85,3.75
2013.01.17 17:34:17.835,1.19978,1.19988,1.73,2.25
2013.01.17 17:34:17.895,1.19978,1.19988,1.73,1.50
2013.01.17 17:34:18.148,1.19971,1.19984,1.75,3.00
2013.01.17 17:34:18.275,1.19966,1.19982,4.98,1.35
2013.01.17 17:34:18.454,1.19966,1.19983,3.98,3.38
2013.01.17 17:34:18.754,1.19966,1.1998,3.00,1.35
2013.01.17 17:34:18.814,1.19966,1.1998,2.25,2.10
2013.01.17 17:34:19.624,1.19964,1.1998,1.73,1.35
2013.01.17 17:34:20.170,1.19969,1.19982,1.50,1.50
2013.01.17 17:34:20.485,1.19969,1.19983,1.73,1.50
2013.01.17 17:34:20.723,1.19972,1.19986,2.25,2.10
2013.01.17 17:34:20.785,1.1997,1.19985,2.48,1.50
2013.01.17 17:34:20.905,1.1997,1.19985,3.00,1.50
2013.01.17 17:34:21.025,1.1997,1.19986,3.00,1.50
2013.01.17 17:34:22.204,1.19969,1.19984,7.88,1.50
2013.01.17 17:34:22.325,1.1997,1.19982,2.48,1.50
2013.01.17 17:34:24.165,1.1997,1.19984,2.08,2.25
2013.01.17 17:34:24.227,1.1997,1.19984,2.08,1.50
2013.01.17 17:34:24.290,1.1997,1.19982,1.35,1.50
2013.01.17 17:34:24.713,1.19968,1.1998,2.85,1.50
2013.01.17 17:34:24.774,1.19968,1.1998,2.48,1.50
2013.01.17 17:34:24.835,1.19967,1.19976,2.48,1.50
2013.01.17 17:34:25.084,1.19962,1.19975,2.48,1.50
2013.01.17 17:34:25.204,1.19958,1.19969,6.98,1.50
2013.01.17 17:34:25.265,1.19956,1.19968,3.98,1.50
2013.01.17 17:34:25.563,1.19954,1.19968,1.13,2.25
2013.01.17 17:34:25.685,1.19954,1.19968,1.50,1.50
2013.01.17 17:34:26.044,1.19952,1.19969,1.13,2.25
2013.01.17 17:34:26.933,1.19954,1.19965,1.13,2.25
2013.01.17 17:34:27.053,1.19955,1.1997,2.25,1.50
2013.01.17 17:34:27.113,1.19955,1.19971,2.25,4.20
2013.01.17 17:34:27.473,1.19955,1.19969,2.03,1.50
2013.01.17 17:34:27.730,1.19955,1.19967,1.28,2.25
2013.01.17 17:34:28.033,1.19954,1.19966,2.40,2.25
2013.01.17 17:34:29.374,1.19951,1.19966,2.78,1.50
2013.01.17 17:34:29.733,1.19951,1.19966,2.40,1.50
2013.01.17 17:34:30.045,1.19949,1.19966,3.75,1.50
2013.01.17 17:34:30.227,1.19949,1.19966,1.50,1.73
2013.01.17 17:34:30.574,1.19949,1.19966,1.65,1.73
2013.01.17 17:34:31.113,1.19952,1.19966,2.25,1.50
2013.01.17 17:34:31.653,1.1995,1.19966,2.25,1.73
2013.01.17 17:34:31.774,1.1995,1.19965,1.50,1.73
2013.01.17 17:34:32.134,1.19948,1.19963,1.28,2.48
2013.01.17 17:34:32.314,1.19948,1.19964,1.28,2.48
2013.01.17 17:34:32.974,1.19949,1.19963,2.25,1.13
2013.01.17 17:34:33.540,1.1995,1.19964,2.25,1.35
2013.01.17 17:34:34.175,1.19949,1.19963,1.47,1.35
2013.01.17 17:34:34.473,1.19949,1.19964,1.13,1.35
2013.01.17 17:34:34.965,1.19952,1.19964,1.65,1.13
2013.01.17 17:34:35.143,1.19951,1.19967,1.28,2.85
2013.01.17 17:34:36.334,1.19953,1.19968,2.40,1.35
2013.01.17 17:34:36.454,1.19953,1.19968,2.40,1.13
2013.01.17 17:34:36.573,1.19953,1.19968,2.40,1.35
2013.01.17 17:34:37.152,1.19953,1.19968,2.40,2.85
2013.01.17 17:34:37.783,1.19951,1.19968,4.65,3.23
2013.01.17 17:34:39.785,1.19952,1.19968,3.15,3.98
2013.01.17 17:34:39.977,1.19946,1.1996,2.40,1.13
2013.01.17 17:34:40.047,1.19946,1.1996,2.40,1.35
2013.01.17 17:34:40.120,1.19946,1.1996,2.40,1.35
2013.01.17 17:34:40.853,1.19946,1.1996,2.40,1.35
2013.01.17 17:34:41.034,1.19944,1.1996,2.25,1.73
2013.01.17 17:34:41.153,1.19942,1.19958,4.65,1.35
2013.01.17 17:34:41.755,1.19942,1.19957,1.50,2.48
2013.01.17 17:34:41.993,1.19942,1.19956,1.50,1.35
2013.01.17 17:34:42.294,1.19938,1.19952,3.90,1.88
2013.01.17 17:34:42.844,1.19938,1.19952,2.40,1.88
2013.01.17 17:34:43.145,1.19938,1.19945,1.50,1.73
2013.01.17 17:34:43.265,1.1993,1.19945,2.25,1.73
2013.01.17 17:34:43.384,1.1993,1.19945,1.50,2.85
2013.01.17 17:34:43.935,1.19931,1.19949,1.50,2.85
2013.01.17 17:34:44.674,1.1993,1.19946,3.75,2.48
2013.01.17 17:34:45.954,1.19929,1.19946,2.25,3.23
2013.01.17 17:34:46.014,1.19929,1.19943,1.50,1.09
2013.01.17 17:34:46.074,1.19926,1.19943,3.90,1.09
2013.01.17 17:34:46.338,1.19926,1.19939,1.65,1.30
2013.01.17 17:34:47.003,1.19925,1.19938,1.65,1.30
2013.01.17 17:34:47.304,1.19913,1.1993,2.55,2.16
2013.01.17 17:34:47.364,1.19918,1.19931,1.35,2.48
2013.01.17 17:34:47.484,1.19918,1.19935,3.00,2.57
2013.01.17 17:34:47.844,1.19922,1.19933,1.50,1.34
2013.01.17 17:34:47.904,1.19919,1.19932,1.50,1.34
2013.01.17 17:34:48.084,1.19917,1.19933,2.25,1.43
2013.01.17 17:34:48.146,1.1992,1.19932,1.50,1.43
2013.01.17 17:34:48.595,1.19917,1.19927,1.50,1.73
2013.01.17 17:34:48.654,1.19916,1.19927,2.40,2.16
2013.01.17 17:34:48.717,1.19914,1.19927,3.00,2.16
2013.01.17 17:34:49.293,1.19914,1.19927,2.25,2.09
2013.01.17 17:34:49.925,1.19911,1.19926,1.50,2.04
2013.01.17 17:34:50.234,1.19918,1.19927,1.65,1.73
2013.01.17 17:34:50.357,1.19921,1.19931,1.65,1.73
2013.01.17 17:34:50.432,1.19922,1.19931,1.28,1.73
2013.01.17 17:34:51.185,1.19923,1.19939,2.40,1.50
2013.01.17 17:34:51.364,1.19926,1.19941,1.50,2.66
2013.01.17 17:34:51.484,1.19926,1.19941,2.25,1.16
2013.01.17 17:34:52.159,1.19926,1.19941,3.75,1.36
2013.01.17 17:34:53.084,1.19927,1.19942,1.28,1.13
2013.01.17 17:34:53.219,1.19928,1.19944,1.65,2.79
2013.01.17 17:34:53.285,1.19928,1.19944,2.40,2.48
2013.01.17 17:34:53.823,1.19929,1.19946,2.40,1.75
2013.01.17 17:34:54.704,1.19929,1.19946,3.15,1.35
2013.01.17 17:34:54.763,1.19932,1.19947,3.00,2.48
2013.01.17 17:34:55.278,1.19933,1.19948,1.50,1.73
2013.01.17 17:34:55.584,1.19933,1.19951,1.88,3.70
2013.01.17 17:34:56.124,1.19932,1.19947,1.50,1.08
2013.01.17 17:34:56.183,1.19932,1.19947,1.50,1.30
2013.01.17 17:34:56.244,1.19935,1.19947,1.50,2.58
2013.01.17 17:34:56.483,1.19932,1.19946,1.50,1.73
2013.01.17 17:34:56.604,1.1993,1.19946,1.88,2.48
2013.01.17 17:34:56.724,1.1993,1.19946,1.88,2.82
2013.01.17 17:34:57.204,1.19927,1.19944,2.40,3.20
2013.01.17 17:34:57.505,1.19927,1.19939,1.50,2.70
2013.01.17 17:34:57.564,1.19922,1.19933,8.25,1.88
2013.01.17 17:34:57.624,1.1992,1.19933,1.50,2.63
2013.01.17 17:34:57.684,1.1992,1.1993,1.50,1.50
2013.01.17 17:34:58.044,1.19913,1.19927,1.50,2.48
2013.01.17 17:34:58.103,1.19912,1.19927,6.75,2.48
2013.01.17 17:34:58.293,1.19911,1.19927,1.50,1.73
2013.01.17 17:34:58.597,1.19916,1.19929,2.85,1.73
2013.01.17 17:34:58.943,1.19922,1.19937,1.65,2.85
2013.01.17 17:34:59.513,1.19923,1.1994,3.00,1.23
2013.01.17 17:35:00.054,1.19925,1.1994,1.50,1.23
2013.01.17 17:35:00.115,1.19925,1.19942,2.25,1.56
2013.01.17 17:35:00.654,1.19926,1.19941,1.50,1.41
2013.01.17 17:35:01.015,1.19919,1.19928,2.25,4.50
2013.01.17 17:35:01.075,1.19917,1.19924,2.25,2.25
2013.01.17 17:35:01.315,1.19908,1.19923,5.48,3.08
2013.01.17 17:35:01.435,1.19908,1.19923,3.75,1.58
2013.01.17 17:35:01.494,1.19908,1.19922,3.75,1.14
2013.01.17 17:35:01.614,1.19908,1.19925,3.75,2.67
2013.01.17 17:35:02.103,1.19912,1.19925,1.50,1.32
2013.01.17 17:35:02.164,1.19913,1.19928,1.13,1.13
2013.01.17 17:35:02.224,1.19918,1.1993,1.50,2.26
2013.01.17 17:35:02.343,1.19919,1.19932,1.50,1.14
2013.01.17 17:35:02.407,1.19919,1.19935,3.00,1.73
2013.01.17 17:35:02.704,1.19919,1.19935,1.50,1.19
2013.01.17 17:35:03.014,1.19919,1.19936,1.50,3.19
2013.01.17 17:35:03.504,1.19918,1.19936,1.50,3.19
2013.01.17 17:35:03.624,1.19915,1.19934,2.25,3.00
2013.01.17 17:35:03.983,1.19915,1.19929,1.50,2.48
2013.01.17 17:35:04.164,1.19912,1.19929,1.35,3.98
2013.01.17 17:35:04.228,1.19911,1.19926,2.25,1.73
2013.01.17 17:35:04.354,1.1991,1.19924,1.13,1.73
2013.01.17 17:35:04.716,1.19908,1.1992,1.50,1.73
2013.01.17 17:35:04.894,1.19909,1.1992,1.50,1.73
2013.01.17 17:35:05.014,1.19909,1.19921,1.50,2.48
2013.01.17 17:35:05.134,1.19906,1.19921,3.00,1.73
2013.01.17 17:35:05.194,1.19906,1.19921,3.00,1.73
2013.01.17 17:35:05.313,1.19906,1.19921,3.00,1.50
2013.01.17 17:35:05.833,1.19906,1.19921,2.25,1.50
2013.01.17 17:35:06.294,1.19906,1.19922,3.00,1.50
2013.01.17 17:35:06.653,1.1991,1.19925,2.25,1.13
2013.01.17 17:35:07.464,1.19909,1.19925,2.63,1.13
2013.01.17 17:35:07.584,1.19907,1.19925,2.25,2.63
2013.01.17 17:35:08.673,1.19908,1.19925,1.50,2.48
2013.01.17 17:35:09.133,1.19908,1.19925,1.50,2.48
2013.01.17 17:35:09.464,1.19908,1.19925,1.50,2.25
2013.01.17 17:35:11.107,1.1991,1.19927,2.48,3.38
2013.01.17 17:35:11.177,1.19911,1.19927,1.50,2.63
2013.01.17 17:35:11.725,1.19912,1.19929,2.25,1.50
2013.01.17 17:35:11.904,1.19912,1.19929,3.15,1.50
2013.01.17 17:35:12.206,1.19925,1.19939,1.50,2.25
2013.01.17 17:35:12.514,1.19929,1.1994,2.25,1.50
2013.01.17 17:35:13.063,1.19929,1.19945,3.98,1.50
2013.01.17 17:35:13.783,1.19929,1.19945,3.23,1.50
2013.01.17 17:35:14.513,1.19931,1.19946,1.13,2.25
2013.01.17 17:35:15.148,1.19931,1.19947,1.13,2.25
2013.01.17 17:35:15.214,1.19932,1.19948,2.85,2.25
2013.01.17 17:35:15.573,1.19935,1.1995,2.25,1.50
2013.01.17 17:35:16.240,1.19935,1.1995,3.38,1.50
2013.01.17 17:35:16.307,1.19937,1.19955,2.25,2.25
2013.01.17 17:35:16.674,1.19944,1.19958,2.25,1.13
2013.01.17 17:35:16.794,1.19949,1.19961,1.50,1.65
2013.01.17 17:35:16.914,1.19949,1.19961,1.50,1.50
2013.01.17 17:35:16.974,1.19948,1.19965,3.00,1.65
2013.01.17 17:35:17.033,1.19949,1.19966,1.50,3.23
2013.01.17 17:35:17.576,1.19953,1.1997,2.48,3.00
2013.01.17 17:35:17.635,1.19955,1.1997,1.50,1.50
2013.01.17 17:35:17.815,1.19956,1.1997,2.25,1.50
2013.01.17 17:35:17.936,1.19957,1.19974,3.38,1.88
2013.01.17 17:35:18.326,1.19959,1.19975,1.88,3.38
2013.01.17 17:35:18.593,1.19961,1.19978,1.50,2.25
2013.01.17 17:35:19.100,1.19963,1.19975,1.13,1.50
2013.01.17 17:35:19.634,1.19963,1.19977,1.13,2.25
2013.01.17 17:35:20.833,1.19963,1.19977,1.88,2.25
2013.01.17 17:35:21.346,1.19963,1.19977,1.13,2.25
2013.01.17 17:35:22.345,1.19963,1.19977,1.88,2.25
2013.01.17 17:35:22.585,1.19965,1.19977,1.13,1.50
2013.01.17 17:35:22.644,1.19965,1.1998,1.13,1.88
2013.01.17 17:35:22.825,1.19967,1.1998,1.28,1.13
2013.01.17 17:35:23.123,1.19967,1.1998,1.28,1.13
2013.01.17 17:35:23.303,1.19967,1.19979,1.50,1.50
2013.01.17 17:35:23.545,1.19962,1.19973,1.80,2.25
2013.01.17 17:35:23.604,1.19962,1.19971,1.65,1.50
2013.01.17 17:35:23.663,1.19961,1.19971,1.20,1.50
2013.01.17 17:35:24.024,1.1996,1.19969,1.13,1.50
2013.01.17 17:35:24.267,1.19959,1.19967,2.25,1.50
2013.01.17 17:35:24.835,1.19957,1.19968,1.50,1.50
2013.01.17 17:35:25.015,1.19957,1.19966,1.50,1.50
2013.01.17 17:35:25.325,1.19957,1.19963,1.50,1.50
2013.01.17 17:35:25.563,1.19951,1.19961,2.25,1.50
2013.01.17 17:35:26.593,1.19951,1.19963,1.50,2.25
2013.01.17 17:35:27.400,1.19951,1.19966,1.50,2.63
2013.01.17 17:35:28.013,1.19951,1.19966,1.50,2.25
2013.01.17 17:35:28.134,1.19948,1.19962,2.25,3.00
2013.01.17 17:35:28.253,1.19948,1.1996,2.25,2.25
2013.01.17 17:35:28.794,1.19947,1.19961,1.50,2.25
2013.01.17 17:35:29.833,1.19947,1.19962,1.50,1.13
2013.01.17 17:35:31.504,1.19947,1.1996,1.50,2.25
2013.01.17 17:35:32.133,1.19947,1.1996,1.50,1.50
2013.01.17 17:35:33.824,1.19947,1.19959,2.25,1.50
2013.01.17 17:35:35.364,1.19948,1.19959,2.25,1.50
2013.01.17 17:35:35.425,1.19949,1.19962,1.65,2.25
2013.01.17 17:35:35.485,1.19951,1.19962,1.50,1.50
2013.01.17 17:35:35.725,1.19953,1.19966,1.88,1.50
2013.01.17 17:35:36.264,1.19953,1.19968,2.63,1.50
2013.01.17 17:35:36.885,1.19958,1.19968,1.50,1.50
2013.01.17 17:35:37.244,1.19958,1.19972,1.73,2.25
2013.01.17 17:35:37.434,1.19958,1.19972,1.73,2.25
2013.01.17 17:35:37.963,1.19962,1.19972,1.50,2.25
2013.01.17 17:35:38.024,1.19962,1.19972,1.50,1.50
2013.01.17 17:35:38.084,1.19961,1.19975,1.58,1.50
2013.01.17 17:35:38.386,1.19962,1.19976,1.58,1.50
2013.01.17 17:35:38.703,1.19963,1.19981,1.73,3.75
2013.01.17 17:35:39.064,1.19963,1.19979,1.73,2.25
2013.01.17 17:35:39.304,1.19964,1.19981,1.73,1.50
2013.01.17 17:35:39.604,1.19964,1.19982,2.63,2.63
2013.01.17 17:35:40.734,1.19967,1.19984,1.13,1.50
2013.01.17 17:35:41.138,1.1997,1.19987,3.75,1.65
2013.01.17 17:35:41.384,1.19971,1.19986,1.50,1.50
2013.01.17 17:35:41.933,1.1997,1.19987,2.25,2.40
2013.01.17 17:35:42.512,1.19972,1.19987,1.50,2.40
2013.01.17 17:35:43.355,1.19971,1.19987,1.50,2.40
2013.01.17 17:35:45.423,1.19973,1.19989,1.50,1.50
2013.01.17 17:35:45.664,1.19977,1.19988,1.50,1.28
2013.01.17 17:35:46.070,1.19977,1.19988,1.50,1.13
2013.01.17 17:35:46.195,1.19975,1.19989,1.50,1.50
2013.01.17 17:35:46.433,1.19974,1.19989,2.25,1.73
2013.01.17 17:35:46.734,1.19974,1.19988,1.50,1.13
2013.01.17 17:35:47.036,1.19973,1.19983,1.50,2.48
2013.01.17 17:35:47.155,1.19969,1.19983,1.50,2.48
2013.01.17 17:35:47.695,1.19967,1.19982,1.50,2.48
2013.01.17 17:35:48.905,1.19966,1.19982,1.13,3.23
2013.01.17 17:35:49.433,1.19966,1.19982,1.35,3.00
2013.01.17 17:35:49.735,1.19968,1.19982,1.13,1.50
2013.01.17 17:35:49.854,1.19969,1.19984,3.38,1.35
2013.01.17 17:35:50.214,1.1997,1.19985,1.73,1.13
2013.01.17 17:35:50.815,1.19972,1.19987,1.13,2.25
2013.01.17 17:35:51.114,1.19972,1.19989,2.25,3.75
2013.01.17 17:35:51.773,1.19972,1.19989,2.25,3.75
2013.01.17 17:35:51.953,1.19973,1.19989,3.23,2.25
2013.01.17 17:35:52.137,1.19975,1.19991,1.88,1.13
2013.01.17 17:35:52.194,1.19974,1.19992,4.50,2.25
2013.01.17 17:35:52.833,1.19974,1.1999,3.38,1.50
2013.01.17 17:35:52.894,1.19974,1.1999,4.13,1.50
2013.01.17 17:35:53.245,1.19974,1.19987,2.25,1.50
2013.01.17 17:35:53.603,1.19974,1.19987,2.10,1.50
2013.01.17 17:35:54.413,1.19974,1.19987,2.63,1.50
2013.01.17 17:35:54.719,1.19974,1.1999,2.63,4.35
2013.01.17 17:35:55.153,1.19973,1.19988,1.13,2.25
2013.01.17 17:35:55.394,1.19973,1.19988,1.13,2.25
2013.01.17 17:35:56.195,1.19976,1.19988,1.13,1.50
2013.01.17 17:35:56.255,1.19976,1.1999,1.13,2.25
2013.01.17 17:35:56.314,1.19976,1.19991,3.23,1.50
2013.01.17 17:35:56.673,1.1998,1.19996,1.50,3.00
2013.01.17 17:35:57.512,1.19986,1.19998,1.50,2.25
2013.01.17 17:35:57.587,1.19984,1.1999,2.10,2.10
2013.01.17 17:35:57.944,1.19975,1.19989,1.73,1.50
2013.01.17 17:35:58.065,1.19973,1.19986,2.40,1.50
2013.01.17 17:35:58.624,1.19972,1.19986,1.20,2.10
2013.01.17 17:35:58.686,1.19972,1.19986,2.70,2.10
2013.01.17 17:35:59.303,1.19972,1.19986,1.95,1.35
2013.01.17 17:36:00.119,1.19972,1.19987,1.13,2.85
2013.01.17 17:36:01.625,1.19973,1.19987,2.63,2.85
2013.01.17 17:36:01.746,1.19973,1.19989,2.63,1.50
2013.01.17 17:36:01.987,1.19973,1.19989,2.85,1.50
2013.01.17 17:36:02.784,1.19973,1.19989,6.00,1.50
2013.01.17 17:36:03.143,1.19977,1.1999,1.50,1.35
2013.01.17 17:36:03.475,1.19978,1.1999,1.73,1.35
2013.01.17 17:36:03.894,1.19982,1.19997,2.25,1.50
2013.01.17 17:36:04.434,1.19982,1.2,2.40,1.88
2013.01.17 17:36:04.737,1.19985,1.19999,1.50,1.50
2013.01.17 17:36:05.038,1.19989,1.20001,2.25,2.25
2013.01.17 17:36:05.169,1.19989,1.20003,2.25,1.50
2013.01.17 17:36:05.354,1.1999,1.20003,1.73,1.50
2013.01.17 17:36:05.474,1.19991,1.20003,1.50,1.50
2013.01.17 17:36:05.657,1.1999,1.20004,1.88,1.13
2013.01.17 17:36:06.085,1.19987,1.20004,5.48,1.13
2013.01.17 17:36:06.386,1.20001,1.20012,1.50,1.50
2013.01.17 17:36:06.516,1.20002,1.20012,1.50,1.50
2013.01.17 17:36:06.755,1.20001,1.20012,1.50,1.50
2013.01.17 17:36:07.296,1.2,1.20017,1.50,2.48
2013.01.17 17:36:07.354,1.2,1.20016,1.50,1.73
2013.01.17 17:36:07.475,1.19999,1.2002,3.15,1.65
2013.01.17 17:36:08.013,1.20003,1.2002,1.73,1.13
2013.01.17 17:36:08.255,1.20004,1.20021,2.48,1.13
2013.01.17 17:36:08.375,1.20008,1.2002,1.50,1.50
2013.01.17 17:36:08.495,1.20008,1.20023,1.50,2.25
2013.01.17 17:36:08.616,1.20009,1.20023,1.13,1.50
2013.01.17 17:36:08.676,1.20009,1.20024,1.35,2.25
2013.01.17 17:36:08.854,1.2001,1.20026,1.13,3.00
2013.01.17 17:36:08.914,1.2001,1.20026,1.13,3.00
2013.01.17 17:36:09.036,1.2001,1.20026,1.13,3.00
2013.01.17 17:36:09.515,1.20014,1.20028,1.13,2.63
2013.01.17 17:36:09.575,1.20014,1.20028,2.63,1.13
2013.01.17 17:36:09.876,1.20007,1.20025,3.98,1.50
2013.01.17 17:36:09.995,1.20006,1.20021,4.73,3.75
2013.01.17 17:36:10.054,1.20006,1.20021,2.10,2.25
2013.01.17 17:36:10.177,1.20006,1.2002,2.85,1.50
2013.01.17 17:36:10.299,1.20006,1.20021,1.88,1.50
2013.01.17 17:36:10.365,1.20005,1.20021,2.25,1.50
2013.01.17 17:36:10.425,1.20005,1.20021,2.40,3.00
2013.01.17 17:36:10.606,1.20009,1.20021,3.00,1.50
2013.01.17 17:36:10.665,1.20009,1.20021,3.00,1.50
2013.01.17 17:36:10.786,1.20009,1.2002,1.73,2.25
2013.01.17 17:36:11.205,1.20002,1.2002,2.48,4.35
2013.01.17 17:36:11.274,1.19998,1.20016,3.60,2.85
2013.01.17 17:36:11.395,1.19998,1.20015,1.35,2.85
2013.01.17 17:36:11.454,1.19997,1.20015,3.23,2.85
2013.01.17 17:36:11.575,1.19997,1.20009,1.73,1.50
2013.01.17 17:36:11.877,1.19997,1.2001,2.48,1.50
2013.01.17 17:36:12.185,1.19997,1.2001,1.50,2.25
2013.01.17 17:36:12.245,1.19994,1.2001,1.50,1.50
2013.01.17 17:36:12.365,1.19993,1.20008,1.50,2.40
2013.01.17 17:36:12.545,1.19989,1.20005,3.00,2.25
2013.01.17 17:36:12.784,1.19988,1.20004,2.25,3.00
2013.01.17 17:36:12.966,1.19989,1.20005,1.50,1.50
2013.01.17 17:36:13.030,1.19989,1.20004,1.50,1.50
2013.01.17 17:36:13.482,1.19989,1.20004,1.50,1.73
2013.01.17 17:36:13.544,1.19988,1.20004,1.13,2.48
2013.01.17 17:36:13.664,1.19986,1.20003,2.25,1.73
2013.01.17 17:36:13.726,1.19985,1.19999,1.13,2.48
2013.01.17 17:36:14.395,1.19984,1.19998,2.25,3.00
2013.01.17 17:36:14.455,1.19982,1.19997,1.13,1.50
2013.01.17 17:36:14.518,1.19982,1.19997,1.13,3.00
2013.01.17 17:36:14.765,1.19981,1.19994,6.75,2.25
2013.01.17 17:36:14.827,1.19981,1.19994,6.75,3.00
2013.01.17 17:36:14.945,1.19978,1.19992,1.50,1.50
2013.01.17 17:36:15.185,1.19977,1.19987,1.13,2.25
2013.01.17 17:36:15.664,1.1997,1.19983,1.73,2.40
2013.01.17 17:36:15.975,1.19968,1.19978,2.03,1.73
2013.01.17 17:36:16.275,1.19965,1.19978,1.13,2.25
2013.01.17 17:36:16.395,1.19965,1.19978,1.13,2.48
2013.01.17 17:36:16.814,1.19962,1.1998,5.25,1.35
2013.01.17 17:36:16.936,1.19962,1.19978,6.75,3.08
2013.01.17 17:36:17.354,1.19966,1.19978,1.50,3.08
2013.01.17 17:36:18.015,1.19966,1.19977,1.50,3.08
2013.01.17 17:36:18.136,1.19966,1.19978,2.25,1.50
2013.01.17 17:36:18.195,1.19966,1.19979,5.25,1.50
2013.01.17 17:36:18.434,1.19968,1.19979,1.50,1.50
2013.01.17 17:36:18.735,1.19971,1.19985,1.50,1.35
2013.01.17 17:36:18.854,1.19968,1.19985,2.25,1.35
2013.01.17 17:36:18.914,1.19968,1.19985,3.15,1.35
2013.01.17 17:36:19.465,1.1997,1.19987,3.00,4.35
2013.01.17 17:36:20.195,1.19974,1.19983,1.50,2.48
2013.01.17 17:36:20.505,1.19974,1.19987,1.50,2.63
2013.01.17 17:36:21.174,1.19971,1.19985,1.50,4.58
2013.01.17 17:36:21.765,1.19971,1.19985,1.50,4.58
2013.01.17 17:36:22.859,1.19968,1.19982,2.25,1.13
2013.01.17 17:36:22.926,1.19968,1.19977,2.25,1.50
2013.01.17 17:36:23.285,1.19963,1.19973,1.50,1.50
2013.01.17 17:36:23.405,1.19963,1.19973,1.50,1.73
2013.01.17 17:36:23.464,1.1996,1.19973,1.50,1.73
2013.01.17 17:36:23.526,1.19958,1.19974,1.50,2.33
2013.01.17 17:36:23.585,1.19958,1.19975,2.25,2.48
2013.01.17 17:36:23.764,1.19958,1.19976,3.90,1.73
2013.01.17 17:36:24.065,1.19959,1.19975,2.25,1.13
2013.01.17 17:36:24.425,1.1996,1.19976,3.15,1.73
2013.01.17 17:36:24.545,1.19961,1.19977,2.25,1.35
2013.01.17 17:36:25.146,1.19965,1.19977,1.50,1.13
2013.01.17 17:36:25.227,1.19972,1.19989,2.25,2.25
2013.01.17 17:36:25.775,1.19972,1.19989,1.50,2.25
2013.01.17 17:36:25.835,1.19972,1.19989,1.50,2.48
2013.01.17 17:36:26.162,1.19971,1.19989,2.63,1.58
2013.01.17 17:36:26.405,1.19971,1.19985,1.13,1.73
2013.01.17 17:36:26.644,1.19969,1.19987,1.13,3.23
2013.01.17 17:36:27.184,1.19969,1.19987,1.13,3.98
2013.01.17 17:36:29.744,1.19969,1.19986,1.50,1.20
2013.01.17 17:36:30.104,1.19972,1.19983,1.50,2.33
2013.01.17 17:36:30.225,1.19973,1.19988,1.50,2.33
2013.01.17 17:36:30.406,1.19974,1.19988,2.25,2.33
2013.01.17 17:36:30.944,1.19972,1.1999,2.63,2.70
2013.01.17 17:36:31.306,1.19977,1.19992,2.25,1.73
2013.01.17 17:36:31.545,1.19977,1.19992,2.25,2.25
2013.01.17 17:36:32.305,1.19978,1.19992,2.25,1.73
2013.01.17 17:36:33.165,1.19977,1.19993,3.75,1.35
2013.01.17 17:36:33.460,1.19981,1.19993,1.50,1.58
2013.01.17 17:36:33.532,1.19986,1.19993,1.50,1.35
2013.01.17 17:36:33.602,1.19989,1.19995,1.65,1.13
2013.01.17 17:36:33.844,1.19996,1.20007,1.50,1.35
2013.01.17 17:36:34.386,1.19997,1.20011,1.45,1.50
2013.01.17 17:36:35.768,1.20002,1.20015,1.38,1.50
2013.01.17 17:36:36.134,1.20002,1.20019,1.38,5.10
2013.01.17 17:36:36.494,1.20002,1.20019,1.38,5.85
2013.01.17 17:36:36.554,1.20002,1.20019,1.38,5.85
2013.01.17 17:36:36.934,1.20002,1.20019,1.38,3.75
2013.01.17 17:36:37.055,1.20002,1.20016,1.38,1.50
2013.01.17 17:36:37.688,1.20003,1.20016,1.19,1.50
2013.01.17 17:36:38.076,1.20003,1.20016,1.34,1.50
2013.01.17 17:36:38.435,1.20012,1.20025,1.22,2.33
2013.01.17 17:36:38.494,1.2001,1.20026,1.44,1.88
2013.01.17 17:36:38.677,1.20011,1.20027,1.65,1.88
2013.01.17 17:36:38.983,1.20013,1.20026,1.07,2.48
2013.01.17 17:36:39.105,1.20013,1.20026,1.74,2.48
2013.01.17 17:36:39.226,1.20014,1.20027,2.49,1.50
2013.01.17 17:36:39.412,1.20014,1.20029,2.49,2.25
2013.01.17 17:36:40.425,1.20012,1.20029,2.71,1.50
2013.01.17 17:36:41.275,1.20012,1.20025,1.21,1.50
2013.01.17 17:36:41.825,1.2001,1.20024,3.99,1.50
2013.01.17 17:36:43.304,1.20012,1.20025,1.51,1.50
2013.01.17 17:36:43.666,1.20008,1.20021,3.13,2.25
2013.01.17 17:36:43.989,1.20008,1.20016,2.13,2.25
2013.01.17 17:36:44.055,1.20002,1.20016,1.16,2.25
2013.01.17 17:36:44.356,1.20001,1.20016,1.26,3.75
2013.01.17 17:36:44.486,1.20001,1.20016,1.23,2.25
2013.01.17 17:36:45.294,1.19997,1.20013,1.23,2.25
2013.01.17 17:36:46.255,1.19996,1.20012,1.38,1.50
2013.01.17 17:36:46.494,1.19996,1.20011,1.38,1.50
2013.01.17 17:36:46.676,1.19991,1.2,1.18,1.50
2013.01.17 17:36:47.536,1.19984,1.19992,2.81,2.25
2013.01.17 17:36:47.784,1.19978,1.19991,1.16,2.25
2013.01.17 17:36:47.965,1.19971,1.1999,2.02,1.50
2013.01.17 17:36:48.324,1.19972,1.19987,1.23,1.35
2013.01.17 17:36:48.683,1.19968,1.19988,2.67,3.38
2013.01.17 17:36:49.345,1.19968,1.19988,1.17,3.00
2013.01.17 17:36:49.874,1.19971,1.19988,1.38,3.00
2013.01.17 17:36:50.605,1.19971,1.19985,1.38,1.50
2013.01.17 17:36:50.921,1.19967,1.1998,1.17,1.13
2013.01.17 17:36:51.176,1.19962,1.1998,1.73,1.13
2013.01.17 17:36:51.294,1.19962,1.19981,2.07,2.78
2013.01.17 17:36:52.275,1.19961,1.1998,2.53,1.88
2013.01.17 17:36:52.635,1.19968,1.19984,2.06,1.88
2013.01.17 17:36:52.754,1.19968,1.19984,2.06,1.50
2013.01.17 17:36:52.815,1.19969,1.19985,1.73,2.25
2013.01.17 17:36:52.994,1.19973,1.1999,2.85,2.63
2013.01.17 17:36:53.174,1.19973,1.19989,3.74,2.25
2013.01.17 17:36:53.501,1.19974,1.19989,1.08,2.25
2013.01.17 17:36:53.756,1.19973,1.19986,2.88,1.50
2013.01.17 17:36:54.064,1.19974,1.19988,1.65,1.50
2013.01.17 17:36:54.774,1.19974,1.19986,1.65,1.43
2013.01.17 17:36:55.174,1.19974,1.19989,1.65,2.18
2013.01.17 17:36:55.526,1.19973,1.19988,1.05,1.65
2013.01.17 17:36:55.647,1.19971,1.19988,2.48,2.03
2013.01.17 17:36:56.004,1.1997,1.19984,2.13,1.43
2013.01.17 17:36:56.544,1.19968,1.19983,1.52,1.43
2013.01.17 17:36:57.144,1.19967,1.19983,1.73,1.43
2013.01.17 17:36:57.645,1.19965,1.19983,2.48,2.18
2013.01.17 17:36:57.884,1.19965,1.19981,2.48,1.43
2013.01.17 17:36:59.885,1.19964,1.19981,1.88,3.00
2013.01.17 17:37:00.184,1.19962,1.19979,1.50,1.50
2013.01.17 17:37:01.755,1.19961,1.19979,5.63,2.25
2013.01.17 17:37:02.688,1.19962,1.19978,1.73,1.88
2013.01.17 17:37:02.874,1.19962,1.19978,1.73,1.13
2013.01.17 17:37:02.995,1.19962,1.19978,1.73,1.13
2013.01.17 17:37:03.114,1.19961,1.19978,2.63,1.13
2013.01.17 17:37:04.084,1.19962,1.19978,1.73,1.13
2013.01.17 17:37:04.624,1.19967,1.1998,1.73,1.50
2013.01.17 17:37:05.056,1.19965,1.19978,2.48,1.50
2013.01.17 17:37:05.296,1.19959,1.19974,1.73,2.40
2013.01.17 17:37:05.414,1.19955,1.19968,3.75,1.50
2013.01.17 17:37:05.535,1.19955,1.1997,3.00,2.25
2013.01.17 17:37:05.654,1.19954,1.1997,2.25,2.25
2013.01.17 17:37:05.715,1.19956,1.1997,1.50,1.50
2013.01.17 17:37:06.525,1.19956,1.1997,1.73,1.50
2013.01.17 17:37:08.585,1.19956,1.19971,1.73,1.50
2013.01.17 17:37:08.705,1.19957,1.19973,4.13,2.25
2013.01.17 17:37:09.274,1.19957,1.19973,4.88,2.25
2013.01.17 17:37:09.895,1.19957,1.19973,3.26,2.25
2013.01.17 17:37:10.446,1.19961,1.19973,2.48,1.50
2013.01.17 17:37:10.505,1.19961,1.19976,2.48,3.00
2013.01.17 17:37:10.565,1.19962,1.19976,2.48,3.00
2013.01.17 17:37:11.087,1.1996,1.19976,2.48,1.50
2013.01.17 17:37:13.177,1.19957,1.19977,3.61,1.50
2013.01.17 17:37:13.295,1.19961,1.19977,3.23,1.50
2013.01.17 17:37:14.566,1.19961,1.19977,2.48,1.65
2013.01.17 17:37:14.756,1.19956,1.19972,2.35,2.25
2013.01.17 17:37:14.815,1.19956,1.19972,2.10,2.25
2013.01.17 17:37:15.284,1.19956,1.19972,1.35,2.25
2013.01.17 17:37:16.076,1.19958,1.19975,1.35,3.15
2013.01.17 17:37:16.196,1.1996,1.19977,4.13,2.25
2013.01.17 17:37:16.267,1.1996,1.19977,3.98,2.25
2013.01.17 17:37:16.585,1.1996,1.19977,3.23,1.50
2013.01.17 17:37:16.645,1.19961,1.1998,1.35,1.50
2013.01.17 17:37:16.705,1.19963,1.19981,2.48,3.00
2013.01.17 17:37:17.125,1.19968,1.19981,1.73,2.25
2013.01.17 17:37:17.186,1.19968,1.19984,1.73,1.50
2013.01.17 17:37:17.246,1.19968,1.19984,1.73,1.50
2013.01.17 17:37:17.307,1.19968,1.19983,1.73,1.50
2013.01.17 17:37:17.724,1.19968,1.19982,1.73,1.50
2013.01.17 17:37:18.234,1.19964,1.19983,4.88,1.50
2013.01.17 17:37:18.984,1.19965,1.19983,1.73,1.50
2013.01.17 17:37:19.107,1.19969,1.19984,1.73,1.50
2013.01.17 17:37:19.625,1.19969,1.19985,2.48,1.88
2013.01.17 17:37:20.125,1.1997,1.19987,2.48,3.38
2013.01.17 17:37:20.245,1.19974,1.19988,2.48,2.25
2013.01.17 17:37:20.804,1.19974,1.19989,2.48,3.00
2013.01.17 17:37:21.734,1.19974,1.1999,1.73,1.50
2013.01.17 17:37:25.508,1.19975,1.19989,1.35,1.50
2013.01.17 17:37:25.755,1.19985,1.20001,1.73,6.75
2013.01.17 17:37:25.934,1.19985,1.20002,3.23,1.65
2013.01.17 17:37:26.114,1.19985,1.19998,1.73,1.50
2013.01.17 17:37:26.417,1.1998,1.19994,3.23,1.50
2013.01.17 17:37:26.475,1.1998,1.19997,3.23,1.50
2013.01.17 17:37:26.834,1.19979,1.19996,3.75,1.50
2013.01.17 17:37:27.156,1.19982,1.19998,1.34,3.75
2013.01.17 17:37:29.214,1.19982,1.19995,1.34,3.75
2013.01.17 17:37:29.334,1.19982,1.19997,1.16,1.50
2013.01.17 17:37:29.518,1.1998,1.19995,1.60,1.50
2013.01.17 17:37:29.944,1.19982,1.19991,1.02,2.25
2013.01.17 17:37:30.304,1.19981,1.19989,1.02,1.50
2013.01.17 17:37:30.484,1.19976,1.19993,2.91,1.50
2013.01.17 17:37:31.024,1.19977,1.19992,1.41,2.25
2013.01.17 17:37:32.405,1.19976,1.19991,1.18,1.65
2013.01.17 17:37:32.527,1.19974,1.19991,3.28,2.63
2013.01.17 17:37:32.716,1.19974,1.19986,1.73,2.25
2013.01.17 17:37:33.134,1.19968,1.19983,1.14,1.13
2013.01.17 17:37:33.335,1.19973,1.19987,1.14,2.25
2013.01.17 17:37:33.395,1.19973,1.19989,1.32,2.63
2013.01.17 17:37:33.714,1.19975,1.19991,1.59,3.75
2013.01.17 17:37:34.334,1.19976,1.19992,1.36,3.15
2013.01.17 17:37:34.774,1.19975,1.19994,2.16,1.88
2013.01.17 17:37:35.375,1.19975,1.19994,2.16,1.88
2013.01.17 17:37:35.814,1.19975,1.1999,2.16,1.50
2013.01.17 17:37:36.115,1.19976,1.19991,1.32,1.50
2013.01.17 17:37:36.525,1.19978,1.19995,1.34,1.50
2013.01.17 17:37:36.884,1.19978,1.19994,1.32,1.13
2013.01.17 17:37:37.244,1.19975,1.19991,1.52,1.50
2013.01.17 17:37:37.774,1.19975,1.19989,1.29,1.50
2013.01.17 17:37:41.304,1.19973,1.19995,1.98,1.50
2013.01.17 17:37:41.364,1.19975,1.19989,2.73,2.25
2013.01.17 17:37:41.425,1.19977,1.19991,1.75,2.25
2013.01.17 17:37:43.664,1.1998,1.19991,2.02,1.50
2013.01.17 17:37:43.785,1.1998,1.19996,2.17,3.00
2013.01.17 17:37:44.144,1.19982,1.19996,1.27,3.00
2013.01.17 17:37:45.342,1.20003,1.20019,6.23,1.50
2013.01.17 17:37:45.896,1.20004,1.20018,1.73,1.50
2013.01.17 17:37:46.195,1.20005,1.20021,1.13,3.75
2013.01.17 17:37:46.495,1.20007,1.20019,1.09,2.10
2013.01.17 17:37:46.805,1.20007,1.20022,1.52,1.88
2013.01.17 17:37:46.864,1.20005,1.20019,1.45,1.35
2013.01.17 17:37:47.395,1.20006,1.20022,1.95,2.25
2013.01.17 17:37:47.455,1.20006,1.20021,1.95,1.50
2013.01.17 17:37:47.575,1.20006,1.20026,1.50,1.65
2013.01.17 17:37:47.756,1.20006,1.20021,1.47,1.50
2013.01.17 17:37:47.877,1.20006,1.20016,1.25,1.50
2013.01.17 17:37:48.435,1.20005,1.20011,1.80,1.50
2013.01.17 17:37:48.495,1.20001,1.20009,1.02,1.50
2013.01.17 17:37:48.555,1.19999,1.20015,1.02,1.50
2013.01.17 17:37:49.958,1.19997,1.2001,1.02,1.50
2013.01.17 17:37:50.474,1.19997,1.2001,1.14,2.25
2013.01.17 17:37:51.015,1.19997,1.2001,1.07,2.25
2013.01.17 17:37:51.568,1.19997,1.20015,1.07,1.50
2013.01.17 17:37:51.874,1.19997,1.20007,1.07,1.50
2013.01.17 17:37:53.354,1.19999,1.20008,1.21,3.00
2013.01.17 17:37:53.415,1.19996,1.20011,1.12,2.25
2013.01.17 17:37:53.664,1.19996,1.20011,1.50,3.00
2013.01.17 17:37:54.221,1.19996,1.20013,1.50,2.25
2013.01.17 17:37:55.175,1.19996,1.20013,3.00,2.25
2013.01.17 17:37:56.134,1.19999,1.20015,1.73,2.25
2013.01.17 17:37:56.315,1.19997,1.20012,1.88,2.25
2013.01.17 17:37:56.495,1.20008,1.20016,1.88,1.50
2013.01.17 17:37:56.614,1.20012,1.20022,1.13,1.50
2013.01.17 17:37:56.675,1.20012,1.20025,1.13,1.50
2013.01.17 17:37:56.734,1.20012,1.20028,1.13,1.50
2013.01.17 17:37:56.794,1.20013,1.20029,1.38,1.50
2013.01.17 17:37:56.855,1.20012,1.20029,1.13,2.25
2013.01.17 17:37:56.974,1.20012,1.20028,1.13,2.25
2013.01.17 17:37:57.514,1.20013,1.20026,2.48,1.50
2013.01.17 17:37:57.822,1.20014,1.20029,1.32,2.25
2013.01.17 17:37:57.886,1.20015,1.20032,2.48,2.03
2013.01.17 17:37:58.424,1.20014,1.20031,1.23,2.25
2013.01.17 17:37:59.264,1.20014,1.2003,1.23,2.63
2013.01.17 17:37:59.518,1.20016,1.20032,1.73,2.63
2013.01.17 17:37:59.944,1.20016,1.20028,1.73,1.50
2013.01.17 17:38:00.266,1.2001,1.20022,2.16,2.25
2013.01.17 17:38:00.625,1.20009,1.20024,1.75,1.65
2013.01.17 17:38:00.688,1.20007,1.20022,1.35,2.25
2013.01.17 17:38:00.745,1.20007,1.20022,1.35,2.25
2013.01.17 17:38:00.804,1.20007,1.2002,1.35,1.50
2013.01.17 17:38:01.165,1.20004,1.20017,1.13,2.25
2013.01.17 17:38:01.344,1.20001,1.20016,1.73,3.00
2013.01.17 17:38:01.525,1.2,1.20014,2.48,1.13
2013.01.17 17:38:01.585,1.2,1.20014,1.73,1.13
2013.01.17 17:38:01.705,1.2,1.20014,1.73,1.13
2013.01.17 17:38:02.005,1.19994,1.20011,3.75,2.25
2013.01.17 17:38:02.064,1.19994,1.20012,5.25,4.50
2013.01.17 17:38:02.304,1.19991,1.20009,2.25,1.35
2013.01.17 17:38:02.663,1.19991,1.20009,2.40,1.88
2013.01.17 17:38:03.084,1.19991,1.20004,1.50,1.50
2013.01.17 17:38:03.265,1.19987,1.20004,5.03,1.50
2013.01.17 17:38:03.444,1.19987,1.20004,4.28,1.50
2013.01.17 17:38:03.638,1.19984,1.20001,1.50,1.50
2013.01.17 17:38:03.897,1.19981,1.19997,1.50,2.48
2013.01.17 17:38:04.254,1.19981,1.19993,1.50,3.00
2013.01.17 17:38:04.555,1.19981,1.19991,1.50,1.88
2013.01.17 17:38:04.615,1.19977,1.19991,1.65,1.88
2013.01.17 17:38:05.124,1.19977,1.19989,1.50,1.88
2013.01.17 17:38:05.247,1.19975,1.19984,2.25,1.13
2013.01.17 17:38:05.307,1.19966,1.19981,1.50,2.25
2013.01.17 17:38:05.365,1.19965,1.19979,2.25,3.00
2013.01.17 17:38:05.606,1.19965,1.19979,2.25,1.13
2013.01.17 17:38:06.155,1.19965,1.19978,1.50,1.13
2013.01.17 17:38:06.743,1.19964,1.19978,1.50,1.13
2013.01.17 17:38:07.054,1.19966,1.19978,1.50,1.88
2013.01.17 17:38:08.104,1.19966,1.19978,1.50,1.88
2013.01.17 17:38:08.165,1.19963,1.19975,3.75,1.88
2013.01.17 17:38:08.224,1.1996,1.19975,3.00,1.88
2013.01.17 17:38:08.344,1.19958,1.19971,3.00,1.50
2013.01.17 17:38:08.464,1.19958,1.19976,3.00,3.23
2013.01.17 17:38:08.525,1.19962,1.19976,3.75,1.50
2013.01.17 17:38:08.824,1.19965,1.1998,3.00,1.50
2013.01.17 17:38:09.156,1.19967,1.1998,1.50,1.50
2013.01.17 17:38:09.277,1.19973,1.19984,1.50,1.13
2013.01.17 17:38:09.405,1.19975,1.19985,1.50,1.50
2013.01.17 17:38:09.525,1.19974,1.19987,3.00,1.13
2013.01.17 17:38:09.955,1.19974,1.19989,2.25,2.48
2013.01.17 17:38:10.384,1.19974,1.19988,1.50,2.48
2013.01.17 17:38:10.505,1.19975,1.19988,4.50,1.13
2013.01.17 17:38:10.804,1.19975,1.19991,3.00,1.65
2013.01.17 17:38:11.234,1.19975,1.1999,2.25,1.73
2013.01.17 17:38:11.995,1.19974,1.1999,2.25,2.48
2013.01.17 17:38:12.556,1.19964,1.19975,1.73,2.25
2013.01.17 17:38:12.676,1.19959,1.1997,2.25,1.50
2013.01.17 17:38:12.858,1.19961,1.19973,1.61,1.13
2013.01.17 17:38:12.925,1.1996,1.19974,1.50,1.73
2013.01.17 17:38:12.985,1.1996,1.19974,1.65,1.73
2013.01.17 17:38:13.286,1.19962,1.19977,1.88,3.23
2013.01.17 17:38:13.649,1.19963,1.19977,1.28,2.25
2013.01.17 17:38:13.955,1.19963,1.19979,1.13,2.25
2013.01.17 17:38:14.616,1.19964,1.19981,1.50,3.50
2013.01.17 17:38:14.684,1.19965,1.19981,1.50,2.85
2013.01.17 17:38:15.464,1.19966,1.1998,1.50,1.35
2013.01.17 17:38:15.524,1.19969,1.1998,1.50,1.35
2013.01.17 17:38:15.895,1.19969,1.19983,1.50,1.73
2013.01.17 17:38:16.325,1.19969,1.19983,1.65,3.23
2013.01.17 17:38:16.626,1.19972,1.19985,1.50,1.73
2013.01.17 17:38:16.744,1.1997,1.19985,1.50,1.73
2013.01.17 17:38:17.104,1.19968,1.19985,2.40,1.73
2013.01.17 17:38:17.226,1.19972,1.19985,1.50,1.50
2013.01.17 17:38:17.286,1.19975,1.19987,1.50,1.50
2013.01.17 17:38:18.394,1.19974,1.1999,2.40,1.50
2013.01.17 17:38:19.824,1.19975,1.19992,2.40,1.35
2013.01.17 17:38:20.433,1.19975,1.19993,2.40,2.48
2013.01.17 17:38:20.799,1.19976,1.19994,1.50,2.48
2013.01.17 17:38:21.404,1.19978,1.19993,3.00,1.35
2013.01.17 17:38:21.706,1.1998,1.19997,3.15,1.35
2013.01.17 17:38:21.887,1.1998,1.19997,3.15,1.35
2013.01.17 17:38:22.534,1.19983,1.19998,2.25,2.48
2013.01.17 17:38:23.356,1.19983,1.19999,2.25,1.73
2013.01.17 17:38:23.475,1.19986,1.19999,1.50,1.73
2013.01.17 17:38:23.787,1.19983,1.19999,2.25,1.73
2013.01.17 17:38:24.274,1.19983,1.19999,2.40,1.73
2013.01.17 17:38:25.074,1.19983,1.19999,2.25,1.73
2013.01.17 17:38:25.599,1.19991,1.19999,1.50,1.73
2013.01.17 17:38:25.681,1.19991,1.20008,2.25,1.73
2013.01.17 17:38:26.104,1.19991,1.20009,1.80,2.48
2013.01.17 17:38:26.405,1.19992,1.20009,2.40,2.48
2013.01.17 17:38:26.926,1.19993,1.20011,1.65,3.23
2013.01.17 17:38:27.865,1.19994,1.20012,1.65,3.23
2013.01.17 17:38:28.045,1.19996,1.20015,2.40,2.48
2013.01.17 17:38:28.855,1.19995,1.20013,4.88,1.50
2013.01.17 17:38:29.274,1.19999,1.20015,2.40,1.35
2013.01.17 17:38:29.815,1.2,1.20015,3.00,1.35
2013.01.17 17:38:30.115,1.20004,1.20019,1.50,3.00
2013.01.17 17:38:30.655,1.20005,1.20022,1.65,3.00
2013.01.17 17:38:31.134,1.20003,1.20021,1.28,3.23
2013.01.17 17:38:31.494,1.2,1.20015,2.40,1.73
2013.01.17 17:38:32.164,1.20003,1.20018,1.50,3.23
2013.01.17 17:38:32.285,1.20003,1.2002,1.50,2.25
2013.01.17 17:38:32.344,1.20004,1.20022,1.28,2.33
2013.01.17 17:38:32.644,1.20004,1.20023,1.50,3.98
2013.01.17 17:38:33.165,1.20004,1.20023,1.28,3.98
2013.01.17 17:38:33.524,1.20006,1.20019,1.65,1.50
2013.01.17 17:38:34.634,1.20001,1.20018,2.63,2.25
2013.01.17 17:38:34.847,1.20002,1.20017,2.40,1.73
2013.01.17 17:38:36.893,1.2,1.20017,1.28,2.48
2013.01.17 17:38:37.384,1.2,1.20017,1.50,2.48
2013.01.17 17:38:37.698,1.20007,1.20017,1.13,1.50
2013.01.17 17:38:37.770,1.20008,1.20023,1.65,1.50
2013.01.17 17:38:37.895,1.20011,1.20025,1.50,1.73
2013.01.17 17:38:38.255,1.20011,1.20028,3.15,2.10
2013.01.17 17:38:38.565,1.20015,1.20028,1.65,1.73
2013.01.17 17:38:38.746,1.20017,1.20034,1.35,3.98
2013.01.17 17:38:39.285,1.20019,1.20035,3.00,1.73
2013.01.17 17:38:39.956,1.20019,1.20031,2.25,1.50
2013.01.17 17:38:40.256,1.20021,1.20033,1.28,1.50
2013.01.17 17:38:40.375,1.20023,1.20037,1.50,2.25
2013.01.17 17:38:40.436,1.20023,1.20037,1.50,2.25
2013.01.17 17:38:40.674,1.20023,1.20041,3.00,2.48
2013.01.17 17:38:40.796,1.20023,1.20038,1.50,1.50
2013.01.17 17:38:41.196,1.20024,1.20036,1.35,1.50
2013.01.17 17:38:41.434,1.20024,1.2004,1.35,1.73
2013.01.17 17:38:41.849,1.20024,1.20038,3.60,1.50
2013.01.17 17:38:42.240,1.20024,1.20038,3.60,1.50
2013.01.17 17:38:42.364,1.20024,1.20038,3.60,1.50
2013.01.17 17:38:42.424,1.20024,1.20038,3.60,1.50
2013.01.17 17:38:42.907,1.20024,1.20036,1.73,1.50
2013.01.17 17:38:43.145,1.20023,1.20036,3.23,1.50
2013.01.17 17:38:43.264,1.20021,1.20036,1.50,2.25
2013.01.17 17:38:43.325,1.20021,1.20036,1.50,2.48
2013.01.17 17:38:43.685,1.20019,1.20034,1.50,1.73
2013.01.17 17:38:43.864,1.20017,1.20033,3.00,1.73
2013.01.17 17:38:43.926,1.20017,1.20031,3.00,1.73
2013.01.17 17:38:44.465,1.20017,1.20029,1.50,1.13
2013.01.17 17:38:45.547,1.20012,1.20028,6.15,1.50
2013.01.17 17:38:46.499,1.20013,1.20028,1.13,1.50
2013.01.17 17:38:46.628,1.20018,1.20032,1.65,1.73
2013.01.17 17:38:47.105,1.20016,1.20031,1.13,3.23
2013.01.17 17:38:47.164,1.20014,1.20031,1.88,3.38
2013.01.17 17:38:47.524,1.20009,1.20026,2.03,3.66
2013.01.17 17:38:47.704,1.20009,1.20025,1.28,1.18
2013.01.17 17:38:48.014,1.20009,1.20025,1.28,1.25
2013.01.17 17:38:48.546,1.20009,1.20026,1.28,3.23
2013.01.17 17:38:49.216,1.20009,1.20026,1.13,2.85
2013.01.17 17:38:49.274,1.20011,1.20026,4.65,2.48
2013.01.17 17:38:49.334,1.20011,1.20026,4.50,2.25
2013.01.17 17:38:49.876,1.20011,1.20028,3.15,1.50
2013.01.17 17:38:50.277,1.20017,1.20031,1.50,1.50
2013.01.17 17:38:50.404,1.20016,1.20034,2.40,3.98
2013.01.17 17:38:50.766,1.20017,1.20034,4.13,1.50
2013.01.17 17:38:51.684,1.20018,1.20037,1.65,3.75
2013.01.17 17:38:52.187,1.20018,1.20033,2.25,1.50
2013.01.17 17:38:52.678,1.20016,1.20032,1.65,1.50
2013.01.17 17:38:53.085,1.20014,1.20026,2.40,2.48
2013.01.17 17:38:53.145,1.20014,1.20026,1.50,1.88
2013.01.17 17:38:53.206,1.2001,1.20025,6.00,2.04
2013.01.17 17:38:53.384,1.20011,1.20024,2.25,1.88
2013.01.17 17:38:53.445,1.20012,1.20026,1.50,2.48
2013.01.17 17:38:53.565,1.20008,1.20026,2.40,3.23
2013.01.17 17:38:53.627,1.20008,1.20026,1.65,3.23
2013.01.17 17:38:53.744,1.20008,1.20026,1.65,3.23
2013.01.17 17:38:54.594,1.20006,1.20023,2.25,3.23
2013.01.17 17:38:55.075,1.20004,1.20018,1.50,1.73
2013.01.17 17:38:55.254,1.20001,1.20017,2.78,1.73
2013.01.17 17:38:55.628,1.2,1.20014,1.50,1.73
2013.01.17 17:38:55.934,1.19997,1.20014,1.28,2.48
2013.01.17 17:38:57.134,1.19997,1.20013,1.28,2.48
2013.01.17 17:38:57.437,1.19993,1.20005,3.00,1.73
2013.01.17 17:38:57.494,1.19993,1.20005,1.50,1.73
2013.01.17 17:38:58.044,1.19991,1.20007,1.65,2.48
2013.01.17 17:38:58.285,1.19994,1.20007,2.25,1.50
2013.01.17 17:38:58.944,1.19994,1.2001,2.25,2.15
2013.01.17 17:38:59.394,1.19995,1.20009,2.25,1.15
2013.01.17 17:39:00.115,1.19995,1.20009,1.50,1.10
2013.01.17 17:39:00.415,1.19993,1.20009,1.50,1.22
2013.01.17 17:39:01.055,1.19993,1.20009,1.50,1.22
2013.01.17 17:39:02.586,1.19993,1.20011,2.25,2.38
2013.01.17 17:39:02.975,1.19996,1.20011,1.50,2.38
2013.01.17 17:39:03.584,1.19995,1.20011,1.50,2.38
2013.01.17 17:39:03.885,1.19998,1.20011,1.50,1.07
2013.01.17 17:39:03.944,1.19998,1.20012,1.50,2.48
2013.01.17 17:39:04.244,1.19997,1.20014,1.65,3.23
2013.01.17 17:39:04.665,1.19995,1.20011,1.65,2.61
2013.01.17 17:39:04.725,1.19995,1.20011,3.00,1.11
2013.01.17 17:39:05.095,1.19994,1.2001,3.00,2.16
2013.01.17 17:39:05.215,1.19994,1.2001,3.00,1.73
2013.01.17 17:39:05.455,1.19994,1.2001,2.25,1.20
2013.01.17 17:39:06.075,1.19993,1.20011,1.88,1.73
2013.01.17 17:39:06.637,1.19997,1.20013,1.50,3.23
2013.01.17 17:39:06.915,1.19995,1.20013,3.00,3.23
2013.01.17 17:39:07.034,1.19995,1.20013,3.00,3.23
2013.01.17 17:39:08.479,1.19996,1.20012,2.25,3.23
2013.01.17 17:39:08.558,1.19999,1.20014,1.65,1.73
2013.01.17 17:39:08.630,1.20001,1.20018,1.50,3.60
2013.01.17 17:39:08.754,1.20002,1.20019,1.65,3.30
2013.01.17 17:39:09.270,1.20003,1.2002,1.50,1.05
2013.01.17 17:39:10.175,1.20003,1.2002,2.25,1.05
2013.01.17 17:39:10.838,1.19999,1.20017,3.75,2.07
2013.01.17 17:39:10.904,1.19999,1.20016,3.15,2.85
2013.01.17 17:39:11.025,1.19999,1.20015,3.15,1.73
2013.01.17 17:39:12.324,1.19999,1.20016,3.90,1.35
2013.01.17 17:39:12.843,1.19999,1.20017,4.65,2.48
2013.01.17 17:39:13.362,1.20001,1.20017,1.65,2.48
2013.01.17 17:39:13.503,1.20001,1.20017,1.65,2.25
2013.01.17 17:39:14.245,1.20002,1.20017,1.50,2.25
2013.01.17 17:39:14.424,1.20003,1.2002,1.50,5.18
2013.01.17 17:39:14.726,1.20004,1.20014,1.88,1.50
2013.01.17 17:39:16.066,1.20007,1.20014,1.50,1.50
2013.01.17 17:39:16.125,1.20007,1.20018,1.50,1.73
2013.01.17 17:39:16.245,1.20007,1.20018,1.65,1.50
2013.01.17 17:39:16.305,1.20009,1.20022,2.25,2.48
2013.01.17 17:39:17.294,1.20009,1.20024,1.88,1.73
2013.01.17 17:39:20.344,1.20009,1.20024,1.50,2.48
2013.01.17 17:39:20.885,1.20009,1.20022,1.50,1.73
2013.01.17 17:39:21.275,1.20007,1.2002,1.50,1.50
2013.01.17 17:39:21.335,1.20004,1.20017,1.50,1.50
2013.01.17 17:39:21.805,1.20006,1.20018,1.50,1.73
2013.01.17 17:39:21.985,1.20009,1.20019,1.50,1.73
2013.01.17 17:39:22.535,1.20009,1.20021,3.00,2.48
2013.01.17 17:39:23.094,1.20007,1.20021,1.50,2.48
2013.01.17 17:39:24.586,1.20008,1.20021,2.25,1.73
2013.01.17 17:39:25.325,1.20007,1.20021,3.75,1.73
2013.01.17 17:39:25.864,1.20006,1.20021,4.65,1.73
2013.01.17 17:39:26.404,1.20005,1.20021,2.25,3.98
2013.01.17 17:39:26.917,1.20006,1.20021,2.25,3.98
2013.01.17 17:39:27.665,1.20007,1.20022,3.00,2.48
2013.01.17 17:39:29.864,1.20005,1.2002,1.50,1.73
2013.01.17 17:39:29.985,1.20009,1.20022,1.50,3.23
2013.01.17 17:39:30.167,1.20009,1.20022,1.50,1.73
2013.01.17 17:39:30.476,1.2001,1.20025,1.13,1.73
2013.01.17 17:39:31.045,1.2001,1.20025,1.88,1.73
2013.01.17 17:39:31.105,1.2001,1.20022,1.88,1.73
2013.01.17 17:39:31.804,1.2001,1.20022,1.88,1.73
2013.01.17 17:39:32.166,1.20007,1.20019,1.13,2.48
2013.01.17 17:39:32.347,1.20007,1.20019,1.13,2.48
2013.01.17 17:39:33.307,1.20008,1.20019,3.15,1.73
2013.01.17 17:39:33.438,1.20012,1.20022,2.25,3.23
2013.01.17 17:39:33.505,1.20012,1.20024,2.25,1.73
2013.01.17 17:39:33.565,1.20012,1.20024,2.25,1.73
2013.01.17 17:39:33.625,1.20012,1.20025,2.25,1.73
2013.01.17 17:39:33.685,1.20012,1.20025,2.25,1.73
2013.01.17 17:39:33.806,1.20011,1.20024,1.65,1.73
2013.01.17 17:39:35.295,1.20014,1.2002,1.50,1.50
2013.01.17 17:39:35.654,1.20015,1.20025,1.50,1.73
2013.01.17 17:39:36.355,1.20015,1.20025,1.50,2.48
2013.01.17 17:39:36.474,1.20016,1.20025,1.13,2.25
2013.01.17 17:39:36.534,1.20016,1.20025,1.13,1.50
2013.01.17 17:39:37.136,1.20012,1.20023,2.25,1.50
2013.01.17 17:39:37.729,1.20012,1.20019,2.25,1.50
2013.01.17 17:39:37.964,1.20009,1.20019,3.15,1.50
2013.01.17 17:39:39.279,1.20009,1.20021,2.40,2.48
2013.01.17 17:39:39.644,1.20009,1.20023,2.63,1.73
2013.01.17 17:39:39.945,1.20009,1.20021,1.65,2.25
2013.01.17 17:39:40.005,1.20008,1.20021,1.88,2.25
2013.01.17 17:39:40.431,1.20008,1.20018,1.88,1.50
2013.01.17 17:39:40.785,1.20007,1.20016,1.50,1.50
2013.01.17 17:39:41.024,1.20005,1.20016,2.03,1.50
2013.01.17 17:39:41.625,1.20005,1.20016,1.88,1.50
2013.01.17 17:39:42.825,1.20004,1.20014,1.65,1.50
2013.01.17 17:39:43.365,1.20004,1.20012,1.65,1.50
2013.01.17 17:39:43.428,1.20002,1.20012,1.50,1.50
2013.01.17 17:39:43.735,1.20002,1.20009,1.50,1.50
2013.01.17 17:39:44.041,1.19998,1.20009,3.38,1.50
2013.01.17 17:39:44.285,1.19998,1.20009,3.38,2.48
2013.01.17 17:39:44.645,1.19998,1.20006,3.00,2.48
2013.01.17 17:39:44.825,1.19994,1.20007,2.25,3.23
2013.01.17 17:39:44.885,1.19994,1.20007,2.25,1.73
2013.01.17 17:39:44.945,1.19993,1.20007,1.50,1.73
2013.01.17 17:39:45.315,1.19993,1.20007,1.50,3.23
2013.01.17 17:39:45.864,1.1999,1.20007,1.88,3.23
2013.01.17 17:39:47.604,1.1999,1.20006,1.88,1.73
2013.01.17 17:39:47.944,1.1999,1.20006,1.88,1.73
2013.01.17 17:39:50.051,1.1999,1.20004,1.13,1.73
2013.01.17 17:39:50.115,1.19988,1.20004,3.23,1.73
2013.01.17 17:39:50.174,1.19988,1.20003,2.25,2.48
2013.01.17 17:39:50.714,1.19988,1.20001,2.25,2.48
2013.01.17 17:39:51.275,1.19985,1.19997,2.25,1.50
2013.01.17 17:39:51.395,1.19985,1.19997,2.25,1.73
2013.01.17 17:39:51.894,1.19986,1.2,2.40,5.10
2013.01.17 17:39:52.014,1.19986,1.2,2.40,3.60
2013.01.17 17:39:52.334,1.19984,1.2,1.50,3.60
2013.01.17 17:39:52.727,1.19986,1.2,1.50,2.10
2013.01.17 17:39:53.025,1.19983,1.19998,3.00,1.73
2013.01.17 17:39:53.547,1.19981,1.19995,3.90,1.73
2013.01.17 17:39:53.875,1.19982,1.19998,1.88,1.13
2013.01.17 17:39:53.995,1.19988,1.2,1.05,1.50
2013.01.17 17:39:54.055,1.1999,1.20001,1.50,1.50
2013.01.17 17:39:54.116,1.1999,1.19998,1.50,1.50
2013.01.17 17:39:54.175,1.19988,1.19998,2.25,1.50
2013.01.17 17:39:54.235,1.19987,1.19998,9.23,1.50
2013.01.17 17:39:54.354,1.19984,1.19999,1.65,2.48
2013.01.17 17:39:54.655,1.19985,1.19998,1.13,1.73
2013.01.17 17:39:54.775,1.19986,1.19998,1.13,1.50
2013.01.17 17:39:54.834,1.19989,1.19998,1.13,1.50
2013.01.17 17:39:55.015,1.19989,1.20001,1.13,3.23
2013.01.17 17:39:55.492,1.19988,1.19999,2.63,1.73
2013.01.17 17:39:56.944,1.19987,1.20001,1.65,1.73
2013.01.17 17:39:57.426,1.19985,1.2,1.88,2.48
2013.01.17 17:39:57.486,1.19985,1.2,1.88,2.48
2013.01.17 17:39:57.615,1.19985,1.2,1.13,3.23
2013.01.17 17:39:57.707,1.19985,1.2,1.13,3.23
2013.01.17 17:39:57.936,1.19985,1.2,2.03,3.23
2013.01.17 17:39:58.265,1.19985,1.19998,1.28,1.73
2013.01.17 17:39:58.565,1.19991,1.19999,1.50,1.50
2013.01.17 17:39:58.685,1.19986,1.2,1.13,1.50
2013.01.17 17:39:58.745,1.19986,1.2,1.13,1.73
2013.01.17 17:39:58.984,1.19985,1.20001,2.25,3.23
2013.01.17 17:39:59.195,1.19985,1.20001,1.50,3.98
2013.01.17 17:39:59.494,1.19984,1.19996,4.13,1.73
2013.01.17 17:39:59.815,1.19984,1.19996,1.13,2.10
2013.01.17 17:40:00.055,1.19983,1.19993,3.00,1.50
2013.01.17 17:40:00.414,1.19972,1.19988,2.40,1.73
2013.01.17 17:40:00.474,1.19973,1.19988,1.50,1.73
2013.01.17 17:40:00.655,1.19979,1.19988,1.13,1.50
2013.01.17 17:40:00.835,1.19981,1.19993,1.50,1.35
2013.01.17 17:40:01.195,1.19978,1.19986,1.50,1.50
2013.01.17 17:40:01.256,1.19972,1.19983,1.28,1.93
2013.01.17 17:40:01.555,1.19968,1.19983,3.15,1.93
2013.01.17 17:40:01.614,1.19966,1.19982,1.50,1.34
2013.01.17 17:40:02.154,1.19966,1.19981,2.40,2.09
2013.01.17 17:40:03.219,1.19964,1.1998,1.28,1.25
2013.01.17 17:40:03.287,1.19963,1.19979,3.00,1.73
2013.01.17 17:40:03.345,1.19963,1.19978,1.50,2.29
2013.01.17 17:40:03.585,1.19964,1.19978,1.28,2.10
2013.01.17 17:40:04.005,1.19961,1.19979,3.15,2.27
2013.01.17 17:40:04.815,1.19965,1.1998,1.50,1.47
2013.01.17 17:40:05.115,1.19963,1.19978,3.38,1.54
2013.01.17 17:40:05.416,1.19962,1.19977,2.25,2.29
2013.01.17 17:40:05.965,1.19961,1.19976,2.63,1.29
2013.01.17 17:40:06.708,1.19961,1.19976,2.63,2.04
2013.01.17 17:40:06.897,1.19958,1.19973,2.78,1.35
2013.01.17 17:40:07.434,1.19957,1.19971,2.40,1.35
2013.01.17 17:40:07.548,1.19957,1.19971,2.40,1.35
2013.01.17 17:40:07.674,1.19962,1.19976,2.25,5.48
2013.01.17 17:40:08.370,1.19965,1.19979,2.25,1.73
2013.01.17 17:40:08.445,1.19963,1.19978,1.28,1.73
2013.01.17 17:40:08.567,1.19962,1.19975,2.25,2.10
2013.01.17 17:40:09.244,1.19961,1.19974,1.28,1.35
2013.01.17 17:40:09.364,1.19964,1.19975,1.50,1.73
2013.01.17 17:40:09.784,1.19964,1.19978,1.65,2.48
2013.01.17 17:40:09.965,1.19966,1.19982,1.88,2.48
2013.01.17 17:40:10.025,1.1997,1.19982,1.50,2.25
2013.01.17 17:40:10.091,1.1997,1.19983,2.25,2.25
2013.01.17 17:40:10.218,1.19972,1.19983,1.50,1.50
2013.01.17 17:40:10.288,1.19967,1.19983,2.40,2.25
2013.01.17 17:40:10.475,1.19964,1.19978,1.50,1.50
2013.01.17 17:40:10.835,1.19962,1.19974,1.50,2.25
2013.01.17 17:40:11.136,1.19958,1.19971,2.25,1.50
2013.01.17 17:40:11.195,1.19958,1.1997,1.50,1.50
2013.01.17 17:40:11.554,1.19956,1.1997,1.50,3.23
2013.01.17 17:40:11.614,1.19956,1.19969,1.73,1.50
2013.01.17 17:40:11.675,1.19955,1.1997,3.38,1.50
2013.01.17 17:40:12.564,1.19956,1.19973,3.75,1.73
2013.01.17 17:40:13.205,1.19957,1.19968,1.65,1.50
2013.01.17 17:40:14.112,1.19957,1.19968,2.40,1.50
2013.01.17 17:40:14.634,1.19959,1.19969,1.50,1.73
2013.01.17 17:40:16.115,1.19959,1.19973,1.73,1.73
2013.01.17 17:40:17.275,1.19959,1.19972,1.65,1.73
2013.01.17 17:40:17.834,1.1996,1.19973,1.50,1.73
2013.01.17 17:40:18.075,1.19955,1.19972,3.15,1.73
2013.01.17 17:40:19.504,1.19953,1.1997,1.28,3.98
2013.01.17 17:40:20.454,1.19953,1.1997,1.28,3.23
2013.01.17 17:40:20.575,1.19953,1.19968,1.13,2.48
2013.01.17 17:40:20.694,1.19952,1.19966,1.50,1.73
2013.01.17 17:40:20.998,1.19952,1.19966,1.50,1.73
2013.01.17 17:40:21.365,1.1995,1.19968,2.78,2.48
2013.01.17 17:40:21.485,1.19951,1.19966,1.65,2.25
2013.01.17 17:40:21.666,1.19954,1.1997,2.25,1.35
2013.01.17 17:40:21.784,1.19957,1.1997,1.50,1.35
2013.01.17 17:40:21.908,1.1996,1.19968,1.50,2.48
2013.01.17 17:40:21.976,1.1996,1.19968,1.50,2.25
2013.01.17 17:40:22.594,1.19956,1.19963,1.50,4.13
2013.01.17 17:40:22.671,1.1995,1.19959,1.50,1.73
2013.01.17 17:40:22.737,1.19949,1.1996,1.50,1.50
2013.01.17 17:40:22.865,1.19946,1.1996,1.50,1.73
2013.01.17 17:40:23.105,1.19948,1.19959,1.50,1.73
2013.01.17 17:40:23.829,1.19948,1.19963,1.65,2.10
2013.01.17 17:40:24.682,1.19948,1.19965,4.65,1.35
2013.01.17 17:40:24.945,1.19947,1.19963,2.78,2.48
2013.01.17 17:40:25.065,1.19947,1.19963,4.28,2.48
2013.01.17 17:40:25.196,1.1995,1.19964,1.50,2.48
2013.01.17 17:40:25.554,1.1995,1.19966,1.50,2.42
2013.01.17 17:40:26.632,1.19949,1.19964,1.50,1.73
2013.01.17 17:40:27.195,1.1995,1.19964,1.50,1.73
2013.01.17 17:40:27.724,1.19948,1.19964,2.25,2.48
2013.01.17 17:40:30.209,1.1995,1.19964,2.40,1.35
2013.01.17 17:40:30.275,1.1995,1.19964,2.40,1.35
2013.01.17 17:40:31.318,1.19953,1.19966,1.50,1.35
2013.01.17 17:40:34.455,1.19954,1.19967,1.50,1.73
2013.01.17 17:40:35.855,1.19954,1.1997,1.50,1.73
2013.01.17 17:40:36.864,1.19951,1.19967,6.15,1.73
2013.01.17 17:40:37.511,1.19951,1.19961,2.25,1.50
2013.01.17 17:40:37.595,1.19945,1.19961,1.28,2.48
2013.01.17 17:40:38.325,1.19944,1.1996,1.65,3.23
2013.01.17 17:40:38.386,1.19948,1.1996,1.50,3.23
2013.01.17 17:40:38.688,1.19948,1.19957,1.50,1.73
2013.01.17 17:40:39.012,1.19945,1.19955,1.50,1.73
2013.01.17 17:40:39.255,1.1994,1.19955,2.25,3.38
2013.01.17 17:40:39.315,1.1994,1.19955,2.25,4.20
2013.01.17 17:40:39.735,1.19937,1.19951,1.50,1.88
2013.01.17 17:40:39.854,1.19937,1.1995,1.50,1.35
2013.01.17 17:40:40.184,1.19936,1.19948,1.50,1.13
2013.01.17 17:40:40.427,1.19933,1.19948,1.50,1.13
2013.01.17 17:40:40.547,1.19933,1.19949,1.50,1.13
2013.01.17 17:40:40.847,1.19935,1.19949,1.50,1.13
2013.01.17 17:40:41.501,1.19934,1.19949,1.50,1.13
2013.01.17 17:40:41.895,1.19937,1.19952,1.50,1.73
2013.01.17 17:40:41.956,1.19938,1.19952,1.50,1.73
2013.01.17 17:40:42.144,1.19941,1.19954,1.50,2.10
2013.01.17 17:40:42.325,1.19942,1.19956,2.25,1.13
2013.01.17 17:40:42.445,1.19942,1.19958,3.00,1.13
2013.01.17 17:40:42.926,1.19942,1.19957,1.50,1.13
2013.01.17 17:40:43.522,1.19942,1.19957,1.50,1.13
2013.01.17 17:40:44.455,1.19941,1.19956,4.50,1.13
2013.01.17 17:40:44.755,1.19939,1.19949,1.50,1.13
2013.01.17 17:40:44.815,1.19939,1.19949,1.50,1.13
2013.01.17 17:40:44.877,1.19935,1.19949,1.50,2.63
2013.01.17 17:40:45.056,1.19932,1.19949,1.50,2.63
2013.01.17 17:40:45.176,1.19932,1.19945,1.50,1.73
2013.01.17 17:40:45.595,1.1993,1.19946,1.50,1.13
2013.01.17 17:40:46.146,1.19929,1.19946,2.25,1.13
2013.01.17 17:40:46.445,1.19929,1.19946,2.48,1.13
2013.01.17 17:40:46.964,1.19929,1.19946,2.48,1.13
2013.01.17 17:40:48.155,1.19928,1.19943,1.73,2.63
2013.01.17 17:40:48.214,1.19926,1.19943,2.85,3.75
2013.01.17 17:40:48.334,1.19925,1.19939,1.50,1.13
2013.01.17 17:40:48.576,1.19922,1.1994,1.50,1.73
2013.01.17 17:40:49.134,1.1992,1.19938,2.48,1.73
2013.01.17 17:40:50.133,1.19918,1.19935,2.10,2.25
2013.01.17 17:40:50.752,1.1992,1.19936,1.50,1.35
2013.01.17 17:40:51.054,1.1992,1.19936,1.50,2.10
2013.01.17 17:40:51.566,1.19917,1.19934,1.50,2.48
2013.01.17 17:40:51.785,1.19915,1.19934,2.03,3.23
2013.01.17 17:40:52.345,1.19917,1.19934,2.25,1.73
2013.01.17 17:40:52.464,1.19917,1.19934,3.75,1.73
2013.01.17 17:40:53.297,1.19921,1.19936,1.35,1.73
2013.01.17 17:40:53.416,1.19924,1.19938,2.25,2.48
2013.01.17 17:40:53.595,1.19925,1.19943,3.75,4.50
2013.01.17 17:40:54.114,1.19925,1.19943,1.50,1.50
2013.01.17 17:40:54.654,1.19924,1.19943,3.23,2.25
2013.01.17 17:40:54.715,1.19924,1.19943,3.23,2.25
2013.01.17 17:40:55.254,1.19921,1.1994,2.48,2.25
2013.01.17 17:40:55.675,1.19921,1.19939,2.48,1.13
2013.01.17 17:40:56.094,1.19919,1.19938,3.00,2.48
2013.01.17 17:40:56.735,1.1992,1.19938,1.35,3.23
2013.01.17 17:40:56.916,1.19924,1.19938,1.73,2.25
2013.01.17 17:40:57.435,1.19924,1.19937,1.73,2.25
2013.01.17 17:40:57.795,1.19918,1.19935,1.13,3.23
2013.01.17 17:40:58.305,1.19918,1.19933,1.88,1.73
2013.01.17 17:40:58.644,1.1992,1.19934,2.25,1.35
2013.01.17 17:40:58.825,1.19917,1.19934,1.73,3.60
2013.01.17 17:40:59.135,1.19916,1.19931,2.63,1.73
2013.01.17 17:40:59.436,1.19915,1.19926,1.50,1.13
2013.01.17 17:40:59.562,1.19909,1.19923,2.25,1.13
2013.01.17 17:40:59.865,1.19899,1.19921,3.38,4.73
2013.01.17 17:40:59.926,1.19903,1.1992,2.48,1.13
2013.01.17 17:40:59.989,1.19902,1.19916,1.35,1.50
2013.01.17 17:41:00.056,1.19901,1.19916,2.33,2.48
2013.01.17 17:41:00.896,1.19898,1.19914,3.98,1.73
2013.01.17 17:41:01.195,1.199,1.19916,1.05,3.23
2013.01.17 17:41:01.555,1.19909,1.19925,3.75,3.23
2013.01.17 17:41:02.123,1.19912,1.19925,1.50,1.73
2013.01.17 17:41:02.426,1.19915,1.19929,3.75,1.73
2013.01.17 17:41:02.792,1.19913,1.19928,1.50,1.13
2013.01.17 17:41:02.854,1.19911,1.19927,2.25,1.13
2013.01.17 17:41:03.405,1.19909,1.19922,2.25,1.13
2013.01.17 17:41:03.526,1.19907,1.19922,1.50,1.13
2013.01.17 17:41:03.886,1.19902,1.19918,3.08,1.13
2013.01.17 17:41:03.945,1.19905,1.19919,1.50,1.35
2013.01.17 17:41:04.486,1.19904,1.1992,1.65,2.10
2013.01.17 17:41:05.018,1.19909,1.1992,1.50,1.88
2013.01.17 17:41:05.265,1.19915,1.19923,3.15,1.41
2013.01.17 17:41:05.325,1.19918,1.19923,1.50,1.41
2013.01.17 17:41:05.747,1.19918,1.19935,2.25,1.35
2013.01.17 17:41:06.255,1.19918,1.19935,2.25,3.75
2013.01.17 17:41:07.725,1.1992,1.19935,2.25,1.13
2013.01.17 17:41:08.275,1.19919,1.19935,3.00,1.13
2013.01.17 17:41:09.065,1.19919,1.19937,3.23,3.38
2013.01.17 17:41:09.426,1.19923,1.19937,1.50,1.13
2013.01.17 17:41:09.843,1.19925,1.19937,1.50,1.13
2013.01.17 17:41:10.595,1.19925,1.19937,1.50,1.13
2013.01.17 17:41:10.955,1.19929,1.19941,1.50,1.13
2013.01.17 17:41:11.096,1.19927,1.19941,1.50,1.13
2013.01.17 17:41:11.215,1.19925,1.19941,2.25,1.13
2013.01.17 17:41:12.059,1.19922,1.1994,3.60,3.23
2013.01.17 17:41:12.136,1.19922,1.1994,1.50,3.98
2013.01.17 17:41:12.366,1.19922,1.19935,1.50,2.25
2013.01.17 17:41:12.724,1.1992,1.19934,1.50,1.88
2013.01.17 17:41:14.065,1.19918,1.19934,2.25,1.88
2013.01.17 17:41:14.307,1.19916,1.19932,3.23,2.85
2013.01.17 17:41:14.378,1.19916,1.19927,2.48,2.63
2013.01.17 17:41:14.448,1.19911,1.19925,1.13,1.13
2013.01.17 17:41:14.626,1.19911,1.19923,1.13,1.13
2013.01.17 17:41:14.986,1.19909,1.19923,2.25,1.13
2013.01.17 17:41:15.385,1.19909,1.19923,3.00,1.13
2013.01.17 17:41:15.446,1.1991,1.19923,2.48,1.13
2013.01.17 17:41:15.507,1.19915,1.19928,1.50,2.63
2013.01.17 17:41:16.106,1.19913,1.19928,1.13,1.13
2013.01.17 17:41:17.426,1.19914,1.1993,2.25,1.88
2013.01.17 17:41:17.485,1.19918,1.19931,1.50,1.13
2013.01.17 17:41:17.606,1.19916,1.19931,1.50,1.13
2013.01.17 17:41:17.905,1.19914,1.19931,2.10,2.25
2013.01.17 17:41:18.146,1.19916,1.19931,1.50,1.88
2013.01.17 17:41:18.264,1.19916,1.19932,1.73,1.13
2013.01.17 17:41:18.385,1.19919,1.19932,1.50,1.13
2013.01.17 17:41:18.568,1.19916,1.19934,2.48,3.23
2013.01.17 17:41:18.636,1.19916,1.19933,2.25,1.73
2013.01.17 17:41:19.126,1.19919,1.19933,1.50,3.38
2013.01.17 17:41:19.825,1.19921,1.19933,1.50,1.88
2013.01.17 17:41:19.945,1.19921,1.19935,1.50,1.13
2013.01.17 17:41:21.077,1.19911,1.19927,3.00,1.13
2013.01.17 17:41:21.586,1.19911,1.19927,3.00,1.13
2013.01.17 17:41:23.467,1.19913,1.19928,2.25,1.88
2013.01.17 17:41:23.886,1.19915,1.19931,3.00,1.58
2013.01.17 17:41:23.944,1.19918,1.19931,2.48,1.58
2013.01.17 17:41:24.135,1.19922,1.19937,1.50,1.28
2013.01.17 17:41:25.955,1.19919,1.19935,2.85,1.73
2013.01.17 17:41:26.314,1.19919,1.19935,1.73,2.48
2013.01.17 17:41:28.174,1.19921,1.19938,1.13,1.88
2013.01.17 17:41:29.617,1.19924,1.19938,1.50,2.48
2013.01.17 17:41:30.200,1.1993,1.1994,2.25,1.50
2013.01.17 17:41:30.280,1.1993,1.19943,3.00,2.48
2013.01.17 17:41:31.315,1.19931,1.19948,1.73,2.48
2013.01.17 17:41:31.435,1.19931,1.19947,1.50,2.48
2013.01.17 17:41:31.497,1.1993,1.19947,2.48,2.48
2013.01.17 17:41:32.085,1.19931,1.19947,1.13,2.48
2013.01.17 17:41:32.385,1.19931,1.19947,1.35,4.73
2013.01.17 17:41:32.655,1.19931,1.19947,2.10,3.98
2013.01.17 17:41:32.716,1.19934,1.1995,1.50,3.38
2013.01.17 17:41:32.896,1.19935,1.19952,3.75,1.13
2013.01.17 17:41:33.015,1.19936,1.19952,1.73,1.13
2013.01.17 17:41:33.135,1.19937,1.19954,1.73,1.50
2013.01.17 17:41:34.134,1.19941,1.19955,2.48,1.73
2013.01.17 17:41:34.194,1.19941,1.19956,2.48,1.73
2013.01.17 17:41:34.735,1.19939,1.19953,1.73,2.25
2013.01.17 17:41:34.796,1.19937,1.19953,2.63,2.25
2013.01.17 17:41:34.855,1.19937,1.19953,2.63,2.48
2013.01.17 17:41:37.316,1.1994,1.19956,1.73,4.13
2013.01.17 17:41:37.735,1.19945,1.19956,1.50,1.88
2013.01.17 17:41:37.855,1.1994,1.19956,1.73,2.63
2013.01.17 17:41:38.596,1.19942,1.19959,3.23,1.50
2013.01.17 17:41:38.656,1.19944,1.1996,1.73,1.13
2013.01.17 17:41:38.777,1.19945,1.19963,5.48,2.25
2013.01.17 17:41:39.398,1.19945,1.19963,1.73,3.75
2013.01.17 17:41:39.945,1.19944,1.19963,2.48,1.50
2013.01.17 17:41:40.566,1.19942,1.1996,3.23,1.88
2013.01.17 17:41:40.625,1.19942,1.1996,1.73,1.88
2013.01.17 17:41:43.975,1.19941,1.19958,1.73,3.23
2013.01.17 17:41:44.154,1.1994,1.19956,1.73,1.13
2013.01.17 17:41:47.925,1.19943,1.19957,1.13,1.73
2013.01.17 17:41:48.166,1.19945,1.1996,1.73,1.50
2013.01.17 17:41:48.226,1.19945,1.19959,1.73,1.50
2013.01.17 17:41:48.585,1.19943,1.19956,2.48,1.50
2013.01.17 17:41:50.224,1.19942,1.19956,1.73,2.25
2013.01.17 17:41:50.934,1.19942,1.19956,1.73,2.25
2013.01.17 17:41:51.825,1.19948,1.19956,1.50,2.25
2013.01.17 17:41:52.004,1.19948,1.19959,1.73,1.50
2013.01.17 17:41:52.246,1.19946,1.19958,1.50,2.48
2013.01.17 17:41:52.304,1.19943,1.19955,1.88,1.50
2013.01.17 17:41:52.365,1.19943,1.19955,1.88,1.50
2013.01.17 17:41:53.856,1.1994,1.19951,3.00,1.88
2013.01.17 17:41:53.976,1.19936,1.19949,2.48,3.00
2013.01.17 17:41:54.097,1.19935,1.19949,1.73,3.00
2013.01.17 17:41:54.156,1.19936,1.19949,1.73,3.00
2013.01.17 17:41:54.275,1.19939,1.19951,1.50,1.73
2013.01.17 17:41:54.395,1.19939,1.19953,1.50,1.35
2013.01.17 17:41:54.457,1.19938,1.19953,3.23,1.35
2013.01.17 17:41:54.636,1.19936,1.19952,1.73,1.50
2013.01.17 17:41:54.696,1.19936,1.19951,1.73,1.50
2013.01.17 17:41:55.055,1.19942,1.19953,1.73,2.63
2013.01.17 17:41:55.295,1.1994,1.19953,1.73,3.00
2013.01.17 17:41:55.356,1.1994,1.19952,1.73,1.50
2013.01.17 17:41:55.715,1.19939,1.19954,1.73,2.25
2013.01.17 17:41:55.835,1.19935,1.19952,1.73,2.25
2013.01.17 17:41:55.894,1.19935,1.1995,1.73,1.50
2013.01.17 17:41:56.425,1.19936,1.19952,2.48,1.50
2013.01.17 17:41:57.395,1.19934,1.1995,1.73,1.50
2013.01.17 17:41:57.454,1.19934,1.1995,1.73,1.50
2013.01.17 17:41:57.955,1.19934,1.1995,1.73,3.00
2013.01.17 17:41:58.315,1.19931,1.19945,1.73,2.25
2013.01.17 17:41:58.826,1.19934,1.19947,1.88,1.73
2013.01.17 17:41:59.365,1.19936,1.19947,1.13,1.73
2013.01.17 17:41:59.845,1.19933,1.19948,1.73,1.73
2013.01.17 17:42:01.704,1.19934,1.19951,1.50,2.48
2013.01.17 17:42:03.995,1.19935,1.19953,3.75,3.23
2013.01.17 17:42:04.054,1.19935,1.19953,4.50,3.60
2013.01.17 17:42:05.060,1.19948,1.19953,1.50,1.50
2013.01.17 17:42:05.130,1.19948,1.19963,1.50,2.48
2013.01.17 17:42:08.118,1.19948,1.19958,2.25,1.13
2013.01.17 17:42:08.187,1.19943,1.19957,2.25,1.88
2013.01.17 17:42:08.306,1.19942,1.19952,2.25,2.25
2013.01.17 17:42:08.366,1.1994,1.19952,1.73,2.25
2013.01.17 17:42:08.785,1.19939,1.19952,1.50,2.48
2013.01.17 17:42:09.086,1.19947,1.19957,1.50,2.48
2013.01.17 17:42:09.145,1.19948,1.19959,1.50,1.73
2013.01.17 17:42:09.205,1.19949,1.19959,2.25,1.50
2013.01.17 17:42:09.267,1.1995,1.19964,2.25,1.73
2013.01.17 17:42:09.326,1.19951,1.19966,2.25,2.63
2013.01.17 17:42:09.865,1.19951,1.19969,2.25,4.35
2013.01.17 17:42:10.535,1.19949,1.19965,1.50,1.35
2013.01.17 17:42:10.656,1.19947,1.19964,1.88,1.73
2013.01.17 17:42:11.017,1.19946,1.19963,1.50,2.17
2013.01.17 17:42:12.687,1.19946,1.19962,1.50,1.27
2013.01.17 17:42:14.348,1.19946,1.19963,1.50,2.63
2013.01.17 17:42:15.515,1.19946,1.19963,1.50,1.65
2013.01.17 17:42:15.966,1.19943,1.19954,2.03,1.50
2013.01.17 17:42:16.025,1.19943,1.1995,1.50,1.50
2013.01.17 17:42:16.414,1.19939,1.19947,2.25,3.00
2013.01.17 17:42:16.654,1.1993,1.19945,1.73,1.73
2013.01.17 17:42:16.714,1.19929,1.19945,1.73,1.73
2013.01.17 17:42:18.814,1.19929,1.19944,1.73,1.73
2013.01.17 17:42:18.995,1.19925,1.19942,1.35,2.48
2013.01.17 17:42:19.059,1.19927,1.19943,1.50,3.23
2013.01.17 17:42:19.125,1.19927,1.19943,1.73,3.23
2013.01.17 17:42:19.545,1.19927,1.19941,2.25,1.13
2013.01.17 17:42:20.776,1.19923,1.19939,2.25,3.38
2013.01.17 17:42:21.134,1.19927,1.1994,1.50,1.73
2013.01.17 17:42:21.315,1.19926,1.1994,1.50,1.73
2013.01.17 17:42:22.374,1.19926,1.19941,1.50,1.73
2013.01.17 17:42:22.615,1.19927,1.19943,3.00,3.23
2013.01.17 17:42:24.507,1.19924,1.19939,1.35,3.98
2013.01.17 17:42:24.688,1.19924,1.19939,1.13,4.73
2013.01.17 17:42:25.047,1.19925,1.19941,2.48,1.73
2013.01.17 17:42:25.605,1.19928,1.19943,1.50,3.38
2013.01.17 17:42:26.366,1.19928,1.19944,1.13,3.23
2013.01.17 17:42:26.425,1.19928,1.19945,1.13,4.73
2013.01.17 17:42:26.607,1.19929,1.19942,1.73,1.13
2013.01.17 17:42:26.855,1.19922,1.19938,1.50,1.13
2013.01.17 17:42:27.397,1.19923,1.19938,1.50,1.88
2013.01.17 17:42:27.884,1.19921,1.19937,1.50,1.73
2013.01.17 17:42:28.145,1.19921,1.19937,1.73,1.73
2013.01.17 17:42:28.697,1.19918,1.19936,2.48,1.50
2013.01.17 17:42:28.995,1.19917,1.19935,1.73,3.75
2013.01.17 17:42:29.535,1.19917,1.19934,1.73,4.88
2013.01.17 17:42:30.095,1.19914,1.19932,2.63,2.10
2013.01.17 17:42:30.834,1.19914,1.19932,3.38,1.50
2013.01.17 17:42:31.375,1.19917,1.19932,1.73,1.50
2013.01.17 17:42:31.495,1.19915,1.19933,2.10,4.50
2013.01.17 17:42:31.555,1.19914,1.19931,6.23,1.50
2013.01.17 17:42:31.616,1.19914,1.1993,4.73,1.50
2013.01.17 17:42:32.286,1.19914,1.19931,4.13,1.50
2013.01.17 17:42:32.644,1.19917,1.19934,1.50,1.65
2013.01.17 17:42:32.705,1.19919,1.19934,1.50,1.65
2013.01.17 17:42:33.064,1.19917,1.19933,3.00,1.50
2013.01.17 17:42:33.486,1.19914,1.1993,2.40,1.50
2013.01.17 17:42:34.015,1.19914,1.19932,2.40,3.00
2013.01.17 17:42:34.076,1.19913,1.19932,3.75,3.75
2013.01.17 17:42:34.614,1.19913,1.19929,2.10,1.50
2013.01.17 17:42:35.108,1.19916,1.19932,1.73,4.73
2013.01.17 17:42:35.624,1.19918,1.19932,1.73,2.25
2013.01.17 17:42:40.865,1.19917,1.19934,3.08,3.00
2013.01.17 17:42:41.244,1.19915,1.19931,3.57,1.50
2013.01.17 17:42:41.568,1.19914,1.1993,1.13,1.50
2013.01.17 17:42:41.888,1.19914,1.1993,2.67,1.50
2013.01.17 17:42:42.076,1.19915,1.19931,3.00,2.48
2013.01.17 17:42:42.554,1.19921,1.19932,1.50,1.73
2013.01.17 17:42:43.184,1.1992,1.19937,1.13,2.85
2013.01.17 17:42:43.715,1.19917,1.19934,3.00,1.13
2013.01.17 17:42:44.262,1.19917,1.19934,3.00,1.13
2013.01.17 17:42:44.896,1.19921,1.19934,1.50,1.13
2013.01.17 17:42:48.905,1.19916,1.19931,1.50,2.63
2013.01.17 17:42:48.965,1.19915,1.19931,1.50,2.63
2013.01.17 17:42:49.025,1.19915,1.19931,1.50,2.63
2013.01.17 17:42:49.654,1.19922,1.19931,1.50,2.40
2013.01.17 17:42:49.775,1.19923,1.19934,2.25,1.50
2013.01.17 17:42:49.835,1.19925,1.19939,1.50,1.05
2013.01.17 17:42:50.295,1.19922,1.1994,3.75,3.23
2013.01.17 17:42:50.864,1.19922,1.1994,2.25,3.23
2013.01.17 17:42:52.584,1.19923,1.19941,3.75,4.13
2013.01.17 17:42:53.048,1.19926,1.19941,1.50,3.98
2013.01.17 17:42:53.115,1.19926,1.19943,2.25,4.13
2013.01.17 17:42:53.618,1.19928,1.19943,1.50,1.13
2013.01.17 17:42:56.931,1.19933,1.19944,1.65,2.25
2013.01.17 17:42:57.116,1.19936,1.19947,1.73,1.50
2013.01.17 17:42:57.175,1.19937,1.19955,3.08,3.60
2013.01.17 17:42:57.415,1.19938,1.19955,1.50,2.77
2013.01.17 17:42:57.655,1.19936,1.19951,1.73,2.48
2013.01.17 17:42:57.775,1.19934,1.19949,3.00,1.88
2013.01.17 17:42:57.886,1.19934,1.19949,3.00,1.88
2013.01.17 17:42:59.325,1.19932,1.19949,1.50,4.13
2013.01.17 17:43:00.855,1.19932,1.19949,1.50,4.13
2013.01.17 17:43:02.885,1.19932,1.19949,1.88,4.13
2013.01.17 17:43:04.045,1.19934,1.19949,1.50,1.88
2013.01.17 17:43:05.065,1.19936,1.19951,1.50,1.13
2013.01.17 17:43:05.186,1.19939,1.19952,4.73,3.75
2013.01.17 17:43:05.305,1.1994,1.19957,1.58,2.48
2013.01.17 17:43:05.425,1.1994,1.19956,1.58,1.73
2013.01.17 17:43:05.605,1.19938,1.19951,2.25,1.73
2013.01.17 17:43:05.785,1.19936,1.19951,1.35,1.73
2013.01.17 17:43:06.087,1.19935,1.1995,2.10,2.63
2013.01.17 17:43:06.395,1.19935,1.19945,2.10,2.48
2013.01.17 17:43:06.455,1.19932,1.19945,2.10,2.48
2013.01.17 17:43:06.635,1.19928,1.19945,3.23,2.48
2013.01.17 17:43:06.849,1.19928,1.19945,2.48,2.48
2013.01.17 17:43:08.295,1.19928,1.19943,2.48,1.73
2013.01.17 17:43:08.985,1.19926,1.19943,4.35,2.85
2013.01.17 17:43:09.228,1.19926,1.19941,1.35,2.10
2013.01.17 17:43:09.406,1.19924,1.19939,2.48,1.35
2013.01.17 17:43:09.466,1.19924,1.19934,1.50,1.50
2013.01.17 17:43:09.894,1.19921,1.19936,1.58,2.25
2013.01.17 17:43:10.515,1.19922,1.19936,3.23,1.88
2013.01.17 17:43:10.635,1.19924,1.1994,1.73,3.23
2013.01.17 17:43:10.815,1.19924,1.19942,2.48,3.00
2013.01.17 17:43:12.174,1.19924,1.19942,2.48,4.13
2013.01.17 17:43:12.684,1.19925,1.19942,2.48,2.63
2013.01.17 17:43:13.235,1.19925,1.19942,3.23,1.88
2013.01.17 17:43:14.735,1.19926,1.19942,1.50,1.88
2013.01.17 17:43:16.154,1.19926,1.19942,1.73,1.88
2013.01.17 17:43:18.665,1.19926,1.19945,3.98,1.88
2013.01.17 17:43:19.026,1.19926,1.19944,2.48,2.85
2013.01.17 17:43:19.204,1.19926,1.19944,2.48,2.85
2013.01.17 17:43:19.566,1.19924,1.1994,3.08,2.25
2013.01.17 17:43:19.865,1.19926,1.19942,1.73,3.98
2013.01.17 17:43:19.925,1.19926,1.19941,1.73,1.35
2013.01.17 17:43:21.175,1.1993,1.19942,1.50,2.10
2013.01.17 17:43:21.306,1.19931,1.19947,3.00,4.73
2013.01.17 17:43:21.485,1.19927,1.19944,2.25,2.48
2013.01.17 17:43:21.544,1.19927,1.19944,2.25,2.48
2013.01.17 17:43:21.906,1.19926,1.19942,1.35,2.63
2013.01.17 17:43:22.279,1.19922,1.19938,1.50,1.73
2013.01.17 17:43:22.776,1.19925,1.19942,4.50,1.50
2013.01.17 17:43:22.836,1.19926,1.19943,1.50,4.35
2013.01.17 17:43:23.255,1.19926,1.19944,2.25,2.85
2013.01.17 17:43:23.615,1.19917,1.19932,1.50,2.48
2013.01.17 17:43:23.735,1.19916,1.19932,4.50,2.48
2013.01.17 17:43:24.274,1.19916,1.19932,1.50,3.98
2013.01.17 17:43:27.676,1.19918,1.19932,1.65,2.48
2013.01.17 17:43:28.034,1.19921,1.19936,1.50,1.73
2013.01.17 17:43:28.675,1.1992,1.19937,1.50,1.73
2013.01.17 17:43:30.355,1.1992,1.19938,2.40,2.48
2013.01.17 17:43:30.415,1.19922,1.1994,5.10,4.73
2013.01.17 17:43:30.775,1.19923,1.19938,1.35,1.73
2013.01.17 17:43:31.054,1.19921,1.19937,1.88,1.73
2013.01.17 17:43:32.085,1.19922,1.19937,1.13,2.48
2013.01.17 17:43:32.205,1.19922,1.19937,1.13,2.48
2013.01.17 17:43:32.464,1.1992,1.19937,2.25,1.73
2013.01.17 17:43:34.056,1.19918,1.19935,1.28,3.23
2013.01.17 17:43:38.915,1.19919,1.19937,4.88,3.23
2013.01.17 17:43:39.095,1.19929,1.19945,1.50,2.63
2013.01.17 17:43:39.705,1.19927,1.1994,1.35,1.73
2013.01.17 17:43:39.766,1.19924,1.1994,2.25,2.48
2013.01.17 17:43:39.825,1.19921,1.19938,2.25,2.48
2013.01.17 17:43:39.885,1.19921,1.19938,2.25,2.33
2013.01.17 17:43:39.946,1.19921,1.19937,1.50,2.33
2013.01.17 17:43:40.005,1.19921,1.19937,1.50,2.33
2013.01.17 17:43:40.714,1.19921,1.19938,1.50,1.20
2013.01.17 17:43:41.291,1.19921,1.19939,2.25,2.77
2013.01.17 17:43:42.959,1.19918,1.19935,3.38,1.13
2013.01.17 17:43:43.205,1.19918,1.19934,1.88,2.63
2013.01.17 17:43:43.564,1.19918,1.19934,3.23,1.13
2013.01.17 17:43:44.995,1.1992,1.19936,2.10,1.88
2013.01.17 17:43:45.176,1.19923,1.19938,3.00,1.13
2013.01.17 17:43:45.236,1.19924,1.19938,1.50,1.13
2013.01.17 17:43:46.490,1.19926,1.19944,2.25,3.75
2013.01.17 17:43:46.635,1.19926,1.19944,2.25,3.75
2013.01.17 17:43:47.378,1.19927,1.19944,1.50,3.00
2013.01.17 17:43:55.485,1.19928,1.19944,1.35,3.00
2013.01.17 17:43:55.898,1.19928,1.19944,1.35,2.63
2013.01.17 17:43:58.174,1.19928,1.19944,2.10,2.63
2013.01.17 17:43:58.234,1.19929,1.19944,1.50,1.88
2013.01.17 17:43:58.475,1.19931,1.19947,1.50,3.38
2013.01.17 17:43:59.045,1.19931,1.19947,1.50,3.38
2013.01.17 17:43:59.607,1.19931,1.19946,3.60,1.73
2013.01.17 17:44:00.015,1.19933,1.19947,2.40,1.73
2013.01.17 17:44:00.195,1.19934,1.1995,1.35,1.35
2013.01.17 17:44:00.734,1.19936,1.19952,4.73,2.63
2013.01.17 17:44:01.555,1.19936,1.1995,5.48,1.73
2013.01.17 17:44:02.537,1.19936,1.19947,2.85,1.35
2013.01.17 17:44:02.895,1.19932,1.19941,1.50,1.73
2013.01.17 17:44:03.106,1.19929,1.19941,1.50,1.73
2013.01.17 17:44:03.654,1.19929,1.19946,1.50,1.13
2013.01.17 17:44:05.304,1.19929,1.19947,1.50,2.85
2013.01.17 17:44:05.545,1.1993,1.19948,1.65,2.63
2013.01.17 17:44:07.038,1.19931,1.19949,1.50,2.63
2013.01.17 17:44:07.551,1.19931,1.19949,3.75,1.13
2013.01.17 17:44:07.735,1.19935,1.19951,1.50,3.38
2013.01.17 17:44:07.855,1.19935,1.19951,3.75,1.13
2013.01.17 17:44:08.035,1.19936,1.19954,3.00,1.73
2013.01.17 17:44:08.575,1.19937,1.19954,1.35,1.73
2013.01.17 17:44:10.396,1.1994,1.19955,2.85,1.88
2013.01.17 17:44:10.516,1.1994,1.19958,5.10,1.13
2013.01.17 17:44:11.595,1.19944,1.19961,1.50,2.85
2013.01.17 17:44:11.716,1.19947,1.19963,1.50,2.48
2013.01.17 17:44:11.775,1.19947,1.19963,1.50,2.48
2013.01.17 17:44:11.835,1.19947,1.19964,3.00,1.13
2013.01.17 17:44:12.026,1.19951,1.19966,1.50,1.88
2013.01.17 17:44:12.566,1.19951,1.19968,1.50,2.10
2013.01.17 17:44:13.716,1.19951,1.19968,1.50,2.10
2013.01.17 17:44:15.414,1.19951,1.19968,3.00,2.85
2013.01.17 17:44:16.246,1.19954,1.1997,1.50,3.23
2013.01.17 17:44:16.605,1.19957,1.19971,1.50,1.73
2013.01.17 17:44:17.394,1.19961,1.19974,1.88,1.88
2013.01.17 17:44:17.725,1.19958,1.19974,1.13,3.65
2013.01.17 17:44:17.925,1.19956,1.19972,1.73,2.10
2013.01.17 17:44:18.996,1.19958,1.19972,1.50,4.35
2013.01.17 17:44:19.834,1.19959,1.19977,2.25,1.88
2013.01.17 17:44:20.754,1.19961,1.19977,2.25,1.35
2013.01.17 17:44:21.115,1.1996,1.19974,2.25,1.13
2013.01.17 17:44:21.717,1.1996,1.19974,2.25,1.13
2013.01.17 17:44:22.386,1.19958,1.19974,1.13,1.13
2013.01.17 17:44:23.426,1.19957,1.19974,3.23,2.63
2013.01.17 17:44:23.485,1.19957,1.19973,2.48,2.86
2013.01.17 17:44:23.856,1.19956,1.1997,3.00,1.26
2013.01.17 17:44:24.154,1.19952,1.19968,3.00,1.13
2013.01.17 17:44:24.354,1.19951,1.19968,1.43,3.38
2013.01.17 17:44:24.985,1.1995,1.19968,2.85,4.13
2013.01.17 17:44:25.225,1.19953,1.19969,1.73,2.25
2013.01.17 17:44:25.835,1.19956,1.19972,4.58,1.88
2013.01.17 17:44:26.295,1.19956,1.19972,4.58,2.10
2013.01.17 17:44:26.417,1.1996,1.19976,2.48,2.10
2013.01.17 17:44:26.845,1.1996,1.19977,2.48,2.63
2013.01.17 17:44:26.965,1.1996,1.19976,1.73,1.13
2013.01.17 17:44:27.407,1.1996,1.19977,1.88,2.25
2013.01.17 17:44:27.526,1.19961,1.19978,3.98,1.73
2013.01.17 17:44:28.065,1.19959,1.19976,2.48,1.35
2013.01.17 17:44:28.605,1.19959,1.19976,3.23,1.35
2013.01.17 17:44:32.265,1.1996,1.19976,2.10,2.10
2013.01.17 17:44:32.326,1.1997,1.19982,1.13,1.50
2013.01.17 17:44:32.445,1.19978,1.19986,3.53,1.50
2013.01.17 17:44:32.505,1.19982,1.1999,1.73,1.50
2013.01.17 17:44:32.625,1.19982,1.19995,2.25,1.28
2013.01.17 17:44:32.805,1.19982,1.19999,2.25,3.38
2013.01.17 17:44:32.925,1.1998,1.19999,2.78,3.38
2013.01.17 17:44:33.166,1.19981,1.19997,1.73,1.73
2013.01.17 17:44:33.406,1.19982,1.19998,1.73,3.00
2013.01.17 17:44:33.466,1.19982,1.19996,1.73,1.50
2013.01.17 17:44:33.824,1.19982,1.2,1.35,2.63
2013.01.17 17:44:34.688,1.19985,1.20001,1.88,1.50
2013.01.17 17:44:35.088,1.19985,1.19998,2.25,1.50
2013.01.17 17:44:35.624,1.19985,1.20001,1.35,3.75
2013.01.17 17:44:35.744,1.19985,1.19998,1.35,1.50
2013.01.17 17:44:36.257,1.19984,1.19998,1.73,1.50
2013.01.17 17:44:37.033,1.19984,1.19998,1.50,1.73
2013.01.17 17:44:37.575,1.19984,1.19998,1.50,1.73
2013.01.17 17:44:38.104,1.19984,1.19998,1.50,1.73
2013.01.17 17:44:38.545,1.19982,1.19994,2.85,1.73
2013.01.17 17:44:39.095,1.19981,1.19994,1.13,1.73
2013.01.17 17:44:39.422,1.19981,1.19994,1.13,1.73
2013.01.17 17:44:40.521,1.1998,1.19994,1.35,1.50
2013.01.17 17:44:41.004,1.1998,1.19992,2.10,1.50
2013.01.17 17:44:41.064,1.1998,1.19994,2.10,3.00
2013.01.17 17:44:41.625,1.19979,1.19993,2.10,2.25
2013.01.17 17:44:42.235,1.19976,1.19993,1.73,2.25
2013.01.17 17:44:42.306,1.19975,1.19993,1.65,2.25
2013.01.17 17:44:42.829,1.19976,1.19995,2.25,3.15
2013.01.17 17:44:43.360,1.19977,1.19993,1.98,1.50
2013.01.17 17:44:43.665,1.19977,1.19993,1.73,1.50
2013.01.17 17:44:43.726,1.19977,1.19993,1.73,3.00
2013.01.17 17:44:43.785,1.19977,1.1999,1.73,1.50
2013.01.17 17:44:44.145,1.19975,1.19988,1.73,1.50
2013.01.17 17:44:44.205,1.19975,1.19991,1.73,2.25
2013.01.17 17:44:44.625,1.19974,1.19988,1.73,1.50
2013.01.17 17:44:44.805,1.19972,1.19987,1.88,3.75
2013.01.17 17:44:46.481,1.1997,1.19985,1.35,2.25
2013.01.17 17:44:46.605,1.19967,1.19982,1.73,1.50
2013.01.17 17:44:46.726,1.19967,1.19982,1.73,1.50
2013.01.17 17:44:47.313,1.19965,1.19982,5.04,1.50
2013.01.17 17:44:47.507,1.19965,1.19982,1.88,2.25
2013.01.17 17:44:47.805,1.19973,1.19986,1.50,1.65
2013.01.17 17:44:47.865,1.19973,1.1999,2.25,2.25
2013.01.17 17:44:48.467,1.19977,1.1999,1.50,1.50
2013.01.17 17:44:48.526,1.19977,1.19992,1.65,1.50
2013.01.17 17:44:48.645,1.19978,1.19995,3.23,3.75
2013.01.17 17:44:49.005,1.19985,1.19999,2.63,2.25
2013.01.17 17:44:49.557,1.19985,1.20002,2.63,3.00
2013.01.17 17:44:49.736,1.19985,1.20002,2.63,2.25
2013.01.17 17:44:50.318,1.19986,1.2,2.48,1.50
2013.01.17 17:44:50.897,1.19985,1.20001,1.13,1.50
2013.01.17 17:44:52.267,1.19985,1.20003,1.13,1.28
2013.01.17 17:44:55.549,1.19985,1.20003,1.13,1.28
2013.01.17 17:44:55.855,1.19984,1.2,2.48,2.25
2013.01.17 17:44:57.685,1.19984,1.20002,2.48,1.65
2013.01.17 17:44:57.986,1.19988,1.20002,2.33,3.15
2013.01.17 17:44:58.105,1.19988,1.20005,3.08,1.50
2013.01.17 17:44:58.345,1.19985,1.20002,2.70,3.75
2013.01.17 17:44:58.525,1.19985,1.20002,1.95,3.75
2013.01.17 17:44:58.765,1.19985,1.20002,2.70,3.75
2013.01.17 17:44:59.015,1.19987,1.20002,3.08,1.50
2013.01.17 17:44:59.638,1.19985,1.2,1.73,1.50
2013.01.17 17:45:00.695,1.19984,1.19998,1.73,1.50
2013.01.17 17:45:01.235,1.19984,1.19998,1.50,1.50
2013.01.17 17:45:01.554,1.19984,1.20002,1.50,4.88
2013.01.17 17:45:02.151,1.19986,1.20002,2.48,1.13
2013.01.17 17:45:03.835,1.19986,1.20002,2.48,1.50
2013.01.17 17:45:04.695,1.19986,1.19997,2.48,1.50
2013.01.17 17:45:04.935,1.19985,1.19996,1.73,1.28
2013.01.17 17:45:04.995,1.19985,1.19996,1.50,1.28
2013.01.17 17:45:05.175,1.19982,1.19993,1.73,1.50
2013.01.17 17:45:05.295,1.1998,1.19993,1.73,1.50
2013.01.17 17:45:05.845,1.1998,1.19995,1.73,2.25
2013.01.17 17:45:05.950,1.1998,1.19995,1.73,2.25
2013.01.17 17:45:06.280,1.1998,1.19995,1.73,2.25
2013.01.17 17:45:06.346,1.19985,1.19995,1.50,2.25
2013.01.17 17:45:06.705,1.1999,1.19999,3.08,1.50
2013.01.17 17:45:07.015,1.19994,1.20004,1.13,1.50
2013.01.17 17:45:07.079,1.19991,1.20006,5.48,1.50
2013.01.17 17:45:07.145,1.19992,1.20006,1.50,1.50
2013.01.17 17:45:07.264,1.19991,1.20006,6.00,1.73
2013.01.17 17:45:08.321,1.19991,1.20006,4.35,1.88
2013.01.17 17:45:08.515,1.19991,1.20006,4.35,1.88
2013.01.17 17:45:09.056,1.19991,1.20006,4.35,1.88
2013.01.17 17:45:09.436,1.1999,1.20003,1.50,1.13
2013.01.17 17:45:09.677,1.19988,1.20002,1.35,1.73
2013.01.17 17:45:10.645,1.19987,1.19999,1.50,1.73
2013.01.17 17:45:10.705,1.19983,1.19997,1.65,1.73
2013.01.17 17:45:10.765,1.19983,1.19997,1.65,1.73
2013.01.17 17:45:10.886,1.19985,1.2,2.25,2.48
2013.01.17 17:45:12.027,1.19985,1.20001,2.10,1.13
2013.01.17 17:45:12.585,1.19985,1.20001,1.35,1.50
2013.01.17 17:45:12.946,1.19991,1.20005,2.85,1.73
2013.01.17 17:45:15.555,1.19994,1.20006,1.50,1.13
2013.01.17 17:45:15.915,1.19988,1.20001,1.50,2.48
2013.01.17 17:45:17.284,1.19985,1.20001,1.50,2.48
2013.01.17 17:45:17.615,1.19989,1.20003,2.10,3.98
2013.01.17 17:45:18.225,1.19989,1.2,2.10,1.35
2013.01.17 17:45:18.465,1.1998,1.19998,1.50,3.38
2013.01.17 17:45:18.966,1.1998,1.19998,3.00,3.38
2013.01.17 17:45:19.695,1.19984,1.19996,1.50,1.35
2013.01.17 17:45:19.815,1.19984,1.19996,1.50,1.35
2013.01.17 17:45:20.055,1.19984,1.19997,3.60,1.13
2013.01.17 17:45:20.595,1.1998,1.19995,3.60,2.48
2013.01.17 17:45:20.835,1.19984,1.2,3.00,1.13
2013.01.17 17:45:21.375,1.19983,1.19997,2.10,1.13
2013.01.17 17:45:22.085,1.19982,1.19997,1.50,1.88
2013.01.17 17:45:22.215,1.19982,1.19997,1.50,1.88
2013.01.17 17:45:22.746,1.19984,1.19998,1.50,2.48
2013.01.17 17:45:23.106,1.19987,1.20001,1.50,1.13
2013.01.17 17:45:23.616,1.19987,1.20001,1.50,1.88
2013.01.17 17:45:26.585,1.19986,1.20002,2.25,1.13
2013.01.17 17:45:27.094,1.19988,1.20004,1.50,1.50
2013.01.17 17:45:27.455,1.19988,1.20005,3.75,2.07
2013.01.17 17:45:27.995,1.19989,1.20005,1.50,3.57
2013.01.17 17:45:28.235,1.19987,1.20001,2.25,2.10
2013.01.17 17:45:28.776,1.19985,1.19998,1.50,1.13
2013.01.17 17:45:30.330,1.19987,1.20002,1.50,1.13
2013.01.17 17:45:31.025,1.19984,1.19998,3.75,1.13
2013.01.17 17:45:33.485,1.19986,1.20001,1.50,3.67
2013.01.17 17:45:33.545,1.19986,1.20001,1.50,1.13
2013.01.17 17:45:33.965,1.19986,1.20001,1.50,1.88
2013.01.17 17:45:34.265,1.19983,1.19998,3.60,2.63
2013.01.17 17:45:34.445,1.19982,1.19996,2.25,1.13
2013.01.17 17:45:36.376,1.19982,1.19998,2.25,3.23
2013.01.17 17:45:37.445,1.19982,1.19999,3.75,2.92
2013.01.17 17:45:38.125,1.19982,1.19996,3.00,1.13
2013.01.17 17:45:40.054,1.19981,1.19993,1.50,2.63
2013.01.17 17:45:40.175,1.19975,1.1999,2.63,1.13
2013.01.17 17:45:40.766,1.19974,1.1999,1.50,2.63
2013.01.17 17:45:41.323,1.19974,1.1999,2.25,2.63
2013.01.17 17:45:42.720,1.19973,1.1999,3.60,2.63
2013.01.17 17:45:43.267,1.19974,1.1999,3.00,2.63
2013.01.17 17:45:43.326,1.19974,1.1999,3.00,2.63
2013.01.17 17:45:44.033,1.19973,1.19989,2.85,2.48
2013.01.17 17:45:44.546,1.19977,1.19992,2.25,1.61
2013.01.17 17:45:44.677,1.19977,1.19993,3.00,1.50
2013.01.17 17:45:45.184,1.19977,1.19993,2.25,2.63
2013.01.17 17:45:45.705,1.19977,1.19993,3.00,2.63
2013.01.17 17:45:46.224,1.19977,1.19993,3.00,2.63
2013.01.17 17:45:47.215,1.19978,1.19993,1.50,2.63
2013.01.17 17:45:47.755,1.19977,1.19992,2.25,1.35
2013.01.17 17:45:50.575,1.19981,1.19995,1.50,3.98
2013.01.17 17:45:50.636,1.19981,1.19995,1.50,2.48
2013.01.17 17:45:50.755,1.19979,1.19994,1.35,2.36
2013.01.17 17:45:52.106,1.19976,1.19989,2.25,1.73
2013.01.17 17:45:52.408,1.19979,1.19992,1.50,1.73
2013.01.17 17:45:53.329,1.1998,1.19993,3.75,1.73
2013.01.17 17:45:54.307,1.1998,1.1999,3.00,1.73
2013.01.17 17:45:54.367,1.19978,1.1999,1.88,1.73
2013.01.17 17:45:54.908,1.19976,1.1999,1.50,2.48
2013.01.17 17:45:56.135,1.19975,1.1999,2.85,2.48
2013.01.17 17:45:56.689,1.19976,1.1999,1.50,2.48
2013.01.17 17:45:58.321,1.19975,1.19992,3.23,2.63
2013.01.17 17:45:58.980,1.19977,1.19992,2.25,2.63
2013.01.17 17:45:59.583,1.19977,1.19991,2.25,1.13
2013.01.17 17:46:01.225,1.19985,1.19996,3.75,1.35
2013.01.17 17:46:01.286,1.19984,1.19996,1.65,1.50
2013.01.17 17:46:01.346,1.19987,1.19998,1.50,2.48
2013.01.17 17:46:01.465,1.19985,1.19998,2.25,2.48
2013.01.17 17:46:01.838,1.19983,1.19998,4.35,1.73
2013.01.17 17:46:02.653,1.19984,1.19998,2.85,3.23
2013.01.17 17:46:03.258,1.19984,1.19999,5.10,3.23
2013.01.17 17:46:03.795,1.19983,1.19998,2.25,1.13
2013.01.17 17:46:05.385,1.19983,1.19999,3.00,3.24
2013.01.17 17:46:05.691,1.19983,1.19999,1.50,2.26
2013.01.17 17:46:07.807,1.19985,1.19994,1.50,1.73
2013.01.17 17:46:10.956,1.19985,1.19996,1.88,1.73
2013.01.17 17:46:11.536,1.19985,1.19993,1.88,1.50
2013.01.17 17:46:11.657,1.19989,1.20001,1.50,1.73
2013.01.17 17:46:11.716,1.1999,1.20005,1.50,1.42
2013.01.17 17:46:12.875,1.19991,1.20008,1.50,3.75
2013.01.17 17:46:12.995,1.19994,1.2001,2.25,3.19
2013.01.17 17:46:13.417,1.19993,1.20011,3.38,3.74
2013.01.17 17:46:13.966,1.19994,1.20011,1.50,2.24
2013.01.17 17:46:14.827,1.19993,1.20009,2.63,1.73
2013.01.17 17:46:15.006,1.19996,1.20011,2.25,1.13
2013.01.17 17:46:15.305,1.19994,1.2001,1.50,1.60
2013.01.17 17:46:15.865,1.19995,1.20009,1.13,2.88
2013.01.17 17:46:16.414,1.19991,1.20008,3.00,1.13
2013.01.17 17:46:16.716,1.19991,1.20009,3.00,2.37
2013.01.17 17:46:16.896,1.19996,1.20011,2.25,1.13
2013.01.17 17:46:17.076,1.2,1.20015,1.50,1.73
2013.01.17 17:46:17.317,1.19999,1.20015,1.50,3.38
2013.01.17 17:46:17.675,1.20001,1.20016,1.13,2.48
2013.01.17 17:46:17.985,1.20001,1.20015,1.13,1.73
2013.01.17 17:46:18.298,1.20001,1.20016,1.13,1.26
2013.01.17 17:46:18.617,1.20001,1.20016,1.13,1.03
2013.01.17 17:46:18.865,1.20001,1.20015,1.13,1.73
2013.01.17 17:46:19.396,1.20003,1.20017,1.50,2.48
2013.01.17 17:46:19.971,1.20002,1.20017,1.50,2.48
2013.01.17 17:46:20.036,1.20002,1.20017,1.50,2.48
2013.01.17 17:46:20.465,1.20002,1.20017,1.50,3.38
2013.01.17 17:46:21.726,1.2,1.20016,3.00,1.13
2013.01.17 17:46:22.214,1.20001,1.20017,1.13,2.72
2013.01.17 17:46:23.505,1.20001,1.20017,1.13,3.69
2013.01.17 17:46:23.565,1.2,1.20016,3.38,1.13
2013.01.17 17:46:24.145,1.2,1.20015,1.13,1.73
2013.01.17 17:46:24.576,1.2,1.20016,1.13,1.73
2013.01.17 17:46:24.935,1.20005,1.20022,1.50,1.47
2013.01.17 17:46:24.995,1.20004,1.20022,4.35,1.65
2013.01.17 17:46:25.245,1.20005,1.20018,1.50,1.88
2013.01.17 17:46:25.305,1.20005,1.20017,1.50,1.88
2013.01.17 17:46:25.725,1.20004,1.20018,1.88,1.13
2013.01.17 17:46:27.196,1.20005,1.20017,2.25,1.35
2013.01.17 17:46:27.255,1.20002,1.20017,4.13,2.49
2013.01.17 17:46:27.566,1.20001,1.20015,1.50,1.13
2013.01.17 17:46:28.105,1.2,1.20016,1.13,1.50
2013.01.17 17:46:28.167,1.20004,1.20016,2.25,1.13
2013.01.17 17:46:28.585,1.20006,1.20019,3.00,1.13
2013.01.17 17:46:28.705,1.20006,1.20019,3.00,1.13
2013.01.17 17:46:29.266,1.20008,1.20024,1.88,1.88
2013.01.17 17:46:29.790,1.20008,1.20024,3.38,1.13
2013.01.17 17:46:30.055,1.2001,1.20025,1.13,1.73
2013.01.17 17:46:30.115,1.20011,1.20027,1.88,2.85
2013.01.17 17:46:30.236,1.20015,1.20029,1.88,1.73
2013.01.17 17:46:30.358,1.20018,1.20032,1.50,3.38
2013.01.17 17:46:30.717,1.2002,1.20036,1.73,2.70
2013.01.17 17:46:31.075,1.20024,1.20038,1.13,1.95
2013.01.17 17:46:31.135,1.20024,1.20038,1.13,1.73
2013.01.17 17:46:31.256,1.20024,1.20038,1.13,1.88
2013.01.17 17:46:31.495,1.2002,1.20033,2.85,1.73
2013.01.17 17:46:31.555,1.2002,1.20033,2.85,1.73
2013.01.17 17:46:31.856,1.20021,1.20035,1.13,2.48
2013.01.17 17:46:32.288,1.20023,1.20034,1.50,2.48
2013.01.17 17:46:32.715,1.20023,1.20032,1.50,1.73
2013.01.17 17:46:32.777,1.20017,1.2003,6.38,1.73
2013.01.17 17:46:32.836,1.20017,1.20031,2.78,2.48
2013.01.17 17:46:34.234,1.20016,1.2003,1.50,1.73
2013.01.17 17:46:34.835,1.20015,1.2003,5.10,1.73
2013.01.17 17:46:36.486,1.20015,1.20027,3.00,1.50
2013.01.17 17:46:37.430,1.20015,1.2003,2.40,1.73
2013.01.17 17:46:37.748,1.20011,1.20021,1.50,1.65
2013.01.17 17:46:37.945,1.20015,1.20021,2.25,1.65
2013.01.17 17:46:38.835,1.20012,1.20022,2.25,3.45
2013.01.17 17:46:39.205,1.20009,1.2002,2.25,1.73
2013.01.17 17:46:39.385,1.20012,1.2002,2.25,1.73
2013.01.17 17:46:39.746,1.20012,1.20025,2.25,3.98
2013.01.17 17:46:39.926,1.20013,1.20022,1.50,2.48
2013.01.17 17:46:40.166,1.20007,1.2002,1.50,2.48
2013.01.17 17:46:40.226,1.20005,1.20017,2.40,1.50
2013.01.17 17:46:40.465,1.20003,1.20016,3.00,1.50
2013.01.17 17:46:40.646,1.20005,1.20016,2.25,1.50
2013.01.17 17:46:40.706,1.20002,1.20016,1.65,1.50
2013.01.17 17:46:41.066,1.20005,1.20015,1.50,1.73
2013.01.17 17:46:41.744,1.20003,1.20017,2.25,1.73
2013.01.17 17:46:41.977,1.20002,1.20017,3.15,1.73
2013.01.17 17:46:42.106,1.20006,1.2002,1.50,3.23
2013.01.17 17:46:42.465,1.2001,1.20022,1.50,3.23
2013.01.17 17:46:42.585,1.20007,1.20022,1.50,2.48
2013.01.17 17:46:42.825,1.20007,1.20022,1.50,1.73
2013.01.17 17:46:43.245,1.20005,1.20021,3.00,2.48
2013.01.17 17:46:43.366,1.20007,1.20021,1.50,1.73
2013.01.17 17:46:43.927,1.20003,1.20017,3.15,1.73
2013.01.17 17:46:44.165,1.2,1.20014,1.69,1.13
2013.01.17 17:46:44.225,1.2,1.20014,1.50,1.13
2013.01.17 17:46:44.405,1.19997,1.20014,1.50,1.88
2013.01.17 17:46:44.766,1.19995,1.20011,1.13,1.73
2013.01.17 17:46:45.305,1.19993,1.20008,3.75,1.73
2013.01.17 17:46:45.976,1.19993,1.20007,3.75,1.73
2013.01.17 17:46:46.507,1.19994,1.20008,2.40,1.73
2013.01.17 17:46:46.935,1.19997,1.20009,1.50,1.73
2013.01.17 17:46:47.115,1.19994,1.20011,2.25,1.13
2013.01.17 17:46:47.720,1.19994,1.20011,1.13,1.13
2013.01.17 17:46:48.165,1.19994,1.20012,2.03,3.23
2013.01.17 17:46:49.246,1.19997,1.20012,1.50,1.73
2013.01.17 17:46:49.371,1.19996,1.20012,1.13,2.48
2013.01.17 17:46:49.915,1.19997,1.20012,2.25,1.73
2013.01.17 17:46:50.678,1.19998,1.20014,3.00,2.48
2013.01.17 17:46:51.508,1.19997,1.20008,1.50,1.50
2013.01.17 17:46:51.635,1.19997,1.20012,1.50,1.73
2013.01.17 17:46:52.005,1.19994,1.2001,2.48,1.50
2013.01.17 17:46:52.246,1.19994,1.2001,2.48,1.50
2013.01.17 17:46:53.515,1.19993,1.2001,2.63,2.25
2013.01.17 17:46:53.820,1.19992,1.20005,1.50,1.73
2013.01.17 17:46:54.126,1.19986,1.20001,1.73,1.73
2013.01.17 17:46:54.497,1.19988,1.20002,1.13,3.98
2013.01.17 17:46:54.618,1.19989,1.20003,2.48,1.50
2013.01.17 17:46:54.685,1.19989,1.20006,2.48,2.48
2013.01.17 17:46:54.865,1.19992,1.20007,1.50,1.88
2013.01.17 17:46:55.245,1.19992,1.20009,2.25,2.48
2013.01.17 17:46:55.605,1.19993,1.20009,3.98,2.48
2013.01.17 17:46:55.665,1.19993,1.20009,2.48,2.48
2013.01.17 17:46:56.406,1.19992,1.20007,1.73,1.13
2013.01.17 17:46:56.707,1.19988,1.20005,1.50,1.13
2013.01.17 17:46:56.946,1.19987,1.20001,2.48,1.73
2013.01.17 17:46:57.305,1.19984,1.19996,2.25,1.13
2013.01.17 17:46:57.425,1.19984,1.19999,2.25,1.13
2013.01.17 17:46:57.985,1.19984,1.19997,1.50,1.73
2013.01.17 17:46:58.106,1.19981,1.19995,1.73,1.13
2013.01.17 17:46:58.345,1.19976,1.19992,1.13,1.73
2013.01.17 17:46:58.405,1.19976,1.19991,1.13,1.73
2013.01.17 17:46:59.185,1.19977,1.19991,1.50,1.73
2013.01.17 17:46:59.652,1.19979,1.19991,1.50,1.73
2013.01.17 17:47:00.356,1.19979,1.19997,1.73,3.23
2013.01.17 17:47:00.415,1.19985,1.19997,1.50,3.23
2013.01.17 17:47:01.136,1.19986,1.19998,1.50,1.73
2013.01.17 17:47:01.196,1.19983,1.19998,1.50,1.28
2013.01.17 17:47:01.315,1.19985,1.19998,1.50,1.28
2013.01.17 17:47:01.496,1.19983,1.19999,1.50,1.88
2013.01.17 17:47:01.735,1.19981,1.19997,1.50,2.63
2013.01.17 17:47:02.326,1.1998,1.19996,3.00,1.13
2013.01.17 17:47:03.327,1.19981,1.19997,2.48,2.48
2013.01.17 17:47:03.566,1.19984,1.19999,1.73,1.73
2013.01.17 17:47:03.686,1.19984,1.19999,1.50,1.73
2013.01.17 17:47:04.504,1.19986,1.19999,1.50,1.73
2013.01.17 17:47:04.865,1.19986,1.2,1.50,1.13
2013.01.17 17:47:04.989,1.1999,1.20003,2.25,1.73
2013.01.17 17:47:05.117,1.19994,1.20003,1.50,1.73
2013.01.17 17:47:05.476,1.19998,1.2001,1.50,2.55
2013.01.17 17:47:05.598,1.19998,1.2001,1.50,2.48
2013.01.17 17:47:05.717,1.19999,1.20012,1.50,1.13
2013.01.17 17:47:06.308,1.19999,1.20012,2.25,1.13
2013.01.17 17:47:07.395,1.19999,1.20012,1.50,2.63
2013.01.17 17:47:09.036,1.20001,1.20014,1.50,1.50
2013.01.17 17:47:09.096,1.20006,1.20016,2.25,3.00
2013.01.17 17:47:09.156,1.20007,1.20016,1.50,2.25
2013.01.17 17:47:09.396,1.20006,1.20017,1.50,2.48
2013.01.17 17:47:09.576,1.20007,1.20017,1.50,2.48
2013.01.17 17:47:10.116,1.20007,1.20022,2.25,3.23
2013.01.17 17:47:10.235,1.20006,1.2002,1.50,1.13
2013.01.17 17:47:12.125,1.20003,1.20018,1.88,1.73
2013.01.17 17:47:13.684,1.20003,1.20019,1.50,1.13
2013.01.17 17:47:18.865,1.20003,1.20019,1.50,2.85
2013.01.17 17:47:19.186,1.19997,1.20011,2.25,1.13
2013.01.17 17:47:19.825,1.19995,1.20011,2.25,1.13
2013.01.17 17:47:20.076,1.19995,1.20013,2.25,4.13
2013.01.17 17:47:20.316,1.19996,1.20015,3.75,1.50
2013.01.17 17:47:20.827,1.19996,1.20013,3.75,1.58
2013.01.17 17:47:21.185,1.19996,1.2001,1.50,1.13
2013.01.17 17:47:21.425,1.19996,1.2001,2.25,1.13
2013.01.17 17:47:22.225,1.19996,1.20012,1.50,1.73
2013.01.17 17:47:22.745,1.19997,1.20014,3.00,2.48
2013.01.17 17:47:24.294,1.19997,1.20013,2.63,1.73
2013.01.17 17:47:25.419,1.19996,1.20011,1.73,1.50
2013.01.17 17:47:26.636,1.19996,1.2001,1.13,1.56
2013.01.17 17:47:26.703,1.19993,1.20007,4.65,1.35
2013.01.17 17:47:26.766,1.1999,1.20005,1.50,2.10
2013.01.17 17:47:26.885,1.19989,1.20005,2.25,3.60
2013.01.17 17:47:27.925,1.1999,1.20005,1.50,2.48
2013.01.17 17:47:28.835,1.19989,1.20003,1.50,1.50
2013.01.17 17:47:29.107,1.1999,1.20002,1.50,1.50
2013.01.17 17:47:29.285,1.19988,1.20002,1.50,1.13
2013.01.17 17:47:29.527,1.19986,1.19999,3.60,2.63
2013.01.17 17:47:30.065,1.19986,1.19999,1.50,2.63
2013.01.17 17:47:30.726,1.19985,1.20001,2.25,3.98
2013.01.17 17:47:31.485,1.19987,1.20001,1.50,1.73
2013.01.17 17:47:31.795,1.19993,1.20006,1.50,2.48
2013.01.17 17:47:31.915,1.19993,1.20006,1.50,2.48
2013.01.17 17:47:32.185,1.1999,1.20006,2.25,2.48
2013.01.17 17:47:32.735,1.1999,1.20004,2.25,1.35
2013.01.17 17:47:33.395,1.19989,1.20005,2.63,1.73
2013.01.17 17:47:37.445,1.19989,1.20006,1.13,3.23
2013.01.17 17:47:38.435,1.19989,1.20002,1.13,1.13
2013.01.17 17:47:38.495,1.19989,1.20002,1.13,1.13
2013.01.17 17:47:39.665,1.19984,1.20002,3.98,1.13
2013.01.17 17:47:40.954,1.19984,1.20002,3.23,1.13
2013.01.17 17:47:41.076,1.19984,1.20001,1.13,2.48
2013.01.17 17:47:42.826,1.19986,1.20001,3.00,1.13
2013.01.17 17:47:45.483,1.19982,1.19991,1.73,1.65
2013.01.17 17:47:45.693,1.19971,1.19983,1.50,1.13
2013.01.17 17:47:45.759,1.19968,1.19982,3.23,1.88
2013.01.17 17:47:46.005,1.19968,1.19981,3.23,1.13
2013.01.17 17:47:46.556,1.19966,1.19981,1.73,1.13
2013.01.17 17:47:47.126,1.19966,1.19981,1.73,1.13
2013.01.17 17:47:48.834,1.19969,1.19981,1.50,1.13
2013.01.17 17:47:49.345,1.19969,1.19981,1.50,1.13
2013.01.17 17:47:49.915,1.1997,1.19983,1.73,1.50
2013.01.17 17:47:49.976,1.19972,1.19982,1.73,1.50
2013.01.17 17:47:50.096,1.19973,1.19985,2.48,1.28
2013.01.17 17:47:50.155,1.19973,1.19985,1.50,1.50
2013.01.17 17:47:50.276,1.19977,1.19986,1.50,1.73
2013.01.17 17:47:50.396,1.19981,1.1999,1.50,1.35
2013.01.17 17:47:50.515,1.19984,1.19992,1.50,2.48
2013.01.17 17:47:50.636,1.19986,1.19992,1.50,2.48
2013.01.17 17:47:50.695,1.19986,1.19995,1.50,1.13
2013.01.17 17:47:50.815,1.19984,1.19995,1.50,1.13
2013.01.17 17:47:50.997,1.19981,1.19997,1.50,4.13
2013.01.17 17:47:51.236,1.1998,1.1999,1.73,2.25
2013.01.17 17:47:51.596,1.19968,1.19978,1.50,4.13
2013.01.17 17:47:51.655,1.19965,1.19973,2.10,1.73
2013.01.17 17:47:51.776,1.19958,1.19973,2.48,1.88
2013.01.17 17:47:51.956,1.19958,1.19972,1.73,2.03
2013.01.17 17:47:52.136,1.19955,1.19972,3.00,2.10
2013.01.17 17:47:52.316,1.19958,1.19972,2.48,1.13
2013.01.17 17:47:53.386,1.19959,1.19973,1.73,1.73
2013.01.17 17:47:53.745,1.19961,1.19974,1.50,2.48
2013.01.17 17:47:53.985,1.19961,1.19974,1.73,1.73
2013.01.17 17:47:54.172,1.19964,1.19974,1.50,1.73
2013.01.17 17:47:56.122,1.19961,1.19975,3.98,1.88
2013.01.17 17:47:56.580,1.19961,1.19975,2.48,1.65
2013.01.17 17:47:56.885,1.19962,1.1997,4.50,2.33
2013.01.17 17:47:56.947,1.19956,1.19964,1.50,1.13
2013.01.17 17:47:57.006,1.19952,1.19963,1.50,1.35
2013.01.17 17:47:57.066,1.1995,1.19963,1.50,1.35
2013.01.17 17:47:57.185,1.1995,1.19963,1.50,2.10
2013.01.17 17:47:57.627,1.19953,1.19963,2.48,1.13
2013.01.17 17:47:58.046,1.19955,1.19968,3.23,1.50
2013.01.17 17:47:58.165,1.19956,1.19969,1.73,1.50
2013.01.17 17:47:58.285,1.19957,1.19969,1.73,1.73
2013.01.17 17:47:58.765,1.19957,1.19971,1.73,1.50
2013.01.17 17:47:58.826,1.19957,1.19971,1.73,1.50
2013.01.17 17:47:59.906,1.19957,1.19972,2.25,1.73
2013.01.17 17:48:00.665,1.19959,1.19972,1.50,1.73
2013.01.17 17:48:01.177,1.19959,1.19973,3.00,1.73
2013.01.17 17:48:02.206,1.19959,1.19973,3.00,1.73
2013.01.17 17:48:02.327,1.19953,1.19968,1.50,1.73
2013.01.17 17:48:02.387,1.19954,1.19966,1.50,1.73
2013.01.17 17:48:02.506,1.1995,1.19966,3.38,1.73
2013.01.17 17:48:02.625,1.1995,1.19966,3.00,2.48
2013.01.17 17:48:03.166,1.19949,1.19964,2.25,1.73
2013.01.17 17:48:03.226,1.19951,1.19964,1.50,1.73
2013.01.17 17:48:03.585,1.19955,1.19968,3.75,1.73
2013.01.17 17:48:03.886,1.19957,1.19969,1.50,1.13
2013.01.17 17:48:04.707,1.19957,1.19969,1.50,1.13
2013.01.17 17:48:04.835,1.19955,1.19969,2.25,1.13
2013.01.17 17:48:05.015,1.19955,1.19969,2.25,1.13
2013.01.17 17:48:05.255,1.19959,1.19972,2.25,1.13
2013.01.17 17:48:05.375,1.19955,1.19971,1.50,1.73
2013.01.17 17:48:05.936,1.19954,1.19968,2.48,1.13
2013.01.17 17:48:06.544,1.19953,1.19968,3.23,1.13
2013.01.17 17:48:07.267,1.19953,1.19968,3.23,1.13
2013.01.17 17:48:07.870,1.19953,1.1997,3.23,1.88
2013.01.17 17:48:10.186,1.19955,1.1997,1.73,1.73
2013.01.17 17:48:10.246,1.19955,1.1997,1.73,1.73
2013.01.17 17:48:10.606,1.19965,1.19975,1.50,2.48
2013.01.17 17:48:10.727,1.19965,1.19975,1.50,2.48
2013.01.17 17:48:11.146,1.19962,1.19975,1.73,1.73
2013.01.17 17:48:11.266,1.19962,1.19975,1.50,1.73
2013.01.17 17:48:11.723,1.19962,1.19972,1.50,1.73
2013.01.17 17:48:12.046,1.19953,1.19961,1.50,1.73
2013.01.17 17:48:12.106,1.19951,1.19961,1.50,1.73
2013.01.17 17:48:12.286,1.19947,1.1996,1.50,1.73
2013.01.17 17:48:12.465,1.19947,1.19959,1.50,1.73
2013.01.17 17:48:12.896,1.19943,1.19959,1.88,1.73
2013.01.17 17:48:12.956,1.19943,1.19958,1.88,1.73
2013.01.17 17:48:13.326,1.19941,1.19953,1.65,1.50
2013.01.17 17:48:13.388,1.19941,1.19947,1.50,1.13
2013.01.17 17:48:13.446,1.19937,1.19946,1.50,1.50
2013.01.17 17:48:13.686,1.19934,1.19943,2.63,1.73
2013.01.17 17:48:13.805,1.19932,1.19941,1.50,1.50
2013.01.17 17:48:13.926,1.1993,1.19941,1.50,1.50
2013.01.17 17:48:14.225,1.1993,1.19941,1.50,1.50
2013.01.17 17:48:14.705,1.19931,1.19946,2.25,1.73
2013.01.17 17:48:14.766,1.19931,1.19946,2.25,1.73
2013.01.17 17:48:15.245,1.19934,1.19944,1.50,1.73
2013.01.17 17:48:15.367,1.19928,1.19944,3.15,1.73
2013.01.17 17:48:15.487,1.19929,1.19945,1.50,1.73
2013.01.17 17:48:15.727,1.1993,1.19946,2.25,1.73
2013.01.17 17:48:15.788,1.1993,1.19946,2.25,1.73
2013.01.17 17:48:15.966,1.19933,1.19947,2.40,1.73
2013.01.17 17:48:16.505,1.19933,1.19949,2.63,1.73
2013.01.17 17:48:16.810,1.19937,1.19951,1.50,2.10
2013.01.17 17:48:17.326,1.1994,1.19951,1.50,2.10
2013.01.17 17:48:17.816,1.19941,1.19953,1.50,1.35
2013.01.17 17:48:18.056,1.19944,1.19955,1.50,2.48
2013.01.17 17:48:18.116,1.19943,1.19958,1.13,1.73
2013.01.17 17:48:18.176,1.19945,1.19958,1.50,1.73
2013.01.17 17:48:18.357,1.19945,1.19958,1.50,1.88
2013.01.17 17:48:18.416,1.19945,1.19958,1.50,1.88
2013.01.17 17:48:18.715,1.19945,1.19957,1.13,1.73
2013.01.17 17:48:19.016,1.19939,1.19951,2.25,1.65
2013.01.17 17:48:19.315,1.19937,1.19945,1.50,1.50
2013.01.17 17:48:19.615,1.19934,1.19947,1.13,1.35
2013.01.17 17:48:19.676,1.19937,1.19947,1.50,1.35
2013.01.17 17:48:20.035,1.19938,1.19947,1.50,1.35
2013.01.17 17:48:20.277,1.19938,1.19949,1.50,1.73
2013.01.17 17:48:20.337,1.19941,1.19952,1.50,2.48
2013.01.17 17:48:20.408,1.19942,1.19952,1.50,1.73
2013.01.17 17:48:20.586,1.19942,1.19953,1.50,3.23
2013.01.17 17:48:21.137,1.19943,1.19956,1.50,1.35
2013.01.17 17:48:21.436,1.19941,1.1995,1.50,1.50
2013.01.17 17:48:21.496,1.19937,1.19949,2.25,1.13
2013.01.17 17:48:22.027,1.19938,1.19949,2.25,1.13
2013.01.17 17:48:22.446,1.19932,1.19946,2.25,1.73
2013.01.17 17:48:22.506,1.19929,1.19946,2.40,1.73
2013.01.17 17:48:22.959,1.19932,1.19946,1.50,1.73
2013.01.17 17:48:23.267,1.19926,1.19944,1.65,1.73
2013.01.17 17:48:23.387,1.19924,1.19941,3.38,1.73
2013.01.17 17:48:23.571,1.19928,1.19941,1.50,1.73
2013.01.17 17:48:23.876,1.19927,1.19944,2.03,1.73
2013.01.17 17:48:24.235,1.19925,1.19943,1.50,2.48
2013.01.17 17:48:24.715,1.19924,1.19933,1.65,1.50
2013.01.17 17:48:25.076,1.19914,1.19929,6.00,1.73
2013.01.17 17:48:25.136,1.19915,1.19929,1.28,1.73
2013.01.17 17:48:25.695,1.19914,1.19927,3.00,1.73
2013.01.17 17:48:25.997,1.19914,1.19925,1.50,1.73
2013.01.17 17:48:26.355,1.1991,1.19924,1.50,1.73
2013.01.17 17:48:26.415,1.19912,1.19925,1.50,2.48
2013.01.17 17:48:26.656,1.19912,1.19925,1.50,1.73
2013.01.17 17:48:27.425,1.19912,1.19925,1.50,1.58
2013.01.17 17:48:27.665,1.19912,1.19925,1.50,1.58
2013.01.17 17:48:27.967,1.19905,1.19919,1.50,2.25
2013.01.17 17:48:28.027,1.19901,1.19915,4.58,1.65
2013.01.17 17:48:28.386,1.19906,1.19916,1.50,1.50
2013.01.17 17:48:28.567,1.19907,1.19917,1.88,1.13
2013.01.17 17:48:28.627,1.19911,1.19917,1.50,1.13
2013.01.17 17:48:28.869,1.19902,1.19913,2.25,1.50
2013.01.17 17:48:29.093,1.19902,1.19914,2.25,1.73
2013.01.17 17:48:29.406,1.1989,1.19902,1.50,1.50
2013.01.17 17:48:29.827,1.19877,1.19893,1.73,1.65
2013.01.17 17:48:29.886,1.19877,1.19893,1.73,1.65
2013.01.17 17:48:29.947,1.19877,1.19893,1.73,1.65
2013.01.17 17:48:30.305,1.19875,1.19892,2.40,1.73
2013.01.17 17:48:30.706,1.19874,1.19892,2.78,1.73
2013.01.17 17:48:30.888,1.19875,1.19892,1.73,1.73
2013.01.17 17:48:31.197,1.1988,1.19893,1.65,1.73
2013.01.17 17:48:31.612,1.19884,1.19896,1.50,1.73
2013.01.17 17:48:31.939,1.19885,1.19898,1.50,1.73
2013.01.17 17:48:32.066,1.19882,1.19898,2.25,1.50
2013.01.17 17:48:32.197,1.19889,1.19898,1.50,1.50
2013.01.17 17:48:32.257,1.19885,1.19898,1.50,1.50
2013.01.17 17:48:32.617,1.19886,1.19899,1.43,1.73
2013.01.17 17:48:32.677,1.19888,1.19899,1.58,1.50
2013.01.17 17:48:32.736,1.19888,1.19901,2.18,1.73
2013.01.17 17:48:32.797,1.19894,1.19901,1.43,1.50
2013.01.17 17:48:32.857,1.19892,1.19901,2.18,1.73
2013.01.17 17:48:32.976,1.19896,1.19903,1.43,1.73
2013.01.17 17:48:33.036,1.19898,1.19907,1.43,1.73
2013.01.17 17:48:33.276,1.19898,1.19907,1.58,1.73
2013.01.17 17:48:33.397,1.19895,1.19907,2.33,1.73
2013.01.17 17:48:33.695,1.19895,1.19907,1.43,1.73
2013.01.17 17:48:33.816,1.19898,1.19907,1.43,1.73
2013.01.17 17:48:33.947,1.19896,1.19908,1.43,2.48
2013.01.17 17:48:34.066,1.19894,1.19908,2.55,1.73
2013.01.17 17:48:34.365,1.19892,1.19904,1.43,1.73
2013.01.17 17:48:34.728,1.19892,1.19903,1.43,1.73
2013.01.17 17:48:35.027,1.19892,1.19903,1.43,1.73
2013.01.17 17:48:35.085,1.19889,1.19903,1.43,3.39
2013.01.17 17:48:35.146,1.19892,1.19903,1.43,2.10
2013.01.17 17:48:35.206,1.1989,1.19903,1.43,2.10
2013.01.17 17:48:35.265,1.1989,1.19903,1.43,2.10
2013.01.17 17:48:35.386,1.19888,1.19902,1.73,1.73
2013.01.17 17:48:35.777,1.19891,1.19902,1.43,1.58
2013.01.17 17:48:36.076,1.19889,1.19903,1.43,2.48
2013.01.17 17:48:36.615,1.1989,1.19904,1.43,1.73
2013.01.17 17:48:36.675,1.19892,1.19904,1.43,1.73
2013.01.17 17:48:37.277,1.19894,1.19907,1.43,2.63
2013.01.17 17:48:37.396,1.19896,1.19907,1.43,1.73
2013.01.17 17:48:37.522,1.19899,1.19908,1.43,1.73
2013.01.17 17:48:37.705,1.19896,1.19909,1.50,1.35
2013.01.17 17:48:38.555,1.19898,1.19911,1.50,1.65
2013.01.17 17:48:38.616,1.19898,1.19911,2.25,1.73
2013.01.17 17:48:38.738,1.19903,1.19913,1.50,1.13
2013.01.17 17:48:39.247,1.19903,1.19915,1.50,1.73
2013.01.17 17:48:39.747,1.19901,1.19914,1.50,1.13
2013.01.17 17:48:39.986,1.19898,1.19909,1.73,2.25
2013.01.17 17:48:40.167,1.19895,1.19911,4.50,1.73
2013.01.17 17:48:40.287,1.19901,1.19914,1.50,2.48
2013.01.17 17:48:40.466,1.19904,1.19914,1.73,1.50
2013.01.17 17:48:40.525,1.19904,1.19917,1.73,1.73
2013.01.17 17:48:40.645,1.19904,1.19917,1.73,1.50
2013.01.17 17:48:40.950,1.19904,1.1992,3.23,1.13
2013.01.17 17:48:41.197,1.19904,1.19917,1.73,1.65
2013.01.17 17:48:41.694,1.19902,1.19916,1.73,1.88
2013.01.17 17:48:41.777,1.19905,1.19916,1.50,1.88
2013.01.17 17:48:42.165,1.19905,1.19917,1.73,1.50
2013.01.17 17:48:42.465,1.199,1.19917,2.55,1.50
2013.01.17 17:48:42.825,1.199,1.19916,2.55,1.50
2013.01.17 17:48:42.947,1.19906,1.19918,1.80,2.25
2013.01.17 17:48:43.067,1.1991,1.19926,1.65,1.73
2013.01.17 17:48:43.129,1.19913,1.19927,1.13,3.23
2013.01.17 17:48:43.436,1.19918,1.19927,1.50,1.50
2013.01.17 17:48:43.795,1.19921,1.19935,3.38,2.48
2013.01.17 17:48:44.156,1.19923,1.19935,1.50,1.73
2013.01.17 17:48:44.222,1.19921,1.19938,2.25,3.38
2013.01.17 17:48:44.298,1.1992,1.19938,1.35,3.15
2013.01.17 17:48:44.370,1.19923,1.19937,1.73,1.50
2013.01.17 17:48:44.441,1.19922,1.19937,1.73,1.50
2013.01.17 17:48:44.790,1.19918,1.19933,3.98,1.50
2013.01.17 17:48:44.917,1.19921,1.19935,1.35,1.13
2013.01.17 17:48:44.977,1.19925,1.19938,2.25,3.23
2013.01.17 17:48:45.156,1.19925,1.19938,2.48,1.50
2013.01.17 17:48:45.216,1.19927,1.1994,1.73,1.50
2013.01.17 17:48:45.742,1.19927,1.19941,1.73,2.25
2013.01.17 17:48:46.216,1.1993,1.19947,1.45,2.40
2013.01.17 17:48:46.336,1.19936,1.19948,1.73,3.00
2013.01.17 17:48:46.396,1.19938,1.19951,1.88,3.00
2013.01.17 17:48:46.456,1.19938,1.19954,4.13,2.25
2013.01.17 17:48:46.696,1.19938,1.19955,4.35,3.53
2013.01.17 17:48:46.997,1.19937,1.19954,1.20,2.63
2013.01.17 17:48:47.477,1.19935,1.19949,1.73,3.00
2013.01.17 17:48:47.715,1.19934,1.19949,1.73,3.00
2013.01.17 17:48:47.836,1.19933,1.19947,1.13,2.53
2013.01.17 17:48:47.897,1.1993,1.19947,2.25,2.91
2013.01.17 17:48:48.078,1.19927,1.19939,2.25,1.73
2013.01.17 17:48:48.208,1.19927,1.19939,1.50,1.88
2013.01.17 17:48:48.269,1.19923,1.19939,3.45,2.46
2013.01.17 17:48:48.765,1.19922,1.19937,1.88,1.73
2013.01.17 17:48:49.305,1.1992,1.19936,2.25,1.73
2013.01.17 17:48:49.668,1.1992,1.19933,1.50,1.02
2013.01.17 17:48:49.727,1.19919,1.19933,3.75,1.02
2013.01.17 17:48:49.905,1.19921,1.19933,1.50,1.02
2013.01.17 17:48:50.437,1.19919,1.19937,1.50,1.34
2013.01.17 17:48:50.509,1.19928,1.19937,1.50,1.11
2013.01.17 17:48:50.637,1.19926,1.19933,3.00,1.11
2013.01.17 17:48:51.191,1.19923,1.19933,1.50,1.11
2013.01.17 17:48:52.187,1.19926,1.19934,2.40,1.29
2013.01.17 17:48:52.305,1.19928,1.1994,1.88,1.32
2013.01.17 17:48:52.365,1.19928,1.1994,4.13,1.41
2013.01.17 17:48:52.675,1.19928,1.19943,4.13,2.04
2013.01.17 17:48:52.915,1.19931,1.19947,3.90,2.11
2013.01.17 17:48:53.035,1.19933,1.19947,1.50,2.48
2013.01.17 17:48:53.215,1.19931,1.19945,4.28,1.52
2013.01.17 17:48:53.395,1.1993,1.19945,4.50,1.52
2013.01.17 17:48:53.996,1.1993,1.19947,3.15,1.73
2013.01.17 17:48:54.116,1.19931,1.19947,1.28,3.23
2013.01.17 17:48:54.299,1.19934,1.19948,1.50,2.48
2013.01.17 17:48:54.486,1.19934,1.1995,2.25,1.73
2013.01.17 17:48:54.790,1.19932,1.19949,1.65,3.23
2013.01.17 17:48:54.857,1.19932,1.19946,1.28,1.73
2013.01.17 17:48:55.396,1.1993,1.1994,1.50,1.50
2013.01.17 17:48:55.516,1.19926,1.1994,2.63,1.50
2013.01.17 17:48:55.697,1.19928,1.19945,1.50,1.73
2013.01.17 17:48:55.996,1.19931,1.19945,1.58,1.73
2013.01.17 17:48:56.355,1.19934,1.19948,1.50,1.13
2013.01.17 17:48:56.855,1.19938,1.19952,1.13,2.48
2013.01.17 17:48:56.976,1.19941,1.19952,1.13,1.50
2013.01.17 17:48:57.276,1.19936,1.19952,2.40,1.73
2013.01.17 17:48:57.586,1.19938,1.19955,2.40,1.73
2013.01.17 17:48:57.945,1.19939,1.19955,2.40,1.73
2013.01.17 17:48:58.867,1.19941,1.19959,1.13,1.65
2013.01.17 17:48:59.165,1.19943,1.19959,3.00,1.65
2013.01.17 17:48:59.466,1.19939,1.19953,2.25,2.40
2013.01.17 17:48:59.785,1.19938,1.19953,1.65,2.48
2013.01.17 17:49:00.086,1.19937,1.1995,2.25,2.48
2013.01.17 17:49:00.146,1.19932,1.19949,2.03,2.48
2013.01.17 17:49:00.268,1.19931,1.19949,3.38,3.23
2013.01.17 17:49:00.688,1.19937,1.19953,1.13,3.23
2013.01.17 17:49:01.535,1.19937,1.19953,2.85,2.48
2013.01.17 17:49:02.428,1.19937,1.19954,3.60,1.73
2013.01.17 17:49:04.116,1.19939,1.19955,1.13,2.48
2013.01.17 17:49:04.236,1.19945,1.19959,2.40,1.35
2013.01.17 17:49:04.358,1.19945,1.1996,3.15,1.35
2013.01.17 17:49:04.475,1.19945,1.19961,3.38,1.73
2013.01.17 17:49:04.596,1.19947,1.19961,2.48,1.50
2013.01.17 17:49:04.716,1.19952,1.19966,2.63,1.50
2013.01.17 17:49:04.776,1.19952,1.1997,5.63,1.73
2013.01.17 17:49:05.137,1.19953,1.1997,1.13,2.25
2013.01.17 17:49:05.675,1.19955,1.19971,1.50,1.73
2013.01.17 17:49:05.895,1.19955,1.19972,2.48,1.50
2013.01.17 17:49:06.255,1.19957,1.19973,1.73,1.50
2013.01.17 17:49:06.848,1.19958,1.19973,2.33,1.50
2013.01.17 17:49:07.166,1.19956,1.19972,1.95,2.25
2013.01.17 17:49:07.347,1.19954,1.19969,1.50,2.25
2013.01.17 17:49:07.956,1.19952,1.19966,1.13,2.25
2013.01.17 17:49:08.076,1.19953,1.19965,1.20,2.25
2013.01.17 17:49:08.785,1.19951,1.19965,3.04,1.73
2013.01.17 17:49:10.436,1.19957,1.19966,1.88,1.73
2013.01.17 17:49:10.616,1.1996,1.19975,1.73,2.10
2013.01.17 17:49:10.856,1.19962,1.19976,1.13,1.73
2013.01.17 17:49:11.277,1.19965,1.19976,1.65,1.50
2013.01.17 17:49:11.577,1.19966,1.19977,1.13,2.25
2013.01.17 17:49:11.937,1.19974,1.19979,2.25,1.50
2013.01.17 17:49:12.238,1.1998,1.19988,2.25,1.50
2013.01.17 17:49:12.297,1.19978,1.19989,1.65,3.00
2013.01.17 17:49:12.535,1.19979,1.19994,1.65,2.48
2013.01.17 17:49:13.946,1.19977,1.19994,1.65,3.23
2013.01.17 17:49:14.785,1.19977,1.19993,1.65,3.23
2013.01.17 17:49:16.515,1.1998,1.19996,1.50,2.10
2013.01.17 17:49:16.577,1.1998,1.19998,3.15,3.23
2013.01.17 17:49:16.757,1.19982,1.2,1.73,1.73
2013.01.17 17:49:16.938,1.19986,1.20001,1.50,2.48
2013.01.17 17:49:16.996,1.19986,1.20001,1.50,1.73
2013.01.17 17:49:17.175,1.19982,1.19998,1.50,2.48
2013.01.17 17:49:17.236,1.1998,1.19993,1.50,1.50
2013.01.17 17:49:17.538,1.19977,1.1999,1.73,3.00
2013.01.17 17:49:17.604,1.19976,1.1999,1.50,3.23
2013.01.17 17:49:17.726,1.19975,1.1999,1.28,3.23
2013.01.17 17:49:17.967,1.19976,1.1999,1.35,1.73
2013.01.17 17:49:18.505,1.19975,1.19991,2.03,3.98
2013.01.17 17:49:18.935,1.19975,1.1999,1.28,2.48
2013.01.17 17:49:18.996,1.19977,1.1999,1.65,2.48
2013.01.17 17:49:19.356,1.19985,1.19998,3.00,2.10
2013.01.17 17:49:19.416,1.19986,1.19999,1.65,3.98
2013.01.17 17:49:19.895,1.19985,1.19998,2.10,1.50
2013.01.17 17:49:20.376,1.19981,1.19997,1.50,2.25
2013.01.17 17:49:21.357,1.1998,1.19996,1.65,1.50
2013.01.17 17:49:22.040,1.1998,1.1999,2.25,1.50
2013.01.17 17:49:22.299,1.19976,1.19991,1.28,3.00
2013.01.17 17:49:22.488,1.19976,1.19992,2.03,1.73
2013.01.17 17:49:23.046,1.19976,1.19991,1.28,1.73
2013.01.17 17:49:23.406,1.19976,1.19984,1.13,1.50
2013.01.17 17:49:23.707,1.19974,1.19979,1.50,1.50
2013.01.17 17:49:24.007,1.19961,1.19975,2.25,1.54
2013.01.17 17:49:24.126,1.19961,1.19975,2.25,1.54
2013.01.17 17:49:24.426,1.1996,1.19975,2.40,2.29
2013.01.17 17:49:24.669,1.19959,1.19973,2.25,2.33
2013.01.17 17:49:25.152,1.19951,1.19968,3.53,2.48
2013.01.17 17:49:25.696,1.19952,1.19963,2.25,1.32
2013.01.17 17:49:26.056,1.19945,1.19954,1.50,2.40
2013.01.17 17:49:26.416,1.19941,1.19947,1.73,1.32
2013.01.17 17:49:26.779,1.19938,1.19947,1.50,1.32
2013.01.17 17:49:26.905,1.19935,1.19948,1.50,2.48
2013.01.17 17:49:27.442,1.19932,1.19948,1.88,1.73
2013.01.17 17:49:27.946,1.19932,1.19947,1.50,2.29
2013.01.17 17:49:28.485,1.19931,1.19946,3.15,1.73
2013.01.17 17:49:28.605,1.19931,1.19945,1.65,1.73
2013.01.17 17:49:28.725,1.19926,1.19938,2.25,1.50
2013.01.17 17:49:28.785,1.19923,1.1994,1.80,1.50
2013.01.17 17:49:28.905,1.19922,1.19938,3.83,1.73
2013.01.17 17:49:29.025,1.19922,1.19938,1.73,1.73
2013.01.17 17:49:29.145,1.19922,1.19939,1.73,1.73
2013.01.17 17:49:29.698,1.19922,1.19938,1.73,1.73
2013.01.17 17:49:29.755,1.19922,1.19936,1.65,1.73
2013.01.17 17:49:30.406,1.1992,1.19935,1.88,3.57
2013.01.17 17:49:31.027,1.1992,1.19934,1.13,1.50
2013.01.17 17:49:31.206,1.1992,1.19935,1.13,2.25
2013.01.17 17:49:31.385,1.1992,1.19935,1.13,1.73
2013.01.17 17:49:32.375,1.19924,1.19935,2.25,2.25
2013.01.17 17:49:32.436,1.19924,1.19936,1.73,1.50
2013.01.17 17:49:33.686,1.19924,1.19936,1.73,1.50
2013.01.17 17:49:33.867,1.19915,1.19924,1.50,1.50
2013.01.17 17:49:34.225,1.1991,1.19924,2.25,1.50
2013.01.17 17:49:34.286,1.1991,1.19924,1.88,1.50
2013.01.17 17:49:34.466,1.19907,1.19921,1.88,1.50
2013.01.17 17:49:34.776,1.19906,1.19921,1.50,1.50
2013.01.17 17:49:34.836,1.19906,1.1992,1.50,1.50
2013.01.17 17:49:35.255,1.19903,1.19917,1.88,2.25
2013.01.17 17:49:35.436,1.19903,1.19917,1.50,2.48
2013.01.17 17:49:35.495,1.19903,1.19916,1.50,3.23
2013.01.17 17:49:35.795,1.19899,1.19914,1.58,1.65
2013.01.17 17:49:35.916,1.19903,1.19914,1.50,1.65
2013.01.17 17:49:36.456,1.199,1.19912,1.80,1.50
2013.01.17 17:49:36.875,1.199,1.19911,1.73,1.50
2013.01.17 17:49:36.996,1.19903,1.19914,1.73,1.65
2013.01.17 17:49:37.055,1.19899,1.19913,1.73,1.28
2013.01.17 17:49:37.117,1.19899,1.19912,1.50,1.28
2013.01.17 17:49:37.176,1.19899,1.19907,1.50,1.88
2013.01.17 17:49:37.236,1.19896,1.19907,1.50,1.88
2013.01.17 17:49:37.296,1.19895,1.19907,1.73,1.88
2013.01.17 17:49:37.787,1.19897,1.19907,1.50,1.13
2013.01.17 17:49:38.467,1.19904,1.19915,1.73,2.40
2013.01.17 17:49:38.606,1.19899,1.19912,2.48,1.13
2013.01.17 17:49:39.285,1.19896,1.19911,1.73,2.40
2013.01.17 17:49:39.607,1.19896,1.19911,3.98,1.65
2013.01.17 17:49:39.847,1.19898,1.1991,1.73,1.13
2013.01.17 17:49:39.967,1.19897,1.19911,1.73,1.50
2013.01.17 17:49:40.207,1.19902,1.19912,1.50,1.80
2013.01.17 17:49:40.567,1.19891,1.19903,2.48,1.65
2013.01.17 17:49:40.932,1.19895,1.19906,1.73,1.65
2013.01.17 17:49:41.355,1.19897,1.19908,1.73,1.50
2013.01.17 17:49:41.415,1.19897,1.1991,1.73,1.28
2013.01.17 17:49:41.835,1.19893,1.1991,2.18,1.28
2013.01.17 17:49:42.727,1.19895,1.1991,1.74,2.63
2013.01.17 17:49:42.906,1.19895,1.19913,2.49,1.05
2013.01.17 17:49:43.145,1.19894,1.19914,4.34,3.15
2013.01.17 17:49:43.747,1.19898,1.19915,1.35,2.25
2013.01.17 17:49:44.048,1.19897,1.19905,1.50,4.95
2013.01.17 17:49:44.167,1.19896,1.19905,1.13,3.45
2013.01.17 17:49:44.827,1.19886,1.19905,1.50,3.60
2013.01.17 17:49:44.886,1.19891,1.19905,1.50,1.50
2013.01.17 17:49:45.187,1.19893,1.19907,1.73,1.88
2013.01.17 17:49:45.735,1.19894,1.19908,1.73,2.03
2013.01.17 17:49:46.227,1.1989,1.19907,3.23,2.10
2013.01.17 17:49:46.287,1.19887,1.19906,2.10,2.10
2013.01.17 17:49:46.408,1.19889,1.19905,1.73,2.25
2013.01.17 17:49:46.706,1.19889,1.19907,1.73,3.90
2013.01.17 17:49:47.717,1.19895,1.19907,1.73,1.65
2013.01.17 17:49:47.835,1.19895,1.19907,1.50,1.88
2013.01.17 17:49:48.045,1.19891,1.19909,1.88,1.73
2013.01.17 17:49:48.227,1.19894,1.19909,1.50,1.73
2013.01.17 17:49:48.648,1.19896,1.1991,1.50,1.88
2013.01.17 17:49:49.255,1.19895,1.19911,3.38,1.13
2013.01.17 17:49:49.495,1.19896,1.19914,1.13,1.35
2013.01.17 17:49:49.976,1.19897,1.19917,2.63,3.60
2013.01.17 17:49:50.156,1.19897,1.19917,3.00,2.10
2013.01.17 17:49:50.216,1.19903,1.19917,1.50,1.35
2013.01.17 17:49:50.663,1.19903,1.19918,1.50,1.28
2013.01.17 17:49:50.916,1.19905,1.19922,1.50,3.38
2013.01.17 17:49:51.457,1.19905,1.19922,2.25,2.63
2013.01.17 17:49:51.697,1.19897,1.19915,1.13,2.10
2013.01.17 17:49:51.816,1.19897,1.19915,3.00,1.50
2013.01.17 17:49:52.069,1.199,1.19915,1.50,1.13
2013.01.17 17:49:52.616,1.19901,1.19916,1.50,1.88
2013.01.17 17:49:52.683,1.19901,1.19916,1.50,1.88
2013.01.17 17:49:52.806,1.19904,1.19916,1.50,1.88
2013.01.17 17:49:53.347,1.19905,1.19918,1.50,1.35
2013.01.17 17:49:53.806,1.19905,1.19918,1.50,1.88
2013.01.17 17:49:53.926,1.19909,1.19918,1.50,1.65
2013.01.17 17:49:54.106,1.19907,1.19919,1.50,1.50
2013.01.17 17:49:54.347,1.19909,1.19924,2.25,2.40
2013.01.17 17:49:54.706,1.19911,1.19924,1.50,2.40
2013.01.17 17:49:54.947,1.19914,1.19925,1.50,1.65
2013.01.17 17:49:55.369,1.19914,1.19926,1.50,1.65
2013.01.17 17:49:55.618,1.19914,1.19928,1.35,1.65
2013.01.17 17:49:55.808,1.19915,1.19929,1.88,1.13
2013.01.17 17:49:56.107,1.19918,1.19928,1.50,1.65
2013.01.17 17:49:56.166,1.19918,1.19928,1.50,1.50
2013.01.17 17:49:56.706,1.19916,1.19927,3.00,1.44
2013.01.17 17:49:56.946,1.19911,1.19921,1.58,1.17
2013.01.17 17:49:57.020,1.19909,1.19921,2.48,1.17
2013.01.17 17:49:57.090,1.19903,1.19914,1.13,1.13
2013.01.17 17:49:57.216,1.19907,1.19916,2.25,1.53
2013.01.17 17:49:57.276,1.19903,1.19916,1.88,1.53
2013.01.17 17:49:57.516,1.19901,1.19913,1.50,1.22
2013.01.17 17:49:57.945,1.19901,1.19913,1.50,1.22
2013.01.17 17:49:58.556,1.19901,1.19913,1.50,1.22
2013.01.17 17:49:58.887,1.19901,1.19913,1.50,1.13
2013.01.17 17:49:59.362,1.19904,1.19914,1.50,1.13
2013.01.17 17:49:59.505,1.19901,1.19914,1.50,1.88
2013.01.17 17:50:00.846,1.19901,1.19915,1.50,1.13
2013.01.17 17:50:01.474,1.199,1.19915,1.50,1.13
2013.01.17 17:50:01.777,1.19899,1.19915,5.63,1.35
2013.01.17 17:50:02.215,1.19899,1.19915,3.38,1.35
2013.01.17 17:50:02.335,1.19899,1.19914,3.38,1.13
2013.01.17 17:50:03.052,1.19898,1.19914,1.65,1.73
2013.01.17 17:50:03.636,1.199,1.19914,1.50,1.73
2013.01.17 17:50:04.156,1.199,1.19916,1.88,3.23
2013.01.17 17:50:04.216,1.19902,1.19917,1.65,2.10
2013.01.17 17:50:04.336,1.19904,1.19917,3.15,1.35
2013.01.17 17:50:04.396,1.19907,1.19917,1.50,1.35
2013.01.17 17:50:04.936,1.19907,1.19923,2.40,1.35
2013.01.17 17:50:04.996,1.19906,1.19923,4.65,1.35
2013.01.17 17:50:05.057,1.19911,1.19923,1.50,1.35
2013.01.17 17:50:05.416,1.19908,1.19922,1.88,2.48
2013.01.17 17:50:05.775,1.19904,1.1992,1.50,4.03
2013.01.17 17:50:05.896,1.19901,1.19915,1.65,1.73
2013.01.17 17:50:06.255,1.19901,1.19916,1.50,1.35
2013.01.17 17:50:06.316,1.19899,1.19916,1.50,1.35
2013.01.17 17:50:06.916,1.19899,1.19914,1.50,1.41
2013.01.17 17:50:06.976,1.19897,1.19911,1.50,1.35
2013.01.17 17:50:07.044,1.19895,1.19911,2.40,1.35
2013.01.17 17:50:07.166,1.19895,1.19911,1.50,1.35
2013.01.17 17:50:07.585,1.19895,1.19911,1.50,1.35
2013.01.17 17:50:08.475,1.19893,1.19909,3.00,2.48
2013.01.17 17:50:08.596,1.1989,1.19907,1.50,2.48
2013.01.17 17:50:08.656,1.19889,1.19907,1.50,2.85
2013.01.17 17:50:08.777,1.19888,1.19905,1.50,2.48
2013.01.17 17:50:09.017,1.19883,1.19895,1.50,2.33
2013.01.17 17:50:09.138,1.19882,1.19894,1.88,1.58
2013.01.17 17:50:09.496,1.19877,1.19895,3.75,5.33
2013.01.17 17:50:09.557,1.19875,1.1989,1.50,1.38
2013.01.17 17:50:09.798,1.19875,1.19886,3.00,1.73
2013.01.17 17:50:10.215,1.19872,1.19883,1.88,1.73
2013.01.17 17:50:10.337,1.1987,1.19883,2.25,3.23
2013.01.17 17:50:10.699,1.19861,1.19878,1.50,3.45
2013.01.17 17:50:10.959,1.19864,1.19876,1.50,1.73
2013.01.17 17:50:11.086,1.19864,1.19876,1.50,1.65
2013.01.17 17:50:11.205,1.19864,1.19876,1.50,1.65
2013.01.17 17:50:11.745,1.19864,1.19881,3.00,3.00
2013.01.17 17:50:11.866,1.19866,1.19881,2.25,2.25
2013.01.17 17:50:11.987,1.19866,1.19881,3.00,3.08
2013.01.17 17:50:12.226,1.19865,1.19881,1.50,3.08
2013.01.17 17:50:12.289,1.19862,1.19879,1.65,2.16
2013.01.17 17:50:12.776,1.19855,1.19865,1.65,1.50
2013.01.17 17:50:12.836,1.19849,1.19863,3.08,1.92
2013.01.17 17:50:12.955,1.19849,1.1986,4.58,1.97
2013.01.17 17:50:13.016,1.19833,1.19855,1.50,8.19
2013.01.17 17:50:13.317,1.19828,1.19841,2.25,1.50
2013.01.17 17:50:13.436,1.19819,1.19837,1.35,2.82
2013.01.17 17:50:13.497,1.19818,1.19832,1.65,1.32
2013.01.17 17:50:13.618,1.19813,1.19827,1.50,1.01
2013.01.17 17:50:13.678,1.19819,1.19831,1.13,1.86
2013.01.17 17:50:13.867,1.1982,1.19833,1.13,2.07
2013.01.17 17:50:14.048,1.19824,1.19838,1.50,2.48
2013.01.17 17:50:14.106,1.19824,1.19838,3.00,2.48
2013.01.17 17:50:14.468,1.19826,1.19843,2.48,2.48
2013.01.17 17:50:14.706,1.19828,1.19847,3.15,1.73
2013.01.17 17:50:15.164,1.19822,1.19843,2.55,2.40
2013.01.17 17:50:15.588,1.19823,1.19842,1.28,1.50
2013.01.17 17:50:15.946,1.19838,1.19851,1.73,1.29
2013.01.17 17:50:16.006,1.19839,1.19858,1.65,3.23
2013.01.17 17:50:16.247,1.19841,1.19855,1.50,2.25
2013.01.17 17:50:16.545,1.19839,1.19856,1.50,2.25
2013.01.17 17:50:16.726,1.19839,1.19856,1.65,1.73
2013.01.17 17:50:16.786,1.19842,1.19858,1.65,1.58
2013.01.17 17:50:16.907,1.19845,1.19859,1.50,3.60
2013.01.17 17:50:17.147,1.19849,1.19864,1.50,1.50
2013.01.17 17:50:17.270,1.19849,1.19861,1.50,1.50
2013.01.17 17:50:17.349,1.19846,1.19861,1.50,3.00
2013.01.17 17:50:17.870,1.19845,1.19865,1.50,2.40
2013.01.17 17:50:17.945,1.19845,1.19865,1.50,2.40
2013.01.17 17:50:18.008,1.19846,1.19865,1.73,2.40
2013.01.17 17:50:18.517,1.19844,1.19865,1.73,2.40
2013.01.17 17:50:18.876,1.19827,1.19849,1.35,3.00
2013.01.17 17:50:18.936,1.19832,1.19851,1.35,3.75
2013.01.17 17:50:19.416,1.19835,1.19854,1.73,1.13
2013.01.17 17:50:19.916,1.19835,1.19853,1.88,1.50
2013.01.17 17:50:19.979,1.19838,1.19855,1.50,1.73
2013.01.17 17:50:20.046,1.19838,1.19857,1.50,3.23
2013.01.17 17:50:20.107,1.19838,1.19854,1.50,1.50
2013.01.17 17:50:20.409,1.19829,1.19845,2.48,1.50
2013.01.17 17:50:20.467,1.19829,1.19845,2.85,1.50
2013.01.17 17:50:20.588,1.19835,1.19845,1.50,1.50
2013.01.17 17:50:20.906,1.19837,1.19851,1.50,1.35
2013.01.17 17:50:21.325,1.19837,1.19852,2.25,3.68
2013.01.17 17:50:21.865,1.19837,1.19853,2.25,1.88
2013.01.17 17:50:21.925,1.19837,1.19853,2.25,1.13
2013.01.17 17:50:22.358,1.19837,1.19855,2.25,1.20
2013.01.17 17:50:22.418,1.19838,1.19855,1.50,1.20
2013.01.17 17:50:22.775,1.19849,1.19857,1.50,2.25
2013.01.17 17:50:22.896,1.19849,1.19867,1.50,1.50
2013.01.17 17:50:23.076,1.19849,1.19867,1.50,1.73
2013.01.17 17:50:23.195,1.19849,1.19867,2.25,2.48
2013.01.17 17:50:23.827,1.1985,1.19869,1.73,2.48
2013.01.17 17:50:24.497,1.19853,1.19869,1.50,2.55
2013.01.17 17:50:24.856,1.19856,1.19874,3.38,1.50
2013.01.17 17:50:25.396,1.19858,1.19874,1.73,2.25
2013.01.17 17:50:25.865,1.19858,1.19873,1.73,2.25
2013.01.17 17:50:26.307,1.19859,1.19874,2.85,1.95
2013.01.17 17:50:26.426,1.19859,1.19874,3.00,1.50
2013.01.17 17:50:27.580,1.1986,1.19878,2.48,2.63
2013.01.17 17:50:28.166,1.19866,1.19877,3.90,2.25
2013.01.17 17:50:28.227,1.19867,1.19879,1.13,1.50
2013.01.17 17:50:28.466,1.1987,1.19888,3.23,3.15
2013.01.17 17:50:28.766,1.1987,1.19888,6.38,3.75
2013.01.17 17:50:28.826,1.19872,1.19889,1.73,1.50
2013.01.17 17:50:29.006,1.19876,1.19893,2.48,5.48
2013.01.17 17:50:29.066,1.19879,1.19893,3.00,3.98
2013.01.17 17:50:29.426,1.19881,1.19898,2.10,1.65
2013.01.17 17:50:29.728,1.19881,1.19899,2.10,2.40
2013.01.17 17:50:29.797,1.19879,1.19896,2.48,3.38
2013.01.17 17:50:30.098,1.19868,1.19882,1.73,4.65
2013.01.17 17:50:30.576,1.19865,1.19881,2.48,1.50
2013.01.17 17:50:31.098,1.19868,1.19882,1.73,2.33
2013.01.17 17:50:31.292,1.19871,1.19882,1.13,1.43
2013.01.17 17:50:31.597,1.19872,1.19886,1.50,2.78
2013.01.17 17:50:31.656,1.19872,1.19882,1.50,2.25
2013.01.17 17:50:31.716,1.19869,1.19881,1.73,1.65
2013.01.17 17:50:31.896,1.19868,1.19881,1.35,1.65
2013.01.17 17:50:32.445,1.19867,1.1988,1.73,1.65
2013.01.17 17:50:32.946,1.19867,1.1988,1.73,3.08
2013.01.17 17:50:33.066,1.19864,1.1988,3.60,1.65
2013.01.17 17:50:33.126,1.19864,1.1988,3.38,1.65
2013.01.17 17:50:33.307,1.19864,1.1988,3.38,1.65
2013.01.17 17:50:33.880,1.19868,1.19879,1.50,1.50
2013.01.17 17:50:35.235,1.19868,1.19879,1.73,3.00
2013.01.17 17:50:35.596,1.19868,1.1988,1.73,2.03
2013.01.17 17:50:36.606,1.19868,1.1988,1.73,1.28
2013.01.17 17:50:36.787,1.19868,1.19877,1.73,1.50
2013.01.17 17:50:37.090,1.19864,1.19871,1.73,1.50
2013.01.17 17:50:37.216,1.19863,1.1987,1.73,2.25
2013.01.17 17:50:38.055,1.19859,1.19871,1.73,1.50
2013.01.17 17:50:38.124,1.19859,1.19871,1.73,3.00
2013.01.17 17:50:38.486,1.19862,1.19871,1.73,1.50
2013.01.17 17:50:38.546,1.19867,1.19877,1.50,3.75
2013.01.17 17:50:38.606,1.19868,1.19876,1.50,1.50
2013.01.17 17:50:38.665,1.19865,1.19877,1.73,1.50
2013.01.17 17:50:38.787,1.19865,1.19878,1.73,1.13
2013.01.17 17:50:38.966,1.19865,1.19879,1.73,3.00
2013.01.17 17:50:39.026,1.19867,1.19879,1.73,2.25
2013.01.17 17:50:39.567,1.19867,1.19878,1.73,1.50
2013.01.17 17:50:40.005,1.19864,1.19879,1.73,1.50
2013.01.17 17:50:40.899,1.19864,1.19879,1.73,1.50
2013.01.17 17:50:41.206,1.19864,1.1988,1.73,1.50
2013.01.17 17:50:41.386,1.19864,1.1988,1.73,1.50
2013.01.17 17:50:41.687,1.19864,1.1988,2.48,1.50
2013.01.17 17:50:42.262,1.19862,1.19879,3.23,1.50
2013.01.17 17:50:42.636,1.19864,1.1988,1.73,1.50
2013.01.17 17:50:42.996,1.19863,1.19879,1.73,3.00
2013.01.17 17:50:43.276,1.19863,1.19879,1.73,3.00
2013.01.17 17:50:43.778,1.19862,1.19879,1.73,3.00
2013.01.17 17:50:44.626,1.19861,1.19877,3.98,3.15
2013.01.17 17:50:44.746,1.19859,1.19874,2.48,1.65
2013.01.17 17:50:44.867,1.1986,1.19876,1.13,1.35
2013.01.17 17:50:45.166,1.19861,1.19878,2.48,5.40
2013.01.17 17:50:45.878,1.19863,1.19877,2.48,3.15
2013.01.17 17:50:46.178,1.19865,1.1988,1.73,3.75
2013.01.17 17:50:46.240,1.19865,1.1988,2.48,3.00
2013.01.17 17:50:46.846,1.19869,1.19883,1.73,1.65
2013.01.17 17:50:46.906,1.19869,1.19883,1.73,1.65
2013.01.17 17:50:47.086,1.1987,1.19885,1.88,2.25
2013.01.17 17:50:47.701,1.19872,1.19888,1.73,1.50
2013.01.17 17:50:47.765,1.19872,1.19889,1.73,2.25
2013.01.17 17:50:48.006,1.19876,1.19891,1.73,1.50
2013.01.17 17:50:48.186,1.19882,1.19896,1.50,2.25
2013.01.17 17:50:48.519,1.19882,1.19897,1.73,1.50
2013.01.17 17:50:49.677,1.19883,1.199,3.23,2.25
2013.01.17 17:50:49.989,1.19883,1.199,3.23,2.25
2013.01.17 17:50:50.991,1.19886,1.19899,1.73,1.65
2013.01.17 17:50:51.056,1.19886,1.19902,1.73,1.13
2013.01.17 17:50:51.617,1.19889,1.19903,1.73,2.25
2013.01.17 17:50:51.676,1.19889,1.19903,1.73,1.50
2013.01.17 17:50:51.735,1.19889,1.19904,1.73,1.50
2013.01.17 17:50:51.796,1.19889,1.19906,1.73,3.00
2013.01.17 17:50:52.187,1.19887,1.19904,1.50,1.50
2013.01.17 17:50:56.076,1.19887,1.19897,1.13,1.50
2013.01.17 17:50:56.196,1.19883,1.19894,2.10,1.50
2013.01.17 17:50:56.376,1.19882,1.19897,2.48,2.25
2013.01.17 17:50:56.436,1.19883,1.199,1.73,1.35
2013.01.17 17:50:56.616,1.19884,1.19902,2.48,2.63
2013.01.17 17:50:57.427,1.19885,1.199,1.73,1.50
2013.01.17 17:50:57.787,1.19885,1.19902,3.23,1.13
2013.01.17 17:50:57.906,1.19886,1.19902,2.10,1.50
2013.01.17 17:50:58.031,1.19886,1.19902,2.10,1.50
2013.01.17 17:50:58.575,1.19886,1.19901,2.10,1.50
2013.01.17 17:51:00.266,1.19886,1.19902,1.35,1.50
2013.01.17 17:51:00.325,1.19886,1.19902,1.35,1.50
2013.01.17 17:51:00.627,1.19886,1.19901,1.35,3.23
2013.01.17 17:51:00.687,1.19886,1.199,1.73,3.00
2013.01.17 17:51:00.807,1.19883,1.19895,1.50,1.50
2013.01.17 17:51:00.868,1.19879,1.19895,2.85,1.50
2013.01.17 17:51:01.226,1.1988,1.19897,1.50,1.50
2013.01.17 17:51:02.235,1.19879,1.19897,1.35,2.25
2013.01.17 17:51:02.434,1.19881,1.19897,1.35,1.50
2013.01.17 17:51:02.958,1.19882,1.19899,1.13,3.00
2013.01.17 17:51:03.315,1.19885,1.19903,3.98,2.40
2013.01.17 17:51:03.695,1.19884,1.19902,3.60,1.50
2013.01.17 17:51:04.017,1.19888,1.19902,1.65,3.00
2013.01.17 17:51:04.377,1.19896,1.19912,2.10,1.69
2013.01.17 17:51:04.617,1.19896,1.1991,2.10,1.50
2013.01.17 17:51:04.915,1.19896,1.19909,1.35,1.50
2013.01.17 17:51:05.476,1.19896,1.19909,1.35,1.50
2013.01.17 17:51:05.537,1.19896,1.19907,1.35,1.50
2013.01.17 17:51:05.895,1.19893,1.19904,1.73,1.50
2013.01.17 17:51:06.076,1.19893,1.19904,1.73,1.50
2013.01.17 17:51:06.199,1.19886,1.199,2.85,1.50
2013.01.17 17:51:06.387,1.19885,1.19898,1.35,1.50
2013.01.17 17:51:06.716,1.19879,1.19893,1.35,3.75
2013.01.17 17:51:06.898,1.19877,1.19893,1.73,3.75
2013.01.17 17:51:06.956,1.19877,1.19893,1.73,3.75
2013.01.17 17:51:07.375,1.19875,1.1989,1.80,2.25
2013.01.17 17:51:09.077,1.19875,1.19888,2.10,1.50
2013.01.17 17:51:09.137,1.19875,1.19888,1.35,1.50
2013.01.17 17:51:09.197,1.19875,1.19888,1.35,3.15
2013.01.17 17:51:09.316,1.19872,1.19886,1.88,4.65
2013.01.17 17:51:09.876,1.19868,1.19885,4.35,1.50
2013.01.17 17:51:11.156,1.19868,1.19884,2.85,1.50
2013.01.17 17:51:11.457,1.19864,1.1988,3.23,2.25
2013.01.17 17:51:11.517,1.19864,1.1988,3.23,3.75
2013.01.17 17:51:12.066,1.19862,1.1988,5.85,3.00
2013.01.17 17:51:12.545,1.19862,1.1988,3.60,3.00
2013.01.17 17:51:12.605,1.19862,1.1988,3.60,3.15
2013.01.17 17:51:14.245,1.19862,1.19878,1.35,2.25
2013.01.17 17:51:14.426,1.19862,1.19878,1.80,2.25
2013.01.17 17:51:15.006,1.19862,1.1988,3.30,3.00
2013.01.17 17:51:15.616,1.19865,1.19882,2.48,2.85
2013.01.17 17:51:15.679,1.19868,1.19883,1.73,1.50
2013.01.17 17:51:15.865,1.19868,1.19884,3.23,2.25
2013.01.17 17:51:18.076,1.19873,1.19889,2.48,1.50
2013.01.17 17:51:18.195,1.19874,1.1989,1.73,2.40
2013.01.17 17:51:18.949,1.19877,1.19891,2.14,3.15
2013.01.17 17:51:25.203,1.19881,1.19893,1.73,1.50
2013.01.17 17:51:26.346,1.19881,1.19893,1.73,1.50
2013.01.17 17:51:26.527,1.19886,1.199,1.73,1.50
2013.01.17 17:51:26.586,1.19888,1.199,1.73,1.50
2013.01.17 17:51:26.646,1.1989,1.19906,2.48,4.73
2013.01.17 17:51:26.706,1.1989,1.19906,2.48,4.73
2013.01.17 17:51:26.766,1.19892,1.19906,2.29,2.25
2013.01.17 17:51:27.448,1.19895,1.19908,2.48,1.65
2013.01.17 17:51:28.242,1.19895,1.19909,2.48,2.40
2013.01.17 17:51:29.306,1.19894,1.19908,1.73,1.65
2013.01.17 17:51:29.366,1.19894,1.19907,1.73,1.13
2013.01.17 17:51:30.977,1.19894,1.19906,2.29,3.00
2013.01.17 17:51:31.097,1.19894,1.19906,2.07,3.00
2013.01.17 17:51:31.717,1.19894,1.19906,2.07,1.88
2013.01.17 17:51:35.636,1.19892,1.19903,3.79,1.88
2013.01.17 17:51:35.816,1.19891,1.199,2.29,1.13
2013.01.17 17:51:36.527,1.19886,1.199,1.73,1.13
2013.01.17 17:51:40.142,1.19886,1.199,1.73,1.13
2013.01.17 17:51:42.607,1.19884,1.19898,1.73,1.13
2013.01.17 17:51:43.287,1.1989,1.199,2.85,1.28
2013.01.17 17:51:43.347,1.19893,1.19901,1.50,2.25
2013.01.17 17:51:43.466,1.19895,1.19909,1.73,1.28
2013.01.17 17:51:43.526,1.19895,1.19907,2.48,1.13
2013.01.17 17:51:44.256,1.1989,1.19905,1.73,2.03
2013.01.17 17:51:44.576,1.19887,1.199,2.25,1.28
2013.01.17 17:51:45.778,1.19887,1.199,2.25,1.05
2013.01.17 17:51:45.897,1.19888,1.19901,1.50,1.80
2013.01.17 17:51:46.446,1.1989,1.19906,1.73,1.13
2013.01.17 17:51:47.208,1.19892,1.19906,2.25,1.13
2013.01.17 17:51:47.270,1.19893,1.19908,1.13,3.15
2013.01.17 17:51:47.339,1.19892,1.19908,3.75,3.15
2013.01.17 17:51:47.408,1.19893,1.19908,1.35,2.40
2013.01.17 17:51:47.477,1.19893,1.19908,1.35,2.40
2013.01.17 17:51:47.718,1.19895,1.19909,1.73,1.13
2013.01.17 17:51:48.156,1.19893,1.19905,1.88,1.88
2013.01.17 17:51:48.276,1.1989,1.19904,1.35,1.73
2013.01.17 17:51:48.396,1.19887,1.199,3.60,2.63
2013.01.17 17:51:48.515,1.19887,1.199,1.50,2.63
2013.01.17 17:51:48.576,1.19882,1.19897,3.23,1.73
2013.01.17 17:51:48.636,1.19882,1.19896,1.73,1.13
2013.01.17 17:51:48.876,1.19874,1.19891,3.23,1.88
2013.01.17 17:51:48.935,1.19874,1.1989,3.23,1.13
2013.01.17 17:51:49.535,1.19872,1.19887,3.23,1.13
2013.01.17 17:51:49.716,1.19872,1.19886,2.48,1.13
2013.01.17 17:51:49.837,1.19869,1.19884,2.25,1.13
2013.01.17 17:51:51.056,1.1987,1.19887,2.70,2.63
2013.01.17 17:51:51.116,1.19875,1.19887,2.25,1.88
2013.01.17 17:51:51.178,1.19876,1.19887,2.10,1.50
2013.01.17 17:51:51.244,1.19877,1.19887,1.73,1.50
2013.01.17 17:51:51.546,1.19884,1.19892,1.35,1.50
2013.01.17 17:51:51.606,1.19884,1.19895,1.13,1.88
2013.01.17 17:51:51.845,1.19885,1.19901,1.50,3.38
2013.01.17 17:51:51.906,1.19888,1.19901,2.25,2.63
2013.01.17 17:51:51.965,1.19888,1.19901,2.10,2.63
2013.01.17 17:51:52.026,1.19889,1.19901,1.35,2.63
2013.01.17 17:51:52.332,1.19892,1.19905,1.50,1.13
2013.01.17 17:51:52.656,1.19892,1.19908,2.25,1.23
2013.01.17 17:51:53.361,1.19897,1.1991,1.50,2.03
2013.01.17 17:51:53.432,1.19897,1.1991,1.50,2.03
2013.01.17 17:51:53.498,1.19897,1.1991,1.50,1.88
2013.01.17 17:51:53.686,1.19899,1.19914,1.50,2.40
2013.01.17 17:51:54.216,1.19899,1.19914,1.50,2.40
2013.01.17 17:51:54.398,1.19899,1.19914,1.50,3.15
2013.01.17 17:51:54.937,1.19899,1.19913,1.13,1.65
2013.01.17 17:51:55.235,1.19895,1.19913,3.00,2.63
2013.01.17 17:51:55.297,1.19895,1.19912,3.00,1.13
2013.01.17 17:51:55.609,1.19895,1.1991,4.88,1.65
2013.01.17 17:51:55.676,1.19897,1.1991,1.50,1.50
2013.01.17 17:51:55.736,1.19899,1.19916,2.63,1.88
2013.01.17 17:51:55.856,1.19899,1.19916,4.88,1.80
2013.01.17 17:51:55.917,1.199,1.19916,1.50,2.63
2013.01.17 17:51:56.096,1.19901,1.19916,1.50,2.63
2013.01.17 17:51:56.647,1.199,1.19913,1.50,1.65
2013.01.17 17:51:56.707,1.199,1.19909,1.50,1.50
2013.01.17 17:51:56.885,1.19899,1.19911,1.13,1.73
2013.01.17 17:51:57.065,1.19896,1.19911,1.88,1.88
2013.01.17 17:51:57.485,1.19896,1.19911,1.50,2.63
2013.01.17 17:51:57.793,1.19896,1.19911,1.50,2.63
2013.01.17 17:51:58.356,1.19896,1.19911,1.50,1.88
2013.01.17 17:51:58.875,1.19894,1.1991,1.50,1.88
2013.01.17 17:51:58.996,1.19894,1.1991,1.50,1.65
2013.01.17 17:51:59.055,1.19894,1.1991,1.50,2.40
2013.01.17 17:51:59.697,1.19894,1.1991,1.50,2.63
2013.01.17 17:52:00.057,1.19889,1.19904,1.50,2.10
2013.01.17 17:52:00.596,1.19889,1.19904,1.50,2.85
2013.01.17 17:52:01.098,1.19889,1.19904,1.50,2.10
2013.01.17 17:52:01.457,1.19888,1.19904,1.50,1.88
2013.01.17 17:52:01.968,1.19888,1.19905,1.50,2.03
2013.01.17 17:52:02.317,1.19887,1.19905,3.00,2.25
2013.01.17 17:52:03.056,1.19887,1.19904,1.50,1.88
2013.01.17 17:52:03.717,1.19887,1.19904,3.75,1.59
2013.01.17 17:52:03.837,1.1989,1.19905,1.50,2.85
2013.01.17 17:52:04.200,1.19887,1.19903,1.50,2.10
2013.01.17 17:52:04.815,1.19887,1.19903,1.50,2.46
2013.01.17 17:52:04.887,1.19888,1.19903,1.50,2.61
2013.01.17 17:52:05.246,1.19885,1.19901,1.50,1.13
2013.01.17 17:52:05.307,1.19885,1.19901,1.50,1.92
2013.01.17 17:52:05.497,1.19878,1.19894,1.88,2.85
2013.01.17 17:52:05.617,1.19877,1.19892,1.50,1.37
2013.01.17 17:52:05.976,1.19875,1.19892,1.50,4.00
2013.01.17 17:52:06.036,1.19875,1.19891,1.50,1.29
2013.01.17 17:52:06.567,1.19875,1.19891,1.50,1.02
2013.01.17 17:52:07.571,1.19874,1.19891,2.25,1.24
2013.01.17 17:52:08.387,1.19876,1.19892,2.25,1.62
2013.01.17 17:52:08.747,1.1988,1.19893,1.50,1.62
2013.01.17 17:52:08.927,1.19877,1.19893,2.63,1.62
2013.01.17 17:52:09.048,1.19877,1.19893,1.13,1.13
2013.01.17 17:52:09.110,1.19877,1.19895,1.13,2.85
2013.01.17 17:52:09.297,1.19877,1.19895,1.13,1.35
2013.01.17 17:52:09.833,1.19877,1.19895,1.13,2.85
2013.01.17 17:52:09.955,1.19877,1.19895,1.13,2.63
2013.01.17 17:52:10.495,1.19876,1.19894,1.50,1.28
2013.01.17 17:52:10.555,1.19876,1.19894,1.50,1.28
2013.01.17 17:52:11.057,1.19878,1.19895,5.25,1.65
2013.01.17 17:52:11.418,1.1987,1.19885,2.25,2.40
2013.01.17 17:52:11.956,1.1987,1.19885,3.00,1.13
2013.01.17 17:52:12.316,1.19865,1.1988,1.50,1.13
2013.01.17 17:52:12.985,1.19863,1.19878,1.50,1.13
2013.01.17 17:52:14.516,1.19863,1.1988,2.25,2.62
2013.01.17 17:52:14.878,1.19863,1.1988,1.50,1.65
2013.01.17 17:52:14.937,1.19861,1.19879,2.63,2.40
2013.01.17 17:52:15.475,1.1986,1.19876,1.50,1.88
2013.01.17 17:52:15.836,1.19859,1.19874,1.50,1.13
2013.01.17 17:52:17.326,1.19859,1.19876,2.25,1.35
2013.01.17 17:52:17.706,1.19861,1.19877,2.25,3.23
2013.01.17 17:52:18.726,1.19861,1.19877,2.25,3.45
2013.01.17 17:52:19.085,1.19864,1.19879,1.50,1.32
2013.01.17 17:52:19.267,1.19859,1.19873,4.50,2.48
2013.01.17 17:52:19.326,1.19855,1.19869,3.00,1.13
2013.01.17 17:52:19.447,1.19851,1.19868,1.88,2.48
2013.01.17 17:52:19.506,1.19851,1.19868,1.88,2.25
2013.01.17 17:52:19.687,1.19852,1.19866,2.25,1.13
2013.01.17 17:52:19.985,1.19849,1.19865,2.25,1.65
2013.01.17 17:52:20.166,1.19849,1.19862,2.25,1.13
2013.01.17 17:52:20.483,1.19847,1.19862,1.50,1.35
2013.01.17 17:52:20.547,1.19846,1.19861,1.50,1.88
2013.01.17 17:52:20.907,1.19847,1.1986,1.50,1.35
2013.01.17 17:52:21.087,1.19845,1.19857,1.50,1.13
2013.01.17 17:52:21.325,1.19847,1.19857,1.50,1.13
2013.01.17 17:52:21.716,1.19847,1.1986,1.50,1.50
2013.01.17 17:52:22.525,1.19847,1.19859,1.50,1.65
2013.01.17 17:52:22.705,1.19847,1.19859,1.50,1.88
2013.01.17 17:52:22.776,1.19845,1.19859,1.50,1.88
2013.01.17 17:52:25.446,1.19842,1.19858,3.75,1.13
2013.01.17 17:52:28.585,1.19845,1.19858,1.50,1.13
2013.01.17 17:52:29.212,1.19845,1.19858,1.50,1.13
2013.01.17 17:52:30.105,1.19845,1.19858,1.50,1.13
2013.01.17 17:52:30.876,1.19845,1.1986,1.50,2.10
2013.01.17 17:52:31.408,1.19846,1.1986,2.25,1.13
2013.01.17 17:52:32.556,1.19846,1.1986,2.25,1.88
2013.01.17 17:52:32.856,1.19841,1.1986,3.00,3.98
2013.01.17 17:52:33.095,1.19846,1.1986,1.50,3.23
2013.01.17 17:52:33.616,1.19846,1.1986,1.50,3.23
2013.01.17 17:52:34.418,1.19854,1.19862,1.50,1.88
2013.01.17 17:52:34.547,1.19854,1.19869,1.50,2.63
2013.01.17 17:52:34.852,1.19856,1.19869,1.50,1.13
2013.01.17 17:52:35.157,1.1986,1.19873,1.88,1.28
2013.01.17 17:52:35.216,1.1986,1.19875,2.63,2.33
2013.01.17 17:52:35.276,1.19863,1.19879,3.00,1.84
2013.01.17 17:52:35.336,1.19865,1.19881,2.25,2.10
2013.01.17 17:52:35.395,1.19867,1.19881,1.50,2.10
2013.01.17 17:52:35.456,1.19867,1.19882,1.50,2.63
2013.01.17 17:52:36.006,1.19865,1.19883,2.63,1.73
2013.01.17 17:52:36.686,1.19865,1.19883,3.38,1.73
2013.01.17 17:52:36.926,1.19868,1.19884,1.50,3.08
2013.01.17 17:52:37.067,1.19866,1.19884,2.25,3.08
2013.01.17 17:52:37.616,1.19867,1.19885,1.50,3.38
2013.01.17 17:52:40.959,1.19866,1.19881,3.00,1.50
2013.01.17 17:52:41.317,1.19857,1.19873,1.13,2.10
2013.01.17 17:52:41.556,1.19857,1.19872,2.63,3.90
2013.01.17 17:52:41.915,1.19857,1.19871,1.50,1.73
2013.01.17 17:52:42.636,1.19854,1.1987,1.50,1.73
2013.01.17 17:52:43.071,1.19854,1.19871,1.50,3.23
2013.01.17 17:52:43.615,1.19854,1.19871,1.73,3.23
2013.01.17 17:52:44.162,1.19855,1.19871,2.25,2.33
2013.01.17 17:52:44.347,1.19855,1.19871,2.40,2.33
2013.01.17 17:52:44.526,1.19857,1.19872,3.38,2.10
2013.01.17 17:52:44.586,1.19857,1.19872,3.38,2.10
2013.01.17 17:52:44.767,1.19859,1.19876,3.98,2.48
2013.01.17 17:52:45.135,1.19861,1.19877,2.25,3.08
2013.01.17 17:52:45.316,1.19861,1.19877,2.25,2.33
2013.01.17 17:52:45.626,1.19862,1.19877,1.50,2.33
2013.01.17 17:52:46.075,1.19861,1.19874,2.25,2.33
2013.01.17 17:52:46.197,1.19858,1.19871,3.00,2.10
2013.01.17 17:52:46.516,1.19857,1.19871,1.50,2.33
2013.01.17 17:52:46.876,1.19859,1.19871,1.50,2.33
2013.01.17 17:52:46.997,1.19857,1.19871,2.25,2.33
2013.01.17 17:52:47.936,1.19857,1.19874,2.78,2.48
2013.01.17 17:52:48.299,1.19861,1.19875,2.25,2.33
2013.01.17 17:52:48.427,1.19861,1.19875,2.25,2.33
2013.01.17 17:52:49.256,1.19862,1.19878,1.50,4.13
2013.01.17 17:52:49.319,1.19862,1.19876,1.50,2.48
2013.01.17 17:52:51.357,1.19863,1.19877,1.50,3.08
2013.01.17 17:52:51.416,1.19863,1.19877,1.50,3.08
2013.01.17 17:52:51.916,1.19863,1.19878,1.88,1.58
2013.01.17 17:52:52.292,1.19871,1.1988,2.48,1.13
2013.01.17 17:52:52.476,1.19871,1.19888,2.48,3.08
2013.01.17 17:52:52.596,1.19873,1.19888,1.50,2.33
2013.01.17 17:52:53.105,1.19872,1.19886,1.73,1.50
2013.01.17 17:52:53.226,1.19873,1.19889,1.50,3.08
2013.01.17 17:52:53.745,1.19873,1.19889,1.50,2.85
2013.01.17 17:52:54.038,1.19871,1.19888,3.23,1.35
2013.01.17 17:52:55.757,1.19871,1.19886,1.73,2.25
2013.01.17 17:52:55.936,1.19873,1.19888,1.13,1.35
2013.01.17 17:52:56.056,1.19871,1.19886,2.63,2.25
2013.01.17 17:52:56.357,1.19871,1.19884,2.48,1.50
2013.01.17 17:52:56.421,1.19871,1.19884,3.23,1.50
2013.01.17 17:52:56.825,1.19872,1.19888,1.13,1.35
2013.01.17 17:52:56.946,1.19873,1.19888,1.73,1.35
2013.01.17 17:52:58.136,1.19872,1.19888,1.50,5.10
2013.01.17 17:52:58.686,1.19869,1.19887,2.63,3.08
2013.01.17 17:52:59.237,1.19872,1.19887,1.50,2.85
2013.01.17 17:52:59.374,1.1987,1.19887,1.50,2.85
2013.01.17 17:52:59.616,1.19871,1.19889,3.23,1.84
2013.01.17 17:52:59.739,1.19871,1.19889,1.88,3.19
2013.01.17 17:53:00.048,1.19873,1.19889,2.40,1.73
2013.01.17 17:53:00.346,1.19864,1.19881,2.63,3.60
2013.01.17 17:53:00.468,1.19864,1.19881,2.88,2.85
2013.01.17 17:53:00.527,1.19865,1.19881,1.13,2.10
2013.01.17 17:53:00.647,1.19865,1.19881,2.48,2.10
2013.01.17 17:53:00.705,1.19866,1.19884,2.48,1.50
2013.01.17 17:53:00.886,1.1987,1.19885,2.25,3.23
2013.01.17 17:53:01.126,1.19868,1.19885,2.48,3.98
2013.01.17 17:53:01.665,1.19868,1.19885,1.73,3.23
2013.01.17 17:53:02.157,1.19867,1.19885,3.23,2.85
2013.01.17 17:53:02.487,1.19864,1.19881,1.73,2.85
2013.01.17 17:53:05.006,1.19863,1.19879,2.48,3.75
2013.01.17 17:53:05.381,1.19863,1.19875,2.25,2.25
2013.01.17 17:53:05.767,1.19858,1.19875,1.88,2.25
2013.01.17 17:53:06.275,1.1986,1.19877,3.38,2.25
2013.01.17 17:53:06.741,1.1986,1.19877,3.38,2.25
2013.01.17 17:53:09.407,1.19858,1.19876,2.63,3.60
2013.01.17 17:53:11.477,1.19863,1.19876,2.25,2.85
2013.01.17 17:53:11.598,1.19865,1.19879,1.50,2.10
2013.01.17 17:53:11.900,1.19867,1.19879,1.50,2.10
2013.01.17 17:53:12.445,1.19866,1.19879,1.50,1.50
2013.01.17 17:53:12.505,1.19863,1.19879,1.13,1.50
2013.01.17 17:53:13.765,1.19864,1.19878,1.65,1.50
2013.01.17 17:53:14.125,1.19869,1.19882,2.63,2.25
2013.01.17 17:53:16.715,1.19871,1.19886,1.13,2.25
2013.01.17 17:53:16.895,1.1987,1.19886,1.13,2.25
2013.01.17 17:53:18.535,1.1987,1.19883,1.13,2.25
2013.01.17 17:53:18.716,1.19872,1.19888,1.88,2.25
2013.01.17 17:53:19.016,1.19869,1.19888,3.00,1.35
2013.01.17 17:53:19.507,1.19869,1.1988,2.48,2.40
2013.01.17 17:53:19.567,1.19862,1.19878,1.50,2.78
2013.01.17 17:53:20.967,1.19858,1.19877,1.88,2.63
2013.01.17 17:53:21.087,1.19863,1.19877,1.73,1.50
2013.01.17 17:53:21.326,1.19863,1.19877,1.50,4.35
2013.01.17 17:53:21.866,1.19862,1.19876,1.50,1.13
2013.01.17 17:53:21.926,1.19861,1.19875,1.50,1.28
2013.01.17 17:53:22.565,1.19859,1.19875,1.50,1.13
2013.01.17 17:53:24.075,1.19859,1.19872,1.50,2.10
2013.01.17 17:53:24.698,1.19859,1.19873,1.50,1.13
2013.01.17 17:53:25.366,1.19859,1.19873,1.50,1.13
2013.01.17 17:53:25.485,1.19859,1.19874,1.73,1.50
2013.01.17 17:53:27.465,1.1986,1.19874,1.50,1.13
2013.01.17 17:53:27.560,1.19858,1.19874,3.23,1.13
2013.01.17 17:53:28.325,1.19858,1.19874,3.23,1.13
2013.01.17 17:53:29.498,1.1986,1.19876,1.50,3.15
2013.01.17 17:53:30.089,1.1986,1.19874,1.50,1.13
2013.01.17 17:53:30.605,1.19859,1.19876,1.50,3.00
2013.01.17 17:53:30.896,1.19859,1.19876,1.50,3.00
2013.01.17 17:53:36.086,1.19861,1.19876,1.50,2.18
2013.01.17 17:53:36.336,1.19858,1.19875,3.23,1.28
2013.01.17 17:53:36.665,1.19858,1.19875,3.23,1.28
2013.01.17 17:53:37.620,1.19859,1.19875,1.35,1.13
2013.01.17 17:53:37.761,1.19861,1.19877,1.73,3.90
2013.01.17 17:53:37.842,1.19859,1.19876,2.48,1.28
2013.01.17 17:53:37.985,1.19859,1.19872,1.73,2.85
2013.01.17 17:53:38.131,1.19857,1.19869,2.48,1.50
2013.01.17 17:53:38.766,1.19856,1.19871,3.23,2.25
2013.01.17 17:53:40.345,1.19857,1.19872,1.88,1.13
2013.01.17 17:53:40.836,1.19857,1.19873,2.63,2.25
2013.01.17 17:53:41.877,1.19859,1.19874,1.35,1.13
2013.01.17 17:53:41.937,1.19862,1.19878,1.13,4.13
2013.01.17 17:53:41.998,1.1986,1.19878,2.48,4.58
2013.01.17 17:53:42.118,1.1986,1.19874,1.73,1.50
2013.01.17 17:53:42.249,1.19859,1.19873,2.48,2.25
2013.01.17 17:53:42.377,1.19856,1.19873,2.85,2.63
2013.01.17 17:53:42.499,1.19858,1.1987,1.73,1.50
2013.01.17 17:53:42.808,1.19858,1.1987,1.73,1.50
2013.01.17 17:53:44.985,1.19856,1.19872,1.13,3.00
2013.01.17 17:53:52.725,1.19858,1.1987,2.25,1.28
2013.01.17 17:53:52.967,1.19858,1.19871,1.50,1.50
2013.01.17 17:53:53.027,1.19857,1.19871,3.75,1.88
2013.01.17 17:53:53.286,1.19859,1.19873,1.73,2.25
2013.01.17 17:53:53.956,1.19859,1.19873,1.73,2.25
2013.01.17 17:53:54.536,1.19858,1.19873,2.48,2.25
2013.01.17 17:53:55.656,1.19857,1.19873,2.48,2.63
2013.01.17 17:53:55.716,1.19857,1.19872,2.48,1.09
2013.01.17 17:53:56.689,1.19856,1.19872,1.73,3.90
2013.01.17 17:53:58.136,1.19856,1.19874,1.73,2.78
2013.01.17 17:54:00.246,1.19856,1.19872,1.73,1.50
2013.01.17 17:54:02.925,1.19857,1.19873,1.73,2.40
2013.01.17 17:54:07.565,1.19857,1.19873,2.48,1.65
2013.01.17 17:54:08.746,1.19861,1.19873,3.75,1.65
2013.01.17 17:54:08.807,1.19867,1.19876,1.73,3.00
2013.01.17 17:54:08.866,1.19868,1.19881,3.23,1.50
2013.01.17 17:54:08.926,1.1987,1.19883,1.50,1.65
2013.01.17 17:54:08.986,1.1987,1.19883,2.25,1.65
2013.01.17 17:54:09.656,1.1987,1.19885,1.50,1.65
2013.01.17 17:54:10.286,1.19876,1.19888,1.50,1.73
2013.01.17 17:54:10.408,1.19875,1.19891,1.50,1.73
2013.01.17 17:54:10.468,1.19875,1.19891,1.73,1.58
2013.01.17 17:54:10.588,1.19874,1.19882,1.73,1.50
2013.01.17 17:54:10.946,1.19868,1.19877,1.73,3.00
2013.01.17 17:54:11.127,1.19871,1.19876,1.50,1.50
2013.01.17 17:54:11.251,1.19871,1.19876,2.25,1.73
2013.01.17 17:54:11.677,1.19869,1.19873,1.50,1.50
2013.01.17 17:54:11.796,1.1986,1.19873,2.40,1.50
2013.01.17 17:54:12.505,1.19861,1.19873,1.65,1.50
2013.01.17 17:54:12.808,1.19862,1.19876,1.50,1.73
2013.01.17 17:54:12.867,1.19865,1.19876,1.50,1.73
2013.01.17 17:54:12.986,1.19865,1.19882,1.50,1.73
2013.01.17 17:54:13.046,1.19864,1.19882,3.00,1.73
2013.01.17 17:54:13.431,1.19869,1.19885,2.25,1.73
2013.01.17 17:54:14.407,1.19869,1.19887,1.50,2.48
2013.01.17 17:54:14.736,1.19877,1.19889,1.50,2.48
2013.01.17 17:54:14.978,1.19886,1.19901,1.50,1.73
2013.01.17 17:54:15.037,1.19888,1.19902,1.50,2.70
2013.01.17 17:54:15.218,1.19887,1.19901,1.13,1.13
2013.01.17 17:54:15.756,1.19885,1.19899,1.50,1.88
2013.01.17 17:54:16.056,1.19885,1.19901,2.25,3.38
2013.01.17 17:54:17.433,1.1989,1.19906,1.50,3.65
2013.01.17 17:54:17.508,1.19888,1.19904,2.25,1.13
2013.01.17 17:54:17.627,1.19885,1.19895,1.73,7.50
2013.01.17 17:54:17.745,1.19861,1.19889,2.10,6.15
2013.01.17 17:54:17.809,1.19856,1.19874,1.50,15.24
2013.01.17 17:54:18.358,1.19851,1.19862,2.18,3.00
2013.01.17 17:54:18.862,1.19844,1.19861,2.10,1.65
2013.01.17 17:54:18.988,1.19845,1.19861,1.50,1.65
2013.01.17 17:54:19.107,1.19848,1.19865,1.50,2.48
2013.01.17 17:54:19.285,1.19846,1.19864,1.65,1.73
2013.01.17 17:54:19.407,1.1985,1.19864,1.50,1.73
2013.01.17 17:54:19.945,1.1985,1.19866,1.50,1.73
2013.01.17 17:54:20.506,1.1985,1.19864,3.00,1.13
2013.01.17 17:54:20.871,1.19852,1.19864,1.50,1.13
2013.01.17 17:54:21.057,1.19848,1.19862,1.50,1.13
2013.01.17 17:54:21.477,1.19849,1.19865,1.50,1.73
2013.01.17 17:54:21.716,1.19853,1.19866,1.50,2.25
2013.01.17 17:54:22.076,1.19855,1.19867,1.50,1.88
2013.01.17 17:54:22.256,1.19851,1.19866,1.50,1.50
2013.01.17 17:54:22.377,1.19854,1.19866,1.50,1.13
2013.01.17 17:54:22.496,1.19851,1.19867,1.50,1.13
2013.01.17 17:54:22.620,1.19851,1.19868,3.00,1.13
2013.01.17 17:54:22.748,1.19851,1.19869,3.75,1.50
2013.01.17 17:54:22.807,1.19857,1.1987,1.50,1.88
2013.01.17 17:54:22.876,1.19857,1.19871,1.88,1.73
2013.01.17 17:54:22.937,1.1986,1.19872,1.50,2.25
2013.01.17 17:54:23.298,1.19872,1.19879,1.13,2.25
2013.01.17 17:54:23.363,1.19874,1.19879,1.65,2.25
2013.01.17 17:54:23.432,1.19877,1.19886,3.15,2.25
2013.01.17 17:54:23.616,1.19879,1.19889,1.28,1.50
2013.01.17 17:54:23.741,1.19881,1.19895,2.25,1.73
2013.01.17 17:54:23.987,1.19879,1.19895,2.63,1.88
2013.01.17 17:54:24.106,1.19879,1.19895,2.63,1.73
2013.01.17 17:54:24.288,1.19884,1.19901,1.50,2.85
2013.01.17 17:54:24.347,1.19884,1.19901,1.50,2.85
2013.01.17 17:54:24.962,1.19885,1.19901,3.00,1.13
2013.01.17 17:54:25.887,1.19885,1.19896,1.50,1.50
2013.01.17 17:54:26.326,1.1988,1.19894,1.58,1.50
2013.01.17 17:54:26.412,1.19876,1.19891,2.48,1.13
2013.01.17 17:54:26.596,1.19873,1.19888,1.50,2.63
2013.01.17 17:54:26.655,1.19869,1.19888,3.00,2.63
2013.01.17 17:54:27.195,1.19868,1.19885,1.65,1.73
2013.01.17 17:54:27.676,1.19872,1.19885,1.50,1.73
2013.01.17 17:54:28.156,1.19873,1.19889,2.25,1.58
2013.01.17 17:54:28.227,1.19873,1.19888,1.50,1.13
2013.01.17 17:54:29.620,1.1987,1.19888,2.10,2.25
2013.01.17 17:54:29.808,1.19873,1.19892,3.38,2.48
2013.01.17 17:54:29.998,1.19876,1.19893,3.38,1.50
2013.01.17 17:54:30.068,1.19876,1.19893,3.38,1.50
2013.01.17 17:54:30.577,1.19876,1.19893,1.73,2.25
2013.01.17 17:54:30.959,1.19876,1.19894,3.38,2.25
2013.01.17 17:54:31.585,1.19876,1.19893,2.48,1.73
2013.01.17 17:54:31.705,1.19875,1.19892,1.35,2.40
2013.01.17 17:54:31.826,1.19874,1.19891,1.50,1.13
2013.01.17 17:54:32.376,1.19873,1.1989,2.10,2.40
2013.01.17 17:54:33.335,1.19874,1.19891,2.25,1.88
2013.01.17 17:54:33.635,1.19879,1.19896,4.13,3.60
2013.01.17 17:54:33.699,1.19879,1.19896,5.63,1.88
2013.01.17 17:54:33.876,1.19883,1.19899,1.88,2.48
2013.01.17 17:54:34.116,1.19884,1.19901,1.50,1.88
2013.01.17 17:54:34.295,1.19886,1.19901,1.50,1.13
2013.01.17 17:54:34.356,1.19888,1.19903,1.35,1.50
2013.01.17 17:54:34.716,1.19887,1.19899,1.73,1.88
2013.01.17 17:54:35.076,1.19882,1.19892,3.23,1.50
2013.01.17 17:54:35.562,1.19876,1.19893,1.50,1.88
2013.01.17 17:54:36.117,1.19875,1.19893,2.40,1.13
2013.01.17 17:54:36.336,1.19875,1.19889,1.65,1.50
2013.01.17 17:54:36.696,1.19873,1.19887,1.50,1.50
2013.01.17 17:54:36.876,1.19872,1.19888,1.50,2.25
2013.01.17 17:54:37.295,1.19871,1.1989,2.10,3.38
2013.01.17 17:54:37.606,1.19877,1.19894,2.48,1.28
2013.01.17 17:54:37.666,1.19877,1.19894,2.48,1.28
2013.01.17 17:54:37.977,1.19877,1.19884,2.25,1.50
2013.01.17 17:54:38.096,1.19877,1.19887,2.25,2.25
2013.01.17 17:54:38.455,1.19871,1.19888,4.13,2.25
2013.01.17 17:54:39.180,1.19871,1.19888,1.73,2.40
2013.01.17 17:54:39.249,1.1987,1.19888,2.85,3.15
2013.01.17 17:54:39.806,1.19869,1.19886,2.63,2.25
2013.01.17 17:54:40.226,1.19868,1.19884,3.98,2.40
2013.01.17 17:54:40.586,1.19859,1.19875,1.55,2.40
2013.01.17 17:54:40.888,1.1986,1.19875,1.50,2.48
2013.01.17 17:54:41.245,1.19861,1.19877,1.35,3.53
2013.01.17 17:54:41.605,1.19859,1.19874,3.00,1.13
2013.01.17 17:54:41.966,1.19857,1.19874,2.85,1.13
2013.01.17 17:54:42.586,1.19857,1.19874,1.35,1.13
2013.01.17 17:54:42.646,1.19857,1.19873,1.35,1.35
2013.01.17 17:54:43.196,1.19855,1.19871,3.60,1.13
2013.01.17 17:54:43.557,1.19855,1.19866,2.10,1.73
2013.01.17 17:54:43.916,1.19853,1.19862,2.10,1.35
2013.01.17 17:54:44.516,1.19855,1.19861,1.50,2.25
2013.01.17 17:54:44.641,1.19847,1.19864,2.25,1.88
2013.01.17 17:54:44.706,1.19847,1.19864,2.25,1.88
2013.01.17 17:54:45.766,1.19848,1.19864,1.13,1.88
2013.01.17 17:54:46.065,1.19847,1.19864,2.48,2.40
2013.01.17 17:54:46.126,1.19847,1.19864,1.73,2.40
2013.01.17 17:54:46.436,1.19846,1.19863,1.73,3.38
2013.01.17 17:54:46.797,1.19843,1.19858,1.50,1.65
2013.01.17 17:54:46.975,1.19841,1.19858,3.23,2.63
2013.01.17 17:54:47.529,1.19842,1.19858,1.73,2.48
2013.01.17 17:54:47.765,1.1984,1.19858,3.98,2.48
2013.01.17 17:54:48.503,1.1984,1.19858,5.48,2.48
2013.01.17 17:54:48.826,1.19843,1.19858,1.73,2.25
2013.01.17 17:54:49.186,1.19849,1.19863,1.50,3.60
2013.01.17 17:54:49.427,1.19849,1.19866,3.00,1.88
2013.01.17 17:54:49.965,1.1985,1.19866,1.50,1.88
2013.01.17 17:54:50.539,1.1985,1.19866,1.50,1.88
2013.01.17 17:54:51.066,1.19849,1.19865,2.48,1.73
2013.01.17 17:54:51.367,1.19845,1.19859,1.73,2.40
2013.01.17 17:54:51.426,1.19843,1.19858,1.50,1.13
2013.01.17 17:54:51.485,1.19839,1.19856,2.25,2.48
2013.01.17 17:54:51.546,1.19839,1.19856,1.50,2.48
2013.01.17 17:54:52.265,1.19838,1.19856,2.48,3.15
2013.01.17 17:54:52.924,1.19838,1.19856,3.23,2.40
2013.01.17 17:54:52.996,1.19843,1.19859,2.48,1.50
2013.01.17 17:54:53.176,1.19844,1.19859,3.23,1.50
2013.01.17 17:54:53.296,1.19844,1.19859,3.23,1.50
2013.01.17 17:54:53.836,1.19849,1.19862,1.88,1.50
2013.01.17 17:54:53.896,1.19851,1.19864,1.35,3.75
2013.01.17 17:54:54.017,1.19856,1.19869,2.48,2.25
2013.01.17 17:54:54.135,1.19858,1.19872,2.48,2.25
2013.01.17 17:54:54.256,1.19858,1.19873,2.48,1.50
2013.01.17 17:54:55.044,1.1986,1.19876,1.35,3.75
2013.01.17 17:54:57.096,1.1986,1.19876,3.75,1.50
2013.01.17 17:54:57.277,1.19864,1.1988,1.50,1.50
2013.01.17 17:54:57.516,1.19864,1.19878,1.28,1.50
2013.01.17 17:54:58.055,1.19861,1.19878,3.23,1.50
2013.01.17 17:54:58.565,1.19861,1.19877,1.73,1.50
2013.01.17 17:54:59.196,1.19865,1.19877,1.73,1.50
2013.01.17 17:54:59.317,1.19868,1.19885,1.13,2.48
2013.01.17 17:54:59.618,1.19872,1.19885,1.50,1.73
2013.01.17 17:54:59.737,1.19873,1.19888,1.13,2.25
2013.01.17 17:54:59.860,1.19875,1.1989,1.13,2.25
2013.01.17 17:54:59.985,1.19875,1.1989,1.13,1.50
2013.01.17 17:55:00.409,1.19875,1.19888,1.13,1.50
2013.01.17 17:55:00.705,1.19876,1.19892,2.48,1.50
2013.01.17 17:55:01.246,1.19875,1.19891,1.50,1.50
2013.01.17 17:55:02.436,1.19879,1.19892,1.73,3.00
2013.01.17 17:55:02.692,1.19879,1.19894,1.73,1.50
2013.01.17 17:55:03.305,1.19879,1.19894,1.73,1.50
2013.01.17 17:55:03.556,1.19878,1.19891,2.48,1.50
2013.01.17 17:55:03.876,1.19877,1.19889,2.63,1.50
2013.01.17 17:55:04.237,1.1988,1.19889,1.50,1.50
2013.01.17 17:55:04.486,1.19882,1.19895,2.40,1.50
2013.01.17 17:55:04.548,1.19882,1.19895,3.15,1.50
2013.01.17 17:55:04.611,1.19883,1.19899,1.13,1.13
2013.01.17 17:55:05.157,1.19884,1.199,1.35,1.50
2013.01.17 17:55:07.535,1.19886,1.19902,1.73,2.40
2013.01.17 17:55:09.153,1.19885,1.19902,1.73,2.40
2013.01.17 17:55:09.429,1.19885,1.19903,3.98,2.48
2013.01.17 17:55:09.665,1.19886,1.19901,1.50,1.50
2013.01.17 17:55:10.129,1.19885,1.19901,1.50,2.63
2013.01.17 17:55:10.486,1.19882,1.19891,1.50,2.48
2013.01.17 17:55:10.787,1.19874,1.19891,1.50,3.98
2013.01.17 17:55:11.337,1.19875,1.19891,1.50,1.73
2013.01.17 17:55:11.911,1.19873,1.19891,3.53,2.48
2013.01.17 17:55:12.436,1.19875,1.19892,2.25,1.73
2013.01.17 17:55:14.656,1.19874,1.19892,1.50,1.73
2013.01.17 17:55:15.285,1.19874,1.19892,3.00,1.73
2013.01.17 17:55:15.876,1.19876,1.19891,1.50,2.25
2013.01.17 17:55:15.936,1.19876,1.19894,3.75,1.13
2013.01.17 17:55:16.177,1.19876,1.19894,3.75,2.63
2013.01.17 17:55:16.235,1.19876,1.19894,3.00,2.63
2013.01.17 17:55:16.835,1.19875,1.19892,1.50,1.73
2013.01.17 17:55:17.898,1.19875,1.19892,1.50,2.48
2013.01.17 17:55:20.260,1.19875,1.19892,3.75,3.23
2013.01.17 17:55:20.387,1.19878,1.19892,1.50,1.50
2013.01.17 17:55:20.585,1.19878,1.19893,1.50,1.13
2013.01.17 17:55:21.106,1.19879,1.19896,2.25,2.48
2013.01.17 17:55:21.226,1.19881,1.19896,1.50,2.48
2013.01.17 17:55:21.765,1.1988,1.19896,1.73,1.73
2013.01.17 17:55:21.886,1.1988,1.19897,1.73,3.38
2013.01.17 17:55:22.428,1.19879,1.19895,1.73,1.50
2013.01.17 17:55:23.590,1.1988,1.19893,1.88,1.50
2013.01.17 17:55:23.913,1.1988,1.19897,1.88,1.73
2013.01.17 17:55:24.275,1.19881,1.19899,3.15,1.73
2013.01.17 17:55:24.396,1.19883,1.19899,2.25,1.73
2013.01.17 17:55:24.455,1.19883,1.199,2.25,1.73
2013.01.17 17:55:26.057,1.19882,1.19901,4.50,3.38
2013.01.17 17:55:26.616,1.19884,1.19901,2.25,3.00
2013.01.17 17:55:28.347,1.19882,1.199,2.25,1.35
2013.01.17 17:55:29.421,1.19882,1.19898,3.38,1.73
2013.01.17 17:55:29.646,1.19882,1.19898,3.38,1.73
2013.01.17 17:55:29.705,1.19882,1.19898,1.13,3.23
2013.01.17 17:55:31.416,1.19881,1.19898,2.25,1.88
2013.01.17 17:55:31.657,1.19879,1.19898,4.28,1.88
2013.01.17 17:55:32.220,1.19879,1.19897,2.03,4.13
2013.01.17 17:55:32.736,1.19879,1.19897,4.65,2.63
2013.01.17 17:55:33.266,1.1988,1.19897,1.50,2.63
2013.01.17 17:55:33.836,1.1988,1.19897,2.25,2.63
2013.01.17 17:55:33.956,1.19882,1.19896,2.25,1.73
2013.01.17 17:55:34.475,1.19882,1.19897,2.25,1.13
2013.01.17 17:55:35.086,1.19883,1.19899,2.25,1.73
2013.01.17 17:55:35.396,1.19885,1.19899,1.50,3.23
2013.01.17 17:55:36.106,1.19885,1.19897,1.50,1.73
2013.01.17 17:55:36.286,1.19882,1.19897,2.03,1.73
2013.01.17 17:55:36.826,1.19883,1.19901,2.25,4.20
2013.01.17 17:55:37.376,1.19882,1.199,3.90,3.60
2013.01.17 17:55:37.690,1.19882,1.19897,1.50,1.88
2013.01.17 17:55:38.251,1.19879,1.19896,3.75,1.13
2013.01.17 17:55:38.757,1.1988,1.19896,1.50,1.13
2013.01.17 17:55:39.356,1.19878,1.19896,1.50,3.75
2013.01.17 17:55:39.886,1.19877,1.19895,3.38,3.08
2013.01.17 17:55:40.405,1.19877,1.19895,2.25,2.33
2013.01.17 17:55:41.147,1.19877,1.19895,4.50,2.33
2013.01.17 17:55:42.696,1.19878,1.19895,1.50,1.73
2013.01.17 17:55:43.836,1.19877,1.19896,5.25,2.63
2013.01.17 17:55:44.896,1.19876,1.19891,5.25,1.73
2013.01.17 17:55:45.195,1.19869,1.19885,1.88,1.73
2013.01.17 17:55:45.315,1.19868,1.19885,3.75,1.73
2013.01.17 17:55:45.437,1.19868,1.19884,1.50,1.73
2013.01.17 17:55:46.445,1.19868,1.19884,1.50,1.73
2013.01.17 17:55:47.267,1.19867,1.19886,4.65,1.73
2013.01.17 17:55:48.368,1.19868,1.19882,2.25,1.50
2013.01.17 17:55:48.441,1.19866,1.19882,1.50,1.50
2013.01.17 17:55:48.747,1.19862,1.19879,4.35,2.25
2013.01.17 17:55:49.346,1.19862,1.19879,4.13,2.48
2013.01.17 17:55:49.405,1.19862,1.19879,2.63,2.48
2013.01.17 17:55:51.066,1.1986,1.19879,3.75,2.48
2013.01.17 17:55:51.456,1.19859,1.19878,2.25,1.58
2013.01.17 17:55:51.589,1.19861,1.19876,1.50,1.73
2013.01.17 17:55:51.657,1.1986,1.19876,1.50,2.48
2013.01.17 17:55:51.717,1.1986,1.19876,1.50,3.75
2013.01.17 17:55:51.837,1.19859,1.19876,1.50,3.00
2013.01.17 17:55:51.958,1.19863,1.19876,1.50,1.88
2013.01.17 17:55:52.262,1.19866,1.19881,3.00,2.48
2013.01.17 17:55:52.626,1.19866,1.19882,3.00,1.13
2013.01.17 17:55:53.107,1.19868,1.19882,1.88,2.33
2013.01.17 17:55:53.227,1.19868,1.19883,1.88,1.13
2013.01.17 17:55:53.286,1.19868,1.19883,1.88,1.13
2013.01.17 17:55:53.846,1.19869,1.19883,1.50,1.13
2013.01.17 17:55:55.067,1.19869,1.19885,1.50,2.10
2013.01.17 17:55:55.426,1.19875,1.1989,1.50,3.60
2013.01.17 17:55:55.532,1.19875,1.1989,1.50,3.38
2013.01.17 17:55:56.495,1.19874,1.1989,1.88,2.63
2013.01.17 17:55:56.916,1.19876,1.1989,1.50,1.13
2013.01.17 17:55:58.793,1.19874,1.19887,1.50,1.14
2013.01.17 17:55:59.207,1.19873,1.19888,1.50,2.48
2013.01.17 17:56:01.529,1.19873,1.19887,1.50,1.63
2013.01.17 17:56:01.775,1.19873,1.19888,1.50,3.12
2013.01.17 17:56:02.399,1.19868,1.19881,1.50,1.09
2013.01.17 17:56:02.466,1.19868,1.19881,1.50,1.09
2013.01.17 17:56:02.527,1.19868,1.1988,1.50,1.09
2013.01.17 17:56:02.828,1.19863,1.19877,1.13,1.05
2013.01.17 17:56:03.127,1.19865,1.19877,1.50,1.07
2013.01.17 17:56:03.667,1.19856,1.1987,2.25,1.15
2013.01.17 17:56:03.728,1.19858,1.19871,2.25,1.34
2013.01.17 17:56:03.786,1.19856,1.1987,2.25,1.15
2013.01.17 17:56:04.396,1.19858,1.19873,1.50,2.38
2013.01.17 17:56:05.057,1.19853,1.19864,1.50,1.30
2013.01.17 17:56:05.117,1.19851,1.19864,1.50,1.30
2013.01.17 17:56:05.631,1.19852,1.19865,1.50,2.65
2013.01.17 17:56:06.175,1.19851,1.19865,1.50,2.65
2013.01.17 17:56:06.926,1.19851,1.19867,2.25,2.42
2013.01.17 17:56:06.988,1.19858,1.19867,1.50,1.12
2013.01.17 17:56:07.051,1.19855,1.19868,1.50,1.19
2013.01.17 17:56:07.357,1.19849,1.19861,1.13,3.08
2013.01.17 17:56:07.598,1.19854,1.1986,1.50,2.48
2013.01.17 17:56:07.717,1.19848,1.19858,2.25,1.13
2013.01.17 17:56:07.956,1.19848,1.19858,1.50,1.50
2013.01.17 17:56:08.560,1.19841,1.19857,1.50,1.32
2013.01.17 17:56:08.756,1.19835,1.19854,3.00,1.28
2013.01.17 17:56:09.407,1.19836,1.19854,1.50,1.37
2013.01.17 17:56:09.501,1.19837,1.19854,1.65,1.33
2013.01.17 17:56:10.386,1.1984,1.19854,1.50,1.10
2013.01.17 17:56:10.666,1.1984,1.19857,3.15,1.33
2013.01.17 17:56:10.727,1.19843,1.19858,1.50,1.48
2013.01.17 17:56:11.265,1.19843,1.19859,3.15,1.48
2013.01.17 17:56:11.508,1.19846,1.1986,1.50,1.32
2013.01.17 17:56:11.866,1.19849,1.19863,1.50,1.32
2013.01.17 17:56:12.285,1.19847,1.19863,1.50,1.32
2013.01.17 17:56:13.378,1.19844,1.19863,4.28,1.32
2013.01.17 17:56:13.916,1.19842,1.19859,1.65,3.66
2013.01.17 17:56:14.418,1.19841,1.19859,2.40,1.41
2013.01.17 17:56:15.405,1.19844,1.1986,1.50,1.41
2013.01.17 17:56:15.667,1.19846,1.1986,1.50,1.41
2013.01.17 17:56:15.786,1.19846,1.19863,1.65,1.47
2013.01.17 17:56:15.846,1.19847,1.19863,2.63,1.25
2013.01.17 17:56:15.907,1.19852,1.19865,1.65,1.73
2013.01.17 17:56:16.026,1.19853,1.19865,1.65,1.50
2013.01.17 17:56:16.086,1.19853,1.1987,1.65,1.73
2013.01.17 17:56:17.473,1.19853,1.19869,1.50,2.36
2013.01.17 17:56:20.317,1.19856,1.19871,2.40,2.36
2013.01.17 17:56:22.587,1.19857,1.19872,3.15,1.61
2013.01.17 17:56:22.646,1.19858,1.19875,2.78,2.11
2013.01.17 17:56:22.706,1.19859,1.19875,2.40,1.36
2013.01.17 17:56:23.207,1.19856,1.19876,1.50,1.56
2013.01.17 17:56:23.635,1.19859,1.19876,1.65,1.36
2013.01.17 17:56:23.756,1.19861,1.19879,1.50,4.56
2013.01.17 17:56:23.815,1.19862,1.19879,3.90,2.31
2013.01.17 17:56:23.876,1.19862,1.19879,3.90,1.73
2013.01.17 17:56:26.940,1.19862,1.19871,1.50,1.35
2013.01.17 17:56:27.006,1.19859,1.19871,2.25,2.85
2013.01.17 17:56:27.067,1.19853,1.19863,1.50,1.95
2013.01.17 17:56:27.186,1.19848,1.19861,2.25,3.27
2013.01.17 17:56:27.309,1.19844,1.19861,1.13,3.27
2013.01.17 17:56:27.557,1.19842,1.19858,1.13,2.70
2013.01.17 17:56:27.617,1.1984,1.19857,2.63,1.20
2013.01.17 17:56:27.797,1.1984,1.19858,3.00,2.48
2013.01.17 17:56:27.917,1.19844,1.19863,4.50,4.73
2013.01.17 17:56:27.976,1.19848,1.19863,2.25,1.73
2013.01.17 17:56:28.617,1.19849,1.19865,1.50,2.48
2013.01.17 17:56:29.146,1.19848,1.19865,1.50,1.73
2013.01.17 17:56:29.447,1.19848,1.19855,1.50,1.50
2013.01.17 17:56:29.507,1.1984,1.19855,1.35,1.73
2013.01.17 17:56:29.566,1.1984,1.19854,1.35,2.48
2013.01.17 17:56:29.627,1.19839,1.19854,1.50,2.48
2013.01.17 17:56:30.106,1.19838,1.19856,2.25,3.00
2013.01.17 17:56:30.837,1.19838,1.19856,2.25,2.48
2013.01.17 17:56:32.266,1.19836,1.19851,1.50,1.73
2013.01.17 17:56:32.446,1.19834,1.19851,2.25,1.73
2013.01.17 17:56:32.927,1.19832,1.19849,3.15,2.48
2013.01.17 17:56:33.167,1.19831,1.1985,2.78,1.73
2013.01.17 17:56:33.287,1.19833,1.1985,1.65,1.73
2013.01.17 17:56:35.946,1.19833,1.19845,1.65,1.73
2013.01.17 17:56:37.311,1.19833,1.19849,4.65,2.48
2013.01.17 17:56:37.500,1.19831,1.19849,3.00,1.88
2013.01.17 17:56:37.567,1.19831,1.19844,2.25,1.50
2013.01.17 17:56:37.871,1.19829,1.19844,1.65,3.23
2013.01.17 17:56:38.217,1.19828,1.19841,3.15,1.73
2013.01.17 17:56:38.396,1.19828,1.19841,2.40,1.73
2013.01.17 17:56:38.956,1.19827,1.19841,1.50,1.73
2013.01.17 17:56:39.017,1.19829,1.19842,3.98,1.50
2013.01.17 17:56:39.376,1.19844,1.19859,5.63,3.11
2013.01.17 17:56:39.437,1.19852,1.19859,2.40,2.13
2013.01.17 17:56:39.496,1.19856,1.19865,1.50,1.50
2013.01.17 17:56:39.558,1.19856,1.19868,1.50,2.48
2013.01.17 17:56:39.617,1.19859,1.19868,1.50,2.48
2013.01.17 17:56:39.676,1.19855,1.19872,3.90,1.73
2013.01.17 17:56:39.736,1.19856,1.19873,2.25,6.98
2013.01.17 17:56:39.927,1.19854,1.19872,1.13,2.48
2013.01.17 17:56:40.646,1.19852,1.19869,3.00,1.73
2013.01.17 17:56:40.845,1.19852,1.19869,1.50,1.73
2013.01.17 17:56:41.026,1.19855,1.1987,2.25,1.73
2013.01.17 17:56:41.146,1.19858,1.19874,2.25,1.73
2013.01.17 17:56:41.220,1.19858,1.19874,3.00,1.73
2013.01.17 17:56:41.526,1.19867,1.19878,1.13,1.73
2013.01.17 17:56:41.597,1.19866,1.19878,1.50,1.73
2013.01.17 17:56:41.836,1.19865,1.19878,1.50,1.13
2013.01.17 17:56:41.895,1.19862,1.19876,1.50,1.73
2013.01.17 17:56:41.956,1.1986,1.19872,1.73,2.10
2013.01.17 17:56:42.258,1.19858,1.19872,1.50,3.08
2013.01.17 17:56:42.901,1.19855,1.1987,3.00,1.73
2013.01.17 17:56:43.267,1.19849,1.19866,3.75,1.73
2013.01.17 17:56:43.326,1.19849,1.19864,2.25,1.50
2013.01.17 17:56:44.222,1.19849,1.19866,2.25,1.73
2013.01.17 17:56:44.537,1.19846,1.19862,2.78,1.50
2013.01.17 17:56:44.896,1.19844,1.19861,2.63,1.73
2013.01.17 17:56:45.256,1.19846,1.19862,2.40,2.48
2013.01.17 17:56:46.077,1.19844,1.1986,2.25,1.35
2013.01.17 17:56:46.136,1.19843,1.1986,2.25,2.10
2013.01.17 17:56:46.496,1.19851,1.19867,1.65,3.08
2013.01.17 17:56:46.676,1.19854,1.19868,2.25,3.08
2013.01.17 17:56:46.916,1.19856,1.19873,2.25,3.98
2013.01.17 17:56:47.096,1.19856,1.19873,2.40,3.98
2013.01.17 17:56:47.503,1.19853,1.19869,2.25,2.48
2013.01.17 17:56:47.569,1.19853,1.19868,2.25,2.48
2013.01.17 17:56:48.127,1.19855,1.19869,3.00,2.33
2013.01.17 17:56:48.249,1.19855,1.1987,2.25,1.73
2013.01.17 17:56:48.490,1.19853,1.19867,3.00,1.73
2013.01.17 17:56:48.617,1.19854,1.1987,1.50,1.73
2013.01.17 17:56:48.976,1.1986,1.19876,2.25,1.73
2013.01.17 17:56:49.157,1.1986,1.19876,2.25,2.48
2013.01.17 17:56:49.575,1.19859,1.19876,2.25,1.73
2013.01.17 17:56:50.222,1.19861,1.19879,1.50,2.48
2013.01.17 17:56:51.816,1.19862,1.19879,1.50,2.48
2013.01.17 17:56:51.877,1.19863,1.19879,3.75,2.48
2013.01.17 17:56:51.938,1.19866,1.19879,1.50,1.73
2013.01.17 17:56:52.059,1.19867,1.19881,1.50,1.50
2013.01.17 17:56:52.355,1.19867,1.19884,2.25,2.48
2013.01.17 17:56:52.907,1.1987,1.19886,3.00,1.13
2013.01.17 17:56:53.245,1.1987,1.19886,3.00,1.13
2013.01.17 17:56:54.817,1.19875,1.19888,2.25,2.55
2013.01.17 17:56:55.305,1.19884,1.19891,1.65,1.50
2013.01.17 17:56:55.383,1.19886,1.199,1.13,1.50
2013.01.17 17:56:56.006,1.19886,1.199,1.13,1.73
2013.01.17 17:56:56.366,1.19875,1.19893,2.40,2.48
2013.01.17 17:56:56.486,1.19875,1.19893,2.40,2.48
2013.01.17 17:56:56.697,1.19875,1.19893,2.40,3.98
2013.01.17 17:56:57.896,1.19874,1.19893,2.78,2.48
2013.01.17 17:56:58.445,1.19874,1.1989,2.78,1.50
2013.01.17 17:56:59.417,1.19876,1.1989,2.40,1.50
2013.01.17 17:56:59.477,1.19878,1.1989,1.65,1.50
2013.01.17 17:56:59.597,1.19878,1.19896,2.25,3.00
2013.01.17 17:56:59.657,1.19877,1.19892,1.50,1.73
2013.01.17 17:56:59.979,1.19877,1.19891,1.50,1.73
2013.01.17 17:57:00.497,1.19874,1.19892,2.40,1.73
2013.01.17 17:57:01.055,1.19873,1.1989,3.53,1.73
2013.01.17 17:57:01.235,1.19873,1.1989,3.53,1.73
2013.01.17 17:57:01.355,1.19873,1.1989,3.53,1.73
2013.01.17 17:57:02.356,1.19874,1.19892,2.40,2.48
2013.01.17 17:57:02.460,1.19874,1.19892,2.40,2.48
2013.01.17 17:57:03.505,1.19873,1.19892,2.63,2.48
2013.01.17 17:57:04.396,1.19873,1.19892,1.13,3.98
2013.01.17 17:57:05.266,1.19873,1.1989,1.13,2.48
2013.01.17 17:57:06.159,1.19878,1.19891,2.25,2.33
2013.01.17 17:57:06.226,1.19878,1.19892,3.15,2.48
2013.01.17 17:57:06.286,1.19879,1.19892,1.28,1.73
2013.01.17 17:57:06.346,1.19883,1.19899,2.25,1.73
2013.01.17 17:57:06.466,1.19883,1.199,2.25,1.73
2013.01.17 17:57:06.601,1.19883,1.199,3.75,1.73
2013.01.17 17:57:08.057,1.19883,1.19901,3.75,2.48
2013.01.17 17:57:08.175,1.19883,1.19901,2.25,2.63
2013.01.17 17:57:08.726,1.19884,1.19901,2.25,1.35
2013.01.17 17:57:09.282,1.1988,1.19896,3.00,3.38
2013.01.17 17:57:09.407,1.1988,1.19894,2.25,1.88
2013.01.17 17:57:09.768,1.19879,1.19893,1.73,1.73
2013.01.17 17:57:10.126,1.19891,1.19907,21.98,1.29
2013.01.17 17:57:10.188,1.199,1.19907,2.25,1.29
2013.01.17 17:57:10.367,1.19899,1.19904,3.00,1.29
2013.01.17 17:57:10.427,1.19896,1.19903,3.75,1.29
2013.01.17 17:57:10.906,1.1989,1.19902,1.73,1.50
2013.01.17 17:57:11.027,1.19888,1.19902,1.50,1.50
2013.01.17 17:57:11.516,1.1989,1.19904,1.28,2.25
2013.01.17 17:57:11.576,1.1989,1.19904,1.28,2.25
2013.01.17 17:57:12.192,1.19889,1.19905,2.63,1.50
2013.01.17 17:57:12.268,1.1989,1.19905,1.28,1.50
2013.01.17 17:57:13.256,1.19894,1.1991,1.13,2.48
2013.01.17 17:57:13.376,1.19894,1.1991,1.88,2.25
2013.01.17 17:57:13.436,1.19894,1.19912,1.88,1.73
2013.01.17 17:57:13.737,1.19896,1.19912,1.50,1.73
2013.01.17 17:57:14.397,1.19897,1.19913,3.75,2.63
2013.01.17 17:57:14.576,1.19902,1.19916,2.25,1.35
2013.01.17 17:57:14.758,1.199,1.19916,2.25,1.35
2013.01.17 17:57:14.821,1.19897,1.19913,2.25,1.73
2013.01.17 17:57:14.888,1.19897,1.19913,1.50,2.48
2013.01.17 17:57:14.949,1.19896,1.19913,2.25,2.48
2013.01.17 17:57:15.463,1.19896,1.19911,3.00,1.73
2013.01.17 17:57:16.067,1.19896,1.19911,2.25,1.73
2013.01.17 17:57:16.127,1.19893,1.19911,3.15,3.98
2013.01.17 17:57:16.305,1.19893,1.19909,1.65,2.48
2013.01.17 17:57:16.890,1.19889,1.19908,3.53,3.23
2013.01.17 17:57:17.076,1.19889,1.19906,1.88,2.48
2013.01.17 17:57:17.445,1.19889,1.19906,2.03,2.48
2013.01.17 17:57:17.746,1.19897,1.19913,1.50,1.73
2013.01.17 17:57:18.241,1.19893,1.1991,1.50,1.73
2013.01.17 17:57:18.785,1.19893,1.1991,1.50,1.73
2013.01.17 17:57:19.757,1.19893,1.1991,1.50,1.73
2013.01.17 17:57:20.116,1.19893,1.19908,1.50,1.73
2013.01.17 17:57:21.657,1.1989,1.19903,1.65,3.23
2013.01.17 17:57:21.777,1.1989,1.19902,1.50,1.73
2013.01.17 17:57:21.898,1.19889,1.19903,1.50,1.73
2013.01.17 17:57:22.017,1.19887,1.19902,2.25,3.23
2013.01.17 17:57:22.316,1.19886,1.19902,1.50,2.48
2013.01.17 17:57:22.375,1.19885,1.19902,3.38,2.48
2013.01.17 17:57:22.677,1.19883,1.1989,1.50,2.10
2013.01.17 17:57:22.736,1.1988,1.1989,1.50,2.85
2013.01.17 17:57:22.797,1.19876,1.1989,3.00,2.85
2013.01.17 17:57:22.977,1.19877,1.19893,2.25,1.73
2013.01.17 17:57:23.695,1.19877,1.1989,1.50,3.08
2013.01.17 17:57:24.147,1.19874,1.19888,1.50,1.13
2013.01.17 17:57:24.266,1.19869,1.19888,2.63,1.88
2013.01.17 17:57:24.832,1.19869,1.19888,4.28,1.73
2013.01.17 17:57:25.427,1.19869,1.19888,4.28,1.73
2013.01.17 17:57:25.786,1.19876,1.1989,1.50,3.23
2013.01.17 17:57:25.865,1.19871,1.19887,2.25,2.48
2013.01.17 17:57:26.266,1.19871,1.19887,1.50,2.48
2013.01.17 17:57:26.926,1.1987,1.19881,2.03,1.50
2013.01.17 17:57:27.047,1.19865,1.19878,1.13,2.25
2013.01.17 17:57:27.167,1.19865,1.19876,1.13,1.50
2013.01.17 17:57:27.288,1.19865,1.19879,1.88,2.25
2013.01.17 17:57:27.646,1.19863,1.1988,3.75,2.48
2013.01.17 17:57:27.827,1.19863,1.1988,3.75,2.48
2013.01.17 17:57:29.397,1.19864,1.1988,1.50,1.73
2013.01.17 17:57:30.267,1.19864,1.1988,1.50,2.10
2013.01.17 17:57:30.330,1.1986,1.19878,5.25,1.88
2013.01.17 17:57:30.458,1.1986,1.19874,1.50,1.58
2013.01.17 17:57:30.816,1.19857,1.19872,1.50,1.73
2013.01.17 17:57:31.526,1.19855,1.19872,1.50,3.23
2013.01.17 17:57:32.066,1.19852,1.19871,3.75,1.73
2013.01.17 17:57:34.337,1.19852,1.19869,4.73,1.50
2013.01.17 17:57:34.856,1.19853,1.19871,2.48,1.50
2013.01.17 17:57:35.036,1.19856,1.19871,1.50,1.50
2013.01.17 17:57:35.416,1.19853,1.19869,2.48,1.50
2013.01.17 17:57:35.956,1.19853,1.19869,2.48,2.25
2013.01.17 17:57:36.436,1.19856,1.19872,1.73,1.35
2013.01.17 17:57:37.837,1.19856,1.19871,1.13,1.50
2013.01.17 17:57:37.896,1.19859,1.19873,2.25,4.20
2013.01.17 17:57:38.256,1.19859,1.19874,1.73,1.13
2013.01.17 17:57:38.772,1.19859,1.19876,1.73,1.50
2013.01.17 17:57:41.908,1.19858,1.19876,2.48,1.65
2013.01.17 17:57:41.969,1.19856,1.19874,5.10,1.50
2013.01.17 17:57:42.506,1.19856,1.19873,1.73,1.28
2013.01.17 17:57:42.986,1.19853,1.19871,3.75,2.25
2013.01.17 17:57:44.206,1.19853,1.19871,3.00,2.48
2013.01.17 17:57:46.106,1.19853,1.19867,1.13,2.25
2013.01.17 17:57:46.287,1.19847,1.19862,1.50,1.50
2013.01.17 17:57:46.346,1.19847,1.19859,1.50,3.98
2013.01.17 17:57:46.406,1.19844,1.19859,2.63,3.98
2013.01.17 17:57:46.526,1.19844,1.19858,1.88,1.73
2013.01.17 17:57:46.767,1.19841,1.19858,2.25,1.73
2013.01.17 17:57:48.398,1.19843,1.19857,1.43,1.50
2013.01.17 17:57:53.696,1.19843,1.19857,1.50,3.15
2013.01.17 17:57:53.935,1.19843,1.19856,1.50,1.50
2013.01.17 17:57:54.235,1.19841,1.19856,2.25,1.65
2013.01.17 17:57:54.416,1.19843,1.19856,1.50,1.50
2013.01.17 17:57:54.984,1.19839,1.19856,2.25,2.40
2013.01.17 17:57:56.597,1.19839,1.19854,2.25,1.35
2013.01.17 17:57:56.666,1.19839,1.19854,1.50,2.85
2013.01.17 17:57:57.176,1.19836,1.19853,2.63,1.50
2013.01.17 17:57:57.706,1.19836,1.19851,2.48,2.10
2013.01.17 17:57:58.585,1.19836,1.19853,2.48,2.25
2013.01.17 17:57:59.124,1.19836,1.19852,2.48,1.69
2013.01.17 17:57:59.434,1.19836,1.19848,1.73,2.85
2013.01.17 17:57:59.746,1.19836,1.19848,1.50,3.08
2013.01.17 17:58:00.409,1.19833,1.19842,1.13,2.48
2013.01.17 17:58:00.657,1.19828,1.19844,1.50,3.83
2013.01.17 17:58:01.016,1.19828,1.19844,3.15,1.73
2013.01.17 17:58:01.196,1.19826,1.19844,3.15,3.08
2013.01.17 17:58:01.439,1.19828,1.19843,2.40,1.58
2013.01.17 17:58:01.796,1.19835,1.19849,2.25,1.58
2013.01.17 17:58:02.478,1.19837,1.19852,2.25,1.73
2013.01.17 17:58:03.017,1.19838,1.19854,1.50,3.98
2013.01.17 17:58:03.075,1.19838,1.19854,2.25,3.98
2013.01.17 17:58:03.261,1.19839,1.19854,2.25,2.48
2013.01.17 17:58:03.327,1.19839,1.19856,4.13,1.50
2013.01.17 17:58:03.387,1.19844,1.19857,2.40,1.73
2013.01.17 17:58:03.688,1.19847,1.19865,2.63,4.35
2013.01.17 17:58:04.046,1.19847,1.19865,2.78,2.85
2013.01.17 17:58:04.227,1.19847,1.19865,2.78,2.85
2013.01.17 17:58:04.286,1.19847,1.19865,2.78,3.60
2013.01.17 17:58:04.766,1.19847,1.19864,2.78,3.23
2013.01.17 17:58:06.009,1.19846,1.19862,1.13,2.48
2013.01.17 17:58:06.127,1.19846,1.19862,1.13,2.48
2013.01.17 17:58:06.636,1.19846,1.19862,1.13,2.48
2013.01.17 17:58:07.139,1.19844,1.1986,1.13,3.98
2013.01.17 17:58:07.258,1.19843,1.19858,1.50,3.04
2013.01.17 17:58:07.678,1.19844,1.19858,1.65,1.50
2013.01.17 17:58:08.039,1.19848,1.19858,1.35,1.50
2013.01.17 17:58:08.577,1.19848,1.19864,2.63,1.73
2013.01.17 17:58:08.876,1.19846,1.19862,1.13,1.73
2013.01.17 17:58:08.937,1.19842,1.19859,2.63,1.73
2013.01.17 17:58:09.438,1.19841,1.19857,2.40,2.48
2013.01.17 17:58:09.779,1.19843,1.19859,1.35,2.48
2013.01.17 17:58:10.136,1.19842,1.19856,1.13,1.73
2013.01.17 17:58:10.317,1.19842,1.19858,2.48,1.73
2013.01.17 17:58:10.830,1.19843,1.19861,2.40,3.23
2013.01.17 17:58:11.436,1.19842,1.19858,1.73,1.73
2013.01.17 17:58:12.176,1.19842,1.19858,2.48,1.73
2013.01.17 17:58:12.776,1.19842,1.19861,2.63,3.23
2013.01.17 17:58:13.678,1.19842,1.19861,2.63,3.23
2013.01.17 17:58:13.917,1.19842,1.19859,1.88,4.13
2013.01.17 17:58:14.156,1.1984,1.19854,1.50,1.73
2013.01.17 17:58:14.217,1.19837,1.19854,1.50,1.73
2013.01.17 17:58:14.276,1.19837,1.19854,1.50,1.73
2013.01.17 17:58:14.785,1.19837,1.19854,1.50,2.48
2013.01.17 17:58:15.266,1.19836,1.19852,2.10,2.48
2013.01.17 17:58:15.327,1.19836,1.19852,2.10,1.73
2013.01.17 17:58:15.448,1.1984,1.19856,1.50,1.35
2013.01.17 17:58:15.566,1.19842,1.19856,1.50,1.35
2013.01.17 17:58:15.987,1.1984,1.19855,3.53,1.50
2013.01.17 17:58:16.106,1.19845,1.19859,2.10,1.73
2013.01.17 17:58:16.225,1.19842,1.1986,4.50,1.73
2013.01.17 17:58:16.345,1.19844,1.1986,2.25,1.73
2013.01.17 17:58:16.847,1.19846,1.19862,1.35,1.13
2013.01.17 17:58:16.969,1.19847,1.19864,1.65,4.73
2013.01.17 17:58:17.459,1.19848,1.19865,1.50,2.48
2013.01.17 17:58:17.638,1.19852,1.19867,1.50,2.10
2013.01.17 17:58:17.758,1.19848,1.19866,3.00,1.73
2013.01.17 17:58:17.936,1.19848,1.19866,3.00,1.73
2013.01.17 17:58:20.276,1.19847,1.19862,1.50,2.48
2013.01.17 17:58:21.190,1.19837,1.19849,1.50,1.73
2013.01.17 17:58:21.402,1.19837,1.19851,1.50,1.73
2013.01.17 17:58:21.807,1.19834,1.19851,2.40,1.73
2013.01.17 17:58:22.716,1.19835,1.19851,1.50,1.73
2013.01.17 17:58:23.757,1.19834,1.19851,3.90,2.48
2013.01.17 17:58:23.818,1.19836,1.19852,3.15,1.73
2013.01.17 17:58:23.886,1.19836,1.19852,3.15,1.73
2013.01.17 17:58:24.071,1.19838,1.19851,1.50,1.65
2013.01.17 17:58:24.136,1.19834,1.19849,1.73,1.50
2013.01.17 17:58:24.196,1.19834,1.19849,1.73,2.25
2013.01.17 17:58:24.376,1.19831,1.19847,3.00,1.73
2013.01.17 17:58:25.061,1.19831,1.19847,2.25,1.73
2013.01.17 17:58:25.426,1.19832,1.19848,2.25,1.73
2013.01.17 17:58:25.979,1.19832,1.19847,2.25,1.73
2013.01.17 17:58:26.507,1.19832,1.19847,1.50,1.73
2013.01.17 17:58:26.945,1.19834,1.19847,1.50,1.50
2013.01.17 17:58:27.235,1.19831,1.19847,5.40,1.50
2013.01.17 17:58:27.427,1.19834,1.19847,2.25,1.50
2013.01.17 17:58:30.466,1.19832,1.19846,3.00,1.50
2013.01.17 17:58:30.529,1.19832,1.19845,2.25,1.50
2013.01.17 17:58:30.596,1.19832,1.19843,2.10,2.40
2013.01.17 17:58:30.836,1.19827,1.19842,2.33,1.13
2013.01.17 17:58:31.136,1.19824,1.19839,1.95,1.50
2013.01.17 17:58:31.377,1.19824,1.19839,1.50,1.50
2013.01.17 17:58:31.596,1.19823,1.19838,1.88,1.73
2013.01.17 17:58:32.147,1.19823,1.19838,2.63,1.73
2013.01.17 17:58:32.207,1.19825,1.19839,1.28,1.73
2013.01.17 17:58:32.566,1.19832,1.19846,2.25,1.35
2013.01.17 17:58:32.927,1.19835,1.19848,2.85,1.95
2013.01.17 17:58:33.201,1.1984,1.19855,2.63,1.65
2013.01.17 17:58:33.267,1.19838,1.19853,1.50,2.48
2013.01.17 17:58:33.826,1.19837,1.19851,1.13,1.50
2013.01.17 17:58:33.948,1.19837,1.19853,2.85,1.50
2013.01.17 17:58:34.066,1.19838,1.19855,2.25,1.13
2013.01.17 17:58:34.126,1.19838,1.19856,2.25,3.38
2013.01.17 17:58:34.307,1.19839,1.19856,2.25,1.88
2013.01.17 17:58:35.095,1.19841,1.19856,2.48,2.40
2013.01.17 17:58:35.400,1.19843,1.19858,3.00,3.75
2013.01.17 17:58:35.587,1.1985,1.19862,2.25,1.50
2013.01.17 17:58:35.647,1.1985,1.19862,2.25,1.50
2013.01.17 17:58:35.827,1.19848,1.19865,2.25,2.25
2013.01.17 17:58:36.007,1.19848,1.19865,2.25,2.25
2013.01.17 17:58:36.736,1.19849,1.19867,2.25,1.13
2013.01.17 17:58:38.187,1.19855,1.19868,1.50,3.90
2013.01.17 17:58:38.547,1.19858,1.19872,1.50,1.13
2013.01.17 17:58:38.670,1.19861,1.19874,1.50,1.73
2013.01.17 17:58:38.857,1.19863,1.19876,1.50,2.25
2013.01.17 17:58:39.226,1.19863,1.19878,1.50,1.73
2013.01.17 17:58:39.287,1.19865,1.19878,1.13,1.73
2013.01.17 17:58:39.646,1.19873,1.19884,1.73,2.25
2013.01.17 17:58:40.186,1.19873,1.1989,2.10,2.25
2013.01.17 17:58:40.307,1.19873,1.19888,1.88,2.40
2013.01.17 17:58:40.786,1.19868,1.19883,2.10,1.50
2013.01.17 17:58:41.210,1.19868,1.19883,2.10,1.50
2013.01.17 17:58:41.276,1.19868,1.19887,1.73,3.60
2013.01.17 17:58:41.396,1.19868,1.19887,2.48,3.60
2013.01.17 17:58:41.906,1.19867,1.19887,5.10,2.25
2013.01.17 17:58:42.029,1.19868,1.19882,1.13,1.50
2013.01.17 17:58:42.266,1.19865,1.1988,2.10,1.50
2013.01.17 17:58:42.767,1.19865,1.1988,1.73,1.50
2013.01.17 17:58:43.316,1.19864,1.1988,1.73,1.50
2013.01.17 17:58:43.927,1.19866,1.1988,1.50,1.50
2013.01.17 17:58:44.047,1.19871,1.1988,1.50,1.50
2013.01.17 17:58:44.119,1.19871,1.19883,1.50,1.88
2013.01.17 17:58:44.190,1.19871,1.19885,1.50,1.50
2013.01.17 17:58:44.436,1.19871,1.19886,1.73,1.50
2013.01.17 17:58:45.308,1.19871,1.19886,1.73,1.50
2013.01.17 17:58:49.496,1.19872,1.19886,1.73,1.50
2013.01.17 17:58:49.555,1.19872,1.19888,2.10,1.50
2013.01.17 17:58:49.615,1.19872,1.1989,2.10,1.50
2013.01.17 17:58:50.330,1.19872,1.19889,2.10,1.50
2013.01.17 17:58:50.715,1.19872,1.19889,2.10,1.50
2013.01.17 17:58:51.026,1.19881,1.19889,1.50,1.50
2013.01.17 17:58:51.086,1.19881,1.19892,1.50,1.50
2013.01.17 17:58:51.207,1.19881,1.19895,1.50,3.60
2013.01.17 17:58:51.877,1.1988,1.19892,1.73,1.50
2013.01.17 17:58:51.937,1.19876,1.19892,2.48,3.60
2013.01.17 17:58:52.116,1.19876,1.1989,1.50,1.50
2013.01.17 17:58:52.657,1.19874,1.1989,2.25,1.50
2013.01.17 17:58:53.018,1.1987,1.19885,3.23,1.50
2013.01.17 17:58:53.197,1.19869,1.19883,2.25,1.73
2013.01.17 17:58:53.256,1.19869,1.19882,2.25,2.10
2013.01.17 17:58:53.557,1.19869,1.19877,2.25,2.10
2013.01.17 17:58:53.677,1.19865,1.19877,1.50,2.10
2013.01.17 17:58:53.796,1.19863,1.19877,2.25,2.10
2013.01.17 17:58:54.097,1.19859,1.19875,2.48,1.50
2013.01.17 17:58:54.657,1.19859,1.19874,1.50,3.08
2013.01.17 17:58:54.776,1.19858,1.19874,1.50,3.08
2013.01.17 17:58:55.117,1.19858,1.19872,1.50,1.88
2013.01.17 17:58:55.362,1.19851,1.19869,2.25,1.73
2013.01.17 17:58:55.487,1.1985,1.19869,1.13,3.23
2013.01.17 17:58:57.607,1.19849,1.19865,1.50,2.48
2013.01.17 17:58:57.668,1.19847,1.19865,3.75,3.23
2013.01.17 17:58:58.215,1.19848,1.19863,4.65,1.35
2013.01.17 17:58:58.786,1.19847,1.19863,5.63,1.35
2013.01.17 17:58:59.207,1.19846,1.19863,3.00,1.58
2013.01.17 17:58:59.720,1.19846,1.19862,2.25,1.35
2013.01.17 17:58:59.787,1.19844,1.19862,3.53,1.35
2013.01.17 17:59:00.997,1.19842,1.19858,2.25,2.10
2013.01.17 17:59:01.606,1.19844,1.19858,1.65,1.50
2013.01.17 17:59:01.668,1.19848,1.19862,1.50,3.08
2013.01.17 17:59:01.786,1.1985,1.19864,1.50,1.73
2013.01.17 17:59:02.027,1.1985,1.19866,1.50,5.33
2013.01.17 17:59:02.528,1.19848,1.19866,2.40,6.83
2013.01.17 17:59:03.086,1.19848,1.19866,2.40,6.83
2013.01.17 17:59:03.687,1.19848,1.19864,1.13,4.13
2013.01.17 17:59:04.259,1.19845,1.19861,1.13,1.73
2013.01.17 17:59:04.339,1.19843,1.1986,1.13,2.48
2013.01.17 17:59:04.857,1.19843,1.1986,1.88,3.23
2013.01.17 17:59:05.166,1.19847,1.19861,2.40,2.48
2013.01.17 17:59:05.526,1.19852,1.19868,4.50,3.57
2013.01.17 17:59:05.646,1.19852,1.19868,2.25,3.83
2013.01.17 17:59:05.826,1.19853,1.19868,2.48,1.35
2013.01.17 17:59:06.248,1.19858,1.19872,1.50,1.50
2013.01.17 17:59:06.307,1.19858,1.19874,3.00,2.33
2013.01.17 17:59:06.546,1.19861,1.19875,1.50,1.50
2013.01.17 17:59:06.725,1.19861,1.19877,1.50,2.25
2013.01.17 17:59:07.268,1.19862,1.1988,1.50,8.52
2013.01.17 17:59:07.327,1.19862,1.1988,2.40,7.77
2013.01.17 17:59:07.446,1.19865,1.19882,1.50,3.83
2013.01.17 17:59:07.626,1.19863,1.19879,1.50,3.08
2013.01.17 17:59:08.047,1.19863,1.19878,1.50,3.08
2013.01.17 17:59:08.528,1.19857,1.19877,1.50,1.44
2013.01.17 17:59:08.826,1.19865,1.19877,1.50,1.21
2013.01.17 17:59:08.887,1.19865,1.19878,1.50,2.10
2013.01.17 17:59:09.248,1.19866,1.19882,1.50,1.56
2013.01.17 17:59:09.487,1.19869,1.19881,1.50,2.10
2013.01.17 17:59:10.047,1.19869,1.19885,2.25,2.14
2013.01.17 17:59:10.588,1.19871,1.19885,1.50,2.14
2013.01.17 17:59:11.136,1.19873,1.19885,1.50,2.14
2013.01.17 17:59:11.979,1.19869,1.19884,3.75,2.03
2013.01.17 17:59:13.096,1.19873,1.19887,1.50,2.59
2013.01.17 17:59:13.687,1.19868,1.19887,6.00,2.51
2013.01.17 17:59:14.256,1.19869,1.19887,4.28,2.09
2013.01.17 17:59:14.798,1.19873,1.19887,1.50,2.24
2013.01.17 17:59:15.335,1.19868,1.19887,4.13,2.10
2013.01.17 17:59:15.457,1.19873,1.19887,1.88,1.73
2013.01.17 17:59:15.826,1.19876,1.19887,1.50,1.86
2013.01.17 17:59:16.305,1.19873,1.19889,1.28,2.27
2013.01.17 17:59:16.372,1.19873,1.19888,2.63,1.73
2013.01.17 17:59:16.887,1.19873,1.19885,2.63,1.73
2013.01.17 17:59:17.336,1.19874,1.19891,1.50,2.48
2013.01.17 17:59:17.636,1.19874,1.19891,1.50,3.23
2013.01.17 17:59:18.186,1.19872,1.19888,5.78,2.48
2013.01.17 17:59:18.656,1.19874,1.1989,3.90,2.48
2013.01.17 17:59:18.897,1.19877,1.19893,1.65,3.83
2013.01.17 17:59:19.704,1.1988,1.19893,1.50,2.25
2013.01.17 17:59:20.215,1.1988,1.19896,1.50,1.73
2013.01.17 17:59:21.753,1.1988,1.19896,1.65,2.48
2013.01.17 17:59:22.056,1.19882,1.19899,2.25,3.53
2013.01.17 17:59:23.956,1.19882,1.19895,2.25,1.50
2013.01.17 17:59:24.582,1.1988,1.19895,1.13,1.73
2013.01.17 17:59:26.277,1.1988,1.19895,1.13,1.73
2013.01.17 17:59:26.878,1.1988,1.19894,1.13,2.33
2013.01.17 17:59:27.176,1.1988,1.19894,1.13,2.33
2013.01.17 17:59:27.358,1.1988,1.19894,1.88,2.33
2013.01.17 17:59:27.717,1.19871,1.19881,2.25,1.13
2013.01.17 17:59:27.778,1.19871,1.19879,1.50,1.88
2013.01.17 17:59:27.837,1.19865,1.19879,6.00,2.88
2013.01.17 17:59:27.957,1.19864,1.19878,2.40,1.73
2013.01.17 17:59:28.017,1.19863,1.19877,2.40,1.73
2013.01.17 17:59:28.076,1.19863,1.19877,3.90,1.50
2013.01.17 17:59:28.138,1.19867,1.1988,2.40,1.58
2013.01.17 17:59:29.016,1.19866,1.19881,1.88,2.33
2013.01.17 17:59:29.839,1.19867,1.19883,2.25,1.73
2013.01.17 17:59:29.896,1.19867,1.19883,2.25,1.65
2013.01.17 17:59:30.857,1.19867,1.19883,3.00,1.73
2013.01.17 17:59:32.518,1.19868,1.19885,1.50,3.83
2013.01.17 17:59:32.758,1.19866,1.19884,3.90,1.73
2013.01.17 17:59:34.887,1.19867,1.19884,1.28,1.73
2013.01.17 17:59:35.246,1.19874,1.19891,3.75,3.08
2013.01.17 17:59:35.426,1.19875,1.19894,1.65,1.92
2013.01.17 17:59:36.062,1.19879,1.19893,1.13,1.17
2013.01.17 17:59:36.248,1.19877,1.1989,2.25,1.88
2013.01.17 17:59:36.426,1.1987,1.19887,2.07,3.23
2013.01.17 17:59:36.846,1.19869,1.19886,3.00,3.08
2013.01.17 17:59:37.207,1.19868,1.19883,1.13,3.83
2013.01.17 17:59:37.756,1.19867,1.19882,1.50,1.73
2013.01.17 17:59:38.261,1.19865,1.19882,3.75,1.73
2013.01.17 17:59:38.327,1.19863,1.19879,3.38,1.73
2013.01.17 17:59:38.938,1.19865,1.19879,1.50,1.73
2013.01.17 17:59:39.623,1.19864,1.19878,1.50,1.73
2013.01.17 17:59:42.367,1.19863,1.19881,1.50,3.98
2013.01.17 17:59:43.657,1.19864,1.1988,2.25,1.73
2013.01.17 17:59:43.957,1.19866,1.19885,1.47,6.42
2013.01.17 17:59:44.136,1.19868,1.19884,1.50,1.73
2013.01.17 17:59:44.197,1.19874,1.19885,2.22,2.48
2013.01.17 17:59:44.256,1.19876,1.19885,3.15,1.73
2013.01.17 17:59:44.376,1.19877,1.1989,1.50,2.48
2013.01.17 17:59:44.436,1.19877,1.19893,1.50,2.48
2013.01.17 17:59:46.208,1.19879,1.19894,2.25,2.48
2013.01.17 17:59:46.327,1.19877,1.19894,1.50,3.23
2013.01.17 17:59:46.446,1.19877,1.19894,1.50,3.00
2013.01.17 17:59:48.787,1.19878,1.19895,2.25,1.58
2013.01.17 17:59:49.256,1.1988,1.19894,1.50,2.48
2013.01.17 17:59:49.497,1.19872,1.19885,3.75,1.50
2013.01.17 17:59:50.057,1.19871,1.19886,2.25,2.48
2013.01.17 17:59:50.506,1.19869,1.19884,1.50,1.50
2013.01.17 17:59:51.306,1.1987,1.19886,1.50,1.73
2013.01.17 17:59:51.616,1.19869,1.19883,3.00,1.50
2013.01.17 17:59:51.925,1.19866,1.19881,3.15,1.50
2013.01.17 17:59:52.544,1.19865,1.19883,3.00,6.08
2013.01.17 17:59:52.607,1.19865,1.19882,3.00,1.73
2013.01.17 17:59:52.966,1.19868,1.19883,1.50,3.08
2013.01.17 17:59:53.367,1.19868,1.19884,2.25,2.33
2013.01.17 17:59:53.668,1.19873,1.19888,2.25,1.58
2013.01.17 17:59:53.968,1.19873,1.19884,2.25,1.50
2013.01.17 17:59:54.267,1.19863,1.19881,2.63,3.38
2013.01.17 17:59:54.577,1.19863,1.19881,2.85,3.90
2013.01.17 17:59:55.117,1.19863,1.19879,2.85,1.50
2013.01.17 17:59:55.478,1.19866,1.19882,1.13,2.25
2013.01.17 17:59:55.598,1.1987,1.19883,1.73,1.50
2013.01.17 17:59:55.840,1.19871,1.19888,2.48,3.75
2013.01.17 17:59:56.027,1.19874,1.19888,1.73,1.50
2013.01.17 17:59:56.565,1.19874,1.19889,2.48,1.88
2013.01.17 17:59:57.090,1.19874,1.19889,2.48,1.50
2013.01.17 17:59:57.415,1.19874,1.1989,2.48,2.29
