2012.07.25 02:00:00.955,0.94323,0.9434,2.32,4.88
2012.07.25 02:00:01.018,0.94323,0.9434,1.57,6.00
2012.07.25 02:00:01.196,0.94321,0.94336,2.25,2.63
2012.07.25 02:00:01.259,0.94321,0.94334,1.50,1.50
2012.07.25 02:00:01.614,0.94315,0.94328,2.69,3.75
2012.07.25 02:00:04.194,0.94315,0.94328,3.07,2.25
2012.07.25 02:00:08.605,0.94314,0.94328,3.00,2.25
2012.07.25 02:00:09.143,0.94315,0.94329,1.57,1.50
2012.07.25 02:00:09.687,0.94316,0.9433,1.50,2.25
2012.07.25 02:00:10.150,0.94314,0.94329,3.07,3.75
2012.07.25 02:00:10.681,0.94314,0.94328,1.57,1.50
2012.07.25 02:00:13.494,0.94314,0.94329,3.00,3.75
2012.07.25 02:00:13.727,0.94314,0.94327,1.50,1.50
2012.07.25 02:00:16.570,0.94314,0.94329,1.94,2.25
2012.07.25 02:00:16.631,0.94314,0.94329,1.94,2.25
2012.07.25 02:00:17.145,0.94316,0.9433,2.25,2.25
2012.07.25 02:00:17.759,0.94315,0.94329,2.25,2.25
2012.07.25 02:00:18.107,0.94317,0.94329,2.32,2.25
2012.07.25 02:00:18.796,0.94319,0.94333,1.50,3.75
2012.07.25 02:00:18.975,0.94316,0.94332,2.32,3.00
2012.07.25 02:00:19.038,0.94317,0.9433,1.57,1.50
2012.07.25 02:00:20.997,0.94317,0.94332,1.19,3.75
2012.07.25 02:00:21.290,0.94318,0.94333,2.32,2.25
2012.07.25 02:00:21.891,0.94318,0.94332,2.32,2.25
2012.07.25 02:00:22.550,0.94318,0.94332,2.32,2.25
2012.07.25 02:00:24.249,0.94314,0.94329,3.38,1.50
2012.07.25 02:00:24.312,0.94314,0.94329,1.13,4.44
2012.07.25 02:00:24.490,0.94314,0.94326,1.13,1.50
2012.07.25 02:00:24.956,0.94312,0.94327,1.35,2.19
2012.07.25 02:00:28.814,0.94312,0.94327,1.35,2.19
2012.07.25 02:00:29.585,0.94312,0.94325,1.35,1.50
2012.07.25 02:00:34.617,0.94311,0.94325,2.85,1.50
2012.07.25 02:00:35.139,0.94313,0.94325,3.00,1.50
2012.07.25 02:00:35.203,0.94314,0.94331,3.07,4.50
2012.07.25 02:00:35.323,0.94314,0.94331,2.32,4.50
2012.07.25 02:00:35.444,0.94317,0.94331,1.50,3.00
2012.07.25 02:00:35.742,0.94317,0.94332,2.32,3.75
2012.07.25 02:00:36.209,0.94317,0.9433,2.32,2.25
2012.07.25 02:00:36.714,0.94316,0.9433,1.57,2.25
2012.07.25 02:00:38.654,0.94315,0.9433,1.19,2.25
2012.07.25 02:00:44.036,0.94315,0.94331,3.07,3.75
2012.07.25 02:00:45.789,0.94317,0.94331,1.50,2.25
2012.07.25 02:00:55.652,0.94317,0.9433,1.57,2.25
2012.07.25 02:00:57.612,0.94317,0.94332,1.57,3.75
2012.07.25 02:00:57.788,0.94319,0.94332,1.50,2.25
2012.07.25 02:00:58.249,0.94316,0.94332,5.32,2.25
2012.07.25 02:00:58.813,0.94319,0.94332,1.50,2.25
2012.07.25 02:01:00.056,0.94316,0.94332,3.82,2.25
2012.07.25 02:01:02.797,0.94319,0.94332,1.50,2.25
2012.07.25 02:01:03.085,0.94316,0.94332,3.82,2.25
2012.07.25 02:01:03.978,0.94318,0.94332,1.50,2.25
2012.07.25 02:01:05.248,0.94318,0.94331,1.50,1.50
2012.07.25 02:01:05.542,0.94314,0.94329,4.57,1.50
2012.07.25 02:01:06.085,0.94314,0.94329,3.07,3.75
2012.07.25 02:01:06.807,0.94314,0.94329,3.07,3.75
2012.07.25 02:01:14.592,0.94315,0.94329,2.25,1.50
2012.07.25 02:01:14.769,0.94319,0.94332,2.25,1.50
2012.07.25 02:01:14.832,0.94319,0.94334,2.25,2.19
2012.07.25 02:01:15.157,0.94316,0.9433,1.94,2.25
2012.07.25 02:01:15.683,0.94317,0.94331,2.63,2.25
2012.07.25 02:01:16.926,0.94316,0.94332,1.57,1.50
2012.07.25 02:01:17.247,0.94319,0.94333,1.19,1.50
2012.07.25 02:01:17.369,0.94321,0.94337,5.25,3.00
2012.07.25 02:01:17.490,0.94324,0.94338,1.50,2.94
2012.07.25 02:01:17.846,0.94326,0.9434,1.50,3.69
2012.07.25 02:01:18.035,0.94324,0.94339,3.75,2.19
2012.07.25 02:01:18.600,0.94326,0.9434,1.50,4.44
2012.07.25 02:01:19.074,0.94327,0.94343,3.75,3.00
2012.07.25 02:01:20.715,0.94327,0.94343,3.82,2.25
2012.07.25 02:01:22.016,0.94327,0.94342,2.32,1.50
2012.07.25 02:01:22.081,0.94327,0.94342,2.25,2.19
2012.07.25 02:01:22.603,0.94326,0.94342,2.32,4.50
2012.07.25 02:01:24.829,0.94326,0.9434,2.32,1.50
2012.07.25 02:01:25.008,0.94324,0.9434,3.07,3.75
2012.07.25 02:01:25.071,0.94324,0.94338,3.07,1.50
2012.07.25 02:01:25.534,0.94323,0.94338,1.57,1.50
2012.07.25 02:01:25.995,0.94324,0.9434,2.25,5.57
2012.07.25 02:01:26.484,0.94326,0.94341,4.94,2.25
2012.07.25 02:01:26.721,0.94328,0.94344,2.32,5.94
2012.07.25 02:01:26.903,0.9433,0.94344,1.50,4.44
2012.07.25 02:01:29.577,0.94328,0.94344,2.69,5.25
2012.07.25 02:01:32.576,0.94328,0.94344,2.32,4.50
2012.07.25 02:01:35.666,0.94329,0.94344,1.57,2.25
2012.07.25 02:01:36.419,0.94328,0.94343,1.57,3.75
2012.07.25 02:01:36.752,0.94327,0.9434,3.44,1.50
2012.07.25 02:01:39.302,0.94327,0.94342,4.57,1.50
2012.07.25 02:01:47.358,0.94328,0.94345,1.57,5.25
2012.07.25 02:01:47.478,0.94328,0.94345,2.32,5.25
2012.07.25 02:01:47.946,0.94332,0.94343,1.19,2.25
2012.07.25 02:01:48.067,0.94332,0.94346,3.44,1.50
2012.07.25 02:01:48.131,0.94332,0.94346,3.44,1.50
2012.07.25 02:01:48.194,0.94335,0.94348,1.50,2.25
2012.07.25 02:01:48.603,0.94333,0.94349,1.50,3.75
2012.07.25 02:01:48.837,0.94335,0.94349,1.50,2.25
2012.07.25 02:01:49.360,0.94335,0.9435,1.50,3.75
2012.07.25 02:01:49.963,0.94335,0.9435,2.25,3.75
2012.07.25 02:01:51.724,0.94335,0.9435,1.50,1.50
2012.07.25 02:01:53.060,0.94336,0.9435,3.07,1.50
2012.07.25 02:01:53.409,0.94339,0.94352,1.57,4.13
2012.07.25 02:01:53.706,0.94339,0.94354,2.32,3.75
2012.07.25 02:01:55.478,0.94339,0.94353,1.57,2.25
2012.07.25 02:01:56.973,0.94338,0.94353,1.57,3.75
2012.07.25 02:01:57.268,0.94339,0.94353,2.32,2.25
2012.07.25 02:02:00.618,0.9434,0.94354,2.25,1.50
2012.07.25 02:02:00.796,0.9434,0.94357,4.94,3.75
2012.07.25 02:02:00.916,0.9434,0.94357,5.69,1.50
2012.07.25 02:02:03.055,0.94345,0.94357,1.50,1.50
2012.07.25 02:02:03.353,0.94348,0.94364,1.50,1.44
2012.07.25 02:02:04.370,0.94348,0.94364,1.50,1.50
2012.07.25 02:02:04.925,0.94348,0.94365,1.50,4.13
2012.07.25 02:02:05.753,0.94348,0.94365,1.57,4.13
2012.07.25 02:02:06.283,0.94348,0.94365,1.57,4.13
2012.07.25 02:02:06.459,0.94347,0.94362,4.57,1.50
2012.07.25 02:02:11.332,0.94348,0.94364,1.57,1.50
2012.07.25 02:02:11.563,0.94348,0.94365,1.57,5.25
2012.07.25 02:02:12.085,0.94351,0.94366,2.32,1.13
2012.07.25 02:02:12.322,0.94353,0.94367,1.57,2.25
2012.07.25 02:02:12.556,0.94353,0.94368,2.32,1.50
2012.07.25 02:02:12.793,0.94355,0.94371,1.57,3.00
2012.07.25 02:02:16.282,0.94357,0.94372,1.50,5.94
2012.07.25 02:02:17.160,0.94358,0.94372,1.50,1.50
2012.07.25 02:02:17.223,0.94358,0.94374,1.50,3.69
2012.07.25 02:02:17.517,0.94359,0.94374,3.07,1.13
2012.07.25 02:02:17.935,0.94359,0.94372,3.07,1.50
2012.07.25 02:02:18.291,0.94357,0.94372,3.82,1.50
2012.07.25 02:02:18.639,0.94356,0.9437,3.44,1.50
2012.07.25 02:02:19.104,0.94353,0.94367,4.57,1.50
2012.07.25 02:02:19.591,0.94355,0.9437,1.57,3.00
2012.07.25 02:02:20.483,0.94358,0.9437,3.07,1.50
2012.07.25 02:02:20.548,0.94359,0.94372,1.57,2.25
2012.07.25 02:02:20.728,0.94359,0.94374,2.32,3.00
2012.07.25 02:02:20.792,0.94359,0.94374,2.32,1.50
2012.07.25 02:02:21.333,0.9436,0.94375,2.32,1.50
2012.07.25 02:02:21.626,0.94359,0.94373,3.07,1.50
2012.07.25 02:02:23.797,0.94359,0.94373,3.07,1.88
2012.07.25 02:02:25.012,0.94359,0.94371,2.32,1.88
2012.07.25 02:02:25.132,0.94359,0.94371,2.32,1.88
2012.07.25 02:02:25.369,0.94358,0.94371,2.25,1.88
2012.07.25 02:02:25.489,0.94354,0.94367,4.57,1.50
2012.07.25 02:02:26.010,0.94354,0.94367,4.57,1.50
2012.07.25 02:02:26.187,0.94354,0.9437,3.82,1.88
2012.07.25 02:02:31.313,0.94356,0.94371,1.57,1.88
2012.07.25 02:02:31.882,0.94354,0.9437,3.07,1.50
2012.07.25 02:02:33.308,0.94355,0.94372,3.07,3.75
2012.07.25 02:02:35.543,0.94355,0.94371,2.32,1.50
2012.07.25 02:02:36.070,0.94354,0.9437,3.82,1.50
2012.07.25 02:02:37.801,0.94354,0.94367,3.07,1.50
2012.07.25 02:02:40.179,0.94354,0.9437,3.07,3.00
2012.07.25 02:02:41.571,0.94354,0.9437,2.32,1.88
2012.07.25 02:02:42.223,0.94354,0.94368,2.32,1.50
2012.07.25 02:02:42.724,0.94354,0.94371,3.82,2.25
2012.07.25 02:02:43.428,0.94354,0.94371,3.82,3.00
2012.07.25 02:02:45.025,0.94356,0.94372,1.57,4.13
2012.07.25 02:02:45.603,0.94357,0.94372,1.13,2.25
2012.07.25 02:02:45.780,0.94361,0.94373,2.32,2.25
2012.07.25 02:02:45.844,0.94361,0.94375,2.32,1.50
2012.07.25 02:02:45.909,0.94363,0.94377,1.57,1.50
2012.07.25 02:02:46.266,0.94362,0.94375,3.07,2.25
2012.07.25 02:02:46.516,0.94365,0.94378,1.57,3.00
2012.07.25 02:02:46.753,0.94362,0.94375,3.07,2.25
2012.07.25 02:02:47.257,0.94366,0.94375,1.57,2.25
2012.07.25 02:02:47.614,0.94376,0.94382,1.50,4.35
2012.07.25 02:02:47.678,0.94376,0.94382,1.50,2.25
2012.07.25 02:02:47.742,0.94376,0.94384,1.50,2.25
2012.07.25 02:02:47.979,0.94376,0.94389,1.50,3.75
2012.07.25 02:02:48.102,0.94374,0.94381,1.19,1.50
2012.07.25 02:02:48.342,0.94377,0.9439,1.57,2.63
2012.07.25 02:02:48.551,0.94375,0.9439,2.32,2.63
2012.07.25 02:02:48.636,0.94375,0.94389,1.57,1.88
2012.07.25 02:02:49.163,0.94375,0.94389,1.57,1.88
2012.07.25 02:02:49.285,0.94375,0.94389,1.57,1.50
2012.07.25 02:02:50.415,0.94375,0.94389,1.57,1.88
2012.07.25 02:02:51.026,0.94374,0.94389,2.32,1.50
2012.07.25 02:02:51.091,0.94373,0.94387,1.57,1.50
2012.07.25 02:02:51.500,0.94373,0.94388,1.57,1.88
2012.07.25 02:02:51.564,0.94373,0.94388,1.57,1.88
2012.07.25 02:02:51.808,0.94372,0.94385,1.50,1.88
2012.07.25 02:02:51.932,0.9437,0.94384,5.54,1.88
2012.07.25 02:02:51.995,0.9437,0.94382,3.29,1.50
2012.07.25 02:02:52.116,0.9437,0.94384,3.29,1.88
2012.07.25 02:02:52.181,0.9437,0.94382,2.85,1.50
2012.07.25 02:02:52.767,0.9437,0.94385,2.10,2.63
2012.07.25 02:02:52.888,0.94369,0.94383,3.60,1.50
2012.07.25 02:02:53.747,0.94369,0.94381,4.35,1.50
2012.07.25 02:02:54.759,0.94369,0.94384,4.79,1.50
2012.07.25 02:02:59.643,0.9437,0.94385,5.10,3.38
2012.07.25 02:02:59.875,0.9437,0.94383,3.60,1.50
2012.07.25 02:03:00.226,0.94372,0.94386,2.32,2.25
2012.07.25 02:03:00.406,0.94376,0.94389,1.50,3.00
2012.07.25 02:03:00.878,0.94375,0.94389,1.57,2.25
2012.07.25 02:03:01.634,0.94374,0.94389,1.57,3.75
2012.07.25 02:03:01.706,0.94374,0.94389,1.57,4.13
2012.07.25 02:03:01.886,0.94373,0.94387,3.07,1.50
2012.07.25 02:03:02.514,0.94372,0.94387,2.32,3.75
2012.07.25 02:03:03.059,0.94373,0.94389,2.32,2.25
2012.07.25 02:03:03.122,0.94373,0.94389,2.32,2.25
2012.07.25 02:03:04.681,0.94373,0.9439,4.94,1.88
2012.07.25 02:03:05.032,0.94372,0.94387,3.07,3.75
2012.07.25 02:03:05.435,0.94373,0.94387,3.07,1.50
2012.07.25 02:03:05.744,0.94375,0.94389,1.57,3.75
2012.07.25 02:03:06.264,0.94375,0.9439,2.32,2.25
2012.07.25 02:03:06.327,0.94375,0.9439,2.32,2.63
2012.07.25 02:03:06.860,0.94374,0.94389,1.19,3.75
2012.07.25 02:03:07.604,0.94375,0.94389,2.32,2.25
2012.07.25 02:03:08.125,0.94375,0.9439,2.32,4.50
2012.07.25 02:03:08.664,0.94375,0.94389,2.32,2.25
2012.07.25 02:03:09.234,0.94375,0.9439,2.32,2.25
2012.07.25 02:03:09.408,0.94374,0.94388,1.19,1.50
2012.07.25 02:03:10.720,0.94374,0.94388,3.44,1.50
2012.07.25 02:03:11.238,0.94375,0.94388,3.82,1.50
2012.07.25 02:03:11.533,0.94377,0.9439,2.32,1.50
2012.07.25 02:03:11.986,0.94377,0.9439,2.32,1.50
2012.07.25 02:03:12.405,0.94377,0.94393,2.32,3.75
2012.07.25 02:03:12.938,0.94377,0.94393,2.32,3.75
2012.07.25 02:03:13.432,0.94377,0.94392,1.57,3.75
2012.07.25 02:03:14.103,0.94375,0.9439,4.57,1.50
2012.07.25 02:03:14.513,0.94378,0.94394,3.44,1.88
2012.07.25 02:03:14.584,0.94378,0.94394,1.19,4.13
2012.07.25 02:03:14.707,0.94376,0.94391,4.57,1.50
2012.07.25 02:03:15.240,0.94375,0.9439,4.19,1.50
2012.07.25 02:03:17.182,0.94375,0.9439,3.07,1.50
2012.07.25 02:03:17.331,0.94375,0.9439,3.07,1.50
2012.07.25 02:03:17.394,0.94375,0.94388,3.07,1.88
2012.07.25 02:03:18.436,0.94374,0.94388,1.19,4.13
2012.07.25 02:03:18.791,0.9437,0.94385,4.57,1.50
2012.07.25 02:03:19.148,0.9437,0.94382,3.00,1.13
2012.07.25 02:03:19.213,0.94368,0.94382,1.57,2.63
2012.07.25 02:03:19.335,0.94364,0.9438,4.57,3.00
2012.07.25 02:03:19.399,0.94364,0.9438,4.50,3.00
2012.07.25 02:03:19.761,0.94363,0.94375,2.32,1.73
2012.07.25 02:03:20.068,0.94356,0.94366,1.33,2.25
2012.07.25 02:03:20.480,0.94352,0.94366,2.46,3.00
2012.07.25 02:03:20.601,0.94352,0.94366,2.46,3.00
2012.07.25 02:03:20.722,0.94352,0.94366,1.50,1.50
2012.07.25 02:03:21.455,0.94351,0.94365,2.25,1.50
2012.07.25 02:03:22.824,0.9435,0.94365,3.75,1.50
2012.07.25 02:03:22.887,0.9435,0.94365,4.50,2.25
2012.07.25 02:03:23.413,0.9435,0.94365,4.50,1.50
2012.07.25 02:03:23.482,0.94354,0.94367,2.25,1.50
2012.07.25 02:03:23.723,0.94355,0.9437,2.63,2.25
2012.07.25 02:03:23.845,0.94356,0.94371,1.50,3.75
2012.07.25 02:03:23.909,0.94356,0.94371,2.25,3.75
2012.07.25 02:03:24.030,0.94358,0.94373,3.00,1.13
2012.07.25 02:03:24.687,0.94358,0.94372,3.00,1.50
2012.07.25 02:03:24.754,0.94358,0.94374,3.00,4.50
2012.07.25 02:03:24.875,0.94358,0.94371,3.00,1.50
2012.07.25 02:03:26.696,0.94356,0.94371,4.13,1.50
2012.07.25 02:03:27.310,0.94357,0.94371,1.50,1.50
2012.07.25 02:03:28.035,0.94356,0.94371,5.25,1.50
2012.07.25 02:03:31.972,0.94359,0.94371,1.50,1.50
2012.07.25 02:03:32.152,0.94359,0.94373,1.50,2.25
2012.07.25 02:03:32.950,0.94359,0.94372,1.50,1.50
2012.07.25 02:03:33.104,0.94357,0.94372,3.00,1.50
2012.07.25 02:03:33.664,0.94357,0.94373,4.50,3.75
2012.07.25 02:03:35.542,0.94358,0.94372,3.00,1.50
2012.07.25 02:03:36.844,0.94357,0.94371,3.00,1.50
2012.07.25 02:03:37.782,0.94358,0.94371,1.50,1.50
2012.07.25 02:03:37.964,0.94358,0.94374,1.57,2.25
2012.07.25 02:03:38.486,0.9436,0.94375,1.88,4.50
2012.07.25 02:03:39.289,0.9436,0.94375,3.00,4.50
2012.07.25 02:03:39.812,0.94365,0.94375,1.50,2.25
2012.07.25 02:03:39.875,0.94365,0.94379,1.50,1.50
2012.07.25 02:03:40.112,0.94365,0.9438,1.88,1.50
2012.07.25 02:03:40.467,0.94368,0.94381,1.50,1.50
2012.07.25 02:03:40.938,0.9437,0.94383,2.63,1.50
2012.07.25 02:03:41.003,0.94371,0.94383,1.50,1.50
2012.07.25 02:03:41.859,0.94369,0.94383,1.50,1.50
2012.07.25 02:03:45.629,0.9437,0.94383,1.50,1.50
2012.07.25 02:03:46.923,0.9437,0.94379,1.50,1.50
2012.07.25 02:03:47.217,0.94367,0.94379,2.25,1.50
2012.07.25 02:03:47.397,0.94364,0.94378,3.75,1.50
2012.07.25 02:03:47.935,0.94364,0.94378,4.13,1.50
2012.07.25 02:03:48.558,0.94364,0.94378,4.50,1.50
2012.07.25 02:03:51.181,0.94364,0.94379,6.38,3.00
2012.07.25 02:03:51.721,0.94366,0.94379,2.63,1.50
2012.07.25 02:03:52.375,0.94366,0.94382,2.63,5.25
2012.07.25 02:03:53.461,0.94367,0.94382,1.50,3.75
2012.07.25 02:03:56.790,0.94368,0.94382,1.50,3.75
2012.07.25 02:03:57.137,0.94368,0.94379,1.50,1.50
2012.07.25 02:03:57.533,0.94368,0.94381,1.50,1.50
2012.07.25 02:03:59.737,0.94367,0.94381,1.50,1.50
2012.07.25 02:04:00.867,0.94369,0.94381,1.50,1.50
2012.07.25 02:04:00.930,0.94369,0.94383,3.00,1.50
2012.07.25 02:04:01.107,0.94369,0.94385,3.00,1.44
2012.07.25 02:04:01.634,0.94369,0.94384,1.50,1.50
2012.07.25 02:04:02.155,0.9437,0.94385,2.25,2.25
2012.07.25 02:04:02.917,0.9437,0.94385,1.50,2.25
2012.07.25 02:04:03.872,0.94368,0.94384,3.00,1.50
2012.07.25 02:04:04.109,0.94367,0.94382,2.25,1.50
2012.07.25 02:04:04.546,0.94367,0.94384,2.63,5.19
2012.07.25 02:04:05.160,0.94367,0.94382,1.13,1.50
2012.07.25 02:04:08.215,0.94368,0.94382,1.50,1.50
2012.07.25 02:04:18.863,0.94372,0.94382,1.50,1.50
2012.07.25 02:04:18.926,0.94372,0.94384,1.50,3.00
2012.07.25 02:04:19.105,0.94372,0.94386,1.50,3.00
2012.07.25 02:04:19.685,0.94372,0.94385,1.50,2.25
2012.07.25 02:04:20.039,0.9437,0.94383,2.69,1.50
2012.07.25 02:04:20.161,0.9437,0.94386,2.69,2.25
2012.07.25 02:04:20.670,0.94372,0.94387,3.00,2.94
2012.07.25 02:04:23.100,0.94372,0.94388,1.50,5.94
2012.07.25 02:04:24.020,0.94372,0.94388,1.50,5.94
2012.07.25 02:04:24.428,0.94369,0.94385,1.50,1.44
2012.07.25 02:04:24.731,0.94372,0.94385,1.50,1.44
2012.07.25 02:04:24.965,0.94369,0.94385,1.50,1.44
2012.07.25 02:04:25.601,0.9437,0.94385,1.50,1.44
2012.07.25 02:04:27.129,0.94368,0.94383,7.50,1.50
2012.07.25 02:04:29.184,0.94368,0.94383,2.63,3.75
2012.07.25 02:04:37.218,0.94369,0.94384,1.50,3.00
2012.07.25 02:04:37.660,0.94372,0.94384,1.50,2.25
2012.07.25 02:04:37.723,0.94372,0.94387,3.75,1.50
2012.07.25 02:04:38.134,0.94374,0.94389,1.50,3.00
2012.07.25 02:04:38.440,0.94372,0.94388,2.25,1.50
2012.07.25 02:04:39.542,0.94374,0.94389,1.50,1.88
2012.07.25 02:04:50.978,0.94374,0.94389,3.82,3.75
2012.07.25 02:04:51.306,0.94374,0.94387,2.25,1.50
2012.07.25 02:04:51.774,0.94373,0.94389,4.88,2.25
2012.07.25 02:04:51.954,0.94374,0.94389,1.57,2.25
2012.07.25 02:04:52.017,0.94376,0.94391,2.32,2.25
2012.07.25 02:04:52.563,0.94376,0.94392,3.07,4.13
2012.07.25 02:04:55.776,0.94375,0.94391,3.44,2.63
2012.07.25 02:04:56.286,0.94375,0.9439,1.94,1.50
2012.07.25 02:04:59.302,0.94375,0.94391,3.07,2.63
2012.07.25 02:04:59.847,0.94376,0.94391,1.19,2.25
2012.07.25 02:05:00.391,0.94377,0.94391,1.13,2.25
2012.07.25 02:05:01.744,0.94376,0.94391,1.94,2.25
2012.07.25 02:05:02.530,0.94376,0.94391,1.19,2.25
2012.07.25 02:05:03.157,0.94375,0.94389,1.94,1.50
2012.07.25 02:05:03.504,0.94374,0.94387,1.57,1.50
2012.07.25 02:05:03.904,0.94376,0.94391,2.69,1.50
2012.07.25 02:05:04.027,0.94376,0.94391,2.69,1.50
2012.07.25 02:05:04.497,0.94376,0.94389,1.19,1.50
2012.07.25 02:05:05.198,0.94376,0.9439,1.19,2.25
2012.07.25 02:05:10.627,0.94379,0.9439,1.57,3.00
2012.07.25 02:05:10.692,0.94379,0.94392,1.57,1.50
2012.07.25 02:05:10.814,0.94379,0.94394,3.07,4.50
2012.07.25 02:05:11.338,0.94377,0.94391,1.94,2.25
2012.07.25 02:05:14.055,0.94376,0.94391,1.19,4.50
2012.07.25 02:05:15.181,0.94375,0.94389,1.57,1.13
2012.07.25 02:05:15.302,0.94375,0.94387,1.57,1.50
2012.07.25 02:05:15.365,0.94375,0.94387,1.50,1.50
2012.07.25 02:05:15.891,0.94375,0.94387,1.50,3.00
2012.07.25 02:05:17.997,0.94375,0.94388,1.57,3.00
2012.07.25 02:05:19.044,0.94373,0.94389,3.82,4.50
2012.07.25 02:05:22.510,0.94374,0.9439,2.32,3.00
2012.07.25 02:05:23.262,0.94374,0.9439,2.32,4.50
2012.07.25 02:05:23.383,0.94375,0.94389,1.50,2.25
2012.07.25 02:05:24.859,0.94375,0.94389,2.25,2.25
2012.07.25 02:05:25.479,0.94375,0.94389,2.63,2.25
2012.07.25 02:05:26.355,0.94375,0.94389,2.32,2.25
2012.07.25 02:05:26.477,0.94371,0.94386,5.32,1.50
2012.07.25 02:05:26.711,0.94373,0.94388,1.57,2.25
2012.07.25 02:05:26.773,0.94373,0.94388,1.50,2.94
2012.07.25 02:05:27.296,0.94373,0.94388,1.57,2.25
2012.07.25 02:05:27.924,0.94373,0.94388,1.57,2.25
2012.07.25 02:05:29.426,0.94372,0.94384,2.32,1.50
2012.07.25 02:05:29.728,0.9437,0.94383,2.69,1.50
2012.07.25 02:05:30.253,0.9437,0.94383,2.25,1.50
2012.07.25 02:05:30.665,0.94372,0.94386,1.50,4.13
2012.07.25 02:05:30.846,0.9437,0.94386,3.07,2.25
2012.07.25 02:05:30.966,0.94372,0.94386,2.25,2.25
2012.07.25 02:05:31.489,0.94371,0.94386,2.25,2.25
2012.07.25 02:05:32.028,0.94371,0.94386,3.00,2.25
2012.07.25 02:05:33.167,0.94371,0.94385,2.25,2.25
2012.07.25 02:05:33.703,0.94371,0.94385,2.25,2.25
2012.07.25 02:05:37.371,0.94372,0.94385,2.25,2.25
2012.07.25 02:05:37.886,0.94373,0.94385,2.25,2.25
2012.07.25 02:05:39.044,0.94373,0.94385,2.25,2.25
2012.07.25 02:05:39.714,0.94373,0.94385,2.63,2.25
2012.07.25 02:05:39.949,0.94374,0.94389,2.48,3.69
2012.07.25 02:05:40.187,0.94374,0.94389,4.19,1.50
2012.07.25 02:05:40.846,0.94374,0.94389,4.19,1.50
2012.07.25 02:05:41.427,0.94372,0.94387,6.07,1.50
2012.07.25 02:05:41.951,0.94371,0.94388,3.07,3.75
2012.07.25 02:05:42.598,0.94371,0.94388,3.07,3.75
2012.07.25 02:05:47.539,0.94371,0.94388,3.07,3.75
2012.07.25 02:05:48.774,0.94375,0.94388,2.25,1.50
2012.07.25 02:05:49.125,0.94376,0.94391,1.57,4.50
2012.07.25 02:05:49.641,0.94375,0.94389,2.69,1.50
2012.07.25 02:05:51.869,0.94375,0.94389,2.69,1.50
2012.07.25 02:05:53.945,0.94375,0.94391,3.82,3.00
2012.07.25 02:05:55.813,0.94375,0.9439,2.69,2.25
2012.07.25 02:05:58.387,0.94378,0.94389,2.25,1.50
2012.07.25 02:05:58.625,0.94375,0.94392,2.32,4.50
2012.07.25 02:05:59.152,0.94376,0.94391,1.57,3.75
2012.07.25 02:05:59.215,0.94374,0.94389,3.82,1.50
2012.07.25 02:05:59.278,0.94376,0.94391,1.57,3.75
2012.07.25 02:05:59.755,0.94373,0.94389,5.32,2.25
2012.07.25 02:05:59.875,0.94373,0.94389,5.32,2.25
2012.07.25 02:06:00.225,0.94372,0.94387,3.07,2.25
2012.07.25 02:06:00.691,0.94373,0.94389,5.32,3.00
2012.07.25 02:06:00.754,0.94374,0.94389,1.57,3.00
2012.07.25 02:06:02.506,0.94376,0.94391,1.57,4.50
2012.07.25 02:06:02.683,0.94377,0.94391,2.32,3.00
2012.07.25 02:06:03.345,0.94376,0.94391,2.32,4.50
2012.07.25 02:06:03.416,0.94373,0.94388,2.32,1.50
2012.07.25 02:06:03.941,0.94372,0.94388,1.57,4.50
2012.07.25 02:06:04.295,0.94371,0.94385,2.32,1.50
2012.07.25 02:06:04.359,0.94371,0.94385,1.57,1.50
2012.07.25 02:06:04.652,0.9437,0.94382,3.82,1.50
2012.07.25 02:06:05.002,0.94368,0.94382,2.32,1.50
2012.07.25 02:06:05.526,0.94368,0.94383,1.50,1.50
2012.07.25 02:06:05.704,0.94368,0.94383,3.00,1.50
2012.07.25 02:06:07.854,0.94372,0.94386,1.50,1.44
2012.07.25 02:06:08.091,0.9437,0.94386,2.32,2.25
2012.07.25 02:06:09.017,0.9437,0.94386,2.32,2.25
2012.07.25 02:06:10.939,0.9437,0.94384,2.69,1.50
2012.07.25 02:06:11.292,0.94372,0.94385,2.32,1.50
2012.07.25 02:06:11.436,0.94372,0.94388,2.32,3.75
2012.07.25 02:06:11.671,0.94372,0.94386,2.32,1.50
2012.07.25 02:06:13.682,0.94375,0.94386,2.25,1.50
2012.07.25 02:06:13.808,0.94375,0.94388,2.25,1.50
2012.07.25 02:06:16.271,0.94374,0.94387,2.25,1.50
2012.07.25 02:06:16.777,0.94374,0.94386,2.25,1.50
2012.07.25 02:06:18.709,0.94374,0.94386,2.25,2.25
2012.07.25 02:06:18.831,0.94369,0.94381,2.32,2.25
2012.07.25 02:06:19.432,0.94367,0.94381,1.57,2.25
2012.07.25 02:06:26.189,0.94367,0.94383,3.82,3.23
2012.07.25 02:06:26.708,0.94367,0.94383,3.82,2.25
2012.07.25 02:06:30.347,0.94367,0.94381,2.32,1.50
2012.07.25 02:06:30.412,0.94368,0.94383,1.57,3.00
2012.07.25 02:06:31.353,0.94371,0.94383,2.25,1.50
2012.07.25 02:06:31.416,0.94371,0.94385,2.25,2.63
2012.07.25 02:06:31.479,0.94371,0.94385,2.32,1.88
2012.07.25 02:06:31.885,0.94371,0.94385,2.32,1.88
2012.07.25 02:06:32.233,0.94371,0.94385,2.32,1.88
2012.07.25 02:06:32.411,0.94371,0.94383,2.32,1.88
2012.07.25 02:06:32.766,0.94364,0.94379,4.57,1.50
2012.07.25 02:06:33.120,0.94364,0.94378,3.07,1.50
2012.07.25 02:06:33.709,0.94364,0.94379,4.57,1.50
2012.07.25 02:06:34.610,0.94364,0.94377,2.32,1.50
2012.07.25 02:06:34.731,0.94362,0.94377,2.32,1.50
2012.07.25 02:06:34.851,0.94363,0.94377,2.32,1.50
2012.07.25 02:06:35.211,0.94363,0.94377,2.25,1.50
2012.07.25 02:06:42.357,0.94364,0.94377,2.25,1.50
2012.07.25 02:06:43.821,0.94363,0.94377,2.32,1.50
2012.07.25 02:06:44.345,0.94362,0.94377,1.19,1.50
2012.07.25 02:06:46.173,0.94363,0.94378,2.32,1.50
2012.07.25 02:06:47.087,0.94364,0.94378,3.07,1.50
2012.07.25 02:06:47.380,0.94364,0.9438,4.94,2.25
2012.07.25 02:06:47.730,0.94365,0.9438,1.19,2.25
2012.07.25 02:06:48.800,0.94365,0.9438,2.69,3.75
2012.07.25 02:06:50.171,0.94365,0.9438,2.32,3.75
2012.07.25 02:06:50.697,0.94365,0.9438,3.07,3.75
2012.07.25 02:06:51.731,0.94367,0.94381,1.50,2.63
2012.07.25 02:06:52.251,0.94368,0.94383,1.57,2.63
2012.07.25 02:06:53.031,0.94368,0.94383,1.50,1.50
2012.07.25 02:06:53.523,0.9437,0.94384,1.50,3.75
2012.07.25 02:06:55.430,0.9437,0.94384,1.57,3.38
2012.07.25 02:06:56.027,0.9437,0.94384,1.57,3.00
2012.07.25 02:06:57.570,0.9437,0.94385,1.57,4.13
2012.07.25 02:06:57.926,0.94372,0.94385,1.57,1.50
2012.07.25 02:06:58.165,0.94377,0.94391,1.50,1.13
2012.07.25 02:06:58.692,0.94377,0.94392,1.57,5.10
2012.07.25 02:06:59.795,0.94377,0.94391,1.57,1.50
2012.07.25 02:06:59.976,0.94375,0.94389,2.32,1.50
2012.07.25 02:07:00.040,0.94375,0.94389,1.50,1.50
2012.07.25 02:07:00.509,0.94375,0.94389,3.07,1.50
2012.07.25 02:07:01.373,0.94375,0.94389,3.00,1.50
2012.07.25 02:07:01.897,0.94375,0.94389,2.32,1.50
2012.07.25 02:07:02.421,0.94374,0.94389,1.50,4.88
2012.07.25 02:07:02.775,0.94372,0.94384,2.32,1.50
2012.07.25 02:07:03.126,0.9437,0.94382,2.25,2.25
2012.07.25 02:07:03.478,0.94369,0.9438,2.25,1.50
2012.07.25 02:07:03.600,0.94365,0.9438,2.32,1.50
2012.07.25 02:07:04.123,0.94366,0.94379,2.25,1.88
2012.07.25 02:07:06.674,0.94366,0.94378,2.25,2.63
2012.07.25 02:07:06.796,0.94366,0.94376,2.25,1.13
2012.07.25 02:07:06.917,0.94361,0.94376,3.07,1.88
2012.07.25 02:07:07.097,0.94361,0.94372,2.32,1.50
2012.07.25 02:07:07.219,0.9436,0.94372,3.00,1.50
2012.07.25 02:07:10.326,0.9436,0.94371,2.25,1.50
2012.07.25 02:07:10.508,0.94359,0.94369,2.25,1.50
2012.07.25 02:07:10.631,0.94354,0.94367,3.75,1.50
2012.07.25 02:07:10.867,0.94354,0.94365,2.25,1.88
2012.07.25 02:07:11.103,0.94352,0.94365,2.25,1.88
2012.07.25 02:07:11.910,0.94352,0.94364,2.25,1.50
2012.07.25 02:07:18.209,0.94352,0.94367,2.25,4.44
2012.07.25 02:07:18.442,0.94354,0.94367,2.25,2.94
2012.07.25 02:07:21.476,0.94354,0.94363,2.25,1.50
2012.07.25 02:07:21.783,0.9435,0.94363,2.25,1.50
2012.07.25 02:07:22.312,0.94351,0.94364,2.25,1.50
2012.07.25 02:07:22.547,0.9435,0.94363,2.25,2.94
2012.07.25 02:07:22.612,0.94347,0.94361,2.25,2.94
2012.07.25 02:07:22.733,0.94345,0.94359,3.00,1.88
2012.07.25 02:07:23.145,0.94347,0.9436,1.50,1.50
2012.07.25 02:07:23.380,0.94347,0.94362,1.50,2.19
2012.07.25 02:07:23.949,0.94348,0.94362,2.25,2.19
2012.07.25 02:07:24.725,0.94347,0.94362,1.50,7.44
2012.07.25 02:07:25.081,0.94343,0.94356,2.25,1.50
2012.07.25 02:07:28.268,0.94343,0.94359,2.25,5.94
2012.07.25 02:07:33.308,0.94343,0.94359,2.25,5.57
2012.07.25 02:07:33.429,0.94345,0.94359,1.50,4.07
2012.07.25 02:07:33.783,0.94347,0.9436,2.25,1.88
2012.07.25 02:07:33.848,0.94348,0.94362,1.50,2.25
2012.07.25 02:07:35.590,0.94347,0.94362,3.75,3.00
2012.07.25 02:07:36.140,0.94347,0.94362,1.50,3.69
2012.07.25 02:07:36.662,0.94347,0.94361,1.50,1.44
2012.07.25 02:07:37.269,0.94348,0.94362,2.25,2.25
2012.07.25 02:07:38.994,0.94347,0.94362,3.75,2.94
2012.07.25 02:07:40.622,0.94347,0.94359,2.25,1.07
2012.07.25 02:07:40.800,0.94345,0.94359,2.25,1.82
2012.07.25 02:07:41.381,0.94345,0.94359,2.25,3.32
2012.07.25 02:07:41.444,0.94342,0.94359,4.50,3.32
2012.07.25 02:07:41.993,0.94342,0.94358,3.75,1.82
2012.07.25 02:07:42.515,0.94341,0.94357,3.00,1.88
2012.07.25 02:07:43.063,0.94343,0.94358,1.50,3.32
2012.07.25 02:07:43.636,0.94341,0.94356,6.00,1.50
2012.07.25 02:07:46.291,0.94343,0.94356,2.25,1.50
2012.07.25 02:07:46.829,0.94343,0.94358,3.75,4.44
2012.07.25 02:07:52.583,0.94342,0.94356,2.25,1.50
2012.07.25 02:07:52.939,0.94339,0.9435,2.25,1.50
2012.07.25 02:07:53.125,0.94334,0.94348,2.32,1.50
2012.07.25 02:07:53.665,0.94334,0.94347,2.25,1.88
2012.07.25 02:07:54.119,0.94332,0.94346,2.25,1.88
2012.07.25 02:07:56.880,0.94333,0.94346,2.25,1.13
2012.07.25 02:08:00.938,0.94334,0.94347,2.25,1.44
2012.07.25 02:08:01.443,0.94333,0.94347,3.75,1.44
2012.07.25 02:08:02.131,0.94333,0.94346,3.75,1.44
2012.07.25 02:08:02.364,0.94335,0.94348,2.25,3.69
2012.07.25 02:08:07.110,0.94335,0.94348,2.25,2.94
2012.07.25 02:08:07.637,0.94336,0.94348,2.25,1.50
2012.07.25 02:08:07.870,0.94334,0.94348,3.75,1.50
2012.07.25 02:08:08.837,0.94334,0.94349,3.75,2.25
2012.07.25 02:08:09.976,0.94334,0.94348,3.75,3.00
2012.07.25 02:08:10.509,0.94331,0.94346,1.57,4.88
2012.07.25 02:08:11.040,0.94331,0.94345,1.57,1.13
2012.07.25 02:08:15.457,0.94335,0.94346,2.25,2.25
2012.07.25 02:08:15.634,0.94335,0.94348,2.25,1.13
2012.07.25 02:08:16.615,0.94335,0.94349,2.25,3.32
2012.07.25 02:08:17.557,0.94335,0.94349,2.25,2.94
2012.07.25 02:08:17.620,0.94338,0.94349,2.25,2.94
2012.07.25 02:08:18.319,0.94335,0.94349,3.00,2.19
2012.07.25 02:08:18.840,0.94336,0.94351,3.75,2.19
2012.07.25 02:08:18.903,0.94336,0.94351,3.75,2.19
2012.07.25 02:08:19.139,0.94336,0.94353,6.38,2.19
2012.07.25 02:08:19.661,0.94339,0.94353,3.00,2.19
2012.07.25 02:08:20.526,0.94339,0.94353,3.00,2.19
2012.07.25 02:08:20.963,0.94344,0.94354,2.25,2.19
2012.07.25 02:08:21.026,0.94341,0.94354,1.50,1.44
2012.07.25 02:08:21.565,0.9434,0.94354,2.25,2.94
2012.07.25 02:08:23.511,0.9434,0.94352,2.25,2.19
2012.07.25 02:08:24.025,0.94339,0.9435,2.25,1.07
2012.07.25 02:08:25.783,0.94339,0.94353,2.25,5.19
2012.07.25 02:08:28.902,0.94339,0.94348,2.25,1.50
2012.07.25 02:08:29.196,0.9433,0.94346,5.92,1.50
2012.07.25 02:08:29.261,0.9433,0.94344,2.32,2.10
2012.07.25 02:08:29.325,0.9433,0.94344,2.32,2.10
2012.07.25 02:08:29.623,0.94333,0.94343,2.25,1.50
2012.07.25 02:08:29.745,0.94333,0.94345,2.25,1.50
2012.07.25 02:08:31.010,0.94328,0.94344,4.57,1.13
2012.07.25 02:08:31.073,0.94328,0.94343,3.07,1.88
2012.07.25 02:08:31.539,0.94328,0.94342,3.07,1.13
2012.07.25 02:08:31.875,0.94328,0.94338,3.00,1.50
2012.07.25 02:08:32.053,0.94328,0.94341,3.00,2.25
2012.07.25 02:08:34.231,0.94326,0.94341,2.32,1.88
2012.07.25 02:08:34.350,0.94326,0.94341,2.32,2.48
2012.07.25 02:08:34.869,0.94327,0.94339,2.25,1.73
2012.07.25 02:08:37.016,0.94329,0.9434,2.25,1.88
2012.07.25 02:08:37.532,0.94329,0.94342,2.25,2.57
2012.07.25 02:08:39.336,0.94327,0.9434,2.25,2.94
2012.07.25 02:08:40.408,0.94325,0.9434,3.75,3.54
2012.07.25 02:08:40.756,0.94325,0.94336,2.25,1.50
2012.07.25 02:08:41.050,0.94322,0.94336,2.25,1.50
2012.07.25 02:08:42.514,0.94328,0.94336,2.25,1.50
2012.07.25 02:08:42.577,0.94328,0.94339,2.25,2.25
2012.07.25 02:08:43.100,0.94328,0.9434,2.25,1.44
2012.07.25 02:08:43.278,0.9433,0.94341,2.25,1.50
2012.07.25 02:08:43.341,0.9433,0.94342,2.25,2.57
2012.07.25 02:08:43.864,0.9433,0.94342,2.25,2.94
2012.07.25 02:08:44.409,0.9433,0.94341,2.25,2.94
2012.07.25 02:08:46.599,0.9433,0.94343,2.25,2.94
2012.07.25 02:08:47.118,0.94327,0.94341,2.25,1.44
2012.07.25 02:08:47.356,0.94329,0.94341,2.25,2.25
2012.07.25 02:08:47.884,0.94328,0.94341,2.25,2.94
2012.07.25 02:08:48.752,0.94328,0.94341,2.25,2.94
2012.07.25 02:08:49.360,0.94328,0.94341,2.25,2.19
2012.07.25 02:08:50.207,0.94328,0.94341,2.25,2.19
2012.07.25 02:08:53.323,0.94328,0.94341,2.25,2.19
2012.07.25 02:08:56.844,0.94328,0.94338,2.25,1.50
2012.07.25 02:09:02.255,0.94328,0.94339,2.25,2.19
2012.07.25 02:09:02.318,0.94323,0.94337,3.00,1.44
2012.07.25 02:09:02.882,0.94322,0.94335,2.25,1.50
2012.07.25 02:09:05.062,0.94322,0.94336,2.25,2.25
2012.07.25 02:09:05.613,0.94323,0.94337,2.25,2.25
2012.07.25 02:09:11.778,0.94322,0.94337,3.75,1.44
2012.07.25 02:09:14.485,0.94324,0.94337,1.50,1.44
2012.07.25 02:09:15.562,0.94325,0.94339,1.50,2.57
2012.07.25 02:09:16.142,0.94324,0.94339,3.00,1.82
2012.07.25 02:09:17.162,0.94326,0.94339,1.50,1.13
2012.07.25 02:09:17.516,0.94329,0.9434,3.00,1.13
2012.07.25 02:09:17.696,0.94329,0.94342,4.50,1.13
2012.07.25 02:09:17.817,0.94331,0.94342,2.25,1.13
2012.07.25 02:09:18.338,0.9433,0.94344,2.25,2.25
2012.07.25 02:09:21.448,0.94332,0.94346,2.25,1.13
2012.07.25 02:09:21.568,0.94332,0.94346,2.25,1.13
2012.07.25 02:09:23.279,0.9433,0.94345,3.75,1.13
2012.07.25 02:09:23.940,0.94329,0.94345,6.00,1.13
2012.07.25 02:09:26.090,0.9433,0.94345,1.88,1.13
2012.07.25 02:09:26.327,0.94333,0.94345,2.25,1.13
2012.07.25 02:09:26.678,0.94336,0.9435,3.75,1.13
2012.07.25 02:09:26.742,0.94336,0.9435,4.50,1.13
2012.07.25 02:09:27.264,0.94337,0.9435,2.25,2.25
2012.07.25 02:09:31.152,0.94337,0.94349,2.25,1.44
2012.07.25 02:09:31.215,0.94332,0.94349,3.75,4.44
2012.07.25 02:09:31.277,0.94332,0.94346,3.75,1.50
2012.07.25 02:09:31.453,0.94332,0.94346,2.25,1.50
2012.07.25 02:09:31.686,0.94332,0.94345,2.25,2.19
2012.07.25 02:09:32.064,0.94332,0.94344,2.25,2.94
2012.07.25 02:09:32.133,0.94328,0.94342,2.25,2.25
2012.07.25 02:09:37.541,0.94328,0.94341,2.25,1.44
2012.07.25 02:09:37.605,0.94326,0.9434,3.00,2.19
2012.07.25 02:09:37.783,0.94324,0.94339,1.50,2.94
2012.07.25 02:09:38.301,0.94323,0.94337,3.75,1.44
2012.07.25 02:09:43.078,0.94323,0.94338,2.25,1.44
2012.07.25 02:09:55.720,0.94323,0.94337,2.25,2.94
2012.07.25 02:09:56.237,0.94321,0.94337,3.00,2.94
2012.07.25 02:09:58.126,0.94321,0.94337,3.00,3.69
2012.07.25 02:09:58.663,0.94321,0.94335,3.00,1.50
2012.07.25 02:10:03.555,0.94321,0.94335,2.25,3.00
2012.07.25 02:10:03.902,0.94321,0.94332,2.25,2.19
2012.07.25 02:10:04.022,0.94319,0.94331,2.25,1.50
2012.07.25 02:10:04.203,0.94317,0.94331,2.25,2.19
2012.07.25 02:10:04.324,0.94313,0.9433,4.13,2.94
2012.07.25 02:10:04.388,0.94313,0.94327,2.63,1.50
2012.07.25 02:10:04.967,0.94312,0.94327,3.00,1.50
2012.07.25 02:10:05.878,0.94312,0.94326,2.25,1.50
2012.07.25 02:10:06.341,0.94312,0.94325,2.25,2.19
2012.07.25 02:10:06.864,0.94311,0.94325,2.25,2.19
2012.07.25 02:10:07.394,0.94311,0.94325,2.25,2.19
2012.07.25 02:10:07.942,0.94311,0.94324,2.25,2.94
2012.07.25 02:10:09.802,0.94309,0.94324,2.25,2.25
2012.07.25 02:10:12.254,0.9431,0.94324,2.25,3.00
2012.07.25 02:10:13.310,0.9431,0.94326,2.25,1.44
2012.07.25 02:10:13.773,0.94314,0.94328,1.50,3.69
2012.07.25 02:10:13.894,0.94315,0.94329,2.25,1.13
2012.07.25 02:10:14.416,0.94315,0.94331,3.82,4.82
2012.07.25 02:10:23.572,0.94316,0.94332,2.25,2.19
2012.07.25 02:10:24.181,0.94316,0.94332,2.25,1.44
2012.07.25 02:10:24.711,0.94317,0.94332,2.25,1.50
2012.07.25 02:10:26.534,0.94317,0.94332,2.32,1.50
2012.07.25 02:10:26.768,0.94317,0.94332,3.00,1.50
2012.07.25 02:10:27.061,0.94317,0.94334,5.32,3.60
2012.07.25 02:10:27.123,0.94317,0.94332,3.75,1.50
2012.07.25 02:10:30.663,0.94317,0.9433,3.00,1.50
2012.07.25 02:10:32.602,0.94317,0.94332,2.25,3.38
2012.07.25 02:10:33.125,0.94318,0.94333,3.75,1.44
2012.07.25 02:10:41.622,0.94319,0.94332,2.25,1.13
2012.07.25 02:10:41.803,0.9432,0.94334,3.07,2.25
2012.07.25 02:10:41.868,0.94324,0.94336,2.25,1.73
2012.07.25 02:10:42.411,0.94325,0.94339,2.25,1.50
2012.07.25 02:10:42.924,0.94324,0.94338,2.25,1.50
2012.07.25 02:10:43.453,0.94325,0.94338,2.25,1.50
2012.07.25 02:10:45.665,0.94326,0.94338,2.25,1.50
2012.07.25 02:10:45.785,0.94326,0.9434,2.25,1.44
2012.07.25 02:10:46.135,0.94328,0.9434,2.25,1.44
2012.07.25 02:10:46.907,0.94328,0.94343,3.00,1.44
2012.07.25 02:10:51.395,0.94326,0.9434,3.75,1.50
2012.07.25 02:10:51.919,0.94327,0.9434,2.25,2.19
2012.07.25 02:10:52.703,0.94327,0.94341,2.25,1.44
2012.07.25 02:10:53.225,0.94327,0.94341,2.25,1.44
2012.07.25 02:10:54.822,0.94326,0.94341,2.25,2.94
2012.07.25 02:10:55.487,0.94326,0.94339,2.25,1.50
2012.07.25 02:10:58.648,0.94326,0.9434,2.25,2.19
2012.07.25 02:10:59.549,0.94328,0.9434,2.25,1.50
2012.07.25 02:10:59.671,0.94328,0.94342,2.25,2.94
2012.07.25 02:11:00.191,0.94329,0.94343,3.00,1.82
2012.07.25 02:11:01.085,0.94329,0.94341,2.25,1.50
2012.07.25 02:11:01.321,0.94326,0.94341,4.50,1.50
2012.07.25 02:11:01.556,0.94329,0.94341,2.25,2.19
2012.07.25 02:11:02.361,0.94329,0.94343,2.25,1.44
2012.07.25 02:11:05.056,0.94329,0.94343,2.25,1.13
2012.07.25 02:11:05.464,0.94328,0.94345,4.57,1.82
2012.07.25 02:11:05.528,0.94328,0.94345,4.57,1.13
2012.07.25 02:11:05.880,0.94333,0.94348,3.75,2.42
2012.07.25 02:11:05.943,0.94333,0.94348,3.75,1.67
2012.07.25 02:11:06.238,0.9433,0.94345,3.07,2.25
2012.07.25 02:11:06.301,0.9433,0.94345,2.25,2.94
2012.07.25 02:11:06.850,0.94329,0.94344,2.25,2.25
2012.07.25 02:11:08.417,0.94329,0.94343,3.00,1.50
2012.07.25 02:11:08.784,0.94329,0.94341,2.25,1.50
2012.07.25 02:11:09.250,0.94329,0.94344,2.25,3.69
2012.07.25 02:11:10.200,0.94331,0.94344,2.25,3.69
2012.07.25 02:11:16.103,0.94331,0.94345,2.25,1.07
2012.07.25 02:11:17.041,0.94332,0.94347,2.25,3.00
2012.07.25 02:11:17.616,0.94332,0.94347,2.25,1.88
2012.07.25 02:11:18.723,0.94331,0.94347,3.82,4.13
2012.07.25 02:11:20.108,0.94331,0.94347,4.50,5.19
2012.07.25 02:11:20.813,0.94331,0.94347,4.50,5.19
2012.07.25 02:11:21.324,0.94331,0.94347,4.50,4.50
2012.07.25 02:11:21.938,0.94331,0.94347,4.50,4.50
2012.07.25 02:11:26.263,0.94331,0.94347,6.00,3.75
2012.07.25 02:11:26.827,0.94331,0.94347,6.00,4.44
2012.07.25 02:11:28.161,0.94331,0.94346,1.50,2.19
2012.07.25 02:11:32.233,0.9433,0.94344,3.00,1.50
2012.07.25 02:11:32.954,0.9433,0.94344,3.00,1.50
2012.07.25 02:11:34.253,0.9433,0.94346,3.00,3.32
2012.07.25 02:11:35.639,0.9433,0.94346,3.00,3.32
2012.07.25 02:11:36.097,0.9433,0.94346,3.00,3.32
2012.07.25 02:11:36.599,0.9433,0.94346,3.00,3.32
2012.07.25 02:11:38.362,0.9433,0.94346,3.00,2.94
2012.07.25 02:11:39.132,0.9433,0.94344,3.00,2.19
2012.07.25 02:11:39.252,0.9433,0.94344,3.00,2.19
2012.07.25 02:11:39.846,0.9433,0.94344,3.00,2.19
2012.07.25 02:11:46.045,0.94331,0.94344,2.25,2.19
2012.07.25 02:11:46.222,0.94329,0.94342,3.00,1.50
2012.07.25 02:11:46.288,0.94329,0.94344,3.00,2.19
2012.07.25 02:11:46.833,0.9433,0.94343,2.25,1.50
2012.07.25 02:11:50.949,0.9433,0.94346,2.25,3.69
2012.07.25 02:11:53.906,0.9433,0.94343,2.25,1.50
2012.07.25 02:11:56.681,0.94329,0.94343,3.07,1.50
2012.07.25 02:12:04.837,0.94329,0.94346,3.00,5.19
2012.07.25 02:12:05.509,0.94329,0.94343,3.00,1.50
2012.07.25 02:12:06.095,0.94328,0.94341,3.00,1.50
2012.07.25 02:12:10.459,0.94328,0.94341,2.25,1.50
2012.07.25 02:12:15.259,0.94328,0.9434,2.25,1.50
2012.07.25 02:12:19.519,0.94326,0.9434,3.75,2.19
2012.07.25 02:12:20.041,0.94327,0.94341,3.00,1.50
2012.07.25 02:12:21.298,0.94326,0.9434,3.75,1.50
2012.07.25 02:12:22.224,0.94326,0.94342,3.75,2.94
2012.07.25 02:12:26.153,0.94328,0.94343,2.25,2.19
2012.07.25 02:12:26.328,0.94328,0.94344,2.25,5.57
2012.07.25 02:12:26.873,0.94328,0.94344,3.00,4.44
2012.07.25 02:12:29.614,0.94329,0.94344,1.13,2.25
2012.07.25 02:12:30.350,0.94328,0.94341,3.00,1.50
2012.07.25 02:12:30.709,0.94328,0.94344,3.00,4.50
2012.07.25 02:12:42.700,0.94329,0.94344,1.13,4.44
2012.07.25 02:12:46.267,0.94329,0.94344,2.63,2.94
2012.07.25 02:12:46.503,0.94331,0.94347,1.94,4.13
2012.07.25 02:12:47.025,0.94332,0.94348,1.57,1.07
2012.07.25 02:12:47.317,0.94333,0.94349,1.50,4.67
2012.07.25 02:12:50.085,0.94331,0.94347,4.94,1.50
2012.07.25 02:12:54.238,0.9433,0.94346,4.19,1.50
2012.07.25 02:12:55.313,0.9433,0.94343,3.82,1.50
2012.07.25 02:12:55.833,0.9433,0.94342,2.25,1.50
2012.07.25 02:12:56.821,0.9433,0.94342,3.00,1.50
2012.07.25 02:12:56.884,0.9433,0.94346,3.75,1.50
2012.07.25 02:12:57.121,0.94334,0.94348,1.35,5.19
2012.07.25 02:12:57.414,0.94334,0.9435,2.25,3.69
2012.07.25 02:12:57.933,0.94333,0.94348,1.88,1.50
2012.07.25 02:12:57.996,0.94332,0.94348,3.75,1.50
2012.07.25 02:13:01.870,0.94331,0.94346,1.50,1.50
2012.07.25 02:13:02.519,0.9433,0.94346,2.32,1.50
2012.07.25 02:13:05.969,0.9433,0.94346,1.57,1.50
2012.07.25 02:13:06.086,0.9433,0.94346,1.57,1.50
2012.07.25 02:13:08.340,0.9433,0.94346,1.94,1.50
2012.07.25 02:13:18.812,0.9433,0.94346,2.25,1.50
2012.07.25 02:13:19.679,0.9433,0.94346,2.25,1.50
2012.07.25 02:13:20.906,0.94329,0.94345,2.32,1.50
2012.07.25 02:13:21.250,0.94332,0.94345,2.25,1.50
2012.07.25 02:13:21.829,0.94333,0.94345,2.25,1.50
2012.07.25 02:13:22.348,0.94333,0.94346,2.25,1.50
2012.07.25 02:13:23.149,0.94334,0.94346,2.25,1.50
2012.07.25 02:13:23.688,0.94333,0.94346,2.25,1.50
2012.07.25 02:13:31.171,0.94331,0.94346,3.44,2.25
2012.07.25 02:13:31.493,0.94331,0.94344,1.19,1.50
2012.07.25 02:13:37.599,0.94332,0.94344,1.19,1.50
2012.07.25 02:13:37.661,0.94333,0.94347,2.32,1.50
2012.07.25 02:13:37.724,0.94333,0.94348,2.32,2.25
2012.07.25 02:13:38.076,0.9434,0.94353,2.25,2.63
2012.07.25 02:13:38.139,0.94337,0.94353,4.57,1.50
2012.07.25 02:13:38.436,0.94338,0.94355,3.82,4.50
2012.07.25 02:13:38.498,0.94338,0.94352,3.82,1.50
2012.07.25 02:13:38.619,0.94339,0.94354,2.25,1.50
2012.07.25 02:13:39.202,0.94338,0.94355,1.57,1.50
2012.07.25 02:13:44.173,0.9434,0.94356,1.57,2.25
2012.07.25 02:13:44.291,0.94342,0.94356,2.25,2.25
2012.07.25 02:13:46.134,0.94339,0.94354,1.19,1.50
2012.07.25 02:13:46.496,0.9434,0.94356,2.69,1.88
2012.07.25 02:13:48.990,0.9434,0.94354,3.07,1.50
2012.07.25 02:13:49.053,0.9434,0.94354,3.00,2.19
2012.07.25 02:13:49.464,0.94342,0.94357,1.57,1.88
2012.07.25 02:13:51.307,0.94341,0.94357,2.32,3.38
2012.07.25 02:13:51.427,0.94338,0.94355,2.32,5.25
2012.07.25 02:13:51.548,0.94337,0.94352,3.44,1.50
2012.07.25 02:13:52.480,0.9434,0.94354,2.32,1.13
2012.07.25 02:13:53.003,0.94341,0.94355,2.25,1.13
2012.07.25 02:13:53.609,0.94338,0.94354,5.32,4.88
2012.07.25 02:13:54.177,0.94338,0.94354,3.82,4.88
2012.07.25 02:13:56.183,0.94338,0.94353,2.25,2.94
2012.07.25 02:13:56.363,0.94337,0.94348,2.25,1.50
2012.07.25 02:13:56.655,0.94333,0.94348,3.07,1.50
2012.07.25 02:13:57.186,0.94331,0.94347,1.19,1.50
2012.07.25 02:14:05.170,0.94332,0.94348,3.00,4.88
2012.07.25 02:14:05.517,0.94334,0.94348,4.13,1.13
2012.07.25 02:14:07.065,0.94332,0.94349,3.00,2.94
2012.07.25 02:14:07.978,0.94335,0.94348,2.25,2.25
2012.07.25 02:14:08.048,0.94337,0.94351,3.75,1.13
2012.07.25 02:14:08.227,0.94337,0.94353,3.75,4.82
2012.07.25 02:14:08.729,0.94337,0.94352,2.25,1.50
2012.07.25 02:14:10.947,0.94337,0.94352,3.00,2.25
2012.07.25 02:14:11.449,0.94338,0.94353,1.50,3.32
2012.07.25 02:14:14.109,0.94338,0.94353,1.50,2.19
2012.07.25 02:14:14.634,0.94339,0.94353,1.50,2.19
2012.07.25 02:14:15.150,0.9434,0.94353,2.25,1.50
2012.07.25 02:14:15.754,0.9434,0.94353,3.75,1.50
2012.07.25 02:14:16.775,0.9434,0.94353,2.25,1.50
2012.07.25 02:14:17.268,0.9434,0.94353,4.57,1.50
2012.07.25 02:14:17.790,0.94341,0.94353,2.69,1.50
2012.07.25 02:14:21.279,0.94342,0.94353,2.32,1.50
2012.07.25 02:14:21.792,0.94342,0.94353,2.25,1.50
2012.07.25 02:14:25.607,0.94342,0.94356,1.88,1.88
2012.07.25 02:14:27.790,0.94341,0.94356,3.82,3.38
2012.07.25 02:14:27.853,0.94341,0.94356,2.32,3.38
2012.07.25 02:14:28.372,0.9434,0.94354,1.88,1.50
2012.07.25 02:14:31.795,0.9434,0.94353,1.88,1.50
2012.07.25 02:14:34.566,0.9434,0.94353,2.25,1.50
2012.07.25 02:14:35.089,0.94338,0.94351,1.50,2.25
2012.07.25 02:14:35.211,0.94338,0.9435,1.50,1.44
2012.07.25 02:14:35.447,0.94333,0.9435,5.63,1.44
2012.07.25 02:14:36.221,0.94333,0.94348,1.50,2.94
2012.07.25 02:14:37.191,0.94332,0.94348,5.69,2.94
2012.07.25 02:14:39.830,0.94332,0.94348,2.32,2.25
2012.07.25 02:14:42.398,0.94331,0.94347,4.87,1.50
2012.07.25 02:14:42.990,0.94334,0.9435,1.50,6.32
2012.07.25 02:14:43.831,0.94334,0.9435,1.88,5.57
2012.07.25 02:14:46.689,0.94334,0.9435,2.69,1.44
2012.07.25 02:14:50.839,0.94333,0.94348,4.13,1.44
2012.07.25 02:14:51.373,0.94334,0.9435,2.25,3.69
2012.07.25 02:14:51.891,0.94337,0.9435,1.50,1.44
2012.07.25 02:14:52.070,0.94337,0.94351,1.50,2.19
2012.07.25 02:14:52.363,0.9434,0.94351,1.50,1.50
2012.07.25 02:14:52.827,0.94338,0.9435,5.63,1.50
2012.07.25 02:14:53.347,0.94336,0.94351,6.07,1.50
2012.07.25 02:14:58.637,0.94336,0.94352,4.50,5.94
2012.07.25 02:15:00.139,0.94337,0.94352,1.13,5.25
2012.07.25 02:15:00.699,0.94337,0.94352,1.13,5.25
2012.07.25 02:15:01.568,0.94336,0.94352,5.25,5.25
2012.07.25 02:15:02.389,0.94336,0.94352,4.88,5.25
2012.07.25 02:15:03.767,0.94336,0.94352,4.50,5.25
2012.07.25 02:15:04.315,0.94337,0.94352,2.32,1.50
2012.07.25 02:15:04.378,0.9434,0.94352,1.57,1.50
2012.07.25 02:15:04.672,0.94343,0.94355,2.25,1.13
2012.07.25 02:15:04.908,0.94344,0.94359,3.75,1.44
2012.07.25 02:15:07.679,0.94342,0.94358,2.32,1.44
2012.07.25 02:15:11.700,0.94342,0.94358,3.07,1.44
2012.07.25 02:15:13.462,0.94344,0.94358,1.50,1.44
2012.07.25 02:15:13.814,0.94349,0.94363,2.32,1.13
2012.07.25 02:15:13.937,0.9435,0.94363,2.25,1.13
2012.07.25 02:15:14.352,0.9435,0.94365,2.25,1.82
2012.07.25 02:15:14.584,0.94352,0.94365,2.25,1.82
2012.07.25 02:15:15.107,0.94352,0.94367,3.75,1.13
2012.07.25 02:15:16.476,0.94353,0.94367,2.25,1.13
2012.07.25 02:15:16.994,0.94352,0.94367,2.25,2.63
2012.07.25 02:15:17.511,0.94351,0.94367,2.63,5.63
2012.07.25 02:15:32.275,0.94352,0.94367,1.50,3.38
2012.07.25 02:15:32.625,0.94354,0.9437,1.50,3.75
2012.07.25 02:15:32.920,0.94355,0.94372,4.94,4.07
2012.07.25 02:15:33.278,0.9436,0.94375,1.50,3.92
2012.07.25 02:15:33.516,0.94359,0.94375,2.32,3.92
2012.07.25 02:15:34.139,0.94359,0.94375,2.32,1.88
2012.07.25 02:15:34.675,0.94359,0.94376,3.82,2.57
2012.07.25 02:15:38.816,0.94359,0.94374,2.25,1.50
2012.07.25 02:15:39.718,0.94359,0.94372,2.25,1.50
2012.07.25 02:15:40.135,0.9436,0.94374,2.25,1.88
2012.07.25 02:15:41.622,0.9436,0.94373,2.25,1.13
2012.07.25 02:15:41.742,0.94362,0.94373,2.25,1.13
2012.07.25 02:15:41.806,0.94362,0.94376,2.25,2.63
2012.07.25 02:15:41.984,0.94358,0.94374,5.32,1.50
2012.07.25 02:15:42.905,0.94359,0.94375,4.50,2.63
2012.07.25 02:15:46.329,0.94359,0.94377,6.07,3.75
2012.07.25 02:15:46.622,0.9436,0.94377,2.32,2.94
2012.07.25 02:15:46.856,0.94363,0.94377,2.25,2.94
2012.07.25 02:15:47.392,0.94362,0.94378,2.32,4.07
2012.07.25 02:15:49.080,0.94358,0.94374,3.82,1.50
2012.07.25 02:15:49.144,0.94358,0.94374,3.82,1.50
2012.07.25 02:15:49.321,0.94359,0.94376,1.50,2.94
2012.07.25 02:15:49.840,0.94359,0.94376,1.57,1.82
2012.07.25 02:15:50.434,0.94359,0.94376,1.50,1.82
2012.07.25 02:15:51.094,0.94359,0.94376,1.50,2.19
2012.07.25 02:15:51.395,0.94359,0.94373,1.50,2.25
2012.07.25 02:15:52.113,0.94358,0.94374,3.75,4.82
2012.07.25 02:15:57.120,0.94358,0.94374,4.13,4.44
2012.07.25 02:15:57.746,0.9436,0.94374,1.50,2.94
2012.07.25 02:15:59.969,0.9436,0.94376,1.50,5.94
2012.07.25 02:16:00.317,0.94362,0.94377,1.50,2.19
2012.07.25 02:16:00.728,0.94365,0.94382,3.82,2.85
2012.07.25 02:16:00.849,0.94365,0.94382,3.82,2.85
2012.07.25 02:16:01.369,0.94366,0.94382,2.32,2.04
2012.07.25 02:16:02.248,0.94365,0.94381,2.25,1.88
2012.07.25 02:16:02.964,0.94365,0.94381,2.69,1.50
2012.07.25 02:16:05.196,0.94365,0.94381,3.82,1.50
2012.07.25 02:16:05.769,0.94367,0.94382,2.25,1.73
2012.07.25 02:16:06.732,0.94367,0.94382,2.25,3.23
2012.07.25 02:16:06.911,0.94365,0.94379,1.50,3.69
2012.07.25 02:16:07.416,0.94362,0.94379,3.07,4.44
2012.07.25 02:16:09.223,0.94362,0.94379,2.25,3.00
2012.07.25 02:16:12.168,0.94362,0.9438,5.25,5.94
2012.07.25 02:16:12.681,0.94363,0.9438,1.19,3.75
2012.07.25 02:16:12.744,0.94367,0.94381,2.25,3.32
2012.07.25 02:16:13.266,0.94367,0.94382,2.25,1.13
2012.07.25 02:16:13.386,0.94364,0.94382,6.44,4.88
2012.07.25 02:16:13.565,0.94365,0.94381,2.25,2.19
2012.07.25 02:16:13.915,0.94362,0.94378,4.88,2.94
2012.07.25 02:16:15.401,0.94362,0.94378,4.88,2.94
2012.07.25 02:16:16.020,0.94362,0.94378,2.63,2.94
2012.07.25 02:16:16.535,0.94362,0.94378,2.25,3.69
2012.07.25 02:16:17.347,0.94365,0.94379,1.50,2.94
2012.07.25 02:16:21.086,0.94365,0.9438,1.50,3.32
2012.07.25 02:16:21.323,0.94367,0.94383,5.25,1.07
2012.07.25 02:16:21.788,0.9437,0.94386,1.50,4.44
2012.07.25 02:16:22.321,0.94371,0.94386,1.50,1.82
2012.07.25 02:16:22.987,0.94371,0.94386,1.50,1.07
2012.07.25 02:16:23.338,0.94375,0.94389,1.50,1.13
2012.07.25 02:16:24.319,0.94372,0.9439,5.32,5.85
2012.07.25 02:16:24.672,0.94374,0.9439,1.94,3.98
2012.07.25 02:16:24.850,0.94374,0.9439,1.94,1.82
2012.07.25 02:16:25.029,0.94374,0.94389,1.94,2.63
2012.07.25 02:16:25.320,0.94374,0.9439,1.88,1.13
2012.07.25 02:16:25.844,0.94374,0.9439,2.69,4.07
2012.07.25 02:16:26.384,0.94377,0.94392,1.50,3.38
2012.07.25 02:16:26.965,0.94375,0.94391,3.07,1.88
2012.07.25 02:16:27.317,0.94378,0.94392,2.32,1.13
2012.07.25 02:16:27.862,0.94376,0.94393,3.07,3.23
2012.07.25 02:16:28.832,0.94376,0.94393,3.07,3.23
2012.07.25 02:16:29.550,0.94377,0.94393,1.57,3.23
2012.07.25 02:16:29.671,0.9438,0.94393,1.13,3.23
2012.07.25 02:16:30.025,0.94386,0.94397,2.25,2.63
2012.07.25 02:16:30.260,0.94386,0.944,2.25,2.48
2012.07.25 02:16:30.847,0.94385,0.94399,1.50,1.13
2012.07.25 02:16:31.198,0.94383,0.94397,2.32,1.50
2012.07.25 02:16:31.728,0.94382,0.94399,3.07,3.32
2012.07.25 02:16:32.259,0.94382,0.94399,2.32,3.32
2012.07.25 02:16:33.345,0.94382,0.94399,3.07,3.32
2012.07.25 02:16:33.870,0.94384,0.94399,1.50,1.13
2012.07.25 02:16:35.217,0.94384,0.94399,2.25,1.07
2012.07.25 02:16:35.574,0.94384,0.94397,1.50,2.25
2012.07.25 02:16:36.092,0.94384,0.94398,1.50,3.32
2012.07.25 02:16:39.288,0.94386,0.94398,1.50,3.32
2012.07.25 02:16:40.324,0.94384,0.94401,3.75,3.32
2012.07.25 02:16:40.876,0.94383,0.94399,3.07,1.88
2012.07.25 02:16:41.701,0.94383,0.94399,3.38,1.88
2012.07.25 02:16:42.219,0.94385,0.944,2.25,1.07
2012.07.25 02:16:42.738,0.94383,0.944,6.07,1.07
2012.07.25 02:16:43.241,0.94383,0.94399,5.25,1.13
2012.07.25 02:16:43.785,0.94383,0.94398,1.88,4.13
2012.07.25 02:16:44.313,0.94384,0.94398,2.25,1.88
2012.07.25 02:16:44.571,0.94384,0.94399,5.25,1.13
2012.07.25 02:16:45.092,0.94385,0.94399,1.57,1.13
2012.07.25 02:16:45.613,0.94383,0.94397,3.07,2.25
2012.07.25 02:16:46.192,0.94384,0.94399,1.88,1.82
2012.07.25 02:16:46.843,0.94384,0.94399,1.88,1.82
2012.07.25 02:16:49.549,0.94386,0.94399,1.50,1.13
2012.07.25 02:16:49.781,0.94383,0.944,3.82,2.63
2012.07.25 02:16:50.965,0.94383,0.94399,1.57,1.88
2012.07.25 02:16:52.879,0.94382,0.94399,1.57,4.88
2012.07.25 02:16:53.727,0.94384,0.94399,2.25,1.13
2012.07.25 02:16:56.712,0.94381,0.94398,4.19,2.25
2012.07.25 02:16:57.442,0.94381,0.94398,4.19,2.25
2012.07.25 02:16:57.613,0.94382,0.94398,1.13,2.94
2012.07.25 02:16:57.735,0.94381,0.94394,1.88,2.25
2012.07.25 02:16:58.468,0.9438,0.94395,1.19,3.75
2012.07.25 02:16:59.621,0.94379,0.94395,1.88,3.75
2012.07.25 02:17:00.710,0.9438,0.94396,1.57,5.25
2012.07.25 02:17:01.338,0.9438,0.94396,3.07,3.75
2012.07.25 02:17:01.873,0.9438,0.94396,3.07,3.75
2012.07.25 02:17:06.162,0.9438,0.94395,3.07,2.25
2012.07.25 02:17:07.049,0.94382,0.94397,2.25,2.25
2012.07.25 02:17:07.967,0.94381,0.94396,2.69,2.25
2012.07.25 02:17:09.025,0.94382,0.94398,2.32,1.50
2012.07.25 02:17:09.575,0.94382,0.94394,2.69,2.25
2012.07.25 02:17:11.365,0.94383,0.94394,1.04,1.50
2012.07.25 02:17:11.909,0.94383,0.94396,1.04,6.32
2012.07.25 02:17:12.601,0.94384,0.94396,1.04,2.63
2012.07.25 02:17:12.780,0.94382,0.94398,2.69,5.04
2012.07.25 02:17:13.313,0.94382,0.94398,4.94,5.42
2012.07.25 02:17:14.030,0.94384,0.94397,1.04,2.25
2012.07.25 02:17:15.968,0.94384,0.94397,1.04,4.44
2012.07.25 02:17:16.507,0.94383,0.94399,1.04,3.92
2012.07.25 02:17:18.537,0.94384,0.94399,3.29,2.85
2012.07.25 02:17:19.281,0.94383,0.94396,2.60,2.25
2012.07.25 02:17:20.095,0.9438,0.94396,4.57,3.75
2012.07.25 02:17:20.613,0.9438,0.94395,3.00,1.50
2012.07.25 02:17:21.132,0.94377,0.94395,5.69,4.50
2012.07.25 02:17:24.527,0.94379,0.94394,2.25,3.00
2012.07.25 02:17:25.289,0.9438,0.94395,3.00,1.13
2012.07.25 02:17:25.832,0.9438,0.94396,3.00,3.69
2012.07.25 02:17:26.793,0.9438,0.94395,3.00,1.50
2012.07.25 02:17:28.020,0.9438,0.94396,3.00,4.07
2012.07.25 02:17:28.535,0.94383,0.94398,3.00,2.19
2012.07.25 02:17:29.649,0.94382,0.94395,1.57,1.50
2012.07.25 02:17:30.228,0.94381,0.94395,2.32,1.50
2012.07.25 02:17:30.347,0.94379,0.94395,4.94,3.75
2012.07.25 02:17:30.582,0.94379,0.94395,5.63,4.50
2012.07.25 02:17:31.103,0.94379,0.94393,1.50,4.13
2012.07.25 02:17:31.285,0.94376,0.94391,1.57,1.50
2012.07.25 02:17:31.576,0.94375,0.94391,3.07,1.50
2012.07.25 02:17:32.094,0.94377,0.94392,1.50,2.25
2012.07.25 02:17:33.255,0.94378,0.94392,1.50,2.25
2012.07.25 02:17:33.377,0.94383,0.94394,1.50,1.82
2012.07.25 02:17:33.614,0.9438,0.94395,1.57,1.13
2012.07.25 02:17:34.341,0.9438,0.94396,3.82,3.69
2012.07.25 02:17:35.989,0.9438,0.94396,3.82,2.94
2012.07.25 02:17:37.273,0.9438,0.94396,2.32,5.94
2012.07.25 02:17:38.807,0.9438,0.94396,2.32,5.94
2012.07.25 02:17:39.367,0.94381,0.94396,1.35,5.94
2012.07.25 02:17:39.714,0.94384,0.94398,2.25,2.94
2012.07.25 02:17:45.233,0.94382,0.94397,2.10,2.94
2012.07.25 02:17:45.537,0.94379,0.94394,3.07,1.50
2012.07.25 02:17:57.830,0.94379,0.94396,1.57,3.69
2012.07.25 02:17:58.816,0.94379,0.94395,1.57,1.44
2012.07.25 02:18:02.308,0.9438,0.94395,1.50,1.44
2012.07.25 02:18:03.272,0.94378,0.94394,5.36,1.50
2012.07.25 02:18:03.785,0.94378,0.94394,5.36,1.50
2012.07.25 02:18:04.446,0.94378,0.94394,5.36,1.50
2012.07.25 02:18:04.983,0.94378,0.94394,5.36,1.50
2012.07.25 02:18:05.634,0.94378,0.94394,5.36,1.50
2012.07.25 02:18:06.194,0.94378,0.94394,5.36,1.50
2012.07.25 02:18:06.795,0.94378,0.94394,6.11,1.50
2012.07.25 02:18:07.312,0.94378,0.94394,6.11,1.50
2012.07.25 02:18:07.910,0.94378,0.94394,6.11,1.50
2012.07.25 02:18:08.482,0.94378,0.94394,5.36,1.50
2012.07.25 02:18:09.034,0.94378,0.94394,5.36,1.50
2012.07.25 02:18:09.632,0.94378,0.94394,6.11,1.50
2012.07.25 02:18:11.689,0.94378,0.94394,6.42,1.50
2012.07.25 02:18:12.240,0.94378,0.94394,6.48,2.19
2012.07.25 02:18:12.752,0.9438,0.94395,1.50,1.44
2012.07.25 02:18:13.263,0.94378,0.94394,6.48,2.19
2012.07.25 02:18:17.909,0.94379,0.94395,3.07,1.44
2012.07.25 02:18:18.773,0.94379,0.94396,5.88,1.13
2012.07.25 02:18:19.594,0.94379,0.94396,5.69,1.13
2012.07.25 02:18:20.492,0.94381,0.94396,2.32,1.13
2012.07.25 02:18:20.844,0.94386,0.944,3.07,2.25
2012.07.25 02:18:21.080,0.94386,0.94401,2.32,2.85
2012.07.25 02:18:21.636,0.94386,0.94399,3.07,1.50
2012.07.25 02:18:23.704,0.94386,0.94401,3.07,3.23
2012.07.25 02:18:24.243,0.94386,0.94401,3.07,2.10
2012.07.25 02:18:28.626,0.94386,0.94401,3.07,2.48
2012.07.25 02:18:29.175,0.94386,0.94399,3.07,1.50
2012.07.25 02:18:30.357,0.94391,0.94399,2.25,1.50
2012.07.25 02:18:30.420,0.94386,0.94399,1.57,1.50
2012.07.25 02:18:30.941,0.94385,0.94401,1.57,4.88
2012.07.25 02:18:31.004,0.94385,0.94401,1.57,4.88
2012.07.25 02:18:31.244,0.94385,0.94401,1.57,4.88
2012.07.25 02:18:38.699,0.94385,0.94401,1.57,5.63
2012.07.25 02:18:39.254,0.94385,0.94401,1.50,5.63
2012.07.25 02:18:42.453,0.94385,0.94401,1.50,5.63
2012.07.25 02:18:46.674,0.94385,0.94401,1.50,4.50
2012.07.25 02:18:58.841,0.94385,0.94401,2.32,4.50
2012.07.25 02:19:06.214,0.94385,0.94401,2.32,3.75
2012.07.25 02:19:07.552,0.94387,0.94402,1.57,5.48
2012.07.25 02:19:07.787,0.94387,0.94402,2.32,5.10
2012.07.25 02:19:10.952,0.94388,0.94403,4.50,1.07
2012.07.25 02:19:11.302,0.9439,0.94404,2.25,1.07
2012.07.25 02:19:12.036,0.94389,0.94404,2.25,2.19
2012.07.25 02:19:12.706,0.94389,0.94404,2.25,2.19
2012.07.25 02:19:13.056,0.94389,0.94401,1.50,2.25
2012.07.25 02:19:14.351,0.94386,0.94401,3.07,2.25
2012.07.25 02:19:22.650,0.94388,0.94401,1.50,2.25
2012.07.25 02:19:22.998,0.94388,0.94403,1.13,2.25
2012.07.25 02:19:23.554,0.94389,0.94403,1.13,2.25
2012.07.25 02:19:26.879,0.94389,0.94403,1.13,3.00
2012.07.25 02:19:27.113,0.94389,0.94403,1.50,2.25
2012.07.25 02:19:28.178,0.9439,0.94404,1.50,3.69
2012.07.25 02:19:28.684,0.94389,0.94403,1.50,1.50
2012.07.25 02:19:29.191,0.94389,0.94404,1.50,5.19
2012.07.25 02:19:29.501,0.94391,0.94404,1.50,4.44
2012.07.25 02:19:30.106,0.94391,0.94403,1.50,1.44
2012.07.25 02:19:30.288,0.94389,0.94403,1.13,1.44
2012.07.25 02:19:30.864,0.94388,0.94401,1.13,1.50
2012.07.25 02:19:31.678,0.94389,0.94403,1.88,2.94
2012.07.25 02:19:41.743,0.94389,0.94405,1.50,5.19
2012.07.25 02:19:47.613,0.9439,0.94402,3.75,2.19
2012.07.25 02:19:48.141,0.9439,0.94401,3.75,2.19
2012.07.25 02:19:48.877,0.9439,0.94403,3.75,1.50
2012.07.25 02:19:49.394,0.9439,0.94404,3.75,2.19
2012.07.25 02:19:50.306,0.94391,0.94404,3.82,1.50
2012.07.25 02:19:50.545,0.94395,0.9441,2.25,3.17
2012.07.25 02:19:50.609,0.94395,0.9441,3.00,2.79
2012.07.25 02:19:50.789,0.94395,0.9441,1.50,5.04
2012.07.25 02:19:51.024,0.94395,0.94407,1.50,1.50
2012.07.25 02:19:51.433,0.94395,0.94409,1.50,1.50
2012.07.25 02:19:53.053,0.94395,0.94408,1.50,1.50
2012.07.25 02:19:53.598,0.94394,0.94408,1.50,1.50
2012.07.25 02:19:54.472,0.94394,0.9441,1.50,6.54
2012.07.25 02:19:55.056,0.94394,0.94407,1.50,1.50
2012.07.25 02:19:55.631,0.94393,0.94407,1.50,2.19
2012.07.25 02:19:56.804,0.94393,0.94406,1.50,1.50
2012.07.25 02:19:57.465,0.94391,0.94406,4.57,1.50
2012.07.25 02:19:59.176,0.94393,0.94406,1.13,1.50
2012.07.25 02:20:00.950,0.94394,0.94407,1.13,2.19
2012.07.25 02:20:01.527,0.94394,0.94407,1.13,2.19
2012.07.25 02:20:06.164,0.94394,0.94407,1.13,2.19
2012.07.25 02:20:06.690,0.94391,0.94404,1.13,2.19
2012.07.25 02:20:07.044,0.9439,0.94405,1.13,2.94
2012.07.25 02:20:10.661,0.94389,0.94401,1.50,1.50
2012.07.25 02:20:11.544,0.94387,0.94401,1.13,1.50
2012.07.25 02:20:14.024,0.94386,0.94396,2.32,2.25
2012.07.25 02:20:14.145,0.94384,0.94396,2.32,2.25
2012.07.25 02:20:14.323,0.94385,0.944,2.25,2.25
2012.07.25 02:20:14.848,0.94385,0.94401,4.50,2.25
2012.07.25 02:20:14.910,0.94386,0.94401,1.50,2.25
2012.07.25 02:20:15.217,0.94386,0.94399,1.50,1.50
2012.07.25 02:20:15.873,0.94386,0.944,1.50,3.75
2012.07.25 02:20:17.657,0.94387,0.944,1.50,3.75
2012.07.25 02:20:18.173,0.94385,0.944,1.50,3.75
2012.07.25 02:20:18.908,0.94383,0.944,2.32,5.19
2012.07.25 02:20:19.264,0.94382,0.94393,1.50,1.50
2012.07.25 02:20:19.592,0.94379,0.9439,3.75,1.50
2012.07.25 02:20:19.714,0.94379,0.94387,3.75,1.50
2012.07.25 02:20:20.011,0.94373,0.94387,5.32,1.50
2012.07.25 02:20:20.191,0.94373,0.94387,2.25,2.94
2012.07.25 02:20:20.255,0.94373,0.94383,2.25,1.50
2012.07.25 02:20:20.378,0.94373,0.94386,1.50,5.25
2012.07.25 02:20:20.679,0.94374,0.94389,1.57,6.00
2012.07.25 02:20:21.383,0.94374,0.94389,1.57,3.75
2012.07.25 02:20:22.441,0.94374,0.94388,1.57,2.25
2012.07.25 02:20:22.620,0.94376,0.9439,1.50,2.94
2012.07.25 02:20:23.139,0.94374,0.94389,2.32,1.50
2012.07.25 02:20:23.579,0.94375,0.94391,1.50,3.00
2012.07.25 02:20:24.025,0.94377,0.94393,1.57,3.00
2012.07.25 02:20:24.088,0.94377,0.94393,1.57,2.25
2012.07.25 02:20:24.436,0.94377,0.94394,1.57,3.00
2012.07.25 02:20:24.855,0.94381,0.94395,1.50,1.50
2012.07.25 02:20:25.206,0.94383,0.94396,1.50,3.69
2012.07.25 02:20:25.326,0.94381,0.94396,1.50,5.19
2012.07.25 02:20:25.847,0.94381,0.94395,1.50,2.94
2012.07.25 02:20:27.907,0.94379,0.94395,1.50,4.44
2012.07.25 02:20:28.408,0.94378,0.94395,2.25,4.44
2012.07.25 02:20:29.805,0.9438,0.94395,1.88,2.25
2012.07.25 02:20:30.326,0.94381,0.94397,2.25,3.00
2012.07.25 02:20:30.738,0.94383,0.94398,1.50,2.94
2012.07.25 02:20:32.088,0.94381,0.94397,3.75,2.25
2012.07.25 02:20:32.326,0.9438,0.94396,1.57,3.75
2012.07.25 02:20:32.622,0.94378,0.94394,1.57,1.07
2012.07.25 02:20:35.287,0.94378,0.94394,1.57,1.44
2012.07.25 02:20:39.683,0.94381,0.94394,1.50,1.07
2012.07.25 02:20:41.465,0.94381,0.94395,1.50,2.19
2012.07.25 02:20:41.988,0.94381,0.94395,1.50,2.19
2012.07.25 02:20:42.958,0.94379,0.94394,1.57,1.50
2012.07.25 02:20:53.256,0.94379,0.94394,1.50,2.63
2012.07.25 02:20:53.629,0.94381,0.94394,1.50,1.13
2012.07.25 02:20:53.752,0.94381,0.94396,1.50,3.69
2012.07.25 02:20:54.221,0.94381,0.94395,5.25,1.44
2012.07.25 02:20:54.753,0.94381,0.94395,2.25,1.50
2012.07.25 02:20:55.051,0.94383,0.94398,1.50,1.13
2012.07.25 02:20:55.565,0.94382,0.94398,1.50,1.82
2012.07.25 02:21:01.624,0.94381,0.94394,3.00,1.50
2012.07.25 02:21:01.750,0.94378,0.94394,3.00,4.44
2012.07.25 02:21:03.800,0.94378,0.94394,3.00,4.44
2012.07.25 02:21:05.992,0.94378,0.94391,2.25,1.50
2012.07.25 02:21:06.228,0.94376,0.94391,3.75,2.94
2012.07.25 02:21:06.349,0.94376,0.94389,2.25,1.50
2012.07.25 02:21:06.880,0.94374,0.94389,3.07,1.50
2012.07.25 02:21:07.236,0.94373,0.94387,4.57,1.50
2012.07.25 02:21:08.729,0.94373,0.94387,3.82,1.50
2012.07.25 02:21:15.801,0.94372,0.94387,3.75,2.19
2012.07.25 02:21:16.322,0.94372,0.94386,2.25,1.50
2012.07.25 02:21:16.930,0.94372,0.94388,3.00,5.94
2012.07.25 02:21:18.088,0.94373,0.94388,2.32,4.50
2012.07.25 02:21:18.610,0.94375,0.94389,2.25,1.13
2012.07.25 02:21:19.090,0.94372,0.94387,4.50,1.50
2012.07.25 02:21:21.046,0.94374,0.94387,2.25,1.88
2012.07.25 02:21:21.341,0.94375,0.94392,1.50,5.94
2012.07.25 02:21:21.860,0.94375,0.94392,1.50,5.19
2012.07.25 02:21:21.980,0.94377,0.94392,1.50,3.69
2012.07.25 02:21:22.569,0.94376,0.94391,1.50,1.50
2012.07.25 02:21:22.929,0.94378,0.94392,1.50,3.69
2012.07.25 02:21:30.605,0.94379,0.94392,1.50,2.25
2012.07.25 02:21:31.151,0.94381,0.94397,1.50,4.44
2012.07.25 02:21:36.638,0.94381,0.94395,1.50,1.29
2012.07.25 02:21:36.995,0.94379,0.94394,2.32,2.25
2012.07.25 02:21:37.058,0.94379,0.94394,2.25,2.19
2012.07.25 02:21:38.116,0.94379,0.94394,2.25,2.19
2012.07.25 02:21:38.295,0.94379,0.94391,2.25,1.50
2012.07.25 02:21:38.589,0.94379,0.94394,2.25,4.44
2012.07.25 02:21:38.710,0.94378,0.94392,2.25,1.50
2012.07.25 02:21:45.351,0.94376,0.94392,1.57,1.50
2012.07.25 02:21:45.927,0.94375,0.94392,4.57,2.25
2012.07.25 02:21:50.631,0.94374,0.94387,4.19,2.25
2012.07.25 02:21:50.986,0.94369,0.94384,5.63,1.50
2012.07.25 02:21:51.169,0.94372,0.94385,2.25,1.44
2012.07.25 02:21:51.411,0.94374,0.94389,2.69,2.25
2012.07.25 02:21:51.945,0.94373,0.94387,2.32,1.50
2012.07.25 02:21:52.375,0.94373,0.94387,2.25,1.50
2012.07.25 02:21:53.495,0.94372,0.94387,2.32,1.50
2012.07.25 02:21:53.673,0.94372,0.94384,2.32,1.50
2012.07.25 02:21:55.485,0.9437,0.94384,2.69,1.50
2012.07.25 02:21:56.235,0.94368,0.94382,3.07,1.50
2012.07.25 02:21:56.474,0.94367,0.94382,4.19,1.50
2012.07.25 02:22:01.560,0.94368,0.94384,1.50,5.19
2012.07.25 02:22:01.737,0.94368,0.94384,3.75,1.44
2012.07.25 02:22:02.144,0.94371,0.94386,2.25,2.94
2012.07.25 02:22:02.792,0.9437,0.94385,1.13,2.25
2012.07.25 02:22:03.462,0.94368,0.94385,3.82,2.25
2012.07.25 02:22:05.782,0.94371,0.94386,1.50,2.94
2012.07.25 02:22:06.596,0.94372,0.94386,2.25,2.19
2012.07.25 02:22:07.414,0.94372,0.94386,2.32,1.50
2012.07.25 02:22:14.815,0.94371,0.94386,3.07,1.50
2012.07.25 02:22:15.129,0.94369,0.94384,4.57,1.50
2012.07.25 02:22:15.748,0.94369,0.94384,2.25,1.50
2012.07.25 02:22:16.291,0.94367,0.94383,3.07,1.50
2012.07.25 02:22:20.570,0.94367,0.94383,3.07,1.50
2012.07.25 02:22:23.310,0.94367,0.9438,3.07,1.50
2012.07.25 02:22:23.817,0.94367,0.9438,3.00,1.50
2012.07.25 02:22:25.524,0.94365,0.94378,3.91,1.50
2012.07.25 02:22:25.876,0.94364,0.94376,2.69,1.50
2012.07.25 02:22:28.834,0.94364,0.94376,2.69,1.50
2012.07.25 02:22:28.898,0.94364,0.94379,2.69,1.50
2012.07.25 02:22:29.021,0.94366,0.94381,2.32,2.25
2012.07.25 02:22:29.371,0.94366,0.94378,2.32,1.50
2012.07.25 02:22:31.841,0.94366,0.94381,2.41,3.00
2012.07.25 02:22:32.134,0.94366,0.94381,3.91,1.50
2012.07.25 02:22:32.884,0.94369,0.94384,3.82,2.25
2012.07.25 02:22:32.950,0.9437,0.94386,3.07,1.44
2012.07.25 02:22:33.473,0.9437,0.94386,3.82,1.44
2012.07.25 02:22:33.712,0.94369,0.94384,4.88,1.50
2012.07.25 02:22:34.709,0.94369,0.94382,1.13,1.50
2012.07.25 02:22:37.287,0.9437,0.94382,2.25,1.50
2012.07.25 02:22:39.610,0.94373,0.94383,1.50,1.50
2012.07.25 02:22:39.843,0.94373,0.94385,1.50,2.25
2012.07.25 02:22:41.914,0.94372,0.94385,1.50,2.25
2012.07.25 02:22:48.955,0.94374,0.94385,1.60,1.50
2012.07.25 02:22:49.019,0.94374,0.94387,1.60,1.50
2012.07.25 02:22:49.200,0.94374,0.9439,1.50,2.19
2012.07.25 02:22:49.731,0.94374,0.94388,2.54,1.50
2012.07.25 02:22:51.245,0.94373,0.94388,1.10,1.50
2012.07.25 02:22:54.849,0.94372,0.94388,1.47,1.50
2012.07.25 02:22:55.660,0.94372,0.94388,1.47,1.50
2012.07.25 02:22:56.191,0.94372,0.94388,1.47,1.50
2012.07.25 02:22:57.508,0.94372,0.94388,1.47,1.50
2012.07.25 02:22:58.331,0.94372,0.94388,1.47,1.50
2012.07.25 02:22:59.999,0.94372,0.94388,1.47,1.50
2012.07.25 02:23:01.790,0.94372,0.94388,1.85,1.50
2012.07.25 02:23:02.430,0.94372,0.94388,1.85,1.50
2012.07.25 02:23:02.963,0.94372,0.94388,2.51,1.50
2012.07.25 02:23:03.508,0.94371,0.94388,6.26,1.50
2012.07.25 02:23:04.777,0.94375,0.9439,2.32,1.50
2012.07.25 02:23:05.137,0.94379,0.94394,1.57,2.25
2012.07.25 02:23:05.201,0.94379,0.94396,1.57,2.25
2012.07.25 02:23:05.380,0.9438,0.94394,2.25,1.50
2012.07.25 02:23:05.558,0.94378,0.94394,3.82,1.50
2012.07.25 02:23:05.621,0.94378,0.94392,3.82,1.50
2012.07.25 02:23:07.069,0.94376,0.94392,3.82,1.50
2012.07.25 02:23:08.827,0.94376,0.94392,3.82,1.50
2012.07.25 02:23:15.573,0.94376,0.9439,1.50,1.50
2012.07.25 02:23:23.578,0.94375,0.9439,3.07,1.50
2012.07.25 02:23:24.095,0.94373,0.9439,4.57,1.50
2012.07.25 02:23:24.443,0.94373,0.94387,3.07,1.50
2012.07.25 02:23:26.008,0.94373,0.94387,3.00,2.57
2012.07.25 02:23:26.131,0.94371,0.94386,1.57,1.50
2012.07.25 02:23:26.309,0.94369,0.94384,3.82,1.50
2012.07.25 02:23:27.109,0.94372,0.94384,2.32,1.50
2012.07.25 02:23:27.232,0.94372,0.94387,3.82,1.50
2012.07.25 02:23:28.824,0.94372,0.94387,3.82,1.50
2012.07.25 02:23:32.569,0.94374,0.94389,1.50,2.57
2012.07.25 02:23:33.102,0.94372,0.94387,4.57,1.50
2012.07.25 02:23:40.044,0.94372,0.94387,4.50,3.00
2012.07.25 02:23:40.109,0.9437,0.94383,1.57,1.50
2012.07.25 02:23:40.231,0.94368,0.94383,4.13,2.19
2012.07.25 02:23:40.469,0.94371,0.94385,2.32,1.50
2012.07.25 02:23:40.993,0.94371,0.94384,2.32,1.50
2012.07.25 02:23:41.177,0.94373,0.94385,2.25,1.50
2012.07.25 02:23:46.510,0.94373,0.94383,2.25,1.50
2012.07.25 02:23:46.687,0.9437,0.94383,2.32,1.50
2012.07.25 02:23:47.229,0.9437,0.94383,2.32,1.50
2012.07.25 02:23:59.507,0.9437,0.94386,3.82,3.69
2012.07.25 02:24:00.237,0.94372,0.94386,2.25,2.19
2012.07.25 02:24:01.464,0.94372,0.94384,2.25,1.50
2012.07.25 02:24:01.795,0.94372,0.94386,2.25,3.69
2012.07.25 02:24:04.527,0.94372,0.94383,2.25,1.50
2012.07.25 02:24:06.828,0.94371,0.94383,2.25,1.50
2012.07.25 02:24:07.531,0.9437,0.94383,1.13,1.50
2012.07.25 02:24:20.617,0.94368,0.94383,1.94,1.50
2012.07.25 02:24:20.794,0.94371,0.94383,2.25,1.50
2012.07.25 02:24:21.316,0.9437,0.94383,2.32,1.50
2012.07.25 02:24:21.380,0.9437,0.94386,2.32,3.69
2012.07.25 02:24:21.884,0.94371,0.94387,1.50,1.44
2012.07.25 02:24:22.603,0.9437,0.94385,4.57,1.50
2012.07.25 02:24:23.138,0.94372,0.94387,1.50,2.19
2012.07.25 02:24:23.646,0.94371,0.94384,2.63,1.50
2012.07.25 02:24:24.169,0.94371,0.94385,1.13,1.50
2012.07.25 02:24:24.406,0.94372,0.94388,3.75,5.19
2012.07.25 02:24:24.469,0.94374,0.94388,1.50,3.69
2012.07.25 02:24:24.962,0.94372,0.94388,2.25,4.44
2012.07.25 02:24:25.750,0.94374,0.94388,1.50,2.94
2012.07.25 02:24:26.106,0.94375,0.9439,1.57,2.25
2012.07.25 02:24:26.342,0.94376,0.94392,2.25,4.13
2012.07.25 02:24:27.516,0.94378,0.94393,3.75,2.94
2012.07.25 02:24:27.866,0.94375,0.94391,4.19,2.25
2012.07.25 02:24:28.390,0.94375,0.94391,3.82,2.94
2012.07.25 02:24:30.732,0.94375,0.94391,3.75,2.94
2012.07.25 02:24:35.281,0.94375,0.94391,3.82,2.94
2012.07.25 02:24:36.162,0.94376,0.94391,1.57,2.25
2012.07.25 02:24:36.284,0.94378,0.94394,2.25,5.94
2012.07.25 02:24:36.634,0.9438,0.94394,2.25,2.25
2012.07.25 02:24:37.157,0.94377,0.94393,3.00,2.94
2012.07.25 02:24:37.462,0.94377,0.94391,1.50,2.25
2012.07.25 02:24:37.525,0.94375,0.94391,6.82,2.25
2012.07.25 02:24:39.636,0.94377,0.94393,1.88,2.94
2012.07.25 02:24:39.757,0.94379,0.94394,2.25,2.94
2012.07.25 02:24:39.936,0.94379,0.94394,1.50,3.69
2012.07.25 02:24:40.457,0.94378,0.94393,4.13,2.19
2012.07.25 02:24:40.967,0.94375,0.94392,3.82,5.19
2012.07.25 02:24:41.030,0.94375,0.9439,3.75,2.25
2012.07.25 02:24:42.284,0.94375,0.9439,1.88,2.25
2012.07.25 02:24:42.689,0.94374,0.94388,1.13,2.25
2012.07.25 02:24:43.218,0.94372,0.94387,3.75,1.50
2012.07.25 02:24:43.589,0.94375,0.94386,1.57,2.25
2012.07.25 02:24:43.712,0.94375,0.94389,1.50,1.50
2012.07.25 02:24:44.067,0.94374,0.94388,1.57,2.25
2012.07.25 02:24:44.131,0.94376,0.94388,1.50,2.25
2012.07.25 02:24:44.196,0.94376,0.9439,1.50,2.94
2012.07.25 02:24:45.634,0.94376,0.94389,2.25,2.25
2012.07.25 02:24:49.175,0.94373,0.94389,1.57,2.25
2012.07.25 02:24:50.920,0.94372,0.94387,3.07,1.50
2012.07.25 02:24:51.213,0.94372,0.94386,1.57,2.25
2012.07.25 02:24:53.004,0.94373,0.94386,1.50,2.25
2012.07.25 02:24:53.125,0.94375,0.9439,1.50,2.94
2012.07.25 02:24:53.304,0.94375,0.94392,3.07,2.94
2012.07.25 02:24:53.597,0.94378,0.94393,1.50,4.44
2012.07.25 02:24:56.235,0.94377,0.94392,3.00,2.19
2012.07.25 02:24:57.801,0.94378,0.94393,1.50,2.94
2012.07.25 02:24:58.207,0.9438,0.94393,2.63,3.69
2012.07.25 02:24:58.615,0.9438,0.94392,2.63,1.44
2012.07.25 02:24:59.142,0.9438,0.94393,1.13,3.00
2012.07.25 02:25:05.521,0.94379,0.94393,1.50,4.50
2012.07.25 02:25:10.958,0.94379,0.94392,1.22,2.94
2012.07.25 02:25:11.194,0.94373,0.9439,5.69,3.75
2012.07.25 02:25:11.489,0.94373,0.94389,3.38,1.44
2012.07.25 02:25:11.842,0.94372,0.94385,2.25,2.25
2012.07.25 02:25:11.905,0.94372,0.94387,2.25,2.25
2012.07.25 02:25:12.084,0.94372,0.94387,2.25,2.94
2012.07.25 02:25:13.272,0.94376,0.94387,1.50,1.44
2012.07.25 02:25:13.336,0.94376,0.94387,1.50,1.44
2012.07.25 02:25:13.630,0.94375,0.9439,3.75,2.25
2012.07.25 02:25:14.187,0.94376,0.94391,2.25,2.25
2012.07.25 02:25:16.194,0.94378,0.94392,1.13,2.94
2012.07.25 02:25:20.606,0.94375,0.94385,2.25,2.25
2012.07.25 02:25:20.727,0.94374,0.94387,1.13,2.94
2012.07.25 02:25:20.962,0.94374,0.94386,1.13,2.25
2012.07.25 02:25:21.496,0.94374,0.94385,1.13,2.25
2012.07.25 02:25:23.967,0.94372,0.94385,1.13,2.25
2012.07.25 02:25:24.518,0.94371,0.94386,2.25,2.94
2012.07.25 02:25:26.785,0.94371,0.94387,1.50,3.69
2012.07.25 02:25:30.407,0.94374,0.94387,1.50,3.69
2012.07.25 02:25:30.758,0.94379,0.9439,1.50,1.44
2012.07.25 02:25:30.822,0.94379,0.94391,1.50,2.19
2012.07.25 02:25:30.884,0.94377,0.94391,1.50,2.19
2012.07.25 02:25:31.296,0.94374,0.94389,3.75,3.69
2012.07.25 02:25:33.355,0.94372,0.94387,3.07,1.50
2012.07.25 02:25:33.475,0.94374,0.94389,1.50,2.94
2012.07.25 02:25:34.350,0.94374,0.94387,1.50,1.44
2012.07.25 02:25:34.413,0.94372,0.94387,2.25,1.44
2012.07.25 02:25:34.477,0.9437,0.94385,2.25,2.25
2012.07.25 02:25:35.013,0.94369,0.94384,2.25,2.25
2012.07.25 02:25:35.861,0.94369,0.94385,4.43,3.38
2012.07.25 02:25:36.157,0.94372,0.94385,1.50,3.00
2012.07.25 02:25:36.462,0.94374,0.94387,1.50,3.69
2012.07.25 02:25:36.999,0.94373,0.94385,1.22,2.25
2012.07.25 02:25:37.122,0.94372,0.94387,3.54,2.25
2012.07.25 02:25:37.649,0.94374,0.94388,1.50,3.69
2012.07.25 02:25:40.727,0.94374,0.94388,2.25,3.69
2012.07.25 02:25:41.277,0.94376,0.94389,1.50,1.44
2012.07.25 02:25:43.278,0.94375,0.9439,1.88,3.69
2012.07.25 02:25:45.951,0.94375,0.9439,1.50,3.69
2012.07.25 02:25:46.014,0.94375,0.94386,1.50,2.25
2012.07.25 02:25:46.426,0.94374,0.94388,1.19,2.25
2012.07.25 02:25:46.948,0.94374,0.94388,1.13,2.25
2012.07.25 02:25:50.773,0.94372,0.94388,4.94,2.25
2012.07.25 02:25:54.487,0.94374,0.9439,3.75,3.00
2012.07.25 02:25:54.606,0.94376,0.9439,2.25,3.00
2012.07.25 02:26:00.960,0.94375,0.94389,2.32,2.25
2012.07.25 02:26:01.136,0.94375,0.94389,2.25,2.25
2012.07.25 02:26:01.315,0.94374,0.94387,1.13,2.25
2012.07.25 02:26:01.617,0.94374,0.94389,1.13,3.75
2012.07.25 02:26:02.166,0.94375,0.94387,2.25,2.25
2012.07.25 02:26:03.715,0.94375,0.94388,2.25,2.25
2012.07.25 02:26:07.797,0.94373,0.94387,2.32,2.25
2012.07.25 02:26:07.918,0.94374,0.94389,2.32,2.25
2012.07.25 02:26:08.442,0.94374,0.9439,2.32,3.00
2012.07.25 02:26:08.972,0.94377,0.94391,2.25,3.00
2012.07.25 02:26:09.324,0.94379,0.94393,1.50,2.19
2012.07.25 02:26:11.574,0.94378,0.94394,2.32,3.00
2012.07.25 02:26:15.821,0.94378,0.94393,2.25,1.44
2012.07.25 02:26:15.942,0.94376,0.94393,4.57,2.25
2012.07.25 02:26:16.005,0.94376,0.94393,4.57,2.25
2012.07.25 02:26:16.524,0.94379,0.94394,2.25,4.50
2012.07.25 02:26:16.902,0.94379,0.94394,2.25,4.50
2012.07.25 02:26:17.992,0.94379,0.94394,2.25,2.25
2012.07.25 02:26:30.822,0.94379,0.94392,1.13,1.50
2012.07.25 02:26:30.942,0.94379,0.94391,1.13,2.25
2012.07.25 02:26:32.673,0.94378,0.94393,2.32,2.25
2012.07.25 02:26:32.794,0.94383,0.94393,1.50,2.25
2012.07.25 02:26:33.354,0.94383,0.94394,1.50,3.00
2012.07.25 02:26:35.098,0.94381,0.94394,2.25,3.00
2012.07.25 02:26:36.159,0.94378,0.94393,3.82,1.50
2012.07.25 02:26:41.935,0.94378,0.94393,3.07,2.25
2012.07.25 02:26:42.861,0.94378,0.94392,3.07,2.25
2012.07.25 02:26:44.459,0.94378,0.94392,2.69,2.25
2012.07.25 02:26:44.982,0.94378,0.94392,1.19,3.75
2012.07.25 02:26:46.596,0.94378,0.9439,2.69,2.25
2012.07.25 02:26:46.890,0.94377,0.9439,2.25,2.25
2012.07.25 02:26:47.067,0.94375,0.94388,4.19,2.25
2012.07.25 02:26:47.362,0.94375,0.94387,2.63,2.25
2012.07.25 02:26:48.604,0.94373,0.94388,1.57,2.25
2012.07.25 02:26:52.762,0.94375,0.94389,2.63,2.25
2012.07.25 02:26:52.999,0.94376,0.94389,2.25,2.25
2012.07.25 02:26:55.780,0.94374,0.94387,3.07,2.25
2012.07.25 02:26:55.843,0.94374,0.94387,3.07,2.25
2012.07.25 02:26:57.422,0.94374,0.94387,2.32,2.25
2012.07.25 02:26:58.222,0.94374,0.94387,2.32,2.25
2012.07.25 02:26:58.726,0.94374,0.94388,1.57,2.25
2012.07.25 02:26:59.385,0.94374,0.94388,2.25,2.25
2012.07.25 02:26:59.733,0.94374,0.94388,2.32,2.25
2012.07.25 02:26:59.853,0.94375,0.94391,3.00,4.13
2012.07.25 02:27:00.154,0.94378,0.94391,4.94,1.50
2012.07.25 02:27:00.218,0.9438,0.94396,1.50,3.69
2012.07.25 02:27:00.519,0.9438,0.94396,1.50,1.44
2012.07.25 02:27:03.344,0.9438,0.94396,2.25,1.44
2012.07.25 02:27:03.481,0.9438,0.94396,2.25,1.44
2012.07.25 02:27:03.599,0.9438,0.94394,2.25,2.25
2012.07.25 02:27:03.949,0.94383,0.94397,3.00,1.44
2012.07.25 02:27:04.013,0.94383,0.94398,3.07,4.50
2012.07.25 02:27:04.334,0.94384,0.944,1.57,3.00
2012.07.25 02:27:04.454,0.94384,0.94399,1.50,2.25
2012.07.25 02:27:04.979,0.94385,0.944,1.50,5.19
2012.07.25 02:27:05.503,0.94385,0.94398,2.63,2.25
2012.07.25 02:27:05.683,0.94386,0.944,1.88,2.25
2012.07.25 02:27:06.324,0.94385,0.944,1.88,4.44
2012.07.25 02:27:06.798,0.94383,0.94398,1.50,3.75
2012.07.25 02:27:07.450,0.94383,0.94398,2.25,1.50
2012.07.25 02:27:07.860,0.94382,0.94397,1.50,1.50
2012.07.25 02:27:07.982,0.94386,0.94397,2.25,1.50
2012.07.25 02:27:08.103,0.94383,0.94398,4.57,1.50
2012.07.25 02:27:08.697,0.94383,0.94398,2.25,2.25
2012.07.25 02:27:26.642,0.94383,0.94398,2.17,4.50
2012.07.25 02:27:26.763,0.94383,0.94398,7.42,1.50
2012.07.25 02:27:26.884,0.94385,0.944,3.82,2.25
2012.07.25 02:27:27.396,0.94385,0.944,2.25,4.50
2012.07.25 02:27:29.733,0.94387,0.944,2.25,1.50
2012.07.25 02:27:29.853,0.94387,0.94402,3.75,3.75
2012.07.25 02:27:30.413,0.94387,0.94402,3.75,2.94
2012.07.25 02:27:30.818,0.94383,0.94399,4.19,1.50
2012.07.25 02:27:31.053,0.94383,0.94397,3.44,1.50
2012.07.25 02:27:31.521,0.94381,0.94397,3.44,3.75
2012.07.25 02:27:31.641,0.94381,0.94394,3.44,1.50
2012.07.25 02:27:32.178,0.9438,0.94394,3.38,1.50
2012.07.25 02:27:32.587,0.9438,0.94394,2.25,3.69
2012.07.25 02:27:32.711,0.94377,0.94392,2.32,1.50
2012.07.25 02:27:32.834,0.94376,0.94391,2.69,2.25
2012.07.25 02:27:33.187,0.94379,0.94392,1.50,3.00
2012.07.25 02:27:33.482,0.94379,0.94393,1.50,1.44
2012.07.25 02:27:34.221,0.94379,0.94394,1.50,4.50
2012.07.25 02:27:35.600,0.94379,0.94393,1.50,2.25
2012.07.25 02:27:36.113,0.94379,0.94393,1.57,2.25
2012.07.25 02:27:36.617,0.9438,0.94392,2.63,1.50
2012.07.25 02:27:37.556,0.94379,0.94395,2.69,1.50
2012.07.25 02:27:38.084,0.94381,0.94395,2.25,1.50
2012.07.25 02:27:38.740,0.94381,0.94393,2.25,1.50
2012.07.25 02:27:39.287,0.94379,0.94393,2.69,1.50
2012.07.25 02:27:39.752,0.94379,0.94393,2.69,1.50
2012.07.25 02:27:40.277,0.94379,0.94394,1.57,2.25
2012.07.25 02:27:42.901,0.94378,0.94393,3.07,1.50
2012.07.25 02:27:43.610,0.94378,0.94393,3.07,1.50
2012.07.25 02:27:44.686,0.94378,0.94393,3.07,1.50
2012.07.25 02:27:51.213,0.9438,0.94393,2.25,1.50
2012.07.25 02:27:53.695,0.94378,0.94393,2.32,2.25
2012.07.25 02:27:56.887,0.94378,0.94393,2.63,2.25
2012.07.25 02:27:57.009,0.94377,0.9439,1.57,1.50
2012.07.25 02:27:57.245,0.94377,0.94393,1.57,2.25
2012.07.25 02:27:57.847,0.94376,0.94393,4.19,2.25
2012.07.25 02:27:58.866,0.94376,0.94393,4.19,2.25
2012.07.25 02:27:59.606,0.94376,0.94393,4.19,2.25
2012.07.25 02:28:16.637,0.94376,0.94393,5.32,2.25
2012.07.25 02:28:16.993,0.94376,0.94391,2.32,1.50
2012.07.25 02:28:17.514,0.94377,0.94392,1.57,1.50
2012.07.25 02:28:18.895,0.94377,0.94392,1.57,1.50
2012.07.25 02:28:19.411,0.94377,0.94392,1.57,1.50
2012.07.25 02:28:19.929,0.94377,0.94392,1.57,1.50
2012.07.25 02:28:20.162,0.94377,0.94392,1.57,1.50
2012.07.25 02:28:20.226,0.94376,0.9439,2.32,1.50
2012.07.25 02:28:20.474,0.94376,0.94392,3.82,3.75
2012.07.25 02:28:21.068,0.94377,0.94393,2.32,5.25
2012.07.25 02:28:21.965,0.94377,0.94393,2.25,4.50
2012.07.25 02:28:22.027,0.94377,0.9439,2.25,1.50
2012.07.25 02:28:22.525,0.94374,0.94388,2.32,1.50
2012.07.25 02:28:23.187,0.94374,0.94388,2.32,1.50
2012.07.25 02:28:23.541,0.94372,0.94386,3.07,1.50
2012.07.25 02:28:24.067,0.94371,0.94385,2.69,1.50
2012.07.25 02:28:24.607,0.94371,0.94386,4.19,2.25
2012.07.25 02:28:25.151,0.94371,0.94386,1.94,5.25
2012.07.25 02:28:28.539,0.94371,0.94386,1.57,6.38
2012.07.25 02:28:28.603,0.9437,0.94384,2.32,1.50
2012.07.25 02:28:28.725,0.94367,0.94381,3.07,2.25
2012.07.25 02:28:28.962,0.94366,0.94378,1.50,1.50
2012.07.25 02:28:30.195,0.94365,0.94378,2.25,1.50
2012.07.25 02:28:30.985,0.94364,0.94378,3.75,1.50
2012.07.25 02:28:31.334,0.94366,0.94381,2.25,2.25
2012.07.25 02:28:33.518,0.94368,0.94381,2.25,2.25
2012.07.25 02:28:33.863,0.94366,0.94381,2.25,2.25
2012.07.25 02:28:35.858,0.94368,0.94381,2.25,2.25
2012.07.25 02:28:41.390,0.94368,0.94382,2.25,3.75
2012.07.25 02:28:41.964,0.94369,0.94382,2.25,1.50
2012.07.25 02:28:44.363,0.94369,0.9438,2.25,1.50
2012.07.25 02:28:44.542,0.94366,0.9438,3.60,1.50
2012.07.25 02:28:53.753,0.94366,0.9438,4.35,1.50
2012.07.25 02:28:54.287,0.94368,0.94383,2.25,1.44
2012.07.25 02:28:54.807,0.94368,0.94382,2.25,1.50
2012.07.25 02:29:00.925,0.94369,0.94382,2.25,1.50
2012.07.25 02:29:01.043,0.94367,0.94382,3.07,1.50
2012.07.25 02:29:01.505,0.94366,0.94382,3.98,5.94
2012.07.25 02:29:01.800,0.94365,0.9438,3.00,2.94
2012.07.25 02:29:03.842,0.94365,0.9438,3.75,2.94
2012.07.25 02:29:04.195,0.94368,0.94381,2.25,2.25
2012.07.25 02:29:06.073,0.94367,0.94381,2.25,2.25
2012.07.25 02:29:06.625,0.94368,0.94381,2.25,2.25
2012.07.25 02:29:08.511,0.94366,0.94381,2.63,2.94
2012.07.25 02:29:09.473,0.94366,0.94381,3.38,2.94
2012.07.25 02:29:11.503,0.94367,0.94381,2.25,1.50
2012.07.25 02:29:12.106,0.94366,0.94381,2.63,2.25
2012.07.25 02:29:12.818,0.94366,0.94381,2.63,3.00
2012.07.25 02:29:13.336,0.94368,0.94381,2.25,1.50
2012.07.25 02:29:13.876,0.94366,0.94381,3.38,1.50
2012.07.25 02:29:14.464,0.94366,0.94381,3.00,2.25
2012.07.25 02:29:15.896,0.94366,0.94381,3.00,2.94
2012.07.25 02:29:16.754,0.94366,0.94379,3.00,1.50
2012.07.25 02:29:17.195,0.94365,0.94377,3.00,1.50
2012.07.25 02:29:17.397,0.94365,0.94379,2.25,3.00
2012.07.25 02:29:17.517,0.94365,0.94377,2.25,1.50
2012.07.25 02:29:17.931,0.94365,0.94379,2.25,1.50
2012.07.25 02:29:18.475,0.94365,0.9438,2.25,3.00
2012.07.25 02:29:19.426,0.94365,0.9438,2.25,3.69
2012.07.25 02:29:19.490,0.94365,0.94377,2.25,1.50
2012.07.25 02:29:19.611,0.94365,0.94379,2.32,1.50
2012.07.25 02:29:21.097,0.94365,0.94379,3.07,1.50
2012.07.25 02:29:21.274,0.94367,0.94379,2.32,1.50
2012.07.25 02:29:21.338,0.94367,0.94382,3.82,2.25
2012.07.25 02:29:21.520,0.94371,0.94385,2.32,2.63
2012.07.25 02:29:21.932,0.94373,0.94388,2.32,1.88
2012.07.25 02:29:24.029,0.94372,0.94388,4.19,2.25
2012.07.25 02:29:28.321,0.94372,0.94388,2.32,4.50
2012.07.25 02:29:28.560,0.94369,0.94386,4.57,3.69
2012.07.25 02:29:29.089,0.94366,0.94382,3.07,3.75
2012.07.25 02:29:29.613,0.94367,0.94383,2.63,2.25
2012.07.25 02:29:30.177,0.94367,0.94382,1.13,1.50
2012.07.25 02:29:30.676,0.94366,0.94381,3.07,2.10
2012.07.25 02:29:31.029,0.94362,0.94377,1.19,2.25
2012.07.25 02:29:31.207,0.9436,0.94375,1.19,2.25
2012.07.25 02:29:31.958,0.94359,0.94375,1.57,3.00
2012.07.25 02:29:32.080,0.94359,0.94374,1.57,1.35
2012.07.25 02:29:32.602,0.94359,0.94374,1.57,1.35
2012.07.25 02:29:33.119,0.94359,0.94374,1.57,3.60
2012.07.25 02:29:34.061,0.94359,0.94374,3.82,2.85
2012.07.25 02:29:34.583,0.94359,0.94374,2.32,3.60
2012.07.25 02:29:38.915,0.94359,0.94374,2.32,2.85
2012.07.25 02:29:39.466,0.94359,0.94374,1.57,3.60
2012.07.25 02:29:39.777,0.94357,0.94372,2.32,4.50
2012.07.25 02:29:43.834,0.94357,0.94373,2.32,3.00
2012.07.25 02:29:49.528,0.94356,0.94371,1.19,2.25
2012.07.25 02:29:56.398,0.94355,0.9437,3.82,2.10
2012.07.25 02:29:57.735,0.94356,0.9437,2.32,2.10
2012.07.25 02:29:58.028,0.94354,0.9437,3.38,5.10
2012.07.25 02:29:58.150,0.94355,0.9437,2.25,3.54
2012.07.25 02:29:58.619,0.94355,0.9437,2.32,2.85
2012.07.25 02:29:59.439,0.94355,0.9437,2.32,2.10
2012.07.25 02:30:12.406,0.94355,0.94368,2.32,1.50
2012.07.25 02:30:12.999,0.94355,0.94368,2.32,2.25
2012.07.25 02:30:19.194,0.94353,0.94367,2.32,2.25
2012.07.25 02:30:21.565,0.94351,0.94366,1.57,2.25
2012.07.25 02:30:21.930,0.94349,0.94365,1.57,2.25
2012.07.25 02:30:23.939,0.94349,0.94365,1.57,1.50
2012.07.25 02:30:28.857,0.94349,0.94365,1.57,1.50
2012.07.25 02:30:30.196,0.94348,0.94365,6.07,1.50
2012.07.25 02:30:30.599,0.94347,0.94363,3.82,4.13
2012.07.25 02:30:30.777,0.94347,0.94362,3.00,1.44
2012.07.25 02:30:30.840,0.94346,0.9436,3.07,2.25
2012.07.25 02:30:31.136,0.94344,0.94359,2.69,1.35
2012.07.25 02:30:31.259,0.94345,0.94359,1.57,1.35
2012.07.25 02:30:31.551,0.94346,0.94362,1.57,3.75
2012.07.25 02:30:33.628,0.94348,0.94362,1.50,3.00
2012.07.25 02:30:34.156,0.94348,0.94363,2.32,3.75
2012.07.25 02:30:36.242,0.94348,0.94364,4.57,2.85
2012.07.25 02:30:36.475,0.94351,0.94364,2.25,1.50
2012.07.25 02:30:36.769,0.94353,0.94366,2.25,2.25
2012.07.25 02:30:38.627,0.94353,0.94365,2.25,2.25
2012.07.25 02:30:38.747,0.9435,0.94365,2.25,3.75
2012.07.25 02:30:40.105,0.94349,0.94364,2.25,1.13
2012.07.25 02:30:40.641,0.94349,0.94364,2.25,2.25
2012.07.25 02:30:41.169,0.94347,0.94364,2.32,3.75
2012.07.25 02:30:41.687,0.94349,0.94363,1.57,1.50
2012.07.25 02:30:42.945,0.94346,0.94362,4.57,1.44
2012.07.25 02:30:44.870,0.94346,0.94363,4.50,2.94
2012.07.25 02:30:45.329,0.94347,0.94363,3.07,4.44
2012.07.25 02:30:46.322,0.94347,0.94363,2.32,3.75
2012.07.25 02:30:46.851,0.94347,0.94363,2.32,3.75
2012.07.25 02:30:46.970,0.94347,0.94363,2.32,3.00
2012.07.25 02:30:47.961,0.94347,0.94363,3.07,3.00
2012.07.25 02:30:48.955,0.94349,0.94364,3.00,3.38
2012.07.25 02:30:50.985,0.94348,0.94364,2.32,5.25
2012.07.25 02:30:51.499,0.94348,0.94362,2.25,2.19
2012.07.25 02:30:52.061,0.94348,0.94364,2.32,5.94
2012.07.25 02:30:52.680,0.94348,0.94364,2.32,5.19
2012.07.25 02:30:55.979,0.94348,0.94364,2.32,5.57
2012.07.25 02:30:58.345,0.94346,0.94361,3.07,1.50
2012.07.25 02:30:58.524,0.94346,0.94361,2.25,2.19
2012.07.25 02:30:58.818,0.94346,0.9436,2.25,2.19
2012.07.25 02:30:58.882,0.94342,0.94359,3.75,2.94
2012.07.25 02:30:58.946,0.94342,0.94357,1.50,1.50
2012.07.25 02:30:59.566,0.94341,0.94356,5.32,1.50
2012.07.25 02:31:02.856,0.94341,0.94357,3.82,4.82
2012.07.25 02:31:03.417,0.94343,0.94357,1.50,3.32
2012.07.25 02:31:04.112,0.94343,0.94357,1.50,1.44
2012.07.25 02:31:11.308,0.94343,0.94356,1.50,1.50
2012.07.25 02:31:11.840,0.94341,0.94356,1.57,2.20
2012.07.25 02:31:13.357,0.94341,0.94356,1.50,2.20
2012.07.25 02:31:19.566,0.94341,0.94353,1.57,2.25
2012.07.25 02:31:19.914,0.94338,0.94353,2.69,3.00
2012.07.25 02:31:20.437,0.94341,0.94354,1.50,2.25
2012.07.25 02:31:20.615,0.94341,0.94355,1.50,1.44
2012.07.25 02:31:21.246,0.94339,0.94355,5.17,2.94
2012.07.25 02:31:22.459,0.94339,0.94355,2.92,2.25
2012.07.25 02:31:22.750,0.94339,0.94353,1.57,2.25
2012.07.25 02:31:22.872,0.94339,0.94353,2.32,1.50
2012.07.25 02:31:23.392,0.94339,0.94353,1.57,2.25
2012.07.25 02:31:23.513,0.94336,0.94353,3.82,2.94
2012.07.25 02:31:25.337,0.94336,0.94354,4.57,4.88
2012.07.25 02:31:25.627,0.94338,0.94354,2.32,5.19
2012.07.25 02:31:26.284,0.94338,0.94353,2.32,1.13
2012.07.25 02:31:27.529,0.94338,0.94353,3.82,1.13
2012.07.25 02:31:28.051,0.94338,0.94353,2.32,2.25
2012.07.25 02:31:30.507,0.94338,0.94353,3.07,2.25
2012.07.25 02:31:35.286,0.94339,0.94355,2.25,3.00
2012.07.25 02:31:36.583,0.94339,0.94355,2.25,3.00
2012.07.25 02:31:37.152,0.94339,0.94355,2.32,3.00
2012.07.25 02:31:38.208,0.94338,0.94347,4.57,2.25
2012.07.25 02:31:38.330,0.94338,0.94349,3.07,1.50
2012.07.25 02:31:38.853,0.94337,0.94352,2.32,3.75
2012.07.25 02:31:42.496,0.94337,0.94352,3.07,1.13
2012.07.25 02:31:42.788,0.94338,0.94352,2.32,2.25
2012.07.25 02:31:43.310,0.94338,0.9435,2.32,1.13
2012.07.25 02:31:48.186,0.94338,0.94354,2.32,6.00
2012.07.25 02:31:48.590,0.9434,0.94354,1.50,2.25
2012.07.25 02:31:49.142,0.94339,0.94354,3.07,2.25
2012.07.25 02:31:55.466,0.9434,0.94354,1.50,4.50
2012.07.25 02:31:55.815,0.94342,0.94356,1.50,0.95
2012.07.25 02:31:56.168,0.94344,0.94356,1.50,0.95
2012.07.25 02:31:56.525,0.94347,0.94356,2.25,0.20
2012.07.25 02:32:05.438,0.94347,0.94356,3.82,0.20
2012.07.25 02:32:06.567,0.94347,0.94356,4.57,0.20
2012.07.25 02:32:11.183,0.94347,0.94356,3.75,0.20
2012.07.25 02:32:14.893,0.94346,0.94361,3.07,4.13
2012.07.25 02:32:16.787,0.94346,0.9436,3.00,2.25
2012.07.25 02:32:24.117,0.94346,0.94361,1.57,5.25
2012.07.25 02:32:27.604,0.94347,0.94361,3.00,2.63
2012.07.25 02:32:27.953,0.94348,0.94363,1.50,2.25
2012.07.25 02:32:28.618,0.94349,0.94365,5.25,1.50
2012.07.25 02:32:28.969,0.94348,0.94363,1.57,1.50
2012.07.25 02:32:29.147,0.94348,0.94363,1.50,2.94
2012.07.25 02:32:30.421,0.94347,0.94363,1.50,3.75
2012.07.25 02:32:30.657,0.94347,0.94363,2.25,2.25
2012.07.25 02:32:31.010,0.94351,0.94365,2.25,1.13
2012.07.25 02:32:31.190,0.94351,0.94367,2.32,1.88
2012.07.25 02:32:31.672,0.94353,0.94368,1.94,3.38
2012.07.25 02:32:32.086,0.94355,0.94372,1.57,4.50
2012.07.25 02:32:32.611,0.94356,0.94372,6.44,3.00
2012.07.25 02:32:33.561,0.94356,0.94372,5.69,2.25
2012.07.25 02:32:34.111,0.94357,0.94373,3.07,3.00
2012.07.25 02:32:34.733,0.94357,0.94373,3.07,3.75
2012.07.25 02:32:34.856,0.94356,0.94371,4.13,1.88
2012.07.25 02:32:34.979,0.94356,0.94371,1.19,3.38
2012.07.25 02:32:36.131,0.94358,0.94371,1.57,2.63
2012.07.25 02:32:39.921,0.94358,0.94371,2.32,2.25
2012.07.25 02:32:39.984,0.94358,0.94374,2.32,5.25
2012.07.25 02:32:40.520,0.94358,0.94374,2.32,5.25
2012.07.25 02:32:41.043,0.94361,0.94376,4.50,2.19
2012.07.25 02:32:41.107,0.94364,0.94376,1.50,2.19
2012.07.25 02:32:41.228,0.94363,0.94377,2.25,2.94
2012.07.25 02:32:48.912,0.94363,0.94377,2.25,2.25
2012.07.25 02:32:59.073,0.94363,0.94377,2.69,2.25
2012.07.25 02:32:59.134,0.94364,0.94379,2.69,1.50
2012.07.25 02:32:59.543,0.94365,0.94381,1.57,4.50
2012.07.25 02:33:00.066,0.94365,0.94381,2.32,4.50
2012.07.25 02:33:06.246,0.94368,0.94381,2.25,1.50
2012.07.25 02:33:06.480,0.94368,0.94384,2.25,6.32
2012.07.25 02:33:10.212,0.94368,0.94384,2.25,4.50
2012.07.25 02:33:13.717,0.94368,0.94382,2.25,1.50
2012.07.25 02:33:17.776,0.94368,0.94382,2.32,1.50
2012.07.25 02:33:17.895,0.94368,0.94384,2.32,4.50
2012.07.25 02:33:19.468,0.94368,0.94384,2.32,1.50
2012.07.25 02:33:20.190,0.94368,0.94385,3.82,1.50
2012.07.25 02:33:21.233,0.94369,0.94386,1.94,5.19
2012.07.25 02:33:21.411,0.94373,0.94388,1.57,3.00
2012.07.25 02:33:21.592,0.94376,0.9439,1.50,3.00
2012.07.25 02:33:21.714,0.94373,0.94385,1.94,2.25
2012.07.25 02:33:21.778,0.94375,0.94388,3.82,1.50
2012.07.25 02:33:21.841,0.94376,0.94391,2.25,3.75
2012.07.25 02:33:22.363,0.94374,0.94392,6.07,6.00
2012.07.25 02:33:22.444,0.94374,0.9439,4.57,1.50
2012.07.25 02:33:22.998,0.94374,0.94389,1.94,2.25
2012.07.25 02:33:23.625,0.94374,0.94389,1.13,3.75
2012.07.25 02:33:25.716,0.94372,0.94387,2.69,2.25
2012.07.25 02:33:26.239,0.94372,0.94385,2.63,1.50
2012.07.25 02:33:26.781,0.94371,0.94385,1.13,1.50
2012.07.25 02:33:27.334,0.94371,0.94386,1.13,4.44
2012.07.25 02:33:32.458,0.94371,0.94386,1.50,4.44
2012.07.25 02:33:36.416,0.94373,0.94388,3.00,2.94
2012.07.25 02:33:36.933,0.94373,0.94386,3.00,1.50
2012.07.25 02:33:37.246,0.94373,0.94386,3.75,1.50
2012.07.25 02:33:37.539,0.94373,0.94385,1.50,1.50
2012.07.25 02:33:40.195,0.94371,0.94386,1.19,2.25
2012.07.25 02:33:40.604,0.94373,0.94388,3.44,2.25
2012.07.25 02:33:41.781,0.94373,0.94387,3.44,2.25
2012.07.25 02:33:42.072,0.94375,0.9439,1.50,2.25
2012.07.25 02:33:47.086,0.94375,0.9439,1.13,2.25
2012.07.25 02:33:47.207,0.94378,0.9439,2.25,2.25
2012.07.25 02:33:47.386,0.94378,0.94391,3.07,2.25
2012.07.25 02:33:47.564,0.94379,0.94393,2.25,3.00
2012.07.25 02:33:47.743,0.94379,0.94394,2.25,3.69
2012.07.25 02:33:48.118,0.94379,0.94395,2.25,2.19
2012.07.25 02:33:48.673,0.94378,0.94393,3.82,1.50
2012.07.25 02:33:51.240,0.94381,0.94393,2.25,2.19
2012.07.25 02:33:51.419,0.94381,0.94397,3.07,1.88
2012.07.25 02:33:51.841,0.94381,0.94394,1.13,1.50
2012.07.25 02:33:52.422,0.94381,0.94395,1.13,2.25
2012.07.25 02:33:52.486,0.94381,0.94397,2.63,4.50
2012.07.25 02:33:53.030,0.94381,0.94397,2.63,4.50
2012.07.25 02:33:55.472,0.94381,0.94396,1.13,3.75
2012.07.25 02:33:56.074,0.9438,0.94396,1.88,4.44
2012.07.25 02:33:56.251,0.9438,0.94396,1.13,4.44
2012.07.25 02:33:56.314,0.9438,0.94391,1.88,2.25
2012.07.25 02:33:56.551,0.9438,0.94395,3.44,1.50
2012.07.25 02:33:56.672,0.94381,0.94393,1.19,1.50
2012.07.25 02:33:56.793,0.94381,0.94395,1.13,2.25
2012.07.25 02:33:58.642,0.9438,0.94393,1.13,1.50
2012.07.25 02:34:00.421,0.94379,0.94393,1.19,1.50
2012.07.25 02:34:00.826,0.9438,0.94391,1.13,1.50
2012.07.25 02:34:01.585,0.94379,0.94391,3.44,1.50
2012.07.25 02:34:03.037,0.9438,0.94391,1.13,1.50
2012.07.25 02:34:03.337,0.9438,0.94393,1.19,1.50
2012.07.25 02:34:07.536,0.94379,0.94393,1.88,1.50
2012.07.25 02:34:08.754,0.94379,0.94393,1.94,1.50
2012.07.25 02:34:09.819,0.94379,0.94392,1.94,1.50
2012.07.25 02:34:10.972,0.94379,0.94392,1.13,1.50
2012.07.25 02:34:11.093,0.94379,0.94394,1.19,5.25
2012.07.25 02:34:13.940,0.94381,0.94395,3.00,1.50
2012.07.25 02:34:14.060,0.94381,0.94397,3.00,4.88
2012.07.25 02:34:14.181,0.94381,0.94395,3.00,1.50
2012.07.25 02:34:14.645,0.94379,0.94393,1.13,1.50
2012.07.25 02:34:16.344,0.94379,0.94392,1.13,1.50
2012.07.25 02:34:16.869,0.94378,0.94393,1.13,2.19
2012.07.25 02:34:17.357,0.94378,0.94393,1.13,2.19
2012.07.25 02:34:17.536,0.94379,0.94393,1.13,1.50
2012.07.25 02:34:18.061,0.9438,0.94394,3.00,1.44
2012.07.25 02:34:19.160,0.94378,0.94394,1.88,4.44
2012.07.25 02:34:19.223,0.94378,0.94392,1.88,1.50
2012.07.25 02:34:19.570,0.94379,0.94392,1.13,1.50
2012.07.25 02:34:19.690,0.94379,0.94394,1.13,4.44
2012.07.25 02:34:21.326,0.94379,0.94394,1.13,4.44
2012.07.25 02:34:21.504,0.94378,0.94392,1.88,1.50
2012.07.25 02:34:22.196,0.94378,0.94392,1.88,1.50
2012.07.25 02:34:23.957,0.94378,0.94392,1.88,1.50
2012.07.25 02:34:24.455,0.94378,0.9439,1.50,1.50
2012.07.25 02:34:24.806,0.94375,0.94388,2.32,1.50
2012.07.25 02:34:25.167,0.94375,0.9439,2.32,2.25
2012.07.25 02:34:27.205,0.94376,0.94392,1.57,4.50
2012.07.25 02:34:27.561,0.94381,0.94393,3.07,1.50
2012.07.25 02:34:27.682,0.94381,0.94396,3.07,2.25
2012.07.25 02:34:27.745,0.94381,0.94396,3.07,2.25
2012.07.25 02:34:28.674,0.94381,0.94397,5.32,1.50
2012.07.25 02:34:39.804,0.94382,0.94397,1.94,1.50
2012.07.25 02:34:40.220,0.94382,0.94393,1.50,1.50
2012.07.25 02:34:41.848,0.9438,0.94395,3.44,3.00
2012.07.25 02:34:42.198,0.94383,0.94394,3.00,1.50
2012.07.25 02:34:42.318,0.94381,0.94398,3.82,2.63
2012.07.25 02:34:42.496,0.94381,0.94395,3.82,1.50
2012.07.25 02:34:43.016,0.94381,0.94395,3.75,1.50
2012.07.25 02:34:45.455,0.94381,0.94395,3.75,1.50
2012.07.25 02:34:45.940,0.94381,0.94391,3.38,1.50
2012.07.25 02:34:46.061,0.94381,0.94393,2.63,1.50
2012.07.25 02:34:46.303,0.94376,0.94391,2.25,1.44
2012.07.25 02:34:46.828,0.94375,0.94388,1.13,1.50
2012.07.25 02:34:47.335,0.94375,0.94389,1.13,2.19
2012.07.25 02:34:47.686,0.94372,0.94388,2.63,5.19
2012.07.25 02:34:48.317,0.94372,0.94386,2.25,2.19
2012.07.25 02:34:48.868,0.94372,0.94386,1.50,2.19
2012.07.25 02:34:49.374,0.94372,0.94386,1.88,4.44
2012.07.25 02:34:49.780,0.9437,0.94386,3.07,4.44
2012.07.25 02:34:49.900,0.94368,0.94384,4.19,2.25
2012.07.25 02:34:50.022,0.94368,0.94384,2.69,4.44
2012.07.25 02:34:50.085,0.94368,0.94381,2.69,1.50
2012.07.25 02:34:52.724,0.94367,0.94379,1.57,1.50
2012.07.25 02:34:52.904,0.94367,0.94382,1.57,1.50
2012.07.25 02:34:53.429,0.94367,0.94381,1.57,2.25
2012.07.25 02:34:59.049,0.94367,0.9438,1.88,1.50
2012.07.25 02:34:59.580,0.94367,0.94381,1.13,4.44
2012.07.25 02:35:00.099,0.94368,0.94382,1.13,2.94
2012.07.25 02:35:00.639,0.94369,0.94382,2.25,2.94
2012.07.25 02:35:01.166,0.94369,0.94382,2.25,2.25
2012.07.25 02:35:08.924,0.94367,0.94382,1.57,2.25
2012.07.25 02:35:09.386,0.94367,0.94382,1.50,3.75
2012.07.25 02:35:10.472,0.94366,0.9438,1.94,2.25
2012.07.25 02:35:11.037,0.94367,0.94382,1.50,3.75
2012.07.25 02:35:13.886,0.94368,0.94383,3.07,2.25
2012.07.25 02:35:14.524,0.94367,0.94381,4.19,1.50
2012.07.25 02:35:18.491,0.94367,0.9438,3.82,1.50
2012.07.25 02:35:19.100,0.94367,0.9438,1.57,1.50
2012.07.25 02:35:23.668,0.94367,0.94382,1.50,4.50
2012.07.25 02:35:28.612,0.94366,0.94382,1.94,4.50
2012.07.25 02:35:28.813,0.94366,0.94379,1.57,1.50
2012.07.25 02:35:29.216,0.94365,0.94379,1.13,3.75
2012.07.25 02:35:33.731,0.94363,0.94379,3.82,4.13
2012.07.25 02:35:34.235,0.94363,0.94377,1.50,1.50
2012.07.25 02:35:34.746,0.94363,0.94377,1.50,1.50
2012.07.25 02:35:35.412,0.94363,0.94378,1.50,4.13
2012.07.25 02:35:35.996,0.94363,0.94377,1.50,1.50
2012.07.25 02:35:37.030,0.94362,0.94374,3.00,2.19
2012.07.25 02:35:37.094,0.94362,0.94374,2.25,2.19
2012.07.25 02:35:37.158,0.94359,0.94372,1.50,1.50
2012.07.25 02:35:37.222,0.94358,0.94372,2.63,1.50
2012.07.25 02:35:37.286,0.94358,0.9437,1.88,1.50
2012.07.25 02:35:37.827,0.94358,0.9437,1.13,1.50
2012.07.25 02:35:38.351,0.94359,0.94373,2.25,1.50
2012.07.25 02:35:38.881,0.94359,0.94373,3.00,2.19
2012.07.25 02:35:43.655,0.94359,0.94373,2.25,2.19
2012.07.25 02:35:45.852,0.94358,0.94373,3.75,2.19
2012.07.25 02:35:46.144,0.94359,0.94373,3.75,2.19
2012.07.25 02:35:46.268,0.94361,0.94376,3.07,1.50
2012.07.25 02:35:46.506,0.94362,0.94377,2.32,2.25
2012.07.25 02:35:47.030,0.94362,0.94378,4.57,4.44
2012.07.25 02:35:47.093,0.94362,0.94378,4.57,4.44
2012.07.25 02:35:47.214,0.94362,0.94377,3.00,2.19
2012.07.25 02:35:52.228,0.94361,0.94377,1.50,4.44
2012.07.25 02:35:57.068,0.94361,0.94376,1.50,2.25
2012.07.25 02:35:58.724,0.94361,0.94377,1.50,2.19
2012.07.25 02:35:59.242,0.94362,0.94378,2.25,3.75
2012.07.25 02:36:00.768,0.94362,0.94378,2.25,4.44
2012.07.25 02:36:04.728,0.94361,0.94375,1.50,2.25
2012.07.25 02:36:05.270,0.94361,0.94375,1.50,4.44
2012.07.25 02:36:16.701,0.9436,0.94375,3.00,2.19
2012.07.25 02:36:16.823,0.94361,0.94377,3.07,4.44
2012.07.25 02:36:17.516,0.94361,0.94376,3.07,1.50
2012.07.25 02:36:18.632,0.94361,0.94376,3.00,2.19
2012.07.25 02:36:19.159,0.94359,0.94374,2.17,1.50
2012.07.25 02:36:20.346,0.94359,0.94374,4.42,1.50
2012.07.25 02:36:22.896,0.94359,0.94373,3.60,1.50
2012.07.25 02:36:26.298,0.94359,0.94374,3.60,1.50
2012.07.25 02:36:32.664,0.94359,0.94373,2.85,1.50
2012.07.25 02:36:35.105,0.94359,0.94372,2.85,1.50
2012.07.25 02:36:35.616,0.94358,0.94373,2.85,1.50
2012.07.25 02:36:42.537,0.94358,0.94374,5.10,4.44
2012.07.25 02:36:46.164,0.94359,0.94373,2.85,1.50
2012.07.25 02:36:48.887,0.94359,0.94372,2.25,1.50
2012.07.25 02:36:49.011,0.94356,0.9437,3.38,1.50
2012.07.25 02:36:49.075,0.94356,0.9437,3.38,1.50
2012.07.25 02:36:49.602,0.94354,0.94369,1.57,1.50
2012.07.25 02:36:49.895,0.94354,0.94371,4.57,1.50
2012.07.25 02:36:52.031,0.94354,0.94371,2.32,4.44
2012.07.25 02:36:55.674,0.94353,0.9437,3.07,2.94
2012.07.25 02:36:59.792,0.94356,0.9437,2.25,2.94
2012.07.25 02:37:00.139,0.94354,0.94367,4.19,1.50
2012.07.25 02:37:02.161,0.94354,0.94367,2.25,2.25
2012.07.25 02:37:02.550,0.94352,0.94365,3.82,1.50
2012.07.25 02:37:02.670,0.94352,0.94368,3.82,2.25
2012.07.25 02:37:03.376,0.94352,0.94365,3.07,1.50
2012.07.25 02:37:05.261,0.94352,0.94365,2.32,1.50
2012.07.25 02:37:05.553,0.94353,0.94367,2.25,1.50
2012.07.25 02:37:05.967,0.94351,0.94366,3.75,1.50
2012.07.25 02:37:06.031,0.94351,0.94366,3.82,1.50
2012.07.25 02:37:06.546,0.94351,0.94366,3.82,1.50
2012.07.25 02:37:08.428,0.9435,0.94364,1.57,1.50
2012.07.25 02:37:08.841,0.94347,0.94364,3.82,2.19
2012.07.25 02:37:11.767,0.94347,0.94361,3.07,1.50
2012.07.25 02:37:12.671,0.94347,0.94363,2.32,1.44
2012.07.25 02:37:13.218,0.94348,0.94362,2.25,2.19
2012.07.25 02:37:14.527,0.94348,0.94363,2.25,3.32
2012.07.25 02:37:17.274,0.94349,0.94363,2.25,2.94
2012.07.25 02:37:17.739,0.9435,0.94367,3.75,2.57
2012.07.25 02:37:17.859,0.94352,0.94367,3.00,1.44
2012.07.25 02:37:18.643,0.94353,0.94369,2.25,3.00
2012.07.25 02:37:19.251,0.94353,0.94369,2.25,3.00
2012.07.25 02:37:19.371,0.94353,0.94369,3.38,3.00
2012.07.25 02:37:19.491,0.94355,0.9437,2.25,2.94
2012.07.25 02:37:23.118,0.94355,0.9437,4.50,1.44
2012.07.25 02:37:23.642,0.94352,0.94369,4.57,1.44
2012.07.25 02:37:23.988,0.94352,0.94367,3.07,1.50
2012.07.25 02:37:27.895,0.94353,0.94369,2.25,2.25
2012.07.25 02:37:29.387,0.94352,0.94368,3.07,1.50
2012.07.25 02:37:30.876,0.94351,0.94368,4.13,2.19
2012.07.25 02:37:31.053,0.94351,0.94366,1.88,1.44
2012.07.25 02:37:31.288,0.9435,0.94365,1.13,4.44
2012.07.25 02:37:31.899,0.9435,0.94365,1.13,4.44
2012.07.25 02:37:31.961,0.94349,0.94365,4.50,4.44
2012.07.25 02:37:36.949,0.94349,0.94365,4.50,5.19
2012.07.25 02:37:37.069,0.94349,0.94365,4.50,5.19
2012.07.25 02:37:40.237,0.94349,0.94365,3.82,5.19
2012.07.25 02:37:40.300,0.94349,0.94363,2.32,1.50
2012.07.25 02:37:43.146,0.94349,0.94365,3.82,5.19
2012.07.25 02:37:45.987,0.94349,0.94365,5.32,4.50
2012.07.25 02:37:47.423,0.94351,0.94368,1.57,4.50
2012.07.25 02:37:47.543,0.94353,0.94368,3.07,2.25
2012.07.25 02:37:48.062,0.94354,0.9437,3.07,5.19
2012.07.25 02:37:50.783,0.94354,0.9437,4.19,5.19
2012.07.25 02:37:51.326,0.94352,0.94367,1.57,1.50
2012.07.25 02:37:55.776,0.94353,0.94369,4.57,4.44
2012.07.25 02:37:58.437,0.94353,0.94369,4.57,4.82
2012.07.25 02:37:58.500,0.94353,0.94368,4.50,1.07
2012.07.25 02:37:58.853,0.94351,0.94365,1.50,4.44
2012.07.25 02:37:59.471,0.94351,0.94365,1.50,4.44
2012.07.25 02:38:01.603,0.94351,0.94365,3.00,2.25
2012.07.25 02:38:01.666,0.94351,0.94367,5.25,6.69
2012.07.25 02:38:01.786,0.94351,0.94367,5.32,4.50
2012.07.25 02:38:02.199,0.94351,0.94366,3.07,1.50
2012.07.25 02:38:02.548,0.94349,0.94363,2.25,1.50
2012.07.25 02:38:07.122,0.94351,0.94367,2.25,4.50
2012.07.25 02:38:10.337,0.9435,0.94366,1.94,1.50
2012.07.25 02:38:10.400,0.9435,0.94366,1.88,4.44
2012.07.25 02:38:11.143,0.94352,0.94366,1.50,2.94
2012.07.25 02:38:11.502,0.94354,0.94366,1.50,2.25
2012.07.25 02:38:11.796,0.94354,0.94369,2.25,2.25
2012.07.25 02:38:12.179,0.94356,0.94371,4.50,1.44
2012.07.25 02:38:12.358,0.94356,0.94374,5.32,5.25
2012.07.25 02:38:12.908,0.94358,0.94374,2.32,2.25
2012.07.25 02:38:13.445,0.94357,0.94373,2.32,1.50
2012.07.25 02:38:13.744,0.94356,0.94371,2.25,1.50
2012.07.25 02:38:14.267,0.94355,0.94371,3.07,3.75
2012.07.25 02:38:14.775,0.94355,0.94371,2.32,4.13
2012.07.25 02:38:15.302,0.94353,0.94369,2.25,3.75
2012.07.25 02:38:15.653,0.94353,0.94368,2.32,2.63
2012.07.25 02:38:23.592,0.94352,0.94368,4.57,2.63
2012.07.25 02:38:24.594,0.94352,0.94367,2.25,1.50
2012.07.25 02:38:24.658,0.94351,0.94365,3.07,2.25
2012.07.25 02:38:30.342,0.94352,0.94366,1.50,1.07
2012.07.25 02:38:30.405,0.94352,0.94368,1.57,1.44
2012.07.25 02:38:31.211,0.94353,0.94369,2.25,3.75
2012.07.25 02:38:32.450,0.94354,0.94367,2.25,1.88
2012.07.25 02:38:32.975,0.94355,0.94369,1.50,3.75
2012.07.25 02:38:34.318,0.94355,0.94369,1.50,3.75
2012.07.25 02:38:34.818,0.94355,0.94366,1.50,2.25
2012.07.25 02:38:34.941,0.94351,0.94366,4.19,2.25
2012.07.25 02:38:35.178,0.94353,0.94367,3.75,2.19
2012.07.25 02:38:35.299,0.94353,0.9437,3.00,2.57
2012.07.25 02:38:35.535,0.94353,0.9437,3.75,2.57
2012.07.25 02:38:35.884,0.94357,0.9437,2.25,1.07
2012.07.25 02:38:36.407,0.94356,0.94369,2.25,2.19
2012.07.25 02:38:36.807,0.94357,0.94371,2.25,2.94
2012.07.25 02:38:40.780,0.94357,0.94371,2.25,2.94
2012.07.25 02:38:40.903,0.94353,0.94369,1.79,1.50
2012.07.25 02:38:40.968,0.94353,0.94367,1.13,2.19
2012.07.25 02:38:41.206,0.9435,0.94364,1.73,3.32
2012.07.25 02:38:41.728,0.9435,0.94365,3.60,2.63
2012.07.25 02:38:49.262,0.9435,0.94365,3.00,3.00
2012.07.25 02:38:52.718,0.9435,0.94365,3.00,2.25
2012.07.25 02:38:53.388,0.9435,0.94365,3.07,2.25
2012.07.25 02:38:53.565,0.94352,0.94367,2.25,2.94
2012.07.25 02:38:53.797,0.9435,0.94366,4.50,2.25
2012.07.25 02:38:54.350,0.9435,0.94365,3.00,2.19
2012.07.25 02:39:00.764,0.94348,0.94364,4.50,1.50
2012.07.25 02:39:00.826,0.94347,0.94362,6.67,1.50
2012.07.25 02:39:00.889,0.94347,0.94362,6.67,1.50
2012.07.25 02:39:07.098,0.94346,0.94361,4.42,1.50
2012.07.25 02:39:07.222,0.94346,0.94358,3.60,1.50
2012.07.25 02:39:07.749,0.94346,0.9436,2.10,1.44
2012.07.25 02:39:08.102,0.94343,0.94355,3.75,2.25
2012.07.25 02:39:08.452,0.94341,0.94355,2.25,2.25
2012.07.25 02:39:11.049,0.94346,0.94356,2.25,1.44
2012.07.25 02:39:11.285,0.94341,0.94356,2.25,2.25
2012.07.25 02:39:11.809,0.94342,0.94358,3.00,2.57
2012.07.25 02:39:13.830,0.94342,0.94358,1.94,1.50
2012.07.25 02:39:14.068,0.94345,0.9436,3.82,2.63
2012.07.25 02:39:15.396,0.94345,0.9436,4.57,1.50
2012.07.25 02:39:15.862,0.94348,0.94364,1.50,3.32
2012.07.25 02:39:16.385,0.94348,0.94363,4.50,1.50
2012.07.25 02:39:16.858,0.94346,0.94362,1.57,4.13
2012.07.25 02:39:17.095,0.94345,0.94359,1.50,2.25
2012.07.25 02:39:17.333,0.94342,0.94357,2.17,3.75
2012.07.25 02:39:17.456,0.9434,0.94355,3.00,2.19
2012.07.25 02:39:17.989,0.94341,0.94357,1.50,1.44
2012.07.25 02:39:19.411,0.94341,0.94358,1.57,5.25
2012.07.25 02:39:19.954,0.94344,0.94358,1.50,3.38
2012.07.25 02:39:20.309,0.94346,0.9436,1.50,3.75
2012.07.25 02:39:20.544,0.94344,0.94357,1.50,1.50
2012.07.25 02:39:20.723,0.94344,0.94355,1.50,1.50
2012.07.25 02:39:21.072,0.94342,0.94355,2.25,1.50
2012.07.25 02:39:21.609,0.94342,0.94358,2.25,5.57
2012.07.25 02:39:24.062,0.94343,0.94358,3.07,2.25
2012.07.25 02:39:24.418,0.94346,0.94359,1.50,2.94
2012.07.25 02:39:24.598,0.94346,0.94362,4.94,1.88
2012.07.25 02:39:24.834,0.94347,0.94363,2.63,1.50
2012.07.25 02:39:25.071,0.9435,0.94363,2.25,1.50
2012.07.25 02:39:25.423,0.9435,0.94365,3.82,1.50
2012.07.25 02:39:26.189,0.94351,0.94365,2.32,1.50
2012.07.25 02:39:30.438,0.94353,0.94365,2.25,1.50
2012.07.25 02:39:30.613,0.94353,0.94367,2.25,2.19
2012.07.25 02:39:30.790,0.94355,0.94367,2.25,2.19
2012.07.25 02:39:31.336,0.94355,0.94368,2.25,1.50
2012.07.25 02:39:32.380,0.94354,0.94368,3.75,1.50
2012.07.25 02:39:36.028,0.94353,0.94368,2.32,4.50
2012.07.25 02:39:36.379,0.9435,0.94364,4.19,1.50
2012.07.25 02:39:36.620,0.94351,0.94366,2.32,1.50
2012.07.25 02:39:41.730,0.94351,0.94366,2.25,2.25
2012.07.25 02:39:41.963,0.94349,0.94364,2.25,1.50
2012.07.25 02:40:00.694,0.94348,0.94363,1.57,1.50
2012.07.25 02:40:05.952,0.94348,0.94363,1.57,1.50
2012.07.25 02:40:06.071,0.94348,0.94363,1.57,1.50
2012.07.25 02:40:09.918,0.94348,0.94363,4.19,1.50
2012.07.25 02:40:10.443,0.94351,0.94364,2.25,1.50
2012.07.25 02:40:10.735,0.94352,0.94364,3.00,1.50
2012.07.25 02:40:10.799,0.94352,0.94368,4.50,2.19
2012.07.25 02:40:11.161,0.94351,0.94364,3.07,1.50
2012.07.25 02:40:11.409,0.9435,0.94367,3.00,6.69
2012.07.25 02:40:11.643,0.9435,0.94363,1.50,1.50
2012.07.25 02:40:11.992,0.9435,0.94365,2.25,1.50
2012.07.25 02:40:13.814,0.94351,0.94365,2.25,1.50
2012.07.25 02:40:14.296,0.9435,0.94361,2.25,1.50
2012.07.25 02:40:14.672,0.9435,0.94363,2.25,2.19
2012.07.25 02:40:16.533,0.94348,0.94363,2.63,2.19
2012.07.25 02:40:16.711,0.94348,0.94361,1.13,1.50
2012.07.25 02:40:17.003,0.94348,0.94363,1.13,2.19
2012.07.25 02:40:17.066,0.94351,0.94364,2.25,2.19
2012.07.25 02:40:27.358,0.94351,0.94362,2.25,1.50
2012.07.25 02:40:31.265,0.9435,0.94362,2.25,1.50
2012.07.25 02:40:38.541,0.94347,0.94362,3.75,1.50
2012.07.25 02:40:43.945,0.94347,0.94362,3.75,2.25
2012.07.25 02:40:46.288,0.94347,0.94363,5.63,1.07
2012.07.25 02:40:46.698,0.9435,0.94365,2.25,5.25
2012.07.25 02:40:46.762,0.94351,0.94365,3.00,1.50
2012.07.25 02:40:46.884,0.9435,0.94361,2.32,2.25
2012.07.25 02:40:47.064,0.94347,0.94361,1.13,4.44
2012.07.25 02:40:47.129,0.9435,0.94361,2.25,2.19
2012.07.25 02:40:47.253,0.94348,0.94359,2.25,2.19
2012.07.25 02:40:47.786,0.94347,0.9436,2.25,2.19
2012.07.25 02:40:48.905,0.94347,0.9436,2.25,2.19
2012.07.25 02:40:51.648,0.94347,0.94357,2.25,1.50
2012.07.25 02:40:51.832,0.94347,0.94354,2.25,2.19
2012.07.25 02:40:52.132,0.94338,0.94354,1.73,2.19
2012.07.25 02:40:52.202,0.94339,0.94353,3.00,1.50
2012.07.25 02:40:52.708,0.9434,0.94355,1.50,5.19
2012.07.25 02:40:55.236,0.94339,0.94353,3.00,1.50
2012.07.25 02:40:55.778,0.94338,0.94352,1.35,2.19
2012.07.25 02:40:56.306,0.94337,0.94351,2.85,1.50
2012.07.25 02:40:56.484,0.9434,0.94351,2.25,1.50
2012.07.25 02:40:57.044,0.9434,0.94352,2.25,2.19
2012.07.25 02:40:57.876,0.9434,0.94353,2.25,1.50
2012.07.25 02:40:58.396,0.9434,0.94352,2.25,1.50
2012.07.25 02:40:58.931,0.9434,0.94352,2.25,2.19
2012.07.25 02:40:59.961,0.9434,0.94352,2.25,1.50
2012.07.25 02:41:01.244,0.9434,0.94354,2.25,1.07
2012.07.25 02:41:01.765,0.94341,0.94356,5.63,1.50
2012.07.25 02:41:01.829,0.94343,0.94358,1.50,3.32
2012.07.25 02:41:02.350,0.94342,0.94358,6.00,1.82
2012.07.25 02:41:02.896,0.94342,0.94356,1.50,2.25
2012.07.25 02:41:03.424,0.94341,0.94356,1.50,5.19
2012.07.25 02:41:06.265,0.94343,0.94356,1.50,2.63
2012.07.25 02:41:06.794,0.94344,0.94358,1.50,2.94
2012.07.25 02:41:07.141,0.94344,0.94358,1.50,1.44
2012.07.25 02:41:07.775,0.94345,0.9436,2.25,1.07
2012.07.25 02:41:08.327,0.94345,0.94361,2.25,5.57
2012.07.25 02:41:09.095,0.94344,0.9436,3.82,2.94
2012.07.25 02:41:09.694,0.94344,0.94359,2.25,2.57
2012.07.25 02:41:11.475,0.94344,0.94358,2.25,1.50
2012.07.25 02:41:11.652,0.94342,0.94356,3.07,1.88
2012.07.25 02:41:14.275,0.94345,0.94359,2.32,1.88
2012.07.25 02:41:16.986,0.94345,0.94359,1.57,1.50
2012.07.25 02:41:17.049,0.94342,0.94357,2.32,2.63
2012.07.25 02:41:17.583,0.94341,0.94357,3.00,4.82
2012.07.25 02:41:18.144,0.94341,0.94357,3.07,5.94
2012.07.25 02:41:18.666,0.94343,0.94357,1.50,4.44
2012.07.25 02:41:19.196,0.94341,0.94357,4.57,5.25
2012.07.25 02:41:21.134,0.94341,0.94357,3.07,4.50
2012.07.25 02:41:26.832,0.94341,0.94356,4.57,1.88
2012.07.25 02:41:27.367,0.94343,0.94357,2.32,1.50
2012.07.25 02:41:27.605,0.94345,0.9436,2.32,1.50
2012.07.25 02:41:28.446,0.94346,0.94361,1.50,1.50
2012.07.25 02:41:28.758,0.94347,0.94362,1.50,3.00
2012.07.25 02:41:33.524,0.94349,0.94363,1.50,1.50
2012.07.25 02:41:34.052,0.9435,0.94364,1.50,1.50
2012.07.25 02:41:34.609,0.94349,0.94362,2.32,1.50
2012.07.25 02:41:38.557,0.94348,0.94362,2.25,1.50
2012.07.25 02:41:40.001,0.94344,0.94361,5.32,1.88
2012.07.25 02:41:41.976,0.94345,0.94361,1.57,1.50
2012.07.25 02:41:42.152,0.94347,0.94361,2.25,1.50
2012.07.25 02:41:42.669,0.94347,0.94362,3.82,3.00
2012.07.25 02:41:45.128,0.94346,0.94359,3.07,1.50
2012.07.25 02:41:45.364,0.94344,0.94358,3.07,1.50
2012.07.25 02:41:45.913,0.94343,0.94358,2.32,2.25
2012.07.25 02:41:47.295,0.94343,0.94358,2.32,1.88
2012.07.25 02:41:49.095,0.94343,0.94358,1.57,1.88
2012.07.25 02:41:50.143,0.94343,0.94358,1.57,1.88
2012.07.25 02:41:53.667,0.94343,0.94358,1.57,1.88
2012.07.25 02:41:54.188,0.94343,0.94358,1.57,2.25
2012.07.25 02:41:54.737,0.94343,0.94358,1.57,2.25
2012.07.25 02:41:56.183,0.94345,0.94358,3.82,1.50
2012.07.25 02:41:56.536,0.94343,0.94358,3.82,1.50
2012.07.25 02:41:56.944,0.94343,0.94357,2.32,3.00
2012.07.25 02:41:57.862,0.94341,0.94354,3.00,1.50
2012.07.25 02:41:58.389,0.94341,0.94357,2.32,3.75
2012.07.25 02:41:58.912,0.94342,0.94357,1.57,2.63
2012.07.25 02:41:59.214,0.94342,0.94358,3.82,3.75
2012.07.25 02:41:59.394,0.94342,0.94359,4.57,1.50
2012.07.25 02:42:00.158,0.94343,0.94359,2.32,1.50
2012.07.25 02:42:06.503,0.94344,0.9436,1.57,2.25
2012.07.25 02:42:08.293,0.94344,0.94361,3.82,2.25
2012.07.25 02:42:08.357,0.94344,0.94361,5.32,2.94
2012.07.25 02:42:08.420,0.94347,0.94362,1.50,6.32
2012.07.25 02:42:09.146,0.94345,0.9436,3.82,1.50
2012.07.25 02:42:11.140,0.94348,0.9436,2.25,1.50
2012.07.25 02:42:11.263,0.94348,0.94362,2.25,2.25
2012.07.25 02:42:11.875,0.94349,0.94363,1.50,1.50
2012.07.25 02:42:12.844,0.94349,0.94364,1.57,4.88
2012.07.25 02:42:13.079,0.94352,0.94366,1.50,1.50
2012.07.25 02:42:13.602,0.94351,0.94366,3.75,3.00
2012.07.25 02:42:16.177,0.94351,0.94364,1.50,1.44
2012.07.25 02:42:17.628,0.94349,0.94364,2.25,2.94
2012.07.25 02:42:17.750,0.94349,0.94363,2.25,4.44
2012.07.25 02:42:17.873,0.94346,0.94361,2.25,3.00
2012.07.25 02:42:18.819,0.94348,0.94363,3.75,2.19
2012.07.25 02:42:18.941,0.94351,0.94364,1.50,3.69
2012.07.25 02:42:19.495,0.9435,0.94364,1.50,1.44
2012.07.25 02:42:19.847,0.94354,0.94368,1.50,1.44
2012.07.25 02:42:19.912,0.94354,0.94369,1.50,3.69
2012.07.25 02:42:20.322,0.94353,0.94368,1.50,2.19
2012.07.25 02:42:20.614,0.94354,0.94369,3.75,2.57
2012.07.25 02:42:21.244,0.94354,0.94368,2.25,2.19
2012.07.25 02:42:26.781,0.94354,0.94368,2.25,2.19
2012.07.25 02:42:27.301,0.94353,0.94367,1.50,1.44
2012.07.25 02:42:27.714,0.94351,0.94366,3.00,2.19
2012.07.25 02:42:28.218,0.9435,0.94366,1.50,3.69
2012.07.25 02:42:28.838,0.9435,0.94366,1.50,3.69
2012.07.25 02:42:34.486,0.9435,0.94366,2.25,3.69
2012.07.25 02:42:35.005,0.9435,0.94366,2.25,1.44
2012.07.25 02:42:35.465,0.94352,0.94367,2.25,2.19
2012.07.25 02:42:35.584,0.94352,0.94367,2.25,2.19
2012.07.25 02:42:36.192,0.94352,0.94367,2.25,2.19
2012.07.25 02:42:36.594,0.94352,0.94364,2.25,1.50
2012.07.25 02:42:36.659,0.94347,0.94364,6.44,1.50
2012.07.25 02:42:36.781,0.94351,0.94365,2.25,2.19
2012.07.25 02:42:37.304,0.9435,0.94364,2.25,2.19
2012.07.25 02:42:37.656,0.9435,0.94366,2.25,2.94
2012.07.25 02:42:38.888,0.9435,0.94366,2.25,3.32
2012.07.25 02:42:39.760,0.9435,0.94366,2.25,3.32
2012.07.25 02:42:41.905,0.94349,0.94365,2.32,2.25
2012.07.25 02:42:41.969,0.94349,0.94364,1.57,1.13
2012.07.25 02:42:42.504,0.94346,0.94361,4.50,1.50
2012.07.25 02:42:43.965,0.94346,0.94361,2.25,2.25
2012.07.25 02:42:44.028,0.94345,0.94357,1.19,1.50
2012.07.25 02:42:50.448,0.94344,0.94357,2.25,1.50
2012.07.25 02:42:51.006,0.94343,0.94357,2.32,1.50
2012.07.25 02:42:51.183,0.94344,0.94357,2.32,1.50
2012.07.25 02:42:51.246,0.94344,0.94359,3.82,3.00
2012.07.25 02:42:51.367,0.94345,0.94362,1.94,5.94
2012.07.25 02:42:51.828,0.94344,0.94359,4.19,1.50
2012.07.25 02:42:51.890,0.94345,0.94361,1.94,2.19
2012.07.25 02:42:52.682,0.94347,0.94362,1.50,2.94
2012.07.25 02:42:56.629,0.94346,0.94361,3.82,2.19
2012.07.25 02:42:58.379,0.94346,0.94361,3.75,2.19
2012.07.25 02:42:58.616,0.94343,0.94359,1.88,1.44
2012.07.25 02:42:59.139,0.94342,0.94358,3.07,5.57
2012.07.25 02:42:59.202,0.94342,0.94355,3.07,1.50
2012.07.25 02:42:59.667,0.94341,0.94357,3.82,5.19
2012.07.25 02:43:02.360,0.94341,0.94358,4.94,2.19
2012.07.25 02:43:03.318,0.94341,0.94358,4.94,1.50
2012.07.25 02:43:05.121,0.94344,0.94359,1.88,4.44
2012.07.25 02:43:05.473,0.94346,0.94361,2.25,5.19
2012.07.25 02:43:06.553,0.94346,0.94361,2.25,3.75
2012.07.25 02:43:06.732,0.94347,0.94364,2.25,4.44
2012.07.25 02:43:07.328,0.94346,0.94362,3.07,1.50
2012.07.25 02:43:09.530,0.94348,0.94362,2.25,1.50
2012.07.25 02:43:09.826,0.9435,0.94365,2.32,2.25
2012.07.25 02:43:10.179,0.94353,0.94368,1.50,1.44
2012.07.25 02:43:10.591,0.94355,0.94369,2.25,1.44
2012.07.25 02:43:14.480,0.94354,0.9437,2.25,4.44
2012.07.25 02:43:15.087,0.94354,0.94367,2.25,1.50
2012.07.25 02:43:16.201,0.94354,0.94367,2.25,2.57
2012.07.25 02:43:16.265,0.94352,0.94367,1.50,2.57
2012.07.25 02:43:16.328,0.94351,0.94367,4.50,1.07
2012.07.25 02:43:16.506,0.94353,0.94367,2.25,1.07
2012.07.25 02:43:17.026,0.94352,0.94367,2.32,2.19
2012.07.25 02:43:20.153,0.94352,0.94367,1.94,2.19
2012.07.25 02:43:23.213,0.94352,0.94367,4.57,1.50
2012.07.25 02:43:26.109,0.94352,0.94367,1.50,2.19
2012.07.25 02:43:26.568,0.9435,0.94363,1.13,1.50
2012.07.25 02:43:27.295,0.94349,0.94363,3.07,1.50
2012.07.25 02:43:27.632,0.9435,0.94365,2.25,1.50
2012.07.25 02:43:30.875,0.94352,0.94365,2.25,1.50
2012.07.25 02:43:31.328,0.94352,0.94368,2.25,5.94
2012.07.25 02:43:31.620,0.94354,0.94368,1.50,1.44
2012.07.25 02:43:32.145,0.94355,0.9437,1.50,3.69
2012.07.25 02:43:32.831,0.94354,0.94369,3.75,2.19
2012.07.25 02:43:33.180,0.94352,0.94368,1.13,1.50
2012.07.25 02:43:34.480,0.94351,0.94366,3.07,1.50
2012.07.25 02:43:34.831,0.9435,0.94363,2.25,2.94
2012.07.25 02:43:35.069,0.94347,0.94362,3.00,4.07
2012.07.25 02:43:35.132,0.94347,0.9436,2.25,1.50
2012.07.25 02:43:35.787,0.94345,0.9436,3.00,1.50
2012.07.25 02:43:37.789,0.94345,0.9436,3.82,1.50
2012.07.25 02:43:38.314,0.94349,0.94363,2.25,2.19
2012.07.25 02:43:38.378,0.94348,0.94363,5.63,1.50
2012.07.25 02:43:38.558,0.9435,0.94365,1.50,2.19
2012.07.25 02:43:38.910,0.94352,0.94366,1.50,1.44
2012.07.25 02:43:41.558,0.94352,0.94367,1.50,2.19
2012.07.25 02:43:47.048,0.94352,0.94367,1.50,2.19
2012.07.25 02:43:54.028,0.94351,0.94366,3.44,2.19
2012.07.25 02:44:08.786,0.94352,0.94367,1.50,2.19
2012.07.25 02:44:16.025,0.94351,0.94366,2.63,2.19
2012.07.25 02:44:18.947,0.94349,0.94362,1.50,1.44
2012.07.25 02:44:19.126,0.94345,0.9436,3.00,3.69
2012.07.25 02:44:19.190,0.94344,0.94357,2.10,4.44
2012.07.25 02:44:19.254,0.94342,0.94357,2.25,4.44
2012.07.25 02:44:19.500,0.94344,0.94357,2.25,1.50
2012.07.25 02:44:20.047,0.94344,0.94358,1.50,2.25
2012.07.25 02:44:20.815,0.94342,0.94358,2.69,3.75
2012.07.25 02:44:21.347,0.94342,0.94358,2.63,4.44
2012.07.25 02:44:21.700,0.94341,0.94353,2.25,1.50
2012.07.25 02:44:22.805,0.9434,0.94353,3.00,1.50
2012.07.25 02:44:23.785,0.9434,0.94355,3.75,2.19
2012.07.25 02:44:25.679,0.9434,0.94355,5.32,1.50
2012.07.25 02:44:26.028,0.9434,0.94356,2.32,2.19
2012.07.25 02:44:26.147,0.94343,0.94357,2.63,2.19
2012.07.25 02:44:26.667,0.94341,0.94357,5.25,2.94
2012.07.25 02:44:26.902,0.94341,0.94357,4.13,2.94
2012.07.25 02:44:28.594,0.94341,0.94357,4.43,2.94
2012.07.25 02:44:29.663,0.94341,0.94357,5.24,2.25
2012.07.25 02:44:29.782,0.94343,0.94359,1.80,1.50
2012.07.25 02:44:29.902,0.94342,0.94357,4.12,1.50
2012.07.25 02:44:30.479,0.94348,0.94357,2.25,1.50
2012.07.25 02:44:30.657,0.94348,0.9436,2.25,2.94
2012.07.25 02:44:31.594,0.94345,0.9436,2.25,2.94
2012.07.25 02:44:31.657,0.94348,0.9436,1.50,2.94
2012.07.25 02:44:31.779,0.94346,0.9436,1.50,5.19
2012.07.25 02:44:31.841,0.94344,0.9436,3.07,5.19
2012.07.25 02:44:32.076,0.94344,0.9436,2.32,7.44
2012.07.25 02:44:32.313,0.94342,0.94357,3.75,1.50
2012.07.25 02:44:32.835,0.9434,0.94356,1.50,2.25
2012.07.25 02:44:33.356,0.94339,0.94356,4.50,2.94
2012.07.25 02:44:35.724,0.9434,0.94356,3.00,2.19
2012.07.25 02:44:36.269,0.94342,0.94357,1.50,2.57
2012.07.25 02:44:38.751,0.9434,0.94356,3.44,2.19
2012.07.25 02:44:40.276,0.94341,0.94358,2.25,6.32
2012.07.25 02:44:41.287,0.94341,0.94357,2.25,1.07
2012.07.25 02:44:50.248,0.94342,0.94357,1.50,2.94
2012.07.25 02:44:50.873,0.94343,0.94357,2.25,2.25
2012.07.25 02:44:51.541,0.94344,0.94357,2.25,1.50
2012.07.25 02:44:52.004,0.94344,0.94359,1.50,1.50
2012.07.25 02:44:52.066,0.94346,0.94361,1.50,7.07
2012.07.25 02:44:52.185,0.94343,0.9436,5.32,1.50
2012.07.25 02:44:53.864,0.94343,0.94358,3.75,1.07
2012.07.25 02:44:54.538,0.94341,0.94356,3.07,1.50
2012.07.25 02:44:58.575,0.94341,0.94356,3.00,2.63
2012.07.25 02:44:58.927,0.94341,0.94352,2.25,2.19
2012.07.25 02:44:59.401,0.94341,0.94354,2.25,1.50
2012.07.25 02:45:00.047,0.94341,0.94351,2.25,1.50
2012.07.25 02:45:00.434,0.94339,0.94351,3.00,1.50
2012.07.25 02:45:02.511,0.9434,0.94351,2.25,1.50
2012.07.25 02:45:02.575,0.9434,0.94354,2.25,1.50
2012.07.25 02:45:03.091,0.9434,0.94354,2.25,2.25
2012.07.25 02:45:03.645,0.94339,0.94354,3.00,2.94
2012.07.25 02:45:06.096,0.94339,0.94352,3.00,1.50
2012.07.25 02:45:10.394,0.94339,0.94352,3.00,2.19
2012.07.25 02:45:10.514,0.94339,0.94352,2.25,2.94
2012.07.25 02:45:10.633,0.94337,0.94352,3.00,1.50
2012.07.25 02:45:11.150,0.94338,0.94353,1.50,2.94
2012.07.25 02:45:11.606,0.94337,0.94351,2.25,1.50
2012.07.25 02:45:15.306,0.94339,0.94351,2.25,1.50
2012.07.25 02:45:15.426,0.94339,0.94353,2.25,1.50
2012.07.25 02:45:16.454,0.94339,0.94352,2.25,1.50
2012.07.25 02:45:22.925,0.94339,0.94355,2.25,2.94
2012.07.25 02:45:25.321,0.94339,0.94352,2.25,1.50
2012.07.25 02:45:27.123,0.94339,0.94351,2.25,1.50
2012.07.25 02:45:28.792,0.94339,0.94352,2.25,1.50
2012.07.25 02:45:42.104,0.94339,0.94355,3.07,2.25
2012.07.25 02:45:42.167,0.9434,0.94355,3.07,1.50
2012.07.25 02:45:42.231,0.94341,0.94357,1.50,1.50
2012.07.25 02:45:42.758,0.94342,0.94358,4.57,3.69
2012.07.25 02:45:44.273,0.94342,0.94357,3.07,1.50
2012.07.25 02:45:44.819,0.94343,0.94357,2.32,1.50
2012.07.25 02:45:45.433,0.94343,0.94359,2.32,5.94
2012.07.25 02:45:46.205,0.94343,0.94356,3.07,1.50
2012.07.25 02:45:46.556,0.94338,0.94352,3.75,1.50
2012.07.25 02:45:47.007,0.94341,0.94356,1.50,2.25
2012.07.25 02:45:47.185,0.94343,0.94358,1.50,5.19
2012.07.25 02:45:47.565,0.94341,0.94356,5.25,1.50
2012.07.25 02:45:49.882,0.94341,0.94356,4.94,1.50
2012.07.25 02:45:58.243,0.94343,0.94357,1.50,2.25
2012.07.25 02:45:58.775,0.94343,0.94358,1.50,4.50
2012.07.25 02:46:04.636,0.94345,0.94358,1.50,3.00
2012.07.25 02:46:05.654,0.94347,0.94359,1.50,3.00
2012.07.25 02:46:05.775,0.94348,0.94362,2.25,2.25
2012.07.25 02:46:06.125,0.94349,0.94364,1.50,2.25
2012.07.25 02:46:08.082,0.94349,0.94364,3.38,2.25
2012.07.25 02:46:10.615,0.94349,0.94364,1.50,2.25
2012.07.25 02:46:10.834,0.94348,0.94362,1.19,2.25
2012.07.25 02:46:11.509,0.94348,0.94363,1.13,1.50
2012.07.25 02:46:15.082,0.94348,0.94363,1.13,1.50
2012.07.25 02:46:15.610,0.9435,0.94364,2.25,2.25
2012.07.25 02:46:17.460,0.94349,0.9436,1.50,2.25
2012.07.25 02:46:17.639,0.94347,0.94362,1.13,1.50
2012.07.25 02:46:18.159,0.94348,0.94363,2.69,2.25
2012.07.25 02:46:18.682,0.94348,0.94363,3.07,2.25
2012.07.25 02:46:18.745,0.94348,0.94361,3.07,1.50
2012.07.25 02:46:19.325,0.94347,0.94362,4.19,1.50
2012.07.25 02:46:21.140,0.94347,0.94362,3.07,1.50
2012.07.25 02:46:30.438,0.94348,0.94364,4.13,3.00
2012.07.25 02:46:31.005,0.94348,0.94365,3.00,5.19
2012.07.25 02:46:31.533,0.94351,0.94363,1.50,2.25
2012.07.25 02:46:31.653,0.94349,0.94363,1.50,2.94
2012.07.25 02:46:35.176,0.94349,0.94364,3.82,1.50
2012.07.25 02:46:35.584,0.94348,0.94362,3.00,1.50
2012.07.25 02:46:36.781,0.94347,0.94361,1.19,1.50
2012.07.25 02:46:41.526,0.94348,0.94361,1.50,1.50
2012.07.25 02:46:46.105,0.94347,0.94361,1.13,1.50
2012.07.25 02:46:48.636,0.94347,0.94361,1.88,1.50
2012.07.25 02:46:57.330,0.94347,0.94361,1.13,1.50
2012.07.25 02:46:57.853,0.9435,0.94362,2.25,1.50
2012.07.25 02:46:59.798,0.94347,0.94362,3.07,1.50
2012.07.25 02:47:00.402,0.94346,0.94361,4.94,1.50
2012.07.25 02:47:06.140,0.94347,0.94362,2.32,1.50
2012.07.25 02:47:06.731,0.94346,0.94361,3.82,1.50
2012.07.25 02:47:06.965,0.94346,0.94361,3.44,1.50
2012.07.25 02:47:07.258,0.94346,0.94359,2.32,1.50
2012.07.25 02:47:07.321,0.94344,0.94358,3.07,1.50
2012.07.25 02:47:07.850,0.94343,0.94357,1.94,1.50
2012.07.25 02:47:13.041,0.94341,0.94354,3.07,1.50
2012.07.25 02:47:14.464,0.94339,0.94354,5.25,1.50
2012.07.25 02:47:14.994,0.94339,0.94354,4.88,1.50
2012.07.25 02:47:15.206,0.94341,0.94354,2.25,1.50
2012.07.25 02:47:20.340,0.94342,0.94357,1.50,5.19
2012.07.25 02:47:20.744,0.94343,0.94358,1.50,2.94
2012.07.25 02:47:24.239,0.94343,0.94359,1.88,1.44
2012.07.25 02:47:24.751,0.94343,0.9436,1.88,5.19
2012.07.25 02:47:24.930,0.94342,0.94357,6.00,1.50
2012.07.25 02:47:25.397,0.94344,0.94359,1.50,4.44
2012.07.25 02:47:25.898,0.94344,0.94359,1.50,4.44
2012.07.25 02:47:26.412,0.94344,0.94358,1.50,1.44
2012.07.25 02:47:27.121,0.94342,0.94357,2.25,2.94
2012.07.25 02:47:33.670,0.94341,0.94356,3.00,1.50
2012.07.25 02:47:39.919,0.94341,0.94356,2.25,2.94
2012.07.25 02:47:40.463,0.9434,0.94356,2.32,2.94
2012.07.25 02:47:43.022,0.94339,0.94355,4.57,3.69
2012.07.25 02:47:45.681,0.94339,0.94355,4.57,3.75
2012.07.25 02:47:48.835,0.94339,0.94355,4.50,3.00
2012.07.25 02:47:49.423,0.94339,0.94355,4.50,3.69
2012.07.25 02:47:49.939,0.94339,0.94353,3.00,1.50
2012.07.25 02:47:50.798,0.9434,0.94355,1.50,5.19
2012.07.25 02:47:59.045,0.9434,0.94355,1.50,5.19
2012.07.25 02:47:59.631,0.94339,0.94353,3.00,2.25
2012.07.25 02:48:02.869,0.94339,0.94355,4.50,3.00
2012.07.25 02:48:05.511,0.94342,0.94355,1.50,2.25
2012.07.25 02:48:07.145,0.9434,0.94355,1.50,3.75
2012.07.25 02:48:11.195,0.9434,0.94355,1.88,3.75
2012.07.25 02:48:11.696,0.9434,0.94355,4.19,1.50
2012.07.25 02:48:11.758,0.94342,0.94357,3.07,3.00
2012.07.25 02:48:11.877,0.94342,0.94355,3.07,2.25
2012.07.25 02:48:13.143,0.94341,0.94355,1.88,2.25
2012.07.25 02:48:13.661,0.94343,0.94357,1.50,4.44
2012.07.25 02:48:14.309,0.94342,0.94357,1.50,5.94
2012.07.25 02:48:16.112,0.94342,0.94357,1.57,3.75
2012.07.25 02:48:18.018,0.94343,0.94356,1.50,2.25
2012.07.25 02:48:18.594,0.94342,0.94356,1.50,3.00
2012.07.25 02:48:19.112,0.94342,0.94356,1.50,3.69
2012.07.25 02:48:21.998,0.94339,0.94355,1.94,1.44
2012.07.25 02:48:23.200,0.94342,0.94355,1.50,1.44
2012.07.25 02:48:23.548,0.94344,0.94357,1.50,3.69
2012.07.25 02:48:24.375,0.94341,0.94357,5.25,3.69
2012.07.25 02:48:25.496,0.9434,0.94355,1.50,4.44
2012.07.25 02:48:33.883,0.94341,0.94357,1.50,1.44
2012.07.25 02:48:34.224,0.94344,0.94357,1.50,1.44
2012.07.25 02:48:34.631,0.94344,0.94359,2.25,5.94
2012.07.25 02:48:34.866,0.94346,0.94359,1.50,3.69
2012.07.25 02:48:34.987,0.94344,0.94358,2.25,1.50
2012.07.25 02:48:35.223,0.94343,0.94356,3.00,1.50
2012.07.25 02:48:37.168,0.94342,0.94358,3.00,2.19
2012.07.25 02:48:37.917,0.94343,0.94359,1.50,5.19
2012.07.25 02:48:38.775,0.94343,0.94359,1.50,5.19
2012.07.25 02:48:42.147,0.94343,0.94356,1.50,1.50
2012.07.25 02:48:49.336,0.94343,0.94358,5.25,1.50
2012.07.25 02:48:49.455,0.94345,0.94359,1.50,3.69
2012.07.25 02:48:49.689,0.94343,0.94358,5.32,1.50
2012.07.25 02:48:52.125,0.94343,0.94358,5.63,1.50
2012.07.25 02:48:58.080,0.94343,0.94358,4.50,1.50
2012.07.25 02:48:59.270,0.94344,0.94359,1.50,4.44
2012.07.25 02:48:59.391,0.94344,0.9436,1.50,2.25
2012.07.25 02:48:59.567,0.94344,0.9436,3.38,2.25
2012.07.25 02:49:00.287,0.94345,0.94361,2.63,3.69
2012.07.25 02:49:00.643,0.94344,0.94359,1.50,2.25
2012.07.25 02:49:00.818,0.94343,0.94359,1.50,2.25
2012.07.25 02:49:01.109,0.94343,0.94357,1.50,1.50
2012.07.25 02:49:02.221,0.94343,0.94357,1.50,2.19
2012.07.25 02:49:02.775,0.94343,0.94358,3.00,2.25
2012.07.25 02:49:03.294,0.94344,0.94361,1.88,4.44
2012.07.25 02:49:03.755,0.94343,0.94359,3.07,2.19
2012.07.25 02:49:04.207,0.94343,0.94357,1.57,1.50
2012.07.25 02:49:04.733,0.94343,0.94358,3.07,2.25
2012.07.25 02:49:08.029,0.94344,0.94358,1.50,2.25
2012.07.25 02:49:08.261,0.94345,0.94361,2.25,4.50
2012.07.25 02:49:12.741,0.94346,0.94362,5.32,1.44
2012.07.25 02:49:13.983,0.94346,0.94364,5.32,6.69
2012.07.25 02:49:15.423,0.94348,0.94364,1.57,4.50
2012.07.25 02:49:15.779,0.94352,0.94367,3.75,2.19
2012.07.25 02:49:16.312,0.94353,0.94369,2.69,3.69
2012.07.25 02:49:17.922,0.94352,0.94367,2.69,2.25
2012.07.25 02:49:18.275,0.94352,0.94365,2.25,1.50
2012.07.25 02:49:18.397,0.94352,0.94367,1.94,1.50
2012.07.25 02:49:18.918,0.94352,0.94368,4.57,2.25
2012.07.25 02:49:26.640,0.94356,0.94369,3.75,1.44
2012.07.25 02:49:26.761,0.94356,0.94371,3.82,1.35
2012.07.25 02:49:27.167,0.94354,0.9437,2.32,3.00
2012.07.25 02:49:28.825,0.94352,0.94366,2.69,2.25
2012.07.25 02:49:29.463,0.94352,0.94366,1.13,2.25
2012.07.25 02:49:33.003,0.9435,0.94366,4.94,2.25
2012.07.25 02:49:33.838,0.9435,0.94366,2.32,2.25
2012.07.25 02:49:37.103,0.94349,0.94365,4.13,2.25
2012.07.25 02:49:38.777,0.94349,0.94363,2.25,1.50
2012.07.25 02:49:38.976,0.94347,0.94363,1.13,5.94
2012.07.25 02:49:39.040,0.94347,0.94361,1.13,1.50
2012.07.25 02:49:39.453,0.94348,0.94359,2.25,1.50
2012.07.25 02:49:39.516,0.94348,0.94361,2.25,3.00
2012.07.25 02:49:39.580,0.94346,0.94361,3.00,1.50
2012.07.25 02:49:39.816,0.94348,0.94363,2.25,3.54
2012.07.25 02:49:40.343,0.94348,0.94363,3.00,2.94
2012.07.25 02:49:41.667,0.94348,0.94363,3.38,2.94
2012.07.25 02:49:42.020,0.9435,0.94366,2.32,3.00
2012.07.25 02:49:42.142,0.9435,0.94367,2.32,3.75
2012.07.25 02:49:42.207,0.94351,0.94367,1.57,1.50
2012.07.25 02:49:42.559,0.94352,0.94364,2.25,1.50
2012.07.25 02:49:42.623,0.9435,0.94364,2.25,1.50
2012.07.25 02:49:42.686,0.9435,0.94366,2.25,4.44
2012.07.25 02:49:43.333,0.9435,0.94367,2.32,2.94
2012.07.25 02:49:47.274,0.9435,0.94367,3.82,2.94
2012.07.25 02:49:47.786,0.9435,0.94366,3.82,2.25
2012.07.25 02:49:48.259,0.9435,0.94365,2.25,2.19
2012.07.25 02:49:49.016,0.94349,0.94364,1.13,2.19
2012.07.25 02:49:53.356,0.9435,0.94364,2.25,1.50
2012.07.25 02:49:57.490,0.9435,0.94367,2.32,4.44
2012.07.25 02:49:59.286,0.94352,0.94367,2.25,2.25
2012.07.25 02:50:03.240,0.94352,0.94364,2.32,1.50
2012.07.25 02:50:08.468,0.94351,0.94366,2.32,1.50
2012.07.25 02:50:08.814,0.94351,0.94364,2.32,1.50
2012.07.25 02:50:09.362,0.94351,0.94364,2.25,1.50
2012.07.25 02:50:12.842,0.94351,0.94362,2.25,1.50
2012.07.25 02:50:13.189,0.94349,0.9436,4.57,1.50
2012.07.25 02:50:13.770,0.94349,0.94362,3.75,1.50
2012.07.25 02:50:13.954,0.94351,0.94362,2.25,1.50
2012.07.25 02:50:14.017,0.94351,0.94364,2.25,1.50
2012.07.25 02:50:14.325,0.94349,0.94364,4.57,1.50
2012.07.25 02:50:21.698,0.94349,0.94364,3.82,1.50
2012.07.25 02:50:21.816,0.94349,0.94367,4.57,8.19
2012.07.25 02:50:22.325,0.94351,0.94367,2.25,6.69
2012.07.25 02:50:22.501,0.94351,0.94364,2.25,1.50
2012.07.25 02:50:23.047,0.94349,0.94364,3.07,2.25
2012.07.25 02:50:33.392,0.94349,0.94364,3.07,2.25
2012.07.25 02:50:33.922,0.94349,0.94364,3.00,2.94
2012.07.25 02:50:34.457,0.94349,0.94364,3.07,2.25
2012.07.25 02:50:38.678,0.94349,0.94362,3.07,2.25
2012.07.25 02:50:39.034,0.94343,0.94358,3.38,2.19
2012.07.25 02:50:39.560,0.9434,0.94356,5.32,2.19
2012.07.25 02:50:42.090,0.94341,0.94358,3.75,2.94
2012.07.25 02:50:42.266,0.94342,0.94359,3.07,2.94
2012.07.25 02:50:43.055,0.94342,0.94359,3.82,2.25
2012.07.25 02:50:43.697,0.94342,0.94358,3.82,1.44
2012.07.25 02:50:44.377,0.94342,0.94358,3.82,1.44
2012.07.25 02:51:05.365,0.94341,0.94359,5.25,5.57
2012.07.25 02:51:08.352,0.94341,0.94359,4.13,5.94
2012.07.25 02:51:10.931,0.94341,0.94358,3.75,1.07
2012.07.25 02:51:14.418,0.94341,0.94358,3.82,2.19
2012.07.25 02:51:17.544,0.94342,0.94358,1.57,1.44
2012.07.25 02:51:18.683,0.94342,0.94358,1.50,1.44
2012.07.25 02:51:19.196,0.94343,0.94358,1.50,1.44
2012.07.25 02:51:19.626,0.94343,0.94356,1.50,1.50
2012.07.25 02:51:20.090,0.94341,0.94356,3.75,1.50
2012.07.25 02:51:20.506,0.94341,0.94354,1.50,1.50
2012.07.25 02:51:21.902,0.9434,0.94354,2.63,1.50
2012.07.25 02:51:28.013,0.9434,0.94354,3.82,1.50
2012.07.25 02:51:28.549,0.9434,0.94353,3.82,1.50
2012.07.25 02:51:28.613,0.9434,0.94355,3.82,2.25
2012.07.25 02:51:31.222,0.9434,0.94355,2.69,2.25
2012.07.25 02:51:40.650,0.9434,0.94356,5.32,4.50
2012.07.25 02:51:46.013,0.9434,0.94354,1.50,1.50
2012.07.25 02:51:46.248,0.9434,0.94352,1.50,1.50
2012.07.25 02:51:46.574,0.94339,0.94352,1.57,1.50
2012.07.25 02:51:47.206,0.94339,0.94352,1.57,1.50
2012.07.25 02:51:47.867,0.94339,0.94354,3.07,3.00
2012.07.25 02:51:48.384,0.94339,0.94354,1.57,3.00
2012.07.25 02:51:53.998,0.94338,0.94354,1.94,2.25
2012.07.25 02:51:54.518,0.94339,0.94355,3.82,2.85
2012.07.25 02:51:54.581,0.94339,0.94355,3.82,2.85
2012.07.25 02:51:55.135,0.94339,0.94355,3.07,2.85
2012.07.25 02:51:57.414,0.94343,0.94355,1.50,2.85
2012.07.25 02:51:57.647,0.94343,0.94358,3.00,2.94
2012.07.25 02:51:59.472,0.94345,0.94358,1.50,2.94
2012.07.25 02:52:00.412,0.94345,0.94358,1.50,2.94
2012.07.25 02:52:03.992,0.94345,0.94358,1.50,2.94
2012.07.25 02:52:04.508,0.94342,0.94358,1.88,2.94
2012.07.25 02:52:09.593,0.94343,0.94358,1.50,2.94
2012.07.25 02:52:12.363,0.94343,0.94357,1.50,1.50
2012.07.25 02:52:12.711,0.9434,0.94355,2.25,2.25
2012.07.25 02:52:13.260,0.9434,0.94352,1.50,1.50
2012.07.25 02:52:13.496,0.94338,0.94352,1.50,1.50
2012.07.25 02:52:14.030,0.94338,0.94352,1.50,2.94
2012.07.25 02:52:20.724,0.94337,0.94352,5.85,2.19
2012.07.25 02:52:21.275,0.94337,0.9435,1.50,1.50
2012.07.25 02:52:21.394,0.94335,0.9435,4.50,1.50
2012.07.25 02:52:21.514,0.94335,0.94348,2.25,1.50
2012.07.25 02:52:21.980,0.94335,0.94346,1.50,3.69
2012.07.25 02:52:22.288,0.9433,0.94345,2.69,2.19
2012.07.25 02:52:23.497,0.94332,0.94345,1.50,1.50
2012.07.25 02:52:24.018,0.94332,0.94346,1.50,2.25
2012.07.25 02:52:24.081,0.94332,0.94348,3.75,3.69
2012.07.25 02:52:24.604,0.94332,0.94347,3.00,2.25
2012.07.25 02:52:25.674,0.94334,0.94347,1.50,2.25
2012.07.25 02:52:26.224,0.94334,0.9435,3.00,5.94
2012.07.25 02:52:28.234,0.94334,0.94349,1.50,2.25
2012.07.25 02:52:28.634,0.94334,0.94349,1.50,1.50
2012.07.25 02:52:34.609,0.94335,0.9435,1.57,3.00
2012.07.25 02:52:37.013,0.94338,0.9435,1.50,3.00
2012.07.25 02:52:37.246,0.94338,0.94351,1.50,2.25
2012.07.25 02:52:37.728,0.94338,0.94351,1.50,5.10
2012.07.25 02:52:38.360,0.94335,0.94351,3.82,5.10
2012.07.25 02:52:40.589,0.94335,0.94351,3.82,5.10
2012.07.25 02:52:40.880,0.94336,0.94352,1.94,7.35
2012.07.25 02:52:43.205,0.94336,0.9435,1.57,2.25
2012.07.25 02:52:45.109,0.94336,0.94351,1.57,3.60
2012.07.25 02:52:46.055,0.94336,0.94353,3.82,3.00
2012.07.25 02:52:47.046,0.94336,0.94353,3.82,3.00
2012.07.25 02:52:47.569,0.94339,0.94354,1.19,4.50
2012.07.25 02:52:48.098,0.94337,0.94353,2.32,2.25
2012.07.25 02:52:48.681,0.94337,0.94351,2.32,1.50
2012.07.25 02:52:49.417,0.94337,0.94351,1.19,1.50
2012.07.25 02:52:49.677,0.94336,0.94349,3.75,1.50
2012.07.25 02:52:50.692,0.94335,0.94349,2.69,1.50
2012.07.25 02:52:50.878,0.94335,0.94351,3.44,2.25
2012.07.25 02:52:51.419,0.94335,0.9435,3.44,1.50
2012.07.25 02:52:51.539,0.94336,0.94352,1.57,3.00
2012.07.25 02:52:53.212,0.94337,0.9435,1.50,1.50
2012.07.25 02:52:53.933,0.94334,0.9435,6.07,1.50
2012.07.25 02:52:56.140,0.94335,0.9435,1.57,1.50
2012.07.25 02:52:56.258,0.94335,0.94352,3.07,3.75
2012.07.25 02:52:59.348,0.94334,0.94351,4.19,1.50
2012.07.25 02:53:02.688,0.94336,0.94352,1.50,5.94
2012.07.25 02:53:06.135,0.94336,0.94352,6.00,4.44
2012.07.25 02:53:06.426,0.94338,0.94354,3.07,2.25
2012.07.25 02:53:06.546,0.94338,0.94354,3.07,2.25
2012.07.25 02:53:07.083,0.94338,0.94354,3.07,2.94
2012.07.25 02:53:10.180,0.94336,0.94351,1.88,2.25
2012.07.25 02:53:10.532,0.94337,0.94353,2.32,5.19
2012.07.25 02:53:11.037,0.94334,0.94347,2.25,2.94
2012.07.25 02:53:11.391,0.94332,0.94344,1.50,1.50
2012.07.25 02:53:11.512,0.94331,0.94344,1.88,1.50
2012.07.25 02:53:12.049,0.9433,0.94345,3.75,3.69
2012.07.25 02:53:15.997,0.94331,0.94346,3.07,1.50
2012.07.25 02:53:21.956,0.9433,0.94346,1.50,1.50
2012.07.25 02:53:22.600,0.9433,0.94345,1.50,2.25
2012.07.25 02:53:23.101,0.94329,0.94344,4.57,1.50
2012.07.25 02:53:24.192,0.9433,0.94345,1.50,2.25
2012.07.25 02:53:28.896,0.94329,0.94345,3.00,4.50
2012.07.25 02:53:30.341,0.94329,0.94345,2.63,4.50
2012.07.25 02:53:33.857,0.94329,0.94344,3.00,1.50
2012.07.25 02:53:37.592,0.9433,0.94347,2.25,5.19
2012.07.25 02:53:38.125,0.9433,0.94347,3.00,5.19
2012.07.25 02:53:39.277,0.9433,0.94347,2.25,5.19
2012.07.25 02:53:41.356,0.9433,0.94346,2.25,1.07
2012.07.25 02:53:41.704,0.94329,0.94343,3.00,1.50
2012.07.25 02:53:42.225,0.94328,0.94344,6.07,1.50
2012.07.25 02:54:00.013,0.9433,0.94346,2.25,5.19
2012.07.25 02:54:01.736,0.9433,0.94346,2.63,4.44
2012.07.25 02:54:08.831,0.9433,0.94346,2.69,4.44
2012.07.25 02:54:10.603,0.9433,0.94346,2.32,4.44
2012.07.25 02:54:11.241,0.9433,0.94346,2.69,4.44
2012.07.25 02:54:11.750,0.94332,0.94347,1.50,3.69
2012.07.25 02:54:11.881,0.9433,0.94347,2.32,3.69
2012.07.25 02:54:12.280,0.94331,0.94348,2.63,3.69
2012.07.25 02:54:14.023,0.9433,0.94347,3.00,2.94
2012.07.25 02:54:17.914,0.94332,0.94347,1.50,2.94
2012.07.25 02:54:18.424,0.9433,0.94347,3.00,2.94
2012.07.25 02:54:22.744,0.9433,0.94346,1.13,2.25
2012.07.25 02:54:23.089,0.94329,0.94343,3.44,1.50
2012.07.25 02:54:23.607,0.94328,0.94343,3.07,1.50
2012.07.25 02:54:23.956,0.94328,0.94341,2.25,1.50
2012.07.25 02:54:24.247,0.94328,0.94343,2.25,2.94
2012.07.25 02:54:24.762,0.94327,0.94343,4.50,2.94
2012.07.25 02:54:29.285,0.94329,0.94343,2.25,2.94
2012.07.25 02:54:42.263,0.94327,0.94343,3.00,2.94
2012.07.25 02:54:42.610,0.94327,0.94342,1.50,2.25
2012.07.25 02:54:45.328,0.94327,0.94341,1.13,1.44
2012.07.25 02:54:46.322,0.94325,0.94341,2.25,1.44
2012.07.25 02:54:47.425,0.94328,0.94341,1.50,1.44
2012.07.25 02:54:49.140,0.94326,0.94341,1.50,1.44
2012.07.25 02:54:55.079,0.94324,0.94341,4.88,1.44
2012.07.25 02:54:56.838,0.94324,0.94341,4.94,1.44
2012.07.25 02:55:00.817,0.94324,0.94338,1.50,2.25
2012.07.25 02:55:01.359,0.94322,0.94338,1.57,3.75
2012.07.25 02:55:02.601,0.94321,0.94338,1.57,3.75
2012.07.25 02:55:03.782,0.94322,0.94338,1.57,2.25
2012.07.25 02:55:11.389,0.94323,0.94338,1.57,2.25
2012.07.25 02:55:19.529,0.94322,0.94337,2.32,1.50
2012.07.25 02:55:22.380,0.94322,0.94337,2.32,1.50
2012.07.25 02:55:23.721,0.94321,0.94337,4.94,3.75
2012.07.25 02:55:24.054,0.94321,0.94337,2.69,1.50
2012.07.25 02:55:24.608,0.94321,0.94337,2.69,1.50
2012.07.25 02:55:40.115,0.94321,0.94336,3.07,1.50
2012.07.25 02:55:42.103,0.94319,0.94336,3.10,3.00
2012.07.25 02:55:42.458,0.94316,0.94331,2.17,2.25
2012.07.25 02:55:42.897,0.94315,0.94329,3.07,1.50
2012.07.25 02:55:43.076,0.94315,0.94331,4.57,3.75
2012.07.25 02:55:45.599,0.94315,0.94331,4.19,3.75
2012.07.25 02:55:45.779,0.94319,0.94334,1.57,3.00
2012.07.25 02:55:45.901,0.9432,0.94335,1.50,1.50
2012.07.25 02:55:45.964,0.9432,0.94336,2.32,1.50
2012.07.25 02:55:46.150,0.94322,0.94337,3.82,1.44
2012.07.25 02:55:47.201,0.94321,0.94337,3.75,5.19
2012.07.25 02:55:47.552,0.94319,0.94335,3.07,1.50
2012.07.25 02:55:47.904,0.94318,0.94333,3.82,1.50
2012.07.25 02:55:48.317,0.94318,0.94331,3.00,1.50
2012.07.25 02:55:48.903,0.94318,0.94331,2.25,1.50
2012.07.25 02:55:51.223,0.94316,0.94331,3.07,1.50
2012.07.25 02:55:51.796,0.94316,0.94334,4.57,5.19
2012.07.25 02:55:51.915,0.94318,0.94334,2.32,3.75
2012.07.25 02:55:53.204,0.94318,0.94334,2.32,3.75
2012.07.25 02:55:55.043,0.94318,0.94334,2.32,3.75
2012.07.25 02:55:55.630,0.94318,0.94334,2.32,3.75
2012.07.25 02:55:58.233,0.94319,0.94334,2.32,1.50
2012.07.25 02:55:59.849,0.94319,0.94334,2.69,1.50
2012.07.25 02:56:00.257,0.94321,0.94336,1.50,3.00
2012.07.25 02:56:00.377,0.94323,0.94336,1.50,3.00
2012.07.25 02:56:00.920,0.94323,0.94337,1.50,2.94
2012.07.25 02:56:00.983,0.9432,0.94337,1.88,2.94
2012.07.25 02:56:01.452,0.9432,0.94335,1.88,2.25
2012.07.25 02:56:01.802,0.94318,0.94333,3.07,1.50
2012.07.25 02:56:02.345,0.94318,0.94333,3.07,2.19
2012.07.25 02:56:03.215,0.94319,0.94334,1.50,2.94
2012.07.25 02:56:03.568,0.94319,0.94335,3.82,2.19
2012.07.25 02:56:04.123,0.94321,0.94336,1.50,1.44
2012.07.25 02:56:14.800,0.94319,0.94335,3.07,2.25
2012.07.25 02:56:14.864,0.94319,0.94335,3.07,2.25
2012.07.25 02:56:15.040,0.94318,0.94333,1.13,2.25
2012.07.25 02:56:15.559,0.94316,0.94333,2.32,2.25
2012.07.25 02:56:25.442,0.94316,0.94333,3.07,3.00
2012.07.25 02:56:27.757,0.94315,0.94332,4.42,2.25
2012.07.25 02:56:34.454,0.94315,0.94332,4.04,2.25
2012.07.25 02:56:36.316,0.94315,0.94329,3.44,1.50
2012.07.25 02:56:36.724,0.94313,0.94329,3.07,1.50
2012.07.25 02:56:39.515,0.94314,0.94329,2.32,1.50
2012.07.25 02:56:40.046,0.94315,0.9433,1.57,3.00
2012.07.25 02:56:48.868,0.94315,0.9433,1.94,3.00
2012.07.25 02:56:50.834,0.94315,0.9433,2.32,3.00
2012.07.25 02:56:51.018,0.94318,0.94333,1.57,2.94
2012.07.25 02:56:51.545,0.94318,0.94334,4.19,3.00
2012.07.25 02:56:53.102,0.94318,0.94333,1.57,2.25
2012.07.25 02:56:53.284,0.94316,0.9433,2.25,2.94
2012.07.25 02:56:53.465,0.94314,0.94328,2.25,2.94
2012.07.25 02:56:54.160,0.94312,0.94328,3.82,2.94
2012.07.25 02:56:55.600,0.94311,0.94327,5.32,2.25
2012.07.25 02:56:56.623,0.94309,0.94327,4.94,5.19
2012.07.25 02:56:57.160,0.94312,0.94327,1.50,3.69
2012.07.25 02:56:57.877,0.94309,0.94327,4.94,5.94
2012.07.25 02:56:57.941,0.94309,0.94325,4.50,1.07
2012.07.25 02:56:58.183,0.94305,0.94321,4.50,2.25
2012.07.25 02:56:58.248,0.94305,0.9432,4.50,1.44
2012.07.25 02:56:58.604,0.94304,0.94317,1.50,2.25
2012.07.25 02:56:59.137,0.94304,0.94316,1.50,2.25
2012.07.25 02:56:59.562,0.94304,0.94318,1.50,2.94
2012.07.25 02:56:59.916,0.94306,0.94318,1.50,2.25
2012.07.25 02:57:00.160,0.94306,0.9432,1.50,2.94
2012.07.25 02:57:00.619,0.94304,0.9432,1.88,5.19
2012.07.25 02:57:02.240,0.94304,0.94318,1.50,2.25
2012.07.25 02:57:02.361,0.94304,0.9432,1.50,5.19
2012.07.25 02:57:06.842,0.94304,0.9432,1.50,5.19
2012.07.25 02:57:10.555,0.94304,0.94319,1.50,1.44
2012.07.25 02:57:22.352,0.94304,0.94317,1.50,1.44
2012.07.25 02:57:22.416,0.94302,0.94317,1.50,2.94
2012.07.25 02:57:22.538,0.94299,0.94317,3.82,5.19
2012.07.25 02:57:22.602,0.94299,0.94317,3.82,4.50
2012.07.25 02:57:23.129,0.94299,0.94317,3.82,5.25
2012.07.25 02:57:28.822,0.94299,0.94317,3.00,3.69
2012.07.25 02:57:33.244,0.94301,0.94316,1.50,2.19
2012.07.25 02:57:35.189,0.94301,0.94315,1.50,2.25
2012.07.25 02:57:36.774,0.94299,0.94315,5.63,2.25
2012.07.25 02:57:37.326,0.94299,0.94315,3.75,3.38
2012.07.25 02:57:40.051,0.94299,0.94315,4.57,2.63
2012.07.25 02:57:43.585,0.94302,0.94315,1.50,3.00
2012.07.25 02:57:45.713,0.94302,0.94315,1.50,2.63
2012.07.25 02:57:45.833,0.94299,0.94315,5.32,3.32
2012.07.25 02:57:46.128,0.94298,0.94314,3.00,4.82
2012.07.25 02:57:46.642,0.94298,0.94312,2.25,2.63
2012.07.25 02:57:47.416,0.94298,0.94312,2.25,4.07
2012.07.25 02:57:53.382,0.94298,0.94312,2.25,1.07
2012.07.25 02:57:53.901,0.94298,0.94315,2.92,5.25
2012.07.25 02:57:54.022,0.943,0.94315,2.25,1.50
2012.07.25 02:57:54.235,0.943,0.94316,2.25,4.44
2012.07.25 02:57:54.472,0.94299,0.94314,2.25,1.44
2012.07.25 02:57:55.001,0.94299,0.94313,2.25,1.44
2012.07.25 02:57:55.067,0.94299,0.94314,2.25,1.44
2012.07.25 02:57:57.006,0.94299,0.94316,2.32,3.00
2012.07.25 02:58:00.638,0.94298,0.94313,2.85,1.44
2012.07.25 02:58:01.163,0.94297,0.94311,3.00,1.50
2012.07.25 02:58:01.285,0.94297,0.94313,3.07,1.44
2012.07.25 02:58:01.652,0.94299,0.94313,3.75,1.44
2012.07.25 02:58:04.165,0.94301,0.94315,2.25,4.44
2012.07.25 02:58:04.406,0.94299,0.94314,3.07,1.44
2012.07.25 02:58:05.145,0.94299,0.94313,3.00,1.50
2012.07.25 02:58:05.496,0.94297,0.94313,3.75,2.94
2012.07.25 02:58:05.795,0.94295,0.94308,1.57,1.50
2012.07.25 02:58:05.977,0.94293,0.94306,2.25,1.50
2012.07.25 02:58:06.504,0.94289,0.94306,3.07,3.00
2012.07.25 02:58:07.027,0.94289,0.94306,3.07,2.25
2012.07.25 02:58:08.835,0.94291,0.94307,2.32,5.19
2012.07.25 02:58:09.863,0.94291,0.94307,2.32,5.19
2012.07.25 02:58:10.454,0.94291,0.94307,2.25,5.19
2012.07.25 02:58:13.984,0.94291,0.94307,3.07,3.75
2012.07.25 02:58:14.223,0.94293,0.94309,3.07,3.00
2012.07.25 02:58:14.345,0.94294,0.9431,3.07,4.50
2012.07.25 02:58:14.872,0.94294,0.9431,4.57,3.00
2012.07.25 02:58:15.221,0.94295,0.94312,3.07,3.00
2012.07.25 02:58:15.949,0.94297,0.94313,2.25,2.94
2012.07.25 02:58:20.932,0.94297,0.94312,3.07,2.25
2012.07.25 02:58:20.993,0.94297,0.94312,3.07,2.25
2012.07.25 02:58:21.546,0.94297,0.94313,3.07,5.25
2012.07.25 02:58:23.998,0.94297,0.94313,3.07,4.88
2012.07.25 02:58:25.796,0.94298,0.94313,1.50,3.38
2012.07.25 02:58:25.860,0.94298,0.94313,4.57,1.13
2012.07.25 02:58:25.924,0.94299,0.94316,1.57,4.13
2012.07.25 02:58:26.045,0.94305,0.94318,2.25,1.88
2012.07.25 02:58:27.030,0.94302,0.94317,3.82,1.88
2012.07.25 02:58:27.383,0.94301,0.94313,3.07,1.50
2012.07.25 02:58:27.907,0.943,0.94316,3.82,4.82
2012.07.25 02:58:30.008,0.94301,0.94317,2.32,1.50
2012.07.25 02:58:30.833,0.943,0.94313,3.82,1.50
2012.07.25 02:58:31.071,0.94299,0.94312,1.57,1.50
2012.07.25 02:58:31.597,0.94299,0.94313,1.50,1.50
2012.07.25 02:58:31.661,0.94299,0.94315,3.00,3.69
2012.07.25 02:58:42.884,0.943,0.94315,1.50,4.44
2012.07.25 02:58:46.398,0.94302,0.94315,1.50,1.50
2012.07.25 02:58:46.935,0.94302,0.94316,1.50,2.25
2012.07.25 02:58:47.054,0.94302,0.94318,1.50,4.50
2012.07.25 02:58:47.117,0.94303,0.94318,2.25,3.00
2012.07.25 02:58:49.199,0.94305,0.9432,3.00,2.63
2012.07.25 02:58:49.552,0.94306,0.94321,2.25,2.94
2012.07.25 02:58:49.908,0.94308,0.94324,6.38,2.94
2012.07.25 02:58:49.972,0.94309,0.94326,3.82,2.94
2012.07.25 02:58:50.498,0.94311,0.94325,3.00,2.25
2012.07.25 02:58:51.025,0.94311,0.94327,3.07,5.94
2012.07.25 02:58:52.256,0.94311,0.94327,2.32,5.19
2012.07.25 02:58:53.009,0.9431,0.94325,2.32,1.50
2012.07.25 02:58:53.071,0.9431,0.94325,2.32,1.50
2012.07.25 02:58:54.023,0.94311,0.94326,1.50,2.25
2012.07.25 02:58:54.431,0.94311,0.94328,2.69,4.50
2012.07.25 02:58:54.807,0.94314,0.94328,1.50,3.00
2012.07.25 02:58:56.847,0.94312,0.94327,2.32,3.75
2012.07.25 02:58:57.439,0.94312,0.94326,1.50,2.25
2012.07.25 02:59:03.734,0.94309,0.94326,4.57,2.94
2012.07.25 02:59:06.545,0.94312,0.94326,1.50,1.44
2012.07.25 02:59:06.893,0.94312,0.94326,1.50,1.44
2012.07.25 02:59:06.955,0.94312,0.94327,1.50,4.50
2012.07.25 02:59:07.305,0.94316,0.94327,1.50,2.25
2012.07.25 02:59:07.860,0.94316,0.94328,1.50,2.25
2012.07.25 02:59:08.405,0.94313,0.94328,2.32,3.75
2012.07.25 02:59:08.929,0.94313,0.94328,1.57,3.75
2012.07.25 02:59:12.202,0.94313,0.94328,1.57,3.75
2012.07.25 02:59:12.782,0.94313,0.94326,1.50,2.25
2012.07.25 02:59:13.020,0.94308,0.94325,6.07,1.50
2012.07.25 02:59:13.256,0.94308,0.94323,4.57,1.50
2012.07.25 02:59:13.782,0.94309,0.94324,1.57,1.50
2012.07.25 02:59:14.785,0.94308,0.9432,3.07,1.50
2012.07.25 02:59:16.961,0.94308,0.9432,3.00,1.50
2012.07.25 02:59:18.462,0.94308,0.94318,3.00,1.50
2012.07.25 02:59:18.879,0.94307,0.94321,3.00,1.50
2012.07.25 02:59:19.386,0.94307,0.94323,3.07,2.25
2012.07.25 02:59:22.848,0.9431,0.94324,1.50,1.50
2012.07.25 02:59:23.200,0.94312,0.94326,2.25,1.88
2012.07.25 02:59:23.723,0.9431,0.94324,2.32,1.50
2012.07.25 02:59:24.072,0.94308,0.94322,3.00,1.50
2012.07.25 02:59:27.358,0.94307,0.94322,1.50,1.50
2012.07.25 02:59:29.173,0.9431,0.94322,1.50,2.25
2012.07.25 02:59:29.237,0.9431,0.94325,1.50,2.19
2012.07.25 02:59:29.999,0.94308,0.94324,3.07,1.50
2012.07.25 02:59:31.677,0.94308,0.94324,2.32,2.19
2012.07.25 02:59:32.806,0.94309,0.94325,1.57,1.82
2012.07.25 02:59:33.041,0.94307,0.94324,3.82,4.44
2012.07.25 02:59:33.504,0.94307,0.94321,1.57,1.50
2012.07.25 02:59:34.070,0.94307,0.94322,3.07,1.50
2012.07.25 02:59:34.365,0.94309,0.94324,3.00,3.75
2012.07.25 02:59:35.761,0.94309,0.94324,3.75,1.50
2012.07.25 02:59:35.883,0.94306,0.94322,4.94,3.75
2012.07.25 02:59:36.257,0.94306,0.9432,3.44,1.50
2012.07.25 02:59:36.669,0.94307,0.94323,2.69,2.94
2012.07.25 02:59:37.487,0.94307,0.94323,2.69,2.25
2012.07.25 02:59:37.745,0.94309,0.94325,1.50,6.00
2012.07.25 02:59:38.032,0.94309,0.94322,1.50,1.50
2012.07.25 02:59:38.850,0.94308,0.94322,2.25,1.50
2012.07.25 02:59:42.048,0.94308,0.94321,2.25,1.50
2012.07.25 02:59:44.109,0.94308,0.94322,2.25,1.50
2012.07.25 02:59:44.457,0.94308,0.9432,2.25,1.50
2012.07.25 02:59:50.740,0.94308,0.94322,2.25,2.19
2012.07.25 02:59:56.665,0.94308,0.94321,2.25,1.50
