2007.09.04 06:00:00.497,1.5788,1.579,13.70,13.20
2007.09.04 06:00:00.980,1.5788,1.579,5.20,12.40
2007.09.04 06:00:03.154,1.5788,1.579,32.70,12.40
2007.09.04 06:00:03.193,1.5789,1.579,0.70,10.00
2007.09.04 06:00:03.274,1.5788,1.579,5.30,2.00
2007.09.04 06:00:03.682,1.5787,1.5791,49.70,45.10
2007.09.04 06:00:03.847,1.5788,1.5791,37.40,34.70
2007.09.04 06:00:03.897,1.5788,1.5791,40.60,31.50
2007.09.04 06:00:04.099,1.5789,1.5791,12.00,31.50
2007.09.04 06:00:04.197,1.5791,1.5792,0.70,21.60
2007.09.04 06:00:04.307,1.579,1.5792,37.50,4.00
2007.09.04 06:00:04.395,1.579,1.5792,37.70,1.60
2007.09.04 06:00:04.415,1.5789,1.5792,51.30,1.60
2007.09.04 06:00:04.427,1.579,1.5792,5.00,1.60
2007.09.04 06:00:04.827,1.579,1.5793,13.50,12.70
2007.09.04 06:00:04.934,1.5789,1.5793,60.00,12.70
2007.09.04 06:00:04.970,1.579,1.5793,3.20,12.70
2007.09.04 06:00:05.030,1.579,1.5793,53.90,11.90
2007.09.04 06:00:05.216,1.5791,1.5793,0.90,11.90
2007.09.04 06:00:05.229,1.579,1.5794,53.70,35.50
2007.09.04 06:00:05.283,1.579,1.5794,53.90,35.50
2007.09.04 06:00:05.552,1.579,1.5794,53.90,33.50
2007.09.04 06:00:05.585,1.5791,1.5794,0.70,34.30
2007.09.04 06:00:05.710,1.579,1.5794,57.10,34.30
2007.09.04 06:00:05.770,1.579,1.5794,57.90,26.30
2007.09.04 06:00:05.794,1.5791,1.5794,2.40,25.50
2007.09.04 06:00:05.864,1.5791,1.5794,15.20,24.70
2007.09.04 06:00:05.984,1.5791,1.5794,40.30,24.70
2007.09.04 06:00:06.180,1.5792,1.5794,1.10,16.70
2007.09.04 06:00:06.221,1.5792,1.5794,2.10,14.30
2007.09.04 06:00:06.299,1.5791,1.5795,50.50,30.00
2007.09.04 06:00:06.382,1.5792,1.5794,5.20,0.80
2007.09.04 06:00:06.538,1.57925,1.5794,0.20,0.80
2007.09.04 06:00:06.695,1.5792,1.5794,6.60,28.70
2007.09.04 06:00:06.721,1.5791,1.5794,15.30,31.10
2007.09.04 06:00:06.855,1.5791,1.5794,15.30,31.10
2007.09.04 06:00:06.960,1.5791,1.5794,6.80,33.50
2007.09.04 06:00:07.035,1.5791,1.5794,0.90,33.50
2007.09.04 06:00:07.143,1.57905,1.5794,6.60,34.30
2007.09.04 06:00:07.168,1.5791,1.5794,3.70,36.30
2007.09.04 06:00:07.239,1.57905,1.5794,17.00,36.30
2007.09.04 06:00:07.276,1.5791,1.5794,3.90,40.30
2007.09.04 06:00:07.497,1.57905,1.5794,16.80,40.30
2007.09.04 06:00:07.587,1.57905,1.5794,16.80,37.90
2007.09.04 06:00:07.653,1.57905,1.5793,14.40,2.40
2007.09.04 06:00:07.694,1.5791,1.5793,4.30,3.20
2007.09.04 06:00:07.745,1.57905,1.5793,20.00,3.20
2007.09.04 06:00:07.800,1.57905,1.5793,30.30,14.20
2007.09.04 06:00:07.909,1.57905,1.5793,27.90,14.20
2007.09.04 06:00:08.001,1.57905,1.5792,27.90,0.80
2007.09.04 06:00:08.207,1.5791,1.5792,7.80,8.80
2007.09.04 06:00:08.266,1.5791,1.5792,4.10,11.20
2007.09.04 06:00:08.329,1.5789,1.5791,22.70,0.20
2007.09.04 06:00:08.360,1.5789,1.5791,17.10,0.20
2007.09.04 06:00:08.676,1.5789,1.5791,14.70,2.50
2007.09.04 06:00:08.744,1.5789,1.5791,9.60,22.40
2007.09.04 06:00:09.160,1.579,1.5791,0.80,24.80
2007.09.04 06:00:09.187,1.579,1.5791,0.90,25.60
2007.09.04 06:00:09.255,1.5788,1.5791,46.10,27.60
2007.09.04 06:00:10.818,1.57885,1.5791,3.20,25.20
2007.09.04 06:00:13.168,1.57885,1.5791,3.20,25.10
2007.09.04 06:00:13.264,1.57885,1.5791,1.00,17.10
2007.09.04 06:00:13.306,1.57885,1.5791,1.00,14.70
2007.09.04 06:00:13.684,1.5789,1.5791,0.80,12.70
2007.09.04 06:00:13.719,1.57885,1.5791,1.00,11.90
2007.09.04 06:00:13.792,1.57885,1.5792,3.40,27.60
2007.09.04 06:00:14.005,1.5789,1.5792,0.70,37.90
2007.09.04 06:00:14.016,1.5789,1.5792,1.30,37.90
2007.09.04 06:00:14.122,1.57885,1.5792,7.10,37.90
2007.09.04 06:00:14.211,1.5789,1.5792,37.60,21.10
2007.09.04 06:00:14.240,1.579,1.5792,3.80,18.70
2007.09.04 06:00:14.422,1.5789,1.5792,56.80,14.80
2007.09.04 06:00:14.437,1.579,1.5792,1.20,14.80
2007.09.04 06:00:14.501,1.579,1.5792,8.60,14.80
2007.09.04 06:00:14.516,1.579,1.5792,13.40,2.90
2007.09.04 06:00:14.651,1.5789,1.5792,48.50,5.30
2007.09.04 06:00:14.720,1.5789,1.5792,48.50,13.30
2007.09.04 06:00:14.948,1.5789,1.5792,46.30,13.30
2007.09.04 06:00:15.456,1.579,1.5792,9.70,17.30
2007.09.04 06:00:16.176,1.5789,1.5792,53.60,17.70
2007.09.04 06:00:16.278,1.579,1.5792,12.70,17.70
2007.09.04 06:00:16.344,1.579,1.5792,2.80,18.00
2007.09.04 06:00:16.593,1.579,1.5792,6.90,18.30
2007.09.04 06:00:17.733,1.5789,1.5792,44.40,18.30
2007.09.04 06:00:17.751,1.579,1.5792,1.00,18.30
2007.09.04 06:00:17.849,1.5789,1.5791,28.40,0.20
2007.09.04 06:00:18.366,1.5789,1.5791,8.60,0.20
2007.09.04 06:00:18.453,1.5788,1.5791,32.00,0.20
2007.09.04 06:00:20.715,1.5787,1.57915,44.70,0.50
2007.09.04 06:00:21.350,1.5789,1.57915,3.20,0.50
2007.09.04 06:00:22.345,1.5789,1.5792,3.20,37.40
2007.09.04 06:00:22.647,1.579,1.5792,2.40,35.00
2007.09.04 06:00:22.689,1.579,1.5792,3.20,34.80
2007.09.04 06:00:22.752,1.579,1.5792,3.20,34.90
2007.09.04 06:00:22.800,1.579,1.5792,16.60,26.80
2007.09.04 06:00:23.055,1.579,1.5792,16.60,26.70
2007.09.04 06:00:23.160,1.579,1.5792,16.60,26.00
2007.09.04 06:00:23.216,1.579,1.5792,33.50,4.10
2007.09.04 06:00:23.254,1.579,1.5792,39.10,4.00
2007.09.04 06:00:23.313,1.5791,1.5793,3.20,17.60
2007.09.04 06:00:23.421,1.5791,1.5793,0.80,17.60
2007.09.04 06:00:23.634,1.579,1.5793,41.20,17.80
2007.09.04 06:00:23.682,1.579,1.5793,41.20,18.20
2007.09.04 06:00:23.696,1.579,1.5793,41.20,20.60
2007.09.04 06:00:23.733,1.579,1.5793,41.20,15.70
2007.09.04 06:00:23.800,1.579,1.5793,41.20,16.00
2007.09.04 06:00:23.838,1.579,1.5793,46.80,14.40
2007.09.04 06:00:23.933,1.579,1.5793,42.30,16.80
2007.09.04 06:00:24.056,1.579,1.5793,42.30,17.00
2007.09.04 06:00:24.138,1.579,1.5793,44.70,17.00
2007.09.04 06:00:24.150,1.579,1.5793,51.90,14.60
2007.09.04 06:00:24.416,1.5791,1.5793,5.60,14.60
2007.09.04 06:00:24.462,1.5791,1.5793,17.50,14.60
2007.09.04 06:00:24.677,1.5791,1.5793,19.90,14.40
2007.09.04 06:00:24.725,1.5791,1.5793,22.30,14.40
2007.09.04 06:00:24.789,1.5791,1.5793,31.10,3.10
2007.09.04 06:00:24.829,1.5791,1.5793,31.10,0.70
2007.09.04 06:00:25.030,1.5791,1.5793,31.10,0.40
2007.09.04 06:00:25.137,1.5791,1.57935,31.10,0.40
2007.09.04 06:00:25.259,1.5791,1.5793,31.10,2.40
2007.09.04 06:00:25.284,1.5791,1.5793,39.10,5.40
2007.09.04 06:00:25.367,1.5791,1.5793,43.10,13.40
2007.09.04 06:00:25.762,1.5791,1.5793,45.50,13.40
2007.09.04 06:00:25.787,1.5791,1.5793,41.50,13.40
2007.09.04 06:00:25.873,1.5791,1.5793,43.10,13.40
2007.09.04 06:00:25.990,1.5791,1.5793,47.90,13.40
2007.09.04 06:00:26.064,1.5791,1.5793,47.90,13.70
2007.09.04 06:00:26.408,1.5791,1.5793,31.90,13.70
2007.09.04 06:00:26.555,1.5791,1.5793,29.50,13.70
2007.09.04 06:00:26.679,1.5791,1.5793,23.90,13.70
2007.09.04 06:00:26.713,1.5791,1.5793,14.30,13.90
2007.09.04 06:00:26.788,1.5791,1.5793,11.90,13.90
2007.09.04 06:00:26.823,1.579,1.5793,34.80,25.80
2007.09.04 06:00:26.853,1.579,1.5793,34.80,25.40
2007.09.04 06:00:27.021,1.579,1.5793,50.70,25.40
2007.09.04 06:00:27.129,1.579,1.5793,48.30,25.40
2007.09.04 06:00:27.191,1.579,1.5793,48.30,26.20
2007.09.04 06:00:27.230,1.579,1.5793,40.30,31.00
2007.09.04 06:00:27.657,1.579,1.5793,41.10,31.00
2007.09.04 06:00:27.755,1.579,1.5793,38.70,28.00
2007.09.04 06:00:27.861,1.579,1.5793,41.10,25.60
2007.09.04 06:00:28.163,1.579,1.5793,39.10,25.60
2007.09.04 06:00:28.208,1.579,1.5793,38.30,25.60
2007.09.04 06:00:28.383,1.579,1.5793,38.30,29.60
2007.09.04 06:00:28.410,1.579,1.5793,38.30,29.90
2007.09.04 06:00:29.112,1.579,1.5793,38.30,30.30
2007.09.04 06:00:33.015,1.579,1.5793,40.70,30.30
2007.09.04 06:00:33.110,1.579,1.5793,41.50,30.30
2007.09.04 06:00:33.204,1.579,1.5793,47.10,30.30
2007.09.04 06:00:33.423,1.579,1.5793,50.10,30.30
2007.09.04 06:00:33.724,1.579,1.5793,50.10,26.30
2007.09.04 06:00:34.178,1.579,1.5793,50.90,26.30
2007.09.04 06:00:34.242,1.579,1.5793,52.90,26.30
2007.09.04 06:00:36.685,1.5791,1.5793,2.40,26.30
2007.09.04 06:00:36.744,1.5792,1.5793,0.80,18.10
2007.09.04 06:00:36.788,1.5792,1.5793,0.80,15.70
2007.09.04 06:00:36.850,1.5792,1.5793,0.80,18.10
2007.09.04 06:00:36.958,1.5792,1.5793,0.80,15.70
2007.09.04 06:00:37.055,1.5791,1.5793,14.20,15.70
2007.09.04 06:00:37.154,1.5791,1.5793,16.60,13.70
2007.09.04 06:00:37.204,1.5791,1.5793,23.00,12.90
2007.09.04 06:00:37.345,1.5791,1.5793,44.90,1.00
2007.09.04 06:00:37.426,1.5792,1.5793,0.80,1.00
2007.09.04 06:00:37.457,1.5792,1.5795,0.80,45.20
2007.09.04 06:00:37.654,1.5792,1.5795,0.80,43.60
2007.09.04 06:00:37.762,1.5792,1.57945,0.80,0.30
2007.09.04 06:00:38.050,1.5791,1.5794,52.90,0.20
2007.09.04 06:00:38.124,1.5791,1.5794,52.10,0.20
2007.09.04 06:00:38.174,1.5791,1.5794,42.90,10.50
2007.09.04 06:00:38.240,1.5791,1.5793,40.50,2.40
2007.09.04 06:00:38.270,1.5791,1.5793,29.50,10.50
2007.09.04 06:00:38.337,1.5791,1.57925,27.10,0.30
2007.09.04 06:00:38.447,1.5791,1.5792,21.50,0.30
2007.09.04 06:00:38.466,1.5791,1.5792,1.60,0.30
2007.09.04 06:00:38.880,1.579,1.5792,51.30,0.30
2007.09.04 06:00:39.204,1.579,1.5792,49.70,0.30
2007.09.04 06:00:39.251,1.579,1.5792,48.90,0.30
2007.09.04 06:00:39.291,1.579,1.5792,48.10,0.30
2007.09.04 06:00:39.685,1.579,1.5792,44.90,0.30
2007.09.04 06:00:39.711,1.579,1.5792,41.50,0.30
2007.09.04 06:00:39.840,1.579,1.5792,33.50,0.30
2007.09.04 06:00:39.935,1.579,1.5792,29.50,0.30
2007.09.04 06:00:40.081,1.579,1.5793,29.50,24.80
2007.09.04 06:00:40.197,1.579,1.5792,31.90,0.30
2007.09.04 06:00:40.259,1.579,1.5792,40.50,0.30
2007.09.04 06:00:40.289,1.579,1.5792,40.50,0.50
2007.09.04 06:00:40.422,1.579,1.5792,40.50,0.30
2007.09.04 06:00:40.655,1.579,1.57925,40.50,0.30
2007.09.04 06:00:40.667,1.579,1.57925,38.90,0.30
2007.09.04 06:00:40.762,1.579,1.5792,38.90,0.20
2007.09.04 06:00:40.816,1.579,1.5792,38.90,0.50
2007.09.04 06:00:41.181,1.579,1.5792,35.90,8.40
2007.09.04 06:00:41.211,1.579,1.5792,33.50,10.80
2007.09.04 06:00:41.289,1.579,1.5792,17.50,10.80
2007.09.04 06:00:41.382,1.579,1.5792,5.60,22.70
2007.09.04 06:00:41.417,1.5789,1.5792,35.30,22.40
2007.09.04 06:00:41.489,1.5789,1.5792,35.30,24.80
2007.09.04 06:00:41.805,1.5789,1.5792,33.70,24.80
2007.09.04 06:00:41.906,1.5789,1.5792,34.50,24.80
2007.09.04 06:00:42.108,1.5789,1.5792,34.50,22.40
2007.09.04 06:00:42.207,1.579,1.5792,8.00,16.30
2007.09.04 06:00:42.243,1.579,1.5792,10.40,14.70
2007.09.04 06:00:42.525,1.579,1.5792,10.40,15.50
2007.09.04 06:00:42.664,1.579,1.5792,10.40,14.70
2007.09.04 06:00:42.757,1.579,1.5792,10.40,0.80
2007.09.04 06:00:42.786,1.579,1.57915,10.40,0.80
2007.09.04 06:00:43.074,1.579,1.5792,10.40,0.20
2007.09.04 06:00:43.368,1.579,1.5792,16.00,0.20
2007.09.04 06:00:43.431,1.579,1.5792,38.30,0.20
2007.09.04 06:00:43.630,1.579,1.5793,38.30,28.50
2007.09.04 06:00:43.733,1.579,1.5793,38.30,26.90
2007.09.04 06:00:43.796,1.579,1.5793,38.30,27.80
2007.09.04 06:00:44.184,1.579,1.5793,39.10,27.80
2007.09.04 06:00:44.253,1.579,1.5793,41.10,27.80
2007.09.04 06:00:47.687,1.579,1.5793,41.90,27.80
2007.09.04 06:00:49.746,1.579,1.5793,41.10,27.80
2007.09.04 06:00:49.839,1.579,1.5792,41.10,0.20
2007.09.04 06:00:50.038,1.579,1.5792,38.70,0.20
2007.09.04 06:00:50.147,1.579,1.5792,37.90,0.20
2007.09.04 06:00:50.246,1.579,1.5792,29.90,10.10
2007.09.04 06:00:50.274,1.579,1.5792,29.90,13.30
2007.09.04 06:00:50.353,1.579,1.5792,29.90,14.20
2007.09.04 06:00:50.496,1.579,1.5792,29.90,15.00
2007.09.04 06:00:50.865,1.579,1.5792,29.90,15.90
2007.09.04 06:00:51.176,1.579,1.5792,27.50,15.90
2007.09.04 06:00:51.187,1.579,1.5792,17.50,15.90
2007.09.04 06:00:51.242,1.579,1.5792,17.50,15.00
2007.09.04 06:00:51.284,1.5789,1.5792,1.60,36.50
2007.09.04 06:00:51.387,1.5789,1.5792,1.60,40.50
2007.09.04 06:00:51.486,1.5789,1.5792,1.60,41.40
2007.09.04 06:00:51.504,1.5789,1.57915,1.60,0.80
2007.09.04 06:00:51.700,1.5789,1.57915,4.60,0.80
2007.09.04 06:00:51.813,1.5789,1.5791,3.00,0.20
2007.09.04 06:00:52.018,1.5789,1.579,3.00,0.20
2007.09.04 06:00:52.232,1.5788,1.579,50.70,0.20
2007.09.04 06:00:52.351,1.5788,1.579,40.30,1.00
2007.09.04 06:00:52.528,1.5788,1.579,40.30,1.80
2007.09.04 06:00:52.608,1.5788,1.579,40.30,2.70
2007.09.04 06:00:52.719,1.5788,1.579,40.30,5.10
2007.09.04 06:00:52.747,1.5788,1.579,30.70,13.10
2007.09.04 06:00:53.153,1.5788,1.579,28.70,13.10
2007.09.04 06:00:53.234,1.5788,1.579,19.90,13.90
2007.09.04 06:00:53.260,1.5787,1.579,45.70,30.20
2007.09.04 06:00:53.890,1.5787,1.579,44.10,30.20
2007.09.04 06:00:54.674,1.57865,1.579,46.50,30.20
2007.09.04 06:00:55.822,1.57865,1.579,47.30,30.20
2007.09.04 06:00:56.650,1.57865,1.579,47.30,29.90
2007.09.04 06:00:56.704,1.57865,1.579,47.30,29.50
2007.09.04 06:00:56.732,1.57865,1.579,47.30,28.60
2007.09.04 06:00:57.073,1.5787,1.579,13.10,28.50
2007.09.04 06:00:57.149,1.57865,1.579,47.30,29.00
2007.09.04 06:00:57.164,1.5787,1.579,47.90,29.10
2007.09.04 06:00:57.241,1.5787,1.579,51.10,29.10
2007.09.04 06:00:57.300,1.5787,1.579,51.10,14.30
2007.09.04 06:00:57.443,1.5787,1.579,51.10,14.30
2007.09.04 06:00:57.486,1.5787,1.579,57.10,13.80
2007.09.04 06:00:57.553,1.5787,1.579,57.10,13.30
2007.09.04 06:00:57.704,1.5788,1.579,5.50,5.20
2007.09.04 06:00:57.752,1.5788,1.579,14.10,2.80
2007.09.04 06:00:57.798,1.5787,1.579,52.00,2.80
2007.09.04 06:00:57.903,1.5788,1.579,8.40,2.80
2007.09.04 06:00:57.992,1.5788,1.579,16.80,2.80
2007.09.04 06:00:58.170,1.5787,1.579,49.30,2.40
2007.09.04 06:00:58.214,1.5787,1.579,58.10,0.60
2007.09.04 06:00:58.332,1.5789,1.579,1.00,0.60
2007.09.04 06:00:58.579,1.5788,1.5791,46.70,30.20
2007.09.04 06:00:58.690,1.5789,1.5791,1.10,30.70
2007.09.04 06:00:58.756,1.57875,1.579,31.90,0.20
2007.09.04 06:00:58.869,1.57875,1.579,30.30,0.20
2007.09.04 06:00:59.077,1.5788,1.579,7.60,0.20
2007.09.04 06:00:59.505,1.5788,1.579,5.60,0.20
2007.09.04 06:00:59.510,1.5786,1.579,47.90,0.20
2007.09.04 06:00:59.853,1.5786,1.579,47.10,0.60
2007.09.04 06:01:00.053,1.5787,1.579,19.80,0.60
2007.09.04 06:01:00.104,1.57865,1.579,48.10,0.60
2007.09.04 06:01:00.146,1.57865,1.579,48.10,2.60
2007.09.04 06:01:00.215,1.57865,1.579,48.10,5.80
2007.09.04 06:01:00.266,1.57865,1.579,48.10,25.80
2007.09.04 06:01:00.468,1.5787,1.579,14.20,28.20
2007.09.04 06:01:00.915,1.57865,1.579,47.30,28.20
2007.09.04 06:01:01.836,1.57865,1.579,43.50,28.20
2007.09.04 06:01:02.047,1.5787,1.5789,18.60,0.20
2007.09.04 06:01:02.275,1.5787,1.5789,6.90,8.10
2007.09.04 06:01:02.285,1.5786,1.5789,47.90,10.50
2007.09.04 06:01:02.369,1.5786,1.5789,47.90,12.50
2007.09.04 06:01:02.826,1.5787,1.5789,7.50,12.50
2007.09.04 06:01:02.861,1.5786,1.5789,46.10,12.70
2007.09.04 06:01:02.919,1.5787,1.5789,7.20,12.70
2007.09.04 06:01:03.130,1.5786,1.5789,46.10,12.70
2007.09.04 06:01:03.163,1.5786,1.5789,46.10,12.50
2007.09.04 06:01:03.213,1.5786,1.5789,46.10,10.30
2007.09.04 06:01:03.236,1.5787,1.5789,11.30,0.20
2007.09.04 06:01:03.318,1.5786,1.579,54.10,33.20
2007.09.04 06:01:03.356,1.5787,1.579,17.80,35.80
2007.09.04 06:01:03.532,1.5787,1.579,6.90,35.90
2007.09.04 06:01:03.569,1.5786,1.579,56.70,33.50
2007.09.04 06:01:03.778,1.5786,1.579,56.70,27.90
2007.09.04 06:01:04.863,1.5787,1.579,13.60,27.90
2007.09.04 06:01:05.617,1.5787,1.579,16.70,25.50
2007.09.04 06:01:05.715,1.5787,1.579,22.00,25.30
2007.09.04 06:01:06.027,1.57865,1.579,47.30,25.50
2007.09.04 06:01:06.134,1.5787,1.579,17.50,25.50
2007.09.04 06:01:06.242,1.5787,1.5789,10.10,0.20
2007.09.04 06:01:06.323,1.5787,1.5789,13.40,2.50
2007.09.04 06:01:06.390,1.5787,1.5789,8.20,10.50
2007.09.04 06:01:07.265,1.5786,1.5789,46.90,10.40
2007.09.04 06:01:07.358,1.5786,1.5789,50.50,12.40
2007.09.04 06:01:07.662,1.5786,1.5789,48.10,10.40
2007.09.04 06:01:07.735,1.5786,1.5789,48.10,8.00
2007.09.04 06:01:07.825,1.5787,1.579,19.90,34.30
2007.09.04 06:01:07.929,1.5786,1.579,55.80,27.90
2007.09.04 06:01:07.946,1.5787,1.579,19.40,25.50
2007.09.04 06:01:08.032,1.5786,1.579,60.60,25.40
2007.09.04 06:01:08.051,1.5786,1.579,62.20,25.20
2007.09.04 06:01:08.152,1.5787,1.579,49.70,23.20
2007.09.04 06:01:08.262,1.5787,1.579,53.70,0.10
2007.09.04 06:01:08.355,1.5788,1.579,4.20,0.10
2007.09.04 06:01:08.363,1.5787,1.579,53.70,0.10
2007.09.04 06:01:08.468,1.5788,1.579,1.30,0.10
2007.09.04 06:01:08.551,1.5788,1.5791,13.80,20.30
2007.09.04 06:01:08.684,1.5788,1.5791,4.20,18.70
2007.09.04 06:01:08.765,1.5788,1.5791,17.90,16.30
2007.09.04 06:01:08.799,1.5788,1.5791,1.70,28.20
2007.09.04 06:01:09.222,1.57875,1.5791,43.50,28.20
2007.09.04 06:01:09.281,1.57875,1.5791,44.30,28.20
2007.09.04 06:01:09.548,1.57875,1.5791,44.30,30.60
2007.09.04 06:01:09.649,1.57875,1.5791,45.90,30.60
2007.09.04 06:01:09.765,1.57875,1.5791,45.10,27.80
2007.09.04 06:01:10.204,1.5788,1.5791,20.20,27.90
2007.09.04 06:01:10.592,1.5788,1.5791,8.90,27.90
2007.09.04 06:01:10.726,1.5788,1.5791,8.40,30.90
2007.09.04 06:01:10.849,1.5788,1.5791,9.00,30.90
2007.09.04 06:01:11.142,1.5788,1.579,13.60,0.20
2007.09.04 06:01:11.346,1.5787,1.579,58.90,10.50
2007.09.04 06:01:11.673,1.5788,1.579,11.60,10.50
2007.09.04 06:01:12.276,1.5788,1.579,4.40,10.50
2007.09.04 06:01:12.324,1.5787,1.579,48.10,12.50
2007.09.04 06:01:13.714,1.5787,1.5789,44.90,2.40
2007.09.04 06:01:13.728,1.5787,1.5789,45.00,10.40
2007.09.04 06:01:14.210,1.5788,1.5789,10.40,8.00
2007.09.04 06:01:14.256,1.5788,1.579,10.00,12.50
2007.09.04 06:01:16.159,1.5787,1.579,48.30,13.30
2007.09.04 06:01:16.167,1.5788,1.579,6.80,15.70
2007.09.04 06:01:16.251,1.5787,1.579,42.80,15.70
2007.09.04 06:01:16.278,1.5787,1.579,5.30,27.60
2007.09.04 06:01:16.308,1.57865,1.579,48.90,27.60
2007.09.04 06:01:16.360,1.57865,1.579,48.90,27.80
2007.09.04 06:01:16.993,1.57865,1.579,48.90,28.40
2007.09.04 06:01:17.080,1.5787,1.579,3.70,28.30
2007.09.04 06:01:17.121,1.57865,1.579,48.90,28.90
2007.09.04 06:01:17.285,1.57865,1.579,48.90,29.50
2007.09.04 06:01:17.638,1.5787,1.5789,10.60,0.80
2007.09.04 06:01:17.694,1.5787,1.5789,18.40,3.20
2007.09.04 06:01:17.746,1.57865,1.5789,28.20,23.70
2007.09.04 06:01:17.858,1.57865,1.5789,25.80,26.10
2007.09.04 06:01:17.882,1.5787,1.5789,6.40,26.70
2007.09.04 06:01:17.962,1.5786,1.5789,35.60,26.70
2007.09.04 06:01:18.094,1.5786,1.5789,35.60,27.40
2007.09.04 06:01:18.199,1.5787,1.5789,6.00,26.60
2007.09.04 06:01:18.222,1.5786,1.5789,37.20,24.20
2007.09.04 06:01:18.295,1.5786,1.5789,37.20,16.20
2007.09.04 06:01:18.727,1.5788,1.5789,3.00,1.20
2007.09.04 06:01:18.910,1.5787,1.5789,47.30,0.60
2007.09.04 06:01:19.170,1.5788,1.579,3.50,15.20
2007.09.04 06:01:19.247,1.5787,1.579,47.30,15.20
2007.09.04 06:01:19.267,1.5787,1.579,48.10,15.70
2007.09.04 06:01:19.667,1.5786,1.579,41.50,26.80
2007.09.04 06:01:19.773,1.5787,1.579,15.60,26.80
2007.09.04 06:01:19.856,1.57865,1.579,48.90,26.80
2007.09.04 06:01:20.329,1.57865,1.579,48.90,29.20
2007.09.04 06:01:24.434,1.5787,1.579,46.50,26.80
2007.09.04 06:01:27.817,1.5787,1.579,46.50,29.20
2007.09.04 06:01:27.828,1.5787,1.57895,46.50,0.60
2007.09.04 06:01:28.141,1.5787,1.57895,45.70,0.60
2007.09.04 06:01:28.237,1.5787,1.57895,42.70,0.60
2007.09.04 06:01:28.666,1.5787,1.5789,42.70,0.20
2007.09.04 06:01:28.765,1.5787,1.5789,38.70,0.20
2007.09.04 06:01:28.883,1.5787,1.5789,38.70,0.60
2007.09.04 06:01:28.909,1.5787,1.5789,38.70,1.20
2007.09.04 06:01:28.999,1.5787,1.5789,38.70,1.00
2007.09.04 06:01:29.118,1.5787,1.5789,38.70,1.60
2007.09.04 06:01:30.169,1.5787,1.5789,41.90,1.60
2007.09.04 06:01:30.301,1.5787,1.5789,44.90,1.00
2007.09.04 06:01:30.455,1.5787,1.5789,44.90,0.60
2007.09.04 06:01:30.594,1.5787,1.579,44.90,26.30
2007.09.04 06:01:30.735,1.5787,1.579,46.50,26.30
2007.09.04 06:01:31.175,1.5787,1.579,46.50,26.80
2007.09.04 06:01:31.270,1.5787,1.579,43.50,29.80
2007.09.04 06:01:32.247,1.5787,1.579,42.70,26.80
2007.09.04 06:01:32.448,1.5787,1.579,42.70,29.20
2007.09.04 06:01:32.661,1.5787,1.579,43.50,29.20
2007.09.04 06:01:32.764,1.5787,1.579,43.50,32.20
2007.09.04 06:01:32.872,1.5787,1.579,41.90,32.20
2007.09.04 06:01:32.975,1.5787,1.579,41.90,29.80
2007.09.04 06:01:33.813,1.5787,1.579,43.50,29.80
2007.09.04 06:01:39.251,1.5787,1.579,46.50,26.80
2007.09.04 06:01:39.688,1.5787,1.579,45.70,26.80
2007.09.04 06:01:39.794,1.5787,1.579,42.70,29.80
2007.09.04 06:01:39.906,1.5787,1.579,40.30,32.20
2007.09.04 06:01:40.004,1.5787,1.579,41.10,32.20
2007.09.04 06:01:40.127,1.5787,1.579,40.30,32.20
2007.09.04 06:01:40.234,1.5787,1.5789,40.30,0.60
2007.09.04 06:01:40.351,1.5787,1.5789,40.30,1.00
2007.09.04 06:01:40.498,1.5787,1.5789,40.30,1.60
2007.09.04 06:01:40.561,1.5787,1.5789,40.30,1.70
2007.09.04 06:01:40.655,1.5787,1.5789,40.30,2.50
2007.09.04 06:01:40.693,1.5787,1.5789,40.30,3.30
2007.09.04 06:01:40.778,1.5787,1.5789,32.30,16.10
2007.09.04 06:01:40.787,1.5787,1.5789,32.30,13.70
2007.09.04 06:01:40.879,1.5787,1.5789,30.70,16.10
2007.09.04 06:01:41.144,1.5787,1.5789,30.70,16.90
2007.09.04 06:01:41.183,1.5787,1.5788,28.30,2.40
2007.09.04 06:01:41.206,1.5787,1.5788,28.30,2.50
2007.09.04 06:01:41.321,1.5787,1.5788,20.30,10.50
2007.09.04 06:01:41.426,1.5787,1.5788,8.40,10.50
2007.09.04 06:01:41.701,1.5787,1.5788,7.60,11.10
2007.09.04 06:01:41.870,1.5787,1.5788,5.60,11.10
2007.09.04 06:01:42.183,1.5786,1.5787,24.70,8.00
2007.09.04 06:01:42.204,1.5786,1.5787,22.30,10.40
2007.09.04 06:01:42.268,1.5786,1.5787,2.40,10.40
2007.09.04 06:01:42.700,1.5785,1.5787,30.90,10.40
2007.09.04 06:01:43.125,1.5785,1.5787,33.30,10.40
2007.09.04 06:01:43.220,1.5785,1.5787,33.30,2.40
2007.09.04 06:01:43.233,1.5785,1.57875,33.30,0.30
2007.09.04 06:01:43.369,1.5785,1.57875,41.30,0.30
2007.09.04 06:01:44.726,1.5785,1.57875,42.10,0.30
2007.09.04 06:01:44.986,1.5785,1.5788,42.10,25.30
2007.09.04 06:01:45.165,1.5785,1.5788,44.10,15.30
2007.09.04 06:01:45.174,1.5785,1.5788,44.90,12.10
2007.09.04 06:01:45.272,1.5785,1.5789,50.50,43.90
2007.09.04 06:01:45.288,1.5785,1.5789,52.90,41.50
2007.09.04 06:01:45.395,1.5785,1.5788,52.90,0.20
2007.09.04 06:01:45.994,1.5785,1.5788,52.90,0.50
2007.09.04 06:01:46.020,1.5785,1.57885,52.90,0.80
2007.09.04 06:01:47.309,1.5785,1.57885,52.90,0.60
2007.09.04 06:01:50.628,1.5786,1.57885,0.80,0.60
2007.09.04 06:01:50.750,1.5785,1.5788,52.90,0.30
2007.09.04 06:01:50.854,1.5786,1.57885,2.40,0.60
2007.09.04 06:01:51.189,1.5786,1.57885,3.20,0.60
2007.09.04 06:01:51.560,1.5786,1.57885,3.20,0.30
2007.09.04 06:01:51.754,1.5786,1.5789,3.20,40.60
2007.09.04 06:01:51.779,1.5786,1.57885,3.20,1.00
2007.09.04 06:01:51.820,1.5786,1.57885,0.80,1.00
2007.09.04 06:01:54.319,1.5786,1.57885,14.20,1.00
2007.09.04 06:01:54.370,1.5786,1.5789,16.60,34.20
2007.09.04 06:01:54.451,1.5786,1.5788,36.50,0.50
2007.09.04 06:01:54.533,1.5786,1.579,42.10,43.00
2007.09.04 06:01:54.545,1.5786,1.579,42.10,43.40
2007.09.04 06:01:54.626,1.5786,1.579,42.10,43.90
2007.09.04 06:01:55.160,1.5786,1.5789,42.90,0.70
2007.09.04 06:01:55.216,1.5786,1.579,41.90,43.90
2007.09.04 06:01:55.332,1.5786,1.5789,41.90,0.60
2007.09.04 06:01:56.697,1.5787,1.57895,2.40,31.40
2007.09.04 06:01:56.726,1.5787,1.5789,5.40,0.90
2007.09.04 06:01:56.794,1.5787,1.57895,5.40,29.00
2007.09.04 06:01:56.813,1.5787,1.5789,13.40,0.90
2007.09.04 06:01:56.899,1.5787,1.5789,13.40,0.60
2007.09.04 06:01:56.917,1.5787,1.5789,13.40,0.60
2007.09.04 06:01:56.935,1.5787,1.57895,13.40,15.40
2007.09.04 06:01:57.015,1.5787,1.5789,14.20,0.80
2007.09.04 06:01:57.217,1.5787,1.5789,19.80,0.60
2007.09.04 06:01:57.232,1.5787,1.57895,39.70,0.60
2007.09.04 06:01:57.344,1.5787,1.579,42.10,28.50
2007.09.04 06:01:57.457,1.5787,1.5791,42.10,43.70
2007.09.04 06:01:57.517,1.5787,1.5791,42.10,43.20
2007.09.04 06:01:57.771,1.5787,1.5791,42.10,44.60
2007.09.04 06:01:57.893,1.5787,1.5791,43.70,44.60
2007.09.04 06:01:58.136,1.5787,1.5791,43.70,45.10
2007.09.04 06:01:58.202,1.5787,1.579,45.70,0.50
2007.09.04 06:01:58.229,1.5787,1.5791,46.50,45.10
2007.09.04 06:01:59.056,1.5787,1.579,46.50,0.60
2007.09.04 06:01:59.497,1.5787,1.579,48.90,0.70
2007.09.04 06:01:59.669,1.5787,1.5791,48.90,40.90
2007.09.04 06:01:59.707,1.57875,1.579,2.40,0.90
2007.09.04 06:01:59.776,1.57875,1.579,2.40,0.60
2007.09.04 06:01:59.915,1.5788,1.579,2.40,0.60
2007.09.04 06:01:59.975,1.5788,1.5791,2.40,40.80
2007.09.04 06:02:00.015,1.5788,1.5791,3.20,40.80
2007.09.04 06:02:00.193,1.5789,1.579,2.40,0.60
2007.09.04 06:02:00.418,1.5789,1.57905,16.00,1.20
2007.09.04 06:02:00.456,1.5789,1.579,27.90,0.60
2007.09.04 06:02:00.706,1.5789,1.5791,27.90,0.90
2007.09.04 06:02:00.784,1.5789,1.57915,35.90,0.60
2007.09.04 06:02:01.737,1.5789,1.57915,39.70,0.60
2007.09.04 06:02:01.812,1.5789,1.5792,39.70,0.70
2007.09.04 06:02:01.851,1.5789,1.5793,42.10,44.20
2007.09.04 06:02:02.154,1.5789,1.5792,42.10,0.80
2007.09.04 06:02:02.273,1.5789,1.5792,36.10,0.70
2007.09.04 06:02:02.326,1.5789,1.5792,38.50,0.90
2007.09.04 06:02:02.383,1.5789,1.57925,36.10,1.20
2007.09.04 06:02:02.399,1.579,1.57925,0.80,1.20
2007.09.04 06:02:02.466,1.579,1.5793,0.80,42.40
2007.09.04 06:02:02.671,1.579,1.5793,6.40,42.40
2007.09.04 06:02:02.778,1.579,1.5793,8.80,42.40
2007.09.04 06:02:02.791,1.5791,1.5793,0.80,27.80
2007.09.04 06:02:02.987,1.5791,1.5792,0.80,0.60
2007.09.04 06:02:03.195,1.5791,1.57925,7.20,1.20
2007.09.04 06:02:03.219,1.5791,1.5792,9.20,0.60
2007.09.04 06:02:03.328,1.5791,1.5792,36.30,0.60
2007.09.04 06:02:03.450,1.5791,1.57925,8.40,1.20
2007.09.04 06:02:03.651,1.5791,1.5792,6.40,0.60
2007.09.04 06:02:03.700,1.579,1.5792,38.30,0.50
2007.09.04 06:02:03.764,1.579,1.57925,3.20,23.90
2007.09.04 06:02:03.865,1.579,1.57925,1.60,26.30
2007.09.04 06:02:03.897,1.579,1.5792,1.60,26.30
2007.09.04 06:02:03.982,1.5789,1.5792,36.10,25.80
2007.09.04 06:02:04.213,1.579,1.57915,0.80,0.60
2007.09.04 06:02:04.422,1.5791,1.57915,0.80,0.60
2007.09.04 06:02:04.451,1.5791,1.5793,0.80,40.10
2007.09.04 06:02:04.526,1.5791,1.5793,0.80,0.50
2007.09.04 06:02:04.625,1.5791,1.57935,0.80,41.10
2007.09.04 06:02:04.739,1.5791,1.5793,0.80,0.80
2007.09.04 06:02:04.845,1.5791,1.57935,0.80,0.90
2007.09.04 06:02:04.996,1.5791,1.5795,0.80,54.90
2007.09.04 06:02:05.142,1.5791,1.5795,4.00,54.90
2007.09.04 06:02:05.160,1.5791,1.5794,14.00,0.80
2007.09.04 06:02:05.247,1.5791,1.5794,19.60,0.90
2007.09.04 06:02:05.274,1.5791,1.5795,39.50,46.90
2007.09.04 06:02:05.342,1.5791,1.5794,39.50,38.00
2007.09.04 06:02:05.551,1.5791,1.57945,39.50,31.80
2007.09.04 06:02:05.655,1.5791,1.5794,37.10,32.60
2007.09.04 06:02:05.895,1.5791,1.57935,28.30,14.00
2007.09.04 06:02:05.919,1.5791,1.57935,28.30,14.10
2007.09.04 06:02:06.009,1.5791,1.5792,28.30,0.20
2007.09.04 06:02:06.137,1.5791,1.5793,28.30,0.80
2007.09.04 06:02:06.184,1.5791,1.5793,21.90,17.50
2007.09.04 06:02:06.244,1.579,1.5793,8.00,39.30
2007.09.04 06:02:06.354,1.579,1.57925,1.60,27.10
2007.09.04 06:02:06.555,1.579,1.5792,1.60,0.90
2007.09.04 06:02:06.682,1.579,1.57925,1.60,27.10
2007.09.04 06:02:06.880,1.5789,1.57925,37.70,27.10
2007.09.04 06:02:06.977,1.5789,1.57925,36.10,32.80
2007.09.04 06:02:07.084,1.5789,1.5792,36.10,0.90
2007.09.04 06:02:07.108,1.5789,1.5792,36.10,0.60
2007.09.04 06:02:07.196,1.5789,1.5791,27.30,0.60
2007.09.04 06:02:07.298,1.5789,1.5792,23.30,34.50
2007.09.04 06:02:07.631,1.5789,1.5792,22.50,46.40
2007.09.04 06:02:07.739,1.5789,1.5792,19.50,47.00
2007.09.04 06:02:07.854,1.5789,1.5792,19.50,47.10
2007.09.04 06:02:07.973,1.5789,1.57915,19.50,13.80
2007.09.04 06:02:08.068,1.5789,1.57915,20.30,13.80
2007.09.04 06:02:08.163,1.5789,1.57915,20.30,11.80
2007.09.04 06:02:08.252,1.5789,1.5791,21.10,0.60
2007.09.04 06:02:08.286,1.5789,1.57915,22.10,0.60
2007.09.04 06:02:08.339,1.5789,1.5792,21.30,50.30
2007.09.04 06:02:08.691,1.5789,1.57915,29.30,0.60
2007.09.04 06:02:08.815,1.5789,1.5792,30.90,34.30
2007.09.04 06:02:08.850,1.5789,1.5793,30.90,44.50
2007.09.04 06:02:08.922,1.5789,1.5792,29.30,0.50
2007.09.04 06:02:09.046,1.579,1.5792,0.80,0.50
2007.09.04 06:02:09.059,1.579,1.5793,0.80,42.30
2007.09.04 06:02:09.154,1.579,1.5793,0.80,42.30
2007.09.04 06:02:09.166,1.579,1.5793,6.40,42.30
2007.09.04 06:02:09.270,1.579,1.5793,28.70,29.80
2007.09.04 06:02:09.355,1.579,1.5792,36.70,0.60
2007.09.04 06:02:09.571,1.579,1.5793,36.70,0.90
2007.09.04 06:02:09.611,1.579,1.57935,36.70,32.20
2007.09.04 06:02:09.781,1.579,1.57935,36.70,30.60
2007.09.04 06:02:09.982,1.579,1.5793,36.70,0.60
2007.09.04 06:02:10.102,1.579,1.5792,36.70,0.90
2007.09.04 06:02:10.189,1.579,1.5793,36.70,38.20
2007.09.04 06:02:10.222,1.579,1.5793,18.00,42.00
2007.09.04 06:02:10.657,1.579,1.5792,16.00,30.80
2007.09.04 06:02:10.702,1.579,1.5791,8.00,0.80
2007.09.04 06:02:10.752,1.5789,1.5791,27.30,0.90
2007.09.04 06:02:10.979,1.5789,1.5791,24.90,0.70
2007.09.04 06:02:11.195,1.579,1.5791,8.00,0.80
2007.09.04 06:02:11.222,1.579,1.57915,10.40,0.60
2007.09.04 06:02:11.288,1.579,1.5792,11.20,46.70
2007.09.04 06:02:11.319,1.579,1.5792,16.80,46.70
2007.09.04 06:02:12.060,1.579,1.57915,16.00,0.60
2007.09.04 06:02:12.152,1.579,1.5791,16.00,0.80
2007.09.04 06:02:12.253,1.579,1.57915,13.60,3.40
2007.09.04 06:02:12.272,1.579,1.5791,5.60,0.50
2007.09.04 06:02:12.441,1.5789,1.57915,24.90,3.40
2007.09.04 06:02:12.705,1.5789,1.5791,24.90,0.80
2007.09.04 06:02:12.807,1.5789,1.5791,21.90,0.90
2007.09.04 06:02:12.900,1.5789,1.5791,19.50,0.70
2007.09.04 06:02:13.224,1.5789,1.5791,20.30,13.70
2007.09.04 06:02:13.246,1.5789,1.5791,20.30,14.20
2007.09.04 06:02:13.679,1.5789,1.5791,20.30,14.70
2007.09.04 06:02:16.667,1.5789,1.5791,20.30,12.30
2007.09.04 06:02:16.789,1.5789,1.5791,23.30,4.30
2007.09.04 06:02:17.180,1.5789,1.5791,23.30,6.70
2007.09.04 06:02:17.198,1.5789,1.5791,20.30,14.70
2007.09.04 06:02:18.833,1.5789,1.5791,20.30,4.30
2007.09.04 06:02:22.167,1.5789,1.5791,23.30,2.30
2007.09.04 06:02:22.239,1.579,1.5791,2.40,1.50
2007.09.04 06:02:22.275,1.579,1.5791,10.40,1.00
2007.09.04 06:02:22.295,1.579,1.5791,10.40,0.60
2007.09.04 06:02:22.413,1.579,1.5791,16.00,0.60
2007.09.04 06:02:22.520,1.579,1.5792,16.00,38.00
2007.09.04 06:02:22.731,1.579,1.5792,16.00,38.40
2007.09.04 06:02:23.159,1.579,1.5791,13.60,0.80
2007.09.04 06:02:23.219,1.579,1.5791,5.60,2.80
2007.09.04 06:02:23.347,1.5789,1.5791,21.90,2.80
2007.09.04 06:02:23.872,1.5789,1.5791,20.30,2.80
2007.09.04 06:02:24.241,1.5789,1.5791,20.30,10.80
2007.09.04 06:02:24.277,1.5789,1.5791,20.30,13.20
2007.09.04 06:02:25.196,1.5789,1.5791,20.30,10.80
2007.09.04 06:02:25.267,1.5789,1.5791,20.30,2.80
2007.09.04 06:02:26.237,1.5789,1.5791,20.30,13.20
2007.09.04 06:02:27.088,1.5789,1.5791,19.50,13.20
2007.09.04 06:02:27.295,1.5789,1.5791,19.50,13.60
2007.09.04 06:02:27.722,1.5789,1.5791,19.50,13.80
2007.09.04 06:02:28.039,1.5789,1.5791,20.30,13.80
2007.09.04 06:02:28.181,1.579,1.5791,5.60,13.00
2007.09.04 06:02:28.707,1.5789,1.5791,38.00,13.80
2007.09.04 06:02:28.776,1.5789,1.5791,22.00,13.60
2007.09.04 06:02:28.895,1.5789,1.5791,19.60,13.60
2007.09.04 06:02:29.050,1.5789,1.5791,19.50,13.60
2007.09.04 06:02:29.217,1.5789,1.5791,19.50,11.20
2007.09.04 06:02:29.230,1.5789,1.5791,23.30,3.20
2007.09.04 06:02:30.733,1.5789,1.5791,19.50,11.20
2007.09.04 06:02:30.760,1.5789,1.5791,19.50,13.60
2007.09.04 06:02:31.677,1.5789,1.5791,23.30,5.60
2007.09.04 06:02:31.699,1.5789,1.5791,23.30,3.20
2007.09.04 06:02:31.784,1.5789,1.5791,24.10,3.20
2007.09.04 06:02:31.884,1.5789,1.5791,24.10,2.40
2007.09.04 06:02:32.202,1.5789,1.5791,23.30,3.20
2007.09.04 06:02:32.229,1.5789,1.5791,19.50,11.20
2007.09.04 06:02:32.294,1.5789,1.5791,19.50,13.60
2007.09.04 06:02:33.285,1.5789,1.5791,22.50,13.60
2007.09.04 06:02:34.351,1.5789,1.5791,23.30,12.80
2007.09.04 06:02:34.653,1.5789,1.5791,20.30,12.80
2007.09.04 06:02:34.673,1.5789,1.5791,19.50,13.60
2007.09.04 06:02:35.083,1.5789,1.5791,19.50,14.10
2007.09.04 06:02:39.308,1.5789,1.5791,22.50,13.60
2007.09.04 06:02:39.845,1.5789,1.5791,19.50,13.60
2007.09.04 06:02:40.663,1.5789,1.5791,19.50,13.80
2007.09.04 06:02:42.687,1.5789,1.579,19.50,2.40
2007.09.04 06:02:42.710,1.5789,1.579,17.50,2.50
2007.09.04 06:02:42.810,1.5789,1.579,17.50,10.50
2007.09.04 06:02:43.207,1.5789,1.579,11.90,10.50
2007.09.04 06:02:43.220,1.5788,1.579,22.70,12.90
2007.09.04 06:02:43.387,1.5788,1.579,22.70,13.20
2007.09.04 06:02:43.448,1.5788,1.579,22.70,13.50
2007.09.04 06:02:43.605,1.5788,1.579,22.70,13.20
2007.09.04 06:02:43.715,1.5788,1.5789,21.90,2.40
2007.09.04 06:02:43.741,1.5788,1.5789,7.20,10.40
2007.09.04 06:02:43.844,1.5788,1.5789,5.60,10.40
2007.09.04 06:02:44.286,1.5788,1.5789,5.60,12.40
2007.09.04 06:02:44.390,1.5787,1.5789,43.50,12.40
2007.09.04 06:02:44.705,1.5788,1.5789,1.10,12.50
2007.09.04 06:02:45.143,1.5787,1.5789,38.70,13.30
2007.09.04 06:02:45.334,1.5787,1.5789,28.70,13.70
2007.09.04 06:02:45.350,1.5786,1.5789,50.30,13.70
2007.09.04 06:02:45.391,1.5787,1.5788,0.50,0.20
2007.09.04 06:02:45.683,1.5787,1.5788,2.40,2.50
2007.09.04 06:02:45.697,1.5786,1.5788,32.60,10.50
2007.09.04 06:02:45.813,1.57855,1.5788,6.40,22.80
2007.09.04 06:02:45.887,1.57855,1.57875,6.40,0.40
2007.09.04 06:02:46.012,1.57855,1.57875,4.00,0.40
2007.09.04 06:02:46.864,1.5785,1.57875,14.70,0.40
2007.09.04 06:02:46.974,1.5785,1.57875,3.10,0.40
2007.09.04 06:02:47.092,1.57845,1.5787,41.10,2.50
2007.09.04 06:02:47.185,1.5785,1.5787,4.60,22.40
2007.09.04 06:02:47.208,1.57835,1.5787,47.10,24.80
2007.09.04 06:02:47.291,1.57835,1.5787,43.10,24.80
2007.09.04 06:02:47.719,1.5784,1.5787,45.10,24.80
2007.09.04 06:02:47.729,1.5784,1.5787,48.30,24.80
2007.09.04 06:02:48.038,1.5785,1.5787,3.70,22.40
2007.09.04 06:02:48.242,1.5784,1.5787,49.10,23.20
2007.09.04 06:02:48.267,1.5784,1.57865,49.10,0.40
2007.09.04 06:02:48.348,1.5785,1.57865,1.70,0.40
2007.09.04 06:02:48.367,1.5784,1.57865,43.10,0.40
2007.09.04 06:02:48.502,1.5784,1.5787,43.10,13.30
2007.09.04 06:02:51.689,1.5785,1.5787,4.60,18.10
2007.09.04 06:02:51.811,1.5784,1.5787,51.90,32.80
2007.09.04 06:02:51.852,1.5785,1.5787,1.30,33.10
2007.09.04 06:02:51.872,1.5785,1.5787,4.50,33.40
2007.09.04 06:02:52.236,1.5784,1.5786,52.70,2.00
2007.09.04 06:02:53.994,1.5784,1.5786,52.70,2.00
2007.09.04 06:02:54.214,1.5784,1.5787,45.50,13.60
2007.09.04 06:02:54.233,1.5785,1.5787,5.10,13.30
2007.09.04 06:02:54.716,1.5785,1.5787,7.40,13.30
2007.09.04 06:02:54.827,1.5785,1.5787,6.10,13.30
2007.09.04 06:02:54.862,1.5784,1.5787,42.60,13.60
2007.09.04 06:02:54.982,1.5784,1.57865,42.60,0.40
2007.09.04 06:02:55.121,1.5784,1.5786,42.60,0.40
2007.09.04 06:02:55.272,1.57835,1.5786,36.70,0.40
2007.09.04 06:02:56.008,1.5784,1.5786,11.90,0.40
2007.09.04 06:02:56.110,1.57835,1.5786,32.70,0.40
2007.09.04 06:02:58.017,1.5783,1.5786,58.90,0.60
2007.09.04 06:02:58.122,1.5783,1.5786,56.10,8.40
2007.09.04 06:02:58.208,1.5783,1.5786,53.70,10.80
2007.09.04 06:02:58.240,1.5783,1.5785,48.30,0.20
2007.09.04 06:02:58.261,1.5783,1.5785,44.30,0.20
2007.09.04 06:02:58.337,1.5783,1.5785,40.20,0.20
2007.09.04 06:02:58.434,1.5783,1.5785,16.90,0.20
2007.09.04 06:02:58.447,1.5782,1.5785,53.70,0.20
2007.09.04 06:02:58.775,1.5783,1.5785,8.20,10.50
2007.09.04 06:02:58.998,1.5782,1.5785,43.70,10.50
2007.09.04 06:02:59.186,1.5782,1.5785,42.90,12.50
2007.09.04 06:03:00.148,1.5782,1.5785,46.10,12.40
2007.09.04 06:03:00.202,1.5782,1.5785,46.10,10.00
2007.09.04 06:03:00.255,1.5783,1.5785,1.40,2.00
2007.09.04 06:03:02.649,1.5782,1.5785,46.10,4.40
2007.09.04 06:03:02.694,1.5782,1.5785,46.10,12.40
2007.09.04 06:03:03.165,1.5783,1.5785,28.30,10.00
2007.09.04 06:03:03.221,1.5783,1.5785,31.30,2.00
2007.09.04 06:03:04.744,1.5783,1.57855,44.90,0.20
2007.09.04 06:03:04.868,1.5784,1.5786,4.00,0.20
2007.09.04 06:03:04.930,1.5783,1.5786,51.30,0.40
2007.09.04 06:03:05.019,1.5783,1.5786,51.30,0.20
2007.09.04 06:03:05.267,1.5784,1.5786,6.30,0.20
2007.09.04 06:03:05.438,1.5783,1.5786,44.10,0.40
2007.09.04 06:03:06.171,1.5783,1.5786,44.10,1.10
2007.09.04 06:03:06.279,1.5784,1.5786,0.70,1.10
2007.09.04 06:03:06.326,1.5784,1.5786,6.20,3.10
2007.09.04 06:03:06.859,1.5784,1.5786,2.20,5.70
2007.09.04 06:03:06.963,1.5783,1.57855,41.00,0.20
2007.09.04 06:03:07.478,1.5782,1.57855,57.10,0.20
2007.09.04 06:03:07.501,1.5783,1.57855,16.70,0.20
2007.09.04 06:03:07.796,1.5782,1.57855,58.50,0.20
2007.09.04 06:03:08.214,1.5783,1.57855,37.10,0.20
2007.09.04 06:03:08.237,1.5784,1.57855,3.10,0.20
2007.09.04 06:03:08.835,1.5784,1.5786,0.70,15.20
2007.09.04 06:03:09.024,1.5784,1.5786,1.90,15.40
2007.09.04 06:03:09.036,1.5783,1.5786,42.50,15.20
2007.09.04 06:03:09.145,1.5783,1.5786,42.50,15.40
2007.09.04 06:03:09.404,1.5783,1.5786,42.40,3.50
2007.09.04 06:03:09.614,1.5783,1.5786,42.40,4.30
2007.09.04 06:03:09.770,1.5784,1.5786,7.20,18.70
2007.09.04 06:03:09.870,1.5784,1.5786,3.00,34.60
2007.09.04 06:03:09.983,1.5783,1.5786,47.30,37.00
2007.09.04 06:03:10.074,1.5784,1.5786,0.70,36.80
2007.09.04 06:03:10.093,1.5784,1.5786,3.30,39.20
2007.09.04 06:03:10.172,1.5784,1.57855,3.00,0.20
2007.09.04 06:03:10.211,1.5784,1.5785,3.20,2.00
2007.09.04 06:03:11.049,1.5783,1.5785,46.50,2.20
2007.09.04 06:03:11.162,1.5783,1.5785,46.50,2.30
2007.09.04 06:03:11.301,1.5783,1.5785,43.30,4.70
2007.09.04 06:03:11.349,1.5783,1.5785,43.30,5.00
2007.09.04 06:03:11.366,1.5782,1.5785,53.70,13.00
2007.09.04 06:03:11.418,1.5782,1.5785,53.70,13.20
2007.09.04 06:03:11.479,1.5782,1.5785,45.70,13.20
2007.09.04 06:03:11.798,1.5783,1.5785,28.10,13.20
2007.09.04 06:03:12.235,1.5783,1.5785,25.10,13.20
2007.09.04 06:03:12.639,1.5783,1.5785,23.10,13.20
2007.09.04 06:03:12.657,1.5783,1.5785,22.30,14.00
2007.09.04 06:03:12.769,1.5783,1.5784,0.80,12.90
2007.09.04 06:03:12.786,1.5783,1.5784,3.20,12.90
2007.09.04 06:03:12.870,1.5782,1.5784,18.00,15.30
2007.09.04 06:03:13.062,1.5782,1.5784,18.00,15.50
2007.09.04 06:03:13.089,1.5782,1.5784,15.60,15.70
2007.09.04 06:03:13.188,1.5782,1.5784,14.80,14.90
2007.09.04 06:03:13.212,1.5782,1.5784,15.60,14.90
2007.09.04 06:03:13.293,1.5782,1.5784,21.20,14.90
2007.09.04 06:03:13.322,1.5783,1.5784,19.90,0.50
2007.09.04 06:03:13.425,1.5783,1.5784,11.90,0.60
2007.09.04 06:03:13.458,1.5783,1.5784,11.90,0.40
2007.09.04 06:03:13.587,1.5783,1.5784,11.90,0.20
2007.09.04 06:03:13.740,1.5783,1.5784,8.00,0.20
2007.09.04 06:03:13.794,1.5783,1.5784,10.40,0.20
2007.09.04 06:03:14.218,1.5783,1.5784,8.00,2.50
2007.09.04 06:03:14.275,1.5782,1.5784,37.70,10.50
2007.09.04 06:03:14.325,1.5782,1.5784,32.10,10.50
2007.09.04 06:03:14.397,1.5782,1.5784,29.70,12.50
2007.09.04 06:03:14.475,1.5782,1.5784,37.70,12.50
2007.09.04 06:03:14.514,1.5782,1.5784,43.30,12.50
2007.09.04 06:03:14.694,1.5782,1.5784,43.30,12.40
2007.09.04 06:03:14.800,1.5782,1.5784,38.70,12.40
2007.09.04 06:03:14.892,1.5782,1.5784,40.30,12.40
2007.09.04 06:03:15.245,1.5782,1.5784,40.30,2.40
2007.09.04 06:03:15.256,1.5782,1.5785,34.70,32.20
2007.09.04 06:03:15.363,1.5782,1.5785,34.70,28.20
2007.09.04 06:03:15.600,1.5782,1.5784,34.70,0.20
2007.09.04 06:03:15.800,1.5782,1.5783,34.70,0.20
2007.09.04 06:03:16.690,1.5782,1.5784,34.70,8.10
2007.09.04 06:03:16.741,1.5782,1.5784,34.70,10.50
2007.09.04 06:03:16.785,1.5782,1.5784,25.10,12.50
2007.09.04 06:03:17.681,1.5782,1.5784,25.10,10.10
2007.09.04 06:03:17.718,1.5782,1.5784,33.10,0.20
2007.09.04 06:03:17.811,1.5782,1.5784,35.50,0.20
2007.09.04 06:03:18.033,1.5782,1.5784,36.10,0.20
2007.09.04 06:03:18.132,1.5782,1.5785,36.10,28.20
2007.09.04 06:03:18.210,1.5782,1.5785,36.10,25.00
2007.09.04 06:03:18.242,1.5782,1.5785,36.10,3.10
2007.09.04 06:03:18.263,1.5782,1.5785,36.10,2.90
2007.09.04 06:03:18.347,1.5782,1.5785,36.10,0.50
2007.09.04 06:03:18.465,1.5782,1.5785,36.10,0.40
2007.09.04 06:03:18.507,1.5782,1.5785,36.10,0.20
2007.09.04 06:03:18.669,1.5782,1.5785,37.70,0.20
2007.09.04 06:03:18.775,1.5782,1.5785,41.70,0.20
2007.09.04 06:03:19.638,1.5783,1.5785,2.40,2.50
2007.09.04 06:03:19.748,1.5783,1.5785,10.40,22.40
2007.09.04 06:03:20.143,1.5783,1.5785,10.40,23.20
2007.09.04 06:03:20.162,1.5783,1.5785,10.40,25.20
2007.09.04 06:03:20.481,1.5783,1.5785,22.30,13.30
2007.09.04 06:03:20.792,1.5783,1.5785,22.90,13.30
2007.09.04 06:03:21.103,1.5783,1.5785,22.90,13.20
2007.09.04 06:03:21.182,1.5783,1.5785,23.70,10.00
2007.09.04 06:03:21.221,1.5783,1.57855,25.70,0.20
2007.09.04 06:03:21.336,1.5783,1.57855,33.70,0.20
2007.09.04 06:03:21.375,1.5783,1.5786,33.70,14.80
2007.09.04 06:03:21.481,1.5783,1.5786,33.70,14.90
2007.09.04 06:03:21.648,1.5783,1.5786,36.10,12.50
2007.09.04 06:03:21.744,1.5783,1.5786,36.10,15.50
2007.09.04 06:03:21.864,1.5783,1.5786,36.10,17.90
2007.09.04 06:03:22.188,1.5783,1.5786,36.10,16.90
2007.09.04 06:03:22.203,1.5783,1.5786,36.10,17.70
2007.09.04 06:03:22.304,1.5783,1.5786,36.10,15.30
2007.09.04 06:03:25.172,1.5784,1.5786,0.60,15.30
2007.09.04 06:03:25.196,1.5784,1.5786,3.00,15.30
2007.09.04 06:03:25.270,1.5784,1.5786,11.00,15.00
2007.09.04 06:03:25.295,1.5784,1.5786,11.00,14.80
2007.09.04 06:03:25.489,1.5784,1.5786,22.90,2.90
2007.09.04 06:03:25.501,1.5784,1.5786,22.90,2.80
2007.09.04 06:03:25.706,1.5784,1.5786,22.90,5.20
2007.09.04 06:03:25.718,1.5784,1.5786,22.90,6.80
2007.09.04 06:03:25.799,1.5784,1.5786,22.90,6.90
2007.09.04 06:03:25.823,1.5784,1.5786,10.40,27.00
2007.09.04 06:03:26.131,1.5784,1.5786,10.40,31.00
2007.09.04 06:03:26.229,1.5784,1.5785,8.00,3.20
2007.09.04 06:03:26.451,1.5783,1.5785,28.90,13.20
2007.09.04 06:03:26.983,1.5783,1.5785,27.30,13.20
2007.09.04 06:03:29.215,1.5784,1.5785,2.40,10.80
2007.09.04 06:03:29.261,1.5784,1.5785,11.00,2.80
2007.09.04 06:03:29.673,1.5784,1.5785,11.00,0.80
2007.09.04 06:03:29.743,1.5784,1.5786,11.00,25.90
2007.09.04 06:03:30.199,1.5784,1.5786,13.00,25.90
2007.09.04 06:03:30.724,1.5784,1.5786,12.40,26.70
2007.09.04 06:03:30.839,1.5784,1.5786,12.40,29.10
2007.09.04 06:03:32.112,1.5784,1.5786,12.40,33.10
2007.09.04 06:03:32.192,1.5784,1.5785,10.00,3.20
2007.09.04 06:03:32.204,1.5783,1.5785,31.90,13.20
2007.09.04 06:03:32.312,1.5783,1.5785,29.50,13.20
2007.09.04 06:03:32.629,1.5783,1.5785,27.90,13.20
2007.09.04 06:03:34.200,1.5783,1.5785,16.00,25.90
2007.09.04 06:03:34.311,1.5783,1.5785,16.00,28.30
2007.09.04 06:03:34.642,1.5783,1.5785,16.00,29.10
2007.09.04 06:03:34.759,1.5783,1.5785,12.40,29.10
2007.09.04 06:03:35.072,1.5783,1.5785,12.40,29.90
2007.09.04 06:03:35.163,1.5783,1.5784,2.40,10.00
2007.09.04 06:03:35.176,1.5782,1.5784,38.30,12.40
2007.09.04 06:03:35.266,1.5782,1.5784,30.30,12.40
2007.09.04 06:03:36.012,1.5782,1.5784,28.70,12.40
2007.09.04 06:03:36.206,1.5783,1.5784,2.40,10.00
2007.09.04 06:03:36.219,1.5783,1.5784,10.40,2.00
2007.09.04 06:03:36.754,1.5783,1.5784,11.00,2.00
2007.09.04 06:03:37.698,1.5783,1.5784,10.40,2.00
2007.09.04 06:03:37.743,1.5783,1.5784,8.00,4.40
2007.09.04 06:03:37.816,1.5782,1.5784,43.90,12.40
2007.09.04 06:03:38.430,1.5782,1.5784,35.90,12.40
2007.09.04 06:03:38.455,1.5782,1.5784,30.30,12.40
2007.09.04 06:03:38.842,1.5782,1.5784,28.70,12.40
2007.09.04 06:03:39.194,1.5782,1.5783,28.10,2.40
2007.09.04 06:03:39.209,1.5782,1.5783,29.70,2.40
2007.09.04 06:03:39.286,1.5782,1.5783,13.60,0.80
2007.09.04 06:03:39.599,1.5782,1.5783,11.20,0.80
2007.09.04 06:03:39.682,1.5782,1.5783,11.20,1.60
2007.09.04 06:03:39.699,1.5782,1.5783,2.40,11.60
2007.09.04 06:03:39.785,1.5781,1.5783,44.30,14.00
2007.09.04 06:03:39.808,1.5781,1.5783,24.40,25.90
2007.09.04 06:03:40.101,1.5781,1.5783,22.00,25.90
2007.09.04 06:03:40.131,1.5781,1.5783,15.60,25.10
2007.09.04 06:03:40.193,1.5782,1.5783,2.40,21.90
2007.09.04 06:03:40.292,1.5782,1.5784,12.40,33.10
2007.09.04 06:03:40.384,1.5782,1.5784,12.40,29.10
2007.09.04 06:03:40.720,1.5782,1.5783,2.40,2.00
2007.09.04 06:03:40.822,1.5781,1.5783,29.10,2.00
2007.09.04 06:03:41.027,1.5781,1.5783,27.50,2.00
2007.09.04 06:03:41.236,1.5781,1.5783,30.50,2.00
2007.09.04 06:03:41.549,1.5781,1.5783,35.50,2.00
2007.09.04 06:03:41.665,1.5781,1.5784,35.50,37.90
2007.09.04 06:03:41.710,1.5781,1.5784,37.90,37.90
2007.09.04 06:03:41.755,1.5781,1.5784,47.30,25.90
2007.09.04 06:03:43.236,1.5781,1.5784,47.30,25.10
2007.09.04 06:03:44.715,1.5782,1.5784,2.40,22.70
2007.09.04 06:03:44.811,1.5782,1.5784,14.20,14.70
2007.09.04 06:03:44.892,1.5782,1.5784,16.60,14.70
2007.09.04 06:03:45.430,1.5782,1.5784,22.20,14.70
2007.09.04 06:03:45.438,1.5782,1.5784,42.10,2.80
2007.09.04 06:03:47.215,1.5782,1.5784,41.30,2.80
2007.09.04 06:03:47.325,1.5782,1.5784,38.90,5.20
2007.09.04 06:03:47.354,1.5782,1.5784,25.50,13.20
2007.09.04 06:03:47.422,1.5782,1.5784,19.90,13.20
2007.09.04 06:03:47.446,1.5781,1.5784,29.00,25.10
2007.09.04 06:03:47.749,1.5781,1.5784,28.20,25.20
2007.09.04 06:03:47.839,1.5781,1.5784,25.80,25.20
2007.09.04 06:03:47.853,1.5781,1.5784,40.10,25.20
2007.09.04 06:03:48.082,1.5781,1.5785,40.10,50.80
2007.09.04 06:03:48.177,1.5781,1.5784,40.90,0.80
2007.09.04 06:03:48.283,1.5781,1.5785,26.60,47.20
2007.09.04 06:03:48.394,1.5781,1.5785,29.00,44.80
2007.09.04 06:03:48.713,1.5781,1.5785,28.20,44.80
2007.09.04 06:03:48.801,1.5781,1.5785,42.50,48.40
2007.09.04 06:03:48.844,1.5781,1.5785,40.10,50.80
2007.09.04 06:03:49.006,1.5781,1.5785,40.90,50.80
2007.09.04 06:03:49.237,1.5781,1.5785,40.90,52.30
2007.09.04 06:03:49.267,1.5781,1.5785,40.90,49.10
2007.09.04 06:03:49.346,1.5781,1.5785,38.50,41.50
2007.09.04 06:03:49.489,1.5781,1.5785,40.90,39.10
2007.09.04 06:03:49.965,1.57815,1.5785,2.40,39.10
2007.09.04 06:03:50.086,1.5782,1.5785,2.40,40.00
2007.09.04 06:03:50.215,1.5782,1.5785,2.40,46.40
2007.09.04 06:03:50.295,1.57815,1.5784,2.40,0.90
2007.09.04 06:03:50.431,1.5781,1.5785,40.90,44.80
2007.09.04 06:03:53.128,1.5781,1.5785,40.90,46.30
2007.09.04 06:03:53.169,1.5781,1.5785,40.90,43.10
2007.09.04 06:03:53.240,1.5781,1.5784,40.90,0.90
2007.09.04 06:03:53.308,1.57815,1.5785,2.40,39.10
2007.09.04 06:03:53.353,1.5782,1.5785,2.40,40.70
2007.09.04 06:03:57.181,1.5782,1.5784,4.80,0.90
2007.09.04 06:03:57.223,1.5782,1.5784,16.60,0.70
2007.09.04 06:03:57.330,1.5782,1.5785,22.20,43.80
2007.09.04 06:03:57.364,1.5782,1.5785,24.60,43.80
2007.09.04 06:03:57.431,1.5782,1.5785,44.50,43.90
2007.09.04 06:03:57.477,1.5782,1.5785,50.10,38.30
2007.09.04 06:03:57.686,1.5783,1.5785,2.40,38.30
2007.09.04 06:03:57.746,1.5783,1.5785,10.40,37.50
2007.09.04 06:04:01.683,1.5783,1.5784,8.00,0.90
2007.09.04 06:04:01.819,1.5782,1.5785,49.90,34.30
2007.09.04 06:04:01.941,1.5782,1.5784,44.30,0.60
2007.09.04 06:04:01.977,1.5782,1.5784,41.90,0.80
2007.09.04 06:04:02.398,1.5782,1.5785,36.30,39.90
2007.09.04 06:04:02.438,1.5782,1.5785,28.30,35.20
2007.09.04 06:04:02.955,1.5782,1.5785,26.70,35.20
2007.09.04 06:04:03.077,1.5782,1.5784,24.30,0.90
2007.09.04 06:04:03.281,1.5782,1.5784,24.30,0.80
2007.09.04 06:04:03.335,1.5782,1.5784,24.30,0.60
2007.09.04 06:04:04.667,1.5782,1.5784,21.90,0.80
2007.09.04 06:04:04.801,1.5781,1.5785,29.20,44.80
2007.09.04 06:04:04.885,1.5781,1.5784,39.50,0.70
2007.09.04 06:04:05.025,1.5781,1.5784,37.10,0.80
2007.09.04 06:04:05.613,1.5781,1.5785,35.50,52.40
2007.09.04 06:04:07.160,1.5781,1.5785,36.30,52.40
2007.09.04 06:04:07.290,1.5781,1.5784,39.30,0.70
2007.09.04 06:04:07.652,1.5782,1.5785,2.40,49.20
2007.09.04 06:04:07.795,1.5782,1.5784,10.40,0.80
2007.09.04 06:04:08.247,1.5782,1.5785,10.40,41.60
2007.09.04 06:04:08.276,1.5782,1.5784,10.40,0.60
2007.09.04 06:04:08.683,1.5781,1.5784,44.30,0.70
2007.09.04 06:04:08.775,1.5781,1.5784,38.70,0.60
2007.09.04 06:04:08.897,1.5781,1.5785,36.30,49.80
2007.09.04 06:04:09.716,1.5781,1.5785,39.30,52.40
2007.09.04 06:04:11.600,1.5781,1.5785,38.50,52.40
2007.09.04 06:04:11.644,1.5781,1.5784,44.10,0.80
2007.09.04 06:04:11.705,1.5781,1.5784,41.10,0.60
2007.09.04 06:04:11.830,1.5781,1.5784,41.10,25.40
2007.09.04 06:04:12.218,1.5781,1.5783,33.10,0.90
2007.09.04 06:04:12.340,1.5781,1.5784,30.70,29.00
2007.09.04 06:04:13.159,1.5781,1.5783,30.70,0.90
2007.09.04 06:04:14.749,1.5781,1.5784,28.30,28.00
2007.09.04 06:04:14.761,1.5781,1.5783,20.30,5.30
2007.09.04 06:04:15.174,1.5781,1.5782,19.50,0.80
2007.09.04 06:04:15.260,1.5781,1.5783,19.50,20.40
2007.09.04 06:04:15.281,1.5781,1.5782,7.60,0.80
2007.09.04 06:04:16.211,1.5781,1.5783,10.00,31.50
2007.09.04 06:04:16.235,1.5781,1.5783,8.00,36.70
2007.09.04 06:04:16.294,1.5781,1.5782,5.60,0.90
2007.09.04 06:04:16.398,1.5781,1.5783,5.60,39.90
2007.09.04 06:04:16.449,1.578,1.5781,2.30,0.20
2007.09.04 06:04:16.501,1.578,1.5781,7.20,0.20
2007.09.04 06:04:16.764,1.578,1.5782,5.60,26.80
2007.09.04 06:04:16.814,1.578,1.5782,8.00,26.80
2007.09.04 06:04:16.873,1.578,1.5782,18.00,26.80
2007.09.04 06:04:16.975,1.578,1.5783,18.00,43.70
2007.09.04 06:04:17.005,1.578,1.5783,18.00,46.10
2007.09.04 06:04:17.080,1.578,1.5783,18.00,47.30
2007.09.04 06:04:17.187,1.578,1.5782,18.00,0.90
2007.09.04 06:04:17.401,1.578,1.5783,18.00,46.50
2007.09.04 06:04:17.720,1.578,1.57825,18.00,33.80
2007.09.04 06:04:18.754,1.578,1.57825,18.00,30.80
2007.09.04 06:04:19.707,1.578,1.5782,18.00,0.60
2007.09.04 06:04:20.024,1.578,1.57825,18.00,29.10
2007.09.04 06:04:20.235,1.578,1.5783,18.00,44.80
2007.09.04 06:04:20.557,1.578,1.5782,18.00,0.60
2007.09.04 06:04:20.728,1.578,1.5783,18.00,40.40
2007.09.04 06:04:20.765,1.578,1.5782,18.00,0.70
2007.09.04 06:04:21.192,1.578,1.5783,18.00,39.40
2007.09.04 06:04:21.338,1.578,1.5783,18.00,42.60
2007.09.04 06:04:22.655,1.578,1.5783,18.00,49.40
2007.09.04 06:04:23.289,1.578,1.5783,18.00,49.40
2007.09.04 06:04:24.233,1.578,1.57825,18.80,25.10
2007.09.04 06:04:24.335,1.578,1.5783,19.60,36.20
2007.09.04 06:04:24.351,1.578,1.5783,19.60,38.50
2007.09.04 06:04:24.453,1.578,1.5782,31.50,0.70
2007.09.04 06:04:24.643,1.578,1.5782,30.70,0.50
2007.09.04 06:04:24.667,1.578,1.5782,29.90,0.80
2007.09.04 06:04:24.744,1.578,1.5783,29.90,25.90
2007.09.04 06:04:24.777,1.578,1.5782,29.90,0.70
2007.09.04 06:04:24.877,1.578,1.57825,29.90,20.40
2007.09.04 06:04:24.989,1.578,1.57825,31.50,20.40
2007.09.04 06:04:25.079,1.578,1.57825,31.50,18.80
2007.09.04 06:04:25.159,1.5781,1.5782,2.40,0.70
2007.09.04 06:04:25.196,1.5781,1.57825,10.40,4.80
2007.09.04 06:04:25.274,1.5781,1.57825,16.00,4.80
2007.09.04 06:04:25.310,1.5781,1.5783,29.90,2.60
2007.09.04 06:04:25.721,1.5781,1.5784,29.90,46.90
2007.09.04 06:04:26.248,1.5781,1.5784,29.90,30.40
2007.09.04 06:04:26.274,1.5781,1.5784,29.90,31.20
2007.09.04 06:04:26.689,1.5781,1.5783,29.90,0.60
2007.09.04 06:04:26.795,1.5781,1.5783,29.90,0.80
2007.09.04 06:04:27.211,1.5781,1.5783,27.90,0.70
2007.09.04 06:04:30.167,1.5781,1.5784,27.90,44.10
2007.09.04 06:04:30.245,1.5781,1.57845,30.90,47.50
2007.09.04 06:04:30.351,1.5781,1.57845,39.30,45.10
2007.09.04 06:04:30.450,1.5781,1.57845,48.10,37.10
2007.09.04 06:04:30.507,1.57815,1.5784,0.50,0.60
2007.09.04 06:04:30.611,1.5782,1.5784,5.60,0.80
2007.09.04 06:04:30.719,1.5782,1.5785,6.00,44.70
2007.09.04 06:04:30.768,1.5782,1.5785,17.90,36.00
2007.09.04 06:04:31.199,1.5782,1.5784,25.90,0.70
2007.09.04 06:04:31.240,1.5782,1.5785,28.30,43.90
2007.09.04 06:04:31.406,1.5782,1.5785,30.70,41.50
2007.09.04 06:04:31.651,1.5782,1.5785,28.30,41.50
2007.09.04 06:04:31.733,1.5782,1.5784,20.30,0.70
2007.09.04 06:04:31.750,1.5782,1.5785,14.70,37.50
2007.09.04 06:04:31.826,1.5782,1.5784,14.70,0.80
2007.09.04 06:04:32.175,1.5782,1.5784,14.70,0.90
2007.09.04 06:04:32.252,1.5782,1.5784,10.80,0.70
2007.09.04 06:04:32.266,1.5782,1.5785,13.20,44.40
2007.09.04 06:04:32.373,1.5782,1.5785,18.80,44.40
2007.09.04 06:04:32.465,1.5782,1.5785,18.40,44.40
2007.09.04 06:04:32.476,1.5782,1.5785,30.70,32.60
2007.09.04 06:04:32.628,1.5782,1.5785,31.10,32.60
2007.09.04 06:04:32.653,1.5782,1.5785,28.70,31.00
2007.09.04 06:04:32.674,1.5782,1.5785,29.10,31.00
2007.09.04 06:04:33.746,1.5782,1.5785,28.70,31.00
2007.09.04 06:04:33.904,1.5782,1.5785,28.30,31.00
2007.09.04 06:04:33.948,1.5782,1.5785,27.90,31.00
2007.09.04 06:04:34.220,1.5782,1.5784,25.50,0.60
2007.09.04 06:04:34.255,1.5782,1.5784,17.50,0.60
2007.09.04 06:04:34.313,1.5782,1.5785,12.30,32.00
2007.09.04 06:04:34.450,1.5782,1.5784,0.50,0.50
2007.09.04 06:04:35.648,1.5782,1.5785,2.80,43.90
2007.09.04 06:04:35.677,1.5782,1.5785,10.80,43.90
2007.09.04 06:04:35.749,1.5782,1.5784,10.40,0.70
2007.09.04 06:04:35.783,1.5782,1.5785,10.80,43.90
2007.09.04 06:04:35.952,1.5782,1.5785,11.20,43.90
2007.09.04 06:04:36.083,1.5782,1.5784,11.60,0.70
2007.09.04 06:04:36.365,1.5782,1.5784,17.20,25.90
2007.09.04 06:04:36.412,1.5782,1.5784,29.10,14.00
2007.09.04 06:04:36.742,1.5782,1.5783,21.10,0.80
2007.09.04 06:04:36.802,1.5782,1.5783,18.70,0.80
2007.09.04 06:04:36.974,1.5782,1.5783,18.30,0.80
2007.09.04 06:04:37.012,1.5782,1.5783,17.90,0.80
2007.09.04 06:04:37.053,1.5782,1.5784,17.90,14.00
2007.09.04 06:04:37.175,1.5782,1.5784,17.90,20.40
2007.09.04 06:04:37.206,1.5782,1.5784,17.50,20.40
2007.09.04 06:04:37.220,1.5782,1.5784,11.90,17.20
2007.09.04 06:04:37.288,1.57815,1.5784,0.40,15.10
2007.09.04 06:04:37.423,1.5782,1.5784,0.40,15.10
2007.09.04 06:04:37.702,1.5782,1.5784,0.40,22.70
2007.09.04 06:04:37.726,1.5782,1.5784,0.40,25.90
2007.09.04 06:04:40.333,1.5782,1.5784,0.40,0.60
2007.09.04 06:04:42.836,1.5782,1.5784,0.40,33.70
2007.09.04 06:04:42.879,1.5782,1.5783,0.40,0.60
2007.09.04 06:04:43.083,1.57815,1.5783,0.40,0.90
2007.09.04 06:04:43.121,1.5781,1.5783,38.70,0.50
2007.09.04 06:04:43.156,1.5781,1.5784,38.70,46.50
2007.09.04 06:04:43.185,1.5781,1.5784,37.90,44.10
2007.09.04 06:04:43.249,1.5781,1.5784,29.90,33.80
2007.09.04 06:04:46.168,1.5781,1.5784,29.90,34.60
2007.09.04 06:04:46.199,1.5781,1.5783,29.90,0.80
2007.09.04 06:04:46.293,1.5781,1.5783,29.90,0.90
2007.09.04 06:04:46.360,1.5781,1.5783,29.90,0.60
2007.09.04 06:04:46.722,1.5781,1.5783,29.90,12.40
2007.09.04 06:04:47.261,1.5781,1.5783,18.00,22.70
2007.09.04 06:04:47.356,1.5781,1.5784,18.00,46.10
2007.09.04 06:04:47.464,1.5781,1.5783,18.00,0.80
2007.09.04 06:04:47.591,1.5781,1.57835,18.00,25.10
2007.09.04 06:04:47.779,1.5781,1.57835,29.90,10.00
2007.09.04 06:04:47.795,1.5781,1.57835,29.90,9.20
2007.09.04 06:04:47.879,1.5781,1.5783,29.90,0.60
2007.09.04 06:04:48.107,1.5781,1.5784,29.90,33.80
2007.09.04 06:04:48.516,1.5781,1.57835,29.90,12.40
2007.09.04 06:04:48.718,1.5781,1.5783,25.50,21.00
2007.09.04 06:04:48.839,1.5781,1.5782,17.50,0.50
2007.09.04 06:04:49.249,1.5781,1.5783,5.60,43.30
2007.09.04 06:04:49.668,1.578,1.5781,25.90,0.70
2007.09.04 06:04:49.746,1.578,1.5781,27.90,0.50
2007.09.04 06:04:49.780,1.578,1.5781,7.60,0.80
2007.09.04 06:04:49.830,1.578,1.5782,7.20,27.90
2007.09.04 06:04:49.854,1.578,1.5781,7.60,0.90
2007.09.04 06:04:49.869,1.578,1.5781,6.00,0.70
2007.09.04 06:04:50.190,1.578,1.5781,6.00,0.90
2007.09.04 06:04:50.704,1.578,1.5782,6.00,34.30
2007.09.04 06:04:51.196,1.578,1.5781,6.00,0.60
2007.09.04 06:04:51.228,1.578,1.5781,6.00,0.90
2007.09.04 06:04:51.642,1.578,1.5782,6.00,39.90
2007.09.04 06:04:51.701,1.578,1.5782,0.50,46.30
2007.09.04 06:04:51.747,1.578,1.5782,0.50,56.30
2007.09.04 06:04:51.805,1.57795,1.5782,0.50,56.30
2007.09.04 06:04:51.901,1.5778,1.5782,33.90,58.70
2007.09.04 06:04:52.005,1.5778,1.5782,34.40,58.70
2007.09.04 06:04:52.070,1.5778,1.5782,34.40,62.90
2007.09.04 06:04:52.100,1.5778,1.5781,34.40,0.80
2007.09.04 06:04:52.171,1.5779,1.5782,0.80,57.20
2007.09.04 06:04:52.277,1.5779,1.5781,0.80,0.90
2007.09.04 06:04:52.313,1.5779,1.5781,0.80,0.90
2007.09.04 06:04:52.439,1.5779,1.5782,0.80,0.90
2007.09.04 06:04:52.693,1.5779,1.5782,28.70,33.30
2007.09.04 06:04:52.718,1.5779,1.5782,36.70,36.50
2007.09.04 06:04:52.914,1.5779,1.5782,40.70,36.50
2007.09.04 06:04:53.016,1.5779,1.5782,39.90,36.90
2007.09.04 06:04:53.229,1.5779,1.5782,4.00,55.30
2007.09.04 06:04:53.334,1.57785,1.5782,0.50,56.90
2007.09.04 06:04:53.421,1.5778,1.5782,43.30,56.90
2007.09.04 06:04:53.553,1.5778,1.5781,39.30,0.60
2007.09.04 06:04:53.653,1.5779,1.5782,0.80,58.20
2007.09.04 06:04:53.748,1.5779,1.57815,0.80,36.70
2007.09.04 06:04:53.771,1.5779,1.5782,0.80,28.70
2007.09.04 06:04:53.987,1.5779,1.5782,0.80,0.90
2007.09.04 06:04:54.161,1.5779,1.5782,4.00,0.70
2007.09.04 06:04:54.184,1.5779,1.5782,12.00,0.50
2007.09.04 06:04:54.263,1.5779,1.5783,17.60,35.90
2007.09.04 06:04:54.291,1.5779,1.5782,39.90,0.90
2007.09.04 06:04:54.407,1.5779,1.5783,39.90,45.60
2007.09.04 06:04:54.568,1.5779,1.5782,39.90,0.50
2007.09.04 06:04:54.610,1.5779,1.57825,39.90,31.50
2007.09.04 06:04:54.661,1.5779,1.57825,39.90,30.70
2007.09.04 06:04:54.706,1.578,1.5782,0.80,0.60
2007.09.04 06:04:54.780,1.578,1.57825,0.80,6.40
2007.09.04 06:04:54.826,1.578,1.57825,0.80,4.80
2007.09.04 06:04:54.922,1.578,1.57825,0.80,0.60
2007.09.04 06:04:55.027,1.5779,1.5783,47.10,47.70
2007.09.04 06:04:55.080,1.5779,1.5783,47.10,0.80
2007.09.04 06:04:55.239,1.578,1.5784,0.80,50.60
2007.09.04 06:04:55.318,1.578,1.5784,1.20,47.40
2007.09.04 06:04:55.756,1.578,1.5784,1.20,44.60
2007.09.04 06:04:55.825,1.578,1.5784,0.80,44.60
2007.09.04 06:04:56.125,1.578,1.5783,1.60,0.70
2007.09.04 06:04:56.172,1.578,1.5784,11.60,44.60
2007.09.04 06:04:56.239,1.578,1.5784,19.60,44.60
2007.09.04 06:04:56.277,1.578,1.5784,43.90,32.70
2007.09.04 06:04:56.379,1.578,1.57835,43.90,12.00
2007.09.04 06:04:56.689,1.578,1.57835,43.90,6.40
2007.09.04 06:04:56.802,1.578,1.57835,43.90,4.80
2007.09.04 06:04:57.264,1.578,1.5783,44.30,0.80
2007.09.04 06:04:57.309,1.57805,1.5783,0.50,0.90
2007.09.04 06:05:03.492,1.57805,1.57835,0.50,5.60
2007.09.04 06:05:03.644,1.57805,1.5783,0.50,8.80
2007.09.04 06:05:03.713,1.57805,1.5781,0.50,0.60
2007.09.04 06:05:03.725,1.578,1.5781,25.50,0.90
2007.09.04 06:05:03.750,1.578,1.57815,25.10,7.20
2007.09.04 06:05:03.813,1.5779,1.5781,10.40,24.80
2007.09.04 06:05:03.924,1.5779,1.578,2.40,0.10
2007.09.04 06:05:04.237,1.5779,1.5781,2.40,31.90
2007.09.04 06:05:04.682,1.5779,1.5781,8.00,31.90
2007.09.04 06:05:04.760,1.5779,1.5782,14.40,38.70
2007.09.04 06:05:04.779,1.5779,1.5781,16.80,0.90
2007.09.04 06:05:04.868,1.5779,1.5781,16.80,0.90
2007.09.04 06:05:05.172,1.5779,1.5782,18.80,39.10
2007.09.04 06:05:05.700,1.5779,1.5781,19.60,0.80
2007.09.04 06:05:05.724,1.5779,1.5782,19.60,42.20
2007.09.04 06:05:05.849,1.578,1.5784,0.50,49.60
2007.09.04 06:05:06.027,1.578,1.5784,0.80,48.80
2007.09.04 06:05:06.675,1.578,1.5784,28.70,42.20
2007.09.04 06:05:06.713,1.578,1.5784,37.10,42.20
2007.09.04 06:05:06.778,1.578,1.5784,37.10,40.20
2007.09.04 06:05:06.811,1.57805,1.57835,0.50,20.30
2007.09.04 06:05:07.195,1.57805,1.57835,0.50,28.30
2007.09.04 06:05:07.305,1.57805,1.57835,0.50,32.30
2007.09.04 06:05:07.337,1.57805,1.5783,0.50,0.80
2007.09.04 06:05:07.564,1.57805,1.5783,0.50,0.50
2007.09.04 06:05:07.616,1.57805,1.57835,0.50,37.90
2007.09.04 06:05:08.145,1.57805,1.57835,0.50,32.30
2007.09.04 06:05:12.666,1.57805,1.5782,0.50,3.20
2007.09.04 06:05:12.766,1.57805,1.5782,0.50,39.10
2007.09.04 06:05:12.857,1.57805,1.5782,0.50,41.50
2007.09.04 06:05:12.927,1.578,1.5782,0.50,41.50
2007.09.04 06:05:13.067,1.578,1.5782,0.50,42.30
2007.09.04 06:05:13.167,1.578,1.5782,0.50,43.10
2007.09.04 06:05:13.182,1.578,1.5781,0.50,2.00
2007.09.04 06:05:21.995,1.578,1.5781,0.50,2.80
2007.09.04 06:05:22.151,1.578,1.5781,0.50,3.60
2007.09.04 06:05:22.257,1.578,1.5781,0.50,6.00
2007.09.04 06:05:22.307,1.578,1.5781,0.50,25.90
2007.09.04 06:05:22.367,1.57795,1.5781,0.50,25.90
2007.09.04 06:05:22.493,1.5779,1.5781,1.60,25.90
2007.09.04 06:05:22.724,1.57785,1.5781,0.40,25.90
2007.09.04 06:05:26.851,1.57785,1.5781,0.40,28.30
2007.09.04 06:05:27.704,1.57785,1.578,0.40,2.40
2007.09.04 06:05:27.730,1.57785,1.578,0.40,10.40
2007.09.04 06:05:27.792,1.57785,1.578,0.40,11.20
2007.09.04 06:05:27.818,1.5778,1.578,40.60,11.20
2007.09.04 06:05:27.906,1.5778,1.578,38.70,11.20
2007.09.04 06:05:28.227,1.5778,1.578,30.90,2.80
2007.09.04 06:05:28.582,1.57775,1.578,31.10,2.80
2007.09.04 06:05:29.467,1.5778,1.578,11.50,2.00
2007.09.04 06:05:29.900,1.57775,1.578,32.70,2.00
2007.09.04 06:05:30.959,1.57775,1.578,31.10,2.00
2007.09.04 06:05:31.685,1.5778,1.5781,8.40,48.70
2007.09.04 06:05:31.691,1.57775,1.5781,30.90,48.70
2007.09.04 06:05:31.781,1.57775,1.5781,39.10,30.70
2007.09.04 06:05:31.886,1.57785,1.5781,0.30,28.30
2007.09.04 06:05:32.199,1.5778,1.578,31.50,2.00
2007.09.04 06:05:32.410,1.5778,1.578,13.90,2.00
2007.09.04 06:05:32.543,1.5777,1.578,48.70,2.00
2007.09.04 06:05:33.265,1.5777,1.578,51.40,2.00
2007.09.04 06:05:33.860,1.5778,1.578,8.30,2.00
2007.09.04 06:05:36.718,1.57775,1.578,38.30,2.00
2007.09.04 06:05:36.732,1.5779,1.578,2.50,2.00
2007.09.04 06:05:36.739,1.5778,1.5781,44.50,29.10
2007.09.04 06:05:36.837,1.5778,1.5781,50.10,26.70
2007.09.04 06:05:37.043,1.57785,1.5781,16.30,27.50
2007.09.04 06:05:37.149,1.57785,1.5781,18.30,27.50
2007.09.04 06:05:37.364,1.5779,1.5781,0.70,29.90
2007.09.04 06:05:39.611,1.5779,1.5781,8.70,29.90
2007.09.04 06:05:39.643,1.57785,1.5781,19.10,28.30
2007.09.04 06:05:39.729,1.57785,1.5781,19.10,27.50
2007.09.04 06:05:40.061,1.5779,1.5781,7.70,26.70
2007.09.04 06:05:40.170,1.578,1.5781,1.20,22.30
2007.09.04 06:05:40.236,1.5779,1.5781,21.60,22.30
2007.09.04 06:05:40.279,1.5779,1.5781,41.70,10.40
2007.09.04 06:05:40.432,1.578,1.5781,1.00,10.40
2007.09.04 06:05:40.745,1.578,1.5781,4.00,8.00
2007.09.04 06:05:40.786,1.578,1.5782,3.00,18.60
2007.09.04 06:05:41.211,1.57795,1.5782,6.10,30.50
2007.09.04 06:05:41.268,1.5779,1.5782,45.60,30.50
2007.09.04 06:05:41.341,1.57785,1.5782,44.00,30.50
2007.09.04 06:05:41.611,1.5778,1.5782,57.90,31.30
2007.09.04 06:05:41.768,1.5778,1.5782,58.20,31.30
2007.09.04 06:05:43.706,1.5778,1.5782,57.90,31.30
2007.09.04 06:05:43.772,1.5778,1.5782,57.50,28.30
2007.09.04 06:05:43.877,1.5779,1.5782,3.20,28.30
2007.09.04 06:05:43.884,1.57795,1.5782,0.30,28.30
2007.09.04 06:05:44.019,1.57795,1.5782,0.60,28.30
2007.09.04 06:05:45.182,1.57795,1.5782,2.90,28.30
2007.09.04 06:05:45.226,1.578,1.5782,6.60,16.40
2007.09.04 06:05:45.280,1.578,1.5782,8.50,16.40
2007.09.04 06:05:45.333,1.57795,1.5782,28.50,14.00
2007.09.04 06:05:45.375,1.578,1.5782,6.60,14.00
2007.09.04 06:05:45.426,1.578,1.5782,11.30,14.00
2007.09.04 06:05:45.696,1.578,1.5782,10.20,14.00
2007.09.04 06:05:45.755,1.578,1.5782,5.30,17.00
2007.09.04 06:05:45.945,1.57795,1.5782,18.20,17.00
2007.09.04 06:05:46.109,1.578,1.5782,7.30,17.00
2007.09.04 06:05:46.173,1.578,1.5782,2.60,17.00
2007.09.04 06:05:46.501,1.57795,1.5782,20.20,17.00
2007.09.04 06:05:52.199,1.57795,1.5781,18.20,0.80
2007.09.04 06:05:52.280,1.57795,1.5781,12.60,3.20
2007.09.04 06:05:52.294,1.578,1.5781,0.40,11.20
2007.09.04 06:05:52.487,1.57785,1.5781,27.10,11.20
2007.09.04 06:05:52.680,1.57785,1.578,26.30,2.40
2007.09.04 06:05:52.719,1.57785,1.578,9.60,10.40
2007.09.04 06:05:52.820,1.57785,1.578,8.00,10.40
2007.09.04 06:05:53.225,1.5779,1.578,0.70,4.40
2007.09.04 06:05:53.307,1.5779,1.578,2.20,2.00
2007.09.04 06:05:53.698,1.5778,1.578,44.70,4.40
2007.09.04 06:05:53.756,1.5779,1.578,4.10,10.40
2007.09.04 06:05:56.678,1.5778,1.578,49.90,10.40
2007.09.04 06:05:56.805,1.5778,1.578,53.90,2.40
2007.09.04 06:05:56.921,1.5778,1.5781,57.10,24.30
2007.09.04 06:05:57.009,1.5778,1.5781,57.10,24.30
2007.09.04 06:05:57.228,1.5778,1.5781,41.20,0.80
2007.09.04 06:05:57.324,1.5779,1.5782,6.50,21.00
2007.09.04 06:05:58.076,1.5778,1.5782,41.20,23.40
2007.09.04 06:05:58.310,1.5779,1.5782,19.60,29.00
2007.09.04 06:05:59.685,1.5779,1.5781,17.20,2.40
2007.09.04 06:05:59.735,1.5779,1.5781,17.20,3.20
2007.09.04 06:05:59.842,1.5779,1.5781,9.20,14.20
2007.09.04 06:05:59.857,1.5779,1.5781,8.80,14.20
2007.09.04 06:05:59.874,1.5779,1.5781,8.40,14.20
2007.09.04 06:06:00.157,1.5779,1.5781,8.40,16.20
2007.09.04 06:06:00.186,1.5779,1.5781,7.60,17.00
2007.09.04 06:06:00.384,1.5779,1.578,7.60,8.00
2007.09.04 06:06:00.397,1.5779,1.578,7.60,10.40
2007.09.04 06:06:01.220,1.5779,1.578,10.00,8.00
2007.09.04 06:06:01.238,1.5779,1.5781,18.00,25.10
2007.09.04 06:06:01.437,1.5779,1.5781,29.90,13.20
2007.09.04 06:06:01.669,1.5779,1.5781,29.90,11.20
2007.09.04 06:06:01.926,1.5779,1.5781,30.70,10.40
2007.09.04 06:06:02.738,1.5779,1.5781,29.90,10.40
2007.09.04 06:06:03.123,1.5779,1.5781,30.00,10.40
2007.09.04 06:06:03.180,1.5779,1.5781,30.80,10.40
2007.09.04 06:06:03.219,1.5779,1.5781,30.80,15.40
2007.09.04 06:06:03.424,1.5779,1.5781,30.70,15.40
2007.09.04 06:06:04.131,1.57785,1.5781,31.20,15.40
2007.09.04 06:06:05.191,1.5779,1.5781,6.70,12.40
2007.09.04 06:06:05.313,1.57785,1.5781,31.60,12.40
2007.09.04 06:06:05.713,1.5779,1.5781,9.30,15.40
2007.09.04 06:06:06.809,1.57785,1.5781,31.60,12.40
2007.09.04 06:06:08.149,1.5779,1.5781,9.80,10.40
2007.09.04 06:06:08.274,1.5779,1.5781,19.80,13.40
2007.09.04 06:06:08.377,1.57795,1.5781,0.50,13.40
2007.09.04 06:06:08.402,1.578,1.5781,0.50,13.40
2007.09.04 06:06:08.805,1.5779,1.5781,39.70,13.40
2007.09.04 06:06:08.935,1.5779,1.5781,3.80,13.40
2007.09.04 06:06:09.412,1.57785,1.5781,31.70,13.40
2007.09.04 06:06:09.665,1.57785,1.5781,31.70,11.00
2007.09.04 06:06:09.746,1.57785,1.5782,31.70,38.50
2007.09.04 06:06:09.835,1.57785,1.5782,34.10,38.50
2007.09.04 06:06:09.961,1.5779,1.5782,34.10,38.50
2007.09.04 06:06:10.265,1.5779,1.5782,34.10,36.10
2007.09.04 06:06:10.360,1.57795,1.5782,0.60,36.10
2007.09.04 06:06:10.484,1.57795,1.5782,1.00,36.10
2007.09.04 06:06:10.543,1.57795,1.5782,1.00,28.10
2007.09.04 06:06:11.404,1.578,1.5782,0.50,28.10
2007.09.04 06:06:12.811,1.578,1.5782,0.50,30.50
2007.09.04 06:06:12.906,1.578,1.5782,0.50,31.30
2007.09.04 06:06:15.201,1.57795,1.5781,1.00,13.40
2007.09.04 06:06:15.541,1.5779,1.5781,5.50,13.40
2007.09.04 06:06:16.229,1.5779,1.5781,3.90,2.40
2007.09.04 06:06:16.245,1.57785,1.5782,31.30,39.30
2007.09.04 06:06:16.648,1.57785,1.5782,31.30,38.50
2007.09.04 06:06:16.866,1.5779,1.5782,3.90,36.10
2007.09.04 06:06:16.940,1.5779,1.5782,34.10,36.10
2007.09.04 06:06:17.069,1.578,1.5782,0.50,36.10
2007.09.04 06:06:17.182,1.57795,1.5782,9.00,36.10
2007.09.04 06:06:17.286,1.578,1.5782,4.70,36.10
2007.09.04 06:06:17.392,1.57795,1.5782,11.40,28.10
2007.09.04 06:06:17.686,1.57795,1.5782,17.00,28.10
2007.09.04 06:06:17.709,1.57795,1.5782,28.90,16.20
2007.09.04 06:06:18.217,1.57795,1.5782,30.90,16.20
2007.09.04 06:06:25.194,1.57795,1.5782,30.80,16.20
2007.09.04 06:06:26.777,1.57795,1.5782,30.90,16.20
2007.09.04 06:06:27.069,1.57795,1.5782,31.30,16.20
2007.09.04 06:06:27.127,1.578,1.5782,12.00,16.20
2007.09.04 06:06:27.161,1.5779,1.5782,53.20,16.20
2007.09.04 06:06:27.331,1.5779,1.5782,53.60,16.20
2007.09.04 06:06:27.699,1.5779,1.5782,53.60,13.20
2007.09.04 06:06:28.188,1.5781,1.5782,0.80,10.00
2007.09.04 06:06:28.228,1.5781,1.5783,4.50,35.90
2007.09.04 06:06:28.325,1.5781,1.5783,1.50,4.00
2007.09.04 06:06:28.434,1.578,1.5783,54.30,4.00
2007.09.04 06:06:28.442,1.5781,1.5783,4.80,1.60
2007.09.04 06:06:28.489,1.5781,1.5783,6.40,1.60
2007.09.04 06:06:28.884,1.57805,1.5784,42.00,33.70
2007.09.04 06:06:29.211,1.57805,1.5784,42.80,33.70
2007.09.04 06:06:29.263,1.57805,1.5784,44.80,33.70
2007.09.04 06:06:37.203,1.5781,1.5784,42.40,31.30
2007.09.04 06:06:46.092,1.5781,1.5784,42.40,33.70
2007.09.04 06:06:46.609,1.5781,1.5784,42.40,32.90
2007.09.04 06:06:47.017,1.5781,1.5784,42.40,30.50
2007.09.04 06:06:47.960,1.5781,1.5784,42.40,29.70
2007.09.04 06:06:48.017,1.5781,1.5784,42.40,28.90
2007.09.04 06:06:48.112,1.5781,1.5784,42.40,28.10
2007.09.04 06:06:48.173,1.5781,1.5784,42.40,25.10
2007.09.04 06:06:48.223,1.5782,1.5784,2.40,25.10
2007.09.04 06:06:48.280,1.5782,1.5784,10.40,25.10
2007.09.04 06:06:48.379,1.5782,1.5784,10.90,25.10
2007.09.04 06:06:48.422,1.5782,1.5784,11.70,25.10
2007.09.04 06:06:48.481,1.5782,1.5784,23.60,13.20
2007.09.04 06:06:48.528,1.5782,1.5784,29.20,13.20
2007.09.04 06:06:49.269,1.5782,1.5784,31.20,13.20
2007.09.04 06:06:57.644,1.5782,1.5784,32.00,10.00
2007.09.04 06:06:57.653,1.5782,1.5784,32.00,8.00
2007.09.04 06:06:57.748,1.5782,1.5785,40.00,31.70
2007.09.04 06:06:57.859,1.5782,1.5785,42.40,31.70
2007.09.04 06:06:58.578,1.5782,1.5785,50.00,25.30
2007.09.04 06:06:58.714,1.5782,1.5785,49.60,25.30
2007.09.04 06:06:58.814,1.5782,1.5785,50.00,25.30
2007.09.04 06:06:58.828,1.57825,1.5785,0.40,25.30
2007.09.04 06:06:59.635,1.5783,1.5785,0.10,25.30
2007.09.04 06:06:59.737,1.5783,1.5785,0.10,22.90
2007.09.04 06:06:59.753,1.5783,1.5785,0.10,11.90
2007.09.04 06:06:59.863,1.5783,1.5785,0.60,11.90
2007.09.04 06:06:59.913,1.5783,1.5785,0.80,11.90
2007.09.04 06:06:59.957,1.5783,1.5785,3.20,11.90
2007.09.04 06:07:00.170,1.5783,1.5785,6.70,11.90
2007.09.04 06:07:00.174,1.5783,1.5785,8.70,11.90
2007.09.04 06:07:00.248,1.5783,1.5785,14.30,11.90
2007.09.04 06:07:00.278,1.5783,1.5786,42.30,1.60
2007.09.04 06:07:00.354,1.5783,1.5786,41.90,1.60
2007.09.04 06:07:00.379,1.5783,1.5786,45.90,1.60
2007.09.04 06:07:00.425,1.57835,1.5786,0.40,1.60
2007.09.04 06:07:00.765,1.5784,1.5786,0.40,1.60
2007.09.04 06:07:01.001,1.5784,1.5787,0.40,31.40
2007.09.04 06:07:07.091,1.5784,1.5787,0.60,45.70
2007.09.04 06:07:07.184,1.5784,1.5787,8.50,39.30
2007.09.04 06:07:07.233,1.5784,1.5787,10.90,39.30
2007.09.04 06:07:07.295,1.5784,1.5787,10.90,40.90
2007.09.04 06:07:07.745,1.5784,1.5787,16.10,40.90
2007.09.04 06:07:07.888,1.5784,1.5787,39.30,32.90
2007.09.04 06:07:08.052,1.5784,1.5787,39.80,32.90
2007.09.04 06:07:08.159,1.5784,1.5787,40.60,32.90
2007.09.04 06:07:08.181,1.5784,1.5787,42.60,32.90
2007.09.04 06:07:08.504,1.5784,1.5787,1.00,32.90
2007.09.04 06:07:08.694,1.5784,1.5787,11.40,31.30
2007.09.04 06:07:12.248,1.5784,1.5786,8.30,11.90
2007.09.04 06:07:12.275,1.57835,1.5786,24.10,11.90
2007.09.04 06:07:12.364,1.57835,1.5786,21.70,14.30
2007.09.04 06:07:12.432,1.5784,1.5786,7.50,14.30
2007.09.04 06:07:12.477,1.5784,1.5786,0.60,14.30
2007.09.04 06:07:12.659,1.57835,1.5786,19.70,23.10
2007.09.04 06:07:12.690,1.5784,1.5786,6.30,25.50
2007.09.04 06:07:13.084,1.5784,1.5786,4.60,26.30
2007.09.04 06:07:13.186,1.5784,1.5786,4.50,28.30
2007.09.04 06:07:13.205,1.57835,1.5786,18.90,29.10
2007.09.04 06:07:15.662,1.57835,1.5785,10.90,3.20
2007.09.04 06:07:15.746,1.5784,1.5785,0.50,13.20
2007.09.04 06:07:18.161,1.57835,1.5785,1.00,10.80
2007.09.04 06:07:18.241,1.57835,1.5785,1.00,2.80
2007.09.04 06:07:18.671,1.5784,1.5786,3.90,37.90
2007.09.04 06:07:18.752,1.57835,1.5786,17.00,25.90
2007.09.04 06:07:19.177,1.5784,1.5786,7.30,26.70
2007.09.04 06:07:20.200,1.5784,1.5786,8.80,24.30
2007.09.04 06:07:20.286,1.57835,1.5786,19.00,16.30
2007.09.04 06:07:24.232,1.5784,1.5786,0.60,15.50
2007.09.04 06:07:25.063,1.5784,1.5786,1.60,16.30
2007.09.04 06:07:26.294,1.5784,1.5786,6.60,26.70
2007.09.04 06:07:26.701,1.57835,1.5785,1.00,13.20
2007.09.04 06:07:26.914,1.5782,1.5785,47.20,13.20
2007.09.04 06:07:27.006,1.5783,1.5785,5.50,13.20
2007.09.04 06:07:27.115,1.5782,1.5785,47.80,13.20
2007.09.04 06:07:37.667,1.5783,1.5785,14.00,13.20
2007.09.04 06:07:37.705,1.5782,1.5785,47.10,13.20
2007.09.04 06:07:37.754,1.5783,1.5785,6.50,13.20
2007.09.04 06:07:37.986,1.5783,1.5785,5.10,13.20
2007.09.04 06:07:38.027,1.5783,1.5785,9.50,13.20
2007.09.04 06:07:38.143,1.5783,1.5785,36.00,11.20
2007.09.04 06:07:38.217,1.5785,1.5786,0.60,32.30
2007.09.04 06:07:38.261,1.5784,1.5786,40.80,16.40
2007.09.04 06:07:38.356,1.57845,1.5786,17.70,14.00
2007.09.04 06:07:38.672,1.57845,1.5786,17.70,2.40
2007.09.04 06:07:38.732,1.57845,1.5787,17.70,14.20
2007.09.04 06:07:39.137,1.5785,1.5786,5.50,0.80
2007.09.04 06:07:39.192,1.57845,1.5785,4.00,10.00
2007.09.04 06:07:39.234,1.57845,1.5785,0.20,12.40
2007.09.04 06:07:39.319,1.5783,1.5785,38.00,12.40
2007.09.04 06:07:39.711,1.5783,1.5785,6.90,12.40
2007.09.04 06:07:40.557,1.5782,1.5785,47.90,12.40
2007.09.04 06:07:40.571,1.5782,1.5785,47.70,12.40
2007.09.04 06:07:40.643,1.5783,1.5785,5.00,12.40
2007.09.04 06:07:40.675,1.5782,1.5785,47.50,10.00
2007.09.04 06:07:40.750,1.5782,1.5786,47.50,26.50
2007.09.04 06:07:41.059,1.5782,1.5786,45.10,24.10
2007.09.04 06:07:41.086,1.5782,1.5786,45.10,24.10
2007.09.04 06:07:41.165,1.5783,1.5786,16.40,20.00
2007.09.04 06:07:41.188,1.5783,1.5786,1.80,19.90
2007.09.04 06:07:41.260,1.5782,1.5787,43.40,38.10
2007.09.04 06:07:41.684,1.5782,1.5786,60.90,0.80
2007.09.04 06:07:41.798,1.5782,1.5786,61.90,0.80
2007.09.04 06:07:42.119,1.5783,1.5786,14.30,3.20
2007.09.04 06:07:42.133,1.5782,1.5786,50.00,4.00
2007.09.04 06:07:42.256,1.5783,1.5785,3.70,2.40
2007.09.04 06:07:42.285,1.5783,1.5785,3.20,10.40
2007.09.04 06:07:42.330,1.5782,1.5785,45.80,10.40
2007.09.04 06:07:42.389,1.5783,1.5785,1.00,10.40
2007.09.04 06:07:42.426,1.5782,1.5785,45.80,22.30
2007.09.04 06:07:42.957,1.5781,1.5785,63.30,22.30
2007.09.04 06:07:43.157,1.5781,1.5785,63.30,22.40
2007.09.04 06:07:43.174,1.5781,1.5785,63.30,20.10
2007.09.04 06:07:43.254,1.5782,1.5785,52.20,12.00
2007.09.04 06:07:43.457,1.5783,1.5785,1.60,0.10
2007.09.04 06:07:43.580,1.5783,1.5786,0.80,31.50
2007.09.04 06:07:43.780,1.57825,1.5786,4.80,27.60
2007.09.04 06:07:43.993,1.57825,1.5786,4.80,27.70
2007.09.04 06:07:45.720,1.57825,1.5785,4.80,2.40
2007.09.04 06:07:45.823,1.5783,1.5785,1.30,10.40
2007.09.04 06:07:46.439,1.5783,1.5785,0.70,22.30
2007.09.04 06:07:46.531,1.5782,1.5785,15.90,22.30
2007.09.04 06:07:46.640,1.5781,1.5785,57.10,22.30
2007.09.04 06:07:46.852,1.5782,1.5785,21.60,22.30
2007.09.04 06:07:54.693,1.5782,1.5785,52.30,22.30
2007.09.04 06:07:57.250,1.5782,1.5785,52.20,22.30
2007.09.04 06:07:57.668,1.5782,1.5785,49.20,23.10
2007.09.04 06:07:57.757,1.5782,1.5785,49.30,23.10
2007.09.04 06:07:58.089,1.5782,1.5785,43.70,23.10
2007.09.04 06:07:58.157,1.5782,1.5785,43.70,23.90
2007.09.04 06:07:58.209,1.5782,1.5785,43.70,25.90
2007.09.04 06:07:58.222,1.5782,1.5785,41.30,25.90
2007.09.04 06:07:58.621,1.5782,1.5785,38.90,28.30
2007.09.04 06:08:03.154,1.5782,1.5785,41.30,28.30
2007.09.04 06:08:06.814,1.5782,1.5785,41.20,28.30
2007.09.04 06:08:07.014,1.5782,1.5785,41.40,28.30
2007.09.04 06:08:07.106,1.5782,1.5785,41.50,28.30
2007.09.04 06:08:09.052,1.5782,1.5785,41.50,25.90
2007.09.04 06:08:09.255,1.5782,1.5785,41.50,25.10
2007.09.04 06:08:09.373,1.5782,1.5785,41.50,25.90
2007.09.04 06:08:12.220,1.5782,1.5785,43.90,25.90
2007.09.04 06:08:12.280,1.5782,1.5785,43.90,25.10
2007.09.04 06:08:12.376,1.5782,1.5785,49.50,25.10
2007.09.04 06:08:12.786,1.5783,1.5785,2.40,25.10
2007.09.04 06:08:12.838,1.5783,1.5785,10.50,25.10
2007.09.04 06:08:13.199,1.5783,1.5785,10.60,25.10
2007.09.04 06:08:13.397,1.5783,1.5785,16.20,25.10
2007.09.04 06:08:13.405,1.5783,1.5785,28.20,13.20
2007.09.04 06:08:14.740,1.5783,1.5785,28.20,16.20
2007.09.04 06:08:14.852,1.5783,1.5785,28.00,16.20
2007.09.04 06:08:14.943,1.5783,1.5785,28.00,18.60
2007.09.04 06:08:15.048,1.5783,1.5785,28.00,19.40
2007.09.04 06:08:15.148,1.5783,1.5785,27.90,19.40
2007.09.04 06:08:15.238,1.5783,1.5785,25.50,19.40
2007.09.04 06:08:15.377,1.5783,1.5785,11.90,19.40
2007.09.04 06:08:15.467,1.5782,1.5785,43.10,31.30
2007.09.04 06:08:15.886,1.5782,1.5785,41.50,31.30
2007.09.04 06:08:25.214,1.5782,1.5785,41.40,31.30
2007.09.04 06:08:25.305,1.5782,1.5785,41.20,31.30
2007.09.04 06:08:25.733,1.5782,1.5785,41.20,31.30
2007.09.04 06:08:25.936,1.5782,1.5785,41.30,31.30
2007.09.04 06:08:26.143,1.5782,1.5785,38.90,31.30
2007.09.04 06:08:32.645,1.5782,1.5785,38.80,31.30
2007.09.04 06:08:32.718,1.5782,1.5784,38.80,2.40
2007.09.04 06:08:32.758,1.5782,1.5784,38.80,10.40
2007.09.04 06:08:32.927,1.5782,1.5784,38.70,10.40
2007.09.04 06:08:33.141,1.5782,1.5784,38.80,10.40
2007.09.04 06:08:33.337,1.5782,1.5784,30.80,10.40
2007.09.04 06:08:34.267,1.5782,1.5784,30.70,10.40
2007.09.04 06:08:37.709,1.5782,1.5784,33.10,10.40
2007.09.04 06:08:37.803,1.5782,1.5784,4.60,10.40
2007.09.04 06:08:37.817,1.5782,1.5784,9.40,10.40
2007.09.04 06:08:38.127,1.57815,1.5784,35.70,10.40
2007.09.04 06:08:38.170,1.57815,1.5784,35.80,10.40
2007.09.04 06:08:38.219,1.57815,1.5784,35.80,2.40
2007.09.04 06:08:38.263,1.57815,1.5785,35.80,37.90
2007.09.04 06:08:38.419,1.5782,1.5785,1.10,29.90
2007.09.04 06:08:38.843,1.5782,1.5785,3.10,28.30
2007.09.04 06:08:43.893,1.5782,1.5785,16.50,28.30
2007.09.04 06:08:54.198,1.57815,1.5785,43.60,28.30
2007.09.04 06:08:54.298,1.57815,1.5785,43.70,28.30
2007.09.04 06:08:54.329,1.5782,1.5785,19.30,28.30
2007.09.04 06:08:54.522,1.57815,1.5785,44.00,28.30
2007.09.04 06:09:00.220,1.5782,1.5785,15.70,28.30
2007.09.04 06:09:04.593,1.57815,1.5785,43.90,28.30
2007.09.04 06:09:04.650,1.5782,1.5785,10.90,28.30
2007.09.04 06:09:04.687,1.57815,1.5785,43.90,28.30
2007.09.04 06:09:04.768,1.5782,1.5785,9.40,28.30
2007.09.04 06:09:06.218,1.5782,1.5785,13.20,28.30
2007.09.04 06:09:06.313,1.5782,1.57845,3.30,0.30
2007.09.04 06:09:06.422,1.5782,1.5784,16.00,0.30
2007.09.04 06:09:08.931,1.5782,1.57845,41.20,0.40
2007.09.04 06:09:10.362,1.5782,1.5784,41.20,0.40
2007.09.04 06:09:21.253,1.5782,1.57845,41.20,0.60
2007.09.04 06:09:22.872,1.5782,1.5784,41.20,0.60
2007.09.04 06:09:49.612,1.5782,1.57845,41.20,0.40
2007.09.04 06:09:50.032,1.5782,1.5784,41.20,0.40
2007.09.04 06:10:01.851,1.5782,1.5785,41.20,25.10
2007.09.04 06:10:03.349,1.5782,1.5785,41.20,25.40
2007.09.04 06:10:04.790,1.5782,1.57845,41.20,0.40
2007.09.04 06:10:04.849,1.5782,1.5784,41.20,0.40
2007.09.04 06:10:18.841,1.5782,1.5783,41.20,0.40
2007.09.04 06:10:18.927,1.5782,1.5784,41.20,0.40
2007.09.04 06:10:24.238,1.5782,1.5784,43.60,0.40
2007.09.04 06:10:24.488,1.5782,1.5785,43.60,25.40
2007.09.04 06:10:24.731,1.5782,1.5785,49.20,25.40
2007.09.04 06:10:24.832,1.5782,1.57855,49.20,25.50
2007.09.04 06:10:24.898,1.5782,1.57855,49.20,25.80
2007.09.04 06:10:24.971,1.5782,1.5785,49.20,0.60
2007.09.04 06:10:25.226,1.5783,1.5785,2.40,0.90
2007.09.04 06:10:25.238,1.5783,1.57855,10.50,25.80
2007.09.04 06:10:25.347,1.5783,1.57855,22.40,13.90
2007.09.04 06:10:25.420,1.5783,1.57855,28.00,13.90
2007.09.04 06:10:25.502,1.5783,1.5785,28.00,0.90
2007.09.04 06:10:25.622,1.5783,1.57855,28.00,13.70
2007.09.04 06:10:27.640,1.5783,1.57855,27.90,13.70
2007.09.04 06:10:27.677,1.5783,1.57855,25.50,13.70
2007.09.04 06:10:27.744,1.5783,1.57855,17.50,14.00
2007.09.04 06:10:28.038,1.5783,1.5785,17.50,0.50
2007.09.04 06:10:28.480,1.5783,1.57855,5.60,25.80
2007.09.04 06:10:28.505,1.5782,1.57855,50.80,26.30
2007.09.04 06:10:28.742,1.5782,1.5785,49.20,0.80
2007.09.04 06:10:37.645,1.5782,1.5785,49.20,0.50
2007.09.04 06:10:37.755,1.5782,1.57855,43.60,27.10
2007.09.04 06:10:37.989,1.5782,1.57855,41.20,26.70
2007.09.04 06:10:38.224,1.5782,1.5785,41.20,27.10
2007.09.04 06:10:39.175,1.5782,1.5784,41.20,0.50
2007.09.04 06:10:39.278,1.5783,1.57845,2.40,1.00
2007.09.04 06:10:39.310,1.5783,1.5784,10.40,0.50
2007.09.04 06:10:39.900,1.5783,1.57855,10.40,25.20
2007.09.04 06:10:40.043,1.5783,1.57855,10.40,26.00
2007.09.04 06:10:40.460,1.5783,1.57855,22.30,14.60
2007.09.04 06:10:40.498,1.5783,1.5785,27.90,0.80
2007.09.04 06:10:41.034,1.5783,1.5785,27.90,0.60
2007.09.04 06:10:41.751,1.5783,1.57855,25.50,13.80
2007.09.04 06:10:41.781,1.5783,1.5785,17.50,0.80
2007.09.04 06:10:41.942,1.5783,1.5785,17.50,0.70
2007.09.04 06:10:42.066,1.5783,1.57855,17.50,14.20
2007.09.04 06:10:42.362,1.5783,1.57855,11.90,14.20
2007.09.04 06:10:42.395,1.5782,1.57855,48.40,26.10
2007.09.04 06:10:42.418,1.5782,1.57855,50.80,26.10
2007.09.04 06:10:42.621,1.5782,1.5785,49.20,0.80
2007.09.04 06:10:48.878,1.5781,1.57855,60.30,26.10
2007.09.04 06:11:04.222,1.5781,1.5785,61.90,26.80
2007.09.04 06:11:04.332,1.57815,1.5785,43.60,26.50
2007.09.04 06:11:04.353,1.5782,1.5785,18.40,26.80
2007.09.04 06:11:04.451,1.5782,1.5785,8.10,26.20
2007.09.04 06:11:04.837,1.5782,1.57845,5.60,0.40
2007.09.04 06:11:04.958,1.57815,1.5784,43.60,0.40
2007.09.04 06:11:07.918,1.5782,1.5784,13.40,0.40
2007.09.04 06:11:07.926,1.5781,1.5784,62.70,0.40
2007.09.04 06:11:08.365,1.5783,1.57845,1.40,0.40
2007.09.04 06:11:08.419,1.5782,1.5785,49.20,25.90
2007.09.04 06:11:08.441,1.5782,1.5785,49.10,14.00
2007.09.04 06:11:08.645,1.5782,1.5785,49.10,13.20
2007.09.04 06:11:08.680,1.5782,1.5785,52.30,13.20
2007.09.04 06:11:08.743,1.5782,1.5785,52.30,13.20
2007.09.04 06:11:09.694,1.5783,1.5785,5.50,14.00
2007.09.04 06:11:09.706,1.5783,1.5785,8.80,14.00
2007.09.04 06:11:09.789,1.5783,1.5785,6.90,14.00
2007.09.04 06:11:09.923,1.5782,1.5785,45.10,14.30
2007.09.04 06:11:09.983,1.5783,1.5785,0.90,14.60
2007.09.04 06:11:10.112,1.5782,1.5785,45.10,14.90
2007.09.04 06:11:10.411,1.5782,1.5785,42.80,26.80
2007.09.04 06:11:10.418,1.57815,1.5785,45.20,26.80
2007.09.04 06:11:10.726,1.57815,1.5785,43.60,26.80
2007.09.04 06:11:17.192,1.5783,1.5785,2.40,26.80
2007.09.04 06:11:17.231,1.5783,1.5785,10.40,26.50
2007.09.04 06:11:17.399,1.5783,1.5785,10.40,26.20
2007.09.04 06:11:17.515,1.5783,1.5785,22.30,13.50
2007.09.04 06:11:17.759,1.5783,1.5785,27.90,13.20
2007.09.04 06:11:19.196,1.5783,1.5785,25.50,13.20
2007.09.04 06:11:19.279,1.5783,1.5785,17.50,13.20
2007.09.04 06:11:19.458,1.5782,1.5785,50.80,25.40
2007.09.04 06:11:19.481,1.5782,1.5785,50.80,25.70
2007.09.04 06:11:19.694,1.5782,1.5785,50.80,26.00
2007.09.04 06:11:19.786,1.5782,1.5785,49.20,26.00
2007.09.04 06:11:21.034,1.5782,1.5785,49.20,26.80
2007.09.04 06:11:21.247,1.5782,1.5785,43.60,26.80
2007.09.04 06:11:21.268,1.5782,1.5785,41.20,26.80
2007.09.04 06:11:23.685,1.5783,1.5785,2.40,26.80
2007.09.04 06:11:23.809,1.5783,1.5785,10.40,26.80
2007.09.04 06:11:24.241,1.5783,1.5785,8.00,26.80
2007.09.04 06:11:24.321,1.5782,1.5785,41.20,26.80
2007.09.04 06:11:27.025,1.5782,1.5785,41.20,26.00
2007.09.04 06:11:27.233,1.5783,1.5785,8.00,25.70
2007.09.04 06:11:27.242,1.5783,1.5785,10.40,25.70
2007.09.04 06:11:27.342,1.5783,1.5785,10.40,25.40
2007.09.04 06:11:27.443,1.5783,1.5785,22.30,13.50
2007.09.04 06:11:27.454,1.5783,1.5785,27.90,13.50
2007.09.04 06:11:27.473,1.5783,1.5785,27.90,13.20
2007.09.04 06:11:27.648,1.5783,1.5785,27.90,14.00
2007.09.04 06:11:27.755,1.5783,1.5785,25.50,14.00
2007.09.04 06:11:27.766,1.5783,1.5785,17.50,14.30
2007.09.04 06:11:28.068,1.5783,1.5785,17.50,13.50
2007.09.04 06:11:28.076,1.5783,1.57845,17.50,0.40
2007.09.04 06:11:28.467,1.5783,1.5784,11.90,0.40
2007.09.04 06:11:28.477,1.5782,1.5784,42.80,0.40
2007.09.04 06:11:28.901,1.5782,1.5784,41.20,0.40
2007.09.04 06:11:29.518,1.5782,1.5784,45.20,0.40
2007.09.04 06:11:41.104,1.5782,1.5784,42.80,0.40
2007.09.04 06:11:43.103,1.5782,1.57845,42.80,0.80
2007.09.04 06:11:45.497,1.5782,1.5786,42.80,42.20
2007.09.04 06:11:46.941,1.5782,1.5786,42.80,42.40
2007.09.04 06:11:47.083,1.5782,1.5785,42.80,0.50
2007.09.04 06:11:54.174,1.5782,1.5785,48.40,0.70
2007.09.04 06:11:54.207,1.5782,1.5786,50.80,44.90
2007.09.04 06:11:55.630,1.5782,1.5786,51.60,42.50
2007.09.04 06:11:55.680,1.5783,1.5786,8.00,47.30
2007.09.04 06:11:55.737,1.5783,1.5786,31.90,28.70
2007.09.04 06:11:56.270,1.5783,1.5785,34.70,0.90
2007.09.04 06:11:58.128,1.5783,1.5786,34.70,36.70
2007.09.04 06:11:58.660,1.5783,1.5786,34.70,35.90
2007.09.04 06:11:58.763,1.5783,1.5785,37.70,0.90
2007.09.04 06:11:58.858,1.5783,1.5785,37.70,0.50
2007.09.04 06:11:59.169,1.5783,1.5785,34.70,0.70
2007.09.04 06:12:03.189,1.5783,1.5786,34.70,36.10
2007.09.04 06:12:03.303,1.5783,1.5786,34.70,35.30
2007.09.04 06:12:03.724,1.5783,1.5786,34.90,35.30
2007.09.04 06:12:04.018,1.5783,1.5785,34.70,0.60
2007.09.04 06:12:04.233,1.5783,1.5786,34.70,35.30
2007.09.04 06:12:05.129,1.5783,1.5786,34.90,35.30
2007.09.04 06:12:08.070,1.5783,1.5786,34.90,35.10
2007.09.04 06:12:08.660,1.5783,1.57855,34.70,12.60
2007.09.04 06:12:08.782,1.5783,1.57855,30.70,17.40
2007.09.04 06:12:09.076,1.5783,1.5784,30.70,0.80
2007.09.04 06:12:09.166,1.5783,1.5784,21.90,0.70
2007.09.04 06:12:09.185,1.5783,1.5784,11.90,0.50
2007.09.04 06:12:09.295,1.5782,1.5784,35.90,0.60
2007.09.04 06:12:09.496,1.5782,1.5784,33.50,0.90
2007.09.04 06:12:09.669,1.5782,1.5785,33.50,37.40
2007.09.04 06:12:09.699,1.5782,1.5784,31.90,0.90
2007.09.04 06:12:10.190,1.5782,1.5785,31.90,38.20
2007.09.04 06:12:10.226,1.5782,1.5784,31.90,0.70
2007.09.04 06:12:10.745,1.5782,1.5785,23.90,38.20
2007.09.04 06:12:10.792,1.5782,1.5785,21.50,38.20
2007.09.04 06:12:10.854,1.5782,1.5784,17.50,0.90
2007.09.04 06:12:11.210,1.5782,1.5785,17.50,38.10
2007.09.04 06:12:11.318,1.5782,1.5784,17.50,0.70
2007.09.04 06:12:11.410,1.5782,1.5784,11.90,0.60
2007.09.04 06:12:11.449,1.5781,1.5784,46.80,0.50
2007.09.04 06:12:11.865,1.5781,1.5784,45.20,0.90
2007.09.04 06:12:12.325,1.5781,1.5784,45.20,0.80
2007.09.04 06:12:12.420,1.5781,1.57835,45.20,0.20
2007.09.04 06:12:16.299,1.5781,1.57835,45.10,0.20
2007.09.04 06:12:16.715,1.5781,1.5783,45.10,0.80
2007.09.04 06:12:16.853,1.5781,1.5783,42.70,0.80
2007.09.04 06:12:17.130,1.5781,1.57835,42.90,0.20
2007.09.04 06:12:17.177,1.5781,1.57835,39.70,0.20
2007.09.04 06:12:17.244,1.5781,1.5783,5.80,12.10
2007.09.04 06:12:17.271,1.5781,1.5783,0.30,12.10
2007.09.04 06:12:17.343,1.5781,1.57825,0.30,0.20
2007.09.04 06:12:17.785,1.5781,1.5782,0.30,0.20
2007.09.04 06:12:18.099,1.578,1.5782,53.30,0.20
2007.09.04 06:12:18.813,1.578,1.5782,50.90,0.20
2007.09.04 06:12:18.877,1.578,1.5782,45.30,0.20
2007.09.04 06:12:30.720,1.5781,1.57825,8.00,0.20
2007.09.04 06:12:30.747,1.5781,1.57825,16.00,0.20
2007.09.04 06:12:30.818,1.5781,1.5783,16.00,17.40
2007.09.04 06:12:30.853,1.5781,1.5783,31.90,3.10
2007.09.04 06:12:30.933,1.5781,1.5783,31.90,3.30
2007.09.04 06:12:31.170,1.5781,1.5783,33.90,3.30
2007.09.04 06:12:31.241,1.5781,1.5783,34.70,3.30
2007.09.04 06:12:35.207,1.5781,1.5783,34.70,3.10
2007.09.04 06:12:37.155,1.5781,1.5783,34.70,2.30
2007.09.04 06:12:40.806,1.5781,1.5783,34.70,2.00
2007.09.04 06:12:40.813,1.5781,1.5783,34.70,2.80
2007.09.04 06:12:41.117,1.5781,1.5783,34.70,2.00
2007.09.04 06:12:41.319,1.5781,1.5783,34.70,2.80
2007.09.04 06:12:41.471,1.5781,1.5783,34.70,0.70
2007.09.04 06:12:42.155,1.5781,1.5783,24.70,0.80
2007.09.04 06:12:42.239,1.5781,1.57835,15.90,3.80
2007.09.04 06:12:42.260,1.578,1.57835,35.00,15.80
2007.09.04 06:12:42.356,1.578,1.57835,49.30,15.80
2007.09.04 06:12:42.443,1.578,1.5783,49.30,0.60
2007.09.04 06:12:42.458,1.578,1.5783,46.90,0.60
2007.09.04 06:12:42.830,1.578,1.5784,46.70,37.20
2007.09.04 06:12:42.935,1.578,1.5783,48.10,0.90
2007.09.04 06:12:43.355,1.578,1.57835,45.90,24.80
2007.09.04 06:12:43.983,1.578,1.57835,45.70,24.80
2007.09.04 06:12:44.193,1.578,1.5783,42.70,0.90
2007.09.04 06:12:44.812,1.578,1.57835,42.70,26.40
2007.09.04 06:12:53.127,1.578,1.57825,42.70,0.20
2007.09.04 06:12:53.686,1.578,1.5783,42.70,0.70
2007.09.04 06:12:53.787,1.578,1.5783,42.70,23.70
2007.09.04 06:12:54.350,1.578,1.5783,42.90,19.70
2007.09.04 06:12:55.049,1.578,1.57835,43.10,20.30
2007.09.04 06:12:55.153,1.578,1.57835,42.90,20.30
2007.09.04 06:12:56.073,1.578,1.5783,43.20,0.70
2007.09.04 06:12:56.685,1.5781,1.57835,2.40,20.30
2007.09.04 06:12:56.701,1.5781,1.57835,2.40,19.50
2007.09.04 06:12:56.796,1.5781,1.5784,14.40,42.30
2007.09.04 06:12:56.932,1.5781,1.5784,14.40,40.70
2007.09.04 06:12:57.015,1.5781,1.5784,14.60,37.80
2007.09.04 06:12:57.190,1.5781,1.5784,20.20,33.80
2007.09.04 06:12:57.217,1.5781,1.57845,40.30,10.40
2007.09.04 06:12:57.276,1.5781,1.5785,42.70,27.70
2007.09.04 06:12:57.327,1.5781,1.5785,50.70,41.90
2007.09.04 06:12:57.625,1.5781,1.5785,50.70,42.70
2007.09.04 06:12:57.708,1.5781,1.5784,50.70,0.50
2007.09.04 06:12:57.744,1.5781,1.5785,50.70,37.90
2007.09.04 06:12:57.841,1.5781,1.5785,49.10,41.50
2007.09.04 06:12:57.865,1.5781,1.5785,46.70,43.90
2007.09.04 06:12:57.949,1.5781,1.5785,46.70,44.30
2007.09.04 06:12:58.045,1.5781,1.5785,46.70,43.50
2007.09.04 06:12:58.107,1.5782,1.5784,0.10,0.80
2007.09.04 06:12:58.225,1.5782,1.5785,2.40,40.30
2007.09.04 06:12:58.256,1.5782,1.5784,16.90,0.80
2007.09.04 06:12:58.425,1.5782,1.5785,22.50,39.40
2007.09.04 06:12:58.468,1.5782,1.5785,42.40,0.60
2007.09.04 06:12:58.575,1.5782,1.5785,42.40,0.80
2007.09.04 06:12:58.839,1.5782,1.5785,42.40,0.60
2007.09.04 06:12:58.891,1.5782,1.5785,40.00,0.90
2007.09.04 06:12:58.994,1.5782,1.5784,40.00,0.80
2007.09.04 06:12:59.151,1.5782,1.5785,40.30,41.90
2007.09.04 06:12:59.208,1.5782,1.5785,28.30,35.60
2007.09.04 06:12:59.239,1.5782,1.5785,25.90,39.60
2007.09.04 06:12:59.311,1.5782,1.5785,17.80,39.60
2007.09.04 06:12:59.375,1.5782,1.5784,17.60,0.80
2007.09.04 06:12:59.420,1.5782,1.57845,5.70,31.90
2007.09.04 06:12:59.446,1.5782,1.5784,0.10,0.80
2007.09.04 06:12:59.655,1.5781,1.57845,42.20,31.90
2007.09.04 06:12:59.716,1.5781,1.5784,34.20,0.50
2007.09.04 06:12:59.827,1.5781,1.57845,32.60,37.50
2007.09.04 06:12:59.983,1.5781,1.5783,32.60,0.80
2007.09.04 06:13:00.167,1.5781,1.5784,31.80,39.90
2007.09.04 06:13:00.238,1.5781,1.5784,5.70,44.30
2007.09.04 06:13:00.265,1.5781,1.5783,0.40,0.80
2007.09.04 06:13:00.327,1.5781,1.5784,0.40,44.30
2007.09.04 06:13:00.481,1.5781,1.57835,0.20,21.50
2007.09.04 06:13:00.795,1.578,1.57835,44.60,21.50
2007.09.04 06:13:00.857,1.578,1.57835,43.00,23.10
2007.09.04 06:13:01.343,1.578,1.5783,43.00,0.70
2007.09.04 06:13:01.389,1.578,1.5783,43.00,0.60
2007.09.04 06:13:01.643,1.578,1.57835,46.30,25.90
2007.09.04 06:13:01.763,1.578,1.5783,46.30,0.60
2007.09.04 06:13:01.850,1.578,1.57835,48.70,25.90
2007.09.04 06:13:02.803,1.578,1.5784,48.70,38.70
2007.09.04 06:13:02.847,1.578,1.5783,48.80,0.50
2007.09.04 06:13:03.008,1.578,1.5783,48.80,0.90
2007.09.04 06:13:03.149,1.578,1.5784,48.80,45.10
2007.09.04 06:13:03.214,1.578,1.5783,48.80,0.80
2007.09.04 06:13:03.260,1.578,1.5783,48.80,0.90
2007.09.04 06:13:03.313,1.5781,1.5783,0.20,0.90
2007.09.04 06:13:03.422,1.5781,1.5784,0.50,0.70
2007.09.04 06:13:03.782,1.5781,1.57845,40.50,28.40
2007.09.04 06:13:03.841,1.5781,1.57845,40.30,34.70
2007.09.04 06:13:03.884,1.5781,1.5784,40.10,0.60
2007.09.04 06:13:04.186,1.5781,1.57845,40.40,34.70
2007.09.04 06:13:04.255,1.5781,1.57845,42.40,34.70
2007.09.04 06:13:04.388,1.5781,1.5784,43.50,0.70
2007.09.04 06:13:04.664,1.5781,1.5784,31.50,33.10
2007.09.04 06:13:04.697,1.5781,1.5784,29.10,36.30
2007.09.04 06:13:04.774,1.5781,1.5784,28.80,39.30
2007.09.04 06:13:04.907,1.5781,1.5783,28.50,0.80
2007.09.04 06:13:04.930,1.5781,1.5784,28.30,41.70
2007.09.04 06:13:05.177,1.5781,1.5783,26.30,9.20
2007.09.04 06:13:05.208,1.5781,1.5782,19.90,0.80
2007.09.04 06:13:05.299,1.57805,1.5782,0.30,0.60
2007.09.04 06:13:05.397,1.57805,1.5782,0.30,0.80
2007.09.04 06:13:05.436,1.578,1.5783,20.40,41.90
2007.09.04 06:13:05.724,1.578,1.5781,18.00,0.60
2007.09.04 06:13:05.810,1.578,1.5781,8.40,0.70
2007.09.04 06:13:17.655,1.578,1.5781,7.60,10.40
2007.09.04 06:13:17.696,1.578,1.5781,5.60,14.40
2007.09.04 06:13:18.154,1.5779,1.578,34.30,2.40
2007.09.04 06:13:18.207,1.5779,1.578,9.60,10.40
2007.09.04 06:13:18.322,1.5779,1.578,5.60,10.40
2007.09.04 06:13:18.682,1.5779,1.578,8.80,8.00
2007.09.04 06:13:18.743,1.5779,1.5781,23.00,24.30
2007.09.04 06:13:19.023,1.5779,1.5781,23.30,24.30
2007.09.04 06:13:19.150,1.5779,1.5781,23.30,25.90
2007.09.04 06:13:19.206,1.5779,1.5781,20.30,26.70
2007.09.04 06:13:19.257,1.5779,1.5781,6.10,29.90
2007.09.04 06:13:19.433,1.5779,1.5781,6.10,32.30
2007.09.04 06:13:19.512,1.5779,1.5781,5.80,32.30
2007.09.04 06:13:19.705,1.5779,1.578,5.80,2.40
2007.09.04 06:13:19.735,1.5779,1.578,17.70,10.40
2007.09.04 06:13:20.042,1.5779,1.578,17.50,10.40
2007.09.04 06:13:20.123,1.5779,1.578,18.30,10.40
2007.09.04 06:13:20.146,1.5779,1.578,22.30,10.40
2007.09.04 06:13:20.223,1.5779,1.578,24.70,8.00
2007.09.04 06:13:20.263,1.5779,1.5781,34.70,12.90
2007.09.04 06:13:20.347,1.5779,1.5781,22.80,24.80
2007.09.04 06:13:20.536,1.5779,1.5781,22.00,25.60
2007.09.04 06:13:20.675,1.5779,1.5781,16.00,25.60
2007.09.04 06:13:20.750,1.5779,1.5781,8.00,25.60
2007.09.04 06:13:20.781,1.57785,1.5781,0.30,33.60
2007.09.04 06:13:21.396,1.57785,1.5781,0.30,25.60
2007.09.04 06:13:21.674,1.57785,1.5781,0.30,24.80
2007.09.04 06:13:21.706,1.5779,1.5781,4.00,24.80
2007.09.04 06:13:21.779,1.5779,1.5781,12.00,24.80
2007.09.04 06:13:21.803,1.5779,1.5781,31.90,12.90
2007.09.04 06:13:22.020,1.5779,1.5781,32.70,12.90
2007.09.04 06:13:22.160,1.5779,1.5781,32.70,12.40
2007.09.04 06:13:22.182,1.5779,1.5781,33.50,12.40
2007.09.04 06:13:22.227,1.5779,1.5781,35.50,12.40
2007.09.04 06:13:22.636,1.5779,1.578,34.70,0.80
2007.09.04 06:13:22.710,1.5779,1.578,25.90,0.80
2007.09.04 06:13:22.757,1.5778,1.578,31.50,16.70
2007.09.04 06:13:22.850,1.5778,1.578,25.20,19.10
2007.09.04 06:13:22.923,1.5778,1.578,22.80,19.10
2007.09.04 06:13:23.104,1.5778,1.578,22.80,19.90
2007.09.04 06:13:23.172,1.5778,1.578,22.80,21.90
2007.09.04 06:13:23.266,1.5778,1.578,22.80,19.50
2007.09.04 06:13:23.526,1.5778,1.578,23.10,19.50
2007.09.04 06:13:23.676,1.5778,1.578,21.50,19.50
2007.09.04 06:13:23.994,1.5778,1.578,21.30,19.50
2007.09.04 06:13:24.626,1.5778,1.578,22.10,19.50
2007.09.04 06:13:24.639,1.5778,1.578,22.10,18.70
2007.09.04 06:13:24.724,1.5778,1.578,44.30,4.00
2007.09.04 06:13:24.742,1.5778,1.578,44.00,4.00
2007.09.04 06:13:24.830,1.5778,1.5781,46.40,25.60
2007.09.04 06:13:24.958,1.57785,1.5781,0.40,25.60
2007.09.04 06:13:25.789,1.57785,1.5781,0.40,25.60
2007.09.04 06:13:27.182,1.57785,1.5781,0.40,29.60
2007.09.04 06:13:27.286,1.57785,1.578,0.40,0.80
2007.09.04 06:13:27.738,1.5778,1.578,5.00,0.80
2007.09.04 06:13:27.807,1.5778,1.578,18.60,0.80
2007.09.04 06:13:27.849,1.57775,1.578,40.30,0.80
2007.09.04 06:13:28.150,1.5777,1.578,47.70,1.60
2007.09.04 06:13:28.309,1.5778,1.578,6.00,3.60
2007.09.04 06:13:33.067,1.5777,1.578,48.50,2.80
2007.09.04 06:13:33.167,1.5778,1.578,14.40,2.00
2007.09.04 06:13:33.249,1.5779,1.578,0.90,2.00
2007.09.04 06:13:33.294,1.5778,1.5781,44.30,48.00
2007.09.04 06:13:33.372,1.5779,1.5781,1.10,40.00
2007.09.04 06:13:33.513,1.5778,1.5781,53.90,40.00
2007.09.04 06:13:33.686,1.57785,1.5781,16.40,38.40
2007.09.04 06:13:34.103,1.5779,1.5781,4.60,39.20
2007.09.04 06:13:36.694,1.57785,1.578,14.00,0.80
2007.09.04 06:13:36.709,1.57785,1.578,6.00,0.80
2007.09.04 06:13:36.828,1.5779,1.578,0.90,2.80
2007.09.04 06:13:37.126,1.5779,1.578,2.40,3.60
2007.09.04 06:13:37.398,1.5777,1.578,60.30,3.60
2007.09.04 06:13:37.438,1.5777,1.578,49.30,3.60
2007.09.04 06:13:37.920,1.5777,1.578,50.10,3.60
2007.09.04 06:13:56.227,1.5778,1.578,30.90,7.60
2007.09.04 06:13:56.321,1.5778,1.578,30.50,7.60
2007.09.04 06:13:56.436,1.5778,1.578,30.20,7.60
2007.09.04 06:13:56.521,1.5778,1.578,29.90,7.60
2007.09.04 06:13:56.716,1.5778,1.578,31.00,9.20
2007.09.04 06:13:56.731,1.5778,1.578,31.00,15.20
2007.09.04 06:13:56.852,1.5778,1.578,35.00,15.20
2007.09.04 06:13:57.053,1.5778,1.5779,35.00,0.80
2007.09.04 06:13:57.254,1.5778,1.5779,31.00,0.80
2007.09.04 06:13:57.778,1.5778,1.5779,17.10,0.80
2007.09.04 06:13:58.185,1.5778,1.5779,17.10,2.80
2007.09.04 06:13:59.707,1.5778,1.5779,16.30,2.80
2007.09.04 06:14:03.144,1.5778,1.5779,16.30,2.80
2007.09.04 06:14:03.196,1.5778,1.5779,13.90,5.20
2007.09.04 06:14:03.237,1.57775,1.5778,0.40,0.80
2007.09.04 06:14:03.500,1.5778,1.5779,5.60,13.20
2007.09.04 06:14:03.861,1.5778,1.5779,5.60,11.20
2007.09.04 06:14:04.065,1.5777,1.5778,45.00,0.60
2007.09.04 06:14:04.359,1.5777,1.5778,21.10,0.60
2007.09.04 06:14:04.374,1.5777,1.5778,20.70,0.60
2007.09.04 06:14:04.382,1.5777,1.5778,18.30,0.60
2007.09.04 06:14:04.458,1.5777,1.5778,18.00,0.60
2007.09.04 06:14:05.120,1.5777,1.5779,18.00,32.30
2007.09.04 06:14:05.221,1.5777,1.5778,16.00,2.00
2007.09.04 06:14:05.627,1.5777,1.5778,16.00,2.50
2007.09.04 06:14:06.770,1.5777,1.5778,8.00,10.50
2007.09.04 06:14:06.816,1.5777,1.5778,5.60,12.90
2007.09.04 06:14:07.628,1.5777,1.5778,5.60,13.70
2007.09.04 06:14:07.715,1.5777,1.5778,5.60,18.50
2007.09.04 06:14:07.739,1.57765,1.5778,0.40,18.50
2007.09.04 06:14:07.815,1.57765,1.5778,0.40,44.80
2007.09.04 06:14:07.913,1.57765,1.5777,0.40,0.60
2007.09.04 06:14:07.937,1.5776,1.5777,0.40,0.60
2007.09.04 06:14:08.029,1.5775,1.5777,37.00,0.60
2007.09.04 06:14:08.190,1.5775,1.5777,40.00,0.50
2007.09.04 06:14:08.230,1.5775,1.5777,40.40,0.50
2007.09.04 06:14:08.281,1.5775,1.5777,40.40,2.40
2007.09.04 06:14:11.727,1.5775,1.5776,40.40,0.50
2007.09.04 06:14:12.154,1.5775,1.5776,39.60,0.50
2007.09.04 06:14:12.158,1.5775,1.5776,37.60,0.50
2007.09.04 06:14:12.246,1.5775,1.5777,30.30,16.00
2007.09.04 06:14:12.262,1.5775,1.5776,27.90,2.40
2007.09.04 06:14:12.316,1.5775,1.5776,27.50,2.40
2007.09.04 06:14:12.352,1.5775,1.5776,21.90,10.40
2007.09.04 06:14:12.449,1.5775,1.5776,7.60,10.40
2007.09.04 06:14:12.459,1.5775,1.5776,7.20,10.40
2007.09.04 06:14:12.666,1.5775,1.5776,7.20,8.00
2007.09.04 06:14:12.769,1.5775,1.5777,5.60,29.70
2007.09.04 06:14:12.976,1.5775,1.5777,5.60,31.30
2007.09.04 06:14:13.033,1.5775,1.5777,5.60,32.10
2007.09.04 06:14:13.181,1.5775,1.5776,5.60,2.40
2007.09.04 06:14:13.184,1.5775,1.5776,5.60,10.40
2007.09.04 06:14:13.273,1.5775,1.5776,5.60,10.40
2007.09.04 06:14:14.191,1.5775,1.5776,8.80,8.00
2007.09.04 06:14:14.271,1.5775,1.5777,18.80,18.30
2007.09.04 06:14:14.494,1.5775,1.5777,30.70,6.40
2007.09.04 06:14:16.260,1.5775,1.5777,34.70,2.40
2007.09.04 06:14:17.102,1.5775,1.5777,34.70,4.80
2007.09.04 06:14:17.400,1.5775,1.5777,34.90,4.80
2007.09.04 06:14:17.500,1.5775,1.5777,34.90,2.40
2007.09.04 06:14:18.119,1.5775,1.5777,34.10,3.20
2007.09.04 06:14:19.072,1.5775,1.5777,30.10,7.20
2007.09.04 06:14:19.287,1.5775,1.5777,34.10,3.20
2007.09.04 06:14:19.645,1.5775,1.5777,26.10,3.20
2007.09.04 06:14:19.792,1.5775,1.5777,0.20,19.10
2007.09.04 06:14:20.116,1.5775,1.5776,0.20,0.10
2007.09.04 06:14:20.177,1.5775,1.5776,0.20,2.40
2007.09.04 06:14:20.217,1.5775,1.5776,0.20,10.40
2007.09.04 06:14:20.404,1.57745,1.5775,0.20,0.10
2007.09.04 06:14:20.638,1.5774,1.5775,1.80,0.10
2007.09.04 06:14:20.688,1.5774,1.5775,1.60,0.10
2007.09.04 06:14:20.706,1.5773,1.5775,47.00,0.10
2007.09.04 06:14:20.799,1.5773,1.5775,45.40,0.10
2007.09.04 06:14:20.887,1.5773,1.5775,45.70,0.10
2007.09.04 06:14:21.213,1.5773,1.5775,45.70,0.10
2007.09.04 06:14:21.424,1.5773,1.5776,45.70,31.60
2007.09.04 06:14:21.518,1.5773,1.5775,45.70,0.10
2007.09.04 06:14:21.724,1.5773,1.5775,42.70,0.10
2007.09.04 06:14:22.219,1.5773,1.5775,42.80,0.10
2007.09.04 06:14:24.185,1.5773,1.5775,40.40,2.40
2007.09.04 06:14:24.234,1.5773,1.5775,28.40,17.40
2007.09.04 06:14:24.302,1.5773,1.5775,28.10,17.40
2007.09.04 06:14:24.385,1.5773,1.5775,22.50,17.40
2007.09.04 06:14:24.434,1.5773,1.5774,22.50,0.10
2007.09.04 06:14:24.505,1.5773,1.5774,22.30,0.10
2007.09.04 06:14:24.565,1.5772,1.5774,48.80,0.10
2007.09.04 06:14:24.645,1.5772,1.5775,48.80,27.80
2007.09.04 06:14:24.759,1.5772,1.5775,48.80,24.80
2007.09.04 06:14:24.858,1.5772,1.5775,45.60,22.40
2007.09.04 06:14:25.222,1.5772,1.5775,45.60,23.20
2007.09.04 06:14:25.271,1.5772,1.5775,45.60,25.20
2007.09.04 06:14:25.806,1.5772,1.5775,45.80,25.20
2007.09.04 06:14:26.700,1.5772,1.5774,45.80,0.80
2007.09.04 06:14:26.770,1.5772,1.5774,48.00,0.80
2007.09.04 06:14:26.804,1.5773,1.5774,0.30,0.80
2007.09.04 06:14:27.050,1.5773,1.5774,0.60,0.80
2007.09.04 06:14:27.112,1.5773,1.5775,0.60,29.20
2007.09.04 06:14:27.163,1.5773,1.5775,1.70,28.40
2007.09.04 06:14:27.212,1.5773,1.5775,19.60,12.40
2007.09.04 06:14:27.285,1.5773,1.5775,24.90,12.40
2007.09.04 06:14:27.306,1.5773,1.5775,25.00,12.40
2007.09.04 06:14:27.539,1.5772,1.5775,45.60,12.40
2007.09.04 06:14:27.675,1.5773,1.5775,12.90,12.40
2007.09.04 06:14:29.079,1.5773,1.5775,9.60,12.40
2007.09.04 06:14:29.198,1.5773,1.5775,14.10,12.40
2007.09.04 06:14:29.227,1.5772,1.5775,57.70,13.20
2007.09.04 06:14:29.317,1.5772,1.5775,56.10,13.20
2007.09.04 06:14:29.826,1.5772,1.5775,56.10,13.20
2007.09.04 06:14:29.919,1.5772,1.5775,56.90,13.20
2007.09.04 06:14:30.027,1.5773,1.5775,3.80,13.20
2007.09.04 06:14:30.160,1.5772,1.5775,56.90,12.40
2007.09.04 06:14:30.234,1.5772,1.5775,51.70,12.40
2007.09.04 06:14:30.251,1.5772,1.5775,48.50,12.40
2007.09.04 06:14:32.687,1.5773,1.5775,13.90,12.40
2007.09.04 06:14:33.218,1.57725,1.5775,38.20,10.40
2007.09.04 06:14:33.229,1.5773,1.5775,5.80,8.00
2007.09.04 06:14:33.318,1.5773,1.5776,5.80,25.20
2007.09.04 06:14:33.842,1.57725,1.5776,38.60,25.20
2007.09.04 06:14:34.013,1.5773,1.5776,38.60,25.20
2007.09.04 06:14:34.043,1.5774,1.5776,0.50,25.20
2007.09.04 06:14:34.149,1.5774,1.5776,3.70,24.40
2007.09.04 06:14:34.251,1.57735,1.5776,34.70,12.40
2007.09.04 06:14:34.260,1.5775,1.5776,0.60,12.40
2007.09.04 06:14:36.017,1.5775,1.5776,0.60,12.40
2007.09.04 06:14:36.110,1.5774,1.5776,50.30,12.40
2007.09.04 06:14:36.210,1.5776,1.5777,0.90,21.80
2007.09.04 06:14:36.224,1.5775,1.5777,33.50,5.40
2007.09.04 06:14:36.548,1.5776,1.5777,2.70,3.00
2007.09.04 06:14:36.756,1.5776,1.5777,3.20,0.10
2007.09.04 06:14:36.847,1.5776,1.5778,0.90,36.20
2007.09.04 06:14:36.956,1.5775,1.5777,37.00,0.80
2007.09.04 06:14:37.057,1.5776,1.5777,1.50,1.60
2007.09.04 06:14:37.155,1.5775,1.5777,34.30,4.00
2007.09.04 06:14:37.169,1.5775,1.5777,38.30,6.00
2007.09.04 06:14:37.363,1.5775,1.5777,47.50,5.20
2007.09.04 06:14:37.772,1.5775,1.5777,47.20,4.40
2007.09.04 06:14:37.796,1.5775,1.5777,39.20,3.60
2007.09.04 06:14:38.068,1.5776,1.5777,3.10,2.80
2007.09.04 06:14:38.186,1.5775,1.5777,7.60,3.60
2007.09.04 06:14:38.204,1.57745,1.5777,30.00,3.60
2007.09.04 06:14:38.287,1.57745,1.5777,29.50,3.60
2007.09.04 06:14:38.306,1.57745,1.5777,5.20,27.50
2007.09.04 06:14:38.385,1.57745,1.5777,4.80,27.50
2007.09.04 06:14:38.502,1.57745,1.5777,1.00,29.90
2007.09.04 06:14:38.591,1.57735,1.5777,3.20,29.90
2007.09.04 06:14:38.710,1.5774,1.5777,1.20,29.90
2007.09.04 06:14:38.797,1.5774,1.5777,3.40,25.90
2007.09.04 06:14:38.988,1.5774,1.5777,19.20,25.10
2007.09.04 06:14:39.105,1.5774,1.5777,18.80,27.50
2007.09.04 06:14:39.196,1.5775,1.5777,0.70,29.90
2007.09.04 06:14:39.204,1.5774,1.5776,36.30,2.00
2007.09.04 06:14:39.720,1.5774,1.5776,39.90,2.00
2007.09.04 06:14:39.737,1.5774,1.5776,37.70,2.00
2007.09.04 06:14:39.835,1.5775,1.5776,8.20,2.00
2007.09.04 06:14:40.238,1.57735,1.5777,49.00,17.90
2007.09.04 06:14:40.450,1.5774,1.5777,7.10,15.50
2007.09.04 06:14:41.196,1.5775,1.5777,1.10,15.50
2007.09.04 06:14:41.281,1.5775,1.5777,9.20,3.60
2007.09.04 06:14:41.350,1.5775,1.5777,7.30,3.60
2007.09.04 06:14:41.660,1.5774,1.5777,43.80,6.00
2007.09.04 06:14:41.699,1.5775,1.5776,2.40,0.80
2007.09.04 06:14:42.115,1.5774,1.5777,42.60,45.90
2007.09.04 06:14:42.225,1.5774,1.5777,54.80,30.80
2007.09.04 06:14:42.239,1.5775,1.5777,5.20,33.20
2007.09.04 06:14:42.271,1.5775,1.5777,2.10,33.20
2007.09.04 06:14:42.324,1.5774,1.5777,53.10,40.30
2007.09.04 06:14:42.635,1.5774,1.5777,53.40,34.70
2007.09.04 06:14:42.726,1.5775,1.5777,7.20,32.30
2007.09.04 06:14:44.092,1.5774,1.5777,53.80,33.10
2007.09.04 06:14:45.705,1.5774,1.5777,53.80,32.30
2007.09.04 06:14:46.122,1.5774,1.5777,53.80,33.10
2007.09.04 06:14:47.620,1.5775,1.5777,9.70,33.10
2007.09.04 06:14:47.693,1.5776,1.5777,0.70,29.50
2007.09.04 06:14:47.727,1.5776,1.5777,0.70,26.30
2007.09.04 06:14:47.791,1.5775,1.5777,44.40,2.40
2007.09.04 06:14:47.822,1.5776,1.5777,0.70,2.40
2007.09.04 06:14:47.904,1.5776,1.5778,0.50,33.70
2007.09.04 06:14:48.201,1.5776,1.5778,8.80,20.20
2007.09.04 06:14:48.226,1.57755,1.5778,35.30,20.20
2007.09.04 06:14:48.320,1.57755,1.5778,35.30,17.80
2007.09.04 06:14:48.832,1.5776,1.5778,6.50,16.20
2007.09.04 06:14:49.154,1.5776,1.5778,8.80,16.20
2007.09.04 06:14:49.254,1.5776,1.5778,9.10,13.40
2007.09.04 06:14:51.180,1.5776,1.5778,10.60,15.40
2007.09.04 06:14:54.843,1.5776,1.5778,35.70,12.40
2007.09.04 06:14:55.128,1.5776,1.5778,34.90,13.20
2007.09.04 06:14:55.131,1.5776,1.5778,34.20,13.20
2007.09.04 06:14:55.221,1.5776,1.5778,25.90,14.00
2007.09.04 06:14:55.250,1.5775,1.5777,20.70,16.70
2007.09.04 06:14:55.546,1.5775,1.5777,18.30,19.10
2007.09.04 06:14:55.751,1.5775,1.5777,16.70,19.10
2007.09.04 06:14:56.144,1.5775,1.5777,16.70,19.90
2007.09.04 06:14:56.184,1.5775,1.5777,16.70,21.90
2007.09.04 06:14:57.194,1.5775,1.5777,17.50,21.10
2007.09.04 06:14:57.200,1.5775,1.5777,21.90,15.90
2007.09.04 06:14:57.264,1.5775,1.5777,41.80,4.00
2007.09.04 06:14:57.385,1.5775,1.5778,42.00,31.60
2007.09.04 06:14:57.413,1.5775,1.5778,42.20,29.20
2007.09.04 06:14:57.676,1.5775,1.5778,42.20,31.60
2007.09.04 06:14:57.984,1.5775,1.5778,42.40,31.60
2007.09.04 06:14:58.002,1.5775,1.5778,42.40,31.50
2007.09.04 06:14:58.193,1.5776,1.5778,8.00,28.30
2007.09.04 06:14:58.212,1.5776,1.57785,36.10,2.40
2007.09.04 06:14:58.259,1.5776,1.5779,36.10,29.20
2007.09.04 06:14:58.315,1.5776,1.5779,36.10,35.60
2007.09.04 06:14:58.422,1.5776,1.5779,36.30,33.20
2007.09.04 06:14:58.712,1.5776,1.5779,36.50,33.20
2007.09.04 06:14:58.732,1.5776,1.5778,36.50,0.10
2007.09.04 06:14:59.109,1.5776,1.5778,36.50,0.80
2007.09.04 06:14:59.220,1.5776,1.5778,28.30,3.20
2007.09.04 06:14:59.252,1.5776,1.5778,0.20,37.20
2007.09.04 06:14:59.310,1.5775,1.5778,30.00,37.20
2007.09.04 06:14:59.354,1.5775,1.5778,26.00,41.20
2007.09.04 06:14:59.455,1.5775,1.5778,20.40,41.20
2007.09.04 06:14:59.625,1.5775,1.5778,19.60,41.20
2007.09.04 06:14:59.661,1.5775,1.5777,16.80,0.80
2007.09.04 06:14:59.779,1.5775,1.5776,8.80,11.90
2007.09.04 06:14:59.877,1.5775,1.5776,6.40,11.90
2007.09.04 06:14:59.891,1.5775,1.5776,4.00,14.30
2007.09.04 06:14:59.963,1.5775,1.5776,2.40,14.30
2007.09.04 06:15:00.082,1.5775,1.5776,2.40,15.10
2007.09.04 06:15:00.162,1.5775,1.5776,2.40,15.90
2007.09.04 06:15:00.176,1.5775,1.5776,2.40,21.90
2007.09.04 06:15:00.201,1.57745,1.5776,2.40,21.90
2007.09.04 06:15:00.342,1.57745,1.5776,2.40,25.90
2007.09.04 06:15:00.387,1.57745,1.5776,2.40,23.50
2007.09.04 06:15:00.495,1.57745,1.5776,2.40,24.30
2007.09.04 06:15:00.681,1.57745,1.5776,2.40,23.50
2007.09.04 06:15:00.697,1.57745,1.5776,2.40,0.80
2007.09.04 06:15:01.004,1.57745,1.5777,2.40,19.50
2007.09.04 06:15:01.193,1.5775,1.5777,8.00,19.50
2007.09.04 06:15:01.218,1.5775,1.5777,29.90,7.60
2007.09.04 06:15:01.229,1.5775,1.57765,29.90,2.40
2007.09.04 06:15:01.551,1.5775,1.5777,29.90,7.60
2007.09.04 06:15:01.631,1.5775,1.5777,27.90,7.60
2007.09.04 06:15:01.700,1.5775,1.5777,19.90,7.60
2007.09.04 06:15:01.742,1.5774,1.5777,34.60,19.50
2007.09.04 06:15:01.955,1.5774,1.5777,48.90,19.50
2007.09.04 06:15:02.668,1.5774,1.5777,49.20,19.50
2007.09.04 06:15:02.796,1.5774,1.5777,34.90,19.50
2007.09.04 06:15:02.819,1.5774,1.5777,37.70,19.50
2007.09.04 06:15:02.844,1.5774,1.5777,38.00,19.50
2007.09.04 06:15:03.642,1.5775,1.5777,2.40,19.50
2007.09.04 06:15:03.682,1.5775,1.5777,22.30,7.60
2007.09.04 06:15:03.757,1.5775,1.5777,27.90,7.60
2007.09.04 06:15:04.188,1.5775,1.5777,29.90,7.60
2007.09.04 06:15:09.778,1.5775,1.5777,33.90,3.60
2007.09.04 06:15:09.870,1.5775,1.5777,34.20,3.60
2007.09.04 06:15:09.946,1.5775,1.5777,34.60,3.60
2007.09.04 06:15:11.644,1.5775,1.5777,35.00,3.60
2007.09.04 06:15:12.163,1.5775,1.5777,35.80,0.80
2007.09.04 06:15:12.282,1.5776,1.5777,8.00,0.80
2007.09.04 06:15:12.308,1.5776,1.5778,10.40,34.00
2007.09.04 06:15:12.687,1.5776,1.5778,14.40,29.20
2007.09.04 06:15:12.785,1.5776,1.5778,14.70,14.80
2007.09.04 06:15:12.959,1.5776,1.5778,15.10,14.80
2007.09.04 06:15:13.223,1.5776,1.5778,15.50,14.80
2007.09.04 06:15:13.401,1.5776,1.5778,27.40,2.80
2007.09.04 06:15:13.416,1.5776,1.5778,33.00,2.80
2007.09.04 06:15:15.667,1.5776,1.5778,30.60,5.20
2007.09.04 06:15:15.755,1.5776,1.5778,18.20,17.20
2007.09.04 06:15:15.792,1.5776,1.5778,17.80,17.20
2007.09.04 06:15:15.883,1.5776,1.5778,17.50,17.20
2007.09.04 06:15:16.181,1.5776,1.5778,17.80,17.20
2007.09.04 06:15:16.283,1.5776,1.5778,12.20,17.20
2007.09.04 06:15:16.297,1.5776,1.5778,0.40,29.20
2007.09.04 06:15:16.713,1.5776,1.5778,0.40,33.20
2007.09.04 06:15:17.725,1.5776,1.5778,4.30,29.20
2007.09.04 06:15:17.731,1.5776,1.5778,6.70,26.80
2007.09.04 06:15:17.843,1.5776,1.5778,15.10,18.80
2007.09.04 06:15:17.853,1.5776,1.5778,15.50,18.80
2007.09.04 06:15:18.027,1.5776,1.5778,15.10,18.80
2007.09.04 06:15:18.343,1.5776,1.5778,27.00,6.80
2007.09.04 06:15:18.485,1.5776,1.5778,33.00,6.80
2007.09.04 06:15:24.670,1.5776,1.5778,36.80,6.80
2007.09.04 06:15:24.887,1.5776,1.5779,36.80,24.80
2007.09.04 06:15:24.904,1.5776,1.5778,36.80,6.80
2007.09.04 06:15:24.978,1.5776,1.5778,36.80,0.80
2007.09.04 06:15:25.176,1.5776,1.5779,38.80,28.40
2007.09.04 06:15:25.295,1.5776,1.5779,41.20,45.90
2007.09.04 06:15:26.635,1.5776,1.5779,38.00,45.90
2007.09.04 06:15:26.835,1.5776,1.5779,32.60,44.30
2007.09.04 06:15:27.170,1.5776,1.5779,22.60,40.30
2007.09.04 06:15:27.208,1.5776,1.5778,20.20,0.60
2007.09.04 06:15:27.271,1.5776,1.5778,7.90,34.00
2007.09.04 06:15:27.303,1.5776,1.5778,1.90,34.00
2007.09.04 06:15:27.506,1.5776,1.5778,1.60,34.00
2007.09.04 06:15:27.815,1.5776,1.5777,1.90,0.50
2007.09.04 06:15:27.947,1.5776,1.5777,0.40,0.50
2007.09.04 06:15:28.016,1.5775,1.5778,31.90,31.70
2007.09.04 06:15:28.129,1.5775,1.5777,31.90,0.80
2007.09.04 06:15:28.164,1.5775,1.5778,31.90,32.40
2007.09.04 06:15:28.242,1.5775,1.5778,31.90,29.20
2007.09.04 06:15:28.272,1.5775,1.5778,34.90,44.80
2007.09.04 06:15:28.376,1.5775,1.5779,38.20,53.60
2007.09.04 06:15:28.393,1.5775,1.5779,38.20,53.60
2007.09.04 06:15:28.429,1.5776,1.5779,5.60,53.60
2007.09.04 06:15:28.488,1.5776,1.5778,5.60,0.80
2007.09.04 06:15:28.691,1.5776,1.5778,9.60,0.80
2007.09.04 06:15:28.753,1.5776,1.5778,12.00,0.90
2007.09.04 06:15:28.790,1.5776,1.5778,31.90,0.60
2007.09.04 06:15:28.860,1.5776,1.5778,32.00,0.60
2007.09.04 06:15:28.902,1.5776,1.5779,32.00,23.40
2007.09.04 06:15:29.042,1.5776,1.5778,31.90,0.80
2007.09.04 06:15:29.315,1.5776,1.5778,34.90,0.70
2007.09.04 06:15:29.559,1.5776,1.5778,35.00,0.80
2007.09.04 06:15:30.147,1.5776,1.5779,32.00,40.30
2007.09.04 06:15:33.151,1.5776,1.5777,32.00,0.50
2007.09.04 06:15:33.158,1.5776,1.5777,29.60,0.50
2007.09.04 06:15:33.262,1.5776,1.5777,17.60,0.50
2007.09.04 06:15:33.368,1.5776,1.5778,17.50,18.10
2007.09.04 06:15:33.467,1.5776,1.5778,11.90,18.10
2007.09.04 06:15:33.503,1.5775,1.5777,30.70,0.50
2007.09.04 06:15:33.670,1.5775,1.5777,30.80,0.50
2007.09.04 06:15:36.027,1.5775,1.5779,30.80,39.50
2007.09.04 06:15:36.241,1.5776,1.5778,14.40,0.50
2007.09.04 06:15:36.245,1.5776,1.5779,12.00,35.50
2007.09.04 06:15:36.325,1.5776,1.5778,31.90,0.80
2007.09.04 06:15:36.960,1.5776,1.5779,32.00,24.20
2007.09.04 06:15:37.205,1.5776,1.5777,25.60,0.50
2007.09.04 06:15:37.264,1.5776,1.5777,17.60,0.50
2007.09.04 06:15:37.476,1.5776,1.5777,5.70,0.50
2007.09.04 06:15:37.486,1.5776,1.5778,0.10,32.40
2007.09.04 06:15:37.599,1.5775,1.5778,30.90,32.40
2007.09.04 06:15:37.676,1.5775,1.5777,48.70,1.00
2007.09.04 06:15:37.691,1.5775,1.5777,47.90,1.00
2007.09.04 06:15:37.771,1.5775,1.5777,33.50,1.00
2007.09.04 06:15:37.798,1.5775,1.5776,33.60,0.50
2007.09.04 06:15:37.900,1.5775,1.5776,32.00,0.50
2007.09.04 06:15:38.099,1.5775,1.5776,31.90,0.50
2007.09.04 06:15:39.235,1.5775,1.5777,16.00,36.40
2007.09.04 06:15:40.635,1.5775,1.5776,16.00,0.50
2007.09.04 06:15:41.151,1.5775,1.5776,20.00,4.40
2007.09.04 06:15:41.169,1.5775,1.5776,17.60,4.40
2007.09.04 06:15:41.263,1.5775,1.5776,25.50,0.50
2007.09.04 06:15:41.466,1.5775,1.5776,25.50,0.60
2007.09.04 06:15:42.103,1.5775,1.5776,25.50,0.50
2007.09.04 06:15:42.393,1.5775,1.5777,5.60,35.90
2007.09.04 06:15:42.403,1.5774,1.5777,48.30,35.90
2007.09.04 06:15:42.512,1.5774,1.5777,48.30,36.20
2007.09.04 06:15:42.612,1.5774,1.5776,47.50,0.80
2007.09.04 06:15:42.718,1.5774,1.5776,39.50,0.90
2007.09.04 06:15:42.725,1.5774,1.5777,39.50,52.20
2007.09.04 06:15:42.807,1.5774,1.5777,33.90,52.20
2007.09.04 06:15:43.149,1.5774,1.57765,33.90,14.50
2007.09.04 06:15:44.679,1.5774,1.57765,31.50,15.30
2007.09.04 06:15:44.694,1.5774,1.5776,19.50,23.40
2007.09.04 06:15:45.203,1.5774,1.5776,19.50,27.40
2007.09.04 06:15:45.214,1.5774,1.5776,5.60,33.10
2007.09.04 06:15:45.715,1.5773,1.5776,45.10,33.50
2007.09.04 06:15:45.795,1.5773,1.5776,37.10,33.50
2007.09.04 06:15:45.918,1.5773,1.5775,35.50,0.60
2007.09.04 06:15:46.107,1.5773,1.5775,34.70,0.80
2007.09.04 06:15:46.216,1.5773,1.5774,8.80,0.60
2007.09.04 06:15:46.221,1.5773,1.5775,5.60,38.30
2007.09.04 06:15:47.150,1.5773,1.5774,5.60,0.90
2007.09.04 06:15:48.916,1.5773,1.5775,5.60,38.80
2007.09.04 06:15:49.234,1.5773,1.5775,5.60,31.40
2007.09.04 06:15:49.463,1.5772,1.5774,34.70,0.70
2007.09.04 06:15:49.523,1.5772,1.57745,34.70,13.60
2007.09.04 06:15:49.654,1.5772,1.5774,30.70,0.70
2007.09.04 06:15:49.725,1.5772,1.57745,29.90,21.40
2007.09.04 06:15:49.739,1.5772,1.5774,18.00,0.70
2007.09.04 06:15:49.824,1.5772,1.57745,18.00,35.70
2007.09.04 06:15:49.965,1.5772,1.57745,18.00,35.50
2007.09.04 06:15:50.064,1.5772,1.5773,18.00,0.80
2007.09.04 06:15:50.165,1.5772,1.5773,16.00,0.80
2007.09.04 06:15:52.202,1.5772,1.5774,16.00,39.10
2007.09.04 06:15:54.123,1.5772,1.5773,16.00,2.80
2007.09.04 06:15:54.196,1.5772,1.5773,8.00,10.80
2007.09.04 06:15:54.227,1.5772,1.5773,5.60,13.20
2007.09.04 06:15:54.297,1.5772,1.5773,5.60,29.10
2007.09.04 06:15:54.323,1.5771,1.5773,2.60,29.10
2007.09.04 06:15:54.393,1.5771,1.5773,0.30,29.10
2007.09.04 06:15:54.537,1.577,1.5773,28.00,29.10
2007.09.04 06:15:54.560,1.57705,1.5773,0.30,29.10
2007.09.04 06:15:54.711,1.57705,1.5773,0.30,21.90
2007.09.04 06:15:54.744,1.57705,1.5773,0.30,19.50
2007.09.04 06:15:54.801,1.5771,1.5773,2.70,18.70
2007.09.04 06:15:55.120,1.5771,1.5773,2.40,18.70
2007.09.04 06:15:55.632,1.5771,1.5773,2.40,23.50
2007.09.04 06:15:55.750,1.5771,1.5773,2.40,35.50
2007.09.04 06:15:55.854,1.577,1.5773,29.80,37.90
2007.09.04 06:15:55.896,1.577,1.5773,30.10,37.90
2007.09.04 06:15:56.054,1.577,1.5773,30.10,39.50
2007.09.04 06:15:56.174,1.577,1.5773,30.10,35.10
2007.09.04 06:15:56.196,1.577,1.5773,30.10,34.30
2007.09.04 06:15:56.261,1.577,1.5773,30.10,30.30
2007.09.04 06:15:56.375,1.577,1.5773,32.50,30.30
2007.09.04 06:15:56.387,1.577,1.5773,28.60,27.90
2007.09.04 06:15:56.455,1.577,1.5773,28.20,28.70
2007.09.04 06:15:56.474,1.577,1.5773,28.20,0.80
2007.09.04 06:15:56.673,1.5771,1.5774,4.00,43.50
2007.09.04 06:15:56.728,1.5772,1.5773,5.60,0.60
2007.09.04 06:15:56.787,1.5772,1.5774,17.50,26.00
2007.09.04 06:15:56.993,1.5772,1.5773,17.50,0.80
2007.09.04 06:15:57.096,1.5772,1.5774,17.50,21.60
2007.09.04 06:15:57.193,1.5772,1.5773,27.50,0.80
2007.09.04 06:15:57.225,1.5772,1.5773,29.90,0.80
2007.09.04 06:15:57.537,1.5772,1.5773,30.10,0.80
2007.09.04 06:15:57.725,1.5772,1.5773,18.20,0.80
2007.09.04 06:15:58.157,1.5772,1.5774,15.80,41.10
2007.09.04 06:15:58.206,1.5772,1.5773,5.80,0.60
2007.09.04 06:15:58.261,1.57715,1.5773,1.80,0.90
2007.09.04 06:15:58.410,1.5771,1.5773,33.90,0.60
2007.09.04 06:15:58.674,1.5771,1.5774,34.70,36.00
2007.09.04 06:15:59.176,1.5771,1.5773,25.90,0.80
2007.09.04 06:15:59.228,1.57705,1.5774,0.30,46.70
2007.09.04 06:16:00.611,1.57705,1.5774,0.30,47.50
2007.09.04 06:16:00.690,1.5772,1.5774,8.00,45.50
2007.09.04 06:16:00.704,1.5772,1.5773,16.00,0.90
2007.09.04 06:16:00.810,1.5772,1.5774,16.00,35.50
2007.09.04 06:16:01.230,1.5772,1.5773,18.00,0.80
2007.09.04 06:16:03.087,1.5772,1.5774,18.00,36.30
2007.09.04 06:16:03.182,1.5772,1.5774,10.00,39.30
2007.09.04 06:16:03.211,1.5772,1.5773,7.60,0.90
2007.09.04 06:16:03.301,1.5772,1.5773,7.60,0.50
2007.09.04 06:16:03.406,1.5772,1.5774,7.60,36.90
2007.09.04 06:16:03.721,1.5772,1.5773,5.60,0.70
2007.09.04 06:16:04.022,1.5772,1.5774,5.60,43.30
2007.09.04 06:16:04.086,1.5772,1.5773,5.60,0.60
2007.09.04 06:16:04.110,1.5772,1.5774,5.60,43.30
2007.09.04 06:16:04.190,1.5772,1.5773,5.60,0.60
2007.09.04 06:16:04.370,1.5772,1.5773,5.60,0.50
2007.09.04 06:16:04.439,1.5772,1.5773,5.60,0.80
2007.09.04 06:16:05.744,1.5772,1.5774,6.30,41.70
2007.09.04 06:16:05.852,1.5772,1.5774,6.30,44.30
2007.09.04 06:16:05.872,1.5772,1.5774,6.30,45.90
2007.09.04 06:16:05.944,1.5772,1.5774,5.60,46.70
2007.09.04 06:16:06.197,1.5771,1.5774,33.80,45.90
2007.09.04 06:16:06.244,1.5771,1.5774,34.40,45.90
2007.09.04 06:16:06.288,1.5771,1.5774,22.40,37.00
2007.09.04 06:16:06.314,1.5771,1.5774,23.10,37.00
2007.09.04 06:16:06.368,1.5771,1.5774,25.10,37.00
2007.09.04 06:16:06.491,1.5771,1.5774,24.30,37.00
2007.09.04 06:16:06.691,1.5771,1.5774,24.30,37.00
2007.09.04 06:16:06.715,1.5771,1.5772,23.50,0.50
2007.09.04 06:16:06.795,1.5771,1.5773,11.60,35.50
2007.09.04 06:16:06.893,1.5771,1.5772,7.60,0.50
2007.09.04 06:16:07.000,1.5771,1.5772,7.60,0.60
2007.09.04 06:16:07.057,1.5771,1.5772,7.60,0.70
2007.09.04 06:16:07.203,1.5771,1.5773,5.60,40.30
2007.09.04 06:16:07.860,1.5771,1.5773,7.60,47.50
2007.09.04 06:16:07.875,1.5771,1.5773,7.60,43.50
2007.09.04 06:16:08.245,1.5771,1.5773,5.60,40.90
2007.09.04 06:16:08.746,1.577,1.5773,38.90,39.30
2007.09.04 06:16:08.761,1.577,1.5773,26.90,29.40
2007.09.04 06:16:08.872,1.577,1.5773,24.50,31.80
2007.09.04 06:16:09.693,1.577,1.5773,24.50,33.40
2007.09.04 06:16:09.824,1.577,1.5772,20.50,0.90
2007.09.04 06:16:10.057,1.577,1.5773,20.50,37.80
2007.09.04 06:16:10.101,1.577,1.5772,20.30,0.50
2007.09.04 06:16:10.191,1.577,1.5772,20.30,0.80
2007.09.04 06:16:11.117,1.577,1.5772,14.70,0.70
2007.09.04 06:16:11.536,1.577,1.5773,14.70,45.00
2007.09.04 06:16:11.631,1.577,1.5772,14.70,21.00
2007.09.04 06:16:11.733,1.577,1.5772,14.70,21.80
2007.09.04 06:16:11.768,1.577,1.5771,14.70,0.80
2007.09.04 06:16:12.041,1.577,1.5772,14.70,30.60
2007.09.04 06:16:12.146,1.577,1.5771,13.90,0.70
2007.09.04 06:16:12.167,1.577,1.5772,11.90,36.20
2007.09.04 06:16:12.281,1.5769,1.577,8.50,0.70
2007.09.04 06:16:12.381,1.5769,1.577,0.60,0.90
2007.09.04 06:16:12.399,1.5769,1.577,0.30,0.50
2007.09.04 06:16:12.547,1.5768,1.5771,16.30,54.70
2007.09.04 06:16:12.989,1.5768,1.57705,14.70,14.90
2007.09.04 06:16:13.073,1.5768,1.577,14.70,0.60
2007.09.04 06:16:13.286,1.5768,1.57705,14.70,17.30
2007.09.04 06:16:13.622,1.5768,1.57705,18.70,13.30
2007.09.04 06:16:13.709,1.5768,1.57705,26.70,13.30
2007.09.04 06:16:14.049,1.5768,1.57705,27.30,13.30
2007.09.04 06:16:14.206,1.5768,1.577,27.30,0.50
2007.09.04 06:16:14.241,1.5768,1.57705,39.30,1.00
2007.09.04 06:16:14.419,1.5768,1.57715,39.30,31.50
2007.09.04 06:16:14.622,1.5768,1.57715,39.30,31.10
2007.09.04 06:16:14.650,1.5768,1.57715,39.30,21.10
2007.09.04 06:16:14.724,1.5768,1.57715,39.30,18.70
2007.09.04 06:16:14.747,1.5768,1.57715,39.30,6.80
2007.09.04 06:16:14.863,1.5768,1.57715,39.30,5.20
2007.09.04 06:16:14.968,1.5768,1.57715,41.70,2.90
2007.09.04 06:16:15.070,1.5769,1.57715,1.60,3.70
2007.09.04 06:16:15.144,1.5769,1.5771,1.60,0.80
2007.09.04 06:16:15.164,1.5769,1.57715,10.80,10.10
2007.09.04 06:16:15.251,1.5769,1.57715,16.40,12.50
2007.09.04 06:16:15.275,1.5769,1.57715,32.30,16.50
2007.09.04 06:16:15.313,1.5769,1.57715,32.30,17.30
2007.09.04 06:16:15.347,1.5769,1.5771,32.30,0.80
2007.09.04 06:16:15.373,1.5769,1.5771,24.30,0.90
2007.09.04 06:16:15.443,1.5769,1.5771,18.70,0.50
2007.09.04 06:16:15.498,1.5769,1.5771,18.70,0.80
2007.09.04 06:16:15.735,1.5769,1.5771,15.90,15.20
2007.09.04 06:16:15.752,1.5769,1.5771,15.90,24.00
2007.09.04 06:16:15.792,1.5768,1.5771,25.70,53.00
2007.09.04 06:16:15.904,1.5768,1.5771,27.30,53.80
2007.09.04 06:16:16.190,1.5768,1.5771,24.90,59.40
2007.09.04 06:16:16.288,1.5768,1.577,24.90,0.50
2007.09.04 06:16:16.704,1.5768,1.5771,30.30,57.00
2007.09.04 06:16:16.823,1.5769,1.577,0.60,0.50
2007.09.04 06:16:17.177,1.5769,1.577,1.40,0.50
2007.09.04 06:16:17.230,1.5769,1.577,15.40,0.60
2007.09.04 06:16:17.283,1.5769,1.5772,15.40,44.90
2007.09.04 06:16:17.323,1.5769,1.5772,35.30,27.00
2007.09.04 06:16:17.360,1.5769,1.5772,35.30,26.60
2007.09.04 06:16:17.432,1.5769,1.5772,39.30,26.60
2007.09.04 06:16:17.501,1.5769,1.5772,39.30,26.30
2007.09.04 06:16:17.859,1.5769,1.5772,39.30,0.80
2007.09.04 06:16:18.154,1.577,1.57725,0.60,36.90
2007.09.04 06:16:18.210,1.577,1.5772,0.60,0.50
2007.09.04 06:16:18.272,1.577,1.57725,0.60,30.50
2007.09.04 06:16:18.486,1.5769,1.5772,41.70,0.60
2007.09.04 06:16:18.684,1.577,1.57725,4.60,28.50
2007.09.04 06:16:18.719,1.577,1.57725,4.60,25.30
2007.09.04 06:16:18.780,1.577,1.57725,24.50,3.10
2007.09.04 06:16:18.822,1.577,1.57725,24.50,0.60
2007.09.04 06:16:18.891,1.577,1.5773,28.50,36.30
2007.09.04 06:16:19.015,1.577,1.5773,28.50,0.50
2007.09.04 06:16:19.026,1.577,1.57735,28.50,36.40
2007.09.04 06:16:19.202,1.577,1.5773,23.90,25.10
2007.09.04 06:16:19.241,1.577,1.5772,24.70,0.90
2007.09.04 06:16:19.311,1.577,1.5772,26.70,0.50
2007.09.04 06:16:19.414,1.577,1.5772,18.70,0.80
2007.09.04 06:16:19.726,1.577,1.5773,23.30,51.40
2007.09.04 06:16:19.748,1.577,1.5774,23.30,63.60
2007.09.04 06:16:20.141,1.577,1.5773,23.30,54.70
2007.09.04 06:16:20.239,1.577,1.5772,19.30,0.70
2007.09.04 06:16:20.280,1.577,1.5773,19.30,59.40
2007.09.04 06:16:20.346,1.577,1.5773,19.30,57.40
2007.09.04 06:16:20.378,1.577,1.5772,19.30,0.60
2007.09.04 06:16:20.657,1.577,1.5773,16.70,57.10
2007.09.04 06:16:20.695,1.577,1.5772,15.90,16.40
2007.09.04 06:16:20.777,1.577,1.5772,11.90,25.80
2007.09.04 06:16:21.389,1.5769,1.5771,24.10,0.90
2007.09.04 06:16:21.699,1.577,1.5771,2.00,0.80
2007.09.04 06:16:21.719,1.577,1.5773,2.80,59.30
2007.09.04 06:16:21.825,1.577,1.5773,2.80,56.10
2007.09.04 06:16:21.858,1.577,1.5772,2.80,0.50
2007.09.04 06:16:21.919,1.577,1.5773,2.80,56.10
2007.09.04 06:16:22.014,1.577,1.5772,3.40,0.50
2007.09.04 06:16:22.034,1.577,1.57725,3.40,47.60
2007.09.04 06:16:22.116,1.577,1.57725,3.40,50.00
2007.09.04 06:16:22.140,1.577,1.57725,3.40,49.70
2007.09.04 06:16:22.284,1.577,1.5772,7.40,0.80
2007.09.04 06:16:22.381,1.577,1.5772,7.40,0.70
2007.09.04 06:16:22.435,1.577,1.57725,7.40,36.30
2007.09.04 06:16:22.703,1.577,1.5773,15.30,38.80
2007.09.04 06:16:22.803,1.577,1.5772,15.30,0.70
2007.09.04 06:16:24.690,1.577,1.5772,14.70,16.40
2007.09.04 06:16:24.790,1.577,1.5772,14.70,19.40
2007.09.04 06:16:24.989,1.577,1.5772,14.70,21.80
2007.09.04 06:16:24.999,1.577,1.5772,14.70,23.40
2007.09.04 06:16:25.079,1.577,1.5772,14.70,22.60
2007.09.04 06:16:25.201,1.577,1.5772,14.70,20.60
2007.09.04 06:16:25.215,1.577,1.5772,14.70,21.40
2007.09.04 06:16:25.294,1.577,1.5772,14.70,22.20
2007.09.04 06:16:25.314,1.577,1.5772,14.70,23.00
2007.09.04 06:16:25.607,1.577,1.5772,14.70,22.20
2007.09.04 06:16:25.621,1.577,1.5772,14.70,21.40
2007.09.04 06:16:25.712,1.577,1.5772,15.30,16.80
2007.09.04 06:16:25.729,1.577,1.5772,15.30,15.20
2007.09.04 06:16:25.748,1.577,1.5772,15.30,14.40
2007.09.04 06:16:25.823,1.577,1.5772,19.30,10.40
2007.09.04 06:16:26.278,1.577,1.5772,19.30,12.40
2007.09.04 06:16:27.699,1.577,1.5772,18.50,12.40
2007.09.04 06:16:27.714,1.577,1.5772,11.90,16.40
2007.09.04 06:16:27.784,1.577,1.5771,11.90,2.40
2007.09.04 06:16:27.807,1.577,1.5771,11.90,10.40
2007.09.04 06:16:27.998,1.577,1.5771,12.50,10.40
2007.09.04 06:16:28.225,1.577,1.5772,15.30,22.00
2007.09.04 06:16:28.367,1.577,1.5772,15.30,22.80
2007.09.04 06:16:28.410,1.577,1.5772,15.30,23.60
2007.09.04 06:16:28.691,1.577,1.5772,14.70,23.60
2007.09.04 06:16:29.744,1.577,1.5772,15.30,23.60
2007.09.04 06:16:30.141,1.577,1.5772,14.70,23.60
2007.09.04 06:16:30.669,1.577,1.5772,13.90,24.40
2007.09.04 06:16:30.786,1.577,1.5771,2.00,10.40
2007.09.04 06:16:30.789,1.577,1.5771,2.00,8.00
2007.09.04 06:16:33.688,1.5769,1.5771,49.80,10.40
2007.09.04 06:16:33.899,1.5769,1.5771,48.20,10.40
2007.09.04 06:16:33.972,1.5769,1.5771,48.20,12.00
2007.09.04 06:16:34.101,1.5769,1.5771,50.60,13.60
2007.09.04 06:16:34.162,1.5769,1.5771,50.60,14.40
2007.09.04 06:16:34.211,1.5769,1.5771,48.20,16.40
2007.09.04 06:16:35.003,1.5769,1.5771,48.20,14.80
2007.09.04 06:16:35.008,1.5769,1.5771,48.20,13.20
2007.09.04 06:16:35.035,1.5769,1.5771,48.20,12.40
2007.09.04 06:16:35.107,1.5769,1.5771,49.00,12.40
2007.09.04 06:16:35.204,1.5769,1.5771,48.20,12.40
2007.09.04 06:16:35.622,1.5769,1.5771,47.40,13.20
2007.09.04 06:16:35.733,1.5769,1.577,4.70,10.40
2007.09.04 06:16:35.828,1.5769,1.577,0.10,10.40
2007.09.04 06:16:36.153,1.5769,1.577,0.10,12.40
2007.09.04 06:16:36.674,1.5769,1.577,0.70,12.40
2007.09.04 06:16:37.192,1.5769,1.577,10.70,2.40
2007.09.04 06:16:37.288,1.5769,1.5771,13.10,21.00
2007.09.04 06:16:37.472,1.5769,1.5771,13.10,26.60
2007.09.04 06:16:38.718,1.5769,1.5771,13.10,35.50
2007.09.04 06:16:38.828,1.5769,1.5771,13.10,36.30
2007.09.04 06:16:39.045,1.5769,1.5771,13.10,38.70
2007.09.04 06:16:40.185,1.5769,1.5771,13.10,36.30
2007.09.04 06:16:40.595,1.5768,1.5771,52.40,36.30
2007.09.04 06:16:41.075,1.5769,1.5771,2.90,38.70
2007.09.04 06:16:41.202,1.5768,1.5771,53.40,37.90
2007.09.04 06:16:41.288,1.5769,1.5771,14.40,15.20
2007.09.04 06:16:41.673,1.5769,1.5771,6.10,15.20
2007.09.04 06:16:41.694,1.5769,1.5771,5.60,2.40
2007.09.04 06:16:41.778,1.5769,1.5772,3.90,44.90
2007.09.04 06:16:41.820,1.5769,1.5772,3.90,47.30
2007.09.04 06:16:42.091,1.5768,1.5772,49.70,46.50
2007.09.04 06:16:42.113,1.5768,1.5772,50.50,50.50
2007.09.04 06:16:42.643,1.5768,1.5772,57.70,42.50
2007.09.04 06:16:42.960,1.5768,1.5772,58.50,42.50
2007.09.04 06:16:45.872,1.5768,1.5772,55.90,44.90
2007.09.04 06:16:46.058,1.5768,1.5772,55.60,44.90
2007.09.04 06:16:46.194,1.5768,1.5771,46.20,13.40
2007.09.04 06:16:46.300,1.5768,1.5771,43.80,17.50
2007.09.04 06:16:46.373,1.5768,1.5771,35.80,17.50
2007.09.04 06:16:46.716,1.5769,1.5771,3.50,17.50
2007.09.04 06:16:46.758,1.5769,1.5771,0.60,10.40
2007.09.04 06:16:47.214,1.5768,1.5771,44.60,11.20
2007.09.04 06:16:47.270,1.5768,1.5771,44.60,13.20
2007.09.04 06:16:48.639,1.5769,1.5771,6.30,13.20
2007.09.04 06:16:48.737,1.5768,1.5771,50.10,18.00
2007.09.04 06:16:48.751,1.5768,1.5771,50.10,18.80
2007.09.04 06:16:48.966,1.5768,1.5771,50.10,19.60
2007.09.04 06:16:49.143,1.5769,1.5771,7.40,19.60
2007.09.04 06:16:49.158,1.5769,1.5771,10.80,18.80
2007.09.04 06:16:49.249,1.5769,1.5771,46.40,12.80
2007.09.04 06:16:49.452,1.577,1.5771,0.70,15.20
2007.09.04 06:16:49.569,1.577,1.5771,1.00,12.80
2007.09.04 06:16:49.665,1.5768,1.5771,55.40,14.80
2007.09.04 06:16:49.677,1.5769,1.5771,4.10,14.80
2007.09.04 06:16:49.785,1.5769,1.5771,7.60,14.80
2007.09.04 06:16:51.666,1.5769,1.5771,9.50,14.80
2007.09.04 06:16:51.750,1.5768,1.5771,55.00,12.80
2007.09.04 06:16:51.771,1.5769,1.5771,8.90,12.80
2007.09.04 06:16:51.861,1.5769,1.5771,16.10,12.80
2007.09.04 06:16:52.169,1.57685,1.5771,47.60,15.60
2007.09.04 06:16:52.260,1.57685,1.5771,41.20,16.40
2007.09.04 06:16:52.280,1.57685,1.5771,14.80,34.70
2007.09.04 06:16:52.855,1.5769,1.5771,4.70,34.00
2007.09.04 06:16:52.878,1.5769,1.5771,1.60,33.20
2007.09.04 06:16:53.069,1.5768,1.5771,54.10,32.40
2007.09.04 06:16:53.087,1.5768,1.5771,54.10,31.60
2007.09.04 06:16:53.170,1.5769,1.5771,2.70,27.60
2007.09.04 06:16:53.182,1.5769,1.5771,8.70,26.80
2007.09.04 06:16:53.262,1.5769,1.5771,10.80,14.90
2007.09.04 06:16:53.371,1.5768,1.5771,46.60,12.50
2007.09.04 06:16:53.784,1.5769,1.5771,11.90,15.50
2007.09.04 06:16:55.451,1.5769,1.5771,14.60,15.40
2007.09.04 06:16:56.672,1.5769,1.5771,1.80,15.40
2007.09.04 06:16:56.694,1.5769,1.5771,16.50,13.40
2007.09.04 06:16:57.222,1.5769,1.5771,48.00,13.40
2007.09.04 06:16:59.667,1.5769,1.5771,45.60,10.40
2007.09.04 06:17:00.171,1.57685,1.5771,29.20,25.10
2007.09.04 06:17:00.177,1.5769,1.5771,6.30,25.10
2007.09.04 06:17:00.500,1.57685,1.5771,21.20,27.50
2007.09.04 06:17:00.715,1.5768,1.5771,34.00,32.30
2007.09.04 06:17:01.117,1.5768,1.5771,52.50,34.70
2007.09.04 06:17:01.224,1.5768,1.5771,51.70,32.30
2007.09.04 06:17:02.025,1.5769,1.5771,2.90,33.10
2007.09.04 06:17:02.052,1.5768,1.5771,51.70,33.90
2007.09.04 06:17:02.229,1.5768,1.5771,51.70,34.70
2007.09.04 06:17:03.142,1.5769,1.5771,1.50,37.10
2007.09.04 06:17:03.191,1.5768,1.5771,54.10,37.10
2007.09.04 06:17:03.294,1.5768,1.5771,52.70,41.10
2007.09.04 06:17:03.705,1.5768,1.577,51.10,2.00
2007.09.04 06:17:05.141,1.5768,1.5771,51.90,33.90
2007.09.04 06:17:05.224,1.5768,1.5771,46.40,18.00
2007.09.04 06:17:05.355,1.5769,1.5771,5.60,15.60
2007.09.04 06:17:06.188,1.5769,1.5771,3.30,15.60
2007.09.04 06:17:07.627,1.5769,1.5771,14.60,16.40
2007.09.04 06:17:07.733,1.5768,1.5771,36.40,34.70
2007.09.04 06:17:07.830,1.5769,1.5771,1.30,33.90
2007.09.04 06:17:07.866,1.5768,1.5771,34.00,33.10
2007.09.04 06:17:08.034,1.5769,1.5771,16.40,32.30
2007.09.04 06:17:15.186,1.5769,1.5771,28.40,19.60
2007.09.04 06:17:15.409,1.5769,1.5771,28.40,13.20
2007.09.04 06:17:20.676,1.5769,1.5771,28.40,14.00
2007.09.04 06:17:20.761,1.5769,1.5771,16.40,28.30
2007.09.04 06:17:21.801,1.5769,1.5771,16.40,28.40
2007.09.04 06:17:22.018,1.5769,1.5771,16.40,28.30
2007.09.04 06:17:22.128,1.5769,1.5771,16.40,30.00
2007.09.04 06:17:24.151,1.5769,1.5771,16.40,29.90
2007.09.04 06:17:24.259,1.5769,1.5771,16.40,28.30
2007.09.04 06:17:26.658,1.5769,1.577,14.40,2.00
2007.09.04 06:17:29.724,1.5769,1.577,2.40,10.00
2007.09.04 06:17:29.734,1.5769,1.577,0.10,12.40
2007.09.04 06:17:31.656,1.5769,1.577,2.40,10.00
2007.09.04 06:17:31.809,1.5769,1.577,14.40,2.00
2007.09.04 06:17:32.636,1.5769,1.577,10.40,2.00
2007.09.04 06:17:32.690,1.5769,1.577,8.00,4.40
2007.09.04 06:17:32.725,1.5769,1.577,0.10,12.40
2007.09.04 06:17:35.177,1.5769,1.577,2.40,10.00
2007.09.04 06:17:35.233,1.5769,1.577,14.40,2.00
2007.09.04 06:17:39.958,1.5769,1.5771,14.40,44.00
2007.09.04 06:17:41.008,1.5769,1.5771,15.20,35.90
2007.09.04 06:17:41.101,1.5769,1.5772,15.20,56.00
2007.09.04 06:17:41.235,1.577,1.5772,2.40,43.50
2007.09.04 06:17:41.310,1.577,1.5772,14.40,26.70
2007.09.04 06:17:41.333,1.577,1.5771,14.40,0.80
2007.09.04 06:17:41.696,1.577,1.5772,2.40,24.80
2007.09.04 06:17:41.759,1.5769,1.5772,40.80,28.00
2007.09.04 06:17:41.794,1.5769,1.5772,42.40,39.40
2007.09.04 06:17:42.221,1.5769,1.5771,44.40,0.60
2007.09.04 06:17:42.336,1.5769,1.5772,36.40,32.60
2007.09.04 06:17:42.367,1.5769,1.5772,30.80,39.30
2007.09.04 06:17:42.754,1.5769,1.5772,29.20,39.30
2007.09.04 06:17:43.165,1.577,1.5772,12.00,51.70
2007.09.04 06:17:43.196,1.577,1.5772,14.40,48.50
2007.09.04 06:17:45.264,1.5769,1.5772,44.40,32.60
2007.09.04 06:17:45.356,1.5769,1.5772,30.80,38.20
2007.09.04 06:17:45.858,1.5769,1.5772,29.20,38.20
2007.09.04 06:17:46.167,1.5769,1.5771,32.20,0.80
2007.09.04 06:17:46.188,1.577,1.5772,2.40,35.80
2007.09.04 06:17:47.098,1.577,1.5771,14.40,0.50
2007.09.04 06:17:49.191,1.577,1.5772,14.40,39.40
2007.09.04 06:17:49.256,1.5771,1.57725,0.80,30.90
2007.09.04 06:17:49.287,1.5771,1.57725,0.80,28.50
2007.09.04 06:17:49.353,1.5771,1.57725,0.80,16.60
2007.09.04 06:17:49.559,1.5771,1.5773,0.80,32.80
2007.09.04 06:17:49.599,1.5771,1.5773,0.80,26.10
2007.09.04 06:17:49.656,1.5772,1.5773,4.20,37.20
2007.09.04 06:17:49.767,1.5772,1.5774,8.00,6.70
2007.09.04 06:17:49.799,1.5772,1.5774,8.00,7.40
2007.09.04 06:17:49.863,1.5772,1.5774,8.00,6.30
2007.09.04 06:17:49.996,1.5772,1.5774,8.00,5.30
2007.09.04 06:17:50.107,1.5772,1.57745,8.00,5.30
2007.09.04 06:17:50.287,1.5772,1.5775,4.00,24.90
2007.09.04 06:17:50.698,1.5773,1.5774,0.30,0.70
2007.09.04 06:17:50.811,1.5773,1.5775,0.30,0.70
2007.09.04 06:17:50.895,1.5773,1.5776,0.30,52.70
2007.09.04 06:17:51.016,1.5774,1.5775,0.30,0.80
2007.09.04 06:17:51.141,1.5774,1.5775,0.30,0.50
2007.09.04 06:17:51.225,1.5774,1.5775,0.30,0.50
2007.09.04 06:17:51.249,1.5774,1.5775,0.30,0.50
2007.09.04 06:17:51.315,1.5774,1.5776,0.30,0.50
2007.09.04 06:17:51.335,1.5774,1.5777,0.30,17.70
2007.09.04 06:17:51.654,1.5774,1.5776,2.60,2.00
2007.09.04 06:17:51.736,1.5774,1.5775,38.30,0.40
2007.09.04 06:17:51.965,1.5774,1.5776,43.90,0.80
2007.09.04 06:17:51.996,1.5774,1.5777,43.90,27.90
2007.09.04 06:17:52.060,1.5774,1.5777,44.10,24.70
2007.09.04 06:17:52.262,1.5774,1.5777,38.50,0.60
2007.09.04 06:17:52.283,1.5774,1.5777,38.50,26.30
2007.09.04 06:17:52.297,1.5774,1.5777,14.60,0.70
2007.09.04 06:17:52.313,1.5774,1.57775,14.60,31.60
2007.09.04 06:17:52.359,1.5774,1.57775,14.60,40.00
2007.09.04 06:17:52.486,1.5774,1.5777,14.60,0.90
2007.09.04 06:17:52.512,1.5774,1.57775,14.60,38.40
2007.09.04 06:17:52.684,1.5774,1.5777,14.40,43.80
2007.09.04 06:17:52.777,1.5775,1.5777,4.00,36.60
2007.09.04 06:17:52.796,1.5775,1.5776,4.00,0.90
2007.09.04 06:17:52.889,1.5774,1.5777,43.90,39.80
2007.09.04 06:17:53.187,1.5774,1.5777,12.00,39.50
2007.09.04 06:17:53.196,1.5774,1.5776,4.00,0.50
2007.09.04 06:17:53.293,1.5773,1.5776,42.90,0.60
2007.09.04 06:17:53.403,1.5773,1.5776,42.90,0.60
2007.09.04 06:17:53.535,1.5773,1.5776,40.50,0.60
2007.09.04 06:17:53.609,1.5773,1.5776,40.50,0.90
2007.09.04 06:17:53.705,1.5773,1.57765,40.50,19.10
2007.09.04 06:17:53.715,1.5773,1.5776,40.50,0.80
2007.09.04 06:17:53.832,1.5773,1.5777,42.90,34.40
2007.09.04 06:17:53.913,1.5773,1.5776,46.90,0.80
2007.09.04 06:17:54.206,1.5773,1.5776,46.90,0.80
2007.09.04 06:17:54.231,1.5773,1.5777,46.90,38.30
2007.09.04 06:17:54.336,1.5773,1.5776,44.50,0.50
2007.09.04 06:17:54.414,1.5773,1.57765,38.90,30.90
2007.09.04 06:17:55.035,1.5773,1.57765,38.90,31.20
2007.09.04 06:17:55.132,1.5773,1.5776,38.90,0.80
2007.09.04 06:17:55.250,1.5773,1.5776,38.90,0.90
2007.09.04 06:17:55.642,1.5773,1.5776,38.10,32.80
2007.09.04 06:17:55.676,1.5773,1.5775,38.10,0.80
2007.09.04 06:17:55.775,1.5773,1.5775,30.10,0.90
2007.09.04 06:17:55.855,1.5773,1.5776,23.70,49.60
2007.09.04 06:17:56.075,1.5773,1.5775,23.50,0.70
2007.09.04 06:17:56.191,1.5773,1.5775,23.50,0.50
2007.09.04 06:17:56.200,1.5773,1.5775,23.50,0.80
2007.09.04 06:17:56.284,1.5773,1.5776,23.70,35.70
2007.09.04 06:18:00.192,1.5773,1.5776,23.50,36.50
2007.09.04 06:18:00.306,1.5773,1.5776,23.50,37.30
2007.09.04 06:18:00.723,1.5773,1.57755,5.60,45.70
2007.09.04 06:18:00.789,1.5772,1.57755,5.80,45.70
2007.09.04 06:18:01.326,1.5772,1.57755,5.60,45.70
2007.09.04 06:18:01.750,1.5772,1.57755,5.60,42.70
2007.09.04 06:18:01.871,1.5772,1.5775,5.60,41.10
2007.09.04 06:18:01.958,1.5772,1.5774,4.00,0.80
2007.09.04 06:18:02.064,1.5772,1.57755,4.00,42.70
2007.09.04 06:18:02.168,1.5772,1.57755,4.20,42.70
2007.09.04 06:18:02.218,1.5772,1.57755,6.60,42.70
2007.09.04 06:18:02.284,1.5773,1.57755,4.00,45.70
2007.09.04 06:18:02.694,1.5772,1.57755,34.50,34.70
2007.09.04 06:18:02.787,1.5772,1.57755,38.30,30.70
2007.09.04 06:18:02.824,1.5772,1.57755,43.90,30.70
2007.09.04 06:18:02.913,1.5772,1.5775,46.30,0.60
2007.09.04 06:18:03.212,1.5772,1.5775,48.30,0.60
2007.09.04 06:18:03.253,1.5772,1.5775,49.10,0.90
2007.09.04 06:18:03.328,1.5772,1.5775,49.10,0.80
2007.09.04 06:18:03.661,1.5772,1.5775,48.30,31.50
2007.09.04 06:18:03.734,1.5772,1.5774,36.30,0.90
2007.09.04 06:18:03.843,1.5772,1.5774,33.90,0.60
2007.09.04 06:18:04.045,1.5772,1.5775,34.10,50.70
2007.09.04 06:18:04.165,1.5773,1.5775,4.00,50.70
2007.09.04 06:18:04.178,1.5773,1.5775,4.00,48.30
2007.09.04 06:18:04.251,1.5773,1.5775,4.00,45.90
2007.09.04 06:18:05.715,1.5773,1.5774,9.60,0.60
2007.09.04 06:18:05.765,1.5773,1.5775,9.60,0.50
2007.09.04 06:18:05.814,1.5773,1.5775,9.60,0.70
2007.09.04 06:18:05.863,1.5773,1.5775,9.60,0.60
2007.09.04 06:18:06.086,1.5773,1.5776,9.60,46.70
2007.09.04 06:18:06.159,1.5773,1.5775,11.60,0.70
2007.09.04 06:18:06.282,1.5773,1.5775,11.60,0.80
2007.09.04 06:18:06.347,1.5773,1.57755,11.60,39.70
2007.09.04 06:18:06.439,1.5773,1.57755,11.60,40.30
2007.09.04 06:18:06.646,1.5773,1.5774,11.60,0.80
2007.09.04 06:18:06.711,1.5773,1.5775,9.60,39.50
2007.09.04 06:18:06.752,1.5773,1.5775,4.00,39.50
2007.09.04 06:18:06.789,1.5772,1.5774,38.10,0.90
2007.09.04 06:18:06.904,1.5772,1.5775,35.70,32.00
2007.09.04 06:18:07.164,1.5772,1.5774,36.50,0.90
2007.09.04 06:18:07.209,1.5772,1.5775,44.50,0.50
2007.09.04 06:18:07.321,1.5772,1.5776,48.50,49.90
2007.09.04 06:18:07.343,1.5772,1.5775,48.50,0.80
2007.09.04 06:18:08.038,1.5772,1.57755,49.30,32.30
2007.09.04 06:18:08.666,1.5773,1.57755,4.00,32.30
2007.09.04 06:18:09.111,1.5773,1.5775,4.00,0.80
2007.09.04 06:18:09.189,1.5773,1.5776,4.00,52.00
2007.09.04 06:18:10.754,1.5772,1.5775,48.50,37.90
2007.09.04 06:18:10.867,1.5772,1.5775,48.50,32.30
2007.09.04 06:18:10.908,1.5772,1.5775,48.50,29.90
2007.09.04 06:18:10.943,1.5772,1.5775,48.50,30.70
2007.09.04 06:18:11.064,1.5772,1.5775,48.30,31.50
2007.09.04 06:18:11.165,1.5772,1.5775,48.30,32.30
2007.09.04 06:18:12.061,1.5772,1.5775,46.70,32.30
2007.09.04 06:18:13.011,1.5772,1.5775,46.70,33.10
2007.09.04 06:18:13.140,1.5772,1.5775,46.70,33.90
2007.09.04 06:18:16.774,1.5772,1.5775,46.70,33.30
2007.09.04 06:18:17.020,1.5772,1.5775,46.70,33.90
2007.09.04 06:18:19.024,1.5772,1.5775,46.90,33.90
2007.09.04 06:18:19.271,1.5773,1.5775,4.00,38.90
2007.09.04 06:18:19.379,1.5773,1.5775,4.00,40.80
2007.09.04 06:18:19.713,1.5773,1.5775,4.00,40.30
2007.09.04 06:18:21.666,1.5773,1.5775,4.00,38.70
2007.09.04 06:18:21.683,1.5773,1.5775,4.00,37.10
2007.09.04 06:18:21.818,1.5773,1.5775,4.00,31.50
2007.09.04 06:18:21.983,1.5773,1.5775,4.00,28.30
2007.09.04 06:18:22.030,1.5773,1.5775,4.00,27.50
2007.09.04 06:18:22.995,1.5773,1.5775,4.20,27.50
2007.09.04 06:18:23.196,1.5773,1.5775,9.80,27.50
2007.09.04 06:18:23.212,1.5773,1.5775,23.70,13.20
2007.09.04 06:18:24.726,1.5774,1.5775,0.30,13.20
2007.09.04 06:18:28.769,1.5773,1.5775,23.70,13.20
2007.09.04 06:18:34.133,1.5773,1.5775,24.50,12.40
2007.09.04 06:18:36.215,1.5774,1.5775,8.00,4.40
2007.09.04 06:18:36.243,1.5774,1.5775,10.40,2.00
2007.09.04 06:18:36.444,1.5774,1.5775,16.00,2.00
2007.09.04 06:18:42.222,1.5774,1.5775,13.60,4.40
2007.09.04 06:18:42.237,1.5774,1.5775,5.60,12.40
2007.09.04 06:18:42.421,1.5773,1.5775,34.10,12.40
2007.09.04 06:18:42.463,1.5773,1.5775,13.80,12.40
2007.09.04 06:18:42.504,1.5773,1.5775,9.70,12.40
2007.09.04 06:18:43.143,1.5772,1.5775,39.50,12.40
2007.09.04 06:18:46.195,1.5772,1.5775,40.10,12.40
2007.09.04 06:18:46.612,1.5773,1.5775,0.60,12.40
2007.09.04 06:18:46.729,1.5773,1.5775,1.80,13.20
2007.09.04 06:18:46.738,1.5772,1.5775,38.50,14.00
2007.09.04 06:18:47.062,1.5772,1.5775,38.50,13.20
2007.09.04 06:18:47.168,1.5773,1.5775,10.30,14.00
2007.09.04 06:18:53.902,1.5773,1.5775,10.80,14.80
2007.09.04 06:18:53.914,1.5772,1.5775,40.50,15.60
2007.09.04 06:18:54.122,1.5772,1.5775,40.50,16.40
2007.09.04 06:18:56.311,1.5773,1.5775,8.60,17.00
2007.09.04 06:18:56.382,1.5773,1.5775,9.80,17.70
2007.09.04 06:18:56.488,1.5772,1.5775,37.90,18.30
2007.09.04 06:18:58.728,1.5773,1.5775,2.30,17.50
2007.09.04 06:18:58.746,1.5772,1.5775,37.90,16.70
2007.09.04 06:18:59.056,1.5772,1.5775,40.30,15.90
2007.09.04 06:19:02.190,1.5772,1.5775,48.90,27.80
2007.09.04 06:19:02.251,1.5773,1.5775,2.10,27.80
2007.09.04 06:19:02.317,1.5772,1.5775,44.10,31.80
2007.09.04 06:19:03.261,1.5773,1.5775,1.90,27.80
2007.09.04 06:19:03.467,1.5772,1.5775,49.30,30.20
2007.09.04 06:19:04.902,1.5773,1.5775,2.00,29.60
2007.09.04 06:19:04.941,1.5773,1.5775,1.20,28.90
2007.09.04 06:19:05.052,1.5772,1.5775,48.50,30.30
2007.09.04 06:19:05.106,1.5773,1.5775,2.30,31.70
2007.09.04 06:19:05.160,1.5772,1.5775,48.50,32.40
2007.09.04 06:19:08.634,1.5771,1.5775,55.70,39.40
2007.09.04 06:19:08.744,1.5771,1.5774,55.70,10.40
2007.09.04 06:19:09.438,1.5771,1.5774,55.70,11.70
2007.09.04 06:19:09.486,1.5772,1.5774,11.20,11.70
2007.09.04 06:19:09.708,1.5771,1.5774,47.70,12.50
2007.09.04 06:19:09.905,1.5772,1.5774,38.70,12.50
2007.09.04 06:19:10.022,1.5772,1.5774,38.70,14.90
2007.09.04 06:19:10.158,1.5772,1.5774,37.90,15.70
2007.09.04 06:19:10.234,1.5772,1.5774,19.90,22.10
2007.09.04 06:19:10.269,1.5772,1.5774,17.50,22.10
2007.09.04 06:19:10.372,1.5772,1.5774,11.90,22.10
2007.09.04 06:19:10.449,1.5771,1.5774,31.00,34.00
2007.09.04 06:19:10.484,1.5771,1.5774,31.00,32.60
2007.09.04 06:19:10.531,1.5771,1.5774,31.00,34.00
2007.09.04 06:19:10.550,1.5771,1.5774,48.50,34.00
2007.09.04 06:19:10.675,1.5771,1.5774,48.50,35.40
2007.09.04 06:19:10.879,1.5771,1.5774,46.90,35.40
2007.09.04 06:19:11.081,1.5771,1.5774,49.30,35.40
2007.09.04 06:19:15.985,1.5771,1.5774,49.30,36.20
2007.09.04 06:19:16.019,1.5771,1.5774,49.30,37.00
2007.09.04 06:19:16.096,1.5771,1.5774,49.10,37.00
2007.09.04 06:19:16.118,1.5771,1.5774,48.30,37.00
2007.09.04 06:19:16.154,1.5771,1.5774,48.30,37.80
2007.09.04 06:19:16.223,1.5771,1.5773,46.30,11.00
2007.09.04 06:19:16.232,1.5771,1.5773,46.30,13.40
2007.09.04 06:19:16.326,1.5771,1.5773,39.90,13.40
2007.09.04 06:19:16.437,1.5771,1.5773,31.90,14.90
2007.09.04 06:19:16.485,1.5771,1.5773,31.90,16.50
2007.09.04 06:19:16.630,1.5771,1.5773,31.90,18.00
2007.09.04 06:19:16.741,1.5771,1.5773,31.90,15.60
2007.09.04 06:19:16.773,1.5771,1.5773,31.90,3.00
2007.09.04 06:19:16.849,1.5771,1.5773,31.90,1.50
2007.09.04 06:19:16.978,1.5771,1.5774,31.90,46.20
2007.09.04 06:19:17.284,1.5771,1.5774,39.90,30.30
2007.09.04 06:19:17.358,1.5771,1.5774,39.90,31.80
2007.09.04 06:19:18.147,1.5771,1.5774,39.90,39.70
2007.09.04 06:19:21.645,1.5771,1.5774,31.90,39.70
2007.09.04 06:19:21.669,1.5771,1.5774,29.50,39.70
2007.09.04 06:19:21.764,1.5771,1.5773,25.50,1.40
2007.09.04 06:19:21.867,1.5771,1.5773,25.50,2.80
2007.09.04 06:19:21.989,1.5771,1.5773,19.90,2.80
2007.09.04 06:19:22.186,1.5771,1.5773,19.90,4.20
2007.09.04 06:19:22.401,1.577,1.5773,34.90,4.20
2007.09.04 06:19:22.618,1.577,1.5773,34.90,5.00
2007.09.04 06:19:22.692,1.577,1.5773,34.90,7.40
2007.09.04 06:19:22.736,1.577,1.5773,34.70,22.40
2007.09.04 06:19:22.833,1.577,1.5773,32.30,24.80
2007.09.04 06:19:22.892,1.577,1.57725,32.30,1.40
2007.09.04 06:19:23.103,1.577,1.5772,32.30,1.40
2007.09.04 06:19:23.169,1.577,1.5772,32.50,1.40
2007.09.04 06:19:23.220,1.5771,1.5772,2.40,1.40
2007.09.04 06:19:23.286,1.5771,1.5772,14.40,1.40
2007.09.04 06:19:23.391,1.5771,1.5772,26.30,1.40
2007.09.04 06:19:23.525,1.5771,1.5773,26.30,18.60
2007.09.04 06:19:23.700,1.5771,1.5773,22.30,27.40
2007.09.04 06:19:23.718,1.5771,1.5772,19.90,2.40
2007.09.04 06:19:23.818,1.577,1.5772,34.10,10.40
2007.09.04 06:19:24.025,1.577,1.5772,33.90,10.40
2007.09.04 06:19:24.125,1.577,1.5772,33.90,11.40
2007.09.04 06:19:24.277,1.577,1.5772,33.90,14.50
2007.09.04 06:19:24.439,1.577,1.5772,28.30,15.50
2007.09.04 06:19:24.451,1.577,1.5772,20.30,15.50
2007.09.04 06:19:24.868,1.577,1.5772,18.70,15.50
2007.09.04 06:19:25.108,1.577,1.5772,18.90,15.50
2007.09.04 06:19:25.656,1.577,1.5772,18.70,15.50
2007.09.04 06:19:27.550,1.577,1.5772,24.30,15.50
2007.09.04 06:19:28.677,1.577,1.5772,24.30,16.30
2007.09.04 06:19:29.698,1.577,1.5772,23.50,16.30
2007.09.04 06:19:29.771,1.577,1.5772,19.50,23.30
2007.09.04 06:19:29.794,1.577,1.5773,19.50,38.50
2007.09.04 06:19:29.983,1.577,1.5773,19.50,39.30
2007.09.04 06:19:30.182,1.577,1.5773,23.50,41.90
2007.09.04 06:19:32.300,1.577,1.5773,23.50,36.70
2007.09.04 06:19:32.603,1.577,1.5772,23.50,0.50
2007.09.04 06:19:32.846,1.577,1.5773,23.70,35.90
2007.09.04 06:19:32.948,1.577,1.5773,23.50,35.90
2007.09.04 06:19:33.360,1.577,1.5773,23.70,35.90
2007.09.04 06:19:33.696,1.577,1.5773,23.70,46.20
2007.09.04 06:19:33.739,1.577,1.5772,23.70,0.60
2007.09.04 06:19:33.795,1.577,1.5773,34.10,9.50
2007.09.04 06:19:33.925,1.577,1.5772,34.10,0.70
2007.09.04 06:19:34.060,1.577,1.5773,34.10,2.20
2007.09.04 06:19:34.131,1.577,1.5773,38.90,2.20
2007.09.04 06:19:34.211,1.5771,1.5773,7.20,0.50
2007.09.04 06:19:34.231,1.5771,1.5774,39.10,39.30
2007.09.04 06:19:34.263,1.5771,1.5774,39.10,0.90
2007.09.04 06:19:34.341,1.5771,1.5774,39.10,0.70
2007.09.04 06:19:34.422,1.5771,1.5774,39.10,0.90
2007.09.04 06:19:34.479,1.5771,1.5774,39.10,36.00
2007.09.04 06:19:34.994,1.5771,1.57735,39.30,0.60
2007.09.04 06:19:35.111,1.5771,1.5774,39.10,34.40
2007.09.04 06:19:35.148,1.5771,1.5774,39.90,35.20
2007.09.04 06:19:35.239,1.5771,1.5774,41.90,37.20
2007.09.04 06:19:35.329,1.5771,1.5774,44.50,37.20
2007.09.04 06:19:37.720,1.5772,1.5774,2.40,36.40
2007.09.04 06:19:37.769,1.5772,1.57735,14.60,0.60
2007.09.04 06:19:37.954,1.5772,1.5774,14.60,0.60
2007.09.04 06:19:38.113,1.5772,1.57745,15.40,28.90
2007.09.04 06:19:38.195,1.5773,1.57745,4.00,7.00
2007.09.04 06:19:38.234,1.5773,1.5774,4.00,0.70
2007.09.04 06:19:38.289,1.5773,1.5775,4.00,0.80
2007.09.04 06:19:38.329,1.5773,1.5774,4.00,0.60
2007.09.04 06:19:38.533,1.5773,1.57755,4.00,37.50
2007.09.04 06:19:38.829,1.5773,1.57755,4.00,35.90
2007.09.04 06:19:38.975,1.5773,1.57755,4.00,36.50
2007.09.04 06:19:40.082,1.5773,1.57755,4.00,35.70
2007.09.04 06:19:40.211,1.5773,1.5775,4.00,0.70
2007.09.04 06:19:40.228,1.5773,1.57755,4.00,19.50
2007.09.04 06:19:40.273,1.5773,1.57755,4.00,17.10
2007.09.04 06:19:40.298,1.5773,1.57755,4.00,16.50
2007.09.04 06:19:40.319,1.5773,1.5776,4.00,49.50
2007.09.04 06:19:40.625,1.5773,1.5774,4.00,0.70
2007.09.04 06:19:40.732,1.5772,1.5775,46.10,15.20
2007.09.04 06:19:40.856,1.5772,1.5774,50.90,0.50
2007.09.04 06:19:40.923,1.5772,1.5774,50.90,0.80
2007.09.04 06:19:41.073,1.5772,1.5775,47.70,20.80
2007.09.04 06:19:41.130,1.5772,1.5775,47.70,22.40
2007.09.04 06:19:41.171,1.5772,1.5775,47.50,33.20
2007.09.04 06:19:41.229,1.5772,1.5775,47.50,36.40
2007.09.04 06:19:41.296,1.5772,1.5775,39.50,37.00
2007.09.04 06:19:41.363,1.5772,1.5774,39.50,0.60
2007.09.04 06:19:41.397,1.5772,1.5774,35.50,0.50
2007.09.04 06:19:41.650,1.5772,1.5774,34.70,0.60
2007.09.04 06:19:41.730,1.5772,1.57745,8.80,35.00
2007.09.04 06:19:41.746,1.5772,1.5774,1.60,0.80
2007.09.04 06:19:41.820,1.5771,1.57745,43.70,41.40
2007.09.04 06:19:41.842,1.5771,1.5774,43.70,0.70
2007.09.04 06:19:42.115,1.5771,1.57745,43.70,41.40
2007.09.04 06:19:42.159,1.5771,1.57745,43.50,40.70
2007.09.04 06:19:42.889,1.5771,1.57745,41.90,40.70
2007.09.04 06:19:43.284,1.5771,1.57745,41.90,41.40
2007.09.04 06:19:43.337,1.5771,1.5774,41.90,39.60
2007.09.04 06:19:44.371,1.5771,1.5774,42.10,39.60
2007.09.04 06:19:44.699,1.5771,1.57735,41.90,0.60
2007.09.04 06:19:49.103,1.5771,1.5773,41.90,0.80
2007.09.04 06:19:49.124,1.5771,1.57735,41.10,1.40
2007.09.04 06:19:49.219,1.5771,1.57735,33.10,9.40
2007.09.04 06:19:49.232,1.5771,1.57735,25.90,11.80
2007.09.04 06:19:49.329,1.577,1.5774,43.70,48.50
2007.09.04 06:19:49.528,1.577,1.5774,42.10,48.50
2007.09.04 06:19:49.548,1.577,1.5773,39.70,28.30
2007.09.04 06:19:49.744,1.577,1.57725,39.70,1.20
2007.09.04 06:19:49.816,1.577,1.5772,31.70,0.60
2007.09.04 06:19:51.010,1.5771,1.57725,0.80,1.20
2007.09.04 06:19:51.125,1.5771,1.5772,3.20,0.60
2007.09.04 06:19:51.208,1.5771,1.57725,6.40,1.20
2007.09.04 06:19:51.219,1.5771,1.5772,40.30,0.60
2007.09.04 06:19:51.313,1.5772,1.5773,4.80,0.80
2007.09.04 06:19:51.322,1.5772,1.57735,4.80,13.80
2007.09.04 06:19:52.440,1.5772,1.5773,5.60,0.90
2007.09.04 06:19:53.202,1.5772,1.57735,7.60,11.80
2007.09.04 06:19:53.414,1.5772,1.5773,7.60,0.60
2007.09.04 06:19:53.679,1.5772,1.57735,2.00,11.00
2007.09.04 06:19:53.739,1.5771,1.57735,37.10,13.60
2007.09.04 06:19:53.862,1.5771,1.5773,37.10,0.90
2007.09.04 06:19:53.972,1.5771,1.5773,37.10,0.80
2007.09.04 06:19:54.060,1.5771,1.5774,34.70,34.90
2007.09.04 06:19:56.656,1.5771,1.5773,35.50,0.60
2007.09.04 06:19:56.719,1.5772,1.5773,5.60,0.90
2007.09.04 06:19:56.769,1.5772,1.5773,5.60,0.70
2007.09.04 06:19:56.947,1.5772,1.57735,5.60,11.00
2007.09.04 06:19:57.181,1.5772,1.5773,7.60,10.40
2007.09.04 06:20:00.201,1.5772,1.5773,7.60,11.00
2007.09.04 06:20:00.215,1.5772,1.5773,5.60,13.00
2007.09.04 06:20:00.229,1.5771,1.5773,45.10,13.00
2007.09.04 06:20:00.314,1.5771,1.5773,34.70,13.60
2007.09.04 06:20:00.442,1.5771,1.5773,34.70,14.30
2007.09.04 06:20:11.790,1.5771,1.5773,34.70,13.60
2007.09.04 06:20:11.971,1.5771,1.5773,34.70,13.00
2007.09.04 06:20:11.998,1.5771,1.5773,34.70,12.40
2007.09.04 06:20:12.219,1.5771,1.5773,34.90,12.40
2007.09.04 06:20:13.704,1.5771,1.5773,37.90,12.40
2007.09.04 06:20:14.760,1.5771,1.5773,39.50,12.40
2007.09.04 06:20:15.180,1.5771,1.5773,36.50,12.40
2007.09.04 06:20:15.813,1.5771,1.5773,34.90,12.40
2007.09.04 06:20:16.254,1.5771,1.5773,37.90,12.40
2007.09.04 06:20:16.868,1.5771,1.5773,39.50,12.40
2007.09.04 06:20:17.194,1.5771,1.5773,39.30,12.40
2007.09.04 06:20:17.307,1.5771,1.5773,36.50,12.40
2007.09.04 06:20:17.405,1.5771,1.5773,36.30,12.40
2007.09.04 06:20:17.821,1.5771,1.5773,34.70,12.40
2007.09.04 06:20:20.503,1.5771,1.57735,34.70,13.00
2007.09.04 06:20:22.327,1.5771,1.57735,34.70,13.50
2007.09.04 06:20:22.347,1.5771,1.57735,34.70,14.00
2007.09.04 06:20:22.431,1.5771,1.5773,34.70,0.70
2007.09.04 06:20:23.163,1.5771,1.5774,37.70,34.30
2007.09.04 06:20:23.254,1.5771,1.5774,37.90,34.30
2007.09.04 06:20:25.789,1.5771,1.5773,39.50,0.80
2007.09.04 06:20:27.154,1.5772,1.5774,2.40,33.50
2007.09.04 06:20:27.258,1.5772,1.5774,6.40,55.00
2007.09.04 06:20:27.271,1.5772,1.5773,6.40,0.50
2007.09.04 06:20:27.349,1.5772,1.5774,14.40,45.80
2007.09.04 06:20:27.676,1.5772,1.5774,20.00,45.80
2007.09.04 06:20:27.780,1.5772,1.5773,20.00,0.90
2007.09.04 06:20:27.873,1.5772,1.5774,20.00,41.90
2007.09.04 06:20:28.200,1.5772,1.5774,22.20,20.70
2007.09.04 06:20:28.227,1.5772,1.5775,23.00,36.90
2007.09.04 06:20:28.294,1.5772,1.5774,23.00,0.60
2007.09.04 06:20:28.327,1.5772,1.5775,23.00,37.40
2007.09.04 06:20:28.763,1.5773,1.57745,4.00,9.30
2007.09.04 06:20:28.845,1.5773,1.57745,4.20,3.00
2007.09.04 06:20:28.933,1.5773,1.5776,4.20,46.40
2007.09.04 06:20:29.252,1.5773,1.5776,9.80,46.40
2007.09.04 06:20:29.260,1.5773,1.5775,23.70,0.90
2007.09.04 06:20:29.888,1.5773,1.5775,23.70,0.60
2007.09.04 06:20:31.251,1.5773,1.5776,23.50,38.90
2007.09.04 06:20:31.776,1.5773,1.57755,23.50,18.10
2007.09.04 06:20:31.785,1.5773,1.57755,5.60,36.40
2007.09.04 06:20:31.805,1.5772,1.57755,46.90,35.10
2007.09.04 06:20:31.902,1.5772,1.5775,46.90,33.90
2007.09.04 06:20:32.412,1.5772,1.57745,44.50,2.40
2007.09.04 06:20:32.629,1.5773,1.5774,4.00,0.70
2007.09.04 06:20:32.749,1.5773,1.57745,7.20,2.40
2007.09.04 06:20:32.826,1.5773,1.5776,7.20,47.60
2007.09.04 06:20:32.847,1.5773,1.5775,7.20,0.70
2007.09.04 06:20:32.986,1.5773,1.5776,7.20,46.80
2007.09.04 06:20:33.033,1.5773,1.5775,7.20,0.50
2007.09.04 06:20:33.144,1.5773,1.5776,9.20,48.80
2007.09.04 06:20:33.240,1.5773,1.5775,14.80,0.80
2007.09.04 06:20:33.258,1.5773,1.5775,26.70,0.60
2007.09.04 06:20:33.881,1.5773,1.5775,26.70,0.50
2007.09.04 06:20:33.974,1.5773,1.5776,26.50,39.70
2007.09.04 06:20:34.096,1.5773,1.5776,26.70,39.70
2007.09.04 06:20:34.217,1.5773,1.5775,19.50,0.70
2007.09.04 06:20:34.354,1.5773,1.5776,19.50,39.50
2007.09.04 06:20:34.818,1.5773,1.5775,19.50,24.70
2007.09.04 06:20:35.503,1.5773,1.57745,19.50,2.40
2007.09.04 06:20:47.643,1.5773,1.5774,19.50,0.70
2007.09.04 06:20:47.733,1.5773,1.5774,7.60,0.50
2007.09.04 06:20:48.148,1.5773,1.57745,7.60,4.80
2007.09.04 06:20:48.264,1.5773,1.5774,11.80,0.80
2007.09.04 06:20:48.283,1.5773,1.57745,11.80,2.40
2007.09.04 06:20:48.678,1.5773,1.5774,23.70,1.20
2007.09.04 06:20:48.885,1.5773,1.5775,23.70,15.40
2007.09.04 06:20:49.205,1.5773,1.5775,23.70,16.40
2007.09.04 06:20:56.311,1.5773,1.5775,22.90,16.40
2007.09.04 06:20:57.412,1.5773,1.5775,18.10,16.40
2007.09.04 06:20:57.506,1.5773,1.5775,6.20,28.40
2007.09.04 06:21:01.694,1.5774,1.5775,8.00,20.40
2007.09.04 06:21:01.721,1.5774,1.5775,10.40,18.00
2007.09.04 06:21:01.916,1.5774,1.5775,10.40,16.70
2007.09.04 06:21:02.024,1.5774,1.5775,10.40,15.70
2007.09.04 06:21:02.036,1.5774,1.5775,10.40,14.70
2007.09.04 06:21:02.466,1.5774,1.5775,10.40,2.80
2007.09.04 06:21:03.671,1.5774,1.5775,10.40,2.00
2007.09.04 06:21:03.708,1.5774,1.57755,10.60,0.80
2007.09.04 06:21:03.825,1.5774,1.57755,26.50,0.80
2007.09.04 06:21:03.844,1.5774,1.5776,26.50,3.20
2007.09.04 06:21:03.882,1.5774,1.5776,26.50,2.40
2007.09.04 06:21:03.944,1.5774,1.57765,26.50,2.40
2007.09.04 06:21:04.038,1.5775,1.57765,0.30,2.40
2007.09.04 06:21:04.085,1.5775,1.5777,0.30,25.40
2007.09.04 06:21:04.142,1.5775,1.5777,2.20,25.40
2007.09.04 06:21:04.190,1.5775,1.5777,5.40,26.10
2007.09.04 06:21:04.248,1.5775,1.5777,29.30,5.50
2007.09.04 06:21:04.295,1.5775,1.5777,29.30,4.70
2007.09.04 06:21:04.352,1.5775,1.5777,29.30,1.60
2007.09.04 06:21:04.787,1.5775,1.5777,37.30,1.60
2007.09.04 06:21:04.870,1.5775,1.57775,37.30,0.70
2007.09.04 06:21:07.185,1.5775,1.5777,37.30,2.40
2007.09.04 06:21:07.204,1.5775,1.5777,37.30,13.40
2007.09.04 06:21:07.313,1.5775,1.5777,37.30,14.10
2007.09.04 06:21:07.381,1.5775,1.5777,37.30,14.90
2007.09.04 06:21:07.393,1.5775,1.5777,29.30,14.90
2007.09.04 06:21:07.800,1.5775,1.5777,29.30,15.60
2007.09.04 06:21:09.604,1.5775,1.5778,29.30,42.20
2007.09.04 06:21:11.998,1.5775,1.5778,17.40,50.10
2007.09.04 06:21:12.024,1.5775,1.5778,17.40,50.10
2007.09.04 06:21:16.636,1.5775,1.5778,17.40,50.10
2007.09.04 06:21:17.129,1.5775,1.5777,16.60,0.70
2007.09.04 06:21:17.154,1.5775,1.5777,16.60,0.50
2007.09.04 06:21:17.225,1.5775,1.5778,16.60,43.70
2007.09.04 06:21:18.180,1.5775,1.5778,16.60,44.50
2007.09.04 06:21:18.198,1.5775,1.5778,16.60,45.30
2007.09.04 06:21:18.727,1.5775,1.5777,16.60,0.70
2007.09.04 06:21:18.828,1.5775,1.57775,16.60,16.90
2007.09.04 06:21:18.855,1.5776,1.57775,0.30,16.10
2007.09.04 06:21:18.913,1.5776,1.57775,0.30,15.40
2007.09.04 06:21:22.626,1.5775,1.57775,16.60,15.40
2007.09.04 06:21:28.224,1.5775,1.57775,16.60,18.40
2007.09.04 06:21:28.322,1.5775,1.57775,16.40,19.20
2007.09.04 06:21:28.436,1.5775,1.57775,16.40,18.40
2007.09.04 06:21:28.638,1.5775,1.57775,14.00,18.40
2007.09.04 06:21:28.649,1.5775,1.57775,8.00,18.40
2007.09.04 06:21:28.745,1.5774,1.57775,39.70,31.10
2007.09.04 06:21:28.791,1.5774,1.5777,37.30,31.10
2007.09.04 06:21:28.849,1.5774,1.57765,33.30,0.70
2007.09.04 06:21:29.157,1.5774,1.5776,33.30,0.70
2007.09.04 06:21:29.778,1.5774,1.5776,31.70,0.70
2007.09.04 06:21:36.696,1.5775,1.57765,2.40,1.40
2007.09.04 06:21:36.718,1.5775,1.5776,14.40,0.70
2007.09.04 06:21:36.997,1.5775,1.5777,14.40,28.10
2007.09.04 06:21:37.208,1.5775,1.5777,14.40,28.80
2007.09.04 06:21:37.235,1.5775,1.5777,14.60,28.10
2007.09.04 06:21:37.465,1.5775,1.5777,14.60,20.10
2007.09.04 06:21:37.881,1.5775,1.5777,14.60,16.10
2007.09.04 06:21:38.067,1.5775,1.5777,14.40,16.10
2007.09.04 06:21:38.183,1.5775,1.5777,16.60,16.10
2007.09.04 06:21:46.675,1.5776,1.5777,2.40,15.30
2007.09.04 06:21:46.803,1.5776,1.5777,2.40,14.60
2007.09.04 06:21:46.818,1.5776,1.5777,14.60,12.60
2007.09.04 06:21:46.867,1.5776,1.5777,14.60,11.90
2007.09.04 06:21:47.236,1.5776,1.5778,16.60,45.10
2007.09.04 06:21:47.444,1.5776,1.5778,16.60,44.80
2007.09.04 06:21:49.220,1.5776,1.5778,16.60,47.20
2007.09.04 06:21:49.636,1.5776,1.5778,17.40,46.40
2007.09.04 06:21:49.655,1.5776,1.5778,18.20,45.60
2007.09.04 06:21:49.754,1.5777,1.5778,14.40,0.50
2007.09.04 06:21:49.910,1.5777,1.57785,14.40,0.50
2007.09.04 06:21:49.946,1.5777,1.5778,14.40,0.50
2007.09.04 06:21:50.180,1.5777,1.5778,16.40,0.50
2007.09.04 06:21:51.649,1.5777,1.5778,16.60,0.50
2007.09.04 06:21:51.692,1.5777,1.57785,17.40,0.50
2007.09.04 06:21:51.762,1.5777,1.57785,29.30,0.50
2007.09.04 06:21:51.934,1.5777,1.5779,29.30,5.40
2007.09.04 06:21:52.108,1.5777,1.5779,29.30,3.00
2007.09.04 06:21:53.022,1.5777,1.5779,37.30,3.00
2007.09.04 06:21:55.308,1.5777,1.5779,37.10,3.00
2007.09.04 06:21:55.519,1.5777,1.5779,37.30,3.00
2007.09.04 06:21:55.826,1.5777,1.5779,37.10,3.00
2007.09.04 06:21:55.937,1.5777,1.5779,37.30,3.00
2007.09.04 06:21:56.139,1.5778,1.57795,4.00,0.50
2007.09.04 06:21:56.502,1.5778,1.57795,4.00,0.30
2007.09.04 06:21:57.202,1.5777,1.57795,44.50,0.30
2007.09.04 06:21:57.749,1.5777,1.57795,42.90,0.30
2007.09.04 06:21:58.278,1.5777,1.57795,45.30,0.30
2007.09.04 06:21:58.708,1.5778,1.57795,4.00,0.30
2007.09.04 06:21:58.861,1.5778,1.578,4.00,19.60
2007.09.04 06:21:59.021,1.5778,1.578,4.00,19.30
2007.09.04 06:21:59.521,1.5778,1.578,4.00,19.60
2007.09.04 06:22:00.085,1.5778,1.578,4.00,22.00
2007.09.04 06:22:00.187,1.5777,1.578,46.90,25.00
2007.09.04 06:22:00.280,1.5777,1.578,46.90,25.80
2007.09.04 06:22:00.369,1.5777,1.57795,46.90,0.30
2007.09.04 06:22:00.719,1.5777,1.57795,45.30,0.30
2007.09.04 06:22:02.261,1.5778,1.57795,4.20,0.30
2007.09.04 06:22:02.408,1.5778,1.578,4.20,19.30
2007.09.04 06:22:02.820,1.5777,1.578,48.50,19.30
2007.09.04 06:22:03.018,1.5778,1.578,1.00,19.60
2007.09.04 06:22:03.123,1.5777,1.578,47.70,22.00
2007.09.04 06:22:03.532,1.5777,1.578,48.50,19.60
2007.09.04 06:22:03.637,1.5777,1.578,47.50,20.40
2007.09.04 06:22:03.797,1.5778,1.578,2.30,42.80
2007.09.04 06:22:03.949,1.5777,1.57795,29.20,0.40
2007.09.04 06:22:04.179,1.5778,1.5779,1.40,2.00
2007.09.04 06:22:04.245,1.5777,1.5779,38.70,2.80
2007.09.04 06:22:05.617,1.5777,1.5779,38.70,0.80
2007.09.04 06:22:05.678,1.5777,1.57795,39.50,0.40
2007.09.04 06:22:05.714,1.5777,1.578,39.50,42.60
2007.09.04 06:22:05.723,1.5777,1.578,47.50,17.80
2007.09.04 06:22:05.830,1.5778,1.578,1.10,15.40
2007.09.04 06:22:05.880,1.5777,1.578,30.00,15.80
2007.09.04 06:22:11.233,1.5777,1.578,33.20,15.80
2007.09.04 06:22:11.313,1.5778,1.578,14.60,15.50
2007.09.04 06:22:11.331,1.5778,1.578,20.20,15.10
2007.09.04 06:22:11.407,1.5778,1.578,40.10,3.10
2007.09.04 06:22:11.420,1.5778,1.578,40.10,2.80
2007.09.04 06:22:11.644,1.5778,1.578,43.30,2.80
2007.09.04 06:22:11.721,1.5778,1.578,43.30,2.80
2007.09.04 06:22:11.838,1.5779,1.578,1.90,2.80
2007.09.04 06:22:12.148,1.5778,1.578,47.30,2.00
2007.09.04 06:22:12.157,1.5778,1.578,50.10,2.00
2007.09.04 06:22:12.250,1.5778,1.5781,52.10,33.40
2007.09.04 06:22:13.083,1.5778,1.5781,52.10,35.00
2007.09.04 06:22:13.500,1.5778,1.5781,51.70,35.00
2007.09.04 06:22:13.710,1.5779,1.578,4.50,2.00
2007.09.04 06:22:13.725,1.5778,1.578,46.90,2.80
2007.09.04 06:22:13.811,1.5779,1.578,1.10,6.80
2007.09.04 06:22:14.649,1.5778,1.578,44.50,4.80
2007.09.04 06:22:14.756,1.5778,1.578,54.10,4.00
2007.09.04 06:22:14.861,1.5779,1.5781,11.60,0.40
2007.09.04 06:22:15.041,1.5778,1.5782,56.50,30.00
2007.09.04 06:22:15.166,1.5778,1.5782,56.50,25.00
2007.09.04 06:22:15.294,1.5778,1.5782,56.50,16.60
2007.09.04 06:22:15.404,1.5778,1.5782,56.50,14.20
2007.09.04 06:22:15.498,1.5778,1.5782,58.60,2.30
2007.09.04 06:22:15.546,1.5778,1.5782,58.60,1.90
2007.09.04 06:22:15.666,1.5779,1.5782,12.40,1.60
2007.09.04 06:22:15.865,1.5778,1.5782,59.40,1.90
2007.09.04 06:22:16.067,1.5779,1.5782,11.50,0.40
2007.09.04 06:22:17.062,1.5778,1.5782,62.20,0.40
2007.09.04 06:22:17.102,1.5778,1.5782,60.00,2.70
2007.09.04 06:22:17.220,1.5779,1.5782,20.30,16.10
2007.09.04 06:22:17.325,1.5778,1.5782,56.50,16.50
2007.09.04 06:22:17.347,1.5778,1.5782,56.50,16.80
2007.09.04 06:22:17.403,1.5778,1.5782,56.50,16.50
2007.09.04 06:22:17.421,1.5778,1.5782,56.50,28.40
2007.09.04 06:22:17.627,1.5778,1.5782,56.50,28.70
2007.09.04 06:22:17.728,1.578,1.5782,40.70,16.40
2007.09.04 06:22:17.819,1.5781,1.5782,1.40,16.10
2007.09.04 06:22:17.830,1.578,1.5782,47.10,13.70
2007.09.04 06:22:17.862,1.578,1.5782,47.10,13.40
2007.09.04 06:22:18.061,1.578,1.5782,47.10,13.70
2007.09.04 06:22:18.240,1.578,1.5782,10.40,31.60
2007.09.04 06:22:18.250,1.578,1.5782,0.80,32.40
2007.09.04 06:22:18.370,1.57795,1.5782,1.00,34.80
2007.09.04 06:22:18.419,1.5779,1.5782,12.30,34.80
2007.09.04 06:22:18.537,1.5779,1.5782,1.20,34.50
2007.09.04 06:22:18.760,1.5779,1.5782,12.40,34.50
2007.09.04 06:22:18.806,1.5778,1.5782,46.90,31.50
2007.09.04 06:22:18.855,1.5778,1.5782,46.90,31.50
2007.09.04 06:22:18.889,1.5778,1.5782,6.70,39.50
2007.09.04 06:22:19.221,1.5777,1.5782,37.10,43.50
2007.09.04 06:22:19.294,1.5778,1.5781,3.20,2.40
2007.09.04 06:22:19.325,1.5778,1.5781,12.10,10.40
2007.09.04 06:22:19.439,1.5777,1.5781,51.40,22.30
2007.09.04 06:22:19.499,1.5778,1.5781,15.90,22.30
2007.09.04 06:22:20.044,1.5777,1.5781,51.40,22.30
2007.09.04 06:22:20.159,1.5777,1.5781,57.80,22.30
2007.09.04 06:22:20.204,1.5778,1.5781,6.50,19.90
2007.09.04 06:22:20.272,1.5778,1.5781,14.80,11.90
2007.09.04 06:22:20.362,1.57775,1.5781,51.70,11.90
2007.09.04 06:22:20.470,1.57775,1.57815,51.70,0.30
2007.09.04 06:22:20.684,1.5778,1.5781,9.60,8.00
2007.09.04 06:22:20.739,1.57775,1.578,49.30,2.40
2007.09.04 06:22:20.781,1.57775,1.578,34.30,14.40
2007.09.04 06:22:20.901,1.5777,1.578,47.30,17.00
2007.09.04 06:22:21.159,1.5777,1.57795,47.30,0.30
2007.09.04 06:22:21.201,1.5777,1.57795,31.40,0.30
2007.09.04 06:22:21.248,1.5777,1.57795,31.40,0.30
2007.09.04 06:22:21.312,1.5776,1.57795,54.50,0.30
2007.09.04 06:22:21.737,1.5776,1.57795,56.90,0.30
2007.09.04 06:22:23.732,1.5776,1.57795,55.30,0.30
2007.09.04 06:22:24.768,1.5776,1.57795,54.50,0.30
2007.09.04 06:22:28.637,1.5778,1.57795,1.60,0.30
2007.09.04 06:22:28.726,1.5778,1.57795,1.80,0.30
2007.09.04 06:22:28.802,1.5777,1.578,51.30,21.60
2007.09.04 06:22:28.814,1.5777,1.578,51.90,21.30
2007.09.04 06:22:28.827,1.5777,1.578,51.90,21.10
2007.09.04 06:22:28.853,1.5777,1.578,34.40,18.70
2007.09.04 06:22:29.042,1.5778,1.578,5.80,18.90
2007.09.04 06:22:29.398,1.5777,1.578,44.30,7.00
2007.09.04 06:22:29.445,1.5778,1.578,17.10,7.00
2007.09.04 06:22:29.697,1.5777,1.578,47.20,7.00
2007.09.04 06:22:29.763,1.5778,1.578,9.80,7.00
2007.09.04 06:22:29.813,1.5778,1.57795,4.00,0.20
2007.09.04 06:22:29.828,1.5777,1.57795,45.60,0.20
2007.09.04 06:22:30.439,1.5778,1.57795,5.60,0.20
2007.09.04 06:22:30.475,1.5777,1.57795,29.80,0.20
2007.09.04 06:22:30.762,1.5778,1.57795,15.00,0.20
2007.09.04 06:22:30.785,1.5778,1.57795,17.40,0.20
2007.09.04 06:22:31.412,1.5778,1.578,17.40,18.90
2007.09.04 06:22:31.493,1.5778,1.578,29.30,7.00
2007.09.04 06:22:31.531,1.5778,1.578,29.30,6.80
2007.09.04 06:22:31.631,1.5778,1.578,34.90,7.00
2007.09.04 06:22:32.324,1.5778,1.578,34.90,9.60
2007.09.04 06:22:32.439,1.5778,1.57795,34.90,0.20
2007.09.04 06:22:32.460,1.5778,1.57795,17.40,0.20
2007.09.04 06:22:32.771,1.5777,1.57795,45.70,0.20
2007.09.04 06:22:32.863,1.5777,1.57795,48.10,0.20
2007.09.04 06:22:33.300,1.5777,1.57795,45.70,0.20
2007.09.04 06:22:33.909,1.5777,1.57795,48.10,0.20
2007.09.04 06:22:34.719,1.5778,1.57795,2.40,0.20
2007.09.04 06:22:34.770,1.5778,1.57795,17.40,0.20
2007.09.04 06:22:34.932,1.5778,1.578,17.40,18.90
2007.09.04 06:22:35.019,1.5778,1.578,17.40,18.70
2007.09.04 06:22:35.233,1.5778,1.578,17.40,18.80
2007.09.04 06:22:35.413,1.5778,1.578,29.30,6.90
2007.09.04 06:22:35.433,1.5778,1.578,34.90,6.90
2007.09.04 06:22:35.545,1.5778,1.578,34.10,6.90
2007.09.04 06:22:36.668,1.5778,1.578,30.10,10.90
2007.09.04 06:22:36.692,1.5778,1.578,27.70,10.90
2007.09.04 06:22:36.772,1.5778,1.578,16.70,11.00
2007.09.04 06:22:36.884,1.5778,1.578,16.70,13.40
2007.09.04 06:22:36.974,1.5778,1.578,16.70,13.30
2007.09.04 06:22:37.294,1.5778,1.578,16.70,13.40
2007.09.04 06:22:37.396,1.5777,1.578,46.50,25.30
2007.09.04 06:22:37.913,1.5777,1.578,44.90,25.30
2007.09.04 06:22:38.212,1.5778,1.578,2.40,25.30
2007.09.04 06:22:38.238,1.5778,1.578,17.40,21.20
2007.09.04 06:22:38.348,1.5778,1.578,17.40,18.80
2007.09.04 06:22:38.415,1.5778,1.578,22.20,18.80
2007.09.04 06:22:38.437,1.5778,1.578,34.10,6.90
2007.09.04 06:22:38.611,1.5778,1.578,34.10,6.80
2007.09.04 06:22:38.815,1.5778,1.578,34.10,6.90
2007.09.04 06:22:40.335,1.5778,1.578,31.10,6.90
2007.09.04 06:22:40.663,1.5778,1.578,28.70,6.90
2007.09.04 06:22:40.769,1.5778,1.578,16.70,6.90
2007.09.04 06:22:40.862,1.5778,1.578,16.70,7.00
2007.09.04 06:22:40.872,1.5778,1.578,16.70,6.90
2007.09.04 06:22:41.010,1.5778,1.578,16.70,7.10
2007.09.04 06:22:41.390,1.5778,1.578,11.90,7.30
2007.09.04 06:22:41.396,1.5777,1.578,29.00,23.20
2007.09.04 06:22:41.498,1.5777,1.578,46.50,25.60
2007.09.04 06:22:41.713,1.5777,1.578,47.30,25.60
2007.09.04 06:22:45.248,1.5777,1.578,44.30,25.60
2007.09.04 06:22:45.363,1.5777,1.578,41.90,25.60
2007.09.04 06:22:45.657,1.5777,1.5779,37.90,4.00
2007.09.04 06:22:45.700,1.5777,1.5779,35.50,6.40
2007.09.04 06:22:45.782,1.5777,1.5779,27.50,17.50
2007.09.04 06:22:45.944,1.5777,1.5779,27.50,17.70
2007.09.04 06:22:46.192,1.5777,1.5779,39.50,2.70
2007.09.04 06:22:46.214,1.5777,1.5779,41.90,0.60
2007.09.04 06:22:46.326,1.5777,1.5779,41.90,0.40
2007.09.04 06:22:46.486,1.5777,1.5779,41.90,0.20
2007.09.04 06:22:46.767,1.5777,1.57795,41.90,0.20
2007.09.04 06:22:47.383,1.5777,1.57795,17.80,0.20
2007.09.04 06:22:50.641,1.5777,1.5779,39.50,2.40
2007.09.04 06:22:50.721,1.5777,1.5779,27.50,17.40
2007.09.04 06:22:50.808,1.5777,1.5779,27.50,17.50
2007.09.04 06:22:50.952,1.5777,1.5779,27.50,17.70
2007.09.04 06:22:51.041,1.5777,1.5779,27.50,17.80
2007.09.04 06:22:51.432,1.5777,1.5779,19.50,17.80
2007.09.04 06:22:51.666,1.5777,1.5779,21.90,17.80
2007.09.04 06:22:51.749,1.5777,1.5779,33.90,5.70
2007.09.04 06:22:51.770,1.5777,1.5779,33.90,3.30
2007.09.04 06:22:51.874,1.5777,1.5779,33.90,3.10
2007.09.04 06:22:51.958,1.5777,1.5779,33.90,3.00
2007.09.04 06:22:52.285,1.5777,1.5779,29.10,3.00
2007.09.04 06:22:52.530,1.5777,1.5779,37.10,3.00
2007.09.04 06:22:52.741,1.5777,1.57795,37.10,0.20
2007.09.04 06:22:54.189,1.5777,1.5779,33.10,7.00
2007.09.04 06:22:54.247,1.5777,1.5779,30.70,9.40
2007.09.04 06:22:54.300,1.5777,1.5779,22.70,17.40
2007.09.04 06:22:54.402,1.5777,1.5779,22.70,17.50
2007.09.04 06:22:54.497,1.5777,1.5779,14.70,17.50
2007.09.04 06:22:54.530,1.5777,1.5779,14.70,17.70
2007.09.04 06:22:54.538,1.5777,1.5779,14.70,17.80
2007.09.04 06:22:54.822,1.5777,1.5779,14.70,18.60
2007.09.04 06:22:54.849,1.5777,1.5779,14.70,19.40
2007.09.04 06:22:54.865,1.5777,1.5779,14.70,20.20
2007.09.04 06:22:55.149,1.5777,1.5779,13.90,20.20
2007.09.04 06:22:55.238,1.5777,1.5779,13.90,22.20
2007.09.04 06:22:55.256,1.5777,1.5779,13.90,23.00
2007.09.04 06:22:56.072,1.5777,1.5779,13.90,22.90
2007.09.04 06:22:56.155,1.5777,1.5779,13.90,22.70
2007.09.04 06:22:56.325,1.5777,1.5779,13.90,22.60
2007.09.04 06:22:57.329,1.5777,1.5779,13.90,22.70
2007.09.04 06:22:59.059,1.5777,1.5779,13.90,22.80
2007.09.04 06:23:02.672,1.5777,1.5779,16.30,22.80
2007.09.04 06:23:02.781,1.5777,1.5779,24.30,19.80
2007.09.04 06:23:02.979,1.5777,1.5779,24.30,19.00
2007.09.04 06:23:03.030,1.5777,1.5779,24.30,18.20
2007.09.04 06:23:03.089,1.5777,1.5779,24.30,17.40
2007.09.04 06:23:03.199,1.5777,1.5779,28.30,13.40
2007.09.04 06:23:03.996,1.5777,1.578,28.30,55.60
2007.09.04 06:23:04.020,1.5777,1.5779,28.30,13.30
2007.09.04 06:23:04.720,1.5777,1.5779,29.10,0.60
2007.09.04 06:23:06.254,1.5777,1.5779,29.10,0.70
2007.09.04 06:23:06.262,1.5777,1.5781,37.10,49.80
2007.09.04 06:23:06.338,1.5777,1.578,37.10,0.70
2007.09.04 06:23:06.371,1.5777,1.57805,37.10,30.10
2007.09.04 06:23:08.254,1.5777,1.57805,37.10,29.30
2007.09.04 06:23:08.443,1.5777,1.57805,37.10,28.50
2007.09.04 06:23:08.637,1.5777,1.57805,37.10,27.70
2007.09.04 06:23:09.074,1.5777,1.57805,39.50,27.70
2007.09.04 06:23:10.570,1.5777,1.57805,39.50,27.60
2007.09.04 06:23:10.626,1.5777,1.57805,40.30,27.50
2007.09.04 06:23:10.685,1.5778,1.578,2.40,0.50
2007.09.04 06:23:10.804,1.5778,1.578,26.30,0.60
2007.09.04 06:23:10.902,1.5778,1.5781,26.30,30.20
2007.09.04 06:23:11.310,1.5778,1.578,28.30,0.80
2007.09.04 06:23:12.113,1.5778,1.5781,29.10,29.40
2007.09.04 06:23:14.697,1.5778,1.5781,28.30,27.80
2007.09.04 06:23:14.804,1.5778,1.578,28.30,0.70
2007.09.04 06:23:15.726,1.5778,1.5781,29.10,27.80
2007.09.04 06:23:16.129,1.5778,1.5781,28.30,27.80
2007.09.04 06:23:16.236,1.5778,1.578,28.30,0.50
2007.09.04 06:23:18.163,1.5778,1.578,29.10,0.70
2007.09.04 06:23:18.271,1.5778,1.5781,29.10,27.80
2007.09.04 06:23:20.243,1.5778,1.578,32.10,0.80
2007.09.04 06:23:20.445,1.5778,1.578,20.20,0.80
2007.09.04 06:23:20.742,1.5778,1.578,17.20,0.70
2007.09.04 06:23:23.328,1.5778,1.5781,17.20,42.30
2007.09.04 06:23:25.182,1.5778,1.5781,16.40,43.10
2007.09.04 06:23:26.203,1.5778,1.578,17.20,0.60
2007.09.04 06:23:26.218,1.5778,1.5781,20.20,39.90
2007.09.04 06:23:28.725,1.5778,1.5781,17.20,42.30
2007.09.04 06:23:29.083,1.5778,1.5781,17.20,42.30
2007.09.04 06:23:29.283,1.5778,1.578,17.30,0.80
2007.09.04 06:23:30.786,1.5778,1.578,20.30,0.90
2007.09.04 06:23:32.242,1.5779,1.578,12.00,11.90
2007.09.04 06:23:32.266,1.5779,1.578,14.40,11.90
2007.09.04 06:23:32.439,1.5779,1.5781,14.40,49.90
2007.09.04 06:23:32.774,1.5779,1.5781,34.30,22.00
2007.09.04 06:23:32.853,1.5779,1.5781,38.30,14.00
2007.09.04 06:23:32.960,1.5779,1.5781,38.40,14.00
2007.09.04 06:23:33.064,1.5779,1.5781,38.40,13.20
2007.09.04 06:23:33.186,1.5779,1.5781,38.40,11.20
2007.09.04 06:23:33.282,1.5779,1.5781,38.40,3.20
2007.09.04 06:23:33.324,1.5779,1.5782,38.40,7.00
2007.09.04 06:23:33.379,1.5779,1.5782,40.80,4.60
2007.09.04 06:23:33.525,1.578,1.5782,0.10,4.60
2007.09.04 06:23:33.593,1.578,1.5782,0.10,3.00
2007.09.04 06:23:36.769,1.578,1.5782,24.00,3.00
2007.09.04 06:23:36.800,1.578,1.5782,26.40,3.00
2007.09.04 06:23:37.110,1.578,1.5782,27.20,3.00
2007.09.04 06:23:37.179,1.578,1.5782,29.20,3.00
2007.09.04 06:23:40.705,1.578,1.5782,29.20,11.00
2007.09.04 06:23:40.712,1.578,1.5782,28.40,13.40
2007.09.04 06:23:40.811,1.578,1.5782,16.50,25.30
2007.09.04 06:23:41.134,1.578,1.5782,16.50,26.10
2007.09.04 06:23:41.289,1.578,1.5782,16.50,28.10
2007.09.04 06:23:42.046,1.578,1.5783,16.50,46.30
2007.09.04 06:23:45.654,1.578,1.5783,16.40,46.30
2007.09.04 06:23:45.756,1.578,1.5782,16.40,0.50
2007.09.04 06:23:45.963,1.578,1.5782,16.40,0.80
2007.09.04 06:23:47.081,1.578,1.5783,16.40,47.30
2007.09.04 06:23:47.207,1.578,1.5781,14.00,0.70
2007.09.04 06:23:47.240,1.578,1.5781,10.00,0.60
2007.09.04 06:23:47.395,1.578,1.5782,2.00,35.30
2007.09.04 06:23:47.699,1.5779,1.5781,33.50,0.70
2007.09.04 06:23:47.712,1.5779,1.5782,30.30,48.90
2007.09.04 06:23:47.813,1.5779,1.5781,22.30,0.70
2007.09.04 06:23:48.115,1.5779,1.57815,19.90,15.20
2007.09.04 06:23:48.136,1.5779,1.57815,19.90,16.80
2007.09.04 06:23:48.231,1.5779,1.57815,19.90,22.40
2007.09.04 06:23:48.281,1.5779,1.5781,4.00,39.90
2007.09.04 06:23:48.343,1.5778,1.5781,18.80,39.90
2007.09.04 06:23:48.659,1.5778,1.5781,18.80,48.60
2007.09.04 06:23:48.764,1.5778,1.5782,34.70,59.20
2007.09.04 06:23:48.859,1.5778,1.5782,33.10,59.20
2007.09.04 06:23:49.071,1.5778,1.5781,33.10,0.90
2007.09.04 06:23:49.487,1.5778,1.57815,33.10,35.10
2007.09.04 06:23:52.434,1.5778,1.57815,33.10,40.70
2007.09.04 06:23:59.673,1.5778,1.5781,36.10,0.60
2007.09.04 06:23:59.873,1.5778,1.57815,35.50,38.30
2007.09.04 06:24:02.167,1.5778,1.57815,33.10,40.70
2007.09.04 06:24:04.150,1.5778,1.57815,36.10,40.70
2007.09.04 06:24:04.353,1.5778,1.57815,35.50,38.30
2007.09.04 06:24:04.778,1.5778,1.5782,33.10,57.00
2007.09.04 06:24:09.693,1.5778,1.57815,33.90,40.70
2007.09.04 06:24:09.706,1.5779,1.57815,20.70,20.80
2007.09.04 06:24:09.832,1.5779,1.5781,27.10,0.90
2007.09.04 06:24:10.112,1.578,1.57815,2.00,18.40
2007.09.04 06:24:30.675,1.578,1.5781,14.00,8.00
2007.09.04 06:24:30.721,1.578,1.5781,16.40,5.60
2007.09.04 06:24:31.186,1.578,1.5781,8.40,5.60
2007.09.04 06:24:31.233,1.578,1.5781,6.00,5.60
2007.09.04 06:24:31.441,1.578,1.5782,6.00,30.70
2007.09.04 06:24:32.132,1.578,1.5782,6.00,31.50
2007.09.04 06:24:32.175,1.578,1.5782,6.00,32.30
2007.09.04 06:24:32.278,1.578,1.5782,0.10,35.30
2007.09.04 06:24:32.281,1.578,1.5781,0.10,3.20
2007.09.04 06:24:32.356,1.5778,1.578,41.10,10.40
2007.09.04 06:24:32.774,1.5778,1.578,30.70,2.40
2007.09.04 06:24:32.794,1.5778,1.5781,30.70,42.30
2007.09.04 06:24:32.878,1.5778,1.5781,29.10,42.30
2007.09.04 06:24:32.988,1.5778,1.5781,29.10,42.30
2007.09.04 06:24:33.183,1.5778,1.578,29.10,5.60
2007.09.04 06:24:33.195,1.5778,1.578,17.20,19.50
2007.09.04 06:24:33.494,1.5778,1.578,17.20,19.50
2007.09.04 06:24:34.231,1.5778,1.578,29.10,5.60
2007.09.04 06:24:34.306,1.5778,1.5781,29.10,48.70
2007.09.04 06:24:34.441,1.5778,1.5781,33.10,44.70
2007.09.04 06:24:34.643,1.5778,1.5781,33.10,39.90
2007.09.04 06:24:34.738,1.5778,1.5781,33.10,38.30
2007.09.04 06:24:34.952,1.5778,1.5781,33.10,39.10
2007.09.04 06:24:35.062,1.5778,1.5781,33.10,45.50
2007.09.04 06:24:35.157,1.5778,1.5781,33.10,48.70
2007.09.04 06:24:35.179,1.5778,1.578,30.70,2.40
2007.09.04 06:24:35.272,1.5778,1.578,22.70,10.40
2007.09.04 06:24:35.367,1.5778,1.578,10.80,27.90
2007.09.04 06:24:36.470,1.5778,1.578,2.70,27.90
2007.09.04 06:24:36.573,1.5778,1.578,2.30,31.90
2007.09.04 06:24:37.225,1.5778,1.578,2.50,31.90
2007.09.04 06:24:37.618,1.5777,1.578,32.10,31.90
2007.09.04 06:24:37.717,1.5778,1.578,0.50,34.90
2007.09.04 06:24:37.727,1.5778,1.578,2.10,34.90
2007.09.04 06:24:37.830,1.5778,1.578,1.10,37.30
2007.09.04 06:24:37.922,1.5777,1.578,48.30,38.10
2007.09.04 06:24:38.032,1.5778,1.578,1.30,38.90
2007.09.04 06:24:38.052,1.5778,1.578,1.40,39.70
2007.09.04 06:24:38.236,1.5777,1.5779,29.90,8.00
2007.09.04 06:24:38.245,1.5778,1.5779,2.20,16.00
2007.09.04 06:24:38.340,1.5776,1.5779,36.40,16.00
2007.09.04 06:24:39.060,1.5776,1.5779,40.60,16.00
2007.09.04 06:24:39.692,1.5776,1.5779,36.30,16.00
2007.09.04 06:24:39.797,1.5777,1.5779,4.80,16.00
2007.09.04 06:24:40.108,1.5777,1.5779,12.70,16.00
2007.09.04 06:24:40.221,1.5777,1.5779,1.50,18.00
2007.09.04 06:24:40.426,1.5777,1.5779,6.70,18.80
2007.09.04 06:24:40.550,1.5777,1.5779,5.70,19.60
2007.09.04 06:24:40.641,1.5777,1.5779,5.40,19.60
2007.09.04 06:24:40.687,1.5777,1.5779,5.50,20.40
2007.09.04 06:24:40.733,1.5777,1.5779,2.00,19.60
2007.09.04 06:24:40.794,1.5777,1.5779,11.40,18.80
2007.09.04 06:24:40.898,1.5776,1.5779,35.60,18.00
2007.09.04 06:24:41.056,1.5776,1.5779,36.30,18.00
2007.09.04 06:24:41.157,1.5777,1.5779,10.80,16.00
2007.09.04 06:24:41.257,1.5776,1.5779,33.90,16.00
2007.09.04 06:24:41.684,1.5778,1.5779,1.40,16.00
2007.09.04 06:24:41.756,1.5778,1.5779,1.30,13.60
2007.09.04 06:24:41.784,1.5777,1.5779,31.90,5.60
2007.09.04 06:24:42.093,1.5778,1.5779,1.20,6.40
2007.09.04 06:24:42.161,1.5777,1.5779,28.70,9.60
2007.09.04 06:24:42.250,1.57765,1.5779,35.10,17.60
2007.09.04 06:24:42.263,1.5777,1.5778,2.00,5.60
2007.09.04 06:24:42.349,1.5777,1.5778,2.10,7.60
2007.09.04 06:24:43.181,1.5777,1.5778,1.10,15.60
2007.09.04 06:24:43.199,1.5775,1.5778,42.40,18.00
2007.09.04 06:24:43.595,1.5775,1.5778,38.40,18.00
2007.09.04 06:24:43.612,1.5776,1.5778,4.90,18.00
2007.09.04 06:24:43.691,1.5776,1.5778,5.10,12.40
2007.09.04 06:24:43.704,1.57755,1.5778,28.40,12.40
2007.09.04 06:24:43.802,1.5777,1.5778,1.50,12.40
2007.09.04 06:24:44.313,1.5777,1.5778,1.90,18.00
2007.09.04 06:24:44.336,1.57755,1.5778,38.70,18.00
2007.09.04 06:24:44.632,1.5776,1.5778,37.10,18.00
2007.09.04 06:24:44.716,1.5777,1.5778,0.60,10.00
2007.09.04 06:24:44.748,1.5777,1.5779,1.10,36.50
2007.09.04 06:24:44.848,1.5776,1.5779,27.20,36.50
2007.09.04 06:24:45.169,1.5776,1.5779,47.20,37.30
2007.09.04 06:24:45.233,1.5776,1.5778,46.40,2.40
2007.09.04 06:24:45.271,1.5776,1.5778,40.40,10.40
2007.09.04 06:24:45.741,1.5776,1.5778,40.40,16.00
2007.09.04 06:24:45.790,1.5776,1.5778,1.60,16.00
2007.09.04 06:24:46.038,1.57755,1.5778,36.50,16.00
2007.09.04 06:24:46.206,1.57755,1.5778,36.50,18.00
2007.09.04 06:24:46.670,1.57755,1.5778,35.70,18.80
2007.09.04 06:24:46.847,1.5775,1.5778,42.50,18.80
2007.09.04 06:24:46.876,1.5775,1.5778,42.40,18.80
2007.09.04 06:24:47.144,1.5775,1.5778,46.00,18.80
2007.09.04 06:24:47.251,1.5775,1.5778,45.90,18.80
2007.09.04 06:24:47.320,1.5775,1.5778,46.00,18.80
2007.09.04 06:24:47.363,1.5775,1.5778,32.20,30.70
2007.09.04 06:24:47.416,1.5775,1.5778,29.00,30.70
2007.09.04 06:24:47.664,1.5775,1.5778,27.40,31.50
2007.09.04 06:24:47.725,1.5775,1.5777,24.10,5.60
2007.09.04 06:24:47.782,1.5775,1.5777,16.10,29.50
2007.09.04 06:24:47.879,1.5776,1.5777,0.10,33.50
2007.09.04 06:24:48.149,1.5776,1.5777,0.10,34.30
2007.09.04 06:24:48.198,1.5775,1.5777,16.70,32.30
2007.09.04 06:24:48.366,1.5774,1.5777,30.90,32.30
2007.09.04 06:24:48.444,1.5774,1.5777,33.50,24.30
2007.09.04 06:24:48.969,1.5774,1.5777,35.70,24.30
2007.09.04 06:24:49.083,1.5774,1.5777,35.70,24.30
2007.09.04 06:24:49.281,1.57745,1.5777,22.20,24.30
2007.09.04 06:24:49.678,1.57745,1.5777,22.30,24.30
2007.09.04 06:24:49.703,1.57745,1.5777,22.50,24.30
2007.09.04 06:24:49.811,1.5775,1.5777,8.40,24.30
2007.09.04 06:24:50.016,1.5774,1.5777,37.30,24.30
2007.09.04 06:24:50.193,1.5774,1.5777,37.20,23.50
2007.09.04 06:24:50.848,1.5774,1.5777,38.00,19.50
2007.09.04 06:24:51.113,1.5775,1.5777,9.50,19.50
2007.09.04 06:24:51.160,1.5775,1.5777,6.70,19.50
2007.09.04 06:24:51.897,1.5774,1.5777,32.20,19.50
2007.09.04 06:24:52.100,1.5775,1.5777,8.90,19.50
2007.09.04 06:24:52.214,1.5774,1.5777,36.10,19.50
2007.09.04 06:24:52.322,1.5774,1.5777,35.10,23.50
2007.09.04 06:24:52.538,1.5774,1.5777,35.10,23.50
2007.09.04 06:24:52.653,1.5774,1.5777,34.30,26.70
2007.09.04 06:24:52.737,1.5775,1.5776,1.50,20.70
2007.09.04 06:24:52.756,1.5774,1.5775,29.00,5.60
2007.09.04 06:24:53.049,1.5775,1.5776,1.50,26.30
2007.09.04 06:24:53.168,1.5775,1.5776,1.60,26.30
2007.09.04 06:24:53.255,1.5774,1.5776,9.20,4.00
2007.09.04 06:24:53.455,1.57735,1.5777,35.50,32.30
2007.09.04 06:24:53.671,1.5774,1.5777,5.40,32.30
2007.09.04 06:24:54.875,1.57735,1.5777,35.50,34.70
2007.09.04 06:24:56.213,1.5774,1.5777,35.90,34.70
2007.09.04 06:24:56.331,1.5775,1.5777,1.20,24.30
2007.09.04 06:24:57.696,1.5774,1.5777,29.60,24.30
2007.09.04 06:24:57.788,1.5774,1.5777,29.60,24.30
2007.09.04 06:24:59.224,1.5775,1.5776,3.40,2.40
2007.09.04 06:24:59.244,1.5774,1.5776,51.10,2.40
2007.09.04 06:24:59.342,1.5773,1.5776,63.00,10.40
2007.09.04 06:24:59.433,1.5773,1.5776,57.40,16.00
2007.09.04 06:24:59.451,1.5773,1.5776,39.10,16.00
2007.09.04 06:24:59.759,1.5773,1.5776,35.50,16.00
2007.09.04 06:24:59.907,1.57735,1.5776,26.80,16.00
2007.09.04 06:24:59.943,1.5774,1.5776,10.10,16.00
2007.09.04 06:25:00.653,1.57735,1.5776,30.80,16.00
2007.09.04 06:25:00.761,1.5774,1.5776,2.00,16.00
2007.09.04 06:25:00.788,1.57735,1.5776,35.30,16.00
2007.09.04 06:25:01.001,1.57735,1.5776,35.60,16.00
2007.09.04 06:25:01.065,1.5774,1.5776,9.70,16.00
2007.09.04 06:25:01.177,1.57735,1.5776,38.00,18.00
2007.09.04 06:25:01.205,1.5775,1.5776,1.50,18.00
2007.09.04 06:25:01.288,1.5775,1.5776,4.50,10.00
2007.09.04 06:25:01.310,1.5774,1.5776,38.80,7.60
2007.09.04 06:25:01.646,1.5776,1.5777,0.10,35.90
2007.09.04 06:25:01.810,1.5774,1.5776,13.10,18.00
2007.09.04 06:25:02.001,1.5774,1.5776,10.80,18.00
2007.09.04 06:25:02.124,1.5773,1.5776,51.50,18.00
2007.09.04 06:25:02.632,1.5775,1.5776,1.50,18.00
2007.09.04 06:25:02.746,1.5774,1.5776,46.80,15.60
2007.09.04 06:25:02.758,1.5774,1.5776,46.80,7.60
2007.09.04 06:25:04.194,1.5775,1.5776,2.00,2.00
2007.09.04 06:25:04.209,1.5774,1.5777,45.20,43.90
2007.09.04 06:25:04.312,1.5774,1.5777,34.90,35.90
2007.09.04 06:25:04.417,1.5775,1.5777,1.80,31.90
2007.09.04 06:25:06.125,1.5775,1.5777,12.40,31.90
2007.09.04 06:25:06.191,1.5775,1.5777,12.40,25.90
2007.09.04 06:25:06.232,1.5775,1.5777,12.40,24.30
2007.09.04 06:25:06.759,1.5775,1.5776,8.00,2.40
2007.09.04 06:25:06.862,1.57745,1.5776,0.30,10.40
2007.09.04 06:25:06.921,1.5774,1.5776,41.20,10.40
2007.09.04 06:25:06.943,1.5774,1.5776,40.90,10.40
2007.09.04 06:25:07.066,1.5774,1.5776,43.30,10.40
2007.09.04 06:25:07.168,1.5774,1.5776,40.90,10.40
2007.09.04 06:25:07.248,1.5774,1.5776,40.90,16.00
2007.09.04 06:25:07.274,1.5774,1.5776,36.10,16.00
2007.09.04 06:25:07.356,1.5774,1.5776,36.30,16.00
2007.09.04 06:25:07.773,1.5774,1.5776,37.10,16.00
2007.09.04 06:25:08.101,1.5774,1.5776,39.50,16.00
2007.09.04 06:25:08.196,1.5774,1.5776,39.50,18.00
2007.09.04 06:25:08.264,1.5774,1.5776,39.30,18.00
2007.09.04 06:25:08.316,1.5774,1.5776,39.10,18.00
2007.09.04 06:25:08.415,1.5774,1.5776,38.80,18.00
2007.09.04 06:25:08.583,1.5774,1.5776,38.90,18.00
2007.09.04 06:25:09.239,1.5774,1.5776,36.50,18.00
2007.09.04 06:25:09.723,1.5774,1.5776,36.50,15.60
2007.09.04 06:25:09.785,1.5775,1.5776,6.00,5.60
2007.09.04 06:25:10.237,1.5775,1.5777,9.20,35.10
2007.09.04 06:25:10.286,1.5775,1.5777,17.20,19.10
2007.09.04 06:25:10.641,1.5775,1.5777,16.40,19.10
2007.09.04 06:25:10.697,1.5775,1.5777,10.40,26.10
2007.09.04 06:25:10.750,1.5775,1.5777,8.00,28.50
2007.09.04 06:25:10.822,1.5774,1.5777,40.50,36.50
2007.09.04 06:25:10.917,1.5774,1.5777,40.50,34.90
2007.09.04 06:25:10.938,1.5774,1.5777,40.40,35.70
2007.09.04 06:25:11.006,1.5774,1.5777,40.40,36.50
2007.09.04 06:25:11.019,1.5774,1.5777,40.40,37.30
2007.09.04 06:25:11.113,1.5774,1.5777,46.00,37.30
2007.09.04 06:25:11.143,1.5774,1.5777,46.10,37.30
2007.09.04 06:25:11.235,1.5774,1.5776,28.60,8.00
2007.09.04 06:25:11.248,1.5774,1.5776,28.60,16.00
2007.09.04 06:25:12.055,1.5774,1.5776,30.20,16.00
2007.09.04 06:25:12.749,1.5774,1.5776,35.70,16.00
2007.09.04 06:25:12.808,1.5774,1.5776,35.60,16.00
2007.09.04 06:25:12.850,1.5774,1.5776,13.20,31.90
2007.09.04 06:25:12.915,1.5774,1.5776,13.30,31.90
2007.09.04 06:25:13.170,1.5775,1.5776,0.80,27.90
2007.09.04 06:25:13.217,1.5775,1.5776,0.80,19.90
2007.09.04 06:25:13.252,1.5775,1.5777,0.80,32.20
2007.09.04 06:25:13.322,1.5775,1.5777,0.80,34.60
2007.09.04 06:25:13.651,1.5775,1.5777,0.80,33.80
2007.09.04 06:25:13.679,1.5774,1.5777,46.80,34.60
2007.09.04 06:25:13.763,1.5775,1.5776,2.40,5.60
2007.09.04 06:25:13.870,1.5775,1.5776,10.40,5.60
2007.09.04 06:25:14.198,1.5775,1.5776,12.40,5.60
2007.09.04 06:25:14.396,1.5775,1.5776,10.40,7.60
2007.09.04 06:25:25.798,1.5775,1.5776,8.00,10.00
2007.09.04 06:25:25.861,1.5774,1.5776,31.50,18.00
2007.09.04 06:25:26.115,1.5774,1.5776,37.10,18.00
2007.09.04 06:25:26.829,1.5774,1.5776,37.90,18.00
2007.09.04 06:25:28.164,1.5774,1.5776,36.30,18.00
2007.09.04 06:25:28.694,1.5774,1.5776,36.30,16.00
2007.09.04 06:25:28.723,1.5774,1.5777,36.30,50.90
2007.09.04 06:25:29.168,1.5775,1.5777,2.40,48.50
2007.09.04 06:25:29.210,1.5775,1.5777,8.40,41.10
2007.09.04 06:25:29.321,1.5775,1.5777,16.40,25.10
2007.09.04 06:25:29.382,1.5775,1.5777,16.40,0.60
2007.09.04 06:25:29.677,1.5775,1.5778,17.20,43.40
2007.09.04 06:25:29.754,1.5775,1.5778,17.20,45.30
2007.09.04 06:25:29.827,1.5775,1.5778,21.20,51.60
2007.09.04 06:25:30.157,1.5775,1.5778,21.20,44.10
2007.09.04 06:25:30.205,1.5775,1.5778,20.40,41.70
2007.09.04 06:25:30.266,1.5775,1.5778,16.40,41.60
2007.09.04 06:25:31.236,1.5775,1.5778,14.00,41.60
2007.09.04 06:25:31.245,1.5775,1.5778,6.00,41.60
2007.09.04 06:25:32.669,1.5775,1.5776,6.00,0.60
2007.09.04 06:25:32.693,1.5774,1.5776,40.30,0.80
2007.09.04 06:25:33.111,1.5774,1.5777,45.10,42.50
2007.09.04 06:25:33.184,1.5774,1.5776,45.10,0.80
2007.09.04 06:25:33.208,1.5774,1.5777,36.30,54.10
2007.09.04 06:25:34.243,1.5774,1.5776,36.30,0.90
2007.09.04 06:25:34.658,1.5774,1.5777,29.90,53.30
2007.09.04 06:25:34.714,1.5774,1.5777,27.50,53.30
2007.09.04 06:25:35.076,1.5774,1.5777,28.30,53.30
2007.09.04 06:25:35.204,1.5774,1.5777,21.50,55.70
2007.09.04 06:25:35.220,1.5774,1.5777,20.70,55.70
2007.09.04 06:25:35.252,1.5774,1.5777,20.70,58.10
2007.09.04 06:25:35.280,1.5774,1.5776,20.70,0.80
2007.09.04 06:25:35.398,1.5774,1.5777,16.70,48.40
2007.09.04 06:25:35.493,1.5774,1.5777,4.80,65.30
2007.09.04 06:25:35.708,1.5773,1.5776,10.40,0.70
2007.09.04 06:25:35.758,1.5773,1.5776,8.00,57.60
2007.09.04 06:25:35.796,1.5772,1.5775,5.40,0.80
2007.09.04 06:25:36.245,1.5773,1.5776,7.00,27.90
2007.09.04 06:25:36.267,1.5773,1.5776,9.40,25.50
2007.09.04 06:25:36.341,1.5773,1.5777,17.40,37.90
2007.09.04 06:25:36.438,1.5773,1.5777,17.40,38.00
2007.09.04 06:25:36.641,1.5773,1.5776,17.40,0.70
2007.09.04 06:25:36.739,1.5773,1.5776,17.40,38.30
2007.09.04 06:25:36.786,1.5773,1.5776,17.40,49.50
2007.09.04 06:25:36.859,1.5773,1.5776,9.40,56.00
2007.09.04 06:25:37.146,1.5773,1.5775,7.00,0.60
2007.09.04 06:25:37.200,1.5773,1.5776,7.00,60.00
2007.09.04 06:25:37.227,1.5773,1.5776,7.00,58.00
2007.09.04 06:25:37.332,1.5773,1.5776,15.00,59.60
2007.09.04 06:25:37.381,1.5773,1.5776,17.40,57.20
2007.09.04 06:25:37.712,1.5773,1.5776,17.40,46.80
2007.09.04 06:25:37.759,1.5773,1.5777,31.70,39.20
2007.09.04 06:25:37.854,1.5773,1.5776,35.70,0.90
2007.09.04 06:25:37.913,1.5773,1.5776,33.30,0.80
2007.09.04 06:25:38.160,1.5773,1.5777,35.30,40.40
2007.09.04 06:25:38.220,1.5773,1.5777,36.10,40.40
2007.09.04 06:25:38.382,1.5773,1.5777,36.10,40.40
2007.09.04 06:25:38.435,1.5773,1.57765,36.10,24.80
2007.09.04 06:25:38.478,1.5773,1.5776,28.10,0.60
2007.09.04 06:25:39.145,1.5773,1.57765,28.10,45.50
2007.09.04 06:25:39.212,1.5773,1.5776,28.10,0.50
2007.09.04 06:25:40.051,1.5773,1.57765,28.10,47.50
2007.09.04 06:25:40.065,1.5773,1.57765,28.20,47.50
2007.09.04 06:25:45.204,1.5773,1.5776,28.10,0.70
2007.09.04 06:25:45.299,1.5773,1.5776,28.10,0.60
2007.09.04 06:25:49.151,1.5773,1.5777,28.10,60.40
2007.09.04 06:25:49.317,1.5773,1.5777,28.10,58.00
2007.09.04 06:25:50.138,1.5773,1.5777,24.20,54.00
2007.09.04 06:25:50.257,1.5773,1.5776,24.20,0.50
2007.09.04 06:25:50.568,1.5773,1.5776,30.50,0.70
2007.09.04 06:25:50.627,1.5773,1.5776,28.10,0.90
2007.09.04 06:25:50.657,1.5773,1.5776,28.10,0.50
2007.09.04 06:25:50.671,1.5773,1.57765,28.10,44.70
2007.09.04 06:25:52.167,1.5773,1.5776,28.10,0.90
2007.09.04 06:25:52.199,1.5773,1.57765,28.10,47.50
2007.09.04 06:25:52.698,1.5773,1.5776,28.10,0.70
2007.09.04 06:25:55.709,1.5773,1.5776,28.10,0.80
2007.09.04 06:25:55.840,1.5773,1.57765,25.10,37.90
2007.09.04 06:25:56.208,1.5773,1.5775,24.30,8.80
2007.09.04 06:25:56.244,1.5773,1.5775,4.40,43.50
2007.09.04 06:25:56.339,1.5773,1.5775,2.00,45.90
2007.09.04 06:25:57.079,1.5773,1.5775,2.00,42.70
2007.09.04 06:25:57.164,1.5773,1.5775,2.00,43.50
2007.09.04 06:25:57.579,1.5773,1.5775,2.00,45.90
2007.09.04 06:25:58.106,1.5773,1.5775,4.40,43.50
2007.09.04 06:25:58.146,1.5773,1.5775,5.20,37.10
2007.09.04 06:25:58.201,1.5773,1.5775,21.10,2.40
2007.09.04 06:25:58.250,1.5773,1.5776,21.10,44.00
2007.09.04 06:25:58.320,1.5773,1.5776,25.10,38.30
2007.09.04 06:25:58.673,1.5774,1.5776,2.40,38.30
2007.09.04 06:25:58.737,1.5774,1.5776,10.40,36.70
2007.09.04 06:25:59.159,1.5774,1.5776,12.80,34.30
2007.09.04 06:25:59.243,1.5774,1.5776,16.80,30.30
2007.09.04 06:25:59.458,1.5774,1.5776,16.80,22.30
2007.09.04 06:25:59.566,1.5774,1.5776,14.40,22.30
2007.09.04 06:25:59.673,1.5774,1.5776,10.40,22.30
2007.09.04 06:25:59.690,1.5774,1.5776,8.00,22.30
2007.09.04 06:25:59.786,1.5773,1.5776,46.70,22.30
2007.09.04 06:26:00.195,1.5773,1.5776,46.70,24.30
2007.09.04 06:26:00.392,1.5773,1.5776,41.10,25.10
2007.09.04 06:26:00.398,1.5773,1.5776,24.20,33.10
2007.09.04 06:26:00.563,1.5773,1.5776,21.80,33.10
2007.09.04 06:26:00.600,1.5773,1.5776,17.80,33.10
2007.09.04 06:26:00.817,1.5773,1.5776,28.10,33.10
2007.09.04 06:26:01.113,1.5773,1.5776,30.50,33.10
2007.09.04 06:26:01.119,1.5773,1.5776,24.20,33.10
2007.09.04 06:26:01.487,1.5773,1.5776,25.00,33.10
2007.09.04 06:26:01.801,1.5773,1.5776,31.30,33.10
2007.09.04 06:26:01.886,1.5773,1.5776,28.90,33.10
2007.09.04 06:26:02.216,1.5773,1.5776,22.60,33.10
2007.09.04 06:26:02.353,1.5773,1.5776,25.00,33.10
2007.09.04 06:26:02.831,1.5773,1.5776,31.30,35.50
2007.09.04 06:26:02.884,1.5773,1.5776,28.90,35.50
2007.09.04 06:26:03.172,1.5773,1.5776,28.90,39.50
2007.09.04 06:26:05.721,1.5773,1.5776,31.30,39.50
2007.09.04 06:26:05.769,1.5773,1.5776,31.30,35.50
2007.09.04 06:26:05.877,1.5773,1.5776,25.00,33.10
2007.09.04 06:26:06.217,1.5773,1.5776,22.60,33.10
2007.09.04 06:26:06.282,1.5773,1.5776,28.90,33.10
2007.09.04 06:26:06.713,1.5773,1.5776,28.90,37.10
2007.09.04 06:26:06.811,1.5773,1.5776,28.90,39.50
2007.09.04 06:26:07.327,1.5773,1.5776,28.10,39.50
2007.09.04 06:26:09.061,1.5773,1.5776,26.50,39.50
2007.09.04 06:26:09.297,1.5774,1.5776,14.40,35.50
2007.09.04 06:26:09.474,1.5774,1.5776,14.40,27.50
2007.09.04 06:26:09.577,1.5774,1.5776,14.40,25.10
2007.09.04 06:26:10.095,1.5774,1.5776,16.80,25.10
2007.09.04 06:26:10.214,1.5774,1.5776,14.40,25.10
2007.09.04 06:26:10.317,1.5774,1.5776,2.40,25.10
2007.09.04 06:26:10.821,1.57735,1.5776,2.40,25.10
2007.09.04 06:26:10.941,1.5773,1.5776,46.50,25.10
2007.09.04 06:26:11.166,1.5773,1.5777,46.50,46.70
2007.09.04 06:26:11.221,1.5774,1.5777,2.40,46.70
2007.09.04 06:26:11.242,1.5774,1.5776,17.40,0.70
2007.09.04 06:26:11.339,1.5774,1.5776,19.80,0.60
2007.09.04 06:26:11.658,1.5774,1.5777,19.80,47.40
2007.09.04 06:26:11.724,1.5774,1.5776,19.80,0.80
2007.09.04 06:26:11.758,1.5774,1.5778,31.70,54.00
2007.09.04 06:26:12.651,1.5774,1.5776,31.70,0.50
2007.09.04 06:26:12.695,1.5774,1.5777,19.80,38.70
2007.09.04 06:26:12.796,1.5774,1.5777,17.40,37.10
2007.09.04 06:26:13.166,1.5774,1.5777,17.40,49.10
2007.09.04 06:26:13.208,1.5774,1.5776,17.40,0.80
2007.09.04 06:26:13.325,1.5774,1.5776,19.80,0.80
2007.09.04 06:26:13.803,1.5775,1.5776,0.80,0.70
2007.09.04 06:26:13.814,1.5775,1.5776,0.80,0.70
2007.09.04 06:26:14.204,1.5775,1.5778,8.80,57.60
2007.09.04 06:26:14.215,1.5775,1.5778,11.20,54.40
2007.09.04 06:26:14.332,1.5775,1.5777,11.20,0.90
2007.09.04 06:26:14.410,1.5775,1.57775,11.20,35.10
2007.09.04 06:26:14.722,1.5775,1.5777,11.20,0.90
2007.09.04 06:26:14.742,1.5776,1.5777,0.80,0.60
2007.09.04 06:26:15.127,1.5776,1.5777,3.20,0.50
2007.09.04 06:26:15.158,1.5776,1.5778,13.20,41.80
2007.09.04 06:26:15.243,1.5776,1.57785,13.20,52.30
2007.09.04 06:26:15.425,1.5776,1.5779,13.20,61.80
2007.09.04 06:26:15.454,1.5776,1.5779,13.20,58.00
2007.09.04 06:26:16.011,1.5776,1.5778,12.40,0.80
2007.09.04 06:26:16.085,1.5776,1.5779,12.40,63.30
2007.09.04 06:26:16.160,1.5776,1.5777,12.40,0.80
2007.09.04 06:26:16.194,1.5776,1.5777,2.40,0.90
2007.09.04 06:26:16.260,1.5775,1.5778,8.00,49.50
2007.09.04 06:26:16.290,1.5775,1.5778,1.60,48.80
2007.09.04 06:26:16.730,1.5775,1.5777,1.60,39.40
2007.09.04 06:26:16.772,1.5775,1.5776,1.60,0.80
2007.09.04 06:26:16.826,1.5774,1.5776,22.60,0.80
2007.09.04 06:26:16.915,1.5774,1.5777,20.20,51.40
2007.09.04 06:26:17.711,1.5774,1.5776,21.00,0.50
2007.09.04 06:26:17.748,1.5774,1.57775,32.90,31.50
2007.09.04 06:26:17.863,1.5774,1.5777,35.30,0.90
2007.09.04 06:26:18.277,1.5774,1.5777,35.30,0.50
2007.09.04 06:26:18.919,1.5774,1.5778,35.40,53.20
2007.09.04 06:26:19.000,1.5774,1.5778,35.50,53.20
2007.09.04 06:26:19.647,1.5774,1.5778,35.50,52.40
2007.09.04 06:26:19.802,1.5775,1.5778,15.80,52.00
2007.09.04 06:26:19.870,1.5775,1.5777,18.20,0.60
2007.09.04 06:26:19.894,1.5775,1.5777,18.20,0.70
2007.09.04 06:26:20.209,1.5775,1.5777,18.20,0.90
2007.09.04 06:26:20.287,1.5775,1.5777,18.30,0.80
2007.09.04 06:26:20.307,1.5776,1.5778,0.80,41.10
2007.09.04 06:26:20.688,1.5776,1.5778,3.20,41.10
2007.09.04 06:26:20.721,1.5776,1.5778,11.20,0.50
2007.09.04 06:26:20.841,1.5776,1.5778,11.20,0.60
2007.09.04 06:26:21.028,1.5776,1.5779,11.20,59.30
2007.09.04 06:26:21.123,1.5776,1.5779,13.20,59.30
2007.09.04 06:26:22.075,1.5776,1.5779,13.20,55.60
2007.09.04 06:26:22.173,1.5776,1.5779,17.20,53.60
2007.09.04 06:26:22.221,1.5776,1.5778,17.20,0.90
2007.09.04 06:26:22.292,1.5776,1.5779,17.20,43.90
2007.09.04 06:26:22.327,1.5776,1.5779,17.30,43.90
2007.09.04 06:26:23.145,1.5776,1.5779,18.10,43.90
2007.09.04 06:26:23.217,1.5777,1.5779,8.00,47.80
2007.09.04 06:26:23.253,1.5777,1.5779,10.40,43.80
2007.09.04 06:26:23.742,1.5777,1.57795,10.40,48.30
2007.09.04 06:26:23.843,1.5777,1.578,10.40,59.60
2007.09.04 06:26:24.164,1.5777,1.5778,2.40,0.70
2007.09.04 06:26:24.183,1.5776,1.5779,36.30,52.50
2007.09.04 06:26:25.104,1.5776,1.5779,37.10,51.70
2007.09.04 06:26:25.214,1.5777,1.5779,12.40,0.70
2007.09.04 06:26:25.992,1.5777,1.57795,12.40,48.30
2007.09.04 06:26:26.097,1.5777,1.5779,12.40,0.60
2007.09.04 06:26:26.193,1.5777,1.5779,12.40,0.90
2007.09.04 06:26:27.136,1.5777,1.5779,12.40,0.80
2007.09.04 06:26:27.769,1.5777,1.57795,13.20,49.10
2007.09.04 06:26:27.864,1.5777,1.57795,13.20,46.70
2007.09.04 06:26:28.061,1.5777,1.578,13.20,58.80
2007.09.04 06:26:30.226,1.5777,1.5779,13.20,0.50
2007.09.04 06:26:30.259,1.5777,1.578,17.20,53.20
2007.09.04 06:26:30.649,1.5777,1.578,18.00,52.40
2007.09.04 06:26:30.679,1.5778,1.578,0.80,58.40
2007.09.04 06:26:30.746,1.5778,1.578,3.20,57.60
2007.09.04 06:26:30.771,1.5778,1.5781,11.20,46.00
2007.09.04 06:26:30.903,1.5778,1.578,11.20,0.90
2007.09.04 06:26:30.953,1.5778,1.57805,11.20,52.30
2007.09.04 06:26:31.181,1.5778,1.57805,13.20,52.30
2007.09.04 06:26:31.306,1.5778,1.5781,12.40,58.80
2007.09.04 06:26:31.681,1.5778,1.578,12.40,48.30
2007.09.04 06:26:31.723,1.5778,1.578,10.40,50.30
2007.09.04 06:26:32.307,1.5778,1.5779,10.40,0.50
2007.09.04 06:26:32.716,1.5778,1.5781,17.20,59.60
2007.09.04 06:26:32.727,1.5778,1.578,17.20,0.80
2007.09.04 06:26:32.822,1.5778,1.5781,17.20,36.70
2007.09.04 06:26:33.214,1.5778,1.578,0.70,0.90
2007.09.04 06:26:33.372,1.57775,1.5781,22.00,35.90
2007.09.04 06:26:33.821,1.5778,1.578,0.50,0.60
2007.09.04 06:26:33.873,1.5777,1.5781,42.00,37.50
2007.09.04 06:26:34.280,1.5777,1.5781,41.80,36.70
2007.09.04 06:26:34.698,1.5778,1.578,0.50,0.90
2007.09.04 06:26:35.597,1.5777,1.5781,42.80,37.50
2007.09.04 06:26:35.792,1.5777,1.5781,42.80,36.70
2007.09.04 06:26:37.230,1.5778,1.578,0.90,0.80
2007.09.04 06:26:37.644,1.5777,1.5781,42.00,42.30
2007.09.04 06:26:37.697,1.5777,1.5781,55.90,42.30
2007.09.04 06:26:37.739,1.5777,1.5781,50.30,43.10
2007.09.04 06:26:37.816,1.5778,1.578,0.60,0.70
2007.09.04 06:26:38.186,1.5777,1.578,39.30,49.90
2007.09.04 06:26:40.625,1.5778,1.5779,1.80,2.00
2007.09.04 06:26:41.716,1.5777,1.578,33.80,25.90
2007.09.04 06:26:41.822,1.5778,1.578,5.90,19.50
2007.09.04 06:26:43.070,1.5778,1.578,3.80,18.70
2007.09.04 06:26:43.168,1.5777,1.578,38.60,15.50
2007.09.04 06:26:43.296,1.5778,1.578,2.30,22.50
2007.09.04 06:26:44.824,1.5777,1.578,36.10,14.70
2007.09.04 06:26:44.961,1.5778,1.578,6.50,14.70
2007.09.04 06:26:45.200,1.5778,1.578,1.70,14.70
2007.09.04 06:26:46.212,1.5777,1.578,40.10,13.90
2007.09.04 06:26:48.029,1.5777,1.5779,38.50,1.60
2007.09.04 06:26:48.135,1.5777,1.5779,58.40,2.80
2007.09.04 06:26:48.230,1.5777,1.5779,35.60,26.70
2007.09.04 06:26:48.245,1.5777,1.5779,9.30,33.10
2007.09.04 06:26:48.375,1.5777,1.5779,4.30,33.10
2007.09.04 06:26:48.435,1.5776,1.5779,29.40,35.50
2007.09.04 06:26:48.650,1.5776,1.5779,41.40,35.50
2007.09.04 06:26:48.761,1.5776,1.5778,42.20,2.00
2007.09.04 06:26:49.692,1.5776,1.5779,36.20,33.10
2007.09.04 06:26:50.008,1.5776,1.5779,37.90,33.90
2007.09.04 06:26:50.679,1.5776,1.5779,46.00,33.90
2007.09.04 06:26:50.785,1.5777,1.5779,6.60,41.90
2007.09.04 06:26:50.819,1.5776,1.5779,46.10,44.30
2007.09.04 06:26:51.187,1.5777,1.5779,5.60,43.50
2007.09.04 06:26:52.875,1.5777,1.5779,1.70,45.90
2007.09.04 06:26:53.077,1.5777,1.5779,1.40,46.70
2007.09.04 06:26:53.183,1.5776,1.5778,40.70,2.00
2007.09.04 06:26:54.302,1.5776,1.5779,44.50,29.10
2007.09.04 06:26:54.395,1.5776,1.5779,52.40,23.50
2007.09.04 06:26:54.429,1.5777,1.5779,7.20,15.50
2007.09.04 06:26:54.734,1.5776,1.5779,42.10,15.50
2007.09.04 06:26:55.109,1.5776,1.5779,43.00,15.50
2007.09.04 06:26:55.218,1.5777,1.5779,1.30,14.70
2007.09.04 06:26:56.095,1.5777,1.5779,1.50,15.50
2007.09.04 06:26:56.191,1.5776,1.5779,43.00,14.70
2007.09.04 06:26:56.250,1.5776,1.5779,42.20,15.50
2007.09.04 06:26:57.098,1.5776,1.5779,43.00,16.30
2007.09.04 06:26:57.178,1.5777,1.5779,27.70,15.50
2007.09.04 06:26:57.206,1.5777,1.5779,27.70,11.90
2007.09.04 06:26:57.297,1.5778,1.5779,3.10,0.09
2007.09.04 06:26:57.393,1.5777,1.5779,47.70,0.09
2007.09.04 06:26:58.154,1.5778,1.5779,4.60,0.09
2007.09.04 06:26:58.384,1.5778,1.578,2.20,18.70
2007.09.04 06:26:59.714,1.5777,1.5779,56.50,0.09
2007.09.04 06:27:00.744,1.5777,1.5779,49.10,0.09
2007.09.04 06:27:00.905,1.5778,1.5779,4.50,0.09
2007.09.04 06:27:01.204,1.5777,1.5779,45.80,0.09
2007.09.04 06:27:01.268,1.57765,1.5779,49.20,0.09
2007.09.04 06:27:01.302,1.57765,1.5779,49.30,0.09
2007.09.04 06:27:01.359,1.57765,1.5779,41.30,0.09
2007.09.04 06:27:01.409,1.5777,1.5779,33.30,0.09
2007.09.04 06:27:01.777,1.5777,1.5779,31.70,0.09
2007.09.04 06:27:02.195,1.5777,1.5779,32.50,0.09
2007.09.04 06:27:02.777,1.5777,1.5779,38.10,0.09
2007.09.04 06:27:02.901,1.5777,1.5779,40.50,0.09
2007.09.04 06:27:03.667,1.5778,1.5779,2.40,0.09
2007.09.04 06:27:03.730,1.5778,1.578,6.40,26.70
2007.09.04 06:27:03.821,1.5778,1.578,14.40,26.70
2007.09.04 06:27:04.284,1.5778,1.578,14.50,26.70
2007.09.04 06:27:04.520,1.5778,1.578,14.50,18.70
2007.09.04 06:27:05.173,1.5778,1.5779,14.50,0.09
2007.09.04 06:27:05.212,1.5778,1.5779,12.10,0.09
2007.09.04 06:27:05.278,1.5778,1.5779,0.10,0.09
2007.09.04 06:27:05.414,1.5777,1.5779,26.70,0.09
2007.09.04 06:27:05.542,1.5777,1.5779,24.30,0.09
2007.09.04 06:27:05.688,1.5777,1.5779,34.60,0.09
2007.09.04 06:27:05.809,1.5777,1.5779,34.70,0.09
2007.09.04 06:27:05.998,1.5777,1.5779,35.50,0.09
2007.09.04 06:27:06.097,1.5777,1.578,35.50,26.70
2007.09.04 06:27:06.630,1.5777,1.5779,35.50,0.09
2007.09.04 06:27:06.725,1.5777,1.5779,32.50,0.09
2007.09.04 06:27:06.820,1.5777,1.5779,34.90,0.09
2007.09.04 06:27:07.133,1.5777,1.5779,40.50,0.09
2007.09.04 06:27:07.665,1.5777,1.5779,39.70,0.09
2007.09.04 06:27:07.802,1.5777,1.5779,37.30,0.09
2007.09.04 06:27:07.869,1.5777,1.5779,34.70,0.09
2007.09.04 06:27:10.031,1.5777,1.5779,35.50,0.09
2007.09.04 06:27:10.121,1.5777,1.5779,38.90,0.09
2007.09.04 06:27:10.146,1.5777,1.5779,42.10,0.09
2007.09.04 06:27:10.167,1.5777,1.5779,42.90,0.09
2007.09.04 06:27:10.229,1.5778,1.5779,15.00,0.09
2007.09.04 06:27:10.258,1.5778,1.5779,17.40,0.09
2007.09.04 06:27:10.322,1.5778,1.578,17.50,18.70
2007.09.04 06:27:10.859,1.5778,1.578,17.60,18.70
2007.09.04 06:27:13.744,1.5778,1.578,15.20,18.70
2007.09.04 06:27:13.764,1.5778,1.5779,0.10,0.09
2007.09.04 06:27:13.869,1.5777,1.5778,49.80,0.09
2007.09.04 06:27:13.943,1.5777,1.5778,47.40,0.09
2007.09.04 06:27:14.381,1.5777,1.5778,39.40,0.09
2007.09.04 06:27:14.447,1.5777,1.5778,33.90,0.09
2007.09.04 06:27:14.870,1.5777,1.5778,32.30,0.09
2007.09.04 06:27:15.161,1.5777,1.5778,31.50,0.09
2007.09.04 06:27:15.285,1.5777,1.5778,19.60,0.09
2007.09.04 06:27:20.715,1.5777,1.5778,19.50,0.09
2007.09.04 06:27:20.742,1.5777,1.5778,17.40,0.09
2007.09.04 06:27:20.870,1.5777,1.5778,13.40,0.09
2007.09.04 06:27:21.183,1.5777,1.5778,13.40,2.00
2007.09.04 06:27:26.677,1.5777,1.5778,13.40,0.09
2007.09.04 06:27:27.050,1.5777,1.5778,10.40,0.09
2007.09.04 06:27:27.143,1.5777,1.5778,12.40,0.09
2007.09.04 06:27:27.562,1.5777,1.5778,10.40,0.09
2007.09.04 06:27:28.393,1.5777,1.5778,10.40,2.00
2007.09.04 06:27:28.404,1.5777,1.5778,10.40,2.00
2007.09.04 06:27:28.630,1.5777,1.5778,10.40,2.00
2007.09.04 06:27:28.667,1.5777,1.5778,8.00,5.20
2007.09.04 06:27:28.729,1.5776,1.5777,21.50,0.09
2007.09.04 06:27:29.148,1.5776,1.5777,19.10,0.09
2007.09.04 06:27:29.241,1.5776,1.5777,3.20,0.09
2007.09.04 06:27:29.344,1.5776,1.5777,3.10,0.09
2007.09.04 06:27:29.590,1.5776,1.5777,3.00,0.09
2007.09.04 06:27:29.764,1.5776,1.5777,3.00,15.90
2007.09.04 06:27:29.792,1.5776,1.5777,3.10,15.90
2007.09.04 06:27:29.996,1.5776,1.5777,3.00,15.90
2007.09.04 06:27:30.280,1.5776,1.5777,3.00,0.09
2007.09.04 06:27:30.813,1.5776,1.5777,3.00,0.09
2007.09.04 06:27:30.823,1.5776,1.5777,3.10,0.09
2007.09.04 06:27:31.565,1.5776,1.5777,1.90,0.09
2007.09.04 06:27:32.157,1.5776,1.5777,2.40,0.09
2007.09.04 06:27:32.172,1.5776,1.5777,2.30,0.09
2007.09.04 06:27:32.271,1.5776,1.5777,3.10,0.09
2007.09.04 06:27:33.197,1.5776,1.5777,9.60,0.09
2007.09.04 06:27:33.254,1.5775,1.5777,32.00,0.09
2007.09.04 06:27:33.295,1.5776,1.5777,0.10,0.09
2007.09.04 06:27:34.287,1.5775,1.5776,31.80,0.09
2007.09.04 06:27:35.180,1.5775,1.5777,31.90,0.09
2007.09.04 06:27:37.096,1.5775,1.5776,33.80,0.09
2007.09.04 06:27:39.771,1.5776,1.5777,0.10,0.80
2007.09.04 06:27:40.105,1.5774,1.5777,38.60,0.80
2007.09.04 06:27:40.179,1.5774,1.5777,36.60,4.80
2007.09.04 06:27:40.203,1.5774,1.5777,27.90,5.60
2007.09.04 06:27:40.293,1.57735,1.5776,4.10,0.80
2007.09.04 06:27:40.309,1.57735,1.5776,4.00,0.80
2007.09.04 06:27:40.520,1.5773,1.5776,21.90,0.80
2007.09.04 06:27:40.692,1.5773,1.5776,25.10,31.90
2007.09.04 06:27:40.726,1.5773,1.5776,25.10,34.30
2007.09.04 06:27:40.791,1.5775,1.5776,0.06,34.30
2007.09.04 06:27:41.324,1.5774,1.5777,0.11,41.90
2007.09.04 06:27:41.411,1.5774,1.5777,2.46,33.90
2007.09.04 06:27:41.564,1.5774,1.5777,2.46,31.50
2007.09.04 06:27:41.628,1.5774,1.5777,1.60,30.70
2007.09.04 06:27:41.660,1.5774,1.5777,0.60,30.70
2007.09.04 06:27:41.747,1.5775,1.5777,0.06,30.70
2007.09.04 06:27:42.149,1.5775,1.5777,0.06,28.70
2007.09.04 06:27:42.175,1.5775,1.5777,0.06,27.90
2007.09.04 06:27:42.238,1.5774,1.5778,31.56,41.90
2007.09.04 06:27:42.358,1.5775,1.5778,1.40,43.50
2007.09.04 06:27:42.870,1.57745,1.5778,4.80,41.90
2007.09.04 06:27:43.606,1.5775,1.5777,0.06,0.80
2007.09.04 06:27:43.702,1.5774,1.5777,30.66,4.80
2007.09.04 06:27:44.233,1.5775,1.5777,0.06,5.60
2007.09.04 06:27:44.329,1.5773,1.5776,37.70,0.80
2007.09.04 06:27:44.434,1.5773,1.5776,37.70,0.80
2007.09.04 06:27:44.642,1.5774,1.5776,0.06,0.80
2007.09.04 06:27:45.226,1.5775,1.5777,0.06,33.90
2007.09.04 06:27:45.334,1.5775,1.5777,0.06,31.50
2007.09.04 06:27:45.753,1.5774,1.5777,8.60,31.50
2007.09.04 06:27:45.774,1.5774,1.5777,8.60,31.50
2007.09.04 06:27:46.170,1.5774,1.5777,2.00,33.90
2007.09.04 06:27:46.260,1.5774,1.5777,8.50,33.90
2007.09.04 06:27:46.387,1.5774,1.5777,10.00,33.90
2007.09.04 06:27:46.751,1.5774,1.5777,32.36,33.10
2007.09.04 06:27:46.803,1.5776,1.5777,0.06,33.10
2007.09.04 06:27:47.016,1.5775,1.5777,0.06,33.10
2007.09.04 06:27:47.124,1.5775,1.5777,0.06,31.50
2007.09.04 06:27:47.218,1.5774,1.5777,35.56,8.80
2007.09.04 06:27:47.226,1.5774,1.5777,31.56,30.70
2007.09.04 06:27:47.311,1.5774,1.5777,39.56,4.80
2007.09.04 06:27:47.732,1.5775,1.5777,0.06,28.70
2007.09.04 06:27:48.153,1.5774,1.5777,29.96,30.70
2007.09.04 06:27:48.221,1.5774,1.5777,29.96,31.50
2007.09.04 06:27:48.264,1.5776,1.5777,0.06,30.70
2007.09.04 06:27:48.643,1.5775,1.5777,0.11,29.90
2007.09.04 06:27:48.685,1.5775,1.5777,0.11,27.90
2007.09.04 06:27:48.771,1.5776,1.5777,0.06,4.00
2007.09.04 06:27:49.092,1.5776,1.5778,0.06,40.90
2007.09.04 06:27:49.707,1.5775,1.5778,0.11,43.30
2007.09.04 06:27:52.687,1.5776,1.5777,0.06,4.00
2007.09.04 06:27:52.837,1.5775,1.5777,0.11,23.90
2007.09.04 06:27:53.194,1.5775,1.5777,8.06,25.90
2007.09.04 06:27:53.299,1.5774,1.5777,38.70,32.10
2007.09.04 06:27:54.172,1.5774,1.5777,38.70,32.90
2007.09.04 06:27:54.226,1.5774,1.5777,38.70,32.90
2007.09.04 06:27:54.276,1.5774,1.5777,35.56,32.90
2007.09.04 06:27:58.153,1.5774,1.5777,35.66,30.50
2007.09.04 06:27:59.091,1.5775,1.5777,0.06,32.90
2007.09.04 06:28:00.661,1.5775,1.5777,0.06,29.90
2007.09.04 06:28:00.756,1.5774,1.5777,31.60,29.90
2007.09.04 06:28:00.956,1.5774,1.5777,31.60,29.90
2007.09.04 06:28:01.076,1.5775,1.5777,0.06,29.90
2007.09.04 06:28:01.170,1.5775,1.5777,0.06,32.90
2007.09.04 06:28:01.281,1.5775,1.5777,0.06,32.90
2007.09.04 06:28:05.868,1.5775,1.5777,0.06,32.90
2007.09.04 06:28:07.808,1.5776,1.5777,0.06,26.70
2007.09.04 06:28:09.756,1.5774,1.5777,35.36,26.70
2007.09.04 06:28:11.194,1.5775,1.5777,4.06,22.70
2007.09.04 06:28:11.396,1.5775,1.5777,14.46,14.70
2007.09.04 06:28:12.236,1.5776,1.5777,0.90,2.00
2007.09.04 06:28:12.760,1.5775,1.5777,0.50,2.80
2007.09.04 06:28:13.057,1.5775,1.5777,4.10,2.00
2007.09.04 06:28:13.279,1.5776,1.5777,0.06,2.00
2007.09.04 06:28:13.660,1.5775,1.5777,35.50,2.00
2007.09.04 06:28:13.784,1.5776,1.5777,5.10,2.00
2007.09.04 06:28:14.107,1.5776,1.5777,4.30,2.80
2007.09.04 06:28:14.200,1.5775,1.5777,7.80,12.40
2007.09.04 06:28:14.312,1.57745,1.5777,30.70,17.20
2007.09.04 06:28:14.406,1.57745,1.5777,18.80,29.10
2007.09.04 06:28:14.513,1.5774,1.5777,42.80,29.10
2007.09.04 06:28:14.699,1.5775,1.5777,3.00,29.90
2007.09.04 06:28:14.732,1.5774,1.5777,32.40,29.90
2007.09.04 06:28:15.028,1.5775,1.5777,1.60,29.90
2007.09.04 06:28:15.133,1.5774,1.5777,30.40,29.90
2007.09.04 06:28:15.214,1.5774,1.5776,20.80,2.40
2007.09.04 06:28:15.233,1.5773,1.5776,24.00,35.10
2007.09.04 06:28:15.356,1.5774,1.5776,0.80,39.10
2007.09.04 06:28:15.486,1.5773,1.5776,27.90,39.10
2007.09.04 06:28:15.829,1.5773,1.5776,24.16,39.10
2007.09.04 06:28:16.230,1.5774,1.5776,0.06,39.90
2007.09.04 06:28:16.254,1.5774,1.5776,0.06,41.90
2007.09.04 06:28:17.291,1.5773,1.5776,24.96,41.10
2007.09.04 06:28:17.710,1.5775,1.5776,0.06,23.90
2007.09.04 06:28:17.800,1.5775,1.5777,0.06,33.10
2007.09.04 06:28:18.942,1.5775,1.5777,0.06,31.50
2007.09.04 06:28:19.454,1.5774,1.5777,31.76,31.80
2007.09.04 06:28:19.545,1.5775,1.5777,0.06,32.30
2007.09.04 06:28:19.787,1.57735,1.5777,14.30,34.70
2007.09.04 06:28:19.836,1.5774,1.57765,4.30,0.30
2007.09.04 06:28:19.891,1.5775,1.57765,0.06,0.30
2007.09.04 06:28:20.255,1.5775,1.5776,0.06,0.30
2007.09.04 06:28:22.131,1.5774,1.5776,12.70,0.30
2007.09.04 06:28:22.211,1.5773,1.5776,51.50,2.60
2007.09.04 06:28:22.228,1.5773,1.5776,50.70,15.40
2007.09.04 06:28:22.325,1.5773,1.5776,50.70,15.70
2007.09.04 06:28:22.430,1.5774,1.5776,5.80,27.60
2007.09.04 06:28:22.755,1.5773,1.5776,38.60,27.60
2007.09.04 06:28:23.173,1.5774,1.5776,2.90,29.60
2007.09.04 06:28:23.687,1.5773,1.5776,40.00,24.80
2007.09.04 06:28:23.807,1.5774,1.5776,20.26,24.80
2007.09.04 06:28:23.889,1.5774,1.5776,20.26,24.80
2007.09.04 06:28:24.277,1.5775,1.5776,0.06,0.30
2007.09.04 06:28:24.585,1.5775,1.5777,0.06,29.60
2007.09.04 06:28:24.789,1.5775,1.5777,0.06,29.90
2007.09.04 06:28:24.936,1.5775,1.5777,0.06,28.30
2007.09.04 06:28:25.207,1.5774,1.5776,34.56,2.40
2007.09.04 06:28:25.253,1.57735,1.5776,35.50,14.40
2007.09.04 06:28:25.556,1.5773,1.5776,46.70,14.40
2007.09.04 06:28:25.767,1.5773,1.5776,46.70,14.60
2007.09.04 06:28:25.880,1.5773,1.5776,50.70,14.60
2007.09.04 06:28:25.930,1.5773,1.5776,50.70,14.90
2007.09.04 06:28:26.084,1.5774,1.5776,12.40,15.70
2007.09.04 06:28:26.324,1.5773,1.5776,50.70,16.00
2007.09.04 06:28:26.386,1.5773,1.5776,41.80,27.90
2007.09.04 06:28:27.213,1.5775,1.5776,0.06,23.10
2007.09.04 06:28:27.254,1.5774,1.5776,21.26,20.70
2007.09.04 06:28:27.332,1.5775,1.5776,0.06,12.70
2007.09.04 06:28:27.821,1.5774,1.5776,22.06,12.40
2007.09.04 06:28:27.859,1.5775,1.5776,0.06,12.20
2007.09.04 06:28:27.992,1.5774,1.5776,22.06,11.90
2007.09.04 06:28:28.435,1.5774,1.5777,27.46,27.50
2007.09.04 06:28:28.651,1.5775,1.5777,0.06,28.30
2007.09.04 06:28:28.707,1.5774,1.5776,26.66,2.40
2007.09.04 06:28:28.745,1.5774,1.5776,31.56,14.60
2007.09.04 06:28:28.853,1.5774,1.5776,14.70,14.60
2007.09.04 06:28:28.948,1.5774,1.5776,3.30,14.60
2007.09.04 06:28:29.032,1.5773,1.5776,49.10,14.90
2007.09.04 06:28:29.163,1.5773,1.5776,46.70,15.70
2007.09.04 06:28:29.196,1.5773,1.5776,45.90,16.00
2007.09.04 06:28:29.512,1.5773,1.5776,39.60,27.10
2007.09.04 06:28:29.896,1.5773,1.5776,40.00,27.10
2007.09.04 06:28:37.634,1.5774,1.5776,16.40,27.10
2007.09.04 06:28:37.652,1.5774,1.5776,14.40,27.10
2007.09.04 06:28:37.743,1.5774,1.5776,12.00,27.10
2007.09.04 06:28:37.754,1.5774,1.5776,0.06,35.10
2007.09.04 06:28:38.970,1.5774,1.5776,0.06,35.10
2007.09.04 06:28:44.653,1.5774,1.5776,0.06,35.60
2007.09.04 06:28:44.838,1.5774,1.5776,0.06,35.40
2007.09.04 06:28:44.907,1.5774,1.5776,0.06,35.90
2007.09.04 06:28:45.046,1.5774,1.5776,0.06,36.70
2007.09.04 06:28:45.093,1.5774,1.5776,0.06,39.10
2007.09.04 06:28:45.140,1.5774,1.5776,0.06,39.90
2007.09.04 06:28:45.207,1.5774,1.5776,0.06,41.90
2007.09.04 06:28:45.307,1.5774,1.5776,0.06,45.90
2007.09.04 06:28:45.711,1.5774,1.5776,0.06,46.70
2007.09.04 06:28:46.315,1.5773,1.5776,14.70,46.70
2007.09.04 06:28:46.822,1.5774,1.5776,0.06,46.70
2007.09.04 06:28:48.809,1.5774,1.5776,0.06,47.50
2007.09.04 06:28:48.822,1.5774,1.5776,0.06,49.10
2007.09.04 06:28:48.844,1.5774,1.5776,0.06,48.30
2007.09.04 06:28:48.906,1.5774,1.5776,0.06,47.50
2007.09.04 06:28:49.067,1.5774,1.5776,0.06,46.70
2007.09.04 06:28:50.690,1.5774,1.5775,0.06,10.40
2007.09.04 06:28:50.777,1.5774,1.5775,0.06,11.20
2007.09.04 06:28:50.862,1.5774,1.5775,0.06,12.00
2007.09.04 06:28:50.946,1.5774,1.5776,0.06,49.90
2007.09.04 06:28:51.182,1.5774,1.5775,0.06,0.60
2007.09.04 06:28:51.210,1.5774,1.5776,0.06,41.60
2007.09.04 06:28:51.305,1.5774,1.5776,0.06,41.60
2007.09.04 06:28:51.376,1.5774,1.57755,0.06,1.40
2007.09.04 06:28:51.404,1.5774,1.5776,0.06,40.80
2007.09.04 06:28:52.192,1.5773,1.57755,14.70,0.70
2007.09.04 06:28:52.225,1.5773,1.57755,14.70,3.10
2007.09.04 06:28:52.296,1.5773,1.57755,14.70,15.80
2007.09.04 06:28:52.398,1.5773,1.57755,2.80,27.80
2007.09.04 06:28:52.437,1.5773,1.5775,2.80,0.80
2007.09.04 06:28:53.033,1.5773,1.5776,2.80,49.80
2007.09.04 06:28:59.213,1.5773,1.5775,2.80,0.50
2007.09.04 06:29:02.635,1.5773,1.5776,7.60,51.20
2007.09.04 06:29:02.712,1.5773,1.5776,10.00,51.20
2007.09.04 06:29:02.756,1.5773,1.5775,32.30,0.80
2007.09.04 06:29:02.864,1.5773,1.57755,32.30,13.10
2007.09.04 06:29:03.055,1.5773,1.5775,33.10,0.70
2007.09.04 06:29:07.607,1.5774,1.57755,0.06,13.10
2007.09.04 06:29:10.781,1.5774,1.5775,0.06,0.80
2007.09.04 06:29:11.204,1.5774,1.5775,2.00,0.50
2007.09.04 06:29:11.313,1.5774,1.57755,2.00,11.10
2007.09.04 06:29:15.983,1.5774,1.5775,2.00,0.60
2007.09.04 06:29:16.103,1.5774,1.5775,3.60,0.60
2007.09.04 06:29:16.194,1.5774,1.57755,2.00,11.10
2007.09.04 06:29:21.134,1.5774,1.5775,2.80,10.40
2007.09.04 06:29:21.159,1.5774,1.5775,6.80,10.40
2007.09.04 06:29:21.226,1.5774,1.5775,9.20,8.00
2007.09.04 06:29:21.257,1.5775,1.57755,0.06,0.70
2007.09.04 06:29:21.467,1.5775,1.5776,0.06,26.00
2007.09.04 06:29:21.750,1.5775,1.5776,0.06,26.90
2007.09.04 06:29:22.789,1.5775,1.5776,0.06,11.30
2007.09.04 06:29:22.818,1.5775,1.5776,0.06,10.40
2007.09.04 06:29:23.199,1.5775,1.5776,2.00,11.20
2007.09.04 06:29:24.212,1.5775,1.5776,4.40,8.80
2007.09.04 06:29:24.226,1.5776,1.57765,0.06,0.80
2007.09.04 06:29:24.341,1.5776,1.57765,0.06,0.80
2007.09.04 06:29:25.669,1.5776,1.57765,0.06,0.80
2007.09.04 06:29:25.869,1.5776,1.5777,0.06,3.00
2007.09.04 06:29:28.739,1.5776,1.5777,2.40,3.00
2007.09.04 06:29:28.756,1.5777,1.57775,0.06,0.70
2007.09.04 06:29:28.874,1.5777,1.57775,0.06,0.70
2007.09.04 06:29:29.073,1.5777,1.5778,0.06,38.70
2007.09.04 06:29:29.145,1.5777,1.5778,0.06,39.50
2007.09.04 06:29:29.175,1.5777,1.5778,0.06,31.50
2007.09.04 06:29:29.271,1.5776,1.5778,17.20,27.40
2007.09.04 06:29:30.309,1.5776,1.5778,16.40,27.40
2007.09.04 06:29:31.057,1.5776,1.5778,17.20,27.40
2007.09.04 06:29:31.153,1.5776,1.5778,16.40,27.40
2007.09.04 06:29:32.100,1.5776,1.5778,17.20,27.40
2007.09.04 06:29:32.304,1.5776,1.5778,16.40,27.40
2007.09.04 06:29:32.929,1.5776,1.5778,17.20,27.40
2007.09.04 06:29:33.237,1.5776,1.5778,16.40,27.40
2007.09.04 06:29:33.770,1.5776,1.5778,17.20,27.40
2007.09.04 06:29:33.974,1.5776,1.5778,16.40,27.40
2007.09.04 06:29:34.185,1.5776,1.5778,16.40,30.40
2007.09.04 06:29:34.306,1.5776,1.5778,4.40,36.80
2007.09.04 06:29:34.324,1.5776,1.5778,2.00,36.80
2007.09.04 06:29:36.323,1.5776,1.5778,2.00,37.60
2007.09.04 06:29:36.626,1.5776,1.5778,2.00,36.80
2007.09.04 06:29:36.651,1.5777,1.5778,2.40,36.00
2007.09.04 06:29:36.755,1.5777,1.5778,10.10,7.10
2007.09.04 06:29:36.767,1.5777,1.5778,10.10,4.70
2007.09.04 06:29:36.839,1.5777,1.5778,10.10,1.50
2007.09.04 06:29:37.060,1.5777,1.5778,10.10,0.70
2007.09.04 06:29:37.156,1.5777,1.5778,12.10,0.70
2007.09.04 06:29:37.179,1.5777,1.57785,12.10,3.00
2007.09.04 06:29:37.382,1.5777,1.5778,12.10,0.60
2007.09.04 06:29:38.202,1.5777,1.5778,25.10,0.60
2007.09.04 06:29:38.218,1.5777,1.5778,25.90,0.60
2007.09.04 06:29:38.297,1.5777,1.5778,29.90,0.60
2007.09.04 06:29:38.403,1.5776,1.5778,49.50,0.60
2007.09.04 06:29:38.513,1.5777,1.57795,7.30,0.60
2007.09.04 06:29:38.702,1.5776,1.57795,49.90,0.60
2007.09.04 06:29:39.647,1.5776,1.57795,49.90,0.60
2007.09.04 06:29:39.655,1.5777,1.57795,13.30,0.60
2007.09.04 06:29:39.768,1.5777,1.57795,6.60,0.60
2007.09.04 06:29:39.854,1.5777,1.57795,5.30,0.60
2007.09.04 06:29:40.052,1.5776,1.578,59.10,29.90
2007.09.04 06:29:40.077,1.5777,1.578,25.90,29.90
2007.09.04 06:29:40.159,1.5777,1.578,54.70,29.90
2007.09.04 06:29:40.175,1.5777,1.578,55.50,30.50
2007.09.04 06:29:40.673,1.5777,1.578,52.30,30.50
2007.09.04 06:29:40.689,1.5777,1.578,44.70,22.50
2007.09.04 06:29:40.773,1.5778,1.578,0.70,20.10
2007.09.04 06:29:41.190,1.5778,1.578,0.90,20.90
2007.09.04 06:29:41.258,1.5777,1.578,44.70,22.90
2007.09.04 06:29:42.006,1.5778,1.578,1.40,23.60
2007.09.04 06:29:45.639,1.5778,1.578,1.10,23.60
2007.09.04 06:29:45.708,1.5778,1.578,2.90,23.60
2007.09.04 06:29:45.750,1.5778,1.578,21.00,16.60
2007.09.04 06:29:46.674,1.5777,1.578,42.80,16.60
2007.09.04 06:29:46.890,1.5778,1.578,1.30,16.60
2007.09.04 06:29:47.152,1.5777,1.578,39.60,15.80
2007.09.04 06:29:47.163,1.5778,1.578,20.40,13.80
2007.09.04 06:29:47.270,1.5779,1.578,8.00,1.20
2007.09.04 06:29:47.360,1.5778,1.578,40.80,1.20
2007.09.04 06:29:47.439,1.5778,1.578,40.80,0.60
2007.09.04 06:29:47.471,1.5778,1.578,28.50,0.60
2007.09.04 06:29:47.489,1.5778,1.5781,28.50,40.70
2007.09.04 06:29:47.690,1.5778,1.5781,46.40,41.50
2007.09.04 06:29:47.754,1.5778,1.5781,40.00,47.10
2007.09.04 06:29:47.797,1.5778,1.578,5.80,12.50
2007.09.04 06:29:47.999,1.5777,1.578,58.00,13.20
2007.09.04 06:29:48.197,1.5778,1.578,4.60,13.20
2007.09.04 06:29:48.261,1.5777,1.578,39.00,12.50
2007.09.04 06:29:48.286,1.5777,1.578,39.00,13.20
2007.09.04 06:29:48.304,1.5778,1.578,4.90,0.60
2007.09.04 06:29:48.584,1.57775,1.5781,39.30,42.40
2007.09.04 06:29:48.691,1.57775,1.578,36.90,2.40
2007.09.04 06:29:48.718,1.5778,1.578,12.70,9.40
2007.09.04 06:29:48.772,1.5777,1.578,44.40,10.00
2007.09.04 06:29:48.819,1.5778,1.578,7.80,18.70
2007.09.04 06:29:48.996,1.5777,1.578,37.20,18.70
2007.09.04 06:29:49.239,1.5777,1.578,36.70,15.70
2007.09.04 06:29:49.348,1.5778,1.578,1.40,30.00
2007.09.04 06:29:49.396,1.5777,1.578,30.40,30.60
2007.09.04 06:29:49.771,1.5777,1.578,27.20,31.20
2007.09.04 06:29:49.976,1.5778,1.578,0.60,31.20
2007.09.04 06:29:50.172,1.5777,1.578,45.50,23.20
2007.09.04 06:29:50.240,1.5777,1.578,45.50,20.80
2007.09.04 06:29:50.267,1.5777,1.578,49.50,20.80
2007.09.04 06:29:51.208,1.5778,1.578,3.70,19.80
2007.09.04 06:29:51.270,1.5778,1.578,5.50,19.80
2007.09.04 06:29:51.431,1.5778,1.578,1.50,19.80
2007.09.04 06:29:54.705,1.5778,1.578,3.50,15.80
2007.09.04 06:29:55.156,1.5778,1.578,21.20,15.80
2007.09.04 06:29:55.228,1.5778,1.578,33.90,3.30
2007.09.04 06:29:55.260,1.5778,1.578,33.90,2.60
2007.09.04 06:29:55.465,1.5778,1.578,33.90,2.00
2007.09.04 06:29:55.671,1.5778,1.578,33.90,2.60
2007.09.04 06:29:57.205,1.5779,1.578,1.20,2.60
2007.09.04 06:29:57.223,1.57775,1.578,41.90,2.60
2007.09.04 06:29:58.850,1.57775,1.578,41.10,2.60
2007.09.04 06:30:00.707,1.57775,1.578,37.90,5.80
2007.09.04 06:30:00.720,1.5778,1.578,2.90,9.80
2007.09.04 06:30:00.810,1.57775,1.578,23.90,17.80
2007.09.04 06:30:00.925,1.57775,1.578,23.90,17.00
2007.09.04 06:30:01.205,1.5778,1.578,15.70,5.00
2007.09.04 06:30:01.229,1.5778,1.578,11.00,2.60
2007.09.04 06:30:02.769,1.5778,1.578,3.30,2.60
2007.09.04 06:30:03.008,1.57775,1.578,30.70,2.60
2007.09.04 06:30:03.622,1.57775,1.578,29.90,3.40
2007.09.04 06:30:03.697,1.57775,1.578,23.90,15.40
2007.09.04 06:30:03.720,1.57775,1.578,23.90,17.80
2007.09.04 06:30:03.816,1.5778,1.578,9.90,18.40
2007.09.04 06:30:03.913,1.5777,1.578,52.70,18.40
2007.09.04 06:30:04.115,1.5778,1.578,2.30,21.60
2007.09.04 06:30:04.137,1.5778,1.578,8.70,21.00
2007.09.04 06:30:04.152,1.5777,1.578,46.30,21.60
2007.09.04 06:30:04.240,1.5777,1.578,32.10,47.10
2007.09.04 06:30:04.321,1.5777,1.5779,32.10,2.00
2007.09.04 06:30:04.439,1.5778,1.5779,4.70,2.00
2007.09.04 06:30:05.154,1.5777,1.578,40.00,50.90
2007.09.04 06:30:05.172,1.5778,1.578,3.20,45.30
2007.09.04 06:30:05.265,1.5777,1.578,46.40,42.10
2007.09.04 06:30:05.344,1.5778,1.578,1.00,19.70
2007.09.04 06:30:10.022,1.5777,1.578,41.80,19.70
2007.09.04 06:30:10.211,1.5778,1.578,3.60,19.10
2007.09.04 06:30:10.232,1.5777,1.578,44.20,14.50
2007.09.04 06:30:10.431,1.5778,1.578,1.60,13.90
2007.09.04 06:30:10.723,1.5777,1.578,44.20,14.50
2007.09.04 06:30:10.750,1.5777,1.578,45.20,14.50
2007.09.04 06:30:11.754,1.5777,1.578,53.10,2.50
2007.09.04 06:30:11.840,1.5777,1.578,53.10,2.00
2007.09.04 06:30:11.859,1.5777,1.57805,53.60,0.50
2007.09.04 06:30:11.895,1.5778,1.5781,1.20,41.20
2007.09.04 06:30:11.937,1.5778,1.5781,12.60,41.80
2007.09.04 06:30:12.282,1.5778,1.5781,8.20,44.20
2007.09.04 06:30:12.704,1.5777,1.5781,55.50,44.20
2007.09.04 06:30:13.208,1.5778,1.5781,4.50,44.20
2007.09.04 06:30:13.325,1.5777,1.5781,53.90,41.80
2007.09.04 06:30:14.116,1.57775,1.5781,38.70,47.40
2007.09.04 06:30:15.079,1.5778,1.5781,16.40,48.20
2007.09.04 06:30:15.271,1.5778,1.578,0.50,19.50
2007.09.04 06:30:15.290,1.5778,1.578,3.70,19.50
2007.09.04 06:30:16.233,1.5778,1.578,6.50,5.60
2007.09.04 06:30:16.249,1.5778,1.5781,9.50,34.60
2007.09.04 06:30:16.329,1.5778,1.5781,9.70,50.60
2007.09.04 06:30:16.532,1.57775,1.5781,36.30,48.20
2007.09.04 06:30:16.649,1.5778,1.5781,9.30,47.40
2007.09.04 06:30:17.637,1.5778,1.5781,34.70,47.40
2007.09.04 06:30:17.751,1.5778,1.5781,35.50,43.80
2007.09.04 06:30:17.886,1.5778,1.5781,31.50,23.80
2007.09.04 06:30:17.992,1.57785,1.5781,15.10,31.80
2007.09.04 06:30:18.068,1.5779,1.5781,6.30,32.60
2007.09.04 06:30:18.176,1.57785,1.5781,16.70,24.60
2007.09.04 06:30:18.200,1.5779,1.5781,2.20,24.10
2007.09.04 06:30:18.243,1.57785,1.578,16.70,8.00
2007.09.04 06:30:18.266,1.5779,1.578,0.90,31.90
2007.09.04 06:30:18.515,1.57785,1.578,4.80,32.40
2007.09.04 06:30:18.680,1.5778,1.578,21.20,24.40
2007.09.04 06:30:18.793,1.5777,1.578,31.20,24.40
2007.09.04 06:30:18.822,1.5777,1.578,33.60,27.40
2007.09.04 06:30:18.828,1.5778,1.578,6.80,25.00
2007.09.04 06:30:18.883,1.5777,1.578,49.50,25.00
2007.09.04 06:30:19.209,1.5777,1.578,51.10,27.00
2007.09.04 06:30:20.139,1.5777,1.578,49.50,25.00
2007.09.04 06:30:20.248,1.5777,1.578,49.50,27.40
2007.09.04 06:30:20.252,1.5777,1.578,49.50,35.40
2007.09.04 06:30:20.341,1.5777,1.578,33.60,35.40
2007.09.04 06:30:21.700,1.5777,1.578,33.60,33.00
2007.09.04 06:30:21.809,1.5777,1.578,34.40,18.00
2007.09.04 06:30:21.913,1.5777,1.578,34.40,17.50
2007.09.04 06:30:22.010,1.5777,1.578,35.20,17.50
2007.09.04 06:30:22.220,1.5777,1.578,37.60,17.50
2007.09.04 06:30:22.317,1.5777,1.578,37.60,11.90
2007.09.04 06:30:22.330,1.5778,1.5781,14.40,46.70
2007.09.04 06:30:23.156,1.5778,1.578,5.20,12.00
2007.09.04 06:30:23.241,1.5778,1.578,7.80,14.40
2007.09.04 06:30:23.263,1.5777,1.578,43.10,17.40
2007.09.04 06:30:23.334,1.5778,1.578,6.20,23.00
2007.09.04 06:30:23.373,1.5778,1.578,2.80,34.90
2007.09.04 06:30:23.953,1.5777,1.578,35.20,35.40
2007.09.04 06:30:39.805,1.5778,1.578,6.80,35.40
2007.09.04 06:30:43.692,1.5778,1.578,6.00,35.40
2007.09.04 06:30:43.708,1.5778,1.578,4.00,35.40
2007.09.04 06:30:43.824,1.5778,1.578,4.00,36.80
2007.09.04 06:30:43.886,1.5778,1.578,4.00,36.20
2007.09.04 06:30:44.053,1.5778,1.57795,4.00,0.60
2007.09.04 06:30:44.199,1.5778,1.5779,4.00,8.00
2007.09.04 06:30:44.225,1.5778,1.5779,4.00,16.00
2007.09.04 06:30:44.321,1.5777,1.5779,36.30,16.00
2007.09.04 06:30:45.667,1.5778,1.5779,3.20,16.00
2007.09.04 06:30:45.681,1.5778,1.5779,5.20,16.00
2007.09.04 06:30:45.775,1.5778,1.5779,5.20,13.60
2007.09.04 06:30:45.793,1.5778,1.5779,13.20,5.60
2007.09.04 06:30:46.092,1.5778,1.5779,14.00,5.60
2007.09.04 06:30:46.281,1.5778,1.578,14.00,36.50
2007.09.04 06:30:46.296,1.5778,1.578,18.00,36.50
2007.09.04 06:30:46.387,1.5778,1.578,18.00,37.00
2007.09.04 06:30:46.708,1.5778,1.578,7.20,45.00
2007.09.04 06:30:46.790,1.5778,1.578,4.80,45.00
2007.09.04 06:30:46.925,1.5778,1.578,4.00,43.40
2007.09.04 06:30:47.125,1.5777,1.578,33.90,44.20
2007.09.04 06:30:47.222,1.5777,1.578,29.90,36.20
2007.09.04 06:30:47.301,1.5777,1.578,29.90,33.80
2007.09.04 06:30:47.635,1.5777,1.578,36.30,33.80
2007.09.04 06:30:47.848,1.5777,1.578,32.30,40.20
2007.09.04 06:30:48.237,1.5777,1.578,32.30,43.00
2007.09.04 06:30:48.325,1.5777,1.578,32.30,40.60
2007.09.04 06:30:49.070,1.5777,1.5779,31.50,1.60
2007.09.04 06:30:49.155,1.5777,1.5779,27.50,4.80
2007.09.04 06:30:49.256,1.5777,1.5778,26.70,5.60
2007.09.04 06:30:49.275,1.5777,1.5778,12.40,5.60
2007.09.04 06:30:50.104,1.5777,1.5778,13.20,5.60
2007.09.04 06:30:50.181,1.5777,1.5779,14.00,39.50
2007.09.04 06:30:50.198,1.5777,1.5779,14.00,37.50
2007.09.04 06:30:50.287,1.5777,1.5779,14.00,36.40
2007.09.04 06:30:50.310,1.5777,1.578,29.90,40.60
2007.09.04 06:30:50.480,1.5777,1.578,29.90,41.20
2007.09.04 06:30:50.551,1.5777,1.578,29.90,41.70
2007.09.04 06:30:50.615,1.5777,1.578,29.90,44.10
2007.09.04 06:30:52.695,1.5777,1.578,29.10,44.10
2007.09.04 06:30:52.837,1.5777,1.578,29.90,44.10
2007.09.04 06:30:53.117,1.5777,1.578,29.10,45.70
2007.09.04 06:30:53.187,1.5777,1.5779,29.10,2.40
2007.09.04 06:30:53.231,1.5777,1.5779,25.10,18.20
2007.09.04 06:30:53.332,1.5777,1.5779,25.10,18.70
2007.09.04 06:30:53.413,1.5777,1.5779,25.10,19.30
2007.09.04 06:30:53.428,1.5777,1.5779,13.20,31.20
2007.09.04 06:30:53.475,1.5777,1.5779,13.20,36.80
2007.09.04 06:30:53.684,1.5777,1.5779,12.40,36.80
2007.09.04 06:30:53.798,1.5777,1.5779,12.40,37.30
2007.09.04 06:30:54.215,1.5777,1.5779,12.40,38.10
2007.09.04 06:30:54.229,1.5777,1.5779,12.40,40.10
2007.09.04 06:31:04.411,1.5777,1.5779,12.40,39.60
2007.09.04 06:31:05.084,1.5777,1.5779,12.40,40.10
2007.09.04 06:31:35.028,1.5777,1.5778,12.40,3.20
2007.09.04 06:31:35.162,1.5777,1.5778,10.40,1.60
2007.09.04 06:31:35.239,1.5777,1.5778,10.40,21.10
2007.09.04 06:31:35.441,1.5777,1.5778,10.40,21.60
2007.09.04 06:31:35.646,1.5777,1.5778,10.40,22.40
2007.09.04 06:31:36.071,1.5777,1.5778,10.40,28.80
2007.09.04 06:31:36.159,1.5777,1.5778,8.00,28.80
2007.09.04 06:31:36.191,1.5775,1.5777,43.70,2.00
2007.09.04 06:31:36.267,1.5775,1.5777,43.70,7.60
2007.09.04 06:31:36.294,1.5775,1.5777,25.80,19.50
2007.09.04 06:31:36.341,1.5775,1.5777,23.40,19.50
2007.09.04 06:31:41.283,1.5775,1.57775,23.40,20.10
2007.09.04 06:31:43.195,1.5776,1.57775,8.00,20.10
2007.09.04 06:31:43.245,1.5776,1.5777,10.40,0.80
2007.09.04 06:31:43.272,1.5776,1.5777,10.40,0.90
2007.09.04 06:31:46.199,1.5776,1.57775,12.40,6.20
2007.09.04 06:31:49.682,1.5776,1.5777,2.40,0.70
2007.09.04 06:31:49.717,1.5775,1.5778,25.00,47.80
2007.09.04 06:31:49.770,1.5775,1.5778,18.60,51.50
2007.09.04 06:31:49.830,1.5775,1.5777,18.60,40.00
2007.09.04 06:31:50.198,1.5775,1.5776,17.80,0.90
2007.09.04 06:31:50.518,1.5775,1.5777,18.60,38.10
2007.09.04 06:31:50.707,1.5775,1.5777,17.00,38.10
2007.09.04 06:31:53.638,1.5775,1.5776,17.80,0.80
2007.09.04 06:31:53.726,1.5776,1.5777,8.00,26.10
2007.09.04 06:31:53.751,1.5776,1.5778,10.40,40.70
2007.09.04 06:31:53.835,1.5776,1.5778,10.40,39.00
2007.09.04 06:31:54.050,1.5776,1.5777,10.40,0.50
2007.09.04 06:31:54.139,1.5776,1.5778,2.40,43.00
2007.09.04 06:31:54.158,1.5776,1.5778,2.40,44.60
2007.09.04 06:31:54.260,1.5775,1.5778,18.00,47.80
2007.09.04 06:31:54.673,1.5775,1.5777,18.80,0.70
2007.09.04 06:31:54.760,1.5775,1.5778,18.80,43.00
2007.09.04 06:31:54.766,1.5775,1.5777,18.80,0.90
2007.09.04 06:31:55.158,1.5775,1.57775,18.80,25.80
2007.09.04 06:31:55.185,1.5776,1.57775,2.40,25.80
2007.09.04 06:31:55.246,1.5776,1.5777,10.40,0.60
2007.09.04 06:31:55.302,1.5776,1.5778,10.40,32.10
2007.09.04 06:31:55.479,1.5776,1.5777,10.40,0.60
2007.09.04 06:31:55.561,1.5776,1.5777,12.40,0.80
2007.09.04 06:31:55.659,1.5776,1.5778,10.40,50.80
2007.09.04 06:31:55.699,1.5776,1.5777,8.00,0.90
2007.09.04 06:31:55.778,1.5775,1.5777,18.00,0.70
2007.09.04 06:31:55.994,1.5775,1.5778,19.60,43.50
2007.09.04 06:31:56.210,1.5775,1.5778,18.80,44.80
2007.09.04 06:31:57.033,1.5775,1.57775,17.20,20.80
2007.09.04 06:31:58.054,1.5775,1.57775,17.20,21.10
2007.09.04 06:31:58.692,1.5775,1.5777,17.20,0.60
2007.09.04 06:31:58.896,1.5775,1.5777,17.20,0.70
2007.09.04 06:32:01.267,1.5775,1.5777,17.20,0.50
2007.09.04 06:32:01.655,1.5775,1.57775,18.00,20.00
2007.09.04 06:32:01.670,1.5775,1.5777,18.00,0.90
2007.09.04 06:32:01.767,1.5775,1.57775,34.70,6.10
2007.09.04 06:32:01.770,1.5775,1.5778,34.70,52.10
2007.09.04 06:32:02.078,1.5775,1.57775,37.10,0.50
2007.09.04 06:32:02.094,1.5775,1.57775,37.10,0.20
2007.09.04 06:32:02.192,1.5775,1.5778,28.20,1.90
2007.09.04 06:32:02.580,1.57755,1.5779,2.40,36.80
2007.09.04 06:32:02.605,1.5776,1.5779,2.40,47.30
2007.09.04 06:32:02.892,1.5776,1.5778,2.40,0.50
2007.09.04 06:32:02.915,1.5776,1.57785,2.40,0.20
2007.09.04 06:32:03.012,1.57755,1.57785,2.40,0.20
2007.09.04 06:32:03.072,1.5775,1.57785,35.30,0.20
2007.09.04 06:32:03.114,1.5775,1.57785,33.20,0.20
2007.09.04 06:32:03.404,1.5775,1.57785,33.20,0.40
2007.09.04 06:32:04.371,1.5775,1.5778,47.50,0.40
2007.09.04 06:32:04.392,1.5775,1.5779,45.10,54.00
2007.09.04 06:32:05.247,1.5775,1.5779,44.30,54.00
2007.09.04 06:32:05.927,1.5775,1.5778,30.00,0.60
2007.09.04 06:32:06.032,1.5775,1.5779,32.40,48.80
2007.09.04 06:32:06.665,1.5775,1.5779,44.30,49.50
2007.09.04 06:32:06.705,1.5775,1.5779,44.30,51.90
2007.09.04 06:32:06.771,1.5775,1.5777,25.00,0.70
2007.09.04 06:32:06.797,1.5775,1.5777,25.00,0.70
2007.09.04 06:32:06.919,1.5775,1.5777,22.60,0.90
2007.09.04 06:32:07.229,1.5775,1.5778,22.60,42.00
2007.09.04 06:32:10.160,1.5776,1.5777,2.40,19.50
2007.09.04 06:32:10.176,1.5776,1.5777,2.40,17.50
2007.09.04 06:32:10.255,1.5776,1.5777,10.40,5.60
2007.09.04 06:32:11.189,1.5776,1.5777,12.40,5.60
2007.09.04 06:32:26.642,1.5776,1.5777,12.40,6.40
2007.09.04 06:32:26.736,1.5775,1.5776,22.90,5.60
2007.09.04 06:32:26.765,1.5775,1.5776,19.40,5.60
2007.09.04 06:32:26.861,1.5775,1.5776,17.00,5.60
2007.09.04 06:32:27.143,1.5775,1.5776,17.80,5.60
2007.09.04 06:32:27.166,1.5775,1.5776,21.80,5.60
2007.09.04 06:32:27.237,1.5775,1.5777,21.80,33.90
2007.09.04 06:32:27.269,1.5775,1.5777,21.80,19.50
2007.09.04 06:32:27.651,1.5776,1.5777,2.40,19.50
2007.09.04 06:32:27.686,1.5776,1.5777,10.40,17.50
2007.09.04 06:32:27.875,1.5776,1.5777,10.40,5.60
2007.09.04 06:32:28.163,1.5776,1.5777,8.00,5.60
2007.09.04 06:32:28.196,1.5775,1.5777,26.60,19.50
2007.09.04 06:32:28.331,1.5775,1.5777,22.60,19.50
2007.09.04 06:32:30.987,1.5775,1.5777,24.20,19.50
2007.09.04 06:32:31.032,1.5775,1.5777,26.60,19.50
2007.09.04 06:32:31.091,1.5775,1.5777,27.40,19.50
2007.09.04 06:32:31.205,1.5775,1.5777,29.80,19.50
2007.09.04 06:32:31.216,1.5775,1.5777,27.40,13.90
2007.09.04 06:32:31.262,1.5777,1.5778,2.40,4.00
2007.09.04 06:32:31.326,1.5777,1.57785,10.40,2.40
2007.09.04 06:32:31.386,1.5777,1.5779,10.40,47.00
2007.09.04 06:32:31.589,1.5777,1.5779,10.40,53.40
2007.09.04 06:32:31.625,1.5777,1.5779,10.40,51.00
2007.09.04 06:32:31.735,1.5777,1.5779,8.00,51.00
2007.09.04 06:32:31.828,1.5776,1.5779,4.80,44.40
2007.09.04 06:32:33.495,1.5776,1.5779,7.20,50.00
2007.09.04 06:32:33.713,1.5776,1.5779,7.20,49.40
2007.09.04 06:32:34.002,1.5776,1.5779,4.80,47.00
2007.09.04 06:32:34.203,1.5776,1.5779,4.80,51.00
2007.09.04 06:32:34.275,1.5776,1.5779,4.80,53.40
2007.09.04 06:32:34.529,1.5776,1.5779,7.20,43.00
2007.09.04 06:32:36.372,1.5776,1.5779,7.20,45.40
2007.09.04 06:32:36.696,1.5776,1.5779,11.20,45.40
2007.09.04 06:32:36.736,1.5776,1.5779,13.60,45.40
2007.09.04 06:32:36.812,1.5776,1.5779,37.50,46.00
2007.09.04 06:32:37.217,1.5776,1.5779,39.50,46.00
2007.09.04 06:32:37.247,1.5776,1.5779,40.30,46.00
2007.09.04 06:32:37.337,1.5776,1.5779,40.30,48.40
2007.09.04 06:32:37.673,1.5777,1.5779,2.40,48.40
2007.09.04 06:32:37.686,1.5777,1.5779,6.40,44.10
2007.09.04 06:32:37.809,1.5777,1.5779,15.80,38.70
2007.09.04 06:32:37.830,1.5777,1.5779,17.30,38.70
2007.09.04 06:32:38.172,1.5777,1.5779,17.30,37.90
2007.09.04 06:32:38.212,1.5777,1.5779,29.20,8.00
2007.09.04 06:32:38.265,1.5777,1.578,30.00,25.50
2007.09.04 06:32:38.316,1.5777,1.578,36.00,39.60
2007.09.04 06:32:38.374,1.5777,1.578,37.50,39.60
2007.09.04 06:32:38.420,1.5777,1.578,39.90,37.20
2007.09.04 06:32:38.939,1.5777,1.578,39.90,35.60
2007.09.04 06:32:39.119,1.5777,1.5781,39.90,52.10
2007.09.04 06:32:39.778,1.5777,1.5781,39.90,52.60
2007.09.04 06:32:40.593,1.5777,1.5781,39.90,52.90
2007.09.04 06:32:40.831,1.5777,1.578,37.50,0.80
2007.09.04 06:32:43.311,1.5777,1.57805,40.70,37.70
2007.09.04 06:32:45.872,1.5777,1.5781,39.90,52.60
2007.09.04 06:32:45.963,1.5777,1.5781,39.90,52.90
2007.09.04 06:32:46.484,1.5777,1.5781,37.50,54.50
2007.09.04 06:32:48.151,1.5777,1.57805,39.90,40.40
2007.09.04 06:32:48.322,1.5777,1.578,39.60,0.80
2007.09.04 06:32:48.348,1.5777,1.57805,38.10,40.40
2007.09.04 06:32:48.855,1.5778,1.578,1.10,0.50
2007.09.04 06:32:53.259,1.5778,1.578,1.10,0.70
2007.09.04 06:32:55.401,1.5778,1.57805,1.10,32.40
2007.09.04 06:32:55.516,1.5778,1.5781,1.10,54.50
2007.09.04 06:32:55.724,1.5778,1.578,1.10,0.90
2007.09.04 06:33:00.665,1.5778,1.5781,3.50,54.60
2007.09.04 06:33:02.099,1.5778,1.578,1.10,0.60
2007.09.04 06:33:02.164,1.5778,1.578,3.50,0.60
2007.09.04 06:33:02.185,1.5778,1.578,15.30,0.80
2007.09.04 06:33:02.306,1.5778,1.5781,20.40,50.40
2007.09.04 06:33:02.367,1.5778,1.5781,19.30,50.40
2007.09.04 06:33:02.402,1.5778,1.578,19.30,0.70
2007.09.04 06:33:02.415,1.5778,1.578,20.40,0.60
2007.09.04 06:33:02.507,1.5778,1.5781,22.80,38.30
2007.09.04 06:33:02.576,1.5778,1.578,24.00,0.80
2007.09.04 06:33:02.673,1.5779,1.578,2.40,0.60
2007.09.04 06:33:02.716,1.5779,1.5782,10.40,59.20
2007.09.04 06:33:03.230,1.5779,1.5781,12.40,0.60
2007.09.04 06:33:06.346,1.5779,1.5781,12.40,0.60
2007.09.04 06:33:07.703,1.5779,1.57815,10.40,52.30
2007.09.04 06:33:07.807,1.5779,1.5781,10.40,50.20
2007.09.04 06:33:14.698,1.5779,1.578,12.40,2.00
2007.09.04 06:33:14.801,1.5779,1.5781,12.40,50.70
2007.09.04 06:33:18.115,1.5779,1.5781,12.40,49.90
2007.09.04 06:33:20.474,1.5779,1.5781,12.40,47.50
2007.09.04 06:33:21.008,1.5779,1.5781,13.20,47.50
2007.09.04 06:33:21.210,1.5779,1.5781,12.40,47.50
2007.09.04 06:33:21.514,1.5779,1.5781,13.20,47.50
2007.09.04 06:33:21.838,1.5779,1.5781,12.40,47.50
2007.09.04 06:33:22.137,1.5779,1.5781,13.20,47.50
2007.09.04 06:33:22.670,1.5779,1.5781,12.40,47.50
2007.09.04 06:33:24.839,1.5779,1.5781,12.40,49.90
2007.09.04 06:33:25.275,1.5779,1.5781,12.40,50.20
2007.09.04 06:33:25.994,1.5779,1.5781,12.90,50.20
2007.09.04 06:33:27.385,1.5779,1.5781,12.90,49.90
2007.09.04 06:33:30.942,1.5779,1.5781,12.90,47.50
2007.09.04 06:33:31.559,1.57785,1.5781,13.80,47.50
2007.09.04 06:33:32.782,1.57785,1.5781,13.80,50.20
2007.09.04 06:33:43.946,1.57785,1.5781,13.80,51.00
2007.09.04 06:33:43.977,1.57785,1.5781,13.80,51.80
2007.09.04 06:33:43.994,1.57785,1.5781,13.80,52.60
2007.09.04 06:33:44.165,1.5779,1.578,0.60,0.40
2007.09.04 06:33:44.274,1.5779,1.578,1.80,2.30
2007.09.04 06:33:44.315,1.57785,1.578,1.40,2.30
2007.09.04 06:33:44.726,1.5779,1.578,1.00,2.30
2007.09.04 06:33:44.755,1.57785,1.578,3.80,2.00
2007.09.04 06:33:44.866,1.57785,1.5781,13.80,51.00
2007.09.04 06:33:44.896,1.57785,1.5781,13.80,50.20
2007.09.04 06:33:45.160,1.5779,1.5781,6.10,49.90
2007.09.04 06:33:46.655,1.57785,1.578,13.80,5.60
2007.09.04 06:33:47.135,1.5779,1.578,3.10,5.90
2007.09.04 06:33:47.179,1.57785,1.578,11.40,5.90
2007.09.04 06:33:47.252,1.5779,1.578,0.50,7.90
2007.09.04 06:33:49.200,1.57785,1.578,3.40,5.60
2007.09.04 06:33:49.224,1.57785,1.578,5.80,5.60
2007.09.04 06:33:49.323,1.57785,1.578,13.80,5.60
2007.09.04 06:33:50.694,1.57785,1.5781,11.00,49.40
2007.09.04 06:33:50.836,1.5778,1.5781,31.10,42.00
2007.09.04 06:33:50.929,1.5778,1.5781,31.10,38.00
2007.09.04 06:33:51.033,1.5778,1.5781,33.00,38.80
2007.09.04 06:33:51.083,1.5778,1.5781,33.00,39.60
2007.09.04 06:33:51.097,1.5779,1.5781,1.00,40.40
2007.09.04 06:33:51.200,1.5779,1.5781,1.90,40.40
2007.09.04 06:33:54.681,1.5778,1.5781,45.80,42.80
2007.09.04 06:33:54.893,1.5778,1.5781,45.80,36.50
2007.09.04 06:33:55.010,1.5778,1.5781,45.80,38.90
2007.09.04 06:33:55.016,1.5778,1.578,45.80,0.80
2007.09.04 06:33:55.099,1.5778,1.5781,48.20,45.20
2007.09.04 06:33:55.217,1.5778,1.578,22.20,20.00
2007.09.04 06:33:55.346,1.5778,1.578,18.20,20.80
2007.09.04 06:33:55.415,1.5778,1.578,6.30,32.70
2007.09.04 06:33:55.513,1.5778,1.578,5.90,32.70
2007.09.04 06:33:55.568,1.5779,1.578,0.50,32.70
2007.09.04 06:33:55.834,1.5779,1.578,0.50,31.90
2007.09.04 06:33:56.099,1.5779,1.578,0.50,32.70
2007.09.04 06:33:56.111,1.5779,1.578,0.50,33.50
2007.09.04 06:33:56.260,1.5777,1.578,33.60,35.50
2007.09.04 06:33:56.666,1.5777,1.5779,30.00,8.00
2007.09.04 06:33:56.770,1.5777,1.5779,30.00,10.40
2007.09.04 06:33:57.244,1.5777,1.5779,23.10,10.40
2007.09.04 06:33:57.282,1.5777,1.5779,22.60,16.00
2007.09.04 06:33:57.366,1.5777,1.5779,23.10,16.00
2007.09.04 06:33:57.415,1.5778,1.5779,0.50,16.00
2007.09.04 06:33:59.128,1.5778,1.5779,2.50,16.00
2007.09.04 06:33:59.247,1.5778,1.5779,0.60,18.00
2007.09.04 06:34:00.620,1.5778,1.578,0.60,51.10
2007.09.04 06:34:04.705,1.5778,1.578,8.50,47.10
2007.09.04 06:34:04.716,1.5778,1.5779,10.90,0.70
2007.09.04 06:34:05.701,1.5778,1.578,11.30,49.50
2007.09.04 06:34:05.937,1.5778,1.578,10.80,49.50
2007.09.04 06:34:06.371,1.5778,1.5779,10.40,0.60
2007.09.04 06:34:06.576,1.5778,1.5779,10.80,0.90
2007.09.04 06:34:06.641,1.5778,1.578,11.00,49.50
2007.09.04 06:34:06.801,1.5778,1.5779,10.60,0.60
2007.09.04 06:34:07.085,1.5778,1.578,11.00,49.50
2007.09.04 06:34:08.385,1.5778,1.578,10.60,49.50
2007.09.04 06:34:08.705,1.5778,1.5779,8.20,0.80
2007.09.04 06:34:08.739,1.5778,1.5779,0.30,0.70
2007.09.04 06:34:09.013,1.5777,1.5779,32.10,0.90
2007.09.04 06:34:09.122,1.5777,1.578,31.30,51.10
2007.09.04 06:34:09.196,1.5777,1.578,33.70,51.10
2007.09.04 06:34:09.219,1.5778,1.5779,0.10,0.60
2007.09.04 06:34:09.423,1.5778,1.5779,0.10,0.90
2007.09.04 06:34:09.641,1.5778,1.5779,2.20,0.70
2007.09.04 06:34:09.732,1.5778,1.578,2.20,32.30
2007.09.04 06:34:09.748,1.5778,1.5781,2.20,40.90
2007.09.04 06:34:10.771,1.5778,1.578,4.60,0.80
2007.09.04 06:34:10.786,1.5778,1.5781,12.60,39.90
2007.09.04 06:34:11.235,1.5778,1.5781,12.80,39.90
2007.09.04 06:34:12.029,1.5778,1.578,12.80,0.80
2007.09.04 06:34:12.202,1.5778,1.5781,10.40,40.70
2007.09.04 06:34:12.256,1.5778,1.5781,2.40,42.50
2007.09.04 06:34:12.662,1.5778,1.578,0.50,28.10
2007.09.04 06:34:12.725,1.5778,1.578,0.50,33.70
2007.09.04 06:34:12.759,1.5778,1.5779,0.40,0.60
2007.09.04 06:34:12.895,1.5778,1.578,0.10,44.90
2007.09.04 06:34:13.029,1.5777,1.5779,30.70,0.80
2007.09.04 06:34:13.070,1.5777,1.578,27.50,46.50
2007.09.04 06:34:13.130,1.5777,1.578,28.30,47.30
2007.09.04 06:34:13.176,1.5777,1.5779,39.50,0.50
2007.09.04 06:34:13.221,1.5777,1.5779,41.90,0.50
2007.09.04 06:34:13.284,1.5777,1.578,18.10,44.50
2007.09.04 06:34:13.369,1.57775,1.578,0.20,43.70
2007.09.04 06:34:13.380,1.57775,1.578,0.20,37.40
2007.09.04 06:34:14.146,1.5778,1.5779,0.20,0.60
2007.09.04 06:34:14.209,1.5778,1.5779,0.20,0.90
2007.09.04 06:34:14.236,1.5778,1.578,0.20,0.60
2007.09.04 06:34:14.315,1.5778,1.5781,0.20,38.50
2007.09.04 06:34:14.355,1.57775,1.5781,0.20,38.50
2007.09.04 06:34:14.503,1.5778,1.578,2.00,0.80
2007.09.04 06:34:14.747,1.5778,1.5781,2.00,39.90
2007.09.04 06:34:14.764,1.5778,1.578,2.00,0.80
2007.09.04 06:34:15.194,1.5778,1.5781,4.40,39.90
2007.09.04 06:34:15.330,1.5778,1.578,12.50,0.90
2007.09.04 06:34:17.092,1.5778,1.5781,12.40,40.90
2007.09.04 06:34:17.451,1.5778,1.5781,12.40,41.70
2007.09.04 06:34:17.724,1.5778,1.5781,4.40,40.70
2007.09.04 06:34:17.759,1.5778,1.578,2.00,0.90
2007.09.04 06:34:17.909,1.5778,1.578,2.00,0.70
2007.09.04 06:34:19.065,1.5778,1.578,2.00,0.50
2007.09.04 06:34:19.213,1.5778,1.5781,4.40,42.30
2007.09.04 06:34:19.260,1.5778,1.578,12.40,0.70
2007.09.04 06:34:20.640,1.5778,1.5781,12.40,43.10
2007.09.04 06:34:20.739,1.5778,1.578,10.00,0.60
2007.09.04 06:34:20.842,1.5777,1.5781,6.40,56.40
2007.09.04 06:34:20.901,1.5777,1.578,4.00,0.90
2007.09.04 06:34:21.596,1.5777,1.578,2.40,0.90
2007.09.04 06:34:21.815,1.57765,1.5781,2.40,56.40
2007.09.04 06:34:21.983,1.5776,1.57805,47.30,41.90
2007.09.04 06:34:22.221,1.5776,1.57805,48.30,41.90
2007.09.04 06:34:22.856,1.5776,1.578,48.30,0.50
2007.09.04 06:34:23.406,1.5776,1.578,48.30,0.90
2007.09.04 06:34:23.718,1.5776,1.57805,47.50,37.10
2007.09.04 06:34:24.632,1.5776,1.57805,47.50,37.90
2007.09.04 06:34:24.882,1.5776,1.578,47.50,0.50
2007.09.04 06:34:24.906,1.5776,1.578,47.50,0.70
2007.09.04 06:34:25.470,1.5776,1.57805,47.70,39.50
2007.09.04 06:34:25.569,1.5776,1.57805,48.00,39.50
2007.09.04 06:34:25.721,1.57765,1.57805,0.30,39.50
2007.09.04 06:34:25.871,1.57765,1.57805,0.30,40.90
2007.09.04 06:34:25.989,1.5776,1.578,48.00,0.60
2007.09.04 06:34:26.502,1.57765,1.57805,0.20,40.90
2007.09.04 06:34:27.009,1.57765,1.5779,0.20,0.80
2007.09.04 06:34:27.206,1.57765,1.578,0.20,44.90
2007.09.04 06:34:27.232,1.57765,1.578,0.20,50.70
2007.09.04 06:34:27.397,1.57765,1.5779,0.20,0.90
2007.09.04 06:34:27.698,1.57765,1.57795,0.20,39.90
2007.09.04 06:34:27.817,1.57765,1.57795,0.20,43.90
2007.09.04 06:34:28.238,1.57765,1.57795,0.20,45.90
2007.09.04 06:34:28.317,1.57765,1.5779,0.20,0.80
2007.09.04 06:34:29.278,1.57765,1.5778,0.20,4.00
2007.09.04 06:34:29.431,1.5776,1.5778,2.40,4.00
2007.09.04 06:34:29.672,1.5776,1.5778,2.50,4.00
2007.09.04 06:34:29.690,1.5776,1.5778,0.20,4.00
2007.09.04 06:34:30.195,1.5776,1.5778,8.10,4.00
2007.09.04 06:34:30.227,1.5776,1.5778,10.50,4.00
2007.09.04 06:34:30.609,1.5776,1.5778,10.50,4.80
2007.09.04 06:34:30.704,1.5776,1.5778,8.10,7.20
2007.09.04 06:34:30.731,1.5776,1.5778,16.10,18.20
2007.09.04 06:34:31.049,1.5776,1.5777,15.90,5.60
2007.09.04 06:34:31.053,1.5776,1.5777,15.90,4.80
2007.09.04 06:34:31.117,1.5776,1.5777,15.90,9.60
2007.09.04 06:34:31.132,1.5776,1.5777,15.90,8.00
2007.09.04 06:34:31.227,1.5776,1.5777,18.30,6.40
2007.09.04 06:34:31.257,1.5776,1.5777,14.40,19.50
2007.09.04 06:34:31.353,1.5775,1.5777,9.90,20.30
2007.09.04 06:34:31.368,1.5776,1.5777,12.00,19.50
2007.09.04 06:34:31.392,1.5775,1.5777,7.50,20.30
2007.09.04 06:34:31.442,1.5775,1.5777,7.50,19.50
2007.09.04 06:34:31.537,1.5775,1.5777,7.30,19.50
2007.09.04 06:34:31.550,1.5775,1.5777,7.00,17.90
2007.09.04 06:34:31.643,1.5775,1.5777,7.00,15.50
2007.09.04 06:34:31.652,1.5775,1.5776,7.00,0.80
2007.09.04 06:34:31.779,1.5775,1.5776,7.10,4.00
2007.09.04 06:34:31.805,1.5775,1.5776,0.40,12.80
2007.09.04 06:34:31.879,1.5774,1.5776,44.20,16.80
2007.09.04 06:34:31.970,1.5774,1.5776,39.00,16.80
2007.09.04 06:34:32.021,1.5774,1.5776,39.00,17.60
2007.09.04 06:34:32.067,1.5774,1.5775,38.20,0.80
2007.09.04 06:34:32.161,1.5774,1.5775,38.50,0.80
2007.09.04 06:34:32.177,1.5774,1.5775,12.60,22.70
2007.09.04 06:34:32.258,1.5774,1.5775,7.00,25.10
2007.09.04 06:34:32.270,1.5774,1.5775,2.70,41.10
2007.09.04 06:34:32.473,1.5774,1.5775,0.40,41.10
2007.09.04 06:34:32.556,1.57735,1.5775,2.40,41.10
2007.09.04 06:34:32.693,1.57735,1.5775,2.40,7.20
2007.09.04 06:34:32.774,1.57735,1.5775,2.40,4.80
2007.09.04 06:34:32.949,1.57735,1.5775,2.40,3.20
2007.09.04 06:34:33.099,1.57735,1.5774,2.40,0.80
2007.09.04 06:34:33.198,1.57735,1.5774,2.40,3.20
2007.09.04 06:34:33.220,1.57735,1.5774,2.40,11.20
2007.09.04 06:34:33.322,1.5771,1.5774,33.50,15.20
2007.09.04 06:34:33.958,1.5771,1.5774,39.90,14.40
2007.09.04 06:34:34.228,1.5771,1.5773,27.50,2.40
2007.09.04 06:34:34.289,1.5771,1.5773,25.10,2.40
2007.09.04 06:34:34.340,1.5771,1.5774,25.90,43.50
2007.09.04 06:34:34.441,1.5771,1.5774,29.10,39.50
2007.09.04 06:34:34.540,1.5771,1.5774,29.90,39.50
2007.09.04 06:34:34.847,1.5771,1.5774,30.30,39.50
2007.09.04 06:34:34.856,1.5771,1.5774,30.70,39.50
2007.09.04 06:34:34.906,1.5771,1.5774,31.10,39.50
2007.09.04 06:34:35.467,1.5771,1.5774,31.10,38.70
2007.09.04 06:34:35.676,1.5771,1.5774,31.10,28.70
2007.09.04 06:34:35.738,1.5771,1.5774,31.10,26.30
2007.09.04 06:34:35.793,1.5771,1.5774,41.50,7.20
2007.09.04 06:34:36.152,1.5771,1.5774,41.50,9.60
2007.09.04 06:34:36.252,1.5771,1.5774,33.50,38.70
2007.09.04 06:34:36.520,1.5771,1.5774,33.50,37.10
2007.09.04 06:34:36.744,1.5771,1.5773,32.30,7.00
2007.09.04 06:34:36.776,1.5771,1.5773,32.30,9.40
2007.09.04 06:34:36.826,1.5771,1.5773,31.90,9.40
2007.09.04 06:34:36.856,1.5771,1.5773,30.30,17.40
2007.09.04 06:34:36.971,1.5771,1.5773,29.90,17.40
2007.09.04 06:34:37.142,1.5771,1.5773,27.10,17.40
2007.09.04 06:34:37.181,1.5771,1.5773,26.30,17.40
2007.09.04 06:34:37.252,1.5771,1.5773,26.70,17.40
2007.09.04 06:34:37.427,1.5771,1.5773,27.10,17.40
2007.09.04 06:34:37.466,1.5771,1.5773,27.90,17.40
2007.09.04 06:34:37.715,1.5771,1.5773,28.30,15.00
2007.09.04 06:34:37.776,1.5771,1.5774,8.00,37.50
2007.09.04 06:34:37.797,1.5771,1.5774,5.20,37.50
2007.09.04 06:34:37.871,1.5771,1.5774,1.20,47.10
2007.09.04 06:34:38.051,1.5771,1.5774,0.80,49.50
2007.09.04 06:34:38.188,1.5771,1.5774,8.80,43.50
2007.09.04 06:34:38.217,1.5771,1.5773,12.00,2.40
2007.09.04 06:34:38.324,1.5771,1.5773,27.90,17.40
2007.09.04 06:34:38.504,1.5771,1.5773,16.00,29.30
2007.09.04 06:34:38.803,1.5771,1.5773,18.00,29.30
2007.09.04 06:34:39.701,1.5771,1.5773,9.20,30.10
2007.09.04 06:34:39.824,1.5771,1.5773,9.20,32.50
2007.09.04 06:34:40.021,1.5771,1.5772,9.20,1.60
2007.09.04 06:34:40.103,1.5771,1.5772,9.20,5.60
2007.09.04 06:34:40.224,1.5771,1.5772,7.20,7.20
2007.09.04 06:34:40.330,1.57705,1.5771,0.50,27.90
2007.09.04 06:34:40.439,1.57705,1.5771,0.50,30.30
2007.09.04 06:34:40.532,1.57705,1.5771,0.50,31.10
2007.09.04 06:34:40.734,1.577,1.5771,9.60,35.10
2007.09.04 06:34:40.851,1.577,1.5771,9.60,34.30
2007.09.04 06:34:40.931,1.5768,1.5771,31.10,36.70
2007.09.04 06:34:41.057,1.5769,1.5771,1.60,35.90
2007.09.04 06:34:41.223,1.5769,1.5771,9.60,35.90
2007.09.04 06:34:41.288,1.5769,1.5771,48.70,12.00
2007.09.04 06:34:41.679,1.5769,1.5771,47.90,12.80
2007.09.04 06:34:41.742,1.5769,1.5771,39.90,12.80
2007.09.04 06:34:41.777,1.5769,1.5771,4.00,35.10
2007.09.04 06:34:41.890,1.57685,1.5771,2.40,35.10
2007.09.04 06:34:41.950,1.57685,1.5771,0.90,35.10
2007.09.04 06:34:41.976,1.57685,1.5771,4.80,37.10
2007.09.04 06:34:42.094,1.57685,1.5771,4.80,35.10
2007.09.04 06:34:42.367,1.5768,1.5771,34.30,39.10
2007.09.04 06:34:42.406,1.5768,1.5771,1.30,41.50
2007.09.04 06:34:42.814,1.5768,1.5771,2.80,41.50
2007.09.04 06:34:42.966,1.5768,1.5771,10.70,42.30
2007.09.04 06:34:43.021,1.5768,1.577,9.40,0.80
2007.09.04 06:34:43.255,1.5768,1.577,23.50,4.80
2007.09.04 06:34:43.283,1.5768,1.577,23.50,7.20
2007.09.04 06:34:43.372,1.57675,1.577,24.00,18.20
2007.09.04 06:34:43.661,1.57675,1.577,26.40,18.20
2007.09.04 06:34:44.060,1.57675,1.577,29.50,18.20
2007.09.04 06:34:44.382,1.57675,1.577,24.80,18.20
2007.09.04 06:34:44.696,1.5769,1.577,2.90,5.40
2007.09.04 06:34:44.725,1.5769,1.577,0.70,3.00
2007.09.04 06:34:44.793,1.5768,1.5771,31.50,44.90
2007.09.04 06:34:45.003,1.5768,1.577,31.50,0.80
2007.09.04 06:34:45.225,1.5769,1.577,1.20,8.80
2007.09.04 06:34:45.236,1.57675,1.577,37.50,11.20
2007.09.04 06:34:45.746,1.57675,1.577,35.10,11.20
2007.09.04 06:34:45.801,1.57675,1.577,18.40,15.20
2007.09.04 06:34:46.002,1.5768,1.577,7.30,16.00
2007.09.04 06:34:46.058,1.57675,1.577,18.40,16.80
2007.09.04 06:34:46.070,1.57675,1.577,18.40,17.60
2007.09.04 06:34:46.208,1.57675,1.577,1.70,29.50
2007.09.04 06:34:46.252,1.57675,1.577,1.30,29.50
2007.09.04 06:34:46.619,1.5767,1.5769,30.80,0.80
2007.09.04 06:34:46.746,1.57665,1.5769,33.60,0.80
2007.09.04 06:34:46.829,1.5767,1.577,0.90,29.50
2007.09.04 06:34:46.894,1.57665,1.577,33.70,29.50
2007.09.04 06:34:46.934,1.5767,1.577,33.20,29.50
2007.09.04 06:34:47.030,1.5767,1.577,33.20,28.70
2007.09.04 06:34:47.068,1.5767,1.577,33.20,27.90
2007.09.04 06:34:47.141,1.5768,1.577,1.40,27.10
2007.09.04 06:34:47.159,1.57665,1.5769,51.60,4.80
2007.09.04 06:34:47.179,1.57665,1.5769,51.60,7.20
2007.09.04 06:34:47.255,1.5767,1.5769,15.30,14.40
2007.09.04 06:34:47.362,1.57665,1.5769,49.20,15.20
2007.09.04 06:34:47.659,1.57665,1.5769,49.20,11.20
2007.09.04 06:34:47.705,1.57665,1.5769,43.60,11.20
2007.09.04 06:34:47.802,1.57665,1.5769,31.70,11.20
2007.09.04 06:34:47.884,1.57665,1.5769,37.60,10.40
2007.09.04 06:34:47.984,1.5767,1.5769,18.00,11.20
2007.09.04 06:34:48.040,1.57665,1.5769,35.20,11.20
2007.09.04 06:34:48.194,1.57665,1.5768,24.40,0.80
2007.09.04 06:34:48.213,1.5767,1.5768,1.90,0.80
2007.09.04 06:34:48.303,1.5767,1.5768,1.90,0.80
2007.09.04 06:34:48.481,1.5767,1.5768,0.80,0.80
2007.09.04 06:34:48.622,1.5765,1.5767,43.10,0.80
2007.09.04 06:34:48.703,1.5765,1.5768,43.50,0.80
2007.09.04 06:34:48.818,1.5765,1.5768,45.90,0.80
2007.09.04 06:34:48.935,1.5766,1.5769,4.90,48.50
2007.09.04 06:34:49.123,1.5766,1.5769,2.70,42.90
2007.09.04 06:34:49.191,1.5766,1.5769,13.30,40.50
2007.09.04 06:34:49.239,1.5765,1.5769,51.50,40.50
2007.09.04 06:34:49.647,1.5765,1.5769,52.70,40.50
2007.09.04 06:34:49.752,1.5766,1.5769,14.80,40.50
2007.09.04 06:34:51.197,1.5766,1.5769,34.30,35.70
2007.09.04 06:34:51.372,1.57665,1.5769,25.50,13.40
2007.09.04 06:34:51.693,1.57665,1.5769,27.90,13.40
2007.09.04 06:34:51.774,1.57665,1.5769,27.90,11.20
2007.09.04 06:34:51.892,1.57665,1.5769,39.90,10.40
2007.09.04 06:34:52.103,1.57665,1.5769,42.30,10.40
2007.09.04 06:34:52.723,1.5768,1.5769,0.70,2.40
2007.09.04 06:34:52.743,1.5768,1.577,0.50,39.90
2007.09.04 06:34:53.453,1.5768,1.577,4.90,26.30
2007.09.04 06:34:53.662,1.5768,1.577,4.70,26.30
2007.09.04 06:34:54.091,1.5767,1.577,42.00,26.30
2007.09.04 06:34:54.174,1.5768,1.577,3.50,27.10
2007.09.04 06:34:54.308,1.57665,1.5769,43.10,10.40
2007.09.04 06:34:54.420,1.57665,1.5769,31.20,10.40
2007.09.04 06:34:54.434,1.57665,1.5769,30.80,10.40
2007.09.04 06:34:54.737,1.5768,1.5769,0.80,10.40
2007.09.04 06:34:54.824,1.5768,1.5769,0.50,8.00
2007.09.04 06:34:54.869,1.5767,1.577,32.40,42.90
2007.09.04 06:34:55.024,1.5769,1.577,0.80,42.90
2007.09.04 06:34:55.108,1.5767,1.577,45.10,42.90
2007.09.04 06:34:55.232,1.5768,1.577,12.00,42.90
2007.09.04 06:34:55.357,1.5768,1.577,12.00,39.90
2007.09.04 06:34:55.411,1.5768,1.577,12.00,31.90
2007.09.04 06:34:55.442,1.5768,1.577,12.00,26.30
2007.09.04 06:34:55.753,1.5769,1.577,3.00,2.40
2007.09.04 06:34:55.764,1.5768,1.5771,33.90,32.80
2007.09.04 06:34:55.863,1.5769,1.5771,5.70,42.30
2007.09.04 06:34:56.046,1.5769,1.5771,12.00,40.70
2007.09.04 06:34:56.264,1.5769,1.5771,14.00,32.70
2007.09.04 06:34:56.283,1.5769,1.5772,36.30,9.70
2007.09.04 06:34:56.381,1.577,1.5772,0.80,4.00
2007.09.04 06:34:56.792,1.577,1.5772,1.20,4.00
2007.09.04 06:34:56.946,1.577,1.5772,1.80,1.60
2007.09.04 06:34:56.986,1.577,1.5773,4.20,44.90
2007.09.04 06:34:57.490,1.5769,1.5773,47.00,42.50
2007.09.04 06:34:58.172,1.577,1.5773,13.50,42.50
2007.09.04 06:34:58.704,1.577,1.5773,13.50,43.50
2007.09.04 06:34:58.737,1.5771,1.5773,0.80,40.30
2007.09.04 06:34:58.816,1.5771,1.5773,0.80,4.00
2007.09.04 06:34:58.916,1.577,1.57735,29.90,2.40
2007.09.04 06:34:59.142,1.577,1.5774,29.90,40.90
2007.09.04 06:34:59.221,1.5771,1.5774,9.60,41.10
2007.09.04 06:34:59.329,1.5771,1.5774,12.00,39.50
2007.09.04 06:34:59.483,1.5772,1.5774,0.80,37.10
2007.09.04 06:34:59.623,1.5771,1.5774,12.00,36.30
2007.09.04 06:34:59.736,1.5771,1.5774,20.80,33.90
2007.09.04 06:34:59.747,1.5771,1.5774,51.40,10.40
2007.09.04 06:34:59.841,1.5771,1.5774,45.90,4.00
2007.09.04 06:35:02.660,1.5772,1.5774,2.50,15.00
2007.09.04 06:35:02.706,1.5771,1.5774,37.90,17.40
2007.09.04 06:35:02.758,1.5771,1.5774,43.40,19.80
2007.09.04 06:35:03.333,1.5771,1.5774,37.80,25.40
2007.09.04 06:35:03.383,1.5772,1.5774,1.70,46.10
2007.09.04 06:35:03.695,1.5771,1.5773,29.50,12.00
2007.09.04 06:35:03.740,1.5772,1.5773,1.50,14.40
2007.09.04 06:35:03.804,1.5771,1.5773,4.80,26.30
2007.09.04 06:35:04.086,1.5771,1.5773,2.80,26.30
2007.09.04 06:35:05.749,1.577,1.5773,51.50,29.30
2007.09.04 06:35:05.853,1.577,1.5773,52.70,31.70
2007.09.04 06:35:05.948,1.577,1.5773,53.50,31.70
2007.09.04 06:35:06.154,1.577,1.5773,50.70,33.70
2007.09.04 06:35:06.226,1.5771,1.5773,2.90,39.30
2007.09.04 06:35:06.275,1.577,1.5773,43.90,41.90
2007.09.04 06:35:06.424,1.577,1.5773,49.50,36.30
2007.09.04 06:35:06.483,1.5771,1.5773,0.70,28.30
2007.09.04 06:35:06.690,1.5771,1.5773,3.50,26.30
2007.09.04 06:35:06.816,1.5771,1.5773,12.00,26.30
2007.09.04 06:35:07.193,1.5771,1.5773,40.70,2.40
2007.09.04 06:35:07.238,1.5772,1.5774,3.80,19.40
2007.09.04 06:35:07.299,1.5772,1.5774,0.50,23.40
2007.09.04 06:35:07.716,1.5772,1.5774,0.60,29.30
2007.09.04 06:35:07.821,1.5771,1.5774,59.90,29.30
2007.09.04 06:35:08.683,1.5772,1.5774,4.40,29.30
2007.09.04 06:35:08.775,1.5771,1.5774,46.70,29.30
2007.09.04 06:35:09.058,1.5772,1.5774,4.00,29.30
2007.09.04 06:35:09.174,1.5772,1.5774,4.80,31.30
2007.09.04 06:35:09.205,1.5772,1.5773,7.20,2.40
2007.09.04 06:35:09.314,1.5772,1.5774,4.80,41.90
2007.09.04 06:35:09.401,1.5772,1.5774,0.80,36.90
2007.09.04 06:35:09.410,1.5772,1.5774,0.80,31.30
2007.09.04 06:35:10.153,1.5772,1.5774,0.80,29.30
2007.09.04 06:35:10.684,1.5772,1.5774,17.50,17.40
2007.09.04 06:35:10.783,1.5772,1.5774,21.50,13.40
2007.09.04 06:35:10.882,1.5772,1.5774,25.50,13.40
2007.09.04 06:35:10.994,1.5772,1.5774,27.90,13.40
2007.09.04 06:35:11.100,1.5772,1.5774,28.70,13.40
2007.09.04 06:35:11.195,1.5772,1.5774,24.70,14.40
2007.09.04 06:35:11.308,1.5772,1.5774,22.30,16.80
2007.09.04 06:35:11.411,1.5772,1.5774,10.40,28.70
2007.09.04 06:35:11.741,1.5772,1.5773,12.80,8.00
2007.09.04 06:35:11.793,1.5772,1.5773,12.80,10.40
2007.09.04 06:35:11.836,1.5772,1.5773,4.00,10.40
2007.09.04 06:35:11.926,1.5771,1.5773,34.30,10.40
2007.09.04 06:35:12.047,1.5772,1.5773,0.80,10.40
2007.09.04 06:35:12.203,1.5772,1.5773,3.20,8.00
2007.09.04 06:35:12.242,1.5772,1.5774,11.20,28.70
2007.09.04 06:35:12.564,1.5772,1.5774,11.20,26.30
2007.09.04 06:35:12.651,1.5772,1.5774,11.20,22.30
2007.09.04 06:35:12.724,1.5772,1.5774,11.20,19.90
2007.09.04 06:35:12.756,1.5772,1.5775,23.10,26.30
2007.09.04 06:35:12.920,1.5772,1.5775,23.10,23.90
2007.09.04 06:35:12.978,1.5772,1.5775,23.10,22.30
2007.09.04 06:35:13.080,1.5772,1.5774,23.10,0.80
2007.09.04 06:35:13.211,1.5772,1.5774,11.20,35.10
2007.09.04 06:35:13.222,1.5772,1.5774,11.20,43.10
2007.09.04 06:35:13.283,1.5772,1.5774,11.20,47.10
2007.09.04 06:35:14.746,1.5772,1.5773,3.20,8.00
2007.09.04 06:35:14.779,1.5772,1.5773,0.80,10.40
2007.09.04 06:35:15.160,1.5771,1.5773,30.30,10.40
2007.09.04 06:35:15.264,1.5772,1.5773,0.80,10.40
2007.09.04 06:35:16.213,1.5772,1.5773,3.20,8.00
2007.09.04 06:35:16.268,1.5772,1.5774,11.20,47.10
2007.09.04 06:35:16.692,1.5772,1.5774,11.20,34.30
2007.09.04 06:35:16.724,1.5772,1.5774,11.20,26.30
2007.09.04 06:35:16.803,1.5772,1.5775,23.10,42.70
2007.09.04 06:35:16.831,1.5772,1.5775,23.10,42.70
2007.09.04 06:35:17.215,1.5773,1.5775,0.80,42.70
2007.09.04 06:35:17.312,1.5773,1.5775,0.80,40.30
2007.09.04 06:35:17.729,1.5773,1.5775,0.80,24.40
2007.09.04 06:35:17.846,1.5773,1.5775,0.80,28.30
2007.09.04 06:35:20.393,1.5773,1.5775,0.80,33.90
2007.09.04 06:35:20.427,1.5773,1.5775,0.80,41.90
2007.09.04 06:35:21.467,1.5773,1.5775,0.80,33.90
2007.09.04 06:35:21.538,1.5773,1.5775,0.80,28.30
2007.09.04 06:35:22.115,1.5773,1.5775,0.80,28.30
2007.09.04 06:35:22.277,1.5773,1.5775,1.60,28.30
2007.09.04 06:35:22.672,1.5773,1.5775,7.20,28.30
2007.09.04 06:35:22.690,1.5773,1.5775,8.00,26.30
2007.09.04 06:35:22.778,1.5773,1.5775,8.00,23.90
2007.09.04 06:35:22.805,1.5773,1.5776,34.30,45.70
2007.09.04 06:35:22.902,1.5773,1.5776,38.30,49.70
2007.09.04 06:35:22.924,1.5773,1.5776,38.30,47.30
2007.09.04 06:35:23.111,1.5773,1.5776,38.30,46.50
2007.09.04 06:35:23.174,1.5773,1.5776,43.90,40.90
2007.09.04 06:35:23.200,1.5773,1.5776,55.90,32.90
2007.09.04 06:35:23.939,1.5773,1.5776,55.90,31.30
2007.09.04 06:35:25.145,1.5774,1.5776,5.20,32.10
2007.09.04 06:35:25.157,1.5773,1.5776,55.10,32.10
2007.09.04 06:35:25.191,1.5773,1.5776,47.90,32.10
2007.09.04 06:35:25.267,1.57725,1.5775,39.10,2.40
2007.09.04 06:35:25.292,1.57725,1.5775,19.90,14.40
2007.09.04 06:35:25.356,1.5772,1.5775,31.70,20.00
2007.09.04 06:35:25.393,1.5773,1.5775,2.40,39.90
2007.09.04 06:35:26.020,1.5772,1.5775,27.80,39.90
2007.09.04 06:35:26.694,1.5772,1.5774,27.80,2.40
2007.09.04 06:35:26.732,1.57715,1.5774,34.10,10.40
2007.09.04 06:35:28.571,1.5772,1.5774,1.40,10.40
2007.09.04 06:35:29.106,1.5772,1.5774,5.50,10.40
2007.09.04 06:35:29.643,1.5771,1.5774,55.00,14.40
2007.09.04 06:35:29.764,1.5772,1.5774,7.90,14.40
2007.09.04 06:35:29.777,1.5771,1.5774,47.20,14.40
2007.09.04 06:35:30.087,1.5771,1.5774,46.20,15.20
2007.09.04 06:35:30.197,1.577,1.5773,36.20,31.90
2007.09.04 06:35:30.312,1.577,1.5773,24.20,34.30
2007.09.04 06:35:30.317,1.577,1.5773,29.90,34.30
2007.09.04 06:35:30.451,1.5771,1.5773,1.20,34.30
2007.09.04 06:35:30.732,1.577,1.5773,3.60,34.30
2007.09.04 06:35:30.841,1.57695,1.5773,32.30,34.30
2007.09.04 06:35:30.850,1.57695,1.5773,30.70,34.30
2007.09.04 06:35:34.666,1.577,1.5773,9.00,30.30
2007.09.04 06:35:34.712,1.577,1.5773,3.70,27.90
2007.09.04 06:35:34.784,1.57695,1.5773,30.70,19.90
2007.09.04 06:35:35.130,1.57695,1.5773,31.80,19.90
2007.09.04 06:35:35.409,1.57695,1.5773,31.80,19.90
2007.09.04 06:35:35.432,1.57695,1.5774,25.50,27.60
2007.09.04 06:35:35.749,1.57695,1.5773,24.90,2.40
2007.09.04 06:35:35.759,1.57695,1.5773,24.90,14.40
2007.09.04 06:35:35.944,1.577,1.5773,3.40,14.40
2007.09.04 06:35:36.095,1.577,1.5773,5.90,14.40
2007.09.04 06:35:36.413,1.57695,1.5773,20.40,34.30
2007.09.04 06:35:36.488,1.577,1.5773,2.10,39.90
2007.09.04 06:35:36.733,1.57695,1.5773,30.70,39.90
2007.09.04 06:35:37.153,1.577,1.5773,28.60,39.90
2007.09.04 06:35:37.212,1.5771,1.5773,1.50,37.50
2007.09.04 06:35:37.255,1.5771,1.5773,17.90,25.50
2007.09.04 06:35:37.300,1.5772,1.5773,0.30,19.90
2007.09.04 06:35:37.424,1.5771,1.5774,6.40,49.90
2007.09.04 06:35:37.466,1.57705,1.5774,34.90,47.50
2007.09.04 06:35:37.684,1.57705,1.5774,34.90,45.50
2007.09.04 06:35:37.784,1.5771,1.5774,9.60,41.50
2007.09.04 06:35:37.906,1.5771,1.5774,17.90,39.90
2007.09.04 06:35:39.142,1.5771,1.5774,39.10,37.50
2007.09.04 06:35:39.184,1.5771,1.5774,39.30,25.50
2007.09.04 06:35:39.295,1.5771,1.5774,41.70,25.50
2007.09.04 06:35:39.500,1.5772,1.5774,6.40,17.50
2007.09.04 06:35:40.781,1.5772,1.5774,9.70,17.50
2007.09.04 06:35:41.717,1.5772,1.5774,6.00,17.50
2007.09.04 06:35:43.228,1.5771,1.5774,47.90,29.50
2007.09.04 06:35:43.276,1.5772,1.5774,5.90,31.90
2007.09.04 06:35:43.667,1.5771,1.5774,48.90,31.90
2007.09.04 06:35:43.759,1.5772,1.5774,14.10,16.00
2007.09.04 06:35:43.868,1.5772,1.5774,12.10,16.00
2007.09.04 06:35:44.078,1.57715,1.5774,38.30,16.00
2007.09.04 06:35:44.199,1.5772,1.5774,16.90,16.00
2007.09.04 06:35:44.291,1.57715,1.5774,36.70,16.00
2007.09.04 06:35:44.416,1.57715,1.5774,36.90,16.00
2007.09.04 06:35:45.578,1.57715,1.5774,38.90,16.00
2007.09.04 06:35:48.780,1.57715,1.5774,32.50,8.00
2007.09.04 06:35:48.828,1.57715,1.5774,32.50,5.60
2007.09.04 06:35:49.120,1.57715,1.5774,32.50,8.00
2007.09.04 06:35:49.213,1.57715,1.5774,31.70,16.00
2007.09.04 06:35:49.742,1.5772,1.5774,29.30,13.60
2007.09.04 06:35:49.754,1.5772,1.5774,29.30,5.60
2007.09.04 06:35:50.076,1.5772,1.5774,30.10,5.60
2007.09.04 06:35:51.701,1.5772,1.5774,30.10,8.00
2007.09.04 06:35:51.768,1.5772,1.5774,30.10,16.00
2007.09.04 06:35:52.320,1.5772,1.5774,29.90,16.00
2007.09.04 06:35:52.531,1.5772,1.5774,35.90,16.00
2007.09.04 06:35:52.793,1.5772,1.5774,35.10,16.00
2007.09.04 06:35:52.867,1.5772,1.5774,35.10,16.50
2007.09.04 06:35:52.970,1.5772,1.5774,33.50,16.50
2007.09.04 06:35:53.082,1.5772,1.5774,34.30,16.50
2007.09.04 06:35:53.198,1.5772,1.5774,33.50,16.50
2007.09.04 06:35:54.053,1.5772,1.5774,34.30,16.50
2007.09.04 06:35:54.460,1.5772,1.5774,34.80,16.50
2007.09.04 06:35:55.000,1.5772,1.5774,34.80,16.00
2007.09.04 06:35:55.109,1.5772,1.5774,34.80,16.50
2007.09.04 06:35:55.223,1.5772,1.5774,34.00,16.00
2007.09.04 06:35:55.541,1.5772,1.5774,36.00,16.00
2007.09.04 06:35:55.980,1.5772,1.5774,36.00,16.50
2007.09.04 06:35:56.098,1.5772,1.5774,36.40,16.50
2007.09.04 06:35:56.620,1.5772,1.5774,36.40,16.00
2007.09.04 06:35:56.661,1.5772,1.5774,36.40,13.60
2007.09.04 06:35:56.710,1.5772,1.5774,31.20,5.60
2007.09.04 06:35:59.708,1.5772,1.5774,31.20,13.60
2007.09.04 06:35:59.731,1.5772,1.5774,31.20,16.00
2007.09.04 06:36:00.029,1.5772,1.5774,37.20,16.00
2007.09.04 06:36:00.155,1.5772,1.5774,36.40,16.00
2007.09.04 06:36:01.105,1.5772,1.5774,36.40,16.50
2007.09.04 06:36:01.757,1.5772,1.5774,34.00,16.50
2007.09.04 06:36:02.072,1.5772,1.5774,34.80,16.00
2007.09.04 06:36:02.178,1.5772,1.5774,36.80,16.00
2007.09.04 06:36:02.286,1.5772,1.5774,37.80,16.00
2007.09.04 06:36:02.320,1.5772,1.5774,37.80,13.60
2007.09.04 06:36:02.409,1.5772,1.5774,31.80,5.60
2007.09.04 06:36:02.715,1.5772,1.5774,37.80,5.60
2007.09.04 06:36:03.144,1.5772,1.5774,38.60,5.60
2007.09.04 06:36:04.692,1.5772,1.5774,38.60,8.00
2007.09.04 06:36:04.737,1.5772,1.5774,36.40,16.00
2007.09.04 06:36:04.845,1.5772,1.5774,37.20,16.00
2007.09.04 06:36:05.083,1.5772,1.5774,36.40,16.00
2007.09.04 06:36:05.165,1.5772,1.5774,35.60,16.00
2007.09.04 06:36:05.736,1.5772,1.5774,35.60,16.50
2007.09.04 06:36:05.934,1.5772,1.5774,34.00,16.50
2007.09.04 06:36:06.056,1.5772,1.5774,34.80,16.00
2007.09.04 06:36:06.147,1.5772,1.5774,35.60,16.00
2007.09.04 06:36:06.209,1.5772,1.5774,35.60,13.60
2007.09.04 06:36:06.282,1.5772,1.5774,38.60,5.60
2007.09.04 06:36:07.209,1.5772,1.5774,37.80,5.60
2007.09.04 06:36:09.572,1.5772,1.5774,37.80,0.70
2007.09.04 06:36:14.856,1.5772,1.5775,37.30,43.90
2007.09.04 06:36:15.038,1.5772,1.5774,38.10,0.60
2007.09.04 06:36:15.157,1.5772,1.5775,37.30,43.90
2007.09.04 06:36:15.170,1.5772,1.5775,38.90,43.90
2007.09.04 06:36:17.073,1.5772,1.5774,39.70,0.50
2007.09.04 06:36:17.696,1.5772,1.5774,38.90,0.80
2007.09.04 06:36:17.993,1.5772,1.5775,39.70,41.50
2007.09.04 06:36:18.641,1.5773,1.5775,2.40,41.50
2007.09.04 06:36:18.757,1.5773,1.5775,14.40,29.50
2007.09.04 06:36:19.088,1.5773,1.5774,16.80,0.80
2007.09.04 06:36:19.138,1.5773,1.5776,16.80,44.30
2007.09.04 06:36:19.186,1.5774,1.5776,12.00,0.70
2007.09.04 06:36:19.246,1.5774,1.57765,14.40,27.60
2007.09.04 06:36:19.285,1.5774,1.57765,14.40,33.20
2007.09.04 06:36:19.397,1.5774,1.5776,14.40,0.90
2007.09.04 06:36:19.722,1.5774,1.5777,10.40,36.50
2007.09.04 06:36:19.825,1.5774,1.5776,12.00,0.80
2007.09.04 06:36:20.027,1.5774,1.5777,10.40,37.30
2007.09.04 06:36:20.263,1.5774,1.5776,10.40,26.30
2007.09.04 06:36:20.727,1.5774,1.5775,10.40,0.50
2007.09.04 06:36:21.210,1.5774,1.5775,2.40,0.60
2007.09.04 06:36:21.242,1.5773,1.5775,7.20,0.50
2007.09.04 06:36:21.326,1.5773,1.5775,5.60,0.70
2007.09.04 06:36:21.349,1.5773,1.5776,4.00,50.20
2007.09.04 06:36:21.408,1.5773,1.5776,1.60,48.60
2007.09.04 06:36:21.722,1.57725,1.5776,4.00,48.60
2007.09.04 06:36:21.816,1.57725,1.5776,1.60,51.00
2007.09.04 06:36:22.706,1.57725,1.5776,1.60,51.50
2007.09.04 06:36:22.829,1.5773,1.5775,0.80,0.90
2007.09.04 06:36:23.200,1.5773,1.5776,0.80,45.90
2007.09.04 06:36:23.271,1.5773,1.5775,18.30,0.90
2007.09.04 06:36:23.297,1.5773,1.57765,18.30,33.20
2007.09.04 06:36:23.365,1.5773,1.5776,24.70,0.90
2007.09.04 06:36:23.807,1.5773,1.5777,24.70,68.60
2007.09.04 06:36:24.511,1.5773,1.5777,26.30,68.60
2007.09.04 06:36:24.623,1.5773,1.5777,27.90,68.60
2007.09.04 06:36:25.046,1.5773,1.5777,29.50,68.60
2007.09.04 06:36:25.126,1.5774,1.5776,2.40,0.80
2007.09.04 06:36:25.277,1.5774,1.5777,10.40,50.80
2007.09.04 06:36:25.769,1.5774,1.5777,12.00,50.80
2007.09.04 06:36:27.182,1.5774,1.5776,19.00,0.60
2007.09.04 06:36:28.015,1.5774,1.5777,19.00,50.50
2007.09.04 06:36:35.265,1.5774,1.5776,12.00,0.90
2007.09.04 06:36:35.729,1.5774,1.5777,10.40,53.90
2007.09.04 06:36:36.005,1.5774,1.5775,10.40,0.50
2007.09.04 06:36:36.738,1.5774,1.5775,10.40,0.50
2007.09.04 06:36:43.701,1.5774,1.5775,10.40,10.10
2007.09.04 06:36:43.741,1.5774,1.5775,8.00,12.50
2007.09.04 06:36:43.813,1.5773,1.5775,2.80,36.40
2007.09.04 06:36:43.887,1.5773,1.5775,1.40,36.40
2007.09.04 06:36:44.046,1.57725,1.5775,1.30,36.40
2007.09.04 06:36:49.254,1.57725,1.5774,1.30,0.50
2007.09.04 06:36:50.236,1.57725,1.5774,1.30,16.50
2007.09.04 06:36:50.655,1.57725,1.5774,1.30,14.10
2007.09.04 06:36:50.816,1.57725,1.5774,1.30,5.60
2007.09.04 06:36:51.257,1.57725,1.5775,1.30,40.40
2007.09.04 06:36:51.315,1.57725,1.5775,1.30,36.40
2007.09.04 06:36:54.013,1.57725,1.5775,1.10,36.40
2007.09.04 06:36:59.903,1.57725,1.5776,1.10,50.30
2007.09.04 06:37:08.306,1.5773,1.5776,0.80,50.70
2007.09.04 06:37:17.661,1.5773,1.5775,0.80,0.50
2007.09.04 06:37:17.717,1.57725,1.5773,1.10,0.80
2007.09.04 06:37:18.029,1.5772,1.5773,15.70,0.60
2007.09.04 06:37:18.070,1.5772,1.5774,15.00,50.00
2007.09.04 06:37:18.387,1.5772,1.5773,15.70,0.50
2007.09.04 06:37:18.797,1.5772,1.5774,14.10,46.80
2007.09.04 06:37:19.200,1.5772,1.5775,14.10,58.80
2007.09.04 06:37:19.234,1.5772,1.5774,34.00,0.80
2007.09.04 06:37:19.338,1.5772,1.5776,37.10,65.90
2007.09.04 06:37:19.420,1.5772,1.5775,36.40,0.60
2007.09.04 06:37:19.551,1.57725,1.5775,0.70,0.50
2007.09.04 06:37:19.755,1.57725,1.5775,0.70,0.80
2007.09.04 06:37:20.190,1.57725,1.5775,0.70,54.90
2007.09.04 06:37:20.729,1.57725,1.5774,0.70,0.70
2007.09.04 06:37:20.747,1.57725,1.5774,0.70,0.80
2007.09.04 06:37:20.782,1.57715,1.5774,0.60,0.50
2007.09.04 06:37:20.839,1.57715,1.5775,0.60,67.30
2007.09.04 06:37:20.947,1.5772,1.5774,0.60,0.50
2007.09.04 06:37:21.041,1.5772,1.5773,0.60,0.50
2007.09.04 06:37:21.162,1.5772,1.5774,0.60,56.10
2007.09.04 06:37:21.265,1.5772,1.5773,0.60,0.80
2007.09.04 06:37:21.394,1.5772,1.5773,0.60,0.70
2007.09.04 06:37:21.421,1.5772,1.5774,0.60,67.30
2007.09.04 06:37:21.681,1.5771,1.5774,1.60,67.30
2007.09.04 06:37:21.795,1.57705,1.5774,0.60,67.30
2007.09.04 06:37:25.380,1.57705,1.5773,0.60,0.80
2007.09.04 06:37:26.191,1.5771,1.5773,2.40,0.80
2007.09.04 06:37:26.212,1.5771,1.5774,15.00,69.50
2007.09.04 06:37:26.433,1.5771,1.5774,15.00,55.30
2007.09.04 06:37:26.473,1.5771,1.5774,15.70,55.30
2007.09.04 06:37:26.598,1.5771,1.5773,16.30,0.80
2007.09.04 06:37:26.762,1.5771,1.5773,19.30,0.70
2007.09.04 06:37:27.074,1.5771,1.5774,19.30,48.80
2007.09.04 06:37:28.347,1.5771,1.5773,19.30,0.70
2007.09.04 06:37:29.722,1.5771,1.5773,16.30,30.80
2007.09.04 06:37:29.816,1.5771,1.5773,16.30,30.30
2007.09.04 06:37:30.039,1.5771,1.5773,16.30,30.80
2007.09.04 06:37:30.203,1.5771,1.5773,13.90,30.80
2007.09.04 06:37:30.254,1.5771,1.5773,1.30,34.80
2007.09.04 06:37:30.363,1.5771,1.5773,1.30,46.80
2007.09.04 06:37:30.417,1.5771,1.5773,0.60,46.80
2007.09.04 06:37:30.478,1.57705,1.5773,0.60,46.80
2007.09.04 06:37:31.229,1.577,1.5773,28.90,46.80
2007.09.04 06:37:31.328,1.577,1.5773,29.00,46.80
2007.09.04 06:37:32.074,1.577,1.5773,28.20,46.80
2007.09.04 06:37:32.676,1.5771,1.5773,2.40,46.80
2007.09.04 06:37:32.722,1.5771,1.5773,17.40,42.80
2007.09.04 06:37:33.242,1.5771,1.5773,17.40,42.80
2007.09.04 06:37:33.393,1.5771,1.5773,17.50,42.80
2007.09.04 06:37:33.465,1.5771,1.5773,17.50,30.80
2007.09.04 06:37:34.243,1.5771,1.5773,0.09,34.80
2007.09.04 06:37:34.437,1.5771,1.5773,0.09,46.80
2007.09.04 06:37:34.549,1.577,1.5773,30.50,46.80
2007.09.04 06:37:34.637,1.577,1.5772,25.70,0.50
2007.09.04 06:37:34.646,1.577,1.5772,28.10,0.50
2007.09.04 06:37:34.740,1.577,1.5772,25.10,0.50
2007.09.04 06:37:34.764,1.577,1.5772,25.20,0.50
2007.09.04 06:37:34.843,1.577,1.5772,23.60,0.50
2007.09.04 06:37:35.152,1.577,1.5772,21.20,0.50
2007.09.04 06:37:35.193,1.577,1.5772,20.40,2.90
2007.09.04 06:37:35.209,1.577,1.5772,4.40,30.80
2007.09.04 06:37:35.280,1.577,1.5772,4.40,30.80
2007.09.04 06:37:35.399,1.577,1.5771,2.00,0.50
2007.09.04 06:37:35.816,1.577,1.5771,2.00,0.50
2007.09.04 06:37:36.035,1.577,1.5772,2.00,30.80
2007.09.04 06:37:36.090,1.577,1.5772,2.10,30.80
2007.09.04 06:37:36.675,1.577,1.5772,5.10,22.80
2007.09.04 06:37:36.719,1.577,1.5772,5.10,20.40
2007.09.04 06:37:37.429,1.577,1.5772,5.00,20.40
2007.09.04 06:37:37.531,1.577,1.5772,5.10,20.40
2007.09.04 06:37:37.740,1.577,1.5772,5.10,20.40
2007.09.04 06:37:38.152,1.577,1.5772,5.20,20.40
2007.09.04 06:37:39.758,1.577,1.5772,2.20,28.40
2007.09.04 06:37:39.884,1.577,1.5772,2.20,30.80
2007.09.04 06:37:40.162,1.577,1.5771,0.20,0.50
2007.09.04 06:37:40.677,1.577,1.5771,0.10,0.50
2007.09.04 06:37:40.716,1.5769,1.5771,31.30,0.50
2007.09.04 06:37:40.792,1.5769,1.5771,41.20,0.50
2007.09.04 06:37:40.810,1.5769,1.5771,38.80,0.50
2007.09.04 06:37:40.900,1.5769,1.5771,37.20,0.50
2007.09.04 06:37:40.915,1.577,1.5771,0.10,0.50
2007.09.04 06:37:42.648,1.577,1.5771,0.10,2.90
2007.09.04 06:37:42.768,1.577,1.5771,0.10,10.90
2007.09.04 06:37:51.691,1.577,1.5771,0.10,8.50
2007.09.04 06:37:51.715,1.577,1.5771,0.10,0.50
2007.09.04 06:37:51.816,1.577,1.5772,0.10,55.60
2007.09.04 06:37:52.139,1.577,1.5772,0.10,56.40
2007.09.04 06:37:53.348,1.57695,1.5772,0.20,56.40
2007.09.04 06:37:53.754,1.577,1.5772,0.20,56.40
2007.09.04 06:37:59.272,1.577,1.57725,0.20,58.80
2007.09.04 06:38:00.425,1.577,1.57725,0.20,56.40
2007.09.04 06:38:01.067,1.577,1.5773,0.20,66.10
2007.09.04 06:38:01.591,1.577,1.5772,0.20,0.60
2007.09.04 06:38:02.534,1.577,1.5772,0.20,0.70
2007.09.04 06:38:16.442,1.577,1.5772,0.20,0.80
2007.09.04 06:38:17.096,1.577,1.5773,0.20,63.70
2007.09.04 06:38:21.622,1.577,1.5772,1.00,0.90
2007.09.04 06:38:21.679,1.5771,1.5772,2.40,0.50
2007.09.04 06:38:21.742,1.5771,1.5772,10.40,0.50
2007.09.04 06:38:22.703,1.5771,1.5773,10.40,53.20
2007.09.04 06:38:23.117,1.5771,1.5773,10.40,46.30
2007.09.04 06:38:23.215,1.5771,1.5773,10.40,48.30
2007.09.04 06:38:23.285,1.5771,1.5773,8.00,51.50
2007.09.04 06:38:23.322,1.577,1.5773,0.60,69.90
2007.09.04 06:38:23.635,1.577,1.5773,4.60,67.90
2007.09.04 06:38:23.681,1.577,1.5772,4.60,0.50
2007.09.04 06:38:23.741,1.577,1.5772,4.60,27.60
2007.09.04 06:38:25.086,1.577,1.5773,4.60,49.70
2007.09.04 06:38:25.231,1.577,1.5772,4.60,0.90
2007.09.04 06:38:25.742,1.5771,1.5772,10.40,0.90
2007.09.04 06:38:26.171,1.5771,1.5773,10.40,55.70
2007.09.04 06:38:26.261,1.5771,1.5773,10.40,56.50
2007.09.04 06:38:37.916,1.5771,1.5772,10.40,0.80
2007.09.04 06:38:42.408,1.5771,1.5772,10.40,2.80
2007.09.04 06:38:47.347,1.5771,1.5772,12.40,2.80
2007.09.04 06:38:47.447,1.5771,1.5772,12.40,0.80
2007.09.04 06:38:47.754,1.5771,1.5772,12.60,0.80
2007.09.04 06:38:47.848,1.5771,1.5772,12.80,0.80
2007.09.04 06:38:47.909,1.5771,1.5772,13.10,0.80
2007.09.04 06:38:51.589,1.5771,1.5772,29.00,0.80
2007.09.04 06:38:51.631,1.5771,1.5772,34.60,0.80
2007.09.04 06:38:52.319,1.5771,1.5772,38.60,0.80
2007.09.04 06:38:52.647,1.5771,1.5772,40.20,0.80
2007.09.04 06:38:54.128,1.5771,1.5773,41.00,13.20
2007.09.04 06:38:54.214,1.5772,1.5773,10.00,3.20
2007.09.04 06:38:54.221,1.5772,1.5773,18.00,0.80
2007.09.04 06:38:55.039,1.5772,1.5773,18.20,0.80
2007.09.04 06:38:56.016,1.5772,1.5773,18.20,1.30
2007.09.04 06:38:56.112,1.5772,1.5773,18.20,0.50
2007.09.04 06:38:56.154,1.5772,1.5773,12.60,0.50
2007.09.04 06:38:56.223,1.5772,1.5773,2.60,10.80
2007.09.04 06:38:56.271,1.5772,1.5773,0.20,13.20
2007.09.04 06:38:56.663,1.57715,1.5773,0.40,13.20
2007.09.04 06:38:58.206,1.5772,1.5773,0.20,3.20
2007.09.04 06:38:58.216,1.5772,1.5773,0.20,0.80
2007.09.04 06:38:59.891,1.5772,1.5775,0.20,33.30
2007.09.04 06:39:01.684,1.5772,1.5773,0.20,0.80
2007.09.04 06:39:05.706,1.57715,1.5773,0.30,3.20
2007.09.04 06:39:05.847,1.57715,1.5773,0.30,15.20
2007.09.04 06:39:06.065,1.5771,1.5773,52.00,15.20
2007.09.04 06:39:06.247,1.5771,1.5773,52.20,15.20
2007.09.04 06:39:06.387,1.5771,1.5773,40.20,15.20
2007.09.04 06:39:06.482,1.5771,1.5773,40.40,15.20
2007.09.04 06:39:06.610,1.5771,1.5773,38.80,15.20
2007.09.04 06:39:07.022,1.5771,1.5773,38.60,15.20
2007.09.04 06:39:07.157,1.5771,1.5773,38.60,12.80
2007.09.04 06:39:07.226,1.5771,1.5773,45.80,0.80
2007.09.04 06:39:07.369,1.5771,1.5773,45.30,0.80
2007.09.04 06:39:07.446,1.5771,1.5773,57.30,0.80
2007.09.04 06:39:07.880,1.5771,1.5773,31.80,0.80
2007.09.04 06:39:07.953,1.57715,1.5773,0.30,0.80
2007.09.04 06:39:08.057,1.5772,1.5773,0.30,0.80
2007.09.04 06:39:08.656,1.5772,1.5773,0.30,3.20
2007.09.04 06:39:08.717,1.5772,1.5773,0.30,11.20
2007.09.04 06:39:08.881,1.57715,1.5773,0.30,11.20
2007.09.04 06:39:08.903,1.5771,1.5773,55.50,11.20
2007.09.04 06:39:09.036,1.5771,1.5773,55.50,12.00
2007.09.04 06:39:09.265,1.5771,1.5773,35.50,16.00
2007.09.04 06:39:09.423,1.5771,1.5772,33.10,2.40
2007.09.04 06:39:09.437,1.5771,1.5772,9.20,10.40
2007.09.04 06:39:09.585,1.5771,1.5772,7.60,10.40
2007.09.04 06:39:09.711,1.5771,1.5772,7.60,2.40
2007.09.04 06:39:10.229,1.5771,1.5772,7.60,0.80
2007.09.04 06:39:10.420,1.5771,1.5772,23.50,0.80
2007.09.04 06:39:14.162,1.5771,1.5772,25.90,0.80
2007.09.04 06:39:14.284,1.5771,1.5773,33.90,21.00
2007.09.04 06:39:17.731,1.5771,1.5773,25.90,18.00
2007.09.04 06:39:17.752,1.5771,1.5773,23.50,18.00
2007.09.04 06:39:21.150,1.5771,1.5773,25.90,18.00
2007.09.04 06:39:21.214,1.5771,1.5773,33.90,20.20
2007.09.04 06:39:22.157,1.5771,1.5773,33.90,21.00
2007.09.04 06:39:22.182,1.5771,1.5772,31.50,2.40
2007.09.04 06:39:22.267,1.5771,1.5772,23.50,11.20
2007.09.04 06:39:22.392,1.5771,1.5772,7.60,11.20
2007.09.04 06:39:23.686,1.5771,1.5772,8.40,3.20
2007.09.04 06:39:23.719,1.5771,1.5772,8.40,0.80
2007.09.04 06:39:23.739,1.5771,1.5772,24.30,0.80
2007.09.04 06:39:24.157,1.5771,1.5772,23.50,8.80
2007.09.04 06:39:24.236,1.5771,1.5772,23.50,11.20
2007.09.04 06:39:24.273,1.5771,1.5772,7.60,11.20
2007.09.04 06:39:24.474,1.5771,1.5772,23.50,11.20
2007.09.04 06:39:24.688,1.5771,1.5772,23.50,3.20
2007.09.04 06:39:24.878,1.5771,1.5772,23.50,0.80
2007.09.04 06:39:27.643,1.5771,1.5772,25.90,0.80
2007.09.04 06:39:27.866,1.5771,1.5773,33.90,20.20
2007.09.04 06:39:28.785,1.5771,1.5773,34.20,20.20
2007.09.04 06:39:29.228,1.5771,1.5773,38.20,13.20
2007.09.04 06:39:30.070,1.5771,1.5773,38.40,13.20
2007.09.04 06:39:30.196,1.5771,1.5773,38.40,11.20
2007.09.04 06:39:30.237,1.5771,1.5773,38.40,8.80
2007.09.04 06:39:30.274,1.5771,1.5773,41.40,0.80
2007.09.04 06:39:30.471,1.5771,1.5773,43.80,0.80
2007.09.04 06:39:30.595,1.5771,1.5773,46.20,0.80
2007.09.04 06:39:30.699,1.5772,1.5773,0.30,0.80
2007.09.04 06:39:30.808,1.5773,1.5774,0.10,4.00
2007.09.04 06:39:30.907,1.5773,1.5775,0.10,49.10
2007.09.04 06:39:31.003,1.5773,1.5775,0.10,46.70
2007.09.04 06:39:31.222,1.5772,1.5775,3.00,46.70
2007.09.04 06:39:31.245,1.5772,1.5775,3.30,46.70
2007.09.04 06:39:31.429,1.5772,1.5775,3.30,49.10
2007.09.04 06:39:31.745,1.5772,1.5775,3.30,47.50
2007.09.04 06:39:32.165,1.5772,1.5775,0.90,47.50
2007.09.04 06:39:32.698,1.5772,1.5775,10.30,47.50
2007.09.04 06:39:32.793,1.5772,1.5775,10.00,47.50
2007.09.04 06:39:32.825,1.5772,1.5775,18.00,47.50
2007.09.04 06:39:32.872,1.57725,1.5775,0.40,47.50
2007.09.04 06:39:33.432,1.57725,1.5775,0.40,35.50
2007.09.04 06:39:33.657,1.57725,1.5775,0.40,33.10
2007.09.04 06:39:33.983,1.57725,1.5775,0.40,0.50
2007.09.04 06:39:36.175,1.57725,1.5775,0.40,0.50
2007.09.04 06:39:37.429,1.57725,1.57755,0.40,49.90
2007.09.04 06:39:38.580,1.5772,1.5775,0.90,0.90
2007.09.04 06:39:38.722,1.5772,1.57755,0.90,52.90
2007.09.04 06:39:38.777,1.5772,1.5774,0.90,0.90
2007.09.04 06:39:38.821,1.5772,1.5775,0.90,55.50
2007.09.04 06:39:39.241,1.5772,1.5774,0.60,0.50
2007.09.04 06:39:39.355,1.5772,1.5775,0.60,50.40
2007.09.04 06:39:39.556,1.5772,1.5774,0.40,0.60
2007.09.04 06:39:39.586,1.57715,1.5774,0.40,0.60
2007.09.04 06:39:39.803,1.5772,1.5774,0.40,0.50
2007.09.04 06:39:47.060,1.5772,1.5774,0.40,35.10
2007.09.04 06:39:47.160,1.5772,1.5773,0.40,0.50
2007.09.04 06:39:47.222,1.57715,1.57735,0.40,10.00
2007.09.04 06:39:47.256,1.57715,1.57735,0.40,37.90
2007.09.04 06:39:47.369,1.5771,1.57735,21.20,37.90
2007.09.04 06:39:47.595,1.5771,1.5773,21.00,0.70
2007.09.04 06:39:47.669,1.5771,1.5773,21.20,0.80
2007.09.04 06:39:47.733,1.5771,1.57735,21.20,32.70
2007.09.04 06:39:47.794,1.5771,1.5774,55.80,34.30
2007.09.04 06:39:47.898,1.57715,1.5774,0.40,0.70
2007.09.04 06:39:48.038,1.5772,1.5775,0.40,50.80
2007.09.04 06:39:48.641,1.5772,1.5775,2.70,52.20
2007.09.04 06:39:48.729,1.5772,1.5774,10.70,0.70
2007.09.04 06:39:48.757,1.5772,1.5774,16.30,0.90
2007.09.04 06:39:48.826,1.5772,1.5775,32.20,36.20
2007.09.04 06:39:49.252,1.5772,1.5775,8.30,47.70
2007.09.04 06:39:49.258,1.5772,1.5775,0.40,47.70
2007.09.04 06:39:50.549,1.5772,1.5775,0.40,44.50
2007.09.04 06:39:54.102,1.5772,1.57745,0.40,32.70
2007.09.04 06:39:54.271,1.5772,1.57745,0.40,34.70
2007.09.04 06:39:55.627,1.5772,1.5773,0.40,0.50
2007.09.04 06:39:55.653,1.5772,1.5773,0.40,0.90
2007.09.04 06:39:55.782,1.5772,1.5773,0.40,0.70
2007.09.04 06:39:55.848,1.57715,1.5773,0.40,0.90
2007.09.04 06:39:55.861,1.5771,1.5773,23.40,0.70
2007.09.04 06:39:56.073,1.5771,1.5773,23.40,0.80
2007.09.04 06:39:56.192,1.5771,1.57735,53.30,4.80
2007.09.04 06:39:56.268,1.5771,1.57735,51.20,7.20
2007.09.04 06:39:56.286,1.5771,1.5773,51.20,0.70
2007.09.04 06:39:56.372,1.5772,1.5773,0.40,0.80
2007.09.04 06:39:56.391,1.5772,1.5774,0.40,0.90
2007.09.04 06:39:58.123,1.5772,1.57745,0.40,41.90
2007.09.04 06:39:58.126,1.5772,1.57745,0.40,42.70
2007.09.04 06:39:58.211,1.57715,1.5772,0.40,0.80
2007.09.04 06:39:58.313,1.57715,1.5772,0.40,0.50
2007.09.04 06:39:58.337,1.57715,1.5772,0.40,0.70
2007.09.04 06:39:58.522,1.5771,1.5773,5.40,53.20
2007.09.04 06:39:58.644,1.5771,1.5773,5.40,52.40
2007.09.04 06:39:58.659,1.5771,1.5772,7.80,0.50
2007.09.04 06:39:58.761,1.5771,1.5774,40.70,39.90
2007.09.04 06:39:58.770,1.5771,1.5774,46.30,33.50
2007.09.04 06:39:58.852,1.5771,1.5773,46.30,0.60
2007.09.04 06:39:58.958,1.5771,1.5774,43.90,31.10
2007.09.04 06:39:59.069,1.5771,1.5774,43.90,30.60
2007.09.04 06:39:59.164,1.5771,1.5773,43.90,0.90
2007.09.04 06:39:59.187,1.5771,1.5774,49.90,39.30
2007.09.04 06:39:59.280,1.5771,1.5774,49.90,0.90
2007.09.04 06:39:59.317,1.5771,1.5775,49.90,44.60
2007.09.04 06:39:59.393,1.5771,1.5775,50.20,44.60
2007.09.04 06:39:59.675,1.5771,1.5774,42.20,0.50
2007.09.04 06:39:59.706,1.5771,1.5775,0.40,36.70
2007.09.04 06:40:00.761,1.5771,1.5775,15.30,61.60
2007.09.04 06:40:00.799,1.5771,1.5775,17.70,61.60
2007.09.04 06:40:00.859,1.5771,1.57745,17.70,51.50
2007.09.04 06:40:00.883,1.5771,1.5774,20.10,0.50
2007.09.04 06:40:01.331,1.5772,1.5774,0.40,50.70
2007.09.04 06:40:01.376,1.5772,1.5774,0.40,38.70
2007.09.04 06:40:04.640,1.5772,1.5774,0.40,39.50
2007.09.04 06:40:04.658,1.5772,1.5774,0.40,37.10
2007.09.04 06:40:05.065,1.5772,1.5774,0.40,39.50
2007.09.04 06:40:05.242,1.5772,1.5774,0.40,41.90
2007.09.04 06:40:05.467,1.5772,1.5774,0.40,31.60
2007.09.04 06:40:05.559,1.5771,1.5774,0.60,31.60
2007.09.04 06:40:05.651,1.5771,1.5774,0.90,31.60
2007.09.04 06:40:05.664,1.5771,1.5774,0.90,32.40
2007.09.04 06:40:05.759,1.5771,1.5773,0.90,2.40
2007.09.04 06:40:05.781,1.5771,1.5773,0.60,30.30
2007.09.04 06:40:05.871,1.5771,1.5773,0.40,30.30
2007.09.04 06:40:05.953,1.57705,1.5773,0.40,30.30
2007.09.04 06:40:06.194,1.57705,1.5773,0.40,32.30
2007.09.04 06:40:07.055,1.57705,1.5773,0.40,0.60
2007.09.04 06:40:09.059,1.57705,1.5773,0.40,0.50
2007.09.04 06:40:11.653,1.57705,1.5774,0.40,38.10
2007.09.04 06:40:11.715,1.5771,1.5774,0.40,38.10
2007.09.04 06:40:11.747,1.5771,1.5775,0.70,31.10
2007.09.04 06:40:11.866,1.5771,1.5775,0.70,33.50
2007.09.04 06:40:11.916,1.5771,1.5775,1.10,33.50
2007.09.04 06:40:12.001,1.5771,1.57745,1.10,26.60
2007.09.04 06:40:12.694,1.5771,1.57745,1.10,52.90
2007.09.04 06:40:20.670,1.5771,1.5774,1.50,0.70
2007.09.04 06:40:20.680,1.5771,1.57745,1.80,52.90
2007.09.04 06:40:21.621,1.5771,1.57745,2.10,52.90
2007.09.04 06:40:24.778,1.5771,1.5774,1.40,56.10
2007.09.04 06:40:24.856,1.5771,1.5773,0.70,0.50
2007.09.04 06:40:25.174,1.577,1.5774,49.70,34.60
2007.09.04 06:40:25.214,1.577,1.5773,50.00,0.60
2007.09.04 06:40:25.325,1.577,1.57735,50.00,33.10
2007.09.04 06:40:25.369,1.577,1.5773,50.70,0.60
2007.09.04 06:40:25.618,1.577,1.57735,50.70,31.10
2007.09.04 06:40:25.737,1.5771,1.57735,0.70,7.20
2007.09.04 06:40:25.787,1.5771,1.5773,1.40,0.90
2007.09.04 06:40:25.830,1.5771,1.57745,1.40,29.00
2007.09.04 06:40:26.192,1.5771,1.57745,2.10,29.00
2007.09.04 06:40:26.672,1.5771,1.5773,2.10,0.90
2007.09.04 06:40:26.707,1.5771,1.5773,2.10,0.70
2007.09.04 06:40:26.779,1.5771,1.5774,1.40,31.60
2007.09.04 06:40:26.925,1.5771,1.5774,0.70,38.70
2007.09.04 06:40:27.073,1.577,1.5773,49.70,0.90
2007.09.04 06:40:27.165,1.577,1.5774,50.50,38.70
2007.09.04 06:40:27.240,1.577,1.5773,50.70,0.60
2007.09.04 06:40:27.372,1.577,1.5773,50.70,0.80
2007.09.04 06:40:27.434,1.577,1.5773,53.10,0.50
2007.09.04 06:40:27.673,1.577,1.5774,52.40,50.60
2007.09.04 06:40:27.686,1.577,1.5773,52.40,0.60
2007.09.04 06:40:27.773,1.5771,1.5774,3.10,0.80
2007.09.04 06:40:27.887,1.5771,1.5775,3.80,62.40
2007.09.04 06:40:28.302,1.5771,1.5775,3.80,62.40
2007.09.04 06:40:28.622,1.5771,1.57745,4.80,49.10
2007.09.04 06:40:28.737,1.5771,1.57745,7.20,49.10
2007.09.04 06:40:28.831,1.5771,1.5774,22.20,0.50
2007.09.04 06:40:29.139,1.5771,1.57745,21.40,46.70
2007.09.04 06:40:29.150,1.5771,1.5775,20.70,61.60
2007.09.04 06:40:29.234,1.5771,1.5775,26.30,58.40
2007.09.04 06:40:29.248,1.5771,1.5774,25.60,0.80
2007.09.04 06:40:29.369,1.5771,1.5776,55.50,61.60
2007.09.04 06:40:29.396,1.5771,1.5776,57.90,60.80
2007.09.04 06:40:29.964,1.5771,1.5775,57.90,0.80
2007.09.04 06:40:30.179,1.5772,1.5776,0.70,63.20
2007.09.04 06:40:30.358,1.5772,1.5776,1.40,63.20
2007.09.04 06:40:31.077,1.5772,1.5776,2.10,63.20
2007.09.04 06:40:32.169,1.5772,1.5775,2.10,50.70
2007.09.04 06:40:32.212,1.5772,1.5774,2.10,0.90
2007.09.04 06:40:32.280,1.5772,1.57745,1.40,19.00
2007.09.04 06:40:32.414,1.5772,1.5774,1.40,0.50
2007.09.04 06:40:32.461,1.57715,1.5774,0.70,0.60
2007.09.04 06:40:32.912,1.57715,1.5774,0.70,0.70
2007.09.04 06:40:33.143,1.5772,1.57745,0.70,42.90
2007.09.04 06:40:35.809,1.57715,1.5774,0.60,40.50
2007.09.04 06:40:36.068,1.5772,1.5774,0.60,40.50
2007.09.04 06:40:44.127,1.5772,1.5774,0.60,40.10
2007.09.04 06:40:50.683,1.57715,1.5773,0.60,2.40
2007.09.04 06:40:50.733,1.57715,1.5773,0.60,10.40
2007.09.04 06:40:50.823,1.5771,1.5773,34.80,10.40
2007.09.04 06:40:50.832,1.5771,1.5773,32.40,14.40
2007.09.04 06:40:51.143,1.5771,1.5773,32.40,16.40
2007.09.04 06:40:54.700,1.5771,1.5773,32.40,14.00
2007.09.04 06:40:54.742,1.5771,1.5773,32.40,6.00
2007.09.04 06:40:55.685,1.5771,1.5773,32.40,4.00
2007.09.04 06:40:55.722,1.5771,1.5773,31.70,4.00
2007.09.04 06:40:55.780,1.5771,1.5774,46.10,33.10
2007.09.04 06:40:55.808,1.57715,1.5774,0.60,33.10
2007.09.04 06:40:55.829,1.57715,1.5775,0.60,53.90
2007.09.04 06:40:55.928,1.5772,1.5774,0.60,0.50
2007.09.04 06:41:00.219,1.5772,1.5774,0.60,0.70
2007.09.04 06:41:01.372,1.5772,1.5774,0.60,0.90
2007.09.04 06:41:03.046,1.5772,1.5774,0.60,39.30
2007.09.04 06:41:03.335,1.57715,1.5773,0.60,0.80
2007.09.04 06:41:03.402,1.57705,1.5774,0.60,51.30
2007.09.04 06:41:04.202,1.57705,1.5774,0.60,57.70
2007.09.04 06:41:04.228,1.57705,1.5773,0.60,0.70
2007.09.04 06:41:04.365,1.57705,1.5773,0.60,0.90
2007.09.04 06:41:04.498,1.577,1.5774,38.90,52.90
2007.09.04 06:41:04.615,1.577,1.5773,39.40,0.90
2007.09.04 06:41:04.869,1.577,1.57735,37.80,42.50
2007.09.04 06:41:07.167,1.577,1.5773,35.40,0.90
2007.09.04 06:41:10.273,1.577,1.57735,34.90,40.90
2007.09.04 06:41:10.297,1.577,1.57735,34.40,40.90
2007.09.04 06:41:10.352,1.577,1.57735,34.60,40.90
2007.09.04 06:41:10.396,1.577,1.57735,34.90,40.90
2007.09.04 06:41:10.531,1.577,1.57735,34.50,40.90
2007.09.04 06:41:10.597,1.577,1.57735,34.20,40.90
2007.09.04 06:41:11.203,1.577,1.57735,34.40,40.90
2007.09.04 06:41:11.848,1.577,1.5773,34.40,0.70
2007.09.04 06:41:12.643,1.577,1.5773,34.20,0.90
2007.09.04 06:41:12.883,1.577,1.5773,34.40,0.90
2007.09.04 06:41:12.896,1.577,1.57735,34.40,40.90
2007.09.04 06:41:12.953,1.577,1.5773,34.20,0.90
2007.09.04 06:41:13.046,1.577,1.5773,34.40,0.50
2007.09.04 06:41:14.861,1.577,1.57735,34.20,40.90
2007.09.04 06:41:15.630,1.577,1.5773,34.40,0.60
2007.09.04 06:41:21.299,1.577,1.57735,34.20,40.90
2007.09.04 06:41:24.374,1.577,1.5774,34.20,55.80
2007.09.04 06:41:24.567,1.577,1.5774,34.00,55.80
2007.09.04 06:41:24.621,1.577,1.5773,33.90,0.50
2007.09.04 06:41:24.666,1.577,1.5773,34.70,44.50
2007.09.04 06:41:24.746,1.577,1.57725,30.70,9.90
2007.09.04 06:41:24.769,1.577,1.5772,30.70,0.90
2007.09.04 06:41:24.846,1.577,1.5772,30.70,0.70
2007.09.04 06:41:24.930,1.577,1.57725,30.70,19.10
2007.09.04 06:41:25.131,1.577,1.5772,30.70,19.00
2007.09.04 06:41:25.177,1.577,1.5772,30.70,18.60
2007.09.04 06:41:25.295,1.577,1.5772,30.70,19.00
2007.09.04 06:41:25.472,1.577,1.5772,18.70,19.00
2007.09.04 06:41:25.595,1.577,1.5772,18.70,19.50
2007.09.04 06:41:27.943,1.577,1.5772,18.70,18.70
2007.09.04 06:41:30.632,1.577,1.5772,17.90,18.70
2007.09.04 06:41:30.734,1.577,1.5772,17.90,16.30
2007.09.04 06:41:30.821,1.577,1.5772,22.10,0.80
2007.09.04 06:41:30.856,1.577,1.5772,22.10,0.50
2007.09.04 06:41:31.136,1.577,1.5772,21.90,0.50
2007.09.04 06:41:31.303,1.577,1.5772,22.10,0.50
2007.09.04 06:41:32.113,1.577,1.5772,24.50,0.50
2007.09.04 06:41:32.694,1.5771,1.5772,2.40,0.50
2007.09.04 06:41:32.715,1.5771,1.5772,14.60,0.50
2007.09.04 06:41:32.827,1.5771,1.5772,30.50,0.50
2007.09.04 06:41:32.937,1.5771,1.5774,30.50,25.90
2007.09.04 06:41:33.024,1.5771,1.5774,30.30,25.90
2007.09.04 06:41:33.126,1.5771,1.5774,30.50,46.10
2007.09.04 06:41:33.273,1.5771,1.57735,30.50,0.50
2007.09.04 06:41:33.339,1.5771,1.57735,32.50,0.50
2007.09.04 06:41:34.305,1.5771,1.57735,36.50,0.50
2007.09.04 06:41:35.169,1.5771,1.5773,36.50,2.40
2007.09.04 06:41:35.256,1.5771,1.5773,36.30,2.40
2007.09.04 06:41:35.360,1.5771,1.5773,32.30,17.80
2007.09.04 06:41:35.466,1.5771,1.5773,32.30,18.20
2007.09.04 06:41:35.664,1.5771,1.5773,30.30,18.20
2007.09.04 06:41:35.690,1.5771,1.5773,30.30,18.70
2007.09.04 06:41:35.774,1.5771,1.5773,2.40,34.60
2007.09.04 06:41:35.793,1.577,1.5773,46.10,34.60
2007.09.04 06:41:35.896,1.577,1.5773,46.10,34.10
2007.09.04 06:41:35.988,1.577,1.57725,43.70,0.50
2007.09.04 06:41:36.107,1.577,1.5772,43.70,0.50
2007.09.04 06:41:36.196,1.577,1.5772,39.70,0.50
2007.09.04 06:41:36.936,1.577,1.5772,38.10,0.50
2007.09.04 06:41:37.444,1.577,1.5772,26.10,0.50
2007.09.04 06:41:38.718,1.577,1.5772,25.90,0.50
2007.09.04 06:41:38.763,1.577,1.5772,25.90,2.80
2007.09.04 06:41:38.816,1.577,1.5772,21.90,18.20
2007.09.04 06:41:38.987,1.577,1.5772,21.90,18.70
2007.09.04 06:41:39.070,1.577,1.5772,21.90,18.30
2007.09.04 06:41:39.184,1.577,1.5772,21.90,18.70
2007.09.04 06:41:39.232,1.577,1.5772,6.00,34.60
2007.09.04 06:41:39.345,1.577,1.5772,2.00,34.60
2007.09.04 06:41:44.368,1.577,1.5772,2.00,37.00
2007.09.04 06:41:44.795,1.577,1.5772,2.00,34.60
2007.09.04 06:41:47.024,1.577,1.5772,2.80,34.60
2007.09.04 06:41:47.240,1.577,1.5772,14.80,30.60
2007.09.04 06:41:47.299,1.577,1.5772,17.20,30.60
2007.09.04 06:41:47.653,1.577,1.5772,12.40,34.60
2007.09.04 06:41:47.749,1.577,1.5772,4.40,34.60
2007.09.04 06:41:47.814,1.577,1.5772,2.00,34.60
2007.09.04 06:41:55.210,1.5769,1.5772,38.90,48.60
2007.09.04 06:41:55.311,1.5769,1.57715,38.90,0.30
2007.09.04 06:41:55.807,1.5769,1.57715,36.50,0.30
2007.09.04 06:41:57.496,1.5769,1.57715,38.90,0.30
2007.09.04 06:41:58.030,1.5769,1.57715,36.50,0.30
2007.09.04 06:41:58.085,1.5769,1.5772,36.50,31.00
2007.09.04 06:41:58.384,1.5769,1.5772,36.50,31.30
2007.09.04 06:41:58.442,1.5769,1.5772,48.50,3.40
2007.09.04 06:41:59.014,1.5769,1.5772,50.10,3.40
2007.09.04 06:41:59.108,1.5769,1.5772,50.90,3.40
2007.09.04 06:41:59.214,1.577,1.5772,4.00,3.00
2007.09.04 06:41:59.309,1.577,1.5772,4.00,2.70
2007.09.04 06:41:59.322,1.577,1.5772,21.90,2.70
2007.09.04 06:41:59.438,1.577,1.5772,21.90,2.40
2007.09.04 06:41:59.550,1.577,1.5772,21.90,2.70
2007.09.04 06:41:59.634,1.577,1.5772,21.90,0.30
2007.09.04 06:42:01.081,1.577,1.57725,21.90,0.60
2007.09.04 06:42:05.202,1.577,1.57725,17.90,4.60
2007.09.04 06:42:05.282,1.577,1.5772,17.90,0.90
2007.09.04 06:42:05.305,1.577,1.5772,2.00,0.80
2007.09.04 06:42:05.398,1.577,1.5772,2.00,0.50
2007.09.04 06:42:05.408,1.577,1.5772,2.00,0.70
2007.09.04 06:42:05.485,1.577,1.5773,2.00,51.50
2007.09.04 06:42:05.606,1.577,1.5772,2.00,0.80
2007.09.04 06:42:05.819,1.577,1.5772,2.00,0.60
2007.09.04 06:42:09.466,1.577,1.5773,2.00,57.30
2007.09.04 06:42:13.040,1.577,1.5773,2.00,57.30
2007.09.04 06:42:13.071,1.577,1.5772,2.00,0.80
2007.09.04 06:42:13.171,1.577,1.5773,2.00,53.70
2007.09.04 06:42:13.269,1.577,1.5772,2.00,40.90
2007.09.04 06:42:13.294,1.5769,1.5771,50.30,0.90
2007.09.04 06:42:13.376,1.5769,1.5771,49.90,0.90
2007.09.04 06:42:13.469,1.5769,1.5772,44.30,50.50
2007.09.04 06:42:13.493,1.5769,1.5771,19.00,0.50
2007.09.04 06:42:13.702,1.5769,1.5772,33.30,61.40
2007.09.04 06:42:13.808,1.5769,1.5772,33.10,62.00
2007.09.04 06:42:14.214,1.5769,1.57715,32.30,16.30
2007.09.04 06:42:14.229,1.5769,1.577,6.40,0.90
2007.09.04 06:42:14.286,1.5769,1.5771,6.40,55.80
2007.09.04 06:42:14.328,1.5768,1.577,20.60,0.50
2007.09.04 06:42:14.524,1.5768,1.577,18.20,0.70
2007.09.04 06:42:14.703,1.5768,1.5771,18.20,52.60
2007.09.04 06:42:14.754,1.5768,1.5771,36.50,49.50
2007.09.04 06:42:15.159,1.5768,1.5771,36.50,49.90
2007.09.04 06:42:15.207,1.5768,1.5771,36.50,58.70
2007.09.04 06:42:15.273,1.5768,1.577,20.60,0.90
2007.09.04 06:42:15.379,1.5768,1.577,16.60,0.90
2007.09.04 06:42:15.986,1.5768,1.5771,16.60,48.90
2007.09.04 06:42:16.133,1.5768,1.577,17.40,0.90
2007.09.04 06:42:16.171,1.5768,1.5771,17.40,46.00
2007.09.04 06:42:16.195,1.5769,1.5771,0.30,39.20
2007.09.04 06:42:16.254,1.5769,1.577,0.30,0.60
2007.09.04 06:42:16.338,1.5769,1.5771,0.30,0.60
2007.09.04 06:42:16.345,1.5769,1.5771,0.30,48.50
2007.09.04 06:42:16.539,1.5769,1.57715,0.30,44.40
2007.09.04 06:42:16.661,1.5769,1.57715,2.60,44.40
2007.09.04 06:42:16.729,1.5769,1.5771,30.50,0.70
2007.09.04 06:42:16.765,1.5769,1.5771,30.50,0.70
2007.09.04 06:42:16.892,1.5769,1.5772,30.50,28.00
2007.09.04 06:42:16.970,1.5769,1.5771,30.50,0.20
2007.09.04 06:42:17.175,1.5769,1.5771,30.50,0.50
2007.09.04 06:42:17.193,1.5769,1.5772,26.30,34.90
2007.09.04 06:42:17.282,1.5769,1.5772,26.30,38.90
2007.09.04 06:42:17.310,1.5769,1.5772,12.40,61.20
2007.09.04 06:42:17.605,1.5769,1.5771,12.40,0.60
2007.09.04 06:42:17.717,1.5769,1.5771,12.60,0.70
2007.09.04 06:42:17.835,1.5769,1.5772,12.60,63.30
2007.09.04 06:42:17.903,1.5769,1.57715,12.60,59.50
2007.09.04 06:42:17.933,1.5769,1.57715,12.60,59.60
2007.09.04 06:42:18.027,1.5769,1.57715,12.60,59.50
2007.09.04 06:42:18.146,1.5769,1.5771,12.40,0.80
2007.09.04 06:42:18.168,1.5769,1.5771,12.40,56.50
2007.09.04 06:42:19.528,1.5769,1.577,12.40,0.20
2007.09.04 06:42:20.753,1.5768,1.577,20.60,0.50
2007.09.04 06:42:20.844,1.5768,1.577,18.20,0.70
2007.09.04 06:42:21.167,1.5768,1.577,18.20,0.50
2007.09.04 06:42:21.251,1.5768,1.5771,18.20,45.20
2007.09.04 06:42:21.368,1.5768,1.5771,18.20,45.40
2007.09.04 06:42:21.657,1.5768,1.5771,16.60,45.40
2007.09.04 06:42:22.960,1.5768,1.577,16.60,0.50
2007.09.04 06:42:23.279,1.5768,1.5771,16.40,48.60
2007.09.04 06:42:24.007,1.5768,1.5771,16.60,51.00
2007.09.04 06:42:25.159,1.5768,1.5771,16.60,50.30
2007.09.04 06:42:25.293,1.5768,1.577,16.60,0.90
2007.09.04 06:42:25.387,1.5768,1.577,16.60,0.80
2007.09.04 06:42:25.491,1.5768,1.5771,16.60,50.70
2007.09.04 06:42:26.207,1.5768,1.5771,19.60,51.50
2007.09.04 06:42:26.220,1.5768,1.5771,19.60,48.30
2007.09.04 06:42:26.325,1.5768,1.5771,19.60,42.30
2007.09.04 06:42:26.747,1.5768,1.577,16.40,0.70
2007.09.04 06:42:26.833,1.5768,1.5771,18.00,49.10
2007.09.04 06:42:27.872,1.5768,1.5771,16.40,52.30
2007.09.04 06:42:28.195,1.5768,1.577,16.60,0.80
2007.09.04 06:42:28.296,1.5768,1.577,16.60,0.50
2007.09.04 06:42:28.714,1.5768,1.577,16.60,0.60
2007.09.04 06:42:28.820,1.5768,1.5771,16.60,47.10
2007.09.04 06:42:29.040,1.5768,1.5771,16.60,76.20
2007.09.04 06:42:29.196,1.5768,1.577,16.60,0.90
2007.09.04 06:42:29.288,1.5768,1.577,16.60,0.80
2007.09.04 06:42:29.718,1.5769,1.577,0.30,0.70
2007.09.04 06:42:29.832,1.577,1.5771,0.80,47.00
2007.09.04 06:42:30.040,1.577,1.5771,0.80,44.20
2007.09.04 06:42:30.126,1.5769,1.5771,28.20,37.60
2007.09.04 06:42:30.168,1.5769,1.5771,28.20,37.40
2007.09.04 06:42:30.211,1.577,1.5772,8.00,38.40
2007.09.04 06:42:30.244,1.577,1.5771,13.60,0.50
2007.09.04 06:42:30.471,1.577,1.5773,11.60,46.50
2007.09.04 06:42:30.483,1.577,1.5772,11.60,0.90
2007.09.04 06:42:30.562,1.577,1.5773,6.00,53.70
2007.09.04 06:42:30.747,1.577,1.5772,6.00,0.60
2007.09.04 06:42:31.275,1.577,1.5773,6.00,59.80
2007.09.04 06:42:31.692,1.577,1.5773,4.00,59.80
2007.09.04 06:42:31.809,1.577,1.5773,4.00,71.80
2007.09.04 06:42:31.892,1.5769,1.5772,4.00,0.80
2007.09.04 06:42:31.942,1.5769,1.5772,4.00,59.00
2007.09.04 06:42:32.194,1.5769,1.5771,6.40,0.60
2007.09.04 06:42:32.223,1.5769,1.5771,16.40,48.80
2007.09.04 06:42:32.310,1.5769,1.5771,10.40,55.20
2007.09.04 06:42:32.422,1.5769,1.577,11.20,0.60
2007.09.04 06:42:32.722,1.5769,1.5771,31.10,0.80
2007.09.04 06:42:32.745,1.5769,1.5771,31.10,0.90
2007.09.04 06:42:32.842,1.5769,1.5771,31.10,0.20
2007.09.04 06:42:32.914,1.5769,1.5772,31.10,52.30
2007.09.04 06:42:33.026,1.5769,1.5772,31.10,49.90
2007.09.04 06:42:33.185,1.5769,1.57715,33.10,0.20
2007.09.04 06:42:34.119,1.5769,1.57715,33.10,0.50
2007.09.04 06:42:37.983,1.5769,1.57715,45.10,0.50
2007.09.04 06:42:42.766,1.5769,1.5772,45.10,27.30
2007.09.04 06:42:57.286,1.5769,1.5772,42.70,25.10
2007.09.04 06:43:17.949,1.5769,1.57715,30.70,0.60
2007.09.04 06:43:21.184,1.5769,1.57715,33.10,0.60
2007.09.04 06:43:22.296,1.5769,1.57715,32.30,0.60
2007.09.04 06:43:22.437,1.5769,1.57715,29.90,0.60
2007.09.04 06:43:24.720,1.5769,1.5771,29.90,2.40
2007.09.04 06:43:24.815,1.5769,1.5771,17.90,18.10
2007.09.04 06:43:24.947,1.5769,1.5771,17.90,18.80
2007.09.04 06:43:25.355,1.5769,1.5771,17.90,19.50
2007.09.04 06:43:25.502,1.5769,1.5771,2.00,35.40
2007.09.04 06:43:25.714,1.5768,1.5771,44.50,47.40
2007.09.04 06:43:25.758,1.5768,1.5771,38.90,47.40
2007.09.04 06:43:25.765,1.5768,1.5771,38.90,46.70
2007.09.04 06:43:25.826,1.5768,1.5771,38.10,49.10
2007.09.04 06:43:26.035,1.5768,1.57705,38.10,0.70
2007.09.04 06:43:26.272,1.5768,1.577,38.10,0.70
2007.09.04 06:43:26.659,1.5768,1.577,36.50,0.70
2007.09.04 06:43:29.649,1.5768,1.577,37.30,0.70
2007.09.04 06:43:29.769,1.5768,1.577,33.40,0.70
2007.09.04 06:43:29.864,1.5769,1.577,4.00,0.70
2007.09.04 06:43:29.867,1.5769,1.5771,4.00,34.70
2007.09.04 06:43:30.068,1.5769,1.5771,4.00,35.40
2007.09.04 06:43:30.136,1.5769,1.5771,6.00,35.40
2007.09.04 06:43:35.752,1.5769,1.5771,2.00,35.40
2007.09.04 06:43:36.232,1.5769,1.5771,2.00,37.40
2007.09.04 06:43:42.192,1.5769,1.5771,4.40,37.40
2007.09.04 06:43:42.323,1.5769,1.5771,16.40,30.40
2007.09.04 06:43:42.463,1.5769,1.5771,16.40,30.40
2007.09.04 06:43:43.689,1.577,1.5771,28.70,3.80
2007.09.04 06:43:43.726,1.577,1.5771,31.10,1.40
2007.09.04 06:43:43.788,1.577,1.5771,33.50,1.40
2007.09.04 06:43:43.835,1.577,1.5771,33.50,0.70
2007.09.04 06:43:43.924,1.577,1.5772,33.50,20.20
2007.09.04 06:43:43.933,1.577,1.5772,33.50,20.80
2007.09.04 06:43:44.097,1.577,1.5772,35.90,20.00
2007.09.04 06:43:44.202,1.577,1.5772,35.50,20.00
2007.09.04 06:43:44.313,1.577,1.5772,33.10,20.00
2007.09.04 06:43:44.726,1.577,1.5772,33.10,18.40
2007.09.04 06:43:45.024,1.577,1.5772,34.70,18.40
2007.09.04 06:43:46.075,1.5771,1.5772,0.80,18.40
2007.09.04 06:43:46.142,1.5771,1.5772,0.80,17.60
2007.09.04 06:43:46.182,1.5771,1.5772,0.80,14.80
2007.09.04 06:43:46.253,1.5771,1.5772,0.80,14.00
2007.09.04 06:43:46.850,1.5771,1.5772,3.20,11.60
2007.09.04 06:43:46.890,1.5771,1.5772,4.40,11.60
2007.09.04 06:43:47.117,1.5771,1.5772,12.40,0.60
2007.09.04 06:43:47.227,1.5771,1.5772,4.40,8.60
2007.09.04 06:43:47.267,1.5771,1.5772,2.00,11.00
2007.09.04 06:43:47.749,1.5771,1.5772,10.00,3.00
2007.09.04 06:43:47.785,1.5771,1.5772,12.40,0.60
2007.09.04 06:43:48.192,1.5771,1.57725,12.40,0.60
2007.09.04 06:43:48.244,1.5771,1.5773,12.40,52.00
2007.09.04 06:43:48.333,1.5771,1.5773,12.40,36.00
2007.09.04 06:43:48.397,1.5771,1.5773,12.40,36.60
2007.09.04 06:43:48.487,1.5771,1.5773,12.40,37.20
2007.09.04 06:43:48.849,1.5771,1.5773,12.40,36.50
2007.09.04 06:43:48.967,1.5771,1.5773,12.40,37.60
2007.09.04 06:43:49.031,1.5771,1.5773,12.40,36.90
2007.09.04 06:43:49.110,1.5771,1.5773,12.40,37.30
2007.09.04 06:43:49.260,1.5771,1.5773,12.40,38.30
2007.09.04 06:43:49.699,1.5771,1.5773,2.40,38.30
2007.09.04 06:43:49.737,1.577,1.5773,48.70,38.30
2007.09.04 06:43:49.847,1.577,1.5773,46.30,38.30
2007.09.04 06:43:50.112,1.577,1.5773,42.70,38.30
2007.09.04 06:43:50.724,1.577,1.5773,41.10,38.30
2007.09.04 06:43:59.998,1.577,1.5773,41.10,37.30
2007.09.04 06:44:00.007,1.577,1.57725,41.10,1.00
2007.09.04 06:44:00.620,1.577,1.5772,41.10,1.00
2007.09.04 06:44:03.229,1.577,1.5772,36.30,1.00
2007.09.04 06:44:03.333,1.577,1.5772,33.90,1.00
2007.09.04 06:44:12.121,1.577,1.5772,34.70,1.00
2007.09.04 06:44:12.224,1.577,1.5772,38.70,1.00
2007.09.04 06:44:12.317,1.577,1.5772,41.10,1.00
2007.09.04 06:44:18.899,1.577,1.5772,46.70,1.00
2007.09.04 06:44:18.932,1.577,1.57725,46.70,1.00
2007.09.04 06:44:18.959,1.577,1.57725,49.10,1.00
2007.09.04 06:44:20.685,1.5771,1.57725,0.80,1.00
2007.09.04 06:44:20.703,1.5771,1.5773,0.80,24.90
2007.09.04 06:44:20.769,1.5771,1.57735,0.80,0.70
2007.09.04 06:44:21.190,1.5772,1.57735,12.00,0.70
2007.09.04 06:44:21.210,1.5772,1.57735,14.40,0.70
2007.09.04 06:44:21.317,1.5772,1.57735,16.80,0.70
2007.09.04 06:44:21.395,1.5772,1.57735,33.50,0.70
2007.09.04 06:44:21.586,1.5772,1.57735,33.50,0.30
2007.09.04 06:44:21.795,1.5772,1.5774,33.50,1.60
2007.09.04 06:44:21.818,1.5772,1.5774,37.50,1.60
2007.09.04 06:44:21.911,1.5772,1.5775,37.50,47.30
2007.09.04 06:44:21.939,1.5772,1.5775,37.50,47.40
2007.09.04 06:44:22.225,1.5772,1.5775,39.50,47.40
2007.09.04 06:44:22.349,1.5772,1.5775,39.50,49.80
2007.09.04 06:44:22.455,1.5772,1.5775,39.50,49.70
2007.09.04 06:44:22.758,1.5772,1.5775,39.50,46.70
2007.09.04 06:44:22.871,1.5772,1.5775,39.50,44.30
2007.09.04 06:44:25.124,1.5772,1.5775,39.50,44.30
2007.09.04 06:44:26.140,1.5772,1.5775,39.50,44.40
2007.09.04 06:44:28.226,1.5772,1.5775,37.10,44.40
2007.09.04 06:44:28.400,1.5772,1.5775,37.10,44.30
2007.09.04 06:44:28.440,1.5772,1.5775,37.10,46.70
2007.09.04 06:44:28.611,1.5772,1.5774,37.10,0.07
2007.09.04 06:44:28.640,1.5772,1.5774,36.30,0.07
2007.09.04 06:44:28.740,1.5772,1.5774,32.30,0.07
2007.09.04 06:44:31.097,1.5772,1.5774,33.10,0.07
2007.09.04 06:44:31.195,1.5772,1.5774,40.10,0.07
2007.09.04 06:44:31.840,1.5772,1.5774,39.50,0.07
2007.09.04 06:44:31.980,1.5772,1.5775,39.50,44.30
2007.09.04 06:44:32.181,1.5772,1.5775,39.50,44.40
2007.09.04 06:44:39.802,1.5772,1.5775,39.50,44.30
2007.09.04 06:44:40.938,1.5772,1.5775,39.50,44.40
2007.09.04 06:44:41.883,1.5772,1.5775,39.50,44.30
2007.09.04 06:44:42.902,1.5772,1.5775,39.50,44.40
2007.09.04 06:44:43.703,1.5772,1.5775,39.50,45.20
2007.09.04 06:44:43.727,1.5772,1.5775,39.50,50.80
2007.09.04 06:44:43.822,1.5772,1.5775,38.50,58.70
2007.09.04 06:44:43.918,1.5772,1.5775,37.70,57.10
2007.09.04 06:44:43.930,1.5772,1.5774,37.70,0.10
2007.09.04 06:44:44.214,1.5772,1.5774,37.70,2.00
2007.09.04 06:44:45.690,1.5772,1.5774,37.80,2.00
2007.09.04 06:44:45.788,1.5772,1.5774,37.80,2.00
2007.09.04 06:44:45.805,1.5772,1.5774,37.70,2.00
2007.09.04 06:44:45.872,1.5772,1.5774,37.80,2.00
2007.09.04 06:44:45.891,1.5772,1.5774,37.90,2.00
2007.09.04 06:44:45.980,1.5772,1.5774,37.80,2.00
2007.09.04 06:44:46.093,1.5772,1.5774,37.70,2.00
2007.09.04 06:44:47.663,1.5772,1.5774,37.70,4.40
2007.09.04 06:44:47.757,1.5772,1.5774,29.90,16.40
2007.09.04 06:44:49.001,1.5772,1.5774,28.30,16.40
2007.09.04 06:44:50.737,1.5772,1.5774,28.30,14.00
2007.09.04 06:44:50.750,1.5772,1.5774,35.30,10.00
2007.09.04 06:44:50.840,1.5772,1.5774,35.30,2.00
2007.09.04 06:44:50.943,1.5772,1.5774,36.10,2.00
2007.09.04 06:44:51.679,1.5772,1.5774,37.70,2.00
2007.09.04 06:44:51.787,1.5772,1.5774,38.50,2.00
2007.09.04 06:44:52.300,1.5772,1.5774,37.70,2.00
2007.09.04 06:44:53.039,1.5772,1.5774,36.90,2.00
2007.09.04 06:44:56.630,1.5772,1.5774,37.70,2.00
2007.09.04 06:44:56.685,1.5772,1.5774,37.70,4.40
2007.09.04 06:44:56.729,1.5772,1.5774,29.90,16.40
2007.09.04 06:44:57.885,1.5772,1.5774,28.30,16.40
2007.09.04 06:44:58.092,1.5772,1.5774,28.30,17.20
2007.09.04 06:44:58.197,1.5772,1.5774,20.30,20.20
2007.09.04 06:44:58.223,1.5772,1.5774,17.90,20.20
2007.09.04 06:44:58.675,1.5772,1.5774,20.30,17.80
2007.09.04 06:44:58.712,1.5772,1.5774,20.30,14.00
2007.09.04 06:44:58.814,1.5772,1.5774,35.30,2.00
2007.09.04 06:44:58.926,1.5772,1.5774,36.10,2.00
2007.09.04 06:44:59.838,1.5772,1.5774,37.70,2.00
2007.09.04 06:45:00.697,1.5772,1.5774,36.90,2.00
2007.09.04 06:45:00.718,1.5772,1.5774,36.90,4.40
2007.09.04 06:45:00.794,1.5772,1.5774,29.90,16.40
2007.09.04 06:45:01.106,1.5772,1.5774,30.70,16.40
2007.09.04 06:45:01.199,1.5772,1.5774,29.90,16.40
2007.09.04 06:45:01.790,1.5772,1.5774,29.10,16.40
2007.09.04 06:45:01.988,1.5772,1.5774,28.30,16.40
2007.09.04 06:45:05.107,1.5772,1.5774,29.10,16.40
2007.09.04 06:45:05.230,1.5772,1.5774,35.30,4.40
2007.09.04 06:45:05.252,1.5772,1.5774,35.30,2.00
2007.09.04 06:45:05.780,1.5772,1.5774,35.30,4.40
2007.09.04 06:45:05.949,1.5772,1.5774,36.10,4.40
2007.09.04 06:45:06.113,1.5772,1.5774,35.30,4.40
2007.09.04 06:45:06.157,1.5772,1.5774,35.30,12.40
2007.09.04 06:45:06.268,1.5772,1.5774,28.30,16.40
2007.09.04 06:45:06.373,1.5772,1.5774,29.90,16.40
2007.09.04 06:45:06.771,1.5772,1.5774,28.30,16.40
2007.09.04 06:45:10.175,1.5772,1.5774,31.30,16.40
2007.09.04 06:45:10.265,1.5772,1.5774,31.30,14.00
2007.09.04 06:45:10.282,1.5772,1.5774,36.10,2.00
2007.09.04 06:45:10.680,1.5772,1.5774,36.10,4.40
2007.09.04 06:45:10.702,1.5772,1.5774,28.30,8.40
2007.09.04 06:45:10.806,1.5772,1.5774,28.30,16.40
2007.09.04 06:45:11.001,1.5772,1.5774,28.30,16.50
2007.09.04 06:45:11.013,1.5772,1.5774,28.30,16.70
2007.09.04 06:45:15.296,1.5772,1.5775,28.30,63.00
2007.09.04 06:45:24.321,1.5772,1.5774,28.30,0.60
2007.09.04 06:45:25.360,1.5772,1.5774,28.30,0.90
2007.09.04 06:45:25.691,1.5772,1.5775,29.10,62.20
2007.09.04 06:45:25.704,1.5772,1.5775,29.10,59.00
2007.09.04 06:45:25.883,1.5772,1.5775,36.10,56.60
2007.09.04 06:45:26.389,1.5772,1.5775,38.50,49.70
2007.09.04 06:45:26.635,1.5772,1.5775,38.50,49.60
2007.09.04 06:45:26.695,1.5772,1.5775,37.70,50.30
2007.09.04 06:45:26.733,1.5772,1.5775,37.70,53.50
2007.09.04 06:45:26.791,1.5772,1.5775,30.70,55.90
2007.09.04 06:45:26.832,1.5772,1.5775,30.70,55.90
2007.09.04 06:45:26.913,1.5772,1.5775,29.90,60.30
2007.09.04 06:45:27.001,1.5772,1.5775,29.90,60.30
2007.09.04 06:45:27.143,1.5772,1.5775,29.90,60.30
2007.09.04 06:45:27.205,1.5772,1.5775,19.90,61.10
2007.09.04 06:45:27.256,1.5772,1.5775,17.50,58.70
2007.09.04 06:45:27.325,1.5772,1.5774,1.60,0.50
2007.09.04 06:45:27.419,1.5772,1.5774,4.00,0.80
2007.09.04 06:45:27.632,1.5772,1.5775,2.40,42.30
2007.09.04 06:45:28.042,1.57715,1.5774,2.40,0.80
2007.09.04 06:45:28.094,1.5771,1.5774,26.60,0.70
2007.09.04 06:45:28.669,1.5772,1.5775,4.00,39.10
2007.09.04 06:45:28.679,1.5772,1.5775,6.40,39.10
2007.09.04 06:45:28.796,1.5772,1.5774,18.20,0.70
2007.09.04 06:45:29.826,1.5772,1.5774,17.40,0.50
2007.09.04 06:45:31.368,1.5772,1.5775,17.50,39.10
2007.09.04 06:45:31.378,1.5772,1.5774,17.60,0.50
2007.09.04 06:45:34.135,1.5772,1.5774,19.60,0.60
2007.09.04 06:45:34.967,1.5772,1.5775,21.20,46.20
2007.09.04 06:45:38.357,1.5772,1.5774,21.20,0.60
2007.09.04 06:45:39.117,1.5772,1.5774,18.20,0.50
2007.09.04 06:45:39.337,1.5772,1.5775,14.20,50.70
2007.09.04 06:45:39.621,1.5772,1.5774,12.60,0.90
2007.09.04 06:45:44.206,1.5772,1.5775,12.60,47.50
2007.09.04 06:45:44.276,1.5772,1.5775,19.60,51.40
2007.09.04 06:45:44.697,1.5772,1.5774,21.20,17.90
2007.09.04 06:45:47.188,1.5773,1.5774,2.40,17.90
2007.09.04 06:45:47.207,1.5773,1.5774,2.40,15.90
2007.09.04 06:45:47.292,1.5773,1.5774,10.50,15.90
2007.09.04 06:45:47.389,1.5773,1.5775,10.50,35.50
2007.09.04 06:45:47.446,1.5773,1.5775,10.50,0.90
2007.09.04 06:45:47.482,1.5773,1.5776,10.50,47.50
2007.09.04 06:45:47.698,1.5773,1.5775,10.50,31.90
2007.09.04 06:45:47.712,1.5773,1.5775,8.10,34.30
2007.09.04 06:45:47.802,1.5772,1.5774,48.90,0.60
2007.09.04 06:45:47.913,1.5772,1.5774,54.60,0.50
2007.09.04 06:45:47.949,1.5773,1.5774,0.10,0.60
2007.09.04 06:45:48.052,1.5772,1.5775,54.60,35.50
2007.09.04 06:45:48.324,1.5772,1.5775,26.70,35.50
2007.09.04 06:45:48.346,1.5772,1.5774,21.10,0.80
2007.09.04 06:45:48.460,1.5772,1.5774,21.20,0.50
2007.09.04 06:45:50.206,1.5772,1.5774,18.80,0.60
2007.09.04 06:45:50.256,1.5772,1.5775,16.80,42.70
2007.09.04 06:45:50.377,1.5772,1.5775,13.70,40.70
2007.09.04 06:45:50.406,1.5772,1.5775,13.60,40.70
2007.09.04 06:45:50.460,1.5772,1.5775,1.60,52.70
2007.09.04 06:45:50.711,1.5772,1.5775,1.60,55.10
2007.09.04 06:45:50.786,1.5772,1.5775,1.60,61.10
2007.09.04 06:45:50.812,1.5772,1.5775,1.60,61.10
2007.09.04 06:45:50.876,1.5772,1.5774,0.10,0.50
2007.09.04 06:45:51.080,1.5772,1.5775,0.10,61.10
2007.09.04 06:45:51.838,1.5772,1.5775,0.10,61.10
2007.09.04 06:45:51.927,1.5772,1.5774,0.10,0.90
2007.09.04 06:45:52.345,1.5772,1.57745,0.10,53.90
2007.09.04 06:45:52.458,1.5772,1.57745,0.10,51.50
2007.09.04 06:45:52.685,1.5771,1.5775,14.40,64.30
2007.09.04 06:45:52.770,1.5771,1.5774,21.50,0.50
2007.09.04 06:45:52.888,1.5771,1.5774,25.40,0.60
2007.09.04 06:45:53.000,1.5771,1.5775,27.80,64.30
2007.09.04 06:45:53.377,1.5772,1.5775,0.10,64.30
2007.09.04 06:45:57.706,1.5772,1.5774,2.40,0.60
2007.09.04 06:45:57.721,1.5772,1.5774,2.40,0.90
2007.09.04 06:45:57.817,1.5772,1.5774,10.40,0.90
2007.09.04 06:45:58.137,1.5772,1.57745,10.40,59.50
2007.09.04 06:45:58.264,1.5772,1.5774,12.40,0.50
2007.09.04 06:45:58.538,1.5772,1.57745,12.40,60.30
2007.09.04 06:46:04.652,1.5772,1.5774,12.40,0.60
2007.09.04 06:46:04.748,1.5772,1.57745,12.40,60.40
2007.09.04 06:46:04.799,1.5772,1.5774,12.40,0.60
2007.09.04 06:46:07.212,1.5772,1.5775,12.40,50.40
2007.09.04 06:46:07.290,1.5772,1.5775,12.40,50.40
2007.09.04 06:46:07.482,1.5772,1.5774,12.40,0.90
2007.09.04 06:46:09.787,1.5772,1.5775,12.40,49.60
2007.09.04 06:46:10.614,1.5772,1.5775,12.40,50.40
2007.09.04 06:46:10.736,1.5772,1.5774,12.40,0.90
2007.09.04 06:46:10.940,1.5772,1.5774,12.50,0.70
2007.09.04 06:46:10.982,1.5772,1.5775,12.70,49.50
2007.09.04 06:46:10.995,1.5772,1.5774,12.90,0.70
2007.09.04 06:46:13.124,1.5772,1.5775,15.90,46.30
2007.09.04 06:46:13.238,1.5772,1.5775,19.90,50.20
2007.09.04 06:46:13.280,1.5772,1.5774,19.90,0.60
2007.09.04 06:46:13.746,1.5772,1.5774,21.50,0.50
2007.09.04 06:46:17.260,1.5772,1.5774,14.50,29.90
2007.09.04 06:46:17.274,1.5772,1.5774,14.50,32.30
2007.09.04 06:46:17.344,1.5772,1.5774,14.50,33.10
2007.09.04 06:46:17.761,1.5772,1.5774,12.90,33.10
2007.09.04 06:46:17.959,1.5772,1.5774,12.90,32.30
2007.09.04 06:46:18.998,1.5772,1.5774,12.90,33.10
2007.09.04 06:46:20.372,1.5772,1.5774,16.90,29.10
2007.09.04 06:46:21.834,1.5772,1.5774,16.70,29.10
2007.09.04 06:46:23.222,1.5772,1.5773,14.30,2.40
2007.09.04 06:46:23.246,1.5772,1.5773,2.10,11.20
2007.09.04 06:46:23.536,1.5772,1.5773,2.00,11.20
2007.09.04 06:46:23.641,1.5771,1.5773,50.40,11.20
2007.09.04 06:46:23.733,1.5771,1.5773,42.40,11.20
2007.09.04 06:46:23.763,1.5771,1.5773,2.40,31.10
2007.09.04 06:46:23.871,1.57705,1.5773,2.40,33.50
2007.09.04 06:46:23.978,1.577,1.5773,47.00,33.50
2007.09.04 06:46:24.040,1.5771,1.5773,0.10,33.50
2007.09.04 06:46:24.147,1.577,1.5773,47.00,33.50
2007.09.04 06:46:24.179,1.577,1.5773,47.00,35.50
2007.09.04 06:46:24.553,1.577,1.5773,47.20,35.50
2007.09.04 06:46:24.799,1.577,1.5773,45.60,35.50
2007.09.04 06:46:26.666,1.577,1.5773,37.60,35.50
2007.09.04 06:46:26.748,1.577,1.5773,35.20,35.50
2007.09.04 06:46:26.851,1.577,1.5773,35.00,35.50
2007.09.04 06:46:26.945,1.577,1.5773,35.40,35.50
2007.09.04 06:46:26.955,1.577,1.5773,35.30,35.50
2007.09.04 06:46:27.040,1.577,1.5773,35.70,35.50
2007.09.04 06:46:27.118,1.57705,1.5773,0.50,35.50
2007.09.04 06:46:27.252,1.57705,1.5773,0.50,31.50
2007.09.04 06:46:34.634,1.5771,1.5773,2.40,31.50
2007.09.04 06:46:34.710,1.5771,1.5773,6.40,31.50
2007.09.04 06:46:34.795,1.5771,1.5773,14.40,31.50
2007.09.04 06:46:35.214,1.5771,1.5773,16.40,29.10
2007.09.04 06:46:39.707,1.5771,1.5773,16.40,0.60
2007.09.04 06:46:40.690,1.5771,1.5773,8.40,0.60
2007.09.04 06:46:40.720,1.5771,1.5774,6.00,51.30
2007.09.04 06:46:44.831,1.5771,1.5774,14.00,52.10
2007.09.04 06:46:44.867,1.5771,1.5774,16.40,52.10
2007.09.04 06:46:45.237,1.5771,1.5773,16.40,0.50
2007.09.04 06:46:45.334,1.5771,1.5774,20.40,57.20
2007.09.04 06:46:52.676,1.5771,1.5774,12.40,57.20
2007.09.04 06:46:52.749,1.5771,1.5774,10.00,57.20
2007.09.04 06:46:53.169,1.5771,1.5773,12.40,0.80
2007.09.04 06:46:53.204,1.5771,1.5774,20.40,53.30
2007.09.04 06:47:30.183,1.5771,1.5773,20.40,26.90
2007.09.04 06:47:30.201,1.5771,1.5773,20.40,23.90
2007.09.04 06:47:30.301,1.5771,1.5773,20.80,15.90
2007.09.04 06:47:30.324,1.57715,1.5773,0.60,15.90
2007.09.04 06:47:30.394,1.57715,1.5774,0.60,49.10
2007.09.04 06:47:30.493,1.57715,1.5774,0.60,43.50
2007.09.04 06:47:30.709,1.5772,1.5774,4.00,30.70
2007.09.04 06:47:30.803,1.5772,1.5774,4.40,30.70
2007.09.04 06:47:30.829,1.5772,1.5774,4.90,28.30
2007.09.04 06:47:30.874,1.5772,1.5774,5.40,28.30
2007.09.04 06:47:30.912,1.5772,1.5774,4.90,28.30
2007.09.04 06:47:31.234,1.5772,1.5774,6.90,28.30
2007.09.04 06:47:31.619,1.5772,1.5774,7.40,28.30
2007.09.04 06:47:33.698,1.5772,1.5774,9.80,28.30
2007.09.04 06:47:33.919,1.5772,1.5774,17.80,28.30
2007.09.04 06:47:35.229,1.5772,1.5774,22.90,28.30
2007.09.04 06:47:35.250,1.5773,1.5774,0.50,12.40
2007.09.04 06:47:35.360,1.5773,1.5774,0.80,12.40
2007.09.04 06:47:35.426,1.5773,1.5774,1.30,12.40
2007.09.04 06:47:35.666,1.5773,1.5774,2.10,10.40
2007.09.04 06:47:35.765,1.5773,1.5774,6.10,10.40
2007.09.04 06:47:36.174,1.5773,1.5774,8.10,10.40
2007.09.04 06:47:36.788,1.5773,1.5774,7.60,10.40
2007.09.04 06:47:36.811,1.5773,1.5774,0.50,12.40
2007.09.04 06:47:36.859,1.5772,1.5774,41.20,12.40
2007.09.04 06:47:36.912,1.5772,1.5774,34.00,12.40
2007.09.04 06:47:37.084,1.5772,1.5774,34.40,12.40
2007.09.04 06:47:37.120,1.5772,1.5774,35.20,12.40
2007.09.04 06:47:37.848,1.5772,1.5774,33.60,12.40
2007.09.04 06:47:38.045,1.5772,1.5774,36.00,12.40
2007.09.04 06:47:38.161,1.5772,1.5774,34.40,12.40
2007.09.04 06:47:38.201,1.5772,1.5774,34.00,12.40
2007.09.04 06:47:38.260,1.5773,1.5774,4.00,12.40
2007.09.04 06:47:40.162,1.5773,1.5774,4.00,10.00
2007.09.04 06:47:40.191,1.5773,1.5775,6.00,35.50
2007.09.04 06:47:40.268,1.5773,1.5775,6.00,29.90
2007.09.04 06:47:40.815,1.5773,1.5775,6.00,28.30
2007.09.04 06:47:43.847,1.5773,1.5775,6.00,31.50
2007.09.04 06:47:45.029,1.5773,1.5775,6.00,30.70
2007.09.04 06:47:45.098,1.5773,1.5775,6.00,28.30
2007.09.04 06:47:48.323,1.5773,1.5775,6.00,0.80
2007.09.04 06:47:49.329,1.5773,1.5775,6.40,0.60
2007.09.04 06:47:50.004,1.5773,1.5775,6.80,0.60
2007.09.04 06:47:53.955,1.5773,1.5776,22.70,46.60
2007.09.04 06:47:59.310,1.5773,1.5775,22.30,0.90
2007.09.04 06:48:01.249,1.5773,1.5775,21.90,0.60
2007.09.04 06:48:04.643,1.5773,1.5775,22.40,0.60
2007.09.04 06:48:04.707,1.57735,1.5775,0.80,0.50
2007.09.04 06:48:08.022,1.57735,1.5775,0.80,0.60
2007.09.04 06:48:08.229,1.57735,1.57755,0.80,37.10
2007.09.04 06:48:08.644,1.57735,1.5775,0.80,0.50
2007.09.04 06:48:08.855,1.57735,1.57755,0.80,30.70
2007.09.04 06:48:10.311,1.57735,1.5776,0.80,53.70
2007.09.04 06:48:10.759,1.57735,1.5775,0.80,0.90
2007.09.04 06:48:11.719,1.57735,1.57755,0.80,33.10
2007.09.04 06:48:13.374,1.57735,1.57755,0.80,30.70
2007.09.04 06:48:18.777,1.5774,1.5775,4.00,28.30
2007.09.04 06:48:19.191,1.5774,1.5775,6.40,25.90
2007.09.04 06:48:19.276,1.5774,1.5775,14.40,2.00
2007.09.04 06:48:19.283,1.5774,1.5775,14.70,2.00
2007.09.04 06:48:19.711,1.5774,1.5775,19.50,2.00
2007.09.04 06:48:20.536,1.57735,1.5775,20.60,2.00
2007.09.04 06:48:23.700,1.5774,1.5776,21.60,22.70
2007.09.04 06:48:23.721,1.5775,1.5776,3.60,22.70
2007.09.04 06:48:23.808,1.5775,1.5776,2.90,2.80
2007.09.04 06:48:24.114,1.57745,1.5776,15.80,2.00
2007.09.04 06:48:24.229,1.57745,1.5777,17.80,35.50
2007.09.04 06:48:24.244,1.5775,1.5777,4.90,35.50
2007.09.04 06:48:24.317,1.57745,1.5777,17.00,31.50
2007.09.04 06:48:25.058,1.57745,1.5777,17.00,28.30
2007.09.04 06:48:25.657,1.57745,1.5777,17.00,25.90
2007.09.04 06:48:25.682,1.5775,1.5777,0.70,15.90
2007.09.04 06:48:25.776,1.5775,1.5777,15.70,4.00
2007.09.04 06:48:25.895,1.57755,1.5778,4.60,48.30
2007.09.04 06:48:26.184,1.5776,1.5778,1.50,45.90
2007.09.04 06:48:26.189,1.57755,1.5778,5.10,8.00
2007.09.04 06:48:26.310,1.57755,1.5778,5.10,1.60
2007.09.04 06:48:26.815,1.5776,1.5779,1.50,53.70
2007.09.04 06:48:28.747,1.57755,1.5779,1.20,53.70
2007.09.04 06:48:28.883,1.57755,1.5778,1.20,3.20
2007.09.04 06:48:29.165,1.57755,1.5778,1.20,5.60
2007.09.04 06:48:29.170,1.57755,1.5778,1.20,43.50
2007.09.04 06:48:29.222,1.5775,1.5778,6.70,45.90
2007.09.04 06:48:29.274,1.5775,1.5778,2.70,49.90
2007.09.04 06:48:29.375,1.5775,1.5778,0.70,57.60
2007.09.04 06:48:29.471,1.5775,1.5778,1.30,57.60
2007.09.04 06:48:29.576,1.5775,1.5778,0.50,57.60
2007.09.04 06:48:29.791,1.5775,1.5778,0.60,57.60
2007.09.04 06:48:32.859,1.5775,1.5778,2.30,57.60
2007.09.04 06:48:33.081,1.5775,1.57775,2.30,2.40
2007.09.04 06:48:33.140,1.5775,1.5777,2.30,2.40
2007.09.04 06:48:33.167,1.5776,1.5777,0.80,4.80
2007.09.04 06:48:33.234,1.5775,1.5777,1.80,16.60
2007.09.04 06:48:33.328,1.5776,1.5777,0.80,32.50
2007.09.04 06:48:33.389,1.5776,1.5777,0.50,32.50
2007.09.04 06:48:33.568,1.5774,1.5777,9.40,32.50
2007.09.04 06:48:33.645,1.57735,1.5777,46.00,32.50
2007.09.04 06:48:33.684,1.57735,1.5777,43.60,30.10
2007.09.04 06:48:33.747,1.5774,1.5777,2.00,39.70
2007.09.04 06:48:33.867,1.57735,1.5777,7.20,42.10
2007.09.04 06:48:33.877,1.5774,1.5777,2.00,42.10
2007.09.04 06:48:33.905,1.5774,1.5777,0.90,46.10
2007.09.04 06:48:34.080,1.57735,1.5777,3.20,46.10
2007.09.04 06:48:34.160,1.57735,1.5777,0.80,46.10
2007.09.04 06:48:34.295,1.5774,1.5777,0.60,46.10
2007.09.04 06:48:38.181,1.57735,1.5777,1.80,45.30
2007.09.04 06:48:38.203,1.57735,1.5777,4.20,45.30
2007.09.04 06:48:38.291,1.5774,1.5777,3.30,42.30
2007.09.04 06:48:38.703,1.57735,1.5777,47.20,38.30
2007.09.04 06:48:38.718,1.5774,1.5777,19.00,40.70
2007.09.04 06:48:38.758,1.5774,1.5777,14.50,38.30
2007.09.04 06:48:38.798,1.5774,1.5777,19.10,28.70
2007.09.04 06:48:38.922,1.5773,1.5777,67.50,28.70
2007.09.04 06:48:39.015,1.5776,1.5777,0.50,28.70
2007.09.04 06:48:39.336,1.5776,1.5777,0.50,26.30
2007.09.04 06:48:40.252,1.5776,1.5777,0.50,10.40
2007.09.04 06:48:43.131,1.5775,1.5776,34.30,0.80
2007.09.04 06:48:43.229,1.5775,1.5776,14.40,18.70
2007.09.04 06:48:43.345,1.5775,1.5776,10.40,25.10
2007.09.04 06:48:43.763,1.57735,1.5776,22.80,33.10
2007.09.04 06:48:43.792,1.57735,1.5776,22.80,35.50
2007.09.04 06:48:43.864,1.5774,1.5776,3.80,35.50
2007.09.04 06:48:44.075,1.5774,1.5776,2.90,33.10
2007.09.04 06:48:44.171,1.57735,1.5776,26.40,33.10
2007.09.04 06:48:44.226,1.5774,1.5776,7.40,33.10
2007.09.04 06:48:44.268,1.57735,1.5775,21.60,2.00
2007.09.04 06:48:44.467,1.57735,1.5775,19.20,2.00
2007.09.04 06:48:44.702,1.5775,1.5776,3.50,28.70
2007.09.04 06:48:44.719,1.5776,1.57765,0.50,2.40
2007.09.04 06:48:44.799,1.5775,1.5776,34.30,2.40
2007.09.04 06:48:44.898,1.5776,1.57765,0.50,2.40
2007.09.04 06:48:45.006,1.57745,1.5777,34.80,14.10
2007.09.04 06:48:45.218,1.5775,1.5777,16.40,14.10
2007.09.04 06:48:45.310,1.57745,1.5777,32.80,14.10
2007.09.04 06:48:45.634,1.57745,1.5777,30.80,14.10
2007.09.04 06:48:45.733,1.5774,1.5777,28.20,30.00
2007.09.04 06:48:45.835,1.57745,1.5777,0.50,26.30
2007.09.04 06:48:50.601,1.57745,1.5777,0.50,0.90
2007.09.04 06:48:55.611,1.57745,1.5778,0.50,52.10
2007.09.04 06:48:57.708,1.57745,1.5777,0.50,0.70
2007.09.04 06:48:57.822,1.57745,1.5778,0.50,47.80
2007.09.04 06:48:58.127,1.57745,1.57775,0.50,26.70
2007.09.04 06:49:03.825,1.57745,1.5777,0.50,0.80
2007.09.04 06:49:04.235,1.57745,1.5777,0.50,0.80
2007.09.04 06:49:04.299,1.5774,1.5778,29.30,50.20
2007.09.04 06:49:04.346,1.5774,1.5777,1.30,0.80
2007.09.04 06:49:04.573,1.5774,1.5777,0.80,0.90
2007.09.04 06:49:04.679,1.5774,1.5777,3.20,0.90
2007.09.04 06:49:04.775,1.5774,1.5778,18.20,62.20
2007.09.04 06:49:04.792,1.5774,1.5778,18.70,62.20
2007.09.04 06:49:04.853,1.5774,1.5777,19.30,0.50
2007.09.04 06:49:04.902,1.57745,1.57775,0.50,38.70
2007.09.04 06:49:04.971,1.57745,1.57775,0.50,39.50
2007.09.04 06:49:05.000,1.57745,1.57775,0.50,40.30
2007.09.04 06:49:05.069,1.57745,1.5777,0.50,0.90
2007.09.04 06:49:05.156,1.57745,1.57775,0.50,41.90
2007.09.04 06:49:05.173,1.57745,1.5776,0.50,0.60
2007.09.04 06:49:05.190,1.57745,1.5776,0.50,0.60
2007.09.04 06:49:05.341,1.57745,1.5776,0.50,0.90
2007.09.04 06:49:05.446,1.5773,1.5777,44.60,56.50
2007.09.04 06:49:05.657,1.5773,1.5777,43.80,56.50
2007.09.04 06:49:05.753,1.5773,1.5777,46.20,56.50
2007.09.04 06:49:05.966,1.5773,1.5776,44.40,0.60
2007.09.04 06:49:06.062,1.5773,1.57765,40.40,34.10
2007.09.04 06:49:06.701,1.5774,1.57765,4.00,31.10
2007.09.04 06:49:06.718,1.5774,1.5776,6.40,0.80
2007.09.04 06:49:06.815,1.5774,1.57765,18.70,20.70
2007.09.04 06:49:06.848,1.57745,1.5776,0.50,0.70
2007.09.04 06:49:06.906,1.57745,1.5777,0.50,43.40
2007.09.04 06:49:07.331,1.57745,1.5777,0.50,0.60
2007.09.04 06:49:07.392,1.5774,1.5777,1.30,0.90
2007.09.04 06:49:07.522,1.5774,1.5778,0.80,35.90
2007.09.04 06:49:08.035,1.5774,1.5777,0.80,0.90
2007.09.04 06:49:08.250,1.5774,1.5778,15.80,62.80
2007.09.04 06:49:08.265,1.5774,1.5778,18.20,62.80
2007.09.04 06:49:08.352,1.5774,1.5777,18.20,0.90
2007.09.04 06:49:08.422,1.5774,1.57775,18.20,38.70
2007.09.04 06:49:08.570,1.5774,1.57775,46.10,26.70
2007.09.04 06:49:08.770,1.5774,1.57775,50.10,22.70
2007.09.04 06:49:08.867,1.5774,1.5777,52.50,0.70
2007.09.04 06:49:09.072,1.5774,1.57775,51.70,23.50
2007.09.04 06:49:09.171,1.5774,1.5777,49.30,0.90
2007.09.04 06:49:09.191,1.5774,1.5777,34.30,0.50
2007.09.04 06:49:09.291,1.5774,1.57775,31.90,31.30
2007.09.04 06:49:09.401,1.57735,1.5777,2.40,0.60
2007.09.04 06:49:09.410,1.5773,1.5778,42.70,62.20
2007.09.04 06:49:09.698,1.5773,1.5778,43.20,62.20
2007.09.04 06:49:09.764,1.57735,1.5777,0.50,0.90
2007.09.04 06:49:11.115,1.5774,1.5778,0.50,62.20
2007.09.04 06:49:11.151,1.5774,1.5778,4.50,62.00
2007.09.04 06:49:11.237,1.5774,1.5778,6.90,62.00
2007.09.04 06:49:11.265,1.5774,1.5777,18.70,0.60
2007.09.04 06:49:11.284,1.5774,1.57775,18.70,44.30
2007.09.04 06:49:11.419,1.5774,1.57775,47.20,26.70
2007.09.04 06:49:11.438,1.5774,1.57775,46.70,26.70
2007.09.04 06:49:11.522,1.57745,1.57775,0.50,26.70
2007.09.04 06:49:22.189,1.5775,1.5777,2.40,24.30
2007.09.04 06:49:22.224,1.5775,1.5777,6.40,24.30
2007.09.04 06:49:22.333,1.5775,1.5777,18.20,24.30
2007.09.04 06:49:22.813,1.5775,1.5777,34.10,8.40
2007.09.04 06:49:22.842,1.5775,1.5777,34.70,2.00
2007.09.04 06:49:22.942,1.5775,1.5777,35.40,2.00
2007.09.04 06:49:23.102,1.5775,1.5777,36.10,2.00
2007.09.04 06:49:23.152,1.5775,1.5777,38.10,2.00
2007.09.04 06:49:23.255,1.5776,1.5778,4.60,12.80
2007.09.04 06:49:23.359,1.5776,1.5778,4.60,4.80
2007.09.04 06:49:23.467,1.5776,1.5778,5.30,2.40
2007.09.04 06:49:23.627,1.5776,1.5778,5.90,1.60
2007.09.04 06:49:23.851,1.5776,1.5779,5.90,54.50
2007.09.04 06:49:27.069,1.5776,1.5779,5.90,55.30
2007.09.04 06:49:27.179,1.5776,1.5779,5.90,56.30
2007.09.04 06:49:27.271,1.5776,1.5779,6.70,55.50
2007.09.04 06:49:27.381,1.5776,1.5779,6.70,49.90
2007.09.04 06:49:27.557,1.5776,1.5779,6.70,47.50
2007.09.04 06:49:27.679,1.5776,1.5779,49.10,31.50
2007.09.04 06:49:27.768,1.5776,1.5779,48.40,31.50
2007.09.04 06:49:27.809,1.57765,1.5779,0.60,31.50
2007.09.04 06:49:32.634,1.57765,1.5779,0.60,30.70
2007.09.04 06:49:32.661,1.5777,1.5779,0.80,30.70
2007.09.04 06:49:32.753,1.5778,1.5779,4.80,18.30
2007.09.04 06:49:32.878,1.5778,1.5779,4.80,15.90
2007.09.04 06:49:33.056,1.5778,1.5779,5.40,15.90
2007.09.04 06:49:33.159,1.5778,1.5779,7.40,15.90
2007.09.04 06:49:33.275,1.5778,1.578,17.80,33.10
2007.09.04 06:49:33.690,1.5778,1.578,17.80,31.50
2007.09.04 06:49:34.106,1.5778,1.578,17.80,30.70
2007.09.04 06:49:34.701,1.5778,1.578,17.80,28.30
2007.09.04 06:49:34.718,1.5778,1.578,34.20,4.40
2007.09.04 06:49:34.741,1.5778,1.578,34.80,4.40
2007.09.04 06:49:34.796,1.5778,1.578,34.20,4.40
2007.09.04 06:49:34.818,1.5778,1.578,34.20,2.00
2007.09.04 06:49:34.989,1.5778,1.578,34.70,2.00
2007.09.04 06:49:43.061,1.5778,1.578,34.20,2.00
2007.09.04 06:49:43.189,1.5778,1.578,34.40,2.00
2007.09.04 06:49:43.284,1.5778,1.578,34.70,2.00
2007.09.04 06:49:43.375,1.5778,1.578,35.50,2.00
2007.09.04 06:49:43.998,1.5778,1.578,34.70,2.00
2007.09.04 06:49:44.634,1.5778,1.578,32.70,2.00
2007.09.04 06:49:44.722,1.5778,1.578,3.90,21.90
2007.09.04 06:49:44.809,1.5778,1.578,1.50,21.90
2007.09.04 06:49:44.860,1.5778,1.578,0.70,21.90
2007.09.04 06:49:44.913,1.57775,1.578,0.60,21.90
2007.09.04 06:49:45.117,1.5778,1.578,0.60,22.70
2007.09.04 06:49:45.264,1.5778,1.578,0.60,25.70
2007.09.04 06:49:45.677,1.5778,1.5779,0.60,8.00
2007.09.04 06:49:45.729,1.5778,1.5779,0.60,10.40
2007.09.04 06:49:46.053,1.5777,1.5779,42.30,10.40
2007.09.04 06:49:46.087,1.5777,1.5779,43.10,10.40
2007.09.04 06:49:46.186,1.5777,1.5779,45.10,2.40
2007.09.04 06:49:46.254,1.5777,1.578,45.10,32.10
2007.09.04 06:49:46.295,1.5777,1.578,45.80,28.10
2007.09.04 06:49:46.518,1.5777,1.578,46.40,28.10
2007.09.04 06:49:46.710,1.5777,1.578,46.40,25.10
2007.09.04 06:49:46.858,1.5777,1.578,47.10,25.10
2007.09.04 06:49:46.920,1.5777,1.578,49.50,22.70
2007.09.04 06:49:48.119,1.5777,1.578,49.50,25.10
2007.09.04 06:49:48.198,1.5777,1.578,49.50,24.30
2007.09.04 06:49:49.274,1.5777,1.578,49.50,27.30
2007.09.04 06:49:49.479,1.5777,1.578,47.10,27.30
2007.09.04 06:49:50.690,1.5777,1.5779,47.10,2.40
2007.09.04 06:49:50.735,1.5777,1.5779,46.30,10.40
2007.09.04 06:49:50.824,1.5777,1.5779,45.60,10.40
2007.09.04 06:49:50.890,1.5777,1.5779,45.00,10.40
2007.09.04 06:49:50.994,1.5777,1.5779,44.30,10.40
2007.09.04 06:49:51.146,1.5777,1.5779,42.30,10.40
2007.09.04 06:49:51.214,1.5777,1.5779,39.90,10.40
2007.09.04 06:49:51.250,1.5777,1.5779,15.90,13.40
2007.09.04 06:49:51.353,1.5777,1.5779,15.90,15.80
2007.09.04 06:49:51.442,1.5776,1.5779,54.90,31.70
2007.09.04 06:49:51.614,1.5776,1.5779,54.30,31.70
2007.09.04 06:49:51.684,1.5776,1.5779,51.90,31.70
2007.09.04 06:49:51.823,1.5776,1.5779,52.50,31.70
2007.09.04 06:49:51.858,1.5776,1.5779,50.90,31.70
2007.09.04 06:49:52.395,1.5776,1.5779,50.10,31.70
2007.09.04 06:49:52.686,1.5776,1.5779,50.10,32.50
2007.09.04 06:49:52.793,1.5776,1.5779,50.10,34.90
2007.09.04 06:49:52.810,1.5776,1.5779,50.10,40.50
2007.09.04 06:49:53.159,1.5776,1.5779,47.70,41.30
2007.09.04 06:49:53.214,1.5776,1.5779,33.10,43.30
2007.09.04 06:49:53.249,1.5776,1.5779,32.50,43.30
2007.09.04 06:49:53.357,1.5776,1.5779,33.10,43.30
2007.09.04 06:49:53.382,1.5776,1.5778,1.20,2.40
2007.09.04 06:49:53.441,1.5776,1.5778,0.60,2.40
2007.09.04 06:49:55.063,1.5776,1.5778,0.60,2.40
2007.09.04 06:49:56.178,1.5776,1.5778,0.60,4.80
2007.09.04 06:49:56.307,1.57755,1.5778,1.20,20.60
2007.09.04 06:49:56.379,1.57755,1.5778,0.60,20.60
2007.09.04 06:49:56.405,1.5775,1.5778,49.50,36.50
2007.09.04 06:49:56.468,1.5774,1.5778,67.90,36.50
2007.09.04 06:49:56.681,1.5774,1.5778,68.50,36.50
2007.09.04 06:49:56.838,1.5776,1.5778,2.30,29.50
2007.09.04 06:49:56.920,1.5776,1.5778,1.60,26.30
2007.09.04 06:49:57.215,1.5776,1.5778,1.70,23.90
2007.09.04 06:49:57.241,1.5776,1.5779,1.90,32.10
2007.09.04 06:49:57.306,1.5776,1.5779,2.50,32.10
2007.09.04 06:49:57.336,1.57755,1.5779,5.80,52.30
2007.09.04 06:49:57.617,1.5775,1.5779,54.70,49.90
2007.09.04 06:49:57.629,1.5776,1.5779,3.00,49.90
2007.09.04 06:49:57.654,1.5775,1.5779,54.90,49.10
2007.09.04 06:49:57.736,1.5777,1.5779,1.20,48.30
2007.09.04 06:49:57.760,1.5777,1.5779,1.40,46.70
2007.09.04 06:49:57.865,1.5776,1.5779,23.20,46.70
2007.09.04 06:49:57.953,1.5776,1.5779,25.00,44.30
2007.09.04 06:49:58.166,1.5776,1.5779,27.00,34.30
2007.09.04 06:49:58.247,1.5776,1.5779,32.00,31.90
2007.09.04 06:49:58.276,1.5776,1.578,47.90,47.80
2007.09.04 06:49:58.369,1.5776,1.578,51.50,44.10
2007.09.04 06:49:58.466,1.5777,1.578,14.80,41.70
2007.09.04 06:49:58.793,1.5776,1.578,53.90,40.10
2007.09.04 06:49:58.860,1.5777,1.578,13.50,40.10
2007.09.04 06:49:59.013,1.5777,1.578,4.50,40.10
2007.09.04 06:50:03.124,1.5776,1.578,51.60,45.70
2007.09.04 06:50:03.207,1.5776,1.578,49.20,48.10
2007.09.04 06:50:05.821,1.5776,1.578,49.30,48.10
2007.09.04 06:50:05.949,1.5776,1.578,48.70,48.10
2007.09.04 06:50:06.039,1.5776,1.578,48.70,48.90
2007.09.04 06:50:06.057,1.5777,1.578,1.00,49.70
2007.09.04 06:50:06.082,1.57765,1.578,31.50,50.50
2007.09.04 06:50:06.269,1.5777,1.5779,12.60,2.40
2007.09.04 06:50:06.312,1.5777,1.5779,14.00,5.40
2007.09.04 06:50:06.450,1.5776,1.5779,9.60,47.70
2007.09.04 06:50:06.563,1.57755,1.5779,29.00,47.70
2007.09.04 06:50:06.733,1.57755,1.5779,43.30,47.70
2007.09.04 06:50:06.829,1.57755,1.5779,40.90,47.70
2007.09.04 06:50:09.014,1.5775,1.5779,53.70,47.70
2007.09.04 06:50:09.072,1.5775,1.5779,51.30,50.10
2007.09.04 06:50:09.113,1.5775,1.5779,51.30,50.90
2007.09.04 06:50:09.170,1.5776,1.5779,12.10,50.90
2007.09.04 06:50:09.225,1.5776,1.5779,8.90,50.90
2007.09.04 06:50:09.325,1.5775,1.5779,50.00,56.50
2007.09.04 06:50:09.691,1.5775,1.5779,54.00,56.50
2007.09.04 06:50:09.744,1.5777,1.5779,1.10,40.50
2007.09.04 06:50:09.842,1.5777,1.5779,2.30,32.50
2007.09.04 06:50:09.997,1.5777,1.5779,0.50,30.10
2007.09.04 06:50:10.285,1.57765,1.5778,0.60,8.00
2007.09.04 06:50:10.309,1.5776,1.5778,51.80,10.40
2007.09.04 06:50:10.372,1.5776,1.5778,49.40,11.20
2007.09.04 06:50:10.562,1.5776,1.5778,6.20,11.20
2007.09.04 06:50:10.618,1.5776,1.5778,15.50,11.20
2007.09.04 06:50:10.684,1.5776,1.5778,33.60,11.20
2007.09.04 06:50:10.780,1.5777,1.5778,0.50,10.40
2007.09.04 06:50:11.192,1.5776,1.5778,36.00,2.40
2007.09.04 06:50:11.223,1.5777,1.5779,0.70,48.10
2007.09.04 06:50:11.302,1.5776,1.5779,27.60,36.10
2007.09.04 06:50:11.715,1.57765,1.5779,6.60,34.50
2007.09.04 06:50:12.119,1.57765,1.5779,6.60,40.10
2007.09.04 06:50:12.153,1.57765,1.5778,6.60,2.40
2007.09.04 06:50:12.220,1.57765,1.5778,0.60,11.20
2007.09.04 06:50:12.389,1.5776,1.5778,8.70,11.20
2007.09.04 06:50:12.469,1.5775,1.5778,56.00,11.20
2007.09.04 06:50:12.501,1.5776,1.5778,8.40,11.20
2007.09.04 06:50:13.086,1.5776,1.5778,3.40,11.20
2007.09.04 06:50:13.252,1.5776,1.5778,40.10,2.40
2007.09.04 06:50:13.299,1.5776,1.5779,48.10,49.70
2007.09.04 06:50:13.336,1.5777,1.5779,1.90,29.80
2007.09.04 06:50:13.350,1.5777,1.5779,1.80,28.20
2007.09.04 06:50:13.658,1.5776,1.5779,33.20,42.50
2007.09.04 06:50:13.860,1.5777,1.5779,1.10,41.70
2007.09.04 06:50:13.908,1.5777,1.5779,1.00,40.90
2007.09.04 06:50:13.979,1.5776,1.5779,33.20,35.30
2007.09.04 06:50:14.019,1.5777,1.5779,1.30,34.50
2007.09.04 06:50:14.173,1.5776,1.5779,34.00,33.70
2007.09.04 06:50:14.207,1.5776,1.5779,37.20,33.70
2007.09.04 06:50:14.283,1.5777,1.5779,2.30,28.30
2007.09.04 06:50:14.712,1.5776,1.5779,36.80,29.10
2007.09.04 06:50:14.738,1.5776,1.5779,33.60,29.10
2007.09.04 06:50:14.806,1.5776,1.5779,27.60,32.10
2007.09.04 06:50:14.918,1.5776,1.5779,27.60,32.90
2007.09.04 06:50:14.939,1.5776,1.5779,27.60,33.70
2007.09.04 06:50:15.163,1.5777,1.5779,0.80,34.50
2007.09.04 06:50:15.241,1.5777,1.5779,1.10,34.50
2007.09.04 06:50:15.320,1.5777,1.5779,2.60,34.50
2007.09.04 06:50:15.725,1.5777,1.5779,1.50,34.50
2007.09.04 06:50:15.757,1.57765,1.5779,6.60,34.50
2007.09.04 06:50:15.817,1.57765,1.5779,6.60,33.70
2007.09.04 06:50:15.871,1.57765,1.5779,6.60,32.90
2007.09.04 06:50:15.939,1.5777,1.5779,2.90,32.10
2007.09.04 06:50:16.272,1.57765,1.5779,2.60,36.10
2007.09.04 06:50:16.364,1.57765,1.5779,6.60,32.10
2007.09.04 06:50:16.693,1.57765,1.5779,9.00,32.10
2007.09.04 06:50:16.778,1.57765,1.5779,17.40,29.10
2007.09.04 06:50:16.867,1.57765,1.5779,17.40,30.70
2007.09.04 06:50:17.069,1.57765,1.5779,17.40,28.30
2007.09.04 06:50:17.221,1.5777,1.5779,5.70,15.90
2007.09.04 06:50:17.698,1.57765,1.578,33.40,53.70
2007.09.04 06:50:17.824,1.5777,1.578,7.20,48.10
2007.09.04 06:50:17.970,1.5777,1.578,10.00,48.10
2007.09.04 06:50:18.134,1.5776,1.578,50.50,48.10
2007.09.04 06:50:18.148,1.5777,1.578,10.20,48.90
2007.09.04 06:50:18.226,1.5776,1.5779,47.30,2.40
2007.09.04 06:50:18.252,1.5776,1.5779,41.30,13.40
2007.09.04 06:50:18.493,1.5776,1.5779,31.80,29.30
2007.09.04 06:50:18.534,1.5777,1.5779,1.20,29.30
2007.09.04 06:50:18.705,1.5776,1.5779,31.00,45.30
2007.09.04 06:50:18.830,1.57755,1.5779,28.20,45.30
2007.09.04 06:50:18.920,1.57755,1.5779,42.50,45.30
2007.09.04 06:50:18.949,1.57755,1.5779,42.00,45.30
2007.09.04 06:50:19.121,1.5776,1.5779,0.80,48.50
2007.09.04 06:50:19.219,1.5776,1.5779,6.20,50.50
2007.09.04 06:50:19.247,1.5776,1.5779,11.70,50.50
2007.09.04 06:50:19.665,1.5775,1.5779,42.90,51.30
2007.09.04 06:50:19.748,1.5775,1.5779,28.00,48.90
2007.09.04 06:50:19.825,1.5775,1.5779,25.60,51.30
2007.09.04 06:50:19.842,1.5776,1.5779,2.50,53.40
2007.09.04 06:50:27.693,1.5775,1.5778,25.60,2.40
2007.09.04 06:50:27.699,1.5775,1.5778,21.60,38.30
2007.09.04 06:50:27.815,1.5776,1.5778,1.90,40.70
2007.09.04 06:50:28.246,1.5775,1.5778,27.20,42.70
2007.09.04 06:50:28.736,1.5775,1.5778,41.50,42.70
2007.09.04 06:50:29.024,1.5775,1.5778,41.00,42.70
2007.09.04 06:50:29.114,1.57755,1.5778,4.60,42.70
2007.09.04 06:50:29.234,1.5776,1.5778,1.60,42.70
2007.09.04 06:50:29.570,1.57755,1.5778,5.00,40.30
2007.09.04 06:50:29.685,1.57755,1.5778,5.00,30.30
2007.09.04 06:50:29.760,1.57755,1.5778,5.00,27.90
2007.09.04 06:50:29.782,1.57755,1.5779,5.00,29.10
2007.09.04 06:50:29.890,1.57755,1.5779,5.00,27.00
2007.09.04 06:50:30.678,1.57755,1.5779,5.00,27.40
2007.09.04 06:50:32.660,1.57755,1.5779,5.00,28.20
2007.09.04 06:50:32.733,1.57755,1.5778,5.00,2.40
2007.09.04 06:50:32.760,1.5776,1.5778,2.60,42.30
2007.09.04 06:50:33.174,1.5776,1.5778,2.40,44.30
2007.09.04 06:50:48.683,1.5776,1.5778,6.80,45.10
2007.09.04 06:50:48.704,1.5776,1.5778,9.80,45.10
2007.09.04 06:50:48.792,1.5776,1.5778,9.80,42.70
2007.09.04 06:50:48.816,1.5777,1.5778,4.00,34.70
2007.09.04 06:50:49.180,1.5776,1.5778,15.40,34.70
2007.09.04 06:50:49.203,1.5776,1.5778,13.50,36.30
2007.09.04 06:50:49.302,1.5776,1.5778,5.00,44.30
2007.09.04 06:50:49.310,1.5776,1.5778,4.50,44.30
2007.09.04 06:50:49.507,1.5776,1.5778,4.00,44.30
2007.09.04 06:50:49.711,1.5776,1.5777,4.00,15.90
2007.09.04 06:50:49.721,1.5776,1.5777,4.50,15.90
2007.09.04 06:50:50.052,1.5776,1.5777,4.00,15.90
2007.09.04 06:50:50.352,1.5776,1.5778,4.00,46.70
2007.09.04 06:50:50.378,1.5776,1.5778,4.00,40.30
2007.09.04 06:50:50.630,1.5775,1.5778,37.00,40.30
2007.09.04 06:50:50.647,1.5777,1.5778,4.00,41.10
2007.09.04 06:50:50.753,1.5777,1.5778,4.00,21.10
2007.09.04 06:50:50.856,1.5777,1.5778,4.00,23.50
2007.09.04 06:50:51.055,1.5777,1.5778,4.00,23.50
2007.09.04 06:50:51.273,1.5775,1.5776,43.90,0.30
2007.09.04 06:50:51.297,1.5775,1.5776,31.90,0.30
2007.09.04 06:50:51.384,1.5776,1.5777,0.40,28.70
2007.09.04 06:50:51.689,1.5776,1.5777,0.40,32.70
2007.09.04 06:50:51.819,1.5775,1.5776,16.80,15.90
2007.09.04 06:50:51.997,1.5775,1.5776,14.40,15.90
2007.09.04 06:50:52.210,1.5775,1.5776,6.40,23.90
2007.09.04 06:50:52.232,1.5775,1.5776,4.00,26.30
2007.09.04 06:50:52.299,1.5774,1.5776,16.40,28.30
2007.09.04 06:50:52.722,1.5773,1.5775,34.70,10.40
2007.09.04 06:50:52.843,1.5773,1.5775,37.10,10.40
2007.09.04 06:50:53.029,1.5773,1.5775,36.30,10.40
2007.09.04 06:50:53.133,1.5773,1.5775,29.90,10.40
2007.09.04 06:50:53.224,1.5773,1.5775,27.50,10.40
2007.09.04 06:50:53.269,1.5773,1.5775,5.60,44.30
2007.09.04 06:50:53.795,1.5773,1.5775,4.00,44.30
2007.09.04 06:50:54.371,1.5773,1.5775,4.20,44.30
2007.09.04 06:50:54.387,1.5773,1.5775,0.20,44.30
2007.09.04 06:50:54.425,1.5773,1.5775,0.50,44.30
2007.09.04 06:50:54.575,1.5773,1.5775,0.20,44.30
2007.09.04 06:50:54.635,1.5772,1.5775,37.10,44.30
2007.09.04 06:50:54.707,1.5772,1.5775,49.10,6.40
2007.09.04 06:50:54.778,1.5772,1.5775,49.10,4.00
2007.09.04 06:50:54.800,1.5772,1.5776,51.50,55.00
2007.09.04 06:50:55.061,1.5772,1.5775,50.70,0.30
2007.09.04 06:50:55.144,1.57725,1.5775,2.40,0.30
2007.09.04 06:50:55.186,1.57725,1.5775,2.40,8.20
2007.09.04 06:50:55.191,1.57725,1.5775,2.40,10.60
2007.09.04 06:50:55.289,1.57725,1.5775,2.40,42.60
2007.09.04 06:50:55.305,1.5773,1.5775,0.20,42.60
2007.09.04 06:50:55.391,1.5773,1.5775,2.60,42.60
2007.09.04 06:50:55.495,1.5772,1.5775,8.00,42.60
2007.09.04 06:50:55.700,1.5772,1.5775,6.40,42.60
2007.09.04 06:50:55.727,1.5772,1.5775,6.60,42.60
2007.09.04 06:50:55.911,1.5772,1.5775,6.80,42.60
2007.09.04 06:50:56.215,1.5772,1.5775,6.80,44.60
2007.09.04 06:50:56.736,1.5772,1.5775,7.10,44.60
2007.09.04 06:50:59.643,1.5773,1.5775,4.00,44.60
2007.09.04 06:50:59.764,1.5773,1.5775,4.00,44.30
2007.09.04 06:51:00.168,1.5773,1.5775,4.00,42.30
2007.09.04 06:51:00.198,1.5773,1.5775,4.00,39.90
2007.09.04 06:51:00.286,1.5773,1.5776,4.00,48.60
2007.09.04 06:51:00.472,1.5773,1.5776,6.40,46.20
2007.09.04 06:51:00.806,1.5773,1.5776,6.50,46.20
2007.09.04 06:51:00.998,1.5773,1.5776,6.50,44.60
2007.09.04 06:51:01.284,1.5773,1.5776,6.40,44.70
2007.09.04 06:51:01.336,1.5773,1.5776,6.40,44.80
2007.09.04 06:51:01.705,1.5774,1.5776,4.00,44.80
2007.09.04 06:51:01.744,1.5774,1.5776,6.40,44.80
2007.09.04 06:51:01.798,1.5774,1.5776,14.40,44.40
2007.09.04 06:51:01.949,1.5774,1.5776,14.40,44.30
2007.09.04 06:51:02.219,1.5774,1.5776,15.00,32.30
2007.09.04 06:51:02.331,1.5774,1.5776,17.00,28.30
2007.09.04 06:51:02.733,1.5774,1.5776,32.90,2.40
2007.09.04 06:51:02.766,1.5774,1.5777,32.90,23.60
2007.09.04 06:51:02.824,1.5774,1.5777,32.90,47.60
2007.09.04 06:51:02.927,1.5774,1.5777,32.90,45.20
2007.09.04 06:51:03.249,1.5774,1.5777,35.30,37.20
2007.09.04 06:51:06.680,1.5774,1.5777,35.30,38.00
2007.09.04 06:51:06.914,1.5774,1.5777,35.30,40.40
2007.09.04 06:51:07.606,1.5774,1.5777,35.30,39.60
2007.09.04 06:51:10.209,1.5774,1.5777,35.30,40.40
2007.09.04 06:51:10.385,1.5774,1.5777,35.40,40.40
2007.09.04 06:51:10.529,1.5774,1.5777,35.80,40.40
2007.09.04 06:51:11.238,1.5774,1.5777,35.80,39.60
2007.09.04 06:51:11.640,1.5774,1.5777,35.80,40.40
2007.09.04 06:51:12.047,1.5774,1.5777,33.40,40.40
2007.09.04 06:51:12.255,1.5774,1.5777,32.80,40.40
2007.09.04 06:51:12.366,1.5774,1.5777,33.40,40.40
2007.09.04 06:51:12.680,1.5774,1.5776,33.40,10.40
2007.09.04 06:51:13.197,1.5774,1.5776,17.50,28.30
2007.09.04 06:51:16.750,1.5774,1.5776,7.60,28.30
2007.09.04 06:51:21.011,1.5773,1.5776,43.10,28.30
2007.09.04 06:51:21.214,1.5774,1.5776,15.40,2.40
2007.09.04 06:51:21.270,1.5773,1.5777,54.20,39.60
2007.09.04 06:51:22.461,1.5773,1.5777,52.80,39.60
2007.09.04 06:51:22.653,1.5773,1.5777,54.80,39.60
2007.09.04 06:51:22.772,1.5774,1.5777,11.40,39.60
2007.09.04 06:51:22.873,1.5773,1.5777,55.00,39.60
2007.09.04 06:51:22.954,1.5774,1.5777,4.90,39.60
2007.09.04 06:51:23.063,1.5773,1.5777,55.00,39.60
2007.09.04 06:51:23.150,1.5774,1.5777,11.60,39.60
2007.09.04 06:51:23.250,1.5773,1.5777,55.40,40.40
2007.09.04 06:51:23.652,1.5774,1.5776,10.80,2.40
2007.09.04 06:51:23.697,1.5774,1.5776,6.50,10.40
2007.09.04 06:51:24.218,1.5774,1.5776,1.10,12.40
2007.09.04 06:51:24.634,1.5773,1.5776,51.00,10.40
2007.09.04 06:51:24.691,1.5774,1.5776,15.00,8.00
2007.09.04 06:51:24.745,1.5774,1.5777,10.20,56.00
2007.09.04 06:51:25.048,1.5773,1.5777,53.40,53.60
2007.09.04 06:51:25.078,1.5773,1.5777,53.40,51.60
2007.09.04 06:51:25.164,1.5773,1.5777,56.00,46.00
2007.09.04 06:51:25.299,1.5774,1.5777,10.70,40.40
2007.09.04 06:51:26.220,1.5774,1.5777,7.60,39.60
2007.09.04 06:51:30.137,1.5774,1.5777,15.80,39.60
2007.09.04 06:51:31.179,1.57735,1.5777,33.80,39.60
2007.09.04 06:51:32.670,1.5774,1.5777,1.60,37.20
2007.09.04 06:51:40.637,1.5774,1.5777,13.60,37.20
2007.09.04 06:51:40.758,1.57735,1.5777,21.40,37.20
2007.09.04 06:51:40.871,1.57735,1.5777,19.00,39.60
2007.09.04 06:51:40.918,1.5774,1.5777,6.90,39.60
2007.09.04 06:51:40.960,1.5774,1.5777,7.10,39.60
2007.09.04 06:51:41.164,1.57735,1.5777,16.60,39.60
2007.09.04 06:51:41.376,1.5774,1.5777,0.40,39.60
2007.09.04 06:51:42.182,1.57735,1.5777,3.10,39.60
2007.09.04 06:51:42.206,1.5774,1.5777,1.40,39.60
2007.09.04 06:51:42.342,1.57735,1.5777,15.50,39.60
2007.09.04 06:51:42.393,1.57735,1.5777,15.10,39.60
2007.09.04 06:51:42.422,1.5774,1.5777,7.30,39.60
2007.09.04 06:51:42.548,1.5774,1.5777,10.00,39.60
2007.09.04 06:51:42.690,1.5774,1.5777,3.80,39.60
2007.09.04 06:51:42.752,1.5774,1.5777,7.30,33.90
2007.09.04 06:51:42.844,1.57735,1.5777,36.20,33.90
2007.09.04 06:51:43.042,1.5774,1.5777,7.70,33.90
2007.09.04 06:51:43.227,1.5774,1.5777,37.80,33.90
2007.09.04 06:51:43.259,1.5774,1.5777,40.40,33.90
2007.09.04 06:51:43.414,1.5774,1.5777,40.70,33.90
2007.09.04 06:51:43.467,1.5775,1.5777,7.70,21.90
2007.09.04 06:51:43.652,1.5775,1.5777,5.80,19.90
2007.09.04 06:51:43.685,1.5774,1.5777,52.70,19.90
2007.09.04 06:51:43.722,1.5775,1.5777,2.50,19.90
2007.09.04 06:51:43.826,1.5775,1.5777,31.40,4.00
2007.09.04 06:51:43.918,1.57755,1.5777,0.40,4.00
2007.09.04 06:51:43.929,1.57755,1.5778,0.40,47.60
2007.09.04 06:51:44.241,1.5776,1.5778,0.40,47.60
2007.09.04 06:51:44.963,1.5776,1.5778,0.40,50.00
2007.09.04 06:51:45.182,1.5776,1.5777,0.40,3.00
2007.09.04 06:51:45.285,1.5776,1.5777,0.40,5.40
2007.09.04 06:51:45.315,1.5776,1.5777,0.40,13.60
2007.09.04 06:51:45.399,1.5776,1.5777,0.40,41.60
2007.09.04 06:51:45.549,1.57755,1.5777,0.40,41.60
2007.09.04 06:51:45.570,1.5775,1.5777,2.40,41.60
2007.09.04 06:51:45.710,1.57745,1.5777,2.40,36.00
2007.09.04 06:51:45.804,1.5774,1.5777,12.30,36.00
2007.09.04 06:51:45.887,1.5774,1.5777,9.90,33.60
2007.09.04 06:51:45.914,1.5774,1.5777,4.30,37.60
2007.09.04 06:51:46.211,1.5774,1.5777,4.70,40.40
2007.09.04 06:51:46.299,1.5774,1.5777,5.10,40.40
2007.09.04 06:51:48.145,1.5774,1.5777,5.10,39.60
2007.09.04 06:51:48.200,1.5774,1.5777,31.00,39.60
2007.09.04 06:51:48.249,1.5774,1.5777,33.40,39.60
2007.09.04 06:51:48.294,1.5774,1.5777,37.40,35.60
2007.09.04 06:51:53.344,1.5774,1.5777,37.40,35.30
2007.09.04 06:51:53.458,1.5774,1.5777,39.80,35.30
2007.09.04 06:51:54.820,1.5774,1.5777,45.40,35.30
2007.09.04 06:51:54.898,1.5774,1.5777,45.40,35.60
2007.09.04 06:51:54.996,1.5774,1.5777,57.40,23.60
2007.09.04 06:51:59.240,1.5774,1.5777,57.40,27.60
2007.09.04 06:52:00.795,1.5774,1.5777,57.00,27.60
2007.09.04 06:52:00.843,1.5774,1.5777,57.00,0.90
2007.09.04 06:52:00.889,1.5774,1.57775,57.20,30.00
2007.09.04 06:52:00.898,1.5774,1.57775,56.80,30.00
2007.09.04 06:52:00.927,1.5774,1.57775,56.60,30.00
2007.09.04 06:52:01.004,1.5774,1.57775,57.40,29.70
2007.09.04 06:52:01.103,1.5774,1.5777,57.60,0.90
2007.09.04 06:52:01.225,1.5775,1.57775,6.40,20.30
2007.09.04 06:52:01.300,1.5775,1.5778,14.50,37.90
2007.09.04 06:52:01.436,1.5775,1.5778,36.10,23.20
2007.09.04 06:52:01.549,1.5775,1.5777,36.30,0.90
2007.09.04 06:52:01.728,1.5775,1.5778,36.50,22.40
2007.09.04 06:52:01.753,1.5775,1.5779,48.50,32.60
2007.09.04 06:52:01.846,1.5775,1.5778,50.90,0.70
2007.09.04 06:52:01.855,1.5775,1.57785,50.90,40.10
2007.09.04 06:52:01.936,1.5775,1.57785,54.90,36.10
2007.09.04 06:52:02.198,1.5775,1.57785,54.90,36.40
2007.09.04 06:52:02.316,1.5775,1.57785,56.90,36.40
2007.09.04 06:52:05.121,1.5775,1.5778,54.50,0.60
2007.09.04 06:52:05.233,1.5775,1.57785,52.50,36.40
2007.09.04 06:52:05.319,1.5775,1.57785,48.50,40.40
2007.09.04 06:52:06.159,1.5775,1.5778,46.10,0.90
2007.09.04 06:52:06.267,1.5775,1.57785,34.10,40.40
2007.09.04 06:52:06.378,1.5775,1.57785,0.50,52.40
2007.09.04 06:52:06.688,1.5775,1.5778,0.50,26.00
2007.09.04 06:52:06.790,1.5775,1.5778,0.50,28.40
2007.09.04 06:52:06.902,1.5775,1.5777,2.90,0.50
2007.09.04 06:52:06.991,1.5775,1.5778,2.90,29.80
2007.09.04 06:52:07.192,1.5775,1.5777,6.90,0.90
2007.09.04 06:52:07.297,1.5775,1.5778,6.70,53.20
2007.09.04 06:52:07.400,1.5775,1.5778,32.30,29.20
2007.09.04 06:52:07.406,1.5776,1.5778,0.20,29.20
2007.09.04 06:52:07.505,1.5776,1.5777,0.20,0.80
2007.09.04 06:52:07.595,1.5776,1.5778,0.20,0.70
2007.09.04 06:52:08.022,1.5776,1.5778,0.20,0.80
2007.09.04 06:52:08.210,1.5776,1.57785,0.20,40.40
2007.09.04 06:52:08.836,1.5776,1.5779,0.20,49.20
2007.09.04 06:52:09.255,1.5776,1.5779,0.20,50.00
2007.09.04 06:52:09.329,1.5776,1.5778,0.20,0.80
2007.09.04 06:52:09.451,1.5775,1.5779,0.20,62.00
2007.09.04 06:52:09.630,1.5775,1.5778,0.40,0.80
2007.09.04 06:52:09.655,1.5775,1.5777,0.40,0.50
2007.09.04 06:52:09.668,1.5775,1.5777,0.40,0.90
2007.09.04 06:52:09.760,1.5775,1.5778,0.20,29.00
2007.09.04 06:52:09.869,1.5774,1.57775,28.40,19.80
2007.09.04 06:52:09.884,1.5774,1.57775,56.50,22.20
2007.09.04 06:52:10.116,1.5774,1.57775,55.70,22.40
2007.09.04 06:52:10.140,1.5774,1.57775,55.90,22.40
2007.09.04 06:52:10.161,1.5774,1.57775,45.70,16.40
2007.09.04 06:52:10.176,1.5774,1.57775,37.90,14.80
2007.09.04 06:52:10.297,1.5774,1.57775,6.00,42.80
2007.09.04 06:52:10.378,1.5774,1.5777,2.00,0.80
2007.09.04 06:52:10.415,1.5774,1.5777,1.80,0.60
2007.09.04 06:52:10.491,1.5774,1.5777,1.60,0.60
2007.09.04 06:52:10.582,1.5774,1.5778,1.80,58.00
2007.09.04 06:52:10.704,1.5774,1.5777,1.80,43.10
2007.09.04 06:52:10.784,1.5774,1.5776,1.80,0.80
2007.09.04 06:52:10.806,1.5774,1.5776,1.80,0.70
2007.09.04 06:52:10.907,1.5774,1.5777,0.20,49.70
2007.09.04 06:52:11.214,1.5774,1.5776,4.20,0.50
2007.09.04 06:52:11.704,1.5774,1.5777,4.20,43.50
2007.09.04 06:52:11.733,1.5774,1.5777,4.40,22.20
2007.09.04 06:52:11.830,1.5774,1.5777,6.80,0.70
2007.09.04 06:52:11.912,1.5774,1.5777,6.60,0.60
2007.09.04 06:52:11.952,1.5774,1.5777,6.60,0.70
2007.09.04 06:52:12.010,1.5774,1.57775,6.60,46.00
2007.09.04 06:52:12.372,1.5774,1.57775,4.20,46.00
2007.09.04 06:52:12.548,1.5774,1.5777,4.20,0.70
2007.09.04 06:52:12.677,1.5774,1.5778,4.20,56.40
2007.09.04 06:52:12.733,1.5774,1.5778,4.20,56.40
2007.09.04 06:52:12.824,1.5774,1.57775,4.40,45.40
2007.09.04 06:52:12.845,1.5774,1.5777,4.70,0.80
2007.09.04 06:52:13.077,1.5774,1.57775,7.10,39.80
2007.09.04 06:52:13.135,1.5774,1.57775,9.50,39.00
2007.09.04 06:52:13.195,1.5774,1.5777,17.50,0.70
2007.09.04 06:52:13.402,1.5774,1.5777,45.40,0.80
2007.09.04 06:52:13.465,1.5774,1.5777,51.00,0.60
2007.09.04 06:52:14.700,1.5774,1.5777,48.60,0.80
2007.09.04 06:52:14.721,1.5774,1.5778,36.40,41.40
2007.09.04 06:52:14.819,1.5774,1.5778,34.00,43.20
2007.09.04 06:52:14.894,1.5774,1.5778,33.70,43.20
2007.09.04 06:52:14.931,1.5774,1.5778,33.50,43.20
2007.09.04 06:52:15.125,1.5774,1.5778,33.50,43.80
2007.09.04 06:52:15.201,1.5774,1.5777,35.90,40.60
2007.09.04 06:52:15.241,1.5774,1.5776,37.90,0.60
2007.09.04 06:52:15.321,1.5774,1.5777,38.10,33.20
2007.09.04 06:52:15.656,1.5774,1.5777,38.10,30.80
2007.09.04 06:52:15.752,1.5774,1.5776,22.20,0.60
2007.09.04 06:52:15.849,1.5774,1.5777,22.20,45.90
2007.09.04 06:52:16.691,1.5774,1.5776,8.20,25.80
2007.09.04 06:52:16.740,1.5773,1.5776,31.70,29.00
2007.09.04 06:52:16.786,1.5773,1.5776,29.30,29.00
2007.09.04 06:52:16.940,1.5773,1.5776,29.60,29.00
2007.09.04 06:52:16.975,1.5773,1.5776,29.90,29.00
2007.09.04 06:52:17.217,1.5773,1.5776,11.90,50.20
2007.09.04 06:52:17.320,1.5773,1.5776,14.30,47.80
2007.09.04 06:52:17.368,1.5773,1.5777,8.70,62.20
2007.09.04 06:52:17.730,1.5773,1.5777,7.10,62.20
2007.09.04 06:52:18.136,1.5773,1.5776,4.70,51.80
2007.09.04 06:52:18.182,1.5773,1.5776,4.70,55.00
2007.09.04 06:52:18.254,1.5773,1.5775,4.50,0.70
2007.09.04 06:52:19.700,1.5773,1.5776,4.50,35.90
2007.09.04 06:52:19.716,1.5773,1.5776,4.50,32.70
2007.09.04 06:52:19.796,1.5773,1.5776,5.30,32.70
2007.09.04 06:52:20.122,1.5773,1.5775,7.70,0.80
2007.09.04 06:52:20.215,1.5773,1.5776,23.60,25.60
2007.09.04 06:52:20.240,1.5773,1.5775,29.20,0.50
2007.09.04 06:52:21.023,1.5773,1.5776,30.00,24.80
2007.09.04 06:52:21.160,1.5774,1.5775,8.00,0.50
2007.09.04 06:52:21.232,1.5774,1.5776,22.00,0.60
2007.09.04 06:52:21.342,1.5774,1.57765,22.00,33.90
2007.09.04 06:52:21.360,1.5774,1.5776,22.20,0.50
2007.09.04 06:52:21.737,1.5774,1.57765,22.20,34.20
2007.09.04 06:52:22.057,1.5774,1.57765,22.20,33.40
2007.09.04 06:52:22.149,1.5774,1.5775,20.20,0.60
2007.09.04 06:52:22.183,1.5774,1.5775,12.20,0.90
2007.09.04 06:52:22.391,1.57735,1.5775,0.30,0.80
2007.09.04 06:52:22.413,1.5773,1.5775,7.60,0.50
2007.09.04 06:52:22.681,1.5773,1.5776,5.60,40.90
2007.09.04 06:52:22.702,1.5773,1.5776,5.60,37.70
2007.09.04 06:52:22.780,1.5773,1.5776,8.00,35.10
2007.09.04 06:52:22.888,1.5773,1.5776,6.40,35.10
2007.09.04 06:52:23.208,1.5773,1.5776,22.30,25.60
2007.09.04 06:52:23.263,1.57725,1.5776,24.90,31.60
2007.09.04 06:52:23.315,1.57725,1.5776,24.90,25.60
2007.09.04 06:52:23.435,1.57725,1.5776,30.50,25.60
2007.09.04 06:52:23.715,1.57725,1.5776,31.30,25.60
2007.09.04 06:52:24.029,1.57725,1.5776,30.50,25.60
2007.09.04 06:52:24.155,1.5773,1.5775,0.50,0.70
2007.09.04 06:52:24.237,1.5773,1.57765,50.50,38.20
2007.09.04 06:52:24.268,1.5773,1.57765,56.10,38.20
2007.09.04 06:52:24.348,1.5773,1.57765,60.10,34.20
2007.09.04 06:52:24.580,1.5773,1.57765,60.30,34.20
2007.09.04 06:52:24.653,1.5773,1.5776,59.90,35.40
2007.09.04 06:52:24.677,1.5774,1.5775,0.70,0.50
2007.09.04 06:52:24.794,1.57735,1.5776,0.60,54.60
2007.09.04 06:52:25.092,1.5773,1.5775,0.90,0.70
2007.09.04 06:52:25.198,1.57725,1.5776,8.50,42.50
2007.09.04 06:52:25.273,1.5773,1.5775,0.60,0.50
2007.09.04 06:52:25.295,1.5772,1.5776,32.50,44.90
2007.09.04 06:52:25.799,1.5773,1.5775,0.90,0.90
2007.09.04 06:52:26.226,1.5773,1.5775,0.80,0.50
2007.09.04 06:52:26.235,1.5772,1.5776,48.80,29.00
2007.09.04 06:52:31.273,1.5773,1.5775,12.60,12.40
2007.09.04 06:52:31.662,1.5773,1.5775,12.20,10.00
2007.09.04 06:52:31.694,1.5772,1.5775,47.00,2.00
2007.09.04 06:52:31.990,1.5772,1.5775,47.00,2.00
2007.09.04 06:52:32.098,1.5773,1.5775,10.10,2.00
2007.09.04 06:52:32.181,1.5773,1.5775,35.50,2.00
2007.09.04 06:52:32.198,1.5774,1.5776,7.40,35.50
2007.09.04 06:52:32.315,1.57735,1.5776,22.20,31.50
2007.09.04 06:52:32.388,1.5774,1.5776,9.60,31.50
2007.09.04 06:52:33.716,1.57735,1.5776,22.40,31.80
2007.09.04 06:52:34.129,1.5774,1.5776,0.50,35.80
2007.09.04 06:52:34.241,1.57735,1.5775,0.40,12.40
2007.09.04 06:52:34.339,1.57735,1.5775,0.20,12.40
2007.09.04 06:52:34.434,1.5773,1.5775,14.00,12.40
2007.09.04 06:52:34.446,1.5772,1.5775,45.30,12.40
2007.09.04 06:52:34.662,1.5772,1.5775,47.00,2.00
2007.09.04 06:52:34.748,1.5773,1.5775,0.70,2.00
2007.09.04 06:52:35.283,1.5773,1.5775,7.80,2.00
2007.09.04 06:52:35.362,1.5773,1.5775,14.70,2.00
2007.09.04 06:52:35.569,1.57725,1.5775,33.10,2.10
2007.09.04 06:52:35.606,1.5773,1.5775,4.90,2.10
2007.09.04 06:52:44.077,1.5773,1.5775,4.40,2.10
2007.09.04 06:52:44.252,1.57725,1.5775,33.70,2.00
2007.09.04 06:52:44.318,1.5774,1.5775,2.20,2.00
2007.09.04 06:52:46.203,1.5773,1.5776,35.90,50.80
2007.09.04 06:52:46.207,1.5773,1.5776,41.50,48.40
2007.09.04 06:52:46.307,1.5774,1.5776,4.20,41.20
2007.09.04 06:52:46.715,1.5773,1.5776,47.90,41.20
2007.09.04 06:52:46.738,1.5773,1.5776,34.40,25.10
2007.09.04 06:52:46.951,1.5773,1.5776,34.40,22.70
2007.09.04 06:52:47.026,1.5773,1.5776,34.40,22.70
2007.09.04 06:52:47.064,1.5774,1.5776,2.60,21.90
2007.09.04 06:52:47.154,1.5773,1.5776,59.90,24.30
2007.09.04 06:52:47.225,1.5774,1.5776,25.20,24.30
2007.09.04 06:52:47.274,1.5774,1.5776,53.10,6.00
2007.09.04 06:52:47.375,1.5774,1.5776,57.10,2.00
2007.09.04 06:52:47.429,1.5775,1.5776,3.10,2.00
2007.09.04 06:52:47.689,1.5775,1.5777,9.70,37.20
2007.09.04 06:52:47.795,1.5775,1.5777,6.90,29.20
2007.09.04 06:52:48.112,1.5775,1.5777,3.00,31.60
2007.09.04 06:52:48.214,1.5775,1.5776,8.50,2.00
2007.09.04 06:52:51.748,1.5775,1.5777,20.00,35.60
2007.09.04 06:52:51.854,1.5775,1.5777,20.00,33.20
2007.09.04 06:52:52.161,1.5775,1.5777,22.00,33.20
2007.09.04 06:52:52.277,1.5775,1.5777,22.00,35.60
2007.09.04 06:52:52.453,1.5775,1.5777,22.00,35.50
2007.09.04 06:52:52.525,1.5775,1.5777,22.00,35.50
2007.09.04 06:53:01.666,1.5775,1.5777,22.00,35.80
2007.09.04 06:53:01.890,1.5775,1.5777,22.00,35.50
2007.09.04 06:53:02.090,1.5775,1.5776,22.00,0.30
2007.09.04 06:53:02.622,1.5775,1.5777,22.00,39.60
2007.09.04 06:53:02.724,1.5775,1.5777,22.00,36.60
2007.09.04 06:53:02.924,1.5775,1.5777,22.00,38.20
2007.09.04 06:53:03.175,1.5775,1.5777,22.00,37.90
2007.09.04 06:53:03.928,1.5775,1.5777,22.00,36.30
2007.09.04 06:53:04.025,1.5775,1.5777,22.00,35.50
2007.09.04 06:53:04.120,1.5775,1.5777,22.00,34.70
2007.09.04 06:53:04.179,1.5775,1.5777,22.00,32.30
2007.09.04 06:53:04.226,1.5775,1.5777,22.00,24.30
2007.09.04 06:53:04.778,1.5775,1.5777,38.20,2.20
2007.09.04 06:53:04.894,1.5775,1.5777,38.50,2.20
2007.09.04 06:53:05.091,1.5775,1.5777,38.50,3.00
2007.09.04 06:53:05.108,1.5775,1.5777,38.80,3.00
2007.09.04 06:53:05.386,1.5775,1.5777,22.00,31.80
2007.09.04 06:53:07.098,1.5775,1.5777,22.30,31.50
2007.09.04 06:53:07.171,1.5775,1.5777,22.00,29.10
2007.09.04 06:53:07.210,1.5775,1.5777,37.90,4.40
2007.09.04 06:53:07.332,1.5775,1.5777,38.20,2.00
2007.09.04 06:53:07.394,1.5775,1.5777,38.50,2.00
2007.09.04 06:53:07.579,1.5775,1.5777,38.80,2.00
2007.09.04 06:53:10.872,1.5775,1.5777,38.80,2.20
2007.09.04 06:53:12.035,1.5775,1.5777,38.80,5.40
2007.09.04 06:53:12.253,1.5775,1.5777,22.60,29.40
2007.09.04 06:53:12.287,1.5775,1.5777,22.30,31.80
2007.09.04 06:53:12.332,1.5775,1.5777,22.00,31.80
2007.09.04 06:53:12.654,1.5775,1.5776,20.00,2.00
2007.09.04 06:53:13.210,1.5775,1.5777,22.00,28.30
2007.09.04 06:53:13.277,1.5775,1.5777,22.00,25.90
2007.09.04 06:53:13.335,1.5775,1.5777,38.20,2.00
2007.09.04 06:53:13.417,1.5775,1.5777,38.20,4.40
2007.09.04 06:53:13.508,1.5775,1.5777,38.50,4.40
2007.09.04 06:53:13.533,1.5775,1.5777,38.50,2.00
2007.09.04 06:53:13.570,1.5775,1.5777,38.80,2.00
2007.09.04 06:53:14.062,1.5775,1.5777,39.60,2.00
2007.09.04 06:53:14.184,1.5775,1.5778,38.80,53.80
2007.09.04 06:53:14.207,1.5776,1.5778,2.40,53.80
2007.09.04 06:53:14.291,1.5776,1.5778,14.40,51.50
2007.09.04 06:53:14.388,1.5776,1.5778,14.40,39.50
2007.09.04 06:53:14.400,1.5776,1.5778,20.00,39.50
2007.09.04 06:53:14.722,1.5776,1.5778,20.30,39.50
2007.09.04 06:53:15.630,1.5776,1.5778,20.00,39.50
2007.09.04 06:53:15.836,1.5776,1.5778,20.00,39.50
2007.09.04 06:53:16.257,1.5776,1.5778,20.00,39.50
2007.09.04 06:53:16.647,1.5776,1.5778,20.00,31.50
2007.09.04 06:53:16.657,1.5776,1.5778,20.00,29.10
2007.09.04 06:53:17.289,1.5776,1.5778,17.60,31.50
2007.09.04 06:53:17.332,1.5776,1.5778,11.60,33.40
2007.09.04 06:53:17.426,1.5776,1.5777,11.60,0.30
2007.09.04 06:53:18.190,1.5776,1.5778,11.60,31.80
2007.09.04 06:53:18.218,1.5776,1.5778,14.00,31.80
2007.09.04 06:53:18.295,1.5776,1.5778,22.00,31.00
2007.09.04 06:53:18.719,1.5777,1.5778,4.00,31.50
2007.09.04 06:53:18.754,1.5777,1.5778,12.00,29.10
2007.09.04 06:53:18.827,1.5777,1.5778,20.00,5.20
2007.09.04 06:53:18.954,1.5777,1.5778,20.00,2.80
2007.09.04 06:53:19.062,1.5777,1.5778,20.00,2.00
2007.09.04 06:53:19.272,1.5777,1.5778,12.00,10.00
2007.09.04 06:53:19.374,1.5777,1.5778,20.00,2.00
2007.09.04 06:53:19.572,1.5777,1.5779,20.00,39.20
2007.09.04 06:53:19.651,1.5776,1.5779,58.70,39.20
2007.09.04 06:53:19.711,1.5776,1.5778,58.70,2.00
2007.09.04 06:53:19.780,1.5777,1.5778,3.40,4.40
2007.09.04 06:53:19.826,1.5777,1.5778,2.40,11.20
2007.09.04 06:53:20.112,1.5776,1.5778,53.90,13.20
2007.09.04 06:53:20.237,1.5776,1.5778,52.30,12.40
2007.09.04 06:53:20.795,1.5777,1.5778,1.10,13.20
2007.09.04 06:53:20.869,1.5776,1.5778,50.70,12.40
2007.09.04 06:53:21.403,1.5777,1.5778,1.50,13.20
2007.09.04 06:53:21.962,1.5777,1.5778,4.40,14.00
2007.09.04 06:53:22.065,1.5777,1.5778,3.70,13.20
2007.09.04 06:53:22.791,1.5776,1.5778,40.70,13.20
2007.09.04 06:53:23.249,1.5776,1.5778,42.70,15.60
2007.09.04 06:53:23.635,1.5776,1.5777,41.10,0.80
2007.09.04 06:53:23.824,1.5775,1.5777,55.60,0.80
2007.09.04 06:53:24.240,1.57745,1.5777,54.70,0.80
2007.09.04 06:53:24.270,1.57745,1.5776,28.30,8.80
2007.09.04 06:53:24.350,1.57745,1.5776,25.90,11.20
2007.09.04 06:53:24.501,1.5774,1.5776,25.60,11.20
2007.09.04 06:53:24.661,1.5775,1.5776,1.60,8.80
2007.09.04 06:53:24.694,1.5775,1.5776,4.80,8.00
2007.09.04 06:53:24.808,1.5775,1.5777,4.20,25.10
2007.09.04 06:53:25.019,1.5774,1.5777,63.80,24.30
2007.09.04 06:53:25.240,1.5775,1.5777,50.70,2.40
2007.09.04 06:53:25.295,1.5776,1.5777,10.00,2.40
2007.09.04 06:53:25.358,1.5775,1.57775,58.30,2.40
2007.09.04 06:53:25.419,1.5775,1.5778,58.30,37.90
2007.09.04 06:53:25.646,1.5776,1.5778,8.90,37.10
2007.09.04 06:53:25.735,1.5776,1.5778,5.50,37.10
2007.09.04 06:53:25.780,1.5776,1.5778,12.10,21.20
2007.09.04 06:53:25.869,1.5776,1.5778,10.80,13.20
2007.09.04 06:53:26.099,1.5776,1.5777,10.70,0.80
2007.09.04 06:53:26.218,1.5775,1.5777,53.90,0.80
2007.09.04 06:53:26.235,1.57745,1.5777,56.30,0.80
2007.09.04 06:53:26.330,1.5775,1.5778,24.50,36.10
2007.09.04 06:53:26.426,1.57745,1.5778,57.90,38.50
2007.09.04 06:53:27.091,1.5775,1.5778,5.00,38.50
2007.09.04 06:53:27.188,1.5775,1.5778,21.20,37.70
2007.09.04 06:53:27.403,1.5775,1.5778,2.80,32.30
2007.09.04 06:53:27.681,1.5775,1.5778,47.50,16.40
2007.09.04 06:53:27.770,1.5776,1.5778,3.80,16.40
2007.09.04 06:53:27.789,1.5775,1.5778,50.70,14.80
2007.09.04 06:53:28.013,1.5776,1.5778,16.40,12.40
2007.09.04 06:53:28.217,1.5776,1.5778,12.40,12.40
2007.09.04 06:53:28.637,1.5776,1.5778,5.50,12.40
2007.09.04 06:53:28.742,1.5775,1.5778,49.10,12.40
2007.09.04 06:53:29.069,1.5776,1.5778,17.80,13.20
2007.09.04 06:53:29.189,1.5776,1.5778,18.00,13.20
2007.09.04 06:53:29.241,1.5775,1.5778,49.50,13.20
2007.09.04 06:53:29.319,1.5774,1.5778,44.40,29.10
2007.09.04 06:53:29.388,1.5774,1.5778,66.00,31.50
2007.09.04 06:53:29.474,1.5774,1.5778,66.00,31.50
2007.09.04 06:53:29.733,1.5775,1.5777,8.70,8.00
2007.09.04 06:53:29.753,1.5774,1.5777,66.00,10.40
2007.09.04 06:53:29.934,1.5774,1.5777,66.80,10.40
2007.09.04 06:53:30.257,1.5774,1.5777,64.40,8.00
2007.09.04 06:53:30.291,1.5774,1.5778,66.00,44.30
2007.09.04 06:53:31.012,1.5775,1.5778,20.60,41.90
2007.09.04 06:53:31.122,1.5775,1.5778,10.00,31.50
2007.09.04 06:53:31.635,1.5775,1.5778,11.30,30.70
2007.09.04 06:53:31.749,1.5776,1.5778,2.00,30.70
2007.09.04 06:53:31.865,1.5775,1.5778,57.90,28.30
2007.09.04 06:53:32.154,1.5777,1.5778,0.50,26.30
2007.09.04 06:53:32.189,1.5777,1.5778,3.40,26.30
2007.09.04 06:53:32.272,1.5777,1.5778,4.80,10.40
2007.09.04 06:53:34.733,1.5776,1.5778,56.70,2.40
2007.09.04 06:53:34.759,1.5777,1.5779,10.60,37.90
2007.09.04 06:53:35.057,1.5777,1.5779,3.20,37.10
2007.09.04 06:53:35.687,1.5776,1.5778,56.70,2.40
2007.09.04 06:53:35.696,1.5776,1.5778,55.90,10.40
2007.09.04 06:53:36.770,1.5777,1.5778,10.20,2.40
2007.09.04 06:53:36.796,1.5776,1.5779,59.10,35.50
2007.09.04 06:53:37.304,1.5776,1.5779,58.70,36.30
2007.09.04 06:53:37.527,1.5777,1.5779,3.30,35.50
2007.09.04 06:53:37.548,1.5776,1.5779,58.70,36.30
2007.09.04 06:53:37.625,1.5776,1.5779,58.70,36.30
2007.09.04 06:53:37.645,1.5776,1.5779,58.70,35.50
2007.09.04 06:53:37.718,1.5776,1.5778,58.70,2.00
2007.09.04 06:53:37.957,1.5776,1.5778,58.70,2.00
2007.09.04 06:53:38.195,1.5776,1.5778,58.70,0.07
2007.09.04 06:53:38.254,1.5776,1.5778,55.50,2.40
2007.09.04 06:53:38.273,1.5776,1.5778,49.50,10.40
2007.09.04 06:53:39.129,1.5777,1.5778,4.90,10.40
2007.09.04 06:53:39.250,1.5776,1.5778,53.90,12.40
2007.09.04 06:53:39.702,1.5777,1.5778,0.60,10.00
2007.09.04 06:53:39.788,1.5776,1.5779,59.10,37.10
2007.09.04 06:53:40.017,1.5776,1.5779,59.90,37.10
2007.09.04 06:53:40.201,1.5776,1.5779,49.50,21.20
2007.09.04 06:53:40.310,1.5777,1.5779,15.10,14.80
2007.09.04 06:53:40.654,1.5777,1.5779,12.40,12.40
2007.09.04 06:53:40.726,1.5778,1.5779,1.80,12.40
2007.09.04 06:53:40.776,1.5777,1.5779,51.50,12.40
2007.09.04 06:53:41.714,1.5777,1.5779,41.10,12.40
2007.09.04 06:53:41.751,1.57765,1.5779,43.50,12.40
2007.09.04 06:53:41.835,1.5777,1.5779,18.10,12.40
2007.09.04 06:53:42.670,1.5776,1.5779,50.30,13.20
2007.09.04 06:53:43.093,1.5777,1.5779,11.30,15.60
2007.09.04 06:53:43.188,1.5776,1.5779,48.80,15.60
2007.09.04 06:53:43.201,1.5777,1.5779,10.30,31.50
2007.09.04 06:53:43.390,1.5777,1.5779,2.40,31.50
2007.09.04 06:53:46.088,1.5777,1.5779,3.80,30.70
2007.09.04 06:53:46.210,1.5777,1.5779,6.60,14.80
2007.09.04 06:53:46.281,1.5776,1.5779,43.90,12.40
2007.09.04 06:53:46.323,1.5777,1.5779,4.00,10.00
2007.09.04 06:53:46.581,1.5776,1.5779,42.40,10.00
2007.09.04 06:53:53.666,1.5777,1.5779,36.30,10.00
2007.09.04 06:53:53.678,1.5777,1.5779,36.30,10.80
2007.09.04 06:53:53.791,1.5777,1.5779,20.40,29.10
2007.09.04 06:53:55.733,1.5777,1.5779,8.30,29.10
2007.09.04 06:54:00.444,1.5777,1.5779,2.90,29.10
2007.09.04 06:54:00.650,1.5776,1.5779,55.20,29.10
2007.09.04 06:54:00.677,1.5776,1.5778,19.10,10.00
2007.09.04 06:54:00.747,1.5775,1.5778,58.90,12.40
2007.09.04 06:54:00.770,1.5775,1.5778,49.20,12.40
2007.09.04 06:54:00.855,1.5776,1.5778,9.80,12.40
2007.09.04 06:54:00.951,1.5776,1.5778,11.80,12.40
2007.09.04 06:54:01.086,1.5776,1.5778,2.10,17.20
2007.09.04 06:54:01.163,1.5775,1.5778,48.40,14.80
2007.09.04 06:54:01.206,1.5775,1.5778,52.00,6.80
2007.09.04 06:54:01.315,1.5776,1.5778,1.50,37.10
2007.09.04 06:54:01.360,1.5776,1.5778,2.20,37.10
2007.09.04 06:54:01.405,1.5776,1.5778,6.30,13.20
2007.09.04 06:54:01.674,1.5777,1.5778,3.00,15.60
2007.09.04 06:54:01.730,1.5777,1.5778,3.20,18.80
2007.09.04 06:54:01.849,1.5776,1.5778,37.50,12.40
2007.09.04 06:54:02.271,1.5776,1.5778,37.50,13.20
2007.09.04 06:54:02.340,1.5776,1.5778,0.80,13.20
2007.09.04 06:54:02.399,1.5776,1.5778,0.50,29.10
2007.09.04 06:54:02.685,1.5775,1.5778,29.80,28.30
2007.09.04 06:54:03.125,1.5775,1.5778,34.60,26.30
2007.09.04 06:54:03.150,1.5776,1.5778,9.60,23.90
2007.09.04 06:54:03.240,1.5777,1.5779,1.10,29.20
2007.09.04 06:54:03.347,1.5777,1.5779,6.70,48.30
2007.09.04 06:54:03.375,1.5777,1.5779,4.30,45.90
2007.09.04 06:54:03.442,1.5776,1.5779,51.60,18.00
2007.09.04 06:54:03.473,1.5776,1.5779,57.20,18.00
2007.09.04 06:54:03.675,1.5776,1.5779,57.30,18.00
2007.09.04 06:54:03.968,1.5777,1.5779,5.60,16.40
2007.09.04 06:54:04.695,1.5777,1.5779,16.80,16.40
2007.09.04 06:54:04.734,1.5776,1.5779,53.00,18.80
2007.09.04 06:54:04.805,1.5776,1.5779,53.00,18.80
2007.09.04 06:54:05.302,1.5777,1.5779,5.30,18.80
2007.09.04 06:54:05.390,1.57755,1.5779,56.40,34.70
2007.09.04 06:54:05.810,1.5776,1.5779,12.10,34.70
2007.09.04 06:54:06.240,1.57755,1.5779,54.80,35.50
2007.09.04 06:54:06.328,1.5776,1.5779,19.00,38.50
2007.09.04 06:54:06.783,1.5776,1.5779,23.80,39.30
2007.09.04 06:54:06.815,1.5776,1.5778,24.50,2.40
2007.09.04 06:54:06.858,1.5775,1.5778,66.90,2.40
2007.09.04 06:54:07.251,1.5776,1.5779,10.10,43.50
2007.09.04 06:54:07.291,1.5776,1.5779,11.00,37.90
2007.09.04 06:54:07.369,1.5775,1.5779,67.70,37.90
2007.09.04 06:54:07.443,1.57755,1.5779,54.80,35.50
2007.09.04 06:54:07.736,1.57755,1.5779,54.80,39.50
2007.09.04 06:54:07.818,1.5776,1.5779,20.50,39.50
2007.09.04 06:54:08.142,1.5775,1.5778,67.70,2.00
2007.09.04 06:54:08.186,1.5775,1.5778,66.90,4.40
2007.09.04 06:54:08.250,1.5776,1.5778,1.70,12.40
2007.09.04 06:54:08.413,1.5775,1.5778,53.10,12.40
2007.09.04 06:54:09.015,1.5776,1.5778,14.10,12.40
2007.09.04 06:54:14.686,1.5776,1.5778,41.20,10.00
2007.09.04 06:54:14.815,1.5777,1.5778,1.80,2.00
2007.09.04 06:54:15.308,1.5776,1.5778,45.00,2.00
2007.09.04 06:54:15.641,1.5776,1.5778,60.20,2.00
2007.09.04 06:54:15.761,1.5776,1.5779,48.10,14.80
2007.09.04 06:54:15.800,1.5776,1.5779,48.20,14.80
2007.09.04 06:54:15.867,1.5777,1.5779,1.70,12.40
2007.09.04 06:54:16.360,1.5777,1.5779,9.90,12.40
2007.09.04 06:54:16.417,1.5777,1.5779,2.00,16.40
2007.09.04 06:54:20.700,1.5776,1.5779,49.90,16.40
2007.09.04 06:54:20.822,1.5777,1.5779,11.60,17.20
2007.09.04 06:54:20.846,1.5776,1.5779,45.80,17.20
2007.09.04 06:54:20.922,1.5776,1.5779,51.40,19.60
2007.09.04 06:54:21.322,1.5777,1.5779,3.10,35.50
2007.09.04 06:54:21.354,1.5776,1.5779,17.50,35.50
2007.09.04 06:54:21.648,1.5776,1.5778,2.60,8.00
2007.09.04 06:54:21.664,1.57755,1.5778,56.40,10.40
2007.09.04 06:54:21.766,1.5776,1.5778,9.80,10.40
2007.09.04 06:54:21.858,1.5776,1.5778,11.10,10.40
2007.09.04 06:54:21.869,1.5775,1.5778,50.60,10.40
2007.09.04 06:54:22.190,1.5775,1.5778,50.60,12.40
2007.09.04 06:54:22.688,1.5777,1.5778,1.60,12.40
2007.09.04 06:54:22.712,1.5776,1.5778,43.40,4.40
2007.09.04 06:54:22.789,1.5776,1.5778,44.10,2.00
2007.09.04 06:54:23.222,1.5777,1.5778,2.40,10.00
2007.09.04 06:54:23.293,1.5776,1.5778,38.00,12.40
2007.09.04 06:54:23.338,1.5776,1.5778,50.00,12.40
2007.09.04 06:54:23.402,1.5777,1.5778,5.60,12.40
2007.09.04 06:54:24.314,1.5776,1.5778,39.50,12.40
2007.09.04 06:54:24.820,1.5776,1.5778,37.90,12.40
2007.09.04 06:54:27.074,1.5775,1.5778,49.70,12.40
2007.09.04 06:54:33.119,1.5776,1.5778,19.30,12.40
2007.09.04 06:54:33.200,1.5777,1.5778,1.30,10.00
2007.09.04 06:54:33.257,1.5776,1.5779,47.70,51.90
2007.09.04 06:54:33.301,1.5776,1.5779,47.70,51.90
2007.09.04 06:54:33.349,1.5777,1.5779,2.20,25.20
2007.09.04 06:54:33.663,1.5777,1.5779,1.60,38.70
2007.09.04 06:54:33.885,1.5776,1.5779,34.20,37.10
2007.09.04 06:54:34.086,1.5777,1.5779,4.00,36.30
2007.09.04 06:54:34.199,1.5776,1.5779,49.50,16.40
2007.09.04 06:54:34.409,1.5776,1.5779,49.50,12.40
2007.09.04 06:54:36.186,1.5776,1.5779,57.20,12.40
2007.09.04 06:54:39.239,1.5776,1.5779,49.00,12.40
2007.09.04 06:54:39.362,1.5776,1.5779,45.80,12.40
2007.09.04 06:54:39.650,1.5776,1.5779,45.80,13.20
2007.09.04 06:54:39.675,1.5776,1.5779,45.80,13.20
2007.09.04 06:54:39.758,1.57755,1.5778,41.90,8.00
2007.09.04 06:54:39.777,1.57755,1.5778,41.90,10.40
2007.09.04 06:54:40.071,1.5776,1.5778,19.00,10.40
2007.09.04 06:54:40.204,1.5776,1.5778,55.50,2.00
2007.09.04 06:54:40.295,1.5777,1.5778,2.40,2.00
2007.09.04 06:54:45.525,1.5776,1.5778,60.70,4.00
2007.09.04 06:54:47.216,1.5777,1.5779,15.00,19.20
2007.09.04 06:54:47.319,1.5777,1.5779,14.40,15.20
2007.09.04 06:54:47.670,1.5776,1.5779,47.10,15.20
2007.09.04 06:54:47.743,1.5776,1.5779,44.70,22.20
2007.09.04 06:54:48.120,1.5777,1.5779,0.50,0.90
2007.09.04 06:54:49.740,1.5777,1.5778,0.50,0.70
2007.09.04 06:54:49.747,1.5776,1.5779,56.70,45.30
2007.09.04 06:54:50.589,1.5776,1.5779,58.30,45.30
2007.09.04 06:55:26.642,1.5777,1.5778,8.00,12.00
2007.09.04 06:55:26.711,1.5777,1.5778,16.00,4.00
2007.09.04 06:55:27.648,1.5777,1.5779,20.00,39.10
2007.09.04 06:55:27.754,1.5777,1.5779,20.00,41.50
2007.09.04 06:55:28.078,1.5777,1.5779,20.00,40.70
2007.09.04 06:55:28.170,1.5777,1.5779,24.00,36.70
2007.09.04 06:55:28.277,1.5777,1.5779,40.00,14.40
2007.09.04 06:55:28.820,1.5777,1.5779,40.00,14.40
2007.09.04 06:55:36.187,1.5777,1.5779,36.00,21.40
2007.09.04 06:55:36.255,1.5777,1.5779,33.60,21.40
2007.09.04 06:55:36.310,1.5777,1.5779,25.60,21.40
2007.09.04 06:55:38.821,1.5777,1.5778,25.50,10.40
2007.09.04 06:55:38.831,1.5777,1.5778,25.60,2.40
2007.09.04 06:55:39.003,1.5777,1.5778,25.50,10.40
2007.09.04 06:55:43.134,1.5777,1.5778,5.60,14.40
2007.09.04 06:55:43.332,1.5777,1.5778,5.60,0.90
2007.09.04 06:55:44.177,1.5777,1.5779,9.60,42.10
2007.09.04 06:55:47.220,1.5776,1.5777,34.30,0.70
2007.09.04 06:55:47.287,1.5776,1.5778,32.00,28.00
2007.09.04 06:55:47.321,1.5776,1.5778,4.00,55.90
2007.09.04 06:55:47.404,1.5775,1.5778,43.90,55.90
2007.09.04 06:55:47.628,1.5775,1.5777,41.50,0.50
2007.09.04 06:55:47.703,1.5775,1.5777,41.50,0.90
2007.09.04 06:55:47.736,1.5775,1.5778,33.50,37.60
2007.09.04 06:55:47.831,1.5775,1.5777,17.60,0.60
2007.09.04 06:55:47.950,1.5775,1.5777,16.00,0.90
2007.09.04 06:55:48.160,1.5775,1.5778,16.00,51.60
2007.09.04 06:55:48.264,1.5775,1.5777,16.00,41.50
2007.09.04 06:55:48.678,1.5775,1.57775,24.00,39.10
2007.09.04 06:55:48.728,1.5775,1.57775,24.00,36.70
2007.09.04 06:55:48.784,1.5775,1.5777,39.90,0.80
2007.09.04 06:55:49.706,1.5775,1.5778,39.90,53.50
2007.09.04 06:55:49.746,1.5775,1.5777,39.90,0.90
2007.09.04 06:55:51.175,1.5775,1.5778,39.90,51.10
2007.09.04 06:55:51.202,1.5775,1.57785,39.90,56.70
2007.09.04 06:55:51.743,1.5775,1.5779,39.90,77.60
2007.09.04 06:55:52.138,1.5775,1.5778,39.90,58.30
2007.09.04 06:55:55.703,1.5775,1.5777,31.90,9.60
2007.09.04 06:55:55.717,1.5775,1.5777,27.90,11.20
2007.09.04 06:55:55.813,1.5774,1.5777,31.00,47.10
2007.09.04 06:55:55.894,1.5774,1.5776,28.60,0.60
2007.09.04 06:55:55.924,1.5774,1.57765,25.50,35.90
2007.09.04 06:55:56.011,1.5774,1.5776,24.70,0.50
2007.09.04 06:55:56.231,1.5774,1.5776,24.70,0.70
2007.09.04 06:55:56.756,1.5774,1.57765,23.10,39.90
2007.09.04 06:56:01.084,1.5774,1.57765,23.10,39.10
2007.09.04 06:56:01.195,1.5774,1.57765,25.50,32.70
2007.09.04 06:56:01.268,1.5774,1.5777,25.40,46.20
2007.09.04 06:56:01.304,1.5774,1.57775,57.40,31.10
2007.09.04 06:56:01.372,1.5774,1.57775,57.50,31.10
2007.09.04 06:56:01.397,1.5774,1.57775,58.30,30.30
2007.09.04 06:56:01.604,1.5775,1.5777,0.80,0.80
2007.09.04 06:56:01.673,1.5775,1.5777,3.20,0.50
2007.09.04 06:56:01.713,1.5775,1.57775,15.20,32.70
2007.09.04 06:56:01.813,1.5775,1.5778,15.20,61.10
2007.09.04 06:56:02.228,1.5775,1.5778,31.10,35.20
2007.09.04 06:56:02.283,1.5775,1.5777,36.70,0.50
2007.09.04 06:56:02.431,1.5775,1.5778,40.70,30.40
2007.09.04 06:56:03.213,1.5775,1.5778,40.70,27.20
2007.09.04 06:56:03.364,1.5775,1.57785,40.80,57.50
2007.09.04 06:56:03.387,1.5775,1.5779,52.80,63.60
2007.09.04 06:56:03.519,1.5776,1.5779,0.10,58.00
2007.09.04 06:56:03.709,1.5776,1.5778,0.10,0.60
2007.09.04 06:56:03.810,1.5776,1.57785,0.10,39.10
2007.09.04 06:56:04.139,1.5776,1.5778,0.90,41.50
2007.09.04 06:56:04.234,1.5776,1.5777,8.90,0.70
2007.09.04 06:56:04.242,1.5776,1.5778,16.90,41.50
2007.09.04 06:56:05.068,1.5776,1.5777,16.10,0.80
2007.09.04 06:56:05.185,1.5776,1.5777,16.90,0.80
2007.09.04 06:56:05.298,1.5776,1.5777,16.10,0.50
2007.09.04 06:56:08.113,1.5776,1.5778,16.90,41.50
2007.09.04 06:56:08.664,1.5776,1.5777,16.10,0.90
2007.09.04 06:56:08.677,1.5776,1.5778,13.70,41.50
2007.09.04 06:56:08.783,1.5776,1.5778,5.70,36.50
2007.09.04 06:56:09.699,1.5775,1.5777,46.30,0.50
2007.09.04 06:56:09.809,1.5775,1.5778,42.30,31.80
2007.09.04 06:56:09.918,1.5775,1.5778,40.70,31.80
2007.09.04 06:56:13.717,1.5776,1.5777,8.00,4.00
2007.09.04 06:56:13.727,1.5776,1.5777,16.00,4.00
2007.09.04 06:56:13.923,1.5776,1.5777,16.80,4.00
2007.09.04 06:56:14.135,1.5776,1.5777,16.90,4.00
2007.09.04 06:56:14.250,1.5776,1.5777,16.10,4.00
2007.09.04 06:56:15.063,1.5776,1.5777,16.90,4.00
2007.09.04 06:56:15.191,1.5776,1.5778,20.90,37.50
2007.09.04 06:56:16.702,1.5776,1.5778,20.90,35.10
2007.09.04 06:56:16.753,1.5777,1.5778,0.80,23.10
2007.09.04 06:56:16.960,1.5777,1.5778,0.80,20.70
2007.09.04 06:56:17.071,1.5777,1.5778,0.80,20.00
2007.09.04 06:56:17.179,1.5777,1.5778,16.80,16.00
2007.09.04 06:56:17.222,1.5777,1.5778,24.80,16.00
2007.09.04 06:56:17.276,1.5777,1.5779,40.80,26.40
2007.09.04 06:56:17.381,1.5777,1.5779,40.80,16.00
2007.09.04 06:56:17.476,1.5777,1.5779,40.00,16.00
2007.09.04 06:56:17.516,1.5777,1.5779,40.10,16.00
2007.09.04 06:56:17.804,1.5777,1.5779,40.10,14.40
2007.09.04 06:56:18.127,1.5777,1.5779,40.10,15.00
2007.09.04 06:56:18.676,1.5777,1.5779,24.10,15.00
2007.09.04 06:56:18.748,1.5777,1.5779,0.10,30.90
2007.09.04 06:56:18.769,1.5776,1.5779,35.30,30.90
2007.09.04 06:56:18.902,1.5776,1.5779,32.90,30.90
2007.09.04 06:56:18.971,1.5776,1.5779,33.00,30.90
2007.09.04 06:56:19.177,1.5776,1.5779,33.00,31.70
2007.09.04 06:56:19.270,1.5776,1.5779,58.50,34.10
2007.09.04 06:56:19.899,1.5776,1.5779,59.30,34.10
2007.09.04 06:56:21.130,1.5776,1.5779,59.30,33.30
2007.09.04 06:56:24.623,1.5776,1.5779,59.30,34.10
2007.09.04 06:56:25.060,1.5776,1.5778,58.50,0.60
2007.09.04 06:56:25.170,1.5776,1.5778,48.10,0.60
2007.09.04 06:56:25.242,1.5776,1.5778,40.10,0.60
2007.09.04 06:56:25.264,1.5776,1.5778,4.20,0.60
2007.09.04 06:56:25.354,1.5776,1.5778,4.10,0.60
2007.09.04 06:56:25.487,1.5776,1.5778,0.10,0.60
2007.09.04 06:56:25.553,1.5776,1.5778,0.20,0.60
2007.09.04 06:56:25.650,1.5776,1.5778,0.20,3.00
2007.09.04 06:56:25.698,1.5776,1.5778,0.10,26.90
2007.09.04 06:56:25.792,1.5776,1.5778,0.10,30.90
2007.09.04 06:56:26.219,1.5776,1.5778,0.10,34.90
2007.09.04 06:56:30.671,1.5775,1.5778,51.10,34.90
2007.09.04 06:56:31.624,1.5775,1.5778,59.80,34.90
2007.09.04 06:56:31.680,1.5776,1.5778,1.20,34.90
2007.09.04 06:56:31.775,1.5775,1.5778,61.40,34.90
2007.09.04 06:56:32.189,1.5776,1.5778,3.90,19.00
2007.09.04 06:56:32.229,1.5776,1.5778,17.70,19.00
2007.09.04 06:56:32.309,1.5775,1.5778,52.60,15.00
2007.09.04 06:56:33.642,1.5775,1.5778,49.40,15.00
2007.09.04 06:56:33.771,1.5776,1.5778,0.10,30.90
2007.09.04 06:56:34.183,1.5776,1.5778,7.90,30.90
2007.09.04 06:56:34.277,1.5776,1.5778,9.60,15.00
2007.09.04 06:56:34.400,1.5775,1.5778,50.10,15.00
2007.09.04 06:56:34.482,1.5775,1.5778,50.10,15.00
2007.09.04 06:56:35.219,1.5775,1.5778,54.90,15.00
2007.09.04 06:56:35.314,1.5776,1.5778,1.90,15.00
2007.09.04 06:56:54.916,1.5775,1.5778,55.90,15.00
2007.09.04 06:56:55.207,1.5775,1.5778,55.90,15.00
2007.09.04 06:56:58.136,1.5775,1.5778,55.90,15.00
2007.09.04 06:56:58.165,1.5775,1.5778,56.00,15.00
2007.09.04 06:56:59.388,1.5776,1.5778,39.90,15.00
2007.09.04 06:56:59.400,1.5776,1.5778,39.90,15.00
2007.09.04 06:57:00.107,1.5776,1.5777,39.90,0.10
2007.09.04 06:57:00.918,1.5776,1.5777,40.00,0.10
2007.09.04 06:57:01.016,1.5776,1.5777,40.20,0.10
2007.09.04 06:57:04.740,1.5775,1.5777,56.20,0.10
2007.09.04 06:57:23.145,1.5776,1.5777,5.70,0.10
2007.09.04 06:57:23.777,1.5776,1.5777,17.80,0.10
2007.09.04 06:57:23.872,1.5775,1.5777,55.20,0.10
2007.09.04 06:57:23.960,1.5775,1.5778,55.20,15.00
2007.09.04 06:57:33.067,1.5776,1.5778,40.00,14.40
2007.09.04 06:57:33.182,1.5776,1.5778,40.80,2.40
2007.09.04 06:57:33.255,1.5776,1.5779,40.80,49.30
2007.09.04 06:57:33.292,1.5777,1.5779,4.00,49.30
2007.09.04 06:57:33.325,1.5777,1.5779,4.00,46.90
2007.09.04 06:57:33.694,1.5777,1.5779,4.00,53.30
2007.09.04 06:57:33.805,1.5777,1.5779,4.00,38.90
2007.09.04 06:57:33.921,1.5777,1.5779,4.00,30.90
2007.09.04 06:57:34.180,1.5777,1.5779,6.40,30.90
2007.09.04 06:57:34.260,1.5777,1.5779,30.30,15.00
2007.09.04 06:57:34.283,1.5777,1.5779,35.90,15.00
2007.09.04 06:57:35.191,1.5777,1.5779,39.90,15.00
2007.09.04 06:57:36.118,1.5777,1.5778,39.90,0.60
2007.09.04 06:57:36.237,1.5777,1.5779,27.90,22.00
2007.09.04 06:57:36.250,1.5777,1.5779,25.50,22.00
2007.09.04 06:57:36.653,1.5777,1.5779,21.50,22.00
2007.09.04 06:57:36.664,1.5777,1.5778,15.90,2.40
2007.09.04 06:57:36.749,1.5776,1.5778,34.40,10.40
2007.09.04 06:57:36.816,1.5776,1.5778,32.00,10.40
2007.09.04 06:57:36.881,1.5776,1.5778,55.90,10.40
2007.09.04 06:57:37.091,1.5776,1.5778,55.90,11.80
2007.09.04 06:57:37.177,1.5776,1.5777,20.00,4.00
2007.09.04 06:57:37.287,1.5776,1.5777,16.00,4.00
2007.09.04 06:57:37.693,1.5776,1.5777,16.00,4.60
2007.09.04 06:57:38.737,1.5776,1.5777,16.00,4.00
2007.09.04 06:57:40.064,1.5776,1.5777,16.50,4.00
2007.09.04 06:57:40.639,1.5776,1.5778,20.50,41.30
2007.09.04 06:57:40.747,1.5776,1.5778,41.10,15.00
2007.09.04 06:57:40.887,1.5776,1.5778,40.50,15.00
2007.09.04 06:57:41.056,1.5776,1.5778,41.10,15.00
2007.09.04 06:57:41.190,1.5776,1.5778,41.70,15.00
2007.09.04 06:57:42.320,1.5776,1.5777,41.70,0.60
2007.09.04 06:57:46.701,1.5776,1.5777,33.70,0.60
2007.09.04 06:57:47.113,1.5776,1.5778,33.70,22.20
2007.09.04 06:57:47.222,1.5776,1.5777,17.10,4.00
2007.09.04 06:57:47.250,1.5776,1.5777,16.50,4.00
2007.09.04 06:57:47.345,1.5776,1.5777,16.00,4.00
2007.09.04 06:57:47.464,1.5776,1.5777,16.50,4.00
2007.09.04 06:57:47.698,1.5776,1.5778,20.50,41.30
2007.09.04 06:57:47.749,1.5776,1.5778,24.50,37.30
2007.09.04 06:57:48.075,1.5776,1.5778,24.50,34.90
2007.09.04 06:57:48.279,1.5776,1.5778,41.00,15.00
2007.09.04 06:57:48.449,1.5776,1.5778,41.50,15.00
2007.09.04 06:57:48.513,1.5776,1.5778,41.00,15.00
2007.09.04 06:57:48.712,1.5776,1.5778,41.50,15.00
2007.09.04 06:57:48.723,1.5776,1.5778,44.50,15.00
2007.09.04 06:57:49.029,1.5776,1.5778,44.50,14.40
2007.09.04 06:57:49.146,1.5776,1.5778,44.50,10.40
2007.09.04 06:57:49.218,1.5776,1.5778,44.50,8.00
2007.09.04 06:57:49.240,1.5776,1.5779,44.50,53.30
2007.09.04 06:57:49.731,1.5776,1.5779,44.00,53.30
2007.09.04 06:57:49.748,1.5776,1.5779,43.40,50.90
2007.09.04 06:57:49.776,1.5776,1.5779,60.20,33.30
2007.09.04 06:57:49.936,1.5776,1.5779,60.70,33.30
2007.09.04 06:57:49.996,1.57765,1.5779,0.50,33.30
2007.09.04 06:57:50.319,1.57765,1.5779,0.50,30.90
2007.09.04 06:57:50.853,1.57765,1.5779,0.50,33.30
2007.09.04 06:57:51.366,1.57765,1.5779,0.50,30.90
2007.09.04 06:57:52.319,1.57765,1.5779,0.50,30.30
2007.09.04 06:57:53.157,1.5777,1.5779,0.80,30.30
2007.09.04 06:57:53.235,1.5777,1.5779,8.80,27.90
2007.09.04 06:57:53.280,1.5777,1.5779,40.00,4.00
2007.09.04 06:57:53.555,1.5777,1.5779,40.30,4.00
2007.09.04 06:57:53.641,1.5777,1.5779,40.60,4.00
2007.09.04 06:57:53.884,1.5777,1.5779,41.40,4.00
2007.09.04 06:57:53.920,1.5778,1.578,10.40,50.10
2007.09.04 06:57:54.252,1.5779,1.578,4.00,48.70
2007.09.04 06:57:54.270,1.5779,1.578,12.00,46.30
2007.09.04 06:57:54.351,1.5779,1.578,20.00,2.40
2007.09.04 06:57:54.680,1.5779,1.57805,20.00,2.40
2007.09.04 06:57:54.776,1.5779,1.578,16.00,4.00
2007.09.04 06:57:57.238,1.5779,1.578,8.00,4.00
2007.09.04 06:57:57.252,1.57785,1.578,0.30,4.00
2007.09.04 06:58:01.219,1.57785,1.5781,0.30,26.20
2007.09.04 06:58:03.202,1.5779,1.578,2.40,0.90
2007.09.04 06:58:03.234,1.5779,1.57815,14.40,58.90
2007.09.04 06:58:03.339,1.5779,1.57815,14.70,56.50
2007.09.04 06:58:03.413,1.5779,1.5782,20.30,66.90
2007.09.04 06:58:03.460,1.5779,1.5782,36.20,38.50
2007.09.04 06:58:03.621,1.5779,1.5782,36.50,38.50
2007.09.04 06:58:03.635,1.5779,1.5782,36.80,38.50
2007.09.04 06:58:03.659,1.5779,1.5781,36.80,0.70
2007.09.04 06:58:03.724,1.5779,1.5781,36.80,0.50
2007.09.04 06:58:03.775,1.5779,1.5781,36.80,0.80
2007.09.04 06:58:04.090,1.5779,1.5782,36.80,31.90
2007.09.04 06:58:04.206,1.578,1.5781,8.00,0.80
2007.09.04 06:58:04.244,1.578,1.5782,16.00,28.60
2007.09.04 06:58:04.397,1.578,1.5782,16.00,32.70
2007.09.04 06:58:04.726,1.578,1.57825,31.90,33.40
2007.09.04 06:58:04.836,1.578,1.5782,31.90,27.60
2007.09.04 06:58:04.979,1.578,1.5781,32.20,0.60
2007.09.04 06:58:05.144,1.578,1.5782,32.20,0.80
2007.09.04 06:58:05.179,1.578,1.5781,29.50,0.60
2007.09.04 06:58:05.239,1.578,1.5781,13.60,0.50
2007.09.04 06:58:05.279,1.578,1.5782,8.00,43.00
2007.09.04 06:58:05.360,1.578,1.5782,4.00,47.00
2007.09.04 06:58:05.675,1.578,1.5782,4.00,47.00
2007.09.04 06:58:05.791,1.5779,1.5782,36.50,33.80
2007.09.04 06:58:05.890,1.5779,1.5782,36.50,33.80
2007.09.04 06:58:05.915,1.5779,1.5781,36.50,0.60
2007.09.04 06:58:06.203,1.5779,1.5782,28.50,56.10
2007.09.04 06:58:06.217,1.5779,1.5783,20.50,61.60
2007.09.04 06:58:06.341,1.578,1.5782,12.00,0.60
2007.09.04 06:58:06.727,1.5779,1.5783,43.70,46.20
2007.09.04 06:58:06.746,1.5779,1.5782,51.70,0.50
2007.09.04 06:58:06.847,1.5779,1.5783,54.90,49.40
2007.09.04 06:58:06.871,1.5779,1.57825,54.90,35.10
2007.09.04 06:58:07.056,1.5779,1.5782,54.90,0.60
2007.09.04 06:58:07.160,1.5779,1.5782,52.50,0.60
2007.09.04 06:58:07.261,1.5779,1.57825,46.90,35.30
2007.09.04 06:58:07.293,1.5779,1.57825,7.00,48.90
2007.09.04 06:58:07.377,1.5779,1.57825,3.00,48.90
2007.09.04 06:58:07.485,1.578,1.5782,0.30,0.90
2007.09.04 06:58:07.695,1.578,1.5783,0.30,64.00
2007.09.04 06:58:07.777,1.578,1.5782,5.60,50.50
2007.09.04 06:58:07.799,1.578,1.5782,21.50,25.80
2007.09.04 06:58:07.965,1.578,1.5782,21.50,25.80
2007.09.04 06:58:08.109,1.578,1.5782,21.50,30.40
2007.09.04 06:58:08.186,1.578,1.5782,15.90,30.40
2007.09.04 06:58:08.215,1.5779,1.5782,11.00,45.70
2007.09.04 06:58:08.340,1.5779,1.5781,3.00,0.70
2007.09.04 06:58:08.827,1.5779,1.5782,3.00,51.00
2007.09.04 06:58:08.978,1.5779,1.5782,0.60,47.30
2007.09.04 06:58:09.201,1.5779,1.578,0.60,0.50
2007.09.04 06:58:09.291,1.5779,1.5781,0.30,31.20
2007.09.04 06:58:09.395,1.57785,1.578,0.30,0.50
2007.09.04 06:58:11.727,1.5779,1.5781,5.60,30.40
2007.09.04 06:58:12.250,1.5779,1.5781,2.40,43.10
2007.09.04 06:58:12.262,1.5779,1.5781,10.40,55.10
2007.09.04 06:58:12.754,1.5779,1.5781,16.00,55.10
2007.09.04 06:58:18.135,1.5779,1.5781,20.00,44.10
2007.09.04 06:58:18.425,1.5779,1.5781,20.00,0.60
2007.09.04 06:58:18.662,1.5779,1.5781,16.00,41.70
2007.09.04 06:58:23.708,1.5779,1.5781,20.00,0.50
2007.09.04 06:58:24.337,1.5779,1.57815,20.00,43.10
2007.09.04 06:58:29.572,1.57785,1.5781,20.40,40.70
2007.09.04 06:58:30.215,1.57785,1.578,16.40,4.00
2007.09.04 06:58:30.725,1.5779,1.5781,5.60,32.70
2007.09.04 06:58:30.766,1.57785,1.5781,20.40,30.30
2007.09.04 06:58:30.832,1.5779,1.5781,4.80,27.90
2007.09.04 06:58:31.193,1.5779,1.5781,6.40,30.30
2007.09.04 06:58:31.247,1.57785,1.5781,20.40,38.30
2007.09.04 06:58:31.465,1.5779,1.5781,7.30,40.70
2007.09.04 06:58:43.534,1.5779,1.5781,9.00,42.30
2007.09.04 06:58:43.544,1.57785,1.5781,20.40,43.90
2007.09.04 06:58:43.867,1.5779,1.5781,8.50,45.50
2007.09.04 06:58:53.141,1.5778,1.578,59.70,4.00
2007.09.04 06:58:54.695,1.5779,1.5781,0.80,43.90
2007.09.04 06:58:54.724,1.5778,1.5781,59.70,42.30
2007.09.04 06:58:54.743,1.5779,1.5781,9.80,40.70
2007.09.04 06:58:54.810,1.5779,1.5781,0.60,14.40
2007.09.04 06:59:13.000,1.5779,1.5781,35.90,14.60
2007.09.04 06:59:13.151,1.5779,1.5781,33.50,14.60
2007.09.04 06:59:13.210,1.5779,1.5781,29.50,17.00
2007.09.04 06:59:13.306,1.5779,1.5781,29.50,18.60
2007.09.04 06:59:13.359,1.5779,1.5781,23.90,18.60
2007.09.04 06:59:13.424,1.5778,1.5781,32.00,34.50
2007.09.04 06:59:13.492,1.5778,1.57805,32.00,1.60
2007.09.04 06:59:13.638,1.5778,1.578,32.00,1.60
2007.09.04 06:59:13.722,1.5778,1.578,41.50,3.20
2007.09.04 06:59:13.778,1.5778,1.578,41.50,4.80
2007.09.04 06:59:13.830,1.5778,1.578,39.90,4.80
2007.09.04 06:59:14.081,1.5778,1.578,39.90,3.20
2007.09.04 06:59:14.257,1.5778,1.578,39.90,7.20
2007.09.04 06:59:14.486,1.5778,1.578,39.90,8.80
2007.09.04 06:59:16.238,1.5779,1.578,2.40,8.80
2007.09.04 06:59:16.288,1.5779,1.578,10.40,7.20
2007.09.04 06:59:16.338,1.5779,1.578,16.00,7.20
2007.09.04 06:59:16.354,1.5779,1.578,16.00,5.60
2007.09.04 06:59:16.547,1.5779,1.578,16.00,4.00
2007.09.04 06:59:16.714,1.5779,1.578,8.00,4.00
2007.09.04 06:59:16.742,1.5779,1.578,5.60,4.00
2007.09.04 06:59:16.815,1.5779,1.578,5.60,5.80
2007.09.04 06:59:16.894,1.5779,1.578,5.60,7.40
2007.09.04 06:59:17.176,1.5779,1.578,5.60,9.00
2007.09.04 06:59:17.280,1.5778,1.578,53.50,9.00
2007.09.04 06:59:17.336,1.5778,1.578,41.50,9.00
2007.09.04 06:59:17.853,1.5778,1.578,39.90,9.00
2007.09.04 06:59:22.683,1.5778,1.578,35.90,21.00
2007.09.04 06:59:22.692,1.5778,1.578,35.90,21.80
2007.09.04 06:59:22.773,1.5778,1.57795,35.90,1.60
2007.09.04 06:59:22.790,1.5778,1.57795,20.00,1.60
2007.09.04 06:59:23.722,1.5778,1.5779,16.00,4.00
2007.09.04 06:59:24.673,1.5778,1.5779,16.00,8.00
2007.09.04 06:59:24.685,1.5778,1.5779,8.00,8.00
2007.09.04 06:59:24.764,1.5777,1.5779,40.50,8.00
2007.09.04 06:59:25.287,1.5777,1.5779,24.60,29.50
2007.09.04 06:59:25.356,1.5777,1.5779,24.60,31.10
2007.09.04 06:59:25.390,1.5777,1.5779,24.60,32.70
2007.09.04 06:59:25.919,1.5777,1.5779,23.00,32.70
2007.09.04 06:59:26.108,1.5777,1.5779,23.00,34.30
2007.09.04 06:59:26.212,1.5777,1.5779,23.00,32.70
2007.09.04 06:59:26.333,1.5777,1.5779,42.90,7.20
2007.09.04 06:59:26.397,1.5777,1.5779,42.90,4.00
2007.09.04 06:59:26.627,1.5777,1.57795,42.90,1.60
2007.09.04 06:59:26.729,1.5778,1.57795,8.00,1.60
2007.09.04 06:59:26.755,1.5778,1.5779,16.00,4.00
2007.09.04 06:59:27.237,1.5778,1.5779,8.00,6.40
2007.09.04 06:59:27.321,1.5777,1.5779,41.50,14.40
2007.09.04 06:59:27.644,1.5777,1.5779,33.50,14.60
2007.09.04 06:59:27.647,1.5777,1.5779,31.10,14.60
2007.09.04 06:59:27.742,1.5777,1.5779,7.20,36.10
2007.09.04 06:59:27.752,1.5777,1.5779,1.60,36.10
2007.09.04 06:59:27.843,1.5776,1.5779,60.50,36.10
2007.09.04 06:59:27.936,1.5776,1.5779,58.10,37.70
2007.09.04 06:59:28.154,1.5777,1.5779,15.00,29.50
2007.09.04 06:59:28.165,1.5777,1.5779,17.40,28.70
2007.09.04 06:59:28.293,1.5777,1.5779,17.40,27.10
2007.09.04 06:59:28.370,1.5777,1.5779,33.30,11.20
2007.09.04 06:59:28.462,1.5777,1.5779,38.90,11.20
2007.09.04 06:59:28.499,1.5777,1.5779,38.90,9.60
2007.09.04 06:59:28.569,1.5777,1.5779,38.90,8.00
2007.09.04 06:59:30.351,1.5777,1.5779,23.00,23.90
2007.09.04 06:59:30.441,1.5777,1.5779,17.40,23.90
2007.09.04 06:59:30.655,1.5777,1.5779,13.40,29.70
2007.09.04 06:59:30.754,1.5777,1.5779,2.40,37.70
2007.09.04 06:59:30.771,1.5776,1.5779,51.70,40.10
2007.09.04 06:59:30.866,1.5776,1.5779,51.70,41.70
2007.09.04 06:59:30.870,1.5776,1.5779,50.90,43.30
2007.09.04 06:59:31.315,1.5776,1.5778,31.00,14.40
2007.09.04 06:59:31.493,1.5776,1.5778,44.50,14.40
2007.09.04 06:59:32.090,1.5776,1.5778,44.50,16.00
2007.09.04 06:59:32.198,1.5776,1.5778,44.50,13.60
2007.09.04 06:59:32.223,1.5776,1.5778,51.90,1.60
2007.09.04 06:59:32.333,1.5776,1.5778,55.90,1.60
2007.09.04 06:59:32.646,1.5776,1.5778,49.50,1.80
2007.09.04 06:59:32.714,1.5776,1.5778,41.50,4.20
2007.09.04 06:59:32.752,1.5776,1.5778,1.60,29.70
2007.09.04 06:59:32.844,1.5775,1.5778,38.20,29.70
2007.09.04 06:59:32.911,1.5775,1.5778,38.20,28.10
2007.09.04 06:59:33.055,1.5775,1.5778,60.50,28.10
2007.09.04 06:59:33.119,1.5775,1.5778,60.50,29.70
2007.09.04 06:59:33.166,1.5776,1.5778,7.00,33.50
2007.09.04 06:59:33.235,1.5776,1.5778,9.40,33.50
2007.09.04 06:59:33.335,1.5776,1.5778,17.40,31.90
2007.09.04 06:59:33.427,1.5776,1.5778,33.30,16.00
2007.09.04 06:59:33.435,1.5776,1.5778,38.90,16.00
2007.09.04 06:59:33.531,1.5776,1.5778,38.90,14.40
2007.09.04 06:59:33.850,1.5776,1.5778,38.90,16.00
2007.09.04 06:59:36.127,1.5776,1.5778,38.90,16.20
2007.09.04 06:59:36.211,1.5776,1.5778,36.50,16.20
2007.09.04 06:59:36.255,1.5776,1.5778,33.50,16.20
2007.09.04 06:59:36.316,1.5776,1.5778,27.90,16.20
2007.09.04 06:59:36.360,1.5775,1.5778,27.80,33.70
2007.09.04 06:59:36.407,1.5775,1.5778,27.80,32.10
2007.09.04 06:59:36.530,1.5775,1.5778,27.80,33.70
2007.09.04 06:59:36.768,1.5775,1.5778,34.20,33.70
2007.09.04 06:59:37.337,1.5775,1.5778,34.20,35.30
2007.09.04 06:59:37.393,1.5775,1.5778,59.70,37.70
2007.09.04 06:59:37.640,1.5775,1.5778,58.90,38.50
2007.09.04 06:59:37.722,1.5775,1.5777,58.90,0.20
2007.09.04 06:59:37.768,1.5775,1.5776,50.90,2.40
2007.09.04 06:59:37.833,1.57745,1.5776,2.40,18.40
2007.09.04 06:59:37.934,1.57745,1.5776,2.40,16.00
2007.09.04 06:59:37.945,1.5774,1.5776,42.30,17.60
2007.09.04 06:59:38.038,1.5774,1.5776,42.30,17.80
2007.09.04 06:59:38.198,1.5774,1.5776,39.90,17.80
2007.09.04 06:59:38.232,1.5774,1.5776,37.50,17.80
2007.09.04 06:59:38.333,1.5774,1.5776,37.50,21.80
2007.09.04 06:59:38.456,1.5774,1.5776,21.60,37.70
2007.09.04 06:59:38.663,1.5774,1.5776,21.60,40.10
2007.09.04 06:59:38.759,1.5774,1.5775,17.60,4.00
2007.09.04 06:59:38.860,1.5774,1.5775,16.00,4.00
2007.09.04 06:59:39.168,1.5774,1.5775,8.00,4.00
2007.09.04 06:59:39.284,1.5774,1.5775,5.60,4.00
2007.09.04 06:59:39.689,1.5774,1.5775,8.00,4.00
2007.09.04 06:59:39.724,1.5774,1.5775,16.00,4.00
2007.09.04 06:59:40.071,1.5774,1.5776,16.00,41.70
2007.09.04 06:59:40.148,1.5774,1.57765,16.00,48.10
2007.09.04 06:59:40.257,1.5774,1.57765,20.00,48.10
2007.09.04 06:59:40.344,1.5774,1.57765,20.00,45.70
2007.09.04 06:59:40.774,1.5774,1.5777,20.00,54.80
2007.09.04 06:59:41.093,1.5774,1.5777,20.00,55.70
2007.09.04 06:59:41.182,1.5774,1.5777,20.00,53.30
2007.09.04 06:59:41.227,1.5774,1.5776,20.00,0.90
2007.09.04 06:59:41.603,1.5774,1.5776,20.00,0.70
2007.09.04 06:59:42.214,1.5774,1.5777,20.00,49.30
2007.09.04 06:59:43.169,1.5774,1.5776,20.00,0.50
2007.09.04 06:59:43.415,1.5774,1.5776,20.00,0.60
2007.09.04 06:59:43.465,1.5774,1.5776,20.00,0.50
2007.09.04 06:59:43.611,1.5774,1.5776,20.00,0.50
2007.09.04 06:59:43.658,1.5775,1.5776,8.00,0.50
2007.09.04 06:59:43.724,1.5775,1.5776,16.00,0.80
2007.09.04 06:59:43.782,1.5775,1.5776,16.00,0.80
2007.09.04 06:59:43.817,1.5775,1.5777,16.00,33.40
2007.09.04 06:59:43.914,1.5775,1.57765,16.00,1.60
2007.09.04 06:59:44.037,1.5775,1.5777,16.00,28.10
2007.09.04 06:59:44.331,1.5775,1.57765,35.90,0.80
2007.09.04 06:59:44.340,1.5775,1.57765,35.90,1.60
2007.09.04 06:59:44.453,1.5775,1.5778,35.90,31.60
2007.09.04 06:59:44.656,1.5776,1.5778,8.00,30.80
2007.09.04 06:59:44.726,1.5776,1.5777,16.00,0.50
2007.09.04 06:59:44.747,1.5776,1.5778,16.00,43.50
2007.09.04 06:59:44.892,1.5776,1.57775,16.00,1.80
2007.09.04 06:59:44.950,1.5776,1.5777,16.00,0.20
2007.09.04 06:59:45.130,1.5776,1.5777,20.00,0.20
2007.09.04 06:59:46.241,1.5776,1.57775,16.00,5.00
2007.09.04 06:59:46.715,1.5776,1.57775,8.00,5.00
2007.09.04 06:59:46.776,1.5775,1.5777,38.30,0.80
2007.09.04 06:59:46.870,1.5775,1.5777,35.90,0.50
2007.09.04 06:59:48.184,1.5775,1.5778,30.30,57.20
2007.09.04 06:59:48.220,1.5775,1.5777,14.40,0.70
2007.09.04 06:59:48.667,1.5775,1.5777,14.40,0.70
2007.09.04 06:59:48.687,1.5775,1.5778,12.00,47.00
2007.09.04 06:59:48.730,1.5774,1.5777,54.30,0.50
2007.09.04 06:59:49.156,1.5774,1.5778,50.30,46.70
2007.09.04 06:59:49.199,1.5774,1.5777,47.90,0.60
2007.09.04 06:59:49.265,1.5774,1.5778,39.90,45.80
2007.09.04 06:59:49.361,1.5774,1.5777,35.90,26.80
2007.09.04 06:59:49.405,1.5774,1.5777,30.30,25.90
2007.09.04 06:59:49.474,1.5774,1.5776,2.40,0.90
2007.09.04 06:59:49.603,1.5774,1.5777,2.40,37.90
2007.09.04 06:59:50.124,1.5774,1.5777,2.40,38.80
2007.09.04 06:59:50.190,1.5774,1.5776,2.40,0.80
2007.09.04 06:59:50.307,1.57735,1.5776,2.40,0.50
2007.09.04 06:59:50.475,1.5773,1.5776,29.40,0.80
2007.09.04 06:59:50.724,1.5773,1.5777,52.50,41.40
2007.09.04 06:59:50.824,1.5773,1.5776,46.90,0.90
2007.09.04 06:59:50.937,1.5773,1.5777,44.50,49.40
2007.09.04 06:59:51.142,1.5773,1.5776,44.50,0.80
2007.09.04 06:59:51.237,1.5773,1.5776,16.60,0.90
2007.09.04 06:59:51.256,1.5773,1.5777,11.00,63.00
2007.09.04 06:59:51.348,1.5773,1.5777,7.00,63.00
2007.09.04 06:59:51.379,1.5773,1.5776,7.00,49.20
2007.09.04 06:59:51.661,1.5774,1.5776,2.40,48.30
2007.09.04 06:59:51.710,1.5774,1.57755,10.40,0.90
2007.09.04 06:59:51.766,1.5774,1.5776,16.00,33.20
2007.09.04 06:59:52.250,1.5774,1.57755,20.00,1.10
2007.09.04 06:59:59.164,1.5774,1.5775,16.00,0.80
2007.09.04 06:59:59.793,1.5774,1.57755,16.00,4.90
