2011.08.25 05:00:00.283,1.1088,1.10896,3.00,1.50
2011.08.25 05:00:01.004,1.10883,1.10898,1.50,1.88
2011.08.25 05:00:01.233,1.10884,1.10898,2.25,1.50
2011.08.25 05:00:01.355,1.10885,1.10899,1.50,1.35
2011.08.25 05:00:01.696,1.10882,1.10899,1.50,1.13
2011.08.25 05:00:02.033,1.1088,1.10898,3.00,1.88
2011.08.25 05:00:02.266,1.10883,1.10899,1.50,2.10
2011.08.25 05:00:03.373,1.10881,1.10897,1.50,1.50
2011.08.25 05:00:07.826,1.1088,1.10897,1.50,2.48
2011.08.25 05:00:07.943,1.1088,1.10896,1.50,2.10
2011.08.25 05:00:08.503,1.1088,1.10894,1.50,1.13
2011.08.25 05:00:08.844,1.10875,1.10892,2.25,1.13
2011.08.25 05:00:09.247,1.10875,1.10891,2.25,1.73
2011.08.25 05:00:09.715,1.10872,1.1089,1.50,1.35
2011.08.25 05:00:09.837,1.10871,1.10888,2.25,1.13
2011.08.25 05:00:10.395,1.10868,1.10887,1.50,2.10
2011.08.25 05:00:10.515,1.10868,1.10888,1.50,1.73
2011.08.25 05:00:11.292,1.10868,1.10887,2.63,1.35
2011.08.25 05:00:11.524,1.10868,1.10884,2.63,1.35
2011.08.25 05:00:12.083,1.10867,1.10883,2.25,1.13
2011.08.25 05:00:13.342,1.10867,1.10882,2.25,1.50
2011.08.25 05:00:13.577,1.10864,1.10882,1.88,1.88
2011.08.25 05:00:13.694,1.10864,1.10882,1.50,2.25
2011.08.25 05:00:13.926,1.10863,1.10879,1.50,1.50
2011.08.25 05:00:14.153,1.10864,1.1088,1.50,1.88
2011.08.25 05:00:15.481,1.10864,1.1088,1.50,1.88
2011.08.25 05:00:18.746,1.10864,1.10878,1.50,1.50
2011.08.25 05:00:21.515,1.10864,1.10879,1.50,1.50
2011.08.25 05:00:21.634,1.10864,1.1088,1.50,1.50
2011.08.25 05:00:22.192,1.10864,1.1088,1.50,1.50
2011.08.25 05:00:22.786,1.10867,1.10882,1.50,1.35
2011.08.25 05:00:23.123,1.10871,1.10885,1.50,1.73
2011.08.25 05:00:23.763,1.10871,1.10885,1.50,2.10
2011.08.25 05:00:26.761,1.10871,1.10884,1.50,1.13
2011.08.25 05:00:26.872,1.10871,1.10885,1.50,1.35
2011.08.25 05:00:27.495,1.10871,1.10885,1.50,2.10
2011.08.25 05:00:28.053,1.10869,1.10884,1.50,1.50
2011.08.25 05:00:30.804,1.10869,1.10883,1.50,1.13
2011.08.25 05:00:31.363,1.10866,1.10881,1.50,1.50
2011.08.25 05:00:32.071,1.10866,1.1088,1.50,1.88
2011.08.25 05:00:32.181,1.10866,1.1088,1.50,1.13
2011.08.25 05:00:32.292,1.10866,1.1088,1.50,1.13
2011.08.25 05:00:33.234,1.10863,1.10879,1.50,1.50
2011.08.25 05:00:33.795,1.10859,1.10878,1.50,1.13
2011.08.25 05:00:33.915,1.10859,1.10878,1.50,1.88
2011.08.25 05:00:34.035,1.10858,1.10877,1.50,1.50
2011.08.25 05:00:34.153,1.10858,1.10878,1.50,2.63
2011.08.25 05:00:34.492,1.10859,1.10878,1.50,1.13
2011.08.25 05:00:35.302,1.10859,1.10878,1.50,1.50
2011.08.25 05:00:36.952,1.10859,1.10877,1.50,1.13
2011.08.25 05:00:40.226,1.10858,1.10877,2.25,2.25
2011.08.25 05:00:42.683,1.10858,1.10874,1.50,1.50
2011.08.25 05:00:43.245,1.10854,1.10872,1.50,2.25
2011.08.25 05:00:43.365,1.10853,1.10872,1.50,2.63
2011.08.25 05:00:44.932,1.10853,1.10871,1.50,2.25
2011.08.25 05:00:46.468,1.10853,1.10871,1.50,1.13
2011.08.25 05:00:52.848,1.10856,1.10872,2.25,1.88
2011.08.25 05:00:52.973,1.10858,1.10876,1.50,1.50
2011.08.25 05:00:53.094,1.10861,1.10876,1.50,1.50
2011.08.25 05:00:53.653,1.10861,1.10879,1.50,1.50
2011.08.25 05:00:54.237,1.10861,1.10881,1.50,4.13
2011.08.25 05:00:54.355,1.10861,1.10879,1.50,1.13
2011.08.25 05:00:54.724,1.10861,1.10879,1.50,1.13
2011.08.25 05:00:54.952,1.10861,1.10879,1.50,1.13
2011.08.25 05:00:55.664,1.10861,1.10879,1.50,1.13
2011.08.25 05:00:56.594,1.10861,1.10881,3.00,3.75
2011.08.25 05:00:57.783,1.10861,1.10881,3.00,3.75
2011.08.25 05:00:58.835,1.10863,1.10882,2.25,1.88
2011.08.25 05:00:59.392,1.10862,1.10882,3.00,1.88
2011.08.25 05:01:00.132,1.10862,1.10882,2.25,2.63
2011.08.25 05:01:00.692,1.10862,1.10881,1.50,2.25
2011.08.25 05:01:03.425,1.10862,1.1088,1.50,1.50
2011.08.25 05:01:03.984,1.10862,1.10879,1.50,1.88
2011.08.25 05:01:06.493,1.10861,1.10878,1.50,1.50
2011.08.25 05:01:06.723,1.10859,1.10878,3.00,1.50
2011.08.25 05:01:07.283,1.10859,1.10876,2.25,1.50
2011.08.25 05:01:07.626,1.10859,1.10876,2.25,1.50
2011.08.25 05:01:07.744,1.10859,1.10876,1.50,1.50
2011.08.25 05:01:07.863,1.10857,1.10876,1.88,1.50
2011.08.25 05:01:08.202,1.10859,1.10876,1.50,1.50
2011.08.25 05:01:08.543,1.10859,1.10875,1.50,1.13
2011.08.25 05:01:09.103,1.10859,1.10876,1.50,1.50
2011.08.25 05:01:09.661,1.10859,1.10877,1.50,2.63
2011.08.25 05:01:12.282,1.10861,1.10877,1.50,2.25
2011.08.25 05:01:12.506,1.10862,1.10877,1.50,1.50
2011.08.25 05:01:13.094,1.10861,1.10878,1.50,1.50
2011.08.25 05:01:16.025,1.10859,1.10877,1.50,1.13
2011.08.25 05:01:16.362,1.10857,1.10876,2.63,1.50
2011.08.25 05:01:17.613,1.10857,1.10873,1.50,1.13
2011.08.25 05:01:17.736,1.10856,1.10873,1.50,1.13
2011.08.25 05:01:18.404,1.10852,1.1087,2.25,1.50
2011.08.25 05:01:18.633,1.10852,1.10871,2.25,1.13
2011.08.25 05:01:22.383,1.10852,1.1087,2.25,1.50
2011.08.25 05:01:32.554,1.1085,1.1087,2.25,2.25
2011.08.25 05:01:32.678,1.1085,1.10867,1.50,1.50
2011.08.25 05:01:33.084,1.10848,1.10865,1.50,1.50
2011.08.25 05:01:33.432,1.10847,1.10868,3.75,1.13
2011.08.25 05:01:38.043,1.10848,1.10868,2.25,1.88
2011.08.25 05:01:39.476,1.10848,1.10867,2.25,1.13
2011.08.25 05:01:39.814,1.10844,1.10864,1.50,2.25
2011.08.25 05:01:39.937,1.10844,1.10861,1.50,1.50
2011.08.25 05:01:40.277,1.10848,1.10865,1.50,1.13
2011.08.25 05:01:40.833,1.10849,1.10865,1.50,1.13
2011.08.25 05:01:41.283,1.10849,1.10866,1.50,1.13
2011.08.25 05:01:43.485,1.1085,1.10867,1.50,1.13
2011.08.25 05:01:44.082,1.1085,1.10869,1.50,2.25
2011.08.25 05:01:45.112,1.1085,1.10869,1.50,1.13
2011.08.25 05:01:45.232,1.1085,1.10869,1.50,1.13
2011.08.25 05:01:45.572,1.1085,1.10869,1.50,1.13
2011.08.25 05:01:46.984,1.1085,1.10869,3.00,1.13
2011.08.25 05:01:48.233,1.10849,1.10869,2.63,1.13
2011.08.25 05:01:49.595,1.1085,1.10869,1.50,1.13
2011.08.25 05:01:50.316,1.10851,1.1087,1.50,1.13
2011.08.25 05:01:50.763,1.10855,1.10876,2.25,1.50
2011.08.25 05:01:51.322,1.10856,1.10877,1.50,2.63
2011.08.25 05:01:55.483,1.10855,1.10877,3.00,3.38
2011.08.25 05:01:58.187,1.10856,1.10874,1.50,1.50
2011.08.25 05:01:59.634,1.10856,1.10875,2.25,1.13
2011.08.25 05:02:00.213,1.10856,1.10876,2.25,1.88
2011.08.25 05:02:00.552,1.10856,1.10875,1.50,1.13
2011.08.25 05:02:02.904,1.10856,1.10876,1.50,1.50
2011.08.25 05:02:03.025,1.10856,1.10877,2.25,2.25
2011.08.25 05:02:03.143,1.10856,1.10877,2.25,2.25
2011.08.25 05:02:03.375,1.10858,1.10877,1.50,1.50
2011.08.25 05:02:04.552,1.10858,1.10877,1.50,1.50
2011.08.25 05:02:06.491,1.10858,1.10877,1.50,2.25
2011.08.25 05:02:07.915,1.10858,1.10877,1.50,1.50
2011.08.25 05:02:09.673,1.10858,1.10877,1.50,1.50
2011.08.25 05:02:13.454,1.10857,1.10877,2.25,2.25
2011.08.25 05:02:14.452,1.10858,1.10877,1.50,2.25
2011.08.25 05:02:15.663,1.10858,1.10877,2.25,1.50
2011.08.25 05:02:18.192,1.10856,1.10877,2.63,2.25
2011.08.25 05:02:19.383,1.10856,1.10877,2.63,2.25
2011.08.25 05:02:25.167,1.10856,1.10873,1.50,1.50
2011.08.25 05:02:25.398,1.10855,1.10875,1.13,1.88
2011.08.25 05:02:25.515,1.10854,1.10873,2.25,1.13
2011.08.25 05:02:25.855,1.10855,1.10873,1.13,1.50
2011.08.25 05:02:25.973,1.10856,1.10876,1.50,3.38
2011.08.25 05:02:26.204,1.10856,1.10875,1.50,1.13
2011.08.25 05:02:26.773,1.10856,1.10876,1.50,1.88
2011.08.25 05:02:28.796,1.10856,1.10876,1.50,1.50
2011.08.25 05:02:31.883,1.10856,1.10876,1.50,2.25
2011.08.25 05:02:33.643,1.10856,1.10875,1.50,1.50
2011.08.25 05:02:35.309,1.10861,1.10877,2.25,2.25
2011.08.25 05:02:35.534,1.10862,1.10877,1.50,1.50
2011.08.25 05:02:37.186,1.10862,1.10877,1.50,3.00
2011.08.25 05:02:37.745,1.10861,1.10877,3.00,3.00
2011.08.25 05:02:39.575,1.10862,1.10877,1.50,1.50
2011.08.25 05:02:42.492,1.10862,1.10877,1.50,1.50
2011.08.25 05:02:48.134,1.10861,1.10877,2.25,3.00
2011.08.25 05:02:49.264,1.10853,1.10871,2.25,1.50
2011.08.25 05:02:49.384,1.10859,1.10873,2.25,1.50
2011.08.25 05:02:49.506,1.10859,1.10873,2.25,1.13
2011.08.25 05:02:49.623,1.10854,1.10873,2.25,1.13
2011.08.25 05:02:49.962,1.10854,1.10871,2.25,1.50
2011.08.25 05:02:50.454,1.10854,1.10871,1.50,1.50
2011.08.25 05:02:51.452,1.10854,1.10871,2.25,1.50
2011.08.25 05:02:52.693,1.10856,1.10871,1.50,1.50
2011.08.25 05:02:54.317,1.10854,1.10871,1.50,1.50
2011.08.25 05:02:54.872,1.10854,1.10871,2.25,1.88
2011.08.25 05:02:55.712,1.10854,1.10871,2.25,1.88
2011.08.25 05:02:56.828,1.10854,1.10871,2.25,1.88
2011.08.25 05:02:57.266,1.10856,1.10871,1.50,1.13
2011.08.25 05:02:57.715,1.10857,1.10874,1.50,1.88
2011.08.25 05:02:58.052,1.10857,1.10874,1.50,1.50
2011.08.25 05:02:58.746,1.10857,1.10874,1.50,1.50
2011.08.25 05:02:59.443,1.10857,1.10874,1.50,1.50
2011.08.25 05:02:59.992,1.10857,1.10874,1.50,1.50
2011.08.25 05:03:03.723,1.10856,1.10874,1.50,1.50
2011.08.25 05:03:04.283,1.10856,1.10873,1.50,3.00
2011.08.25 05:03:04.842,1.10852,1.10872,3.00,1.13
2011.08.25 05:03:16.975,1.10855,1.10872,2.25,1.88
2011.08.25 05:03:17.094,1.10855,1.10873,2.25,1.13
2011.08.25 05:03:17.328,1.10855,1.10872,1.50,1.88
2011.08.25 05:03:17.883,1.10855,1.10872,1.50,1.88
2011.08.25 05:03:19.294,1.10855,1.10869,1.50,1.88
2011.08.25 05:03:19.633,1.10856,1.10874,1.50,1.50
2011.08.25 05:03:25.237,1.10855,1.1087,1.50,1.50
2011.08.25 05:03:25.357,1.10855,1.10872,1.50,1.50
2011.08.25 05:03:25.584,1.10853,1.10874,3.00,1.88
2011.08.25 05:03:25.813,1.10855,1.10874,1.50,2.25
2011.08.25 05:03:26.374,1.10855,1.10874,1.50,2.25
2011.08.25 05:03:27.822,1.10855,1.10874,1.50,1.50
2011.08.25 05:03:28.372,1.10855,1.10874,1.50,1.50
2011.08.25 05:03:29.093,1.10855,1.10874,1.50,1.50
2011.08.25 05:03:29.213,1.10857,1.10874,1.50,1.50
2011.08.25 05:04:08.072,1.10856,1.10873,1.50,1.50
2011.08.25 05:04:22.393,1.10856,1.10874,1.50,1.50
2011.08.25 05:04:28.054,1.10856,1.10873,1.50,1.50
2011.08.25 05:04:33.082,1.10855,1.10873,1.13,1.50
2011.08.25 05:04:35.067,1.10854,1.10873,1.88,1.50
2011.08.25 05:04:36.586,1.10852,1.10872,1.88,1.13
2011.08.25 05:04:37.143,1.10854,1.1087,1.50,1.50
2011.08.25 05:04:37.485,1.10852,1.1087,1.88,1.50
2011.08.25 05:04:39.016,1.10853,1.1087,1.13,1.50
2011.08.25 05:04:39.373,1.10853,1.1087,1.88,1.50
2011.08.25 05:04:39.953,1.10854,1.10873,1.50,1.88
2011.08.25 05:04:49.415,1.10853,1.10873,1.13,1.88
2011.08.25 05:04:50.812,1.10852,1.1087,2.25,1.50
2011.08.25 05:04:51.723,1.10852,1.1087,2.25,1.50
2011.08.25 05:04:52.286,1.10852,1.1087,2.25,1.50
2011.08.25 05:04:54.646,1.10854,1.10868,1.50,1.50
2011.08.25 05:04:55.205,1.10852,1.1087,1.50,1.88
2011.08.25 05:04:56.852,1.10852,1.1087,1.50,1.50
2011.08.25 05:04:57.072,1.10852,1.1087,1.50,1.50
2011.08.25 05:04:57.632,1.10852,1.1087,1.50,1.50
2011.08.25 05:04:58.153,1.10852,1.1087,1.50,1.50
2011.08.25 05:05:09.703,1.1085,1.10869,1.50,2.25
2011.08.25 05:05:11.364,1.10851,1.10869,1.50,2.25
2011.08.25 05:05:23.455,1.1085,1.10868,1.50,1.13
2011.08.25 05:05:24.382,1.10849,1.10868,3.00,1.13
2011.08.25 05:05:24.942,1.10849,1.10868,3.00,1.50
2011.08.25 05:05:25.709,1.10851,1.10871,1.13,1.88
2011.08.25 05:05:25.825,1.10853,1.10871,1.50,1.13
2011.08.25 05:05:25.946,1.10853,1.10871,1.88,1.50
2011.08.25 05:05:26.836,1.10857,1.10872,1.50,1.50
2011.08.25 05:05:27.067,1.10856,1.10872,1.50,2.25
2011.08.25 05:05:27.295,1.10855,1.10871,1.50,1.50
2011.08.25 05:05:27.636,1.10855,1.10873,1.50,1.88
2011.08.25 05:05:28.883,1.10854,1.10871,1.50,1.50
2011.08.25 05:05:29.005,1.10855,1.10873,1.50,1.88
2011.08.25 05:05:31.057,1.10856,1.10872,1.50,2.25
2011.08.25 05:05:31.505,1.10856,1.10871,1.50,1.13
2011.08.25 05:05:32.394,1.10854,1.10873,2.25,1.13
2011.08.25 05:05:32.513,1.10854,1.10873,2.25,1.88
2011.08.25 05:05:32.853,1.10856,1.10873,1.50,1.88
2011.08.25 05:05:33.432,1.10856,1.10873,1.50,1.88
2011.08.25 05:05:34.385,1.10856,1.10874,1.50,1.13
2011.08.25 05:05:34.723,1.10857,1.10876,1.50,1.50
2011.08.25 05:05:35.324,1.10857,1.10876,1.50,1.50
2011.08.25 05:05:35.774,1.10857,1.10876,1.50,1.50
2011.08.25 05:05:36.113,1.10856,1.10876,1.88,2.25
2011.08.25 05:05:36.829,1.10859,1.10876,1.50,1.50
2011.08.25 05:05:38.627,1.10856,1.10876,2.63,1.50
2011.08.25 05:05:38.746,1.10857,1.10876,1.50,1.50
2011.08.25 05:05:39.083,1.10857,1.10876,1.50,1.50
2011.08.25 05:05:39.314,1.10857,1.10876,1.50,1.88
2011.08.25 05:05:43.222,1.10856,1.10876,1.88,2.63
2011.08.25 05:05:43.669,1.10857,1.10876,1.50,1.88
2011.08.25 05:05:43.785,1.10858,1.10877,2.25,1.13
2011.08.25 05:05:44.635,1.10858,1.10876,2.25,1.13
2011.08.25 05:05:44.774,1.10857,1.10874,1.13,1.50
2011.08.25 05:05:45.882,1.10856,1.10874,1.88,1.50
2011.08.25 05:05:46.224,1.10856,1.10874,1.88,1.50
2011.08.25 05:05:46.673,1.10856,1.10874,1.88,1.50
2011.08.25 05:05:47.233,1.10856,1.10875,1.88,1.50
2011.08.25 05:05:47.801,1.10856,1.10876,2.63,1.88
2011.08.25 05:05:48.133,1.10856,1.10876,2.63,1.88
2011.08.25 05:05:48.476,1.10856,1.10876,2.63,1.88
2011.08.25 05:05:49.033,1.10856,1.10876,2.63,1.88
2011.08.25 05:05:49.592,1.10854,1.10873,1.13,1.50
2011.08.25 05:05:50.735,1.10854,1.10873,1.13,1.88
2011.08.25 05:05:50.853,1.10852,1.10871,1.13,2.25
2011.08.25 05:05:51.524,1.10851,1.10871,2.25,2.63
2011.08.25 05:05:52.084,1.10852,1.1087,1.50,1.13
2011.08.25 05:05:52.313,1.10852,1.10871,1.50,2.25
2011.08.25 05:05:52.432,1.10852,1.1087,1.50,1.13
2011.08.25 05:05:52.663,1.10852,1.10871,1.50,3.00
2011.08.25 05:05:54.135,1.10852,1.1087,1.50,1.13
2011.08.25 05:05:54.787,1.10852,1.1087,1.50,1.88
2011.08.25 05:05:57.555,1.10852,1.1087,1.50,1.13
2011.08.25 05:05:58.009,1.10852,1.1087,1.50,1.13
2011.08.25 05:05:58.345,1.1085,1.10869,2.25,1.50
2011.08.25 05:05:58.863,1.1085,1.1087,2.25,2.63
2011.08.25 05:05:59.755,1.10849,1.10869,2.63,1.50
2011.08.25 05:05:59.988,1.10849,1.10869,1.13,1.50
2011.08.25 05:06:00.544,1.10849,1.10867,1.50,1.50
2011.08.25 05:06:01.103,1.10848,1.10865,2.25,1.13
2011.08.25 05:06:01.444,1.10848,1.10865,1.50,1.13
2011.08.25 05:06:01.786,1.10848,1.10865,2.25,1.50
2011.08.25 05:06:02.013,1.10848,1.10865,1.50,1.50
2011.08.25 05:06:03.154,1.10849,1.10865,1.50,1.50
2011.08.25 05:06:03.846,1.10849,1.10865,1.50,1.88
2011.08.25 05:06:04.182,1.10849,1.10865,1.50,1.13
2011.08.25 05:06:04.894,1.10848,1.10866,1.50,1.13
2011.08.25 05:06:05.013,1.10849,1.10866,1.50,1.13
2011.08.25 05:06:05.242,1.10848,1.10866,2.25,1.13
2011.08.25 05:06:05.576,1.10844,1.10864,2.63,2.25
2011.08.25 05:06:05.695,1.10844,1.10863,1.50,1.50
2011.08.25 05:06:05.815,1.10843,1.10863,1.50,2.63
2011.08.25 05:06:06.705,1.10842,1.10861,1.88,1.88
2011.08.25 05:06:08.844,1.10842,1.10861,1.50,1.50
2011.08.25 05:06:13.836,1.10847,1.1086,1.50,1.88
2011.08.25 05:06:14.064,1.10844,1.1086,1.50,1.50
2011.08.25 05:06:14.184,1.1084,1.1086,1.88,1.50
2011.08.25 05:06:16.463,1.10843,1.10861,1.50,1.88
2011.08.25 05:06:17.134,1.10843,1.10861,1.50,1.50
2011.08.25 05:06:18.176,1.10845,1.10863,1.50,1.13
2011.08.25 05:06:18.623,1.10846,1.10864,1.50,1.13
2011.08.25 05:06:19.182,1.10846,1.10863,1.50,1.13
2011.08.25 05:06:21.674,1.10846,1.10864,1.50,1.13
2011.08.25 05:06:25.574,1.10846,1.10863,1.50,1.13
2011.08.25 05:06:25.914,1.10843,1.10863,2.63,1.88
2011.08.25 05:06:26.035,1.10845,1.10863,1.50,1.88
2011.08.25 05:06:26.430,1.10845,1.10863,1.50,1.88
2011.08.25 05:06:27.882,1.10845,1.10864,1.50,1.88
2011.08.25 05:06:32.444,1.10843,1.10862,2.25,1.13
2011.08.25 05:06:32.566,1.10843,1.10862,2.25,2.25
2011.08.25 05:06:32.905,1.10842,1.10861,1.50,1.88
2011.08.25 05:06:33.353,1.10842,1.10861,1.88,1.88
2011.08.25 05:06:33.914,1.10842,1.10861,1.88,2.63
2011.08.25 05:06:39.064,1.10844,1.10862,1.50,1.88
2011.08.25 05:06:39.983,1.10844,1.10862,1.50,1.88
2011.08.25 05:06:45.584,1.10844,1.10861,1.50,2.63
2011.08.25 05:06:46.973,1.10844,1.10861,1.50,3.00
2011.08.25 05:06:48.214,1.10844,1.1086,1.50,1.88
2011.08.25 05:06:55.243,1.10838,1.10858,2.63,1.88
2011.08.25 05:06:56.983,1.10838,1.10858,2.63,1.13
2011.08.25 05:06:58.533,1.10838,1.10858,1.88,1.50
2011.08.25 05:07:16.673,1.10841,1.1086,1.50,2.63
2011.08.25 05:07:22.910,1.10841,1.1086,2.25,1.50
2011.08.25 05:07:23.245,1.10841,1.10859,1.88,1.50
2011.08.25 05:07:23.586,1.10841,1.1086,1.13,1.50
2011.08.25 05:07:24.144,1.1084,1.10862,2.25,3.00
2011.08.25 05:07:29.006,1.10843,1.10862,1.50,1.50
2011.08.25 05:07:30.573,1.10842,1.10862,3.00,2.25
2011.08.25 05:07:31.133,1.10845,1.10863,2.25,2.63
2011.08.25 05:07:34.964,1.10845,1.10865,1.50,1.88
2011.08.25 05:07:35.526,1.10848,1.10865,1.50,1.13
2011.08.25 05:07:36.196,1.10848,1.10865,1.50,1.88
2011.08.25 05:07:37.493,1.10846,1.10864,2.25,1.50
2011.08.25 05:07:37.835,1.10846,1.10865,2.25,1.50
2011.08.25 05:07:40.803,1.10846,1.10864,2.25,1.50
2011.08.25 05:07:44.303,1.10846,1.10864,2.25,1.50
2011.08.25 05:07:44.758,1.1085,1.10866,1.50,1.50
2011.08.25 05:07:45.096,1.10852,1.1087,1.50,1.50
2011.08.25 05:07:47.295,1.10853,1.1087,1.50,1.50
2011.08.25 05:07:47.965,1.10854,1.1087,1.13,1.50
2011.08.25 05:07:49.065,1.10852,1.10869,1.50,1.50
2011.08.25 05:07:49.404,1.10849,1.10869,1.88,1.50
2011.08.25 05:07:49.635,1.1085,1.10869,1.13,1.50
2011.08.25 05:07:50.084,1.10852,1.1087,1.50,1.88
2011.08.25 05:07:50.644,1.10853,1.10871,1.50,1.50
2011.08.25 05:07:50.983,1.10853,1.10872,1.50,2.63
2011.08.25 05:07:51.103,1.10853,1.10871,1.50,1.50
2011.08.25 05:07:51.883,1.10853,1.10872,1.50,1.88
2011.08.25 05:07:52.641,1.10853,1.10872,1.50,1.88
2011.08.25 05:07:53.693,1.10853,1.10872,1.50,1.50
2011.08.25 05:07:54.313,1.10854,1.10873,2.63,1.50
2011.08.25 05:07:54.872,1.10855,1.10873,1.13,2.25
2011.08.25 05:07:55.092,1.10855,1.10874,1.13,2.25
2011.08.25 05:07:55.643,1.10858,1.10876,1.13,2.25
2011.08.25 05:07:55.984,1.1086,1.10877,2.25,1.50
2011.08.25 05:07:56.104,1.1086,1.10881,3.00,2.25
2011.08.25 05:07:56.554,1.10863,1.10879,1.13,1.50
2011.08.25 05:08:02.764,1.10866,1.10879,2.25,1.50
2011.08.25 05:08:03.109,1.1086,1.10879,1.50,1.50
2011.08.25 05:08:03.443,1.10863,1.10881,1.50,1.88
2011.08.25 05:08:04.004,1.10861,1.10881,3.00,2.63
2011.08.25 05:08:05.264,1.10861,1.10879,1.50,1.50
2011.08.25 05:08:05.496,1.10859,1.10877,1.50,1.13
2011.08.25 05:08:05.726,1.10858,1.10874,1.50,1.50
2011.08.25 05:08:05.846,1.10856,1.10872,2.25,1.50
2011.08.25 05:08:05.969,1.10854,1.10869,1.50,2.25
2011.08.25 05:08:06.521,1.10853,1.10869,1.50,1.50
2011.08.25 05:08:07.407,1.1085,1.10869,1.50,2.25
2011.08.25 05:08:07.524,1.10852,1.10871,1.13,1.50
2011.08.25 05:08:07.646,1.10852,1.10871,1.13,1.50
2011.08.25 05:08:07.765,1.10852,1.10871,1.13,1.50
2011.08.25 05:08:08.105,1.10858,1.10876,2.25,1.50
2011.08.25 05:08:08.444,1.10861,1.10879,1.50,1.88
2011.08.25 05:08:09.005,1.10861,1.10877,1.50,1.13
2011.08.25 05:08:09.130,1.10856,1.10875,1.88,1.13
2011.08.25 05:08:09.247,1.10856,1.10876,1.13,4.50
2011.08.25 05:08:09.367,1.10855,1.10875,1.13,1.13
2011.08.25 05:08:10.228,1.10853,1.10873,1.50,1.50
2011.08.25 05:08:10.675,1.10853,1.10873,1.50,1.50
2011.08.25 05:08:10.905,1.10853,1.10873,1.50,3.38
2011.08.25 05:08:11.250,1.10851,1.10871,1.88,1.50
2011.08.25 05:08:11.588,1.10849,1.10869,1.50,1.50
2011.08.25 05:08:12.254,1.10849,1.10867,1.88,2.25
2011.08.25 05:08:13.036,1.10849,1.10869,1.88,1.50
2011.08.25 05:08:13.723,1.10849,1.10868,1.88,1.50
2011.08.25 05:08:15.524,1.10849,1.10868,1.13,2.25
2011.08.25 05:08:16.197,1.10851,1.10868,2.25,2.25
2011.08.25 05:08:16.754,1.10845,1.10865,2.25,3.38
2011.08.25 05:08:16.876,1.10845,1.10863,3.00,1.50
2011.08.25 05:08:17.214,1.10845,1.10865,2.25,1.50
2011.08.25 05:08:17.334,1.10847,1.10866,1.50,1.50
2011.08.25 05:08:24.614,1.1085,1.10869,2.25,2.10
2011.08.25 05:08:24.846,1.1085,1.10869,2.25,2.10
2011.08.25 05:08:25.183,1.10851,1.10869,1.50,1.35
2011.08.25 05:08:26.703,1.10853,1.10869,1.50,1.35
2011.08.25 05:08:28.475,1.10853,1.10869,3.00,1.35
2011.08.25 05:08:29.035,1.10853,1.10871,1.88,1.35
2011.08.25 05:08:29.594,1.10853,1.1087,1.13,1.35
2011.08.25 05:08:30.292,1.10853,1.10869,1.13,1.35
2011.08.25 05:08:30.843,1.10852,1.10869,1.13,1.35
2011.08.25 05:08:31.074,1.10853,1.10869,1.13,1.35
2011.08.25 05:08:31.305,1.10852,1.10868,1.50,1.50
2011.08.25 05:08:31.753,1.10852,1.10869,1.50,3.23
2011.08.25 05:08:33.259,1.10853,1.10869,1.50,1.50
2011.08.25 05:08:34.145,1.10853,1.10871,1.50,2.25
2011.08.25 05:08:37.020,1.10854,1.10871,1.50,1.50
2011.08.25 05:08:37.797,1.10851,1.1087,2.25,1.13
2011.08.25 05:08:38.393,1.10848,1.10868,2.25,1.50
2011.08.25 05:08:40.383,1.10848,1.10868,2.25,2.25
2011.08.25 05:08:40.843,1.10848,1.10868,2.25,2.25
2011.08.25 05:08:41.224,1.10848,1.10868,2.25,2.25
2011.08.25 05:08:42.443,1.10848,1.10867,1.50,1.50
2011.08.25 05:08:43.080,1.10848,1.10867,1.50,1.50
2011.08.25 05:08:43.873,1.10849,1.10868,1.50,1.50
2011.08.25 05:08:45.982,1.10847,1.10867,2.25,1.50
2011.08.25 05:08:46.793,1.10847,1.10866,1.50,1.35
2011.08.25 05:08:53.545,1.10849,1.1087,1.50,5.25
2011.08.25 05:08:53.781,1.10857,1.1087,1.50,1.50
2011.08.25 05:08:53.897,1.10854,1.1087,1.13,2.25
2011.08.25 05:08:54.018,1.10852,1.10872,2.25,2.10
2011.08.25 05:08:54.134,1.10852,1.10871,2.25,1.50
2011.08.25 05:08:54.255,1.10852,1.10872,3.00,1.50
2011.08.25 05:08:54.593,1.10852,1.10872,2.25,1.50
2011.08.25 05:08:55.153,1.10852,1.1087,1.50,2.25
2011.08.25 05:08:57.736,1.10852,1.10871,1.88,2.25
2011.08.25 05:08:58.074,1.10855,1.10872,1.50,1.88
2011.08.25 05:09:00.533,1.10854,1.10873,2.25,1.50
2011.08.25 05:09:00.654,1.10855,1.10873,1.50,1.50
2011.08.25 05:09:04.663,1.10854,1.10873,1.50,1.50
2011.08.25 05:09:07.305,1.10854,1.10873,1.88,1.50
2011.08.25 05:09:09.004,1.10853,1.10873,1.50,1.50
2011.08.25 05:09:09.673,1.10853,1.10873,2.25,1.50
2011.08.25 05:09:11.146,1.10852,1.10871,1.13,3.75
2011.08.25 05:09:11.488,1.10849,1.10866,2.63,1.50
2011.08.25 05:09:11.934,1.10849,1.10867,1.88,1.50
2011.08.25 05:09:17.797,1.10844,1.10865,3.38,1.13
2011.08.25 05:09:19.107,1.10845,1.10863,1.13,1.50
2011.08.25 05:09:19.447,1.10845,1.10863,1.13,3.75
2011.08.25 05:09:19.566,1.10844,1.10863,1.50,1.50
2011.08.25 05:09:19.908,1.10848,1.10863,1.50,1.50
2011.08.25 05:09:20.244,1.1085,1.10868,1.50,2.25
2011.08.25 05:09:20.363,1.1085,1.10866,1.50,1.50
2011.08.25 05:09:20.975,1.1085,1.10868,1.50,1.50
2011.08.25 05:09:21.533,1.10848,1.10868,3.00,2.25
2011.08.25 05:09:21.874,1.1085,1.10868,1.50,2.25
2011.08.25 05:09:22.488,1.1085,1.10869,1.50,1.50
2011.08.25 05:09:23.378,1.10851,1.1087,1.50,1.50
2011.08.25 05:09:26.575,1.1085,1.1087,1.50,1.50
2011.08.25 05:09:27.096,1.1085,1.1087,2.25,1.50
2011.08.25 05:09:27.436,1.10851,1.10871,2.25,1.88
2011.08.25 05:09:28.135,1.10851,1.10869,1.88,1.88
2011.08.25 05:09:28.583,1.10851,1.10869,1.88,1.88
2011.08.25 05:09:29.476,1.10852,1.10869,3.00,1.13
2011.08.25 05:09:33.405,1.10855,1.10871,3.00,1.13
2011.08.25 05:09:33.745,1.10855,1.10871,1.50,1.13
2011.08.25 05:09:34.807,1.10852,1.10871,2.25,1.50
2011.08.25 05:09:35.034,1.10854,1.10867,1.50,1.13
2011.08.25 05:09:36.378,1.10854,1.10867,1.50,1.13
2011.08.25 05:09:36.604,1.10851,1.10867,3.00,1.88
2011.08.25 05:09:36.728,1.10848,1.10864,1.13,3.00
2011.08.25 05:09:36.848,1.10845,1.10863,2.25,1.13
2011.08.25 05:09:36.967,1.1085,1.10863,1.50,1.50
2011.08.25 05:09:37.085,1.1085,1.10864,1.50,1.13
2011.08.25 05:09:37.648,1.10843,1.10858,3.38,1.50
2011.08.25 05:09:37.764,1.10841,1.10858,1.50,1.50
2011.08.25 05:09:37.888,1.1084,1.10858,1.73,1.50
2011.08.25 05:09:38.225,1.10837,1.10858,1.50,2.25
2011.08.25 05:09:38.657,1.10837,1.10855,1.50,2.25
2011.08.25 05:09:39.244,1.10836,1.10855,1.50,2.25
2011.08.25 05:09:39.475,1.10836,1.10855,1.88,1.50
2011.08.25 05:09:40.583,1.10838,1.10855,1.50,2.25
2011.08.25 05:09:41.033,1.10837,1.10855,1.50,2.25
2011.08.25 05:09:41.813,1.10838,1.10855,1.50,2.25
2011.08.25 05:09:44.244,1.10837,1.10855,1.50,1.50
2011.08.25 05:09:44.687,1.10835,1.10855,3.23,2.63
2011.08.25 05:09:45.816,1.10835,1.10855,2.10,3.00
2011.08.25 05:09:46.263,1.10835,1.10855,2.10,2.25
2011.08.25 05:09:46.384,1.10835,1.10855,2.10,2.25
2011.08.25 05:09:47.053,1.10835,1.10854,2.10,1.88
2011.08.25 05:09:47.382,1.10835,1.10854,2.10,1.88
2011.08.25 05:09:47.586,1.10835,1.10854,2.10,1.88
2011.08.25 05:09:47.708,1.10837,1.10854,1.13,1.50
2011.08.25 05:09:48.044,1.10837,1.10855,1.13,1.50
2011.08.25 05:09:53.184,1.10837,1.10855,1.13,1.50
2011.08.25 05:09:53.523,1.10836,1.10855,1.88,1.50
2011.08.25 05:09:56.635,1.10836,1.10854,1.88,1.50
2011.08.25 05:10:03.515,1.10836,1.10855,2.63,2.25
2011.08.25 05:10:04.976,1.10837,1.10856,2.25,1.50
2011.08.25 05:10:05.533,1.10839,1.10857,1.88,1.50
2011.08.25 05:10:06.394,1.1084,1.10859,3.00,1.50
2011.08.25 05:10:07.317,1.10842,1.10859,1.13,1.50
2011.08.25 05:10:07.982,1.10842,1.10859,1.13,1.50
2011.08.25 05:10:10.040,1.1084,1.10859,1.13,1.50
2011.08.25 05:10:10.364,1.1084,1.10859,1.88,1.50
2011.08.25 05:10:11.356,1.10838,1.10856,1.13,1.50
2011.08.25 05:10:13.763,1.10836,1.10854,2.63,1.88
2011.08.25 05:10:14.434,1.10835,1.10853,2.10,1.88
2011.08.25 05:10:14.993,1.10835,1.10851,2.10,1.50
2011.08.25 05:10:15.224,1.10835,1.1085,1.35,1.50
2011.08.25 05:10:18.306,1.10836,1.1085,2.25,1.50
2011.08.25 05:10:18.534,1.10839,1.10855,1.50,1.88
2011.08.25 05:10:22.215,1.10839,1.10854,1.50,1.35
2011.08.25 05:10:24.423,1.10837,1.10855,1.50,1.73
2011.08.25 05:10:26.583,1.10838,1.10855,1.50,1.73
2011.08.25 05:10:30.934,1.10836,1.10855,1.50,3.23
2011.08.25 05:10:31.054,1.10835,1.10853,2.25,1.35
2011.08.25 05:10:31.283,1.10836,1.10853,1.50,1.35
2011.08.25 05:10:31.403,1.10836,1.10853,1.50,1.35
2011.08.25 05:10:34.864,1.10836,1.10853,2.25,1.35
2011.08.25 05:10:35.205,1.10837,1.10853,1.50,1.35
2011.08.25 05:10:35.437,1.10838,1.10854,1.50,1.35
2011.08.25 05:10:35.993,1.10838,1.10858,2.25,2.25
2011.08.25 05:10:37.114,1.10838,1.10858,3.00,2.25
2011.08.25 05:10:37.453,1.1084,1.10858,2.25,1.50
2011.08.25 05:10:39.264,1.1084,1.10856,1.50,1.35
2011.08.25 05:10:39.495,1.10838,1.10856,3.00,2.10
2011.08.25 05:10:39.728,1.10838,1.10856,1.50,1.35
2011.08.25 05:10:40.284,1.10835,1.10854,1.50,1.50
2011.08.25 05:10:42.463,1.10837,1.10853,1.50,1.13
2011.08.25 05:10:42.695,1.10839,1.10855,2.25,1.13
2011.08.25 05:10:42.924,1.10837,1.10855,1.50,1.88
2011.08.25 05:10:43.265,1.10835,1.10854,1.50,1.50
2011.08.25 05:10:43.495,1.10835,1.10855,1.50,1.50
2011.08.25 05:10:44.653,1.10834,1.10855,2.25,1.13
2011.08.25 05:10:45.513,1.10836,1.10855,1.50,1.88
2011.08.25 05:10:46.863,1.10836,1.10855,1.50,1.13
2011.08.25 05:10:46.985,1.10837,1.10855,1.50,2.63
2011.08.25 05:10:47.327,1.10834,1.10852,1.50,1.50
2011.08.25 05:10:47.445,1.10834,1.10852,1.50,1.50
2011.08.25 05:10:48.444,1.10834,1.10854,1.50,1.50
2011.08.25 05:10:50.606,1.10835,1.10854,2.25,2.25
2011.08.25 05:10:51.753,1.10837,1.10855,1.50,1.13
2011.08.25 05:10:52.588,1.10835,1.10855,3.00,1.13
2011.08.25 05:10:52.923,1.10837,1.10855,1.50,1.13
2011.08.25 05:10:53.364,1.10837,1.10856,1.50,2.10
2011.08.25 05:10:56.446,1.10839,1.10857,1.50,2.10
2011.08.25 05:10:56.676,1.10843,1.10858,1.50,1.50
2011.08.25 05:10:57.235,1.10841,1.10857,2.25,1.50
2011.08.25 05:10:58.617,1.10841,1.10857,2.25,1.50
2011.08.25 05:10:59.277,1.10841,1.10857,2.25,1.50
2011.08.25 05:11:00.387,1.10841,1.10858,1.50,1.13
2011.08.25 05:11:00.726,1.10843,1.1086,1.50,2.10
2011.08.25 05:11:01.064,1.10844,1.1086,2.25,1.35
2011.08.25 05:11:01.185,1.10843,1.10862,1.50,1.73
2011.08.25 05:11:03.673,1.10845,1.10862,1.50,1.13
2011.08.25 05:11:04.125,1.10845,1.10862,1.50,1.13
2011.08.25 05:11:05.515,1.10846,1.10862,3.00,1.13
2011.08.25 05:11:06.954,1.10846,1.10863,3.00,1.50
2011.08.25 05:11:07.847,1.10848,1.10864,3.00,1.35
2011.08.25 05:11:08.525,1.10851,1.10866,3.00,1.73
2011.08.25 05:11:09.865,1.10849,1.10866,2.25,1.35
2011.08.25 05:11:10.575,1.10852,1.10868,1.50,1.50
2011.08.25 05:11:11.233,1.10852,1.10868,1.50,1.50
2011.08.25 05:11:14.975,1.10854,1.10869,1.50,1.88
2011.08.25 05:11:15.094,1.10854,1.10869,3.00,1.88
2011.08.25 05:11:15.653,1.10853,1.10869,2.25,1.13
2011.08.25 05:11:20.267,1.10853,1.10871,1.50,2.10
2011.08.25 05:11:20.798,1.10852,1.10869,2.25,1.50
2011.08.25 05:11:20.915,1.10852,1.10869,2.25,2.25
2011.08.25 05:11:21.036,1.10852,1.10868,2.25,1.50
2011.08.25 05:11:21.594,1.10851,1.10866,1.50,1.13
2011.08.25 05:11:22.264,1.10852,1.10866,1.50,1.13
2011.08.25 05:11:22.716,1.1085,1.10868,2.25,1.13
2011.08.25 05:11:23.327,1.1085,1.10868,2.25,1.88
2011.08.25 05:11:25.328,1.10854,1.10869,2.25,1.50
2011.08.25 05:11:28.214,1.10854,1.10869,2.25,1.13
2011.08.25 05:11:28.773,1.10854,1.10868,2.25,1.13
2011.08.25 05:11:29.933,1.10854,1.10869,2.25,1.13
2011.08.25 05:11:30.384,1.10855,1.1087,1.50,1.13
2011.08.25 05:11:33.795,1.10853,1.10869,1.50,1.50
2011.08.25 05:11:34.353,1.10852,1.10869,2.63,1.50
2011.08.25 05:11:34.583,1.10852,1.10869,3.38,1.50
2011.08.25 05:11:35.094,1.10852,1.10869,1.88,1.50
2011.08.25 05:11:35.325,1.10852,1.10869,2.63,1.50
2011.08.25 05:11:35.986,1.10854,1.10869,1.50,1.50
2011.08.25 05:11:39.175,1.10854,1.10872,1.88,1.50
2011.08.25 05:11:39.844,1.10854,1.10872,2.63,1.50
2011.08.25 05:11:45.047,1.10856,1.10874,1.50,1.88
2011.08.25 05:11:45.171,1.10857,1.10877,1.50,1.88
2011.08.25 05:11:46.643,1.10859,1.10877,2.25,1.50
2011.08.25 05:11:49.118,1.10858,1.10875,1.50,1.50
2011.08.25 05:11:49.347,1.10856,1.10875,1.13,1.50
2011.08.25 05:11:51.862,1.10856,1.10874,1.13,1.50
2011.08.25 05:11:55.047,1.10853,1.10871,3.38,1.35
2011.08.25 05:11:55.605,1.10851,1.10869,1.50,1.50
2011.08.25 05:11:55.723,1.1085,1.10869,2.25,1.50
2011.08.25 05:11:56.275,1.1085,1.10869,1.50,1.50
2011.08.25 05:12:00.373,1.1085,1.1087,2.25,2.63
2011.08.25 05:12:01.044,1.10851,1.1087,1.13,2.25
2011.08.25 05:12:04.103,1.10852,1.10872,1.13,1.88
2011.08.25 05:12:05.018,1.10852,1.10872,1.50,1.50
2011.08.25 05:12:05.135,1.10853,1.10872,1.50,1.50
2011.08.25 05:12:09.374,1.10854,1.10872,1.50,1.50
2011.08.25 05:12:10.706,1.10854,1.10872,1.50,1.50
2011.08.25 05:12:11.047,1.10856,1.10874,1.50,1.13
2011.08.25 05:12:13.366,1.10854,1.10872,1.50,1.73
2011.08.25 05:12:14.654,1.10851,1.10871,1.13,1.88
2011.08.25 05:12:16.493,1.10851,1.10871,1.13,1.88
2011.08.25 05:12:18.015,1.10849,1.10869,3.38,1.50
2011.08.25 05:12:21.793,1.10854,1.1087,2.25,1.13
2011.08.25 05:12:23.378,1.10851,1.1087,3.00,1.13
2011.08.25 05:12:24.526,1.10852,1.10872,2.63,2.63
2011.08.25 05:12:25.674,1.10852,1.10872,1.88,1.88
2011.08.25 05:12:25.794,1.10852,1.10872,1.88,1.88
2011.08.25 05:12:28.013,1.10852,1.10872,1.13,1.88
2011.08.25 05:12:35.333,1.10853,1.10873,1.88,1.13
2011.08.25 05:12:35.444,1.10854,1.10873,1.50,1.13
2011.08.25 05:12:39.556,1.10853,1.10872,1.13,2.25
2011.08.25 05:12:40.223,1.10853,1.10872,1.13,2.25
2011.08.25 05:12:41.534,1.10853,1.10872,1.13,2.25
2011.08.25 05:12:41.877,1.10851,1.10868,1.50,1.13
2011.08.25 05:12:42.105,1.10848,1.10868,2.63,3.38
2011.08.25 05:12:42.667,1.1085,1.10868,1.50,1.50
2011.08.25 05:12:45.120,1.10849,1.10868,2.25,1.50
2011.08.25 05:12:45.580,1.10849,1.10868,1.50,1.50
2011.08.25 05:12:54.702,1.10849,1.10867,1.50,1.13
2011.08.25 05:12:55.037,1.10847,1.10863,1.88,2.25
2011.08.25 05:12:55.153,1.10847,1.10865,1.13,1.50
2011.08.25 05:12:55.494,1.10846,1.10864,1.50,2.25
2011.08.25 05:12:57.294,1.10847,1.10865,1.50,1.88
2011.08.25 05:12:57.525,1.10847,1.10865,1.50,1.50
2011.08.25 05:12:57.976,1.10848,1.10867,1.50,1.13
2011.08.25 05:13:00.984,1.10847,1.10868,1.50,3.98
2011.08.25 05:13:01.582,1.10848,1.10868,1.50,3.98
2011.08.25 05:13:04.935,1.10848,1.10865,1.50,1.13
2011.08.25 05:13:05.360,1.10847,1.10865,2.25,1.13
2011.08.25 05:13:05.973,1.10848,1.10865,1.50,1.13
2011.08.25 05:13:07.335,1.10849,1.10865,1.50,1.13
2011.08.25 05:13:07.894,1.10849,1.10869,2.25,1.13
2011.08.25 05:13:13.463,1.10849,1.10867,2.25,1.13
2011.08.25 05:13:14.453,1.10849,1.10867,1.50,1.13
2011.08.25 05:13:14.973,1.10849,1.10867,2.25,1.13
2011.08.25 05:13:15.523,1.1085,1.10868,1.50,1.13
2011.08.25 05:13:16.505,1.1085,1.10868,2.25,1.13
2011.08.25 05:13:16.736,1.10851,1.1087,3.38,1.50
2011.08.25 05:13:16.857,1.10851,1.10871,2.63,2.63
2011.08.25 05:13:17.083,1.10853,1.10871,1.35,1.88
2011.08.25 05:13:18.045,1.10853,1.10871,2.10,1.88
2011.08.25 05:13:23.423,1.10855,1.10871,1.50,1.88
2011.08.25 05:13:23.875,1.10857,1.10871,1.50,1.13
2011.08.25 05:13:31.445,1.10855,1.10873,1.50,1.50
2011.08.25 05:13:32.435,1.10855,1.10874,1.50,1.88
2011.08.25 05:13:35.204,1.10857,1.10875,1.50,1.13
2011.08.25 05:13:38.785,1.10858,1.10875,1.50,1.13
2011.08.25 05:13:38.907,1.10861,1.10875,1.50,1.13
2011.08.25 05:13:41.214,1.10861,1.10877,2.85,1.13
2011.08.25 05:13:41.773,1.10861,1.10878,2.10,1.13
2011.08.25 05:13:42.334,1.10861,1.10879,1.35,1.50
2011.08.25 05:13:44.444,1.10861,1.10879,1.35,1.50
2011.08.25 05:13:48.775,1.1086,1.10877,2.25,1.88
2011.08.25 05:13:51.285,1.1086,1.10877,1.50,1.50
2011.08.25 05:13:51.843,1.10859,1.10877,1.35,1.50
2011.08.25 05:13:52.067,1.10857,1.10873,3.00,1.13
2011.08.25 05:13:52.186,1.10856,1.10873,1.50,1.13
2011.08.25 05:13:56.995,1.10856,1.10873,1.50,1.13
2011.08.25 05:13:57.334,1.10857,1.10873,1.50,1.13
2011.08.25 05:14:00.525,1.10856,1.10874,2.25,1.50
2011.08.25 05:14:01.485,1.10856,1.10875,1.50,1.88
2011.08.25 05:14:08.815,1.10856,1.10874,1.50,1.13
2011.08.25 05:14:09.375,1.10859,1.10876,1.50,1.13
2011.08.25 05:14:10.154,1.10857,1.10876,3.00,1.13
2011.08.25 05:14:11.766,1.10857,1.10875,1.50,1.13
2011.08.25 05:14:12.213,1.10856,1.10875,3.00,1.13
2011.08.25 05:14:12.907,1.10856,1.10875,3.00,1.13
2011.08.25 05:14:17.466,1.10856,1.10875,2.25,1.13
2011.08.25 05:14:24.743,1.10857,1.10875,2.25,1.13
2011.08.25 05:14:25.082,1.10857,1.10875,2.25,1.13
2011.08.25 05:14:29.755,1.10861,1.10878,1.35,2.63
2011.08.25 05:14:36.673,1.10859,1.10878,3.00,1.88
2011.08.25 05:14:39.827,1.1086,1.10878,2.63,1.50
2011.08.25 05:14:39.946,1.10862,1.1088,1.50,1.88
2011.08.25 05:14:40.064,1.10861,1.1088,1.73,1.88
2011.08.25 05:14:40.405,1.10863,1.10881,1.50,1.50
2011.08.25 05:14:40.524,1.10863,1.10883,1.50,2.63
2011.08.25 05:14:48.525,1.10864,1.10883,1.50,1.88
2011.08.25 05:14:51.016,1.10867,1.10884,1.50,1.50
2011.08.25 05:14:51.357,1.10874,1.10891,2.25,1.13
2011.08.25 05:14:51.473,1.10872,1.10891,1.50,1.88
2011.08.25 05:14:52.023,1.10871,1.10891,3.75,1.13
2011.08.25 05:14:52.533,1.10871,1.10891,3.75,1.88
2011.08.25 05:14:53.724,1.10875,1.10891,1.50,1.13
2011.08.25 05:14:54.063,1.10875,1.10891,1.50,1.88
2011.08.25 05:14:54.405,1.10874,1.10891,1.50,1.50
2011.08.25 05:14:54.524,1.10871,1.10891,3.38,1.50
2011.08.25 05:14:54.644,1.10873,1.10892,2.25,1.50
2011.08.25 05:14:54.877,1.1087,1.10888,1.50,1.13
2011.08.25 05:14:55.563,1.10868,1.10887,3.23,1.50
2011.08.25 05:14:57.184,1.10868,1.10888,3.00,1.73
2011.08.25 05:14:58.363,1.10871,1.10888,1.50,2.10
2011.08.25 05:14:58.917,1.1087,1.10888,1.50,1.35
2011.08.25 05:14:59.256,1.10868,1.10888,3.38,2.10
2011.08.25 05:14:59.376,1.10869,1.10886,1.50,1.50
2011.08.25 05:15:01.464,1.10869,1.10888,2.25,2.48
2011.08.25 05:15:02.047,1.10869,1.10888,1.50,2.48
2011.08.25 05:15:02.386,1.10869,1.10888,1.50,3.23
2011.08.25 05:15:05.716,1.10868,1.10886,2.25,1.50
2011.08.25 05:15:06.549,1.10868,1.10885,1.50,1.50
2011.08.25 05:15:06.667,1.10868,1.10883,1.50,1.13
2011.08.25 05:15:07.226,1.10865,1.10882,1.50,1.88
2011.08.25 05:15:07.784,1.10863,1.10882,2.85,1.88
2011.08.25 05:15:08.234,1.10863,1.10882,2.10,2.25
2011.08.25 05:15:08.355,1.10862,1.10879,1.13,1.50
2011.08.25 05:15:08.475,1.10862,1.1088,1.88,2.25
2011.08.25 05:15:09.034,1.10862,1.1088,1.88,1.50
2011.08.25 05:15:10.688,1.10859,1.10879,1.13,2.25
2011.08.25 05:15:10.916,1.1086,1.10879,1.88,2.25
2011.08.25 05:15:11.035,1.1086,1.10876,1.88,1.50
2011.08.25 05:15:11.933,1.10861,1.1088,1.50,2.63
2011.08.25 05:15:12.594,1.10861,1.10879,1.88,2.25
2011.08.25 05:15:12.825,1.10859,1.10879,1.50,2.25
2011.08.25 05:15:15.135,1.10861,1.10879,1.88,2.25
2011.08.25 05:15:15.694,1.10859,1.10878,1.13,1.50
2011.08.25 05:15:17.027,1.1086,1.10879,1.50,2.25
2011.08.25 05:15:17.143,1.1086,1.10879,1.50,1.50
2011.08.25 05:15:17.484,1.1086,1.10879,1.50,2.25
2011.08.25 05:15:19.272,1.10862,1.1088,1.13,1.50
2011.08.25 05:15:19.824,1.10863,1.10881,1.50,2.25
2011.08.25 05:15:20.625,1.10863,1.1088,1.88,1.50
2011.08.25 05:15:21.076,1.10863,1.10881,1.88,1.50
2011.08.25 05:15:21.785,1.10866,1.10883,1.50,3.23
2011.08.25 05:15:21.906,1.10865,1.10883,1.50,2.63
2011.08.25 05:15:22.023,1.10866,1.10883,1.50,1.88
2011.08.25 05:15:22.144,1.10866,1.10883,1.50,1.88
2011.08.25 05:15:22.374,1.10866,1.10883,1.50,1.13
2011.08.25 05:15:22.824,1.10863,1.10883,1.88,2.25
2011.08.25 05:15:23.384,1.10863,1.10881,1.13,1.50
2011.08.25 05:15:23.504,1.10863,1.1088,1.13,1.50
2011.08.25 05:15:23.624,1.10862,1.10882,1.73,2.25
2011.08.25 05:15:24.075,1.10862,1.10881,2.48,1.50
2011.08.25 05:15:24.196,1.1086,1.1088,1.35,2.25
2011.08.25 05:15:25.065,1.10862,1.10881,1.35,1.50
2011.08.25 05:15:25.683,1.10862,1.10881,1.73,1.50
2011.08.25 05:15:26.235,1.10864,1.10881,2.25,1.50
2011.08.25 05:15:26.356,1.10865,1.10881,1.50,1.50
2011.08.25 05:15:26.584,1.10867,1.10881,1.50,1.50
2011.08.25 05:15:29.133,1.10865,1.10884,1.13,2.25
2011.08.25 05:15:29.576,1.10864,1.10883,1.13,2.25
2011.08.25 05:15:29.695,1.10864,1.1088,1.88,1.50
2011.08.25 05:15:29.924,1.10864,1.10883,1.88,2.25
2011.08.25 05:15:30.855,1.10865,1.10885,1.13,1.88
2011.08.25 05:15:31.525,1.10864,1.10883,1.88,1.50
2011.08.25 05:15:31.757,1.10864,1.10883,1.13,1.50
2011.08.25 05:15:32.317,1.10864,1.10882,1.13,1.50
2011.08.25 05:15:33.744,1.10865,1.10882,1.50,2.25
2011.08.25 05:15:34.084,1.10861,1.10877,1.35,1.50
2011.08.25 05:15:34.643,1.10862,1.10877,1.35,1.50
2011.08.25 05:15:34.977,1.10862,1.10877,1.73,1.50
2011.08.25 05:15:35.535,1.10863,1.1088,1.50,1.50
2011.08.25 05:15:35.878,1.10862,1.10882,2.48,1.88
2011.08.25 05:15:36.807,1.10863,1.10882,1.13,1.50
2011.08.25 05:15:37.363,1.10866,1.10884,1.50,2.25
2011.08.25 05:15:37.916,1.10866,1.10882,1.50,1.50
2011.08.25 05:15:40.235,1.10866,1.10885,1.50,2.25
2011.08.25 05:15:40.685,1.10866,1.10882,1.50,1.50
2011.08.25 05:15:41.025,1.10866,1.10884,1.50,1.50
2011.08.25 05:15:41.476,1.10867,1.10884,1.13,2.25
2011.08.25 05:15:45.206,1.10867,1.10885,1.13,2.25
2011.08.25 05:15:45.764,1.1087,1.10888,1.13,1.50
2011.08.25 05:15:46.325,1.1087,1.10887,1.50,1.50
2011.08.25 05:15:47.817,1.1087,1.1089,2.63,1.73
2011.08.25 05:15:49.254,1.10872,1.1089,1.88,2.10
2011.08.25 05:15:49.376,1.10872,1.1089,1.13,2.10
2011.08.25 05:15:49.825,1.10872,1.1089,1.13,2.85
2011.08.25 05:15:51.786,1.10909,1.10924,2.10,1.50
2011.08.25 05:15:52.027,1.10947,1.10977,1.50,1.50
2011.08.25 05:15:52.154,1.10949,1.1098,1.88,2.25
2011.08.25 05:15:52.285,1.10951,1.10989,1.13,4.13
2011.08.25 05:15:52.408,1.10952,1.10991,1.50,1.50
2011.08.25 05:15:52.751,1.10969,1.11003,1.50,1.50
2011.08.25 05:15:52.871,1.10985,1.11008,1.50,1.35
2011.08.25 05:15:52.989,1.10993,1.11013,2.25,1.50
2011.08.25 05:15:53.108,1.10989,1.1101,1.50,2.25
2011.08.25 05:15:53.229,1.10996,1.1101,2.25,1.50
2011.08.25 05:15:53.349,1.10995,1.11014,1.50,1.32
2011.08.25 05:15:53.468,1.10999,1.11014,1.50,1.32
2011.08.25 05:15:54.081,1.10999,1.11017,1.50,2.25
2011.08.25 05:15:54.197,1.10999,1.11019,1.50,1.50
2011.08.25 05:15:54.316,1.10999,1.11019,1.50,1.50
2011.08.25 05:15:54.670,1.11002,1.11017,1.50,2.25
2011.08.25 05:15:55.127,1.11006,1.11025,1.50,1.50
2011.08.25 05:15:55.465,1.11006,1.11026,1.50,1.50
2011.08.25 05:15:56.796,1.11004,1.11025,1.50,1.88
2011.08.25 05:15:56.915,1.11003,1.11025,1.50,1.88
2011.08.25 05:15:57.036,1.11003,1.11023,1.50,1.13
2011.08.25 05:15:57.378,1.11,1.11019,2.25,1.50
2011.08.25 05:15:57.500,1.10998,1.11019,2.25,2.25
2011.08.25 05:15:57.935,1.11001,1.11018,2.25,1.50
2011.08.25 05:15:58.050,1.10994,1.11014,1.50,1.13
2011.08.25 05:15:58.276,1.10993,1.11012,2.25,1.13
2011.08.25 05:15:59.406,1.10993,1.11014,1.50,1.50
2011.08.25 05:15:59.972,1.1099,1.11006,1.50,2.25
2011.08.25 05:16:00.091,1.10986,1.11005,3.00,1.50
2011.08.25 05:16:00.211,1.10984,1.11001,1.35,2.25
2011.08.25 05:16:00.441,1.10981,1.10999,2.25,1.50
2011.08.25 05:16:00.559,1.10985,1.11003,1.50,3.75
2011.08.25 05:16:00.679,1.10987,1.11008,1.50,1.35
2011.08.25 05:16:00.797,1.10989,1.11009,2.25,1.35
2011.08.25 05:16:01.027,1.1099,1.1101,1.50,1.35
2011.08.25 05:16:01.366,1.10993,1.1101,1.50,1.73
2011.08.25 05:16:01.808,1.10992,1.11008,1.50,1.13
2011.08.25 05:16:01.935,1.10985,1.11005,2.10,2.25
2011.08.25 05:16:02.274,1.10985,1.11003,1.50,1.35
2011.08.25 05:16:02.837,1.10985,1.11001,1.50,1.35
2011.08.25 05:16:02.956,1.10986,1.11003,1.50,1.35
2011.08.25 05:16:03.309,1.10981,1.10998,1.50,1.13
2011.08.25 05:16:03.428,1.10974,1.10996,5.10,2.25
2011.08.25 05:16:03.549,1.10976,1.10997,1.13,1.50
2011.08.25 05:16:03.668,1.10974,1.10991,2.85,1.13
2011.08.25 05:16:03.788,1.10969,1.10983,2.48,2.25
2011.08.25 05:16:04.347,1.10965,1.10981,1.50,2.10
2011.08.25 05:16:04.577,1.10962,1.10981,1.13,1.35
2011.08.25 05:16:04.805,1.10962,1.10982,1.13,1.50
2011.08.25 05:16:04.924,1.10962,1.10983,1.13,2.25
2011.08.25 05:16:05.155,1.10962,1.10983,1.13,1.50
2011.08.25 05:16:05.385,1.10962,1.10981,1.13,1.50
2011.08.25 05:16:05.830,1.10964,1.10983,1.13,3.00
2011.08.25 05:16:06.068,1.10962,1.1098,1.13,2.25
2011.08.25 05:16:06.189,1.10959,1.10975,1.13,1.50
2011.08.25 05:16:06.646,1.10943,1.10964,2.25,1.50
2011.08.25 05:16:06.990,1.10938,1.10957,3.00,1.50
2011.08.25 05:16:07.546,1.10934,1.10952,1.13,1.50
2011.08.25 05:16:08.326,1.1093,1.10949,3.00,3.00
2011.08.25 05:16:08.776,1.10929,1.1095,3.00,1.13
2011.08.25 05:16:09.117,1.10937,1.10952,1.13,1.35
2011.08.25 05:16:09.347,1.10937,1.10955,1.13,1.50
2011.08.25 05:16:09.466,1.10933,1.10939,1.50,1.50
2011.08.25 05:16:09.585,1.10935,1.10955,1.13,2.46
2011.08.25 05:16:09.711,1.10933,1.1095,1.50,1.50
2011.08.25 05:16:10.360,1.10932,1.10951,1.50,1.50
2011.08.25 05:16:10.484,1.10933,1.10952,3.00,1.35
2011.08.25 05:16:10.824,1.10935,1.10957,1.50,3.81
2011.08.25 05:16:11.604,1.10938,1.10957,1.50,1.56
2011.08.25 05:16:11.725,1.10938,1.10957,1.50,1.56
2011.08.25 05:16:12.064,1.10941,1.10957,2.25,1.56
2011.08.25 05:16:12.408,1.10944,1.10959,1.50,1.56
2011.08.25 05:16:12.642,1.10952,1.10969,1.50,1.88
2011.08.25 05:16:12.757,1.10952,1.10969,1.50,1.34
2011.08.25 05:16:13.976,1.10952,1.10971,2.25,1.13
2011.08.25 05:16:14.096,1.10951,1.10969,1.13,1.50
2011.08.25 05:16:14.214,1.10951,1.10971,1.13,2.25
2011.08.25 05:16:14.446,1.10954,1.10973,1.13,3.00
2011.08.25 05:16:14.566,1.10955,1.10973,1.50,2.25
2011.08.25 05:16:15.001,1.10964,1.10981,1.50,1.56
2011.08.25 05:16:15.227,1.10965,1.10984,1.88,2.25
2011.08.25 05:16:16.226,1.10968,1.10986,1.50,1.73
2011.08.25 05:16:16.783,1.10966,1.10985,2.25,1.73
2011.08.25 05:16:16.905,1.1097,1.10986,1.50,1.73
2011.08.25 05:16:17.025,1.10966,1.10986,3.00,1.73
2011.08.25 05:16:17.258,1.10967,1.10986,2.25,1.73
2011.08.25 05:16:17.374,1.10966,1.10986,1.50,1.73
2011.08.25 05:16:17.934,1.1097,1.10986,1.50,2.48
2011.08.25 05:16:19.404,1.10964,1.10985,1.13,2.10
2011.08.25 05:16:19.747,1.10963,1.10981,2.63,1.50
2011.08.25 05:16:20.305,1.10963,1.10982,1.88,1.50
2011.08.25 05:16:20.533,1.10964,1.10982,1.50,1.50
2011.08.25 05:16:23.577,1.10963,1.10982,1.13,1.50
2011.08.25 05:16:25.126,1.10962,1.10981,3.38,2.25
2011.08.25 05:16:26.703,1.10962,1.10981,1.88,2.25
2011.08.25 05:16:26.923,1.10962,1.10979,1.88,1.50
2011.08.25 05:16:27.475,1.10961,1.1098,1.88,1.50
2011.08.25 05:16:27.704,1.10963,1.10981,1.50,1.50
2011.08.25 05:16:28.049,1.1096,1.10975,2.10,1.50
2011.08.25 05:16:28.165,1.1096,1.10978,2.10,2.63
2011.08.25 05:16:28.606,1.10955,1.10969,3.00,2.25
2011.08.25 05:16:28.731,1.10948,1.10962,3.00,2.63
2011.08.25 05:16:29.065,1.10943,1.10961,1.50,1.50
2011.08.25 05:16:30.726,1.10944,1.10961,1.50,1.50
2011.08.25 05:16:31.067,1.10945,1.10958,1.50,1.50
2011.08.25 05:16:31.187,1.1094,1.10957,1.88,1.50
2011.08.25 05:16:31.305,1.1094,1.10958,4.13,2.25
2011.08.25 05:16:31.427,1.1094,1.10957,1.88,1.50
2011.08.25 05:16:31.544,1.1094,1.10957,1.13,1.50
2011.08.25 05:16:31.664,1.1094,1.10957,1.88,1.50
2011.08.25 05:16:31.785,1.1094,1.10958,1.88,2.25
2011.08.25 05:16:31.905,1.1094,1.10956,1.88,2.25
2011.08.25 05:16:32.025,1.10938,1.10957,1.13,1.50
2011.08.25 05:16:32.148,1.10938,1.10956,1.13,1.50
2011.08.25 05:16:32.485,1.10938,1.10956,1.13,2.25
2011.08.25 05:16:32.825,1.10938,1.10956,1.13,2.25
2011.08.25 05:16:33.275,1.10936,1.10952,1.88,1.50
2011.08.25 05:16:33.835,1.10937,1.10954,1.50,3.38
2011.08.25 05:16:34.779,1.10937,1.10955,1.50,1.88
2011.08.25 05:16:35.012,1.10939,1.10956,1.50,1.13
2011.08.25 05:16:35.565,1.10939,1.10956,1.50,1.13
2011.08.25 05:16:35.684,1.10939,1.10957,1.50,1.88
2011.08.25 05:16:35.916,1.10939,1.10955,1.50,1.50
2011.08.25 05:16:36.604,1.10937,1.10955,1.50,1.50
2011.08.25 05:16:37.164,1.10934,1.10952,1.50,1.88
2011.08.25 05:16:37.959,1.10934,1.10951,1.50,1.50
2011.08.25 05:16:38.185,1.10934,1.10951,1.50,2.25
2011.08.25 05:16:41.142,1.10931,1.1095,1.50,1.50
2011.08.25 05:16:41.476,1.10928,1.10946,1.88,3.00
2011.08.25 05:16:41.707,1.10928,1.10944,1.13,2.25
2011.08.25 05:16:42.264,1.10928,1.10943,1.13,1.50
2011.08.25 05:16:42.828,1.10926,1.10941,1.13,2.25
2011.08.25 05:16:43.167,1.10926,1.10939,1.50,2.25
2011.08.25 05:16:43.505,1.10924,1.10942,1.50,3.00
2011.08.25 05:16:43.954,1.10925,1.10941,1.50,1.13
2011.08.25 05:16:44.188,1.10925,1.10942,1.50,1.50
2011.08.25 05:16:44.524,1.10928,1.10944,2.25,1.50
2011.08.25 05:16:44.756,1.10925,1.10944,3.00,1.50
2011.08.25 05:16:48.954,1.10926,1.10942,1.50,2.25
2011.08.25 05:16:51.237,1.10926,1.10947,5.25,1.71
2011.08.25 05:16:51.794,1.10931,1.1095,1.88,1.50
2011.08.25 05:16:55.765,1.10932,1.1095,1.50,1.50
2011.08.25 05:16:56.324,1.10934,1.10954,1.50,1.50
2011.08.25 05:16:57.233,1.10934,1.10955,1.50,1.50
2011.08.25 05:16:57.778,1.10934,1.10956,1.50,3.00
2011.08.25 05:16:59.463,1.10934,1.10954,1.50,1.50
2011.08.25 05:17:00.014,1.10934,1.10953,1.50,1.13
2011.08.25 05:17:00.464,1.10936,1.10956,1.50,2.25
2011.08.25 05:17:02.575,1.10936,1.10956,1.50,1.50
2011.08.25 05:17:03.136,1.10932,1.10953,3.38,1.13
2011.08.25 05:17:03.257,1.10938,1.10959,1.50,3.75
2011.08.25 05:17:03.596,1.10942,1.10959,1.50,3.00
2011.08.25 05:17:03.936,1.10946,1.10965,1.13,1.50
2011.08.25 05:17:04.168,1.1095,1.10967,2.25,1.13
2011.08.25 05:17:04.286,1.10946,1.10967,1.88,1.13
2011.08.25 05:17:04.691,1.10946,1.10967,1.13,1.13
2011.08.25 05:17:05.025,1.10947,1.10966,2.25,1.13
2011.08.25 05:17:07.257,1.10946,1.10966,3.38,1.88
2011.08.25 05:17:07.820,1.10949,1.10966,2.25,1.13
2011.08.25 05:17:08.725,1.10946,1.10966,4.13,1.88
2011.08.25 05:17:08.846,1.10945,1.10965,1.50,1.50
2011.08.25 05:17:08.965,1.10941,1.10963,2.63,1.88
2011.08.25 05:17:09.415,1.1094,1.10959,1.13,1.50
2011.08.25 05:17:09.974,1.1094,1.1096,1.13,1.88
2011.08.25 05:17:10.542,1.10938,1.10959,1.50,1.13
2011.08.25 05:17:10.876,1.10942,1.10963,1.50,1.50
2011.08.25 05:17:10.997,1.10939,1.10959,3.00,1.50
2011.08.25 05:17:11.564,1.10941,1.1096,2.25,1.50
2011.08.25 05:17:13.474,1.10941,1.1096,2.25,1.50
2011.08.25 05:17:14.034,1.10941,1.1096,3.00,1.50
2011.08.25 05:17:14.375,1.10943,1.10962,1.50,1.13
2011.08.25 05:17:15.324,1.10944,1.10964,1.50,3.00
2011.08.25 05:17:15.667,1.10948,1.10966,2.25,1.13
2011.08.25 05:17:15.898,1.10946,1.10964,1.50,1.88
2011.08.25 05:17:16.343,1.10944,1.10964,1.50,2.63
2011.08.25 05:17:16.454,1.10943,1.10963,2.25,3.00
2011.08.25 05:17:16.907,1.10944,1.10959,2.25,1.50
2011.08.25 05:17:17.026,1.10946,1.10961,1.50,1.50
2011.08.25 05:17:18.186,1.10951,1.10963,1.50,1.13
2011.08.25 05:17:18.306,1.10951,1.10965,1.50,1.13
2011.08.25 05:17:19.416,1.10951,1.10965,1.50,1.13
2011.08.25 05:17:20.745,1.10947,1.10965,2.25,1.50
2011.08.25 05:17:20.977,1.10947,1.10962,2.25,1.50
2011.08.25 05:17:21.204,1.10944,1.10962,2.25,2.25
2011.08.25 05:17:21.764,1.10945,1.10962,1.50,2.25
2011.08.25 05:17:23.077,1.10945,1.1096,1.50,1.88
2011.08.25 05:17:23.634,1.10942,1.10958,1.50,1.50
2011.08.25 05:17:23.759,1.10938,1.10956,1.50,2.25
2011.08.25 05:17:23.880,1.10936,1.10952,1.50,1.50
2011.08.25 05:17:23.999,1.10938,1.10952,1.50,1.50
2011.08.25 05:17:25.226,1.10938,1.10954,1.50,1.50
2011.08.25 05:17:25.346,1.10939,1.10955,1.50,3.75
2011.08.25 05:17:25.904,1.10938,1.10955,1.50,3.38
2011.08.25 05:17:26.410,1.10933,1.10952,2.63,1.50
2011.08.25 05:17:26.975,1.10934,1.10951,1.50,1.88
2011.08.25 05:17:27.315,1.10934,1.1095,3.00,1.50
2011.08.25 05:17:27.654,1.10938,1.10953,1.50,1.50
2011.08.25 05:17:27.775,1.10935,1.1095,2.25,1.50
2011.08.25 05:17:27.898,1.10942,1.10953,1.50,1.50
2011.08.25 05:17:28.016,1.10942,1.10955,1.50,1.50
2011.08.25 05:17:28.135,1.10938,1.10958,2.25,2.25
2011.08.25 05:17:28.717,1.10942,1.10958,3.00,2.25
2011.08.25 05:17:29.054,1.10942,1.10961,2.25,1.88
2011.08.25 05:17:29.613,1.10947,1.10963,1.50,1.50
2011.08.25 05:17:30.057,1.10948,1.10966,2.25,1.50
2011.08.25 05:17:30.178,1.10948,1.10969,3.00,2.63
2011.08.25 05:17:30.298,1.10948,1.10967,2.25,1.50
2011.08.25 05:17:30.416,1.10948,1.10969,2.25,2.63
2011.08.25 05:17:30.537,1.10948,1.10968,1.50,2.25
2011.08.25 05:17:31.536,1.10949,1.10968,1.50,1.50
2011.08.25 05:17:32.448,1.10951,1.1097,2.25,1.88
2011.08.25 05:17:32.574,1.10957,1.10976,2.25,1.88
2011.08.25 05:17:33.274,1.10962,1.10976,1.50,1.13
2011.08.25 05:17:33.864,1.10962,1.10976,1.50,1.13
2011.08.25 05:17:35.545,1.1096,1.10979,1.50,1.13
2011.08.25 05:17:37.125,1.1096,1.10979,1.50,1.13
2011.08.25 05:17:37.466,1.10957,1.10975,2.25,1.13
2011.08.25 05:17:37.805,1.10958,1.10975,1.50,1.13
2011.08.25 05:17:38.365,1.10959,1.10976,1.50,1.13
2011.08.25 05:17:38.814,1.10961,1.10977,1.50,1.13
2011.08.25 05:17:39.155,1.10959,1.10977,1.50,1.13
2011.08.25 05:17:45.007,1.10954,1.10972,1.13,2.25
2011.08.25 05:17:45.129,1.10952,1.10972,1.13,1.88
2011.08.25 05:17:45.247,1.10953,1.10972,1.50,1.88
2011.08.25 05:17:45.804,1.10952,1.10971,1.88,1.50
2011.08.25 05:17:46.145,1.10953,1.10971,1.50,1.50
2011.08.25 05:17:48.176,1.10953,1.10972,1.50,1.88
2011.08.25 05:17:48.515,1.10952,1.10973,1.50,1.50
2011.08.25 05:17:51.604,1.10951,1.1097,1.50,1.13
2011.08.25 05:17:52.267,1.10951,1.10971,1.50,1.50
2011.08.25 05:17:55.525,1.10949,1.10968,3.75,2.63
2011.08.25 05:17:55.647,1.10949,1.10965,1.50,1.50
2011.08.25 05:17:56.203,1.10948,1.10965,1.13,1.50
2011.08.25 05:17:58.595,1.1095,1.10965,1.13,1.50
2011.08.25 05:18:00.727,1.10952,1.10968,1.50,1.50
2011.08.25 05:18:00.846,1.10955,1.10972,1.50,3.75
2011.08.25 05:18:01.074,1.10953,1.10973,2.63,1.13
2011.08.25 05:18:01.415,1.10956,1.10973,1.50,1.13
2011.08.25 05:18:03.526,1.10958,1.10973,1.50,1.13
2011.08.25 05:18:03.865,1.10961,1.10975,1.50,2.25
2011.08.25 05:18:05.120,1.10961,1.10978,1.50,2.25
2011.08.25 05:18:05.665,1.10961,1.10977,1.50,1.50
2011.08.25 05:18:05.787,1.10962,1.10978,1.50,1.50
2011.08.25 05:18:07.485,1.10961,1.10979,1.50,1.13
2011.08.25 05:18:08.044,1.1096,1.10979,1.50,1.13
2011.08.25 05:18:08.506,1.10958,1.10973,1.50,1.50
2011.08.25 05:18:08.625,1.1096,1.10976,1.50,1.88
2011.08.25 05:18:08.854,1.1096,1.10976,1.50,1.13
2011.08.25 05:18:21.445,1.10962,1.10978,2.25,1.50
2011.08.25 05:18:23.927,1.10963,1.1098,1.50,1.50
2011.08.25 05:18:24.265,1.10964,1.10981,1.50,1.50
2011.08.25 05:18:24.386,1.10965,1.10981,1.50,1.50
2011.08.25 05:18:26.915,1.10965,1.10983,1.50,1.50
2011.08.25 05:18:27.036,1.10965,1.10981,1.50,1.13
2011.08.25 05:18:27.925,1.10965,1.10981,2.25,1.13
2011.08.25 05:18:28.504,1.10964,1.10981,1.50,1.13
2011.08.25 05:18:34.555,1.10963,1.1098,1.50,1.50
2011.08.25 05:18:34.676,1.10961,1.10979,2.63,1.50
2011.08.25 05:18:35.128,1.10964,1.10981,2.25,1.13
2011.08.25 05:18:35.247,1.10967,1.10981,1.50,1.13
2011.08.25 05:18:35.367,1.10964,1.10982,1.13,2.25
2011.08.25 05:18:35.486,1.10965,1.10983,1.50,1.50
2011.08.25 05:18:35.717,1.10964,1.10983,1.88,1.50
2011.08.25 05:18:36.055,1.10964,1.10979,1.13,1.50
2011.08.25 05:18:36.396,1.10962,1.10977,2.25,1.50
2011.08.25 05:18:37.405,1.10963,1.1098,1.50,1.50
2011.08.25 05:18:38.697,1.10963,1.10979,1.50,3.00
2011.08.25 05:18:40.055,1.10962,1.10971,1.50,2.25
2011.08.25 05:18:40.175,1.10962,1.10974,1.50,2.25
2011.08.25 05:18:40.295,1.10956,1.10974,3.00,2.25
2011.08.25 05:18:41.666,1.10959,1.10974,2.25,1.50
2011.08.25 05:18:46.656,1.10956,1.10973,2.25,2.25
2011.08.25 05:18:46.775,1.10955,1.10973,1.50,3.75
2011.08.25 05:18:48.915,1.10957,1.10975,2.25,2.63
2011.08.25 05:18:49.365,1.10957,1.10975,1.50,2.63
2011.08.25 05:18:49.484,1.10957,1.10975,3.00,2.63
2011.08.25 05:18:50.064,1.10957,1.10975,1.50,2.63
2011.08.25 05:18:50.846,1.10962,1.10979,1.88,1.50
2011.08.25 05:18:51.076,1.10962,1.10979,2.63,1.50
2011.08.25 05:18:51.195,1.10962,1.10982,3.38,1.88
2011.08.25 05:18:51.646,1.10966,1.10983,1.88,1.50
2011.08.25 05:18:54.184,1.10969,1.10988,1.50,1.50
2011.08.25 05:18:54.670,1.10972,1.1099,2.25,1.50
2011.08.25 05:18:54.795,1.10973,1.10991,1.50,1.88
2011.08.25 05:18:55.028,1.10973,1.10991,1.50,1.88
2011.08.25 05:18:57.217,1.10972,1.10988,1.50,1.13
2011.08.25 05:18:57.774,1.10971,1.10991,2.25,1.88
2011.08.25 05:18:58.337,1.10975,1.10991,1.50,1.13
2011.08.25 05:19:00.437,1.10974,1.10993,1.50,1.88
2011.08.25 05:19:01.276,1.10977,1.10995,1.50,2.25
2011.08.25 05:19:01.405,1.10976,1.10995,1.50,1.88
2011.08.25 05:19:01.525,1.10978,1.10995,2.25,1.88
2011.08.25 05:19:01.644,1.10976,1.10995,1.50,1.88
2011.08.25 05:19:02.425,1.10976,1.10995,2.25,1.88
2011.08.25 05:19:03.204,1.10976,1.10995,2.25,1.88
2011.08.25 05:19:04.177,1.10976,1.10994,1.50,1.13
2011.08.25 05:19:04.515,1.10976,1.10994,1.50,1.13
2011.08.25 05:19:05.186,1.10976,1.10995,2.25,1.88
2011.08.25 05:19:05.415,1.10976,1.10995,2.25,1.88
2011.08.25 05:19:06.484,1.10976,1.10995,1.50,1.50
2011.08.25 05:19:07.778,1.10977,1.10994,1.50,1.13
2011.08.25 05:19:08.228,1.10974,1.10993,1.13,3.00
2011.08.25 05:19:08.566,1.10973,1.10993,1.50,4.73
2011.08.25 05:19:09.015,1.10973,1.10993,2.25,3.23
2011.08.25 05:19:09.354,1.10975,1.10993,2.25,2.85
2011.08.25 05:19:09.695,1.10975,1.10993,1.50,1.35
2011.08.25 05:19:10.254,1.10975,1.10993,1.50,2.10
2011.08.25 05:19:10.727,1.10984,1.10993,1.50,2.10
2011.08.25 05:19:11.303,1.10984,1.11,1.50,1.50
2011.08.25 05:19:11.430,1.10988,1.10999,1.50,1.13
2011.08.25 05:19:11.552,1.10986,1.11004,1.50,1.73
2011.08.25 05:19:11.777,1.10989,1.11008,1.50,1.88
2011.08.25 05:19:12.335,1.10992,1.11008,1.50,1.88
2011.08.25 05:19:12.784,1.10992,1.11008,1.50,2.25
2011.08.25 05:19:14.125,1.10992,1.11007,1.50,1.50
2011.08.25 05:19:14.464,1.10993,1.11008,1.50,1.50
2011.08.25 05:19:14.585,1.10995,1.11008,2.25,1.50
2011.08.25 05:19:14.924,1.10995,1.1101,2.25,1.13
2011.08.25 05:19:15.156,1.10993,1.11009,2.25,1.13
2011.08.25 05:19:15.275,1.10993,1.11009,2.25,1.88
2011.08.25 05:19:15.616,1.10993,1.11002,1.50,1.13
2011.08.25 05:19:16.066,1.10986,1.11005,2.25,1.13
2011.08.25 05:19:16.186,1.10984,1.11001,3.00,1.50
2011.08.25 05:19:16.305,1.10986,1.11003,1.50,1.50
2011.08.25 05:19:16.424,1.10986,1.11003,1.50,1.50
2011.08.25 05:19:19.158,1.1099,1.1101,3.00,3.75
2011.08.25 05:19:19.609,1.11002,1.11011,2.25,2.25
2011.08.25 05:19:19.737,1.11,1.11015,1.50,1.50
2011.08.25 05:19:20.295,1.11,1.11015,2.25,1.50
2011.08.25 05:19:21.075,1.10997,1.11015,2.25,2.25
2011.08.25 05:19:21.634,1.10997,1.11015,2.25,2.25
2011.08.25 05:19:22.144,1.10997,1.11014,2.25,1.50
2011.08.25 05:19:22.596,1.10995,1.11013,1.50,1.50
2011.08.25 05:19:22.827,1.10993,1.11009,1.13,1.50
2011.08.25 05:19:24.755,1.10993,1.11012,1.50,1.50
2011.08.25 05:19:24.883,1.10995,1.11011,1.50,1.50
2011.08.25 05:19:25.216,1.10999,1.11014,1.50,1.50
2011.08.25 05:19:25.775,1.11004,1.1102,1.50,2.25
2011.08.25 05:19:25.892,1.11007,1.11026,1.88,1.50
2011.08.25 05:19:26.006,1.11007,1.11026,1.88,1.50
2011.08.25 05:19:27.226,1.1101,1.11028,1.50,1.50
2011.08.25 05:19:27.348,1.11015,1.1103,1.50,2.25
2011.08.25 05:19:27.469,1.11015,1.11034,1.50,3.75
2011.08.25 05:19:27.587,1.11016,1.11034,1.50,3.00
2011.08.25 05:19:28.145,1.11019,1.11035,1.50,1.50
2011.08.25 05:19:28.487,1.1102,1.11036,1.50,1.50
2011.08.25 05:19:28.714,1.11019,1.11035,1.50,1.50
2011.08.25 05:19:28.834,1.11017,1.11037,2.25,1.50
2011.08.25 05:19:29.174,1.11018,1.11035,1.50,1.50
2011.08.25 05:19:29.858,1.11013,1.1103,1.50,1.88
2011.08.25 05:19:30.195,1.11007,1.11026,2.25,4.13
2011.08.25 05:19:30.316,1.11006,1.11022,1.50,1.50
2011.08.25 05:19:30.437,1.11003,1.11021,2.25,3.38
2011.08.25 05:19:30.776,1.11004,1.11023,1.50,2.25
2011.08.25 05:19:30.897,1.11003,1.11023,2.25,1.50
2011.08.25 05:19:31.456,1.11004,1.11024,1.50,1.13
2011.08.25 05:19:32.125,1.11004,1.11024,1.50,1.88
2011.08.25 05:19:32.686,1.11004,1.11024,2.25,1.13
2011.08.25 05:19:32.916,1.11007,1.11025,1.50,2.63
2011.08.25 05:19:35.135,1.11006,1.11025,1.50,1.88
2011.08.25 05:19:35.914,1.11006,1.11025,1.50,1.88
2011.08.25 05:19:36.500,1.11012,1.11028,1.50,1.13
2011.08.25 05:19:36.730,1.11008,1.11028,1.13,1.50
2011.08.25 05:19:37.175,1.11007,1.11027,2.63,1.50
2011.08.25 05:19:37.405,1.1101,1.11027,1.50,1.13
2011.08.25 05:19:37.529,1.11012,1.1103,1.50,1.50
2011.08.25 05:19:37.649,1.11015,1.11031,1.50,1.13
2011.08.25 05:19:38.204,1.11017,1.11036,1.50,2.63
2011.08.25 05:19:39.365,1.11016,1.11035,1.50,1.50
2011.08.25 05:19:39.970,1.11015,1.11031,1.50,1.13
2011.08.25 05:19:40.415,1.11016,1.11035,1.50,1.50
2011.08.25 05:19:42.387,1.11017,1.11033,1.50,1.13
2011.08.25 05:19:42.627,1.11013,1.11031,1.50,1.13
2011.08.25 05:19:42.976,1.1102,1.11037,1.50,4.88
2011.08.25 05:19:43.098,1.11023,1.11038,1.50,1.50
2011.08.25 05:19:43.219,1.11026,1.11042,1.50,2.63
2011.08.25 05:19:43.338,1.11026,1.11042,1.50,2.63
2011.08.25 05:19:44.937,1.11025,1.1104,1.50,1.13
2011.08.25 05:19:45.947,1.11027,1.11043,1.50,1.50
2011.08.25 05:19:46.506,1.11029,1.11045,1.50,2.25
2011.08.25 05:19:46.956,1.11026,1.11044,1.50,1.50
2011.08.25 05:19:47.465,1.11026,1.11043,1.50,1.50
2011.08.25 05:19:48.027,1.11025,1.11042,1.50,1.13
2011.08.25 05:19:48.146,1.11024,1.11041,2.25,1.13
2011.08.25 05:19:48.380,1.11023,1.1104,1.13,3.00
2011.08.25 05:19:48.717,1.11018,1.11036,1.50,2.10
2011.08.25 05:19:48.839,1.11017,1.11033,1.50,1.13
2011.08.25 05:19:48.957,1.11018,1.11034,1.50,1.13
2011.08.25 05:19:49.187,1.11016,1.11032,1.50,1.50
2011.08.25 05:19:49.415,1.11016,1.11033,1.50,1.50
2011.08.25 05:19:49.756,1.11013,1.11032,1.50,1.50
2011.08.25 05:19:49.876,1.11014,1.11032,1.50,1.50
2011.08.25 05:19:50.927,1.11013,1.11033,1.50,1.13
2011.08.25 05:19:51.165,1.11013,1.11032,1.88,2.25
2011.08.25 05:19:51.507,1.11014,1.11035,1.50,1.50
2011.08.25 05:19:51.736,1.11016,1.11036,1.50,2.25
2011.08.25 05:19:51.966,1.11022,1.11036,1.50,1.50
2011.08.25 05:19:52.527,1.11016,1.11034,1.13,1.50
2011.08.25 05:19:52.975,1.11014,1.11034,1.88,1.50
2011.08.25 05:19:54.785,1.11014,1.11034,1.88,2.25
2011.08.25 05:19:55.346,1.11015,1.11034,2.25,2.25
2011.08.25 05:19:55.465,1.11015,1.11034,3.00,2.25
2011.08.25 05:19:56.869,1.11017,1.11037,2.63,1.50
2011.08.25 05:19:56.987,1.11017,1.11037,1.88,2.25
2011.08.25 05:19:57.435,1.11016,1.11035,1.50,1.50
2011.08.25 05:19:58.328,1.11019,1.11038,1.50,3.38
2011.08.25 05:19:58.446,1.11019,1.11038,1.50,1.13
2011.08.25 05:19:58.894,1.11022,1.11038,1.50,1.50
2011.08.25 05:19:59.128,1.1102,1.11038,1.50,2.25
2011.08.25 05:19:59.465,1.11016,1.11031,1.50,1.50
2011.08.25 05:20:00.134,1.11016,1.11035,1.50,3.00
2011.08.25 05:20:01.847,1.11016,1.11035,1.50,1.88
2011.08.25 05:20:02.184,1.11015,1.11035,1.88,1.88
2011.08.25 05:20:03.055,1.11015,1.11035,1.88,1.88
2011.08.25 05:20:06.593,1.11014,1.11034,1.88,1.88
2011.08.25 05:20:07.254,1.11014,1.11032,1.88,1.50
2011.08.25 05:20:08.146,1.11014,1.11032,1.13,1.50
2011.08.25 05:20:09.929,1.11007,1.11019,1.50,3.00
2011.08.25 05:20:10.049,1.11006,1.11016,1.50,1.50
2011.08.25 05:20:10.169,1.11006,1.11014,1.50,1.13
2011.08.25 05:20:10.290,1.10996,1.11014,2.25,2.25
2011.08.25 05:20:10.409,1.10996,1.1101,2.25,1.50
2011.08.25 05:20:10.528,1.10996,1.11013,2.25,1.50
2011.08.25 05:20:10.647,1.10998,1.11016,1.88,1.50
2011.08.25 05:20:12.675,1.11002,1.11019,1.50,1.50
2011.08.25 05:20:12.799,1.11007,1.11022,1.50,1.13
2011.08.25 05:20:13.355,1.11007,1.11021,1.50,1.13
2011.08.25 05:20:15.755,1.11007,1.11025,1.50,1.50
2011.08.25 05:20:15.877,1.1101,1.11028,1.13,3.00
2011.08.25 05:20:15.997,1.1101,1.1103,1.13,1.13
2011.08.25 05:20:16.117,1.11011,1.1103,1.50,1.88
2011.08.25 05:20:16.777,1.11013,1.1103,1.50,1.88
2011.08.25 05:20:17.357,1.11012,1.11028,1.50,1.13
2011.08.25 05:20:17.480,1.11007,1.11024,1.50,1.50
2011.08.25 05:20:17.598,1.11005,1.11021,1.13,1.50
2011.08.25 05:20:17.935,1.11009,1.11024,2.25,1.13
2011.08.25 05:20:18.415,1.11012,1.11028,1.50,1.13
2011.08.25 05:20:19.666,1.11009,1.11026,2.25,2.63
2011.08.25 05:20:19.786,1.11003,1.11022,1.50,1.88
2011.08.25 05:20:22.434,1.11001,1.11021,1.50,1.88
2011.08.25 05:20:23.594,1.11003,1.11021,1.50,1.50
2011.08.25 05:20:24.036,1.11007,1.11025,2.25,1.50
2011.08.25 05:20:24.155,1.11007,1.11025,2.25,2.25
2011.08.25 05:20:24.277,1.11009,1.11025,1.50,2.25
2011.08.25 05:20:24.397,1.11009,1.11027,1.50,1.50
2011.08.25 05:20:24.734,1.11009,1.11029,1.50,2.46
2011.08.25 05:20:24.964,1.11009,1.11029,1.50,2.46
2011.08.25 05:20:25.196,1.11009,1.11025,1.50,1.13
2011.08.25 05:20:25.427,1.11003,1.11022,1.88,1.50
2011.08.25 05:20:25.546,1.11004,1.11024,1.50,2.25
2011.08.25 05:20:25.885,1.11008,1.11025,1.50,1.88
2011.08.25 05:20:26.786,1.11006,1.11024,1.50,1.50
2011.08.25 05:20:26.909,1.11005,1.11023,1.50,1.88
2011.08.25 05:20:27.246,1.11003,1.11021,1.50,1.50
2011.08.25 05:20:27.804,1.11003,1.11019,1.50,1.13
2011.08.25 05:20:28.036,1.11009,1.11025,1.50,3.38
2011.08.25 05:20:28.377,1.1101,1.11026,1.50,1.13
2011.08.25 05:20:30.755,1.11006,1.11023,3.38,1.50
2011.08.25 05:20:30.876,1.11003,1.11022,1.50,1.50
2011.08.25 05:20:31.105,1.11003,1.11023,1.50,2.63
2011.08.25 05:20:31.444,1.11002,1.1102,1.50,3.38
2011.08.25 05:20:33.624,1.11002,1.11017,1.50,1.50
2011.08.25 05:20:33.964,1.10997,1.11016,3.00,2.63
2011.08.25 05:20:34.194,1.10998,1.11016,1.50,1.13
2011.08.25 05:20:35.924,1.10997,1.11016,3.00,1.88
2011.08.25 05:20:36.341,1.10995,1.11015,3.38,1.88
2011.08.25 05:20:36.897,1.10995,1.11014,3.00,1.50
2011.08.25 05:20:38.905,1.10995,1.11014,2.25,1.50
2011.08.25 05:20:39.026,1.10994,1.11013,1.50,1.50
2011.08.25 05:20:39.148,1.10992,1.11011,3.00,2.10
2011.08.25 05:20:41.064,1.10994,1.11011,2.25,2.10
2011.08.25 05:20:41.285,1.10994,1.11012,3.00,1.35
2011.08.25 05:20:43.135,1.10994,1.11013,1.50,1.73
2011.08.25 05:20:43.693,1.10994,1.11013,1.50,1.13
2011.08.25 05:20:44.135,1.10993,1.11011,1.50,1.13
2011.08.25 05:20:44.256,1.10992,1.11013,1.50,2.25
2011.08.25 05:20:45.406,1.10993,1.11014,1.50,2.25
2011.08.25 05:20:45.745,1.10995,1.11014,2.25,2.25
2011.08.25 05:20:46.766,1.10993,1.11011,3.75,1.50
2011.08.25 05:20:47.324,1.10992,1.11011,2.25,1.50
2011.08.25 05:20:48.087,1.1099,1.11011,3.00,2.63
2011.08.25 05:20:51.345,1.10992,1.1101,1.50,1.50
2011.08.25 05:20:51.795,1.10991,1.11009,1.13,1.50
2011.08.25 05:20:52.133,1.10991,1.11009,1.13,1.50
2011.08.25 05:20:52.898,1.10991,1.11009,1.13,2.63
2011.08.25 05:20:53.125,1.10991,1.11008,1.13,1.13
2011.08.25 05:20:53.684,1.10991,1.11006,1.13,1.50
2011.08.25 05:20:54.364,1.10991,1.11007,1.13,1.88
2011.08.25 05:20:54.896,1.10991,1.11006,1.13,1.50
2011.08.25 05:20:59.196,1.10984,1.10998,3.00,1.50
2011.08.25 05:20:59.315,1.10981,1.10997,2.63,1.50
2011.08.25 05:20:59.437,1.10976,1.10996,1.50,2.25
2011.08.25 05:20:59.665,1.10974,1.10996,2.25,2.25
2011.08.25 05:20:59.894,1.10974,1.10992,2.25,1.50
2011.08.25 05:21:00.594,1.10974,1.10993,2.25,1.50
2011.08.25 05:21:03.475,1.10971,1.10993,2.63,2.63
2011.08.25 05:21:03.709,1.10971,1.1099,1.88,2.25
2011.08.25 05:21:03.824,1.10971,1.1099,1.88,2.25
2011.08.25 05:21:04.388,1.10973,1.10992,1.13,1.50
2011.08.25 05:21:04.728,1.10979,1.10993,1.50,1.13
2011.08.25 05:21:05.066,1.10981,1.11001,1.13,1.88
2011.08.25 05:21:05.187,1.10982,1.11001,2.25,1.88
2011.08.25 05:21:06.688,1.10982,1.11,1.50,1.13
2011.08.25 05:21:07.247,1.10981,1.10998,1.50,1.50
2011.08.25 05:21:07.585,1.10973,1.10992,1.13,1.50
2011.08.25 05:21:08.918,1.10972,1.10991,1.88,1.50
2011.08.25 05:21:09.477,1.10975,1.1099,2.25,2.25
2011.08.25 05:21:09.816,1.10978,1.10993,1.50,1.50
2011.08.25 05:21:10.325,1.10977,1.10992,1.50,1.50
2011.08.25 05:21:15.546,1.10979,1.10996,1.50,1.13
2011.08.25 05:21:15.666,1.10979,1.10999,1.50,1.13
2011.08.25 05:21:16.223,1.10984,1.11001,1.50,1.50
2011.08.25 05:21:16.774,1.10982,1.11001,1.50,1.50
2011.08.25 05:21:17.284,1.10984,1.11,1.50,1.13
2011.08.25 05:21:18.715,1.10984,1.11,1.50,1.50
2011.08.25 05:21:23.216,1.10982,1.10996,1.50,1.13
2011.08.25 05:21:23.336,1.10977,1.10995,1.50,1.50
2011.08.25 05:21:23.569,1.1098,1.10996,2.25,1.88
2011.08.25 05:21:24.220,1.10983,1.11001,2.25,1.50
2011.08.25 05:21:24.336,1.10983,1.11002,2.25,3.00
2011.08.25 05:21:24.787,1.10982,1.10998,1.50,1.13
2011.08.25 05:21:25.344,1.1098,1.10998,2.25,1.13
2011.08.25 05:21:26.005,1.1098,1.10998,1.50,1.13
2011.08.25 05:21:27.805,1.10983,1.10998,2.25,1.88
2011.08.25 05:21:28.364,1.10986,1.11,1.50,1.13
2011.08.25 05:21:30.409,1.10987,1.11003,1.50,2.25
2011.08.25 05:21:30.745,1.10985,1.11004,2.25,2.25
2011.08.25 05:21:31.087,1.10983,1.11004,1.88,2.25
2011.08.25 05:21:33.554,1.10986,1.11003,1.50,1.88
2011.08.25 05:21:35.005,1.10989,1.11002,1.50,1.88
2011.08.25 05:21:35.347,1.10985,1.11005,1.88,1.88
2011.08.25 05:21:35.797,1.10989,1.11006,1.50,2.25
2011.08.25 05:21:36.136,1.10994,1.11013,1.50,2.25
2011.08.25 05:21:36.261,1.10995,1.11013,1.50,1.50
2011.08.25 05:21:36.814,1.10995,1.11013,1.50,1.50
2011.08.25 05:21:37.343,1.10996,1.11013,1.13,1.50
2011.08.25 05:21:37.894,1.10995,1.11014,1.88,1.50
2011.08.25 05:21:38.454,1.10994,1.11014,1.88,1.50
2011.08.25 05:21:38.787,1.10995,1.11014,1.13,1.50
2011.08.25 05:21:39.345,1.10997,1.11016,2.25,2.25
2011.08.25 05:21:39.905,1.10998,1.11016,1.88,1.50
2011.08.25 05:21:40.137,1.10999,1.11018,2.25,1.13
2011.08.25 05:21:40.477,1.10999,1.11018,1.50,1.13
2011.08.25 05:21:43.054,1.11,1.11019,1.88,2.25
2011.08.25 05:21:44.038,1.11003,1.1102,1.50,1.13
2011.08.25 05:21:44.375,1.11001,1.1102,1.50,1.13
2011.08.25 05:21:44.496,1.11003,1.1102,1.50,1.13
2011.08.25 05:21:44.726,1.11001,1.1102,1.50,1.13
2011.08.25 05:21:44.957,1.10999,1.1102,1.50,1.50
2011.08.25 05:21:45.462,1.10999,1.1102,1.50,2.25
2011.08.25 05:21:50.156,1.10997,1.11017,3.38,1.88
2011.08.25 05:21:50.276,1.11,1.11017,1.50,1.88
2011.08.25 05:21:51.407,1.11,1.11019,1.50,2.63
2011.08.25 05:21:51.749,1.11001,1.11019,1.50,1.88
2011.08.25 05:21:52.304,1.10998,1.11019,2.25,2.63
2011.08.25 05:21:52.635,1.11001,1.11019,2.25,2.63
2011.08.25 05:21:55.006,1.11001,1.11019,1.50,1.88
2011.08.25 05:21:55.345,1.11,1.11019,1.50,1.88
2011.08.25 05:21:55.575,1.11001,1.11019,1.50,1.88
2011.08.25 05:21:57.397,1.10997,1.11016,1.50,1.50
2011.08.25 05:21:57.736,1.10994,1.11014,1.50,2.25
2011.08.25 05:21:58.295,1.10994,1.11013,1.50,1.50
2011.08.25 05:21:59.186,1.10992,1.11013,3.38,2.25
2011.08.25 05:22:06.216,1.10994,1.11013,2.25,2.63
2011.08.25 05:22:06.775,1.10991,1.11011,2.63,1.50
2011.08.25 05:22:10.237,1.10991,1.1101,2.25,1.88
2011.08.25 05:22:10.575,1.1099,1.11009,1.50,1.50
2011.08.25 05:22:11.135,1.10988,1.11008,1.88,1.13
2011.08.25 05:22:11.475,1.10988,1.11005,3.38,1.50
2011.08.25 05:22:12.035,1.10988,1.11005,2.63,1.50
2011.08.25 05:22:12.424,1.10988,1.11005,2.63,1.50
2011.08.25 05:22:13.110,1.10988,1.11005,1.13,1.50
2011.08.25 05:22:14.326,1.10986,1.11,1.50,1.50
2011.08.25 05:22:14.668,1.10985,1.11,2.25,1.50
2011.08.25 05:22:14.793,1.10982,1.10999,2.25,1.50
2011.08.25 05:22:15.017,1.10982,1.11,3.00,2.25
2011.08.25 05:22:15.472,1.10985,1.11003,1.50,1.13
2011.08.25 05:22:17.556,1.10985,1.11002,1.50,1.88
2011.08.25 05:22:17.674,1.10985,1.11002,2.25,1.88
2011.08.25 05:22:18.345,1.10983,1.11001,1.50,1.50
2011.08.25 05:22:18.908,1.10983,1.11001,1.50,1.50
2011.08.25 05:22:19.246,1.10985,1.11004,1.50,2.63
2011.08.25 05:22:19.367,1.10986,1.11004,1.50,1.88
2011.08.25 05:22:20.371,1.10987,1.11005,2.25,1.88
2011.08.25 05:22:20.988,1.10987,1.11005,2.25,1.13
2011.08.25 05:22:21.654,1.10987,1.11005,1.50,1.13
2011.08.25 05:22:21.893,1.10988,1.11007,3.75,1.50
2011.08.25 05:22:22.010,1.10993,1.11009,1.50,1.13
2011.08.25 05:22:22.348,1.10987,1.11006,2.63,2.25
2011.08.25 05:22:30.440,1.10984,1.11003,2.63,2.25
2011.08.25 05:22:30.556,1.10987,1.11003,1.13,1.50
2011.08.25 05:22:30.785,1.10988,1.11006,1.50,1.50
2011.08.25 05:22:30.906,1.10989,1.11007,1.50,2.63
2011.08.25 05:22:31.934,1.1099,1.11008,1.50,1.50
2011.08.25 05:22:32.167,1.10992,1.1101,1.50,2.63
2011.08.25 05:22:32.396,1.10992,1.11009,1.50,1.50
2011.08.25 05:22:32.954,1.1099,1.11009,1.50,1.50
2011.08.25 05:22:33.615,1.10991,1.1101,1.50,2.25
2011.08.25 05:22:33.737,1.10991,1.1101,1.50,2.25
2011.08.25 05:22:34.295,1.10991,1.1101,1.50,1.50
2011.08.25 05:22:34.855,1.1099,1.11006,1.50,2.63
2011.08.25 05:22:35.088,1.10983,1.11002,1.50,2.25
2011.08.25 05:22:35.206,1.10983,1.11002,1.50,2.25
2011.08.25 05:22:35.544,1.10982,1.11,1.13,1.50
2011.08.25 05:22:35.997,1.10987,1.11003,1.50,1.50
2011.08.25 05:22:36.335,1.10987,1.11004,2.25,1.13
2011.08.25 05:22:38.350,1.1099,1.11008,1.50,3.00
2011.08.25 05:22:38.688,1.10986,1.11003,2.25,1.13
2011.08.25 05:22:39.026,1.10982,1.11001,2.25,1.50
2011.08.25 05:22:39.254,1.10982,1.11001,2.25,1.50
2011.08.25 05:22:40.839,1.1098,1.10998,3.38,1.50
2011.08.25 05:22:41.178,1.10985,1.10999,2.25,1.13
2011.08.25 05:22:41.298,1.10978,1.10995,2.25,1.50
2011.08.25 05:22:41.745,1.1098,1.10995,1.50,1.50
2011.08.25 05:22:42.085,1.10981,1.10999,1.50,1.13
2011.08.25 05:22:46.017,1.10981,1.10998,1.50,1.50
2011.08.25 05:22:46.249,1.10972,1.1099,1.50,1.50
2011.08.25 05:22:46.373,1.10973,1.10988,2.25,1.13
2011.08.25 05:22:46.597,1.10971,1.10987,1.50,1.13
2011.08.25 05:22:47.156,1.10969,1.10987,1.50,1.13
2011.08.25 05:22:47.275,1.10969,1.10987,1.50,1.13
2011.08.25 05:22:47.614,1.10968,1.10986,1.88,1.88
2011.08.25 05:22:48.287,1.10967,1.10986,1.50,1.50
2011.08.25 05:22:48.407,1.10967,1.10984,1.50,1.50
2011.08.25 05:22:48.956,1.10966,1.10983,1.50,1.13
2011.08.25 05:22:50.067,1.10966,1.10983,1.50,1.13
2011.08.25 05:22:50.625,1.10968,1.10984,1.13,1.50
2011.08.25 05:22:50.748,1.10968,1.10989,1.88,1.50
2011.08.25 05:22:50.865,1.10968,1.10988,1.88,1.50
2011.08.25 05:22:50.985,1.1097,1.10988,1.50,1.50
2011.08.25 05:22:51.655,1.1097,1.10988,1.50,1.50
2011.08.25 05:22:53.766,1.1097,1.10988,1.50,2.25
2011.08.25 05:22:54.217,1.10972,1.10989,3.00,1.13
2011.08.25 05:22:54.558,1.10979,1.1099,2.25,1.50
2011.08.25 05:22:54.787,1.10982,1.10998,1.50,1.50
2011.08.25 05:22:54.908,1.10983,1.11002,1.13,1.50
2011.08.25 05:22:55.028,1.10984,1.11003,3.00,2.25
2011.08.25 05:22:55.366,1.10987,1.11003,2.25,2.25
2011.08.25 05:22:57.089,1.10987,1.11003,1.50,2.25
2011.08.25 05:22:57.536,1.10984,1.11003,1.50,3.75
2011.08.25 05:22:57.655,1.10984,1.11003,1.50,4.50
2011.08.25 05:22:58.107,1.10989,1.11003,1.50,2.25
2011.08.25 05:22:58.446,1.10988,1.11004,3.00,1.13
2011.08.25 05:22:59.068,1.10989,1.11004,1.50,1.13
2011.08.25 05:22:59.786,1.10989,1.11004,1.50,1.13
2011.08.25 05:23:00.350,1.10989,1.11004,1.50,1.50
2011.08.25 05:23:00.687,1.10987,1.10999,1.50,2.25
2011.08.25 05:23:01.118,1.10989,1.11003,1.50,1.13
2011.08.25 05:23:01.347,1.10985,1.11002,2.25,1.13
2011.08.25 05:23:06.477,1.10986,1.11005,1.88,2.25
2011.08.25 05:23:06.937,1.10986,1.11005,1.88,1.50
2011.08.25 05:23:09.245,1.10987,1.11004,1.50,1.13
2011.08.25 05:23:09.707,1.10985,1.11002,1.13,2.25
2011.08.25 05:23:12.556,1.10981,1.11,4.13,1.13
2011.08.25 05:23:13.225,1.10981,1.11,1.13,1.50
2011.08.25 05:23:13.723,1.1098,1.10993,1.50,3.00
2011.08.25 05:23:14.065,1.10981,1.11,1.50,1.88
2011.08.25 05:23:14.404,1.1098,1.10999,1.88,1.88
2011.08.25 05:23:14.734,1.1098,1.10999,1.88,1.13
2011.08.25 05:23:15.894,1.1098,1.10999,1.88,1.88
2011.08.25 05:23:16.004,1.1098,1.10999,1.88,2.63
2011.08.25 05:23:17.604,1.10982,1.10999,1.50,1.13
2011.08.25 05:23:19.427,1.10978,1.10998,1.50,1.50
2011.08.25 05:23:20.207,1.1098,1.10999,1.50,1.50
2011.08.25 05:23:20.546,1.10981,1.11002,1.50,2.25
2011.08.25 05:23:22.736,1.10979,1.10998,1.88,1.13
2011.08.25 05:23:23.186,1.1098,1.10998,1.13,1.88
2011.08.25 05:23:23.947,1.1098,1.10998,1.88,1.88
2011.08.25 05:23:25.404,1.1098,1.10998,2.25,1.13
2011.08.25 05:23:29.575,1.1098,1.10996,1.50,1.50
2011.08.25 05:23:30.026,1.10977,1.10994,2.25,1.13
2011.08.25 05:23:30.584,1.10977,1.10994,1.50,1.13
2011.08.25 05:23:30.694,1.10979,1.10995,1.50,1.13
2011.08.25 05:23:31.254,1.10979,1.10994,1.50,1.13
2011.08.25 05:23:31.484,1.10978,1.10994,1.50,1.13
2011.08.25 05:23:31.717,1.10979,1.10995,1.50,1.88
2011.08.25 05:23:32.275,1.10979,1.10994,1.50,1.13
2011.08.25 05:23:36.844,1.10979,1.10995,1.50,1.13
2011.08.25 05:23:37.517,1.10979,1.10995,1.50,1.13
2011.08.25 05:23:38.075,1.1098,1.10997,1.50,2.25
2011.08.25 05:23:38.304,1.10979,1.10995,1.50,1.13
2011.08.25 05:23:38.864,1.10978,1.10995,2.63,1.13
2011.08.25 05:23:40.298,1.1098,1.10998,1.50,2.63
2011.08.25 05:23:40.748,1.10985,1.11002,2.25,1.50
2011.08.25 05:23:40.976,1.10983,1.11004,3.00,3.75
2011.08.25 05:23:41.645,1.10983,1.11004,1.50,3.75
2011.08.25 05:23:42.425,1.10985,1.11003,1.50,1.50
2011.08.25 05:23:42.648,1.10985,1.11001,1.50,1.50
2011.08.25 05:23:42.987,1.10987,1.11005,1.50,2.25
2011.08.25 05:23:43.658,1.10986,1.11004,1.50,2.25
2011.08.25 05:23:44.542,1.10984,1.11002,1.50,1.50
2011.08.25 05:23:45.644,1.10984,1.11001,1.50,3.00
2011.08.25 05:23:47.007,1.10988,1.11001,2.25,2.25
2011.08.25 05:23:47.127,1.10988,1.11002,2.25,1.13
2011.08.25 05:23:47.248,1.10986,1.11002,1.50,1.13
2011.08.25 05:23:47.365,1.10987,1.11002,2.25,1.13
2011.08.25 05:23:47.597,1.10986,1.11002,1.50,1.13
2011.08.25 05:23:48.258,1.10986,1.11002,3.00,1.13
2011.08.25 05:23:50.605,1.10986,1.11003,3.00,1.13
2011.08.25 05:23:51.165,1.10986,1.11003,1.50,1.13
2011.08.25 05:23:51.726,1.10987,1.11002,1.50,1.13
2011.08.25 05:23:53.675,1.10987,1.11002,1.50,1.13
2011.08.25 05:23:54.235,1.10988,1.11002,1.50,1.13
2011.08.25 05:23:59.215,1.10986,1.11002,1.50,1.13
2011.08.25 05:23:59.666,1.10986,1.11002,1.50,1.13
2011.08.25 05:24:00.007,1.10991,1.11005,1.50,1.13
2011.08.25 05:24:00.346,1.10987,1.11005,1.88,1.13
2011.08.25 05:24:00.687,1.10987,1.11005,1.88,1.88
2011.08.25 05:24:00.916,1.10987,1.11005,1.88,3.75
2011.08.25 05:24:01.806,1.10987,1.11003,1.50,1.50
2011.08.25 05:24:02.368,1.10984,1.11001,1.50,1.13
2011.08.25 05:24:02.925,1.10984,1.11001,1.50,1.13
2011.08.25 05:24:03.508,1.10984,1.11001,1.50,1.13
2011.08.25 05:24:04.387,1.10985,1.11001,1.50,1.13
2011.08.25 05:24:05.056,1.10985,1.11001,1.50,1.13
2011.08.25 05:24:09.126,1.10981,1.11001,1.88,1.88
2011.08.25 05:24:10.755,1.10982,1.11001,1.50,1.13
2011.08.25 05:24:11.274,1.10982,1.11001,1.50,1.13
2011.08.25 05:24:11.604,1.10982,1.11001,1.50,1.13
2011.08.25 05:24:17.615,1.10981,1.11001,1.88,1.13
2011.08.25 05:24:17.955,1.10982,1.11001,1.13,1.13
2011.08.25 05:24:18.515,1.10981,1.11,1.88,1.13
2011.08.25 05:24:20.307,1.10985,1.11002,1.50,1.13
2011.08.25 05:24:20.645,1.10982,1.11001,1.88,1.50
2011.08.25 05:24:24.345,1.1098,1.11,2.25,1.13
2011.08.25 05:24:24.806,1.10982,1.11001,1.88,1.88
2011.08.25 05:24:29.015,1.10982,1.11001,1.88,1.88
2011.08.25 05:24:29.587,1.10982,1.11,1.13,1.13
2011.08.25 05:24:30.146,1.10981,1.11,2.63,1.13
2011.08.25 05:24:30.379,1.10981,1.10999,1.13,1.88
2011.08.25 05:24:30.716,1.10977,1.10997,3.38,2.25
2011.08.25 05:24:31.055,1.10978,1.10998,1.50,1.50
2011.08.25 05:24:31.685,1.10978,1.10998,1.88,1.50
2011.08.25 05:24:32.306,1.10979,1.10998,1.13,1.50
2011.08.25 05:24:33.087,1.1098,1.10999,1.13,2.25
2011.08.25 05:24:33.758,1.10979,1.10997,1.50,1.50
2011.08.25 05:24:34.205,1.10979,1.11,1.50,3.38
2011.08.25 05:24:34.325,1.10979,1.10998,1.50,3.00
2011.08.25 05:24:34.897,1.10978,1.10997,1.88,1.50
2011.08.25 05:24:39.816,1.1098,1.10999,1.88,1.50
2011.08.25 05:24:41.515,1.1098,1.11,1.88,3.38
2011.08.25 05:24:41.855,1.10978,1.10996,1.50,1.50
2011.08.25 05:24:42.196,1.10975,1.10994,1.88,2.25
2011.08.25 05:24:42.314,1.10975,1.10994,1.88,1.50
2011.08.25 05:24:42.437,1.10975,1.10994,1.13,1.50
2011.08.25 05:24:42.775,1.10975,1.10993,1.13,2.25
2011.08.25 05:24:43.827,1.10975,1.10996,2.25,3.00
2011.08.25 05:24:44.148,1.10977,1.10997,1.88,3.38
2011.08.25 05:24:44.266,1.10977,1.10995,1.88,1.50
2011.08.25 05:24:44.386,1.10977,1.10995,1.88,1.50
2011.08.25 05:24:44.724,1.10977,1.10995,1.13,1.50
2011.08.25 05:24:44.946,1.10973,1.10993,3.00,1.50
2011.08.25 05:24:45.066,1.10975,1.10994,1.50,1.50
2011.08.25 05:24:47.739,1.10974,1.10994,1.13,2.25
2011.08.25 05:24:48.079,1.10975,1.10994,1.50,1.50
2011.08.25 05:24:48.195,1.10975,1.10994,1.13,1.50
2011.08.25 05:24:49.216,1.10973,1.1099,1.50,1.50
2011.08.25 05:24:50.215,1.10971,1.1099,1.50,1.88
2011.08.25 05:24:50.884,1.1097,1.10988,1.88,1.50
2011.08.25 05:24:51.007,1.1097,1.10987,1.88,1.50
2011.08.25 05:24:51.564,1.1097,1.10989,1.88,1.50
2011.08.25 05:24:51.895,1.10971,1.10991,1.13,1.88
2011.08.25 05:24:52.345,1.10973,1.10993,1.50,2.63
2011.08.25 05:24:52.688,1.10973,1.10992,1.50,1.50
2011.08.25 05:24:52.806,1.10973,1.10993,1.50,1.13
2011.08.25 05:24:53.367,1.10973,1.10992,1.50,1.50
2011.08.25 05:24:58.337,1.10973,1.10992,1.50,3.00
2011.08.25 05:24:58.455,1.10973,1.10991,1.50,1.50
2011.08.25 05:24:58.578,1.10971,1.1099,1.50,1.88
2011.08.25 05:24:58.915,1.10972,1.1099,1.50,1.13
2011.08.25 05:24:59.696,1.10973,1.1099,1.50,1.13
2011.08.25 05:25:01.795,1.10973,1.1099,1.50,1.13
2011.08.25 05:25:02.248,1.10974,1.10994,2.25,1.88
2011.08.25 05:25:02.587,1.10981,1.10996,1.50,1.50
2011.08.25 05:25:02.706,1.10981,1.11,2.25,2.25
2011.08.25 05:25:03.266,1.10981,1.10998,1.50,1.88
2011.08.25 05:25:05.310,1.10981,1.10998,1.50,2.63
2011.08.25 05:25:05.865,1.10979,1.10996,1.50,1.88
2011.08.25 05:25:06.206,1.10979,1.10994,1.50,1.50
2011.08.25 05:25:06.656,1.10976,1.10996,1.50,1.88
2011.08.25 05:25:07.216,1.10976,1.10996,1.50,1.88
2011.08.25 05:25:08.325,1.10976,1.10996,1.50,1.88
2011.08.25 05:25:08.885,1.10977,1.10995,1.50,1.50
2011.08.25 05:25:16.906,1.10978,1.10997,1.50,1.13
2011.08.25 05:25:18.095,1.10981,1.10998,1.50,1.13
2011.08.25 05:25:18.218,1.10981,1.10999,2.25,1.88
2011.08.25 05:25:18.779,1.10982,1.10998,1.50,1.50
2011.08.25 05:25:18.895,1.10982,1.10996,1.50,1.13
2011.08.25 05:25:19.017,1.10978,1.10996,1.50,1.13
2011.08.25 05:25:21.594,1.10978,1.10996,1.50,1.13
2011.08.25 05:25:27.785,1.10977,1.10996,1.13,1.50
2011.08.25 05:25:29.239,1.10984,1.11001,1.50,1.88
2011.08.25 05:25:29.363,1.10982,1.11002,1.13,2.63
2011.08.25 05:25:29.588,1.10983,1.11002,1.50,1.88
2011.08.25 05:25:29.818,1.10983,1.11002,1.50,1.88
2011.08.25 05:25:30.375,1.10983,1.11001,1.88,1.50
2011.08.25 05:25:32.645,1.10983,1.11,1.13,1.50
2011.08.25 05:25:32.765,1.10983,1.11,1.88,1.50
2011.08.25 05:25:35.238,1.10982,1.11,1.13,2.25
2011.08.25 05:25:35.684,1.10982,1.10998,1.13,1.50
2011.08.25 05:25:35.813,1.10978,1.10995,1.13,1.50
2011.08.25 05:25:36.144,1.10979,1.10995,1.13,1.50
2011.08.25 05:25:39.667,1.10983,1.10999,1.13,2.25
2011.08.25 05:25:40.005,1.10983,1.11002,2.63,1.50
2011.08.25 05:25:40.566,1.10984,1.11002,1.13,1.50
2011.08.25 05:25:43.387,1.10985,1.11003,1.13,1.50
2011.08.25 05:25:44.131,1.10985,1.11003,1.13,1.50
2011.08.25 05:25:44.686,1.10986,1.11004,1.88,1.50
2011.08.25 05:25:45.025,1.10986,1.11005,1.13,1.50
2011.08.25 05:25:45.577,1.10986,1.11005,1.13,2.25
2011.08.25 05:25:45.891,1.10986,1.11005,1.13,2.25
2011.08.25 05:25:48.886,1.10984,1.11,1.50,1.50
2011.08.25 05:25:49.008,1.10982,1.10999,1.50,1.88
2011.08.25 05:25:49.249,1.10978,1.10996,1.50,1.50
2011.08.25 05:25:50.576,1.10977,1.10994,1.50,1.13
2011.08.25 05:25:53.998,1.10976,1.10993,1.50,1.50
2011.08.25 05:25:54.448,1.10974,1.10991,1.50,1.13
2011.08.25 05:25:54.565,1.1097,1.10991,3.00,1.88
2011.08.25 05:25:54.906,1.10971,1.10991,1.50,1.13
2011.08.25 05:25:55.795,1.10971,1.10991,1.50,1.50
2011.08.25 05:25:56.686,1.10972,1.10989,1.50,1.13
2011.08.25 05:25:57.229,1.10968,1.10988,3.38,1.13
2011.08.25 05:26:01.095,1.1097,1.10987,1.50,1.88
2011.08.25 05:26:03.028,1.10968,1.10986,1.50,1.50
2011.08.25 05:26:03.934,1.10967,1.10987,1.50,2.63
2011.08.25 05:26:04.267,1.10967,1.10985,1.50,1.50
2011.08.25 05:26:04.718,1.10967,1.10984,1.50,1.13
2011.08.25 05:26:04.948,1.1096,1.1098,1.50,3.38
2011.08.25 05:26:05.506,1.10957,1.10975,1.50,1.13
2011.08.25 05:26:06.178,1.10957,1.10976,1.50,1.13
2011.08.25 05:26:06.297,1.10957,1.10976,3.00,1.13
2011.08.25 05:26:06.420,1.10959,1.10977,1.50,1.50
2011.08.25 05:26:07.975,1.10963,1.10979,2.25,1.50
2011.08.25 05:26:09.217,1.10963,1.10981,2.25,1.50
2011.08.25 05:26:09.338,1.10965,1.10985,3.00,1.50
2011.08.25 05:26:09.564,1.10965,1.10986,4.50,1.50
2011.08.25 05:26:10.115,1.10966,1.10985,1.50,1.50
2011.08.25 05:26:10.347,1.10966,1.10984,1.50,1.50
2011.08.25 05:26:11.017,1.10965,1.10983,1.50,1.50
2011.08.25 05:26:11.137,1.10965,1.10983,1.50,1.50
2011.08.25 05:26:11.255,1.10963,1.10983,1.50,1.50
2011.08.25 05:26:11.377,1.10961,1.10979,1.50,1.50
2011.08.25 05:26:11.935,1.1096,1.10979,1.50,2.25
2011.08.25 05:26:12.275,1.1096,1.10979,1.50,1.50
2011.08.25 05:26:12.787,1.10963,1.10984,2.25,6.00
2011.08.25 05:26:13.788,1.10964,1.10983,1.50,1.13
2011.08.25 05:26:14.131,1.10968,1.10985,1.50,1.50
2011.08.25 05:26:14.252,1.10968,1.10985,1.50,1.13
2011.08.25 05:26:14.371,1.10968,1.10987,2.25,1.88
2011.08.25 05:26:14.926,1.10968,1.10987,1.50,1.13
2011.08.25 05:26:19.849,1.10968,1.10987,1.50,2.63
2011.08.25 05:26:22.027,1.10967,1.10986,1.13,1.50
2011.08.25 05:26:22.695,1.10971,1.10989,1.50,1.88
2011.08.25 05:26:23.475,1.10971,1.10989,1.50,1.88
2011.08.25 05:26:23.927,1.10971,1.10989,1.50,1.50
2011.08.25 05:26:24.265,1.10971,1.10989,1.50,1.50
2011.08.25 05:26:25.250,1.10979,1.10992,2.25,1.50
2011.08.25 05:26:25.477,1.10974,1.10992,2.63,1.50
2011.08.25 05:26:25.927,1.10979,1.10998,1.13,2.25
2011.08.25 05:26:26.486,1.10979,1.10996,1.13,1.50
2011.08.25 05:26:29.366,1.1098,1.10998,1.50,1.50
2011.08.25 05:26:29.928,1.1098,1.10996,1.50,1.50
2011.08.25 05:26:30.856,1.10977,1.10996,1.50,1.50
2011.08.25 05:26:31.376,1.10979,1.10996,1.13,1.50
2011.08.25 05:26:32.858,1.10977,1.10993,1.50,1.50
2011.08.25 05:26:33.858,1.10979,1.10996,1.50,1.50
2011.08.25 05:26:33.979,1.10979,1.10996,1.50,1.50
2011.08.25 05:26:34.538,1.10979,1.10997,1.50,1.50
2011.08.25 05:26:34.660,1.10976,1.10994,3.38,1.50
2011.08.25 05:26:35.002,1.10981,1.10995,1.50,1.50
2011.08.25 05:26:35.120,1.10981,1.10996,1.50,1.13
2011.08.25 05:26:35.348,1.10981,1.10998,1.50,1.50
2011.08.25 05:26:35.578,1.1098,1.10998,1.50,1.50
2011.08.25 05:26:35.696,1.10979,1.10998,1.88,1.50
2011.08.25 05:26:36.036,1.10979,1.10998,1.88,1.50
2011.08.25 05:26:36.736,1.1098,1.10998,1.13,1.50
2011.08.25 05:26:37.517,1.10978,1.10997,1.13,1.50
2011.08.25 05:26:38.728,1.10978,1.10996,1.13,1.50
2011.08.25 05:26:38.855,1.10976,1.10992,1.50,1.50
2011.08.25 05:26:39.196,1.10973,1.10991,2.25,2.25
2011.08.25 05:26:39.536,1.10973,1.10987,1.50,1.50
2011.08.25 05:26:39.765,1.10973,1.10987,1.50,1.50
2011.08.25 05:26:40.337,1.10973,1.10987,1.13,1.50
2011.08.25 05:26:42.217,1.10973,1.10989,1.88,1.50
2011.08.25 05:26:42.335,1.10973,1.10989,1.88,1.50
2011.08.25 05:26:45.116,1.10973,1.10989,1.13,1.50
2011.08.25 05:26:45.235,1.10973,1.10989,1.13,1.50
2011.08.25 05:26:46.208,1.1097,1.10985,1.88,1.50
2011.08.25 05:26:46.767,1.1097,1.10987,1.13,3.00
2011.08.25 05:26:48.834,1.1097,1.10985,1.13,1.50
2011.08.25 05:26:51.060,1.10968,1.10987,1.50,1.50
2011.08.25 05:26:51.178,1.10968,1.10987,1.50,1.50
2011.08.25 05:26:55.385,1.10968,1.10987,1.50,1.50
2011.08.25 05:26:56.487,1.10968,1.10987,1.50,1.50
2011.08.25 05:26:57.067,1.10968,1.10987,1.50,1.50
2011.08.25 05:26:57.735,1.10968,1.10987,1.88,1.50
2011.08.25 05:26:58.404,1.10968,1.10986,1.88,1.50
2011.08.25 05:26:59.955,1.10968,1.10987,1.88,2.25
2011.08.25 05:27:00.517,1.10968,1.10987,1.50,1.50
2011.08.25 05:27:00.856,1.10971,1.10989,2.25,1.50
2011.08.25 05:27:00.976,1.1097,1.10989,1.50,1.50
2011.08.25 05:27:01.319,1.10973,1.10991,1.13,2.25
2011.08.25 05:27:01.988,1.10975,1.10993,1.50,1.13
2011.08.25 05:27:02.434,1.10973,1.10993,1.88,1.13
2011.08.25 05:27:02.877,1.10974,1.10992,1.13,1.50
2011.08.25 05:27:03.214,1.10972,1.10992,1.50,2.25
2011.08.25 05:27:03.655,1.10973,1.10991,1.13,1.50
2011.08.25 05:27:04.538,1.10971,1.10991,2.25,1.50
2011.08.25 05:27:04.656,1.10971,1.10991,1.88,1.88
2011.08.25 05:27:06.215,1.10971,1.10989,1.50,1.13
2011.08.25 05:27:06.775,1.10971,1.10989,1.50,1.88
2011.08.25 05:27:14.755,1.10971,1.10989,1.50,2.63
2011.08.25 05:27:24.205,1.10973,1.10989,1.50,1.88
2011.08.25 05:27:25.514,1.10989,1.10997,1.13,1.50
2011.08.25 05:27:25.644,1.10996,1.11007,1.50,2.25
2011.08.25 05:27:25.763,1.11001,1.11015,1.50,2.25
2011.08.25 05:27:25.884,1.10995,1.11015,1.50,2.25
2011.08.25 05:27:26.108,1.10995,1.11015,2.25,2.25
2011.08.25 05:27:26.776,1.10994,1.11013,1.50,2.25
2011.08.25 05:27:26.897,1.10994,1.11014,1.50,1.50
2011.08.25 05:27:27.131,1.10992,1.11011,1.50,1.50
2011.08.25 05:27:27.795,1.10992,1.1101,2.25,1.50
2011.08.25 05:27:29.137,1.10995,1.1101,1.50,1.50
2011.08.25 05:27:29.479,1.11007,1.11013,1.50,2.63
2011.08.25 05:27:30.176,1.11014,1.11028,1.50,3.21
2011.08.25 05:27:30.326,1.11018,1.11031,1.50,2.25
2011.08.25 05:27:30.450,1.11021,1.11038,1.50,1.71
2011.08.25 05:27:30.684,1.11021,1.11037,1.50,1.13
2011.08.25 05:27:30.800,1.1102,1.11036,1.50,1.50
2011.08.25 05:27:31.026,1.11016,1.11035,1.50,1.50
2011.08.25 05:27:31.255,1.11016,1.11035,1.50,1.13
2011.08.25 05:27:31.598,1.11016,1.11032,1.50,1.50
2011.08.25 05:27:31.939,1.11019,1.11038,2.25,1.13
2011.08.25 05:27:32.168,1.11021,1.1104,2.25,1.50
2011.08.25 05:27:33.056,1.1102,1.11037,1.50,1.50
2011.08.25 05:27:33.179,1.11019,1.11037,2.25,1.50
2011.08.25 05:27:33.518,1.11019,1.11037,2.25,1.50
2011.08.25 05:27:33.636,1.11017,1.11037,1.50,1.50
2011.08.25 05:27:33.977,1.11017,1.11035,1.50,1.50
2011.08.25 05:27:35.826,1.11014,1.11031,1.50,1.50
2011.08.25 05:27:35.949,1.11014,1.11031,2.25,1.50
2011.08.25 05:27:36.507,1.11016,1.11032,1.50,1.50
2011.08.25 05:27:36.628,1.11016,1.11032,1.50,1.50
2011.08.25 05:27:37.185,1.11016,1.11031,1.50,1.50
2011.08.25 05:27:37.636,1.11015,1.11031,1.50,2.25
2011.08.25 05:27:38.229,1.11015,1.11031,1.50,1.50
2011.08.25 05:27:38.786,1.11015,1.11034,2.25,1.50
2011.08.25 05:27:39.345,1.11015,1.11032,2.25,1.50
2011.08.25 05:27:39.906,1.11015,1.11032,1.50,1.50
2011.08.25 05:27:40.467,1.11015,1.11031,1.50,2.25
2011.08.25 05:27:41.248,1.11015,1.11031,1.50,1.50
2011.08.25 05:27:41.476,1.11015,1.11032,1.50,1.50
2011.08.25 05:27:42.807,1.11016,1.11034,1.50,1.50
2011.08.25 05:27:42.925,1.11016,1.11036,1.50,1.50
2011.08.25 05:27:44.311,1.11016,1.11036,2.25,1.50
2011.08.25 05:27:45.196,1.11017,1.11037,1.50,1.50
2011.08.25 05:27:45.427,1.11018,1.11037,2.25,1.50
2011.08.25 05:27:45.766,1.11018,1.11036,2.25,2.25
2011.08.25 05:27:47.026,1.11019,1.11036,2.25,3.00
2011.08.25 05:27:47.146,1.11021,1.11041,3.00,2.25
2011.08.25 05:27:47.487,1.11023,1.11038,2.25,2.25
2011.08.25 05:27:48.208,1.11022,1.11038,2.25,2.25
2011.08.25 05:27:48.438,1.11023,1.1104,3.75,2.25
2011.08.25 05:27:48.998,1.11025,1.1104,3.00,2.25
2011.08.25 05:27:51.878,1.11028,1.11043,2.25,1.50
2011.08.25 05:27:52.000,1.1103,1.11045,2.25,2.25
2011.08.25 05:27:52.115,1.11028,1.11045,2.25,2.25
2011.08.25 05:27:52.346,1.11031,1.11043,2.25,2.25
2011.08.25 05:27:52.467,1.11027,1.11043,1.13,1.50
2011.08.25 05:27:52.585,1.11031,1.11043,2.25,1.50
2011.08.25 05:27:52.927,1.11034,1.1105,1.50,1.50
2011.08.25 05:27:53.051,1.11037,1.11053,1.50,2.10
2011.08.25 05:27:53.276,1.11038,1.11053,2.63,1.50
2011.08.25 05:27:54.099,1.11038,1.11054,2.63,1.50
2011.08.25 05:27:54.657,1.11038,1.11054,2.63,2.25
2011.08.25 05:27:54.998,1.11038,1.11054,2.25,2.25
2011.08.25 05:27:55.445,1.11036,1.11052,1.50,1.50
2011.08.25 05:27:55.897,1.11036,1.1105,2.25,2.25
2011.08.25 05:27:56.237,1.11038,1.1105,2.25,1.50
2011.08.25 05:27:56.687,1.11035,1.1105,3.00,2.25
2011.08.25 05:27:56.806,1.11035,1.1105,1.50,2.25
2011.08.25 05:27:58.139,1.11034,1.11049,1.50,2.25
2011.08.25 05:27:58.267,1.11031,1.11047,2.25,1.13
2011.08.25 05:27:58.715,1.11032,1.11047,1.50,1.13
2011.08.25 05:28:00.119,1.1103,1.11046,1.50,1.50
2011.08.25 05:28:00.461,1.11026,1.11043,1.50,2.25
2011.08.25 05:28:00.800,1.11023,1.1104,3.00,2.25
2011.08.25 05:28:01.247,1.11025,1.1104,2.25,2.25
2011.08.25 05:28:01.477,1.11028,1.11044,1.50,1.50
2011.08.25 05:28:01.817,1.11027,1.11044,3.00,1.50
2011.08.25 05:28:02.465,1.11029,1.11045,2.25,1.88
2011.08.25 05:28:02.807,1.11028,1.11041,3.00,1.13
2011.08.25 05:28:03.148,1.1103,1.11041,1.50,2.25
2011.08.25 05:28:03.488,1.11028,1.11041,2.25,1.50
2011.08.25 05:28:03.606,1.11028,1.11041,1.50,2.25
2011.08.25 05:28:04.055,1.11028,1.11041,1.50,1.50
2011.08.25 05:28:04.498,1.11027,1.11044,3.00,1.88
2011.08.25 05:28:04.727,1.11028,1.11044,1.50,1.88
2011.08.25 05:28:04.847,1.11027,1.11043,2.25,1.50
2011.08.25 05:28:04.967,1.11026,1.11044,1.50,3.38
2011.08.25 05:28:05.089,1.11026,1.11044,3.00,3.00
2011.08.25 05:28:05.316,1.11028,1.11045,1.50,1.88
2011.08.25 05:28:08.657,1.11026,1.11042,1.50,2.25
2011.08.25 05:28:09.217,1.11026,1.11042,3.00,2.63
2011.08.25 05:28:09.669,1.11026,1.11043,3.00,1.13
2011.08.25 05:28:09.793,1.11026,1.11044,1.50,1.50
2011.08.25 05:28:10.458,1.11025,1.11045,1.50,1.50
2011.08.25 05:28:10.574,1.11025,1.11045,3.00,1.50
2011.08.25 05:28:11.125,1.11025,1.11046,3.00,3.75
2011.08.25 05:28:13.996,1.11024,1.11045,1.50,1.50
2011.08.25 05:28:14.227,1.11024,1.11042,1.50,2.25
2011.08.25 05:28:15.466,1.11024,1.11044,1.50,2.25
2011.08.25 05:28:16.009,1.11024,1.11042,1.50,2.25
2011.08.25 05:28:17.009,1.11025,1.11044,1.50,3.38
2011.08.25 05:28:17.237,1.1103,1.11044,2.25,2.63
2011.08.25 05:28:17.690,1.11027,1.11044,2.25,2.63
2011.08.25 05:28:18.635,1.11027,1.11042,2.25,2.25
2011.08.25 05:28:19.309,1.11027,1.11044,2.25,1.50
2011.08.25 05:28:19.432,1.11024,1.11042,1.50,1.50
2011.08.25 05:28:19.771,1.11024,1.11043,2.25,1.50
2011.08.25 05:28:19.995,1.11023,1.11042,1.50,1.50
2011.08.25 05:28:21.966,1.11023,1.11041,1.88,1.50
2011.08.25 05:28:22.199,1.11023,1.1104,1.13,1.50
2011.08.25 05:28:23.087,1.11024,1.11043,1.13,1.88
2011.08.25 05:28:23.536,1.11024,1.11044,1.88,1.13
2011.08.25 05:28:23.944,1.11024,1.11042,1.88,1.50
2011.08.25 05:28:27.145,1.11021,1.1104,1.13,1.50
2011.08.25 05:28:27.708,1.11021,1.11039,1.50,2.25
2011.08.25 05:28:27.829,1.1102,1.11038,1.50,2.25
2011.08.25 05:28:27.948,1.11016,1.11035,1.88,1.50
2011.08.25 05:28:30.026,1.11017,1.11034,1.50,1.50
2011.08.25 05:28:30.256,1.11015,1.11033,1.50,1.50
2011.08.25 05:28:32.068,1.11014,1.11031,1.50,1.13
2011.08.25 05:28:32.955,1.11014,1.11032,1.50,1.13
2011.08.25 05:28:33.298,1.1101,1.11029,1.50,1.13
2011.08.25 05:28:33.637,1.11008,1.11023,1.50,1.13
2011.08.25 05:28:33.976,1.1101,1.11024,1.50,1.13
2011.08.25 05:28:34.535,1.1101,1.11028,1.50,4.13
2011.08.25 05:28:35.537,1.11008,1.11027,1.50,1.50
2011.08.25 05:28:36.815,1.11006,1.11025,1.50,1.50
2011.08.25 05:28:37.705,1.11006,1.11025,3.00,1.50
2011.08.25 05:28:38.046,1.11009,1.11028,1.50,2.25
2011.08.25 05:28:38.276,1.11009,1.11027,1.50,1.13
2011.08.25 05:28:38.886,1.11009,1.11026,1.50,1.13
2011.08.25 05:28:39.225,1.11009,1.11028,2.25,1.13
2011.08.25 05:28:41.345,1.11009,1.11029,1.88,1.88
2011.08.25 05:28:41.675,1.11009,1.11028,1.88,1.50
2011.08.25 05:28:42.015,1.11009,1.11028,1.13,1.50
2011.08.25 05:28:42.705,1.11008,1.11027,1.50,1.50
2011.08.25 05:28:42.936,1.11007,1.11027,2.63,1.50
2011.08.25 05:28:43.494,1.11009,1.11027,1.13,1.50
2011.08.25 05:28:44.045,1.11008,1.11027,1.13,1.50
2011.08.25 05:28:44.275,1.11008,1.11027,2.25,1.50
2011.08.25 05:28:44.615,1.1101,1.11026,1.13,1.50
2011.08.25 05:28:44.735,1.11008,1.11026,1.50,1.50
2011.08.25 05:28:45.408,1.1101,1.11029,1.13,1.50
2011.08.25 05:28:45.636,1.1101,1.1103,1.13,1.50
2011.08.25 05:28:46.371,1.11011,1.11031,2.25,1.50
2011.08.25 05:28:46.708,1.11011,1.11032,2.63,2.25
2011.08.25 05:28:46.828,1.11011,1.11032,2.63,2.25
2011.08.25 05:28:46.949,1.11014,1.11032,1.50,1.50
2011.08.25 05:28:48.433,1.11011,1.11027,1.50,1.50
2011.08.25 05:28:48.779,1.11003,1.11024,2.25,1.50
2011.08.25 05:28:49.117,1.11005,1.11021,1.13,1.50
2011.08.25 05:28:50.145,1.11005,1.11024,1.13,2.25
2011.08.25 05:28:51.336,1.11005,1.11024,1.13,1.50
2011.08.25 05:28:51.895,1.11005,1.11025,1.13,1.13
2011.08.25 05:28:52.236,1.1101,1.11028,1.50,1.13
2011.08.25 05:28:52.465,1.1101,1.11028,1.50,1.13
2011.08.25 05:28:55.005,1.1101,1.11029,1.50,2.25
2011.08.25 05:28:55.345,1.11011,1.11026,1.50,2.25
2011.08.25 05:28:55.469,1.1101,1.11027,1.50,1.13
2011.08.25 05:28:55.588,1.11008,1.11028,1.13,2.63
2011.08.25 05:28:55.709,1.11006,1.11027,1.50,3.75
2011.08.25 05:28:56.045,1.11008,1.11027,1.50,1.50
2011.08.25 05:28:56.644,1.11015,1.11032,1.50,3.00
2011.08.25 05:28:57.087,1.11018,1.11035,1.50,1.50
2011.08.25 05:28:57.212,1.1102,1.11039,1.50,1.71
2011.08.25 05:28:57.770,1.11019,1.11034,1.50,3.00
2011.08.25 05:28:57.890,1.11011,1.11028,2.25,1.50
2011.08.25 05:28:58.121,1.11011,1.11027,1.50,2.25
2011.08.25 05:28:58.239,1.11005,1.11022,2.25,1.50
2011.08.25 05:28:58.466,1.11006,1.11024,1.50,1.88
2011.08.25 05:28:58.807,1.11006,1.11027,2.25,1.50
2011.08.25 05:28:58.927,1.11007,1.11028,1.50,1.50
2011.08.25 05:29:00.036,1.11008,1.11028,1.50,2.25
2011.08.25 05:29:01.356,1.11013,1.11029,1.50,1.50
2011.08.25 05:29:01.805,1.11007,1.11028,1.50,1.50
2011.08.25 05:29:02.688,1.11007,1.11027,1.50,3.75
2011.08.25 05:29:02.811,1.11006,1.11027,1.50,3.00
2011.08.25 05:29:03.037,1.11008,1.11027,1.50,1.13
2011.08.25 05:29:04.397,1.11009,1.11027,1.50,1.50
2011.08.25 05:29:04.518,1.11008,1.11024,1.50,1.13
2011.08.25 05:29:04.858,1.11002,1.11018,1.50,1.13
2011.08.25 05:29:04.978,1.10998,1.11018,4.13,1.13
2011.08.25 05:29:05.208,1.10998,1.11018,2.63,1.13
2011.08.25 05:29:05.654,1.10999,1.11019,1.50,1.13
2011.08.25 05:29:06.205,1.11001,1.11019,1.50,1.13
2011.08.25 05:29:08.044,1.11008,1.11025,1.50,2.25
2011.08.25 05:29:08.157,1.11009,1.1103,1.50,3.00
2011.08.25 05:29:08.279,1.11009,1.11029,1.50,3.00
2011.08.25 05:29:08.397,1.11011,1.1103,1.50,2.25
2011.08.25 05:29:08.518,1.11011,1.11029,1.50,1.50
2011.08.25 05:29:08.860,1.11004,1.11022,1.50,1.50
2011.08.25 05:29:08.978,1.11002,1.11018,1.13,1.50
2011.08.25 05:29:09.097,1.11001,1.11019,1.13,2.25
2011.08.25 05:29:09.217,1.11001,1.11019,1.50,2.25
2011.08.25 05:29:09.556,1.11006,1.11024,1.13,2.25
2011.08.25 05:29:10.010,1.11007,1.11028,2.25,2.25
2011.08.25 05:29:10.347,1.11008,1.11028,2.25,1.50
2011.08.25 05:29:15.587,1.11007,1.11028,2.25,1.50
2011.08.25 05:29:19.436,1.11007,1.11026,1.50,2.25
2011.08.25 05:29:26.187,1.11006,1.11025,1.50,1.13
2011.08.25 05:29:27.184,1.11005,1.11025,1.50,1.13
2011.08.25 05:29:28.388,1.11006,1.11025,1.50,1.13
2011.08.25 05:29:29.926,1.11004,1.11024,2.25,2.25
2011.08.25 05:29:30.047,1.11004,1.11022,2.25,1.13
2011.08.25 05:29:30.476,1.11002,1.11018,1.50,1.50
2011.08.25 05:29:30.604,1.10996,1.11014,1.50,1.13
2011.08.25 05:29:30.723,1.10992,1.11011,1.50,1.13
2011.08.25 05:29:30.955,1.1099,1.11007,1.13,1.50
2011.08.25 05:29:31.204,1.10994,1.1101,1.50,1.88
2011.08.25 05:29:31.756,1.10995,1.11011,1.50,1.13
2011.08.25 05:29:32.096,1.10994,1.11013,2.25,1.13
2011.08.25 05:29:32.766,1.10994,1.11013,2.25,1.88
2011.08.25 05:29:33.110,1.10995,1.11015,1.50,1.13
2011.08.25 05:29:33.913,1.10999,1.11016,1.50,1.50
2011.08.25 05:29:34.037,1.11002,1.1102,1.13,1.50
2011.08.25 05:29:34.487,1.11004,1.11022,1.50,1.88
2011.08.25 05:29:34.915,1.11004,1.11022,1.50,1.13
2011.08.25 05:29:35.685,1.11004,1.11022,1.50,1.88
2011.08.25 05:29:36.026,1.11004,1.11023,1.50,1.88
2011.08.25 05:29:36.478,1.11004,1.11023,1.50,1.50
2011.08.25 05:29:36.596,1.11004,1.11024,1.50,1.88
2011.08.25 05:29:36.717,1.11004,1.11023,1.50,1.50
2011.08.25 05:29:38.715,1.11005,1.11023,1.50,1.13
2011.08.25 05:29:39.495,1.11004,1.11023,1.50,1.13
2011.08.25 05:29:46.626,1.11004,1.11023,1.50,1.88
2011.08.25 05:29:47.194,1.11003,1.11021,1.13,1.50
2011.08.25 05:29:47.745,1.11003,1.11021,1.13,1.50
2011.08.25 05:29:49.114,1.11003,1.11021,1.13,1.50
2011.08.25 05:29:50.253,1.11003,1.11021,1.13,1.50
2011.08.25 05:29:50.545,1.11003,1.11021,1.13,1.50
2011.08.25 05:29:51.418,1.11003,1.11021,1.13,1.50
2011.08.25 05:29:51.976,1.11003,1.11021,1.13,1.50
2011.08.25 05:29:52.315,1.11003,1.11021,1.13,1.50
2011.08.25 05:29:52.537,1.11003,1.11021,1.13,1.50
2011.08.25 05:29:52.657,1.11001,1.11019,1.13,1.50
2011.08.25 05:29:53.215,1.11001,1.11021,1.13,1.88
2011.08.25 05:29:53.555,1.11001,1.11019,1.13,1.50
2011.08.25 05:29:56.135,1.11002,1.1102,1.50,1.50
2011.08.25 05:29:56.779,1.11002,1.1102,1.50,1.50
2011.08.25 05:29:57.336,1.11003,1.11022,1.50,1.50
2011.08.25 05:29:57.455,1.11001,1.1102,1.13,1.50
2011.08.25 05:29:57.797,1.10998,1.11017,3.00,1.50
2011.08.25 05:29:58.136,1.10996,1.11013,1.50,1.50
2011.08.25 05:29:58.258,1.10995,1.11012,2.25,1.50
2011.08.25 05:29:58.595,1.10994,1.1101,1.13,1.50
2011.08.25 05:29:59.928,1.10991,1.11007,1.13,1.50
2011.08.25 05:30:00.792,1.1099,1.1101,1.13,1.88
2011.08.25 05:30:01.130,1.10995,1.11009,1.50,1.50
2011.08.25 05:30:01.472,1.10995,1.11012,1.50,1.13
2011.08.25 05:30:01.590,1.10995,1.11013,1.50,2.63
2011.08.25 05:30:01.896,1.10995,1.11012,1.50,1.13
2011.08.25 05:30:02.026,1.10995,1.11014,2.25,1.13
2011.08.25 05:30:02.369,1.10999,1.11016,1.50,2.25
2011.08.25 05:30:02.597,1.10999,1.11016,1.50,2.25
2011.08.25 05:30:02.720,1.10999,1.11016,1.50,1.50
2011.08.25 05:30:03.389,1.10997,1.11016,1.13,1.50
2011.08.25 05:30:03.946,1.10999,1.11017,1.50,1.13
2011.08.25 05:30:08.749,1.10998,1.11019,2.25,3.38
2011.08.25 05:30:09.525,1.10999,1.11017,1.50,1.50
2011.08.25 05:30:19.685,1.10999,1.11018,1.50,1.13
2011.08.25 05:30:20.015,1.10999,1.11017,1.50,1.13
2011.08.25 05:30:21.086,1.10999,1.11019,1.50,1.50
2011.08.25 05:30:23.850,1.10999,1.11017,1.50,1.13
2011.08.25 05:30:28.738,1.10999,1.11017,1.50,1.50
2011.08.25 05:30:31.548,1.10996,1.11015,1.50,1.88
2011.08.25 05:30:33.457,1.10997,1.11015,2.25,1.13
2011.08.25 05:30:34.547,1.10996,1.11014,1.50,1.13
2011.08.25 05:30:42.626,1.10998,1.11016,2.25,1.50
2011.08.25 05:30:42.746,1.10999,1.11016,1.50,1.50
2011.08.25 05:30:43.574,1.10999,1.1102,2.25,1.88
2011.08.25 05:30:44.125,1.11,1.11021,1.50,2.63
2011.08.25 05:30:50.557,1.11003,1.11022,1.50,1.13
2011.08.25 05:30:50.898,1.11005,1.11025,1.50,1.50
2011.08.25 05:30:51.128,1.11011,1.11028,1.50,1.50
2011.08.25 05:30:51.247,1.11011,1.11031,1.50,1.50
2011.08.25 05:30:51.587,1.11011,1.11031,2.25,1.88
2011.08.25 05:30:51.706,1.11012,1.11031,1.50,1.13
2011.08.25 05:30:52.277,1.11012,1.11031,1.50,2.63
2011.08.25 05:30:52.839,1.11014,1.1103,1.50,1.13
2011.08.25 05:30:54.055,1.11014,1.1103,1.50,1.13
2011.08.25 05:30:54.592,1.11016,1.1103,1.50,1.13
2011.08.25 05:30:54.716,1.11018,1.11036,1.13,1.50
2011.08.25 05:30:54.837,1.1102,1.11039,1.50,1.13
2011.08.25 05:30:55.176,1.1102,1.11039,2.25,1.13
2011.08.25 05:30:55.517,1.11021,1.11041,1.88,1.88
2011.08.25 05:30:55.856,1.11023,1.11044,1.88,1.50
2011.08.25 05:30:55.978,1.11025,1.11045,1.50,1.50
2011.08.25 05:30:56.536,1.11026,1.11046,1.50,2.25
2011.08.25 05:30:57.316,1.11026,1.11045,1.50,1.50
2011.08.25 05:30:58.296,1.11026,1.11045,1.50,1.50
2011.08.25 05:30:58.418,1.11026,1.11043,1.50,1.50
2011.08.25 05:30:58.539,1.11024,1.11039,2.25,1.13
2011.08.25 05:30:58.658,1.11021,1.11037,1.50,1.50
2011.08.25 05:30:58.776,1.11021,1.11037,1.50,2.25
2011.08.25 05:30:59.315,1.11017,1.11037,1.50,1.50
2011.08.25 05:31:00.087,1.11017,1.11037,1.50,1.13
2011.08.25 05:31:00.316,1.11017,1.11036,1.50,1.13
2011.08.25 05:31:02.559,1.11017,1.11035,1.50,1.50
2011.08.25 05:31:10.147,1.11017,1.11035,2.25,1.50
2011.08.25 05:31:10.598,1.11019,1.11039,1.50,1.88
2011.08.25 05:31:11.666,1.11019,1.11039,1.50,2.25
2011.08.25 05:31:13.406,1.11019,1.11039,1.50,1.88
2011.08.25 05:31:14.366,1.11019,1.11039,1.50,2.25
2011.08.25 05:31:17.605,1.11019,1.11037,1.50,1.13
2011.08.25 05:31:18.156,1.11019,1.11037,1.50,1.50
2011.08.25 05:31:18.387,1.11021,1.11039,1.50,1.88
2011.08.25 05:31:18.506,1.11021,1.11039,1.50,1.88
2011.08.25 05:31:21.286,1.11021,1.11039,1.50,1.13
2011.08.25 05:31:21.405,1.11021,1.11039,1.50,1.13
2011.08.25 05:31:21.526,1.11021,1.11039,1.50,1.13
2011.08.25 05:31:23.949,1.1102,1.1104,1.50,1.50
2011.08.25 05:31:24.508,1.11023,1.11041,1.50,1.50
2011.08.25 05:31:24.848,1.11023,1.11042,1.50,1.88
2011.08.25 05:31:25.186,1.11023,1.11042,3.00,1.88
2011.08.25 05:31:25.746,1.11027,1.11042,1.50,1.13
2011.08.25 05:31:26.198,1.11027,1.11044,2.25,1.50
2011.08.25 05:31:28.538,1.11025,1.11044,1.50,1.50
2011.08.25 05:31:29.095,1.11024,1.11044,1.50,1.50
2011.08.25 05:31:29.656,1.11028,1.11046,1.88,2.25
2011.08.25 05:31:29.781,1.1103,1.11046,2.25,1.50
2011.08.25 05:31:30.778,1.11029,1.11045,2.63,1.50
2011.08.25 05:31:31.119,1.11031,1.11049,2.25,2.25
2011.08.25 05:31:32.357,1.11033,1.11046,2.25,1.50
2011.08.25 05:31:32.483,1.11029,1.11046,2.25,2.25
2011.08.25 05:31:32.597,1.1103,1.11044,1.13,1.50
2011.08.25 05:31:32.936,1.1103,1.11044,1.13,1.50
2011.08.25 05:31:33.170,1.11027,1.11047,2.63,1.50
2011.08.25 05:31:33.948,1.11029,1.11047,1.13,1.50
2011.08.25 05:31:34.285,1.11029,1.11044,1.13,1.50
2011.08.25 05:31:34.406,1.11029,1.11044,1.13,1.50
2011.08.25 05:31:34.528,1.11029,1.11044,1.13,1.50
2011.08.25 05:31:34.869,1.11029,1.11048,3.38,2.25
2011.08.25 05:31:34.991,1.11029,1.11048,1.13,2.25
2011.08.25 05:31:35.446,1.11031,1.11046,2.25,1.50
2011.08.25 05:31:36.050,1.11028,1.11047,1.50,1.13
2011.08.25 05:31:36.278,1.11029,1.11047,1.50,1.13
2011.08.25 05:31:36.510,1.11029,1.11047,3.00,1.13
2011.08.25 05:31:36.902,1.11029,1.11047,2.25,1.13
2011.08.25 05:31:37.022,1.11027,1.11046,3.75,1.13
2011.08.25 05:31:38.405,1.11028,1.11046,2.25,1.88
2011.08.25 05:31:38.756,1.1103,1.11046,2.25,1.13
2011.08.25 05:31:39.317,1.11034,1.11049,2.25,1.50
2011.08.25 05:31:39.546,1.11031,1.11048,2.25,1.13
2011.08.25 05:31:40.330,1.11035,1.11052,1.50,1.50
2011.08.25 05:31:40.445,1.11035,1.11052,3.00,1.50
2011.08.25 05:31:40.677,1.11035,1.11052,2.25,1.50
2011.08.25 05:31:40.804,1.11042,1.11055,2.25,1.50
2011.08.25 05:31:40.920,1.11042,1.1106,2.25,1.13
2011.08.25 05:31:41.424,1.11046,1.11063,1.50,1.35
2011.08.25 05:31:41.536,1.11046,1.11063,1.50,1.35
2011.08.25 05:31:41.878,1.11046,1.11065,2.25,3.23
2011.08.25 05:31:41.997,1.11046,1.11062,1.50,1.35
2011.08.25 05:31:42.118,1.11044,1.11061,1.50,2.25
2011.08.25 05:31:42.347,1.11041,1.1106,1.50,1.13
2011.08.25 05:31:43.126,1.11041,1.1106,1.50,1.13
2011.08.25 05:31:43.252,1.1104,1.11058,2.25,1.13
2011.08.25 05:31:43.367,1.11039,1.11058,1.50,1.13
2011.08.25 05:31:43.707,1.1104,1.11061,1.50,1.50
2011.08.25 05:31:43.946,1.11044,1.11061,1.50,1.88
2011.08.25 05:31:44.070,1.11042,1.11058,1.50,1.13
2011.08.25 05:31:47.179,1.11038,1.11055,3.00,1.13
2011.08.25 05:31:47.408,1.11042,1.1106,1.50,1.88
2011.08.25 05:31:47.967,1.11041,1.1106,1.50,1.13
2011.08.25 05:31:49.196,1.11041,1.11061,1.50,1.50
2011.08.25 05:31:49.316,1.11041,1.1106,1.50,1.50
2011.08.25 05:31:49.657,1.11036,1.11059,3.00,4.13
2011.08.25 05:31:49.778,1.11034,1.1105,1.13,1.13
2011.08.25 05:31:49.897,1.11033,1.1105,1.13,1.13
2011.08.25 05:31:50.351,1.11032,1.1105,1.50,1.13
2011.08.25 05:31:51.017,1.1103,1.11049,1.50,1.88
2011.08.25 05:31:51.248,1.11028,1.11048,2.63,1.13
2011.08.25 05:31:52.287,1.11028,1.11048,2.63,1.13
2011.08.25 05:31:53.285,1.11028,1.11047,2.25,1.13
2011.08.25 05:31:54.266,1.1103,1.11048,1.50,1.50
2011.08.25 05:31:54.389,1.11031,1.11049,1.50,1.88
2011.08.25 05:31:54.948,1.11028,1.11049,2.25,1.13
2011.08.25 05:31:55.450,1.11028,1.11047,2.25,1.13
2011.08.25 05:31:56.097,1.11029,1.11048,1.13,1.50
2011.08.25 05:31:56.327,1.11031,1.11048,1.13,1.50
2011.08.25 05:31:56.926,1.11031,1.11048,1.13,1.50
2011.08.25 05:31:57.456,1.11031,1.11048,1.13,1.50
2011.08.25 05:31:58.016,1.1103,1.11048,1.13,1.50
2011.08.25 05:31:59.456,1.1103,1.11047,1.13,1.50
2011.08.25 05:32:02.295,1.1103,1.11045,1.13,1.50
2011.08.25 05:32:03.099,1.1103,1.11045,1.13,1.50
2011.08.25 05:32:03.435,1.11028,1.11045,1.13,1.50
2011.08.25 05:32:03.987,1.11028,1.11045,1.13,1.50
2011.08.25 05:32:04.546,1.11028,1.11045,1.13,1.50
2011.08.25 05:32:05.105,1.11028,1.11047,1.13,1.50
2011.08.25 05:32:06.437,1.11029,1.11045,1.13,1.50
2011.08.25 05:32:06.556,1.11026,1.11045,2.25,1.50
2011.08.25 05:32:08.476,1.11025,1.11042,2.25,1.50
2011.08.25 05:32:10.797,1.11025,1.11043,1.88,1.50
2011.08.25 05:32:11.028,1.11031,1.11043,1.13,1.50
2011.08.25 05:32:11.262,1.11031,1.11046,1.50,1.50
2011.08.25 05:32:11.595,1.11028,1.11048,1.50,1.13
2011.08.25 05:32:13.257,1.11027,1.11047,1.50,1.88
2011.08.25 05:32:16.781,1.11027,1.11047,2.25,1.13
2011.08.25 05:32:16.899,1.11029,1.11049,1.50,2.25
2011.08.25 05:32:17.347,1.11028,1.11047,1.50,1.88
2011.08.25 05:32:17.846,1.11027,1.11045,1.50,1.50
2011.08.25 05:32:18.296,1.11027,1.11045,1.50,1.50
2011.08.25 05:32:21.129,1.11028,1.11041,1.50,1.50
2011.08.25 05:32:21.246,1.11023,1.11041,1.13,1.50
2011.08.25 05:32:22.817,1.11022,1.11041,2.63,1.50
2011.08.25 05:32:23.596,1.11025,1.11044,1.88,1.50
2011.08.25 05:32:23.937,1.11025,1.11045,1.88,1.50
2011.08.25 05:32:25.487,1.11026,1.11043,1.50,1.50
2011.08.25 05:32:25.895,1.11026,1.11045,1.50,1.13
2011.08.25 05:32:26.141,1.1103,1.1105,1.50,1.50
2011.08.25 05:32:27.156,1.11029,1.11048,1.13,1.50
2011.08.25 05:32:27.276,1.11029,1.11047,1.13,1.50
2011.08.25 05:32:27.506,1.11028,1.11047,1.88,1.50
2011.08.25 05:32:28.292,1.11026,1.11043,1.13,1.50
2011.08.25 05:32:28.627,1.11024,1.11043,1.13,1.50
2011.08.25 05:32:29.299,1.11022,1.11042,2.63,1.13
2011.08.25 05:32:29.637,1.11022,1.11041,1.13,1.50
2011.08.25 05:32:31.026,1.1102,1.11038,1.50,1.50
2011.08.25 05:32:31.367,1.11017,1.11037,1.88,2.25
2011.08.25 05:32:31.709,1.1102,1.11035,1.50,1.88
2011.08.25 05:32:31.831,1.1102,1.11036,1.50,1.88
2011.08.25 05:32:31.951,1.11016,1.11034,2.25,1.13
2011.08.25 05:32:32.286,1.11018,1.11034,1.50,1.50
2011.08.25 05:32:32.517,1.11018,1.11034,1.50,1.50
2011.08.25 05:32:35.328,1.11016,1.11034,2.25,1.13
2011.08.25 05:32:35.448,1.11019,1.11035,1.50,1.88
2011.08.25 05:32:35.896,1.11019,1.11037,1.50,1.88
2011.08.25 05:32:36.018,1.11021,1.11037,2.25,1.13
2011.08.25 05:32:36.568,1.11021,1.11036,1.50,1.13
2011.08.25 05:32:37.346,1.11019,1.11036,1.50,1.50
2011.08.25 05:32:39.188,1.11021,1.11042,2.25,1.50
2011.08.25 05:32:39.867,1.11021,1.11039,1.50,1.13
2011.08.25 05:32:39.990,1.11019,1.11038,2.25,1.13
2011.08.25 05:32:40.106,1.11017,1.11035,1.50,1.50
2011.08.25 05:32:40.667,1.11025,1.11045,1.50,1.50
2011.08.25 05:32:41.007,1.11027,1.11048,1.50,1.50
2011.08.25 05:32:41.238,1.11027,1.11047,1.50,1.50
2011.08.25 05:32:41.468,1.11028,1.11048,1.50,1.50
2011.08.25 05:32:41.972,1.11028,1.11047,1.50,2.25
2011.08.25 05:32:43.457,1.11027,1.11047,1.50,1.50
2011.08.25 05:32:43.908,1.11026,1.11047,2.25,1.50
2011.08.25 05:32:44.136,1.11029,1.11047,1.50,1.50
2011.08.25 05:32:45.779,1.11028,1.11045,1.50,1.13
2011.08.25 05:32:47.788,1.11027,1.11044,1.50,1.88
2011.08.25 05:32:48.347,1.11025,1.11043,1.50,1.13
2011.08.25 05:32:50.295,1.11026,1.11044,1.50,1.13
2011.08.25 05:32:50.736,1.11027,1.11045,2.25,1.13
2011.08.25 05:32:51.185,1.11027,1.11044,2.25,1.13
2011.08.25 05:32:51.415,1.11029,1.11048,1.50,2.25
2011.08.25 05:32:51.757,1.11033,1.11054,1.50,1.50
2011.08.25 05:32:52.325,1.11033,1.11054,1.50,1.50
2011.08.25 05:32:54.218,1.11032,1.11051,2.25,1.13
2011.08.25 05:32:54.450,1.11031,1.1105,2.25,1.50
2011.08.25 05:32:54.677,1.1103,1.11047,1.50,1.50
2011.08.25 05:33:00.923,1.11032,1.1105,1.50,1.50
2011.08.25 05:33:01.038,1.11032,1.11048,1.50,1.50
2011.08.25 05:33:03.155,1.1103,1.11048,1.50,3.00
2011.08.25 05:33:03.378,1.11032,1.1105,1.50,2.25
2011.08.25 05:33:03.500,1.11033,1.11051,1.50,3.00
2011.08.25 05:33:03.896,1.11033,1.11052,1.50,1.50
2011.08.25 05:33:04.456,1.11035,1.11051,1.50,1.13
2011.08.25 05:33:05.019,1.11035,1.1105,1.50,1.13
2011.08.25 05:33:06.799,1.11032,1.1105,1.50,1.13
2011.08.25 05:33:06.919,1.11031,1.1105,1.50,2.63
2011.08.25 05:33:07.042,1.11025,1.11044,1.50,1.50
2011.08.25 05:33:07.160,1.11022,1.11041,1.88,1.50
2011.08.25 05:33:07.279,1.1102,1.11039,3.00,1.13
2011.08.25 05:33:07.707,1.11021,1.11039,1.50,1.13
2011.08.25 05:33:09.418,1.1102,1.11039,1.50,1.13
2011.08.25 05:33:09.977,1.1102,1.11039,1.50,1.88
2011.08.25 05:33:10.537,1.11021,1.11042,2.25,1.88
2011.08.25 05:33:10.657,1.11022,1.11042,1.50,1.88
2011.08.25 05:33:10.776,1.11021,1.11042,1.50,1.88
2011.08.25 05:33:12.245,1.11022,1.11042,1.50,1.88
2011.08.25 05:33:15.219,1.11022,1.11038,1.88,3.00
2011.08.25 05:33:15.682,1.11018,1.11035,1.88,1.50
2011.08.25 05:33:15.813,1.11019,1.11038,1.50,1.50
2011.08.25 05:33:16.367,1.1102,1.11038,1.50,1.50
2011.08.25 05:33:16.596,1.11019,1.11038,1.50,1.88
2011.08.25 05:33:17.157,1.11019,1.11038,1.50,1.88
2011.08.25 05:33:19.686,1.11019,1.11038,1.50,1.50
2011.08.25 05:33:20.027,1.11019,1.11038,1.50,1.50
2011.08.25 05:33:24.147,1.1102,1.11039,2.25,1.50
2011.08.25 05:33:24.706,1.1102,1.1104,1.50,1.50
2011.08.25 05:33:25.101,1.1102,1.1104,1.50,2.25
2011.08.25 05:33:25.328,1.1102,1.11039,1.50,1.50
2011.08.25 05:33:25.998,1.11019,1.11039,1.88,2.25
2011.08.25 05:33:26.116,1.1102,1.11039,1.50,2.25
2011.08.25 05:33:26.459,1.11019,1.11034,1.13,1.50
2011.08.25 05:33:26.797,1.11018,1.11036,1.13,1.50
2011.08.25 05:33:29.696,1.11017,1.11038,1.50,3.00
2011.08.25 05:33:30.043,1.1102,1.11039,1.13,1.50
2011.08.25 05:33:30.268,1.11024,1.1104,1.50,1.50
2011.08.25 05:33:30.496,1.11024,1.11045,1.50,1.50
2011.08.25 05:33:30.946,1.11026,1.11046,1.50,1.50
2011.08.25 05:33:31.505,1.11026,1.11045,1.50,1.50
2011.08.25 05:33:33.648,1.11026,1.11046,1.50,1.50
2011.08.25 05:33:37.827,1.11025,1.11045,1.50,1.50
2011.08.25 05:33:38.509,1.11029,1.11044,1.50,1.50
2011.08.25 05:33:38.857,1.11031,1.11047,1.50,2.25
2011.08.25 05:33:39.705,1.11028,1.11046,1.50,1.88
2011.08.25 05:33:39.832,1.11028,1.11046,1.50,1.13
2011.08.25 05:33:40.718,1.11031,1.11047,2.25,2.63
2011.08.25 05:33:41.170,1.11033,1.11049,2.25,1.88
2011.08.25 05:33:41.726,1.11035,1.11049,2.25,1.13
2011.08.25 05:33:41.848,1.11032,1.11049,2.25,1.13
2011.08.25 05:33:42.077,1.11037,1.11053,1.50,3.00
2011.08.25 05:33:42.198,1.11039,1.11056,1.50,3.00
2011.08.25 05:33:42.316,1.11039,1.11055,2.25,1.13
2011.08.25 05:33:42.438,1.11039,1.11051,1.50,3.00
2011.08.25 05:33:43.440,1.11037,1.11052,3.00,1.50
2011.08.25 05:33:44.439,1.11045,1.11056,1.50,2.63
2011.08.25 05:33:44.866,1.11046,1.11058,1.13,3.00
2011.08.25 05:33:44.998,1.11048,1.11067,1.50,1.50
2011.08.25 05:33:45.119,1.11048,1.11059,1.50,3.75
2011.08.25 05:33:45.237,1.11046,1.11059,1.50,2.25
2011.08.25 05:33:45.468,1.11047,1.11059,1.13,2.25
2011.08.25 05:33:45.918,1.11046,1.11059,1.50,1.50
2011.08.25 05:33:46.258,1.11048,1.11064,1.50,1.50
2011.08.25 05:33:46.379,1.11048,1.11062,1.50,2.25
2011.08.25 05:33:46.716,1.11048,1.11062,1.50,2.25
2011.08.25 05:33:47.057,1.11044,1.11061,1.50,1.50
2011.08.25 05:33:47.181,1.11043,1.11059,1.50,1.88
2011.08.25 05:33:47.300,1.11043,1.11059,1.50,1.13
2011.08.25 05:33:47.856,1.1104,1.1106,1.88,1.88
2011.08.25 05:33:48.745,1.1104,1.1106,2.63,1.13
2011.08.25 05:33:50.297,1.11043,1.11061,1.50,1.13
2011.08.25 05:33:51.078,1.11041,1.11061,1.13,3.38
2011.08.25 05:33:51.635,1.11042,1.11061,1.13,1.50
2011.08.25 05:33:51.966,1.11042,1.11062,3.38,1.13
2011.08.25 05:33:52.306,1.11044,1.11063,1.50,2.63
2011.08.25 05:33:52.536,1.11044,1.11063,1.50,2.63
2011.08.25 05:33:52.657,1.11044,1.11063,1.50,3.38
2011.08.25 05:33:52.996,1.11043,1.1106,1.13,1.50
2011.08.25 05:33:53.336,1.11043,1.1106,1.13,1.50
2011.08.25 05:33:53.459,1.11041,1.1106,1.50,1.50
2011.08.25 05:33:53.685,1.11041,1.11062,1.50,2.63
2011.08.25 05:33:54.237,1.11041,1.11061,1.50,1.13
2011.08.25 05:33:54.608,1.11041,1.11061,1.50,1.50
2011.08.25 05:33:57.720,1.11041,1.11061,1.50,1.50
2011.08.25 05:33:59.088,1.11041,1.1106,1.50,1.13
2011.08.25 05:33:59.323,1.11041,1.11058,1.50,1.13
2011.08.25 05:33:59.658,1.11039,1.11057,2.25,2.25
2011.08.25 05:33:59.996,1.11039,1.11057,2.63,1.50
2011.08.25 05:34:00.666,1.11039,1.11057,2.63,2.25
2011.08.25 05:34:01.006,1.11039,1.11057,2.63,2.25
2011.08.25 05:34:01.126,1.11039,1.11057,2.63,2.25
2011.08.25 05:34:01.251,1.11039,1.11057,2.63,2.25
2011.08.25 05:34:01.797,1.11039,1.11057,2.63,2.25
2011.08.25 05:34:03.798,1.11039,1.11053,1.50,1.50
2011.08.25 05:34:04.136,1.11036,1.11054,2.25,2.85
2011.08.25 05:34:07.347,1.11038,1.11057,1.50,2.25
2011.08.25 05:34:07.466,1.11038,1.11057,2.25,1.50
2011.08.25 05:34:07.918,1.11038,1.11057,1.50,2.25
2011.08.25 05:34:09.221,1.1104,1.11059,2.25,1.50
2011.08.25 05:34:09.815,1.11039,1.11059,3.00,1.50
2011.08.25 05:34:10.787,1.11041,1.1106,1.50,3.00
2011.08.25 05:34:10.908,1.11041,1.1106,1.50,1.50
2011.08.25 05:34:18.946,1.11047,1.11064,2.25,2.25
2011.08.25 05:34:20.636,1.11047,1.11062,3.00,1.50
2011.08.25 05:34:21.419,1.11047,1.1106,1.50,2.25
2011.08.25 05:34:21.537,1.11047,1.11058,1.50,1.50
2011.08.25 05:34:22.538,1.11041,1.11061,1.50,5.25
2011.08.25 05:34:23.096,1.11041,1.11059,1.50,1.88
2011.08.25 05:34:23.437,1.11043,1.1106,2.25,1.50
2011.08.25 05:34:24.562,1.11047,1.1106,2.25,1.50
2011.08.25 05:34:24.786,1.11045,1.1106,1.50,1.50
2011.08.25 05:34:24.907,1.11046,1.1106,2.25,1.50
2011.08.25 05:34:25.139,1.11045,1.1106,1.50,1.50
2011.08.25 05:34:25.902,1.11046,1.1106,3.00,1.50
2011.08.25 05:34:26.129,1.11046,1.1106,1.50,1.50
2011.08.25 05:34:26.359,1.11041,1.1106,3.75,2.63
2011.08.25 05:34:26.589,1.11041,1.1106,1.50,2.25
2011.08.25 05:34:26.710,1.11043,1.1106,3.00,1.50
2011.08.25 05:34:27.046,1.11045,1.1106,2.25,1.50
2011.08.25 05:34:27.166,1.11043,1.1106,1.50,1.50
2011.08.25 05:34:27.286,1.11045,1.1106,2.25,1.50
2011.08.25 05:34:27.406,1.11043,1.1106,3.00,1.50
2011.08.25 05:34:27.966,1.11044,1.1106,2.25,1.50
2011.08.25 05:34:28.086,1.11043,1.1106,1.50,1.50
2011.08.25 05:34:28.207,1.11045,1.1106,2.25,1.88
2011.08.25 05:34:28.325,1.11043,1.1106,1.50,1.88
2011.08.25 05:34:29.166,1.11042,1.11059,2.25,1.50
2011.08.25 05:34:29.506,1.11039,1.11058,4.50,1.50
2011.08.25 05:34:30.947,1.1104,1.11058,2.25,1.50
2011.08.25 05:34:32.684,1.11045,1.1106,1.50,1.50
2011.08.25 05:34:33.126,1.11047,1.1106,1.50,1.50
2011.08.25 05:34:33.809,1.11046,1.1106,1.50,1.50
2011.08.25 05:34:33.928,1.11043,1.1106,1.50,1.50
2011.08.25 05:34:35.686,1.11043,1.1106,1.50,1.50
2011.08.25 05:34:36.477,1.1104,1.11057,1.50,1.13
2011.08.25 05:34:36.817,1.11037,1.11056,1.13,2.25
2011.08.25 05:34:36.937,1.11037,1.11056,1.50,1.88
2011.08.25 05:34:37.058,1.11037,1.11053,1.50,1.13
2011.08.25 05:34:37.290,1.11037,1.11054,1.50,1.50
2011.08.25 05:34:37.627,1.11037,1.11056,3.00,1.50
2011.08.25 05:34:37.938,1.1104,1.11058,2.25,2.25
2011.08.25 05:34:38.055,1.11039,1.11058,1.50,2.25
2011.08.25 05:34:39.279,1.11042,1.1106,3.00,3.75
2011.08.25 05:34:39.825,1.11041,1.11059,1.50,1.50
2011.08.25 05:34:40.277,1.1104,1.11059,1.50,2.25
2011.08.25 05:34:40.968,1.1104,1.1106,1.50,3.38
2011.08.25 05:34:41.527,1.11041,1.11059,1.50,1.50
2011.08.25 05:34:41.757,1.11043,1.11059,2.25,2.25
2011.08.25 05:34:42.096,1.11043,1.11061,2.25,1.88
2011.08.25 05:34:42.216,1.1104,1.11061,4.13,1.88
2011.08.25 05:34:42.775,1.1104,1.11061,3.00,1.88
2011.08.25 05:34:42.998,1.1104,1.11061,1.88,1.88
2011.08.25 05:34:43.447,1.1104,1.1106,1.88,1.50
2011.08.25 05:34:43.568,1.11038,1.11057,1.50,1.50
2011.08.25 05:34:43.686,1.11038,1.11057,1.50,1.50
2011.08.25 05:34:44.164,1.11037,1.11057,1.50,2.63
2011.08.25 05:34:44.282,1.11041,1.11057,2.25,1.88
2011.08.25 05:34:44.399,1.11038,1.11057,1.50,2.63
2011.08.25 05:34:44.630,1.11038,1.11056,1.50,1.13
2011.08.25 05:34:44.967,1.11035,1.11054,1.50,2.25
2011.08.25 05:34:45.088,1.11038,1.11054,2.25,1.50
2011.08.25 05:34:45.427,1.11036,1.11055,1.50,2.25
2011.08.25 05:34:45.657,1.11039,1.11055,2.25,1.50
2011.08.25 05:34:46.091,1.11037,1.11055,1.50,1.13
2011.08.25 05:34:46.213,1.11038,1.11057,3.00,1.50
2011.08.25 05:34:46.546,1.1104,1.11059,1.50,2.25
2011.08.25 05:34:46.998,1.11038,1.11058,1.50,1.50
2011.08.25 05:34:47.226,1.11038,1.11059,1.50,3.75
2011.08.25 05:34:47.346,1.11038,1.11058,1.50,2.63
2011.08.25 05:34:47.905,1.11039,1.11057,1.50,1.13
2011.08.25 05:34:48.027,1.11039,1.11057,1.50,1.13
2011.08.25 05:34:48.608,1.11037,1.11056,1.50,1.13
2011.08.25 05:34:48.947,1.11037,1.11055,1.50,1.13
2011.08.25 05:34:49.067,1.11037,1.11055,1.50,1.88
2011.08.25 05:34:49.190,1.11037,1.11054,1.50,1.50
2011.08.25 05:34:49.747,1.11038,1.11055,1.50,1.13
2011.08.25 05:34:50.308,1.11038,1.11055,1.50,1.88
2011.08.25 05:34:50.427,1.11038,1.11054,1.50,1.50
2011.08.25 05:34:50.658,1.11033,1.11051,1.50,1.50
2011.08.25 05:34:50.887,1.11035,1.11052,1.50,1.50
2011.08.25 05:34:51.119,1.11035,1.11051,1.50,1.50
2011.08.25 05:34:51.788,1.11031,1.11051,1.13,2.25
2011.08.25 05:34:51.906,1.1103,1.11051,1.88,2.25
2011.08.25 05:34:52.245,1.11033,1.11051,2.25,1.88
2011.08.25 05:34:52.366,1.11031,1.11051,1.13,2.63
2011.08.25 05:34:52.777,1.11033,1.11051,2.25,1.88
2011.08.25 05:34:54.816,1.11031,1.11051,1.88,1.88
2011.08.25 05:34:55.597,1.11034,1.11051,2.25,1.13
2011.08.25 05:34:56.186,1.11031,1.11051,1.88,1.88
2011.08.25 05:34:58.927,1.11031,1.11052,2.25,1.50
2011.08.25 05:35:01.736,1.11031,1.11052,2.63,1.50
2011.08.25 05:35:03.806,1.11031,1.11051,1.88,1.50
2011.08.25 05:35:05.396,1.11031,1.11051,2.63,1.50
2011.08.25 05:35:07.746,1.11033,1.11051,2.25,1.88
2011.08.25 05:35:08.268,1.11034,1.11051,1.50,1.13
2011.08.25 05:35:08.498,1.11034,1.11051,1.50,1.13
2011.08.25 05:35:09.015,1.11034,1.11051,1.50,1.88
2011.08.25 05:35:13.298,1.11032,1.1105,1.50,1.13
2011.08.25 05:35:13.531,1.11032,1.1105,1.50,1.88
2011.08.25 05:35:14.087,1.11029,1.11049,1.50,1.50
2011.08.25 05:35:15.577,1.11029,1.11048,1.50,1.13
2011.08.25 05:35:16.138,1.11029,1.11045,1.50,3.60
2011.08.25 05:35:16.372,1.11023,1.11041,1.50,1.13
2011.08.25 05:35:16.926,1.11024,1.11045,1.50,3.75
2011.08.25 05:35:19.567,1.11025,1.11044,1.50,1.50
2011.08.25 05:35:19.909,1.11025,1.11044,1.50,1.50
2011.08.25 05:35:21.356,1.11025,1.11044,1.50,2.25
2011.08.25 05:35:21.479,1.11021,1.11037,1.50,1.50
2011.08.25 05:35:21.596,1.11021,1.11041,2.25,1.50
2011.08.25 05:35:22.810,1.11021,1.11038,1.50,1.50
2011.08.25 05:35:23.146,1.11023,1.11041,1.50,1.50
2011.08.25 05:35:23.266,1.11023,1.11042,1.50,1.50
2011.08.25 05:35:24.807,1.11023,1.11042,1.50,1.50
2011.08.25 05:35:26.392,1.1102,1.11038,2.25,1.13
2011.08.25 05:35:27.588,1.1102,1.1104,1.88,2.63
2011.08.25 05:35:29.189,1.1102,1.11039,2.25,1.13
2011.08.25 05:35:29.310,1.11021,1.1104,1.50,1.50
2011.08.25 05:35:29.430,1.11021,1.11042,1.50,2.25
2011.08.25 05:35:29.986,1.11022,1.11041,1.88,2.25
2011.08.25 05:35:31.097,1.1102,1.11039,1.13,1.50
2011.08.25 05:35:33.517,1.11021,1.11039,1.50,1.50
2011.08.25 05:35:34.077,1.1102,1.11039,1.50,1.50
2011.08.25 05:35:34.635,1.11021,1.11039,1.50,1.50
2011.08.25 05:35:35.388,1.1102,1.11039,1.88,1.50
2011.08.25 05:35:36.529,1.1102,1.11039,1.50,1.50
2011.08.25 05:35:37.090,1.11027,1.11043,2.25,1.50
2011.08.25 05:35:37.318,1.1103,1.11048,1.50,3.75
2011.08.25 05:35:37.547,1.11032,1.11048,2.25,3.00
2011.08.25 05:35:37.670,1.1103,1.1105,1.50,1.50
2011.08.25 05:35:37.897,1.11028,1.11047,1.50,2.25
2011.08.25 05:35:38.237,1.11028,1.11047,1.50,2.25
2011.08.25 05:35:39.248,1.11024,1.1104,2.25,1.13
2011.08.25 05:35:39.698,1.11023,1.11042,1.50,1.50
2011.08.25 05:35:40.038,1.11022,1.11039,3.38,1.13
2011.08.25 05:35:40.267,1.11024,1.11042,1.50,1.50
2011.08.25 05:35:40.944,1.11023,1.11043,1.50,1.50
2011.08.25 05:35:41.169,1.11021,1.1104,3.00,1.13
2011.08.25 05:35:41.727,1.11023,1.11041,1.50,1.50
2011.08.25 05:35:42.067,1.11023,1.11043,1.50,1.50
2011.08.25 05:35:42.625,1.11023,1.11043,3.00,1.50
2011.08.25 05:35:43.220,1.11024,1.11045,1.50,1.50
2011.08.25 05:35:43.337,1.11024,1.11045,1.50,2.25
2011.08.25 05:35:43.897,1.11024,1.11041,1.50,1.50
2011.08.25 05:35:44.237,1.1102,1.11036,1.50,1.50
2011.08.25 05:35:44.357,1.11017,1.11036,2.25,2.25
2011.08.25 05:35:44.915,1.11015,1.11036,1.50,2.25
2011.08.25 05:35:45.246,1.11016,1.11035,1.50,1.88
2011.08.25 05:35:45.477,1.11017,1.11035,1.50,1.13
2011.08.25 05:35:46.371,1.11013,1.11032,1.50,2.25
2011.08.25 05:35:46.488,1.11012,1.11032,1.50,1.50
2011.08.25 05:35:46.607,1.11015,1.11032,1.50,1.13
2011.08.25 05:35:46.836,1.11015,1.11035,3.00,1.50
2011.08.25 05:35:47.355,1.11015,1.11033,2.25,1.50
2011.08.25 05:35:47.472,1.11015,1.11036,3.00,2.25
2011.08.25 05:35:48.027,1.11016,1.11034,1.50,1.13
2011.08.25 05:35:48.548,1.11016,1.11037,1.50,2.25
2011.08.25 05:35:48.778,1.11016,1.11035,1.50,1.13
2011.08.25 05:35:49.228,1.11023,1.11042,2.25,1.50
2011.08.25 05:35:49.348,1.11025,1.11043,1.50,1.50
2011.08.25 05:35:49.467,1.11028,1.11046,1.50,1.50
2011.08.25 05:35:50.026,1.11028,1.11047,1.50,1.71
2011.08.25 05:35:51.378,1.11028,1.11047,1.50,2.84
2011.08.25 05:35:51.500,1.11023,1.11043,1.50,1.50
2011.08.25 05:35:51.731,1.11021,1.11039,2.25,1.13
2011.08.25 05:35:52.066,1.11018,1.11037,1.50,1.50
2011.08.25 05:35:52.736,1.1102,1.11039,1.50,2.25
2011.08.25 05:35:56.317,1.11018,1.11039,1.88,2.25
2011.08.25 05:35:56.961,1.11018,1.11037,1.88,1.88
2011.08.25 05:35:57.082,1.11016,1.11035,1.50,1.13
2011.08.25 05:35:57.636,1.11015,1.11033,1.88,1.50
2011.08.25 05:36:00.398,1.11017,1.11035,1.50,1.13
2011.08.25 05:36:00.518,1.11018,1.11037,1.50,1.50
2011.08.25 05:36:01.988,1.11017,1.11037,1.50,1.88
2011.08.25 05:36:02.326,1.11017,1.11035,1.50,1.50
2011.08.25 05:36:02.446,1.11017,1.11035,1.50,1.50
2011.08.25 05:36:02.875,1.11017,1.11035,1.50,1.50
2011.08.25 05:36:07.050,1.11015,1.11033,2.25,2.25
2011.08.25 05:36:07.387,1.11011,1.1103,3.38,1.50
2011.08.25 05:36:10.186,1.11013,1.11034,1.50,3.38
2011.08.25 05:36:10.528,1.11015,1.11031,1.88,1.50
2011.08.25 05:36:11.447,1.11015,1.11032,1.13,1.50
2011.08.25 05:36:11.788,1.11014,1.11033,2.63,1.13
2011.08.25 05:36:12.126,1.11012,1.1103,1.50,1.13
2011.08.25 05:36:12.356,1.11012,1.1103,1.50,1.13
2011.08.25 05:36:14.077,1.11009,1.1103,3.00,2.25
2011.08.25 05:36:14.637,1.11009,1.11028,3.00,1.88
2011.08.25 05:36:26.537,1.11009,1.11028,1.50,1.13
2011.08.25 05:36:26.658,1.11009,1.11027,1.50,1.50
2011.08.25 05:36:26.887,1.11009,1.11028,1.50,1.13
2011.08.25 05:36:27.405,1.11009,1.11029,1.50,1.13
2011.08.25 05:36:31.120,1.11009,1.11029,1.50,1.50
2011.08.25 05:36:31.677,1.11009,1.11029,3.75,1.50
2011.08.25 05:36:32.126,1.11009,1.11029,1.50,1.50
2011.08.25 05:36:34.507,1.11009,1.11027,1.50,1.13
2011.08.25 05:36:34.956,1.11009,1.11028,1.50,1.13
2011.08.25 05:36:35.547,1.11007,1.11027,2.63,1.13
2011.08.25 05:36:35.778,1.11007,1.11026,1.50,1.50
2011.08.25 05:36:36.559,1.11007,1.11026,1.88,1.50
2011.08.25 05:36:36.900,1.11013,1.1103,2.25,1.50
2011.08.25 05:36:38.267,1.11013,1.11034,3.00,1.50
2011.08.25 05:36:38.608,1.11013,1.11034,2.25,1.50
2011.08.25 05:36:38.728,1.11012,1.11033,1.50,1.50
2011.08.25 05:36:39.286,1.11012,1.11031,1.50,1.50
2011.08.25 05:36:40.605,1.11012,1.11031,1.50,1.50
2011.08.25 05:36:42.586,1.11012,1.11029,1.50,1.50
2011.08.25 05:36:45.099,1.1101,1.11029,1.50,1.88
2011.08.25 05:36:45.439,1.11008,1.11028,1.13,1.50
2011.08.25 05:36:49.239,1.11007,1.11027,1.88,1.50
2011.08.25 05:36:49.798,1.11007,1.11025,1.13,1.50
2011.08.25 05:36:50.927,1.11006,1.11025,1.13,3.00
2011.08.25 05:36:53.266,1.11006,1.11025,1.13,3.00
2011.08.25 05:36:55.468,1.11006,1.11024,1.13,1.88
2011.08.25 05:36:55.587,1.11004,1.11021,1.88,1.50
2011.08.25 05:36:55.709,1.11003,1.11019,1.13,1.50
2011.08.25 05:36:55.828,1.11,1.11019,1.50,2.25
2011.08.25 05:36:55.947,1.10998,1.11019,3.23,3.75
2011.08.25 05:36:56.629,1.11,1.11019,1.13,2.25
2011.08.25 05:36:56.748,1.11,1.11019,1.88,2.25
2011.08.25 05:36:57.087,1.11007,1.1102,1.50,1.50
2011.08.25 05:36:57.209,1.11004,1.11023,1.50,1.50
2011.08.25 05:36:57.437,1.11006,1.11025,1.50,1.88
2011.08.25 05:36:57.991,1.11006,1.11025,3.00,1.88
2011.08.25 05:36:58.437,1.11006,1.11023,1.50,1.13
2011.08.25 05:36:58.667,1.11003,1.11021,1.50,1.50
2011.08.25 05:36:59.586,1.11003,1.1102,1.50,1.50
2011.08.25 05:37:00.147,1.11001,1.1102,1.50,1.50
2011.08.25 05:37:02.307,1.11,1.11021,1.50,2.63
2011.08.25 05:37:02.429,1.11002,1.11021,1.50,2.63
2011.08.25 05:37:02.547,1.11002,1.11021,1.50,2.63
2011.08.25 05:37:03.106,1.11002,1.11021,1.50,2.63
2011.08.25 05:37:04.766,1.11002,1.11021,2.25,1.88
2011.08.25 05:37:06.194,1.11002,1.11021,1.50,1.88
2011.08.25 05:37:06.567,1.11002,1.11021,1.50,1.88
2011.08.25 05:37:06.798,1.11002,1.11019,1.50,1.13
2011.08.25 05:37:06.917,1.11002,1.11019,1.50,1.13
2011.08.25 05:37:07.807,1.10999,1.11019,1.50,1.50
2011.08.25 05:37:07.927,1.10999,1.11017,1.50,1.50
2011.08.25 05:37:08.376,1.10999,1.11017,1.50,1.50
2011.08.25 05:37:09.627,1.10994,1.11015,3.00,1.50
2011.08.25 05:37:10.295,1.10994,1.11015,3.00,1.50
2011.08.25 05:37:10.407,1.10994,1.11015,3.00,1.50
2011.08.25 05:37:11.198,1.10994,1.11013,1.50,1.50
2011.08.25 05:37:11.536,1.10992,1.11013,2.63,2.25
2011.08.25 05:37:11.766,1.10994,1.11013,1.50,2.25
2011.08.25 05:37:11.875,1.10994,1.11013,1.50,2.25
2011.08.25 05:37:14.287,1.10996,1.11013,1.50,2.25
2011.08.25 05:37:14.626,1.11,1.11019,2.25,2.25
2011.08.25 05:37:15.077,1.10996,1.11017,1.50,2.25
2011.08.25 05:37:15.526,1.10996,1.11017,1.50,1.50
2011.08.25 05:37:15.758,1.10996,1.11017,2.25,3.00
2011.08.25 05:37:16.191,1.10993,1.11014,3.00,1.50
2011.08.25 05:37:16.636,1.10995,1.11014,2.25,1.50
2011.08.25 05:37:17.200,1.10993,1.11014,1.50,1.50
2011.08.25 05:37:17.647,1.10992,1.11012,2.25,1.50
2011.08.25 05:37:17.766,1.10992,1.11012,2.25,1.50
2011.08.25 05:37:17.996,1.10992,1.11012,1.50,2.25
2011.08.25 05:37:18.229,1.10995,1.11016,2.25,1.50
2011.08.25 05:37:18.457,1.10996,1.11016,2.25,1.50
2011.08.25 05:37:19.017,1.10996,1.11014,1.50,1.50
2011.08.25 05:37:19.137,1.10996,1.11014,1.50,1.50
2011.08.25 05:37:19.478,1.10994,1.11013,1.50,2.25
2011.08.25 05:37:20.037,1.10994,1.11013,1.50,2.25
2011.08.25 05:37:20.596,1.10994,1.11013,1.50,1.50
2011.08.25 05:37:20.936,1.10994,1.11013,3.00,1.50
2011.08.25 05:37:21.057,1.10994,1.11013,1.50,1.50
2011.08.25 05:37:21.399,1.10991,1.11011,1.50,1.50
2011.08.25 05:37:22.290,1.10993,1.1101,1.50,1.88
2011.08.25 05:37:22.847,1.10993,1.11011,1.50,1.13
2011.08.25 05:37:25.487,1.10993,1.11013,1.50,2.25
2011.08.25 05:37:25.827,1.1099,1.11009,2.25,1.50
2011.08.25 05:37:27.377,1.10995,1.11009,2.25,1.50
2011.08.25 05:37:27.501,1.10995,1.1101,1.50,1.50
2011.08.25 05:37:27.618,1.10998,1.11013,1.50,1.13
2011.08.25 05:37:27.739,1.10995,1.11014,1.50,2.63
2011.08.25 05:37:27.968,1.10993,1.11012,1.13,1.50
2011.08.25 05:37:28.199,1.1099,1.11009,2.63,2.25
2011.08.25 05:37:28.541,1.10988,1.11006,1.50,1.50
2011.08.25 05:37:29.987,1.10988,1.11007,1.50,1.88
2011.08.25 05:37:30.547,1.10988,1.11007,1.50,1.88
2011.08.25 05:37:31.485,1.10988,1.11007,1.50,1.88
2011.08.25 05:37:33.377,1.10988,1.11007,1.50,1.13
2011.08.25 05:37:34.177,1.10989,1.11007,1.50,1.88
2011.08.25 05:37:34.410,1.10986,1.11006,1.88,2.03
2011.08.25 05:37:34.530,1.10987,1.11006,1.50,1.88
2011.08.25 05:37:34.648,1.10985,1.11003,1.50,1.50
2011.08.25 05:37:34.882,1.10982,1.10999,1.50,1.13
2011.08.25 05:37:34.999,1.10981,1.10999,1.50,1.13
2011.08.25 05:37:35.558,1.10981,1.10999,1.50,1.13
2011.08.25 05:37:39.177,1.10986,1.10996,1.50,1.13
2011.08.25 05:37:39.300,1.1098,1.10997,2.25,1.13
2011.08.25 05:37:44.756,1.10977,1.10997,2.25,1.13
2011.08.25 05:37:46.126,1.10978,1.10997,1.50,1.13
2011.08.25 05:37:46.796,1.10977,1.10996,1.50,1.13
2011.08.25 05:37:47.138,1.10976,1.10996,1.50,2.63
2011.08.25 05:37:47.697,1.10974,1.10994,1.88,2.25
2011.08.25 05:37:50.750,1.10983,1.10995,1.50,1.13
2011.08.25 05:37:50.873,1.10988,1.11007,2.25,1.13
2011.08.25 05:37:51.209,1.10989,1.11009,1.50,2.25
2011.08.25 05:37:51.769,1.10987,1.11005,2.25,1.50
2011.08.25 05:37:52.328,1.1099,1.11006,1.50,1.50
2011.08.25 05:37:52.926,1.1099,1.11006,1.50,1.50
2011.08.25 05:37:53.259,1.10986,1.11005,1.50,3.38
2011.08.25 05:37:53.384,1.10984,1.11004,1.50,1.50
2011.08.25 05:37:53.608,1.10983,1.11002,1.50,1.50
2011.08.25 05:37:53.838,1.10983,1.11002,1.50,1.50
2011.08.25 05:37:54.647,1.10983,1.11002,1.50,2.25
2011.08.25 05:37:55.202,1.10981,1.10999,1.50,1.50
2011.08.25 05:37:55.755,1.10982,1.10999,1.50,1.13
2011.08.25 05:37:55.977,1.10982,1.11,1.50,1.88
2011.08.25 05:37:56.536,1.10982,1.11,1.50,2.25
2011.08.25 05:37:56.766,1.10981,1.10998,1.50,1.13
2011.08.25 05:37:57.327,1.1098,1.10998,1.50,1.88
2011.08.25 05:37:57.448,1.10984,1.10998,1.50,1.13
2011.08.25 05:37:57.787,1.10984,1.11,1.50,1.13
2011.08.25 05:37:58.357,1.10981,1.10996,1.50,1.13
2011.08.25 05:37:59.706,1.10981,1.10997,1.50,1.13
2011.08.25 05:38:00.406,1.10981,1.10998,1.50,1.13
2011.08.25 05:38:06.366,1.10979,1.10999,1.13,1.50
2011.08.25 05:38:06.840,1.10981,1.10999,1.50,1.50
2011.08.25 05:38:07.398,1.10981,1.10999,1.13,1.50
2011.08.25 05:38:07.516,1.10981,1.10999,1.88,1.50
2011.08.25 05:38:09.607,1.1098,1.10999,1.13,1.50
2011.08.25 05:38:11.838,1.10978,1.10997,2.63,1.50
2011.08.25 05:38:12.396,1.10978,1.10997,1.50,1.50
2011.08.25 05:38:16.786,1.10978,1.10996,1.50,1.13
2011.08.25 05:38:17.240,1.1098,1.10997,2.25,1.13
2011.08.25 05:38:20.247,1.1098,1.10997,1.50,1.13
2011.08.25 05:38:20.586,1.10982,1.10998,1.50,1.13
2011.08.25 05:38:21.224,1.10982,1.10998,1.50,1.13
2011.08.25 05:38:29.697,1.1098,1.10998,1.50,1.13
2011.08.25 05:38:34.299,1.10979,1.10997,1.50,1.13
2011.08.25 05:38:34.528,1.10979,1.10997,1.50,1.88
2011.08.25 05:38:36.747,1.1098,1.10997,1.50,1.88
2011.08.25 05:38:37.417,1.10979,1.10997,2.25,1.13
2011.08.25 05:38:39.052,1.10979,1.10997,2.25,1.13
2011.08.25 05:38:39.827,1.10979,1.10997,2.25,1.13
2011.08.25 05:38:41.999,1.10979,1.10997,2.25,1.13
2011.08.25 05:38:42.560,1.1098,1.10998,2.25,1.13
2011.08.25 05:38:42.899,1.10982,1.11,1.50,1.13
2011.08.25 05:38:43.349,1.10984,1.11003,1.50,3.38
2011.08.25 05:38:45.751,1.10984,1.11,1.50,1.50
2011.08.25 05:38:46.097,1.10984,1.11001,1.50,1.88
2011.08.25 05:38:47.226,1.10984,1.11001,1.50,1.13
2011.08.25 05:38:51.930,1.10979,1.10997,2.63,1.50
2011.08.25 05:38:52.496,1.1098,1.10997,1.50,1.50
2011.08.25 05:38:55.368,1.10978,1.10996,1.50,1.50
2011.08.25 05:38:55.487,1.10978,1.10996,1.50,1.50
2011.08.25 05:38:56.157,1.10978,1.10996,1.50,1.50
2011.08.25 05:38:57.787,1.10977,1.10995,1.50,2.63
2011.08.25 05:38:58.401,1.10974,1.10993,1.50,1.50
2011.08.25 05:38:59.179,1.10971,1.10991,1.50,1.50
2011.08.25 05:38:59.409,1.1097,1.1099,1.13,1.50
2011.08.25 05:39:01.999,1.10972,1.1099,1.50,1.50
2011.08.25 05:39:03.986,1.10972,1.1099,1.50,1.50
2011.08.25 05:39:07.526,1.10972,1.10988,1.50,1.13
2011.08.25 05:39:07.650,1.10972,1.10986,1.50,1.50
2011.08.25 05:39:08.209,1.10971,1.10985,1.50,1.88
2011.08.25 05:39:08.328,1.10968,1.10985,1.50,1.13
2011.08.25 05:39:09.075,1.10971,1.10991,1.50,2.63
2011.08.25 05:39:09.194,1.10972,1.10991,2.25,1.88
2011.08.25 05:39:10.758,1.10972,1.10991,1.50,1.50
2011.08.25 05:39:13.677,1.10972,1.10993,3.00,2.25
2011.08.25 05:39:17.377,1.10974,1.1099,1.13,1.50
2011.08.25 05:39:18.838,1.10972,1.1099,2.25,1.50
2011.08.25 05:39:19.375,1.10974,1.1099,1.13,1.50
2011.08.25 05:39:21.148,1.10973,1.10989,1.13,1.50
2011.08.25 05:39:26.048,1.10968,1.10986,1.50,2.25
2011.08.25 05:39:26.169,1.10966,1.10985,1.13,1.50
2011.08.25 05:39:26.290,1.10966,1.10985,1.13,1.50
2011.08.25 05:39:26.628,1.10966,1.10985,1.13,2.25
2011.08.25 05:39:27.157,1.10967,1.10985,1.50,1.50
2011.08.25 05:39:27.759,1.10967,1.10987,2.25,1.13
2011.08.25 05:39:27.986,1.1097,1.10989,1.50,1.13
2011.08.25 05:39:32.610,1.10975,1.10994,2.25,1.50
2011.08.25 05:39:32.728,1.10975,1.10995,2.25,1.88
2011.08.25 05:39:33.066,1.10977,1.10996,1.50,1.88
2011.08.25 05:39:33.407,1.1098,1.10995,1.50,1.50
2011.08.25 05:39:37.307,1.1098,1.10997,1.50,2.63
2011.08.25 05:39:39.206,1.1098,1.10997,2.25,2.63
2011.08.25 05:39:39.547,1.1098,1.10997,1.50,3.38
2011.08.25 05:39:40.888,1.1098,1.10997,1.50,2.63
2011.08.25 05:39:41.478,1.1098,1.10997,1.50,1.88
2011.08.25 05:39:43.666,1.1098,1.10997,2.25,1.13
2011.08.25 05:39:47.629,1.1098,1.10997,1.50,1.88
2011.08.25 05:39:48.187,1.10976,1.10997,1.50,2.63
2011.08.25 05:39:48.419,1.10976,1.10997,1.50,3.38
2011.08.25 05:39:53.736,1.1098,1.10997,2.25,1.13
2011.08.25 05:39:53.858,1.10977,1.10997,2.25,1.88
2011.08.25 05:39:54.788,1.10977,1.10996,1.50,1.50
2011.08.25 05:39:56.196,1.10977,1.10995,1.50,1.88
2011.08.25 05:39:59.530,1.10976,1.1099,1.50,1.50
2011.08.25 05:40:00.307,1.10978,1.10994,2.25,1.13
2011.08.25 05:40:00.886,1.10977,1.10995,1.50,4.13
2011.08.25 05:40:01.238,1.10976,1.10993,1.50,1.50
2011.08.25 05:40:01.468,1.10977,1.10995,3.00,1.13
2011.08.25 05:40:02.027,1.10977,1.10995,3.00,1.13
2011.08.25 05:40:02.150,1.10977,1.10994,1.50,1.50
2011.08.25 05:40:02.706,1.10977,1.10995,1.50,2.63
2011.08.25 05:40:03.276,1.10977,1.10992,1.50,1.50
2011.08.25 05:40:09.022,1.10977,1.10994,1.50,2.25
2011.08.25 05:40:13.169,1.10979,1.10997,1.50,1.50
2011.08.25 05:40:13.292,1.10981,1.10997,1.50,1.50
2011.08.25 05:40:13.784,1.10982,1.11,2.25,2.25
2011.08.25 05:40:13.908,1.10985,1.11003,2.25,1.13
2011.08.25 05:40:14.031,1.10985,1.11003,2.25,1.13
2011.08.25 05:40:15.028,1.10988,1.11003,2.25,1.13
2011.08.25 05:40:15.256,1.10988,1.11004,2.25,1.88
2011.08.25 05:40:16.886,1.10988,1.11004,2.25,1.50
2011.08.25 05:40:18.817,1.10987,1.11004,2.25,1.50
2011.08.25 05:40:19.155,1.10987,1.11004,2.25,1.50
2011.08.25 05:40:19.375,1.10987,1.11004,2.25,1.50
2011.08.25 05:40:20.838,1.10984,1.11004,2.25,1.50
2011.08.25 05:40:21.618,1.10983,1.11003,2.63,1.13
2011.08.25 05:40:22.645,1.10983,1.11003,2.63,1.13
2011.08.25 05:40:26.127,1.10983,1.11002,1.13,2.25
2011.08.25 05:40:26.697,1.10983,1.11002,1.13,1.50
2011.08.25 05:40:34.328,1.10982,1.11,1.50,2.25
2011.08.25 05:40:34.449,1.10981,1.10999,1.88,1.50
2011.08.25 05:40:35.005,1.10981,1.10999,1.50,1.50
2011.08.25 05:40:37.187,1.10981,1.10998,1.50,1.13
2011.08.25 05:40:37.308,1.10981,1.10997,1.50,3.00
2011.08.25 05:40:37.867,1.10975,1.10996,1.88,1.88
2011.08.25 05:40:38.757,1.10975,1.10995,1.50,1.50
2011.08.25 05:40:39.426,1.10976,1.10995,1.50,1.13
2011.08.25 05:40:40.201,1.10975,1.10991,3.00,1.50
2011.08.25 05:40:40.322,1.1097,1.10989,1.50,1.13
2011.08.25 05:40:40.549,1.10969,1.10988,1.50,1.13
2011.08.25 05:40:40.886,1.10968,1.10986,1.50,1.13
2011.08.25 05:40:41.530,1.10968,1.10987,1.50,1.88
2011.08.25 05:40:41.652,1.10968,1.10985,1.50,1.13
2011.08.25 05:40:43.989,1.10964,1.10984,3.38,1.13
2011.08.25 05:40:44.546,1.10964,1.10984,3.00,1.13
2011.08.25 05:40:44.658,1.10964,1.10983,1.50,1.13
2011.08.25 05:40:44.998,1.10962,1.10982,1.50,1.50
2011.08.25 05:40:45.229,1.10962,1.10983,2.25,1.88
2011.08.25 05:40:45.678,1.10965,1.10984,1.50,1.50
2011.08.25 05:40:46.237,1.10965,1.10984,1.50,1.13
2011.08.25 05:40:46.360,1.10966,1.10987,1.50,1.13
2011.08.25 05:40:46.478,1.1097,1.10989,1.50,1.50
2011.08.25 05:40:46.599,1.10971,1.1099,2.25,1.50
2011.08.25 05:40:48.288,1.10973,1.10993,3.00,1.50
2011.08.25 05:40:48.736,1.10973,1.10993,3.00,1.50
2011.08.25 05:40:49.186,1.10973,1.10993,1.50,2.25
2011.08.25 05:40:51.296,1.10973,1.10993,1.50,2.25
2011.08.25 05:40:52.870,1.10976,1.10994,1.50,3.75
2011.08.25 05:40:53.096,1.10976,1.10994,1.50,1.50
2011.08.25 05:40:53.218,1.10975,1.10994,1.50,2.25
2011.08.25 05:40:53.556,1.10976,1.10994,1.50,1.50
2011.08.25 05:40:54.326,1.10977,1.10995,1.50,1.50
2011.08.25 05:40:54.667,1.10973,1.10993,1.50,1.88
2011.08.25 05:40:55.447,1.10973,1.10994,1.50,2.63
2011.08.25 05:40:56.007,1.10973,1.10992,1.50,1.50
2011.08.25 05:40:56.456,1.10973,1.10991,1.50,1.13
2011.08.25 05:40:57.236,1.10973,1.10991,1.50,1.13
2011.08.25 05:40:57.856,1.10972,1.1099,1.50,1.50
2011.08.25 05:40:57.978,1.10971,1.1099,1.13,1.50
2011.08.25 05:40:58.208,1.1097,1.10989,2.25,1.13
2011.08.25 05:40:58.547,1.1097,1.10988,1.50,1.13
2011.08.25 05:40:58.777,1.1097,1.10988,1.50,1.13
2011.08.25 05:41:00.558,1.10969,1.10988,2.25,1.13
2011.08.25 05:41:01.008,1.10969,1.10988,1.50,1.13
2011.08.25 05:41:01.689,1.10969,1.10987,1.50,1.13
2011.08.25 05:41:02.031,1.10969,1.1099,1.50,3.75
2011.08.25 05:41:02.586,1.10973,1.1099,1.50,1.50
2011.08.25 05:41:03.438,1.10972,1.10988,1.50,1.13
2011.08.25 05:41:05.700,1.10973,1.1099,1.50,1.13
2011.08.25 05:41:05.816,1.10973,1.1099,1.50,1.13
2011.08.25 05:41:07.697,1.10973,1.10993,1.50,1.50
2011.08.25 05:41:07.927,1.10976,1.10994,1.50,3.38
2011.08.25 05:41:08.267,1.10976,1.10993,1.50,1.50
2011.08.25 05:41:08.610,1.10978,1.10997,3.00,1.50
2011.08.25 05:41:10.388,1.10983,1.10998,2.25,1.50
2011.08.25 05:41:13.277,1.10985,1.10997,2.25,1.50
2011.08.25 05:41:28.651,1.10984,1.10999,3.00,1.13
2011.08.25 05:41:28.774,1.10982,1.10999,3.00,1.50
2011.08.25 05:41:28.887,1.1098,1.10999,1.50,1.50
2011.08.25 05:41:29.475,1.1098,1.10999,3.00,1.50
2011.08.25 05:41:31.828,1.10982,1.11,2.25,1.50
2011.08.25 05:41:32.947,1.10982,1.11,1.50,1.50
2011.08.25 05:41:34.397,1.10982,1.10999,1.50,2.25
2011.08.25 05:41:41.082,1.10981,1.10998,1.50,1.50
2011.08.25 05:41:41.416,1.10981,1.10998,2.25,2.25
2011.08.25 05:41:41.746,1.10983,1.11,1.50,1.13
2011.08.25 05:41:42.306,1.10983,1.11,1.50,1.13
2011.08.25 05:41:45.259,1.10981,1.10998,2.25,1.50
2011.08.25 05:41:45.378,1.10983,1.10998,1.50,1.13
2011.08.25 05:41:45.497,1.10983,1.10998,1.50,1.88
2011.08.25 05:41:45.836,1.10983,1.10998,1.50,1.13
2011.08.25 05:41:46.737,1.10979,1.10998,1.50,3.00
2011.08.25 05:41:47.236,1.10981,1.10998,2.25,3.00
2011.08.25 05:41:49.836,1.10979,1.10998,1.50,2.25
2011.08.25 05:41:52.999,1.10979,1.10995,1.50,1.13
2011.08.25 05:41:53.232,1.10983,1.10996,1.50,1.50
2011.08.25 05:41:53.349,1.10978,1.10996,3.00,1.50
2011.08.25 05:41:53.688,1.10986,1.11003,2.25,2.48
2011.08.25 05:41:53.807,1.10983,1.11003,2.25,1.73
2011.08.25 05:41:53.926,1.10986,1.11003,2.25,1.73
2011.08.25 05:41:54.047,1.10984,1.11003,2.25,1.73
2011.08.25 05:41:54.388,1.10984,1.11,2.25,1.88
2011.08.25 05:41:54.620,1.10981,1.10999,3.00,1.50
2011.08.25 05:41:54.847,1.10981,1.10998,1.50,1.50
2011.08.25 05:41:56.257,1.10982,1.10998,1.50,1.50
2011.08.25 05:41:56.770,1.10982,1.10998,1.50,1.50
2011.08.25 05:41:57.466,1.10982,1.10998,1.50,1.50
2011.08.25 05:41:57.809,1.10983,1.10999,2.25,1.50
2011.08.25 05:41:58.259,1.10982,1.11,1.50,1.88
2011.08.25 05:41:58.784,1.10981,1.10998,1.50,1.13
2011.08.25 05:42:00.246,1.10981,1.10999,1.50,2.25
2011.08.25 05:42:03.248,1.10982,1.10999,1.50,1.13
2011.08.25 05:42:03.917,1.10982,1.10998,1.50,2.25
2011.08.25 05:42:04.996,1.10982,1.10997,1.50,1.13
2011.08.25 05:42:05.339,1.10983,1.10999,2.25,1.50
2011.08.25 05:42:05.896,1.10984,1.11001,2.25,1.13
2011.08.25 05:42:09.337,1.10984,1.11002,2.25,1.88
2011.08.25 05:42:22.276,1.10984,1.11001,2.25,1.13
2011.08.25 05:42:25.406,1.10984,1.11001,2.25,1.50
2011.08.25 05:42:26.476,1.10985,1.11001,2.25,1.50
2011.08.25 05:42:27.787,1.10985,1.11002,2.25,1.50
2011.08.25 05:42:29.607,1.10985,1.11003,2.25,1.13
2011.08.25 05:42:29.947,1.10985,1.11002,3.00,1.50
2011.08.25 05:42:30.825,1.10985,1.11002,1.50,1.50
2011.08.25 05:42:31.046,1.10985,1.11002,1.50,1.50
2011.08.25 05:42:34.878,1.10985,1.11002,1.50,1.50
2011.08.25 05:42:35.237,1.10985,1.11002,1.50,1.50
2011.08.25 05:42:36.227,1.10985,1.11003,1.50,1.13
2011.08.25 05:42:39.186,1.10985,1.11002,1.50,1.50
2011.08.25 05:42:40.607,1.10986,1.11003,2.25,1.88
2011.08.25 05:42:41.733,1.10985,1.11003,1.50,1.88
2011.08.25 05:42:48.807,1.10985,1.11004,1.50,1.88
2011.08.25 05:42:49.039,1.10986,1.11004,2.25,1.88
2011.08.25 05:42:49.377,1.10986,1.11003,2.25,2.25
2011.08.25 05:42:54.330,1.1099,1.11006,2.25,2.25
2011.08.25 05:42:54.863,1.10988,1.11008,2.25,2.25
2011.08.25 05:42:54.982,1.1099,1.11008,2.25,1.50
2011.08.25 05:42:55.583,1.1099,1.11004,2.25,1.13
2011.08.25 05:42:55.713,1.10988,1.11003,2.25,1.50
2011.08.25 05:42:55.830,1.10986,1.11003,2.25,1.50
2011.08.25 05:42:56.057,1.10984,1.11004,3.75,3.00
2011.08.25 05:42:57.697,1.10984,1.11003,3.75,1.50
2011.08.25 05:42:59.947,1.10986,1.11004,2.25,2.63
2011.08.25 05:43:03.328,1.10986,1.11003,2.25,1.88
2011.08.25 05:43:03.450,1.10984,1.11003,1.50,2.63
2011.08.25 05:43:03.789,1.10984,1.11,1.50,1.50
2011.08.25 05:43:08.597,1.10984,1.11,1.50,1.88
2011.08.25 05:43:10.276,1.10984,1.11,1.50,1.88
2011.08.25 05:43:14.486,1.10984,1.11,1.50,1.88
2011.08.25 05:43:16.797,1.10984,1.11,1.50,1.88
2011.08.25 05:43:17.386,1.10984,1.11,1.50,1.88
2011.08.25 05:43:17.946,1.10984,1.11001,1.50,1.88
2011.08.25 05:43:21.456,1.10984,1.11001,1.50,1.88
2011.08.25 05:43:22.797,1.10984,1.11001,1.50,1.50
2011.08.25 05:43:23.848,1.10984,1.11002,1.50,1.13
2011.08.25 05:43:24.406,1.10985,1.11003,1.50,1.50
2011.08.25 05:43:29.278,1.10985,1.11003,1.50,3.00
2011.08.25 05:43:29.617,1.10985,1.11003,1.50,3.00
2011.08.25 05:43:30.139,1.10985,1.11002,1.50,1.13
2011.08.25 05:43:30.263,1.10985,1.11003,1.50,2.63
2011.08.25 05:43:30.847,1.10986,1.11003,2.25,1.88
2011.08.25 05:43:31.077,1.10985,1.11003,1.50,2.63
2011.08.25 05:43:31.197,1.10986,1.11003,2.25,2.63
2011.08.25 05:43:31.427,1.10985,1.11003,1.50,2.63
2011.08.25 05:43:31.549,1.10986,1.11003,2.25,2.63
2011.08.25 05:43:31.668,1.10985,1.11003,1.50,1.88
2011.08.25 05:43:41.517,1.1099,1.11003,1.50,1.50
2011.08.25 05:43:43.438,1.1099,1.11004,1.50,1.50
2011.08.25 05:43:44.156,1.1099,1.11005,1.50,1.13
2011.08.25 05:43:44.268,1.1099,1.11005,1.50,1.13
2011.08.25 05:43:44.826,1.10989,1.11005,2.25,1.50
2011.08.25 05:43:47.181,1.10991,1.11007,1.13,2.25
2011.08.25 05:43:47.302,1.10995,1.11012,2.25,3.00
2011.08.25 05:43:47.420,1.10998,1.11011,1.50,1.50
2011.08.25 05:43:47.540,1.10995,1.11011,2.25,1.50
2011.08.25 05:43:47.658,1.10995,1.11013,2.25,1.13
2011.08.25 05:43:48.224,1.10996,1.11015,2.25,2.63
2011.08.25 05:43:48.559,1.10992,1.11012,1.50,1.88
2011.08.25 05:43:49.556,1.10992,1.11011,1.50,1.13
2011.08.25 05:43:50.338,1.10992,1.11011,1.50,1.13
2011.08.25 05:43:50.458,1.10992,1.11011,1.50,1.13
2011.08.25 05:43:50.906,1.10992,1.11011,1.50,1.13
2011.08.25 05:43:52.786,1.10992,1.11012,1.50,1.13
2011.08.25 05:43:53.556,1.10992,1.11012,1.88,1.13
2011.08.25 05:43:59.896,1.10993,1.11012,1.50,1.13
2011.08.25 05:44:04.397,1.10995,1.11013,1.50,2.25
2011.08.25 05:44:04.517,1.10995,1.11013,1.50,1.13
2011.08.25 05:44:04.638,1.10993,1.11013,1.50,1.13
2011.08.25 05:44:05.416,1.10993,1.1101,1.50,1.13
2011.08.25 05:44:07.666,1.10993,1.11011,1.50,1.88
2011.08.25 05:44:13.056,1.10994,1.11011,1.13,1.50
2011.08.25 05:44:13.166,1.10994,1.11012,1.88,1.50
2011.08.25 05:44:13.616,1.10994,1.11012,1.13,1.50
2011.08.25 05:44:14.563,1.10993,1.11012,3.38,1.50
2011.08.25 05:44:15.116,1.10993,1.11012,1.88,2.25
2011.08.25 05:44:15.336,1.10993,1.11012,1.88,3.00
2011.08.25 05:44:15.557,1.10993,1.11012,1.88,3.00
2011.08.25 05:44:20.299,1.10994,1.11012,1.13,2.25
2011.08.25 05:44:22.350,1.10996,1.11014,1.13,1.50
2011.08.25 05:44:22.470,1.10996,1.11016,1.88,2.63
2011.08.25 05:44:23.027,1.10996,1.11016,2.63,1.13
2011.08.25 05:44:23.259,1.10998,1.11017,1.50,1.13
2011.08.25 05:44:23.598,1.10998,1.11018,3.75,1.50
2011.08.25 05:44:29.808,1.11001,1.1102,1.50,2.25
2011.08.25 05:44:30.697,1.11001,1.1102,1.50,2.25
2011.08.25 05:44:31.150,1.11003,1.11021,1.50,1.50
2011.08.25 05:44:31.687,1.11007,1.11022,1.50,1.50
2011.08.25 05:44:31.813,1.11003,1.11021,1.13,1.50
2011.08.25 05:44:34.557,1.11002,1.11021,1.13,1.50
2011.08.25 05:44:35.790,1.11003,1.11021,2.25,1.50
2011.08.25 05:44:37.088,1.11002,1.11021,1.13,1.50
2011.08.25 05:44:37.207,1.11002,1.11021,1.13,1.50
2011.08.25 05:44:37.806,1.11002,1.11021,1.13,1.50
2011.08.25 05:44:38.358,1.11001,1.11019,1.50,1.88
2011.08.25 05:44:38.697,1.10998,1.11017,2.25,1.13
2011.08.25 05:44:39.195,1.10996,1.11016,2.25,1.50
2011.08.25 05:44:39.418,1.10992,1.11014,3.00,6.00
2011.08.25 05:44:39.647,1.10993,1.11014,2.25,2.25
2011.08.25 05:44:39.987,1.10996,1.11014,2.25,1.50
2011.08.25 05:44:40.328,1.10996,1.11016,2.25,3.00
2011.08.25 05:44:42.848,1.10994,1.11015,1.50,1.50
2011.08.25 05:44:47.289,1.10994,1.11013,1.50,1.50
2011.08.25 05:44:48.078,1.10994,1.11012,1.50,1.88
2011.08.25 05:44:48.421,1.10994,1.1101,1.50,1.50
2011.08.25 05:44:48.978,1.10994,1.1101,1.50,3.00
2011.08.25 05:44:49.097,1.10994,1.1101,1.50,3.00
2011.08.25 05:44:50.328,1.10989,1.11009,1.50,1.50
2011.08.25 05:44:51.857,1.10992,1.1101,1.13,1.50
2011.08.25 05:44:52.437,1.10992,1.11012,2.63,1.13
2011.08.25 05:44:52.565,1.10992,1.11012,1.13,1.13
2011.08.25 05:44:53.126,1.10992,1.11012,2.63,1.13
2011.08.25 05:44:53.696,1.10992,1.11012,1.13,1.88
2011.08.25 05:44:55.347,1.10992,1.11012,1.13,1.88
2011.08.25 05:44:55.466,1.10992,1.11009,1.13,1.50
2011.08.25 05:44:57.017,1.10992,1.11009,1.13,1.50
2011.08.25 05:44:58.481,1.10991,1.11008,1.50,1.50
2011.08.25 05:44:58.599,1.10987,1.11007,1.50,1.50
2011.08.25 05:44:59.268,1.10987,1.11006,1.50,1.50
2011.08.25 05:44:59.607,1.10987,1.11006,1.50,1.50
2011.08.25 05:45:00.860,1.10987,1.11006,1.50,1.50
2011.08.25 05:45:01.313,1.10987,1.11006,1.50,1.50
2011.08.25 05:45:01.540,1.10987,1.11004,1.50,1.50
2011.08.25 05:45:02.398,1.10987,1.11004,1.50,1.50
2011.08.25 05:45:02.741,1.10982,1.11001,1.50,3.00
2011.08.25 05:45:02.864,1.1098,1.10999,1.50,1.50
2011.08.25 05:45:03.309,1.10979,1.10999,1.50,2.25
2011.08.25 05:45:03.540,1.10979,1.10999,1.50,2.25
2011.08.25 05:45:03.878,1.10979,1.10997,1.13,1.50
2011.08.25 05:45:04.787,1.10977,1.10995,1.13,1.50
2011.08.25 05:45:05.796,1.10976,1.10996,1.88,1.88
2011.08.25 05:45:06.348,1.10976,1.10995,1.13,2.25
2011.08.25 05:45:06.919,1.10975,1.10995,2.63,1.50
2011.08.25 05:45:08.027,1.10975,1.10995,2.25,2.25
2011.08.25 05:45:11.714,1.10976,1.10995,1.50,1.50
2011.08.25 05:45:12.826,1.10976,1.10994,1.50,1.50
2011.08.25 05:45:13.268,1.10976,1.10997,2.25,1.50
2011.08.25 05:45:22.186,1.10979,1.10997,1.50,1.50
2011.08.25 05:45:23.068,1.10979,1.10998,1.50,1.50
2011.08.25 05:45:26.157,1.10979,1.10998,1.50,1.50
2011.08.25 05:45:27.937,1.10977,1.10997,3.00,1.50
2011.08.25 05:45:28.938,1.10977,1.10997,4.50,1.50
2011.08.25 05:45:29.499,1.10979,1.10997,1.13,1.50
2011.08.25 05:45:30.497,1.10978,1.10997,1.88,1.50
2011.08.25 05:45:33.598,1.10978,1.10998,1.88,2.63
2011.08.25 05:45:33.939,1.1098,1.11,2.25,2.25
2011.08.25 05:45:34.281,1.10984,1.11003,1.50,1.13
2011.08.25 05:45:34.837,1.10986,1.11004,1.50,1.88
2011.08.25 05:45:35.463,1.10986,1.11003,1.50,1.13
2011.08.25 05:45:36.097,1.10986,1.11003,1.50,1.13
2011.08.25 05:45:36.638,1.10985,1.11002,1.50,1.13
2011.08.25 05:45:36.977,1.10984,1.11002,1.50,3.38
2011.08.25 05:45:37.549,1.10985,1.11002,1.50,1.13
2011.08.25 05:45:40.507,1.10985,1.11004,1.50,2.25
2011.08.25 05:45:41.086,1.10985,1.11004,1.50,2.25
2011.08.25 05:45:45.882,1.10984,1.11002,2.25,1.13
2011.08.25 05:45:46.441,1.10983,1.11002,1.50,2.63
2011.08.25 05:45:48.119,1.10981,1.11001,1.50,1.50
2011.08.25 05:45:49.567,1.10981,1.11001,1.50,1.50
2011.08.25 05:45:51.137,1.10981,1.10999,1.50,1.13
2011.08.25 05:45:58.213,1.10983,1.11001,1.50,1.13
2011.08.25 05:46:00.700,1.10982,1.11002,1.50,3.00
2011.08.25 05:46:01.042,1.10981,1.10999,1.50,1.88
2011.08.25 05:46:01.157,1.10981,1.10999,1.50,1.88
2011.08.25 05:46:03.370,1.1098,1.10999,1.13,2.25
2011.08.25 05:46:06.169,1.1098,1.10999,1.13,2.25
2011.08.25 05:46:06.836,1.10977,1.10995,1.50,1.50
2011.08.25 05:46:10.039,1.10975,1.10993,1.50,1.50
2011.08.25 05:46:11.038,1.10979,1.10995,1.50,2.25
2011.08.25 05:46:11.159,1.10979,1.10996,1.50,2.25
2011.08.25 05:46:11.390,1.10982,1.11,1.13,1.50
2011.08.25 05:46:11.508,1.10984,1.11,1.50,1.50
2011.08.25 05:46:11.630,1.10984,1.11,1.50,1.50
2011.08.25 05:46:11.969,1.10984,1.10999,1.50,1.50
2011.08.25 05:46:12.308,1.10977,1.10997,2.25,1.50
2011.08.25 05:46:12.736,1.10977,1.10996,1.50,1.50
2011.08.25 05:46:20.658,1.10977,1.10996,1.50,1.50
2011.08.25 05:46:21.788,1.10977,1.10996,1.50,1.50
2011.08.25 05:46:24.049,1.10977,1.10996,1.50,1.50
2011.08.25 05:46:30.169,1.10977,1.10997,1.50,1.50
2011.08.25 05:46:30.868,1.10977,1.10996,2.25,1.50
2011.08.25 05:46:41.578,1.10978,1.10994,1.50,1.50
2011.08.25 05:46:41.812,1.10976,1.10991,1.50,1.50
2011.08.25 05:46:42.367,1.10975,1.10991,1.50,1.50
2011.08.25 05:46:46.046,1.1097,1.10991,2.25,2.25
2011.08.25 05:46:46.387,1.1097,1.10988,1.50,2.25
2011.08.25 05:46:57.858,1.1097,1.10987,1.50,1.50
2011.08.25 05:46:59.343,1.10971,1.10989,1.50,1.50
2011.08.25 05:46:59.877,1.10971,1.1099,2.25,1.13
2011.08.25 05:47:01.518,1.10973,1.10991,1.50,2.63
2011.08.25 05:47:01.746,1.10975,1.10991,1.50,1.88
2011.08.25 05:47:02.186,1.10974,1.10991,1.50,1.13
2011.08.25 05:47:03.099,1.10975,1.10992,2.25,1.13
2011.08.25 05:47:07.272,1.10974,1.10991,1.50,1.50
2011.08.25 05:47:07.391,1.10975,1.10991,1.50,1.50
2011.08.25 05:47:09.537,1.10975,1.10993,1.50,1.50
2011.08.25 05:47:13.909,1.10975,1.10993,1.50,1.50
2011.08.25 05:47:14.469,1.10975,1.10992,1.50,1.50
2011.08.25 05:47:20.180,1.10977,1.10994,3.00,3.00
2011.08.25 05:47:20.302,1.10977,1.10994,1.50,1.50
2011.08.25 05:47:20.421,1.10976,1.10994,1.50,1.50
2011.08.25 05:47:20.649,1.10976,1.10994,1.50,1.50
2011.08.25 05:47:21.099,1.10978,1.10994,2.25,1.50
2011.08.25 05:47:21.221,1.10979,1.10994,3.00,1.50
2011.08.25 05:47:21.339,1.10976,1.10994,3.00,1.50
2011.08.25 05:47:21.458,1.10978,1.10994,1.50,1.50
2011.08.25 05:47:21.800,1.10978,1.10993,1.50,1.50
2011.08.25 05:47:22.309,1.10976,1.10993,3.00,1.50
2011.08.25 05:47:22.430,1.10976,1.10993,3.75,1.50
2011.08.25 05:47:24.266,1.10976,1.10993,2.25,1.50
2011.08.25 05:47:27.189,1.1098,1.10993,2.25,1.50
2011.08.25 05:47:27.309,1.10979,1.10993,1.13,1.50
2011.08.25 05:47:27.431,1.10982,1.11,1.88,1.50
2011.08.25 05:47:28.207,1.10983,1.11002,1.50,1.88
2011.08.25 05:47:29.618,1.10984,1.11002,1.50,1.50
2011.08.25 05:47:30.073,1.10986,1.11003,1.50,2.10
2011.08.25 05:47:33.392,1.10984,1.11002,2.25,1.88
2011.08.25 05:47:35.789,1.10982,1.11001,1.50,1.50
2011.08.25 05:47:36.947,1.10982,1.11001,1.50,1.50
2011.08.25 05:47:37.349,1.10982,1.11001,1.50,1.50
2011.08.25 05:47:40.620,1.10983,1.10998,1.50,1.13
2011.08.25 05:47:40.850,1.10979,1.10996,2.25,1.50
2011.08.25 05:47:40.974,1.10978,1.10995,1.50,1.13
2011.08.25 05:47:41.310,1.10977,1.10994,1.50,1.50
2011.08.25 05:47:41.648,1.10979,1.10997,2.25,1.50
2011.08.25 05:47:41.768,1.10979,1.10997,2.25,1.50
2011.08.25 05:47:41.996,1.10979,1.10996,2.25,1.50
2011.08.25 05:47:42.442,1.1098,1.10996,1.50,1.50
2011.08.25 05:47:43.548,1.10982,1.10998,1.50,1.50
2011.08.25 05:47:43.985,1.10981,1.10997,1.50,1.50
2011.08.25 05:47:45.190,1.10982,1.11,1.50,1.50
2011.08.25 05:47:45.420,1.10985,1.11003,1.50,1.50
2011.08.25 05:47:45.759,1.10985,1.11003,1.50,1.50
2011.08.25 05:47:46.647,1.10985,1.11003,1.50,1.50
2011.08.25 05:47:48.658,1.10985,1.11003,1.50,1.50
2011.08.25 05:47:50.704,1.10984,1.11001,2.63,1.50
2011.08.25 05:47:51.697,1.10984,1.11001,1.50,1.50
2011.08.25 05:47:53.114,1.10982,1.11001,1.35,2.25
2011.08.25 05:47:53.697,1.10982,1.11001,1.35,2.25
2011.08.25 05:47:56.089,1.10983,1.11002,1.50,1.88
2011.08.25 05:47:56.210,1.10983,1.11002,1.50,1.50
2011.08.25 05:47:59.287,1.10984,1.11001,1.50,1.50
2011.08.25 05:48:12.952,1.10986,1.11003,1.50,1.50
2011.08.25 05:48:13.507,1.10986,1.11002,1.50,1.50
2011.08.25 05:48:17.429,1.10986,1.11004,1.50,1.13
2011.08.25 05:48:17.550,1.10988,1.11005,1.50,1.50
2011.08.25 05:48:18.107,1.10988,1.11006,2.25,2.48
2011.08.25 05:48:19.972,1.10989,1.11006,1.50,1.73
2011.08.25 05:48:21.939,1.10991,1.11008,1.50,1.13
2011.08.25 05:48:30.497,1.10993,1.11008,1.50,1.13
2011.08.25 05:48:30.841,1.10995,1.11009,1.50,1.50
2011.08.25 05:48:31.288,1.10994,1.1101,1.50,1.88
2011.08.25 05:48:32.788,1.10992,1.1101,3.00,1.50
2011.08.25 05:48:33.334,1.10992,1.1101,2.25,1.50
2011.08.25 05:48:35.198,1.10992,1.1101,3.75,1.50
2011.08.25 05:48:35.432,1.10995,1.11012,1.50,1.13
2011.08.25 05:48:37.187,1.10995,1.11012,2.25,1.13
2011.08.25 05:48:38.077,1.10996,1.11012,1.50,1.13
2011.08.25 05:48:38.421,1.10998,1.11017,1.50,1.56
2011.08.25 05:48:38.543,1.10998,1.11018,2.63,1.56
2011.08.25 05:48:38.879,1.11001,1.11017,1.50,1.35
2011.08.25 05:48:39.000,1.11,1.11016,1.50,1.35
2011.08.25 05:48:39.631,1.11002,1.11019,1.50,1.35
2011.08.25 05:48:39.753,1.11002,1.11016,1.50,1.35
2011.08.25 05:48:39.873,1.11005,1.1102,1.50,1.35
2011.08.25 05:48:40.210,1.11003,1.11022,1.50,1.73
2011.08.25 05:48:40.657,1.11006,1.11022,1.50,1.73
2011.08.25 05:48:41.766,1.11006,1.11022,1.50,1.73
2011.08.25 05:48:49.898,1.11006,1.11022,3.00,1.35
2011.08.25 05:48:50.242,1.11007,1.11025,2.25,1.73
2011.08.25 05:48:50.689,1.11005,1.11024,1.88,1.50
2011.08.25 05:48:50.918,1.11007,1.11025,1.50,1.73
2011.08.25 05:48:51.038,1.11007,1.11025,1.50,1.73
2011.08.25 05:48:51.839,1.11005,1.11024,3.00,1.88
2011.08.25 05:48:52.399,1.11007,1.11024,2.25,1.13
2011.08.25 05:48:53.232,1.11011,1.11026,1.50,1.35
2011.08.25 05:48:53.358,1.11011,1.11027,1.50,2.63
2011.08.25 05:48:54.029,1.11011,1.11028,1.50,1.50
2011.08.25 05:48:54.478,1.11016,1.11034,1.50,1.50
2011.08.25 05:48:55.037,1.11016,1.11033,1.50,1.50
2011.08.25 05:48:56.914,1.1102,1.11033,2.25,1.50
2011.08.25 05:48:57.033,1.11023,1.11036,1.50,1.50
2011.08.25 05:48:57.150,1.11023,1.11039,1.50,1.50
2011.08.25 05:48:59.248,1.11022,1.11036,2.25,1.50
2011.08.25 05:49:00.248,1.11023,1.11036,1.50,1.50
2011.08.25 05:49:00.910,1.11022,1.11036,1.50,1.50
2011.08.25 05:49:01.032,1.11023,1.11037,2.25,1.50
2011.08.25 05:49:01.369,1.11026,1.11042,1.50,1.73
2011.08.25 05:49:01.708,1.11025,1.11042,1.50,2.48
2011.08.25 05:49:01.829,1.11025,1.11041,1.50,1.73
2011.08.25 05:49:02.329,1.11021,1.11036,1.50,1.50
2011.08.25 05:49:02.453,1.1102,1.11036,1.50,1.50
2011.08.25 05:49:03.119,1.11018,1.11034,1.50,1.50
2011.08.25 05:49:03.240,1.11016,1.11033,1.50,1.50
2011.08.25 05:49:03.363,1.11015,1.11033,2.25,3.00
2011.08.25 05:49:03.590,1.11014,1.11028,2.25,1.50
2011.08.25 05:49:03.714,1.11012,1.11032,3.75,2.25
2011.08.25 05:49:04.268,1.11011,1.1103,1.35,2.25
2011.08.25 05:49:04.393,1.1101,1.11027,2.85,1.50
2011.08.25 05:49:04.508,1.11007,1.11027,3.00,1.50
2011.08.25 05:49:04.628,1.11007,1.11027,1.50,1.50
2011.08.25 05:49:04.857,1.11006,1.11027,1.50,2.25
2011.08.25 05:49:05.751,1.11005,1.11022,2.10,1.50
2011.08.25 05:49:06.165,1.11005,1.11022,1.73,1.50
2011.08.25 05:49:06.281,1.11005,1.11022,2.10,1.50
2011.08.25 05:49:07.237,1.11006,1.11024,3.00,3.00
2011.08.25 05:49:07.907,1.11006,1.11024,3.00,3.00
2011.08.25 05:49:09.407,1.11006,1.11024,2.25,3.38
2011.08.25 05:49:09.739,1.11003,1.11018,2.25,1.50
2011.08.25 05:49:10.079,1.10999,1.11016,2.85,1.50
2011.08.25 05:49:10.197,1.10999,1.11016,3.60,1.50
2011.08.25 05:49:10.417,1.10999,1.11016,3.60,1.50
2011.08.25 05:49:10.648,1.10999,1.11013,1.35,1.50
2011.08.25 05:49:12.659,1.11,1.11018,2.25,1.50
2011.08.25 05:49:12.780,1.11,1.11018,3.00,1.50
2011.08.25 05:49:12.901,1.11002,1.11021,3.00,1.50
2011.08.25 05:49:13.030,1.11004,1.11021,1.50,1.50
2011.08.25 05:49:13.153,1.11005,1.11023,3.00,1.35
2011.08.25 05:49:13.493,1.11009,1.11027,1.50,1.88
2011.08.25 05:49:14.054,1.11009,1.11027,1.50,2.63
2011.08.25 05:49:14.609,1.11009,1.11027,1.50,2.63
2011.08.25 05:49:15.278,1.11009,1.11027,1.50,1.50
2011.08.25 05:49:16.940,1.1101,1.11029,2.25,2.63
2011.08.25 05:49:17.060,1.1101,1.11029,2.25,1.13
2011.08.25 05:49:17.625,1.11009,1.11022,1.50,1.50
2011.08.25 05:49:17.957,1.11009,1.11026,1.50,1.13
2011.08.25 05:49:18.527,1.11009,1.11028,1.50,3.23
2011.08.25 05:49:19.077,1.11009,1.11028,3.75,2.48
2011.08.25 05:49:20.751,1.11005,1.11025,4.13,1.88
2011.08.25 05:49:20.868,1.11005,1.11025,3.75,1.88
2011.08.25 05:49:20.989,1.11005,1.11027,3.75,1.50
2011.08.25 05:49:21.328,1.11003,1.11023,3.00,2.85
2011.08.25 05:49:21.889,1.11004,1.11021,3.00,1.73
2011.08.25 05:49:22.890,1.11006,1.11024,3.00,1.88
2011.08.25 05:49:23.448,1.11005,1.11023,2.25,2.25
2011.08.25 05:49:23.568,1.11005,1.11023,3.00,2.25
2011.08.25 05:49:24.250,1.11009,1.11026,3.00,2.48
2011.08.25 05:49:24.810,1.11009,1.11026,3.75,1.13
2011.08.25 05:49:25.371,1.11012,1.11029,3.00,2.10
2011.08.25 05:49:25.490,1.11012,1.11029,3.00,1.35
2011.08.25 05:49:28.654,1.11011,1.11029,2.25,2.48
2011.08.25 05:49:28.772,1.11011,1.11026,1.50,1.50
2011.08.25 05:49:29.335,1.11006,1.11025,1.13,1.50
2011.08.25 05:49:29.449,1.11007,1.11025,1.50,1.50
2011.08.25 05:49:29.789,1.11006,1.11025,1.13,1.50
2011.08.25 05:49:35.417,1.11005,1.11024,3.75,1.50
2011.08.25 05:49:37.491,1.11009,1.11026,3.00,1.50
2011.08.25 05:49:37.719,1.11014,1.11031,1.50,1.35
2011.08.25 05:49:37.839,1.11015,1.11031,2.25,1.35
2011.08.25 05:49:37.959,1.11021,1.11036,1.50,1.50
2011.08.25 05:49:38.461,1.1102,1.11037,5.25,1.35
2011.08.25 05:49:38.580,1.11021,1.11037,1.50,1.35
2011.08.25 05:49:39.137,1.11021,1.11042,1.50,2.85
2011.08.25 05:49:39.651,1.11021,1.11042,1.50,1.50
2011.08.25 05:49:39.774,1.11021,1.11043,3.00,4.50
2011.08.25 05:49:40.219,1.11023,1.1104,2.25,1.50
2011.08.25 05:49:40.562,1.11021,1.11037,1.50,1.50
2011.08.25 05:49:40.901,1.11019,1.11037,1.50,1.35
2011.08.25 05:49:41.460,1.11017,1.11037,2.25,2.10
2011.08.25 05:49:42.728,1.11017,1.11037,1.50,1.35
2011.08.25 05:49:43.800,1.11015,1.11034,4.50,1.88
2011.08.25 05:49:44.164,1.11009,1.11027,2.25,1.50
2011.08.25 05:49:44.608,1.11009,1.11027,2.25,1.50
2011.08.25 05:49:44.947,1.11009,1.11027,2.25,1.50
2011.08.25 05:49:45.277,1.11009,1.11027,2.25,1.50
2011.08.25 05:49:46.928,1.11009,1.11027,2.25,1.50
2011.08.25 05:49:47.049,1.11009,1.11027,2.25,1.50
2011.08.25 05:49:48.239,1.11009,1.11029,2.25,1.50
2011.08.25 05:49:53.658,1.11011,1.1103,1.50,1.50
2011.08.25 05:49:55.492,1.11012,1.1103,3.00,2.25
2011.08.25 05:49:55.721,1.1101,1.11028,1.50,1.50
2011.08.25 05:49:55.838,1.11008,1.11025,1.88,1.50
2011.08.25 05:49:56.398,1.11008,1.11024,2.25,1.50
2011.08.25 05:49:56.847,1.11007,1.11023,2.63,1.50
2011.08.25 05:49:57.187,1.11007,1.11024,1.13,1.50
2011.08.25 05:49:58.131,1.11011,1.11025,2.25,1.50
2011.08.25 05:49:58.589,1.11015,1.11033,1.13,4.50
2011.08.25 05:49:58.716,1.11017,1.11033,1.50,1.50
2011.08.25 05:50:00.848,1.11018,1.11033,1.50,1.50
2011.08.25 05:50:01.188,1.11019,1.11035,1.50,1.50
2011.08.25 05:50:01.857,1.11019,1.11035,1.50,1.50
2011.08.25 05:50:05.220,1.11019,1.11037,2.25,1.88
2011.08.25 05:50:05.790,1.11021,1.11037,1.50,1.50
2011.08.25 05:50:06.249,1.11022,1.1104,1.50,1.88
2011.08.25 05:50:06.697,1.11023,1.11038,1.50,1.13
2011.08.25 05:50:09.349,1.11023,1.11041,2.25,3.00
2011.08.25 05:50:09.690,1.11023,1.11041,2.25,1.88
2011.08.25 05:50:10.028,1.11025,1.11041,1.50,1.13
2011.08.25 05:50:10.368,1.11024,1.11039,1.50,1.50
2011.08.25 05:50:11.038,1.11024,1.11038,1.50,1.50
2011.08.25 05:50:11.159,1.11024,1.11038,1.50,1.50
2011.08.25 05:50:11.723,1.11024,1.11038,1.50,1.50
2011.08.25 05:50:12.280,1.11024,1.11038,1.50,1.50
2011.08.25 05:50:14.668,1.11026,1.11038,1.50,1.50
2011.08.25 05:50:14.898,1.11023,1.11038,2.25,1.50
2011.08.25 05:50:15.808,1.11023,1.11038,1.50,1.50
2011.08.25 05:50:17.588,1.11022,1.11038,1.50,1.50
2011.08.25 05:50:27.190,1.11021,1.11036,1.50,1.50
2011.08.25 05:50:27.310,1.1102,1.11036,1.50,1.50
2011.08.25 05:50:27.429,1.11017,1.11036,1.88,2.25
2011.08.25 05:50:27.988,1.11017,1.11035,1.13,1.50
2011.08.25 05:50:28.548,1.11015,1.11033,3.00,1.35
2011.08.25 05:50:29.007,1.11015,1.11034,3.00,1.35
2011.08.25 05:50:30.128,1.11015,1.11033,3.00,2.10
2011.08.25 05:50:32.269,1.11014,1.11032,1.50,1.50
2011.08.25 05:50:32.390,1.11013,1.11032,3.75,2.25
2011.08.25 05:50:32.619,1.11011,1.11028,1.88,1.50
2011.08.25 05:50:33.180,1.11012,1.11028,2.25,1.50
2011.08.25 05:50:33.517,1.11013,1.11032,5.25,1.50
2011.08.25 05:50:33.749,1.11014,1.11034,1.50,1.50
2011.08.25 05:50:34.268,1.11014,1.11034,1.50,1.50
2011.08.25 05:50:38.428,1.11014,1.11034,2.25,1.50
2011.08.25 05:50:40.492,1.11014,1.11035,1.88,2.85
2011.08.25 05:50:41.050,1.11018,1.11035,1.50,1.35
2011.08.25 05:50:43.542,1.11017,1.11031,1.50,1.50
2011.08.25 05:50:43.882,1.11015,1.11034,1.50,2.25
2011.08.25 05:50:43.999,1.11015,1.11034,1.50,1.88
2011.08.25 05:50:48.223,1.11012,1.11028,1.50,1.50
2011.08.25 05:50:48.561,1.11007,1.11026,1.50,1.50
2011.08.25 05:50:48.789,1.11007,1.11027,1.50,2.25
2011.08.25 05:50:49.348,1.11007,1.11027,1.50,2.25
2011.08.25 05:50:49.913,1.11007,1.11027,2.25,2.25
2011.08.25 05:50:50.029,1.11007,1.11025,2.25,1.50
2011.08.25 05:50:50.587,1.11007,1.11025,1.50,1.50
2011.08.25 05:50:51.604,1.1101,1.11027,2.25,1.50
2011.08.25 05:50:51.730,1.11009,1.1103,3.00,2.25
2011.08.25 05:50:51.850,1.11009,1.1103,3.00,1.88
2011.08.25 05:50:52.078,1.11009,1.1103,3.00,1.88
2011.08.25 05:50:52.308,1.11009,1.1103,1.50,2.63
2011.08.25 05:50:52.867,1.11009,1.1103,1.50,2.63
2011.08.25 05:50:53.098,1.11009,1.1103,1.50,2.63
2011.08.25 05:50:53.439,1.11008,1.1103,2.63,2.63
2011.08.25 05:50:54.889,1.11009,1.11029,1.50,1.50
2011.08.25 05:50:55.118,1.11008,1.11029,4.88,1.50
2011.08.25 05:50:55.350,1.11013,1.1103,1.50,2.63
2011.08.25 05:50:55.468,1.11013,1.1103,1.50,1.88
2011.08.25 05:50:56.141,1.11012,1.1103,1.50,2.63
2011.08.25 05:50:56.589,1.11012,1.11029,1.50,1.50
2011.08.25 05:50:57.749,1.1101,1.11029,1.50,1.50
2011.08.25 05:50:58.307,1.1101,1.1103,1.88,1.88
2011.08.25 05:51:03.200,1.11014,1.1103,1.50,1.50
2011.08.25 05:51:05.197,1.11014,1.11031,1.50,1.50
2011.08.25 05:51:05.640,1.11014,1.11032,1.50,1.35
2011.08.25 05:51:05.760,1.11015,1.11032,1.50,2.85
2011.08.25 05:51:06.869,1.11015,1.11035,1.50,1.88
2011.08.25 05:51:07.424,1.11018,1.11035,1.50,1.13
2011.08.25 05:51:07.871,1.11018,1.11037,1.88,1.35
2011.08.25 05:51:07.995,1.11021,1.11038,1.50,1.35
2011.08.25 05:51:08.328,1.11021,1.11038,1.50,1.35
2011.08.25 05:51:11.390,1.11023,1.11039,1.50,2.48
2011.08.25 05:51:12.978,1.1102,1.11037,1.50,1.35
2011.08.25 05:51:13.318,1.11018,1.11035,1.13,1.50
2011.08.25 05:51:13.439,1.11017,1.11033,1.50,1.73
2011.08.25 05:51:13.997,1.11017,1.11034,1.50,1.73
2011.08.25 05:51:20.028,1.11017,1.11033,1.50,1.73
2011.08.25 05:51:20.588,1.11016,1.11032,1.50,1.35
2011.08.25 05:51:21.428,1.11016,1.11031,1.50,1.50
2011.08.25 05:51:21.878,1.11015,1.11031,1.50,1.50
2011.08.25 05:51:22.878,1.11013,1.1103,2.63,1.50
2011.08.25 05:51:25.028,1.11013,1.11032,2.25,2.10
2011.08.25 05:51:25.774,1.11013,1.11032,2.25,2.10
2011.08.25 05:51:26.549,1.11013,1.11032,2.25,2.10
2011.08.25 05:51:27.461,1.1102,1.11032,2.25,2.10
2011.08.25 05:51:27.694,1.11023,1.11038,1.50,1.50
2011.08.25 05:51:27.813,1.11023,1.11044,2.25,1.50
2011.08.25 05:51:28.151,1.11022,1.11039,1.50,1.50
2011.08.25 05:51:28.821,1.11023,1.11039,1.50,1.50
2011.08.25 05:51:29.158,1.11021,1.11036,1.50,1.50
2011.08.25 05:51:29.819,1.11021,1.11036,1.50,1.50
2011.08.25 05:51:32.578,1.11021,1.11037,1.50,1.50
2011.08.25 05:51:32.698,1.11019,1.11037,2.63,1.50
2011.08.25 05:51:37.898,1.11019,1.11038,2.63,1.50
2011.08.25 05:51:38.316,1.11022,1.11038,1.50,1.50
2011.08.25 05:51:38.437,1.11024,1.1104,1.50,1.73
2011.08.25 05:51:38.770,1.11024,1.11041,1.50,1.73
2011.08.25 05:51:39.664,1.11024,1.11042,1.50,1.35
2011.08.25 05:51:39.998,1.11027,1.11043,1.13,1.50
2011.08.25 05:51:40.230,1.1103,1.11043,1.50,1.35
2011.08.25 05:51:40.572,1.11024,1.11041,1.50,1.35
2011.08.25 05:51:41.348,1.11024,1.11043,1.50,2.10
2011.08.25 05:51:41.907,1.11023,1.11041,1.50,1.35
2011.08.25 05:51:42.467,1.11023,1.11041,3.00,1.35
2011.08.25 05:51:43.358,1.11023,1.11041,1.50,2.10
2011.08.25 05:51:43.919,1.11025,1.11041,2.25,1.35
2011.08.25 05:51:45.959,1.11023,1.1104,3.00,1.50
2011.08.25 05:51:46.959,1.11023,1.11039,1.50,1.35
2011.08.25 05:51:47.080,1.11025,1.1104,1.50,1.35
2011.08.25 05:51:47.418,1.11024,1.11039,1.50,1.35
2011.08.25 05:51:47.880,1.11024,1.11039,1.50,1.35
2011.08.25 05:51:48.659,1.11024,1.11039,1.50,1.35
2011.08.25 05:51:51.702,1.11026,1.1104,2.25,1.35
2011.08.25 05:51:51.929,1.11026,1.11039,2.25,1.35
2011.08.25 05:51:52.050,1.11024,1.11039,1.50,1.35
2011.08.25 05:51:52.171,1.11024,1.11039,1.50,2.10
2011.08.25 05:51:52.833,1.11024,1.11039,1.50,2.10
2011.08.25 05:51:54.047,1.11024,1.11039,1.50,2.10
2011.08.25 05:51:55.907,1.11024,1.11039,1.50,2.10
2011.08.25 05:51:56.237,1.11024,1.11039,1.50,2.10
2011.08.25 05:51:56.458,1.11024,1.11039,1.50,2.10
2011.08.25 05:51:57.147,1.11024,1.11039,1.50,2.10
2011.08.25 05:51:57.617,1.11024,1.11039,1.50,2.10
2011.08.25 05:51:58.167,1.11024,1.11039,1.50,1.35
2011.08.25 05:51:58.289,1.11024,1.11039,1.50,1.35
2011.08.25 05:52:00.497,1.11024,1.11042,3.00,2.10
2011.08.25 05:52:00.937,1.11024,1.11039,1.50,1.35
2011.08.25 05:52:06.276,1.11024,1.11039,1.50,2.10
2011.08.25 05:52:11.572,1.11024,1.11039,1.50,1.35
2011.08.25 05:52:12.017,1.11024,1.11039,1.50,2.10
2011.08.25 05:52:12.348,1.11024,1.11039,1.50,1.35
2011.08.25 05:52:12.928,1.11024,1.11039,1.50,2.10
2011.08.25 05:52:13.939,1.11024,1.11039,1.50,1.35
2011.08.25 05:52:14.391,1.11024,1.11041,3.00,1.35
2011.08.25 05:52:22.761,1.11024,1.1104,2.25,2.48
2011.08.25 05:52:23.320,1.11024,1.11038,2.25,1.88
2011.08.25 05:52:25.312,1.11021,1.11035,2.25,1.35
2011.08.25 05:52:25.440,1.11019,1.11035,2.25,1.73
2011.08.25 05:52:25.564,1.11014,1.11033,2.25,2.25
2011.08.25 05:52:26.448,1.11014,1.11032,1.50,1.50
2011.08.25 05:52:27.153,1.11013,1.1103,1.50,1.50
2011.08.25 05:52:27.269,1.11011,1.1103,1.50,1.13
2011.08.25 05:52:27.389,1.1101,1.11028,1.50,1.50
2011.08.25 05:52:27.839,1.11011,1.11029,1.50,1.50
2011.08.25 05:52:28.289,1.11011,1.11031,1.50,2.85
2011.08.25 05:52:28.629,1.11013,1.11031,1.50,1.35
2011.08.25 05:52:32.119,1.11015,1.11023,1.50,2.25
2011.08.25 05:52:32.459,1.11009,1.11032,3.00,1.50
2011.08.25 05:52:32.578,1.11015,1.11034,1.50,2.63
2011.08.25 05:52:32.699,1.11011,1.11031,1.50,1.50
2011.08.25 05:52:32.822,1.11013,1.11031,1.50,1.50
2011.08.25 05:52:32.942,1.11012,1.11031,2.25,1.50
2011.08.25 05:52:33.061,1.11013,1.11033,1.50,1.88
2011.08.25 05:52:33.181,1.11013,1.11033,1.50,1.88
2011.08.25 05:52:33.958,1.11016,1.11035,1.50,2.25
2011.08.25 05:52:34.643,1.11021,1.11039,3.00,1.56
2011.08.25 05:52:34.990,1.11026,1.11042,2.25,1.35
2011.08.25 05:52:35.620,1.11025,1.11042,2.25,1.35
2011.08.25 05:52:37.420,1.11022,1.11039,1.50,1.35
2011.08.25 05:52:37.541,1.11026,1.11042,2.25,2.85
2011.08.25 05:52:37.661,1.11023,1.1104,1.50,1.73
2011.08.25 05:52:38.771,1.11021,1.11039,1.50,2.10
2011.08.25 05:52:39.438,1.1102,1.11038,2.25,1.88
2011.08.25 05:52:40.079,1.11022,1.11038,1.50,1.88
2011.08.25 05:52:40.208,1.1102,1.11039,2.25,1.35
2011.08.25 05:52:40.548,1.11017,1.11036,1.13,1.35
2011.08.25 05:52:41.107,1.11019,1.11036,1.50,1.35
2011.08.25 05:52:42.142,1.1102,1.11038,1.50,2.48
2011.08.25 05:52:42.589,1.11022,1.1104,1.50,2.63
2011.08.25 05:52:42.710,1.11022,1.1104,1.50,1.88
2011.08.25 05:52:42.829,1.11022,1.1104,1.50,1.88
2011.08.25 05:52:43.618,1.11018,1.11039,2.25,1.13
2011.08.25 05:52:44.179,1.11018,1.11039,1.50,1.13
2011.08.25 05:52:44.523,1.11019,1.11038,2.25,1.50
2011.08.25 05:52:44.858,1.11022,1.11038,3.00,1.50
2011.08.25 05:52:45.454,1.11021,1.11037,1.50,1.50
2011.08.25 05:52:45.956,1.11022,1.11038,1.50,1.50
2011.08.25 05:52:46.182,1.11022,1.11037,1.50,2.10
2011.08.25 05:52:46.302,1.11022,1.11037,1.50,2.85
2011.08.25 05:52:48.390,1.11018,1.11038,2.25,2.48
2011.08.25 05:52:51.539,1.11022,1.11037,1.50,1.35
2011.08.25 05:52:51.878,1.11024,1.11039,2.25,1.13
2011.08.25 05:52:52.001,1.11024,1.1104,2.25,2.25
2011.08.25 05:52:52.558,1.11024,1.1104,2.25,2.25
2011.08.25 05:52:53.547,1.11024,1.11041,2.25,2.25
2011.08.25 05:52:54.108,1.11024,1.11042,2.25,1.88
2011.08.25 05:52:58.697,1.11024,1.11042,2.25,1.88
2011.08.25 05:53:01.189,1.11023,1.11042,1.50,2.63
2011.08.25 05:53:02.851,1.1102,1.11038,2.25,1.35
2011.08.25 05:53:03.409,1.1102,1.11038,1.50,1.73
2011.08.25 05:53:03.532,1.11017,1.11037,4.13,1.88
2011.08.25 05:53:03.760,1.11016,1.11036,1.50,2.48
2011.08.25 05:53:04.167,1.11016,1.11035,1.50,1.50
2011.08.25 05:53:04.284,1.11015,1.11035,1.50,2.25
2011.08.25 05:53:04.850,1.11015,1.11034,1.50,1.35
2011.08.25 05:53:04.968,1.11016,1.11034,2.25,1.35
2011.08.25 05:53:06.629,1.11019,1.11034,2.25,1.35
2011.08.25 05:53:11.331,1.11017,1.11034,3.00,1.35
2011.08.25 05:53:12.220,1.11019,1.11038,3.00,2.10
2011.08.25 05:53:13.049,1.11019,1.11038,1.50,2.10
2011.08.25 05:53:14.952,1.11018,1.11038,1.13,1.13
2011.08.25 05:53:15.509,1.11019,1.11039,2.25,1.50
2011.08.25 05:53:15.630,1.11023,1.1104,2.25,1.50
2011.08.25 05:53:16.190,1.11023,1.11041,3.00,1.50
2011.08.25 05:53:16.748,1.11023,1.11041,1.50,1.50
2011.08.25 05:53:17.309,1.11021,1.1104,2.25,2.25
2011.08.25 05:53:17.431,1.11021,1.11038,2.25,1.13
2011.08.25 05:53:17.771,1.1102,1.11033,2.25,1.35
2011.08.25 05:53:18.438,1.11022,1.11035,2.25,2.25
2011.08.25 05:53:18.559,1.11018,1.11034,1.50,1.35
2011.08.25 05:53:19.196,1.11019,1.11037,2.25,2.63
2011.08.25 05:53:19.315,1.11018,1.11037,1.50,1.13
2011.08.25 05:53:20.959,1.11017,1.11033,2.25,1.35
2011.08.25 05:53:21.079,1.11016,1.11033,1.50,1.35
2011.08.25 05:53:22.089,1.11015,1.11034,2.25,1.35
2011.08.25 05:53:22.652,1.11017,1.11034,2.25,1.35
2011.08.25 05:53:22.990,1.11016,1.11032,1.50,1.35
2011.08.25 05:53:25.317,1.11017,1.11033,1.50,1.35
2011.08.25 05:53:25.903,1.11023,1.1104,2.25,1.50
2011.08.25 05:53:26.240,1.11026,1.1104,2.25,1.50
2011.08.25 05:53:27.460,1.11026,1.11042,2.25,1.50
2011.08.25 05:53:27.580,1.1103,1.11042,1.50,1.50
2011.08.25 05:53:31.180,1.11037,1.11045,2.25,1.50
2011.08.25 05:53:31.303,1.11037,1.11055,2.25,2.25
2011.08.25 05:53:31.771,1.11037,1.11053,1.50,1.50
2011.08.25 05:53:32.000,1.11037,1.11047,1.50,1.50
2011.08.25 05:53:33.099,1.1103,1.11047,3.00,3.00
2011.08.25 05:53:37.451,1.11032,1.11047,2.25,1.50
2011.08.25 05:53:40.373,1.1103,1.11047,1.50,1.50
2011.08.25 05:53:40.922,1.1103,1.11047,1.50,2.25
2011.08.25 05:53:44.008,1.11033,1.11047,1.13,1.50
2011.08.25 05:53:44.567,1.11032,1.11049,1.88,1.50
2011.08.25 05:53:44.791,1.11032,1.11049,1.13,1.50
2011.08.25 05:53:45.018,1.11032,1.11049,1.13,1.50
2011.08.25 05:53:45.249,1.1103,1.11049,2.25,1.50
2011.08.25 05:53:45.371,1.1103,1.11047,1.50,1.50
2011.08.25 05:53:45.709,1.11029,1.11047,1.50,1.50
2011.08.25 05:53:45.828,1.11029,1.11047,2.25,1.50
2011.08.25 05:53:47.760,1.11032,1.1105,2.25,2.63
2011.08.25 05:53:48.099,1.11031,1.11049,1.50,1.50
2011.08.25 05:53:48.220,1.11031,1.1105,1.50,1.50
2011.08.25 05:53:48.718,1.11033,1.1105,1.50,1.50
2011.08.25 05:53:49.070,1.11034,1.11054,1.50,3.00
2011.08.25 05:53:49.191,1.11035,1.11054,3.00,1.50
2011.08.25 05:53:49.420,1.11035,1.11055,3.00,2.25
2011.08.25 05:53:54.800,1.11033,1.11051,1.50,1.13
2011.08.25 05:53:54.922,1.11032,1.11052,1.50,1.50
2011.08.25 05:53:55.150,1.11031,1.11051,2.25,1.50
2011.08.25 05:53:55.270,1.11031,1.11051,5.25,1.50
2011.08.25 05:53:55.389,1.11033,1.11053,1.50,1.50
2011.08.25 05:53:55.731,1.11034,1.11053,1.88,1.50
2011.08.25 05:53:56.291,1.11037,1.11056,1.50,2.25
2011.08.25 05:53:57.512,1.11038,1.11056,1.50,3.00
2011.08.25 05:53:58.189,1.11038,1.11056,1.50,1.50
2011.08.25 05:53:58.529,1.11038,1.11057,1.50,2.25
2011.08.25 05:53:59.090,1.11038,1.11056,1.50,1.50
2011.08.25 05:53:59.318,1.11038,1.11057,1.50,2.25
2011.08.25 05:54:00.060,1.11038,1.11056,1.50,2.63
2011.08.25 05:54:00.179,1.11035,1.11053,1.50,1.13
2011.08.25 05:54:00.411,1.11032,1.11045,1.50,1.13
2011.08.25 05:54:00.967,1.11026,1.11041,2.25,1.50
2011.08.25 05:54:03.258,1.11027,1.11043,2.25,2.25
2011.08.25 05:54:06.948,1.11027,1.11039,2.25,1.35
2011.08.25 05:54:07.178,1.11024,1.11039,3.00,1.35
2011.08.25 05:54:09.876,1.11027,1.11039,2.25,1.35
2011.08.25 05:54:11.248,1.11024,1.11039,1.50,1.35
2011.08.25 05:54:11.369,1.11024,1.11039,1.50,1.35
2011.08.25 05:54:11.710,1.11024,1.11039,1.50,1.35
2011.08.25 05:54:12.050,1.11024,1.11039,3.00,1.35
2011.08.25 05:54:12.498,1.11024,1.11039,1.50,1.35
2011.08.25 05:54:13.279,1.11024,1.11041,1.50,2.10
2011.08.25 05:54:13.714,1.11022,1.11041,2.25,1.35
2011.08.25 05:54:13.939,1.11021,1.11038,1.50,1.73
2011.08.25 05:54:14.500,1.11018,1.11038,1.50,4.73
2011.08.25 05:54:16.931,1.11016,1.11036,1.88,1.88
2011.08.25 05:54:17.054,1.11014,1.11033,2.10,1.88
2011.08.25 05:54:17.609,1.11014,1.11033,1.50,2.10
2011.08.25 05:54:18.398,1.11014,1.11033,3.00,2.10
2011.08.25 05:54:18.622,1.11019,1.11033,1.50,1.35
2011.08.25 05:54:18.742,1.11019,1.11033,1.50,1.35
2011.08.25 05:54:19.342,1.11019,1.11036,1.50,1.35
2011.08.25 05:54:19.469,1.11021,1.11038,1.50,1.35
2011.08.25 05:54:20.030,1.1102,1.11038,3.75,1.35
2011.08.25 05:54:20.370,1.11021,1.11038,1.50,1.35
2011.08.25 05:54:22.140,1.11018,1.11038,1.50,2.25
2011.08.25 05:54:23.450,1.11016,1.11037,2.85,2.63
2011.08.25 05:54:23.678,1.11016,1.11036,4.35,1.50
2011.08.25 05:54:24.129,1.11016,1.11035,2.10,1.50
2011.08.25 05:54:26.474,1.11016,1.11035,2.25,2.85
2011.08.25 05:54:26.591,1.11017,1.11035,1.50,2.10
2011.08.25 05:54:28.064,1.11012,1.11032,1.50,1.88
2011.08.25 05:54:29.539,1.11013,1.11032,1.50,1.50
2011.08.25 05:54:29.663,1.11013,1.11032,1.50,2.25
2011.08.25 05:54:29.783,1.11013,1.11028,1.50,1.13
2011.08.25 05:54:30.012,1.1101,1.11032,3.75,2.25
2011.08.25 05:54:30.130,1.11013,1.11032,1.50,2.25
2011.08.25 05:54:30.360,1.11013,1.11032,1.50,2.25
2011.08.25 05:54:30.808,1.11011,1.11032,1.50,2.63
2011.08.25 05:54:31.410,1.11011,1.11032,1.50,2.63
2011.08.25 05:54:31.640,1.11014,1.11032,1.50,1.88
2011.08.25 05:54:31.759,1.11014,1.11033,1.50,1.50
2011.08.25 05:54:32.324,1.11014,1.11034,1.50,2.85
2011.08.25 05:54:32.988,1.11014,1.11034,1.50,2.10
2011.08.25 05:54:33.332,1.11014,1.11034,1.50,2.85
2011.08.25 05:54:33.888,1.1101,1.11031,1.88,2.25
2011.08.25 05:54:34.728,1.1101,1.1103,1.50,1.13
2011.08.25 05:54:35.067,1.11008,1.11028,2.48,4.50
2011.08.25 05:54:35.617,1.11008,1.11028,3.98,4.50
2011.08.25 05:54:37.078,1.11008,1.11026,2.10,1.50
2011.08.25 05:54:40.649,1.1101,1.11028,1.50,1.50
2011.08.25 05:54:41.760,1.1101,1.1103,1.88,1.88
2011.08.25 05:54:42.099,1.11012,1.11033,1.50,3.38
2011.08.25 05:54:42.440,1.11015,1.11033,2.25,1.88
2011.08.25 05:54:42.997,1.11015,1.11033,3.00,1.13
2011.08.25 05:54:46.369,1.11015,1.11035,3.00,1.73
2011.08.25 05:54:46.491,1.11015,1.11035,1.50,2.10
2011.08.25 05:54:47.048,1.11014,1.11034,1.50,2.10
2011.08.25 05:54:49.062,1.11013,1.11028,1.50,1.13
2011.08.25 05:54:49.291,1.11013,1.11033,2.63,1.88
2011.08.25 05:54:49.738,1.11014,1.11034,2.25,1.35
2011.08.25 05:54:54.279,1.11013,1.11034,2.25,1.35
2011.08.25 05:54:59.620,1.11016,1.11034,1.50,1.73
2011.08.25 05:54:59.738,1.11016,1.11033,1.50,1.13
2011.08.25 05:55:00.097,1.11016,1.11034,1.50,1.73
2011.08.25 05:55:00.439,1.11018,1.11035,1.50,1.35
2011.08.25 05:55:01.081,1.11018,1.11036,1.50,1.73
2011.08.25 05:55:01.558,1.11017,1.11035,1.50,1.73
2011.08.25 05:55:02.998,1.11017,1.11034,1.50,1.35
2011.08.25 05:55:08.248,1.11017,1.11036,2.25,1.50
2011.08.25 05:55:08.478,1.11018,1.11037,1.50,2.10
2011.08.25 05:55:10.576,1.11018,1.11035,1.50,1.50
2011.08.25 05:55:11.243,1.11018,1.11034,1.50,1.50
2011.08.25 05:55:11.689,1.11016,1.11032,1.50,1.50
2011.08.25 05:55:12.911,1.11013,1.11031,1.50,1.73
2011.08.25 05:55:13.032,1.11012,1.11031,1.50,3.23
2011.08.25 05:55:13.151,1.11008,1.11028,2.25,1.13
2011.08.25 05:55:13.491,1.11007,1.11026,1.35,1.88
2011.08.25 05:55:14.048,1.11007,1.11024,1.35,1.50
2011.08.25 05:55:17.639,1.11007,1.11024,1.35,3.00
2011.08.25 05:55:17.870,1.11007,1.11022,1.35,1.13
2011.08.25 05:55:18.428,1.11001,1.11021,1.50,1.88
2011.08.25 05:55:20.590,1.11,1.1102,2.25,1.50
2011.08.25 05:55:20.712,1.11,1.11019,1.50,2.63
2011.08.25 05:55:20.835,1.10999,1.11018,1.50,1.13
2011.08.25 05:55:20.952,1.10997,1.11016,1.50,1.13
2011.08.25 05:55:21.073,1.10995,1.11014,2.25,1.88
2011.08.25 05:55:21.191,1.10993,1.11012,1.50,1.13
2011.08.25 05:55:22.081,1.10995,1.11011,1.50,1.13
2011.08.25 05:55:28.668,1.10995,1.11013,1.50,1.50
2011.08.25 05:55:31.578,1.10994,1.11012,1.50,1.50
2011.08.25 05:55:36.550,1.10994,1.11014,1.50,1.88
2011.08.25 05:55:43.808,1.10993,1.11013,1.50,1.13
2011.08.25 05:55:49.078,1.10994,1.11014,3.00,1.50
2011.08.25 05:55:49.199,1.10994,1.11014,3.00,2.25
2011.08.25 05:55:49.540,1.10991,1.11011,2.25,1.50
2011.08.25 05:55:49.879,1.10993,1.11011,1.50,1.50
2011.08.25 05:55:50.858,1.10993,1.11011,1.50,1.50
2011.08.25 05:55:51.091,1.10993,1.11013,1.50,3.00
2011.08.25 05:55:57.248,1.10994,1.11013,1.50,2.25
2011.08.25 05:55:59.530,1.10993,1.11013,2.25,1.50
2011.08.25 05:55:59.869,1.10994,1.11013,1.50,1.50
2011.08.25 05:56:04.148,1.10994,1.11013,1.50,1.50
2011.08.25 05:56:04.490,1.10994,1.11013,1.50,1.50
2011.08.25 05:56:04.829,1.10994,1.11013,1.50,2.25
2011.08.25 05:56:04.948,1.10994,1.11013,1.50,2.25
2011.08.25 05:56:05.327,1.10994,1.11013,1.50,2.25
2011.08.25 05:56:13.579,1.10991,1.11012,2.25,1.50
2011.08.25 05:56:17.088,1.10993,1.11011,2.25,1.50
2011.08.25 05:56:18.378,1.10995,1.11011,2.25,1.50
2011.08.25 05:56:18.504,1.10994,1.11011,2.25,1.50
2011.08.25 05:56:18.948,1.10992,1.11013,2.25,1.50
2011.08.25 05:56:22.149,1.10993,1.11013,1.50,1.50
2011.08.25 05:56:23.049,1.10992,1.1101,1.50,1.50
2011.08.25 05:56:23.609,1.10993,1.11013,2.25,1.50
2011.08.25 05:56:23.729,1.10993,1.11013,2.25,1.50
2011.08.25 05:56:24.838,1.10993,1.11013,1.50,1.50
2011.08.25 05:56:25.289,1.10993,1.11011,1.50,1.50
2011.08.25 05:56:25.407,1.10993,1.11012,2.25,1.50
2011.08.25 05:56:28.579,1.10993,1.11012,1.50,2.25
2011.08.25 05:56:29.138,1.10994,1.11012,1.50,2.25
2011.08.25 05:56:29.369,1.10993,1.11012,1.50,2.25
2011.08.25 05:56:30.094,1.10993,1.11012,1.50,2.25
2011.08.25 05:56:30.208,1.10993,1.11012,1.50,2.25
2011.08.25 05:56:30.790,1.10993,1.11012,1.50,2.25
2011.08.25 05:56:31.018,1.10993,1.11012,1.50,2.25
2011.08.25 05:56:31.138,1.10993,1.1101,1.50,1.50
2011.08.25 05:56:31.748,1.10993,1.11011,1.50,1.50
2011.08.25 05:56:35.198,1.10993,1.11012,1.50,1.50
2011.08.25 05:56:35.762,1.10991,1.11006,2.25,1.50
2011.08.25 05:56:35.990,1.1099,1.11008,1.50,1.50
2011.08.25 05:56:36.550,1.1099,1.11009,1.50,1.50
2011.08.25 05:56:37.108,1.1099,1.11011,1.50,2.25
2011.08.25 05:56:37.228,1.1099,1.11009,1.50,1.50
2011.08.25 05:56:38.449,1.1099,1.11009,1.50,1.50
2011.08.25 05:56:38.678,1.1099,1.11011,1.50,2.25
2011.08.25 05:56:38.797,1.1099,1.11011,1.50,2.25
2011.08.25 05:56:42.241,1.1099,1.11011,3.75,1.50
2011.08.25 05:56:42.799,1.1099,1.11011,3.00,1.50
2011.08.25 05:56:47.459,1.10991,1.11012,2.25,1.50
2011.08.25 05:56:51.437,1.10994,1.11012,2.25,1.50
2011.08.25 05:56:52.038,1.10993,1.11012,1.50,1.50
2011.08.25 05:56:52.549,1.10994,1.11012,2.25,1.50
2011.08.25 05:56:53.108,1.10995,1.11014,1.50,1.50
2011.08.25 05:56:57.557,1.10995,1.11012,1.50,1.50
2011.08.25 05:57:01.698,1.10995,1.11012,1.50,1.50
2011.08.25 05:57:02.618,1.10995,1.11012,1.50,1.50
2011.08.25 05:57:03.092,1.10995,1.11014,1.50,1.50
2011.08.25 05:57:03.378,1.10995,1.11014,1.50,1.50
2011.08.25 05:57:03.607,1.10995,1.11012,1.50,1.50
2011.08.25 05:57:04.509,1.10995,1.11012,1.50,1.50
2011.08.25 05:57:05.410,1.10995,1.11014,1.50,1.50
2011.08.25 05:57:05.530,1.10997,1.11014,1.50,1.50
2011.08.25 05:57:05.760,1.10999,1.11018,1.50,1.13
2011.08.25 05:57:05.878,1.11,1.11019,2.25,3.98
2011.08.25 05:57:06.400,1.10999,1.11019,1.50,3.98
2011.08.25 05:57:07.819,1.11001,1.11019,1.50,3.60
2011.08.25 05:57:11.229,1.11001,1.11019,1.50,3.60
2011.08.25 05:57:11.572,1.11001,1.11018,1.50,2.25
2011.08.25 05:57:11.690,1.11,1.11015,1.50,2.25
2011.08.25 05:57:11.923,1.10991,1.1101,1.50,3.38
2011.08.25 05:57:12.042,1.10987,1.11004,1.35,1.50
2011.08.25 05:57:12.161,1.10986,1.11004,3.00,3.75
2011.08.25 05:57:12.501,1.10978,1.10995,2.25,1.50
2011.08.25 05:57:12.729,1.10976,1.10995,3.00,1.50
2011.08.25 05:57:13.299,1.10976,1.10996,1.50,1.50
2011.08.25 05:57:13.642,1.10975,1.10994,1.50,1.50
2011.08.25 05:57:13.764,1.10975,1.10994,1.50,2.25
2011.08.25 05:57:13.884,1.1097,1.10991,2.25,1.50
2011.08.25 05:57:14.248,1.10971,1.1099,2.25,1.50
2011.08.25 05:57:15.360,1.10975,1.10991,1.13,1.88
2011.08.25 05:57:16.909,1.10975,1.10991,1.13,1.13
2011.08.25 05:57:17.470,1.10975,1.10991,1.13,1.13
2011.08.25 05:57:18.249,1.10975,1.1099,1.50,1.50
2011.08.25 05:57:19.029,1.10974,1.10989,1.13,1.50
2011.08.25 05:57:19.588,1.10974,1.1099,1.13,2.25
2011.08.25 05:57:25.019,1.10974,1.1099,1.13,1.50
2011.08.25 05:57:26.068,1.10976,1.1099,1.13,1.88
2011.08.25 05:57:26.898,1.10976,1.10991,1.13,1.13
2011.08.25 05:57:28.659,1.10977,1.10991,1.13,1.13
2011.08.25 05:57:29.217,1.10977,1.10991,1.13,1.13
2011.08.25 05:57:30.099,1.10977,1.10993,1.13,1.13
2011.08.25 05:57:32.878,1.10977,1.10993,1.13,1.50
2011.08.25 05:57:34.530,1.1098,1.10996,1.13,1.50
2011.08.25 05:57:34.649,1.10981,1.10997,1.13,1.88
2011.08.25 05:57:38.562,1.1098,1.10995,1.13,1.50
2011.08.25 05:57:39.077,1.1098,1.10996,1.13,1.13
2011.08.25 05:57:39.190,1.10981,1.10997,1.13,1.50
2011.08.25 05:57:39.748,1.10981,1.10997,1.13,1.13
2011.08.25 05:57:41.071,1.10985,1.11001,1.13,2.10
2011.08.25 05:57:41.411,1.10986,1.11001,1.13,1.35
2011.08.25 05:57:43.979,1.10986,1.11,1.13,1.73
2011.08.25 05:57:49.278,1.10986,1.11001,1.13,1.35
2011.08.25 05:57:50.058,1.10986,1.11001,1.13,1.35
2011.08.25 05:57:54.022,1.10985,1.10999,1.13,1.35
2011.08.25 05:57:54.580,1.10986,1.10999,1.13,1.35
2011.08.25 05:57:56.529,1.10986,1.10998,1.13,2.25
2011.08.25 05:57:56.868,1.10987,1.10998,1.13,2.25
2011.08.25 05:57:58.012,1.10986,1.10999,1.13,1.35
2011.08.25 05:57:58.134,1.10984,1.10999,1.50,1.35
2011.08.25 05:57:58.469,1.10986,1.11,1.13,2.48
2011.08.25 05:57:58.588,1.10986,1.11,1.13,2.48
2011.08.25 05:58:02.108,1.10984,1.11,1.50,3.23
2011.08.25 05:58:02.698,1.10984,1.11,1.13,3.60
2011.08.25 05:58:05.029,1.10977,1.10993,1.13,1.88
2011.08.25 05:58:05.544,1.10976,1.10991,1.13,1.13
2011.08.25 05:58:06.979,1.10975,1.1099,1.88,1.13
2011.08.25 05:58:07.978,1.10975,1.10989,1.50,1.13
2011.08.25 05:58:08.748,1.10975,1.10989,1.88,1.13
2011.08.25 05:58:09.366,1.10975,1.10989,1.13,1.13
2011.08.25 05:58:09.919,1.10975,1.10989,1.88,1.13
2011.08.25 05:58:10.480,1.10973,1.10989,1.50,1.13
2011.08.25 05:58:10.710,1.10975,1.10989,1.13,1.13
2011.08.25 05:58:10.832,1.10977,1.10991,1.50,1.50
2011.08.25 05:58:11.586,1.10975,1.10994,1.50,2.10
2011.08.25 05:58:12.170,1.10975,1.10994,1.50,2.48
2011.08.25 05:58:12.732,1.10978,1.10992,1.13,1.13
2011.08.25 05:58:12.963,1.10978,1.10993,1.13,1.13
2011.08.25 05:58:13.523,1.10978,1.10994,1.13,1.73
2011.08.25 05:58:14.078,1.10978,1.10995,1.13,1.73
2011.08.25 05:58:15.540,1.10978,1.10994,1.13,1.73
2011.08.25 05:58:16.099,1.10978,1.10994,1.13,1.73
2011.08.25 05:58:16.990,1.10978,1.10992,1.13,1.13
2011.08.25 05:58:17.110,1.10975,1.10991,1.13,1.50
2011.08.25 05:58:17.801,1.10972,1.10991,1.13,1.50
2011.08.25 05:58:18.359,1.10972,1.10989,1.13,1.13
2011.08.25 05:58:18.899,1.10971,1.10989,1.88,1.50
2011.08.25 05:58:19.018,1.10971,1.10989,1.88,1.50
2011.08.25 05:58:22.578,1.10971,1.10987,1.13,1.13
2011.08.25 05:58:22.812,1.10971,1.10986,1.13,1.35
2011.08.25 05:58:23.368,1.10971,1.10985,1.13,1.13
2011.08.25 05:58:23.710,1.10966,1.10982,1.13,1.50
2011.08.25 05:58:25.058,1.10966,1.10981,1.13,1.50
2011.08.25 05:58:25.788,1.10966,1.10981,1.13,1.50
2011.08.25 05:58:26.339,1.10965,1.10981,1.88,1.88
2011.08.25 05:58:26.899,1.10965,1.10981,1.13,1.88
2011.08.25 05:58:27.491,1.10965,1.10981,1.13,1.88
2011.08.25 05:58:29.581,1.10965,1.10979,1.13,1.13
2011.08.25 05:58:29.919,1.10963,1.10978,2.10,2.25
2011.08.25 05:58:30.149,1.10963,1.10978,2.85,1.50
2011.08.25 05:58:33.369,1.10963,1.10978,2.48,1.50
2011.08.25 05:58:34.310,1.10962,1.10978,1.13,1.50
2011.08.25 05:58:35.319,1.10962,1.10977,1.50,1.50
2011.08.25 05:58:38.739,1.10963,1.10978,2.25,2.25
2011.08.25 05:58:38.860,1.10963,1.10978,3.00,1.50
2011.08.25 05:58:39.199,1.10967,1.10981,1.13,1.50
2011.08.25 05:58:39.761,1.10968,1.10982,1.13,1.50
2011.08.25 05:58:39.990,1.10967,1.10979,1.50,1.50
2011.08.25 05:58:40.549,1.10966,1.10978,1.13,1.50
2011.08.25 05:58:40.888,1.10966,1.10978,1.13,1.50
2011.08.25 05:58:41.119,1.10965,1.10978,1.13,1.50
2011.08.25 05:58:41.619,1.10965,1.10978,1.13,1.50
2011.08.25 05:58:43.158,1.10965,1.10978,1.13,2.10
2011.08.25 05:58:43.378,1.10965,1.10978,1.13,2.10
2011.08.25 05:58:43.939,1.10967,1.10979,2.25,2.25
2011.08.25 05:58:44.608,1.10969,1.10988,1.50,1.35
2011.08.25 05:58:45.138,1.10969,1.10988,1.50,2.10
2011.08.25 05:58:45.850,1.10969,1.10988,1.50,1.50
2011.08.25 05:58:45.969,1.10969,1.1099,1.50,3.60
2011.08.25 05:58:46.198,1.10969,1.10989,1.50,1.50
2011.08.25 05:58:47.480,1.10972,1.1099,1.13,2.85
2011.08.25 05:58:47.601,1.1097,1.1099,1.50,1.35
2011.08.25 05:58:47.721,1.1097,1.10991,1.50,2.10
2011.08.25 05:58:47.840,1.10972,1.10989,1.50,1.50
2011.08.25 05:58:48.179,1.10971,1.1099,1.88,2.85
2011.08.25 05:58:48.299,1.10971,1.1099,1.88,2.85
2011.08.25 05:58:48.420,1.10971,1.10991,1.50,2.85
2011.08.25 05:58:48.539,1.10969,1.1099,1.50,2.10
2011.08.25 05:58:48.769,1.10969,1.10988,1.50,1.50
2011.08.25 05:58:50.980,1.1097,1.10986,1.13,1.13
2011.08.25 05:58:51.538,1.10971,1.10988,1.50,1.50
2011.08.25 05:58:52.328,1.10972,1.10988,1.13,1.13
2011.08.25 05:58:52.659,1.10974,1.1099,1.50,2.10
2011.08.25 05:58:55.529,1.10972,1.10988,1.88,1.13
2011.08.25 05:58:55.652,1.10972,1.10988,1.13,1.13
2011.08.25 05:58:58.010,1.10972,1.10988,1.50,1.50
2011.08.25 05:58:58.583,1.10972,1.10989,1.50,1.50
2011.08.25 05:58:59.142,1.10969,1.10985,1.88,1.13
2011.08.25 05:58:59.699,1.10966,1.10984,2.85,1.13
2011.08.25 05:59:00.040,1.1097,1.10986,1.13,2.25
2011.08.25 05:59:01.148,1.1097,1.10986,1.13,1.88
2011.08.25 05:59:04.522,1.1097,1.10987,1.50,1.13
2011.08.25 05:59:05.562,1.10974,1.1099,1.13,1.73
2011.08.25 05:59:08.249,1.10972,1.1099,1.13,2.10
2011.08.25 05:59:14.767,1.10973,1.1099,1.13,1.73
2011.08.25 05:59:18.159,1.10975,1.10991,1.13,1.35
2011.08.25 05:59:18.720,1.10976,1.10992,1.13,1.56
2011.08.25 05:59:18.841,1.10976,1.10993,1.13,1.13
2011.08.25 05:59:21.758,1.10977,1.10994,1.13,1.88
2011.08.25 05:59:22.778,1.10977,1.10994,1.50,1.88
2011.08.25 05:59:24.008,1.10977,1.10992,1.13,1.13
2011.08.25 05:59:26.632,1.10977,1.10991,1.13,1.13
2011.08.25 05:59:28.552,1.10977,1.10994,1.50,2.10
2011.08.25 05:59:28.941,1.10977,1.10994,1.50,2.10
2011.08.25 05:59:31.420,1.10979,1.10994,1.50,1.35
2011.08.25 05:59:31.868,1.10979,1.10994,1.50,1.35
2011.08.25 05:59:32.518,1.10979,1.10994,1.50,1.35
2011.08.25 05:59:33.319,1.10979,1.10993,1.13,1.13
2011.08.25 05:59:33.769,1.10979,1.10997,1.88,3.00
2011.08.25 05:59:34.220,1.10979,1.10995,1.88,1.50
2011.08.25 05:59:34.778,1.10978,1.10993,2.25,1.13
2011.08.25 05:59:36.650,1.10978,1.10992,2.25,1.13
2011.08.25 05:59:37.209,1.10977,1.10992,1.50,1.13
2011.08.25 05:59:41.999,1.10978,1.10993,1.13,1.50
2011.08.25 05:59:42.669,1.10978,1.10994,1.88,1.13
2011.08.25 05:59:43.228,1.1098,1.10997,1.13,1.13
2011.08.25 05:59:43.679,1.1098,1.10997,1.13,1.13
2011.08.25 05:59:48.050,1.10979,1.10998,1.50,2.10
2011.08.25 05:59:48.172,1.1098,1.10998,1.50,2.10
2011.08.25 05:59:48.510,1.10981,1.10998,1.50,2.10
2011.08.25 05:59:52.799,1.1098,1.10997,1.50,3.75
2011.08.25 05:59:53.139,1.10976,1.10992,1.50,2.25
2011.08.25 05:59:53.648,1.10976,1.10991,1.50,1.50
2011.08.25 05:59:53.872,1.10979,1.10993,1.50,1.50
2011.08.25 05:59:53.992,1.10976,1.10993,2.25,2.25
2011.08.25 05:59:54.662,1.10979,1.10995,1.50,3.00
2011.08.25 05:59:54.999,1.10976,1.10992,1.50,1.50
2011.08.25 05:59:55.230,1.10981,1.10995,1.50,2.25
2011.08.25 05:59:55.462,1.10979,1.10995,1.50,2.25
2011.08.25 05:59:55.691,1.10976,1.10993,2.25,1.50
2011.08.25 05:59:55.924,1.10977,1.10995,1.88,2.25
2011.08.25 05:59:56.151,1.10983,1.10998,1.50,1.35
2011.08.25 05:59:56.270,1.10983,1.10999,1.50,1.35
2011.08.25 05:59:56.499,1.10981,1.10998,1.50,1.35
2011.08.25 05:59:58.030,1.10982,1.10998,1.50,2.10
2011.08.25 05:59:58.159,1.10982,1.10999,1.50,2.10
2011.08.25 05:59:58.280,1.10981,1.10998,1.50,1.35
2011.08.25 05:59:58.808,1.10981,1.10998,2.25,1.35
2011.08.25 05:59:59.138,1.10979,1.10995,1.50,1.50
