2013.06.12 20:00:00.112,1.2801,1.2803,1.69,1.32
2013.06.12 20:00:00.297,1.28005,1.28019,1.69,1.50
2013.06.12 20:00:00.357,1.28005,1.28019,1.69,1.13
2013.06.12 20:00:00.718,1.27995,1.28012,1.50,1.32
2013.06.12 20:00:00.778,1.27991,1.28012,1.69,1.69
2013.06.12 20:00:01.027,1.27995,1.28012,1.50,1.32
2013.06.12 20:00:01.087,1.28,1.28014,1.50,1.69
2013.06.12 20:00:01.747,1.27995,1.28014,2.44,1.13
2013.06.12 20:00:01.807,1.28004,1.28014,2.07,1.13
2013.06.12 20:00:01.927,1.28005,1.2802,1.32,1.13
2013.06.12 20:00:01.988,1.2801,1.28025,1.50,1.13
2013.06.12 20:00:02.444,1.2801,1.28027,1.69,2.25
2013.06.12 20:00:02.525,1.28007,1.28034,1.69,1.32
2013.06.12 20:00:02.706,1.2801,1.2803,1.69,1.50
2013.06.12 20:00:03.128,1.28008,1.28029,1.69,1.32
2013.06.12 20:00:03.636,1.28006,1.2802,1.69,1.50
2013.06.12 20:00:03.937,1.28003,1.28029,1.32,1.69
2013.06.12 20:00:03.997,1.28003,1.28029,2.07,1.69
2013.06.12 20:00:04.059,1.28005,1.2803,1.32,1.13
2013.06.12 20:00:04.118,1.28007,1.2803,1.69,1.13
2013.06.12 20:00:04.179,1.2801,1.28025,1.69,1.50
2013.06.12 20:00:05.039,1.2801,1.28025,1.69,1.50
2013.06.12 20:00:05.916,1.2801,1.2802,1.69,2.25
2013.06.12 20:00:05.977,1.28005,1.28014,1.32,1.50
2013.06.12 20:00:06.037,1.28003,1.28013,1.32,1.50
2013.06.12 20:00:06.277,1.27998,1.2801,2.44,1.50
2013.06.12 20:00:06.396,1.28002,1.28015,1.13,1.50
2013.06.12 20:00:06.847,1.28003,1.2802,1.13,1.69
2013.06.12 20:00:06.967,1.2801,1.28023,1.69,1.30
2013.06.12 20:00:07.268,1.28011,1.2803,1.69,1.50
2013.06.12 20:00:07.628,1.28009,1.28032,1.69,1.32
2013.06.12 20:00:07.987,1.28005,1.2802,2.82,1.68
2013.06.12 20:00:08.642,1.28005,1.28022,2.82,1.68
2013.06.12 20:00:08.888,1.2801,1.28025,1.69,1.68
2013.06.12 20:00:08.947,1.2801,1.28025,1.69,1.50
2013.06.12 20:00:09.067,1.28012,1.28025,1.32,1.50
2013.06.12 20:00:09.129,1.28012,1.2803,1.69,1.50
2013.06.12 20:00:09.306,1.2801,1.28025,1.69,1.50
2013.06.12 20:00:09.427,1.2801,1.28022,1.69,1.50
2013.06.12 20:00:09.737,1.28005,1.2802,1.69,1.50
2013.06.12 20:00:09.797,1.28005,1.2802,1.69,1.50
2013.06.12 20:00:09.916,1.28005,1.2802,2.44,1.50
2013.06.12 20:00:10.096,1.28005,1.28026,2.44,1.50
2013.06.12 20:00:10.217,1.2801,1.2803,1.69,1.69
2013.06.12 20:00:11.027,1.2801,1.2803,2.07,1.69
2013.06.12 20:00:11.467,1.28007,1.2802,1.69,1.50
2013.06.12 20:00:13.566,1.28006,1.28025,1.69,1.50
2013.06.12 20:00:13.686,1.28008,1.28025,1.13,1.50
2013.06.12 20:00:14.071,1.28008,1.28025,1.13,1.50
2013.06.12 20:00:15.016,1.28009,1.28025,1.50,1.50
2013.06.12 20:00:15.082,1.2801,1.28025,1.50,1.50
2013.06.12 20:00:15.327,1.2801,1.28025,1.50,1.50
2013.06.12 20:00:15.637,1.28004,1.2802,2.07,1.50
2013.06.12 20:00:17.246,1.28006,1.28025,1.69,1.69
2013.06.12 20:00:17.307,1.2801,1.28025,1.50,1.69
2013.06.12 20:00:18.299,1.28005,1.28025,1.69,1.69
2013.06.12 20:00:20.316,1.2801,1.28025,1.50,1.69
2013.06.12 20:00:21.186,1.2801,1.2803,1.50,1.69
2013.06.12 20:00:24.687,1.2801,1.28029,2.44,1.32
2013.06.12 20:00:25.616,1.28014,1.28029,1.50,2.07
2013.06.12 20:00:25.856,1.28017,1.2803,1.50,1.69
2013.06.12 20:00:25.977,1.28017,1.2803,1.50,1.69
2013.06.12 20:00:26.549,1.28011,1.2803,1.69,1.69
2013.06.12 20:00:26.669,1.28009,1.28025,2.82,1.50
2013.06.12 20:00:28.087,1.28009,1.28025,1.69,1.50
2013.06.12 20:00:28.637,1.28008,1.28025,1.69,1.50
2013.06.12 20:00:30.708,1.28008,1.28025,1.69,1.50
2013.06.12 20:00:30.768,1.28009,1.28025,1.69,1.50
2013.06.12 20:00:30.827,1.2801,1.28025,1.69,1.50
2013.06.12 20:00:31.317,1.2801,1.28025,1.69,1.50
2013.06.12 20:00:31.686,1.2801,1.28025,3.19,1.50
2013.06.12 20:00:33.616,1.28015,1.28025,1.35,1.50
2013.06.12 20:00:33.737,1.28013,1.28025,2.44,1.50
2013.06.12 20:00:33.797,1.28012,1.28025,1.69,1.50
2013.06.12 20:00:35.416,1.28009,1.28025,2.07,1.50
2013.06.12 20:00:35.476,1.28007,1.28031,2.07,1.32
2013.06.12 20:00:35.854,1.28006,1.2802,1.32,1.50
2013.06.12 20:00:38.690,1.28003,1.2802,1.69,1.50
2013.06.12 20:00:39.586,1.28003,1.2802,1.69,1.50
2013.06.12 20:00:40.201,1.28008,1.28025,1.69,1.50
2013.06.12 20:00:40.515,1.28022,1.2803,1.50,1.69
2013.06.12 20:00:40.817,1.28014,1.28025,3.64,1.50
2013.06.12 20:00:47.366,1.28014,1.28025,4.39,1.50
2013.06.12 20:00:47.488,1.28009,1.2802,4.13,1.50
2013.06.12 20:00:47.607,1.28009,1.2802,1.13,1.50
2013.06.12 20:00:49.617,1.28006,1.2802,2.07,1.50
2013.06.12 20:00:53.956,1.28006,1.2802,1.13,1.69
2013.06.12 20:00:54.317,1.2801,1.28024,1.50,1.69
2013.06.12 20:00:56.456,1.28006,1.28024,1.13,1.69
2013.06.12 20:00:56.726,1.28006,1.28025,2.07,1.69
2013.06.12 20:00:57.206,1.28006,1.28024,1.13,1.69
2013.06.12 20:00:57.507,1.28014,1.2802,1.50,1.69
2013.06.12 20:00:58.627,1.28016,1.28025,1.50,1.69
2013.06.12 20:00:58.946,1.28017,1.28025,1.50,1.69
2013.06.12 20:01:01.346,1.28017,1.28026,1.50,3.94
2013.06.12 20:01:01.467,1.28014,1.28026,1.50,1.69
2013.06.12 20:01:04.487,1.28014,1.28023,1.50,1.32
2013.06.12 20:01:04.547,1.28005,1.28021,2.25,1.69
2013.06.12 20:01:04.607,1.28005,1.2802,2.25,1.69
2013.06.12 20:01:05.289,1.28008,1.28023,1.50,1.69
2013.06.12 20:01:05.467,1.2801,1.28023,1.50,1.69
2013.06.12 20:01:05.708,1.28001,1.2802,1.13,1.69
2013.06.12 20:01:06.029,1.28005,1.28023,1.50,1.69
2013.06.12 20:01:07.427,1.28005,1.28023,1.50,1.69
2013.06.12 20:01:07.667,1.28,1.2802,1.50,1.69
2013.06.12 20:01:07.788,1.27999,1.28015,1.50,1.69
2013.06.12 20:01:08.297,1.27995,1.28015,1.50,1.69
2013.06.12 20:01:08.696,1.27995,1.28015,1.50,1.69
2013.06.12 20:01:10.226,1.27995,1.28015,1.50,1.69
2013.06.12 20:01:10.877,1.27995,1.28015,1.50,1.69
2013.06.12 20:01:11.216,1.27991,1.28006,1.13,1.50
2013.06.12 20:01:11.336,1.2799,1.28005,1.50,1.50
2013.06.12 20:01:11.459,1.27995,1.28015,1.50,2.07
2013.06.12 20:01:11.816,1.27995,1.28014,1.50,1.32
2013.06.12 20:01:12.846,1.2799,1.2801,1.50,1.69
2013.06.12 20:01:16.747,1.27986,1.28005,1.50,1.69
2013.06.12 20:01:18.726,1.27981,1.28,1.50,2.44
2013.06.12 20:01:19.027,1.27971,1.2799,1.50,1.69
2013.06.12 20:01:19.399,1.27971,1.2799,1.50,1.69
2013.06.12 20:01:19.946,1.27971,1.2799,1.50,1.69
2013.06.12 20:01:20.247,1.27965,1.27984,1.50,1.32
2013.06.12 20:01:20.606,1.2796,1.2798,2.25,1.69
2013.06.12 20:01:22.157,1.27958,1.27974,1.50,1.50
2013.06.12 20:01:22.217,1.27955,1.27967,1.50,1.69
2013.06.12 20:01:22.278,1.2795,1.27967,3.00,1.86
2013.06.12 20:01:22.636,1.2795,1.27967,3.00,2.61
2013.06.12 20:01:22.946,1.27955,1.27967,1.50,2.24
2013.06.12 20:01:23.187,1.27955,1.27967,1.50,2.61
2013.06.12 20:01:24.078,1.27955,1.27967,1.50,2.61
2013.06.12 20:01:24.436,1.27955,1.27966,1.50,1.11
2013.06.12 20:01:25.416,1.27955,1.27966,1.50,1.86
2013.06.12 20:01:25.837,1.2795,1.27964,1.50,1.11
2013.06.12 20:01:25.956,1.27945,1.27959,1.50,1.05
2013.06.12 20:01:26.078,1.27945,1.27959,1.50,2.82
2013.06.12 20:01:26.317,1.27945,1.27957,1.50,1.69
2013.06.12 20:01:26.677,1.27945,1.2796,1.50,1.69
2013.06.12 20:01:27.307,1.27949,1.27959,1.50,1.32
2013.06.12 20:01:27.366,1.2795,1.27961,1.50,1.32
2013.06.12 20:01:27.426,1.2795,1.27962,1.50,1.32
2013.06.12 20:01:27.487,1.27945,1.27963,1.50,1.32
2013.06.12 20:01:27.547,1.27945,1.27961,1.50,1.69
2013.06.12 20:01:27.906,1.27945,1.2796,1.50,1.32
2013.06.12 20:01:28.087,1.27945,1.27955,1.50,1.13
2013.06.12 20:01:28.147,1.2794,1.27955,1.50,1.32
2013.06.12 20:01:28.207,1.2794,1.27955,1.50,1.32
2013.06.12 20:01:29.137,1.2794,1.27955,1.50,1.69
2013.06.12 20:01:29.258,1.27935,1.27955,1.69,2.07
2013.06.12 20:01:29.807,1.27935,1.27953,1.50,1.69
2013.06.12 20:01:31.218,1.27935,1.27952,1.50,1.69
2013.06.12 20:01:33.527,1.2793,1.2795,1.69,1.69
2013.06.12 20:01:34.107,1.27935,1.2795,1.50,1.69
2013.06.12 20:01:34.467,1.27926,1.27945,1.69,1.50
2013.06.12 20:01:34.772,1.27925,1.2794,1.13,1.69
2013.06.12 20:01:36.517,1.27925,1.2794,1.50,2.44
2013.06.12 20:01:39.929,1.27925,1.27942,1.50,1.69
2013.06.12 20:01:39.989,1.27927,1.27945,1.69,1.69
2013.06.12 20:01:40.049,1.27927,1.27944,1.69,1.13
2013.06.12 20:01:40.407,1.27925,1.2794,1.50,2.44
2013.06.12 20:01:43.557,1.2792,1.27935,2.44,1.50
2013.06.12 20:01:43.617,1.2792,1.27935,1.69,1.69
2013.06.12 20:01:43.677,1.27917,1.27928,1.69,1.13
2013.06.12 20:01:43.797,1.2791,1.27925,1.50,1.69
2013.06.12 20:01:44.630,1.2791,1.27925,1.50,1.69
2013.06.12 20:01:44.938,1.27909,1.27925,1.69,1.69
2013.06.12 20:01:45.239,1.27905,1.27916,2.25,1.32
2013.06.12 20:01:46.347,1.279,1.27916,3.00,1.32
2013.06.12 20:01:48.157,1.279,1.27913,1.50,2.24
2013.06.12 20:01:50.467,1.279,1.27913,1.50,1.86
2013.06.12 20:01:52.476,1.279,1.27913,1.50,1.86
2013.06.12 20:01:53.049,1.27905,1.27913,1.50,2.24
2013.06.12 20:01:53.288,1.279,1.27913,1.50,1.86
2013.06.12 20:01:55.748,1.27905,1.27913,1.50,1.86
2013.06.12 20:01:55.807,1.2791,1.27917,1.50,1.11
2013.06.12 20:01:55.867,1.27911,1.2792,1.50,2.07
2013.06.12 20:01:56.053,1.2791,1.27924,1.50,1.69
2013.06.12 20:01:56.237,1.27905,1.27924,3.19,1.69
2013.06.12 20:01:56.637,1.27905,1.27924,3.19,1.69
2013.06.12 20:01:57.297,1.2791,1.27925,1.50,1.69
2013.06.12 20:01:58.373,1.27906,1.27925,1.69,1.69
2013.06.12 20:01:59.218,1.27905,1.27924,3.94,1.32
2013.06.12 20:01:59.577,1.27911,1.2792,1.50,1.69
2013.06.12 20:02:00.967,1.27911,1.2792,1.50,1.69
2013.06.12 20:02:01.997,1.27903,1.27923,1.69,1.69
2013.06.12 20:02:02.118,1.27902,1.2791,1.69,1.50
2013.06.12 20:02:02.178,1.27902,1.27905,1.69,1.50
2013.06.12 20:02:02.238,1.27899,1.27905,1.50,1.50
2013.06.12 20:02:02.357,1.27898,1.27905,3.75,1.50
2013.06.12 20:02:02.727,1.27898,1.2791,3.75,1.69
2013.06.12 20:02:03.027,1.27898,1.27904,3.75,3.38
2013.06.12 20:02:03.087,1.27895,1.27899,2.25,1.13
2013.06.12 20:02:03.207,1.27875,1.27891,2.37,1.68
2013.06.12 20:02:03.268,1.27881,1.27895,1.50,1.68
2013.06.12 20:02:03.327,1.27886,1.27895,1.50,1.50
2013.06.12 20:02:03.627,1.27876,1.27895,1.69,1.50
2013.06.12 20:02:04.727,1.27878,1.2789,1.32,1.50
2013.06.12 20:02:05.917,1.27878,1.27895,2.07,1.50
2013.06.12 20:02:05.977,1.27882,1.27896,1.13,1.69
2013.06.12 20:02:06.097,1.27882,1.27901,1.13,1.69
2013.06.12 20:02:06.161,1.27885,1.27903,1.69,1.32
2013.06.12 20:02:06.347,1.27895,1.2791,1.50,1.50
2013.06.12 20:02:06.707,1.27895,1.27911,1.69,1.13
2013.06.12 20:02:07.017,1.27892,1.2791,1.69,1.50
2013.06.12 20:02:07.337,1.27895,1.27914,1.69,1.32
2013.06.12 20:02:10.358,1.279,1.27917,1.13,1.32
2013.06.12 20:02:10.417,1.279,1.2792,1.13,2.82
2013.06.12 20:02:10.478,1.27905,1.27921,1.50,1.69
2013.06.12 20:02:10.540,1.27908,1.27925,1.13,2.07
2013.06.12 20:02:10.657,1.27915,1.2793,1.50,1.69
2013.06.12 20:02:10.778,1.27915,1.27935,1.50,1.69
2013.06.12 20:02:10.897,1.27915,1.2793,1.50,1.69
2013.06.12 20:02:11.445,1.2791,1.27925,1.50,1.50
2013.06.12 20:02:11.793,1.27908,1.27925,1.13,1.50
2013.06.12 20:02:12.257,1.2791,1.27925,1.50,1.50
2013.06.12 20:02:12.559,1.2791,1.2793,1.50,1.69
2013.06.12 20:02:12.957,1.2791,1.27927,1.50,1.69
2013.06.12 20:02:13.257,1.2791,1.27927,1.50,1.69
2013.06.12 20:02:13.377,1.27905,1.2792,1.50,1.69
2013.06.12 20:02:13.497,1.27905,1.27924,1.50,1.32
2013.06.12 20:02:13.737,1.27905,1.2792,1.50,1.69
2013.06.12 20:02:13.917,1.279,1.27915,1.50,1.69
2013.06.12 20:02:14.277,1.27899,1.27915,1.13,1.69
2013.06.12 20:02:15.937,1.279,1.27914,1.50,1.69
2013.06.12 20:02:16.257,1.279,1.2792,1.88,1.69
2013.06.12 20:02:16.378,1.27905,1.2792,1.50,1.69
2013.06.12 20:02:17.217,1.27902,1.2792,1.50,1.69
2013.06.12 20:02:19.937,1.27906,1.2792,1.69,1.50
2013.06.12 20:02:19.998,1.27904,1.2792,2.44,1.50
2013.06.12 20:02:20.417,1.27906,1.2792,1.32,1.50
2013.06.12 20:02:20.778,1.27905,1.2792,3.94,1.50
2013.06.12 20:02:20.897,1.2791,1.2792,1.69,1.50
2013.06.12 20:02:24.710,1.2791,1.2792,1.32,1.50
2013.06.12 20:02:24.829,1.27907,1.2792,1.32,1.50
2013.06.12 20:02:24.957,1.27903,1.27915,1.13,1.50
2013.06.12 20:02:25.077,1.27898,1.2791,1.32,1.50
2013.06.12 20:02:25.318,1.27891,1.27905,1.50,1.50
2013.06.12 20:02:25.377,1.27885,1.27905,2.44,1.50
2013.06.12 20:02:28.071,1.27884,1.27901,1.50,1.32
2013.06.12 20:02:28.187,1.27881,1.27901,1.69,1.32
2013.06.12 20:02:28.547,1.27886,1.27896,1.50,1.13
2013.06.12 20:02:29.678,1.27886,1.279,1.88,1.69
2013.06.12 20:02:29.738,1.27886,1.27902,3.60,1.32
2013.06.12 20:02:29.798,1.27885,1.27902,1.50,1.32
2013.06.12 20:02:29.917,1.2789,1.27902,1.50,1.32
2013.06.12 20:02:30.468,1.27885,1.27904,1.50,1.69
2013.06.12 20:02:31.868,1.27891,1.27905,1.50,1.69
2013.06.12 20:02:32.423,1.27888,1.27905,1.13,1.69
2013.06.12 20:02:33.763,1.27886,1.27904,1.13,2.07
2013.06.12 20:02:34.007,1.27885,1.27901,1.50,1.32
2013.06.12 20:02:34.787,1.27885,1.27901,1.50,1.32
2013.06.12 20:02:36.247,1.27885,1.27901,1.50,1.32
2013.06.12 20:02:36.633,1.2789,1.27904,1.88,1.69
2013.06.12 20:02:36.697,1.2789,1.27907,1.88,1.32
2013.06.12 20:02:36.828,1.2789,1.27908,1.88,1.69
2013.06.12 20:02:36.947,1.2789,1.27903,1.50,1.32
2013.06.12 20:02:37.187,1.27883,1.279,1.13,1.69
2013.06.12 20:02:41.107,1.27885,1.27905,1.50,2.44
2013.06.12 20:02:41.409,1.27894,1.27907,2.25,1.32
2013.06.12 20:02:41.468,1.27895,1.2791,1.50,1.69
2013.06.12 20:02:41.708,1.27895,1.27911,1.50,1.86
2013.06.12 20:02:42.518,1.279,1.27911,1.50,1.68
2013.06.12 20:02:42.577,1.279,1.27917,1.50,3.19
2013.06.12 20:02:42.637,1.279,1.27917,1.50,3.19
2013.06.12 20:02:42.998,1.279,1.27913,1.50,1.32
2013.06.12 20:02:43.057,1.279,1.27911,1.50,1.50
2013.06.12 20:02:43.117,1.27895,1.27911,1.50,1.50
2013.06.12 20:02:43.177,1.27895,1.27908,1.50,1.13
2013.06.12 20:02:43.777,1.27892,1.2791,1.13,2.07
2013.06.12 20:02:45.948,1.2789,1.27908,1.88,1.32
2013.06.12 20:02:46.948,1.2789,1.27907,1.50,1.32
2013.06.12 20:02:47.288,1.2789,1.2791,1.50,1.69
2013.06.12 20:02:53.047,1.2789,1.27908,1.50,1.69
2013.06.12 20:02:53.107,1.27885,1.27905,1.50,1.69
2013.06.12 20:02:53.407,1.2789,1.27905,1.50,1.69
2013.06.12 20:02:54.238,1.2789,1.27905,1.50,1.69
2013.06.12 20:02:54.359,1.2789,1.27902,1.50,2.44
2013.06.12 20:02:55.217,1.2789,1.27902,1.50,1.69
2013.06.12 20:02:55.277,1.2788,1.27897,1.69,2.63
2013.06.12 20:02:55.337,1.2788,1.27897,1.69,2.63
2013.06.12 20:02:55.399,1.2788,1.279,1.50,1.69
2013.06.12 20:02:55.458,1.2788,1.279,1.50,1.69
2013.06.12 20:02:55.818,1.2788,1.279,1.50,2.07
2013.06.12 20:02:57.626,1.27878,1.27895,1.50,1.69
2013.06.12 20:02:57.747,1.27875,1.27895,1.50,1.69
2013.06.12 20:02:58.006,1.27875,1.27895,1.50,2.44
2013.06.12 20:02:58.906,1.27875,1.27893,1.50,3.94
2013.06.12 20:02:59.717,1.2787,1.27888,1.50,1.69
2013.06.12 20:03:02.836,1.2787,1.27889,1.50,1.69
2013.06.12 20:03:02.957,1.2788,1.27895,1.50,2.07
2013.06.12 20:03:03.258,1.2788,1.27895,1.50,2.82
2013.06.12 20:03:03.929,1.2788,1.27895,1.50,2.44
2013.06.12 20:03:04.049,1.27875,1.2789,1.50,1.69
2013.06.12 20:03:10.496,1.27878,1.2789,1.50,1.32
2013.06.12 20:03:10.556,1.27878,1.2789,2.44,1.13
2013.06.12 20:03:10.616,1.2788,1.27894,1.69,3.00
2013.06.12 20:03:10.677,1.2788,1.27894,1.50,2.63
2013.06.12 20:03:10.797,1.2788,1.27894,1.50,3.94
2013.06.12 20:03:10.917,1.27895,1.27908,1.50,1.32
2013.06.12 20:03:11.336,1.27889,1.27903,1.13,1.13
2013.06.12 20:03:11.396,1.27885,1.27903,3.57,1.13
2013.06.12 20:03:11.516,1.27885,1.27903,2.82,1.13
2013.06.12 20:03:11.637,1.2789,1.27905,1.50,1.50
2013.06.12 20:03:11.876,1.27896,1.27905,1.13,1.50
2013.06.12 20:03:11.996,1.27888,1.279,1.88,1.50
2013.06.12 20:03:12.056,1.27885,1.279,1.32,1.50
2013.06.12 20:03:12.176,1.2788,1.27895,1.69,1.50
2013.06.12 20:03:12.236,1.2788,1.27895,1.69,1.50
2013.06.12 20:03:12.416,1.27881,1.27895,1.13,1.50
2013.06.12 20:03:12.956,1.27879,1.27895,1.13,1.69
2013.06.12 20:03:13.917,1.2788,1.27895,1.50,1.69
2013.06.12 20:03:15.074,1.27879,1.27895,1.13,1.69
2013.06.12 20:03:15.388,1.2788,1.27895,1.50,1.69
2013.06.12 20:03:17.086,1.2788,1.27897,1.13,1.32
2013.06.12 20:03:17.146,1.2789,1.27903,1.50,1.69
2013.06.12 20:03:17.206,1.2789,1.279,1.50,1.69
2013.06.12 20:03:17.266,1.27885,1.27898,1.50,1.69
2013.06.12 20:03:17.327,1.27885,1.27897,1.50,1.32
2013.06.12 20:03:17.626,1.27879,1.27895,1.50,1.69
2013.06.12 20:03:17.806,1.27875,1.27887,1.50,1.13
2013.06.12 20:03:20.147,1.27877,1.27895,1.13,1.69
2013.06.12 20:03:20.207,1.27882,1.27895,1.50,2.07
2013.06.12 20:03:20.266,1.27882,1.27892,1.13,1.32
2013.06.12 20:03:20.447,1.27875,1.2789,1.50,1.69
2013.06.12 20:03:20.508,1.27875,1.2789,1.50,1.69
2013.06.12 20:03:20.627,1.2787,1.2789,1.50,2.44
2013.06.12 20:03:20.866,1.2787,1.2789,1.50,2.44
2013.06.12 20:03:27.176,1.2787,1.27882,1.50,1.50
2013.06.12 20:03:27.818,1.2787,1.27882,1.50,1.50
2013.06.12 20:03:33.874,1.2787,1.27887,1.50,1.32
2013.06.12 20:03:33.942,1.27875,1.2789,1.50,1.69
2013.06.12 20:03:34.066,1.27875,1.27885,1.50,1.13
2013.06.12 20:03:36.637,1.27872,1.27885,1.69,1.13
2013.06.12 20:03:36.817,1.27874,1.27888,1.32,1.50
2013.06.12 20:03:38.336,1.27877,1.27888,1.32,1.50
2013.06.12 20:03:38.528,1.27881,1.27895,1.69,1.50
2013.06.12 20:03:38.647,1.27883,1.27895,1.32,1.50
2013.06.12 20:03:38.706,1.27887,1.279,1.13,1.50
2013.06.12 20:03:38.826,1.27884,1.279,1.32,1.50
2013.06.12 20:03:39.186,1.27875,1.27892,2.82,1.13
2013.06.12 20:03:40.219,1.27877,1.27891,1.69,1.13
2013.06.12 20:03:41.438,1.27877,1.27889,1.69,1.13
2013.06.12 20:03:43.637,1.27877,1.27895,1.69,1.50
2013.06.12 20:03:44.217,1.27875,1.27895,1.69,1.69
2013.06.12 20:03:44.460,1.2788,1.27893,1.69,1.13
2013.06.12 20:03:44.757,1.2788,1.27896,2.44,1.13
2013.06.12 20:03:47.476,1.27885,1.27905,1.69,1.69
2013.06.12 20:03:47.836,1.27885,1.27905,1.69,1.69
2013.06.12 20:03:48.377,1.27885,1.27905,1.69,2.44
2013.06.12 20:03:51.059,1.27885,1.27905,1.69,2.44
2013.06.12 20:03:52.467,1.27885,1.27903,2.07,1.13
2013.06.12 20:03:53.647,1.27892,1.27903,1.50,1.13
2013.06.12 20:03:53.706,1.27898,1.27915,1.13,1.69
2013.06.12 20:03:53.766,1.279,1.27911,1.50,1.13
2013.06.12 20:03:54.067,1.279,1.27914,1.50,1.69
2013.06.12 20:03:54.406,1.27895,1.2791,1.50,1.32
2013.06.12 20:03:54.466,1.27895,1.2791,1.50,1.69
2013.06.12 20:03:54.586,1.27895,1.2791,1.50,1.69
2013.06.12 20:03:56.456,1.27895,1.27913,1.50,1.69
2013.06.12 20:03:58.727,1.27895,1.2791,1.50,1.69
2013.06.12 20:03:59.248,1.27895,1.2791,1.50,1.69
2013.06.12 20:03:59.805,1.27895,1.27908,1.50,1.69
2013.06.12 20:04:01.027,1.27895,1.27909,1.50,1.69
2013.06.12 20:04:01.087,1.279,1.27911,1.50,1.69
2013.06.12 20:04:01.147,1.279,1.27912,1.50,1.69
2013.06.12 20:04:01.267,1.27904,1.27912,1.50,1.32
2013.06.12 20:04:01.627,1.27905,1.27916,1.50,1.32
2013.06.12 20:04:01.687,1.27908,1.27916,1.50,1.32
2013.06.12 20:04:04.178,1.27909,1.27917,1.50,1.32
2013.06.12 20:04:04.238,1.27909,1.27917,1.50,1.32
2013.06.12 20:04:04.356,1.27914,1.27922,1.50,1.50
2013.06.12 20:04:04.417,1.27915,1.27922,1.50,1.13
2013.06.12 20:04:04.596,1.27915,1.27923,1.50,1.32
2013.06.12 20:04:05.336,1.27915,1.27923,1.50,1.13
2013.06.12 20:04:05.456,1.27915,1.27925,1.50,1.69
2013.06.12 20:04:06.548,1.27915,1.27925,1.50,1.69
2013.06.12 20:04:09.676,1.27915,1.27925,1.50,1.69
2013.06.12 20:04:12.679,1.27915,1.27928,1.50,1.69
2013.06.12 20:04:13.106,1.2792,1.27928,1.50,1.69
2013.06.12 20:04:13.566,1.27915,1.27927,1.50,1.69
2013.06.12 20:04:14.406,1.27915,1.27928,1.50,1.69
2013.06.12 20:04:15.346,1.27919,1.27929,1.50,2.44
2013.06.12 20:04:15.419,1.2792,1.27932,1.50,1.69
2013.06.12 20:04:15.877,1.2792,1.27932,1.50,1.69
2013.06.12 20:04:16.230,1.2792,1.27932,1.50,1.69
2013.06.12 20:04:16.538,1.27919,1.2793,1.50,1.69
2013.06.12 20:04:16.977,1.27924,1.2793,1.50,1.32
2013.06.12 20:04:17.037,1.27925,1.27935,1.50,2.44
2013.06.12 20:04:18.337,1.27925,1.27937,1.50,1.13
2013.06.12 20:04:18.396,1.27925,1.27937,1.50,1.13
2013.06.12 20:04:18.516,1.2793,1.27944,1.69,1.13
2013.06.12 20:04:18.577,1.2793,1.27949,1.69,1.13
2013.06.12 20:04:18.637,1.27935,1.27949,1.69,1.13
2013.06.12 20:04:18.698,1.27935,1.27949,1.69,1.13
2013.06.12 20:04:19.056,1.27945,1.27965,1.69,1.69
2013.06.12 20:04:19.176,1.27945,1.27957,1.69,1.13
2013.06.12 20:04:19.476,1.27945,1.2796,1.69,1.13
2013.06.12 20:04:19.796,1.27955,1.27966,1.50,2.07
2013.06.12 20:04:20.376,1.27955,1.27967,1.50,2.07
2013.06.12 20:04:20.886,1.27955,1.27967,1.50,1.13
2013.06.12 20:04:21.246,1.2795,1.2796,1.50,1.13
2013.06.12 20:04:21.306,1.27945,1.2796,1.69,1.50
2013.06.12 20:04:21.367,1.27945,1.2796,1.69,1.50
2013.06.12 20:04:22.276,1.27939,1.27959,1.69,2.25
2013.06.12 20:04:22.397,1.27937,1.27959,1.69,1.50
2013.06.12 20:04:22.946,1.27937,1.27955,1.69,1.88
2013.06.12 20:04:23.887,1.27935,1.27955,1.69,2.63
2013.06.12 20:04:27.258,1.27935,1.27955,1.69,2.63
2013.06.12 20:04:29.248,1.27935,1.2795,1.69,1.50
2013.06.12 20:04:32.416,1.27935,1.2795,1.69,1.88
2013.06.12 20:04:43.626,1.27934,1.2795,1.32,1.88
2013.06.12 20:04:44.186,1.27933,1.2795,1.32,1.88
2013.06.12 20:04:45.106,1.27934,1.27948,1.32,1.13
2013.06.12 20:04:45.233,1.2793,1.27945,2.07,1.50
2013.06.12 20:04:46.256,1.27932,1.27945,1.32,1.50
2013.06.12 20:04:46.757,1.27932,1.27948,1.32,1.13
2013.06.12 20:04:47.176,1.27932,1.2795,1.69,1.50
2013.06.12 20:04:47.296,1.27935,1.27954,1.69,1.13
2013.06.12 20:04:47.946,1.27935,1.27951,1.69,1.13
2013.06.12 20:04:48.247,1.2794,1.27952,1.50,1.13
2013.06.12 20:04:51.266,1.27935,1.27951,1.69,1.13
2013.06.12 20:04:51.746,1.27935,1.2795,1.69,1.13
2013.06.12 20:04:51.866,1.27935,1.27948,1.69,1.13
2013.06.12 20:04:51.926,1.27931,1.27947,1.32,1.13
2013.06.12 20:04:52.046,1.27931,1.27948,1.32,1.13
2013.06.12 20:04:52.166,1.27935,1.2795,1.69,1.88
2013.06.12 20:04:52.527,1.27935,1.27948,1.69,1.13
2013.06.12 20:04:52.896,1.27931,1.2795,1.32,1.13
2013.06.12 20:04:53.896,1.27935,1.2795,1.69,1.13
2013.06.12 20:04:54.399,1.27935,1.2795,1.69,1.13
2013.06.12 20:04:56.286,1.27935,1.2795,1.69,1.13
2013.06.12 20:04:56.481,1.2794,1.27952,1.69,1.13
2013.06.12 20:04:56.596,1.27935,1.2795,1.69,1.13
2013.06.12 20:05:00.034,1.27935,1.27955,1.69,1.50
2013.06.12 20:05:00.217,1.27935,1.27955,1.69,1.50
2013.06.12 20:05:00.576,1.27935,1.2795,1.69,1.13
2013.06.12 20:05:02.606,1.27935,1.27955,1.69,1.50
2013.06.12 20:05:02.947,1.2794,1.27958,1.50,1.69
2013.06.12 20:05:03.161,1.2794,1.27958,1.50,1.69
2013.06.12 20:05:03.348,1.2794,1.27953,1.50,1.50
2013.06.12 20:05:04.647,1.2794,1.27952,1.50,1.13
2013.06.12 20:05:04.827,1.27935,1.27955,1.69,1.50
2013.06.12 20:05:05.509,1.27935,1.27955,1.69,1.50
2013.06.12 20:05:07.576,1.2794,1.27955,1.50,1.50
2013.06.12 20:05:09.946,1.2794,1.27955,1.50,1.69
2013.06.12 20:05:10.186,1.27945,1.27958,1.50,1.69
2013.06.12 20:05:10.306,1.27945,1.27961,1.88,1.32
2013.06.12 20:05:10.427,1.2795,1.27963,1.50,1.13
2013.06.12 20:05:10.487,1.2795,1.27963,1.50,1.13
2013.06.12 20:05:11.106,1.27945,1.2796,1.69,1.13
2013.06.12 20:05:17.249,1.2795,1.27961,1.50,1.50
2013.06.12 20:05:17.309,1.27952,1.2797,1.32,2.07
2013.06.12 20:05:17.429,1.27955,1.2797,1.69,1.13
2013.06.12 20:05:17.550,1.27955,1.2797,1.32,1.13
2013.06.12 20:05:17.607,1.27955,1.27974,2.44,1.13
2013.06.12 20:05:17.966,1.27959,1.27975,1.32,2.63
2013.06.12 20:05:18.757,1.27959,1.27973,1.69,1.50
2013.06.12 20:05:18.817,1.27962,1.27973,1.32,1.50
2013.06.12 20:05:18.937,1.2797,1.27985,1.69,1.88
2013.06.12 20:05:18.998,1.27974,1.27987,1.32,1.50
2013.06.12 20:05:19.057,1.27975,1.27989,1.69,1.13
2013.06.12 20:05:19.117,1.27975,1.27989,1.69,1.13
2013.06.12 20:05:19.766,1.27975,1.27989,1.69,1.50
2013.06.12 20:05:21.156,1.27975,1.27988,1.32,1.13
2013.06.12 20:05:21.467,1.2797,1.27985,1.32,1.50
2013.06.12 20:05:25.726,1.2797,1.27988,2.07,1.13
2013.06.12 20:05:30.198,1.27974,1.27985,1.32,1.50
2013.06.12 20:05:30.556,1.27973,1.27985,1.32,1.50
2013.06.12 20:05:32.257,1.27973,1.27982,1.13,1.50
2013.06.12 20:05:32.617,1.27966,1.27975,1.32,1.50
2013.06.12 20:05:33.886,1.27966,1.2798,1.69,1.50
2013.06.12 20:05:34.596,1.27969,1.2798,1.32,1.50
2013.06.12 20:05:35.446,1.27967,1.2798,1.69,1.50
2013.06.12 20:05:35.627,1.27967,1.27985,1.69,1.50
2013.06.12 20:05:36.946,1.27967,1.27985,1.69,1.50
2013.06.12 20:05:37.066,1.2797,1.27988,2.07,1.13
2013.06.12 20:05:37.247,1.27972,1.27985,1.32,1.50
2013.06.12 20:05:38.757,1.2797,1.27985,1.69,1.50
2013.06.12 20:05:39.717,1.2797,1.27982,1.50,1.13
2013.06.12 20:05:39.837,1.27965,1.27982,1.69,1.13
2013.06.12 20:05:40.667,1.2797,1.27982,1.50,1.13
2013.06.12 20:05:40.977,1.2797,1.27987,1.50,1.13
2013.06.12 20:05:41.337,1.27975,1.27995,1.50,1.69
2013.06.12 20:05:50.446,1.2798,1.27995,1.32,1.50
2013.06.12 20:05:50.906,1.27978,1.27995,1.32,1.50
2013.06.12 20:05:51.927,1.27978,1.27992,1.32,1.13
2013.06.12 20:05:52.227,1.2798,1.27995,1.69,1.50
2013.06.12 20:05:52.359,1.27987,1.28,1.32,1.50
2013.06.12 20:05:54.808,1.27985,1.28,1.69,1.50
2013.06.12 20:05:57.305,1.27984,1.28,1.69,1.50
2013.06.12 20:05:57.368,1.27984,1.28,1.69,1.50
2013.06.12 20:05:57.726,1.27984,1.28,2.07,1.50
2013.06.12 20:05:58.096,1.27984,1.28002,2.44,2.63
2013.06.12 20:05:58.158,1.27991,1.28002,1.32,1.50
2013.06.12 20:05:58.217,1.27991,1.28009,1.32,1.13
2013.06.12 20:05:58.787,1.27992,1.28006,1.32,1.50
2013.06.12 20:05:58.847,1.27992,1.28005,1.32,1.50
2013.06.12 20:06:01.029,1.27992,1.28004,1.69,1.13
2013.06.12 20:06:01.387,1.27988,1.28007,1.69,1.13
2013.06.12 20:06:01.806,1.27986,1.28,1.32,1.50
2013.06.12 20:06:02.136,1.27986,1.28007,1.32,1.13
2013.06.12 20:06:02.616,1.27986,1.28,1.32,1.50
2013.06.12 20:06:04.157,1.27988,1.28,1.32,1.50
2013.06.12 20:06:05.447,1.27988,1.28,2.07,1.50
2013.06.12 20:06:05.746,1.2799,1.28005,1.54,1.50
2013.06.12 20:06:05.867,1.2799,1.28007,1.54,1.13
2013.06.12 20:06:06.686,1.2799,1.28005,1.69,1.50
2013.06.12 20:06:06.992,1.27991,1.28005,1.32,1.50
2013.06.12 20:06:07.447,1.27991,1.28007,1.32,1.13
2013.06.12 20:06:09.437,1.27995,1.28007,1.13,1.50
2013.06.12 20:06:13.428,1.27995,1.28015,1.43,1.50
2013.06.12 20:06:15.226,1.27995,1.28007,1.50,1.50
2013.06.12 20:06:17.260,1.27996,1.28007,1.69,1.50
2013.06.12 20:06:22.260,1.27995,1.28007,1.32,1.13
2013.06.12 20:06:26.833,1.27994,1.28007,1.32,1.13
2013.06.12 20:06:29.488,1.27992,1.28007,1.32,1.13
2013.06.12 20:06:30.007,1.27993,1.28005,1.32,1.50
2013.06.12 20:06:30.188,1.27994,1.28005,1.32,1.50
2013.06.12 20:06:30.247,1.27992,1.28008,1.69,1.13
2013.06.12 20:06:30.548,1.27993,1.28008,1.32,1.13
2013.06.12 20:06:32.357,1.27991,1.28008,1.32,1.13
2013.06.12 20:06:33.356,1.27993,1.28008,1.32,1.13
2013.06.12 20:06:36.187,1.2799,1.28005,1.32,1.50
2013.06.12 20:06:37.977,1.2799,1.28005,1.32,1.50
2013.06.12 20:06:38.037,1.27992,1.28005,1.32,1.50
2013.06.12 20:06:38.517,1.27993,1.28005,1.13,1.50
2013.06.12 20:06:39.140,1.27993,1.28006,1.32,1.50
2013.06.12 20:06:39.328,1.27993,1.28005,1.32,1.50
2013.06.12 20:06:42.378,1.27992,1.28005,1.32,1.50
2013.06.12 20:06:43.366,1.27992,1.28006,1.32,1.50
2013.06.12 20:06:43.487,1.27992,1.28005,1.32,1.50
2013.06.12 20:06:43.606,1.27992,1.28006,1.32,1.50
2013.06.12 20:06:45.086,1.27993,1.28005,1.32,1.50
2013.06.12 20:06:45.207,1.27993,1.28005,1.32,1.50
2013.06.12 20:06:49.437,1.27993,1.28001,1.32,1.50
2013.06.12 20:06:49.497,1.27993,1.28,1.32,1.50
2013.06.12 20:06:51.427,1.27992,1.28,1.32,1.50
2013.06.12 20:06:52.940,1.27991,1.28001,2.07,1.50
2013.06.12 20:06:53.277,1.27991,1.28,1.13,1.50
2013.06.12 20:06:53.336,1.27988,1.28,1.32,1.50
2013.06.12 20:06:53.396,1.27988,1.28,1.32,1.50
2013.06.12 20:06:54.172,1.27988,1.28,1.32,1.50
2013.06.12 20:06:54.499,1.27988,1.27995,1.32,1.50
2013.06.12 20:06:54.898,1.27988,1.28,1.13,1.50
2013.06.12 20:06:55.457,1.27988,1.28005,1.13,1.50
2013.06.12 20:06:56.448,1.27988,1.28005,1.32,1.50
2013.06.12 20:06:56.697,1.2799,1.2801,1.69,1.50
2013.06.12 20:07:01.888,1.27992,1.28005,1.32,1.50
2013.06.12 20:07:01.949,1.27991,1.28005,1.13,1.50
2013.06.12 20:07:05.957,1.27993,1.28005,1.13,1.50
2013.06.12 20:07:06.077,1.27995,1.2801,1.13,1.88
2013.06.12 20:07:06.587,1.27995,1.2801,1.50,1.88
2013.06.12 20:07:08.007,1.27995,1.2801,1.50,1.88
2013.06.12 20:07:13.577,1.27995,1.28011,1.50,1.13
2013.06.12 20:07:20.198,1.27995,1.28013,1.88,1.32
2013.06.12 20:07:20.317,1.27995,1.2801,1.13,1.69
2013.06.12 20:07:20.437,1.27993,1.28008,1.13,1.13
2013.06.12 20:07:20.812,1.27999,1.28015,1.13,1.69
2013.06.12 20:07:21.129,1.28,1.28015,1.50,1.69
2013.06.12 20:07:22.196,1.28,1.28015,1.50,2.44
2013.06.12 20:07:24.608,1.27999,1.28014,1.13,1.32
2013.06.12 20:07:27.017,1.28,1.28013,1.13,1.32
2013.06.12 20:07:27.556,1.27995,1.28013,1.50,1.13
2013.06.12 20:07:28.077,1.27999,1.28015,1.13,1.69
2013.06.12 20:07:37.267,1.28,1.28015,1.13,1.69
2013.06.12 20:07:47.797,1.28,1.28015,1.50,1.69
2013.06.12 20:07:58.230,1.27997,1.28012,1.13,1.69
2013.06.12 20:07:58.738,1.27997,1.28014,1.13,1.69
2013.06.12 20:08:01.157,1.27995,1.2801,1.50,1.32
2013.06.12 20:08:01.217,1.27995,1.2801,1.50,2.07
2013.06.12 20:08:01.847,1.27995,1.2801,1.88,1.69
2013.06.12 20:08:02.206,1.27993,1.2801,1.13,1.50
2013.06.12 20:08:05.637,1.27992,1.2801,1.13,1.69
2013.06.12 20:08:05.940,1.27985,1.28,2.25,1.50
2013.06.12 20:08:06.973,1.27988,1.28005,1.13,1.69
2013.06.12 20:08:07.278,1.27988,1.28005,1.13,1.50
2013.06.12 20:08:08.796,1.27987,1.28,1.50,1.50
2013.06.12 20:08:10.967,1.27988,1.28005,1.13,1.50
2013.06.12 20:08:13.688,1.27989,1.28005,1.13,1.50
2013.06.12 20:08:13.927,1.27991,1.28005,1.13,1.50
2013.06.12 20:08:25.687,1.27988,1.28005,1.32,1.50
2013.06.12 20:08:30.587,1.27982,1.28,1.32,1.50
2013.06.12 20:08:31.850,1.2798,1.28,2.82,1.50
2013.06.12 20:08:40.317,1.27982,1.28,1.69,1.50
2013.06.12 20:08:48.107,1.27986,1.27998,1.32,1.13
2013.06.12 20:08:48.167,1.27982,1.27995,2.07,1.50
2013.06.12 20:08:48.227,1.27982,1.27995,1.13,1.50
2013.06.12 20:08:48.287,1.2798,1.2799,2.44,1.50
2013.06.12 20:08:48.670,1.2798,1.2799,1.69,1.50
2013.06.12 20:08:48.786,1.2798,1.27995,1.32,1.50
2013.06.12 20:08:49.207,1.27975,1.2799,1.13,1.50
2013.06.12 20:08:49.327,1.27973,1.27985,1.13,1.50
2013.06.12 20:08:49.447,1.27971,1.27985,1.32,1.50
2013.06.12 20:08:49.892,1.27975,1.2799,1.50,1.50
2013.06.12 20:08:50.347,1.27973,1.2799,1.13,1.50
2013.06.12 20:08:50.797,1.27973,1.27985,1.13,1.50
2013.06.12 20:08:53.209,1.27968,1.27985,1.32,1.50
2013.06.12 20:08:53.566,1.27968,1.27985,1.13,1.50
2013.06.12 20:08:55.317,1.27964,1.27982,1.69,1.13
2013.06.12 20:08:55.677,1.27958,1.27975,1.32,1.50
2013.06.12 20:08:55.858,1.27959,1.27975,1.69,1.50
2013.06.12 20:08:56.397,1.27958,1.27975,1.13,1.88
2013.06.12 20:08:56.817,1.27952,1.27968,1.50,1.13
2013.06.12 20:08:56.876,1.2795,1.27968,1.88,1.13
2013.06.12 20:08:57.057,1.2795,1.27965,1.13,1.50
2013.06.12 20:08:57.453,1.27945,1.27961,1.88,1.13
2013.06.12 20:08:57.817,1.27946,1.2796,1.13,1.50
2013.06.12 20:08:57.937,1.27947,1.2796,1.13,1.50
2013.06.12 20:08:58.467,1.27943,1.2796,1.13,1.50
2013.06.12 20:08:58.827,1.27945,1.2796,1.50,1.50
2013.06.12 20:09:00.217,1.2794,1.27957,1.69,1.13
2013.06.12 20:09:00.277,1.2794,1.27955,1.69,1.50
2013.06.12 20:09:01.247,1.2794,1.27955,1.50,1.88
2013.06.12 20:09:01.607,1.2793,1.27945,1.13,1.50
2013.06.12 20:09:02.267,1.27926,1.27939,1.13,1.13
2013.06.12 20:09:02.507,1.27927,1.27945,1.13,2.25
2013.06.12 20:09:02.746,1.27929,1.27945,1.50,2.25
2013.06.12 20:09:03.297,1.27927,1.27945,1.13,2.25
2013.06.12 20:09:04.967,1.27927,1.27945,1.13,1.88
2013.06.12 20:09:05.329,1.27935,1.27949,1.13,1.13
2013.06.12 20:09:05.630,1.27943,1.2796,1.13,1.88
2013.06.12 20:09:07.277,1.2794,1.27955,1.50,1.50
2013.06.12 20:09:08.117,1.2794,1.27955,1.50,1.50
2013.06.12 20:09:08.485,1.27943,1.27957,1.50,1.13
2013.06.12 20:09:08.547,1.27945,1.27957,1.50,1.13
2013.06.12 20:09:08.787,1.27945,1.27958,1.50,1.13
2013.06.12 20:09:09.207,1.27949,1.27961,1.13,1.13
2013.06.12 20:09:09.567,1.2795,1.27963,1.50,2.25
2013.06.12 20:09:09.646,1.2795,1.27965,1.50,1.50
2013.06.12 20:09:10.067,1.27953,1.27965,1.13,1.50
2013.06.12 20:09:10.307,1.2795,1.27965,1.50,1.50
2013.06.12 20:09:17.419,1.27955,1.27973,1.88,1.32
2013.06.12 20:09:17.482,1.27956,1.27975,1.32,1.50
2013.06.12 20:09:17.548,1.27955,1.27972,1.69,1.13
2013.06.12 20:09:20.187,1.27964,1.2798,1.13,1.50
2013.06.12 20:09:20.547,1.27966,1.2798,1.13,1.50
2013.06.12 20:09:22.359,1.27964,1.2798,1.13,1.50
2013.06.12 20:09:22.667,1.27973,1.27985,1.13,1.50
2013.06.12 20:09:23.027,1.27975,1.27991,1.50,1.13
2013.06.12 20:09:24.177,1.27975,1.2799,1.50,1.50
2013.06.12 20:09:24.763,1.27978,1.27995,1.13,1.69
2013.06.12 20:09:29.017,1.27972,1.27989,1.13,1.50
2013.06.12 20:09:29.137,1.27972,1.27987,1.13,1.50
2013.06.12 20:09:29.197,1.27971,1.27985,1.50,1.50
2013.06.12 20:09:30.287,1.27972,1.27986,1.13,1.50
2013.06.12 20:09:30.407,1.2797,1.27984,1.50,1.13
2013.06.12 20:09:30.906,1.2797,1.27984,1.50,1.13
2013.06.12 20:09:34.227,1.27968,1.2798,1.50,1.50
2013.06.12 20:09:35.039,1.27966,1.2798,1.13,1.50
2013.06.12 20:09:35.428,1.2796,1.27977,1.69,1.13
2013.06.12 20:09:35.607,1.2796,1.27975,1.50,1.50
2013.06.12 20:09:35.967,1.27965,1.27978,1.50,1.13
2013.06.12 20:09:36.481,1.27966,1.2798,1.13,1.50
2013.06.12 20:09:38.077,1.2796,1.27978,1.50,1.13
2013.06.12 20:09:38.137,1.27958,1.27975,1.32,1.50
2013.06.12 20:09:38.257,1.27957,1.2797,1.32,1.50
2013.06.12 20:09:38.737,1.27958,1.27975,1.13,1.50
2013.06.12 20:09:41.625,1.27958,1.27975,1.13,1.50
2013.06.12 20:09:41.968,1.27958,1.27975,1.13,1.50
2013.06.12 20:09:42.321,1.2796,1.27975,1.50,1.50
2013.06.12 20:09:44.508,1.2796,1.27976,1.50,1.13
2013.06.12 20:09:48.088,1.27958,1.27974,1.32,1.50
2013.06.12 20:09:48.207,1.27953,1.2797,1.69,1.50
2013.06.12 20:09:48.267,1.27953,1.2797,1.32,1.50
2013.06.12 20:09:49.131,1.27955,1.2797,1.50,1.88
2013.06.12 20:09:51.567,1.27955,1.27968,1.50,1.13
2013.06.12 20:09:51.627,1.27949,1.27965,1.13,1.50
2013.06.12 20:09:52.647,1.27946,1.27965,1.13,1.69
2013.06.12 20:09:52.887,1.27955,1.2797,1.50,1.32
2013.06.12 20:09:53.007,1.2796,1.2797,1.50,1.32
2013.06.12 20:09:55.161,1.2796,1.27971,1.50,1.69
2013.06.12 20:09:55.467,1.2796,1.27971,1.50,1.69
2013.06.12 20:09:55.817,1.27955,1.27971,1.50,1.69
2013.06.12 20:09:56.057,1.27955,1.27972,1.50,1.69
2013.06.12 20:09:56.177,1.27955,1.27972,1.50,1.69
2013.06.12 20:09:56.647,1.27955,1.27972,1.50,1.69
2013.06.12 20:09:57.015,1.2796,1.27972,1.50,1.69
2013.06.12 20:10:02.288,1.2796,1.27973,1.50,1.69
2013.06.12 20:10:02.587,1.27955,1.2797,1.50,1.69
2013.06.12 20:10:03.077,1.27955,1.2797,1.50,1.69
2013.06.12 20:10:03.317,1.27955,1.2797,1.50,2.44
2013.06.12 20:10:03.377,1.27954,1.27969,1.50,1.69
2013.06.12 20:10:03.498,1.2795,1.27965,1.50,1.69
2013.06.12 20:10:03.558,1.27945,1.27965,1.50,1.69
2013.06.12 20:10:03.617,1.27945,1.2796,1.50,1.50
2013.06.12 20:10:05.037,1.27935,1.27952,2.44,1.13
2013.06.12 20:10:05.098,1.27935,1.27949,1.69,1.13
2013.06.12 20:10:05.219,1.27931,1.27945,1.32,1.50
2013.06.12 20:10:05.337,1.2793,1.27945,2.25,1.50
2013.06.12 20:10:05.828,1.27931,1.27945,1.13,1.50
2013.06.12 20:10:05.947,1.2793,1.27945,1.50,1.88
2013.06.12 20:10:06.328,1.2793,1.27946,1.50,1.50
2013.06.12 20:10:06.907,1.27935,1.27953,1.50,1.13
2013.06.12 20:10:07.548,1.27934,1.27949,1.50,1.13
2013.06.12 20:10:07.667,1.27935,1.2795,1.50,1.69
2013.06.12 20:10:08.629,1.27935,1.27946,1.50,1.50
2013.06.12 20:10:08.747,1.27926,1.27944,1.13,1.13
2013.06.12 20:10:08.867,1.2793,1.27945,1.50,2.25
2013.06.12 20:10:09.233,1.27935,1.27947,1.50,1.13
2013.06.12 20:10:12.231,1.27925,1.27945,1.50,1.69
2013.06.12 20:10:14.538,1.27925,1.27945,1.50,1.50
2013.06.12 20:10:15.077,1.27925,1.27945,1.50,1.50
2013.06.12 20:10:15.261,1.2792,1.2794,1.50,1.50
2013.06.12 20:10:15.557,1.27915,1.2793,1.50,1.50
2013.06.12 20:10:15.678,1.2791,1.27926,1.50,1.13
2013.06.12 20:10:15.859,1.27912,1.2793,1.13,1.88
2013.06.12 20:10:16.217,1.27915,1.27925,1.50,1.13
2013.06.12 20:10:16.278,1.2791,1.27921,1.50,1.50
2013.06.12 20:10:16.817,1.27906,1.27924,1.13,1.13
2013.06.12 20:10:16.998,1.27905,1.27921,1.50,1.50
2013.06.12 20:10:19.308,1.27905,1.27925,1.50,1.88
2013.06.12 20:10:19.547,1.27895,1.27906,1.50,1.13
2013.06.12 20:10:19.907,1.2789,1.27906,1.50,1.13
2013.06.12 20:10:20.267,1.2789,1.2791,1.50,1.50
2013.06.12 20:10:20.627,1.27885,1.27905,1.50,1.50
2013.06.12 20:10:23.027,1.27885,1.27905,1.50,1.50
2013.06.12 20:10:23.147,1.27885,1.279,1.50,1.50
2013.06.12 20:10:23.447,1.2788,1.279,1.50,1.50
2013.06.12 20:10:25.077,1.27885,1.279,1.50,1.50
2013.06.12 20:10:25.528,1.27885,1.279,1.50,1.50
2013.06.12 20:10:26.029,1.2788,1.27898,1.50,1.32
2013.06.12 20:10:26.227,1.2788,1.27898,1.50,1.32
2013.06.12 20:10:26.828,1.2788,1.27898,1.50,1.32
2013.06.12 20:10:28.978,1.2788,1.27898,1.50,1.32
2013.06.12 20:10:29.098,1.2788,1.27896,1.50,1.50
2013.06.12 20:10:29.538,1.2788,1.27895,1.50,1.13
2013.06.12 20:10:29.657,1.27875,1.27891,1.69,1.13
2013.06.12 20:10:30.018,1.2788,1.27894,1.50,1.13
2013.06.12 20:10:30.377,1.2788,1.27894,1.50,1.13
2013.06.12 20:10:32.933,1.27883,1.279,1.88,2.07
2013.06.12 20:10:33.177,1.27885,1.279,1.50,1.13
2013.06.12 20:10:34.518,1.27885,1.27899,1.50,1.13
2013.06.12 20:10:35.078,1.27885,1.279,1.50,1.13
2013.06.12 20:10:36.007,1.27882,1.27895,1.13,1.50
2013.06.12 20:10:36.787,1.2788,1.27896,1.50,1.13
2013.06.12 20:10:37.102,1.27878,1.27895,1.13,1.50
2013.06.12 20:10:39.156,1.27878,1.27891,1.13,1.50
2013.06.12 20:10:39.217,1.27875,1.2789,1.69,1.88
2013.06.12 20:10:39.909,1.2787,1.27887,1.50,1.13
2013.06.12 20:10:49.027,1.27865,1.27881,1.69,1.13
2013.06.12 20:10:49.525,1.27865,1.2788,1.69,1.50
2013.06.12 20:10:52.157,1.27865,1.2788,1.69,1.50
2013.06.12 20:10:52.277,1.27869,1.2788,1.50,1.50
2013.06.12 20:10:52.397,1.2787,1.27885,1.13,1.50
2013.06.12 20:10:58.248,1.27867,1.27885,1.32,1.88
2013.06.12 20:10:58.608,1.27876,1.2789,2.07,1.50
2013.06.12 20:10:58.668,1.27876,1.27893,2.07,1.13
2013.06.12 20:10:59.957,1.27877,1.27894,1.32,1.13
2013.06.12 20:11:00.847,1.27875,1.2789,2.07,1.13
2013.06.12 20:11:01.604,1.27875,1.27895,2.44,1.50
2013.06.12 20:11:02.027,1.2788,1.279,1.69,1.50
2013.06.12 20:11:02.538,1.2788,1.27896,1.69,1.50
2013.06.12 20:11:02.777,1.2788,1.279,1.69,1.50
2013.06.12 20:11:03.137,1.2788,1.279,1.69,1.50
2013.06.12 20:11:05.407,1.2788,1.279,1.69,1.50
2013.06.12 20:11:05.467,1.2788,1.279,1.69,1.50
2013.06.12 20:11:05.588,1.2788,1.279,1.69,1.50
2013.06.12 20:11:05.827,1.2788,1.279,1.69,1.50
2013.06.12 20:11:06.067,1.2788,1.279,1.69,1.50
2013.06.12 20:11:06.128,1.2788,1.279,1.69,1.50
2013.06.12 20:11:06.487,1.2788,1.279,1.69,1.50
2013.06.12 20:11:06.667,1.2788,1.279,1.69,1.50
2013.06.12 20:11:06.847,1.2788,1.279,1.69,1.50
2013.06.12 20:11:07.638,1.27881,1.27898,1.69,1.13
2013.06.12 20:11:07.700,1.27885,1.27901,1.69,1.13
2013.06.12 20:11:07.757,1.27887,1.27905,1.32,1.50
2013.06.12 20:11:07.877,1.2789,1.27905,1.69,1.13
2013.06.12 20:11:07.937,1.2789,1.2791,1.69,1.50
2013.06.12 20:11:08.907,1.2789,1.27908,2.07,1.13
2013.06.12 20:11:09.087,1.2789,1.27908,2.07,1.13
2013.06.12 20:11:09.327,1.2789,1.27906,1.69,1.13
2013.06.12 20:11:10.178,1.27895,1.27908,1.69,1.50
2013.06.12 20:11:10.537,1.27899,1.27912,1.69,1.13
2013.06.12 20:11:10.656,1.279,1.27912,1.69,1.13
2013.06.12 20:11:11.617,1.279,1.27912,1.69,1.13
2013.06.12 20:11:11.797,1.27895,1.2791,1.69,1.50
2013.06.12 20:11:13.148,1.279,1.2791,1.13,1.13
2013.06.12 20:11:13.207,1.27897,1.27915,1.69,1.50
2013.06.12 20:11:13.567,1.27905,1.27925,1.69,1.50
2013.06.12 20:11:13.927,1.27905,1.27925,1.69,1.50
2013.06.12 20:11:14.047,1.27905,1.27925,1.69,1.50
2013.06.12 20:11:14.358,1.2791,1.27926,1.13,1.13
2013.06.12 20:11:14.717,1.27915,1.27927,1.69,1.50
2013.06.12 20:11:15.939,1.27915,1.27935,1.69,1.50
2013.06.12 20:11:18.818,1.27915,1.27935,1.69,1.50
2013.06.12 20:11:19.182,1.27915,1.27935,1.69,1.50
2013.06.12 20:11:20.037,1.27925,1.2794,2.25,1.13
2013.06.12 20:11:20.158,1.2793,1.27945,1.50,1.50
2013.06.12 20:11:20.278,1.27925,1.2794,2.44,1.50
2013.06.12 20:11:20.398,1.27928,1.2794,1.32,1.13
2013.06.12 20:11:20.458,1.2793,1.27945,1.32,1.50
2013.06.12 20:11:20.577,1.2793,1.27947,1.69,1.13
2013.06.12 20:11:20.697,1.2793,1.27947,1.32,1.13
2013.06.12 20:11:21.497,1.2793,1.27945,2.44,1.50
2013.06.12 20:11:22.908,1.2793,1.2794,1.32,1.50
2013.06.12 20:11:23.147,1.27922,1.2794,1.32,1.88
2013.06.12 20:11:24.418,1.2792,1.27937,1.50,1.13
2013.06.12 20:11:24.848,1.27919,1.27935,1.13,1.50
2013.06.12 20:11:25.197,1.27912,1.27926,1.50,1.13
2013.06.12 20:11:25.317,1.2791,1.27925,1.13,1.50
2013.06.12 20:11:25.438,1.27908,1.27918,1.13,1.13
2013.06.12 20:11:25.676,1.27899,1.27917,1.13,1.13
2013.06.12 20:11:27.998,1.279,1.27917,1.50,1.13
2013.06.12 20:11:29.127,1.279,1.27917,1.69,1.13
2013.06.12 20:11:29.456,1.279,1.27915,1.69,1.50
2013.06.12 20:11:29.980,1.279,1.27912,1.69,1.13
2013.06.12 20:11:30.217,1.27895,1.2791,1.50,1.13
2013.06.12 20:11:35.977,1.27899,1.27913,1.13,2.25
2013.06.12 20:11:36.167,1.279,1.27917,1.50,1.50
2013.06.12 20:11:37.557,1.279,1.27917,1.50,1.13
2013.06.12 20:11:37.917,1.27905,1.27923,1.88,1.32
2013.06.12 20:11:38.397,1.2791,1.27928,1.88,1.32
2013.06.12 20:11:39.407,1.27916,1.27928,1.13,1.13
2013.06.12 20:11:39.767,1.27924,1.2794,1.13,1.50
2013.06.12 20:11:40.167,1.2792,1.2794,1.50,1.50
2013.06.12 20:11:45.128,1.2792,1.2794,1.50,1.69
2013.06.12 20:11:45.247,1.27928,1.2794,1.13,1.69
2013.06.12 20:11:45.307,1.27928,1.27946,1.88,1.32
2013.06.12 20:11:45.367,1.2793,1.27946,1.50,1.32
2013.06.12 20:11:45.488,1.2793,1.27946,1.50,1.69
2013.06.12 20:11:48.829,1.2793,1.27946,1.50,1.13
2013.06.12 20:11:58.908,1.27928,1.27945,1.13,1.50
2013.06.12 20:11:59.268,1.27922,1.2794,1.13,1.88
2013.06.12 20:11:59.817,1.27925,1.2794,1.50,1.88
2013.06.12 20:12:00.178,1.27922,1.2794,1.13,1.88
2013.06.12 20:12:00.537,1.27922,1.2794,1.13,1.88
2013.06.12 20:12:01.407,1.2792,1.27937,1.50,1.13
2013.06.12 20:12:01.728,1.2792,1.27935,1.50,1.50
2013.06.12 20:12:04.099,1.2792,1.27935,1.69,1.50
2013.06.12 20:12:10.760,1.27924,1.2794,1.88,1.50
2013.06.12 20:12:10.817,1.27925,1.2794,1.50,1.50
2013.06.12 20:12:30.558,1.2792,1.27937,1.32,1.50
2013.06.12 20:12:30.917,1.27915,1.2793,2.44,1.50
2013.06.12 20:13:05.577,1.27915,1.2793,2.44,1.50
2013.06.12 20:13:05.807,1.27921,1.27931,1.50,1.50
2013.06.12 20:13:06.374,1.27921,1.27935,1.50,1.50
2013.06.12 20:13:07.517,1.27921,1.27935,1.13,1.50
2013.06.12 20:13:14.830,1.27915,1.2793,1.69,1.13
2013.06.12 20:13:15.067,1.27912,1.27925,1.13,1.50
2013.06.12 20:13:15.368,1.27912,1.27928,1.13,1.13
2013.06.12 20:13:15.768,1.27912,1.27925,1.13,1.50
2013.06.12 20:13:18.157,1.27911,1.27926,1.32,1.13
2013.06.12 20:13:18.218,1.27921,1.27935,1.13,1.88
2013.06.12 20:13:18.278,1.27921,1.27935,2.07,1.13
2013.06.12 20:13:18.397,1.27921,1.27935,1.32,1.88
2013.06.12 20:13:18.517,1.27921,1.27935,1.13,1.88
2013.06.12 20:13:18.877,1.27921,1.27935,1.13,1.88
2013.06.12 20:13:19.417,1.27916,1.27931,1.32,1.50
2013.06.12 20:13:19.477,1.27916,1.2793,1.32,1.50
2013.06.12 20:13:20.317,1.27915,1.2793,1.69,1.88
2013.06.12 20:13:22.187,1.2792,1.27935,1.50,1.50
2013.06.12 20:13:22.488,1.2792,1.27937,1.50,1.13
2013.06.12 20:13:39.661,1.2792,1.27936,1.50,1.69
2013.06.12 20:13:39.798,1.2792,1.27935,1.50,3.19
2013.06.12 20:13:39.979,1.27925,1.27938,1.50,1.13
2013.06.12 20:13:40.307,1.27925,1.27938,1.50,1.13
2013.06.12 20:13:45.490,1.27925,1.27939,1.50,1.13
2013.06.12 20:13:45.609,1.2792,1.27933,1.69,1.50
2013.06.12 20:13:54.737,1.2792,1.27935,1.69,1.50
2013.06.12 20:13:55.097,1.27925,1.2794,1.50,1.13
2013.06.12 20:13:57.607,1.27925,1.27939,1.50,1.13
2013.06.12 20:13:58.127,1.27925,1.2794,1.50,1.13
2013.06.12 20:13:58.188,1.27924,1.2794,1.50,1.88
2013.06.12 20:13:58.747,1.27925,1.2794,1.50,1.88
2013.06.12 20:13:59.057,1.2792,1.2794,1.50,1.88
2013.06.12 20:13:59.598,1.27925,1.2794,1.50,1.88
2013.06.12 20:14:00.278,1.27915,1.27935,1.69,1.50
2013.06.12 20:14:00.517,1.27913,1.27928,1.32,1.13
2013.06.12 20:14:04.428,1.27915,1.2793,1.50,1.50
2013.06.12 20:14:05.120,1.27915,1.27928,1.50,1.13
2013.06.12 20:14:06.697,1.2791,1.27928,1.88,1.32
2013.06.12 20:14:07.069,1.2791,1.27927,1.88,1.13
2013.06.12 20:14:07.850,1.2791,1.27927,1.88,1.13
2013.06.12 20:14:08.598,1.27917,1.27928,1.13,1.13
2013.06.12 20:14:09.180,1.27915,1.27929,1.50,1.32
2013.06.12 20:14:11.599,1.27915,1.27929,1.50,1.32
2013.06.12 20:14:11.658,1.27915,1.27929,1.50,1.13
2013.06.12 20:14:11.778,1.27915,1.27932,1.50,1.13
2013.06.12 20:14:15.169,1.27915,1.27932,1.50,2.07
2013.06.12 20:14:15.478,1.27923,1.27932,1.13,1.13
2013.06.12 20:14:15.598,1.27924,1.27939,1.13,1.13
2013.06.12 20:14:15.838,1.27924,1.2794,1.13,2.07
2013.06.12 20:14:16.078,1.27924,1.2794,1.13,2.07
2013.06.12 20:14:16.438,1.27925,1.27941,1.50,1.32
2013.06.12 20:14:16.497,1.27927,1.2794,1.13,1.32
2013.06.12 20:14:16.798,1.27927,1.27941,1.13,1.32
2013.06.12 20:14:17.097,1.27935,1.27947,1.50,1.32
2013.06.12 20:14:17.217,1.27937,1.2795,1.13,1.69
2013.06.12 20:14:18.577,1.2793,1.27948,2.07,1.13
2013.06.12 20:14:18.938,1.27925,1.27945,1.50,1.69
2013.06.12 20:14:19.773,1.27931,1.27948,1.13,1.13
2013.06.12 20:14:19.841,1.27935,1.27951,1.50,1.13
2013.06.12 20:14:19.967,1.27935,1.27949,1.50,1.13
2013.06.12 20:14:20.638,1.27937,1.27955,1.13,3.57
2013.06.12 20:14:20.761,1.27945,1.27955,1.50,1.13
2013.06.12 20:14:21.117,1.2795,1.27961,1.13,2.25
2013.06.12 20:14:21.237,1.2795,1.27965,1.13,1.50
2013.06.12 20:14:22.077,1.27951,1.27966,1.50,1.13
2013.06.12 20:14:22.138,1.27953,1.27966,1.88,1.13
2013.06.12 20:14:22.197,1.27953,1.27966,1.88,1.13
2013.06.12 20:14:22.257,1.2796,1.27972,1.50,3.38
2013.06.12 20:14:22.379,1.27955,1.2797,1.50,1.50
2013.06.12 20:14:22.558,1.27961,1.27973,1.13,1.13
2013.06.12 20:14:22.918,1.27965,1.27979,1.50,1.50
2013.06.12 20:14:23.287,1.27965,1.27981,1.50,1.13
2013.06.12 20:14:23.958,1.27965,1.27975,1.50,2.25
2013.06.12 20:14:24.077,1.27956,1.27965,1.88,1.50
2013.06.12 20:14:24.197,1.27955,1.2797,1.50,1.50
2013.06.12 20:14:24.257,1.27955,1.27974,1.50,1.13
2013.06.12 20:14:24.747,1.2796,1.27976,1.88,1.50
2013.06.12 20:14:24.867,1.2796,1.27974,1.88,1.13
2013.06.12 20:14:24.927,1.2796,1.2798,1.88,1.50
2013.06.12 20:14:25.287,1.2796,1.27975,1.50,1.50
2013.06.12 20:14:25.668,1.27957,1.27975,1.13,1.50
2013.06.12 20:14:31.117,1.2796,1.2798,1.13,2.44
2013.06.12 20:14:31.178,1.27966,1.2798,1.13,1.50
2013.06.12 20:14:31.417,1.27967,1.2798,1.13,1.50
2013.06.12 20:14:31.540,1.27965,1.27985,1.50,1.50
2013.06.12 20:14:31.599,1.2797,1.27988,1.50,1.13
2013.06.12 20:14:31.838,1.2797,1.27985,1.50,1.50
2013.06.12 20:14:32.202,1.2797,1.2799,1.50,1.50
2013.06.12 20:14:32.258,1.27976,1.2799,1.50,1.50
2013.06.12 20:14:32.497,1.27974,1.2799,1.13,1.50
2013.06.12 20:14:32.617,1.27977,1.2799,1.13,1.50
2013.06.12 20:14:32.737,1.27976,1.2799,1.50,1.50
2013.06.12 20:14:32.857,1.2797,1.27988,1.69,1.13
2013.06.12 20:14:32.918,1.2797,1.27988,1.50,1.32
2013.06.12 20:14:33.278,1.2797,1.27985,1.13,1.13
2013.06.12 20:14:33.398,1.2797,1.27984,1.50,1.13
2013.06.12 20:14:33.458,1.2797,1.27984,1.13,1.13
2013.06.12 20:14:33.697,1.27975,1.2799,1.50,1.50
2013.06.12 20:14:35.448,1.27975,1.27985,1.13,1.13
2013.06.12 20:14:35.508,1.27975,1.2799,1.50,1.69
2013.06.12 20:14:35.628,1.27977,1.2799,1.50,1.50
2013.06.12 20:14:35.867,1.27977,1.27995,1.13,1.69
2013.06.12 20:14:36.725,1.27977,1.2799,1.50,1.50
2013.06.12 20:14:37.477,1.2797,1.2799,1.69,1.50
2013.06.12 20:14:38.677,1.27972,1.27985,1.69,1.50
2013.06.12 20:14:39.227,1.2797,1.27985,1.69,1.50
2013.06.12 20:14:39.587,1.2797,1.27985,2.44,1.50
2013.06.12 20:14:39.817,1.2797,1.2799,2.44,1.50
2013.06.12 20:14:54.337,1.27977,1.27995,1.32,1.69
2013.06.12 20:14:54.457,1.2798,1.27997,1.13,2.07
2013.06.12 20:14:54.517,1.27985,1.27997,1.50,1.32
2013.06.12 20:14:54.637,1.27985,1.28,1.50,1.13
2013.06.12 20:14:55.237,1.27984,1.27997,1.13,1.13
2013.06.12 20:14:55.437,1.27984,1.27998,1.13,1.13
2013.06.12 20:14:55.738,1.2799,1.28005,1.50,1.50
2013.06.12 20:14:56.037,1.2799,1.28003,1.50,1.13
2013.06.12 20:14:57.428,1.2799,1.28007,1.50,1.32
2013.06.12 20:14:57.547,1.27993,1.28008,1.50,1.32
2013.06.12 20:14:57.668,1.27995,1.28009,1.50,2.07
2013.06.12 20:14:58.208,1.27995,1.28009,1.50,1.69
2013.06.12 20:14:58.890,1.27995,1.2801,1.50,2.82
2013.06.12 20:14:58.947,1.27995,1.28008,1.50,1.32
2013.06.12 20:14:59.228,1.27995,1.28009,1.50,1.69
2013.06.12 20:14:59.408,1.27997,1.28015,1.13,1.69
2013.06.12 20:14:59.468,1.27995,1.28015,1.50,1.32
2013.06.12 20:14:59.527,1.28,1.28018,1.50,1.13
2013.06.12 20:14:59.587,1.28,1.2802,1.50,1.69
2013.06.12 20:14:59.890,1.2801,1.28021,1.50,1.32
2013.06.12 20:15:00.077,1.2801,1.28022,1.50,1.13
2013.06.12 20:15:00.138,1.2801,1.28022,1.50,1.13
2013.06.12 20:15:01.107,1.28015,1.28027,1.50,1.32
2013.06.12 20:15:01.648,1.2801,1.28027,1.50,1.32
2013.06.12 20:15:01.767,1.2801,1.28027,1.50,1.32
2013.06.12 20:15:02.468,1.28005,1.28021,1.50,1.13
2013.06.12 20:15:04.487,1.28005,1.28021,1.50,1.13
2013.06.12 20:15:07.027,1.28004,1.28021,1.13,1.88
2013.06.12 20:15:07.087,1.28004,1.2802,1.13,1.50
2013.06.12 20:15:13.838,1.28001,1.2802,1.32,1.50
2013.06.12 20:15:13.958,1.2801,1.2802,1.13,1.50
2013.06.12 20:15:14.077,1.2801,1.28025,1.13,1.50
2013.06.12 20:15:14.398,1.2801,1.28025,1.13,1.50
2013.06.12 20:15:14.748,1.2801,1.28025,1.13,1.50
2013.06.12 20:15:15.608,1.28015,1.28025,1.13,1.50
2013.06.12 20:15:15.728,1.28023,1.28035,1.13,1.50
2013.06.12 20:15:15.848,1.28023,1.2804,1.13,1.50
2013.06.12 20:15:15.908,1.28025,1.2804,1.13,1.50
2013.06.12 20:15:16.148,1.28027,1.2804,1.13,1.50
2013.06.12 20:15:16.509,1.28029,1.28045,1.50,1.50
2013.06.12 20:15:17.962,1.28025,1.28045,1.50,1.50
2013.06.12 20:15:18.028,1.2803,1.2805,3.19,1.50
2013.06.12 20:15:18.577,1.28034,1.2805,1.50,1.50
2013.06.12 20:15:19.128,1.28031,1.28049,1.13,1.13
2013.06.12 20:15:19.477,1.2804,1.2805,1.13,1.13
2013.06.12 20:15:19.838,1.28029,1.28042,1.50,1.13
2013.06.12 20:15:19.898,1.28025,1.2804,1.13,1.50
2013.06.12 20:15:20.260,1.2802,1.28035,1.32,1.50
2013.06.12 20:15:20.318,1.2802,1.2803,1.13,1.50
2013.06.12 20:15:20.438,1.2801,1.28025,1.69,1.50
2013.06.12 20:15:20.498,1.2801,1.28025,1.69,1.50
2013.06.12 20:15:20.558,1.28008,1.28025,1.32,1.50
2013.06.12 20:15:21.019,1.28008,1.28025,1.32,1.50
2013.06.12 20:15:21.637,1.28017,1.28045,1.13,1.69
2013.06.12 20:15:21.698,1.2802,1.28047,1.13,1.32
2013.06.12 20:15:21.758,1.28031,1.28045,1.50,1.50
2013.06.12 20:15:21.818,1.28034,1.28045,1.13,1.50
2013.06.12 20:15:23.927,1.28035,1.2805,1.69,1.50
2013.06.12 20:15:24.288,1.28045,1.2806,3.75,1.50
2013.06.12 20:15:24.348,1.28044,1.2806,1.13,1.50
2013.06.12 20:15:24.468,1.28044,1.2806,1.13,1.50
2013.06.12 20:15:24.769,1.2804,1.2806,2.44,1.50
2013.06.12 20:15:25.740,1.28041,1.2806,3.19,1.50
2013.06.12 20:15:26.559,1.28047,1.2806,1.69,1.50
2013.06.12 20:15:26.677,1.28048,1.28065,1.69,1.50
2013.06.12 20:15:26.737,1.28048,1.2806,1.50,1.50
2013.06.12 20:15:28.877,1.28048,1.2806,2.44,1.50
2013.06.12 20:15:29.237,1.28049,1.2806,1.69,1.50
2013.06.12 20:15:29.477,1.28045,1.2806,2.44,1.50
2013.06.12 20:15:32.378,1.28049,1.2806,1.69,1.50
2013.06.12 20:15:32.437,1.2805,1.2807,1.69,1.50
2013.06.12 20:15:32.499,1.28056,1.2807,2.07,1.50
2013.06.12 20:15:32.618,1.28055,1.28075,2.44,2.82
2013.06.12 20:15:32.739,1.28055,1.28075,2.44,2.82
2013.06.12 20:15:32.798,1.28051,1.2807,1.32,1.69
2013.06.12 20:15:33.167,1.28051,1.2807,1.32,1.69
2013.06.12 20:15:33.467,1.28054,1.2807,1.13,1.69
2013.06.12 20:15:33.977,1.28054,1.28069,1.32,1.69
2013.06.12 20:15:34.718,1.28054,1.28068,2.07,1.69
2013.06.12 20:15:36.537,1.28054,1.28068,1.69,1.69
2013.06.12 20:15:38.869,1.28047,1.28065,3.94,1.50
2013.06.12 20:15:43.030,1.28055,1.2807,1.69,1.50
2013.06.12 20:15:43.387,1.2806,1.28075,1.69,1.50
2013.06.12 20:15:45.849,1.2806,1.2808,3.19,1.50
2013.06.12 20:15:45.908,1.2806,1.2808,3.19,1.50
2013.06.12 20:15:46.267,1.28071,1.28085,1.32,1.50
2013.06.12 20:15:46.458,1.28067,1.28085,1.69,1.50
2013.06.12 20:15:46.578,1.28079,1.2809,1.32,1.50
2013.06.12 20:15:46.638,1.2808,1.28095,1.50,1.69
2013.06.12 20:15:46.758,1.2808,1.28095,1.69,1.50
2013.06.12 20:15:46.938,1.28081,1.28095,1.32,1.50
2013.06.12 20:15:47.058,1.28077,1.2809,1.13,1.50
2013.06.12 20:15:47.177,1.28076,1.2809,1.13,1.50
2013.06.12 20:15:48.018,1.28076,1.2809,1.13,1.50
2013.06.12 20:15:49.307,1.28076,1.2809,1.69,1.50
2013.06.12 20:15:49.808,1.28076,1.2809,1.69,1.50
2013.06.12 20:15:50.047,1.28076,1.2809,1.69,1.50
2013.06.12 20:15:50.576,1.28076,1.2809,2.44,1.50
2013.06.12 20:15:51.675,1.28077,1.2809,1.32,1.50
2013.06.12 20:15:51.798,1.2808,1.28095,1.32,2.44
2013.06.12 20:15:52.380,1.28077,1.2809,1.69,1.50
2013.06.12 20:15:52.987,1.28073,1.2809,2.44,1.69
2013.06.12 20:15:53.227,1.28074,1.28085,1.69,1.69
2013.06.12 20:15:57.067,1.2807,1.28085,3.57,2.44
2013.06.12 20:15:57.128,1.28067,1.2808,2.07,1.69
2013.06.12 20:15:57.488,1.28063,1.2807,1.12,1.50
2013.06.12 20:15:57.667,1.28055,1.2807,1.50,1.50
2013.06.12 20:15:58.563,1.28055,1.2807,1.50,1.50
2013.06.12 20:16:00.348,1.2805,1.2807,4.31,1.50
2013.06.12 20:16:00.719,1.28056,1.2807,1.31,1.50
2013.06.12 20:16:00.779,1.28066,1.28076,1.88,1.50
2013.06.12 20:16:00.841,1.28065,1.28085,1.50,2.07
2013.06.12 20:16:00.970,1.28067,1.28085,3.00,1.50
2013.06.12 20:16:01.688,1.28067,1.2808,3.00,1.50
2013.06.12 20:16:02.011,1.28067,1.2808,3.19,1.50
2013.06.12 20:16:02.348,1.28067,1.28085,3.19,1.50
2013.06.12 20:16:03.088,1.28068,1.28085,1.69,1.50
2013.06.12 20:16:04.499,1.2807,1.28085,1.69,1.50
2013.06.12 20:16:04.618,1.28069,1.2808,1.13,1.50
2013.06.12 20:16:04.678,1.28064,1.2808,1.69,1.50
2013.06.12 20:16:05.070,1.28063,1.2808,1.69,1.50
2013.06.12 20:16:06.378,1.28066,1.2808,1.69,1.69
2013.06.12 20:16:06.928,1.28068,1.2808,1.69,1.50
2013.06.12 20:16:07.268,1.28066,1.2808,1.69,1.50
2013.06.12 20:16:07.508,1.28064,1.2808,1.69,1.50
2013.06.12 20:16:08.108,1.28066,1.2808,1.69,1.69
2013.06.12 20:16:09.639,1.28066,1.2808,1.32,2.44
2013.06.12 20:16:10.259,1.28066,1.28075,1.32,1.50
2013.06.12 20:16:10.618,1.28063,1.28071,2.44,1.50
2013.06.12 20:16:10.679,1.28057,1.28065,1.69,1.50
2013.06.12 20:16:11.349,1.28053,1.28065,2.44,1.50
2013.06.12 20:16:11.409,1.28045,1.28065,1.50,1.50
2013.06.12 20:16:11.468,1.28049,1.28065,1.13,1.50
2013.06.12 20:16:11.588,1.28043,1.28059,1.13,1.13
2013.06.12 20:16:11.894,1.2804,1.28056,1.50,1.13
2013.06.12 20:16:12.198,1.28035,1.28053,1.88,1.13
2013.06.12 20:16:13.308,1.28035,1.2805,1.88,1.50
2013.06.12 20:16:13.668,1.28029,1.28045,1.69,1.50
2013.06.12 20:16:13.788,1.28031,1.28045,1.32,1.50
2013.06.12 20:16:13.908,1.28031,1.28045,1.13,1.50
2013.06.12 20:16:14.618,1.28031,1.28045,1.13,1.50
2013.06.12 20:16:14.948,1.28035,1.28049,1.50,1.13
2013.06.12 20:16:15.298,1.28035,1.28055,1.50,1.69
2013.06.12 20:16:16.758,1.28035,1.28049,1.50,1.13
2013.06.12 20:16:17.438,1.28035,1.28053,1.50,1.32
2013.06.12 20:16:17.498,1.28039,1.28055,1.13,1.69
2013.06.12 20:16:17.558,1.28039,1.28055,1.32,1.69
2013.06.12 20:16:17.988,1.28046,1.2806,1.32,1.88
2013.06.12 20:16:18.538,1.28042,1.28058,1.32,1.69
2013.06.12 20:16:18.599,1.28042,1.28058,1.32,1.69
2013.06.12 20:16:25.238,1.28042,1.28059,1.32,1.69
2013.06.12 20:16:25.358,1.28046,1.2806,1.32,1.69
2013.06.12 20:16:25.419,1.28046,1.28059,1.32,1.69
2013.06.12 20:16:25.768,1.28045,1.2806,1.69,2.44
2013.06.12 20:16:26.648,1.28045,1.28061,2.44,3.19
2013.06.12 20:16:31.077,1.28046,1.28061,1.69,1.32
2013.06.12 20:16:31.632,1.28047,1.28061,1.69,2.07
2013.06.12 20:16:32.529,1.28047,1.28061,1.69,1.69
2013.06.12 20:16:32.651,1.28044,1.28057,1.32,1.69
2013.06.12 20:16:32.898,1.28047,1.28061,1.69,1.69
2013.06.12 20:16:36.701,1.28048,1.28062,1.69,1.69
2013.06.12 20:16:38.778,1.28046,1.28064,1.13,1.13
2013.06.12 20:16:45.558,1.28047,1.28063,1.32,1.69
2013.06.12 20:16:48.219,1.28049,1.28063,1.69,1.69
2013.06.12 20:16:48.338,1.28047,1.2806,3.19,1.69
2013.06.12 20:16:49.453,1.28037,1.2805,1.69,1.50
2013.06.12 20:16:49.759,1.28039,1.28055,1.32,2.44
2013.06.12 20:16:49.878,1.2804,1.28055,2.82,1.69
2013.06.12 20:16:52.739,1.28041,1.28055,1.69,1.69
2013.06.12 20:16:53.198,1.2804,1.2805,2.82,1.50
2013.06.12 20:16:53.258,1.28031,1.28045,1.69,2.07
2013.06.12 20:16:53.318,1.28031,1.28045,1.32,2.07
2013.06.12 20:16:53.440,1.28026,1.2804,2.44,2.07
2013.06.12 20:16:53.498,1.2802,1.28038,3.94,2.82
2013.06.12 20:16:53.678,1.2802,1.2804,1.50,2.25
2013.06.12 20:16:54.158,1.2802,1.2804,1.50,1.50
2013.06.12 20:16:54.690,1.2802,1.2804,1.50,1.88
2013.06.12 20:16:54.808,1.28022,1.2804,1.50,1.13
2013.06.12 20:16:55.407,1.28022,1.28042,1.69,2.25
2013.06.12 20:16:56.808,1.28023,1.28042,1.69,2.07
2013.06.12 20:16:57.258,1.28025,1.2804,1.69,1.50
2013.06.12 20:16:57.380,1.2802,1.28039,1.50,1.13
2013.06.12 20:16:57.928,1.28025,1.28042,2.44,1.32
2013.06.12 20:16:57.988,1.28025,1.28042,2.44,1.32
2013.06.12 20:16:58.048,1.28026,1.28043,1.69,1.32
2013.06.12 20:16:58.169,1.2803,1.28046,1.69,1.69
2013.06.12 20:16:58.288,1.28032,1.28049,1.69,1.32
2013.06.12 20:16:59.728,1.28032,1.28049,1.69,1.32
2013.06.12 20:17:00.088,1.28034,1.28049,1.69,2.07
2013.06.12 20:17:01.587,1.28033,1.28049,1.69,2.07
2013.06.12 20:17:03.418,1.28031,1.28045,1.69,2.07
2013.06.12 20:17:07.958,1.28032,1.28046,1.69,1.69
2013.06.12 20:17:16.690,1.2804,1.28048,1.50,2.44
2013.06.12 20:17:16.808,1.28057,1.28073,2.44,1.69
2013.06.12 20:17:16.867,1.28071,1.2809,1.32,1.50
2013.06.12 20:17:16.987,1.28075,1.2809,1.69,1.50
2013.06.12 20:17:17.408,1.28071,1.2809,2.07,1.50
2013.06.12 20:17:17.898,1.28076,1.2809,1.13,1.50
2013.06.12 20:17:20.428,1.28071,1.2809,2.07,1.13
2013.06.12 20:17:20.489,1.28073,1.28095,1.32,1.69
2013.06.12 20:17:20.835,1.28071,1.2809,1.32,1.69
2013.06.12 20:17:22.902,1.28075,1.28094,2.44,1.69
2013.06.12 20:17:22.958,1.28076,1.28094,1.69,1.32
2013.06.12 20:17:24.528,1.28074,1.28091,2.82,1.32
2013.06.12 20:17:25.068,1.28074,1.28091,2.82,1.32
2013.06.12 20:17:25.939,1.28073,1.2809,2.82,1.69
2013.06.12 20:17:28.528,1.2807,1.28088,2.82,2.44
2013.06.12 20:17:30.948,1.28065,1.28081,1.69,1.32
2013.06.12 20:17:31.069,1.2806,1.28086,1.13,1.69
2013.06.12 20:17:31.128,1.28057,1.28086,1.13,1.69
2013.06.12 20:17:31.248,1.28056,1.2809,1.13,3.57
2013.06.12 20:17:33.651,1.28062,1.2808,3.00,1.69
2013.06.12 20:17:33.779,1.28077,1.28094,1.50,1.13
2013.06.12 20:17:33.900,1.28072,1.28095,1.69,1.88
2013.06.12 20:17:33.959,1.28075,1.28099,1.69,1.13
2013.06.12 20:17:34.079,1.2808,1.28109,1.13,1.13
2013.06.12 20:17:34.198,1.28091,1.28109,1.13,1.32
2013.06.12 20:17:34.558,1.28085,1.281,1.69,1.50
2013.06.12 20:17:35.928,1.2809,1.28105,1.50,1.50
2013.06.12 20:17:36.047,1.2809,1.2811,2.25,1.50
2013.06.12 20:17:36.108,1.28104,1.2811,1.50,1.50
2013.06.12 20:17:36.228,1.28109,1.28116,1.50,1.13
2013.06.12 20:17:36.467,1.28105,1.2814,3.57,1.69
2013.06.12 20:17:36.768,1.28102,1.2814,1.13,1.69
2013.06.12 20:17:37.308,1.281,1.2814,2.45,1.69
2013.06.12 20:17:37.609,1.28098,1.28135,1.32,1.69
2013.06.12 20:17:38.460,1.28095,1.28125,1.69,1.13
2013.06.12 20:17:38.521,1.28095,1.28125,1.13,1.13
2013.06.12 20:17:38.639,1.28088,1.28124,1.32,1.69
2013.06.12 20:17:39.548,1.28088,1.28119,1.32,1.32
2013.06.12 20:17:39.609,1.28088,1.28119,1.32,1.13
2013.06.12 20:17:39.790,1.2809,1.2812,1.69,1.69
2013.06.12 20:17:39.848,1.2809,1.28117,1.69,1.69
2013.06.12 20:17:40.035,1.2809,1.28117,2.44,1.69
2013.06.12 20:17:40.218,1.28092,1.28116,1.50,1.69
2013.06.12 20:17:40.579,1.28085,1.28105,2.07,1.50
2013.06.12 20:17:40.701,1.28081,1.28098,1.32,1.13
2013.06.12 20:17:40.760,1.28078,1.28098,1.69,1.13
2013.06.12 20:17:41.118,1.2807,1.28098,1.50,1.32
2013.06.12 20:17:41.178,1.28067,1.28098,2.25,1.32
2013.06.12 20:17:41.238,1.28067,1.28095,1.50,1.50
2013.06.12 20:17:42.198,1.28065,1.28095,1.50,1.69
2013.06.12 20:17:42.499,1.28075,1.28104,1.50,1.32
2013.06.12 20:17:42.682,1.28073,1.28104,1.50,2.07
2013.06.12 20:17:42.749,1.28073,1.28104,1.69,1.32
2013.06.12 20:17:42.808,1.28075,1.28105,1.50,1.69
2013.06.12 20:17:43.119,1.28077,1.28107,1.13,2.07
2013.06.12 20:17:43.458,1.2809,1.28104,1.50,1.13
2013.06.12 20:17:43.638,1.28095,1.28113,1.50,1.13
2013.06.12 20:17:43.759,1.281,1.28115,1.13,1.50
2013.06.12 20:17:44.928,1.28105,1.28117,1.13,1.13
2013.06.12 20:17:45.047,1.28102,1.28125,1.13,1.88
2013.06.12 20:17:45.228,1.28095,1.28128,1.69,2.07
2013.06.12 20:17:45.288,1.28095,1.28128,1.69,2.07
2013.06.12 20:17:45.467,1.28095,1.28115,2.26,1.88
2013.06.12 20:17:45.768,1.28092,1.28115,2.26,1.88
2013.06.12 20:17:46.128,1.28095,1.28115,1.50,1.50
2013.06.12 20:17:50.088,1.28097,1.2811,1.69,1.50
2013.06.12 20:17:50.858,1.28097,1.2811,2.07,1.50
2013.06.12 20:17:51.099,1.28098,1.28115,1.69,2.07
2013.06.12 20:17:51.608,1.28098,1.28115,1.69,2.07
2013.06.12 20:17:52.658,1.281,1.28115,1.69,2.07
2013.06.12 20:17:52.778,1.28097,1.28115,2.07,2.07
2013.06.12 20:17:52.898,1.281,1.28115,1.69,2.07
2013.06.12 20:17:54.508,1.28101,1.28115,1.32,1.69
2013.06.12 20:17:56.798,1.28098,1.28115,1.13,1.50
2013.06.12 20:17:57.058,1.281,1.2812,1.88,1.50
2013.06.12 20:17:57.119,1.281,1.2812,1.50,1.50
2013.06.12 20:17:57.237,1.281,1.2812,1.50,1.50
2013.06.12 20:17:57.599,1.28101,1.28119,1.13,1.13
2013.06.12 20:17:57.838,1.28098,1.28115,1.13,1.50
2013.06.12 20:18:04.348,1.28096,1.28115,1.32,1.50
2013.06.12 20:18:04.678,1.281,1.28115,1.50,1.69
2013.06.12 20:18:10.239,1.28105,1.2812,1.50,1.69
2013.06.12 20:18:10.857,1.28104,1.28121,2.25,2.07
2013.06.12 20:18:12.427,1.28104,1.2812,2.25,1.69
2013.06.12 20:18:12.488,1.28104,1.28119,2.25,1.32
2013.06.12 20:18:13.773,1.28101,1.28117,2.25,1.69
2013.06.12 20:18:15.637,1.28103,1.28117,1.69,1.69
2013.06.12 20:18:16.627,1.28105,1.28117,1.69,1.69
2013.06.12 20:18:17.154,1.28105,1.28117,1.69,1.69
2013.06.12 20:18:17.376,1.28105,1.28117,1.69,1.69
2013.06.12 20:18:19.497,1.281,1.28119,1.69,1.69
2013.06.12 20:18:22.027,1.28096,1.28111,1.69,1.13
2013.06.12 20:18:22.388,1.28098,1.28109,1.69,1.69
2013.06.12 20:18:22.568,1.28095,1.28109,2.44,2.44
2013.06.12 20:18:25.028,1.28095,1.28108,1.69,1.32
2013.06.12 20:18:25.308,1.28095,1.28108,1.69,1.32
2013.06.12 20:18:27.068,1.2809,1.28108,1.50,1.13
2013.06.12 20:18:29.199,1.28086,1.28105,1.32,1.88
2013.06.12 20:18:29.378,1.28086,1.281,1.13,1.50
2013.06.12 20:18:29.438,1.28086,1.281,1.13,1.50
2013.06.12 20:18:29.562,1.28084,1.28096,1.13,1.13
2013.06.12 20:18:29.688,1.2808,1.28096,1.50,1.13
2013.06.12 20:18:30.448,1.2808,1.28095,1.50,1.50
2013.06.12 20:18:32.180,1.28076,1.28095,1.13,1.50
2013.06.12 20:18:32.558,1.28076,1.28095,1.13,1.50
2013.06.12 20:18:32.917,1.28073,1.28085,1.13,1.50
2013.06.12 20:18:37.458,1.28073,1.28085,2.07,1.50
2013.06.12 20:18:37.765,1.28074,1.28085,2.82,1.50
2013.06.12 20:18:38.408,1.28076,1.2809,1.32,1.50
2013.06.12 20:18:38.868,1.28073,1.2809,2.44,1.50
2013.06.12 20:18:41.299,1.28075,1.2809,1.32,1.50
2013.06.12 20:18:41.358,1.28076,1.2809,2.44,1.50
2013.06.12 20:18:41.660,1.2808,1.28093,1.50,1.50
2013.06.12 20:18:41.840,1.2807,1.2809,2.44,1.50
2013.06.12 20:18:41.899,1.2807,1.2809,2.44,1.50
2013.06.12 20:18:44.268,1.28075,1.2809,1.69,1.50
2013.06.12 20:18:45.139,1.28082,1.28096,2.82,1.50
2013.06.12 20:18:45.259,1.28082,1.281,3.19,1.50
2013.06.12 20:18:45.440,1.28081,1.281,1.32,1.50
2013.06.12 20:18:45.889,1.28081,1.281,1.32,1.50
2013.06.12 20:18:51.178,1.28086,1.281,1.32,1.69
2013.06.12 20:18:52.498,1.28082,1.28095,1.32,1.50
2013.06.12 20:18:52.798,1.28079,1.2809,1.32,1.50
2013.06.12 20:18:53.099,1.28074,1.28088,1.13,1.50
2013.06.12 20:18:53.454,1.28068,1.28085,1.88,1.50
2013.06.12 20:18:53.760,1.28068,1.28085,1.32,1.50
2013.06.12 20:18:53.878,1.28065,1.28085,1.32,1.50
2013.06.12 20:18:58.793,1.28065,1.28085,1.13,1.50
2013.06.12 20:18:59.428,1.28069,1.28085,2.44,1.50
2013.06.12 20:19:01.739,1.28075,1.28085,1.69,1.50
2013.06.12 20:19:02.048,1.2808,1.281,3.57,1.88
2013.06.12 20:19:02.169,1.2809,1.281,1.50,1.88
2013.06.12 20:19:02.528,1.2809,1.28105,3.94,1.50
2013.06.12 20:19:03.093,1.28095,1.28105,1.50,1.50
2013.06.12 20:19:04.038,1.28095,1.28105,1.50,1.50
2013.06.12 20:19:07.308,1.28097,1.2811,1.13,1.50
2013.06.12 20:19:07.868,1.28093,1.28105,2.82,1.50
2013.06.12 20:19:07.928,1.28093,1.28103,1.69,1.32
2013.06.12 20:19:07.989,1.2809,1.28103,1.69,1.32
2013.06.12 20:19:08.052,1.28085,1.28103,2.44,1.13
2013.06.12 20:19:12.219,1.2809,1.28105,3.57,1.69
2013.06.12 20:19:12.518,1.28086,1.28105,2.07,1.50
2013.06.12 20:19:14.521,1.2809,1.28105,1.69,1.50
2013.06.12 20:19:14.718,1.2809,1.28106,2.44,1.13
2013.06.12 20:19:17.159,1.28092,1.28106,1.69,1.13
2013.06.12 20:19:17.479,1.28092,1.28105,1.69,1.50
2013.06.12 20:19:18.758,1.2809,1.28105,1.50,1.50
2013.06.12 20:19:19.319,1.28089,1.28102,1.69,1.50
2013.06.12 20:19:19.379,1.28084,1.28097,1.13,1.13
2013.06.12 20:19:19.438,1.28082,1.28096,1.50,1.13
2013.06.12 20:19:19.738,1.28079,1.28092,1.13,1.50
2013.06.12 20:19:19.798,1.28078,1.2809,1.13,1.50
2013.06.12 20:19:19.918,1.28075,1.2809,2.44,1.50
2013.06.12 20:19:20.098,1.2808,1.28095,1.32,1.50
2013.06.12 20:19:21.208,1.28082,1.28095,1.32,1.50
2013.06.12 20:19:23.469,1.28082,1.28093,1.32,1.13
2013.06.12 20:19:23.529,1.28082,1.28093,1.32,1.13
2013.06.12 20:19:23.948,1.28082,1.28095,1.32,1.50
2013.06.12 20:19:25.089,1.28082,1.281,1.69,1.50
2013.06.12 20:19:25.675,1.28085,1.281,1.69,1.50
2013.06.12 20:19:26.229,1.28088,1.281,1.32,1.50
2013.06.12 20:19:28.538,1.28086,1.281,1.32,1.50
2013.06.12 20:19:29.318,1.28089,1.281,1.32,1.50
2013.06.12 20:19:33.117,1.28089,1.281,1.32,1.50
2013.06.12 20:19:33.938,1.28091,1.28103,1.32,1.13
2013.06.12 20:19:34.829,1.28093,1.28103,1.32,1.13
2013.06.12 20:19:34.948,1.28093,1.28103,1.32,1.13
2013.06.12 20:19:38.767,1.2809,1.28105,1.69,1.50
2013.06.12 20:19:39.148,1.28094,1.28105,1.32,1.50
2013.06.12 20:19:41.378,1.28091,1.28103,1.32,1.13
2013.06.12 20:19:41.728,1.28093,1.28109,1.69,1.13
2013.06.12 20:19:41.788,1.28093,1.28107,1.69,1.69
2013.06.12 20:19:48.769,1.2809,1.28101,1.69,1.13
2013.06.12 20:19:48.888,1.28087,1.28101,1.69,2.07
2013.06.12 20:19:49.022,1.28085,1.28101,1.50,1.13
2013.06.12 20:19:49.569,1.2809,1.28106,1.50,1.13
2013.06.12 20:19:50.299,1.2809,1.28106,1.50,1.50
2013.06.12 20:19:51.289,1.2809,1.28104,1.69,1.13
2013.06.12 20:19:55.474,1.2809,1.28108,1.69,1.13
2013.06.12 20:19:57.038,1.28095,1.28108,1.50,1.50
2013.06.12 20:20:01.898,1.28095,1.28108,1.50,1.50
2013.06.12 20:20:04.708,1.28095,1.2811,1.50,1.50
2013.06.12 20:20:08.712,1.28095,1.2811,1.50,1.50
2013.06.12 20:20:09.038,1.2809,1.2811,1.69,1.50
2013.06.12 20:20:11.988,1.28092,1.28106,1.69,1.69
2013.06.12 20:20:14.648,1.28097,1.2811,1.69,1.69
2013.06.12 20:20:14.888,1.28102,1.28113,1.69,1.13
2013.06.12 20:20:15.559,1.28101,1.28113,2.07,1.13
2013.06.12 20:20:16.119,1.28102,1.28113,1.69,1.13
2013.06.12 20:20:16.727,1.28101,1.28113,2.07,1.13
2013.06.12 20:20:17.441,1.28101,1.28113,3.57,1.13
2013.06.12 20:20:18.761,1.28101,1.28113,1.32,1.13
2013.06.12 20:20:18.948,1.281,1.28113,1.69,1.13
2013.06.12 20:20:23.538,1.281,1.28113,2.44,1.13
2013.06.12 20:20:23.898,1.28101,1.28113,1.69,1.50
2013.06.12 20:20:25.211,1.28099,1.28114,1.69,1.69
2013.06.12 20:20:26.728,1.281,1.28115,1.69,3.19
2013.06.12 20:20:27.247,1.28099,1.28113,1.69,1.50
2013.06.12 20:20:31.358,1.28098,1.28113,1.69,1.50
2013.06.12 20:20:37.903,1.28098,1.28109,1.50,1.13
2013.06.12 20:20:38.138,1.28095,1.28113,1.50,1.13
2013.06.12 20:20:38.258,1.28095,1.28111,1.69,1.13
2013.06.12 20:20:38.790,1.281,1.28113,1.50,1.13
2013.06.12 20:20:39.918,1.281,1.28113,1.69,1.13
2013.06.12 20:20:42.218,1.281,1.28115,1.69,1.13
2013.06.12 20:20:42.278,1.281,1.28116,1.69,2.25
2013.06.12 20:20:45.658,1.28101,1.28115,1.32,1.50
2013.06.12 20:20:45.779,1.28101,1.28112,1.32,1.13
2013.06.12 20:20:46.319,1.28101,1.28114,1.32,1.13
2013.06.12 20:20:46.438,1.28101,1.28114,1.32,1.13
2013.06.12 20:20:47.398,1.28101,1.28115,1.32,1.50
2013.06.12 20:20:47.900,1.28102,1.28116,1.32,2.25
2013.06.12 20:20:51.419,1.28104,1.28116,1.69,2.25
2013.06.12 20:20:52.522,1.28102,1.28116,2.07,2.25
2013.06.12 20:20:53.068,1.28104,1.28115,1.32,1.50
2013.06.12 20:20:53.589,1.28104,1.28114,1.32,1.13
2013.06.12 20:20:55.698,1.28103,1.28115,1.69,1.13
2013.06.12 20:20:57.339,1.28102,1.28115,1.69,1.13
2013.06.12 20:20:58.829,1.281,1.28115,1.69,1.50
2013.06.12 20:20:58.889,1.281,1.28115,1.69,1.50
2013.06.12 20:20:59.138,1.281,1.28114,1.69,1.13
2013.06.12 20:21:00.500,1.281,1.28112,1.69,1.13
2013.06.12 20:21:00.859,1.28098,1.2811,2.44,1.88
2013.06.12 20:21:01.221,1.28093,1.2811,1.32,1.13
2013.06.12 20:21:01.579,1.28092,1.281,1.13,1.50
2013.06.12 20:21:01.940,1.28088,1.28094,1.50,1.50
2013.06.12 20:21:01.998,1.28081,1.28091,1.69,1.50
2013.06.12 20:21:02.119,1.28081,1.28093,1.69,1.50
2013.06.12 20:21:02.300,1.28077,1.281,1.13,1.32
2013.06.12 20:21:02.358,1.28077,1.28094,1.50,1.13
2013.06.12 20:21:02.478,1.28076,1.28085,1.50,1.50
2013.06.12 20:21:02.539,1.2807,1.28083,1.65,1.50
2013.06.12 20:21:02.599,1.2807,1.28088,1.28,1.13
2013.06.12 20:21:02.658,1.28068,1.2808,1.13,1.50
2013.06.12 20:21:02.779,1.28065,1.2808,1.05,1.88
2013.06.12 20:21:02.901,1.28055,1.28073,1.43,1.13
2013.06.12 20:21:03.018,1.28055,1.2807,1.13,1.50
2013.06.12 20:21:03.378,1.28059,1.28075,1.13,1.69
2013.06.12 20:21:04.127,1.2806,1.28075,1.13,1.69
2013.06.12 20:21:04.677,1.2806,1.28075,1.35,1.50
2013.06.12 20:21:05.198,1.28051,1.28075,1.13,1.50
2013.06.12 20:21:05.257,1.28053,1.28075,1.69,1.50
2013.06.12 20:21:05.948,1.28069,1.28076,1.50,1.50
2013.06.12 20:21:06.008,1.28072,1.28075,1.88,2.25
2013.06.12 20:21:06.067,1.28072,1.28089,2.25,2.44
2013.06.12 20:21:06.128,1.28074,1.2809,1.13,1.69
2013.06.12 20:21:06.248,1.28075,1.28093,1.88,1.13
2013.06.12 20:21:06.309,1.28073,1.2809,1.50,1.50
2013.06.12 20:21:06.668,1.28069,1.28085,1.88,1.50
2013.06.12 20:21:07.028,1.28069,1.28085,1.88,1.50
2013.06.12 20:21:07.388,1.28067,1.28085,1.50,1.50
2013.06.12 20:21:08.449,1.28069,1.28085,1.50,1.50
2013.06.12 20:21:09.358,1.28069,1.28085,1.50,1.50
2013.06.12 20:21:09.597,1.28069,1.28085,1.13,1.50
2013.06.12 20:21:09.897,1.28069,1.28085,1.13,1.50
2013.06.12 20:21:10.078,1.28069,1.28085,1.13,1.50
2013.06.12 20:21:10.337,1.28069,1.28085,1.13,1.50
2013.06.12 20:21:10.577,1.28069,1.28085,1.13,1.50
2013.06.12 20:21:10.818,1.28069,1.28085,1.13,1.50
2013.06.12 20:21:11.118,1.28069,1.28085,1.32,1.50
2013.06.12 20:21:11.319,1.28069,1.28085,1.32,1.50
2013.06.12 20:21:11.381,1.28069,1.28085,1.32,1.50
2013.06.12 20:21:12.054,1.28069,1.28085,1.88,1.50
2013.06.12 20:21:12.709,1.28068,1.2808,1.69,1.50
2013.06.12 20:21:12.828,1.28065,1.2808,1.13,1.50
2013.06.12 20:21:16.427,1.28063,1.2808,1.13,1.50
2013.06.12 20:21:16.728,1.28063,1.2808,1.13,1.50
2013.06.12 20:21:17.099,1.28063,1.2808,1.13,1.50
2013.06.12 20:21:17.457,1.28063,1.28085,1.13,1.50
2013.06.12 20:21:18.217,1.28068,1.2808,1.13,1.50
2013.06.12 20:21:20.047,1.28068,1.28085,1.13,1.50
2013.06.12 20:21:23.607,1.28067,1.2808,1.13,1.50
2013.06.12 20:21:23.667,1.28067,1.2808,1.13,1.50
2013.06.12 20:21:23.847,1.28067,1.2808,1.13,1.50
2013.06.12 20:21:24.468,1.28065,1.2808,1.13,1.50
2013.06.12 20:21:24.587,1.28065,1.2808,1.13,1.50
2013.06.12 20:21:26.187,1.28065,1.28075,1.13,1.50
2013.06.12 20:21:26.488,1.28061,1.28075,1.13,1.50
2013.06.12 20:21:27.103,1.28061,1.28075,1.13,1.50
2013.06.12 20:21:27.727,1.28061,1.28075,1.13,1.50
2013.06.12 20:21:28.028,1.2806,1.28075,1.50,1.50
2013.06.12 20:21:29.547,1.2806,1.28075,1.50,1.50
2013.06.12 20:21:30.027,1.2806,1.2808,1.69,2.07
2013.06.12 20:21:30.207,1.28064,1.2808,1.32,2.07
2013.06.12 20:21:30.328,1.28064,1.2808,1.13,2.07
2013.06.12 20:21:30.901,1.28064,1.28076,1.13,1.32
2013.06.12 20:21:31.448,1.2806,1.28074,1.50,2.07
2013.06.12 20:21:31.857,1.2806,1.28075,1.50,1.32
2013.06.12 20:21:31.918,1.2806,1.28076,1.50,1.32
2013.06.12 20:21:31.978,1.28065,1.2808,1.88,2.07
2013.06.12 20:21:32.038,1.28065,1.2808,1.88,1.50
2013.06.12 20:21:32.457,1.28065,1.2808,1.13,1.50
2013.06.12 20:21:32.878,1.2806,1.28075,1.88,1.13
2013.06.12 20:21:33.238,1.28052,1.28069,1.13,1.13
2013.06.12 20:21:33.597,1.28052,1.28065,1.13,1.50
2013.06.12 20:21:35.277,1.28051,1.28069,1.13,1.13
2013.06.12 20:21:35.578,1.2806,1.28075,1.13,1.50
2013.06.12 20:21:36.208,1.28055,1.28066,1.50,1.50
2013.06.12 20:21:36.327,1.28054,1.28065,1.13,1.13
2013.06.12 20:21:37.107,1.28054,1.2807,1.13,1.50
2013.06.12 20:21:37.228,1.28055,1.2807,1.88,1.50
2013.06.12 20:21:37.797,1.28055,1.2807,1.88,1.50
2013.06.12 20:21:39.166,1.2806,1.2807,2.25,1.50
2013.06.12 20:21:39.235,1.2806,1.2807,2.25,1.50
2013.06.12 20:21:39.304,1.2806,1.28078,3.75,1.32
2013.06.12 20:21:39.429,1.28072,1.28083,1.13,1.13
2013.06.12 20:21:39.550,1.2807,1.28084,1.50,1.50
2013.06.12 20:21:39.668,1.28066,1.28083,1.13,1.13
2013.06.12 20:21:39.728,1.2807,1.28083,1.13,1.13
2013.06.12 20:21:41.708,1.28064,1.28082,1.24,1.13
2013.06.12 20:21:41.828,1.2807,1.28082,1.13,1.13
2013.06.12 20:21:43.088,1.2807,1.28082,1.50,1.69
2013.06.12 20:21:43.648,1.2807,1.28082,1.13,1.69
2013.06.12 20:21:44.313,1.2807,1.28083,1.92,1.69
2013.06.12 20:21:44.440,1.2807,1.28084,1.54,1.69
2013.06.12 20:21:44.559,1.28072,1.28083,1.13,1.69
2013.06.12 20:21:44.678,1.28072,1.28084,1.32,1.69
2013.06.12 20:21:45.449,1.28076,1.28085,1.32,1.88
2013.06.12 20:21:45.568,1.28075,1.28087,1.20,1.13
2013.06.12 20:21:45.629,1.28075,1.28087,1.58,1.13
2013.06.12 20:21:45.930,1.2808,1.28093,1.20,1.50
2013.06.12 20:21:46.108,1.28085,1.28098,1.58,1.13
2013.06.12 20:21:46.868,1.28085,1.28098,1.13,1.13
2013.06.12 20:21:48.360,1.28085,1.28105,1.35,1.69
2013.06.12 20:21:48.718,1.2809,1.2811,1.43,2.07
2013.06.12 20:21:49.079,1.2809,1.2811,1.43,1.50
2013.06.12 20:21:49.859,1.2809,1.2811,1.50,1.50
2013.06.12 20:21:50.099,1.28095,1.2811,1.50,1.50
2013.06.12 20:21:55.215,1.28092,1.28108,1.69,1.69
2013.06.12 20:21:55.919,1.28092,1.28108,1.69,1.69
2013.06.12 20:21:56.098,1.281,1.28114,1.32,1.69
2013.06.12 20:21:56.158,1.28098,1.28114,1.69,1.69
2013.06.12 20:21:57.190,1.281,1.28114,1.69,1.69
2013.06.12 20:21:58.979,1.281,1.28115,1.50,2.63
2013.06.12 20:22:00.778,1.28102,1.28115,1.69,2.82
2013.06.12 20:22:01.099,1.281,1.28115,2.82,2.82
2013.06.12 20:22:03.130,1.281,1.28115,2.82,2.82
2013.06.12 20:22:03.826,1.28098,1.28113,1.32,1.69
2013.06.12 20:22:09.168,1.281,1.28115,2.82,2.82
2013.06.12 20:22:10.039,1.28101,1.28107,2.44,1.13
2013.06.12 20:22:10.161,1.28097,1.28105,2.44,1.50
2013.06.12 20:22:10.340,1.28097,1.28104,2.44,1.13
2013.06.12 20:22:10.402,1.28085,1.28103,2.07,1.13
2013.06.12 20:22:15.758,1.28089,1.281,1.69,1.50
2013.06.12 20:22:18.824,1.28088,1.28105,1.13,1.69
2013.06.12 20:22:20.330,1.28088,1.281,1.13,1.69
2013.06.12 20:22:20.650,1.28083,1.281,1.69,2.44
2013.06.12 20:22:20.769,1.28088,1.281,1.13,1.50
2013.06.12 20:22:21.786,1.28087,1.281,1.13,1.50
2013.06.12 20:22:22.089,1.28085,1.28105,1.50,1.50
2013.06.12 20:22:26.439,1.28094,1.2811,1.50,1.50
2013.06.12 20:22:27.979,1.28094,1.28104,1.13,1.50
2013.06.12 20:22:28.039,1.28079,1.28097,1.13,1.13
2013.06.12 20:22:28.102,1.28079,1.28097,1.13,1.13
2013.06.12 20:22:28.159,1.28076,1.28096,2.25,1.50
2013.06.12 20:22:28.279,1.28075,1.28095,1.50,1.13
2013.06.12 20:22:28.638,1.28074,1.2809,1.50,1.13
2013.06.12 20:22:29.168,1.28072,1.2809,1.50,2.25
2013.06.12 20:22:30.033,1.28069,1.28086,1.13,1.13
2013.06.12 20:22:30.148,1.28067,1.28086,1.13,1.88
2013.06.12 20:22:30.518,1.28065,1.28085,1.50,1.32
2013.06.12 20:22:30.878,1.28075,1.2809,1.50,1.69
2013.06.12 20:22:31.758,1.28075,1.28082,1.50,1.13
2013.06.12 20:22:31.878,1.2807,1.28082,1.50,1.13
2013.06.12 20:22:31.998,1.2807,1.28075,1.50,2.25
2013.06.12 20:22:32.298,1.2805,1.28063,1.50,1.69
2013.06.12 20:22:32.539,1.28045,1.2806,1.50,1.69
2013.06.12 20:22:33.789,1.28045,1.28058,1.50,1.88
2013.06.12 20:22:33.849,1.28045,1.28062,1.50,1.69
2013.06.12 20:22:34.209,1.28045,1.2806,1.50,1.13
2013.06.12 20:22:34.389,1.2805,1.28063,1.50,1.32
2013.06.12 20:22:34.701,1.2805,1.2806,1.50,1.32
2013.06.12 20:22:34.938,1.2805,1.28063,1.50,1.69
2013.06.12 20:22:34.998,1.2805,1.28061,1.50,1.32
2013.06.12 20:22:35.118,1.2804,1.28058,2.44,1.69
2013.06.12 20:22:35.178,1.2804,1.28058,1.69,1.69
2013.06.12 20:22:35.885,1.28038,1.28059,1.32,1.69
2013.06.12 20:22:36.868,1.28038,1.28057,1.13,1.69
2013.06.12 20:22:37.921,1.28038,1.28056,1.32,1.32
2013.06.12 20:22:38.279,1.28037,1.28053,2.07,2.82
2013.06.12 20:22:38.848,1.28037,1.28055,1.32,1.32
2013.06.12 20:22:39.298,1.28038,1.28056,1.32,1.69
2013.06.12 20:22:39.700,1.2804,1.28051,1.50,1.32
2013.06.12 20:22:43.124,1.2804,1.28052,1.50,2.44
2013.06.12 20:22:43.778,1.28045,1.28055,1.50,2.44
2013.06.12 20:22:43.968,1.28045,1.2806,1.50,1.69
2013.06.12 20:22:44.040,1.28045,1.28058,1.50,1.13
2013.06.12 20:22:45.258,1.28045,1.2806,1.88,1.69
2013.06.12 20:22:45.799,1.28045,1.2806,1.50,1.69
2013.06.12 20:22:46.469,1.28045,1.28058,1.50,1.32
2013.06.12 20:22:49.908,1.28045,1.28056,1.50,2.82
2013.06.12 20:22:50.088,1.28048,1.28058,1.69,1.13
2013.06.12 20:22:50.213,1.2805,1.28061,1.32,1.69
2013.06.12 20:22:50.449,1.2806,1.28075,1.50,1.69
2013.06.12 20:22:51.890,1.28055,1.28073,1.88,1.13
2013.06.12 20:22:53.339,1.28055,1.28068,1.50,1.13
2013.06.12 20:22:53.640,1.2805,1.28064,1.50,1.69
2013.06.12 20:22:53.759,1.2805,1.28064,1.50,1.69
2013.06.12 20:22:54.938,1.2805,1.28063,1.50,1.69
2013.06.12 20:22:56.339,1.2805,1.28063,1.50,1.69
2013.06.12 20:22:56.640,1.28046,1.28061,1.69,1.69
2013.06.12 20:22:56.759,1.28045,1.28058,1.69,1.32
2013.06.12 20:22:58.769,1.28043,1.28058,1.69,1.69
2013.06.12 20:22:58.889,1.2804,1.28054,1.69,1.69
2013.06.12 20:22:59.249,1.28045,1.2806,1.69,1.32
2013.06.12 20:22:59.309,1.28046,1.2806,1.69,1.69
2013.06.12 20:22:59.370,1.2805,1.28063,1.69,1.69
2013.06.12 20:23:00.011,1.2805,1.28064,2.82,1.69
2013.06.12 20:23:00.069,1.28056,1.28073,1.69,1.69
2013.06.12 20:23:00.129,1.2806,1.28073,1.13,1.69
2013.06.12 20:23:01.089,1.2806,1.28075,2.07,1.69
2013.06.12 20:23:01.269,1.2806,1.28075,1.88,1.50
2013.06.12 20:23:01.514,1.2806,1.28078,1.88,1.13
2013.06.12 20:23:01.819,1.2806,1.28075,1.88,1.50
2013.06.12 20:23:02.359,1.2806,1.28078,1.88,1.13
2013.06.12 20:23:06.169,1.2806,1.28073,1.32,2.25
2013.06.12 20:23:06.349,1.2805,1.28068,1.88,1.13
2013.06.12 20:23:06.590,1.28052,1.28068,1.69,1.13
2013.06.12 20:23:06.709,1.28052,1.28068,1.69,1.13
2013.06.12 20:23:09.185,1.28055,1.28068,1.69,2.07
2013.06.12 20:23:11.520,1.2805,1.28061,2.07,1.32
2013.06.12 20:23:11.818,1.2805,1.28064,2.44,1.69
2013.06.12 20:23:15.069,1.28053,1.28064,1.32,1.32
2013.06.12 20:23:15.130,1.28055,1.2807,1.69,1.69
2013.06.12 20:23:15.249,1.28062,1.28075,1.32,1.32
2013.06.12 20:23:15.310,1.28062,1.28075,1.32,1.32
2013.06.12 20:23:18.848,1.28065,1.28078,1.50,2.07
2013.06.12 20:23:21.960,1.28062,1.28075,1.32,2.44
2013.06.12 20:23:26.550,1.2806,1.28074,2.07,1.69
2013.06.12 20:23:27.226,1.2806,1.28074,2.07,1.69
2013.06.12 20:23:28.100,1.28061,1.28075,1.69,1.69
2013.06.12 20:23:31.670,1.28061,1.28075,1.69,1.69
2013.06.12 20:23:38.849,1.2806,1.28078,2.07,1.32
2013.06.12 20:23:40.029,1.2806,1.28076,2.07,1.69
2013.06.12 20:23:40.420,1.2806,1.28076,2.07,1.69
2013.06.12 20:23:43.239,1.28062,1.28078,1.69,1.32
2013.06.12 20:23:43.358,1.28062,1.28078,1.69,1.32
2013.06.12 20:23:52.577,1.28062,1.28077,1.69,1.69
2013.06.12 20:23:56.835,1.28061,1.28075,1.69,1.69
2013.06.12 20:23:58.768,1.2806,1.28078,1.88,2.07
2013.06.12 20:23:59.590,1.2806,1.28074,2.44,1.32
2013.06.12 20:24:01.429,1.2806,1.28074,1.69,2.07
2013.06.12 20:24:03.829,1.28059,1.28074,1.69,2.07
2013.06.12 20:24:04.450,1.28059,1.28074,1.69,2.07
2013.06.12 20:24:06.800,1.28058,1.28072,1.69,1.69
2013.06.12 20:24:10.204,1.28061,1.28074,1.69,1.32
2013.06.12 20:24:10.449,1.28058,1.28074,1.69,2.07
2013.06.12 20:24:13.768,1.2806,1.28074,1.69,2.07
2013.06.12 20:24:16.839,1.2806,1.28074,2.44,1.32
2013.06.12 20:24:18.878,1.2806,1.28075,1.88,1.69
2013.06.12 20:24:20.668,1.2806,1.28074,1.88,1.69
2013.06.12 20:24:23.508,1.2806,1.28075,1.88,2.44
2013.06.12 20:24:24.215,1.2806,1.28073,2.07,1.69
2013.06.12 20:24:32.519,1.28065,1.28078,1.69,1.32
2013.06.12 20:24:32.642,1.28063,1.28074,1.50,1.13
2013.06.12 20:24:32.759,1.2806,1.2808,1.50,1.69
2013.06.12 20:24:32.879,1.2806,1.28074,1.50,1.13
2013.06.12 20:24:34.179,1.2806,1.28076,1.50,1.13
2013.06.12 20:24:34.311,1.2806,1.28074,1.50,1.13
2013.06.12 20:24:35.809,1.2806,1.28074,1.50,2.07
2013.06.12 20:24:38.819,1.2806,1.28074,1.50,1.32
2013.06.12 20:24:52.159,1.28061,1.28074,1.32,1.13
2013.06.12 20:24:52.279,1.28067,1.28083,2.44,1.69
2013.06.12 20:24:52.481,1.28069,1.28083,1.32,1.69
2013.06.12 20:24:53.459,1.2807,1.28085,2.44,2.82
2013.06.12 20:24:53.519,1.28073,1.28083,1.32,2.07
2013.06.12 20:24:53.700,1.2807,1.28081,1.69,1.32
2013.06.12 20:24:53.761,1.28069,1.28081,1.13,3.57
2013.06.12 20:24:54.119,1.2807,1.28081,1.50,2.82
2013.06.12 20:24:55.620,1.28075,1.28081,1.13,2.44
2013.06.12 20:24:55.680,1.28075,1.28086,1.13,2.07
2013.06.12 20:24:55.800,1.28072,1.28085,1.50,1.69
2013.06.12 20:24:55.920,1.28069,1.28076,1.13,1.50
2013.06.12 20:24:55.979,1.28066,1.28074,1.13,1.32
2013.06.12 20:24:56.100,1.28064,1.28076,1.50,1.69
2013.06.12 20:24:56.219,1.28061,1.28076,2.07,1.69
2013.06.12 20:24:56.458,1.28061,1.28076,2.07,1.69
2013.06.12 20:24:58.385,1.2806,1.28074,2.44,1.69
2013.06.12 20:24:58.899,1.2806,1.28076,1.50,1.32
2013.06.12 20:24:59.290,1.28061,1.28078,1.13,1.13
2013.06.12 20:25:00.399,1.2806,1.28076,1.50,1.13
2013.06.12 20:25:01.099,1.2806,1.28075,1.50,1.50
2013.06.12 20:25:04.690,1.28062,1.28075,1.13,1.50
2013.06.12 20:25:04.869,1.28071,1.28084,1.13,1.32
2013.06.12 20:25:04.929,1.2807,1.28082,1.50,1.13
2013.06.12 20:25:05.419,1.28065,1.2808,1.50,2.25
2013.06.12 20:25:05.479,1.28065,1.28079,1.50,1.13
2013.06.12 20:25:11.516,1.28066,1.2808,1.69,2.44
2013.06.12 20:25:14.629,1.2807,1.2808,1.13,1.69
2013.06.12 20:25:14.749,1.2807,1.28083,1.32,1.69
2013.06.12 20:25:15.289,1.2807,1.28083,1.69,1.69
2013.06.12 20:25:15.721,1.28074,1.28084,1.50,1.69
2013.06.12 20:25:15.779,1.28074,1.28087,1.69,1.69
2013.06.12 20:25:16.970,1.28074,1.28086,1.50,1.69
2013.06.12 20:25:17.350,1.28075,1.28088,2.07,1.69
2013.06.12 20:25:18.950,1.28075,1.2809,1.88,1.50
2013.06.12 20:25:26.769,1.28075,1.2809,1.50,1.50
2013.06.12 20:25:28.415,1.28077,1.2809,1.32,1.50
2013.06.12 20:25:28.632,1.28075,1.2809,1.88,1.50
2013.06.12 20:25:28.689,1.28075,1.2809,1.50,1.50
2013.06.12 20:25:30.299,1.28075,1.2809,1.50,1.50
2013.06.12 20:25:33.570,1.28075,1.28088,1.13,1.13
2013.06.12 20:25:33.749,1.28067,1.28083,1.69,2.07
2013.06.12 20:25:33.811,1.28067,1.28082,1.69,1.69
2013.06.12 20:25:34.892,1.28067,1.28081,1.69,1.69
2013.06.12 20:25:38.859,1.28065,1.28083,1.88,1.13
2013.06.12 20:25:39.369,1.2807,1.28083,1.50,1.13
2013.06.12 20:25:39.699,1.2807,1.28083,1.50,2.07
2013.06.12 20:25:40.060,1.28074,1.28085,2.63,2.44
2013.06.12 20:25:40.359,1.2809,1.28103,1.50,1.13
2013.06.12 20:25:40.480,1.2809,1.28103,1.13,1.13
2013.06.12 20:25:41.320,1.28085,1.28103,1.50,1.50
2013.06.12 20:25:41.799,1.28085,1.28105,1.88,1.50
2013.06.12 20:25:42.159,1.2809,1.28106,1.13,2.25
2013.06.12 20:25:42.910,1.2809,1.28105,1.13,1.50
2013.06.12 20:25:44.399,1.2809,1.28105,1.50,1.50
2013.06.12 20:25:44.909,1.28085,1.28105,1.50,1.50
2013.06.12 20:25:45.089,1.28087,1.28103,1.13,1.13
2013.06.12 20:25:45.149,1.28087,1.281,1.13,1.50
2013.06.12 20:25:45.508,1.28085,1.28095,1.88,1.50
2013.06.12 20:25:45.770,1.28076,1.28094,1.13,1.13
2013.06.12 20:25:46.079,1.28075,1.28095,1.50,1.50
2013.06.12 20:25:46.318,1.28076,1.28095,1.13,1.88
2013.06.12 20:25:46.679,1.28075,1.28091,1.50,1.13
2013.06.12 20:25:49.948,1.28075,1.28092,1.69,1.13
2013.06.12 20:25:50.369,1.28075,1.28092,1.69,1.69
2013.06.12 20:25:50.549,1.28081,1.28099,1.32,1.32
2013.06.12 20:25:50.609,1.28085,1.28097,1.50,2.25
2013.06.12 20:25:50.908,1.2808,1.28096,1.69,1.32
2013.06.12 20:25:51.778,1.28084,1.281,1.69,1.88
2013.06.12 20:25:51.838,1.28084,1.281,1.32,1.50
2013.06.12 20:25:51.899,1.2809,1.2811,1.50,1.50
2013.06.12 20:25:52.019,1.28095,1.2811,1.50,1.50
2013.06.12 20:25:53.418,1.28095,1.2811,1.13,1.50
2013.06.12 20:25:53.539,1.28095,1.2811,1.13,1.50
2013.06.12 20:25:54.078,1.28094,1.2811,1.50,1.50
2013.06.12 20:26:00.258,1.2809,1.2811,2.07,1.50
2013.06.12 20:26:00.379,1.2809,1.2811,1.88,1.50
2013.06.12 20:26:00.987,1.28095,1.2811,1.13,1.50
2013.06.12 20:26:01.189,1.28105,1.28116,1.50,2.25
2013.06.12 20:26:01.248,1.28105,1.28116,2.63,2.25
2013.06.12 20:26:01.428,1.28108,1.28124,1.13,1.50
2013.06.12 20:26:01.729,1.2811,1.28127,1.50,1.50
2013.06.12 20:26:01.788,1.2811,1.28127,1.50,1.58
2013.06.12 20:26:03.019,1.2811,1.2813,1.50,1.50
2013.06.12 20:26:03.203,1.28112,1.28129,1.50,1.50
2013.06.12 20:26:04.989,1.28113,1.28125,1.13,1.50
2013.06.12 20:26:05.739,1.28114,1.28125,1.69,1.50
2013.06.12 20:26:11.238,1.28116,1.28125,1.32,1.50
2013.06.12 20:26:11.939,1.2811,1.28125,2.07,1.69
2013.06.12 20:26:12.059,1.28109,1.28125,1.13,1.50
2013.06.12 20:26:12.419,1.28105,1.28124,1.13,1.13
2013.06.12 20:26:12.784,1.28102,1.2812,1.13,1.69
2013.06.12 20:26:12.850,1.28095,1.2811,1.13,1.88
2013.06.12 20:26:12.970,1.28095,1.2811,1.88,1.88
2013.06.12 20:26:13.762,1.28096,1.2811,1.13,1.88
2013.06.12 20:26:13.825,1.28095,1.2811,1.50,1.50
2013.06.12 20:26:14.010,1.28095,1.2811,1.50,1.50
2013.06.12 20:26:14.413,1.28094,1.2811,1.88,1.50
2013.06.12 20:26:14.800,1.28098,1.2811,1.50,1.50
2013.06.12 20:26:14.920,1.28099,1.28115,1.13,1.50
2013.06.12 20:26:17.869,1.28102,1.2812,1.13,1.69
2013.06.12 20:26:17.929,1.28103,1.2812,1.13,1.69
2013.06.12 20:26:26.988,1.281,1.28116,1.69,1.32
2013.06.12 20:26:27.398,1.28106,1.2812,1.13,1.69
2013.06.12 20:26:27.519,1.2811,1.28123,1.50,1.69
2013.06.12 20:26:27.579,1.28112,1.28123,1.13,1.69
2013.06.12 20:26:27.759,1.28113,1.2813,1.50,1.88
2013.06.12 20:26:27.941,1.28115,1.28127,1.50,1.13
2013.06.12 20:26:28.120,1.28115,1.28129,1.50,1.13
2013.06.12 20:26:28.180,1.28115,1.28131,1.50,1.88
2013.06.12 20:26:28.719,1.28115,1.28135,1.50,2.25
2013.06.12 20:26:31.370,1.28115,1.28128,1.50,1.13
2013.06.12 20:26:33.609,1.28115,1.28128,1.50,1.32
2013.06.12 20:26:35.179,1.28115,1.2813,1.50,1.69
2013.06.12 20:26:35.727,1.28115,1.2813,1.50,1.69
2013.06.12 20:26:36.429,1.28115,1.28128,1.50,1.69
2013.06.12 20:26:36.730,1.2812,1.28128,1.50,1.69
2013.06.12 20:26:37.099,1.28124,1.28137,1.13,2.44
2013.06.12 20:26:37.159,1.28125,1.28142,1.50,1.13
2013.06.12 20:26:37.339,1.2813,1.28145,1.50,1.88
2013.06.12 20:26:37.879,1.28126,1.28144,1.13,1.13
2013.06.12 20:26:38.235,1.28126,1.2814,1.13,1.50
2013.06.12 20:26:44.068,1.28126,1.2814,1.13,2.44
2013.06.12 20:26:45.500,1.28126,1.2814,1.13,1.50
2013.06.12 20:26:45.969,1.28126,1.28138,1.32,1.69
2013.06.12 20:26:46.961,1.28126,1.2814,1.13,1.50
2013.06.12 20:26:47.198,1.28126,1.28139,1.32,1.69
2013.06.12 20:26:49.388,1.28126,1.2814,1.13,1.50
2013.06.12 20:26:52.170,1.28126,1.28141,1.13,1.50
2013.06.12 20:26:52.409,1.28135,1.28151,1.50,1.32
2013.06.12 20:26:52.529,1.28129,1.28143,1.13,1.13
2013.06.12 20:26:52.889,1.28125,1.28145,1.50,1.69
2013.06.12 20:26:55.048,1.28125,1.28145,1.50,1.69
2013.06.12 20:26:55.110,1.2812,1.2814,1.50,1.69
2013.06.12 20:26:55.229,1.28124,1.28134,1.88,1.13
2013.06.12 20:26:57.519,1.2812,1.28134,1.13,1.13
2013.06.12 20:26:58.135,1.2812,1.28134,1.13,1.13
2013.06.12 20:26:59.699,1.28124,1.28134,1.13,1.13
2013.06.12 20:27:01.368,1.2812,1.28134,1.50,1.69
2013.06.12 20:27:05.021,1.28119,1.28134,2.07,1.32
2013.06.12 20:27:05.379,1.28116,1.2813,1.32,1.50
2013.06.12 20:27:07.969,1.28116,1.2813,1.13,2.44
2013.06.12 20:27:09.499,1.28114,1.28128,1.13,3.19
2013.06.12 20:27:09.559,1.28114,1.28126,1.13,1.69
2013.06.12 20:27:13.889,1.28113,1.28121,1.13,2.44
2013.06.12 20:27:14.859,1.28113,1.2812,1.13,2.82
2013.06.12 20:27:18.908,1.28113,1.28129,1.13,2.07
2013.06.12 20:27:19.028,1.28114,1.28129,1.13,2.07
2013.06.12 20:27:20.989,1.28114,1.28121,1.13,2.44
2013.06.12 20:27:21.594,1.28113,1.28121,1.13,2.44
2013.06.12 20:27:22.118,1.2811,1.28122,1.50,2.44
2013.06.12 20:27:26.529,1.2811,1.28124,2.44,1.50
2013.06.12 20:27:27.099,1.28113,1.28125,1.32,1.50
2013.06.12 20:27:32.330,1.28113,1.28125,1.13,1.50
2013.06.12 20:27:32.389,1.28105,1.2812,1.69,1.50
2013.06.12 20:27:35.039,1.28105,1.2812,1.69,1.50
2013.06.12 20:27:35.566,1.28106,1.2812,1.69,1.50
2013.06.12 20:27:36.114,1.28108,1.2812,1.69,1.50
2013.06.12 20:27:36.659,1.28113,1.2812,1.32,1.50
2013.06.12 20:27:38.888,1.28108,1.2812,1.69,1.50
2013.06.12 20:27:39.549,1.28108,1.2812,1.69,1.50
2013.06.12 20:27:42.170,1.28111,1.2812,1.69,1.50
2013.06.12 20:27:42.589,1.28116,1.28125,1.32,1.50
2013.06.12 20:27:42.956,1.28116,1.2813,1.69,1.88
2013.06.12 20:27:43.219,1.28116,1.28125,1.69,1.50
2013.06.12 20:27:43.994,1.28114,1.28125,1.69,1.50
2013.06.12 20:27:44.059,1.28113,1.28125,1.32,1.50
2013.06.12 20:27:44.123,1.28112,1.28125,1.32,1.69
2013.06.12 20:27:44.709,1.28112,1.2812,1.32,1.50
2013.06.12 20:27:49.928,1.28111,1.2812,1.69,1.50
2013.06.12 20:27:52.340,1.2811,1.2812,1.69,1.50
2013.06.12 20:27:52.665,1.28112,1.28117,1.32,1.50
2013.06.12 20:27:57.579,1.28115,1.28126,1.32,1.13
2013.06.12 20:27:58.878,1.28111,1.28125,1.69,1.50
2013.06.12 20:28:00.600,1.28111,1.28122,1.69,1.50
2013.06.12 20:28:00.659,1.28118,1.28125,1.32,1.50
2013.06.12 20:28:00.839,1.28119,1.2813,1.32,1.50
2013.06.12 20:28:00.899,1.28122,1.2813,1.32,1.50
2013.06.12 20:28:01.079,1.28119,1.2813,1.32,1.50
2013.06.12 20:28:01.379,1.2812,1.2813,1.32,1.50
2013.06.12 20:28:03.910,1.28118,1.28128,1.32,1.13
2013.06.12 20:28:07.210,1.28118,1.2813,1.32,1.13
2013.06.12 20:28:07.330,1.28117,1.2813,1.32,2.07
2013.06.12 20:28:08.519,1.28117,1.2813,1.32,2.07
2013.06.12 20:28:08.698,1.28118,1.2813,1.32,1.88
2013.06.12 20:28:11.359,1.28115,1.28129,2.44,1.13
2013.06.12 20:28:11.419,1.28114,1.28125,1.69,1.50
2013.06.12 20:28:11.479,1.28115,1.28125,1.32,1.50
2013.06.12 20:28:12.349,1.28112,1.28125,1.32,1.69
2013.06.12 20:28:16.916,1.28113,1.28125,1.32,1.50
2013.06.12 20:28:18.921,1.2811,1.28125,1.69,1.50
2013.06.12 20:28:23.443,1.2811,1.28123,1.69,1.50
2013.06.12 20:28:26.379,1.2811,1.28122,1.69,1.50
2013.06.12 20:28:26.739,1.2811,1.2812,1.32,1.50
2013.06.12 20:28:28.837,1.2811,1.2812,1.69,1.50
2013.06.12 20:28:28.949,1.28109,1.2812,1.32,1.50
2013.06.12 20:28:29.628,1.28105,1.2812,1.69,1.13
2013.06.12 20:28:29.690,1.28106,1.2812,1.13,1.50
2013.06.12 20:28:29.869,1.28108,1.28119,1.13,1.13
2013.06.12 20:28:30.229,1.28091,1.2811,1.13,1.88
2013.06.12 20:28:33.159,1.281,1.28115,1.13,1.88
2013.06.12 20:28:33.219,1.281,1.28115,1.50,1.88
2013.06.12 20:28:33.981,1.28103,1.28115,1.13,1.88
2013.06.12 20:28:36.811,1.281,1.28115,1.50,1.50
2013.06.12 20:28:37.319,1.281,1.28115,1.69,1.50
2013.06.12 20:28:37.919,1.28101,1.28113,1.69,1.50
2013.06.12 20:28:38.286,1.28098,1.2811,1.69,1.88
2013.06.12 20:28:38.969,1.28093,1.2811,1.69,1.88
2013.06.12 20:28:39.030,1.28087,1.28102,1.69,2.07
2013.06.12 20:28:39.149,1.28088,1.281,1.50,1.50
2013.06.12 20:28:40.842,1.28085,1.28102,1.50,1.50
2013.06.12 20:28:42.270,1.2809,1.28103,1.13,1.13
2013.06.12 20:28:42.629,1.28085,1.28103,1.32,1.13
2013.06.12 20:28:42.691,1.28085,1.28101,1.13,1.69
2013.06.12 20:28:42.809,1.28084,1.28095,1.13,1.50
2013.06.12 20:28:43.109,1.28083,1.28103,1.69,1.13
2013.06.12 20:28:49.269,1.28095,1.28114,1.32,1.13
2013.06.12 20:28:49.329,1.28095,1.2811,1.69,1.13
2013.06.12 20:28:49.452,1.28095,1.2811,1.69,1.50
2013.06.12 20:28:49.568,1.28098,1.2811,1.13,1.50
2013.06.12 20:28:50.108,1.28097,1.2811,1.13,1.50
2013.06.12 20:28:51.939,1.28095,1.2811,2.25,1.50
2013.06.12 20:28:52.270,1.28094,1.2811,1.50,1.50
2013.06.12 20:28:53.839,1.28089,1.28101,1.69,1.13
2013.06.12 20:28:53.899,1.28084,1.281,3.19,1.50
2013.06.12 20:28:54.079,1.28084,1.2809,1.13,1.50
2013.06.12 20:28:54.265,1.28078,1.2809,1.13,1.50
2013.06.12 20:28:54.389,1.2807,1.28088,1.69,1.50
2013.06.12 20:28:54.688,1.28071,1.28089,1.32,1.13
2013.06.12 20:28:57.179,1.28076,1.2809,1.50,1.50
2013.06.12 20:28:57.689,1.28074,1.2809,1.32,1.50
2013.06.12 20:28:57.989,1.28072,1.28085,1.69,1.50
2013.06.12 20:28:58.109,1.28071,1.28085,1.32,1.50
2013.06.12 20:28:58.288,1.28071,1.28089,1.32,1.13
2013.06.12 20:28:59.399,1.28075,1.28091,1.13,1.50
2013.06.12 20:28:59.459,1.2807,1.2809,1.69,1.50
2013.06.12 20:28:59.579,1.2808,1.28095,1.50,1.50
2013.06.12 20:29:07.238,1.2808,1.28095,1.69,1.50
2013.06.12 20:29:07.786,1.2808,1.28095,1.69,1.50
2013.06.12 20:29:11.759,1.2808,1.28095,1.69,1.50
2013.06.12 20:29:11.880,1.28081,1.28095,1.69,1.50
2013.06.12 20:29:11.940,1.28085,1.28096,1.13,1.50
2013.06.12 20:29:12.059,1.28085,1.281,1.13,1.88
2013.06.12 20:29:12.489,1.28085,1.281,1.13,1.88
2013.06.12 20:29:13.019,1.28085,1.281,1.32,1.88
2013.06.12 20:29:13.427,1.28085,1.281,1.32,1.50
2013.06.12 20:29:13.919,1.28092,1.281,2.25,1.50
2013.06.12 20:29:14.040,1.28093,1.28098,1.50,1.13
2013.06.12 20:29:14.160,1.28093,1.28105,1.50,1.69
2013.06.12 20:29:14.339,1.28093,1.28105,1.50,1.69
2013.06.12 20:29:14.459,1.2808,1.28096,1.50,1.13
2013.06.12 20:29:14.579,1.2808,1.28096,1.50,1.13
2013.06.12 20:29:14.820,1.2808,1.28093,1.50,1.13
2013.06.12 20:29:15.500,1.2808,1.28095,1.50,1.50
2013.06.12 20:29:15.619,1.28076,1.2809,1.13,1.13
2013.06.12 20:29:15.679,1.28076,1.2809,1.13,1.50
2013.06.12 20:29:15.740,1.28075,1.28094,1.50,1.32
2013.06.12 20:29:15.859,1.28075,1.2809,1.50,1.50
2013.06.12 20:29:16.220,1.2807,1.2809,1.13,1.69
2013.06.12 20:29:16.755,1.28065,1.28085,1.50,2.07
2013.06.12 20:29:17.209,1.2806,1.28075,1.50,1.13
2013.06.12 20:29:17.329,1.28065,1.2808,1.50,1.13
2013.06.12 20:29:17.390,1.28068,1.28085,1.13,1.88
2013.06.12 20:29:19.070,1.28061,1.2808,1.13,1.50
2013.06.12 20:29:19.320,1.28057,1.2808,1.32,1.50
2013.06.12 20:29:19.702,1.28057,1.2807,1.32,1.50
2013.06.12 20:29:20.793,1.28057,1.2807,1.32,1.50
2013.06.12 20:29:20.850,1.28057,1.2807,1.32,1.50
2013.06.12 20:29:21.330,1.28051,1.2807,1.32,1.50
2013.06.12 20:29:21.690,1.28053,1.2807,1.69,1.50
2013.06.12 20:29:23.279,1.28052,1.28075,1.69,1.50
2013.06.12 20:29:23.818,1.28058,1.28075,1.50,1.50
2013.06.12 20:29:24.359,1.28059,1.28075,1.13,1.50
2013.06.12 20:29:25.010,1.2805,1.28075,1.69,1.50
2013.06.12 20:29:26.770,1.2805,1.28075,1.69,1.50
2013.06.12 20:29:26.829,1.2805,1.28075,2.44,1.50
2013.06.12 20:29:30.028,1.28059,1.28075,1.13,1.50
2013.06.12 20:29:31.819,1.28059,1.28075,1.32,1.50
2013.06.12 20:29:33.020,1.28059,1.28075,1.13,1.69
2013.06.12 20:29:33.739,1.28058,1.2807,1.32,1.50
2013.06.12 20:29:33.980,1.28052,1.28065,1.13,1.50
2013.06.12 20:29:35.761,1.28052,1.28065,1.69,1.50
2013.06.12 20:29:36.199,1.28052,1.28065,2.44,1.50
2013.06.12 20:29:37.279,1.28054,1.2807,1.69,1.50
2013.06.12 20:29:37.399,1.28054,1.2807,2.44,1.50
2013.06.12 20:29:38.869,1.28054,1.2807,1.69,1.50
2013.06.12 20:29:41.319,1.28055,1.2807,1.32,1.69
2013.06.12 20:29:41.501,1.2805,1.28065,1.69,1.69
2013.06.12 20:29:41.571,1.2805,1.28065,1.69,1.69
2013.06.12 20:29:42.739,1.2805,1.28065,2.44,1.69
2013.06.12 20:29:44.732,1.28052,1.28069,1.69,1.32
2013.06.12 20:29:47.609,1.2805,1.28066,2.07,1.69
2013.06.12 20:29:47.669,1.2805,1.28064,1.69,1.32
2013.06.12 20:29:47.789,1.28045,1.28064,1.50,1.13
2013.06.12 20:29:48.269,1.28046,1.28065,1.13,1.50
2013.06.12 20:29:48.729,1.28045,1.28065,1.69,1.50
2013.06.12 20:29:49.123,1.28055,1.2807,1.50,1.50
2013.06.12 20:29:49.359,1.28055,1.2807,1.13,1.50
2013.06.12 20:29:49.634,1.28052,1.2807,1.13,1.50
2013.06.12 20:29:52.140,1.28056,1.2807,1.13,1.50
2013.06.12 20:29:52.261,1.28055,1.2807,1.50,1.50
2013.06.12 20:29:53.000,1.28055,1.2807,1.50,1.50
2013.06.12 20:29:53.059,1.28058,1.2807,1.13,1.50
2013.06.12 20:29:54.571,1.28055,1.2807,1.50,1.50
2013.06.12 20:30:00.270,1.2805,1.2807,1.69,1.50
2013.06.12 20:30:00.691,1.28051,1.28075,2.07,1.50
2013.06.12 20:30:01.049,1.28053,1.2807,1.69,1.50
2013.06.12 20:30:01.109,1.28054,1.2807,1.69,1.50
2013.06.12 20:30:01.469,1.28054,1.2807,1.69,1.50
2013.06.12 20:30:02.168,1.28055,1.2807,1.69,1.50
2013.06.12 20:30:02.480,1.28058,1.2807,1.32,1.50
2013.06.12 20:30:04.469,1.28057,1.2807,2.44,1.50
2013.06.12 20:30:04.530,1.28053,1.2807,1.13,1.50
2013.06.12 20:30:05.068,1.28046,1.28065,1.32,1.50
2013.06.12 20:30:06.099,1.2805,1.2807,1.50,1.50
2013.06.12 20:30:07.953,1.28048,1.28069,1.50,1.13
2013.06.12 20:30:08.069,1.28049,1.28065,2.44,1.50
2013.06.12 20:30:08.537,1.28049,1.28065,2.44,1.50
2013.06.12 20:30:08.969,1.28048,1.28065,1.32,1.50
2013.06.12 20:30:10.160,1.28048,1.28065,3.19,1.50
2013.06.12 20:30:10.279,1.28048,1.28065,1.69,1.50
2013.06.12 20:30:10.399,1.28048,1.28065,3.19,1.50
2013.06.12 20:30:10.951,1.28051,1.28065,1.69,1.50
2013.06.12 20:30:12.929,1.28051,1.28065,1.69,1.50
2013.06.12 20:30:13.486,1.28051,1.28065,1.69,1.50
2013.06.12 20:30:15.291,1.28051,1.28065,3.57,1.50
2013.06.12 20:30:15.719,1.28048,1.28065,2.07,1.69
2013.06.12 20:30:15.840,1.28051,1.28065,1.69,1.50
2013.06.12 20:30:16.019,1.28052,1.28065,1.69,1.50
2013.06.12 20:30:16.559,1.28055,1.2807,2.44,1.69
2013.06.12 20:30:17.819,1.28055,1.2807,2.44,1.69
2013.06.12 20:30:18.060,1.28055,1.2807,1.69,1.69
2013.06.12 20:30:18.799,1.28055,1.2807,1.69,1.69
2013.06.12 20:30:18.919,1.28052,1.2807,1.69,1.50
2013.06.12 20:30:19.619,1.28052,1.28065,1.13,1.69
2013.06.12 20:30:19.679,1.28051,1.28065,1.13,1.69
2013.06.12 20:30:20.219,1.28049,1.28065,1.69,2.07
2013.06.12 20:30:20.449,1.28048,1.28065,1.32,2.82
2013.06.12 20:30:29.439,1.2805,1.28065,1.69,2.82
2013.06.12 20:30:30.469,1.2805,1.28065,1.50,1.88
2013.06.12 20:30:34.279,1.2805,1.28065,1.50,1.88
2013.06.12 20:30:40.940,1.2805,1.28065,1.32,1.69
2013.06.12 20:30:42.106,1.28048,1.28065,2.07,1.69
2013.06.12 20:30:43.051,1.28045,1.28061,1.50,1.13
2013.06.12 20:30:43.112,1.28045,1.28059,1.50,1.50
2013.06.12 20:30:43.172,1.28045,1.28058,1.50,1.13
2013.06.12 20:30:43.290,1.2804,1.2806,1.88,1.50
2013.06.12 20:30:43.410,1.28038,1.2805,1.50,1.13
2013.06.12 20:30:43.470,1.28032,1.2805,1.13,2.63
2013.06.12 20:30:43.529,1.2803,1.2805,1.50,2.25
2013.06.12 20:30:43.649,1.2803,1.28044,1.50,1.13
2013.06.12 20:30:43.709,1.28026,1.28044,1.13,1.13
2013.06.12 20:30:44.010,1.28024,1.28041,1.50,1.13
2013.06.12 20:30:44.369,1.2802,1.28036,1.50,1.69
2013.06.12 20:30:44.429,1.2801,1.28025,1.50,1.13
2013.06.12 20:30:44.490,1.2801,1.28024,1.50,1.32
2013.06.12 20:30:44.609,1.2801,1.28025,1.88,1.69
2013.06.12 20:30:44.669,1.2801,1.28025,1.13,1.69
2013.06.12 20:30:44.790,1.28008,1.28025,1.13,1.50
2013.06.12 20:30:44.850,1.2801,1.28026,1.13,1.50
2013.06.12 20:30:45.030,1.28005,1.28025,1.50,1.50
2013.06.12 20:30:45.149,1.28005,1.28025,1.50,1.50
2013.06.12 20:30:45.329,1.28013,1.28031,3.38,1.32
2013.06.12 20:30:45.389,1.28015,1.28031,2.25,1.13
2013.06.12 20:30:45.451,1.28019,1.28035,1.13,1.69
2013.06.12 20:30:45.510,1.28025,1.28035,1.50,1.69
2013.06.12 20:30:45.570,1.2802,1.28034,1.50,1.32
2013.06.12 20:30:45.690,1.28017,1.28034,1.13,1.32
2013.06.12 20:30:46.050,1.28018,1.2803,1.50,1.50
2013.06.12 20:30:46.113,1.28015,1.28034,1.50,1.13
2013.06.12 20:30:46.169,1.28015,1.2803,1.13,1.50
2013.06.12 20:30:46.729,1.28015,1.2803,1.50,1.50
2013.06.12 20:30:46.849,1.2802,1.28034,1.13,1.32
2013.06.12 20:30:47.239,1.28018,1.2803,1.13,1.32
2013.06.12 20:30:47.360,1.2801,1.28022,1.50,1.32
2013.06.12 20:30:47.419,1.2801,1.28022,1.50,1.32
2013.06.12 20:30:47.539,1.28005,1.28021,1.50,1.32
2013.06.12 20:30:48.169,1.28014,1.28025,1.13,1.69
2013.06.12 20:30:48.236,1.28015,1.28025,1.50,1.50
2013.06.12 20:30:48.301,1.28015,1.2803,1.50,1.50
2013.06.12 20:30:48.360,1.28015,1.28032,1.50,1.69
2013.06.12 20:30:48.420,1.2802,1.28035,1.50,1.69
2013.06.12 20:30:48.659,1.28025,1.28038,1.50,1.13
2013.06.12 20:30:49.339,1.2802,1.2804,1.50,1.69
2013.06.12 20:30:49.649,1.2802,1.28036,1.50,1.32
2013.06.12 20:30:49.979,1.28015,1.28033,1.50,1.69
2013.06.12 20:30:50.879,1.2802,1.28034,1.50,1.69
2013.06.12 20:30:50.939,1.2802,1.28036,1.50,1.69
2013.06.12 20:30:51.119,1.28025,1.28037,1.50,1.32
2013.06.12 20:30:51.763,1.28025,1.2804,1.50,1.69
2013.06.12 20:30:51.835,1.28025,1.28043,1.50,1.69
2013.06.12 20:30:52.799,1.28025,1.28041,1.50,1.69
2013.06.12 20:30:55.549,1.28025,1.28039,1.50,1.32
2013.06.12 20:30:56.075,1.28029,1.28039,1.50,1.32
2013.06.12 20:30:56.260,1.28029,1.28039,1.50,2.07
2013.06.12 20:30:57.929,1.28029,1.28036,1.50,1.32
2013.06.12 20:30:58.049,1.28025,1.2804,1.50,1.69
2013.06.12 20:30:58.289,1.28025,1.2804,1.50,2.44
2013.06.12 20:30:58.930,1.28025,1.28037,1.50,1.32
2013.06.12 20:30:59.749,1.28025,1.2804,1.50,1.32
2013.06.12 20:30:59.869,1.28025,1.28038,1.50,1.32
2013.06.12 20:31:01.019,1.28029,1.28039,1.50,1.32
2013.06.12 20:31:01.999,1.28028,1.28039,1.13,1.32
2013.06.12 20:31:02.119,1.28028,1.28037,1.13,1.32
2013.06.12 20:31:02.299,1.28028,1.28039,1.13,1.32
2013.06.12 20:31:02.480,1.28029,1.28039,1.13,1.32
2013.06.12 20:31:03.019,1.28025,1.28042,1.69,1.32
2013.06.12 20:31:04.299,1.28029,1.28042,1.13,1.32
2013.06.12 20:31:06.329,1.28031,1.28044,1.13,1.69
2013.06.12 20:31:09.249,1.28028,1.28041,1.13,1.32
2013.06.12 20:31:09.489,1.28031,1.28045,1.13,1.69
2013.06.12 20:31:11.189,1.28031,1.28045,1.13,1.69
2013.06.12 20:31:11.549,1.28035,1.28049,1.50,1.32
2013.06.12 20:31:12.084,1.28035,1.28049,1.50,1.32
2013.06.12 20:31:16.679,1.28034,1.28046,1.50,1.32
2013.06.12 20:31:16.800,1.28035,1.28045,1.50,1.32
2013.06.12 20:31:17.289,1.28035,1.28047,1.50,2.44
2013.06.12 20:31:17.349,1.28035,1.28045,1.50,2.44
2013.06.12 20:31:17.409,1.28035,1.28043,1.50,1.32
2013.06.12 20:31:17.825,1.28034,1.28044,1.50,1.32
2013.06.12 20:31:18.951,1.28035,1.28044,1.50,1.32
2013.06.12 20:31:19.269,1.28035,1.28046,1.50,1.32
2013.06.12 20:31:19.832,1.28035,1.2805,1.50,1.69
2013.06.12 20:31:20.460,1.28035,1.28049,1.50,1.69
2013.06.12 20:31:21.940,1.2803,1.28045,1.50,1.69
2013.06.12 20:31:22.949,1.2803,1.28045,1.50,1.69
2013.06.12 20:31:23.332,1.28026,1.2804,1.13,1.69
2013.06.12 20:31:23.661,1.28028,1.28045,1.13,2.44
2013.06.12 20:31:24.049,1.2803,1.28045,1.50,2.07
2013.06.12 20:31:24.349,1.28031,1.28047,1.13,1.69
2013.06.12 20:31:24.786,1.28035,1.28046,1.50,1.32
2013.06.12 20:31:25.570,1.28035,1.28046,1.50,1.32
2013.06.12 20:31:27.409,1.2803,1.28045,1.13,2.44
2013.06.12 20:31:27.589,1.28031,1.28043,1.13,1.32
2013.06.12 20:31:29.236,1.28031,1.28043,1.13,1.32
2013.06.12 20:31:31.070,1.28035,1.28045,1.50,2.44
2013.06.12 20:31:31.130,1.28035,1.28046,1.50,2.44
2013.06.12 20:31:31.311,1.28034,1.28047,1.13,2.44
2013.06.12 20:31:31.431,1.28039,1.28051,1.50,1.32
2013.06.12 20:31:31.490,1.28045,1.28054,1.50,2.44
2013.06.12 20:31:31.551,1.28045,1.28058,1.50,1.69
2013.06.12 20:31:31.610,1.28044,1.2806,1.50,1.69
2013.06.12 20:31:31.969,1.28045,1.2806,1.50,1.69
2013.06.12 20:31:32.780,1.28044,1.28059,1.50,1.69
2013.06.12 20:31:33.229,1.28045,1.2806,1.50,1.69
2013.06.12 20:31:33.909,1.28045,1.2806,1.50,1.69
2013.06.12 20:31:34.760,1.28045,1.28055,1.50,1.69
2013.06.12 20:31:37.629,1.28045,1.28055,1.50,1.69
2013.06.12 20:31:39.530,1.28045,1.28055,1.50,1.13
2013.06.12 20:31:40.100,1.28044,1.28055,1.50,1.32
2013.06.12 20:31:41.289,1.28045,1.28055,1.50,1.32
2013.06.12 20:31:45.189,1.28044,1.28063,1.50,1.69
2013.06.12 20:31:45.309,1.28045,1.28059,1.50,1.69
2013.06.12 20:31:46.000,1.28045,1.28062,1.50,1.69
2013.06.12 20:31:46.149,1.28045,1.28062,1.50,1.69
2013.06.12 20:31:46.509,1.28049,1.28061,1.50,1.32
2013.06.12 20:31:47.229,1.28049,1.28061,1.50,1.32
2013.06.12 20:31:47.302,1.28053,1.28067,1.50,1.13
2013.06.12 20:31:47.670,1.28057,1.28065,1.50,1.13
2013.06.12 20:31:47.729,1.28058,1.28066,1.50,1.69
2013.06.12 20:31:47.970,1.28036,1.28066,1.13,1.32
2013.06.12 20:31:51.070,1.28057,1.28066,0.75,1.13
2013.06.12 20:31:52.179,1.28059,1.28066,1.50,1.13
2013.06.12 20:31:54.547,1.28055,1.28066,1.50,1.32
2013.06.12 20:31:54.612,1.2804,1.28063,1.50,1.32
2013.06.12 20:31:57.744,1.2804,1.28068,1.50,2.44
2013.06.12 20:31:57.899,1.2804,1.28065,1.50,1.69
2013.06.12 20:31:57.992,1.2804,1.28063,2.25,1.32
2013.06.12 20:31:58.350,1.28032,1.28049,2.44,1.13
2013.06.12 20:31:58.889,1.28034,1.28049,1.69,1.13
2013.06.12 20:31:58.949,1.28031,1.28049,1.13,1.13
2013.06.12 20:32:00.120,1.28033,1.28049,1.69,1.13
2013.06.12 20:32:01.100,1.2803,1.28044,1.69,1.13
2013.06.12 20:32:01.220,1.28032,1.28039,1.32,1.50
2013.06.12 20:32:01.731,1.28032,1.2804,1.69,1.50
2013.06.12 20:32:02.069,1.28032,1.28053,1.69,1.69
2013.06.12 20:32:04.915,1.28035,1.28045,1.32,1.50
2013.06.12 20:32:04.980,1.28036,1.28045,1.32,1.50
2013.06.12 20:32:06.373,1.28036,1.2805,2.07,1.50
2013.06.12 20:32:07.972,1.28036,1.2805,1.32,1.50
2013.06.12 20:32:08.270,1.28036,1.2805,1.69,1.88
2013.06.12 20:32:08.950,1.28033,1.2805,2.44,1.88
2013.06.12 20:32:09.010,1.28032,1.28045,1.69,1.50
2013.06.12 20:32:15.690,1.28032,1.28045,1.69,1.50
2013.06.12 20:32:17.890,1.2803,1.28045,4.32,1.50
2013.06.12 20:32:18.129,1.2803,1.2804,2.07,1.50
2013.06.12 20:32:18.190,1.28029,1.2804,2.82,1.50
2013.06.12 20:32:18.939,1.28028,1.2804,1.50,1.50
2013.06.12 20:32:19.497,1.28026,1.2804,1.13,1.69
2013.06.12 20:32:20.486,1.28026,1.2804,1.13,1.69
2013.06.12 20:32:20.910,1.28026,1.2804,1.13,1.69
2013.06.12 20:32:21.211,1.28023,1.2804,1.69,2.07
2013.06.12 20:32:21.569,1.28022,1.28035,2.82,1.50
2013.06.12 20:32:21.869,1.28023,1.2804,1.69,2.07
2013.06.12 20:32:22.389,1.28022,1.2804,2.07,2.07
2013.06.12 20:32:24.259,1.28024,1.2804,1.69,2.07
2013.06.12 20:32:24.500,1.28029,1.28045,1.32,1.69
2013.06.12 20:32:24.559,1.28029,1.28045,1.32,1.69
2013.06.12 20:32:26.259,1.28029,1.28045,1.32,1.69
2013.06.12 20:32:27.499,1.28027,1.2804,2.44,1.50
2013.06.12 20:32:28.005,1.28027,1.2804,1.69,1.69
2013.06.12 20:32:28.587,1.28027,1.2804,1.69,1.69
2013.06.12 20:32:30.889,1.28025,1.2804,1.69,1.69
2013.06.12 20:32:32.309,1.28024,1.28035,1.69,1.50
2013.06.12 20:32:34.703,1.28024,1.28035,1.69,1.50
2013.06.12 20:32:34.772,1.28024,1.28035,1.69,1.50
2013.06.12 20:32:34.829,1.28024,1.28035,1.69,1.50
2013.06.12 20:32:35.411,1.28024,1.28035,1.32,1.50
2013.06.12 20:32:37.409,1.28022,1.28035,1.69,1.50
2013.06.12 20:32:39.089,1.28021,1.28035,1.13,1.69
2013.06.12 20:32:40.885,1.28021,1.28035,1.13,1.69
2013.06.12 20:32:42.700,1.28021,1.28038,1.13,1.69
2013.06.12 20:32:42.949,1.2802,1.28035,1.50,2.07
2013.06.12 20:32:44.109,1.2802,1.28035,1.50,2.07
2013.06.12 20:32:44.899,1.28017,1.28035,1.13,2.07
2013.06.12 20:32:45.819,1.28021,1.28035,1.50,1.69
2013.06.12 20:32:48.739,1.28021,1.28038,1.50,1.69
2013.06.12 20:32:48.919,1.28025,1.2804,1.50,1.69
2013.06.12 20:32:52.029,1.2802,1.28035,1.69,1.32
2013.06.12 20:32:52.209,1.2802,1.28035,1.69,2.07
2013.06.12 20:32:53.229,1.2802,1.28035,1.69,2.07
2013.06.12 20:32:57.049,1.2802,1.28035,1.69,2.07
2013.06.12 20:32:58.159,1.2802,1.28035,2.44,2.07
2013.06.12 20:33:01.250,1.2802,1.28035,1.50,2.07
2013.06.12 20:33:04.300,1.2802,1.28033,1.50,1.32
2013.06.12 20:33:10.261,1.2802,1.28033,1.69,1.32
2013.06.12 20:33:10.789,1.2802,1.28035,1.69,1.69
2013.06.12 20:33:11.999,1.28021,1.28035,1.50,1.69
2013.06.12 20:33:12.119,1.2802,1.28037,1.69,1.32
2013.06.12 20:33:13.400,1.2802,1.28035,1.69,1.69
2013.06.12 20:33:13.460,1.2802,1.28035,1.69,1.69
2013.06.12 20:33:16.540,1.2802,1.28033,1.50,1.32
2013.06.12 20:33:16.720,1.2802,1.28033,1.69,1.32
2013.06.12 20:33:19.289,1.28022,1.28035,1.13,1.32
2013.06.12 20:33:21.869,1.28022,1.28035,1.13,1.32
2013.06.12 20:33:24.729,1.28022,1.28037,1.13,1.69
2013.06.12 20:33:25.739,1.2802,1.28036,1.50,1.69
2013.06.12 20:33:26.860,1.2802,1.28037,1.69,1.32
2013.06.12 20:33:29.599,1.2802,1.28037,2.44,1.32
2013.06.12 20:33:34.167,1.2802,1.28037,2.44,1.32
2013.06.12 20:33:34.589,1.2802,1.28035,1.69,1.32
2013.06.12 20:33:34.769,1.2802,1.28035,1.69,1.32
2013.06.12 20:33:34.830,1.2802,1.28035,1.13,1.69
2013.06.12 20:33:34.891,1.2802,1.28035,1.13,1.69
2013.06.12 20:33:37.050,1.28017,1.28035,2.07,2.07
2013.06.12 20:33:37.370,1.28019,1.28035,1.13,1.69
2013.06.12 20:33:37.490,1.2801,1.28026,1.50,1.32
2013.06.12 20:33:38.470,1.2801,1.28025,1.50,1.13
2013.06.12 20:33:40.129,1.28005,1.28025,1.50,1.69
2013.06.12 20:33:40.250,1.28005,1.28019,1.50,1.13
2013.06.12 20:33:40.310,1.28005,1.28025,1.50,1.69
2013.06.12 20:33:41.479,1.28005,1.28025,1.50,1.69
2013.06.12 20:33:42.549,1.2801,1.28025,1.50,2.44
2013.06.12 20:33:44.319,1.2801,1.28021,1.50,1.69
2013.06.12 20:33:45.320,1.2801,1.28023,1.50,1.32
2013.06.12 20:33:45.439,1.28015,1.28027,1.50,1.32
2013.06.12 20:33:45.900,1.28015,1.28029,1.50,1.69
2013.06.12 20:33:46.260,1.28025,1.28034,1.50,1.32
2013.06.12 20:33:46.384,1.28025,1.28034,1.50,1.32
2013.06.12 20:33:46.452,1.28019,1.28034,1.50,1.32
2013.06.12 20:33:46.509,1.2802,1.28034,1.50,1.32
2013.06.12 20:33:46.629,1.2802,1.28033,1.50,1.32
2013.06.12 20:33:46.760,1.28015,1.2803,1.50,1.32
2013.06.12 20:33:47.129,1.28015,1.28032,1.50,1.69
2013.06.12 20:33:49.250,1.28014,1.28026,1.50,1.32
2013.06.12 20:33:49.309,1.28015,1.28026,1.50,1.69
2013.06.12 20:33:49.429,1.2801,1.28028,1.50,1.69
2013.06.12 20:33:51.640,1.2801,1.28028,1.50,1.69
2013.06.12 20:33:51.770,1.28005,1.28016,1.50,1.69
2013.06.12 20:33:51.829,1.27999,1.28016,1.50,2.07
2013.06.12 20:33:51.890,1.28,1.28019,1.50,2.07
2013.06.12 20:33:52.010,1.28,1.28019,1.50,1.69
2013.06.12 20:33:52.340,1.28,1.2802,1.50,1.69
2013.06.12 20:33:56.150,1.27995,1.28026,1.69,1.31
2013.06.12 20:33:56.210,1.27995,1.28026,1.69,1.31
2013.06.12 20:33:56.510,1.27995,1.28025,2.44,2.44
2013.06.12 20:33:57.180,1.27993,1.28025,1.69,2.81
2013.06.12 20:33:58.989,1.27991,1.2802,1.32,1.69
2013.06.12 20:34:00.589,1.27991,1.2802,1.32,1.69
2013.06.12 20:34:01.619,1.27993,1.2802,2.82,2.44
2013.06.12 20:34:04.349,1.27995,1.28016,2.44,1.69
2013.06.12 20:34:05.922,1.27995,1.28016,2.44,1.69
2013.06.12 20:34:06.160,1.27993,1.28013,1.32,1.69
2013.06.12 20:34:07.089,1.27994,1.28015,3.19,1.69
2013.06.12 20:34:07.399,1.27994,1.28015,3.19,2.44
2013.06.12 20:34:08.399,1.27994,1.28012,1.69,1.69
2013.06.12 20:34:12.399,1.27993,1.28011,1.32,1.69
2013.06.12 20:34:12.521,1.27989,1.28012,1.13,1.13
2013.06.12 20:34:12.710,1.27989,1.28012,1.13,1.13
2013.06.12 20:34:18.299,1.27993,1.28013,1.32,1.69
2013.06.12 20:34:19.523,1.27989,1.28015,1.13,1.50
2013.06.12 20:34:19.700,1.27988,1.28015,1.32,1.50
2013.06.12 20:34:19.761,1.2799,1.28011,2.82,1.69
2013.06.12 20:34:24.069,1.2799,1.28009,2.44,1.32
2013.06.12 20:34:24.310,1.27987,1.28005,1.32,2.07
2013.06.12 20:34:24.369,1.27987,1.28003,1.32,1.69
2013.06.12 20:34:24.489,1.27985,1.28003,1.69,3.19
2013.06.12 20:34:24.609,1.27988,1.27999,3.00,2.25
2013.06.12 20:34:25.170,1.27987,1.27995,1.32,1.50
2013.06.12 20:34:31.989,1.27985,1.28001,1.32,1.69
2013.06.12 20:34:32.050,1.27983,1.28001,2.25,1.69
2013.06.12 20:34:32.110,1.27983,1.27997,1.50,1.50
2013.06.12 20:34:32.423,1.27983,1.27997,2.25,1.50
2013.06.12 20:34:33.936,1.27984,1.27995,1.32,1.50
2013.06.12 20:34:34.240,1.27989,1.27996,2.82,1.50
2013.06.12 20:34:34.300,1.27992,1.28005,1.32,2.07
2013.06.12 20:34:34.420,1.27989,1.28005,1.69,1.13
2013.06.12 20:34:34.659,1.27989,1.2801,1.69,1.32
2013.06.12 20:34:34.720,1.27989,1.28009,1.69,1.32
2013.06.12 20:34:37.540,1.27987,1.28007,2.07,1.32
2013.06.12 20:34:38.369,1.27989,1.28008,1.32,1.32
2013.06.12 20:34:39.050,1.27987,1.2801,1.13,1.88
2013.06.12 20:34:39.805,1.27988,1.2801,1.13,1.88
2013.06.12 20:34:41.143,1.27988,1.2801,2.07,1.69
2013.06.12 20:34:43.809,1.27988,1.28011,1.69,1.69
2013.06.12 20:34:44.145,1.27985,1.28006,1.69,2.82
2013.06.12 20:34:50.780,1.27985,1.28006,2.07,2.82
2013.06.12 20:34:51.279,1.2799,1.2801,1.69,2.44
2013.06.12 20:34:57.090,1.27988,1.28008,1.32,1.32
2013.06.12 20:34:59.019,1.27986,1.28008,1.13,1.13
2013.06.12 20:35:01.360,1.27986,1.28008,1.13,2.07
2013.06.12 20:35:02.149,1.27987,1.28008,1.69,3.19
2013.06.12 20:35:06.446,1.27987,1.28008,1.69,3.19
2013.06.12 20:35:07.070,1.27987,1.28007,1.69,1.32
2013.06.12 20:35:19.039,1.27986,1.28014,1.13,1.69
2013.06.12 20:35:19.721,1.27987,1.28011,1.32,1.69
2013.06.12 20:35:20.059,1.27987,1.28013,2.82,1.69
2013.06.12 20:35:22.570,1.27987,1.28013,2.44,1.69
2013.06.12 20:35:22.749,1.27986,1.2801,1.69,1.69
2013.06.12 20:35:23.170,1.27986,1.28005,1.32,1.32
2013.06.12 20:35:26.789,1.27986,1.28005,1.32,1.32
2013.06.12 20:35:27.426,1.27986,1.28005,1.32,1.32
2013.06.12 20:35:29.966,1.27984,1.28003,1.69,1.32
2013.06.12 20:35:35.090,1.27984,1.28003,1.32,1.32
2013.06.12 20:35:39.020,1.27982,1.28009,3.19,1.69
2013.06.12 20:35:42.181,1.27982,1.28003,3.19,1.32
2013.06.12 20:35:42.709,1.27982,1.28003,2.82,1.32
2013.06.12 20:35:44.299,1.27985,1.28003,1.32,1.32
2013.06.12 20:35:46.270,1.27985,1.28003,1.32,1.32
2013.06.12 20:35:48.052,1.27985,1.28004,1.32,1.69
2013.06.12 20:35:50.301,1.27989,1.28008,1.32,2.82
2013.06.12 20:35:50.420,1.27991,1.2801,1.32,2.07
2013.06.12 20:35:51.690,1.27991,1.28011,1.32,1.32
2013.06.12 20:35:51.810,1.27991,1.2801,1.32,1.32
2013.06.12 20:35:53.409,1.27992,1.28013,1.32,1.69
2013.06.12 20:35:54.491,1.27992,1.28011,1.32,1.69
2013.06.12 20:35:57.101,1.27991,1.2801,1.32,1.32
2013.06.12 20:35:59.134,1.27991,1.28013,1.32,1.69
2013.06.12 20:35:59.190,1.2799,1.2801,1.32,1.32
2013.06.12 20:36:03.570,1.2799,1.2801,1.32,1.32
2013.06.12 20:36:05.003,1.2799,1.2801,1.32,1.32
2013.06.12 20:36:05.370,1.27994,1.28015,1.69,2.82
2013.06.12 20:36:06.030,1.27991,1.28018,1.32,1.13
2013.06.12 20:36:08.331,1.27993,1.28019,1.69,1.69
2013.06.12 20:36:10.919,1.27996,1.28016,1.69,1.69
2013.06.12 20:36:12.730,1.27997,1.28015,1.32,1.32
2013.06.12 20:36:17.759,1.27995,1.28012,1.32,1.32
2013.06.12 20:36:17.819,1.27993,1.28011,1.32,1.69
2013.06.12 20:36:17.879,1.2799,1.28011,1.69,3.19
2013.06.12 20:36:19.069,1.27988,1.28015,1.69,1.69
2013.06.12 20:36:19.558,1.27988,1.28015,1.69,1.69
2013.06.12 20:36:19.932,1.2799,1.28016,3.19,1.69
2013.06.12 20:36:20.449,1.27991,1.28016,1.32,1.69
2013.06.12 20:36:20.751,1.27993,1.28011,1.32,1.32
2013.06.12 20:36:21.173,1.27988,1.28006,1.32,1.32
2013.06.12 20:36:21.232,1.27985,1.28005,2.44,1.69
2013.06.12 20:36:21.292,1.27976,1.28005,1.32,1.69
2013.06.12 20:36:21.780,1.27976,1.28005,1.13,1.69
2013.06.12 20:36:22.021,1.27967,1.27997,1.32,1.13
2013.06.12 20:36:22.959,1.27968,1.27997,1.32,1.13
2013.06.12 20:36:23.464,1.27968,1.27997,1.69,1.13
2013.06.12 20:36:24.190,1.27969,1.27997,1.32,1.32
2013.06.12 20:36:25.229,1.27969,1.27994,1.32,1.13
2013.06.12 20:36:25.539,1.27969,1.27979,1.32,2.25
2013.06.12 20:36:25.600,1.2796,1.27979,1.50,3.19
2013.06.12 20:36:25.660,1.27954,1.27979,1.50,3.19
2013.06.12 20:36:25.900,1.27956,1.27974,1.32,1.13
2013.06.12 20:36:26.200,1.27956,1.27981,1.32,1.32
2013.06.12 20:36:31.240,1.27956,1.27983,2.07,1.69
2013.06.12 20:36:34.856,1.27957,1.27981,3.19,1.69
2013.06.12 20:36:35.460,1.27958,1.27979,2.44,1.69
2013.06.12 20:36:36.900,1.27951,1.27972,1.13,1.69
2013.06.12 20:36:37.082,1.27957,1.27985,1.32,1.69
2013.06.12 20:36:37.319,1.27957,1.27985,2.82,1.69
2013.06.12 20:36:38.110,1.2796,1.27985,1.32,1.69
2013.06.12 20:36:38.409,1.27962,1.27985,1.32,1.32
2013.06.12 20:36:38.530,1.27974,1.27983,1.32,1.50
2013.06.12 20:36:38.590,1.27974,1.27983,1.32,1.50
2013.06.12 20:36:38.770,1.27976,1.27997,1.32,1.13
2013.06.12 20:36:38.830,1.27976,1.27997,1.32,1.13
2013.06.12 20:36:42.070,1.27978,1.28005,1.32,2.07
2013.06.12 20:36:42.430,1.27976,1.28005,1.32,2.07
2013.06.12 20:36:43.660,1.27977,1.28005,1.32,1.69
2013.06.12 20:36:45.198,1.27977,1.27992,1.32,1.50
2013.06.12 20:36:45.319,1.27975,1.27995,1.32,1.13
2013.06.12 20:36:45.380,1.27975,1.27995,1.32,1.32
2013.06.12 20:36:45.441,1.27975,1.27995,1.32,1.69
2013.06.12 20:36:45.740,1.27972,1.27985,1.32,1.13
2013.06.12 20:36:45.920,1.27972,1.27992,1.32,1.69
2013.06.12 20:36:45.980,1.27973,1.27995,1.32,1.50
2013.06.12 20:36:48.050,1.27973,1.27995,1.32,1.13
2013.06.12 20:36:48.410,1.27972,1.27992,1.32,1.13
2013.06.12 20:36:49.100,1.27971,1.27992,1.32,1.13
2013.06.12 20:36:49.490,1.27966,1.27995,1.69,1.50
2013.06.12 20:36:53.361,1.27966,1.27995,1.32,1.13
2013.06.12 20:36:53.500,1.27972,1.27996,1.32,1.13
2013.06.12 20:36:55.230,1.27973,1.27998,1.32,1.88
2013.06.12 20:36:56.321,1.27972,1.27996,1.32,1.13
2013.06.12 20:36:58.250,1.27975,1.27997,1.69,1.32
2013.06.12 20:36:58.950,1.27975,1.27997,3.57,1.32
2013.06.12 20:36:59.291,1.27986,1.28005,1.32,1.32
2013.06.12 20:36:59.950,1.27983,1.28005,1.32,1.32
2013.06.12 20:37:00.760,1.27983,1.28005,1.32,1.32
2013.06.12 20:37:01.060,1.27973,1.27997,1.32,1.32
2013.06.12 20:37:01.561,1.27975,1.27999,1.32,1.32
2013.06.12 20:37:05.303,1.27978,1.27999,1.32,1.32
2013.06.12 20:37:05.360,1.27975,1.27997,1.32,1.32
2013.06.12 20:37:07.009,1.27978,1.27999,1.32,1.32
2013.06.12 20:37:15.710,1.27972,1.27991,1.13,1.50
2013.06.12 20:37:15.770,1.27969,1.27991,1.32,1.88
2013.06.12 20:37:16.130,1.27945,1.27962,1.32,1.32
2013.06.12 20:37:16.190,1.27945,1.2796,1.13,2.44
2013.06.12 20:37:16.310,1.27945,1.27959,1.13,1.69
2013.06.12 20:37:16.610,1.27945,1.27957,1.13,1.69
2013.06.12 20:37:16.970,1.27945,1.27958,1.13,1.32
2013.06.12 20:37:17.030,1.27945,1.27958,1.13,3.57
2013.06.12 20:37:17.449,1.27945,1.27958,2.63,1.69
2013.06.12 20:37:17.570,1.27945,1.27957,1.88,2.82
2013.06.12 20:37:18.201,1.27945,1.27955,1.88,2.82
2013.06.12 20:37:18.260,1.27945,1.27954,1.88,3.19
2013.06.12 20:37:20.150,1.27945,1.27952,1.88,1.50
2013.06.12 20:37:20.453,1.27945,1.27948,1.88,1.88
2013.06.12 20:37:21.151,1.27942,1.2795,2.25,2.82
2013.06.12 20:37:21.210,1.27932,1.27951,5.03,2.44
2013.06.12 20:37:21.329,1.27932,1.2796,5.03,2.63
2013.06.12 20:37:21.390,1.27935,1.2796,1.50,1.50
2013.06.12 20:37:21.894,1.27935,1.2796,1.50,1.50
2013.06.12 20:37:27.761,1.27938,1.27959,1.69,1.69
2013.06.12 20:37:27.881,1.27938,1.27959,1.69,1.69
2013.06.12 20:37:28.387,1.27938,1.27962,1.69,1.69
2013.06.12 20:37:29.379,1.27938,1.27954,1.69,1.12
2013.06.12 20:37:29.679,1.27939,1.27962,1.69,1.69
2013.06.12 20:37:30.440,1.27939,1.27962,2.07,1.69
2013.06.12 20:37:32.640,1.27936,1.27956,1.69,1.69
2013.06.12 20:37:33.039,1.27937,1.27958,1.69,1.50
2013.06.12 20:37:36.600,1.27937,1.27957,1.69,1.50
2013.06.12 20:37:38.120,1.27935,1.27957,2.44,1.50
2013.06.12 20:37:38.180,1.27939,1.27958,1.69,1.69
2013.06.12 20:37:39.029,1.27935,1.27958,1.69,1.50
2013.06.12 20:37:43.530,1.27939,1.27959,1.50,1.69
2013.06.12 20:37:43.590,1.2794,1.27959,1.13,1.69
2013.06.12 20:37:43.897,1.27944,1.27965,1.32,1.69
2013.06.12 20:37:44.740,1.27947,1.27966,1.32,1.69
2013.06.12 20:37:52.409,1.27943,1.27962,1.69,1.69
2013.06.12 20:37:55.240,1.27947,1.27966,1.69,1.69
2013.06.12 20:37:55.300,1.27947,1.27966,1.69,1.69
2013.06.12 20:37:56.430,1.27946,1.27965,1.69,1.69
2013.06.12 20:37:59.010,1.27945,1.27966,1.50,1.69
2013.06.12 20:38:00.370,1.27945,1.27965,1.50,1.69
2013.06.12 20:38:00.430,1.27947,1.27966,1.69,1.69
2013.06.12 20:38:01.004,1.27946,1.27965,1.69,1.69
2013.06.12 20:38:02.180,1.27948,1.27966,1.69,1.69
2013.06.12 20:38:05.390,1.27945,1.27965,1.50,1.69
2013.06.12 20:38:05.449,1.27948,1.27967,1.69,1.69
2013.06.12 20:38:06.140,1.27948,1.27967,1.69,1.69
2013.06.12 20:38:09.560,1.27947,1.27967,1.32,1.69
2013.06.12 20:38:13.510,1.27947,1.27967,1.32,1.69
2013.06.12 20:38:14.299,1.27951,1.27972,1.69,1.69
2013.06.12 20:38:15.490,1.27951,1.27971,1.69,1.69
2013.06.12 20:38:16.460,1.2795,1.27971,2.82,1.69
2013.06.12 20:38:19.010,1.27945,1.2797,2.07,1.69
2013.06.12 20:38:19.130,1.27946,1.2797,1.32,1.69
2013.06.12 20:38:20.870,1.27946,1.2797,1.32,1.69
2013.06.12 20:38:20.989,1.2795,1.27972,2.44,1.69
2013.06.12 20:38:21.890,1.27951,1.27972,1.32,1.32
2013.06.12 20:38:21.949,1.27951,1.27972,1.69,1.32
2013.06.12 20:38:22.010,1.27957,1.27977,1.32,1.69
2013.06.12 20:38:22.369,1.27957,1.27977,1.32,1.69
2013.06.12 20:38:23.550,1.27948,1.27971,2.44,1.69
2013.06.12 20:38:23.610,1.2795,1.2797,1.32,1.69
2013.06.12 20:38:23.920,1.27949,1.27969,1.32,1.69
2013.06.12 20:38:25.060,1.27951,1.27971,1.32,1.69
2013.06.12 20:38:25.120,1.27951,1.2797,1.32,1.69
2013.06.12 20:38:25.659,1.27949,1.2797,2.82,1.69
2013.06.12 20:38:32.140,1.27954,1.27974,1.69,1.69
2013.06.12 20:38:33.329,1.27956,1.27976,1.32,1.69
2013.06.12 20:38:37.132,1.27957,1.27978,2.44,1.69
2013.06.12 20:38:38.050,1.27956,1.27977,4.32,1.69
2013.06.12 20:38:38.410,1.27956,1.27972,1.32,1.69
2013.06.12 20:38:38.737,1.27952,1.27972,1.32,1.69
2013.06.12 20:38:39.060,1.27946,1.2797,2.44,1.69
2013.06.12 20:38:40.709,1.27948,1.2797,1.13,1.69
2013.06.12 20:38:40.830,1.27948,1.2797,1.50,1.69
2013.06.12 20:38:41.190,1.27954,1.27974,2.82,1.69
2013.06.12 20:38:43.712,1.27954,1.27974,2.82,1.69
2013.06.12 20:38:43.769,1.27954,1.27974,3.19,1.69
2013.06.12 20:38:43.890,1.27956,1.27975,1.32,1.69
2013.06.12 20:38:44.454,1.27956,1.27975,1.32,1.69
2013.06.12 20:38:45.117,1.27956,1.27975,1.32,1.69
2013.06.12 20:38:45.690,1.27954,1.27975,2.82,1.69
2013.06.12 20:38:45.810,1.27954,1.27973,1.32,1.69
2013.06.12 20:38:46.460,1.27954,1.27973,1.32,1.69
2013.06.12 20:38:47.092,1.27954,1.27973,1.32,1.69
2013.06.12 20:38:47.341,1.27954,1.27973,1.13,1.69
2013.06.12 20:38:47.401,1.27949,1.27968,1.32,1.69
2013.06.12 20:38:47.760,1.27949,1.27969,1.32,1.69
2013.06.12 20:38:47.820,1.27951,1.27972,2.82,1.69
2013.06.12 20:38:48.000,1.27954,1.27972,1.32,1.32
2013.06.12 20:38:48.059,1.27954,1.27975,2.82,1.69
2013.06.12 20:38:49.331,1.27954,1.27974,1.32,1.69
2013.06.12 20:38:51.440,1.27956,1.27977,2.82,1.69
2013.06.12 20:38:57.279,1.27956,1.27977,2.82,1.69
2013.06.12 20:38:58.980,1.27957,1.27977,1.32,1.69
2013.06.12 20:38:59.100,1.27955,1.27979,1.69,1.69
2013.06.12 20:38:59.159,1.27955,1.27979,1.69,1.69
2013.06.12 20:38:59.541,1.27955,1.27979,1.69,1.69
2013.06.12 20:38:59.891,1.2796,1.27981,2.82,1.69
2013.06.12 20:39:00.829,1.2796,1.27981,2.82,1.69
2013.06.12 20:39:00.950,1.27958,1.27979,2.82,1.69
2013.06.12 20:39:01.190,1.27958,1.27979,2.82,1.69
2013.06.12 20:39:01.729,1.27958,1.27979,2.82,1.69
2013.06.12 20:39:02.240,1.27958,1.27979,2.82,1.69
2013.06.12 20:39:03.901,1.27958,1.27978,1.32,1.69
2013.06.12 20:39:07.198,1.27959,1.2798,3.57,1.69
2013.06.12 20:39:12.683,1.27961,1.2798,1.32,1.69
2013.06.12 20:39:12.743,1.27961,1.27983,1.32,1.69
2013.06.12 20:39:14.620,1.27963,1.27977,1.32,1.13
2013.06.12 20:39:17.060,1.27963,1.27981,1.32,1.13
2013.06.12 20:39:17.240,1.27963,1.27982,1.32,1.69
2013.06.12 20:39:18.001,1.27961,1.27985,3.57,1.69
2013.06.12 20:39:18.180,1.27959,1.27983,3.94,1.69
2013.06.12 20:39:18.240,1.27959,1.2798,1.32,1.69
2013.06.12 20:39:18.362,1.27957,1.27978,1.32,1.69
2013.06.12 20:39:19.101,1.27956,1.27977,1.32,1.50
2013.06.12 20:39:19.220,1.27957,1.27979,1.32,1.69
2013.06.12 20:39:21.520,1.2795,1.27972,2.82,2.63
2013.06.12 20:39:21.640,1.27955,1.27976,1.32,1.69
2013.06.12 20:39:22.769,1.27957,1.27978,1.32,1.69
2013.06.12 20:39:25.330,1.27957,1.27979,2.82,1.50
2013.06.12 20:39:25.450,1.27961,1.27979,1.69,1.50
2013.06.12 20:39:25.690,1.27952,1.27975,2.07,1.13
2013.06.12 20:39:25.750,1.27958,1.2798,1.32,1.69
2013.06.12 20:39:26.383,1.27958,1.2798,1.32,1.69
2013.06.12 20:39:27.222,1.27959,1.2798,1.32,1.69
2013.06.12 20:39:27.760,1.27959,1.27981,1.32,1.69
2013.06.12 20:39:31.020,1.27957,1.27979,1.32,1.69
2013.06.12 20:39:33.420,1.27953,1.27975,1.32,1.50
2013.06.12 20:39:33.540,1.27943,1.27964,1.32,1.69
2013.06.12 20:39:33.600,1.2794,1.27962,2.82,1.69
2013.06.12 20:39:34.020,1.27943,1.27962,1.32,1.69
2013.06.12 20:39:35.430,1.27942,1.27965,1.69,3.19
2013.06.12 20:39:35.550,1.27946,1.27968,1.69,1.32
2013.06.12 20:39:35.670,1.27946,1.27968,1.69,1.32
2013.06.12 20:39:35.730,1.2795,1.2797,1.69,1.50
2013.06.12 20:39:36.121,1.2795,1.27969,1.69,1.32
2013.06.12 20:39:39.020,1.27946,1.27973,1.69,1.69
2013.06.12 20:39:39.780,1.27946,1.27973,1.69,1.69
2013.06.12 20:39:47.156,1.27945,1.27972,1.69,1.69
2013.06.12 20:39:47.790,1.2795,1.2797,1.32,1.69
2013.06.12 20:39:48.620,1.2795,1.27969,1.32,1.69
2013.06.12 20:39:50.362,1.27948,1.27969,1.32,1.69
2013.06.12 20:39:54.010,1.27948,1.27967,1.32,1.69
2013.06.12 20:39:54.549,1.27947,1.27966,1.69,1.32
2013.06.12 20:39:56.740,1.27947,1.27966,1.69,1.32
2013.06.12 20:39:59.042,1.27944,1.27971,1.69,1.69
2013.06.12 20:40:00.559,1.27944,1.27968,1.69,1.69
2013.06.12 20:40:01.180,1.2795,1.2797,1.69,1.69
2013.06.12 20:40:13.673,1.2795,1.27971,1.32,1.69
2013.06.12 20:40:14.000,1.27948,1.27971,3.57,1.69
2013.06.12 20:40:17.432,1.27951,1.27971,1.32,1.69
2013.06.12 20:40:19.041,1.27944,1.27972,1.69,1.50
2013.06.12 20:40:19.810,1.27951,1.2797,1.69,1.50
2013.06.12 20:40:26.982,1.27948,1.27973,1.69,1.69
2013.06.12 20:40:27.101,1.27952,1.27971,1.32,1.69
2013.06.12 20:40:27.901,1.27949,1.27968,1.32,1.32
2013.06.12 20:40:31.140,1.27946,1.27965,1.32,1.69
2013.06.12 20:40:33.021,1.27953,1.27972,1.32,1.69
2013.06.12 20:40:33.582,1.27953,1.27973,1.32,1.69
2013.06.12 20:40:39.090,1.2795,1.27979,1.13,1.69
2013.06.12 20:40:39.150,1.2795,1.27979,1.50,1.69
2013.06.12 20:40:44.271,1.27952,1.2797,1.69,1.69
2013.06.12 20:40:46.106,1.27951,1.27972,3.19,1.69
2013.06.12 20:40:46.411,1.27957,1.27976,1.69,1.32
2013.06.12 20:40:46.830,1.27958,1.27978,1.32,1.69
2013.06.12 20:40:52.265,1.2796,1.27979,1.32,1.69
2013.06.12 20:40:53.300,1.27963,1.27982,1.32,1.13
2013.06.12 20:40:53.420,1.27962,1.27982,1.32,1.69
2013.06.12 20:40:54.640,1.27961,1.27982,1.32,1.69
2013.06.12 20:40:56.700,1.27964,1.27983,1.32,3.19
2013.06.12 20:40:57.098,1.27966,1.27989,2.82,3.19
2013.06.12 20:40:59.060,1.2796,1.27989,2.07,2.25
2013.06.12 20:40:59.180,1.27963,1.2799,1.32,1.50
2013.06.12 20:40:59.761,1.2796,1.2799,2.63,1.50
2013.06.12 20:41:00.654,1.2796,1.2799,2.63,1.50
2013.06.12 20:41:00.972,1.27963,1.27984,1.50,2.44
2013.06.12 20:41:01.951,1.27964,1.27986,1.50,2.82
2013.06.12 20:41:03.060,1.27965,1.27987,2.44,2.44
2013.06.12 20:41:03.360,1.27975,1.27996,1.32,1.32
2013.06.12 20:41:03.420,1.27977,1.27996,1.32,1.32
2013.06.12 20:41:03.481,1.27976,1.27998,1.32,1.69
2013.06.12 20:41:03.540,1.27975,1.27998,1.69,1.69
2013.06.12 20:41:03.720,1.27985,1.2801,2.44,2.63
2013.06.12 20:41:04.240,1.27987,1.28012,1.32,2.44
2013.06.12 20:41:12.180,1.27989,1.28013,2.44,2.82
2013.06.12 20:41:17.870,1.27989,1.28011,1.32,2.82
2013.06.12 20:41:19.140,1.27983,1.28015,1.32,1.50
2013.06.12 20:41:19.769,1.27986,1.28015,1.69,1.69
2013.06.12 20:41:20.077,1.27988,1.28015,2.44,1.69
2013.06.12 20:41:21.240,1.27988,1.28007,1.32,1.32
2013.06.12 20:41:21.670,1.27991,1.28013,1.32,2.44
2013.06.12 20:41:25.141,1.27988,1.28009,1.32,1.32
2013.06.12 20:41:25.261,1.27984,1.28014,1.32,1.69
2013.06.12 20:41:25.321,1.27984,1.28014,1.32,1.69
2013.06.12 20:41:25.680,1.27987,1.28008,1.32,1.32
2013.06.12 20:41:26.601,1.27989,1.28011,2.82,1.32
2013.06.12 20:41:30.671,1.27997,1.28019,1.32,2.44
2013.06.12 20:41:31.030,1.27994,1.2802,1.69,4.69
2013.06.12 20:41:31.090,1.27998,1.2802,1.32,4.69
2013.06.12 20:41:32.090,1.27997,1.28017,1.32,1.32
2013.06.12 20:41:34.730,1.27994,1.28005,2.25,3.00
2013.06.12 20:41:34.790,1.27983,1.28003,3.19,1.69
2013.06.12 20:41:34.850,1.27983,1.28003,1.69,1.32
2013.06.12 20:41:34.910,1.27983,1.28004,1.69,2.44
2013.06.12 20:41:35.450,1.27979,1.28005,2.82,2.82
2013.06.12 20:41:36.025,1.2798,1.28006,2.82,2.82
2013.06.12 20:41:37.840,1.27983,1.28006,1.32,2.44
2013.06.12 20:41:38.740,1.27985,1.28006,1.32,2.44
2013.06.12 20:41:38.860,1.27987,1.28007,1.32,1.32
2013.06.12 20:41:39.040,1.27978,1.28014,1.32,1.13
2013.06.12 20:41:39.100,1.27978,1.28014,1.32,1.13
2013.06.12 20:41:39.729,1.27978,1.28008,1.32,1.50
2013.06.12 20:41:42.650,1.2798,1.28011,1.32,1.69
2013.06.12 20:41:43.020,1.2798,1.28011,1.32,1.69
2013.06.12 20:41:43.465,1.27989,1.28008,1.32,1.69
2013.06.12 20:41:47.051,1.27987,1.28007,1.32,2.82
2013.06.12 20:41:50.250,1.27978,1.28008,1.69,1.69
2013.06.12 20:41:50.370,1.27987,1.28007,1.32,2.82
2013.06.12 20:41:51.561,1.27989,1.28009,1.32,2.82
2013.06.12 20:41:52.760,1.27987,1.28007,1.32,2.44
2013.06.12 20:41:53.690,1.27987,1.28015,1.32,1.13
2013.06.12 20:41:53.811,1.27988,1.28008,1.32,2.44
2013.06.12 20:41:57.910,1.27989,1.28011,1.32,2.44
2013.06.12 20:41:58.920,1.27991,1.28011,1.32,2.44
2013.06.12 20:41:59.101,1.27984,1.28016,1.32,1.13
2013.06.12 20:41:59.900,1.27984,1.28011,1.32,1.50
2013.06.12 20:42:01.311,1.27989,1.28011,1.32,2.44
2013.06.12 20:42:05.796,1.27991,1.28016,1.32,1.13
2013.06.12 20:42:05.920,1.27988,1.2801,1.32,2.44
2013.06.12 20:42:07.840,1.27989,1.28011,1.32,3.19
2013.06.12 20:42:09.120,1.27988,1.2801,1.32,1.32
2013.06.12 20:42:09.850,1.27988,1.28011,1.32,2.82
2013.06.12 20:42:09.970,1.2799,1.28011,1.32,1.32
2013.06.12 20:42:17.241,1.27988,1.28011,1.32,2.82
2013.06.12 20:42:19.041,1.27984,1.28013,1.69,1.13
2013.06.12 20:42:19.100,1.27984,1.28013,1.69,1.13
2013.06.12 20:42:19.460,1.27984,1.28013,1.32,1.32
2013.06.12 20:42:21.370,1.27987,1.28014,1.69,1.69
2013.06.12 20:42:21.491,1.27991,1.28012,1.32,2.82
2013.06.12 20:42:21.791,1.27982,1.28018,1.69,1.32
2013.06.12 20:42:21.851,1.27984,1.28014,1.69,1.32
2013.06.12 20:42:22.210,1.27991,1.28013,1.32,2.82
2013.06.12 20:42:23.200,1.27989,1.28018,1.32,1.13
2013.06.12 20:42:23.320,1.27991,1.28014,1.32,2.82
2013.06.12 20:42:23.865,1.27991,1.28014,1.32,2.82
2013.06.12 20:42:31.400,1.27991,1.28014,1.32,1.69
2013.06.12 20:42:31.939,1.27991,1.28014,1.32,1.69
2013.06.12 20:42:37.810,1.27991,1.28015,1.32,1.50
2013.06.12 20:42:37.930,1.27993,1.28014,1.32,1.69
2013.06.12 20:42:39.050,1.27983,1.28015,1.69,1.50
2013.06.12 20:42:39.530,1.27991,1.28014,1.32,1.69
2013.06.12 20:42:40.070,1.27991,1.28014,1.32,1.69
2013.06.12 20:42:42.280,1.27991,1.28014,1.32,3.19
2013.06.12 20:42:50.057,1.27989,1.2801,1.32,2.44
2013.06.12 20:42:51.198,1.27988,1.28013,1.69,1.32
2013.06.12 20:42:55.012,1.27991,1.28013,1.32,1.69
2013.06.12 20:42:58.930,1.27993,1.28016,1.32,2.82
2013.06.12 20:42:59.110,1.27986,1.2802,1.69,2.63
2013.06.12 20:43:01.380,1.27986,1.2802,1.69,1.69
2013.06.12 20:43:08.420,1.27986,1.28019,1.69,1.50
2013.06.12 20:43:10.150,1.27986,1.28016,1.69,2.44
2013.06.12 20:43:11.671,1.27985,1.28017,1.69,2.82
2013.06.12 20:43:13.181,1.27983,1.28015,1.69,2.44
2013.06.12 20:43:13.301,1.27989,1.28013,2.44,2.44
2013.06.12 20:43:15.600,1.27991,1.28015,2.82,2.82
2013.06.12 20:43:16.380,1.27996,1.28018,2.44,1.69
2013.06.12 20:43:16.740,1.27993,1.28017,2.82,1.32
2013.06.12 20:43:19.114,1.27988,1.2802,1.69,1.50
2013.06.12 20:43:19.710,1.27988,1.28021,1.69,1.13
2013.06.12 20:43:19.770,1.27984,1.2802,1.69,1.13
2013.06.12 20:43:20.130,1.27993,1.28018,2.44,2.82
2013.06.12 20:43:20.674,1.27992,1.28016,2.82,1.32
2013.06.12 20:43:21.230,1.27991,1.28017,2.82,3.19
2013.06.12 20:43:21.773,1.27992,1.28016,1.32,2.82
2013.06.12 20:43:22.314,1.27992,1.28017,1.32,3.19
2013.06.12 20:43:25.670,1.2799,1.28017,2.82,1.69
2013.06.12 20:43:26.440,1.27991,1.28017,2.44,1.69
2013.06.12 20:43:31.650,1.27991,1.28017,2.82,3.57
2013.06.12 20:43:36.610,1.27989,1.28014,2.44,1.32
2013.06.12 20:43:36.670,1.27987,1.28014,2.82,1.32
2013.06.12 20:43:37.880,1.27991,1.28015,2.82,3.19
2013.06.12 20:43:38.420,1.2799,1.28015,2.44,2.82
2013.06.12 20:43:39.141,1.27985,1.28017,1.69,1.13
2013.06.12 20:43:39.970,1.27985,1.28018,1.69,1.69
2013.06.12 20:43:40.330,1.27992,1.28018,2.82,3.57
2013.06.12 20:43:41.170,1.27996,1.28018,2.82,1.32
2013.06.12 20:43:46.140,1.27996,1.2802,2.82,1.32
2013.06.12 20:43:54.471,1.27997,1.28022,1.32,1.50
2013.06.12 20:43:54.591,1.27999,1.2802,1.32,1.32
2013.06.12 20:43:55.272,1.27995,1.28022,1.69,1.88
2013.06.12 20:43:55.391,1.28,1.28022,2.82,2.82
2013.06.12 20:43:59.090,1.2799,1.28024,1.69,3.00
2013.06.12 20:44:00.890,1.2799,1.28024,1.69,3.00
2013.06.12 20:44:01.830,1.2799,1.28024,1.69,4.13
2013.06.12 20:44:05.995,1.27995,1.28024,1.69,4.13
2013.06.12 20:44:08.420,1.27995,1.28024,1.69,3.19
2013.06.12 20:44:08.541,1.27993,1.28022,1.69,1.13
2013.06.12 20:44:09.930,1.27997,1.28021,2.82,3.57
2013.06.12 20:44:11.410,1.28006,1.28023,2.82,1.32
2013.06.12 20:44:12.330,1.27999,1.28024,1.69,1.69
2013.06.12 20:44:12.450,1.27998,1.28031,1.32,1.50
2013.06.12 20:44:12.870,1.27998,1.28035,1.32,1.32
2013.06.12 20:44:14.060,1.28,1.28035,1.69,1.32
2013.06.12 20:44:17.241,1.28006,1.28033,1.32,2.82
2013.06.12 20:44:18.471,1.28006,1.28031,1.32,2.82
2013.06.12 20:44:19.090,1.27998,1.28035,2.07,1.32
2013.06.12 20:44:23.301,1.28012,1.28037,1.32,1.69
2013.06.12 20:44:23.610,1.28013,1.28035,1.32,2.82
2013.06.12 20:44:26.620,1.28008,1.28032,2.82,3.19
2013.06.12 20:44:27.500,1.28011,1.28032,2.44,1.69
2013.06.12 20:44:38.691,1.28007,1.2804,1.13,1.69
2013.06.12 20:44:41.692,1.28009,1.28038,1.50,2.44
2013.06.12 20:44:42.060,1.28015,1.28036,1.50,2.82
2013.06.12 20:44:42.540,1.28013,1.28036,2.07,2.44
2013.06.12 20:44:42.600,1.28013,1.28038,1.88,3.19
2013.06.12 20:44:42.721,1.28013,1.28036,2.07,2.44
2013.06.12 20:44:43.106,1.28015,1.28035,1.69,1.32
2013.06.12 20:44:43.631,1.28015,1.28036,2.44,2.82
2013.06.12 20:44:45.340,1.28016,1.28037,1.69,3.19
2013.06.12 20:44:46.760,1.28017,1.28037,1.69,1.69
2013.06.12 20:44:50.081,1.28019,1.28039,1.32,1.32
2013.06.12 20:44:50.441,1.28017,1.28037,1.69,1.32
2013.06.12 20:44:50.742,1.2802,1.28041,2.82,1.32
2013.06.12 20:44:55.102,1.28019,1.2804,2.82,1.32
2013.06.12 20:44:55.530,1.28024,1.28045,2.82,1.32
2013.06.12 20:44:59.111,1.28018,1.28041,1.32,1.32
2013.06.12 20:44:59.170,1.28017,1.28041,1.32,1.32
2013.06.12 20:44:59.231,1.28017,1.28045,1.32,1.69
2013.06.12 20:45:00.550,1.28018,1.28041,2.44,1.32
2013.06.12 20:45:02.033,1.28017,1.28041,2.82,3.19
2013.06.12 20:45:05.850,1.28019,1.28041,2.44,1.69
2013.06.12 20:45:08.901,1.28017,1.28038,2.82,1.32
2013.06.12 20:45:09.442,1.28016,1.28037,2.82,1.32
2013.06.12 20:45:12.030,1.28014,1.28035,2.82,1.69
2013.06.12 20:45:12.940,1.28019,1.28041,1.69,1.32
2013.06.12 20:45:17.991,1.28019,1.28041,1.69,2.44
2013.06.12 20:45:19.151,1.28015,1.28046,1.69,1.32
2013.06.12 20:45:19.670,1.28019,1.28046,3.57,1.32
2013.06.12 20:45:22.570,1.28021,1.28044,2.82,1.69
2013.06.12 20:45:23.501,1.28021,1.28045,1.32,1.32
2013.06.12 20:45:23.681,1.2802,1.28044,2.82,2.82
2013.06.12 20:45:26.550,1.28024,1.28046,1.32,2.82
2013.06.12 20:45:26.851,1.28023,1.28044,1.32,2.44
2013.06.12 20:45:28.030,1.28022,1.28044,2.44,1.32
2013.06.12 20:45:31.882,1.28024,1.28045,2.82,1.69
2013.06.12 20:45:36.470,1.28035,1.28055,1.32,1.50
2013.06.12 20:45:36.590,1.28035,1.28056,1.32,1.13
2013.06.12 20:45:36.710,1.28035,1.28056,2.82,2.07
2013.06.12 20:45:37.191,1.2803,1.28054,2.82,2.82
2013.06.12 20:45:38.340,1.2803,1.28053,2.82,2.07
2013.06.12 20:45:38.581,1.28041,1.28058,1.50,1.13
2013.06.12 20:45:38.641,1.28041,1.28062,1.88,1.13
2013.06.12 20:45:39.000,1.28036,1.28059,1.13,2.44
2013.06.12 20:45:39.493,1.28035,1.28062,1.88,1.13
2013.06.12 20:45:39.552,1.28038,1.28065,1.69,1.32
2013.06.12 20:45:40.101,1.28038,1.28062,1.32,1.13
2013.06.12 20:45:40.521,1.28035,1.28061,1.32,1.13
2013.06.12 20:45:40.701,1.28035,1.28059,2.82,2.44
2013.06.12 20:45:45.631,1.28036,1.2806,2.82,2.82
2013.06.12 20:45:46.631,1.28041,1.2806,1.32,1.32
2013.06.12 20:45:47.521,1.28036,1.28059,1.32,2.44
2013.06.12 20:45:48.165,1.28036,1.28059,1.32,2.82
2013.06.12 20:45:50.400,1.28033,1.28057,2.82,2.44
2013.06.12 20:45:50.760,1.28029,1.28049,1.32,1.32
2013.06.12 20:45:52.961,1.28034,1.28055,1.32,2.44
2013.06.12 20:45:53.321,1.28037,1.28058,1.32,2.82
2013.06.12 20:45:54.210,1.28036,1.28064,1.32,1.13
2013.06.12 20:45:54.330,1.28037,1.2806,1.32,2.82
2013.06.12 20:45:55.573,1.28041,1.28061,1.32,1.69
2013.06.12 20:45:55.963,1.28041,1.28062,1.32,1.69
2013.06.12 20:45:58.011,1.28036,1.28057,1.69,2.82
2013.06.12 20:45:58.370,1.28034,1.28055,1.69,2.44
2013.06.12 20:45:58.430,1.28038,1.2806,1.32,2.44
2013.06.12 20:45:58.491,1.28038,1.28062,1.32,3.57
2013.06.12 20:45:59.090,1.28031,1.28065,1.69,1.50
2013.06.12 20:45:59.270,1.28031,1.28062,1.69,1.88
2013.06.12 20:45:59.330,1.2803,1.28061,1.69,2.82
2013.06.12 20:45:59.722,1.28035,1.28059,2.82,2.82
2013.06.12 20:45:59.960,1.28035,1.28058,1.32,2.44
2013.06.12 20:46:00.950,1.28034,1.28057,1.32,2.44
2013.06.12 20:46:02.230,1.28033,1.28065,1.32,2.63
2013.06.12 20:46:02.350,1.28034,1.28058,1.32,2.82
2013.06.12 20:46:05.090,1.28028,1.28058,2.07,2.82
2013.06.12 20:46:05.151,1.28034,1.28056,1.32,2.44
2013.06.12 20:46:05.770,1.28034,1.28057,1.32,2.82
2013.06.12 20:46:10.076,1.28034,1.28058,1.32,2.82
2013.06.12 20:46:10.630,1.28034,1.28057,1.32,1.32
2013.06.12 20:46:11.910,1.28028,1.28062,1.13,2.44
2013.06.12 20:46:15.601,1.28028,1.28061,1.32,1.32
2013.06.12 20:46:16.430,1.28029,1.28061,1.32,1.32
2013.06.12 20:46:17.471,1.2803,1.28062,1.69,1.32
2013.06.12 20:46:18.798,1.28029,1.28065,2.07,1.69
2013.06.12 20:46:19.110,1.2803,1.28065,2.44,1.69
2013.06.12 20:46:21.060,1.2803,1.28067,1.88,1.32
2013.06.12 20:46:22.541,1.2803,1.28067,1.88,1.32
2013.06.12 20:46:23.061,1.2803,1.28063,1.88,1.69
2013.06.12 20:46:23.660,1.2803,1.28062,1.13,1.32
2013.06.12 20:46:25.940,1.28027,1.28059,1.32,2.44
2013.06.12 20:46:27.801,1.2803,1.28062,1.69,3.19
2013.06.12 20:46:30.600,1.28035,1.28062,1.32,1.69
2013.06.12 20:46:33.080,1.28036,1.28063,2.44,1.69
2013.06.12 20:46:34.890,1.28035,1.28062,1.69,1.32
2013.06.12 20:46:37.450,1.28035,1.28062,1.32,1.32
2013.06.12 20:46:38.921,1.28035,1.28063,1.69,1.32
2013.06.12 20:46:39.163,1.2803,1.28063,1.32,1.32
2013.06.12 20:46:40.651,1.2803,1.28056,1.13,2.44
2013.06.12 20:46:40.710,1.28032,1.28056,1.13,2.44
2013.06.12 20:46:40.771,1.28032,1.28059,1.32,2.44
2013.06.12 20:46:41.973,1.28032,1.28063,1.13,1.32
2013.06.12 20:46:42.032,1.28026,1.28063,1.13,1.32
2013.06.12 20:46:42.091,1.28026,1.2806,1.13,1.69
2013.06.12 20:46:42.636,1.28026,1.28059,1.13,1.69
2013.06.12 20:46:43.200,1.28026,1.28057,1.13,1.69
2013.06.12 20:46:45.600,1.28022,1.28056,1.50,1.32
2013.06.12 20:46:45.661,1.28022,1.28054,1.50,2.44
2013.06.12 20:46:45.780,1.28022,1.28055,1.69,1.69
2013.06.12 20:46:46.510,1.28022,1.28054,1.69,1.69
2013.06.12 20:46:46.950,1.28022,1.28048,1.69,1.50
2013.06.12 20:46:47.490,1.28022,1.28048,1.50,1.50
2013.06.12 20:46:47.910,1.28025,1.28038,1.13,1.50
2013.06.12 20:46:49.010,1.28022,1.28038,1.50,1.50
2013.06.12 20:46:54.910,1.28028,1.28052,1.69,1.69
2013.06.12 20:46:54.970,1.28028,1.28055,1.32,2.44
2013.06.12 20:46:55.729,1.28031,1.28055,1.32,2.44
2013.06.12 20:46:56.142,1.28033,1.28057,1.32,1.32
2013.06.12 20:46:56.462,1.28033,1.28051,1.32,1.69
2013.06.12 20:46:56.520,1.28033,1.28051,1.32,1.32
2013.06.12 20:46:56.580,1.28026,1.28048,1.69,1.32
2013.06.12 20:46:57.120,1.28028,1.28048,1.69,1.32
2013.06.12 20:46:57.630,1.28028,1.28048,1.32,1.32
2013.06.12 20:46:57.690,1.28027,1.28048,1.32,1.32
2013.06.12 20:46:57.930,1.28023,1.28045,1.32,1.32
2013.06.12 20:46:58.240,1.28025,1.28047,1.69,1.32
2013.06.12 20:46:59.180,1.28021,1.28054,1.13,1.69
2013.06.12 20:47:03.062,1.28019,1.28056,1.50,1.69
2013.06.12 20:47:05.010,1.28022,1.28056,1.50,1.69
2013.06.12 20:47:05.910,1.28026,1.28058,1.50,1.69
2013.06.12 20:47:06.300,1.28027,1.28056,1.32,1.69
2013.06.12 20:47:06.830,1.2803,1.28056,1.50,1.69
2013.06.12 20:47:07.150,1.28033,1.28057,1.50,1.69
2013.06.12 20:47:09.030,1.28018,1.28053,1.13,1.32
2013.06.12 20:47:11.502,1.28022,1.28048,2.25,1.32
2013.06.12 20:47:12.094,1.28023,1.28045,2.44,1.32
2013.06.12 20:47:13.640,1.28023,1.28045,2.44,1.32
2013.06.12 20:47:13.762,1.28018,1.28042,1.69,2.82
2013.06.12 20:47:13.821,1.28024,1.28045,1.69,1.32
2013.06.12 20:47:14.000,1.28024,1.28045,1.69,1.32
2013.06.12 20:47:14.641,1.28025,1.28047,1.69,1.32
2013.06.12 20:47:15.060,1.28025,1.28047,1.69,1.32
2013.06.12 20:47:15.803,1.28023,1.28045,2.44,1.32
2013.06.12 20:47:16.570,1.2802,1.28042,1.69,1.32
2013.06.12 20:47:16.920,1.2802,1.28042,1.69,1.32
2013.06.12 20:47:16.980,1.2802,1.28042,1.69,1.32
2013.06.12 20:47:19.121,1.2802,1.28042,1.69,1.32
2013.06.12 20:47:25.200,1.28017,1.28039,1.69,1.32
2013.06.12 20:47:26.630,1.28024,1.28046,2.44,1.32
2013.06.12 20:47:34.111,1.28022,1.28044,2.44,1.32
2013.06.12 20:47:37.440,1.28024,1.28046,1.69,1.32
2013.06.12 20:47:39.160,1.2802,1.28044,1.50,1.32
2013.06.12 20:47:39.880,1.28016,1.2805,1.13,1.32
2013.06.12 20:47:40.060,1.28028,1.28055,3.00,1.32
2013.06.12 20:47:40.120,1.28028,1.28058,3.00,2.07
2013.06.12 20:47:40.542,1.28035,1.28056,1.32,1.32
2013.06.12 20:47:41.100,1.28036,1.28056,1.13,1.32
2013.06.12 20:47:41.503,1.28035,1.28056,1.32,1.32
2013.06.12 20:47:47.110,1.28032,1.28056,1.69,2.44
2013.06.12 20:47:47.821,1.28032,1.28053,1.32,1.32
2013.06.12 20:47:48.450,1.28032,1.28056,1.32,2.44
2013.06.12 20:47:48.510,1.28037,1.2806,1.50,1.69
2013.06.12 20:47:48.570,1.28037,1.28063,1.50,1.32
2013.06.12 20:47:49.024,1.28038,1.2806,1.69,1.32
2013.06.12 20:47:49.702,1.28038,1.2806,1.69,1.32
2013.06.12 20:47:52.622,1.28036,1.28059,1.69,2.44
2013.06.12 20:47:56.881,1.28036,1.28058,1.69,1.32
2013.06.12 20:47:59.166,1.28031,1.28067,1.13,1.69
2013.06.12 20:47:59.292,1.28031,1.28053,1.13,1.32
2013.06.12 20:47:59.411,1.28047,1.2807,1.50,2.07
2013.06.12 20:47:59.471,1.28045,1.28067,1.69,1.32
2013.06.12 20:48:00.011,1.28053,1.28072,1.69,1.32
2013.06.12 20:48:01.480,1.28054,1.28073,1.69,1.32
2013.06.12 20:48:02.521,1.28057,1.28082,2.44,1.32
2013.06.12 20:48:02.581,1.28063,1.28085,1.69,1.69
2013.06.12 20:48:03.140,1.28063,1.28089,1.69,2.44
2013.06.12 20:48:04.000,1.28062,1.28088,1.13,1.69
2013.06.12 20:48:06.130,1.28062,1.28088,1.13,1.69
2013.06.12 20:48:06.650,1.28063,1.28089,1.50,3.94
2013.06.12 20:48:09.280,1.28063,1.28085,1.69,1.32
2013.06.12 20:48:10.700,1.2806,1.28082,1.69,1.32
2013.06.12 20:48:11.090,1.28059,1.28082,1.32,1.32
2013.06.12 20:48:11.273,1.28061,1.28086,2.25,1.69
2013.06.12 20:48:12.200,1.28058,1.28086,1.50,1.69
2013.06.12 20:48:12.702,1.28058,1.28085,1.13,1.32
2013.06.12 20:48:13.180,1.28059,1.28086,1.32,1.69
2013.06.12 20:48:16.495,1.28059,1.28087,1.69,2.07
2013.06.12 20:48:17.380,1.28057,1.28087,1.69,2.07
2013.06.12 20:48:19.210,1.28051,1.28087,1.32,1.32
2013.06.12 20:48:21.282,1.28051,1.28088,1.69,2.07
2013.06.12 20:48:21.593,1.28054,1.28088,1.69,1.13
2013.06.12 20:48:22.940,1.28062,1.28088,2.82,1.13
2013.06.12 20:48:25.660,1.28059,1.28089,1.32,2.07
2013.06.12 20:48:25.721,1.28051,1.28088,1.69,1.32
2013.06.12 20:48:25.780,1.28051,1.28088,1.32,1.32
2013.06.12 20:48:25.960,1.28053,1.28088,2.82,1.32
2013.06.12 20:48:31.181,1.28051,1.28084,1.69,1.32
2013.06.12 20:48:32.280,1.28051,1.28082,1.69,1.69
2013.06.12 20:48:34.000,1.2805,1.2808,1.69,1.69
2013.06.12 20:48:35.910,1.28052,1.28082,1.32,1.32
2013.06.12 20:48:36.423,1.28052,1.28083,1.69,1.32
2013.06.12 20:48:38.050,1.28057,1.28085,1.69,1.32
2013.06.12 20:48:38.170,1.28052,1.28085,1.69,1.32
2013.06.12 20:48:38.290,1.28056,1.28085,1.69,1.32
2013.06.12 20:48:39.094,1.28049,1.28086,1.32,1.32
2013.06.12 20:48:43.715,1.28049,1.28086,1.32,1.32
2013.06.12 20:48:44.720,1.28049,1.28072,1.13,2.44
2013.06.12 20:48:45.331,1.28049,1.28084,1.13,1.69
2013.06.12 20:48:47.242,1.28049,1.28085,1.32,1.32
2013.06.12 20:48:48.360,1.28048,1.28085,1.50,1.69
2013.06.12 20:48:55.450,1.28054,1.28083,1.69,2.44
2013.06.12 20:48:55.510,1.28056,1.28083,1.32,1.69
2013.06.12 20:48:57.187,1.28056,1.28077,1.32,2.44
2013.06.12 20:48:59.210,1.28047,1.28083,1.32,1.69
2013.06.12 20:49:00.040,1.28056,1.28083,1.32,1.69
2013.06.12 20:49:00.472,1.28052,1.28084,2.44,1.32
2013.06.12 20:49:00.530,1.28047,1.28084,4.32,1.32
2013.06.12 20:49:00.711,1.28051,1.28081,1.69,1.32
2013.06.12 20:49:00.771,1.28054,1.28084,1.69,1.32
2013.06.12 20:49:00.830,1.28061,1.28084,1.32,1.13
2013.06.12 20:49:01.010,1.28055,1.28084,1.69,1.13
2013.06.12 20:49:01.070,1.28062,1.28084,1.32,1.32
2013.06.12 20:49:01.370,1.28061,1.28084,1.32,1.32
2013.06.12 20:49:03.650,1.28059,1.28079,1.32,2.44
2013.06.12 20:49:04.740,1.28059,1.2808,1.69,3.19
2013.06.12 20:49:06.450,1.28059,1.2808,1.69,3.19
2013.06.12 20:49:06.570,1.28063,1.28085,1.32,2.44
2013.06.12 20:49:07.650,1.28063,1.28087,1.69,2.82
2013.06.12 20:49:07.770,1.28065,1.28087,1.69,3.57
2013.06.12 20:49:09.491,1.28066,1.28087,1.32,3.19
2013.06.12 20:49:11.546,1.28066,1.28087,1.69,2.44
2013.06.12 20:49:12.050,1.28061,1.28085,3.57,1.69
2013.06.12 20:49:12.110,1.28061,1.28085,3.57,1.69
2013.06.12 20:49:14.830,1.28063,1.28089,1.69,3.19
2013.06.12 20:49:16.850,1.2806,1.28087,1.69,3.57
2013.06.12 20:49:18.141,1.28062,1.28087,1.69,2.07
2013.06.12 20:49:18.260,1.28061,1.28081,1.69,1.32
2013.06.12 20:49:19.130,1.28055,1.2809,2.07,1.69
2013.06.12 20:49:21.371,1.28055,1.28089,1.88,1.69
2013.06.12 20:49:25.290,1.28055,1.28088,1.88,2.44
2013.06.12 20:49:25.350,1.28055,1.28089,2.07,3.94
2013.06.12 20:49:27.030,1.28055,1.28089,2.82,1.69
2013.06.12 20:49:27.090,1.28065,1.28091,3.00,2.82
2013.06.12 20:49:27.210,1.28068,1.28091,1.69,4.32
2013.06.12 20:49:27.277,1.28069,1.28096,1.32,4.32
2013.06.12 20:49:27.700,1.28063,1.2809,1.69,1.32
2013.06.12 20:49:27.820,1.28063,1.2809,1.32,2.07
2013.06.12 20:49:39.201,1.28058,1.28091,2.07,1.69
2013.06.12 20:49:44.631,1.28062,1.28091,1.69,1.69
2013.06.12 20:49:45.071,1.28065,1.28091,2.82,1.50
2013.06.12 20:49:45.575,1.28065,1.28091,2.82,1.69
2013.06.12 20:49:54.030,1.28059,1.28091,1.13,1.69
2013.06.12 20:49:54.210,1.28059,1.28091,1.13,2.44
2013.06.12 20:49:55.200,1.28058,1.2809,1.13,1.32
2013.06.12 20:49:56.280,1.28058,1.28091,1.13,1.69
2013.06.12 20:49:59.250,1.28059,1.28091,1.13,1.69
2013.06.12 20:50:02.870,1.28063,1.2809,1.32,1.32
2013.06.12 20:50:04.631,1.28063,1.2809,1.32,1.32
2013.06.12 20:50:07.142,1.28063,1.28091,1.32,2.44
2013.06.12 20:50:10.800,1.28063,1.2809,1.32,1.32
2013.06.12 20:50:13.781,1.28064,1.28091,2.44,2.07
2013.06.12 20:50:15.100,1.28063,1.2809,1.32,1.32
2013.06.12 20:50:15.340,1.28062,1.2809,1.69,1.32
2013.06.12 20:50:17.230,1.28063,1.28087,2.82,2.44
2013.06.12 20:50:18.013,1.28063,1.28089,1.32,1.69
2013.06.12 20:50:19.130,1.28057,1.28091,2.07,1.32
2013.06.12 20:50:20.291,1.28057,1.28089,1.13,2.07
2013.06.12 20:50:20.600,1.28055,1.28089,3.57,2.07
2013.06.12 20:50:20.780,1.28055,1.28089,3.57,2.07
2013.06.12 20:50:21.060,1.28055,1.28089,3.38,1.13
2013.06.12 20:50:21.240,1.28055,1.28089,3.38,1.32
2013.06.12 20:50:21.360,1.28055,1.28091,3.38,1.32
2013.06.12 20:50:21.547,1.28055,1.28091,3.38,1.69
2013.06.12 20:50:22.951,1.28055,1.28091,4.13,1.69
2013.06.12 20:50:23.010,1.28058,1.2809,1.50,1.32
2013.06.12 20:50:25.320,1.28058,1.28069,1.50,0.75
2013.06.12 20:50:28.680,1.28055,1.2807,1.50,1.50
2013.06.12 20:50:29.064,1.28052,1.28075,1.32,1.50
2013.06.12 20:50:31.110,1.28055,1.28088,1.50,1.13
2013.06.12 20:50:31.170,1.28055,1.28088,1.50,1.13
2013.06.12 20:50:33.360,1.28055,1.28088,1.50,1.32
2013.06.12 20:50:33.790,1.28055,1.28069,1.50,0.75
2013.06.12 20:50:36.871,1.28055,1.28088,1.50,1.32
2013.06.12 20:50:36.930,1.28059,1.28088,1.32,1.13
2013.06.12 20:50:37.050,1.28058,1.28086,1.69,1.69
2013.06.12 20:50:38.090,1.28059,1.28086,1.32,1.69
2013.06.12 20:50:39.140,1.28053,1.28088,1.32,1.32
2013.06.12 20:50:39.645,1.28053,1.28086,1.32,1.32
2013.06.12 20:50:39.821,1.28054,1.28087,1.32,2.44
2013.06.12 20:50:40.060,1.28055,1.28086,1.69,1.32
2013.06.12 20:50:40.370,1.28057,1.28086,1.32,2.07
2013.06.12 20:50:47.663,1.28053,1.28083,1.69,2.82
2013.06.12 20:50:49.792,1.28051,1.28082,1.50,2.44
2013.06.12 20:50:49.910,1.28053,1.28083,1.69,2.82
2013.06.12 20:50:50.031,1.28051,1.2808,1.13,2.44
2013.06.12 20:50:50.091,1.28051,1.28081,1.32,2.82
2013.06.12 20:50:50.211,1.28051,1.28081,1.32,1.32
2013.06.12 20:50:50.793,1.28051,1.28081,2.07,1.32
2013.06.12 20:50:51.320,1.28051,1.2808,1.32,2.44
2013.06.12 20:50:55.470,1.28049,1.28078,1.32,2.82
2013.06.12 20:50:58.162,1.28049,1.28079,2.07,2.44
2013.06.12 20:50:58.687,1.2805,1.2808,1.69,2.82
2013.06.12 20:50:59.000,1.28057,1.28085,1.69,2.44
2013.06.12 20:50:59.152,1.28049,1.28085,2.07,1.69
2013.06.12 20:50:59.271,1.28049,1.28083,1.13,1.69
2013.06.12 20:50:59.741,1.28054,1.28082,1.69,1.69
2013.06.12 20:51:00.283,1.28057,1.28083,1.69,1.69
2013.06.12 20:51:00.701,1.28053,1.28082,1.69,1.69
2013.06.12 20:51:00.881,1.28048,1.2808,2.07,2.82
2013.06.12 20:51:01.241,1.28049,1.28069,1.32,1.32
2013.06.12 20:51:01.720,1.28045,1.28073,2.07,1.32
2013.06.12 20:51:01.840,1.28046,1.28068,1.32,2.82
2013.06.12 20:51:03.101,1.28048,1.28069,1.32,2.44
2013.06.12 20:51:04.591,1.28046,1.28065,1.69,1.32
2013.06.12 20:51:07.611,1.28042,1.28072,1.32,1.32
2013.06.12 20:51:07.730,1.28045,1.28066,1.69,2.82
2013.06.12 20:51:11.031,1.28045,1.28066,1.69,2.44
2013.06.12 20:51:11.211,1.28048,1.28069,1.69,2.82
2013.06.12 20:51:11.871,1.28046,1.28067,1.69,2.82
2013.06.12 20:51:13.120,1.28048,1.2807,1.32,2.82
2013.06.12 20:51:13.360,1.28046,1.28067,1.32,2.82
2013.06.12 20:51:14.040,1.28044,1.28067,1.69,2.44
2013.06.12 20:51:15.271,1.28045,1.28069,2.82,2.82
2013.06.12 20:51:17.950,1.28038,1.28065,2.07,2.82
2013.06.12 20:51:18.190,1.28041,1.28075,1.69,3.57
2013.06.12 20:51:18.310,1.28044,1.28065,1.32,2.44
2013.06.12 20:51:18.371,1.28046,1.28067,1.32,2.44
2013.06.12 20:51:18.910,1.28048,1.28069,1.32,2.82
2013.06.12 20:51:19.211,1.28038,1.28077,1.32,3.19
2013.06.12 20:51:19.270,1.28038,1.28077,1.32,3.19
2013.06.12 20:51:20.700,1.28038,1.28074,1.13,1.69
2013.06.12 20:51:20.821,1.28041,1.28075,1.69,1.32
2013.06.12 20:51:20.941,1.28041,1.28075,1.69,1.32
2013.06.12 20:51:21.060,1.28044,1.28078,1.69,2.07
2013.06.12 20:51:21.181,1.28045,1.28076,1.69,1.69
2013.06.12 20:51:21.660,1.28047,1.28069,1.69,2.82
2013.06.12 20:51:27.210,1.28047,1.28069,3.19,1.32
2013.06.12 20:51:27.511,1.28047,1.28068,1.69,1.32
2013.06.12 20:51:28.251,1.28046,1.28064,1.69,1.32
2013.06.12 20:51:28.670,1.28043,1.28064,1.32,2.82
2013.06.12 20:51:30.331,1.28034,1.28057,1.88,2.44
2013.06.12 20:51:30.450,1.28038,1.28062,2.82,2.82
2013.06.12 20:51:31.351,1.28039,1.28062,2.44,1.32
2013.06.12 20:51:32.770,1.28039,1.28063,2.82,2.82
2013.06.12 20:51:35.653,1.28032,1.28058,1.88,2.44
2013.06.12 20:51:35.972,1.28037,1.28061,2.82,2.82
2013.06.12 20:51:36.990,1.28039,1.28063,2.82,3.19
2013.06.12 20:51:37.110,1.28036,1.2807,1.32,2.63
2013.06.12 20:51:37.170,1.28039,1.28063,2.82,3.19
2013.06.12 20:51:38.311,1.28039,1.28063,2.82,3.19
2013.06.12 20:51:39.184,1.28034,1.28071,1.32,1.13
2013.06.12 20:51:39.363,1.28034,1.28071,1.32,1.13
2013.06.12 20:51:40.920,1.28034,1.28059,1.13,2.44
2013.06.12 20:51:42.130,1.28032,1.28059,1.32,2.44
2013.06.12 20:51:42.431,1.28036,1.2806,3.19,2.82
2013.06.12 20:51:42.790,1.28039,1.28063,2.82,3.19
2013.06.12 20:51:43.197,1.28041,1.28069,1.32,1.13
2013.06.12 20:51:43.261,1.28041,1.28063,2.82,1.32
2013.06.12 20:51:43.785,1.28041,1.28063,2.82,1.32
2013.06.12 20:51:44.300,1.2804,1.28063,2.82,1.32
2013.06.12 20:51:46.810,1.2804,1.28063,2.82,1.32
2013.06.12 20:51:51.411,1.28039,1.28062,1.32,2.44
2013.06.12 20:51:52.241,1.28039,1.28059,1.32,1.32
2013.06.12 20:51:52.301,1.28036,1.28055,1.32,1.69
2013.06.12 20:51:52.421,1.28034,1.28052,1.32,1.69
2013.06.12 20:51:52.540,1.28036,1.28058,2.07,2.44
2013.06.12 20:51:52.601,1.28041,1.28067,2.44,1.69
2013.06.12 20:51:52.661,1.28041,1.28066,2.82,1.32
2013.06.12 20:51:52.722,1.28042,1.28063,2.44,1.69
2013.06.12 20:51:53.080,1.28039,1.28063,3.57,2.82
2013.06.12 20:51:57.470,1.28042,1.28066,2.82,3.19
2013.06.12 20:51:59.181,1.28043,1.28066,2.44,1.69
2013.06.12 20:51:59.241,1.28035,1.28072,2.07,1.32
2013.06.12 20:52:00.012,1.28035,1.28072,1.32,1.32
2013.06.12 20:52:00.319,1.28037,1.28062,1.13,2.82
2013.06.12 20:52:05.452,1.28037,1.28062,1.13,3.19
2013.06.12 20:52:05.804,1.28042,1.28063,2.82,1.69
2013.06.12 20:52:09.620,1.28035,1.28055,1.88,2.44
2013.06.12 20:52:09.680,1.2803,1.28055,1.50,2.44
2013.06.12 20:52:09.740,1.28035,1.28059,2.82,3.19
2013.06.12 20:52:10.101,1.28033,1.28057,2.44,2.44
2013.06.12 20:52:10.801,1.28032,1.28054,1.69,2.44
2013.06.12 20:52:12.037,1.2802,1.2806,1.69,3.57
2013.06.12 20:52:12.101,1.28025,1.2805,1.69,1.69
2013.06.12 20:52:12.761,1.28016,1.28047,1.69,1.32
2013.06.12 20:52:12.827,1.28015,1.28046,3.19,2.44
2013.06.12 20:52:13.130,1.28019,1.28044,2.82,1.32
2013.06.12 20:52:13.730,1.28018,1.28045,1.32,1.13
2013.06.12 20:52:13.850,1.28019,1.28044,2.82,1.32
2013.06.12 20:52:14.410,1.28018,1.28044,2.82,1.69
2013.06.12 20:52:14.530,1.28013,1.28044,1.69,1.32
2013.06.12 20:52:14.651,1.28017,1.28044,2.82,1.32
2013.06.12 20:52:16.502,1.28017,1.28042,2.82,1.32
2013.06.12 20:52:16.861,1.28019,1.28044,2.82,1.32
2013.06.12 20:52:18.260,1.28017,1.28044,3.19,1.69
2013.06.12 20:52:18.441,1.28021,1.28047,1.32,3.19
2013.06.12 20:52:18.561,1.28021,1.28047,1.69,1.32
2013.06.12 20:52:19.100,1.28021,1.28046,1.32,1.32
2013.06.12 20:52:19.281,1.28017,1.28049,1.50,1.13
2013.06.12 20:52:19.461,1.28015,1.28042,2.07,1.32
2013.06.12 20:52:19.820,1.28015,1.28036,2.82,1.32
2013.06.12 20:52:22.170,1.28016,1.28042,2.82,1.69
2013.06.12 20:52:22.291,1.28016,1.28037,2.82,1.69
2013.06.12 20:52:24.011,1.28012,1.28035,1.69,3.19
2013.06.12 20:52:25.130,1.28008,1.28032,3.57,2.82
2013.06.12 20:52:28.631,1.28009,1.28032,2.44,1.32
2013.06.12 20:52:29.012,1.2802,1.28039,1.32,3.57
2013.06.12 20:52:29.319,1.28018,1.28041,2.44,1.32
2013.06.12 20:52:30.111,1.28017,1.28039,1.32,2.44
2013.06.12 20:52:30.421,1.28018,1.28041,1.32,2.82
2013.06.12 20:52:30.772,1.28019,1.28042,2.44,1.32
2013.06.12 20:52:32.150,1.28018,1.28042,2.82,1.69
2013.06.12 20:52:32.270,1.28013,1.28039,1.32,2.25
2013.06.12 20:52:32.331,1.28019,1.2804,1.32,1.32
2013.06.12 20:52:34.615,1.28019,1.2804,1.32,2.07
2013.06.12 20:52:35.661,1.28017,1.2804,1.13,1.69
2013.06.12 20:52:35.781,1.28017,1.2804,1.32,1.69
2013.06.12 20:52:36.750,1.2801,1.28034,1.32,1.69
2013.06.12 20:52:36.871,1.28014,1.28034,1.32,1.69
2013.06.12 20:52:37.171,1.28004,1.2803,2.07,1.32
2013.06.12 20:52:37.290,1.2801,1.2803,1.32,1.32
2013.06.12 20:52:37.860,1.2801,1.2803,1.32,2.82
2013.06.12 20:52:39.154,1.28004,1.2803,1.32,1.88
2013.06.12 20:52:39.271,1.28005,1.2803,1.69,1.88
2013.06.12 20:52:40.161,1.28004,1.2803,1.32,1.13
2013.06.12 20:52:40.280,1.28013,1.28039,2.44,1.88
2013.06.12 20:52:42.292,1.28014,1.28035,2.44,1.32
2013.06.12 20:52:50.141,1.28013,1.2803,2.82,1.13
2013.06.12 20:52:50.261,1.28012,1.28033,2.44,1.32
2013.06.12 20:52:54.291,1.28015,1.28031,1.32,1.13
2013.06.12 20:52:55.961,1.2801,1.28026,2.82,1.13
2013.06.12 20:52:56.025,1.28013,1.28034,1.32,2.44
2013.06.12 20:52:56.083,1.28016,1.28034,1.69,1.69
2013.06.12 20:52:56.478,1.28009,1.2803,2.82,1.69
2013.06.12 20:52:56.801,1.28006,1.28027,1.32,3.19
2013.06.12 20:52:57.161,1.28008,1.28028,1.32,1.69
2013.06.12 20:52:59.092,1.2801,1.28032,2.82,1.69
2013.06.12 20:52:59.271,1.28001,1.28036,1.69,1.69
2013.06.12 20:53:00.291,1.28014,1.28041,2.82,1.69
2013.06.12 20:53:04.301,1.2801,1.28029,1.32,1.69
2013.06.12 20:53:05.051,1.28,1.28038,1.50,1.69
2013.06.12 20:53:05.231,1.28001,1.28038,2.25,1.69
2013.06.12 20:53:07.731,1.28,1.28031,1.69,1.32
2013.06.12 20:53:08.038,1.28007,1.28034,1.13,1.69
2013.06.12 20:53:08.101,1.28,1.28034,3.19,1.69
2013.06.12 20:53:08.221,1.28004,1.28031,1.69,2.07
2013.06.12 20:53:08.282,1.2799,1.28024,1.50,1.69
2013.06.12 20:53:08.401,1.27995,1.28019,2.44,1.32
2013.06.12 20:53:08.581,1.27995,1.28018,1.50,2.44
2013.06.12 20:53:08.641,1.27996,1.28022,1.69,3.57
2013.06.12 20:53:11.961,1.28006,1.28027,1.32,1.32
2013.06.12 20:53:12.342,1.28009,1.2803,1.32,2.63
2013.06.12 20:53:12.461,1.28012,1.28034,1.32,1.88
2013.06.12 20:53:14.360,1.28011,1.28034,1.32,2.44
2013.06.12 20:53:14.434,1.2801,1.28031,1.32,1.32
2013.06.12 20:53:14.671,1.28,1.28028,3.57,1.32
2013.06.12 20:53:15.591,1.28005,1.28028,2.82,1.32
2013.06.12 20:53:16.011,1.28012,1.28031,1.32,1.50
2013.06.12 20:53:16.431,1.28012,1.28031,1.32,1.50
2013.06.12 20:53:17.479,1.28012,1.28032,1.32,1.69
2013.06.12 20:53:19.231,1.28004,1.28041,1.32,1.50
2013.06.12 20:53:19.412,1.2801,1.28041,1.32,1.69
2013.06.12 20:53:23.661,1.27995,1.28029,3.00,1.32
2013.06.12 20:53:23.722,1.28003,1.28029,2.82,1.32
2013.06.12 20:53:24.081,1.28007,1.2803,2.82,1.69
2013.06.12 20:53:24.551,1.28014,1.28035,1.32,2.44
2013.06.12 20:53:25.981,1.28007,1.28036,1.32,2.44
2013.06.12 20:53:26.041,1.28014,1.28033,1.32,1.69
2013.06.12 20:53:31.351,1.28015,1.28034,1.32,2.44
2013.06.12 20:53:31.531,1.28015,1.28034,1.32,2.44
2013.06.12 20:53:31.999,1.28015,1.28034,1.32,2.44
2013.06.12 20:53:33.093,1.28013,1.28031,1.32,1.69
2013.06.12 20:53:33.673,1.28013,1.28031,1.32,1.69
2013.06.12 20:53:36.433,1.28011,1.28031,2.07,1.69
2013.06.12 20:53:36.551,1.2801,1.28031,1.32,1.69
2013.06.12 20:53:36.611,1.2801,1.28031,1.32,1.69
2013.06.12 20:53:36.911,1.2801,1.2803,1.32,1.69
2013.06.12 20:53:37.621,1.28012,1.28031,1.32,1.69
2013.06.12 20:53:38.471,1.28012,1.28031,1.32,1.69
2013.06.12 20:53:38.891,1.28012,1.2803,1.32,1.69
2013.06.12 20:53:39.311,1.28015,1.28041,1.32,2.44
2013.06.12 20:53:39.491,1.28005,1.28039,2.07,2.44
2013.06.12 20:53:39.794,1.28011,1.28041,1.32,2.44
2013.06.12 20:53:41.541,1.28003,1.28042,1.32,3.57
2013.06.12 20:53:44.541,1.28001,1.28026,1.32,2.44
2013.06.12 20:53:44.601,1.28001,1.28026,1.32,2.44
2013.06.12 20:53:45.811,1.27998,1.28035,1.32,3.19
2013.06.12 20:53:46.421,1.27998,1.28035,1.32,3.19
2013.06.12 20:53:49.751,1.27997,1.28035,1.32,3.00
2013.06.12 20:53:50.651,1.28003,1.28035,1.32,3.00
2013.06.12 20:53:52.891,1.28003,1.28035,1.32,3.00
2013.06.12 20:53:53.412,1.28002,1.28033,1.32,2.44
2013.06.12 20:53:54.104,1.28002,1.28035,1.32,3.00
2013.06.12 20:53:54.751,1.2799,1.28034,1.69,2.44
2013.06.12 20:53:54.871,1.28002,1.28035,1.32,3.00
2013.06.12 20:53:56.091,1.28002,1.28035,1.32,3.19
2013.06.12 20:53:56.822,1.27997,1.28025,1.32,1.69
2013.06.12 20:53:57.282,1.27999,1.28035,2.44,5.44
2013.06.12 20:53:58.501,1.28005,1.28035,1.32,3.75
2013.06.12 20:53:59.192,1.28007,1.28035,1.32,3.75
2013.06.12 20:53:59.721,1.28007,1.28035,1.32,3.75
2013.06.12 20:53:59.781,1.28007,1.28035,1.32,3.75
2013.06.12 20:53:59.841,1.28007,1.28035,1.32,3.75
2013.06.12 20:54:00.381,1.28003,1.28035,1.32,3.75
2013.06.12 20:54:00.442,1.27995,1.28035,2.07,3.75
2013.06.12 20:54:02.721,1.28002,1.28019,1.32,0.38
2013.06.12 20:54:02.842,1.28006,1.2804,1.32,1.88
2013.06.12 20:54:02.901,1.28006,1.2804,1.32,1.88
2013.06.12 20:54:02.962,1.28001,1.2804,1.32,1.13
2013.06.12 20:54:03.021,1.28004,1.28039,1.32,1.50
2013.06.12 20:54:04.222,1.28005,1.28034,1.32,1.88
2013.06.12 20:54:04.661,1.28006,1.2803,1.32,1.13
2013.06.12 20:54:05.210,1.28007,1.28032,1.32,2.25
2013.06.12 20:54:05.841,1.28002,1.28027,1.32,1.88
2013.06.12 20:54:06.022,1.28005,1.28027,1.32,2.44
2013.06.12 20:54:06.391,1.27997,1.28032,1.32,1.13
2013.06.12 20:54:07.049,1.27997,1.28032,1.32,1.13
2013.06.12 20:54:08.112,1.28001,1.28032,1.32,1.13
2013.06.12 20:54:09.901,1.28007,1.2803,1.32,1.50
2013.06.12 20:54:11.097,1.28006,1.28027,1.32,1.69
2013.06.12 20:54:12.191,1.28007,1.28027,1.32,1.69
2013.06.12 20:54:14.121,1.28007,1.2803,1.32,1.69
2013.06.12 20:54:16.241,1.28008,1.28031,1.32,1.69
2013.06.12 20:54:16.621,1.2799,1.28017,3.00,2.44
2013.06.12 20:54:16.742,1.28002,1.28028,1.32,1.32
2013.06.12 20:54:16.862,1.28003,1.28026,1.32,2.82
2013.06.12 20:54:18.141,1.28002,1.28025,2.82,1.32
2013.06.12 20:54:18.681,1.28001,1.28025,3.19,1.32
2013.06.12 20:54:18.861,1.27995,1.28027,1.69,1.69
2013.06.12 20:54:18.921,1.27995,1.28027,3.19,1.69
2013.06.12 20:54:19.232,1.27997,1.28028,1.32,1.50
2013.06.12 20:54:19.841,1.28004,1.28031,2.82,1.13
2013.06.12 20:54:20.931,1.28005,1.28031,2.44,1.13
2013.06.12 20:54:21.241,1.28001,1.28031,3.19,1.32
2013.06.12 20:54:21.482,1.28003,1.28023,1.69,1.13
2013.06.12 20:54:21.542,1.27999,1.28023,1.32,1.13
2013.06.12 20:54:21.662,1.27999,1.28022,2.82,1.32
2013.06.12 20:54:22.411,1.28003,1.28024,2.82,1.69
2013.06.12 20:54:22.891,1.28,1.28022,2.44,1.32
2013.06.12 20:54:22.951,1.27998,1.28021,3.19,1.32
2013.06.12 20:54:23.071,1.27991,1.28022,1.32,1.32
2013.06.12 20:54:23.251,1.27997,1.28019,2.82,1.32
2013.06.12 20:54:24.362,1.27997,1.2802,1.32,2.44
2013.06.12 20:54:24.602,1.27998,1.28023,2.82,2.07
2013.06.12 20:54:24.781,1.27999,1.28022,2.82,1.32
2013.06.12 20:54:27.081,1.27987,1.28022,1.69,1.69
2013.06.12 20:54:27.601,1.27987,1.28024,1.69,1.69
2013.06.12 20:54:28.082,1.27992,1.28026,1.69,2.25
2013.06.12 20:54:28.202,1.27991,1.28024,1.69,1.32
2013.06.12 20:54:28.541,1.27991,1.28024,1.69,1.32
2013.06.12 20:54:29.332,1.27998,1.28028,1.50,1.32
2013.06.12 20:54:29.392,1.27998,1.28033,1.13,2.07
2013.06.12 20:54:29.852,1.27995,1.2803,1.69,1.32
2013.06.12 20:54:30.823,1.28,1.28031,3.94,2.82
2013.06.12 20:54:33.051,1.28,1.28034,3.94,1.32
2013.06.12 20:54:33.172,1.28,1.28029,3.57,1.32
2013.06.12 20:54:33.371,1.28,1.28031,1.13,2.44
2013.06.12 20:54:34.031,1.28,1.28032,1.50,1.32
2013.06.12 20:54:34.091,1.28,1.28033,1.50,2.44
2013.06.12 20:54:34.761,1.28,1.28036,1.50,2.82
2013.06.12 20:54:34.881,1.28002,1.28031,1.69,2.44
2013.06.12 20:54:37.521,1.28002,1.28029,2.07,2.82
2013.06.12 20:54:39.064,1.28002,1.28031,1.13,2.82
2013.06.12 20:54:39.123,1.28002,1.28031,1.13,2.82
2013.06.12 20:54:39.183,1.28002,1.28031,2.07,2.44
2013.06.12 20:54:39.302,1.28002,1.2804,1.13,2.25
2013.06.12 20:54:39.661,1.2801,1.28044,1.50,1.13
2013.06.12 20:54:40.681,1.28005,1.28045,2.07,1.50
2013.06.12 20:54:42.710,1.28006,1.28045,1.32,1.50
2013.06.12 20:54:44.181,1.28005,1.28033,1.88,2.82
2013.06.12 20:54:44.301,1.28004,1.28033,1.32,2.82
2013.06.12 20:54:44.681,1.28003,1.28033,1.50,2.82
2013.06.12 20:54:45.032,1.28004,1.28032,1.32,2.82
2013.06.12 20:54:48.560,1.28003,1.28032,2.07,2.82
2013.06.12 20:54:51.992,1.28004,1.28028,1.32,1.32
2013.06.12 20:54:52.353,1.28003,1.28027,1.32,1.32
2013.06.12 20:54:53.831,1.28003,1.28027,2.44,1.32
2013.06.12 20:54:54.432,1.28,1.28022,2.82,1.69
2013.06.12 20:54:54.791,1.27998,1.28016,1.50,1.32
2013.06.12 20:54:55.151,1.27991,1.28018,1.50,1.32
2013.06.12 20:54:55.641,1.27991,1.28018,1.50,1.32
2013.06.12 20:54:59.113,1.27991,1.28018,1.13,1.32
2013.06.12 20:54:59.301,1.27991,1.28021,1.13,1.69
2013.06.12 20:54:59.892,1.27992,1.28021,1.13,1.69
2013.06.12 20:55:00.442,1.27991,1.28028,1.13,1.69
2013.06.12 20:55:01.122,1.27992,1.28028,1.13,1.69
2013.06.12 20:55:01.441,1.27998,1.28023,2.44,1.32
2013.06.12 20:55:01.621,1.27989,1.28024,2.07,1.69
2013.06.12 20:55:02.102,1.27987,1.28021,2.07,1.69
2013.06.12 20:55:02.491,1.27987,1.28021,2.44,1.69
2013.06.12 20:55:04.831,1.2799,1.28021,1.32,1.32
2013.06.12 20:55:04.952,1.2799,1.28027,2.82,1.32
2013.06.12 20:55:05.072,1.27991,1.28028,2.07,2.82
2013.06.12 20:55:05.251,1.27991,1.28028,2.07,1.32
2013.06.12 20:55:06.362,1.27992,1.28031,1.69,1.69
2013.06.12 20:55:06.738,1.27998,1.2803,1.50,2.44
2013.06.12 20:55:06.804,1.27998,1.28036,1.50,1.32
2013.06.12 20:55:06.861,1.27998,1.28037,2.25,2.82
2013.06.12 20:55:09.530,1.27997,1.28037,1.88,2.82
2013.06.12 20:55:10.042,1.27997,1.28033,1.88,2.44
2013.06.12 20:55:10.401,1.28,1.28032,1.32,2.44
2013.06.12 20:55:11.102,1.27999,1.28032,1.32,2.44
2013.06.12 20:55:15.166,1.27999,1.2803,1.32,2.44
2013.06.12 20:55:16.031,1.27999,1.2804,1.32,2.82
2013.06.12 20:55:16.091,1.27999,1.28028,1.32,2.44
2013.06.12 20:55:16.211,1.27999,1.28029,1.32,2.82
2013.06.12 20:55:19.322,1.27996,1.28043,1.88,1.88
2013.06.12 20:55:19.441,1.28006,1.28037,1.32,2.44
2013.06.12 20:55:22.221,1.28006,1.28037,1.32,2.44
2013.06.12 20:55:23.941,1.28004,1.28035,1.32,2.44
2013.06.12 20:55:26.062,1.28002,1.28029,1.13,2.44
2013.06.12 20:55:26.181,1.28001,1.28026,1.69,1.32
2013.06.12 20:55:26.551,1.28001,1.28024,1.50,1.32
2013.06.12 20:55:26.611,1.27989,1.28024,1.32,1.32
2013.06.12 20:55:27.291,1.27989,1.28026,1.32,1.69
2013.06.12 20:55:27.591,1.27989,1.28026,1.32,1.69
2013.06.12 20:55:31.281,1.27991,1.28026,1.32,1.32
2013.06.12 20:55:31.341,1.27989,1.28023,2.44,1.32
2013.06.12 20:55:31.462,1.27989,1.28023,2.07,1.69
2013.06.12 20:55:31.882,1.27987,1.28023,1.69,2.07
2013.06.12 20:55:34.492,1.27985,1.2802,1.32,1.32
2013.06.12 20:55:34.852,1.27983,1.28007,1.13,1.32
2013.06.12 20:55:34.912,1.27982,1.28007,2.07,1.32
2013.06.12 20:55:34.973,1.27982,1.28009,1.69,1.69
2013.06.12 20:55:37.421,1.27983,1.28011,1.32,1.69
2013.06.12 20:55:39.302,1.27982,1.28014,1.32,1.13
2013.06.12 20:55:44.263,1.27983,1.28014,1.32,1.13
2013.06.12 20:55:50.681,1.27982,1.28014,1.32,1.13
2013.06.12 20:55:51.001,1.27969,1.27994,2.44,1.32
2013.06.12 20:55:51.306,1.27969,1.27995,3.19,1.69
2013.06.12 20:55:51.481,1.27969,1.27994,1.69,1.32
2013.06.12 20:55:51.541,1.27969,1.27995,1.32,1.32
2013.06.12 20:55:52.103,1.27969,1.27994,1.32,1.69
2013.06.12 20:55:52.631,1.27971,1.27995,2.82,2.07
2013.06.12 20:55:54.324,1.27971,1.27993,1.32,1.69
2013.06.12 20:55:56.721,1.27975,1.27995,1.32,1.69
2013.06.12 20:55:56.962,1.27975,1.28002,2.44,2.07
2013.06.12 20:55:57.022,1.2798,1.28002,1.32,1.88
2013.06.12 20:55:57.081,1.2798,1.28006,1.69,1.13
2013.06.12 20:55:57.501,1.2798,1.28008,1.32,1.32
2013.06.12 20:55:57.561,1.27973,1.28002,1.32,2.82
2013.06.12 20:55:57.921,1.27973,1.28002,1.32,2.82
2013.06.12 20:55:58.161,1.27973,1.28002,1.32,3.94
2013.06.12 20:55:58.222,1.27973,1.27999,1.32,2.82
2013.06.12 20:55:58.342,1.27973,1.28004,1.32,1.32
2013.06.12 20:55:58.401,1.27973,1.28006,1.32,1.32
2013.06.12 20:55:58.761,1.27976,1.28006,1.69,1.50
2013.06.12 20:55:58.821,1.27973,1.28001,1.32,2.44
2013.06.12 20:55:59.272,1.27973,1.2801,1.32,1.32
2013.06.12 20:55:59.332,1.27984,1.2801,1.32,1.13
2013.06.12 20:55:59.512,1.27981,1.28019,1.69,1.69
2013.06.12 20:55:59.692,1.2798,1.28018,1.69,1.32
2013.06.12 20:55:59.872,1.27985,1.28022,1.69,1.69
2013.06.12 20:56:00.801,1.27985,1.28022,1.69,1.69
2013.06.12 20:56:00.982,1.27991,1.28029,1.69,1.69
2013.06.12 20:56:02.072,1.27986,1.28026,1.69,1.69
2013.06.12 20:56:02.195,1.27989,1.28028,1.69,1.32
2013.06.12 20:56:02.312,1.27989,1.28029,1.69,1.32
2013.06.12 20:56:04.321,1.27989,1.28029,1.69,1.32
2013.06.12 20:56:04.383,1.27992,1.28033,1.69,1.69
2013.06.12 20:56:04.902,1.27992,1.28033,1.69,1.69
2013.06.12 20:56:06.801,1.27994,1.28034,1.13,2.44
2013.06.12 20:56:06.861,1.27985,1.28034,2.44,2.44
2013.06.12 20:56:06.921,1.27988,1.28036,1.32,2.82
2013.06.12 20:56:07.512,1.27986,1.28025,2.44,1.50
2013.06.12 20:56:07.871,1.27978,1.28007,1.32,1.69
2013.06.12 20:56:11.493,1.27977,1.28007,2.82,1.69
2013.06.12 20:56:11.861,1.27978,1.27995,1.32,1.50
2013.06.12 20:56:12.042,1.27963,1.27988,1.69,1.32
2013.06.12 20:56:12.102,1.27963,1.27986,1.32,1.32
2013.06.12 20:56:12.461,1.27959,1.27978,2.44,1.32
2013.06.12 20:56:13.181,1.2796,1.27981,3.57,1.69
2013.06.12 20:56:13.541,1.27958,1.27979,3.57,1.69
2013.06.12 20:56:13.782,1.27956,1.27977,1.69,3.19
2013.06.12 20:56:15.171,1.27953,1.27976,1.69,3.19
2013.06.12 20:56:15.972,1.27953,1.27974,1.69,1.32
2013.06.12 20:56:16.151,1.2795,1.27972,2.44,1.32
2013.06.12 20:56:16.272,1.27971,1.27987,1.32,1.13
2013.06.12 20:56:16.391,1.27971,1.2799,1.13,1.32
2013.06.12 20:56:16.511,1.27974,1.2799,1.50,1.13
2013.06.12 20:56:16.811,1.27969,1.27994,1.88,1.32
2013.06.12 20:56:16.872,1.27969,1.27997,1.50,2.44
2013.06.12 20:56:16.932,1.27974,1.28002,1.50,2.82
2013.06.12 20:56:16.992,1.27973,1.28011,2.44,3.19
2013.06.12 20:56:17.532,1.27973,1.28006,2.44,1.32
2013.06.12 20:56:17.991,1.27976,1.28009,1.13,1.32
2013.06.12 20:56:18.053,1.27979,1.28014,1.13,2.07
2013.06.12 20:56:18.112,1.27979,1.28013,1.13,1.69
2013.06.12 20:56:18.471,1.27976,1.28007,1.50,1.32
2013.06.12 20:56:19.308,1.27973,1.28013,1.50,1.32
2013.06.12 20:56:20.312,1.27973,1.28013,1.50,1.32
2013.06.12 20:56:20.373,1.27967,1.28013,1.50,2.07
2013.06.12 20:56:20.876,1.27971,1.28006,1.50,1.32
2013.06.12 20:56:23.234,1.27984,1.28007,2.25,1.32
2013.06.12 20:56:23.549,1.27974,1.28005,1.50,1.32
2013.06.12 20:56:23.882,1.27971,1.28002,1.69,1.32
2013.06.12 20:56:25.591,1.27975,1.28009,1.50,2.44
2013.06.12 20:56:27.171,1.27976,1.28005,1.50,1.32
2013.06.12 20:56:28.212,1.27972,1.28003,1.50,1.32
2013.06.12 20:56:29.921,1.27971,1.28003,1.50,1.32
2013.06.12 20:56:31.671,1.27971,1.28003,1.69,1.32
2013.06.12 20:56:33.201,1.27981,1.28003,1.32,1.32
2013.06.12 20:56:33.702,1.27981,1.28003,1.32,2.82
2013.06.12 20:56:35.332,1.27976,1.28003,1.50,1.32
2013.06.12 20:56:38.751,1.27977,1.28006,1.69,1.32
2013.06.12 20:56:39.672,1.27974,1.28007,1.69,1.32
2013.06.12 20:56:40.032,1.2797,1.2799,1.13,1.69
2013.06.12 20:56:40.152,1.27977,1.28004,1.32,1.32
2013.06.12 20:56:40.213,1.27977,1.28006,1.69,1.32
2013.06.12 20:56:40.721,1.27977,1.28007,1.69,2.82
2013.06.12 20:56:41.452,1.27976,1.28007,1.69,1.32
2013.06.12 20:56:43.472,1.27976,1.28007,1.50,2.82
2013.06.12 20:56:43.593,1.2798,1.28007,1.50,1.32
2013.06.12 20:56:44.182,1.2798,1.28007,1.50,1.32
2013.06.12 20:56:44.701,1.27979,1.28006,1.50,1.32
2013.06.12 20:56:45.212,1.27983,1.28006,2.44,1.32
2013.06.12 20:56:49.184,1.2798,1.28004,1.32,2.44
2013.06.12 20:56:52.612,1.27978,1.28005,1.32,1.32
2013.06.12 20:56:54.461,1.2798,1.28007,1.32,1.32
2013.06.12 20:56:55.041,1.2798,1.2801,1.13,1.32
2013.06.12 20:56:56.842,1.27979,1.28008,1.32,1.32
2013.06.12 20:56:57.153,1.27977,1.28003,2.25,1.32
2013.06.12 20:56:58.382,1.27975,1.28007,2.25,2.44
2013.06.12 20:56:59.272,1.27972,1.27999,2.25,1.32
2013.06.12 20:56:59.673,1.27974,1.27998,2.25,1.32
2013.06.12 20:56:59.792,1.27978,1.28001,1.50,1.32
2013.06.12 20:57:00.722,1.27975,1.27998,1.50,1.32
2013.06.12 20:57:01.022,1.2798,1.2801,1.50,1.88
2013.06.12 20:57:01.142,1.2798,1.28009,1.50,1.32
2013.06.12 20:57:02.313,1.27985,1.28008,1.32,2.44
2013.06.12 20:57:04.752,1.27984,1.28007,1.13,2.44
2013.06.12 20:57:04.931,1.27977,1.28005,1.13,1.32
2013.06.12 20:57:09.252,1.27982,1.2801,1.13,1.32
2013.06.12 20:57:09.611,1.27993,1.28016,2.44,1.32
2013.06.12 20:57:10.991,1.27994,1.28017,2.44,1.32
2013.06.12 20:57:11.292,1.27991,1.28014,2.44,1.32
2013.06.12 20:57:12.682,1.27993,1.28014,2.44,1.32
2013.06.12 20:57:17.633,1.27994,1.28017,2.44,2.07
2013.06.12 20:57:18.821,1.27994,1.28017,2.44,2.07
2013.06.12 20:57:19.351,1.27988,1.2802,2.44,1.50
2013.06.12 20:57:20.782,1.27984,1.2802,1.69,1.13
2013.06.12 20:57:20.842,1.2799,1.28029,2.25,1.32
2013.06.12 20:57:20.962,1.27998,1.28026,2.44,1.69
2013.06.12 20:57:21.344,1.27997,1.28021,2.82,1.32
2013.06.12 20:57:22.131,1.27997,1.28021,2.82,2.82
2013.06.12 20:57:23.082,1.27988,1.28017,1.32,1.69
2013.06.12 20:57:23.462,1.27998,1.28017,1.32,1.32
2013.06.12 20:57:23.581,1.28,1.28022,1.69,2.82
2013.06.12 20:57:27.961,1.27997,1.28018,1.69,2.44
2013.06.12 20:57:30.331,1.27996,1.28017,1.69,2.44
2013.06.12 20:57:31.681,1.27985,1.2803,2.44,1.69
2013.06.12 20:57:31.802,1.27994,1.28033,1.69,1.32
2013.06.12 20:57:32.692,1.27999,1.28033,1.69,1.13
2013.06.12 20:57:32.752,1.28003,1.28035,1.32,1.13
2013.06.12 20:57:32.812,1.28003,1.28044,1.69,1.32
2013.06.12 20:57:33.225,1.28002,1.2804,2.44,2.44
2013.06.12 20:57:33.341,1.27991,1.28032,1.32,1.69
2013.06.12 20:57:35.114,1.27995,1.28039,2.82,1.69
2013.06.12 20:57:35.541,1.28003,1.28037,2.82,1.13
2013.06.12 20:57:35.721,1.27997,1.28037,2.44,1.32
2013.06.12 20:57:36.282,1.27992,1.28031,1.69,1.69
2013.06.12 20:57:38.703,1.28,1.28023,1.32,1.32
2013.06.12 20:57:39.062,1.28011,1.28032,1.32,2.82
2013.06.12 20:57:39.482,1.28,1.28039,1.69,1.13
2013.06.12 20:57:39.862,1.28,1.28038,1.69,1.32
2013.06.12 20:57:41.162,1.28005,1.28036,1.69,2.44
2013.06.12 20:57:41.523,1.28,1.28028,1.69,1.32
2013.06.12 20:57:42.776,1.28,1.2803,1.50,1.32
2013.06.12 20:57:46.392,1.28001,1.28039,1.69,1.32
2013.06.12 20:57:46.512,1.28015,1.28038,2.82,1.32
2013.06.12 20:57:47.399,1.28015,1.28037,1.32,2.44
2013.06.12 20:57:56.282,1.28006,1.28043,1.13,1.13
2013.06.12 20:57:56.341,1.28006,1.28043,1.13,1.13
2013.06.12 20:57:57.082,1.28009,1.28043,1.69,1.13
2013.06.12 20:57:57.383,1.28007,1.28034,1.32,1.13
2013.06.12 20:57:57.561,1.28011,1.28043,1.32,1.32
2013.06.12 20:57:57.682,1.28012,1.28041,1.69,1.13
2013.06.12 20:57:58.101,1.28013,1.28043,1.69,1.13
2013.06.12 20:57:58.412,1.28007,1.2804,1.69,2.44
2013.06.12 20:57:58.964,1.28007,1.28041,1.69,3.19
2013.06.12 20:57:59.403,1.28006,1.28043,1.13,1.13
2013.06.12 20:58:00.282,1.28007,1.28044,3.57,1.13
2013.06.12 20:58:00.613,1.28018,1.28044,1.69,3.19
2013.06.12 20:58:02.212,1.28018,1.28045,1.32,1.13
2013.06.12 20:58:02.332,1.28025,1.28045,1.32,1.32
2013.06.12 20:58:02.868,1.28026,1.28047,1.32,1.32
2013.06.12 20:58:03.622,1.28018,1.28051,1.69,1.88
2013.06.12 20:58:03.682,1.28018,1.28051,1.69,1.88
2013.06.12 20:58:04.162,1.28031,1.28052,1.32,2.82
2013.06.12 20:58:04.632,1.28024,1.28058,1.69,1.13
2013.06.12 20:58:04.692,1.2803,1.28058,1.13,1.13
2013.06.12 20:58:04.752,1.28031,1.28054,1.32,2.82
2013.06.12 20:58:05.291,1.28031,1.28055,3.19,2.82
2013.06.12 20:58:05.602,1.28031,1.28055,3.19,2.82
2013.06.12 20:58:06.188,1.28031,1.28055,3.19,2.82
2013.06.12 20:58:08.392,1.28032,1.28056,2.82,1.32
2013.06.12 20:58:10.722,1.28029,1.28055,1.69,1.32
2013.06.12 20:58:10.781,1.28031,1.28055,3.19,1.32
2013.06.12 20:58:13.712,1.28025,1.28062,1.13,1.13
2013.06.12 20:58:13.772,1.28025,1.28062,1.13,1.13
2013.06.12 20:58:14.912,1.28024,1.28061,1.32,1.13
2013.06.12 20:58:16.261,1.28024,1.28061,1.32,1.13
2013.06.12 20:58:16.322,1.28024,1.28061,1.32,1.13
2013.06.12 20:58:17.251,1.28025,1.28059,1.69,1.69
2013.06.12 20:58:17.917,1.28028,1.28056,1.32,1.69
2013.06.12 20:58:19.141,1.28028,1.28055,1.32,1.32
2013.06.12 20:58:19.262,1.28024,1.28061,1.13,1.13
2013.06.12 20:58:19.942,1.28024,1.28056,1.13,1.69
2013.06.12 20:58:20.121,1.28022,1.28054,2.44,1.69
2013.06.12 20:58:23.573,1.28025,1.28049,1.32,2.44
2013.06.12 20:58:24.112,1.28025,1.2805,1.32,2.82
2013.06.12 20:58:26.182,1.28024,1.28047,1.32,2.44
2013.06.12 20:58:27.742,1.28025,1.28049,1.32,1.32
2013.06.12 20:58:28.722,1.28021,1.28045,2.82,2.82
2013.06.12 20:58:31.331,1.28022,1.28045,2.44,1.32
2013.06.12 20:58:32.462,1.28023,1.28047,2.82,2.82
2013.06.12 20:58:33.894,1.28023,1.28047,2.44,2.44
2013.06.12 20:58:34.432,1.28023,1.28048,2.82,3.19
2013.06.12 20:58:37.932,1.28027,1.28048,1.69,1.32
2013.06.12 20:58:39.332,1.28021,1.28058,1.32,2.07
2013.06.12 20:58:41.842,1.28022,1.28052,1.32,2.44
2013.06.12 20:58:42.341,1.28022,1.28044,1.13,2.82
2013.06.12 20:58:49.162,1.28018,1.28044,1.32,1.32
2013.06.12 20:58:50.452,1.28018,1.28044,1.32,2.44
2013.06.12 20:58:51.075,1.28018,1.28044,1.32,2.82
2013.06.12 20:58:54.153,1.28018,1.28044,1.32,2.82
2013.06.12 20:58:54.766,1.28018,1.28044,1.32,2.82
2013.06.12 20:58:59.341,1.28019,1.28056,1.32,2.07
2013.06.12 20:59:00.242,1.28031,1.28055,0.19,0.57
2013.06.12 20:59:00.692,1.28031,1.28045,0.19,0.38
2013.06.12 20:59:01.110,1.28025,1.2803,0.38,0.19
2013.06.12 20:59:01.412,1.28017,1.28029,0.57,0.19
2013.06.12 20:59:01.652,1.28022,1.28029,0.38,0.19
2013.06.12 20:59:01.894,1.28022,1.28043,0.38,0.75
2013.06.12 20:59:09.882,1.28022,1.28044,0.38,0.38
2013.06.12 20:59:10.061,1.28026,1.28051,0.38,0.38
2013.06.12 20:59:10.731,1.28022,1.28051,0.38,0.75
2013.06.12 20:59:12.404,1.28017,1.28046,0.38,0.38
2013.06.12 20:59:12.521,1.28014,1.2805,0.38,0.38
2013.06.12 20:59:13.052,1.28015,1.2805,0.38,0.38
2013.06.12 20:59:13.352,1.28029,1.28052,0.38,0.38
2013.06.12 20:59:13.981,1.28029,1.28062,0.38,0.38
2013.06.12 20:59:15.841,1.28029,1.28056,0.38,0.38
2013.06.12 20:59:16.919,1.28019,1.28056,0.38,0.38
2013.06.12 20:59:20.871,1.28012,1.28049,0.38,0.38
2013.06.12 20:59:24.262,1.28013,1.2805,0.38,0.38
2013.06.12 20:59:30.562,1.28018,1.28055,0.38,0.38
2013.06.12 20:59:33.201,1.28012,1.28048,0.38,0.38
2013.06.12 20:59:33.261,1.28005,1.28047,0.75,0.75
2013.06.12 20:59:33.923,1.28005,1.28048,0.75,1.13
2013.06.12 20:59:36.061,1.28005,1.28046,0.75,0.75
2013.06.12 20:59:36.361,1.28005,1.28048,0.75,1.13
2013.06.12 20:59:36.871,1.28005,1.28047,0.75,0.75
2013.06.12 20:59:39.826,1.27998,1.28047,1.13,0.75
2013.06.12 20:59:39.891,1.27996,1.28047,1.13,0.75
2013.06.12 20:59:40.554,1.28005,1.28047,1.13,0.75
2013.06.12 20:59:43.422,1.27999,1.28047,1.13,0.75
2013.06.12 20:59:43.842,1.28003,1.28047,1.13,0.75
2013.06.12 20:59:44.401,1.28023,1.28048,0.75,0.38
2013.06.12 20:59:44.521,1.28029,1.28062,0.75,0.38
2013.06.12 20:59:44.641,1.28039,1.28072,0.75,0.75
2013.06.12 20:59:44.825,1.28023,1.28062,0.38,0.38
2013.06.12 20:59:44.891,1.28045,1.28076,0.75,0.38
2013.06.12 20:59:45.251,1.28054,1.28076,0.75,0.38
2013.06.12 20:59:45.431,1.28059,1.28098,0.75,0.38
2013.06.12 20:59:45.851,1.28063,1.28116,0.38,0.75
2013.06.12 20:59:46.394,1.28063,1.28122,0.38,0.75
2013.06.12 20:59:46.452,1.28063,1.28125,0.38,0.75
2013.06.12 20:59:46.642,1.28064,1.28127,0.75,0.75
2013.06.12 20:59:46.941,1.28069,1.28126,0.75,0.75
2013.06.12 20:59:48.251,1.28063,1.28118,1.13,0.75
2013.06.12 20:59:48.611,1.28063,1.28114,0.38,0.75
2013.06.12 20:59:48.671,1.28063,1.28116,0.38,0.75
2013.06.12 20:59:49.792,1.28064,1.28113,0.38,0.75
2013.06.12 20:59:50.142,1.28064,1.28111,0.38,0.75
2013.06.12 20:59:50.261,1.28064,1.28114,0.38,0.75
2013.06.12 20:59:50.391,1.28064,1.28111,0.38,0.75
2013.06.12 20:59:51.081,1.28063,1.28111,0.38,0.75
2013.06.12 20:59:51.694,1.28062,1.28111,0.38,0.75
2013.06.12 20:59:52.401,1.28062,1.28109,0.38,0.75
2013.06.12 20:59:52.902,1.28061,1.28109,0.38,0.75
2013.06.12 20:59:53.451,1.28062,1.28109,0.38,0.75
2013.06.12 20:59:53.811,1.28062,1.28102,0.38,0.75
2013.06.12 20:59:54.171,1.28065,1.28103,0.38,0.75
2013.06.12 20:59:54.471,1.28062,1.28101,0.38,0.75
2013.06.12 20:59:54.531,1.28048,1.28103,0.75,0.75
2013.06.12 20:59:55.151,1.28039,1.28091,1.50,0.75
2013.06.12 20:59:55.841,1.28054,1.28108,0.75,0.75
2013.06.12 20:59:55.901,1.2805,1.28106,0.75,0.75
2013.06.12 20:59:56.371,1.28044,1.28103,0.75,0.75
2013.06.12 20:59:56.491,1.28042,1.28101,0.75,0.75
2013.06.12 20:59:59.681,1.28039,1.28094,0.75,0.75
