2012.11.16 01:00:02.322,1.03645,1.03662,2.48,3.23
2012.11.16 01:00:02.780,1.03645,1.0366,2.48,1.73
2012.11.16 01:00:03.320,1.03649,1.0366,1.73,1.50
2012.11.16 01:00:03.941,1.03649,1.0366,1.73,1.50
2012.11.16 01:00:04.339,1.03647,1.03661,2.48,1.88
2012.11.16 01:00:04.770,1.03647,1.03661,2.48,1.88
2012.11.16 01:00:05.328,1.03647,1.03661,2.48,1.35
2012.11.16 01:00:06.291,1.03647,1.03662,3.98,2.48
2012.11.16 01:00:06.617,1.03647,1.03662,5.48,2.48
2012.11.16 01:00:07.809,1.03647,1.03662,3.98,2.48
2012.11.16 01:00:10.150,1.03647,1.0366,2.48,1.13
2012.11.16 01:00:10.591,1.03647,1.0366,3.23,1.13
2012.11.16 01:00:11.220,1.03647,1.03659,3.23,1.50
2012.11.16 01:00:12.380,1.03646,1.03659,2.48,2.25
2012.11.16 01:00:20.310,1.03647,1.03659,1.73,1.50
2012.11.16 01:00:20.819,1.03647,1.03659,3.23,1.50
2012.11.16 01:00:22.140,1.03644,1.0366,3.98,2.85
2012.11.16 01:00:23.130,1.03644,1.0366,3.75,3.98
2012.11.16 01:00:23.250,1.03642,1.03659,1.35,2.48
2012.11.16 01:00:23.680,1.03641,1.03659,3.60,2.48
2012.11.16 01:00:25.221,1.03641,1.03656,1.73,1.73
2012.11.16 01:00:25.521,1.03638,1.03653,1.35,1.73
2012.11.16 01:00:26.074,1.03635,1.03651,1.73,2.25
2012.11.16 01:00:26.151,1.03635,1.0365,1.73,1.73
2012.11.16 01:00:27.566,1.03635,1.03651,1.73,3.08
2012.11.16 01:00:28.067,1.03635,1.03646,1.50,1.73
2012.11.16 01:00:28.489,1.0363,1.03646,3.23,2.48
2012.11.16 01:00:30.240,1.0363,1.03646,2.48,2.85
2012.11.16 01:00:30.781,1.03627,1.03645,3.23,2.85
2012.11.16 01:00:31.030,1.03627,1.03645,3.23,2.85
2012.11.16 01:00:31.150,1.03627,1.03645,3.23,3.60
2012.11.16 01:00:31.700,1.0363,1.03645,1.73,3.60
2012.11.16 01:00:33.950,1.03628,1.03645,1.73,2.85
2012.11.16 01:00:36.961,1.0363,1.03647,2.48,1.73
2012.11.16 01:00:40.204,1.0363,1.03647,2.48,2.48
2012.11.16 01:00:52.931,1.0363,1.03646,3.23,3.08
2012.11.16 01:00:53.231,1.03627,1.03643,1.73,2.48
2012.11.16 01:00:53.290,1.03627,1.03643,1.73,2.48
2012.11.16 01:00:53.471,1.03627,1.0364,1.73,2.48
2012.11.16 01:00:53.666,1.03624,1.03636,2.48,1.50
2012.11.16 01:00:53.970,1.03621,1.03634,2.25,1.73
2012.11.16 01:00:54.031,1.03616,1.03632,1.73,1.35
2012.11.16 01:00:55.500,1.0362,1.03634,1.50,2.48
2012.11.16 01:00:55.561,1.0362,1.03635,1.73,2.48
2012.11.16 01:00:55.680,1.03621,1.03635,2.25,2.48
2012.11.16 01:00:56.650,1.03621,1.03635,1.88,3.23
2012.11.16 01:00:56.961,1.03621,1.03635,1.50,3.23
2012.11.16 01:00:57.760,1.03618,1.03632,1.73,1.73
2012.11.16 01:00:57.880,1.03619,1.03632,1.73,1.73
2012.11.16 01:00:58.539,1.03619,1.03634,3.23,2.48
2012.11.16 01:01:00.330,1.03619,1.03634,2.48,2.48
2012.11.16 01:01:01.710,1.03618,1.03632,2.48,2.48
2012.11.16 01:01:01.950,1.03616,1.0363,2.85,1.73
2012.11.16 01:01:02.070,1.03616,1.0363,2.63,1.73
2012.11.16 01:01:02.785,1.03616,1.0363,2.85,1.73
2012.11.16 01:01:04.890,1.03615,1.03631,2.48,2.48
2012.11.16 01:01:05.010,1.03614,1.03631,1.73,2.48
2012.11.16 01:01:05.130,1.03614,1.0363,1.50,1.73
2012.11.16 01:01:05.251,1.03615,1.0363,1.50,2.48
2012.11.16 01:01:05.310,1.03616,1.0363,1.50,2.48
2012.11.16 01:01:05.370,1.03616,1.0363,1.50,2.48
2012.11.16 01:01:05.551,1.03618,1.03632,1.50,3.00
2012.11.16 01:01:05.910,1.03619,1.03635,2.25,3.23
2012.11.16 01:01:07.706,1.03619,1.03635,2.25,3.00
2012.11.16 01:01:08.070,1.03619,1.03635,2.25,3.75
2012.11.16 01:01:08.620,1.03619,1.03634,1.50,1.13
2012.11.16 01:01:09.961,1.03619,1.03634,2.25,1.13
2012.11.16 01:01:12.040,1.03619,1.03635,1.50,3.38
2012.11.16 01:01:13.360,1.03619,1.03635,2.25,3.38
2012.11.16 01:01:13.550,1.03619,1.03635,2.48,3.60
2012.11.16 01:01:14.279,1.0362,1.03636,4.73,2.48
2012.11.16 01:01:20.240,1.03623,1.03636,1.50,1.73
2012.11.16 01:01:20.776,1.03622,1.03635,1.13,1.58
2012.11.16 01:01:21.289,1.03618,1.03634,3.23,1.58
2012.11.16 01:01:22.289,1.03619,1.03634,1.73,1.58
2012.11.16 01:01:22.960,1.03619,1.03634,1.73,1.58
2012.11.16 01:01:23.200,1.03617,1.03633,2.48,2.48
2012.11.16 01:01:23.860,1.03615,1.03631,3.00,1.35
2012.11.16 01:01:23.922,1.03615,1.0363,2.48,1.58
2012.11.16 01:01:24.050,1.03615,1.0363,3.23,1.58
2012.11.16 01:01:26.160,1.03615,1.03631,1.50,1.73
2012.11.16 01:01:26.340,1.03614,1.03631,2.48,2.48
2012.11.16 01:01:28.560,1.03617,1.03632,1.73,1.73
2012.11.16 01:01:31.420,1.03617,1.03633,3.23,3.08
2012.11.16 01:01:32.941,1.03617,1.03633,2.48,2.48
2012.11.16 01:01:35.402,1.03614,1.0363,4.35,2.48
2012.11.16 01:01:36.469,1.03614,1.0363,3.23,3.23
2012.11.16 01:01:36.590,1.03614,1.0363,3.23,3.23
2012.11.16 01:01:38.850,1.03614,1.0363,3.38,3.83
2012.11.16 01:01:39.592,1.03614,1.0363,2.85,3.23
2012.11.16 01:01:39.829,1.03614,1.0363,2.85,3.23
2012.11.16 01:01:39.950,1.03614,1.0363,2.85,3.23
2012.11.16 01:01:40.380,1.03614,1.0363,2.48,3.23
2012.11.16 01:01:40.500,1.03614,1.0363,2.48,3.23
2012.11.16 01:01:41.829,1.03614,1.0363,2.48,3.23
2012.11.16 01:01:42.354,1.03614,1.0363,2.48,3.23
2012.11.16 01:01:44.110,1.03614,1.0363,2.48,2.48
2012.11.16 01:01:44.530,1.03613,1.03628,1.50,2.48
2012.11.16 01:01:44.774,1.03607,1.03627,2.48,3.23
2012.11.16 01:01:45.101,1.03611,1.03627,3.98,2.48
2012.11.16 01:01:45.161,1.03613,1.03629,2.25,5.33
2012.11.16 01:01:45.340,1.03613,1.03629,2.25,4.35
2012.11.16 01:01:45.719,1.03612,1.03627,1.88,1.50
2012.11.16 01:01:46.387,1.03612,1.03627,1.88,2.25
2012.11.16 01:01:47.470,1.03614,1.03631,1.88,2.25
2012.11.16 01:01:48.040,1.03614,1.03631,2.63,2.25
2012.11.16 01:01:48.661,1.03614,1.0363,1.35,2.48
2012.11.16 01:01:49.162,1.03612,1.03629,4.73,2.48
2012.11.16 01:01:49.727,1.03613,1.03629,2.48,2.48
2012.11.16 01:01:50.590,1.03612,1.03629,4.35,2.48
2012.11.16 01:01:51.142,1.03611,1.03626,1.35,2.48
2012.11.16 01:01:52.060,1.0361,1.03626,3.98,2.48
2012.11.16 01:01:57.955,1.0361,1.03626,2.85,2.48
2012.11.16 01:01:58.480,1.03609,1.03625,3.60,1.58
2012.11.16 01:01:58.981,1.03609,1.03625,2.85,1.58
2012.11.16 01:01:59.571,1.03609,1.03625,2.48,1.58
2012.11.16 01:02:00.200,1.03609,1.03625,2.48,2.33
2012.11.16 01:02:06.441,1.03609,1.03625,3.23,2.70
2012.11.16 01:02:06.500,1.0361,1.03625,1.50,2.70
2012.11.16 01:02:06.740,1.03611,1.03625,3.23,1.58
2012.11.16 01:02:06.920,1.03614,1.03628,2.48,1.73
2012.11.16 01:02:07.160,1.03612,1.03628,3.60,2.48
2012.11.16 01:02:07.640,1.03612,1.03628,4.35,2.48
2012.11.16 01:02:08.940,1.03613,1.03628,3.23,2.48
2012.11.16 01:02:09.060,1.03615,1.0363,3.23,1.73
2012.11.16 01:02:09.431,1.03615,1.03629,3.98,1.58
2012.11.16 01:02:09.624,1.03615,1.0363,3.98,1.73
2012.11.16 01:02:10.600,1.03617,1.0363,1.13,1.73
2012.11.16 01:02:11.531,1.03617,1.03631,1.13,3.98
2012.11.16 01:02:12.852,1.03617,1.03631,1.13,3.98
2012.11.16 01:02:13.450,1.03617,1.03631,1.50,1.73
2012.11.16 01:02:14.559,1.03616,1.03631,1.50,2.48
2012.11.16 01:02:15.079,1.03616,1.03631,1.73,1.73
2012.11.16 01:02:15.139,1.03616,1.03631,1.73,1.73
2012.11.16 01:02:30.281,1.03618,1.03635,4.73,3.60
2012.11.16 01:02:30.522,1.0362,1.03635,1.50,1.35
2012.11.16 01:02:31.060,1.0362,1.03636,1.73,1.73
2012.11.16 01:02:37.021,1.03622,1.03638,2.48,1.35
2012.11.16 01:02:37.451,1.03623,1.03638,1.50,1.35
2012.11.16 01:02:37.845,1.03623,1.03637,1.88,1.73
2012.11.16 01:02:40.250,1.03622,1.03637,2.48,1.73
2012.11.16 01:02:45.104,1.03624,1.03639,1.50,3.08
2012.11.16 01:02:47.634,1.03624,1.03639,1.73,3.08
2012.11.16 01:02:51.152,1.03621,1.03638,1.73,3.98
2012.11.16 01:02:51.212,1.0362,1.03634,2.63,1.73
2012.11.16 01:02:51.460,1.03615,1.03632,1.13,3.98
2012.11.16 01:02:51.700,1.03615,1.0363,1.13,2.48
2012.11.16 01:02:59.750,1.03615,1.03632,1.73,3.23
2012.11.16 01:03:00.270,1.03615,1.03631,1.73,1.73
2012.11.16 01:03:01.920,1.03615,1.03632,1.73,3.23
2012.11.16 01:03:02.400,1.03618,1.03633,1.73,3.23
2012.11.16 01:03:02.931,1.03615,1.03632,2.85,2.48
2012.11.16 01:03:11.929,1.03615,1.03631,3.98,2.48
2012.11.16 01:03:12.542,1.03615,1.03631,3.98,1.73
2012.11.16 01:03:27.560,1.03617,1.03634,2.25,3.98
2012.11.16 01:03:27.931,1.03619,1.03634,1.50,2.48
2012.11.16 01:03:33.580,1.03621,1.03637,2.25,2.48
2012.11.16 01:03:33.763,1.03624,1.03637,2.48,1.73
2012.11.16 01:03:34.253,1.03626,1.03642,1.88,3.00
2012.11.16 01:03:37.619,1.03624,1.03642,4.13,5.10
2012.11.16 01:03:50.140,1.03628,1.03642,1.73,3.08
2012.11.16 01:03:50.499,1.03629,1.03644,2.48,1.35
2012.11.16 01:03:51.089,1.0363,1.03645,1.73,2.48
2012.11.16 01:03:55.371,1.03631,1.03645,2.25,1.73
2012.11.16 01:03:55.434,1.03634,1.03648,1.50,5.85
2012.11.16 01:03:55.980,1.03634,1.03648,1.50,2.10
2012.11.16 01:03:56.470,1.0363,1.03647,2.25,2.63
2012.11.16 01:04:01.520,1.03629,1.03643,1.13,2.25
2012.11.16 01:04:01.821,1.03629,1.03639,1.35,1.50
2012.11.16 01:04:01.940,1.03624,1.03639,2.85,3.23
2012.11.16 01:04:02.480,1.03624,1.03639,2.85,1.73
2012.11.16 01:04:14.370,1.03627,1.03639,1.73,1.73
2012.11.16 01:04:14.873,1.03627,1.03641,1.73,2.48
2012.11.16 01:04:15.430,1.03629,1.03644,3.00,2.48
2012.11.16 01:04:15.610,1.03629,1.03644,3.00,2.48
2012.11.16 01:04:16.522,1.03632,1.03646,1.50,2.33
2012.11.16 01:04:17.063,1.03632,1.03646,1.50,2.33
2012.11.16 01:04:22.000,1.03632,1.03645,1.73,1.58
2012.11.16 01:04:23.051,1.0363,1.03645,1.73,2.33
2012.11.16 01:04:23.510,1.03629,1.03643,1.73,2.48
2012.11.16 01:04:24.891,1.03629,1.03643,1.73,2.48
2012.11.16 01:04:32.490,1.03627,1.03642,2.10,2.48
2012.11.16 01:04:37.420,1.03629,1.03643,2.48,2.33
2012.11.16 01:04:37.721,1.0363,1.03643,1.73,2.10
2012.11.16 01:04:38.311,1.0363,1.03643,2.48,2.10
2012.11.16 01:04:38.491,1.0363,1.03643,1.73,2.33
2012.11.16 01:04:39.141,1.0363,1.03643,1.73,3.83
2012.11.16 01:04:40.815,1.0363,1.03643,1.73,3.08
2012.11.16 01:04:41.060,1.03634,1.03644,1.73,1.50
2012.11.16 01:04:41.183,1.03637,1.03649,1.50,3.08
2012.11.16 01:04:46.320,1.03635,1.03651,2.48,3.23
2012.11.16 01:04:46.698,1.03637,1.03651,2.48,1.50
2012.11.16 01:04:47.703,1.03635,1.0365,3.23,3.23
2012.11.16 01:04:48.319,1.03635,1.03649,2.48,1.73
2012.11.16 01:04:56.860,1.03635,1.0365,1.73,3.23
2012.11.16 01:04:58.091,1.03635,1.0365,1.73,2.48
2012.11.16 01:04:58.220,1.03636,1.03652,3.23,1.73
2012.11.16 01:04:58.798,1.03636,1.03653,3.23,1.73
2012.11.16 01:05:01.078,1.03636,1.03654,3.23,2.48
2012.11.16 01:05:10.171,1.03641,1.03654,1.50,2.48
2012.11.16 01:05:10.691,1.03641,1.03655,1.73,3.23
2012.11.16 01:05:12.652,1.03641,1.03655,1.73,2.48
2012.11.16 01:05:16.220,1.03643,1.03655,2.25,2.48
2012.11.16 01:05:16.341,1.03646,1.03659,1.73,2.85
2012.11.16 01:05:16.700,1.03649,1.03661,1.50,2.48
2012.11.16 01:05:17.336,1.03651,1.03661,1.73,2.25
2012.11.16 01:05:21.761,1.03652,1.03663,1.73,1.50
2012.11.16 01:05:22.061,1.03654,1.03666,1.50,1.73
2012.11.16 01:05:22.184,1.03654,1.03667,1.73,1.73
2012.11.16 01:05:22.371,1.03654,1.03669,1.73,1.73
2012.11.16 01:05:22.670,1.03656,1.0367,1.73,2.48
2012.11.16 01:05:25.261,1.03656,1.0367,1.73,2.10
2012.11.16 01:05:25.561,1.03659,1.03673,3.23,1.73
2012.11.16 01:05:25.681,1.03663,1.03675,1.50,3.23
2012.11.16 01:05:25.861,1.03663,1.03675,1.50,1.73
2012.11.16 01:05:26.175,1.03664,1.03677,1.73,1.73
2012.11.16 01:05:28.420,1.03666,1.03679,1.73,3.23
2012.11.16 01:05:28.820,1.03668,1.03675,1.50,1.73
2012.11.16 01:05:28.940,1.03668,1.03679,1.73,2.25
2012.11.16 01:05:29.060,1.03668,1.03679,1.73,1.73
2012.11.16 01:05:29.841,1.03668,1.03681,1.73,1.58
2012.11.16 01:05:30.081,1.03669,1.03682,1.73,1.73
2012.11.16 01:05:30.590,1.0367,1.03685,1.50,3.98
2012.11.16 01:05:30.890,1.03669,1.03681,1.73,1.50
2012.11.16 01:05:31.261,1.03668,1.03681,1.50,1.73
2012.11.16 01:05:32.284,1.03669,1.03683,4.50,2.33
2012.11.16 01:05:32.540,1.03674,1.03683,1.50,1.35
2012.11.16 01:05:32.661,1.03674,1.03686,1.50,2.48
2012.11.16 01:05:33.260,1.03675,1.03685,1.50,4.58
2012.11.16 01:05:33.811,1.03673,1.03685,1.50,1.73
2012.11.16 01:05:34.302,1.03672,1.03685,1.73,1.73
2012.11.16 01:05:34.421,1.03672,1.03685,1.73,1.50
2012.11.16 01:05:34.841,1.03673,1.03688,1.73,4.20
2012.11.16 01:05:35.350,1.03673,1.03686,1.73,4.58
2012.11.16 01:05:35.532,1.03674,1.03689,1.73,3.98
2012.11.16 01:05:35.591,1.03674,1.03689,1.73,3.98
2012.11.16 01:05:36.015,1.03681,1.03692,1.50,1.73
2012.11.16 01:05:36.440,1.03678,1.03693,1.73,3.98
2012.11.16 01:05:36.620,1.03681,1.03693,1.50,1.73
2012.11.16 01:05:37.161,1.0368,1.03694,1.73,1.73
2012.11.16 01:05:37.640,1.03679,1.03691,1.73,5.25
2012.11.16 01:05:37.950,1.03675,1.03687,1.73,1.73
2012.11.16 01:05:38.011,1.03674,1.03687,2.48,3.23
2012.11.16 01:05:38.550,1.0367,1.03685,3.23,4.58
2012.11.16 01:05:38.911,1.0367,1.03685,3.23,3.83
2012.11.16 01:05:38.972,1.03673,1.03685,1.73,3.08
2012.11.16 01:05:39.539,1.03673,1.03685,1.73,1.58
2012.11.16 01:05:39.780,1.03673,1.03684,1.50,2.48
2012.11.16 01:05:40.106,1.03673,1.03684,1.73,2.48
2012.11.16 01:05:41.542,1.03671,1.03684,1.73,2.48
2012.11.16 01:05:43.080,1.03672,1.03685,1.73,3.45
2012.11.16 01:05:43.271,1.03672,1.03685,1.73,3.45
2012.11.16 01:05:43.835,1.03672,1.03685,1.73,3.45
2012.11.16 01:05:44.810,1.03669,1.03683,1.73,2.25
2012.11.16 01:05:45.300,1.03669,1.03682,3.23,1.50
2012.11.16 01:05:45.541,1.03674,1.03685,1.50,4.95
2012.11.16 01:05:46.060,1.03673,1.03685,1.50,4.95
2012.11.16 01:05:46.240,1.03672,1.03684,1.73,2.25
2012.11.16 01:05:46.362,1.03671,1.03683,1.73,3.00
2012.11.16 01:05:46.432,1.03669,1.0368,1.73,2.25
2012.11.16 01:05:46.970,1.03669,1.0368,1.50,3.83
2012.11.16 01:05:48.391,1.03669,1.03679,1.50,1.35
2012.11.16 01:05:51.697,1.03669,1.03678,2.48,1.35
2012.11.16 01:05:52.001,1.03669,1.03681,2.48,1.50
2012.11.16 01:05:52.461,1.03668,1.0368,1.73,2.85
2012.11.16 01:05:53.010,1.03664,1.03679,2.48,1.73
2012.11.16 01:05:53.320,1.03666,1.0368,3.23,2.10
2012.11.16 01:05:54.117,1.0367,1.0368,1.50,1.13
2012.11.16 01:05:54.361,1.0367,1.03681,1.73,1.50
2012.11.16 01:05:54.781,1.03673,1.03684,1.50,2.25
2012.11.16 01:05:56.491,1.03674,1.03685,1.50,1.73
2012.11.16 01:05:57.030,1.03676,1.03687,1.73,3.23
2012.11.16 01:06:00.151,1.03676,1.03688,1.73,1.73
2012.11.16 01:06:00.410,1.03676,1.03689,1.73,1.73
2012.11.16 01:06:00.531,1.03679,1.0369,1.73,2.25
2012.11.16 01:06:00.951,1.03679,1.03692,3.23,2.25
2012.11.16 01:06:01.131,1.0368,1.03692,1.73,1.50
2012.11.16 01:06:04.491,1.03681,1.03694,1.73,1.50
2012.11.16 01:06:05.911,1.03683,1.03694,1.73,1.50
2012.11.16 01:06:07.471,1.03685,1.03698,1.73,2.48
2012.11.16 01:06:07.531,1.03685,1.03699,1.73,3.00
2012.11.16 01:06:07.893,1.03687,1.03702,1.73,1.50
2012.11.16 01:06:08.021,1.03688,1.03702,1.73,1.50
2012.11.16 01:06:08.800,1.0369,1.03703,1.73,3.98
2012.11.16 01:06:11.860,1.03691,1.03703,1.50,3.98
2012.11.16 01:06:12.401,1.03691,1.03702,1.50,1.50
2012.11.16 01:06:15.929,1.0369,1.037,1.50,1.73
2012.11.16 01:06:16.172,1.03686,1.03697,1.73,1.73
2012.11.16 01:06:16.710,1.03685,1.03697,2.48,2.48
2012.11.16 01:06:17.250,1.03685,1.03697,2.48,1.73
2012.11.16 01:06:17.491,1.03686,1.037,1.73,3.00
2012.11.16 01:06:18.062,1.03686,1.037,1.73,2.63
2012.11.16 01:06:21.620,1.03687,1.03698,1.73,1.50
2012.11.16 01:06:22.212,1.03684,1.03698,2.48,1.73
2012.11.16 01:06:22.981,1.03686,1.03698,1.50,1.73
2012.11.16 01:06:23.510,1.03686,1.03698,1.50,1.73
2012.11.16 01:06:24.241,1.03686,1.03698,1.50,1.73
2012.11.16 01:06:25.505,1.03686,1.03698,1.50,1.73
2012.11.16 01:06:29.010,1.03685,1.03698,1.73,2.48
2012.11.16 01:06:37.482,1.03685,1.03698,1.58,2.48
2012.11.16 01:06:39.071,1.03685,1.03698,1.58,1.73
2012.11.16 01:06:40.044,1.03686,1.03697,1.73,1.50
2012.11.16 01:06:40.620,1.03687,1.03701,3.23,2.48
2012.11.16 01:06:41.138,1.03687,1.03701,3.23,2.48
2012.11.16 01:06:46.152,1.03687,1.03698,1.73,2.25
2012.11.16 01:06:47.520,1.03682,1.03697,2.33,1.73
2012.11.16 01:06:51.181,1.03682,1.03696,1.58,1.50
2012.11.16 01:06:51.433,1.03682,1.03696,1.58,1.73
2012.11.16 01:06:53.463,1.03683,1.03696,1.73,1.73
2012.11.16 01:06:59.228,1.03683,1.03696,1.73,2.48
2012.11.16 01:07:00.466,1.03683,1.03696,1.73,1.73
2012.11.16 01:07:01.372,1.03682,1.03696,2.70,2.48
2012.11.16 01:07:08.028,1.03683,1.03696,1.73,1.73
2012.11.16 01:07:08.552,1.03683,1.03696,1.73,1.73
2012.11.16 01:07:10.341,1.03683,1.03696,1.73,1.73
2012.11.16 01:07:11.644,1.03684,1.03699,1.73,4.50
2012.11.16 01:07:13.483,1.03685,1.03699,1.73,2.25
2012.11.16 01:07:14.031,1.03685,1.03701,2.10,2.48
2012.11.16 01:07:14.506,1.03688,1.03701,1.73,2.25
2012.11.16 01:07:28.332,1.03688,1.037,1.58,1.50
2012.11.16 01:07:28.653,1.03688,1.03702,1.35,2.48
2012.11.16 01:07:28.723,1.03688,1.03702,1.58,2.25
2012.11.16 01:07:29.290,1.03688,1.03699,1.35,1.50
2012.11.16 01:07:29.944,1.03686,1.03701,2.10,2.25
2012.11.16 01:07:49.001,1.03687,1.03701,2.33,3.75
2012.11.16 01:07:49.122,1.03687,1.03701,2.33,3.98
2012.11.16 01:07:49.650,1.03687,1.03701,2.10,4.73
2012.11.16 01:07:50.636,1.03684,1.03699,2.33,1.73
2012.11.16 01:07:51.681,1.03683,1.03696,2.48,1.73
2012.11.16 01:07:52.381,1.03684,1.03696,1.50,1.73
2012.11.16 01:07:52.961,1.03682,1.03696,3.08,1.73
2012.11.16 01:07:54.421,1.03682,1.03696,2.85,1.73
2012.11.16 01:07:54.541,1.03681,1.03689,2.25,1.73
2012.11.16 01:07:54.725,1.03678,1.03689,1.50,3.98
2012.11.16 01:07:54.793,1.03677,1.03688,1.35,1.73
2012.11.16 01:07:55.341,1.03675,1.03686,1.50,1.73
2012.11.16 01:07:55.881,1.03675,1.03685,1.50,1.73
2012.11.16 01:07:56.061,1.03675,1.03687,1.50,1.35
2012.11.16 01:07:56.540,1.03671,1.03684,1.73,1.50
2012.11.16 01:07:56.602,1.03671,1.03684,1.50,2.48
2012.11.16 01:07:56.720,1.03671,1.03684,1.50,2.48
2012.11.16 01:07:57.081,1.03671,1.03686,1.50,2.48
2012.11.16 01:07:57.500,1.03672,1.03685,1.50,1.73
2012.11.16 01:07:59.992,1.0367,1.03684,3.23,1.73
2012.11.16 01:08:00.113,1.0367,1.03684,2.25,1.73
2012.11.16 01:08:00.564,1.03663,1.03677,1.73,1.73
2012.11.16 01:08:01.218,1.03664,1.03677,1.50,1.73
2012.11.16 01:08:01.531,1.03664,1.03677,1.50,1.73
2012.11.16 01:08:03.521,1.03664,1.03677,1.50,1.73
2012.11.16 01:08:07.970,1.03664,1.03677,1.50,1.73
2012.11.16 01:08:08.892,1.03664,1.03677,1.50,1.73
2012.11.16 01:08:09.360,1.03661,1.03676,1.50,2.48
2012.11.16 01:08:12.511,1.03662,1.03679,2.25,5.48
2012.11.16 01:08:12.631,1.03665,1.03676,1.50,2.48
2012.11.16 01:08:13.951,1.03667,1.03683,2.48,3.98
2012.11.16 01:08:15.051,1.03669,1.03681,1.13,2.48
2012.11.16 01:08:15.856,1.03669,1.03681,1.13,2.48
2012.11.16 01:08:17.800,1.03669,1.03681,1.13,2.48
2012.11.16 01:08:17.980,1.03671,1.03684,1.13,1.73
2012.11.16 01:08:19.022,1.03671,1.03684,1.13,2.48
2012.11.16 01:08:19.152,1.03666,1.03683,3.60,1.73
2012.11.16 01:08:19.461,1.03666,1.03679,2.25,1.73
2012.11.16 01:08:19.932,1.03662,1.03674,1.13,1.73
2012.11.16 01:08:20.003,1.03662,1.03674,1.13,1.73
2012.11.16 01:08:20.590,1.03662,1.03674,1.88,1.73
2012.11.16 01:08:22.035,1.03662,1.03674,1.50,1.73
2012.11.16 01:08:22.991,1.03662,1.03674,1.50,1.73
2012.11.16 01:08:23.111,1.03659,1.03668,2.25,1.73
2012.11.16 01:08:23.612,1.03662,1.03673,1.50,1.73
2012.11.16 01:08:23.681,1.03659,1.03674,3.00,1.50
2012.11.16 01:08:23.920,1.03659,1.03674,2.25,1.50
2012.11.16 01:08:26.852,1.03659,1.03673,1.13,1.50
2012.11.16 01:08:26.995,1.03659,1.0367,1.35,1.50
2012.11.16 01:08:27.301,1.03654,1.03666,1.73,2.25
2012.11.16 01:08:27.664,1.03654,1.03668,1.73,1.73
2012.11.16 01:08:28.086,1.03653,1.03668,3.98,1.73
2012.11.16 01:08:28.831,1.03654,1.03668,1.73,1.73
2012.11.16 01:08:28.891,1.03654,1.03667,1.73,1.50
2012.11.16 01:08:29.371,1.03655,1.03664,1.73,1.50
2012.11.16 01:08:29.730,1.03649,1.03658,1.50,1.50
2012.11.16 01:08:29.910,1.03646,1.03658,1.50,1.73
2012.11.16 01:08:30.580,1.03642,1.03656,1.35,1.73
2012.11.16 01:08:31.101,1.03645,1.03656,2.48,1.50
2012.11.16 01:08:31.160,1.03645,1.0366,2.48,1.35
2012.11.16 01:08:31.780,1.03647,1.03663,1.50,2.48
2012.11.16 01:08:31.843,1.03647,1.03663,1.73,2.48
2012.11.16 01:08:32.992,1.0365,1.03664,1.35,2.48
2012.11.16 01:08:33.050,1.0365,1.03664,1.35,2.48
2012.11.16 01:08:33.110,1.0365,1.03664,1.35,2.48
2012.11.16 01:08:33.291,1.03652,1.03669,2.48,3.23
2012.11.16 01:08:33.352,1.03656,1.03669,1.73,1.73
2012.11.16 01:08:34.521,1.03656,1.0367,2.48,3.23
2012.11.16 01:08:35.220,1.03656,1.0367,2.48,6.23
2012.11.16 01:08:35.521,1.03656,1.03669,1.73,1.73
2012.11.16 01:08:35.761,1.03656,1.03669,2.25,1.25
2012.11.16 01:08:35.883,1.03656,1.03662,2.48,1.50
2012.11.16 01:08:35.951,1.03656,1.03664,2.48,1.50
2012.11.16 01:08:36.013,1.03653,1.03664,1.73,1.50
2012.11.16 01:08:36.082,1.03652,1.03668,2.48,2.48
2012.11.16 01:08:36.632,1.03654,1.03666,1.35,1.73
2012.11.16 01:08:40.960,1.03652,1.03665,2.48,2.48
2012.11.16 01:08:45.020,1.03651,1.03664,1.73,1.73
2012.11.16 01:08:45.800,1.03655,1.03664,1.73,1.50
2012.11.16 01:08:46.160,1.03656,1.03666,1.50,1.73
2012.11.16 01:08:46.411,1.03656,1.03666,1.50,1.73
2012.11.16 01:08:46.940,1.03656,1.03666,1.50,1.73
2012.11.16 01:08:48.071,1.03656,1.03666,1.50,1.73
2012.11.16 01:08:48.481,1.03653,1.03666,1.73,1.73
2012.11.16 01:08:48.790,1.03653,1.03666,1.73,1.50
2012.11.16 01:08:48.851,1.03653,1.03669,3.23,5.10
2012.11.16 01:08:49.042,1.03653,1.03669,3.23,3.60
2012.11.16 01:08:49.601,1.03653,1.03669,3.23,2.10
2012.11.16 01:08:50.321,1.03653,1.03669,2.48,2.10
2012.11.16 01:08:50.934,1.03651,1.03668,2.48,2.48
2012.11.16 01:08:53.531,1.03657,1.03671,1.50,3.08
2012.11.16 01:08:53.726,1.03658,1.03671,1.73,2.25
2012.11.16 01:08:54.272,1.03659,1.03672,3.23,1.50
2012.11.16 01:08:54.951,1.03659,1.03674,3.23,1.50
2012.11.16 01:09:00.871,1.03659,1.03674,3.23,2.25
2012.11.16 01:09:18.781,1.03659,1.03673,2.48,1.50
2012.11.16 01:09:18.902,1.03657,1.03671,1.73,1.73
2012.11.16 01:09:19.588,1.03657,1.0367,1.73,1.73
2012.11.16 01:09:23.422,1.03656,1.0367,2.48,1.73
2012.11.16 01:09:26.442,1.03652,1.03668,2.48,2.25
2012.11.16 01:09:26.502,1.03651,1.03668,2.85,2.48
2012.11.16 01:09:27.053,1.03651,1.03668,2.85,2.48
2012.11.16 01:09:27.121,1.03651,1.03668,2.85,2.48
2012.11.16 01:09:27.820,1.03655,1.03668,1.73,3.08
2012.11.16 01:09:27.889,1.03655,1.03668,1.73,2.48
2012.11.16 01:09:29.271,1.03655,1.03669,1.73,3.83
2012.11.16 01:09:49.152,1.03653,1.03669,2.10,3.08
2012.11.16 01:09:49.691,1.03653,1.03668,2.10,1.73
2012.11.16 01:09:52.865,1.03653,1.03668,2.10,1.73
2012.11.16 01:09:53.491,1.03653,1.03669,2.10,3.83
2012.11.16 01:09:55.922,1.03653,1.03669,2.10,3.08
2012.11.16 01:10:02.692,1.03654,1.03669,1.73,3.08
2012.11.16 01:10:05.590,1.03655,1.03669,2.48,3.08
2012.11.16 01:10:13.231,1.03655,1.03669,2.85,3.08
2012.11.16 01:10:15.053,1.03655,1.03669,2.85,3.08
2012.11.16 01:10:24.911,1.03654,1.03669,2.85,3.83
2012.11.16 01:10:36.444,1.03654,1.03668,2.48,1.73
2012.11.16 01:10:36.591,1.03654,1.03668,2.48,1.73
2012.11.16 01:10:41.342,1.03655,1.03668,1.13,1.73
2012.11.16 01:10:41.647,1.03659,1.03669,2.25,1.73
2012.11.16 01:10:41.773,1.03659,1.03672,3.75,1.73
2012.11.16 01:10:49.922,1.0366,1.03674,2.63,1.50
2012.11.16 01:10:50.042,1.03661,1.03674,2.25,1.73
2012.11.16 01:10:55.344,1.03661,1.03678,1.88,3.23
2012.11.16 01:10:55.532,1.03661,1.03675,1.88,3.23
2012.11.16 01:10:55.953,1.03661,1.03674,1.13,3.08
2012.11.16 01:10:56.072,1.03661,1.03672,1.13,2.33
2012.11.16 01:10:56.492,1.03657,1.03672,2.25,2.33
2012.11.16 01:11:06.062,1.03656,1.03672,2.10,2.48
2012.11.16 01:11:09.805,1.03656,1.03672,2.10,2.48
2012.11.16 01:11:11.844,1.0366,1.03673,2.25,1.73
2012.11.16 01:11:17.982,1.03661,1.03675,1.13,2.48
2012.11.16 01:11:41.434,1.0366,1.03675,2.25,2.48
2012.11.16 01:11:42.241,1.0366,1.03673,2.25,1.50
2012.11.16 01:11:42.682,1.0366,1.03673,2.25,1.73
2012.11.16 01:11:43.773,1.0366,1.03673,2.25,1.73
2012.11.16 01:11:51.123,1.03658,1.03671,1.13,1.73
2012.11.16 01:11:51.362,1.03659,1.03671,1.13,1.73
2012.11.16 01:11:52.462,1.03655,1.03671,2.48,3.98
2012.11.16 01:11:54.934,1.03655,1.0367,1.73,1.73
2012.11.16 01:11:55.194,1.03656,1.03671,2.48,1.73
2012.11.16 01:12:01.203,1.03654,1.0367,2.48,2.48
2012.11.16 01:12:01.830,1.03653,1.03669,1.73,1.73
2012.11.16 01:12:03.111,1.03657,1.0367,1.50,1.73
2012.11.16 01:12:03.768,1.03662,1.03677,2.25,1.73
2012.11.16 01:12:03.953,1.03662,1.03676,2.25,1.73
2012.11.16 01:12:04.502,1.03665,1.03676,2.25,1.73
2012.11.16 01:12:05.372,1.03665,1.03676,2.25,1.73
2012.11.16 01:12:08.233,1.03665,1.03678,3.00,1.73
2012.11.16 01:12:08.803,1.03664,1.03679,1.50,1.73
2012.11.16 01:12:10.803,1.03662,1.03679,3.00,2.48
2012.11.16 01:12:10.922,1.03663,1.03677,1.50,3.23
2012.11.16 01:12:11.222,1.03664,1.03678,1.50,2.48
2012.11.16 01:12:11.401,1.03664,1.03679,1.50,2.33
2012.11.16 01:12:16.552,1.03664,1.03679,1.50,1.58
2012.11.16 01:12:17.105,1.03664,1.03679,1.50,1.58
2012.11.16 01:12:18.121,1.03664,1.03679,1.50,1.58
2012.11.16 01:12:18.682,1.03663,1.03678,1.88,1.73
2012.11.16 01:12:19.042,1.03662,1.03678,1.50,2.48
2012.11.16 01:12:19.623,1.03662,1.03678,3.00,3.98
2012.11.16 01:12:20.333,1.03662,1.03678,3.00,4.73
2012.11.16 01:12:20.453,1.03662,1.03678,3.00,4.73
2012.11.16 01:12:20.512,1.03662,1.03677,3.00,2.48
2012.11.16 01:12:21.502,1.03661,1.03677,2.25,3.23
2012.11.16 01:12:21.632,1.03661,1.03677,2.25,2.48
2012.11.16 01:12:23.062,1.03661,1.03677,3.00,2.48
2012.11.16 01:12:23.543,1.03659,1.03673,1.13,1.73
2012.11.16 01:12:23.902,1.03656,1.03668,1.50,1.50
2012.11.16 01:12:23.963,1.03654,1.03667,1.50,2.48
2012.11.16 01:12:24.082,1.03651,1.03666,2.48,2.48
2012.11.16 01:12:24.143,1.03651,1.03666,2.25,3.08
2012.11.16 01:12:24.553,1.0365,1.03662,3.00,1.58
2012.11.16 01:12:25.042,1.03646,1.03662,3.23,4.58
2012.11.16 01:12:25.582,1.03646,1.03661,3.23,2.48
2012.11.16 01:12:26.091,1.03646,1.03661,3.23,1.73
2012.11.16 01:12:31.642,1.03649,1.03661,2.25,1.73
2012.11.16 01:12:33.112,1.03649,1.03661,2.25,1.73
2012.11.16 01:12:33.622,1.03649,1.03661,2.25,1.73
2012.11.16 01:12:34.174,1.03649,1.03664,3.00,1.73
2012.11.16 01:12:37.002,1.03647,1.03663,2.85,1.58
2012.11.16 01:12:38.034,1.03647,1.03662,1.73,2.33
2012.11.16 01:12:38.504,1.03643,1.0366,3.23,3.23
2012.11.16 01:12:38.753,1.03643,1.0366,3.23,3.23
2012.11.16 01:12:39.003,1.03643,1.0366,3.23,3.23
2012.11.16 01:12:40.351,1.03643,1.03661,3.60,4.73
2012.11.16 01:12:40.962,1.03646,1.03661,2.25,2.48
2012.11.16 01:12:41.871,1.03646,1.03661,2.63,1.73
2012.11.16 01:12:41.934,1.03647,1.03661,2.25,1.73
2012.11.16 01:12:51.393,1.03646,1.03662,3.00,3.98
2012.11.16 01:12:52.533,1.03646,1.03662,3.00,4.73
2012.11.16 01:12:56.422,1.03646,1.03662,3.00,4.73
2012.11.16 01:12:57.851,1.03646,1.03662,3.00,4.73
2012.11.16 01:13:02.303,1.03649,1.03661,1.73,1.50
2012.11.16 01:13:02.892,1.03649,1.03661,1.73,1.50
2012.11.16 01:13:08.282,1.03649,1.03661,1.73,1.50
2012.11.16 01:13:12.584,1.03647,1.0366,1.73,1.73
2012.11.16 01:13:12.644,1.03644,1.03657,3.23,2.25
2012.11.16 01:13:13.082,1.03644,1.03656,1.73,1.50
2012.11.16 01:13:13.322,1.03641,1.03656,2.48,1.73
2012.11.16 01:13:15.944,1.03641,1.03657,2.63,2.48
2012.11.16 01:13:16.713,1.03641,1.03656,1.13,2.48
2012.11.16 01:13:18.045,1.03638,1.03654,2.48,1.73
2012.11.16 01:13:20.282,1.03638,1.03654,2.48,1.73
2012.11.16 01:13:20.342,1.03638,1.03654,2.25,2.48
2012.11.16 01:13:21.013,1.03638,1.03654,2.25,3.23
2012.11.16 01:13:22.312,1.03638,1.03652,2.25,1.73
2012.11.16 01:13:22.962,1.03637,1.03652,1.50,2.48
2012.11.16 01:13:24.561,1.03637,1.03652,1.50,1.73
2012.11.16 01:13:27.691,1.03637,1.03652,1.50,2.48
2012.11.16 01:13:28.631,1.03637,1.03652,1.50,1.73
2012.11.16 01:13:31.971,1.03637,1.03652,1.50,1.73
2012.11.16 01:13:34.652,1.03637,1.03653,1.50,2.48
2012.11.16 01:13:38.682,1.03637,1.03653,1.50,1.73
2012.11.16 01:13:39.462,1.03637,1.03653,1.50,1.73
2012.11.16 01:13:50.072,1.03637,1.03653,1.50,3.60
2012.11.16 01:13:51.023,1.03637,1.03652,1.50,1.73
2012.11.16 01:13:55.432,1.03636,1.03651,1.50,3.23
2012.11.16 01:13:55.851,1.03632,1.03649,1.13,3.98
2012.11.16 01:13:55.971,1.03632,1.03649,1.88,4.73
2012.11.16 01:13:56.772,1.03632,1.03647,1.50,1.73
2012.11.16 01:14:00.923,1.03632,1.03646,1.50,3.23
2012.11.16 01:14:06.306,1.03632,1.03646,1.73,3.23
2012.11.16 01:14:08.504,1.03633,1.03647,1.50,1.73
2012.11.16 01:14:09.124,1.03633,1.03647,1.50,3.23
2012.11.16 01:14:11.833,1.03631,1.03644,1.73,2.48
2012.11.16 01:14:12.192,1.03627,1.03644,2.48,2.48
2012.11.16 01:14:12.562,1.03627,1.03644,2.48,2.48
2012.11.16 01:14:14.052,1.03626,1.03642,4.35,1.73
2012.11.16 01:14:16.632,1.0363,1.03643,2.25,1.73
2012.11.16 01:14:17.289,1.0363,1.03643,2.25,1.73
2012.11.16 01:14:23.573,1.0363,1.03643,2.25,1.73
2012.11.16 01:14:24.293,1.03627,1.03642,1.50,3.23
2012.11.16 01:14:24.413,1.03627,1.03642,1.50,3.23
2012.11.16 01:14:24.977,1.03627,1.03642,2.25,2.48
2012.11.16 01:14:27.192,1.03627,1.03642,2.25,2.48
2012.11.16 01:14:28.492,1.03627,1.03642,1.13,2.48
2012.11.16 01:14:33.016,1.03627,1.03641,1.13,1.73
2012.11.16 01:14:33.082,1.03626,1.03641,3.23,1.73
2012.11.16 01:14:33.583,1.03626,1.0364,1.50,2.48
2012.11.16 01:14:34.182,1.03624,1.03638,4.58,1.73
2012.11.16 01:14:34.363,1.03622,1.03635,1.50,1.73
2012.11.16 01:14:34.602,1.03618,1.03631,1.13,1.73
2012.11.16 01:14:34.662,1.03618,1.03631,1.13,1.73
2012.11.16 01:14:35.202,1.03618,1.0363,1.13,1.73
2012.11.16 01:14:38.271,1.03615,1.03631,3.75,4.73
2012.11.16 01:14:43.072,1.03617,1.03631,1.50,1.73
2012.11.16 01:14:43.921,1.03617,1.03632,1.88,2.48
2012.11.16 01:14:46.661,1.03617,1.03632,1.88,1.73
2012.11.16 01:14:50.172,1.03617,1.03632,1.50,1.73
2012.11.16 01:14:58.592,1.03617,1.03633,1.50,3.23
2012.11.16 01:15:00.422,1.03616,1.03632,2.48,2.48
2012.11.16 01:15:05.968,1.03618,1.0363,1.50,1.73
2012.11.16 01:15:07.233,1.03617,1.0363,3.00,1.73
2012.11.16 01:15:07.743,1.03617,1.0363,3.00,1.73
2012.11.16 01:15:08.292,1.03617,1.03633,3.00,3.23
2012.11.16 01:15:09.492,1.03617,1.03633,2.25,3.23
2012.11.16 01:15:11.283,1.03615,1.03628,1.35,3.98
2012.11.16 01:15:11.612,1.03615,1.03627,1.13,2.48
2012.11.16 01:15:12.652,1.03611,1.03626,1.73,1.73
2012.11.16 01:15:12.832,1.0361,1.03624,1.35,2.48
2012.11.16 01:15:12.892,1.0361,1.03624,1.58,2.48
2012.11.16 01:15:13.372,1.0361,1.03625,1.35,2.48
2012.11.16 01:15:13.492,1.0361,1.03625,2.33,2.48
2012.11.16 01:15:14.043,1.0361,1.03625,1.73,2.48
2012.11.16 01:15:16.034,1.0361,1.03625,1.73,2.48
2012.11.16 01:15:17.992,1.0361,1.03625,1.73,2.48
2012.11.16 01:15:18.473,1.03609,1.03625,1.73,3.23
2012.11.16 01:15:19.003,1.03607,1.0362,2.33,1.73
2012.11.16 01:15:19.653,1.03607,1.03619,1.35,2.48
2012.11.16 01:15:20.050,1.03605,1.0362,2.48,2.10
2012.11.16 01:15:22.892,1.03605,1.0362,2.48,1.50
2012.11.16 01:15:23.313,1.03609,1.03622,3.23,1.50
2012.11.16 01:15:23.861,1.03609,1.03624,3.23,3.23
2012.11.16 01:15:24.478,1.03609,1.03623,3.23,1.73
2012.11.16 01:15:25.031,1.03609,1.03623,3.23,2.48
2012.11.16 01:15:25.091,1.03609,1.03623,3.23,1.73
2012.11.16 01:15:25.942,1.03612,1.03627,2.25,3.23
2012.11.16 01:15:26.004,1.03612,1.03627,2.48,3.23
2012.11.16 01:15:26.993,1.03612,1.03628,2.48,2.10
2012.11.16 01:15:27.473,1.03612,1.03628,2.48,1.73
2012.11.16 01:15:28.022,1.03612,1.03628,2.48,1.73
2012.11.16 01:15:28.933,1.03612,1.03627,2.48,1.73
2012.11.16 01:15:29.472,1.03612,1.03628,3.23,2.48
2012.11.16 01:15:31.344,1.03612,1.03628,1.73,3.23
2012.11.16 01:15:31.463,1.03609,1.03623,3.23,2.48
2012.11.16 01:15:31.703,1.03609,1.03621,2.25,2.48
2012.11.16 01:15:32.003,1.03606,1.03619,1.73,1.50
2012.11.16 01:15:33.032,1.03606,1.03621,1.73,3.98
2012.11.16 01:15:33.608,1.03606,1.03621,1.73,3.23
2012.11.16 01:15:34.952,1.03606,1.03621,1.73,2.48
2012.11.16 01:15:35.492,1.03605,1.03621,2.48,2.85
2012.11.16 01:15:35.954,1.03605,1.03621,2.48,3.60
2012.11.16 01:15:36.646,1.03607,1.03621,2.48,3.38
2012.11.16 01:15:36.834,1.03607,1.03621,3.98,1.73
2012.11.16 01:15:37.894,1.03604,1.0362,2.48,2.48
2012.11.16 01:15:38.322,1.03607,1.03622,3.23,3.23
2012.11.16 01:15:45.723,1.03608,1.03622,1.73,1.35
2012.11.16 01:15:45.843,1.03609,1.03622,3.23,1.13
2012.11.16 01:15:46.204,1.03611,1.03626,2.48,2.10
2012.11.16 01:15:47.504,1.03611,1.03626,2.48,2.10
2012.11.16 01:15:51.152,1.03613,1.03627,2.25,2.10
2012.11.16 01:15:53.187,1.03618,1.03628,1.50,1.13
2012.11.16 01:15:53.612,1.03621,1.03633,1.50,1.35
2012.11.16 01:15:56.233,1.03621,1.03633,1.50,1.13
2012.11.16 01:16:00.263,1.03619,1.03632,1.50,1.73
2012.11.16 01:16:01.473,1.0362,1.03632,1.50,2.48
2012.11.16 01:16:01.654,1.0362,1.03634,1.73,3.23
2012.11.16 01:16:01.772,1.03621,1.03633,1.50,2.48
2012.11.16 01:16:04.242,1.03621,1.03633,1.50,1.73
2012.11.16 01:16:04.423,1.03619,1.03633,1.50,3.60
2012.11.16 01:16:04.542,1.03619,1.03633,1.73,3.45
2012.11.16 01:16:04.667,1.03619,1.03631,1.50,1.73
2012.11.16 01:16:04.795,1.03618,1.03631,2.25,2.48
2012.11.16 01:16:05.343,1.0361,1.03625,1.73,3.00
2012.11.16 01:16:05.405,1.0361,1.03625,1.73,3.23
2012.11.16 01:16:05.534,1.03612,1.03625,1.73,3.23
2012.11.16 01:16:05.687,1.03611,1.03625,1.73,3.23
2012.11.16 01:16:06.592,1.03615,1.03627,1.50,1.73
2012.11.16 01:16:06.773,1.03617,1.03628,2.10,1.35
2012.11.16 01:16:06.833,1.03617,1.03629,1.73,1.73
2012.11.16 01:16:06.954,1.03617,1.03629,1.50,1.73
2012.11.16 01:16:07.073,1.03615,1.03629,3.23,1.50
2012.11.16 01:16:07.192,1.03615,1.03629,1.73,3.23
2012.11.16 01:16:07.252,1.03615,1.03629,1.73,3.23
2012.11.16 01:16:07.494,1.03615,1.03629,1.50,3.23
2012.11.16 01:16:08.283,1.03615,1.03628,1.50,3.98
2012.11.16 01:16:09.184,1.03617,1.0363,1.50,2.85
2012.11.16 01:16:09.303,1.03617,1.03631,2.25,4.35
2012.11.16 01:16:09.423,1.03617,1.03631,1.50,3.60
2012.11.16 01:16:09.982,1.03617,1.03631,1.50,3.60
2012.11.16 01:16:10.722,1.03617,1.03631,1.50,2.10
2012.11.16 01:16:11.261,1.0362,1.03631,1.50,1.73
2012.11.16 01:16:11.703,1.0362,1.03634,1.73,2.70
2012.11.16 01:16:11.763,1.03622,1.03634,1.50,2.10
2012.11.16 01:16:12.192,1.03623,1.03636,1.50,2.48
2012.11.16 01:16:13.684,1.03623,1.03636,1.50,2.48
2012.11.16 01:16:15.496,1.03623,1.03636,1.50,2.48
2012.11.16 01:16:16.322,1.03623,1.03637,1.50,1.73
2012.11.16 01:16:16.902,1.03623,1.03637,1.73,1.73
2012.11.16 01:16:17.451,1.03623,1.03637,1.73,1.73
2012.11.16 01:16:23.102,1.03624,1.03636,1.73,1.73
2012.11.16 01:16:30.572,1.03625,1.03636,1.50,1.73
2012.11.16 01:16:47.993,1.03625,1.03636,1.13,1.73
2012.11.16 01:16:48.583,1.03624,1.03636,2.48,1.50
2012.11.16 01:16:48.702,1.03624,1.0364,2.48,2.48
2012.11.16 01:16:48.831,1.03625,1.0364,1.73,2.25
2012.11.16 01:16:49.364,1.03629,1.03641,1.35,2.25
2012.11.16 01:16:51.232,1.0363,1.03644,1.73,3.23
2012.11.16 01:16:52.232,1.0363,1.03641,1.50,1.73
2012.11.16 01:16:57.612,1.03629,1.03644,1.73,3.23
2012.11.16 01:17:03.404,1.03629,1.03642,1.73,2.48
2012.11.16 01:17:03.523,1.03626,1.0364,2.48,1.73
2012.11.16 01:17:04.063,1.03625,1.03639,1.35,1.73
2012.11.16 01:17:04.374,1.03625,1.03639,1.35,1.50
2012.11.16 01:17:04.733,1.03628,1.0364,1.35,1.50
2012.11.16 01:17:05.102,1.0363,1.03645,2.48,2.48
2012.11.16 01:17:05.650,1.03631,1.03646,4.73,1.73
2012.11.16 01:17:06.572,1.03631,1.03646,4.73,1.73
2012.11.16 01:17:08.473,1.03632,1.03647,1.73,1.73
2012.11.16 01:17:17.462,1.03633,1.03647,1.35,2.48
2012.11.16 01:17:20.225,1.03633,1.03647,1.13,3.23
2012.11.16 01:17:20.292,1.03633,1.03645,1.13,1.73
2012.11.16 01:17:20.665,1.03633,1.03645,1.13,1.73
2012.11.16 01:17:25.582,1.03633,1.03647,1.50,1.73
2012.11.16 01:17:25.962,1.03633,1.03647,1.50,1.73
2012.11.16 01:17:27.912,1.03632,1.03647,1.73,1.73
2012.11.16 01:17:42.200,1.03633,1.03647,1.50,1.73
2012.11.16 01:17:44.862,1.03632,1.03647,1.35,1.73
2012.11.16 01:17:46.418,1.03632,1.03647,2.85,1.73
2012.11.16 01:17:46.813,1.03634,1.03647,1.73,1.50
2012.11.16 01:17:46.933,1.03634,1.03647,1.73,1.73
2012.11.16 01:17:47.825,1.03635,1.0365,2.25,1.73
2012.11.16 01:17:48.313,1.03634,1.03649,1.73,2.48
2012.11.16 01:17:48.503,1.03634,1.03649,1.73,2.48
2012.11.16 01:17:51.627,1.03636,1.03651,1.50,1.73
2012.11.16 01:17:51.699,1.03636,1.03651,1.73,1.73
2012.11.16 01:17:52.204,1.03635,1.03651,2.85,4.73
2012.11.16 01:17:53.682,1.03638,1.03651,1.73,2.48
2012.11.16 01:17:53.803,1.03641,1.03654,1.50,2.48
2012.11.16 01:17:54.484,1.03641,1.03654,3.00,1.73
2012.11.16 01:17:57.602,1.03642,1.03654,1.50,1.73
2012.11.16 01:17:57.902,1.03643,1.03659,3.23,3.08
2012.11.16 01:17:58.022,1.03643,1.03659,3.23,3.08
2012.11.16 01:17:59.434,1.03645,1.03659,1.45,2.10
2012.11.16 01:17:59.683,1.0365,1.03665,1.50,2.48
2012.11.16 01:17:59.823,1.0365,1.03665,1.73,2.48
2012.11.16 01:18:00.425,1.03651,1.03665,2.48,1.73
2012.11.16 01:18:00.942,1.03651,1.03665,2.48,1.73
2012.11.16 01:18:03.292,1.03653,1.03665,1.13,1.73
2012.11.16 01:18:03.413,1.03653,1.03667,1.35,1.73
2012.11.16 01:18:03.474,1.03653,1.03668,1.35,3.83
2012.11.16 01:18:03.722,1.03654,1.0367,1.73,1.73
2012.11.16 01:18:10.213,1.03656,1.0367,1.35,1.73
2012.11.16 01:18:14.872,1.03656,1.0367,1.35,2.48
2012.11.16 01:18:16.163,1.03656,1.0367,2.10,1.73
2012.11.16 01:18:16.722,1.03657,1.03672,2.25,2.48
2012.11.16 01:18:17.332,1.03657,1.03672,2.25,2.48
2012.11.16 01:18:18.492,1.03657,1.03672,2.25,2.48
2012.11.16 01:18:21.922,1.03659,1.03672,1.50,2.48
2012.11.16 01:18:22.282,1.03659,1.03672,1.50,3.23
2012.11.16 01:18:22.533,1.03659,1.03672,1.50,3.23
2012.11.16 01:18:23.132,1.03659,1.03672,1.50,3.23
2012.11.16 01:18:23.372,1.03659,1.03672,1.50,3.23
2012.11.16 01:18:23.792,1.03659,1.03672,1.50,3.23
2012.11.16 01:18:23.912,1.03659,1.03672,1.50,3.23
2012.11.16 01:18:24.463,1.03659,1.03672,1.50,3.23
2012.11.16 01:18:24.942,1.03659,1.03672,1.88,2.48
2012.11.16 01:18:25.123,1.03659,1.03673,1.88,1.73
2012.11.16 01:18:25.632,1.03659,1.03673,1.88,1.73
2012.11.16 01:18:27.353,1.03659,1.03673,1.13,2.48
2012.11.16 01:18:27.893,1.0366,1.03673,1.50,3.98
2012.11.16 01:18:28.252,1.0366,1.03673,1.73,1.73
2012.11.16 01:18:30.214,1.0366,1.03675,1.73,3.98
2012.11.16 01:18:31.033,1.03661,1.03675,1.13,3.98
2012.11.16 01:18:32.904,1.03663,1.03674,1.50,1.73
2012.11.16 01:18:33.202,1.03663,1.03677,1.50,1.73
2012.11.16 01:18:33.503,1.03665,1.03678,1.50,2.48
2012.11.16 01:18:34.313,1.03661,1.03677,2.25,3.23
2012.11.16 01:18:35.494,1.03661,1.03676,2.25,1.73
2012.11.16 01:18:36.033,1.03663,1.03678,3.23,2.48
2012.11.16 01:18:36.224,1.03662,1.03678,2.85,2.25
2012.11.16 01:18:36.583,1.03666,1.0368,1.13,2.48
2012.11.16 01:18:37.062,1.03663,1.03679,2.10,2.48
2012.11.16 01:18:37.923,1.03666,1.03679,1.13,2.48
2012.11.16 01:18:38.102,1.03666,1.0368,1.35,1.73
2012.11.16 01:18:38.652,1.03666,1.03681,2.85,2.48
2012.11.16 01:18:39.180,1.03668,1.03681,2.48,1.73
2012.11.16 01:18:40.303,1.03671,1.03681,1.50,1.73
2012.11.16 01:18:40.422,1.03668,1.03683,3.98,2.25
2012.11.16 01:18:40.722,1.03668,1.03684,4.50,2.48
2012.11.16 01:18:40.902,1.03672,1.03688,1.50,1.73
2012.11.16 01:18:41.082,1.03671,1.03687,3.60,2.48
2012.11.16 01:18:41.622,1.03673,1.03687,1.73,2.48
2012.11.16 01:18:41.923,1.03673,1.03686,3.00,1.73
2012.11.16 01:18:41.982,1.03673,1.03686,2.25,2.48
2012.11.16 01:18:42.343,1.0367,1.03686,2.48,3.98
2012.11.16 01:18:43.364,1.03671,1.03686,1.50,3.98
2012.11.16 01:18:43.423,1.03674,1.03687,1.50,2.33
2012.11.16 01:18:43.603,1.03673,1.03687,1.73,2.33
2012.11.16 01:18:44.613,1.0367,1.03686,1.73,3.23
2012.11.16 01:18:45.124,1.0367,1.03686,1.73,3.23
2012.11.16 01:18:45.906,1.0367,1.03686,1.73,2.48
2012.11.16 01:18:48.022,1.03673,1.03687,1.13,3.23
2012.11.16 01:18:49.463,1.03673,1.03687,1.13,3.23
2012.11.16 01:18:49.530,1.03673,1.03687,2.48,1.73
2012.11.16 01:18:49.914,1.03677,1.03691,3.23,2.33
2012.11.16 01:18:50.032,1.03677,1.03692,3.23,1.73
2012.11.16 01:18:50.153,1.03677,1.03692,3.23,1.73
2012.11.16 01:18:50.632,1.03677,1.03692,2.48,2.33
2012.11.16 01:18:51.163,1.03677,1.03693,3.23,2.48
2012.11.16 01:18:51.702,1.03677,1.03693,3.23,2.48
2012.11.16 01:18:52.691,1.03677,1.03693,3.23,2.48
2012.11.16 01:18:52.812,1.03677,1.03693,3.23,2.48
2012.11.16 01:18:53.372,1.03677,1.03693,3.00,2.48
2012.11.16 01:18:53.922,1.03677,1.03693,3.23,2.48
2012.11.16 01:18:53.983,1.03677,1.03693,3.23,3.23
2012.11.16 01:18:54.105,1.03676,1.03692,2.48,2.48
2012.11.16 01:18:54.354,1.03676,1.03689,1.50,2.48
2012.11.16 01:18:54.535,1.03673,1.03686,1.13,2.48
2012.11.16 01:18:57.253,1.0367,1.03686,2.48,2.48
2012.11.16 01:19:05.312,1.0367,1.03686,2.48,2.85
2012.11.16 01:19:05.673,1.03668,1.03683,2.48,1.73
2012.11.16 01:19:05.732,1.03668,1.03683,2.48,1.73
2012.11.16 01:19:09.193,1.03664,1.03678,1.73,2.48
2012.11.16 01:19:10.282,1.03665,1.03682,4.35,3.23
2012.11.16 01:19:10.605,1.03665,1.03683,5.10,2.25
2012.11.16 01:19:11.472,1.03666,1.03683,2.48,2.48
2012.11.16 01:19:14.023,1.03668,1.03684,2.85,3.83
2012.11.16 01:19:14.589,1.03668,1.03683,1.13,2.48
2012.11.16 01:19:15.164,1.03668,1.03683,1.13,2.48
2012.11.16 01:19:15.763,1.03671,1.03685,1.13,3.98
2012.11.16 01:19:15.822,1.03671,1.03685,1.13,1.73
2012.11.16 01:19:16.433,1.03671,1.03685,1.35,1.73
2012.11.16 01:19:18.683,1.03673,1.03686,1.13,2.48
2012.11.16 01:19:19.042,1.03674,1.03689,1.35,2.48
2012.11.16 01:19:19.823,1.03674,1.03687,1.35,1.73
2012.11.16 01:19:25.543,1.03673,1.03688,1.73,1.73
2012.11.16 01:19:25.903,1.03674,1.0369,2.48,1.73
2012.11.16 01:19:26.262,1.03674,1.0369,2.48,1.73
2012.11.16 01:19:26.793,1.03676,1.0369,1.35,1.73
2012.11.16 01:19:28.054,1.03676,1.0369,1.35,1.73
2012.11.16 01:19:28.113,1.03674,1.0369,2.48,1.73
2012.11.16 01:19:29.077,1.03674,1.0369,2.48,1.73
2012.11.16 01:19:29.203,1.03676,1.03691,2.85,2.25
2012.11.16 01:19:29.323,1.03676,1.03691,2.85,2.48
2012.11.16 01:19:29.626,1.03676,1.03692,2.85,3.98
2012.11.16 01:19:30.926,1.03676,1.03692,2.85,3.98
2012.11.16 01:19:31.552,1.03675,1.03689,1.73,2.48
2012.11.16 01:19:31.833,1.03673,1.03689,1.50,2.48
2012.11.16 01:19:32.382,1.03673,1.03689,1.50,3.98
2012.11.16 01:19:33.303,1.0367,1.03686,2.48,3.23
2012.11.16 01:19:33.603,1.03667,1.03685,3.23,2.48
2012.11.16 01:19:38.359,1.03668,1.03683,1.73,1.73
2012.11.16 01:19:39.794,1.03668,1.03685,1.73,2.48
2012.11.16 01:19:40.303,1.0367,1.03686,3.23,2.48
2012.11.16 01:19:40.423,1.0367,1.03686,3.23,2.48
2012.11.16 01:19:43.083,1.03672,1.03686,2.48,1.35
2012.11.16 01:19:43.643,1.03671,1.03686,1.73,3.60
2012.11.16 01:19:44.063,1.03671,1.03686,2.48,2.48
2012.11.16 01:19:46.052,1.03671,1.03686,1.73,2.85
2012.11.16 01:19:46.254,1.03671,1.03686,1.73,3.60
2012.11.16 01:19:47.962,1.03671,1.03686,1.73,3.60
2012.11.16 01:19:48.393,1.0367,1.03686,2.48,4.35
2012.11.16 01:19:49.032,1.0367,1.03686,2.48,3.60
2012.11.16 01:19:49.605,1.03669,1.03682,1.73,1.50
2012.11.16 01:19:51.282,1.03669,1.03682,1.73,1.50
2012.11.16 01:20:00.175,1.03669,1.03682,1.73,1.50
2012.11.16 01:20:02.243,1.03669,1.03682,1.73,3.00
2012.11.16 01:20:02.544,1.03669,1.03682,1.50,3.23
2012.11.16 01:20:02.852,1.03669,1.03682,1.73,3.23
2012.11.16 01:20:03.211,1.03666,1.03682,2.48,3.98
2012.11.16 01:20:04.293,1.03666,1.03681,2.48,1.73
2012.11.16 01:20:04.352,1.03664,1.0368,4.35,2.48
2012.11.16 01:20:04.653,1.03664,1.0368,3.60,3.23
2012.11.16 01:20:04.893,1.03664,1.0368,3.23,3.23
2012.11.16 01:20:05.894,1.03667,1.03682,2.25,2.10
2012.11.16 01:20:06.314,1.03667,1.03682,2.25,1.35
2012.11.16 01:20:08.405,1.03669,1.03683,2.48,2.48
2012.11.16 01:20:08.534,1.03669,1.03682,1.73,1.50
2012.11.16 01:20:08.833,1.03669,1.03683,1.73,2.48
2012.11.16 01:20:09.413,1.03669,1.03683,1.73,1.73
2012.11.16 01:20:10.932,1.03669,1.03684,1.73,3.23
2012.11.16 01:20:11.394,1.03667,1.03682,1.35,1.73
2012.11.16 01:20:12.522,1.03667,1.03683,1.35,1.73
2012.11.16 01:20:13.273,1.03667,1.03684,1.35,2.48
2012.11.16 01:20:14.592,1.03666,1.03683,3.23,1.35
2012.11.16 01:20:18.633,1.03666,1.0368,2.48,2.10
2012.11.16 01:20:18.752,1.03665,1.0368,2.48,2.10
2012.11.16 01:20:20.704,1.03668,1.03682,2.48,1.73
2012.11.16 01:20:21.205,1.03668,1.03682,2.48,2.48
2012.11.16 01:20:21.634,1.03666,1.03681,2.48,1.73
2012.11.16 01:20:21.755,1.03665,1.03681,2.48,3.23
2012.11.16 01:20:21.814,1.03665,1.03679,1.50,1.73
2012.11.16 01:20:22.364,1.03659,1.03675,3.98,2.48
2012.11.16 01:20:22.620,1.03659,1.03675,3.98,2.48
2012.11.16 01:20:23.354,1.03659,1.03674,2.48,1.73
2012.11.16 01:20:23.602,1.03659,1.03675,3.23,3.23
2012.11.16 01:20:23.782,1.03661,1.03676,2.25,2.48
2012.11.16 01:20:24.510,1.03661,1.03676,3.00,1.73
2012.11.16 01:20:36.313,1.03661,1.03677,3.00,3.98
2012.11.16 01:20:42.555,1.03661,1.03674,1.50,1.73
2012.11.16 01:20:42.619,1.03659,1.03674,1.35,2.48
2012.11.16 01:20:43.162,1.03659,1.03673,2.63,1.73
2012.11.16 01:20:43.419,1.03659,1.03676,3.60,1.73
2012.11.16 01:20:43.602,1.03661,1.03677,2.48,2.48
2012.11.16 01:21:05.243,1.03661,1.03678,2.48,1.73
2012.11.16 01:21:05.955,1.03661,1.03678,2.48,2.48
2012.11.16 01:21:11.003,1.03661,1.03678,2.48,2.48
2012.11.16 01:21:18.694,1.03661,1.03676,1.73,1.73
2012.11.16 01:21:18.814,1.0366,1.03675,2.25,2.10
2012.11.16 01:21:19.393,1.03657,1.03673,1.73,2.48
2012.11.16 01:21:20.014,1.03656,1.03673,1.73,3.23
2012.11.16 01:21:20.394,1.03658,1.03674,2.85,2.48
2012.11.16 01:21:20.515,1.03659,1.03675,3.98,2.48
2012.11.16 01:21:21.063,1.03659,1.03676,3.98,1.73
2012.11.16 01:21:22.165,1.03658,1.03672,1.35,1.73
2012.11.16 01:21:22.564,1.03658,1.03674,1.35,3.23
2012.11.16 01:21:25.857,1.03656,1.03672,2.48,1.73
2012.11.16 01:21:26.553,1.03656,1.0367,2.25,3.23
2012.11.16 01:21:30.703,1.03653,1.03668,2.25,2.48
2012.11.16 01:21:30.834,1.03651,1.03666,3.23,1.73
2012.11.16 01:21:31.074,1.0365,1.03666,3.23,2.48
2012.11.16 01:21:31.373,1.03649,1.03663,2.25,1.73
2012.11.16 01:21:31.922,1.03649,1.03664,2.25,2.48
2012.11.16 01:21:32.493,1.03649,1.03664,2.25,2.48
2012.11.16 01:21:34.526,1.03649,1.03665,3.00,3.23
2012.11.16 01:21:35.192,1.03649,1.03665,3.23,3.23
2012.11.16 01:21:36.019,1.03649,1.03665,3.23,2.25
2012.11.16 01:21:36.100,1.03652,1.03667,2.48,1.35
2012.11.16 01:21:36.654,1.03654,1.03669,2.48,1.35
2012.11.16 01:21:37.016,1.03654,1.0367,2.48,3.98
2012.11.16 01:21:39.144,1.03654,1.0367,2.48,4.73
2012.11.16 01:21:40.535,1.03654,1.03669,2.48,1.58
2012.11.16 01:21:41.113,1.03654,1.03669,2.48,2.33
2012.11.16 01:21:41.414,1.03648,1.0366,1.73,1.50
2012.11.16 01:21:41.474,1.03646,1.03658,2.48,2.25
2012.11.16 01:21:41.534,1.03646,1.03658,2.48,3.00
2012.11.16 01:21:41.653,1.03644,1.03656,1.73,1.50
2012.11.16 01:21:41.833,1.03639,1.03656,2.48,2.33
2012.11.16 01:21:42.392,1.03639,1.03655,2.48,1.73
2012.11.16 01:21:45.225,1.03639,1.03654,2.48,1.73
2012.11.16 01:21:45.865,1.03639,1.03654,2.48,2.48
2012.11.16 01:21:59.612,1.03639,1.03655,2.48,3.60
2012.11.16 01:22:05.271,1.03635,1.03651,3.23,2.25
2012.11.16 01:22:05.393,1.03635,1.0365,2.48,1.73
2012.11.16 01:22:05.943,1.03634,1.03651,3.98,1.58
2012.11.16 01:22:06.064,1.03634,1.03651,3.98,1.35
2012.11.16 01:22:06.313,1.03634,1.03652,4.35,2.48
2012.11.16 01:22:10.199,1.03636,1.03652,2.48,3.00
2012.11.16 01:22:10.333,1.03636,1.03652,2.48,3.98
2012.11.16 01:22:10.753,1.03635,1.0365,1.73,3.98
2012.11.16 01:22:10.813,1.03635,1.03648,1.73,1.50
2012.11.16 01:22:10.994,1.0363,1.03647,3.98,2.48
2012.11.16 01:22:11.175,1.0363,1.03645,3.98,1.50
2012.11.16 01:22:14.399,1.0363,1.03646,1.73,3.60
2012.11.16 01:22:16.022,1.0363,1.03646,1.73,3.60
2012.11.16 01:22:16.456,1.0363,1.03646,1.73,3.60
2012.11.16 01:22:17.022,1.0363,1.03646,1.73,2.48
2012.11.16 01:22:33.155,1.0363,1.03644,2.48,1.88
2012.11.16 01:22:47.444,1.03626,1.03643,3.23,2.25
2012.11.16 01:22:47.866,1.03626,1.03639,2.48,1.35
2012.11.16 01:22:47.936,1.03626,1.03639,2.48,1.35
2012.11.16 01:22:48.474,1.03626,1.0364,2.48,1.35
2012.11.16 01:22:48.737,1.03627,1.03642,2.48,1.73
2012.11.16 01:22:49.420,1.03629,1.03643,2.48,1.88
2012.11.16 01:22:51.913,1.03628,1.03642,1.73,1.50
2012.11.16 01:22:52.156,1.03625,1.0364,2.48,1.13
2012.11.16 01:22:52.224,1.03624,1.0364,3.23,2.85
2012.11.16 01:22:52.464,1.03622,1.03636,1.73,1.73
2012.11.16 01:22:52.772,1.03619,1.03636,3.98,1.73
2012.11.16 01:22:54.943,1.03619,1.03636,3.98,1.73
2012.11.16 01:22:56.043,1.03619,1.03636,3.23,3.23
2012.11.16 01:22:56.424,1.03619,1.03636,3.23,2.48
2012.11.16 01:22:59.733,1.03619,1.03636,3.23,2.10
2012.11.16 01:23:07.003,1.03619,1.03632,1.73,2.25
2012.11.16 01:23:07.063,1.03619,1.03632,1.73,2.25
2012.11.16 01:23:07.304,1.03618,1.03629,1.73,1.58
2012.11.16 01:23:07.865,1.03616,1.0363,1.73,1.73
2012.11.16 01:23:09.083,1.03616,1.0363,1.73,2.48
2012.11.16 01:23:09.323,1.03612,1.03626,1.73,1.50
2012.11.16 01:23:09.504,1.03611,1.03626,3.98,2.25
2012.11.16 01:23:09.983,1.03609,1.03623,1.73,3.00
2012.11.16 01:23:11.153,1.03606,1.03619,5.48,1.50
2012.11.16 01:23:11.513,1.03603,1.03617,3.23,1.50
2012.11.16 01:23:11.872,1.03603,1.03615,3.98,1.50
2012.11.16 01:23:12.055,1.03603,1.03615,3.23,1.50
2012.11.16 01:23:12.364,1.03604,1.03617,1.73,1.50
2012.11.16 01:23:12.693,1.03603,1.03617,3.23,1.50
2012.11.16 01:23:12.934,1.03603,1.03617,4.35,1.50
2012.11.16 01:23:13.114,1.03603,1.03617,3.60,1.50
2012.11.16 01:23:13.474,1.03602,1.03615,2.48,2.10
2012.11.16 01:23:13.984,1.03602,1.03615,1.73,2.10
2012.11.16 01:23:14.743,1.03602,1.03615,1.73,2.10
2012.11.16 01:23:15.824,1.03598,1.03612,1.73,4.35
2012.11.16 01:23:16.183,1.03596,1.0361,3.23,2.10
2012.11.16 01:23:16.722,1.03596,1.0361,3.23,2.10
2012.11.16 01:23:17.044,1.03597,1.03611,1.73,1.50
2012.11.16 01:23:17.543,1.03598,1.03613,1.73,1.50
2012.11.16 01:23:18.103,1.03598,1.03615,1.73,2.10
2012.11.16 01:23:20.264,1.036,1.03615,1.73,2.48
2012.11.16 01:23:21.843,1.036,1.03615,2.48,2.10
2012.11.16 01:23:22.163,1.036,1.03615,2.48,2.10
2012.11.16 01:23:22.523,1.036,1.03615,3.23,2.10
2012.11.16 01:23:23.063,1.036,1.03615,2.48,2.48
2012.11.16 01:23:23.484,1.036,1.03615,2.48,2.70
2012.11.16 01:23:24.683,1.03602,1.03615,2.48,1.35
2012.11.16 01:23:25.863,1.03602,1.03617,2.48,1.73
2012.11.16 01:23:28.314,1.03605,1.03618,1.73,1.58
2012.11.16 01:23:28.493,1.03607,1.03621,1.73,2.10
2012.11.16 01:23:29.393,1.03607,1.03621,1.73,2.10
2012.11.16 01:23:30.754,1.03607,1.03622,3.98,2.48
2012.11.16 01:23:31.315,1.03609,1.03622,1.73,1.50
2012.11.16 01:23:37.033,1.03609,1.03623,1.73,1.35
2012.11.16 01:23:43.279,1.03609,1.03623,2.48,1.35
2012.11.16 01:23:43.583,1.03614,1.03625,1.50,1.13
2012.11.16 01:23:44.094,1.03614,1.03627,2.25,2.48
2012.11.16 01:23:44.721,1.03614,1.03627,2.25,1.35
2012.11.16 01:23:45.374,1.03612,1.03626,2.48,1.73
2012.11.16 01:23:45.739,1.03606,1.03624,3.60,3.23
2012.11.16 01:23:46.283,1.03606,1.03622,2.48,1.35
2012.11.16 01:23:46.844,1.03609,1.03623,2.48,1.35
2012.11.16 01:23:47.393,1.03609,1.03624,2.48,2.48
2012.11.16 01:23:47.758,1.03612,1.03626,2.48,2.10
2012.11.16 01:23:48.362,1.03612,1.03625,2.48,1.73
2012.11.16 01:23:48.893,1.03609,1.03625,2.48,1.73
2012.11.16 01:23:49.075,1.03609,1.03624,2.25,1.35
2012.11.16 01:23:49.204,1.03609,1.03621,2.25,1.50
2012.11.16 01:23:49.563,1.03609,1.0362,1.50,1.73
2012.11.16 01:23:50.093,1.03607,1.0362,1.50,3.60
2012.11.16 01:23:53.075,1.03601,1.03618,3.23,1.73
2012.11.16 01:23:53.253,1.036,1.03616,1.35,2.48
2012.11.16 01:23:55.007,1.03599,1.03614,1.73,2.48
2012.11.16 01:24:02.977,1.03599,1.03614,3.23,1.73
2012.11.16 01:24:03.664,1.03599,1.03614,3.23,1.50
2012.11.16 01:24:04.694,1.03599,1.03615,3.23,3.23
2012.11.16 01:24:04.994,1.03599,1.03613,3.23,1.50
2012.11.16 01:24:05.552,1.03599,1.03614,1.73,3.00
2012.11.16 01:24:06.172,1.03599,1.03613,1.73,1.50
2012.11.16 01:24:07.294,1.03599,1.03614,1.73,1.50
2012.11.16 01:24:07.773,1.03599,1.03611,1.73,1.50
2012.11.16 01:24:08.135,1.03598,1.03611,2.48,2.48
2012.11.16 01:24:08.444,1.03594,1.03607,1.73,1.73
2012.11.16 01:24:08.505,1.03593,1.03605,1.50,1.35
2012.11.16 01:24:08.812,1.03591,1.03605,2.25,1.35
2012.11.16 01:24:09.593,1.03591,1.03605,2.25,1.73
2012.11.16 01:24:14.283,1.03591,1.03605,1.73,1.73
2012.11.16 01:24:14.585,1.03586,1.03604,2.48,1.50
2012.11.16 01:24:15.134,1.03591,1.03606,2.48,2.48
2012.11.16 01:24:15.743,1.03591,1.03606,2.40,2.48
2012.11.16 01:24:19.423,1.03592,1.03605,1.73,1.73
2012.11.16 01:24:19.973,1.03592,1.03607,1.73,3.23
2012.11.16 01:24:20.743,1.03592,1.03609,1.73,3.23
2012.11.16 01:24:20.983,1.03595,1.03609,1.73,3.23
2012.11.16 01:24:21.164,1.03596,1.03609,1.73,2.25
2012.11.16 01:24:21.467,1.03596,1.03612,3.23,2.48
2012.11.16 01:24:22.327,1.03598,1.03611,1.50,1.73
2012.11.16 01:24:22.466,1.03598,1.03612,1.73,3.23
2012.11.16 01:24:26.603,1.03598,1.03612,1.73,1.73
2012.11.16 01:24:32.734,1.03596,1.03611,2.48,1.73
2012.11.16 01:24:32.797,1.03594,1.03611,2.48,3.23
2012.11.16 01:24:33.355,1.03591,1.03608,3.23,1.73
2012.11.16 01:24:36.174,1.03593,1.03609,1.73,2.48
2012.11.16 01:24:36.474,1.03597,1.03609,2.25,1.73
2012.11.16 01:24:36.593,1.03598,1.03612,1.50,3.83
2012.11.16 01:24:36.714,1.03599,1.03614,2.48,2.48
2012.11.16 01:24:37.296,1.03599,1.03614,2.85,1.73
2012.11.16 01:24:42.304,1.03602,1.03618,2.25,4.73
2012.11.16 01:24:42.424,1.03602,1.03618,3.23,3.23
2012.11.16 01:24:42.973,1.03603,1.03619,2.48,1.73
2012.11.16 01:24:43.514,1.03603,1.03621,3.23,3.23
2012.11.16 01:24:43.993,1.03608,1.03625,1.50,3.23
2012.11.16 01:24:44.115,1.0361,1.03626,3.23,3.23
2012.11.16 01:24:44.593,1.03611,1.03626,1.73,1.50
2012.11.16 01:24:44.773,1.03612,1.03628,2.48,2.48
2012.11.16 01:24:45.497,1.03615,1.03628,1.73,2.48
2012.11.16 01:24:53.023,1.03615,1.03628,1.50,2.48
2012.11.16 01:24:53.563,1.03612,1.03628,1.35,3.98
2012.11.16 01:24:55.735,1.0361,1.03628,3.23,4.35
2012.11.16 01:24:56.033,1.03612,1.03628,1.73,3.60
2012.11.16 01:24:56.710,1.03613,1.03628,1.35,3.23
2012.11.16 01:24:56.781,1.03612,1.03625,1.73,2.48
2012.11.16 01:24:57.338,1.03611,1.03625,1.73,2.48
2012.11.16 01:24:58.483,1.0361,1.03625,1.73,2.48
2012.11.16 01:24:59.854,1.0361,1.03625,1.73,4.58
2012.11.16 01:25:00.434,1.03609,1.03625,2.48,4.58
2012.11.16 01:25:00.748,1.03609,1.03624,2.25,1.73
2012.11.16 01:25:01.260,1.03606,1.03622,2.85,2.33
2012.11.16 01:25:01.984,1.03606,1.03621,2.85,1.58
2012.11.16 01:25:03.853,1.03606,1.03621,2.85,1.35
2012.11.16 01:25:04.434,1.03608,1.03624,1.73,4.73
2012.11.16 01:25:05.944,1.03608,1.03621,1.73,2.25
2012.11.16 01:25:06.825,1.03608,1.03621,1.73,2.25
2012.11.16 01:25:07.435,1.03607,1.03621,1.73,2.25
2012.11.16 01:25:08.035,1.03608,1.03621,1.73,1.50
2012.11.16 01:25:09.513,1.03607,1.03621,1.73,2.25
2012.11.16 01:25:11.053,1.03608,1.03621,1.73,1.50
2012.11.16 01:25:13.534,1.03607,1.03621,1.73,2.25
2012.11.16 01:25:15.294,1.03608,1.03621,1.73,2.25
2012.11.16 01:25:29.543,1.03608,1.03623,2.48,2.48
2012.11.16 01:25:29.992,1.03608,1.03623,2.48,2.48
2012.11.16 01:25:31.982,1.03608,1.03623,2.48,2.48
2012.11.16 01:25:43.541,1.03608,1.03623,1.73,2.48
2012.11.16 01:25:44.054,1.03611,1.03625,1.73,1.35
2012.11.16 01:25:44.475,1.03611,1.03627,1.73,2.33
2012.11.16 01:25:45.885,1.03611,1.03627,2.10,2.33
2012.11.16 01:25:50.970,1.0361,1.03627,1.73,3.08
2012.11.16 01:25:51.545,1.0361,1.03626,1.73,1.58
2012.11.16 01:25:54.664,1.0361,1.03625,1.73,2.48
2012.11.16 01:25:54.844,1.03607,1.0362,1.73,1.50
2012.11.16 01:25:55.324,1.03607,1.03621,3.23,2.33
2012.11.16 01:25:55.443,1.03607,1.03624,3.23,1.58
2012.11.16 01:25:56.021,1.03607,1.03622,1.73,2.33
2012.11.16 01:25:59.066,1.03606,1.0362,2.10,2.25
2012.11.16 01:25:59.194,1.03606,1.03618,2.48,2.25
2012.11.16 01:25:59.374,1.03606,1.03617,1.50,1.73
2012.11.16 01:25:59.687,1.03601,1.03614,1.35,2.25
2012.11.16 01:25:59.756,1.036,1.03614,1.73,3.23
2012.11.16 01:26:03.700,1.03598,1.03614,1.73,5.33
2012.11.16 01:26:09.513,1.03598,1.03614,1.73,5.33
2012.11.16 01:26:09.573,1.03601,1.03614,1.73,3.08
2012.11.16 01:26:09.693,1.03601,1.03614,1.50,3.08
2012.11.16 01:26:15.614,1.036,1.03614,1.35,4.35
2012.11.16 01:26:16.726,1.036,1.03614,2.10,2.85
2012.11.16 01:26:17.035,1.03603,1.03614,3.23,2.10
2012.11.16 01:26:17.583,1.03605,1.03618,1.73,1.35
2012.11.16 01:26:18.124,1.03605,1.03619,1.73,1.50
2012.11.16 01:26:22.893,1.03607,1.03619,1.73,1.50
2012.11.16 01:26:23.073,1.03608,1.03621,1.73,2.10
2012.11.16 01:26:23.654,1.03609,1.03621,1.73,2.10
2012.11.16 01:26:25.277,1.03611,1.03625,1.73,2.85
2012.11.16 01:26:25.584,1.03616,1.03629,1.73,1.35
2012.11.16 01:26:26.308,1.03617,1.0363,1.73,2.48
2012.11.16 01:26:26.388,1.03621,1.03636,1.73,1.73
2012.11.16 01:26:26.944,1.03621,1.03635,1.73,1.50
2012.11.16 01:26:27.064,1.03621,1.03635,1.73,1.73
2012.11.16 01:26:27.185,1.03619,1.03631,1.73,2.25
2012.11.16 01:26:27.305,1.03616,1.03629,1.73,1.73
2012.11.16 01:26:27.723,1.03612,1.03628,2.48,4.58
2012.11.16 01:26:28.684,1.0361,1.03627,3.23,2.85
2012.11.16 01:26:29.900,1.03611,1.03627,1.73,2.85
2012.11.16 01:26:30.554,1.03612,1.03627,1.73,2.85
2012.11.16 01:26:31.114,1.03614,1.03627,1.73,2.85
2012.11.16 01:26:32.705,1.03613,1.03627,1.73,2.85
2012.11.16 01:26:32.895,1.03612,1.03625,1.73,2.85
2012.11.16 01:26:32.963,1.03612,1.03623,1.73,2.10
2012.11.16 01:26:33.504,1.03609,1.03622,1.73,1.58
2012.11.16 01:26:34.149,1.03609,1.03622,1.50,1.58
2012.11.16 01:26:34.217,1.03609,1.03622,1.50,1.58
2012.11.16 01:26:38.594,1.03607,1.0362,1.73,4.58
2012.11.16 01:26:38.654,1.03605,1.03619,2.10,1.35
2012.11.16 01:26:39.173,1.03605,1.03619,3.60,1.35
2012.11.16 01:26:39.763,1.03605,1.03619,3.60,1.58
2012.11.16 01:26:42.165,1.03606,1.03619,1.50,1.58
2012.11.16 01:26:42.995,1.03605,1.03619,2.10,1.58
2012.11.16 01:26:43.660,1.03603,1.03616,3.23,1.35
2012.11.16 01:26:51.884,1.03605,1.03617,1.73,1.35
2012.11.16 01:26:53.424,1.03605,1.03617,1.73,1.35
2012.11.16 01:26:56.116,1.03605,1.03617,1.73,1.35
2012.11.16 01:26:56.895,1.03602,1.03616,3.23,1.35
2012.11.16 01:26:57.407,1.03602,1.03618,3.23,4.58
2012.11.16 01:26:57.955,1.03601,1.03616,1.35,2.33
2012.11.16 01:26:58.955,1.03601,1.03614,1.73,1.50
2012.11.16 01:26:59.986,1.03602,1.03615,1.73,2.33
2012.11.16 01:27:00.554,1.036,1.03615,3.23,2.33
2012.11.16 01:27:06.053,1.03601,1.03615,1.73,2.33
2012.11.16 01:27:07.126,1.03604,1.03615,1.73,2.10
2012.11.16 01:27:07.434,1.03606,1.03617,2.48,2.10
2012.11.16 01:27:07.755,1.03609,1.03621,1.73,2.85
2012.11.16 01:27:08.174,1.03609,1.03625,1.73,1.35
2012.11.16 01:27:08.716,1.0361,1.03626,1.73,5.33
2012.11.16 01:27:11.113,1.0361,1.03626,2.48,5.33
2012.11.16 01:27:13.164,1.03609,1.03624,1.50,1.58
2012.11.16 01:27:13.534,1.03608,1.03623,2.48,2.48
2012.11.16 01:27:17.998,1.03608,1.03623,1.73,2.48
2012.11.16 01:27:19.425,1.03608,1.03623,1.73,1.73
2012.11.16 01:27:22.355,1.03608,1.03623,1.73,3.23
2012.11.16 01:27:23.353,1.03608,1.0362,1.73,1.50
2012.11.16 01:27:23.714,1.03605,1.0362,1.73,2.48
2012.11.16 01:27:24.566,1.03605,1.0362,1.73,4.58
2012.11.16 01:27:25.784,1.03605,1.0362,3.23,2.85
2012.11.16 01:27:25.906,1.03605,1.0362,3.23,3.08
2012.11.16 01:27:25.974,1.03605,1.0362,3.23,2.33
2012.11.16 01:27:26.514,1.03607,1.0362,1.73,2.10
2012.11.16 01:27:27.053,1.03606,1.0362,1.35,2.33
2012.11.16 01:27:27.874,1.03606,1.03621,1.35,2.10
2012.11.16 01:27:28.413,1.03606,1.03621,1.35,2.10
2012.11.16 01:27:28.973,1.03606,1.03619,1.35,2.10
2012.11.16 01:27:29.403,1.03606,1.03622,1.35,1.58
2012.11.16 01:27:29.763,1.03607,1.03622,2.48,1.58
2012.11.16 01:27:30.305,1.03607,1.0362,1.73,2.10
2012.11.16 01:27:30.363,1.03607,1.03621,1.73,1.50
2012.11.16 01:27:30.544,1.03608,1.03621,1.73,1.73
2012.11.16 01:27:31.803,1.03609,1.03623,2.25,1.58
2012.11.16 01:27:31.863,1.03609,1.03624,2.48,1.58
2012.11.16 01:27:32.044,1.03611,1.03625,3.23,1.35
2012.11.16 01:27:32.163,1.03613,1.03621,1.73,1.50
2012.11.16 01:27:32.283,1.03613,1.03624,1.73,2.33
2012.11.16 01:27:34.341,1.03613,1.03624,1.73,2.33
2012.11.16 01:27:35.533,1.03612,1.03624,1.73,2.33
2012.11.16 01:27:38.234,1.03612,1.03624,1.73,2.33
2012.11.16 01:27:38.783,1.03613,1.03624,1.73,2.10
2012.11.16 01:27:41.415,1.03615,1.03629,1.73,1.58
2012.11.16 01:27:42.954,1.03617,1.03629,2.48,1.35
2012.11.16 01:27:43.074,1.03619,1.03634,1.73,2.48
2012.11.16 01:27:50.957,1.03619,1.03632,2.48,1.73
2012.11.16 01:27:51.476,1.03621,1.03632,1.73,1.73
2012.11.16 01:27:53.474,1.03618,1.03629,2.48,2.10
2012.11.16 01:27:53.541,1.03618,1.03628,1.50,1.50
2012.11.16 01:27:53.734,1.03616,1.03628,1.73,2.25
2012.11.16 01:27:54.309,1.03615,1.03627,1.73,2.10
2012.11.16 01:28:03.827,1.03613,1.03627,3.23,3.60
2012.11.16 01:28:03.956,1.03612,1.03627,2.48,2.85
2012.11.16 01:28:04.263,1.03612,1.03628,3.23,4.58
2012.11.16 01:28:05.385,1.03616,1.03628,2.25,3.08
2012.11.16 01:28:07.775,1.03619,1.03629,2.48,2.10
2012.11.16 01:28:07.834,1.03619,1.03632,2.48,3.00
2012.11.16 01:28:08.424,1.03621,1.03632,1.50,1.50
2012.11.16 01:28:10.334,1.0362,1.03632,1.73,2.48
2012.11.16 01:28:10.873,1.0362,1.03632,1.73,2.25
2012.11.16 01:28:17.424,1.03622,1.03635,3.23,1.58
2012.11.16 01:28:17.484,1.03622,1.03635,3.23,1.35
2012.11.16 01:28:18.714,1.03622,1.03635,4.73,1.35
2012.11.16 01:28:19.317,1.03623,1.03635,1.73,1.35
2012.11.16 01:28:35.994,1.03622,1.03634,1.73,2.85
2012.11.16 01:28:36.533,1.03622,1.03638,1.73,1.58
2012.11.16 01:28:37.283,1.03622,1.03638,1.50,1.58
2012.11.16 01:28:37.593,1.03622,1.03638,1.73,1.58
2012.11.16 01:28:38.814,1.03621,1.03638,2.25,2.33
2012.11.16 01:28:39.353,1.0362,1.03637,2.85,2.48
2012.11.16 01:28:39.873,1.0362,1.03637,2.85,2.48
2012.11.16 01:28:40.165,1.0362,1.03634,1.73,1.73
2012.11.16 01:28:40.719,1.0362,1.03634,1.73,3.23
2012.11.16 01:28:41.164,1.03622,1.03637,1.73,3.83
2012.11.16 01:28:41.464,1.03622,1.03636,1.50,1.58
2012.11.16 01:28:42.803,1.03621,1.03636,1.73,2.48
2012.11.16 01:28:43.044,1.03621,1.03632,3.00,2.25
2012.11.16 01:28:43.346,1.03612,1.03627,1.73,2.85
2012.11.16 01:28:43.534,1.03613,1.03628,1.73,3.08
2012.11.16 01:28:43.833,1.03613,1.03628,1.73,3.83
2012.11.16 01:28:45.004,1.03613,1.03628,1.73,3.83
2012.11.16 01:28:45.554,1.03613,1.03628,1.73,3.83
2012.11.16 01:28:46.705,1.03614,1.03628,1.73,3.08
2012.11.16 01:28:50.515,1.03613,1.03628,3.98,3.83
2012.11.16 01:28:51.074,1.03613,1.03628,2.48,4.20
2012.11.16 01:28:51.733,1.03613,1.03628,1.73,4.20
2012.11.16 01:28:53.929,1.03612,1.03628,1.73,3.45
2012.11.16 01:28:54.719,1.03612,1.03627,1.73,1.73
2012.11.16 01:28:54.905,1.03615,1.03628,2.25,2.70
2012.11.16 01:28:54.974,1.03617,1.03628,2.25,2.33
2012.11.16 01:28:55.514,1.03616,1.03629,1.73,1.35
2012.11.16 01:28:56.425,1.03616,1.03632,1.50,4.35
2012.11.16 01:28:56.484,1.03614,1.03631,2.25,1.73
2012.11.16 01:28:56.985,1.03612,1.03628,2.48,1.58
2012.11.16 01:28:57.104,1.03611,1.03627,2.10,2.48
2012.11.16 01:28:57.634,1.03611,1.03626,1.73,1.73
2012.11.16 01:28:58.924,1.03612,1.03627,1.50,2.48
2012.11.16 01:28:59.044,1.03612,1.03627,1.73,2.48
2012.11.16 01:29:01.743,1.03613,1.03628,1.73,2.33
2012.11.16 01:29:02.408,1.03613,1.03628,1.73,2.33
2012.11.16 01:29:03.089,1.03613,1.03628,2.48,1.35
2012.11.16 01:29:03.680,1.03613,1.03628,2.48,1.58
2012.11.16 01:29:06.854,1.03613,1.03626,1.73,3.23
2012.11.16 01:29:07.654,1.0361,1.03626,3.23,3.23
2012.11.16 01:29:08.284,1.03612,1.03628,2.48,2.33
2012.11.16 01:29:09.014,1.03612,1.03628,2.48,2.33
2012.11.16 01:29:10.354,1.03614,1.03628,1.73,2.33
2012.11.16 01:29:10.898,1.03614,1.03628,3.23,1.58
2012.11.16 01:29:12.234,1.03614,1.03627,2.25,1.58
2012.11.16 01:29:14.472,1.0361,1.03624,1.73,1.50
2012.11.16 01:29:14.534,1.0361,1.03624,1.73,2.25
2012.11.16 01:29:23.667,1.03609,1.03624,2.10,1.50
2012.11.16 01:29:29.501,1.03609,1.03624,2.10,2.25
2012.11.16 01:29:30.683,1.03609,1.03622,1.73,2.48
2012.11.16 01:29:31.275,1.03607,1.03622,3.23,2.48
2012.11.16 01:29:31.632,1.03608,1.03622,1.73,2.48
2012.11.16 01:29:32.754,1.03608,1.03621,1.50,3.08
2012.11.16 01:29:33.742,1.03607,1.03622,2.48,2.25
2012.11.16 01:29:34.053,1.03607,1.03622,2.48,2.48
2012.11.16 01:29:34.533,1.03606,1.03622,4.35,2.48
2012.11.16 01:29:34.593,1.03606,1.03622,4.35,2.48
2012.11.16 01:29:35.734,1.03608,1.03621,2.48,2.85
2012.11.16 01:29:35.974,1.03611,1.03624,3.23,1.50
2012.11.16 01:29:36.165,1.03613,1.03626,1.50,3.08
2012.11.16 01:29:36.584,1.03612,1.03626,1.73,3.08
2012.11.16 01:29:37.124,1.03612,1.03625,1.73,3.08
2012.11.16 01:29:37.804,1.03612,1.03625,1.50,3.08
2012.11.16 01:29:39.447,1.03612,1.03624,1.73,1.73
2012.11.16 01:29:40.975,1.03612,1.03625,1.73,3.08
2012.11.16 01:29:41.227,1.03611,1.03626,3.23,1.13
2012.11.16 01:29:41.474,1.03615,1.03627,1.73,2.48
2012.11.16 01:29:41.714,1.03616,1.03628,1.73,2.85
2012.11.16 01:29:41.833,1.03617,1.03628,1.73,2.85
2012.11.16 01:29:42.385,1.03613,1.03623,3.23,2.85
2012.11.16 01:29:42.447,1.03613,1.03623,2.25,3.08
2012.11.16 01:29:42.516,1.03612,1.03623,1.50,3.83
2012.11.16 01:29:42.644,1.0361,1.03623,2.25,3.83
2012.11.16 01:29:43.004,1.03606,1.03619,1.73,2.25
2012.11.16 01:29:46.683,1.03606,1.03619,3.23,2.25
2012.11.16 01:29:49.964,1.03607,1.03621,2.48,2.85
2012.11.16 01:29:53.433,1.03607,1.03621,2.48,2.85
2012.11.16 01:30:00.018,1.03607,1.03621,2.48,2.85
2012.11.16 01:30:03.305,1.03609,1.03621,2.48,2.85
2012.11.16 01:30:03.664,1.03612,1.03626,1.50,3.08
2012.11.16 01:30:03.724,1.03612,1.03626,3.98,3.08
2012.11.16 01:30:03.914,1.03615,1.03626,2.48,2.85
2012.11.16 01:30:04.214,1.03616,1.03628,1.73,2.25
2012.11.16 01:30:14.695,1.03617,1.03628,3.23,1.50
2012.11.16 01:30:14.823,1.03617,1.03628,3.23,1.50
2012.11.16 01:30:15.283,1.03615,1.03628,3.23,1.73
2012.11.16 01:30:15.834,1.03615,1.03628,1.73,2.48
2012.11.16 01:30:16.663,1.03614,1.03628,1.13,2.48
2012.11.16 01:30:17.584,1.03615,1.03628,1.50,3.23
2012.11.16 01:30:18.133,1.03613,1.03626,1.50,3.83
2012.11.16 01:30:18.254,1.03613,1.03621,2.25,2.10
2012.11.16 01:30:21.284,1.03613,1.03621,2.25,2.33
2012.11.16 01:30:21.771,1.03613,1.03624,3.23,2.10
2012.11.16 01:30:22.314,1.03613,1.03624,3.98,2.10
2012.11.16 01:30:22.794,1.03614,1.03629,3.23,3.08
2012.11.16 01:30:23.353,1.03615,1.03629,1.73,3.08
2012.11.16 01:30:24.101,1.03615,1.03629,2.48,3.08
2012.11.16 01:30:32.903,1.03614,1.03629,2.10,2.48
2012.11.16 01:30:34.133,1.03614,1.03629,1.73,2.85
2012.11.16 01:30:38.394,1.03614,1.03627,1.73,1.50
2012.11.16 01:30:38.754,1.03614,1.03627,1.50,1.73
2012.11.16 01:30:39.294,1.03613,1.03625,1.50,3.08
2012.11.16 01:30:41.064,1.03611,1.03626,3.23,1.35
2012.11.16 01:30:41.184,1.03611,1.03625,1.73,2.48
2012.11.16 01:30:41.374,1.03611,1.03625,1.73,4.58
2012.11.16 01:30:41.724,1.03609,1.03624,2.48,2.25
2012.11.16 01:30:41.966,1.03607,1.03624,4.73,2.48
2012.11.16 01:30:45.114,1.03607,1.03621,3.23,1.58
2012.11.16 01:30:45.674,1.03607,1.0362,1.73,2.48
2012.11.16 01:30:54.804,1.03605,1.03621,1.73,3.83
2012.11.16 01:30:55.044,1.03604,1.03619,1.73,2.48
2012.11.16 01:30:55.104,1.03605,1.03619,1.73,2.48
2012.11.16 01:30:55.413,1.03604,1.03616,1.73,1.35
2012.11.16 01:30:55.713,1.03607,1.03619,3.23,2.25
2012.11.16 01:30:59.324,1.03606,1.03619,1.73,1.50
2012.11.16 01:31:00.204,1.03606,1.03618,1.73,2.48
2012.11.16 01:31:04.989,1.03604,1.03618,1.73,1.73
2012.11.16 01:31:05.865,1.03604,1.03618,1.73,1.73
2012.11.16 01:31:30.235,1.03604,1.03619,1.73,2.48
2012.11.16 01:31:51.084,1.03605,1.0362,1.73,2.33
2012.11.16 01:31:57.513,1.03604,1.03621,1.73,3.23
2012.11.16 01:32:01.514,1.03604,1.03621,1.73,3.23
2012.11.16 01:32:07.335,1.03604,1.03619,1.50,2.48
2012.11.16 01:32:09.303,1.036,1.03618,3.60,2.48
2012.11.16 01:32:16.004,1.03601,1.03617,1.73,1.35
2012.11.16 01:32:16.183,1.03599,1.03616,2.48,2.48
2012.11.16 01:32:16.543,1.03599,1.03613,1.73,1.58
2012.11.16 01:32:21.323,1.03599,1.03613,1.50,1.58
2012.11.16 01:32:21.924,1.03598,1.03613,1.50,1.58
2012.11.16 01:32:23.273,1.03598,1.03613,1.50,1.58
2012.11.16 01:32:24.213,1.03598,1.03613,1.50,1.58
2012.11.16 01:32:29.044,1.03598,1.03613,1.50,1.95
2012.11.16 01:32:29.984,1.03598,1.03613,1.50,1.95
2012.11.16 01:32:31.964,1.03598,1.03613,1.50,1.95
2012.11.16 01:32:39.334,1.03598,1.03613,1.50,1.95
2012.11.16 01:32:39.874,1.03598,1.03611,1.50,1.35
2012.11.16 01:32:40.458,1.03598,1.03612,1.50,1.73
2012.11.16 01:32:42.564,1.03598,1.03612,1.50,1.73
2012.11.16 01:32:54.969,1.03598,1.03613,1.50,3.45
2012.11.16 01:32:55.214,1.03599,1.03614,2.25,2.10
2012.11.16 01:33:01.061,1.03598,1.03614,1.50,3.23
2012.11.16 01:33:01.343,1.03599,1.03614,1.73,3.23
2012.11.16 01:33:01.869,1.03601,1.03614,1.50,1.73
2012.11.16 01:33:02.926,1.03601,1.03614,1.50,1.73
2012.11.16 01:33:04.229,1.03601,1.03614,1.50,1.35
2012.11.16 01:33:04.794,1.03601,1.03615,1.50,1.95
2012.11.16 01:33:11.664,1.03604,1.03615,1.50,1.20
2012.11.16 01:33:13.866,1.03604,1.03617,1.50,1.58
2012.11.16 01:33:16.777,1.03604,1.03618,1.50,3.08
2012.11.16 01:33:17.636,1.03604,1.03618,1.73,3.08
2012.11.16 01:33:18.834,1.03606,1.03619,1.50,1.35
2012.11.16 01:33:20.394,1.03605,1.03619,1.73,1.73
2012.11.16 01:33:20.743,1.03604,1.03619,1.50,1.73
2012.11.16 01:33:20.924,1.03606,1.0362,1.50,2.33
2012.11.16 01:33:21.658,1.03606,1.0362,2.48,1.73
2012.11.16 01:33:22.280,1.03607,1.03622,2.48,2.33
2012.11.16 01:33:42.274,1.03606,1.0362,2.48,1.73
2012.11.16 01:33:42.579,1.03604,1.03619,1.50,2.48
2012.11.16 01:33:43.259,1.03603,1.03618,2.25,1.58
2012.11.16 01:33:50.357,1.03603,1.03618,2.25,1.58
2012.11.16 01:33:55.155,1.03603,1.03615,1.50,1.58
2012.11.16 01:33:55.858,1.03603,1.03615,3.23,1.35
2012.11.16 01:34:06.334,1.03604,1.03617,1.50,1.73
2012.11.16 01:34:16.115,1.03604,1.03617,1.73,2.25
2012.11.16 01:34:32.446,1.03604,1.03619,3.23,2.33
2012.11.16 01:34:38.715,1.03604,1.03618,3.23,1.73
2012.11.16 01:34:42.615,1.03608,1.0362,1.50,2.48
2012.11.16 01:34:42.924,1.03608,1.03623,3.98,1.73
2012.11.16 01:34:43.207,1.0361,1.03623,2.25,1.73
2012.11.16 01:34:51.487,1.03608,1.03623,2.48,1.73
2012.11.16 01:34:51.895,1.03608,1.03624,2.48,3.83
2012.11.16 01:34:52.345,1.03613,1.03624,1.50,2.10
2012.11.16 01:34:52.466,1.03614,1.03627,2.48,2.33
2012.11.16 01:34:52.545,1.03616,1.03629,2.25,2.33
2012.11.16 01:34:52.987,1.03616,1.0363,2.48,2.48
2012.11.16 01:34:53.115,1.03615,1.03628,1.35,1.73
2012.11.16 01:34:53.546,1.03613,1.03626,2.25,1.73
2012.11.16 01:34:55.645,1.03613,1.03626,2.25,1.73
2012.11.16 01:34:57.645,1.03612,1.03627,2.48,2.25
2012.11.16 01:34:58.155,1.03613,1.03627,2.48,1.50
2012.11.16 01:34:58.516,1.03613,1.03626,2.25,2.48
2012.11.16 01:35:00.285,1.03612,1.03626,2.48,2.48
2012.11.16 01:35:00.834,1.03615,1.03626,1.13,1.73
2012.11.16 01:35:01.017,1.03617,1.0363,1.73,2.25
2012.11.16 01:35:01.668,1.03615,1.03629,3.60,2.33
2012.11.16 01:35:01.975,1.03615,1.03631,3.60,2.48
2012.11.16 01:35:02.174,1.03615,1.0363,3.60,1.73
2012.11.16 01:35:02.367,1.03615,1.03629,1.73,1.58
2012.11.16 01:35:02.913,1.03613,1.03627,1.35,1.50
2012.11.16 01:35:06.016,1.03612,1.03627,2.48,3.23
2012.11.16 01:35:06.324,1.0361,1.03624,3.23,1.73
2012.11.16 01:35:07.785,1.0361,1.03624,3.23,1.73
2012.11.16 01:35:07.905,1.03615,1.03628,1.50,1.95
2012.11.16 01:35:08.025,1.03615,1.03629,2.48,3.23
2012.11.16 01:35:08.505,1.03615,1.03629,2.48,2.48
2012.11.16 01:35:09.115,1.03616,1.03629,2.48,1.73
2012.11.16 01:35:10.115,1.03616,1.03629,2.48,1.73
2012.11.16 01:35:10.992,1.03616,1.03629,2.48,1.73
2012.11.16 01:35:14.885,1.03616,1.03629,2.48,1.73
2012.11.16 01:35:15.556,1.03616,1.03629,2.48,1.73
2012.11.16 01:35:16.165,1.03616,1.03629,2.48,1.73
2012.11.16 01:35:18.404,1.03616,1.03629,2.48,1.73
2012.11.16 01:35:18.705,1.03619,1.03634,2.48,2.48
2012.11.16 01:35:19.025,1.03619,1.03634,2.48,2.48
2012.11.16 01:35:19.946,1.03618,1.03634,2.48,2.48
2012.11.16 01:35:21.222,1.03618,1.03634,2.48,2.48
2012.11.16 01:35:21.345,1.03618,1.03634,2.48,3.98
2012.11.16 01:35:21.894,1.03618,1.03633,2.48,3.23
2012.11.16 01:35:22.254,1.03618,1.03632,2.25,1.73
2012.11.16 01:35:23.002,1.03618,1.03631,2.25,1.73
2012.11.16 01:35:23.861,1.03618,1.03631,2.25,1.73
2012.11.16 01:35:25.292,1.03618,1.03632,2.25,2.10
2012.11.16 01:35:25.914,1.03618,1.03632,2.25,1.35
2012.11.16 01:35:27.144,1.03618,1.03633,2.25,2.10
2012.11.16 01:35:27.795,1.03618,1.03633,2.25,2.10
2012.11.16 01:35:27.915,1.03618,1.03634,2.48,3.23
2012.11.16 01:35:28.591,1.03622,1.03636,2.48,3.00
2012.11.16 01:35:28.836,1.03622,1.03634,2.48,1.73
2012.11.16 01:35:29.447,1.03622,1.03634,2.48,1.73
2012.11.16 01:35:30.316,1.03622,1.03634,2.25,1.73
2012.11.16 01:35:30.374,1.03622,1.03634,2.25,1.73
2012.11.16 01:35:30.994,1.03617,1.03631,1.35,1.73
2012.11.16 01:35:31.324,1.03619,1.03633,2.48,2.48
2012.11.16 01:35:31.447,1.0362,1.03631,2.25,1.50
2012.11.16 01:35:31.635,1.03619,1.0363,3.23,1.50
2012.11.16 01:35:31.695,1.03619,1.0363,3.23,1.50
2012.11.16 01:35:31.994,1.03625,1.03635,1.50,1.35
2012.11.16 01:35:32.115,1.03627,1.03636,1.50,1.73
2012.11.16 01:35:32.236,1.03628,1.03641,2.48,1.73
2012.11.16 01:35:32.356,1.03628,1.03641,2.48,1.50
2012.11.16 01:35:33.145,1.03628,1.03642,2.48,3.23
2012.11.16 01:35:33.581,1.03628,1.03644,2.48,1.73
2012.11.16 01:35:34.094,1.03628,1.03644,2.48,2.48
2012.11.16 01:35:34.636,1.03628,1.03644,3.23,2.25
2012.11.16 01:35:34.977,1.03631,1.03646,3.23,1.73
2012.11.16 01:35:35.045,1.03634,1.03647,2.48,2.25
2012.11.16 01:35:35.106,1.03634,1.03647,2.48,2.25
2012.11.16 01:35:35.358,1.03634,1.03647,2.48,2.25
2012.11.16 01:35:35.605,1.03636,1.03649,2.25,1.73
2012.11.16 01:35:37.536,1.03632,1.03648,3.23,3.75
2012.11.16 01:35:37.666,1.03631,1.03646,1.73,1.50
2012.11.16 01:35:38.095,1.0363,1.03646,1.73,3.45
2012.11.16 01:35:38.606,1.03631,1.03646,2.48,2.85
2012.11.16 01:35:40.614,1.03631,1.03646,2.48,2.63
2012.11.16 01:35:40.734,1.03631,1.03646,2.48,2.85
2012.11.16 01:35:41.695,1.03631,1.03646,2.48,1.88
2012.11.16 01:35:42.204,1.03629,1.03645,3.23,1.73
2012.11.16 01:35:42.507,1.03629,1.03642,3.23,1.35
2012.11.16 01:35:43.418,1.03627,1.03643,2.48,1.73
2012.11.16 01:35:56.675,1.03632,1.03644,1.50,2.48
2012.11.16 01:35:56.914,1.0363,1.03642,2.48,1.50
2012.11.16 01:35:58.282,1.0363,1.03642,2.25,1.73
2012.11.16 01:36:01.384,1.0363,1.03643,2.25,1.73
2012.11.16 01:36:01.924,1.03629,1.03642,2.63,1.73
2012.11.16 01:36:03.574,1.03627,1.03641,2.25,2.33
2012.11.16 01:36:03.827,1.03631,1.03645,1.73,2.10
2012.11.16 01:36:03.954,1.03631,1.03646,3.23,1.35
2012.11.16 01:36:04.075,1.03634,1.03648,3.23,1.73
2012.11.16 01:36:04.258,1.03635,1.0365,1.73,3.23
2012.11.16 01:36:04.605,1.03633,1.03649,3.23,1.73
2012.11.16 01:36:06.817,1.03633,1.03649,3.98,1.73
2012.11.16 01:36:07.985,1.03636,1.03652,2.25,3.23
2012.11.16 01:36:08.284,1.03639,1.03653,1.50,2.10
2012.11.16 01:36:08.416,1.03637,1.03652,2.25,1.73
2012.11.16 01:36:08.974,1.03636,1.03652,2.25,1.73
2012.11.16 01:36:09.536,1.03636,1.03648,2.48,1.73
2012.11.16 01:36:09.595,1.03636,1.03648,1.73,1.73
2012.11.16 01:36:09.715,1.03636,1.03649,2.48,1.35
2012.11.16 01:36:10.254,1.03635,1.03651,3.00,3.23
2012.11.16 01:36:12.139,1.03635,1.03648,2.25,1.73
2012.11.16 01:36:12.742,1.03635,1.0365,2.25,2.10
2012.11.16 01:36:15.453,1.03635,1.0365,2.25,1.73
2012.11.16 01:36:15.855,1.03635,1.0365,2.48,1.58
2012.11.16 01:36:16.885,1.03635,1.03651,2.48,2.48
2012.11.16 01:36:23.864,1.03636,1.03652,2.48,2.48
2012.11.16 01:36:23.984,1.03636,1.03652,2.48,2.48
2012.11.16 01:36:24.226,1.03636,1.03652,2.48,2.48
2012.11.16 01:36:27.070,1.03634,1.03651,1.73,3.23
2012.11.16 01:36:27.194,1.03633,1.03651,3.60,3.98
2012.11.16 01:36:27.374,1.03635,1.03651,2.48,2.48
2012.11.16 01:36:28.465,1.03639,1.03652,2.48,1.73
2012.11.16 01:36:28.824,1.03639,1.03653,3.23,2.25
2012.11.16 01:36:29.004,1.03639,1.03653,3.98,1.50
2012.11.16 01:36:29.563,1.03639,1.03654,3.98,1.88
2012.11.16 01:36:30.446,1.03639,1.03654,3.23,1.88
2012.11.16 01:36:30.885,1.03639,1.03654,3.23,1.88
2012.11.16 01:36:42.034,1.03639,1.03655,3.23,3.98
2012.11.16 01:36:49.471,1.03639,1.03655,3.23,3.98
2012.11.16 01:36:49.966,1.03639,1.03655,2.48,3.98
2012.11.16 01:36:50.232,1.03639,1.03654,2.48,1.73
2012.11.16 01:36:53.874,1.03639,1.03653,1.73,1.73
2012.11.16 01:37:04.764,1.03639,1.03655,2.25,2.48
2012.11.16 01:37:11.604,1.03639,1.03655,3.23,2.48
2012.11.16 01:37:15.204,1.03641,1.03657,1.50,2.48
2012.11.16 01:37:15.745,1.03642,1.03657,2.48,1.73
2012.11.16 01:37:16.025,1.03644,1.03658,1.88,2.48
2012.11.16 01:37:16.336,1.03649,1.03658,3.23,1.50
2012.11.16 01:37:16.635,1.03654,1.03665,1.50,1.73
2012.11.16 01:37:17.515,1.03654,1.03668,1.13,1.73
2012.11.16 01:37:18.280,1.03659,1.03669,1.50,1.73
2012.11.16 01:37:18.585,1.03661,1.03672,2.25,1.50
2012.11.16 01:37:18.706,1.03662,1.03676,1.73,2.33
2012.11.16 01:37:18.945,1.03666,1.03681,1.13,2.48
2012.11.16 01:37:19.005,1.03666,1.03681,1.13,2.48
2012.11.16 01:37:19.675,1.03666,1.0368,1.13,1.73
2012.11.16 01:37:20.234,1.03668,1.03682,2.25,2.48
2012.11.16 01:37:20.306,1.03668,1.03682,2.25,3.23
2012.11.16 01:37:22.335,1.03669,1.0368,1.50,3.23
2012.11.16 01:37:22.635,1.03666,1.0368,1.50,3.23
2012.11.16 01:37:23.184,1.03666,1.0368,1.50,3.23
2012.11.16 01:37:25.459,1.03666,1.0368,1.50,3.23
2012.11.16 01:37:28.535,1.03667,1.0368,1.50,3.23
2012.11.16 01:37:28.956,1.03664,1.0368,1.50,3.23
2012.11.16 01:37:29.505,1.03666,1.03677,1.50,1.73
2012.11.16 01:37:30.774,1.03666,1.03677,1.50,2.48
2012.11.16 01:37:32.078,1.03665,1.03677,1.50,2.48
2012.11.16 01:37:32.570,1.03662,1.03675,2.25,1.73
2012.11.16 01:37:35.207,1.0366,1.03674,1.73,1.73
2012.11.16 01:37:35.278,1.03658,1.03673,1.50,2.48
2012.11.16 01:37:35.795,1.03657,1.0367,2.10,3.23
2012.11.16 01:37:36.335,1.03657,1.0367,1.35,2.48
2012.11.16 01:37:39.045,1.03657,1.0367,1.35,3.23
2012.11.16 01:37:39.464,1.03654,1.0367,3.83,3.98
2012.11.16 01:37:39.866,1.03654,1.03668,2.33,2.48
2012.11.16 01:37:45.038,1.03655,1.03668,1.50,1.73
2012.11.16 01:37:47.485,1.03653,1.03668,3.08,2.48
2012.11.16 01:37:47.546,1.03653,1.03667,2.85,1.73
2012.11.16 01:37:48.054,1.03651,1.03667,2.25,3.23
2012.11.16 01:37:48.975,1.0365,1.03667,3.23,3.23
2012.11.16 01:37:49.453,1.0365,1.03664,3.23,1.73
2012.11.16 01:37:50.224,1.0365,1.03664,3.23,2.48
2012.11.16 01:37:50.494,1.0365,1.03664,3.23,2.48
2012.11.16 01:37:52.342,1.0365,1.03663,1.35,1.50
2012.11.16 01:37:52.410,1.03649,1.03661,1.35,1.50
2012.11.16 01:37:52.845,1.0365,1.03665,1.35,2.48
2012.11.16 01:37:53.515,1.0365,1.03665,1.35,1.73
2012.11.16 01:37:54.295,1.0365,1.03665,1.35,1.73
2012.11.16 01:37:54.476,1.03651,1.03665,1.73,1.73
2012.11.16 01:37:54.614,1.03651,1.03665,1.73,1.73
2012.11.16 01:37:54.996,1.03651,1.03665,1.73,1.73
2012.11.16 01:37:57.135,1.03652,1.03667,1.73,1.73
2012.11.16 01:37:57.435,1.03653,1.03669,1.73,2.48
2012.11.16 01:37:57.614,1.03656,1.03671,1.73,3.23
2012.11.16 01:37:57.985,1.03656,1.03673,3.98,1.73
2012.11.16 01:38:00.016,1.03656,1.03672,3.98,1.50
2012.11.16 01:38:00.325,1.03656,1.03669,1.73,1.73
2012.11.16 01:38:00.627,1.03651,1.03669,2.85,4.73
2012.11.16 01:38:02.825,1.03651,1.03668,3.23,1.35
2012.11.16 01:38:03.419,1.03655,1.03669,1.73,4.35
2012.11.16 01:38:04.205,1.03655,1.03669,1.73,3.60
2012.11.16 01:38:07.796,1.03651,1.03668,5.48,1.73
2012.11.16 01:38:08.492,1.03651,1.03668,5.48,1.73
2012.11.16 01:38:11.224,1.03652,1.03668,1.73,1.73
2012.11.16 01:38:21.675,1.03655,1.0367,2.48,2.48
2012.11.16 01:38:22.366,1.03653,1.0367,2.48,3.98
2012.11.16 01:38:22.874,1.03652,1.03666,1.35,2.25
2012.11.16 01:38:22.934,1.03652,1.03666,1.35,3.00
2012.11.16 01:38:25.305,1.03652,1.03669,1.73,3.23
2012.11.16 01:38:25.870,1.03652,1.03669,1.73,3.23
2012.11.16 01:38:33.975,1.03655,1.0367,1.73,3.98
2012.11.16 01:38:34.843,1.03654,1.0367,3.23,3.23
2012.11.16 01:38:36.454,1.0365,1.03668,4.95,3.23
2012.11.16 01:38:36.514,1.0365,1.03665,4.20,1.73
2012.11.16 01:38:36.634,1.0365,1.03665,2.10,3.23
2012.11.16 01:38:36.874,1.03649,1.03664,1.35,3.23
2012.11.16 01:38:36.935,1.03648,1.03664,1.73,5.48
2012.11.16 01:38:37.443,1.03646,1.03662,3.60,1.73
2012.11.16 01:38:39.424,1.03646,1.03662,2.48,1.73
2012.11.16 01:38:39.895,1.03643,1.03658,3.98,1.73
2012.11.16 01:38:40.135,1.03643,1.03656,1.88,1.73
2012.11.16 01:38:40.435,1.03642,1.03655,1.50,1.35
2012.11.16 01:38:40.983,1.03642,1.03655,1.50,2.10
2012.11.16 01:38:41.843,1.0364,1.03654,1.73,2.85
2012.11.16 01:38:42.085,1.0364,1.03652,1.50,1.73
2012.11.16 01:38:42.444,1.03637,1.03654,3.23,2.10
2012.11.16 01:38:42.954,1.03638,1.03654,1.73,2.10
2012.11.16 01:38:43.502,1.03639,1.03654,2.48,1.73
2012.11.16 01:38:45.069,1.03639,1.03654,2.48,1.73
2012.11.16 01:38:45.317,1.03638,1.0365,2.48,1.73
2012.11.16 01:38:45.965,1.03638,1.03654,2.48,5.10
2012.11.16 01:38:46.144,1.03639,1.03654,2.48,2.85
2012.11.16 01:38:48.886,1.03639,1.03653,1.73,2.48
2012.11.16 01:38:49.424,1.03639,1.03654,1.50,2.10
2012.11.16 01:38:50.188,1.03639,1.03654,1.73,2.10
2012.11.16 01:38:50.975,1.03642,1.03656,1.50,2.48
2012.11.16 01:38:51.035,1.03644,1.03656,1.73,2.48
2012.11.16 01:38:51.155,1.03645,1.03659,1.73,2.48
2012.11.16 01:38:51.216,1.03645,1.03659,2.48,1.73
2012.11.16 01:38:51.394,1.03648,1.03662,2.48,1.73
2012.11.16 01:38:51.635,1.03648,1.03663,2.48,1.73
2012.11.16 01:38:51.695,1.03648,1.03663,2.48,1.73
2012.11.16 01:38:51.814,1.03648,1.03663,2.48,2.48
2012.11.16 01:38:53.624,1.03648,1.03663,3.08,1.73
2012.11.16 01:38:53.931,1.03648,1.03663,1.35,3.98
2012.11.16 01:38:54.416,1.03645,1.03659,1.73,1.50
2012.11.16 01:38:54.608,1.03642,1.03657,2.63,1.73
2012.11.16 01:38:55.034,1.0364,1.03656,3.23,2.48
2012.11.16 01:38:56.244,1.03641,1.03656,1.73,2.48
2012.11.16 01:38:56.784,1.03642,1.03658,2.48,2.85
2012.11.16 01:38:58.225,1.03642,1.03658,2.48,2.85
2012.11.16 01:39:00.494,1.03642,1.03658,2.48,3.23
2012.11.16 01:39:02.774,1.0364,1.03657,2.48,3.98
2012.11.16 01:39:03.399,1.0364,1.03657,2.48,3.98
2012.11.16 01:39:09.512,1.03641,1.03656,1.73,2.10
2012.11.16 01:39:11.938,1.03641,1.03656,1.73,1.73
2012.11.16 01:39:12.245,1.03644,1.03658,1.50,2.10
2012.11.16 01:39:12.315,1.03644,1.03658,1.73,2.10
2012.11.16 01:39:15.825,1.03645,1.03657,1.73,1.35
2012.11.16 01:39:15.885,1.03645,1.03657,1.50,1.35
2012.11.16 01:39:17.064,1.03642,1.03656,1.50,1.73
2012.11.16 01:39:20.824,1.03642,1.03656,1.50,1.73
2012.11.16 01:39:21.945,1.03642,1.03656,1.50,2.48
2012.11.16 01:39:25.505,1.03642,1.03656,1.50,1.73
2012.11.16 01:39:25.625,1.03642,1.03656,2.48,1.50
2012.11.16 01:39:26.139,1.03644,1.03658,1.73,3.23
2012.11.16 01:39:26.664,1.03644,1.03658,1.73,2.48
2012.11.16 01:39:26.905,1.03644,1.0366,3.23,3.98
2012.11.16 01:39:32.936,1.03648,1.0366,1.50,1.73
2012.11.16 01:39:33.114,1.03648,1.03661,1.73,2.10
2012.11.16 01:39:33.654,1.03646,1.03661,1.73,1.95
2012.11.16 01:39:34.095,1.03645,1.03659,1.73,1.73
2012.11.16 01:39:41.564,1.03645,1.03659,1.73,2.85
2012.11.16 01:39:48.095,1.03641,1.03657,3.60,2.48
2012.11.16 01:39:48.683,1.03641,1.03657,3.60,2.48
2012.11.16 01:39:49.045,1.0364,1.03655,2.48,2.48
2012.11.16 01:39:49.564,1.0364,1.03655,2.48,1.73
2012.11.16 01:40:04.316,1.03641,1.03655,1.73,2.48
2012.11.16 01:40:04.957,1.03641,1.03655,1.73,2.48
2012.11.16 01:40:06.755,1.03642,1.03655,1.50,1.73
2012.11.16 01:40:06.999,1.03642,1.03655,1.50,1.73
2012.11.16 01:40:10.015,1.03642,1.03657,1.73,3.23
2012.11.16 01:40:10.660,1.03645,1.0366,1.50,3.98
2012.11.16 01:40:11.755,1.03647,1.0366,1.50,3.23
2012.11.16 01:40:11.935,1.03647,1.03661,1.73,2.48
2012.11.16 01:40:12.126,1.03647,1.03661,1.50,3.98
2012.11.16 01:40:12.676,1.03645,1.0366,1.73,1.73
2012.11.16 01:40:18.435,1.03645,1.03659,1.73,1.73
2012.11.16 01:40:18.556,1.03644,1.03659,1.73,3.23
2012.11.16 01:40:27.748,1.03644,1.03659,1.73,3.98
2012.11.16 01:40:37.234,1.03644,1.03659,1.73,2.48
2012.11.16 01:40:37.294,1.03643,1.03649,1.73,1.50
2012.11.16 01:40:37.355,1.0364,1.03648,1.73,1.50
2012.11.16 01:40:37.421,1.0364,1.03655,2.48,1.35
2012.11.16 01:40:37.605,1.03639,1.03654,1.73,2.48
2012.11.16 01:40:38.144,1.03641,1.03653,1.73,2.48
2012.11.16 01:40:38.445,1.03641,1.03654,1.50,1.73
2012.11.16 01:40:38.773,1.0364,1.03653,1.73,3.98
2012.11.16 01:40:39.015,1.0364,1.03653,1.50,3.23
2012.11.16 01:40:39.254,1.0364,1.03653,1.73,2.48
2012.11.16 01:40:41.205,1.0364,1.03655,1.73,4.35
2012.11.16 01:40:42.415,1.0364,1.03651,1.73,2.25
2012.11.16 01:40:42.835,1.0364,1.03654,1.73,2.10
2012.11.16 01:40:50.448,1.0364,1.03654,1.50,2.48
2012.11.16 01:40:50.635,1.03639,1.03651,1.50,3.23
2012.11.16 01:40:50.755,1.03637,1.0365,1.73,1.73
2012.11.16 01:40:51.297,1.03635,1.03648,1.73,1.50
2012.11.16 01:40:51.484,1.03635,1.03648,1.73,1.73
2012.11.16 01:40:51.665,1.03635,1.03649,1.73,1.13
2012.11.16 01:40:52.185,1.03635,1.03648,1.73,1.50
2012.11.16 01:40:52.424,1.03635,1.0365,1.73,2.48
2012.11.16 01:40:52.665,1.03635,1.0365,1.73,2.48
2012.11.16 01:40:53.216,1.03635,1.0365,1.73,1.50
2012.11.16 01:40:53.276,1.03636,1.03652,2.48,3.00
2012.11.16 01:40:58.167,1.03639,1.03652,1.73,2.25
2012.11.16 01:40:58.464,1.03639,1.03652,1.73,2.48
2012.11.16 01:40:58.842,1.03638,1.03651,1.73,2.25
2012.11.16 01:40:59.155,1.03636,1.03651,1.73,2.48
2012.11.16 01:41:00.017,1.03634,1.03648,1.73,2.48
2012.11.16 01:41:00.156,1.03634,1.03648,1.50,3.23
2012.11.16 01:41:00.718,1.03633,1.03646,1.73,1.73
2012.11.16 01:41:01.355,1.03634,1.03646,1.50,2.48
2012.11.16 01:41:02.234,1.03634,1.03646,1.50,1.73
2012.11.16 01:41:04.647,1.03634,1.03648,1.50,1.35
2012.11.16 01:41:04.716,1.03634,1.03648,1.73,1.35
2012.11.16 01:41:04.839,1.03634,1.03648,1.73,1.13
2012.11.16 01:41:05.516,1.03635,1.03649,1.50,1.35
2012.11.16 01:41:06.028,1.03634,1.03648,1.73,2.85
2012.11.16 01:41:06.585,1.03637,1.03651,1.73,2.48
2012.11.16 01:41:07.095,1.03636,1.03651,1.73,2.48
2012.11.16 01:41:07.885,1.03637,1.03651,1.73,2.48
2012.11.16 01:41:16.218,1.03637,1.03651,1.73,3.98
2012.11.16 01:41:16.775,1.03639,1.03651,1.73,1.50
2012.11.16 01:41:22.815,1.03638,1.03651,3.23,2.25
2012.11.16 01:41:28.976,1.03638,1.03651,3.23,2.25
2012.11.16 01:41:41.345,1.03637,1.03651,1.73,2.25
2012.11.16 01:41:41.654,1.03635,1.03652,1.73,3.00
2012.11.16 01:41:41.886,1.03636,1.03652,1.73,3.00
2012.11.16 01:41:52.847,1.03635,1.03652,2.48,3.38
2012.11.16 01:41:53.027,1.03635,1.03649,1.73,1.73
2012.11.16 01:41:53.585,1.03633,1.03647,1.73,2.25
2012.11.16 01:41:54.496,1.03631,1.03647,3.98,2.25
2012.11.16 01:41:55.385,1.03633,1.03647,1.73,2.25
2012.11.16 01:41:56.025,1.03631,1.03647,3.98,2.25
2012.11.16 01:41:56.751,1.03632,1.03647,1.73,2.25
2012.11.16 01:42:00.336,1.03631,1.03647,3.98,2.25
2012.11.16 01:42:01.095,1.03632,1.03647,1.73,2.25
2012.11.16 01:42:07.204,1.03635,1.03648,1.73,1.13
2012.11.16 01:42:25.775,1.03634,1.03649,1.73,1.73
2012.11.16 01:42:26.136,1.03635,1.03651,2.48,3.98
2012.11.16 01:42:26.712,1.03636,1.03651,1.73,3.98
2012.11.16 01:42:28.746,1.03635,1.03649,1.73,2.48
2012.11.16 01:42:29.105,1.03635,1.03649,1.73,3.23
2012.11.16 01:42:36.855,1.03635,1.03645,1.73,1.50
2012.11.16 01:42:36.976,1.03631,1.03645,2.33,1.50
2012.11.16 01:42:37.096,1.03631,1.03645,1.73,3.23
2012.11.16 01:42:37.335,1.03629,1.03643,1.73,1.50
2012.11.16 01:42:37.745,1.03629,1.03643,1.73,1.73
2012.11.16 01:42:37.865,1.03627,1.03643,1.73,1.73
2012.11.16 01:42:38.165,1.03626,1.03641,1.73,1.73
2012.11.16 01:42:48.006,1.03624,1.0364,2.48,2.85
2012.11.16 01:42:48.306,1.03627,1.0364,1.73,1.13
2012.11.16 01:42:48.854,1.03625,1.03643,3.98,3.98
2012.11.16 01:42:49.515,1.03625,1.0364,3.23,1.73
2012.11.16 01:42:49.755,1.03625,1.03641,4.58,1.50
2012.11.16 01:42:50.662,1.03625,1.03641,4.73,1.73
2012.11.16 01:42:50.914,1.03626,1.0364,1.35,2.25
2012.11.16 01:42:51.285,1.03626,1.03643,2.10,2.48
2012.11.16 01:42:51.405,1.03626,1.03643,2.10,2.48
2012.11.16 01:42:51.835,1.03626,1.0364,2.10,1.73
2012.11.16 01:42:52.015,1.03626,1.03641,2.10,1.50
2012.11.16 01:42:54.070,1.03628,1.03643,1.73,2.48
2012.11.16 01:42:54.256,1.03635,1.03646,1.50,1.73
2012.11.16 01:42:54.436,1.03635,1.03646,3.23,1.50
2012.11.16 01:42:54.675,1.0364,1.03652,1.73,1.73
2012.11.16 01:42:55.035,1.03639,1.03654,1.73,3.98
2012.11.16 01:42:55.335,1.03643,1.03655,1.73,1.73
2012.11.16 01:42:55.696,1.03643,1.03656,1.73,1.50
2012.11.16 01:42:55.816,1.03644,1.03658,1.73,2.48
2012.11.16 01:42:55.876,1.03644,1.03659,1.73,3.00
2012.11.16 01:42:56.055,1.03644,1.03659,1.73,3.00
2012.11.16 01:42:56.365,1.03646,1.03659,1.73,2.25
2012.11.16 01:42:57.986,1.03644,1.03659,2.48,2.48
2012.11.16 01:42:58.345,1.03646,1.03659,1.73,2.25
2012.11.16 01:42:58.915,1.03647,1.03662,1.73,2.48
2012.11.16 01:43:01.138,1.03647,1.03662,1.73,2.85
2012.11.16 01:43:01.575,1.03645,1.03662,1.73,2.85
2012.11.16 01:43:03.155,1.03647,1.03662,1.73,2.85
2012.11.16 01:43:04.700,1.03647,1.03661,1.73,2.48
2012.11.16 01:43:04.825,1.03646,1.0366,1.73,1.73
2012.11.16 01:43:05.125,1.03644,1.03658,1.73,1.73
2012.11.16 01:43:05.665,1.03644,1.03658,1.73,2.48
2012.11.16 01:43:06.724,1.03641,1.03658,2.85,2.48
2012.11.16 01:43:07.134,1.03641,1.03649,2.10,1.50
2012.11.16 01:43:07.256,1.0364,1.0365,1.50,1.73
2012.11.16 01:43:07.435,1.03637,1.03648,2.48,1.50
2012.11.16 01:43:07.495,1.03637,1.0365,2.48,1.50
2012.11.16 01:43:07.556,1.03637,1.03649,2.25,1.73
2012.11.16 01:43:07.675,1.03637,1.03649,1.73,3.00
2012.11.16 01:43:07.795,1.03637,1.03649,1.73,1.50
2012.11.16 01:43:08.045,1.03637,1.03653,1.73,1.73
2012.11.16 01:43:08.105,1.03637,1.03648,1.50,1.73
2012.11.16 01:43:08.225,1.03637,1.03648,1.73,1.50
2012.11.16 01:43:08.345,1.03637,1.03649,1.50,1.73
2012.11.16 01:43:09.206,1.03637,1.03648,1.50,1.73
2012.11.16 01:43:09.696,1.03635,1.03648,1.50,2.48
2012.11.16 01:43:09.756,1.03632,1.03644,1.13,1.73
2012.11.16 01:43:09.815,1.03631,1.03644,3.60,1.73
2012.11.16 01:43:10.296,1.03627,1.03642,2.25,2.48
2012.11.16 01:43:10.358,1.03627,1.03639,2.25,1.73
2012.11.16 01:43:10.426,1.03627,1.03639,1.50,1.73
2012.11.16 01:43:10.544,1.03623,1.03637,3.23,2.48
2012.11.16 01:43:12.665,1.03621,1.03637,3.23,2.48
2012.11.16 01:43:13.065,1.03625,1.03639,1.73,4.73
2012.11.16 01:43:13.615,1.03627,1.03639,1.50,2.48
2012.11.16 01:43:14.118,1.03625,1.03639,2.48,3.23
2012.11.16 01:43:14.509,1.03626,1.03639,1.73,1.73
2012.11.16 01:43:14.707,1.0363,1.03643,1.73,2.25
2012.11.16 01:43:15.195,1.03631,1.03645,1.73,1.73
2012.11.16 01:43:15.815,1.03632,1.03646,2.10,3.23
2012.11.16 01:43:16.175,1.03637,1.03654,1.73,4.35
2012.11.16 01:43:16.899,1.03636,1.0365,1.73,2.10
2012.11.16 01:43:17.204,1.03635,1.03648,1.73,2.48
2012.11.16 01:43:17.567,1.03632,1.03647,3.23,1.73
2012.11.16 01:43:17.756,1.03632,1.03644,1.73,1.50
2012.11.16 01:43:17.876,1.03631,1.03644,1.50,2.48
2012.11.16 01:43:17.938,1.03631,1.03641,1.50,1.73
2012.11.16 01:43:18.246,1.03629,1.03639,1.50,3.98
2012.11.16 01:43:18.489,1.03625,1.03638,1.73,1.73
2012.11.16 01:43:18.615,1.03625,1.03636,1.73,2.48
2012.11.16 01:43:18.927,1.03615,1.03626,1.50,2.48
2012.11.16 01:43:19.369,1.03609,1.03621,3.23,1.73
2012.11.16 01:43:19.756,1.03609,1.03622,3.00,3.08
2012.11.16 01:43:19.877,1.03609,1.03622,3.23,3.08
2012.11.16 01:43:20.445,1.03612,1.03622,1.50,1.73
2012.11.16 01:43:20.987,1.03612,1.03623,1.50,1.73
2012.11.16 01:43:22.065,1.03613,1.03624,1.50,1.73
2012.11.16 01:43:22.605,1.03614,1.03624,1.73,1.50
2012.11.16 01:43:22.966,1.03625,1.0364,1.35,3.23
2012.11.16 01:43:23.027,1.03625,1.0364,2.10,2.48
2012.11.16 01:43:23.577,1.03626,1.03642,2.10,3.23
2012.11.16 01:43:23.755,1.03626,1.03642,2.10,1.73
2012.11.16 01:43:24.137,1.03628,1.03642,1.50,3.23
2012.11.16 01:43:24.464,1.03628,1.03641,1.50,1.73
2012.11.16 01:43:24.782,1.03628,1.03636,1.50,2.48
2012.11.16 01:43:25.296,1.03624,1.03636,1.73,2.25
2012.11.16 01:43:25.415,1.03624,1.03639,1.73,2.25
2012.11.16 01:43:25.776,1.03628,1.03641,1.73,1.50
2012.11.16 01:43:25.837,1.03628,1.03644,1.73,1.35
2012.11.16 01:43:25.956,1.03629,1.03645,1.73,2.48
2012.11.16 01:43:28.037,1.0363,1.03645,1.73,2.48
2012.11.16 01:43:29.075,1.03629,1.03645,1.73,1.73
2012.11.16 01:43:29.957,1.03631,1.03645,2.48,3.23
2012.11.16 01:43:32.646,1.03631,1.03645,2.48,3.23
2012.11.16 01:43:35.897,1.03629,1.03642,1.35,1.73
2012.11.16 01:43:36.857,1.03629,1.03641,1.13,1.73
2012.11.16 01:43:37.036,1.03627,1.03641,1.35,1.73
2012.11.16 01:43:38.235,1.03624,1.03638,3.23,1.50
2012.11.16 01:43:38.296,1.03624,1.03636,2.48,2.25
2012.11.16 01:43:38.847,1.03624,1.03638,1.50,3.23
2012.11.16 01:43:39.335,1.03626,1.0364,1.50,3.83
2012.11.16 01:43:39.396,1.03626,1.0364,1.50,3.83
2012.11.16 01:43:39.577,1.03626,1.03641,1.13,1.58
2012.11.16 01:43:40.009,1.03626,1.03639,1.35,2.48
2012.11.16 01:43:40.715,1.03623,1.03639,4.73,2.48
2012.11.16 01:43:41.555,1.03623,1.03639,3.23,2.48
2012.11.16 01:43:45.235,1.03623,1.03639,2.48,2.25
2012.11.16 01:43:45.355,1.03623,1.03639,3.98,2.48
2012.11.16 01:43:45.485,1.03623,1.03639,3.98,2.25
2012.11.16 01:43:46.025,1.03623,1.03639,2.48,2.48
2012.11.16 01:43:46.527,1.03623,1.03639,2.48,2.48
2012.11.16 01:43:49.256,1.03623,1.03634,1.73,2.25
2012.11.16 01:43:49.595,1.03623,1.03634,1.50,2.48
2012.11.16 01:43:49.716,1.0362,1.03634,1.73,2.25
2012.11.16 01:43:49.836,1.03621,1.03633,2.25,1.73
2012.11.16 01:43:50.016,1.03622,1.03639,2.48,2.10
2012.11.16 01:43:50.196,1.0362,1.03632,1.50,1.73
2012.11.16 01:43:50.696,1.03621,1.03632,1.50,1.73
2012.11.16 01:43:51.230,1.03621,1.03632,1.50,1.73
2012.11.16 01:43:53.196,1.03619,1.03632,1.50,1.73
2012.11.16 01:43:53.496,1.03622,1.03634,1.73,1.73
2012.11.16 01:43:53.617,1.03622,1.03633,1.73,1.50
2012.11.16 01:43:53.915,1.03622,1.03634,1.50,1.73
2012.11.16 01:43:55.206,1.03622,1.03633,1.50,2.48
2012.11.16 01:43:55.327,1.03624,1.03633,1.50,2.48
2012.11.16 01:43:55.448,1.03625,1.03634,2.48,1.50
2012.11.16 01:43:55.817,1.03624,1.03633,1.50,1.50
2012.11.16 01:43:57.205,1.03621,1.03634,2.10,3.23
2012.11.16 01:43:58.856,1.03622,1.03636,2.48,1.50
2012.11.16 01:43:58.916,1.03622,1.03638,2.48,1.50
2012.11.16 01:43:58.976,1.03621,1.03636,3.60,1.73
2012.11.16 01:44:00.645,1.03621,1.03636,2.10,2.25
2012.11.16 01:44:01.465,1.03624,1.03638,1.73,1.50
2012.11.16 01:44:02.946,1.03624,1.03638,1.73,1.50
2012.11.16 01:44:03.126,1.03622,1.03636,2.48,1.50
2012.11.16 01:44:03.823,1.03622,1.03637,2.48,3.23
2012.11.16 01:44:10.756,1.0362,1.03637,2.10,2.48
2012.11.16 01:44:13.207,1.0362,1.03636,1.88,1.73
2012.11.16 01:44:13.764,1.03619,1.03635,1.50,2.48
2012.11.16 01:44:13.832,1.03619,1.03635,1.50,2.48
2012.11.16 01:44:14.355,1.03618,1.03635,1.50,3.23
2012.11.16 01:44:15.666,1.0362,1.03636,3.00,3.98
2012.11.16 01:44:16.088,1.03621,1.03636,1.73,3.98
2012.11.16 01:44:16.338,1.03625,1.0364,1.73,1.73
2012.11.16 01:44:17.845,1.03625,1.03641,1.73,4.73
2012.11.16 01:44:24.495,1.03625,1.0364,1.73,1.73
2012.11.16 01:44:26.102,1.03625,1.0364,1.73,1.73
2012.11.16 01:44:26.758,1.03625,1.03641,1.73,3.98
2012.11.16 01:44:27.428,1.03625,1.03641,1.73,3.98
2012.11.16 01:44:32.666,1.03625,1.03641,1.73,3.98
2012.11.16 01:44:33.266,1.03626,1.03642,2.25,3.23
2012.11.16 01:44:40.364,1.03627,1.03642,2.25,1.73
2012.11.16 01:44:44.635,1.03629,1.03643,3.00,1.73
2012.11.16 01:44:44.695,1.03629,1.03643,3.00,1.73
2012.11.16 01:44:51.156,1.0363,1.03644,1.50,2.48
2012.11.16 01:44:56.387,1.0363,1.03644,1.50,1.73
2012.11.16 01:44:56.566,1.03631,1.03646,1.73,1.35
2012.11.16 01:45:03.675,1.03631,1.03646,1.73,1.73
2012.11.16 01:45:03.865,1.03633,1.03647,1.73,2.25
2012.11.16 01:45:04.285,1.03635,1.0365,2.48,1.73
2012.11.16 01:45:04.737,1.03637,1.03651,1.73,1.73
2012.11.16 01:45:21.466,1.03637,1.03653,1.73,3.98
2012.11.16 01:45:22.006,1.03635,1.0365,1.73,2.48
2012.11.16 01:45:22.126,1.03635,1.0365,1.73,3.23
2012.11.16 01:45:29.209,1.03635,1.0365,1.50,3.23
2012.11.16 01:45:41.877,1.03635,1.0365,1.73,3.23
2012.11.16 01:45:42.450,1.03636,1.0365,1.73,3.98
2012.11.16 01:45:42.966,1.03637,1.0365,1.50,3.23
2012.11.16 01:45:45.536,1.03636,1.0365,1.73,1.73
2012.11.16 01:45:45.660,1.03636,1.0365,1.73,1.73
2012.11.16 01:45:46.017,1.03636,1.0365,1.50,1.73
2012.11.16 01:46:02.118,1.03634,1.0365,2.10,1.73
2012.11.16 01:46:02.476,1.03631,1.03647,1.88,2.48
2012.11.16 01:46:03.006,1.03631,1.03647,1.88,2.48
2012.11.16 01:46:11.397,1.03631,1.03647,1.50,3.23
2012.11.16 01:46:35.047,1.03631,1.03647,1.50,3.23
2012.11.16 01:46:35.355,1.03629,1.03644,1.88,1.73
2012.11.16 01:46:53.837,1.03624,1.03637,2.72,1.73
2012.11.16 01:46:53.958,1.03623,1.03637,1.58,1.73
2012.11.16 01:46:54.658,1.03623,1.03638,3.00,1.73
2012.11.16 01:46:54.732,1.03623,1.03639,2.25,3.23
2012.11.16 01:46:55.036,1.03623,1.03639,2.25,3.23
2012.11.16 01:46:55.527,1.0362,1.03635,1.50,1.73
2012.11.16 01:46:55.766,1.03619,1.03634,2.25,2.48
2012.11.16 01:46:55.997,1.03619,1.03634,2.25,2.48
2012.11.16 01:46:56.556,1.03616,1.03631,1.50,1.73
2012.11.16 01:47:02.606,1.03619,1.03631,1.50,2.10
2012.11.16 01:47:04.105,1.03619,1.03631,1.50,1.73
2012.11.16 01:47:04.937,1.03617,1.03632,1.50,3.98
2012.11.16 01:47:05.116,1.03618,1.03632,1.50,3.98
2012.11.16 01:47:05.555,1.03618,1.03632,3.00,1.73
2012.11.16 01:47:05.959,1.03619,1.03632,1.50,1.73
2012.11.16 01:47:06.087,1.03621,1.03635,1.50,1.73
2012.11.16 01:47:06.506,1.03618,1.03635,1.73,3.98
2012.11.16 01:47:07.122,1.03619,1.03634,1.73,2.25
2012.11.16 01:47:07.438,1.03619,1.03634,1.73,2.48
2012.11.16 01:47:08.328,1.03616,1.03634,3.98,2.48
2012.11.16 01:47:08.400,1.03615,1.03631,1.73,2.48
2012.11.16 01:47:08.921,1.03614,1.03631,2.48,2.48
2012.11.16 01:47:18.106,1.03615,1.03631,1.73,1.73
2012.11.16 01:47:18.946,1.03615,1.03631,1.73,2.10
2012.11.16 01:47:20.236,1.03615,1.03631,1.73,2.10
2012.11.16 01:47:21.848,1.03614,1.0363,2.25,1.73
2012.11.16 01:47:22.356,1.03611,1.03628,3.60,1.73
2012.11.16 01:47:22.676,1.03611,1.03628,3.60,1.50
2012.11.16 01:47:22.796,1.03614,1.0363,2.48,2.48
2012.11.16 01:47:23.737,1.03614,1.0363,2.48,2.48
2012.11.16 01:47:24.046,1.03614,1.03629,2.48,1.73
2012.11.16 01:47:24.347,1.03611,1.03627,2.48,1.73
2012.11.16 01:47:25.048,1.03607,1.03624,1.73,3.98
2012.11.16 01:47:25.187,1.03607,1.03624,1.73,3.98
2012.11.16 01:47:25.737,1.03606,1.03623,2.48,1.73
2012.11.16 01:47:27.677,1.03604,1.03621,1.35,3.23
2012.11.16 01:47:27.799,1.03604,1.0362,1.35,1.73
2012.11.16 01:47:28.257,1.03604,1.0362,1.35,1.73
2012.11.16 01:47:28.436,1.03604,1.03621,2.10,3.23
2012.11.16 01:47:28.557,1.03604,1.0362,1.13,1.73
2012.11.16 01:47:28.736,1.03602,1.03618,3.00,3.23
2012.11.16 01:47:29.706,1.03604,1.03618,2.25,2.48
2012.11.16 01:47:42.166,1.03601,1.03616,3.23,1.35
2012.11.16 01:47:45.730,1.036,1.03617,1.13,3.23
2012.11.16 01:47:47.135,1.03602,1.03616,2.25,1.35
2012.11.16 01:47:48.871,1.03602,1.03616,2.25,1.35
2012.11.16 01:47:49.693,1.03602,1.03616,2.25,2.85
2012.11.16 01:47:49.757,1.03602,1.03616,2.25,2.10
2012.11.16 01:47:50.497,1.03602,1.03615,2.25,1.73
2012.11.16 01:47:51.137,1.03602,1.03618,2.25,3.60
2012.11.16 01:47:52.196,1.03603,1.03619,2.48,1.73
2012.11.16 01:47:54.895,1.03604,1.0362,1.73,3.60
2012.11.16 01:47:54.956,1.03605,1.0362,2.48,2.10
2012.11.16 01:47:56.536,1.03607,1.03622,1.73,1.35
2012.11.16 01:47:56.657,1.03607,1.03622,1.73,1.35
2012.11.16 01:47:56.717,1.03607,1.03624,1.73,3.23
2012.11.16 01:47:57.017,1.03609,1.03623,1.13,3.23
2012.11.16 01:47:57.137,1.03608,1.03623,1.88,3.23
2012.11.16 01:47:57.904,1.03607,1.03623,1.50,3.98
2012.11.16 01:48:00.246,1.03607,1.03623,1.50,3.23
2012.11.16 01:48:00.557,1.03607,1.03623,1.73,2.48
2012.11.16 01:48:03.961,1.0361,1.03625,1.50,3.23
2012.11.16 01:48:04.745,1.0361,1.03625,1.50,3.23
2012.11.16 01:48:06.316,1.0361,1.03625,1.50,3.23
2012.11.16 01:48:06.909,1.0361,1.03625,3.23,1.73
2012.11.16 01:48:09.076,1.0361,1.03626,3.23,3.98
2012.11.16 01:48:09.197,1.0361,1.03625,4.73,1.73
2012.11.16 01:48:10.159,1.0361,1.03625,2.25,2.48
2012.11.16 01:48:10.520,1.0361,1.03625,2.25,2.48
2012.11.16 01:48:31.286,1.0361,1.03625,1.50,2.48
2012.11.16 01:48:36.601,1.0361,1.03625,1.73,1.73
2012.11.16 01:48:38.046,1.03611,1.03628,1.35,2.48
2012.11.16 01:48:43.958,1.03609,1.03626,2.10,3.23
2012.11.16 01:48:50.776,1.03609,1.03626,2.10,3.23
2012.11.16 01:49:26.256,1.0361,1.03625,2.48,1.73
2012.11.16 01:49:32.567,1.03609,1.03624,1.73,3.23
2012.11.16 01:49:49.877,1.0361,1.03625,3.23,2.48
2012.11.16 01:49:50.187,1.03616,1.0363,1.13,2.48
2012.11.16 01:49:50.521,1.03614,1.03626,2.25,1.73
2012.11.16 01:49:50.588,1.03614,1.03626,2.25,1.73
2012.11.16 01:49:50.897,1.03611,1.03625,1.50,2.48
2012.11.16 01:49:50.957,1.0361,1.03624,3.08,1.73
2012.11.16 01:49:51.018,1.0361,1.03624,3.83,2.48
2012.11.16 01:49:51.408,1.03615,1.03624,1.13,1.73
2012.11.16 01:49:51.549,1.03614,1.03624,1.13,2.25
2012.11.16 01:49:51.937,1.03613,1.03627,2.48,2.25
2012.11.16 01:49:52.716,1.03613,1.03628,1.73,2.48
2012.11.16 01:49:57.000,1.03612,1.03628,2.85,2.48
2012.11.16 01:49:57.068,1.03612,1.03627,2.85,1.73
2012.11.16 01:49:57.436,1.0361,1.03625,1.73,3.23
2012.11.16 01:49:57.806,1.03609,1.03625,1.35,3.23
2012.11.16 01:49:57.986,1.03611,1.03625,1.73,1.50
2012.11.16 01:49:58.107,1.03609,1.03623,1.13,2.48
2012.11.16 01:49:59.767,1.03607,1.03623,1.73,2.48
2012.11.16 01:49:59.827,1.03607,1.03623,2.48,1.73
2012.11.16 01:50:00.188,1.03607,1.03623,3.83,1.73
2012.11.16 01:50:00.256,1.03607,1.03623,3.83,1.73
2012.11.16 01:50:00.437,1.0361,1.03625,1.50,1.73
2012.11.16 01:50:00.616,1.0361,1.03625,1.73,1.73
2012.11.16 01:50:00.736,1.0361,1.03625,1.50,2.48
2012.11.16 01:50:00.926,1.0361,1.03625,1.73,2.48
2012.11.16 01:50:01.241,1.0361,1.03625,1.50,1.73
2012.11.16 01:50:07.316,1.0361,1.03626,1.73,3.23
2012.11.16 01:50:10.826,1.03612,1.03626,1.35,2.48
2012.11.16 01:50:11.246,1.03612,1.03628,3.60,1.73
2012.11.16 01:50:30.306,1.03613,1.0363,2.48,3.98
2012.11.16 01:50:30.568,1.03617,1.0363,1.58,1.73
2012.11.16 01:50:30.639,1.0362,1.03633,1.58,1.73
2012.11.16 01:50:31.126,1.0362,1.03636,1.73,3.23
2012.11.16 01:50:31.426,1.0362,1.03636,3.08,3.23
2012.11.16 01:50:38.227,1.0362,1.03636,3.08,3.23
2012.11.16 01:50:41.988,1.03622,1.03636,1.73,3.23
2012.11.16 01:50:42.068,1.03624,1.03638,2.48,1.73
2012.11.16 01:50:42.416,1.03624,1.03638,2.48,1.73
2012.11.16 01:50:42.656,1.03624,1.03638,2.48,1.73
2012.11.16 01:50:44.607,1.03626,1.03639,1.50,1.35
2012.11.16 01:50:45.786,1.03626,1.03639,1.50,1.35
2012.11.16 01:50:46.296,1.03625,1.0364,1.73,1.73
2012.11.16 01:50:46.697,1.03625,1.0364,1.73,1.73
2012.11.16 01:50:46.817,1.03625,1.0364,1.73,1.73
2012.11.16 01:50:47.317,1.03625,1.0364,1.73,1.73
2012.11.16 01:50:47.847,1.03624,1.0364,2.48,1.73
2012.11.16 01:50:47.947,1.03624,1.0364,2.48,1.73
2012.11.16 01:50:48.728,1.03624,1.0364,2.48,1.73
2012.11.16 01:50:50.497,1.03624,1.0364,2.48,1.35
2012.11.16 01:51:03.059,1.03629,1.03641,1.50,1.50
2012.11.16 01:51:03.129,1.03629,1.03641,1.73,1.50
2012.11.16 01:51:03.200,1.03629,1.03644,3.23,2.48
2012.11.16 01:51:03.756,1.03632,1.03644,1.50,2.48
2012.11.16 01:51:11.216,1.03632,1.03645,1.73,1.35
2012.11.16 01:51:21.067,1.03632,1.03646,2.33,2.48
2012.11.16 01:51:21.627,1.03632,1.03648,4.58,3.98
2012.11.16 01:51:22.987,1.03633,1.03648,1.73,2.48
2012.11.16 01:51:24.497,1.03633,1.03649,1.73,2.10
2012.11.16 01:51:26.176,1.03636,1.03649,1.58,2.10
2012.11.16 01:51:31.139,1.03636,1.03649,1.58,2.10
2012.11.16 01:51:31.696,1.03635,1.03649,1.58,2.10
2012.11.16 01:51:36.227,1.03635,1.0365,2.33,3.23
2012.11.16 01:51:36.787,1.03635,1.03651,3.83,2.85
2012.11.16 01:51:37.504,1.03637,1.03651,3.23,1.35
2012.11.16 01:51:37.667,1.03639,1.03652,1.50,1.35
2012.11.16 01:51:38.196,1.03638,1.03653,1.73,3.23
2012.11.16 01:51:41.106,1.03638,1.03653,1.73,2.48
2012.11.16 01:51:46.186,1.03637,1.03653,3.23,2.48
2012.11.16 01:51:46.306,1.03637,1.03653,3.23,2.48
2012.11.16 01:51:51.118,1.03637,1.03651,3.23,1.35
2012.11.16 01:51:55.207,1.03637,1.03651,3.23,1.35
2012.11.16 01:51:55.566,1.03635,1.03651,3.08,3.98
2012.11.16 01:51:57.446,1.03635,1.0365,1.58,3.98
2012.11.16 01:51:59.497,1.03636,1.0365,1.73,2.85
2012.11.16 01:52:00.025,1.03636,1.0365,1.73,2.85
2012.11.16 01:52:00.686,1.03636,1.0365,1.73,2.85
2012.11.16 01:52:00.807,1.03636,1.0365,2.48,1.35
2012.11.16 01:52:01.356,1.03638,1.03654,1.73,3.98
2012.11.16 01:52:01.869,1.03638,1.03654,1.73,3.98
2012.11.16 01:52:02.535,1.03639,1.03654,1.50,3.98
2012.11.16 01:52:03.211,1.03639,1.03654,1.50,3.98
2012.11.16 01:52:03.767,1.03639,1.03654,1.50,3.98
2012.11.16 01:52:03.826,1.03639,1.03654,1.50,3.98
2012.11.16 01:52:04.867,1.03639,1.03654,1.50,3.98
2012.11.16 01:52:05.837,1.03638,1.03653,1.73,1.73
2012.11.16 01:52:05.897,1.03638,1.03652,1.73,1.35
2012.11.16 01:52:21.042,1.03639,1.03651,1.50,2.48
2012.11.16 01:52:21.167,1.03638,1.03651,1.73,2.48
2012.11.16 01:52:31.047,1.03639,1.03651,1.50,2.48
2012.11.16 01:52:31.169,1.03639,1.03651,1.50,2.48
2012.11.16 01:52:37.207,1.03637,1.03651,1.73,2.10
2012.11.16 01:52:37.271,1.03636,1.03649,2.48,1.73
2012.11.16 01:52:40.962,1.03635,1.03647,2.48,1.13
2012.11.16 01:52:50.188,1.03634,1.03647,1.73,1.50
2012.11.16 01:52:57.126,1.03632,1.03647,4.73,1.50
2012.11.16 01:53:42.147,1.03632,1.03648,3.23,2.85
2012.11.16 01:53:43.957,1.03632,1.03648,5.33,2.48
2012.11.16 01:53:44.477,1.03633,1.03648,1.73,2.48
2012.11.16 01:53:48.906,1.03634,1.03648,1.73,2.48
2012.11.16 01:53:49.937,1.03635,1.03649,1.73,1.73
2012.11.16 01:53:50.527,1.03634,1.03649,2.48,1.73
2012.11.16 01:53:50.987,1.03634,1.0365,3.23,2.48
2012.11.16 01:53:56.869,1.03634,1.0365,1.73,3.23
2012.11.16 01:53:58.127,1.03634,1.0365,3.23,3.23
2012.11.16 01:53:58.488,1.03636,1.03653,1.73,3.23
2012.11.16 01:53:58.668,1.03638,1.03653,2.48,3.23
2012.11.16 01:53:59.877,1.0364,1.03655,1.50,2.48
2012.11.16 01:53:59.997,1.0364,1.03655,1.73,1.73
2012.11.16 01:54:00.297,1.03642,1.03655,2.25,1.73
2012.11.16 01:54:00.656,1.03642,1.03658,3.00,3.98
2012.11.16 01:54:01.336,1.03642,1.03658,3.23,3.23
2012.11.16 01:54:04.486,1.03643,1.0366,3.23,1.73
2012.11.16 01:54:04.727,1.03646,1.0366,1.50,2.48
2012.11.16 01:54:11.137,1.03645,1.03658,1.73,1.73
2012.11.16 01:54:11.256,1.03644,1.03659,2.48,1.73
2012.11.16 01:54:13.046,1.03644,1.03658,2.48,1.73
2012.11.16 01:54:13.227,1.03643,1.03658,1.50,3.23
2012.11.16 01:54:14.999,1.03643,1.03658,1.50,3.23
2012.11.16 01:54:15.536,1.03641,1.03656,1.50,1.73
2012.11.16 01:54:16.067,1.03641,1.03656,1.50,1.73
2012.11.16 01:54:16.669,1.03641,1.03656,1.50,1.73
2012.11.16 01:54:17.436,1.03641,1.03656,1.50,1.73
2012.11.16 01:54:21.167,1.03641,1.03655,1.50,2.48
2012.11.16 01:54:21.686,1.0364,1.03655,1.73,2.48
2012.11.16 01:54:24.587,1.0364,1.03655,1.73,1.73
2012.11.16 01:54:25.008,1.03642,1.03655,1.73,1.50
2012.11.16 01:54:25.128,1.0364,1.03654,1.50,2.48
2012.11.16 01:54:25.247,1.0364,1.03654,1.73,2.48
2012.11.16 01:54:25.487,1.03638,1.03655,1.73,3.98
2012.11.16 01:54:37.107,1.03637,1.03653,2.85,2.48
2012.11.16 01:54:37.167,1.03637,1.03653,2.63,2.48
2012.11.16 01:54:38.167,1.03638,1.03653,1.73,3.98
2012.11.16 01:54:38.527,1.03639,1.03654,1.50,2.48
2012.11.16 01:54:38.959,1.03638,1.03654,3.00,2.48
2012.11.16 01:54:39.556,1.03638,1.03654,3.00,2.48
2012.11.16 01:54:40.114,1.03638,1.03654,3.00,2.48
2012.11.16 01:54:40.558,1.03638,1.03654,3.00,2.48
2012.11.16 01:54:44.129,1.03639,1.03656,2.48,3.98
2012.11.16 01:54:52.096,1.03639,1.03656,2.48,3.98
2012.11.16 01:54:52.217,1.03641,1.03656,2.25,2.48
2012.11.16 01:54:53.156,1.03639,1.03657,2.85,2.48
2012.11.16 01:54:55.417,1.03642,1.03657,1.73,3.23
2012.11.16 01:54:55.967,1.03644,1.0366,2.48,3.23
2012.11.16 01:54:58.096,1.03644,1.0366,2.48,3.23
2012.11.16 01:55:09.820,1.03644,1.03658,2.25,1.73
2012.11.16 01:55:11.567,1.03645,1.0366,1.50,3.23
2012.11.16 01:55:11.627,1.03645,1.0366,1.73,3.98
2012.11.16 01:55:12.383,1.03646,1.03661,2.48,2.85
2012.11.16 01:55:13.017,1.03644,1.0366,1.35,3.98
2012.11.16 01:55:13.633,1.03644,1.0366,1.35,3.98
2012.11.16 01:55:16.337,1.03646,1.0366,2.48,1.73
2012.11.16 01:55:18.887,1.03646,1.0366,1.73,1.73
2012.11.16 01:55:19.427,1.03646,1.03659,2.48,1.73
2012.11.16 01:55:21.347,1.03646,1.0366,2.25,1.73
2012.11.16 01:55:21.856,1.03644,1.03659,1.13,2.48
2012.11.16 01:55:28.998,1.03646,1.0366,1.50,1.73
2012.11.16 01:55:29.057,1.03646,1.03662,1.73,3.23
2012.11.16 01:55:29.299,1.03646,1.03662,3.23,1.73
2012.11.16 01:55:29.427,1.03644,1.03662,3.23,3.23
2012.11.16 01:55:37.687,1.03644,1.03658,2.10,3.23
2012.11.16 01:55:37.877,1.03646,1.03662,2.48,3.23
2012.11.16 01:55:39.428,1.03648,1.03662,1.73,2.48
2012.11.16 01:55:41.175,1.03648,1.03662,1.73,1.73
2012.11.16 01:55:41.237,1.03648,1.03662,1.73,1.73
2012.11.16 01:55:41.957,1.03647,1.03662,1.73,2.48
2012.11.16 01:55:45.268,1.03646,1.03664,3.23,3.23
2012.11.16 01:55:45.509,1.0365,1.03665,2.63,1.73
2012.11.16 01:55:45.628,1.0365,1.03666,2.85,3.23
2012.11.16 01:55:49.587,1.03652,1.03669,1.73,3.60
2012.11.16 01:55:50.616,1.03651,1.03669,4.73,3.23
2012.11.16 01:55:50.976,1.03651,1.03669,4.73,3.98
2012.11.16 01:55:51.217,1.03651,1.03669,4.73,3.98
2012.11.16 01:55:54.507,1.03651,1.03669,3.60,3.98
2012.11.16 01:55:54.857,1.03651,1.03669,3.60,3.23
2012.11.16 01:55:58.008,1.03651,1.03669,3.60,3.23
2012.11.16 01:56:01.104,1.03652,1.03669,1.50,3.23
2012.11.16 01:56:04.557,1.03651,1.03669,3.23,3.23
2012.11.16 01:56:20.747,1.03652,1.03667,1.35,2.48
2012.11.16 01:56:20.928,1.03651,1.03666,2.25,1.73
2012.11.16 01:56:21.047,1.03649,1.03663,1.50,2.10
2012.11.16 01:56:22.999,1.03648,1.03663,1.50,2.10
2012.11.16 01:56:23.596,1.03644,1.03659,3.00,2.48
2012.11.16 01:56:24.265,1.03644,1.03657,3.00,1.73
2012.11.16 01:56:24.808,1.03644,1.03657,3.00,1.73
2012.11.16 01:56:25.368,1.03647,1.03659,2.25,1.73
2012.11.16 01:56:26.218,1.03647,1.03659,2.25,1.73
2012.11.16 01:56:26.337,1.03647,1.03659,2.25,1.73
2012.11.16 01:56:28.937,1.03647,1.0366,2.25,1.73
2012.11.16 01:56:29.297,1.03643,1.03658,3.00,1.73
2012.11.16 01:56:29.538,1.03645,1.03658,1.50,1.73
2012.11.16 01:56:40.154,1.03645,1.03658,3.00,1.73
2012.11.16 01:56:41.107,1.03645,1.03658,2.25,1.73
2012.11.16 01:56:41.287,1.03643,1.03658,2.25,1.73
2012.11.16 01:56:41.418,1.03643,1.03658,2.25,1.73
2012.11.16 01:56:44.708,1.03642,1.03658,3.00,1.73
2012.11.16 01:56:45.127,1.03642,1.03658,3.23,1.73
2012.11.16 01:56:45.667,1.03646,1.03658,3.00,1.73
2012.11.16 01:56:51.048,1.03646,1.03658,3.00,1.73
2012.11.16 01:56:51.620,1.03646,1.03658,2.25,1.73
2012.11.16 01:56:58.209,1.03644,1.03658,2.25,1.73
2012.11.16 01:56:58.716,1.03644,1.03658,2.25,1.73
2012.11.16 01:57:00.346,1.03644,1.0366,2.25,3.98
2012.11.16 01:57:00.407,1.03645,1.0366,1.50,3.23
2012.11.16 01:57:01.173,1.03645,1.0366,1.50,3.98
2012.11.16 01:57:01.912,1.03645,1.0366,1.50,3.98
2012.11.16 01:57:19.217,1.03645,1.0366,1.50,2.48
2012.11.16 01:57:19.727,1.03645,1.03661,1.50,2.48
2012.11.16 01:57:19.796,1.03645,1.03661,1.50,2.48
2012.11.16 01:57:20.337,1.03647,1.03661,1.50,2.48
2012.11.16 01:57:21.987,1.03643,1.03658,1.35,1.73
2012.11.16 01:57:22.526,1.03642,1.03656,1.73,3.98
2012.11.16 01:57:23.044,1.03641,1.03656,2.48,3.98
2012.11.16 01:57:23.977,1.03641,1.03656,1.73,3.98
2012.11.16 01:57:24.307,1.0364,1.03656,3.23,4.73
2012.11.16 01:57:25.457,1.0364,1.03652,2.48,1.73
2012.11.16 01:57:25.638,1.03639,1.03651,1.50,1.73
2012.11.16 01:57:25.758,1.03634,1.03649,1.73,1.73
2012.11.16 01:57:26.454,1.03632,1.03648,1.73,2.48
2012.11.16 01:57:26.527,1.03631,1.03647,2.48,1.73
2012.11.16 01:57:28.956,1.03628,1.03645,2.48,2.10
2012.11.16 01:57:29.077,1.03627,1.03643,3.83,3.60
2012.11.16 01:57:29.137,1.03627,1.03643,2.85,4.35
2012.11.16 01:57:30.697,1.03627,1.03642,1.50,1.73
2012.11.16 01:57:33.118,1.03628,1.03641,1.73,1.73
2012.11.16 01:57:33.746,1.03631,1.03645,1.50,3.23
2012.11.16 01:57:34.658,1.03631,1.03645,1.73,1.73
2012.11.16 01:57:34.778,1.03631,1.03645,1.73,1.73
2012.11.16 01:57:35.081,1.03634,1.03646,1.50,2.10
2012.11.16 01:57:35.698,1.03633,1.03646,3.00,2.48
2012.11.16 01:57:35.760,1.03633,1.03646,3.00,2.48
2012.11.16 01:57:36.317,1.03634,1.03647,1.73,1.73
2012.11.16 01:57:38.936,1.03634,1.03647,1.50,1.73
2012.11.16 01:57:38.996,1.03634,1.03647,1.50,1.73
2012.11.16 01:57:39.057,1.03634,1.03647,1.50,1.73
2012.11.16 01:57:39.419,1.03635,1.03648,2.25,1.73
2012.11.16 01:57:41.907,1.03633,1.03649,1.73,2.48
2012.11.16 01:57:43.727,1.03637,1.0365,1.50,1.35
2012.11.16 01:57:44.088,1.03641,1.03652,1.73,1.50
2012.11.16 01:57:44.468,1.03641,1.03654,1.73,1.50
2012.11.16 01:57:45.547,1.03641,1.03654,1.73,3.00
2012.11.16 01:57:45.807,1.03639,1.03654,1.73,3.23
2012.11.16 01:57:47.656,1.03639,1.03652,1.73,2.48
2012.11.16 01:57:47.837,1.03637,1.03651,1.50,1.35
2012.11.16 01:57:48.950,1.03637,1.03651,1.50,1.35
2012.11.16 01:57:49.987,1.03638,1.03651,1.73,1.13
2012.11.16 01:57:50.357,1.0364,1.03652,1.50,1.73
2012.11.16 01:57:50.598,1.03642,1.03652,1.50,1.50
2012.11.16 01:57:50.837,1.03641,1.03657,1.73,1.73
2012.11.16 01:57:52.658,1.03642,1.03658,1.73,3.98
2012.11.16 01:57:56.028,1.03642,1.03657,1.73,1.35
2012.11.16 01:58:12.027,1.03641,1.03656,1.73,1.73
2012.11.16 01:58:12.148,1.03639,1.03656,3.23,3.23
2012.11.16 01:58:12.487,1.0364,1.03656,1.73,3.98
2012.11.16 01:58:16.958,1.03641,1.03656,1.50,1.73
2012.11.16 01:58:17.691,1.03641,1.03656,1.73,1.73
2012.11.16 01:58:17.757,1.03642,1.03656,1.73,1.73
2012.11.16 01:58:19.539,1.03641,1.03656,1.73,1.73
2012.11.16 01:58:20.078,1.03641,1.03656,1.73,1.73
2012.11.16 01:58:21.307,1.0364,1.03652,2.48,1.50
2012.11.16 01:58:21.550,1.03637,1.03653,3.23,2.48
2012.11.16 01:58:21.927,1.03638,1.03653,1.73,2.48
2012.11.16 01:58:22.106,1.03638,1.03656,3.23,4.73
2012.11.16 01:58:23.916,1.03641,1.03656,1.73,3.98
2012.11.16 01:58:24.218,1.03645,1.03656,1.50,1.73
2012.11.16 01:58:24.578,1.03648,1.03657,1.50,2.25
2012.11.16 01:58:24.880,1.03649,1.03661,1.50,1.73
2012.11.16 01:58:25.332,1.03652,1.03662,1.50,1.13
2012.11.16 01:58:25.866,1.03651,1.03665,1.13,1.73
2012.11.16 01:58:26.701,1.0365,1.03664,3.00,2.48
2012.11.16 01:58:26.887,1.03644,1.03657,1.50,1.73
2012.11.16 01:58:27.068,1.03644,1.03659,2.48,2.48
2012.11.16 01:58:27.489,1.03644,1.03659,3.23,2.48
2012.11.16 01:58:32.328,1.03644,1.03662,3.98,3.98
2012.11.16 01:58:32.747,1.03643,1.03658,1.73,2.48
2012.11.16 01:58:32.806,1.03643,1.03658,1.50,2.48
2012.11.16 01:58:33.287,1.03643,1.03657,2.25,1.73
2012.11.16 01:58:38.741,1.03643,1.03657,2.25,1.73
2012.11.16 01:58:40.287,1.03643,1.03657,2.25,1.73
2012.11.16 01:58:40.467,1.03643,1.03657,3.23,1.73
2012.11.16 01:58:43.946,1.03643,1.03657,3.23,1.73
2012.11.16 01:58:45.177,1.03644,1.03659,1.73,3.98
2012.11.16 01:58:46.660,1.03644,1.03659,1.73,3.23
2012.11.16 01:58:48.196,1.03644,1.03658,1.73,1.73
2012.11.16 01:58:48.827,1.03644,1.03658,1.50,1.73
2012.11.16 01:58:49.337,1.03645,1.03658,2.48,1.73
2012.11.16 01:58:51.166,1.03645,1.03661,2.48,2.48
2012.11.16 01:58:51.767,1.03644,1.03657,1.50,1.73
2012.11.16 01:58:52.532,1.03643,1.03657,2.25,1.73
2012.11.16 01:58:53.210,1.03643,1.03657,1.50,1.73
2012.11.16 01:58:53.956,1.03643,1.03657,1.50,1.73
2012.11.16 01:58:54.016,1.03643,1.03657,3.23,1.73
2012.11.16 01:58:58.377,1.03643,1.03659,4.73,1.73
2012.11.16 01:58:58.736,1.03643,1.03656,1.88,1.73
2012.11.16 01:59:00.676,1.03643,1.03656,3.00,1.73
2012.11.16 01:59:00.797,1.03643,1.03659,3.98,1.35
2012.11.16 01:59:02.278,1.03643,1.03656,2.48,2.25
2012.11.16 01:59:02.576,1.03636,1.0365,2.25,3.23
2012.11.16 01:59:03.117,1.03636,1.0365,2.25,2.48
2012.11.16 01:59:07.152,1.03634,1.0365,3.00,1.73
2012.11.16 01:59:08.478,1.03634,1.03646,2.25,1.58
2012.11.16 01:59:08.968,1.03628,1.03644,2.10,1.58
2012.11.16 01:59:09.148,1.0363,1.03644,1.50,1.58
2012.11.16 01:59:09.517,1.03632,1.03644,1.50,1.73
2012.11.16 01:59:09.577,1.03632,1.03644,1.73,1.50
2012.11.16 01:59:09.756,1.03635,1.03644,1.50,1.50
2012.11.16 01:59:10.027,1.03635,1.03647,1.50,1.73
2012.11.16 01:59:10.146,1.03633,1.03647,1.73,1.73
2012.11.16 01:59:10.448,1.03633,1.03647,1.73,1.73
2012.11.16 01:59:11.046,1.03633,1.03647,1.73,1.73
2012.11.16 01:59:12.646,1.03635,1.0365,1.50,4.73
2012.11.16 01:59:13.231,1.03635,1.0365,1.50,4.73
2012.11.16 01:59:17.176,1.03635,1.03649,1.50,1.35
2012.11.16 01:59:19.667,1.03632,1.03645,4.58,1.50
2012.11.16 01:59:19.728,1.03632,1.03645,2.25,1.73
2012.11.16 01:59:20.127,1.03631,1.03645,2.48,1.73
2012.11.16 01:59:20.487,1.03634,1.03649,2.25,1.35
2012.11.16 01:59:21.007,1.03635,1.0365,1.35,2.48
2012.11.16 01:59:25.968,1.03634,1.03647,2.10,1.73
2012.11.16 01:59:26.087,1.03632,1.03647,2.25,2.48
2012.11.16 01:59:26.388,1.03632,1.03647,2.48,1.73
2012.11.16 01:59:26.568,1.03633,1.03649,2.48,1.35
2012.11.16 01:59:27.047,1.03635,1.0365,2.25,1.73
2012.11.16 01:59:27.578,1.03635,1.03651,2.25,2.48
2012.11.16 01:59:29.937,1.03635,1.03651,2.25,1.73
2012.11.16 01:59:30.068,1.03638,1.03651,1.50,1.73
2012.11.16 01:59:30.247,1.03635,1.03651,3.98,1.73
2012.11.16 01:59:31.072,1.03635,1.03651,3.98,1.73
2012.11.16 01:59:33.147,1.03637,1.03653,2.25,2.48
2012.11.16 01:59:40.746,1.03637,1.03653,2.63,2.48
2012.11.16 01:59:51.731,1.0364,1.03649,1.50,2.25
2012.11.16 01:59:52.386,1.03638,1.0365,2.48,1.50
2012.11.16 01:59:52.933,1.03638,1.03651,1.50,1.73
2012.11.16 01:59:53.338,1.03639,1.03654,1.50,4.73
2012.11.16 01:59:54.798,1.03639,1.03654,2.10,3.23
2012.11.16 01:59:55.217,1.03638,1.03653,1.50,1.73
2012.11.16 01:59:55.458,1.03636,1.03652,3.60,2.48
2012.11.16 01:59:55.697,1.03638,1.03652,2.25,3.23
2012.11.16 01:59:55.938,1.03638,1.03652,1.73,2.48
2012.11.16 01:59:56.057,1.03638,1.0365,1.50,1.35
2012.11.16 01:59:56.643,1.03639,1.0365,2.25,1.35
2012.11.16 01:59:56.722,1.03639,1.03655,2.25,3.23
