2010.10.14 21:00:08.575,1.14725,1.1477,1.00,1.00
2010.10.14 21:00:16.836,1.14725,1.1477,1.00,1.00
2010.10.14 21:00:17.137,1.14725,1.1477,1.00,1.00
2010.10.14 21:00:26.412,1.1472,1.1477,1.00,1.00
2010.10.14 21:00:26.586,1.1472,1.14765,1.00,1.00
2010.10.14 21:00:41.476,1.1472,1.14765,1.00,1.00
2010.10.14 21:00:41.875,1.1472,1.1476,1.00,1.00
2010.10.14 21:00:43.375,1.1472,1.1477,1.00,1.00
2010.10.14 21:00:43.607,1.1472,1.1476,1.00,1.00
2010.10.14 21:00:43.826,1.14715,1.1476,1.00,1.00
2010.10.14 21:00:45.737,1.1472,1.1476,1.00,1.00
2010.10.14 21:00:45.921,1.1472,1.1476,1.00,1.00
2010.10.14 21:00:47.018,1.14715,1.1476,1.00,1.00
2010.10.14 21:00:47.306,1.14715,1.1476,1.00,1.00
2010.10.14 21:00:48.547,1.1472,1.1476,1.00,1.00
2010.10.14 21:00:51.106,1.14715,1.14755,1.00,1.00
2010.10.14 21:00:52.796,1.1472,1.14755,1.00,1.00
2010.10.14 21:00:53.276,1.1472,1.14755,1.00,1.00
2010.10.14 21:00:56.876,1.14725,1.14755,1.00,1.00
2010.10.14 21:00:57.627,1.1473,1.14755,1.00,1.00
2010.10.14 21:00:59.231,1.1474,1.14755,1.00,1.00
2010.10.14 21:00:59.776,1.14735,1.14755,1.00,1.00
2010.10.14 21:01:00.076,1.14735,1.14755,1.00,1.00
2010.10.14 21:01:02.218,1.1474,1.14755,1.00,1.00
2010.10.14 21:01:02.365,1.1474,1.14765,1.00,1.00
2010.10.14 21:01:03.988,1.14735,1.14765,1.00,1.00
2010.10.14 21:01:04.519,1.14735,1.14765,1.00,1.00
2010.10.14 21:01:04.837,1.1473,1.14765,1.00,1.00
2010.10.14 21:01:06.576,1.1474,1.14765,1.00,1.00
2010.10.14 21:01:08.377,1.1474,1.1477,1.00,1.00
2010.10.14 21:01:12.186,1.1473,1.14765,1.00,1.00
2010.10.14 21:01:12.306,1.1472,1.1476,1.00,1.60
2010.10.14 21:01:12.426,1.1474,1.1476,1.00,1.60
2010.10.14 21:01:12.546,1.1474,1.1477,1.00,1.00
2010.10.14 21:01:15.965,1.1474,1.14775,1.00,1.00
2010.10.14 21:01:20.527,1.14745,1.14775,1.00,1.00
2010.10.14 21:01:35.746,1.14745,1.14775,1.00,1.00
2010.10.14 21:01:37.376,1.14745,1.1478,1.00,1.00
2010.10.14 21:01:51.735,1.14745,1.14785,1.00,1.00
2010.10.14 21:01:53.436,1.14745,1.14785,1.00,1.00
2010.10.14 21:01:53.977,1.14745,1.14785,1.00,1.00
2010.10.14 21:02:00.817,1.1474,1.14785,1.00,1.00
2010.10.14 21:02:00.986,1.14745,1.14785,1.00,1.00
2010.10.14 21:02:06.757,1.14745,1.14785,2.50,2.80
2010.10.14 21:02:12.775,1.14745,1.14785,2.40,2.70
2010.10.14 21:02:18.358,1.1474,1.1478,2.50,2.50
2010.10.14 21:02:18.507,1.1474,1.1478,2.50,3.30
2010.10.14 21:02:21.707,1.1474,1.1478,2.50,2.60
2010.10.14 21:02:22.775,1.1474,1.14775,2.40,1.00
2010.10.14 21:02:23.073,1.1474,1.14775,2.40,1.00
2010.10.14 21:02:25.325,1.1474,1.14775,2.40,1.00
2010.10.14 21:02:25.547,1.1474,1.1478,2.50,3.00
2010.10.14 21:02:32.241,1.14745,1.1478,1.00,2.80
2010.10.14 21:02:32.386,1.14745,1.1478,2.50,1.00
2010.10.14 21:02:34.697,1.14745,1.1478,2.50,1.00
2010.10.14 21:02:35.522,1.14745,1.1478,2.50,1.00
2010.10.14 21:02:51.028,1.14745,1.1478,1.00,3.40
2010.10.14 21:02:51.234,1.1474,1.1478,2.50,2.70
2010.10.14 21:02:55.378,1.1474,1.1478,2.40,2.60
2010.10.14 21:02:55.556,1.1474,1.1478,2.40,3.50
2010.10.14 21:03:00.437,1.1474,1.1478,2.40,2.50
2010.10.14 21:03:00.656,1.1474,1.1478,2.40,2.50
2010.10.14 21:03:01.542,1.1474,1.1478,2.40,2.60
2010.10.14 21:03:25.192,1.1473,1.1477,3.20,2.40
2010.10.14 21:03:31.331,1.14735,1.1477,1.00,2.40
2010.10.14 21:03:31.540,1.14745,1.1478,2.40,1.00
2010.10.14 21:03:31.741,1.14745,1.1478,2.50,1.00
2010.10.14 21:03:34.545,1.14745,1.1478,2.50,1.00
2010.10.14 21:03:49.817,1.14745,1.14785,2.50,2.60
2010.10.14 21:03:50.907,1.14745,1.14785,2.50,8.60
2010.10.14 21:03:58.544,1.14745,1.14785,2.40,8.70
2010.10.14 21:03:58.892,1.14745,1.14785,2.50,8.60
2010.10.14 21:04:07.117,1.1475,1.14785,1.00,8.60
2010.10.14 21:04:08.157,1.14745,1.14785,2.40,8.80
2010.10.14 21:04:08.228,1.1475,1.14785,1.00,8.60
2010.10.14 21:04:08.628,1.1475,1.14785,1.00,10.00
2010.10.14 21:04:08.717,1.14735,1.1477,1.00,2.40
2010.10.14 21:04:09.327,1.14735,1.1477,1.00,2.40
2010.10.14 21:04:11.237,1.14735,1.1477,1.00,2.70
2010.10.14 21:04:11.487,1.14735,1.1477,1.00,2.80
2010.10.14 21:04:17.087,1.14735,1.1477,1.00,2.80
2010.10.14 21:04:20.937,1.14735,1.1477,1.00,2.80
2010.10.14 21:04:21.835,1.14735,1.1477,1.00,2.60
2010.10.14 21:04:23.259,1.14735,1.1477,1.00,2.60
2010.10.14 21:04:23.467,1.14735,1.1477,1.00,2.60
2010.10.14 21:04:49.015,1.14735,1.1477,1.00,2.60
2010.10.14 21:04:51.858,1.1473,1.1477,3.30,2.60
2010.10.14 21:05:00.415,1.1473,1.1477,3.70,2.60
2010.10.14 21:05:01.889,1.14735,1.1477,1.00,2.60
2010.10.14 21:05:27.624,1.1474,1.1477,1.00,2.60
2010.10.14 21:05:33.815,1.1474,1.1477,1.00,2.40
2010.10.14 21:05:48.271,1.14735,1.1477,1.00,2.40
2010.10.14 21:05:48.533,1.1474,1.1477,1.00,2.40
2010.10.14 21:05:48.971,1.14735,1.1477,1.00,2.40
2010.10.14 21:05:49.928,1.1474,1.1477,1.00,2.40
2010.10.14 21:05:50.530,1.1474,1.1477,1.00,2.40
2010.10.14 21:05:54.049,1.14735,1.1477,1.00,2.40
2010.10.14 21:05:54.418,1.1474,1.1477,1.00,2.40
2010.10.14 21:05:59.821,1.1473,1.1477,2.50,2.40
2010.10.14 21:06:00.019,1.1473,1.1477,2.40,2.40
2010.10.14 21:06:00.219,1.14725,1.14765,1.00,2.40
2010.10.14 21:06:00.418,1.1472,1.14765,2.50,2.40
2010.10.14 21:06:04.238,1.1472,1.14765,2.40,2.40
2010.10.14 21:06:04.298,1.14715,1.14765,1.00,2.40
2010.10.14 21:06:04.510,1.14705,1.14755,2.40,2.40
2010.10.14 21:06:04.718,1.14705,1.14755,3.20,3.20
2010.10.14 21:06:04.929,1.1471,1.14755,1.00,3.20
2010.10.14 21:06:05.348,1.14705,1.14755,2.50,3.30
2010.10.14 21:06:05.559,1.14705,1.1475,2.40,1.00
2010.10.14 21:06:05.830,1.14705,1.1475,2.50,1.00
2010.10.14 21:06:07.668,1.14705,1.1475,2.50,1.00
2010.10.14 21:06:12.198,1.14705,1.1475,2.40,1.00
2010.10.14 21:06:12.719,1.147,1.14745,1.00,1.00
2010.10.14 21:06:12.958,1.147,1.14745,1.00,1.00
2010.10.14 21:06:14.210,1.147,1.14745,1.00,2.60
2010.10.14 21:06:15.592,1.14705,1.14745,1.00,2.60
2010.10.14 21:06:16.300,1.14705,1.14745,1.00,2.40
2010.10.14 21:06:16.651,1.14705,1.14745,1.00,2.40
2010.10.14 21:06:16.998,1.147,1.1474,3.30,1.00
2010.10.14 21:06:17.698,1.147,1.1473,1.00,2.80
2010.10.14 21:06:18.382,1.14705,1.1473,1.00,2.80
2010.10.14 21:06:18.590,1.14705,1.14725,1.00,1.00
2010.10.14 21:06:18.802,1.147,1.14725,1.00,1.00
2010.10.14 21:06:19.012,1.14695,1.14725,1.00,1.00
2010.10.14 21:06:19.587,1.147,1.14725,2.40,1.00
2010.10.14 21:06:19.942,1.147,1.14725,1.00,1.00
2010.10.14 21:06:20.284,1.147,1.14725,1.00,1.00
2010.10.14 21:06:20.635,1.147,1.14725,2.50,1.00
2010.10.14 21:06:21.371,1.14695,1.14725,3.30,1.00
2010.10.14 21:06:21.693,1.14695,1.14725,2.50,1.00
2010.10.14 21:06:22.891,1.14695,1.14725,2.40,1.00
2010.10.14 21:06:23.092,1.1469,1.14725,2.40,1.00
2010.10.14 21:06:23.692,1.1469,1.14715,2.40,1.00
2010.10.14 21:06:24.256,1.14675,1.14715,2.40,3.20
2010.10.14 21:06:24.489,1.14675,1.14715,2.40,2.40
2010.10.14 21:06:24.950,1.1467,1.14705,2.40,2.40
2010.10.14 21:06:26.169,1.1467,1.14705,2.40,1.00
2010.10.14 21:06:26.619,1.1467,1.1471,2.40,3.20
2010.10.14 21:06:27.388,1.1467,1.1471,2.40,2.40
2010.10.14 21:06:29.999,1.1467,1.1471,2.40,2.60
2010.10.14 21:06:34.458,1.1467,1.1471,2.40,2.80
2010.10.14 21:06:36.821,1.1467,1.14705,2.40,2.40
2010.10.14 21:06:37.141,1.1466,1.14685,1.00,2.40
2010.10.14 21:06:37.627,1.1466,1.14685,1.00,2.40
2010.10.14 21:06:37.937,1.1467,1.14705,2.40,3.20
2010.10.14 21:06:39.467,1.1467,1.14705,2.40,2.60
2010.10.14 21:06:40.060,1.1467,1.14705,2.40,2.80
2010.10.14 21:06:41.387,1.1467,1.14705,2.40,3.30
2010.10.14 21:06:43.040,1.14665,1.147,2.40,1.00
2010.10.14 21:06:43.259,1.1466,1.147,2.40,3.20
2010.10.14 21:06:44.039,1.1466,1.147,2.40,2.50
2010.10.14 21:06:45.889,1.1466,1.147,2.40,2.80
2010.10.14 21:06:47.171,1.1467,1.147,2.40,1.00
2010.10.14 21:06:47.489,1.14675,1.147,2.40,1.00
2010.10.14 21:06:47.598,1.14675,1.147,2.40,1.00
2010.10.14 21:06:49.731,1.14675,1.147,2.40,1.00
2010.10.14 21:07:35.560,1.1467,1.147,2.40,1.00
2010.10.14 21:07:36.749,1.1467,1.147,2.40,1.00
2010.10.14 21:07:40.220,1.1467,1.147,2.50,1.00
2010.10.14 21:07:42.836,1.1467,1.147,2.40,1.00
2010.10.14 21:07:48.371,1.1467,1.147,2.50,1.00
2010.10.14 21:07:51.700,1.1467,1.147,2.40,1.00
2010.10.14 21:07:51.838,1.14665,1.147,2.50,1.00
2010.10.14 21:07:51.981,1.14665,1.147,2.40,1.00
2010.10.14 21:07:53.154,1.14665,1.147,2.40,1.00
2010.10.14 21:07:53.392,1.14665,1.147,2.50,1.00
2010.10.14 21:07:53.623,1.14665,1.147,2.40,1.00
2010.10.14 21:07:53.963,1.1466,1.147,2.40,2.40
2010.10.14 21:07:55.332,1.1466,1.147,2.40,2.40
2010.10.14 21:07:55.642,1.14665,1.147,2.40,1.00
2010.10.14 21:07:55.952,1.14665,1.147,3.30,1.00
2010.10.14 21:07:56.163,1.14665,1.147,2.40,1.00
2010.10.14 21:08:07.780,1.14695,1.147,1.00,1.00
2010.10.14 21:08:07.878,1.14695,1.14755,2.40,1.00
2010.10.14 21:08:08.325,1.14695,1.14775,2.40,3.20
2010.10.14 21:08:08.430,1.14695,1.1477,2.40,2.40
2010.10.14 21:08:10.652,1.14695,1.14755,2.50,1.00
2010.10.14 21:08:10.850,1.14695,1.1475,2.40,1.40
2010.10.14 21:08:11.052,1.14695,1.1471,2.40,1.00
2010.10.14 21:08:13.790,1.1469,1.147,1.00,1.00
2010.10.14 21:08:22.980,1.14695,1.1476,2.40,1.40
2010.10.14 21:08:23.200,1.14695,1.1477,2.40,2.40
2010.10.14 21:08:24.831,1.14695,1.1475,2.40,2.40
2010.10.14 21:08:25.978,1.14695,1.1475,2.40,2.50
2010.10.14 21:08:26.220,1.14695,1.14735,2.40,2.40
2010.10.14 21:08:31.169,1.14695,1.14745,2.40,2.40
2010.10.14 21:08:33.909,1.14695,1.1475,2.40,1.60
2010.10.14 21:08:34.069,1.14695,1.1476,2.40,2.40
2010.10.14 21:08:48.169,1.147,1.1471,2.40,1.00
2010.10.14 21:08:48.737,1.14695,1.1477,2.40,2.40
2010.10.14 21:08:48.957,1.14695,1.1477,2.40,3.20
2010.10.14 21:08:49.170,1.14695,1.1477,2.40,2.40
2010.10.14 21:09:07.213,1.14695,1.1476,2.40,2.50
2010.10.14 21:09:09.725,1.14695,1.1475,2.40,1.00
2010.10.14 21:09:09.834,1.14695,1.14745,2.40,2.40
2010.10.14 21:09:29.120,1.147,1.14745,2.40,2.40
2010.10.14 21:09:29.246,1.14695,1.14745,2.40,2.40
2010.10.14 21:09:43.489,1.147,1.14745,2.40,2.40
2010.10.14 21:09:48.891,1.14695,1.14745,2.40,2.40
2010.10.14 21:10:09.190,1.147,1.14745,2.40,2.40
2010.10.14 21:10:09.299,1.1471,1.1475,2.40,3.20
2010.10.14 21:10:09.519,1.14705,1.14745,2.40,2.40
2010.10.14 21:10:11.640,1.14705,1.14745,2.50,2.40
2010.10.14 21:10:25.051,1.147,1.1474,2.50,2.40
2010.10.14 21:10:25.549,1.147,1.1474,2.40,2.40
2010.10.14 21:10:38.322,1.14705,1.14745,2.40,2.40
2010.10.14 21:10:43.705,1.14705,1.14745,2.40,3.20
2010.10.14 21:10:45.952,1.14705,1.14745,2.50,2.40
2010.10.14 21:10:46.209,1.1471,1.1475,2.40,3.20
2010.10.14 21:10:52.550,1.1471,1.1475,2.40,3.20
2010.10.14 21:10:53.970,1.14705,1.14745,2.40,3.20
2010.10.14 21:10:55.960,1.14705,1.14745,2.40,3.20
2010.10.14 21:10:58.997,1.147,1.1474,2.50,2.40
2010.10.14 21:10:59.108,1.147,1.1474,2.40,2.40
2010.10.14 21:10:59.993,1.147,1.1474,2.50,2.40
2010.10.14 21:11:02.369,1.1471,1.14745,2.40,1.00
2010.10.14 21:11:02.951,1.1471,1.1475,2.40,3.30
2010.10.14 21:11:04.170,1.1471,1.1475,2.40,3.20
2010.10.14 21:11:09.820,1.1471,1.14745,2.40,1.00
2010.10.14 21:11:10.265,1.147,1.1474,2.50,2.40
2010.10.14 21:11:10.464,1.14705,1.1474,1.00,2.40
2010.10.14 21:11:11.040,1.147,1.1474,2.40,2.40
2010.10.14 21:11:11.290,1.147,1.1474,2.40,2.40
2010.10.14 21:11:11.539,1.147,1.1474,2.50,3.20
2010.10.14 21:11:18.172,1.147,1.1474,2.40,3.20
2010.10.14 21:11:18.648,1.147,1.14735,2.40,1.00
2010.10.14 21:11:19.993,1.14695,1.14735,2.50,3.20
2010.10.14 21:11:20.561,1.147,1.14735,1.00,3.20
2010.10.14 21:11:20.659,1.14695,1.14735,2.40,3.20
2010.10.14 21:11:27.599,1.14695,1.14735,2.50,3.20
2010.10.14 21:11:28.661,1.147,1.14735,1.00,2.40
2010.10.14 21:11:28.785,1.147,1.14735,1.00,2.40
2010.10.14 21:11:28.909,1.147,1.1474,2.50,3.30
2010.10.14 21:11:31.324,1.14675,1.14705,1.00,1.00
2010.10.14 21:11:31.665,1.14675,1.14715,1.00,3.20
2010.10.14 21:11:32.190,1.14665,1.14715,2.40,3.20
2010.10.14 21:11:42.568,1.1467,1.1471,2.40,3.30
2010.10.14 21:11:43.221,1.14665,1.147,2.40,1.00
2010.10.14 21:11:43.381,1.14655,1.14695,3.30,2.80
2010.10.14 21:11:43.540,1.1466,1.14695,1.00,2.40
2010.10.14 21:11:43.701,1.14665,1.14705,2.40,3.20
2010.10.14 21:11:45.564,1.14665,1.14705,2.40,3.20
2010.10.14 21:11:47.153,1.14665,1.14705,2.40,3.20
2010.10.14 21:11:49.523,1.1466,1.147,2.50,2.40
2010.10.14 21:11:49.705,1.1466,1.147,2.40,3.30
2010.10.14 21:11:58.390,1.1466,1.147,2.40,3.20
2010.10.14 21:11:58.599,1.1466,1.147,2.40,3.30
2010.10.14 21:12:05.320,1.1466,1.14695,2.40,1.00
2010.10.14 21:12:09.908,1.1466,1.147,2.40,3.30
2010.10.14 21:12:21.459,1.1466,1.147,2.40,3.20
2010.10.14 21:12:25.475,1.1466,1.147,2.40,3.20
2010.10.14 21:12:25.736,1.1466,1.147,2.40,3.20
2010.10.14 21:12:25.989,1.1466,1.147,2.40,2.40
2010.10.14 21:12:27.270,1.1466,1.147,2.50,2.40
2010.10.14 21:12:35.131,1.14665,1.14705,2.40,4.10
2010.10.14 21:12:35.978,1.1466,1.147,2.50,2.40
2010.10.14 21:13:04.933,1.1467,1.147,1.00,4.80
2010.10.14 21:13:07.779,1.1467,1.147,1.00,4.00
2010.10.14 21:13:07.918,1.1467,1.147,1.00,4.00
2010.10.14 21:13:15.056,1.1467,1.147,1.00,4.80
2010.10.14 21:13:17.989,1.1467,1.147,1.00,4.00
2010.10.14 21:13:33.033,1.1467,1.147,1.00,1.60
2010.10.14 21:13:41.900,1.1467,1.147,1.00,2.40
2010.10.14 21:13:42.161,1.1467,1.147,1.00,4.80
2010.10.14 21:13:42.420,1.1467,1.147,1.00,4.80
2010.10.14 21:13:54.619,1.1467,1.147,1.00,4.00
2010.10.14 21:13:58.223,1.1467,1.147,1.00,4.10
2010.10.14 21:13:58.400,1.1467,1.147,1.00,4.90
2010.10.14 21:14:01.811,1.1467,1.147,1.00,4.80
2010.10.14 21:14:01.980,1.1467,1.147,3.20,1.60
2010.10.14 21:14:02.072,1.1467,1.14705,3.20,4.40
2010.10.14 21:14:02.160,1.1467,1.14705,3.20,4.00
2010.10.14 21:14:02.761,1.1467,1.14705,3.20,4.00
2010.10.14 21:14:03.031,1.1467,1.14705,3.30,4.00
2010.10.14 21:14:03.395,1.1467,1.14705,3.30,3.20
2010.10.14 21:14:08.051,1.14675,1.14705,2.40,1.00
2010.10.14 21:14:08.183,1.1468,1.1471,1.00,3.60
2010.10.14 21:14:08.724,1.1468,1.1471,1.00,2.40
2010.10.14 21:14:16.921,1.14675,1.1471,3.20,2.40
2010.10.14 21:14:18.536,1.1467,1.14705,3.30,4.00
2010.10.14 21:14:39.520,1.1467,1.14705,3.30,1.60
2010.10.14 21:14:47.611,1.14675,1.14705,2.40,1.60
2010.10.14 21:14:48.106,1.14675,1.14705,2.50,1.00
2010.10.14 21:14:52.452,1.14675,1.14705,2.40,1.00
2010.10.14 21:14:52.636,1.1467,1.14705,3.20,1.00
2010.10.14 21:14:52.921,1.1467,1.14705,3.20,1.00
2010.10.14 21:14:54.194,1.1467,1.14705,3.20,1.70
2010.10.14 21:14:54.330,1.1467,1.14705,1.00,4.10
2010.10.14 21:14:54.734,1.1467,1.147,1.00,1.60
2010.10.14 21:15:17.025,1.1467,1.147,1.00,1.60
2010.10.14 21:15:17.174,1.1467,1.147,3.20,1.60
2010.10.14 21:15:26.502,1.14675,1.147,1.60,3.20
2010.10.14 21:15:26.903,1.14675,1.14695,1.60,1.60
2010.10.14 21:15:30.445,1.14675,1.14695,1.60,3.20
2010.10.14 21:15:57.504,1.14675,1.14695,1.70,1.60
2010.10.14 21:15:57.778,1.1468,1.14695,1.60,1.00
2010.10.14 21:16:02.000,1.1468,1.147,1.60,1.60
2010.10.14 21:16:03.107,1.1468,1.14705,1.60,3.20
2010.10.14 21:16:03.392,1.14685,1.14705,1.60,3.20
2010.10.14 21:16:05.873,1.14685,1.14705,1.60,2.40
2010.10.14 21:16:09.242,1.14685,1.14705,1.70,2.40
2010.10.14 21:16:09.378,1.14685,1.14705,1.70,1.60
2010.10.14 21:16:09.805,1.1469,1.14705,1.00,1.60
2010.10.14 21:16:09.848,1.14695,1.14715,1.60,1.00
2010.10.14 21:16:10.201,1.14695,1.14715,1.60,2.40
2010.10.14 21:16:11.110,1.1469,1.14715,1.60,3.20
2010.10.14 21:16:11.793,1.1469,1.1471,1.60,1.60
2010.10.14 21:16:17.130,1.1469,1.1471,1.60,2.40
2010.10.14 21:16:22.192,1.1469,1.1471,1.60,1.00
2010.10.14 21:16:30.931,1.1469,1.1471,1.60,2.40
2010.10.14 21:16:34.301,1.1469,1.14705,1.60,1.00
2010.10.14 21:16:43.575,1.1468,1.147,3.20,1.00
2010.10.14 21:16:43.764,1.14675,1.147,1.60,2.50
2010.10.14 21:16:44.470,1.14675,1.147,1.60,1.60
2010.10.14 21:16:44.747,1.14675,1.147,4.00,1.60
2010.10.14 21:16:45.014,1.14685,1.147,1.60,1.60
2010.10.14 21:16:49.442,1.14685,1.147,1.60,2.40
2010.10.14 21:16:49.582,1.14685,1.147,1.60,2.40
2010.10.14 21:16:49.652,1.14675,1.147,1.60,2.40
2010.10.14 21:16:49.931,1.14675,1.14695,1.60,1.60
2010.10.14 21:16:50.595,1.14675,1.14695,4.00,1.60
2010.10.14 21:16:50.899,1.14675,1.147,4.00,1.60
2010.10.14 21:16:51.183,1.14685,1.147,1.60,1.60
2010.10.14 21:16:57.039,1.14685,1.14705,1.60,3.20
2010.10.14 21:17:10.454,1.14685,1.14705,1.60,2.40
2010.10.14 21:17:10.791,1.14685,1.147,1.60,1.00
2010.10.14 21:17:13.214,1.1468,1.147,1.60,1.00
2010.10.14 21:17:13.484,1.1468,1.147,1.60,1.60
2010.10.14 21:17:13.932,1.1468,1.147,1.60,3.20
2010.10.14 21:17:19.712,1.14675,1.147,1.60,3.20
2010.10.14 21:18:01.895,1.14675,1.14695,1.60,1.60
2010.10.14 21:18:02.022,1.14675,1.14695,1.60,2.40
2010.10.14 21:18:02.334,1.14675,1.14695,1.60,4.00
2010.10.14 21:18:04.334,1.1467,1.14695,2.40,4.00
2010.10.14 21:18:04.436,1.1467,1.14695,2.40,4.10
2010.10.14 21:18:04.600,1.1467,1.1469,2.40,1.60
2010.10.14 21:18:31.180,1.1467,1.1469,1.00,1.60
2010.10.14 21:18:31.605,1.1467,1.1469,1.00,1.70
2010.10.14 21:18:31.644,1.1467,1.1468,1.00,1.60
2010.10.14 21:18:33.926,1.14665,1.1468,1.00,1.60
2010.10.14 21:18:40.236,1.14655,1.1468,2.40,2.40
2010.10.14 21:18:40.382,1.14655,1.1468,1.60,2.40
2010.10.14 21:18:41.535,1.14655,1.1468,1.60,1.60
2010.10.14 21:19:13.121,1.14655,1.1468,2.40,1.60
2010.10.14 21:20:01.063,1.14655,1.1468,2.40,1.60
2010.10.14 21:20:01.200,1.14655,1.1468,2.40,2.40
2010.10.14 21:20:37.618,1.14655,1.1468,2.40,2.50
2010.10.14 21:20:55.446,1.14655,1.1468,2.40,3.30
2010.10.14 21:21:10.963,1.14655,1.1468,2.40,3.20
2010.10.14 21:21:19.189,1.14655,1.1468,2.40,3.20
2010.10.14 21:21:19.426,1.14655,1.1468,2.40,2.40
2010.10.14 21:21:19.660,1.1466,1.1468,1.60,2.40
2010.10.14 21:21:19.942,1.14655,1.1468,2.40,5.60
2010.10.14 21:21:20.491,1.14655,1.14675,2.40,1.60
2010.10.14 21:21:21.261,1.14655,1.14675,2.40,1.60
2010.10.14 21:21:21.755,1.1465,1.1467,2.40,1.60
2010.10.14 21:22:01.871,1.1465,1.1467,2.40,2.40
2010.10.14 21:22:01.962,1.1465,1.14665,2.40,1.00
2010.10.14 21:22:02.132,1.1465,1.14665,1.00,1.00
2010.10.14 21:22:02.591,1.14645,1.14665,1.60,1.60
2010.10.14 21:22:02.685,1.14645,1.14665,2.40,1.60
2010.10.14 21:22:11.872,1.14645,1.1466,2.40,1.60
2010.10.14 21:22:12.855,1.14645,1.14665,2.40,1.60
2010.10.14 21:22:14.853,1.14645,1.14675,2.40,4.10
2010.10.14 21:22:15.365,1.14655,1.14675,1.60,2.40
2010.10.14 21:22:15.579,1.14655,1.1468,1.60,3.20
2010.10.14 21:22:15.786,1.1466,1.1468,1.60,3.20
2010.10.14 21:22:15.995,1.1466,1.1468,1.60,4.10
2010.10.14 21:22:16.744,1.1466,1.1468,1.60,4.00
2010.10.14 21:22:17.427,1.1466,1.1468,1.60,4.00
2010.10.14 21:22:20.868,1.1466,1.1468,1.60,4.10
2010.10.14 21:22:21.140,1.1466,1.14675,1.60,1.00
2010.10.14 21:22:21.992,1.14655,1.14675,1.60,1.00
2010.10.14 21:22:43.361,1.14655,1.1468,1.60,3.20
2010.10.14 21:22:56.631,1.14655,1.1468,1.60,4.00
2010.10.14 21:22:59.413,1.14655,1.1468,1.60,1.60
2010.10.14 21:22:59.902,1.14665,1.14685,1.60,4.00
2010.10.14 21:23:01.621,1.14665,1.14685,1.60,4.00
2010.10.14 21:23:01.732,1.14665,1.14685,1.60,4.90
2010.10.14 21:23:02.159,1.14665,1.1468,1.60,1.60
2010.10.14 21:23:02.276,1.1466,1.1468,1.60,3.20
2010.10.14 21:23:04.003,1.1466,1.1468,1.60,4.10
2010.10.14 21:23:04.321,1.14655,1.1468,1.60,4.10
2010.10.14 21:23:04.431,1.14655,1.1468,1.60,4.00
2010.10.14 21:23:04.641,1.14655,1.14675,1.60,1.00
2010.10.14 21:23:05.832,1.14655,1.14675,1.60,1.70
2010.10.14 21:23:06.443,1.14655,1.14675,1.60,3.30
2010.10.14 21:23:10.191,1.1465,1.14675,2.40,3.30
2010.10.14 21:23:10.520,1.1465,1.1467,2.40,1.60
2010.10.14 21:24:43.480,1.1465,1.1467,2.40,2.40
2010.10.14 21:24:51.742,1.14645,1.1467,2.40,4.90
2010.10.14 21:24:51.901,1.14645,1.14665,2.40,1.60
2010.10.14 21:25:00.037,1.14645,1.1467,2.40,1.60
2010.10.14 21:25:23.049,1.14645,1.1466,1.00,1.60
2010.10.14 21:25:25.408,1.14645,1.14665,1.00,1.60
2010.10.14 21:25:26.142,1.14645,1.14665,2.40,1.60
2010.10.14 21:25:27.139,1.14645,1.14665,1.00,1.60
2010.10.14 21:25:27.436,1.14645,1.14665,2.40,1.60
2010.10.14 21:25:28.488,1.14645,1.14665,1.60,1.60
2010.10.14 21:25:28.837,1.1464,1.1466,2.40,1.60
2010.10.14 21:25:30.791,1.14645,1.1466,1.00,1.60
2010.10.14 21:25:31.065,1.14645,1.14665,1.00,1.60
2010.10.14 21:25:32.047,1.14645,1.14665,2.40,1.60
2010.10.14 21:25:32.170,1.1464,1.14665,2.40,1.60
2010.10.14 21:25:40.182,1.1464,1.1466,2.40,1.60
2010.10.14 21:25:43.442,1.14635,1.1466,2.40,1.60
2010.10.14 21:25:43.745,1.14635,1.14655,2.40,1.60
2010.10.14 21:25:55.105,1.1464,1.14655,1.00,1.60
2010.10.14 21:25:56.421,1.14635,1.14655,2.40,1.60
2010.10.14 21:25:57.683,1.1464,1.14655,1.00,1.60
2010.10.14 21:25:58.385,1.14635,1.14655,2.40,1.60
2010.10.14 21:26:19.112,1.1464,1.14655,1.00,1.60
2010.10.14 21:26:21.163,1.14645,1.14655,1.00,1.60
2010.10.14 21:26:21.566,1.1464,1.14655,1.00,1.60
2010.10.14 21:26:22.031,1.14645,1.14655,1.00,1.60
2010.10.14 21:26:22.375,1.1464,1.14655,1.00,1.60
2010.10.14 21:26:23.646,1.14645,1.14655,1.00,1.60
2010.10.14 21:26:23.892,1.14645,1.1466,1.00,1.60
2010.10.14 21:26:27.117,1.14645,1.1467,2.40,1.60
2010.10.14 21:26:27.661,1.14645,1.1467,2.40,4.00
2010.10.14 21:26:27.854,1.14645,1.1467,2.40,4.00
2010.10.14 21:26:28.412,1.14645,1.14665,2.40,1.60
2010.10.14 21:26:39.004,1.14645,1.1467,2.40,4.00
2010.10.14 21:26:39.334,1.14645,1.1467,4.80,1.60
2010.10.14 21:26:39.803,1.14645,1.1467,2.40,1.60
2010.10.14 21:26:40.148,1.1465,1.1467,1.60,1.60
2010.10.14 21:26:40.492,1.14645,1.1467,2.40,1.60
2010.10.14 21:26:42.991,1.14645,1.1467,2.40,4.00
2010.10.14 21:26:43.123,1.14645,1.1467,2.40,4.90
2010.10.14 21:26:43.462,1.14645,1.14665,2.40,1.60
2010.10.14 21:26:50.341,1.14645,1.14665,1.00,1.60
2010.10.14 21:27:01.041,1.14645,1.14665,2.40,1.60
2010.10.14 21:27:09.496,1.14645,1.14665,1.00,1.70
2010.10.14 21:27:10.104,1.1464,1.14665,2.40,1.60
2010.10.14 21:27:10.448,1.14645,1.14665,1.00,1.60
2010.10.14 21:27:14.769,1.1464,1.14665,2.40,1.60
2010.10.14 21:27:58.757,1.1464,1.14665,2.40,1.70
2010.10.14 21:27:58.947,1.1464,1.14665,2.40,1.60
2010.10.14 21:27:59.132,1.1464,1.1466,2.40,1.60
2010.10.14 21:28:53.793,1.1464,1.1466,1.00,1.60
2010.10.14 21:28:53.935,1.1464,1.1466,1.00,4.00
2010.10.14 21:28:54.073,1.1464,1.1465,1.00,1.60
2010.10.14 21:29:00.983,1.1464,1.14655,1.00,1.60
2010.10.14 21:29:04.197,1.14645,1.14655,1.00,1.60
2010.10.14 21:29:04.503,1.14645,1.1466,1.00,1.60
2010.10.14 21:29:31.920,1.14645,1.14655,1.00,1.60
2010.10.14 21:29:35.478,1.14645,1.1466,1.00,1.60
2010.10.14 21:29:35.617,1.14645,1.14665,1.00,1.60
2010.10.14 21:30:07.179,1.14645,1.14665,2.40,1.60
2010.10.14 21:30:25.802,1.14645,1.14665,1.00,1.60
2010.10.14 21:30:26.338,1.14645,1.1466,1.00,1.60
2010.10.14 21:30:27.255,1.14645,1.14665,1.00,1.60
2010.10.14 21:30:38.433,1.14645,1.14665,3.20,1.60
2010.10.14 21:30:38.543,1.14645,1.14675,4.00,1.70
2010.10.14 21:30:38.653,1.14645,1.14675,4.00,1.60
2010.10.14 21:30:38.834,1.1465,1.1468,1.00,3.30
2010.10.14 21:30:39.013,1.14655,1.1468,1.60,2.50
2010.10.14 21:30:41.832,1.1465,1.1467,2.40,2.40
2010.10.14 21:30:41.913,1.1465,1.1467,3.20,2.40
2010.10.14 21:30:42.235,1.1465,1.1467,1.60,4.00
2010.10.14 21:30:45.723,1.14645,1.1467,2.40,4.00
2010.10.14 21:30:46.102,1.14645,1.14665,2.40,1.60
2010.10.14 21:30:54.572,1.14645,1.14665,1.00,1.60
2010.10.14 21:31:18.594,1.1465,1.14665,1.00,1.60
2010.10.14 21:31:31.229,1.14645,1.14665,1.00,1.60
2010.10.14 21:31:31.361,1.1464,1.14665,2.40,1.60
2010.10.14 21:31:33.129,1.14645,1.14665,1.00,1.60
2010.10.14 21:31:40.627,1.1464,1.14665,2.40,1.60
2010.10.14 21:31:41.093,1.1464,1.1466,2.40,1.60
2010.10.14 21:31:41.916,1.14645,1.1466,1.00,1.60
2010.10.14 21:31:44.275,1.14645,1.14665,1.00,1.60
2010.10.14 21:31:50.136,1.1464,1.14665,2.40,1.60
2010.10.14 21:32:00.571,1.14645,1.14665,1.60,1.60
2010.10.14 21:32:11.820,1.14645,1.14665,2.40,1.60
2010.10.14 21:32:19.726,1.14645,1.1467,2.40,1.60
2010.10.14 21:32:19.874,1.1465,1.1467,1.60,1.60
2010.10.14 21:32:30.523,1.14645,1.14665,2.40,1.60
2010.10.14 21:32:51.383,1.14645,1.1467,2.40,1.60
2010.10.14 21:32:51.839,1.1465,1.1467,1.60,1.60
2010.10.14 21:33:10.109,1.14645,1.1467,2.40,1.60
2010.10.14 21:33:10.549,1.14645,1.14665,2.40,1.60
2010.10.14 21:33:26.427,1.1465,1.1467,1.60,1.60
2010.10.14 21:33:35.564,1.14645,1.1467,2.40,1.60
2010.10.14 21:33:35.823,1.14645,1.1467,2.40,4.00
2010.10.14 21:33:36.192,1.14645,1.14665,2.40,1.60
2010.10.14 21:33:59.122,1.14645,1.14665,1.00,1.60
2010.10.14 21:33:59.722,1.14645,1.1466,1.00,1.60
2010.10.14 21:34:05.724,1.14645,1.14665,1.00,1.60
2010.10.14 21:34:06.405,1.14645,1.14665,2.40,1.60
2010.10.14 21:34:51.760,1.14645,1.1467,2.40,1.60
2010.10.14 21:34:59.273,1.14645,1.14665,2.40,1.60
2010.10.14 21:35:01.322,1.14645,1.1467,2.40,1.60
2010.10.14 21:35:07.173,1.1465,1.1467,1.60,1.60
2010.10.14 21:35:27.071,1.14655,1.14675,1.60,1.60
2010.10.14 21:36:35.459,1.14655,1.14675,2.40,1.60
2010.10.14 21:37:37.392,1.14655,1.14675,1.60,1.60
2010.10.14 21:37:40.432,1.14655,1.14675,2.40,1.60
2010.10.14 21:37:41.451,1.14655,1.14675,1.60,1.60
2010.10.14 21:38:22.596,1.14655,1.1468,2.40,1.60
2010.10.14 21:38:22.664,1.1466,1.1468,1.60,1.60
2010.10.14 21:38:23.173,1.1466,1.1468,2.40,1.60
2010.10.14 21:38:37.537,1.1466,1.14685,2.40,1.60
2010.10.14 21:38:38.178,1.14665,1.14685,1.60,1.60
2010.10.14 21:38:49.004,1.14665,1.14685,2.40,1.60
2010.10.14 21:38:49.677,1.14665,1.1469,2.40,1.60
2010.10.14 21:39:00.472,1.1467,1.1469,1.60,1.60
2010.10.14 21:39:01.392,1.1467,1.1469,2.40,1.60
2010.10.14 21:40:40.244,1.1467,1.1469,1.60,1.60
2010.10.14 21:40:40.377,1.1467,1.1469,1.60,2.40
2010.10.14 21:40:40.804,1.1467,1.1469,1.60,2.40
2010.10.14 21:40:41.150,1.1467,1.1469,1.60,3.20
2010.10.14 21:41:09.638,1.14665,1.1469,1.60,5.60
2010.10.14 21:41:10.014,1.14665,1.14685,1.60,1.60
2010.10.14 21:41:10.203,1.1466,1.14685,2.40,1.60
2010.10.14 21:42:19.953,1.1466,1.14685,2.40,1.70
2010.10.14 21:42:20.465,1.1465,1.14675,1.60,1.60
2010.10.14 21:42:20.643,1.1465,1.14675,2.40,1.60
2010.10.14 21:42:23.608,1.1466,1.1468,1.60,2.40
2010.10.14 21:42:23.881,1.1466,1.1468,1.60,1.60
2010.10.14 21:43:00.482,1.1466,1.1468,1.60,2.40
2010.10.14 21:43:47.046,1.1466,1.1468,1.60,1.60
2010.10.14 21:44:13.603,1.1466,1.1468,1.60,2.40
2010.10.14 21:44:31.503,1.1466,1.1468,1.60,1.60
2010.10.14 21:44:32.900,1.1466,1.1468,1.60,2.40
2010.10.14 21:44:42.918,1.1466,1.1468,1.60,1.60
2010.10.14 21:44:43.743,1.1466,1.1468,1.60,2.40
2010.10.14 21:44:46.352,1.1466,1.1468,1.60,3.20
2010.10.14 21:45:02.205,1.1466,1.1468,1.60,2.40
2010.10.14 21:45:02.322,1.1466,1.1468,1.60,1.60
2010.10.14 21:45:05.326,1.1466,1.1468,1.60,2.40
2010.10.14 21:45:26.805,1.1466,1.1468,1.60,3.20
2010.10.14 21:45:29.425,1.1466,1.1468,1.60,2.40
2010.10.14 21:45:36.932,1.1466,1.1468,1.60,3.20
2010.10.14 21:46:27.425,1.1466,1.14675,1.60,1.00
2010.10.14 21:46:28.267,1.1465,1.14675,1.60,3.20
2010.10.14 21:47:53.128,1.1465,1.1467,1.60,1.00
2010.10.14 21:48:32.045,1.1465,1.14675,2.40,3.20
2010.10.14 21:48:32.375,1.14655,1.14675,1.60,3.20
2010.10.14 21:48:37.116,1.14655,1.14675,1.60,2.40
2010.10.14 21:48:37.213,1.14655,1.14675,1.60,1.60
2010.10.14 21:48:38.689,1.14655,1.14675,1.60,3.20
2010.10.14 21:48:39.427,1.1465,1.1467,1.60,1.00
2010.10.14 21:48:47.344,1.1465,1.14675,1.60,3.20
2010.10.14 21:49:06.592,1.1465,1.14675,2.40,1.60
2010.10.14 21:49:35.033,1.1465,1.14675,1.60,3.20
2010.10.14 21:49:36.712,1.14635,1.14655,1.60,2.40
2010.10.14 21:49:37.074,1.14635,1.14655,1.60,3.20
2010.10.14 21:49:39.984,1.14635,1.14655,1.60,4.00
2010.10.14 21:49:40.064,1.1463,1.14655,1.60,4.00
2010.10.14 21:49:40.144,1.1463,1.14655,1.60,7.20
2010.10.14 21:49:40.224,1.1463,1.1465,1.60,1.00
2010.10.14 21:49:40.476,1.1462,1.14645,1.60,1.60
2010.10.14 21:49:40.645,1.1462,1.14645,1.60,3.20
2010.10.14 21:49:40.815,1.14625,1.14645,1.60,2.40
2010.10.14 21:49:45.294,1.14625,1.14645,1.70,2.40
2010.10.14 21:49:45.335,1.14625,1.14645,2.50,1.00
2010.10.14 21:49:45.567,1.14625,1.1465,3.30,1.60
2010.10.14 21:49:45.794,1.1463,1.1465,2.40,1.60
2010.10.14 21:49:46.257,1.1463,1.1466,4.80,3.20
2010.10.14 21:49:46.487,1.14635,1.1466,2.40,1.60
2010.10.14 21:49:48.116,1.14635,1.1466,2.50,1.60
2010.10.14 21:49:48.306,1.1464,1.1466,1.00,1.60
2010.10.14 21:49:49.613,1.1464,1.1467,1.00,5.60
2010.10.14 21:49:49.714,1.1464,1.1467,1.00,4.80
2010.10.14 21:49:49.813,1.1464,1.1467,1.00,1.60
2010.10.14 21:49:50.004,1.14645,1.1467,1.60,1.60
2010.10.14 21:49:50.305,1.14645,1.1467,2.40,1.60
2010.10.14 21:49:50.604,1.1465,1.1467,1.00,1.60
2010.10.14 21:49:57.536,1.14645,1.1467,2.40,4.00
2010.10.14 21:50:00.385,1.14645,1.14665,1.60,1.00
2010.10.14 21:50:00.730,1.1464,1.14665,2.40,2.40
2010.10.14 21:50:02.257,1.1464,1.14665,1.00,6.50
2010.10.14 21:50:02.437,1.14635,1.14655,1.60,1.00
2010.10.14 21:50:02.616,1.14635,1.1466,4.00,1.00
2010.10.14 21:50:03.239,1.1465,1.1466,1.00,1.00
2010.10.14 21:50:03.634,1.14645,1.1466,1.60,1.00
2010.10.14 21:50:12.462,1.14645,1.1466,2.40,1.00
2010.10.14 21:50:21.663,1.14645,1.1466,1.60,1.00
2010.10.14 21:50:21.692,1.1464,1.14655,3.20,2.40
2010.10.14 21:50:21.955,1.14625,1.1465,1.60,3.20
2010.10.14 21:50:25.634,1.14625,1.14645,1.60,1.60
2010.10.14 21:50:26.184,1.14625,1.14645,1.60,1.60
2010.10.14 21:50:31.703,1.14625,1.14645,1.60,1.00
2010.10.14 21:50:32.882,1.14625,1.1465,1.60,3.20
2010.10.14 21:50:33.794,1.14625,1.1465,2.40,2.40
2010.10.14 21:50:35.364,1.14625,1.1465,1.60,3.20
2010.10.14 21:50:38.644,1.1462,1.1465,2.40,3.20
2010.10.14 21:50:38.723,1.1462,1.1465,2.40,5.60
2010.10.14 21:50:38.803,1.1462,1.1465,1.60,5.60
2010.10.14 21:50:39.519,1.1462,1.1465,1.60,5.60
2010.10.14 21:50:40.135,1.1462,1.1465,2.40,5.60
2010.10.14 21:50:51.497,1.1462,1.14645,1.60,3.20
2010.10.14 21:50:59.353,1.1462,1.14645,1.60,2.40
2010.10.14 21:50:59.403,1.1462,1.14645,2.40,1.60
2010.10.14 21:51:08.976,1.1462,1.14645,1.60,3.20
2010.10.14 21:51:10.835,1.1462,1.14645,2.40,2.40
2010.10.14 21:51:11.126,1.1462,1.14645,2.40,1.60
2010.10.14 21:51:18.753,1.1462,1.14645,1.60,2.40
2010.10.14 21:51:18.845,1.1462,1.14645,1.60,3.20
2010.10.14 21:51:22.094,1.1462,1.14645,2.40,1.60
2010.10.14 21:51:42.615,1.14625,1.14645,1.00,1.60
2010.10.14 21:51:42.707,1.1463,1.1465,1.00,3.20
2010.10.14 21:51:43.186,1.1463,1.1465,1.00,1.00
2010.10.14 21:51:43.283,1.1464,1.1466,1.00,1.60
2010.10.14 21:51:45.731,1.14635,1.1466,2.40,1.60
2010.10.14 21:51:53.454,1.14635,1.1466,3.20,1.60
2010.10.14 21:51:53.635,1.1464,1.1466,1.00,1.60
2010.10.14 21:51:54.176,1.14645,1.14665,1.00,1.60
2010.10.14 21:51:54.786,1.14645,1.14665,2.40,1.60
2010.10.14 21:51:55.604,1.14645,1.14665,1.00,1.60
2010.10.14 21:51:55.696,1.14645,1.14665,1.00,2.40
2010.10.14 21:51:55.945,1.1464,1.14665,2.40,2.40
2010.10.14 21:51:56.266,1.14645,1.14665,1.60,2.40
2010.10.14 21:51:56.671,1.14645,1.14665,1.60,1.00
2010.10.14 21:51:56.825,1.14645,1.1467,1.60,3.20
2010.10.14 21:51:57.056,1.1465,1.1467,2.40,1.60
2010.10.14 21:52:50.952,1.14655,1.14675,1.00,1.60
2010.10.14 21:52:51.181,1.1465,1.14675,1.00,4.00
2010.10.14 21:52:51.624,1.1465,1.1467,1.00,1.60
2010.10.14 21:53:01.696,1.14645,1.1467,2.40,1.60
2010.10.14 21:53:05.024,1.14645,1.1467,1.60,3.20
2010.10.14 21:53:05.645,1.14645,1.14665,1.60,1.60
2010.10.14 21:53:09.968,1.14645,1.14665,2.40,1.60
2010.10.14 21:53:10.925,1.14645,1.14665,1.60,1.60
2010.10.14 21:53:11.484,1.14645,1.14665,2.40,1.60
2010.10.14 21:53:20.944,1.14645,1.14665,1.60,1.60
2010.10.14 21:53:21.559,1.14645,1.14665,2.40,1.60
2010.10.14 21:53:31.398,1.14645,1.14665,1.60,1.60
2010.10.14 21:53:31.537,1.14645,1.14665,2.40,1.60
2010.10.14 21:53:41.278,1.14645,1.14665,1.60,1.60
2010.10.14 21:53:41.848,1.14645,1.14665,2.40,1.60
2010.10.14 21:53:51.293,1.14645,1.14665,1.60,1.60
2010.10.14 21:53:51.923,1.14645,1.14665,2.40,1.60
2010.10.14 21:54:01.217,1.14645,1.14665,1.60,1.60
2010.10.14 21:54:02.265,1.14645,1.14665,2.40,1.60
2010.10.14 21:54:51.615,1.14645,1.14665,1.60,1.60
2010.10.14 21:54:56.601,1.14645,1.14665,2.50,1.60
2010.10.14 21:54:56.799,1.1465,1.14675,2.40,1.60
2010.10.14 21:55:48.757,1.1465,1.1467,2.40,1.60
2010.10.14 21:55:51.164,1.1465,1.14675,2.40,1.60
2010.10.14 21:55:53.053,1.1465,1.1467,2.40,1.60
2010.10.14 21:56:15.066,1.1465,1.1467,2.50,1.60
2010.10.14 21:56:15.304,1.1465,1.1467,3.30,1.60
2010.10.14 21:56:18.080,1.14655,1.1467,1.00,1.60
2010.10.14 21:56:22.203,1.1465,1.1467,2.50,1.60
2010.10.14 21:56:28.997,1.1465,1.1467,2.40,1.60
2010.10.14 21:56:29.108,1.1465,1.14675,1.00,4.80
2010.10.14 21:56:29.325,1.14645,1.14675,1.00,4.00
2010.10.14 21:56:29.435,1.14645,1.14665,1.00,1.60
2010.10.14 21:56:29.688,1.1465,1.14665,1.00,1.60
2010.10.14 21:56:42.034,1.1465,1.1467,1.00,1.60
2010.10.14 21:56:42.249,1.1465,1.1467,2.40,1.60
2010.10.14 21:56:53.302,1.1465,1.1466,1.00,2.40
2010.10.14 21:56:53.525,1.1463,1.1464,1.00,1.00
2010.10.14 21:56:54.406,1.14635,1.1464,1.00,1.00
2010.10.14 21:56:55.086,1.1463,1.1464,1.90,1.00
2010.10.14 21:56:55.778,1.1463,1.1464,1.60,1.00
2010.10.14 21:56:57.849,1.1463,1.14645,1.60,1.60
2010.10.14 21:56:58.547,1.14625,1.14645,1.60,1.60
2010.10.14 21:57:02.486,1.14625,1.14645,2.40,1.60
2010.10.14 21:57:02.620,1.14635,1.14655,1.60,1.60
2010.10.14 21:57:02.970,1.1464,1.14665,2.40,4.00
2010.10.14 21:57:03.703,1.14645,1.14665,4.80,1.60
2010.10.14 21:57:04.003,1.1465,1.14675,2.40,1.60
2010.10.14 21:57:04.303,1.1466,1.14675,1.00,1.60
2010.10.14 21:57:04.922,1.14665,1.14685,1.60,1.60
2010.10.14 21:57:05.618,1.1466,1.14685,2.40,1.60
2010.10.14 21:57:06.364,1.1466,1.1468,1.00,1.60
2010.10.14 21:57:06.705,1.1466,1.1468,2.40,1.60
2010.10.14 21:57:14.226,1.1466,1.1468,2.40,1.60
2010.10.14 21:57:14.469,1.1465,1.14675,3.20,1.00
2010.10.14 21:57:14.558,1.14645,1.14675,1.00,3.20
2010.10.14 21:57:14.992,1.14645,1.14675,1.00,1.00
2010.10.14 21:57:15.083,1.1465,1.14665,1.00,1.60
2010.10.14 21:57:17.027,1.1465,1.1467,1.00,1.60
2010.10.14 21:57:17.612,1.14655,1.14675,1.60,1.60
2010.10.14 21:57:37.714,1.14655,1.14675,2.40,1.60
2010.10.14 21:57:37.904,1.1466,1.14675,1.00,1.60
2010.10.14 21:57:53.286,1.1466,1.1468,1.00,1.60
2010.10.14 21:58:00.266,1.1467,1.1468,1.00,1.60
2010.10.14 21:58:00.365,1.1466,1.1468,1.00,1.60
2010.10.14 21:58:00.416,1.1467,1.14685,1.00,1.60
2010.10.14 21:58:00.841,1.14665,1.14685,2.40,1.60
2010.10.14 21:58:10.297,1.14665,1.1469,2.40,1.60
2010.10.14 21:58:10.515,1.1467,1.1469,1.60,1.60
2010.10.14 21:58:13.375,1.1467,1.1469,2.40,1.60
2010.10.14 21:58:13.930,1.1467,1.1469,4.90,1.60
2010.10.14 21:58:14.323,1.1467,1.14695,4.90,1.60
2010.10.14 21:58:14.679,1.14675,1.14695,2.40,1.60
2010.10.14 21:58:15.378,1.14675,1.147,2.40,4.80
2010.10.14 21:58:16.034,1.14675,1.147,1.60,5.60
2010.10.14 21:58:16.277,1.14675,1.14695,1.60,1.60
2010.10.14 21:58:30.205,1.1467,1.14695,2.40,1.60
2010.10.14 21:58:30.534,1.1467,1.1469,2.40,1.60
2010.10.14 21:58:52.374,1.1467,1.1469,4.80,1.60
2010.10.14 21:58:52.615,1.1467,1.14695,4.80,1.60
2010.10.14 21:58:52.774,1.14675,1.14695,1.60,1.60
2010.10.14 21:58:59.774,1.14675,1.14695,2.40,1.60
2010.10.14 21:59:05.015,1.14675,1.14695,2.80,1.60
2010.10.14 21:59:05.098,1.14675,1.14695,3.60,1.60
2010.10.14 21:59:05.158,1.14685,1.14695,2.40,1.60
2010.10.14 21:59:05.711,1.14695,1.14715,1.60,2.40
2010.10.14 21:59:07.606,1.14695,1.14715,1.60,1.60
2010.10.14 21:59:20.265,1.14695,1.1472,1.60,3.20
2010.10.14 21:59:20.485,1.147,1.1472,1.60,3.20
2010.10.14 21:59:32.838,1.147,1.1472,1.60,1.60
2010.10.14 21:59:33.532,1.147,1.1472,1.60,1.00
2010.10.14 21:59:33.641,1.147,1.1472,1.60,1.60
2010.10.14 21:59:34.792,1.147,1.1472,1.60,3.20
2010.10.14 21:59:47.166,1.14695,1.1472,1.60,3.20
2010.10.14 21:59:47.815,1.14695,1.14715,1.60,1.60
2010.10.14 21:59:50.513,1.14695,1.14715,1.60,3.20
2010.10.14 21:59:52.704,1.14695,1.1471,1.60,1.00
2010.10.14 21:59:53.158,1.14685,1.1471,2.40,1.00
2010.10.14 21:59:53.511,1.14685,1.14705,1.60,1.60
2010.10.14 21:59:57.593,1.14685,1.1471,1.60,3.20
2010.10.14 21:59:57.923,1.1469,1.1471,1.60,3.20
2010.10.14 21:59:59.895,1.1469,1.14705,1.60,1.60
