2010.07.20 18:00:00.943,1.12715,1.12735,4.00,1.60
2010.07.20 18:00:01.292,1.12715,1.12735,5.60,1.60
2010.07.20 18:00:01.933,1.1272,1.12735,1.00,1.60
2010.07.20 18:00:02.155,1.1272,1.12735,1.00,2.40
2010.07.20 18:00:02.373,1.12715,1.12735,2.40,3.20
2010.07.20 18:00:03.108,1.12715,1.12735,1.60,3.20
2010.07.20 18:00:03.460,1.1271,1.1273,4.00,1.00
2010.07.20 18:00:03.805,1.1271,1.1273,5.60,1.00
2010.07.20 18:00:04.657,1.1271,1.1273,6.40,1.60
2010.07.20 18:00:04.991,1.1271,1.1273,6.40,1.00
2010.07.20 18:00:05.864,1.1271,1.1273,2.40,7.20
2010.07.20 18:00:06.116,1.1271,1.12725,1.60,1.00
2010.07.20 18:00:09.399,1.12705,1.12725,7.20,1.00
2010.07.20 18:00:10.921,1.12705,1.12725,5.60,1.00
2010.07.20 18:00:11.268,1.1271,1.1273,2.40,1.00
2010.07.20 18:00:11.460,1.1271,1.1273,3.20,1.00
2010.07.20 18:00:12.596,1.1271,1.1273,5.60,1.00
2010.07.20 18:00:12.879,1.1271,1.1273,7.20,1.00
2010.07.20 18:00:14.260,1.1271,1.1273,5.60,1.00
2010.07.20 18:00:14.602,1.1271,1.12725,1.60,1.00
2010.07.20 18:00:15.176,1.1271,1.12725,1.60,1.60
2010.07.20 18:00:15.398,1.1271,1.12725,1.60,1.60
2010.07.20 18:00:16.012,1.1271,1.12725,1.60,1.00
2010.07.20 18:00:16.212,1.1271,1.12725,1.60,1.00
2010.07.20 18:00:17.663,1.12705,1.12725,5.60,2.40
2010.07.20 18:00:18.457,1.12705,1.12725,3.20,2.40
2010.07.20 18:00:19.119,1.127,1.1272,4.00,4.80
2010.07.20 18:00:19.966,1.127,1.12715,2.40,1.00
2010.07.20 18:00:20.196,1.127,1.1272,4.00,3.20
2010.07.20 18:00:20.421,1.127,1.1272,2.40,5.60
2010.07.20 18:00:21.666,1.127,1.1272,1.60,1.00
2010.07.20 18:00:22.016,1.127,1.1272,5.60,1.60
2010.07.20 18:00:22.820,1.12705,1.1272,1.00,1.60
2010.07.20 18:00:24.556,1.12705,1.12715,1.00,5.70
2010.07.20 18:00:24.749,1.127,1.12715,1.00,1.60
2010.07.20 18:00:24.910,1.127,1.12715,1.00,2.40
2010.07.20 18:00:25.230,1.127,1.12715,1.00,1.60
2010.07.20 18:00:26.881,1.127,1.12715,1.00,3.20
2010.07.20 18:00:27.053,1.12695,1.12715,1.60,3.20
2010.07.20 18:00:27.736,1.12695,1.1271,1.60,1.00
2010.07.20 18:00:28.254,1.1269,1.1271,4.00,2.40
2010.07.20 18:00:28.605,1.12685,1.1271,4.80,8.00
2010.07.20 18:00:30.070,1.12685,1.12705,3.20,1.60
2010.07.20 18:00:30.208,1.12685,1.12705,3.20,1.00
2010.07.20 18:00:30.349,1.12685,1.12705,4.80,1.00
2010.07.20 18:00:31.028,1.12685,1.1271,4.80,10.40
2010.07.20 18:00:31.147,1.12685,1.1271,6.40,10.40
2010.07.20 18:00:31.388,1.12685,1.1271,4.80,10.40
2010.07.20 18:00:32.671,1.12685,1.12705,4.80,1.00
2010.07.20 18:00:32.790,1.12685,1.127,1.60,1.00
2010.07.20 18:00:33.577,1.12685,1.127,1.60,1.60
2010.07.20 18:00:33.711,1.12675,1.12695,3.20,2.40
2010.07.20 18:00:34.041,1.12675,1.12695,3.20,4.00
2010.07.20 18:00:34.371,1.12675,1.12695,3.20,1.60
2010.07.20 18:00:35.221,1.1268,1.12695,1.00,1.60
2010.07.20 18:00:40.178,1.12675,1.12695,4.80,1.60
2010.07.20 18:00:41.846,1.12675,1.12695,5.60,1.60
2010.07.20 18:00:42.144,1.12685,1.127,1.00,1.60
2010.07.20 18:00:43.809,1.1268,1.127,4.80,4.00
2010.07.20 18:00:44.707,1.1268,1.127,4.80,1.60
2010.07.20 18:00:44.882,1.12685,1.127,1.00,1.60
2010.07.20 18:00:47.269,1.1268,1.127,9.60,1.60
2010.07.20 18:00:47.629,1.12685,1.127,1.00,1.60
2010.07.20 18:00:47.807,1.12685,1.127,1.60,1.60
2010.07.20 18:00:51.398,1.12685,1.12695,1.60,1.00
2010.07.20 18:00:51.552,1.1268,1.12695,5.60,1.00
2010.07.20 18:00:51.702,1.1268,1.12695,1.60,3.20
2010.07.20 18:00:51.851,1.12675,1.12695,1.60,3.20
2010.07.20 18:00:52.480,1.12675,1.12695,1.60,6.40
2010.07.20 18:00:52.797,1.1268,1.12695,1.60,1.60
2010.07.20 18:00:54.000,1.1268,1.12695,1.60,2.40
2010.07.20 18:00:54.909,1.12675,1.12695,1.60,4.80
2010.07.20 18:00:54.980,1.1268,1.12695,1.00,2.40
2010.07.20 18:00:55.041,1.1268,1.12695,1.00,1.60
2010.07.20 18:00:55.642,1.1268,1.127,1.00,7.20
2010.07.20 18:00:55.991,1.12685,1.12705,3.20,2.40
2010.07.20 18:00:56.914,1.12685,1.12705,5.60,2.40
2010.07.20 18:01:00.008,1.12685,1.12705,4.00,2.40
2010.07.20 18:01:00.168,1.12685,1.12705,4.00,4.00
2010.07.20 18:01:00.219,1.12685,1.12705,1.60,6.40
2010.07.20 18:01:00.482,1.12685,1.12705,1.60,8.00
2010.07.20 18:01:03.444,1.12685,1.12705,1.00,8.80
2010.07.20 18:01:03.643,1.12685,1.12705,1.00,9.60
2010.07.20 18:01:05.049,1.12685,1.12705,1.00,8.80
2010.07.20 18:01:05.290,1.12685,1.12705,1.00,9.60
2010.07.20 18:01:05.528,1.12685,1.12705,1.00,8.80
2010.07.20 18:01:07.108,1.12685,1.12705,3.20,5.60
2010.07.20 18:01:07.230,1.12685,1.12705,4.80,2.40
2010.07.20 18:01:09.168,1.12685,1.12705,6.40,2.40
2010.07.20 18:01:09.195,1.1269,1.12705,1.60,1.60
2010.07.20 18:01:14.469,1.1269,1.1271,1.60,8.80
2010.07.20 18:01:14.813,1.1269,1.1271,1.60,7.20
2010.07.20 18:01:15.609,1.1269,1.1271,1.60,8.00
2010.07.20 18:01:17.390,1.1269,1.1271,1.60,7.20
2010.07.20 18:01:17.499,1.1269,1.1271,1.60,8.80
2010.07.20 18:01:17.697,1.1269,1.1271,1.60,9.60
2010.07.20 18:01:18.099,1.1269,1.127,1.60,2.40
2010.07.20 18:01:18.197,1.1269,1.127,1.00,2.40
2010.07.20 18:01:19.199,1.12685,1.127,1.60,1.60
2010.07.20 18:01:19.841,1.12685,1.127,1.60,2.00
2010.07.20 18:01:19.995,1.12685,1.127,1.00,16.40
2010.07.20 18:01:20.562,1.1268,1.127,5.60,16.40
2010.07.20 18:01:20.861,1.12675,1.1269,1.00,5.60
2010.07.20 18:01:21.155,1.12675,1.12695,1.60,14.40
2010.07.20 18:01:21.453,1.12675,1.12695,1.60,8.00
2010.07.20 18:01:22.292,1.12675,1.12695,1.60,6.40
2010.07.20 18:01:23.458,1.12675,1.1269,1.60,1.00
2010.07.20 18:01:24.315,1.12675,1.1269,1.00,3.20
2010.07.20 18:01:24.394,1.12675,1.12685,1.00,1.00
2010.07.20 18:01:25.691,1.12675,1.1269,1.00,5.60
2010.07.20 18:01:26.369,1.12675,1.1269,1.00,4.00
2010.07.20 18:01:27.220,1.1267,1.12685,1.60,1.00
2010.07.20 18:01:29.138,1.1267,1.12685,3.20,2.40
2010.07.20 18:01:29.381,1.1267,1.12685,1.00,1.00
2010.07.20 18:01:30.031,1.1267,1.1269,1.00,8.00
2010.07.20 18:01:30.115,1.1267,1.1269,1.00,5.60
2010.07.20 18:01:30.203,1.1267,1.1268,1.00,1.00
2010.07.20 18:01:32.145,1.12665,1.1268,1.00,4.00
2010.07.20 18:01:38.598,1.12665,1.1268,1.00,3.20
2010.07.20 18:01:38.861,1.12665,1.1268,1.60,2.40
2010.07.20 18:01:40.059,1.1266,1.1268,3.20,2.40
2010.07.20 18:01:40.137,1.12645,1.12665,8.80,1.00
2010.07.20 18:01:41.954,1.1265,1.1267,4.00,3.20
2010.07.20 18:01:42.304,1.12645,1.1266,3.20,1.00
2010.07.20 18:01:42.499,1.12645,1.12665,1.60,6.40
2010.07.20 18:01:42.700,1.12645,1.1266,1.60,2.40
2010.07.20 18:01:42.899,1.12645,1.1266,1.60,3.20
2010.07.20 18:01:43.861,1.12645,1.1266,1.60,2.40
2010.07.20 18:01:44.060,1.12645,1.1266,1.60,3.20
2010.07.20 18:01:46.350,1.12645,1.12665,1.60,8.00
2010.07.20 18:01:46.499,1.12645,1.12665,1.60,7.20
2010.07.20 18:01:47.628,1.12645,1.12665,1.60,3.20
2010.07.20 18:01:47.818,1.12645,1.12665,1.60,5.60
2010.07.20 18:01:48.008,1.12645,1.12665,1.60,3.20
2010.07.20 18:01:48.197,1.12645,1.12665,3.20,3.20
2010.07.20 18:01:49.467,1.12645,1.12665,3.20,5.60
2010.07.20 18:01:49.740,1.12645,1.12665,1.60,5.60
2010.07.20 18:01:50.317,1.12645,1.12665,1.60,7.20
2010.07.20 18:01:52.291,1.12645,1.1266,1.60,1.00
2010.07.20 18:01:52.767,1.12645,1.1266,1.60,3.20
2010.07.20 18:01:52.894,1.1264,1.1266,2.40,4.00
2010.07.20 18:01:53.018,1.1264,1.1266,1.00,4.00
2010.07.20 18:01:53.138,1.1264,1.1266,1.00,6.40
2010.07.20 18:01:54.378,1.1264,1.1266,1.00,8.00
2010.07.20 18:01:55.227,1.1264,1.1266,1.00,9.60
2010.07.20 18:01:55.298,1.1264,1.1266,1.00,8.80
2010.07.20 18:01:55.369,1.1264,1.1266,1.00,6.40
2010.07.20 18:01:55.942,1.1264,1.1266,5.60,4.80
2010.07.20 18:01:56.246,1.1264,1.1266,7.20,1.60
2010.07.20 18:01:56.813,1.1264,1.12655,1.00,1.00
2010.07.20 18:01:57.095,1.12635,1.12655,9.60,1.00
2010.07.20 18:01:58.090,1.1264,1.1266,1.00,2.40
2010.07.20 18:01:58.289,1.1264,1.1266,6.40,1.60
2010.07.20 18:01:59.249,1.1264,1.1266,6.40,2.40
2010.07.20 18:02:00.033,1.1264,1.1266,2.40,2.40
2010.07.20 18:02:00.208,1.1264,1.1266,2.40,4.80
2010.07.20 18:02:00.681,1.1264,1.1266,1.00,4.80
2010.07.20 18:02:01.672,1.1264,1.1266,4.80,4.80
2010.07.20 18:02:02.751,1.1264,1.1266,1.00,2.40
2010.07.20 18:02:03.608,1.12645,1.1266,1.60,1.00
2010.07.20 18:02:03.955,1.12645,1.12665,2.40,4.80
2010.07.20 18:02:04.298,1.12645,1.12665,3.20,4.80
2010.07.20 18:02:05.801,1.12645,1.12665,5.60,3.20
2010.07.20 18:02:06.001,1.12645,1.12665,6.40,1.00
2010.07.20 18:02:06.278,1.12645,1.12665,10.40,1.00
2010.07.20 18:02:07.209,1.12645,1.12665,12.00,1.00
2010.07.20 18:02:07.405,1.12645,1.12665,4.80,1.00
2010.07.20 18:02:08.090,1.1265,1.12665,1.00,1.00
2010.07.20 18:02:08.240,1.1265,1.12665,1.00,2.40
2010.07.20 18:02:10.297,1.1265,1.12665,1.00,4.00
2010.07.20 18:02:10.458,1.1265,1.12665,1.00,1.60
2010.07.20 18:02:11.162,1.1265,1.12665,1.00,1.00
2010.07.20 18:02:13.099,1.1265,1.12665,1.00,6.40
2010.07.20 18:02:13.260,1.1265,1.12665,1.00,2.40
2010.07.20 18:02:13.914,1.12645,1.1266,3.20,1.60
2010.07.20 18:02:14.129,1.12645,1.12665,3.20,4.00
2010.07.20 18:02:14.907,1.12645,1.12665,3.20,2.40
2010.07.20 18:02:15.029,1.12645,1.12665,4.00,12.00
2010.07.20 18:02:15.148,1.1264,1.12665,7.60,6.40
2010.07.20 18:02:15.268,1.1264,1.1266,6.00,4.80
2010.07.20 18:02:15.438,1.1264,1.1266,4.00,4.80
2010.07.20 18:02:16.330,1.1264,1.1266,4.80,4.80
2010.07.20 18:02:16.858,1.1264,1.1266,3.20,4.80
2010.07.20 18:02:17.058,1.1264,1.1266,4.00,4.80
2010.07.20 18:02:17.260,1.1264,1.1266,4.00,7.20
2010.07.20 18:02:19.243,1.1264,1.1266,2.40,8.00
2010.07.20 18:02:19.559,1.1264,1.1266,1.00,8.80
2010.07.20 18:02:19.718,1.1264,1.12655,1.00,1.60
2010.07.20 18:02:24.372,1.12635,1.12655,6.40,1.60
2010.07.20 18:02:24.697,1.1264,1.1266,1.00,8.00
2010.07.20 18:02:24.777,1.1264,1.1266,1.60,8.00
2010.07.20 18:02:24.858,1.1264,1.1266,3.20,8.00
2010.07.20 18:02:25.238,1.1264,1.1266,3.20,7.20
2010.07.20 18:02:25.827,1.1264,1.1266,3.20,5.60
2010.07.20 18:02:25.935,1.1264,1.1266,3.20,2.40
2010.07.20 18:02:27.947,1.1265,1.12665,1.60,2.40
2010.07.20 18:02:28.145,1.1265,1.12665,1.60,1.60
2010.07.20 18:02:28.401,1.1265,1.12665,3.20,1.60
2010.07.20 18:02:29.582,1.1265,1.12665,2.40,1.60
2010.07.20 18:02:33.665,1.1265,1.12665,1.00,2.40
2010.07.20 18:02:33.769,1.12645,1.12665,4.80,3.20
2010.07.20 18:02:34.078,1.12645,1.12665,15.20,1.00
2010.07.20 18:02:36.316,1.12645,1.12665,15.20,1.60
2010.07.20 18:02:37.457,1.12645,1.12665,15.20,1.00
2010.07.20 18:02:37.889,1.12645,1.1266,11.20,1.00
2010.07.20 18:02:38.666,1.12645,1.1266,1.60,1.00
2010.07.20 18:02:38.900,1.1264,1.1266,8.80,1.00
2010.07.20 18:02:40.548,1.1264,1.12665,8.80,6.40
2010.07.20 18:02:40.703,1.1264,1.1266,8.80,2.40
2010.07.20 18:02:41.330,1.1264,1.1266,8.80,4.00
2010.07.20 18:02:42.365,1.1265,1.1266,1.60,1.60
2010.07.20 18:02:44.603,1.12645,1.1266,3.20,1.60
2010.07.20 18:02:44.640,1.1265,1.12665,1.60,1.60
2010.07.20 18:02:44.888,1.12645,1.12665,5.60,1.60
2010.07.20 18:02:45.542,1.12645,1.12665,5.60,3.20
2010.07.20 18:02:46.119,1.12645,1.12665,3.20,3.20
2010.07.20 18:02:46.406,1.12645,1.12665,5.60,2.40
2010.07.20 18:02:48.748,1.1265,1.12665,4.80,2.40
2010.07.20 18:02:49.394,1.1265,1.1267,4.80,1.60
2010.07.20 18:02:49.717,1.1265,1.1267,2.40,2.40
2010.07.20 18:02:50.550,1.12655,1.1267,1.60,1.00
2010.07.20 18:02:51.797,1.12655,1.12675,4.80,2.40
2010.07.20 18:02:52.364,1.1266,1.12675,2.40,2.40
2010.07.20 18:02:52.661,1.1266,1.1268,7.20,1.60
2010.07.20 18:02:53.001,1.12665,1.1268,1.00,1.60
2010.07.20 18:02:53.342,1.1266,1.1268,4.80,2.40
2010.07.20 18:02:54.147,1.1266,1.1268,3.20,4.80
2010.07.20 18:02:54.405,1.1266,1.1268,2.40,5.60
2010.07.20 18:02:54.661,1.1266,1.1268,2.40,7.20
2010.07.20 18:02:57.768,1.1266,1.1268,1.00,7.20
2010.07.20 18:02:57.947,1.1266,1.1268,1.00,8.00
2010.07.20 18:02:58.488,1.1266,1.1268,1.00,7.20
2010.07.20 18:03:00.330,1.1266,1.1268,1.00,6.40
2010.07.20 18:03:00.546,1.12665,1.1268,1.60,3.20
2010.07.20 18:03:00.756,1.12665,1.1268,2.40,1.60
2010.07.20 18:03:01.419,1.12665,1.1268,1.60,1.60
2010.07.20 18:03:01.900,1.12665,1.12685,7.20,1.60
2010.07.20 18:03:02.649,1.12665,1.12685,5.60,1.60
2010.07.20 18:03:10.476,1.12665,1.1269,7.20,7.20
2010.07.20 18:03:13.958,1.12665,1.1269,3.20,7.20
2010.07.20 18:03:16.636,1.12665,1.12685,3.20,1.00
2010.07.20 18:03:16.753,1.12665,1.1268,2.40,1.00
2010.07.20 18:03:16.873,1.12665,1.1268,1.60,1.00
2010.07.20 18:03:20.056,1.12655,1.12675,9.60,1.00
2010.07.20 18:03:20.243,1.1265,1.1267,2.80,1.60
2010.07.20 18:03:20.846,1.1265,1.1267,2.40,1.60
2010.07.20 18:03:21.040,1.1266,1.1268,4.80,4.00
2010.07.20 18:03:21.222,1.1266,1.1268,6.40,1.60
2010.07.20 18:03:22.072,1.1266,1.1268,4.80,1.60
2010.07.20 18:03:27.698,1.1266,1.1268,4.80,4.00
2010.07.20 18:03:27.851,1.1266,1.12675,1.00,3.20
2010.07.20 18:03:28.001,1.12655,1.1267,2.40,2.40
2010.07.20 18:03:28.577,1.1265,1.1267,3.60,2.40
2010.07.20 18:03:28.847,1.1265,1.1267,2.40,2.40
2010.07.20 18:03:30.505,1.1265,1.1267,2.40,3.20
2010.07.20 18:03:30.622,1.1265,1.12665,2.40,1.00
2010.07.20 18:03:37.288,1.1265,1.1267,2.40,3.20
2010.07.20 18:03:38.116,1.1265,1.1267,4.80,1.00
2010.07.20 18:03:38.291,1.1265,1.1267,11.20,1.00
2010.07.20 18:03:41.096,1.12655,1.1267,1.60,1.00
2010.07.20 18:03:41.229,1.12655,1.1267,2.40,1.00
2010.07.20 18:03:47.016,1.12655,1.12665,1.60,1.60
2010.07.20 18:03:47.737,1.1265,1.12665,1.60,5.60
2010.07.20 18:03:47.937,1.12645,1.1266,1.60,1.00
2010.07.20 18:03:50.349,1.12645,1.12665,1.60,3.20
2010.07.20 18:03:50.488,1.12645,1.12665,1.60,2.40
2010.07.20 18:03:50.557,1.12645,1.12665,2.40,2.40
2010.07.20 18:03:50.627,1.12645,1.12665,3.20,2.40
2010.07.20 18:03:51.151,1.12645,1.12665,3.20,3.20
2010.07.20 18:03:51.983,1.12645,1.1266,1.60,1.00
2010.07.20 18:03:52.223,1.12645,1.12655,1.60,1.00
2010.07.20 18:03:54.948,1.12645,1.12665,1.60,9.60
2010.07.20 18:03:55.058,1.12645,1.12665,1.60,4.80
2010.07.20 18:03:55.720,1.12645,1.1266,1.00,3.20
2010.07.20 18:03:55.933,1.1264,1.12655,1.60,1.00
2010.07.20 18:03:56.142,1.12635,1.12655,5.60,3.20
2010.07.20 18:03:56.353,1.12635,1.12655,1.60,3.20
2010.07.20 18:03:56.558,1.12635,1.12655,1.60,4.80
2010.07.20 18:03:56.769,1.12635,1.12655,1.60,3.20
2010.07.20 18:04:00.348,1.12635,1.12655,3.20,3.20
2010.07.20 18:04:00.489,1.12635,1.12655,3.20,7.20
2010.07.20 18:04:00.628,1.12635,1.12655,1.60,7.20
2010.07.20 18:04:00.898,1.1263,1.12655,8.80,7.20
2010.07.20 18:04:01.171,1.1263,1.12655,8.80,8.00
2010.07.20 18:04:03.478,1.1263,1.12655,8.80,7.20
2010.07.20 18:04:03.756,1.12645,1.12655,1.00,2.40
2010.07.20 18:04:04.592,1.12645,1.1266,5.60,2.40
2010.07.20 18:04:04.778,1.12645,1.1266,5.60,1.60
2010.07.20 18:04:07.489,1.12645,1.12665,5.60,1.60
2010.07.20 18:04:07.836,1.12645,1.12665,1.00,2.40
2010.07.20 18:04:08.179,1.12645,1.12665,1.00,3.20
2010.07.20 18:04:08.891,1.1264,1.12665,12.00,3.20
2010.07.20 18:04:09.502,1.1264,1.1266,12.00,1.00
2010.07.20 18:04:09.631,1.12645,1.12665,1.60,4.00
2010.07.20 18:04:09.879,1.12645,1.12665,1.60,4.80
2010.07.20 18:04:11.591,1.1264,1.1266,3.20,1.60
2010.07.20 18:04:11.871,1.1264,1.1266,8.80,1.00
2010.07.20 18:04:12.870,1.1264,1.1266,8.80,1.00
2010.07.20 18:04:26.690,1.1264,1.1266,15.20,1.00
2010.07.20 18:04:26.928,1.1264,1.1266,16.80,1.00
2010.07.20 18:04:29.288,1.12645,1.12665,1.00,4.00
2010.07.20 18:04:30.469,1.12645,1.12665,2.40,2.40
2010.07.20 18:04:33.087,1.12645,1.1266,2.40,1.00
2010.07.20 18:04:33.158,1.12645,1.1266,1.00,1.00
2010.07.20 18:04:33.899,1.1263,1.1265,1.60,1.60
2010.07.20 18:04:34.082,1.1263,1.12645,1.60,1.00
2010.07.20 18:04:36.834,1.12625,1.12645,3.20,3.20
2010.07.20 18:04:42.247,1.12625,1.12645,2.40,3.20
2010.07.20 18:04:42.489,1.12625,1.12645,1.60,3.20
2010.07.20 18:04:42.728,1.1262,1.12645,4.80,11.20
2010.07.20 18:04:44.787,1.1262,1.1264,4.80,1.00
2010.07.20 18:04:45.568,1.1262,1.1264,4.80,1.00
2010.07.20 18:04:45.788,1.1262,1.1264,3.20,3.20
2010.07.20 18:04:46.391,1.12625,1.1264,6.00,3.20
2010.07.20 18:04:46.558,1.12635,1.1265,1.00,1.60
2010.07.20 18:04:46.720,1.12635,1.1265,1.60,1.60
2010.07.20 18:04:47.845,1.12635,1.1265,1.00,3.20
2010.07.20 18:04:48.722,1.1263,1.1265,3.20,2.40
2010.07.20 18:04:49.008,1.1263,1.1265,3.20,3.20
2010.07.20 18:04:51.708,1.1263,1.1265,1.00,3.20
2010.07.20 18:04:51.839,1.12625,1.1265,4.80,8.00
2010.07.20 18:04:52.513,1.12625,1.12645,4.80,1.00
2010.07.20 18:04:52.855,1.12625,1.12645,3.20,2.40
2010.07.20 18:04:53.189,1.12625,1.12645,3.20,1.60
2010.07.20 18:04:54.089,1.12625,1.12645,4.80,1.60
2010.07.20 18:04:58.623,1.12625,1.12645,3.20,1.60
2010.07.20 18:04:58.839,1.12625,1.12645,2.40,1.60
2010.07.20 18:05:03.149,1.12625,1.12645,1.60,3.20
2010.07.20 18:05:03.517,1.12625,1.12645,1.60,4.80
2010.07.20 18:05:03.698,1.12625,1.1264,1.60,1.00
2010.07.20 18:05:04.079,1.1262,1.1264,7.20,1.00
2010.07.20 18:05:05.173,1.1262,1.1264,16.00,1.00
2010.07.20 18:05:05.254,1.12625,1.1264,1.00,1.00
2010.07.20 18:05:05.788,1.12625,1.1264,2.40,1.00
2010.07.20 18:05:13.984,1.12625,1.1264,1.00,1.00
2010.07.20 18:05:18.421,1.1262,1.1264,2.40,1.00
2010.07.20 18:05:18.615,1.1262,1.1264,2.40,1.00
2010.07.20 18:05:18.983,1.1262,1.1264,12.00,1.00
2010.07.20 18:05:19.174,1.1262,1.12645,16.00,2.40
2010.07.20 18:05:19.359,1.12625,1.12645,1.00,2.40
2010.07.20 18:05:19.549,1.12625,1.12645,1.60,2.40
2010.07.20 18:05:21.707,1.12625,1.12645,1.60,4.00
2010.07.20 18:05:21.850,1.12625,1.12645,1.60,6.40
2010.07.20 18:05:21.989,1.12625,1.12645,1.60,7.20
2010.07.20 18:05:22.770,1.12625,1.12645,1.60,8.80
2010.07.20 18:05:23.020,1.12625,1.12645,1.00,8.80
2010.07.20 18:05:23.749,1.12625,1.12645,1.00,4.80
2010.07.20 18:05:24.000,1.12625,1.12645,1.00,3.20
2010.07.20 18:05:26.857,1.12625,1.12645,2.40,5.60
2010.07.20 18:05:27.018,1.12625,1.12645,1.00,7.20
2010.07.20 18:05:27.190,1.12625,1.12645,4.80,4.00
2010.07.20 18:05:27.866,1.12625,1.12645,6.40,1.00
2010.07.20 18:05:28.031,1.1263,1.12645,1.60,1.00
2010.07.20 18:05:35.057,1.1263,1.12645,1.60,2.40
2010.07.20 18:05:35.168,1.1262,1.12635,12.80,1.00
2010.07.20 18:05:35.289,1.1262,1.12635,4.80,1.00
2010.07.20 18:05:35.410,1.1262,1.12635,1.60,1.00
2010.07.20 18:05:36.060,1.12615,1.12635,8.00,1.00
2010.07.20 18:05:39.811,1.12615,1.12635,6.40,1.60
2010.07.20 18:05:39.919,1.12615,1.12635,5.60,1.00
2010.07.20 18:05:40.028,1.12615,1.12635,7.20,1.00
2010.07.20 18:05:40.247,1.12615,1.12635,5.60,2.40
2010.07.20 18:05:40.358,1.12615,1.12635,3.20,2.40
2010.07.20 18:05:40.468,1.12615,1.12635,1.60,2.40
2010.07.20 18:05:40.579,1.12615,1.1263,1.60,1.00
2010.07.20 18:05:43.656,1.12615,1.1263,3.20,1.00
2010.07.20 18:05:44.004,1.12615,1.12635,2.40,1.60
2010.07.20 18:05:44.188,1.12615,1.12635,3.20,1.60
2010.07.20 18:05:47.853,1.12615,1.12635,2.40,2.40
2010.07.20 18:05:49.092,1.12615,1.1263,2.40,1.00
2010.07.20 18:05:54.808,1.12615,1.12635,2.40,4.00
2010.07.20 18:05:56.088,1.1262,1.12635,1.00,4.00
2010.07.20 18:05:56.310,1.12625,1.12635,1.00,2.40
2010.07.20 18:05:56.902,1.12625,1.12635,1.00,1.60
2010.07.20 18:05:56.977,1.12625,1.12645,1.00,4.00
2010.07.20 18:05:57.958,1.12625,1.12645,1.00,4.80
2010.07.20 18:06:01.127,1.1263,1.12645,2.40,4.00
2010.07.20 18:06:01.289,1.12625,1.12645,1.60,3.20
2010.07.20 18:06:01.992,1.12625,1.12645,7.20,1.60
2010.07.20 18:06:02.138,1.1263,1.12645,1.00,1.60
2010.07.20 18:06:02.440,1.1263,1.1265,1.00,4.00
2010.07.20 18:06:02.739,1.1263,1.1265,2.80,4.00
2010.07.20 18:06:03.442,1.12635,1.1265,1.60,1.60
2010.07.20 18:06:03.793,1.12645,1.12665,9.20,4.00
2010.07.20 18:06:04.143,1.12645,1.12665,10.00,4.00
2010.07.20 18:06:05.464,1.12645,1.12665,6.00,4.00
2010.07.20 18:06:05.651,1.12645,1.12665,3.20,2.40
2010.07.20 18:06:06.385,1.12645,1.12665,3.60,2.40
2010.07.20 18:06:07.329,1.12645,1.12665,6.80,1.00
2010.07.20 18:06:08.752,1.12645,1.12665,2.40,2.40
2010.07.20 18:06:12.880,1.1264,1.12655,10.80,1.00
2010.07.20 18:06:13.504,1.1264,1.12655,3.20,1.00
2010.07.20 18:06:15.555,1.1263,1.1265,3.20,4.80
2010.07.20 18:06:15.630,1.1263,1.1265,3.20,4.00
2010.07.20 18:06:16.348,1.12635,1.12655,1.00,4.00
2010.07.20 18:06:17.316,1.1263,1.1265,7.20,1.00
2010.07.20 18:06:17.956,1.1263,1.1265,1.60,3.20
2010.07.20 18:06:18.095,1.1263,1.12645,1.60,1.60
2010.07.20 18:06:18.458,1.1263,1.12645,1.60,1.00
2010.07.20 18:06:20.509,1.12625,1.12645,3.20,1.00
2010.07.20 18:06:21.990,1.12625,1.12645,2.40,5.60
2010.07.20 18:06:22.261,1.12625,1.1264,1.60,1.00
2010.07.20 18:06:23.002,1.12625,1.1264,1.60,3.20
2010.07.20 18:06:23.295,1.12625,1.12635,1.60,1.00
2010.07.20 18:06:23.553,1.12625,1.12635,1.60,1.00
2010.07.20 18:06:24.071,1.1262,1.1263,1.60,1.00
2010.07.20 18:06:24.331,1.1262,1.12635,1.60,1.00
2010.07.20 18:06:39.793,1.1262,1.12635,4.80,1.00
2010.07.20 18:06:40.010,1.1262,1.12635,4.00,1.00
2010.07.20 18:06:43.429,1.1262,1.12635,5.60,1.00
2010.07.20 18:06:44.126,1.1262,1.1264,8.00,1.00
2010.07.20 18:06:44.552,1.12625,1.1264,1.60,1.00
2010.07.20 18:07:03.304,1.12625,1.12645,1.60,4.00
2010.07.20 18:07:03.956,1.12625,1.1264,1.60,1.60
2010.07.20 18:07:08.051,1.12625,1.12645,3.20,4.00
2010.07.20 18:07:08.300,1.12625,1.12645,2.40,4.00
2010.07.20 18:07:09.048,1.12625,1.12645,2.40,2.40
2010.07.20 18:07:09.263,1.12625,1.12645,3.20,1.60
2010.07.20 18:07:11.837,1.12625,1.12645,4.00,1.60
2010.07.20 18:07:12.061,1.12625,1.12645,6.40,1.60
2010.07.20 18:07:12.670,1.12625,1.12645,12.00,1.00
2010.07.20 18:07:13.019,1.1263,1.12645,4.00,1.00
2010.07.20 18:07:16.109,1.1263,1.12645,4.80,1.00
2010.07.20 18:07:16.477,1.1263,1.1265,5.60,2.40
2010.07.20 18:07:16.799,1.1263,1.1265,5.60,1.00
2010.07.20 18:07:18.438,1.1263,1.1265,7.20,1.00
2010.07.20 18:07:18.612,1.12645,1.1266,1.00,4.80
2010.07.20 18:07:18.795,1.1264,1.1266,9.60,1.60
2010.07.20 18:07:19.543,1.1264,1.1266,10.40,1.60
2010.07.20 18:07:19.722,1.1264,1.1266,5.60,4.80
2010.07.20 18:07:20.602,1.1264,1.1266,1.60,4.80
2010.07.20 18:07:20.941,1.1264,1.12655,1.60,1.00
2010.07.20 18:07:21.801,1.1264,1.1266,12.00,1.60
2010.07.20 18:07:22.515,1.1264,1.1266,12.00,1.00
2010.07.20 18:07:22.804,1.12645,1.12665,1.00,4.00
2010.07.20 18:07:27.990,1.12645,1.1267,10.40,7.20
2010.07.20 18:07:28.262,1.12645,1.1267,10.40,6.40
2010.07.20 18:07:28.530,1.1265,1.1267,1.00,6.40
2010.07.20 18:07:34.321,1.12645,1.12665,11.20,1.00
2010.07.20 18:07:35.220,1.12645,1.1266,2.40,1.00
2010.07.20 18:07:42.188,1.12645,1.1266,1.60,1.00
2010.07.20 18:07:55.358,1.12645,1.1266,1.60,1.00
2010.07.20 18:07:56.005,1.1264,1.12655,1.00,4.80
2010.07.20 18:07:56.165,1.12635,1.12655,3.20,7.20
2010.07.20 18:07:56.469,1.12635,1.12655,2.40,7.20
2010.07.20 18:07:58.434,1.12645,1.12655,1.00,4.00
2010.07.20 18:07:58.570,1.1265,1.12665,2.40,1.00
2010.07.20 18:07:59.625,1.1265,1.1267,4.80,8.00
2010.07.20 18:08:00.024,1.1265,1.1267,5.60,1.00
2010.07.20 18:08:00.375,1.1265,1.1267,6.40,1.00
2010.07.20 18:08:01.529,1.12655,1.1267,1.60,1.00
2010.07.20 18:08:03.329,1.12655,1.1267,1.60,2.40
2010.07.20 18:08:03.477,1.1265,1.12665,1.60,1.00
2010.07.20 18:08:06.589,1.12645,1.12665,10.40,1.00
2010.07.20 18:08:06.649,1.12645,1.12665,9.60,1.00
2010.07.20 18:08:07.617,1.12645,1.1266,5.60,1.00
2010.07.20 18:08:09.296,1.12645,1.1266,6.40,1.00
2010.07.20 18:08:09.532,1.12645,1.1266,10.40,1.00
2010.07.20 18:08:11.978,1.12645,1.12665,10.40,2.40
2010.07.20 18:08:13.010,1.12645,1.12665,11.20,2.40
2010.07.20 18:08:13.579,1.12645,1.12665,11.20,1.00
2010.07.20 18:08:14.154,1.12645,1.12665,3.20,1.00
2010.07.20 18:08:14.766,1.12645,1.12665,2.40,1.60
2010.07.20 18:08:15.117,1.1264,1.12655,1.60,1.00
2010.07.20 18:08:16.258,1.1264,1.12655,1.60,1.60
2010.07.20 18:08:18.029,1.1264,1.12655,2.40,1.00
2010.07.20 18:08:18.130,1.1264,1.12655,8.80,1.00
2010.07.20 18:08:18.736,1.1264,1.12655,9.60,1.00
2010.07.20 18:08:18.973,1.1264,1.1266,11.20,1.00
2010.07.20 18:08:19.207,1.1264,1.1266,7.20,2.40
2010.07.20 18:08:19.434,1.1264,1.1266,3.20,2.40
2010.07.20 18:08:19.662,1.1264,1.12655,1.60,2.40
2010.07.20 18:08:20.395,1.1264,1.1266,1.60,4.00
2010.07.20 18:08:22.151,1.1264,1.12655,1.00,1.00
2010.07.20 18:08:24.142,1.1264,1.12655,1.60,1.00
2010.07.20 18:08:24.372,1.12645,1.1266,1.00,3.20
2010.07.20 18:08:25.793,1.1264,1.12655,2.40,1.00
2010.07.20 18:08:42.557,1.1264,1.12655,1.00,1.00
2010.07.20 18:08:42.642,1.12635,1.12655,3.20,1.60
2010.07.20 18:08:44.801,1.12635,1.12655,1.00,3.20
2010.07.20 18:08:44.954,1.12635,1.12655,1.00,13.60
2010.07.20 18:08:45.100,1.12635,1.1265,1.00,1.00
2010.07.20 18:08:45.528,1.12635,1.1265,2.40,1.00
2010.07.20 18:08:46.895,1.1263,1.1265,2.40,5.60
2010.07.20 18:08:47.750,1.1263,1.1265,2.40,4.80
2010.07.20 18:08:48.769,1.1263,1.1265,2.40,6.40
2010.07.20 18:08:48.919,1.1263,1.1265,2.40,4.00
2010.07.20 18:08:49.565,1.1263,1.1265,2.40,1.60
2010.07.20 18:08:51.398,1.1263,1.1265,4.80,1.00
2010.07.20 18:08:52.215,1.1263,1.1265,6.40,1.00
2010.07.20 18:08:52.680,1.1263,1.1265,7.20,1.00
2010.07.20 18:08:52.831,1.1263,1.1265,8.00,1.00
2010.07.20 18:08:53.129,1.1263,1.12655,8.00,4.00
2010.07.20 18:08:54.352,1.1263,1.12655,16.00,4.00
2010.07.20 18:08:58.111,1.1263,1.12655,16.00,1.00
2010.07.20 18:09:01.010,1.12635,1.12655,3.20,1.00
2010.07.20 18:09:13.749,1.12635,1.12655,5.60,1.00
2010.07.20 18:09:13.920,1.12635,1.12655,8.80,1.00
2010.07.20 18:09:14.100,1.12635,1.12655,8.00,1.00
2010.07.20 18:09:14.460,1.1264,1.12655,1.00,1.00
2010.07.20 18:09:15.119,1.1264,1.1266,2.40,4.00
2010.07.20 18:09:15.275,1.1264,1.1266,1.60,4.00
2010.07.20 18:09:20.277,1.1264,1.1266,1.60,6.40
2010.07.20 18:09:20.421,1.1264,1.12655,1.60,1.00
2010.07.20 18:09:20.511,1.1264,1.12655,1.60,1.00
2010.07.20 18:09:21.450,1.1264,1.12655,1.60,2.40
2010.07.20 18:09:21.648,1.12635,1.12655,2.40,2.40
2010.07.20 18:09:32.829,1.12635,1.1265,1.60,1.00
2010.07.20 18:09:33.100,1.1263,1.1265,2.40,3.20
2010.07.20 18:09:35.252,1.1263,1.12645,1.60,1.00
2010.07.20 18:09:36.350,1.12625,1.12645,5.60,1.00
2010.07.20 18:09:36.657,1.1263,1.12645,3.20,1.00
2010.07.20 18:09:36.952,1.1263,1.12645,5.60,1.00
2010.07.20 18:09:37.781,1.1263,1.1265,5.60,1.00
2010.07.20 18:09:39.098,1.1263,1.1265,4.00,1.00
2010.07.20 18:09:39.920,1.1263,1.1265,3.20,1.00
2010.07.20 18:09:40.133,1.1263,1.1265,2.40,4.80
2010.07.20 18:09:40.339,1.1263,1.1265,2.40,5.60
2010.07.20 18:09:40.553,1.1263,1.1265,2.40,2.40
2010.07.20 18:09:41.311,1.1263,1.1265,4.00,1.00
2010.07.20 18:09:42.589,1.1263,1.1265,1.00,10.40
2010.07.20 18:09:42.751,1.12625,1.12645,4.80,1.00
2010.07.20 18:09:42.911,1.12625,1.12645,5.60,1.00
2010.07.20 18:09:43.072,1.12625,1.12645,3.20,2.40
2010.07.20 18:09:47.381,1.12625,1.12645,3.20,1.00
2010.07.20 18:09:48.488,1.12625,1.12645,1.60,4.80
2010.07.20 18:09:48.640,1.12625,1.12645,1.60,6.40
2010.07.20 18:09:50.575,1.12625,1.12645,1.60,2.40
2010.07.20 18:09:52.478,1.12625,1.12645,3.20,2.40
2010.07.20 18:09:53.078,1.12625,1.12645,1.60,2.40
2010.07.20 18:09:54.352,1.12625,1.12645,1.60,4.00
2010.07.20 18:09:59.964,1.12615,1.1264,3.20,15.20
2010.07.20 18:10:00.123,1.12615,1.12635,3.20,1.60
2010.07.20 18:10:00.280,1.12615,1.12635,3.20,2.40
2010.07.20 18:10:01.750,1.1262,1.1264,4.00,2.40
2010.07.20 18:10:01.840,1.1262,1.1264,4.00,1.00
2010.07.20 18:10:02.022,1.1262,1.1264,4.00,2.40
2010.07.20 18:10:03.802,1.1262,1.1264,3.20,2.40
2010.07.20 18:10:03.982,1.1262,1.1264,7.20,1.00
2010.07.20 18:10:04.520,1.1262,1.1264,5.60,1.00
2010.07.20 18:10:08.773,1.12625,1.12645,1.00,8.00
2010.07.20 18:10:15.099,1.12625,1.12645,2.40,8.00
2010.07.20 18:10:20.089,1.12625,1.12645,1.00,8.00
2010.07.20 18:10:20.321,1.12625,1.1264,1.00,5.60
2010.07.20 18:10:21.015,1.12625,1.1264,1.00,8.00
2010.07.20 18:10:22.699,1.1262,1.12635,1.60,4.00
2010.07.20 18:10:22.922,1.12615,1.12635,3.20,4.80
2010.07.20 18:10:25.966,1.1261,1.12635,3.20,9.20
2010.07.20 18:10:27.848,1.12615,1.12635,4.00,1.00
2010.07.20 18:10:27.971,1.1262,1.1264,1.00,4.00
2010.07.20 18:10:28.087,1.12625,1.1264,1.60,3.20
2010.07.20 18:10:28.827,1.12625,1.1264,1.00,1.60
2010.07.20 18:10:29.285,1.1262,1.1264,3.20,1.60
2010.07.20 18:10:29.937,1.1262,1.1264,3.20,5.60
2010.07.20 18:10:30.112,1.1262,1.1264,3.20,9.60
2010.07.20 18:10:31.885,1.1262,1.1264,3.20,1.60
2010.07.20 18:10:33.830,1.1262,1.1264,3.20,1.00
2010.07.20 18:10:34.113,1.1263,1.1265,1.00,6.40
2010.07.20 18:10:35.265,1.1263,1.12645,1.00,1.60
2010.07.20 18:10:38.098,1.12625,1.12645,3.20,1.60
2010.07.20 18:10:45.019,1.12625,1.12645,3.20,4.00
2010.07.20 18:10:45.160,1.12625,1.1264,1.60,1.60
2010.07.20 18:10:45.300,1.12625,1.1264,1.00,3.20
2010.07.20 18:10:50.808,1.12625,1.1264,1.00,1.60
2010.07.20 18:10:51.019,1.12625,1.12645,1.60,14.00
2010.07.20 18:10:51.294,1.12625,1.12645,4.80,1.00
2010.07.20 18:10:52.038,1.1263,1.1265,1.60,2.40
2010.07.20 18:10:52.583,1.12625,1.1265,8.80,4.00
2010.07.20 18:10:52.933,1.12625,1.12645,4.80,1.00
2010.07.20 18:10:54.333,1.12625,1.12645,3.20,2.40
2010.07.20 18:10:54.574,1.12625,1.12645,1.60,2.80
2010.07.20 18:10:54.691,1.12625,1.12645,1.60,4.40
2010.07.20 18:10:54.810,1.12625,1.12645,1.60,8.00
2010.07.20 18:10:54.929,1.12625,1.12645,5.60,1.00
2010.07.20 18:10:55.701,1.12625,1.12645,7.20,1.00
2010.07.20 18:10:56.821,1.1263,1.12645,1.00,1.00
2010.07.20 18:11:01.019,1.1263,1.1265,1.00,4.00
2010.07.20 18:11:01.159,1.1263,1.1265,1.00,2.40
2010.07.20 18:11:01.240,1.1263,1.1265,1.60,2.40
2010.07.20 18:11:01.837,1.1263,1.1265,5.60,1.00
2010.07.20 18:11:01.927,1.12635,1.1265,2.40,1.00
2010.07.20 18:11:02.449,1.12635,1.1265,4.00,1.00
2010.07.20 18:11:03.812,1.12635,1.1265,1.00,1.00
2010.07.20 18:11:06.453,1.12635,1.12655,1.00,10.80
2010.07.20 18:11:15.433,1.12635,1.1265,1.00,1.00
2010.07.20 18:11:15.656,1.1263,1.1265,4.80,1.00
2010.07.20 18:11:18.892,1.1263,1.1265,1.60,14.80
2010.07.20 18:11:21.298,1.1263,1.12645,1.60,1.60
2010.07.20 18:11:32.970,1.1263,1.12645,1.00,1.60
2010.07.20 18:11:41.665,1.1263,1.1265,1.00,10.80
2010.07.20 18:11:41.947,1.1263,1.1265,1.00,2.40
2010.07.20 18:11:43.508,1.1263,1.1265,2.40,2.40
2010.07.20 18:11:43.870,1.1263,1.1265,2.40,4.00
2010.07.20 18:11:50.189,1.1263,1.12645,1.60,1.00
2010.07.20 18:11:50.511,1.1263,1.12645,1.60,2.40
2010.07.20 18:12:00.608,1.12625,1.12645,1.40,6.40
2010.07.20 18:12:00.699,1.12625,1.12645,1.40,7.20
2010.07.20 18:12:01.336,1.12625,1.12645,1.00,7.20
2010.07.20 18:12:01.440,1.12615,1.12635,8.00,2.40
2010.07.20 18:12:02.027,1.12615,1.12635,6.40,2.40
2010.07.20 18:12:04.488,1.12615,1.12635,7.00,1.00
2010.07.20 18:12:04.686,1.1262,1.12635,2.40,1.00
2010.07.20 18:12:09.079,1.1262,1.12635,4.00,1.00
2010.07.20 18:12:11.646,1.12615,1.12635,6.40,2.40
2010.07.20 18:12:11.744,1.12615,1.12635,7.00,2.40
2010.07.20 18:12:15.608,1.12615,1.12635,7.80,2.40
2010.07.20 18:12:15.738,1.12615,1.12635,8.60,2.40
2010.07.20 18:12:16.631,1.12615,1.12635,8.60,1.00
2010.07.20 18:12:16.826,1.1262,1.1264,1.60,6.40
2010.07.20 18:12:17.013,1.1262,1.1264,4.00,4.00
2010.07.20 18:12:17.455,1.12625,1.1264,1.80,3.20
2010.07.20 18:12:18.152,1.12625,1.12645,5.00,2.40
2010.07.20 18:12:18.419,1.1263,1.12645,1.60,1.60
2010.07.20 18:12:22.844,1.1263,1.12645,1.60,5.60
2010.07.20 18:12:22.969,1.12625,1.1264,1.00,1.60
2010.07.20 18:12:24.550,1.12625,1.1264,2.40,1.60
2010.07.20 18:12:27.294,1.1262,1.1264,6.40,2.40
2010.07.20 18:12:28.087,1.1262,1.12635,5.60,1.00
2010.07.20 18:12:28.314,1.1262,1.12635,4.00,1.00
2010.07.20 18:12:28.541,1.1262,1.12635,4.80,1.00
2010.07.20 18:12:33.798,1.1262,1.12635,4.00,1.00
2010.07.20 18:12:37.658,1.1262,1.12635,4.00,1.60
2010.07.20 18:12:37.900,1.1262,1.12635,4.00,1.00
2010.07.20 18:12:42.750,1.1262,1.1264,5.60,4.00
2010.07.20 18:12:43.417,1.1262,1.12635,5.60,1.60
2010.07.20 18:12:45.746,1.1262,1.12635,4.00,1.60
2010.07.20 18:12:52.099,1.12615,1.12635,7.20,2.40
2010.07.20 18:12:54.968,1.12615,1.12635,6.40,2.40
2010.07.20 18:12:55.269,1.12615,1.12635,7.20,2.40
2010.07.20 18:13:02.891,1.12615,1.12635,7.80,2.40
2010.07.20 18:13:03.589,1.1262,1.12635,2.40,2.40
2010.07.20 18:13:04.748,1.1262,1.12635,4.00,2.40
2010.07.20 18:13:08.820,1.1262,1.12635,4.00,2.40
2010.07.20 18:13:08.899,1.1262,1.12635,4.80,1.60
2010.07.20 18:13:08.981,1.1262,1.12635,4.00,1.60
2010.07.20 18:13:09.688,1.1262,1.12635,4.00,1.60
2010.07.20 18:13:09.769,1.1262,1.12635,4.00,2.40
2010.07.20 18:13:12.298,1.1262,1.12635,1.60,2.40
2010.07.20 18:13:12.358,1.1262,1.12635,1.60,8.00
2010.07.20 18:13:12.482,1.1262,1.1263,1.60,1.60
2010.07.20 18:13:12.730,1.1262,1.12635,1.60,2.40
2010.07.20 18:13:14.201,1.12615,1.12635,5.60,2.40
2010.07.20 18:13:14.369,1.12615,1.1263,5.60,1.60
2010.07.20 18:13:16.713,1.12615,1.1263,4.00,1.60
2010.07.20 18:13:16.815,1.12615,1.12625,1.00,1.60
2010.07.20 18:13:17.423,1.1261,1.1263,8.00,1.60
2010.07.20 18:13:17.761,1.1261,1.1263,6.40,1.60
2010.07.20 18:13:21.908,1.12615,1.1263,1.00,1.60
2010.07.20 18:13:21.998,1.12615,1.1263,3.20,1.60
2010.07.20 18:13:22.040,1.12615,1.1263,3.20,1.00
2010.07.20 18:13:22.218,1.12615,1.1263,4.80,1.00
2010.07.20 18:13:28.697,1.12615,1.1263,6.40,1.00
2010.07.20 18:13:30.401,1.12615,1.1263,7.20,1.00
2010.07.20 18:13:30.522,1.12615,1.12635,7.20,2.40
2010.07.20 18:13:32.231,1.1262,1.12635,3.20,1.60
2010.07.20 18:13:32.831,1.1262,1.12635,4.00,1.60
2010.07.20 18:13:33.339,1.1262,1.12635,5.60,1.60
2010.07.20 18:13:34.966,1.1262,1.12635,4.80,1.60
2010.07.20 18:13:37.139,1.1262,1.12635,2.40,1.60
2010.07.20 18:13:37.168,1.1262,1.12635,1.00,1.60
2010.07.20 18:13:42.970,1.12625,1.12635,1.60,1.60
2010.07.20 18:13:43.709,1.1263,1.1265,5.60,4.00
2010.07.20 18:13:43.859,1.1263,1.1265,6.40,4.00
2010.07.20 18:13:51.569,1.1263,1.1265,7.20,4.00
2010.07.20 18:13:52.283,1.1263,1.1265,7.20,1.60
2010.07.20 18:13:53.233,1.12635,1.1265,4.00,1.00
2010.07.20 18:13:54.081,1.12635,1.1265,5.60,1.00
2010.07.20 18:13:55.808,1.12635,1.1265,4.00,1.00
2010.07.20 18:13:55.979,1.12635,1.1265,4.80,1.60
2010.07.20 18:13:56.718,1.12635,1.1265,1.60,3.20
2010.07.20 18:13:56.894,1.1263,1.12645,3.20,1.60
2010.07.20 18:13:57.070,1.1263,1.1265,3.20,3.20
2010.07.20 18:13:58.303,1.1263,1.1265,3.20,2.40
2010.07.20 18:14:00.760,1.1263,1.1265,3.20,4.00
2010.07.20 18:14:02.760,1.1263,1.12645,3.20,1.60
2010.07.20 18:14:03.720,1.1263,1.1265,3.20,4.00
2010.07.20 18:14:07.709,1.1263,1.1265,5.60,4.00
2010.07.20 18:14:08.881,1.1263,1.1265,3.20,2.40
2010.07.20 18:14:10.579,1.12625,1.1264,4.00,1.60
2010.07.20 18:14:10.781,1.12625,1.1264,1.00,1.60
2010.07.20 18:14:10.883,1.1262,1.1264,6.40,1.60
2010.07.20 18:14:11.080,1.1262,1.1264,6.40,2.40
2010.07.20 18:14:14.280,1.12625,1.1264,2.40,1.60
2010.07.20 18:14:16.000,1.1262,1.1264,6.40,1.60
2010.07.20 18:14:17.474,1.1262,1.1264,5.60,1.60
2010.07.20 18:14:17.680,1.1262,1.12635,5.60,1.60
2010.07.20 18:14:17.783,1.1262,1.12635,4.00,1.60
2010.07.20 18:14:18.079,1.1262,1.12635,4.00,1.60
2010.07.20 18:14:19.730,1.1262,1.12635,4.60,1.60
2010.07.20 18:14:19.980,1.1262,1.12635,4.00,1.60
2010.07.20 18:14:22.569,1.1262,1.12635,4.00,1.60
2010.07.20 18:14:22.782,1.12615,1.1263,4.00,1.60
2010.07.20 18:14:23.427,1.12615,1.1263,4.00,1.60
2010.07.20 18:14:23.617,1.1262,1.12635,2.40,2.40
2010.07.20 18:14:25.501,1.1262,1.1263,2.40,1.60
2010.07.20 18:14:25.808,1.12615,1.1263,4.00,1.60
2010.07.20 18:14:26.571,1.12615,1.1263,1.60,1.60
2010.07.20 18:14:26.952,1.1261,1.1263,5.60,2.40
2010.07.20 18:14:27.787,1.1261,1.12625,3.20,1.60
2010.07.20 18:14:29.545,1.12615,1.12625,2.40,1.60
2010.07.20 18:14:29.727,1.12615,1.1263,4.00,2.40
2010.07.20 18:14:30.240,1.1261,1.1263,6.20,2.40
2010.07.20 18:14:30.410,1.1261,1.12625,5.60,1.60
2010.07.20 18:14:30.579,1.1261,1.1263,5.60,2.40
2010.07.20 18:14:30.751,1.1261,1.1263,4.80,2.40
2010.07.20 18:14:35.064,1.1261,1.12625,3.20,1.60
2010.07.20 18:14:35.247,1.1261,1.12625,1.00,2.40
2010.07.20 18:14:36.046,1.126,1.1262,5.60,6.40
2010.07.20 18:14:36.313,1.1259,1.1261,3.20,2.40
2010.07.20 18:14:38.512,1.1259,1.1261,2.40,2.40
2010.07.20 18:14:42.465,1.1259,1.1261,3.20,2.40
2010.07.20 18:14:44.323,1.1259,1.1261,3.20,4.80
2010.07.20 18:14:44.590,1.1259,1.1261,1.60,2.40
2010.07.20 18:14:46.820,1.1259,1.1261,3.20,2.40
2010.07.20 18:14:47.766,1.12595,1.1261,1.00,1.60
2010.07.20 18:14:48.087,1.12595,1.12615,1.00,10.40
2010.07.20 18:14:48.824,1.126,1.12615,1.00,10.40
2010.07.20 18:14:49.053,1.12605,1.1262,1.00,3.20
2010.07.20 18:14:51.125,1.1261,1.12625,1.60,3.20
2010.07.20 18:14:51.280,1.1261,1.12625,3.20,1.60
2010.07.20 18:14:53.092,1.12615,1.1263,1.00,1.60
2010.07.20 18:14:53.851,1.1261,1.1263,8.80,2.40
2010.07.20 18:14:54.203,1.1261,1.1262,1.60,1.60
2010.07.20 18:14:55.432,1.1261,1.12625,1.60,1.60
2010.07.20 18:14:55.772,1.1261,1.12625,1.60,2.40
2010.07.20 18:14:56.117,1.12605,1.1262,1.60,1.60
2010.07.20 18:14:56.953,1.12605,1.12615,1.60,1.60
2010.07.20 18:14:58.899,1.12605,1.12615,1.60,4.80
2010.07.20 18:14:59.029,1.1259,1.12605,4.40,1.60
2010.07.20 18:14:59.148,1.1259,1.12605,6.80,1.60
2010.07.20 18:14:59.805,1.1259,1.1261,3.60,2.40
2010.07.20 18:15:00.123,1.1259,1.1261,2.80,2.40
2010.07.20 18:15:01.305,1.1259,1.1261,3.60,1.60
2010.07.20 18:15:01.560,1.1259,1.1261,4.40,1.60
2010.07.20 18:15:01.816,1.1259,1.1261,5.20,1.60
2010.07.20 18:15:02.062,1.1259,1.1261,2.80,4.00
2010.07.20 18:15:02.312,1.1259,1.1261,4.40,2.40
2010.07.20 18:15:07.750,1.1259,1.126,1.00,1.00
2010.07.20 18:15:10.729,1.1259,1.126,1.20,1.00
2010.07.20 18:15:10.769,1.126,1.12605,1.00,8.84
2010.07.20 18:15:12.409,1.1259,1.126,1.00,1.00
2010.07.20 18:15:14.496,1.1259,1.126,1.00,2.40
2010.07.20 18:15:14.829,1.1259,1.126,1.00,4.00
2010.07.20 18:15:15.589,1.1259,1.126,1.00,1.60
2010.07.20 18:15:15.893,1.1259,1.12605,1.00,4.00
2010.07.20 18:15:17.325,1.1259,1.12605,1.00,2.40
2010.07.20 18:15:17.464,1.1259,1.1261,1.90,10.40
2010.07.20 18:15:17.729,1.1259,1.12605,1.90,1.60
2010.07.20 18:15:17.992,1.1259,1.12605,1.90,2.40
2010.07.20 18:15:18.254,1.1259,1.126,1.00,1.60
2010.07.20 18:15:19.057,1.1259,1.126,1.00,1.60
2010.07.20 18:15:19.258,1.1259,1.126,1.00,1.60
2010.07.20 18:15:21.049,1.1258,1.12595,4.00,1.00
2010.07.20 18:15:21.346,1.1259,1.12595,3.70,1.00
2010.07.20 18:15:21.575,1.1258,1.12595,2.00,1.00
2010.07.20 18:15:22.280,1.1258,1.126,4.00,4.00
2010.07.20 18:15:22.734,1.1258,1.12595,1.60,2.40
2010.07.20 18:15:23.650,1.12575,1.12595,5.60,2.40
2010.07.20 18:15:24.481,1.1257,1.1258,8.80,2.40
2010.07.20 18:15:24.698,1.1257,1.1258,8.00,1.60
2010.07.20 18:15:24.911,1.12565,1.1258,1.60,1.60
2010.07.20 18:15:25.825,1.12575,1.1258,1.00,1.00
2010.07.20 18:15:26.308,1.12565,1.12575,1.60,2.40
2010.07.20 18:15:26.873,1.12555,1.12575,6.40,3.20
2010.07.20 18:15:27.148,1.1255,1.1257,1.00,6.40
2010.07.20 18:15:28.972,1.1255,1.12565,1.00,1.60
2010.07.20 18:15:32.709,1.12545,1.12565,5.60,1.60
2010.07.20 18:15:33.040,1.12545,1.12565,6.00,1.60
2010.07.20 18:15:33.370,1.12545,1.12565,5.60,1.60
2010.07.20 18:15:34.201,1.12545,1.12565,4.80,1.60
2010.07.20 18:15:34.311,1.12545,1.12565,4.00,1.60
2010.07.20 18:15:35.709,1.12545,1.12565,4.40,1.60
2010.07.20 18:15:35.990,1.12545,1.12565,4.80,1.60
2010.07.20 18:15:36.868,1.12545,1.12565,5.20,1.60
2010.07.20 18:15:36.979,1.12545,1.12565,5.60,1.60
2010.07.20 18:15:38.190,1.1255,1.1257,5.60,4.00
2010.07.20 18:15:38.431,1.1255,1.1257,8.00,4.80
2010.07.20 18:15:38.671,1.1255,1.1257,8.00,6.40
2010.07.20 18:15:38.910,1.1255,1.1257,4.00,6.40
2010.07.20 18:15:39.557,1.12545,1.1257,5.60,10.40
2010.07.20 18:15:39.795,1.12545,1.12565,4.80,2.40
2010.07.20 18:15:41.611,1.12545,1.12565,3.20,4.80
2010.07.20 18:15:41.755,1.12545,1.12565,3.20,4.00
2010.07.20 18:15:42.523,1.12545,1.1256,3.20,1.60
2010.07.20 18:15:43.819,1.1255,1.12565,2.40,2.40
2010.07.20 18:15:44.147,1.1255,1.1257,4.00,4.00
2010.07.20 18:15:45.204,1.1255,1.1257,4.40,2.40
2010.07.20 18:15:48.109,1.1255,1.1257,5.20,2.40
2010.07.20 18:15:48.300,1.12555,1.1257,2.80,1.60
2010.07.20 18:15:48.490,1.1256,1.12575,1.60,2.40
2010.07.20 18:15:50.883,1.12555,1.12575,5.60,2.40
2010.07.20 18:15:51.144,1.12555,1.12575,5.60,1.60
2010.07.20 18:15:51.417,1.1256,1.12575,1.00,2.40
2010.07.20 18:15:52.263,1.1256,1.12575,1.60,2.40
2010.07.20 18:15:53.360,1.1256,1.12575,1.60,2.40
2010.07.20 18:15:53.561,1.1256,1.1257,1.00,1.00
2010.07.20 18:15:53.763,1.1256,1.1257,1.60,2.40
2010.07.20 18:15:53.960,1.12555,1.12575,5.60,2.40
2010.07.20 18:15:54.160,1.12555,1.12575,6.00,2.40
2010.07.20 18:15:55.171,1.1256,1.1257,1.60,1.00
2010.07.20 18:15:55.460,1.1256,1.1257,1.60,2.40
2010.07.20 18:15:55.570,1.1256,1.1257,1.60,1.00
2010.07.20 18:15:55.679,1.1256,1.12575,1.60,2.40
2010.07.20 18:15:55.790,1.1256,1.1257,1.60,1.60
2010.07.20 18:15:56.339,1.1256,1.12575,1.60,2.40
2010.07.20 18:15:58.229,1.12555,1.12575,4.00,2.40
2010.07.20 18:15:58.391,1.12555,1.1257,1.60,2.40
2010.07.20 18:15:58.552,1.12555,1.12565,1.60,1.60
2010.07.20 18:15:59.298,1.12555,1.1257,1.60,2.40
2010.07.20 18:16:03.918,1.12555,1.1256,1.60,2.40
2010.07.20 18:16:04.171,1.12545,1.1256,5.60,1.00
2010.07.20 18:16:04.978,1.12545,1.1256,1.60,1.00
2010.07.20 18:16:05.222,1.12545,1.1256,2.00,1.00
2010.07.20 18:16:05.394,1.12545,1.1256,4.40,1.00
2010.07.20 18:16:05.573,1.12545,1.12565,5.20,1.60
2010.07.20 18:16:06.128,1.1255,1.12565,2.40,1.60
2010.07.20 18:16:06.312,1.1255,1.12565,4.40,1.00
2010.07.20 18:16:06.533,1.1255,1.12565,8.40,1.00
2010.07.20 18:16:08.841,1.1255,1.1257,9.20,2.40
2010.07.20 18:16:09.590,1.1255,1.1257,10.00,1.60
2010.07.20 18:16:09.939,1.1256,1.1258,5.20,4.00
2010.07.20 18:16:12.505,1.1256,1.1258,3.60,2.40
2010.07.20 18:16:12.789,1.1256,1.1258,5.20,2.40
2010.07.20 18:16:15.659,1.1256,1.1258,2.80,2.40
2010.07.20 18:16:20.529,1.1256,1.1258,2.80,1.60
2010.07.20 18:16:20.661,1.1256,1.12585,8.80,4.80
2010.07.20 18:16:20.790,1.12565,1.12585,3.10,2.40
2010.07.20 18:16:20.920,1.12565,1.12585,4.70,2.40
2010.07.20 18:16:22.170,1.12565,1.12585,5.10,2.40
2010.07.20 18:16:22.633,1.12565,1.12585,2.40,2.40
2010.07.20 18:16:22.804,1.12565,1.12585,4.40,2.40
2010.07.20 18:16:24.413,1.12565,1.12585,6.00,4.00
2010.07.20 18:16:25.009,1.12565,1.12585,3.60,4.00
2010.07.20 18:16:25.089,1.12565,1.12585,1.60,4.00
2010.07.20 18:16:25.169,1.12565,1.1258,1.60,1.00
2010.07.20 18:16:31.344,1.12565,1.1258,1.60,2.40
2010.07.20 18:16:43.690,1.12565,1.1258,4.00,2.40
2010.07.20 18:16:44.395,1.12575,1.1259,3.20,1.60
2010.07.20 18:16:44.541,1.12575,1.12595,3.20,2.40
2010.07.20 18:16:44.881,1.12575,1.126,4.00,10.40
2010.07.20 18:16:50.395,1.12575,1.1259,2.40,1.00
2010.07.20 18:16:50.489,1.1257,1.12585,1.00,1.60
2010.07.20 18:16:50.660,1.12565,1.12585,2.40,1.60
2010.07.20 18:16:51.549,1.12565,1.12585,2.40,2.40
2010.07.20 18:16:56.830,1.1257,1.12585,1.00,1.60
2010.07.20 18:16:58.238,1.1257,1.1259,1.00,4.00
2010.07.20 18:16:59.520,1.1257,1.1259,2.40,4.00
2010.07.20 18:17:00.392,1.1257,1.1259,2.40,6.40
2010.07.20 18:17:00.531,1.1257,1.1259,2.40,4.00
2010.07.20 18:17:01.520,1.1257,1.1259,3.20,3.20
2010.07.20 18:17:03.854,1.1257,1.1259,3.20,1.60
2010.07.20 18:17:04.019,1.1257,1.1259,4.00,1.60
2010.07.20 18:17:04.109,1.1257,1.1259,10.40,1.60
2010.07.20 18:17:04.200,1.12575,1.1259,1.00,1.60
2010.07.20 18:17:04.291,1.1258,1.12595,1.00,1.60
2010.07.20 18:17:04.895,1.1258,1.12595,1.60,1.60
2010.07.20 18:17:05.053,1.1258,1.126,3.20,3.20
2010.07.20 18:17:07.919,1.12585,1.126,1.00,1.60
2010.07.20 18:17:10.611,1.12585,1.12605,1.00,4.00
2010.07.20 18:17:13.024,1.1259,1.1261,2.40,8.00
2010.07.20 18:17:13.302,1.1259,1.1261,4.00,4.00
2010.07.20 18:17:14.089,1.1259,1.1261,4.00,2.40
2010.07.20 18:17:14.311,1.1259,1.1261,4.80,2.40
2010.07.20 18:17:15.895,1.1259,1.1261,5.60,2.40
2010.07.20 18:17:15.978,1.126,1.12615,2.40,1.60
2010.07.20 18:17:16.119,1.126,1.1262,2.40,4.00
2010.07.20 18:17:25.451,1.126,1.12615,2.40,1.60
2010.07.20 18:17:27.265,1.126,1.1262,3.20,4.00
2010.07.20 18:17:27.454,1.126,1.1262,4.00,4.00
2010.07.20 18:17:30.026,1.12605,1.12625,1.00,4.80
2010.07.20 18:17:30.202,1.12605,1.12625,3.20,1.60
2010.07.20 18:17:30.808,1.12605,1.12625,2.40,1.60
2010.07.20 18:17:30.997,1.1261,1.1263,2.40,6.40
2010.07.20 18:17:31.245,1.1261,1.12625,2.40,1.60
2010.07.20 18:17:33.141,1.1261,1.12625,1.00,1.60
2010.07.20 18:17:33.324,1.1261,1.12625,4.00,1.60
2010.07.20 18:17:33.584,1.12615,1.1263,1.00,1.60
2010.07.20 18:17:33.842,1.12615,1.1263,1.60,1.60
2010.07.20 18:17:37.219,1.12615,1.1263,4.00,1.60
2010.07.20 18:17:37.339,1.12615,1.12635,4.00,1.60
2010.07.20 18:17:37.531,1.12615,1.12635,1.60,1.60
2010.07.20 18:17:38.315,1.1262,1.1264,2.00,4.00
2010.07.20 18:17:38.531,1.1262,1.1264,1.60,4.00
2010.07.20 18:17:40.780,1.1262,1.12635,1.60,1.60
2010.07.20 18:17:41.995,1.12615,1.12635,3.20,9.60
2010.07.20 18:17:42.521,1.12615,1.12635,2.40,9.60
2010.07.20 18:17:44.760,1.12615,1.12635,2.40,10.40
2010.07.20 18:17:44.974,1.12615,1.1263,2.40,1.60
2010.07.20 18:17:45.926,1.12615,1.1263,1.60,1.60
2010.07.20 18:17:50.268,1.1261,1.1263,3.20,1.60
2010.07.20 18:17:53.289,1.1261,1.1263,3.20,3.20
2010.07.20 18:17:54.064,1.12615,1.1263,1.00,3.20
2010.07.20 18:17:54.580,1.12615,1.1263,1.60,3.20
2010.07.20 18:17:55.378,1.12615,1.12635,1.60,3.20
2010.07.20 18:17:58.084,1.12615,1.12635,3.20,3.20
2010.07.20 18:17:58.099,1.12615,1.12635,5.60,3.20
2010.07.20 18:17:58.249,1.12615,1.12635,6.40,1.60
2010.07.20 18:17:58.401,1.12615,1.12635,4.00,1.60
2010.07.20 18:17:59.069,1.1262,1.1264,1.60,6.40
2010.07.20 18:17:59.939,1.1262,1.12635,1.60,1.60
2010.07.20 18:18:00.053,1.1262,1.1264,4.80,1.60
2010.07.20 18:18:00.160,1.12625,1.1264,1.60,1.60
2010.07.20 18:18:00.269,1.12625,1.1264,3.20,1.60
2010.07.20 18:18:00.579,1.12625,1.1264,3.60,1.60
2010.07.20 18:18:00.690,1.12625,1.1264,4.00,1.60
2010.07.20 18:18:02.005,1.12625,1.1264,4.40,1.60
2010.07.20 18:18:09.050,1.12625,1.12645,4.40,4.00
2010.07.20 18:18:11.780,1.12625,1.12645,4.40,6.40
2010.07.20 18:18:11.869,1.12625,1.1264,4.40,1.00
2010.07.20 18:18:11.960,1.12625,1.1264,2.40,2.40
2010.07.20 18:18:12.049,1.12625,1.1264,2.00,2.40
2010.07.20 18:18:12.261,1.12625,1.1264,3.60,1.60
2010.07.20 18:18:12.470,1.12625,1.1264,3.20,1.60
2010.07.20 18:18:12.880,1.12625,1.1264,3.60,1.60
2010.07.20 18:18:13.090,1.1263,1.1264,1.00,1.60
2010.07.20 18:18:13.955,1.12625,1.1264,2.00,2.40
2010.07.20 18:18:14.154,1.12625,1.1264,3.60,1.60
2010.07.20 18:18:15.061,1.12625,1.1264,4.00,1.60
2010.07.20 18:18:17.550,1.12625,1.1264,6.40,1.60
2010.07.20 18:18:22.200,1.12625,1.12645,6.00,4.00
2010.07.20 18:18:23.197,1.12635,1.1265,2.40,8.00
2010.07.20 18:18:23.503,1.12635,1.1265,2.80,2.40
2010.07.20 18:18:23.810,1.12635,1.1265,4.40,2.40
2010.07.20 18:18:25.098,1.12635,1.1265,4.00,2.40
2010.07.20 18:18:28.747,1.1263,1.12645,1.00,4.00
2010.07.20 18:18:30.078,1.12625,1.12645,6.00,4.00
2010.07.20 18:18:31.160,1.12625,1.12645,4.40,4.00
2010.07.20 18:18:32.012,1.1263,1.1265,5.80,2.40
2010.07.20 18:18:32.097,1.12635,1.1265,2.40,2.40
2010.07.20 18:18:36.479,1.1263,1.12645,5.20,1.00
2010.07.20 18:18:36.622,1.1263,1.12645,4.00,1.00
2010.07.20 18:18:38.519,1.1263,1.12645,2.40,1.00
2010.07.20 18:18:38.836,1.12625,1.12645,6.40,1.00
2010.07.20 18:18:39.026,1.12625,1.12645,6.40,1.60
2010.07.20 18:18:40.063,1.12625,1.12645,5.60,1.00
2010.07.20 18:18:40.400,1.12625,1.1264,3.60,1.00
2010.07.20 18:18:40.741,1.12625,1.1264,1.00,1.00
2010.07.20 18:18:41.080,1.1262,1.1264,5.60,1.00
2010.07.20 18:18:41.800,1.1262,1.1264,6.00,1.00
2010.07.20 18:18:44.649,1.1262,1.1264,6.40,1.00
2010.07.20 18:18:45.428,1.1262,1.1264,6.00,1.00
2010.07.20 18:18:50.918,1.1262,1.1264,4.00,2.40
2010.07.20 18:18:51.073,1.1262,1.1264,1.60,2.40
2010.07.20 18:18:57.259,1.1262,1.1264,4.00,2.40
2010.07.20 18:18:57.869,1.1262,1.1264,1.60,2.40
2010.07.20 18:18:58.012,1.1262,1.12635,1.60,1.60
2010.07.20 18:18:58.200,1.12615,1.12635,6.80,1.60
2010.07.20 18:18:58.586,1.12615,1.1263,2.40,1.00
2010.07.20 18:18:59.257,1.12615,1.1263,1.60,1.00
2010.07.20 18:18:59.429,1.1261,1.12625,1.60,1.00
2010.07.20 18:18:59.604,1.12605,1.12625,1.00,1.00
2010.07.20 18:18:59.773,1.126,1.12625,5.60,2.40
2010.07.20 18:19:00.641,1.126,1.1262,5.60,1.00
2010.07.20 18:19:04.018,1.126,1.1262,5.60,1.60
2010.07.20 18:19:04.900,1.126,1.1262,5.60,1.00
2010.07.20 18:19:10.173,1.126,1.1262,5.60,1.60
2010.07.20 18:19:17.199,1.126,1.1262,4.00,1.60
2010.07.20 18:19:17.451,1.126,1.12615,1.60,1.60
2010.07.20 18:19:17.580,1.126,1.12615,4.00,1.60
2010.07.20 18:19:17.653,1.126,1.1262,4.00,4.00
2010.07.20 18:19:19.575,1.126,1.1262,4.00,3.20
2010.07.20 18:19:22.196,1.126,1.1262,4.00,4.00
2010.07.20 18:19:25.752,1.126,1.1262,3.20,4.00
2010.07.20 18:19:25.887,1.12595,1.12615,5.60,1.60
2010.07.20 18:19:27.477,1.12595,1.1261,1.60,1.60
2010.07.20 18:19:27.780,1.1259,1.1261,3.20,1.60
2010.07.20 18:19:29.972,1.12595,1.1261,2.40,1.60
2010.07.20 18:19:30.187,1.1259,1.1261,5.60,1.60
2010.07.20 18:19:30.565,1.1259,1.12605,5.60,1.60
2010.07.20 18:19:31.718,1.1259,1.1261,15.00,1.60
2010.07.20 18:19:31.973,1.12595,1.12615,3.60,4.00
2010.07.20 18:19:32.222,1.12595,1.12615,4.40,4.00
2010.07.20 18:19:32.978,1.126,1.1262,2.40,4.00
2010.07.20 18:19:34.524,1.12595,1.1262,6.00,4.00
2010.07.20 18:19:34.775,1.12595,1.12615,6.00,1.60
2010.07.20 18:19:35.952,1.12595,1.1262,6.00,4.00
2010.07.20 18:19:36.976,1.126,1.1262,2.40,4.00
2010.07.20 18:19:40.164,1.126,1.1262,2.40,2.40
2010.07.20 18:19:40.434,1.12595,1.1262,6.00,2.40
2010.07.20 18:19:40.701,1.126,1.1262,1.60,2.40
2010.07.20 18:19:41.472,1.12595,1.12615,6.00,1.60
2010.07.20 18:19:42.651,1.126,1.1262,2.40,4.00
2010.07.20 18:19:43.271,1.126,1.1262,3.20,4.00
2010.07.20 18:19:48.149,1.126,1.1262,3.20,3.20
2010.07.20 18:19:48.231,1.126,1.1262,3.20,1.60
2010.07.20 18:19:48.494,1.126,1.1262,3.20,1.60
2010.07.20 18:19:49.222,1.12605,1.1262,1.00,1.60
2010.07.20 18:19:49.295,1.12605,1.12625,1.60,4.00
2010.07.20 18:19:51.739,1.12605,1.12625,4.00,4.00
2010.07.20 18:19:52.859,1.1261,1.12625,2.40,4.00
2010.07.20 18:19:53.042,1.1261,1.12625,3.20,1.00
2010.07.20 18:19:53.222,1.1261,1.1263,3.20,4.00
2010.07.20 18:19:53.881,1.1261,1.1263,4.00,3.20
2010.07.20 18:19:54.042,1.12615,1.12635,2.40,4.00
2010.07.20 18:19:54.190,1.12615,1.12635,3.20,4.00
2010.07.20 18:19:54.339,1.12615,1.12635,4.00,4.00
2010.07.20 18:20:00.072,1.1261,1.1263,5.60,1.60
2010.07.20 18:20:00.212,1.1261,1.1263,1.60,4.00
2010.07.20 18:20:00.874,1.1261,1.12625,1.60,1.60
2010.07.20 18:20:01.089,1.12605,1.1262,5.60,1.60
2010.07.20 18:20:02.043,1.12605,1.1262,3.20,1.60
2010.07.20 18:20:02.330,1.12605,1.1262,1.60,1.60
2010.07.20 18:20:26.000,1.12605,1.12625,1.60,4.00
2010.07.20 18:20:28.396,1.12605,1.12625,1.60,8.00
2010.07.20 18:20:28.498,1.12605,1.12625,1.60,12.00
2010.07.20 18:20:34.681,1.12605,1.12625,3.20,10.40
2010.07.20 18:20:34.897,1.12605,1.12625,6.60,4.80
2010.07.20 18:20:35.109,1.12615,1.1263,1.00,3.20
2010.07.20 18:20:37.845,1.12615,1.1263,4.00,1.60
2010.07.20 18:20:37.956,1.1262,1.12635,2.40,1.00
2010.07.20 18:20:38.159,1.1262,1.1264,2.40,4.00
2010.07.20 18:20:38.382,1.1262,1.1263,2.40,1.60
2010.07.20 18:20:39.260,1.12605,1.12625,1.60,3.20
2010.07.20 18:20:43.730,1.12605,1.1262,1.60,1.60
2010.07.20 18:20:44.427,1.12605,1.12615,1.00,1.00
2010.07.20 18:20:44.619,1.12595,1.1261,2.40,2.40
2010.07.20 18:20:45.459,1.1259,1.1261,4.80,2.40
2010.07.20 18:20:45.794,1.1259,1.12605,4.00,1.60
2010.07.20 18:20:47.722,1.12585,1.126,2.40,1.60
2010.07.20 18:20:48.537,1.1257,1.1259,4.00,1.60
2010.07.20 18:20:49.111,1.1257,1.1259,3.20,1.60
2010.07.20 18:20:51.482,1.12565,1.12585,1.60,1.60
2010.07.20 18:20:52.251,1.12565,1.12585,1.60,1.60
2010.07.20 18:20:52.530,1.1255,1.1257,7.20,9.60
2010.07.20 18:20:52.796,1.1255,1.12565,2.40,1.00
2010.07.20 18:20:53.496,1.12545,1.12565,3.20,1.00
2010.07.20 18:20:53.791,1.1254,1.12555,2.40,1.00
2010.07.20 18:20:54.132,1.1253,1.1255,3.20,1.00
2010.07.20 18:20:54.730,1.1253,1.1255,3.20,2.40
2010.07.20 18:20:55.087,1.12535,1.1255,2.40,1.60
2010.07.20 18:20:55.431,1.1253,1.1255,3.20,1.60
2010.07.20 18:20:56.000,1.1253,1.1255,3.20,2.40
2010.07.20 18:20:56.350,1.12525,1.12545,3.20,2.40
2010.07.20 18:20:57.204,1.12525,1.12545,1.60,3.20
2010.07.20 18:20:57.328,1.1252,1.1254,5.60,1.00
2010.07.20 18:20:57.451,1.1252,1.1254,3.20,1.00
2010.07.20 18:20:57.693,1.12525,1.12545,2.40,8.80
2010.07.20 18:20:57.811,1.12525,1.12545,3.20,4.80
2010.07.20 18:20:58.438,1.12525,1.12545,4.00,4.00
2010.07.20 18:20:58.774,1.12525,1.12545,1.00,5.60
2010.07.20 18:20:59.117,1.1252,1.12545,5.60,10.40
2010.07.20 18:21:00.634,1.1252,1.12545,5.60,11.20
2010.07.20 18:21:00.770,1.1252,1.1254,3.20,1.60
2010.07.20 18:21:01.053,1.1252,1.12545,5.60,10.40
2010.07.20 18:21:01.738,1.1252,1.1254,3.20,1.00
2010.07.20 18:21:01.987,1.1252,1.1254,5.60,2.40
2010.07.20 18:21:02.475,1.1252,1.1254,3.20,2.40
2010.07.20 18:21:03.288,1.1252,1.1254,5.60,2.40
2010.07.20 18:21:03.637,1.1252,1.1254,3.20,2.40
2010.07.20 18:21:03.983,1.1252,1.1254,5.60,2.40
2010.07.20 18:21:04.970,1.1252,1.1254,3.20,8.80
2010.07.20 18:21:05.780,1.1252,1.1254,1.60,4.80
2010.07.20 18:21:06.080,1.12515,1.12535,4.00,1.60
2010.07.20 18:21:06.335,1.12515,1.12535,4.00,3.20
2010.07.20 18:21:06.590,1.12515,1.12535,4.00,1.60
2010.07.20 18:21:07.859,1.12515,1.12535,3.20,2.40
2010.07.20 18:21:08.361,1.12515,1.12535,4.00,1.60
2010.07.20 18:21:08.652,1.1252,1.12535,2.40,1.60
2010.07.20 18:21:08.943,1.1252,1.1254,4.00,4.00
2010.07.20 18:21:13.141,1.1252,1.1254,1.60,3.20
2010.07.20 18:21:13.361,1.1252,1.1254,1.60,1.60
2010.07.20 18:21:13.581,1.1252,1.1254,1.60,3.20
2010.07.20 18:21:14.645,1.12515,1.12535,4.00,4.00
2010.07.20 18:21:14.994,1.12515,1.12535,4.00,2.40
2010.07.20 18:21:21.362,1.12515,1.12535,4.00,1.60
2010.07.20 18:21:23.000,1.12515,1.12535,4.60,1.60
2010.07.20 18:21:23.051,1.12515,1.12535,5.40,1.60
2010.07.20 18:21:23.130,1.1252,1.12535,2.40,1.60
2010.07.20 18:21:23.170,1.1252,1.12535,3.20,1.60
2010.07.20 18:21:23.210,1.1252,1.1254,3.20,6.40
2010.07.20 18:21:23.250,1.12525,1.1254,2.40,1.60
2010.07.20 18:21:26.212,1.12525,1.1254,2.40,1.00
2010.07.20 18:21:26.545,1.12525,1.12545,2.40,4.00
2010.07.20 18:21:27.202,1.12525,1.12545,3.20,4.00
2010.07.20 18:21:27.853,1.12525,1.12545,1.00,6.40
2010.07.20 18:21:27.950,1.1252,1.1254,5.60,1.00
2010.07.20 18:21:28.531,1.1252,1.1254,5.60,1.60
2010.07.20 18:21:28.855,1.1252,1.1254,3.20,1.60
2010.07.20 18:21:30.310,1.1252,1.1254,1.60,4.00
2010.07.20 18:21:30.652,1.1252,1.1254,1.60,3.20
2010.07.20 18:21:31.702,1.1252,1.1254,4.00,1.60
2010.07.20 18:21:31.753,1.1252,1.1254,4.00,1.00
2010.07.20 18:21:32.396,1.12525,1.12545,1.00,4.00
2010.07.20 18:21:33.072,1.1252,1.1254,5.60,1.00
2010.07.20 18:21:37.474,1.12525,1.1254,1.00,1.00
2010.07.20 18:21:37.681,1.1253,1.12545,2.40,1.00
2010.07.20 18:21:38.430,1.12535,1.1255,8.00,1.00
2010.07.20 18:21:40.253,1.12535,1.12555,8.80,2.40
2010.07.20 18:21:44.919,1.12535,1.12555,9.20,2.40
2010.07.20 18:21:45.321,1.12535,1.12555,10.80,2.40
2010.07.20 18:21:45.921,1.12535,1.12555,12.40,2.40
2010.07.20 18:21:46.111,1.12535,1.12555,12.40,1.60
2010.07.20 18:21:47.483,1.12535,1.12555,14.00,1.00
2010.07.20 18:21:47.783,1.1254,1.12555,1.00,1.00
2010.07.20 18:21:48.459,1.1254,1.12555,1.00,1.60
2010.07.20 18:21:48.650,1.12535,1.12555,14.80,1.60
2010.07.20 18:21:48.852,1.12535,1.12555,3.60,2.40
2010.07.20 18:21:49.050,1.12535,1.12555,1.60,2.40
2010.07.20 18:21:49.764,1.1253,1.1255,4.40,1.00
2010.07.20 18:21:50.029,1.1253,1.1255,1.00,2.40
2010.07.20 18:21:51.721,1.1253,1.1255,1.00,4.00
2010.07.20 18:21:52.339,1.12525,1.12545,4.80,1.00
2010.07.20 18:21:52.435,1.12525,1.12545,1.60,2.40
2010.07.20 18:21:52.681,1.12525,1.12545,2.00,2.40
2010.07.20 18:21:54.472,1.12525,1.12545,5.20,2.40
2010.07.20 18:21:54.663,1.12525,1.12545,7.60,2.40
2010.07.20 18:21:55.391,1.12525,1.12545,9.20,2.40
2010.07.20 18:21:57.570,1.12525,1.12545,7.20,2.40
2010.07.20 18:21:57.629,1.12525,1.1254,6.40,1.00
2010.07.20 18:21:57.692,1.12525,1.1254,2.40,1.00
2010.07.20 18:21:58.261,1.12525,1.1254,2.40,1.60
2010.07.20 18:21:58.298,1.1252,1.1254,1.60,3.20
2010.07.20 18:22:01.233,1.12525,1.1254,1.00,1.00
2010.07.20 18:22:02.060,1.12525,1.12545,4.40,4.00
2010.07.20 18:22:02.384,1.12525,1.12545,4.40,2.40
2010.07.20 18:22:06.926,1.12525,1.1254,4.40,1.60
2010.07.20 18:22:06.989,1.12525,1.12545,4.40,2.40
2010.07.20 18:22:07.060,1.12525,1.12545,10.00,2.40
2010.07.20 18:22:07.130,1.12525,1.12545,6.00,2.40
2010.07.20 18:22:07.201,1.12525,1.12545,6.00,1.60
2010.07.20 18:22:07.270,1.12525,1.12545,6.80,1.60
2010.07.20 18:22:07.401,1.12525,1.12545,8.40,1.00
2010.07.20 18:22:07.474,1.12535,1.12545,1.00,1.00
2010.07.20 18:22:08.294,1.1253,1.1255,9.60,2.40
2010.07.20 18:22:08.572,1.1253,1.12545,1.60,1.60
2010.07.20 18:22:09.183,1.12525,1.12545,3.60,1.60
2010.07.20 18:22:09.505,1.12525,1.12545,3.60,1.60
2010.07.20 18:22:11.186,1.12525,1.12545,3.60,1.60
2010.07.20 18:22:12.282,1.12525,1.12545,3.60,2.40
2010.07.20 18:22:14.842,1.1253,1.12545,1.00,1.60
2010.07.20 18:22:15.182,1.1253,1.12545,1.00,1.60
2010.07.20 18:22:15.521,1.1253,1.12545,1.60,1.60
2010.07.20 18:22:21.495,1.1253,1.12545,1.00,5.60
2010.07.20 18:22:21.567,1.12525,1.1254,1.60,1.60
2010.07.20 18:22:23.811,1.1252,1.1254,5.60,2.40
2010.07.20 18:22:24.094,1.1252,1.1254,3.20,2.40
2010.07.20 18:22:24.816,1.1252,1.12535,1.60,1.00
2010.07.20 18:22:25.038,1.1251,1.1253,9.60,1.00
2010.07.20 18:22:25.902,1.1251,1.1253,5.60,1.00
2010.07.20 18:22:26.461,1.12515,1.1253,1.00,1.00
2010.07.20 18:22:28.233,1.12515,1.1253,1.00,1.60
2010.07.20 18:22:28.572,1.1251,1.1253,3.20,1.60
2010.07.20 18:22:28.912,1.1251,1.1253,3.20,4.00
2010.07.20 18:22:29.569,1.1251,1.1253,3.20,4.80
2010.07.20 18:22:30.541,1.1251,1.1253,3.20,4.00
2010.07.20 18:22:31.243,1.1251,1.1253,5.60,2.40
2010.07.20 18:22:33.379,1.1251,1.1253,4.00,1.00
2010.07.20 18:22:34.289,1.12515,1.1253,1.00,1.00
2010.07.20 18:22:35.240,1.12515,1.1253,3.20,1.00
2010.07.20 18:22:35.401,1.12515,1.12535,4.00,2.40
2010.07.20 18:22:35.560,1.12515,1.12535,9.60,2.40
2010.07.20 18:22:36.325,1.1252,1.12535,1.00,1.60
2010.07.20 18:22:38.436,1.1253,1.12545,1.00,1.60
2010.07.20 18:22:39.535,1.1253,1.1254,1.00,1.60
2010.07.20 18:22:43.995,1.12545,1.12565,3.20,6.40
2010.07.20 18:22:44.173,1.12545,1.12565,8.80,1.60
2010.07.20 18:22:44.885,1.12545,1.12565,13.60,1.60
2010.07.20 18:22:45.062,1.12545,1.12565,17.60,1.60
2010.07.20 18:22:45.401,1.12545,1.12565,18.40,1.60
2010.07.20 18:22:45.741,1.12545,1.12565,17.60,1.60
2010.07.20 18:22:46.081,1.12545,1.12565,19.20,1.60
2010.07.20 18:22:47.269,1.12545,1.12565,20.80,1.60
2010.07.20 18:22:47.601,1.12545,1.12565,19.20,1.60
2010.07.20 18:22:47.645,1.12545,1.12565,18.40,1.60
2010.07.20 18:22:47.690,1.12545,1.1257,18.40,3.20
2010.07.20 18:22:47.809,1.12545,1.1257,16.80,3.20
2010.07.20 18:22:47.849,1.12545,1.1257,12.80,3.20
2010.07.20 18:22:47.890,1.12545,1.1257,8.80,3.20
2010.07.20 18:22:47.930,1.12545,1.1257,8.00,3.20
2010.07.20 18:22:48.011,1.12545,1.1256,4.80,4.00
2010.07.20 18:22:48.573,1.12545,1.12555,4.80,1.60
2010.07.20 18:22:48.864,1.12535,1.12555,1.60,1.60
2010.07.20 18:22:50.580,1.12535,1.12555,2.40,1.60
2010.07.20 18:22:55.878,1.12535,1.12555,2.40,3.20
2010.07.20 18:22:56.543,1.1253,1.12555,12.80,5.60
2010.07.20 18:22:57.234,1.1253,1.1255,8.00,1.60
2010.07.20 18:23:00.173,1.1253,1.1255,8.80,1.60
2010.07.20 18:23:00.324,1.1253,1.1255,9.60,1.60
2010.07.20 18:23:00.631,1.1253,1.1255,9.60,3.20
2010.07.20 18:23:02.032,1.1253,1.1255,9.60,1.60
2010.07.20 18:23:02.762,1.1253,1.1255,15.20,1.60
2010.07.20 18:23:04.031,1.12535,1.1255,1.00,1.60
2010.07.20 18:23:04.231,1.12535,1.12555,1.00,3.20
2010.07.20 18:23:04.401,1.12535,1.12555,2.40,3.20
2010.07.20 18:23:05.158,1.1255,1.12565,1.00,1.60
2010.07.20 18:23:05.425,1.12545,1.12565,1.60,1.60
2010.07.20 18:23:06.437,1.12535,1.1256,2.40,4.00
2010.07.20 18:23:06.644,1.12535,1.12555,2.40,1.60
2010.07.20 18:23:07.331,1.12535,1.1256,14.40,5.60
2010.07.20 18:23:07.674,1.12535,1.1256,12.00,5.60
2010.07.20 18:23:09.220,1.12535,1.12555,9.60,1.60
2010.07.20 18:23:09.978,1.12535,1.12555,1.60,4.00
2010.07.20 18:23:10.156,1.1253,1.1255,9.60,3.20
2010.07.20 18:23:12.513,1.1253,1.1255,10.40,3.20
2010.07.20 18:23:13.220,1.1253,1.1255,9.60,3.20
2010.07.20 18:23:13.310,1.1253,1.1255,8.00,2.40
2010.07.20 18:23:13.401,1.1253,1.1255,7.20,2.40
2010.07.20 18:23:13.991,1.1253,1.1255,2.40,6.40
2010.07.20 18:23:14.344,1.1252,1.1254,6.40,1.60
2010.07.20 18:23:16.166,1.1252,1.12535,1.00,1.60
2010.07.20 18:23:16.273,1.12515,1.12535,12.00,1.60
2010.07.20 18:23:16.381,1.12515,1.12535,5.60,1.60
2010.07.20 18:23:16.491,1.12515,1.12535,3.20,1.60
2010.07.20 18:23:17.541,1.12515,1.12535,10.40,3.20
2010.07.20 18:23:17.886,1.12515,1.12535,10.40,1.60
2010.07.20 18:23:18.790,1.1252,1.12545,11.20,3.20
2010.07.20 18:23:19.073,1.1253,1.1254,4.00,1.60
2010.07.20 18:23:20.189,1.1253,1.1255,4.80,3.20
2010.07.20 18:23:21.662,1.1253,1.1255,4.00,3.20
2010.07.20 18:23:21.971,1.12525,1.12545,2.40,1.60
2010.07.20 18:23:22.661,1.12525,1.12545,1.60,4.00
2010.07.20 18:23:22.843,1.12525,1.12545,1.00,4.00
2010.07.20 18:23:26.590,1.12525,1.12545,1.00,5.60
2010.07.20 18:23:29.645,1.12525,1.1254,1.00,1.60
2010.07.20 18:23:30.010,1.12525,1.1254,1.00,4.00
2010.07.20 18:23:30.665,1.12525,1.1254,1.00,5.60
2010.07.20 18:23:30.777,1.12515,1.1254,2.40,5.60
2010.07.20 18:23:33.694,1.12515,1.12535,2.40,1.60
2010.07.20 18:23:34.488,1.12515,1.12535,1.00,1.60
2010.07.20 18:23:34.589,1.12515,1.12535,1.00,4.00
2010.07.20 18:23:35.656,1.12515,1.12535,1.00,5.60
2010.07.20 18:23:36.415,1.1251,1.12535,5.60,5.60
2010.07.20 18:23:38.689,1.1251,1.12535,9.60,5.60
2010.07.20 18:23:44.051,1.1251,1.12535,9.60,7.20
2010.07.20 18:23:47.963,1.12515,1.12535,1.60,7.20
2010.07.20 18:23:55.919,1.12515,1.12535,1.60,4.80
2010.07.20 18:23:56.211,1.1252,1.1254,1.00,4.00
2010.07.20 18:23:56.691,1.1252,1.1254,1.60,4.00
2010.07.20 18:23:57.586,1.1252,1.1254,2.40,3.20
2010.07.20 18:23:57.650,1.12525,1.1254,2.40,3.20
2010.07.20 18:23:57.701,1.12525,1.12545,2.40,7.20
2010.07.20 18:23:57.751,1.12525,1.12545,2.40,4.80
2010.07.20 18:23:57.804,1.12525,1.12545,2.40,3.20
2010.07.20 18:23:58.423,1.12525,1.12545,1.60,7.20
2010.07.20 18:23:59.465,1.12525,1.12545,1.60,7.20
2010.07.20 18:24:00.344,1.1253,1.12545,1.60,5.60
2010.07.20 18:24:00.905,1.1253,1.12545,1.60,1.60
2010.07.20 18:24:01.207,1.12535,1.1255,1.00,3.20
2010.07.20 18:24:03.817,1.1253,1.1255,1.60,3.20
2010.07.20 18:24:04.107,1.1253,1.1255,1.60,5.60
2010.07.20 18:24:05.423,1.1253,1.1255,2.40,5.60
2010.07.20 18:24:05.652,1.1253,1.1255,4.80,3.20
2010.07.20 18:24:06.713,1.12535,1.12555,1.60,4.00
2010.07.20 18:24:07.052,1.12535,1.12555,1.60,6.40
2010.07.20 18:24:07.223,1.1254,1.1255,1.60,1.60
2010.07.20 18:24:07.391,1.1254,1.12555,1.60,3.20
2010.07.20 18:24:10.240,1.1254,1.1255,1.00,1.60
2010.07.20 18:24:10.418,1.12525,1.12545,7.20,1.60
2010.07.20 18:24:12.269,1.12525,1.12545,8.00,1.60
2010.07.20 18:24:12.304,1.12525,1.12545,5.60,1.60
2010.07.20 18:24:14.540,1.12525,1.1255,5.60,6.40
2010.07.20 18:24:15.489,1.12525,1.1255,8.00,4.00
2010.07.20 18:24:17.447,1.12525,1.1255,8.00,4.40
2010.07.20 18:24:17.549,1.12525,1.1255,8.00,6.00
2010.07.20 18:24:17.609,1.12525,1.1255,8.00,5.60
2010.07.20 18:24:17.671,1.12525,1.12545,5.60,2.40
2010.07.20 18:24:18.415,1.12525,1.12545,5.60,1.00
2010.07.20 18:24:22.461,1.12525,1.12545,5.60,2.40
2010.07.20 18:24:22.709,1.12525,1.12545,5.60,1.00
2010.07.20 18:24:27.536,1.12525,1.12545,4.00,4.00
2010.07.20 18:24:27.627,1.12525,1.12545,1.00,7.20
2010.07.20 18:24:27.794,1.12525,1.1254,1.00,1.00
2010.07.20 18:24:27.874,1.12525,1.1254,1.00,4.00
2010.07.20 18:24:28.774,1.1252,1.12535,1.60,1.60
2010.07.20 18:24:30.294,1.12515,1.12535,5.60,1.60
2010.07.20 18:24:30.533,1.12515,1.12535,4.00,1.60
2010.07.20 18:24:32.254,1.12515,1.1253,1.60,1.60
2010.07.20 18:24:33.120,1.12515,1.1253,1.00,1.60
2010.07.20 18:24:33.343,1.1251,1.1253,7.20,4.00
2010.07.20 18:24:33.512,1.1251,1.1253,3.20,6.40
2010.07.20 18:24:33.681,1.1251,1.1253,1.00,6.40
2010.07.20 18:24:34.392,1.12505,1.1253,4.00,6.40
2010.07.20 18:24:37.860,1.12505,1.1253,5.60,6.40
2010.07.20 18:24:38.051,1.1251,1.1253,1.60,5.60
2010.07.20 18:24:38.110,1.1251,1.1253,2.40,5.60
2010.07.20 18:24:38.780,1.12515,1.1253,1.00,3.20
2010.07.20 18:24:39.131,1.12515,1.1253,1.00,1.60
2010.07.20 18:24:42.420,1.1251,1.1253,1.60,1.60
2010.07.20 18:24:43.284,1.1251,1.1253,1.60,3.20
2010.07.20 18:24:44.977,1.12505,1.12525,5.60,4.00
2010.07.20 18:24:45.324,1.12505,1.1252,1.60,1.60
2010.07.20 18:24:46.155,1.1251,1.1253,1.00,7.60
2010.07.20 18:24:46.443,1.1251,1.1253,1.00,4.00
2010.07.20 18:24:46.673,1.1251,1.1253,1.00,6.40
2010.07.20 18:24:48.022,1.12505,1.1253,3.20,6.40
2010.07.20 18:24:48.670,1.12505,1.12525,3.20,1.00
2010.07.20 18:24:49.852,1.125,1.1252,2.40,2.40
2010.07.20 18:24:50.157,1.125,1.12515,1.60,1.00
2010.07.20 18:24:53.349,1.12495,1.12515,3.20,1.60
2010.07.20 18:24:53.482,1.12495,1.12515,2.40,1.60
2010.07.20 18:24:53.614,1.12495,1.12515,2.40,3.20
2010.07.20 18:24:55.871,1.12495,1.12515,1.60,4.40
2010.07.20 18:24:56.503,1.12495,1.12515,1.60,6.80
2010.07.20 18:24:56.712,1.125,1.12515,3.20,1.00
2010.07.20 18:24:57.479,1.125,1.12515,2.40,1.00
2010.07.20 18:24:57.686,1.12495,1.12515,1.60,2.40
2010.07.20 18:25:00.970,1.12495,1.12515,2.40,2.40
2010.07.20 18:25:01.242,1.12495,1.12515,8.80,1.60
2010.07.20 18:25:02.001,1.125,1.1252,1.60,2.40
2010.07.20 18:25:02.168,1.125,1.1252,2.40,2.40
2010.07.20 18:25:02.331,1.125,1.1252,1.60,1.00
2010.07.20 18:25:03.323,1.125,1.12515,1.60,2.40
2010.07.20 18:25:03.592,1.12495,1.12515,2.40,4.00
2010.07.20 18:25:06.556,1.12495,1.12515,4.80,1.00
2010.07.20 18:25:06.836,1.12495,1.12515,3.20,1.60
2010.07.20 18:25:07.116,1.12495,1.1251,4.00,1.00
2010.07.20 18:25:08.125,1.12495,1.12515,6.40,1.00
2010.07.20 18:25:09.961,1.12495,1.12515,8.00,1.00
2010.07.20 18:25:12.165,1.12495,1.1252,8.80,4.00
2010.07.20 18:25:12.454,1.12495,1.1252,7.20,4.00
2010.07.20 18:25:15.030,1.12495,1.1252,8.80,4.00
2010.07.20 18:25:21.671,1.12495,1.1252,9.60,2.40
2010.07.20 18:25:21.876,1.12495,1.1252,9.60,4.00
2010.07.20 18:25:21.980,1.12495,1.1252,8.80,4.00
2010.07.20 18:25:26.988,1.12495,1.12515,8.80,1.00
2010.07.20 18:25:28.733,1.12495,1.12515,5.60,1.00
2010.07.20 18:25:28.890,1.12495,1.12515,1.60,4.00
2010.07.20 18:25:29.043,1.12495,1.1251,1.60,1.00
2010.07.20 18:25:29.196,1.12495,1.1251,1.60,1.00
2010.07.20 18:25:29.355,1.1249,1.1251,15.20,1.00
2010.07.20 18:25:30.300,1.1249,1.1251,2.40,2.40
2010.07.20 18:25:30.625,1.1249,1.1251,3.20,4.00
2010.07.20 18:25:31.510,1.1249,1.1251,7.20,1.60
2010.07.20 18:25:31.855,1.1249,1.1251,3.20,1.60
2010.07.20 18:25:32.772,1.1249,1.1251,3.20,3.20
2010.07.20 18:25:34.403,1.1249,1.1251,3.20,1.60
2010.07.20 18:25:34.576,1.1249,1.12505,1.60,4.00
2010.07.20 18:25:35.256,1.12485,1.12505,2.40,2.40
2010.07.20 18:25:35.512,1.1248,1.12505,11.20,4.00
2010.07.20 18:25:36.013,1.12485,1.12505,1.00,4.00
2010.07.20 18:25:38.729,1.1248,1.125,11.20,1.00
2010.07.20 18:25:39.280,1.12485,1.12505,1.00,4.00
2010.07.20 18:25:40.349,1.12485,1.12505,2.40,4.00
2010.07.20 18:25:40.849,1.12485,1.12505,2.40,2.40
2010.07.20 18:25:41.835,1.12495,1.12505,4.80,1.00
2010.07.20 18:25:42.192,1.12495,1.1252,6.80,4.00
2010.07.20 18:25:43.602,1.12495,1.1251,3.20,1.60
2010.07.20 18:25:43.763,1.12495,1.1251,1.60,1.60
2010.07.20 18:25:44.081,1.12495,1.1251,1.60,1.60
2010.07.20 18:25:46.938,1.1249,1.1251,8.80,2.40
2010.07.20 18:25:47.083,1.1249,1.1251,2.40,2.40
2010.07.20 18:25:48.060,1.1249,1.1251,1.00,2.40
2010.07.20 18:25:48.786,1.1249,1.1251,1.00,4.80
2010.07.20 18:25:50.910,1.1249,1.1251,1.00,6.40
2010.07.20 18:25:57.221,1.1249,1.1251,1.00,4.00
2010.07.20 18:25:57.403,1.1249,1.1251,1.00,2.40
2010.07.20 18:25:59.467,1.1249,1.1251,8.00,1.00
2010.07.20 18:25:59.646,1.1249,1.1251,5.60,1.00
2010.07.20 18:25:59.822,1.1249,1.1251,3.20,1.00
2010.07.20 18:26:01.752,1.1249,1.1251,6.40,1.00
2010.07.20 18:26:01.953,1.12495,1.12515,2.40,4.00
2010.07.20 18:26:02.151,1.12495,1.12515,2.40,2.40
2010.07.20 18:26:02.711,1.1249,1.12515,12.00,4.00
2010.07.20 18:26:03.362,1.1249,1.1251,12.00,1.00
2010.07.20 18:26:05.511,1.1249,1.1251,8.00,1.00
2010.07.20 18:26:05.726,1.1249,1.1251,5.60,1.00
2010.07.20 18:26:07.432,1.1249,1.1251,12.00,1.00
2010.07.20 18:26:07.656,1.1249,1.1251,9.60,1.00
2010.07.20 18:26:11.149,1.1249,1.1251,3.20,4.00
2010.07.20 18:26:11.961,1.1249,1.1251,2.40,4.80
2010.07.20 18:26:16.852,1.12475,1.12495,1.00,2.40
2010.07.20 18:26:16.934,1.12475,1.12495,3.20,2.40
2010.07.20 18:26:17.690,1.12475,1.12495,4.80,2.40
2010.07.20 18:26:20.072,1.12475,1.12495,3.20,2.40
2010.07.20 18:26:20.186,1.12475,1.12495,1.00,2.40
2010.07.20 18:26:20.521,1.12475,1.1249,1.00,1.60
2010.07.20 18:26:21.494,1.12475,1.12495,1.00,2.40
2010.07.20 18:26:25.872,1.12475,1.12495,1.00,4.00
2010.07.20 18:26:26.619,1.12475,1.1249,1.00,1.60
2010.07.20 18:26:27.589,1.12465,1.1248,1.60,1.00
2010.07.20 18:26:27.706,1.1246,1.1248,9.20,1.00
2010.07.20 18:26:27.816,1.1246,1.12475,9.20,1.60
2010.07.20 18:26:28.364,1.1246,1.12475,5.20,1.60
2010.07.20 18:26:28.481,1.1246,1.1248,1.60,3.20
2010.07.20 18:26:28.595,1.1246,1.1248,3.20,3.20
2010.07.20 18:26:30.033,1.1246,1.1248,6.40,1.60
2010.07.20 18:26:30.078,1.1246,1.12485,6.40,4.00
2010.07.20 18:26:30.848,1.1246,1.12485,10.40,4.00
2010.07.20 18:26:30.899,1.12465,1.12485,4.00,2.40
2010.07.20 18:26:31.335,1.12465,1.12485,4.80,1.60
2010.07.20 18:26:31.688,1.1247,1.12485,2.40,1.60
2010.07.20 18:26:32.721,1.1247,1.12485,2.40,1.60
2010.07.20 18:26:33.481,1.1247,1.12485,2.40,2.40
2010.07.20 18:26:33.592,1.1247,1.12485,2.40,2.40
2010.07.20 18:26:34.596,1.12465,1.12485,8.60,1.60
2010.07.20 18:26:34.844,1.12465,1.12485,9.40,1.60
2010.07.20 18:26:35.326,1.12465,1.12485,3.20,4.40
2010.07.20 18:26:35.950,1.12465,1.12485,5.60,2.80
2010.07.20 18:26:36.303,1.12475,1.1249,2.40,1.60
2010.07.20 18:26:37.272,1.12475,1.12495,3.80,2.40
2010.07.20 18:26:37.924,1.1248,1.125,2.40,4.00
2010.07.20 18:26:38.022,1.1248,1.125,2.40,1.60
2010.07.20 18:26:38.123,1.1248,1.125,2.40,3.20
2010.07.20 18:26:38.782,1.12495,1.12505,2.40,1.00
2010.07.20 18:26:38.894,1.12495,1.1251,3.20,1.60
2010.07.20 18:26:42.939,1.12485,1.12505,2.40,1.00
2010.07.20 18:26:44.269,1.12485,1.12505,2.40,2.40
2010.07.20 18:26:44.594,1.12485,1.12505,2.40,4.00
2010.07.20 18:26:45.042,1.12485,1.12505,4.80,2.40
2010.07.20 18:26:45.915,1.12485,1.12505,2.40,2.40
2010.07.20 18:26:46.198,1.12485,1.12505,4.80,2.40
2010.07.20 18:26:46.472,1.12485,1.12505,7.80,1.60
2010.07.20 18:26:47.915,1.12485,1.12505,7.80,2.40
2010.07.20 18:26:48.687,1.12485,1.12505,5.40,2.40
2010.07.20 18:26:48.759,1.12485,1.12505,2.40,4.00
2010.07.20 18:26:49.485,1.1248,1.125,7.20,1.00
2010.07.20 18:26:50.320,1.1248,1.125,5.60,1.60
2010.07.20 18:26:51.127,1.12485,1.125,3.40,1.60
2010.07.20 18:26:51.274,1.12485,1.125,1.00,1.60
2010.07.20 18:26:51.625,1.1248,1.12505,7.20,4.00
2010.07.20 18:26:52.312,1.1248,1.12505,8.00,2.40
2010.07.20 18:26:52.532,1.12485,1.12505,4.60,1.00
2010.07.20 18:26:53.396,1.12485,1.12505,5.60,1.00
2010.07.20 18:26:53.701,1.12485,1.12505,5.60,2.40
2010.07.20 18:27:00.172,1.12485,1.12505,5.60,1.60
2010.07.20 18:27:00.284,1.12485,1.12505,5.60,2.40
2010.07.20 18:27:04.113,1.12485,1.12505,4.00,2.40
2010.07.20 18:27:04.657,1.12485,1.12505,4.00,4.00
2010.07.20 18:27:04.921,1.12485,1.125,4.00,1.00
2010.07.20 18:27:09.432,1.12485,1.125,4.00,1.00
2010.07.20 18:27:09.617,1.12485,1.1251,9.40,2.40
2010.07.20 18:27:12.410,1.12485,1.1251,10.20,2.40
2010.07.20 18:27:25.092,1.12485,1.1251,10.20,6.40
2010.07.20 18:27:25.492,1.12485,1.1251,9.60,6.40
2010.07.20 18:27:26.198,1.12485,1.1251,9.40,8.00
2010.07.20 18:27:26.477,1.12485,1.1251,10.20,4.00
2010.07.20 18:27:28.441,1.12485,1.1251,10.20,2.40
2010.07.20 18:27:29.071,1.1249,1.1251,1.00,2.40
2010.07.20 18:27:29.162,1.12495,1.1251,2.40,1.00
2010.07.20 18:27:29.252,1.12495,1.12515,3.80,1.00
2010.07.20 18:27:29.927,1.12495,1.1252,4.80,14.40
2010.07.20 18:27:30.490,1.12495,1.12515,4.80,1.60
2010.07.20 18:27:30.772,1.12495,1.12515,5.80,1.60
2010.07.20 18:27:31.312,1.12495,1.12515,8.20,1.60
2010.07.20 18:27:31.605,1.125,1.1252,1.00,4.00
2010.07.20 18:27:31.892,1.125,1.1252,1.60,4.00
2010.07.20 18:27:32.982,1.125,1.1252,1.60,8.00
2010.07.20 18:27:34.156,1.125,1.1252,1.60,4.00
2010.07.20 18:27:38.229,1.125,1.1252,1.60,3.20
2010.07.20 18:27:38.320,1.125,1.1252,4.80,3.20
2010.07.20 18:27:38.369,1.125,1.1252,5.40,1.60
2010.07.20 18:27:38.453,1.12505,1.1252,1.40,1.60
2010.07.20 18:27:39.060,1.1251,1.1252,1.00,1.60
2010.07.20 18:27:39.108,1.1252,1.12535,4.00,1.60
2010.07.20 18:27:39.334,1.1252,1.1254,4.00,4.00
2010.07.20 18:27:45.190,1.12525,1.1254,1.40,1.60
2010.07.20 18:27:45.431,1.1253,1.1255,3.20,4.00
2010.07.20 18:27:46.226,1.1254,1.1256,3.20,4.00
2010.07.20 18:27:46.764,1.1254,1.1256,1.60,4.00
2010.07.20 18:27:47.622,1.12545,1.1256,3.20,1.60
2010.07.20 18:27:47.707,1.12545,1.1256,1.60,3.20
2010.07.20 18:27:48.490,1.12545,1.1256,1.00,3.20
2010.07.20 18:27:48.582,1.1254,1.1256,1.00,6.40
2010.07.20 18:27:48.661,1.1254,1.1256,3.20,4.00
2010.07.20 18:27:49.897,1.1254,1.1256,4.00,5.60
2010.07.20 18:27:50.111,1.1254,1.12555,1.60,2.80
2010.07.20 18:27:50.851,1.12535,1.12555,1.00,3.20
2010.07.20 18:27:51.080,1.12535,1.1255,1.00,1.00
2010.07.20 18:27:53.158,1.12535,1.12545,1.00,1.60
2010.07.20 18:27:53.268,1.12525,1.12545,5.60,1.60
2010.07.20 18:27:55.235,1.1252,1.1254,3.20,4.00
2010.07.20 18:27:55.512,1.1252,1.1254,3.20,6.40
2010.07.20 18:27:59.069,1.1252,1.1254,2.40,6.40
2010.07.20 18:27:59.170,1.1252,1.12535,1.60,1.00
2010.07.20 18:28:00.270,1.12515,1.12535,5.60,1.00
2010.07.20 18:28:01.282,1.12515,1.12535,5.60,3.20
2010.07.20 18:28:01.422,1.12515,1.12535,7.20,1.60
2010.07.20 18:28:06.421,1.12515,1.12535,1.60,4.00
2010.07.20 18:28:06.623,1.1251,1.1253,6.40,1.00
2010.07.20 18:28:07.355,1.1251,1.1253,4.00,2.40
2010.07.20 18:28:09.054,1.1251,1.1253,5.60,1.00
2010.07.20 18:28:09.660,1.1251,1.1253,5.60,2.40
2010.07.20 18:28:16.620,1.1251,1.1253,7.20,2.40
2010.07.20 18:28:17.855,1.12515,1.1253,1.00,1.00
2010.07.20 18:28:17.982,1.12515,1.12535,1.80,4.80
2010.07.20 18:28:18.105,1.12515,1.12535,2.20,4.00
2010.07.20 18:28:18.653,1.12525,1.12535,2.40,1.60
2010.07.20 18:28:18.781,1.1252,1.1254,8.80,2.40
2010.07.20 18:28:18.901,1.1252,1.1254,3.20,4.00
2010.07.20 18:28:19.021,1.1252,1.1254,3.20,5.60
2010.07.20 18:28:20.128,1.12525,1.1254,1.60,1.60
2010.07.20 18:28:20.970,1.12525,1.1254,4.00,1.60
2010.07.20 18:28:21.798,1.12525,1.12545,4.00,4.00
2010.07.20 18:28:22.520,1.12525,1.12545,1.60,4.00
2010.07.20 18:28:26.245,1.12525,1.1254,1.60,1.60
2010.07.20 18:28:28.405,1.1253,1.1254,1.00,1.60
2010.07.20 18:28:29.780,1.1252,1.1254,5.60,2.40
2010.07.20 18:28:30.125,1.1252,1.1254,3.20,4.00
2010.07.20 18:28:30.476,1.1252,1.1254,1.60,4.00
2010.07.20 18:28:34.199,1.12525,1.1254,1.00,1.60
2010.07.20 18:28:35.842,1.1252,1.1254,3.20,3.20
2010.07.20 18:28:38.133,1.1252,1.1254,4.80,4.00
2010.07.20 18:28:39.020,1.1252,1.1254,2.40,4.00
2010.07.20 18:28:40.142,1.1252,1.1254,4.80,4.00
2010.07.20 18:28:40.181,1.1252,1.1254,4.80,2.40
2010.07.20 18:28:40.810,1.1252,1.1254,5.60,1.60
2010.07.20 18:28:42.313,1.1252,1.1254,2.40,2.40
2010.07.20 18:28:43.983,1.1252,1.12535,1.60,1.00
2010.07.20 18:28:44.080,1.12515,1.12535,3.20,3.20
2010.07.20 18:28:44.174,1.12515,1.12535,2.40,4.00
2010.07.20 18:28:45.179,1.12515,1.1253,1.60,1.00
2010.07.20 18:28:46.161,1.12515,1.1253,4.00,1.00
2010.07.20 18:28:46.495,1.12515,1.12535,4.80,4.00
2010.07.20 18:28:47.394,1.1252,1.12535,2.40,1.60
2010.07.20 18:28:47.862,1.1252,1.12535,3.20,1.60
2010.07.20 18:28:48.551,1.1252,1.12535,8.00,1.60
2010.07.20 18:28:49.930,1.12525,1.12535,2.40,1.60
2010.07.20 18:28:50.083,1.1252,1.1254,9.60,1.60
2010.07.20 18:28:50.232,1.1252,1.1254,5.60,1.60
2010.07.20 18:28:50.381,1.12525,1.12545,1.00,4.80
2010.07.20 18:28:50.831,1.12525,1.12545,1.00,4.00
2010.07.20 18:28:52.021,1.12525,1.1254,1.00,1.60
2010.07.20 18:28:52.144,1.12525,1.12545,1.00,4.00
2010.07.20 18:28:54.486,1.12525,1.12545,1.60,1.60
2010.07.20 18:28:54.584,1.12525,1.12545,5.60,1.60
2010.07.20 18:28:56.974,1.1253,1.12545,2.40,1.60
2010.07.20 18:28:57.202,1.1253,1.1255,3.20,3.20
2010.07.20 18:28:57.432,1.1253,1.1255,3.20,2.40
2010.07.20 18:28:57.661,1.1253,1.1255,4.00,1.60
2010.07.20 18:28:59.490,1.1253,1.1255,1.60,4.00
2010.07.20 18:28:59.815,1.1253,1.1255,1.60,5.60
2010.07.20 18:28:59.973,1.1253,1.1255,1.60,3.20
2010.07.20 18:29:00.650,1.1253,1.1255,1.60,1.60
2010.07.20 18:29:06.175,1.12535,1.12555,2.40,4.00
2010.07.20 18:29:09.393,1.1254,1.12555,2.40,2.40
2010.07.20 18:29:09.595,1.12535,1.12555,12.60,1.00
2010.07.20 18:29:09.804,1.12535,1.12555,9.60,1.00
2010.07.20 18:29:10.003,1.12545,1.12555,2.40,1.00
2010.07.20 18:29:10.755,1.12545,1.1256,4.00,1.00
2010.07.20 18:29:11.294,1.1255,1.12565,2.40,1.00
2010.07.20 18:29:12.096,1.12545,1.12565,5.80,2.40
2010.07.20 18:29:12.111,1.12545,1.12565,4.80,2.40
2010.07.20 18:29:12.346,1.12545,1.12565,6.40,2.40
2010.07.20 18:29:13.522,1.1255,1.12565,2.40,1.00
2010.07.20 18:29:14.597,1.12545,1.12565,13.00,1.00
2010.07.20 18:29:14.711,1.12545,1.12565,12.40,1.00
2010.07.20 18:29:17.845,1.12545,1.12565,16.40,1.00
2010.07.20 18:29:23.923,1.12545,1.12565,18.00,1.00
2010.07.20 18:29:24.044,1.1255,1.12565,2.40,1.00
2010.07.20 18:29:24.271,1.1255,1.12565,4.00,1.00
2010.07.20 18:29:24.393,1.1255,1.12565,4.80,1.00
2010.07.20 18:29:25.014,1.1255,1.1257,10.80,1.00
2010.07.20 18:29:25.306,1.12555,1.1257,1.60,1.00
2010.07.20 18:29:28.233,1.12555,1.1257,2.40,1.00
2010.07.20 18:29:28.331,1.12565,1.12575,1.60,1.00
2010.07.20 18:29:28.468,1.12565,1.1258,1.60,2.40
2010.07.20 18:29:29.107,1.12565,1.12585,1.60,5.60
2010.07.20 18:29:29.250,1.1256,1.1258,4.80,1.00
2010.07.20 18:29:29.382,1.1256,1.1258,5.60,1.00
2010.07.20 18:29:31.921,1.1256,1.1258,7.20,1.00
2010.07.20 18:29:33.014,1.1256,1.1258,5.60,1.60
2010.07.20 18:29:33.835,1.12565,1.12585,3.20,1.00
2010.07.20 18:29:34.105,1.1257,1.12585,1.00,1.00
2010.07.20 18:29:37.383,1.1257,1.1259,1.00,4.00
2010.07.20 18:29:40.069,1.1257,1.1259,2.40,2.40
2010.07.20 18:29:43.022,1.1257,1.1259,1.00,6.40
2010.07.20 18:29:44.820,1.1257,1.1259,1.60,4.00
2010.07.20 18:29:44.971,1.1257,1.1259,3.20,2.40
2010.07.20 18:29:45.141,1.1257,1.1259,3.20,1.60
2010.07.20 18:29:49.980,1.1257,1.1259,3.20,1.00
2010.07.20 18:29:50.180,1.1257,1.1259,1.60,1.60
2010.07.20 18:29:50.280,1.1257,1.1259,1.60,4.00
2010.07.20 18:29:51.017,1.12565,1.1258,2.00,1.00
2010.07.20 18:29:51.230,1.12565,1.12585,1.00,4.00
2010.07.20 18:29:53.913,1.12565,1.12585,2.40,2.40
2010.07.20 18:29:54.030,1.12565,1.12585,1.00,6.40
2010.07.20 18:29:57.071,1.12565,1.12585,1.00,8.00
2010.07.20 18:29:59.236,1.12565,1.12585,1.00,8.80
2010.07.20 18:29:59.392,1.12565,1.12585,1.00,9.20
2010.07.20 18:29:59.420,1.12565,1.1258,1.00,2.40
2010.07.20 18:29:59.453,1.12565,1.1258,1.00,4.00
2010.07.20 18:29:59.526,1.1256,1.1258,1.60,4.00
2010.07.20 18:29:59.592,1.1256,1.1258,1.60,4.80
2010.07.20 18:30:00.201,1.12555,1.12565,2.40,1.60
2010.07.20 18:30:00.265,1.12545,1.12565,4.80,1.00
2010.07.20 18:30:01.493,1.12545,1.12565,6.40,1.00
2010.07.20 18:30:05.203,1.12545,1.12565,3.20,1.60
2010.07.20 18:30:05.856,1.12545,1.12565,3.20,3.20
2010.07.20 18:30:05.980,1.12545,1.12565,4.00,4.00
2010.07.20 18:30:06.282,1.12545,1.12565,1.60,8.00
2010.07.20 18:30:06.992,1.1254,1.1256,10.80,1.00
2010.07.20 18:30:07.224,1.1253,1.1255,4.00,4.00
2010.07.20 18:30:07.452,1.1253,1.1255,4.00,4.80
2010.07.20 18:30:07.682,1.1253,1.1255,4.00,4.80
2010.07.20 18:30:10.567,1.1253,1.1255,4.00,1.00
2010.07.20 18:30:15.958,1.1253,1.1255,2.40,1.00
2010.07.20 18:30:16.680,1.1253,1.1255,2.40,3.20
2010.07.20 18:30:16.862,1.12525,1.12545,4.80,1.00
2010.07.20 18:30:20.240,1.12525,1.12545,8.00,1.00
2010.07.20 18:30:20.531,1.12525,1.12545,8.40,1.00
2010.07.20 18:30:20.610,1.12525,1.12545,10.00,1.00
2010.07.20 18:30:21.460,1.12525,1.12545,9.60,1.00
2010.07.20 18:30:25.181,1.12525,1.12545,10.40,1.00
2010.07.20 18:30:25.524,1.1253,1.1255,2.40,1.00
2010.07.20 18:30:26.613,1.1253,1.1255,4.00,1.00
2010.07.20 18:30:40.240,1.1253,1.1255,2.40,1.00
2010.07.20 18:30:41.680,1.1253,1.12545,2.40,1.00
2010.07.20 18:30:41.841,1.1253,1.12545,1.60,1.00
2010.07.20 18:30:43.661,1.1253,1.1255,2.40,1.00
2010.07.20 18:30:43.910,1.1253,1.1255,4.00,1.00
2010.07.20 18:30:45.735,1.1253,1.1255,2.40,4.80
2010.07.20 18:30:45.903,1.1253,1.1255,2.40,1.00
2010.07.20 18:30:46.543,1.1253,1.1255,2.40,4.80
2010.07.20 18:30:47.291,1.1253,1.12545,1.60,1.00
2010.07.20 18:30:50.480,1.1253,1.12545,3.20,1.00
2010.07.20 18:31:02.370,1.1253,1.12545,4.00,1.00
2010.07.20 18:31:02.440,1.1253,1.1255,4.80,1.00
2010.07.20 18:31:05.817,1.12525,1.12545,7.20,1.00
2010.07.20 18:31:05.940,1.12525,1.12545,5.60,1.00
2010.07.20 18:31:06.650,1.12525,1.12545,5.60,2.40
2010.07.20 18:31:06.944,1.12525,1.12545,5.60,1.00
2010.07.20 18:31:11.181,1.12525,1.12545,8.00,1.00
2010.07.20 18:31:11.321,1.12525,1.1255,8.00,10.40
2010.07.20 18:31:11.941,1.1253,1.1255,1.60,8.80
2010.07.20 18:31:12.087,1.1253,1.12555,11.20,4.00
2010.07.20 18:31:12.772,1.12535,1.12555,1.60,4.00
2010.07.20 18:31:13.454,1.12535,1.12555,1.00,4.00
2010.07.20 18:31:13.626,1.12535,1.12555,1.00,2.40
2010.07.20 18:31:14.911,1.12535,1.12555,1.00,4.00
2010.07.20 18:31:15.094,1.12535,1.1255,1.00,1.00
2010.07.20 18:31:15.454,1.12535,1.12555,1.00,4.00
2010.07.20 18:31:16.059,1.12535,1.12555,1.00,2.40
2010.07.20 18:31:16.287,1.12535,1.12555,1.00,4.00
2010.07.20 18:31:16.516,1.12535,1.12555,1.00,2.40
2010.07.20 18:31:16.743,1.12535,1.12555,1.00,4.00
2010.07.20 18:31:16.972,1.12535,1.12555,1.00,2.40
2010.07.20 18:31:17.433,1.12535,1.12555,1.00,4.00
2010.07.20 18:31:18.171,1.12535,1.12555,1.60,2.40
2010.07.20 18:31:18.700,1.12535,1.12555,1.60,4.00
2010.07.20 18:31:18.853,1.12535,1.12555,1.60,2.40
2010.07.20 18:31:18.930,1.12535,1.12555,1.00,2.40
2010.07.20 18:31:19.080,1.12535,1.12555,1.00,4.00
2010.07.20 18:31:19.987,1.12545,1.1256,3.20,1.00
2010.07.20 18:31:20.247,1.1255,1.12565,2.40,1.00
2010.07.20 18:31:20.505,1.12545,1.1257,5.60,4.00
2010.07.20 18:31:21.268,1.12545,1.1257,7.20,4.00
2010.07.20 18:31:22.281,1.1255,1.1257,1.00,4.00
2010.07.20 18:31:34.856,1.12555,1.1257,1.60,2.40
2010.07.20 18:31:34.989,1.12555,1.12575,6.80,1.00
2010.07.20 18:31:35.775,1.12555,1.1258,5.20,5.60
2010.07.20 18:31:36.129,1.12555,1.12575,6.80,1.00
2010.07.20 18:31:36.476,1.12555,1.12575,8.40,1.00
2010.07.20 18:31:36.825,1.1256,1.1258,1.00,2.40
2010.07.20 18:31:37.940,1.1255,1.1257,4.80,1.00
2010.07.20 18:31:38.291,1.1255,1.1257,8.80,1.00
2010.07.20 18:31:38.842,1.1255,1.1257,11.20,1.00
2010.07.20 18:31:39.024,1.1255,1.1257,15.20,1.00
2010.07.20 18:31:45.315,1.12555,1.12575,5.60,2.40
2010.07.20 18:31:45.404,1.12555,1.12575,3.20,2.40
2010.07.20 18:31:48.780,1.12555,1.12575,5.60,1.00
2010.07.20 18:31:48.871,1.12555,1.12575,6.40,1.00
2010.07.20 18:31:48.961,1.12555,1.1258,6.80,2.40
2010.07.20 18:31:49.698,1.1256,1.12585,3.20,4.00
2010.07.20 18:31:49.832,1.1256,1.12585,4.80,4.00
2010.07.20 18:31:49.960,1.1256,1.1258,4.80,1.00
2010.07.20 18:31:50.090,1.1256,1.1258,4.80,1.00
2010.07.20 18:31:54.317,1.1256,1.12585,7.20,2.40
2010.07.20 18:31:54.381,1.1256,1.12585,7.20,1.00
2010.07.20 18:31:55.101,1.12565,1.12585,1.60,2.40
2010.07.20 18:31:55.243,1.12565,1.1258,1.60,1.00
2010.07.20 18:31:55.312,1.12565,1.1258,1.60,1.60
2010.07.20 18:31:55.604,1.1256,1.1258,2.40,3.20
2010.07.20 18:31:56.711,1.1256,1.1258,2.40,1.60
2010.07.20 18:31:56.917,1.1256,1.1258,4.80,1.00
2010.07.20 18:31:57.111,1.1256,1.1258,6.40,1.00
2010.07.20 18:32:06.431,1.1256,1.1258,7.20,1.00
2010.07.20 18:32:06.670,1.1256,1.12585,8.00,1.00
2010.07.20 18:32:06.730,1.1256,1.12585,8.00,2.40
2010.07.20 18:32:14.181,1.12565,1.12585,1.60,2.40
2010.07.20 18:32:14.231,1.12565,1.12585,2.40,2.40
2010.07.20 18:32:14.869,1.12565,1.12585,4.00,1.00
2010.07.20 18:32:15.465,1.12565,1.12585,2.40,2.40
2010.07.20 18:32:18.281,1.12565,1.12585,4.00,1.00
2010.07.20 18:32:19.308,1.12565,1.12585,4.00,1.00
2010.07.20 18:32:19.566,1.1257,1.12585,2.40,1.00
2010.07.20 18:32:19.834,1.1257,1.1259,8.80,1.60
2010.07.20 18:32:20.666,1.12575,1.1259,1.60,1.00
2010.07.20 18:32:22.616,1.12575,1.1259,1.60,1.00
2010.07.20 18:32:26.524,1.1257,1.1259,10.40,1.00
2010.07.20 18:32:27.183,1.1257,1.1259,12.00,1.00
2010.07.20 18:32:27.324,1.12575,1.1259,4.00,1.00
2010.07.20 18:32:27.994,1.12575,1.1259,9.60,1.00
2010.07.20 18:32:28.341,1.12575,1.1259,1.60,1.00
2010.07.20 18:32:29.542,1.12575,1.1259,5.60,1.00
2010.07.20 18:32:29.731,1.1258,1.126,1.00,4.00
2010.07.20 18:32:30.650,1.1258,1.126,1.00,6.40
2010.07.20 18:32:31.166,1.12575,1.12595,1.60,1.00
2010.07.20 18:32:32.042,1.12575,1.12595,1.60,4.80
2010.07.20 18:32:40.329,1.1257,1.12595,11.20,4.80
2010.07.20 18:32:44.721,1.1257,1.1259,7.20,1.00
2010.07.20 18:32:52.517,1.1257,1.1259,11.20,1.00
2010.07.20 18:32:53.990,1.1257,1.1259,7.20,1.00
2010.07.20 18:32:57.687,1.12575,1.12595,1.00,4.00
2010.07.20 18:32:59.521,1.12575,1.12595,1.60,1.60
2010.07.20 18:32:59.966,1.1258,1.126,1.60,2.40
2010.07.20 18:33:03.622,1.1258,1.126,1.00,6.40
2010.07.20 18:33:03.759,1.12575,1.1259,1.60,1.00
2010.07.20 18:33:04.449,1.1257,1.1259,3.20,1.00
2010.07.20 18:33:04.586,1.1257,1.1259,3.20,2.40
2010.07.20 18:33:05.789,1.1257,1.1259,5.60,1.60
2010.07.20 18:33:05.976,1.12575,1.1259,3.20,1.60
2010.07.20 18:33:09.662,1.12575,1.12595,4.80,1.00
2010.07.20 18:33:09.744,1.12575,1.12595,7.20,1.00
2010.07.20 18:33:09.823,1.12575,1.12595,7.20,1.00
2010.07.20 18:33:09.981,1.12575,1.12595,8.80,1.00
2010.07.20 18:33:11.384,1.1258,1.12595,1.00,1.00
2010.07.20 18:33:20.210,1.1258,1.126,1.00,2.40
2010.07.20 18:33:22.150,1.1258,1.126,3.20,2.40
2010.07.20 18:33:22.302,1.1258,1.126,5.60,2.40
2010.07.20 18:33:22.452,1.1258,1.126,11.60,1.00
2010.07.20 18:33:23.141,1.1258,1.126,11.60,1.00
2010.07.20 18:33:36.468,1.1258,1.126,10.80,1.00
2010.07.20 18:33:36.712,1.1258,1.126,4.40,1.00
2010.07.20 18:33:36.951,1.1258,1.126,4.00,1.00
2010.07.20 18:33:37.679,1.1258,1.126,3.20,1.00
2010.07.20 18:33:42.859,1.1258,1.126,6.40,1.00
2010.07.20 18:33:43.002,1.1258,1.126,10.40,1.00
2010.07.20 18:33:43.151,1.1258,1.126,12.00,1.00
2010.07.20 18:33:43.831,1.1258,1.126,12.80,1.00
2010.07.20 18:33:46.961,1.12585,1.126,3.20,1.00
2010.07.20 18:33:47.640,1.12595,1.1261,3.20,2.40
2010.07.20 18:33:47.762,1.12595,1.12615,7.20,1.00
2010.07.20 18:33:48.082,1.12595,1.12615,5.60,1.00
2010.07.20 18:33:48.636,1.12595,1.12615,6.40,1.00
2010.07.20 18:33:48.964,1.12595,1.12615,8.00,1.00
2010.07.20 18:33:49.288,1.1259,1.1261,6.00,1.00
2010.07.20 18:33:49.615,1.1259,1.1261,1.60,1.60
2010.07.20 18:33:50.804,1.1259,1.1261,1.00,2.40
2010.07.20 18:33:51.330,1.1259,1.1261,1.00,4.80
2010.07.20 18:33:53.203,1.1259,1.1261,1.00,2.40
2010.07.20 18:33:53.381,1.1259,1.1261,1.60,1.60
2010.07.20 18:33:53.473,1.1259,1.1261,3.20,1.60
2010.07.20 18:33:55.855,1.1259,1.1261,7.20,1.60
2010.07.20 18:33:56.011,1.1259,1.1261,11.20,1.60
2010.07.20 18:33:58.112,1.1259,1.1261,11.20,1.00
2010.07.20 18:33:58.232,1.1259,1.1261,12.00,1.00
2010.07.20 18:33:58.353,1.12595,1.1261,4.00,1.00
2010.07.20 18:33:58.411,1.12595,1.12615,4.80,1.00
2010.07.20 18:33:58.470,1.12595,1.12615,6.40,1.00
2010.07.20 18:33:58.850,1.12595,1.12615,7.20,1.00
2010.07.20 18:34:00.592,1.12595,1.12615,8.80,1.00
2010.07.20 18:34:02.290,1.126,1.12615,2.40,1.00
2010.07.20 18:34:03.017,1.12605,1.12625,5.60,1.00
2010.07.20 18:34:03.214,1.12605,1.1263,6.40,2.40
2010.07.20 18:34:03.411,1.12605,1.1263,12.00,2.40
2010.07.20 18:34:03.611,1.12605,1.1263,12.40,2.40
2010.07.20 18:34:04.191,1.1261,1.1263,2.40,2.40
2010.07.20 18:34:05.705,1.1261,1.1263,2.40,4.00
2010.07.20 18:34:06.320,1.1261,1.1263,4.00,4.00
2010.07.20 18:34:07.161,1.1261,1.1263,4.20,4.00
2010.07.20 18:34:07.382,1.1261,1.1263,4.00,4.00
2010.07.20 18:34:08.172,1.1261,1.1263,4.00,3.20
2010.07.20 18:34:08.771,1.1261,1.1263,4.00,1.60
2010.07.20 18:34:10.713,1.1261,1.1263,5.60,1.60
2010.07.20 18:34:14.844,1.1261,1.1263,5.60,1.00
2010.07.20 18:34:14.982,1.12615,1.1263,2.40,1.00
2010.07.20 18:34:15.123,1.1261,1.1263,5.60,1.00
2010.07.20 18:34:15.802,1.1261,1.1263,8.00,1.00
2010.07.20 18:34:16.774,1.1261,1.12635,8.00,2.40
2010.07.20 18:34:17.624,1.12615,1.12635,5.60,2.40
2010.07.20 18:34:17.935,1.12615,1.12635,5.60,1.00
2010.07.20 18:34:18.242,1.12615,1.12635,8.80,1.00
2010.07.20 18:34:18.905,1.12615,1.12635,8.80,1.00
2010.07.20 18:34:19.020,1.12615,1.12635,6.40,1.00
2010.07.20 18:34:19.384,1.1262,1.1264,8.80,2.40
2010.07.20 18:34:19.525,1.1262,1.1263,2.40,1.00
2010.07.20 18:34:20.166,1.12615,1.12625,4.80,1.00
2010.07.20 18:34:20.311,1.1261,1.1262,1.60,1.00
2010.07.20 18:34:20.655,1.12605,1.1262,1.60,1.00
2010.07.20 18:34:27.683,1.12605,1.1262,1.00,1.00
2010.07.20 18:34:30.620,1.12605,1.1262,2.40,1.00
2010.07.20 18:34:31.679,1.126,1.1262,1.60,5.60
2010.07.20 18:34:33.301,1.126,1.1262,1.00,6.40
2010.07.20 18:34:43.462,1.126,1.1262,1.00,14.40
2010.07.20 18:34:44.038,1.12595,1.12615,3.20,4.80
2010.07.20 18:34:44.242,1.1259,1.1261,2.40,1.00
2010.07.20 18:34:44.440,1.1259,1.1261,1.60,1.00
2010.07.20 18:34:45.014,1.1259,1.12605,1.60,1.00
2010.07.20 18:34:47.649,1.12585,1.12605,4.80,1.00
2010.07.20 18:34:47.910,1.12585,1.126,2.40,1.60
2010.07.20 18:34:48.173,1.12585,1.12605,2.40,2.40
2010.07.20 18:34:49.862,1.12585,1.12605,1.00,5.60
2010.07.20 18:34:49.946,1.12575,1.12595,3.20,1.00
2010.07.20 18:34:56.132,1.12575,1.12595,7.20,1.00
2010.07.20 18:34:56.341,1.12575,1.12595,8.80,1.00
2010.07.20 18:34:57.620,1.12575,1.12595,9.60,1.00
2010.07.20 18:34:57.834,1.12585,1.126,1.60,1.60
2010.07.20 18:34:58.586,1.12585,1.12605,11.20,1.60
2010.07.20 18:34:58.723,1.1259,1.12605,1.00,1.60
2010.07.20 18:34:59.527,1.1258,1.12595,4.00,1.00
2010.07.20 18:34:59.811,1.1258,1.12595,1.60,1.00
2010.07.20 18:35:00.161,1.12575,1.12595,4.80,1.00
2010.07.20 18:35:00.342,1.1258,1.12595,1.00,1.00
2010.07.20 18:35:06.101,1.12575,1.12595,8.80,1.00
2010.07.20 18:35:07.685,1.12575,1.12595,8.80,1.00
2010.07.20 18:35:08.378,1.12575,1.12595,9.60,1.00
2010.07.20 18:35:08.527,1.1258,1.126,6.80,1.60
2010.07.20 18:35:09.211,1.12585,1.12605,4.80,1.00
2010.07.20 18:35:09.467,1.12585,1.12605,9.60,1.00
2010.07.20 18:35:10.202,1.12585,1.12605,7.20,1.00
2010.07.20 18:35:11.760,1.12585,1.12605,2.40,4.80
2010.07.20 18:35:11.882,1.12585,1.12605,2.40,2.40
2010.07.20 18:35:13.005,1.12585,1.1261,4.00,6.40
2010.07.20 18:35:13.224,1.12585,1.12605,2.40,1.60
2010.07.20 18:35:13.981,1.12585,1.12605,4.00,1.00
2010.07.20 18:35:15.285,1.1259,1.12605,12.00,1.00
2010.07.20 18:35:15.453,1.1259,1.1261,5.60,1.00
2010.07.20 18:35:16.120,1.1259,1.1261,4.80,1.00
2010.07.20 18:35:16.295,1.1259,1.1261,5.60,1.00
2010.07.20 18:35:24.220,1.1259,1.1261,9.60,1.00
2010.07.20 18:35:24.303,1.1259,1.1261,13.60,1.00
2010.07.20 18:35:24.522,1.1259,1.1261,5.60,1.60
2010.07.20 18:35:24.742,1.1259,1.1261,13.60,1.60
2010.07.20 18:35:24.961,1.1259,1.1261,15.20,1.00
2010.07.20 18:35:25.993,1.1259,1.1261,13.60,1.60
2010.07.20 18:35:26.172,1.1259,1.1261,5.60,1.60
2010.07.20 18:35:26.354,1.1259,1.1261,11.20,1.00
2010.07.20 18:35:26.533,1.1259,1.1261,15.20,1.00
2010.07.20 18:35:28.005,1.1259,1.1261,13.60,1.60
2010.07.20 18:35:28.116,1.1259,1.1261,11.20,1.00
2010.07.20 18:35:28.233,1.1259,1.1261,15.20,1.00
2010.07.20 18:35:28.867,1.1259,1.1261,7.20,1.00
2010.07.20 18:35:29.004,1.1259,1.1261,15.20,1.00
2010.07.20 18:35:29.851,1.1259,1.1261,5.60,1.60
2010.07.20 18:35:34.642,1.1259,1.1261,3.20,1.60
2010.07.20 18:35:36.372,1.1259,1.1261,2.40,4.80
2010.07.20 18:35:36.491,1.1259,1.1261,2.40,5.60
2010.07.20 18:35:36.614,1.12585,1.126,8.00,1.00
2010.07.20 18:35:36.732,1.1258,1.126,14.40,1.60
2010.07.20 18:35:37.402,1.1258,1.12595,9.60,1.60
2010.07.20 18:35:37.722,1.1256,1.12575,1.00,1.00
2010.07.20 18:35:38.038,1.1256,1.12575,2.40,1.00
2010.07.20 18:35:38.891,1.1256,1.12575,3.20,1.00
2010.07.20 18:35:39.201,1.1256,1.12575,1.60,1.00
2010.07.20 18:35:40.048,1.1256,1.12575,1.60,1.00
2010.07.20 18:35:40.224,1.12555,1.12575,4.80,1.00
2010.07.20 18:35:41.902,1.12555,1.12575,4.80,3.20
2010.07.20 18:35:42.204,1.12555,1.12575,4.80,1.00
2010.07.20 18:35:46.201,1.1256,1.1258,1.00,6.40
2010.07.20 18:35:46.319,1.12555,1.1258,7.20,4.00
2010.07.20 18:35:46.425,1.12555,1.12575,4.80,1.00
2010.07.20 18:35:47.139,1.12555,1.12575,7.20,1.00
2010.07.20 18:35:47.255,1.1256,1.1258,3.20,2.40
2010.07.20 18:35:47.611,1.12565,1.12585,3.20,1.60
2010.07.20 18:35:48.525,1.1256,1.1258,3.20,4.00
2010.07.20 18:35:50.805,1.1256,1.1258,1.60,5.60
2010.07.20 18:35:50.907,1.1256,1.12575,1.60,1.60
2010.07.20 18:35:51.004,1.1256,1.12575,1.00,1.60
2010.07.20 18:35:52.195,1.1256,1.1258,1.00,6.40
2010.07.20 18:35:54.798,1.1256,1.12575,1.00,1.60
2010.07.20 18:35:55.921,1.1256,1.12575,1.00,3.20
2010.07.20 18:35:58.384,1.1256,1.1258,1.60,3.20
2010.07.20 18:36:00.597,1.12565,1.1258,1.00,3.20
2010.07.20 18:36:00.702,1.12565,1.1258,1.00,3.20
2010.07.20 18:36:02.884,1.1256,1.1258,1.60,3.20
2010.07.20 18:36:03.095,1.1256,1.1258,1.00,11.20
2010.07.20 18:36:03.838,1.12545,1.1257,4.40,4.00
2010.07.20 18:36:04.065,1.12545,1.12565,4.80,1.00
2010.07.20 18:36:04.342,1.12545,1.1257,4.80,7.20
2010.07.20 18:36:04.623,1.12545,1.1257,4.80,6.40
2010.07.20 18:36:06.242,1.1255,1.1257,1.00,6.40
2010.07.20 18:36:06.601,1.1255,1.1257,1.00,4.00
2010.07.20 18:36:06.751,1.1255,1.1257,2.40,2.40
2010.07.20 18:36:06.981,1.1255,1.1257,1.00,2.40
2010.07.20 18:36:08.196,1.12555,1.1257,1.60,1.60
2010.07.20 18:36:08.515,1.12555,1.1258,7.20,4.00
2010.07.20 18:36:09.151,1.12555,1.1258,8.80,4.00
2010.07.20 18:36:09.386,1.1256,1.1258,1.60,4.00
2010.07.20 18:36:10.859,1.1256,1.1258,1.60,2.40
2010.07.20 18:36:14.090,1.1256,1.1258,1.60,4.80
2010.07.20 18:36:14.210,1.1256,1.1258,1.60,6.40
2010.07.20 18:36:14.883,1.1256,1.1258,4.00,2.40
2010.07.20 18:36:15.012,1.12565,1.12585,1.00,4.00
2010.07.20 18:36:15.642,1.12565,1.12585,2.40,2.40
2010.07.20 18:36:18.264,1.12565,1.12585,1.00,4.00
2010.07.20 18:36:20.561,1.12565,1.12585,1.00,4.80
2010.07.20 18:36:21.219,1.12565,1.1258,1.00,1.60
2010.07.20 18:36:21.333,1.12555,1.12575,1.60,1.60
2010.07.20 18:36:21.435,1.12555,1.12575,1.00,8.00
2010.07.20 18:36:21.535,1.1255,1.12575,4.00,8.80
2010.07.20 18:36:22.175,1.1255,1.1257,2.40,2.40
2010.07.20 18:36:22.528,1.12545,1.1257,4.80,4.80
2010.07.20 18:36:24.943,1.12545,1.1257,7.20,6.40
2010.07.20 18:36:34.380,1.12545,1.1257,7.20,7.20
2010.07.20 18:36:34.411,1.12545,1.1257,4.80,7.20
2010.07.20 18:36:34.517,1.12545,1.12565,4.80,1.00
2010.07.20 18:36:34.531,1.12545,1.12565,3.20,1.00
2010.07.20 18:36:35.192,1.12545,1.12565,4.80,1.00
2010.07.20 18:36:35.273,1.12545,1.12565,8.80,1.00
2010.07.20 18:36:35.285,1.12545,1.12565,12.80,1.00
2010.07.20 18:36:37.032,1.12545,1.12565,4.80,1.00
2010.07.20 18:36:41.833,1.12545,1.12565,3.20,1.00
2010.07.20 18:36:43.951,1.1254,1.1256,1.60,4.00
2010.07.20 18:36:44.081,1.1254,1.1256,1.60,4.80
2010.07.20 18:36:44.153,1.1254,1.1256,1.60,6.40
2010.07.20 18:36:46.150,1.1254,1.12555,1.00,2.40
2010.07.20 18:36:46.496,1.1254,1.12555,1.00,1.60
2010.07.20 18:36:47.341,1.12535,1.12555,1.60,1.60
2010.07.20 18:36:52.121,1.12535,1.12555,1.60,2.40
2010.07.20 18:36:58.800,1.12535,1.12555,1.00,4.00
2010.07.20 18:37:05.724,1.12535,1.12555,1.00,2.40
2010.07.20 18:37:06.436,1.1254,1.12555,1.00,1.60
2010.07.20 18:37:06.551,1.1254,1.12555,1.60,1.60
2010.07.20 18:37:10.090,1.1254,1.1256,1.60,2.40
2010.07.20 18:37:11.352,1.1254,1.1256,1.60,4.00
2010.07.20 18:37:11.533,1.1254,1.1256,1.60,4.80
2010.07.20 18:37:12.051,1.1254,1.1256,1.60,6.40
2010.07.20 18:37:22.790,1.1254,1.1256,1.00,6.40
2010.07.20 18:37:22.881,1.12535,1.12555,4.80,1.00
2010.07.20 18:37:37.771,1.12535,1.12555,8.00,1.00
2010.07.20 18:37:38.112,1.12535,1.12555,9.60,1.00
2010.07.20 18:37:38.523,1.1254,1.1256,2.40,4.00
2010.07.20 18:37:38.932,1.1254,1.1256,1.60,4.00
2010.07.20 18:37:39.062,1.12535,1.1256,8.00,4.00
2010.07.20 18:37:39.321,1.12535,1.12555,8.00,1.00
2010.07.20 18:37:40.367,1.12535,1.12555,3.20,2.40
2010.07.20 18:37:40.664,1.12535,1.12555,7.20,2.40
2010.07.20 18:37:40.954,1.12535,1.12555,2.40,2.40
2010.07.20 18:37:43.435,1.12535,1.12555,3.20,1.00
2010.07.20 18:37:44.134,1.1254,1.1256,1.00,2.40
2010.07.20 18:37:44.948,1.12535,1.1256,9.60,2.40
2010.07.20 18:37:45.091,1.12535,1.1256,4.80,5.60
2010.07.20 18:37:45.438,1.12535,1.12555,3.20,1.60
2010.07.20 18:37:46.384,1.12535,1.12555,1.60,4.00
2010.07.20 18:37:47.205,1.1253,1.1255,4.80,7.20
2010.07.20 18:37:47.402,1.1253,1.12545,3.20,6.40
2010.07.20 18:37:47.596,1.12525,1.1254,1.60,1.60
2010.07.20 18:37:48.325,1.12525,1.1254,1.60,4.00
2010.07.20 18:37:48.605,1.1252,1.1254,1.60,3.20
2010.07.20 18:37:48.869,1.1252,1.1254,1.60,5.60
2010.07.20 18:37:50.002,1.12505,1.1253,7.60,4.80
2010.07.20 18:37:50.303,1.12505,1.1253,7.20,6.40
2010.07.20 18:37:51.216,1.12505,1.1253,16.00,4.00
2010.07.20 18:37:51.444,1.1251,1.1253,3.20,2.40
2010.07.20 18:37:51.674,1.1251,1.1253,4.00,1.60
2010.07.20 18:37:52.123,1.1251,1.1253,4.00,2.40
2010.07.20 18:37:52.876,1.1251,1.1253,1.00,4.80
2010.07.20 18:37:53.134,1.12505,1.12525,3.20,1.00
2010.07.20 18:37:54.505,1.125,1.1252,1.60,1.60
2010.07.20 18:37:54.793,1.125,1.1252,1.60,4.00
2010.07.20 18:37:55.665,1.125,1.1252,1.60,6.40
2010.07.20 18:37:55.994,1.125,1.12515,1.00,1.00
2010.07.20 18:37:56.323,1.12495,1.12515,5.60,1.00
2010.07.20 18:37:57.040,1.12495,1.12515,3.20,1.00
2010.07.20 18:37:57.281,1.12495,1.12515,3.20,1.00
2010.07.20 18:37:57.511,1.12495,1.1251,3.20,2.40
2010.07.20 18:37:57.744,1.12495,1.1251,1.60,2.40
2010.07.20 18:37:57.973,1.12495,1.1251,1.00,2.40
2010.07.20 18:37:58.755,1.12495,1.1251,1.00,4.00
2010.07.20 18:37:59.026,1.1248,1.125,4.00,1.60
2010.07.20 18:37:59.833,1.1248,1.125,11.20,1.60
2010.07.20 18:38:00.723,1.1248,1.125,12.00,1.60
2010.07.20 18:38:00.960,1.12485,1.12505,1.60,4.00
2010.07.20 18:38:01.738,1.12495,1.1251,4.80,4.00
2010.07.20 18:38:02.020,1.12495,1.12515,1.60,2.40
2010.07.20 18:38:02.295,1.12495,1.1251,1.60,1.00
2010.07.20 18:38:03.233,1.12495,1.12515,1.60,1.00
2010.07.20 18:38:04.295,1.12495,1.1251,1.60,1.60
2010.07.20 18:38:04.363,1.1249,1.1251,3.20,2.40
2010.07.20 18:38:04.937,1.1249,1.12505,2.40,1.00
2010.07.20 18:38:05.012,1.1248,1.12505,16.00,1.00
2010.07.20 18:38:05.083,1.1248,1.12505,16.00,2.40
2010.07.20 18:38:06.175,1.1249,1.12505,2.40,1.00
2010.07.20 18:38:09.270,1.12495,1.12515,4.80,2.40
2010.07.20 18:38:09.566,1.12495,1.12515,3.20,2.40
2010.07.20 18:38:11.023,1.1249,1.1251,12.00,1.00
2010.07.20 18:38:14.335,1.1249,1.1251,10.40,1.00
2010.07.20 18:38:14.425,1.1249,1.1251,6.40,1.00
2010.07.20 18:38:16.343,1.1249,1.1251,4.00,1.00
2010.07.20 18:38:17.220,1.1249,1.1251,1.60,1.60
2010.07.20 18:38:17.973,1.1249,1.1251,1.60,3.20
2010.07.20 18:38:18.182,1.1249,1.1251,1.00,4.00
2010.07.20 18:38:19.802,1.1249,1.1251,1.00,2.40
2010.07.20 18:38:21.882,1.1249,1.1251,1.00,4.00
2010.07.20 18:38:23.140,1.1249,1.1251,1.60,3.20
2010.07.20 18:38:23.471,1.1249,1.1251,1.60,1.60
2010.07.20 18:38:23.692,1.1249,1.1251,4.00,1.60
2010.07.20 18:38:23.802,1.1249,1.1251,1.60,1.60
2010.07.20 18:38:26.310,1.1249,1.1251,1.60,3.20
2010.07.20 18:38:26.531,1.12485,1.12505,8.00,1.00
2010.07.20 18:38:26.952,1.12485,1.12505,7.20,1.00
2010.07.20 18:38:40.330,1.12485,1.12505,8.00,1.00
2010.07.20 18:38:41.190,1.12495,1.1251,2.40,2.40
2010.07.20 18:38:41.544,1.12495,1.12515,4.80,1.00
2010.07.20 18:38:43.512,1.12495,1.1251,4.00,1.00
2010.07.20 18:38:43.656,1.12495,1.1251,1.60,1.00
2010.07.20 18:38:43.802,1.1249,1.1251,5.60,1.00
2010.07.20 18:38:43.942,1.1249,1.1251,4.00,1.00
2010.07.20 18:38:44.085,1.1249,1.1251,1.00,1.00
2010.07.20 18:38:44.878,1.1249,1.1251,3.20,1.00
2010.07.20 18:38:45.183,1.1249,1.1251,3.20,1.00
2010.07.20 18:38:46.295,1.1249,1.1251,6.40,1.00
2010.07.20 18:38:46.492,1.1249,1.1251,4.80,1.00
2010.07.20 18:38:46.693,1.12485,1.12505,15.20,1.00
2010.07.20 18:38:46.893,1.12485,1.12505,7.20,1.00
2010.07.20 18:38:51.414,1.12485,1.1251,8.00,2.40
2010.07.20 18:38:51.832,1.12485,1.1251,10.40,2.40
2010.07.20 18:38:51.964,1.1249,1.1251,1.00,2.40
2010.07.20 18:38:52.657,1.12495,1.1252,8.80,8.00
2010.07.20 18:38:54.148,1.12495,1.12515,2.40,1.00
2010.07.20 18:38:54.191,1.12495,1.12515,1.00,1.00
2010.07.20 18:38:54.242,1.12495,1.12515,1.00,1.00
2010.07.20 18:38:54.371,1.12495,1.12515,1.00,2.40
2010.07.20 18:38:54.421,1.1249,1.12515,8.00,2.40
2010.07.20 18:38:54.551,1.1249,1.1251,8.00,1.00
2010.07.20 18:38:56.598,1.1249,1.1251,7.20,1.00
2010.07.20 18:38:56.857,1.1249,1.1251,3.20,1.00
2010.07.20 18:38:57.108,1.1249,1.1251,1.00,4.00
2010.07.20 18:38:57.295,1.12485,1.12505,8.00,1.00
2010.07.20 18:38:58.533,1.1249,1.1251,4.00,4.00
2010.07.20 18:38:59.293,1.12495,1.1251,2.40,1.00
2010.07.20 18:38:59.510,1.12495,1.1251,4.00,1.00
2010.07.20 18:39:00.745,1.1249,1.1251,15.20,1.00
2010.07.20 18:39:00.961,1.1249,1.1251,7.20,1.00
2010.07.20 18:39:01.385,1.1249,1.1251,8.80,1.00
2010.07.20 18:39:02.202,1.1249,1.1251,4.80,1.00
2010.07.20 18:39:02.457,1.1249,1.1251,3.20,1.00
2010.07.20 18:39:02.712,1.1249,1.1251,3.20,1.60
2010.07.20 18:39:02.963,1.1249,1.1251,3.20,2.40
2010.07.20 18:39:05.894,1.12485,1.12505,9.60,1.00
2010.07.20 18:39:06.612,1.1249,1.1251,4.00,1.60
2010.07.20 18:39:07.361,1.12495,1.1251,1.60,1.60
2010.07.20 18:39:10.253,1.12495,1.12515,1.60,2.40
2010.07.20 18:39:11.665,1.12495,1.12515,4.00,2.40
2010.07.20 18:39:12.021,1.12495,1.12515,4.00,1.00
2010.07.20 18:39:13.636,1.12495,1.12515,6.40,1.00
2010.07.20 18:39:13.792,1.12495,1.12515,4.80,1.00
2010.07.20 18:39:14.400,1.12495,1.12515,6.40,1.00
2010.07.20 18:39:16.141,1.12495,1.12515,4.00,1.00
2010.07.20 18:39:21.391,1.12495,1.12515,4.00,3.20
2010.07.20 18:39:21.617,1.1249,1.1251,4.00,1.00
2010.07.20 18:39:22.201,1.1249,1.1251,2.40,1.00
2010.07.20 18:39:22.391,1.1249,1.12505,2.40,1.00
2010.07.20 18:39:22.752,1.1249,1.12505,1.60,1.00
2010.07.20 18:39:25.531,1.1249,1.1251,2.40,2.40
2010.07.20 18:39:25.744,1.1249,1.1251,4.00,2.40
2010.07.20 18:39:26.311,1.1249,1.1251,4.80,2.40
2010.07.20 18:39:30.604,1.1249,1.1251,2.40,4.00
2010.07.20 18:39:31.811,1.1249,1.1251,7.20,2.40
2010.07.20 18:39:34.298,1.1249,1.1251,7.20,1.00
2010.07.20 18:39:34.402,1.1249,1.1251,5.60,1.00
2010.07.20 18:39:35.678,1.1249,1.12505,4.80,1.00
2010.07.20 18:39:35.937,1.1249,1.12505,1.60,1.00
2010.07.20 18:39:36.904,1.1249,1.12505,4.00,1.00
2010.07.20 18:39:37.749,1.1249,1.1251,4.80,2.40
2010.07.20 18:39:37.885,1.1249,1.1251,6.40,1.00
2010.07.20 18:39:39.533,1.1249,1.1251,4.00,1.00
2010.07.20 18:39:40.172,1.1249,1.1251,2.40,2.40
2010.07.20 18:39:41.863,1.1249,1.1251,5.60,2.40
2010.07.20 18:39:42.121,1.1249,1.1251,4.00,2.40
2010.07.20 18:39:42.383,1.1249,1.12505,2.40,1.00
2010.07.20 18:39:43.189,1.1249,1.12505,1.60,2.40
2010.07.20 18:39:43.441,1.1249,1.125,1.60,1.60
2010.07.20 18:39:43.708,1.1248,1.125,3.20,3.20
2010.07.20 18:39:43.975,1.1248,1.125,2.40,2.40
2010.07.20 18:39:44.234,1.1248,1.125,4.80,1.00
2010.07.20 18:39:45.633,1.12485,1.125,1.60,1.00
2010.07.20 18:39:45.824,1.12485,1.1251,7.20,12.00
2010.07.20 18:39:46.115,1.1249,1.1251,1.60,6.40
2010.07.20 18:39:46.993,1.1249,1.1251,1.60,4.00
2010.07.20 18:39:47.522,1.1249,1.1251,4.00,4.00
2010.07.20 18:39:47.795,1.1249,1.1251,1.60,4.00
2010.07.20 18:39:48.344,1.1249,1.1251,1.60,8.00
2010.07.20 18:39:48.783,1.1249,1.12505,1.60,1.00
2010.07.20 18:39:48.954,1.1249,1.12505,1.60,1.00
2010.07.20 18:39:50.261,1.12485,1.12505,2.40,1.00
2010.07.20 18:39:50.882,1.12485,1.12505,4.80,1.00
2010.07.20 18:39:51.802,1.12485,1.1251,5.60,4.00
2010.07.20 18:39:52.455,1.1249,1.1251,4.00,2.40
2010.07.20 18:39:52.668,1.1249,1.1251,4.80,4.00
2010.07.20 18:39:53.062,1.1249,1.1251,4.80,2.40
2010.07.20 18:39:56.260,1.1249,1.1251,4.80,4.00
2010.07.20 18:39:56.891,1.1249,1.1251,2.40,4.00
2010.07.20 18:39:57.124,1.12495,1.12515,6.40,2.40
2010.07.20 18:39:57.349,1.125,1.12515,1.60,1.60
2010.07.20 18:39:58.080,1.125,1.1252,1.60,8.00
2010.07.20 18:39:59.105,1.125,1.1252,1.60,10.40
2010.07.20 18:39:59.232,1.12495,1.1252,5.60,14.40
2010.07.20 18:39:59.362,1.12495,1.12515,5.60,1.00
2010.07.20 18:39:59.494,1.12495,1.1252,7.20,10.40
2010.07.20 18:39:59.621,1.12495,1.1252,10.00,8.00
2010.07.20 18:40:00.549,1.125,1.1252,1.60,8.00
2010.07.20 18:40:01.033,1.125,1.1252,1.60,4.00
2010.07.20 18:40:03.526,1.125,1.1252,1.60,2.40
2010.07.20 18:40:03.830,1.12505,1.12525,3.20,4.00
2010.07.20 18:40:06.474,1.125,1.1252,4.40,2.40
2010.07.20 18:40:06.693,1.125,1.1252,3.20,4.00
2010.07.20 18:40:09.578,1.125,1.1252,3.20,8.00
2010.07.20 18:40:13.490,1.125,1.1252,2.40,8.00
2010.07.20 18:40:17.946,1.125,1.12515,2.40,1.00
2010.07.20 18:40:37.168,1.125,1.1251,1.00,1.60
2010.07.20 18:40:37.371,1.1249,1.12505,1.60,1.00
2010.07.20 18:40:37.557,1.1249,1.12505,1.60,1.00
2010.07.20 18:40:40.636,1.125,1.1251,1.00,1.00
2010.07.20 18:40:40.818,1.125,1.12515,1.60,1.60
2010.07.20 18:40:41.454,1.125,1.1252,1.60,2.40
2010.07.20 18:40:41.803,1.125,1.12515,1.60,1.00
2010.07.20 18:40:42.973,1.125,1.12515,1.60,1.00
2010.07.20 18:40:43.210,1.125,1.12515,1.60,2.40
2010.07.20 18:40:45.495,1.12495,1.12515,2.40,2.80
2010.07.20 18:40:46.299,1.12495,1.12515,2.40,4.40
2010.07.20 18:40:46.598,1.12495,1.1251,1.60,1.00
2010.07.20 18:40:47.468,1.1249,1.1251,3.20,1.00
2010.07.20 18:40:47.695,1.1249,1.12505,1.60,1.00
2010.07.20 18:40:50.833,1.1249,1.1251,3.20,4.00
2010.07.20 18:40:50.954,1.1249,1.1251,8.00,2.40
2010.07.20 18:40:51.781,1.1249,1.1251,7.20,1.60
2010.07.20 18:40:52.084,1.1249,1.1251,1.60,4.00
2010.07.20 18:40:52.884,1.1249,1.12505,1.60,1.00
2010.07.20 18:40:54.530,1.1249,1.1251,8.00,1.60
2010.07.20 18:40:54.721,1.1249,1.1251,3.20,1.60
2010.07.20 18:40:54.903,1.1249,1.1251,3.20,4.00
2010.07.20 18:40:55.267,1.1249,1.12505,1.60,1.60
2010.07.20 18:40:55.455,1.1249,1.12505,1.60,1.60
2010.07.20 18:40:56.133,1.12485,1.12505,1.00,4.80
2010.07.20 18:40:56.477,1.12485,1.125,1.00,1.60
2010.07.20 18:40:58.071,1.12485,1.125,1.00,3.20
2010.07.20 18:40:58.814,1.12485,1.125,1.60,3.20
2010.07.20 18:40:59.857,1.12485,1.125,1.60,1.60
2010.07.20 18:41:01.203,1.12485,1.12505,1.60,6.40
2010.07.20 18:41:04.706,1.1249,1.1251,1.60,10.40
2010.07.20 18:41:04.889,1.1249,1.1251,3.20,6.40
2010.07.20 18:41:29.222,1.1249,1.1251,3.20,4.00
2010.07.20 18:41:29.304,1.1249,1.1251,5.60,4.00
2010.07.20 18:41:29.912,1.1249,1.1251,9.60,2.40
2010.07.20 18:41:30.211,1.1249,1.1251,11.20,1.00
2010.07.20 18:41:30.544,1.12495,1.1251,1.60,1.00
2010.07.20 18:41:44.374,1.12495,1.1251,1.60,1.60
2010.07.20 18:41:44.555,1.12485,1.125,2.40,2.40
2010.07.20 18:41:45.208,1.1248,1.125,2.40,2.40
2010.07.20 18:41:45.406,1.1248,1.12495,1.60,1.00
2010.07.20 18:41:50.282,1.12475,1.12495,2.40,1.00
2010.07.20 18:41:52.711,1.12475,1.12495,4.80,1.00
2010.07.20 18:41:53.298,1.12475,1.12495,6.40,1.00
2010.07.20 18:41:53.508,1.12475,1.12495,2.40,1.00
2010.07.20 18:41:56.271,1.1248,1.12495,1.60,1.00
2010.07.20 18:41:57.230,1.12475,1.12495,9.60,1.00
2010.07.20 18:41:57.411,1.1248,1.125,2.40,4.00
2010.07.20 18:41:57.597,1.1248,1.125,4.00,4.00
2010.07.20 18:41:58.580,1.12485,1.12505,1.60,8.40
2010.07.20 18:41:58.909,1.1248,1.12505,8.80,8.40
2010.07.20 18:41:59.240,1.1248,1.125,12.00,1.00
2010.07.20 18:42:00.126,1.1248,1.125,6.40,1.00
2010.07.20 18:42:01.562,1.1248,1.125,10.40,1.00
2010.07.20 18:42:01.801,1.1249,1.125,1.60,1.00
2010.07.20 18:42:02.212,1.1249,1.1251,4.00,3.20
2010.07.20 18:42:02.795,1.125,1.1251,1.00,3.20
2010.07.20 18:42:03.076,1.1251,1.1253,3.20,1.60
2010.07.20 18:42:03.649,1.1251,1.1253,4.80,1.60
2010.07.20 18:42:03.955,1.1251,1.1253,1.60,6.40
2010.07.20 18:42:04.233,1.12505,1.12525,1.00,1.00
2010.07.20 18:42:05.048,1.125,1.1252,4.80,1.00
2010.07.20 18:42:05.331,1.125,1.12515,2.40,1.00
2010.07.20 18:42:06.424,1.125,1.12515,1.60,1.00
2010.07.20 18:42:07.502,1.125,1.12515,1.60,1.00
2010.07.20 18:42:07.644,1.12495,1.12515,3.20,3.20
2010.07.20 18:42:07.784,1.12495,1.12515,1.00,12.80
2010.07.20 18:42:07.925,1.12495,1.1251,1.00,1.00
2010.07.20 18:42:08.575,1.1249,1.1251,4.00,2.40
2010.07.20 18:42:08.856,1.1249,1.1251,4.00,6.40
2010.07.20 18:42:09.694,1.1249,1.1251,4.00,2.40
2010.07.20 18:42:19.109,1.1249,1.12505,1.60,1.00
2010.07.20 18:42:23.032,1.1249,1.12505,4.00,1.00
2010.07.20 18:42:23.156,1.1249,1.12505,5.60,1.00
2010.07.20 18:42:23.214,1.1249,1.1251,7.20,1.60
2010.07.20 18:42:24.331,1.12495,1.12515,2.40,4.00
2010.07.20 18:42:25.133,1.125,1.1252,1.60,2.40
2010.07.20 18:42:25.479,1.125,1.1252,1.60,1.60
2010.07.20 18:42:25.824,1.125,1.1252,1.60,2.40
2010.07.20 18:42:26.167,1.125,1.1252,1.60,6.40
2010.07.20 18:42:26.718,1.125,1.1252,1.60,8.80
2010.07.20 18:42:27.088,1.125,1.1252,2.00,4.00
2010.07.20 18:42:27.439,1.12505,1.12525,3.20,4.00
2010.07.20 18:42:28.444,1.125,1.1251,1.60,1.60
2010.07.20 18:42:28.706,1.1249,1.1251,5.60,1.60
2010.07.20 18:42:28.959,1.1249,1.1251,3.20,1.60
2010.07.20 18:42:30.031,1.1249,1.1251,4.80,1.60
2010.07.20 18:42:33.455,1.12485,1.12505,3.20,1.00
2010.07.20 18:42:34.100,1.1248,1.125,4.80,1.60
2010.07.20 18:42:34.374,1.1248,1.125,3.20,4.00
2010.07.20 18:42:35.513,1.1248,1.125,2.40,4.80
2010.07.20 18:42:37.682,1.1248,1.12495,1.00,2.40
2010.07.20 18:42:38.425,1.1248,1.12485,1.00,2.40
2010.07.20 18:42:38.495,1.1247,1.12485,1.00,4.80
2010.07.20 18:42:39.112,1.1246,1.1248,7.20,1.00
2010.07.20 18:42:39.476,1.1246,1.1248,3.20,4.80
2010.07.20 18:42:40.357,1.1246,1.1248,3.20,2.40
2010.07.20 18:42:40.915,1.1246,1.1248,3.20,4.00
2010.07.20 18:42:41.478,1.1246,1.1248,5.60,1.60
2010.07.20 18:42:42.382,1.1246,1.1248,8.00,1.00
2010.07.20 18:42:44.690,1.12465,1.12485,1.00,2.40
2010.07.20 18:42:45.641,1.12455,1.1247,1.00,4.80
2010.07.20 18:42:45.995,1.1245,1.12465,1.60,1.00
2010.07.20 18:42:46.563,1.1245,1.12465,3.20,1.00
2010.07.20 18:42:46.929,1.12445,1.12465,7.20,1.60
2010.07.20 18:42:47.693,1.12445,1.12465,8.00,1.60
2010.07.20 18:42:48.042,1.1245,1.12465,1.00,1.60
2010.07.20 18:42:49.171,1.12445,1.12465,3.20,1.60
2010.07.20 18:42:49.287,1.12445,1.12465,3.20,3.20
2010.07.20 18:42:49.942,1.12445,1.12465,2.40,6.40
2010.07.20 18:42:50.063,1.12445,1.1246,1.00,1.60
2010.07.20 18:42:50.179,1.12445,1.1246,1.00,1.60
2010.07.20 18:42:51.090,1.1244,1.1246,4.00,1.60
2010.07.20 18:42:51.449,1.12445,1.12455,1.00,1.60
2010.07.20 18:42:51.733,1.12445,1.1246,1.00,1.00
2010.07.20 18:42:52.603,1.12445,1.12465,1.60,2.40
2010.07.20 18:42:54.082,1.12445,1.12465,3.20,1.00
2010.07.20 18:42:54.273,1.1245,1.1247,1.60,2.40
2010.07.20 18:42:54.972,1.1245,1.1247,7.20,2.40
2010.07.20 18:42:57.193,1.12455,1.1247,1.00,1.60
2010.07.20 18:42:57.991,1.12455,1.1247,1.60,1.60
2010.07.20 18:43:00.832,1.12455,1.1247,1.00,4.00
2010.07.20 18:43:01.340,1.1245,1.1247,1.60,5.60
2010.07.20 18:43:02.160,1.1245,1.1247,1.60,4.00
2010.07.20 18:43:03.811,1.1245,1.1247,1.60,4.80
2010.07.20 18:43:07.081,1.1245,1.1247,1.60,2.40
2010.07.20 18:43:07.979,1.1245,1.1247,3.20,2.40
2010.07.20 18:43:08.931,1.1245,1.1247,2.40,2.40
2010.07.20 18:43:12.816,1.1245,1.1247,3.20,2.40
2010.07.20 18:43:18.751,1.1245,1.1247,3.20,4.00
2010.07.20 18:43:20.983,1.1245,1.1247,3.20,6.40
2010.07.20 18:43:21.810,1.12445,1.12465,3.20,4.00
2010.07.20 18:43:25.685,1.12445,1.12465,1.60,4.00
2010.07.20 18:43:29.391,1.1244,1.12465,4.80,6.40
2010.07.20 18:43:29.980,1.1244,1.1246,1.60,5.60
2010.07.20 18:43:30.263,1.1244,1.12455,1.60,1.60
2010.07.20 18:43:31.003,1.1244,1.1246,8.00,1.60
2010.07.20 18:43:31.226,1.1244,1.12465,9.60,4.00
2010.07.20 18:43:37.942,1.1244,1.12465,10.40,4.00
2010.07.20 18:43:38.073,1.1244,1.12465,12.00,4.00
2010.07.20 18:43:38.143,1.12445,1.12465,1.00,4.00
2010.07.20 18:43:38.212,1.12445,1.12465,1.60,4.00
2010.07.20 18:43:38.572,1.12445,1.12465,1.60,3.20
2010.07.20 18:43:38.763,1.12445,1.12465,1.60,1.60
2010.07.20 18:43:39.391,1.12445,1.12465,5.60,1.60
2010.07.20 18:43:40.728,1.1245,1.1247,4.00,2.40
2010.07.20 18:43:40.791,1.1245,1.1247,1.60,2.40
2010.07.20 18:43:40.862,1.1245,1.1247,3.20,2.40
2010.07.20 18:43:40.932,1.1245,1.1247,3.20,4.00
2010.07.20 18:43:41.605,1.1245,1.1247,1.60,4.00
2010.07.20 18:43:41.953,1.1245,1.1247,1.60,10.40
2010.07.20 18:43:42.839,1.1245,1.12465,1.60,1.60
2010.07.20 18:43:44.022,1.1245,1.12465,4.00,1.60
2010.07.20 18:43:44.215,1.1245,1.12465,3.20,1.60
2010.07.20 18:43:44.947,1.1245,1.1247,1.60,6.40
2010.07.20 18:43:45.481,1.1245,1.1247,3.20,6.40
2010.07.20 18:43:50.623,1.1245,1.1247,1.60,6.40
2010.07.20 18:43:51.100,1.1245,1.12465,1.60,1.60
2010.07.20 18:43:55.035,1.12445,1.12465,1.00,3.20
2010.07.20 18:43:55.171,1.12445,1.12465,1.00,4.00
2010.07.20 18:43:58.042,1.12445,1.12465,1.00,2.40
2010.07.20 18:44:00.649,1.12445,1.12465,1.60,1.60
2010.07.20 18:44:01.270,1.12445,1.12465,1.00,1.60
2010.07.20 18:44:01.618,1.12445,1.12465,1.00,4.00
2010.07.20 18:44:03.181,1.12445,1.12465,1.00,6.40
2010.07.20 18:44:03.528,1.1244,1.12455,1.00,1.60
2010.07.20 18:44:04.653,1.1244,1.1246,1.00,4.00
2010.07.20 18:44:05.885,1.1244,1.1246,4.00,3.20
2010.07.20 18:44:06.555,1.12435,1.12455,12.00,1.00
2010.07.20 18:44:06.722,1.12435,1.12455,8.00,1.00
2010.07.20 18:44:07.392,1.12435,1.12455,8.00,1.60
2010.07.20 18:44:08.263,1.12435,1.12455,7.20,1.60
2010.07.20 18:44:08.371,1.1244,1.12455,1.00,1.60
2010.07.20 18:44:08.543,1.1244,1.12455,1.60,1.60
2010.07.20 18:44:09.042,1.1244,1.12455,4.00,1.60
2010.07.20 18:44:10.056,1.1244,1.1246,4.00,4.00
2010.07.20 18:44:12.220,1.1244,1.1246,4.00,2.40
2010.07.20 18:44:13.293,1.1244,1.1246,5.60,2.40
2010.07.20 18:44:13.861,1.12445,1.1246,2.40,2.40
2010.07.20 18:44:14.029,1.12445,1.12465,2.40,4.00
2010.07.20 18:44:16.474,1.12445,1.12465,4.00,4.00
2010.07.20 18:44:17.160,1.12445,1.12465,4.00,2.40
2010.07.20 18:44:17.390,1.1245,1.12465,1.00,1.60
2010.07.20 18:44:19.279,1.1245,1.12465,1.00,3.20
2010.07.20 18:44:19.644,1.1245,1.12465,1.00,1.60
2010.07.20 18:44:20.926,1.1245,1.1247,1.60,4.00
2010.07.20 18:44:21.165,1.1245,1.1247,5.80,4.00
2010.07.20 18:44:23.380,1.1245,1.12465,5.00,1.00
2010.07.20 18:44:23.599,1.12445,1.1246,1.60,1.00
2010.07.20 18:44:27.303,1.1244,1.1246,7.20,1.00
2010.07.20 18:44:27.473,1.1244,1.1246,5.60,1.00
2010.07.20 18:44:29.670,1.1244,1.1246,5.80,1.60
2010.07.20 18:44:29.891,1.12445,1.1246,2.40,1.00
2010.07.20 18:44:37.245,1.12445,1.1246,4.40,1.00
2010.07.20 18:44:37.682,1.12445,1.1246,4.00,1.00
2010.07.20 18:44:40.083,1.1244,1.1246,5.60,1.00
2010.07.20 18:44:40.693,1.1244,1.12455,4.80,1.00
2010.07.20 18:44:41.032,1.12435,1.12455,5.60,1.60
2010.07.20 18:44:41.997,1.1244,1.12455,2.40,1.60
2010.07.20 18:44:42.722,1.1244,1.12455,3.20,1.00
2010.07.20 18:44:43.068,1.1244,1.1246,4.00,4.00
2010.07.20 18:44:43.294,1.1244,1.1246,8.00,4.00
2010.07.20 18:44:45.081,1.1244,1.1246,4.00,4.00
2010.07.20 18:44:45.152,1.1244,1.1246,1.60,4.00
2010.07.20 18:44:45.462,1.1244,1.1246,4.00,4.00
2010.07.20 18:44:47.857,1.1244,1.1246,4.80,1.00
2010.07.20 18:44:48.451,1.1244,1.1246,4.00,2.40
2010.07.20 18:44:48.597,1.1244,1.1246,1.60,4.00
2010.07.20 18:44:50.042,1.1244,1.1246,4.00,4.00
2010.07.20 18:44:50.254,1.1244,1.1246,8.00,4.00
2010.07.20 18:44:50.602,1.1244,1.1246,9.60,2.40
2010.07.20 18:44:54.852,1.1244,1.1246,8.00,4.00
2010.07.20 18:44:55.394,1.1244,1.1246,1.60,4.00
2010.07.20 18:44:57.284,1.1244,1.1246,1.60,6.40
2010.07.20 18:44:58.694,1.12435,1.12455,1.60,1.00
2010.07.20 18:45:00.064,1.12435,1.12455,3.20,1.00
2010.07.20 18:45:00.309,1.12435,1.12455,1.00,4.80
2010.07.20 18:45:00.560,1.12435,1.1245,1.00,3.20
2010.07.20 18:45:01.389,1.12425,1.12445,10.60,1.00
2010.07.20 18:45:02.152,1.12425,1.12445,8.20,2.40
2010.07.20 18:45:12.388,1.1243,1.12445,1.60,2.40
2010.07.20 18:45:14.541,1.1243,1.12445,1.60,1.60
2010.07.20 18:45:15.343,1.1243,1.12445,1.60,1.00
2010.07.20 18:45:16.580,1.1243,1.1245,4.80,4.00
2010.07.20 18:45:18.364,1.1243,1.1245,2.40,4.00
2010.07.20 18:45:19.160,1.1243,1.12445,1.60,1.00
2010.07.20 18:45:19.627,1.1243,1.12445,1.60,1.60
2010.07.20 18:45:19.775,1.1243,1.12445,1.60,2.40
2010.07.20 18:45:23.077,1.12425,1.12445,6.60,2.40
2010.07.20 18:45:23.284,1.12425,1.12445,4.80,4.00
2010.07.20 18:45:27.274,1.1243,1.1245,1.00,9.60
2010.07.20 18:45:28.073,1.12435,1.1245,7.00,4.00
2010.07.20 18:45:28.280,1.12435,1.1246,7.20,6.40
2010.07.20 18:45:28.491,1.12435,1.12455,4.00,2.40
2010.07.20 18:45:29.892,1.12435,1.12455,2.40,2.40
2010.07.20 18:45:29.971,1.1243,1.12455,5.60,6.90
2010.07.20 18:45:31.433,1.1243,1.1245,5.60,1.00
2010.07.20 18:45:31.955,1.12425,1.12445,9.00,1.00
2010.07.20 18:45:32.455,1.12425,1.12445,8.20,1.00
2010.07.20 18:45:33.549,1.12425,1.12445,8.20,1.60
2010.07.20 18:45:37.504,1.12425,1.12445,8.20,1.00
2010.07.20 18:45:38.416,1.12435,1.12445,1.00,1.00
2010.07.20 18:45:38.590,1.12435,1.1245,1.00,2.40
2010.07.20 18:45:38.756,1.12435,1.1245,1.00,1.00
2010.07.20 18:45:39.466,1.12435,1.12455,1.00,4.00
2010.07.20 18:45:39.759,1.12435,1.12455,2.20,4.00
2010.07.20 18:45:40.802,1.12435,1.12455,1.00,4.00
2010.07.20 18:45:41.176,1.12435,1.1245,1.00,1.00
2010.07.20 18:45:41.365,1.12435,1.1245,1.00,2.40
2010.07.20 18:45:41.554,1.12425,1.1245,10.20,4.00
2010.07.20 18:45:42.320,1.12425,1.12445,10.20,1.00
2010.07.20 18:45:42.633,1.12425,1.12445,9.80,1.00
2010.07.20 18:45:44.181,1.12425,1.12445,6.60,1.00
2010.07.20 18:45:46.034,1.12425,1.12445,6.60,1.00
2010.07.20 18:45:47.483,1.12425,1.12445,8.20,1.00
2010.07.20 18:45:48.503,1.12425,1.12445,8.20,1.00
2010.07.20 18:45:55.361,1.12425,1.12445,9.80,1.00
2010.07.20 18:46:04.202,1.12425,1.12445,8.20,1.00
2010.07.20 18:46:07.283,1.12435,1.12455,1.00,12.00
2010.07.20 18:46:07.559,1.12435,1.12455,2.20,8.00
2010.07.20 18:46:07.835,1.12435,1.12455,2.20,4.00
2010.07.20 18:46:08.950,1.1243,1.1245,2.40,1.60
2010.07.20 18:46:09.252,1.1243,1.1245,2.40,2.40
2010.07.20 18:46:15.252,1.1243,1.1245,1.60,2.40
2010.07.20 18:46:15.911,1.1243,1.1245,1.60,4.00
2010.07.20 18:46:16.066,1.1243,1.1245,1.60,2.40
2010.07.20 18:46:16.224,1.1243,1.1245,2.40,2.40
2010.07.20 18:46:17.696,1.12435,1.12455,4.60,4.00
2010.07.20 18:46:18.407,1.1244,1.1246,1.60,3.20
2010.07.20 18:46:18.619,1.1244,1.1246,6.40,1.60
2010.07.20 18:46:20.113,1.1244,1.1246,4.00,1.60
2010.07.20 18:46:20.465,1.12435,1.12455,10.60,1.00
2010.07.20 18:46:21.702,1.12435,1.12455,9.80,1.00
2010.07.20 18:46:21.955,1.12435,1.12455,6.60,1.60
2010.07.20 18:46:22.202,1.12435,1.12455,5.60,1.60
2010.07.20 18:46:25.172,1.12435,1.12455,5.60,1.00
2010.07.20 18:46:25.919,1.12435,1.12455,3.20,1.00
2010.07.20 18:46:28.437,1.12435,1.12455,1.60,2.40
2010.07.20 18:46:28.653,1.12435,1.1245,1.60,1.60
2010.07.20 18:46:32.175,1.1243,1.1245,1.60,2.40
2010.07.20 18:46:32.411,1.12425,1.12445,10.40,1.00
2010.07.20 18:46:32.646,1.12425,1.12445,8.80,1.60
2010.07.20 18:46:33.906,1.12425,1.12445,5.60,1.60
2010.07.20 18:46:41.452,1.12425,1.12445,5.60,1.00
2010.07.20 18:46:42.295,1.12425,1.12445,1.60,1.60
2010.07.20 18:46:43.233,1.12425,1.12445,1.60,3.20
2010.07.20 18:46:44.673,1.12425,1.12445,4.80,1.60
2010.07.20 18:46:45.385,1.1243,1.12445,1.00,1.60
2010.07.20 18:46:45.528,1.1243,1.1245,1.00,4.80
2010.07.20 18:46:47.670,1.1243,1.1245,1.00,4.00
2010.07.20 18:46:48.037,1.1243,1.1245,1.60,4.00
2010.07.20 18:46:48.953,1.1243,1.1245,2.40,3.20
2010.07.20 18:46:50.641,1.12455,1.1247,3.20,2.00
2010.07.20 18:46:50.952,1.12455,1.1247,3.20,1.60
2010.07.20 18:46:51.792,1.12455,1.1247,8.80,1.60
2010.07.20 18:46:52.390,1.1246,1.1248,2.40,4.00
2010.07.20 18:46:53.894,1.12455,1.1248,10.40,4.00
2010.07.20 18:46:54.668,1.12455,1.12475,2.40,1.00
2010.07.20 18:46:54.898,1.12455,1.12475,2.40,1.60
2010.07.20 18:46:55.359,1.12455,1.12475,1.00,2.40
2010.07.20 18:46:56.075,1.12455,1.12475,1.00,4.80
2010.07.20 18:46:56.384,1.1245,1.1247,3.20,4.00
2010.07.20 18:46:57.192,1.1245,1.1247,1.60,4.00
2010.07.20 18:46:58.153,1.1245,1.1247,2.40,4.00
2010.07.20 18:46:58.474,1.1245,1.1247,4.00,2.40
2010.07.20 18:47:00.824,1.1245,1.1247,5.60,2.40
2010.07.20 18:47:01.494,1.12455,1.1247,1.00,1.60
2010.07.20 18:47:02.281,1.12455,1.12475,1.00,1.60
2010.07.20 18:47:02.569,1.12455,1.12475,1.60,1.60
2010.07.20 18:47:05.084,1.12455,1.1247,1.00,1.60
2010.07.20 18:47:05.771,1.12455,1.12475,1.00,4.00
2010.07.20 18:47:08.882,1.1245,1.1247,10.40,1.00
2010.07.20 18:47:09.514,1.1245,1.1247,5.60,1.00
2010.07.20 18:47:17.383,1.1245,1.1247,5.60,2.40
2010.07.20 18:47:17.564,1.1245,1.1247,3.20,2.40
2010.07.20 18:47:20.753,1.12455,1.1247,2.80,2.40
2010.07.20 18:47:20.843,1.12455,1.12475,2.80,2.40
2010.07.20 18:47:21.111,1.12455,1.12475,6.00,2.40
2010.07.20 18:47:24.161,1.12455,1.12475,6.00,1.00
2010.07.20 18:47:25.159,1.12455,1.1247,4.00,1.00
2010.07.20 18:47:25.280,1.12455,1.1247,1.60,1.00
2010.07.20 18:47:34.191,1.1245,1.1247,12.00,2.40
2010.07.20 18:47:34.414,1.1245,1.1247,4.00,2.40
2010.07.20 18:47:34.512,1.1245,1.1247,4.00,4.00
2010.07.20 18:47:34.921,1.1245,1.1247,4.40,4.00
2010.07.20 18:47:35.112,1.12455,1.1247,2.40,4.00
2010.07.20 18:47:35.677,1.12455,1.1247,2.40,2.40
2010.07.20 18:47:35.774,1.12455,1.1247,2.40,1.00
2010.07.20 18:47:39.791,1.12455,1.1247,3.20,1.00
2010.07.20 18:47:39.901,1.12455,1.1247,9.20,1.00
2010.07.20 18:47:40.552,1.1247,1.12485,4.40,12.40
2010.07.20 18:47:40.778,1.12465,1.12485,1.00,4.00
2010.07.20 18:48:01.742,1.1246,1.1248,8.20,1.00
2010.07.20 18:48:02.012,1.1246,1.1248,7.40,1.00
2010.07.20 18:48:02.103,1.1246,1.1248,5.80,1.00
2010.07.20 18:48:03.162,1.1246,1.1248,8.20,1.00
2010.07.20 18:48:24.493,1.1246,1.1248,8.20,1.60
2010.07.20 18:48:24.583,1.1246,1.1248,8.00,1.60
2010.07.20 18:48:25.935,1.12455,1.1248,7.40,10.40
2010.07.20 18:48:26.073,1.1246,1.1248,2.40,4.00
2010.07.20 18:48:26.214,1.12455,1.12475,7.40,1.60
2010.07.20 18:48:26.866,1.12455,1.12475,1.80,4.00
2010.07.20 18:48:27.213,1.12455,1.12475,1.00,5.60
2010.07.20 18:48:29.911,1.12455,1.1247,1.00,1.60
2010.07.20 18:48:35.841,1.12455,1.1247,3.20,1.60
2010.07.20 18:48:35.922,1.12455,1.1247,4.00,1.60
2010.07.20 18:48:36.012,1.12455,1.12475,4.00,3.20
2010.07.20 18:48:36.103,1.12455,1.12475,4.60,3.20
2010.07.20 18:48:36.352,1.12455,1.12475,6.20,3.20
2010.07.20 18:48:38.885,1.12455,1.12475,7.40,3.20
2010.07.20 18:48:39.542,1.12465,1.12475,1.00,1.60
2010.07.20 18:48:39.820,1.12465,1.12485,1.60,4.00
2010.07.20 18:48:40.449,1.12465,1.12485,4.80,1.60
2010.07.20 18:48:40.732,1.12475,1.12495,6.40,3.20
2010.07.20 18:48:41.573,1.1248,1.12495,1.00,3.20
2010.07.20 18:48:41.916,1.1248,1.12495,1.00,1.60
2010.07.20 18:48:43.767,1.1248,1.12495,13.60,1.60
2010.07.20 18:48:44.062,1.1248,1.12495,4.00,1.60
2010.07.20 18:48:44.270,1.1248,1.12495,1.60,1.60
2010.07.20 18:48:44.871,1.1248,1.125,4.00,3.20
2010.07.20 18:48:45.084,1.1248,1.125,4.80,1.60
2010.07.20 18:48:46.828,1.1248,1.125,2.40,4.00
2010.07.20 18:48:47.284,1.1248,1.12495,2.40,1.00
2010.07.20 18:48:58.373,1.1248,1.125,2.40,4.00
2010.07.20 18:48:59.124,1.12475,1.12495,9.00,1.00
2010.07.20 18:48:59.235,1.12475,1.12495,8.20,1.00
2010.07.20 18:49:00.854,1.12475,1.12495,8.20,2.40
2010.07.20 18:49:02.576,1.1248,1.12495,1.00,1.00
2010.07.20 18:49:02.762,1.12485,1.125,3.00,2.40
2010.07.20 18:49:03.399,1.12485,1.125,3.80,1.60
2010.07.20 18:49:03.669,1.12485,1.12505,6.60,4.00
2010.07.20 18:49:05.409,1.1248,1.12495,4.80,1.00
2010.07.20 18:49:05.534,1.1248,1.125,6.40,1.00
2010.07.20 18:49:09.478,1.12495,1.12515,1.00,4.00
2010.07.20 18:49:09.653,1.12495,1.12515,8.00,1.60
2010.07.20 18:49:10.552,1.12495,1.12515,8.80,1.60
2010.07.20 18:49:10.898,1.12495,1.12515,8.00,3.20
2010.07.20 18:49:11.114,1.12495,1.12515,8.00,1.60
2010.07.20 18:49:16.076,1.12495,1.12515,8.00,1.00
2010.07.20 18:49:16.709,1.12495,1.1252,7.20,6.40
2010.07.20 18:49:17.738,1.125,1.1252,4.00,4.00
2010.07.20 18:49:18.293,1.125,1.1252,4.00,2.40
2010.07.20 18:49:18.643,1.12505,1.1252,2.40,1.60
2010.07.20 18:49:19.544,1.12515,1.1252,2.40,1.60
2010.07.20 18:49:19.828,1.12515,1.1253,3.40,2.40
2010.07.20 18:49:21.655,1.12515,1.1253,3.40,1.00
2010.07.20 18:49:22.005,1.12515,1.1253,3.40,1.00
2010.07.20 18:49:23.922,1.12515,1.1253,5.00,1.00
2010.07.20 18:49:24.083,1.12515,1.1253,6.60,1.00
2010.07.20 18:49:24.243,1.12515,1.12535,6.60,2.40
2010.07.20 18:49:25.003,1.1252,1.12535,2.40,2.40
2010.07.20 18:49:25.206,1.1252,1.12535,3.20,1.00
2010.07.20 18:49:25.949,1.1252,1.12535,2.40,2.40
2010.07.20 18:49:26.053,1.1252,1.12535,2.40,1.00
2010.07.20 18:49:26.658,1.12515,1.12535,6.60,2.40
2010.07.20 18:49:30.350,1.12515,1.1253,6.60,1.60
2010.07.20 18:49:32.499,1.1251,1.1253,6.40,1.00
2010.07.20 18:49:33.360,1.1251,1.1253,6.80,1.00
2010.07.20 18:49:33.707,1.1251,1.1253,7.60,1.00
2010.07.20 18:49:35.995,1.1251,1.1253,6.00,1.00
2010.07.20 18:49:41.296,1.12515,1.1253,1.00,1.00
2010.07.20 18:49:41.455,1.12515,1.1253,1.40,1.00
2010.07.20 18:49:41.484,1.12515,1.1253,3.80,1.00
2010.07.20 18:49:41.515,1.12515,1.12535,4.60,2.40
2010.07.20 18:49:42.408,1.12515,1.12535,6.20,2.40
2010.07.20 18:49:43.988,1.12515,1.12535,6.20,1.00
2010.07.20 18:49:44.333,1.12515,1.12535,7.80,1.00
2010.07.20 18:49:45.886,1.1252,1.12535,2.40,1.00
2010.07.20 18:49:46.613,1.1252,1.1254,3.20,4.00
2010.07.20 18:49:46.794,1.12515,1.1254,9.40,4.80
2010.07.20 18:49:46.977,1.12515,1.12535,4.80,2.40
2010.07.20 18:49:47.601,1.12515,1.12535,3.20,2.40
2010.07.20 18:49:48.346,1.1252,1.12535,1.00,1.60
2010.07.20 18:49:49.081,1.1252,1.1254,2.80,4.00
2010.07.20 18:49:49.321,1.1252,1.1254,4.40,4.00
2010.07.20 18:49:50.733,1.1252,1.1254,4.40,2.40
2010.07.20 18:49:54.729,1.12525,1.1254,6.80,1.00
2010.07.20 18:49:54.803,1.12525,1.12545,10.80,1.00
2010.07.20 18:49:54.873,1.12525,1.12545,6.80,1.00
2010.07.20 18:49:54.942,1.12525,1.12545,10.80,1.00
2010.07.20 18:49:55.012,1.12525,1.12545,12.40,1.00
2010.07.20 18:49:56.520,1.12525,1.12545,6.80,1.00
2010.07.20 18:49:56.792,1.12515,1.12535,2.40,2.40
2010.07.20 18:50:00.796,1.12515,1.12535,1.00,2.40
2010.07.20 18:50:03.521,1.12515,1.12535,1.00,4.00
2010.07.20 18:50:09.830,1.1252,1.1254,9.20,1.60
2010.07.20 18:50:09.985,1.12525,1.1254,1.00,1.60
2010.07.20 18:50:12.263,1.1252,1.1254,10.00,1.60
2010.07.20 18:50:14.941,1.1252,1.1254,6.00,1.00
2010.07.20 18:50:15.074,1.1252,1.1254,7.60,1.00
2010.07.20 18:50:17.519,1.12525,1.1254,1.60,1.00
2010.07.20 18:50:17.700,1.12525,1.12545,8.20,1.00
2010.07.20 18:50:17.880,1.12525,1.12545,9.80,1.00
2010.07.20 18:50:18.427,1.12525,1.12545,11.40,1.00
2010.07.20 18:50:18.718,1.1253,1.1255,4.40,3.20
2010.07.20 18:50:18.999,1.12535,1.1255,1.60,1.60
2010.07.20 18:50:20.429,1.12535,1.1255,2.00,1.60
2010.07.20 18:50:20.736,1.1254,1.12555,1.00,1.60
2010.07.20 18:50:22.740,1.12535,1.12555,2.00,1.60
2010.07.20 18:50:23.019,1.12535,1.12555,2.00,3.20
2010.07.20 18:50:23.296,1.12535,1.12555,1.00,4.00
2010.07.20 18:50:24.381,1.12535,1.12555,1.20,4.00
2010.07.20 18:50:24.823,1.12535,1.12555,2.00,4.00
2010.07.20 18:50:25.682,1.12535,1.12555,2.00,2.40
2010.07.20 18:50:25.839,1.12535,1.12555,8.40,1.00
2010.07.20 18:50:25.976,1.12535,1.1256,10.00,4.00
2010.07.20 18:50:26.113,1.1254,1.1256,1.00,4.00
2010.07.20 18:50:27.209,1.12535,1.12555,8.00,1.60
2010.07.20 18:50:27.416,1.1254,1.12555,1.00,1.60
2010.07.20 18:50:27.615,1.1254,1.12555,1.00,1.00
2010.07.20 18:50:30.513,1.12535,1.12555,9.20,1.00
2010.07.20 18:50:33.235,1.12535,1.12555,2.40,2.40
2010.07.20 18:50:33.496,1.12535,1.1255,1.60,1.60
2010.07.20 18:50:34.346,1.12535,1.1255,1.60,1.60
2010.07.20 18:50:34.503,1.12535,1.1255,1.60,1.00
2010.07.20 18:50:36.428,1.1253,1.1255,3.60,1.60
2010.07.20 18:50:39.823,1.1253,1.1255,6.00,1.00
2010.07.20 18:50:40.393,1.12535,1.12555,1.00,4.00
2010.07.20 18:50:40.683,1.12535,1.1255,1.00,1.60
2010.07.20 18:50:41.342,1.1253,1.12545,2.40,1.00
2010.07.20 18:50:41.540,1.12525,1.12535,1.60,4.80
2010.07.20 18:50:42.400,1.12515,1.12535,1.60,2.40
2010.07.20 18:50:42.675,1.12515,1.12535,2.80,2.40
2010.07.20 18:50:43.908,1.1251,1.12535,6.00,2.40
2010.07.20 18:50:44.250,1.1251,1.1253,3.60,2.40
2010.07.20 18:50:45.093,1.1251,1.12525,1.00,1.60
2010.07.20 18:50:45.365,1.125,1.12515,2.00,1.00
2010.07.20 18:50:46.736,1.125,1.1252,3.60,1.00
2010.07.20 18:50:47.301,1.12505,1.1252,1.00,1.00
2010.07.20 18:50:47.579,1.12505,1.12525,1.20,1.60
2010.07.20 18:50:48.739,1.12505,1.12525,6.00,1.60
2010.07.20 18:50:49.670,1.1251,1.12525,1.00,1.60
2010.07.20 18:50:50.510,1.12515,1.12535,1.20,4.00
2010.07.20 18:50:51.641,1.12515,1.12535,3.60,2.40
2010.07.20 18:50:51.925,1.1251,1.1253,4.80,1.00
2010.07.20 18:50:52.742,1.1251,1.1253,1.00,4.80
2010.07.20 18:50:53.086,1.1251,1.12525,1.00,1.00
2010.07.20 18:50:55.289,1.1251,1.12525,1.20,1.00
2010.07.20 18:50:58.724,1.1251,1.12525,1.00,2.40
2010.07.20 18:50:59.279,1.1251,1.12525,1.00,4.00
2010.07.20 18:50:59.322,1.12505,1.12525,1.60,4.00
2010.07.20 18:51:03.296,1.12505,1.12525,1.60,5.60
2010.07.20 18:51:03.383,1.125,1.1252,2.80,2.40
2010.07.20 18:51:05.403,1.125,1.1252,2.40,2.40
2010.07.20 18:51:09.674,1.125,1.1252,2.40,4.00
2010.07.20 18:51:10.504,1.12505,1.1252,1.00,1.00
2010.07.20 18:51:11.127,1.1251,1.12525,2.40,1.60
2010.07.20 18:51:11.379,1.1251,1.1253,3.20,4.00
2010.07.20 18:51:13.624,1.1251,1.12525,2.40,1.00
2010.07.20 18:51:13.715,1.12505,1.12525,7.60,1.00
2010.07.20 18:51:13.808,1.12505,1.12525,5.60,1.60
2010.07.20 18:51:14.439,1.12505,1.12525,5.20,1.00
2010.07.20 18:51:14.703,1.1251,1.1253,3.20,4.00
2010.07.20 18:51:14.968,1.12515,1.1253,2.40,1.00
2010.07.20 18:51:15.226,1.12515,1.12535,4.00,4.00
2010.07.20 18:51:16.028,1.1252,1.1253,1.00,1.60
2010.07.20 18:51:18.951,1.12525,1.12545,3.60,1.60
2010.07.20 18:51:19.185,1.12525,1.12545,6.00,1.60
2010.07.20 18:51:19.420,1.12525,1.12545,3.20,4.80
2010.07.20 18:51:20.190,1.1252,1.1254,4.00,4.80
2010.07.20 18:51:20.455,1.12515,1.1254,11.60,4.00
2010.07.20 18:51:20.724,1.1252,1.1254,1.00,4.00
2010.07.20 18:51:21.264,1.1252,1.1254,1.20,4.00
2010.07.20 18:51:22.859,1.1252,1.1254,3.60,4.00
2010.07.20 18:51:23.552,1.1252,1.1254,3.60,2.40
2010.07.20 18:51:25.276,1.12525,1.1254,1.00,1.00
2010.07.20 18:51:25.924,1.12525,1.12545,1.00,4.00
2010.07.20 18:51:26.088,1.12525,1.12545,4.00,4.00
2010.07.20 18:51:26.694,1.12525,1.12545,4.80,4.00
2010.07.20 18:51:26.858,1.12525,1.12545,6.80,4.00
2010.07.20 18:51:27.015,1.12535,1.1255,1.20,1.00
2010.07.20 18:51:27.610,1.1254,1.1255,2.40,1.00
2010.07.20 18:51:27.964,1.1254,1.1256,1.00,6.40
2010.07.20 18:51:28.305,1.12535,1.1256,6.80,6.40
2010.07.20 18:51:28.617,1.12535,1.1256,12.40,6.40
2010.07.20 18:51:29.474,1.12535,1.1255,7.20,1.60
2010.07.20 18:51:29.662,1.12525,1.12545,4.00,1.00
2010.07.20 18:51:29.848,1.12525,1.12545,8.40,1.00
2010.07.20 18:51:30.025,1.1253,1.12545,1.60,1.00
2010.07.20 18:51:31.484,1.1253,1.12545,4.00,1.00
2010.07.20 18:51:31.705,1.1253,1.12545,4.80,1.00
2010.07.20 18:51:32.809,1.1253,1.1255,11.60,1.00
2010.07.20 18:51:33.048,1.12535,1.12555,1.00,6.80
2010.07.20 18:51:33.284,1.12535,1.12555,1.20,5.60
2010.07.20 18:51:34.749,1.1253,1.1255,13.60,1.00
2010.07.20 18:51:34.951,1.12535,1.12555,3.20,3.20
2010.07.20 18:51:35.154,1.12545,1.1256,1.60,1.60
2010.07.20 18:51:35.355,1.12545,1.12565,1.60,4.40
2010.07.20 18:51:36.117,1.1254,1.1256,7.20,2.40
2010.07.20 18:51:36.401,1.1254,1.1256,3.60,1.60
2010.07.20 18:51:37.201,1.1254,1.1256,6.00,1.60
2010.07.20 18:51:37.545,1.1254,1.1256,6.00,1.60
2010.07.20 18:51:38.409,1.1254,1.1256,3.60,4.00
2010.07.20 18:51:39.082,1.1254,1.12555,1.60,1.60
2010.07.20 18:51:39.265,1.12535,1.12555,3.60,1.60
2010.07.20 18:51:40.178,1.12535,1.1255,2.00,1.00
2010.07.20 18:51:40.422,1.1253,1.1255,8.00,2.40
2010.07.20 18:51:40.632,1.12525,1.12545,11.20,1.60
2010.07.20 18:51:41.387,1.1252,1.1254,3.20,2.40
2010.07.20 18:51:41.725,1.1252,1.1254,1.00,4.00
2010.07.20 18:51:42.404,1.1252,1.1254,1.20,4.00
2010.07.20 18:51:43.177,1.1252,1.1254,5.20,4.00
2010.07.20 18:51:43.473,1.1253,1.12545,3.60,1.00
2010.07.20 18:51:43.638,1.1253,1.12545,9.20,1.00
2010.07.20 18:51:43.804,1.1253,1.1255,9.20,2.40
2010.07.20 18:51:45.091,1.1253,1.12545,9.20,1.00
2010.07.20 18:51:48.203,1.1253,1.12545,6.80,1.00
2010.07.20 18:51:48.996,1.12525,1.12545,11.60,1.00
2010.07.20 18:51:49.239,1.12525,1.12545,10.00,1.60
2010.07.20 18:51:58.936,1.12525,1.12545,10.00,1.00
2010.07.20 18:52:03.455,1.12525,1.12545,10.00,1.60
2010.07.20 18:52:04.285,1.12515,1.1253,5.20,1.00
2010.07.20 18:52:06.962,1.12515,1.12535,6.00,1.00
2010.07.20 18:52:09.166,1.1252,1.12535,1.00,1.00
2010.07.20 18:52:09.379,1.1252,1.1254,1.20,4.00
2010.07.20 18:52:10.871,1.1252,1.1254,2.80,4.00
2010.07.20 18:52:21.533,1.1252,1.1254,7.60,3.20
2010.07.20 18:52:21.753,1.1252,1.1254,11.60,3.20
2010.07.20 18:52:23.022,1.1252,1.1254,11.60,1.60
2010.07.20 18:52:23.675,1.1252,1.1254,11.60,1.00
2010.07.20 18:52:23.908,1.12525,1.1254,1.00,1.00
2010.07.20 18:52:24.137,1.12525,1.1254,1.60,1.00
2010.07.20 18:52:30.218,1.1252,1.1254,14.00,1.00
2010.07.20 18:52:30.566,1.1252,1.1254,14.00,1.60
2010.07.20 18:52:32.543,1.1252,1.1254,6.00,1.60
2010.07.20 18:52:34.317,1.12525,1.12545,2.80,2.40
2010.07.20 18:52:34.409,1.1253,1.1255,1.20,5.60
2010.07.20 18:52:34.495,1.1253,1.1255,2.00,3.20
2010.07.20 18:52:34.578,1.1253,1.1255,4.40,3.20
2010.07.20 18:52:35.157,1.1253,1.1255,4.40,1.60
2010.07.20 18:52:35.494,1.12535,1.12555,1.00,4.00
2010.07.20 18:52:45.063,1.12535,1.12555,1.00,6.40
2010.07.20 18:52:45.203,1.12525,1.1255,15.20,1.00
2010.07.20 18:52:45.344,1.12525,1.12545,10.80,1.60
2010.07.20 18:52:45.484,1.12525,1.12545,2.40,1.60
2010.07.20 18:52:46.129,1.12525,1.1254,2.40,1.60
2010.07.20 18:52:46.428,1.1252,1.1254,3.60,3.20
2010.07.20 18:52:47.306,1.1252,1.1254,3.20,5.60
2010.07.20 18:52:49.408,1.1252,1.1254,3.20,4.00
2010.07.20 18:52:49.476,1.1252,1.1254,6.00,1.60
2010.07.20 18:52:50.072,1.1252,1.1254,6.80,1.60
2010.07.20 18:52:50.117,1.1253,1.12545,2.40,1.00
2010.07.20 18:52:50.155,1.1253,1.1255,2.40,4.00
2010.07.20 18:52:50.810,1.1253,1.1255,2.80,4.00
2010.07.20 18:52:51.160,1.1253,1.1255,3.60,4.00
2010.07.20 18:52:54.503,1.1253,1.1255,3.60,2.40
2010.07.20 18:52:55.133,1.1253,1.1255,5.20,2.40
2010.07.20 18:52:59.295,1.1253,1.1255,6.00,2.40
2010.07.20 18:52:59.528,1.12535,1.12555,2.80,4.00
2010.07.20 18:52:59.724,1.12535,1.12555,3.60,4.00
2010.07.20 18:52:59.824,1.12535,1.12555,4.40,4.00
2010.07.20 18:53:01.032,1.12535,1.1255,2.00,2.40
2010.07.20 18:53:01.280,1.1254,1.12555,1.00,2.40
2010.07.20 18:53:01.527,1.12535,1.1255,5.20,4.00
2010.07.20 18:53:01.775,1.12535,1.12555,5.20,3.20
2010.07.20 18:53:02.014,1.12535,1.12555,5.20,3.20
2010.07.20 18:53:02.354,1.12535,1.12555,4.40,3.20
2010.07.20 18:53:08.495,1.12535,1.12555,4.40,1.60
2010.07.20 18:53:08.698,1.1254,1.12555,2.40,1.60
2010.07.20 18:53:09.471,1.12545,1.1256,1.00,1.60
2010.07.20 18:53:10.233,1.12545,1.1256,1.20,1.60
2010.07.20 18:53:10.426,1.12545,1.12565,1.60,8.00
2010.07.20 18:53:11.227,1.12545,1.12565,1.60,4.00
2010.07.20 18:53:13.722,1.12545,1.12565,1.00,4.00
2010.07.20 18:53:17.595,1.12545,1.1256,1.00,1.00
2010.07.20 18:53:17.808,1.12545,1.1256,1.00,1.60
2010.07.20 18:53:18.025,1.12545,1.1256,1.00,4.00
2010.07.20 18:53:18.958,1.12545,1.1256,1.00,1.60
2010.07.20 18:53:20.005,1.12545,1.1256,1.60,1.00
2010.07.20 18:53:20.752,1.12545,1.1257,8.00,4.00
2010.07.20 18:53:20.997,1.12555,1.1257,1.00,3.20
2010.07.20 18:53:24.299,1.1256,1.1258,1.00,8.00
2010.07.20 18:53:24.564,1.1256,1.1258,1.00,2.40
2010.07.20 18:53:24.836,1.1256,1.1258,1.60,4.00
2010.07.20 18:53:25.107,1.1256,1.1258,1.60,3.20
2010.07.20 18:53:25.693,1.12565,1.1258,4.00,1.60
2010.07.20 18:53:25.880,1.1257,1.1259,2.40,6.40
2010.07.20 18:53:26.061,1.12565,1.1258,4.00,1.60
2010.07.20 18:53:26.753,1.12565,1.12585,2.40,1.60
2010.07.20 18:53:27.019,1.12565,1.12585,3.20,1.60
2010.07.20 18:53:27.786,1.12565,1.12585,3.20,3.20
2010.07.20 18:53:30.224,1.1257,1.1259,3.20,4.80
2010.07.20 18:53:30.475,1.1257,1.1259,3.20,1.00
2010.07.20 18:53:31.219,1.1257,1.1259,4.80,2.40
2010.07.20 18:53:31.312,1.1257,1.12585,1.00,1.60
2010.07.20 18:53:31.484,1.12565,1.12585,3.20,2.40
2010.07.20 18:53:31.904,1.12565,1.12585,3.20,4.00
2010.07.20 18:53:39.157,1.12565,1.12585,3.20,2.40
2010.07.20 18:53:41.679,1.12565,1.12585,4.00,2.40
2010.07.20 18:53:41.813,1.12565,1.12585,6.40,2.40
2010.07.20 18:53:41.959,1.1257,1.12585,1.00,1.60
2010.07.20 18:53:42.093,1.1257,1.1259,1.00,6.40
2010.07.20 18:53:43.937,1.12565,1.12585,3.20,1.60
2010.07.20 18:53:45.153,1.12555,1.12575,1.60,2.40
2010.07.20 18:53:46.492,1.12555,1.12575,2.40,2.40
2010.07.20 18:53:46.837,1.12555,1.12575,3.20,1.00
2010.07.20 18:53:47.691,1.12555,1.12575,3.20,3.20
2010.07.20 18:53:47.884,1.12555,1.1257,1.00,8.00
2010.07.20 18:53:48.627,1.1255,1.1257,4.00,13.60
2010.07.20 18:53:48.829,1.1255,1.1257,4.00,16.00
2010.07.20 18:53:49.034,1.1255,1.1257,1.00,23.20
2010.07.20 18:53:50.153,1.12555,1.1257,1.60,1.00
2010.07.20 18:53:50.348,1.12555,1.1257,1.60,1.00
2010.07.20 18:53:52.577,1.1255,1.1257,7.20,3.20
2010.07.20 18:53:53.242,1.1255,1.1257,7.20,4.00
2010.07.20 18:53:53.436,1.1255,1.1256,5.60,3.20
2010.07.20 18:53:53.625,1.12535,1.12555,2.00,1.00
2010.07.20 18:53:53.815,1.12535,1.12555,2.00,8.00
2010.07.20 18:53:54.383,1.12535,1.12555,2.00,8.80
2010.07.20 18:53:54.583,1.12535,1.12555,1.60,11.20
2010.07.20 18:53:56.286,1.12535,1.1255,2.40,1.60
2010.07.20 18:53:56.433,1.12535,1.12555,4.00,4.00
2010.07.20 18:53:56.585,1.12535,1.12555,4.80,4.00
2010.07.20 18:53:58.022,1.12535,1.12555,6.40,4.00
2010.07.20 18:53:58.092,1.1253,1.1255,5.60,1.60
2010.07.20 18:53:58.740,1.1253,1.1255,4.80,2.40
2010.07.20 18:54:02.633,1.1253,1.1255,6.40,2.40
2010.07.20 18:54:03.598,1.1253,1.1255,4.80,2.40
2010.07.20 18:54:03.710,1.12525,1.1254,1.60,1.00
2010.07.20 18:54:04.328,1.1252,1.1254,6.40,1.60
2010.07.20 18:54:04.623,1.1251,1.12525,1.60,1.00
2010.07.20 18:54:06.019,1.1251,1.1253,6.40,1.00
2010.07.20 18:54:08.688,1.12515,1.1253,4.80,1.00
2010.07.20 18:54:08.816,1.12515,1.12535,4.80,4.00
2010.07.20 18:54:08.947,1.12515,1.12535,8.80,2.40
2010.07.20 18:54:09.609,1.12515,1.12535,9.60,2.40
2010.07.20 18:54:10.025,1.12515,1.12535,9.60,1.60
2010.07.20 18:54:11.144,1.1252,1.1254,11.20,2.40
2010.07.20 18:54:11.351,1.1252,1.12535,1.00,1.60
2010.07.20 18:54:13.384,1.1252,1.12535,1.60,1.60
2010.07.20 18:54:14.012,1.1252,1.12535,4.00,1.60
2010.07.20 18:54:14.185,1.12525,1.1254,1.60,1.60
2010.07.20 18:54:20.233,1.12525,1.12545,1.60,3.20
2010.07.20 18:54:22.868,1.12525,1.12545,4.00,3.20
2010.07.20 18:54:22.979,1.1253,1.12545,1.00,3.20
2010.07.20 18:54:23.084,1.1253,1.12545,1.00,1.60
2010.07.20 18:54:23.199,1.1253,1.1255,1.00,3.20
2010.07.20 18:54:23.853,1.12535,1.1255,1.00,1.00
2010.07.20 18:54:24.198,1.1253,1.12545,4.00,1.60
2010.07.20 18:54:24.886,1.1253,1.1254,2.40,1.60
2010.07.20 18:54:25.221,1.12515,1.12535,1.60,4.00
2010.07.20 18:54:25.552,1.12515,1.1254,9.20,4.00
2010.07.20 18:54:26.113,1.12515,1.1254,6.80,6.40
2010.07.20 18:54:26.369,1.12515,1.12535,7.20,1.00
2010.07.20 18:54:26.615,1.12515,1.12535,8.00,1.00
2010.07.20 18:54:28.199,1.12515,1.12535,7.20,1.00
2010.07.20 18:54:28.342,1.12515,1.1253,4.00,1.00
2010.07.20 18:54:30.069,1.12515,1.1253,3.20,1.00
2010.07.20 18:54:30.355,1.1251,1.1253,6.40,1.00
2010.07.20 18:54:31.091,1.1251,1.1253,7.20,1.00
2010.07.20 18:54:31.289,1.1251,1.1253,11.20,2.40
2010.07.20 18:54:31.486,1.12515,1.1253,1.60,1.60
2010.07.20 18:54:33.200,1.12515,1.12535,3.20,2.40
2010.07.20 18:54:34.223,1.12515,1.12535,3.20,1.60
2010.07.20 18:54:34.397,1.12515,1.12535,3.20,1.60
2010.07.20 18:54:34.977,1.12515,1.12535,7.20,1.60
2010.07.20 18:54:35.157,1.1252,1.1254,1.00,4.00
2010.07.20 18:54:35.323,1.1252,1.1254,1.60,4.00
2010.07.20 18:54:37.209,1.1252,1.1254,1.00,6.40
2010.07.20 18:54:37.494,1.1252,1.12535,1.00,1.00
2010.07.20 18:54:37.724,1.1252,1.12535,1.00,1.60
2010.07.20 18:54:37.955,1.12515,1.12535,3.20,1.60
2010.07.20 18:54:42.530,1.12505,1.12525,3.20,1.00
2010.07.20 18:54:42.828,1.12505,1.12525,3.20,1.60
2010.07.20 18:54:45.104,1.12505,1.12525,7.20,1.60
2010.07.20 18:54:45.309,1.12505,1.12525,9.60,1.60
2010.07.20 18:54:49.743,1.12505,1.12525,7.20,1.60
2010.07.20 18:54:51.632,1.12505,1.12525,9.60,1.60
2010.07.20 18:54:51.973,1.12505,1.12525,11.20,1.60
2010.07.20 18:54:53.073,1.12505,1.12525,8.80,1.60
2010.07.20 18:54:53.335,1.12505,1.12525,7.20,1.60
2010.07.20 18:54:56.573,1.12505,1.12525,11.20,1.60
2010.07.20 18:54:59.932,1.12505,1.12525,12.80,1.60
2010.07.20 18:55:01.020,1.12505,1.12525,11.60,1.00
2010.07.20 18:55:01.183,1.1251,1.12525,1.60,1.00
2010.07.20 18:55:08.815,1.1251,1.12525,9.60,1.00
2010.07.20 18:55:08.904,1.1251,1.12525,12.00,1.00
2010.07.20 18:55:08.994,1.1251,1.1253,12.80,2.40
2010.07.20 18:55:09.083,1.1251,1.1253,13.60,2.40
2010.07.20 18:55:09.263,1.1251,1.1253,13.60,4.00
2010.07.20 18:55:09.805,1.1251,1.1253,14.40,4.00
2010.07.20 18:55:10.643,1.1252,1.1254,3.20,4.00
2010.07.20 18:55:10.693,1.1252,1.1254,1.00,4.00
2010.07.20 18:55:10.795,1.1252,1.1254,1.60,4.00
2010.07.20 18:55:13.183,1.1252,1.1254,1.60,2.40
2010.07.20 18:55:13.435,1.1252,1.1254,4.00,2.40
2010.07.20 18:55:14.263,1.1254,1.12545,1.00,1.60
2010.07.20 18:55:14.417,1.1254,1.1256,1.00,6.80
2010.07.20 18:55:14.565,1.1254,1.1256,1.00,4.40
2010.07.20 18:55:15.119,1.1254,1.1256,1.00,2.80
2010.07.20 18:55:15.285,1.1253,1.1255,1.00,5.60
2010.07.20 18:55:17.532,1.1253,1.1255,12.00,1.60
2010.07.20 18:55:18.244,1.1253,1.1255,12.00,1.00
2010.07.20 18:55:18.346,1.12535,1.1255,3.20,1.00
2010.07.20 18:55:18.981,1.12535,1.12555,8.00,1.60
2010.07.20 18:55:19.287,1.12535,1.12555,3.60,4.00
2010.07.20 18:55:20.105,1.12535,1.1255,1.60,3.20
2010.07.20 18:55:22.444,1.12535,1.1255,1.60,1.60
2010.07.20 18:55:23.536,1.1254,1.12555,1.00,1.60
2010.07.20 18:55:24.454,1.1254,1.12555,1.60,1.60
2010.07.20 18:55:26.142,1.12545,1.1256,1.00,3.20
2010.07.20 18:55:34.120,1.1254,1.12555,1.60,1.60
2010.07.20 18:55:36.385,1.1254,1.1256,1.60,3.20
2010.07.20 18:55:44.571,1.1254,1.12555,1.60,1.60
2010.07.20 18:55:46.085,1.1254,1.12555,1.60,3.20
2010.07.20 18:55:47.198,1.1254,1.12555,1.60,4.80
2010.07.20 18:55:47.535,1.12535,1.12555,3.20,5.60
2010.07.20 18:55:48.223,1.12535,1.12545,1.60,4.00
2010.07.20 18:55:48.492,1.1252,1.1254,1.60,4.00
2010.07.20 18:55:49.944,1.1252,1.12535,1.60,1.60
2010.07.20 18:55:50.269,1.12515,1.12535,2.40,1.60
2010.07.20 18:55:51.179,1.12515,1.12535,7.20,1.60
2010.07.20 18:55:51.534,1.12515,1.12535,9.60,1.60
2010.07.20 18:55:51.886,1.12515,1.12535,9.60,1.60
2010.07.20 18:55:52.064,1.12515,1.12535,7.20,1.60
2010.07.20 18:55:52.626,1.12515,1.12535,6.40,2.40
2010.07.20 18:55:52.966,1.12515,1.12535,6.40,2.40
2010.07.20 18:55:57.494,1.12515,1.12535,1.00,4.80
2010.07.20 18:55:57.717,1.1251,1.1253,2.40,4.80
2010.07.20 18:55:58.593,1.1251,1.1253,1.00,4.80
2010.07.20 18:55:59.203,1.1251,1.1253,1.00,6.40
2010.07.20 18:56:01.533,1.1251,1.12525,1.00,1.00
2010.07.20 18:56:02.213,1.1251,1.12525,1.00,2.80
2010.07.20 18:56:02.537,1.125,1.12525,4.80,8.40
2010.07.20 18:56:02.846,1.125,1.1252,3.20,1.00
2010.07.20 18:56:05.272,1.125,1.1252,4.80,1.00
2010.07.20 18:56:05.632,1.125,1.1252,6.40,1.00
2010.07.20 18:56:05.783,1.12505,1.1252,1.60,1.00
2010.07.20 18:56:05.981,1.125,1.1252,5.60,1.00
2010.07.20 18:56:06.313,1.125,1.1252,4.80,1.00
2010.07.20 18:56:07.035,1.125,1.1252,1.00,4.80
2010.07.20 18:56:07.276,1.125,1.1252,1.00,5.20
2010.07.20 18:56:07.396,1.125,1.1252,1.00,6.00
2010.07.20 18:56:16.777,1.125,1.1251,1.00,1.60
2010.07.20 18:56:17.338,1.12495,1.12515,1.00,8.80
2010.07.20 18:56:19.323,1.12495,1.1251,1.00,2.40
2010.07.20 18:56:20.041,1.12495,1.1251,1.00,10.40
2010.07.20 18:56:20.153,1.12485,1.12505,1.60,8.00
2010.07.20 18:56:21.761,1.12485,1.12495,1.00,4.80
2010.07.20 18:56:21.986,1.12475,1.1249,1.60,1.60
2010.07.20 18:56:22.216,1.12475,1.12495,1.60,11.20
2010.07.20 18:56:22.445,1.12475,1.1249,1.60,1.60
2010.07.20 18:56:23.422,1.1247,1.1249,8.00,1.00
2010.07.20 18:56:23.690,1.1247,1.1249,6.40,3.20
2010.07.20 18:56:23.845,1.1247,1.1249,6.40,1.60
2010.07.20 18:56:24.146,1.1247,1.1249,4.00,1.60
2010.07.20 18:56:24.296,1.1247,1.1249,8.00,1.60
2010.07.20 18:56:24.445,1.1247,1.1249,5.60,3.20
2010.07.20 18:56:25.114,1.1247,1.1249,4.80,3.20
2010.07.20 18:56:25.317,1.1247,1.12495,10.40,3.60
2010.07.20 18:56:25.517,1.12475,1.12495,2.40,1.60
2010.07.20 18:56:25.716,1.12475,1.12495,2.40,1.00
2010.07.20 18:56:25.917,1.12475,1.12495,4.00,1.00
2010.07.20 18:56:26.571,1.12475,1.12495,1.60,2.40
2010.07.20 18:56:26.734,1.12475,1.12495,2.40,2.40
2010.07.20 18:56:26.896,1.12475,1.12495,2.40,3.20
2010.07.20 18:56:27.059,1.12475,1.12495,2.40,4.80
2010.07.20 18:56:28.090,1.1247,1.12485,3.20,2.40
2010.07.20 18:56:28.775,1.1247,1.12485,3.20,1.00
2010.07.20 18:56:29.668,1.1247,1.12485,2.40,3.20
2010.07.20 18:56:30.024,1.12465,1.1248,3.20,1.00
2010.07.20 18:56:30.209,1.12465,1.1248,1.60,1.00
2010.07.20 18:56:30.778,1.1246,1.1248,4.80,1.00
2010.07.20 18:56:30.969,1.1246,1.1248,4.80,1.60
2010.07.20 18:56:32.356,1.1246,1.1248,3.20,3.20
2010.07.20 18:56:32.614,1.1246,1.1248,3.20,1.60
2010.07.20 18:56:33.725,1.1246,1.1248,3.20,3.20
2010.07.20 18:56:34.866,1.1246,1.1248,1.60,4.00
2010.07.20 18:56:35.514,1.1246,1.1248,1.00,5.60
2010.07.20 18:56:37.913,1.1246,1.12475,1.00,1.00
2010.07.20 18:56:38.463,1.1246,1.1248,1.00,8.00
2010.07.20 18:56:38.557,1.1246,1.12475,1.00,1.60
2010.07.20 18:56:40.955,1.12455,1.12475,3.20,1.60
2010.07.20 18:56:41.108,1.12455,1.12475,1.60,2.40
2010.07.20 18:56:43.364,1.1246,1.12475,1.00,1.60
2010.07.20 18:56:44.228,1.1246,1.1248,4.80,3.20
2010.07.20 18:56:44.415,1.1246,1.1248,4.00,3.20
2010.07.20 18:56:44.595,1.1246,1.1248,1.00,4.00
2010.07.20 18:56:44.775,1.1246,1.1248,1.00,4.40
2010.07.20 18:56:45.602,1.1246,1.1248,2.40,10.00
2010.07.20 18:56:48.736,1.1246,1.1248,2.40,10.80
2010.07.20 18:56:48.996,1.12445,1.1247,3.60,7.60
2010.07.20 18:56:49.257,1.1245,1.1247,4.80,4.00
2010.07.20 18:56:49.520,1.1245,1.1247,4.80,3.20
2010.07.20 18:56:49.786,1.1245,1.1247,1.60,3.20
2010.07.20 18:56:51.095,1.12455,1.1247,1.00,1.60
2010.07.20 18:56:53.732,1.12455,1.1247,1.00,1.60
2010.07.20 18:56:54.196,1.12455,1.12475,1.60,4.80
2010.07.20 18:56:54.793,1.12455,1.12475,2.40,4.00
2010.07.20 18:56:55.023,1.1245,1.1247,3.20,2.40
2010.07.20 18:56:55.176,1.1245,1.1247,3.20,6.00
2010.07.20 18:56:55.324,1.1245,1.1247,1.60,6.00
2010.07.20 18:56:56.816,1.12445,1.12465,3.20,1.00
2010.07.20 18:56:56.988,1.12445,1.12465,3.20,3.20
2010.07.20 18:56:57.163,1.12445,1.12465,1.60,6.80
2010.07.20 18:56:57.484,1.12445,1.12465,1.60,8.40
2010.07.20 18:56:59.253,1.12445,1.12465,1.60,8.40
2010.07.20 18:56:59.830,1.12445,1.12465,1.60,8.40
2010.07.20 18:57:01.274,1.12445,1.12465,1.60,8.40
2010.07.20 18:57:03.323,1.12445,1.12465,1.60,8.40
2010.07.20 18:57:05.633,1.12445,1.1246,1.60,2.40
2010.07.20 18:57:05.723,1.12445,1.1246,1.60,3.20
2010.07.20 18:57:06.143,1.1244,1.1246,4.00,4.80
2010.07.20 18:57:06.241,1.1244,1.12455,8.00,1.00
2010.07.20 18:57:06.787,1.1244,1.12445,6.40,1.00
2010.07.20 18:57:06.956,1.12425,1.12445,6.00,1.00
2010.07.20 18:57:07.126,1.12425,1.1245,3.60,8.80
2010.07.20 18:57:07.294,1.12425,1.1245,3.60,9.60
2010.07.20 18:57:07.464,1.12425,1.1245,7.60,9.60
2010.07.20 18:57:07.634,1.1243,1.1245,2.40,5.20
2010.07.20 18:57:07.807,1.1243,1.1245,8.00,2.40
2010.07.20 18:57:08.590,1.12435,1.12455,1.00,4.00
2010.07.20 18:57:08.847,1.12435,1.12455,1.00,3.20
2010.07.20 18:57:11.571,1.12435,1.12455,1.00,4.00
2010.07.20 18:57:11.654,1.12435,1.12455,1.60,3.20
2010.07.20 18:57:11.743,1.12435,1.12455,1.60,4.00
2010.07.20 18:57:11.834,1.12435,1.12455,1.00,4.00
2010.07.20 18:57:12.663,1.12435,1.12455,1.00,4.80
2010.07.20 18:57:13.010,1.12435,1.12455,1.00,4.00
2010.07.20 18:57:13.353,1.12435,1.12455,1.00,4.80
2010.07.20 18:57:14.435,1.12435,1.12455,1.60,3.20
2010.07.20 18:57:15.504,1.12435,1.12455,5.60,3.20
2010.07.20 18:57:15.627,1.1244,1.12455,2.40,3.20
2010.07.20 18:57:16.603,1.12435,1.12455,1.60,4.00
2010.07.20 18:57:19.472,1.1243,1.1245,8.80,4.80
2010.07.20 18:57:19.597,1.1243,1.12445,1.60,1.00
2010.07.20 18:57:19.707,1.12425,1.12445,4.40,1.60
2010.07.20 18:57:19.815,1.1243,1.12445,2.40,1.60
2010.07.20 18:57:20.619,1.1243,1.12445,6.40,1.00
2010.07.20 18:57:20.634,1.1243,1.12445,4.00,1.00
2010.07.20 18:57:23.157,1.1243,1.1245,8.00,2.40
2010.07.20 18:57:24.166,1.1243,1.1245,10.40,1.00
2010.07.20 18:57:25.103,1.1243,1.1245,8.80,1.00
2010.07.20 18:57:25.143,1.1243,1.1245,8.00,1.00
2010.07.20 18:57:25.334,1.1243,1.1245,8.00,1.60
2010.07.20 18:57:26.353,1.1243,1.1245,8.80,1.60
2010.07.20 18:57:26.652,1.1243,1.1245,8.80,1.00
2010.07.20 18:57:28.522,1.1243,1.1245,10.40,1.00
2010.07.20 18:57:29.657,1.12435,1.1245,2.40,1.00
2010.07.20 18:57:30.135,1.12435,1.1245,1.00,1.00
2010.07.20 18:57:30.757,1.12435,1.12455,9.60,2.40
2010.07.20 18:57:31.594,1.12435,1.12455,9.60,1.60
2010.07.20 18:57:33.304,1.12435,1.12455,5.60,1.60
2010.07.20 18:57:33.494,1.12435,1.12455,1.60,3.20
2010.07.20 18:57:34.353,1.12435,1.12455,1.60,1.60
2010.07.20 18:57:35.333,1.1244,1.12455,1.00,1.60
2010.07.20 18:57:36.045,1.1244,1.12455,1.00,1.00
2010.07.20 18:57:36.195,1.1244,1.1246,1.00,7.20
2010.07.20 18:57:36.474,1.1244,1.1246,1.00,4.80
2010.07.20 18:57:38.153,1.1244,1.1246,1.00,4.80
2010.07.20 18:57:38.265,1.1244,1.1246,2.40,3.20
2010.07.20 18:57:38.884,1.12445,1.1246,3.20,1.60
2010.07.20 18:57:39.102,1.1246,1.1248,5.60,3.20
2010.07.20 18:57:39.836,1.1246,1.1248,1.60,5.20
2010.07.20 18:57:40.384,1.1246,1.12475,1.60,1.60
2010.07.20 18:57:40.727,1.12455,1.12475,1.60,7.20
2010.07.20 18:57:41.066,1.12455,1.12475,1.60,7.60
2010.07.20 18:57:42.906,1.12455,1.12475,1.60,3.20
2010.07.20 18:57:45.395,1.1246,1.12475,1.20,3.20
2010.07.20 18:57:45.534,1.1246,1.12475,2.00,3.20
2010.07.20 18:57:46.139,1.12465,1.1248,3.20,3.20
2010.07.20 18:57:46.322,1.12465,1.1248,1.60,3.20
2010.07.20 18:57:54.886,1.1246,1.1248,1.60,3.60
2010.07.20 18:58:07.153,1.1246,1.1248,1.60,6.00
2010.07.20 18:58:07.306,1.1246,1.12465,1.00,1.60
2010.07.20 18:58:07.457,1.12455,1.1246,1.00,1.20
2010.07.20 18:58:07.606,1.1244,1.12455,4.80,1.00
2010.07.20 18:58:08.217,1.1244,1.12455,4.00,1.00
2010.07.20 18:58:08.471,1.1244,1.1246,1.60,1.00
2010.07.20 18:58:10.324,1.1244,1.1246,1.60,1.60
2010.07.20 18:58:10.452,1.1244,1.1246,1.60,1.20
2010.07.20 18:58:10.574,1.1244,1.1246,1.60,2.80
2010.07.20 18:58:13.603,1.1244,1.1246,1.60,3.60
2010.07.20 18:58:13.735,1.1244,1.1246,2.40,3.60
2010.07.20 18:58:13.805,1.1244,1.1246,3.20,2.80
2010.07.20 18:58:19.853,1.1244,1.1246,3.20,2.00
2010.07.20 18:58:23.151,1.1244,1.1246,1.60,2.00
2010.07.20 18:58:23.471,1.12445,1.1246,1.00,1.00
2010.07.20 18:58:23.612,1.12445,1.1246,1.00,1.00
2010.07.20 18:58:24.470,1.12445,1.12465,1.00,11.20
2010.07.20 18:58:24.593,1.12445,1.1246,1.00,1.60
2010.07.20 18:58:25.265,1.12445,1.12465,1.60,10.80
2010.07.20 18:58:25.343,1.12455,1.1247,1.00,1.60
2010.07.20 18:58:25.409,1.12455,1.1247,1.00,1.00
2010.07.20 18:58:25.513,1.12455,1.1247,1.00,2.00
2010.07.20 18:58:27.903,1.12455,1.1247,1.60,2.00
2010.07.20 18:58:28.104,1.12455,1.1247,4.80,1.60
2010.07.20 18:58:28.766,1.12455,1.12475,4.80,6.00
2010.07.20 18:58:28.968,1.12455,1.12475,4.80,4.40
2010.07.20 18:58:34.451,1.12455,1.12475,11.20,4.40
2010.07.20 18:58:34.597,1.12455,1.12475,15.20,2.40
2010.07.20 18:58:35.366,1.12455,1.12475,13.60,2.80
2010.07.20 18:58:35.679,1.12455,1.12475,14.40,2.00
2010.07.20 18:58:36.289,1.12455,1.12475,7.20,2.00
2010.07.20 18:58:37.133,1.12455,1.12475,8.00,2.00
2010.07.20 18:58:37.483,1.1246,1.1248,5.60,2.80
2010.07.20 18:58:37.660,1.1246,1.12475,3.20,1.00
2010.07.20 18:58:39.225,1.1246,1.12475,1.60,1.00
2010.07.20 18:58:39.455,1.1246,1.12475,1.60,2.00
2010.07.20 18:58:42.916,1.12465,1.12475,1.00,2.00
2010.07.20 18:58:43.086,1.12465,1.12475,2.40,1.60
2010.07.20 18:58:43.254,1.12465,1.1248,2.40,3.60
2010.07.20 18:58:45.865,1.12465,1.1248,2.40,3.20
2010.07.20 18:58:45.974,1.12465,1.1248,2.40,1.60
2010.07.20 18:58:46.577,1.12465,1.1248,3.20,1.60
2010.07.20 18:58:46.887,1.1247,1.1249,3.20,7.20
2010.07.20 18:58:47.189,1.1247,1.1249,1.00,6.00
2010.07.20 18:58:47.494,1.1247,1.1249,1.00,7.60
2010.07.20 18:58:47.794,1.1247,1.12485,1.00,1.60
2010.07.20 18:58:53.359,1.12475,1.1249,3.20,1.60
2010.07.20 18:58:53.604,1.12475,1.12495,1.60,8.40
2010.07.20 18:58:53.835,1.12475,1.12495,1.60,6.80
2010.07.20 18:58:54.625,1.12475,1.12495,1.60,7.60
2010.07.20 18:58:55.253,1.12475,1.12495,1.60,9.20
2010.07.20 18:58:55.674,1.12475,1.12495,3.20,6.00
2010.07.20 18:58:56.134,1.12475,1.12495,3.20,5.20
2010.07.20 18:58:57.234,1.12475,1.12495,3.20,6.80
2010.07.20 18:58:57.374,1.12475,1.1249,1.60,1.60
2010.07.20 18:58:58.925,1.12475,1.1249,2.40,1.60
2010.07.20 18:58:59.847,1.12475,1.12495,1.60,5.20
2010.07.20 18:59:00.017,1.12475,1.12495,1.60,10.80
2010.07.20 18:59:00.185,1.1247,1.1249,4.80,1.00
2010.07.20 18:59:00.355,1.1247,1.1249,1.60,1.00
2010.07.20 18:59:00.942,1.1247,1.1249,1.60,1.00
2010.07.20 18:59:01.179,1.1247,1.1249,3.20,3.60
2010.07.20 18:59:04.808,1.12475,1.1249,1.00,2.00
2010.07.20 18:59:06.020,1.1247,1.12485,1.60,5.20
2010.07.20 18:59:06.236,1.1246,1.1248,4.80,1.60
2010.07.20 18:59:06.990,1.1246,1.1248,1.60,3.20
2010.07.20 18:59:07.264,1.12455,1.12475,12.00,1.00
2010.07.20 18:59:07.541,1.12455,1.12475,20.00,1.00
2010.07.20 18:59:08.341,1.12455,1.12475,20.00,1.00
2010.07.20 18:59:08.587,1.12455,1.1248,20.00,4.80
2010.07.20 18:59:10.088,1.1246,1.1248,1.00,4.80
2010.07.20 18:59:10.442,1.12465,1.1248,3.20,1.00
2010.07.20 18:59:10.736,1.12465,1.1248,1.60,2.40
2010.07.20 18:59:11.416,1.12465,1.1248,1.60,3.20
2010.07.20 18:59:11.720,1.1246,1.1248,3.20,1.60
2010.07.20 18:59:12.014,1.1246,1.1248,3.20,1.00
2010.07.20 18:59:13.169,1.1246,1.1248,3.20,3.20
2010.07.20 18:59:17.163,1.1246,1.1248,1.60,5.60
2010.07.20 18:59:17.385,1.1246,1.1248,1.00,6.00
2010.07.20 18:59:18.197,1.1246,1.1248,1.00,5.20
2010.07.20 18:59:19.243,1.1246,1.1248,1.00,6.80
2010.07.20 18:59:20.035,1.1246,1.1248,1.00,7.20
2010.07.20 18:59:20.203,1.1246,1.1248,1.00,5.60
2010.07.20 18:59:20.535,1.1246,1.1248,1.00,3.20
2010.07.20 18:59:20.693,1.1246,1.1248,1.00,2.80
2010.07.20 18:59:21.441,1.1246,1.1248,1.60,2.40
2010.07.20 18:59:21.745,1.1246,1.1248,1.00,2.80
2010.07.20 18:59:22.611,1.1246,1.1248,1.00,4.40
2010.07.20 18:59:24.483,1.1246,1.1248,1.00,4.80
2010.07.20 18:59:25.902,1.1246,1.1248,1.00,4.00
2010.07.20 18:59:29.272,1.1246,1.1248,1.00,6.40
2010.07.20 18:59:29.510,1.1246,1.1248,1.00,6.80
2010.07.20 18:59:29.748,1.1246,1.12475,1.00,1.00
2010.07.20 18:59:31.930,1.12455,1.12465,5.60,3.20
2010.07.20 18:59:32.128,1.12445,1.1246,1.00,1.00
2010.07.20 18:59:32.325,1.12445,1.12465,1.60,6.80
2010.07.20 18:59:32.525,1.12445,1.12465,1.60,4.40
2010.07.20 18:59:33.247,1.12445,1.12465,4.00,1.20
2010.07.20 18:59:34.515,1.12445,1.12465,4.00,2.80
2010.07.20 18:59:34.800,1.12445,1.12465,5.60,2.80
2010.07.20 18:59:35.633,1.12445,1.12465,6.40,2.80
2010.07.20 18:59:35.966,1.12445,1.12465,9.60,1.00
2010.07.20 18:59:36.285,1.12445,1.12465,8.80,2.40
2010.07.20 18:59:37.807,1.12445,1.12465,8.80,5.20
2010.07.20 18:59:37.916,1.12445,1.12465,7.20,5.20
2010.07.20 18:59:38.029,1.12445,1.12465,3.20,5.20
2010.07.20 18:59:39.259,1.12445,1.12465,3.20,1.20
2010.07.20 18:59:39.945,1.12445,1.12465,4.80,1.20
2010.07.20 18:59:40.286,1.12445,1.12465,4.80,1.00
2010.07.20 18:59:41.816,1.12445,1.12465,6.40,1.00
2010.07.20 18:59:44.057,1.12445,1.12465,3.20,4.80
2010.07.20 18:59:44.356,1.12445,1.12465,1.00,5.20
2010.07.20 18:59:45.283,1.12445,1.12465,2.40,5.20
2010.07.20 18:59:45.744,1.12445,1.12465,2.40,1.20
2010.07.20 18:59:46.894,1.12445,1.12465,4.00,1.20
2010.07.20 18:59:47.173,1.12445,1.12465,2.40,5.20
2010.07.20 18:59:47.320,1.12445,1.12465,5.20,2.40
2010.07.20 18:59:47.468,1.12445,1.1247,10.80,6.00
2010.07.20 18:59:48.108,1.12445,1.1247,10.80,4.40
2010.07.20 18:59:48.264,1.1245,1.1247,3.60,1.60
2010.07.20 18:59:48.958,1.12455,1.1247,1.60,1.60
2010.07.20 18:59:50.316,1.1245,1.12465,3.20,1.00
2010.07.20 18:59:50.919,1.12445,1.12465,5.20,1.00
2010.07.20 18:59:51.166,1.12445,1.1246,1.00,1.00
2010.07.20 18:59:53.410,1.1244,1.1246,3.20,1.00
2010.07.20 18:59:53.638,1.1244,1.1246,3.20,1.00
2010.07.20 18:59:54.386,1.1244,1.1246,3.20,2.80
2010.07.20 18:59:54.600,1.12435,1.12455,1.00,4.00
2010.07.20 18:59:54.806,1.12435,1.12455,1.00,5.60
2010.07.20 18:59:55.701,1.12435,1.12455,2.40,4.00
2010.07.20 18:59:55.902,1.1244,1.12455,3.20,1.00
2010.07.20 18:59:56.100,1.1244,1.1246,5.60,2.40
2010.07.20 18:59:56.294,1.1244,1.1246,6.40,2.40
2010.07.20 18:59:56.485,1.12445,1.1246,1.60,2.40
2010.07.20 18:59:57.478,1.12445,1.1246,1.60,1.00
2010.07.20 18:59:57.736,1.12445,1.1246,4.80,1.00
2010.07.20 18:59:57.985,1.12445,1.1246,6.40,1.00
2010.07.20 18:59:59.075,1.12445,1.1246,4.80,1.00
2010.07.20 18:59:59.871,1.1244,1.1246,12.00,1.00
