2011.05.30 13:00:01.568,1.15458,1.15474,1.13,1.50
2011.05.30 13:00:01.898,1.15454,1.15474,1.88,1.50
2011.05.30 13:00:06.286,1.15455,1.15475,3.00,2.25
2011.05.30 13:00:10.048,1.15455,1.15474,3.00,2.63
2011.05.30 13:00:14.541,1.15459,1.15474,1.13,1.50
2011.05.30 13:00:14.657,1.15461,1.15476,3.00,1.50
2011.05.30 13:00:14.770,1.15456,1.15476,4.15,1.50
2011.05.30 13:00:15.548,1.15456,1.15472,3.40,1.50
2011.05.30 13:00:17.217,1.15452,1.1547,3.00,2.25
2011.05.30 13:00:25.036,1.15451,1.15469,1.15,1.50
2011.05.30 13:00:25.586,1.15451,1.1547,3.40,2.10
2011.05.30 13:00:28.048,1.15451,1.1547,3.00,2.10
2011.05.30 13:00:28.819,1.15454,1.1547,1.13,1.35
2011.05.30 13:00:29.828,1.15452,1.1547,1.13,1.35
2011.05.30 13:00:33.287,1.15452,1.1547,1.13,2.10
2011.05.30 13:00:34.258,1.15451,1.15469,1.13,1.50
2011.05.30 13:00:35.798,1.15451,1.1547,1.50,1.35
2011.05.30 13:00:35.908,1.15452,1.1547,1.50,1.35
2011.05.30 13:00:37.537,1.15452,1.1547,1.50,1.35
2011.05.30 13:00:38.368,1.15452,1.1547,1.50,1.35
2011.05.30 13:00:38.918,1.15451,1.1547,1.90,1.35
2011.05.30 13:00:44.609,1.15453,1.1547,4.15,1.35
2011.05.30 13:00:45.049,1.15455,1.15472,1.50,1.35
2011.05.30 13:00:45.269,1.15458,1.15476,1.50,1.13
2011.05.30 13:00:45.489,1.15456,1.15478,2.65,2.10
2011.05.30 13:00:45.598,1.15461,1.15478,1.13,1.35
2011.05.30 13:00:46.868,1.15461,1.15479,3.75,1.35
2011.05.30 13:00:48.228,1.15461,1.1548,1.50,1.50
2011.05.30 13:00:56.740,1.1546,1.15479,1.50,1.50
2011.05.30 13:00:57.528,1.1546,1.15478,1.50,1.50
2011.05.30 13:00:57.639,1.15458,1.15477,3.40,1.50
2011.05.30 13:00:57.859,1.15456,1.15476,1.50,2.10
2011.05.30 13:00:57.971,1.15456,1.15474,1.50,1.50
2011.05.30 13:00:58.090,1.15454,1.15471,2.25,1.50
2011.05.30 13:00:58.743,1.15452,1.1547,3.75,1.13
2011.05.30 13:00:58.865,1.15455,1.15473,1.50,1.88
2011.05.30 13:00:59.202,1.15456,1.15475,1.50,1.50
2011.05.30 13:00:59.757,1.15458,1.15476,1.50,1.35
2011.05.30 13:00:59.979,1.15459,1.15478,1.50,1.35
2011.05.30 13:01:00.199,1.15461,1.15479,1.50,1.50
2011.05.30 13:01:06.598,1.15462,1.1548,1.50,1.13
2011.05.30 13:01:08.417,1.1546,1.1548,1.50,1.13
2011.05.30 13:01:11.049,1.15462,1.1548,2.25,1.13
2011.05.30 13:01:11.598,1.15461,1.1548,1.90,1.13
2011.05.30 13:01:11.710,1.15462,1.15482,1.15,1.13
2011.05.30 13:01:14.678,1.15461,1.15482,1.50,1.13
2011.05.30 13:01:16.659,1.15461,1.15482,1.50,1.13
2011.05.30 13:01:22.718,1.15464,1.15482,1.50,1.13
2011.05.30 13:01:22.938,1.15464,1.15482,1.50,1.13
2011.05.30 13:01:24.508,1.15464,1.15484,1.50,2.63
2011.05.30 13:01:27.188,1.15463,1.15483,2.25,1.13
2011.05.30 13:01:35.938,1.15464,1.15484,1.50,3.23
2011.05.30 13:01:36.159,1.15464,1.1548,1.50,1.35
2011.05.30 13:01:48.139,1.15459,1.15479,1.50,1.13
2011.05.30 13:01:50.118,1.15458,1.15478,1.90,1.13
2011.05.30 13:01:51.487,1.15458,1.15478,1.90,1.13
2011.05.30 13:01:57.229,1.15462,1.1548,1.50,1.50
2011.05.30 13:01:57.559,1.15462,1.15481,1.50,1.35
2011.05.30 13:02:01.361,1.15466,1.15481,1.50,1.35
2011.05.30 13:02:01.479,1.15466,1.15481,1.50,1.35
2011.05.30 13:02:01.809,1.15467,1.15484,3.40,1.13
2011.05.30 13:02:02.028,1.15468,1.15488,1.50,1.73
2011.05.30 13:02:02.578,1.15468,1.15488,1.90,1.73
2011.05.30 13:02:04.058,1.1547,1.15488,1.50,1.35
2011.05.30 13:02:04.937,1.15472,1.15491,1.50,1.50
2011.05.30 13:02:09.099,1.15474,1.15492,2.25,2.85
2011.05.30 13:02:09.210,1.15474,1.15492,3.00,1.35
2011.05.30 13:02:09.549,1.15476,1.15492,1.50,1.35
2011.05.30 13:02:10.097,1.15477,1.15492,1.50,1.35
2011.05.30 13:02:12.208,1.15477,1.15493,1.50,1.35
2011.05.30 13:02:12.979,1.15477,1.15496,1.50,1.50
2011.05.30 13:02:13.088,1.15477,1.15495,1.50,1.13
2011.05.30 13:02:13.637,1.15476,1.15495,1.50,1.13
2011.05.30 13:02:27.089,1.15474,1.15492,3.75,1.13
2011.05.30 13:02:27.309,1.15473,1.15492,1.50,1.13
2011.05.30 13:02:33.808,1.15472,1.15491,1.15,1.13
2011.05.30 13:02:33.920,1.15472,1.15488,1.15,1.13
2011.05.30 13:02:34.629,1.15468,1.15485,1.15,1.13
2011.05.30 13:02:35.838,1.15467,1.15485,1.15,1.13
2011.05.30 13:02:42.299,1.15467,1.15485,4.15,1.13
2011.05.30 13:02:42.847,1.15467,1.15485,1.15,1.13
2011.05.30 13:02:44.014,1.15467,1.15488,1.15,4.13
2011.05.30 13:02:50.439,1.15467,1.15486,2.65,1.13
2011.05.30 13:02:51.335,1.15465,1.15486,3.40,1.88
2011.05.30 13:02:51.758,1.15465,1.15485,1.15,1.13
2011.05.30 13:02:54.918,1.15465,1.15485,1.15,1.13
2011.05.30 13:02:56.018,1.15463,1.15483,1.50,1.88
2011.05.30 13:03:00.877,1.15462,1.15482,1.50,1.13
2011.05.30 13:03:02.969,1.15462,1.15482,1.50,1.88
2011.05.30 13:03:04.747,1.15461,1.15481,1.90,1.88
2011.05.30 13:03:13.551,1.15457,1.15475,1.50,1.88
2011.05.30 13:03:13.672,1.15456,1.15475,2.25,1.88
2011.05.30 13:03:15.769,1.15457,1.15475,1.50,1.13
2011.05.30 13:03:16.321,1.15459,1.15478,1.50,1.13
2011.05.30 13:03:16.551,1.15465,1.15481,4.50,6.75
2011.05.30 13:03:16.888,1.15463,1.1548,3.00,1.13
2011.05.30 13:03:16.998,1.15463,1.1548,2.25,1.88
2011.05.30 13:03:17.678,1.1546,1.1548,1.50,1.13
2011.05.30 13:03:18.119,1.15467,1.15483,1.50,1.50
2011.05.30 13:03:18.448,1.15462,1.1548,1.50,1.13
2011.05.30 13:03:18.669,1.1546,1.1548,1.50,1.13
2011.05.30 13:03:23.139,1.1546,1.15479,1.50,1.13
2011.05.30 13:03:27.858,1.15458,1.15475,1.15,1.50
2011.05.30 13:03:28.408,1.15457,1.15475,1.15,1.50
2011.05.30 13:03:29.349,1.15457,1.15475,1.15,1.50
2011.05.30 13:03:37.307,1.15457,1.15475,1.15,1.50
2011.05.30 13:03:39.328,1.15457,1.15477,1.15,1.88
2011.05.30 13:03:42.761,1.15456,1.15475,1.15,1.13
2011.05.30 13:03:43.694,1.15452,1.15472,1.15,3.00
2011.05.30 13:03:44.139,1.15452,1.15472,1.15,3.00
2011.05.30 13:03:45.362,1.15454,1.15474,3.38,1.50
2011.05.30 13:03:45.701,1.15459,1.15478,1.13,3.00
2011.05.30 13:03:45.819,1.15458,1.15478,1.50,3.00
2011.05.30 13:03:46.039,1.15456,1.15476,1.50,1.50
2011.05.30 13:03:48.127,1.15454,1.15473,3.00,1.50
2011.05.30 13:03:52.093,1.15452,1.15468,2.65,1.13
2011.05.30 13:03:52.442,1.15452,1.1547,1.15,1.50
2011.05.30 13:03:55.368,1.15452,1.15471,3.40,1.50
2011.05.30 13:03:56.457,1.15452,1.15471,3.40,1.50
2011.05.30 13:03:56.790,1.1545,1.15469,1.15,1.50
2011.05.30 13:03:58.328,1.1545,1.15468,1.52,1.50
2011.05.30 13:03:59.525,1.15454,1.15472,1.90,1.88
2011.05.30 13:03:59.861,1.15456,1.15475,1.15,1.50
2011.05.30 13:04:02.310,1.15459,1.15477,3.00,1.50
2011.05.30 13:04:03.999,1.15459,1.15473,2.25,1.13
2011.05.30 13:04:04.222,1.15453,1.1547,1.15,1.50
2011.05.30 13:04:04.338,1.15452,1.1547,3.40,1.50
2011.05.30 13:04:06.329,1.15451,1.1547,1.15,1.50
2011.05.30 13:04:06.877,1.15452,1.15471,1.15,3.00
2011.05.30 13:04:07.649,1.15452,1.1547,3.00,1.13
2011.05.30 13:04:08.509,1.15452,1.1547,1.13,1.50
2011.05.30 13:04:09.498,1.15453,1.15472,1.15,1.13
2011.05.30 13:04:11.329,1.15452,1.15472,1.50,1.13
2011.05.30 13:04:12.320,1.15454,1.15473,1.15,1.50
2011.05.30 13:04:12.648,1.15455,1.15475,2.27,1.50
2011.05.30 13:04:13.530,1.15455,1.15477,4.15,3.38
2011.05.30 13:04:14.890,1.15455,1.15474,3.40,1.50
2011.05.30 13:04:16.351,1.15455,1.15473,1.15,1.50
2011.05.30 13:04:17.243,1.15456,1.15477,4.88,2.25
2011.05.30 13:04:17.908,1.15456,1.15474,1.13,1.50
2011.05.30 13:04:20.220,1.15457,1.15477,1.50,1.88
2011.05.30 13:04:22.747,1.15457,1.15477,1.50,1.50
2011.05.30 13:04:26.880,1.15457,1.15476,1.50,1.13
2011.05.30 13:04:32.649,1.15455,1.15473,1.13,1.88
2011.05.30 13:04:35.029,1.15453,1.15471,1.67,1.13
2011.05.30 13:04:38.119,1.15457,1.15474,3.00,1.50
2011.05.30 13:04:38.716,1.15456,1.15476,1.88,2.25
2011.05.30 13:04:38.834,1.15454,1.15473,2.05,1.50
2011.05.30 13:04:41.400,1.15453,1.1547,2.05,1.13
2011.05.30 13:04:41.731,1.15454,1.15472,1.15,3.00
2011.05.30 13:04:41.851,1.15455,1.15475,1.50,2.25
2011.05.30 13:04:44.878,1.15454,1.1547,1.52,1.13
2011.05.30 13:04:45.100,1.15452,1.15469,1.28,1.50
2011.05.30 13:04:46.929,1.1545,1.15467,1.28,1.50
2011.05.30 13:04:55.889,1.1545,1.15467,1.28,1.50
2011.05.30 13:04:56.441,1.15447,1.15466,1.13,1.50
2011.05.30 13:04:56.779,1.15447,1.15466,1.13,1.50
2011.05.30 13:05:00.917,1.15447,1.15465,1.35,1.50
2011.05.30 13:05:01.249,1.1545,1.15468,3.38,1.50
2011.05.30 13:05:01.578,1.15451,1.1547,1.13,2.25
2011.05.30 13:05:10.010,1.15454,1.15474,1.50,6.00
2011.05.30 13:05:10.338,1.15458,1.15477,1.15,4.50
2011.05.30 13:05:18.379,1.15459,1.15476,1.13,1.50
2011.05.30 13:05:18.929,1.15459,1.15478,1.88,1.50
2011.05.30 13:05:21.598,1.15459,1.15478,1.50,1.50
2011.05.30 13:05:24.718,1.15457,1.15472,1.60,3.00
2011.05.30 13:05:24.832,1.15457,1.15474,1.60,1.50
2011.05.30 13:05:25.169,1.15456,1.15476,1.20,3.75
2011.05.30 13:05:27.379,1.1546,1.15475,2.25,1.50
2011.05.30 13:05:27.711,1.15459,1.15476,3.00,1.50
2011.05.30 13:05:27.821,1.15459,1.15476,1.50,1.50
2011.05.30 13:05:28.053,1.15459,1.15474,1.50,1.50
2011.05.30 13:05:28.281,1.15455,1.15471,1.20,2.25
2011.05.30 13:05:28.400,1.15453,1.15469,1.20,1.13
2011.05.30 13:05:30.048,1.1545,1.15467,1.20,1.13
2011.05.30 13:05:36.549,1.15451,1.15468,1.20,1.88
2011.05.30 13:05:37.098,1.15451,1.15468,1.20,1.88
2011.05.30 13:05:40.839,1.15454,1.1547,1.20,1.50
2011.05.30 13:05:40.949,1.15456,1.15471,1.88,1.50
2011.05.30 13:05:41.060,1.15458,1.15474,1.50,3.00
2011.05.30 13:05:41.169,1.15458,1.15477,1.88,1.50
2011.05.30 13:05:41.719,1.1546,1.15479,1.50,2.25
2011.05.30 13:05:42.599,1.1546,1.15479,2.25,2.25
2011.05.30 13:05:43.908,1.1546,1.15479,2.25,2.25
2011.05.30 13:05:48.756,1.15464,1.15482,1.15,2.25
2011.05.30 13:05:53.248,1.15465,1.15484,2.25,3.00
2011.05.30 13:06:02.177,1.15462,1.15481,1.88,3.00
2011.05.30 13:06:04.599,1.15461,1.15478,1.13,1.13
2011.05.30 13:06:06.389,1.15461,1.15478,1.13,1.50
2011.05.30 13:06:07.931,1.1546,1.15474,1.13,3.75
2011.05.30 13:06:08.270,1.15458,1.15475,1.13,3.00
2011.05.30 13:06:08.600,1.15461,1.15477,1.13,3.00
2011.05.30 13:06:10.629,1.15459,1.15475,1.13,1.13
2011.05.30 13:06:10.740,1.15461,1.15477,1.13,1.50
2011.05.30 13:06:11.289,1.15462,1.1548,1.50,1.50
2011.05.30 13:06:12.609,1.15462,1.15479,1.50,1.50
2011.05.30 13:06:12.831,1.1546,1.15477,1.13,1.13
2011.05.30 13:06:13.379,1.15458,1.15477,1.13,2.63
2011.05.30 13:06:13.928,1.15458,1.15477,1.13,3.38
2011.05.30 13:06:14.479,1.15458,1.15477,1.13,3.00
2011.05.30 13:06:18.708,1.15457,1.15475,1.13,1.50
2011.05.30 13:06:22.248,1.15457,1.15476,1.13,1.13
2011.05.30 13:06:25.541,1.15458,1.15477,1.13,3.00
2011.05.30 13:06:25.650,1.15457,1.15477,1.50,3.38
2011.05.30 13:06:26.748,1.15457,1.15475,1.50,1.13
2011.05.30 13:06:29.659,1.15457,1.15475,1.50,1.13
2011.05.30 13:06:34.778,1.15456,1.15473,1.15,1.13
2011.05.30 13:06:34.891,1.15456,1.15473,1.90,3.00
2011.05.30 13:06:35.449,1.15458,1.15475,1.50,2.25
2011.05.30 13:06:35.780,1.15458,1.15476,1.50,1.13
2011.05.30 13:06:35.890,1.15461,1.15477,1.50,2.25
2011.05.30 13:06:36.001,1.15457,1.15473,3.00,1.13
2011.05.30 13:06:36.111,1.15456,1.15473,1.90,1.13
2011.05.30 13:06:36.670,1.15458,1.15476,1.50,1.13
2011.05.30 13:06:36.891,1.15454,1.15471,1.15,1.13
2011.05.30 13:06:37.119,1.15453,1.15471,2.95,1.13
2011.05.30 13:06:37.668,1.15454,1.15471,1.05,1.13
2011.05.30 13:06:37.780,1.15454,1.15466,1.05,1.13
2011.05.30 13:06:38.370,1.15451,1.15466,1.05,1.13
2011.05.30 13:06:38.959,1.15451,1.15466,1.05,1.13
2011.05.30 13:06:39.520,1.1545,1.15466,2.20,1.13
2011.05.30 13:06:50.740,1.1545,1.15466,1.05,1.13
2011.05.30 13:06:50.852,1.1545,1.15467,1.80,1.50
2011.05.30 13:06:50.970,1.15452,1.15467,1.05,1.50
2011.05.30 13:06:51.409,1.15451,1.15467,1.05,1.13
2011.05.30 13:06:52.135,1.15451,1.15467,1.05,1.13
2011.05.30 13:06:52.698,1.1545,1.15467,1.05,1.13
2011.05.30 13:06:53.248,1.15449,1.15467,1.80,1.13
2011.05.30 13:06:54.470,1.15449,1.15465,1.05,1.13
2011.05.30 13:06:55.128,1.15449,1.15465,1.80,1.13
2011.05.30 13:06:55.679,1.15448,1.15466,1.80,1.13
2011.05.30 13:06:59.218,1.1545,1.15466,3.38,1.13
2011.05.30 13:06:59.442,1.1545,1.15468,3.38,1.13
2011.05.30 13:06:59.668,1.1545,1.15468,3.38,1.13
2011.05.30 13:06:59.998,1.1545,1.15468,3.38,1.13
2011.05.30 13:07:00.768,1.1545,1.15468,3.38,1.13
2011.05.30 13:07:01.109,1.1545,1.15468,3.38,1.13
2011.05.30 13:07:01.849,1.1545,1.15465,1.88,1.13
2011.05.30 13:07:02.289,1.15451,1.15467,1.13,1.13
2011.05.30 13:07:04.538,1.15451,1.15465,1.88,1.13
2011.05.30 13:07:11.390,1.1545,1.15465,1.13,1.13
2011.05.30 13:07:13.228,1.1545,1.15465,1.13,1.13
2011.05.30 13:07:13.889,1.15449,1.15465,1.13,1.13
2011.05.30 13:07:16.538,1.15447,1.15465,2.85,1.13
2011.05.30 13:07:16.868,1.15447,1.15465,2.85,1.13
2011.05.30 13:07:17.421,1.15447,1.15465,2.48,1.13
2011.05.30 13:07:17.969,1.15447,1.15465,2.48,1.13
2011.05.30 13:07:18.518,1.15447,1.15465,2.48,1.13
2011.05.30 13:07:19.068,1.15447,1.15465,2.48,1.13
2011.05.30 13:07:20.317,1.15447,1.15465,2.48,1.13
2011.05.30 13:07:20.443,1.15447,1.15465,2.48,1.13
2011.05.30 13:07:20.777,1.15447,1.15465,2.48,1.13
2011.05.30 13:07:21.110,1.15446,1.15463,1.13,1.13
2011.05.30 13:07:21.219,1.15446,1.15463,1.13,1.13
2011.05.30 13:07:21.549,1.15445,1.15463,1.50,1.13
2011.05.30 13:07:22.139,1.15443,1.15463,2.25,1.88
2011.05.30 13:07:22.249,1.15443,1.15458,1.50,1.13
2011.05.30 13:07:23.438,1.15442,1.1546,1.50,1.13
2011.05.30 13:07:23.659,1.15441,1.15457,1.50,1.13
2011.05.30 13:07:23.880,1.15444,1.15461,1.50,1.50
2011.05.30 13:07:24.100,1.15445,1.15462,1.50,1.13
2011.05.30 13:07:26.641,1.15445,1.15459,1.50,1.13
2011.05.30 13:07:26.751,1.15444,1.15459,1.15,1.13
2011.05.30 13:07:26.980,1.15442,1.15459,2.65,1.13
2011.05.30 13:07:27.528,1.15442,1.15459,1.50,1.13
2011.05.30 13:07:28.104,1.15442,1.15459,1.50,1.13
2011.05.30 13:07:32.224,1.15439,1.15452,3.32,1.13
2011.05.30 13:07:32.350,1.15435,1.15452,1.58,1.88
2011.05.30 13:07:32.901,1.15438,1.15453,1.58,1.88
2011.05.30 13:07:33.022,1.1544,1.15457,1.15,1.13
2011.05.30 13:07:33.578,1.1544,1.15457,1.15,1.13
2011.05.30 13:07:34.127,1.15441,1.15457,1.15,1.13
2011.05.30 13:07:35.007,1.15441,1.15456,1.15,1.13
2011.05.30 13:07:36.249,1.15441,1.15455,1.15,1.13
2011.05.30 13:07:37.248,1.15441,1.15457,1.15,1.13
2011.05.30 13:07:38.349,1.15441,1.15456,1.15,1.13
2011.05.30 13:07:39.558,1.15442,1.15459,1.15,1.13
2011.05.30 13:07:44.839,1.15442,1.1546,1.15,3.38
2011.05.30 13:07:45.728,1.1544,1.15457,1.90,1.50
2011.05.30 13:07:48.949,1.15441,1.1546,1.50,1.88
2011.05.30 13:07:49.058,1.15441,1.1546,1.90,1.88
2011.05.30 13:07:49.498,1.1544,1.1546,1.50,3.38
2011.05.30 13:07:50.048,1.15439,1.1546,2.72,3.38
2011.05.30 13:07:50.597,1.1544,1.1546,1.50,3.38
2011.05.30 13:07:59.950,1.15439,1.15459,1.97,1.13
2011.05.30 13:08:00.858,1.15439,1.15459,1.22,1.13
2011.05.30 13:08:01.408,1.15439,1.15459,1.22,1.13
2011.05.30 13:08:05.149,1.15441,1.1546,2.25,3.38
2011.05.30 13:08:05.698,1.15443,1.1546,1.15,1.13
2011.05.30 13:08:07.241,1.15442,1.15458,1.15,1.13
2011.05.30 13:08:09.891,1.15443,1.15461,1.15,5.63
2011.05.30 13:08:10.662,1.15441,1.15457,1.90,1.13
2011.05.30 13:08:13.610,1.15444,1.15461,2.25,2.25
2011.05.30 13:08:14.709,1.15442,1.15462,1.15,1.50
2011.05.30 13:08:18.522,1.15442,1.15459,1.50,1.50
2011.05.30 13:08:23.480,1.15441,1.15459,1.15,1.50
2011.05.30 13:08:23.811,1.15439,1.15456,2.33,1.13
2011.05.30 13:08:26.851,1.15438,1.15456,1.97,1.13
2011.05.30 13:08:27.412,1.15438,1.15456,1.97,1.13
2011.05.30 13:08:28.078,1.15438,1.15456,1.97,1.13
2011.05.30 13:08:28.738,1.15438,1.15456,1.97,1.13
2011.05.30 13:08:29.179,1.15438,1.15456,1.97,1.13
2011.05.30 13:08:29.289,1.15438,1.15456,1.97,1.13
2011.05.30 13:08:29.979,1.15438,1.15456,1.97,1.13
2011.05.30 13:08:30.528,1.15438,1.15456,1.97,1.13
2011.05.30 13:08:30.859,1.15438,1.15456,1.97,1.13
2011.05.30 13:08:31.408,1.15438,1.15456,1.97,1.13
2011.05.30 13:08:31.998,1.15438,1.15455,1.22,1.13
2011.05.30 13:08:43.018,1.15438,1.15456,1.22,1.13
2011.05.30 13:08:44.228,1.15438,1.15457,1.22,1.13
2011.05.30 13:08:45.879,1.15438,1.15456,1.22,1.13
2011.05.30 13:08:47.170,1.15438,1.15452,1.22,1.13
2011.05.30 13:08:47.501,1.15433,1.1545,1.58,1.13
2011.05.30 13:08:48.050,1.15434,1.15453,1.58,1.13
2011.05.30 13:08:49.149,1.15434,1.1545,1.58,1.13
2011.05.30 13:08:55.999,1.15432,1.1545,1.97,1.13
2011.05.30 13:08:57.208,1.15432,1.15452,4.97,1.13
2011.05.30 13:08:57.779,1.15432,1.15452,4.97,1.13
2011.05.30 13:09:00.005,1.15432,1.15452,4.97,1.13
2011.05.30 13:09:00.708,1.15432,1.15452,4.97,1.13
2011.05.30 13:09:03.848,1.15432,1.15452,4.97,1.13
2011.05.30 13:09:06.549,1.15434,1.15454,1.58,1.88
2011.05.30 13:09:06.882,1.15436,1.15455,2.33,1.35
2011.05.30 13:09:07.440,1.1544,1.15456,1.15,1.13
2011.05.30 13:09:14.029,1.15437,1.15456,1.22,1.88
2011.05.30 13:09:15.953,1.15438,1.15457,1.58,1.50
2011.05.30 13:09:16.062,1.15437,1.15455,1.22,1.13
2011.05.30 13:09:16.840,1.15437,1.15456,1.97,1.13
2011.05.30 13:09:17.938,1.15438,1.15456,1.58,1.13
2011.05.30 13:09:19.728,1.15438,1.15456,1.58,1.13
2011.05.30 13:09:20.368,1.15438,1.15456,1.58,1.13
2011.05.30 13:09:20.938,1.15438,1.15456,1.58,1.13
2011.05.30 13:09:21.488,1.15438,1.15456,1.58,1.50
2011.05.30 13:09:22.479,1.15438,1.15458,1.58,1.88
2011.05.30 13:09:22.809,1.15437,1.15454,1.22,1.13
2011.05.30 13:09:25.039,1.15437,1.15454,1.22,1.13
2011.05.30 13:09:25.588,1.15437,1.15454,1.22,1.13
2011.05.30 13:09:28.079,1.15437,1.15454,1.22,1.13
2011.05.30 13:09:35.539,1.15437,1.15454,1.22,1.13
2011.05.30 13:09:36.099,1.15437,1.15454,1.22,1.13
2011.05.30 13:09:45.638,1.15437,1.15455,1.22,1.13
2011.05.30 13:09:52.169,1.15437,1.15455,1.22,1.88
2011.05.30 13:09:55.617,1.15437,1.15453,1.22,1.13
2011.05.30 13:09:56.168,1.15437,1.15453,1.22,1.13
2011.05.30 13:09:56.719,1.15437,1.15453,1.22,1.13
2011.05.30 13:09:57.309,1.15437,1.15453,1.22,1.13
2011.05.30 13:09:58.901,1.15437,1.15453,1.22,1.13
2011.05.30 13:10:03.958,1.15437,1.15453,1.22,1.13
2011.05.30 13:10:08.528,1.15437,1.15454,1.22,1.13
2011.05.30 13:10:09.108,1.15437,1.15454,1.22,1.13
2011.05.30 13:10:12.251,1.15438,1.15454,1.22,1.13
2011.05.30 13:10:15.459,1.15438,1.15455,3.47,1.13
2011.05.30 13:10:16.009,1.15439,1.15455,1.22,1.13
2011.05.30 13:10:29.228,1.15439,1.15457,1.22,1.88
2011.05.30 13:10:33.748,1.15439,1.15455,3.40,1.13
2011.05.30 13:10:37.600,1.15439,1.15458,2.72,1.88
2011.05.30 13:10:40.829,1.15439,1.15456,2.65,1.13
2011.05.30 13:10:41.160,1.15438,1.15456,2.33,1.13
2011.05.30 13:10:44.609,1.15438,1.15454,2.33,1.13
2011.05.30 13:10:45.158,1.15439,1.15454,2.25,1.13
2011.05.30 13:10:46.299,1.15439,1.15455,2.25,1.13
2011.05.30 13:10:46.959,1.1544,1.15455,2.25,1.13
2011.05.30 13:10:48.399,1.15439,1.15455,2.25,1.13
2011.05.30 13:10:50.219,1.1544,1.15457,2.25,1.13
2011.05.30 13:10:51.198,1.15437,1.15457,4.22,1.13
2011.05.30 13:10:51.750,1.15437,1.15457,4.22,1.88
2011.05.30 13:10:52.409,1.15438,1.15457,2.33,2.63
2011.05.30 13:10:52.959,1.15439,1.15457,2.25,1.13
2011.05.30 13:10:54.288,1.15439,1.15455,2.33,1.13
2011.05.30 13:11:00.198,1.15439,1.15455,3.08,1.13
2011.05.30 13:11:22.703,1.15438,1.15457,1.58,1.13
2011.05.30 13:11:22.932,1.15437,1.15454,1.22,1.13
2011.05.30 13:11:23.488,1.15437,1.15454,1.22,1.13
2011.05.30 13:11:33.040,1.15438,1.15456,1.58,1.13
2011.05.30 13:11:33.588,1.15438,1.15456,1.58,1.13
2011.05.30 13:11:40.120,1.15439,1.15458,1.22,2.63
2011.05.30 13:11:42.539,1.15438,1.15458,2.72,2.63
2011.05.30 13:11:43.088,1.15439,1.15458,1.22,2.63
2011.05.30 13:11:44.299,1.15439,1.15457,1.22,1.13
2011.05.30 13:11:47.639,1.15439,1.15455,1.22,1.13
2011.05.30 13:11:56.210,1.15439,1.15458,1.15,1.13
2011.05.30 13:11:56.868,1.1544,1.15458,1.15,1.13
2011.05.30 13:11:59.361,1.15441,1.15461,4.90,2.63
2011.05.30 13:11:59.911,1.15444,1.15461,1.15,2.63
2011.05.30 13:12:01.671,1.15446,1.15461,3.00,2.25
2011.05.30 13:12:01.889,1.15448,1.15461,1.15,2.25
2011.05.30 13:12:02.859,1.15447,1.15463,2.65,1.13
2011.05.30 13:12:09.818,1.15447,1.15462,1.15,1.13
2011.05.30 13:12:10.919,1.15447,1.15465,1.15,3.38
2011.05.30 13:12:11.030,1.15448,1.15465,1.15,3.00
2011.05.30 13:12:18.829,1.15447,1.15464,1.90,2.25
2011.05.30 13:12:22.692,1.15446,1.15464,1.50,2.25
2011.05.30 13:12:23.249,1.15445,1.15464,1.90,2.25
2011.05.30 13:12:33.479,1.15445,1.15463,1.90,1.73
2011.05.30 13:12:36.119,1.15444,1.1546,2.65,1.13
2011.05.30 13:12:36.233,1.15445,1.15463,1.52,2.85
2011.05.30 13:12:36.680,1.15445,1.15463,1.90,1.35
2011.05.30 13:12:37.009,1.15445,1.15463,1.15,1.35
2011.05.30 13:12:38.232,1.15448,1.15464,1.50,1.35
2011.05.30 13:12:38.789,1.15447,1.15465,2.25,2.25
2011.05.30 13:12:40.021,1.15448,1.15465,2.65,2.25
2011.05.30 13:12:40.349,1.1545,1.15465,1.50,2.25
2011.05.30 13:12:41.107,1.15451,1.15467,1.15,2.25
2011.05.30 13:12:41.449,1.15452,1.15468,3.40,1.35
2011.05.30 13:12:44.089,1.15452,1.15468,4.15,1.35
2011.05.30 13:12:45.301,1.15452,1.15468,3.40,1.35
2011.05.30 13:12:45.849,1.15453,1.15468,1.15,1.35
2011.05.30 13:12:46.180,1.15451,1.15468,1.90,1.35
2011.05.30 13:12:46.728,1.1545,1.15468,1.50,1.35
2011.05.30 13:12:46.950,1.15452,1.15468,3.00,1.35
2011.05.30 13:12:47.281,1.15453,1.15468,3.00,1.35
2011.05.30 13:12:47.956,1.15453,1.15468,2.25,1.35
2011.05.30 13:12:48.509,1.15453,1.15469,1.50,1.35
2011.05.30 13:12:50.550,1.15453,1.15469,1.50,1.35
2011.05.30 13:12:51.869,1.15453,1.15469,1.50,1.35
2011.05.30 13:12:51.982,1.15453,1.15469,1.50,1.35
2011.05.30 13:12:52.320,1.15454,1.15469,1.15,1.35
2011.05.30 13:12:52.652,1.15457,1.15472,1.50,1.50
2011.05.30 13:12:52.772,1.15457,1.15474,2.25,2.10
2011.05.30 13:12:53.112,1.15458,1.15474,1.50,1.35
2011.05.30 13:12:53.659,1.1546,1.15474,1.15,1.35
2011.05.30 13:12:54.901,1.1546,1.15475,1.90,1.35
2011.05.30 13:12:55.341,1.15461,1.15478,1.50,2.25
2011.05.30 13:12:55.890,1.15462,1.15478,1.15,2.25
2011.05.30 13:12:56.469,1.15461,1.15478,1.90,2.25
2011.05.30 13:12:58.119,1.15461,1.15478,1.50,2.25
2011.05.30 13:12:59.268,1.15461,1.15478,1.50,2.25
2011.05.30 13:12:59.599,1.15461,1.15478,1.50,2.25
2011.05.30 13:13:00.153,1.15464,1.15478,1.50,1.50
2011.05.30 13:13:00.272,1.15464,1.1548,2.25,2.25
2011.05.30 13:13:00.389,1.15466,1.1548,1.15,2.25
2011.05.30 13:13:02.830,1.15466,1.15478,1.90,1.88
2011.05.30 13:13:03.159,1.1546,1.15476,1.90,2.25
2011.05.30 13:13:03.489,1.1546,1.15476,1.15,2.63
2011.05.30 13:13:04.233,1.15458,1.15476,1.15,2.63
2011.05.30 13:13:04.570,1.15458,1.15474,1.15,1.13
2011.05.30 13:13:05.010,1.15456,1.15474,1.15,3.98
2011.05.30 13:13:05.559,1.15457,1.15474,1.15,5.48
2011.05.30 13:13:08.490,1.15455,1.15474,1.90,5.10
2011.05.30 13:13:14.890,1.15457,1.15474,1.15,2.85
2011.05.30 13:13:15.439,1.15457,1.15474,1.15,2.85
2011.05.30 13:13:20.889,1.15457,1.15474,1.15,3.23
2011.05.30 13:13:21.001,1.15456,1.15468,1.15,1.13
2011.05.30 13:13:21.231,1.1545,1.15465,1.90,1.50
2011.05.30 13:13:21.669,1.15448,1.15466,3.75,1.13
2011.05.30 13:13:23.129,1.15447,1.15465,1.50,1.13
2011.05.30 13:13:26.219,1.15447,1.15465,1.50,1.13
2011.05.30 13:13:27.339,1.15447,1.15465,1.50,1.13
2011.05.30 13:13:27.888,1.15447,1.15465,1.50,1.13
2011.05.30 13:13:28.770,1.15447,1.15465,1.50,1.88
2011.05.30 13:13:29.099,1.15447,1.15465,1.50,1.88
2011.05.30 13:13:29.649,1.15447,1.15465,1.50,1.88
2011.05.30 13:13:30.199,1.15447,1.15465,1.50,1.88
2011.05.30 13:13:30.749,1.15447,1.15465,1.50,1.88
2011.05.30 13:13:31.510,1.15447,1.15465,1.50,1.88
2011.05.30 13:13:42.198,1.15445,1.15463,1.15,1.13
2011.05.30 13:13:42.309,1.15443,1.15463,2.65,3.38
2011.05.30 13:13:43.319,1.15443,1.15462,1.90,1.13
2011.05.30 13:13:52.659,1.15443,1.15463,3.40,1.13
2011.05.30 13:13:53.772,1.15444,1.15464,1.15,3.38
2011.05.30 13:13:54.211,1.15446,1.15464,1.50,1.13
2011.05.30 13:13:54.806,1.15447,1.15464,1.15,1.13
2011.05.30 13:13:55.150,1.15449,1.15465,1.15,2.25
2011.05.30 13:13:57.349,1.15447,1.15466,1.15,1.13
2011.05.30 13:13:57.900,1.15448,1.15466,1.15,1.13
2011.05.30 13:13:58.448,1.15448,1.15466,1.15,1.13
2011.05.30 13:14:01.960,1.15448,1.15465,1.15,1.13
2011.05.30 13:14:03.809,1.15448,1.15466,2.65,1.13
2011.05.30 13:14:05.259,1.15448,1.15466,1.15,1.88
2011.05.30 13:14:05.699,1.15448,1.15462,1.15,1.35
2011.05.30 13:14:06.031,1.15445,1.15461,1.15,1.35
2011.05.30 13:14:06.795,1.15439,1.15455,1.50,1.35
2011.05.30 13:14:07.681,1.15437,1.15455,1.58,1.35
2011.05.30 13:14:07.790,1.15437,1.15455,1.58,1.35
2011.05.30 13:14:08.451,1.15437,1.15455,1.58,1.35
2011.05.30 13:14:12.230,1.15438,1.15455,1.58,1.35
2011.05.30 13:14:12.339,1.15438,1.15455,1.58,1.35
2011.05.30 13:14:12.669,1.15438,1.15455,2.33,1.35
2011.05.30 13:14:13.220,1.1544,1.15455,1.15,1.35
2011.05.30 13:14:13.441,1.15442,1.15457,1.13,2.10
2011.05.30 13:14:13.550,1.15442,1.15456,1.50,1.35
2011.05.30 13:14:13.769,1.15442,1.15456,1.50,1.35
2011.05.30 13:14:13.990,1.15442,1.15455,1.15,1.35
2011.05.30 13:14:14.320,1.1544,1.15456,1.15,2.85
2011.05.30 13:14:15.889,1.15441,1.15456,1.50,2.10
2011.05.30 13:14:17.210,1.15441,1.15456,1.50,2.85
2011.05.30 13:14:17.760,1.15438,1.15456,1.97,2.85
2011.05.30 13:14:17.870,1.15438,1.15456,1.58,3.60
2011.05.30 13:14:18.968,1.15438,1.15456,1.58,1.35
2011.05.30 13:14:20.749,1.15438,1.15455,1.58,1.05
2011.05.30 13:14:21.519,1.15436,1.15455,1.97,1.05
2011.05.30 13:14:22.069,1.15436,1.15456,1.97,1.95
2011.05.30 13:14:22.400,1.15438,1.15454,1.58,1.07
2011.05.30 13:14:22.734,1.15443,1.15459,1.50,1.67
2011.05.30 13:14:23.336,1.15445,1.15461,1.90,1.50
2011.05.30 13:14:23.670,1.15442,1.15461,1.90,1.50
2011.05.30 13:14:24.221,1.15441,1.15459,1.15,1.13
2011.05.30 13:14:25.551,1.15443,1.1546,1.50,2.25
2011.05.30 13:14:26.211,1.15441,1.15459,1.13,1.13
2011.05.30 13:14:27.641,1.15441,1.15459,1.50,1.13
2011.05.30 13:14:27.749,1.15439,1.15459,2.20,1.13
2011.05.30 13:14:28.519,1.15439,1.15459,2.20,1.13
2011.05.30 13:14:29.395,1.1544,1.15459,1.50,3.38
2011.05.30 13:14:29.953,1.15442,1.15459,1.50,3.00
2011.05.30 13:14:30.399,1.15439,1.15459,1.97,4.13
2011.05.30 13:14:30.729,1.15439,1.15456,1.97,1.50
2011.05.30 13:14:30.950,1.15439,1.15456,1.22,1.50
2011.05.30 13:14:31.499,1.15439,1.15456,1.97,1.50
2011.05.30 13:14:32.049,1.15439,1.15456,1.22,1.50
2011.05.30 13:14:33.479,1.15437,1.15455,1.95,1.50
2011.05.30 13:14:33.588,1.15437,1.15455,1.20,1.88
2011.05.30 13:14:35.244,1.15436,1.15452,1.22,1.50
2011.05.30 13:14:36.171,1.15436,1.15454,1.97,1.50
2011.05.30 13:14:36.831,1.15436,1.15453,1.22,1.50
2011.05.30 13:14:37.380,1.15435,1.15454,1.97,1.50
2011.05.30 13:14:37.492,1.15439,1.15454,1.50,1.50
2011.05.30 13:14:39.070,1.15439,1.15455,1.58,1.50
2011.05.30 13:14:40.488,1.15438,1.15455,1.58,1.50
2011.05.30 13:14:43.420,1.15436,1.15456,1.22,1.88
2011.05.30 13:14:45.760,1.15437,1.15454,1.22,1.50
2011.05.30 13:14:46.309,1.15437,1.15455,1.22,1.50
2011.05.30 13:14:46.859,1.15437,1.15454,1.22,1.50
2011.05.30 13:14:47.739,1.15437,1.15453,1.97,1.50
2011.05.30 13:14:48.839,1.15437,1.15455,1.97,1.88
2011.05.30 13:14:48.950,1.1544,1.15456,1.50,1.50
2011.05.30 13:14:49.499,1.1544,1.15456,1.90,1.50
2011.05.30 13:14:49.829,1.15441,1.15457,1.90,1.50
2011.05.30 13:14:50.380,1.15442,1.15457,3.40,1.50
2011.05.30 13:14:51.024,1.15449,1.15465,1.15,4.50
2011.05.30 13:14:51.471,1.15446,1.15464,1.90,1.50
2011.05.30 13:14:51.692,1.15447,1.15464,1.15,1.50
2011.05.30 13:14:52.030,1.15444,1.15459,3.40,1.50
2011.05.30 13:14:52.142,1.15444,1.15459,1.15,1.50
2011.05.30 13:14:52.263,1.15445,1.15462,1.15,1.50
2011.05.30 13:14:52.490,1.15447,1.15462,1.50,1.50
2011.05.30 13:14:52.822,1.15445,1.15461,1.15,1.50
2011.05.30 13:14:53.269,1.15444,1.1546,1.15,1.50
2011.05.30 13:14:53.930,1.15445,1.15459,1.50,1.50
2011.05.30 13:14:54.479,1.15445,1.1546,1.50,1.50
2011.05.30 13:14:58.059,1.15443,1.15459,1.90,1.50
2011.05.30 13:14:58.394,1.15441,1.15458,1.15,1.50
2011.05.30 13:14:58.729,1.1544,1.15456,5.65,1.50
2011.05.30 13:14:59.060,1.1544,1.15456,5.25,1.50
2011.05.30 13:14:59.609,1.15443,1.15458,1.15,1.13
2011.05.30 13:15:00.880,1.15443,1.15459,1.15,1.50
2011.05.30 13:15:01.430,1.15446,1.1546,1.15,1.50
2011.05.30 13:15:01.650,1.15446,1.15462,1.90,1.50
2011.05.30 13:15:03.301,1.15446,1.15462,1.15,1.50
2011.05.30 13:15:06.041,1.15444,1.15462,1.15,1.50
2011.05.30 13:15:06.371,1.15443,1.1546,3.40,1.50
2011.05.30 13:15:07.359,1.15444,1.1546,1.90,1.50
2011.05.30 13:15:09.888,1.15441,1.1546,1.15,1.50
2011.05.30 13:15:14.159,1.15441,1.1546,1.15,1.50
2011.05.30 13:15:14.600,1.15441,1.1546,1.52,1.50
2011.05.30 13:15:17.003,1.15439,1.15455,3.47,1.50
2011.05.30 13:15:17.451,1.15438,1.15457,1.22,2.85
2011.05.30 13:15:17.999,1.15437,1.15454,1.22,1.50
2011.05.30 13:15:25.991,1.15438,1.15454,1.58,1.50
2011.05.30 13:15:27.332,1.15434,1.15454,2.27,1.80
2011.05.30 13:15:28.332,1.15435,1.15451,1.15,1.50
2011.05.30 13:15:31.729,1.15435,1.15452,1.15,1.50
2011.05.30 13:15:33.052,1.15435,1.15454,1.13,1.50
2011.05.30 13:15:33.393,1.15445,1.15463,1.13,2.10
2011.05.30 13:15:33.510,1.15443,1.15462,1.50,1.35
2011.05.30 13:15:34.641,1.15443,1.15461,1.13,1.50
2011.05.30 13:15:35.189,1.15443,1.1546,1.13,1.50
2011.05.30 13:15:35.741,1.15443,1.1546,1.13,1.50
2011.05.30 13:15:36.290,1.15443,1.15462,1.13,2.25
2011.05.30 13:15:36.949,1.15442,1.15461,1.50,1.13
2011.05.30 13:15:37.500,1.15442,1.15459,1.50,2.25
2011.05.30 13:15:38.600,1.15441,1.15459,1.88,1.50
2011.05.30 13:15:41.954,1.15443,1.15461,1.13,3.00
2011.05.30 13:15:43.060,1.15442,1.15461,1.13,2.25
2011.05.30 13:15:43.940,1.15441,1.1546,1.88,2.25
2011.05.30 13:15:46.130,1.1544,1.1546,2.27,3.00
2011.05.30 13:15:48.280,1.1544,1.15459,1.52,1.50
2011.05.30 13:15:56.219,1.15441,1.15459,1.50,1.50
2011.05.30 13:15:56.769,1.1544,1.15454,1.15,1.13
2011.05.30 13:15:56.882,1.15441,1.15456,1.50,1.50
2011.05.30 13:15:57.111,1.15439,1.15455,2.25,1.88
2011.05.30 13:15:57.442,1.15439,1.15457,1.13,1.50
2011.05.30 13:15:58.319,1.15438,1.15458,1.90,1.88
2011.05.30 13:15:59.202,1.15439,1.15456,1.13,1.50
2011.05.30 13:15:59.871,1.15437,1.15455,1.13,1.50
2011.05.30 13:16:02.839,1.15435,1.15455,3.40,1.50
2011.05.30 13:16:09.770,1.15436,1.15456,1.88,1.50
2011.05.30 13:16:10.320,1.15436,1.15456,1.52,1.50
2011.05.30 13:16:11.310,1.15436,1.15455,3.75,1.50
2011.05.30 13:16:11.861,1.15437,1.15456,1.15,1.50
2011.05.30 13:16:12.190,1.15438,1.15456,1.52,1.50
2011.05.30 13:16:12.794,1.15438,1.15456,1.52,1.50
2011.05.30 13:16:12.918,1.15438,1.15459,1.15,6.75
2011.05.30 13:16:17.329,1.15438,1.15457,1.15,1.50
2011.05.30 13:16:17.879,1.15436,1.15453,1.90,1.13
2011.05.30 13:16:17.992,1.15439,1.15457,1.13,1.50
2011.05.30 13:16:18.332,1.15438,1.15458,1.15,1.50
2011.05.30 13:16:21.220,1.15438,1.15459,1.15,2.63
2011.05.30 13:16:24.009,1.15438,1.15458,1.15,1.88
2011.05.30 13:16:24.451,1.15436,1.15455,2.25,1.13
2011.05.30 13:16:27.130,1.15434,1.15454,2.25,1.50
2011.05.30 13:16:27.679,1.15435,1.15455,1.15,2.63
2011.05.30 13:16:30.280,1.15437,1.15455,1.15,1.88
2011.05.30 13:16:31.159,1.15437,1.15455,1.15,1.13
2011.05.30 13:16:31.382,1.1544,1.15456,1.50,1.50
2011.05.30 13:16:32.253,1.15441,1.15459,1.90,1.13
2011.05.30 13:16:33.371,1.15442,1.15458,1.15,1.50
2011.05.30 13:16:41.601,1.15442,1.15459,1.15,1.35
2011.05.30 13:16:44.160,1.15441,1.15458,1.15,1.50
2011.05.30 13:16:45.590,1.15442,1.15458,1.90,1.50
2011.05.30 13:16:48.890,1.15441,1.15458,1.15,1.50
2011.05.30 13:16:49.221,1.15436,1.15454,1.15,1.13
2011.05.30 13:16:49.333,1.15434,1.15454,3.00,1.88
2011.05.30 13:16:49.999,1.15434,1.15453,1.50,1.50
2011.05.30 13:16:50.642,1.15433,1.1545,2.25,2.25
2011.05.30 13:16:51.091,1.15432,1.15448,1.13,1.50
2011.05.30 13:16:51.201,1.15431,1.15448,1.15,2.25
2011.05.30 13:16:52.300,1.15431,1.15448,1.15,1.50
2011.05.30 13:16:58.319,1.15431,1.15449,1.15,2.10
2011.05.30 13:17:10.521,1.15432,1.15448,1.15,1.50
2011.05.30 13:17:21.921,1.1543,1.15445,1.15,1.13
2011.05.30 13:17:22.565,1.15426,1.15441,3.00,1.50
2011.05.30 13:17:23.120,1.15425,1.15441,1.15,1.50
2011.05.30 13:17:24.443,1.15425,1.15444,1.15,1.50
2011.05.30 13:17:27.531,1.15427,1.15445,1.15,2.10
2011.05.30 13:17:27.750,1.15429,1.15445,1.90,2.10
2011.05.30 13:17:31.950,1.15428,1.15446,1.15,2.25
2011.05.30 13:17:33.599,1.15428,1.15447,1.15,2.25
2011.05.30 13:17:41.489,1.15428,1.15446,1.15,2.25
2011.05.30 13:17:42.480,1.15427,1.15446,1.15,1.88
2011.05.30 13:17:42.590,1.15429,1.15446,1.15,1.50
2011.05.30 13:17:45.086,1.15427,1.15446,1.15,2.63
2011.05.30 13:17:46.118,1.15428,1.15444,1.15,1.13
2011.05.30 13:17:46.448,1.15424,1.15443,4.15,1.50
2011.05.30 13:17:47.828,1.15424,1.15442,1.90,1.13
2011.05.30 13:17:48.269,1.15424,1.1544,1.15,1.35
2011.05.30 13:17:57.059,1.15421,1.1544,1.90,1.50
2011.05.30 13:18:04.632,1.15423,1.15441,1.50,1.50
2011.05.30 13:18:05.080,1.15424,1.15443,1.15,2.10
2011.05.30 13:18:05.191,1.15425,1.15443,1.15,2.10
2011.05.30 13:18:11.500,1.15427,1.15443,1.15,1.35
2011.05.30 13:18:11.719,1.15427,1.15444,1.15,2.10
2011.05.30 13:18:12.269,1.15427,1.15444,1.15,1.50
2011.05.30 13:18:13.171,1.15428,1.15444,1.15,1.50
2011.05.30 13:18:18.139,1.15429,1.15446,1.15,1.50
2011.05.30 13:18:18.690,1.1543,1.15446,1.15,1.50
2011.05.30 13:18:20.818,1.1543,1.15445,1.15,1.50
2011.05.30 13:18:21.368,1.1543,1.15445,1.15,1.50
2011.05.30 13:18:21.918,1.1543,1.15445,1.15,1.50
2011.05.30 13:18:22.432,1.1543,1.15445,1.15,1.50
2011.05.30 13:18:29.148,1.1543,1.15445,1.15,1.50
2011.05.30 13:18:29.700,1.15431,1.15446,1.15,1.50
2011.05.30 13:18:31.229,1.1543,1.15445,1.90,1.50
2011.05.30 13:18:31.779,1.15429,1.15445,1.15,1.50
2011.05.30 13:18:44.360,1.15431,1.15449,1.13,1.50
2011.05.30 13:18:44.800,1.15432,1.1545,1.15,2.10
2011.05.30 13:18:46.592,1.15433,1.15451,1.88,1.35
2011.05.30 13:18:46.821,1.15433,1.15453,1.88,1.50
2011.05.30 13:18:47.370,1.15436,1.15452,1.15,1.50
2011.05.30 13:18:48.359,1.15436,1.15452,1.15,2.25
2011.05.30 13:18:48.909,1.15432,1.1545,1.52,1.50
2011.05.30 13:18:49.459,1.15432,1.1545,1.52,2.25
2011.05.30 13:18:50.008,1.15435,1.1545,1.50,1.50
2011.05.30 13:18:54.237,1.15434,1.1545,1.50,1.50
2011.05.30 13:18:54.901,1.15435,1.15453,1.88,3.00
2011.05.30 13:18:56.229,1.15437,1.15453,1.15,1.50
2011.05.30 13:18:56.780,1.15434,1.15453,1.15,1.50
2011.05.30 13:18:57.002,1.15432,1.1545,1.90,1.13
2011.05.30 13:18:58.109,1.15434,1.15451,1.15,2.25
2011.05.30 13:19:03.241,1.15432,1.15449,1.15,1.50
2011.05.30 13:19:03.679,1.15434,1.1545,1.15,1.50
2011.05.30 13:19:04.228,1.15434,1.15451,1.15,1.50
2011.05.30 13:19:05.109,1.15434,1.15451,1.15,1.50
2011.05.30 13:19:07.809,1.15438,1.15454,1.50,1.50
2011.05.30 13:19:08.139,1.15434,1.15452,1.50,2.10
2011.05.30 13:19:08.250,1.15433,1.15451,1.15,1.50
2011.05.30 13:19:10.298,1.15433,1.1545,1.15,1.50
2011.05.30 13:19:22.759,1.15433,1.15451,1.15,1.50
2011.05.30 13:19:23.309,1.15435,1.15452,1.90,1.35
2011.05.30 13:19:24.908,1.15436,1.15452,1.15,1.35
2011.05.30 13:19:27.110,1.15435,1.15451,1.15,1.50
2011.05.30 13:19:27.440,1.15432,1.15447,1.15,1.13
2011.05.30 13:19:27.551,1.15431,1.15447,1.15,1.13
2011.05.30 13:19:27.780,1.15427,1.15447,2.65,1.13
2011.05.30 13:19:28.438,1.15429,1.15447,1.90,1.13
2011.05.30 13:19:28.661,1.15431,1.15449,1.90,1.88
2011.05.30 13:19:29.254,1.15433,1.15452,1.15,4.35
2011.05.30 13:19:40.418,1.15433,1.15451,1.52,1.50
2011.05.30 13:19:40.529,1.15434,1.15452,3.00,1.35
2011.05.30 13:19:41.190,1.15435,1.15452,2.65,1.35
2011.05.30 13:19:43.058,1.15435,1.15452,1.15,1.35
2011.05.30 13:19:43.866,1.15436,1.15453,1.90,1.35
2011.05.30 13:19:46.629,1.15434,1.15447,1.15,1.13
2011.05.30 13:19:46.740,1.15433,1.15447,1.50,1.13
2011.05.30 13:19:46.849,1.15431,1.15447,2.65,1.88
2011.05.30 13:19:47.180,1.15429,1.15447,1.50,2.63
2011.05.30 13:19:48.499,1.15426,1.15446,1.15,1.13
2011.05.30 13:19:49.598,1.15427,1.15446,1.90,1.13
2011.05.30 13:19:50.150,1.15429,1.15448,1.50,1.50
2011.05.30 13:19:50.702,1.15433,1.1545,1.15,1.50
2011.05.30 13:19:56.151,1.15433,1.15452,1.90,1.35
2011.05.30 13:19:57.359,1.15433,1.15452,2.65,2.10
2011.05.30 13:19:57.688,1.15435,1.15452,1.15,2.10
2011.05.30 13:19:58.570,1.15435,1.15449,1.90,1.13
2011.05.30 13:19:59.009,1.15433,1.15449,1.90,1.13
2011.05.30 13:20:00.329,1.15433,1.15448,1.15,1.13
2011.05.30 13:20:00.988,1.1543,1.15448,1.15,1.88
2011.05.30 13:20:02.440,1.15429,1.15447,2.65,1.13
2011.05.30 13:20:03.659,1.1543,1.15449,1.90,1.13
2011.05.30 13:20:04.209,1.15431,1.15449,1.50,1.13
2011.05.30 13:20:04.429,1.1543,1.15449,1.15,1.88
2011.05.30 13:20:06.178,1.15429,1.15449,1.90,4.13
2011.05.30 13:20:06.294,1.15428,1.15446,1.90,1.88
2011.05.30 13:20:06.641,1.15431,1.15446,1.15,1.13
2011.05.30 13:20:07.409,1.15431,1.15447,1.15,1.13
2011.05.30 13:20:07.959,1.15431,1.15447,1.15,1.13
2011.05.30 13:20:11.609,1.15431,1.15448,1.15,1.35
2011.05.30 13:20:12.159,1.15431,1.15449,1.15,2.25
2011.05.30 13:20:13.678,1.15434,1.1545,1.15,1.13
2011.05.30 13:20:15.220,1.15434,1.15451,1.15,1.13
2011.05.30 13:20:16.530,1.15434,1.15452,1.90,1.35
2011.05.30 13:20:16.641,1.15434,1.15452,2.65,1.35
2011.05.30 13:20:18.852,1.15437,1.15453,1.50,2.85
2011.05.30 13:20:19.192,1.15438,1.15457,2.65,2.63
2011.05.30 13:20:20.188,1.1544,1.15457,1.15,2.25
2011.05.30 13:20:20.518,1.1544,1.15457,1.15,2.25
2011.05.30 13:20:26.640,1.15443,1.15457,1.15,2.25
2011.05.30 13:20:27.629,1.15443,1.1546,1.15,1.13
2011.05.30 13:20:28.839,1.15443,1.1546,1.15,1.13
2011.05.30 13:20:29.388,1.15443,1.1546,1.15,1.13
2011.05.30 13:20:32.149,1.15445,1.1546,1.50,1.13
2011.05.30 13:20:32.698,1.15445,1.1546,1.15,1.13
2011.05.30 13:20:37.186,1.15446,1.15462,1.50,1.13
2011.05.30 13:20:41.010,1.15445,1.15461,1.90,1.13
2011.05.30 13:20:41.231,1.15447,1.15463,1.50,2.25
2011.05.30 13:20:41.350,1.15447,1.15463,2.25,2.25
2011.05.30 13:20:41.899,1.15448,1.15465,1.15,2.25
2011.05.30 13:20:43.219,1.15447,1.15462,1.15,1.13
2011.05.30 13:20:43.998,1.15448,1.15462,1.15,1.13
2011.05.30 13:20:45.099,1.15448,1.15462,1.15,1.13
2011.05.30 13:20:46.540,1.15448,1.15465,1.15,2.25
2011.05.30 13:20:46.649,1.15448,1.15465,1.90,2.25
2011.05.30 13:20:48.650,1.15448,1.15466,1.15,1.13
2011.05.30 13:20:50.752,1.15446,1.15461,1.15,1.13
2011.05.30 13:20:50.874,1.15444,1.15457,1.15,1.35
2011.05.30 13:20:50.993,1.15443,1.15456,1.90,3.60
2011.05.30 13:20:51.114,1.15436,1.15447,1.15,1.35
2011.05.30 13:20:51.345,1.15434,1.15447,2.25,1.35
2011.05.30 13:20:51.789,1.1543,1.15447,4.15,1.35
2011.05.30 13:20:52.009,1.1543,1.15447,1.90,1.35
2011.05.30 13:20:52.890,1.15435,1.15449,1.50,1.35
2011.05.30 13:20:53.001,1.15435,1.15452,1.50,2.25
2011.05.30 13:20:53.330,1.15438,1.15455,1.15,4.50
2011.05.30 13:21:00.511,1.1544,1.15457,1.15,2.85
2011.05.30 13:21:00.949,1.15441,1.15457,1.15,1.35
2011.05.30 13:21:01.608,1.15441,1.15457,1.90,1.35
2011.05.30 13:21:04.380,1.15441,1.15456,1.15,1.13
2011.05.30 13:21:04.491,1.15439,1.15456,1.90,1.13
2011.05.30 13:21:05.040,1.15437,1.15456,1.90,1.13
2011.05.30 13:21:06.229,1.15437,1.15456,1.15,1.13
2011.05.30 13:21:07.285,1.15437,1.15456,1.15,1.13
2011.05.30 13:21:08.409,1.15436,1.15456,1.90,1.13
2011.05.30 13:21:08.521,1.15436,1.15452,1.15,1.13
2011.05.30 13:21:08.849,1.15432,1.15448,1.90,1.50
2011.05.30 13:21:09.179,1.1543,1.15448,1.90,1.88
2011.05.30 13:21:11.300,1.15429,1.15446,1.15,1.13
2011.05.30 13:21:11.959,1.15428,1.15446,1.50,1.13
2011.05.30 13:21:12.509,1.15427,1.15445,1.90,1.13
2011.05.30 13:21:21.729,1.15428,1.15448,1.50,4.50
2011.05.30 13:21:22.280,1.15431,1.15449,1.15,2.85
2011.05.30 13:21:24.919,1.1543,1.15447,1.15,1.13
2011.05.30 13:21:25.359,1.15428,1.15447,1.90,1.13
2011.05.30 13:21:26.280,1.15428,1.15449,2.27,5.85
2011.05.30 13:21:26.391,1.15428,1.15448,1.90,1.13
2011.05.30 13:21:26.611,1.1543,1.15449,1.15,5.85
2011.05.30 13:21:27.932,1.1543,1.15448,1.90,1.13
2011.05.30 13:21:29.025,1.1543,1.15448,2.65,1.13
2011.05.30 13:21:30.471,1.15432,1.15449,1.15,1.35
2011.05.30 13:21:37.678,1.15433,1.15451,1.50,1.35
2011.05.30 13:21:38.228,1.15435,1.15451,1.15,1.35
2011.05.30 13:21:38.889,1.15435,1.15451,1.15,1.35
2011.05.30 13:21:39.438,1.15435,1.15453,1.90,1.13
2011.05.30 13:21:44.443,1.15437,1.15456,1.50,3.38
2011.05.30 13:21:44.890,1.15435,1.15454,1.15,3.38
2011.05.30 13:21:45.440,1.15434,1.15454,2.65,1.88
2011.05.30 13:21:46.131,1.15436,1.15454,1.50,3.00
2011.05.30 13:21:46.242,1.15439,1.15457,1.50,1.13
2011.05.30 13:21:46.804,1.15437,1.15454,1.15,1.13
2011.05.30 13:21:47.030,1.15436,1.15454,3.40,1.13
2011.05.30 13:21:47.909,1.15437,1.15454,1.15,1.13
2011.05.30 13:21:48.459,1.15437,1.15455,1.15,1.13
2011.05.30 13:21:49.448,1.15437,1.15455,1.90,1.13
2011.05.30 13:21:49.998,1.15437,1.15455,1.90,1.13
2011.05.30 13:21:50.798,1.15437,1.15455,1.90,1.13
2011.05.30 13:21:51.455,1.15437,1.15455,1.90,1.13
2011.05.30 13:21:52.009,1.15437,1.15454,1.15,1.13
2011.05.30 13:21:53.289,1.15437,1.15454,1.15,1.13
2011.05.30 13:21:54.557,1.15436,1.15454,1.90,1.13
2011.05.30 13:21:54.894,1.15435,1.15452,1.15,3.00
2011.05.30 13:21:55.014,1.15433,1.1545,1.15,1.13
2011.05.30 13:21:56.010,1.15433,1.15446,1.15,1.50
2011.05.30 13:21:56.121,1.15432,1.15446,1.15,1.50
2011.05.30 13:21:56.562,1.1543,1.15444,1.15,1.50
2011.05.30 13:21:57.339,1.1543,1.15444,1.15,1.50
2011.05.30 13:21:57.889,1.1543,1.15444,1.15,1.50
2011.05.30 13:21:58.549,1.15431,1.15448,1.15,1.50
2011.05.30 13:21:58.770,1.15432,1.15448,1.90,1.50
2011.05.30 13:21:59.650,1.15432,1.15448,1.15,1.50
2011.05.30 13:22:00.198,1.15431,1.15447,1.90,1.50
2011.05.30 13:22:01.003,1.15431,1.15448,2.65,1.50
2011.05.30 13:22:03.221,1.15431,1.15447,1.90,1.88
2011.05.30 13:22:03.659,1.1543,1.15445,1.15,1.50
2011.05.30 13:22:04.209,1.1543,1.15445,1.90,1.50
2011.05.30 13:22:07.309,1.1543,1.15447,4.15,1.50
2011.05.30 13:22:07.750,1.15434,1.15447,2.25,1.50
2011.05.30 13:22:07.862,1.1543,1.1545,3.02,1.50
2011.05.30 13:22:07.981,1.15432,1.15449,2.65,1.13
2011.05.30 13:22:09.578,1.1543,1.15445,1.90,1.88
2011.05.30 13:22:10.233,1.15433,1.15448,1.15,1.50
2011.05.30 13:22:10.357,1.1543,1.15445,1.15,1.50
2011.05.30 13:22:10.689,1.15428,1.15445,3.75,1.50
2011.05.30 13:22:10.910,1.15428,1.15445,3.75,1.50
2011.05.30 13:22:11.458,1.1543,1.15445,1.15,1.50
2011.05.30 13:22:12.009,1.15431,1.15445,1.15,1.50
2011.05.30 13:22:16.089,1.1543,1.15443,2.65,1.50
2011.05.30 13:22:16.309,1.15431,1.15448,1.15,1.50
2011.05.30 13:22:17.910,1.15431,1.15448,1.90,1.50
2011.05.30 13:22:18.680,1.15431,1.15448,3.40,1.50
2011.05.30 13:22:19.228,1.15431,1.15448,3.40,1.50
2011.05.30 13:22:21.981,1.15431,1.15448,3.40,1.50
2011.05.30 13:22:23.082,1.15431,1.15449,1.15,1.50
2011.05.30 13:22:24.408,1.1543,1.15449,1.15,1.50
2011.05.30 13:22:24.961,1.15429,1.15448,3.40,2.25
2011.05.30 13:22:25.509,1.15429,1.15445,1.15,1.50
2011.05.30 13:22:28.329,1.15429,1.15444,1.15,1.50
2011.05.30 13:22:29.759,1.15432,1.15449,1.13,1.50
2011.05.30 13:22:29.873,1.15434,1.15452,1.50,2.25
2011.05.30 13:22:30.106,1.15439,1.15457,1.15,1.13
2011.05.30 13:22:30.895,1.15439,1.15457,1.15,2.25
2011.05.30 13:22:32.219,1.15439,1.1546,1.15,6.00
2011.05.30 13:22:33.210,1.15441,1.15457,1.15,1.50
2011.05.30 13:22:34.740,1.15441,1.15457,1.15,1.50
2011.05.30 13:22:36.721,1.1544,1.15456,1.90,1.50
2011.05.30 13:22:42.223,1.1544,1.15454,1.15,1.50
2011.05.30 13:22:42.565,1.15436,1.1545,1.15,1.50
2011.05.30 13:22:43.119,1.15437,1.15449,1.15,1.50
2011.05.30 13:22:46.182,1.15432,1.15449,1.15,1.50
2011.05.30 13:22:46.729,1.15432,1.15449,1.15,1.50
2011.05.30 13:22:55.072,1.15432,1.1545,1.15,1.50
2011.05.30 13:22:56.405,1.15436,1.15455,1.50,1.50
2011.05.30 13:22:56.522,1.15438,1.15455,1.15,1.50
2011.05.30 13:22:57.079,1.15438,1.15456,1.15,5.25
2011.05.30 13:22:59.100,1.1544,1.1546,3.38,3.75
2011.05.30 13:22:59.541,1.15438,1.15457,3.40,1.50
2011.05.30 13:23:01.299,1.15438,1.15457,4.15,1.50
2011.05.30 13:23:01.889,1.15438,1.15456,3.40,1.50
2011.05.30 13:23:02.220,1.15437,1.15453,1.90,1.50
2011.05.30 13:23:02.769,1.15438,1.15454,1.90,1.50
2011.05.30 13:23:03.319,1.15438,1.15456,1.90,1.50
2011.05.30 13:23:05.317,1.15438,1.15454,1.15,1.50
2011.05.30 13:23:08.270,1.15438,1.15454,1.15,1.50
2011.05.30 13:23:08.709,1.15434,1.15454,1.52,1.50
2011.05.30 13:23:09.318,1.15434,1.15454,1.52,1.50
2011.05.30 13:23:09.868,1.15434,1.15454,1.52,1.50
2011.05.30 13:23:10.469,1.15434,1.1545,1.15,1.50
2011.05.30 13:23:10.800,1.15432,1.1545,1.90,1.50
2011.05.30 13:23:11.490,1.15432,1.1545,1.15,1.50
2011.05.30 13:23:12.039,1.15432,1.15449,1.15,1.50
2011.05.30 13:23:13.509,1.15432,1.15449,1.15,1.50
2011.05.30 13:23:26.779,1.15432,1.1545,1.15,1.88
2011.05.30 13:23:29.841,1.15432,1.15449,1.15,1.50
2011.05.30 13:23:35.180,1.15431,1.1545,1.15,1.50
2011.05.30 13:23:35.731,1.15428,1.15444,1.15,1.50
2011.05.30 13:23:35.950,1.15428,1.15448,1.52,3.75
2011.05.30 13:23:36.280,1.15428,1.15448,3.02,1.50
2011.05.30 13:23:37.050,1.15431,1.1545,1.15,1.50
2011.05.30 13:23:37.820,1.1543,1.15448,1.15,1.13
2011.05.30 13:23:44.268,1.15431,1.15449,1.15,1.13
2011.05.30 13:23:45.149,1.15429,1.15447,1.15,1.50
2011.05.30 13:23:48.669,1.15429,1.15447,1.15,1.88
2011.05.30 13:24:03.269,1.15429,1.15448,1.90,1.13
2011.05.30 13:24:10.403,1.1543,1.15449,3.40,1.50
2011.05.30 13:24:10.742,1.1543,1.15448,3.77,1.50
2011.05.30 13:24:11.514,1.15432,1.15449,1.15,1.13
2011.05.30 13:24:13.429,1.15432,1.15452,2.65,1.13
2011.05.30 13:24:13.649,1.15433,1.15452,1.15,1.13
2011.05.30 13:24:13.759,1.15433,1.15452,1.15,1.13
2011.05.30 13:24:16.829,1.15433,1.15452,1.15,1.13
2011.05.30 13:24:17.050,1.15433,1.15452,1.15,1.13
2011.05.30 13:24:18.170,1.15433,1.1545,1.15,1.13
2011.05.30 13:24:18.719,1.15432,1.15449,1.15,1.50
2011.05.30 13:24:20.259,1.15432,1.15449,1.15,1.50
2011.05.30 13:24:23.370,1.15432,1.15448,1.90,1.50
2011.05.30 13:24:23.918,1.15432,1.15448,1.15,1.50
2011.05.30 13:24:24.535,1.15431,1.15447,2.65,1.50
2011.05.30 13:24:25.206,1.15435,1.15451,1.50,1.50
2011.05.30 13:24:44.570,1.15435,1.15451,1.15,1.50
2011.05.30 13:24:44.901,1.15433,1.1545,1.90,1.88
2011.05.30 13:24:47.763,1.15435,1.15452,1.15,1.50
2011.05.30 13:24:47.884,1.15436,1.15453,1.15,1.50
2011.05.30 13:24:48.989,1.15435,1.15454,2.27,1.50
2011.05.30 13:24:49.652,1.15435,1.15452,1.15,1.50
2011.05.30 13:24:49.773,1.15434,1.1545,1.15,1.13
2011.05.30 13:24:51.350,1.15435,1.15453,1.15,1.50
2011.05.30 13:24:51.901,1.15437,1.15456,1.13,1.88
2011.05.30 13:24:52.012,1.15437,1.15456,1.13,1.88
2011.05.30 13:24:52.241,1.15436,1.15453,1.15,1.50
2011.05.30 13:24:52.350,1.15436,1.15456,1.75,1.50
2011.05.30 13:24:52.681,1.15441,1.15456,1.15,1.50
2011.05.30 13:24:53.449,1.15442,1.15456,1.15,1.50
2011.05.30 13:25:01.891,1.15442,1.15456,3.40,1.13
2011.05.30 13:25:02.770,1.15444,1.15458,1.90,1.13
2011.05.30 13:25:03.403,1.15442,1.15458,3.40,1.13
2011.05.30 13:25:03.959,1.1544,1.15456,1.90,1.88
2011.05.30 13:25:04.540,1.1544,1.15456,1.15,1.88
2011.05.30 13:25:05.090,1.1544,1.15456,1.15,1.88
2011.05.30 13:25:05.419,1.1544,1.15456,1.15,1.88
2011.05.30 13:25:05.529,1.1544,1.15456,1.15,1.88
2011.05.30 13:25:06.300,1.15442,1.15456,1.15,1.13
2011.05.30 13:25:06.852,1.15441,1.15456,1.15,1.13
2011.05.30 13:25:06.970,1.15439,1.15451,4.15,1.13
2011.05.30 13:25:07.191,1.15437,1.15451,1.15,1.13
2011.05.30 13:25:07.411,1.15436,1.15451,1.15,1.88
2011.05.30 13:25:07.850,1.15434,1.15451,4.15,1.88
2011.05.30 13:25:08.289,1.15434,1.15451,2.65,1.50
2011.05.30 13:25:08.838,1.15434,1.1545,3.40,1.50
2011.05.30 13:25:09.499,1.15435,1.15451,1.50,1.50
2011.05.30 13:25:10.050,1.15435,1.1545,1.50,1.50
2011.05.30 13:25:10.874,1.15434,1.15451,3.40,1.50
2011.05.30 13:25:11.970,1.15434,1.1545,3.40,1.50
2011.05.30 13:25:13.799,1.15434,1.15451,3.40,1.50
2011.05.30 13:25:15.169,1.15434,1.1545,3.40,1.50
2011.05.30 13:25:15.718,1.15436,1.15451,1.90,1.50
2011.05.30 13:25:17.110,1.15434,1.15453,2.65,1.88
2011.05.30 13:25:17.989,1.15433,1.1545,1.90,1.50
2011.05.30 13:25:18.745,1.15433,1.15449,1.90,1.50
2011.05.30 13:25:27.212,1.15433,1.1545,1.90,1.50
2011.05.30 13:25:27.769,1.15434,1.15451,1.15,1.50
2011.05.30 13:25:34.620,1.15435,1.15451,1.15,1.50
2011.05.30 13:25:35.169,1.15436,1.15452,1.50,1.50
2011.05.30 13:25:35.280,1.15436,1.15452,1.90,1.50
2011.05.30 13:25:36.269,1.15438,1.15453,1.15,1.50
2011.05.30 13:25:39.699,1.15438,1.15452,1.90,1.50
2011.05.30 13:25:39.922,1.15439,1.15456,1.50,1.13
2011.05.30 13:25:41.502,1.1544,1.15456,1.15,1.13
2011.05.30 13:25:42.129,1.15441,1.15457,1.50,1.88
2011.05.30 13:25:42.789,1.15442,1.15457,2.25,1.13
2011.05.30 13:25:43.231,1.15442,1.15458,5.25,1.13
2011.05.30 13:25:54.989,1.15444,1.15459,1.50,1.13
2011.05.30 13:25:57.251,1.15444,1.15459,1.88,1.13
2011.05.30 13:25:58.275,1.15443,1.15459,1.15,1.13
2011.05.30 13:25:59.430,1.15443,1.15458,1.15,1.13
2011.05.30 13:26:05.469,1.15441,1.15456,3.40,1.13
2011.05.30 13:26:06.020,1.15443,1.15457,1.15,1.58
2011.05.30 13:26:07.120,1.15443,1.15457,1.15,1.73
2011.05.30 13:26:09.209,1.15443,1.15459,1.15,1.73
2011.05.30 13:26:14.120,1.15443,1.15459,1.15,1.35
2011.05.30 13:26:17.290,1.15444,1.1546,1.15,1.35
2011.05.30 13:26:17.400,1.15444,1.15461,1.15,1.35
2011.05.30 13:26:20.980,1.15444,1.1546,1.15,1.35
2011.05.30 13:26:21.312,1.15441,1.15459,3.75,1.35
2011.05.30 13:26:21.431,1.1544,1.15456,3.00,1.35
2011.05.30 13:26:21.542,1.15439,1.15454,1.90,1.73
2011.05.30 13:26:21.652,1.15439,1.15453,1.15,1.50
2011.05.30 13:26:21.991,1.15433,1.15452,3.40,1.88
2011.05.30 13:26:23.352,1.15434,1.15452,1.15,1.50
2011.05.30 13:26:23.582,1.15437,1.15454,1.50,1.35
2011.05.30 13:26:25.140,1.15438,1.15455,2.27,1.35
2011.05.30 13:26:29.712,1.15439,1.15454,1.50,1.35
2011.05.30 13:26:30.041,1.1544,1.15459,3.38,2.10
2011.05.30 13:26:30.262,1.15438,1.15457,1.15,1.13
2011.05.30 13:26:32.268,1.15437,1.15457,4.88,1.50
2011.05.30 13:26:38.530,1.1544,1.15456,1.50,2.10
2011.05.30 13:26:39.959,1.15439,1.15456,1.15,1.35
2011.05.30 13:26:41.869,1.15439,1.15456,3.40,1.35
2011.05.30 13:26:42.089,1.15439,1.15457,4.15,2.10
2011.05.30 13:26:44.999,1.1544,1.15459,1.15,2.10
2011.05.30 13:26:45.625,1.1544,1.15457,1.15,1.35
2011.05.30 13:26:47.650,1.1544,1.15457,1.15,2.10
2011.05.30 13:26:56.029,1.1544,1.15457,1.15,2.10
2011.05.30 13:26:56.359,1.1544,1.15457,1.15,1.35
2011.05.30 13:26:59.316,1.15439,1.15456,3.40,1.13
2011.05.30 13:27:06.999,1.1544,1.15457,1.15,1.35
2011.05.30 13:27:09.691,1.15439,1.15457,2.65,2.48
2011.05.30 13:27:11.010,1.15437,1.15456,3.40,1.13
2011.05.30 13:27:14.260,1.15438,1.15457,1.15,1.73
2011.05.30 13:27:15.030,1.1544,1.15457,1.50,1.35
2011.05.30 13:27:31.021,1.15441,1.15457,1.50,1.35
2011.05.30 13:27:31.569,1.15441,1.15457,1.50,1.35
2011.05.30 13:27:32.791,1.15441,1.15457,1.90,1.35
2011.05.30 13:27:36.389,1.15439,1.15457,1.90,1.73
2011.05.30 13:27:38.589,1.15439,1.15457,1.15,2.48
2011.05.30 13:27:42.251,1.15439,1.15457,1.90,1.88
2011.05.30 13:27:42.799,1.15439,1.15457,1.15,1.88
2011.05.30 13:27:44.630,1.15438,1.15455,2.65,1.13
2011.05.30 13:27:53.921,1.15438,1.15454,1.90,1.13
2011.05.30 13:27:54.660,1.15437,1.15452,2.25,1.13
2011.05.30 13:27:55.870,1.15437,1.15455,1.50,1.13
2011.05.30 13:27:56.090,1.15437,1.15451,1.50,1.13
2011.05.30 13:27:56.199,1.15437,1.15451,1.50,1.13
2011.05.30 13:27:56.969,1.15437,1.15452,1.50,1.13
2011.05.30 13:27:57.410,1.15437,1.15455,1.50,1.13
2011.05.30 13:27:57.960,1.15439,1.15455,1.15,1.13
2011.05.30 13:28:08.299,1.15439,1.15456,1.15,1.13
2011.05.30 13:28:08.739,1.1544,1.15458,1.50,1.73
2011.05.30 13:28:09.377,1.15442,1.15458,1.15,1.73
2011.05.30 13:28:11.910,1.15442,1.15458,1.90,1.35
2011.05.30 13:28:12.460,1.15443,1.15458,1.50,1.35
2011.05.30 13:28:13.010,1.15444,1.1546,1.50,1.35
2011.05.30 13:28:15.540,1.15444,1.1546,1.90,1.35
2011.05.30 13:28:26.400,1.15446,1.1546,1.50,1.35
2011.05.30 13:28:26.514,1.1545,1.15464,1.50,1.50
2011.05.30 13:28:27.097,1.15453,1.1547,1.50,1.50
2011.05.30 13:28:27.218,1.15455,1.15474,1.15,3.60
2011.05.30 13:28:27.335,1.15453,1.15471,1.90,1.35
2011.05.30 13:28:27.561,1.15453,1.15469,1.90,1.35
2011.05.30 13:28:30.180,1.15453,1.15469,1.15,1.35
2011.05.30 13:28:30.620,1.15453,1.15469,1.15,1.35
2011.05.30 13:28:33.811,1.15453,1.1547,1.15,1.50
2011.05.30 13:28:34.573,1.15454,1.15474,2.25,2.10
2011.05.30 13:28:39.169,1.15455,1.15474,1.13,2.10
2011.05.30 13:28:42.469,1.15455,1.15475,1.88,1.35
2011.05.30 13:28:54.151,1.15457,1.15476,1.50,1.35
2011.05.30 13:28:54.812,1.1546,1.15477,1.50,2.10
2011.05.30 13:28:55.251,1.15463,1.15478,1.50,1.35
2011.05.30 13:28:55.360,1.15463,1.15481,1.50,1.88
2011.05.30 13:28:55.910,1.15464,1.15481,1.15,1.13
2011.05.30 13:29:07.570,1.15463,1.1548,1.15,1.13
2011.05.30 13:29:08.119,1.15463,1.1548,1.15,1.13
2011.05.30 13:29:09.040,1.15463,1.1548,1.15,1.13
2011.05.30 13:29:17.711,1.15462,1.1548,1.90,1.88
2011.05.30 13:29:21.574,1.15462,1.15479,1.15,3.75
2011.05.30 13:29:21.693,1.15463,1.15479,1.88,3.00
2011.05.30 13:29:21.816,1.15463,1.15482,4.13,1.50
2011.05.30 13:29:22.050,1.15468,1.15485,2.25,1.13
2011.05.30 13:29:23.084,1.15472,1.15488,1.50,3.00
2011.05.30 13:29:24.191,1.15472,1.15491,2.65,1.13
2011.05.30 13:29:25.619,1.15472,1.15489,1.90,1.50
2011.05.30 13:29:27.920,1.15478,1.15493,1.50,2.85
2011.05.30 13:29:28.470,1.15479,1.15496,1.90,1.13
2011.05.30 13:29:29.349,1.1548,1.155,1.50,1.50
2011.05.30 13:29:31.089,1.1548,1.15498,1.50,1.50
2011.05.30 13:29:32.860,1.15477,1.15495,3.40,1.13
2011.05.30 13:29:33.192,1.15475,1.1549,1.15,1.35
2011.05.30 13:29:33.302,1.15472,1.15488,1.90,1.50
2011.05.30 13:29:33.742,1.15472,1.1549,2.27,1.35
2011.05.30 13:29:34.300,1.15475,1.15491,1.15,1.35
2011.05.30 13:29:34.849,1.15475,1.15491,1.15,1.35
2011.05.30 13:29:40.351,1.15475,1.1549,1.15,1.35
2011.05.30 13:29:40.899,1.15475,1.15491,1.15,2.10
2011.05.30 13:29:41.499,1.15475,1.1549,1.15,1.35
2011.05.30 13:29:42.559,1.15475,1.15491,1.15,2.10
2011.05.30 13:29:44.079,1.15475,1.1549,1.15,1.35
2011.05.30 13:29:46.291,1.15472,1.15488,1.15,1.13
2011.05.30 13:29:46.401,1.15472,1.15488,1.15,1.13
2011.05.30 13:29:48.030,1.1547,1.15487,1.15,1.50
2011.05.30 13:29:48.361,1.15469,1.15485,1.90,1.50
2011.05.30 13:29:48.910,1.15469,1.15489,1.13,1.50
2011.05.30 13:29:49.020,1.15469,1.15489,1.13,5.25
2011.05.30 13:29:52.540,1.15469,1.15488,1.13,3.00
2011.05.30 13:29:52.940,1.15466,1.15485,1.13,1.80
2011.05.30 13:29:53.051,1.15466,1.15484,1.13,1.35
2011.05.30 13:29:56.563,1.15464,1.1548,1.15,1.35
2011.05.30 13:30:00.700,1.15466,1.15484,1.50,1.50
2011.05.30 13:30:00.813,1.15466,1.15485,1.88,2.85
2011.05.30 13:30:01.045,1.1547,1.15488,1.13,3.60
2011.05.30 13:30:01.600,1.15472,1.15489,1.50,1.35
2011.05.30 13:30:02.043,1.15474,1.15492,1.88,2.25
2011.05.30 13:30:02.491,1.15478,1.15494,1.13,1.35
2011.05.30 13:30:03.887,1.15473,1.15491,1.13,1.50
2011.05.30 13:30:04.113,1.15472,1.15489,3.38,1.35
2011.05.30 13:30:05.231,1.15471,1.15489,1.13,1.35
2011.05.30 13:30:05.781,1.15475,1.15492,1.13,1.35
2011.05.30 13:30:06.111,1.15473,1.15491,1.13,1.50
2011.05.30 13:30:06.991,1.15473,1.15491,1.13,1.50
2011.05.30 13:30:07.211,1.15471,1.1549,1.13,1.50
2011.05.30 13:30:08.639,1.1547,1.15489,3.00,1.50
2011.05.30 13:30:11.383,1.15471,1.15489,1.13,1.50
2011.05.30 13:30:12.159,1.15472,1.15492,1.88,2.10
2011.05.30 13:30:12.889,1.15478,1.15497,1.13,2.25
2011.05.30 13:30:13.441,1.15477,1.15495,1.13,1.50
2011.05.30 13:30:13.991,1.15477,1.15496,1.13,1.50
2011.05.30 13:30:14.652,1.15478,1.15497,1.13,2.25
2011.05.30 13:30:15.090,1.15478,1.15497,1.13,2.25
2011.05.30 13:30:15.640,1.15478,1.15497,1.13,4.50
2011.05.30 13:30:15.751,1.15473,1.15493,1.88,1.50
2011.05.30 13:30:15.861,1.15473,1.15493,1.88,2.10
2011.05.30 13:30:16.739,1.15475,1.15493,1.13,1.35
2011.05.30 13:30:17.399,1.15478,1.15493,1.13,1.35
2011.05.30 13:30:17.513,1.15478,1.15498,1.13,1.50
2011.05.30 13:30:17.631,1.15476,1.15496,1.13,1.50
2011.05.30 13:30:18.180,1.15476,1.15494,1.52,1.35
2011.05.30 13:30:19.399,1.15473,1.15492,1.90,1.73
2011.05.30 13:30:19.517,1.15473,1.15489,1.15,1.35
2011.05.30 13:30:19.636,1.15469,1.15485,1.15,1.50
2011.05.30 13:30:19.754,1.15469,1.15485,1.15,2.10
2011.05.30 13:30:20.751,1.15467,1.15483,1.15,1.35
2011.05.30 13:30:21.302,1.15471,1.15488,1.13,1.35
2011.05.30 13:30:21.631,1.15473,1.1549,1.13,3.60
2011.05.30 13:30:23.721,1.15472,1.1549,1.88,2.85
2011.05.30 13:30:25.150,1.15472,1.1549,1.50,2.85
2011.05.30 13:30:27.614,1.15471,1.15487,1.50,1.35
2011.05.30 13:30:27.733,1.15471,1.15487,1.50,1.35
2011.05.30 13:30:28.292,1.15471,1.15487,1.50,1.35
2011.05.30 13:30:28.401,1.15471,1.15487,1.50,1.35
2011.05.30 13:30:28.950,1.15471,1.15487,1.50,1.35
2011.05.30 13:30:29.171,1.1547,1.15488,1.52,1.35
2011.05.30 13:30:29.832,1.15473,1.1549,1.13,2.85
2011.05.30 13:30:30.052,1.1547,1.15486,1.90,1.35
2011.05.30 13:30:30.493,1.15471,1.15489,1.88,1.35
2011.05.30 13:30:30.831,1.15471,1.15488,3.00,1.35
2011.05.30 13:30:32.040,1.15468,1.15486,1.90,1.35
2011.05.30 13:30:33.932,1.15471,1.15486,1.15,1.35
2011.05.30 13:30:34.149,1.15471,1.15486,1.15,1.35
2011.05.30 13:30:38.513,1.15471,1.15489,2.27,1.35
2011.05.30 13:30:42.050,1.15472,1.15489,1.15,1.35
2011.05.30 13:30:42.270,1.15472,1.1549,3.77,2.10
2011.05.30 13:30:42.381,1.15472,1.15485,1.15,1.35
2011.05.30 13:30:42.602,1.15471,1.15485,1.15,1.35
2011.05.30 13:30:43.282,1.15471,1.15487,1.15,1.35
2011.05.30 13:30:46.572,1.15471,1.1549,1.52,2.10
2011.05.30 13:30:46.681,1.15472,1.15492,3.00,1.50
2011.05.30 13:30:46.901,1.15475,1.15493,1.13,1.50
2011.05.30 13:30:47.450,1.15475,1.15494,1.13,1.35
2011.05.30 13:30:52.590,1.15474,1.15494,1.90,2.10
2011.05.30 13:30:56.440,1.15475,1.15494,1.15,2.10
2011.05.30 13:30:56.880,1.15475,1.15495,2.27,3.60
2011.05.30 13:30:57.209,1.15476,1.15495,1.15,3.60
2011.05.30 13:31:04.079,1.15479,1.15495,1.15,1.35
2011.05.30 13:31:04.740,1.15477,1.15492,1.90,1.35
2011.05.30 13:31:04.850,1.15476,1.15492,1.90,1.35
2011.05.30 13:31:05.399,1.15474,1.15492,1.15,2.10
2011.05.30 13:31:07.401,1.15473,1.15492,1.90,1.35
2011.05.30 13:31:08.611,1.15474,1.15492,1.15,1.35
2011.05.30 13:31:09.159,1.15476,1.15492,1.15,1.35
2011.05.30 13:31:11.755,1.15475,1.15492,1.15,2.10
2011.05.30 13:31:12.309,1.15475,1.15492,1.15,2.10
2011.05.30 13:31:12.424,1.15477,1.15494,1.88,1.35
2011.05.30 13:31:13.530,1.15477,1.15495,1.15,1.35
2011.05.30 13:31:14.960,1.15479,1.15495,1.15,1.35
2011.05.30 13:31:16.710,1.1548,1.15497,1.90,2.10
2011.05.30 13:31:16.821,1.1548,1.15494,1.90,1.35
2011.05.30 13:31:17.042,1.1548,1.15497,1.15,2.25
2011.05.30 13:31:17.602,1.1548,1.155,1.90,3.00
2011.05.30 13:31:18.266,1.1548,1.15498,1.15,1.88
2011.05.30 13:31:22.310,1.1548,1.15495,1.15,1.35
2011.05.30 13:31:30.184,1.15478,1.15495,1.13,1.35
2011.05.30 13:31:35.140,1.15477,1.15495,1.15,2.10
2011.05.30 13:31:44.842,1.15477,1.15495,1.15,2.48
2011.05.30 13:31:45.060,1.15477,1.15495,1.15,1.35
2011.05.30 13:31:45.280,1.15477,1.15495,1.15,1.35
2011.05.30 13:31:55.789,1.15477,1.15493,1.52,1.35
2011.05.30 13:31:56.340,1.15476,1.15493,1.13,1.35
2011.05.30 13:32:02.112,1.15481,1.15499,4.13,1.35
2011.05.30 13:32:02.772,1.15491,1.15505,1.15,2.48
2011.05.30 13:32:03.101,1.15491,1.15507,2.65,1.50
2011.05.30 13:32:03.870,1.15491,1.15507,2.65,1.50
2011.05.30 13:32:03.984,1.15493,1.15511,1.88,1.50
2011.05.30 13:32:04.211,1.15497,1.15515,1.50,3.98
2011.05.30 13:32:04.760,1.15497,1.15515,2.65,2.48
2011.05.30 13:32:04.983,1.15498,1.15515,1.15,2.10
2011.05.30 13:32:05.325,1.15495,1.15515,1.90,2.48
2011.05.30 13:32:06.650,1.15496,1.15513,1.50,1.50
2011.05.30 13:32:06.982,1.15496,1.15512,1.15,1.50
2011.05.30 13:32:07.971,1.15496,1.15512,1.15,1.50
2011.05.30 13:32:08.519,1.15496,1.15512,1.15,1.50
2011.05.30 13:32:08.739,1.15496,1.15512,1.15,1.50
2011.05.30 13:32:09.530,1.15496,1.15512,1.15,1.50
2011.05.30 13:32:10.080,1.15496,1.15512,1.15,1.50
2011.05.30 13:32:12.239,1.15495,1.15512,1.50,1.50
2011.05.30 13:32:17.959,1.15495,1.15511,1.50,1.50
2011.05.30 13:32:23.550,1.15493,1.15511,1.90,1.50
2011.05.30 13:32:23.770,1.15493,1.15511,1.90,1.50
2011.05.30 13:32:24.539,1.15493,1.15511,1.90,1.50
2011.05.30 13:32:25.119,1.15493,1.15511,1.90,1.50
2011.05.30 13:32:25.719,1.15493,1.15511,1.90,1.50
2011.05.30 13:32:31.392,1.15492,1.15507,1.90,1.50
2011.05.30 13:32:31.503,1.15488,1.15505,1.15,1.50
2011.05.30 13:32:31.734,1.15486,1.15506,1.90,1.88
2011.05.30 13:32:32.289,1.15486,1.15502,1.15,1.50
2011.05.30 13:32:39.892,1.15483,1.15498,1.15,1.50
2011.05.30 13:32:40.449,1.15481,1.15498,1.90,1.50
2011.05.30 13:32:41.251,1.15481,1.15501,1.90,1.50
2011.05.30 13:32:41.470,1.15481,1.15501,1.90,1.88
2011.05.30 13:32:42.207,1.15479,1.15499,3.75,1.50
2011.05.30 13:32:44.750,1.1548,1.15498,1.15,1.50
2011.05.30 13:32:49.559,1.1548,1.15499,1.15,1.50
2011.05.30 13:32:53.943,1.1548,1.15496,1.15,1.50
2011.05.30 13:32:54.281,1.15476,1.15493,1.15,1.50
2011.05.30 13:32:57.795,1.15478,1.15495,1.15,1.50
2011.05.30 13:32:57.907,1.15477,1.15495,1.15,1.50
2011.05.30 13:32:58.465,1.15477,1.15494,1.90,1.50
2011.05.30 13:32:59.690,1.15477,1.15494,1.15,1.50
2011.05.30 13:33:00.241,1.15475,1.15494,4.15,1.50
2011.05.30 13:33:00.571,1.15476,1.15493,1.50,1.50
2011.05.30 13:33:01.015,1.15479,1.15496,1.15,1.35
2011.05.30 13:33:01.241,1.1548,1.15496,1.50,1.35
2011.05.30 13:33:02.341,1.15479,1.15497,4.15,1.35
2011.05.30 13:33:04.910,1.1548,1.15496,4.13,1.35
2011.05.30 13:33:05.132,1.15481,1.15495,1.15,1.50
2011.05.30 13:33:05.350,1.15481,1.15495,1.15,1.50
2011.05.30 13:33:05.682,1.1548,1.15498,1.13,1.50
2011.05.30 13:33:06.341,1.1548,1.15498,1.13,1.50
2011.05.30 13:33:12.905,1.15485,1.15502,1.50,3.00
2011.05.30 13:33:13.470,1.15483,1.15504,6.02,1.50
2011.05.30 13:33:14.580,1.15482,1.15501,3.00,1.50
2011.05.30 13:33:16.914,1.15482,1.15501,3.00,2.25
2011.05.30 13:33:17.141,1.1548,1.15498,3.75,1.50
2011.05.30 13:33:17.693,1.15478,1.15495,1.15,1.50
2011.05.30 13:33:17.812,1.15479,1.15499,1.88,1.50
2011.05.30 13:33:17.922,1.15479,1.15499,1.88,1.50
2011.05.30 13:33:18.143,1.15478,1.15499,4.15,1.50
2011.05.30 13:33:19.972,1.15482,1.155,1.13,1.50
2011.05.30 13:33:20.082,1.15483,1.15501,1.50,3.00
2011.05.30 13:33:20.741,1.15482,1.155,3.38,1.50
2011.05.30 13:33:20.964,1.15481,1.15499,1.52,3.00
2011.05.30 13:33:21.084,1.15481,1.155,1.52,1.50
2011.05.30 13:33:21.202,1.15481,1.15499,1.15,1.50
2011.05.30 13:33:21.861,1.15482,1.15499,3.00,1.50
2011.05.30 13:33:22.963,1.15477,1.15496,1.15,1.50
2011.05.30 13:33:25.560,1.15477,1.15494,1.15,1.50
2011.05.30 13:33:26.868,1.15478,1.15494,1.50,1.50
2011.05.30 13:33:28.430,1.15477,1.15494,1.15,1.88
2011.05.30 13:33:28.540,1.15475,1.15492,1.15,1.50
2011.05.30 13:33:28.651,1.15475,1.1549,1.15,1.13
2011.05.30 13:33:29.220,1.15474,1.1549,3.40,1.13
2011.05.30 13:33:30.449,1.15474,1.15491,3.40,1.50
2011.05.30 13:33:32.242,1.15472,1.15491,3.40,1.50
2011.05.30 13:33:32.791,1.15471,1.15489,2.65,1.50
2011.05.30 13:33:48.110,1.15473,1.15491,1.90,1.50
2011.05.30 13:33:52.741,1.15472,1.1549,1.90,1.50
2011.05.30 13:34:01.022,1.15472,1.15488,1.90,1.50
2011.05.30 13:34:01.354,1.15467,1.15483,1.15,1.50
2011.05.30 13:34:01.910,1.15467,1.15483,1.90,1.50
2011.05.30 13:34:02.461,1.15466,1.15482,1.90,1.50
2011.05.30 13:34:03.341,1.15466,1.15482,1.90,1.50
2011.05.30 13:34:03.561,1.15465,1.1548,1.90,1.50
2011.05.30 13:34:04.221,1.15466,1.15483,1.50,1.13
2011.05.30 13:34:04.772,1.15466,1.15483,3.00,1.50
2011.05.30 13:34:22.729,1.15466,1.15484,2.65,1.50
2011.05.30 13:34:33.130,1.15466,1.15484,2.65,1.50
2011.05.30 13:34:33.572,1.1547,1.15484,1.15,1.50
2011.05.30 13:34:33.903,1.15472,1.1549,1.50,1.50
2011.05.30 13:34:34.851,1.15472,1.1549,1.15,1.50
2011.05.30 13:34:35.410,1.15471,1.15488,1.15,1.50
2011.05.30 13:34:41.981,1.15472,1.15487,1.15,1.50
2011.05.30 13:34:43.840,1.1547,1.15487,2.65,1.50
2011.05.30 13:34:55.760,1.1547,1.15487,1.90,1.50
2011.05.30 13:35:02.896,1.15475,1.15491,1.50,3.00
2011.05.30 13:35:03.017,1.15477,1.15492,1.50,1.50
2011.05.30 13:35:03.352,1.15478,1.15494,1.50,1.50
2011.05.30 13:35:03.463,1.1548,1.15495,1.50,1.50
2011.05.30 13:35:04.020,1.1548,1.15497,1.50,1.50
2011.05.30 13:35:05.009,1.1548,1.15497,1.50,1.50
2011.05.30 13:35:05.540,1.1548,1.15497,1.50,1.50
2011.05.30 13:35:08.357,1.1548,1.15497,1.50,1.50
2011.05.30 13:35:08.909,1.1548,1.15497,1.50,1.50
2011.05.30 13:35:09.020,1.1548,1.15497,1.50,1.50
2011.05.30 13:35:12.261,1.15478,1.15494,1.50,1.50
2011.05.30 13:35:14.020,1.15478,1.15494,1.50,1.50
2011.05.30 13:35:14.570,1.15478,1.15495,1.50,1.50
2011.05.30 13:35:18.030,1.15478,1.15496,1.50,1.50
2011.05.30 13:35:18.579,1.15479,1.15497,1.90,1.50
2011.05.30 13:35:19.299,1.1548,1.15497,1.50,1.50
2011.05.30 13:35:20.881,1.15482,1.15498,1.90,1.50
2011.05.30 13:35:22.842,1.15482,1.155,1.90,1.50
2011.05.30 13:35:23.391,1.15483,1.155,1.15,1.50
2011.05.30 13:35:23.940,1.15484,1.15501,1.90,1.50
2011.05.30 13:35:24.854,1.15484,1.155,1.15,1.50
2011.05.30 13:35:25.210,1.15484,1.155,1.15,1.50
2011.05.30 13:35:29.563,1.15488,1.15505,1.50,2.25
2011.05.30 13:35:29.903,1.15493,1.15508,1.13,2.25
2011.05.30 13:35:30.022,1.15497,1.15513,1.50,1.50
2011.05.30 13:35:30.241,1.15497,1.15514,1.50,1.50
2011.05.30 13:35:31.260,1.15497,1.15514,1.50,1.50
2011.05.30 13:35:31.479,1.15497,1.15514,1.50,1.50
2011.05.30 13:35:32.180,1.15497,1.15514,1.50,1.50
2011.05.30 13:35:32.732,1.15494,1.15505,1.15,1.50
2011.05.30 13:35:32.843,1.15496,1.1551,1.15,1.50
2011.05.30 13:35:33.070,1.15494,1.1551,1.15,1.50
2011.05.30 13:35:33.181,1.15493,1.15509,1.15,1.50
2011.05.30 13:35:33.511,1.15492,1.15509,1.90,1.50
2011.05.30 13:35:33.731,1.1549,1.15506,2.65,1.50
2011.05.30 13:35:34.829,1.1549,1.15506,2.65,1.50
2011.05.30 13:35:35.600,1.1549,1.15506,2.65,1.50
2011.05.30 13:35:36.150,1.1549,1.15506,2.65,1.50
2011.05.30 13:35:37.040,1.1549,1.15503,1.90,1.13
2011.05.30 13:35:37.371,1.15486,1.15502,1.15,1.50
2011.05.30 13:35:37.481,1.15485,1.15502,1.90,1.50
2011.05.30 13:35:37.921,1.15486,1.15503,1.52,3.00
2011.05.30 13:35:38.032,1.15487,1.15503,1.90,2.25
2011.05.30 13:35:38.660,1.15487,1.15504,1.90,1.50
2011.05.30 13:35:40.460,1.15489,1.15506,1.90,1.50
2011.05.30 13:35:40.572,1.15489,1.15505,1.15,1.88
2011.05.30 13:35:40.681,1.15487,1.15505,1.50,1.88
2011.05.30 13:35:41.900,1.15486,1.15501,1.90,1.50
2011.05.30 13:35:42.671,1.15486,1.15504,3.02,1.50
2011.05.30 13:35:42.893,1.15488,1.15506,2.27,1.50
2011.05.30 13:35:43.233,1.15489,1.15507,1.50,1.88
2011.05.30 13:35:46.216,1.15489,1.15507,1.50,1.50
2011.05.30 13:35:47.541,1.1549,1.15506,1.50,1.50
2011.05.30 13:35:48.574,1.15489,1.15508,3.00,1.50
2011.05.30 13:35:51.810,1.1549,1.15508,1.50,1.50
2011.05.30 13:35:53.351,1.15489,1.15505,2.25,1.88
2011.05.30 13:35:53.790,1.15487,1.15505,4.15,1.88
2011.05.30 13:35:54.450,1.15488,1.15508,1.90,1.88
2011.05.30 13:35:57.601,1.15488,1.15508,1.90,1.88
2011.05.30 13:35:59.141,1.15488,1.15508,1.90,4.13
2011.05.30 13:36:00.071,1.1549,1.15508,1.15,1.50
2011.05.30 13:36:01.612,1.1549,1.15508,1.15,1.88
2011.05.30 13:36:02.600,1.1549,1.15508,1.15,1.50
2011.05.30 13:36:04.080,1.15492,1.1551,1.15,2.63
2011.05.30 13:36:04.851,1.15493,1.15511,1.15,1.50
2011.05.30 13:36:05.183,1.15494,1.15512,1.88,1.50
2011.05.30 13:36:05.307,1.15495,1.15513,1.50,3.00
2011.05.30 13:36:05.422,1.15497,1.15513,1.90,3.00
2011.05.30 13:36:06.333,1.15502,1.15518,1.15,1.88
2011.05.30 13:36:06.460,1.15504,1.15521,2.27,1.50
2011.05.30 13:36:06.573,1.15506,1.15523,4.13,1.50
2011.05.30 13:36:06.692,1.15506,1.15525,3.75,1.13
2011.05.30 13:36:07.021,1.15506,1.15523,2.25,1.88
2011.05.30 13:36:07.243,1.15501,1.15521,3.00,1.88
2011.05.30 13:36:07.364,1.155,1.15519,2.25,1.13
2011.05.30 13:36:07.702,1.15498,1.15517,3.00,1.50
2011.05.30 13:36:07.810,1.15498,1.15516,3.00,1.50
2011.05.30 13:36:08.034,1.15499,1.15517,1.15,1.50
2011.05.30 13:36:09.251,1.15499,1.1552,1.15,2.25
2011.05.30 13:36:10.221,1.155,1.1552,1.50,4.88
2011.05.30 13:36:10.975,1.155,1.1552,2.65,1.13
2011.05.30 13:36:11.532,1.15501,1.15521,2.65,3.38
2011.05.30 13:36:11.861,1.15504,1.15524,2.27,1.50
2011.05.30 13:36:12.301,1.15504,1.15524,1.90,1.88
2011.05.30 13:36:13.401,1.15504,1.15521,1.15,1.50
2011.05.30 13:36:13.842,1.15502,1.15521,2.25,1.50
2011.05.30 13:36:14.171,1.155,1.15517,2.25,1.50
2011.05.30 13:36:20.942,1.15502,1.1552,1.50,1.50
2011.05.30 13:36:21.052,1.15503,1.15521,1.13,1.50
2011.05.30 13:36:21.601,1.15503,1.15521,1.13,1.50
2011.05.30 13:36:22.811,1.15501,1.15521,4.15,1.50
2011.05.30 13:36:23.849,1.15501,1.1552,1.90,1.50
2011.05.30 13:36:24.400,1.15501,1.1552,4.15,1.50
2011.05.30 13:36:25.422,1.15501,1.1552,1.90,1.50
2011.05.30 13:36:25.971,1.15501,1.1552,1.90,1.50
2011.05.30 13:36:27.910,1.15501,1.15517,1.15,1.50
2011.05.30 13:36:30.013,1.15498,1.15516,3.75,1.13
2011.05.30 13:36:30.132,1.15497,1.15516,1.90,1.13
2011.05.30 13:36:30.241,1.15497,1.15517,1.90,3.75
2011.05.30 13:36:30.461,1.155,1.1552,1.13,2.25
2011.05.30 13:36:30.573,1.15508,1.1552,1.50,1.50
2011.05.30 13:36:30.693,1.15508,1.15525,1.50,1.50
2011.05.30 13:36:31.253,1.15506,1.15524,1.15,1.50
2011.05.30 13:36:31.361,1.15505,1.15523,3.00,1.50
2011.05.30 13:36:31.910,1.15506,1.15524,1.50,1.50
2011.05.30 13:36:32.932,1.15507,1.15524,1.50,1.50
2011.05.30 13:36:33.921,1.15505,1.15522,2.25,1.50
2011.05.30 13:36:35.241,1.15505,1.15521,2.25,1.50
2011.05.30 13:36:37.352,1.15505,1.15521,1.50,1.50
2011.05.30 13:36:42.851,1.15504,1.15521,1.90,1.50
2011.05.30 13:36:43.402,1.15502,1.1552,3.40,1.50
2011.05.30 13:36:44.900,1.15502,1.15522,3.77,1.50
2011.05.30 13:36:45.011,1.15506,1.15523,1.50,1.50
2011.05.30 13:36:45.124,1.15506,1.15525,1.88,1.50
2011.05.30 13:36:45.244,1.15507,1.15526,1.50,1.50
2011.05.30 13:36:45.692,1.15506,1.15523,2.25,1.50
2011.05.30 13:36:47.310,1.15504,1.15522,3.00,1.50
2011.05.30 13:36:50.240,1.15504,1.15523,3.00,1.50
2011.05.30 13:36:52.044,1.15502,1.15522,1.52,1.50
2011.05.30 13:36:52.161,1.15502,1.15522,1.52,1.50
2011.05.30 13:36:52.710,1.15502,1.15522,1.52,1.50
2011.05.30 13:36:53.814,1.15502,1.1552,1.15,1.50
2011.05.30 13:36:53.930,1.15501,1.15515,1.50,1.13
2011.05.30 13:36:54.155,1.15497,1.15515,2.65,1.88
2011.05.30 13:36:55.044,1.15497,1.15516,2.65,1.50
2011.05.30 13:36:56.039,1.15497,1.15515,2.65,1.50
2011.05.30 13:36:56.150,1.15497,1.15515,2.65,1.50
2011.05.30 13:36:56.375,1.15497,1.15507,1.90,1.13
2011.05.30 13:36:56.494,1.15491,1.15507,1.15,1.13
2011.05.30 13:36:56.612,1.15491,1.15503,1.15,1.13
2011.05.30 13:36:56.724,1.15487,1.15503,2.25,1.13
2011.05.30 13:36:56.953,1.15487,1.15503,3.00,1.50
2011.05.30 13:36:57.292,1.15489,1.15504,1.15,1.50
2011.05.30 13:36:58.282,1.15486,1.15504,1.90,1.50
2011.05.30 13:36:59.490,1.15486,1.15505,1.90,1.50
2011.05.30 13:37:01.056,1.15486,1.15506,1.90,1.50
2011.05.30 13:37:01.394,1.15489,1.15507,1.15,1.50
2011.05.30 13:37:01.951,1.1549,1.15506,1.90,1.50
2011.05.30 13:37:02.611,1.1549,1.15504,1.90,1.50
2011.05.30 13:37:04.922,1.1549,1.15508,1.15,1.88
2011.05.30 13:37:05.939,1.15491,1.15508,1.15,1.50
2011.05.30 13:37:06.711,1.15491,1.15506,1.15,1.50
2011.05.30 13:37:07.260,1.15489,1.15505,2.65,1.50
2011.05.30 13:37:07.481,1.15491,1.15509,1.90,1.50
2011.05.30 13:37:07.591,1.15492,1.15509,1.15,1.50
2011.05.30 13:37:08.832,1.15493,1.1551,1.15,1.50
2011.05.30 13:37:10.040,1.15492,1.15509,1.15,1.50
2011.05.30 13:37:10.483,1.15495,1.15512,1.15,1.50
2011.05.30 13:37:11.031,1.15496,1.15513,1.15,1.13
2011.05.30 13:37:11.253,1.15493,1.1551,1.90,1.13
2011.05.30 13:37:11.482,1.1549,1.1551,5.65,1.13
2011.05.30 13:37:12.141,1.15489,1.15507,3.00,1.13
2011.05.30 13:37:12.691,1.15489,1.15507,1.90,1.13
2011.05.30 13:37:14.505,1.15489,1.15507,1.15,1.13
2011.05.30 13:37:15.970,1.15492,1.1551,1.15,1.50
2011.05.30 13:37:16.851,1.15491,1.15508,1.90,1.50
2011.05.30 13:37:17.401,1.15491,1.15508,1.15,1.50
2011.05.30 13:37:17.642,1.1549,1.15508,1.15,1.88
2011.05.30 13:37:22.812,1.1549,1.15508,1.15,1.88
2011.05.30 13:37:23.802,1.1549,1.15504,1.15,1.50
2011.05.30 13:37:24.349,1.1549,1.15505,1.15,1.50
2011.05.30 13:37:25.342,1.15492,1.15507,1.15,1.50
2011.05.30 13:37:25.459,1.15493,1.15509,1.15,1.50
2011.05.30 13:37:26.563,1.15493,1.15509,1.90,1.50
2011.05.30 13:37:26.673,1.15495,1.15511,1.15,1.50
2011.05.30 13:37:27.660,1.15494,1.15511,1.15,1.50
2011.05.30 13:37:28.982,1.15494,1.1551,1.90,1.50
2011.05.30 13:37:31.423,1.15496,1.15512,1.15,1.50
2011.05.30 13:37:31.771,1.15501,1.15518,1.15,1.50
2011.05.30 13:37:32.321,1.15501,1.15519,1.15,1.50
2011.05.30 13:37:32.887,1.15498,1.15518,3.38,1.50
2011.05.30 13:37:33.007,1.15497,1.15515,2.65,1.50
2011.05.30 13:37:35.134,1.15496,1.15515,2.25,1.50
2011.05.30 13:37:35.361,1.15496,1.15511,1.50,1.50
2011.05.30 13:37:35.911,1.15495,1.15511,1.15,1.50
2011.05.30 13:37:36.352,1.15497,1.15511,1.15,1.50
2011.05.30 13:37:38.421,1.15494,1.15511,2.65,1.50
2011.05.30 13:37:39.850,1.15494,1.15511,1.90,1.50
2011.05.30 13:37:41.351,1.15496,1.15511,1.15,1.50
2011.05.30 13:37:43.372,1.15495,1.15512,1.15,1.50
2011.05.30 13:37:43.811,1.15494,1.15511,2.65,2.25
2011.05.30 13:37:44.141,1.15492,1.15509,2.25,1.50
2011.05.30 13:37:49.590,1.15491,1.15507,1.15,1.50
2011.05.30 13:38:02.240,1.15491,1.15507,1.15,1.50
2011.05.30 13:38:02.791,1.15491,1.15509,1.15,1.50
2011.05.30 13:38:03.370,1.15491,1.15507,1.15,1.50
2011.05.30 13:38:04.581,1.1549,1.15506,1.15,1.50
2011.05.30 13:38:10.621,1.15488,1.15508,1.88,1.50
2011.05.30 13:38:10.951,1.15492,1.1551,1.13,3.00
2011.05.30 13:38:11.062,1.15492,1.1551,1.13,1.50
2011.05.30 13:38:11.172,1.1549,1.1551,1.50,1.50
2011.05.30 13:38:11.391,1.15493,1.15509,1.15,1.50
2011.05.30 13:38:12.052,1.15489,1.15506,1.13,2.25
2011.05.30 13:38:12.603,1.15489,1.15506,1.13,2.25
2011.05.30 13:38:12.942,1.15493,1.1551,1.15,2.25
2011.05.30 13:38:13.381,1.15493,1.15509,1.15,1.50
2011.05.30 13:38:13.821,1.15493,1.15509,1.15,2.25
2011.05.30 13:38:14.370,1.15489,1.15507,1.13,1.50
2011.05.30 13:38:14.813,1.15488,1.15506,1.13,1.50
2011.05.30 13:38:15.150,1.15488,1.15504,1.13,2.25
2011.05.30 13:38:15.886,1.15484,1.155,2.65,1.13
2011.05.30 13:38:16.222,1.15479,1.15498,1.15,1.50
2011.05.30 13:38:18.813,1.15483,1.15499,1.15,1.50
2011.05.30 13:38:19.260,1.15484,1.15499,1.15,1.50
2011.05.30 13:38:19.701,1.15484,1.15499,1.15,1.50
2011.05.30 13:38:20.802,1.15487,1.15504,1.15,3.75
2011.05.30 13:38:21.023,1.15486,1.15503,1.15,1.50
2011.05.30 13:38:21.570,1.15489,1.15503,1.15,1.50
2011.05.30 13:38:22.781,1.1549,1.15508,1.52,1.50
2011.05.30 13:38:22.892,1.1549,1.15508,1.52,1.50
2011.05.30 13:38:23.111,1.1549,1.15508,1.52,1.50
2011.05.30 13:38:24.259,1.15489,1.15508,1.90,1.50
2011.05.30 13:38:24.372,1.15489,1.15508,1.90,1.50
2011.05.30 13:38:24.926,1.15492,1.1551,1.15,3.00
2011.05.30 13:38:25.481,1.15492,1.1551,1.15,3.00
2011.05.30 13:38:26.250,1.15492,1.1551,1.52,3.00
2011.05.30 13:38:26.801,1.15493,1.15511,1.50,1.50
2011.05.30 13:38:27.571,1.15494,1.15512,1.15,2.25
2011.05.30 13:38:28.232,1.15493,1.15509,1.90,1.50
2011.05.30 13:38:28.780,1.15493,1.15509,1.15,2.25
2011.05.30 13:38:29.112,1.15489,1.15507,2.25,2.25
2011.05.30 13:38:29.881,1.15488,1.15506,1.15,1.50
2011.05.30 13:38:30.432,1.15491,1.15509,1.52,1.50
2011.05.30 13:38:30.761,1.15491,1.15509,1.13,1.50
2011.05.30 13:38:31.749,1.15494,1.15513,1.15,1.50
2011.05.30 13:38:32.852,1.15494,1.15513,1.52,1.50
2011.05.30 13:38:33.552,1.15494,1.15509,1.15,1.50
2011.05.30 13:38:33.990,1.15491,1.15505,1.13,2.25
2011.05.30 13:38:35.532,1.15491,1.15505,1.13,2.25
2011.05.30 13:38:35.642,1.15487,1.15505,1.13,3.00
2011.05.30 13:38:35.862,1.15487,1.15505,1.13,3.00
2011.05.30 13:38:36.192,1.1549,1.15505,1.13,2.25
2011.05.30 13:38:36.740,1.15489,1.15505,1.13,2.25
2011.05.30 13:38:38.281,1.15489,1.15505,1.13,2.25
2011.05.30 13:38:39.592,1.15494,1.1551,1.15,1.50
2011.05.30 13:38:42.292,1.15494,1.1551,1.15,1.50
2011.05.30 13:38:47.952,1.15493,1.15505,1.15,1.13
2011.05.30 13:38:48.061,1.15493,1.15509,1.15,4.50
2011.05.30 13:38:48.283,1.1549,1.15506,1.15,1.50
2011.05.30 13:38:49.382,1.15491,1.15509,2.27,3.00
2011.05.30 13:38:49.493,1.15491,1.1551,2.27,2.25
2011.05.30 13:38:49.712,1.15492,1.15511,1.15,1.50
2011.05.30 13:38:50.485,1.15492,1.15506,1.15,1.50
2011.05.30 13:38:51.090,1.15491,1.15506,1.50,1.50
2011.05.30 13:38:51.433,1.15485,1.15502,1.90,1.50
2011.05.30 13:38:51.981,1.15488,1.15506,1.50,1.50
2011.05.30 13:38:52.530,1.15487,1.15506,1.50,1.50
2011.05.30 13:38:56.834,1.15487,1.15506,1.15,2.25
2011.05.30 13:38:56.953,1.15486,1.15503,2.25,1.50
2011.05.30 13:38:59.141,1.15484,1.15502,1.15,1.50
2011.05.30 13:39:01.670,1.15486,1.15504,1.13,3.00
2011.05.30 13:39:02.222,1.15486,1.15504,1.13,3.00
2011.05.30 13:39:02.893,1.15487,1.15503,1.15,2.25
2011.05.30 13:39:04.861,1.15487,1.15503,1.15,2.25
2011.05.30 13:39:06.523,1.15486,1.15504,1.13,1.50
2011.05.30 13:39:07.080,1.15486,1.15505,3.77,1.50
2011.05.30 13:39:07.771,1.15486,1.15506,3.77,1.50
2011.05.30 13:39:08.543,1.15488,1.15506,1.50,1.50
2011.05.30 13:39:09.093,1.15489,1.15505,1.15,1.50
2011.05.30 13:39:10.063,1.15487,1.15505,1.15,1.50
2011.05.30 13:39:10.405,1.15489,1.15507,1.13,1.50
2011.05.30 13:39:10.524,1.15489,1.15507,1.13,1.50
2011.05.30 13:39:10.861,1.1549,1.15507,1.15,1.50
2011.05.30 13:39:18.172,1.1549,1.15507,1.15,1.50
2011.05.30 13:39:18.392,1.15489,1.15505,2.65,1.50
2011.05.30 13:39:18.501,1.15489,1.15505,2.65,1.50
2011.05.30 13:39:19.166,1.15485,1.15503,1.13,1.50
2011.05.30 13:39:19.384,1.15484,1.15501,2.25,1.50
2011.05.30 13:39:19.506,1.15478,1.15499,4.15,1.50
2011.05.30 13:39:21.662,1.15477,1.15496,2.25,2.25
2011.05.30 13:39:24.100,1.15477,1.15496,1.50,2.63
2011.05.30 13:39:24.435,1.15472,1.15489,1.13,1.50
2011.05.30 13:39:24.992,1.15472,1.15489,1.13,1.50
2011.05.30 13:39:27.862,1.15475,1.15492,1.50,6.00
2011.05.30 13:39:28.410,1.15474,1.15493,3.40,2.25
2011.05.30 13:39:36.172,1.15474,1.15493,1.15,2.25
2011.05.30 13:39:36.720,1.15474,1.15492,1.15,2.25
2011.05.30 13:39:42.300,1.15476,1.15492,1.13,1.50
2011.05.30 13:39:42.410,1.15476,1.15494,1.13,3.00
2011.05.30 13:39:42.744,1.15474,1.15494,1.50,1.50
2011.05.30 13:39:48.230,1.15475,1.15493,1.13,2.25
2011.05.30 13:39:54.691,1.15476,1.15495,1.13,1.50
2011.05.30 13:39:56.201,1.15476,1.15496,1.13,3.00
2011.05.30 13:39:57.009,1.15482,1.15499,1.90,2.25
2011.05.30 13:40:03.542,1.15481,1.15498,2.25,1.50
2011.05.30 13:40:04.533,1.15479,1.1549,1.15,2.25
2011.05.30 13:40:04.641,1.15478,1.15492,1.13,1.50
2011.05.30 13:40:04.751,1.15483,1.15492,1.13,1.50
2011.05.30 13:40:04.862,1.15483,1.155,1.13,1.50
2011.05.30 13:40:05.081,1.15483,1.15503,1.13,1.50
2011.05.30 13:40:06.592,1.15487,1.15504,1.50,1.50
2011.05.30 13:40:06.815,1.15491,1.15506,1.50,2.25
2011.05.30 13:40:08.360,1.15491,1.15507,1.50,1.88
2011.05.30 13:40:12.185,1.15491,1.15507,2.25,1.50
2011.05.30 13:40:12.303,1.15494,1.15509,1.50,1.50
2011.05.30 13:40:14.777,1.15493,1.1551,2.25,1.50
2011.05.30 13:40:15.852,1.15493,1.1551,3.00,1.50
2011.05.30 13:40:15.962,1.15494,1.1551,1.50,1.50
2011.05.30 13:40:16.510,1.15493,1.15511,2.25,1.50
2011.05.30 13:40:18.052,1.15493,1.15509,1.50,1.13
2011.05.30 13:40:18.381,1.1549,1.15508,2.25,1.50
2011.05.30 13:40:19.821,1.1549,1.15506,3.00,1.50
2011.05.30 13:40:22.901,1.1549,1.15507,1.50,1.13
2011.05.30 13:40:25.231,1.15489,1.15504,1.50,1.50
2011.05.30 13:40:27.690,1.15489,1.15503,1.50,1.13
2011.05.30 13:40:29.341,1.15489,1.15503,2.25,1.13
2011.05.30 13:40:29.891,1.15489,1.15503,1.50,1.13
2011.05.30 13:40:34.540,1.15489,1.15503,1.50,1.50
2011.05.30 13:40:36.550,1.15489,1.15505,1.50,1.50
2011.05.30 13:40:38.941,1.15489,1.15506,2.25,2.25
2011.05.30 13:40:46.721,1.15489,1.15504,1.50,1.88
2011.05.30 13:40:48.801,1.1549,1.15504,1.50,1.50
2011.05.30 13:40:49.024,1.1549,1.15508,1.50,4.13
2011.05.30 13:40:49.582,1.15492,1.15507,1.50,1.50
2011.05.30 13:40:55.040,1.15492,1.15508,3.00,1.50
2011.05.30 13:40:55.151,1.15492,1.15508,3.00,1.50
2011.05.30 13:41:00.090,1.15492,1.1551,2.25,1.50
2011.05.30 13:41:03.902,1.15493,1.1551,1.50,1.50
2011.05.30 13:41:04.452,1.15496,1.15512,1.50,1.50
2011.05.30 13:41:04.562,1.15497,1.15513,1.50,1.50
2011.05.30 13:41:05.112,1.15499,1.15515,1.15,1.50
2011.05.30 13:41:05.660,1.15499,1.15517,1.15,1.50
2011.05.30 13:41:10.800,1.155,1.15517,1.50,1.50
2011.05.30 13:41:11.461,1.15501,1.15517,1.50,1.50
2011.05.30 13:41:12.711,1.15501,1.15518,1.50,1.50
2011.05.30 13:41:13.043,1.15501,1.1552,1.88,1.50
2011.05.30 13:41:13.592,1.15499,1.15518,4.90,1.50
2011.05.30 13:41:13.814,1.15499,1.15516,2.25,1.50
2011.05.30 13:41:16.541,1.15498,1.15514,2.25,1.50
2011.05.30 13:41:16.651,1.15498,1.15512,1.50,1.50
2011.05.30 13:41:17.758,1.15498,1.15515,1.50,1.50
2011.05.30 13:41:18.321,1.15498,1.15515,1.50,1.50
2011.05.30 13:41:18.762,1.15498,1.15518,4.13,1.50
2011.05.30 13:41:18.870,1.15498,1.15519,4.13,1.50
2011.05.30 13:41:19.421,1.15498,1.15518,6.02,1.50
2011.05.30 13:41:20.086,1.15498,1.15518,6.02,1.50
2011.05.30 13:41:21.740,1.15498,1.15517,4.90,1.50
2011.05.30 13:41:22.402,1.15498,1.15513,1.50,1.13
2011.05.30 13:41:23.061,1.15495,1.15511,3.00,1.50
2011.05.30 13:41:23.502,1.15497,1.15513,1.50,1.50
2011.05.30 13:41:24.052,1.15496,1.15513,1.50,1.50
2011.05.30 13:41:24.161,1.15495,1.15512,3.00,1.50
2011.05.30 13:41:24.919,1.15495,1.15511,1.50,1.88
2011.05.30 13:41:25.912,1.15493,1.1551,1.50,1.50
2011.05.30 13:41:26.243,1.15494,1.1551,3.00,1.50
2011.05.30 13:41:27.231,1.15494,1.15511,2.25,1.50
2011.05.30 13:41:27.563,1.15494,1.15511,2.25,1.50
2011.05.30 13:41:28.232,1.15494,1.15511,2.25,1.50
2011.05.30 13:41:29.381,1.15494,1.1551,1.50,1.88
2011.05.30 13:41:31.928,1.15491,1.15508,1.50,3.00
2011.05.30 13:41:32.501,1.15492,1.15508,1.50,1.50
2011.05.30 13:41:33.330,1.15497,1.15516,1.90,1.50
2011.05.30 13:41:37.042,1.15502,1.15518,1.50,1.50
2011.05.30 13:41:39.281,1.15501,1.15519,1.50,1.50
2011.05.30 13:41:39.882,1.15504,1.15521,1.13,1.50
2011.05.30 13:41:40.100,1.15504,1.15524,1.13,4.50
2011.05.30 13:41:41.570,1.15503,1.15522,1.13,2.25
2011.05.30 13:41:42.123,1.15503,1.15522,1.13,1.50
2011.05.30 13:41:42.353,1.15501,1.1552,2.25,1.13
2011.05.30 13:41:43.014,1.15502,1.15519,1.50,1.50
2011.05.30 13:41:43.243,1.15504,1.15522,1.50,1.50
2011.05.30 13:41:45.151,1.15504,1.15524,1.13,1.50
2011.05.30 13:41:46.894,1.15509,1.15526,1.13,3.00
2011.05.30 13:41:47.123,1.15508,1.15529,1.90,4.13
2011.05.30 13:41:47.462,1.15505,1.15525,2.63,1.50
2011.05.30 13:41:47.572,1.15505,1.15523,2.25,1.50
2011.05.30 13:41:48.993,1.15506,1.15523,1.50,1.50
2011.05.30 13:41:54.730,1.15506,1.15526,1.50,1.50
2011.05.30 13:41:56.652,1.15508,1.15528,1.13,1.50
2011.05.30 13:41:57.310,1.15508,1.15527,1.13,1.50
2011.05.30 13:41:58.449,1.15507,1.15526,2.25,1.50
2011.05.30 13:42:01.250,1.15507,1.15527,1.88,2.25
2011.05.30 13:42:07.932,1.15506,1.15524,2.25,1.50
2011.05.30 13:42:09.973,1.15506,1.15525,4.50,1.50
2011.05.30 13:42:13.750,1.15506,1.15527,5.27,1.50
2011.05.30 13:42:14.300,1.1551,1.15527,1.15,1.50
2011.05.30 13:42:17.101,1.15509,1.15528,1.15,1.13
2011.05.30 13:42:24.354,1.15505,1.15522,2.25,1.50
2011.05.30 13:42:25.029,1.15509,1.15521,1.13,1.50
2011.05.30 13:42:25.144,1.15512,1.15531,1.15,5.25
2011.05.30 13:42:25.263,1.15512,1.15531,1.15,5.25
2011.05.30 13:42:25.371,1.15515,1.15532,1.13,5.25
2011.05.30 13:42:25.594,1.15515,1.15533,1.13,1.35
2011.05.30 13:42:26.040,1.15515,1.15533,1.13,2.10
2011.05.30 13:42:26.832,1.15513,1.15532,3.00,1.50
2011.05.30 13:42:28.512,1.15514,1.15532,1.13,1.50
2011.05.30 13:42:28.955,1.15517,1.15534,1.13,1.50
2011.05.30 13:42:29.595,1.15517,1.15536,2.63,1.35
2011.05.30 13:42:29.934,1.15517,1.15533,2.25,1.50
2011.05.30 13:42:30.274,1.1552,1.15536,1.13,1.35
2011.05.30 13:42:30.612,1.15519,1.15536,3.00,1.35
2011.05.30 13:42:30.943,1.15517,1.15534,3.75,1.13
2011.05.30 13:42:31.501,1.15515,1.15532,4.50,1.50
2011.05.30 13:42:32.162,1.15515,1.15534,2.25,1.50
2011.05.30 13:42:35.183,1.15515,1.1553,1.50,1.13
2011.05.30 13:42:35.723,1.15514,1.1553,2.48,1.13
2011.05.30 13:42:36.272,1.15512,1.1553,2.48,2.63
2011.05.30 13:42:36.712,1.15512,1.1553,2.48,1.50
2011.05.30 13:42:37.681,1.15514,1.1553,1.50,1.50
2011.05.30 13:42:39.886,1.15511,1.15529,1.73,1.13
2011.05.30 13:42:40.004,1.15511,1.15531,1.35,1.50
2011.05.30 13:42:40.453,1.15513,1.15532,3.23,1.50
2011.05.30 13:42:41.011,1.15513,1.15532,3.23,1.50
2011.05.30 13:42:41.561,1.15514,1.15532,1.50,1.50
2011.05.30 13:42:42.731,1.15514,1.15533,1.50,1.35
2011.05.30 13:42:50.181,1.15513,1.15532,2.25,2.25
2011.05.30 13:42:50.512,1.15513,1.15529,3.00,1.35
2011.05.30 13:42:52.173,1.15514,1.15532,1.88,2.85
2011.05.30 13:42:52.282,1.15514,1.15534,1.88,3.00
2011.05.30 13:42:52.394,1.15515,1.15529,1.50,2.25
2011.05.30 13:42:52.622,1.15516,1.15535,1.13,1.50
2011.05.30 13:42:54.653,1.15514,1.15535,3.00,2.10
2011.05.30 13:42:56.192,1.15512,1.15531,1.50,1.35
2011.05.30 13:42:56.521,1.15509,1.15525,2.25,1.50
2011.05.30 13:42:57.841,1.15507,1.15525,3.00,1.50
2011.05.30 13:42:58.282,1.1551,1.15529,3.00,2.63
2011.05.30 13:42:58.611,1.15509,1.15527,1.73,1.13
2011.05.30 13:43:00.482,1.15509,1.15527,1.50,1.88
2011.05.30 13:43:00.592,1.15509,1.15527,1.50,1.88
2011.05.30 13:43:00.812,1.15511,1.15529,1.50,1.88
2011.05.30 13:43:01.416,1.15511,1.15529,1.73,1.13
2011.05.30 13:43:01.862,1.15516,1.15531,1.50,1.35
2011.05.30 13:43:02.305,1.15519,1.15534,1.50,1.35
2011.05.30 13:43:02.533,1.15519,1.15536,1.50,2.10
2011.05.30 13:43:02.971,1.15517,1.15536,1.50,3.60
2011.05.30 13:43:03.301,1.15517,1.15536,1.50,3.83
2011.05.30 13:43:04.071,1.15517,1.15536,1.50,3.60
2011.05.30 13:43:04.290,1.15518,1.15536,1.50,3.60
2011.05.30 13:43:05.061,1.15517,1.15535,1.50,1.13
2011.05.30 13:43:05.390,1.15517,1.15531,1.50,1.35
2011.05.30 13:43:06.791,1.15516,1.15535,1.50,1.73
2011.05.30 13:43:07.971,1.15516,1.15535,1.50,1.35
2011.05.30 13:43:10.313,1.15516,1.15535,1.15,1.73
2011.05.30 13:43:11.520,1.15517,1.15534,1.50,1.50
2011.05.30 13:43:13.141,1.15516,1.15534,1.50,1.50
2011.05.30 13:43:13.691,1.15514,1.15534,1.50,1.50
2011.05.30 13:43:13.912,1.15514,1.15531,1.50,1.35
2011.05.30 13:43:14.461,1.15514,1.1553,1.50,1.35
2011.05.30 13:43:19.254,1.15514,1.15532,1.88,1.35
2011.05.30 13:43:19.593,1.15519,1.15536,1.13,4.50
2011.05.30 13:43:20.151,1.15521,1.15538,1.50,3.00
2011.05.30 13:43:26.182,1.15516,1.15536,1.90,2.10
2011.05.30 13:43:26.513,1.15513,1.15532,1.15,1.13
2011.05.30 13:43:27.209,1.15512,1.15531,1.50,1.50
2011.05.30 13:43:27.324,1.15514,1.15531,1.50,1.50
2011.05.30 13:43:28.381,1.15515,1.15531,1.50,1.50
2011.05.30 13:43:29.730,1.15515,1.15532,1.50,1.35
2011.05.30 13:43:30.280,1.15515,1.15532,1.50,1.35
2011.05.30 13:43:31.270,1.15515,1.15532,1.50,1.35
2011.05.30 13:43:31.710,1.15515,1.15532,1.50,1.35
2011.05.30 13:43:36.870,1.15515,1.15532,1.50,2.10
2011.05.30 13:43:40.810,1.15513,1.15532,1.50,2.10
2011.05.30 13:43:41.692,1.15514,1.15532,1.50,2.10
2011.05.30 13:43:42.022,1.15514,1.15532,1.50,1.13
2011.05.30 13:43:42.243,1.15515,1.15535,1.50,2.25
2011.05.30 13:43:46.991,1.15513,1.15534,1.50,1.13
2011.05.30 13:43:51.260,1.15514,1.15535,1.50,1.50
2011.05.30 13:43:55.130,1.15514,1.15535,1.88,1.50
2011.05.30 13:43:56.439,1.15514,1.15535,1.50,1.50
2011.05.30 13:44:00.304,1.15514,1.15535,1.50,1.88
2011.05.30 13:44:01.631,1.15516,1.15534,1.73,1.50
2011.05.30 13:44:02.181,1.15517,1.15534,1.73,1.50
2011.05.30 13:44:02.291,1.15517,1.15534,1.73,1.50
2011.05.30 13:44:02.841,1.15517,1.15534,1.73,1.50
2011.05.30 13:44:03.371,1.15517,1.15534,1.73,1.50
2011.05.30 13:44:03.924,1.15518,1.15534,1.73,1.50
2011.05.30 13:44:06.452,1.1552,1.15535,1.50,1.50
2011.05.30 13:44:07.484,1.1552,1.15537,1.50,1.50
2011.05.30 13:44:10.332,1.1552,1.15538,1.50,1.50
2011.05.30 13:44:11.321,1.15518,1.15538,1.13,2.25
2011.05.30 13:44:11.431,1.15518,1.15538,1.13,2.25
2011.05.30 13:44:11.652,1.15515,1.15533,1.52,1.50
2011.05.30 13:44:11.765,1.15515,1.15533,1.52,1.50
2011.05.30 13:44:12.323,1.15515,1.15533,1.13,1.50
2011.05.30 13:44:13.312,1.15515,1.15531,1.13,1.50
2011.05.30 13:44:14.191,1.15515,1.15532,1.13,1.50
2011.05.30 13:44:16.038,1.15513,1.15532,3.38,1.50
2011.05.30 13:44:16.592,1.15515,1.15532,1.13,1.50
2011.05.30 13:44:17.141,1.15515,1.15531,1.13,1.50
2011.05.30 13:44:17.582,1.15515,1.15529,1.13,1.50
2011.05.30 13:44:17.693,1.15511,1.15527,3.75,1.13
2011.05.30 13:44:17.911,1.15507,1.15523,1.15,1.50
2011.05.30 13:44:18.025,1.15505,1.15523,3.00,1.50
2011.05.30 13:44:18.582,1.15507,1.15523,3.00,1.50
2011.05.30 13:44:19.130,1.15507,1.15523,3.00,1.50
2011.05.30 13:44:19.461,1.15507,1.15523,3.00,1.50
2011.05.30 13:44:19.570,1.15507,1.15523,3.00,1.50
2011.05.30 13:44:21.808,1.15506,1.15524,5.27,1.50
2011.05.30 13:44:22.691,1.1551,1.15529,1.13,1.50
2011.05.30 13:44:23.023,1.1551,1.1553,1.13,1.50
2011.05.30 13:44:23.351,1.15514,1.15535,1.88,5.25
2011.05.30 13:44:27.061,1.15515,1.15534,3.00,1.50
2011.05.30 13:44:27.612,1.15513,1.15533,5.27,1.50
2011.05.30 13:44:28.166,1.15513,1.15532,2.65,1.50
2011.05.30 13:44:29.158,1.15515,1.15533,3.00,1.50
2011.05.30 13:44:29.276,1.15514,1.15534,1.13,1.50
2011.05.30 13:44:29.505,1.15513,1.15533,1.13,1.50
2011.05.30 13:44:30.061,1.15513,1.15533,1.13,1.50
2011.05.30 13:44:30.610,1.15513,1.15533,3.38,1.50
2011.05.30 13:44:31.271,1.15513,1.15533,3.38,1.50
2011.05.30 13:44:31.602,1.15515,1.15533,1.13,1.50
2011.05.30 13:44:32.046,1.15511,1.15529,2.25,1.50
2011.05.30 13:44:32.164,1.15511,1.15527,1.50,1.13
2011.05.30 13:44:32.392,1.15508,1.15526,3.75,1.50
2011.05.30 13:44:33.051,1.15508,1.15527,4.50,2.25
2011.05.30 13:44:33.276,1.15508,1.15528,2.63,1.50
2011.05.30 13:44:33.946,1.1551,1.15528,1.15,1.50
2011.05.30 13:44:34.512,1.15511,1.1553,5.25,1.35
2011.05.30 13:44:34.842,1.15512,1.15531,1.13,1.50
2011.05.30 13:44:36.491,1.15511,1.1553,2.63,1.50
2011.05.30 13:44:53.701,1.15516,1.15532,1.50,1.50
2011.05.30 13:44:53.922,1.15514,1.1553,1.50,1.50
2011.05.30 13:44:54.032,1.15513,1.1553,1.50,1.50
2011.05.30 13:45:00.930,1.15513,1.15532,1.50,1.50
2011.05.30 13:45:06.750,1.15516,1.15532,1.50,1.50
2011.05.30 13:45:09.872,1.15513,1.15532,1.50,1.88
2011.05.30 13:45:11.191,1.15511,1.15529,1.50,1.13
2011.05.30 13:45:12.761,1.15511,1.15527,1.50,1.50
2011.05.30 13:45:13.867,1.15512,1.15531,1.50,1.50
2011.05.30 13:45:16.393,1.15513,1.15532,1.50,1.50
2011.05.30 13:45:17.492,1.15513,1.15533,1.50,1.50
2011.05.30 13:45:17.601,1.15513,1.15533,1.50,1.88
2011.05.30 13:45:19.031,1.15513,1.15529,1.50,1.50
2011.05.30 13:45:19.911,1.1551,1.15527,1.50,1.50
2011.05.30 13:45:24.142,1.15512,1.1553,1.13,1.50
2011.05.30 13:45:24.471,1.15514,1.15535,1.88,3.00
2011.05.30 13:45:25.572,1.1552,1.15536,1.13,3.00
2011.05.30 13:45:25.794,1.15523,1.1554,1.50,2.10
2011.05.30 13:45:26.351,1.15523,1.1554,1.50,1.35
2011.05.30 13:45:26.793,1.15522,1.1554,1.50,1.35
2011.05.30 13:45:27.342,1.15522,1.1554,1.50,1.35
2011.05.30 13:45:27.921,1.15521,1.1554,1.90,1.35
2011.05.30 13:45:34.871,1.15523,1.15544,2.27,3.00
2011.05.30 13:45:40.861,1.15524,1.15544,1.50,3.38
2011.05.30 13:45:42.311,1.15525,1.15544,1.50,3.00
2011.05.30 13:45:46.142,1.15524,1.15544,1.50,3.75
2011.05.30 13:45:47.283,1.15525,1.15544,1.13,3.75
2011.05.30 13:45:50.192,1.15523,1.15539,1.15,1.13
2011.05.30 13:45:50.415,1.15521,1.15538,1.90,1.13
2011.05.30 13:45:50.646,1.15521,1.1554,1.52,2.25
2011.05.30 13:45:50.983,1.15521,1.15541,1.50,1.13
2011.05.30 13:45:51.203,1.15523,1.15544,1.50,3.75
2011.05.30 13:46:07.215,1.15528,1.15547,1.13,3.75
2011.05.30 13:46:08.323,1.15527,1.15547,1.50,1.50
2011.05.30 13:46:09.445,1.15526,1.15548,1.88,5.63
2011.05.30 13:46:10.882,1.15527,1.15546,1.13,1.50
2011.05.30 13:46:19.533,1.15529,1.15548,1.13,5.10
2011.05.30 13:46:20.080,1.15528,1.15548,1.88,3.98
2011.05.30 13:46:20.921,1.15528,1.15547,1.50,1.73
2011.05.30 13:46:26.491,1.15528,1.15546,1.50,1.13
2011.05.30 13:46:27.526,1.15527,1.15547,1.13,2.03
2011.05.30 13:46:31.561,1.15528,1.15548,2.27,2.03
2011.05.30 13:46:31.894,1.15534,1.15548,1.50,1.28
2011.05.30 13:46:32.221,1.15533,1.15547,1.50,1.05
2011.05.30 13:46:32.332,1.15533,1.15547,1.20,1.50
2011.05.30 13:46:32.853,1.15533,1.15551,1.39,1.13
2011.05.30 13:46:33.109,1.15533,1.15551,1.39,1.13
2011.05.30 13:46:40.041,1.15532,1.15551,1.39,1.13
2011.05.30 13:46:41.206,1.15532,1.15551,1.79,1.13
2011.05.30 13:46:42.092,1.15533,1.15551,1.39,1.13
2011.05.30 13:46:42.422,1.15534,1.15551,1.15,1.13
2011.05.30 13:46:42.531,1.15534,1.15553,1.15,1.13
2011.05.30 13:46:43.082,1.15534,1.15553,1.15,1.13
2011.05.30 13:46:46.022,1.15534,1.15551,1.34,1.13
2011.05.30 13:46:46.133,1.15533,1.15551,1.50,1.13
2011.05.30 13:46:54.771,1.15533,1.15553,1.15,4.13
2011.05.30 13:47:00.944,1.15531,1.1555,1.90,2.25
2011.05.30 13:47:03.711,1.15531,1.1555,1.90,2.63
2011.05.30 13:47:07.881,1.15531,1.1555,1.90,2.25
2011.05.30 13:47:09.641,1.15531,1.15549,1.90,1.13
2011.05.30 13:47:10.083,1.15527,1.15539,1.15,1.13
2011.05.30 13:47:10.628,1.15527,1.15544,1.15,1.13
2011.05.30 13:47:11.075,1.15531,1.15545,1.13,1.50
2011.05.30 13:47:11.304,1.15533,1.1555,1.50,1.50
2011.05.30 13:47:11.852,1.15534,1.15552,1.50,2.25
2011.05.30 13:47:12.982,1.15534,1.15552,1.50,2.25
2011.05.30 13:47:19.931,1.15533,1.15551,1.90,1.13
2011.05.30 13:47:20.042,1.15533,1.15551,1.15,1.13
2011.05.30 13:47:20.153,1.15534,1.15552,1.13,3.75
2011.05.30 13:47:21.822,1.15533,1.15551,3.75,1.13
2011.05.30 13:47:21.935,1.1553,1.1555,1.90,1.13
2011.05.30 13:47:22.491,1.1553,1.1555,1.15,3.38
2011.05.30 13:47:23.161,1.1553,1.15549,1.15,2.25
2011.05.30 13:47:27.521,1.15528,1.15547,1.90,1.13
2011.05.30 13:47:28.841,1.15528,1.15547,1.90,1.13
2011.05.30 13:47:29.391,1.15527,1.15547,1.15,1.13
2011.05.30 13:47:30.061,1.15527,1.15548,1.15,1.50
2011.05.30 13:47:30.514,1.15532,1.15549,1.13,2.25
2011.05.30 13:47:30.635,1.15531,1.1555,1.50,1.50
2011.05.30 13:47:31.191,1.1553,1.1555,1.50,2.25
2011.05.30 13:47:34.005,1.15528,1.15543,2.25,1.50
2011.05.30 13:47:34.126,1.15521,1.15541,4.52,1.50
2011.05.30 13:47:34.242,1.15521,1.1554,1.88,1.50
2011.05.30 13:47:37.911,1.15524,1.1554,1.50,1.50
2011.05.30 13:47:38.021,1.15524,1.15541,1.50,1.50
2011.05.30 13:47:38.681,1.15524,1.1554,1.50,1.50
2011.05.30 13:47:39.362,1.15524,1.1554,1.50,1.50
2011.05.30 13:47:39.581,1.15524,1.1554,1.50,1.50
2011.05.30 13:47:40.132,1.15524,1.1554,1.50,1.50
2011.05.30 13:47:40.680,1.15524,1.15539,1.50,1.50
2011.05.30 13:47:43.181,1.15524,1.15539,1.50,2.25
2011.05.30 13:47:44.280,1.15524,1.15539,1.50,2.25
2011.05.30 13:47:45.320,1.15524,1.15539,1.50,2.25
2011.05.30 13:47:45.871,1.15523,1.15539,1.50,2.25
2011.05.30 13:47:46.422,1.15524,1.15539,1.50,1.50
2011.05.30 13:47:47.004,1.15524,1.15539,1.50,1.50
2011.05.30 13:47:50.622,1.15524,1.15542,1.50,1.88
2011.05.30 13:47:51.063,1.15527,1.15543,1.50,1.50
2011.05.30 13:47:51.611,1.15527,1.15544,1.50,1.50
2011.05.30 13:47:52.162,1.15529,1.15545,1.50,1.50
2011.05.30 13:47:52.603,1.15525,1.15544,1.50,1.50
2011.05.30 13:47:52.822,1.15525,1.15544,1.50,1.50
2011.05.30 13:47:53.044,1.15526,1.15544,1.50,1.50
2011.05.30 13:47:53.382,1.15526,1.15544,1.50,1.50
2011.05.30 13:47:54.481,1.15526,1.15544,1.50,1.50
2011.05.30 13:47:55.058,1.15529,1.15545,1.50,1.50
2011.05.30 13:47:55.622,1.15529,1.15547,1.50,1.13
2011.05.30 13:47:56.611,1.15527,1.15547,1.50,1.13
2011.05.30 13:47:56.831,1.15527,1.15547,1.50,1.13
2011.05.30 13:47:57.380,1.15527,1.15547,1.50,1.13
2011.05.30 13:47:58.521,1.15529,1.15547,1.50,1.13
2011.05.30 13:47:59.461,1.15529,1.15547,1.50,1.13
2011.05.30 13:48:06.641,1.15529,1.15545,1.50,1.50
2011.05.30 13:48:08.414,1.15531,1.15546,1.50,2.25
2011.05.30 13:48:09.081,1.15528,1.15548,1.50,1.88
2011.05.30 13:48:10.730,1.15529,1.15548,1.50,1.50
2011.05.30 13:48:10.952,1.15526,1.15543,1.90,3.38
2011.05.30 13:48:11.063,1.15529,1.15547,1.50,3.75
2011.05.30 13:48:11.285,1.15528,1.15546,1.50,1.50
2011.05.30 13:48:11.407,1.15529,1.15548,1.50,1.50
2011.05.30 13:48:11.961,1.15529,1.15548,1.50,1.50
2011.05.30 13:48:12.511,1.15529,1.15548,1.50,1.50
2011.05.30 13:48:13.393,1.15525,1.15542,4.50,1.13
2011.05.30 13:48:13.505,1.15524,1.15542,2.65,1.13
2011.05.30 13:48:13.843,1.15526,1.15543,1.50,2.25
2011.05.30 13:48:13.953,1.15529,1.15543,2.25,2.25
2011.05.30 13:48:14.064,1.15529,1.15547,2.25,1.50
2011.05.30 13:48:14.620,1.15529,1.15547,1.50,1.50
2011.05.30 13:48:14.842,1.15531,1.15547,1.50,1.50
2011.05.30 13:48:14.953,1.15525,1.15544,4.15,1.13
2011.05.30 13:48:15.062,1.15527,1.15545,1.50,1.13
2011.05.30 13:48:15.611,1.15527,1.15544,1.50,1.50
2011.05.30 13:48:16.054,1.15525,1.1554,1.15,1.13
2011.05.30 13:48:16.172,1.15526,1.15543,1.50,1.50
2011.05.30 13:48:17.043,1.15526,1.15544,1.50,1.50
2011.05.30 13:48:17.591,1.15528,1.15544,1.50,1.50
2011.05.30 13:48:20.912,1.15524,1.1554,1.50,1.13
2011.05.30 13:48:21.022,1.15524,1.15542,2.63,1.50
2011.05.30 13:48:21.791,1.15528,1.15542,1.50,1.50
2011.05.30 13:48:25.732,1.15524,1.1554,3.00,1.13
2011.05.30 13:48:25.842,1.15522,1.1554,1.50,1.13
2011.05.30 13:48:25.953,1.15525,1.15545,3.75,3.00
2011.05.30 13:48:26.063,1.15527,1.15546,1.50,1.50
2011.05.30 13:48:27.869,1.15529,1.15547,1.50,2.63
2011.05.30 13:48:28.643,1.15529,1.15548,1.50,1.50
2011.05.30 13:48:30.941,1.15528,1.15548,1.50,1.50
2011.05.30 13:48:32.154,1.15528,1.15548,1.50,1.50
2011.05.30 13:48:32.702,1.15527,1.15547,1.50,1.13
2011.05.30 13:48:33.250,1.15527,1.15545,1.50,1.50
2011.05.30 13:48:34.243,1.15527,1.15543,1.50,1.50
2011.05.30 13:48:36.182,1.15526,1.15542,1.50,1.50
2011.05.30 13:48:38.382,1.15526,1.15542,1.50,1.50
2011.05.30 13:48:38.933,1.15526,1.15541,1.50,1.50
2011.05.30 13:48:40.582,1.15526,1.15541,1.50,1.50
2011.05.30 13:48:41.142,1.15526,1.15541,1.50,1.50
2011.05.30 13:48:41.691,1.15526,1.15542,1.50,1.50
2011.05.30 13:48:45.591,1.15523,1.15541,1.50,1.50
2011.05.30 13:48:46.141,1.15525,1.15541,1.50,1.50
2011.05.30 13:48:47.243,1.15525,1.15541,1.50,1.50
2011.05.30 13:48:47.902,1.15525,1.15541,1.50,1.50
2011.05.30 13:48:48.457,1.15525,1.15541,1.50,1.50
2011.05.30 13:48:49.010,1.15525,1.15541,1.50,1.50
2011.05.30 13:48:49.561,1.15526,1.15542,1.50,1.50
2011.05.30 13:48:50.554,1.15525,1.15541,1.50,1.50
2011.05.30 13:48:51.652,1.15525,1.15541,1.50,2.25
2011.05.30 13:48:52.201,1.15525,1.15541,1.50,1.50
2011.05.30 13:48:53.221,1.15526,1.15541,1.50,1.50
2011.05.30 13:48:53.781,1.15526,1.15542,1.50,1.50
2011.05.30 13:49:07.653,1.15526,1.15542,1.50,1.50
2011.05.30 13:49:08.201,1.15526,1.15544,1.50,2.25
2011.05.30 13:49:08.751,1.15526,1.15545,1.50,1.50
2011.05.30 13:49:09.302,1.15528,1.15544,1.50,1.50
2011.05.30 13:49:09.851,1.15527,1.15545,1.50,1.50
2011.05.30 13:49:15.400,1.15522,1.15541,1.50,1.88
2011.05.30 13:49:16.299,1.15518,1.15538,1.50,1.50
2011.05.30 13:49:17.402,1.1552,1.15537,1.50,1.50
2011.05.30 13:49:17.952,1.15519,1.15539,1.50,2.25
2011.05.30 13:49:19.271,1.15519,1.15537,1.50,1.50
2011.05.30 13:49:21.472,1.15519,1.15537,1.50,1.50
2011.05.30 13:49:22.021,1.15519,1.15538,1.50,1.50
2011.05.30 13:49:30.481,1.15519,1.15537,1.50,1.50
2011.05.30 13:49:31.352,1.15519,1.15536,1.50,1.50
2011.05.30 13:49:31.901,1.15519,1.15537,1.50,1.50
2011.05.30 13:49:34.781,1.15519,1.15536,1.50,1.50
2011.05.30 13:49:37.971,1.15518,1.15535,1.50,1.50
2011.05.30 13:49:40.172,1.15516,1.15532,1.50,1.50
2011.05.30 13:49:40.951,1.15516,1.15532,1.50,1.50
2011.05.30 13:49:41.065,1.15516,1.15532,1.50,1.50
2011.05.30 13:49:42.722,1.15516,1.15534,1.50,2.25
2011.05.30 13:49:43.274,1.15517,1.15535,1.50,1.50
2011.05.30 13:49:43.604,1.1552,1.15536,1.50,2.25
2011.05.30 13:49:46.283,1.15522,1.15538,1.50,1.50
2011.05.30 13:49:49.080,1.1552,1.15537,1.50,1.50
2011.05.30 13:49:50.682,1.15518,1.15536,1.50,1.88
2011.05.30 13:49:51.014,1.15516,1.15533,1.50,1.88
2011.05.30 13:49:51.355,1.15516,1.15535,2.25,3.00
2011.05.30 13:49:51.911,1.15518,1.15537,1.15,2.63
2011.05.30 13:49:52.462,1.15518,1.15535,1.90,1.50
2011.05.30 13:49:53.404,1.15518,1.15535,1.15,1.50
2011.05.30 13:49:54.402,1.15516,1.15536,4.13,1.50
2011.05.30 13:49:55.061,1.1552,1.15536,1.50,1.50
2011.05.30 13:49:55.955,1.15519,1.15538,1.50,2.25
2011.05.30 13:49:58.602,1.15519,1.15538,1.50,1.50
2011.05.30 13:49:59.152,1.15519,1.15539,1.50,1.88
2011.05.30 13:49:59.741,1.15519,1.15539,1.50,1.88
2011.05.30 13:50:00.272,1.1552,1.15539,1.50,1.50
2011.05.30 13:50:01.262,1.15517,1.15536,1.15,1.13
2011.05.30 13:50:02.143,1.1552,1.15538,1.15,1.13
2011.05.30 13:50:02.691,1.1552,1.15538,2.65,1.13
2011.05.30 13:50:02.912,1.1552,1.15538,2.65,1.13
2011.05.30 13:50:03.565,1.1552,1.15538,1.90,1.13
2011.05.30 13:50:03.686,1.15521,1.1554,1.50,1.13
2011.05.30 13:50:05.563,1.1552,1.1554,1.90,1.13
2011.05.30 13:50:06.112,1.15519,1.1554,1.50,6.38
2011.05.30 13:50:06.226,1.15518,1.15536,1.90,1.13
2011.05.30 13:50:06.562,1.15518,1.15536,1.90,1.13
2011.05.30 13:50:07.111,1.15518,1.15536,1.90,1.13
2011.05.30 13:50:08.042,1.15521,1.1554,1.50,3.38
2011.05.30 13:50:22.174,1.15519,1.15537,1.50,1.13
2011.05.30 13:50:22.283,1.15518,1.15538,4.15,1.50
2011.05.30 13:50:23.272,1.15522,1.1554,1.50,3.00
2011.05.30 13:50:23.492,1.15522,1.1554,1.50,1.50
2011.05.30 13:50:23.825,1.15522,1.1554,4.13,1.50
2011.05.30 13:50:26.131,1.15526,1.15543,1.50,1.50
2011.05.30 13:50:26.792,1.15524,1.15542,1.50,1.13
2011.05.30 13:50:26.904,1.15524,1.15542,1.50,1.13
2011.05.30 13:50:32.704,1.15524,1.15542,2.25,1.13
2011.05.30 13:50:32.813,1.15525,1.15543,2.25,1.50
2011.05.30 13:50:33.144,1.15527,1.15545,1.50,3.00
2011.05.30 13:50:33.487,1.15522,1.15539,1.50,1.13
2011.05.30 13:50:33.607,1.15521,1.15539,1.50,1.13
2011.05.30 13:50:33.723,1.15518,1.15536,1.50,1.13
2011.05.30 13:50:33.836,1.15519,1.15538,1.13,1.13
2011.05.30 13:50:33.954,1.15519,1.15538,1.13,1.13
2011.05.30 13:50:34.957,1.15518,1.15538,2.25,1.88
2011.05.30 13:50:35.296,1.15515,1.15532,1.15,1.88
2011.05.30 13:50:35.417,1.15514,1.1553,1.50,1.50
2011.05.30 13:50:35.540,1.15514,1.15525,1.50,1.13
2011.05.30 13:50:35.767,1.15507,1.15525,1.50,1.13
2011.05.30 13:50:35.889,1.15507,1.15525,1.50,1.13
2011.05.30 13:50:36.225,1.15508,1.15528,1.50,1.13
2011.05.30 13:50:38.322,1.15508,1.15529,1.50,3.00
2011.05.30 13:50:39.204,1.15506,1.15524,1.52,3.00
2011.05.30 13:50:39.547,1.15504,1.15522,2.25,1.88
2011.05.30 13:50:40.221,1.15504,1.15521,1.50,1.13
2011.05.30 13:50:40.336,1.15501,1.15521,1.50,1.13
2011.05.30 13:50:40.674,1.15502,1.15522,1.50,4.13
2011.05.30 13:50:41.001,1.15503,1.15522,1.50,3.00
2011.05.30 13:50:41.555,1.15506,1.15524,1.50,1.13
2011.05.30 13:50:42.671,1.15507,1.15525,1.50,1.50
2011.05.30 13:50:47.491,1.15506,1.15525,1.50,1.50
2011.05.30 13:50:50.592,1.15507,1.15524,1.50,1.50
2011.05.30 13:50:51.695,1.15502,1.15519,1.50,1.13
2011.05.30 13:50:52.277,1.15499,1.15509,2.25,1.50
2011.05.30 13:50:52.401,1.15483,1.15501,4.90,1.13
2011.05.30 13:50:52.513,1.15483,1.15501,4.15,1.13
2011.05.30 13:50:52.736,1.15483,1.15503,1.15,1.88
2011.05.30 13:50:53.512,1.15485,1.15503,1.50,1.13
2011.05.30 13:50:53.736,1.15487,1.15505,1.50,3.38
2011.05.30 13:50:54.403,1.15491,1.15505,1.13,2.25
2011.05.30 13:50:54.956,1.15489,1.15507,3.00,1.13
2011.05.30 13:50:55.074,1.15492,1.1551,1.50,3.00
2011.05.30 13:50:55.295,1.15493,1.15511,1.50,2.25
2011.05.30 13:50:55.633,1.1549,1.15508,1.50,1.13
2011.05.30 13:50:56.184,1.1549,1.15508,1.50,1.13
2011.05.30 13:50:56.825,1.15492,1.15511,1.50,4.13
2011.05.30 13:50:58.052,1.1549,1.1551,1.50,1.13
2011.05.30 13:50:58.601,1.1549,1.1551,1.50,1.13
2011.05.30 13:51:02.853,1.15487,1.15507,4.15,1.50
2011.05.30 13:51:07.833,1.15486,1.15506,3.40,1.13
2011.05.30 13:51:08.164,1.15487,1.15505,1.88,1.35
2011.05.30 13:51:08.492,1.15486,1.15501,1.15,1.35
2011.05.30 13:51:08.823,1.15487,1.15505,1.50,2.85
2011.05.30 13:51:10.200,1.15485,1.15501,1.50,1.35
2011.05.30 13:51:11.526,1.15483,1.155,1.50,1.35
2011.05.30 13:51:11.865,1.1548,1.15494,1.50,1.35
2011.05.30 13:51:11.984,1.15478,1.15494,1.50,1.35
2011.05.30 13:51:12.903,1.15478,1.15494,1.50,1.35
2011.05.30 13:51:13.122,1.15479,1.15495,1.13,1.35
2011.05.30 13:51:13.343,1.15481,1.15498,1.50,2.85
2011.05.30 13:51:14.442,1.15483,1.15498,1.50,1.35
2011.05.30 13:51:14.991,1.15482,1.15498,1.50,1.35
2011.05.30 13:51:17.123,1.15482,1.15498,1.50,1.35
2011.05.30 13:51:17.562,1.15482,1.15498,1.50,1.35
2011.05.30 13:51:17.892,1.15484,1.155,1.50,1.35
2011.05.30 13:51:19.583,1.15485,1.15502,1.13,2.10
2011.05.30 13:51:19.694,1.15485,1.15503,1.13,1.35
2011.05.30 13:51:21.362,1.15486,1.15502,1.50,1.35
2011.05.30 13:51:22.572,1.15486,1.15503,1.50,1.35
2011.05.30 13:51:26.422,1.15487,1.15503,1.50,1.35
2011.05.30 13:51:32.172,1.15486,1.15502,1.50,1.35
2011.05.30 13:51:33.683,1.15485,1.15502,1.15,1.35
2011.05.30 13:51:36.991,1.15485,1.15502,1.15,1.35
2011.05.30 13:51:41.745,1.15487,1.15505,1.13,1.35
2011.05.30 13:51:42.084,1.15491,1.15509,1.15,2.10
2011.05.30 13:51:43.182,1.15491,1.1551,2.65,1.50
2011.05.30 13:51:44.503,1.15489,1.15508,3.00,1.13
2011.05.30 13:51:44.725,1.15488,1.15506,1.50,1.50
2011.05.30 13:51:44.846,1.15487,1.15505,1.50,1.88
2011.05.30 13:51:45.768,1.15486,1.15503,1.50,1.50
2011.05.30 13:51:46.103,1.15484,1.15504,2.25,1.13
2011.05.30 13:51:50.644,1.15484,1.15504,2.25,1.13
2011.05.30 13:51:54.275,1.15484,1.155,1.50,1.50
2011.05.30 13:51:54.395,1.15483,1.15499,1.15,1.88
2011.05.30 13:51:54.733,1.1548,1.15498,1.15,1.50
2011.05.30 13:51:55.284,1.15479,1.15498,1.50,2.25
2011.05.30 13:51:56.123,1.15479,1.15497,1.50,1.13
2011.05.30 13:52:06.323,1.15478,1.15491,1.15,1.13
2011.05.30 13:52:06.436,1.15472,1.15488,1.50,1.50
2011.05.30 13:52:06.666,1.15469,1.15483,2.25,1.88
2011.05.30 13:52:06.786,1.15466,1.15482,5.25,1.50
2011.05.30 13:52:06.906,1.15465,1.1548,2.25,1.13
2011.05.30 13:52:07.245,1.15463,1.1548,2.25,1.13
2011.05.30 13:52:08.343,1.15463,1.1548,1.15,1.13
2011.05.30 13:52:08.950,1.15468,1.15484,1.50,1.50
2011.05.30 13:52:09.064,1.15464,1.15484,1.90,1.88
2011.05.30 13:52:09.186,1.15464,1.15484,1.90,1.88
2011.05.30 13:52:10.183,1.15464,1.15484,1.90,1.88
2011.05.30 13:52:10.515,1.15466,1.15484,1.50,1.13
2011.05.30 13:52:12.354,1.15466,1.15486,1.90,1.13
2011.05.30 13:52:14.343,1.15467,1.15487,1.50,1.13
2011.05.30 13:52:14.565,1.15467,1.15487,1.50,1.13
2011.05.30 13:52:15.566,1.15471,1.15488,1.50,1.50
2011.05.30 13:52:17.253,1.15474,1.15493,1.50,1.88
2011.05.30 13:52:20.403,1.15474,1.15489,1.15,1.13
2011.05.30 13:52:20.514,1.15472,1.1549,1.50,1.50
2011.05.30 13:52:20.623,1.15469,1.15487,1.50,1.13
2011.05.30 13:52:21.062,1.15469,1.15487,1.50,1.13
2011.05.30 13:52:21.612,1.15469,1.15487,1.50,1.13
2011.05.30 13:52:22.215,1.15469,1.15487,1.50,1.13
2011.05.30 13:52:22.333,1.15469,1.15487,1.50,1.13
2011.05.30 13:52:22.774,1.15468,1.15484,1.15,1.13
2011.05.30 13:52:23.296,1.15468,1.15486,1.50,1.13
2011.05.30 13:52:24.073,1.15468,1.15485,1.15,1.13
2011.05.30 13:52:25.192,1.15468,1.15488,1.90,1.13
2011.05.30 13:52:25.854,1.1547,1.15489,1.50,1.50
2011.05.30 13:52:26.402,1.15472,1.15491,1.50,1.35
2011.05.30 13:52:26.734,1.15474,1.15491,1.50,1.35
2011.05.30 13:52:27.283,1.15474,1.15491,1.50,1.35
2011.05.30 13:52:27.833,1.15474,1.15491,1.50,1.35
2011.05.30 13:52:28.497,1.15473,1.15491,1.50,1.73
2011.05.30 13:52:29.054,1.15473,1.15491,1.50,2.85
2011.05.30 13:52:34.812,1.15472,1.15491,1.50,2.85
2011.05.30 13:52:35.693,1.15476,1.15493,1.50,1.50
2011.05.30 13:52:35.912,1.15474,1.15493,1.90,1.13
2011.05.30 13:52:36.023,1.15474,1.15494,2.65,1.50
2011.05.30 13:52:36.352,1.15474,1.15492,2.65,1.13
2011.05.30 13:52:41.388,1.15474,1.15488,1.15,1.13
2011.05.30 13:52:41.616,1.15471,1.15488,2.25,1.13
2011.05.30 13:52:42.065,1.15473,1.15491,1.50,1.13
2011.05.30 13:52:42.395,1.15475,1.15493,2.25,1.50
2011.05.30 13:52:42.944,1.15477,1.15494,1.50,1.13
2011.05.30 13:52:43.492,1.15476,1.15494,1.50,1.13
2011.05.30 13:52:44.104,1.15476,1.15494,1.50,1.13
2011.05.30 13:52:45.352,1.15476,1.15491,1.50,1.13
2011.05.30 13:52:45.689,1.15467,1.15486,3.40,1.13
2011.05.30 13:52:45.804,1.15466,1.15486,2.65,1.13
2011.05.30 13:52:46.354,1.15466,1.15486,1.15,1.13
2011.05.30 13:52:46.464,1.15466,1.15486,1.90,1.13
2011.05.30 13:52:49.344,1.15469,1.15488,1.90,2.25
2011.05.30 13:52:51.673,1.15469,1.15488,1.15,1.13
2011.05.30 13:52:52.665,1.15471,1.1549,3.00,2.25
2011.05.30 13:52:52.992,1.15472,1.1549,1.50,2.25
2011.05.30 13:53:00.583,1.15471,1.15489,3.40,1.13
2011.05.30 13:53:00.694,1.1547,1.15489,1.90,1.13
2011.05.30 13:53:01.243,1.15469,1.15489,1.50,1.13
2011.05.30 13:53:03.464,1.15469,1.15489,1.50,4.88
2011.05.30 13:53:05.778,1.15468,1.15486,1.50,1.13
2011.05.30 13:53:06.444,1.15468,1.15486,1.50,1.13
2011.05.30 13:53:07.213,1.15468,1.15488,1.90,1.13
2011.05.30 13:53:10.084,1.15469,1.15488,1.15,1.50
2011.05.30 13:53:10.415,1.15469,1.15488,1.15,1.13
2011.05.30 13:53:13.583,1.15469,1.15486,1.15,1.13
2011.05.30 13:53:39.142,1.15469,1.15489,1.15,2.25
2011.05.30 13:53:39.476,1.15471,1.15489,1.15,1.50
2011.05.30 13:53:39.705,1.15477,1.15494,1.90,3.00
2011.05.30 13:53:39.924,1.15477,1.15496,1.90,3.00
2011.05.30 13:53:40.472,1.1548,1.15497,1.15,1.13
2011.05.30 13:53:41.023,1.1548,1.15498,1.90,1.13
2011.05.30 13:53:41.574,1.15479,1.15498,1.50,3.38
2011.05.30 13:53:41.903,1.15477,1.15495,1.15,1.13
2011.05.30 13:53:42.344,1.15477,1.15493,1.15,1.13
2011.05.30 13:53:42.672,1.15472,1.15493,1.50,1.73
2011.05.30 13:53:42.787,1.15471,1.1549,1.15,1.13
2011.05.30 13:53:43.232,1.1547,1.15489,1.50,3.00
2011.05.30 13:53:43.455,1.15468,1.15486,1.15,1.13
2011.05.30 13:53:43.892,1.15466,1.15486,1.50,1.13
2011.05.30 13:53:44.629,1.15466,1.15486,1.50,1.13
2011.05.30 13:53:45.733,1.15466,1.15486,1.50,1.13
2011.05.30 13:53:47.713,1.15466,1.15486,1.50,1.13
2011.05.30 13:53:48.263,1.15468,1.15486,1.15,1.13
2011.05.30 13:53:49.144,1.15467,1.15486,1.50,1.13
2011.05.30 13:53:49.693,1.15466,1.15486,1.50,1.13
2011.05.30 13:53:50.242,1.15466,1.15486,1.50,1.13
2011.05.30 13:53:51.375,1.15468,1.15489,1.15,4.13
2011.05.30 13:53:52.315,1.1547,1.1549,1.50,1.13
2011.05.30 13:53:52.654,1.15468,1.15486,1.90,1.13
2011.05.30 13:53:52.874,1.15471,1.15489,1.15,1.13
2011.05.30 13:53:54.194,1.15471,1.15489,1.15,1.13
2011.05.30 13:53:54.742,1.15471,1.15489,1.15,1.13
2011.05.30 13:53:55.295,1.15474,1.1549,1.15,1.13
2011.05.30 13:53:55.417,1.15479,1.15499,1.13,4.50
2011.05.30 13:53:55.536,1.15483,1.155,1.50,2.25
2011.05.30 13:53:55.763,1.15483,1.15499,1.50,2.25
2011.05.30 13:53:56.314,1.15483,1.15501,1.50,2.25
2011.05.30 13:53:57.084,1.15482,1.15501,1.15,3.38
2011.05.30 13:53:58.058,1.15483,1.15498,1.15,1.50
2011.05.30 13:53:58.289,1.15482,1.15498,1.15,1.50
2011.05.30 13:54:00.492,1.15476,1.15494,1.15,1.50
2011.05.30 13:54:01.485,1.15478,1.15496,1.15,1.50
2011.05.30 13:54:02.143,1.15477,1.15494,1.15,1.13
2011.05.30 13:54:02.364,1.15475,1.15494,3.75,1.13
2011.05.30 13:54:02.916,1.15473,1.15491,5.25,1.13
2011.05.30 13:54:05.217,1.15473,1.15489,2.25,1.13
2011.05.30 13:54:05.341,1.15473,1.15489,1.15,1.13
2011.05.30 13:54:06.442,1.15471,1.15489,1.50,1.13
2011.05.30 13:54:06.996,1.15469,1.15484,2.65,1.13
2011.05.30 13:54:07.229,1.15466,1.15483,1.15,1.50
2011.05.30 13:54:13.536,1.15466,1.15484,1.50,1.13
2011.05.30 13:54:13.654,1.15466,1.15485,1.50,2.25
2011.05.30 13:54:19.733,1.15467,1.15486,1.90,1.13
2011.05.30 13:54:20.283,1.15468,1.15486,1.90,1.13
2011.05.30 13:54:20.725,1.1547,1.15488,1.90,2.25
2011.05.30 13:54:32.935,1.15466,1.15485,1.90,1.50
2011.05.30 13:54:33.814,1.15466,1.15486,1.15,3.38
2011.05.30 13:54:34.362,1.15466,1.15485,1.15,1.13
2011.05.30 13:54:42.749,1.15457,1.15474,1.15,1.13
2011.05.30 13:54:42.868,1.15456,1.15474,1.50,1.13
2011.05.30 13:54:43.318,1.15459,1.15476,1.50,1.50
2011.05.30 13:54:43.654,1.15462,1.15477,1.50,3.00
2011.05.30 13:54:43.874,1.15463,1.15482,1.50,1.50
2011.05.30 13:54:44.425,1.15463,1.15482,1.50,1.50
2011.05.30 13:54:44.536,1.15462,1.15479,1.15,1.88
2011.05.30 13:54:44.763,1.1546,1.15479,1.50,2.63
2011.05.30 13:54:45.205,1.15458,1.15476,3.75,1.50
2011.05.30 13:54:46.213,1.15456,1.15474,1.50,1.50
2011.05.30 13:54:48.443,1.15457,1.15474,1.50,1.50
2011.05.30 13:54:50.473,1.15457,1.15474,1.50,1.50
2011.05.30 13:54:58.754,1.15457,1.15475,1.50,1.13
2011.05.30 13:55:01.514,1.15457,1.15475,1.50,1.13
2011.05.30 13:55:03.545,1.15456,1.15474,1.15,1.13
2011.05.30 13:55:03.671,1.15455,1.15474,1.15,1.88
2011.05.30 13:55:03.784,1.15453,1.15473,1.50,1.50
2011.05.30 13:55:04.994,1.15453,1.15473,1.50,1.13
2011.05.30 13:55:07.124,1.1546,1.15474,1.50,3.75
2011.05.30 13:55:07.346,1.15462,1.1548,1.50,3.00
2011.05.30 13:55:09.620,1.15464,1.15482,1.50,1.50
2011.05.30 13:55:12.865,1.15461,1.15479,3.40,1.50
2011.05.30 13:55:13.744,1.15457,1.15476,1.50,1.88
2011.05.30 13:55:15.963,1.15452,1.15474,4.52,3.38
2011.05.30 13:55:16.404,1.15456,1.15474,1.90,1.13
2011.05.30 13:55:16.516,1.1546,1.15476,1.50,1.50
2011.05.30 13:55:17.075,1.15458,1.15479,1.90,1.50
2011.05.30 13:55:18.129,1.15457,1.15471,1.15,1.13
2011.05.30 13:55:18.246,1.15453,1.15471,1.15,1.13
2011.05.30 13:55:18.475,1.1545,1.15471,5.25,1.13
2011.05.30 13:55:20.455,1.15453,1.15473,1.13,3.75
2011.05.30 13:55:20.575,1.15454,1.15473,1.50,3.00
2011.05.30 13:55:22.004,1.15456,1.15477,1.90,3.38
2011.05.30 13:55:24.204,1.15458,1.15477,1.13,2.25
2011.05.30 13:55:24.773,1.15458,1.15477,1.88,3.00
2011.05.30 13:55:25.332,1.15457,1.15476,1.13,3.00
2011.05.30 13:55:30.377,1.15459,1.15476,1.13,1.50
2011.05.30 13:55:30.932,1.15459,1.15479,1.13,2.25
2011.05.30 13:55:32.693,1.15462,1.1548,1.50,2.25
2011.05.30 13:55:33.414,1.15463,1.1548,1.13,1.50
2011.05.30 13:55:33.743,1.15462,1.15482,1.50,3.38
2011.05.30 13:55:33.853,1.15462,1.15482,1.50,3.38
2011.05.30 13:55:35.253,1.15462,1.1548,1.50,1.88
2011.05.30 13:55:36.023,1.15462,1.1548,1.50,1.13
2011.05.30 13:55:36.463,1.15462,1.15481,1.50,1.50
2011.05.30 13:55:37.012,1.15462,1.15482,1.50,3.38
2011.05.30 13:55:37.122,1.15462,1.15482,1.50,3.38
2011.05.30 13:55:37.674,1.15464,1.15482,2.25,3.00
2011.05.30 13:55:38.882,1.15463,1.15479,1.50,1.13
2011.05.30 13:55:38.998,1.15462,1.15479,2.25,1.13
2011.05.30 13:55:39.223,1.15459,1.15479,1.50,1.88
2011.05.30 13:55:39.774,1.15459,1.15476,1.50,1.50
2011.05.30 13:55:39.995,1.15456,1.15474,2.25,1.13
2011.05.30 13:55:40.324,1.15457,1.15474,1.50,1.13
2011.05.30 13:55:42.021,1.15457,1.15474,1.50,1.13
2011.05.30 13:55:42.467,1.15457,1.15474,1.50,1.13
2011.05.30 13:55:43.023,1.15455,1.15474,3.00,1.13
2011.05.30 13:55:43.793,1.15456,1.15474,1.50,1.13
2011.05.30 13:55:46.253,1.15456,1.15475,2.25,2.63
2011.05.30 13:55:46.364,1.15459,1.15475,1.50,2.63
2011.05.30 13:55:46.586,1.15459,1.15478,2.25,1.50
2011.05.30 13:55:47.144,1.15459,1.15479,2.25,3.38
2011.05.30 13:55:52.262,1.15461,1.15479,1.50,3.38
2011.05.30 13:55:53.913,1.15459,1.15475,1.50,1.13
2011.05.30 13:55:54.463,1.15459,1.15475,1.50,1.13
2011.05.30 13:55:58.065,1.15459,1.15477,2.25,1.13
2011.05.30 13:55:58.614,1.15459,1.15477,2.25,1.13
2011.05.30 13:55:59.653,1.15459,1.15477,2.25,1.13
2011.05.30 13:55:59.873,1.15459,1.15479,2.25,1.88
2011.05.30 13:56:05.352,1.1546,1.15478,2.25,2.25
2011.05.30 13:56:05.903,1.1546,1.15478,2.25,2.25
2011.05.30 13:56:06.562,1.1546,1.15478,2.25,2.25
2011.05.30 13:56:07.112,1.1546,1.15478,2.25,2.25
2011.05.30 13:56:07.222,1.1546,1.15478,2.25,2.25
2011.05.30 13:56:07.333,1.15462,1.15478,2.25,1.50
2011.05.30 13:56:07.774,1.15464,1.15481,1.90,2.25
2011.05.30 13:56:08.325,1.15465,1.15483,1.50,1.13
2011.05.30 13:56:08.544,1.15465,1.15484,2.25,2.25
2011.05.30 13:56:10.303,1.15464,1.1548,1.15,1.13
2011.05.30 13:56:10.634,1.15461,1.15477,1.15,1.13
2011.05.30 13:56:11.270,1.15458,1.15475,1.15,2.25
2011.05.30 13:56:11.934,1.15458,1.15475,1.15,2.25
2011.05.30 13:56:12.817,1.15457,1.15475,1.50,2.25
2011.05.30 13:56:13.373,1.15457,1.15475,1.50,2.25
2011.05.30 13:56:14.035,1.15456,1.15474,2.25,1.13
2011.05.30 13:56:14.475,1.15455,1.15472,2.25,1.13
2011.05.30 13:56:14.816,1.15455,1.15469,2.25,1.13
2011.05.30 13:56:15.372,1.15455,1.15469,1.50,1.13
2011.05.30 13:56:15.924,1.15451,1.15469,2.25,1.13
2011.05.30 13:56:16.035,1.15454,1.15472,1.50,1.13
2011.05.30 13:56:16.634,1.15451,1.1547,1.50,1.13
2011.05.30 13:56:16.736,1.15451,1.1547,3.00,1.13
2011.05.30 13:56:16.854,1.15451,1.1547,3.00,1.13
2011.05.30 13:56:17.403,1.15451,1.1547,1.50,1.13
2011.05.30 13:56:17.733,1.15451,1.15468,1.50,1.13
2011.05.30 13:56:18.503,1.15451,1.1547,1.50,1.13
2011.05.30 13:56:19.442,1.15451,1.1547,1.50,1.13
2011.05.30 13:56:19.993,1.15451,1.1547,1.50,1.13
2011.05.30 13:56:22.605,1.15452,1.1547,1.35,1.13
2011.05.30 13:56:23.153,1.15452,1.1547,1.35,1.13
2011.05.30 13:56:23.923,1.15452,1.1547,1.35,1.88
2011.05.30 13:56:25.181,1.15451,1.15464,1.35,1.88
2011.05.30 13:56:25.299,1.15449,1.15464,1.50,1.88
2011.05.30 13:56:25.418,1.15447,1.15464,3.00,3.75
2011.05.30 13:56:25.973,1.15445,1.15462,1.50,1.50
2011.05.30 13:56:26.086,1.15445,1.15462,1.50,2.25
2011.05.30 13:56:27.894,1.15444,1.15461,1.50,1.50
2011.05.30 13:56:28.227,1.15444,1.15459,1.50,1.50
2011.05.30 13:56:28.346,1.15437,1.15454,4.15,1.50
2011.05.30 13:56:29.564,1.15435,1.15452,1.50,2.25
2011.05.30 13:56:31.038,1.15437,1.15453,1.50,1.50
2011.05.30 13:56:31.596,1.15438,1.15455,1.50,1.50
2011.05.30 13:56:31.714,1.15438,1.15455,1.50,1.50
2011.05.30 13:56:32.262,1.15437,1.15453,1.50,1.50
2011.05.30 13:56:33.383,1.15437,1.15453,1.50,1.50
2011.05.30 13:56:33.934,1.15437,1.15453,1.50,1.50
2011.05.30 13:56:34.483,1.15436,1.15453,1.50,1.50
2011.05.30 13:56:36.464,1.15437,1.15454,1.50,1.50
2011.05.30 13:56:36.683,1.15437,1.15454,1.50,1.50
2011.05.30 13:56:37.232,1.15437,1.15454,1.50,1.50
2011.05.30 13:56:38.065,1.15438,1.15455,1.50,1.50
2011.05.30 13:56:38.514,1.15438,1.15455,1.50,1.50
2011.05.30 13:56:39.873,1.15435,1.15455,1.50,1.50
2011.05.30 13:56:41.193,1.15438,1.15456,1.50,2.63
2011.05.30 13:56:41.528,1.15436,1.15454,1.50,1.13
2011.05.30 13:56:41.647,1.15436,1.15456,1.13,4.50
2011.05.30 13:56:43.303,1.15436,1.15455,1.15,1.13
2011.05.30 13:56:43.414,1.15436,1.15456,1.90,1.50
2011.05.30 13:56:43.527,1.15438,1.15458,1.50,1.13
2011.05.30 13:56:45.426,1.15436,1.15457,1.15,2.25
2011.05.30 13:56:45.654,1.15437,1.15454,1.15,1.13
2011.05.30 13:56:45.764,1.15437,1.15456,1.90,1.13
2011.05.30 13:56:45.984,1.15438,1.15456,1.50,1.13
2011.05.30 13:56:48.479,1.15439,1.15457,1.50,1.50
2011.05.30 13:56:50.798,1.15439,1.15455,1.50,1.50
2011.05.30 13:56:51.134,1.15434,1.15451,1.90,1.35
2011.05.30 13:56:53.364,1.15433,1.1545,1.50,1.50
2011.05.30 13:56:54.243,1.1543,1.1545,3.75,1.88
2011.05.30 13:56:54.944,1.1543,1.15448,1.50,1.88
2011.05.30 13:56:55.061,1.1543,1.15445,1.50,1.50
2011.05.30 13:56:55.283,1.1543,1.15447,1.50,1.50
2011.05.30 13:56:55.618,1.15428,1.15445,1.50,1.50
2011.05.30 13:56:55.956,1.15426,1.15444,1.50,1.13
2011.05.30 13:56:56.513,1.15426,1.15444,1.50,1.13
2011.05.30 13:56:56.845,1.15426,1.15446,1.50,1.88
2011.05.30 13:56:57.395,1.15426,1.15446,1.50,1.88
2011.05.30 13:56:58.052,1.15428,1.15446,1.50,1.13
2011.05.30 13:57:02.797,1.15431,1.15447,1.50,1.50
2011.05.30 13:57:02.919,1.15432,1.15447,1.50,1.50
2011.05.30 13:57:03.158,1.15436,1.15453,1.50,3.00
2011.05.30 13:57:03.275,1.15433,1.15451,1.50,1.13
2011.05.30 13:57:04.603,1.15433,1.15452,1.50,3.75
2011.05.30 13:57:06.145,1.15435,1.15452,1.13,2.25
2011.05.30 13:57:06.255,1.15434,1.15455,3.00,1.88
2011.05.30 13:57:06.367,1.15437,1.15456,1.50,6.00
2011.05.30 13:57:08.623,1.15439,1.15455,1.50,1.50
2011.05.30 13:57:10.263,1.15435,1.15449,1.90,3.00
2011.05.30 13:57:10.594,1.15444,1.15456,1.13,2.10
2011.05.30 13:57:11.143,1.15442,1.15456,1.50,1.35
2011.05.30 13:57:12.572,1.15441,1.15456,1.50,1.35
2011.05.30 13:57:13.124,1.1544,1.15456,1.50,1.35
2011.05.30 13:57:13.673,1.15438,1.15456,1.50,2.10
2011.05.30 13:57:13.783,1.15438,1.15456,1.50,2.10
2011.05.30 13:57:17.263,1.15437,1.15454,1.50,1.50
2011.05.30 13:57:17.813,1.15435,1.15454,1.50,1.13
2011.05.30 13:57:18.362,1.15435,1.15452,1.50,3.00
2011.05.30 13:57:19.353,1.15435,1.15452,1.50,3.00
2011.05.30 13:57:19.946,1.15435,1.15452,1.50,3.00
2011.05.30 13:57:20.973,1.15434,1.15452,1.50,3.00
2011.05.30 13:57:21.195,1.15433,1.15449,1.15,1.13
2011.05.30 13:57:21.417,1.15432,1.15453,1.50,1.13
2011.05.30 13:57:21.537,1.15432,1.15453,1.50,1.13
2011.05.30 13:57:21.873,1.15435,1.15453,1.15,1.13
2011.05.30 13:57:22.314,1.15436,1.15455,1.50,2.63
2011.05.30 13:57:22.863,1.15438,1.15455,1.15,1.13
2011.05.30 13:57:23.692,1.15438,1.15455,1.15,1.13
2011.05.30 13:57:24.243,1.15438,1.15455,1.15,1.13
2011.05.30 13:57:24.685,1.15438,1.15453,1.15,1.13
2011.05.30 13:57:27.383,1.15435,1.15453,1.15,1.13
2011.05.30 13:57:27.714,1.15435,1.15453,1.15,3.38
2011.05.30 13:57:27.823,1.15435,1.15453,1.15,3.38
2011.05.30 13:57:28.383,1.15435,1.15452,1.15,1.13
2011.05.30 13:57:32.014,1.15435,1.15453,1.15,3.38
2011.05.30 13:57:32.564,1.15436,1.15453,1.15,1.13
2011.05.30 13:57:32.784,1.15437,1.15453,1.15,1.13
2011.05.30 13:57:33.882,1.15437,1.15454,1.15,1.13
2011.05.30 13:57:34.652,1.15437,1.15454,1.15,1.13
2011.05.30 13:57:35.313,1.15437,1.15454,1.15,1.13
2011.05.30 13:57:35.862,1.15437,1.15454,1.15,1.13
2011.05.30 13:57:36.743,1.15437,1.15454,1.15,1.13
2011.05.30 13:57:37.335,1.15437,1.15455,1.15,3.00
2011.05.30 13:57:37.554,1.15437,1.15453,1.15,1.13
2011.05.30 13:57:38.763,1.15435,1.15453,1.15,3.38
2011.05.30 13:57:39.202,1.15435,1.15453,1.15,3.38
2011.05.30 13:57:39.423,1.15435,1.15453,1.15,3.38
2011.05.30 13:57:40.363,1.15435,1.15453,1.15,3.00
2011.05.30 13:57:40.694,1.15435,1.15453,1.15,3.00
2011.05.30 13:57:41.353,1.15435,1.15453,1.15,3.00
2011.05.30 13:57:45.873,1.15435,1.15453,1.15,3.00
2011.05.30 13:57:46.754,1.15435,1.15452,1.15,3.00
2011.05.30 13:57:47.303,1.15435,1.15452,1.15,3.00
2011.05.30 13:57:48.731,1.15443,1.15452,1.50,3.00
2011.05.30 13:57:48.854,1.15444,1.1546,1.50,2.25
2011.05.30 13:57:52.193,1.15443,1.15462,2.25,1.13
2011.05.30 13:57:52.525,1.15443,1.15462,1.50,3.38
2011.05.30 13:57:52.964,1.15443,1.15461,1.50,3.00
2011.05.30 13:57:53.183,1.15443,1.15461,1.50,3.00
2011.05.30 13:57:53.763,1.15443,1.15461,1.50,3.00
2011.05.30 13:57:54.341,1.15442,1.15461,1.50,3.38
2011.05.30 13:57:54.453,1.15441,1.15459,1.50,1.13
2011.05.30 13:57:54.564,1.15439,1.15458,1.15,3.00
2011.05.30 13:57:54.675,1.15439,1.15456,1.15,1.13
2011.05.30 13:57:54.786,1.15437,1.15456,1.90,1.13
2011.05.30 13:57:55.344,1.15437,1.15456,1.50,1.88
2011.05.30 13:57:56.557,1.15433,1.15451,1.15,3.00
2011.05.30 13:57:56.675,1.15434,1.15451,1.15,3.00
2011.05.30 13:57:57.223,1.15431,1.15451,1.15,4.88
2011.05.30 13:57:57.934,1.15431,1.1545,1.15,3.00
2011.05.30 13:58:00.738,1.1543,1.15445,1.90,3.38
2011.05.30 13:58:00.856,1.15426,1.15443,3.00,3.00
2011.05.30 13:58:00.976,1.15426,1.15443,1.50,3.00
2011.05.30 13:58:01.424,1.15427,1.15443,1.50,3.00
2011.05.30 13:58:02.873,1.15428,1.15446,1.13,1.50
2011.05.30 13:58:04.523,1.15428,1.15447,1.50,2.25
2011.05.30 13:58:09.872,1.15428,1.15448,1.50,2.25
2011.05.30 13:58:12.772,1.15429,1.15447,1.50,1.50
2011.05.30 13:58:13.322,1.15429,1.15448,1.50,1.88
2011.05.30 13:58:13.873,1.15429,1.15448,1.50,1.50
2011.05.30 13:58:15.084,1.15429,1.15448,1.50,1.50
2011.05.30 13:58:18.933,1.15429,1.15448,1.50,1.50
2011.05.30 13:58:19.378,1.15425,1.15442,2.25,1.13
2011.05.30 13:58:19.497,1.15423,1.15443,1.13,1.50
2011.05.30 13:58:19.726,1.15428,1.15443,1.13,2.25
2011.05.30 13:58:19.955,1.15431,1.15445,1.50,2.25
2011.05.30 13:58:20.064,1.15431,1.15443,1.50,2.25
2011.05.30 13:58:20.286,1.15431,1.15445,1.50,2.25
2011.05.30 13:58:20.405,1.15431,1.15449,1.88,2.25
2011.05.30 13:58:20.954,1.1543,1.15448,1.15,3.75
2011.05.30 13:58:25.194,1.15431,1.15447,1.50,1.50
2011.05.30 13:58:25.978,1.1543,1.15445,1.13,3.00
2011.05.30 13:58:26.099,1.15424,1.15443,1.50,2.25
2011.05.30 13:58:27.866,1.15425,1.15443,1.50,3.00
2011.05.30 13:58:28.424,1.15425,1.15443,1.15,2.63
2011.05.30 13:58:28.974,1.15423,1.15443,1.90,3.38
2011.05.30 13:58:29.963,1.15423,1.15443,1.90,3.00
2011.05.30 13:58:33.967,1.15422,1.15442,1.15,1.50
2011.05.30 13:58:34.303,1.15416,1.15435,3.83,3.00
2011.05.30 13:58:34.978,1.15418,1.15436,1.22,1.50
2011.05.30 13:58:35.099,1.15419,1.15438,1.50,1.50
2011.05.30 13:58:35.873,1.15421,1.15438,1.50,1.50
2011.05.30 13:58:39.736,1.15418,1.15437,1.22,3.75
2011.05.30 13:58:40.626,1.15414,1.15433,4.58,1.13
2011.05.30 13:58:40.845,1.15412,1.15432,1.95,3.75
2011.05.30 13:58:41.284,1.15412,1.1543,1.88,3.00
2011.05.30 13:58:42.055,1.15413,1.15431,1.13,1.50
2011.05.30 13:58:44.273,1.15413,1.15434,1.88,4.50
2011.05.30 13:58:45.265,1.15416,1.15435,1.13,3.00
2011.05.30 13:58:46.354,1.15416,1.15435,1.88,4.50
2011.05.30 13:58:46.684,1.15416,1.15434,1.50,2.25
2011.05.30 13:58:48.034,1.15415,1.15433,1.13,3.00
2011.05.30 13:58:49.934,1.15415,1.15433,1.50,1.50
2011.05.30 13:58:50.484,1.15413,1.15432,1.52,3.00
2011.05.30 13:58:51.143,1.15413,1.15432,1.15,3.00
2011.05.30 13:58:53.302,1.15413,1.15432,1.15,3.75
2011.05.30 13:58:59.574,1.15413,1.15432,1.15,3.75
2011.05.30 13:59:00.378,1.1541,1.15427,1.13,1.50
2011.05.30 13:59:00.717,1.15414,1.15431,1.13,2.25
2011.05.30 13:59:01.166,1.15416,1.15434,1.50,2.10
2011.05.30 13:59:01.395,1.15414,1.15432,1.50,1.50
2011.05.30 13:59:01.616,1.15413,1.15431,1.50,1.50
2011.05.30 13:59:01.738,1.15411,1.15431,1.50,1.50
2011.05.30 13:59:02.075,1.1541,1.15427,1.90,3.00
2011.05.30 13:59:02.294,1.1541,1.15429,1.15,3.00
2011.05.30 13:59:02.516,1.1541,1.15429,1.15,3.00
2011.05.30 13:59:02.743,1.15408,1.15425,2.65,2.25
2011.05.30 13:59:03.293,1.1541,1.15429,1.15,3.00
2011.05.30 13:59:03.843,1.15408,1.15427,2.65,1.50
2011.05.30 13:59:04.726,1.1541,1.15428,1.15,3.00
2011.05.30 13:59:06.645,1.15411,1.15429,1.50,3.00
2011.05.30 13:59:08.603,1.15411,1.15429,1.50,3.00
2011.05.30 13:59:10.347,1.15412,1.15429,1.50,3.00
2011.05.30 13:59:12.353,1.15412,1.15429,1.50,3.00
2011.05.30 13:59:18.075,1.15412,1.15431,1.90,3.00
2011.05.30 13:59:19.393,1.15412,1.15431,1.15,3.00
2011.05.30 13:59:19.616,1.15412,1.15429,1.15,3.00
2011.05.30 13:59:20.383,1.15411,1.1543,1.90,3.00
2011.05.30 13:59:20.933,1.15412,1.15432,1.15,3.00
2011.05.30 13:59:21.924,1.15412,1.15432,1.15,3.00
2011.05.30 13:59:25.382,1.15412,1.15433,3.02,3.00
2011.05.30 13:59:27.296,1.15412,1.15432,3.40,3.60
2011.05.30 13:59:27.853,1.15412,1.15429,2.65,2.25
2011.05.30 13:59:29.213,1.15412,1.15429,1.90,3.00
2011.05.30 13:59:30.204,1.15414,1.15432,1.13,1.35
2011.05.30 13:59:30.752,1.15415,1.15433,1.50,3.00
2011.05.30 13:59:32.625,1.15418,1.15435,1.50,3.00
2011.05.30 13:59:34.945,1.15418,1.15436,1.50,2.25
2011.05.30 13:59:35.055,1.15419,1.15437,1.50,1.50
2011.05.30 13:59:35.384,1.1542,1.15437,1.50,1.50
2011.05.30 13:59:39.993,1.15421,1.15438,1.50,2.25
2011.05.30 13:59:40.215,1.15423,1.15438,1.50,1.50
2011.05.30 13:59:40.434,1.15427,1.15442,1.50,2.25
2011.05.30 13:59:40.544,1.1543,1.15442,1.13,1.50
2011.05.30 13:59:40.875,1.15434,1.15442,1.50,1.50
2011.05.30 13:59:41.094,1.15434,1.15448,1.50,1.50
2011.05.30 13:59:41.204,1.15434,1.15453,1.50,2.25
2011.05.30 13:59:45.105,1.15433,1.15453,2.25,5.25
2011.05.30 13:59:54.062,1.15431,1.15451,1.50,3.75
2011.05.30 13:59:57.684,1.15429,1.15448,1.15,1.13
2011.05.30 13:59:58.015,1.15421,1.15439,2.25,1.50
2011.05.30 13:59:58.563,1.15419,1.15439,1.90,1.50
