2008.04.22 12:00:00.030,1.6427,1.64285,0.40,0.20
2008.04.22 12:00:00.311,1.64265,1.64285,0.40,0.20
2008.04.22 12:00:00.591,1.6426,1.6428,2.40,0.50
2008.04.22 12:00:00.873,1.64255,1.64275,0.40,0.20
2008.04.22 12:00:01.157,1.64255,1.64275,0.40,0.20
2008.04.22 12:00:01.443,1.6425,1.6427,1.20,0.30
2008.04.22 12:00:01.728,1.6425,1.64275,1.20,0.20
2008.04.22 12:00:02.013,1.6425,1.64275,1.20,0.20
2008.04.22 12:00:02.248,1.6425,1.64275,1.20,0.20
2008.04.22 12:00:02.482,1.6425,1.64275,1.20,0.20
2008.04.22 12:00:02.717,1.6425,1.64275,1.20,0.20
2008.04.22 12:00:02.951,1.6425,1.64275,1.20,0.20
2008.04.22 12:00:03.211,1.6425,1.64275,1.20,0.20
2008.04.22 12:00:03.470,1.6425,1.64275,1.20,0.20
2008.04.22 12:00:03.739,1.6426,1.64275,0.40,0.20
2008.04.22 12:00:03.999,1.6426,1.64275,0.40,0.20
2008.04.22 12:00:04.237,1.6426,1.64275,0.40,0.20
2008.04.22 12:00:04.470,1.6426,1.64275,0.40,0.20
2008.04.22 12:00:04.706,1.6426,1.64275,0.40,0.20
2008.04.22 12:00:04.939,1.6426,1.64275,0.40,0.20
2008.04.22 12:00:05.175,1.6426,1.64275,0.40,0.20
2008.04.22 12:00:05.489,1.6426,1.64275,0.40,0.20
2008.04.22 12:00:05.787,1.6426,1.6428,0.40,0.50
2008.04.22 12:00:06.083,1.6426,1.6428,0.40,0.50
2008.04.22 12:00:06.299,1.6427,1.64285,0.40,0.20
2008.04.22 12:00:06.514,1.6426,1.6428,1.90,0.50
2008.04.22 12:00:06.747,1.6426,1.6428,1.90,0.50
2008.04.22 12:00:07.001,1.6426,1.6428,1.20,0.30
2008.04.22 12:00:07.271,1.6426,1.6428,3.20,0.30
2008.04.22 12:00:07.544,1.6427,1.6428,0.40,0.20
2008.04.22 12:00:07.815,1.6426,1.6428,2.40,0.50
2008.04.22 12:00:08.116,1.6426,1.6428,1.20,0.50
2008.04.22 12:00:08.401,1.6426,1.6428,1.20,0.50
2008.04.22 12:00:08.689,1.6426,1.6428,1.20,0.50
2008.04.22 12:00:08.966,1.6426,1.6428,1.20,0.50
2008.04.22 12:00:09.247,1.6426,1.6428,1.20,0.50
2008.04.22 12:00:09.512,1.6426,1.6428,0.60,0.50
2008.04.22 12:00:09.777,1.6426,1.6428,0.40,0.50
2008.04.22 12:00:10.042,1.6426,1.6428,0.80,0.50
2008.04.22 12:00:10.303,1.6426,1.6428,0.40,0.50
2008.04.22 12:00:10.563,1.6426,1.6428,0.60,0.50
2008.04.22 12:00:10.822,1.6426,1.6428,0.60,0.50
2008.04.22 12:00:11.082,1.6426,1.6428,0.60,0.50
2008.04.22 12:00:11.337,1.6426,1.6428,0.40,0.50
2008.04.22 12:00:11.591,1.6426,1.6428,0.40,0.50
2008.04.22 12:00:11.846,1.6426,1.6428,0.40,0.50
2008.04.22 12:00:12.099,1.6426,1.6428,0.40,0.50
2008.04.22 12:00:12.375,1.6426,1.6428,0.40,0.50
2008.04.22 12:00:12.663,1.6426,1.6428,0.40,0.50
2008.04.22 12:00:12.922,1.6426,1.64275,0.40,0.20
2008.04.22 12:00:13.182,1.6426,1.64275,0.40,0.20
2008.04.22 12:00:13.422,1.6426,1.64275,0.40,0.20
2008.04.22 12:00:13.662,1.6426,1.64275,0.40,0.20
2008.04.22 12:00:13.900,1.6426,1.64275,0.40,0.20
2008.04.22 12:00:14.140,1.6426,1.64275,0.40,0.20
2008.04.22 12:00:14.380,1.6426,1.64275,0.40,0.20
2008.04.22 12:00:14.655,1.6426,1.64275,0.40,0.20
2008.04.22 12:00:14.954,1.6426,1.6428,0.40,0.50
2008.04.22 12:00:15.234,1.6426,1.6428,0.40,0.50
2008.04.22 12:00:15.444,1.6426,1.6428,0.40,0.50
2008.04.22 12:00:15.653,1.6426,1.6428,0.80,0.50
2008.04.22 12:00:15.863,1.6426,1.6428,0.80,0.50
2008.04.22 12:00:16.074,1.6426,1.6428,0.80,0.50
2008.04.22 12:00:16.309,1.6426,1.6428,0.40,0.50
2008.04.22 12:00:16.617,1.6426,1.6428,0.40,0.50
2008.04.22 12:00:16.907,1.6426,1.6428,0.40,0.50
2008.04.22 12:00:17.216,1.6426,1.6428,0.40,0.50
2008.04.22 12:00:17.429,1.6426,1.6428,0.40,0.50
2008.04.22 12:00:17.645,1.6426,1.6428,0.40,0.50
2008.04.22 12:00:17.890,1.6426,1.6428,0.40,0.50
2008.04.22 12:00:18.145,1.6426,1.6428,0.40,0.50
2008.04.22 12:00:18.361,1.6426,1.6428,0.40,0.50
2008.04.22 12:00:18.594,1.6426,1.6428,0.40,0.50
2008.04.22 12:00:18.830,1.6426,1.6428,0.40,0.50
2008.04.22 12:00:19.065,1.6426,1.64275,0.40,0.20
2008.04.22 12:00:19.316,1.6426,1.64275,0.40,0.20
2008.04.22 12:00:19.600,1.6426,1.64275,0.40,0.20
2008.04.22 12:00:19.826,1.6426,1.64275,0.40,0.20
2008.04.22 12:00:20.082,1.6426,1.64275,0.40,0.20
2008.04.22 12:00:20.336,1.6426,1.64275,0.40,0.20
2008.04.22 12:00:20.542,1.6426,1.64275,0.40,0.20
2008.04.22 12:00:20.746,1.6426,1.64275,0.40,0.20
2008.04.22 12:00:20.951,1.6426,1.64275,0.40,0.20
2008.04.22 12:00:21.171,1.6426,1.64275,0.40,0.20
2008.04.22 12:00:21.406,1.6426,1.64275,0.40,0.20
2008.04.22 12:00:21.599,1.6426,1.64275,0.40,0.20
2008.04.22 12:00:21.823,1.6426,1.64275,0.40,0.20
2008.04.22 12:00:22.018,1.6426,1.64275,0.40,0.20
2008.04.22 12:00:22.213,1.6426,1.64275,0.40,0.20
2008.04.22 12:00:22.408,1.6426,1.64275,0.40,0.20
2008.04.22 12:00:22.606,1.6426,1.64275,0.40,0.20
2008.04.22 12:00:22.807,1.6426,1.64275,0.40,0.20
2008.04.22 12:00:23.007,1.6426,1.64275,0.40,0.20
2008.04.22 12:00:23.207,1.6426,1.64275,0.40,0.20
2008.04.22 12:00:23.406,1.6426,1.64275,0.40,0.20
2008.04.22 12:00:23.616,1.6426,1.64275,0.40,0.20
2008.04.22 12:00:23.825,1.6426,1.64275,0.40,0.20
2008.04.22 12:00:24.033,1.6426,1.64275,0.40,0.20
2008.04.22 12:00:24.244,1.6426,1.64275,0.40,0.20
2008.04.22 12:00:24.453,1.6426,1.64275,0.40,0.20
2008.04.22 12:00:24.623,1.6426,1.64275,0.40,0.20
2008.04.22 12:00:24.792,1.6426,1.64275,0.40,0.20
2008.04.22 12:00:24.961,1.6426,1.64275,0.40,0.20
2008.04.22 12:00:25.131,1.6426,1.64275,0.40,0.20
2008.04.22 12:00:25.300,1.6426,1.64275,0.40,0.20
2008.04.22 12:00:25.497,1.6426,1.6428,0.40,0.70
2008.04.22 12:00:25.721,1.6426,1.6428,0.40,0.50
2008.04.22 12:00:25.946,1.6426,1.6428,0.40,0.50
2008.04.22 12:00:26.170,1.6426,1.6428,0.40,0.50
2008.04.22 12:00:26.395,1.6426,1.6428,0.40,0.50
2008.04.22 12:00:26.619,1.6426,1.6428,0.40,0.50
2008.04.22 12:00:26.858,1.6426,1.6428,0.40,0.50
2008.04.22 12:00:27.098,1.6426,1.6428,0.40,0.50
2008.04.22 12:00:27.337,1.6426,1.6428,0.40,0.50
2008.04.22 12:00:27.607,1.6426,1.6428,0.40,0.50
2008.04.22 12:00:27.736,1.6426,1.6428,0.40,0.50
2008.04.22 12:00:27.894,1.6426,1.6428,0.40,0.50
2008.04.22 12:00:28.054,1.6426,1.6428,0.40,0.50
2008.04.22 12:00:28.214,1.6426,1.6428,0.40,0.50
2008.04.22 12:00:28.373,1.6426,1.6428,0.40,0.50
2008.04.22 12:00:28.532,1.6426,1.6428,0.40,0.50
2008.04.22 12:00:28.756,1.6426,1.6428,0.40,0.50
2008.04.22 12:00:28.961,1.6426,1.6428,0.40,0.50
2008.04.22 12:00:29.195,1.6426,1.6428,0.40,0.50
2008.04.22 12:00:29.371,1.6426,1.6428,0.40,0.50
2008.04.22 12:00:29.576,1.6426,1.6428,0.40,0.50
2008.04.22 12:00:29.736,1.6426,1.6428,0.40,0.50
2008.04.22 12:00:29.897,1.6426,1.6428,0.40,0.50
2008.04.22 12:00:30.057,1.6426,1.6428,0.40,0.50
2008.04.22 12:00:30.237,1.6426,1.6428,0.40,0.50
2008.04.22 12:00:30.397,1.6426,1.6428,0.40,0.50
2008.04.22 12:00:30.557,1.6426,1.6428,0.40,0.50
2008.04.22 12:00:30.831,1.6426,1.6428,0.40,0.50
2008.04.22 12:00:31.139,1.6426,1.6428,0.40,0.50
2008.04.22 12:00:31.409,1.6426,1.6428,0.40,0.50
2008.04.22 12:00:31.684,1.6426,1.6428,0.40,0.50
2008.04.22 12:00:31.883,1.6426,1.6428,0.40,0.50
2008.04.22 12:00:32.110,1.6426,1.6428,0.40,0.50
2008.04.22 12:00:32.309,1.6426,1.6428,0.40,0.50
2008.04.22 12:00:32.537,1.6426,1.6428,0.40,0.50
2008.04.22 12:00:32.736,1.6426,1.6428,0.40,0.50
2008.04.22 12:00:32.959,1.6426,1.6428,0.40,0.50
2008.04.22 12:00:33.184,1.6426,1.6428,0.40,0.50
2008.04.22 12:00:33.407,1.6426,1.6428,0.40,0.50
2008.04.22 12:00:33.632,1.6426,1.6428,0.40,0.50
2008.04.22 12:00:33.856,1.6426,1.6428,0.40,0.50
2008.04.22 12:00:34.087,1.6426,1.6428,0.40,0.50
2008.04.22 12:00:34.275,1.6426,1.6428,0.40,0.50
2008.04.22 12:00:34.464,1.6426,1.6428,0.40,0.50
2008.04.22 12:00:34.654,1.6426,1.6428,0.40,0.50
2008.04.22 12:00:34.843,1.6426,1.6428,0.40,0.50
2008.04.22 12:00:35.090,1.6426,1.6428,0.40,0.50
2008.04.22 12:00:35.304,1.6426,1.6428,0.40,0.50
2008.04.22 12:00:35.520,1.6426,1.6428,0.40,0.50
2008.04.22 12:00:35.736,1.6426,1.6428,0.40,0.50
2008.04.22 12:00:35.949,1.6426,1.6428,0.40,0.50
2008.04.22 12:00:36.165,1.6426,1.6428,0.40,0.50
2008.04.22 12:00:36.380,1.6426,1.6428,0.40,0.50
2008.04.22 12:00:36.595,1.6426,1.6428,0.40,0.50
2008.04.22 12:00:36.809,1.6426,1.6428,0.40,0.50
2008.04.22 12:00:36.993,1.6426,1.6428,0.40,0.50
2008.04.22 12:00:37.178,1.6426,1.6428,0.40,0.50
2008.04.22 12:00:37.362,1.6426,1.6428,0.40,0.50
2008.04.22 12:00:37.545,1.6426,1.6428,0.40,0.50
2008.04.22 12:00:37.730,1.6426,1.6428,0.40,0.50
2008.04.22 12:00:37.914,1.6426,1.6428,0.40,0.50
2008.04.22 12:00:38.144,1.6426,1.6428,0.40,0.50
2008.04.22 12:00:38.375,1.6426,1.6428,0.40,0.50
2008.04.22 12:00:38.604,1.6426,1.6428,0.40,0.50
2008.04.22 12:00:38.834,1.6426,1.6428,0.40,0.50
2008.04.22 12:00:39.063,1.6426,1.6428,0.40,0.50
2008.04.22 12:00:39.242,1.6426,1.6428,0.40,0.50
2008.04.22 12:00:39.422,1.6426,1.6428,0.40,0.50
2008.04.22 12:00:39.600,1.6426,1.6428,0.40,0.50
2008.04.22 12:00:39.811,1.6426,1.6428,0.40,0.50
2008.04.22 12:00:39.990,1.6426,1.6428,0.40,0.50
2008.04.22 12:00:40.213,1.6426,1.6428,0.40,0.50
2008.04.22 12:00:40.446,1.6426,1.6428,0.40,0.50
2008.04.22 12:00:40.671,1.6426,1.6428,0.40,0.50
2008.04.22 12:00:40.895,1.6426,1.6428,0.40,0.50
2008.04.22 12:00:41.120,1.6426,1.6428,0.40,0.50
2008.04.22 12:00:41.354,1.6426,1.6428,0.40,0.50
2008.04.22 12:00:41.567,1.6426,1.6428,0.40,0.50
2008.04.22 12:00:41.776,1.6426,1.64275,0.40,0.20
2008.04.22 12:00:41.988,1.6426,1.64275,0.40,0.20
2008.04.22 12:00:42.253,1.6426,1.64275,0.40,0.20
2008.04.22 12:00:42.517,1.6426,1.64275,0.40,0.20
2008.04.22 12:00:42.812,1.6426,1.64275,0.40,0.20
2008.04.22 12:00:43.076,1.6426,1.64275,0.40,0.20
2008.04.22 12:00:43.304,1.6426,1.64275,0.40,0.20
2008.04.22 12:00:43.533,1.6426,1.64275,0.40,0.20
2008.04.22 12:00:43.763,1.6426,1.64275,0.40,0.20
2008.04.22 12:00:43.991,1.6426,1.64275,0.40,0.20
2008.04.22 12:00:44.146,1.6426,1.64275,0.40,0.20
2008.04.22 12:00:44.301,1.6426,1.64275,0.40,0.20
2008.04.22 12:00:44.484,1.6426,1.64275,0.40,0.20
2008.04.22 12:00:44.638,1.6426,1.64275,0.40,0.20
2008.04.22 12:00:44.820,1.6426,1.64275,0.40,0.20
2008.04.22 12:00:44.975,1.6426,1.64275,0.40,0.20
2008.04.22 12:00:45.188,1.6426,1.64275,0.40,0.20
2008.04.22 12:00:45.404,1.6426,1.64275,0.40,0.20
2008.04.22 12:00:45.619,1.6426,1.64275,0.40,0.20
2008.04.22 12:00:45.833,1.6426,1.64275,0.40,0.20
2008.04.22 12:00:46.048,1.6426,1.64275,0.40,0.20
2008.04.22 12:00:46.283,1.6426,1.64275,0.40,0.20
2008.04.22 12:00:46.518,1.6426,1.64275,0.40,0.20
2008.04.22 12:00:46.752,1.6426,1.64275,0.40,0.20
2008.04.22 12:00:46.987,1.6426,1.64275,0.40,0.20
2008.04.22 12:00:47.151,1.6426,1.64275,0.40,0.20
2008.04.22 12:00:47.315,1.6426,1.64275,0.40,0.20
2008.04.22 12:00:47.479,1.6426,1.64275,0.40,0.20
2008.04.22 12:00:47.672,1.6426,1.64275,0.40,0.20
2008.04.22 12:00:47.809,1.6426,1.64275,0.40,0.20
2008.04.22 12:00:48.002,1.6426,1.64275,0.40,0.20
2008.04.22 12:00:48.184,1.6426,1.64275,0.40,0.20
2008.04.22 12:00:48.393,1.6426,1.64275,0.40,0.20
2008.04.22 12:00:48.603,1.6426,1.64275,0.40,0.20
2008.04.22 12:00:48.812,1.6426,1.64275,0.40,0.20
2008.04.22 12:00:49.021,1.6426,1.64275,0.40,0.20
2008.04.22 12:00:49.306,1.6426,1.6428,0.40,0.70
2008.04.22 12:00:49.591,1.6426,1.6428,0.40,0.70
2008.04.22 12:00:49.876,1.6426,1.6428,0.40,0.70
2008.04.22 12:00:50.160,1.6426,1.6428,0.40,0.70
2008.04.22 12:00:50.374,1.6426,1.6428,0.40,0.70
2008.04.22 12:00:50.588,1.6426,1.6428,0.40,0.70
2008.04.22 12:00:50.802,1.6426,1.6428,0.40,0.70
2008.04.22 12:00:51.016,1.6426,1.6428,0.40,0.70
2008.04.22 12:00:51.231,1.6426,1.6428,0.40,0.70
2008.04.22 12:00:51.399,1.6426,1.6428,0.40,0.70
2008.04.22 12:00:51.569,1.6426,1.6428,0.40,0.70
2008.04.22 12:00:51.738,1.6426,1.64275,0.40,0.20
2008.04.22 12:00:51.908,1.6426,1.64275,0.40,0.20
2008.04.22 12:00:52.077,1.6426,1.64275,0.40,0.20
2008.04.22 12:00:52.246,1.6426,1.64275,0.40,0.20
2008.04.22 12:00:52.521,1.6426,1.64275,0.40,0.20
2008.04.22 12:00:52.798,1.6426,1.64275,0.40,0.20
2008.04.22 12:00:53.075,1.6425,1.64275,4.00,0.20
2008.04.22 12:00:53.352,1.6425,1.6427,0.40,0.50
2008.04.22 12:00:53.569,1.6425,1.64265,0.40,0.20
2008.04.22 12:00:53.773,1.6425,1.64265,0.40,0.20
2008.04.22 12:00:53.979,1.6425,1.64265,0.40,0.20
2008.04.22 12:00:54.184,1.6425,1.64265,0.40,0.20
2008.04.22 12:00:54.473,1.6425,1.64265,0.40,0.20
2008.04.22 12:00:54.762,1.6425,1.64265,0.40,0.20
2008.04.22 12:00:55.051,1.6425,1.64265,0.40,0.20
2008.04.22 12:00:55.381,1.6425,1.64265,0.40,0.20
2008.04.22 12:00:55.519,1.6425,1.64265,0.40,0.20
2008.04.22 12:00:55.658,1.6425,1.64265,0.40,0.20
2008.04.22 12:00:55.799,1.6425,1.64265,0.40,0.20
2008.04.22 12:00:55.938,1.6425,1.64265,0.40,0.20
2008.04.22 12:00:56.077,1.6425,1.64265,0.40,0.20
2008.04.22 12:00:56.241,1.6425,1.64265,0.40,0.20
2008.04.22 12:00:56.534,1.6425,1.64265,0.40,0.20
2008.04.22 12:00:56.770,1.6425,1.64265,0.40,0.20
2008.04.22 12:00:57.034,1.6425,1.64265,0.40,0.20
2008.04.22 12:00:57.299,1.6425,1.64265,0.40,0.20
2008.04.22 12:00:57.439,1.6425,1.64265,0.40,0.20
2008.04.22 12:00:57.578,1.6425,1.64265,0.40,0.20
2008.04.22 12:00:57.717,1.6425,1.64265,0.40,0.20
2008.04.22 12:00:57.857,1.6425,1.64265,0.40,0.20
2008.04.22 12:00:57.996,1.6425,1.64265,0.40,0.20
2008.04.22 12:00:58.135,1.6425,1.64265,0.40,0.20
2008.04.22 12:00:58.274,1.6425,1.64265,0.40,0.20
2008.04.22 12:00:58.414,1.6425,1.64265,0.40,0.20
2008.04.22 12:00:58.673,1.6425,1.64265,0.40,0.20
2008.04.22 12:00:58.934,1.6425,1.64265,0.40,0.20
2008.04.22 12:00:59.193,1.6425,1.64265,0.40,0.20
2008.04.22 12:00:59.481,1.6425,1.64265,0.40,0.20
2008.04.22 12:00:59.665,1.6425,1.64265,0.40,0.20
2008.04.22 12:00:59.850,1.6425,1.64265,0.40,0.20
2008.04.22 12:01:00.042,1.6425,1.64265,0.40,0.20
2008.04.22 12:01:00.227,1.6425,1.64265,0.40,0.20
2008.04.22 12:01:00.411,1.6425,1.64265,0.40,0.20
2008.04.22 12:01:00.611,1.6425,1.64265,0.40,0.20
2008.04.22 12:01:00.814,1.6425,1.64265,0.40,0.20
2008.04.22 12:01:01.012,1.6425,1.64265,0.40,0.20
2008.04.22 12:01:01.211,1.6425,1.64265,0.40,0.20
2008.04.22 12:01:01.410,1.6425,1.64265,0.40,0.20
2008.04.22 12:01:01.580,1.6425,1.64265,0.40,0.20
2008.04.22 12:01:01.776,1.6425,1.64265,0.40,0.20
2008.04.22 12:01:01.976,1.6425,1.64265,0.40,0.20
2008.04.22 12:01:02.178,1.6425,1.64265,0.40,0.20
2008.04.22 12:01:02.352,1.6425,1.64265,0.40,0.20
2008.04.22 12:01:02.522,1.6425,1.64265,0.40,0.20
2008.04.22 12:01:02.856,1.6425,1.64265,0.40,0.20
2008.04.22 12:01:03.190,1.6425,1.64265,0.40,0.20
2008.04.22 12:01:03.548,1.6425,1.64265,0.40,0.20
2008.04.22 12:01:03.803,1.6425,1.64265,0.40,0.20
2008.04.22 12:01:04.023,1.6425,1.64265,0.40,0.20
2008.04.22 12:01:04.243,1.6425,1.64265,0.40,0.20
2008.04.22 12:01:04.465,1.6424,1.64265,1.60,0.20
2008.04.22 12:01:04.747,1.6424,1.64255,0.40,0.20
2008.04.22 12:01:05.028,1.6424,1.6426,1.20,0.50
2008.04.22 12:01:05.343,1.64245,1.64265,0.50,0.20
2008.04.22 12:01:05.638,1.6425,1.6427,0.40,0.70
2008.04.22 12:01:05.898,1.64245,1.64265,0.50,0.20
2008.04.22 12:01:06.155,1.6425,1.6427,0.40,0.20
2008.04.22 12:01:06.410,1.64245,1.6427,0.50,0.50
2008.04.22 12:01:06.667,1.6424,1.64265,2.90,0.20
2008.04.22 12:01:06.973,1.6424,1.64265,2.90,0.20
2008.04.22 12:01:07.254,1.6425,1.6427,0.40,0.70
2008.04.22 12:01:07.536,1.6425,1.6427,0.40,0.50
2008.04.22 12:01:07.797,1.6425,1.6427,0.40,0.50
2008.04.22 12:01:08.057,1.6425,1.6427,0.40,0.50
2008.04.22 12:01:08.317,1.6425,1.6427,0.40,0.50
2008.04.22 12:01:08.579,1.6425,1.6427,2.10,0.30
2008.04.22 12:01:08.885,1.6425,1.64275,0.80,0.20
2008.04.22 12:01:09.161,1.6425,1.6427,0.80,0.30
2008.04.22 12:01:09.437,1.6425,1.64275,0.80,0.20
2008.04.22 12:01:09.711,1.6425,1.64275,0.80,0.20
2008.04.22 12:01:09.998,1.64255,1.64275,0.50,0.20
2008.04.22 12:01:10.281,1.64255,1.64275,0.50,0.20
2008.04.22 12:01:10.568,1.6426,1.6428,0.80,0.50
2008.04.22 12:01:10.824,1.64255,1.64275,0.50,0.20
2008.04.22 12:01:11.110,1.64255,1.64275,0.50,0.20
2008.04.22 12:01:11.363,1.64255,1.64275,0.50,0.20
2008.04.22 12:01:11.649,1.64255,1.64275,0.50,0.20
2008.04.22 12:01:11.857,1.6426,1.64285,0.80,0.20
2008.04.22 12:01:12.062,1.6426,1.64285,2.10,0.20
2008.04.22 12:01:12.266,1.6426,1.64285,2.10,0.20
2008.04.22 12:01:12.471,1.6426,1.64285,2.10,0.20
2008.04.22 12:01:12.701,1.6426,1.64285,2.10,0.20
2008.04.22 12:01:12.998,1.6426,1.64285,2.10,0.20
2008.04.22 12:01:13.273,1.6426,1.64285,2.10,0.20
2008.04.22 12:01:13.551,1.6426,1.64285,2.40,0.20
2008.04.22 12:01:13.824,1.6426,1.64285,2.40,0.20
2008.04.22 12:01:14.058,1.6426,1.64285,2.40,0.20
2008.04.22 12:01:14.320,1.6426,1.64285,2.40,0.20
2008.04.22 12:01:14.526,1.6426,1.64285,2.10,0.20
2008.04.22 12:01:14.761,1.6426,1.64285,2.10,0.20
2008.04.22 12:01:14.939,1.6426,1.64285,2.10,0.20
2008.04.22 12:01:15.119,1.6426,1.64285,2.10,0.20
2008.04.22 12:01:15.299,1.6426,1.64285,2.10,0.20
2008.04.22 12:01:15.479,1.6426,1.64285,2.10,0.20
2008.04.22 12:01:15.687,1.6426,1.6428,2.10,0.20
2008.04.22 12:01:15.867,1.6426,1.6428,2.10,0.50
2008.04.22 12:01:16.109,1.64255,1.64275,0.80,0.20
2008.04.22 12:01:16.348,1.64255,1.64275,0.50,0.20
2008.04.22 12:01:16.587,1.64255,1.64275,0.50,0.20
2008.04.22 12:01:16.827,1.64255,1.64275,0.50,0.20
2008.04.22 12:01:17.067,1.64255,1.64275,0.50,0.20
2008.04.22 12:01:17.337,1.64255,1.64275,0.50,0.20
2008.04.22 12:01:17.634,1.64255,1.64275,0.50,0.20
2008.04.22 12:01:17.875,1.64255,1.64275,0.50,0.20
2008.04.22 12:01:18.081,1.64255,1.64275,0.50,0.20
2008.04.22 12:01:18.287,1.64255,1.64275,0.50,0.20
2008.04.22 12:01:18.503,1.64255,1.64275,0.50,0.20
2008.04.22 12:01:18.740,1.6425,1.64275,2.40,0.20
2008.04.22 12:01:18.974,1.6425,1.6427,2.40,0.20
2008.04.22 12:01:19.313,1.6425,1.6427,0.80,0.20
2008.04.22 12:01:19.625,1.6425,1.64275,0.80,0.20
2008.04.22 12:01:19.935,1.6425,1.64275,0.80,0.20
2008.04.22 12:01:20.151,1.6425,1.64275,0.80,0.20
2008.04.22 12:01:20.366,1.6425,1.64275,0.80,0.20
2008.04.22 12:01:20.580,1.6425,1.64275,0.80,0.20
2008.04.22 12:01:20.795,1.6425,1.64275,0.80,0.20
2008.04.22 12:01:21.009,1.6425,1.64275,0.80,0.20
2008.04.22 12:01:21.280,1.6425,1.64275,0.80,0.20
2008.04.22 12:01:21.553,1.6425,1.6427,0.40,0.50
2008.04.22 12:01:21.855,1.6425,1.6427,0.40,0.20
2008.04.22 12:01:22.125,1.6425,1.6427,0.40,0.50
2008.04.22 12:01:22.330,1.6425,1.6427,0.40,0.50
2008.04.22 12:01:22.537,1.6425,1.6427,0.40,0.50
2008.04.22 12:01:22.741,1.6425,1.6427,0.40,0.50
2008.04.22 12:01:22.946,1.6425,1.6427,0.40,0.50
2008.04.22 12:01:23.150,1.6425,1.6427,0.40,0.50
2008.04.22 12:01:23.396,1.6425,1.6427,0.40,0.50
2008.04.22 12:01:23.640,1.6425,1.6427,0.40,0.50
2008.04.22 12:01:23.886,1.6425,1.6427,0.40,0.50
2008.04.22 12:01:24.130,1.6425,1.6427,0.40,0.50
2008.04.22 12:01:24.345,1.6425,1.6427,0.40,0.50
2008.04.22 12:01:24.559,1.6425,1.6427,0.40,0.50
2008.04.22 12:01:24.773,1.6425,1.6427,0.40,0.50
2008.04.22 12:01:24.988,1.6425,1.6427,0.40,0.50
2008.04.22 12:01:25.202,1.6425,1.6427,0.40,0.50
2008.04.22 12:01:25.407,1.6425,1.6427,0.40,0.50
2008.04.22 12:01:25.612,1.6425,1.6427,0.40,0.50
2008.04.22 12:01:25.816,1.6425,1.6427,0.40,0.50
2008.04.22 12:01:26.020,1.6425,1.6427,0.40,0.50
2008.04.22 12:01:26.225,1.6425,1.6427,0.40,0.50
2008.04.22 12:01:26.509,1.6425,1.6427,0.40,0.50
2008.04.22 12:01:26.792,1.6425,1.6427,0.40,0.50
2008.04.22 12:01:27.076,1.6425,1.6427,0.40,0.50
2008.04.22 12:01:27.362,1.6424,1.6426,4.80,0.50
2008.04.22 12:01:27.552,1.6424,1.6426,0.40,0.50
2008.04.22 12:01:27.743,1.6424,1.64255,0.40,0.20
2008.04.22 12:01:27.935,1.64235,1.64255,0.50,0.20
2008.04.22 12:01:28.149,1.64235,1.64255,0.50,0.20
2008.04.22 12:01:28.465,1.64235,1.64255,0.50,0.20
2008.04.22 12:01:28.752,1.64235,1.64255,0.50,0.20
2008.04.22 12:01:29.036,1.64235,1.64255,0.50,0.20
2008.04.22 12:01:29.321,1.64235,1.64255,0.50,0.20
2008.04.22 12:01:29.521,1.64235,1.64255,0.50,0.20
2008.04.22 12:01:29.751,1.6423,1.6425,1.20,0.30
2008.04.22 12:01:29.981,1.6423,1.6425,1.20,0.30
2008.04.22 12:01:30.182,1.6424,1.64255,0.40,0.20
2008.04.22 12:01:30.468,1.6424,1.64255,0.40,0.20
2008.04.22 12:01:30.754,1.6424,1.64255,0.40,0.20
2008.04.22 12:01:31.037,1.6424,1.64255,0.40,0.20
2008.04.22 12:01:31.350,1.6424,1.64255,0.40,0.20
2008.04.22 12:01:31.522,1.6424,1.64255,0.40,0.20
2008.04.22 12:01:31.722,1.6424,1.64255,0.40,0.20
2008.04.22 12:01:31.922,1.6424,1.64255,0.40,0.20
2008.04.22 12:01:32.120,1.6424,1.64255,0.40,0.20
2008.04.22 12:01:32.324,1.6424,1.64255,0.40,0.20
2008.04.22 12:01:32.544,1.6424,1.64255,0.40,0.20
2008.04.22 12:01:32.763,1.6424,1.64255,0.40,0.20
2008.04.22 12:01:32.981,1.6424,1.64255,0.40,0.20
2008.04.22 12:01:33.200,1.6424,1.64255,0.40,0.20
2008.04.22 12:01:33.420,1.6424,1.64255,0.40,0.20
2008.04.22 12:01:33.661,1.6424,1.64255,0.40,0.20
2008.04.22 12:01:33.891,1.6424,1.64255,0.40,0.20
2008.04.22 12:01:34.121,1.6424,1.64255,0.40,0.20
2008.04.22 12:01:34.351,1.6424,1.64255,0.40,0.20
2008.04.22 12:01:34.535,1.6424,1.64255,0.40,0.20
2008.04.22 12:01:34.720,1.6424,1.64255,0.40,0.20
2008.04.22 12:01:34.904,1.6424,1.64255,0.40,0.20
2008.04.22 12:01:35.089,1.6424,1.64255,0.40,0.20
2008.04.22 12:01:35.280,1.6424,1.64255,0.40,0.20
2008.04.22 12:01:35.460,1.6424,1.64255,0.40,0.20
2008.04.22 12:01:35.668,1.6424,1.64255,0.40,0.20
2008.04.22 12:01:35.847,1.6424,1.64255,0.40,0.20
2008.04.22 12:01:36.055,1.6424,1.64255,0.40,0.20
2008.04.22 12:01:36.235,1.6424,1.64255,0.40,0.20
2008.04.22 12:01:36.428,1.6424,1.64255,0.40,0.20
2008.04.22 12:01:36.671,1.6424,1.64255,0.40,0.20
2008.04.22 12:01:36.848,1.6424,1.64255,0.40,0.20
2008.04.22 12:01:37.058,1.6424,1.64255,0.40,0.20
2008.04.22 12:01:37.268,1.6424,1.64255,0.40,0.20
2008.04.22 12:01:37.516,1.6424,1.64255,0.40,0.20
2008.04.22 12:01:37.765,1.6424,1.64255,0.40,0.20
2008.04.22 12:01:38.015,1.6424,1.64255,0.40,0.20
2008.04.22 12:01:38.265,1.6424,1.64255,0.40,0.20
2008.04.22 12:01:38.515,1.6424,1.6426,0.40,0.50
2008.04.22 12:01:38.746,1.6424,1.6426,0.40,0.50
2008.04.22 12:01:38.979,1.64235,1.64255,0.50,0.20
2008.04.22 12:01:39.208,1.64235,1.64255,0.50,0.20
2008.04.22 12:01:39.438,1.64235,1.64255,0.50,0.20
2008.04.22 12:01:39.698,1.64235,1.64255,0.50,0.20
2008.04.22 12:01:39.928,1.64235,1.64255,0.50,0.20
2008.04.22 12:01:40.158,1.64235,1.64255,0.50,0.20
2008.04.22 12:01:40.419,1.64235,1.64255,0.50,0.20
2008.04.22 12:01:40.583,1.64235,1.64255,0.50,0.20
2008.04.22 12:01:40.788,1.64235,1.64255,0.50,0.20
2008.04.22 12:01:40.985,1.6424,1.6426,0.50,0.70
2008.04.22 12:01:41.181,1.6424,1.6426,0.80,0.60
2008.04.22 12:01:41.376,1.64235,1.64255,0.50,0.20
2008.04.22 12:01:41.571,1.64235,1.64255,0.50,0.20
2008.04.22 12:01:41.837,1.6423,1.64255,2.10,0.20
2008.04.22 12:01:42.102,1.6423,1.64255,0.80,0.20
2008.04.22 12:01:42.377,1.6423,1.64255,0.80,0.20
2008.04.22 12:01:42.642,1.6423,1.64255,0.80,0.20
2008.04.22 12:01:42.881,1.6423,1.6425,0.40,0.20
2008.04.22 12:01:43.150,1.6423,1.6425,0.40,0.20
2008.04.22 12:01:43.391,1.6423,1.6425,0.40,0.50
2008.04.22 12:01:43.631,1.6423,1.6425,0.40,0.50
2008.04.22 12:01:43.914,1.6423,1.6425,0.40,0.50
2008.04.22 12:01:44.199,1.6423,1.6425,0.40,0.50
2008.04.22 12:01:44.498,1.6423,1.6425,0.40,0.50
2008.04.22 12:01:44.681,1.64225,1.6425,0.50,0.70
2008.04.22 12:01:44.859,1.64225,1.6425,0.50,0.70
2008.04.22 12:01:45.039,1.64225,1.6425,0.50,0.70
2008.04.22 12:01:45.225,1.64225,1.6425,0.50,0.70
2008.04.22 12:01:45.435,1.6423,1.6425,0.50,0.30
2008.04.22 12:01:45.632,1.6423,1.6425,0.80,0.20
2008.04.22 12:01:45.955,1.6423,1.6425,0.40,0.50
2008.04.22 12:01:46.276,1.6422,1.64245,2.60,0.20
2008.04.22 12:01:46.597,1.6422,1.64245,2.60,0.20
2008.04.22 12:01:46.818,1.6422,1.64245,2.10,0.20
2008.04.22 12:01:47.040,1.6422,1.6424,1.20,0.20
2008.04.22 12:01:47.259,1.6422,1.6424,1.20,0.20
2008.04.22 12:01:47.493,1.6422,1.6424,1.20,0.60
2008.04.22 12:01:47.761,1.6422,1.6424,1.20,0.20
2008.04.22 12:01:48.091,1.6422,1.64245,0.80,0.20
2008.04.22 12:01:48.422,1.6422,1.6424,0.40,0.20
2008.04.22 12:01:48.771,1.64215,1.6424,0.80,0.60
2008.04.22 12:01:49.003,1.64215,1.64235,0.40,0.20
2008.04.22 12:01:49.199,1.64215,1.64235,0.40,0.20
2008.04.22 12:01:49.397,1.6421,1.64235,2.40,0.20
2008.04.22 12:01:49.622,1.6421,1.64235,2.40,0.20
2008.04.22 12:01:49.817,1.64215,1.64235,0.50,0.20
2008.04.22 12:01:50.052,1.64215,1.64235,0.50,0.20
2008.04.22 12:01:50.287,1.64215,1.64235,0.50,0.20
2008.04.22 12:01:50.522,1.64215,1.6424,0.50,0.70
2008.04.22 12:01:50.758,1.6422,1.64235,1.60,0.20
2008.04.22 12:01:50.988,1.6422,1.64235,0.40,0.20
2008.04.22 12:01:51.219,1.6422,1.6424,0.80,0.50
2008.04.22 12:01:51.449,1.6422,1.6424,0.40,0.70
2008.04.22 12:01:51.681,1.6422,1.6424,1.60,0.50
2008.04.22 12:01:51.918,1.6422,1.6424,0.40,0.50
2008.04.22 12:01:52.162,1.6422,1.6424,0.40,0.70
2008.04.22 12:01:52.407,1.6422,1.6424,0.40,0.70
2008.04.22 12:01:52.651,1.6422,1.6424,0.40,0.70
2008.04.22 12:01:52.903,1.6422,1.6424,0.40,0.70
2008.04.22 12:01:53.067,1.6422,1.6424,0.40,0.70
2008.04.22 12:01:53.234,1.6421,1.6423,4.50,0.20
2008.04.22 12:01:53.400,1.6421,1.6423,0.80,0.60
2008.04.22 12:01:53.567,1.6421,1.6423,1.20,0.40
2008.04.22 12:01:53.743,1.6421,1.6423,1.20,0.70
2008.04.22 12:01:54.056,1.6421,1.6423,2.40,0.30
2008.04.22 12:01:54.369,1.6422,1.64235,0.40,0.20
2008.04.22 12:01:54.681,1.6422,1.6424,0.40,0.70
2008.04.22 12:01:54.991,1.6422,1.6424,0.40,0.70
2008.04.22 12:01:55.246,1.6422,1.6424,0.40,0.70
2008.04.22 12:01:55.532,1.6422,1.6424,0.40,0.70
2008.04.22 12:01:55.816,1.6422,1.6424,0.40,0.70
2008.04.22 12:01:56.096,1.6422,1.6424,0.40,0.70
2008.04.22 12:01:56.375,1.6422,1.6424,0.40,0.70
2008.04.22 12:01:56.659,1.6422,1.64235,0.40,0.20
2008.04.22 12:01:56.939,1.6422,1.64235,0.40,0.20
2008.04.22 12:01:57.158,1.6422,1.64235,0.40,0.20
2008.04.22 12:01:57.378,1.6422,1.64235,0.40,0.20
2008.04.22 12:01:57.597,1.6422,1.6424,0.40,0.70
2008.04.22 12:01:57.818,1.6422,1.6424,0.40,0.70
2008.04.22 12:01:58.037,1.6422,1.6424,0.40,0.70
2008.04.22 12:01:58.273,1.6422,1.6424,0.40,0.70
2008.04.22 12:01:58.507,1.6422,1.6424,0.40,0.70
2008.04.22 12:01:58.742,1.6422,1.6424,0.40,0.70
2008.04.22 12:01:58.977,1.6422,1.6424,0.40,0.70
2008.04.22 12:01:59.262,1.6422,1.6424,0.40,0.70
2008.04.22 12:01:59.547,1.6422,1.6424,0.40,0.70
2008.04.22 12:01:59.831,1.6422,1.6424,0.40,0.70
2008.04.22 12:02:00.116,1.6422,1.64235,0.40,0.20
2008.04.22 12:02:00.331,1.6422,1.64235,0.40,0.20
2008.04.22 12:02:00.548,1.6422,1.64235,0.40,0.20
2008.04.22 12:02:00.773,1.6422,1.64235,0.40,0.20
2008.04.22 12:02:00.988,1.6422,1.64235,0.40,0.20
2008.04.22 12:02:01.176,1.6422,1.64235,0.40,0.20
2008.04.22 12:02:01.350,1.6422,1.64235,0.40,0.20
2008.04.22 12:02:01.554,1.6422,1.64235,0.40,0.20
2008.04.22 12:02:01.728,1.6422,1.64235,0.40,0.20
2008.04.22 12:02:01.901,1.6422,1.64235,0.40,0.20
2008.04.22 12:02:02.077,1.6422,1.64235,0.40,0.20
2008.04.22 12:02:02.272,1.6422,1.6424,0.80,0.50
2008.04.22 12:02:02.467,1.6422,1.6424,2.10,0.30
2008.04.22 12:02:02.662,1.6422,1.6424,2.10,0.30
2008.04.22 12:02:02.858,1.6422,1.6424,1.20,0.50
2008.04.22 12:02:03.054,1.6423,1.64245,0.40,0.20
2008.04.22 12:02:03.249,1.6423,1.64245,0.40,0.20
2008.04.22 12:02:03.508,1.6423,1.64245,0.40,0.20
2008.04.22 12:02:03.739,1.6422,1.6424,2.40,0.30
2008.04.22 12:02:03.969,1.6422,1.6424,1.20,0.30
2008.04.22 12:02:04.210,1.6422,1.6424,1.20,0.30
2008.04.22 12:02:04.419,1.6422,1.6424,1.20,0.30
2008.04.22 12:02:04.644,1.6422,1.6424,1.20,0.30
2008.04.22 12:02:04.855,1.6422,1.6424,1.20,0.30
2008.04.22 12:02:05.066,1.6423,1.64245,0.40,0.20
2008.04.22 12:02:05.281,1.6423,1.64245,0.40,0.20
2008.04.22 12:02:05.516,1.64225,1.6424,0.40,0.30
2008.04.22 12:02:05.722,1.64225,1.6424,0.40,0.30
2008.04.22 12:02:05.926,1.64225,1.6424,0.40,0.30
2008.04.22 12:02:06.136,1.64225,1.6424,0.40,0.30
2008.04.22 12:02:06.386,1.64225,1.6424,0.40,0.30
2008.04.22 12:02:06.637,1.64225,1.6424,0.40,0.30
2008.04.22 12:02:06.916,1.64225,1.64245,0.40,0.20
2008.04.22 12:02:07.140,1.64225,1.64245,0.40,0.20
2008.04.22 12:02:07.333,1.6422,1.64245,1.20,0.20
2008.04.22 12:02:07.511,1.6422,1.64245,1.20,0.20
2008.04.22 12:02:07.692,1.64225,1.6425,0.50,0.70
2008.04.22 12:02:07.882,1.64225,1.6425,1.60,0.50
2008.04.22 12:02:08.061,1.64225,1.6425,1.60,0.50
2008.04.22 12:02:08.241,1.6423,1.6425,0.40,0.50
2008.04.22 12:02:08.518,1.64225,1.64245,1.10,0.20
2008.04.22 12:02:08.812,1.6422,1.64245,2.40,0.20
2008.04.22 12:02:09.071,1.6422,1.64245,2.40,0.20
2008.04.22 12:02:09.331,1.6422,1.64245,2.40,0.20
2008.04.22 12:02:09.547,1.6422,1.64245,2.40,0.20
2008.04.22 12:02:09.763,1.6422,1.64245,2.40,0.20
2008.04.22 12:02:09.977,1.6422,1.64245,2.40,0.20
2008.04.22 12:02:10.192,1.6422,1.64245,2.40,0.20
2008.04.22 12:02:10.383,1.64225,1.6425,0.50,0.70
2008.04.22 12:02:10.574,1.64225,1.6425,1.30,0.50
2008.04.22 12:02:10.764,1.64225,1.6425,1.60,0.50
2008.04.22 12:02:10.953,1.64225,1.6425,1.60,0.50
2008.04.22 12:02:11.143,1.6423,1.6425,1.20,0.50
2008.04.22 12:02:11.345,1.6423,1.6425,1.20,0.50
2008.04.22 12:02:11.641,1.6423,1.6425,1.20,0.50
2008.04.22 12:02:11.936,1.6423,1.6425,1.20,0.50
2008.04.22 12:02:12.232,1.6423,1.6425,1.20,0.50
2008.04.22 12:02:12.402,1.64235,1.6425,0.40,0.50
2008.04.22 12:02:12.572,1.64235,1.6425,0.40,0.50
2008.04.22 12:02:12.769,1.64235,1.6425,0.40,0.50
2008.04.22 12:02:12.938,1.64235,1.6425,0.40,0.50
2008.04.22 12:02:13.109,1.64235,1.6425,0.40,0.50
2008.04.22 12:02:13.307,1.64235,1.6425,0.40,0.50
2008.04.22 12:02:13.576,1.64235,1.6425,0.40,0.50
2008.04.22 12:02:13.848,1.64235,1.6425,0.40,0.50
2008.04.22 12:02:14.118,1.64235,1.6425,0.40,0.50
2008.04.22 12:02:14.390,1.64235,1.64255,0.50,0.20
2008.04.22 12:02:14.590,1.6424,1.64255,1.20,0.20
2008.04.22 12:02:14.800,1.6424,1.6426,1.20,1.10
2008.04.22 12:02:15.001,1.64235,1.64255,1.30,0.20
2008.04.22 12:02:15.201,1.64235,1.64255,0.50,0.20
2008.04.22 12:02:15.461,1.64235,1.6426,0.50,1.40
2008.04.22 12:02:15.731,1.64235,1.64255,0.50,0.20
2008.04.22 12:02:15.991,1.6423,1.6425,1.60,0.20
2008.04.22 12:02:16.251,1.6423,1.6425,0.80,0.20
2008.04.22 12:02:16.476,1.6423,1.6425,0.80,0.20
2008.04.22 12:02:16.702,1.6423,1.6425,0.80,0.20
2008.04.22 12:02:16.926,1.6423,1.6425,0.80,0.20
2008.04.22 12:02:17.181,1.6423,1.6425,0.40,0.20
2008.04.22 12:02:17.439,1.64225,1.64245,0.80,0.20
2008.04.22 12:02:17.654,1.64225,1.64245,0.80,0.20
2008.04.22 12:02:17.899,1.64225,1.64245,0.80,0.20
2008.04.22 12:02:18.144,1.64225,1.64245,0.80,0.20
2008.04.22 12:02:18.388,1.64225,1.64245,0.80,0.20
2008.04.22 12:02:18.618,1.64225,1.64245,0.80,0.20
2008.04.22 12:02:18.848,1.64225,1.64245,0.80,0.20
2008.04.22 12:02:19.077,1.64225,1.64245,0.80,0.20
2008.04.22 12:02:19.307,1.64225,1.64245,0.80,0.20
2008.04.22 12:02:19.506,1.64225,1.64245,0.80,0.20
2008.04.22 12:02:19.706,1.64225,1.64245,0.80,0.20
2008.04.22 12:02:19.904,1.64225,1.64245,0.80,0.20
2008.04.22 12:02:20.136,1.64225,1.6425,0.80,0.70
2008.04.22 12:02:20.337,1.64225,1.6425,0.80,0.60
2008.04.22 12:02:20.547,1.6423,1.6425,0.50,0.20
2008.04.22 12:02:20.758,1.6423,1.6425,0.40,0.50
2008.04.22 12:02:20.968,1.64225,1.64245,0.80,0.20
2008.04.22 12:02:21.207,1.64225,1.64245,0.80,0.20
2008.04.22 12:02:21.419,1.6422,1.64245,2.10,0.20
2008.04.22 12:02:21.709,1.6422,1.64245,0.80,0.20
2008.04.22 12:02:22.009,1.6422,1.6424,0.80,0.50
2008.04.22 12:02:22.312,1.6422,1.64245,1.20,0.20
2008.04.22 12:02:22.611,1.6422,1.64245,1.20,0.20
2008.04.22 12:02:22.871,1.64225,1.64245,0.50,0.20
2008.04.22 12:02:23.153,1.64225,1.64245,0.50,0.20
2008.04.22 12:02:23.445,1.6422,1.64245,0.80,0.20
2008.04.22 12:02:23.681,1.6422,1.64245,0.80,0.20
2008.04.22 12:02:23.916,1.6422,1.64245,0.80,0.20
2008.04.22 12:02:24.152,1.6422,1.6424,0.80,0.20
2008.04.22 12:02:24.388,1.6422,1.6424,0.80,0.20
2008.04.22 12:02:24.660,1.64225,1.64245,0.40,0.20
2008.04.22 12:02:24.959,1.64225,1.6424,0.40,0.20
2008.04.22 12:02:25.229,1.6423,1.6425,0.50,3.30
2008.04.22 12:02:25.502,1.64225,1.64245,0.40,0.20
2008.04.22 12:02:25.778,1.6423,1.6425,0.40,1.10
2008.04.22 12:02:26.054,1.6423,1.6425,0.80,0.70
2008.04.22 12:02:26.330,1.6422,1.64245,2.40,0.20
2008.04.22 12:02:26.634,1.6422,1.64245,1.20,0.20
2008.04.22 12:02:26.921,1.6422,1.64245,0.80,0.20
2008.04.22 12:02:27.205,1.64215,1.6424,0.80,0.20
2008.04.22 12:02:27.491,1.64215,1.6424,0.50,0.60
2008.04.22 12:02:27.695,1.64215,1.6424,0.50,0.60
2008.04.22 12:02:27.929,1.64215,1.6424,0.50,0.60
2008.04.22 12:02:28.164,1.64215,1.6424,0.50,0.60
2008.04.22 12:02:28.398,1.64215,1.6424,0.50,0.60
2008.04.22 12:02:28.632,1.64215,1.6424,0.50,0.60
2008.04.22 12:02:28.842,1.64215,1.6424,0.50,0.60
2008.04.22 12:02:29.053,1.6422,1.6424,0.50,0.20
2008.04.22 12:02:30.476,1.6422,1.6424,0.50,0.20
2008.04.22 12:02:30.583,1.6422,1.6424,0.50,0.20
2008.04.22 12:02:30.661,1.6422,1.6424,0.50,0.20
2008.04.22 12:02:30.756,1.6422,1.6424,0.50,0.20
2008.04.22 12:02:30.835,1.6422,1.6424,0.50,0.20
2008.04.22 12:02:30.915,1.6422,1.6424,0.50,0.20
2008.04.22 12:02:30.996,1.6422,1.6424,0.50,0.20
2008.04.22 12:02:31.076,1.6422,1.6424,0.50,0.20
2008.04.22 12:02:31.154,1.6422,1.6424,0.50,0.20
2008.04.22 12:02:31.234,1.6422,1.6424,0.50,0.20
2008.04.22 12:02:31.314,1.6422,1.6424,0.50,0.20
2008.04.22 12:02:31.393,1.64225,1.6425,0.50,3.80
2008.04.22 12:02:31.473,1.64225,1.6425,0.50,3.80
2008.04.22 12:02:31.842,1.64225,1.6424,0.80,0.40
2008.04.22 12:02:32.177,1.6422,1.64245,0.80,0.20
2008.04.22 12:02:32.524,1.6422,1.64245,0.80,0.20
2008.04.22 12:02:32.733,1.6422,1.64245,0.80,0.20
2008.04.22 12:02:32.976,1.6422,1.6424,0.40,0.20
2008.04.22 12:02:33.187,1.6422,1.6424,0.50,0.40
2008.04.22 12:02:33.395,1.6422,1.6424,0.50,0.60
2008.04.22 12:02:33.633,1.6422,1.6424,0.50,0.60
2008.04.22 12:02:33.942,1.6422,1.6424,0.50,0.60
2008.04.22 12:02:34.253,1.6422,1.6424,0.50,0.60
2008.04.22 12:02:34.562,1.6422,1.6424,0.50,0.60
2008.04.22 12:02:34.874,1.64215,1.64235,0.50,0.20
2008.04.22 12:02:35.089,1.64215,1.6424,0.50,0.60
2008.04.22 12:02:35.305,1.64215,1.64235,0.50,0.20
2008.04.22 12:02:35.520,1.64215,1.64235,0.50,0.20
2008.04.22 12:02:35.734,1.64215,1.64235,0.50,0.20
2008.04.22 12:02:36.044,1.64215,1.64235,0.50,0.20
2008.04.22 12:02:36.385,1.64215,1.64235,0.50,0.20
2008.04.22 12:02:36.688,1.6422,1.64245,0.50,0.20
2008.04.22 12:02:36.948,1.6422,1.64245,0.50,0.20
2008.04.22 12:02:37.212,1.64225,1.64245,0.80,0.20
2008.04.22 12:02:37.478,1.6423,1.6425,0.40,3.80
2008.04.22 12:02:37.747,1.6423,1.64245,0.40,0.20
2008.04.22 12:02:38.038,1.64225,1.64245,0.80,0.20
2008.04.22 12:02:38.315,1.64225,1.64245,0.40,0.20
2008.04.22 12:02:38.592,1.64225,1.6425,0.80,1.40
2008.04.22 12:02:38.867,1.64225,1.6425,0.80,1.40
2008.04.22 12:02:39.138,1.6423,1.6425,0.80,1.20
2008.04.22 12:02:39.408,1.6423,1.6425,0.80,0.90
2008.04.22 12:02:39.679,1.6423,1.64245,0.40,0.20
2008.04.22 12:02:39.984,1.6423,1.6424,1.20,0.30
2008.04.22 12:02:40.256,1.6422,1.64245,3.20,0.20
2008.04.22 12:02:40.539,1.64225,1.64245,0.40,0.20
2008.04.22 12:02:40.822,1.6423,1.64245,0.40,0.20
2008.04.22 12:02:41.089,1.6423,1.6425,0.40,1.10
2008.04.22 12:02:41.380,1.6423,1.6425,1.20,0.20
2008.04.22 12:02:41.673,1.6424,1.6426,0.80,0.70
2008.04.22 12:02:41.941,1.6424,1.6426,1.20,0.50
2008.04.22 12:02:42.207,1.6424,1.6426,1.20,0.30
2008.04.22 12:02:42.471,1.6424,1.6426,0.60,0.50
2008.04.22 12:02:42.736,1.6424,1.6426,0.40,0.50
2008.04.22 12:02:42.992,1.6424,1.6426,0.40,0.50
2008.04.22 12:02:43.248,1.6424,1.6426,0.40,0.50
2008.04.22 12:02:43.503,1.6424,1.6426,0.60,0.50
2008.04.22 12:02:43.778,1.6424,1.6426,0.60,0.20
2008.04.22 12:02:44.016,1.6424,1.64255,0.40,0.20
2008.04.22 12:02:44.254,1.6424,1.6426,1.60,0.50
2008.04.22 12:02:44.491,1.6424,1.6426,1.20,0.30
2008.04.22 12:02:44.730,1.6424,1.6426,1.20,0.50
2008.04.22 12:02:44.967,1.6424,1.6425,0.60,0.20
2008.04.22 12:02:45.271,1.64235,1.6425,0.40,0.30
2008.04.22 12:02:45.573,1.64235,1.64255,0.40,0.20
2008.04.22 12:02:45.873,1.6423,1.64255,0.80,0.20
2008.04.22 12:02:46.082,1.6423,1.64255,0.80,0.20
2008.04.22 12:02:46.292,1.6423,1.64255,0.80,0.20
2008.04.22 12:02:46.523,1.6423,1.6425,0.80,0.20
2008.04.22 12:02:46.772,1.6423,1.6425,0.80,0.20
2008.04.22 12:02:47.053,1.6423,1.64255,0.80,0.20
2008.04.22 12:02:47.337,1.6424,1.64255,0.40,0.20
2008.04.22 12:02:47.620,1.6424,1.6426,0.40,0.50
2008.04.22 12:02:47.902,1.6424,1.6426,0.40,0.50
2008.04.22 12:02:48.157,1.6424,1.6426,0.50,0.50
2008.04.22 12:02:48.415,1.6424,1.6426,0.80,0.50
2008.04.22 12:02:48.670,1.6424,1.6426,0.80,0.50
2008.04.22 12:02:48.924,1.6424,1.6426,0.80,0.50
2008.04.22 12:02:49.205,1.6424,1.64255,0.40,0.20
2008.04.22 12:02:49.489,1.6424,1.64255,0.40,0.20
2008.04.22 12:02:49.771,1.64235,1.6425,0.80,0.30
2008.04.22 12:02:50.083,1.6423,1.64255,2.40,0.20
2008.04.22 12:02:50.344,1.6423,1.6425,2.10,0.20
2008.04.22 12:02:50.605,1.6423,1.6425,0.80,0.20
2008.04.22 12:02:50.867,1.6423,1.6425,1.20,0.20
2008.04.22 12:02:51.163,1.64235,1.6426,0.50,0.50
2008.04.22 12:02:51.431,1.64235,1.6426,0.50,0.50
2008.04.22 12:02:51.724,1.64235,1.6426,0.80,0.50
2008.04.22 12:02:51.988,1.64235,1.6426,0.80,0.50
2008.04.22 12:02:52.259,1.64235,1.64255,0.80,0.20
2008.04.22 12:02:52.530,1.64235,1.6425,0.80,0.30
2008.04.22 12:02:52.800,1.6424,1.6426,0.40,0.70
2008.04.22 12:02:53.070,1.6424,1.6426,0.40,0.50
2008.04.22 12:02:53.295,1.6424,1.6426,0.40,0.50
2008.04.22 12:02:53.519,1.6424,1.6426,0.40,0.50
2008.04.22 12:02:53.743,1.6424,1.6426,0.40,0.50
2008.04.22 12:02:53.967,1.6424,1.6426,0.40,0.50
2008.04.22 12:02:54.222,1.6424,1.6426,0.40,0.50
2008.04.22 12:02:54.477,1.6424,1.6426,0.40,0.50
2008.04.22 12:02:54.731,1.6424,1.6426,0.40,0.50
2008.04.22 12:02:54.986,1.6424,1.6426,0.40,0.50
2008.04.22 12:02:55.206,1.6424,1.64265,0.80,0.20
2008.04.22 12:02:55.426,1.6424,1.64265,0.80,0.20
2008.04.22 12:02:55.646,1.6424,1.64265,0.80,0.20
2008.04.22 12:02:55.870,1.6425,1.6427,0.40,3.10
2008.04.22 12:02:56.107,1.6424,1.6426,2.10,0.30
2008.04.22 12:02:56.394,1.6424,1.64255,1.20,0.20
2008.04.22 12:02:56.681,1.64235,1.6426,0.80,0.70
2008.04.22 12:02:56.968,1.64235,1.64255,0.80,0.20
2008.04.22 12:02:57.182,1.64235,1.64255,0.80,0.20
2008.04.22 12:02:57.398,1.64235,1.64255,0.80,0.20
2008.04.22 12:02:57.612,1.64235,1.64255,0.80,0.20
2008.04.22 12:02:57.827,1.64235,1.64255,0.80,0.20
2008.04.22 12:02:58.069,1.64235,1.64255,0.80,0.20
2008.04.22 12:02:58.278,1.64235,1.64255,0.80,0.20
2008.04.22 12:02:58.512,1.64235,1.64255,0.80,0.20
2008.04.22 12:02:58.775,1.64235,1.64255,0.80,0.20
2008.04.22 12:02:59.010,1.64235,1.64255,0.80,0.20
2008.04.22 12:02:59.245,1.64235,1.64255,0.80,0.20
2008.04.22 12:02:59.455,1.64235,1.64255,0.80,0.20
2008.04.22 12:02:59.665,1.64235,1.64255,0.80,0.20
2008.04.22 12:02:59.875,1.64235,1.64255,0.80,0.20
2008.04.22 12:03:00.085,1.64235,1.64255,0.80,0.20
2008.04.22 12:03:00.288,1.64235,1.64255,0.80,0.20
2008.04.22 12:03:00.434,1.64235,1.64255,0.80,0.20
2008.04.22 12:03:00.610,1.64235,1.64255,0.80,0.20
2008.04.22 12:03:00.784,1.64235,1.64255,0.80,0.20
2008.04.22 12:03:00.959,1.64235,1.64255,0.80,0.20
2008.04.22 12:03:01.133,1.64235,1.64255,0.80,0.20
2008.04.22 12:03:01.377,1.64235,1.64255,0.80,0.20
2008.04.22 12:03:01.597,1.64235,1.64255,0.80,0.20
2008.04.22 12:03:01.817,1.64235,1.64255,0.80,0.20
2008.04.22 12:03:02.067,1.64235,1.64255,0.80,0.20
2008.04.22 12:03:02.287,1.64235,1.64255,0.80,0.20
2008.04.22 12:03:02.506,1.64235,1.64255,0.80,0.20
2008.04.22 12:03:02.726,1.64235,1.64255,0.80,0.20
2008.04.22 12:03:02.947,1.64235,1.64255,0.80,0.20
2008.04.22 12:03:03.197,1.64235,1.64255,0.80,0.20
2008.04.22 12:03:03.350,1.64235,1.64255,0.80,0.20
2008.04.22 12:03:03.534,1.64235,1.64255,0.80,0.20
2008.04.22 12:03:03.718,1.64235,1.64255,0.80,0.20
2008.04.22 12:03:03.903,1.64235,1.64255,0.80,0.20
2008.04.22 12:03:04.088,1.64235,1.64255,0.80,0.20
2008.04.22 12:03:04.273,1.64235,1.64255,0.80,0.20
2008.04.22 12:03:04.477,1.64235,1.64255,0.80,0.20
2008.04.22 12:03:04.683,1.64235,1.64255,0.80,0.20
2008.04.22 12:03:04.908,1.64235,1.64255,0.80,0.20
2008.04.22 12:03:05.112,1.64235,1.64255,0.80,0.20
2008.04.22 12:03:05.317,1.64235,1.64255,0.80,0.20
2008.04.22 12:03:05.582,1.64235,1.64255,0.80,0.20
2008.04.22 12:03:05.817,1.64235,1.64255,0.80,0.20
2008.04.22 12:03:06.051,1.64235,1.64255,0.80,0.20
2008.04.22 12:03:06.285,1.64235,1.64255,0.80,0.20
2008.04.22 12:03:06.495,1.6424,1.6426,1.20,0.50
2008.04.22 12:03:06.705,1.6424,1.64255,0.40,0.20
2008.04.22 12:03:06.914,1.6424,1.64255,0.40,0.20
2008.04.22 12:03:07.128,1.6424,1.6426,0.80,0.50
2008.04.22 12:03:07.339,1.6424,1.6426,1.20,0.50
2008.04.22 12:03:07.594,1.6424,1.6426,1.20,0.50
2008.04.22 12:03:07.848,1.6424,1.6426,1.20,0.50
2008.04.22 12:03:08.103,1.6424,1.6426,1.20,0.50
2008.04.22 12:03:08.356,1.6424,1.6426,1.20,0.50
2008.04.22 12:03:08.536,1.6424,1.64255,0.40,0.20
2008.04.22 12:03:08.715,1.6424,1.64255,0.40,0.20
2008.04.22 12:03:08.925,1.6424,1.64255,0.40,0.20
2008.04.22 12:03:09.073,1.6424,1.64255,0.40,0.20
2008.04.22 12:03:09.252,1.6424,1.64255,0.40,0.20
2008.04.22 12:03:09.431,1.6424,1.64255,0.40,0.20
2008.04.22 12:03:09.647,1.6424,1.64255,0.40,0.20
2008.04.22 12:03:09.860,1.6424,1.64255,0.40,0.20
2008.04.22 12:03:10.101,1.6424,1.6426,0.40,0.50
2008.04.22 12:03:10.316,1.6424,1.6426,0.40,0.50
2008.04.22 12:03:10.534,1.6424,1.6426,0.80,0.30
2008.04.22 12:03:10.805,1.64245,1.64265,0.40,0.20
2008.04.22 12:03:11.075,1.64245,1.6427,0.80,1.50
2008.04.22 12:03:11.345,1.64245,1.6427,0.80,0.90
2008.04.22 12:03:11.616,1.64245,1.6427,0.80,0.90
2008.04.22 12:03:11.860,1.64245,1.6427,0.80,0.90
2008.04.22 12:03:12.104,1.64245,1.6427,0.80,0.90
2008.04.22 12:03:12.348,1.64245,1.6427,0.80,0.90
2008.04.22 12:03:12.594,1.64245,1.6427,0.80,0.90
2008.04.22 12:03:12.838,1.64245,1.6427,0.80,0.90
2008.04.22 12:03:13.085,1.64245,1.64265,0.40,0.20
2008.04.22 12:03:13.332,1.64245,1.6427,0.80,0.70
2008.04.22 12:03:13.576,1.6425,1.6427,0.40,0.50
2008.04.22 12:03:13.805,1.6425,1.6427,0.40,0.50
2008.04.22 12:03:14.035,1.6425,1.64265,0.40,0.20
2008.04.22 12:03:14.266,1.64245,1.64265,0.40,0.20
2008.04.22 12:03:14.497,1.64245,1.64265,0.40,0.20
2008.04.22 12:03:14.797,1.64245,1.64265,0.40,0.20
2008.04.22 12:03:15.098,1.64245,1.64265,0.40,0.20
2008.04.22 12:03:15.400,1.64245,1.64265,0.40,0.20
2008.04.22 12:03:15.732,1.6424,1.64265,1.20,0.20
2008.04.22 12:03:15.991,1.6424,1.64265,2.10,0.20
2008.04.22 12:03:16.274,1.6424,1.64265,1.20,0.20
2008.04.22 12:03:16.564,1.6424,1.64265,2.40,0.20
2008.04.22 12:03:16.815,1.64245,1.64265,0.40,0.20
2008.04.22 12:03:17.088,1.64245,1.64265,0.40,0.20
2008.04.22 12:03:17.334,1.64245,1.64265,0.40,0.20
2008.04.22 12:03:17.578,1.64245,1.64265,0.40,0.20
2008.04.22 12:03:17.798,1.64245,1.64265,0.40,0.20
2008.04.22 12:03:18.018,1.64245,1.64265,0.40,0.20
2008.04.22 12:03:18.261,1.64245,1.64265,0.40,0.20
2008.04.22 12:03:18.481,1.64245,1.64265,0.40,0.20
2008.04.22 12:03:18.700,1.64245,1.64265,0.40,0.20
2008.04.22 12:03:18.910,1.64245,1.64265,0.40,0.20
2008.04.22 12:03:19.119,1.64245,1.64265,0.40,0.20
2008.04.22 12:03:19.329,1.64245,1.64265,0.40,0.20
2008.04.22 12:03:19.552,1.64245,1.64265,0.40,0.20
2008.04.22 12:03:19.757,1.64245,1.64265,0.40,0.20
2008.04.22 12:03:19.962,1.6425,1.6427,0.40,0.70
2008.04.22 12:03:20.168,1.6425,1.6427,0.40,0.50
2008.04.22 12:03:20.373,1.6425,1.6427,0.50,0.50
2008.04.22 12:03:20.578,1.6425,1.6427,0.80,0.30
2008.04.22 12:03:20.891,1.64255,1.6427,0.40,0.30
2008.04.22 12:03:21.173,1.64255,1.6427,0.40,0.30
2008.04.22 12:03:21.455,1.64255,1.6427,0.40,0.30
2008.04.22 12:03:21.735,1.64255,1.6427,0.40,0.30
2008.04.22 12:03:21.946,1.64255,1.6427,0.40,0.30
2008.04.22 12:03:22.155,1.64255,1.6427,0.40,0.30
2008.04.22 12:03:22.365,1.64255,1.6427,0.40,0.30
2008.04.22 12:03:22.575,1.64255,1.6427,0.40,0.30
2008.04.22 12:03:22.784,1.64255,1.6427,0.40,0.30
2008.04.22 12:03:22.959,1.64255,1.6427,0.40,0.30
2008.04.22 12:03:23.134,1.64255,1.6427,0.40,0.30
2008.04.22 12:03:23.308,1.64255,1.6427,0.40,0.30
2008.04.22 12:03:23.481,1.64255,1.6427,0.40,0.30
2008.04.22 12:03:23.686,1.64255,1.6427,0.40,0.30
2008.04.22 12:03:23.871,1.64255,1.6427,0.40,0.30
2008.04.22 12:03:24.085,1.64255,1.6427,0.40,0.30
2008.04.22 12:03:24.300,1.64255,1.6427,0.40,0.30
2008.04.22 12:03:24.513,1.64255,1.6427,0.40,0.30
2008.04.22 12:03:24.729,1.64255,1.6427,0.40,0.30
2008.04.22 12:03:24.977,1.64255,1.6427,0.40,0.30
2008.04.22 12:03:25.196,1.64255,1.6427,0.40,0.30
2008.04.22 12:03:25.415,1.64255,1.6427,0.40,0.30
2008.04.22 12:03:25.645,1.64255,1.6427,0.40,0.30
2008.04.22 12:03:25.865,1.64255,1.6427,0.40,0.30
2008.04.22 12:03:26.079,1.64255,1.6427,0.40,0.30
2008.04.22 12:03:26.298,1.64255,1.6427,0.40,0.30
2008.04.22 12:03:26.511,1.64255,1.6427,0.40,0.30
2008.04.22 12:03:26.756,1.64255,1.6427,0.40,0.30
2008.04.22 12:03:26.972,1.64255,1.6427,0.40,0.30
2008.04.22 12:03:27.216,1.64255,1.6427,0.40,0.30
2008.04.22 12:03:27.491,1.64255,1.6427,0.40,0.30
2008.04.22 12:03:27.737,1.64255,1.6427,0.40,0.50
2008.04.22 12:03:27.983,1.64255,1.6427,0.40,0.50
2008.04.22 12:03:28.253,1.64255,1.6427,0.40,0.50
2008.04.22 12:03:28.524,1.64255,1.6427,0.40,0.50
2008.04.22 12:03:28.795,1.64255,1.6427,0.40,0.50
2008.04.22 12:03:29.065,1.64255,1.6427,0.40,0.30
2008.04.22 12:03:29.310,1.64255,1.6427,0.40,0.30
2008.04.22 12:03:29.555,1.64255,1.6427,0.40,0.20
2008.04.22 12:03:29.801,1.64255,1.6427,0.80,0.30
2008.04.22 12:03:30.047,1.64255,1.6427,0.80,0.30
2008.04.22 12:03:30.298,1.64255,1.6427,0.80,0.30
2008.04.22 12:03:30.549,1.64255,1.6427,0.40,0.30
2008.04.22 12:03:30.799,1.64255,1.6427,0.40,0.30
2008.04.22 12:03:31.057,1.64255,1.6427,0.40,0.30
2008.04.22 12:03:31.365,1.64255,1.6427,0.40,0.30
2008.04.22 12:03:31.639,1.64255,1.6427,0.40,0.30
2008.04.22 12:03:31.914,1.64255,1.6427,0.40,0.50
2008.04.22 12:03:32.125,1.6425,1.6427,0.40,0.50
2008.04.22 12:03:32.334,1.6425,1.6427,0.80,0.50
2008.04.22 12:03:32.544,1.6425,1.6427,0.40,0.50
2008.04.22 12:03:32.754,1.6425,1.6427,0.40,0.50
2008.04.22 12:03:32.995,1.6425,1.6427,0.40,0.70
2008.04.22 12:03:33.265,1.6425,1.64265,0.40,0.20
2008.04.22 12:03:33.535,1.64245,1.64265,0.80,0.20
2008.04.22 12:03:33.804,1.64245,1.64265,0.80,0.20
2008.04.22 12:03:34.073,1.64245,1.64265,0.80,0.20
2008.04.22 12:03:34.237,1.64245,1.64265,0.80,0.20
2008.04.22 12:03:34.402,1.64245,1.64265,0.80,0.20
2008.04.22 12:03:34.566,1.64245,1.64265,0.80,0.20
2008.04.22 12:03:34.731,1.64245,1.6427,0.80,0.70
2008.04.22 12:03:34.895,1.64245,1.6427,0.80,0.70
2008.04.22 12:03:35.061,1.64245,1.64265,0.40,0.20
2008.04.22 12:03:35.341,1.64245,1.64265,0.40,0.20
2008.04.22 12:03:35.621,1.64255,1.64275,0.50,0.20
2008.04.22 12:03:35.902,1.64255,1.6427,0.40,0.30
2008.04.22 12:03:36.213,1.64255,1.64275,0.80,0.20
2008.04.22 12:03:36.519,1.64255,1.6427,0.40,0.30
2008.04.22 12:03:36.792,1.64255,1.6427,0.40,0.30
2008.04.22 12:03:37.067,1.64255,1.6427,0.40,0.30
2008.04.22 12:03:37.375,1.64255,1.6427,0.40,0.30
2008.04.22 12:03:37.601,1.64255,1.6427,0.40,0.30
2008.04.22 12:03:37.825,1.64255,1.6427,0.40,0.30
2008.04.22 12:03:38.050,1.64255,1.6427,0.40,0.30
2008.04.22 12:03:38.275,1.64255,1.6427,0.40,0.30
2008.04.22 12:03:38.506,1.64255,1.6427,0.40,0.30
2008.04.22 12:03:38.737,1.64255,1.6427,0.40,0.50
2008.04.22 12:03:38.968,1.6425,1.64265,0.60,0.20
2008.04.22 12:03:39.199,1.6425,1.6427,0.60,0.70
2008.04.22 12:03:39.454,1.6425,1.64265,0.60,0.20
2008.04.22 12:03:39.708,1.6425,1.6427,0.60,0.70
2008.04.22 12:03:39.963,1.6425,1.6427,0.60,0.70
2008.04.22 12:03:40.217,1.6425,1.6427,0.60,0.70
2008.04.22 12:03:40.457,1.6425,1.6427,0.60,0.70
2008.04.22 12:03:40.672,1.6425,1.6427,0.60,0.70
2008.04.22 12:03:40.887,1.6425,1.6427,0.60,0.50
2008.04.22 12:03:41.102,1.6425,1.6427,0.60,0.50
2008.04.22 12:03:41.318,1.6425,1.6427,0.60,0.50
2008.04.22 12:03:41.563,1.6425,1.6427,0.60,0.50
2008.04.22 12:03:41.829,1.6425,1.6427,0.60,0.50
2008.04.22 12:03:42.107,1.6425,1.6427,0.60,0.50
2008.04.22 12:03:42.351,1.6425,1.6427,0.60,0.50
2008.04.22 12:03:42.600,1.6425,1.6427,0.60,0.50
2008.04.22 12:03:42.849,1.6425,1.6427,0.60,0.50
2008.04.22 12:03:43.099,1.6425,1.6427,0.60,0.50
2008.04.22 12:03:43.350,1.6425,1.6427,0.60,0.50
2008.04.22 12:03:43.520,1.6425,1.6427,0.60,0.50
2008.04.22 12:03:43.690,1.6425,1.6427,0.60,0.50
2008.04.22 12:03:43.858,1.6425,1.6427,0.60,0.50
2008.04.22 12:03:44.028,1.6425,1.6427,0.60,0.50
2008.04.22 12:03:44.197,1.6425,1.6427,0.60,0.50
2008.04.22 12:03:44.474,1.6425,1.6427,0.60,0.50
2008.04.22 12:03:44.747,1.6425,1.6427,0.60,0.50
2008.04.22 12:03:45.021,1.6425,1.6427,0.60,0.50
2008.04.22 12:03:45.295,1.6425,1.6427,0.60,0.50
2008.04.22 12:03:45.485,1.6425,1.6427,0.60,0.50
2008.04.22 12:03:45.675,1.6425,1.6427,0.60,0.50
2008.04.22 12:03:45.864,1.6425,1.6427,0.60,0.50
2008.04.22 12:03:46.054,1.6425,1.6427,1.20,0.50
2008.04.22 12:03:46.245,1.6425,1.6427,1.20,0.50
2008.04.22 12:03:46.434,1.6425,1.6427,1.20,0.50
2008.04.22 12:03:46.730,1.6425,1.6427,1.20,0.50
2008.04.22 12:03:47.025,1.6425,1.6427,1.20,0.50
2008.04.22 12:03:47.325,1.6425,1.6427,1.20,0.50
2008.04.22 12:03:47.543,1.6425,1.6427,0.60,0.50
2008.04.22 12:03:47.757,1.6425,1.6427,0.60,0.50
2008.04.22 12:03:47.974,1.6425,1.6427,0.60,0.50
2008.04.22 12:03:48.205,1.6425,1.6427,0.60,0.50
2008.04.22 12:03:48.453,1.6425,1.6427,0.60,0.50
2008.04.22 12:03:48.778,1.6425,1.6427,0.60,0.50
2008.04.22 12:03:49.103,1.6425,1.6427,0.60,0.50
2008.04.22 12:03:49.428,1.6425,1.6427,0.60,0.50
2008.04.22 12:03:49.602,1.6425,1.6427,0.60,0.50
2008.04.22 12:03:49.776,1.6425,1.6427,0.60,0.50
2008.04.22 12:03:49.951,1.6425,1.6427,0.60,0.50
2008.04.22 12:03:50.130,1.6425,1.6427,0.60,0.50
2008.04.22 12:03:50.304,1.6425,1.6427,0.60,0.50
2008.04.22 12:03:50.511,1.6425,1.6427,0.60,0.50
2008.04.22 12:03:50.711,1.6425,1.6427,0.60,0.50
2008.04.22 12:03:50.903,1.6425,1.6427,0.60,0.50
2008.04.22 12:03:51.102,1.6425,1.6427,0.60,0.50
2008.04.22 12:03:51.297,1.6425,1.6427,0.60,0.50
2008.04.22 12:03:51.493,1.6425,1.6427,0.60,0.50
2008.04.22 12:03:51.750,1.6425,1.6427,0.60,0.50
2008.04.22 12:03:51.979,1.6425,1.6427,0.60,0.50
2008.04.22 12:03:52.209,1.6425,1.6427,0.60,0.50
2008.04.22 12:03:52.438,1.6425,1.6427,0.60,0.50
2008.04.22 12:03:52.667,1.6425,1.6427,0.60,0.50
2008.04.22 12:03:52.850,1.6425,1.6427,0.60,0.50
2008.04.22 12:03:53.037,1.6425,1.6427,0.60,0.50
2008.04.22 12:03:53.224,1.6425,1.6427,0.60,0.50
2008.04.22 12:03:53.406,1.6425,1.6427,0.60,0.50
2008.04.22 12:03:53.590,1.6425,1.6427,0.60,0.50
2008.04.22 12:03:53.779,1.6425,1.6427,0.60,0.50
2008.04.22 12:03:53.969,1.6425,1.6427,0.60,0.50
2008.04.22 12:03:54.159,1.6425,1.6427,0.60,0.50
2008.04.22 12:03:54.381,1.6425,1.6427,0.60,0.50
2008.04.22 12:03:54.571,1.6425,1.6427,0.60,0.50
2008.04.22 12:03:54.760,1.6425,1.6427,0.60,0.50
2008.04.22 12:03:54.971,1.6425,1.6427,0.60,0.50
2008.04.22 12:03:55.179,1.6425,1.6427,0.60,0.50
2008.04.22 12:03:55.388,1.6425,1.6427,0.60,0.50
2008.04.22 12:03:55.597,1.6425,1.6427,0.60,0.50
2008.04.22 12:03:55.807,1.6425,1.6427,0.60,0.50
2008.04.22 12:03:55.966,1.6425,1.6427,0.60,0.50
2008.04.22 12:03:56.131,1.6425,1.6427,0.60,0.50
2008.04.22 12:03:56.291,1.6425,1.6427,0.60,0.50
2008.04.22 12:03:56.450,1.6425,1.6427,0.60,0.50
2008.04.22 12:03:56.610,1.6425,1.6427,0.60,0.50
2008.04.22 12:03:56.809,1.6425,1.6427,0.60,0.50
2008.04.22 12:03:57.008,1.6425,1.6427,0.60,0.50
2008.04.22 12:03:57.236,1.6425,1.6427,0.60,0.50
2008.04.22 12:03:57.435,1.6425,1.6427,0.60,0.50
2008.04.22 12:03:57.635,1.6425,1.6427,0.60,0.50
2008.04.22 12:03:57.834,1.6425,1.6427,0.60,0.50
2008.04.22 12:03:58.028,1.6425,1.6427,0.60,0.50
2008.04.22 12:03:58.222,1.6425,1.6427,0.60,0.50
2008.04.22 12:03:58.417,1.6425,1.6427,0.60,0.50
2008.04.22 12:03:58.611,1.6425,1.6427,0.60,0.50
2008.04.22 12:03:58.807,1.6425,1.6427,0.60,0.50
2008.04.22 12:03:58.983,1.6425,1.6427,0.60,0.50
2008.04.22 12:03:59.159,1.6425,1.6427,1.20,0.30
2008.04.22 12:03:59.346,1.64255,1.6427,0.40,0.30
2008.04.22 12:03:59.522,1.64255,1.6427,0.40,0.30
2008.04.22 12:03:59.709,1.64255,1.6427,0.40,0.30
2008.04.22 12:04:00.022,1.64255,1.6427,0.40,0.30
2008.04.22 12:04:00.333,1.64255,1.64275,0.80,0.20
2008.04.22 12:04:00.644,1.64255,1.64275,0.80,0.20
2008.04.22 12:04:00.954,1.64255,1.64275,0.50,0.20
2008.04.22 12:04:01.223,1.64255,1.64275,0.50,0.20
2008.04.22 12:04:01.494,1.6426,1.6428,0.50,0.70
2008.04.22 12:04:01.797,1.64255,1.6428,0.50,0.70
2008.04.22 12:04:02.067,1.64255,1.64275,0.50,0.20
2008.04.22 12:04:02.310,1.64255,1.64275,0.50,0.20
2008.04.22 12:04:02.579,1.64255,1.64275,0.50,0.20
2008.04.22 12:04:02.852,1.64245,1.6427,0.80,0.20
2008.04.22 12:04:03.149,1.64245,1.6427,0.80,0.20
2008.04.22 12:04:03.445,1.64245,1.6427,0.80,0.60
2008.04.22 12:04:03.710,1.64245,1.6427,0.80,0.60
2008.04.22 12:04:03.975,1.6425,1.64275,0.50,0.20
2008.04.22 12:04:04.216,1.6425,1.6427,0.80,0.40
2008.04.22 12:04:04.460,1.6425,1.6427,0.80,0.20
2008.04.22 12:04:04.701,1.6425,1.64275,0.80,0.20
2008.04.22 12:04:04.941,1.6425,1.64275,0.80,0.20
2008.04.22 12:04:05.181,1.6425,1.64275,0.80,0.20
2008.04.22 12:04:05.422,1.6425,1.64275,0.80,0.20
2008.04.22 12:04:05.660,1.6425,1.64275,0.80,0.20
2008.04.22 12:04:05.899,1.6425,1.64275,0.80,0.20
2008.04.22 12:04:06.139,1.6425,1.6427,0.80,0.20
2008.04.22 12:04:06.380,1.6425,1.6427,0.80,0.50
2008.04.22 12:04:06.619,1.6425,1.6427,0.80,0.40
2008.04.22 12:04:06.889,1.6425,1.6427,0.80,0.70
2008.04.22 12:04:07.099,1.6425,1.6427,0.80,0.50
2008.04.22 12:04:07.314,1.6425,1.6427,0.80,0.50
2008.04.22 12:04:07.530,1.6425,1.64275,0.80,0.20
2008.04.22 12:04:07.745,1.6425,1.64275,0.80,0.20
2008.04.22 12:04:07.959,1.6425,1.64275,0.80,0.20
2008.04.22 12:04:08.175,1.6425,1.64275,0.80,0.20
2008.04.22 12:04:08.466,1.6425,1.6427,0.40,0.50
2008.04.22 12:04:08.756,1.6425,1.6427,0.80,0.50
2008.04.22 12:04:09.046,1.6425,1.6427,0.40,0.70
2008.04.22 12:04:09.295,1.6425,1.6427,0.40,0.70
2008.04.22 12:04:09.545,1.6425,1.6427,0.40,0.70
2008.04.22 12:04:09.794,1.6425,1.6427,0.40,0.70
2008.04.22 12:04:11.197,1.6425,1.6427,0.40,0.70
2008.04.22 12:04:11.275,1.6425,1.6427,0.40,0.70
2008.04.22 12:04:11.358,1.6425,1.6427,0.40,0.70
2008.04.22 12:04:11.443,1.6425,1.6427,0.40,0.70
2008.04.22 12:04:11.559,1.64245,1.6426,0.50,0.30
2008.04.22 12:04:11.672,1.64245,1.6426,0.50,0.30
2008.04.22 12:04:11.759,1.64245,1.64265,0.50,0.20
2008.04.22 12:04:11.841,1.64245,1.64265,0.50,0.20
2008.04.22 12:04:11.926,1.64245,1.64265,0.50,0.20
2008.04.22 12:04:12.010,1.64245,1.6427,0.50,0.70
2008.04.22 12:04:12.096,1.6425,1.6427,0.40,0.70
2008.04.22 12:04:12.203,1.6425,1.6427,0.40,0.70
2008.04.22 12:04:12.541,1.64255,1.6427,0.50,0.50
2008.04.22 12:04:12.878,1.6425,1.6427,0.80,0.50
2008.04.22 12:04:13.220,1.6425,1.64275,0.80,0.20
2008.04.22 12:04:13.438,1.6425,1.64275,0.80,0.20
2008.04.22 12:04:13.664,1.6425,1.6427,0.80,0.20
2008.04.22 12:04:13.879,1.6425,1.6427,0.80,0.20
2008.04.22 12:04:14.122,1.64245,1.6427,0.50,0.50
2008.04.22 12:04:14.376,1.64245,1.64265,0.50,0.20
2008.04.22 12:04:14.688,1.64245,1.64265,0.50,0.20
2008.04.22 12:04:14.972,1.64245,1.64265,0.50,0.20
2008.04.22 12:04:15.258,1.6425,1.64265,0.40,0.20
2008.04.22 12:04:15.466,1.6425,1.64265,0.40,0.20
2008.04.22 12:04:15.677,1.6425,1.64265,0.40,0.20
2008.04.22 12:04:15.827,1.6425,1.6427,0.40,0.70
2008.04.22 12:04:16.008,1.6425,1.6427,0.40,0.70
2008.04.22 12:04:16.187,1.6425,1.6427,0.40,0.70
2008.04.22 12:04:16.368,1.6425,1.6427,0.40,0.70
2008.04.22 12:04:16.647,1.6425,1.6427,0.40,0.70
2008.04.22 12:04:16.958,1.6425,1.6427,0.40,0.70
2008.04.22 12:04:17.268,1.6425,1.6427,0.40,0.70
2008.04.22 12:04:17.516,1.6425,1.6427,0.40,0.70
2008.04.22 12:04:17.700,1.6425,1.6427,0.40,0.70
2008.04.22 12:04:17.884,1.6425,1.6427,0.40,0.70
2008.04.22 12:04:18.070,1.6425,1.6427,0.40,0.70
2008.04.22 12:04:18.254,1.6425,1.6427,0.40,0.70
2008.04.22 12:04:18.437,1.6425,1.6427,0.40,0.70
2008.04.22 12:04:18.641,1.6425,1.6427,0.40,0.70
2008.04.22 12:04:18.846,1.6425,1.6427,0.40,0.70
2008.04.22 12:04:19.077,1.6425,1.6427,0.40,0.70
2008.04.22 12:04:19.281,1.6425,1.6427,0.40,0.70
2008.04.22 12:04:19.486,1.6425,1.6427,0.40,0.70
2008.04.22 12:04:19.731,1.6425,1.6427,0.40,0.70
2008.04.22 12:04:19.945,1.6425,1.6427,0.40,0.70
2008.04.22 12:04:20.159,1.6425,1.6427,0.40,0.70
2008.04.22 12:04:20.373,1.6425,1.6427,0.40,0.70
2008.04.22 12:04:20.598,1.6425,1.6427,0.40,0.70
2008.04.22 12:04:20.823,1.6425,1.6427,0.40,0.70
2008.04.22 12:04:21.045,1.6425,1.6427,0.40,0.70
2008.04.22 12:04:21.271,1.6425,1.6427,0.40,0.70
2008.04.22 12:04:21.494,1.6425,1.6427,0.40,0.70
2008.04.22 12:04:21.689,1.6425,1.6427,0.40,0.70
2008.04.22 12:04:21.884,1.6425,1.6427,0.40,0.70
2008.04.22 12:04:22.078,1.6425,1.6427,0.40,0.70
2008.04.22 12:04:22.272,1.6425,1.6427,0.40,0.70
2008.04.22 12:04:22.466,1.6425,1.6427,0.40,0.70
2008.04.22 12:04:22.675,1.6425,1.6427,0.40,0.70
2008.04.22 12:04:22.884,1.6425,1.6427,0.40,0.70
2008.04.22 12:04:23.094,1.6425,1.6427,0.40,0.70
2008.04.22 12:04:23.305,1.6425,1.6427,0.40,0.70
2008.04.22 12:04:23.513,1.6425,1.6427,0.40,0.70
2008.04.22 12:04:23.724,1.6425,1.6427,0.40,0.70
2008.04.22 12:04:23.933,1.6425,1.6427,0.40,0.70
2008.04.22 12:04:24.170,1.6425,1.6427,0.40,0.70
2008.04.22 12:04:24.351,1.6425,1.6427,0.40,0.70
2008.04.22 12:04:24.560,1.6425,1.6427,0.40,0.70
2008.04.22 12:04:24.759,1.6425,1.6427,0.40,0.70
2008.04.22 12:04:24.958,1.6425,1.6427,0.40,0.70
2008.04.22 12:04:25.157,1.6425,1.6427,0.40,0.70
2008.04.22 12:04:25.357,1.6425,1.6427,0.40,0.70
2008.04.22 12:04:25.557,1.6425,1.6427,0.40,0.70
2008.04.22 12:04:25.759,1.6425,1.6427,0.40,0.70
2008.04.22 12:04:25.897,1.6425,1.6427,0.40,0.70
2008.04.22 12:04:26.066,1.6425,1.6427,0.40,0.70
2008.04.22 12:04:26.236,1.6425,1.6427,0.40,0.70
2008.04.22 12:04:26.406,1.6425,1.6427,0.40,0.70
2008.04.22 12:04:26.574,1.6425,1.6427,0.40,0.70
2008.04.22 12:04:26.803,1.6425,1.6427,0.40,0.70
2008.04.22 12:04:27.033,1.6425,1.6427,0.80,0.30
2008.04.22 12:04:27.266,1.64255,1.64275,0.50,0.20
2008.04.22 12:04:27.496,1.64255,1.64275,0.50,0.20
2008.04.22 12:04:27.746,1.64255,1.64275,0.50,0.20
2008.04.22 12:04:28.019,1.64255,1.64275,0.50,0.20
2008.04.22 12:04:28.268,1.64255,1.64275,0.50,0.20
2008.04.22 12:04:28.518,1.64255,1.64275,0.50,0.20
2008.04.22 12:04:28.752,1.64255,1.64275,0.50,0.20
2008.04.22 12:04:28.986,1.64255,1.64275,0.50,0.20
2008.04.22 12:04:29.221,1.64255,1.64275,0.50,0.20
2008.04.22 12:04:29.455,1.64255,1.64275,0.50,0.20
2008.04.22 12:04:29.689,1.64255,1.64275,0.50,0.20
2008.04.22 12:04:29.868,1.64255,1.64275,0.50,0.20
2008.04.22 12:04:30.048,1.64255,1.64275,0.50,0.20
2008.04.22 12:04:30.238,1.64255,1.64275,0.50,0.20
2008.04.22 12:04:30.418,1.6425,1.64275,0.80,0.20
2008.04.22 12:04:30.599,1.6425,1.64275,0.50,0.20
2008.04.22 12:04:30.843,1.6425,1.64275,0.50,0.20
2008.04.22 12:04:31.088,1.6425,1.64275,0.50,0.20
2008.04.22 12:04:31.332,1.6425,1.64275,0.50,0.20
2008.04.22 12:04:31.577,1.6425,1.64275,0.50,0.20
2008.04.22 12:04:31.821,1.6425,1.64275,0.50,0.20
2008.04.22 12:04:32.016,1.6425,1.64275,0.50,0.20
2008.04.22 12:04:32.210,1.6425,1.64275,0.50,0.20
2008.04.22 12:04:32.404,1.6425,1.64275,0.50,0.20
2008.04.22 12:04:32.597,1.6425,1.64275,0.50,0.20
2008.04.22 12:04:32.820,1.6425,1.64275,0.50,0.20
2008.04.22 12:04:33.010,1.6425,1.64275,0.50,0.20
2008.04.22 12:04:33.199,1.6425,1.64275,0.50,0.20
2008.04.22 12:04:33.388,1.6425,1.64275,0.50,0.20
2008.04.22 12:04:33.577,1.6425,1.64275,0.50,0.20
2008.04.22 12:04:33.766,1.6425,1.64275,0.50,0.20
2008.04.22 12:04:33.980,1.64245,1.6427,0.80,2.50
2008.04.22 12:04:34.197,1.64245,1.6426,0.80,0.30
2008.04.22 12:04:34.412,1.64245,1.6426,0.50,0.30
2008.04.22 12:04:34.627,1.64245,1.6427,0.50,3.10
2008.04.22 12:04:34.843,1.6424,1.64265,0.80,0.20
2008.04.22 12:04:35.093,1.6424,1.64265,0.50,0.20
2008.04.22 12:04:35.344,1.64245,1.64265,0.50,0.20
2008.04.22 12:04:35.606,1.64235,1.64255,0.80,0.20
2008.04.22 12:04:35.859,1.6423,1.6425,0.50,0.30
2008.04.22 12:04:36.112,1.64225,1.64245,0.80,0.20
2008.04.22 12:04:36.360,1.6422,1.6424,2.40,0.20
2008.04.22 12:04:36.610,1.6422,1.6424,1.20,0.70
2008.04.22 12:04:36.892,1.64215,1.6424,1.60,0.50
2008.04.22 12:04:37.196,1.64215,1.6424,1.60,0.50
2008.04.22 12:04:37.486,1.64215,1.6424,1.60,0.50
2008.04.22 12:04:37.813,1.64215,1.6424,1.30,0.50
2008.04.22 12:04:38.056,1.64215,1.64235,0.80,0.20
2008.04.22 12:04:38.303,1.64215,1.6424,0.50,0.70
2008.04.22 12:04:38.559,1.64215,1.6424,0.50,0.70
2008.04.22 12:04:38.835,1.6422,1.6424,0.50,0.20
2008.04.22 12:04:39.069,1.6422,1.6424,0.50,0.20
2008.04.22 12:04:39.334,1.6422,1.6424,0.50,0.20
2008.04.22 12:04:39.599,1.6422,1.6424,0.50,0.20
2008.04.22 12:04:39.864,1.6422,1.6424,0.50,0.20
2008.04.22 12:04:40.087,1.6422,1.6424,0.50,0.20
2008.04.22 12:04:40.313,1.6422,1.6424,0.50,0.20
2008.04.22 12:04:40.537,1.6422,1.6424,0.50,0.20
2008.04.22 12:04:40.762,1.6422,1.6424,0.50,0.20
2008.04.22 12:04:40.987,1.6422,1.6424,0.50,0.20
2008.04.22 12:04:41.209,1.6422,1.6424,0.50,0.20
2008.04.22 12:04:41.429,1.6422,1.6424,0.50,0.50
2008.04.22 12:04:41.657,1.6421,1.64235,2.40,0.20
2008.04.22 12:04:41.900,1.6421,1.64235,1.20,0.20
2008.04.22 12:04:42.147,1.6421,1.64235,1.20,0.20
2008.04.22 12:04:42.400,1.64215,1.6424,0.50,0.50
2008.04.22 12:04:42.680,1.6422,1.6424,0.40,0.50
2008.04.22 12:04:42.957,1.6422,1.6424,0.40,0.50
2008.04.22 12:04:43.227,1.6422,1.6424,0.40,0.50
2008.04.22 12:04:43.494,1.6422,1.6424,0.80,0.50
2008.04.22 12:04:43.784,1.6422,1.64245,0.80,0.20
2008.04.22 12:04:44.049,1.6422,1.64245,0.80,0.20
2008.04.22 12:04:44.336,1.6422,1.6424,0.80,0.50
2008.04.22 12:04:44.593,1.6422,1.6424,0.40,0.50
2008.04.22 12:04:44.848,1.6422,1.6424,0.40,0.50
2008.04.22 12:04:45.049,1.6422,1.6424,0.40,0.50
2008.04.22 12:04:45.274,1.6422,1.6424,0.40,0.50
2008.04.22 12:04:45.473,1.6422,1.6424,0.40,0.50
2008.04.22 12:04:45.675,1.6422,1.6424,0.40,0.50
2008.04.22 12:04:45.874,1.6422,1.64235,0.40,0.20
2008.04.22 12:04:46.157,1.6421,1.6423,1.20,0.30
2008.04.22 12:04:46.465,1.6422,1.64235,0.40,0.30
2008.04.22 12:04:46.745,1.6422,1.6424,0.60,0.60
2008.04.22 12:04:47.054,1.6422,1.6424,0.60,0.60
2008.04.22 12:04:47.291,1.6422,1.6424,0.60,0.60
2008.04.22 12:04:47.526,1.6422,1.6424,0.60,0.60
2008.04.22 12:04:47.800,1.6422,1.6423,0.40,0.30
2008.04.22 12:04:48.067,1.64225,1.6424,0.40,0.80
2008.04.22 12:04:48.315,1.6422,1.6424,0.60,0.60
2008.04.22 12:04:48.498,1.6422,1.6424,1.20,0.30
2008.04.22 12:04:48.714,1.64225,1.6424,0.40,0.30
2008.04.22 12:04:48.931,1.6422,1.64245,0.90,0.30
2008.04.22 12:04:49.148,1.6422,1.64245,1.20,0.30
2008.04.22 12:04:49.417,1.6422,1.64245,2.50,0.30
2008.04.22 12:04:49.687,1.64225,1.64245,0.40,0.30
2008.04.22 12:04:49.970,1.64225,1.64245,0.40,0.30
2008.04.22 12:04:50.191,1.64225,1.6425,0.90,0.60
2008.04.22 12:04:50.413,1.6423,1.6425,0.90,0.30
2008.04.22 12:04:50.635,1.6423,1.64255,0.90,0.30
2008.04.22 12:04:50.856,1.6423,1.64255,1.20,0.30
2008.04.22 12:04:51.077,1.6423,1.6425,1.20,0.60
2008.04.22 12:04:51.360,1.6423,1.6425,1.20,0.60
2008.04.22 12:04:51.619,1.6423,1.6425,1.20,0.60
2008.04.22 12:04:51.879,1.6423,1.6425,1.20,0.60
2008.04.22 12:04:52.138,1.6423,1.6425,1.20,0.60
2008.04.22 12:04:52.307,1.6423,1.6425,1.20,0.60
2008.04.22 12:04:52.475,1.6423,1.6425,1.20,0.60
2008.04.22 12:04:52.646,1.6423,1.6425,1.20,0.60
2008.04.22 12:04:52.814,1.6423,1.6425,1.20,0.60
2008.04.22 12:04:52.984,1.6423,1.64255,1.20,0.30
2008.04.22 12:04:53.183,1.6423,1.64255,1.20,0.30
2008.04.22 12:04:53.402,1.6423,1.64245,0.40,0.30
2008.04.22 12:04:53.622,1.6423,1.6425,0.40,0.60
2008.04.22 12:04:53.844,1.64225,1.6425,0.60,0.80
2008.04.22 12:04:54.063,1.64225,1.64245,0.60,0.30
2008.04.22 12:04:54.282,1.64225,1.64245,0.60,0.30
2008.04.22 12:04:54.585,1.64225,1.64245,0.60,0.30
2008.04.22 12:04:54.891,1.64225,1.64245,0.60,0.30
2008.04.22 12:04:55.180,1.64225,1.6425,0.90,0.60
2008.04.22 12:04:55.436,1.6424,1.6426,0.60,0.60
2008.04.22 12:04:55.661,1.6424,1.6426,0.60,0.30
2008.04.22 12:04:55.918,1.6424,1.6426,1.20,0.30
2008.04.22 12:04:56.172,1.6424,1.6426,1.20,0.30
2008.04.22 12:04:56.396,1.64235,1.6426,0.90,0.30
2008.04.22 12:04:56.659,1.64235,1.6426,0.90,0.30
2008.04.22 12:04:56.923,1.64235,1.6426,0.90,0.30
2008.04.22 12:04:57.188,1.64235,1.6426,0.90,0.30
2008.04.22 12:04:57.452,1.64235,1.64255,0.40,0.30
2008.04.22 12:04:57.658,1.64235,1.6425,0.60,0.30
2008.04.22 12:04:57.863,1.64235,1.6426,0.60,0.80
2008.04.22 12:04:58.099,1.64235,1.6426,0.60,0.60
2008.04.22 12:04:58.304,1.64235,1.64255,0.40,0.30
2008.04.22 12:04:58.524,1.6423,1.64255,2.20,0.30
2008.04.22 12:04:58.744,1.6423,1.6425,1.60,0.30
2008.04.22 12:04:58.978,1.6423,1.64255,2.20,0.30
2008.04.22 12:04:59.200,1.64235,1.64245,0.40,0.30
2008.04.22 12:04:59.420,1.64225,1.6424,0.40,0.30
2008.04.22 12:04:59.657,1.6422,1.6424,0.90,0.60
2008.04.22 12:04:59.892,1.6422,1.6424,1.20,0.60
2008.04.22 12:05:00.125,1.6422,1.6424,1.20,0.60
2008.04.22 12:05:00.360,1.6422,1.6424,1.20,0.60
2008.04.22 12:05:00.594,1.6422,1.6424,2.50,0.60
2008.04.22 12:05:00.828,1.6422,1.6424,2.50,0.60
2008.04.22 12:05:01.062,1.6422,1.6424,2.50,0.60
2008.04.22 12:05:01.324,1.6422,1.6424,2.50,0.60
2008.04.22 12:05:01.559,1.6422,1.6424,2.50,0.30
2008.04.22 12:05:01.804,1.6422,1.6424,2.50,0.30
2008.04.22 12:05:02.048,1.6422,1.6424,2.50,0.30
2008.04.22 12:05:02.292,1.6422,1.6424,2.50,0.30
2008.04.22 12:05:02.536,1.6422,1.6424,2.50,0.30
2008.04.22 12:05:02.685,1.6422,1.6424,2.50,0.30
2008.04.22 12:05:02.834,1.6422,1.6424,2.50,0.30
2008.04.22 12:05:02.984,1.6422,1.6424,2.50,0.30
2008.04.22 12:05:03.133,1.6422,1.6424,2.50,0.30
2008.04.22 12:05:03.282,1.6422,1.6424,2.50,0.30
2008.04.22 12:05:03.430,1.6422,1.6424,2.50,0.30
2008.04.22 12:05:03.650,1.64225,1.6424,0.60,0.30
2008.04.22 12:05:03.871,1.64225,1.6425,0.90,0.80
2008.04.22 12:05:04.092,1.6423,1.6425,1.20,0.50
2008.04.22 12:05:04.313,1.64235,1.6425,0.60,0.30
2008.04.22 12:05:04.556,1.64235,1.6426,0.60,0.80
2008.04.22 12:05:04.832,1.64245,1.64265,0.60,0.30
2008.04.22 12:05:05.090,1.64245,1.6427,0.60,0.60
2008.04.22 12:05:05.362,1.6425,1.6427,0.60,0.60
2008.04.22 12:05:05.625,1.6425,1.6427,1.20,0.30
2008.04.22 12:05:05.896,1.6425,1.6426,1.20,0.60
2008.04.22 12:05:06.167,1.6425,1.6426,0.60,0.40
2008.04.22 12:05:06.454,1.64245,1.64265,0.40,0.30
2008.04.22 12:05:06.696,1.64245,1.64265,0.60,0.30
2008.04.22 12:05:06.936,1.64245,1.64265,0.90,0.30
2008.04.22 12:05:07.180,1.64245,1.6426,0.40,0.30
2008.04.22 12:05:07.419,1.64245,1.6425,0.40,0.30
2008.04.22 12:05:07.662,1.6424,1.64245,1.90,0.40
2008.04.22 12:05:07.934,1.64235,1.6425,0.90,0.40
2008.04.22 12:05:08.204,1.64235,1.6426,0.90,0.30
2008.04.22 12:05:08.475,1.64235,1.6426,0.90,0.30
2008.04.22 12:05:08.745,1.6424,1.6426,0.40,0.30
2008.04.22 12:05:08.996,1.6424,1.6426,0.40,0.30
2008.04.22 12:05:09.274,1.6424,1.6426,0.40,0.30
2008.04.22 12:05:09.527,1.6424,1.6426,0.40,0.30
2008.04.22 12:05:09.779,1.64235,1.6426,0.60,0.60
2008.04.22 12:05:10.011,1.64245,1.6426,0.40,0.30
2008.04.22 12:05:10.240,1.64245,1.64255,0.40,0.30
2008.04.22 12:05:10.472,1.6424,1.6426,1.60,0.30
2008.04.22 12:05:10.703,1.64245,1.64265,0.40,0.30
2008.04.22 12:05:10.978,1.64245,1.64255,0.40,0.30
2008.04.22 12:05:11.253,1.6424,1.6426,0.60,0.60
2008.04.22 12:05:11.558,1.64245,1.6426,0.40,0.30
2008.04.22 12:05:11.804,1.6424,1.6426,0.40,0.30
2008.04.22 12:05:12.032,1.6424,1.6426,0.40,0.30
2008.04.22 12:05:12.204,1.6424,1.6426,0.40,0.30
2008.04.22 12:05:12.403,1.6424,1.64265,0.90,0.30
2008.04.22 12:05:12.604,1.64245,1.64265,0.40,0.30
2008.04.22 12:05:12.803,1.6424,1.64265,2.20,0.30
2008.04.22 12:05:13.019,1.6424,1.64265,2.20,0.30
2008.04.22 12:05:13.233,1.64245,1.64265,0.40,0.30
2008.04.22 12:05:13.450,1.64245,1.64265,0.40,0.30
2008.04.22 12:05:13.697,1.64245,1.64255,0.40,0.30
2008.04.22 12:05:13.913,1.6424,1.6426,0.90,0.50
2008.04.22 12:05:14.183,1.64245,1.64265,0.40,0.30
2008.04.22 12:05:14.453,1.64245,1.64265,0.40,0.30
2008.04.22 12:05:14.724,1.6424,1.6426,0.90,0.30
2008.04.22 12:05:14.994,1.6424,1.6426,0.40,0.30
2008.04.22 12:05:15.235,1.6424,1.64255,0.40,0.30
2008.04.22 12:05:15.474,1.6424,1.64255,0.40,0.30
2008.04.22 12:05:15.713,1.6424,1.64255,0.40,0.30
2008.04.22 12:05:15.953,1.6424,1.64255,0.40,0.30
2008.04.22 12:05:16.164,1.64245,1.6427,0.60,3.20
2008.04.22 12:05:16.402,1.64245,1.6427,0.90,0.60
2008.04.22 12:05:16.612,1.64245,1.64265,0.40,0.30
2008.04.22 12:05:16.823,1.64245,1.64265,0.40,0.30
2008.04.22 12:05:17.069,1.64245,1.6426,0.40,0.30
2008.04.22 12:05:17.314,1.64245,1.6427,0.90,0.60
2008.04.22 12:05:17.561,1.64245,1.64265,0.90,0.30
2008.04.22 12:05:17.806,1.64245,1.6426,0.40,0.60
2008.04.22 12:05:18.089,1.64245,1.64265,0.40,0.30
2008.04.22 12:05:18.341,1.64245,1.6427,0.60,0.60
2008.04.22 12:05:18.591,1.6424,1.6426,2.20,0.30
2008.04.22 12:05:18.842,1.64245,1.6427,0.90,0.60
2008.04.22 12:05:19.093,1.64245,1.64265,0.40,0.30
2008.04.22 12:05:19.322,1.6424,1.6426,1.60,0.30
2008.04.22 12:05:19.554,1.6424,1.6426,0.90,0.80
2008.04.22 12:05:19.783,1.6424,1.6426,0.90,0.60
2008.04.22 12:05:20.046,1.6424,1.6426,1.60,0.60
2008.04.22 12:05:20.264,1.64235,1.64255,0.40,0.30
2008.04.22 12:05:20.516,1.6424,1.64255,0.40,0.30
2008.04.22 12:05:20.782,1.6424,1.6426,2.20,0.30
2008.04.22 12:05:21.032,1.6424,1.6426,2.20,0.30
2008.04.22 12:05:21.243,1.6424,1.6426,2.20,0.30
2008.04.22 12:05:21.452,1.6424,1.6426,2.20,0.30
2008.04.22 12:05:21.690,1.6424,1.6426,2.20,0.30
2008.04.22 12:05:21.899,1.6424,1.6426,2.20,0.30
2008.04.22 12:05:22.114,1.6424,1.6426,1.60,0.60
2008.04.22 12:05:22.329,1.6424,1.6426,0.90,0.60
2008.04.22 12:05:22.544,1.6424,1.6426,0.90,0.60
2008.04.22 12:05:22.769,1.64245,1.6426,0.40,0.60
2008.04.22 12:05:22.984,1.64245,1.6426,0.40,0.30
2008.04.22 12:05:23.216,1.64245,1.6426,0.40,0.30
2008.04.22 12:05:23.476,1.64245,1.6426,0.40,0.30
2008.04.22 12:05:23.705,1.64245,1.6426,0.40,0.30
2008.04.22 12:05:23.935,1.64245,1.6426,0.40,0.30
2008.04.22 12:05:24.176,1.64245,1.64265,0.40,0.30
2008.04.22 12:05:24.450,1.64245,1.64265,0.40,0.30
2008.04.22 12:05:24.690,1.64245,1.64265,0.40,0.30
2008.04.22 12:05:24.929,1.64245,1.64265,0.40,0.30
2008.04.22 12:05:25.194,1.64245,1.64265,0.40,0.30
2008.04.22 12:05:25.459,1.64245,1.64265,0.40,0.30
2008.04.22 12:05:25.723,1.64245,1.64265,0.40,0.30
2008.04.22 12:05:25.989,1.64245,1.64265,0.40,0.30
2008.04.22 12:05:26.203,1.64245,1.64265,0.40,0.30
2008.04.22 12:05:26.418,1.64245,1.6427,0.90,0.60
2008.04.22 12:05:26.650,1.64245,1.6427,0.90,0.60
2008.04.22 12:05:26.897,1.6425,1.6427,1.20,0.30
2008.04.22 12:05:27.111,1.6425,1.6427,1.20,0.30
2008.04.22 12:05:27.332,1.6425,1.64265,1.20,0.30
2008.04.22 12:05:27.552,1.6425,1.6427,1.20,0.30
2008.04.22 12:05:27.775,1.6425,1.6427,1.60,0.30
2008.04.22 12:05:28.023,1.6425,1.64275,2.20,0.30
2008.04.22 12:05:28.295,1.64255,1.64275,0.90,0.30
2008.04.22 12:05:28.503,1.64255,1.64275,0.90,0.30
2008.04.22 12:05:28.743,1.64255,1.6428,0.90,0.60
2008.04.22 12:05:28.982,1.64255,1.64275,0.40,0.30
2008.04.22 12:05:29.223,1.64255,1.6427,0.40,0.30
2008.04.22 12:05:29.457,1.64255,1.6427,0.40,0.30
2008.04.22 12:05:29.692,1.6425,1.6427,1.20,0.30
2008.04.22 12:05:29.928,1.6425,1.6427,1.20,0.30
2008.04.22 12:05:30.162,1.6425,1.6427,1.20,0.30
2008.04.22 12:05:30.360,1.6425,1.6427,0.60,0.60
2008.04.22 12:05:30.555,1.6425,1.6427,0.40,0.60
2008.04.22 12:05:30.751,1.64245,1.6427,0.90,0.60
2008.04.22 12:05:30.974,1.64245,1.6427,0.90,0.60
2008.04.22 12:05:31.167,1.64245,1.6427,0.90,0.60
2008.04.22 12:05:31.377,1.64245,1.6427,0.90,0.60
2008.04.22 12:05:31.586,1.64245,1.6427,0.90,0.60
2008.04.22 12:05:31.828,1.64245,1.6427,0.90,0.60
2008.04.22 12:05:32.005,1.64245,1.6427,0.90,0.60
2008.04.22 12:05:32.215,1.64245,1.6427,0.90,0.60
2008.04.22 12:05:32.404,1.64245,1.6427,0.90,0.60
2008.04.22 12:05:32.594,1.64245,1.6427,0.90,0.60
2008.04.22 12:05:32.782,1.64245,1.6427,0.90,0.60
2008.04.22 12:05:32.972,1.64245,1.6427,0.90,0.60
2008.04.22 12:05:33.161,1.64245,1.6427,0.90,0.60
2008.04.22 12:05:33.350,1.64245,1.6427,0.90,0.60
2008.04.22 12:05:33.559,1.64245,1.6427,0.90,0.60
2008.04.22 12:05:33.768,1.64245,1.6427,0.90,0.60
2008.04.22 12:05:33.979,1.64245,1.6427,0.90,0.60
2008.04.22 12:05:34.212,1.64245,1.64265,0.90,0.30
2008.04.22 12:05:34.423,1.64245,1.64265,0.90,0.30
2008.04.22 12:05:34.647,1.64245,1.6427,0.90,0.60
2008.04.22 12:05:34.873,1.64245,1.64265,0.90,0.30
2008.04.22 12:05:35.125,1.64245,1.64265,0.90,0.30
2008.04.22 12:05:35.350,1.64245,1.64265,0.90,0.30
2008.04.22 12:05:35.559,1.64245,1.64265,0.90,0.30
2008.04.22 12:05:35.769,1.64245,1.64265,0.90,0.30
2008.04.22 12:05:35.978,1.64245,1.64265,0.90,0.30
2008.04.22 12:05:36.188,1.64245,1.6427,0.90,0.60
2008.04.22 12:05:36.398,1.64245,1.6427,0.90,0.60
2008.04.22 12:05:36.589,1.6425,1.6427,1.20,0.60
2008.04.22 12:05:36.778,1.6425,1.6427,1.60,0.60
2008.04.22 12:05:36.968,1.6425,1.6427,1.60,0.60
2008.04.22 12:05:37.157,1.6425,1.6427,1.60,0.60
2008.04.22 12:05:37.347,1.6425,1.6427,1.60,0.60
2008.04.22 12:05:37.587,1.6425,1.6427,1.60,0.60
2008.04.22 12:05:37.826,1.6425,1.6427,1.60,0.60
2008.04.22 12:05:38.065,1.6425,1.6427,1.60,0.60
2008.04.22 12:05:38.304,1.6425,1.6427,1.60,0.60
2008.04.22 12:05:38.542,1.6425,1.6427,1.60,0.60
2008.04.22 12:05:38.737,1.6425,1.6427,1.60,0.60
2008.04.22 12:05:38.932,1.6425,1.6427,1.60,0.60
2008.04.22 12:05:39.141,1.6425,1.6427,1.60,0.60
2008.04.22 12:05:39.334,1.6425,1.6427,1.60,0.60
2008.04.22 12:05:39.513,1.6425,1.6427,1.60,0.60
2008.04.22 12:05:39.693,1.6425,1.64265,1.60,0.30
2008.04.22 12:05:39.873,1.6425,1.64265,1.60,0.30
2008.04.22 12:05:40.052,1.6425,1.64265,0.40,0.30
2008.04.22 12:05:40.232,1.6425,1.64265,0.40,0.30
2008.04.22 12:05:40.411,1.6425,1.64265,0.40,0.30
2008.04.22 12:05:40.681,1.6425,1.64265,0.40,0.30
2008.04.22 12:05:40.952,1.6425,1.64265,0.40,0.30
2008.04.22 12:05:41.226,1.6425,1.64265,0.40,0.30
2008.04.22 12:05:41.495,1.6425,1.64265,0.40,0.30
2008.04.22 12:05:41.660,1.6425,1.64265,0.40,0.30
2008.04.22 12:05:41.823,1.6425,1.64265,0.40,0.30
2008.04.22 12:05:41.988,1.6425,1.64265,0.40,0.30
2008.04.22 12:05:42.153,1.6425,1.64265,0.40,0.30
2008.04.22 12:05:42.320,1.6425,1.64265,0.40,0.30
2008.04.22 12:05:42.483,1.6425,1.6427,0.40,0.60
2008.04.22 12:05:42.714,1.6425,1.6427,0.60,0.60
2008.04.22 12:05:42.945,1.64255,1.64275,0.60,0.30
2008.04.22 12:05:43.176,1.6426,1.64275,0.40,0.30
2008.04.22 12:05:43.407,1.64255,1.64275,0.60,0.30
2008.04.22 12:05:43.637,1.64255,1.64275,0.90,0.30
2008.04.22 12:05:43.864,1.64255,1.64275,0.40,0.30
2008.04.22 12:05:44.089,1.64255,1.64275,0.40,0.30
2008.04.22 12:05:44.314,1.64255,1.6427,0.40,0.30
2008.04.22 12:05:44.538,1.64255,1.6427,0.40,0.30
2008.04.22 12:05:44.773,1.64255,1.6427,0.40,0.30
2008.04.22 12:05:45.035,1.64255,1.64275,0.40,0.30
2008.04.22 12:05:45.300,1.64255,1.64275,0.40,0.30
2008.04.22 12:05:45.536,1.64255,1.6428,0.90,0.60
2008.04.22 12:05:45.763,1.64255,1.64275,0.40,0.30
2008.04.22 12:05:45.989,1.64255,1.6428,0.90,0.60
2008.04.22 12:05:46.213,1.64255,1.64275,0.40,0.30
2008.04.22 12:05:46.439,1.64255,1.64275,0.40,0.30
2008.04.22 12:05:46.664,1.64255,1.64275,0.40,0.30
2008.04.22 12:05:46.919,1.6426,1.64275,0.40,0.30
2008.04.22 12:05:47.148,1.6426,1.64275,0.40,0.30
2008.04.22 12:05:47.380,1.64255,1.64275,0.90,0.30
2008.04.22 12:05:47.611,1.64255,1.64275,0.90,0.30
2008.04.22 12:05:47.825,1.64255,1.64275,0.90,0.30
2008.04.22 12:05:48.040,1.64255,1.64275,0.40,0.30
2008.04.22 12:05:48.256,1.64255,1.64275,0.90,0.30
2008.04.22 12:05:48.502,1.64255,1.64275,0.40,0.30
2008.04.22 12:05:48.717,1.64255,1.64275,0.40,0.30
2008.04.22 12:05:48.961,1.64255,1.64275,0.40,0.30
2008.04.22 12:05:49.206,1.64255,1.64275,0.40,0.30
2008.04.22 12:05:49.450,1.64255,1.64275,0.40,0.30
2008.04.22 12:05:49.696,1.64255,1.64275,0.40,0.30
2008.04.22 12:05:49.877,1.64255,1.64275,0.40,0.30
2008.04.22 12:05:50.055,1.64255,1.64275,0.40,0.30
2008.04.22 12:05:50.236,1.64255,1.64275,0.40,0.30
2008.04.22 12:05:50.430,1.64255,1.64275,0.40,0.30
2008.04.22 12:05:50.610,1.64255,1.64275,0.40,0.30
2008.04.22 12:05:50.791,1.6425,1.6427,1.90,0.30
2008.04.22 12:05:51.082,1.6425,1.6427,0.40,0.30
2008.04.22 12:05:51.373,1.6425,1.6427,0.90,0.30
2008.04.22 12:05:51.662,1.6425,1.6427,2.20,0.30
2008.04.22 12:05:51.876,1.6425,1.6427,2.20,0.30
2008.04.22 12:05:52.092,1.64255,1.64275,0.40,0.30
2008.04.22 12:05:52.308,1.64255,1.64275,0.40,0.30
2008.04.22 12:05:52.525,1.6426,1.6428,0.60,0.60
2008.04.22 12:05:52.742,1.6426,1.64285,2.20,0.30
2008.04.22 12:05:53.037,1.6426,1.6428,1.90,0.30
2008.04.22 12:05:53.332,1.64265,1.6428,0.40,0.60
2008.04.22 12:05:53.627,1.6426,1.6428,1.60,0.60
2008.04.22 12:05:53.922,1.6426,1.6428,1.60,0.60
2008.04.22 12:05:54.171,1.6426,1.6428,1.60,0.60
2008.04.22 12:05:54.421,1.64265,1.6428,0.40,0.60
2008.04.22 12:05:54.673,1.64265,1.6428,0.40,0.60
2008.04.22 12:05:54.923,1.64265,1.6428,0.40,0.60
2008.04.22 12:05:55.164,1.6427,1.6429,0.60,0.80
2008.04.22 12:05:55.404,1.6427,1.6429,0.90,0.80
2008.04.22 12:05:55.643,1.6427,1.6429,0.90,0.80
2008.04.22 12:05:55.883,1.6427,1.6429,1.20,0.60
2008.04.22 12:05:56.158,1.6427,1.6429,1.20,0.30
2008.04.22 12:05:56.436,1.6428,1.643,0.60,2.90
2008.04.22 12:05:56.711,1.64285,1.64305,0.60,0.40
2008.04.22 12:05:56.987,1.64295,1.6431,0.40,0.60
2008.04.22 12:05:57.243,1.64295,1.64315,0.40,0.30
2008.04.22 12:05:57.497,1.643,1.6431,0.40,0.30
2008.04.22 12:05:57.752,1.643,1.6431,0.40,0.30
2008.04.22 12:05:58.006,1.643,1.6431,0.40,0.30
2008.04.22 12:05:58.272,1.643,1.6431,0.40,0.30
2008.04.22 12:05:58.477,1.643,1.6431,0.40,0.30
2008.04.22 12:05:58.711,1.643,1.6431,0.40,0.30
2008.04.22 12:05:58.974,1.643,1.6431,0.40,0.30
2008.04.22 12:05:59.189,1.643,1.6431,0.40,0.30
2008.04.22 12:05:59.404,1.643,1.6431,0.40,0.30
2008.04.22 12:05:59.647,1.643,1.6431,0.40,0.30
2008.04.22 12:05:59.835,1.643,1.6431,0.40,0.30
2008.04.22 12:06:00.051,1.643,1.64315,1.60,0.30
2008.04.22 12:06:00.282,1.643,1.64315,1.60,0.30
2008.04.22 12:06:00.535,1.643,1.64315,1.60,0.30
2008.04.22 12:06:00.732,1.643,1.64315,1.60,0.30
2008.04.22 12:06:00.957,1.643,1.64315,1.60,0.30
2008.04.22 12:06:01.197,1.643,1.64315,1.60,0.30
2008.04.22 12:06:01.436,1.643,1.64315,1.60,0.30
2008.04.22 12:06:01.676,1.643,1.64315,1.60,0.30
2008.04.22 12:06:01.916,1.643,1.64315,1.60,0.30
2008.04.22 12:06:02.164,1.643,1.64315,1.60,0.30
2008.04.22 12:06:02.393,1.643,1.64315,1.60,0.30
2008.04.22 12:06:02.604,1.643,1.64315,1.60,0.30
2008.04.22 12:06:02.813,1.643,1.64315,1.60,0.30
2008.04.22 12:06:03.025,1.64305,1.64315,0.40,0.30
2008.04.22 12:06:03.221,1.64305,1.64315,0.40,0.30
2008.04.22 12:06:03.441,1.643,1.64315,0.40,0.30
2008.04.22 12:06:03.636,1.643,1.64315,0.40,0.30
2008.04.22 12:06:03.831,1.643,1.64315,0.40,0.30
2008.04.22 12:06:04.027,1.643,1.64315,0.40,0.30
2008.04.22 12:06:04.257,1.643,1.64315,0.40,0.30
2008.04.22 12:06:04.486,1.643,1.64315,0.40,0.30
2008.04.22 12:06:04.716,1.643,1.64315,0.40,0.30
2008.04.22 12:06:04.946,1.643,1.64315,0.60,0.30
2008.04.22 12:06:05.175,1.643,1.6432,1.90,0.30
2008.04.22 12:06:05.403,1.643,1.6432,1.90,0.30
2008.04.22 12:06:05.633,1.643,1.6432,1.90,0.30
2008.04.22 12:06:05.862,1.643,1.6432,1.90,0.30
2008.04.22 12:06:06.091,1.643,1.6432,1.90,0.30
2008.04.22 12:06:06.321,1.643,1.64325,2.50,0.30
2008.04.22 12:06:06.541,1.643,1.6432,1.90,0.60
2008.04.22 12:06:06.763,1.643,1.6432,0.60,0.60
2008.04.22 12:06:06.981,1.643,1.6432,1.90,0.60
2008.04.22 12:06:07.199,1.643,1.6432,1.90,0.60
2008.04.22 12:06:07.394,1.643,1.6432,1.90,0.60
2008.04.22 12:06:07.587,1.643,1.6432,1.90,0.60
2008.04.22 12:06:07.782,1.643,1.6432,1.90,0.60
2008.04.22 12:06:07.979,1.643,1.6432,0.60,0.60
2008.04.22 12:06:08.174,1.643,1.6432,0.60,0.60
2008.04.22 12:06:08.359,1.643,1.6432,0.60,0.60
2008.04.22 12:06:08.577,1.643,1.6432,0.60,0.60
2008.04.22 12:06:08.729,1.643,1.6432,0.60,0.60
2008.04.22 12:06:08.914,1.643,1.6432,0.60,0.60
2008.04.22 12:06:09.099,1.643,1.6432,0.60,0.60
2008.04.22 12:06:09.314,1.643,1.64315,0.40,0.30
2008.04.22 12:06:09.598,1.643,1.64315,0.40,0.30
2008.04.22 12:06:09.883,1.643,1.64315,0.40,0.30
2008.04.22 12:06:10.167,1.643,1.64315,0.40,0.30
2008.04.22 12:06:10.451,1.643,1.64315,0.40,0.30
2008.04.22 12:06:10.665,1.643,1.64315,0.40,0.30
2008.04.22 12:06:10.879,1.643,1.64315,0.40,0.30
2008.04.22 12:06:11.093,1.643,1.64315,0.40,0.30
2008.04.22 12:06:11.309,1.64295,1.64315,0.90,0.30
2008.04.22 12:06:11.521,1.643,1.6432,0.40,0.60
2008.04.22 12:06:11.732,1.643,1.64315,0.40,0.30
2008.04.22 12:06:11.943,1.643,1.6432,0.60,0.60
2008.04.22 12:06:12.179,1.64295,1.6432,0.90,0.60
2008.04.22 12:06:12.416,1.64295,1.64315,0.40,0.30
2008.04.22 12:06:12.725,1.6429,1.64315,1.20,0.30
2008.04.22 12:06:13.037,1.6429,1.64315,1.20,0.30
2008.04.22 12:06:13.319,1.6429,1.6431,0.60,0.60
2008.04.22 12:06:13.602,1.6429,1.64305,0.40,0.30
2008.04.22 12:06:13.833,1.6429,1.6431,0.40,0.80
2008.04.22 12:06:14.065,1.6428,1.643,0.40,0.60
2008.04.22 12:06:14.297,1.6428,1.64305,0.90,0.30
2008.04.22 12:06:14.559,1.6428,1.64305,0.90,0.30
2008.04.22 12:06:14.747,1.64285,1.64305,0.40,0.30
2008.04.22 12:06:14.968,1.6428,1.64305,2.20,0.30
2008.04.22 12:06:15.188,1.6428,1.64305,2.20,0.30
2008.04.22 12:06:15.408,1.6428,1.64305,2.20,0.30
2008.04.22 12:06:15.628,1.6428,1.64305,2.20,0.30
2008.04.22 12:06:15.878,1.6428,1.643,0.90,0.30
2008.04.22 12:06:16.128,1.6428,1.643,0.40,0.30
2008.04.22 12:06:16.377,1.6428,1.643,0.40,0.30
2008.04.22 12:06:16.625,1.6428,1.643,0.40,0.30
2008.04.22 12:06:16.825,1.6428,1.643,0.40,0.30
2008.04.22 12:06:17.024,1.6428,1.643,0.40,0.30
2008.04.22 12:06:17.223,1.6428,1.643,0.40,0.30
2008.04.22 12:06:17.430,1.6428,1.643,0.90,0.30
2008.04.22 12:06:17.632,1.6428,1.643,0.90,0.30
2008.04.22 12:06:17.802,1.6428,1.643,0.90,0.30
2008.04.22 12:06:17.971,1.6428,1.643,0.90,0.30
2008.04.22 12:06:18.140,1.6428,1.643,0.90,0.30
2008.04.22 12:06:18.309,1.6428,1.643,0.90,0.30
2008.04.22 12:06:18.479,1.6428,1.643,0.90,0.30
2008.04.22 12:06:18.664,1.6428,1.643,0.90,0.30
2008.04.22 12:06:18.899,1.6428,1.643,0.90,0.30
2008.04.22 12:06:19.166,1.6428,1.643,0.90,0.30
2008.04.22 12:06:19.400,1.6428,1.643,0.90,0.30
2008.04.22 12:06:19.634,1.6428,1.643,0.90,0.30
2008.04.22 12:06:19.814,1.6428,1.643,0.90,0.30
2008.04.22 12:06:19.993,1.6428,1.643,0.90,0.30
2008.04.22 12:06:20.172,1.6428,1.643,0.90,0.30
2008.04.22 12:06:20.352,1.6428,1.643,0.90,0.30
2008.04.22 12:06:20.531,1.6428,1.643,0.90,0.30
2008.04.22 12:06:20.710,1.6428,1.643,0.90,0.30
2008.04.22 12:06:20.921,1.6428,1.643,0.40,0.30
2008.04.22 12:06:21.121,1.6428,1.643,1.60,0.30
2008.04.22 12:06:21.320,1.6428,1.643,2.20,0.30
2008.04.22 12:06:21.520,1.6428,1.643,0.40,0.30
2008.04.22 12:06:21.720,1.6428,1.643,0.40,0.30
2008.04.22 12:06:21.986,1.6428,1.643,1.90,0.30
2008.04.22 12:06:22.248,1.64285,1.64305,0.90,0.30
2008.04.22 12:06:22.530,1.64285,1.64305,0.90,0.30
2008.04.22 12:06:22.780,1.6429,1.64305,0.40,0.30
2008.04.22 12:06:23.034,1.6429,1.64305,0.40,0.30
2008.04.22 12:06:23.289,1.6429,1.64305,0.40,0.30
2008.04.22 12:06:23.543,1.6429,1.64305,0.40,0.30
2008.04.22 12:06:23.799,1.6429,1.64305,0.40,0.30
2008.04.22 12:06:24.034,1.6429,1.64305,0.40,0.30
2008.04.22 12:06:24.268,1.6429,1.64305,0.40,0.30
2008.04.22 12:06:24.504,1.6429,1.64305,0.40,0.30
2008.04.22 12:06:24.738,1.6429,1.64305,0.40,0.30
2008.04.22 12:06:24.958,1.6429,1.64305,0.40,0.30
2008.04.22 12:06:25.203,1.6429,1.64305,0.40,0.30
2008.04.22 12:06:25.422,1.6429,1.64305,0.40,0.30
2008.04.22 12:06:25.670,1.6429,1.64305,0.40,0.30
2008.04.22 12:06:25.889,1.6429,1.64305,0.40,0.30
2008.04.22 12:06:26.053,1.6429,1.64305,0.40,0.30
2008.04.22 12:06:26.226,1.6429,1.64305,0.40,0.30
2008.04.22 12:06:26.390,1.6429,1.64305,0.40,0.30
2008.04.22 12:06:26.556,1.6429,1.64305,0.40,0.30
2008.04.22 12:06:26.720,1.6429,1.64305,0.40,0.30
2008.04.22 12:06:26.990,1.6429,1.64305,0.40,0.30
2008.04.22 12:06:27.259,1.6429,1.64305,0.40,0.30
2008.04.22 12:06:27.529,1.6429,1.64305,0.40,0.30
2008.04.22 12:06:27.799,1.6429,1.64305,0.40,0.30
2008.04.22 12:06:28.008,1.6429,1.64305,0.40,0.30
2008.04.22 12:06:28.209,1.6429,1.64305,0.40,0.30
2008.04.22 12:06:28.409,1.6429,1.64305,0.40,0.30
2008.04.22 12:06:28.609,1.6429,1.64305,0.40,0.30
2008.04.22 12:06:28.808,1.6429,1.64305,0.40,0.30
2008.04.22 12:06:29.082,1.6429,1.64305,0.40,0.30
2008.04.22 12:06:29.356,1.6429,1.64305,0.40,0.30
2008.04.22 12:06:29.647,1.6429,1.64305,0.40,0.30
2008.04.22 12:06:29.922,1.6429,1.64305,0.40,0.30
2008.04.22 12:06:30.106,1.6429,1.64305,0.40,0.30
2008.04.22 12:06:30.290,1.6429,1.64305,0.40,0.30
2008.04.22 12:06:30.476,1.6429,1.64305,0.40,0.30
2008.04.22 12:06:30.660,1.6429,1.64305,0.40,0.30
2008.04.22 12:06:30.874,1.6429,1.64305,0.40,0.30
2008.04.22 12:06:31.055,1.6429,1.64305,0.40,0.30
2008.04.22 12:06:31.234,1.6429,1.64305,0.40,0.30
2008.04.22 12:06:31.413,1.6429,1.64305,0.40,0.30
2008.04.22 12:06:31.593,1.6429,1.64305,0.40,0.30
2008.04.22 12:06:31.772,1.6429,1.64305,0.40,0.30
2008.04.22 12:06:31.941,1.6429,1.64305,0.40,0.30
2008.04.22 12:06:32.110,1.6429,1.64305,0.40,0.30
2008.04.22 12:06:32.279,1.6429,1.64305,0.40,0.30
2008.04.22 12:06:32.449,1.6429,1.64305,0.40,0.30
2008.04.22 12:06:32.620,1.6429,1.64305,0.40,0.30
2008.04.22 12:06:32.818,1.6429,1.64305,0.40,0.30
2008.04.22 12:06:33.017,1.6429,1.64305,0.40,0.30
2008.04.22 12:06:33.217,1.6429,1.64305,0.40,0.30
2008.04.22 12:06:33.417,1.6429,1.64305,0.40,0.30
2008.04.22 12:06:33.618,1.64285,1.64305,0.90,0.30
2008.04.22 12:06:33.819,1.64285,1.64305,0.90,0.30
2008.04.22 12:06:34.077,1.64285,1.64305,0.90,0.30
2008.04.22 12:06:34.337,1.64285,1.64305,0.90,0.30
2008.04.22 12:06:34.598,1.6428,1.643,1.60,0.60
2008.04.22 12:06:34.858,1.64285,1.643,0.40,0.30
2008.04.22 12:06:35.108,1.64285,1.643,0.40,0.60
2008.04.22 12:06:35.358,1.64285,1.643,0.40,0.60
2008.04.22 12:06:35.608,1.6428,1.643,0.60,0.60
2008.04.22 12:06:35.858,1.6428,1.643,0.60,0.60
2008.04.22 12:06:36.146,1.6428,1.643,0.60,0.60
2008.04.22 12:06:36.418,1.6428,1.64295,0.60,0.30
2008.04.22 12:06:36.689,1.6428,1.64295,0.60,0.30
2008.04.22 12:06:36.961,1.6428,1.64285,0.40,0.30
2008.04.22 12:06:37.177,1.6427,1.6429,0.90,0.30
2008.04.22 12:06:37.419,1.6427,1.64285,0.40,0.30
2008.04.22 12:06:37.630,1.64265,1.64285,0.40,0.30
2008.04.22 12:06:37.840,1.64265,1.64285,0.90,0.30
2008.04.22 12:06:38.051,1.6427,1.64285,0.40,0.30
2008.04.22 12:06:38.310,1.6427,1.64285,0.40,0.30
2008.04.22 12:06:38.570,1.6427,1.64285,0.40,0.30
2008.04.22 12:06:38.859,1.6427,1.64285,0.40,0.30
2008.04.22 12:06:39.122,1.6427,1.64285,0.40,0.30
2008.04.22 12:06:39.356,1.64265,1.64285,0.90,0.30
2008.04.22 12:06:39.593,1.64265,1.64285,0.90,0.30
2008.04.22 12:06:39.859,1.6427,1.64285,0.40,0.30
2008.04.22 12:06:40.095,1.6427,1.64285,0.40,0.30
2008.04.22 12:06:40.300,1.6427,1.64285,0.40,0.30
2008.04.22 12:06:40.505,1.6427,1.64285,0.40,0.30
2008.04.22 12:06:40.710,1.6427,1.64285,0.40,0.30
2008.04.22 12:06:40.915,1.6427,1.64285,0.40,0.30
2008.04.22 12:06:41.169,1.6427,1.64285,0.40,0.30
2008.04.22 12:06:41.423,1.6427,1.64285,0.40,0.30
2008.04.22 12:06:41.646,1.6427,1.64285,0.40,0.30
2008.04.22 12:06:41.872,1.6427,1.6429,0.40,0.60
2008.04.22 12:06:42.096,1.6427,1.6429,0.40,0.30
2008.04.22 12:06:42.352,1.6427,1.6429,0.40,0.30
2008.04.22 12:06:42.608,1.6427,1.6429,1.60,0.30
2008.04.22 12:06:42.893,1.6427,1.6429,1.60,0.30
2008.04.22 12:06:43.178,1.64275,1.64295,0.40,0.30
2008.04.22 12:06:43.375,1.64275,1.64295,0.90,0.30
2008.04.22 12:06:43.598,1.64275,1.64295,0.90,0.30
2008.04.22 12:06:43.823,1.6427,1.6429,1.60,0.30
2008.04.22 12:06:44.048,1.6427,1.6429,0.40,0.30
2008.04.22 12:06:44.298,1.6427,1.64285,0.40,0.30
2008.04.22 12:06:44.561,1.6427,1.64285,0.40,0.30
2008.04.22 12:06:44.811,1.6427,1.64285,0.40,0.30
2008.04.22 12:06:45.060,1.6427,1.64285,0.40,0.30
2008.04.22 12:06:45.279,1.6427,1.64285,0.40,0.30
2008.04.22 12:06:45.500,1.6427,1.64285,0.40,0.30
2008.04.22 12:06:45.721,1.64265,1.64285,0.90,0.30
2008.04.22 12:06:45.966,1.64265,1.64285,0.90,0.30
2008.04.22 12:06:46.184,1.6427,1.64285,0.40,0.30
2008.04.22 12:06:46.414,1.6427,1.64285,0.40,0.30
2008.04.22 12:06:46.672,1.6427,1.6429,0.40,0.60
2008.04.22 12:06:46.901,1.6427,1.6429,0.40,0.30
2008.04.22 12:06:47.129,1.6427,1.6429,0.40,0.30
2008.04.22 12:06:47.357,1.6427,1.6429,0.40,0.30
2008.04.22 12:06:47.559,1.6427,1.6429,0.40,0.30
2008.04.22 12:06:47.758,1.6427,1.6429,0.40,0.30
2008.04.22 12:06:47.959,1.6427,1.6429,0.40,0.30
2008.04.22 12:06:48.158,1.6427,1.6429,0.40,0.30
2008.04.22 12:06:48.462,1.64275,1.64295,0.40,0.30
2008.04.22 12:06:48.771,1.6428,1.64295,0.40,0.30
2008.04.22 12:06:49.050,1.6428,1.64295,0.40,0.30
2008.04.22 12:06:49.334,1.6428,1.643,0.40,0.30
2008.04.22 12:06:49.555,1.6428,1.64295,0.40,0.30
2008.04.22 12:06:49.802,1.6428,1.64295,0.40,0.30
2008.04.22 12:06:49.993,1.6428,1.64295,0.40,0.30
2008.04.22 12:06:50.213,1.6428,1.64295,0.40,0.30
2008.04.22 12:06:50.408,1.6428,1.64295,0.40,0.30
2008.04.22 12:06:50.603,1.6428,1.643,0.40,0.30
2008.04.22 12:06:50.798,1.6428,1.643,0.40,0.30
2008.04.22 12:06:50.992,1.6428,1.643,0.40,0.30
2008.04.22 12:06:51.187,1.6428,1.643,0.40,0.30
2008.04.22 12:06:51.387,1.6428,1.643,0.40,0.30
2008.04.22 12:06:51.586,1.6428,1.643,0.40,0.30
2008.04.22 12:06:51.786,1.6428,1.643,0.40,0.30
2008.04.22 12:06:51.986,1.6428,1.643,0.40,0.30
2008.04.22 12:06:52.185,1.6428,1.643,0.40,0.30
2008.04.22 12:06:52.420,1.6428,1.643,0.40,0.30
2008.04.22 12:06:52.654,1.6428,1.643,0.40,0.30
2008.04.22 12:06:52.889,1.6428,1.643,0.40,0.30
2008.04.22 12:06:53.124,1.6428,1.643,0.40,0.30
2008.04.22 12:06:53.358,1.6428,1.643,0.40,0.30
2008.04.22 12:06:53.618,1.6428,1.643,0.40,0.30
2008.04.22 12:06:53.869,1.64275,1.6429,0.60,0.30
2008.04.22 12:06:54.121,1.6428,1.64295,0.40,0.30
2008.04.22 12:06:54.372,1.6428,1.643,0.40,0.60
2008.04.22 12:06:54.594,1.6428,1.643,0.40,0.30
2008.04.22 12:06:54.815,1.6428,1.643,0.40,0.30
2008.04.22 12:06:55.035,1.6428,1.643,0.40,0.30
2008.04.22 12:06:55.255,1.6428,1.643,0.40,0.30
2008.04.22 12:06:55.494,1.6428,1.643,0.40,0.30
2008.04.22 12:06:55.733,1.6428,1.643,0.40,0.30
2008.04.22 12:06:55.973,1.6428,1.643,0.40,0.30
2008.04.22 12:06:56.213,1.6428,1.643,0.40,0.30
2008.04.22 12:06:56.454,1.6428,1.643,0.40,0.30
2008.04.22 12:06:56.668,1.6428,1.643,0.40,0.30
2008.04.22 12:06:56.911,1.6428,1.643,0.40,0.30
2008.04.22 12:06:57.125,1.6428,1.643,0.40,0.30
2008.04.22 12:06:57.339,1.6428,1.643,0.40,0.30
2008.04.22 12:06:57.553,1.6428,1.643,0.40,0.30
2008.04.22 12:06:57.828,1.6428,1.643,0.40,0.30
2008.04.22 12:06:58.101,1.6428,1.643,0.40,0.30
2008.04.22 12:06:58.399,1.6428,1.643,0.40,0.30
2008.04.22 12:06:58.629,1.6428,1.643,0.40,0.30
2008.04.22 12:06:58.860,1.6428,1.64295,0.40,0.30
2008.04.22 12:06:59.089,1.6428,1.64295,0.40,0.30
2008.04.22 12:06:59.331,1.6428,1.64295,0.40,0.30
2008.04.22 12:06:59.587,1.64275,1.64295,0.90,0.30
2008.04.22 12:06:59.844,1.64275,1.64295,0.90,0.30
2008.04.22 12:07:00.097,1.64275,1.64295,0.90,0.30
2008.04.22 12:07:00.361,1.64275,1.64295,0.90,0.30
2008.04.22 12:07:00.615,1.64275,1.64295,0.90,0.30
2008.04.22 12:07:00.830,1.64275,1.64295,0.90,0.30
2008.04.22 12:07:01.074,1.64275,1.64295,0.90,0.30
2008.04.22 12:07:01.258,1.64275,1.64295,0.90,0.30
2008.04.22 12:07:01.473,1.64275,1.64295,0.90,0.30
2008.04.22 12:07:01.668,1.64275,1.64295,0.90,0.30
2008.04.22 12:07:01.863,1.64275,1.64295,0.90,0.30
2008.04.22 12:07:02.057,1.64275,1.64295,0.90,0.30
2008.04.22 12:07:02.253,1.64275,1.64295,0.40,0.30
2008.04.22 12:07:02.448,1.64275,1.64295,0.40,0.30
2008.04.22 12:07:02.643,1.64275,1.64295,0.40,0.30
2008.04.22 12:07:02.838,1.64275,1.64295,0.40,0.30
2008.04.22 12:07:03.034,1.64275,1.64295,0.40,0.30
2008.04.22 12:07:03.262,1.64275,1.64295,0.40,0.30
2008.04.22 12:07:03.456,1.64275,1.64295,0.40,0.30
2008.04.22 12:07:03.650,1.64275,1.64295,0.40,0.30
2008.04.22 12:07:03.891,1.64275,1.64295,0.90,0.30
2008.04.22 12:07:04.132,1.6428,1.643,0.60,0.30
2008.04.22 12:07:04.383,1.6428,1.643,0.90,0.30
2008.04.22 12:07:04.650,1.6428,1.643,0.90,0.30
2008.04.22 12:07:04.900,1.6428,1.643,0.40,0.30
2008.04.22 12:07:05.149,1.6428,1.643,0.40,0.30
2008.04.22 12:07:05.399,1.6428,1.643,0.40,0.30
2008.04.22 12:07:05.649,1.6428,1.643,0.90,0.30
2008.04.22 12:07:05.904,1.6428,1.643,0.90,0.30
2008.04.22 12:07:06.157,1.6428,1.643,0.90,0.30
2008.04.22 12:07:06.412,1.6428,1.643,0.90,0.30
2008.04.22 12:07:06.666,1.6428,1.643,0.90,0.30
2008.04.22 12:07:06.888,1.6428,1.643,0.90,0.30
2008.04.22 12:07:07.120,1.6428,1.643,0.90,0.30
2008.04.22 12:07:07.373,1.6428,1.643,0.90,0.30
2008.04.22 12:07:07.562,1.6428,1.643,0.90,0.30
2008.04.22 12:07:07.784,1.64285,1.643,0.40,0.30
2008.04.22 12:07:08.049,1.64285,1.64305,0.40,0.30
2008.04.22 12:07:08.315,1.64285,1.64305,0.90,0.30
2008.04.22 12:07:08.582,1.64285,1.6431,0.90,0.30
2008.04.22 12:07:08.847,1.64285,1.64305,0.90,0.30
2008.04.22 12:07:09.117,1.64285,1.64305,0.90,0.30
2008.04.22 12:07:09.387,1.64285,1.64305,0.90,0.30
2008.04.22 12:07:09.659,1.64285,1.64305,0.40,0.30
2008.04.22 12:07:09.928,1.64285,1.6431,0.90,0.30
2008.04.22 12:07:10.159,1.64285,1.6431,0.90,0.30
2008.04.22 12:07:10.388,1.6429,1.6431,0.60,0.30
2008.04.22 12:07:10.619,1.6429,1.6431,2.20,0.30
2008.04.22 12:07:10.850,1.6429,1.64315,2.20,0.30
2008.04.22 12:07:11.134,1.6429,1.6431,2.50,0.30
2008.04.22 12:07:11.419,1.6429,1.6431,2.20,0.30
2008.04.22 12:07:11.703,1.6429,1.6431,2.20,0.30
2008.04.22 12:07:11.987,1.6429,1.6431,2.20,0.30
2008.04.22 12:07:12.264,1.6429,1.6431,2.20,0.30
2008.04.22 12:07:12.486,1.6429,1.6431,2.20,0.30
2008.04.22 12:07:12.736,1.6429,1.6431,2.20,0.30
2008.04.22 12:07:12.986,1.6429,1.6431,2.50,0.30
2008.04.22 12:07:13.176,1.64295,1.64315,0.40,0.30
2008.04.22 12:07:13.366,1.64295,1.6431,0.40,0.30
2008.04.22 12:07:13.582,1.6429,1.64315,2.50,0.30
2008.04.22 12:07:13.773,1.6429,1.64315,2.50,0.30
2008.04.22 12:07:13.963,1.64295,1.64315,0.60,0.30
2008.04.22 12:07:14.209,1.64295,1.64315,0.90,0.30
2008.04.22 12:07:14.483,1.64295,1.64315,0.40,0.30
2008.04.22 12:07:14.727,1.64295,1.64315,0.90,0.30
2008.04.22 12:07:14.972,1.64295,1.64315,0.90,0.30
2008.04.22 12:07:15.186,1.64295,1.64315,0.90,0.30
2008.04.22 12:07:15.400,1.64295,1.64315,0.90,0.30
2008.04.22 12:07:15.615,1.64295,1.64315,0.90,0.30
2008.04.22 12:07:15.830,1.64295,1.64315,0.90,0.30
2008.04.22 12:07:16.045,1.64295,1.64315,0.90,0.30
2008.04.22 12:07:16.275,1.64295,1.6432,0.90,0.30
2008.04.22 12:07:16.505,1.64295,1.64315,0.40,0.30
2008.04.22 12:07:16.736,1.64295,1.64315,0.40,0.30
2008.04.22 12:07:16.967,1.64295,1.64315,0.40,0.30
2008.04.22 12:07:17.230,1.64295,1.64315,0.40,0.30
2008.04.22 12:07:17.525,1.64295,1.64315,0.90,0.30
2008.04.22 12:07:17.822,1.64295,1.64315,0.90,0.30
2008.04.22 12:07:18.089,1.643,1.6432,0.90,0.60
2008.04.22 12:07:18.357,1.643,1.64325,2.20,0.30
2008.04.22 12:07:18.622,1.643,1.6432,2.20,0.30
2008.04.22 12:07:18.888,1.643,1.6432,2.20,0.60
2008.04.22 12:07:19.153,1.643,1.6432,2.20,0.60
2008.04.22 12:07:19.436,1.64295,1.64315,0.40,0.30
2008.04.22 12:07:19.722,1.64295,1.6431,0.40,0.30
2008.04.22 12:07:19.981,1.64295,1.64315,0.90,0.30
2008.04.22 12:07:20.196,1.64295,1.6432,0.90,0.60
2008.04.22 12:07:20.411,1.64295,1.64315,0.90,0.30
2008.04.22 12:07:20.627,1.64295,1.6431,0.40,0.30
2008.04.22 12:07:20.843,1.64295,1.6431,0.40,0.30
2008.04.22 12:07:21.057,1.64295,1.6431,0.40,0.30
2008.04.22 12:07:21.307,1.6429,1.6431,0.90,0.30
2008.04.22 12:07:21.557,1.6429,1.6431,0.90,0.30
2008.04.22 12:07:21.808,1.6429,1.6431,0.90,0.30
2008.04.22 12:07:22.058,1.6429,1.6431,0.90,0.30
2008.04.22 12:07:22.272,1.6429,1.6431,0.90,0.30
2008.04.22 12:07:22.487,1.6429,1.6431,0.90,0.30
2008.04.22 12:07:22.714,1.6429,1.6431,0.90,0.30
2008.04.22 12:07:22.929,1.6429,1.6431,0.90,0.30
2008.04.22 12:07:23.154,1.6429,1.6431,0.90,0.30
2008.04.22 12:07:23.364,1.6429,1.6431,0.90,0.30
2008.04.22 12:07:23.574,1.6429,1.6431,0.90,0.30
2008.04.22 12:07:23.783,1.6429,1.6431,0.90,0.30
2008.04.22 12:07:23.992,1.6429,1.6431,0.90,0.30
2008.04.22 12:07:24.202,1.6429,1.6431,0.90,0.30
2008.04.22 12:07:24.397,1.6429,1.6431,0.90,0.30
2008.04.22 12:07:24.592,1.6429,1.64315,2.50,0.30
2008.04.22 12:07:24.787,1.6429,1.64315,2.50,0.30
2008.04.22 12:07:24.981,1.6429,1.64315,2.50,0.30
2008.04.22 12:07:25.176,1.6429,1.64315,2.50,0.30
2008.04.22 12:07:25.417,1.64295,1.64315,0.40,0.30
2008.04.22 12:07:25.658,1.64295,1.64315,0.40,0.30
2008.04.22 12:07:25.898,1.6429,1.6431,2.50,0.30
2008.04.22 12:07:26.137,1.6429,1.6431,0.60,0.30
2008.04.22 12:07:26.407,1.6429,1.6431,0.40,0.30
2008.04.22 12:07:26.673,1.6429,1.6431,0.40,0.30
2008.04.22 12:07:26.937,1.6429,1.6431,0.40,0.30
2008.04.22 12:07:27.202,1.6429,1.6431,0.40,0.30
2008.04.22 12:07:27.421,1.6429,1.6431,0.40,0.30
2008.04.22 12:07:27.642,1.6429,1.6431,0.40,0.30
2008.04.22 12:07:27.861,1.6429,1.6431,0.40,0.30
2008.04.22 12:07:28.081,1.6429,1.6431,0.40,0.30
2008.04.22 12:07:28.331,1.6429,1.6431,0.40,0.30
2008.04.22 12:07:28.609,1.6429,1.6431,0.40,0.30
2008.04.22 12:07:28.829,1.6429,1.6431,0.40,0.30
2008.04.22 12:07:29.078,1.6429,1.6431,0.40,0.30
2008.04.22 12:07:29.328,1.6429,1.6431,0.40,0.30
2008.04.22 12:07:29.582,1.6429,1.64305,0.40,0.30
2008.04.22 12:07:29.838,1.6429,1.6431,1.20,0.30
2008.04.22 12:07:30.094,1.6429,1.64305,0.60,0.30
2008.04.22 12:07:30.349,1.6429,1.64305,0.60,0.30
2008.04.22 12:07:30.573,1.6429,1.64305,0.60,0.30
2008.04.22 12:07:30.832,1.6429,1.64305,0.60,0.30
2008.04.22 12:07:31.093,1.6429,1.6431,0.60,0.60
2008.04.22 12:07:31.353,1.6429,1.6431,0.60,0.60
2008.04.22 12:07:31.612,1.6429,1.6431,0.60,0.60
2008.04.22 12:07:31.872,1.6429,1.6431,0.60,0.60
2008.04.22 12:07:32.132,1.6429,1.6431,0.60,0.60
2008.04.22 12:07:32.392,1.6429,1.6431,0.60,0.60
2008.04.22 12:07:32.599,1.6429,1.6431,0.60,0.60
2008.04.22 12:07:32.789,1.6429,1.6431,0.60,0.60
2008.04.22 12:07:33.005,1.6429,1.6431,0.60,0.60
2008.04.22 12:07:33.195,1.6429,1.6431,0.60,0.60
2008.04.22 12:07:33.384,1.6429,1.6431,0.60,0.60
2008.04.22 12:07:33.563,1.6429,1.6431,0.60,0.60
2008.04.22 12:07:33.742,1.6429,1.6431,0.60,0.60
2008.04.22 12:07:33.921,1.6429,1.6431,0.60,0.60
2008.04.22 12:07:34.101,1.6429,1.6431,0.60,0.60
2008.04.22 12:07:34.280,1.6429,1.6431,0.60,0.60
2008.04.22 12:07:34.458,1.6429,1.6431,0.60,0.60
2008.04.22 12:07:34.718,1.6429,1.6431,0.60,0.60
2008.04.22 12:07:34.954,1.6429,1.6431,0.60,0.60
2008.04.22 12:07:35.188,1.6429,1.6431,0.60,0.60
2008.04.22 12:07:35.427,1.6429,1.6431,0.60,0.60
2008.04.22 12:07:35.646,1.6429,1.6431,0.60,0.60
2008.04.22 12:07:35.866,1.6429,1.6431,0.60,0.60
2008.04.22 12:07:36.105,1.6429,1.6431,0.60,0.60
2008.04.22 12:07:36.326,1.6429,1.6431,0.60,0.60
2008.04.22 12:07:36.547,1.6429,1.6431,0.60,0.60
2008.04.22 12:07:36.768,1.64295,1.6431,0.40,0.30
2008.04.22 12:07:36.990,1.64295,1.6431,0.90,0.30
2008.04.22 12:07:37.209,1.64295,1.6432,0.90,0.60
2008.04.22 12:07:37.431,1.643,1.64315,0.40,0.30
2008.04.22 12:07:37.653,1.64295,1.6432,0.90,0.60
2008.04.22 12:07:37.964,1.643,1.6432,0.60,0.30
2008.04.22 12:07:38.273,1.643,1.6432,0.90,0.30
2008.04.22 12:07:38.582,1.643,1.6432,0.90,0.30
2008.04.22 12:07:38.805,1.643,1.6432,0.90,0.30
2008.04.22 12:07:39.051,1.643,1.6432,0.90,0.30
2008.04.22 12:07:39.306,1.643,1.6432,0.90,0.30
2008.04.22 12:07:39.561,1.643,1.6432,0.90,0.30
2008.04.22 12:07:39.785,1.643,1.6432,0.90,0.30
2008.04.22 12:07:40.040,1.643,1.6432,0.90,0.30
2008.04.22 12:07:40.294,1.643,1.6432,0.90,0.30
2008.04.22 12:07:40.548,1.643,1.6432,0.90,0.30
2008.04.22 12:07:40.803,1.643,1.6432,0.90,0.30
2008.04.22 12:07:41.043,1.643,1.6432,0.90,0.30
2008.04.22 12:07:41.284,1.643,1.6432,0.90,0.30
2008.04.22 12:07:41.525,1.643,1.6432,0.90,0.30
2008.04.22 12:07:41.765,1.643,1.6432,0.90,0.30
2008.04.22 12:07:42.010,1.643,1.6432,0.90,0.30
2008.04.22 12:07:42.260,1.643,1.6432,0.90,0.30
2008.04.22 12:07:42.504,1.643,1.6432,0.90,0.30
2008.04.22 12:07:42.748,1.643,1.6432,0.90,0.30
2008.04.22 12:07:42.963,1.643,1.6432,0.90,0.30
2008.04.22 12:07:43.177,1.643,1.6432,0.90,0.30
2008.04.22 12:07:43.392,1.643,1.6432,0.90,0.30
2008.04.22 12:07:43.607,1.643,1.6432,0.90,0.30
2008.04.22 12:07:43.782,1.643,1.6432,0.90,0.30
2008.04.22 12:07:43.956,1.643,1.6432,0.90,0.30
2008.04.22 12:07:44.153,1.643,1.6432,0.90,0.30
2008.04.22 12:07:44.326,1.643,1.6432,0.90,0.30
2008.04.22 12:07:44.499,1.643,1.6432,0.90,0.30
2008.04.22 12:07:44.694,1.643,1.6432,0.90,0.30
2008.04.22 12:07:44.955,1.643,1.6432,0.60,0.30
2008.04.22 12:07:45.214,1.643,1.6432,0.60,0.30
2008.04.22 12:07:45.473,1.643,1.6432,0.60,0.30
2008.04.22 12:07:45.764,1.643,1.64325,1.90,0.30
2008.04.22 12:07:45.961,1.643,1.6432,2.20,0.30
2008.04.22 12:07:46.157,1.643,1.6432,1.90,0.30
2008.04.22 12:07:46.354,1.643,1.6432,1.90,0.30
2008.04.22 12:07:46.550,1.643,1.6432,1.20,0.30
2008.04.22 12:07:46.746,1.64295,1.6432,0.90,0.30
2008.04.22 12:07:47.031,1.643,1.6432,0.60,0.30
2008.04.22 12:07:47.319,1.643,1.6432,0.60,0.30
2008.04.22 12:07:47.643,1.643,1.6432,1.90,0.30
2008.04.22 12:07:47.924,1.643,1.6432,1.90,0.30
2008.04.22 12:07:48.148,1.643,1.6432,1.90,0.30
2008.04.22 12:07:48.395,1.643,1.6432,1.90,0.30
2008.04.22 12:07:48.618,1.643,1.6432,1.90,0.30
2008.04.22 12:07:48.872,1.643,1.6432,1.90,0.30
2008.04.22 12:07:49.055,1.643,1.6432,1.90,0.30
2008.04.22 12:07:49.240,1.643,1.6432,1.90,0.30
2008.04.22 12:07:49.423,1.643,1.6432,1.90,0.30
2008.04.22 12:07:49.607,1.643,1.6432,1.90,0.30
2008.04.22 12:07:49.792,1.643,1.6432,1.90,0.30
2008.04.22 12:07:49.975,1.643,1.6432,1.90,0.30
2008.04.22 12:07:50.159,1.643,1.6432,1.90,0.30
2008.04.22 12:07:50.344,1.643,1.6432,1.90,0.30
2008.04.22 12:07:50.528,1.643,1.6432,1.90,0.30
2008.04.22 12:07:50.734,1.643,1.6432,1.90,0.30
2008.04.22 12:07:50.914,1.643,1.6432,1.90,0.30
2008.04.22 12:07:51.113,1.643,1.6432,2.20,0.30
2008.04.22 12:07:51.313,1.643,1.6432,2.20,0.30
2008.04.22 12:07:51.512,1.643,1.6432,2.20,0.30
2008.04.22 12:07:51.711,1.643,1.6432,2.20,0.30
2008.04.22 12:07:51.911,1.643,1.6432,2.20,0.30
2008.04.22 12:07:52.094,1.643,1.6432,2.20,0.30
2008.04.22 12:07:52.278,1.643,1.6432,2.20,0.30
2008.04.22 12:07:52.463,1.643,1.6432,2.20,0.30
2008.04.22 12:07:52.646,1.643,1.6432,2.20,0.30
2008.04.22 12:07:52.830,1.643,1.6432,2.20,0.30
2008.04.22 12:07:52.989,1.643,1.6432,2.20,0.30
2008.04.22 12:07:53.148,1.643,1.6432,2.20,0.30
2008.04.22 12:07:53.308,1.643,1.6432,2.20,0.30
2008.04.22 12:07:53.466,1.643,1.6432,2.20,0.30
2008.04.22 12:07:53.625,1.643,1.6432,2.20,0.30
2008.04.22 12:07:53.784,1.643,1.6432,2.20,0.30
2008.04.22 12:07:53.983,1.643,1.6432,2.20,0.30
2008.04.22 12:07:54.182,1.643,1.6432,2.20,0.30
2008.04.22 12:07:54.381,1.643,1.6432,2.20,0.30
2008.04.22 12:07:54.581,1.643,1.6432,2.20,0.30
2008.04.22 12:07:54.781,1.64305,1.64325,0.40,0.30
2008.04.22 12:07:54.981,1.64305,1.6433,0.90,2.10
2008.04.22 12:07:55.271,1.64305,1.64325,0.90,0.30
2008.04.22 12:07:55.561,1.64305,1.64325,0.90,0.30
2008.04.22 12:07:55.850,1.64305,1.64325,0.90,0.30
2008.04.22 12:07:56.064,1.64305,1.64325,0.40,0.30
2008.04.22 12:07:56.254,1.64305,1.64325,0.40,0.30
2008.04.22 12:07:56.444,1.64305,1.64325,0.40,0.30
2008.04.22 12:07:56.634,1.64305,1.64325,0.40,0.30
2008.04.22 12:07:56.824,1.64305,1.64325,0.40,0.30
2008.04.22 12:07:57.040,1.64305,1.6432,0.40,0.30
2008.04.22 12:07:57.256,1.64305,1.64325,0.40,0.30
2008.04.22 12:07:57.471,1.64305,1.64325,0.40,0.30
2008.04.22 12:07:57.714,1.64305,1.64325,0.40,0.30
2008.04.22 12:07:57.928,1.64305,1.64325,0.40,0.30
2008.04.22 12:07:58.182,1.64305,1.64325,0.40,0.30
2008.04.22 12:07:58.435,1.64305,1.64325,0.40,0.30
2008.04.22 12:07:58.731,1.64305,1.6432,0.40,0.30
2008.04.22 12:07:59.009,1.64305,1.6432,0.40,0.30
2008.04.22 12:07:59.242,1.64305,1.6432,0.40,0.30
2008.04.22 12:07:59.471,1.64305,1.6432,0.40,0.30
2008.04.22 12:07:59.701,1.64305,1.6432,0.40,0.30
2008.04.22 12:07:59.930,1.64305,1.6432,0.40,0.30
2008.04.22 12:08:00.199,1.64305,1.6432,0.40,0.30
2008.04.22 12:08:00.438,1.64305,1.6432,0.40,0.30
2008.04.22 12:08:00.677,1.64305,1.6432,0.40,0.30
2008.04.22 12:08:00.918,1.64305,1.6432,0.40,0.30
2008.04.22 12:08:01.127,1.64305,1.6432,0.40,0.30
2008.04.22 12:08:01.336,1.64305,1.6432,0.40,0.30
2008.04.22 12:08:01.546,1.64305,1.6432,0.40,0.30
2008.04.22 12:08:01.755,1.64305,1.6432,0.40,0.30
2008.04.22 12:08:01.966,1.64305,1.6432,0.40,0.30
2008.04.22 12:08:02.201,1.643,1.6432,0.40,0.30
2008.04.22 12:08:02.436,1.643,1.6432,0.40,0.30
2008.04.22 12:08:02.672,1.643,1.64315,0.40,0.30
2008.04.22 12:08:02.912,1.643,1.64315,0.40,0.30
2008.04.22 12:08:03.158,1.643,1.64315,0.40,0.30
2008.04.22 12:08:03.403,1.643,1.64315,0.40,0.30
2008.04.22 12:08:03.664,1.643,1.64315,0.40,0.30
2008.04.22 12:08:03.909,1.643,1.64315,0.40,0.30
2008.04.22 12:08:04.093,1.643,1.64315,0.40,0.30
2008.04.22 12:08:04.278,1.643,1.64315,0.40,0.30
2008.04.22 12:08:04.462,1.643,1.64315,0.40,0.30
2008.04.22 12:08:04.647,1.643,1.64315,0.40,0.30
2008.04.22 12:08:04.830,1.643,1.64315,0.40,0.30
2008.04.22 12:08:05.015,1.643,1.64315,0.40,0.30
2008.04.22 12:08:05.200,1.643,1.64315,0.40,0.30
2008.04.22 12:08:05.405,1.643,1.64315,0.40,0.30
2008.04.22 12:08:05.590,1.643,1.64315,0.40,0.30
2008.04.22 12:08:05.775,1.643,1.64315,0.40,0.30
2008.04.22 12:08:05.959,1.643,1.6432,0.40,0.30
2008.04.22 12:08:06.175,1.643,1.6432,0.40,0.30
2008.04.22 12:08:06.390,1.643,1.6432,0.40,0.30
2008.04.22 12:08:06.605,1.643,1.6432,0.40,0.30
2008.04.22 12:08:06.821,1.643,1.64325,2.50,0.30
2008.04.22 12:08:07.037,1.643,1.6432,2.50,0.30
2008.04.22 12:08:07.277,1.643,1.6432,0.90,0.30
2008.04.22 12:08:07.516,1.643,1.6432,0.90,0.30
2008.04.22 12:08:07.757,1.643,1.6432,0.90,0.30
2008.04.22 12:08:07.998,1.643,1.6432,0.90,0.30
2008.04.22 12:08:08.236,1.643,1.6432,0.90,0.30
2008.04.22 12:08:08.491,1.643,1.64325,0.90,0.30
2008.04.22 12:08:08.722,1.64305,1.64325,0.40,0.30
2008.04.22 12:08:08.951,1.64305,1.64325,0.40,0.30
2008.04.22 12:08:09.208,1.64305,1.64325,0.40,0.30
2008.04.22 12:08:09.412,1.64305,1.64325,0.40,0.30
2008.04.22 12:08:09.625,1.64305,1.64325,0.40,0.30
2008.04.22 12:08:09.830,1.64305,1.64325,0.40,0.30
2008.04.22 12:08:10.035,1.64305,1.64325,0.40,0.30
2008.04.22 12:08:10.239,1.64305,1.64325,0.40,0.30
2008.04.22 12:08:10.444,1.64305,1.64325,0.40,0.30
2008.04.22 12:08:10.676,1.64305,1.64325,0.40,0.30
2008.04.22 12:08:10.854,1.64305,1.6432,0.40,0.30
2008.04.22 12:08:11.060,1.64305,1.6432,0.40,0.30
2008.04.22 12:08:11.269,1.64305,1.6432,0.40,0.30
2008.04.22 12:08:11.479,1.64305,1.6432,0.40,0.30
2008.04.22 12:08:11.691,1.643,1.6432,0.40,0.30
2008.04.22 12:08:11.900,1.643,1.6432,0.40,0.30
2008.04.22 12:08:12.110,1.643,1.6432,0.40,0.30
2008.04.22 12:08:12.380,1.643,1.6432,0.40,0.30
2008.04.22 12:08:12.649,1.643,1.6432,0.40,0.30
2008.04.22 12:08:12.919,1.643,1.6432,0.40,0.30
2008.04.22 12:08:13.188,1.643,1.6432,0.40,0.30
2008.04.22 12:08:13.373,1.643,1.6432,0.40,0.30
2008.04.22 12:08:13.557,1.643,1.6432,0.40,0.30
2008.04.22 12:08:13.770,1.643,1.6432,0.40,0.30
2008.04.22 12:08:13.953,1.643,1.6432,0.40,0.30
2008.04.22 12:08:14.144,1.643,1.6432,0.40,0.30
2008.04.22 12:08:14.342,1.643,1.6432,0.40,0.30
2008.04.22 12:08:14.542,1.643,1.6432,0.40,0.30
2008.04.22 12:08:14.742,1.643,1.6432,0.40,0.30
2008.04.22 12:08:14.942,1.643,1.6432,0.40,0.30
2008.04.22 12:08:15.141,1.643,1.6432,0.40,0.30
2008.04.22 12:08:15.339,1.643,1.6432,0.40,0.30
2008.04.22 12:08:15.559,1.643,1.6432,0.40,0.30
2008.04.22 12:08:15.780,1.64295,1.6432,0.90,0.30
2008.04.22 12:08:16.009,1.64295,1.6432,0.90,0.30
2008.04.22 12:08:16.227,1.64295,1.6432,0.90,0.30
2008.04.22 12:08:16.492,1.64295,1.6432,0.90,0.30
2008.04.22 12:08:16.757,1.64295,1.6432,0.90,0.30
2008.04.22 12:08:17.023,1.64295,1.6432,0.90,0.30
2008.04.22 12:08:17.287,1.64295,1.6432,0.90,0.30
2008.04.22 12:08:17.482,1.64295,1.6432,0.90,0.30
2008.04.22 12:08:17.680,1.64295,1.6432,0.90,0.30
2008.04.22 12:08:17.810,1.64295,1.6432,0.90,0.30
2008.04.22 12:08:17.976,1.64295,1.6432,0.90,0.30
2008.04.22 12:08:18.141,1.64295,1.6432,0.90,0.30
2008.04.22 12:08:18.306,1.64295,1.6432,0.90,0.30
2008.04.22 12:08:18.641,1.64295,1.6432,0.90,0.30
2008.04.22 12:08:18.949,1.64295,1.6432,0.90,0.30
2008.04.22 12:08:19.259,1.64295,1.6432,0.90,0.30
2008.04.22 12:08:19.568,1.64295,1.6432,0.90,0.30
2008.04.22 12:08:19.727,1.64295,1.6432,0.90,0.30
2008.04.22 12:08:19.887,1.64295,1.6432,0.90,0.30
2008.04.22 12:08:20.045,1.64295,1.6432,0.90,0.30
2008.04.22 12:08:20.206,1.64295,1.6432,0.90,0.30
2008.04.22 12:08:20.393,1.64295,1.6432,0.90,0.30
2008.04.22 12:08:20.638,1.64295,1.6432,0.90,0.30
2008.04.22 12:08:20.881,1.64295,1.6432,0.90,0.30
2008.04.22 12:08:21.125,1.64295,1.6432,0.90,0.30
2008.04.22 12:08:21.369,1.64295,1.6432,0.90,0.30
2008.04.22 12:08:21.626,1.64295,1.6432,0.90,0.30
2008.04.22 12:08:21.856,1.64295,1.6432,0.90,0.30
2008.04.22 12:08:22.087,1.64295,1.6432,0.90,0.30
2008.04.22 12:08:22.351,1.64295,1.6432,0.90,0.30
2008.04.22 12:08:22.579,1.64295,1.6432,0.90,0.30
2008.04.22 12:08:22.794,1.64295,1.6432,0.90,0.30
2008.04.22 12:08:23.041,1.64295,1.6432,0.90,0.30
2008.04.22 12:08:23.255,1.64295,1.6432,0.90,0.30
2008.04.22 12:08:23.470,1.64295,1.64315,0.90,0.30
2008.04.22 12:08:23.695,1.64295,1.64315,0.90,0.30
2008.04.22 12:08:23.919,1.64295,1.64315,0.90,0.30
2008.04.22 12:08:24.144,1.64295,1.64315,0.90,0.30
2008.04.22 12:08:24.370,1.64295,1.64315,0.90,0.30
2008.04.22 12:08:24.593,1.64295,1.64315,0.90,0.30
2008.04.22 12:08:24.829,1.64295,1.64315,0.90,0.30
2008.04.22 12:08:25.038,1.64295,1.64315,0.90,0.30
2008.04.22 12:08:25.246,1.64295,1.64315,0.90,0.30
2008.04.22 12:08:25.455,1.64295,1.64315,0.90,0.30
2008.04.22 12:08:25.671,1.64295,1.64315,0.90,0.30
2008.04.22 12:08:25.860,1.64295,1.64315,0.90,0.30
2008.04.22 12:08:26.075,1.64295,1.64315,0.90,0.30
2008.04.22 12:08:26.264,1.64295,1.64315,0.90,0.30
2008.04.22 12:08:26.453,1.64295,1.64315,0.90,0.30
2008.04.22 12:08:26.641,1.64295,1.64315,0.90,0.30
2008.04.22 12:08:26.831,1.64295,1.64315,0.90,0.30
2008.04.22 12:08:27.019,1.64295,1.64315,0.90,0.30
2008.04.22 12:08:27.208,1.64295,1.64315,0.90,0.30
2008.04.22 12:08:27.397,1.64295,1.64315,0.90,0.30
2008.04.22 12:08:27.614,1.64295,1.64315,0.90,0.30
2008.04.22 12:08:27.788,1.64295,1.64315,0.90,0.30
2008.04.22 12:08:27.961,1.64295,1.64315,0.90,0.30
2008.04.22 12:08:28.136,1.64295,1.64315,0.90,0.30
2008.04.22 12:08:28.310,1.64295,1.64315,0.90,0.30
2008.04.22 12:08:28.483,1.64295,1.64315,0.90,0.30
2008.04.22 12:08:28.682,1.64295,1.64315,0.90,0.30
2008.04.22 12:08:28.881,1.64295,1.64315,0.90,0.30
2008.04.22 12:08:29.089,1.64295,1.64315,0.90,0.30
2008.04.22 12:08:29.288,1.64295,1.64315,0.90,0.30
2008.04.22 12:08:29.489,1.64295,1.64315,0.90,0.30
2008.04.22 12:08:29.715,1.643,1.6432,0.60,0.30
2008.04.22 12:08:29.940,1.643,1.6432,1.90,0.30
2008.04.22 12:08:30.164,1.643,1.6432,0.60,0.30
2008.04.22 12:08:30.418,1.643,1.6432,1.90,0.30
2008.04.22 12:08:30.671,1.643,1.6432,1.90,0.30
2008.04.22 12:08:30.976,1.643,1.6432,1.90,0.30
2008.04.22 12:08:31.283,1.643,1.6432,1.90,0.30
2008.04.22 12:08:31.617,1.643,1.6432,1.90,0.30
2008.04.22 12:08:31.821,1.643,1.6432,1.90,0.30
2008.04.22 12:08:32.026,1.643,1.6432,1.90,0.30
2008.04.22 12:08:32.230,1.643,1.6432,1.90,0.30
2008.04.22 12:08:32.433,1.643,1.6432,1.90,0.30
2008.04.22 12:08:32.638,1.643,1.6432,1.90,0.30
2008.04.22 12:08:32.828,1.643,1.6432,1.90,0.30
2008.04.22 12:08:33.047,1.643,1.6432,1.90,0.30
2008.04.22 12:08:33.208,1.643,1.6432,1.90,0.30
2008.04.22 12:08:33.398,1.643,1.6432,1.90,0.30
2008.04.22 12:08:33.619,1.643,1.6432,1.90,0.30
2008.04.22 12:08:33.806,1.643,1.6432,1.90,0.30
2008.04.22 12:08:34.051,1.643,1.6432,1.90,0.30
2008.04.22 12:08:34.295,1.643,1.6432,1.90,0.30
2008.04.22 12:08:34.541,1.643,1.6432,1.90,0.30
2008.04.22 12:08:34.788,1.643,1.6432,1.60,0.30
2008.04.22 12:08:35.008,1.643,1.64315,1.60,0.30
2008.04.22 12:08:35.227,1.643,1.64315,1.60,0.30
2008.04.22 12:08:35.448,1.643,1.64315,0.40,0.30
2008.04.22 12:08:35.667,1.643,1.64315,0.40,0.30
2008.04.22 12:08:35.886,1.643,1.64315,0.40,0.30
2008.04.22 12:08:36.120,1.643,1.64315,0.40,0.30
2008.04.22 12:08:36.353,1.643,1.64315,0.40,0.30
2008.04.22 12:08:36.612,1.643,1.64315,0.40,0.30
2008.04.22 12:08:36.846,1.643,1.64315,0.40,0.30
2008.04.22 12:08:37.046,1.643,1.64315,0.40,0.30
2008.04.22 12:08:37.246,1.643,1.64315,0.40,0.30
2008.04.22 12:08:37.445,1.643,1.64315,0.40,0.30
2008.04.22 12:08:37.645,1.643,1.64315,0.40,0.30
2008.04.22 12:08:37.843,1.643,1.64315,0.40,0.30
2008.04.22 12:08:38.038,1.643,1.64315,0.40,0.30
2008.04.22 12:08:38.232,1.643,1.64315,0.40,0.30
2008.04.22 12:08:38.426,1.643,1.64315,0.40,0.30
2008.04.22 12:08:38.621,1.643,1.64315,0.40,0.30
2008.04.22 12:08:38.838,1.643,1.64315,0.40,0.30
2008.04.22 12:08:39.042,1.643,1.64315,0.40,0.30
2008.04.22 12:08:39.248,1.64295,1.64315,0.40,0.30
2008.04.22 12:08:39.452,1.64295,1.64315,0.40,0.30
2008.04.22 12:08:39.685,1.64295,1.64315,0.90,0.30
2008.04.22 12:08:39.889,1.64295,1.64315,0.90,0.30
2008.04.22 12:08:40.150,1.64295,1.64315,0.40,0.30
2008.04.22 12:08:40.410,1.6429,1.64315,2.50,0.30
2008.04.22 12:08:40.670,1.6429,1.64315,1.20,0.30
2008.04.22 12:08:40.932,1.6429,1.6431,1.20,0.30
2008.04.22 12:08:41.192,1.6429,1.6431,1.20,0.30
2008.04.22 12:08:41.472,1.6429,1.6431,1.20,0.30
2008.04.22 12:08:41.732,1.6429,1.6431,1.20,0.30
2008.04.22 12:08:41.991,1.6429,1.6431,1.20,0.30
2008.04.22 12:08:42.191,1.6429,1.6431,0.60,0.30
2008.04.22 12:08:42.392,1.6429,1.6431,0.60,0.30
2008.04.22 12:08:42.621,1.6429,1.6431,0.60,0.30
2008.04.22 12:08:42.791,1.6429,1.6431,0.60,0.30
2008.04.22 12:08:42.991,1.6429,1.6431,0.60,0.30
2008.04.22 12:08:43.276,1.6429,1.6431,0.60,0.30
2008.04.22 12:08:43.561,1.6429,1.6431,0.60,0.30
2008.04.22 12:08:43.844,1.6429,1.6431,0.60,0.30
2008.04.22 12:08:44.153,1.6429,1.6431,0.60,0.30
2008.04.22 12:08:44.353,1.6429,1.6431,0.60,0.30
2008.04.22 12:08:44.552,1.6429,1.6431,0.60,0.30
2008.04.22 12:08:44.753,1.6429,1.6431,0.60,0.30
2008.04.22 12:08:44.952,1.6429,1.6431,0.60,0.30
2008.04.22 12:08:45.227,1.6429,1.6431,0.60,0.30
2008.04.22 12:08:45.501,1.6429,1.6431,0.60,0.30
2008.04.22 12:08:45.775,1.6429,1.6431,0.60,0.30
2008.04.22 12:08:46.050,1.6429,1.6431,0.60,0.30
2008.04.22 12:08:46.274,1.6429,1.6431,0.40,0.30
2008.04.22 12:08:46.499,1.6429,1.6431,0.40,0.30
2008.04.22 12:08:46.723,1.6429,1.6431,0.40,0.30
2008.04.22 12:08:46.948,1.6429,1.6431,0.40,0.30
2008.04.22 12:08:47.172,1.6429,1.6431,0.40,0.30
2008.04.22 12:08:47.425,1.6429,1.6431,0.40,0.30
2008.04.22 12:08:47.650,1.64285,1.64305,0.40,0.30
2008.04.22 12:08:47.876,1.64285,1.6431,0.60,0.80
2008.04.22 12:08:48.102,1.6429,1.6431,0.60,0.60
2008.04.22 12:08:48.313,1.6429,1.64315,3.60,0.30
2008.04.22 12:08:48.524,1.643,1.6432,0.40,0.60
2008.04.22 12:08:48.735,1.643,1.64325,0.60,0.30
2008.04.22 12:08:48.945,1.643,1.64325,2.20,0.30
2008.04.22 12:08:49.292,1.64305,1.64325,0.90,0.30
2008.04.22 12:08:49.618,1.6431,1.6433,1.20,0.60
2008.04.22 12:08:49.943,1.6431,1.64325,1.60,0.30
2008.04.22 12:08:50.271,1.6431,1.6433,0.60,0.60
2008.04.22 12:08:50.482,1.6431,1.6433,0.60,0.60
2008.04.22 12:08:50.721,1.6431,1.6433,2.50,0.60
2008.04.22 12:08:50.961,1.6431,1.6433,2.50,0.60
2008.04.22 12:08:51.259,1.6431,1.64325,1.90,0.30
2008.04.22 12:08:51.551,1.6431,1.64325,0.60,0.30
2008.04.22 12:08:51.844,1.6431,1.64325,0.40,0.30
2008.04.22 12:08:52.162,1.6431,1.6433,0.40,0.60
2008.04.22 12:08:52.407,1.6431,1.64325,0.40,0.30
2008.04.22 12:08:52.652,1.6431,1.64325,1.20,0.30
2008.04.22 12:08:52.898,1.643,1.6431,1.60,0.30
2008.04.22 12:08:53.177,1.643,1.64305,1.60,0.30
2008.04.22 12:08:53.420,1.64295,1.6431,0.40,0.30
2008.04.22 12:08:53.667,1.6429,1.64315,1.20,0.30
2008.04.22 12:08:53.912,1.6429,1.6431,1.20,0.60
2008.04.22 12:08:54.158,1.64285,1.64305,0.40,0.30
2008.04.22 12:08:54.459,1.6428,1.64305,2.20,0.30
2008.04.22 12:08:54.758,1.64285,1.64305,0.60,0.30
2008.04.22 12:08:55.027,1.64285,1.64305,0.60,0.30
2008.04.22 12:08:55.304,1.6428,1.64305,0.60,0.30
2008.04.22 12:08:55.524,1.64275,1.643,0.90,0.30
2008.04.22 12:08:55.750,1.6428,1.643,0.60,0.30
2008.04.22 12:08:55.973,1.6428,1.643,0.90,0.30
2008.04.22 12:08:56.198,1.6428,1.643,0.90,0.30
2008.04.22 12:08:56.484,1.64275,1.64295,0.90,0.30
2008.04.22 12:08:56.798,1.64275,1.64295,0.90,0.30
2008.04.22 12:08:57.142,1.64275,1.64295,0.40,0.30
2008.04.22 12:08:57.458,1.6427,1.6429,0.60,0.30
2008.04.22 12:08:57.657,1.6427,1.6429,0.60,0.30
2008.04.22 12:08:57.885,1.6427,1.6429,0.60,0.30
2008.04.22 12:08:58.085,1.6427,1.64295,1.20,0.30
2008.04.22 12:08:58.285,1.6427,1.64295,1.20,0.30
2008.04.22 12:08:58.585,1.6427,1.64295,1.20,0.30
2008.04.22 12:08:58.885,1.6427,1.64295,1.20,0.30
2008.04.22 12:08:59.185,1.6427,1.64295,1.20,0.30
2008.04.22 12:08:59.483,1.6427,1.64295,1.20,0.30
2008.04.22 12:08:59.688,1.6427,1.64295,1.20,0.30
2008.04.22 12:08:59.894,1.6427,1.64295,1.20,0.30
2008.04.22 12:09:00.098,1.6427,1.64295,1.20,0.30
2008.04.22 12:09:00.302,1.6427,1.64295,1.20,0.30
2008.04.22 12:09:00.516,1.6427,1.64295,1.20,0.30
2008.04.22 12:09:00.721,1.6427,1.64295,1.20,0.30
2008.04.22 12:09:00.925,1.6427,1.64295,1.20,0.30
2008.04.22 12:09:01.134,1.6427,1.64295,1.20,0.30
2008.04.22 12:09:01.335,1.6427,1.64295,1.20,0.30
2008.04.22 12:09:01.589,1.6427,1.64295,1.20,0.30
2008.04.22 12:09:01.880,1.6427,1.64295,1.20,0.30
2008.04.22 12:09:02.134,1.6427,1.64295,1.20,0.30
2008.04.22 12:09:02.388,1.6427,1.64295,1.20,0.30
2008.04.22 12:09:02.577,1.6427,1.64295,1.20,0.30
2008.04.22 12:09:02.767,1.6427,1.64295,0.90,0.30
2008.04.22 12:09:02.957,1.6427,1.64295,0.90,0.30
2008.04.22 12:09:03.145,1.6427,1.64295,0.90,0.30
2008.04.22 12:09:03.340,1.6427,1.64295,0.90,0.30
2008.04.22 12:09:03.634,1.6427,1.64295,0.90,0.30
2008.04.22 12:09:03.929,1.6427,1.64295,0.90,0.30
2008.04.22 12:09:04.223,1.6427,1.64295,0.90,0.30
2008.04.22 12:09:04.518,1.6427,1.64295,0.90,0.30
2008.04.22 12:09:04.691,1.6427,1.64295,0.90,0.30
2008.04.22 12:09:04.866,1.6427,1.64295,0.90,0.30
2008.04.22 12:09:05.040,1.6427,1.64295,0.90,0.30
2008.04.22 12:09:05.214,1.6427,1.64295,0.90,0.30
2008.04.22 12:09:05.388,1.6427,1.64295,0.90,0.30
2008.04.22 12:09:05.701,1.6427,1.64295,0.90,0.30
2008.04.22 12:09:05.956,1.6427,1.64295,0.90,0.30
2008.04.22 12:09:06.240,1.6427,1.64295,0.90,0.30
2008.04.22 12:09:06.525,1.6427,1.64295,0.90,0.30
2008.04.22 12:09:06.694,1.6427,1.64295,0.90,0.30
2008.04.22 12:09:06.864,1.6427,1.64295,0.90,0.30
2008.04.22 12:09:07.033,1.6427,1.64295,0.90,0.30
2008.04.22 12:09:07.203,1.6427,1.64295,0.90,0.30
2008.04.22 12:09:07.372,1.6427,1.64295,0.90,0.30
2008.04.22 12:09:07.573,1.6427,1.64295,0.90,0.30
2008.04.22 12:09:07.853,1.6427,1.64295,0.90,0.30
2008.04.22 12:09:08.132,1.6427,1.64295,0.90,0.30
2008.04.22 12:09:08.439,1.6427,1.64295,0.90,0.30
2008.04.22 12:09:08.754,1.6427,1.64295,0.90,0.30
2008.04.22 12:09:08.945,1.6427,1.64295,0.90,0.30
2008.04.22 12:09:09.135,1.6427,1.64295,0.90,0.30
2008.04.22 12:09:09.326,1.6427,1.6429,0.90,0.30
2008.04.22 12:09:09.517,1.6427,1.6429,0.90,0.30
2008.04.22 12:09:09.705,1.6427,1.6429,0.90,0.30
2008.04.22 12:09:09.980,1.6427,1.6429,0.90,0.60
2008.04.22 12:09:10.255,1.6427,1.6429,0.40,0.60
2008.04.22 12:09:10.530,1.6426,1.64285,2.50,0.30
2008.04.22 12:09:10.806,1.6426,1.6428,1.20,0.60
2008.04.22 12:09:11.061,1.6426,1.6428,1.20,0.60
2008.04.22 12:09:11.316,1.6426,1.6428,0.90,0.60
2008.04.22 12:09:11.569,1.6426,1.6428,0.90,0.60
2008.04.22 12:09:11.825,1.6426,1.6428,0.90,0.60
2008.04.22 12:09:12.101,1.6426,1.6428,0.90,0.60
2008.04.22 12:09:12.356,1.6426,1.6428,0.90,0.60
2008.04.22 12:09:12.611,1.6426,1.6428,0.90,0.60
2008.04.22 12:09:12.836,1.6426,1.6428,0.90,0.60
2008.04.22 12:09:13.059,1.6426,1.6428,0.90,0.60
2008.04.22 12:09:13.283,1.6426,1.6428,0.90,0.60
2008.04.22 12:09:13.510,1.64255,1.6428,1.70,0.60
2008.04.22 12:09:13.736,1.64255,1.6428,1.70,0.60
2008.04.22 12:09:13.986,1.6426,1.6428,0.40,0.60
2008.04.22 12:09:14.236,1.6426,1.6428,0.40,0.60
2008.04.22 12:09:14.487,1.6426,1.64275,0.40,0.30
2008.04.22 12:09:14.739,1.64255,1.6427,0.80,0.30
2008.04.22 12:09:15.014,1.64245,1.6427,0.90,0.30
2008.04.22 12:09:15.288,1.64245,1.6427,0.90,0.30
2008.04.22 12:09:15.588,1.64245,1.64265,0.90,0.30
2008.04.22 12:09:15.866,1.6424,1.6426,0.60,0.30
2008.04.22 12:09:16.123,1.6424,1.6426,0.60,0.60
2008.04.22 12:09:16.355,1.64235,1.64255,0.40,0.30
2008.04.22 12:09:16.584,1.64235,1.64255,0.90,0.30
2008.04.22 12:09:16.816,1.6424,1.64265,0.90,0.30
2008.04.22 12:09:17.096,1.6425,1.6427,0.40,1.10
2008.04.22 12:09:17.377,1.6425,1.6427,0.40,1.10
2008.04.22 12:09:17.657,1.6425,1.6427,0.40,1.40
2008.04.22 12:09:17.913,1.6425,1.6427,0.40,1.10
2008.04.22 12:09:18.197,1.6425,1.6427,0.40,1.10
2008.04.22 12:09:18.451,1.6425,1.6427,0.40,1.10
2008.04.22 12:09:18.706,1.6425,1.6427,0.40,1.10
2008.04.22 12:09:18.933,1.6425,1.6427,0.40,1.10
2008.04.22 12:09:19.133,1.6425,1.6427,1.60,1.10
2008.04.22 12:09:19.336,1.6425,1.6427,0.40,1.10
2008.04.22 12:09:19.532,1.6425,1.6427,0.40,1.10
2008.04.22 12:09:19.731,1.6425,1.6427,0.40,1.10
2008.04.22 12:09:19.930,1.6425,1.6427,0.90,0.30
2008.04.22 12:09:20.216,1.6425,1.6427,1.60,0.30
2008.04.22 12:09:20.502,1.6425,1.6427,0.40,0.30
2008.04.22 12:09:20.788,1.6425,1.6427,0.40,0.30
2008.04.22 12:09:20.991,1.6425,1.6427,0.40,0.30
2008.04.22 12:09:21.191,1.6425,1.6427,0.40,0.30
2008.04.22 12:09:21.401,1.6425,1.6427,0.40,0.30
2008.04.22 12:09:21.602,1.6425,1.6427,0.40,0.30
2008.04.22 12:09:21.800,1.6425,1.6427,0.40,0.30
2008.04.22 12:09:22.027,1.6425,1.6427,0.40,0.30
2008.04.22 12:09:22.232,1.6425,1.6427,0.40,0.30
2008.04.22 12:09:22.438,1.6425,1.64265,0.40,0.30
2008.04.22 12:09:22.644,1.6425,1.64265,0.40,0.30
2008.04.22 12:09:22.851,1.6425,1.64265,0.40,0.30
2008.04.22 12:09:23.041,1.6425,1.64265,0.40,0.30
2008.04.22 12:09:23.232,1.6425,1.64265,0.40,0.30
2008.04.22 12:09:23.422,1.6425,1.64265,0.40,0.30
2008.04.22 12:09:23.612,1.6425,1.64265,0.40,0.30
2008.04.22 12:09:23.802,1.6425,1.64265,0.40,0.30
2008.04.22 12:09:23.992,1.6425,1.64265,0.40,0.30
2008.04.22 12:09:24.196,1.6425,1.64265,0.40,0.30
2008.04.22 12:09:24.401,1.6425,1.64265,0.40,0.30
2008.04.22 12:09:24.605,1.6425,1.64265,0.40,0.30
2008.04.22 12:09:24.809,1.6425,1.64265,0.60,0.30
2008.04.22 12:09:25.013,1.6425,1.64265,0.60,0.30
2008.04.22 12:09:25.207,1.6425,1.64265,0.60,0.30
2008.04.22 12:09:25.419,1.6425,1.64265,0.40,0.30
2008.04.22 12:09:25.614,1.6425,1.64265,0.40,0.30
2008.04.22 12:09:25.811,1.6425,1.64265,0.60,0.30
2008.04.22 12:09:26.005,1.6425,1.64265,0.60,0.30
2008.04.22 12:09:26.240,1.6425,1.64265,0.60,0.30
2008.04.22 12:09:26.475,1.6425,1.64265,0.60,0.30
2008.04.22 12:09:26.709,1.6425,1.64265,0.60,0.30
2008.04.22 12:09:26.943,1.6425,1.64265,0.60,0.30
2008.04.22 12:09:27.178,1.6425,1.6427,0.60,0.60
2008.04.22 12:09:27.363,1.64255,1.6427,0.60,0.30
2008.04.22 12:09:27.549,1.64255,1.64275,0.60,0.30
2008.04.22 12:09:27.756,1.64255,1.64275,0.60,0.30
2008.04.22 12:09:27.972,1.64255,1.64275,0.60,0.30
2008.04.22 12:09:28.126,1.64255,1.64275,0.60,0.30
2008.04.22 12:09:28.436,1.64255,1.64275,0.90,0.30
2008.04.22 12:09:28.746,1.64255,1.64275,0.90,0.30
2008.04.22 12:09:29.055,1.64255,1.64275,0.90,0.30
2008.04.22 12:09:29.246,1.64255,1.64275,0.90,0.30
2008.04.22 12:09:29.435,1.64255,1.64275,0.90,0.30
2008.04.22 12:09:29.646,1.64255,1.64275,0.90,0.30
2008.04.22 12:09:29.836,1.64255,1.64275,0.90,0.30
2008.04.22 12:09:30.025,1.64255,1.64275,0.90,0.30
2008.04.22 12:09:30.247,1.64255,1.64275,0.90,0.30
2008.04.22 12:09:30.496,1.64255,1.64275,0.90,0.30
2008.04.22 12:09:30.746,1.64255,1.64275,0.90,0.30
2008.04.22 12:09:30.995,1.64255,1.64275,0.90,0.30
2008.04.22 12:09:31.246,1.64255,1.64275,0.90,0.30
2008.04.22 12:09:31.401,1.64255,1.64275,0.90,0.30
2008.04.22 12:09:31.571,1.64255,1.64275,0.90,0.30
2008.04.22 12:09:31.728,1.64255,1.64275,0.90,0.30
2008.04.22 12:09:31.882,1.64255,1.64275,0.90,0.30
2008.04.22 12:09:32.069,1.64255,1.64275,0.90,0.30
2008.04.22 12:09:32.343,1.64255,1.64275,0.90,0.30
2008.04.22 12:09:32.622,1.64255,1.64275,0.90,0.30
2008.04.22 12:09:32.838,1.6426,1.6428,0.40,0.60
2008.04.22 12:09:33.084,1.6426,1.6428,0.40,0.60
2008.04.22 12:09:33.335,1.6426,1.6428,0.40,0.60
2008.04.22 12:09:33.585,1.6426,1.6428,0.40,0.60
2008.04.22 12:09:33.840,1.6426,1.6428,0.40,0.60
2008.04.22 12:09:34.090,1.6426,1.6428,0.40,0.60
2008.04.22 12:09:34.341,1.6426,1.6428,0.40,0.60
2008.04.22 12:09:34.585,1.6426,1.6428,0.40,0.60
2008.04.22 12:09:34.830,1.6426,1.6428,0.40,0.60
2008.04.22 12:09:35.074,1.6426,1.6428,0.90,0.60
2008.04.22 12:09:35.318,1.6426,1.6428,0.90,0.60
2008.04.22 12:09:35.519,1.6426,1.6428,0.90,0.60
2008.04.22 12:09:35.747,1.6426,1.6428,0.90,0.60
2008.04.22 12:09:35.976,1.6426,1.6428,0.90,0.60
2008.04.22 12:09:36.147,1.6426,1.6428,0.40,0.60
2008.04.22 12:09:36.432,1.6426,1.6428,0.90,0.60
2008.04.22 12:09:36.717,1.6426,1.64285,1.20,0.30
2008.04.22 12:09:37.002,1.6426,1.6428,2.50,0.30
2008.04.22 12:09:37.288,1.64265,1.6429,0.60,0.80
2008.04.22 12:09:37.539,1.6427,1.6429,0.90,0.60
2008.04.22 12:09:37.802,1.6427,1.6429,0.40,0.30
2008.04.22 12:09:38.051,1.6427,1.6429,0.40,0.30
2008.04.22 12:09:38.302,1.6427,1.6429,0.40,0.30
2008.04.22 12:09:38.547,1.64265,1.64285,0.40,0.30
2008.04.22 12:09:38.823,1.6426,1.6428,0.40,0.30
2008.04.22 12:09:39.068,1.6426,1.6428,0.40,0.30
2008.04.22 12:09:39.313,1.6426,1.64275,0.40,0.30
2008.04.22 12:09:39.563,1.64255,1.64275,0.40,0.30
2008.04.22 12:09:39.814,1.6426,1.6428,0.60,0.80
2008.04.22 12:09:40.064,1.6426,1.6428,0.60,0.30
2008.04.22 12:09:40.315,1.6426,1.64285,0.60,0.30
2008.04.22 12:09:40.585,1.6426,1.64285,2.20,0.30
2008.04.22 12:09:40.855,1.6426,1.64285,2.20,0.30
2008.04.22 12:09:41.126,1.6426,1.64285,2.20,0.30
2008.04.22 12:09:41.395,1.6426,1.64285,2.20,0.30
2008.04.22 12:09:41.635,1.6426,1.64285,2.20,0.30
2008.04.22 12:09:41.896,1.6426,1.64285,2.20,0.30
2008.04.22 12:09:42.172,1.6426,1.64285,2.20,0.30
2008.04.22 12:09:42.431,1.6426,1.64285,0.90,0.30
2008.04.22 12:09:42.662,1.64265,1.6429,0.60,0.60
2008.04.22 12:09:42.894,1.6427,1.6429,0.90,0.40
2008.04.22 12:09:43.124,1.6427,1.64295,2.20,0.30
2008.04.22 12:09:43.354,1.64275,1.64295,0.60,0.30
2008.04.22 12:09:43.619,1.64275,1.64295,0.60,0.30
2008.04.22 12:09:43.883,1.64275,1.64295,0.90,0.30
2008.04.22 12:09:44.147,1.64275,1.64295,0.90,0.30
2008.04.22 12:09:44.411,1.64275,1.64295,0.90,0.30
2008.04.22 12:09:44.624,1.64275,1.64295,0.90,0.30
2008.04.22 12:09:44.836,1.6428,1.64295,0.40,0.30
2008.04.22 12:09:45.062,1.6427,1.6429,0.60,0.30
2008.04.22 12:09:45.293,1.6427,1.6429,1.20,0.30
2008.04.22 12:09:45.517,1.6427,1.64295,1.20,0.30
2008.04.22 12:09:45.811,1.6427,1.64295,1.20,0.30
2008.04.22 12:09:46.106,1.6427,1.64295,1.20,0.30
2008.04.22 12:09:46.400,1.6427,1.64295,1.20,0.30
2008.04.22 12:09:46.633,1.6427,1.64295,1.20,0.30
2008.04.22 12:09:46.848,1.6427,1.64295,1.20,0.30
2008.04.22 12:09:47.061,1.6427,1.64295,1.20,0.30
2008.04.22 12:09:47.275,1.6427,1.64295,1.20,0.30
2008.04.22 12:09:47.490,1.6427,1.64295,1.20,0.30
2008.04.22 12:09:47.683,1.6427,1.64295,1.20,0.30
2008.04.22 12:09:47.877,1.6427,1.64295,1.20,0.30
2008.04.22 12:09:48.071,1.6427,1.64295,1.20,0.30
2008.04.22 12:09:48.265,1.6427,1.64295,1.20,0.30
2008.04.22 12:09:48.458,1.6427,1.64295,1.20,0.30
2008.04.22 12:09:48.643,1.6427,1.64295,1.20,0.30
2008.04.22 12:09:48.826,1.6427,1.64295,1.20,0.30
2008.04.22 12:09:49.011,1.6427,1.64295,1.20,0.30
2008.04.22 12:09:49.195,1.6427,1.64295,1.20,0.30
2008.04.22 12:09:49.407,1.6427,1.64295,1.20,0.30
2008.04.22 12:09:49.592,1.6427,1.64295,1.20,0.30
2008.04.22 12:09:49.825,1.6427,1.64295,1.20,0.30
2008.04.22 12:09:49.999,1.6427,1.64295,1.20,0.30
2008.04.22 12:09:50.203,1.6427,1.64295,1.20,0.30
2008.04.22 12:09:50.408,1.6427,1.64295,1.20,0.30
2008.04.22 12:09:50.644,1.6427,1.64295,1.20,0.30
2008.04.22 12:09:50.780,1.6427,1.64295,1.20,0.30
2008.04.22 12:09:50.972,1.6427,1.64295,1.20,0.30
2008.04.22 12:09:51.135,1.6427,1.64295,1.20,0.30
2008.04.22 12:09:51.329,1.6427,1.64295,1.20,0.30
2008.04.22 12:09:51.493,1.6427,1.64295,1.20,0.30
2008.04.22 12:09:51.658,1.6427,1.64295,1.20,0.30
2008.04.22 12:09:51.861,1.6427,1.64295,1.20,0.30
2008.04.22 12:09:52.065,1.6427,1.64295,1.20,0.30
2008.04.22 12:09:52.270,1.6427,1.64295,1.20,0.30
2008.04.22 12:09:52.473,1.6427,1.64295,1.20,0.30
2008.04.22 12:09:52.677,1.6427,1.64295,1.20,0.30
2008.04.22 12:09:52.840,1.6427,1.64295,1.20,0.30
2008.04.22 12:09:53.034,1.6427,1.64295,1.20,0.30
2008.04.22 12:09:53.168,1.6427,1.64295,1.20,0.30
2008.04.22 12:09:53.332,1.6427,1.64295,1.20,0.30
2008.04.22 12:09:53.497,1.6427,1.64295,1.20,0.30
2008.04.22 12:09:53.661,1.6427,1.64295,1.20,0.30
2008.04.22 12:09:53.860,1.6427,1.64295,1.20,0.30
2008.04.22 12:09:54.066,1.6427,1.64295,1.20,0.30
2008.04.22 12:09:54.265,1.6427,1.64295,1.20,0.30
2008.04.22 12:09:54.464,1.6427,1.64295,1.20,0.30
2008.04.22 12:09:54.677,1.6427,1.64295,1.20,0.30
2008.04.22 12:09:54.947,1.6427,1.64295,1.20,0.30
2008.04.22 12:09:55.187,1.6427,1.64295,1.20,0.30
2008.04.22 12:09:55.426,1.6427,1.64295,1.20,0.30
2008.04.22 12:09:55.666,1.6427,1.64295,1.20,0.30
2008.04.22 12:09:55.911,1.6427,1.64295,1.20,0.30
2008.04.22 12:09:56.175,1.6427,1.64295,1.20,0.30
2008.04.22 12:09:56.382,1.6427,1.64295,1.20,0.30
2008.04.22 12:09:56.617,1.6427,1.64295,1.20,0.30
2008.04.22 12:09:56.851,1.6427,1.64295,1.20,0.30
2008.04.22 12:09:57.087,1.6427,1.64295,1.20,0.30
2008.04.22 12:09:57.321,1.6427,1.64295,1.20,0.30
2008.04.22 12:09:57.554,1.6427,1.64295,1.20,0.30
2008.04.22 12:09:57.816,1.6427,1.6429,1.20,0.30
2008.04.22 12:09:58.056,1.6427,1.64295,1.20,0.30
2008.04.22 12:09:58.238,1.6427,1.64295,1.20,0.30
2008.04.22 12:09:58.448,1.6427,1.64295,1.20,0.30
2008.04.22 12:09:58.657,1.6427,1.64295,1.20,0.30
2008.04.22 12:09:58.867,1.6427,1.64295,1.20,0.30
2008.04.22 12:09:59.088,1.6427,1.64295,1.20,0.30
2008.04.22 12:09:59.307,1.6427,1.64295,1.20,0.30
2008.04.22 12:09:59.526,1.6427,1.64295,1.20,0.30
2008.04.22 12:09:59.745,1.6427,1.64295,1.20,0.30
2008.04.22 12:09:59.964,1.6427,1.64295,1.20,0.30
2008.04.22 12:10:00.158,1.6427,1.64295,1.20,0.30
2008.04.22 12:10:00.352,1.6427,1.64295,1.20,0.30
2008.04.22 12:10:00.547,1.6427,1.64295,1.20,0.30
2008.04.22 12:10:00.740,1.6427,1.64295,1.20,0.30
2008.04.22 12:10:00.934,1.6427,1.64295,1.20,0.30
2008.04.22 12:10:01.135,1.6427,1.64295,1.20,0.30
2008.04.22 12:10:01.309,1.6427,1.64295,1.20,0.30
2008.04.22 12:10:01.510,1.6427,1.64295,1.20,0.30
2008.04.22 12:10:01.684,1.6427,1.64295,1.20,0.30
2008.04.22 12:10:01.858,1.6427,1.64295,1.20,0.30
2008.04.22 12:10:02.068,1.6427,1.64295,1.20,0.30
2008.04.22 12:10:02.281,1.6427,1.64295,1.20,0.30
2008.04.22 12:10:02.493,1.6427,1.64295,1.20,0.30
2008.04.22 12:10:02.703,1.6427,1.64295,1.20,0.30
2008.04.22 12:10:02.922,1.6427,1.64295,1.20,0.30
2008.04.22 12:10:03.112,1.6427,1.64295,0.90,0.30
2008.04.22 12:10:03.322,1.6427,1.64285,0.40,0.30
2008.04.22 12:10:03.512,1.6427,1.64285,0.40,0.30
2008.04.22 12:10:03.701,1.6427,1.64285,0.40,0.30
2008.04.22 12:10:03.890,1.6427,1.64285,0.40,0.30
2008.04.22 12:10:04.115,1.6427,1.64285,0.40,0.30
2008.04.22 12:10:04.372,1.6427,1.64285,0.40,0.30
2008.04.22 12:10:04.598,1.6427,1.6429,1.20,0.30
2008.04.22 12:10:04.822,1.6427,1.6429,1.20,0.30
2008.04.22 12:10:05.023,1.6427,1.6429,1.90,0.30
2008.04.22 12:10:05.230,1.6427,1.6429,1.90,0.30
2008.04.22 12:10:05.430,1.6427,1.6429,0.60,0.30
2008.04.22 12:10:05.632,1.6427,1.6429,0.60,0.30
2008.04.22 12:10:05.862,1.6427,1.6429,0.60,0.30
2008.04.22 12:10:06.102,1.6427,1.6429,0.60,0.30
2008.04.22 12:10:06.346,1.6427,1.6429,0.60,0.30
2008.04.22 12:10:06.593,1.6427,1.6429,0.60,0.30
2008.04.22 12:10:06.838,1.6427,1.6429,0.60,0.30
2008.04.22 12:10:07.034,1.6427,1.6429,0.60,0.30
2008.04.22 12:10:07.229,1.6427,1.6429,1.20,0.30
2008.04.22 12:10:07.451,1.6427,1.6429,1.20,0.30
2008.04.22 12:10:07.617,1.6427,1.6429,1.20,0.30
2008.04.22 12:10:07.823,1.6427,1.6429,1.20,0.30
2008.04.22 12:10:08.018,1.6427,1.6429,1.20,0.30
2008.04.22 12:10:08.262,1.6427,1.6429,1.20,0.30
2008.04.22 12:10:08.507,1.6427,1.6429,1.20,0.30
2008.04.22 12:10:08.751,1.6427,1.6429,1.20,0.30
2008.04.22 12:10:08.995,1.6427,1.6429,1.20,0.30
2008.04.22 12:10:09.160,1.6427,1.6429,1.20,0.30
2008.04.22 12:10:09.324,1.6427,1.6429,1.20,0.30
2008.04.22 12:10:09.488,1.6427,1.6429,1.20,0.30
2008.04.22 12:10:09.680,1.6427,1.6429,1.20,0.30
2008.04.22 12:10:09.816,1.6427,1.6429,1.20,0.30
2008.04.22 12:10:09.980,1.6427,1.6429,1.20,0.30
2008.04.22 12:10:10.204,1.6427,1.6429,1.20,0.30
2008.04.22 12:10:10.428,1.6427,1.6429,1.20,0.30
2008.04.22 12:10:10.652,1.6427,1.6429,1.20,0.30
2008.04.22 12:10:10.876,1.6427,1.6429,1.20,0.30
2008.04.22 12:10:11.101,1.6427,1.6429,1.20,0.30
2008.04.22 12:10:11.261,1.6427,1.6429,1.20,0.30
2008.04.22 12:10:11.421,1.6427,1.6429,1.20,0.30
2008.04.22 12:10:11.580,1.6427,1.6429,1.20,0.30
2008.04.22 12:10:11.737,1.6427,1.6429,1.20,0.30
2008.04.22 12:10:11.898,1.6427,1.6429,1.20,0.30
2008.04.22 12:10:12.178,1.6427,1.6429,1.20,0.30
2008.04.22 12:10:12.460,1.6427,1.6429,1.20,0.30
2008.04.22 12:10:12.738,1.6427,1.6429,1.20,0.30
2008.04.22 12:10:13.018,1.6427,1.6429,1.20,0.30
2008.04.22 12:10:13.222,1.6427,1.6429,1.20,0.30
2008.04.22 12:10:13.402,1.6427,1.6429,1.20,0.30
2008.04.22 12:10:13.580,1.6427,1.6429,1.20,0.30
2008.04.22 12:10:13.759,1.6427,1.6429,1.20,0.30
2008.04.22 12:10:13.938,1.6427,1.6429,1.20,0.30
2008.04.22 12:10:14.173,1.6427,1.6429,1.20,0.30
2008.04.22 12:10:14.406,1.6427,1.6429,1.20,0.30
2008.04.22 12:10:14.653,1.6427,1.6429,1.20,0.30
2008.04.22 12:10:14.887,1.6427,1.6429,1.20,0.30
2008.04.22 12:10:15.122,1.6427,1.6429,1.20,0.30
2008.04.22 12:10:15.312,1.6427,1.6429,1.20,0.30
2008.04.22 12:10:15.501,1.6427,1.6429,1.20,0.30
2008.04.22 12:10:15.689,1.6427,1.6429,1.20,0.30
2008.04.22 12:10:15.878,1.6427,1.6429,1.20,0.30
2008.04.22 12:10:16.067,1.6427,1.6429,1.20,0.30
2008.04.22 12:10:16.261,1.6427,1.6429,1.20,0.30
2008.04.22 12:10:16.455,1.6427,1.6429,1.20,0.30
2008.04.22 12:10:16.650,1.6427,1.6429,1.20,0.30
2008.04.22 12:10:16.844,1.6427,1.6429,1.20,0.30
2008.04.22 12:10:17.039,1.6427,1.6429,1.20,0.30
2008.04.22 12:10:17.292,1.6427,1.6429,1.20,0.30
2008.04.22 12:10:17.547,1.6427,1.6429,1.20,0.30
2008.04.22 12:10:17.801,1.6427,1.6429,1.20,0.30
2008.04.22 12:10:18.055,1.6427,1.6429,1.20,0.30
2008.04.22 12:10:18.309,1.6427,1.6429,1.20,0.30
2008.04.22 12:10:18.449,1.6427,1.6429,1.20,0.30
2008.04.22 12:10:18.588,1.6427,1.6429,1.20,0.30
2008.04.22 12:10:18.757,1.6427,1.6429,1.20,0.30
2008.04.22 12:10:18.896,1.6427,1.6429,1.20,0.30
2008.04.22 12:10:19.035,1.6427,1.6429,1.20,0.30
2008.04.22 12:10:19.174,1.6427,1.6429,1.20,0.30
2008.04.22 12:10:19.403,1.6427,1.6429,1.20,0.30
2008.04.22 12:10:19.632,1.6427,1.6429,1.20,0.30
2008.04.22 12:10:19.861,1.6427,1.6429,1.20,0.30
2008.04.22 12:10:20.090,1.6427,1.6429,1.20,0.30
2008.04.22 12:10:20.326,1.6427,1.6429,0.90,0.30
2008.04.22 12:10:20.616,1.6427,1.64285,0.40,0.30
2008.04.22 12:10:20.831,1.6427,1.6429,0.90,0.60
2008.04.22 12:10:21.067,1.6427,1.6429,0.40,0.60
2008.04.22 12:10:21.302,1.6427,1.6429,0.40,0.60
2008.04.22 12:10:21.541,1.6427,1.6429,0.40,0.60
2008.04.22 12:10:21.780,1.6427,1.6429,0.40,0.60
2008.04.22 12:10:22.019,1.6427,1.6429,0.40,0.60
2008.04.22 12:10:22.260,1.6427,1.6429,0.40,0.60
2008.04.22 12:10:22.469,1.6427,1.6429,0.40,0.60
2008.04.22 12:10:22.678,1.6427,1.6429,0.40,0.60
2008.04.22 12:10:22.887,1.6427,1.6429,0.40,0.60
2008.04.22 12:10:23.125,1.6427,1.6429,0.40,0.60
2008.04.22 12:10:23.362,1.6427,1.6429,0.90,0.60
2008.04.22 12:10:23.569,1.6427,1.6429,0.90,0.60
2008.04.22 12:10:23.771,1.6427,1.6429,1.20,0.60
2008.04.22 12:10:23.975,1.64275,1.64295,0.60,0.30
2008.04.22 12:10:24.182,1.64275,1.64295,0.60,0.30
2008.04.22 12:10:24.388,1.6428,1.643,0.40,2.90
2008.04.22 12:10:24.724,1.6428,1.64295,0.40,0.30
2008.04.22 12:10:25.059,1.6428,1.643,0.60,0.60
2008.04.22 12:10:25.393,1.6428,1.64295,0.60,0.30
2008.04.22 12:10:25.613,1.6428,1.64295,0.60,0.30
2008.04.22 12:10:25.832,1.6428,1.64295,0.60,0.30
2008.04.22 12:10:26.052,1.6428,1.64295,0.60,0.30
2008.04.22 12:10:26.302,1.6428,1.64295,0.60,0.30
2008.04.22 12:10:26.555,1.6428,1.643,0.60,0.60
2008.04.22 12:10:26.819,1.6428,1.643,0.60,0.60
2008.04.22 12:10:27.085,1.6428,1.643,1.20,0.60
2008.04.22 12:10:27.351,1.6428,1.643,1.20,0.60
2008.04.22 12:10:27.611,1.6428,1.643,0.60,0.60
2008.04.22 12:10:27.872,1.6428,1.643,0.60,0.60
2008.04.22 12:10:28.133,1.6428,1.643,1.20,0.60
2008.04.22 12:10:28.393,1.6429,1.6431,0.40,0.80
2008.04.22 12:10:28.658,1.6429,1.6431,0.40,0.60
2008.04.22 12:10:28.922,1.6429,1.6431,0.40,0.60
2008.04.22 12:10:29.186,1.6429,1.6431,0.40,0.60
2008.04.22 12:10:29.450,1.6429,1.6431,0.40,0.60
2008.04.22 12:10:29.713,1.6429,1.6431,0.40,0.60
2008.04.22 12:10:29.917,1.6429,1.6431,0.40,0.60
2008.04.22 12:10:30.153,1.6429,1.6431,0.40,0.60
2008.04.22 12:10:30.396,1.6429,1.6431,0.40,0.60
2008.04.22 12:10:30.611,1.6429,1.6431,0.40,0.60
2008.04.22 12:10:30.828,1.6429,1.6431,0.40,0.60
2008.04.22 12:10:31.043,1.6429,1.6431,0.40,0.60
2008.04.22 12:10:31.257,1.6429,1.6431,0.40,0.60
2008.04.22 12:10:31.496,1.64285,1.6431,0.90,0.60
2008.04.22 12:10:31.762,1.6429,1.64305,0.40,0.30
2008.04.22 12:10:32.030,1.6429,1.64305,0.40,0.30
2008.04.22 12:10:32.299,1.64285,1.6431,0.90,0.60
2008.04.22 12:10:32.590,1.64285,1.64305,0.90,0.30
2008.04.22 12:10:32.847,1.6429,1.6431,0.90,0.60
2008.04.22 12:10:33.105,1.6429,1.6431,0.90,0.60
2008.04.22 12:10:33.360,1.6429,1.6431,0.90,0.60
2008.04.22 12:10:33.615,1.6429,1.6431,0.90,0.60
2008.04.22 12:10:33.922,1.6429,1.6431,0.90,0.60
2008.04.22 12:10:34.208,1.6429,1.6431,0.90,0.60
2008.04.22 12:10:34.492,1.6429,1.6431,0.40,0.60
2008.04.22 12:10:34.724,1.6429,1.64305,0.40,0.30
2008.04.22 12:10:34.955,1.6429,1.64305,0.40,0.30
2008.04.22 12:10:35.185,1.6429,1.64305,0.40,0.30
2008.04.22 12:10:35.417,1.6429,1.6431,0.40,0.60
2008.04.22 12:10:35.713,1.6429,1.6431,0.60,0.60
2008.04.22 12:10:36.039,1.6429,1.6431,0.60,0.60
2008.04.22 12:10:36.301,1.6429,1.6431,0.60,0.60
2008.04.22 12:10:36.596,1.6429,1.6431,0.40,0.60
2008.04.22 12:10:36.795,1.6429,1.6431,0.40,0.60
2008.04.22 12:10:36.996,1.6429,1.6431,0.40,0.60
2008.04.22 12:10:37.195,1.6429,1.6431,0.40,0.60
2008.04.22 12:10:37.393,1.6429,1.6431,0.40,0.60
2008.04.22 12:10:37.593,1.6429,1.6431,0.40,0.60
2008.04.22 12:10:37.838,1.6429,1.6431,0.40,0.60
2008.04.22 12:10:38.083,1.6429,1.6431,0.40,0.60
2008.04.22 12:10:38.327,1.6429,1.6431,0.90,0.60
2008.04.22 12:10:38.572,1.6429,1.6431,0.90,0.60
2008.04.22 12:10:38.813,1.64295,1.64315,0.60,0.30
2008.04.22 12:10:39.054,1.64295,1.64315,0.60,0.30
2008.04.22 12:10:39.295,1.64295,1.64315,0.60,0.30
2008.04.22 12:10:39.535,1.64295,1.64315,0.60,0.30
2008.04.22 12:10:39.798,1.64295,1.64315,0.60,0.30
2008.04.22 12:10:40.037,1.64295,1.64315,0.60,0.30
2008.04.22 12:10:40.276,1.64295,1.64315,0.60,0.30
2008.04.22 12:10:40.515,1.64295,1.6432,0.90,3.20
2008.04.22 12:10:40.757,1.643,1.6432,0.90,2.90
2008.04.22 12:10:40.988,1.643,1.6432,0.90,2.90
2008.04.22 12:10:41.225,1.643,1.6432,0.90,2.90
2008.04.22 12:10:41.437,1.643,1.6432,1.20,2.90
2008.04.22 12:10:41.646,1.643,1.6432,1.20,2.60
2008.04.22 12:10:41.942,1.643,1.6432,1.20,2.60
2008.04.22 12:10:42.235,1.643,1.6432,1.20,2.60
2008.04.22 12:10:42.529,1.643,1.6432,1.20,2.60
2008.04.22 12:10:42.823,1.643,1.6432,1.20,2.60
2008.04.22 12:10:43.072,1.643,1.6432,1.20,2.60
2008.04.22 12:10:43.322,1.643,1.6432,1.20,2.60
2008.04.22 12:10:43.571,1.643,1.6432,1.20,2.60
2008.04.22 12:10:43.820,1.643,1.6432,1.20,2.60
2008.04.22 12:10:44.019,1.643,1.6432,1.20,2.90
2008.04.22 12:10:44.217,1.643,1.6432,1.20,2.90
2008.04.22 12:10:44.416,1.643,1.6432,0.90,2.90
2008.04.22 12:10:44.617,1.6429,1.6431,2.50,0.30
2008.04.22 12:10:44.817,1.64295,1.6431,0.60,0.30
2008.04.22 12:10:45.117,1.6429,1.6431,0.90,0.30
2008.04.22 12:10:45.417,1.64285,1.64305,0.90,0.30
2008.04.22 12:10:45.718,1.64285,1.64305,0.90,0.30
2008.04.22 12:10:45.955,1.6428,1.64305,2.20,0.30
2008.04.22 12:10:46.189,1.6428,1.64305,2.20,0.30
2008.04.22 12:10:46.424,1.6428,1.64305,0.90,0.30
2008.04.22 12:10:46.658,1.64285,1.6431,0.60,0.80
2008.04.22 12:10:46.920,1.6429,1.6431,0.60,0.80
2008.04.22 12:10:47.207,1.6429,1.6431,0.90,0.60
2008.04.22 12:10:47.495,1.64295,1.64315,0.60,0.30
2008.04.22 12:10:47.781,1.64295,1.64315,0.60,0.30
2008.04.22 12:10:48.059,1.643,1.6432,0.40,3.20
2008.04.22 12:10:48.331,1.643,1.6432,1.20,2.60
2008.04.22 12:10:48.576,1.64305,1.6432,0.60,2.40
2008.04.22 12:10:48.842,1.64305,1.6432,0.60,2.40
2008.04.22 12:10:49.084,1.643,1.6432,1.20,2.60
2008.04.22 12:10:49.327,1.6431,1.6432,0.40,0.80
2008.04.22 12:10:49.568,1.6431,1.6432,0.40,0.80
2008.04.22 12:10:49.808,1.6431,1.64325,0.40,0.30
2008.04.22 12:10:50.066,1.6431,1.64325,0.40,0.30
2008.04.22 12:10:50.421,1.643,1.6432,1.20,0.30
2008.04.22 12:10:50.747,1.643,1.6432,1.20,0.30
2008.04.22 12:10:51.072,1.643,1.6432,1.20,0.60
2008.04.22 12:10:51.287,1.643,1.6432,1.20,0.60
2008.04.22 12:10:51.504,1.6431,1.6433,0.40,7.20
2008.04.22 12:10:51.723,1.6431,1.6433,0.40,4.50
2008.04.22 12:10:51.937,1.6431,1.6433,0.40,4.50
2008.04.22 12:10:52.222,1.6431,1.6433,0.40,4.50
2008.04.22 12:10:52.507,1.6431,1.6433,0.40,4.50
2008.04.22 12:10:52.808,1.6431,1.6433,0.40,4.50
2008.04.22 12:10:53.101,1.6431,1.6433,0.40,4.50
2008.04.22 12:10:53.354,1.6431,1.6433,0.90,4.50
2008.04.22 12:10:53.580,1.6431,1.6433,0.90,4.50
2008.04.22 12:10:53.804,1.6431,1.6433,0.90,4.50
2008.04.22 12:10:54.028,1.6431,1.6433,0.90,4.50
2008.04.22 12:10:54.249,1.6431,1.6433,0.90,4.50
2008.04.22 12:10:54.469,1.6431,1.6433,0.90,4.50
2008.04.22 12:10:54.688,1.6431,1.6433,0.90,4.50
2008.04.22 12:10:54.922,1.6431,1.6433,0.90,4.50
2008.04.22 12:10:55.140,1.6431,1.6433,0.90,4.50
2008.04.22 12:10:55.399,1.6431,1.6433,0.90,4.50
2008.04.22 12:10:55.659,1.6431,1.6433,0.90,4.50
2008.04.22 12:10:55.917,1.6431,1.6433,0.90,4.50
2008.04.22 12:10:56.177,1.6431,1.64325,0.40,0.30
2008.04.22 12:10:56.368,1.64305,1.6432,0.90,0.30
2008.04.22 12:10:56.558,1.6431,1.64325,0.40,0.30
2008.04.22 12:10:56.750,1.6431,1.6432,0.40,0.30
2008.04.22 12:10:56.938,1.643,1.6432,0.60,0.60
2008.04.22 12:10:57.133,1.643,1.6432,1.20,0.60
2008.04.22 12:10:57.485,1.643,1.6432,0.90,0.30
2008.04.22 12:10:57.835,1.643,1.6432,0.90,0.30
2008.04.22 12:10:58.152,1.643,1.6432,0.90,0.30
2008.04.22 12:10:58.332,1.643,1.6432,0.90,0.30
2008.04.22 12:10:58.511,1.643,1.6432,0.90,0.30
2008.04.22 12:10:58.691,1.643,1.6432,0.90,0.30
2008.04.22 12:10:58.901,1.643,1.6432,0.90,0.30
2008.04.22 12:10:59.051,1.643,1.6432,0.90,0.30
2008.04.22 12:10:59.267,1.643,1.6432,0.90,0.30
2008.04.22 12:10:59.482,1.643,1.6432,0.90,0.30
2008.04.22 12:10:59.696,1.643,1.6432,0.90,0.30
2008.04.22 12:10:59.909,1.643,1.6432,0.90,0.30
2008.04.22 12:11:00.124,1.643,1.64325,0.90,0.30
2008.04.22 12:11:00.348,1.643,1.64325,0.90,0.30
2008.04.22 12:11:00.563,1.643,1.64325,0.90,0.30
2008.04.22 12:11:00.780,1.6431,1.6433,0.40,4.80
2008.04.22 12:11:00.997,1.6431,1.6433,1.20,4.50
2008.04.22 12:11:01.213,1.6431,1.6433,1.20,4.20
2008.04.22 12:11:01.468,1.64305,1.6433,0.90,4.00
2008.04.22 12:11:01.725,1.6431,1.6433,0.40,4.00
2008.04.22 12:11:01.980,1.6431,1.6433,0.90,3.70
2008.04.22 12:11:02.236,1.6432,1.6433,0.40,3.40
2008.04.22 12:11:02.497,1.6432,1.6433,0.40,3.70
2008.04.22 12:11:02.757,1.6431,1.6433,1.20,3.70
2008.04.22 12:11:03.018,1.6431,1.6433,1.20,3.70
2008.04.22 12:11:03.280,1.6432,1.6433,0.40,3.40
2008.04.22 12:11:03.540,1.6432,1.6433,0.40,3.40
2008.04.22 12:11:03.806,1.6432,1.6433,0.40,1.80
2008.04.22 12:11:04.068,1.6432,1.6433,0.40,0.30
2008.04.22 12:11:04.324,1.6432,1.6433,0.60,0.30
2008.04.22 12:11:04.622,1.6432,1.6434,0.60,0.60
2008.04.22 12:11:04.921,1.6432,1.6434,0.60,0.60
2008.04.22 12:11:05.190,1.6432,1.64335,0.60,0.30
2008.04.22 12:11:05.462,1.64315,1.64335,0.90,0.30
2008.04.22 12:11:05.679,1.64315,1.64335,0.90,0.30
2008.04.22 12:11:05.900,1.6432,1.6434,0.60,0.80
2008.04.22 12:11:06.119,1.6432,1.6434,1.20,0.60
2008.04.22 12:11:06.339,1.6432,1.6434,0.90,0.60
2008.04.22 12:11:06.612,1.6432,1.6434,1.20,0.60
2008.04.22 12:11:06.882,1.6432,1.6434,0.60,0.60
2008.04.22 12:11:07.151,1.6432,1.64335,0.60,0.30
2008.04.22 12:11:07.451,1.6432,1.64335,0.40,0.30
2008.04.22 12:11:07.705,1.6432,1.64335,0.40,0.30
2008.04.22 12:11:07.960,1.6432,1.64335,0.40,0.30
2008.04.22 12:11:08.214,1.6432,1.64335,0.40,0.30
2008.04.22 12:11:08.469,1.6432,1.6434,0.40,0.60
2008.04.22 12:11:08.683,1.6432,1.6434,0.40,0.60
2008.04.22 12:11:08.901,1.6432,1.6434,0.90,0.30
2008.04.22 12:11:09.118,1.64325,1.6435,0.60,0.60
2008.04.22 12:11:09.333,1.64325,1.6435,0.60,0.60
2008.04.22 12:11:09.548,1.64325,1.6435,0.60,0.60
2008.04.22 12:11:09.858,1.64325,1.6435,0.90,0.60
2008.04.22 12:11:10.169,1.64325,1.6434,0.40,0.60
2008.04.22 12:11:10.480,1.6432,1.64335,0.40,0.30
2008.04.22 12:11:10.697,1.6432,1.64335,0.40,0.30
2008.04.22 12:11:10.912,1.6432,1.64335,0.40,0.30
2008.04.22 12:11:11.128,1.6432,1.64335,0.40,0.30
2008.04.22 12:11:11.344,1.64315,1.64335,0.90,0.30
2008.04.22 12:11:11.561,1.64315,1.64335,0.90,0.30
2008.04.22 12:11:11.860,1.64315,1.64335,0.90,0.30
2008.04.22 12:11:12.160,1.64315,1.64335,0.90,0.30
2008.04.22 12:11:12.459,1.64315,1.64335,0.90,0.30
2008.04.22 12:11:12.659,1.64315,1.64335,0.90,0.30
2008.04.22 12:11:12.883,1.64315,1.64335,0.90,0.30
2008.04.22 12:11:13.082,1.64315,1.64335,0.90,0.30
2008.04.22 12:11:13.283,1.64315,1.64335,0.40,0.30
2008.04.22 12:11:13.503,1.64315,1.64335,0.40,0.30
2008.04.22 12:11:13.732,1.64315,1.6433,0.40,0.30
2008.04.22 12:11:13.964,1.6431,1.6433,0.90,0.80
2008.04.22 12:11:14.226,1.64315,1.64335,0.40,0.30
2008.04.22 12:11:14.455,1.64315,1.6433,0.40,0.30
2008.04.22 12:11:14.701,1.64315,1.6433,0.40,0.30
2008.04.22 12:11:15.046,1.64315,1.6433,0.40,0.30
2008.04.22 12:11:15.393,1.64315,1.6433,0.40,0.30
2008.04.22 12:11:15.677,1.64315,1.6433,0.40,0.30
2008.04.22 12:11:15.871,1.64315,1.6433,0.40,0.30
2008.04.22 12:11:16.103,1.64315,1.6433,0.40,0.30
2008.04.22 12:11:16.262,1.64315,1.6433,0.40,0.30
2008.04.22 12:11:16.457,1.64315,1.6433,0.40,0.30
2008.04.22 12:11:16.653,1.64315,1.6433,0.40,0.30
2008.04.22 12:11:16.937,1.64315,1.6433,0.40,0.30
2008.04.22 12:11:17.220,1.64315,1.6433,0.40,0.30
2008.04.22 12:11:17.509,1.64315,1.6433,0.40,0.30
2008.04.22 12:11:17.795,1.6431,1.6433,0.90,0.60
2008.04.22 12:11:18.052,1.6431,1.6433,0.40,0.60
2008.04.22 12:11:18.299,1.6431,1.6433,0.40,0.60
2008.04.22 12:11:18.548,1.6431,1.6433,0.40,0.60
2008.04.22 12:11:18.797,1.6431,1.6433,0.40,0.60
2008.04.22 12:11:19.066,1.6431,1.6433,0.40,0.60
2008.04.22 12:11:19.337,1.6431,1.6433,0.40,0.60
2008.04.22 12:11:19.605,1.6431,1.6433,0.40,0.60
2008.04.22 12:11:19.905,1.6431,1.6433,0.40,0.60
2008.04.22 12:11:20.077,1.6431,1.6433,0.40,0.60
2008.04.22 12:11:20.280,1.6431,1.6433,0.40,0.30
2008.04.22 12:11:20.480,1.6431,1.6433,0.90,0.30
2008.04.22 12:11:20.680,1.6431,1.6433,0.90,0.30
2008.04.22 12:11:20.961,1.64315,1.6433,0.40,0.30
2008.04.22 12:11:21.243,1.64315,1.6432,0.40,0.30
2008.04.22 12:11:21.524,1.6431,1.6433,0.40,0.60
2008.04.22 12:11:21.804,1.6431,1.6433,0.60,0.60
2008.04.22 12:11:22.080,1.6431,1.6433,0.60,0.60
2008.04.22 12:11:22.353,1.6431,1.6433,0.60,0.60
2008.04.22 12:11:22.627,1.6431,1.6433,0.60,0.60
2008.04.22 12:11:22.900,1.6431,1.6433,0.60,0.60
2008.04.22 12:11:23.121,1.6431,1.64325,0.60,0.30
2008.04.22 12:11:23.340,1.6431,1.64325,0.60,0.30
2008.04.22 12:11:23.559,1.6431,1.64325,0.60,0.30
2008.04.22 12:11:23.804,1.6431,1.64325,0.60,0.30
2008.04.22 12:11:24.049,1.6431,1.64325,0.60,0.30
2008.04.22 12:11:24.294,1.6431,1.64325,0.60,0.30
2008.04.22 12:11:24.538,1.6431,1.64325,0.60,0.30
2008.04.22 12:11:24.785,1.6431,1.64325,0.60,0.30
2008.04.22 12:11:25.019,1.6431,1.64325,0.60,0.30
2008.04.22 12:11:25.253,1.6431,1.64325,0.60,0.30
2008.04.22 12:11:25.487,1.6431,1.64325,0.60,0.30
2008.04.22 12:11:25.723,1.6431,1.64325,0.60,0.30
2008.04.22 12:11:25.990,1.6431,1.64325,0.60,0.30
2008.04.22 12:11:26.307,1.6431,1.64325,0.60,0.30
2008.04.22 12:11:26.610,1.6431,1.64325,0.60,0.30
2008.04.22 12:11:26.914,1.6431,1.64325,0.60,0.30
2008.04.22 12:11:27.101,1.6431,1.64325,0.60,0.30
2008.04.22 12:11:27.261,1.6431,1.64325,0.60,0.30
2008.04.22 12:11:27.422,1.6431,1.64325,0.60,0.30
2008.04.22 12:11:27.594,1.6431,1.64325,0.60,0.30
2008.04.22 12:11:27.756,1.6431,1.64325,0.60,0.30
2008.04.22 12:11:27.915,1.6431,1.64325,0.60,0.30
2008.04.22 12:11:28.208,1.6431,1.64325,0.60,0.30
2008.04.22 12:11:28.533,1.6431,1.64325,0.60,0.30
2008.04.22 12:11:28.862,1.6431,1.64325,0.60,0.30
2008.04.22 12:11:29.189,1.6431,1.6433,0.60,0.60
2008.04.22 12:11:29.350,1.6431,1.64325,0.60,0.30
2008.04.22 12:11:29.541,1.6431,1.64325,0.40,0.30
2008.04.22 12:11:29.733,1.6431,1.6433,0.40,0.30
2008.04.22 12:11:29.923,1.6431,1.6433,0.40,0.30
2008.04.22 12:11:30.112,1.6431,1.6433,0.40,0.30
2008.04.22 12:11:30.385,1.6431,1.6433,0.40,0.60
2008.04.22 12:11:30.654,1.6431,1.6433,0.40,0.60
2008.04.22 12:11:30.950,1.6431,1.6433,0.40,0.60
2008.04.22 12:11:31.219,1.6431,1.6433,0.40,0.60
2008.04.22 12:11:31.453,1.6431,1.6433,0.40,0.60
2008.04.22 12:11:31.688,1.6431,1.6433,0.40,0.60
2008.04.22 12:11:31.922,1.6431,1.6433,0.40,0.60
2008.04.22 12:11:32.157,1.6431,1.6433,0.40,0.60
2008.04.22 12:11:32.338,1.6431,1.6433,0.40,0.60
2008.04.22 12:11:32.532,1.6431,1.6433,0.40,0.60
2008.04.22 12:11:32.713,1.6431,1.6433,0.60,0.60
2008.04.22 12:11:32.894,1.6431,1.6433,0.60,0.60
2008.04.22 12:11:33.098,1.6431,1.6433,0.60,0.60
2008.04.22 12:11:33.323,1.6431,1.6433,0.60,0.60
2008.04.22 12:11:33.550,1.64305,1.6433,0.90,0.60
2008.04.22 12:11:33.776,1.643,1.64325,1.20,0.30
2008.04.22 12:11:34.000,1.643,1.6432,1.20,0.30
2008.04.22 12:11:34.225,1.643,1.6432,1.20,0.30
2008.04.22 12:11:34.499,1.643,1.6432,1.20,0.30
2008.04.22 12:11:34.775,1.643,1.6432,1.20,0.30
2008.04.22 12:11:35.049,1.643,1.6432,1.20,0.30
2008.04.22 12:11:35.324,1.643,1.6432,1.20,0.30
2008.04.22 12:11:35.565,1.643,1.6432,1.20,0.30
2008.04.22 12:11:35.790,1.643,1.6432,1.20,0.30
2008.04.22 12:11:36.016,1.643,1.6432,1.20,0.30
2008.04.22 12:11:36.239,1.643,1.6432,1.20,0.30
2008.04.22 12:11:36.450,1.643,1.6432,1.20,0.30
2008.04.22 12:11:36.691,1.643,1.64325,1.20,0.30
2008.04.22 12:11:36.869,1.643,1.64325,1.20,0.30
2008.04.22 12:11:37.077,1.643,1.64325,1.20,0.30
2008.04.22 12:11:37.287,1.643,1.64325,1.20,0.30
2008.04.22 12:11:37.547,1.643,1.64325,1.20,0.30
2008.04.22 12:11:37.807,1.64305,1.6433,0.90,0.60
2008.04.22 12:11:38.067,1.64305,1.64325,0.90,0.30
2008.04.22 12:11:38.326,1.64305,1.64325,0.90,0.30
2008.04.22 12:11:38.570,1.64305,1.64325,0.90,0.30
2008.04.22 12:11:38.816,1.64305,1.64325,0.90,0.30
2008.04.22 12:11:39.072,1.64305,1.64325,0.90,0.30
2008.04.22 12:11:39.317,1.64305,1.64325,0.90,0.30
2008.04.22 12:11:39.551,1.64305,1.64325,0.90,0.30
2008.04.22 12:11:39.785,1.64305,1.64325,0.90,0.30
2008.04.22 12:11:40.019,1.64305,1.64325,0.90,0.30
2008.04.22 12:11:40.254,1.64305,1.6433,0.90,0.60
2008.04.22 12:11:40.532,1.6431,1.6433,0.40,0.60
2008.04.22 12:11:40.792,1.64305,1.64325,0.90,0.30
2008.04.22 12:11:41.053,1.64305,1.6433,0.90,0.30
2008.04.22 12:11:41.316,1.64305,1.6433,0.90,0.60
2008.04.22 12:11:41.552,1.64305,1.64325,0.90,0.30
2008.04.22 12:11:41.785,1.6431,1.64325,0.40,0.30
2008.04.22 12:11:42.020,1.6431,1.64325,0.40,0.30
2008.04.22 12:11:42.254,1.64305,1.64325,0.40,0.30
2008.04.22 12:11:42.489,1.64305,1.64325,0.90,0.30
2008.04.22 12:11:42.770,1.64305,1.64325,0.40,0.30
2008.04.22 12:11:43.049,1.64305,1.64325,0.40,0.30
2008.04.22 12:11:43.329,1.64305,1.64325,0.40,0.30
2008.04.22 12:11:43.519,1.64305,1.64325,0.40,0.30
2008.04.22 12:11:43.712,1.64305,1.6432,0.40,0.30
2008.04.22 12:11:43.936,1.64305,1.6432,0.40,0.30
2008.04.22 12:11:44.155,1.64305,1.6432,0.40,0.30
2008.04.22 12:11:44.318,1.64305,1.6432,0.40,0.30
2008.04.22 12:11:44.605,1.643,1.6432,1.20,0.30
2008.04.22 12:11:44.890,1.643,1.6432,1.20,0.30
2008.04.22 12:11:45.177,1.643,1.6432,1.20,0.30
2008.04.22 12:11:45.464,1.643,1.64325,1.20,0.30
2008.04.22 12:11:45.711,1.643,1.64325,1.20,0.30
2008.04.22 12:11:45.957,1.643,1.6432,1.20,0.30
2008.04.22 12:11:46.202,1.643,1.64325,2.50,0.30
2008.04.22 12:11:46.447,1.643,1.64325,2.50,0.30
2008.04.22 12:11:46.714,1.643,1.64325,2.50,0.30
2008.04.22 12:11:46.959,1.643,1.64325,2.50,0.30
2008.04.22 12:11:47.205,1.643,1.64325,2.50,0.30
2008.04.22 12:11:47.450,1.643,1.64325,2.50,0.30
2008.04.22 12:11:47.684,1.643,1.64325,2.50,0.30
2008.04.22 12:11:47.953,1.643,1.64325,2.50,0.30
2008.04.22 12:11:48.186,1.643,1.64325,2.50,0.30
2008.04.22 12:11:48.422,1.643,1.64325,2.50,0.30
2008.04.22 12:11:48.662,1.6431,1.64325,0.40,0.30
2008.04.22 12:11:48.897,1.6431,1.64325,0.40,0.30
2008.04.22 12:11:49.132,1.6431,1.64325,0.40,0.30
2008.04.22 12:11:49.368,1.6431,1.64325,0.40,0.30
2008.04.22 12:11:49.638,1.6431,1.64325,0.40,0.30
2008.04.22 12:11:49.909,1.6431,1.64325,0.40,0.30
2008.04.22 12:11:50.203,1.6431,1.64325,0.40,0.30
2008.04.22 12:11:50.502,1.6431,1.64325,0.40,0.30
2008.04.22 12:11:50.712,1.6431,1.6433,0.40,0.60
2008.04.22 12:11:50.967,1.6431,1.6433,0.40,0.60
2008.04.22 12:11:51.207,1.6431,1.6433,0.40,0.60
2008.04.22 12:11:51.447,1.6431,1.6433,0.40,0.60
2008.04.22 12:11:51.676,1.6431,1.6433,0.40,0.60
2008.04.22 12:11:51.930,1.6431,1.6433,0.40,0.60
2008.04.22 12:11:52.161,1.6431,1.6433,0.40,0.60
2008.04.22 12:11:52.391,1.6431,1.6433,0.40,0.60
2008.04.22 12:11:52.620,1.6431,1.6433,0.40,0.60
2008.04.22 12:11:52.860,1.64305,1.64325,0.60,0.30
2008.04.22 12:11:53.110,1.64305,1.64325,0.60,0.30
2008.04.22 12:11:53.300,1.64305,1.6433,0.60,0.60
2008.04.22 12:11:53.520,1.64305,1.6433,0.60,0.60
2008.04.22 12:11:53.788,1.64305,1.6433,0.90,0.60
2008.04.22 12:11:54.058,1.64305,1.64325,0.60,0.30
2008.04.22 12:11:54.329,1.64305,1.64325,0.60,0.30
2008.04.22 12:11:54.599,1.64305,1.64325,0.60,0.30
2008.04.22 12:11:54.808,1.64305,1.64325,0.60,0.30
2008.04.22 12:11:55.018,1.64305,1.64325,0.60,0.30
2008.04.22 12:11:55.229,1.64305,1.64325,0.60,0.30
2008.04.22 12:11:55.440,1.64305,1.64325,0.60,0.30
2008.04.22 12:11:55.649,1.64305,1.64325,0.60,0.30
2008.04.22 12:11:55.930,1.64305,1.64325,0.90,0.30
2008.04.22 12:11:56.210,1.6431,1.6433,0.40,0.60
2008.04.22 12:11:56.491,1.64305,1.64325,0.60,0.30
2008.04.22 12:11:56.766,1.64305,1.64325,0.90,0.30
2008.04.22 12:11:57.056,1.64305,1.64325,0.60,0.30
2008.04.22 12:11:57.364,1.64305,1.6433,0.60,0.60
2008.04.22 12:11:57.671,1.64305,1.64325,0.60,0.30
2008.04.22 12:11:57.901,1.64305,1.64325,0.60,0.30
2008.04.22 12:11:58.102,1.64305,1.64325,0.60,0.30
2008.04.22 12:11:58.302,1.64305,1.64325,0.60,0.30
2008.04.22 12:11:58.501,1.64305,1.64325,0.60,0.30
2008.04.22 12:11:58.701,1.64305,1.64325,0.60,0.30
2008.04.22 12:11:58.961,1.64305,1.64325,0.60,0.30
2008.04.22 12:11:59.221,1.64305,1.64325,0.60,0.30
2008.04.22 12:11:59.480,1.64305,1.64325,0.60,0.30
2008.04.22 12:11:59.740,1.64305,1.64325,0.60,0.30
2008.04.22 12:11:59.969,1.64305,1.64325,0.60,0.30
2008.04.22 12:12:00.199,1.64305,1.64325,0.60,0.30
2008.04.22 12:12:00.428,1.64305,1.64325,0.60,0.30
2008.04.22 12:12:00.657,1.64305,1.64325,0.60,0.30
2008.04.22 12:12:00.911,1.64305,1.64325,0.60,0.30
2008.04.22 12:12:01.165,1.64305,1.64325,0.60,0.30
2008.04.22 12:12:01.419,1.64305,1.64325,0.60,0.30
2008.04.22 12:12:01.674,1.64305,1.64325,0.60,0.30
2008.04.22 12:12:01.902,1.64305,1.64325,0.60,0.30
2008.04.22 12:12:02.131,1.64305,1.64325,0.60,0.30
2008.04.22 12:12:02.361,1.64305,1.64325,0.60,0.30
2008.04.22 12:12:02.592,1.64305,1.64325,0.60,0.30
2008.04.22 12:12:02.822,1.64305,1.64325,0.60,0.30
2008.04.22 12:12:02.997,1.64305,1.64325,0.60,0.30
2008.04.22 12:12:03.171,1.64305,1.64325,0.60,0.30
2008.04.22 12:12:03.345,1.64305,1.64325,0.60,0.30
2008.04.22 12:12:03.520,1.64305,1.64325,0.60,0.30
2008.04.22 12:12:03.697,1.64305,1.64325,0.60,0.30
2008.04.22 12:12:03.872,1.64305,1.64325,0.60,0.30
2008.04.22 12:12:04.102,1.64305,1.64325,0.60,0.30
2008.04.22 12:12:04.331,1.64305,1.64325,0.60,0.30
2008.04.22 12:12:04.562,1.64305,1.64325,0.60,0.30
2008.04.22 12:12:04.793,1.643,1.64325,0.90,0.30
2008.04.22 12:12:05.008,1.643,1.64325,0.90,0.30
2008.04.22 12:12:05.224,1.643,1.64325,0.90,0.30
2008.04.22 12:12:05.456,1.643,1.64325,0.90,0.30
2008.04.22 12:12:05.671,1.643,1.64325,0.90,0.30
2008.04.22 12:12:05.886,1.643,1.64325,0.90,0.30
2008.04.22 12:12:06.181,1.643,1.64325,0.90,0.30
2008.04.22 12:12:06.474,1.643,1.64325,0.90,0.30
2008.04.22 12:12:06.769,1.643,1.64325,0.90,0.30
2008.04.22 12:12:07.064,1.643,1.64325,0.90,0.30
2008.04.22 12:12:07.289,1.64305,1.64325,0.60,0.30
2008.04.22 12:12:07.513,1.64305,1.64325,0.60,0.30
2008.04.22 12:12:07.737,1.64305,1.64325,0.60,0.30
2008.04.22 12:12:07.962,1.64305,1.64325,0.60,0.30
2008.04.22 12:12:08.212,1.64305,1.64325,0.60,0.30
2008.04.22 12:12:08.461,1.64305,1.64325,0.60,0.30
2008.04.22 12:12:08.710,1.64305,1.64325,0.60,0.30
2008.04.22 12:12:08.960,1.64305,1.64325,0.60,0.30
2008.04.22 12:12:09.183,1.64305,1.64325,0.60,0.30
2008.04.22 12:12:09.409,1.64305,1.64325,0.60,0.30
2008.04.22 12:12:09.581,1.64305,1.64325,0.60,0.30
2008.04.22 12:12:09.781,1.64305,1.64325,0.60,0.30
2008.04.22 12:12:09.982,1.64305,1.64325,0.60,0.30
2008.04.22 12:12:10.246,1.64305,1.64325,0.60,0.30
2008.04.22 12:12:10.510,1.64305,1.64325,0.60,0.30
2008.04.22 12:12:10.810,1.64305,1.64325,0.60,0.30
2008.04.22 12:12:11.076,1.64305,1.64325,0.60,0.30
2008.04.22 12:12:11.275,1.64305,1.64325,0.60,0.30
2008.04.22 12:12:11.484,1.64305,1.64325,0.60,0.30
2008.04.22 12:12:11.685,1.64305,1.64325,0.60,0.30
2008.04.22 12:12:11.881,1.64305,1.64325,0.60,0.30
2008.04.22 12:12:12.097,1.64305,1.64325,0.60,0.30
2008.04.22 12:12:12.362,1.64305,1.64325,0.60,0.30
2008.04.22 12:12:12.594,1.643,1.64325,2.20,0.30
2008.04.22 12:12:12.826,1.64305,1.64325,0.60,0.30
2008.04.22 12:12:13.056,1.64305,1.64325,0.60,0.30
2008.04.22 12:12:13.286,1.643,1.64325,2.20,0.30
2008.04.22 12:12:13.571,1.643,1.64325,2.20,0.30
2008.04.22 12:12:13.841,1.64305,1.64325,0.40,0.30
2008.04.22 12:12:14.094,1.64305,1.64325,0.40,0.30
2008.04.22 12:12:14.348,1.64305,1.64325,0.40,0.30
2008.04.22 12:12:14.600,1.64305,1.64325,0.40,0.30
2008.04.22 12:12:14.859,1.64305,1.64325,0.40,0.30
2008.04.22 12:12:15.137,1.64305,1.64325,0.40,0.30
2008.04.22 12:12:15.387,1.64305,1.64325,0.40,0.30
2008.04.22 12:12:15.646,1.64305,1.64325,0.40,0.30
2008.04.22 12:12:15.906,1.64305,1.64325,0.40,0.30
2008.04.22 12:12:16.166,1.64305,1.64325,0.40,0.30
2008.04.22 12:12:16.424,1.64305,1.64325,0.40,0.30
2008.04.22 12:12:16.608,1.64305,1.64325,0.40,0.30
2008.04.22 12:12:16.792,1.64305,1.64325,0.40,0.30
2008.04.22 12:12:16.976,1.64305,1.64325,0.40,0.30
2008.04.22 12:12:17.160,1.64305,1.64325,0.40,0.30
2008.04.22 12:12:17.377,1.64305,1.64325,0.90,0.30
2008.04.22 12:12:17.643,1.64305,1.64325,0.90,0.30
2008.04.22 12:12:17.906,1.64305,1.64325,0.90,0.30
2008.04.22 12:12:18.170,1.64305,1.64325,0.90,0.30
2008.04.22 12:12:18.435,1.64305,1.64325,0.90,0.30
2008.04.22 12:12:18.634,1.64305,1.64325,0.90,0.30
2008.04.22 12:12:18.862,1.64305,1.64325,0.90,0.30
2008.04.22 12:12:19.062,1.64305,1.64325,0.90,0.30
2008.04.22 12:12:19.262,1.64305,1.64325,0.90,0.30
2008.04.22 12:12:19.481,1.64305,1.64325,0.90,0.30
2008.04.22 12:12:19.702,1.64305,1.64325,0.90,0.30
2008.04.22 12:12:19.921,1.64305,1.64325,0.90,0.30
2008.04.22 12:12:20.152,1.64305,1.64325,0.90,0.30
2008.04.22 12:12:20.371,1.64305,1.64325,0.90,0.30
2008.04.22 12:12:20.616,1.64305,1.64325,0.90,0.30
2008.04.22 12:12:20.799,1.64305,1.64325,0.90,0.30
2008.04.22 12:12:21.013,1.64305,1.64325,0.90,0.30
2008.04.22 12:12:21.227,1.64305,1.64325,0.90,0.30
2008.04.22 12:12:21.441,1.64305,1.64325,0.90,0.30
2008.04.22 12:12:21.690,1.64305,1.64325,0.90,0.30
2008.04.22 12:12:21.941,1.64305,1.64325,0.90,0.30
2008.04.22 12:12:22.191,1.64305,1.64325,0.90,0.30
2008.04.22 12:12:22.441,1.64305,1.64325,0.90,0.30
2008.04.22 12:12:22.701,1.64305,1.64325,0.90,0.30
2008.04.22 12:12:22.970,1.64305,1.64325,0.90,0.30
2008.04.22 12:12:23.173,1.64305,1.64325,0.90,0.30
2008.04.22 12:12:23.408,1.64305,1.64325,0.90,0.30
2008.04.22 12:12:23.670,1.64305,1.64325,0.90,0.30
2008.04.22 12:12:23.945,1.64305,1.64325,0.40,0.30
2008.04.22 12:12:24.225,1.643,1.64325,2.20,0.30
2008.04.22 12:12:24.509,1.643,1.64325,2.20,0.30
2008.04.22 12:12:24.758,1.643,1.64325,2.20,0.30
2008.04.22 12:12:25.008,1.643,1.64325,2.20,0.30
2008.04.22 12:12:25.258,1.643,1.64325,2.20,0.30
2008.04.22 12:12:25.508,1.643,1.64325,2.20,0.30
2008.04.22 12:12:25.729,1.643,1.64325,2.20,0.30
2008.04.22 12:12:25.948,1.643,1.64325,2.20,0.30
2008.04.22 12:12:26.186,1.643,1.64325,2.20,0.30
2008.04.22 12:12:26.407,1.643,1.64325,2.20,0.30
2008.04.22 12:12:26.627,1.643,1.64325,2.20,0.30
2008.04.22 12:12:26.884,1.643,1.64325,0.60,0.30
2008.04.22 12:12:27.148,1.64295,1.6432,0.90,0.30
2008.04.22 12:12:27.401,1.64295,1.6432,0.90,0.30
2008.04.22 12:12:27.690,1.64305,1.6433,0.60,0.80
2008.04.22 12:12:27.940,1.6431,1.6432,0.40,0.30
2008.04.22 12:12:28.187,1.6431,1.64325,1.20,0.30
2008.04.22 12:12:28.436,1.643,1.6432,1.20,0.30
2008.04.22 12:12:28.681,1.643,1.64325,1.20,0.30
2008.04.22 12:12:28.959,1.6431,1.64325,0.60,0.30
2008.04.22 12:12:29.236,1.6431,1.64325,0.60,0.30
2008.04.22 12:12:29.512,1.6431,1.64325,0.40,0.30
2008.04.22 12:12:29.788,1.6431,1.64325,0.40,0.30
2008.04.22 12:12:30.052,1.6431,1.64325,0.40,0.30
2008.04.22 12:12:30.316,1.6431,1.64325,0.40,0.30
2008.04.22 12:12:30.582,1.6431,1.64325,0.40,0.30
2008.04.22 12:12:30.806,1.6431,1.64325,0.40,0.30
2008.04.22 12:12:31.030,1.6431,1.64325,0.40,0.30
2008.04.22 12:12:31.254,1.6431,1.64325,0.40,0.30
2008.04.22 12:12:31.479,1.6431,1.64325,0.40,0.30
2008.04.22 12:12:31.703,1.6431,1.64325,0.40,0.30
2008.04.22 12:12:31.957,1.6431,1.64325,0.40,0.30
2008.04.22 12:12:32.211,1.6431,1.64325,0.40,0.30
2008.04.22 12:12:32.465,1.6431,1.64325,0.40,0.30
2008.04.22 12:12:32.719,1.6431,1.64325,0.40,0.30
2008.04.22 12:12:32.874,1.6431,1.64325,0.40,0.30
2008.04.22 12:12:33.028,1.6431,1.64325,0.40,0.30
2008.04.22 12:12:33.182,1.6431,1.64325,0.40,0.30
2008.04.22 12:12:33.357,1.6431,1.64325,0.40,0.30
2008.04.22 12:12:33.510,1.6431,1.64325,0.40,0.30
2008.04.22 12:12:33.663,1.6431,1.64325,0.40,0.30
2008.04.22 12:12:33.983,1.6431,1.64325,0.40,0.30
2008.04.22 12:12:34.302,1.6431,1.64325,0.40,0.30
2008.04.22 12:12:34.649,1.6431,1.64325,0.40,0.30
2008.04.22 12:12:34.828,1.6431,1.64325,0.60,0.30
2008.04.22 12:12:35.009,1.6431,1.64325,0.60,0.30
2008.04.22 12:12:35.190,1.6431,1.64325,0.40,0.30
2008.04.22 12:12:35.371,1.6431,1.64325,0.40,0.30
2008.04.22 12:12:35.560,1.6431,1.64325,0.40,0.30
2008.04.22 12:12:35.743,1.6431,1.64325,0.40,0.30
2008.04.22 12:12:36.067,1.64305,1.64325,0.40,0.30
2008.04.22 12:12:36.389,1.64305,1.64325,0.40,0.30
2008.04.22 12:12:36.731,1.6431,1.64325,0.40,0.30
2008.04.22 12:12:36.979,1.6431,1.64325,0.40,0.30
2008.04.22 12:12:37.217,1.6431,1.64325,0.40,0.30
2008.04.22 12:12:37.471,1.6431,1.64325,0.40,0.30
2008.04.22 12:12:37.731,1.64305,1.6433,0.90,0.60
2008.04.22 12:12:38.005,1.64305,1.6433,0.90,0.60
2008.04.22 12:12:38.275,1.64305,1.6433,0.90,0.60
2008.04.22 12:12:38.546,1.64305,1.6433,0.90,0.60
2008.04.22 12:12:38.815,1.64305,1.6433,0.90,0.60
2008.04.22 12:12:39.077,1.64305,1.6433,0.90,0.60
2008.04.22 12:12:39.336,1.64305,1.6433,0.90,0.60
2008.04.22 12:12:39.595,1.64305,1.6433,0.90,0.60
2008.04.22 12:12:39.890,1.64305,1.6433,0.90,0.60
2008.04.22 12:12:40.072,1.64305,1.6433,0.90,0.60
2008.04.22 12:12:40.258,1.64305,1.6433,0.90,0.60
2008.04.22 12:12:40.443,1.64305,1.6433,0.90,0.60
2008.04.22 12:12:40.628,1.64305,1.6433,0.90,0.60
2008.04.22 12:12:40.813,1.64305,1.6433,0.90,0.60
2008.04.22 12:12:40.998,1.64305,1.6433,0.90,0.60
2008.04.22 12:12:41.248,1.64305,1.64325,0.40,0.30
2008.04.22 12:12:41.493,1.6431,1.6433,0.60,0.50
2008.04.22 12:12:41.770,1.6431,1.64325,1.60,0.30
2008.04.22 12:12:42.015,1.64305,1.6433,0.90,0.60
2008.04.22 12:12:42.272,1.6432,1.6434,0.40,0.80
2008.04.22 12:12:42.552,1.6432,1.64335,0.40,0.30
2008.04.22 12:12:42.822,1.6431,1.6433,1.90,0.60
2008.04.22 12:12:43.079,1.64315,1.64335,0.60,0.30
2008.04.22 12:12:43.355,1.6432,1.64335,0.40,0.30
2008.04.22 12:12:43.632,1.6432,1.64335,0.40,0.30
2008.04.22 12:12:43.908,1.6432,1.64335,0.40,0.30
2008.04.22 12:12:44.185,1.6432,1.64335,0.60,0.30
2008.04.22 12:12:44.460,1.6432,1.6434,0.60,0.30
2008.04.22 12:12:44.734,1.6432,1.6434,1.90,0.30
2008.04.22 12:12:45.009,1.6432,1.6434,1.90,0.30
2008.04.22 12:12:45.247,1.64325,1.6434,0.40,0.30
2008.04.22 12:12:45.481,1.64325,1.6434,0.40,0.30
2008.04.22 12:12:45.723,1.64325,1.6434,0.40,0.30
2008.04.22 12:12:45.957,1.64325,1.6434,0.40,0.30
2008.04.22 12:12:46.222,1.64325,1.6434,0.40,0.30
2008.04.22 12:12:46.487,1.64325,1.6434,0.40,0.30
2008.04.22 12:12:46.755,1.64325,1.6434,0.40,0.30
2008.04.22 12:12:47.020,1.64325,1.6434,0.40,0.30
2008.04.22 12:12:47.245,1.64325,1.6434,0.40,0.30
2008.04.22 12:12:47.438,1.64325,1.6434,0.40,0.30
2008.04.22 12:12:47.632,1.64325,1.6434,0.40,0.30
2008.04.22 12:12:47.825,1.64325,1.6434,0.40,0.30
2008.04.22 12:12:48.020,1.64325,1.6434,0.40,0.30
2008.04.22 12:12:48.205,1.64325,1.6434,0.40,0.30
2008.04.22 12:12:48.420,1.64325,1.6434,0.40,0.30
2008.04.22 12:12:48.604,1.64325,1.6434,0.40,0.30
2008.04.22 12:12:48.789,1.64325,1.6434,0.40,0.30
2008.04.22 12:12:48.972,1.64325,1.6434,0.40,0.30
2008.04.22 12:12:49.174,1.64325,1.6434,0.40,0.30
2008.04.22 12:12:49.399,1.64325,1.6434,0.40,0.30
2008.04.22 12:12:49.572,1.64325,1.6434,0.40,0.30
2008.04.22 12:12:49.771,1.64325,1.6434,0.40,0.30
2008.04.22 12:12:49.967,1.64325,1.6434,0.40,0.30
2008.04.22 12:12:50.162,1.64325,1.6434,0.40,0.30
2008.04.22 12:12:50.416,1.64325,1.6434,0.40,0.30
2008.04.22 12:12:50.660,1.64325,1.6434,0.40,0.30
2008.04.22 12:12:50.910,1.64325,1.6434,0.40,0.30
2008.04.22 12:12:51.160,1.64325,1.6434,0.40,0.30
2008.04.22 12:12:51.410,1.64325,1.6434,0.40,0.30
2008.04.22 12:12:51.614,1.64325,1.6434,0.40,0.30
2008.04.22 12:12:51.842,1.64325,1.6434,0.40,0.30
2008.04.22 12:12:52.047,1.64325,1.6434,0.40,0.30
2008.04.22 12:12:52.252,1.64325,1.6434,0.40,0.30
2008.04.22 12:12:52.464,1.64325,1.64345,0.40,0.30
2008.04.22 12:12:52.644,1.64325,1.64345,0.40,0.30
2008.04.22 12:12:52.823,1.64325,1.64345,0.40,0.30
2008.04.22 12:12:53.004,1.64325,1.64345,0.40,0.30
2008.04.22 12:12:53.212,1.64325,1.64345,0.40,0.30
2008.04.22 12:12:53.510,1.64325,1.64345,0.40,0.30
2008.04.22 12:12:53.809,1.6433,1.6435,0.40,0.80
2008.04.22 12:12:54.109,1.6433,1.6435,0.40,0.60
2008.04.22 12:12:54.441,1.6433,1.6435,0.60,0.60
2008.04.22 12:12:54.621,1.6433,1.6435,0.60,0.60
2008.04.22 12:12:54.801,1.6433,1.6435,0.60,0.60
2008.04.22 12:12:55.017,1.6433,1.6435,0.60,0.60
2008.04.22 12:12:55.196,1.6433,1.6435,0.60,0.60
2008.04.22 12:12:55.376,1.6433,1.6435,0.60,0.60
2008.04.22 12:12:55.652,1.6433,1.6435,1.20,0.30
2008.04.22 12:12:55.924,1.6433,1.6435,1.20,0.30
2008.04.22 12:12:56.199,1.6433,1.6435,0.60,0.60
2008.04.22 12:12:56.504,1.6433,1.6435,0.60,0.60
2008.04.22 12:12:56.758,1.6433,1.6435,0.60,0.60
2008.04.22 12:12:57.007,1.6433,1.6435,0.60,0.60
2008.04.22 12:12:57.258,1.6433,1.6435,0.60,0.60
2008.04.22 12:12:57.501,1.6433,1.6435,0.60,0.60
2008.04.22 12:12:57.741,1.6433,1.64345,0.60,0.30
2008.04.22 12:12:57.982,1.6433,1.64345,0.40,0.30
2008.04.22 12:12:58.222,1.6433,1.64345,0.40,0.30
2008.04.22 12:12:58.458,1.64325,1.64345,0.40,0.30
2008.04.22 12:12:58.717,1.64325,1.64345,0.40,0.30
2008.04.22 12:12:58.953,1.64325,1.64345,0.40,0.30
2008.04.22 12:12:59.187,1.64325,1.64345,0.40,0.30
2008.04.22 12:12:59.422,1.64325,1.64345,0.40,0.30
2008.04.22 12:12:59.642,1.64325,1.64345,0.40,0.30
2008.04.22 12:12:59.861,1.64325,1.64345,0.40,0.30
2008.04.22 12:13:00.080,1.64325,1.64345,0.40,0.30
2008.04.22 12:13:00.299,1.64325,1.64345,0.40,0.30
2008.04.22 12:13:00.495,1.64325,1.64345,0.40,0.30
2008.04.22 12:13:00.688,1.64325,1.64345,0.40,0.30
2008.04.22 12:13:00.883,1.64325,1.64345,0.40,0.30
2008.04.22 12:13:01.078,1.64325,1.64345,0.40,0.30
2008.04.22 12:13:01.272,1.64325,1.64345,0.40,0.30
2008.04.22 12:13:01.521,1.64325,1.64345,0.40,0.30
2008.04.22 12:13:01.770,1.64325,1.64345,0.40,0.30
2008.04.22 12:13:02.017,1.64325,1.6434,0.40,0.30
2008.04.22 12:13:02.287,1.64325,1.6434,0.40,0.30
2008.04.22 12:13:02.531,1.64325,1.6434,0.40,0.30
2008.04.22 12:13:02.775,1.64325,1.6434,0.40,0.30
2008.04.22 12:13:03.021,1.64325,1.6434,0.40,0.30
2008.04.22 12:13:03.266,1.64325,1.6434,0.40,0.30
2008.04.22 12:13:03.511,1.64325,1.6434,0.40,0.30
2008.04.22 12:13:03.745,1.64325,1.6434,0.40,0.30
2008.04.22 12:13:04.012,1.64325,1.6434,0.40,0.30
2008.04.22 12:13:04.246,1.64325,1.6434,0.40,0.30
2008.04.22 12:13:04.481,1.64325,1.6434,0.40,0.30
2008.04.22 12:13:04.671,1.64325,1.6434,0.40,0.30
2008.04.22 12:13:04.861,1.64325,1.6434,0.40,0.30
2008.04.22 12:13:05.050,1.64325,1.6434,0.40,0.30
2008.04.22 12:13:05.239,1.6433,1.6434,0.40,0.30
2008.04.22 12:13:05.428,1.6433,1.6434,0.40,0.30
2008.04.22 12:13:05.724,1.64325,1.6434,0.40,0.30
2008.04.22 12:13:06.018,1.64325,1.6434,0.40,0.30
2008.04.22 12:13:06.313,1.64325,1.6434,0.40,0.30
2008.04.22 12:13:06.608,1.64325,1.6434,0.40,0.30
2008.04.22 12:13:06.863,1.64325,1.6434,0.40,0.30
2008.04.22 12:13:07.137,1.64325,1.6434,0.40,0.30
2008.04.22 12:13:07.390,1.64325,1.6434,0.40,0.30
2008.04.22 12:13:07.644,1.64325,1.6434,0.40,0.30
2008.04.22 12:13:07.865,1.64325,1.6434,0.40,0.30
2008.04.22 12:13:08.084,1.64325,1.6434,0.40,0.30
2008.04.22 12:13:08.304,1.64325,1.6434,0.40,0.30
2008.04.22 12:13:08.523,1.64325,1.6434,0.40,0.30
2008.04.22 12:13:08.807,1.64325,1.6434,0.40,0.30
2008.04.22 12:13:09.091,1.64325,1.6434,0.40,0.30
2008.04.22 12:13:09.376,1.64325,1.6434,0.40,0.30
2008.04.22 12:13:11.585,1.64325,1.6434,0.40,0.30
2008.04.22 12:13:11.602,1.64325,1.6434,0.40,0.30
2008.04.22 12:13:11.654,1.64325,1.6434,0.40,0.30
2008.04.22 12:13:11.668,1.64325,1.6434,0.40,0.30
2008.04.22 12:13:11.692,1.64325,1.6434,0.40,0.30
2008.04.22 12:13:11.717,1.64325,1.6434,0.40,0.30
2008.04.22 12:13:11.740,1.64325,1.6434,0.40,0.30
2008.04.22 12:13:12.914,1.64325,1.6434,0.40,0.30
2008.04.22 12:13:13.063,1.6433,1.64345,0.40,0.30
2008.04.22 12:13:13.217,1.6433,1.6435,0.40,0.60
2008.04.22 12:13:13.362,1.6433,1.6435,0.40,0.60
2008.04.22 12:13:13.512,1.64325,1.64345,0.90,0.30
2008.04.22 12:13:13.665,1.64325,1.64345,0.90,0.30
2008.04.22 12:13:13.832,1.64325,1.64345,0.90,0.30
2008.04.22 12:13:13.982,1.64325,1.64345,0.40,0.30
2008.04.22 12:13:14.316,1.64325,1.64345,0.40,0.30
2008.04.22 12:13:14.650,1.64325,1.64345,0.40,0.30
2008.04.22 12:13:14.984,1.64325,1.64345,0.40,0.30
2008.04.22 12:13:15.188,1.64325,1.64345,0.40,0.30
2008.04.22 12:13:15.392,1.64325,1.64345,0.40,0.30
2008.04.22 12:13:15.596,1.64325,1.64345,0.40,0.30
2008.04.22 12:13:15.800,1.64325,1.64345,0.40,0.30
2008.04.22 12:13:16.037,1.64325,1.64345,0.40,0.30
2008.04.22 12:13:16.280,1.64325,1.64345,0.40,0.30
2008.04.22 12:13:16.524,1.64325,1.64345,0.40,0.30
2008.04.22 12:13:16.767,1.64325,1.64345,0.40,0.30
2008.04.22 12:13:17.012,1.64325,1.64345,0.40,0.30
2008.04.22 12:13:17.262,1.6433,1.64345,3.20,0.30
2008.04.22 12:13:17.494,1.6436,1.6437,0.40,4.80
2008.04.22 12:13:17.726,1.6436,1.6437,0.90,1.60
2008.04.22 12:13:17.958,1.6437,1.6438,0.60,4.20
2008.04.22 12:13:18.188,1.64375,1.6439,0.60,0.30
2008.04.22 12:13:18.475,1.6438,1.644,0.40,0.60
2008.04.22 12:13:18.761,1.6438,1.644,0.40,0.60
2008.04.22 12:13:19.046,1.6438,1.64395,0.40,0.30
2008.04.22 12:13:19.297,1.6438,1.64395,0.40,0.30
2008.04.22 12:13:19.547,1.6437,1.6438,2.40,0.30
2008.04.22 12:13:19.797,1.64365,1.6438,0.40,0.60
2008.04.22 12:13:20.047,1.64365,1.6438,0.40,0.30
2008.04.22 12:13:20.338,1.64365,1.6439,1.70,0.60
2008.04.22 12:13:20.628,1.6437,1.6439,1.60,0.30
2008.04.22 12:13:20.918,1.6437,1.6439,1.60,0.60
2008.04.22 12:13:21.208,1.6437,1.64385,0.40,0.30
2008.04.22 12:13:21.497,1.64365,1.64385,0.90,0.30
2008.04.22 12:13:21.733,1.64395,1.644,0.50,0.40
2008.04.22 12:13:21.993,1.64395,1.64405,0.60,0.40
2008.04.22 12:13:22.253,1.644,1.6442,0.60,4.50
2008.04.22 12:13:22.525,1.644,1.6442,0.60,4.80
2008.04.22 12:13:22.816,1.64405,1.6442,0.90,4.50
2008.04.22 12:13:23.089,1.644,1.64415,0.40,0.30
2008.04.22 12:13:23.380,1.644,1.64415,1.60,0.30
2008.04.22 12:13:23.671,1.644,1.6442,0.40,0.30
2008.04.22 12:13:23.962,1.64405,1.6443,0.90,0.60
2008.04.22 12:13:24.252,1.6441,1.6443,0.40,0.30
2008.04.22 12:13:24.494,1.6441,1.6443,0.40,0.30
2008.04.22 12:13:24.733,1.6441,1.6443,0.40,0.30
2008.04.22 12:13:24.974,1.6441,1.6443,0.40,0.30
2008.04.22 12:13:25.217,1.6441,1.6443,0.90,0.30
2008.04.22 12:13:25.481,1.6441,1.6443,0.40,0.30
2008.04.22 12:13:25.746,1.64405,1.64415,0.40,0.30
2008.04.22 12:13:26.012,1.64405,1.6442,0.40,0.30
2008.04.22 12:13:26.301,1.64405,1.6442,0.40,0.30
2008.04.22 12:13:26.563,1.64405,1.64425,0.40,0.30
2008.04.22 12:13:26.835,1.64405,1.6442,0.40,0.30
2008.04.22 12:13:27.131,1.64405,1.6443,0.90,0.60
2008.04.22 12:13:27.424,1.64405,1.64425,0.40,0.30
2008.04.22 12:13:27.699,1.64405,1.64425,0.40,0.30
2008.04.22 12:13:27.916,1.64405,1.6443,0.90,0.60
2008.04.22 12:13:28.162,1.6441,1.6443,0.40,0.60
2008.04.22 12:13:28.403,1.64405,1.64425,0.90,0.30
2008.04.22 12:13:28.643,1.64405,1.64425,0.40,0.30
2008.04.22 12:13:28.911,1.64405,1.64425,0.40,0.30
2008.04.22 12:13:29.151,1.6441,1.64425,0.40,0.30
2008.04.22 12:13:29.391,1.6441,1.64425,0.60,0.30
2008.04.22 12:13:29.616,1.6441,1.6443,1.90,0.30
2008.04.22 12:13:29.842,1.6441,1.6443,0.40,0.60
2008.04.22 12:13:30.066,1.6441,1.6443,0.40,0.60
2008.04.22 12:13:30.294,1.64425,1.6443,0.40,0.30
2008.04.22 12:13:30.570,1.64425,1.6444,0.40,0.60
2008.04.22 12:13:30.847,1.6444,1.6446,0.40,6.10
2008.04.22 12:13:31.122,1.6444,1.6446,0.40,6.20
2008.04.22 12:13:31.399,1.64445,1.6446,0.40,1.60
2008.04.22 12:13:31.635,1.6444,1.64455,0.40,0.40
2008.04.22 12:13:31.870,1.64445,1.6446,0.90,0.40
2008.04.22 12:13:32.107,1.6444,1.6446,0.60,0.80
2008.04.22 12:13:32.341,1.6444,1.6446,0.60,0.60
2008.04.22 12:13:32.657,1.64435,1.64455,0.40,0.60
2008.04.22 12:13:32.953,1.64435,1.64455,0.40,0.60
2008.04.22 12:13:33.222,1.64435,1.64455,0.40,0.30
2008.04.22 12:13:33.448,1.6443,1.6445,1.60,0.60
2008.04.22 12:13:33.673,1.6443,1.6445,0.90,0.60
2008.04.22 12:13:33.897,1.6443,1.6445,0.60,0.60
2008.04.22 12:13:34.149,1.64425,1.6444,0.40,0.30
2008.04.22 12:13:34.376,1.64425,1.6444,0.40,0.60
2008.04.22 12:13:34.712,1.64425,1.6445,0.90,0.80
2008.04.22 12:13:35.013,1.64425,1.6444,0.40,0.30
2008.04.22 12:13:35.319,1.64425,1.6445,0.60,2.90
2008.04.22 12:13:35.532,1.64425,1.6444,0.70,0.30
2008.04.22 12:13:35.775,1.64425,1.6444,0.70,0.30
2008.04.22 12:13:36.016,1.64425,1.6444,0.10,0.60
2008.04.22 12:13:36.262,1.6442,1.64435,0.50,0.30
2008.04.22 12:13:36.501,1.6442,1.6444,0.40,0.60
2008.04.22 12:13:36.792,1.6442,1.64435,0.10,0.30
2008.04.22 12:13:37.082,1.6443,1.64435,0.40,0.30
2008.04.22 12:13:37.403,1.64435,1.64455,0.40,0.40
2008.04.22 12:13:37.640,1.6444,1.6446,0.40,0.80
2008.04.22 12:13:37.851,1.64445,1.6446,0.40,0.80
2008.04.22 12:13:38.093,1.64445,1.6446,0.40,1.40
2008.04.22 12:13:38.334,1.64445,1.6446,0.40,0.60
2008.04.22 12:13:38.651,1.64445,1.6446,0.90,0.40
2008.04.22 12:13:38.939,1.6444,1.6446,0.60,0.60
2008.04.22 12:13:39.227,1.6443,1.6445,0.60,0.30
2008.04.22 12:13:39.512,1.6443,1.6445,0.60,0.60
2008.04.22 12:13:39.765,1.6443,1.6444,0.40,0.30
2008.04.22 12:13:40.015,1.6442,1.64435,0.40,0.30
2008.04.22 12:13:40.267,1.64415,1.64435,0.40,0.30
2008.04.22 12:13:40.519,1.64415,1.6443,0.40,0.30
2008.04.22 12:13:40.775,1.64415,1.64435,0.90,0.30
2008.04.22 12:13:41.031,1.6441,1.6443,1.60,0.30
2008.04.22 12:13:41.287,1.6441,1.64435,0.90,0.30
2008.04.22 12:13:41.542,1.6441,1.64435,2.20,0.30
2008.04.22 12:13:41.786,1.64415,1.64435,0.40,0.30
2008.04.22 12:13:42.044,1.64415,1.6444,0.90,0.60
2008.04.22 12:13:42.321,1.64415,1.6444,0.90,0.30
2008.04.22 12:13:42.600,1.6442,1.6444,0.60,0.30
2008.04.22 12:13:42.887,1.6442,1.6444,0.90,0.30
2008.04.22 12:13:43.171,1.6442,1.64445,2.20,0.30
2008.04.22 12:13:43.456,1.64425,1.64445,0.40,0.30
2008.04.22 12:13:43.681,1.64425,1.64445,0.40,0.30
2008.04.22 12:13:43.919,1.64425,1.64445,0.40,0.30
2008.04.22 12:13:44.161,1.64425,1.64445,0.40,0.30
2008.04.22 12:13:44.402,1.6443,1.6445,0.40,0.30
2008.04.22 12:13:44.643,1.6443,1.6445,0.40,0.30
2008.04.22 12:13:44.852,1.6443,1.6445,0.40,0.30
2008.04.22 12:13:45.061,1.6443,1.6445,0.90,0.30
2008.04.22 12:13:45.271,1.6443,1.64455,0.90,0.30
2008.04.22 12:13:45.481,1.6443,1.64455,0.90,0.30
2008.04.22 12:13:45.691,1.6443,1.64455,0.90,0.30
2008.04.22 12:13:45.965,1.6443,1.64455,0.90,0.30
2008.04.22 12:13:46.240,1.6443,1.64455,0.90,0.30
2008.04.22 12:13:46.513,1.6443,1.64455,0.90,0.30
2008.04.22 12:13:46.822,1.6442,1.6444,2.50,0.30
2008.04.22 12:13:47.094,1.6442,1.6444,1.20,0.60
2008.04.22 12:13:47.341,1.6442,1.6443,0.40,0.60
2008.04.22 12:13:47.616,1.6442,1.64435,0.40,0.30
2008.04.22 12:13:47.893,1.6441,1.64435,0.90,0.30
2008.04.22 12:13:48.153,1.6441,1.6442,0.40,0.30
2008.04.22 12:13:48.417,1.644,1.6442,0.40,0.60
2008.04.22 12:13:48.675,1.644,1.6442,0.40,0.60
2008.04.22 12:13:48.937,1.644,1.6442,0.40,0.60
2008.04.22 12:13:49.182,1.644,1.6441,0.40,0.30
2008.04.22 12:13:49.456,1.6439,1.6441,3.50,0.60
2008.04.22 12:13:49.703,1.6439,1.644,1.60,0.30
2008.04.22 12:13:49.985,1.64385,1.64405,0.80,0.30
2008.04.22 12:13:50.243,1.64375,1.644,0.90,0.30
2008.04.22 12:13:50.500,1.64375,1.64395,0.40,0.30
2008.04.22 12:13:50.754,1.64375,1.64395,0.40,0.30
2008.04.22 12:13:51.013,1.6438,1.644,2.70,0.60
2008.04.22 12:13:51.270,1.64415,1.6442,0.40,14.60
2008.04.22 12:13:51.525,1.64415,1.6442,0.40,7.20
2008.04.22 12:13:51.781,1.64415,1.6443,0.40,5.80
2008.04.22 12:13:52.091,1.6442,1.6443,0.40,6.20
2008.04.22 12:13:52.372,1.64425,1.6443,0.40,6.20
2008.04.22 12:13:52.652,1.64425,1.6443,0.40,6.20
2008.04.22 12:13:52.933,1.6442,1.6443,0.40,6.20
2008.04.22 12:13:53.225,1.6442,1.6443,0.40,6.20
2008.04.22 12:13:53.528,1.6442,1.6443,0.40,6.20
2008.04.22 12:13:53.804,1.6442,1.6443,0.40,6.20
2008.04.22 12:13:54.014,1.6442,1.6443,0.40,5.80
2008.04.22 12:13:54.224,1.6442,1.6443,0.40,5.80
2008.04.22 12:13:54.436,1.6442,1.6443,0.60,5.80
2008.04.22 12:13:54.644,1.6442,1.6443,0.60,5.80
2008.04.22 12:13:54.855,1.6442,1.6443,0.60,5.80
2008.04.22 12:13:55.090,1.6442,1.6443,0.60,5.80
2008.04.22 12:13:55.324,1.6442,1.6443,0.60,5.80
2008.04.22 12:13:55.558,1.6442,1.6443,0.60,5.80
2008.04.22 12:13:55.791,1.6442,1.6443,0.60,5.80
2008.04.22 12:13:56.027,1.6442,1.6443,0.60,5.80
2008.04.22 12:13:56.275,1.6442,1.64425,0.60,0.20
2008.04.22 12:13:56.487,1.6442,1.64425,0.60,0.20
2008.04.22 12:13:56.746,1.6442,1.6443,0.60,5.80
2008.04.22 12:13:56.947,1.6442,1.6443,0.60,5.80
2008.04.22 12:13:57.164,1.6442,1.64425,0.60,0.20
2008.04.22 12:13:57.353,1.6442,1.64425,0.60,0.20
2008.04.22 12:13:57.543,1.6442,1.64425,0.60,0.20
2008.04.22 12:13:57.762,1.6442,1.6443,0.60,6.20
2008.04.22 12:13:57.923,1.64415,1.6442,0.50,0.20
2008.04.22 12:13:58.165,1.6442,1.64435,0.60,5.80
2008.04.22 12:13:58.406,1.6443,1.6444,0.40,5.90
2008.04.22 12:13:58.645,1.6442,1.6444,0.90,0.30
2008.04.22 12:13:58.884,1.6442,1.6444,0.40,0.60
2008.04.22 12:13:59.134,1.6442,1.6444,0.40,0.60
2008.04.22 12:13:59.384,1.6442,1.6444,0.60,0.70
2008.04.22 12:13:59.634,1.6442,1.6444,0.60,0.70
2008.04.22 12:13:59.884,1.6442,1.6444,1.20,0.70
2008.04.22 12:14:00.169,1.6442,1.6444,0.60,0.70
2008.04.22 12:14:00.453,1.6442,1.6444,0.60,0.70
2008.04.22 12:14:00.737,1.6442,1.6444,0.60,0.70
2008.04.22 12:14:01.022,1.6442,1.6444,0.60,0.70
2008.04.22 12:14:01.267,1.6442,1.6444,0.40,0.60
2008.04.22 12:14:01.513,1.6442,1.6444,0.40,0.70
2008.04.22 12:14:01.758,1.6442,1.64435,1.20,0.20
2008.04.22 12:14:02.003,1.6442,1.6444,1.20,0.70
2008.04.22 12:14:02.274,1.6442,1.6444,0.40,0.70
2008.04.22 12:14:02.544,1.6442,1.64435,0.90,0.20
2008.04.22 12:14:02.815,1.6442,1.64435,0.60,0.20
2008.04.22 12:14:03.115,1.6442,1.64435,0.60,0.20
2008.04.22 12:14:03.380,1.6442,1.64435,0.60,0.20
2008.04.22 12:14:03.650,1.6442,1.64435,0.60,0.20
2008.04.22 12:14:03.922,1.6442,1.6443,0.40,0.30
2008.04.22 12:14:04.178,1.6441,1.64415,0.60,0.20
2008.04.22 12:14:04.432,1.6441,1.64425,0.40,0.60
2008.04.22 12:14:04.687,1.6442,1.64425,0.40,0.60
2008.04.22 12:14:04.943,1.64425,1.6444,0.60,0.50
2008.04.22 12:14:05.200,1.6443,1.6445,0.90,5.80
2008.04.22 12:14:05.470,1.64435,1.6445,0.60,5.60
2008.04.22 12:14:05.741,1.6443,1.6445,1.20,0.30
2008.04.22 12:14:06.010,1.64435,1.6445,0.40,0.30
2008.04.22 12:14:06.259,1.64435,1.6445,0.40,0.30
2008.04.22 12:14:06.509,1.64435,1.6445,0.40,0.30
2008.04.22 12:14:06.760,1.64435,1.6445,0.40,0.30
2008.04.22 12:14:07.010,1.64435,1.6445,0.40,0.30
2008.04.22 12:14:07.284,1.64435,1.6445,0.40,0.30
2008.04.22 12:14:07.559,1.64435,1.6445,0.40,0.30
2008.04.22 12:14:07.832,1.64435,1.6445,0.40,0.30
2008.04.22 12:14:08.108,1.64435,1.6445,0.40,0.60
2008.04.22 12:14:08.332,1.6443,1.6445,1.20,1.30
2008.04.22 12:14:08.558,1.6443,1.6445,0.60,1.30
2008.04.22 12:14:08.784,1.6443,1.6444,0.40,0.30
2008.04.22 12:14:09.009,1.6442,1.6444,2.50,0.60
2008.04.22 12:14:09.321,1.6442,1.6444,0.40,0.60
2008.04.22 12:14:09.663,1.64415,1.64435,0.90,0.30
2008.04.22 12:14:10.000,1.64415,1.64435,1.20,0.30
2008.04.22 12:14:10.338,1.64415,1.64435,1.20,0.30
2008.04.22 12:14:10.566,1.64415,1.64435,0.90,0.30
2008.04.22 12:14:10.795,1.64415,1.64435,0.60,0.30
2008.04.22 12:14:11.026,1.6441,1.64435,2.80,0.30
2008.04.22 12:14:11.256,1.6441,1.6443,0.60,0.30
2008.04.22 12:14:11.510,1.6441,1.64425,0.40,0.30
2008.04.22 12:14:11.765,1.644,1.6442,4.00,0.60
2008.04.22 12:14:12.020,1.644,1.6442,3.20,0.60
2008.04.22 12:14:12.276,1.6442,1.64425,0.70,0.30
2008.04.22 12:14:12.537,1.6443,1.6445,0.60,12.50
2008.04.22 12:14:12.799,1.6443,1.6444,0.40,0.40
2008.04.22 12:14:13.058,1.6443,1.6445,0.40,0.60
2008.04.22 12:14:13.318,1.64425,1.6445,0.90,0.60
2008.04.22 12:14:13.583,1.64425,1.6445,0.90,0.60
2008.04.22 12:14:13.848,1.64425,1.6445,0.90,1.30
2008.04.22 12:14:14.113,1.64425,1.64445,0.90,0.30
2008.04.22 12:14:14.378,1.64425,1.6444,0.40,0.30
2008.04.22 12:14:14.643,1.64425,1.6444,0.40,0.30
2008.04.22 12:14:14.908,1.6443,1.6445,0.40,0.60
2008.04.22 12:14:15.185,1.6443,1.6445,1.20,0.60
2008.04.22 12:14:15.475,1.6443,1.6445,1.20,0.60
2008.04.22 12:14:15.741,1.6443,1.6445,1.20,0.60
2008.04.22 12:14:16.004,1.64435,1.6445,0.40,0.30
2008.04.22 12:14:16.265,1.6444,1.64455,0.40,0.30
2008.04.22 12:14:16.534,1.6444,1.6446,0.60,1.30
2008.04.22 12:14:16.804,1.6444,1.6446,0.60,1.30
2008.04.22 12:14:17.073,1.6444,1.6446,0.60,1.30
2008.04.22 12:14:17.342,1.6444,1.6446,0.60,0.60
2008.04.22 12:14:17.598,1.6444,1.64455,0.60,0.30
2008.04.22 12:14:17.852,1.6444,1.64455,0.60,0.30
2008.04.22 12:14:18.107,1.6444,1.64455,0.60,0.30
2008.04.22 12:14:18.362,1.6444,1.64455,0.60,0.30
2008.04.22 12:14:18.587,1.6444,1.64455,0.60,0.30
2008.04.22 12:14:18.812,1.6444,1.64455,0.40,0.30
2008.04.22 12:14:19.037,1.6444,1.6445,0.40,0.30
2008.04.22 12:14:19.262,1.64435,1.6445,0.40,0.60
2008.04.22 12:14:19.491,1.64435,1.6445,0.40,0.60
2008.04.22 12:14:19.720,1.64435,1.6445,0.40,0.60
2008.04.22 12:14:19.976,1.64435,1.6445,0.40,0.60
2008.04.22 12:14:20.235,1.64435,1.6445,0.40,0.60
2008.04.22 12:14:20.498,1.64435,1.6445,0.40,0.60
2008.04.22 12:14:20.762,1.64435,1.6445,0.40,0.60
2008.04.22 12:14:21.027,1.6444,1.64455,0.40,0.30
2008.04.22 12:14:21.292,1.64435,1.6445,0.40,0.30
2008.04.22 12:14:21.549,1.6444,1.6446,0.40,4.00
2008.04.22 12:14:21.803,1.6444,1.6446,0.40,1.30
2008.04.22 12:14:22.059,1.6444,1.64455,0.40,0.30
2008.04.22 12:14:22.316,1.6444,1.64455,0.40,0.30
2008.04.22 12:14:22.602,1.6444,1.64455,0.40,0.30
2008.04.22 12:14:22.899,1.6444,1.64455,0.40,0.30
2008.04.22 12:14:23.141,1.6444,1.64455,0.40,0.30
2008.04.22 12:14:23.410,1.6444,1.64455,0.40,0.30
2008.04.22 12:14:23.650,1.6444,1.64455,0.40,0.30
2008.04.22 12:14:23.889,1.6444,1.64455,0.40,0.30
2008.04.22 12:14:24.130,1.6444,1.64455,0.40,0.30
2008.04.22 12:14:24.371,1.6444,1.64455,0.40,0.30
2008.04.22 12:14:24.585,1.6444,1.64455,0.40,0.30
2008.04.22 12:14:24.799,1.6444,1.64455,0.40,0.30
2008.04.22 12:14:25.014,1.64435,1.6445,0.40,0.60
2008.04.22 12:14:25.231,1.6443,1.6445,0.90,0.60
2008.04.22 12:14:25.469,1.6443,1.6445,0.40,0.60
2008.04.22 12:14:25.806,1.6443,1.6445,0.40,0.60
2008.04.22 12:14:26.114,1.6443,1.6445,0.40,0.60
2008.04.22 12:14:26.425,1.6443,1.6445,0.40,0.60
2008.04.22 12:14:26.621,1.6443,1.6445,0.40,0.60
2008.04.22 12:14:28.253,1.6443,1.6445,0.40,0.60
2008.04.22 12:14:28.460,1.6443,1.64445,0.40,0.30
2008.04.22 12:14:28.478,1.6443,1.64445,0.40,0.30
2008.04.22 12:14:28.526,1.6443,1.64445,0.40,0.30
2008.04.22 12:14:28.591,1.6443,1.64445,0.40,0.30
2008.04.22 12:14:28.635,1.6443,1.64445,0.40,0.30
2008.04.22 12:14:28.680,1.6443,1.64445,0.40,0.30
2008.04.22 12:14:28.725,1.6443,1.64445,0.40,0.30
2008.04.22 12:14:28.777,1.6443,1.64445,0.40,0.30
2008.04.22 12:14:29.793,1.6443,1.64445,0.40,0.30
2008.04.22 12:14:29.868,1.6442,1.6443,1.60,0.30
2008.04.22 12:14:30.134,1.6442,1.64435,0.40,0.30
2008.04.22 12:14:30.399,1.6441,1.64435,2.50,0.30
2008.04.22 12:14:30.666,1.6441,1.6443,1.90,0.60
2008.04.22 12:14:30.956,1.6441,1.6443,0.60,0.60
2008.04.22 12:14:31.226,1.6441,1.64425,0.60,0.30
2008.04.22 12:14:31.498,1.6441,1.64425,0.60,0.30
2008.04.22 12:14:31.797,1.6441,1.64425,0.40,0.30
2008.04.22 12:14:32.099,1.6441,1.6443,3.30,0.60
2008.04.22 12:14:32.355,1.6442,1.6443,0.40,0.30
2008.04.22 12:14:32.612,1.6442,1.6443,0.40,0.30
2008.04.22 12:14:32.868,1.6442,1.6443,0.40,0.30
2008.04.22 12:14:33.122,1.6442,1.6443,0.40,0.30
2008.04.22 12:14:33.399,1.6442,1.6443,0.40,0.30
2008.04.22 12:14:33.673,1.6442,1.6443,0.40,0.30
2008.04.22 12:14:33.947,1.6442,1.6443,0.40,0.30
2008.04.22 12:14:34.187,1.6442,1.6443,0.40,0.30
2008.04.22 12:14:34.426,1.6442,1.6443,0.40,0.30
2008.04.22 12:14:34.665,1.6442,1.6443,0.40,0.30
2008.04.22 12:14:34.904,1.6442,1.6443,0.40,0.30
2008.04.22 12:14:35.156,1.6442,1.64435,0.40,0.30
2008.04.22 12:14:35.340,1.6442,1.64435,0.40,0.30
2008.04.22 12:14:35.523,1.6442,1.64435,0.40,0.30
2008.04.22 12:14:35.709,1.6442,1.64435,0.40,0.30
2008.04.22 12:14:35.894,1.6442,1.64435,0.40,0.30
2008.04.22 12:14:36.079,1.6442,1.64435,0.40,0.30
2008.04.22 12:14:36.344,1.6442,1.64435,0.40,0.30
2008.04.22 12:14:36.627,1.6442,1.64435,0.40,0.30
2008.04.22 12:14:36.854,1.6442,1.64435,0.40,0.30
2008.04.22 12:14:37.110,1.6442,1.64435,0.40,0.30
2008.04.22 12:14:37.355,1.6442,1.64435,0.40,0.30
2008.04.22 12:14:37.599,1.6442,1.64435,0.40,0.30
2008.04.22 12:14:37.844,1.6442,1.64435,0.40,0.30
2008.04.22 12:14:38.093,1.6442,1.64435,0.40,0.30
2008.04.22 12:14:38.370,1.6442,1.64435,0.40,0.30
2008.04.22 12:14:38.591,1.6442,1.6444,0.60,0.60
2008.04.22 12:14:38.870,1.6442,1.64435,0.60,0.30
2008.04.22 12:14:39.120,1.6442,1.64435,0.60,0.30
2008.04.22 12:14:39.381,1.64415,1.64435,0.40,0.30
2008.04.22 12:14:39.641,1.6441,1.6443,1.90,0.30
2008.04.22 12:14:39.902,1.6441,1.6443,1.20,0.60
2008.04.22 12:14:40.162,1.6441,1.6443,1.20,0.60
2008.04.22 12:14:40.457,1.6442,1.64425,0.40,0.30
2008.04.22 12:14:40.753,1.6441,1.6443,1.90,0.60
2008.04.22 12:14:41.062,1.6441,1.6443,0.60,0.60
2008.04.22 12:14:41.357,1.6442,1.6443,0.40,0.30
2008.04.22 12:14:41.613,1.6442,1.6443,0.40,0.30
2008.04.22 12:14:41.868,1.6442,1.64435,0.40,0.30
2008.04.22 12:14:42.122,1.6442,1.64435,0.40,0.30
2008.04.22 12:14:42.377,1.6442,1.64435,0.40,0.30
2008.04.22 12:14:42.667,1.64415,1.64435,0.40,0.30
2008.04.22 12:14:42.958,1.6441,1.6443,2.00,0.30
2008.04.22 12:14:43.248,1.6442,1.64435,0.40,0.30
2008.04.22 12:14:43.478,1.6442,1.64435,0.40,0.30
2008.04.22 12:14:43.707,1.6442,1.64435,0.40,0.30
2008.04.22 12:14:43.937,1.6442,1.6443,0.40,3.20
2008.04.22 12:14:44.168,1.6442,1.6443,0.40,3.20
2008.04.22 12:14:44.424,1.6442,1.6443,0.40,3.20
2008.04.22 12:14:44.707,1.6441,1.6443,4.90,3.40
2008.04.22 12:14:45.016,1.6441,1.6443,0.60,3.70
2008.04.22 12:14:45.268,1.6441,1.6443,0.40,3.70
2008.04.22 12:14:45.479,1.6441,1.6443,0.40,3.70
2008.04.22 12:14:45.688,1.6441,1.64425,0.40,0.30
2008.04.22 12:14:45.922,1.6441,1.64425,0.40,0.30
2008.04.22 12:14:46.162,1.6441,1.6443,0.40,3.70
2008.04.22 12:14:46.400,1.6441,1.6443,0.40,3.70
2008.04.22 12:14:46.710,1.6441,1.64425,0.40,0.30
2008.04.22 12:14:46.988,1.6441,1.64425,0.40,0.30
2008.04.22 12:14:47.268,1.6441,1.64425,0.40,0.30
2008.04.22 12:14:47.547,1.6441,1.64425,0.40,0.30
2008.04.22 12:14:47.786,1.6441,1.64425,0.40,0.30
2008.04.22 12:14:48.026,1.6441,1.64425,0.40,0.30
2008.04.22 12:14:48.266,1.6441,1.64425,0.40,0.30
2008.04.22 12:14:48.505,1.6441,1.64425,0.40,0.30
2008.04.22 12:14:48.719,1.6441,1.64425,0.40,0.30
2008.04.22 12:14:48.934,1.6441,1.64425,0.40,0.30
2008.04.22 12:14:49.148,1.6441,1.64425,0.40,0.30
2008.04.22 12:14:49.362,1.6441,1.64425,0.40,0.30
2008.04.22 12:14:49.612,1.6441,1.64425,0.40,0.30
2008.04.22 12:14:49.890,1.6441,1.64425,0.40,0.30
2008.04.22 12:14:50.109,1.6441,1.64425,0.40,0.30
2008.04.22 12:14:50.359,1.6441,1.6443,0.40,3.70
2008.04.22 12:14:50.567,1.6441,1.6443,0.40,3.70
2008.04.22 12:14:50.777,1.6441,1.6443,0.40,3.70
2008.04.22 12:14:50.987,1.6441,1.6443,0.40,3.70
2008.04.22 12:14:51.197,1.6441,1.6443,0.40,3.70
2008.04.22 12:14:51.407,1.6441,1.6443,0.40,3.70
2008.04.22 12:14:51.683,1.6441,1.6443,0.40,3.70
2008.04.22 12:14:51.957,1.6441,1.6443,0.40,3.70
2008.04.22 12:14:52.232,1.6441,1.6443,0.40,3.70
2008.04.22 12:14:52.505,1.6441,1.6443,0.40,3.70
2008.04.22 12:14:52.695,1.6441,1.6443,0.40,3.70
2008.04.22 12:14:52.884,1.6441,1.6443,0.40,3.70
2008.04.22 12:14:53.073,1.6441,1.6443,0.40,3.70
2008.04.22 12:14:53.263,1.6441,1.6443,0.40,3.70
2008.04.22 12:14:53.453,1.6441,1.6443,0.40,3.70
2008.04.22 12:14:53.671,1.6441,1.6443,0.40,3.70
2008.04.22 12:14:53.883,1.6441,1.6443,0.40,3.70
2008.04.22 12:14:54.105,1.6441,1.6443,0.40,3.70
2008.04.22 12:14:54.321,1.6441,1.6443,0.40,3.70
2008.04.22 12:14:54.563,1.6442,1.6443,0.40,3.40
2008.04.22 12:14:54.884,1.6442,1.6443,0.40,3.40
2008.04.22 12:14:55.203,1.6442,1.6443,0.40,3.40
2008.04.22 12:14:55.523,1.6442,1.6443,0.40,3.40
2008.04.22 12:14:55.733,1.6441,1.6443,4.00,3.70
2008.04.22 12:14:55.944,1.6441,1.64425,0.40,0.30
2008.04.22 12:14:56.160,1.6441,1.64425,0.40,0.30
2008.04.22 12:14:56.370,1.6441,1.64425,0.40,0.30
2008.04.22 12:14:56.580,1.6441,1.64425,0.40,0.30
2008.04.22 12:14:56.861,1.6441,1.64425,0.40,0.30
2008.04.22 12:14:57.152,1.6441,1.64425,0.40,0.30
2008.04.22 12:14:57.380,1.6441,1.64425,0.40,0.30
2008.04.22 12:14:57.642,1.6441,1.64425,0.40,0.30
2008.04.22 12:14:57.894,1.6441,1.64425,0.40,0.30
2008.04.22 12:14:58.091,1.6441,1.64425,0.40,0.30
2008.04.22 12:14:58.316,1.6441,1.64425,0.40,0.30
2008.04.22 12:14:58.541,1.6441,1.64425,0.40,0.30
2008.04.22 12:14:58.750,1.6441,1.64425,0.40,0.30
2008.04.22 12:14:58.960,1.6441,1.64425,0.40,0.30
2008.04.22 12:14:59.179,1.6441,1.64425,0.40,0.30
2008.04.22 12:14:59.389,1.6441,1.64425,0.40,0.30
2008.04.22 12:14:59.598,1.6441,1.64425,0.40,0.30
2008.04.22 12:14:59.852,1.6441,1.64425,0.40,0.30
2008.04.22 12:15:00.137,1.6441,1.64425,0.40,0.30
2008.04.22 12:15:00.392,1.6441,1.64425,0.40,0.30
2008.04.22 12:15:00.648,1.6441,1.6443,0.90,0.80
2008.04.22 12:15:00.868,1.6441,1.6443,0.90,0.80
2008.04.22 12:15:01.088,1.6441,1.6443,2.20,0.60
2008.04.22 12:15:01.308,1.6441,1.6443,2.20,0.60
2008.04.22 12:15:01.559,1.6441,1.6443,2.20,0.60
2008.04.22 12:15:01.747,1.6441,1.6443,2.20,0.60
2008.04.22 12:15:02.017,1.6441,1.6443,2.20,0.60
2008.04.22 12:15:02.287,1.6441,1.6443,2.20,0.60
2008.04.22 12:15:02.557,1.6441,1.6443,2.20,0.60
2008.04.22 12:15:02.827,1.6441,1.6443,2.20,0.60
2008.04.22 12:15:03.075,1.6441,1.6443,2.20,0.60
2008.04.22 12:15:03.325,1.6441,1.6443,2.20,0.60
2008.04.22 12:15:03.574,1.6441,1.6443,2.20,0.60
2008.04.22 12:15:03.824,1.6441,1.6443,2.20,0.60
2008.04.22 12:15:04.073,1.6441,1.6443,2.20,0.60
2008.04.22 12:15:04.322,1.6441,1.6443,2.20,1.30
2008.04.22 12:15:04.575,1.6441,1.6442,1.90,0.30
2008.04.22 12:15:04.826,1.6441,1.6442,1.90,0.30
2008.04.22 12:15:05.079,1.6441,1.6442,1.90,0.30
2008.04.22 12:15:05.303,1.6441,1.6442,1.90,0.30
2008.04.22 12:15:05.527,1.6441,1.6442,1.90,0.30
2008.04.22 12:15:05.753,1.6441,1.6442,1.90,0.30
2008.04.22 12:15:05.987,1.6441,1.6442,1.90,0.30
2008.04.22 12:15:06.223,1.6441,1.6442,1.20,0.30
2008.04.22 12:15:06.459,1.6441,1.6442,0.40,0.30
2008.04.22 12:15:06.696,1.6441,1.6442,0.40,0.30
2008.04.22 12:15:06.998,1.644,1.64415,0.40,0.30
2008.04.22 12:15:07.328,1.644,1.6441,0.40,0.30
2008.04.22 12:15:07.627,1.6439,1.6441,1.60,0.60
2008.04.22 12:15:07.927,1.6439,1.6441,0.40,0.60
2008.04.22 12:15:08.172,1.6439,1.64405,0.40,0.30
2008.04.22 12:15:08.418,1.6439,1.64405,0.40,0.30
2008.04.22 12:15:08.661,1.6439,1.64405,0.40,0.30
2008.04.22 12:15:08.907,1.6439,1.64405,1.20,0.30
2008.04.22 12:15:09.172,1.6439,1.64405,1.50,0.30
2008.04.22 12:15:09.437,1.6439,1.6441,1.20,0.30
2008.04.22 12:15:09.702,1.6439,1.6441,0.40,0.60
2008.04.22 12:15:09.992,1.6439,1.6441,0.40,0.60
2008.04.22 12:15:10.282,1.6439,1.64405,0.40,0.30
2008.04.22 12:15:10.572,1.6439,1.6441,2.40,0.30
2008.04.22 12:15:10.864,1.644,1.6442,0.40,0.60
2008.04.22 12:15:11.140,1.644,1.64425,0.90,0.30
2008.04.22 12:15:11.416,1.6441,1.64425,0.40,0.30
2008.04.22 12:15:11.691,1.6441,1.64425,0.40,0.30
2008.04.22 12:15:11.966,1.6441,1.6443,1.70,0.60
2008.04.22 12:15:12.248,1.6441,1.64435,3.00,0.30
2008.04.22 12:15:12.494,1.6442,1.6443,0.40,0.30
2008.04.22 12:15:12.738,1.6441,1.6443,3.00,0.30
2008.04.22 12:15:12.982,1.6441,1.6443,3.30,0.30
2008.04.22 12:15:13.256,1.6441,1.6443,2.80,0.30
2008.04.22 12:15:13.531,1.6441,1.6443,2.20,0.60
2008.04.22 12:15:13.806,1.6441,1.6443,1.40,0.60
2008.04.22 12:15:14.081,1.6441,1.6443,1.40,0.60
2008.04.22 12:15:14.306,1.6441,1.64425,1.10,0.30
2008.04.22 12:15:14.531,1.6441,1.6443,1.10,0.60
2008.04.22 12:15:14.756,1.6441,1.6443,1.40,0.60
2008.04.22 12:15:15.010,1.6441,1.6443,1.40,0.60
2008.04.22 12:15:15.271,1.6441,1.6443,1.70,0.60
2008.04.22 12:15:15.531,1.6441,1.6443,1.70,0.60
2008.04.22 12:15:15.791,1.6441,1.6443,1.70,0.60
2008.04.22 12:15:16.049,1.6441,1.6443,1.70,0.60
2008.04.22 12:15:16.293,1.6441,1.6443,1.70,0.60
2008.04.22 12:15:16.506,1.6441,1.6443,1.10,0.60
2008.04.22 12:15:16.720,1.6441,1.6443,1.10,0.60
2008.04.22 12:15:16.935,1.6441,1.6443,1.10,0.60
2008.04.22 12:15:17.208,1.6441,1.6443,1.70,0.60
2008.04.22 12:15:17.429,1.6441,1.6443,1.70,0.30
2008.04.22 12:15:17.674,1.6441,1.64425,1.10,0.30
2008.04.22 12:15:17.920,1.6441,1.64425,0.40,0.30
2008.04.22 12:15:18.165,1.6441,1.6443,0.40,0.60
2008.04.22 12:15:18.395,1.6441,1.6443,0.40,0.60
2008.04.22 12:15:18.625,1.64405,1.64425,0.90,0.30
2008.04.22 12:15:18.857,1.6441,1.6443,0.80,0.60
2008.04.22 12:15:19.087,1.6441,1.6443,0.80,0.60
2008.04.22 12:15:19.317,1.6441,1.6443,0.80,0.60
2008.04.22 12:15:19.546,1.6441,1.6443,0.80,0.60
2008.04.22 12:15:19.775,1.6441,1.6443,0.80,0.60
2008.04.22 12:15:20.005,1.6441,1.6443,0.80,0.60
2008.04.22 12:15:20.247,1.6441,1.6443,0.80,0.60
2008.04.22 12:15:20.494,1.6441,1.6443,0.80,0.60
2008.04.22 12:15:20.723,1.6441,1.6443,0.80,0.60
2008.04.22 12:15:20.953,1.6441,1.64425,1.90,0.30
2008.04.22 12:15:21.183,1.6441,1.64425,1.90,0.30
2008.04.22 12:15:21.414,1.6441,1.6442,0.40,0.30
2008.04.22 12:15:21.644,1.6441,1.6442,0.40,0.30
2008.04.22 12:15:21.873,1.6441,1.6442,0.40,0.30
2008.04.22 12:15:22.103,1.6441,1.6442,0.40,0.30
2008.04.22 12:15:22.394,1.6441,1.64425,0.40,0.30
2008.04.22 12:15:22.684,1.6441,1.64425,0.40,0.30
2008.04.22 12:15:22.974,1.6441,1.64425,0.40,0.30
2008.04.22 12:15:23.267,1.6441,1.64415,0.40,0.30
2008.04.22 12:15:23.497,1.644,1.6442,1.60,0.30
2008.04.22 12:15:23.728,1.644,1.6442,2.20,0.60
2008.04.22 12:15:23.992,1.644,1.6442,0.40,0.30
2008.04.22 12:15:24.254,1.644,1.6442,0.40,0.60
2008.04.22 12:15:24.557,1.644,1.6442,0.90,0.60
2008.04.22 12:15:24.845,1.644,1.64415,0.40,0.30
2008.04.22 12:15:25.120,1.644,1.64415,0.40,0.30
2008.04.22 12:15:25.344,1.644,1.6442,0.40,0.60
2008.04.22 12:15:25.582,1.644,1.64415,0.40,0.30
2008.04.22 12:15:25.828,1.644,1.64415,0.40,0.30
2008.04.22 12:15:26.073,1.644,1.64415,0.40,0.30
2008.04.22 12:15:26.344,1.644,1.64415,0.40,0.30
2008.04.22 12:15:26.607,1.644,1.64415,0.40,0.30
2008.04.22 12:15:26.887,1.644,1.64415,0.40,0.30
2008.04.22 12:15:27.181,1.644,1.64415,0.40,0.30
2008.04.22 12:15:27.421,1.644,1.64415,0.40,0.30
2008.04.22 12:15:27.656,1.6439,1.6441,1.90,0.60
2008.04.22 12:15:27.891,1.6439,1.6441,0.60,0.60
2008.04.22 12:15:28.127,1.6439,1.6441,0.60,0.60
2008.04.22 12:15:28.379,1.6439,1.6441,0.60,0.60
2008.04.22 12:15:28.627,1.644,1.64415,0.40,0.30
2008.04.22 12:15:28.876,1.644,1.64415,0.40,0.30
2008.04.22 12:15:29.129,1.644,1.64415,0.40,0.30
2008.04.22 12:15:29.383,1.6439,1.6441,0.40,0.90
2008.04.22 12:15:29.639,1.644,1.6441,0.40,0.40
2008.04.22 12:15:29.895,1.6439,1.64405,0.40,0.30
2008.04.22 12:15:30.149,1.6439,1.6441,0.40,0.60
2008.04.22 12:15:30.408,1.6439,1.6441,0.40,0.60
2008.04.22 12:15:30.669,1.644,1.6441,0.40,0.40
2008.04.22 12:15:30.927,1.644,1.6441,0.40,0.40
2008.04.22 12:15:31.188,1.644,1.64415,0.40,0.30
2008.04.22 12:15:31.459,1.644,1.6442,0.40,0.60
2008.04.22 12:15:31.729,1.644,1.6442,0.40,0.60
2008.04.22 12:15:31.998,1.644,1.6442,0.40,0.60
2008.04.22 12:15:32.267,1.644,1.6442,0.40,0.60
2008.04.22 12:15:32.490,1.644,1.6442,1.10,0.60
2008.04.22 12:15:32.710,1.644,1.6442,1.10,0.60
2008.04.22 12:15:32.929,1.644,1.6442,1.10,0.60
2008.04.22 12:15:33.148,1.644,1.6442,1.10,0.60
2008.04.22 12:15:33.382,1.644,1.6442,1.10,0.60
2008.04.22 12:15:33.655,1.644,1.6442,1.10,0.60
2008.04.22 12:15:33.872,1.644,1.6442,1.10,0.60
2008.04.22 12:15:34.118,1.644,1.6442,1.10,0.60
2008.04.22 12:15:34.362,1.644,1.6442,1.10,0.60
2008.04.22 12:15:34.583,1.644,1.6442,1.10,0.60
2008.04.22 12:15:34.802,1.644,1.6442,1.10,0.60
2008.04.22 12:15:35.024,1.644,1.6442,0.40,0.60
2008.04.22 12:15:35.269,1.644,1.64415,0.40,0.30
2008.04.22 12:15:35.503,1.644,1.64415,0.40,0.30
2008.04.22 12:15:35.737,1.644,1.64415,0.40,0.30
2008.04.22 12:15:35.971,1.644,1.64415,0.40,0.30
2008.04.22 12:15:36.208,1.644,1.64415,0.40,0.30
2008.04.22 12:15:36.441,1.644,1.64415,0.40,0.30
2008.04.22 12:15:36.700,1.644,1.64415,0.40,0.30
2008.04.22 12:15:36.959,1.644,1.64415,0.40,0.30
2008.04.22 12:15:37.247,1.644,1.64415,0.40,0.30
2008.04.22 12:15:37.537,1.644,1.64415,0.40,0.30
2008.04.22 12:15:37.761,1.644,1.64415,0.40,0.30
2008.04.22 12:15:38.016,1.644,1.64415,0.40,0.30
2008.04.22 12:15:38.270,1.644,1.64415,0.40,0.30
2008.04.22 12:15:38.525,1.644,1.64415,0.40,0.30
2008.04.22 12:15:38.753,1.644,1.6441,0.40,0.30
2008.04.22 12:15:38.983,1.644,1.6441,0.40,0.30
2008.04.22 12:15:39.213,1.644,1.6441,0.40,0.30
2008.04.22 12:15:39.455,1.644,1.6441,0.40,0.30
2008.04.22 12:15:39.719,1.644,1.6441,0.40,0.30
2008.04.22 12:15:39.983,1.644,1.6441,0.40,0.30
2008.04.22 12:15:40.248,1.644,1.6441,0.40,0.30
2008.04.22 12:15:40.512,1.644,1.6441,0.40,0.30
2008.04.22 12:15:40.736,1.644,1.6441,0.40,0.30
2008.04.22 12:15:40.961,1.6439,1.6441,5.70,0.60
2008.04.22 12:15:41.187,1.6439,1.6441,2.50,0.60
2008.04.22 12:15:41.411,1.6439,1.6441,1.20,0.60
2008.04.22 12:15:41.636,1.6439,1.6441,0.60,0.60
2008.04.22 12:15:41.861,1.6439,1.6441,0.60,0.60
2008.04.22 12:15:42.086,1.6439,1.64405,0.60,0.30
2008.04.22 12:15:42.333,1.6439,1.64405,0.40,0.30
2008.04.22 12:15:42.558,1.6439,1.64405,0.40,0.30
2008.04.22 12:15:42.843,1.6439,1.64405,0.40,0.30
2008.04.22 12:15:43.127,1.6439,1.64405,0.40,0.30
2008.04.22 12:15:43.412,1.6439,1.64405,1.60,0.30
2008.04.22 12:15:43.698,1.6439,1.64405,1.60,0.30
2008.04.22 12:15:43.927,1.6439,1.64405,0.40,0.30
2008.04.22 12:15:44.157,1.6439,1.64405,0.40,0.30
2008.04.22 12:15:44.388,1.6439,1.64405,1.60,0.30
2008.04.22 12:15:44.617,1.6439,1.64405,1.60,0.30
2008.04.22 12:15:44.866,1.6439,1.64405,0.40,0.30
2008.04.22 12:15:45.140,1.6439,1.64405,0.40,0.30
2008.04.22 12:15:45.424,1.6439,1.64405,0.40,0.30
2008.04.22 12:15:45.701,1.64385,1.64405,1.40,0.30
2008.04.22 12:15:45.964,1.6438,1.64405,4.90,0.30
2008.04.22 12:15:46.225,1.6439,1.64405,0.40,0.30
2008.04.22 12:15:46.487,1.64385,1.644,0.60,0.30
2008.04.22 12:15:46.750,1.6439,1.6441,0.40,0.60
2008.04.22 12:15:46.998,1.6439,1.6441,0.40,0.60
2008.04.22 12:15:47.248,1.6439,1.6441,0.40,0.60
2008.04.22 12:15:47.525,1.6439,1.6441,0.40,0.60
2008.04.22 12:15:47.742,1.6439,1.6441,0.40,0.60
2008.04.22 12:15:47.986,1.6439,1.6441,0.40,0.60
2008.04.22 12:15:48.230,1.6439,1.6441,0.40,0.60
2008.04.22 12:15:48.507,1.6439,1.6441,0.40,0.60
2008.04.22 12:15:48.722,1.6439,1.6441,0.40,0.60
2008.04.22 12:15:48.946,1.6439,1.6441,0.40,0.60
2008.04.22 12:15:49.171,1.6439,1.6441,0.40,0.60
2008.04.22 12:15:49.424,1.6439,1.6441,0.40,0.60
2008.04.22 12:15:49.648,1.6439,1.6441,0.40,0.60
2008.04.22 12:15:49.888,1.6439,1.6441,0.40,0.60
2008.04.22 12:15:50.130,1.6439,1.6441,0.40,0.60
2008.04.22 12:15:50.369,1.6439,1.6441,0.40,0.60
2008.04.22 12:15:50.610,1.644,1.6441,0.40,0.30
2008.04.22 12:15:50.865,1.644,1.6441,0.40,0.30
2008.04.22 12:15:51.121,1.6439,1.64405,0.40,0.30
2008.04.22 12:15:51.376,1.6439,1.64405,0.40,0.30
2008.04.22 12:15:51.630,1.6439,1.64405,0.40,0.30
2008.04.22 12:15:51.889,1.6439,1.64405,0.40,0.30
2008.04.22 12:15:52.149,1.6439,1.64405,0.40,0.30
2008.04.22 12:15:52.408,1.6439,1.64405,0.40,0.30
2008.04.22 12:15:52.668,1.6439,1.64405,0.40,0.30
2008.04.22 12:15:52.925,1.6439,1.64405,0.40,0.30
2008.04.22 12:15:53.192,1.6439,1.64405,0.40,0.30
2008.04.22 12:15:53.434,1.6439,1.64405,0.40,0.30
2008.04.22 12:15:53.672,1.6439,1.64405,0.40,0.30
2008.04.22 12:15:53.927,1.6439,1.64405,0.40,0.30
2008.04.22 12:15:54.181,1.6439,1.64405,0.40,0.30
2008.04.22 12:15:54.435,1.6439,1.64405,0.40,0.30
2008.04.22 12:15:54.690,1.6439,1.64405,0.40,0.30
2008.04.22 12:15:54.910,1.6439,1.64405,0.40,0.30
2008.04.22 12:15:55.130,1.6439,1.64405,0.40,0.30
2008.04.22 12:15:55.349,1.6439,1.64405,0.40,0.30
2008.04.22 12:15:55.570,1.6439,1.6441,0.40,0.60
2008.04.22 12:15:55.791,1.6439,1.6441,0.90,0.60
2008.04.22 12:15:56.069,1.6439,1.6441,2.20,0.60
2008.04.22 12:15:56.344,1.6439,1.6441,2.20,0.60
2008.04.22 12:15:56.620,1.6439,1.6441,0.40,0.60
2008.04.22 12:15:56.895,1.6439,1.6441,0.40,0.60
2008.04.22 12:15:57.144,1.6439,1.6441,0.40,0.60
2008.04.22 12:15:57.395,1.6439,1.6441,0.40,0.60
2008.04.22 12:15:57.662,1.6439,1.6441,0.40,0.60
2008.04.22 12:15:57.912,1.6439,1.6441,0.40,0.60
2008.04.22 12:15:58.143,1.6439,1.6441,0.40,0.60
2008.04.22 12:15:58.372,1.6439,1.6441,0.40,0.60
2008.04.22 12:15:58.601,1.6439,1.6441,0.40,0.60
2008.04.22 12:15:58.831,1.6439,1.6441,0.40,0.60
2008.04.22 12:15:59.010,1.6439,1.6441,0.40,0.60
2008.04.22 12:15:59.189,1.6439,1.6441,0.40,0.60
2008.04.22 12:15:59.368,1.6439,1.6441,0.40,0.60
2008.04.22 12:15:59.548,1.6439,1.6441,0.40,0.60
2008.04.22 12:15:59.728,1.6439,1.6441,0.40,0.60
2008.04.22 12:15:59.907,1.6439,1.6441,0.40,0.60
2008.04.22 12:16:00.213,1.6439,1.64405,0.40,0.30
2008.04.22 12:16:00.519,1.6439,1.64405,0.40,0.30
2008.04.22 12:16:00.824,1.6438,1.64405,4.90,0.30
2008.04.22 12:16:01.061,1.6438,1.64405,4.90,0.30
2008.04.22 12:16:01.295,1.6438,1.64405,4.90,0.30
2008.04.22 12:16:01.529,1.64385,1.64405,0.60,0.30
2008.04.22 12:16:01.796,1.6439,1.64405,0.40,0.30
2008.04.22 12:16:02.096,1.6439,1.64405,0.40,0.30
2008.04.22 12:16:02.398,1.6439,1.64405,0.40,0.30
2008.04.22 12:16:02.697,1.6439,1.6441,0.40,0.60
2008.04.22 12:16:02.997,1.6439,1.6441,0.40,0.60
2008.04.22 12:16:03.227,1.6439,1.6441,0.40,0.60
2008.04.22 12:16:03.457,1.6439,1.6441,1.70,0.30
2008.04.22 12:16:03.689,1.6439,1.64415,2.20,0.30
2008.04.22 12:16:03.919,1.6439,1.6441,2.20,0.30
2008.04.22 12:16:04.188,1.644,1.64415,0.40,0.30
2008.04.22 12:16:04.458,1.644,1.64415,0.40,0.30
2008.04.22 12:16:04.728,1.644,1.64415,0.40,0.30
2008.04.22 12:16:04.999,1.644,1.64415,0.40,0.30
2008.04.22 12:16:05.260,1.644,1.64415,0.40,0.30
2008.04.22 12:16:05.530,1.644,1.64415,0.40,0.30
2008.04.22 12:16:05.789,1.644,1.64415,0.40,0.30
2008.04.22 12:16:06.048,1.644,1.6441,0.40,0.30
2008.04.22 12:16:06.310,1.644,1.64415,0.40,0.30
2008.04.22 12:16:06.570,1.644,1.64415,0.40,0.30
2008.04.22 12:16:06.830,1.644,1.64415,0.40,0.30
2008.04.22 12:16:07.091,1.644,1.64415,0.40,0.30
2008.04.22 12:16:07.355,1.644,1.64415,0.40,0.30
2008.04.22 12:16:07.619,1.644,1.64415,0.40,0.30
2008.04.22 12:16:07.892,1.644,1.64415,0.40,0.30
2008.04.22 12:16:08.188,1.644,1.64415,0.40,0.30
2008.04.22 12:16:08.431,1.6439,1.6441,1.70,0.30
2008.04.22 12:16:08.666,1.6439,1.6441,1.60,0.60
2008.04.22 12:16:08.925,1.6439,1.6441,0.60,0.60
2008.04.22 12:16:09.194,1.6439,1.64405,0.20,0.30
2008.04.22 12:16:09.458,1.6439,1.6441,0.60,0.30
2008.04.22 12:16:09.729,1.6439,1.64405,0.60,0.30
2008.04.22 12:16:09.995,1.6439,1.6441,0.20,0.80
2008.04.22 12:16:10.259,1.6439,1.64405,0.20,0.30
2008.04.22 12:16:10.527,1.6439,1.6441,0.80,0.30
2008.04.22 12:16:10.794,1.6439,1.6441,0.80,0.30
2008.04.22 12:16:11.093,1.6439,1.6441,0.60,0.30
2008.04.22 12:16:11.392,1.644,1.6441,0.20,0.30
2008.04.22 12:16:11.628,1.644,1.6441,0.20,0.30
2008.04.22 12:16:11.866,1.6439,1.6441,0.60,0.60
2008.04.22 12:16:12.101,1.6439,1.6441,0.60,0.60
2008.04.22 12:16:12.337,1.6439,1.6441,1.40,0.60
2008.04.22 12:16:12.626,1.6439,1.6441,1.40,0.60
2008.04.22 12:16:12.916,1.6439,1.6441,1.40,0.60
2008.04.22 12:16:13.205,1.6439,1.6441,1.40,0.60
2008.04.22 12:16:13.531,1.6439,1.64405,1.40,0.30
2008.04.22 12:16:13.717,1.6439,1.64395,1.20,0.30
2008.04.22 12:16:13.938,1.6438,1.64395,0.60,0.30
2008.04.22 12:16:14.187,1.6438,1.64395,0.60,0.30
2008.04.22 12:16:14.400,1.6438,1.64395,0.60,0.30
2008.04.22 12:16:14.695,1.6438,1.644,0.60,0.60
2008.04.22 12:16:14.989,1.6438,1.644,0.60,0.60
2008.04.22 12:16:15.312,1.6438,1.644,0.60,0.60
2008.04.22 12:16:15.606,1.6438,1.64395,0.60,0.30
2008.04.22 12:16:15.860,1.6438,1.64395,0.60,0.30
2008.04.22 12:16:16.115,1.6438,1.64395,0.60,0.30
2008.04.22 12:16:16.370,1.6438,1.644,0.60,0.60
2008.04.22 12:16:16.626,1.6438,1.644,0.60,0.60
2008.04.22 12:16:16.833,1.64385,1.644,0.40,0.60
2008.04.22 12:16:17.039,1.64385,1.644,0.40,0.60
2008.04.22 12:16:17.245,1.6438,1.644,5.70,0.30
2008.04.22 12:16:17.451,1.6438,1.644,3.30,0.60
2008.04.22 12:16:17.772,1.64385,1.644,0.40,0.60
2008.04.22 12:16:18.093,1.64385,1.644,0.40,0.60
2008.04.22 12:16:18.412,1.64385,1.644,0.40,0.60
2008.04.22 12:16:18.665,1.64385,1.644,0.40,0.60
2008.04.22 12:16:18.919,1.64385,1.644,0.40,0.60
2008.04.22 12:16:19.173,1.64385,1.644,0.40,0.60
2008.04.22 12:16:19.427,1.64385,1.644,0.40,0.60
2008.04.22 12:16:19.681,1.64385,1.644,0.40,0.60
2008.04.22 12:16:19.907,1.64385,1.644,0.40,0.60
2008.04.22 12:16:20.070,1.64385,1.644,0.40,0.60
2008.04.22 12:16:20.264,1.64385,1.644,0.40,0.60
2008.04.22 12:16:20.458,1.64385,1.644,0.40,0.60
2008.04.22 12:16:20.707,1.64385,1.644,0.40,0.60
2008.04.22 12:16:20.979,1.64385,1.644,0.40,0.60
2008.04.22 12:16:21.258,1.6439,1.64405,0.40,0.30
2008.04.22 12:16:21.478,1.6439,1.644,0.40,0.30
2008.04.22 12:16:21.761,1.6438,1.64395,0.60,0.30
2008.04.22 12:16:22.015,1.6438,1.64395,0.60,0.30
2008.04.22 12:16:22.270,1.6438,1.64395,0.60,0.30
2008.04.22 12:16:22.527,1.6438,1.64395,0.60,0.30
2008.04.22 12:16:22.772,1.6438,1.64395,0.60,0.30
2008.04.22 12:16:23.015,1.6438,1.64395,0.60,0.30
2008.04.22 12:16:23.264,1.6438,1.64395,0.40,0.30
2008.04.22 12:16:23.508,1.6438,1.64395,0.40,0.30
2008.04.22 12:16:23.747,1.6438,1.64395,0.40,0.30
2008.04.22 12:16:23.987,1.6438,1.6439,0.40,0.30
2008.04.22 12:16:24.246,1.6438,1.6439,0.40,0.30
2008.04.22 12:16:24.484,1.6438,1.6439,0.40,0.30
2008.04.22 12:16:24.719,1.6438,1.6439,0.40,0.30
2008.04.22 12:16:24.965,1.6438,1.6439,0.40,0.30
2008.04.22 12:16:25.200,1.6438,1.6439,0.40,0.30
2008.04.22 12:16:25.434,1.6438,1.6439,0.40,0.30
2008.04.22 12:16:25.669,1.6438,1.6439,0.40,0.30
2008.04.22 12:16:25.911,1.6438,1.6439,0.40,0.30
2008.04.22 12:16:26.143,1.6438,1.6439,0.40,0.30
2008.04.22 12:16:26.375,1.6437,1.64385,0.60,0.30
2008.04.22 12:16:26.606,1.6437,1.64385,0.60,0.30
2008.04.22 12:16:26.826,1.6437,1.6439,0.60,0.60
2008.04.22 12:16:27.047,1.6437,1.64385,0.60,0.30
2008.04.22 12:16:27.267,1.6437,1.64385,0.60,0.30
2008.04.22 12:16:27.488,1.6437,1.6439,2.80,0.30
2008.04.22 12:16:27.788,1.6437,1.64395,2.80,0.30
2008.04.22 12:16:28.089,1.6438,1.64395,0.50,0.30
2008.04.22 12:16:28.390,1.6438,1.64395,0.50,0.30
2008.04.22 12:16:28.690,1.6439,1.644,0.40,0.30
2008.04.22 12:16:28.907,1.6439,1.644,0.40,0.30
2008.04.22 12:16:29.121,1.6439,1.644,0.40,0.30
2008.04.22 12:16:29.337,1.6439,1.644,0.40,0.30
2008.04.22 12:16:29.553,1.64375,1.6439,0.40,0.30
2008.04.22 12:16:29.769,1.6438,1.6439,0.40,0.30
2008.04.22 12:16:30.056,1.6438,1.6439,0.40,0.30
2008.04.22 12:16:30.343,1.6438,1.6439,0.40,0.30
2008.04.22 12:16:30.631,1.6437,1.6438,0.40,0.30
2008.04.22 12:16:30.858,1.64365,1.6438,0.40,0.30
2008.04.22 12:16:31.084,1.6437,1.6438,0.40,0.30
2008.04.22 12:16:31.312,1.6436,1.6438,2.50,0.60
2008.04.22 12:16:31.567,1.6437,1.64385,0.40,0.30
2008.04.22 12:16:31.794,1.6437,1.6439,0.50,0.60
2008.04.22 12:16:32.118,1.6437,1.6439,0.50,0.60
2008.04.22 12:16:32.421,1.6438,1.6439,0.40,0.30
2008.04.22 12:16:32.723,1.6438,1.64395,0.40,0.30
2008.04.22 12:16:32.933,1.6438,1.64395,0.40,0.30
2008.04.22 12:16:33.145,1.6438,1.64395,0.40,0.30
2008.04.22 12:16:33.388,1.6438,1.64395,0.40,0.30
2008.04.22 12:16:33.617,1.6438,1.64395,0.40,0.30
2008.04.22 12:16:33.919,1.6438,1.64395,0.40,0.30
2008.04.22 12:16:34.221,1.6438,1.64395,0.40,0.30
2008.04.22 12:16:34.548,1.6438,1.64395,0.40,0.30
2008.04.22 12:16:34.819,1.6438,1.64395,0.40,0.30
2008.04.22 12:16:35.059,1.6438,1.64395,0.40,0.30
2008.04.22 12:16:35.300,1.6438,1.64395,0.40,0.30
2008.04.22 12:16:35.539,1.6438,1.64395,0.40,0.30
2008.04.22 12:16:35.780,1.6438,1.64395,0.80,0.30
2008.04.22 12:16:36.051,1.6439,1.644,0.40,0.30
2008.04.22 12:16:36.294,1.6439,1.64405,0.40,0.30
2008.04.22 12:16:36.535,1.6439,1.6441,0.40,0.60
2008.04.22 12:16:36.773,1.6439,1.6441,0.40,0.60
2008.04.22 12:16:37.100,1.644,1.64415,0.40,0.30
2008.04.22 12:16:37.425,1.644,1.64415,0.40,0.30
2008.04.22 12:16:37.750,1.644,1.6442,0.90,2.60
2008.04.22 12:16:37.991,1.644,1.6442,0.90,2.60
2008.04.22 12:16:38.234,1.644,1.64415,0.80,0.30
2008.04.22 12:16:38.475,1.644,1.6442,0.80,0.60
2008.04.22 12:16:38.744,1.644,1.6442,0.80,0.60
2008.04.22 12:16:39.037,1.644,1.64405,0.60,0.30
2008.04.22 12:16:39.360,1.64385,1.644,0.40,0.30
2008.04.22 12:16:39.681,1.64385,1.64395,0.40,0.30
2008.04.22 12:16:40.037,1.6438,1.64385,1.20,0.30
2008.04.22 12:16:40.295,1.6437,1.6439,1.90,0.30
2008.04.22 12:16:40.551,1.6438,1.6439,0.40,0.30
2008.04.22 12:16:40.806,1.6438,1.6439,0.40,0.30
2008.04.22 12:16:41.072,1.6439,1.64405,0.40,0.60
2008.04.22 12:16:41.336,1.6439,1.64405,0.40,0.30
2008.04.22 12:16:41.601,1.6439,1.6441,0.50,0.80
2008.04.22 12:16:41.866,1.6439,1.6441,1.80,0.30
2008.04.22 12:16:42.137,1.6439,1.6441,0.50,0.30
2008.04.22 12:16:42.407,1.644,1.6441,0.40,0.50
2008.04.22 12:16:42.678,1.6439,1.6441,2.20,3.70
2008.04.22 12:16:42.949,1.64385,1.64405,0.80,0.30
2008.04.22 12:16:43.159,1.6438,1.644,0.40,0.30
2008.04.22 12:16:43.368,1.6438,1.644,1.20,0.60
2008.04.22 12:16:43.580,1.64375,1.6439,0.40,0.30
2008.04.22 12:16:43.825,1.6437,1.64385,0.40,0.30
2008.04.22 12:16:44.037,1.64365,1.64385,0.40,0.30
2008.04.22 12:16:44.374,1.6436,1.6438,2.70,0.30
2008.04.22 12:16:44.712,1.6436,1.6438,2.40,0.30
2008.04.22 12:16:45.050,1.6436,1.6438,0.40,0.30
2008.04.22 12:16:45.314,1.64355,1.6438,0.60,0.60
2008.04.22 12:16:45.550,1.6436,1.6438,0.40,0.80
2008.04.22 12:16:45.785,1.6436,1.6438,0.60,0.50
2008.04.22 12:16:46.028,1.64355,1.6438,0.60,0.80
2008.04.22 12:16:46.332,1.64355,1.6438,0.60,0.60
2008.04.22 12:16:46.637,1.64355,1.6438,0.60,0.80
2008.04.22 12:16:46.944,1.64355,1.6438,0.60,0.80
2008.04.22 12:16:47.247,1.64355,1.6438,0.60,0.80
2008.04.22 12:16:47.521,1.64355,1.6438,0.60,0.80
2008.04.22 12:16:47.798,1.64355,1.6438,0.60,0.80
2008.04.22 12:16:48.073,1.64355,1.6438,0.60,0.60
2008.04.22 12:16:48.289,1.6435,1.6437,2.20,0.60
2008.04.22 12:16:48.504,1.6435,1.6437,0.40,0.60
2008.04.22 12:16:48.721,1.6435,1.6437,2.20,0.30
2008.04.22 12:16:48.937,1.6435,1.6437,0.90,0.30
2008.04.22 12:16:49.152,1.64355,1.6437,0.60,0.30
2008.04.22 12:16:49.494,1.6436,1.64375,0.40,0.30
2008.04.22 12:16:49.804,1.64355,1.6437,0.60,0.30
2008.04.22 12:16:50.119,1.6436,1.64375,0.40,0.30
2008.04.22 12:16:50.346,1.6435,1.6437,0.90,0.30
2008.04.22 12:16:50.577,1.6436,1.64375,0.40,0.30
2008.04.22 12:16:50.805,1.6436,1.64375,0.40,0.30
2008.04.22 12:16:51.036,1.6436,1.64375,0.40,0.30
2008.04.22 12:16:51.350,1.64355,1.6437,0.60,0.30
2008.04.22 12:16:51.642,1.6435,1.64375,5.70,0.30
2008.04.22 12:16:51.934,1.6436,1.6438,0.40,0.60
2008.04.22 12:16:52.226,1.6436,1.6438,0.90,0.60
2008.04.22 12:16:52.496,1.6436,1.6438,0.90,0.60
2008.04.22 12:16:52.796,1.6436,1.6438,0.90,0.60
2008.04.22 12:16:53.063,1.6436,1.6438,3.30,0.60
2008.04.22 12:16:53.302,1.6437,1.64385,0.40,0.30
2008.04.22 12:16:53.573,1.6437,1.64385,0.40,0.30
2008.04.22 12:16:53.838,1.6437,1.64385,0.40,0.30
2008.04.22 12:16:54.103,1.6437,1.64385,0.40,0.30
2008.04.22 12:16:54.352,1.6437,1.64385,0.40,0.30
2008.04.22 12:16:54.571,1.6437,1.64385,0.40,0.30
2008.04.22 12:16:54.790,1.6437,1.6439,0.90,6.10
2008.04.22 12:16:55.011,1.6437,1.6439,0.90,0.60
2008.04.22 12:16:55.230,1.6437,1.6439,1.20,0.60
2008.04.22 12:16:55.485,1.6437,1.6439,1.20,0.60
2008.04.22 12:16:55.745,1.6437,1.6439,1.20,0.60
2008.04.22 12:16:56.032,1.64375,1.6439,0.60,0.30
2008.04.22 12:16:56.299,1.6438,1.64395,0.40,0.30
2008.04.22 12:16:56.542,1.6438,1.64395,0.40,0.30
2008.04.22 12:16:56.793,1.6437,1.6439,2.80,0.30
2008.04.22 12:16:57.071,1.64375,1.6439,0.60,0.30
2008.04.22 12:16:57.356,1.6438,1.64395,0.40,0.30
2008.04.22 12:16:57.623,1.6438,1.64395,0.40,0.30
2008.04.22 12:16:57.894,1.64375,1.6439,0.60,0.30
2008.04.22 12:16:58.160,1.6438,1.64395,0.40,0.30
2008.04.22 12:16:58.414,1.6437,1.6439,2.50,0.60
2008.04.22 12:16:58.668,1.64375,1.6439,0.60,0.30
2008.04.22 12:16:58.922,1.64375,1.64395,0.90,0.40
2008.04.22 12:16:59.176,1.64375,1.64395,0.40,0.30
2008.04.22 12:16:59.473,1.64395,1.6441,0.60,12.30
2008.04.22 12:16:59.755,1.6439,1.644,0.60,0.40
2008.04.22 12:17:00.020,1.6439,1.6441,0.40,3.20
2008.04.22 12:17:00.290,1.644,1.6442,0.90,5.30
2008.04.22 12:17:00.570,1.644,1.6442,0.90,3.20
2008.04.22 12:17:00.882,1.64395,1.6442,0.60,0.60
2008.04.22 12:17:01.165,1.6439,1.6441,2.20,1.00
2008.04.22 12:17:01.446,1.6439,1.6441,0.90,1.30
2008.04.22 12:17:01.723,1.6439,1.64405,0.40,0.30
2008.04.22 12:17:01.998,1.64385,1.644,0.40,0.60
2008.04.22 12:17:02.275,1.6439,1.64405,0.40,0.30
2008.04.22 12:17:02.513,1.6439,1.64405,0.40,0.30
2008.04.22 12:17:02.748,1.6439,1.64405,0.40,0.30
2008.04.22 12:17:02.982,1.6439,1.64405,0.40,0.30
2008.04.22 12:17:03.217,1.6439,1.64405,0.40,0.30
2008.04.22 12:17:03.453,1.6439,1.644,0.40,0.30
2008.04.22 12:17:03.760,1.64385,1.644,0.60,1.00
2008.04.22 12:17:04.087,1.6438,1.644,2.20,0.30
2008.04.22 12:17:04.394,1.6438,1.644,2.50,0.30
2008.04.22 12:17:04.635,1.6439,1.64405,0.40,0.30
2008.04.22 12:17:04.876,1.6439,1.64405,0.40,0.30
2008.04.22 12:17:05.115,1.6439,1.64405,0.40,0.30
2008.04.22 12:17:05.357,1.6439,1.64405,0.40,0.30
2008.04.22 12:17:05.627,1.6439,1.64405,0.40,0.30
2008.04.22 12:17:05.934,1.6439,1.64405,0.40,0.30
2008.04.22 12:17:06.209,1.6439,1.6441,0.90,6.90
2008.04.22 12:17:06.488,1.6439,1.64405,0.40,0.30
2008.04.22 12:17:06.772,1.6439,1.64405,0.40,0.30
2008.04.22 12:17:07.059,1.6439,1.64405,0.40,0.30
2008.04.22 12:17:07.344,1.6439,1.6441,0.40,6.40
2008.04.22 12:17:07.571,1.6439,1.64405,0.40,0.30
2008.04.22 12:17:07.796,1.6439,1.64405,0.40,0.30
2008.04.22 12:17:08.022,1.6439,1.6441,0.40,6.10
2008.04.22 12:17:08.248,1.6439,1.6441,1.70,5.80
2008.04.22 12:17:08.474,1.64395,1.6441,0.60,0.30
2008.04.22 12:17:08.791,1.644,1.6441,0.90,0.30
2008.04.22 12:17:09.106,1.64405,1.6442,0.60,0.30
2008.04.22 12:17:09.438,1.644,1.6442,1.20,1.80
2008.04.22 12:17:09.676,1.644,1.6442,1.20,1.80
2008.04.22 12:17:09.893,1.64405,1.6442,0.90,1.60
2008.04.22 12:17:10.112,1.6441,1.6442,0.40,1.60
2008.04.22 12:17:10.328,1.64415,1.6444,0.60,8.00
2008.04.22 12:17:10.542,1.64415,1.6444,0.90,1.60
2008.04.22 12:17:10.869,1.6442,1.6444,0.60,1.00
2008.04.22 12:17:11.195,1.6442,1.6444,0.90,0.60
2008.04.22 12:17:11.530,1.6442,1.6444,1.20,0.60
2008.04.22 12:17:11.765,1.64425,1.6444,0.40,0.60
2008.04.22 12:17:12.002,1.64425,1.6444,0.40,0.60
2008.04.22 12:17:12.240,1.6442,1.6444,3.80,0.80
2008.04.22 12:17:12.476,1.6443,1.64435,0.40,0.30
2008.04.22 12:17:12.772,1.64425,1.6444,0.60,0.30
2008.04.22 12:17:13.112,1.6442,1.6444,0.90,0.30
2008.04.22 12:17:13.407,1.6442,1.6444,2.20,0.30
2008.04.22 12:17:13.702,1.6442,1.6444,0.90,0.30
2008.04.22 12:17:13.973,1.6442,1.6444,2.20,0.30
2008.04.22 12:17:14.242,1.6442,1.6444,2.20,0.30
2008.04.22 12:17:14.512,1.6442,1.6444,2.50,0.30
2008.04.22 12:17:14.768,1.6442,1.6444,2.20,0.30
2008.04.22 12:17:15.041,1.6442,1.6444,2.50,0.30
2008.04.22 12:17:15.324,1.6442,1.6444,2.50,0.30
2008.04.22 12:17:15.579,1.6442,1.6444,2.50,0.30
2008.04.22 12:17:15.822,1.6442,1.6444,2.50,0.30
2008.04.22 12:17:16.067,1.6442,1.6444,2.50,0.60
2008.04.22 12:17:16.313,1.6442,1.6444,2.50,0.60
2008.04.22 12:17:16.558,1.6442,1.6444,2.50,0.30
2008.04.22 12:17:16.825,1.6443,1.6444,0.40,0.30
2008.04.22 12:17:17.090,1.6443,1.6444,0.40,0.30
2008.04.22 12:17:17.355,1.6443,1.6444,0.60,0.30
2008.04.22 12:17:17.618,1.6443,1.64445,0.60,0.30
2008.04.22 12:17:17.873,1.6443,1.64445,0.60,0.30
2008.04.22 12:17:18.127,1.6443,1.64445,0.60,0.30
2008.04.22 12:17:18.383,1.6443,1.64445,0.60,0.30
2008.04.22 12:17:18.637,1.6443,1.6445,0.60,0.80
2008.04.22 12:17:18.907,1.64435,1.6445,0.40,0.80
2008.04.22 12:17:19.201,1.64435,1.6445,0.40,0.80
2008.04.22 12:17:19.465,1.64435,1.6445,0.40,0.80
2008.04.22 12:17:19.730,1.6443,1.64435,0.60,0.30
2008.04.22 12:17:20.002,1.64435,1.6444,0.40,0.40
2008.04.22 12:17:20.219,1.6443,1.6445,0.40,8.80
2008.04.22 12:17:20.464,1.64435,1.6445,0.90,2.90
2008.04.22 12:17:20.709,1.64435,1.64455,0.40,0.30
2008.04.22 12:17:20.999,1.64435,1.6445,0.40,0.60
2008.04.22 12:17:21.318,1.64435,1.6446,0.90,11.20
2008.04.22 12:17:21.609,1.64435,1.6445,0.90,0.30
2008.04.22 12:17:21.898,1.64435,1.6445,0.90,0.30
2008.04.22 12:17:22.181,1.64435,1.6445,0.90,0.30
2008.04.22 12:17:22.467,1.64435,1.6445,0.90,0.30
2008.04.22 12:17:22.752,1.6444,1.6445,0.60,0.30
2008.04.22 12:17:23.022,1.64435,1.64455,0.40,0.30
2008.04.22 12:17:23.274,1.6443,1.6445,1.20,0.60
2008.04.22 12:17:23.523,1.6443,1.6445,1.20,0.60
2008.04.22 12:17:23.772,1.64435,1.6445,0.60,0.30
2008.04.22 12:17:24.064,1.64435,1.6445,0.60,1.00
2008.04.22 12:17:24.383,1.64435,1.6445,0.90,0.80
2008.04.22 12:17:24.671,1.6444,1.6445,0.60,0.80
2008.04.22 12:17:24.962,1.6444,1.6445,0.60,0.80
2008.04.22 12:17:25.222,1.6444,1.6445,0.60,0.80
2008.04.22 12:17:25.483,1.6444,1.6445,0.60,0.80
2008.04.22 12:17:25.743,1.64435,1.6445,0.90,0.80
2008.04.22 12:17:25.999,1.64435,1.6445,0.90,1.00
2008.04.22 12:17:26.273,1.64435,1.6445,0.90,1.00
2008.04.22 12:17:26.529,1.64435,1.6445,0.90,1.00
2008.04.22 12:17:26.782,1.64435,1.6445,0.90,1.00
2008.04.22 12:17:27.037,1.64435,1.6445,0.90,1.00
2008.04.22 12:17:27.291,1.64435,1.6445,0.90,1.00
2008.04.22 12:17:27.545,1.64435,1.6445,0.90,1.00
2008.04.22 12:17:27.800,1.64435,1.6445,0.90,1.00
2008.04.22 12:17:28.065,1.64435,1.6445,0.90,0.80
2008.04.22 12:17:28.353,1.6444,1.6446,0.40,0.80
2008.04.22 12:17:28.621,1.6444,1.6445,0.40,0.30
2008.04.22 12:17:28.888,1.6444,1.6446,0.40,0.80
2008.04.22 12:17:29.149,1.6444,1.6446,1.20,0.50
2008.04.22 12:17:29.409,1.6444,1.6446,1.20,0.30
2008.04.22 12:17:29.668,1.6444,1.6446,1.20,0.30
2008.04.22 12:17:29.929,1.6444,1.6446,1.20,0.30
2008.04.22 12:17:30.205,1.6444,1.6446,0.40,1.30
2008.04.22 12:17:30.480,1.6444,1.6446,0.40,1.60
2008.04.22 12:17:30.754,1.6444,1.6445,0.40,0.30
2008.04.22 12:17:31.044,1.6444,1.6446,0.40,0.80
2008.04.22 12:17:31.276,1.6444,1.6446,0.40,0.80
2008.04.22 12:17:31.512,1.6444,1.6446,0.40,0.80
2008.04.22 12:17:31.748,1.64445,1.6446,0.60,0.50
2008.04.22 12:17:31.986,1.6444,1.64465,1.20,0.30
2008.04.22 12:17:32.288,1.6444,1.64465,1.20,0.60
2008.04.22 12:17:32.621,1.6444,1.64455,0.40,0.60
2008.04.22 12:17:32.924,1.64435,1.64455,0.90,0.60
2008.04.22 12:17:33.203,1.6443,1.6445,1.90,1.30
2008.04.22 12:17:33.495,1.64425,1.6444,0.90,0.30
2008.04.22 12:17:33.789,1.64425,1.6444,0.90,0.30
2008.04.22 12:17:34.081,1.64425,1.6444,0.90,0.30
2008.04.22 12:17:34.353,1.64425,1.6444,0.90,0.30
2008.04.22 12:17:34.631,1.64425,1.6444,0.90,0.30
2008.04.22 12:17:34.881,1.64425,1.6444,0.90,0.30
2008.04.22 12:17:35.131,1.64425,1.6444,0.90,0.30
2008.04.22 12:17:35.362,1.64425,1.6444,0.90,0.30
2008.04.22 12:17:35.592,1.6443,1.6445,0.40,7.20
2008.04.22 12:17:35.822,1.6443,1.6445,0.60,6.90
2008.04.22 12:17:36.052,1.6443,1.6445,0.60,6.90
2008.04.22 12:17:36.316,1.6443,1.6445,0.60,6.90
2008.04.22 12:17:36.619,1.6443,1.6445,0.60,6.90
2008.04.22 12:17:36.917,1.64425,1.6444,0.40,0.30
2008.04.22 12:17:37.181,1.64425,1.6444,0.40,0.60
2008.04.22 12:17:37.431,1.64425,1.6444,0.40,0.60
2008.04.22 12:17:37.680,1.6442,1.6444,1.20,0.60
2008.04.22 12:17:37.930,1.6442,1.6444,1.20,0.60
2008.04.22 12:17:38.179,1.6442,1.6444,1.20,0.60
2008.04.22 12:17:38.409,1.6442,1.6444,1.20,0.60
2008.04.22 12:17:38.633,1.64425,1.6444,0.60,0.30
2008.04.22 12:17:38.859,1.6442,1.6444,0.60,0.30
2008.04.22 12:17:39.084,1.6442,1.6444,0.60,0.30
2008.04.22 12:17:39.355,1.6442,1.6444,0.60,0.30
2008.04.22 12:17:39.625,1.6442,1.6444,0.60,0.30
2008.04.22 12:17:39.906,1.64415,1.6444,0.90,1.30
2008.04.22 12:17:40.207,1.64415,1.6444,0.90,1.30
2008.04.22 12:17:40.467,1.64415,1.6444,0.90,1.60
2008.04.22 12:17:40.695,1.64415,1.6444,0.90,1.60
2008.04.22 12:17:40.925,1.64415,1.6444,0.90,1.60
2008.04.22 12:17:41.157,1.64415,1.6444,0.90,1.60
2008.04.22 12:17:41.416,1.64415,1.6444,0.90,1.60
2008.04.22 12:17:41.676,1.64415,1.6444,0.90,1.60
2008.04.22 12:17:41.936,1.64415,1.6444,0.90,1.60
2008.04.22 12:17:42.210,1.64415,1.6444,0.90,1.60
2008.04.22 12:17:42.472,1.64415,1.6444,0.90,7.20
2008.04.22 12:17:42.732,1.64415,1.6444,0.90,7.20
2008.04.22 12:17:42.991,1.64415,1.6444,0.90,7.20
2008.04.22 12:17:43.220,1.64415,1.6444,0.90,7.20
2008.04.22 12:17:43.480,1.64415,1.6444,0.90,7.20
2008.04.22 12:17:43.739,1.64415,1.6444,0.90,7.20
2008.04.22 12:17:43.999,1.64415,1.64435,0.40,0.30
2008.04.22 12:17:44.259,1.64415,1.6443,0.40,0.30
2008.04.22 12:17:44.484,1.64415,1.6443,0.40,0.30
2008.04.22 12:17:44.712,1.64415,1.6443,0.40,0.30
2008.04.22 12:17:44.937,1.64415,1.6443,0.40,0.30
2008.04.22 12:17:45.162,1.64415,1.6443,0.40,0.30
2008.04.22 12:17:45.386,1.64415,1.6443,0.40,0.30
2008.04.22 12:17:45.620,1.64415,1.6443,0.40,0.30
2008.04.22 12:17:45.855,1.64415,1.6443,0.40,1.00
2008.04.22 12:17:46.090,1.64415,1.6443,0.40,1.30
2008.04.22 12:17:46.329,1.6441,1.6442,0.40,0.30
2008.04.22 12:17:46.545,1.644,1.6442,0.40,0.60
2008.04.22 12:17:46.761,1.6439,1.6441,2.20,0.80
2008.04.22 12:17:46.976,1.6439,1.64395,0.40,0.30
2008.04.22 12:17:47.192,1.6438,1.64395,1.60,0.30
2008.04.22 12:17:47.407,1.6437,1.6438,0.40,0.30
2008.04.22 12:17:47.727,1.6436,1.6438,6.20,0.60
2008.04.22 12:17:47.988,1.6436,1.6438,4.90,1.30
2008.04.22 12:17:48.278,1.64355,1.6437,0.60,1.00
2008.04.22 12:17:48.543,1.6435,1.6437,1.10,1.30
2008.04.22 12:17:48.808,1.6435,1.64365,0.40,0.30
2008.04.22 12:17:49.077,1.6435,1.64365,0.40,0.30
2008.04.22 12:17:49.362,1.6433,1.64355,9.70,0.30
2008.04.22 12:17:49.629,1.6434,1.6435,1.20,0.30
2008.04.22 12:17:49.894,1.6433,1.6435,2.20,0.60
2008.04.22 12:17:50.160,1.64335,1.6435,0.60,0.30
2008.04.22 12:17:50.459,1.6433,1.6435,0.90,0.30
2008.04.22 12:17:50.744,1.64335,1.6435,0.60,0.30
2008.04.22 12:17:51.030,1.64335,1.6435,0.60,0.30
2008.04.22 12:17:51.314,1.6433,1.6435,2.50,0.30
2008.04.22 12:17:51.555,1.6433,1.6435,0.40,0.60
2008.04.22 12:17:51.795,1.64325,1.6435,0.90,0.60
2008.04.22 12:17:52.035,1.64325,1.64345,0.90,0.30
2008.04.22 12:17:52.276,1.6432,1.6434,1.20,0.30
2008.04.22 12:17:52.585,1.64325,1.6434,0.60,0.30
2008.04.22 12:17:52.925,1.64325,1.6434,0.90,0.30
2008.04.22 12:17:53.236,1.6433,1.6435,0.40,5.60
2008.04.22 12:17:53.547,1.6433,1.6435,0.40,6.40
2008.04.22 12:17:53.792,1.6433,1.64345,0.60,0.30
2008.04.22 12:17:54.038,1.6433,1.6435,0.40,0.60
2008.04.22 12:17:54.300,1.64335,1.6435,0.90,0.30
2008.04.22 12:17:54.585,1.64335,1.6436,0.90,4.00
2008.04.22 12:17:54.872,1.6434,1.6436,0.60,0.30
2008.04.22 12:17:55.158,1.6434,1.6436,0.60,0.60
2008.04.22 12:17:55.443,1.6434,1.6436,0.60,0.60
2008.04.22 12:17:55.712,1.6434,1.6436,1.20,0.30
2008.04.22 12:17:55.981,1.6434,1.6436,1.20,0.30
2008.04.22 12:17:56.276,1.64345,1.6437,0.60,8.00
2008.04.22 12:17:56.495,1.64345,1.6437,0.90,7.70
2008.04.22 12:17:56.715,1.64345,1.6437,0.90,7.70
2008.04.22 12:17:56.943,1.64345,1.6437,0.90,6.90
2008.04.22 12:17:57.163,1.64345,1.6437,0.90,7.70
2008.04.22 12:17:57.383,1.64345,1.6437,0.90,7.70
2008.04.22 12:17:57.657,1.64345,1.64365,0.40,0.30
2008.04.22 12:17:57.932,1.64345,1.6436,0.40,0.30
2008.04.22 12:17:58.206,1.64345,1.6436,0.40,0.30
2008.04.22 12:17:58.481,1.64345,1.6436,0.40,0.30
2008.04.22 12:17:58.722,1.64345,1.6436,0.90,0.30
2008.04.22 12:17:58.989,1.64345,1.64365,0.40,0.30
2008.04.22 12:17:59.260,1.64345,1.6436,0.40,0.30
2008.04.22 12:17:59.499,1.64345,1.6436,0.40,0.30
2008.04.22 12:17:59.743,1.64345,1.6436,0.40,0.30
2008.04.22 12:17:59.986,1.64345,1.6436,0.40,0.30
2008.04.22 12:18:00.262,1.64345,1.6436,0.90,0.30
2008.04.22 12:18:00.505,1.6435,1.6436,0.60,0.30
2008.04.22 12:18:00.740,1.6435,1.6437,0.90,9.60
2008.04.22 12:18:00.975,1.64345,1.6436,0.90,0.30
2008.04.22 12:18:01.210,1.6435,1.6437,0.40,9.60
2008.04.22 12:18:01.447,1.6435,1.6437,0.40,7.20
2008.04.22 12:18:01.698,1.6435,1.6437,0.40,6.40
2008.04.22 12:18:01.948,1.6435,1.6437,0.40,6.60
2008.04.22 12:18:02.197,1.6435,1.6437,0.90,6.40
2008.04.22 12:18:02.447,1.6435,1.6437,2.20,6.40
2008.04.22 12:18:02.697,1.6435,1.6437,2.20,6.40
2008.04.22 12:18:02.972,1.6435,1.6437,2.20,6.40
2008.04.22 12:18:03.247,1.6435,1.6437,2.20,6.40
2008.04.22 12:18:03.548,1.6435,1.6437,2.20,6.40
2008.04.22 12:18:03.744,1.6435,1.6437,2.20,6.40
2008.04.22 12:18:03.970,1.6435,1.6437,2.20,6.40
2008.04.22 12:18:04.194,1.6435,1.6437,2.20,6.40
2008.04.22 12:18:04.419,1.6435,1.64365,0.40,0.30
2008.04.22 12:18:04.671,1.6435,1.64365,0.40,0.30
2008.04.22 12:18:04.927,1.6435,1.6436,0.60,0.30
2008.04.22 12:18:05.183,1.6435,1.6436,0.40,0.80
2008.04.22 12:18:05.438,1.6435,1.6436,0.40,0.80
2008.04.22 12:18:05.694,1.6435,1.6436,0.40,0.80
2008.04.22 12:18:05.985,1.6435,1.6436,0.40,0.80
2008.04.22 12:18:06.248,1.6435,1.6436,0.40,0.80
2008.04.22 12:18:06.546,1.6435,1.6436,0.40,0.80
2008.04.22 12:18:06.832,1.6434,1.6436,1.20,1.00
2008.04.22 12:18:07.081,1.6434,1.6436,0.60,1.30
2008.04.22 12:18:07.322,1.64345,1.6436,0.60,1.00
2008.04.22 12:18:07.584,1.6434,1.6436,1.20,1.00
2008.04.22 12:18:07.825,1.6434,1.6436,1.20,1.00
2008.04.22 12:18:08.117,1.6434,1.6436,1.20,1.00
2008.04.22 12:18:08.406,1.6434,1.6436,1.20,1.00
2008.04.22 12:18:08.696,1.6434,1.6436,0.60,0.60
2008.04.22 12:18:08.941,1.6434,1.6436,1.20,0.30
2008.04.22 12:18:09.187,1.64345,1.6436,0.40,0.30
2008.04.22 12:18:09.433,1.6434,1.6436,2.50,0.60
2008.04.22 12:18:09.678,1.6434,1.6436,1.20,0.30
2008.04.22 12:18:09.963,1.6434,1.64365,1.20,0.30
2008.04.22 12:18:10.269,1.6434,1.64365,0.90,0.30
2008.04.22 12:18:10.555,1.6434,1.64365,0.90,0.30
2008.04.22 12:18:10.845,1.6434,1.64365,1.20,0.30
2008.04.22 12:18:11.121,1.6434,1.64365,1.20,0.30
2008.04.22 12:18:11.395,1.6434,1.64365,1.20,0.30
2008.04.22 12:18:11.700,1.6434,1.6436,0.90,0.80
2008.04.22 12:18:11.964,1.6434,1.64355,0.40,0.30
2008.04.22 12:18:12.220,1.6434,1.64355,0.40,0.30
2008.04.22 12:18:12.467,1.6434,1.64355,0.40,0.30
2008.04.22 12:18:12.733,1.6434,1.64355,0.40,0.30
2008.04.22 12:18:12.932,1.6434,1.64355,0.40,0.30
2008.04.22 12:18:13.198,1.6434,1.64355,0.40,0.30
2008.04.22 12:18:13.463,1.6434,1.64355,0.40,0.30
2008.04.22 12:18:13.728,1.6434,1.64355,0.40,0.30
2008.04.22 12:18:14.004,1.6434,1.6436,0.40,1.30
2008.04.22 12:18:14.264,1.6434,1.6436,0.40,1.30
2008.04.22 12:18:14.493,1.6434,1.6436,0.40,1.30
2008.04.22 12:18:14.723,1.6434,1.6436,0.40,1.30
2008.04.22 12:18:14.952,1.6434,1.6436,0.40,1.30
2008.04.22 12:18:15.201,1.6434,1.6436,0.40,1.30
2008.04.22 12:18:15.451,1.64335,1.6435,0.60,0.30
2008.04.22 12:18:15.704,1.6433,1.6435,1.20,0.30
2008.04.22 12:18:15.953,1.6433,1.6435,1.20,0.30
2008.04.22 12:18:16.181,1.6433,1.6435,1.20,0.30
2008.04.22 12:18:16.397,1.6433,1.6435,1.20,0.30
2008.04.22 12:18:16.611,1.6433,1.6435,1.20,0.30
2008.04.22 12:18:16.826,1.6433,1.6435,1.20,0.30
2008.04.22 12:18:17.073,1.6433,1.64355,1.20,0.60
2008.04.22 12:18:17.309,1.6434,1.64355,0.60,0.40
2008.04.22 12:18:17.543,1.64335,1.6435,0.90,0.30
2008.04.22 12:18:17.777,1.64335,1.6435,0.90,0.30
2008.04.22 12:18:18.013,1.64335,1.6435,0.90,0.30
2008.04.22 12:18:18.267,1.64335,1.6435,0.90,0.30
2008.04.22 12:18:18.545,1.64335,1.6435,0.90,0.30
2008.04.22 12:18:18.799,1.64335,1.6435,0.90,0.30
2008.04.22 12:18:19.053,1.64335,1.6435,0.90,0.30
2008.04.22 12:18:19.258,1.64335,1.6435,0.90,0.30
2008.04.22 12:18:19.473,1.64335,1.6435,0.90,0.30
2008.04.22 12:18:19.694,1.6434,1.6436,0.40,7.20
2008.04.22 12:18:19.929,1.6434,1.6436,0.40,6.90
2008.04.22 12:18:20.133,1.6434,1.6436,0.40,1.30
2008.04.22 12:18:20.432,1.6434,1.6436,0.40,1.30
2008.04.22 12:18:20.742,1.6434,1.6436,0.40,1.30
2008.04.22 12:18:21.054,1.6434,1.6436,0.40,1.30
2008.04.22 12:18:21.254,1.6434,1.6436,0.40,1.30
2008.04.22 12:18:21.463,1.6434,1.6436,0.40,1.30
2008.04.22 12:18:21.695,1.6434,1.64355,0.40,0.30
2008.04.22 12:18:21.934,1.6433,1.6435,2.50,0.30
2008.04.22 12:18:22.115,1.6433,1.6435,1.20,0.30
2008.04.22 12:18:22.369,1.64335,1.6435,0.60,0.30
2008.04.22 12:18:22.624,1.6433,1.6435,1.20,0.30
2008.04.22 12:18:22.878,1.6433,1.6435,1.20,0.30
2008.04.22 12:18:23.134,1.6433,1.6435,1.20,0.30
2008.04.22 12:18:23.413,1.6433,1.6435,1.20,0.30
2008.04.22 12:18:23.674,1.6433,1.6435,1.20,0.30
2008.04.22 12:18:23.935,1.6433,1.6435,1.20,0.30
2008.04.22 12:18:24.194,1.6433,1.6435,1.20,0.30
2008.04.22 12:18:24.414,1.6433,1.6435,1.20,0.30
2008.04.22 12:18:24.634,1.6433,1.6435,1.20,0.30
2008.04.22 12:18:24.852,1.6433,1.6435,1.20,0.30
2008.04.22 12:18:25.071,1.6433,1.6435,1.20,0.30
2008.04.22 12:18:25.290,1.6433,1.6435,1.20,0.30
2008.04.22 12:18:25.514,1.6433,1.6435,1.20,0.30
2008.04.22 12:18:25.738,1.6433,1.6435,1.20,0.30
2008.04.22 12:18:25.963,1.6433,1.6435,1.20,0.30
2008.04.22 12:18:26.187,1.6433,1.6435,1.20,0.30
2008.04.22 12:18:26.387,1.6433,1.64355,1.20,0.30
2008.04.22 12:18:26.606,1.6433,1.64355,1.20,0.30
2008.04.22 12:18:26.807,1.6433,1.64355,1.20,0.30
2008.04.22 12:18:27.006,1.6433,1.64355,1.20,0.30
2008.04.22 12:18:27.206,1.6433,1.64355,1.20,0.30
2008.04.22 12:18:27.502,1.6433,1.64355,1.20,0.30
2008.04.22 12:18:27.797,1.64335,1.6436,0.60,1.60
2008.04.22 12:18:28.091,1.6434,1.6436,0.40,1.60
2008.04.22 12:18:28.326,1.64335,1.6436,0.90,1.30
2008.04.22 12:18:28.570,1.64335,1.6436,0.90,1.60
2008.04.22 12:18:28.815,1.64335,1.6436,0.90,1.60
2008.04.22 12:18:29.061,1.64335,1.6436,0.90,1.60
2008.04.22 12:18:29.306,1.64335,1.6436,0.90,1.60
2008.04.22 12:18:29.544,1.64335,1.6436,0.90,1.60
2008.04.22 12:18:29.725,1.64335,1.6436,0.90,1.60
2008.04.22 12:18:29.934,1.64335,1.6436,0.90,1.60
2008.04.22 12:18:30.144,1.64335,1.6436,0.90,1.60
2008.04.22 12:18:30.352,1.64335,1.6436,0.90,1.60
2008.04.22 12:18:30.542,1.64335,1.6436,0.90,1.60
2008.04.22 12:18:30.731,1.64335,1.6436,0.90,1.60
2008.04.22 12:18:30.920,1.64335,1.6436,0.90,1.60
2008.04.22 12:18:31.109,1.64335,1.6436,0.90,1.60
2008.04.22 12:18:31.298,1.64335,1.6436,0.90,1.60
2008.04.22 12:18:31.522,1.64335,1.6436,0.90,1.60
2008.04.22 12:18:31.745,1.64335,1.6436,0.90,1.60
2008.04.22 12:18:31.991,1.64335,1.6436,0.90,1.60
2008.04.22 12:18:32.215,1.64335,1.6436,0.90,1.60
2008.04.22 12:18:32.440,1.64335,1.6436,0.90,1.60
2008.04.22 12:18:32.647,1.6435,1.6436,0.60,0.50
2008.04.22 12:18:32.853,1.64345,1.6437,0.60,3.00
2008.04.22 12:18:33.060,1.64345,1.6437,0.60,0.60
2008.04.22 12:18:33.265,1.6435,1.6437,0.90,0.60
2008.04.22 12:18:33.469,1.6435,1.6437,0.90,0.70
2008.04.22 12:18:33.789,1.6435,1.6437,0.40,0.70
2008.04.22 12:18:34.131,1.6435,1.6437,0.40,0.70
2008.04.22 12:18:34.461,1.6435,1.6437,0.40,0.70
2008.04.22 12:18:34.706,1.6435,1.6437,0.90,0.60
2008.04.22 12:18:34.911,1.6435,1.6437,0.90,0.60
2008.04.22 12:18:35.120,1.6435,1.6437,0.90,0.60
2008.04.22 12:18:35.336,1.6435,1.6437,0.90,0.60
2008.04.22 12:18:35.607,1.6435,1.6437,0.90,0.60
2008.04.22 12:18:35.848,1.6435,1.6437,0.90,0.60
2008.04.22 12:18:36.088,1.6435,1.6437,0.40,0.60
2008.04.22 12:18:36.329,1.6435,1.6437,0.40,0.60
2008.04.22 12:18:36.569,1.6435,1.6437,0.40,0.60
2008.04.22 12:18:36.819,1.6435,1.6437,0.40,0.60
2008.04.22 12:18:37.068,1.6435,1.6437,0.40,0.60
2008.04.22 12:18:37.317,1.6435,1.6437,0.40,0.60
2008.04.22 12:18:37.566,1.64345,1.6437,0.90,6.90
2008.04.22 12:18:37.777,1.64345,1.6437,0.90,7.20
2008.04.22 12:18:37.986,1.64345,1.6437,0.90,7.20
2008.04.22 12:18:38.195,1.64345,1.6437,0.90,7.20
2008.04.22 12:18:38.403,1.64345,1.6437,0.90,7.20
2008.04.22 12:18:38.613,1.64345,1.6437,0.90,6.40
2008.04.22 12:18:38.827,1.64345,1.6437,0.90,6.40
2008.04.22 12:18:39.043,1.64345,1.6437,0.90,6.40
2008.04.22 12:18:39.257,1.64345,1.6437,0.90,6.40
2008.04.22 12:18:39.485,1.64345,1.6437,0.90,0.80
2008.04.22 12:18:39.700,1.6435,1.6437,0.40,0.60
2008.04.22 12:18:39.916,1.6435,1.6437,1.20,0.30
2008.04.22 12:18:40.131,1.6435,1.6437,1.20,0.30
2008.04.22 12:18:40.350,1.6436,1.6438,0.90,1.30
2008.04.22 12:18:40.596,1.64355,1.6437,0.40,0.30
2008.04.22 12:18:40.865,1.64355,1.6437,0.60,0.30
2008.04.22 12:18:41.127,1.64355,1.6437,0.60,0.30
2008.04.22 12:18:41.394,1.6435,1.6437,0.40,0.60
2008.04.22 12:18:41.662,1.6434,1.6436,4.60,0.30
2008.04.22 12:18:41.978,1.64335,1.64355,0.60,0.30
2008.04.22 12:18:42.265,1.6433,1.6435,2.20,1.20
2008.04.22 12:18:42.551,1.6433,1.6435,2.20,1.20
2008.04.22 12:18:42.813,1.64325,1.6434,0.60,0.30
2008.04.22 12:18:43.118,1.6433,1.6434,0.40,0.70
2008.04.22 12:18:43.380,1.64325,1.64345,0.60,0.30
2008.04.22 12:18:43.672,1.6433,1.6435,0.60,1.00
2008.04.22 12:18:43.976,1.64325,1.6435,0.60,1.00
2008.04.22 12:18:44.281,1.64325,1.6435,0.60,3.70
2008.04.22 12:18:44.585,1.64325,1.6435,0.60,1.60
2008.04.22 12:18:44.902,1.6434,1.6435,0.60,0.30
2008.04.22 12:18:45.159,1.6434,1.6436,0.60,4.00
2008.04.22 12:18:45.418,1.64345,1.6436,0.60,0.50
2008.04.22 12:18:45.702,1.64345,1.6437,0.90,8.00
2008.04.22 12:18:46.002,1.64355,1.6437,0.60,0.40
2008.04.22 12:18:46.299,1.6435,1.64375,2.20,0.30
2008.04.22 12:18:46.623,1.6435,1.6437,0.90,1.00
2008.04.22 12:18:46.911,1.6435,1.6437,0.90,1.00
2008.04.22 12:18:47.187,1.6435,1.6437,0.40,1.30
2008.04.22 12:18:47.467,1.64345,1.6436,0.60,0.30
2008.04.22 12:18:47.743,1.64345,1.6436,0.60,0.30
2008.04.22 12:18:48.019,1.6434,1.6436,0.90,0.30
2008.04.22 12:18:48.296,1.6434,1.6436,0.90,1.00
2008.04.22 12:18:48.573,1.6433,1.6435,4.00,0.60
2008.04.22 12:18:48.851,1.6433,1.6435,2.70,0.60
2008.04.22 12:18:49.094,1.6433,1.6435,3.60,0.30
2008.04.22 12:18:49.369,1.6433,1.6434,3.30,0.30
2008.04.22 12:18:49.613,1.6433,1.6435,2.50,0.30
2008.04.22 12:18:49.859,1.6433,1.6435,0.90,0.30
2008.04.22 12:18:50.198,1.6433,1.6435,0.90,0.30
2008.04.22 12:18:50.502,1.6433,1.6435,0.90,0.30
2008.04.22 12:18:50.808,1.6433,1.6435,0.90,0.50
2008.04.22 12:18:51.063,1.6433,1.6435,1.40,0.60
2008.04.22 12:18:52.315,1.6433,1.6435,1.40,0.60
2008.04.22 12:18:52.389,1.6435,1.6436,0.40,8.80
2008.04.22 12:18:52.583,1.6435,1.6436,0.40,4.00
2008.04.22 12:18:53.956,1.6435,1.6436,0.40,3.20
2008.04.22 12:18:54.050,1.64345,1.64365,0.60,0.30
2008.04.22 12:18:54.265,1.6435,1.6437,0.60,0.30
2008.04.22 12:18:54.477,1.6435,1.64375,0.60,0.30
2008.04.22 12:18:54.692,1.64345,1.6437,0.60,0.60
2008.04.22 12:18:54.932,1.64345,1.6437,0.60,0.60
2008.04.22 12:18:55.171,1.64345,1.6437,0.60,1.30
2008.04.22 12:18:55.506,1.64345,1.6437,0.60,0.60
2008.04.22 12:18:55.867,1.64345,1.6437,0.60,1.30
2008.04.22 12:18:56.203,1.64345,1.6437,0.60,0.60
2008.04.22 12:18:56.427,1.64345,1.6437,0.60,0.60
2008.04.22 12:18:56.655,1.6435,1.6437,0.60,0.60
2008.04.22 12:18:56.880,1.64345,1.64365,0.60,0.30
2008.04.22 12:18:57.107,1.6434,1.6436,0.90,0.30
2008.04.22 12:18:57.412,1.6434,1.6436,0.90,0.30
2008.04.22 12:18:57.717,1.64345,1.6436,0.60,0.30
2008.04.22 12:18:58.023,1.64345,1.6436,0.60,0.30
2008.04.22 12:18:58.332,1.64345,1.6436,0.60,0.30
2008.04.22 12:18:58.553,1.6434,1.6436,2.20,0.30
2008.04.22 12:18:58.800,1.6434,1.6436,0.90,0.30
2008.04.22 12:18:59.048,1.6434,1.6436,0.40,0.60
2008.04.22 12:18:59.296,1.64335,1.6436,0.90,0.80
2008.04.22 12:18:59.601,1.6434,1.6436,0.90,0.80
2008.04.22 12:18:59.883,1.6434,1.6436,0.60,1.30
2008.04.22 12:19:00.168,1.64335,1.6435,0.40,0.60
2008.04.22 12:19:00.379,1.6433,1.6434,0.60,0.30
2008.04.22 12:19:00.591,1.64325,1.6435,0.60,0.80
2008.04.22 12:19:00.806,1.64325,1.6435,0.60,1.60
2008.04.22 12:19:01.015,1.64325,1.6435,0.60,4.00
2008.04.22 12:19:01.223,1.6432,1.64345,0.90,0.30
2008.04.22 12:19:01.550,1.6432,1.6434,2.20,1.00
2008.04.22 12:19:01.878,1.6432,1.6434,0.90,0.60
2008.04.22 12:19:02.237,1.64325,1.6434,0.40,0.30
2008.04.22 12:19:02.440,1.64325,1.6434,0.60,0.30
2008.04.22 12:19:02.674,1.64335,1.6435,0.60,6.10
2008.04.22 12:19:02.940,1.64335,1.64355,0.60,0.40
2008.04.22 12:19:03.175,1.64335,1.6436,0.60,0.60
2008.04.22 12:19:03.410,1.6434,1.6436,0.60,0.50
2008.04.22 12:19:03.685,1.6434,1.6436,0.60,0.40
2008.04.22 12:19:03.962,1.64335,1.6436,0.60,0.80
2008.04.22 12:19:04.238,1.64335,1.64355,0.60,0.30
2008.04.22 12:19:04.482,1.64335,1.6435,0.60,0.30
2008.04.22 12:19:04.727,1.6434,1.6435,0.60,0.30
2008.04.22 12:19:04.973,1.6434,1.6435,0.60,0.30
2008.04.22 12:19:05.219,1.64345,1.6436,0.60,0.50
2008.04.22 12:19:05.500,1.6435,1.6437,0.40,0.80
2008.04.22 12:19:05.781,1.6435,1.6437,0.40,0.60
2008.04.22 12:19:06.062,1.64345,1.6436,0.60,0.30
2008.04.22 12:19:06.342,1.64345,1.6436,0.60,0.30
2008.04.22 12:19:06.588,1.6435,1.6437,0.40,3.20
2008.04.22 12:19:06.861,1.64345,1.6436,0.60,0.30
2008.04.22 12:19:07.107,1.6434,1.6436,2.10,0.30
2008.04.22 12:19:07.350,1.64345,1.6436,0.60,0.30
2008.04.22 12:19:07.650,1.6435,1.6437,0.40,3.20
2008.04.22 12:19:07.951,1.64345,1.6436,0.60,0.30
2008.04.22 12:19:08.250,1.64345,1.6436,0.60,0.30
2008.04.22 12:19:08.549,1.64345,1.6436,0.60,0.30
2008.04.22 12:19:08.839,1.64345,1.6436,0.60,0.30
2008.04.22 12:19:09.099,1.6435,1.6437,0.90,0.60
2008.04.22 12:19:09.359,1.6435,1.6437,0.90,0.60
2008.04.22 12:19:09.609,1.6435,1.6437,0.90,0.60
2008.04.22 12:19:09.858,1.6435,1.6437,0.90,0.60
2008.04.22 12:19:10.109,1.64345,1.6436,0.60,0.30
2008.04.22 12:19:10.362,1.6435,1.6437,0.90,0.50
2008.04.22 12:19:10.636,1.6435,1.6437,1.00,0.30
2008.04.22 12:19:10.911,1.6435,1.6437,1.00,0.30
2008.04.22 12:19:11.185,1.6435,1.6437,1.00,0.60
2008.04.22 12:19:11.460,1.6435,1.6437,0.50,0.60
2008.04.22 12:19:11.717,1.6435,1.6436,0.10,0.30
2008.04.22 12:19:11.971,1.6435,1.6436,0.10,0.30
2008.04.22 12:19:12.227,1.6435,1.6437,0.90,0.80
2008.04.22 12:19:12.481,1.6435,1.6437,0.90,0.60
2008.04.22 12:19:12.740,1.6435,1.6437,0.90,0.30
2008.04.22 12:19:13.000,1.6435,1.6437,0.90,0.30
2008.04.22 12:19:13.261,1.6435,1.6437,0.90,0.30
2008.04.22 12:19:13.520,1.6435,1.6437,0.90,0.30
2008.04.22 12:19:13.790,1.6435,1.6437,0.90,0.30
2008.04.22 12:19:14.061,1.64345,1.64365,0.60,0.30
2008.04.22 12:19:14.333,1.6435,1.64365,0.40,0.30
2008.04.22 12:19:14.603,1.64345,1.6436,0.40,0.30
2008.04.22 12:19:14.845,1.6434,1.6436,2.00,0.30
2008.04.22 12:19:15.086,1.6435,1.64365,0.40,0.30
2008.04.22 12:19:15.326,1.6435,1.64365,0.40,0.30
2008.04.22 12:19:15.564,1.6435,1.64365,0.40,0.30
2008.04.22 12:19:15.836,1.6434,1.6436,4.40,0.30
2008.04.22 12:19:16.105,1.6435,1.64365,0.40,0.30
2008.04.22 12:19:16.378,1.64345,1.6436,0.90,0.30
2008.04.22 12:19:16.639,1.64345,1.6436,0.60,0.30
2008.04.22 12:19:16.903,1.64345,1.6436,0.60,0.30
2008.04.22 12:19:17.144,1.64345,1.6436,0.60,0.30
2008.04.22 12:19:17.403,1.6435,1.6437,0.40,0.80
2008.04.22 12:19:17.632,1.6435,1.6437,0.40,0.60
2008.04.22 12:19:17.892,1.6435,1.6437,0.40,0.60
2008.04.22 12:19:18.153,1.6435,1.64365,0.40,0.30
2008.04.22 12:19:18.412,1.6435,1.64365,0.40,0.30
2008.04.22 12:19:18.661,1.6435,1.64365,0.40,0.30
2008.04.22 12:19:18.911,1.6435,1.64365,0.40,0.30
2008.04.22 12:19:19.161,1.6435,1.64365,0.40,0.30
2008.04.22 12:19:19.439,1.64345,1.6436,0.60,0.30
2008.04.22 12:19:19.660,1.6434,1.6436,2.30,0.30
2008.04.22 12:19:19.919,1.6434,1.6436,3.60,0.30
2008.04.22 12:19:20.160,1.6434,1.6436,3.60,0.30
2008.04.22 12:19:20.405,1.6434,1.6436,3.60,0.30
2008.04.22 12:19:20.651,1.6435,1.6437,0.40,0.60
2008.04.22 12:19:20.892,1.64345,1.6436,0.60,0.30
2008.04.22 12:19:21.132,1.6435,1.64365,0.40,0.30
2008.04.22 12:19:21.372,1.64345,1.6436,0.60,0.30
2008.04.22 12:19:21.613,1.6434,1.6435,0.30,0.30
2008.04.22 12:19:21.907,1.64335,1.6436,0.90,0.80
2008.04.22 12:19:22.210,1.64335,1.64355,0.90,0.30
2008.04.22 12:19:22.489,1.64335,1.64355,0.90,0.30
2008.04.22 12:19:22.740,1.64335,1.64355,0.60,0.30
2008.04.22 12:19:22.961,1.64335,1.64355,0.60,0.30
2008.04.22 12:19:23.181,1.64335,1.64355,0.60,0.30
2008.04.22 12:19:23.402,1.64335,1.64355,0.60,0.30
2008.04.22 12:19:23.622,1.64335,1.64355,0.90,0.30
2008.04.22 12:19:23.921,1.6434,1.64355,8.30,0.30
2008.04.22 12:19:24.221,1.6434,1.6436,8.90,0.80
2008.04.22 12:19:24.490,1.6434,1.6436,8.90,0.60
2008.04.22 12:19:24.699,1.6434,1.6436,8.90,0.80
2008.04.22 12:19:24.939,1.6434,1.6436,8.90,0.80
2008.04.22 12:19:25.147,1.6434,1.6436,8.90,0.80
2008.04.22 12:19:25.355,1.6434,1.6436,8.90,0.80
2008.04.22 12:19:25.596,1.6434,1.6436,8.90,0.80
2008.04.22 12:19:25.775,1.6434,1.6436,8.90,0.80
2008.04.22 12:19:25.985,1.6434,1.6436,8.90,0.80
2008.04.22 12:19:26.224,1.6434,1.6436,8.90,0.80
2008.04.22 12:19:26.419,1.6434,1.6436,8.90,0.60
2008.04.22 12:19:26.628,1.6434,1.6436,8.90,0.60
2008.04.22 12:19:26.888,1.6434,1.6436,8.90,0.60
2008.04.22 12:19:27.151,1.6434,1.6436,9.00,0.60
2008.04.22 12:19:27.409,1.6434,1.6436,9.00,0.60
2008.04.22 12:19:27.669,1.6434,1.6436,9.00,0.60
2008.04.22 12:19:27.874,1.6434,1.6436,9.00,0.60
2008.04.22 12:19:28.080,1.6434,1.6436,9.00,0.60
2008.04.22 12:19:28.283,1.6434,1.6436,9.00,0.60
2008.04.22 12:19:28.489,1.6434,1.6436,9.00,0.60
2008.04.22 12:19:28.724,1.6434,1.6436,9.00,0.60
2008.04.22 12:19:28.940,1.6434,1.6436,9.30,0.60
2008.04.22 12:19:29.184,1.6434,1.6436,9.30,0.60
2008.04.22 12:19:29.430,1.6434,1.6436,9.30,0.60
2008.04.22 12:19:29.704,1.6434,1.6436,9.30,0.60
2008.04.22 12:19:29.931,1.64345,1.6436,0.40,0.60
2008.04.22 12:19:30.157,1.64345,1.6436,0.40,0.60
2008.04.22 12:19:30.392,1.64345,1.6436,0.40,0.60
2008.04.22 12:19:30.618,1.64345,1.6436,0.40,0.60
2008.04.22 12:19:30.846,1.64345,1.6436,0.40,0.60
2008.04.22 12:19:31.104,1.64345,1.6436,0.40,0.60
2008.04.22 12:19:31.303,1.64345,1.6436,0.40,0.60
2008.04.22 12:19:31.533,1.64345,1.6436,0.40,0.60
2008.04.22 12:19:31.762,1.64345,1.6436,0.40,0.60
2008.04.22 12:19:31.921,1.64345,1.6436,0.40,0.60
2008.04.22 12:19:32.080,1.64345,1.6436,0.40,0.60
2008.04.22 12:19:32.240,1.64345,1.6436,0.40,0.60
2008.04.22 12:19:32.413,1.64345,1.6436,0.40,0.60
2008.04.22 12:19:32.599,1.64345,1.6436,0.40,0.30
2008.04.22 12:19:32.792,1.64345,1.6436,0.90,0.30
2008.04.22 12:19:33.119,1.6434,1.6436,9.30,0.30
2008.04.22 12:19:33.446,1.64345,1.64365,0.60,0.30
2008.04.22 12:19:33.772,1.64345,1.6436,0.60,0.30
2008.04.22 12:19:34.038,1.6435,1.6436,0.40,0.30
2008.04.22 12:19:34.270,1.64345,1.6436,0.40,0.30
2008.04.22 12:19:34.500,1.64345,1.6436,0.40,0.60
2008.04.22 12:19:34.731,1.6434,1.6436,1.20,0.60
2008.04.22 12:19:35.090,1.6433,1.6435,7.40,0.30
2008.04.22 12:19:35.400,1.6433,1.6435,1.00,0.50
2008.04.22 12:19:35.727,1.64325,1.6434,0.40,0.30
2008.04.22 12:19:35.951,1.64325,1.6434,0.40,0.60
2008.04.22 12:19:36.208,1.64325,1.6434,0.40,0.60
2008.04.22 12:19:36.439,1.64315,1.6433,0.90,0.30
2008.04.22 12:19:36.631,1.64315,1.6433,0.90,0.30
2008.04.22 12:19:36.856,1.64315,1.6433,0.90,0.30
2008.04.22 12:19:37.121,1.64315,1.6433,0.90,0.30
2008.04.22 12:19:37.385,1.64315,1.6433,0.90,0.30
2008.04.22 12:19:37.651,1.64315,1.6433,0.90,0.30
2008.04.22 12:19:37.915,1.64315,1.6433,0.90,0.30
2008.04.22 12:19:38.162,1.64315,1.6433,0.90,0.30
2008.04.22 12:19:38.376,1.64315,1.6433,0.90,0.30
2008.04.22 12:19:38.590,1.64315,1.6433,0.90,0.30
2008.04.22 12:19:38.805,1.64315,1.6433,0.60,0.30
2008.04.22 12:19:39.019,1.6431,1.6433,1.20,0.30
2008.04.22 12:19:39.661,1.6431,1.6433,0.90,0.30
2008.04.22 12:19:40.404,1.6431,1.6433,0.90,0.30
2008.04.22 12:19:40.533,1.643,1.64325,1.20,0.30
2008.04.22 12:19:40.663,1.643,1.6432,0.90,0.30
2008.04.22 12:20:37.764,1.6436,1.6438,0.40,0.60
2008.04.22 12:20:40.709,1.6437,1.6439,0.40,0.30
2008.04.22 12:20:41.584,1.64365,1.6439,0.90,0.30
2008.04.22 12:20:42.841,1.6437,1.6439,0.60,0.30
2008.04.22 12:20:43.452,1.6437,1.6439,1.20,0.30
2008.04.22 12:20:44.017,1.64365,1.64385,0.90,0.30
2008.04.22 12:20:44.362,1.64365,1.64385,0.90,0.30
2008.04.22 12:20:45.442,1.64365,1.6439,0.90,0.30
2008.04.22 12:20:47.459,1.64355,1.6438,0.90,0.60
2008.04.22 12:20:48.058,1.64355,1.6438,0.90,0.60
2008.04.22 12:20:48.654,1.64355,1.6438,0.90,0.60
2008.04.22 12:20:48.954,1.64355,1.6438,0.90,0.60
2008.04.22 12:20:49.644,1.64355,1.6438,0.90,0.60
2008.04.22 12:20:49.861,1.64355,1.6438,0.90,0.60
2008.04.22 12:20:50.227,1.64355,1.6438,0.90,0.60
2008.04.22 12:20:50.293,1.64355,1.6438,0.90,0.60
2008.04.22 12:20:50.728,1.64355,1.6438,0.90,0.60
2008.04.22 12:20:50.815,1.64355,1.6438,0.90,0.60
2008.04.22 12:20:51.051,1.64355,1.6438,0.90,0.60
2008.04.22 12:20:51.378,1.64355,1.6438,0.90,0.60
2008.04.22 12:20:51.759,1.6436,1.6438,0.60,0.30
2008.04.22 12:20:52.056,1.64365,1.6438,0.40,0.30
2008.04.22 12:20:52.325,1.64365,1.64385,0.40,0.30
2008.04.22 12:20:53.078,1.6436,1.64385,2.50,0.30
2008.04.22 12:20:53.437,1.6436,1.64375,1.90,0.30
2008.04.22 12:20:53.458,1.6436,1.64375,1.90,0.30
2008.04.22 12:20:53.776,1.64355,1.64375,0.90,0.30
2008.04.22 12:20:54.002,1.64365,1.64385,0.40,0.30
2008.04.22 12:20:54.272,1.64365,1.64385,0.40,0.30
2008.04.22 12:20:54.509,1.64365,1.64385,0.40,0.30
2008.04.22 12:20:54.783,1.64365,1.6438,0.40,0.60
2008.04.22 12:20:55.020,1.64365,1.6438,0.40,0.60
2008.04.22 12:20:55.413,1.64365,1.6438,0.40,0.60
2008.04.22 12:20:55.671,1.64365,1.6438,0.40,0.60
2008.04.22 12:20:55.909,1.6436,1.6438,2.50,0.60
2008.04.22 12:20:56.144,1.6436,1.6438,1.20,0.60
2008.04.22 12:20:56.514,1.6436,1.64375,1.60,0.30
2008.04.22 12:20:56.671,1.6435,1.6437,0.40,0.80
2008.04.22 12:20:56.907,1.64345,1.6436,0.40,0.30
2008.04.22 12:20:57.202,1.64345,1.6436,0.40,0.30
2008.04.22 12:20:57.511,1.6434,1.6436,2.20,0.30
2008.04.22 12:20:57.799,1.6435,1.64365,0.40,0.30
2008.04.22 12:20:58.070,1.6435,1.6437,0.90,6.10
2008.04.22 12:20:58.344,1.6435,1.6437,0.90,0.60
2008.04.22 12:20:58.609,1.6435,1.6437,1.20,0.60
2008.04.22 12:20:58.857,1.6435,1.6437,1.20,0.60
2008.04.22 12:20:59.139,1.6435,1.64375,1.20,0.30
2008.04.22 12:20:59.442,1.6435,1.6437,2.50,0.30
2008.04.22 12:20:59.771,1.6436,1.6437,0.40,0.30
2008.04.22 12:21:00.070,1.6436,1.64375,0.40,0.30
2008.04.22 12:21:00.297,1.6436,1.6437,0.40,0.30
2008.04.22 12:21:00.524,1.6436,1.6438,0.60,0.60
2008.04.22 12:21:00.781,1.64355,1.6437,0.40,0.30
2008.04.22 12:21:01.078,1.64355,1.6437,0.40,0.60
2008.04.22 12:21:01.380,1.6435,1.64365,0.40,0.30
2008.04.22 12:21:01.668,1.6435,1.6437,0.40,0.60
2008.04.22 12:21:01.953,1.6435,1.6437,0.40,0.60
2008.04.22 12:21:02.227,1.6435,1.6437,0.40,0.60
2008.04.22 12:21:02.688,1.6435,1.6437,0.40,0.60
2008.04.22 12:21:02.958,1.6435,1.6437,0.40,0.60
2008.04.22 12:21:03.419,1.6435,1.6437,0.40,0.60
2008.04.22 12:21:03.857,1.6435,1.6437,0.40,0.60
2008.04.22 12:21:04.111,1.6435,1.6437,0.40,0.60
2008.04.22 12:21:04.368,1.6435,1.6437,0.40,0.60
2008.04.22 12:21:04.619,1.6435,1.64365,0.40,0.30
2008.04.22 12:21:06.115,1.6435,1.64365,0.40,0.30
2008.04.22 12:21:06.424,1.6435,1.64365,0.40,0.30
2008.04.22 12:21:06.647,1.6435,1.64365,0.40,0.30
2008.04.22 12:21:07.152,1.6435,1.64365,0.40,0.30
2008.04.22 12:21:07.389,1.6435,1.64365,0.40,0.30
2008.04.22 12:21:07.628,1.64345,1.64365,0.40,0.30
2008.04.22 12:21:07.871,1.64345,1.64365,0.40,0.30
2008.04.22 12:21:08.116,1.64345,1.64365,0.40,0.30
2008.04.22 12:21:08.360,1.6434,1.64365,2.20,0.30
2008.04.22 12:21:08.585,1.6434,1.64365,2.20,0.30
2008.04.22 12:21:08.819,1.6434,1.6436,2.20,0.30
2008.04.22 12:21:09.053,1.6434,1.6436,0.90,0.30
2008.04.22 12:21:09.303,1.6434,1.6436,2.20,0.30
2008.04.22 12:21:09.554,1.6434,1.6436,0.90,0.30
2008.04.22 12:21:09.803,1.6434,1.6436,0.90,0.30
2008.04.22 12:21:10.054,1.6434,1.6436,0.90,0.30
2008.04.22 12:21:10.303,1.6434,1.6436,0.90,0.30
2008.04.22 12:21:10.528,1.6434,1.6436,0.90,0.30
2008.04.22 12:21:10.754,1.6434,1.6436,0.90,0.30
2008.04.22 12:21:10.978,1.6434,1.6436,0.90,0.30
2008.04.22 12:21:11.704,1.6434,1.6436,0.90,0.30
2008.04.22 12:21:11.942,1.6434,1.6436,0.90,0.30
2008.04.22 12:21:12.188,1.6434,1.64365,0.90,0.30
2008.04.22 12:21:12.366,1.64345,1.64365,0.40,0.30
2008.04.22 12:21:12.539,1.64345,1.6436,0.40,0.30
2008.04.22 12:21:12.736,1.64345,1.6436,0.40,0.30
2008.04.22 12:21:12.909,1.64345,1.6436,0.40,0.30
2008.04.22 12:21:13.097,1.64345,1.64365,0.40,0.30
2008.04.22 12:21:13.286,1.6434,1.6436,2.50,0.30
2008.04.22 12:21:13.597,1.6434,1.6436,0.40,0.60
2008.04.22 12:21:13.902,1.6434,1.6436,0.40,0.60
2008.04.22 12:21:14.220,1.6434,1.6436,0.90,0.60
2008.04.22 12:21:14.430,1.6434,1.6436,0.90,0.60
2008.04.22 12:21:14.640,1.6434,1.6436,0.90,0.30
2008.04.22 12:21:14.851,1.6434,1.6436,2.50,0.30
2008.04.22 12:21:15.065,1.6434,1.6436,2.50,0.30
2008.04.22 12:21:15.281,1.64345,1.6436,0.40,0.30
2008.04.22 12:21:15.584,1.64345,1.6436,0.40,0.30
2008.04.22 12:21:15.887,1.64345,1.6436,0.40,0.30
2008.04.22 12:21:16.184,1.64345,1.6436,0.40,0.30
2008.04.22 12:21:16.393,1.64345,1.6436,0.40,0.30
2008.04.22 12:21:16.602,1.64345,1.6436,0.40,0.30
2008.04.22 12:21:16.814,1.64345,1.6436,0.40,0.30
2008.04.22 12:21:17.024,1.64345,1.6436,0.40,0.30
2008.04.22 12:21:17.233,1.64345,1.6436,0.40,0.30
2008.04.22 12:21:17.429,1.64345,1.6436,0.40,0.30
2008.04.22 12:21:17.632,1.64345,1.6436,0.40,0.30
2008.04.22 12:21:18.035,1.64345,1.6436,0.40,0.30
2008.04.22 12:21:18.230,1.64345,1.6437,0.90,6.40
2008.04.22 12:21:18.456,1.64345,1.6437,0.90,6.40
2008.04.22 12:21:18.681,1.64345,1.6437,0.90,6.40
2008.04.22 12:21:18.907,1.6434,1.64365,2.50,0.30
2008.04.22 12:21:19.131,1.6434,1.64365,2.50,0.30
2008.04.22 12:21:19.356,1.6434,1.64365,2.50,0.30
2008.04.22 12:21:19.595,1.6434,1.64365,2.50,0.30
2008.04.22 12:21:19.836,1.6434,1.6436,2.50,0.30
2008.04.22 12:21:20.076,1.6434,1.6436,1.20,0.30
2008.04.22 12:21:20.316,1.6434,1.6436,0.90,0.30
2008.04.22 12:21:20.538,1.6434,1.6436,0.90,0.30
2008.04.22 12:21:20.757,1.6434,1.6436,0.90,0.30
2008.04.22 12:21:20.976,1.6434,1.6436,0.90,0.30
2008.04.22 12:21:21.195,1.6434,1.6436,0.90,0.30
2008.04.22 12:21:22.875,1.6434,1.6436,0.90,0.30
2008.04.22 12:21:23.198,1.6434,1.6436,0.90,0.30
2008.04.22 12:21:23.682,1.6434,1.6436,0.40,0.30
2008.04.22 12:21:23.934,1.64335,1.64355,0.90,0.30
2008.04.22 12:21:24.186,1.64335,1.64355,0.90,0.30
2008.04.22 12:21:24.446,1.64335,1.6435,0.40,0.30
2008.04.22 12:21:24.696,1.64335,1.6435,0.90,0.30
2008.04.22 12:21:24.894,1.64335,1.6435,0.90,0.30
2008.04.22 12:21:25.091,1.6434,1.6436,0.40,0.60
2008.04.22 12:21:25.287,1.6434,1.6436,0.90,0.30
2008.04.22 12:21:25.482,1.64345,1.6436,0.60,0.30
2008.04.22 12:21:25.680,1.64345,1.6436,0.90,0.30
2008.04.22 12:21:26.023,1.6435,1.6437,0.40,6.10
2008.04.22 12:21:26.353,1.6435,1.6437,0.40,6.10
2008.04.22 12:21:26.685,1.6436,1.6438,0.60,8.60
2008.04.22 12:21:26.926,1.6435,1.64375,0.90,0.30
2008.04.22 12:21:27.166,1.6435,1.64375,1.90,0.30
2008.04.22 12:21:27.406,1.64355,1.64375,0.60,0.30
2008.04.22 12:21:27.647,1.64355,1.64375,0.60,0.30
2008.04.22 12:21:27.888,1.64355,1.64375,0.60,0.30
2008.04.22 12:21:28.458,1.64355,1.64375,0.60,0.30
2008.04.22 12:21:28.689,1.64355,1.64375,0.60,0.30
2008.04.22 12:21:28.890,1.64355,1.64375,0.60,0.30
2008.04.22 12:21:29.089,1.6435,1.6437,0.60,0.30
2008.04.22 12:21:29.289,1.6435,1.6437,0.60,0.30
2008.04.22 12:21:29.488,1.6435,1.6437,0.60,0.30
2008.04.22 12:21:29.689,1.64355,1.64375,0.60,0.30
2008.04.22 12:21:29.985,1.64355,1.64375,0.60,0.30
2008.04.22 12:21:30.281,1.64355,1.64375,0.60,0.30
2008.04.22 12:21:30.575,1.6435,1.64375,0.60,0.30
2008.04.22 12:21:30.882,1.64345,1.6437,0.90,0.60
2008.04.22 12:21:31.078,1.64345,1.6437,0.90,0.80
2008.04.22 12:21:31.272,1.64345,1.64365,0.40,0.30
2008.04.22 12:21:31.468,1.64345,1.64365,0.40,0.30
2008.04.22 12:21:31.697,1.64345,1.64365,0.40,0.30
2008.04.22 12:21:31.890,1.6434,1.64365,0.90,0.30
2008.04.22 12:21:32.129,1.6434,1.64365,0.90,0.30
2008.04.22 12:21:33.037,1.6434,1.64365,0.90,0.30
2008.04.22 12:21:33.196,1.6434,1.64365,0.90,0.30
2008.04.22 12:21:33.364,1.6434,1.64365,0.90,0.30
2008.04.22 12:21:34.200,1.6434,1.64365,0.90,0.30
2008.04.22 12:21:34.714,1.6434,1.64365,0.90,0.30
2008.04.22 12:21:34.980,1.6434,1.64365,0.90,0.30
2008.04.22 12:21:35.169,1.6434,1.64365,0.90,0.30
2008.04.22 12:21:35.922,1.6434,1.64365,0.90,0.30
2008.04.22 12:21:36.147,1.6434,1.64365,2.20,0.30
2008.04.22 12:21:36.373,1.6435,1.6437,0.60,5.80
2008.04.22 12:21:36.607,1.64355,1.6437,0.60,5.80
2008.04.22 12:21:36.832,1.64355,1.6437,0.90,0.30
2008.04.22 12:21:37.056,1.64355,1.6437,0.40,0.30
2008.04.22 12:21:37.310,1.64355,1.6437,0.40,0.30
2008.04.22 12:21:37.565,1.64355,1.6437,0.40,0.30
2008.04.22 12:21:37.827,1.64355,1.6437,0.40,0.30
2008.04.22 12:21:38.084,1.6436,1.64375,0.40,0.30
2008.04.22 12:21:38.314,1.6436,1.64375,0.40,0.30
2008.04.22 12:21:38.545,1.64355,1.6437,0.40,0.30
2008.04.22 12:21:38.775,1.64355,1.6437,0.40,0.30
2008.04.22 12:21:39.175,1.64355,1.6437,0.40,0.30
2008.04.22 12:21:39.377,1.64355,1.64375,0.90,0.30
2008.04.22 12:21:40.481,1.6436,1.64375,0.60,0.30
2008.04.22 12:21:40.566,1.6436,1.64375,0.60,0.30
2008.04.22 12:21:40.650,1.6436,1.64375,0.60,0.30
2008.04.22 12:21:40.735,1.6436,1.64375,0.60,0.30
2008.04.22 12:21:40.950,1.6436,1.64375,0.60,0.30
2008.04.22 12:21:42.678,1.6436,1.64375,0.60,0.30
2008.04.22 12:21:42.838,1.64365,1.64375,0.40,0.30
2008.04.22 12:21:42.999,1.64365,1.64375,0.40,0.30
2008.04.22 12:21:43.162,1.64365,1.64375,0.40,0.30
2008.04.22 12:21:43.322,1.6437,1.64375,0.40,0.30
2008.04.22 12:21:43.482,1.6437,1.64375,0.40,0.30
2008.04.22 12:21:43.768,1.6437,1.64375,0.60,0.30
2008.04.22 12:21:44.053,1.6437,1.64375,0.60,0.30
2008.04.22 12:21:44.339,1.64365,1.64375,0.40,0.30
2008.04.22 12:21:44.623,1.64365,1.64375,0.40,0.30
2008.04.22 12:21:44.857,1.64365,1.64375,0.40,0.30
2008.04.22 12:21:45.295,1.64365,1.64375,0.40,0.30
2008.04.22 12:21:45.532,1.64365,1.6438,0.40,0.50
2008.04.22 12:21:45.766,1.6437,1.6438,0.40,0.40
2008.04.22 12:21:46.016,1.6437,1.6438,0.60,0.60
2008.04.22 12:21:46.266,1.6437,1.6438,0.60,0.30
2008.04.22 12:21:46.517,1.64365,1.6438,0.40,0.60
2008.04.22 12:21:46.768,1.6437,1.6438,0.40,0.60
2008.04.22 12:21:47.058,1.6437,1.64385,0.60,0.30
2008.04.22 12:21:47.349,1.6437,1.6438,0.40,0.30
2008.04.22 12:21:47.642,1.6437,1.6438,0.40,0.30
2008.04.22 12:21:47.902,1.6436,1.6438,1.90,0.60
2008.04.22 12:21:48.163,1.6436,1.6438,0.40,0.60
2008.04.22 12:21:48.425,1.6436,1.6438,2.00,0.30
2008.04.22 12:21:48.686,1.6437,1.6439,0.90,5.60
2008.04.22 12:21:48.937,1.6438,1.64395,0.40,0.30
2008.04.22 12:21:49.188,1.6438,1.644,0.90,3.70
2008.04.22 12:21:49.440,1.6439,1.644,0.40,1.60
2008.04.22 12:21:49.690,1.6439,1.64405,0.40,0.30
2008.04.22 12:21:49.956,1.64385,1.644,0.40,0.30
2008.04.22 12:21:50.231,1.64395,1.6441,0.60,0.50
2008.04.22 12:21:50.496,1.64395,1.64415,0.60,0.30
2008.04.22 12:21:50.762,1.64395,1.6441,0.60,0.30
2008.04.22 12:21:51.060,1.644,1.6442,0.40,0.60
2008.04.22 12:21:51.355,1.6441,1.6443,0.60,8.60
2008.04.22 12:21:51.651,1.6441,1.6443,0.90,0.60
2008.04.22 12:21:51.906,1.644,1.6442,1.60,0.60
2008.04.22 12:21:52.162,1.644,1.6442,0.40,0.60
2008.04.22 12:21:52.421,1.64395,1.6442,0.90,0.60
2008.04.22 12:21:52.676,1.64395,1.64415,0.90,0.30
2008.04.22 12:21:52.957,1.6439,1.6441,2.50,0.30
2008.04.22 12:21:53.237,1.6439,1.6441,0.90,0.60
2008.04.22 12:21:53.517,1.6439,1.6441,0.40,0.60
2008.04.22 12:21:53.797,1.6439,1.6441,0.90,0.80
2008.04.22 12:21:54.060,1.64395,1.6442,0.60,0.60
2008.04.22 12:21:54.331,1.6439,1.64415,0.90,0.30
2008.04.22 12:21:54.581,1.64395,1.64415,0.60,0.30
2008.04.22 12:21:54.842,1.64395,1.64415,0.60,0.30
2008.04.22 12:21:55.064,1.6439,1.64415,2.20,0.30
2008.04.22 12:21:55.284,1.6439,1.6441,0.90,0.30
2008.04.22 12:21:55.505,1.64385,1.64405,0.40,0.30
2008.04.22 12:21:55.725,1.6438,1.644,1.20,0.30
2008.04.22 12:21:55.947,1.6438,1.644,0.90,0.30
2008.04.22 12:21:56.235,1.6438,1.644,0.60,0.60
2008.04.22 12:21:56.521,1.6438,1.64395,0.60,0.30
2008.04.22 12:21:56.807,1.6438,1.644,1.20,0.30
2008.04.22 12:21:57.074,1.64385,1.644,0.40,0.30
2008.04.22 12:21:57.341,1.64385,1.6441,0.90,6.40
2008.04.22 12:21:57.605,1.64385,1.6441,0.90,6.40
2008.04.22 12:21:57.872,1.64385,1.64405,0.90,0.30
2008.04.22 12:21:58.141,1.64385,1.64405,0.90,0.30
2008.04.22 12:21:58.414,1.6439,1.64405,0.40,0.30
2008.04.22 12:21:58.684,1.6439,1.64405,0.40,0.30
2008.04.22 12:21:58.953,1.6439,1.64405,0.40,0.30
2008.04.22 12:21:59.653,1.6439,1.64405,0.40,0.30
2008.04.22 12:21:59.919,1.6439,1.64405,0.40,0.30
2008.04.22 12:22:00.196,1.6439,1.6441,0.40,0.60
2008.04.22 12:22:00.392,1.6439,1.6441,0.40,0.60
2008.04.22 12:22:00.608,1.6439,1.6441,0.40,0.60
2008.04.22 12:22:00.804,1.644,1.6441,0.40,0.30
2008.04.22 12:22:01.000,1.64395,1.6441,0.40,0.30
2008.04.22 12:22:01.279,1.6439,1.6441,2.20,0.60
2008.04.22 12:22:01.569,1.644,1.6441,0.60,0.30
2008.04.22 12:22:01.849,1.644,1.64415,0.40,0.30
2008.04.22 12:22:02.123,1.64395,1.64415,0.60,0.30
2008.04.22 12:22:02.404,1.6439,1.64415,0.90,0.30
2008.04.22 12:22:02.685,1.64395,1.64415,0.60,0.30
2008.04.22 12:22:02.966,1.6439,1.64415,1.20,0.30
2008.04.22 12:22:03.243,1.6439,1.6441,0.90,0.30
2008.04.22 12:22:03.519,1.6439,1.6441,0.90,0.30
2008.04.22 12:22:03.795,1.64385,1.64405,0.60,0.30
2008.04.22 12:22:04.073,1.6438,1.644,4.60,0.30
2008.04.22 12:22:04.310,1.6438,1.644,2.70,0.60
2008.04.22 12:22:04.553,1.6438,1.644,0.40,0.60
2008.04.22 12:22:04.789,1.64375,1.644,0.90,0.60
2008.04.22 12:22:05.025,1.64375,1.644,0.90,0.60
2008.04.22 12:22:05.249,1.64375,1.64395,0.40,0.30
2008.04.22 12:22:05.465,1.64375,1.64395,0.40,0.30
2008.04.22 12:22:05.679,1.6437,1.64395,1.20,0.60
2008.04.22 12:22:05.898,1.6437,1.64385,0.60,0.30
2008.04.22 12:22:06.114,1.6437,1.64385,0.60,0.30
2008.04.22 12:22:06.401,1.6436,1.64385,2.50,0.30
2008.04.22 12:22:06.687,1.6436,1.6438,1.90,0.30
2008.04.22 12:22:06.973,1.6436,1.6438,1.60,0.60
2008.04.22 12:22:07.268,1.6436,1.64375,0.40,0.30
2008.04.22 12:22:07.544,1.6436,1.64375,0.40,0.30
2008.04.22 12:22:07.820,1.6436,1.6438,0.40,0.60
2008.04.22 12:22:08.095,1.6436,1.6438,0.40,0.60
2008.04.22 12:22:08.300,1.6436,1.6438,0.40,0.60
2008.04.22 12:22:08.506,1.6436,1.6438,1.20,0.30
2008.04.22 12:22:08.712,1.6436,1.6438,0.60,0.30
2008.04.22 12:22:08.918,1.64365,1.64385,0.60,0.60
2008.04.22 12:22:09.124,1.6436,1.64385,2.50,0.30
2008.04.22 12:22:09.428,1.6437,1.6439,0.60,8.80
2008.04.22 12:22:09.734,1.6437,1.6439,1.90,2.40
2008.04.22 12:22:10.039,1.6437,1.64395,1.90,0.30
2008.04.22 12:22:10.344,1.6437,1.64395,1.90,0.30
2008.04.22 12:22:10.585,1.6437,1.6439,1.90,0.30
2008.04.22 12:22:10.825,1.6437,1.6439,0.60,0.30
2008.04.22 12:22:11.066,1.6437,1.64385,0.40,0.30
2008.04.22 12:22:11.328,1.64365,1.64385,0.60,0.30
2008.04.22 12:22:11.587,1.64365,1.64385,0.60,0.30
2008.04.22 12:22:11.846,1.64365,1.6439,0.60,0.60
2008.04.22 12:22:12.107,1.64365,1.6439,0.60,0.60
2008.04.22 12:22:12.342,1.64365,1.6439,0.60,0.60
2008.04.22 12:22:12.576,1.64365,1.6439,0.60,0.60
2008.04.22 12:22:12.811,1.6437,1.6439,0.60,0.30
2008.04.22 12:22:13.046,1.6438,1.644,0.40,7.00
2008.04.22 12:22:13.282,1.6438,1.644,1.20,5.80
2008.04.22 12:22:13.587,1.6438,1.644,1.20,0.30
2008.04.22 12:22:13.894,1.64385,1.644,0.90,0.30
2008.04.22 12:22:14.205,1.644,1.6441,0.60,0.40
2008.04.22 12:22:14.433,1.64405,1.6442,0.60,1.10
2008.04.22 12:22:14.659,1.6439,1.6441,1.60,0.30
2008.04.22 12:22:14.885,1.6439,1.64405,0.40,0.30
2008.04.22 12:22:15.111,1.64385,1.644,0.40,0.30
2008.04.22 12:22:15.338,1.6438,1.644,2.50,0.30
2008.04.22 12:22:15.649,1.6439,1.644,0.60,0.30
2008.04.22 12:22:15.960,1.6439,1.64405,0.40,0.30
2008.04.22 12:22:16.275,1.64395,1.6441,0.60,0.40
2008.04.22 12:22:16.473,1.6439,1.6441,0.40,0.30
2008.04.22 12:22:16.679,1.64385,1.6441,0.60,0.60
2008.04.22 12:22:16.884,1.64385,1.6441,0.60,0.60
2008.04.22 12:22:17.075,1.6439,1.6441,0.60,0.60
2008.04.22 12:22:17.267,1.6439,1.6441,0.60,0.30
2008.04.22 12:22:17.587,1.6439,1.6441,1.90,0.60
2008.04.22 12:22:17.907,1.6439,1.6441,0.60,0.60
2008.04.22 12:22:18.403,1.6439,1.6441,0.60,0.60
2008.04.22 12:22:18.621,1.6439,1.6441,0.60,0.60
2008.04.22 12:22:18.812,1.6438,1.64405,1.20,0.60
2008.04.22 12:22:18.989,1.6438,1.644,0.90,0.30
2008.04.22 12:22:19.174,1.6438,1.644,0.90,0.30
2008.04.22 12:22:19.359,1.6438,1.644,0.60,0.30
2008.04.22 12:22:19.665,1.64385,1.6441,0.60,0.60
2008.04.22 12:22:19.970,1.64385,1.6441,0.60,0.60
2008.04.22 12:22:20.277,1.64385,1.6441,0.60,2.60
2008.04.22 12:22:20.584,1.64385,1.6441,0.60,0.30
2008.04.22 12:22:20.825,1.64385,1.6441,0.60,0.30
2008.04.22 12:22:21.065,1.64385,1.6441,0.60,0.30
2008.04.22 12:22:21.304,1.64385,1.6441,0.60,0.30
2008.04.22 12:22:21.545,1.64385,1.6441,0.60,0.30
2008.04.22 12:22:21.785,1.64385,1.6441,0.90,0.30
2008.04.22 12:22:22.025,1.64385,1.6441,0.90,0.30
2008.04.22 12:22:22.265,1.64385,1.6441,0.90,0.30
2008.04.22 12:22:22.505,1.64385,1.64405,0.90,0.30
2008.04.22 12:22:22.791,1.64385,1.64405,0.60,0.30
2008.04.22 12:22:23.155,1.64385,1.64405,0.60,0.30
2008.04.22 12:22:23.638,1.64385,1.6441,0.60,0.30
2008.04.22 12:22:23.828,1.64385,1.6441,0.60,0.30
2008.04.22 12:22:24.019,1.64385,1.6441,0.60,0.30
2008.04.22 12:22:24.210,1.64385,1.6441,0.60,0.30
2008.04.22 12:22:24.401,1.64385,1.6441,0.60,0.30
2008.04.22 12:22:24.634,1.64385,1.6441,0.90,0.30
2008.04.22 12:22:24.921,1.64385,1.6441,0.90,0.30
2008.04.22 12:22:26.674,1.64385,1.6441,0.90,0.30
2008.04.22 12:22:26.950,1.64385,1.6441,0.90,0.30
2008.04.22 12:22:27.183,1.64385,1.6441,0.90,0.30
2008.04.22 12:22:27.343,1.64385,1.6441,0.90,0.30
2008.04.22 12:22:27.454,1.64385,1.6441,0.90,0.30
2008.04.22 12:22:27.737,1.6439,1.6441,0.40,0.30
2008.04.22 12:22:28.023,1.6439,1.6441,0.40,0.30
2008.04.22 12:22:28.340,1.6439,1.6441,0.40,0.30
2008.04.22 12:22:28.625,1.6439,1.6441,0.40,0.30
2008.04.22 12:22:28.835,1.64385,1.6441,0.90,0.30
2008.04.22 12:22:29.865,1.64385,1.6441,0.90,0.30
2008.04.22 12:22:30.055,1.64385,1.6441,0.90,0.30
2008.04.22 12:22:30.256,1.64385,1.6441,0.90,0.30
2008.04.22 12:22:30.455,1.6439,1.64415,0.60,0.30
2008.04.22 12:22:30.671,1.64395,1.6441,0.60,0.40
2008.04.22 12:22:30.886,1.64395,1.64415,0.60,0.30
2008.04.22 12:22:31.109,1.64395,1.64415,0.60,0.30
2008.04.22 12:22:31.320,1.6439,1.64415,2.50,0.30
2008.04.22 12:22:31.536,1.6439,1.64415,2.20,0.30
2008.04.22 12:22:31.725,1.6439,1.64415,2.20,0.30
2008.04.22 12:22:32.692,1.6439,1.64415,2.20,0.30
2008.04.22 12:22:33.114,1.6439,1.64415,2.20,0.30
2008.04.22 12:22:33.331,1.64395,1.6442,0.60,0.60
2008.04.22 12:22:33.540,1.64395,1.6442,0.60,0.60
2008.04.22 12:22:33.804,1.64395,1.6442,0.90,0.60
2008.04.22 12:22:34.069,1.64395,1.6442,0.90,0.60
2008.04.22 12:22:34.334,1.644,1.6442,1.20,0.60
2008.04.22 12:22:34.600,1.644,1.6442,1.20,0.60
2008.04.22 12:22:34.836,1.644,1.6442,1.20,0.60
2008.04.22 12:22:35.072,1.644,1.6442,1.20,0.60
2008.04.22 12:22:35.306,1.644,1.6442,1.20,0.60
2008.04.22 12:22:35.720,1.644,1.6442,1.20,0.60
2008.04.22 12:22:35.919,1.644,1.64425,1.90,0.30
2008.04.22 12:22:36.111,1.644,1.64425,2.50,0.30
2008.04.22 12:22:36.311,1.64405,1.64425,0.90,0.30
2008.04.22 12:22:36.511,1.64405,1.64425,0.90,0.30
2008.04.22 12:22:36.717,1.64405,1.64425,0.90,0.30
2008.04.22 12:22:38.591,1.64405,1.64425,0.90,0.30
2008.04.22 12:22:38.644,1.6441,1.6443,1.20,6.10
2008.04.22 12:22:38.704,1.6441,1.6443,1.20,6.10
2008.04.22 12:22:38.856,1.6441,1.6443,1.20,6.10
2008.04.22 12:22:38.918,1.6441,1.6443,0.60,6.10
2008.04.22 12:22:38.978,1.6441,1.6443,0.60,6.10
2008.04.22 12:22:39.064,1.6441,1.6443,0.60,6.40
2008.04.22 12:22:39.399,1.6441,1.6443,1.20,6.10
2008.04.22 12:22:45.105,1.6441,1.6443,1.20,6.10
2008.04.22 12:22:45.620,1.6441,1.6443,1.20,6.10
2008.04.22 12:22:46.129,1.6441,1.6443,1.20,6.10
2008.04.22 12:22:46.266,1.6441,1.6443,1.20,6.10
2008.04.22 12:22:46.684,1.6441,1.6443,0.60,6.10
2008.04.22 12:22:46.827,1.6441,1.6443,0.60,6.10
2008.04.22 12:22:46.981,1.6441,1.6442,0.40,0.30
2008.04.22 12:22:47.125,1.6441,1.6442,0.40,0.30
2008.04.22 12:22:47.269,1.6441,1.6443,0.40,8.50
2008.04.22 12:22:47.420,1.6441,1.6443,0.40,8.50
2008.04.22 12:22:47.565,1.6441,1.6443,0.60,6.10
2008.04.22 12:22:47.889,1.6441,1.6443,0.60,6.10
2008.04.22 12:22:49.381,1.6441,1.6443,0.60,6.10
2008.04.22 12:22:49.541,1.6441,1.6443,0.60,0.30
2008.04.22 12:22:49.807,1.64415,1.6444,0.60,3.20
2008.04.22 12:22:50.074,1.6442,1.6444,0.90,0.60
2008.04.22 12:22:50.339,1.6442,1.64435,0.40,0.30
2008.04.22 12:22:50.605,1.6441,1.6443,1.60,0.30
2008.04.22 12:22:50.876,1.6441,1.64425,0.40,0.30
2008.04.22 12:22:51.146,1.64405,1.64425,0.60,0.30
2008.04.22 12:22:51.416,1.644,1.64425,1.40,0.30
2008.04.22 12:22:51.686,1.64405,1.64425,0.60,0.30
2008.04.22 12:22:51.962,1.64405,1.64425,0.60,0.30
2008.04.22 12:22:52.237,1.64405,1.64425,0.60,0.30
2008.04.22 12:22:52.512,1.64405,1.64425,0.60,0.30
2008.04.22 12:22:52.787,1.64405,1.64425,0.60,0.30
2008.04.22 12:22:53.013,1.644,1.64425,0.90,0.30
2008.04.22 12:22:53.238,1.644,1.64425,0.90,0.30
2008.04.22 12:22:54.298,1.644,1.64425,0.90,0.30
2008.04.22 12:22:54.528,1.644,1.6442,0.40,0.60
2008.04.22 12:22:54.759,1.644,1.6442,1.20,0.50
2008.04.22 12:22:54.982,1.644,1.6442,1.20,0.30
2008.04.22 12:22:55.202,1.644,1.64425,1.20,0.30
2008.04.22 12:22:55.421,1.644,1.64425,1.20,0.30
2008.04.22 12:22:55.642,1.644,1.64425,1.20,0.30
2008.04.22 12:22:55.861,1.644,1.64425,1.20,0.30
2008.04.22 12:22:56.432,1.644,1.64425,1.20,0.30
2008.04.22 12:22:56.727,1.64405,1.6443,0.60,0.80
2008.04.22 12:22:56.937,1.64405,1.6443,0.90,0.60
2008.04.22 12:22:57.149,1.64405,1.64425,0.90,0.30
2008.04.22 12:22:57.361,1.64405,1.6443,0.90,0.60
2008.04.22 12:22:57.569,1.64405,1.6443,0.90,0.60
2008.04.22 12:22:57.790,1.64405,1.6443,0.90,0.60
2008.04.22 12:22:58.122,1.64415,1.6443,0.60,0.40
2008.04.22 12:22:58.453,1.6442,1.6443,0.60,0.30
2008.04.22 12:22:58.785,1.6441,1.6443,0.40,0.30
2008.04.22 12:22:59.024,1.6441,1.6443,0.40,0.60
2008.04.22 12:22:59.255,1.644,1.6442,3.30,0.30
2008.04.22 12:22:59.485,1.644,1.6442,0.60,0.60
2008.04.22 12:22:59.715,1.64405,1.6442,0.40,0.30
2008.04.22 12:22:59.946,1.64405,1.64425,0.90,0.30
2008.04.22 12:23:00.282,1.64405,1.6442,0.40,0.30
2008.04.22 12:23:00.618,1.6441,1.64425,0.40,0.30
2008.04.22 12:23:00.953,1.64405,1.6442,0.40,0.30
2008.04.22 12:23:01.197,1.6441,1.64425,0.60,0.30
2008.04.22 12:23:01.432,1.6441,1.6443,0.90,0.30
2008.04.22 12:23:01.667,1.64405,1.64425,0.90,0.30
2008.04.22 12:23:01.902,1.6441,1.6443,1.20,0.30
2008.04.22 12:23:02.229,1.6441,1.64425,0.40,0.30
2008.04.22 12:23:02.554,1.64405,1.64425,0.40,0.30
2008.04.22 12:23:02.879,1.644,1.64425,0.90,0.30
2008.04.22 12:23:03.120,1.64405,1.64425,0.60,0.30
2008.04.22 12:23:03.360,1.644,1.64425,0.90,0.30
2008.04.22 12:23:03.603,1.644,1.6442,0.40,0.60
2008.04.22 12:23:03.843,1.644,1.6442,0.90,0.40
2008.04.22 12:23:04.156,1.644,1.64425,2.20,0.30
2008.04.22 12:23:04.458,1.64405,1.64425,0.40,0.30
2008.04.22 12:23:04.760,1.64405,1.6443,0.90,0.60
2008.04.22 12:23:05.062,1.64405,1.64425,0.90,0.30
2008.04.22 12:23:05.324,1.64405,1.64425,0.90,0.30
2008.04.22 12:23:05.586,1.64405,1.6443,0.90,0.60
2008.04.22 12:23:05.848,1.64405,1.64425,0.90,0.30
2008.04.22 12:23:06.094,1.64405,1.64425,0.90,0.30
2008.04.22 12:23:06.339,1.6441,1.6443,1.20,0.60
2008.04.22 12:23:06.585,1.64405,1.64425,0.40,0.30
2008.04.22 12:23:06.830,1.64405,1.64425,0.40,0.30
2008.04.22 12:23:07.086,1.644,1.6442,0.90,0.30
2008.04.22 12:23:07.354,1.644,1.64425,2.20,0.30
2008.04.22 12:23:07.617,1.644,1.64425,2.20,0.30
2008.04.22 12:23:07.872,1.64405,1.64425,0.60,0.30
2008.04.22 12:23:08.119,1.644,1.6442,0.90,0.30
2008.04.22 12:23:08.374,1.644,1.6442,0.90,0.30
2008.04.22 12:23:08.610,1.644,1.6442,0.90,0.30
2008.04.22 12:23:08.853,1.644,1.6442,0.90,0.30
2008.04.22 12:23:09.104,1.644,1.6442,0.90,0.30
2008.04.22 12:23:09.441,1.644,1.6442,0.90,0.30
2008.04.22 12:23:09.694,1.644,1.64425,2.20,0.30
2008.04.22 12:23:09.945,1.644,1.64425,2.20,0.30
2008.04.22 12:23:10.179,1.64405,1.6443,0.90,0.60
2008.04.22 12:23:10.423,1.64405,1.64425,0.40,0.30
2008.04.22 12:23:10.655,1.64405,1.64425,0.90,0.30
2008.04.22 12:23:10.886,1.6441,1.6443,1.20,0.60
2008.04.22 12:23:11.221,1.6441,1.6443,1.20,0.60
2008.04.22 12:23:11.556,1.64405,1.6443,0.90,0.60
2008.04.22 12:23:11.893,1.6441,1.6443,2.50,0.30
2008.04.22 12:23:12.120,1.6441,1.6443,2.50,0.30
2008.04.22 12:23:12.346,1.6441,1.6443,2.50,0.60
2008.04.22 12:23:12.572,1.6441,1.6443,2.50,0.60
2008.04.22 12:23:12.800,1.6441,1.6443,0.90,0.60
2008.04.22 12:23:13.025,1.6441,1.6443,0.90,0.60
2008.04.22 12:23:13.325,1.6441,1.6443,1.20,0.60
2008.04.22 12:23:13.615,1.6441,1.6443,1.20,0.60
2008.04.22 12:23:13.908,1.6441,1.64425,0.40,0.30
2008.04.22 12:23:14.176,1.64405,1.64425,0.90,0.30
2008.04.22 12:23:14.443,1.64405,1.6443,0.90,0.60
2008.04.22 12:23:14.708,1.64405,1.6443,0.90,0.60
2008.04.22 12:23:14.972,1.64405,1.6443,0.90,0.60
2008.04.22 12:23:15.268,1.64405,1.6443,0.90,0.60
2008.04.22 12:23:15.564,1.64405,1.64425,0.40,0.30
2008.04.22 12:23:15.861,1.64405,1.6443,0.90,0.80
2008.04.22 12:23:16.165,1.6441,1.6443,1.20,0.60
2008.04.22 12:23:16.440,1.6441,1.6443,0.60,0.60
2008.04.22 12:23:16.716,1.6441,1.6443,2.20,0.30
2008.04.22 12:23:16.990,1.6441,1.6443,0.90,0.30
2008.04.22 12:23:17.265,1.64415,1.64435,0.90,0.30
2008.04.22 12:23:17.551,1.64415,1.64435,0.40,0.30
2008.04.22 12:23:17.836,1.64415,1.6443,0.40,0.30
2008.04.22 12:23:18.120,1.64415,1.6443,0.40,0.30
2008.04.22 12:23:18.405,1.64415,1.6443,0.40,0.30
2008.04.22 12:23:18.689,1.64415,1.6443,0.40,0.30
2008.04.22 12:23:19.188,1.64415,1.6443,0.40,0.30
2008.04.22 12:23:19.418,1.64415,1.6443,0.40,0.30
2008.04.22 12:23:19.659,1.64415,1.6443,0.40,0.60
2008.04.22 12:23:19.917,1.64415,1.6443,0.40,0.60
2008.04.22 12:23:20.143,1.64415,1.6443,0.40,0.60
2008.04.22 12:23:20.389,1.6441,1.6443,0.40,0.60
2008.04.22 12:23:20.636,1.6441,1.6443,0.40,0.60
2008.04.22 12:23:20.889,1.6441,1.6443,0.40,0.60
2008.04.22 12:23:21.143,1.6441,1.6443,0.40,0.60
2008.04.22 12:23:21.405,1.6441,1.6443,0.40,0.60
2008.04.22 12:23:21.679,1.6441,1.6443,0.40,0.60
2008.04.22 12:23:21.950,1.6441,1.6443,1.20,0.60
2008.04.22 12:23:22.220,1.64415,1.6443,0.40,0.60
2008.04.22 12:23:22.495,1.64415,1.6443,0.40,0.60
2008.04.22 12:23:22.773,1.64415,1.6443,0.40,0.60
2008.04.22 12:23:23.051,1.64415,1.6443,0.40,0.60
2008.04.22 12:23:23.328,1.6441,1.6443,1.60,0.60
2008.04.22 12:23:23.581,1.6441,1.6443,1.60,0.60
2008.04.22 12:23:24.920,1.6441,1.64425,0.40,0.30
2008.04.22 12:23:25.027,1.6441,1.64425,0.40,0.30
2008.04.22 12:23:25.200,1.6441,1.64425,0.40,0.30
2008.04.22 12:23:25.422,1.6441,1.64425,0.40,0.30
2008.04.22 12:23:25.679,1.6441,1.6443,0.40,0.60
2008.04.22 12:23:25.777,1.6441,1.6443,0.40,0.60
2008.04.22 12:23:25.913,1.6441,1.6443,0.40,0.60
2008.04.22 12:23:26.248,1.6441,1.6443,0.40,0.60
2008.04.22 12:23:26.583,1.6441,1.6443,0.40,0.60
2008.04.22 12:23:26.917,1.6441,1.6443,0.40,0.60
2008.04.22 12:23:27.136,1.6441,1.64425,0.40,0.30
2008.04.22 12:23:27.355,1.6441,1.64425,0.40,0.30
2008.04.22 12:23:27.576,1.6441,1.6443,0.40,0.60
2008.04.22 12:23:27.796,1.6441,1.6443,0.40,0.60
2008.04.22 12:23:28.016,1.64405,1.6443,0.90,0.60
2008.04.22 12:23:28.311,1.64405,1.6443,0.90,0.60
2008.04.22 12:23:28.606,1.64405,1.64425,0.40,0.30
2008.04.22 12:23:28.900,1.644,1.64425,1.20,0.30
2008.04.22 12:23:29.196,1.644,1.6442,0.40,0.30
2008.04.22 12:23:29.396,1.644,1.64425,0.90,0.30
2008.04.22 12:23:29.596,1.644,1.64425,0.90,0.30
2008.04.22 12:23:29.797,1.644,1.64425,2.20,0.30
2008.04.22 12:23:29.998,1.644,1.64425,2.20,0.30
2008.04.22 12:23:30.335,1.644,1.64425,2.20,0.30
2008.04.22 12:23:30.682,1.644,1.64425,2.20,0.30
2008.04.22 12:23:31.018,1.644,1.6442,1.90,0.30
2008.04.22 12:23:31.258,1.64395,1.64415,0.60,0.30
2008.04.22 12:23:31.499,1.6439,1.64415,2.20,0.30
2008.04.22 12:23:31.740,1.64395,1.64415,0.60,0.30
2008.04.22 12:23:31.980,1.64395,1.64415,0.60,0.30
2008.04.22 12:23:32.847,1.64395,1.64415,0.60,0.30
2008.04.22 12:23:33.173,1.644,1.6442,2.20,0.30
2008.04.22 12:23:33.381,1.644,1.6442,1.90,0.30
2008.04.22 12:23:33.589,1.644,1.6442,0.60,0.30
2008.04.22 12:23:33.794,1.644,1.6442,0.60,0.30
2008.04.22 12:23:34.132,1.644,1.6442,0.60,0.30
2008.04.22 12:23:34.466,1.644,1.6442,0.60,0.30
2008.04.22 12:23:34.800,1.644,1.6442,0.60,0.30
2008.04.22 12:23:35.135,1.644,1.6442,0.60,0.30
2008.04.22 12:23:35.331,1.644,1.6442,2.20,0.30
2008.04.22 12:23:35.527,1.644,1.6442,0.90,0.30
2008.04.22 12:23:35.721,1.644,1.6442,0.90,0.30
2008.04.22 12:23:35.916,1.644,1.6442,2.20,0.30
2008.04.22 12:23:36.170,1.644,1.6442,2.20,0.30
2008.04.22 12:23:36.506,1.644,1.6442,1.90,0.30
2008.04.22 12:23:36.841,1.644,1.6442,1.90,0.30
2008.04.22 12:23:37.410,1.644,1.6442,1.90,0.30
2008.04.22 12:23:38.128,1.644,1.6442,1.20,0.30
2008.04.22 12:23:38.239,1.64395,1.6442,0.90,0.30
2008.04.22 12:23:38.348,1.64395,1.64415,0.90,0.30
2008.04.22 12:23:38.458,1.64395,1.64415,0.90,0.30
2008.04.22 12:23:38.567,1.64395,1.64415,0.90,0.30
2008.04.22 12:23:38.677,1.64395,1.64415,0.90,0.30
2008.04.22 12:23:38.847,1.64395,1.6442,0.90,0.60
2008.04.22 12:23:38.967,1.64395,1.6442,0.90,0.60
2008.04.22 12:23:39.170,1.64395,1.6442,0.90,0.60
2008.04.22 12:23:39.496,1.644,1.6442,0.60,0.60
2008.04.22 12:23:39.842,1.64395,1.6442,0.90,0.60
2008.04.22 12:23:40.178,1.64395,1.6442,0.90,0.60
2008.04.22 12:23:40.432,1.64395,1.6442,0.90,0.60
2008.04.22 12:23:40.654,1.64395,1.6442,0.90,0.60
2008.04.22 12:23:40.874,1.644,1.6442,1.20,0.60
2008.04.22 12:23:41.094,1.644,1.6442,1.20,0.60
2008.04.22 12:23:41.314,1.644,1.6442,1.60,0.60
2008.04.22 12:23:41.593,1.644,1.6442,1.60,0.60
2008.04.22 12:23:42.900,1.644,1.6442,1.60,0.60
2008.04.22 12:23:45.205,1.644,1.6442,1.60,0.30
2008.04.22 12:23:45.363,1.644,1.6442,1.60,0.30
2008.04.22 12:23:45.518,1.644,1.64425,2.20,0.30
2008.04.22 12:23:45.673,1.644,1.64425,2.50,0.30
2008.04.22 12:23:45.829,1.644,1.64425,2.50,0.30
2008.04.22 12:23:45.985,1.644,1.6442,2.50,0.30
2008.04.22 12:23:46.152,1.644,1.6442,2.50,0.30
2008.04.22 12:23:46.316,1.64405,1.6442,0.40,0.30
2008.04.22 12:23:46.652,1.64405,1.6442,0.40,0.30
2008.04.22 12:23:46.986,1.64405,1.6442,0.40,0.30
2008.04.22 12:23:47.321,1.64405,1.6442,0.40,0.30
2008.04.22 12:23:48.392,1.64405,1.6442,0.40,0.30
2008.04.22 12:23:48.625,1.6441,1.6443,0.40,0.80
2008.04.22 12:23:48.864,1.6441,1.6443,0.40,0.60
2008.04.22 12:23:49.093,1.6441,1.6443,0.40,0.60
2008.04.22 12:23:49.323,1.6441,1.6443,0.40,0.60
2008.04.22 12:23:49.623,1.6441,1.6443,0.40,0.60
2008.04.22 12:23:49.842,1.6441,1.6443,0.40,0.60
2008.04.22 12:23:50.061,1.6441,1.6443,0.40,0.60
2008.04.22 12:23:50.271,1.6441,1.6443,0.40,0.60
2008.04.22 12:23:50.486,1.64405,1.6442,0.90,0.30
2008.04.22 12:23:50.725,1.64405,1.6442,0.90,0.30
2008.04.22 12:23:50.966,1.6441,1.6443,0.40,0.60
2008.04.22 12:23:51.209,1.6441,1.6443,0.40,0.60
2008.04.22 12:23:51.448,1.6441,1.6443,0.40,0.60
2008.04.22 12:23:51.935,1.6441,1.6443,0.40,0.60
2008.04.22 12:23:52.451,1.6441,1.6443,0.40,0.60
2008.04.22 12:23:52.657,1.6441,1.6443,0.40,0.60
2008.04.22 12:23:52.862,1.6441,1.6443,0.40,0.60
2008.04.22 12:23:53.382,1.6441,1.6443,0.40,0.60
2008.04.22 12:23:53.674,1.6441,1.6443,0.40,0.60
2008.04.22 12:23:53.872,1.6441,1.6443,0.40,0.60
2008.04.22 12:23:54.076,1.6441,1.6443,0.40,0.60
2008.04.22 12:23:54.262,1.6441,1.6443,0.40,0.60
2008.04.22 12:23:54.458,1.6441,1.6443,0.40,0.60
2008.04.22 12:23:54.677,1.6441,1.6443,0.40,0.60
2008.04.22 12:23:54.884,1.6441,1.6443,0.40,0.60
2008.04.22 12:23:55.098,1.6441,1.6443,0.40,0.60
2008.04.22 12:23:56.371,1.6441,1.6443,0.40,0.60
2008.04.22 12:23:56.559,1.6441,1.6443,0.40,0.60
2008.04.22 12:23:56.771,1.6441,1.64425,0.40,0.30
2008.04.22 12:23:56.984,1.6441,1.64425,0.40,0.30
2008.04.22 12:23:57.194,1.6441,1.64425,0.40,0.30
2008.04.22 12:23:57.414,1.644,1.6442,2.50,0.30
2008.04.22 12:23:57.625,1.64405,1.6442,0.60,0.30
2008.04.22 12:23:57.948,1.6441,1.6443,0.40,0.60
2008.04.22 12:23:58.261,1.64405,1.6443,0.60,0.80
2008.04.22 12:23:58.574,1.644,1.6442,2.50,0.30
2008.04.22 12:23:58.803,1.644,1.6442,1.90,0.60
2008.04.22 12:23:59.034,1.644,1.64415,1.20,0.30
2008.04.22 12:23:59.274,1.64395,1.6442,0.90,2.90
2008.04.22 12:23:59.504,1.64395,1.6441,0.90,0.30
2008.04.22 12:23:59.740,1.644,1.64415,0.40,0.30
2008.04.22 12:24:00.061,1.644,1.6442,0.40,0.60
2008.04.22 12:24:00.388,1.644,1.6442,0.40,0.60
2008.04.22 12:24:00.706,1.644,1.6442,0.40,0.60
2008.04.22 12:24:00.924,1.644,1.6442,0.40,0.60
2008.04.22 12:24:02.284,1.644,1.6442,0.40,0.60
2008.04.22 12:24:02.397,1.644,1.6442,0.40,0.60
2008.04.22 12:24:02.513,1.644,1.64415,0.40,0.30
2008.04.22 12:24:02.628,1.64395,1.64415,0.40,0.30
2008.04.22 12:24:02.773,1.64395,1.64415,0.40,0.30
2008.04.22 12:24:02.917,1.64395,1.64415,0.40,0.30
2008.04.22 12:24:03.617,1.64395,1.64415,0.40,0.30
2008.04.22 12:24:03.897,1.64395,1.64415,0.40,0.30
2008.04.22 12:24:05.976,1.64395,1.64415,0.40,0.30
2008.04.22 12:24:07.816,1.64395,1.64415,0.40,0.30
2008.04.22 12:24:07.855,1.64395,1.64415,0.40,0.30
2008.04.22 12:24:08.879,1.64395,1.64415,0.40,0.30
2008.04.22 12:24:09.238,1.64395,1.64415,0.40,0.30
2008.04.22 12:24:09.613,1.64395,1.64415,0.40,0.30
2008.04.22 12:24:09.736,1.64395,1.64415,0.40,0.30
2008.04.22 12:24:09.862,1.64395,1.6441,0.40,0.30
2008.04.22 12:24:10.048,1.64395,1.6441,0.40,0.60
2008.04.22 12:24:10.233,1.64395,1.6441,0.40,0.60
2008.04.22 12:24:10.418,1.6439,1.6441,0.40,0.60
2008.04.22 12:24:10.601,1.6439,1.6441,0.40,0.60
2008.04.22 12:24:10.786,1.6439,1.6441,0.40,0.60
2008.04.22 12:24:10.971,1.6439,1.6441,0.40,0.60
2008.04.22 12:24:11.230,1.6439,1.6441,0.40,0.60
2008.04.22 12:24:11.489,1.6439,1.6441,0.40,0.60
2008.04.22 12:24:12.673,1.64385,1.6441,0.90,0.60
2008.04.22 12:24:12.846,1.64385,1.6441,0.90,0.60
2008.04.22 12:24:13.157,1.64385,1.6441,0.90,0.60
2008.04.22 12:24:13.674,1.64385,1.6441,0.90,0.60
2008.04.22 12:24:13.911,1.64385,1.6441,0.90,0.60
2008.04.22 12:24:15.121,1.64385,1.6441,0.90,0.60
2008.04.22 12:24:15.255,1.6438,1.64405,2.50,0.30
2008.04.22 12:24:15.391,1.6438,1.644,0.60,0.60
2008.04.22 12:24:15.533,1.6438,1.644,0.60,0.60
2008.04.22 12:24:15.660,1.6438,1.644,0.60,0.60
2008.04.22 12:24:15.893,1.6438,1.644,1.20,0.30
2008.04.22 12:24:16.049,1.6438,1.644,1.20,0.30
2008.04.22 12:24:16.289,1.6438,1.64405,0.90,0.30
2008.04.22 12:24:16.529,1.6438,1.64405,0.90,0.30
2008.04.22 12:24:16.770,1.6438,1.64405,0.90,0.30
2008.04.22 12:24:17.010,1.6438,1.644,0.90,0.30
2008.04.22 12:24:17.256,1.6438,1.64405,0.90,0.60
2008.04.22 12:24:17.502,1.6438,1.64405,0.90,0.30
2008.04.22 12:24:17.747,1.6438,1.64405,0.90,0.30
2008.04.22 12:24:17.992,1.6438,1.64405,0.90,0.30
2008.04.22 12:24:18.237,1.6438,1.644,0.40,0.60
2008.04.22 12:24:18.493,1.6438,1.644,0.60,0.30
2008.04.22 12:24:18.734,1.64375,1.644,0.60,0.30
2008.04.22 12:24:18.978,1.6438,1.644,0.40,0.30
2008.04.22 12:24:19.259,1.6438,1.644,0.90,0.30
2008.04.22 12:24:19.539,1.6438,1.644,0.90,0.30
2008.04.22 12:24:19.818,1.6438,1.644,0.90,0.30
2008.04.22 12:24:20.134,1.6438,1.644,0.90,0.30
2008.04.22 12:24:20.391,1.6438,1.64405,0.90,0.30
2008.04.22 12:24:20.685,1.6438,1.64405,0.90,0.30
2008.04.22 12:24:20.923,1.6438,1.64405,0.90,0.30
2008.04.22 12:24:21.163,1.6438,1.64405,0.90,0.30
2008.04.22 12:24:21.429,1.6438,1.64405,0.90,0.30
2008.04.22 12:24:21.695,1.6438,1.644,0.40,0.60
2008.04.22 12:24:21.961,1.6438,1.644,0.90,0.30
2008.04.22 12:24:22.230,1.6438,1.644,0.40,0.60
2008.04.22 12:24:22.467,1.6438,1.644,0.90,0.60
2008.04.22 12:24:22.700,1.6438,1.644,0.90,0.60
2008.04.22 12:24:22.927,1.6438,1.644,0.40,0.60
2008.04.22 12:24:23.172,1.6438,1.644,0.90,0.60
2008.04.22 12:24:23.480,1.6438,1.644,0.90,0.60
2008.04.22 12:24:23.763,1.6438,1.644,0.90,0.60
2008.04.22 12:24:24.057,1.6438,1.644,0.90,0.60
2008.04.22 12:24:24.260,1.6438,1.644,0.40,0.60
2008.04.22 12:24:24.455,1.6438,1.644,0.40,0.60
2008.04.22 12:24:24.672,1.6438,1.644,0.40,0.60
2008.04.22 12:24:24.876,1.6438,1.644,0.40,0.60
2008.04.22 12:24:25.939,1.6438,1.644,0.40,0.60
2008.04.22 12:24:26.573,1.6438,1.644,0.40,0.60
2008.04.22 12:24:26.678,1.6438,1.644,0.40,0.60
2008.04.22 12:24:27.644,1.6438,1.644,0.40,0.60
2008.04.22 12:24:28.173,1.6438,1.644,0.40,0.60
2008.04.22 12:24:28.435,1.6438,1.644,0.40,0.60
2008.04.22 12:24:29.931,1.6438,1.644,0.40,0.60
2008.04.22 12:24:31.661,1.6438,1.64395,0.40,0.30
2008.04.22 12:24:31.736,1.6438,1.64395,0.40,0.30
2008.04.22 12:24:31.811,1.6438,1.64395,0.40,0.30
2008.04.22 12:24:31.886,1.6438,1.64395,0.40,0.30
2008.04.22 12:24:31.962,1.6438,1.64395,0.40,0.30
2008.04.22 12:24:32.038,1.6438,1.64395,0.40,0.30
2008.04.22 12:24:32.114,1.6438,1.64395,0.40,0.30
2008.04.22 12:24:32.191,1.6438,1.64395,0.40,0.30
2008.04.22 12:24:32.278,1.6437,1.64395,1.20,0.30
2008.04.22 12:24:32.439,1.6437,1.64395,1.20,0.30
2008.04.22 12:24:32.776,1.6437,1.64395,1.20,0.30
2008.04.22 12:24:33.183,1.6437,1.64395,1.20,0.30
2008.04.22 12:24:33.610,1.6437,1.64395,0.90,0.30
2008.04.22 12:24:33.788,1.6437,1.64395,0.90,0.30
2008.04.22 12:24:34.625,1.6437,1.64395,0.90,0.30
2008.04.22 12:24:34.850,1.6437,1.6439,0.60,0.30
2008.04.22 12:24:35.068,1.6437,1.6439,0.90,0.60
2008.04.22 12:24:35.283,1.6437,1.6439,0.90,0.60
2008.04.22 12:24:36.181,1.6437,1.6439,0.90,0.60
2008.04.22 12:24:36.388,1.6437,1.6439,0.90,0.60
2008.04.22 12:24:36.592,1.64365,1.64385,1.70,0.30
2008.04.22 12:24:36.717,1.6437,1.6439,0.90,0.30
2008.04.22 12:24:36.850,1.6437,1.6439,0.90,0.30
2008.04.22 12:24:36.975,1.6437,1.6439,0.90,0.30
2008.04.22 12:24:37.100,1.6437,1.6439,0.90,0.30
2008.04.22 12:24:37.226,1.64375,1.64395,0.60,0.30
2008.04.22 12:24:37.350,1.64375,1.64395,0.60,0.30
2008.04.22 12:24:37.476,1.6437,1.64395,1.20,0.30
2008.04.22 12:24:37.600,1.6437,1.64395,0.90,0.30
2008.04.22 12:24:37.934,1.6437,1.64395,0.90,0.30
2008.04.22 12:24:38.270,1.6437,1.64395,0.90,0.30
2008.04.22 12:24:38.604,1.6437,1.64395,0.90,0.30
2008.04.22 12:24:38.774,1.6437,1.64395,0.90,0.30
2008.04.22 12:24:38.944,1.6437,1.6439,0.90,0.30
2008.04.22 12:24:39.191,1.6437,1.6439,0.90,0.30
2008.04.22 12:24:39.360,1.6437,1.6439,0.90,0.30
2008.04.22 12:24:40.882,1.6437,1.64395,0.90,0.30
2008.04.22 12:24:41.007,1.6437,1.64395,2.20,0.30
2008.04.22 12:24:41.128,1.6437,1.64395,2.20,0.30
2008.04.22 12:24:41.261,1.6437,1.64395,2.20,0.30
2008.04.22 12:24:41.380,1.6437,1.64395,2.20,0.30
2008.04.22 12:24:41.668,1.6437,1.64395,2.20,0.30
2008.04.22 12:24:42.403,1.6437,1.64395,2.20,0.30
2008.04.22 12:24:42.646,1.6437,1.64395,2.20,0.30
2008.04.22 12:24:42.846,1.6437,1.6439,0.90,0.30
2008.04.22 12:24:42.991,1.6437,1.64395,0.90,0.30
2008.04.22 12:24:43.138,1.6437,1.64395,0.90,0.30
2008.04.22 12:24:43.282,1.6437,1.64395,0.90,0.30
2008.04.22 12:24:43.448,1.6437,1.64395,0.90,0.30
2008.04.22 12:24:43.648,1.6437,1.64395,0.90,0.30
2008.04.22 12:24:44.157,1.6437,1.64395,1.20,0.30
2008.04.22 12:24:44.493,1.64375,1.64395,0.60,0.30
2008.04.22 12:24:44.828,1.64375,1.64395,0.60,0.30
2008.04.22 12:24:44.958,1.64375,1.64395,0.60,0.30
2008.04.22 12:24:45.088,1.64375,1.644,0.60,0.60
2008.04.22 12:24:45.217,1.64375,1.644,0.60,0.60
2008.04.22 12:24:45.346,1.64375,1.644,0.60,0.30
2008.04.22 12:24:45.476,1.64375,1.644,0.60,0.30
2008.04.22 12:24:45.609,1.64375,1.644,0.60,0.30
2008.04.22 12:24:45.869,1.64375,1.644,0.90,0.30
2008.04.22 12:24:46.215,1.64375,1.644,0.90,0.30
2008.04.22 12:24:46.539,1.6438,1.644,0.90,0.30
2008.04.22 12:24:46.873,1.6438,1.644,0.90,0.30
2008.04.22 12:24:48.356,1.6438,1.644,0.90,0.30
2008.04.22 12:24:48.507,1.6438,1.644,0.90,0.30
2008.04.22 12:24:49.780,1.6438,1.644,1.20,0.30
2008.04.22 12:24:49.880,1.64385,1.64405,0.40,0.30
2008.04.22 12:24:49.979,1.64385,1.64405,0.40,0.30
2008.04.22 12:24:50.115,1.64385,1.64405,0.40,0.30
2008.04.22 12:24:50.629,1.64385,1.64405,0.40,0.30
2008.04.22 12:24:50.725,1.64385,1.64405,0.40,0.30
2008.04.22 12:24:50.844,1.64385,1.64405,0.40,0.30
2008.04.22 12:24:51.178,1.64385,1.64405,0.40,0.30
2008.04.22 12:24:51.514,1.64385,1.64405,0.40,0.30
2008.04.22 12:24:51.851,1.64385,1.64405,0.40,0.30
2008.04.22 12:24:52.000,1.64385,1.64405,0.40,0.30
2008.04.22 12:24:52.400,1.64385,1.64405,0.90,0.30
2008.04.22 12:24:52.550,1.64385,1.64405,0.90,0.30
2008.04.22 12:24:52.711,1.64385,1.64405,0.40,0.30
2008.04.22 12:24:52.851,1.6438,1.64405,2.50,0.30
2008.04.22 12:24:53.126,1.6438,1.64405,2.50,0.30
2008.04.22 12:24:53.401,1.6438,1.644,0.40,0.60
2008.04.22 12:24:53.678,1.6438,1.644,0.60,0.60
2008.04.22 12:24:53.952,1.6438,1.644,1.20,0.60
2008.04.22 12:24:54.144,1.6438,1.644,2.50,0.30
2008.04.22 12:24:54.334,1.6438,1.644,2.50,0.30
2008.04.22 12:24:54.524,1.6438,1.64405,2.50,0.30
2008.04.22 12:24:54.715,1.6438,1.64405,1.20,0.30
2008.04.22 12:24:54.905,1.6438,1.64405,1.20,0.30
2008.04.22 12:24:55.095,1.6438,1.64405,1.20,0.30
2008.04.22 12:24:55.419,1.6438,1.64405,1.20,0.30
2008.04.22 12:24:55.747,1.6438,1.644,0.40,0.30
2008.04.22 12:24:56.071,1.6438,1.644,0.40,0.30
2008.04.22 12:24:56.251,1.6438,1.644,0.40,0.30
2008.04.22 12:24:56.431,1.6438,1.644,0.40,0.30
2008.04.22 12:24:56.611,1.6438,1.644,0.40,0.30
2008.04.22 12:24:56.912,1.6438,1.644,0.40,0.30
2008.04.22 12:24:57.091,1.6438,1.644,0.60,0.30
2008.04.22 12:24:57.337,1.64385,1.644,0.60,0.30
2008.04.22 12:24:57.583,1.64385,1.64405,0.60,0.30
2008.04.22 12:24:57.829,1.6438,1.64405,0.90,0.30
2008.04.22 12:24:58.074,1.6438,1.64405,0.90,0.30
2008.04.22 12:24:58.354,1.6438,1.64405,0.90,0.30
2008.04.22 12:24:58.633,1.6438,1.644,0.40,0.30
2008.04.22 12:24:58.914,1.6438,1.644,1.60,0.80
2008.04.22 12:24:59.194,1.6438,1.64405,1.20,0.60
2008.04.22 12:24:59.455,1.6438,1.64405,1.20,0.30
2008.04.22 12:24:59.714,1.6438,1.64405,1.20,0.30
2008.04.22 12:24:59.974,1.6438,1.64405,1.20,0.30
2008.04.22 12:25:00.233,1.6438,1.64405,1.20,0.30
2008.04.22 12:25:00.469,1.6438,1.64405,1.20,0.30
2008.04.22 12:25:00.704,1.6438,1.64405,1.20,0.30
2008.04.22 12:25:01.361,1.6438,1.64405,1.20,0.30
2008.04.22 12:25:01.675,1.6438,1.64405,1.20,0.30
2008.04.22 12:25:01.950,1.6438,1.64405,1.20,0.30
2008.04.22 12:25:02.227,1.6438,1.64405,1.20,0.30
2008.04.22 12:25:02.391,1.6438,1.644,1.20,0.30
2008.04.22 12:25:02.558,1.6438,1.644,1.20,0.60
2008.04.22 12:25:02.722,1.6438,1.644,1.20,0.60
2008.04.22 12:25:02.890,1.6438,1.644,1.20,0.30
2008.04.22 12:25:03.055,1.6439,1.64405,0.40,0.30
2008.04.22 12:25:03.392,1.6439,1.64405,0.40,0.30
2008.04.22 12:25:03.726,1.6438,1.64405,1.20,0.30
2008.04.22 12:25:04.061,1.6438,1.64405,1.20,0.30
2008.04.22 12:25:04.390,1.6438,1.64405,1.20,0.30
2008.04.22 12:25:04.600,1.6438,1.64405,1.20,0.30
2008.04.22 12:25:04.920,1.6438,1.64405,1.20,0.30
2008.04.22 12:25:05.118,1.6438,1.64405,1.20,0.30
2008.04.22 12:25:05.303,1.64385,1.64405,0.60,0.30
2008.04.22 12:25:05.481,1.64385,1.64405,0.60,0.30
2008.04.22 12:25:05.670,1.64385,1.64405,0.60,0.30
2008.04.22 12:25:05.861,1.64385,1.64405,0.60,0.30
2008.04.22 12:25:06.048,1.64385,1.64405,0.60,0.30
2008.04.22 12:25:06.226,1.64385,1.64405,0.60,0.30
2008.04.22 12:25:06.572,1.64385,1.64405,0.60,0.30
2008.04.22 12:25:06.897,1.64385,1.64405,0.60,0.30
2008.04.22 12:25:07.234,1.64385,1.6441,0.60,0.60
2008.04.22 12:25:07.461,1.64385,1.6441,0.60,0.60
2008.04.22 12:25:08.454,1.64385,1.6441,0.60,0.60
2008.04.22 12:25:08.688,1.64385,1.6441,0.60,0.60
2008.04.22 12:25:08.931,1.6438,1.64405,1.20,0.30
2008.04.22 12:25:09.165,1.6438,1.64405,1.20,0.30
2008.04.22 12:25:09.439,1.6438,1.64405,2.50,0.30
2008.04.22 12:25:09.694,1.6438,1.64405,2.50,0.30
2008.04.22 12:25:09.962,1.6438,1.644,2.50,0.30
2008.04.22 12:25:10.226,1.6438,1.64405,2.50,0.30
2008.04.22 12:25:10.501,1.6438,1.64405,2.50,0.30
2008.04.22 12:25:10.776,1.6438,1.64405,2.50,0.30
2008.04.22 12:25:11.052,1.6438,1.644,2.20,0.30
2008.04.22 12:25:11.328,1.6438,1.644,0.90,0.30
2008.04.22 12:25:11.521,1.6438,1.644,0.90,0.30
2008.04.22 12:25:11.906,1.6438,1.644,0.40,0.30
2008.04.22 12:25:12.100,1.64375,1.644,0.90,0.30
2008.04.22 12:25:12.293,1.64375,1.644,0.90,0.30
2008.04.22 12:25:12.568,1.64375,1.644,0.90,0.30
2008.04.22 12:25:13.601,1.64375,1.644,0.90,0.30
2008.04.22 12:25:13.809,1.64375,1.644,0.90,0.30
2008.04.22 12:25:14.018,1.6438,1.644,0.60,0.30
2008.04.22 12:25:14.214,1.6438,1.644,0.60,0.30
2008.04.22 12:25:15.864,1.6438,1.644,0.60,0.30
2008.04.22 12:25:22.381,1.64375,1.644,0.90,0.30
2008.04.22 12:25:22.565,1.64375,1.644,0.90,0.30
2008.04.22 12:25:22.705,1.64375,1.644,0.90,0.30
2008.04.22 12:25:23.126,1.64375,1.644,0.90,0.30
2008.04.22 12:25:23.440,1.64375,1.644,0.90,0.30
2008.04.22 12:25:24.682,1.64375,1.644,0.90,0.60
2008.04.22 12:25:24.841,1.64375,1.644,0.90,0.60
2008.04.22 12:25:25.002,1.64375,1.644,0.90,0.80
2008.04.22 12:25:25.256,1.64375,1.644,0.90,0.80
2008.04.22 12:25:25.620,1.64375,1.644,0.90,0.80
2008.04.22 12:25:25.910,1.64375,1.644,0.90,0.80
2008.04.22 12:25:26.103,1.6437,1.6439,1.90,0.30
2008.04.22 12:25:26.300,1.6437,1.6438,0.40,0.30
2008.04.22 12:25:26.508,1.6437,1.6439,0.60,0.60
2008.04.22 12:25:26.705,1.6437,1.6439,1.20,0.30
2008.04.22 12:25:26.898,1.6437,1.6439,1.20,0.30
2008.04.22 12:25:27.095,1.6437,1.6439,1.20,0.30
2008.04.22 12:25:27.416,1.6437,1.6439,1.20,0.30
2008.04.22 12:25:27.746,1.6437,1.64395,1.20,0.30
2008.04.22 12:25:28.066,1.6437,1.64395,1.20,0.30
2008.04.22 12:25:28.238,1.64375,1.64395,0.60,0.30
2008.04.22 12:25:28.409,1.6437,1.6439,0.90,0.30
2008.04.22 12:25:28.591,1.6437,1.6439,2.20,0.30
2008.04.22 12:25:28.762,1.6437,1.6439,2.20,0.30
2008.04.22 12:25:29.869,1.6437,1.6439,2.20,0.30
2008.04.22 12:25:31.404,1.6437,1.6439,2.20,0.30
2008.04.22 12:25:32.146,1.6437,1.6439,2.20,0.30
2008.04.22 12:25:32.358,1.6437,1.6439,2.20,0.30
2008.04.22 12:25:33.076,1.6437,1.6439,2.20,0.30
2008.04.22 12:25:33.216,1.64375,1.6439,0.40,0.30
2008.04.22 12:25:33.413,1.6438,1.6439,0.40,0.30
2008.04.22 12:25:33.619,1.64375,1.6439,0.40,0.60
2008.04.22 12:25:33.805,1.64375,1.644,0.90,0.80
2008.04.22 12:25:34.001,1.6438,1.644,0.60,0.60
2008.04.22 12:25:34.197,1.64375,1.64395,0.90,0.30
2008.04.22 12:25:34.500,1.64375,1.6439,0.90,0.30
2008.04.22 12:25:34.801,1.64375,1.64395,0.90,0.30
2008.04.22 12:25:35.108,1.64375,1.64395,0.90,0.30
2008.04.22 12:25:35.410,1.6438,1.644,0.60,0.30
2008.04.22 12:25:36.101,1.6438,1.644,0.60,0.30
2008.04.22 12:25:36.310,1.6438,1.644,0.60,0.30
2008.04.22 12:25:36.460,1.64375,1.644,0.90,0.30
2008.04.22 12:25:36.611,1.64375,1.6439,0.90,0.30
2008.04.22 12:25:36.761,1.64375,1.644,0.90,0.80
2008.04.22 12:25:36.912,1.64375,1.64395,0.90,0.30
2008.04.22 12:25:37.062,1.64375,1.64395,0.90,0.30
2008.04.22 12:25:37.213,1.64375,1.644,0.90,0.30
2008.04.22 12:25:37.364,1.64375,1.644,0.90,0.30
2008.04.22 12:25:37.554,1.64375,1.644,0.90,0.30
2008.04.22 12:25:37.744,1.64375,1.64395,0.90,0.30
2008.04.22 12:25:37.933,1.64375,1.64395,0.90,0.30
2008.04.22 12:25:38.124,1.64375,1.64395,0.90,0.30
2008.04.22 12:25:38.314,1.64375,1.64395,0.90,0.30
2008.04.22 12:25:38.623,1.64375,1.64395,0.90,0.30
2008.04.22 12:25:45.796,1.64375,1.64395,0.90,0.30
2008.04.22 12:25:46.023,1.64375,1.64395,0.90,0.30
2008.04.22 12:25:50.610,1.64375,1.64395,0.40,0.30
2008.04.22 12:25:50.697,1.64375,1.6439,0.40,0.30
2008.04.22 12:25:50.766,1.64375,1.6439,0.40,0.30
2008.04.22 12:25:50.835,1.6437,1.6439,2.20,0.30
2008.04.22 12:25:50.906,1.6437,1.6439,2.20,0.30
2008.04.22 12:25:51.203,1.6437,1.6439,0.90,0.60
2008.04.22 12:25:52.359,1.6437,1.64385,0.40,0.30
2008.04.22 12:25:52.516,1.64365,1.6438,0.90,0.30
2008.04.22 12:25:52.671,1.64365,1.6438,0.90,0.30
2008.04.22 12:25:52.828,1.64365,1.6439,0.90,0.60
2008.04.22 12:25:52.983,1.6437,1.6439,0.60,0.60
2008.04.22 12:25:53.264,1.6437,1.6439,0.90,0.30
2008.04.22 12:25:53.545,1.64375,1.64395,0.60,0.30
2008.04.22 12:25:53.835,1.64375,1.64395,0.60,0.30
2008.04.22 12:25:54.137,1.64375,1.64395,0.90,0.30
2008.04.22 12:25:54.438,1.64375,1.64395,0.90,0.30
2008.04.22 12:25:54.862,1.64375,1.64395,0.40,0.30
2008.04.22 12:25:55.162,1.6437,1.64395,0.90,0.30
2008.04.22 12:25:55.368,1.6437,1.6439,0.40,0.30
2008.04.22 12:25:55.573,1.6438,1.64395,0.40,0.30
2008.04.22 12:25:55.781,1.64375,1.64395,0.90,0.30
2008.04.22 12:25:55.988,1.6437,1.64395,1.20,0.30
2008.04.22 12:25:56.233,1.6437,1.64395,2.50,0.30
2008.04.22 12:25:56.477,1.6437,1.64395,1.20,0.30
2008.04.22 12:25:56.722,1.64375,1.64395,0.40,0.30
2008.04.22 12:25:56.966,1.64375,1.64395,0.40,0.30
2008.04.22 12:25:57.476,1.64375,1.64395,0.40,0.30
2008.04.22 12:25:57.681,1.64375,1.64395,0.40,0.30
2008.04.22 12:25:57.880,1.64375,1.64395,0.40,0.30
2008.04.22 12:25:58.079,1.64375,1.64395,0.40,0.30
2008.04.22 12:25:58.363,1.6438,1.644,0.60,0.60
2008.04.22 12:25:58.648,1.64375,1.644,0.90,0.80
2008.04.22 12:25:58.933,1.64375,1.6439,0.40,0.30
2008.04.22 12:25:59.219,1.6437,1.6439,0.40,0.60
2008.04.22 12:25:59.520,1.64365,1.6438,0.90,0.30
2008.04.22 12:25:59.820,1.6437,1.6439,0.40,0.80
2008.04.22 12:26:00.120,1.6437,1.64385,0.40,0.30
2008.04.22 12:26:00.335,1.64365,1.6439,0.90,0.30
2008.04.22 12:26:00.551,1.64365,1.6439,0.90,0.30
2008.04.22 12:26:00.877,1.64365,1.6439,0.90,0.30
2008.04.22 12:26:01.198,1.64365,1.6439,0.90,0.30
2008.04.22 12:26:02.415,1.64365,1.6439,0.90,0.30
2008.04.22 12:26:05.095,1.64365,1.6439,0.90,0.30
2008.04.22 12:26:05.260,1.6437,1.6439,0.60,0.30
2008.04.22 12:26:05.380,1.6437,1.6439,1.20,0.30
2008.04.22 12:26:05.501,1.64365,1.6439,0.90,0.30
2008.04.22 12:26:05.621,1.64365,1.6439,0.90,0.30
2008.04.22 12:26:05.913,1.64365,1.6439,0.90,0.30
2008.04.22 12:26:08.343,1.6437,1.6439,0.60,0.30
2008.04.22 12:26:08.421,1.6437,1.6439,0.60,0.30
2008.04.22 12:26:08.561,1.6437,1.6439,1.90,0.30
2008.04.22 12:26:08.786,1.6437,1.6439,1.90,0.30
2008.04.22 12:26:09.497,1.6437,1.6439,1.90,0.30
2008.04.22 12:26:10.139,1.6437,1.6439,1.90,0.30
2008.04.22 12:26:10.295,1.6437,1.6439,2.20,0.30
2008.04.22 12:26:10.882,1.6437,1.6439,1.90,0.30
2008.04.22 12:26:11.002,1.6437,1.6439,1.20,0.30
2008.04.22 12:26:11.122,1.64365,1.6438,0.90,0.30
2008.04.22 12:26:11.242,1.6436,1.6438,1.20,0.30
2008.04.22 12:26:11.361,1.6436,1.6438,1.20,0.30
2008.04.22 12:26:11.480,1.6436,1.6438,0.60,0.60
2008.04.22 12:26:11.600,1.6436,1.6438,0.40,0.60
2008.04.22 12:26:11.719,1.6436,1.6438,0.40,0.60
2008.04.22 12:26:11.948,1.6436,1.6438,0.60,0.30
2008.04.22 12:26:12.178,1.64355,1.6438,1.70,0.60
2008.04.22 12:26:12.419,1.64355,1.64375,0.40,0.30
2008.04.22 12:26:12.640,1.64355,1.64375,0.40,0.30
2008.04.22 12:26:12.869,1.6435,1.64375,1.20,0.30
2008.04.22 12:26:13.147,1.6435,1.64375,1.20,0.30
2008.04.22 12:26:13.426,1.6435,1.64375,1.20,0.30
2008.04.22 12:26:13.707,1.6435,1.64375,1.20,0.30
2008.04.22 12:26:13.871,1.64355,1.6438,0.60,0.80
2008.04.22 12:26:14.035,1.64355,1.6438,0.60,0.80
2008.04.22 12:26:14.201,1.64355,1.6438,0.90,0.80
2008.04.22 12:26:14.372,1.64355,1.6438,0.90,0.80
2008.04.22 12:26:14.540,1.64355,1.6438,0.90,0.80
2008.04.22 12:26:14.707,1.6436,1.6438,0.40,0.60
2008.04.22 12:26:14.926,1.64365,1.6438,0.60,0.30
2008.04.22 12:26:15.146,1.64365,1.64385,0.60,0.30
2008.04.22 12:26:15.367,1.64365,1.6439,0.60,0.80
2008.04.22 12:26:15.588,1.6437,1.6439,0.60,0.30
2008.04.22 12:26:15.808,1.6437,1.64395,1.90,0.30
2008.04.22 12:26:16.116,1.6437,1.64395,0.60,0.30
2008.04.22 12:26:16.416,1.64365,1.6439,1.70,0.30
2008.04.22 12:26:16.717,1.64365,1.6439,1.70,0.30
2008.04.22 12:26:17.017,1.64365,1.6439,0.60,0.30
2008.04.22 12:26:17.202,1.64365,1.6439,0.60,0.30
2008.04.22 12:26:17.388,1.6436,1.64385,2.50,0.30
2008.04.22 12:26:17.572,1.64365,1.64385,0.40,0.30
2008.04.22 12:26:17.758,1.64365,1.6438,0.40,0.30
2008.04.22 12:26:18.044,1.64365,1.6438,0.40,0.30
2008.04.22 12:26:18.329,1.6436,1.6438,1.20,0.30
2008.04.22 12:26:18.614,1.6436,1.6438,1.20,0.30
2008.04.22 12:26:19.111,1.6436,1.6438,1.20,0.30
2008.04.22 12:26:19.326,1.6436,1.6438,1.20,0.30
2008.04.22 12:26:19.508,1.6436,1.6438,1.20,0.30
2008.04.22 12:26:19.688,1.6436,1.64385,1.20,0.30
2008.04.22 12:26:19.875,1.6436,1.64385,1.20,0.30
2008.04.22 12:26:20.009,1.6436,1.64385,1.20,0.30
2008.04.22 12:26:20.144,1.6436,1.64385,1.20,0.30
2008.04.22 12:26:20.283,1.6436,1.6438,0.40,0.30
2008.04.22 12:26:20.419,1.6436,1.64385,1.20,0.30
2008.04.22 12:26:20.559,1.6436,1.64385,1.20,0.30
2008.04.22 12:26:20.696,1.6436,1.64385,1.20,0.30
2008.04.22 12:26:20.857,1.6436,1.64385,1.20,0.30
2008.04.22 12:26:20.990,1.6436,1.64385,1.20,0.30
2008.04.22 12:26:21.936,1.6436,1.6438,0.60,0.30
2008.04.22 12:26:22.106,1.6436,1.6438,0.40,0.60
2008.04.22 12:26:22.266,1.6436,1.6438,0.40,0.60
2008.04.22 12:26:22.425,1.6436,1.6438,0.40,0.80
2008.04.22 12:26:22.625,1.6436,1.6438,0.90,0.50
2008.04.22 12:26:22.787,1.6436,1.6438,1.20,0.40
2008.04.22 12:26:22.958,1.6436,1.6438,1.20,0.40
2008.04.22 12:26:23.284,1.6436,1.64385,1.20,0.30
2008.04.22 12:26:23.610,1.64365,1.64385,0.60,0.30
2008.04.22 12:26:23.937,1.64365,1.6439,0.60,0.60
2008.04.22 12:26:24.262,1.64365,1.6439,0.60,0.60
2008.04.22 12:26:24.513,1.64365,1.6439,0.60,0.60
2008.04.22 12:26:24.763,1.64365,1.6439,0.60,0.60
2008.04.22 12:26:25.012,1.64365,1.6439,0.60,0.60
2008.04.22 12:26:25.346,1.6436,1.64385,2.50,0.30
2008.04.22 12:26:25.612,1.6436,1.6438,2.20,0.30
2008.04.22 12:26:25.877,1.64365,1.6439,0.60,0.60
2008.04.22 12:26:26.141,1.64365,1.6439,0.60,0.60
2008.04.22 12:26:26.331,1.64365,1.6439,0.60,0.60
2008.04.22 12:26:26.871,1.64365,1.6439,0.60,0.60
2008.04.22 12:26:28.642,1.64365,1.6439,0.60,0.60
2008.04.22 12:26:28.790,1.6437,1.6439,0.90,0.60
2008.04.22 12:26:28.926,1.6437,1.64385,0.40,0.30
2008.04.22 12:26:29.063,1.6437,1.64385,0.40,0.30
2008.04.22 12:26:29.308,1.6436,1.6438,0.60,0.60
2008.04.22 12:26:29.545,1.6436,1.6438,0.60,0.60
2008.04.22 12:26:29.780,1.6436,1.6438,0.60,0.60
2008.04.22 12:26:30.018,1.6436,1.6438,0.90,0.30
2008.04.22 12:26:30.253,1.6436,1.6438,0.90,0.30
2008.04.22 12:26:30.491,1.64365,1.6438,0.60,0.30
2008.04.22 12:26:30.727,1.6437,1.6439,0.40,0.60
2008.04.22 12:26:30.964,1.64365,1.64385,0.60,0.30
2008.04.22 12:26:31.201,1.6436,1.64385,0.90,0.30
2008.04.22 12:26:31.495,1.6436,1.6438,0.40,1.00
2008.04.22 12:26:31.776,1.6436,1.64375,0.40,0.30
2008.04.22 12:26:32.064,1.64355,1.6437,0.40,0.60
2008.04.22 12:26:32.355,1.6435,1.6436,1.20,0.30
2008.04.22 12:26:32.601,1.6434,1.64365,1.90,0.30
2008.04.22 12:26:32.836,1.64345,1.64365,0.60,0.40
2008.04.22 12:26:33.071,1.6435,1.6437,1.20,2.90
2008.04.22 12:26:33.306,1.6435,1.6437,1.20,0.60
2008.04.22 12:26:33.593,1.64345,1.6437,0.60,0.60
2008.04.22 12:26:33.879,1.64345,1.6437,0.60,0.60
2008.04.22 12:26:34.163,1.64345,1.6437,0.60,0.60
2008.04.22 12:26:34.409,1.64345,1.6437,0.60,0.60
2008.04.22 12:26:34.653,1.64345,1.6437,0.60,0.60
2008.04.22 12:26:34.898,1.64345,1.6437,0.60,0.60
2008.04.22 12:26:35.904,1.6435,1.6437,0.60,0.30
2008.04.22 12:26:36.169,1.6435,1.6437,0.40,0.60
2008.04.22 12:26:36.435,1.64345,1.6437,0.90,0.60
2008.04.22 12:26:36.616,1.6435,1.6437,0.60,0.30
2008.04.22 12:26:36.796,1.64345,1.6437,1.70,0.60
2008.04.22 12:26:36.976,1.64345,1.6437,1.70,0.60
2008.04.22 12:26:37.155,1.64345,1.6437,0.60,0.60
2008.04.22 12:26:37.336,1.6435,1.6437,0.40,0.60
2008.04.22 12:26:37.596,1.6435,1.6437,0.90,0.30
2008.04.22 12:26:37.856,1.6435,1.6437,0.90,0.30
2008.04.22 12:26:38.116,1.6435,1.6437,0.90,0.30
2008.04.22 12:26:38.387,1.6435,1.6437,0.40,0.60
2008.04.22 12:26:38.631,1.6435,1.6437,0.90,0.40
2008.04.22 12:26:38.872,1.6435,1.64375,0.90,0.30
2008.04.22 12:26:39.112,1.6435,1.64375,0.90,0.30
2008.04.22 12:26:39.354,1.64355,1.6438,0.60,0.60
2008.04.22 12:26:39.603,1.64355,1.6438,0.60,0.30
2008.04.22 12:26:39.853,1.64355,1.6438,0.90,0.30
2008.04.22 12:26:40.103,1.64355,1.6438,0.90,0.30
2008.04.22 12:26:40.360,1.64355,1.6437,0.40,0.30
2008.04.22 12:26:40.541,1.6435,1.6437,1.20,0.30
2008.04.22 12:26:40.723,1.64355,1.64375,0.60,0.30
2008.04.22 12:26:40.905,1.64355,1.6438,0.60,0.80
2008.04.22 12:26:41.086,1.64355,1.6438,0.60,0.30
2008.04.22 12:26:41.268,1.64355,1.6438,0.60,0.30
2008.04.22 12:26:41.448,1.64355,1.6438,0.60,0.80
2008.04.22 12:26:41.783,1.64355,1.6438,0.90,0.60
2008.04.22 12:26:42.119,1.64355,1.6438,0.90,0.60
2008.04.22 12:26:42.455,1.64355,1.6438,0.90,0.60
2008.04.22 12:26:42.664,1.64355,1.6438,0.90,0.60
2008.04.22 12:26:42.884,1.64365,1.64385,0.60,0.30
2008.04.22 12:26:43.097,1.64365,1.64385,0.60,0.30
2008.04.22 12:26:43.308,1.6437,1.6439,1.20,0.60
2008.04.22 12:26:43.536,1.6437,1.64385,0.40,0.30
2008.04.22 12:26:43.811,1.64375,1.64395,0.60,0.30
2008.04.22 12:26:44.083,1.64375,1.64395,0.60,0.30
2008.04.22 12:26:44.350,1.6438,1.644,0.60,0.60
2008.04.22 12:26:44.615,1.6438,1.644,0.60,0.30
2008.04.22 12:26:44.915,1.6437,1.6439,0.40,0.60
2008.04.22 12:26:45.215,1.6437,1.6439,0.90,0.60
2008.04.22 12:26:45.514,1.6437,1.6439,0.40,0.60
2008.04.22 12:26:45.823,1.6437,1.6439,0.40,0.60
2008.04.22 12:26:46.084,1.6437,1.6439,0.90,0.60
2008.04.22 12:26:46.344,1.6437,1.6439,0.90,0.30
2008.04.22 12:26:46.606,1.6437,1.64385,0.40,0.30
2008.04.22 12:26:46.850,1.64365,1.6438,0.40,0.30
2008.04.22 12:26:47.092,1.64365,1.6438,0.40,0.30
2008.04.22 12:26:47.331,1.64365,1.64385,0.40,0.30
2008.04.22 12:26:47.570,1.6436,1.64385,0.90,0.30
2008.04.22 12:26:47.810,1.6436,1.64385,0.60,0.30
2008.04.22 12:26:48.105,1.6436,1.64385,0.60,0.30
2008.04.22 12:26:48.400,1.6436,1.64385,0.60,0.30
2008.04.22 12:26:48.694,1.6436,1.64385,0.60,0.30
2008.04.22 12:26:49.203,1.64365,1.6439,0.60,3.20
2008.04.22 12:26:49.459,1.6436,1.64385,0.90,0.30
2008.04.22 12:26:49.715,1.64365,1.6439,0.60,0.80
2008.04.22 12:26:49.946,1.6436,1.64385,0.90,0.30
2008.04.22 12:26:50.171,1.6436,1.64385,0.90,0.30
2008.04.22 12:26:50.396,1.64365,1.64385,0.40,0.30
2008.04.22 12:26:50.771,1.64365,1.64385,0.40,0.30
2008.04.22 12:26:51.017,1.64365,1.64385,0.40,0.30
2008.04.22 12:26:51.262,1.64365,1.64385,0.40,0.30
2008.04.22 12:26:51.571,1.6436,1.64385,0.90,0.30
2008.04.22 12:26:51.815,1.6436,1.64385,0.90,0.30
2008.04.22 12:26:52.069,1.6436,1.64385,0.90,0.30
2008.04.22 12:26:52.325,1.6436,1.64385,0.90,0.30
2008.04.22 12:26:52.580,1.6436,1.64385,0.90,0.30
2008.04.22 12:26:52.835,1.6436,1.64385,0.90,0.30
2008.04.22 12:26:53.105,1.6436,1.64385,0.90,0.30
2008.04.22 12:26:53.375,1.6436,1.64385,0.90,0.30
2008.04.22 12:26:53.646,1.6436,1.64385,0.90,0.30
2008.04.22 12:26:53.918,1.6435,1.64375,2.50,0.30
2008.04.22 12:26:54.138,1.6435,1.6437,1.20,0.30
2008.04.22 12:26:54.359,1.6436,1.6438,0.90,0.30
2008.04.22 12:26:54.579,1.6436,1.6438,0.90,0.30
2008.04.22 12:26:54.799,1.64355,1.6438,0.90,0.60
2008.04.22 12:26:55.063,1.6436,1.6438,0.40,0.60
2008.04.22 12:26:55.328,1.6436,1.6438,0.40,0.60
2008.04.22 12:26:55.592,1.6436,1.6438,0.40,0.60
2008.04.22 12:26:55.857,1.6436,1.6438,0.40,0.60
2008.04.22 12:26:56.057,1.6436,1.6438,0.40,0.60
2008.04.22 12:26:56.258,1.64355,1.6438,0.90,0.60
2008.04.22 12:26:56.459,1.64355,1.6438,0.90,0.60
2008.04.22 12:26:56.660,1.64355,1.64375,0.40,0.30
2008.04.22 12:26:56.861,1.64355,1.6438,0.90,0.80
2008.04.22 12:26:57.126,1.64355,1.6438,0.90,0.80
2008.04.22 12:26:57.390,1.64355,1.6438,0.90,0.80
2008.04.22 12:26:57.655,1.64355,1.6438,0.90,0.80
2008.04.22 12:26:57.920,1.64355,1.6438,0.90,0.80
2008.04.22 12:26:58.396,1.64355,1.6438,0.90,0.80
2008.04.22 12:26:58.663,1.6436,1.6438,0.60,0.80
2008.04.22 12:26:58.939,1.6436,1.6438,0.60,0.60
2008.04.22 12:26:59.136,1.64355,1.6437,0.40,0.30
2008.04.22 12:26:59.336,1.64355,1.64375,0.60,0.30
2008.04.22 12:26:59.531,1.64355,1.6438,0.60,0.80
2008.04.22 12:26:59.707,1.6436,1.6438,0.60,0.60
2008.04.22 12:26:59.891,1.6436,1.6438,0.60,0.60
2008.04.22 12:27:00.191,1.6436,1.6438,0.40,0.60
2008.04.22 12:27:00.490,1.6436,1.6438,0.90,0.60
2008.04.22 12:27:00.790,1.6436,1.6438,0.90,0.60
2008.04.22 12:27:01.090,1.6436,1.6438,0.90,0.60
2008.04.22 12:27:01.335,1.6436,1.6438,0.90,0.60
2008.04.22 12:27:01.580,1.6436,1.6438,0.40,0.60
2008.04.22 12:27:01.826,1.6436,1.6438,0.90,0.60
2008.04.22 12:27:02.074,1.6436,1.6438,0.90,0.60
2008.04.22 12:27:02.296,1.6436,1.6438,1.20,0.30
2008.04.22 12:27:02.516,1.6436,1.6438,1.20,0.30
2008.04.22 12:27:02.736,1.6436,1.6438,1.20,0.30
2008.04.22 12:27:02.956,1.6436,1.6438,2.50,0.60
2008.04.22 12:27:03.165,1.6436,1.6438,2.50,0.30
2008.04.22 12:27:03.377,1.6436,1.6438,2.20,0.30
2008.04.22 12:27:03.587,1.6436,1.6438,1.90,0.60
2008.04.22 12:27:03.797,1.64365,1.6438,0.40,0.30
2008.04.22 12:27:04.006,1.64365,1.6438,0.40,0.30
2008.04.22 12:27:04.297,1.64365,1.6438,0.40,0.30
2008.04.22 12:27:04.588,1.6436,1.6438,0.60,0.60
2008.04.22 12:27:04.877,1.6436,1.6438,0.60,0.60
2008.04.22 12:27:05.167,1.6436,1.6438,0.60,0.60
2008.04.22 12:27:05.408,1.6436,1.6438,0.60,0.60
2008.04.22 12:27:05.661,1.6436,1.6438,0.60,0.60
2008.04.22 12:27:06.181,1.6436,1.6438,0.60,0.60
2008.04.22 12:27:06.361,1.6436,1.6438,0.90,0.30
2008.04.22 12:27:06.542,1.64365,1.6438,0.40,0.30
2008.04.22 12:27:06.723,1.6436,1.6438,2.50,0.30
2008.04.22 12:27:06.902,1.6436,1.6438,2.50,0.30
2008.04.22 12:27:07.082,1.6436,1.6438,2.50,0.30
2008.04.22 12:27:07.418,1.6436,1.6438,1.20,0.30
2008.04.22 12:27:07.753,1.6436,1.6438,1.20,0.30
2008.04.22 12:27:08.090,1.6436,1.6438,0.60,0.60
2008.04.22 12:27:08.256,1.6436,1.6438,0.40,0.80
2008.04.22 12:27:08.421,1.64355,1.6438,0.90,0.80
2008.04.22 12:27:08.587,1.6436,1.6438,0.40,0.60
2008.04.22 12:27:08.750,1.6436,1.6438,0.40,0.60
2008.04.22 12:27:08.915,1.6436,1.6438,0.40,0.60
2008.04.22 12:27:09.237,1.6436,1.6438,0.40,0.60
2008.04.22 12:27:09.829,1.6436,1.6438,0.40,0.60
2008.04.22 12:27:10.060,1.6436,1.6438,0.40,0.60
2008.04.22 12:27:10.286,1.6436,1.6438,0.40,0.60
2008.04.22 12:27:10.406,1.6436,1.6438,0.90,0.30
2008.04.22 12:27:10.544,1.6436,1.6438,0.90,0.30
2008.04.22 12:27:10.665,1.64365,1.6438,0.40,0.30
2008.04.22 12:27:10.784,1.64365,1.6438,0.40,0.30
2008.04.22 12:27:10.904,1.64365,1.6438,0.40,0.30
2008.04.22 12:27:11.023,1.6436,1.64375,1.60,0.30
2008.04.22 12:27:11.146,1.6436,1.64375,0.40,0.30
2008.04.22 12:27:11.265,1.64355,1.6437,0.90,0.30
2008.04.22 12:27:11.600,1.64355,1.6437,0.40,0.30
2008.04.22 12:27:11.935,1.64355,1.6437,0.40,0.30
2008.04.22 12:27:12.268,1.64355,1.6437,0.40,0.30
2008.04.22 12:27:12.434,1.64355,1.6437,0.40,0.30
2008.04.22 12:27:12.627,1.64355,1.6437,0.40,0.30
2008.04.22 12:27:12.944,1.64355,1.6437,0.40,0.30
2008.04.22 12:27:13.118,1.64355,1.6437,0.40,0.30
2008.04.22 12:27:13.283,1.64355,1.64375,0.90,0.30
2008.04.22 12:27:13.531,1.64355,1.64375,0.90,0.30
2008.04.22 12:27:13.780,1.64355,1.64375,0.90,0.30
2008.04.22 12:27:14.031,1.6436,1.6438,1.20,0.30
2008.04.22 12:27:14.293,1.6436,1.6438,1.20,0.30
2008.04.22 12:27:14.533,1.6436,1.6438,1.20,0.30
2008.04.22 12:27:14.772,1.6436,1.6438,1.20,0.30
2008.04.22 12:27:15.012,1.64365,1.6439,0.60,3.20
2008.04.22 12:27:15.252,1.64365,1.6439,0.60,0.80
2008.04.22 12:27:15.632,1.64365,1.6439,0.60,0.80
2008.04.22 12:27:15.882,1.64365,1.6439,0.60,0.80
2008.04.22 12:27:16.131,1.64365,1.6439,0.60,0.80
2008.04.22 12:27:16.380,1.64365,1.6439,0.60,0.80
2008.04.22 12:27:17.283,1.64365,1.6439,0.60,3.20
2008.04.22 12:27:17.438,1.64365,1.6439,0.60,3.20
2008.04.22 12:27:17.690,1.64365,1.6439,0.60,3.20
2008.04.22 12:27:17.852,1.64365,1.6439,0.60,0.80
2008.04.22 12:27:18.007,1.6437,1.6439,0.60,0.80
2008.04.22 12:27:18.162,1.6437,1.6439,0.60,0.60
2008.04.22 12:27:18.637,1.6437,1.6439,0.60,0.60
2008.04.22 12:27:18.936,1.6437,1.6439,0.60,0.60
2008.04.22 12:27:19.489,1.6437,1.6439,1.20,0.30
2008.04.22 12:27:19.673,1.6437,1.64395,1.20,0.30
2008.04.22 12:27:19.852,1.6438,1.644,0.40,7.20
2008.04.22 12:27:20.035,1.64375,1.644,0.90,0.60
2008.04.22 12:27:20.217,1.64375,1.644,0.90,0.80
2008.04.22 12:27:20.396,1.64375,1.644,0.90,0.80
2008.04.22 12:27:20.713,1.64375,1.644,0.90,0.80
2008.04.22 12:27:21.035,1.64375,1.644,0.90,0.80
2008.04.22 12:27:21.357,1.64375,1.6439,0.40,0.30
2008.04.22 12:27:21.671,1.64375,1.6439,0.40,0.30
2008.04.22 12:27:21.898,1.64375,1.64395,0.40,0.30
2008.04.22 12:27:22.123,1.64375,1.64395,0.40,0.30
2008.04.22 12:27:22.348,1.64375,1.64395,0.40,0.30
2008.04.22 12:27:22.573,1.64375,1.64395,0.90,0.30
2008.04.22 12:27:22.869,1.64375,1.64395,0.90,0.30
2008.04.22 12:27:23.164,1.64375,1.644,0.90,0.60
2008.04.22 12:27:23.459,1.64375,1.64395,0.40,0.30
2008.04.22 12:27:23.680,1.64375,1.64395,0.40,0.30
2008.04.22 12:27:23.899,1.64375,1.64395,0.40,0.30
2008.04.22 12:27:24.119,1.64375,1.6439,0.40,0.30
2008.04.22 12:27:24.340,1.64375,1.6439,0.40,0.30
2008.04.22 12:27:24.561,1.64375,1.6439,0.40,0.30
2008.04.22 12:27:24.894,1.64375,1.6439,0.40,0.30
2008.04.22 12:27:25.698,1.64375,1.64395,0.40,0.30
2008.04.22 12:27:25.867,1.64375,1.64395,0.40,0.30
2008.04.22 12:27:26.037,1.64375,1.64395,0.40,0.30
2008.04.22 12:27:26.209,1.64375,1.64395,0.40,0.30
2008.04.22 12:27:26.378,1.64375,1.64395,0.40,0.30
2008.04.22 12:27:26.856,1.64375,1.64395,0.90,0.30
2008.04.22 12:27:27.172,1.64375,1.64395,0.40,0.30
2008.04.22 12:27:27.488,1.6437,1.6439,0.90,0.30
2008.04.22 12:27:27.805,1.6437,1.6439,0.90,0.30
2008.04.22 12:27:27.980,1.6437,1.6439,0.90,0.30
2008.04.22 12:27:28.157,1.6437,1.6439,0.90,0.30
2008.04.22 12:27:28.333,1.6437,1.64385,0.40,0.30
2008.04.22 12:27:28.509,1.64365,1.6438,0.40,0.30
2008.04.22 12:27:28.685,1.64365,1.6438,0.40,0.30
2008.04.22 12:27:29.019,1.64365,1.6438,0.40,0.30
2008.04.22 12:27:29.445,1.64365,1.6438,0.40,0.30
2008.04.22 12:27:29.781,1.64365,1.64385,0.90,0.30
2008.04.22 12:27:29.991,1.64365,1.64385,0.90,0.30
2008.04.22 12:27:30.202,1.64365,1.64385,0.90,0.30
2008.04.22 12:27:30.410,1.64365,1.6439,0.90,0.60
2008.04.22 12:27:30.621,1.64365,1.6439,0.90,0.60
2008.04.22 12:27:30.906,1.6437,1.6439,0.60,0.30
2008.04.22 12:27:31.192,1.64365,1.6439,0.90,0.30
2008.04.22 12:27:31.478,1.6437,1.6439,0.40,0.60
2008.04.22 12:27:31.773,1.6437,1.6439,0.40,0.60
2008.04.22 12:27:32.082,1.6437,1.6439,0.40,0.60
2008.04.22 12:27:32.317,1.6437,1.64385,0.40,0.30
2008.04.22 12:27:32.553,1.6437,1.64385,0.40,0.30
2008.04.22 12:27:32.788,1.64365,1.64385,0.90,0.30
2008.04.22 12:27:33.013,1.64365,1.64385,0.90,0.30
2008.04.22 12:27:33.237,1.64365,1.64385,0.90,0.30
2008.04.22 12:27:33.463,1.64365,1.64385,0.90,0.30
2008.04.22 12:27:33.688,1.6437,1.64385,0.40,0.30
2008.04.22 12:27:33.899,1.6437,1.64385,0.40,0.30
2008.04.22 12:27:34.117,1.6437,1.6439,0.40,0.60
2008.04.22 12:27:34.340,1.6437,1.6439,0.40,0.30
2008.04.22 12:27:34.552,1.6437,1.6439,0.40,0.30
2008.04.22 12:27:34.770,1.6437,1.6439,0.40,0.30
2008.04.22 12:27:36.388,1.6437,1.64385,0.40,0.30
2008.04.22 12:27:36.523,1.6437,1.6439,0.40,0.30
2008.04.22 12:27:36.660,1.64365,1.6439,0.90,0.30
2008.04.22 12:27:36.795,1.64365,1.64385,0.90,0.30
2008.04.22 12:27:36.958,1.64365,1.64385,0.90,0.30
2008.04.22 12:27:37.107,1.64365,1.64385,0.90,0.30
2008.04.22 12:27:37.258,1.64365,1.64385,0.60,0.30
2008.04.22 12:27:37.418,1.64365,1.64385,0.60,0.30
2008.04.22 12:27:37.568,1.6436,1.6438,0.90,0.30
2008.04.22 12:27:37.718,1.6436,1.6438,0.90,0.30
2008.04.22 12:27:37.868,1.6436,1.6438,0.90,0.30
2008.04.22 12:27:38.192,1.6436,1.6438,0.90,0.30
2008.04.22 12:27:38.531,1.6436,1.64375,0.40,0.30
2008.04.22 12:27:38.859,1.6436,1.6438,0.90,0.80
2008.04.22 12:27:39.071,1.64355,1.6438,0.60,0.60
2008.04.22 12:27:39.282,1.6436,1.6438,0.90,0.60
2008.04.22 12:27:39.495,1.6436,1.6438,0.90,0.80
2008.04.22 12:27:39.705,1.6436,1.6438,0.90,0.80
2008.04.22 12:27:39.917,1.6437,1.6438,0.90,0.40
2008.04.22 12:27:40.242,1.6438,1.644,0.90,4.80
2008.04.22 12:27:40.568,1.64375,1.644,0.60,6.90
2008.04.22 12:27:40.894,1.6437,1.6439,1.90,0.30
2008.04.22 12:27:41.109,1.6437,1.6439,0.60,0.30
2008.04.22 12:27:41.304,1.6437,1.6439,0.60,0.30
2008.04.22 12:27:41.882,1.6437,1.6439,0.60,0.30
2008.04.22 12:27:42.194,1.6437,1.6439,0.60,0.30
2008.04.22 12:27:42.985,1.6437,1.6439,0.60,0.30
2008.04.22 12:27:43.089,1.6437,1.6439,0.60,0.30
2008.04.22 12:27:43.194,1.6437,1.6439,0.60,0.30
2008.04.22 12:27:43.301,1.6437,1.6439,0.90,0.30
2008.04.22 12:27:43.407,1.6437,1.6439,0.90,0.30
2008.04.22 12:27:43.512,1.6437,1.6439,0.60,0.30
2008.04.22 12:27:43.616,1.6437,1.6439,0.60,0.30
2008.04.22 12:27:43.721,1.6437,1.6439,0.90,0.30
2008.04.22 12:27:44.167,1.6437,1.6439,0.90,0.30
2008.04.22 12:27:44.502,1.6437,1.6439,0.90,0.30
2008.04.22 12:27:45.013,1.6437,1.64395,0.90,0.30
2008.04.22 12:27:45.520,1.6437,1.6439,0.90,0.30
2008.04.22 12:27:45.659,1.6437,1.6439,0.90,0.30
2008.04.22 12:27:46.385,1.6437,1.6439,0.90,0.30
2008.04.22 12:27:46.885,1.6437,1.6439,0.90,0.30
2008.04.22 12:27:47.397,1.6437,1.6439,0.90,0.30
2008.04.22 12:27:47.610,1.6437,1.6439,0.90,0.30
2008.04.22 12:27:48.078,1.6438,1.6439,1.20,0.30
2008.04.22 12:27:48.275,1.6438,1.6439,1.20,0.30
2008.04.22 12:27:48.469,1.6438,1.6439,1.20,0.30
2008.04.22 12:27:48.667,1.6438,1.6439,1.20,0.30
2008.04.22 12:27:48.861,1.6438,1.6439,1.20,0.30
2008.04.22 12:27:49.055,1.6438,1.6439,1.20,0.30
2008.04.22 12:27:49.250,1.6438,1.6439,1.20,0.30
2008.04.22 12:27:49.575,1.6437,1.64395,2.20,0.30
2008.04.22 12:27:49.901,1.6438,1.644,1.20,0.60
2008.04.22 12:27:50.228,1.644,1.6441,1.20,0.30
2008.04.22 12:27:50.392,1.6438,1.644,0.90,0.60
2008.04.22 12:27:50.558,1.6439,1.644,1.20,0.60
2008.04.22 12:27:50.723,1.6439,1.64395,1.20,0.30
2008.04.22 12:27:50.887,1.6439,1.64395,1.20,0.30
2008.04.22 12:27:51.051,1.6438,1.644,1.90,0.30
2008.04.22 12:27:51.216,1.6438,1.644,1.90,0.30
2008.04.22 12:27:51.552,1.6438,1.644,1.20,2.90
2008.04.22 12:27:51.887,1.6439,1.64405,1.20,0.30
2008.04.22 12:27:52.222,1.6439,1.644,1.20,0.30
2008.04.22 12:27:52.416,1.6439,1.644,1.20,0.30
2008.04.22 12:27:52.611,1.6439,1.64405,1.20,0.30
2008.04.22 12:27:52.808,1.6439,1.64405,1.20,0.30
2008.04.22 12:27:53.002,1.6439,1.64405,1.20,0.30
2008.04.22 12:27:53.197,1.6439,1.64405,1.20,0.30
2008.04.22 12:27:53.527,1.6439,1.64405,1.20,0.30
2008.04.22 12:27:53.873,1.6439,1.64405,1.20,0.30
2008.04.22 12:27:54.650,1.6439,1.6441,1.20,0.80
2008.04.22 12:27:54.861,1.6439,1.6441,1.20,0.80
2008.04.22 12:27:55.055,1.6439,1.6441,1.20,0.60
2008.04.22 12:27:55.251,1.6439,1.64415,1.90,0.30
2008.04.22 12:27:55.463,1.644,1.64415,1.20,0.30
2008.04.22 12:27:55.684,1.644,1.64415,1.20,0.30
2008.04.22 12:27:55.884,1.644,1.64415,1.20,0.30
2008.04.22 12:27:56.094,1.644,1.6441,1.20,0.30
2008.04.22 12:27:56.303,1.644,1.6441,1.20,0.30
2008.04.22 12:27:56.538,1.644,1.6442,0.40,0.60
2008.04.22 12:27:56.773,1.644,1.6442,1.60,0.60
2008.04.22 12:27:57.010,1.644,1.6442,0.40,0.60
2008.04.22 12:27:57.245,1.644,1.6442,0.40,0.60
2008.04.22 12:27:57.914,1.644,1.6442,0.40,0.60
2008.04.22 12:27:58.379,1.644,1.64415,0.40,0.30
2008.04.22 12:27:58.547,1.64395,1.6441,0.90,0.30
2008.04.22 12:27:58.714,1.6439,1.6441,2.20,0.30
2008.04.22 12:27:58.888,1.6439,1.6441,2.20,0.30
2008.04.22 12:27:59.054,1.644,1.6442,1.60,0.60
2008.04.22 12:27:59.219,1.644,1.64415,1.60,0.30
2008.04.22 12:27:59.383,1.644,1.6441,1.20,0.30
2008.04.22 12:27:59.652,1.644,1.6441,1.20,0.30
2008.04.22 12:27:59.880,1.644,1.6441,1.20,0.30
2008.04.22 12:28:00.109,1.644,1.6441,1.20,0.30
2008.04.22 12:28:00.339,1.644,1.6441,1.20,0.30
2008.04.22 12:28:00.884,1.644,1.6441,1.20,0.30
2008.04.22 12:28:01.051,1.644,1.6441,1.20,0.30
2008.04.22 12:28:01.185,1.644,1.6442,1.20,3.00
2008.04.22 12:28:01.320,1.644,1.6442,1.20,0.60
2008.04.22 12:28:01.485,1.644,1.64415,1.20,0.30
2008.04.22 12:28:01.665,1.644,1.64415,1.20,0.30
2008.04.22 12:28:01.819,1.644,1.64415,1.20,0.30
2008.04.22 12:28:01.995,1.644,1.6441,1.20,0.60
2008.04.22 12:28:02.162,1.644,1.6441,1.20,0.30
2008.04.22 12:28:02.328,1.644,1.6441,1.20,0.30
2008.04.22 12:28:02.522,1.644,1.6441,1.20,0.30
2008.04.22 12:28:02.716,1.644,1.6441,1.20,0.30
2008.04.22 12:28:02.911,1.644,1.6441,1.20,0.30
2008.04.22 12:28:03.105,1.6439,1.64405,1.20,0.30
2008.04.22 12:28:03.302,1.6439,1.64405,1.20,0.30
2008.04.22 12:28:03.523,1.6439,1.64405,1.20,0.30
2008.04.22 12:28:03.743,1.6439,1.64405,1.20,0.30
2008.04.22 12:28:03.963,1.6439,1.64405,1.20,0.30
2008.04.22 12:28:04.208,1.6439,1.64405,1.20,0.30
2008.04.22 12:28:04.855,1.6439,1.64405,1.20,0.30
2008.04.22 12:28:05.270,1.6439,1.64405,1.20,0.30
2008.04.22 12:28:05.588,1.6439,1.64405,1.20,0.30
2008.04.22 12:28:05.797,1.6439,1.64405,1.20,0.30
2008.04.22 12:28:06.016,1.6439,1.64405,1.20,0.30
2008.04.22 12:28:06.232,1.6439,1.64405,1.20,0.30
2008.04.22 12:28:06.422,1.6439,1.64405,1.20,0.30
2008.04.22 12:28:06.878,1.6439,1.6441,1.20,0.80
2008.04.22 12:28:07.140,1.6439,1.6441,1.20,0.60
2008.04.22 12:28:07.400,1.6439,1.6441,1.20,0.30
2008.04.22 12:28:07.662,1.6439,1.6441,1.20,0.30
2008.04.22 12:28:08.892,1.6439,1.6441,1.20,0.30
2008.04.22 12:28:09.166,1.64385,1.6441,0.60,0.30
2008.04.22 12:28:09.444,1.64385,1.6441,0.60,0.30
2008.04.22 12:28:10.439,1.64385,1.6441,0.60,0.30
2008.04.22 12:28:10.748,1.64385,1.6441,0.60,0.30
2008.04.22 12:28:10.894,1.64385,1.6441,0.90,0.30
2008.04.22 12:28:11.048,1.64385,1.6441,0.90,0.30
2008.04.22 12:28:11.213,1.64385,1.64405,0.40,0.30
2008.04.22 12:28:11.369,1.64385,1.64405,0.40,0.30
2008.04.22 12:28:11.524,1.64385,1.64405,0.40,0.30
2008.04.22 12:28:11.680,1.64385,1.64405,0.40,0.30
2008.04.22 12:28:11.883,1.64385,1.64405,0.40,0.30
2008.04.22 12:28:12.193,1.64385,1.64405,0.40,0.30
2008.04.22 12:28:12.401,1.64385,1.64405,0.40,0.30
2008.04.22 12:28:12.758,1.64385,1.64405,0.40,0.30
2008.04.22 12:28:12.967,1.64385,1.644,0.40,0.30
2008.04.22 12:28:13.177,1.64385,1.644,0.40,0.30
2008.04.22 12:28:13.387,1.64385,1.644,0.40,0.30
2008.04.22 12:28:13.598,1.6439,1.6441,0.40,0.60
2008.04.22 12:28:13.808,1.6439,1.6441,0.40,0.60
2008.04.22 12:28:13.957,1.6439,1.6441,0.40,0.60
2008.04.22 12:28:14.149,1.6439,1.6441,0.40,0.60
2008.04.22 12:28:14.677,1.6439,1.6441,0.40,0.60
2008.04.22 12:28:15.389,1.6439,1.6441,0.40,0.60
2008.04.22 12:28:15.661,1.6439,1.6441,0.40,0.60
2008.04.22 12:28:15.876,1.6439,1.6441,0.40,0.60
2008.04.22 12:28:16.040,1.6439,1.6441,0.40,0.60
2008.04.22 12:28:17.161,1.6439,1.6441,0.40,0.60
2008.04.22 12:28:17.358,1.6439,1.6441,0.40,0.60
2008.04.22 12:28:17.475,1.64385,1.644,0.90,0.30
2008.04.22 12:28:17.585,1.64385,1.644,0.90,0.30
2008.04.22 12:28:17.694,1.64385,1.644,0.90,0.30
2008.04.22 12:28:17.804,1.64385,1.644,0.60,0.30
2008.04.22 12:28:17.912,1.64385,1.644,0.60,0.30
2008.04.22 12:28:18.382,1.64385,1.644,0.60,0.30
2008.04.22 12:28:18.599,1.6438,1.644,2.50,0.30
2008.04.22 12:28:18.788,1.6438,1.644,1.20,0.30
2008.04.22 12:28:18.977,1.6438,1.644,1.20,0.30
2008.04.22 12:28:19.151,1.6438,1.644,1.20,0.30
2008.04.22 12:28:19.425,1.6438,1.644,1.20,0.30
2008.04.22 12:28:20.660,1.6438,1.644,1.20,0.30
2008.04.22 12:28:20.869,1.6438,1.644,1.20,0.30
2008.04.22 12:28:21.008,1.6438,1.644,1.20,0.30
2008.04.22 12:28:21.243,1.6438,1.6439,0.60,0.30
2008.04.22 12:28:21.469,1.6438,1.6439,0.60,0.30
2008.04.22 12:28:21.694,1.6438,1.644,0.90,0.30
2008.04.22 12:28:21.919,1.6438,1.644,0.90,0.30
2008.04.22 12:28:22.635,1.6438,1.644,0.90,0.30
2008.04.22 12:28:22.831,1.6438,1.6439,0.60,0.30
2008.04.22 12:28:23.027,1.6438,1.6439,0.60,0.30
2008.04.22 12:28:23.354,1.6438,1.6439,0.60,0.30
2008.04.22 12:28:23.483,1.6438,1.6439,0.60,0.30
2008.04.22 12:28:23.603,1.6438,1.6439,0.60,0.30
2008.04.22 12:28:23.724,1.6438,1.6439,0.60,0.30
2008.04.22 12:28:23.845,1.6438,1.644,0.90,0.30
2008.04.22 12:28:23.965,1.6438,1.644,0.90,0.30
2008.04.22 12:28:24.086,1.6438,1.64395,0.40,0.30
2008.04.22 12:28:24.358,1.6438,1.64395,0.40,0.30
2008.04.22 12:28:24.630,1.6438,1.64395,0.40,0.30
2008.04.22 12:28:24.902,1.6438,1.644,0.60,0.60
2008.04.22 12:28:25.184,1.6438,1.644,0.60,0.60
2008.04.22 12:28:25.440,1.6438,1.644,0.90,0.60
2008.04.22 12:28:25.695,1.6438,1.644,0.40,0.60
2008.04.22 12:28:25.951,1.6438,1.644,0.40,0.60
2008.04.22 12:28:26.205,1.6438,1.644,0.90,0.60
2008.04.22 12:28:26.466,1.6439,1.64405,0.40,0.30
2008.04.22 12:28:26.726,1.6439,1.64405,0.40,0.30
2008.04.22 12:28:26.986,1.6439,1.6441,0.90,0.50
2008.04.22 12:28:27.247,1.644,1.64415,0.40,0.30
2008.04.22 12:28:27.513,1.644,1.64415,0.40,0.30
2008.04.22 12:28:27.789,1.6439,1.6441,2.20,0.60
2008.04.22 12:28:28.055,1.64385,1.6441,0.90,0.60
2008.04.22 12:28:28.319,1.64385,1.6441,0.90,0.60
2008.04.22 12:28:28.533,1.64385,1.6441,0.90,0.60
2008.04.22 12:28:28.733,1.6439,1.6441,0.60,0.30
2008.04.22 12:28:28.934,1.6439,1.6441,1.20,0.30
2008.04.22 12:28:29.135,1.6439,1.6441,1.20,0.30
2008.04.22 12:28:29.397,1.6439,1.64415,1.20,0.30
2008.04.22 12:28:29.656,1.64395,1.6442,0.60,3.20
2008.04.22 12:28:29.916,1.64395,1.6442,0.90,3.20
2008.04.22 12:28:30.176,1.64395,1.64415,0.90,0.30
2008.04.22 12:28:30.434,1.644,1.6442,0.60,3.00
2008.04.22 12:28:30.694,1.644,1.64425,2.20,0.30
2008.04.22 12:28:30.954,1.644,1.6442,1.60,0.60
2008.04.22 12:28:31.215,1.6439,1.64415,2.50,0.30
2008.04.22 12:28:31.469,1.6439,1.64405,1.90,0.30
2008.04.22 12:28:31.724,1.6439,1.6441,0.90,0.60
2008.04.22 12:28:31.979,1.6439,1.6441,0.90,0.30
2008.04.22 12:28:32.235,1.6439,1.6441,0.40,0.30
2008.04.22 12:28:32.481,1.64385,1.6441,0.90,0.60
2008.04.22 12:28:32.726,1.64385,1.6441,0.90,0.30
2008.04.22 12:28:32.983,1.64385,1.64405,0.90,0.30
2008.04.22 12:28:33.228,1.6439,1.6441,0.60,0.30
2008.04.22 12:28:33.530,1.6439,1.6441,0.60,0.30
2008.04.22 12:28:33.832,1.64385,1.64405,0.60,0.30
2008.04.22 12:28:34.131,1.64385,1.64405,0.60,0.30
2008.04.22 12:28:34.442,1.64385,1.64405,0.60,0.30
2008.04.22 12:28:34.662,1.64385,1.64405,0.60,0.30
2008.04.22 12:28:34.893,1.64385,1.64405,0.60,0.30
2008.04.22 12:28:35.134,1.6438,1.644,0.90,0.30
2008.04.22 12:28:35.373,1.6438,1.644,0.60,0.30
2008.04.22 12:28:35.658,1.64385,1.64405,0.60,0.30
2008.04.22 12:28:35.933,1.64385,1.64405,0.60,0.30
2008.04.22 12:28:36.222,1.6438,1.64405,0.60,0.30
2008.04.22 12:28:36.474,1.6438,1.644,0.60,0.80
2008.04.22 12:28:36.726,1.6438,1.644,0.60,0.60
2008.04.22 12:28:36.977,1.64375,1.64395,0.60,0.30
2008.04.22 12:28:37.228,1.6438,1.644,0.90,0.40
2008.04.22 12:28:37.556,1.6438,1.644,0.60,0.30
2008.04.22 12:28:37.872,1.6438,1.644,0.60,0.30
2008.04.22 12:28:38.186,1.6438,1.644,0.60,0.30
2008.04.22 12:28:38.500,1.6438,1.644,0.60,0.30
2008.04.22 12:28:38.770,1.6438,1.644,0.60,0.30
2008.04.22 12:28:39.041,1.6438,1.64405,1.20,0.30
2008.04.22 12:28:39.311,1.6439,1.6441,0.60,0.80
2008.04.22 12:28:39.567,1.6439,1.6441,0.90,0.30
2008.04.22 12:28:39.823,1.644,1.6442,0.40,3.20
2008.04.22 12:28:40.077,1.644,1.64425,0.90,0.30
2008.04.22 12:28:40.333,1.644,1.6442,1.90,0.60
2008.04.22 12:28:40.613,1.644,1.64425,0.90,0.30
2008.04.22 12:28:40.894,1.644,1.6442,0.60,0.60
2008.04.22 12:28:41.175,1.644,1.64425,2.50,0.30
2008.04.22 12:28:41.454,1.644,1.64425,2.50,0.30
2008.04.22 12:28:41.725,1.644,1.64425,2.50,0.30
2008.04.22 12:28:41.995,1.644,1.64425,2.50,0.30
2008.04.22 12:28:42.272,1.64405,1.64425,0.40,0.30
2008.04.22 12:28:42.519,1.64405,1.64425,0.40,0.30
2008.04.22 12:28:42.882,1.64405,1.64425,0.40,0.30
2008.04.22 12:28:43.138,1.644,1.6442,2.20,0.60
2008.04.22 12:28:43.384,1.644,1.6442,0.40,0.60
2008.04.22 12:28:43.609,1.644,1.6442,0.90,0.60
2008.04.22 12:28:43.833,1.644,1.6442,0.90,0.60
2008.04.22 12:28:44.057,1.644,1.6442,0.90,0.60
2008.04.22 12:28:44.282,1.644,1.6442,0.90,0.60
2008.04.22 12:28:44.506,1.644,1.6442,0.90,0.60
2008.04.22 12:28:44.795,1.644,1.64415,0.40,0.30
2008.04.22 12:28:45.086,1.644,1.64415,0.40,0.30
2008.04.22 12:28:45.376,1.644,1.64415,0.40,0.30
2008.04.22 12:28:45.572,1.644,1.6442,0.40,0.60
2008.04.22 12:28:45.765,1.644,1.6442,0.40,0.60
2008.04.22 12:28:45.960,1.644,1.6442,0.40,0.60
2008.04.22 12:28:46.165,1.644,1.6442,0.40,0.80
2008.04.22 12:28:46.359,1.644,1.6442,0.40,1.60
2008.04.22 12:28:46.630,1.644,1.6442,0.40,1.60
2008.04.22 12:28:46.900,1.644,1.6442,0.40,0.60
2008.04.22 12:28:47.170,1.644,1.6442,0.40,0.60
2008.04.22 12:28:47.657,1.644,1.6442,0.40,0.60
2008.04.22 12:28:47.879,1.644,1.6442,0.60,0.30
2008.04.22 12:28:48.100,1.644,1.64425,2.50,0.30
2008.04.22 12:28:48.321,1.644,1.64425,2.50,0.30
2008.04.22 12:28:49.413,1.644,1.64425,2.50,0.30
2008.04.22 12:28:49.606,1.644,1.64425,2.50,0.30
2008.04.22 12:28:49.822,1.64405,1.64425,0.40,0.30
2008.04.22 12:28:50.026,1.64405,1.64415,0.40,0.30
2008.04.22 12:28:50.234,1.644,1.6442,0.40,0.30
2008.04.22 12:28:50.441,1.644,1.6442,1.20,0.30
2008.04.22 12:28:50.740,1.644,1.6442,0.40,0.60
2008.04.22 12:28:51.015,1.644,1.6442,0.40,0.60
2008.04.22 12:28:51.292,1.644,1.6442,0.40,0.60
2008.04.22 12:28:51.603,1.644,1.6442,0.40,0.60
2008.04.22 12:28:51.923,1.644,1.6442,0.40,0.60
2008.04.22 12:28:52.188,1.644,1.6442,0.90,0.30
2008.04.22 12:28:52.464,1.644,1.6442,2.20,0.30
2008.04.22 12:28:53.363,1.644,1.6442,2.20,0.30
2008.04.22 12:28:53.553,1.644,1.6442,2.20,0.60
2008.04.22 12:28:53.709,1.64395,1.6442,0.90,0.60
2008.04.22 12:28:53.864,1.64395,1.6442,0.90,0.60
2008.04.22 12:28:54.020,1.64395,1.64415,0.40,0.30
2008.04.22 12:28:54.184,1.64395,1.64415,0.40,0.30
2008.04.22 12:28:54.341,1.64395,1.64415,0.40,0.30
2008.04.22 12:28:54.496,1.64395,1.64415,0.40,0.30
2008.04.22 12:28:54.791,1.64395,1.64415,0.40,0.30
2008.04.22 12:28:55.085,1.64395,1.64415,0.40,0.30
2008.04.22 12:28:55.379,1.64395,1.64415,0.40,0.30
2008.04.22 12:28:55.675,1.6439,1.64415,2.20,0.30
2008.04.22 12:28:55.834,1.6439,1.64415,2.20,0.30
2008.04.22 12:28:58.781,1.6439,1.64415,1.90,0.30
2008.04.22 12:28:58.994,1.6439,1.64415,1.90,0.30
2008.04.22 12:28:59.169,1.6439,1.64415,1.90,0.30
2008.04.22 12:28:59.344,1.6439,1.64415,1.90,0.30
2008.04.22 12:28:59.520,1.6439,1.64415,1.90,0.30
2008.04.22 12:29:02.965,1.6439,1.64415,1.90,0.30
2008.04.22 12:29:03.074,1.6439,1.64415,0.60,0.30
2008.04.22 12:29:03.370,1.6439,1.64415,0.60,0.30
2008.04.22 12:29:03.480,1.6439,1.64415,0.60,0.30
2008.04.22 12:29:03.704,1.6439,1.64415,0.60,0.30
2008.04.22 12:29:03.804,1.6439,1.64415,1.90,0.30
2008.04.22 12:29:04.142,1.6439,1.6441,1.20,0.80
2008.04.22 12:29:04.478,1.6439,1.6441,0.90,0.50
2008.04.22 12:29:04.813,1.64385,1.6441,0.90,0.80
2008.04.22 12:29:05.005,1.6439,1.6441,0.60,0.50
2008.04.22 12:29:05.199,1.6439,1.6441,0.90,0.30
2008.04.22 12:29:05.603,1.6439,1.6441,0.40,0.60
2008.04.22 12:29:05.799,1.6439,1.6441,0.40,0.60
2008.04.22 12:29:06.079,1.6439,1.6441,0.40,0.60
2008.04.22 12:29:06.352,1.6439,1.6441,0.40,0.60
2008.04.22 12:29:06.634,1.6439,1.6441,0.40,0.60
2008.04.22 12:29:06.917,1.6439,1.64405,0.40,0.30
2008.04.22 12:29:07.186,1.6438,1.644,2.50,0.60
2008.04.22 12:29:07.421,1.6438,1.644,0.90,0.60
2008.04.22 12:29:07.668,1.6438,1.644,0.90,0.60
2008.04.22 12:29:07.914,1.6438,1.644,0.90,0.60
2008.04.22 12:29:08.187,1.6438,1.644,0.90,0.60
2008.04.22 12:29:08.437,1.6438,1.644,0.90,0.60
2008.04.22 12:29:08.918,1.6438,1.644,0.90,0.60
2008.04.22 12:29:09.176,1.6438,1.644,0.90,0.60
2008.04.22 12:29:09.471,1.6438,1.644,0.90,0.60
2008.04.22 12:29:09.876,1.6438,1.644,0.90,0.60
2008.04.22 12:29:10.364,1.6438,1.644,0.90,0.30
2008.04.22 12:29:10.591,1.6438,1.644,0.90,0.30
2008.04.22 12:29:10.816,1.6438,1.644,0.90,0.30
2008.04.22 12:29:11.042,1.6438,1.644,0.90,0.30
2008.04.22 12:29:11.297,1.6438,1.644,0.90,0.30
2008.04.22 12:29:11.552,1.6438,1.644,0.90,0.30
2008.04.22 12:29:12.412,1.6438,1.644,0.90,0.30
2008.04.22 12:29:12.638,1.6438,1.644,0.90,0.30
2008.04.22 12:29:15.166,1.6438,1.644,0.90,0.30
2008.04.22 12:29:15.371,1.6438,1.644,1.20,0.30
2008.04.22 12:29:15.575,1.6438,1.644,1.20,0.30
2008.04.22 12:29:15.779,1.6438,1.644,2.50,0.30
2008.04.22 12:29:16.120,1.6438,1.644,2.50,0.30
2008.04.22 12:29:17.944,1.6438,1.644,2.50,0.60
2008.04.22 12:29:18.180,1.6438,1.644,2.50,0.60
2008.04.22 12:29:18.416,1.6438,1.644,0.90,0.60
2008.04.22 12:29:18.615,1.6438,1.644,0.90,0.60
2008.04.22 12:29:18.803,1.6438,1.644,0.40,0.60
2008.04.22 12:29:18.994,1.6438,1.644,0.40,0.60
2008.04.22 12:29:19.186,1.6438,1.644,0.40,0.60
2008.04.22 12:29:19.387,1.6438,1.644,0.40,0.60
2008.04.22 12:29:20.392,1.6438,1.644,0.40,0.60
2008.04.22 12:29:22.510,1.6438,1.644,0.90,0.60
2008.04.22 12:29:22.885,1.6438,1.644,0.90,0.60
2008.04.22 12:29:23.206,1.6438,1.644,0.90,0.60
2008.04.22 12:29:23.604,1.6438,1.644,0.90,0.60
2008.04.22 12:29:23.964,1.6438,1.644,0.90,0.30
2008.04.22 12:29:24.241,1.6438,1.644,0.90,0.30
2008.04.22 12:29:24.501,1.6438,1.644,0.90,0.30
2008.04.22 12:29:24.865,1.6438,1.644,0.90,0.30
2008.04.22 12:29:25.097,1.6438,1.644,1.20,0.30
2008.04.22 12:29:25.306,1.6438,1.644,1.20,0.30
2008.04.22 12:29:25.516,1.6438,1.644,1.20,0.30
2008.04.22 12:29:26.650,1.6438,1.644,1.20,0.60
2008.04.22 12:29:26.887,1.6438,1.644,0.90,0.30
2008.04.22 12:29:27.124,1.6438,1.644,0.90,0.30
2008.04.22 12:29:27.356,1.6438,1.64395,0.40,0.30
2008.04.22 12:29:27.586,1.6438,1.6439,0.60,0.30
2008.04.22 12:29:27.899,1.6438,1.644,0.90,0.60
2008.04.22 12:29:28.211,1.6438,1.644,0.90,0.30
2008.04.22 12:29:28.524,1.6438,1.64405,2.20,0.30
2008.04.22 12:29:28.769,1.6438,1.644,2.20,0.30
2008.04.22 12:29:29.003,1.6438,1.644,2.20,0.30
2008.04.22 12:29:30.369,1.6438,1.644,2.20,0.30
2008.04.22 12:29:30.670,1.6438,1.644,2.20,0.30
2008.04.22 12:29:30.890,1.6438,1.644,2.20,0.30
2008.04.22 12:29:31.071,1.6439,1.6441,0.40,2.90
2008.04.22 12:29:31.265,1.6439,1.6441,0.40,0.60
2008.04.22 12:29:31.456,1.6439,1.6441,0.40,0.60
2008.04.22 12:29:31.648,1.6439,1.6441,0.40,0.60
2008.04.22 12:29:32.134,1.6439,1.6441,0.90,0.60
2008.04.22 12:29:32.445,1.6439,1.6441,0.90,0.60
2008.04.22 12:29:32.755,1.6439,1.6441,0.90,0.30
2008.04.22 12:29:32.960,1.6439,1.6441,0.90,0.30
2008.04.22 12:29:33.186,1.6439,1.6441,0.90,0.30
2008.04.22 12:29:33.392,1.6439,1.6441,0.90,0.30
2008.04.22 12:29:33.609,1.6439,1.6441,0.90,0.60
2008.04.22 12:29:33.897,1.6439,1.6441,0.90,0.60
2008.04.22 12:29:34.187,1.6439,1.6441,0.90,0.60
2008.04.22 12:29:34.661,1.6439,1.6441,0.90,0.60
2008.04.22 12:29:35.182,1.6439,1.6441,0.90,0.60
2008.04.22 12:29:35.438,1.6439,1.6441,1.20,0.60
2008.04.22 12:29:37.278,1.6439,1.6441,1.20,0.60
2008.04.22 12:29:37.448,1.6439,1.6441,1.20,0.60
2008.04.22 12:29:37.618,1.6439,1.6441,1.20,0.60
2008.04.22 12:29:37.787,1.6439,1.6441,0.90,0.60
2008.04.22 12:29:42.757,1.6439,1.6441,0.90,0.60
2008.04.22 12:29:43.161,1.6439,1.64405,0.40,0.30
2008.04.22 12:29:43.227,1.6439,1.64405,0.40,0.30
2008.04.22 12:29:43.292,1.6439,1.64405,0.40,0.30
2008.04.22 12:29:43.359,1.6439,1.64405,0.40,0.30
2008.04.22 12:29:43.423,1.6439,1.64405,0.40,0.30
2008.04.22 12:29:43.586,1.6439,1.64405,0.40,0.30
2008.04.22 12:29:44.314,1.6439,1.64405,0.40,0.30
2008.04.22 12:29:44.649,1.6439,1.6441,0.90,0.60
2008.04.22 12:29:44.983,1.6439,1.6441,0.90,0.60
2008.04.22 12:29:48.758,1.6439,1.6441,0.90,0.60
2008.04.22 12:29:48.861,1.6439,1.6441,0.90,0.60
2008.04.22 12:29:49.086,1.6439,1.6441,0.90,0.60
2008.04.22 12:29:49.312,1.6439,1.6441,0.90,0.60
2008.04.22 12:29:49.651,1.6439,1.6441,0.90,0.60
2008.04.22 12:29:54.337,1.6439,1.6441,0.90,0.60
2008.04.22 12:29:55.906,1.6439,1.6441,0.40,0.60
2008.04.22 12:29:56.055,1.6439,1.6441,0.40,0.60
2008.04.22 12:29:56.179,1.6439,1.6441,0.40,0.60
2008.04.22 12:29:56.368,1.6439,1.6441,0.40,0.60
2008.04.22 12:29:56.539,1.6439,1.6441,0.90,0.30
2008.04.22 12:29:56.720,1.6439,1.6441,1.20,0.30
2008.04.22 12:29:56.896,1.64395,1.6441,0.40,0.30
2008.04.22 12:29:57.072,1.64395,1.6442,0.90,3.20
2008.04.22 12:29:57.246,1.644,1.6442,0.40,3.20
2008.04.22 12:29:57.582,1.644,1.6442,0.40,2.90
2008.04.22 12:29:57.919,1.64395,1.6441,0.40,0.30
2008.04.22 12:29:58.255,1.64395,1.6441,0.40,0.30
2008.04.22 12:29:58.491,1.64395,1.6441,0.40,0.60
2008.04.22 12:29:58.726,1.64395,1.64405,0.40,0.30
2008.04.22 12:29:58.962,1.6439,1.6441,0.40,0.80
2008.04.22 12:29:59.197,1.6439,1.6441,0.40,0.60
2008.04.22 12:29:59.412,1.6439,1.6441,0.40,0.60
2008.04.22 12:29:59.626,1.6439,1.6441,0.40,0.60
2008.04.22 12:29:59.839,1.6439,1.6441,0.40,0.60
2008.04.22 12:30:00.056,1.6439,1.64405,0.40,0.30
2008.04.22 12:30:00.273,1.64385,1.64405,0.90,0.30
2008.04.22 12:30:00.473,1.64385,1.64405,0.90,0.30
2008.04.22 12:30:00.673,1.64385,1.644,0.40,0.30
2008.04.22 12:30:00.884,1.6438,1.644,1.20,0.60
2008.04.22 12:30:01.072,1.6438,1.644,1.20,0.60
2008.04.22 12:30:02.478,1.6438,1.644,1.20,0.60
2008.04.22 12:30:02.596,1.6439,1.64405,0.40,0.30
2008.04.22 12:30:02.716,1.6439,1.64405,0.40,0.30
2008.04.22 12:30:02.838,1.6439,1.64405,0.40,0.30
2008.04.22 12:30:02.958,1.6439,1.64405,0.40,0.30
2008.04.22 12:30:03.078,1.6439,1.64405,0.40,0.30
2008.04.22 12:30:03.200,1.6439,1.64405,0.40,0.30
2008.04.22 12:30:03.366,1.6439,1.644,0.40,0.30
2008.04.22 12:30:03.506,1.6439,1.644,0.40,0.30
2008.04.22 12:30:03.841,1.6438,1.644,1.20,0.60
2008.04.22 12:30:04.176,1.64385,1.64405,0.60,0.30
2008.04.22 12:30:04.511,1.64385,1.6441,0.60,0.80
2008.04.22 12:30:04.651,1.64395,1.6441,0.60,0.50
2008.04.22 12:30:04.790,1.64395,1.6442,0.60,3.20
2008.04.22 12:30:04.931,1.64395,1.64415,0.60,0.30
2008.04.22 12:30:05.069,1.64395,1.64415,0.60,0.30
2008.04.22 12:30:05.215,1.644,1.64415,0.40,0.30
2008.04.22 12:30:05.358,1.644,1.6442,0.40,0.60
2008.04.22 12:30:05.505,1.644,1.64425,2.20,0.30
2008.04.22 12:30:05.656,1.644,1.64415,1.90,0.30
2008.04.22 12:30:05.996,1.644,1.6442,0.40,3.20
2008.04.22 12:30:06.332,1.64395,1.6442,0.90,0.80
2008.04.22 12:30:06.668,1.64395,1.6441,0.40,0.30
2008.04.22 12:30:06.873,1.64395,1.6441,0.40,0.30
2008.04.22 12:30:07.062,1.64395,1.6441,0.40,0.30
2008.04.22 12:30:07.255,1.64395,1.6441,0.90,0.30
2008.04.22 12:30:07.447,1.644,1.6442,0.40,0.60
2008.04.22 12:30:07.635,1.644,1.6442,0.40,0.60
2008.04.22 12:30:07.926,1.644,1.6441,0.40,0.30
2008.04.22 12:30:08.216,1.644,1.64415,0.40,0.30
2008.04.22 12:30:08.506,1.644,1.64415,0.40,0.30
2008.04.22 12:30:08.796,1.644,1.6442,0.40,0.60
2008.04.22 12:30:09.067,1.644,1.6442,0.40,0.60
2008.04.22 12:30:09.303,1.644,1.6442,0.40,0.60
2008.04.22 12:30:09.539,1.644,1.6442,0.40,0.60
2008.04.22 12:30:09.784,1.644,1.6442,0.40,0.60
2008.04.22 12:30:10.029,1.644,1.6442,0.40,0.80
2008.04.22 12:30:10.275,1.644,1.6442,0.40,0.80
2008.04.22 12:30:11.134,1.644,1.6442,0.40,0.80
2008.04.22 12:30:11.362,1.644,1.64415,0.40,0.30
2008.04.22 12:30:11.532,1.644,1.6441,0.40,0.30
2008.04.22 12:30:11.703,1.644,1.6441,0.40,0.30
2008.04.22 12:30:11.904,1.644,1.6441,0.40,0.30
2008.04.22 12:30:12.104,1.644,1.6442,0.40,0.60
2008.04.22 12:30:12.304,1.644,1.6442,0.40,0.60
2008.04.22 12:30:12.504,1.644,1.6442,0.40,0.60
2008.04.22 12:30:12.720,1.644,1.6442,0.40,0.60
2008.04.22 12:30:12.966,1.64395,1.64415,0.90,0.30
2008.04.22 12:30:13.200,1.64395,1.64415,0.90,0.30
2008.04.22 12:30:13.437,1.64395,1.6442,0.90,0.60
2008.04.22 12:30:13.672,1.64395,1.6442,0.90,0.80
2008.04.22 12:30:13.909,1.64395,1.6442,0.90,0.80
2008.04.22 12:30:14.143,1.64395,1.6442,0.90,0.80
2008.04.22 12:30:14.378,1.64395,1.6442,0.90,0.80
2008.04.22 12:30:14.613,1.64395,1.6442,0.90,0.60
2008.04.22 12:30:15.369,1.64395,1.6442,0.90,0.60
2008.04.22 12:30:18.400,1.644,1.6442,1.20,0.60
2008.04.22 12:30:18.736,1.644,1.6442,1.20,0.60
2008.04.22 12:30:19.072,1.644,1.6442,1.60,0.60
2008.04.22 12:30:19.226,1.644,1.6442,0.40,0.60
2008.04.22 12:30:19.381,1.644,1.6442,0.40,0.60
2008.04.22 12:30:19.536,1.644,1.6442,0.40,0.80
2008.04.22 12:30:19.691,1.64395,1.6442,0.90,0.80
2008.04.22 12:30:19.846,1.64395,1.6442,0.90,0.80
2008.04.22 12:30:20.002,1.64395,1.6441,0.40,0.30
2008.04.22 12:30:20.278,1.64395,1.6442,0.90,0.80
2008.04.22 12:30:20.553,1.64395,1.6441,0.40,0.30
2008.04.22 12:30:20.828,1.64395,1.6441,0.40,0.30
2008.04.22 12:30:21.104,1.64395,1.6441,0.40,0.30
2008.04.22 12:30:21.897,1.64395,1.6441,0.40,0.30
2008.04.22 12:30:22.414,1.64395,1.6441,0.40,0.30
2008.04.22 12:30:23.338,1.64395,1.6441,0.40,0.30
2008.04.22 12:30:24.303,1.64395,1.6441,0.40,0.30
2008.04.22 12:30:25.607,1.64395,1.6441,0.40,0.30
2008.04.22 12:30:26.062,1.64395,1.6441,0.40,0.30
2008.04.22 12:30:26.613,1.64395,1.6441,0.90,0.30
2008.04.22 12:30:26.723,1.64395,1.6441,0.90,0.30
2008.04.22 12:30:26.833,1.644,1.64415,0.40,0.30
2008.04.22 12:30:26.944,1.644,1.64415,0.40,0.30
2008.04.22 12:30:27.065,1.644,1.6442,0.40,0.60
2008.04.22 12:30:27.245,1.644,1.6442,0.40,0.60
2008.04.22 12:30:27.435,1.644,1.6442,0.90,0.60
2008.04.22 12:30:27.626,1.644,1.6442,1.20,0.60
2008.04.22 12:30:27.817,1.644,1.64415,0.40,0.30
2008.04.22 12:30:28.017,1.644,1.64415,0.40,0.30
2008.04.22 12:30:28.208,1.644,1.64415,0.40,0.30
2008.04.22 12:30:28.439,1.64395,1.6441,0.40,0.30
2008.04.22 12:30:28.648,1.64395,1.6441,0.40,0.30
2008.04.22 12:30:28.869,1.64395,1.64415,0.90,0.30
2008.04.22 12:30:29.089,1.64395,1.64415,0.90,0.30
2008.04.22 12:30:29.338,1.64395,1.64415,0.90,0.30
2008.04.22 12:30:29.877,1.64395,1.64415,0.90,0.30
2008.04.22 12:30:32.109,1.644,1.6442,0.60,0.60
2008.04.22 12:30:32.263,1.644,1.6442,0.90,0.60
2008.04.22 12:30:32.393,1.644,1.6442,0.90,0.60
2008.04.22 12:30:32.672,1.644,1.6442,0.90,0.60
2008.04.22 12:30:32.869,1.644,1.6442,0.90,0.60
2008.04.22 12:30:33.001,1.644,1.6442,0.90,0.60
2008.04.22 12:30:33.134,1.64395,1.6441,0.40,0.30
2008.04.22 12:30:33.381,1.644,1.64415,0.40,0.30
2008.04.22 12:30:33.632,1.64395,1.6441,0.90,0.30
2008.04.22 12:30:33.877,1.64395,1.6441,0.90,0.30
2008.04.22 12:30:34.122,1.64395,1.64415,0.90,0.30
2008.04.22 12:30:34.366,1.64395,1.64415,0.40,0.30
2008.04.22 12:30:34.557,1.64395,1.64415,0.90,0.30
2008.04.22 12:30:34.747,1.64395,1.64415,0.40,0.30
2008.04.22 12:30:34.948,1.64395,1.64415,0.90,0.30
2008.04.22 12:30:35.138,1.64395,1.64415,0.40,0.30
2008.04.22 12:30:35.328,1.64395,1.6442,0.90,0.60
2008.04.22 12:30:35.544,1.64395,1.64415,0.40,0.30
2008.04.22 12:30:35.770,1.64395,1.6442,0.90,0.30
2008.04.22 12:30:35.995,1.644,1.64415,1.20,0.30
2008.04.22 12:30:36.212,1.64395,1.64415,0.90,0.30
2008.04.22 12:30:36.471,1.64395,1.64415,0.90,0.30
2008.04.22 12:30:36.738,1.64395,1.64415,0.90,0.30
2008.04.22 12:30:37.005,1.64395,1.64415,0.90,0.30
2008.04.22 12:30:37.276,1.64395,1.64415,0.90,0.30
2008.04.22 12:30:37.517,1.64395,1.64415,0.90,0.30
2008.04.22 12:30:37.773,1.6439,1.64415,2.20,0.30
2008.04.22 12:30:38.028,1.6439,1.64415,2.20,0.30
2008.04.22 12:30:38.292,1.64395,1.64415,0.60,0.30
2008.04.22 12:30:38.554,1.64395,1.6442,0.60,0.30
2008.04.22 12:30:38.755,1.6439,1.64415,2.20,0.30
2008.04.22 12:30:38.955,1.6439,1.64415,2.20,0.30
2008.04.22 12:30:39.155,1.6439,1.64415,2.50,0.30
2008.04.22 12:30:39.355,1.64395,1.6442,0.60,0.60
2008.04.22 12:30:39.580,1.6439,1.64415,1.20,0.30
2008.04.22 12:30:39.794,1.6439,1.64415,1.20,0.30
2008.04.22 12:30:40.010,1.644,1.6442,0.60,0.80
2008.04.22 12:30:40.225,1.644,1.6442,0.60,0.80
2008.04.22 12:30:40.440,1.644,1.6442,0.60,0.30
2008.04.22 12:30:40.654,1.644,1.64425,0.60,0.30
2008.04.22 12:30:40.869,1.644,1.64425,0.60,0.30
2008.04.22 12:30:41.142,1.644,1.6442,0.60,0.30
2008.04.22 12:30:41.348,1.644,1.6442,0.60,0.60
2008.04.22 12:30:41.562,1.644,1.6442,0.60,0.60
2008.04.22 12:30:41.781,1.644,1.6442,0.60,0.80
2008.04.22 12:30:42.386,1.644,1.6442,0.60,0.80
2008.04.22 12:30:42.898,1.644,1.6442,0.60,0.80
2008.04.22 12:30:43.064,1.644,1.6442,0.60,0.80
2008.04.22 12:30:43.228,1.644,1.6442,0.60,0.60
2008.04.22 12:30:43.439,1.644,1.6442,0.60,0.60
2008.04.22 12:30:43.648,1.644,1.6442,0.60,0.60
2008.04.22 12:30:44.879,1.644,1.6442,0.60,0.60
2008.04.22 12:30:45.394,1.644,1.6442,0.60,0.60
2008.04.22 12:30:46.384,1.644,1.6442,0.60,0.60
2008.04.22 12:30:47.357,1.64395,1.6442,0.60,0.60
2008.04.22 12:30:47.597,1.64395,1.6442,0.60,0.60
2008.04.22 12:30:47.836,1.64395,1.6442,0.60,0.80
2008.04.22 12:30:49.392,1.64395,1.6442,0.60,0.80
2008.04.22 12:30:49.647,1.64395,1.6442,0.60,0.80
2008.04.22 12:30:50.427,1.64395,1.6442,0.60,0.80
2008.04.22 12:30:52.683,1.64395,1.6442,0.60,0.80
2008.04.22 12:30:52.852,1.6439,1.64415,1.20,0.30
2008.04.22 12:30:53.012,1.6439,1.64415,1.20,0.30
2008.04.22 12:30:53.171,1.6439,1.64415,1.20,0.30
2008.04.22 12:30:53.888,1.64395,1.6442,0.60,0.80
2008.04.22 12:30:54.108,1.644,1.6442,0.60,0.80
2008.04.22 12:30:54.328,1.644,1.6442,0.90,0.80
2008.04.22 12:30:54.549,1.64405,1.6442,0.60,0.30
2008.04.22 12:30:54.770,1.64405,1.64425,0.60,0.30
2008.04.22 12:30:54.992,1.644,1.6442,2.20,0.30
2008.04.22 12:30:55.224,1.644,1.6442,0.60,0.60
2008.04.22 12:30:55.454,1.644,1.6442,0.60,0.30
2008.04.22 12:30:55.686,1.644,1.6442,0.60,0.60
2008.04.22 12:30:55.919,1.64395,1.64415,0.90,0.30
2008.04.22 12:30:56.217,1.64395,1.64415,0.60,0.30
2008.04.22 12:30:56.516,1.64395,1.64415,0.60,0.30
2008.04.22 12:30:56.946,1.64395,1.64415,0.60,0.30
2008.04.22 12:30:57.188,1.64395,1.64415,0.60,0.30
2008.04.22 12:30:57.371,1.64395,1.64415,0.60,0.30
2008.04.22 12:31:00.740,1.64395,1.64415,0.60,0.30
2008.04.22 12:31:01.376,1.64395,1.64415,0.60,0.30
2008.04.22 12:31:01.654,1.6439,1.64415,1.20,0.30
2008.04.22 12:31:01.842,1.6439,1.6441,1.20,0.30
2008.04.22 12:31:02.034,1.64395,1.64415,0.60,0.30
2008.04.22 12:31:02.221,1.64395,1.64415,0.60,0.30
2008.04.22 12:31:02.408,1.64395,1.64415,0.60,0.30
2008.04.22 12:31:02.627,1.64395,1.64415,0.60,0.30
2008.04.22 12:31:02.777,1.64395,1.64415,0.60,0.30
2008.04.22 12:31:02.928,1.64395,1.6441,0.60,0.30
2008.04.22 12:31:03.081,1.64395,1.64415,0.60,0.30
2008.04.22 12:31:03.233,1.64395,1.64415,0.60,0.30
2008.04.22 12:31:03.569,1.6439,1.64415,0.90,0.30
2008.04.22 12:31:03.906,1.6439,1.64415,2.20,0.30
2008.04.22 12:31:04.243,1.64395,1.6442,0.60,0.60
2008.04.22 12:31:04.470,1.6439,1.64415,2.50,0.30
2008.04.22 12:31:04.695,1.64395,1.6442,0.60,3.20
2008.04.22 12:31:04.920,1.64395,1.6442,0.60,3.20
2008.04.22 12:31:05.152,1.64395,1.6442,0.60,3.20
2008.04.22 12:31:05.447,1.64395,1.6442,0.60,3.20
2008.04.22 12:31:05.741,1.6439,1.64415,2.20,0.30
2008.04.22 12:31:06.037,1.644,1.6442,0.90,0.50
2008.04.22 12:31:06.332,1.644,1.64415,1.20,0.30
2008.04.22 12:31:06.520,1.64405,1.6442,0.60,0.40
2008.04.22 12:31:06.706,1.64405,1.64425,0.60,0.30
2008.04.22 12:31:06.900,1.644,1.64425,1.90,0.30
2008.04.22 12:31:07.085,1.644,1.64425,1.90,0.30
2008.04.22 12:31:07.270,1.64405,1.6443,0.60,3.20
2008.04.22 12:31:07.585,1.644,1.6442,0.90,0.30
2008.04.22 12:31:07.901,1.644,1.64425,0.90,0.30
2008.04.22 12:31:08.216,1.644,1.64425,2.20,0.30
2008.04.22 12:31:08.530,1.644,1.64425,2.20,0.30
2008.04.22 12:31:08.765,1.644,1.64425,2.20,0.30
2008.04.22 12:31:09.006,1.644,1.64425,2.20,0.30
2008.04.22 12:31:09.240,1.644,1.64425,2.20,0.30
2008.04.22 12:31:09.470,1.644,1.6442,2.20,0.30
2008.04.22 12:31:09.699,1.644,1.6442,0.90,0.30
2008.04.22 12:31:09.942,1.644,1.6442,0.90,0.30
2008.04.22 12:31:10.222,1.644,1.6442,2.20,0.30
2008.04.22 12:31:10.446,1.644,1.6442,2.20,0.30
2008.04.22 12:31:10.666,1.644,1.6442,2.20,0.30
2008.04.22 12:31:10.887,1.6439,1.6441,2.50,0.60
2008.04.22 12:31:11.106,1.6439,1.6441,1.20,0.60
2008.04.22 12:31:11.326,1.64385,1.6441,0.90,0.60
2008.04.22 12:31:11.611,1.64385,1.6441,0.90,0.60
2008.04.22 12:31:11.899,1.64385,1.6441,0.90,0.30
2008.04.22 12:31:12.185,1.6439,1.6441,0.60,0.60
2008.04.22 12:31:12.470,1.6439,1.6441,0.60,0.30
2008.04.22 12:31:12.703,1.6439,1.6441,0.60,0.30
2008.04.22 12:31:13.200,1.6439,1.6441,0.60,0.30
2008.04.22 12:31:13.436,1.6439,1.64415,0.60,0.30
2008.04.22 12:31:13.601,1.6439,1.64415,1.90,0.30
2008.04.22 12:31:13.765,1.6439,1.64415,1.90,0.30
2008.04.22 12:31:13.943,1.6439,1.64415,1.90,0.30
2008.04.22 12:31:14.124,1.6439,1.6441,1.90,0.30
2008.04.22 12:31:14.288,1.6439,1.6441,1.90,0.60
2008.04.22 12:31:14.454,1.6439,1.64405,1.20,0.30
2008.04.22 12:31:14.697,1.64385,1.6441,0.90,0.60
2008.04.22 12:31:14.951,1.64385,1.6441,0.90,0.60
2008.04.22 12:31:15.192,1.64385,1.6441,0.90,0.30
2008.04.22 12:31:15.443,1.64385,1.6441,0.90,0.30
2008.04.22 12:31:16.424,1.64385,1.6441,0.90,0.30
2008.04.22 12:31:16.582,1.64385,1.6441,0.90,0.30
2008.04.22 12:31:16.682,1.64385,1.6441,0.90,0.30
2008.04.22 12:31:16.810,1.64385,1.6441,0.90,0.30
2008.04.22 12:31:16.898,1.64385,1.6441,0.90,0.30
2008.04.22 12:31:17.011,1.64385,1.64405,0.40,0.30
2008.04.22 12:31:17.110,1.6438,1.64405,2.20,0.30
2008.04.22 12:31:17.214,1.6438,1.64405,2.20,0.30
2008.04.22 12:31:17.313,1.6438,1.64405,1.90,0.30
2008.04.22 12:31:17.414,1.6438,1.64405,0.60,0.30
2008.04.22 12:31:17.513,1.6438,1.64405,0.60,0.30
2008.04.22 12:31:17.848,1.6438,1.644,0.60,0.30
2008.04.22 12:31:18.182,1.6438,1.644,0.60,0.30
2008.04.22 12:31:18.520,1.64375,1.64395,0.40,0.30
2008.04.22 12:31:18.744,1.64375,1.644,0.60,0.80
2008.04.22 12:31:18.962,1.6438,1.644,0.60,0.60
2008.04.22 12:31:19.181,1.6438,1.644,0.60,0.30
2008.04.22 12:31:19.400,1.64375,1.64395,0.60,0.30
2008.04.22 12:31:19.627,1.6437,1.64395,1.20,0.30
2008.04.22 12:31:19.964,1.6437,1.6439,0.60,0.60
2008.04.22 12:31:20.310,1.6437,1.6439,0.40,0.60
2008.04.22 12:31:20.646,1.6437,1.6439,0.40,0.60
2008.04.22 12:31:20.855,1.6437,1.64395,1.20,0.30
2008.04.22 12:31:21.066,1.64375,1.644,0.60,0.80
2008.04.22 12:31:21.287,1.6438,1.644,0.60,0.30
2008.04.22 12:31:21.497,1.64375,1.644,0.90,0.30
2008.04.22 12:31:21.765,1.64375,1.644,0.90,0.30
2008.04.22 12:31:22.036,1.6438,1.644,0.40,0.30
2008.04.22 12:31:22.306,1.6438,1.64405,2.50,0.30
2008.04.22 12:31:22.575,1.64385,1.6441,0.60,0.60
2008.04.22 12:31:22.790,1.64385,1.6441,0.60,0.30
2008.04.22 12:31:23.006,1.6439,1.64415,1.90,0.30
2008.04.22 12:31:23.222,1.6439,1.64415,1.90,0.30
2008.04.22 12:31:23.437,1.64405,1.6443,0.60,2.40
2008.04.22 12:31:23.653,1.6441,1.64425,1.20,0.30
2008.04.22 12:31:23.988,1.644,1.6442,1.90,0.60
2008.04.22 12:31:24.334,1.64395,1.6442,0.90,0.80
2008.04.22 12:31:24.667,1.64395,1.6442,0.90,0.80
2008.04.22 12:31:24.892,1.64395,1.6441,0.40,0.30
2008.04.22 12:31:25.108,1.64395,1.6442,0.90,0.80
2008.04.22 12:31:25.324,1.64395,1.6442,0.90,0.80
2008.04.22 12:31:25.539,1.64395,1.6441,0.40,0.30
2008.04.22 12:31:25.752,1.6439,1.6441,1.20,0.30
2008.04.22 12:31:26.050,1.6439,1.6441,1.20,0.30
2008.04.22 12:31:26.340,1.6439,1.64415,2.50,0.30
2008.04.22 12:31:26.632,1.64395,1.6442,0.90,0.80
2008.04.22 12:31:26.825,1.64395,1.6442,0.90,0.80
2008.04.22 12:31:27.006,1.644,1.64415,0.40,0.30
2008.04.22 12:31:27.187,1.644,1.64415,0.40,0.30
2008.04.22 12:31:27.366,1.644,1.64415,0.40,0.30
2008.04.22 12:31:27.546,1.6439,1.64405,1.60,0.30
2008.04.22 12:31:27.728,1.6439,1.644,0.40,0.30
2008.04.22 12:31:28.069,1.64385,1.644,0.60,0.50
2008.04.22 12:31:28.413,1.6438,1.64405,2.50,0.30
2008.04.22 12:31:28.745,1.64385,1.6441,0.60,0.60
2008.04.22 12:31:28.985,1.64385,1.6441,0.60,0.60
2008.04.22 12:31:29.225,1.6439,1.6441,0.60,0.30
2008.04.22 12:31:29.465,1.6439,1.64415,0.60,0.30
2008.04.22 12:31:29.704,1.6439,1.64415,0.60,0.30
2008.04.22 12:31:29.979,1.6439,1.64415,0.60,0.30
2008.04.22 12:31:30.435,1.6439,1.64415,0.60,0.30
2008.04.22 12:31:32.410,1.6439,1.64415,0.60,0.30
2008.04.22 12:31:32.674,1.6439,1.64415,0.60,0.30
2008.04.22 12:31:32.744,1.6439,1.64415,0.60,0.30
2008.04.22 12:31:32.801,1.6439,1.64415,0.90,0.30
2008.04.22 12:31:32.874,1.6439,1.64415,0.90,0.30
2008.04.22 12:31:33.210,1.6439,1.64415,2.50,0.30
2008.04.22 12:31:33.544,1.6439,1.64415,0.90,0.30
2008.04.22 12:31:33.877,1.6439,1.64415,0.90,0.30
2008.04.22 12:31:34.673,1.6439,1.64415,0.90,0.30
2008.04.22 12:31:35.206,1.6439,1.64415,0.90,0.30
2008.04.22 12:31:35.679,1.6439,1.64415,0.90,0.30
2008.04.22 12:31:35.944,1.6439,1.64415,0.90,0.30
2008.04.22 12:31:36.103,1.6439,1.64415,0.90,0.30
2008.04.22 12:31:36.657,1.6439,1.64415,0.90,0.30
2008.04.22 12:31:36.816,1.6439,1.64415,1.20,0.30
2008.04.22 12:31:36.977,1.6439,1.64415,1.20,0.30
2008.04.22 12:31:37.212,1.64395,1.6442,0.90,0.80
2008.04.22 12:31:37.438,1.64395,1.64415,0.90,0.30
2008.04.22 12:31:37.651,1.64395,1.64415,0.40,0.30
2008.04.22 12:31:37.867,1.6439,1.64415,0.90,0.30
2008.04.22 12:31:38.083,1.6439,1.6441,0.90,0.30
2008.04.22 12:31:38.359,1.6439,1.6441,0.90,0.30
2008.04.22 12:31:38.633,1.6439,1.6441,0.40,0.60
2008.04.22 12:31:38.908,1.64385,1.6441,0.90,0.80
2008.04.22 12:31:39.103,1.64385,1.6441,0.90,0.80
2008.04.22 12:31:39.299,1.64385,1.6441,0.90,0.80
2008.04.22 12:31:39.494,1.64385,1.6441,0.90,0.80
2008.04.22 12:31:39.688,1.64385,1.6441,0.90,0.80
2008.04.22 12:31:39.885,1.64385,1.6441,0.90,0.80
2008.04.22 12:31:40.079,1.64385,1.6441,0.90,0.80
2008.04.22 12:31:40.334,1.6439,1.64415,0.90,0.30
2008.04.22 12:31:40.598,1.6439,1.64415,0.90,0.30
2008.04.22 12:31:40.844,1.64395,1.64415,0.60,0.30
2008.04.22 12:31:41.100,1.644,1.6442,0.60,0.30
2008.04.22 12:31:41.324,1.644,1.6442,2.20,0.30
2008.04.22 12:31:41.549,1.644,1.6442,0.40,0.30
2008.04.22 12:31:41.775,1.644,1.64425,0.60,0.30
2008.04.22 12:31:42.002,1.644,1.6442,1.90,0.80
2008.04.22 12:31:42.325,1.644,1.64425,2.20,0.30
2008.04.22 12:31:43.209,1.644,1.64425,2.20,0.30
2008.04.22 12:31:43.393,1.644,1.64425,0.90,0.30
2008.04.22 12:31:43.577,1.644,1.6442,0.40,0.30
2008.04.22 12:31:43.764,1.64395,1.6442,0.90,0.60
2008.04.22 12:31:43.950,1.64395,1.64415,0.40,0.30
2008.04.22 12:31:44.137,1.64395,1.64415,0.40,0.30
2008.04.22 12:31:44.417,1.64395,1.6442,0.90,0.80
2008.04.22 12:31:44.692,1.64395,1.6442,0.90,0.60
2008.04.22 12:31:44.968,1.644,1.6442,0.60,0.30
2008.04.22 12:31:45.245,1.644,1.6442,0.60,0.30
2008.04.22 12:31:45.530,1.64395,1.6442,0.90,0.30
2008.04.22 12:31:45.813,1.64395,1.6442,0.90,0.30
2008.04.22 12:31:46.100,1.64395,1.6442,0.90,0.30
2008.04.22 12:31:46.385,1.64395,1.6442,0.90,0.60
2008.04.22 12:31:46.590,1.64395,1.64415,0.40,0.30
2008.04.22 12:31:46.795,1.64395,1.64415,0.40,0.30
2008.04.22 12:31:47.138,1.64395,1.64415,0.40,0.30
2008.04.22 12:31:47.341,1.64395,1.64415,0.40,0.30
2008.04.22 12:31:47.546,1.64395,1.6442,0.90,0.80
2008.04.22 12:31:48.769,1.64395,1.6442,0.90,0.60
2008.04.22 12:31:48.856,1.64395,1.6442,0.90,0.60
2008.04.22 12:31:50.116,1.64395,1.6442,0.90,0.60
2008.04.22 12:31:50.449,1.64395,1.6442,0.90,0.60
2008.04.22 12:31:51.900,1.64395,1.6442,0.90,0.60
2008.04.22 12:31:52.175,1.64395,1.64415,0.40,0.30
2008.04.22 12:31:52.326,1.64395,1.64415,0.40,0.30
2008.04.22 12:31:52.495,1.64395,1.64415,0.40,0.30
2008.04.22 12:31:53.385,1.64395,1.64415,0.40,0.30
2008.04.22 12:31:53.595,1.64395,1.64415,0.40,0.30
2008.04.22 12:31:53.890,1.64395,1.64415,0.40,0.30
2008.04.22 12:31:54.606,1.64395,1.64415,0.40,0.30
2008.04.22 12:31:54.825,1.64395,1.6441,0.40,0.30
2008.04.22 12:31:55.046,1.64395,1.64415,0.40,0.30
2008.04.22 12:31:55.151,1.64395,1.64415,0.40,0.30
2008.04.22 12:31:55.257,1.64395,1.6442,0.90,0.80
2008.04.22 12:31:55.361,1.64395,1.6442,0.90,0.60
2008.04.22 12:31:55.465,1.644,1.6442,0.60,0.60
2008.04.22 12:31:55.570,1.64395,1.6442,0.90,0.60
2008.04.22 12:31:55.675,1.644,1.6442,0.40,0.60
2008.04.22 12:31:55.781,1.644,1.6442,0.40,0.30
2008.04.22 12:31:55.925,1.644,1.6442,0.40,0.30
2008.04.22 12:31:56.261,1.64395,1.6442,0.90,0.30
2008.04.22 12:31:57.086,1.64395,1.6442,0.90,0.30
2008.04.22 12:31:57.206,1.64395,1.6442,0.90,0.30
2008.04.22 12:31:57.325,1.64395,1.6442,0.90,0.30
2008.04.22 12:31:57.447,1.64395,1.64415,0.40,0.30
2008.04.22 12:31:57.566,1.64395,1.64415,0.40,0.30
2008.04.22 12:31:57.684,1.64395,1.64415,0.40,0.30
2008.04.22 12:31:57.911,1.64395,1.64415,0.40,0.30
2008.04.22 12:31:59.413,1.64395,1.6442,0.90,0.60
2008.04.22 12:31:59.446,1.64395,1.6442,0.90,0.60
2008.04.22 12:31:59.475,1.64395,1.6442,0.90,0.60
2008.04.22 12:31:59.592,1.64395,1.6442,0.90,0.60
2008.04.22 12:31:59.648,1.64395,1.6442,0.90,0.60
2008.04.22 12:31:59.686,1.64395,1.6442,0.90,0.60
2008.04.22 12:31:59.716,1.64395,1.6442,0.90,0.60
2008.04.22 12:31:59.905,1.64395,1.6442,0.90,0.60
2008.04.22 12:32:00.035,1.64395,1.64415,0.40,0.30
2008.04.22 12:32:00.109,1.64395,1.64415,0.40,0.30
2008.04.22 12:32:00.521,1.64395,1.64415,0.40,0.30
2008.04.22 12:32:00.722,1.6439,1.6441,1.60,0.30
2008.04.22 12:32:00.905,1.64385,1.64405,0.40,0.30
2008.04.22 12:32:01.091,1.64385,1.64405,0.40,0.30
2008.04.22 12:32:01.277,1.6438,1.64405,2.20,0.30
2008.04.22 12:32:01.527,1.6438,1.64405,0.90,0.30
2008.04.22 12:32:01.776,1.64385,1.64405,0.40,0.30
2008.04.22 12:32:02.036,1.64385,1.64405,0.40,0.30
2008.04.22 12:32:02.665,1.64385,1.64405,0.40,0.30
2008.04.22 12:32:02.879,1.64385,1.64405,0.40,0.30
2008.04.22 12:32:03.093,1.64385,1.64405,0.40,0.30
2008.04.22 12:32:03.651,1.64385,1.64405,0.40,0.30
2008.04.22 12:32:03.850,1.64385,1.6441,0.90,0.60
2008.04.22 12:32:04.042,1.6439,1.64415,0.60,0.30
2008.04.22 12:32:04.231,1.6439,1.64415,0.90,0.30
2008.04.22 12:32:04.422,1.64395,1.6442,0.60,0.80
2008.04.22 12:32:04.684,1.644,1.6442,0.60,0.80
2008.04.22 12:32:04.943,1.64395,1.6442,0.90,0.30
2008.04.22 12:32:05.204,1.64395,1.6442,0.90,0.30
2008.04.22 12:32:05.463,1.64395,1.6442,0.90,0.30
2008.04.22 12:32:05.720,1.64395,1.64415,0.60,0.30
2008.04.22 12:32:05.977,1.6439,1.64405,0.40,0.30
2008.04.22 12:32:06.236,1.6439,1.644,0.40,0.30
2008.04.22 12:32:06.499,1.64385,1.64405,0.90,0.30
2008.04.22 12:32:06.766,1.64385,1.64405,0.90,0.30
2008.04.22 12:32:07.015,1.64385,1.64405,0.90,0.30
2008.04.22 12:32:07.265,1.64385,1.64405,0.90,0.30
2008.04.22 12:32:07.515,1.6438,1.644,1.20,0.60
2008.04.22 12:32:07.737,1.6438,1.644,0.40,0.60
2008.04.22 12:32:07.968,1.64375,1.64395,0.40,0.30
2008.04.22 12:32:08.186,1.64375,1.64395,0.40,0.30
2008.04.22 12:32:08.405,1.64375,1.64395,0.40,0.30
2008.04.22 12:32:08.641,1.6438,1.644,0.90,0.30
2008.04.22 12:32:08.875,1.6439,1.6441,0.60,0.80
2008.04.22 12:32:09.110,1.64385,1.6441,0.60,0.80
2008.04.22 12:32:09.345,1.64395,1.64415,0.60,0.30
2008.04.22 12:32:09.581,1.64395,1.64415,0.60,0.30
2008.04.22 12:32:09.816,1.64385,1.64405,0.60,0.30
2008.04.22 12:32:10.051,1.6439,1.64415,0.60,0.30
2008.04.22 12:32:10.284,1.6439,1.64415,0.60,0.30
2008.04.22 12:32:10.519,1.6439,1.64415,0.60,0.30
2008.04.22 12:32:10.939,1.6439,1.64415,0.60,0.30
2008.04.22 12:32:12.174,1.6439,1.64415,0.60,0.30
2008.04.22 12:32:13.611,1.6439,1.64415,0.60,0.30
2008.04.22 12:32:13.711,1.6439,1.6441,0.60,0.30
2008.04.22 12:32:13.810,1.6439,1.6441,0.60,0.60
2008.04.22 12:32:13.947,1.6439,1.6441,0.60,0.60
2008.04.22 12:32:14.047,1.6439,1.6441,0.60,0.30
2008.04.22 12:32:14.148,1.6439,1.6441,0.60,0.30
2008.04.22 12:32:14.449,1.6439,1.6441,0.60,0.30
2008.04.22 12:32:14.753,1.6439,1.6441,0.60,0.30
2008.04.22 12:32:15.058,1.6439,1.6441,0.60,0.30
2008.04.22 12:32:16.239,1.6439,1.64415,0.60,0.30
2008.04.22 12:32:16.491,1.6439,1.64415,0.60,0.30
2008.04.22 12:32:16.636,1.6439,1.64415,0.60,0.30
2008.04.22 12:32:17.612,1.6439,1.64415,0.60,0.30
2008.04.22 12:32:17.917,1.6439,1.64415,0.60,0.30
2008.04.22 12:32:18.154,1.6439,1.64415,0.60,0.30
2008.04.22 12:32:18.397,1.64385,1.6441,0.90,0.30
2008.04.22 12:32:18.632,1.64385,1.6441,0.90,0.60
2008.04.22 12:32:18.827,1.64385,1.6441,0.90,0.60
2008.04.22 12:32:19.022,1.64385,1.64405,0.90,0.30
2008.04.22 12:32:19.216,1.64385,1.64405,0.90,0.30
2008.04.22 12:32:19.410,1.64385,1.64405,0.90,0.30
2008.04.22 12:32:19.605,1.64385,1.64405,0.90,0.30
2008.04.22 12:32:19.880,1.64385,1.64405,0.90,0.30
2008.04.22 12:32:20.195,1.64385,1.64405,0.90,0.30
2008.04.22 12:32:21.129,1.64385,1.64405,0.90,0.30
2008.04.22 12:32:23.688,1.64385,1.64405,0.40,0.30
2008.04.22 12:32:23.868,1.64385,1.64405,0.40,0.30
2008.04.22 12:32:24.050,1.64385,1.6441,0.90,0.80
2008.04.22 12:32:24.159,1.64385,1.6441,0.90,0.60
2008.04.22 12:32:24.279,1.64385,1.64405,0.90,0.30
2008.04.22 12:32:24.390,1.64385,1.64405,0.90,0.30
2008.04.22 12:32:24.512,1.64385,1.6441,0.90,0.60
2008.04.22 12:32:24.622,1.6439,1.6441,0.60,0.60
2008.04.22 12:32:24.740,1.6439,1.6441,0.60,0.30
2008.04.22 12:32:24.851,1.6439,1.6441,0.60,0.30
2008.04.22 12:32:24.961,1.6439,1.6441,0.60,0.30
2008.04.22 12:32:25.071,1.64385,1.6441,0.60,0.30
2008.04.22 12:32:25.341,1.64385,1.6441,0.60,0.30
2008.04.22 12:32:25.610,1.64385,1.64405,0.90,0.30
2008.04.22 12:32:25.882,1.6439,1.64415,0.60,0.30
2008.04.22 12:32:26.153,1.6439,1.64415,0.90,0.30
2008.04.22 12:32:26.329,1.6439,1.6441,1.20,0.60
2008.04.22 12:32:26.505,1.6439,1.6441,0.60,0.80
2008.04.22 12:32:26.678,1.6439,1.6441,0.60,0.80
2008.04.22 12:32:26.852,1.6439,1.6441,0.60,0.60
2008.04.22 12:32:27.027,1.6439,1.6441,0.60,0.60
2008.04.22 12:32:27.202,1.64385,1.64405,0.60,0.30
2008.04.22 12:32:27.396,1.64385,1.64405,0.60,0.30
2008.04.22 12:32:27.591,1.64385,1.64405,0.60,0.30
2008.04.22 12:32:27.787,1.64385,1.64405,0.60,0.30
2008.04.22 12:32:28.418,1.64385,1.64405,0.60,0.30
2008.04.22 12:32:28.626,1.64385,1.64405,0.60,0.30
2008.04.22 12:32:28.976,1.64385,1.6441,0.60,0.60
2008.04.22 12:32:29.152,1.64385,1.6441,0.60,0.60
2008.04.22 12:32:29.436,1.64385,1.6441,0.60,0.60
2008.04.22 12:32:29.595,1.64385,1.6441,0.90,0.60
2008.04.22 12:32:29.809,1.64385,1.6441,0.90,0.60
2008.04.22 12:32:29.938,1.64385,1.6441,0.90,0.60
2008.04.22 12:32:30.068,1.64385,1.6441,0.90,0.60
2008.04.22 12:32:30.199,1.6439,1.6441,0.60,0.60
2008.04.22 12:32:30.328,1.6439,1.6441,0.60,0.60
2008.04.22 12:32:30.456,1.6439,1.6441,0.60,0.60
2008.04.22 12:32:30.575,1.6439,1.6441,0.60,0.60
2008.04.22 12:32:30.695,1.6439,1.6441,0.60,0.60
2008.04.22 12:32:30.815,1.6439,1.6441,0.60,0.60
2008.04.22 12:32:31.047,1.64385,1.6441,0.90,0.60
2008.04.22 12:32:31.183,1.64385,1.6441,0.90,0.80
2008.04.22 12:32:31.303,1.64385,1.644,0.90,0.30
2008.04.22 12:32:31.424,1.6439,1.644,0.60,0.30
2008.04.22 12:32:31.574,1.6439,1.6441,0.60,0.60
2008.04.22 12:32:31.723,1.64385,1.64405,0.90,0.30
2008.04.22 12:32:31.873,1.64385,1.6441,0.90,0.30
2008.04.22 12:32:32.023,1.64385,1.6441,0.90,0.30
2008.04.22 12:32:32.173,1.64385,1.6441,0.90,0.30
2008.04.22 12:32:32.325,1.64385,1.6441,0.90,0.30
2008.04.22 12:32:32.658,1.6439,1.6441,0.60,0.30
2008.04.22 12:32:32.992,1.64385,1.6441,0.90,0.30
2008.04.22 12:32:33.327,1.64385,1.6441,0.90,0.80
2008.04.22 12:32:33.665,1.6439,1.6441,0.60,0.30
2008.04.22 12:32:33.824,1.6439,1.6441,0.90,0.30
2008.04.22 12:32:33.984,1.6439,1.6441,0.90,0.30
2008.04.22 12:32:34.144,1.6439,1.64415,0.90,0.30
2008.04.22 12:32:34.892,1.6439,1.64415,0.90,0.30
2008.04.22 12:32:35.171,1.6439,1.64415,1.70,0.30
2008.04.22 12:32:35.452,1.6439,1.64415,1.20,0.30
2008.04.22 12:32:35.658,1.64395,1.6442,0.60,0.60
2008.04.22 12:32:35.864,1.64395,1.6442,0.90,0.60
2008.04.22 12:32:36.067,1.644,1.6442,0.60,0.40
2008.04.22 12:32:36.274,1.64395,1.6442,0.90,0.60
2008.04.22 12:32:36.480,1.64395,1.64415,0.90,0.30
2008.04.22 12:32:36.730,1.64395,1.64415,0.40,0.30
2008.04.22 12:32:36.962,1.64395,1.64415,0.40,0.30
2008.04.22 12:32:37.201,1.64395,1.64415,0.40,0.30
2008.04.22 12:32:37.646,1.64395,1.64415,0.40,0.30
2008.04.22 12:32:38.932,1.64395,1.64415,0.40,0.30
2008.04.22 12:32:39.058,1.64395,1.64415,0.40,0.30
2008.04.22 12:32:39.122,1.64395,1.64415,0.40,0.30
2008.04.22 12:32:39.187,1.64395,1.64415,0.40,0.30
2008.04.22 12:32:39.604,1.64395,1.64415,0.40,0.30
2008.04.22 12:32:39.669,1.64395,1.64415,0.40,0.30
2008.04.22 12:32:39.866,1.64395,1.64415,0.40,0.30
2008.04.22 12:32:40.020,1.64395,1.64415,0.40,0.30
2008.04.22 12:32:40.312,1.64395,1.64415,0.40,0.30
2008.04.22 12:32:40.468,1.6438,1.644,4.60,0.30
2008.04.22 12:32:40.624,1.6438,1.644,2.20,1.80
2008.04.22 12:32:40.781,1.6438,1.644,0.90,2.40
2008.04.22 12:32:40.992,1.6438,1.644,0.90,0.60
2008.04.22 12:32:41.202,1.6438,1.64395,0.40,0.30
2008.04.22 12:32:41.411,1.6438,1.64395,0.40,0.30
2008.04.22 12:32:41.628,1.6438,1.64385,0.40,0.30
2008.04.22 12:32:41.838,1.6436,1.6438,2.50,0.30
2008.04.22 12:32:42.168,1.6437,1.6439,0.40,0.60
2008.04.22 12:32:42.500,1.6437,1.6439,0.40,0.60
2008.04.22 12:32:42.830,1.64365,1.6439,0.90,0.80
2008.04.22 12:32:43.045,1.64365,1.6439,0.90,0.80
2008.04.22 12:32:43.261,1.64365,1.6439,0.90,0.80
2008.04.22 12:32:43.476,1.64365,1.6438,0.90,0.30
2008.04.22 12:32:43.696,1.64365,1.6438,0.40,0.60
2008.04.22 12:32:43.976,1.64365,1.6438,0.40,0.60
2008.04.22 12:32:44.254,1.64365,1.6438,0.40,0.60
2008.04.22 12:32:46.436,1.64365,1.6438,0.40,0.30
2008.04.22 12:32:46.475,1.64365,1.6438,0.40,0.30
2008.04.22 12:32:46.515,1.64365,1.6438,0.40,0.30
2008.04.22 12:32:46.594,1.64365,1.6438,0.40,0.30
2008.04.22 12:32:46.651,1.6437,1.64385,0.40,0.30
2008.04.22 12:32:46.674,1.6437,1.64385,0.40,0.30
2008.04.22 12:32:46.721,1.6437,1.64385,0.40,0.30
2008.04.22 12:32:46.761,1.6437,1.64385,0.40,0.30
2008.04.22 12:32:46.801,1.6437,1.64385,0.40,0.30
2008.04.22 12:32:46.853,1.6437,1.64385,0.40,0.30
2008.04.22 12:32:46.893,1.6437,1.64385,0.40,0.30
2008.04.22 12:32:47.237,1.6437,1.6439,0.40,0.60
2008.04.22 12:32:47.563,1.6437,1.6439,1.20,0.30
2008.04.22 12:32:47.897,1.6437,1.6439,1.20,0.30
2008.04.22 12:32:48.155,1.6437,1.6439,1.20,0.30
2008.04.22 12:32:48.442,1.6437,1.6439,1.20,0.30
2008.04.22 12:32:48.645,1.6437,1.6439,1.20,0.30
2008.04.22 12:32:48.770,1.64375,1.6439,0.40,0.30
2008.04.22 12:32:48.894,1.64375,1.6439,0.40,0.30
2008.04.22 12:32:49.050,1.64375,1.6439,0.40,0.30
2008.04.22 12:32:49.266,1.64375,1.6439,0.40,0.30
2008.04.22 12:32:49.481,1.64375,1.64395,0.40,0.30
2008.04.22 12:32:49.696,1.64375,1.64395,0.90,0.30
2008.04.22 12:32:49.910,1.64375,1.64395,0.90,0.30
2008.04.22 12:32:50.136,1.64375,1.64395,0.90,0.30
2008.04.22 12:32:50.315,1.64375,1.64395,0.90,0.30
2008.04.22 12:32:50.610,1.64375,1.64395,0.90,0.30
2008.04.22 12:32:50.833,1.64375,1.64395,0.90,0.30
2008.04.22 12:32:51.012,1.64375,1.64395,0.90,0.30
2008.04.22 12:32:51.488,1.64375,1.644,0.90,0.60
2008.04.22 12:32:51.634,1.64375,1.644,0.90,0.60
2008.04.22 12:32:51.779,1.6438,1.644,0.40,0.60
2008.04.22 12:32:52.005,1.6438,1.64395,0.40,0.30
2008.04.22 12:32:52.206,1.6438,1.644,0.40,0.60
2008.04.22 12:32:52.405,1.6438,1.644,0.40,0.60
2008.04.22 12:32:52.606,1.6438,1.644,0.40,0.60
2008.04.22 12:32:52.816,1.6438,1.644,0.40,0.60
2008.04.22 12:32:53.177,1.6438,1.644,0.40,0.60
2008.04.22 12:32:53.438,1.6438,1.644,0.40,0.60
2008.04.22 12:32:54.894,1.6438,1.644,0.90,0.60
2008.04.22 12:32:55.054,1.64385,1.644,0.40,0.30
2008.04.22 12:32:55.213,1.64385,1.644,0.40,0.30
2008.04.22 12:32:55.352,1.64385,1.644,0.40,0.30
2008.04.22 12:32:55.492,1.64385,1.644,0.40,0.30
2008.04.22 12:32:55.631,1.64385,1.644,0.40,0.30
2008.04.22 12:32:55.774,1.64385,1.644,0.40,0.30
2008.04.22 12:32:55.916,1.64385,1.644,0.40,0.30
2008.04.22 12:32:56.055,1.64385,1.644,0.40,0.30
2008.04.22 12:32:56.195,1.64385,1.644,0.40,0.30
2008.04.22 12:32:56.445,1.64385,1.644,0.40,0.60
2008.04.22 12:32:56.695,1.64385,1.644,0.40,0.60
2008.04.22 12:32:56.945,1.64385,1.644,0.40,0.60
2008.04.22 12:32:57.195,1.64385,1.644,0.90,0.30
2008.04.22 12:32:57.396,1.64385,1.64405,0.40,0.30
2008.04.22 12:32:57.598,1.64385,1.644,0.40,0.30
2008.04.22 12:32:57.807,1.64385,1.644,0.40,0.30
2008.04.22 12:32:58.184,1.64385,1.644,0.40,0.30
2008.04.22 12:33:00.600,1.6438,1.644,1.20,0.30
2008.04.22 12:33:00.721,1.6438,1.644,1.20,0.30
2008.04.22 12:33:00.839,1.6438,1.644,0.90,0.30
2008.04.22 12:33:00.961,1.6438,1.644,0.40,0.60
2008.04.22 12:33:01.080,1.6438,1.644,0.40,0.60
2008.04.22 12:33:01.199,1.64375,1.64395,0.90,0.30
2008.04.22 12:33:01.324,1.64375,1.64395,0.90,0.30
2008.04.22 12:33:01.659,1.64385,1.644,0.60,0.30
2008.04.22 12:33:01.996,1.6439,1.6441,0.60,3.20
2008.04.22 12:33:02.332,1.64395,1.6441,0.90,2.40
2008.04.22 12:33:02.548,1.644,1.64415,0.40,0.30
2008.04.22 12:33:02.763,1.644,1.6442,1.20,0.30
2008.04.22 12:33:02.979,1.6441,1.6443,0.40,3.20
2008.04.22 12:33:03.195,1.6441,1.6443,0.40,3.20
2008.04.22 12:33:03.409,1.6441,1.6443,0.40,2.90
2008.04.22 12:33:03.734,1.6441,1.6443,0.40,2.90
2008.04.22 12:33:04.059,1.6441,1.6443,0.40,2.90
2008.04.22 12:33:04.883,1.6441,1.64425,0.40,0.30
2008.04.22 12:33:05.083,1.64405,1.6442,0.40,0.30
2008.04.22 12:33:05.282,1.64405,1.6442,0.40,0.30
2008.04.22 12:33:05.481,1.64405,1.6442,0.40,0.30
2008.04.22 12:33:05.704,1.6441,1.6443,0.40,5.60
2008.04.22 12:33:05.924,1.6441,1.6443,0.40,2.90
2008.04.22 12:33:06.144,1.644,1.6442,2.50,0.60
2008.04.22 12:33:06.364,1.644,1.6442,1.20,0.60
2008.04.22 12:33:06.584,1.64405,1.64425,0.40,0.30
2008.04.22 12:33:06.856,1.64405,1.6443,0.90,2.60
2008.04.22 12:33:07.125,1.6442,1.6443,0.10,0.80
2008.04.22 12:33:07.395,1.64405,1.6443,0.90,0.80
2008.04.22 12:33:07.655,1.6441,1.64435,1.20,0.60
2008.04.22 12:33:07.918,1.6441,1.6443,0.90,0.50
2008.04.22 12:33:08.178,1.6441,1.6443,0.90,0.40
2008.04.22 12:33:08.439,1.6441,1.6443,0.90,0.50
2008.04.22 12:33:08.654,1.6441,1.64435,1.20,0.60
2008.04.22 12:33:08.870,1.6441,1.6443,0.90,0.30
2008.04.22 12:33:09.086,1.6441,1.6443,0.60,0.60
2008.04.22 12:33:09.302,1.6441,1.6442,0.40,0.30
2008.04.22 12:33:09.517,1.644,1.64425,2.60,0.30
2008.04.22 12:33:09.778,1.6441,1.64425,0.40,0.40
2008.04.22 12:33:10.036,1.6441,1.64425,0.40,0.40
2008.04.22 12:33:10.296,1.6441,1.6443,0.40,0.60
2008.04.22 12:33:10.555,1.6441,1.6443,0.40,0.60
2008.04.22 12:33:10.785,1.6441,1.6443,0.40,0.60
2008.04.22 12:33:11.015,1.6441,1.6443,0.40,0.60
2008.04.22 12:33:11.415,1.6441,1.6443,0.40,0.60
2008.04.22 12:33:11.646,1.6441,1.6443,0.40,0.60
2008.04.22 12:33:11.866,1.64405,1.6443,1.00,0.60
2008.04.22 12:33:12.088,1.6441,1.6443,0.40,0.80
2008.04.22 12:33:12.309,1.64405,1.6442,1.00,0.30
2008.04.22 12:33:12.528,1.64405,1.6442,0.50,0.30
2008.04.22 12:33:12.757,1.64405,1.6442,0.40,0.30
2008.04.22 12:33:12.977,1.644,1.6442,1.30,0.30
2008.04.22 12:33:13.195,1.644,1.6442,1.30,0.30
2008.04.22 12:33:13.415,1.644,1.6442,1.30,0.30
2008.04.22 12:33:13.669,1.644,1.6442,1.30,0.30
2008.04.22 12:33:13.878,1.644,1.6442,0.70,0.60
2008.04.22 12:33:14.087,1.644,1.6442,0.50,0.60
2008.04.22 12:33:14.297,1.644,1.6442,0.40,0.60
2008.04.22 12:33:14.506,1.644,1.6442,0.40,0.60
2008.04.22 12:33:15.654,1.644,1.6442,0.40,0.60
2008.04.22 12:33:15.688,1.644,1.6442,0.60,0.60
2008.04.22 12:33:15.754,1.644,1.6442,0.60,0.60
2008.04.22 12:33:15.957,1.644,1.6442,0.60,0.60
2008.04.22 12:33:15.992,1.644,1.6442,0.60,0.60
2008.04.22 12:33:16.026,1.644,1.6442,0.40,0.60
2008.04.22 12:33:16.060,1.644,1.6442,0.40,0.60
2008.04.22 12:33:16.096,1.644,1.6442,0.40,0.60
2008.04.22 12:33:16.157,1.644,1.6442,0.40,0.60
2008.04.22 12:33:16.189,1.644,1.6442,0.40,0.60
2008.04.22 12:33:16.463,1.644,1.6442,0.40,0.60
2008.04.22 12:33:16.683,1.644,1.6442,0.40,0.60
2008.04.22 12:33:17.002,1.64395,1.6442,1.00,0.60
2008.04.22 12:33:18.636,1.64395,1.6442,1.00,0.60
2008.04.22 12:33:18.741,1.64395,1.6442,1.00,0.60
2008.04.22 12:33:18.984,1.644,1.6442,0.40,0.60
2008.04.22 12:33:19.202,1.644,1.6442,0.60,0.60
2008.04.22 12:33:19.432,1.644,1.6442,0.40,0.60
2008.04.22 12:33:19.661,1.644,1.6442,0.90,0.60
2008.04.22 12:33:19.936,1.644,1.6442,0.40,0.60
2008.04.22 12:33:20.210,1.644,1.6442,1.20,0.80
2008.04.22 12:33:20.485,1.644,1.6442,1.20,0.60
2008.04.22 12:33:20.770,1.644,1.6442,0.60,0.60
2008.04.22 12:33:21.140,1.644,1.6442,1.20,0.60
2008.04.22 12:33:21.400,1.644,1.6442,1.20,0.60
2008.04.22 12:33:21.660,1.644,1.6442,1.20,0.60
2008.04.22 12:33:21.926,1.644,1.6442,1.20,0.60
2008.04.22 12:33:22.190,1.64405,1.6442,0.60,0.30
2008.04.22 12:33:22.458,1.6441,1.64425,0.40,0.30
2008.04.22 12:33:22.723,1.64405,1.6442,0.40,0.30
2008.04.22 12:33:22.958,1.64405,1.6442,0.40,0.30
2008.04.22 12:33:23.194,1.64405,1.6442,0.40,0.30
2008.04.22 12:33:23.433,1.64405,1.6442,0.40,0.30
2008.04.22 12:33:23.667,1.64405,1.6442,0.40,0.60
2008.04.22 12:33:23.901,1.64405,1.6442,0.40,0.60
2008.04.22 12:33:24.091,1.6441,1.6443,0.40,0.80
2008.04.22 12:33:24.282,1.6441,1.6443,0.40,0.80
2008.04.22 12:33:24.474,1.6441,1.64425,0.40,0.30
2008.04.22 12:33:24.663,1.64405,1.6442,0.40,0.30
2008.04.22 12:33:24.855,1.64405,1.6442,0.40,0.30
2008.04.22 12:33:25.191,1.64405,1.6442,0.40,0.30
2008.04.22 12:33:25.526,1.64405,1.6442,0.40,0.30
2008.04.22 12:33:25.861,1.64405,1.64425,0.40,0.30
2008.04.22 12:33:26.024,1.64405,1.6443,0.90,0.80
2008.04.22 12:33:26.190,1.64405,1.6443,0.90,0.80
2008.04.22 12:33:31.149,1.64405,1.6443,0.90,0.80
2008.04.22 12:33:31.229,1.64405,1.6443,0.90,0.80
2008.04.22 12:33:31.387,1.64405,1.6443,0.90,0.80
2008.04.22 12:33:31.466,1.6441,1.6443,0.40,0.80
2008.04.22 12:33:31.546,1.6441,1.6443,0.40,0.80
2008.04.22 12:33:31.625,1.6441,1.64425,0.40,0.30
2008.04.22 12:33:31.706,1.6441,1.64425,0.40,0.30
2008.04.22 12:33:31.786,1.6441,1.64425,0.40,0.30
2008.04.22 12:33:31.866,1.6441,1.64425,0.40,0.30
2008.04.22 12:33:31.945,1.6441,1.64425,0.40,0.30
2008.04.22 12:33:32.071,1.6441,1.64425,0.40,0.30
2008.04.22 12:33:32.287,1.64405,1.6442,0.40,0.30
2008.04.22 12:33:32.502,1.64405,1.6442,0.40,0.30
2008.04.22 12:33:32.716,1.64405,1.6442,0.40,0.30
2008.04.22 12:33:32.931,1.64405,1.6442,0.40,0.30
2008.04.22 12:33:33.146,1.64405,1.6443,0.90,0.80
2008.04.22 12:33:33.301,1.64405,1.6443,0.90,0.80
2008.04.22 12:33:34.373,1.64405,1.6443,0.90,0.80
2008.04.22 12:33:39.142,1.64405,1.6443,0.90,0.80
2008.04.22 12:33:40.170,1.64405,1.6443,0.90,0.80
2008.04.22 12:33:40.518,1.64405,1.6443,0.90,0.80
2008.04.22 12:33:40.878,1.64405,1.6442,0.90,0.30
2008.04.22 12:33:42.669,1.64405,1.6442,0.90,0.30
2008.04.22 12:33:42.713,1.64405,1.6442,0.90,0.30
2008.04.22 12:33:42.941,1.64405,1.6442,0.90,0.30
2008.04.22 12:33:43.091,1.64405,1.6442,0.90,0.30
2008.04.22 12:33:49.181,1.64405,1.6442,0.90,0.30
2008.04.22 12:33:49.290,1.6441,1.6442,0.40,0.30
2008.04.22 12:33:49.396,1.6441,1.6442,0.60,0.30
2008.04.22 12:33:49.512,1.6441,1.6442,0.60,0.30
2008.04.22 12:33:49.617,1.6441,1.6442,0.60,0.30
2008.04.22 12:33:49.861,1.6441,1.6442,0.60,0.30
2008.04.22 12:33:50.171,1.6441,1.6442,0.60,0.30
2008.04.22 12:33:52.439,1.6441,1.6442,0.60,0.30
2008.04.22 12:33:57.873,1.6441,1.6442,0.60,0.30
2008.04.22 12:33:57.917,1.6441,1.6442,0.60,0.30
2008.04.22 12:33:57.965,1.6441,1.6442,0.60,0.30
2008.04.22 12:33:58.014,1.64405,1.6442,0.90,0.30
2008.04.22 12:33:58.066,1.64405,1.6442,0.90,0.30
2008.04.22 12:33:58.209,1.64405,1.6442,0.90,0.30
2008.04.22 12:33:58.253,1.64405,1.6442,0.90,0.30
2008.04.22 12:33:58.300,1.64405,1.6442,0.90,0.30
2008.04.22 12:33:59.141,1.64405,1.6442,0.90,0.30
2008.04.22 12:34:00.377,1.64405,1.6442,0.90,0.30
2008.04.22 12:34:01.135,1.64405,1.6442,0.90,0.30
2008.04.22 12:34:02.122,1.64405,1.6442,0.40,0.30
2008.04.22 12:34:02.165,1.64405,1.6442,0.40,0.30
2008.04.22 12:34:02.213,1.64405,1.6442,0.40,0.60
2008.04.22 12:34:02.256,1.64405,1.6442,0.40,0.60
2008.04.22 12:34:02.300,1.64405,1.6442,0.40,0.60
2008.04.22 12:34:02.348,1.64405,1.6442,0.40,0.60
2008.04.22 12:34:02.395,1.64405,1.6442,0.40,0.60
2008.04.22 12:34:02.439,1.64405,1.6442,0.40,0.70
2008.04.22 12:34:02.511,1.64405,1.6442,0.40,0.70
2008.04.22 12:34:02.661,1.64405,1.6442,0.40,0.70
2008.04.22 12:34:02.708,1.64405,1.6442,0.40,0.70
2008.04.22 12:34:02.905,1.64405,1.6442,0.40,0.70
2008.04.22 12:34:03.400,1.64405,1.6442,0.40,0.70
2008.04.22 12:34:05.357,1.64405,1.6442,0.40,0.70
2008.04.22 12:34:05.655,1.64405,1.6442,0.40,0.60
2008.04.22 12:34:05.785,1.64405,1.6442,0.40,0.60
2008.04.22 12:34:05.914,1.64405,1.6442,0.40,0.60
2008.04.22 12:34:08.750,1.64405,1.6442,0.40,0.30
2008.04.22 12:34:08.797,1.64405,1.6442,0.40,0.30
2008.04.22 12:34:08.900,1.64405,1.6442,0.40,0.30
2008.04.22 12:34:09.052,1.64405,1.6442,0.90,0.30
2008.04.22 12:34:09.114,1.64405,1.6442,0.90,0.30
2008.04.22 12:34:09.152,1.64405,1.6442,0.90,0.30
2008.04.22 12:34:09.204,1.64405,1.6442,0.90,0.30
2008.04.22 12:34:09.253,1.6441,1.6442,0.40,0.30
2008.04.22 12:34:09.302,1.6441,1.6442,0.40,0.30
2008.04.22 12:34:09.350,1.6441,1.6442,0.60,0.30
2008.04.22 12:34:09.682,1.6441,1.6442,0.60,0.30
2008.04.22 12:34:10.012,1.6441,1.6442,0.60,0.30
2008.04.22 12:34:10.341,1.6441,1.6442,0.60,0.30
2008.04.22 12:34:10.501,1.6441,1.6442,0.60,0.30
2008.04.22 12:34:10.938,1.6441,1.6442,0.60,0.30
2008.04.22 12:34:12.064,1.6441,1.6442,0.60,0.30
2008.04.22 12:34:13.112,1.6441,1.6442,0.60,0.30
2008.04.22 12:34:13.619,1.6441,1.6442,0.60,0.30
2008.04.22 12:34:14.600,1.6441,1.6442,0.60,0.30
2008.04.22 12:34:19.229,1.6441,1.6442,0.60,0.30
2008.04.22 12:34:20.405,1.6441,1.6442,0.60,0.30
2008.04.22 12:34:24.187,1.6441,1.6442,0.60,0.30
2008.04.22 12:34:24.310,1.6441,1.6442,0.60,0.30
2008.04.22 12:34:25.847,1.6441,1.6442,0.60,0.30
2008.04.22 12:34:25.878,1.6441,1.6442,0.60,0.30
2008.04.22 12:34:25.938,1.6441,1.6442,0.40,0.30
2008.04.22 12:34:25.999,1.6441,1.6442,0.40,0.30
2008.04.22 12:34:26.028,1.6441,1.6442,0.40,0.30
2008.04.22 12:34:26.063,1.6441,1.6442,0.40,0.30
2008.04.22 12:34:26.111,1.6441,1.6442,0.40,0.30
2008.04.22 12:34:26.141,1.64405,1.6442,0.90,0.30
2008.04.22 12:34:26.219,1.64405,1.6442,0.90,0.30
2008.04.22 12:34:26.428,1.64405,1.6442,0.90,0.30
2008.04.22 12:34:26.522,1.64405,1.6442,0.90,0.30
2008.04.22 12:34:27.103,1.64405,1.6442,0.40,0.30
2008.04.22 12:34:27.383,1.64405,1.6442,0.40,0.30
2008.04.22 12:34:27.666,1.64405,1.6442,0.40,0.60
2008.04.22 12:34:27.948,1.64405,1.6442,0.40,0.60
2008.04.22 12:34:28.173,1.64405,1.6442,0.40,0.60
2008.04.22 12:34:28.396,1.64405,1.6442,0.40,0.60
2008.04.22 12:34:28.697,1.64405,1.6442,0.40,0.60
2008.04.22 12:34:28.918,1.64405,1.6442,0.40,0.60
2008.04.22 12:34:29.236,1.64405,1.6442,0.90,0.30
2008.04.22 12:34:29.634,1.64405,1.6442,0.90,0.30
2008.04.22 12:34:29.951,1.64405,1.6442,0.90,0.30
2008.04.22 12:34:30.163,1.64405,1.6442,0.90,0.30
2008.04.22 12:34:30.650,1.64405,1.6442,0.90,0.30
2008.04.22 12:34:30.864,1.64405,1.64425,0.90,0.30
2008.04.22 12:34:31.039,1.64405,1.6443,0.90,0.80
2008.04.22 12:34:31.181,1.64405,1.6443,0.90,0.60
2008.04.22 12:34:31.312,1.64415,1.6443,0.60,0.30
2008.04.22 12:34:31.455,1.6441,1.64435,1.20,0.30
2008.04.22 12:34:31.584,1.6441,1.6443,1.20,0.30
2008.04.22 12:34:31.712,1.6441,1.6443,2.50,0.30
2008.04.22 12:34:31.842,1.6441,1.6443,0.40,0.60
2008.04.22 12:34:31.972,1.6441,1.6443,0.40,0.60
2008.04.22 12:34:32.232,1.6441,1.6443,0.40,0.60
2008.04.22 12:34:32.536,1.6441,1.6443,0.40,0.60
2008.04.22 12:34:32.831,1.6441,1.6443,0.40,0.60
2008.04.22 12:34:33.126,1.6441,1.6443,0.40,0.60
2008.04.22 12:34:33.318,1.6441,1.6443,0.40,0.60
2008.04.22 12:34:33.506,1.6441,1.64425,0.40,0.30
2008.04.22 12:34:33.698,1.6441,1.64425,0.40,0.30
2008.04.22 12:34:33.889,1.6441,1.64425,0.40,0.30
2008.04.22 12:34:34.096,1.6441,1.64425,0.40,0.30
2008.04.22 12:34:34.657,1.6441,1.64425,0.40,0.30
2008.04.22 12:34:36.698,1.6441,1.64425,0.40,0.30
2008.04.22 12:34:37.382,1.6441,1.64425,0.40,0.30
2008.04.22 12:34:37.595,1.6441,1.64425,0.40,0.30
2008.04.22 12:34:37.667,1.6441,1.64425,0.40,0.30
2008.04.22 12:34:37.737,1.6441,1.6442,0.40,0.30
2008.04.22 12:34:37.807,1.64405,1.6442,0.40,0.30
2008.04.22 12:34:37.885,1.64405,1.6442,0.40,0.30
2008.04.22 12:34:37.956,1.64405,1.6442,0.40,0.30
2008.04.22 12:34:38.024,1.64405,1.6442,0.40,0.30
2008.04.22 12:34:38.883,1.64405,1.6442,0.40,0.30
2008.04.22 12:34:39.365,1.64405,1.6442,0.90,0.30
2008.04.22 12:34:39.445,1.64405,1.6443,0.90,3.20
2008.04.22 12:34:39.536,1.64405,1.6443,0.90,0.80
2008.04.22 12:34:39.616,1.64405,1.6443,0.90,0.80
2008.04.22 12:34:39.695,1.64405,1.6443,0.90,0.80
2008.04.22 12:34:39.775,1.64405,1.6443,0.90,0.80
2008.04.22 12:34:39.923,1.64405,1.6443,0.90,0.80
2008.04.22 12:34:41.164,1.64405,1.6443,0.90,0.80
2008.04.22 12:34:41.676,1.64405,1.6443,0.90,0.80
2008.04.22 12:34:41.751,1.6441,1.6443,0.60,0.80
2008.04.22 12:34:41.834,1.6441,1.6443,0.60,0.60
2008.04.22 12:34:41.908,1.6441,1.6443,0.60,0.60
2008.04.22 12:34:42.081,1.6441,1.6443,0.60,0.60
2008.04.22 12:34:42.904,1.6441,1.6443,0.60,0.60
2008.04.22 12:34:45.165,1.6441,1.6443,1.20,0.30
2008.04.22 12:34:45.219,1.6441,1.64435,1.20,0.30
2008.04.22 12:34:45.272,1.6441,1.64435,1.20,0.30
2008.04.22 12:34:45.324,1.6441,1.64435,1.20,0.30
2008.04.22 12:34:45.380,1.64415,1.6444,0.60,5.60
2008.04.22 12:34:45.433,1.64415,1.6444,0.60,5.60
2008.04.22 12:34:45.482,1.6441,1.6443,0.60,0.30
2008.04.22 12:34:45.542,1.6441,1.6443,0.60,0.30
2008.04.22 12:34:45.868,1.6441,1.6443,0.60,0.60
2008.04.22 12:34:46.675,1.6441,1.6443,0.60,0.60
2008.04.22 12:34:47.607,1.6441,1.6443,0.60,0.60
2008.04.22 12:34:47.811,1.6441,1.6443,0.60,0.60
2008.04.22 12:34:48.015,1.6441,1.6443,0.60,0.60
2008.04.22 12:34:49.044,1.6441,1.6443,0.60,0.60
2008.04.22 12:34:49.335,1.6441,1.6443,0.60,0.60
2008.04.22 12:34:49.625,1.6441,1.6443,0.60,0.60
2008.04.22 12:34:51.147,1.6441,1.6443,0.60,0.60
2008.04.22 12:34:52.045,1.6441,1.6443,0.60,0.60
2008.04.22 12:34:52.159,1.6441,1.6443,0.60,0.60
2008.04.22 12:34:53.063,1.6441,1.6443,0.60,0.60
2008.04.22 12:34:53.249,1.6441,1.6443,0.60,0.60
2008.04.22 12:34:53.964,1.6441,1.6443,0.60,0.60
2008.04.22 12:34:54.200,1.6441,1.6443,0.60,0.60
2008.04.22 12:34:54.435,1.6441,1.6443,0.60,0.60
2008.04.22 12:34:54.670,1.6441,1.6443,0.40,0.60
2008.04.22 12:34:54.907,1.6441,1.6443,0.40,0.60
2008.04.22 12:34:55.130,1.6441,1.6443,0.40,0.60
2008.04.22 12:34:59.424,1.6441,1.6443,0.40,0.60
2008.04.22 12:34:59.626,1.6441,1.6443,0.40,0.60
2008.04.22 12:34:59.743,1.6441,1.6443,0.60,0.60
2008.04.22 12:34:59.856,1.6441,1.6443,0.60,0.60
2008.04.22 12:34:59.973,1.64415,1.6443,0.90,0.30
2008.04.22 12:35:00.192,1.6442,1.64435,0.60,0.30
2008.04.22 12:35:00.410,1.64415,1.6444,0.90,3.20
2008.04.22 12:35:00.637,1.6442,1.6444,0.60,3.20
2008.04.22 12:35:00.856,1.6442,1.6444,0.40,5.40
2008.04.22 12:35:01.073,1.64405,1.6443,0.90,0.60
2008.04.22 12:35:01.394,1.64415,1.6443,0.40,0.30
2008.04.22 12:35:01.716,1.64415,1.6443,0.40,0.60
2008.04.22 12:35:02.037,1.64415,1.6443,0.40,0.60
2008.04.22 12:35:02.269,1.64415,1.64425,0.40,0.30
2008.04.22 12:35:02.500,1.64405,1.64425,0.90,0.30
2008.04.22 12:35:02.732,1.64405,1.64425,0.60,0.30
2008.04.22 12:35:02.962,1.64405,1.64425,0.60,0.30
2008.04.22 12:35:03.194,1.64405,1.64425,0.60,0.30
2008.04.22 12:35:03.496,1.64405,1.64425,0.60,0.30
2008.04.22 12:35:03.808,1.64405,1.64425,0.60,0.30
2008.04.22 12:35:04.124,1.64405,1.6443,0.60,0.80
2008.04.22 12:35:04.308,1.64405,1.6443,0.60,0.80
2008.04.22 12:35:04.495,1.64405,1.6443,0.60,0.60
2008.04.22 12:35:04.679,1.64405,1.6443,0.60,0.60
2008.04.22 12:35:04.947,1.64405,1.6443,0.60,0.60
2008.04.22 12:35:05.470,1.64405,1.6443,0.60,0.60
2008.04.22 12:35:05.676,1.64405,1.6443,0.60,0.60
2008.04.22 12:35:05.880,1.64405,1.6443,0.60,0.60
2008.04.22 12:35:06.097,1.6441,1.6443,0.90,0.30
2008.04.22 12:35:06.237,1.6441,1.6443,0.90,0.30
2008.04.22 12:35:06.378,1.6441,1.6443,0.40,0.60
2008.04.22 12:35:06.518,1.64405,1.6443,0.90,0.60
2008.04.22 12:35:06.689,1.64405,1.6443,0.90,0.60
2008.04.22 12:35:06.839,1.64405,1.6443,0.90,0.60
2008.04.22 12:35:06.968,1.64405,1.6443,0.90,0.60
2008.04.22 12:35:07.108,1.64405,1.6443,0.90,0.60
2008.04.22 12:35:07.413,1.64405,1.6443,0.60,0.60
2008.04.22 12:35:07.717,1.64405,1.6443,0.60,0.60
2008.04.22 12:35:09.436,1.64405,1.6443,0.60,0.60
2008.04.22 12:35:10.416,1.64405,1.6443,0.60,0.60
2008.04.22 12:35:10.630,1.64405,1.6443,0.60,0.60
2008.04.22 12:35:11.138,1.64405,1.6443,0.60,0.60
2008.04.22 12:35:11.422,1.64405,1.6443,0.60,0.60
2008.04.22 12:35:11.608,1.64405,1.6442,0.60,0.30
2008.04.22 12:35:11.793,1.644,1.6442,0.90,0.50
2008.04.22 12:35:11.981,1.6439,1.64415,2.50,0.30
2008.04.22 12:35:12.166,1.6439,1.64415,2.20,0.30
2008.04.22 12:35:12.426,1.6439,1.64405,0.80,0.30
2008.04.22 12:35:12.687,1.64385,1.64405,0.60,0.30
2008.04.22 12:35:12.949,1.6439,1.6441,0.60,3.00
2008.04.22 12:35:13.208,1.6439,1.6441,0.60,0.60
2008.04.22 12:35:13.479,1.6439,1.6441,0.60,0.30
2008.04.22 12:35:13.749,1.64385,1.6441,0.60,0.30
2008.04.22 12:35:14.021,1.64385,1.6441,0.60,0.60
2008.04.22 12:35:14.301,1.64385,1.6441,0.60,2.90
2008.04.22 12:35:15.197,1.64385,1.6441,0.60,2.90
2008.04.22 12:35:15.415,1.64385,1.6441,0.60,2.90
2008.04.22 12:35:15.926,1.64385,1.6441,0.60,2.90
2008.04.22 12:35:16.410,1.64385,1.64405,0.60,0.30
2008.04.22 12:35:16.594,1.64385,1.64405,0.60,0.30
2008.04.22 12:35:16.772,1.64385,1.64405,0.60,0.30
2008.04.22 12:35:16.953,1.6438,1.644,0.60,0.30
2008.04.22 12:35:17.133,1.6438,1.644,0.60,0.30
2008.04.22 12:35:17.313,1.6438,1.644,0.60,0.30
2008.04.22 12:35:17.494,1.6438,1.644,0.60,0.30
2008.04.22 12:35:17.719,1.6438,1.644,0.60,0.30
2008.04.22 12:35:18.624,1.6438,1.644,0.60,0.30
2008.04.22 12:35:19.153,1.6438,1.644,0.60,0.30
2008.04.22 12:35:19.441,1.6438,1.644,0.60,0.30
2008.04.22 12:35:24.201,1.6438,1.644,0.60,0.30
2008.04.22 12:35:24.391,1.6438,1.644,0.60,0.30
2008.04.22 12:35:25.591,1.6438,1.644,0.60,0.30
2008.04.22 12:35:29.361,1.64385,1.64405,0.60,0.30
2008.04.22 12:35:29.531,1.64385,1.64405,0.60,0.30
2008.04.22 12:35:29.701,1.64385,1.64405,0.60,0.30
2008.04.22 12:35:30.620,1.64385,1.64405,0.60,0.30
2008.04.22 12:35:30.865,1.64385,1.64405,0.60,0.30
2008.04.22 12:35:31.017,1.64385,1.64405,0.60,0.30
2008.04.22 12:35:31.173,1.64385,1.64405,0.60,0.30
2008.04.22 12:35:31.643,1.64385,1.64405,0.60,0.30
2008.04.22 12:35:32.674,1.64385,1.64405,0.60,0.30
2008.04.22 12:35:32.878,1.64385,1.64405,0.60,0.30
2008.04.22 12:35:33.173,1.64385,1.64405,0.60,0.30
2008.04.22 12:35:33.288,1.64385,1.64405,0.60,0.30
2008.04.22 12:35:34.159,1.64385,1.64405,0.60,0.30
2008.04.22 12:35:34.373,1.64385,1.64405,0.60,0.30
2008.04.22 12:35:35.694,1.64385,1.64405,0.60,0.30
2008.04.22 12:35:35.902,1.64385,1.64405,0.60,0.30
2008.04.22 12:35:37.140,1.64385,1.64405,0.60,0.30
2008.04.22 12:35:37.874,1.64385,1.64405,0.60,0.30
2008.04.22 12:35:37.954,1.6438,1.644,0.90,0.30
2008.04.22 12:35:38.034,1.6438,1.644,0.60,0.30
2008.04.22 12:35:38.115,1.6438,1.644,0.60,0.30
2008.04.22 12:35:38.196,1.6438,1.644,0.60,0.30
2008.04.22 12:35:42.112,1.64385,1.6441,0.60,3.20
2008.04.22 12:35:42.211,1.64385,1.6441,0.60,2.90
2008.04.22 12:35:42.297,1.6439,1.6441,0.40,2.90
2008.04.22 12:35:42.421,1.6439,1.6441,0.40,2.90
2008.04.22 12:35:42.583,1.6439,1.6441,0.40,2.90
2008.04.22 12:35:42.734,1.6439,1.6441,0.40,2.90
2008.04.22 12:35:43.648,1.6439,1.6441,0.40,2.90
2008.04.22 12:35:44.400,1.6439,1.64405,0.40,0.30
2008.04.22 12:35:44.514,1.6438,1.644,2.20,0.30
2008.04.22 12:35:44.689,1.6438,1.644,2.20,0.30
2008.04.22 12:35:44.863,1.6438,1.644,0.90,0.30
2008.04.22 12:35:45.039,1.6438,1.644,2.20,0.30
2008.04.22 12:35:45.213,1.6438,1.644,2.20,0.30
2008.04.22 12:35:45.390,1.6438,1.64405,0.90,0.30
2008.04.22 12:35:45.566,1.6439,1.64405,0.40,0.30
2008.04.22 12:35:45.902,1.6439,1.64405,0.40,0.30
2008.04.22 12:35:46.237,1.64385,1.6441,0.60,0.80
2008.04.22 12:35:46.573,1.6438,1.644,0.90,0.30
2008.04.22 12:35:46.907,1.6438,1.644,0.90,0.30
2008.04.22 12:35:47.108,1.64385,1.644,0.60,0.30
2008.04.22 12:35:47.283,1.6439,1.64405,0.40,0.30
2008.04.22 12:35:47.459,1.6439,1.644,0.40,0.30
2008.04.22 12:35:47.634,1.64385,1.644,0.60,0.30
2008.04.22 12:35:47.898,1.64385,1.644,0.60,0.30
2008.04.22 12:35:48.164,1.64385,1.6441,0.60,0.30
2008.04.22 12:35:48.428,1.64385,1.6441,0.60,0.80
2008.04.22 12:35:48.689,1.64385,1.6441,0.60,0.30
2008.04.22 12:35:48.931,1.64385,1.6441,0.60,0.30
2008.04.22 12:35:49.187,1.64385,1.64405,0.60,0.30
2008.04.22 12:35:49.442,1.64385,1.64405,0.60,0.30
2008.04.22 12:35:49.697,1.64385,1.64405,0.60,0.30
2008.04.22 12:35:49.933,1.64385,1.64405,0.60,0.30
2008.04.22 12:35:50.136,1.64385,1.64405,0.60,0.30
2008.04.22 12:35:50.275,1.6438,1.644,0.60,0.30
2008.04.22 12:35:50.414,1.6438,1.644,0.60,0.30
2008.04.22 12:35:50.554,1.6438,1.644,0.60,0.30
2008.04.22 12:35:50.873,1.64375,1.644,0.90,0.30
2008.04.22 12:35:51.068,1.64375,1.644,0.90,0.60
2008.04.22 12:35:51.263,1.6438,1.644,0.90,0.60
2008.04.22 12:35:51.460,1.6439,1.644,0.40,0.30
2008.04.22 12:35:51.657,1.6439,1.64405,0.40,0.30
2008.04.22 12:35:51.860,1.6439,1.64405,0.40,0.30
2008.04.22 12:35:52.381,1.6439,1.64405,0.40,0.30
2008.04.22 12:35:52.693,1.6439,1.64405,0.40,0.30
2008.04.22 12:35:54.624,1.6439,1.64405,0.40,0.30
2008.04.22 12:35:58.205,1.6439,1.64405,0.40,0.30
2008.04.22 12:35:59.120,1.6439,1.64405,0.40,0.30
2008.04.22 12:35:59.186,1.6438,1.644,4.60,0.30
2008.04.22 12:35:59.251,1.6438,1.644,4.60,0.30
2008.04.22 12:35:59.324,1.6438,1.644,2.20,0.30
2008.04.22 12:35:59.427,1.6438,1.644,2.20,0.30
2008.04.22 12:35:59.490,1.6438,1.644,0.90,0.30
2008.04.22 12:35:59.642,1.6438,1.644,0.90,0.30
2008.04.22 12:35:59.705,1.6439,1.64405,0.40,0.30
2008.04.22 12:35:59.771,1.6439,1.64405,0.40,0.30
2008.04.22 12:35:59.862,1.6439,1.64395,0.40,0.30
2008.04.22 12:35:59.926,1.6439,1.64395,0.40,0.30
2008.04.22 12:35:59.992,1.6439,1.64395,0.40,0.30
2008.04.22 12:36:00.058,1.6438,1.644,4.00,0.60
2008.04.22 12:36:00.379,1.6438,1.644,0.40,0.60
2008.04.22 12:36:01.182,1.6438,1.644,0.40,0.60
2008.04.22 12:36:01.393,1.6438,1.644,0.40,0.60
2008.04.22 12:36:02.627,1.6438,1.644,0.40,0.60
2008.04.22 12:36:03.158,1.6438,1.644,0.40,0.60
2008.04.22 12:36:04.627,1.6438,1.644,0.40,0.60
2008.04.22 12:36:05.221,1.6438,1.644,0.40,0.60
2008.04.22 12:36:05.879,1.6438,1.64395,0.40,0.30
2008.04.22 12:36:06.073,1.64375,1.64395,0.90,0.30
2008.04.22 12:36:06.268,1.64375,1.64395,0.90,0.30
2008.04.22 12:36:06.457,1.64375,1.644,0.90,0.60
2008.04.22 12:36:06.648,1.6438,1.644,0.60,0.60
2008.04.22 12:36:06.837,1.6438,1.644,0.90,0.60
2008.04.22 12:36:07.032,1.6438,1.644,0.90,0.60
2008.04.22 12:36:07.634,1.6438,1.644,0.90,0.60
2008.04.22 12:36:07.824,1.6438,1.644,1.20,0.30
2008.04.22 12:36:08.013,1.6438,1.644,1.20,0.30
2008.04.22 12:36:08.203,1.6438,1.64405,2.50,0.30
2008.04.22 12:36:08.468,1.6438,1.64405,2.50,0.30
2008.04.22 12:36:08.735,1.64385,1.6441,0.60,0.60
2008.04.22 12:36:09.000,1.64385,1.6441,0.90,0.60
2008.04.22 12:36:09.274,1.64385,1.6441,0.90,0.60
2008.04.22 12:36:09.503,1.64385,1.6441,0.90,0.60
2008.04.22 12:36:09.742,1.64385,1.644,0.40,0.30
2008.04.22 12:36:09.983,1.64385,1.644,0.40,0.30
2008.04.22 12:36:10.224,1.64385,1.6441,0.90,0.60
2008.04.22 12:36:10.450,1.64385,1.6441,0.90,0.60
2008.04.22 12:36:10.685,1.64385,1.6441,0.90,0.60
2008.04.22 12:36:10.909,1.64385,1.6441,0.90,0.60
2008.04.22 12:36:11.132,1.64385,1.6441,0.90,0.60
2008.04.22 12:36:11.366,1.64385,1.6441,0.90,0.60
2008.04.22 12:36:11.580,1.64385,1.64405,0.90,0.30
2008.04.22 12:36:11.796,1.64385,1.64405,0.90,0.30
2008.04.22 12:36:12.011,1.64385,1.6441,0.90,0.60
2008.04.22 12:36:12.225,1.64385,1.6441,0.90,0.60
2008.04.22 12:36:12.442,1.64385,1.6441,0.90,0.60
2008.04.22 12:36:13.449,1.64385,1.6441,0.90,0.60
2008.04.22 12:36:13.609,1.64385,1.6441,0.90,0.60
2008.04.22 12:36:13.781,1.64385,1.6441,0.90,0.60
2008.04.22 12:36:13.941,1.64385,1.6441,0.90,0.60
2008.04.22 12:36:14.101,1.64385,1.6441,0.90,0.60
2008.04.22 12:36:14.260,1.64385,1.6441,0.90,0.60
2008.04.22 12:36:14.420,1.64385,1.6441,0.90,0.60
2008.04.22 12:36:14.581,1.64385,1.64405,0.90,0.30
2008.04.22 12:36:14.895,1.64385,1.64405,0.60,0.30
2008.04.22 12:36:15.211,1.64385,1.64405,0.60,0.30
2008.04.22 12:36:15.526,1.64385,1.64405,0.60,0.30
2008.04.22 12:36:15.686,1.64385,1.64405,0.60,0.30
2008.04.22 12:36:15.880,1.64385,1.64405,0.60,0.30
2008.04.22 12:36:16.031,1.6438,1.644,2.50,0.30
2008.04.22 12:36:16.190,1.6438,1.644,2.50,0.30
2008.04.22 12:36:16.340,1.6438,1.644,1.20,0.30
2008.04.22 12:36:16.491,1.6438,1.644,1.20,0.30
2008.04.22 12:36:16.641,1.6438,1.644,1.20,0.30
2008.04.22 12:36:16.881,1.6438,1.644,2.50,0.30
2008.04.22 12:36:17.377,1.6438,1.644,2.50,0.30
2008.04.22 12:36:17.695,1.6438,1.644,2.50,0.30
2008.04.22 12:36:17.841,1.6438,1.644,2.50,0.30
2008.04.22 12:36:17.996,1.6438,1.644,2.50,0.30
2008.04.22 12:36:18.130,1.64385,1.644,0.60,0.30
2008.04.22 12:36:18.278,1.64385,1.644,0.60,0.30
2008.04.22 12:36:18.424,1.64385,1.6441,0.60,0.60
2008.04.22 12:36:18.568,1.64385,1.6441,0.60,0.60
2008.04.22 12:36:19.440,1.64385,1.6441,0.60,0.60
2008.04.22 12:36:20.324,1.64385,1.6441,0.60,0.60
2008.04.22 12:36:21.184,1.64385,1.6441,0.60,0.60
2008.04.22 12:36:21.354,1.64385,1.6441,0.60,0.60
2008.04.22 12:36:21.455,1.64385,1.6441,0.60,0.60
2008.04.22 12:36:22.869,1.64385,1.6441,0.60,0.60
2008.04.22 12:36:23.186,1.64385,1.6441,0.60,0.60
2008.04.22 12:36:23.387,1.64385,1.6441,0.60,0.60
2008.04.22 12:36:23.591,1.64385,1.64405,0.60,0.30
2008.04.22 12:36:23.660,1.64385,1.64405,0.60,0.30
2008.04.22 12:36:23.894,1.64385,1.64405,0.60,0.30
2008.04.22 12:36:25.909,1.64385,1.64405,0.60,0.30
2008.04.22 12:36:27.126,1.64385,1.6441,0.60,0.60
2008.04.22 12:36:27.201,1.6439,1.6441,0.40,0.60
2008.04.22 12:36:27.274,1.6439,1.6441,0.40,0.60
2008.04.22 12:36:27.349,1.6439,1.64405,0.40,0.30
2008.04.22 12:36:27.423,1.6439,1.64405,0.40,0.30
2008.04.22 12:36:27.498,1.6439,1.64405,0.40,0.30
2008.04.22 12:36:27.648,1.6439,1.64405,0.40,0.30
2008.04.22 12:36:27.724,1.6439,1.6441,0.40,0.60
2008.04.22 12:36:27.798,1.6439,1.6441,0.40,0.60
2008.04.22 12:36:28.072,1.6439,1.6441,0.40,0.60
2008.04.22 12:36:28.287,1.6439,1.6441,0.40,0.60
2008.04.22 12:36:28.512,1.6438,1.644,2.50,0.30
2008.04.22 12:36:28.726,1.64385,1.6441,0.60,0.80
2008.04.22 12:36:28.940,1.64385,1.6441,0.60,0.80
2008.04.22 12:36:29.155,1.64385,1.6441,0.60,0.60
2008.04.22 12:36:29.314,1.64385,1.6441,0.60,0.60
2008.04.22 12:36:29.911,1.64385,1.6441,0.60,0.60
2008.04.22 12:36:31.492,1.64385,1.6441,0.60,0.60
2008.04.22 12:36:31.599,1.64385,1.64405,0.60,0.30
2008.04.22 12:36:31.669,1.64385,1.64405,0.60,0.30
2008.04.22 12:36:31.704,1.64385,1.64405,0.60,0.30
2008.04.22 12:36:31.738,1.64385,1.64405,0.60,0.30
2008.04.22 12:36:31.784,1.64385,1.64405,0.60,0.30
2008.04.22 12:36:31.823,1.64385,1.64405,0.60,0.30
2008.04.22 12:36:32.082,1.64385,1.64405,0.60,0.30
2008.04.22 12:36:32.327,1.6438,1.644,0.40,0.60
2008.04.22 12:36:32.582,1.6438,1.644,0.40,0.60
2008.04.22 12:36:32.826,1.6438,1.644,0.40,0.60
2008.04.22 12:36:33.083,1.6438,1.644,0.40,0.60
2008.04.22 12:36:33.238,1.6438,1.644,0.40,0.60
2008.04.22 12:36:33.413,1.6438,1.644,0.40,0.60
2008.04.22 12:36:33.548,1.6438,1.644,0.40,0.60
2008.04.22 12:36:33.676,1.6438,1.644,0.40,0.60
2008.04.22 12:36:33.915,1.6438,1.644,0.40,0.60
2008.04.22 12:36:34.131,1.6438,1.644,0.40,0.60
2008.04.22 12:36:34.391,1.6438,1.644,0.40,0.60
2008.04.22 12:36:34.488,1.6438,1.644,0.40,0.60
2008.04.22 12:36:34.582,1.6438,1.644,0.90,0.30
2008.04.22 12:36:34.686,1.6438,1.644,0.90,0.30
2008.04.22 12:36:34.789,1.6438,1.644,2.20,0.30
2008.04.22 12:36:34.888,1.6438,1.644,2.20,0.30
2008.04.22 12:36:34.982,1.64385,1.64405,0.60,0.30
2008.04.22 12:36:35.078,1.64385,1.64405,0.60,0.30
2008.04.22 12:36:35.173,1.6438,1.64405,2.20,0.30
2008.04.22 12:36:35.384,1.64385,1.644,0.60,0.30
2008.04.22 12:36:35.593,1.6438,1.644,0.90,0.30
2008.04.22 12:36:35.804,1.6438,1.644,0.90,0.60
2008.04.22 12:36:36.013,1.6438,1.644,0.90,0.30
2008.04.22 12:36:36.223,1.6438,1.644,0.90,0.30
2008.04.22 12:36:36.455,1.6438,1.644,0.90,0.30
2008.04.22 12:36:36.685,1.6438,1.644,1.90,0.30
2008.04.22 12:36:36.914,1.6438,1.644,1.90,0.30
2008.04.22 12:36:37.144,1.6438,1.644,1.90,0.30
2008.04.22 12:36:37.373,1.6438,1.644,1.90,0.30
2008.04.22 12:36:37.638,1.6438,1.644,1.90,0.30
2008.04.22 12:36:37.854,1.6438,1.644,2.20,0.30
2008.04.22 12:36:38.070,1.6438,1.644,1.90,0.30
2008.04.22 12:36:38.294,1.6438,1.644,1.90,0.30
2008.04.22 12:36:38.631,1.6438,1.644,1.90,0.30
2008.04.22 12:36:38.919,1.6438,1.644,1.90,0.30
2008.04.22 12:36:39.019,1.6438,1.64405,1.90,0.30
2008.04.22 12:36:39.124,1.6438,1.64405,1.90,0.30
2008.04.22 12:36:39.223,1.6438,1.64405,2.20,0.30
2008.04.22 12:36:39.446,1.6438,1.64405,2.20,0.30
2008.04.22 12:36:39.650,1.6438,1.64405,2.20,0.30
2008.04.22 12:36:40.624,1.6438,1.64405,2.50,0.30
2008.04.22 12:36:40.749,1.6438,1.64405,2.50,0.30
2008.04.22 12:36:40.833,1.6438,1.64405,2.50,0.30
2008.04.22 12:36:40.896,1.6438,1.64405,2.50,0.30
2008.04.22 12:36:40.947,1.6438,1.64405,2.50,0.30
2008.04.22 12:36:40.999,1.6438,1.64405,2.20,0.30
2008.04.22 12:36:41.058,1.6438,1.64405,2.20,0.30
2008.04.22 12:36:41.120,1.6438,1.64405,2.20,0.30
2008.04.22 12:36:41.428,1.6438,1.64405,2.20,0.30
2008.04.22 12:36:41.478,1.6438,1.644,2.20,0.30
2008.04.22 12:36:41.767,1.64385,1.64405,0.60,0.30
2008.04.22 12:36:42.058,1.6438,1.644,1.20,0.30
2008.04.22 12:36:42.347,1.6438,1.644,2.50,0.30
2008.04.22 12:36:42.901,1.64385,1.644,0.60,0.30
2008.04.22 12:36:43.036,1.64385,1.6441,0.60,0.80
2008.04.22 12:36:43.182,1.64385,1.6441,0.90,0.80
2008.04.22 12:36:43.316,1.64385,1.64405,0.40,0.30
2008.04.22 12:36:43.455,1.6438,1.64405,2.50,0.30
2008.04.22 12:36:43.599,1.64385,1.6441,0.60,0.80
2008.04.22 12:36:43.808,1.64385,1.6441,0.60,0.80
2008.04.22 12:36:44.018,1.64385,1.6441,0.60,0.80
2008.04.22 12:36:44.227,1.64385,1.6441,0.60,0.80
2008.04.22 12:36:44.446,1.64385,1.6441,0.60,0.60
2008.04.22 12:36:44.646,1.64385,1.6441,0.60,0.60
2008.04.22 12:36:44.915,1.64385,1.64405,0.60,0.30
2008.04.22 12:36:45.156,1.64385,1.64405,0.60,0.30
2008.04.22 12:36:45.396,1.64385,1.64405,0.90,0.30
2008.04.22 12:36:46.161,1.64385,1.64405,0.40,0.30
2008.04.22 12:36:46.423,1.64385,1.644,0.40,0.30
2008.04.22 12:36:46.667,1.64385,1.644,0.40,0.30
2008.04.22 12:36:46.837,1.64385,1.644,0.40,0.30
2008.04.22 12:36:47.438,1.64385,1.644,0.40,0.30
2008.04.22 12:36:47.596,1.64385,1.644,0.40,0.30
2008.04.22 12:36:47.754,1.64385,1.644,0.40,0.30
2008.04.22 12:36:47.950,1.6438,1.644,2.50,0.30
2008.04.22 12:36:48.156,1.6438,1.644,2.50,0.30
2008.04.22 12:36:48.336,1.6438,1.64405,2.50,0.30
2008.04.22 12:36:48.515,1.64385,1.64405,0.60,0.30
2008.04.22 12:36:48.695,1.64385,1.64405,0.60,0.30
2008.04.22 12:36:48.925,1.6438,1.644,2.50,0.30
2008.04.22 12:36:49.151,1.6438,1.644,2.50,0.30
2008.04.22 12:36:49.375,1.6438,1.644,1.20,0.30
2008.04.22 12:36:49.600,1.6438,1.644,1.20,0.60
2008.04.22 12:36:49.825,1.6438,1.644,1.20,0.60
2008.04.22 12:36:52.438,1.6438,1.644,1.20,0.30
2008.04.22 12:36:52.618,1.6438,1.644,1.20,0.30
2008.04.22 12:36:52.758,1.6438,1.64405,1.20,0.30
2008.04.22 12:36:52.896,1.6438,1.64405,2.50,0.30
2008.04.22 12:36:53.078,1.6438,1.644,2.50,0.30
2008.04.22 12:36:53.258,1.6438,1.64405,2.50,0.30
2008.04.22 12:36:53.437,1.6438,1.64405,2.50,0.30
2008.04.22 12:36:53.617,1.64385,1.64405,0.60,0.30
2008.04.22 12:36:54.207,1.6439,1.64405,0.40,0.30
2008.04.22 12:36:54.482,1.6439,1.64405,0.40,0.30
2008.04.22 12:36:54.758,1.6439,1.64405,0.40,0.30
2008.04.22 12:36:54.923,1.6438,1.644,2.50,0.30
2008.04.22 12:36:55.087,1.6438,1.644,1.20,0.30
2008.04.22 12:36:55.252,1.6438,1.644,1.20,0.30
2008.04.22 12:36:55.427,1.6438,1.644,1.20,0.30
2008.04.22 12:36:56.095,1.6438,1.644,1.20,0.60
2008.04.22 12:37:00.166,1.6438,1.644,1.20,0.60
2008.04.22 12:37:00.307,1.64375,1.644,0.90,0.60
2008.04.22 12:37:00.436,1.64375,1.644,0.90,0.60
2008.04.22 12:37:00.568,1.6438,1.644,0.40,0.60
2008.04.22 12:37:00.698,1.6438,1.644,0.40,0.60
2008.04.22 12:37:00.829,1.64375,1.6439,0.90,0.30
2008.04.22 12:37:00.958,1.6438,1.644,0.40,0.60
2008.04.22 12:37:01.101,1.6438,1.64395,0.40,0.30
2008.04.22 12:37:01.447,1.6438,1.644,0.90,0.30
2008.04.22 12:37:01.793,1.6438,1.644,0.40,0.80
2008.04.22 12:37:02.129,1.6438,1.644,0.90,0.60
2008.04.22 12:37:02.323,1.6438,1.644,0.90,0.60
2008.04.22 12:37:02.520,1.6438,1.64395,0.40,0.30
2008.04.22 12:37:02.716,1.6438,1.64395,0.40,0.30
2008.04.22 12:37:02.909,1.6438,1.64395,0.40,0.30
2008.04.22 12:37:03.104,1.6438,1.64395,0.40,0.30
2008.04.22 12:37:03.411,1.6438,1.64395,0.40,0.30
2008.04.22 12:37:03.680,1.6438,1.64395,0.40,0.30
2008.04.22 12:37:04.129,1.6438,1.64395,0.40,0.30
2008.04.22 12:37:04.949,1.6438,1.64395,0.40,0.30
2008.04.22 12:37:05.177,1.6438,1.64395,0.40,0.30
2008.04.22 12:37:05.308,1.6438,1.644,0.40,0.60
2008.04.22 12:37:05.437,1.6438,1.64405,1.20,0.30
2008.04.22 12:37:05.567,1.6438,1.64405,2.50,0.30
2008.04.22 12:37:05.698,1.6439,1.6441,0.60,0.60
2008.04.22 12:37:05.827,1.6439,1.6441,0.60,0.30
2008.04.22 12:37:05.958,1.6439,1.6441,0.60,0.30
2008.04.22 12:37:06.104,1.6439,1.6441,0.60,0.30
2008.04.22 12:37:06.234,1.64385,1.6441,0.90,0.60
2008.04.22 12:37:06.363,1.64385,1.6441,0.90,0.60
2008.04.22 12:37:06.573,1.64385,1.6441,0.90,0.60
2008.04.22 12:37:06.782,1.64385,1.6441,0.90,0.60
2008.04.22 12:37:06.991,1.64385,1.64405,0.90,0.30
2008.04.22 12:37:07.201,1.64385,1.644,0.40,0.60
2008.04.22 12:37:07.411,1.6438,1.64395,0.40,0.30
2008.04.22 12:37:07.601,1.6438,1.644,0.90,0.60
2008.04.22 12:37:07.791,1.6438,1.644,1.20,0.60
2008.04.22 12:37:07.981,1.6438,1.644,1.20,0.60
2008.04.22 12:37:08.170,1.6438,1.644,1.20,0.60
2008.04.22 12:37:08.361,1.6438,1.644,2.50,0.60
2008.04.22 12:37:08.635,1.6438,1.644,2.50,0.60
2008.04.22 12:37:08.909,1.6438,1.644,0.40,0.60
2008.04.22 12:37:09.184,1.6438,1.644,0.40,0.60
2008.04.22 12:37:09.458,1.64375,1.644,0.90,0.60
2008.04.22 12:37:09.668,1.64375,1.644,0.90,0.60
2008.04.22 12:37:09.880,1.64375,1.644,0.90,0.60
2008.04.22 12:37:10.090,1.6438,1.644,0.60,0.30
2008.04.22 12:37:10.311,1.64385,1.64405,0.60,0.60
2008.04.22 12:37:10.576,1.64385,1.6441,0.60,1.60
2008.04.22 12:37:10.840,1.6439,1.6441,0.60,0.50
2008.04.22 12:37:11.107,1.64385,1.6441,0.90,0.60
2008.04.22 12:37:11.372,1.64385,1.6441,0.90,0.30
2008.04.22 12:37:11.645,1.64385,1.6441,0.60,0.30
2008.04.22 12:37:11.876,1.64385,1.6441,0.60,0.30
2008.04.22 12:37:12.141,1.6438,1.64405,2.20,0.30
2008.04.22 12:37:12.300,1.6438,1.64405,2.20,0.30
2008.04.22 12:37:12.460,1.64385,1.64405,0.40,0.30
2008.04.22 12:37:12.659,1.64385,1.64405,0.40,0.30
2008.04.22 12:37:12.931,1.64385,1.64405,0.40,0.30
2008.04.22 12:37:14.667,1.64385,1.644,0.40,0.30
2008.04.22 12:37:14.864,1.64385,1.644,0.40,0.30
2008.04.22 12:37:15.015,1.64385,1.644,0.40,0.30
2008.04.22 12:37:15.165,1.64385,1.644,0.40,0.30
2008.04.22 12:37:15.366,1.64385,1.644,0.40,0.30
2008.04.22 12:37:15.515,1.64385,1.64405,0.40,0.30
2008.04.22 12:37:15.665,1.64385,1.64405,0.40,0.30
2008.04.22 12:37:15.915,1.64385,1.64405,0.40,0.30
2008.04.22 12:37:16.155,1.64385,1.6441,0.90,0.30
2008.04.22 12:37:17.174,1.64385,1.6441,0.90,0.30
2008.04.22 12:37:17.283,1.6439,1.6441,0.40,0.30
2008.04.22 12:37:17.387,1.6439,1.6441,0.40,0.30
2008.04.22 12:37:17.491,1.6439,1.64415,0.90,0.30
2008.04.22 12:37:17.640,1.6439,1.64415,0.90,0.30
2008.04.22 12:37:17.835,1.6439,1.64415,0.90,0.30
2008.04.22 12:37:18.041,1.6439,1.64415,2.20,0.30
2008.04.22 12:37:18.422,1.6439,1.64415,2.20,0.30
2008.04.22 12:37:18.616,1.6439,1.64415,2.20,0.30
2008.04.22 12:37:18.811,1.6439,1.64415,2.20,0.30
2008.04.22 12:37:18.972,1.6439,1.64415,2.20,0.30
2008.04.22 12:37:19.131,1.6439,1.64415,2.20,0.30
2008.04.22 12:37:19.292,1.6439,1.64415,2.50,0.30
2008.04.22 12:37:19.452,1.6439,1.64415,2.50,0.30
2008.04.22 12:37:19.611,1.64395,1.64415,0.60,0.30
2008.04.22 12:37:19.771,1.64395,1.64415,0.60,0.30
2008.04.22 12:37:19.995,1.6439,1.64415,2.50,0.30
2008.04.22 12:37:20.222,1.6439,1.64415,1.90,0.30
2008.04.22 12:37:20.449,1.6439,1.6441,1.20,0.30
2008.04.22 12:37:20.674,1.6439,1.6441,1.20,0.60
2008.04.22 12:37:20.902,1.64385,1.6441,0.90,0.60
2008.04.22 12:37:21.132,1.64385,1.6441,0.90,0.60
2008.04.22 12:37:21.414,1.6439,1.6441,0.60,0.30
2008.04.22 12:37:21.645,1.6439,1.6441,1.90,0.30
2008.04.22 12:37:21.884,1.6439,1.6441,1.90,0.30
2008.04.22 12:37:22.073,1.6439,1.6441,1.90,0.60
2008.04.22 12:37:22.263,1.6439,1.6441,1.90,0.60
2008.04.22 12:37:22.451,1.6439,1.64415,1.90,0.30
2008.04.22 12:37:22.641,1.6439,1.64415,1.90,0.30
2008.04.22 12:37:22.830,1.6439,1.64415,1.90,0.30
2008.04.22 12:37:23.045,1.6439,1.64415,1.90,0.30
2008.04.22 12:37:28.809,1.6439,1.64415,1.90,0.30
2008.04.22 12:37:28.918,1.6439,1.64415,1.90,0.30
2008.04.22 12:37:28.970,1.6439,1.6441,1.90,0.30
2008.04.22 12:37:29.147,1.6439,1.6441,1.90,0.30
2008.04.22 12:37:29.197,1.6439,1.6441,1.90,0.30
2008.04.22 12:37:29.247,1.6439,1.6441,1.90,0.30
2008.04.22 12:37:29.295,1.6439,1.6441,1.20,0.60
2008.04.22 12:37:29.345,1.64385,1.6441,0.90,0.60
2008.04.22 12:37:29.452,1.64385,1.6441,0.90,0.60
2008.04.22 12:37:29.510,1.64385,1.6441,0.90,0.60
2008.04.22 12:37:29.739,1.64385,1.6441,0.90,0.60
2008.04.22 12:37:32.032,1.64385,1.644,0.60,0.30
2008.04.22 12:37:32.080,1.6438,1.644,2.50,0.60
2008.04.22 12:37:32.124,1.6438,1.644,2.50,0.60
2008.04.22 12:37:32.159,1.6438,1.644,2.50,0.60
2008.04.22 12:37:32.194,1.6438,1.644,1.20,0.60
2008.04.22 12:37:32.228,1.6438,1.644,0.90,0.60
2008.04.22 12:37:32.399,1.6438,1.64395,0.40,0.30
2008.04.22 12:37:32.434,1.6438,1.64395,0.40,0.30
2008.04.22 12:37:32.479,1.6438,1.64395,0.40,0.30
2008.04.22 12:37:32.515,1.6438,1.64395,0.40,0.30
2008.04.22 12:37:32.566,1.6438,1.64395,0.40,0.30
2008.04.22 12:37:32.603,1.6438,1.64395,0.40,0.30
2008.04.22 12:37:32.648,1.6438,1.64395,0.40,0.30
2008.04.22 12:37:32.674,1.6438,1.64395,0.40,0.30
2008.04.22 12:37:32.707,1.6438,1.64395,0.40,0.30
2008.04.22 12:37:32.741,1.6438,1.64395,0.40,0.30
2008.04.22 12:37:32.775,1.6438,1.64395,0.40,0.30
2008.04.22 12:37:32.937,1.6438,1.64395,0.40,0.30
2008.04.22 12:37:33.182,1.6438,1.64395,0.40,0.30
2008.04.22 12:37:33.538,1.6438,1.64395,0.40,0.30
2008.04.22 12:37:33.859,1.6438,1.64395,0.40,0.30
2008.04.22 12:37:34.194,1.64375,1.6439,0.90,0.30
2008.04.22 12:37:34.265,1.64375,1.64395,0.90,0.30
2008.04.22 12:37:34.334,1.64375,1.64395,0.90,0.30
2008.04.22 12:37:34.404,1.64375,1.64395,0.90,0.30
2008.04.22 12:37:34.473,1.64375,1.64395,0.90,0.30
2008.04.22 12:37:34.551,1.64375,1.64395,0.90,0.30
2008.04.22 12:37:34.621,1.64375,1.64395,0.90,0.30
2008.04.22 12:37:34.888,1.64375,1.64395,0.90,0.30
2008.04.22 12:37:34.968,1.6438,1.644,0.60,0.30
2008.04.22 12:37:35.037,1.6438,1.644,0.60,0.30
2008.04.22 12:37:35.317,1.64385,1.6441,0.90,0.60
2008.04.22 12:37:35.597,1.64385,1.6441,0.90,0.30
2008.04.22 12:37:35.877,1.6439,1.6441,1.20,0.30
2008.04.22 12:37:36.156,1.6439,1.6441,1.20,0.30
2008.04.22 12:37:36.449,1.6439,1.6441,1.20,0.30
2008.04.22 12:37:36.595,1.64385,1.6441,0.90,0.30
2008.04.22 12:37:36.738,1.64385,1.6441,0.90,0.30
2008.04.22 12:37:36.883,1.64385,1.6441,0.90,0.30
2008.04.22 12:37:37.111,1.64385,1.6441,0.90,0.30
2008.04.22 12:37:37.287,1.6439,1.6441,0.40,0.30
2008.04.22 12:37:38.938,1.6439,1.6441,0.40,0.30
2008.04.22 12:37:39.135,1.6439,1.6441,0.40,0.30
2008.04.22 12:37:39.300,1.6439,1.64415,2.20,0.30
2008.04.22 12:37:39.515,1.6439,1.64415,2.20,0.30
2008.04.22 12:37:39.730,1.6439,1.64415,2.20,0.30
2008.04.22 12:37:39.944,1.6439,1.64415,2.20,0.30
2008.04.22 12:37:40.167,1.6439,1.64415,2.20,0.30
2008.04.22 12:37:41.197,1.6439,1.64415,2.20,0.30
2008.04.22 12:37:45.644,1.6439,1.64415,2.20,0.30
2008.04.22 12:37:45.874,1.6439,1.6441,2.20,0.30
2008.04.22 12:37:46.103,1.6439,1.6441,2.20,0.30
2008.04.22 12:37:46.334,1.6439,1.644,1.20,0.30
2008.04.22 12:37:46.565,1.6439,1.644,0.90,0.30
2008.04.22 12:37:46.776,1.6439,1.6441,0.40,0.60
2008.04.22 12:37:46.986,1.6439,1.6441,0.90,0.30
2008.04.22 12:37:47.196,1.6439,1.6441,0.40,0.60
2008.04.22 12:37:47.406,1.6439,1.6441,1.60,0.60
2008.04.22 12:37:47.589,1.6439,1.6441,1.60,0.60
2008.04.22 12:37:47.763,1.6439,1.64405,1.20,0.30
2008.04.22 12:37:47.938,1.6439,1.64405,1.20,0.30
2008.04.22 12:37:48.115,1.6439,1.6441,1.90,0.30
2008.04.22 12:37:48.290,1.6439,1.64415,2.20,0.30
2008.04.22 12:37:48.464,1.64395,1.64415,0.60,0.30
2008.04.22 12:37:48.654,1.64395,1.64415,0.60,0.30
2008.04.22 12:37:48.843,1.64395,1.64415,0.60,0.30
2008.04.22 12:37:49.034,1.6441,1.64415,0.40,0.30
2008.04.22 12:37:49.226,1.64415,1.64425,0.40,0.40
2008.04.22 12:37:49.428,1.64415,1.64425,0.40,0.40
2008.04.22 12:37:49.656,1.64415,1.64435,0.90,0.60
2008.04.22 12:37:49.882,1.6442,1.64435,0.40,0.60
2008.04.22 12:37:50.107,1.6442,1.64435,0.40,0.30
2008.04.22 12:37:50.333,1.6441,1.64435,2.50,0.30
2008.04.22 12:37:50.559,1.6441,1.64435,2.50,0.30
2008.04.22 12:37:50.890,1.6442,1.6444,0.40,0.60
2008.04.22 12:37:51.222,1.6442,1.6444,0.60,0.60
2008.04.22 12:37:52.802,1.6441,1.64425,0.40,0.30
2008.04.22 12:37:52.909,1.644,1.64425,3.00,0.30
2008.04.22 12:37:52.982,1.64395,1.6442,0.90,0.60
2008.04.22 12:37:53.064,1.64395,1.6442,0.90,0.60
2008.04.22 12:37:53.167,1.64395,1.6442,0.90,0.80
2008.04.22 12:37:53.249,1.64395,1.6442,0.90,0.60
2008.04.22 12:37:53.331,1.64395,1.6441,0.60,0.30
2008.04.22 12:37:53.411,1.64395,1.6441,0.60,0.30
2008.04.22 12:37:53.491,1.6439,1.6441,2.50,0.30
2008.04.22 12:37:53.685,1.6439,1.6441,2.50,0.30
2008.04.22 12:37:53.752,1.6439,1.6441,0.60,0.60
2008.04.22 12:37:54.086,1.64385,1.6441,0.60,0.60
2008.04.22 12:37:54.424,1.64385,1.64405,0.60,0.30
2008.04.22 12:37:54.777,1.64385,1.64405,0.60,0.30
2008.04.22 12:37:54.984,1.6439,1.6441,0.90,0.60
2008.04.22 12:37:55.175,1.6439,1.6441,0.90,0.60
2008.04.22 12:37:55.379,1.6439,1.6441,0.90,0.60
2008.04.22 12:37:55.584,1.6439,1.6441,0.90,0.60
2008.04.22 12:37:56.156,1.6439,1.6441,0.90,0.60
2008.04.22 12:37:56.450,1.6439,1.6441,0.90,0.60
2008.04.22 12:37:56.738,1.64395,1.6441,0.40,0.30
2008.04.22 12:37:57.030,1.64395,1.6442,0.90,0.80
2008.04.22 12:37:57.245,1.64395,1.6442,0.90,0.80
2008.04.22 12:37:57.460,1.64395,1.6442,0.90,0.60
2008.04.22 12:37:57.675,1.644,1.6442,0.60,0.30
2008.04.22 12:37:57.891,1.64405,1.6443,0.60,4.00
2008.04.22 12:37:58.198,1.64405,1.6443,0.60,0.60
2008.04.22 12:37:58.500,1.64405,1.6443,0.60,0.60
2008.04.22 12:37:58.793,1.64405,1.6443,0.90,0.60
2008.04.22 12:37:59.088,1.64405,1.6443,0.90,0.60
2008.04.22 12:37:59.343,1.64405,1.6443,0.90,0.60
2008.04.22 12:37:59.598,1.64405,1.6443,0.90,0.60
2008.04.22 12:37:59.854,1.64405,1.6443,0.90,0.60
2008.04.22 12:38:00.908,1.64405,1.6443,0.90,0.60
2008.04.22 12:38:01.435,1.64405,1.6443,0.90,0.60
2008.04.22 12:38:01.641,1.64405,1.6443,0.90,0.60
2008.04.22 12:38:02.663,1.64405,1.6443,0.90,0.60
2008.04.22 12:38:03.087,1.64405,1.6443,0.90,0.60
2008.04.22 12:38:03.411,1.64405,1.6443,0.90,0.60
2008.04.22 12:38:03.608,1.64405,1.64425,0.90,0.30
2008.04.22 12:38:03.817,1.644,1.64425,2.50,0.30
2008.04.22 12:38:04.015,1.644,1.64425,2.20,0.30
2008.04.22 12:38:04.271,1.644,1.64425,2.20,0.30
2008.04.22 12:38:04.528,1.644,1.64425,1.90,0.30
2008.04.22 12:38:04.784,1.644,1.64415,1.20,0.30
2008.04.22 12:38:05.041,1.64395,1.64415,0.60,0.30
2008.04.22 12:38:05.336,1.64395,1.64415,0.60,0.30
2008.04.22 12:38:05.612,1.6439,1.64415,0.60,0.30
2008.04.22 12:38:05.899,1.64395,1.6442,0.60,0.30
2008.04.22 12:38:06.184,1.64395,1.64415,0.60,0.30
2008.04.22 12:38:06.474,1.64395,1.6442,0.60,0.30
2008.04.22 12:38:06.766,1.644,1.64425,0.90,0.30
2008.04.22 12:38:07.069,1.644,1.6442,1.60,0.60
2008.04.22 12:38:07.303,1.64395,1.6442,0.90,0.60
2008.04.22 12:38:07.543,1.64395,1.6442,0.90,0.60
2008.04.22 12:38:07.785,1.64405,1.6442,0.40,0.30
2008.04.22 12:38:08.026,1.64405,1.6442,0.40,0.30
2008.04.22 12:38:08.328,1.644,1.64425,0.90,0.30
2008.04.22 12:38:08.628,1.644,1.6442,2.20,0.30
2008.04.22 12:38:08.928,1.644,1.6442,2.20,0.30
2008.04.22 12:38:09.227,1.644,1.6442,2.20,0.30
2008.04.22 12:38:09.650,1.644,1.6442,2.20,0.30
2008.04.22 12:38:10.183,1.644,1.6442,2.20,0.30
2008.04.22 12:38:10.689,1.644,1.6442,2.20,0.30
2008.04.22 12:38:10.863,1.644,1.6442,2.20,0.30
2008.04.22 12:38:11.039,1.644,1.6442,2.20,0.30
2008.04.22 12:38:11.315,1.644,1.64425,2.20,0.30
2008.04.22 12:38:11.582,1.644,1.64425,2.20,0.30
2008.04.22 12:38:12.147,1.644,1.64425,2.20,0.30
2008.04.22 12:38:12.364,1.644,1.64425,2.20,0.30
2008.04.22 12:38:12.579,1.644,1.64425,2.20,0.30
2008.04.22 12:38:12.793,1.64405,1.64425,0.40,0.30
2008.04.22 12:38:13.458,1.64405,1.64425,0.40,0.30
2008.04.22 12:38:13.677,1.64405,1.64425,0.40,0.30
2008.04.22 12:38:13.853,1.6441,1.6443,1.60,0.60
2008.04.22 12:38:14.033,1.6441,1.6443,2.20,0.30
2008.04.22 12:38:14.212,1.6441,1.6443,2.20,0.30
2008.04.22 12:38:14.481,1.6441,1.6443,2.50,0.30
2008.04.22 12:38:14.752,1.6441,1.6443,2.50,0.30
2008.04.22 12:38:15.436,1.6441,1.6443,2.50,0.30
2008.04.22 12:38:15.659,1.6441,1.6443,2.20,0.30
2008.04.22 12:38:15.868,1.6441,1.6443,2.20,0.30
2008.04.22 12:38:16.079,1.6441,1.6443,1.60,0.60
2008.04.22 12:38:16.289,1.6441,1.6443,1.60,0.60
2008.04.22 12:38:16.555,1.6441,1.6443,1.60,0.60
2008.04.22 12:38:16.819,1.6441,1.6443,1.60,0.60
2008.04.22 12:38:17.085,1.6441,1.6443,1.60,0.60
2008.04.22 12:38:17.349,1.6441,1.6443,1.20,0.60
2008.04.22 12:38:17.622,1.6441,1.6443,1.20,0.60
2008.04.22 12:38:17.850,1.6441,1.6443,0.40,0.60
2008.04.22 12:38:18.090,1.6441,1.6443,0.40,0.60
2008.04.22 12:38:18.321,1.6441,1.6443,2.20,0.60
2008.04.22 12:38:18.536,1.6441,1.6443,2.20,0.60
2008.04.22 12:38:18.951,1.6441,1.6443,2.20,0.60
2008.04.22 12:38:19.166,1.6441,1.6443,2.20,0.60
2008.04.22 12:38:19.381,1.6441,1.64425,1.20,0.30
2008.04.22 12:38:19.541,1.64405,1.64425,0.60,0.30
2008.04.22 12:38:19.701,1.644,1.6442,1.60,0.30
2008.04.22 12:38:19.860,1.644,1.6442,1.20,0.30
2008.04.22 12:38:20.022,1.64395,1.64415,0.40,0.30
2008.04.22 12:38:20.181,1.6439,1.64415,1.90,0.30
2008.04.22 12:38:20.340,1.6439,1.64415,1.90,0.30
2008.04.22 12:38:20.625,1.6439,1.64415,1.90,0.30
2008.04.22 12:38:21.130,1.6439,1.64415,1.90,0.30
2008.04.22 12:38:21.445,1.6439,1.64415,1.90,0.30
2008.04.22 12:38:21.640,1.6439,1.64415,1.90,0.30
2008.04.22 12:38:21.796,1.6439,1.6441,1.20,0.60
2008.04.22 12:38:21.952,1.64385,1.6441,0.90,0.60
2008.04.22 12:38:22.118,1.6439,1.6441,0.60,0.60
2008.04.22 12:38:22.275,1.6439,1.64415,0.60,0.30
2008.04.22 12:38:22.493,1.6439,1.64415,1.90,0.30
2008.04.22 12:38:22.719,1.644,1.64415,1.20,0.30
2008.04.22 12:38:22.936,1.644,1.6442,1.20,2.90
2008.04.22 12:38:23.159,1.6439,1.6441,1.60,0.60
2008.04.22 12:38:23.377,1.6439,1.6441,0.40,0.60
2008.04.22 12:38:23.704,1.64385,1.6441,0.90,0.60
2008.04.22 12:38:24.137,1.64385,1.6441,0.90,0.60
2008.04.22 12:38:24.638,1.64385,1.6441,0.60,0.60
2008.04.22 12:38:25.212,1.64385,1.6441,0.60,0.60
2008.04.22 12:38:25.391,1.64385,1.6441,0.60,0.60
2008.04.22 12:38:25.908,1.64385,1.6441,0.60,0.60
2008.04.22 12:38:26.421,1.64385,1.6441,0.60,0.60
2008.04.22 12:38:26.957,1.64385,1.6441,0.60,0.60
2008.04.22 12:38:27.197,1.64385,1.64405,0.60,0.30
2008.04.22 12:38:27.586,1.64385,1.64405,0.60,0.30
2008.04.22 12:38:27.816,1.64385,1.64405,0.60,0.30
2008.04.22 12:38:28.412,1.64385,1.64405,0.60,0.30
2008.04.22 12:38:29.117,1.64385,1.64405,0.60,0.30
2008.04.22 12:38:30.072,1.64385,1.64405,0.60,0.30
2008.04.22 12:38:30.214,1.64385,1.64405,0.60,0.30
2008.04.22 12:38:30.332,1.64385,1.64405,0.60,0.30
2008.04.22 12:38:30.462,1.64385,1.6441,0.60,2.90
2008.04.22 12:38:30.681,1.6439,1.6441,0.40,2.90
2008.04.22 12:38:30.901,1.6439,1.6441,0.40,0.60
2008.04.22 12:38:31.123,1.6439,1.6441,0.40,0.60
2008.04.22 12:38:31.343,1.6439,1.64405,0.40,0.30
2008.04.22 12:38:31.565,1.6438,1.64405,1.70,0.30
2008.04.22 12:38:31.899,1.6438,1.64405,1.70,0.30
2008.04.22 12:38:32.234,1.64385,1.64405,0.60,0.30
2008.04.22 12:38:32.570,1.64385,1.64405,0.60,0.30
2008.04.22 12:38:32.773,1.64385,1.6441,0.60,2.90
2008.04.22 12:38:32.978,1.64385,1.6441,0.60,2.90
2008.04.22 12:38:33.183,1.6439,1.6441,0.60,0.60
2008.04.22 12:38:33.399,1.6439,1.6441,0.60,0.30
2008.04.22 12:38:33.603,1.6439,1.64415,0.60,0.30
2008.04.22 12:38:33.864,1.644,1.6441,0.60,0.30
2008.04.22 12:38:34.124,1.64395,1.64415,0.60,0.30
2008.04.22 12:38:34.384,1.644,1.6442,0.40,0.60
2008.04.22 12:38:34.644,1.644,1.6442,0.40,0.60
2008.04.22 12:38:35.114,1.644,1.6442,0.40,0.60
2008.04.22 12:38:35.354,1.64395,1.64415,0.60,0.30
2008.04.22 12:38:35.594,1.64395,1.64415,0.60,0.30
2008.04.22 12:38:35.834,1.64395,1.64415,0.60,0.30
2008.04.22 12:38:36.652,1.64395,1.64415,0.60,0.30
2008.04.22 12:38:37.128,1.64395,1.64415,0.60,0.30
2008.04.22 12:38:39.388,1.64395,1.6442,0.60,0.60
2008.04.22 12:38:39.450,1.64395,1.6442,0.60,0.30
2008.04.22 12:38:39.492,1.64395,1.6442,0.60,0.30
2008.04.22 12:38:39.602,1.644,1.6442,0.60,0.30
2008.04.22 12:38:39.641,1.644,1.6442,0.60,0.30
2008.04.22 12:38:39.697,1.644,1.6442,1.90,0.30
2008.04.22 12:38:40.471,1.644,1.6442,1.90,0.30
2008.04.22 12:38:40.806,1.644,1.6442,0.60,0.30
2008.04.22 12:38:43.328,1.644,1.6442,0.60,0.30
2008.04.22 12:38:43.413,1.644,1.6442,0.60,0.30
2008.04.22 12:38:43.489,1.644,1.6442,0.60,0.30
2008.04.22 12:38:45.284,1.644,1.6442,0.60,0.30
2008.04.22 12:38:45.689,1.644,1.6442,0.60,0.30
2008.04.22 12:38:45.823,1.644,1.6442,0.60,0.30
2008.04.22 12:38:45.926,1.644,1.64425,0.60,0.30
2008.04.22 12:38:46.034,1.644,1.64425,0.60,0.30
2008.04.22 12:38:46.128,1.644,1.64425,0.60,0.30
2008.04.22 12:38:46.300,1.644,1.64425,1.90,0.30
2008.04.22 12:38:46.399,1.64405,1.64425,0.60,0.30
2008.04.22 12:38:46.509,1.64405,1.64425,0.60,0.30
2008.04.22 12:38:46.610,1.644,1.64425,2.20,0.30
2008.04.22 12:38:46.947,1.64405,1.64425,0.60,0.30
2008.04.22 12:38:47.281,1.64405,1.64425,0.60,0.30
2008.04.22 12:38:47.616,1.64405,1.64425,0.60,0.30
2008.04.22 12:38:48.201,1.64405,1.64425,0.60,0.30
2008.04.22 12:38:48.372,1.64405,1.64425,0.60,0.30
2008.04.22 12:38:48.543,1.64405,1.64425,0.60,0.30
2008.04.22 12:38:48.712,1.64405,1.64425,0.60,0.30
2008.04.22 12:38:48.987,1.64405,1.64425,0.60,0.30
2008.04.22 12:38:49.261,1.64405,1.64425,0.60,0.30
2008.04.22 12:38:49.740,1.64405,1.64425,0.60,0.30
2008.04.22 12:38:49.888,1.64405,1.64425,0.60,0.30
2008.04.22 12:38:50.026,1.644,1.64425,0.90,0.30
2008.04.22 12:38:50.178,1.644,1.64425,0.90,0.30
2008.04.22 12:38:50.306,1.644,1.64425,0.90,0.30
2008.04.22 12:38:51.204,1.644,1.64425,0.90,0.30
2008.04.22 12:38:51.416,1.644,1.64425,0.90,0.30
2008.04.22 12:38:51.626,1.644,1.64425,0.90,0.30
2008.04.22 12:38:51.837,1.644,1.6442,0.60,0.30
2008.04.22 12:38:52.048,1.644,1.6442,0.60,0.30
2008.04.22 12:38:53.774,1.644,1.6442,0.60,0.30
2008.04.22 12:38:53.852,1.644,1.64425,2.50,0.30
2008.04.22 12:38:53.920,1.644,1.6442,2.50,0.20
2008.04.22 12:38:54.001,1.644,1.6442,2.50,0.20
2008.04.22 12:38:54.066,1.644,1.6442,2.20,0.20
2008.04.22 12:38:55.877,1.644,1.6442,2.20,0.50
2008.04.22 12:38:55.936,1.644,1.6442,0.60,0.20
2008.04.22 12:38:56.076,1.644,1.6442,0.60,0.50
2008.04.22 12:38:56.229,1.644,1.6442,0.60,0.50
2008.04.22 12:38:56.410,1.644,1.6442,0.60,0.20
2008.04.22 12:38:56.550,1.644,1.6442,0.60,0.20
2008.04.22 12:38:56.690,1.644,1.6442,0.60,0.20
2008.04.22 12:38:56.830,1.644,1.6442,1.90,0.20
2008.04.22 12:38:56.969,1.644,1.6442,1.90,0.20
2008.04.22 12:38:57.305,1.644,1.6442,1.90,0.20
2008.04.22 12:38:57.639,1.644,1.6442,1.90,0.20
2008.04.22 12:38:58.009,1.644,1.6442,1.90,0.20
2008.04.22 12:38:58.160,1.644,1.6442,1.90,0.50
2008.04.22 12:38:58.325,1.644,1.6442,0.60,0.70
2008.04.22 12:38:58.484,1.644,1.6442,0.60,0.50
2008.04.22 12:38:58.624,1.64395,1.6442,0.90,0.50
2008.04.22 12:38:58.775,1.64395,1.6442,0.90,0.50
2008.04.22 12:38:58.925,1.64395,1.6442,0.90,0.50
2008.04.22 12:38:59.260,1.64395,1.6442,0.90,0.50
2008.04.22 12:38:59.596,1.64395,1.6442,0.90,0.50
2008.04.22 12:39:00.395,1.644,1.6442,0.60,0.50
2008.04.22 12:39:00.511,1.644,1.6442,1.20,0.50
2008.04.22 12:39:00.647,1.644,1.6442,1.20,0.50
2008.04.22 12:39:00.785,1.644,1.6442,1.20,0.50
2008.04.22 12:39:01.887,1.644,1.6442,1.20,0.50
2008.04.22 12:39:02.153,1.64395,1.6442,0.90,0.50
2008.04.22 12:39:02.282,1.64395,1.6442,0.90,0.50
2008.04.22 12:39:02.420,1.64395,1.6442,0.90,0.50
2008.04.22 12:39:02.551,1.64395,1.64415,0.90,0.30
2008.04.22 12:39:02.681,1.64395,1.64415,0.90,0.30
2008.04.22 12:39:02.822,1.64395,1.64415,0.60,0.30
2008.04.22 12:39:02.951,1.64395,1.64415,0.60,0.30
2008.04.22 12:39:03.141,1.64395,1.64415,0.60,0.30
2008.04.22 12:39:03.456,1.64395,1.64415,0.60,0.30
2008.04.22 12:39:03.771,1.64395,1.64415,0.60,0.30
2008.04.22 12:39:04.710,1.64395,1.64415,0.60,0.30
2008.04.22 12:39:05.029,1.64395,1.6442,0.60,0.50
2008.04.22 12:39:05.228,1.64395,1.6442,0.60,0.50
2008.04.22 12:39:05.427,1.64395,1.6442,0.60,0.60
2008.04.22 12:39:05.628,1.6439,1.64415,2.50,0.30
2008.04.22 12:39:05.831,1.6439,1.6441,2.20,0.30
2008.04.22 12:39:06.032,1.6439,1.6441,0.60,0.30
2008.04.22 12:39:06.231,1.6439,1.6441,0.60,0.30
2008.04.22 12:39:06.561,1.64385,1.6441,0.60,2.90
2008.04.22 12:39:06.892,1.6438,1.64405,2.20,0.30
2008.04.22 12:39:07.221,1.6439,1.6441,0.60,3.20
2008.04.22 12:39:07.433,1.6439,1.64415,0.90,0.30
2008.04.22 12:39:07.643,1.6439,1.64415,2.20,0.30
2008.04.22 12:39:07.852,1.6439,1.64415,2.20,0.30
2008.04.22 12:39:08.062,1.6439,1.64415,2.20,0.30
2008.04.22 12:39:08.273,1.64395,1.6442,0.60,0.60
2008.04.22 12:39:08.564,1.64405,1.6442,0.60,0.20
2008.04.22 12:39:08.855,1.64405,1.6442,0.60,0.20
2008.04.22 12:39:09.155,1.6441,1.6442,0.40,0.20
2008.04.22 12:39:09.366,1.6441,1.6443,0.40,0.60
2008.04.22 12:39:09.578,1.6441,1.6443,0.40,0.60
2008.04.22 12:39:09.789,1.6441,1.6443,0.90,0.30
2008.04.22 12:39:10.000,1.6441,1.6443,0.40,0.60
2008.04.22 12:39:10.210,1.6441,1.6443,0.90,0.60
2008.04.22 12:39:10.479,1.6441,1.6443,0.90,0.60
2008.04.22 12:39:10.749,1.6441,1.6443,0.90,0.60
2008.04.22 12:39:11.396,1.6441,1.6443,0.90,0.30
2008.04.22 12:39:11.656,1.6441,1.64435,1.20,0.60
2008.04.22 12:39:11.902,1.64415,1.6444,0.60,3.20
2008.04.22 12:39:12.148,1.6442,1.6444,0.60,3.20
2008.04.22 12:39:12.394,1.6442,1.6444,0.60,2.60
2008.04.22 12:39:12.609,1.64415,1.6444,0.90,2.90
2008.04.22 12:39:12.824,1.64415,1.6444,0.90,2.90
2008.04.22 12:39:13.039,1.64415,1.6444,0.90,2.90
2008.04.22 12:39:13.310,1.64415,1.6444,0.90,2.90
2008.04.22 12:39:13.499,1.64415,1.6444,0.90,2.90
2008.04.22 12:39:13.704,1.64415,1.6444,0.90,2.90
2008.04.22 12:39:13.900,1.64415,1.6444,0.90,2.90
2008.04.22 12:39:14.757,1.64415,1.6444,0.90,2.90
2008.04.22 12:39:15.989,1.64415,1.6444,0.90,2.90
2008.04.22 12:39:16.597,1.64415,1.6444,0.90,2.90
2008.04.22 12:39:16.922,1.64415,1.6444,0.90,2.90
2008.04.22 12:39:17.632,1.64415,1.6444,0.90,2.90
2008.04.22 12:39:19.854,1.64415,1.64435,0.40,0.30
2008.04.22 12:39:19.953,1.64415,1.64435,0.40,0.30
2008.04.22 12:39:20.052,1.64415,1.64435,0.40,0.30
2008.04.22 12:39:20.153,1.64415,1.64435,0.40,0.30
2008.04.22 12:39:20.257,1.64415,1.64435,0.40,0.30
2008.04.22 12:39:20.409,1.64415,1.64435,0.40,0.30
2008.04.22 12:39:20.617,1.64415,1.64435,0.40,0.30
2008.04.22 12:39:20.872,1.64415,1.6444,0.90,3.20
2008.04.22 12:39:21.127,1.64415,1.6444,0.90,3.20
2008.04.22 12:39:21.385,1.64415,1.6444,0.90,3.20
2008.04.22 12:39:21.643,1.64415,1.6443,0.40,0.30
2008.04.22 12:39:21.751,1.64415,1.6443,0.40,0.30
2008.04.22 12:39:21.861,1.64415,1.6443,0.40,0.30
2008.04.22 12:39:21.970,1.64415,1.6443,0.40,0.30
2008.04.22 12:39:22.167,1.64415,1.6443,0.40,0.30
2008.04.22 12:39:22.318,1.64415,1.6443,0.40,0.30
2008.04.22 12:39:22.427,1.64415,1.6443,0.40,0.30
2008.04.22 12:39:22.719,1.64415,1.6443,0.40,0.30
2008.04.22 12:39:22.967,1.64415,1.6443,0.40,0.30
2008.04.22 12:39:23.216,1.64415,1.6443,0.40,0.30
2008.04.22 12:39:23.466,1.64415,1.6443,0.40,0.30
2008.04.22 12:39:23.716,1.64415,1.6443,0.90,0.30
2008.04.22 12:39:23.909,1.64415,1.6443,0.90,0.30
2008.04.22 12:39:24.094,1.64415,1.6444,0.90,3.20
2008.04.22 12:39:24.280,1.64415,1.6443,0.40,0.30
2008.04.22 12:39:24.464,1.64415,1.6443,0.40,0.30
2008.04.22 12:39:24.650,1.64415,1.64435,0.90,0.30
2008.04.22 12:39:24.952,1.64415,1.64435,0.90,0.30
2008.04.22 12:39:25.251,1.64415,1.6444,0.90,2.90
2008.04.22 12:39:25.552,1.64415,1.64435,0.40,0.30
2008.04.22 12:39:25.852,1.64415,1.6444,0.90,3.20
2008.04.22 12:39:26.049,1.64415,1.6444,0.90,3.20
2008.04.22 12:39:26.243,1.64415,1.6444,0.90,2.90
2008.04.22 12:39:27.682,1.64415,1.6444,0.90,2.90
2008.04.22 12:39:29.930,1.64415,1.6444,0.90,2.90
2008.04.22 12:39:34.031,1.64415,1.6444,0.90,2.90
2008.04.22 12:39:34.145,1.64415,1.6444,0.90,2.90
2008.04.22 12:39:37.388,1.64415,1.6444,0.90,2.90
2008.04.22 12:39:41.143,1.64415,1.6444,0.90,2.90
2008.04.22 12:39:42.183,1.64415,1.6444,0.90,2.90
2008.04.22 12:39:42.886,1.64415,1.6444,0.90,3.20
2008.04.22 12:39:42.961,1.64415,1.6444,0.90,3.20
2008.04.22 12:39:43.214,1.64415,1.6444,0.90,3.20
2008.04.22 12:39:43.343,1.64415,1.6444,0.90,2.90
2008.04.22 12:39:43.473,1.64415,1.6444,0.90,2.90
2008.04.22 12:39:43.614,1.64415,1.6444,0.90,2.90
2008.04.22 12:39:44.470,1.64415,1.6444,0.90,2.90
2008.04.22 12:39:44.841,1.64415,1.64435,0.40,0.30
2008.04.22 12:39:45.061,1.64415,1.6443,0.40,0.30
2008.04.22 12:39:45.157,1.64415,1.6443,0.40,0.30
2008.04.22 12:39:45.242,1.64415,1.6443,0.40,0.30
2008.04.22 12:39:45.327,1.6441,1.6443,2.50,0.30
2008.04.22 12:39:45.976,1.6441,1.6443,2.50,0.30
2008.04.22 12:39:46.195,1.6441,1.6443,2.50,0.30
2008.04.22 12:39:46.375,1.6441,1.6443,1.20,0.30
2008.04.22 12:39:46.556,1.6441,1.64435,2.50,0.30
2008.04.22 12:39:46.746,1.6441,1.6443,2.50,0.30
2008.04.22 12:39:46.926,1.6441,1.6443,2.50,0.30
2008.04.22 12:39:47.200,1.6441,1.6443,2.50,0.30
2008.04.22 12:39:48.217,1.6441,1.6443,2.50,0.30
2008.04.22 12:39:48.321,1.6441,1.64435,2.50,0.30
2008.04.22 12:39:48.427,1.6441,1.64435,2.50,0.30
2008.04.22 12:39:48.532,1.64415,1.6444,0.60,3.20
2008.04.22 12:39:48.637,1.64415,1.6444,0.60,2.90
2008.04.22 12:39:48.741,1.64415,1.6444,0.60,2.90
2008.04.22 12:39:48.846,1.64415,1.6444,0.60,2.90
2008.04.22 12:39:48.951,1.64415,1.6444,0.60,2.90
2008.04.22 12:39:49.820,1.64415,1.6444,0.60,2.90
2008.04.22 12:39:50.158,1.64415,1.6444,0.60,2.90
2008.04.22 12:39:52.521,1.64415,1.64435,0.60,0.30
2008.04.22 12:39:52.749,1.64415,1.64435,0.60,0.30
2008.04.22 12:39:54.192,1.64415,1.64435,0.60,0.30
2008.04.22 12:39:56.668,1.64415,1.64435,0.60,0.30
2008.04.22 12:39:57.391,1.6441,1.6443,2.50,0.30
2008.04.22 12:39:57.577,1.6441,1.6443,2.50,0.60
2008.04.22 12:39:57.788,1.6441,1.6443,1.20,0.60
2008.04.22 12:39:58.131,1.6441,1.6443,1.20,0.60
2008.04.22 12:39:58.952,1.6441,1.6443,1.20,0.30
2008.04.22 12:39:59.252,1.6441,1.6443,1.20,0.30
2008.04.22 12:39:59.703,1.6441,1.6443,1.20,0.30
2008.04.22 12:39:59.904,1.6441,1.6443,1.20,0.30
2008.04.22 12:40:00.426,1.6441,1.6443,1.20,0.30
2008.04.22 12:40:00.610,1.6441,1.6443,1.20,0.60
2008.04.22 12:40:01.158,1.6441,1.6443,1.20,0.60
2008.04.22 12:40:01.339,1.6441,1.6443,1.20,0.30
2008.04.22 12:40:01.520,1.64415,1.64435,0.90,0.30
2008.04.22 12:40:01.710,1.6442,1.6444,0.40,0.60
2008.04.22 12:40:01.900,1.6442,1.6444,0.60,0.60
2008.04.22 12:40:02.093,1.6442,1.6444,1.20,0.60
2008.04.22 12:40:02.284,1.6442,1.6444,1.20,0.60
2008.04.22 12:40:02.473,1.6442,1.6444,0.60,0.60
2008.04.22 12:40:02.762,1.6442,1.6444,1.20,0.60
2008.04.22 12:40:03.052,1.6442,1.6444,1.20,0.60
2008.04.22 12:40:05.514,1.6442,1.6444,1.20,0.30
2008.04.22 12:40:05.715,1.6442,1.6444,1.20,0.30
2008.04.22 12:40:05.922,1.6442,1.6444,1.20,0.30
2008.04.22 12:40:06.064,1.6442,1.6444,0.60,0.60
2008.04.22 12:40:06.201,1.6442,1.6444,0.60,0.60
2008.04.22 12:40:07.172,1.6442,1.6444,0.60,0.60
2008.04.22 12:40:07.675,1.6442,1.6444,0.60,0.60
2008.04.22 12:40:08.203,1.6442,1.6444,0.60,0.60
2008.04.22 12:40:08.420,1.6442,1.6444,0.60,0.60
2008.04.22 12:40:09.434,1.6442,1.6444,0.60,0.60
2008.04.22 12:40:09.690,1.6442,1.6444,0.60,0.60
2008.04.22 12:40:11.925,1.6442,1.6444,0.60,0.60
2008.04.22 12:40:12.961,1.6442,1.6444,0.60,0.60
2008.04.22 12:40:13.122,1.6442,1.6444,0.60,0.60
2008.04.22 12:40:13.237,1.6442,1.6444,0.40,0.60
2008.04.22 12:40:13.399,1.6442,1.6444,0.40,0.60
2008.04.22 12:40:13.682,1.6442,1.6444,0.40,0.60
2008.04.22 12:40:14.408,1.6442,1.6444,0.40,0.60
2008.04.22 12:40:16.640,1.6442,1.6444,0.40,0.60
2008.04.22 12:40:16.740,1.6442,1.6444,0.40,0.60
2008.04.22 12:40:17.095,1.6442,1.6444,0.40,0.60
2008.04.22 12:40:17.944,1.6442,1.6444,0.40,0.60
2008.04.22 12:40:19.453,1.6442,1.6444,0.40,0.60
2008.04.22 12:40:19.657,1.6442,1.6444,0.40,0.60
2008.04.22 12:40:19.862,1.6442,1.6444,0.40,0.60
2008.04.22 12:40:20.527,1.6442,1.6444,0.40,0.60
2008.04.22 12:40:24.813,1.6442,1.6444,0.40,0.60
2008.04.22 12:40:25.150,1.6442,1.6444,0.60,0.60
2008.04.22 12:40:31.844,1.6442,1.64435,0.60,0.30
2008.04.22 12:40:31.944,1.6442,1.64435,0.60,0.30
2008.04.22 12:40:32.043,1.6442,1.64435,0.40,0.30
2008.04.22 12:40:32.144,1.6442,1.64435,0.40,0.30
2008.04.22 12:40:32.352,1.64415,1.64435,0.90,0.30
2008.04.22 12:40:32.636,1.64415,1.64435,0.90,0.30
2008.04.22 12:40:32.762,1.64415,1.64435,0.60,0.30
2008.04.22 12:40:32.889,1.6441,1.6443,0.60,0.60
2008.04.22 12:40:33.014,1.6441,1.6443,0.40,0.60
2008.04.22 12:40:33.147,1.6441,1.6443,0.40,0.60
2008.04.22 12:40:33.275,1.64405,1.6443,0.90,0.60
2008.04.22 12:40:33.398,1.64405,1.64425,0.40,0.30
2008.04.22 12:40:33.524,1.64405,1.64425,0.40,0.30
2008.04.22 12:40:33.659,1.64405,1.64425,0.40,0.30
2008.04.22 12:40:33.952,1.64405,1.64425,0.40,0.30
2008.04.22 12:40:34.247,1.64405,1.64425,0.40,0.30
2008.04.22 12:40:34.542,1.64405,1.64425,0.40,0.30
2008.04.22 12:40:34.837,1.64405,1.64425,0.40,0.30
2008.04.22 12:40:35.007,1.64405,1.64425,0.90,0.30
2008.04.22 12:40:35.202,1.64405,1.64425,0.90,0.30
2008.04.22 12:40:35.424,1.64405,1.64425,0.90,0.30
2008.04.22 12:40:35.593,1.64405,1.64425,0.90,0.30
2008.04.22 12:40:35.763,1.64405,1.6443,0.90,0.60
2008.04.22 12:40:36.181,1.64405,1.6443,0.90,0.60
2008.04.22 12:40:36.407,1.64405,1.6443,0.90,0.60
2008.04.22 12:40:37.622,1.64405,1.6443,0.90,0.60
2008.04.22 12:40:37.725,1.64405,1.6443,0.90,0.60
2008.04.22 12:40:37.828,1.64405,1.6443,0.90,0.60
2008.04.22 12:40:37.933,1.64405,1.6443,0.90,0.60
2008.04.22 12:40:42.091,1.64405,1.64425,0.90,0.30
2008.04.22 12:40:42.240,1.64405,1.64425,0.90,0.30
2008.04.22 12:40:42.399,1.64405,1.64425,0.60,0.30
2008.04.22 12:40:42.548,1.64405,1.64425,0.60,0.30
2008.04.22 12:40:42.699,1.64405,1.6442,0.60,0.30
2008.04.22 12:40:42.849,1.64405,1.6442,0.60,0.30
2008.04.22 12:40:42.999,1.64405,1.6442,0.60,0.30
2008.04.22 12:40:43.293,1.644,1.6442,1.20,0.30
2008.04.22 12:40:43.588,1.644,1.6442,1.20,0.30
2008.04.22 12:40:43.894,1.644,1.6442,1.20,0.30
2008.04.22 12:40:44.713,1.644,1.6442,1.20,0.30
2008.04.22 12:40:44.949,1.644,1.6442,1.20,0.30
2008.04.22 12:40:45.185,1.64405,1.6443,0.60,0.80
2008.04.22 12:40:45.390,1.64405,1.6443,0.60,0.80
2008.04.22 12:40:45.595,1.64405,1.6443,0.60,0.80
2008.04.22 12:40:45.800,1.64405,1.6443,0.60,0.80
2008.04.22 12:40:46.004,1.64405,1.6443,0.60,0.80
2008.04.22 12:40:46.265,1.64405,1.6443,0.60,0.80
2008.04.22 12:40:46.525,1.64405,1.6443,0.90,0.60
2008.04.22 12:40:46.786,1.64405,1.6443,0.90,0.60
2008.04.22 12:40:47.044,1.6441,1.6443,0.60,0.30
2008.04.22 12:40:47.305,1.6441,1.6443,2.20,0.60
2008.04.22 12:40:47.501,1.6441,1.6443,1.20,0.60
2008.04.22 12:40:47.695,1.6441,1.6443,0.90,0.30
2008.04.22 12:40:47.889,1.6441,1.6443,0.90,0.30
2008.04.22 12:40:48.084,1.6441,1.6443,0.40,0.60
2008.04.22 12:40:48.388,1.6441,1.6443,0.40,0.60
2008.04.22 12:40:48.700,1.6441,1.64425,0.40,0.30
2008.04.22 12:40:49.017,1.64405,1.6443,0.90,0.80
2008.04.22 12:40:49.321,1.64405,1.6443,0.90,0.60
2008.04.22 12:40:49.553,1.64405,1.64425,0.40,0.30
2008.04.22 12:40:49.788,1.64405,1.6442,0.60,0.30
2008.04.22 12:40:50.022,1.64405,1.64425,0.60,0.30
2008.04.22 12:40:50.254,1.64405,1.64425,0.60,0.30
2008.04.22 12:40:50.568,1.64405,1.64425,0.60,0.30
2008.04.22 12:40:50.885,1.6441,1.6443,0.90,0.30
2008.04.22 12:40:51.199,1.6441,1.6443,0.90,0.60
2008.04.22 12:40:51.424,1.6441,1.6443,0.40,0.60
2008.04.22 12:40:51.630,1.6441,1.6443,0.40,0.60
2008.04.22 12:40:51.837,1.6441,1.6443,0.40,0.60
2008.04.22 12:40:52.043,1.64405,1.64425,0.60,0.30
2008.04.22 12:40:52.258,1.64405,1.64425,0.60,0.30
2008.04.22 12:40:53.227,1.64405,1.64425,0.60,0.30
2008.04.22 12:40:54.644,1.64405,1.64425,0.60,0.30
2008.04.22 12:40:54.820,1.64405,1.6443,0.60,0.80
2008.04.22 12:40:54.996,1.6441,1.6443,0.90,0.80
2008.04.22 12:40:55.172,1.6441,1.6443,0.90,0.60
2008.04.22 12:40:55.347,1.6441,1.6443,0.90,0.60
2008.04.22 12:40:55.686,1.6441,1.6443,0.90,0.60
2008.04.22 12:40:55.950,1.6441,1.6443,0.90,0.60
2008.04.22 12:40:56.964,1.6441,1.6443,0.90,0.30
2008.04.22 12:40:57.128,1.6441,1.6443,0.90,0.30
2008.04.22 12:40:57.432,1.6441,1.6443,0.90,0.30
2008.04.22 12:40:57.634,1.6441,1.6443,0.90,0.30
2008.04.22 12:40:58.154,1.6441,1.6443,0.90,0.30
2008.04.22 12:40:58.368,1.6441,1.6443,0.90,0.30
2008.04.22 12:40:58.549,1.6441,1.6443,0.90,0.60
2008.04.22 12:40:59.864,1.6441,1.6443,0.90,0.60
2008.04.22 12:41:00.389,1.6441,1.6443,0.90,0.80
2008.04.22 12:41:00.578,1.6441,1.6443,0.90,0.60
2008.04.22 12:41:00.768,1.6441,1.6443,0.90,0.60
2008.04.22 12:41:02.710,1.6441,1.6443,0.90,0.60
2008.04.22 12:41:02.933,1.6441,1.6443,0.90,0.60
2008.04.22 12:41:03.079,1.6441,1.6443,0.90,0.30
2008.04.22 12:41:03.223,1.6441,1.6443,0.90,0.30
2008.04.22 12:41:03.452,1.6441,1.6443,0.90,0.30
2008.04.22 12:41:03.650,1.6441,1.6443,0.90,0.30
2008.04.22 12:41:03.925,1.6441,1.6443,1.20,0.30
2008.04.22 12:41:04.200,1.6441,1.64435,1.20,0.30
2008.04.22 12:41:04.475,1.6441,1.64435,1.20,0.30
2008.04.22 12:41:04.751,1.64415,1.64435,0.60,0.30
2008.04.22 12:41:04.930,1.64415,1.6444,0.60,0.60
2008.04.22 12:41:05.113,1.64415,1.6444,0.60,0.60
2008.04.22 12:41:05.272,1.6442,1.64435,0.40,0.30
2008.04.22 12:41:05.445,1.6442,1.64435,0.40,0.30
2008.04.22 12:41:05.614,1.6442,1.64435,0.40,0.30
2008.04.22 12:41:05.784,1.6442,1.64435,0.40,0.30
2008.04.22 12:41:06.078,1.6442,1.64435,0.40,0.30
2008.04.22 12:41:06.374,1.6442,1.64435,0.40,0.30
2008.04.22 12:41:06.669,1.6442,1.6444,0.40,0.60
2008.04.22 12:41:06.835,1.6442,1.6444,0.60,0.60
2008.04.22 12:41:07.001,1.6442,1.6444,0.60,0.60
2008.04.22 12:41:07.165,1.6442,1.6444,0.60,0.60
2008.04.22 12:41:07.330,1.6442,1.6444,0.40,0.60
2008.04.22 12:41:07.496,1.6442,1.6444,0.40,0.60
2008.04.22 12:41:07.661,1.6442,1.6444,0.40,0.60
2008.04.22 12:41:07.825,1.6442,1.6444,0.40,0.60
2008.04.22 12:41:09.131,1.6442,1.6444,0.40,0.60
2008.04.22 12:41:09.401,1.6442,1.6444,0.40,0.60
2008.04.22 12:41:09.550,1.6442,1.6444,0.40,0.60
2008.04.22 12:41:09.701,1.6442,1.64435,0.40,0.30
2008.04.22 12:41:10.000,1.6442,1.64435,0.40,0.30
2008.04.22 12:41:11.618,1.6442,1.64435,0.40,0.30
2008.04.22 12:41:11.764,1.6442,1.64435,0.40,0.30
2008.04.22 12:41:12.161,1.6442,1.64435,0.40,0.30
2008.04.22 12:41:12.252,1.6442,1.64435,0.40,0.30
2008.04.22 12:41:13.013,1.6442,1.64435,0.40,0.30
2008.04.22 12:41:13.157,1.6442,1.64435,0.40,0.30
2008.04.22 12:41:13.384,1.6442,1.64435,0.40,0.30
2008.04.22 12:41:13.480,1.6442,1.6443,0.40,0.30
2008.04.22 12:41:13.573,1.64415,1.6443,0.40,0.60
2008.04.22 12:41:13.667,1.64415,1.6443,0.40,0.60
2008.04.22 12:41:13.762,1.64415,1.6443,0.40,0.60
2008.04.22 12:41:13.856,1.6441,1.6443,1.20,0.60
2008.04.22 12:41:14.104,1.6441,1.6443,1.20,0.60
2008.04.22 12:41:14.354,1.6441,1.6443,1.20,0.60
2008.04.22 12:41:14.926,1.6441,1.6443,1.20,0.60
2008.04.22 12:41:16.961,1.6441,1.6443,1.20,0.60
2008.04.22 12:41:17.185,1.6441,1.6443,1.20,0.60
2008.04.22 12:41:17.475,1.6441,1.6443,1.20,0.30
2008.04.22 12:41:17.986,1.6441,1.6443,1.20,0.60
2008.04.22 12:41:18.198,1.6441,1.6443,1.20,0.60
2008.04.22 12:41:18.401,1.6441,1.6443,1.20,0.60
2008.04.22 12:41:18.601,1.64415,1.6443,0.60,0.30
2008.04.22 12:41:18.804,1.64415,1.64435,0.60,0.30
2008.04.22 12:41:19.004,1.64415,1.64435,0.60,0.30
2008.04.22 12:41:19.227,1.6441,1.64435,2.50,0.30
2008.04.22 12:41:19.576,1.64415,1.64435,0.60,0.30
2008.04.22 12:41:19.915,1.6441,1.6443,2.50,0.30
2008.04.22 12:41:20.250,1.6441,1.6443,1.20,0.60
2008.04.22 12:41:20.469,1.6441,1.6443,1.20,0.60
2008.04.22 12:41:21.348,1.6441,1.6443,1.20,0.30
2008.04.22 12:41:21.693,1.6441,1.6443,1.20,0.30
2008.04.22 12:41:21.937,1.6441,1.6443,1.20,0.30
2008.04.22 12:41:22.207,1.6441,1.6443,1.20,0.30
2008.04.22 12:41:22.453,1.6441,1.6443,1.20,0.30
2008.04.22 12:41:22.662,1.6441,1.6443,1.20,0.30
2008.04.22 12:41:23.149,1.6441,1.6443,1.20,0.30
2008.04.22 12:41:23.483,1.6441,1.6443,1.20,0.60
2008.04.22 12:41:23.733,1.6441,1.6443,1.20,0.60
2008.04.22 12:41:23.996,1.6441,1.6443,0.60,0.60
2008.04.22 12:41:24.257,1.6441,1.6443,0.40,0.60
2008.04.22 12:41:24.533,1.64405,1.64425,0.90,0.30
2008.04.22 12:41:24.692,1.64405,1.64425,0.90,0.30
2008.04.22 12:41:24.876,1.64405,1.64425,0.90,0.30
2008.04.22 12:41:25.062,1.64405,1.64425,0.90,0.30
2008.04.22 12:41:25.417,1.64405,1.64425,0.90,0.30
2008.04.22 12:41:25.691,1.64405,1.6443,0.90,0.60
2008.04.22 12:41:25.967,1.6441,1.6443,0.60,0.30
2008.04.22 12:41:26.252,1.6441,1.6443,0.90,0.30
2008.04.22 12:41:26.648,1.6441,1.6443,0.90,0.30
2008.04.22 12:41:26.864,1.6441,1.6443,0.90,0.30
2008.04.22 12:41:27.177,1.6441,1.6443,0.90,0.30
2008.04.22 12:41:27.380,1.6441,1.6443,0.90,0.30
2008.04.22 12:41:27.586,1.6441,1.6443,0.90,0.30
2008.04.22 12:41:29.439,1.6441,1.6443,0.90,0.30
2008.04.22 12:41:29.623,1.6441,1.6443,0.90,0.60
2008.04.22 12:41:29.782,1.6441,1.6443,0.90,0.60
2008.04.22 12:41:30.166,1.6441,1.6443,0.90,0.60
2008.04.22 12:41:30.380,1.6441,1.6443,0.90,0.60
2008.04.22 12:41:30.697,1.6441,1.6443,0.90,0.60
2008.04.22 12:41:30.937,1.6441,1.6443,0.90,0.60
2008.04.22 12:41:31.186,1.6441,1.6443,0.90,0.30
2008.04.22 12:41:31.440,1.6441,1.6443,0.90,0.60
2008.04.22 12:41:31.703,1.6441,1.6443,0.60,0.60
2008.04.22 12:41:31.923,1.6441,1.6443,0.90,0.80
2008.04.22 12:41:32.122,1.6441,1.6443,0.90,0.60
2008.04.22 12:41:32.331,1.6441,1.6443,0.90,0.60
2008.04.22 12:41:32.541,1.6441,1.6443,0.90,0.60
2008.04.22 12:41:32.800,1.6441,1.6443,1.20,0.30
2008.04.22 12:41:33.064,1.6441,1.6443,1.20,0.30
2008.04.22 12:41:33.334,1.6441,1.6443,1.20,0.30
2008.04.22 12:41:33.605,1.6441,1.6443,1.20,0.30
2008.04.22 12:41:33.938,1.6441,1.6443,1.20,0.30
2008.04.22 12:41:34.191,1.6441,1.6443,1.20,0.30
2008.04.22 12:41:34.457,1.6441,1.6443,1.20,0.30
2008.04.22 12:41:34.706,1.6441,1.6443,1.20,0.30
2008.04.22 12:41:34.962,1.6441,1.6443,1.20,0.30
2008.04.22 12:41:35.217,1.6441,1.6443,0.90,0.30
2008.04.22 12:41:35.702,1.6441,1.6443,0.90,0.30
2008.04.22 12:41:36.424,1.6441,1.6443,0.90,0.30
2008.04.22 12:41:37.219,1.6441,1.6443,0.90,0.30
2008.04.22 12:41:37.424,1.6441,1.6443,0.90,0.30
2008.04.22 12:41:37.636,1.6441,1.6443,0.90,0.30
2008.04.22 12:41:37.790,1.6441,1.6443,0.90,0.30
2008.04.22 12:41:37.934,1.6441,1.6443,0.90,0.60
2008.04.22 12:41:38.068,1.6441,1.6443,0.40,0.60
2008.04.22 12:41:38.203,1.6441,1.6443,0.90,0.60
2008.04.22 12:41:38.372,1.6441,1.6443,0.90,0.60
2008.04.22 12:41:38.549,1.6441,1.6443,0.40,0.60
2008.04.22 12:41:38.682,1.6441,1.64425,0.40,0.30
2008.04.22 12:41:39.018,1.64405,1.64425,0.60,0.30
2008.04.22 12:41:39.351,1.64405,1.64425,0.60,0.30
2008.04.22 12:41:39.686,1.64405,1.64425,0.60,0.30
2008.04.22 12:41:40.463,1.64405,1.64425,0.60,0.30
2008.04.22 12:41:40.665,1.64405,1.64425,0.60,0.30
2008.04.22 12:41:44.173,1.64405,1.64425,0.60,0.30
2008.04.22 12:41:44.658,1.644,1.64425,2.50,0.30
2008.04.22 12:41:44.860,1.644,1.64425,2.50,0.30
2008.04.22 12:41:45.037,1.64405,1.64425,0.60,0.30
2008.04.22 12:41:45.232,1.64405,1.64425,0.60,0.30
2008.04.22 12:41:45.452,1.64405,1.64425,0.60,0.30
2008.04.22 12:41:45.773,1.64405,1.64425,0.60,0.30
2008.04.22 12:41:45.968,1.644,1.6442,2.20,0.30
2008.04.22 12:41:46.173,1.644,1.6442,0.90,0.30
2008.04.22 12:41:46.442,1.644,1.6442,2.20,0.30
2008.04.22 12:41:46.722,1.64405,1.64425,0.60,0.30
2008.04.22 12:41:47.001,1.64405,1.64425,0.60,0.30
2008.04.22 12:41:47.135,1.64405,1.64425,0.60,0.30
2008.04.22 12:41:48.609,1.64405,1.64425,0.60,0.30
2008.04.22 12:41:48.818,1.64405,1.64425,0.60,0.30
2008.04.22 12:41:48.998,1.64405,1.64425,0.60,0.30
2008.04.22 12:41:49.177,1.64405,1.64425,0.60,0.30
2008.04.22 12:41:49.341,1.64405,1.64425,0.60,0.30
2008.04.22 12:41:49.506,1.64405,1.64425,0.60,0.30
2008.04.22 12:41:51.619,1.64405,1.64425,0.60,0.30
2008.04.22 12:41:51.662,1.64405,1.6443,0.60,0.80
2008.04.22 12:41:51.704,1.64405,1.6443,0.60,0.80
2008.04.22 12:41:51.743,1.64405,1.6443,0.60,0.80
2008.04.22 12:41:51.783,1.64405,1.6443,0.60,0.80
2008.04.22 12:41:51.843,1.64405,1.6443,0.60,0.80
2008.04.22 12:41:51.892,1.64405,1.6443,0.60,0.80
2008.04.22 12:41:51.932,1.64405,1.6443,0.60,0.80
2008.04.22 12:41:51.972,1.64405,1.6443,0.60,0.80
2008.04.22 12:41:52.070,1.64405,1.6443,0.60,0.80
2008.04.22 12:41:52.119,1.64415,1.6443,0.60,0.50
2008.04.22 12:41:52.174,1.64415,1.6443,0.60,0.50
2008.04.22 12:41:52.219,1.64415,1.6443,0.60,0.30
2008.04.22 12:41:52.273,1.64415,1.6443,0.60,0.30
2008.04.22 12:41:52.312,1.6442,1.64435,0.40,0.30
2008.04.22 12:41:52.648,1.6441,1.6443,2.20,0.60
2008.04.22 12:41:52.984,1.6441,1.6443,0.90,0.30
2008.04.22 12:41:53.318,1.6441,1.6443,0.90,0.30
2008.04.22 12:41:53.517,1.6442,1.64435,0.40,0.30
2008.04.22 12:41:53.718,1.6442,1.6444,0.40,2.90
2008.04.22 12:41:53.927,1.6442,1.6444,0.40,2.90
2008.04.22 12:41:54.117,1.6442,1.6444,0.40,0.60
2008.04.22 12:41:54.319,1.6442,1.64435,0.40,0.30
2008.04.22 12:41:54.518,1.6442,1.64435,0.40,0.30
2008.04.22 12:41:54.774,1.6442,1.64435,0.40,0.30
2008.04.22 12:41:55.028,1.6442,1.64435,0.40,0.30
2008.04.22 12:41:55.283,1.64415,1.6443,0.40,0.60
2008.04.22 12:41:55.537,1.64415,1.6443,0.40,0.60
2008.04.22 12:41:55.702,1.6441,1.6443,1.20,0.60
2008.04.22 12:41:55.869,1.6441,1.6443,1.20,0.60
2008.04.22 12:41:56.033,1.6441,1.6443,1.20,0.60
2008.04.22 12:41:56.198,1.6442,1.6444,0.40,3.20
2008.04.22 12:41:56.363,1.6442,1.6444,0.40,0.80
2008.04.22 12:41:56.536,1.6442,1.6444,0.40,0.60
2008.04.22 12:41:56.711,1.6442,1.6444,0.40,0.60
2008.04.22 12:41:56.908,1.6442,1.6444,0.40,0.60
2008.04.22 12:41:57.108,1.6442,1.6444,0.60,0.60
2008.04.22 12:41:57.321,1.6442,1.6444,0.60,0.60
2008.04.22 12:41:57.632,1.6442,1.6444,0.60,0.60
2008.04.22 12:41:57.922,1.6442,1.6444,0.60,0.60
2008.04.22 12:41:58.368,1.6442,1.6444,0.60,0.60
2008.04.22 12:41:58.656,1.64415,1.6443,0.40,0.60
2008.04.22 12:41:58.805,1.64415,1.6443,0.40,0.60
2008.04.22 12:41:58.959,1.64415,1.6443,0.40,0.30
2008.04.22 12:41:59.092,1.64415,1.6443,0.40,0.30
2008.04.22 12:41:59.239,1.6441,1.64425,1.60,0.30
2008.04.22 12:41:59.384,1.6441,1.6443,1.20,0.80
2008.04.22 12:41:59.531,1.6441,1.6443,0.40,0.80
2008.04.22 12:41:59.685,1.64415,1.6443,0.40,0.80
2008.04.22 12:42:00.000,1.6442,1.6444,0.40,0.80
2008.04.22 12:42:00.315,1.6442,1.64435,0.60,0.30
2008.04.22 12:42:00.631,1.6442,1.64435,0.60,0.30
2008.04.22 12:42:00.821,1.6442,1.64435,0.60,0.30
2008.04.22 12:42:01.010,1.6442,1.64435,0.60,0.30
2008.04.22 12:42:01.201,1.6442,1.64435,0.60,0.30
2008.04.22 12:42:01.389,1.6442,1.64435,0.60,0.30
2008.04.22 12:42:01.579,1.64415,1.6443,0.40,0.30
2008.04.22 12:42:01.769,1.64415,1.6443,0.40,0.30
2008.04.22 12:42:01.950,1.64415,1.6443,0.40,0.30
2008.04.22 12:42:04.099,1.64415,1.6443,0.40,0.30
2008.04.22 12:42:04.174,1.64415,1.6443,0.40,0.30
2008.04.22 12:42:04.251,1.64415,1.6443,0.40,0.60
2008.04.22 12:42:04.325,1.64415,1.6443,0.40,0.60
2008.04.22 12:42:04.461,1.64415,1.6443,0.40,0.60
2008.04.22 12:42:04.600,1.64415,1.6443,0.40,0.60
2008.04.22 12:42:05.213,1.64415,1.6443,0.40,0.60
2008.04.22 12:42:05.429,1.6442,1.6444,0.40,0.80
2008.04.22 12:42:05.645,1.6442,1.64435,0.40,0.30
2008.04.22 12:42:05.810,1.64415,1.6443,0.40,0.30
2008.04.22 12:42:05.976,1.64415,1.6443,0.90,0.30
2008.04.22 12:42:06.140,1.6442,1.64435,0.40,0.30
2008.04.22 12:42:06.305,1.6442,1.64435,0.40,0.30
2008.04.22 12:42:06.469,1.6442,1.64435,0.40,0.30
2008.04.22 12:42:06.633,1.6442,1.64435,0.40,0.30
2008.04.22 12:42:06.925,1.6442,1.64435,0.40,0.30
2008.04.22 12:42:07.435,1.6442,1.64435,0.40,0.30
2008.04.22 12:42:08.933,1.6442,1.64435,0.40,0.30
2008.04.22 12:42:09.103,1.6442,1.64435,0.40,0.30
2008.04.22 12:42:09.228,1.6442,1.64435,0.40,0.30
2008.04.22 12:42:09.352,1.64415,1.6443,0.40,0.30
2008.04.22 12:42:09.477,1.64415,1.6443,0.40,0.30
2008.04.22 12:42:09.635,1.64415,1.6443,0.40,0.30
2008.04.22 12:42:10.671,1.64415,1.6443,0.40,0.30
2008.04.22 12:42:12.344,1.64415,1.6443,0.40,0.60
2008.04.22 12:42:12.462,1.64415,1.6443,0.40,0.60
2008.04.22 12:42:12.526,1.6441,1.6443,2.50,0.60
2008.04.22 12:42:12.595,1.6441,1.6443,2.50,0.60
2008.04.22 12:42:12.660,1.6441,1.6443,2.50,0.60
2008.04.22 12:42:12.725,1.6441,1.6443,1.20,0.60
2008.04.22 12:42:12.923,1.6441,1.6443,1.20,0.60
2008.04.22 12:42:13.132,1.6441,1.6443,1.20,0.60
2008.04.22 12:42:13.271,1.6441,1.6443,1.20,0.30
2008.04.22 12:42:13.412,1.6441,1.6443,1.20,0.60
2008.04.22 12:42:13.551,1.6441,1.6443,0.60,0.60
2008.04.22 12:42:13.691,1.6441,1.6443,0.60,0.60
2008.04.22 12:42:13.916,1.6441,1.6443,0.60,0.40
2008.04.22 12:42:14.190,1.6441,1.6443,0.40,0.60
2008.04.22 12:42:14.467,1.6441,1.6443,1.20,0.40
2008.04.22 12:42:14.742,1.6441,1.64435,1.20,0.60
2008.04.22 12:42:15.017,1.6441,1.64435,1.20,0.60
2008.04.22 12:42:15.208,1.64415,1.64435,0.60,0.40
2008.04.22 12:42:15.379,1.6442,1.6444,0.60,3.20
2008.04.22 12:42:15.559,1.6442,1.6444,0.60,0.60
2008.04.22 12:42:15.740,1.6442,1.6444,1.20,0.60
2008.04.22 12:42:15.919,1.6442,1.6444,1.20,0.60
2008.04.22 12:42:16.200,1.6442,1.6444,1.20,0.60
2008.04.22 12:42:16.504,1.64415,1.64435,0.40,0.30
2008.04.22 12:42:16.819,1.64415,1.6443,0.40,0.30
2008.04.22 12:42:17.135,1.64415,1.6443,0.40,0.30
2008.04.22 12:42:17.279,1.64415,1.6443,0.40,0.30
2008.04.22 12:42:17.952,1.64415,1.6443,0.40,0.30
2008.04.22 12:42:18.159,1.64415,1.6443,0.40,0.30
2008.04.22 12:42:18.351,1.6441,1.6443,1.20,0.30
2008.04.22 12:42:19.427,1.6441,1.6443,1.20,0.30
2008.04.22 12:42:19.563,1.6442,1.64435,0.40,0.30
2008.04.22 12:42:19.689,1.6442,1.64435,0.40,0.30
2008.04.22 12:42:19.811,1.64415,1.6443,0.40,0.30
2008.04.22 12:42:19.936,1.64415,1.6443,0.40,0.30
2008.04.22 12:42:20.060,1.64415,1.6443,0.40,0.30
2008.04.22 12:42:20.185,1.64415,1.6443,0.40,0.30
2008.04.22 12:42:20.430,1.64415,1.6443,0.40,0.30
2008.04.22 12:42:20.676,1.64415,1.6443,0.40,0.30
2008.04.22 12:42:20.923,1.6441,1.6443,2.50,0.30
2008.04.22 12:42:21.169,1.6441,1.6443,2.50,0.30
2008.04.22 12:42:21.410,1.6441,1.6443,1.20,0.30
2008.04.22 12:42:21.649,1.6441,1.6443,1.20,0.30
2008.04.22 12:42:21.889,1.6441,1.6443,1.20,0.30
2008.04.22 12:42:22.150,1.6441,1.6443,2.50,0.30
2008.04.22 12:42:22.389,1.6441,1.6443,2.50,0.30
2008.04.22 12:42:22.579,1.6441,1.6443,2.50,0.30
2008.04.22 12:42:22.769,1.64415,1.6443,0.90,0.30
2008.04.22 12:42:22.959,1.6442,1.6444,0.40,0.60
2008.04.22 12:42:23.158,1.6442,1.6444,0.40,0.60
2008.04.22 12:42:23.347,1.6442,1.6444,0.40,0.60
2008.04.22 12:42:23.653,1.6442,1.6444,0.40,0.60
2008.04.22 12:42:23.960,1.64415,1.6443,0.40,0.30
2008.04.22 12:42:24.264,1.64415,1.6443,0.40,0.30
2008.04.22 12:42:24.530,1.6442,1.6444,1.20,0.80
2008.04.22 12:42:24.796,1.6442,1.6444,1.20,0.60
2008.04.22 12:42:25.068,1.6442,1.6444,1.20,0.60
2008.04.22 12:42:25.333,1.6442,1.6444,0.60,0.60
2008.04.22 12:42:25.572,1.6442,1.6444,0.60,0.60
2008.04.22 12:42:25.813,1.6442,1.6444,0.60,0.60
2008.04.22 12:42:26.348,1.6442,1.6444,0.40,0.60
2008.04.22 12:42:26.497,1.64415,1.6443,0.90,0.30
2008.04.22 12:42:26.657,1.64415,1.6443,0.90,0.30
2008.04.22 12:42:26.860,1.64415,1.6443,0.90,0.30
2008.04.22 12:42:27.011,1.6442,1.6444,0.40,0.80
2008.04.22 12:42:27.162,1.6442,1.6444,0.60,0.80
2008.04.22 12:42:27.321,1.6442,1.6444,0.60,0.60
2008.04.22 12:42:27.569,1.6442,1.6443,0.40,0.30
2008.04.22 12:42:27.814,1.64415,1.6443,0.90,0.30
2008.04.22 12:42:28.062,1.6442,1.6444,0.60,0.80
2008.04.22 12:42:28.308,1.6442,1.6444,0.60,0.60
2008.04.22 12:42:28.930,1.6442,1.6444,0.60,0.60
2008.04.22 12:42:29.665,1.6442,1.6444,0.60,0.60
2008.04.22 12:42:29.800,1.6442,1.6444,1.20,0.30
2008.04.22 12:42:29.957,1.6442,1.6444,1.20,0.30
2008.04.22 12:42:30.112,1.6442,1.6444,0.60,0.60
2008.04.22 12:42:30.265,1.6442,1.6444,0.60,0.60
2008.04.22 12:42:30.421,1.6442,1.6444,0.60,0.60
2008.04.22 12:42:30.706,1.6442,1.6444,0.60,0.60
2008.04.22 12:42:31.897,1.6442,1.6444,0.60,0.60
2008.04.22 12:42:32.087,1.6442,1.6444,0.60,0.60
2008.04.22 12:42:32.278,1.6442,1.6444,1.20,0.30
2008.04.22 12:42:32.466,1.6442,1.6444,1.20,0.30
2008.04.22 12:42:32.617,1.6442,1.6444,0.60,0.60
2008.04.22 12:42:32.773,1.6442,1.6444,0.60,0.60
2008.04.22 12:42:32.922,1.6442,1.6444,0.60,0.60
2008.04.22 12:42:33.105,1.6442,1.6444,0.40,0.60
2008.04.22 12:42:33.254,1.64415,1.6443,0.90,0.30
2008.04.22 12:42:33.405,1.64415,1.6443,0.90,0.30
2008.04.22 12:42:33.667,1.64415,1.6443,0.90,0.30
2008.04.22 12:42:34.191,1.64415,1.6443,0.90,0.30
2008.04.22 12:42:34.346,1.64415,1.6443,0.90,0.30
2008.04.22 12:42:34.501,1.64415,1.6443,0.90,0.30
2008.04.22 12:42:34.670,1.64415,1.6443,0.90,0.30
2008.04.22 12:42:35.133,1.64415,1.6443,0.90,0.30
2008.04.22 12:42:35.387,1.64415,1.6443,0.90,0.30
2008.04.22 12:42:35.641,1.64415,1.6443,0.90,0.30
2008.04.22 12:42:35.895,1.64415,1.6443,0.90,0.30
2008.04.22 12:42:36.185,1.64415,1.6443,0.90,0.30
2008.04.22 12:42:37.126,1.64415,1.6443,0.90,0.30
2008.04.22 12:42:37.426,1.64415,1.6443,0.90,0.30
2008.04.22 12:42:42.602,1.64415,1.6443,0.90,0.30
2008.04.22 12:42:42.785,1.64415,1.6443,0.90,0.30
2008.04.22 12:42:42.970,1.64415,1.6443,0.90,0.30
2008.04.22 12:42:43.688,1.64415,1.6443,0.90,0.30
2008.04.22 12:42:44.185,1.64415,1.6443,0.90,0.30
2008.04.22 12:42:44.352,1.64415,1.6443,0.90,0.30
2008.04.22 12:42:44.730,1.64415,1.6443,0.90,0.30
2008.04.22 12:42:45.139,1.64415,1.6443,0.90,0.30
2008.04.22 12:42:45.447,1.64415,1.6443,0.90,0.30
2008.04.22 12:42:45.726,1.64415,1.6443,0.90,0.30
2008.04.22 12:42:46.006,1.64415,1.6443,0.90,0.30
2008.04.22 12:42:50.625,1.64415,1.6443,0.90,0.30
2008.04.22 12:42:50.841,1.64415,1.6443,0.90,0.30
2008.04.22 12:42:51.052,1.64415,1.6443,0.40,0.30
2008.04.22 12:42:51.262,1.64415,1.6443,0.40,0.30
2008.04.22 12:42:51.472,1.64415,1.6443,0.40,0.30
2008.04.22 12:42:51.694,1.64415,1.6443,0.40,0.30
2008.04.22 12:42:52.383,1.64415,1.6443,0.40,0.30
2008.04.22 12:42:54.030,1.64415,1.6443,0.40,0.60
2008.04.22 12:42:54.442,1.64415,1.6443,0.40,0.60
2008.04.22 12:42:54.543,1.64415,1.6443,0.40,0.30
2008.04.22 12:42:54.858,1.64415,1.6443,0.40,0.30
2008.04.22 12:42:55.707,1.64415,1.6443,0.40,0.30
2008.04.22 12:42:56.395,1.64415,1.6443,0.40,0.30
2008.04.22 12:42:57.883,1.64415,1.6443,0.40,0.30
2008.04.22 12:42:58.003,1.64415,1.6443,0.40,0.60
2008.04.22 12:42:59.822,1.6441,1.6443,1.20,0.60
2008.04.22 12:42:59.951,1.6441,1.6443,1.20,0.60
2008.04.22 12:43:00.138,1.6441,1.6443,1.20,0.60
2008.04.22 12:43:01.154,1.6441,1.6443,1.20,0.60
2008.04.22 12:43:01.355,1.6441,1.6443,1.20,0.60
2008.04.22 12:43:05.119,1.6441,1.6443,1.20,0.60
2008.04.22 12:43:09.385,1.6441,1.6443,1.20,0.60
2008.04.22 12:43:09.545,1.64415,1.6443,0.90,0.30
2008.04.22 12:43:09.711,1.6442,1.6444,0.40,0.60
2008.04.22 12:43:09.856,1.64415,1.6443,0.90,0.30
2008.04.22 12:43:10.013,1.64415,1.6443,0.90,0.30
2008.04.22 12:43:10.170,1.64415,1.6443,0.90,0.30
2008.04.22 12:43:10.917,1.64415,1.6443,0.90,0.30
2008.04.22 12:43:11.161,1.64415,1.6443,0.90,0.30
2008.04.22 12:43:12.141,1.64415,1.6443,0.90,0.30
2008.04.22 12:43:12.357,1.64415,1.6443,0.90,0.30
2008.04.22 12:43:14.419,1.64415,1.6443,0.90,0.30
2008.04.22 12:43:14.669,1.64415,1.6443,0.90,0.30
2008.04.22 12:43:14.836,1.64415,1.6443,0.60,0.30
2008.04.22 12:43:14.986,1.64415,1.6443,0.60,0.30
2008.04.22 12:43:15.136,1.64415,1.6443,0.60,0.30
2008.04.22 12:43:22.302,1.64415,1.6443,0.60,0.30
2008.04.22 12:43:23.269,1.64415,1.6443,0.60,0.30
2008.04.22 12:43:23.333,1.64415,1.6443,0.60,0.30
2008.04.22 12:43:23.387,1.64415,1.6443,0.60,0.30
2008.04.22 12:43:23.454,1.64415,1.6443,0.60,0.30
2008.04.22 12:43:23.625,1.64415,1.6443,0.60,0.30
2008.04.22 12:43:23.681,1.64415,1.6443,0.60,0.30
2008.04.22 12:43:24.014,1.64415,1.6443,0.60,0.30
2008.04.22 12:43:24.333,1.64415,1.6443,0.60,0.30
2008.04.22 12:43:24.666,1.6441,1.6443,2.50,0.30
2008.04.22 12:43:24.872,1.6441,1.6443,2.50,0.30
2008.04.22 12:43:25.076,1.6441,1.6443,1.20,0.30
2008.04.22 12:43:25.282,1.64415,1.6444,0.90,0.80
2008.04.22 12:43:25.487,1.64415,1.64435,0.90,0.30
2008.04.22 12:43:25.693,1.64415,1.64435,0.90,0.30
2008.04.22 12:43:25.982,1.64415,1.64435,0.90,0.30
2008.04.22 12:43:26.284,1.64415,1.6443,0.40,0.30
2008.04.22 12:43:26.563,1.64415,1.6443,0.40,0.30
2008.04.22 12:43:26.852,1.64415,1.6443,0.40,0.30
2008.04.22 12:43:27.041,1.64415,1.6443,0.40,0.30
2008.04.22 12:43:27.230,1.64415,1.6443,0.40,0.30
2008.04.22 12:43:27.618,1.64415,1.6443,0.40,0.30
2008.04.22 12:43:27.928,1.64415,1.6443,0.40,0.30
2008.04.22 12:43:30.336,1.64415,1.6443,0.40,0.60
2008.04.22 12:43:30.540,1.64415,1.6443,0.40,0.60
2008.04.22 12:43:30.653,1.6441,1.6443,0.60,0.60
2008.04.22 12:43:30.773,1.6441,1.6443,0.60,0.60
2008.04.22 12:43:30.882,1.6441,1.6443,0.40,0.60
2008.04.22 12:43:30.991,1.6441,1.6443,0.40,0.60
2008.04.22 12:43:31.102,1.6441,1.6443,0.40,0.60
2008.04.22 12:43:31.438,1.6441,1.64425,0.40,0.30
2008.04.22 12:43:31.773,1.6441,1.64425,0.40,0.30
2008.04.22 12:43:32.110,1.6441,1.64425,0.40,0.30
2008.04.22 12:43:32.339,1.644,1.6442,4.90,0.30
2008.04.22 12:43:32.569,1.644,1.6442,1.20,0.30
2008.04.22 12:43:32.800,1.644,1.6442,1.20,0.30
2008.04.22 12:43:33.030,1.644,1.6442,1.20,0.30
2008.04.22 12:43:33.421,1.644,1.6442,1.20,0.30
2008.04.22 12:43:34.358,1.644,1.6442,1.20,0.30
2008.04.22 12:43:35.419,1.644,1.6442,3.60,0.30
2008.04.22 12:43:35.468,1.6441,1.64425,0.40,0.30
2008.04.22 12:43:35.506,1.6441,1.64425,0.40,0.30
2008.04.22 12:43:35.546,1.6441,1.64425,0.40,0.30
2008.04.22 12:43:35.665,1.6441,1.64425,0.40,0.30
2008.04.22 12:43:35.706,1.6441,1.64425,0.40,0.30
2008.04.22 12:43:35.765,1.6441,1.64425,0.40,0.30
2008.04.22 12:43:35.890,1.6441,1.64425,0.40,0.30
2008.04.22 12:43:36.190,1.6441,1.64425,0.40,0.30
2008.04.22 12:43:36.419,1.6441,1.64425,0.40,0.30
2008.04.22 12:43:36.648,1.6441,1.64425,0.40,0.30
2008.04.22 12:43:36.877,1.6441,1.64425,0.40,0.30
2008.04.22 12:43:37.108,1.6441,1.64425,0.40,0.30
2008.04.22 12:43:37.338,1.6441,1.64425,0.40,0.30
2008.04.22 12:43:37.638,1.6441,1.64425,0.40,0.30
2008.04.22 12:43:37.818,1.64405,1.6442,0.40,0.30
2008.04.22 12:43:38.004,1.64405,1.6442,0.40,0.30
2008.04.22 12:43:38.185,1.64405,1.6442,0.40,0.30
2008.04.22 12:43:38.365,1.64405,1.6442,0.40,0.30
2008.04.22 12:43:38.534,1.64405,1.6442,0.40,0.30
2008.04.22 12:43:39.696,1.64405,1.6442,0.40,0.30
2008.04.22 12:43:39.832,1.6441,1.64425,0.40,0.30
2008.04.22 12:43:39.965,1.6441,1.64425,0.40,0.30
2008.04.22 12:43:40.100,1.6441,1.64425,0.40,0.30
2008.04.22 12:43:40.233,1.6441,1.64425,0.40,0.30
2008.04.22 12:43:40.368,1.6441,1.64425,0.40,0.30
2008.04.22 12:43:41.384,1.6441,1.64425,0.40,0.30
2008.04.22 12:43:42.104,1.6441,1.64425,0.40,0.30
2008.04.22 12:43:42.418,1.6441,1.64425,0.40,0.30
2008.04.22 12:43:49.919,1.64405,1.6442,0.90,0.30
2008.04.22 12:43:49.965,1.64405,1.6442,0.40,0.30
2008.04.22 12:43:50.012,1.64405,1.6442,0.40,0.30
2008.04.22 12:43:50.131,1.64405,1.6442,0.40,0.30
2008.04.22 12:43:50.175,1.64405,1.6442,0.40,0.30
2008.04.22 12:43:50.251,1.64405,1.6442,0.40,0.30
2008.04.22 12:43:50.370,1.64405,1.6442,0.40,0.30
2008.04.22 12:43:51.212,1.64405,1.6442,0.40,0.30
2008.04.22 12:43:51.394,1.6441,1.64425,0.40,0.30
2008.04.22 12:43:51.572,1.64405,1.6442,0.40,0.30
2008.04.22 12:43:51.752,1.64405,1.6442,0.40,0.30
2008.04.22 12:43:52.135,1.64405,1.6442,0.40,0.60
2008.04.22 12:43:52.290,1.64405,1.6442,0.40,0.60
2008.04.22 12:43:52.445,1.64405,1.6442,0.40,0.60
2008.04.22 12:43:52.687,1.64405,1.6442,0.40,0.60
2008.04.22 12:43:52.841,1.644,1.6442,1.20,0.60
2008.04.22 12:43:52.997,1.644,1.6442,1.20,0.60
2008.04.22 12:43:53.913,1.644,1.6442,1.20,0.60
2008.04.22 12:43:54.130,1.644,1.6442,1.20,0.60
2008.04.22 12:43:54.407,1.64405,1.6442,0.40,0.60
2008.04.22 12:43:54.829,1.64405,1.6442,0.40,0.60
2008.04.22 12:43:55.650,1.64405,1.6442,0.40,0.60
2008.04.22 12:43:57.407,1.64405,1.6442,0.40,0.60
2008.04.22 12:43:57.627,1.64405,1.6442,0.40,0.60
2008.04.22 12:44:01.359,1.64405,1.6442,0.40,0.60
2008.04.22 12:44:01.468,1.64405,1.6442,0.40,0.30
2008.04.22 12:44:08.912,1.64405,1.6442,0.40,0.30
2008.04.22 12:44:09.127,1.64405,1.6442,0.40,0.30
2008.04.22 12:44:09.535,1.64405,1.6442,0.40,0.30
2008.04.22 12:44:09.666,1.64405,1.6442,0.40,0.30
2008.04.22 12:44:10.159,1.64405,1.6442,0.40,0.30
2008.04.22 12:44:10.323,1.64405,1.6442,0.90,0.30
2008.04.22 12:44:10.488,1.64405,1.6442,0.90,0.30
2008.04.22 12:44:10.652,1.64405,1.6442,0.90,0.30
2008.04.22 12:44:10.937,1.64405,1.6442,0.90,0.30
2008.04.22 12:44:11.136,1.64405,1.6442,0.40,0.30
2008.04.22 12:44:11.350,1.64405,1.6442,0.40,0.30
2008.04.22 12:44:11.560,1.64405,1.6442,0.40,0.30
2008.04.22 12:44:13.610,1.64405,1.6442,0.40,0.30
2008.04.22 12:44:13.920,1.64405,1.6442,0.40,0.30
2008.04.22 12:44:14.128,1.64405,1.6442,0.90,0.30
2008.04.22 12:44:14.264,1.64405,1.6442,0.90,0.30
2008.04.22 12:44:14.403,1.64405,1.6442,0.90,0.30
2008.04.22 12:44:14.538,1.64405,1.6442,0.90,0.30
2008.04.22 12:44:14.675,1.64405,1.6442,0.90,0.30
2008.04.22 12:44:15.877,1.64405,1.6442,0.90,0.30
2008.04.22 12:44:17.661,1.64405,1.6442,0.40,0.30
2008.04.22 12:44:17.739,1.64405,1.6442,0.40,0.30
2008.04.22 12:44:17.860,1.64405,1.6442,0.40,0.30
2008.04.22 12:44:17.924,1.64405,1.6442,0.40,0.30
2008.04.22 12:44:17.988,1.64405,1.6442,0.40,0.30
2008.04.22 12:44:18.159,1.64405,1.6442,0.40,0.30
2008.04.22 12:44:18.262,1.64405,1.6442,0.40,0.30
2008.04.22 12:44:18.396,1.64405,1.6442,0.40,0.30
2008.04.22 12:44:18.672,1.64405,1.6442,0.40,0.30
2008.04.22 12:44:19.185,1.64405,1.6442,0.40,0.30
2008.04.22 12:44:21.749,1.64405,1.6442,0.40,0.30
2008.04.22 12:44:21.844,1.64405,1.6442,0.40,0.30
2008.04.22 12:44:22.006,1.64405,1.6442,0.40,0.30
2008.04.22 12:44:22.231,1.64405,1.6442,0.40,0.30
2008.04.22 12:44:22.383,1.64405,1.6442,0.40,0.30
2008.04.22 12:44:22.950,1.64405,1.6442,0.40,0.30
2008.04.22 12:44:23.108,1.64405,1.6442,0.40,0.30
2008.04.22 12:44:23.228,1.644,1.6442,1.20,0.30
2008.04.22 12:44:23.351,1.644,1.6442,1.20,0.30
2008.04.22 12:44:23.521,1.644,1.6442,1.20,0.30
2008.04.22 12:44:23.661,1.644,1.6442,1.20,0.30
2008.04.22 12:44:23.818,1.644,1.6442,1.20,0.30
2008.04.22 12:44:23.936,1.644,1.6442,1.20,0.30
2008.04.22 12:44:24.388,1.644,1.6442,1.20,0.30
2008.04.22 12:44:24.558,1.644,1.6442,1.20,0.30
2008.04.22 12:44:24.928,1.644,1.6442,0.60,0.60
2008.04.22 12:44:25.098,1.644,1.6442,0.60,0.60
2008.04.22 12:44:25.307,1.644,1.6442,0.60,0.60
2008.04.22 12:44:25.516,1.644,1.6442,0.60,0.60
2008.04.22 12:44:26.047,1.644,1.6442,0.60,0.60
2008.04.22 12:44:27.704,1.644,1.6442,1.20,0.60
2008.04.22 12:44:27.823,1.644,1.6442,1.20,0.60
2008.04.22 12:44:27.942,1.644,1.6442,1.20,0.60
2008.04.22 12:44:28.062,1.644,1.6442,1.20,0.60
2008.04.22 12:44:28.181,1.644,1.6442,1.20,0.30
2008.04.22 12:44:28.381,1.644,1.6442,1.20,0.30
2008.04.22 12:44:28.581,1.644,1.6442,1.20,0.30
2008.04.22 12:44:28.781,1.644,1.6442,2.50,0.30
2008.04.22 12:44:29.405,1.644,1.6442,2.50,0.30
2008.04.22 12:44:29.599,1.644,1.6442,2.50,0.30
2008.04.22 12:44:29.845,1.644,1.6442,2.50,0.30
2008.04.22 12:44:33.618,1.64405,1.6442,0.60,0.30
2008.04.22 12:44:33.723,1.6441,1.64425,0.40,0.30
2008.04.22 12:44:33.843,1.6441,1.64425,0.40,0.30
2008.04.22 12:44:33.963,1.6441,1.6443,0.40,0.60
2008.04.22 12:44:34.086,1.6441,1.6443,0.40,0.60
2008.04.22 12:44:34.206,1.6441,1.6443,0.40,0.60
2008.04.22 12:44:34.592,1.6441,1.6443,0.40,0.60
2008.04.22 12:44:34.713,1.6441,1.6443,0.40,0.60
2008.04.22 12:44:35.398,1.6441,1.6443,0.90,0.30
2008.04.22 12:44:35.583,1.6441,1.6443,0.90,0.30
2008.04.22 12:44:35.776,1.6441,1.6443,2.20,0.60
2008.04.22 12:44:35.874,1.6441,1.6443,2.20,0.60
2008.04.22 12:44:35.979,1.64405,1.6443,0.90,0.60
2008.04.22 12:44:36.083,1.64405,1.6443,0.90,0.60
2008.04.22 12:44:36.187,1.64405,1.6443,0.90,0.60
2008.04.22 12:44:36.293,1.64405,1.6443,0.90,0.60
2008.04.22 12:44:36.397,1.64405,1.6443,0.90,0.60
2008.04.22 12:44:36.502,1.64405,1.6443,0.90,0.60
2008.04.22 12:44:36.606,1.64405,1.6443,0.90,0.60
2008.04.22 12:44:36.713,1.64405,1.6443,0.90,0.60
2008.04.22 12:44:36.865,1.64405,1.6443,0.90,0.60
2008.04.22 12:44:37.099,1.64405,1.6443,0.90,0.60
2008.04.22 12:44:37.333,1.64405,1.6443,0.90,0.60
2008.04.22 12:44:37.567,1.64405,1.6443,0.90,0.60
2008.04.22 12:44:37.801,1.64405,1.6443,0.90,0.60
2008.04.22 12:44:38.036,1.64405,1.6443,0.90,0.60
2008.04.22 12:44:38.241,1.64405,1.6443,0.60,0.60
2008.04.22 12:44:38.447,1.64405,1.6443,0.60,0.60
2008.04.22 12:44:38.651,1.64405,1.6443,0.60,0.60
2008.04.22 12:44:38.858,1.64405,1.6443,0.60,0.60
2008.04.22 12:44:39.169,1.64405,1.6443,0.60,0.60
2008.04.22 12:44:39.429,1.64405,1.6443,0.60,0.60
2008.04.22 12:44:39.688,1.64405,1.6443,0.60,0.60
2008.04.22 12:44:39.948,1.64405,1.64425,0.60,0.30
2008.04.22 12:44:40.132,1.64405,1.64425,0.60,0.30
2008.04.22 12:44:40.317,1.64405,1.6443,0.60,0.80
2008.04.22 12:44:40.512,1.64405,1.6443,0.90,0.80
2008.04.22 12:44:40.699,1.64405,1.6443,0.60,0.60
2008.04.22 12:44:40.877,1.64405,1.6443,0.60,0.60
2008.04.22 12:44:41.062,1.64405,1.6443,0.60,0.60
2008.04.22 12:44:41.397,1.64405,1.6443,0.60,0.60
2008.04.22 12:44:41.733,1.64405,1.64425,0.60,0.30
2008.04.22 12:44:42.073,1.64405,1.64425,0.60,0.30
2008.04.22 12:44:42.349,1.64405,1.64425,0.60,0.30
2008.04.22 12:44:42.567,1.64405,1.64425,0.60,0.30
2008.04.22 12:44:42.787,1.64405,1.64425,0.60,0.30
2008.04.22 12:44:43.006,1.64405,1.64425,0.60,0.30
2008.04.22 12:44:43.225,1.64405,1.64425,0.60,0.30
2008.04.22 12:44:43.887,1.644,1.64425,2.50,0.30
2008.04.22 12:44:44.033,1.644,1.64425,2.50,0.30
2008.04.22 12:44:44.229,1.644,1.64425,1.20,0.30
2008.04.22 12:44:44.701,1.644,1.64425,1.20,0.30
2008.04.22 12:44:45.620,1.644,1.64425,1.20,0.30
2008.04.22 12:44:45.780,1.64405,1.64425,0.60,0.30
2008.04.22 12:44:45.939,1.64405,1.64425,0.60,0.30
2008.04.22 12:44:46.105,1.64405,1.64425,0.60,0.30
2008.04.22 12:44:46.327,1.64405,1.64425,0.60,0.30
2008.04.22 12:44:46.539,1.644,1.6442,2.50,0.30
2008.04.22 12:44:46.749,1.644,1.6442,1.20,0.30
2008.04.22 12:44:46.958,1.644,1.6442,1.20,0.30
2008.04.22 12:44:47.177,1.64405,1.6442,0.60,0.30
2008.04.22 12:44:47.344,1.6441,1.64425,0.40,0.30
2008.04.22 12:44:47.508,1.6441,1.64425,0.40,0.30
2008.04.22 12:44:47.674,1.6441,1.64425,0.40,0.30
2008.04.22 12:44:47.873,1.6441,1.64425,0.40,0.30
2008.04.22 12:44:48.389,1.6441,1.64425,0.40,0.30
2008.04.22 12:44:49.119,1.6441,1.64425,0.40,0.30
2008.04.22 12:44:49.342,1.6441,1.64425,0.40,0.30
2008.04.22 12:44:49.562,1.6441,1.6443,0.40,0.60
2008.04.22 12:44:49.782,1.64405,1.6442,0.40,0.30
2008.04.22 12:44:50.014,1.64405,1.6442,0.40,0.30
2008.04.22 12:44:50.234,1.64405,1.6442,0.90,0.30
2008.04.22 12:44:50.449,1.64405,1.64425,0.90,0.30
2008.04.22 12:44:50.674,1.64405,1.64425,0.90,0.30
2008.04.22 12:44:50.887,1.64405,1.64425,0.90,0.30
2008.04.22 12:44:51.125,1.64405,1.64425,0.90,0.30
2008.04.22 12:44:51.341,1.6441,1.6443,0.60,0.80
2008.04.22 12:44:51.494,1.6441,1.6443,0.60,0.60
2008.04.22 12:44:51.650,1.6441,1.6443,0.60,0.60
2008.04.22 12:44:51.806,1.64415,1.6443,0.40,0.30
2008.04.22 12:44:51.961,1.64415,1.6443,0.90,0.30
2008.04.22 12:44:52.117,1.6442,1.6444,0.60,3.20
2008.04.22 12:44:52.271,1.64415,1.6443,0.40,0.30
2008.04.22 12:44:52.570,1.64415,1.6443,0.40,0.30
2008.04.22 12:44:52.859,1.64415,1.6443,0.40,0.30
2008.04.22 12:44:53.148,1.64415,1.6443,0.40,0.30
2008.04.22 12:44:53.437,1.64415,1.6443,0.40,0.30
2008.04.22 12:44:53.636,1.64415,1.6443,0.40,0.30
2008.04.22 12:44:53.837,1.6442,1.6444,0.40,0.60
2008.04.22 12:44:54.037,1.6442,1.6444,0.60,0.60
2008.04.22 12:44:54.237,1.6442,1.64435,0.60,0.30
2008.04.22 12:44:54.584,1.6442,1.64435,0.60,0.30
2008.04.22 12:44:54.779,1.64415,1.6443,0.40,0.30
2008.04.22 12:44:54.973,1.64415,1.6443,0.40,0.30
2008.04.22 12:44:55.167,1.64415,1.6443,0.40,0.30
2008.04.22 12:44:55.636,1.64415,1.6443,0.40,0.30
2008.04.22 12:44:55.834,1.64415,1.6443,0.40,0.30
2008.04.22 12:44:56.131,1.64415,1.6443,0.90,0.30
2008.04.22 12:44:56.290,1.6442,1.6444,0.40,2.90
2008.04.22 12:44:56.445,1.6442,1.6444,0.40,0.60
2008.04.22 12:44:56.670,1.6442,1.6444,0.40,0.60
2008.04.22 12:44:56.891,1.6442,1.6444,0.40,0.60
2008.04.22 12:44:57.411,1.6442,1.6444,0.40,0.60
2008.04.22 12:44:58.928,1.6442,1.6444,0.90,0.30
2008.04.22 12:44:59.089,1.6442,1.6444,0.90,0.30
2008.04.22 12:44:59.260,1.6442,1.64445,0.90,0.60
2008.04.22 12:44:59.408,1.6442,1.64445,0.90,0.60
2008.04.22 12:44:59.568,1.6442,1.64445,0.90,0.60
2008.04.22 12:44:59.807,1.6442,1.64445,0.90,0.60
2008.04.22 12:45:00.620,1.6442,1.64445,0.90,0.60
2008.04.22 12:45:01.434,1.6442,1.64445,0.90,0.60
2008.04.22 12:45:02.897,1.6442,1.64445,0.90,0.60
2008.04.22 12:45:02.980,1.6442,1.64445,0.90,0.60
2008.04.22 12:45:03.047,1.6442,1.6444,0.90,0.30
2008.04.22 12:45:03.122,1.6442,1.6444,0.90,0.30
2008.04.22 12:45:03.206,1.6442,1.6444,0.40,0.60
2008.04.22 12:45:03.388,1.6442,1.6444,0.40,0.60
2008.04.22 12:45:03.462,1.6442,1.6444,0.40,0.60
2008.04.22 12:45:03.537,1.6442,1.6444,0.40,0.60
2008.04.22 12:45:03.620,1.6442,1.6444,0.40,0.60
2008.04.22 12:45:03.912,1.6442,1.6444,0.40,0.60
2008.04.22 12:45:06.590,1.6442,1.6444,0.40,0.60
2008.04.22 12:45:06.719,1.6442,1.6444,0.40,0.60
2008.04.22 12:45:06.924,1.6442,1.6444,0.90,0.60
2008.04.22 12:45:07.117,1.6442,1.6444,0.90,0.60
2008.04.22 12:45:07.182,1.6442,1.6444,0.90,0.60
2008.04.22 12:45:07.245,1.6442,1.6444,0.90,0.60
2008.04.22 12:45:07.310,1.6442,1.6444,0.90,0.60
2008.04.22 12:45:07.384,1.6442,1.6444,0.90,0.30
2008.04.22 12:45:07.440,1.6442,1.64445,0.90,0.60
2008.04.22 12:45:07.543,1.6442,1.64445,0.90,0.60
2008.04.22 12:45:07.646,1.6442,1.64445,0.90,0.60
2008.04.22 12:45:07.940,1.6442,1.64445,0.90,0.60
2008.04.22 12:45:08.344,1.6442,1.64445,0.90,0.60
2008.04.22 12:45:08.929,1.6442,1.6444,0.90,0.30
2008.04.22 12:45:09.221,1.6442,1.6444,0.40,0.60
2008.04.22 12:45:09.694,1.6442,1.6444,0.40,0.60
2008.04.22 12:45:11.286,1.6442,1.6444,0.40,0.60
2008.04.22 12:45:11.383,1.64425,1.6444,0.60,0.30
2008.04.22 12:45:11.485,1.64425,1.6444,0.90,0.30
2008.04.22 12:45:11.582,1.64425,1.6444,0.40,0.30
2008.04.22 12:45:11.682,1.64425,1.64445,0.90,0.40
2008.04.22 12:45:11.777,1.64425,1.64445,0.40,0.30
2008.04.22 12:45:11.872,1.64425,1.6444,0.40,0.30
2008.04.22 12:45:11.968,1.64425,1.6444,0.40,0.30
2008.04.22 12:45:12.076,1.64425,1.6444,0.40,0.30
2008.04.22 12:45:12.164,1.64425,1.6444,0.90,0.30
2008.04.22 12:45:12.260,1.64425,1.6444,0.90,0.30
2008.04.22 12:45:12.597,1.6443,1.64445,0.40,0.30
2008.04.22 12:45:12.932,1.6443,1.64445,0.40,0.30
2008.04.22 12:45:13.267,1.6443,1.64445,0.40,0.30
2008.04.22 12:45:13.416,1.6443,1.64445,0.40,0.30
2008.04.22 12:45:13.567,1.6443,1.6445,0.40,0.80
2008.04.22 12:45:13.738,1.6443,1.6445,0.40,0.80
2008.04.22 12:45:13.903,1.6443,1.6445,0.40,0.80
2008.04.22 12:45:14.144,1.6443,1.6445,0.40,0.80
2008.04.22 12:45:14.294,1.6443,1.6445,0.60,0.80
2008.04.22 12:45:14.605,1.6443,1.6445,0.60,0.80
2008.04.22 12:45:14.914,1.6443,1.6445,0.60,0.80
2008.04.22 12:45:15.224,1.6443,1.6445,0.60,0.80
2008.04.22 12:45:15.534,1.6443,1.6445,1.20,0.40
2008.04.22 12:45:15.699,1.6443,1.6445,1.20,0.40
2008.04.22 12:45:15.863,1.6443,1.6445,0.60,0.60
2008.04.22 12:45:16.028,1.6443,1.6445,0.60,0.80
2008.04.22 12:45:16.193,1.6443,1.6445,0.60,0.80
2008.04.22 12:45:16.385,1.6443,1.6445,0.60,0.80
2008.04.22 12:45:16.699,1.6443,1.6445,0.60,0.80
2008.04.22 12:45:17.014,1.6443,1.6445,0.60,0.80
2008.04.22 12:45:17.404,1.6443,1.6445,0.60,0.80
2008.04.22 12:45:17.619,1.6443,1.6445,0.60,0.80
2008.04.22 12:45:17.765,1.6443,1.6445,0.60,0.80
2008.04.22 12:45:17.924,1.6443,1.6445,0.60,0.80
2008.04.22 12:45:18.079,1.6443,1.6445,0.60,0.80
2008.04.22 12:45:18.235,1.6443,1.6445,0.40,0.80
2008.04.22 12:45:18.441,1.6443,1.6445,0.40,0.80
2008.04.22 12:45:18.749,1.6442,1.6444,1.20,0.60
2008.04.22 12:45:19.071,1.6442,1.6444,0.60,0.60
2008.04.22 12:45:19.376,1.6442,1.6444,0.40,0.60
2008.04.22 12:45:19.594,1.6442,1.6444,0.40,0.60
2008.04.22 12:45:19.815,1.6442,1.6444,0.90,0.30
2008.04.22 12:45:20.035,1.6442,1.6444,1.60,0.60
2008.04.22 12:45:20.254,1.6442,1.6444,0.40,0.60
2008.04.22 12:45:20.475,1.6442,1.6444,0.40,0.60
2008.04.22 12:45:20.700,1.6442,1.6444,0.40,0.60
2008.04.22 12:45:20.924,1.6442,1.6444,0.40,0.60
2008.04.22 12:45:22.088,1.6442,1.6444,0.40,0.60
2008.04.22 12:45:22.391,1.6442,1.6444,0.40,0.60
2008.04.22 12:45:22.598,1.6442,1.6444,0.40,0.60
2008.04.22 12:45:24.357,1.6442,1.6444,0.90,0.30
2008.04.22 12:45:24.532,1.6442,1.6444,0.90,0.30
2008.04.22 12:45:24.698,1.64425,1.64445,0.40,0.30
2008.04.22 12:45:24.869,1.6442,1.64445,1.20,0.30
2008.04.22 12:45:25.088,1.6442,1.64445,1.20,0.60
2008.04.22 12:45:25.259,1.6442,1.64445,1.20,0.60
2008.04.22 12:45:25.432,1.6442,1.6444,1.20,0.30
2008.04.22 12:45:25.631,1.64425,1.6444,0.40,0.30
2008.04.22 12:45:25.800,1.64425,1.6444,0.40,0.30
2008.04.22 12:45:26.040,1.64425,1.6444,0.40,0.30
2008.04.22 12:45:26.298,1.64425,1.6444,0.90,0.30
2008.04.22 12:45:26.522,1.64425,1.6444,0.60,0.30
2008.04.22 12:45:26.762,1.64425,1.6444,0.90,0.30
2008.04.22 12:45:27.021,1.64425,1.6445,0.90,0.80
2008.04.22 12:45:27.280,1.64425,1.6445,0.90,0.80
2008.04.22 12:45:27.690,1.64425,1.6445,0.90,0.80
2008.04.22 12:45:27.894,1.64425,1.6443,0.40,1.60
2008.04.22 12:45:28.404,1.64425,1.6443,0.40,1.60
2008.04.22 12:45:28.598,1.64425,1.6443,0.40,1.60
2008.04.22 12:45:28.793,1.6443,1.6445,0.40,0.80
2008.04.22 12:45:28.949,1.6443,1.64445,0.40,0.30
2008.04.22 12:45:29.106,1.6442,1.64445,1.20,0.30
2008.04.22 12:45:29.262,1.6442,1.6444,1.20,0.60
2008.04.22 12:45:29.418,1.64425,1.6444,0.40,0.60
2008.04.22 12:45:29.573,1.64425,1.6444,0.40,0.60
2008.04.22 12:45:29.728,1.64425,1.6444,0.40,0.30
2008.04.22 12:45:29.974,1.6443,1.6444,0.40,0.60
2008.04.22 12:45:30.219,1.64425,1.6444,0.40,0.60
2008.04.22 12:45:30.464,1.6442,1.6444,1.90,0.60
2008.04.22 12:45:30.710,1.64425,1.6444,0.40,0.60
2008.04.22 12:45:30.954,1.64425,1.6444,0.40,0.60
2008.04.22 12:45:31.124,1.64425,1.6444,0.40,0.60
2008.04.22 12:45:31.682,1.64425,1.6444,0.40,0.60
2008.04.22 12:45:32.265,1.64425,1.6444,0.40,0.60
2008.04.22 12:45:32.395,1.64425,1.6444,0.40,0.60
2008.04.22 12:45:32.524,1.64425,1.6444,0.40,0.60
2008.04.22 12:45:32.654,1.64425,1.6444,0.40,0.60
2008.04.22 12:45:32.784,1.64425,1.6444,0.40,0.60
2008.04.22 12:45:32.915,1.6442,1.6444,0.60,0.60
2008.04.22 12:45:33.101,1.6442,1.64435,0.60,0.30
2008.04.22 12:45:33.287,1.6442,1.64435,0.60,0.30
2008.04.22 12:45:33.472,1.6442,1.64435,0.60,0.30
2008.04.22 12:45:33.660,1.6442,1.64435,0.60,0.30
2008.04.22 12:45:33.861,1.6442,1.64435,0.60,0.30
2008.04.22 12:45:34.047,1.6442,1.6444,0.60,0.60
2008.04.22 12:45:34.360,1.6442,1.6444,0.60,0.60
2008.04.22 12:45:34.669,1.6442,1.64435,0.60,0.30
2008.04.22 12:45:34.981,1.6442,1.64435,0.60,0.30
2008.04.22 12:45:36.342,1.6442,1.64435,0.60,0.30
2008.04.22 12:45:36.711,1.6442,1.64435,0.60,0.30
2008.04.22 12:45:36.867,1.6442,1.64435,0.60,0.30
2008.04.22 12:45:37.629,1.6442,1.64435,0.60,0.30
2008.04.22 12:45:37.779,1.6442,1.64435,0.60,0.30
2008.04.22 12:45:37.921,1.6442,1.64435,0.60,0.30
2008.04.22 12:45:38.060,1.6442,1.64435,0.60,0.30
2008.04.22 12:45:38.237,1.6442,1.64435,0.60,0.30
2008.04.22 12:45:40.301,1.6442,1.64435,0.60,0.30
2008.04.22 12:45:40.625,1.6442,1.64435,0.60,0.30
2008.04.22 12:45:40.745,1.6442,1.64435,0.40,0.30
2008.04.22 12:45:40.866,1.6442,1.64435,0.40,0.30
2008.04.22 12:45:40.986,1.6442,1.64435,0.40,0.30
2008.04.22 12:45:41.105,1.6442,1.64435,0.40,0.30
2008.04.22 12:45:41.225,1.64415,1.64425,0.40,0.30
2008.04.22 12:45:41.454,1.6441,1.64425,0.40,0.30
2008.04.22 12:45:41.674,1.6441,1.6443,0.60,0.60
2008.04.22 12:45:41.893,1.64415,1.64425,0.40,0.30
2008.04.22 12:45:42.113,1.64415,1.64425,0.40,0.30
2008.04.22 12:45:42.333,1.64415,1.64425,0.40,0.30
2008.04.22 12:45:44.066,1.64415,1.64425,0.40,0.30
2008.04.22 12:45:44.179,1.64415,1.64425,0.40,0.30
2008.04.22 12:45:44.294,1.64415,1.64425,0.40,0.30
2008.04.22 12:45:44.469,1.64415,1.6443,0.40,0.60
2008.04.22 12:45:44.648,1.64415,1.6443,0.40,0.60
2008.04.22 12:45:44.824,1.64415,1.6443,0.40,0.60
2008.04.22 12:45:44.999,1.64415,1.64435,0.40,0.30
2008.04.22 12:45:45.175,1.64415,1.64435,0.40,0.30
2008.04.22 12:45:45.350,1.6442,1.64435,0.60,0.30
2008.04.22 12:45:45.536,1.6442,1.6444,0.60,0.60
2008.04.22 12:45:45.722,1.6442,1.64435,0.60,0.30
2008.04.22 12:45:45.907,1.6442,1.64435,0.60,0.30
2008.04.22 12:45:46.093,1.6442,1.64435,0.40,0.30
2008.04.22 12:45:46.277,1.64415,1.64435,0.40,0.30
2008.04.22 12:45:46.461,1.64415,1.64435,0.40,0.30
2008.04.22 12:45:46.689,1.64415,1.64435,0.40,0.30
2008.04.22 12:45:47.621,1.64415,1.64435,0.40,0.30
2008.04.22 12:45:48.709,1.64415,1.64435,0.40,0.30
2008.04.22 12:45:48.814,1.64415,1.64435,0.40,0.30
2008.04.22 12:45:49.153,1.64415,1.64435,0.40,0.30
2008.04.22 12:45:49.396,1.64415,1.64435,0.40,0.30
2008.04.22 12:45:52.871,1.64415,1.64435,0.40,0.30
2008.04.22 12:45:53.846,1.64415,1.64435,0.40,0.30
2008.04.22 12:45:53.995,1.64415,1.64435,0.40,0.30
2008.04.22 12:45:54.145,1.64415,1.6443,0.40,0.30
2008.04.22 12:45:54.294,1.64415,1.6443,0.40,0.30
2008.04.22 12:45:55.123,1.64415,1.6443,0.40,0.30
2008.04.22 12:45:55.423,1.64415,1.6443,0.40,0.30
2008.04.22 12:45:55.636,1.64415,1.6443,0.40,0.30
2008.04.22 12:45:56.620,1.64415,1.6443,0.40,0.30
2008.04.22 12:45:56.761,1.64415,1.6443,0.40,0.60
2008.04.22 12:45:56.902,1.64415,1.6443,0.40,0.60
2008.04.22 12:45:57.092,1.64415,1.6443,0.40,0.60
2008.04.22 12:45:57.259,1.6441,1.6443,0.90,0.60
2008.04.22 12:45:57.418,1.6441,1.6443,2.20,0.60
2008.04.22 12:45:57.615,1.6441,1.6443,2.20,0.60
2008.04.22 12:45:57.775,1.6441,1.6443,1.60,0.60
2008.04.22 12:45:57.934,1.6441,1.6443,1.90,0.60
2008.04.22 12:45:58.095,1.6441,1.6443,2.50,0.60
2008.04.22 12:45:58.436,1.6441,1.6443,2.50,0.60
2008.04.22 12:45:58.773,1.6441,1.6443,2.50,0.60
2008.04.22 12:45:59.108,1.6441,1.6443,2.50,0.60
2008.04.22 12:46:00.199,1.6441,1.6443,2.50,0.60
2008.04.22 12:46:00.403,1.6441,1.6443,2.50,0.60
2008.04.22 12:46:00.626,1.6441,1.6443,2.50,0.60
2008.04.22 12:46:00.923,1.6441,1.6443,2.50,0.60
2008.04.22 12:46:01.130,1.6441,1.6443,2.50,0.60
2008.04.22 12:46:02.689,1.6441,1.6443,2.50,0.60
2008.04.22 12:46:02.854,1.6441,1.6443,2.50,0.60
2008.04.22 12:46:03.018,1.6441,1.6443,2.50,0.60
2008.04.22 12:46:03.183,1.6442,1.6443,0.40,0.30
2008.04.22 12:46:03.387,1.6442,1.64435,0.40,0.30
2008.04.22 12:46:03.592,1.6442,1.64435,0.40,0.30
2008.04.22 12:46:03.796,1.6442,1.64435,0.60,0.30
2008.04.22 12:46:04.000,1.6442,1.64435,0.60,0.30
2008.04.22 12:46:04.206,1.6442,1.64435,0.60,0.30
2008.04.22 12:46:04.436,1.6442,1.64435,0.60,0.30
2008.04.22 12:46:04.666,1.6442,1.64435,0.60,0.30
2008.04.22 12:46:05.186,1.6442,1.64435,0.60,0.30
2008.04.22 12:46:05.345,1.6442,1.64435,0.40,0.30
2008.04.22 12:46:05.610,1.6442,1.64435,0.40,0.30
2008.04.22 12:46:05.769,1.6442,1.64435,0.60,0.30
2008.04.22 12:46:05.929,1.6442,1.64435,0.60,0.30
2008.04.22 12:46:06.089,1.6442,1.6444,0.60,0.30
2008.04.22 12:46:06.249,1.6442,1.6444,0.60,0.30
2008.04.22 12:46:06.519,1.6442,1.6444,0.60,0.30
2008.04.22 12:46:06.933,1.6442,1.6444,0.60,0.30
2008.04.22 12:46:07.202,1.6442,1.6444,0.60,0.30
2008.04.22 12:46:07.691,1.6442,1.6444,0.60,0.30
2008.04.22 12:46:07.894,1.6442,1.6444,0.60,0.30
2008.04.22 12:46:08.101,1.64425,1.64445,0.40,0.30
2008.04.22 12:46:08.307,1.64425,1.64445,0.40,0.30
2008.04.22 12:46:08.462,1.64425,1.64445,0.40,0.30
2008.04.22 12:46:08.642,1.64425,1.64445,0.40,0.30
2008.04.22 12:46:08.857,1.64425,1.64445,0.40,0.30
2008.04.22 12:46:09.156,1.64425,1.64445,0.40,0.30
2008.04.22 12:46:09.320,1.6442,1.6444,2.20,0.60
2008.04.22 12:46:09.491,1.6442,1.6444,0.40,0.60
2008.04.22 12:46:09.663,1.64425,1.6444,0.40,0.30
2008.04.22 12:46:09.831,1.64425,1.64445,0.40,0.30
2008.04.22 12:46:10.001,1.64425,1.6444,0.40,0.30
2008.04.22 12:46:10.183,1.64425,1.6444,0.40,0.30
2008.04.22 12:46:10.354,1.64425,1.6444,0.40,0.30
2008.04.22 12:46:10.680,1.6443,1.64445,0.40,0.30
2008.04.22 12:46:10.995,1.6443,1.64445,0.40,0.30
2008.04.22 12:46:11.310,1.6443,1.64445,0.40,0.30
2008.04.22 12:46:11.686,1.6443,1.64445,0.40,0.30
2008.04.22 12:46:11.886,1.6443,1.64445,0.40,0.30
2008.04.22 12:46:12.100,1.6443,1.64445,0.40,0.30
2008.04.22 12:46:12.370,1.6443,1.6444,0.40,0.30
2008.04.22 12:46:12.525,1.6443,1.6444,0.40,0.30
2008.04.22 12:46:12.695,1.64425,1.6444,0.40,0.60
2008.04.22 12:46:12.851,1.6442,1.6444,0.60,0.60
2008.04.22 12:46:13.006,1.6442,1.6444,0.60,0.60
2008.04.22 12:46:13.160,1.6442,1.6444,0.60,0.60
2008.04.22 12:46:13.314,1.6442,1.6444,0.40,0.60
2008.04.22 12:46:13.471,1.6442,1.64435,0.40,0.30
2008.04.22 12:46:13.807,1.6443,1.6444,0.40,0.40
2008.04.22 12:46:14.143,1.6442,1.6444,3.60,0.30
2008.04.22 12:46:14.479,1.6442,1.6444,0.40,0.30
2008.04.22 12:46:14.678,1.6442,1.6444,0.40,0.30
2008.04.22 12:46:15.344,1.6442,1.6444,0.40,0.30
2008.04.22 12:46:15.978,1.6442,1.6444,0.40,0.60
2008.04.22 12:46:16.146,1.6442,1.6444,0.40,0.60
2008.04.22 12:46:16.296,1.64425,1.6444,0.40,0.60
2008.04.22 12:46:16.458,1.64425,1.6444,0.40,0.30
2008.04.22 12:46:16.618,1.64425,1.64445,0.40,0.30
2008.04.22 12:46:16.839,1.64425,1.64445,0.40,0.30
2008.04.22 12:46:17.630,1.64425,1.64445,0.40,0.30
2008.04.22 12:46:17.789,1.64425,1.64445,0.40,0.30
2008.04.22 12:46:17.951,1.64425,1.64445,0.40,0.30
2008.04.22 12:46:18.130,1.64425,1.64445,0.40,0.30
2008.04.22 12:46:18.311,1.64425,1.64445,0.40,0.30
2008.04.22 12:46:18.565,1.64425,1.64445,0.40,0.30
2008.04.22 12:46:19.160,1.64425,1.64445,0.40,0.30
2008.04.22 12:46:19.850,1.64425,1.6445,0.90,0.60
2008.04.22 12:46:19.975,1.6443,1.6445,0.60,0.60
2008.04.22 12:46:20.116,1.6443,1.6445,0.60,0.60
2008.04.22 12:46:20.225,1.6443,1.6445,0.60,0.80
2008.04.22 12:46:20.349,1.6443,1.6445,0.60,0.60
2008.04.22 12:46:20.482,1.6443,1.6445,0.60,0.60
2008.04.22 12:46:21.646,1.6443,1.6445,0.60,0.60
2008.04.22 12:46:23.594,1.6443,1.6445,0.60,0.60
2008.04.22 12:46:23.710,1.6443,1.6445,0.60,0.60
2008.04.22 12:46:25.452,1.6443,1.64445,0.60,0.30
2008.04.22 12:46:25.574,1.6443,1.64445,0.60,0.30
2008.04.22 12:46:25.699,1.6443,1.64445,0.60,0.30
2008.04.22 12:46:26.273,1.6443,1.64445,0.60,0.30
2008.04.22 12:46:26.891,1.6443,1.64445,0.60,0.30
2008.04.22 12:46:27.041,1.6443,1.64445,0.60,0.30
2008.04.22 12:46:27.166,1.6443,1.64445,0.60,0.30
2008.04.22 12:46:27.435,1.6443,1.64445,0.60,0.30
2008.04.22 12:46:27.561,1.6443,1.64445,0.60,0.30
2008.04.22 12:46:27.686,1.6443,1.64445,0.60,0.30
2008.04.22 12:46:27.811,1.6443,1.64445,0.60,0.30
2008.04.22 12:46:28.660,1.6443,1.6445,0.60,0.60
2008.04.22 12:46:29.001,1.6443,1.6445,0.60,0.60
2008.04.22 12:46:29.193,1.6443,1.6445,0.60,0.60
2008.04.22 12:46:29.930,1.6443,1.6445,0.60,0.60
2008.04.22 12:46:30.034,1.6443,1.6445,0.60,0.60
2008.04.22 12:46:30.369,1.6443,1.6445,0.60,0.30
2008.04.22 12:46:30.773,1.6443,1.6445,0.60,0.30
2008.04.22 12:46:31.933,1.6443,1.6445,0.60,0.60
2008.04.22 12:46:32.091,1.6443,1.6445,0.60,0.60
2008.04.22 12:46:32.336,1.6443,1.6445,0.60,0.60
2008.04.22 12:46:33.343,1.6443,1.6445,0.60,0.60
2008.04.22 12:46:35.180,1.6443,1.64445,0.60,0.30
2008.04.22 12:46:35.365,1.6443,1.64445,0.60,0.30
2008.04.22 12:46:35.548,1.6443,1.64445,0.60,0.30
2008.04.22 12:46:35.733,1.6443,1.64445,0.60,0.30
2008.04.22 12:46:36.767,1.6443,1.64445,0.60,0.30
2008.04.22 12:46:37.062,1.6443,1.64445,0.60,0.30
2008.04.22 12:46:37.919,1.6443,1.64445,0.60,0.30
2008.04.22 12:46:38.934,1.6443,1.64445,0.60,0.30
2008.04.22 12:46:39.089,1.6443,1.64445,0.60,0.30
2008.04.22 12:46:39.173,1.6443,1.64445,0.60,0.30
2008.04.22 12:46:39.248,1.6443,1.64445,0.60,0.30
2008.04.22 12:46:39.324,1.6443,1.64445,0.40,0.30
2008.04.22 12:46:39.470,1.6443,1.64445,0.40,0.30
2008.04.22 12:46:39.971,1.6443,1.64445,0.40,0.30
2008.04.22 12:46:40.116,1.6443,1.64445,0.40,0.30
2008.04.22 12:46:40.250,1.6443,1.64445,0.40,0.30
2008.04.22 12:46:40.387,1.6443,1.64445,0.40,0.30
2008.04.22 12:46:40.599,1.6443,1.64445,0.60,0.30
2008.04.22 12:46:40.804,1.6443,1.64445,0.60,0.30
2008.04.22 12:46:41.927,1.6443,1.64445,0.60,0.30
2008.04.22 12:46:42.050,1.6443,1.64445,0.60,0.30
2008.04.22 12:46:42.175,1.6443,1.64445,0.60,0.30
2008.04.22 12:46:42.361,1.6443,1.64445,0.60,0.30
2008.04.22 12:46:42.556,1.6443,1.64445,0.60,0.30
2008.04.22 12:46:43.002,1.6443,1.64445,0.60,0.30
2008.04.22 12:46:43.610,1.6443,1.64445,0.60,0.30
2008.04.22 12:46:43.920,1.6443,1.64445,0.60,0.30
2008.04.22 12:46:44.118,1.6443,1.64445,0.60,0.30
2008.04.22 12:46:44.258,1.6443,1.64445,0.60,0.30
2008.04.22 12:46:44.398,1.6443,1.64445,0.40,0.30
2008.04.22 12:46:44.537,1.6443,1.6444,0.40,0.30
2008.04.22 12:46:44.677,1.6443,1.6444,0.40,0.30
2008.04.22 12:46:44.958,1.6443,1.6444,0.40,0.30
2008.04.22 12:46:45.237,1.6443,1.6444,0.40,0.30
2008.04.22 12:46:45.517,1.6443,1.6444,0.40,0.30
2008.04.22 12:46:45.797,1.6443,1.6444,0.40,0.30
2008.04.22 12:46:45.997,1.6443,1.6444,0.40,0.30
2008.04.22 12:46:46.421,1.6443,1.6444,0.40,0.30
2008.04.22 12:46:46.621,1.6443,1.64445,0.40,0.30
2008.04.22 12:46:46.821,1.6443,1.64445,0.40,0.30
2008.04.22 12:46:47.031,1.64425,1.6444,0.40,0.60
2008.04.22 12:46:47.241,1.64425,1.6444,0.40,0.60
2008.04.22 12:46:47.454,1.64425,1.6444,0.40,0.60
2008.04.22 12:46:47.663,1.64425,1.6444,0.40,0.60
2008.04.22 12:46:47.871,1.64425,1.6444,0.40,0.60
2008.04.22 12:46:48.086,1.64425,1.6444,0.40,0.60
2008.04.22 12:46:48.388,1.64425,1.6444,0.40,0.60
2008.04.22 12:46:49.409,1.64425,1.6444,0.40,0.60
2008.04.22 12:46:49.600,1.64425,1.6444,0.40,0.60
2008.04.22 12:46:49.702,1.64425,1.6444,0.40,0.60
2008.04.22 12:46:49.800,1.64425,1.6444,0.40,0.60
2008.04.22 12:46:49.925,1.64425,1.6444,0.40,0.60
2008.04.22 12:46:50.124,1.64425,1.6444,0.40,0.60
2008.04.22 12:46:50.446,1.64425,1.6444,0.40,0.60
2008.04.22 12:46:50.646,1.64425,1.6444,0.40,0.60
2008.04.22 12:46:50.823,1.64425,1.6444,0.40,0.60
2008.04.22 12:46:51.002,1.64425,1.6444,0.40,0.60
2008.04.22 12:46:51.168,1.64425,1.6444,0.40,0.60
2008.04.22 12:46:52.622,1.64425,1.64435,0.40,0.30
2008.04.22 12:46:52.817,1.64425,1.64435,0.40,0.30
2008.04.22 12:46:52.930,1.64425,1.64435,0.40,0.30
2008.04.22 12:46:53.133,1.64425,1.64435,0.40,0.30
2008.04.22 12:46:53.361,1.6442,1.64435,0.60,0.30
2008.04.22 12:46:53.592,1.6442,1.64435,0.40,0.30
2008.04.22 12:46:53.792,1.6442,1.64435,0.40,0.30
2008.04.22 12:46:54.370,1.6442,1.64435,0.40,0.30
2008.04.22 12:46:55.089,1.6442,1.64435,0.40,0.30
2008.04.22 12:46:55.324,1.6442,1.64435,0.40,0.30
2008.04.22 12:46:55.437,1.6442,1.64435,0.60,0.30
2008.04.22 12:46:55.621,1.6442,1.6444,0.60,0.60
2008.04.22 12:46:55.731,1.6442,1.6444,0.60,0.60
2008.04.22 12:46:56.639,1.6442,1.6444,0.60,0.60
2008.04.22 12:46:56.778,1.64425,1.6444,0.40,0.60
2008.04.22 12:46:56.925,1.64425,1.6444,0.40,0.60
2008.04.22 12:46:57.059,1.64425,1.6444,0.40,0.60
2008.04.22 12:46:57.205,1.64425,1.6444,0.40,0.60
2008.04.22 12:46:58.122,1.64425,1.6444,0.40,0.60
2008.04.22 12:46:58.455,1.64425,1.64435,0.40,0.30
2008.04.22 12:46:58.791,1.6442,1.64435,0.40,0.30
2008.04.22 12:46:58.915,1.6442,1.64435,0.40,0.30
2008.04.22 12:46:59.160,1.6442,1.64435,0.40,0.30
2008.04.22 12:46:59.376,1.6442,1.64435,0.40,0.30
2008.04.22 12:46:59.691,1.6442,1.64435,0.40,0.30
2008.04.22 12:46:59.951,1.6442,1.64435,0.40,0.30
2008.04.22 12:47:00.917,1.6442,1.64435,0.40,0.30
2008.04.22 12:47:01.047,1.6442,1.64435,0.40,0.30
2008.04.22 12:47:01.177,1.6442,1.64435,0.40,0.30
2008.04.22 12:47:01.648,1.6442,1.64435,0.40,0.30
2008.04.22 12:47:01.777,1.6442,1.64435,0.60,0.30
2008.04.22 12:47:01.928,1.6442,1.64435,0.60,0.30
2008.04.22 12:47:02.150,1.6442,1.64435,0.60,0.30
2008.04.22 12:47:04.925,1.6442,1.64435,0.60,0.30
2008.04.22 12:47:05.852,1.6442,1.64435,0.60,0.30
2008.04.22 12:47:10.926,1.6442,1.64435,0.60,0.30
2008.04.22 12:47:11.144,1.6442,1.64435,0.60,0.30
2008.04.22 12:47:11.454,1.6442,1.64435,0.60,0.30
2008.04.22 12:47:12.110,1.6442,1.6444,0.60,0.60
2008.04.22 12:47:12.304,1.6442,1.6444,0.60,0.60
2008.04.22 12:47:12.410,1.6442,1.6444,0.60,0.60
2008.04.22 12:47:12.510,1.64425,1.6444,0.40,0.60
2008.04.22 12:47:12.609,1.64425,1.6444,0.40,0.60
2008.04.22 12:47:12.719,1.64425,1.6444,0.40,0.60
2008.04.22 12:47:12.809,1.64425,1.6444,0.40,0.60
2008.04.22 12:47:12.908,1.64425,1.6444,0.40,0.60
2008.04.22 12:47:13.051,1.64425,1.6444,0.40,0.60
2008.04.22 12:47:13.164,1.64425,1.6444,0.40,0.60
2008.04.22 12:47:13.252,1.64425,1.6444,0.40,0.60
2008.04.22 12:47:13.587,1.64425,1.64435,0.40,0.30
2008.04.22 12:47:13.922,1.6442,1.6444,0.60,0.80
2008.04.22 12:47:14.258,1.6442,1.6444,0.60,0.60
2008.04.22 12:47:14.611,1.6442,1.6444,0.60,0.60
2008.04.22 12:47:14.778,1.6442,1.64435,0.60,0.30
2008.04.22 12:47:14.951,1.6442,1.64435,0.60,0.30
2008.04.22 12:47:15.137,1.6442,1.64435,0.60,0.30
2008.04.22 12:47:15.302,1.6442,1.64435,0.40,0.30
2008.04.22 12:47:15.606,1.6442,1.64435,0.40,0.30
2008.04.22 12:47:15.911,1.64415,1.64435,0.40,0.30
2008.04.22 12:47:16.216,1.6442,1.64435,0.40,0.30
2008.04.22 12:47:16.522,1.6442,1.64435,0.40,0.30
2008.04.22 12:47:16.703,1.6442,1.64435,0.40,0.30
2008.04.22 12:47:17.452,1.64415,1.64435,0.40,0.30
2008.04.22 12:47:17.628,1.64415,1.64435,0.40,0.30
2008.04.22 12:47:17.804,1.6442,1.64435,0.40,0.30
2008.04.22 12:47:17.978,1.64415,1.64435,0.40,0.30
2008.04.22 12:47:18.154,1.64415,1.64435,0.40,0.30
2008.04.22 12:47:18.329,1.64415,1.64435,0.40,0.30
2008.04.22 12:47:18.556,1.6442,1.64435,0.40,0.30
2008.04.22 12:47:18.779,1.6442,1.64435,0.40,0.30
2008.04.22 12:47:19.004,1.6442,1.64435,0.40,0.30
2008.04.22 12:47:19.666,1.6442,1.64435,0.40,0.30
2008.04.22 12:47:19.881,1.6442,1.64435,0.40,0.30
2008.04.22 12:47:21.969,1.6442,1.64435,0.40,0.30
2008.04.22 12:47:22.131,1.6442,1.64435,0.40,0.30
2008.04.22 12:47:22.181,1.64415,1.64435,0.40,0.30
2008.04.22 12:47:22.232,1.64415,1.64435,0.40,0.30
2008.04.22 12:47:22.283,1.64415,1.64435,0.40,0.30
2008.04.22 12:47:22.389,1.64415,1.64435,0.40,0.30
2008.04.22 12:47:22.458,1.64415,1.64435,0.40,0.30
2008.04.22 12:47:22.655,1.6442,1.64435,0.40,0.30
2008.04.22 12:47:22.848,1.6442,1.64435,0.40,0.30
2008.04.22 12:47:23.043,1.6442,1.64435,0.40,0.30
2008.04.22 12:47:23.237,1.6442,1.64435,0.60,0.30
2008.04.22 12:47:24.199,1.6442,1.64435,0.60,0.30
2008.04.22 12:47:24.363,1.6442,1.64435,0.40,0.30
2008.04.22 12:47:24.529,1.6442,1.64435,0.40,0.30
2008.04.22 12:47:24.654,1.6442,1.64435,0.40,0.30
2008.04.22 12:47:24.778,1.64415,1.64435,0.40,0.30
2008.04.22 12:47:25.108,1.64415,1.64435,0.40,0.30
2008.04.22 12:47:25.491,1.64415,1.64435,0.40,0.30
2008.04.22 12:47:25.625,1.64415,1.64435,0.40,0.30
2008.04.22 12:47:25.760,1.64415,1.64435,0.40,0.30
2008.04.22 12:47:25.896,1.64415,1.64435,0.40,0.30
2008.04.22 12:47:27.526,1.64415,1.64435,0.40,0.30
2008.04.22 12:47:27.606,1.64415,1.64435,0.40,0.30
2008.04.22 12:47:28.151,1.64415,1.64435,0.40,0.30
2008.04.22 12:47:28.454,1.64415,1.64435,0.40,0.30
2008.04.22 12:47:28.652,1.64415,1.64435,0.40,0.30
2008.04.22 12:47:28.857,1.64415,1.64435,0.40,0.30
2008.04.22 12:47:29.551,1.64415,1.64435,0.40,0.30
2008.04.22 12:47:29.676,1.64415,1.64435,0.40,0.30
2008.04.22 12:47:29.785,1.64415,1.64435,0.40,0.30
2008.04.22 12:47:29.894,1.64415,1.64435,0.40,0.30
2008.04.22 12:47:30.098,1.64415,1.64435,0.40,0.30
2008.04.22 12:47:30.253,1.64415,1.64435,0.40,0.30
2008.04.22 12:47:30.390,1.64415,1.64435,0.90,0.30
2008.04.22 12:47:30.503,1.64415,1.64435,0.90,0.30
2008.04.22 12:47:30.613,1.6442,1.64435,0.40,0.30
2008.04.22 12:47:30.720,1.6442,1.64435,0.40,0.30
2008.04.22 12:47:30.923,1.6442,1.64435,0.40,0.30
2008.04.22 12:47:31.233,1.6442,1.64435,0.40,0.30
2008.04.22 12:47:31.543,1.6442,1.64435,0.40,0.30
2008.04.22 12:47:32.098,1.6442,1.64435,0.40,0.30
2008.04.22 12:47:32.924,1.6442,1.64435,0.40,0.30
2008.04.22 12:47:33.433,1.6442,1.64435,0.40,0.30
2008.04.22 12:47:33.856,1.6442,1.64435,0.40,0.30
2008.04.22 12:47:34.167,1.6442,1.64435,0.40,0.30
2008.04.22 12:47:36.606,1.6442,1.64435,0.40,0.30
2008.04.22 12:47:39.448,1.6442,1.64435,0.40,0.30
2008.04.22 12:47:39.646,1.6442,1.64435,0.40,0.30
2008.04.22 12:47:39.807,1.6442,1.64435,0.40,0.30
2008.04.22 12:47:40.869,1.6442,1.6444,0.40,0.60
2008.04.22 12:47:41.034,1.6442,1.6444,0.60,0.60
2008.04.22 12:47:41.173,1.6442,1.6444,0.60,0.60
2008.04.22 12:47:41.306,1.6442,1.6444,0.60,0.60
2008.04.22 12:47:41.431,1.6442,1.6444,0.60,0.60
2008.04.22 12:47:42.421,1.6442,1.6444,0.60,0.60
2008.04.22 12:47:42.556,1.6442,1.6444,0.60,0.60
2008.04.22 12:47:42.692,1.6442,1.64435,0.60,0.30
2008.04.22 12:47:42.826,1.6442,1.64435,0.60,0.30
2008.04.22 12:47:42.959,1.6442,1.64435,0.60,0.30
2008.04.22 12:47:43.094,1.6442,1.64435,0.60,0.30
2008.04.22 12:47:43.228,1.6442,1.6444,0.60,0.60
2008.04.22 12:47:43.444,1.6442,1.6444,0.60,0.60
2008.04.22 12:47:44.111,1.6442,1.6444,0.60,0.60
2008.04.22 12:47:44.413,1.6442,1.6444,0.60,0.60
2008.04.22 12:47:45.428,1.6442,1.6444,1.20,0.60
2008.04.22 12:47:45.596,1.6442,1.6444,1.20,0.60
2008.04.22 12:47:45.661,1.6442,1.6444,1.20,0.60
2008.04.22 12:47:45.829,1.6442,1.6444,1.20,0.60
2008.04.22 12:47:45.878,1.6442,1.6444,1.20,0.60
2008.04.22 12:47:46.080,1.6442,1.6444,1.20,0.60
2008.04.22 12:47:46.198,1.6442,1.6444,1.20,0.60
2008.04.22 12:47:46.266,1.64425,1.6444,0.40,0.60
2008.04.22 12:47:46.399,1.64425,1.6444,0.40,0.60
2008.04.22 12:47:46.475,1.64425,1.6444,0.40,0.30
2008.04.22 12:47:46.817,1.6443,1.64445,0.40,0.30
2008.04.22 12:47:47.154,1.6442,1.6444,1.90,0.60
2008.04.22 12:47:47.491,1.6443,1.6444,0.40,0.30
2008.04.22 12:47:47.695,1.6443,1.6444,0.40,0.30
2008.04.22 12:47:47.880,1.6442,1.6444,1.90,0.60
2008.04.22 12:47:48.073,1.6442,1.6444,0.60,0.60
2008.04.22 12:47:48.267,1.6442,1.6444,0.60,0.60
2008.04.22 12:47:48.461,1.6442,1.6444,0.60,0.60
2008.04.22 12:47:49.907,1.6442,1.6444,0.60,0.60
2008.04.22 12:47:51.365,1.6442,1.6444,0.60,0.60
2008.04.22 12:47:51.950,1.6442,1.6444,0.60,0.60
2008.04.22 12:47:52.409,1.6442,1.6444,0.60,0.60
2008.04.22 12:47:52.915,1.6443,1.6444,0.40,0.30
2008.04.22 12:47:53.106,1.6443,1.6444,0.40,0.30
2008.04.22 12:47:53.297,1.6443,1.6444,0.40,0.30
2008.04.22 12:47:53.486,1.6443,1.6444,0.40,0.30
2008.04.22 12:47:53.676,1.6443,1.6444,0.40,0.30
2008.04.22 12:47:55.574,1.6443,1.6444,0.40,0.30
2008.04.22 12:47:55.729,1.6443,1.6444,0.40,0.30
2008.04.22 12:47:56.274,1.6443,1.6444,0.40,0.30
2008.04.22 12:47:56.415,1.6443,1.64445,0.40,0.30
2008.04.22 12:47:56.461,1.6443,1.64445,0.40,0.30
2008.04.22 12:47:56.492,1.6443,1.64445,0.40,0.30
2008.04.22 12:47:56.525,1.6443,1.64445,0.40,0.30
2008.04.22 12:47:56.571,1.6443,1.64445,0.40,0.30
2008.04.22 12:47:56.643,1.6443,1.64445,0.40,0.30
2008.04.22 12:47:56.687,1.6443,1.64445,0.40,0.30
2008.04.22 12:47:57.382,1.6443,1.64445,0.40,0.30
2008.04.22 12:47:59.813,1.6443,1.64445,0.40,0.30
2008.04.22 12:48:02.117,1.6443,1.64445,0.60,0.30
2008.04.22 12:48:02.322,1.6443,1.64445,0.60,0.30
2008.04.22 12:48:02.669,1.6443,1.64445,0.60,0.30
2008.04.22 12:48:02.890,1.6443,1.64445,0.60,0.30
2008.04.22 12:48:03.160,1.6443,1.64445,0.60,0.30
2008.04.22 12:48:03.354,1.6443,1.64445,0.60,0.30
2008.04.22 12:48:03.620,1.6443,1.64445,0.60,0.30
2008.04.22 12:48:05.723,1.6443,1.64445,0.60,0.30
2008.04.22 12:48:05.933,1.6443,1.64445,0.60,0.30
2008.04.22 12:48:06.602,1.6443,1.64445,0.60,0.30
2008.04.22 12:48:07.514,1.6443,1.64445,0.60,0.30
2008.04.22 12:48:07.721,1.64435,1.6445,0.40,0.60
2008.04.22 12:48:07.930,1.64435,1.6445,0.40,0.30
2008.04.22 12:48:08.134,1.64425,1.64445,0.40,0.30
2008.04.22 12:48:08.359,1.64425,1.64445,0.90,0.30
2008.04.22 12:48:08.585,1.6443,1.64445,0.40,0.30
2008.04.22 12:48:08.810,1.6443,1.64445,0.40,0.30
2008.04.22 12:48:09.034,1.6443,1.64445,0.40,0.30
2008.04.22 12:48:09.258,1.6443,1.64445,0.40,0.30
2008.04.22 12:48:10.125,1.6443,1.64445,0.40,0.30
2008.04.22 12:48:12.121,1.6443,1.64445,0.40,0.30
2008.04.22 12:48:12.421,1.6443,1.64445,0.40,0.30
2008.04.22 12:48:12.927,1.6443,1.64445,0.40,0.30
2008.04.22 12:48:15.112,1.6443,1.64445,0.40,0.30
2008.04.22 12:48:15.183,1.6443,1.64445,0.40,0.30
2008.04.22 12:48:15.421,1.6443,1.64445,0.40,0.30
2008.04.22 12:48:15.723,1.6443,1.64445,0.40,0.30
2008.04.22 12:48:16.024,1.6443,1.64445,0.40,0.30
2008.04.22 12:48:16.886,1.6443,1.64445,0.40,0.30
2008.04.22 12:48:20.640,1.6443,1.64445,0.40,0.30
2008.04.22 12:48:20.707,1.6443,1.6444,0.40,0.30
2008.04.22 12:48:20.772,1.64425,1.6444,0.40,0.60
2008.04.22 12:48:20.851,1.64425,1.6444,0.40,0.60
2008.04.22 12:48:20.916,1.64425,1.6444,0.40,0.60
2008.04.22 12:48:20.982,1.6443,1.6444,0.40,0.30
2008.04.22 12:48:21.087,1.6443,1.6444,0.40,0.30
2008.04.22 12:48:21.158,1.6443,1.6444,0.40,0.30
2008.04.22 12:48:21.223,1.6443,1.6444,0.40,0.30
2008.04.22 12:48:21.303,1.6443,1.6444,0.40,0.30
2008.04.22 12:48:21.369,1.6443,1.6444,0.40,0.30
2008.04.22 12:48:21.433,1.6443,1.64445,0.40,0.30
2008.04.22 12:48:21.770,1.6443,1.64445,0.40,0.30
2008.04.22 12:48:22.105,1.6443,1.64445,0.40,0.30
2008.04.22 12:48:22.449,1.6443,1.64445,0.40,0.30
2008.04.22 12:48:23.125,1.6443,1.64445,0.40,0.30
2008.04.22 12:48:24.151,1.6443,1.64445,0.40,0.30
2008.04.22 12:48:24.666,1.6443,1.64445,0.40,0.30
2008.04.22 12:48:26.003,1.6443,1.64445,0.40,0.30
2008.04.22 12:48:26.895,1.6443,1.6444,0.40,0.30
2008.04.22 12:48:26.995,1.64425,1.6444,0.40,0.60
2008.04.22 12:48:27.094,1.64425,1.6444,0.40,0.60
2008.04.22 12:48:27.193,1.64425,1.6444,0.40,0.60
2008.04.22 12:48:27.410,1.64425,1.6444,0.40,0.60
2008.04.22 12:48:27.509,1.6442,1.6444,0.60,0.60
2008.04.22 12:48:27.609,1.6442,1.6444,0.60,0.60
2008.04.22 12:48:27.708,1.6442,1.6444,0.60,0.60
2008.04.22 12:48:27.822,1.6442,1.6444,0.60,0.60
2008.04.22 12:48:27.936,1.6442,1.6444,1.20,0.60
2008.04.22 12:48:28.052,1.64425,1.6444,0.40,0.60
2008.04.22 12:48:28.169,1.64425,1.6444,0.40,0.60
2008.04.22 12:48:28.376,1.64425,1.6444,0.40,0.60
2008.04.22 12:48:28.655,1.64425,1.6444,0.40,0.30
2008.04.22 12:48:28.809,1.64425,1.64445,0.40,0.30
2008.04.22 12:48:28.960,1.64425,1.64445,0.40,0.30
2008.04.22 12:48:29.109,1.64425,1.64445,0.40,0.30
2008.04.22 12:48:29.268,1.64425,1.64445,0.40,0.30
2008.04.22 12:48:29.418,1.64425,1.64445,0.40,0.30
2008.04.22 12:48:29.573,1.64425,1.6444,0.40,0.60
2008.04.22 12:48:29.723,1.64425,1.64445,0.90,0.30
2008.04.22 12:48:29.940,1.64425,1.64445,0.90,0.30
2008.04.22 12:48:30.154,1.64425,1.64445,0.40,0.30
2008.04.22 12:48:30.369,1.64425,1.64445,0.40,0.30
2008.04.22 12:48:30.806,1.64425,1.64445,0.40,0.30
2008.04.22 12:48:31.060,1.64425,1.64445,0.40,0.30
2008.04.22 12:48:31.315,1.64425,1.64445,0.40,0.30
2008.04.22 12:48:31.570,1.64425,1.64445,0.90,0.30
2008.04.22 12:48:31.826,1.6443,1.6445,0.40,0.60
2008.04.22 12:48:32.030,1.6443,1.6445,0.40,0.60
2008.04.22 12:48:32.430,1.6443,1.6445,0.40,0.60
2008.04.22 12:48:32.644,1.6443,1.6445,0.60,0.30
2008.04.22 12:48:32.874,1.6443,1.64445,0.60,0.30
2008.04.22 12:48:33.104,1.6443,1.6445,0.60,0.60
2008.04.22 12:48:33.333,1.6443,1.6445,0.60,0.60
2008.04.22 12:48:33.669,1.6443,1.6445,0.60,0.60
2008.04.22 12:48:33.953,1.6443,1.64445,0.60,0.30
2008.04.22 12:48:34.238,1.6443,1.64445,0.60,0.30
2008.04.22 12:48:34.523,1.6443,1.6445,0.60,0.60
2008.04.22 12:48:34.808,1.6443,1.6445,0.60,0.60
2008.04.22 12:48:35.008,1.6443,1.6445,0.60,0.60
2008.04.22 12:48:35.208,1.6443,1.6445,1.20,0.30
2008.04.22 12:48:35.407,1.6443,1.6445,1.20,0.30
2008.04.22 12:48:35.608,1.6443,1.6445,1.20,0.30
2008.04.22 12:48:35.808,1.6443,1.6445,1.20,0.30
2008.04.22 12:48:36.054,1.6443,1.6445,1.20,0.30
2008.04.22 12:48:36.272,1.6443,1.6445,1.20,0.30
2008.04.22 12:48:36.472,1.6443,1.6445,1.20,0.60
2008.04.22 12:48:36.681,1.6443,1.64445,0.60,0.30
2008.04.22 12:48:36.892,1.6443,1.6445,0.60,0.60
2008.04.22 12:48:37.193,1.6443,1.64445,0.60,0.30
2008.04.22 12:48:37.492,1.64425,1.6445,0.90,0.80
2008.04.22 12:48:37.791,1.64425,1.6445,0.90,0.80
2008.04.22 12:48:38.740,1.64425,1.6445,0.90,0.80
2008.04.22 12:48:38.855,1.64425,1.6444,0.40,0.30
2008.04.22 12:48:38.968,1.64425,1.6444,0.40,0.30
2008.04.22 12:48:39.083,1.64425,1.6444,0.40,0.30
2008.04.22 12:48:39.199,1.6443,1.6444,0.40,0.30
2008.04.22 12:48:39.314,1.6443,1.6445,0.60,0.80
2008.04.22 12:48:39.430,1.6443,1.6445,0.60,0.80
2008.04.22 12:48:39.545,1.6443,1.64445,0.40,0.30
2008.04.22 12:48:39.660,1.6443,1.64445,0.40,0.30
2008.04.22 12:48:39.774,1.6443,1.64445,0.40,0.30
2008.04.22 12:48:40.109,1.64425,1.6444,0.40,0.30
2008.04.22 12:48:40.443,1.64425,1.6444,0.40,0.30
2008.04.22 12:48:40.779,1.6442,1.6444,1.20,0.30
2008.04.22 12:48:40.974,1.6442,1.6444,1.20,0.30
2008.04.22 12:48:41.169,1.6442,1.6444,0.90,0.60
2008.04.22 12:48:41.382,1.6442,1.6444,0.90,0.60
2008.04.22 12:48:41.610,1.6442,1.6444,0.90,0.60
2008.04.22 12:48:41.805,1.6442,1.6444,0.90,0.60
2008.04.22 12:48:42.139,1.6442,1.6444,0.90,0.60
2008.04.22 12:48:42.476,1.6442,1.6444,0.90,0.30
2008.04.22 12:48:42.821,1.6442,1.6444,1.20,0.30
2008.04.22 12:48:43.002,1.6443,1.6445,0.90,2.90
2008.04.22 12:48:43.193,1.6443,1.6445,0.40,0.80
2008.04.22 12:48:43.385,1.64425,1.6445,0.90,0.60
2008.04.22 12:48:43.574,1.64425,1.6445,0.90,0.60
2008.04.22 12:48:43.763,1.64425,1.6445,0.90,0.60
2008.04.22 12:48:43.953,1.64425,1.6445,0.90,0.60
2008.04.22 12:48:44.423,1.64425,1.6445,0.90,0.60
2008.04.22 12:48:44.733,1.64425,1.64445,0.60,0.30
2008.04.22 12:48:45.043,1.64425,1.64445,0.60,0.30
2008.04.22 12:48:45.243,1.64425,1.64445,0.60,0.30
2008.04.22 12:48:45.610,1.64425,1.64445,0.60,0.30
2008.04.22 12:48:45.850,1.64425,1.64445,0.60,0.30
2008.04.22 12:48:54.187,1.64425,1.64445,0.60,0.30
2008.04.22 12:48:55.410,1.64425,1.64445,0.60,0.30
2008.04.22 12:48:55.485,1.64425,1.64445,0.60,0.30
2008.04.22 12:48:55.559,1.64425,1.6445,0.60,0.80
2008.04.22 12:48:55.633,1.64425,1.6445,0.60,0.80
2008.04.22 12:48:55.708,1.64425,1.6445,0.60,0.60
2008.04.22 12:48:55.783,1.64425,1.6445,0.60,0.60
2008.04.22 12:48:55.858,1.64425,1.6445,0.90,0.60
2008.04.22 12:48:55.933,1.6443,1.6445,0.40,0.60
2008.04.22 12:48:56.009,1.6443,1.6445,0.40,0.60
2008.04.22 12:48:56.083,1.64425,1.6445,0.90,0.60
2008.04.22 12:48:56.172,1.64425,1.6445,0.90,0.60
2008.04.22 12:48:56.251,1.64425,1.6445,0.90,0.60
2008.04.22 12:48:56.326,1.64425,1.6445,0.90,0.60
2008.04.22 12:48:56.661,1.6443,1.6445,0.40,0.60
2008.04.22 12:48:57.008,1.6443,1.6445,0.60,0.60
2008.04.22 12:48:57.344,1.6443,1.6445,0.60,0.30
2008.04.22 12:48:57.559,1.6443,1.6445,0.90,0.60
2008.04.22 12:48:57.774,1.6443,1.6445,0.90,0.60
2008.04.22 12:48:57.989,1.6443,1.6445,1.20,0.30
2008.04.22 12:48:58.204,1.6443,1.6445,1.20,0.30
2008.04.22 12:48:58.419,1.6443,1.6445,1.20,0.30
2008.04.22 12:48:58.745,1.6444,1.6445,0.40,0.30
2008.04.22 12:48:59.072,1.6444,1.6446,0.40,0.80
2008.04.22 12:48:59.397,1.6444,1.64455,0.40,0.30
2008.04.22 12:48:59.632,1.64435,1.64455,0.90,0.30
2008.04.22 12:48:59.868,1.64435,1.6445,0.90,0.30
2008.04.22 12:49:00.103,1.64435,1.6445,0.40,0.30
2008.04.22 12:49:00.346,1.64435,1.6445,0.40,0.30
2008.04.22 12:49:00.636,1.64435,1.64455,0.90,0.30
2008.04.22 12:49:00.926,1.64435,1.64455,0.90,0.30
2008.04.22 12:49:01.414,1.64435,1.64455,0.90,0.30
2008.04.22 12:49:01.939,1.64435,1.64455,0.90,0.30
2008.04.22 12:49:02.145,1.64435,1.6445,0.40,0.30
2008.04.22 12:49:02.349,1.64435,1.6445,0.40,0.30
2008.04.22 12:49:02.554,1.64435,1.6445,0.40,0.30
2008.04.22 12:49:02.823,1.64435,1.6445,0.40,0.30
2008.04.22 12:49:03.102,1.64435,1.6445,0.40,0.30
2008.04.22 12:49:03.372,1.64435,1.6445,0.40,0.30
2008.04.22 12:49:03.643,1.6444,1.6446,0.40,0.60
2008.04.22 12:49:03.824,1.6444,1.6446,0.40,0.60
2008.04.22 12:49:04.025,1.6444,1.6446,0.40,0.60
2008.04.22 12:49:04.208,1.6444,1.6446,0.40,0.60
2008.04.22 12:49:04.389,1.6444,1.6446,0.40,0.60
2008.04.22 12:49:04.652,1.6444,1.6446,0.40,0.60
2008.04.22 12:49:04.918,1.6444,1.6446,0.40,0.60
2008.04.22 12:49:05.184,1.6444,1.64455,0.40,0.30
2008.04.22 12:49:05.453,1.64435,1.64455,0.40,0.30
2008.04.22 12:49:05.693,1.64435,1.64455,0.90,0.30
2008.04.22 12:49:05.949,1.64435,1.64455,0.90,0.30
2008.04.22 12:49:06.189,1.64435,1.64455,0.90,0.30
2008.04.22 12:49:06.429,1.64435,1.64455,0.90,0.30
2008.04.22 12:49:06.672,1.64435,1.64455,0.90,0.30
2008.04.22 12:49:06.893,1.64435,1.64455,0.90,0.30
2008.04.22 12:49:07.188,1.64435,1.64455,0.90,0.30
2008.04.22 12:49:07.955,1.64435,1.64455,0.40,0.30
2008.04.22 12:49:08.125,1.64435,1.64455,0.40,0.30
2008.04.22 12:49:08.297,1.64435,1.6445,0.40,0.30
2008.04.22 12:49:08.465,1.64435,1.6445,0.40,0.30
2008.04.22 12:49:08.653,1.64435,1.6445,0.40,0.30
2008.04.22 12:49:08.829,1.64435,1.6445,0.40,0.30
2008.04.22 12:49:09.003,1.64435,1.6445,0.40,0.30
2008.04.22 12:49:09.649,1.64435,1.6445,0.40,0.30
2008.04.22 12:49:10.373,1.64435,1.6445,0.40,0.30
2008.04.22 12:49:10.628,1.64435,1.6445,0.40,0.30
2008.04.22 12:49:10.787,1.64435,1.6445,0.40,0.30
2008.04.22 12:49:10.917,1.64435,1.6445,0.40,0.30
2008.04.22 12:49:11.117,1.64435,1.6445,0.40,0.30
2008.04.22 12:49:11.417,1.64435,1.6445,0.40,0.30
2008.04.22 12:49:12.128,1.64435,1.6445,0.40,0.30
2008.04.22 12:49:12.396,1.64435,1.6445,0.40,0.30
2008.04.22 12:49:12.503,1.64435,1.6445,0.90,0.30
2008.04.22 12:49:12.609,1.6444,1.6446,0.60,0.80
2008.04.22 12:49:12.713,1.6444,1.6446,0.60,0.60
2008.04.22 12:49:12.819,1.6444,1.6446,0.60,0.60
2008.04.22 12:49:12.923,1.6444,1.6446,0.60,0.80
2008.04.22 12:49:13.206,1.64435,1.64455,0.90,0.30
2008.04.22 12:49:13.471,1.64435,1.64455,0.90,0.30
2008.04.22 12:49:13.746,1.64435,1.6446,0.90,0.80
2008.04.22 12:49:14.011,1.64435,1.6446,0.90,0.80
2008.04.22 12:49:14.681,1.64435,1.6446,0.90,0.80
2008.04.22 12:49:14.931,1.64435,1.64455,0.40,0.30
2008.04.22 12:49:15.148,1.64435,1.6445,0.40,0.30
2008.04.22 12:49:15.691,1.64435,1.6445,0.40,0.30
2008.04.22 12:49:15.906,1.64435,1.6445,0.90,0.30
2008.04.22 12:49:16.122,1.64435,1.6446,0.90,0.80
2008.04.22 12:49:16.350,1.64435,1.6446,0.90,0.80
2008.04.22 12:49:16.882,1.64435,1.64455,0.40,0.30
2008.04.22 12:49:17.113,1.64435,1.6445,0.90,0.30
2008.04.22 12:49:17.318,1.64435,1.6445,0.90,0.30
2008.04.22 12:49:17.512,1.64435,1.6445,0.90,0.30
2008.04.22 12:49:17.705,1.64435,1.6445,0.90,0.30
2008.04.22 12:49:17.899,1.64435,1.6445,0.40,0.30
2008.04.22 12:49:18.093,1.6443,1.6445,1.20,0.30
2008.04.22 12:49:18.283,1.6443,1.6445,1.20,0.30
2008.04.22 12:49:18.472,1.6443,1.6445,1.20,0.30
2008.04.22 12:49:18.678,1.6443,1.6445,1.20,0.30
2008.04.22 12:49:18.871,1.6443,1.6445,1.20,0.30
2008.04.22 12:49:19.184,1.6443,1.6445,1.20,0.30
2008.04.22 12:49:19.547,1.6443,1.6445,1.20,0.40
2008.04.22 12:49:19.697,1.6443,1.6445,1.20,0.40
2008.04.22 12:49:20.105,1.6443,1.6445,1.20,0.40
2008.04.22 12:49:20.599,1.6443,1.6445,0.60,0.60
2008.04.22 12:49:20.759,1.6443,1.6445,0.60,0.60
2008.04.22 12:49:20.919,1.6443,1.6445,0.60,0.60
2008.04.22 12:49:21.078,1.6443,1.6445,1.20,0.60
2008.04.22 12:49:21.269,1.64425,1.6445,0.90,0.60
2008.04.22 12:49:21.460,1.6443,1.6445,0.60,0.90
2008.04.22 12:49:21.649,1.6443,1.6445,0.60,0.60
2008.04.22 12:49:21.838,1.6443,1.6445,0.90,0.60
2008.04.22 12:49:22.028,1.6443,1.6445,0.90,0.60
2008.04.22 12:49:25.791,1.6443,1.6445,0.40,0.60
2008.04.22 12:49:26.395,1.6443,1.6445,0.40,0.60
2008.04.22 12:49:26.624,1.6443,1.6445,0.40,0.60
2008.04.22 12:49:26.774,1.6443,1.6445,0.40,0.60
2008.04.22 12:49:26.945,1.6443,1.6445,0.40,0.60
2008.04.22 12:49:27.046,1.6443,1.6445,0.40,0.60
2008.04.22 12:49:27.134,1.64425,1.6445,0.90,0.60
2008.04.22 12:49:27.223,1.64425,1.6445,0.90,0.60
2008.04.22 12:49:27.460,1.64425,1.6445,0.90,0.60
2008.04.22 12:49:27.795,1.64425,1.6445,0.90,0.90
2008.04.22 12:49:28.130,1.64425,1.6445,0.90,0.90
2008.04.22 12:49:28.464,1.64425,1.6445,0.90,0.60
2008.04.22 12:49:28.630,1.64425,1.6445,0.90,0.60
2008.04.22 12:49:28.935,1.64425,1.6445,0.90,0.60
2008.04.22 12:49:30.192,1.64425,1.6445,0.90,0.60
2008.04.22 12:49:30.376,1.64425,1.6445,0.90,0.60
2008.04.22 12:49:30.689,1.64425,1.6445,0.90,0.60
2008.04.22 12:49:32.173,1.64425,1.6445,0.90,0.60
2008.04.22 12:49:32.851,1.64425,1.6445,0.90,0.60
2008.04.22 12:49:33.073,1.64425,1.6445,0.90,0.60
2008.04.22 12:49:33.289,1.64425,1.6445,0.90,0.60
2008.04.22 12:49:34.533,1.64425,1.6445,0.90,0.60
2008.04.22 12:49:34.647,1.64425,1.6445,0.90,0.60
2008.04.22 12:49:40.643,1.64425,1.6445,0.90,0.60
2008.04.22 12:49:42.613,1.64425,1.6445,0.90,0.60
2008.04.22 12:49:42.738,1.64425,1.6445,0.90,0.60
2008.04.22 12:49:42.853,1.64425,1.6445,0.90,0.60
2008.04.22 12:49:43.187,1.64425,1.6445,0.90,0.60
2008.04.22 12:49:43.522,1.6444,1.6445,0.90,0.10
2008.04.22 12:49:43.858,1.64435,1.6445,0.90,0.40
2008.04.22 12:49:44.048,1.64435,1.6445,0.90,0.10
2008.04.22 12:49:44.237,1.64435,1.6445,0.90,0.10
2008.04.22 12:49:44.428,1.64445,1.6445,0.60,0.10
2008.04.22 12:49:44.618,1.64445,1.6445,0.60,0.10
2008.04.22 12:49:44.808,1.6444,1.64455,1.10,0.30
2008.04.22 12:49:45.001,1.6444,1.6446,0.60,0.60
2008.04.22 12:49:45.296,1.64435,1.6446,0.60,0.60
2008.04.22 12:49:45.592,1.6443,1.64455,0.90,0.30
2008.04.22 12:49:45.888,1.6443,1.64455,0.90,0.30
2008.04.22 12:49:46.124,1.6443,1.64455,0.90,0.30
2008.04.22 12:49:46.362,1.6443,1.64455,0.90,0.30
2008.04.22 12:49:47.377,1.6443,1.64455,0.90,0.30
2008.04.22 12:49:47.679,1.6443,1.64455,0.90,0.30
2008.04.22 12:49:47.900,1.64435,1.64455,0.60,0.30
2008.04.22 12:49:48.201,1.64435,1.64455,0.60,0.30
2008.04.22 12:49:48.304,1.64435,1.64455,0.60,0.30
2008.04.22 12:49:48.420,1.64435,1.64455,0.60,0.30
2008.04.22 12:49:50.670,1.64435,1.64455,0.60,0.30
2008.04.22 12:49:51.401,1.64435,1.6446,0.60,0.60
2008.04.22 12:49:51.574,1.64435,1.6446,0.60,0.60
2008.04.22 12:49:51.745,1.64435,1.6446,0.90,0.60
2008.04.22 12:49:51.918,1.64435,1.6446,0.90,0.30
2008.04.22 12:49:52.118,1.64435,1.6446,0.90,0.30
2008.04.22 12:49:52.861,1.64435,1.6446,0.90,0.30
2008.04.22 12:49:53.208,1.64435,1.6446,0.90,0.30
2008.04.22 12:49:53.695,1.64435,1.6446,0.90,0.30
2008.04.22 12:49:53.894,1.6444,1.6446,0.60,0.30
2008.04.22 12:49:54.029,1.6444,1.6446,0.60,0.30
2008.04.22 12:49:54.164,1.6444,1.6446,0.90,0.30
2008.04.22 12:49:54.400,1.6444,1.6446,0.90,0.30
2008.04.22 12:49:54.635,1.6444,1.6446,0.90,0.30
2008.04.22 12:49:56.389,1.6444,1.6446,0.90,0.30
2008.04.22 12:49:56.485,1.64445,1.64465,0.60,0.30
2008.04.22 12:49:56.589,1.64445,1.64465,0.60,0.30
2008.04.22 12:49:56.694,1.64445,1.64465,0.60,0.30
2008.04.22 12:49:56.799,1.64445,1.64465,0.60,0.30
2008.04.22 12:49:56.904,1.64445,1.64465,0.60,0.30
2008.04.22 12:49:57.610,1.64445,1.64465,0.60,0.30
2008.04.22 12:49:59.423,1.64445,1.64465,0.60,0.30
2008.04.22 12:50:00.644,1.6444,1.6446,0.60,0.30
2008.04.22 12:50:00.688,1.6444,1.6446,0.60,0.30
2008.04.22 12:50:00.731,1.6444,1.6446,0.40,0.60
2008.04.22 12:50:00.776,1.6444,1.6446,0.40,0.60
2008.04.22 12:50:00.946,1.6444,1.6446,0.40,0.60
2008.04.22 12:50:01.003,1.6444,1.6446,0.90,0.60
2008.04.22 12:50:01.048,1.6444,1.6446,1.20,0.30
2008.04.22 12:50:01.102,1.6444,1.6446,1.20,0.30
2008.04.22 12:50:01.151,1.6444,1.6446,0.90,0.30
2008.04.22 12:50:01.196,1.6444,1.64465,0.90,0.30
2008.04.22 12:50:01.241,1.6444,1.64465,0.90,0.30
2008.04.22 12:50:01.287,1.6444,1.6446,0.90,0.40
2008.04.22 12:50:01.330,1.6444,1.6446,0.90,0.40
2008.04.22 12:50:01.410,1.6444,1.6446,0.90,0.40
2008.04.22 12:50:01.498,1.6444,1.6446,0.90,0.40
2008.04.22 12:50:01.667,1.6444,1.64465,0.90,0.30
2008.04.22 12:50:02.003,1.64445,1.64465,0.60,0.30
2008.04.22 12:50:02.336,1.64445,1.64465,0.60,0.30
2008.04.22 12:50:02.671,1.64445,1.64465,0.60,0.30
2008.04.22 12:50:03.249,1.64445,1.64465,0.60,0.30
2008.04.22 12:50:03.447,1.64445,1.64465,0.60,0.30
2008.04.22 12:50:04.214,1.64445,1.64465,0.60,0.30
2008.04.22 12:50:04.373,1.64445,1.64465,0.60,0.30
2008.04.22 12:50:04.790,1.64445,1.64465,0.60,0.30
2008.04.22 12:50:04.951,1.64445,1.64465,0.60,0.30
2008.04.22 12:50:05.202,1.64445,1.64465,0.60,0.30
2008.04.22 12:50:06.106,1.64445,1.64465,0.60,0.30
2008.04.22 12:50:08.799,1.64445,1.64465,0.60,0.30
2008.04.22 12:50:09.213,1.64445,1.64465,0.60,0.30
2008.04.22 12:50:09.311,1.64445,1.64465,0.60,0.30
2008.04.22 12:50:10.121,1.64445,1.64465,0.60,0.30
2008.04.22 12:50:10.598,1.6444,1.64465,1.20,0.30
2008.04.22 12:50:10.913,1.6444,1.64465,1.20,0.30
2008.04.22 12:50:10.989,1.6444,1.64465,1.20,0.30
2008.04.22 12:50:11.074,1.6444,1.64465,1.20,0.30
2008.04.22 12:50:11.160,1.6444,1.64465,1.20,0.30
2008.04.22 12:50:11.418,1.6444,1.64465,1.20,0.30
2008.04.22 12:50:14.411,1.6444,1.64465,1.20,0.30
2008.04.22 12:50:16.198,1.6444,1.6446,1.20,0.30
2008.04.22 12:50:16.429,1.6444,1.6446,1.20,0.30
2008.04.22 12:50:16.569,1.6444,1.6446,1.20,0.60
2008.04.22 12:50:16.727,1.6444,1.6446,1.20,0.60
2008.04.22 12:50:19.701,1.6444,1.6446,1.20,0.60
2008.04.22 12:50:20.211,1.6444,1.6446,1.20,0.60
2008.04.22 12:50:20.326,1.6444,1.6446,0.90,0.60
2008.04.22 12:50:20.430,1.6444,1.6446,0.90,0.60
2008.04.22 12:50:20.535,1.6444,1.6446,0.60,0.80
2008.04.22 12:50:20.663,1.6444,1.6446,0.60,0.80
2008.04.22 12:50:20.767,1.6444,1.6446,0.60,0.80
2008.04.22 12:50:20.858,1.6444,1.6446,0.60,0.80
2008.04.22 12:50:20.953,1.64435,1.6446,0.60,0.80
2008.04.22 12:50:21.049,1.64435,1.6446,0.60,0.80
2008.04.22 12:50:21.184,1.64435,1.6446,0.60,0.80
2008.04.22 12:50:21.278,1.6444,1.6446,0.40,0.80
2008.04.22 12:50:21.373,1.6444,1.6446,0.90,0.50
2008.04.22 12:50:21.709,1.6444,1.6446,0.90,0.50
2008.04.22 12:50:22.048,1.6444,1.6446,0.90,0.50
2008.04.22 12:50:22.381,1.6444,1.6446,0.90,0.50
2008.04.22 12:50:22.717,1.6444,1.6446,0.90,0.50
2008.04.22 12:50:23.352,1.6444,1.6446,0.90,0.50
2008.04.22 12:50:23.677,1.6444,1.6446,0.90,0.50
2008.04.22 12:50:24.309,1.6444,1.6446,0.90,0.30
2008.04.22 12:50:24.404,1.6444,1.6446,0.90,0.30
2008.04.22 12:50:25.026,1.6444,1.6446,0.90,0.30
2008.04.22 12:50:25.136,1.6444,1.6446,0.90,0.30
2008.04.22 12:50:25.350,1.6444,1.6446,0.90,0.30
2008.04.22 12:50:25.449,1.6444,1.6446,0.90,0.30
2008.04.22 12:50:26.151,1.6444,1.6446,0.90,0.30
2008.04.22 12:50:26.356,1.6444,1.6446,0.90,0.50
2008.04.22 12:50:27.173,1.6444,1.6446,0.90,0.50
2008.04.22 12:50:27.683,1.6444,1.6446,0.90,0.40
2008.04.22 12:50:27.834,1.64445,1.6446,0.60,0.40
2008.04.22 12:50:27.995,1.64445,1.64465,0.60,0.30
2008.04.22 12:50:29.396,1.64445,1.64465,0.60,0.30
2008.04.22 12:50:29.704,1.64445,1.64465,0.60,0.30
2008.04.22 12:50:29.865,1.64445,1.64465,0.60,0.30
2008.04.22 12:50:37.474,1.64445,1.64465,0.60,0.30
2008.04.22 12:50:39.204,1.64445,1.64465,0.60,0.30
2008.04.22 12:50:39.433,1.64445,1.64465,0.60,0.30
2008.04.22 12:50:41.880,1.64445,1.64465,0.60,0.30
2008.04.22 12:50:42.080,1.64445,1.6447,0.60,0.60
2008.04.22 12:50:42.280,1.64445,1.6447,0.60,0.60
2008.04.22 12:50:42.485,1.64445,1.64465,0.60,0.30
2008.04.22 12:50:42.634,1.64445,1.64465,0.60,0.30
2008.04.22 12:50:42.784,1.64445,1.64465,0.60,0.30
2008.04.22 12:50:42.934,1.64445,1.64465,0.60,0.30
2008.04.22 12:50:43.376,1.64445,1.64465,0.60,0.30
2008.04.22 12:50:44.085,1.6445,1.64465,0.10,0.30
2008.04.22 12:50:44.234,1.6445,1.64465,0.10,0.30
2008.04.22 12:50:44.600,1.6445,1.64465,0.10,0.30
2008.04.22 12:50:44.713,1.6445,1.64465,0.10,0.30
2008.04.22 12:50:45.615,1.6445,1.64465,0.10,0.30
2008.04.22 12:50:45.734,1.6445,1.64465,0.50,0.30
2008.04.22 12:50:45.908,1.6445,1.64465,0.50,0.30
2008.04.22 12:50:46.028,1.6445,1.64465,0.50,0.30
2008.04.22 12:50:46.163,1.6445,1.64465,0.50,0.30
2008.04.22 12:50:46.370,1.6445,1.64465,0.50,0.30
2008.04.22 12:50:48.141,1.6445,1.64465,0.50,0.30
2008.04.22 12:50:48.354,1.6445,1.64465,0.50,0.30
2008.04.22 12:50:48.485,1.6445,1.64465,0.50,0.30
2008.04.22 12:50:48.663,1.6445,1.64465,0.50,0.30
2008.04.22 12:50:48.834,1.6445,1.64465,0.50,0.30
2008.04.22 12:50:49.004,1.6445,1.64465,0.70,0.30
2008.04.22 12:50:49.201,1.6445,1.6447,1.30,0.80
2008.04.22 12:50:49.351,1.6445,1.6447,1.30,0.60
2008.04.22 12:50:49.521,1.6445,1.6447,1.30,0.60
2008.04.22 12:50:50.637,1.6445,1.6447,1.30,0.60
2008.04.22 12:50:50.747,1.6445,1.6447,1.30,0.60
2008.04.22 12:50:50.919,1.64455,1.6447,0.60,0.30
2008.04.22 12:50:51.030,1.64455,1.6447,0.60,0.30
2008.04.22 12:50:51.163,1.64455,1.6447,0.60,0.30
2008.04.22 12:50:51.274,1.64455,1.6447,0.90,0.30
2008.04.22 12:50:51.396,1.64455,1.6447,0.90,0.30
2008.04.22 12:50:51.505,1.64455,1.6448,0.90,3.20
2008.04.22 12:50:51.614,1.64455,1.6448,0.90,3.20
2008.04.22 12:50:51.948,1.64455,1.6447,0.40,0.30
2008.04.22 12:50:52.282,1.64455,1.6447,0.40,0.30
2008.04.22 12:50:52.628,1.64455,1.6447,0.40,0.30
2008.04.22 12:50:53.136,1.64455,1.6447,0.40,0.30
2008.04.22 12:50:54.303,1.64455,1.6447,0.40,0.30
2008.04.22 12:50:54.502,1.64455,1.6448,0.90,5.60
2008.04.22 12:50:54.701,1.64455,1.6448,0.90,3.20
2008.04.22 12:50:54.835,1.64455,1.6448,0.90,2.90
2008.04.22 12:50:54.970,1.64455,1.6448,0.90,2.90
2008.04.22 12:50:55.106,1.64455,1.6447,0.40,0.60
2008.04.22 12:50:55.242,1.64455,1.6447,0.40,0.60
2008.04.22 12:50:55.378,1.64455,1.6447,0.40,0.60
2008.04.22 12:50:55.513,1.64455,1.6447,0.40,0.60
2008.04.22 12:50:55.648,1.64455,1.6447,0.40,0.60
2008.04.22 12:50:55.948,1.64455,1.6447,0.40,0.30
2008.04.22 12:50:56.228,1.64455,1.6447,0.40,0.30
2008.04.22 12:50:56.529,1.64455,1.64475,0.40,0.30
2008.04.22 12:50:56.819,1.6445,1.64475,1.30,0.30
2008.04.22 12:50:57.007,1.6445,1.64475,1.30,0.60
2008.04.22 12:50:57.178,1.64455,1.6447,0.40,0.30
2008.04.22 12:50:57.347,1.64455,1.6447,0.40,0.30
2008.04.22 12:50:57.516,1.64455,1.6447,0.40,0.30
2008.04.22 12:50:57.685,1.6446,1.6447,0.60,0.30
2008.04.22 12:50:58.021,1.6446,1.6448,0.40,0.60
2008.04.22 12:50:58.357,1.64455,1.6448,0.90,0.80
2008.04.22 12:50:58.691,1.64455,1.6448,0.90,0.80
2008.04.22 12:50:59.026,1.64455,1.6448,0.90,0.80
2008.04.22 12:50:59.359,1.64455,1.6448,0.90,0.80
2008.04.22 12:50:59.760,1.64455,1.6448,0.90,0.80
2008.04.22 12:50:59.928,1.64455,1.6448,0.90,0.80
2008.04.22 12:51:01.189,1.64455,1.6448,0.90,0.80
2008.04.22 12:51:01.369,1.6446,1.6448,0.40,0.60
2008.04.22 12:51:01.549,1.64455,1.6448,0.90,0.80
2008.04.22 12:51:01.728,1.64455,1.6448,0.90,0.80
2008.04.22 12:51:01.907,1.64455,1.6448,0.90,0.80
2008.04.22 12:51:02.071,1.64455,1.6448,0.90,0.80
2008.04.22 12:51:03.667,1.64455,1.6448,0.90,0.80
2008.04.22 12:51:03.873,1.64455,1.6448,0.90,0.80
2008.04.22 12:51:04.656,1.64455,1.64475,0.40,0.30
2008.04.22 12:51:04.938,1.6445,1.6447,1.30,0.30
2008.04.22 12:51:05.115,1.6445,1.6447,1.30,0.30
2008.04.22 12:51:05.230,1.64455,1.6447,0.40,0.30
2008.04.22 12:51:05.434,1.64455,1.6447,0.40,0.30
2008.04.22 12:51:05.916,1.6446,1.6447,0.60,0.30
2008.04.22 12:51:07.330,1.64455,1.6448,0.90,0.80
2008.04.22 12:51:07.397,1.64455,1.6448,0.90,0.80
2008.04.22 12:51:08.208,1.64455,1.6448,0.90,0.80
2008.04.22 12:51:08.457,1.64455,1.6448,0.90,0.80
2008.04.22 12:51:09.910,1.64455,1.6447,0.40,0.30
2008.04.22 12:51:09.975,1.64455,1.6447,0.40,0.30
2008.04.22 12:51:10.047,1.64455,1.6447,0.40,0.30
2008.04.22 12:51:10.106,1.6445,1.6447,1.30,0.60
2008.04.22 12:51:10.165,1.6445,1.6447,1.30,0.60
2008.04.22 12:51:10.226,1.6445,1.6447,1.30,0.60
2008.04.22 12:51:10.385,1.6445,1.6447,1.30,0.60
2008.04.22 12:51:10.500,1.6445,1.6447,1.30,0.60
2008.04.22 12:51:10.668,1.6445,1.6447,1.30,0.60
2008.04.22 12:51:10.938,1.6445,1.6447,1.30,0.60
2008.04.22 12:51:11.958,1.6445,1.6447,1.30,0.60
2008.04.22 12:51:12.007,1.6445,1.6447,1.30,0.60
2008.04.22 12:51:12.201,1.6445,1.6447,1.30,0.60
2008.04.22 12:51:12.911,1.6445,1.6447,1.30,0.60
2008.04.22 12:51:13.369,1.6445,1.6447,1.30,0.30
2008.04.22 12:51:13.670,1.64455,1.6447,0.40,0.30
2008.04.22 12:51:13.970,1.64455,1.6447,0.40,0.30
2008.04.22 12:51:14.382,1.64455,1.6447,0.40,0.30
2008.04.22 12:51:14.556,1.64455,1.6447,0.90,0.30
2008.04.22 12:51:14.732,1.6446,1.6448,0.60,0.80
2008.04.22 12:51:14.908,1.6446,1.6448,0.60,0.60
2008.04.22 12:51:15.202,1.6446,1.6448,0.60,0.60
2008.04.22 12:51:15.461,1.6446,1.6448,0.60,0.60
2008.04.22 12:51:15.831,1.6446,1.6448,0.60,0.60
2008.04.22 12:51:17.381,1.6446,1.6448,0.60,0.60
2008.04.22 12:51:17.571,1.6446,1.6448,0.60,0.60
2008.04.22 12:51:17.896,1.6446,1.6448,0.60,0.60
2008.04.22 12:51:18.087,1.6446,1.6448,1.20,0.60
2008.04.22 12:51:18.286,1.6446,1.6448,1.20,0.30
2008.04.22 12:51:18.487,1.6446,1.6448,1.20,0.30
2008.04.22 12:51:18.687,1.64465,1.6448,0.60,0.30
2008.04.22 12:51:18.888,1.64465,1.6448,0.90,0.30
2008.04.22 12:51:19.089,1.64465,1.6448,0.90,0.30
2008.04.22 12:51:19.384,1.64465,1.6448,0.90,0.30
2008.04.22 12:51:19.679,1.64465,1.6448,0.90,0.30
2008.04.22 12:51:19.974,1.64465,1.6448,0.90,0.30
2008.04.22 12:51:20.693,1.64465,1.6448,0.90,0.30
2008.04.22 12:51:20.931,1.64465,1.6448,0.90,0.30
2008.04.22 12:51:21.405,1.64465,1.6448,0.90,0.30
2008.04.22 12:51:21.607,1.6447,1.64485,0.40,0.30
2008.04.22 12:51:21.808,1.6447,1.64485,0.60,0.30
2008.04.22 12:51:22.011,1.6447,1.64485,0.60,0.30
2008.04.22 12:51:22.209,1.6447,1.6449,0.60,2.90
2008.04.22 12:51:22.444,1.6447,1.6449,0.60,2.90
2008.04.22 12:51:22.680,1.64465,1.6448,0.40,0.60
2008.04.22 12:51:22.915,1.6446,1.6448,0.90,0.60
2008.04.22 12:51:23.150,1.6446,1.6448,0.60,0.60
2008.04.22 12:51:23.442,1.6446,1.6447,0.60,0.30
2008.04.22 12:51:23.732,1.6446,1.6448,0.60,0.80
2008.04.22 12:51:24.023,1.6446,1.64475,0.40,0.30
2008.04.22 12:51:24.313,1.64455,1.64475,0.60,0.30
2008.04.22 12:51:25.314,1.64455,1.64475,0.90,0.30
2008.04.22 12:51:25.581,1.64455,1.64475,0.90,0.30
2008.04.22 12:51:25.826,1.64455,1.64475,0.90,0.30
2008.04.22 12:51:26.080,1.64455,1.64475,0.90,0.30
2008.04.22 12:51:26.334,1.64455,1.64475,0.90,0.30
2008.04.22 12:51:26.578,1.64455,1.64475,0.90,0.30
2008.04.22 12:51:26.822,1.64455,1.64475,0.90,0.30
2008.04.22 12:51:27.066,1.64455,1.64475,0.90,0.30
2008.04.22 12:51:27.313,1.6445,1.64475,0.90,0.30
2008.04.22 12:51:27.543,1.6445,1.64475,0.90,0.30
2008.04.22 12:51:27.774,1.6445,1.64475,0.90,0.30
2008.04.22 12:51:28.004,1.64455,1.6448,0.60,0.80
2008.04.22 12:51:28.235,1.64455,1.6448,0.60,0.80
2008.04.22 12:51:28.510,1.64455,1.64475,0.60,0.30
2008.04.22 12:51:28.792,1.64455,1.64475,0.60,0.30
2008.04.22 12:51:29.875,1.64455,1.64475,0.60,0.30
2008.04.22 12:51:30.873,1.64455,1.64475,0.60,0.30
2008.04.22 12:51:30.959,1.6445,1.6447,1.20,0.60
2008.04.22 12:51:31.055,1.6445,1.6447,1.20,0.60
2008.04.22 12:51:31.131,1.6445,1.6447,0.90,0.30
2008.04.22 12:51:31.218,1.6445,1.6447,0.90,0.30
2008.04.22 12:51:31.305,1.6445,1.6447,0.90,0.60
2008.04.22 12:51:31.389,1.6445,1.6447,0.90,0.30
2008.04.22 12:51:31.726,1.6445,1.6447,1.20,0.30
2008.04.22 12:51:32.060,1.6445,1.6447,1.20,0.30
2008.04.22 12:51:32.405,1.64455,1.6447,0.60,0.30
2008.04.22 12:51:32.556,1.64455,1.64475,0.60,0.30
2008.04.22 12:51:32.732,1.64455,1.64475,0.60,0.30
2008.04.22 12:51:32.875,1.64455,1.64475,0.60,0.30
2008.04.22 12:51:33.035,1.64455,1.64475,0.60,0.30
2008.04.22 12:51:33.643,1.64455,1.64475,0.60,0.30
2008.04.22 12:51:33.783,1.64455,1.6448,0.90,0.60
2008.04.22 12:51:33.962,1.64455,1.6448,0.90,0.60
2008.04.22 12:51:34.105,1.64455,1.6448,0.90,0.60
2008.04.22 12:51:34.245,1.64455,1.6448,0.90,0.60
2008.04.22 12:51:34.386,1.64455,1.6448,0.90,0.60
2008.04.22 12:51:34.526,1.6446,1.6448,0.40,0.60
2008.04.22 12:51:34.807,1.6446,1.6448,0.40,0.60
2008.04.22 12:51:35.088,1.6446,1.6448,1.20,0.30
2008.04.22 12:51:35.369,1.6446,1.6448,1.20,0.30
2008.04.22 12:51:35.650,1.6446,1.6448,0.60,0.60
2008.04.22 12:51:35.851,1.64455,1.64475,0.90,0.30
2008.04.22 12:51:36.050,1.64455,1.64475,0.90,0.30
2008.04.22 12:51:36.261,1.64455,1.6448,0.60,0.60
2008.04.22 12:51:36.459,1.64455,1.6448,0.60,0.80
2008.04.22 12:51:36.795,1.64455,1.6448,0.60,0.60
2008.04.22 12:51:37.130,1.6446,1.6448,0.40,0.60
2008.04.22 12:51:37.467,1.64455,1.6448,0.60,0.60
2008.04.22 12:51:37.802,1.64455,1.6448,0.60,0.60
2008.04.22 12:51:38.035,1.64455,1.64475,0.60,0.30
2008.04.22 12:51:38.264,1.64455,1.64475,0.60,0.30
2008.04.22 12:51:38.495,1.64455,1.64475,0.60,0.30
2008.04.22 12:51:38.799,1.64455,1.64475,0.60,0.30
2008.04.22 12:51:39.103,1.6446,1.6448,0.40,0.80
2008.04.22 12:51:39.393,1.6446,1.6448,0.40,0.60
2008.04.22 12:51:39.683,1.6446,1.6448,0.40,0.60
2008.04.22 12:51:39.922,1.6446,1.6448,0.40,0.60
2008.04.22 12:51:40.163,1.6446,1.6448,0.40,0.60
2008.04.22 12:51:40.433,1.6446,1.6448,0.40,0.60
2008.04.22 12:51:40.673,1.6446,1.6448,0.90,0.60
2008.04.22 12:51:40.931,1.6446,1.6448,0.90,0.60
2008.04.22 12:51:41.190,1.6446,1.6448,0.40,0.60
2008.04.22 12:51:41.449,1.6446,1.6448,0.40,0.60
2008.04.22 12:51:41.883,1.6446,1.6448,0.40,0.60
2008.04.22 12:51:42.403,1.6446,1.6448,0.40,0.60
2008.04.22 12:51:42.659,1.6446,1.6448,0.40,0.60
2008.04.22 12:51:43.381,1.6446,1.64475,0.40,0.30
2008.04.22 12:51:43.511,1.64455,1.64475,0.90,0.30
2008.04.22 12:51:43.651,1.64455,1.64475,0.90,0.30
2008.04.22 12:51:43.845,1.64455,1.64475,0.90,0.30
2008.04.22 12:51:44.040,1.64455,1.64475,0.90,0.30
2008.04.22 12:51:44.234,1.64455,1.64475,0.90,0.30
2008.04.22 12:51:44.429,1.64455,1.64475,0.90,0.30
2008.04.22 12:51:44.632,1.64455,1.64475,0.90,0.30
2008.04.22 12:51:44.767,1.64455,1.64475,0.90,0.30
2008.04.22 12:51:44.928,1.64455,1.64475,0.90,0.30
2008.04.22 12:51:45.136,1.64455,1.64475,0.90,0.30
2008.04.22 12:51:46.366,1.64455,1.64475,0.90,0.30
2008.04.22 12:51:46.607,1.64455,1.64475,0.90,0.30
2008.04.22 12:51:46.753,1.6446,1.6448,0.90,0.60
2008.04.22 12:51:46.878,1.6446,1.6448,0.90,0.60
2008.04.22 12:51:47.169,1.6446,1.6448,0.40,0.60
2008.04.22 12:51:47.296,1.64455,1.6448,0.90,0.60
2008.04.22 12:51:47.421,1.64455,1.6448,0.90,0.60
2008.04.22 12:51:47.635,1.64455,1.6448,0.90,0.60
2008.04.22 12:51:47.935,1.64455,1.6448,0.90,0.60
2008.04.22 12:51:48.242,1.64455,1.6448,0.90,0.60
2008.04.22 12:51:48.548,1.6446,1.6448,0.90,0.60
2008.04.22 12:51:48.852,1.6446,1.6448,0.90,0.60
2008.04.22 12:51:49.042,1.6446,1.6448,0.90,0.60
2008.04.22 12:51:49.241,1.6446,1.6448,0.90,0.60
2008.04.22 12:51:49.891,1.6446,1.6448,0.40,0.60
2008.04.22 12:51:50.110,1.64455,1.6448,0.90,0.60
2008.04.22 12:51:50.329,1.64455,1.6448,0.90,0.60
2008.04.22 12:51:50.559,1.64455,1.6448,0.90,0.60
2008.04.22 12:51:50.768,1.64455,1.6448,0.90,0.60
2008.04.22 12:51:51.899,1.64455,1.6448,0.90,0.60
2008.04.22 12:51:52.041,1.64455,1.64475,0.90,0.30
2008.04.22 12:51:52.154,1.64455,1.64475,0.90,0.30
2008.04.22 12:51:52.258,1.64455,1.64475,0.90,0.30
2008.04.22 12:51:52.406,1.64455,1.64475,0.90,0.30
2008.04.22 12:51:52.510,1.64455,1.64475,0.90,0.30
2008.04.22 12:51:53.652,1.64455,1.64475,0.90,0.30
2008.04.22 12:51:53.938,1.64455,1.6448,0.90,0.80
2008.04.22 12:51:54.143,1.64455,1.6448,0.90,0.60
2008.04.22 12:51:54.572,1.64455,1.6448,0.90,0.60
2008.04.22 12:51:54.789,1.64455,1.6448,0.90,0.60
2008.04.22 12:51:55.408,1.64455,1.64475,0.90,0.30
2008.04.22 12:51:55.680,1.64455,1.64475,0.90,0.30
2008.04.22 12:51:55.940,1.64455,1.64475,0.90,0.30
2008.04.22 12:51:56.199,1.64455,1.64475,0.90,0.30
2008.04.22 12:51:57.813,1.64455,1.6448,0.90,0.80
2008.04.22 12:51:58.025,1.6446,1.6448,0.40,0.80
2008.04.22 12:51:58.234,1.6446,1.6448,0.40,0.60
2008.04.22 12:51:58.470,1.6446,1.6448,0.40,0.60
2008.04.22 12:52:01.361,1.6446,1.6448,0.60,0.60
2008.04.22 12:52:03.171,1.6446,1.6448,0.60,0.60
2008.04.22 12:52:03.325,1.6446,1.6448,0.60,0.80
2008.04.22 12:52:03.493,1.64455,1.6447,0.40,0.30
2008.04.22 12:52:03.658,1.64455,1.6447,0.40,0.30
2008.04.22 12:52:03.825,1.6446,1.6448,0.40,0.80
2008.04.22 12:52:03.994,1.6446,1.6448,0.90,0.30
2008.04.22 12:52:04.158,1.6446,1.6448,0.90,0.30
2008.04.22 12:52:04.337,1.6446,1.6448,1.20,0.30
2008.04.22 12:52:04.690,1.6446,1.6448,1.20,0.30
2008.04.22 12:52:05.024,1.6446,1.6448,1.20,0.30
2008.04.22 12:52:05.358,1.6446,1.6448,1.20,0.30
2008.04.22 12:52:05.656,1.6446,1.6448,1.20,0.30
2008.04.22 12:52:06.061,1.6446,1.6448,1.20,0.60
2008.04.22 12:52:06.237,1.6446,1.6448,1.20,0.30
2008.04.22 12:52:06.412,1.6446,1.64485,0.90,0.30
2008.04.22 12:52:06.597,1.6446,1.6448,0.90,0.60
2008.04.22 12:52:06.781,1.6446,1.6448,1.20,0.30
2008.04.22 12:52:06.983,1.6446,1.6448,1.20,0.30
2008.04.22 12:52:07.156,1.6446,1.6448,1.20,0.30
2008.04.22 12:52:07.436,1.6446,1.6448,1.20,0.30
2008.04.22 12:52:07.724,1.6446,1.6448,1.20,0.30
2008.04.22 12:52:08.022,1.6446,1.6448,1.20,0.30
2008.04.22 12:52:08.311,1.6446,1.6448,1.20,0.30
2008.04.22 12:52:09.108,1.64465,1.6448,0.60,0.30
2008.04.22 12:52:09.283,1.64465,1.6448,0.60,0.30
2008.04.22 12:52:09.469,1.6447,1.6449,0.40,0.80
2008.04.22 12:52:09.634,1.6447,1.6449,0.40,0.80
2008.04.22 12:52:09.809,1.6447,1.6449,0.40,0.60
2008.04.22 12:52:09.985,1.6447,1.6449,0.40,0.60
2008.04.22 12:52:12.381,1.6447,1.6449,0.40,0.60
2008.04.22 12:52:12.501,1.64465,1.6449,0.90,0.60
2008.04.22 12:52:12.623,1.64465,1.6449,0.90,0.80
2008.04.22 12:52:12.750,1.64465,1.6449,0.90,0.80
2008.04.22 12:52:12.908,1.64465,1.6449,0.90,0.80
2008.04.22 12:52:13.946,1.64465,1.6449,0.90,0.80
2008.04.22 12:52:14.111,1.64465,1.6449,0.90,0.80
2008.04.22 12:52:14.276,1.64465,1.6449,0.90,0.80
2008.04.22 12:52:14.440,1.64465,1.6449,0.90,0.80
2008.04.22 12:52:14.604,1.64465,1.6449,0.90,0.80
2008.04.22 12:52:14.781,1.64465,1.64485,0.90,0.30
2008.04.22 12:52:15.091,1.64465,1.64485,0.90,0.30
2008.04.22 12:52:15.399,1.64465,1.64485,0.90,0.30
2008.04.22 12:52:15.921,1.64465,1.64485,0.90,0.30
2008.04.22 12:52:17.674,1.64465,1.6448,0.40,0.30
2008.04.22 12:52:17.874,1.6446,1.6448,1.20,0.60
2008.04.22 12:52:17.947,1.6446,1.6448,1.20,0.60
2008.04.22 12:52:18.176,1.6446,1.6448,1.20,0.60
2008.04.22 12:52:18.261,1.6446,1.6448,1.20,0.60
2008.04.22 12:52:18.401,1.6446,1.6448,1.20,0.60
2008.04.22 12:52:18.598,1.6446,1.6448,1.20,0.60
2008.04.22 12:52:19.344,1.6446,1.6448,1.20,0.30
2008.04.22 12:52:19.679,1.6446,1.6448,1.20,0.30
2008.04.22 12:52:20.372,1.64465,1.6448,0.40,0.30
2008.04.22 12:52:20.525,1.64465,1.6448,0.40,0.60
2008.04.22 12:52:20.746,1.64465,1.6448,0.40,0.60
2008.04.22 12:52:21.619,1.64465,1.6448,0.40,0.60
2008.04.22 12:52:22.665,1.64465,1.6448,0.40,0.60
2008.04.22 12:52:22.821,1.6446,1.6448,1.20,0.60
2008.04.22 12:52:22.980,1.6446,1.6448,1.20,0.60
2008.04.22 12:52:23.174,1.6446,1.6448,1.20,0.30
2008.04.22 12:52:23.387,1.6446,1.6448,1.20,0.30
2008.04.22 12:52:23.582,1.6446,1.6448,2.50,0.30
2008.04.22 12:52:23.777,1.6446,1.6448,1.20,0.30
2008.04.22 12:52:24.431,1.6446,1.6448,1.20,0.30
2008.04.22 12:52:26.940,1.64465,1.6448,0.60,0.30
2008.04.22 12:52:27.119,1.64465,1.6448,0.60,0.30
2008.04.22 12:52:27.223,1.6447,1.6449,0.40,3.20
2008.04.22 12:52:27.373,1.6447,1.6449,0.40,0.60
2008.04.22 12:52:27.522,1.6447,1.6449,0.40,0.60
2008.04.22 12:52:27.673,1.6447,1.6449,0.40,0.60
2008.04.22 12:52:28.227,1.6447,1.6449,0.40,0.60
2008.04.22 12:52:28.647,1.6447,1.6449,0.40,0.60
2008.04.22 12:52:29.158,1.6447,1.6449,0.40,0.60
2008.04.22 12:52:30.116,1.6447,1.6449,0.40,0.60
2008.04.22 12:52:30.412,1.6447,1.6449,0.40,0.60
2008.04.22 12:52:30.468,1.6447,1.64485,0.40,0.30
2008.04.22 12:52:30.523,1.6446,1.6448,2.50,0.30
2008.04.22 12:52:30.577,1.6446,1.6448,2.50,0.30
2008.04.22 12:52:30.641,1.6446,1.6448,2.50,0.30
2008.04.22 12:52:30.706,1.6446,1.6448,2.50,0.60
2008.04.22 12:52:30.751,1.6446,1.6448,2.50,0.60
2008.04.22 12:52:30.805,1.6446,1.6448,1.20,0.60
2008.04.22 12:52:30.904,1.6446,1.6448,1.20,0.60
2008.04.22 12:52:31.074,1.6446,1.6448,1.20,0.60
2008.04.22 12:52:31.129,1.6446,1.6448,1.20,0.60
2008.04.22 12:52:31.183,1.6446,1.6448,0.60,0.60
2008.04.22 12:52:31.238,1.6446,1.6448,0.40,0.60
2008.04.22 12:52:31.294,1.6446,1.6448,0.40,0.60
2008.04.22 12:52:31.355,1.6446,1.6448,0.40,0.60
2008.04.22 12:52:31.499,1.6446,1.6448,0.40,0.60
2008.04.22 12:52:31.791,1.6446,1.6448,0.40,0.60
2008.04.22 12:52:32.613,1.6446,1.6448,0.40,0.60
2008.04.22 12:52:33.134,1.6446,1.6448,0.40,0.60
2008.04.22 12:52:33.437,1.6446,1.6448,0.40,0.60
2008.04.22 12:52:33.536,1.6446,1.6448,0.40,0.60
2008.04.22 12:52:33.630,1.6446,1.6448,0.40,0.60
2008.04.22 12:52:33.698,1.6446,1.6448,0.40,0.60
2008.04.22 12:52:33.889,1.6446,1.6448,0.40,0.60
2008.04.22 12:52:34.179,1.6446,1.6448,0.40,0.60
2008.04.22 12:52:34.618,1.6446,1.64475,0.40,0.30
2008.04.22 12:52:34.808,1.64455,1.64475,0.40,0.30
2008.04.22 12:52:35.068,1.64455,1.64475,0.40,0.30
2008.04.22 12:52:35.328,1.64455,1.64475,0.40,0.30
2008.04.22 12:52:36.137,1.64455,1.64475,0.40,0.30
2008.04.22 12:52:37.592,1.64455,1.6448,0.90,0.80
2008.04.22 12:52:37.756,1.64455,1.6448,0.90,0.80
2008.04.22 12:52:37.917,1.6446,1.6448,0.40,0.80
2008.04.22 12:52:38.024,1.6446,1.6448,0.40,0.80
2008.04.22 12:52:38.131,1.6446,1.6448,0.40,0.60
2008.04.22 12:52:38.233,1.6446,1.6448,0.40,0.60
2008.04.22 12:52:38.657,1.6446,1.6448,0.40,0.60
2008.04.22 12:52:39.626,1.6446,1.6448,0.40,0.60
2008.04.22 12:52:39.919,1.6446,1.6448,0.40,0.60
2008.04.22 12:52:44.648,1.6446,1.64475,0.40,0.30
2008.04.22 12:52:44.825,1.64455,1.6447,0.40,0.30
2008.04.22 12:52:45.012,1.64455,1.6448,0.90,0.60
2008.04.22 12:52:45.179,1.6446,1.6448,0.40,0.60
2008.04.22 12:52:45.315,1.6446,1.6448,0.40,0.60
2008.04.22 12:52:45.449,1.6446,1.6448,0.40,0.60
2008.04.22 12:52:45.882,1.6446,1.6448,0.40,0.60
2008.04.22 12:52:46.162,1.6446,1.6448,0.40,0.60
2008.04.22 12:52:46.468,1.6446,1.6448,0.40,0.60
2008.04.22 12:52:51.587,1.6446,1.6448,0.40,0.60
2008.04.22 12:52:51.911,1.6446,1.6448,0.40,0.60
2008.04.22 12:52:51.988,1.6446,1.6448,0.40,0.60
2008.04.22 12:52:52.196,1.6446,1.6448,0.40,0.60
2008.04.22 12:52:52.394,1.6446,1.6448,0.40,0.60
2008.04.22 12:52:52.450,1.6446,1.64475,0.40,0.30
2008.04.22 12:52:52.585,1.6446,1.64475,0.40,0.30
2008.04.22 12:52:52.628,1.6446,1.64475,0.40,0.30
2008.04.22 12:52:52.671,1.6446,1.64475,0.40,0.30
2008.04.22 12:52:52.776,1.6446,1.64475,0.40,0.30
2008.04.22 12:52:52.819,1.64455,1.64475,0.90,0.30
2008.04.22 12:52:52.890,1.64455,1.64475,0.90,0.30
2008.04.22 12:52:52.936,1.64455,1.64475,0.90,0.30
2008.04.22 12:52:53.269,1.64455,1.64475,0.40,0.30
2008.04.22 12:52:53.598,1.64455,1.64475,0.40,0.30
2008.04.22 12:52:53.929,1.64455,1.64475,0.40,0.30
2008.04.22 12:52:54.379,1.64455,1.64475,0.40,0.30
2008.04.22 12:52:54.600,1.64455,1.64475,0.90,0.30
2008.04.22 12:52:54.820,1.64455,1.64475,0.90,0.30
2008.04.22 12:52:55.042,1.64455,1.6448,0.90,0.80
2008.04.22 12:52:55.229,1.64455,1.6448,0.90,0.60
2008.04.22 12:52:55.420,1.64455,1.6448,0.90,0.60
2008.04.22 12:52:55.644,1.64455,1.6448,0.90,0.60
2008.04.22 12:52:56.870,1.64455,1.6448,0.90,0.60
2008.04.22 12:53:01.659,1.64455,1.64475,0.90,0.30
2008.04.22 12:53:01.730,1.64455,1.64475,0.90,0.30
2008.04.22 12:53:01.801,1.64455,1.64475,0.90,0.30
2008.04.22 12:53:01.896,1.64455,1.64475,0.90,0.30
2008.04.22 12:53:01.968,1.64455,1.64475,0.90,0.30
2008.04.22 12:53:02.037,1.64455,1.64475,0.90,0.30
2008.04.22 12:53:02.107,1.64455,1.64475,0.90,0.30
2008.04.22 12:53:02.183,1.64455,1.64475,0.90,0.30
2008.04.22 12:53:02.269,1.64455,1.64475,0.90,0.30
2008.04.22 12:53:02.325,1.64455,1.64475,0.90,0.30
2008.04.22 12:53:02.398,1.64455,1.64475,0.90,0.30
2008.04.22 12:53:02.718,1.64455,1.64475,0.90,0.30
2008.04.22 12:53:03.039,1.64455,1.64475,0.90,0.30
2008.04.22 12:53:03.360,1.64455,1.64475,0.90,0.30
2008.04.22 12:53:03.678,1.64455,1.64475,0.90,0.30
2008.04.22 12:53:03.863,1.64455,1.64475,0.90,0.30
2008.04.22 12:53:04.058,1.64455,1.6448,0.90,0.80
2008.04.22 12:53:04.243,1.64455,1.6448,0.90,0.80
2008.04.22 12:53:05.587,1.64455,1.64475,0.90,0.30
2008.04.22 12:53:05.776,1.64455,1.64475,0.90,0.30
2008.04.22 12:53:06.130,1.64455,1.64475,0.90,0.30
2008.04.22 12:53:07.689,1.64455,1.64475,0.90,0.30
2008.04.22 12:53:08.098,1.64455,1.64475,0.90,0.30
2008.04.22 12:53:08.283,1.64455,1.6447,0.40,0.30
2008.04.22 12:53:08.478,1.64455,1.6447,0.40,0.30
2008.04.22 12:53:08.663,1.64455,1.6447,0.90,0.30
2008.04.22 12:53:08.863,1.64455,1.64475,0.90,0.30
2008.04.22 12:53:09.064,1.64455,1.64475,0.90,0.30
2008.04.22 12:53:09.263,1.64455,1.64475,0.90,0.30
2008.04.22 12:53:09.846,1.64455,1.64475,0.90,0.30
2008.04.22 12:53:11.040,1.64455,1.6448,0.90,0.80
2008.04.22 12:53:11.200,1.64455,1.6448,0.90,0.60
2008.04.22 12:53:11.360,1.64455,1.6448,0.60,0.60
2008.04.22 12:53:11.522,1.64455,1.6448,0.60,0.60
2008.04.22 12:53:12.139,1.64455,1.6448,0.60,0.60
2008.04.22 12:53:12.450,1.6446,1.6448,0.40,0.60
2008.04.22 12:53:12.767,1.6446,1.6448,0.90,0.60
2008.04.22 12:53:12.980,1.6446,1.6448,0.90,0.60
2008.04.22 12:53:13.194,1.6446,1.6448,0.90,0.60
2008.04.22 12:53:13.409,1.6446,1.6448,0.90,0.60
2008.04.22 12:53:13.625,1.6446,1.6448,0.40,0.60
2008.04.22 12:53:13.876,1.6446,1.6448,0.40,0.60
2008.04.22 12:53:14.127,1.64455,1.6447,0.60,0.30
2008.04.22 12:53:14.377,1.64455,1.6448,0.60,0.80
2008.04.22 12:53:14.627,1.64455,1.6448,0.60,0.60
2008.04.22 12:53:14.934,1.64455,1.6448,0.60,0.60
2008.04.22 12:53:15.088,1.64455,1.6448,0.60,0.60
2008.04.22 12:53:15.243,1.64455,1.6448,0.60,0.60
2008.04.22 12:53:15.439,1.64455,1.6448,0.60,0.60
2008.04.22 12:53:15.652,1.64455,1.6448,0.60,0.60
2008.04.22 12:53:16.126,1.64455,1.6448,0.90,0.60
2008.04.22 12:53:16.341,1.64455,1.6448,0.90,0.60
2008.04.22 12:53:16.925,1.64455,1.6448,0.90,0.60
2008.04.22 12:53:17.828,1.6446,1.6448,0.60,0.60
2008.04.22 12:53:17.918,1.6446,1.6448,0.60,0.60
2008.04.22 12:53:18.068,1.6446,1.6448,0.90,0.60
2008.04.22 12:53:18.211,1.6446,1.6448,0.90,0.60
2008.04.22 12:53:18.356,1.6446,1.6448,0.40,0.60
2008.04.22 12:53:18.501,1.64455,1.6448,0.90,0.60
2008.04.22 12:53:18.646,1.64455,1.6448,0.90,0.60
2008.04.22 12:53:18.931,1.64455,1.6448,0.90,0.60
2008.04.22 12:53:19.922,1.64455,1.6448,0.90,0.60
2008.04.22 12:53:20.448,1.64455,1.6448,0.90,0.60
2008.04.22 12:53:20.743,1.64455,1.6448,0.90,0.60
2008.04.22 12:53:20.944,1.64455,1.6448,0.90,0.60
2008.04.22 12:53:21.190,1.64455,1.64475,0.90,0.30
2008.04.22 12:53:21.435,1.64455,1.64475,0.90,0.30
2008.04.22 12:53:21.681,1.64455,1.6448,0.90,0.80
2008.04.22 12:53:21.924,1.64455,1.6448,0.90,0.60
2008.04.22 12:53:22.151,1.64455,1.6448,0.90,0.60
2008.04.22 12:53:22.366,1.64455,1.6448,0.90,0.60
2008.04.22 12:53:22.581,1.6446,1.64485,2.20,0.30
2008.04.22 12:53:22.797,1.6446,1.6448,4.90,0.30
2008.04.22 12:53:23.013,1.6446,1.6448,2.50,0.30
2008.04.22 12:53:23.168,1.6446,1.6448,0.60,0.60
2008.04.22 12:53:23.324,1.64455,1.6448,0.90,0.60
2008.04.22 12:53:23.477,1.64455,1.6448,0.90,0.60
2008.04.22 12:53:23.648,1.64455,1.6448,0.90,0.60
2008.04.22 12:53:24.653,1.64455,1.6448,0.90,0.60
2008.04.22 12:53:24.953,1.64455,1.6448,0.90,0.60
2008.04.22 12:53:25.253,1.6446,1.6448,0.60,0.60
2008.04.22 12:53:25.429,1.6446,1.6448,0.40,0.60
2008.04.22 12:53:25.603,1.64455,1.6448,0.90,0.60
2008.04.22 12:53:25.779,1.6446,1.6448,0.40,0.60
2008.04.22 12:53:25.955,1.6446,1.6448,0.90,0.60
2008.04.22 12:53:26.128,1.6446,1.6448,0.90,0.60
2008.04.22 12:53:26.449,1.6446,1.6448,0.40,0.60
2008.04.22 12:53:26.771,1.6445,1.64475,2.20,0.30
2008.04.22 12:53:27.100,1.6445,1.6447,2.20,0.60
2008.04.22 12:53:27.216,1.6445,1.6447,0.90,0.60
2008.04.22 12:53:27.343,1.6445,1.6447,0.90,0.60
2008.04.22 12:53:27.459,1.6445,1.6447,0.90,0.30
2008.04.22 12:53:27.573,1.6445,1.6447,0.90,0.30
2008.04.22 12:53:27.698,1.6445,1.6447,2.20,0.60
2008.04.22 12:53:27.813,1.6445,1.6447,2.20,0.60
2008.04.22 12:53:27.927,1.6445,1.6447,2.20,0.60
2008.04.22 12:53:28.196,1.6445,1.6447,0.90,0.60
2008.04.22 12:53:28.421,1.6445,1.6447,0.90,0.60
2008.04.22 12:53:29.128,1.6445,1.6447,0.90,0.60
2008.04.22 12:53:31.186,1.6445,1.6447,0.90,0.60
2008.04.22 12:53:31.701,1.6445,1.6447,0.90,0.60
2008.04.22 12:53:31.901,1.6445,1.6447,0.40,0.60
2008.04.22 12:53:32.117,1.6445,1.6447,0.40,0.60
2008.04.22 12:53:32.316,1.6445,1.6447,0.40,0.60
2008.04.22 12:53:32.491,1.6445,1.6447,0.40,0.80
2008.04.22 12:53:32.665,1.6445,1.6447,0.40,0.80
2008.04.22 12:53:32.841,1.64445,1.6446,0.60,0.30
2008.04.22 12:53:33.016,1.6444,1.6446,2.50,0.30
2008.04.22 12:53:33.315,1.6444,1.6446,2.50,0.30
2008.04.22 12:53:33.520,1.6444,1.6446,2.50,0.30
2008.04.22 12:53:33.887,1.6444,1.6446,2.50,0.30
2008.04.22 12:53:34.209,1.6444,1.6446,2.50,0.30
2008.04.22 12:53:34.338,1.6444,1.6446,2.50,0.30
2008.04.22 12:53:34.468,1.6444,1.6446,2.50,0.30
2008.04.22 12:53:34.884,1.6444,1.6446,2.50,0.30
2008.04.22 12:53:35.014,1.6444,1.6446,2.50,0.30
2008.04.22 12:53:35.145,1.6444,1.6446,2.50,0.30
2008.04.22 12:53:35.274,1.6444,1.6446,2.20,0.30
2008.04.22 12:53:35.570,1.6444,1.6446,2.20,0.60
2008.04.22 12:53:36.381,1.6444,1.6446,2.20,0.60
2008.04.22 12:53:36.511,1.6444,1.6446,2.20,0.30
2008.04.22 12:53:36.640,1.6444,1.6446,2.20,0.30
2008.04.22 12:53:36.779,1.6445,1.64465,0.40,0.30
2008.04.22 12:53:36.910,1.6445,1.64465,0.40,0.30
2008.04.22 12:53:37.072,1.6445,1.64465,0.40,0.30
2008.04.22 12:53:37.202,1.6445,1.6447,0.40,0.80
2008.04.22 12:53:37.336,1.6445,1.6447,0.40,0.80
2008.04.22 12:53:37.561,1.6445,1.6447,0.40,0.80
2008.04.22 12:53:37.787,1.6445,1.6447,0.40,0.80
2008.04.22 12:53:38.013,1.6445,1.64465,0.40,0.30
2008.04.22 12:53:38.238,1.6445,1.64465,0.40,0.30
2008.04.22 12:53:38.542,1.6445,1.64465,0.40,0.30
2008.04.22 12:53:38.657,1.6445,1.64465,0.40,0.30
2008.04.22 12:53:39.438,1.6445,1.64465,0.40,0.30
2008.04.22 12:53:39.542,1.6444,1.6446,1.20,0.30
2008.04.22 12:53:39.647,1.6444,1.6446,2.50,0.30
2008.04.22 12:53:39.762,1.6444,1.6446,2.20,0.30
2008.04.22 12:53:40.115,1.6444,1.6446,2.20,0.30
2008.04.22 12:53:40.268,1.6444,1.6446,2.20,0.30
2008.04.22 12:53:40.420,1.6444,1.6446,2.20,0.30
2008.04.22 12:53:42.374,1.6444,1.6446,2.20,0.30
2008.04.22 12:53:42.682,1.6444,1.6446,2.20,0.30
2008.04.22 12:53:43.494,1.6444,1.6446,2.20,0.30
2008.04.22 12:53:43.693,1.6444,1.6446,2.20,0.30
2008.04.22 12:53:43.870,1.64445,1.6446,0.60,0.30
2008.04.22 12:53:43.921,1.64445,1.6446,0.60,0.30
2008.04.22 12:53:43.999,1.64445,1.6446,0.60,0.30
2008.04.22 12:53:44.040,1.64445,1.6446,0.60,0.30
2008.04.22 12:53:44.084,1.6445,1.64465,0.40,0.30
2008.04.22 12:53:44.124,1.6445,1.64465,0.40,0.30
2008.04.22 12:53:44.171,1.6445,1.64465,0.40,0.30
2008.04.22 12:53:44.398,1.6445,1.6447,0.40,3.20
2008.04.22 12:53:44.442,1.6445,1.6447,0.40,3.20
2008.04.22 12:53:44.481,1.6445,1.6447,0.40,0.80
2008.04.22 12:53:44.521,1.6445,1.6447,0.40,0.80
2008.04.22 12:53:44.561,1.6445,1.6447,0.40,0.80
2008.04.22 12:53:44.639,1.6445,1.6447,0.40,0.80
2008.04.22 12:53:44.678,1.6445,1.6447,0.40,0.80
2008.04.22 12:53:44.718,1.6445,1.6447,0.40,0.80
2008.04.22 12:53:50.190,1.6445,1.6447,0.40,0.80
2008.04.22 12:53:52.948,1.6445,1.6447,0.40,0.80
2008.04.22 12:53:53.241,1.6445,1.6447,0.40,0.80
2008.04.22 12:53:57.230,1.6445,1.6447,0.40,0.80
2008.04.22 12:53:57.944,1.6445,1.6447,0.40,0.80
2008.04.22 12:53:58.868,1.6445,1.6447,0.40,0.80
2008.04.22 12:53:59.142,1.6445,1.6447,0.40,0.80
2008.04.22 12:53:59.247,1.6445,1.6447,0.40,0.80
2008.04.22 12:53:59.380,1.6445,1.6447,0.40,0.80
2008.04.22 12:53:59.920,1.6445,1.6447,0.40,0.80
2008.04.22 12:54:01.668,1.6445,1.6447,0.40,0.80
2008.04.22 12:54:02.331,1.6445,1.6447,0.40,0.80
2008.04.22 12:54:02.467,1.64445,1.6447,0.60,0.80
2008.04.22 12:54:02.691,1.64445,1.6447,0.60,0.80
2008.04.22 12:54:02.826,1.6445,1.6447,0.40,0.80
2008.04.22 12:54:02.960,1.6445,1.6447,0.40,0.80
2008.04.22 12:54:03.095,1.6445,1.6447,0.40,0.80
2008.04.22 12:54:03.232,1.6445,1.6447,0.40,0.80
2008.04.22 12:54:03.496,1.6445,1.6447,0.40,0.80
2008.04.22 12:54:04.640,1.6445,1.6447,0.40,0.80
2008.04.22 12:54:04.765,1.64445,1.6447,0.60,0.80
2008.04.22 12:54:04.901,1.64445,1.6447,0.60,0.80
2008.04.22 12:54:05.180,1.64445,1.6447,0.60,0.80
2008.04.22 12:54:05.304,1.64445,1.6447,0.60,0.60
2008.04.22 12:54:05.510,1.64445,1.6447,0.60,0.60
2008.04.22 12:54:05.987,1.6444,1.64465,2.20,0.30
2008.04.22 12:54:06.192,1.6444,1.64465,2.20,0.30
2008.04.22 12:54:06.397,1.6444,1.64465,2.20,0.30
2008.04.22 12:54:06.639,1.64445,1.6447,0.60,0.60
2008.04.22 12:54:06.882,1.64445,1.6447,0.60,0.60
2008.04.22 12:54:07.113,1.64445,1.6447,0.60,0.60
2008.04.22 12:54:07.342,1.64445,1.6447,0.60,0.60
2008.04.22 12:54:10.237,1.64445,1.6447,0.60,0.60
2008.04.22 12:54:10.378,1.64445,1.6447,0.60,0.60
2008.04.22 12:54:10.543,1.6444,1.64465,2.20,0.30
2008.04.22 12:54:10.718,1.6444,1.64465,2.20,0.30
2008.04.22 12:54:11.082,1.6444,1.64465,2.20,0.30
2008.04.22 12:54:11.247,1.6444,1.6446,1.90,0.60
2008.04.22 12:54:11.425,1.6444,1.6446,1.20,0.60
2008.04.22 12:54:11.617,1.6444,1.6446,2.20,0.30
2008.04.22 12:54:11.817,1.6444,1.6446,2.20,0.30
2008.04.22 12:54:12.009,1.6444,1.6446,1.90,0.30
2008.04.22 12:54:12.199,1.6444,1.6446,1.90,0.30
2008.04.22 12:54:12.398,1.6444,1.6446,2.20,0.30
2008.04.22 12:54:12.590,1.6444,1.6446,1.90,0.30
2008.04.22 12:54:12.869,1.6444,1.6446,2.20,0.30
2008.04.22 12:54:13.175,1.6444,1.6446,2.20,0.30
2008.04.22 12:54:13.454,1.6444,1.6446,2.20,0.30
2008.04.22 12:54:13.905,1.6444,1.6446,2.20,0.30
2008.04.22 12:54:14.423,1.6444,1.6446,2.20,0.30
2008.04.22 12:54:14.606,1.6444,1.6446,2.20,0.30
2008.04.22 12:54:14.803,1.6444,1.6446,2.20,0.30
2008.04.22 12:54:15.009,1.6444,1.64455,1.60,0.30
2008.04.22 12:54:15.215,1.6443,1.64455,4.60,0.30
2008.04.22 12:54:15.410,1.6443,1.6445,0.90,0.30
2008.04.22 12:54:15.605,1.6443,1.6445,2.20,0.30
2008.04.22 12:54:15.897,1.64435,1.6445,0.60,0.30
2008.04.22 12:54:16.186,1.64435,1.6445,0.60,0.30
2008.04.22 12:54:16.476,1.64435,1.6445,0.60,0.30
2008.04.22 12:54:16.769,1.64435,1.6445,0.60,0.30
2008.04.22 12:54:16.996,1.64435,1.6445,0.60,0.30
2008.04.22 12:54:17.373,1.64435,1.6445,0.60,0.30
2008.04.22 12:54:17.658,1.64435,1.6445,0.60,0.30
2008.04.22 12:54:17.904,1.64435,1.6445,0.60,0.30
2008.04.22 12:54:18.287,1.64435,1.6445,0.60,0.30
2008.04.22 12:54:18.699,1.64435,1.6445,0.60,0.30
2008.04.22 12:54:18.835,1.64435,1.6445,0.60,0.30
2008.04.22 12:54:18.970,1.64435,1.6445,0.60,0.30
2008.04.22 12:54:19.439,1.6443,1.6445,1.20,0.30
2008.04.22 12:54:19.641,1.6443,1.6445,1.20,0.30
2008.04.22 12:54:19.738,1.6443,1.6445,2.50,0.30
2008.04.22 12:54:19.842,1.6443,1.6445,4.90,0.30
2008.04.22 12:54:19.939,1.6444,1.6446,0.40,0.60
2008.04.22 12:54:20.032,1.6444,1.6446,0.40,0.80
2008.04.22 12:54:20.153,1.6444,1.6446,0.40,0.80
2008.04.22 12:54:20.246,1.6444,1.6446,0.40,0.60
2008.04.22 12:54:20.608,1.6444,1.64455,0.40,0.30
2008.04.22 12:54:20.714,1.6444,1.64455,0.40,0.30
2008.04.22 12:54:20.989,1.64435,1.6445,0.30,0.30
2008.04.22 12:54:21.274,1.64435,1.6445,0.30,0.30
2008.04.22 12:54:21.559,1.64435,1.6445,0.30,0.30
2008.04.22 12:54:21.844,1.64435,1.6445,0.30,0.30
2008.04.22 12:54:21.975,1.64435,1.6445,0.30,0.60
2008.04.22 12:54:22.105,1.64435,1.6445,0.30,0.60
2008.04.22 12:54:22.236,1.6443,1.6445,0.60,0.60
2008.04.22 12:54:22.377,1.6443,1.6445,0.90,0.60
2008.04.22 12:54:22.508,1.6443,1.6445,0.90,0.30
2008.04.22 12:54:22.644,1.6443,1.6445,0.90,0.60
2008.04.22 12:54:22.779,1.6443,1.6445,0.90,0.60
2008.04.22 12:54:23.131,1.6444,1.64455,0.40,0.30
2008.04.22 12:54:23.476,1.64435,1.6445,0.60,0.30
2008.04.22 12:54:23.811,1.6443,1.6445,0.90,0.60
2008.04.22 12:54:23.985,1.6443,1.6445,0.90,0.60
2008.04.22 12:54:24.198,1.6443,1.6445,0.90,0.60
2008.04.22 12:54:24.491,1.6443,1.6445,0.90,0.30
2008.04.22 12:54:24.666,1.6443,1.6445,0.90,0.30
2008.04.22 12:54:24.855,1.6443,1.6445,0.90,0.30
2008.04.22 12:54:25.150,1.6443,1.6445,0.90,0.60
2008.04.22 12:54:25.433,1.6443,1.6445,0.90,0.60
2008.04.22 12:54:25.815,1.6443,1.6445,0.90,0.60
2008.04.22 12:54:26.154,1.6443,1.6445,0.90,0.60
2008.04.22 12:54:27.864,1.6443,1.6445,0.40,0.60
2008.04.22 12:54:28.003,1.64425,1.6445,0.90,0.60
2008.04.22 12:54:28.114,1.64425,1.6445,0.90,0.60
2008.04.22 12:54:28.341,1.64425,1.6445,0.90,0.80
2008.04.22 12:54:28.461,1.64425,1.6445,0.90,0.80
2008.04.22 12:54:28.646,1.64425,1.6445,0.90,0.80
2008.04.22 12:54:28.753,1.64425,1.6445,0.90,0.80
2008.04.22 12:54:29.851,1.64425,1.64445,0.90,0.30
2008.04.22 12:54:30.186,1.64425,1.6445,0.90,0.80
2008.04.22 12:54:30.301,1.6443,1.6445,0.40,0.80
2008.04.22 12:54:30.415,1.6443,1.6445,0.90,0.60
2008.04.22 12:54:30.529,1.6443,1.6445,0.90,0.60
2008.04.22 12:54:30.644,1.6443,1.6445,0.90,0.30
2008.04.22 12:54:30.759,1.6443,1.6445,0.90,0.30
2008.04.22 12:54:30.876,1.6443,1.6445,0.90,0.30
2008.04.22 12:54:30.990,1.6443,1.6445,0.90,0.30
2008.04.22 12:54:31.109,1.6443,1.6445,0.90,0.60
2008.04.22 12:54:31.384,1.6443,1.6445,0.90,0.60
2008.04.22 12:54:31.659,1.6443,1.6445,0.40,0.60
2008.04.22 12:54:31.934,1.6443,1.64445,0.40,0.30
2008.04.22 12:54:32.209,1.6443,1.6445,0.90,0.80
2008.04.22 12:54:32.445,1.6443,1.64445,0.40,0.30
2008.04.22 12:54:32.682,1.64425,1.6444,0.60,0.30
2008.04.22 12:54:32.916,1.64425,1.6444,0.60,0.30
2008.04.22 12:54:33.152,1.64425,1.6445,0.60,3.20
2008.04.22 12:54:33.439,1.6443,1.6445,0.60,0.50
2008.04.22 12:54:33.706,1.6443,1.6445,0.60,0.30
2008.04.22 12:54:33.984,1.6443,1.6445,0.90,0.30
2008.04.22 12:54:34.267,1.6443,1.6445,0.90,0.30
2008.04.22 12:54:34.543,1.6443,1.6445,0.90,0.30
2008.04.22 12:54:34.796,1.6443,1.6445,1.20,0.30
2008.04.22 12:54:35.060,1.6443,1.6445,1.20,0.30
2008.04.22 12:54:35.870,1.64435,1.6445,0.60,0.30
2008.04.22 12:54:36.081,1.64435,1.6446,0.60,0.80
2008.04.22 12:54:36.291,1.64435,1.6446,0.60,0.80
2008.04.22 12:54:36.422,1.64435,1.6446,0.60,0.80
2008.04.22 12:54:36.684,1.64435,1.6446,0.90,0.80
2008.04.22 12:54:37.386,1.6444,1.6446,0.60,0.50
2008.04.22 12:54:37.492,1.6444,1.6446,0.90,0.40
2008.04.22 12:54:37.597,1.6444,1.6446,0.90,0.40
2008.04.22 12:54:37.714,1.6444,1.6446,0.90,0.40
2008.04.22 12:54:37.820,1.6444,1.6446,0.90,0.40
2008.04.22 12:54:38.125,1.6444,1.64455,0.40,0.30
2008.04.22 12:54:38.232,1.6444,1.64455,0.40,0.30
2008.04.22 12:54:38.336,1.64435,1.6445,0.40,0.30
2008.04.22 12:54:38.594,1.64435,1.6445,0.40,0.30
2008.04.22 12:54:38.848,1.6443,1.6445,1.20,0.30
2008.04.22 12:54:39.114,1.6443,1.6445,1.20,0.30
2008.04.22 12:54:39.369,1.6443,1.6445,1.20,0.30
2008.04.22 12:54:39.537,1.6443,1.6445,1.20,0.30
2008.04.22 12:54:39.709,1.6443,1.6445,0.60,0.60
2008.04.22 12:54:39.877,1.6443,1.6445,0.60,0.60
2008.04.22 12:54:40.048,1.6443,1.6445,1.20,0.60
2008.04.22 12:54:40.219,1.6443,1.6445,0.60,0.60
2008.04.22 12:54:40.409,1.6443,1.6445,0.60,0.60
2008.04.22 12:54:40.744,1.6443,1.6445,1.20,0.30
2008.04.22 12:54:41.086,1.6443,1.6445,1.20,0.30
2008.04.22 12:54:41.436,1.6443,1.6445,1.20,0.30
2008.04.22 12:54:41.662,1.6443,1.64455,1.20,0.30
2008.04.22 12:54:41.883,1.64435,1.64455,0.40,0.30
2008.04.22 12:54:42.104,1.64435,1.6446,0.90,0.80
2008.04.22 12:54:42.584,1.64435,1.6446,0.90,0.80
2008.04.22 12:54:42.825,1.6444,1.6446,0.90,0.40
2008.04.22 12:54:43.078,1.64435,1.6445,0.40,0.30
2008.04.22 12:54:43.306,1.64435,1.6445,0.40,0.30
2008.04.22 12:54:43.546,1.6443,1.6445,1.20,0.60
2008.04.22 12:54:43.725,1.6443,1.6445,1.20,0.60
2008.04.22 12:54:43.908,1.6443,1.6445,1.20,0.60
2008.04.22 12:54:44.098,1.6443,1.6445,1.20,0.30
2008.04.22 12:54:44.290,1.64435,1.6445,0.60,0.30
2008.04.22 12:54:44.482,1.64435,1.6445,0.60,0.30
2008.04.22 12:54:44.796,1.64435,1.6445,0.60,0.30
2008.04.22 12:54:45.868,1.64435,1.6445,0.60,0.30
2008.04.22 12:54:46.158,1.64435,1.6445,0.60,0.30
2008.04.22 12:54:46.366,1.64435,1.6445,0.60,0.30
2008.04.22 12:54:46.679,1.64435,1.6445,0.60,0.30
2008.04.22 12:54:46.828,1.64435,1.6445,0.90,0.30
2008.04.22 12:54:46.952,1.64435,1.6445,0.90,0.30
2008.04.22 12:54:47.188,1.64435,1.6445,0.90,0.30
2008.04.22 12:54:48.118,1.6444,1.6445,0.60,0.30
2008.04.22 12:54:48.399,1.6444,1.6445,0.90,0.30
2008.04.22 12:54:48.680,1.6444,1.64465,1.20,0.60
2008.04.22 12:54:48.830,1.6444,1.64465,1.20,0.60
2008.04.22 12:54:48.981,1.6444,1.64465,1.20,0.60
2008.04.22 12:54:49.129,1.6444,1.64465,1.20,0.60
2008.04.22 12:54:49.279,1.6444,1.64465,1.20,0.60
2008.04.22 12:54:49.430,1.64445,1.64465,0.90,0.40
2008.04.22 12:54:49.580,1.64445,1.64465,0.90,0.40
2008.04.22 12:54:49.855,1.64445,1.6447,0.90,0.60
2008.04.22 12:54:50.129,1.64445,1.6447,0.90,1.30
2008.04.22 12:54:50.405,1.6445,1.6446,0.60,0.30
2008.04.22 12:54:50.679,1.6444,1.64465,1.20,0.30
2008.04.22 12:54:50.920,1.6444,1.6446,0.40,0.30
2008.04.22 12:54:51.162,1.6444,1.6446,0.90,0.30
2008.04.22 12:54:51.404,1.6444,1.64465,0.90,0.30
2008.04.22 12:54:51.644,1.6444,1.6446,0.90,0.80
2008.04.22 12:54:51.886,1.6444,1.6446,0.90,1.00
2008.04.22 12:54:52.126,1.6444,1.6446,0.40,0.60
2008.04.22 12:54:52.368,1.64435,1.6445,0.90,0.30
2008.04.22 12:54:52.610,1.64435,1.6446,0.90,0.80
2008.04.22 12:54:52.812,1.64435,1.64455,0.90,0.30
2008.04.22 12:54:53.013,1.64435,1.6445,0.40,0.30
2008.04.22 12:54:53.221,1.6443,1.6445,0.90,0.30
2008.04.22 12:54:53.421,1.6443,1.6445,0.90,0.30
2008.04.22 12:54:53.630,1.64435,1.64455,0.60,0.30
2008.04.22 12:54:53.801,1.64435,1.64455,0.60,0.30
2008.04.22 12:54:53.982,1.6443,1.6445,1.20,0.60
2008.04.22 12:54:54.160,1.6443,1.6445,1.20,0.60
2008.04.22 12:54:54.873,1.6443,1.6445,1.20,0.60
2008.04.22 12:54:55.145,1.6443,1.6445,1.20,0.60
2008.04.22 12:54:55.329,1.6443,1.6445,1.20,0.30
2008.04.22 12:54:55.515,1.6443,1.6445,1.20,0.30
2008.04.22 12:54:55.701,1.6443,1.6445,1.20,0.30
2008.04.22 12:54:55.942,1.6444,1.64455,0.40,0.30
2008.04.22 12:54:56.183,1.6444,1.6446,0.40,0.80
2008.04.22 12:54:56.423,1.64435,1.6446,0.90,0.60
2008.04.22 12:54:56.676,1.64435,1.6446,0.90,0.60
2008.04.22 12:54:56.932,1.64445,1.64465,0.40,0.30
2008.04.22 12:54:57.197,1.64445,1.64465,0.40,0.30
2008.04.22 12:54:57.462,1.64445,1.64465,0.40,0.30
2008.04.22 12:54:57.728,1.64445,1.6446,0.40,0.60
2008.04.22 12:54:57.988,1.64445,1.6446,0.40,0.60
2008.04.22 12:54:58.248,1.64445,1.6446,0.40,0.60
2008.04.22 12:54:58.603,1.64445,1.6446,0.40,0.60
2008.04.22 12:54:59.120,1.64445,1.6446,0.40,0.60
2008.04.22 12:54:59.335,1.64445,1.6446,0.40,0.60
2008.04.22 12:54:59.623,1.64445,1.6446,0.40,0.60
2008.04.22 12:54:59.773,1.64435,1.6446,0.90,2.90
2008.04.22 12:54:59.993,1.64435,1.6445,0.40,0.30
2008.04.22 12:55:00.213,1.64435,1.6445,0.90,0.30
2008.04.22 12:55:00.434,1.64435,1.6446,0.90,0.80
2008.04.22 12:55:00.654,1.64435,1.6446,0.90,0.60
2008.04.22 12:55:00.874,1.64435,1.6446,0.90,0.60
2008.04.22 12:55:01.094,1.6444,1.6446,0.40,0.60
2008.04.22 12:55:01.305,1.6444,1.6446,0.90,0.30
2008.04.22 12:55:01.514,1.6444,1.6446,0.90,0.30
2008.04.22 12:55:01.724,1.6444,1.6446,0.90,0.30
2008.04.22 12:55:01.936,1.64445,1.64465,0.40,0.30
2008.04.22 12:55:02.146,1.64445,1.64465,0.40,0.30
2008.04.22 12:55:02.356,1.6444,1.6446,1.20,0.30
2008.04.22 12:55:02.566,1.6444,1.6446,1.20,0.30
2008.04.22 12:55:02.777,1.6444,1.64465,1.20,0.30
2008.04.22 12:55:02.991,1.6444,1.64465,1.20,0.30
2008.04.22 12:55:03.206,1.6444,1.64465,1.20,0.30
2008.04.22 12:55:03.421,1.6444,1.64465,1.20,0.30
2008.04.22 12:55:04.521,1.6444,1.64465,1.20,0.30
2008.04.22 12:55:04.720,1.64445,1.64465,0.40,0.30
2008.04.22 12:55:04.903,1.64445,1.64465,0.40,0.30
2008.04.22 12:55:05.039,1.64445,1.6446,0.40,0.30
2008.04.22 12:55:05.174,1.64445,1.6446,0.40,0.30
2008.04.22 12:55:05.473,1.64445,1.6446,0.40,0.30
2008.04.22 12:55:05.608,1.64445,1.6446,0.40,0.60
2008.04.22 12:55:05.743,1.64445,1.6446,0.40,0.60
2008.04.22 12:55:05.886,1.64445,1.6446,0.40,0.30
2008.04.22 12:55:06.222,1.64445,1.64465,0.40,0.30
2008.04.22 12:55:06.557,1.64445,1.64465,0.40,0.30
2008.04.22 12:55:06.892,1.64445,1.64465,0.40,0.30
2008.04.22 12:55:07.063,1.64445,1.64465,0.40,0.30
2008.04.22 12:55:10.240,1.64445,1.64465,0.40,0.30
2008.04.22 12:55:10.323,1.64445,1.64465,0.90,0.30
2008.04.22 12:55:11.151,1.64445,1.64465,0.90,0.30
2008.04.22 12:55:11.268,1.64445,1.64465,0.90,0.30
2008.04.22 12:55:11.447,1.64445,1.64465,0.90,0.30
2008.04.22 12:55:11.862,1.64445,1.64465,0.90,0.30
2008.04.22 12:55:13.295,1.64445,1.64465,0.40,0.30
2008.04.22 12:55:13.393,1.64445,1.64465,0.40,0.30
2008.04.22 12:55:14.120,1.64445,1.6446,0.40,0.30
2008.04.22 12:55:14.204,1.64445,1.6446,0.40,0.30
2008.04.22 12:55:14.256,1.64445,1.6446,0.40,0.30
2008.04.22 12:55:14.425,1.64445,1.64465,0.40,0.30
2008.04.22 12:55:14.724,1.64445,1.6446,0.40,0.60
2008.04.22 12:55:15.023,1.64445,1.6446,0.40,0.60
2008.04.22 12:55:15.323,1.64445,1.6446,0.40,0.30
2008.04.22 12:55:15.633,1.64445,1.64465,0.40,0.30
2008.04.22 12:55:15.844,1.64445,1.64465,0.40,0.30
2008.04.22 12:55:16.053,1.64445,1.64465,0.40,0.30
2008.04.22 12:55:17.470,1.64445,1.6446,0.40,0.30
2008.04.22 12:55:17.691,1.64445,1.6446,0.40,0.30
2008.04.22 12:55:17.806,1.64445,1.6446,0.40,0.60
2008.04.22 12:55:17.921,1.64445,1.6446,0.40,0.60
2008.04.22 12:55:18.035,1.64445,1.6446,0.40,0.60
2008.04.22 12:55:18.152,1.64445,1.6446,0.40,0.60
2008.04.22 12:55:18.267,1.64445,1.6446,0.40,0.60
2008.04.22 12:55:18.706,1.64445,1.6446,0.40,0.60
2008.04.22 12:55:19.040,1.64445,1.6446,0.40,0.60
2008.04.22 12:55:19.375,1.64445,1.6446,0.40,0.60
2008.04.22 12:55:19.710,1.64445,1.6446,0.40,0.60
2008.04.22 12:55:20.634,1.64445,1.6446,0.40,0.60
2008.04.22 12:55:20.760,1.64445,1.6446,0.40,0.30
2008.04.22 12:55:20.885,1.64445,1.6446,0.40,0.30
2008.04.22 12:55:21.389,1.64445,1.6446,0.40,0.30
2008.04.22 12:55:21.611,1.64445,1.6446,0.40,0.30
2008.04.22 12:55:22.619,1.64445,1.6446,0.40,0.30
2008.04.22 12:55:22.856,1.64445,1.6446,0.40,0.30
2008.04.22 12:55:23.731,1.64445,1.6446,0.40,0.30
2008.04.22 12:55:24.001,1.64445,1.6446,0.40,0.60
2008.04.22 12:55:24.411,1.64445,1.6446,0.40,0.60
2008.04.22 12:55:24.623,1.64445,1.6446,0.40,0.60
2008.04.22 12:55:25.116,1.64445,1.6446,0.40,0.60
2008.04.22 12:55:25.405,1.64445,1.6446,0.40,0.30
2008.04.22 12:55:25.697,1.64445,1.64465,0.90,0.30
2008.04.22 12:55:25.888,1.64445,1.64465,0.90,0.30
2008.04.22 12:55:26.088,1.64445,1.64465,0.90,0.30
2008.04.22 12:55:26.277,1.64445,1.64465,0.90,0.30
2008.04.22 12:55:26.468,1.64445,1.64465,0.90,0.30
2008.04.22 12:55:26.658,1.64445,1.64465,0.90,0.30
2008.04.22 12:55:26.902,1.64445,1.64465,0.90,0.30
2008.04.22 12:55:27.406,1.64445,1.64465,0.90,0.30
2008.04.22 12:55:27.642,1.64445,1.64465,0.90,0.30
2008.04.22 12:55:28.100,1.64445,1.64465,0.90,0.30
2008.04.22 12:55:28.201,1.64445,1.64465,0.90,0.30
2008.04.22 12:55:28.700,1.6445,1.64465,0.40,0.30
2008.04.22 12:55:29.079,1.6445,1.64465,0.40,0.30
2008.04.22 12:55:29.374,1.6445,1.64465,0.60,0.30
2008.04.22 12:55:29.668,1.6445,1.64465,0.40,0.30
2008.04.22 12:55:29.964,1.64445,1.64465,0.90,0.30
2008.04.22 12:55:30.117,1.64445,1.64465,0.90,0.30
2008.04.22 12:55:30.604,1.64445,1.64465,0.90,0.30
2008.04.22 12:55:30.819,1.64445,1.6447,0.90,0.80
2008.04.22 12:55:31.043,1.6445,1.6447,0.40,0.60
2008.04.22 12:55:31.276,1.6445,1.6447,0.40,0.60
2008.04.22 12:55:31.499,1.6445,1.6447,0.60,0.60
2008.04.22 12:55:31.736,1.6445,1.6447,0.60,0.60
2008.04.22 12:55:32.701,1.6445,1.6447,0.60,0.60
2008.04.22 12:55:32.879,1.6445,1.6447,1.20,0.30
2008.04.22 12:55:33.032,1.6445,1.6447,1.20,0.30
2008.04.22 12:55:33.197,1.6445,1.6447,1.20,0.30
2008.04.22 12:55:33.411,1.6445,1.64465,0.60,0.30
2008.04.22 12:55:33.576,1.6445,1.64465,0.40,0.30
2008.04.22 12:55:33.742,1.6445,1.64465,0.40,0.30
2008.04.22 12:55:33.915,1.6445,1.64465,0.40,0.30
2008.04.22 12:55:34.070,1.6445,1.64465,0.40,0.30
2008.04.22 12:55:34.573,1.6445,1.64465,0.40,0.30
2008.04.22 12:55:34.898,1.6445,1.6447,0.90,0.50
2008.04.22 12:55:35.218,1.6445,1.6447,1.20,0.30
2008.04.22 12:55:35.399,1.6445,1.6447,1.20,0.30
2008.04.22 12:55:35.596,1.64455,1.6447,0.60,0.30
2008.04.22 12:55:35.741,1.64455,1.6447,0.60,0.30
2008.04.22 12:55:35.885,1.64455,1.6447,0.60,0.30
2008.04.22 12:55:36.030,1.6445,1.6447,0.60,0.60
2008.04.22 12:55:36.260,1.6445,1.6447,0.60,0.60
2008.04.22 12:55:36.594,1.6445,1.6447,0.60,0.60
2008.04.22 12:55:36.824,1.6445,1.6447,0.60,0.60
2008.04.22 12:55:37.360,1.6445,1.6447,0.60,0.60
2008.04.22 12:55:37.902,1.6445,1.64465,0.60,0.30
2008.04.22 12:55:38.119,1.6445,1.64465,0.60,0.30
2008.04.22 12:55:38.304,1.6445,1.64465,0.60,0.30
2008.04.22 12:55:38.586,1.6445,1.6447,1.20,0.30
2008.04.22 12:55:38.771,1.6445,1.64475,1.20,0.30
2008.04.22 12:55:38.957,1.6445,1.6447,0.90,0.30
2008.04.22 12:55:39.144,1.6445,1.6447,0.90,0.30
2008.04.22 12:55:39.404,1.64455,1.64475,0.60,0.30
2008.04.22 12:55:39.665,1.6445,1.64475,2.20,0.30
2008.04.22 12:55:39.926,1.6445,1.6447,0.90,0.30
2008.04.22 12:55:40.186,1.6445,1.6447,0.90,0.30
2008.04.22 12:55:40.373,1.6445,1.6447,0.90,0.60
2008.04.22 12:55:40.678,1.6445,1.6447,0.90,0.60
2008.04.22 12:55:42.342,1.6445,1.64465,0.40,0.30
2008.04.22 12:55:42.457,1.6445,1.64465,0.40,0.30
2008.04.22 12:55:42.571,1.6445,1.64465,0.40,0.30
2008.04.22 12:55:42.695,1.6445,1.64465,0.40,0.30
2008.04.22 12:55:42.811,1.6445,1.64465,0.40,0.30
2008.04.22 12:55:42.924,1.6445,1.6447,0.90,0.60
2008.04.22 12:55:43.038,1.6445,1.6447,0.90,0.60
2008.04.22 12:55:43.153,1.6445,1.6447,0.90,0.60
2008.04.22 12:55:43.426,1.6445,1.6447,0.90,0.60
2008.04.22 12:55:44.719,1.6445,1.6447,0.90,0.60
2008.04.22 12:55:44.924,1.6445,1.6447,0.90,0.60
2008.04.22 12:55:45.874,1.6445,1.6447,0.90,0.60
2008.04.22 12:55:46.209,1.6445,1.6447,0.90,0.60
2008.04.22 12:55:46.378,1.6445,1.64465,0.40,0.30
2008.04.22 12:55:46.548,1.6445,1.64465,0.40,0.30
2008.04.22 12:55:46.718,1.64445,1.64465,0.90,0.30
2008.04.22 12:55:46.913,1.6445,1.6447,0.60,0.80
2008.04.22 12:55:47.084,1.6445,1.6447,0.60,0.60
2008.04.22 12:55:47.253,1.6445,1.6447,0.60,0.60
2008.04.22 12:55:47.548,1.6445,1.6447,0.60,0.60
2008.04.22 12:55:49.188,1.6445,1.6447,0.60,0.60
2008.04.22 12:55:51.358,1.6445,1.6447,0.60,0.60
2008.04.22 12:55:51.659,1.6445,1.6447,0.60,0.40
2008.04.22 12:55:51.860,1.6445,1.6447,0.60,0.40
2008.04.22 12:55:52.070,1.6445,1.64475,0.60,0.30
2008.04.22 12:55:52.258,1.6445,1.64475,0.60,0.30
2008.04.22 12:55:52.918,1.6445,1.64475,0.60,0.30
2008.04.22 12:55:53.153,1.6445,1.64475,0.60,0.30
2008.04.22 12:55:53.442,1.6445,1.64475,0.60,0.30
2008.04.22 12:55:54.174,1.6445,1.6447,0.60,0.30
2008.04.22 12:55:54.369,1.6445,1.6447,0.60,0.30
2008.04.22 12:55:54.573,1.6445,1.6447,0.60,0.30
2008.04.22 12:55:54.768,1.6445,1.6447,0.60,0.30
2008.04.22 12:55:54.961,1.64445,1.6447,0.90,0.30
2008.04.22 12:55:55.165,1.64445,1.6447,0.90,0.60
2008.04.22 12:55:55.355,1.64445,1.6447,0.90,0.60
2008.04.22 12:55:55.549,1.64445,1.6447,0.90,0.60
2008.04.22 12:55:55.784,1.6444,1.64465,2.50,0.30
2008.04.22 12:55:56.021,1.64445,1.6446,0.60,0.50
2008.04.22 12:55:56.256,1.6444,1.6446,1.20,0.30
2008.04.22 12:55:56.491,1.64445,1.6446,0.60,0.30
2008.04.22 12:55:56.691,1.64445,1.64465,0.60,0.30
2008.04.22 12:55:56.915,1.64445,1.64465,0.60,0.30
2008.04.22 12:55:57.106,1.64445,1.6447,0.60,0.80
2008.04.22 12:55:57.297,1.64445,1.6447,0.60,0.60
2008.04.22 12:55:57.882,1.64445,1.6447,0.60,0.60
2008.04.22 12:55:58.191,1.64445,1.64465,0.60,0.30
2008.04.22 12:55:58.450,1.64445,1.64465,0.60,0.30
2008.04.22 12:55:58.709,1.64445,1.64465,0.60,0.30
2008.04.22 12:55:58.833,1.64445,1.64465,0.60,0.30
2008.04.22 12:55:59.152,1.64445,1.64465,0.60,0.30
2008.04.22 12:55:59.852,1.64445,1.64465,0.60,0.30
2008.04.22 12:56:00.037,1.64445,1.64465,0.60,0.30
2008.04.22 12:56:00.222,1.64445,1.64465,0.90,0.30
2008.04.22 12:56:01.202,1.64445,1.64465,0.90,0.30
2008.04.22 12:56:01.755,1.64445,1.64465,0.90,0.30
2008.04.22 12:56:01.980,1.64445,1.64465,0.90,0.30
2008.04.22 12:56:02.204,1.64445,1.64465,0.90,0.30
2008.04.22 12:56:02.429,1.6444,1.6446,1.20,0.30
2008.04.22 12:56:02.656,1.64445,1.6446,0.40,0.60
2008.04.22 12:56:02.905,1.64445,1.6446,0.40,0.60
2008.04.22 12:56:03.169,1.64445,1.6446,0.40,0.60
2008.04.22 12:56:03.419,1.64445,1.6446,0.40,0.30
2008.04.22 12:56:03.687,1.64445,1.6446,0.40,0.30
2008.04.22 12:56:03.959,1.64445,1.6446,0.40,0.30
2008.04.22 12:56:05.377,1.64445,1.6446,0.40,0.60
2008.04.22 12:56:05.517,1.6444,1.6446,1.20,0.60
2008.04.22 12:56:05.669,1.6444,1.6446,1.20,0.60
2008.04.22 12:56:05.798,1.6444,1.6446,1.20,0.60
2008.04.22 12:56:05.926,1.6444,1.6446,1.20,0.60
2008.04.22 12:56:06.951,1.64445,1.6446,0.40,0.60
2008.04.22 12:56:07.081,1.64445,1.6446,0.40,0.60
2008.04.22 12:56:07.205,1.64445,1.6446,0.40,0.60
2008.04.22 12:56:07.331,1.6444,1.6446,1.20,0.60
2008.04.22 12:56:07.467,1.6444,1.6446,1.20,0.60
2008.04.22 12:56:07.669,1.6444,1.6446,0.90,0.60
2008.04.22 12:56:07.795,1.6444,1.6446,0.90,0.60
2008.04.22 12:56:08.865,1.6444,1.6446,1.20,0.60
2008.04.22 12:56:09.201,1.6444,1.6446,1.20,0.30
2008.04.22 12:56:09.330,1.6444,1.6446,1.20,0.30
2008.04.22 12:56:09.462,1.64445,1.6446,0.60,0.30
2008.04.22 12:56:09.592,1.64445,1.64465,0.60,0.30
2008.04.22 12:56:09.722,1.64445,1.64465,0.60,0.30
2008.04.22 12:56:09.929,1.64445,1.64465,0.60,0.30
2008.04.22 12:56:10.228,1.64445,1.64465,0.90,0.30
2008.04.22 12:56:10.647,1.64445,1.64465,0.90,0.30
2008.04.22 12:56:11.367,1.64445,1.64465,0.90,0.30
2008.04.22 12:56:12.900,1.64445,1.64465,0.90,0.30
2008.04.22 12:56:13.021,1.64445,1.6447,0.90,0.80
2008.04.22 12:56:13.136,1.64445,1.6447,0.90,0.80
2008.04.22 12:56:13.285,1.64445,1.6447,0.90,0.60
2008.04.22 12:56:13.445,1.64445,1.6447,0.90,0.60
2008.04.22 12:56:13.594,1.64445,1.6447,0.90,0.80
2008.04.22 12:56:15.722,1.64445,1.6447,0.90,0.80
2008.04.22 12:56:20.702,1.64445,1.6447,0.90,0.80
2008.04.22 12:56:20.881,1.6445,1.6447,0.40,0.80
2008.04.22 12:56:21.055,1.6445,1.6447,0.40,0.80
2008.04.22 12:56:21.229,1.6445,1.6447,0.40,0.80
2008.04.22 12:56:21.632,1.6445,1.6447,0.90,0.80
2008.04.22 12:56:21.888,1.6445,1.6447,0.90,0.60
2008.04.22 12:56:22.143,1.6445,1.6447,0.90,0.30
2008.04.22 12:56:22.397,1.6445,1.6447,0.90,0.30
2008.04.22 12:56:22.689,1.6445,1.6447,0.90,0.30
2008.04.22 12:56:26.110,1.6445,1.6447,0.90,0.30
2008.04.22 12:56:26.860,1.6445,1.6447,0.90,0.60
2008.04.22 12:56:27.124,1.6445,1.6447,0.90,0.60
2008.04.22 12:56:27.389,1.6445,1.6447,0.90,0.60
2008.04.22 12:56:27.653,1.6445,1.6447,0.90,0.60
2008.04.22 12:56:28.155,1.6445,1.6447,0.90,0.60
2008.04.22 12:56:28.420,1.6445,1.6447,0.40,0.60
2008.04.22 12:56:28.685,1.6445,1.6447,0.40,0.60
2008.04.22 12:56:28.809,1.6445,1.6447,0.40,0.60
2008.04.22 12:56:28.934,1.6445,1.6447,0.40,0.60
2008.04.22 12:56:29.606,1.6445,1.6447,0.40,0.60
2008.04.22 12:56:29.944,1.6445,1.6447,0.40,0.60
2008.04.22 12:56:30.098,1.6445,1.6447,0.40,0.60
2008.04.22 12:56:30.255,1.6445,1.6447,0.40,0.60
2008.04.22 12:56:30.409,1.6445,1.6447,0.40,0.60
2008.04.22 12:56:30.684,1.6445,1.6447,0.40,0.60
2008.04.22 12:56:31.382,1.6445,1.6447,0.40,0.60
2008.04.22 12:56:33.887,1.6445,1.6447,0.90,0.30
2008.04.22 12:56:34.027,1.6445,1.6447,0.90,0.30
2008.04.22 12:56:34.168,1.6445,1.6447,0.90,0.30
2008.04.22 12:56:34.316,1.6445,1.6447,0.90,0.30
2008.04.22 12:56:34.455,1.6445,1.6447,0.90,0.60
2008.04.22 12:56:34.682,1.6445,1.6447,0.90,0.60
2008.04.22 12:56:34.879,1.6445,1.6447,0.90,0.60
2008.04.22 12:56:35.191,1.6445,1.6447,0.90,0.60
2008.04.22 12:56:35.904,1.6445,1.6447,0.90,0.60
2008.04.22 12:56:36.120,1.6445,1.6447,0.90,0.60
2008.04.22 12:56:36.285,1.6445,1.6447,0.90,0.60
2008.04.22 12:56:36.365,1.6445,1.6447,0.90,0.30
2008.04.22 12:56:36.434,1.6445,1.6447,0.90,0.30
2008.04.22 12:56:36.505,1.6446,1.64475,0.40,0.30
2008.04.22 12:56:36.574,1.6446,1.64475,0.40,0.30
2008.04.22 12:56:36.643,1.6446,1.64475,0.40,0.30
2008.04.22 12:56:36.713,1.6446,1.6448,0.40,5.60
2008.04.22 12:56:36.782,1.6446,1.6448,0.40,3.20
2008.04.22 12:56:36.851,1.6446,1.6448,0.40,3.20
2008.04.22 12:56:36.921,1.6446,1.6448,0.40,3.20
2008.04.22 12:56:37.256,1.6446,1.6448,0.40,2.90
2008.04.22 12:56:39.105,1.6446,1.6448,0.40,0.60
2008.04.22 12:56:39.164,1.6446,1.6448,0.40,0.60
2008.04.22 12:56:39.316,1.6446,1.6448,0.40,0.60
2008.04.22 12:56:40.188,1.6446,1.6448,0.40,0.60
2008.04.22 12:56:40.593,1.6446,1.6448,0.40,0.80
2008.04.22 12:56:40.689,1.6446,1.64475,0.40,0.30
2008.04.22 12:56:40.783,1.6446,1.64475,0.40,0.30
2008.04.22 12:56:40.878,1.6446,1.64475,0.40,0.30
2008.04.22 12:56:40.972,1.6446,1.64475,0.40,0.30
2008.04.22 12:56:41.613,1.6446,1.64475,0.40,0.30
2008.04.22 12:56:43.567,1.6446,1.64475,0.40,0.30
2008.04.22 12:56:43.690,1.6446,1.64475,0.40,0.30
2008.04.22 12:56:43.924,1.6446,1.64475,0.40,0.30
2008.04.22 12:56:44.141,1.6446,1.64475,0.40,0.30
2008.04.22 12:56:44.672,1.6446,1.64475,0.40,0.30
2008.04.22 12:56:45.088,1.6446,1.64475,0.40,0.30
2008.04.22 12:56:45.240,1.6446,1.64475,0.40,0.30
2008.04.22 12:56:45.952,1.6446,1.64475,0.40,0.30
2008.04.22 12:56:46.087,1.6446,1.64475,0.40,0.30
2008.04.22 12:56:46.223,1.6446,1.64475,0.40,0.30
2008.04.22 12:56:46.360,1.6446,1.64475,0.40,0.30
2008.04.22 12:56:46.735,1.6446,1.64475,0.40,0.30
2008.04.22 12:56:47.361,1.6446,1.6448,0.40,0.80
2008.04.22 12:56:47.636,1.6446,1.6448,0.40,0.80
2008.04.22 12:56:47.821,1.6446,1.6448,0.40,0.80
2008.04.22 12:56:51.823,1.6446,1.6448,0.40,0.80
2008.04.22 12:56:51.918,1.6446,1.6448,0.40,0.80
2008.04.22 12:56:52.204,1.6446,1.6448,0.40,0.80
2008.04.22 12:56:52.449,1.6446,1.6448,0.90,0.80
2008.04.22 12:56:52.545,1.6446,1.6448,0.90,0.80
2008.04.22 12:56:52.639,1.6446,1.6448,0.90,0.80
2008.04.22 12:56:52.824,1.6446,1.6448,1.20,0.80
2008.04.22 12:56:52.919,1.6446,1.6448,1.20,0.60
2008.04.22 12:56:53.016,1.6446,1.6448,1.20,0.30
2008.04.22 12:56:53.145,1.6446,1.6448,1.20,0.30
2008.04.22 12:56:54.171,1.6446,1.6448,1.20,0.30
2008.04.22 12:56:54.504,1.6446,1.6448,1.20,0.30
2008.04.22 12:56:55.886,1.64465,1.6448,0.60,0.30
2008.04.22 12:56:56.036,1.64465,1.6449,0.60,3.20
2008.04.22 12:56:56.200,1.64465,1.6449,0.90,3.20
2008.04.22 12:56:56.374,1.64465,1.6449,0.90,3.20
2008.04.22 12:56:56.525,1.6447,1.6449,0.40,0.80
2008.04.22 12:56:56.806,1.6447,1.64485,0.60,0.30
2008.04.22 12:56:57.087,1.6447,1.6448,0.40,0.30
2008.04.22 12:56:57.366,1.64465,1.6448,0.40,0.30
2008.04.22 12:56:57.647,1.64465,1.6448,0.40,0.30
2008.04.22 12:56:57.912,1.6447,1.64485,0.40,0.30
2008.04.22 12:56:58.177,1.6447,1.64485,0.40,0.30
2008.04.22 12:56:58.443,1.6447,1.64485,0.40,0.30
2008.04.22 12:56:58.708,1.6447,1.6449,0.40,0.60
2008.04.22 12:56:58.893,1.6447,1.6449,0.40,0.60
2008.04.22 12:56:59.090,1.6447,1.6449,0.40,0.60
2008.04.22 12:56:59.275,1.6447,1.6449,0.40,0.60
2008.04.22 12:57:00.588,1.6447,1.6449,0.40,0.60
2008.04.22 12:57:00.735,1.6447,1.6449,0.40,0.60
2008.04.22 12:57:01.141,1.6447,1.6449,0.40,0.60
2008.04.22 12:57:01.281,1.6447,1.6449,0.40,0.60
2008.04.22 12:57:01.421,1.6447,1.6449,0.40,0.60
2008.04.22 12:57:01.561,1.6447,1.6449,0.40,0.60
2008.04.22 12:57:01.705,1.6447,1.6448,0.40,0.30
2008.04.22 12:57:01.945,1.6446,1.64475,0.60,0.30
2008.04.22 12:57:02.190,1.64455,1.6447,0.40,0.30
2008.04.22 12:57:02.448,1.6445,1.6447,0.90,0.60
2008.04.22 12:57:02.685,1.6445,1.6447,0.90,0.60
2008.04.22 12:57:02.952,1.6445,1.6447,0.90,0.60
2008.04.22 12:57:03.195,1.6445,1.6447,0.90,0.60
2008.04.22 12:57:05.421,1.6445,1.6447,0.90,0.60
2008.04.22 12:57:07.162,1.6445,1.6447,0.90,0.60
2008.04.22 12:57:08.055,1.6445,1.6447,0.90,0.60
2008.04.22 12:57:08.189,1.6445,1.6447,0.90,0.60
2008.04.22 12:57:08.329,1.6445,1.6447,0.60,0.80
2008.04.22 12:57:08.463,1.6445,1.6447,0.90,0.80
2008.04.22 12:57:08.599,1.6445,1.6447,0.40,0.80
2008.04.22 12:57:08.736,1.6445,1.6447,0.40,0.80
2008.04.22 12:57:08.872,1.64445,1.6446,0.60,0.30
2008.04.22 12:57:09.008,1.64445,1.6446,0.60,0.30
2008.04.22 12:57:09.364,1.64445,1.6446,0.60,0.30
2008.04.22 12:57:09.908,1.6444,1.6446,3.60,0.30
2008.04.22 12:57:10.112,1.6444,1.6446,1.20,0.30
2008.04.22 12:57:10.317,1.64445,1.6446,0.60,0.30
2008.04.22 12:57:10.523,1.64445,1.6446,0.60,0.30
2008.04.22 12:57:10.734,1.64445,1.6446,0.60,0.30
2008.04.22 12:57:10.939,1.6445,1.64465,0.40,0.30
2008.04.22 12:57:11.245,1.6445,1.64465,0.40,0.30
2008.04.22 12:57:11.557,1.64445,1.6446,0.60,0.30
2008.04.22 12:57:11.860,1.64445,1.6446,0.60,0.30
2008.04.22 12:57:12.370,1.64445,1.6446,0.60,0.30
2008.04.22 12:57:12.599,1.64445,1.6446,0.60,0.30
2008.04.22 12:57:12.831,1.64445,1.6446,0.60,0.30
2008.04.22 12:57:13.062,1.64445,1.6446,0.60,0.30
2008.04.22 12:57:13.305,1.64445,1.6446,0.60,0.30
2008.04.22 12:57:17.139,1.64445,1.6446,0.60,0.30
2008.04.22 12:57:17.347,1.6445,1.6447,0.40,0.80
2008.04.22 12:57:17.552,1.6445,1.6447,0.40,0.60
2008.04.22 12:57:17.756,1.6445,1.6447,0.40,0.60
2008.04.22 12:57:18.556,1.6445,1.6447,0.40,0.60
2008.04.22 12:57:18.719,1.6445,1.6447,0.40,0.60
2008.04.22 12:57:19.191,1.6445,1.6447,0.40,0.60
2008.04.22 12:57:19.398,1.6445,1.6447,0.40,0.60
2008.04.22 12:57:19.657,1.6445,1.6447,0.40,0.60
2008.04.22 12:57:19.871,1.6445,1.6447,0.90,0.60
2008.04.22 12:57:20.086,1.6445,1.6447,0.90,0.60
2008.04.22 12:57:20.313,1.6445,1.6447,0.90,0.60
2008.04.22 12:57:20.533,1.6445,1.6447,0.90,0.60
2008.04.22 12:57:20.751,1.6445,1.6447,0.90,0.60
2008.04.22 12:57:22.610,1.6445,1.6447,0.90,0.60
2008.04.22 12:57:23.151,1.6445,1.6447,0.40,0.60
2008.04.22 12:57:23.272,1.6445,1.6447,0.40,0.60
2008.04.22 12:57:23.428,1.6445,1.6447,0.40,0.60
2008.04.22 12:57:23.686,1.64445,1.6447,0.60,0.80
2008.04.22 12:57:24.355,1.64445,1.6447,0.60,0.80
2008.04.22 12:57:28.124,1.64445,1.6447,0.60,0.60
2008.04.22 12:57:28.190,1.64445,1.6447,0.60,0.60
2008.04.22 12:57:28.327,1.64445,1.6447,0.60,0.80
2008.04.22 12:57:28.393,1.64445,1.6447,0.60,0.80
2008.04.22 12:57:30.157,1.6445,1.6447,0.40,0.80
2008.04.22 12:57:30.217,1.6445,1.6447,0.40,0.80
2008.04.22 12:57:30.278,1.6445,1.6447,0.40,0.80
2008.04.22 12:57:30.377,1.6445,1.6447,0.40,0.60
2008.04.22 12:57:30.436,1.6445,1.6447,0.90,0.60
2008.04.22 12:57:30.496,1.6445,1.6447,0.90,0.60
2008.04.22 12:57:32.847,1.6445,1.6447,0.90,0.60
2008.04.22 12:57:32.925,1.6445,1.6447,0.90,0.60
2008.04.22 12:57:33.199,1.6445,1.6447,0.90,0.60
2008.04.22 12:57:33.645,1.6445,1.6447,0.90,0.30
2008.04.22 12:57:33.830,1.6445,1.6447,1.20,0.30
2008.04.22 12:57:34.015,1.6445,1.6447,1.20,0.30
2008.04.22 12:57:34.224,1.6445,1.6447,1.20,0.30
2008.04.22 12:57:34.954,1.6445,1.6447,1.20,0.30
2008.04.22 12:57:35.175,1.6445,1.6447,0.90,0.30
2008.04.22 12:57:35.437,1.64455,1.6447,0.60,0.30
2008.04.22 12:57:35.697,1.6445,1.6447,0.90,0.30
2008.04.22 12:57:36.623,1.6445,1.6447,0.90,0.30
2008.04.22 12:57:36.929,1.6445,1.6447,0.90,0.30
2008.04.22 12:57:37.175,1.64455,1.6447,0.60,0.30
2008.04.22 12:57:37.379,1.64455,1.6447,0.60,0.30
2008.04.22 12:57:37.593,1.64455,1.6448,0.60,0.80
2008.04.22 12:57:37.810,1.64455,1.6448,0.60,0.80
2008.04.22 12:57:38.004,1.64455,1.6448,0.60,0.80
2008.04.22 12:57:38.209,1.64455,1.6448,0.60,0.80
2008.04.22 12:57:38.499,1.64455,1.64475,0.60,0.30
2008.04.22 12:57:38.789,1.64455,1.64475,0.60,0.30
2008.04.22 12:57:39.078,1.6445,1.64475,1.20,0.30
2008.04.22 12:57:39.302,1.6445,1.64475,1.20,0.30
2008.04.22 12:57:42.924,1.6445,1.64475,1.20,0.30
2008.04.22 12:57:43.219,1.6445,1.64475,1.20,0.30
2008.04.22 12:57:43.455,1.6445,1.64475,1.20,0.30
2008.04.22 12:57:44.331,1.64455,1.64475,0.60,0.30
2008.04.22 12:57:44.525,1.64455,1.64475,0.60,0.30
2008.04.22 12:57:44.740,1.64455,1.64475,0.40,0.30
2008.04.22 12:57:44.955,1.6446,1.6448,0.40,0.80
2008.04.22 12:57:45.174,1.64455,1.64475,0.40,0.30
2008.04.22 12:57:45.389,1.6445,1.64475,2.50,0.30
2008.04.22 12:57:45.695,1.6445,1.6447,1.20,0.30
2008.04.22 12:57:46.001,1.6445,1.64475,1.20,0.30
2008.04.22 12:57:46.307,1.64455,1.64475,0.60,0.30
2008.04.22 12:57:46.611,1.64455,1.64475,0.60,0.30
2008.04.22 12:57:46.905,1.64455,1.64475,0.60,0.30
2008.04.22 12:57:47.161,1.6445,1.64475,1.20,0.30
2008.04.22 12:57:47.422,1.6445,1.6447,1.20,0.30
2008.04.22 12:57:47.940,1.6445,1.6447,1.20,0.30
2008.04.22 12:57:49.918,1.6445,1.6447,1.20,0.30
2008.04.22 12:57:50.028,1.6445,1.6447,1.20,0.30
2008.04.22 12:57:50.138,1.6445,1.6447,1.20,0.30
2008.04.22 12:57:50.248,1.6445,1.64475,1.20,0.30
2008.04.22 12:57:50.357,1.6445,1.64475,1.20,0.30
2008.04.22 12:57:50.466,1.6445,1.64475,1.20,0.30
2008.04.22 12:57:50.934,1.6445,1.64475,1.20,0.30
2008.04.22 12:57:51.634,1.6445,1.64475,1.20,0.30
2008.04.22 12:57:51.810,1.6445,1.6447,1.20,0.60
2008.04.22 12:57:51.985,1.6445,1.6447,1.20,0.60
2008.04.22 12:57:52.161,1.6445,1.6447,1.20,0.30
2008.04.22 12:57:52.336,1.6445,1.6447,0.90,0.30
2008.04.22 12:57:52.510,1.6445,1.6447,0.90,0.30
2008.04.22 12:57:52.844,1.6445,1.6447,0.60,0.60
2008.04.22 12:57:53.178,1.6445,1.6447,0.40,0.60
2008.04.22 12:57:53.514,1.6445,1.6447,0.90,0.30
2008.04.22 12:57:53.723,1.6445,1.6447,0.90,0.30
2008.04.22 12:57:53.963,1.6445,1.6447,0.90,0.30
2008.04.22 12:57:54.399,1.6445,1.6447,0.90,0.30
2008.04.22 12:57:54.609,1.64445,1.6447,0.90,0.60
2008.04.22 12:57:54.798,1.64445,1.6447,0.90,0.60
2008.04.22 12:57:54.988,1.64445,1.6447,0.90,0.60
2008.04.22 12:57:55.223,1.64445,1.6447,0.90,0.60
2008.04.22 12:57:55.415,1.64445,1.6447,0.90,0.30
2008.04.22 12:57:55.605,1.6445,1.64475,0.60,0.30
2008.04.22 12:57:55.824,1.6445,1.64475,0.60,0.30
2008.04.22 12:57:56.044,1.64445,1.6447,0.90,0.30
2008.04.22 12:57:56.263,1.6445,1.6447,0.40,0.30
2008.04.22 12:57:56.484,1.6445,1.64465,0.40,0.30
2008.04.22 12:57:56.705,1.64445,1.6447,0.90,0.80
2008.04.22 12:57:56.924,1.64445,1.6447,0.90,0.80
2008.04.22 12:57:57.145,1.64445,1.6447,0.90,0.60
2008.04.22 12:57:57.365,1.64445,1.6447,0.90,0.60
2008.04.22 12:57:57.675,1.6445,1.6447,0.40,0.60
2008.04.22 12:57:57.949,1.6445,1.6447,0.40,0.60
2008.04.22 12:57:58.226,1.6445,1.6447,0.90,0.80
2008.04.22 12:57:58.503,1.6445,1.6447,1.20,0.50
2008.04.22 12:57:58.777,1.64455,1.6447,0.90,0.30
2008.04.22 12:57:59.063,1.64455,1.6447,0.40,0.30
2008.04.22 12:57:59.333,1.64455,1.6447,0.40,0.30
2008.04.22 12:57:59.605,1.64455,1.6447,0.40,0.30
2008.04.22 12:57:59.878,1.64455,1.6447,0.40,0.30
2008.04.22 12:58:00.176,1.64455,1.6447,0.40,0.30
2008.04.22 12:58:00.472,1.6445,1.6447,1.20,0.30
2008.04.22 12:58:00.767,1.6445,1.6447,1.20,0.30
2008.04.22 12:58:00.997,1.6445,1.6447,1.20,0.30
2008.04.22 12:58:01.215,1.6445,1.6447,1.20,0.30
2008.04.22 12:58:01.434,1.6445,1.6447,1.20,0.30
2008.04.22 12:58:01.654,1.6445,1.6447,1.20,0.30
2008.04.22 12:58:01.884,1.6445,1.6447,1.20,0.30
2008.04.22 12:58:02.128,1.6445,1.6447,1.20,0.30
2008.04.22 12:58:02.419,1.6445,1.6447,1.20,0.30
2008.04.22 12:58:03.153,1.6445,1.6447,1.20,0.30
2008.04.22 12:58:03.424,1.6445,1.6447,1.20,0.30
2008.04.22 12:58:03.609,1.6445,1.6447,1.20,0.30
2008.04.22 12:58:03.795,1.6445,1.6447,1.20,0.30
2008.04.22 12:58:04.128,1.6445,1.6447,1.20,0.30
2008.04.22 12:58:04.462,1.6445,1.6447,1.20,0.30
2008.04.22 12:58:04.799,1.6445,1.6447,1.20,0.30
2008.04.22 12:58:05.133,1.6445,1.6447,1.20,0.30
2008.04.22 12:58:05.334,1.6445,1.6447,1.20,0.30
2008.04.22 12:58:05.538,1.6445,1.6447,1.20,0.30
2008.04.22 12:58:05.742,1.6445,1.6447,1.20,0.30
2008.04.22 12:58:06.008,1.6445,1.6447,1.20,0.30
2008.04.22 12:58:06.239,1.6445,1.6447,1.20,0.30
2008.04.22 12:58:06.828,1.6445,1.6447,1.20,0.30
2008.04.22 12:58:07.203,1.6445,1.6447,1.20,0.30
2008.04.22 12:58:07.415,1.6445,1.6447,1.20,0.30
2008.04.22 12:58:08.023,1.6445,1.6447,1.20,0.30
2008.04.22 12:58:08.188,1.6445,1.6447,1.20,0.30
2008.04.22 12:58:08.647,1.6445,1.6447,1.20,0.30
2008.04.22 12:58:09.683,1.6445,1.6447,1.20,0.30
2008.04.22 12:58:10.692,1.6445,1.6447,1.20,0.30
2008.04.22 12:58:10.892,1.64455,1.6447,0.60,0.30
2008.04.22 12:58:10.956,1.64455,1.64475,0.60,0.30
2008.04.22 12:58:11.020,1.64455,1.64475,0.60,0.30
2008.04.22 12:58:11.095,1.64455,1.64475,0.60,0.30
2008.04.22 12:58:11.150,1.64455,1.64475,0.60,0.30
2008.04.22 12:58:11.264,1.64455,1.64475,0.60,0.30
2008.04.22 12:58:11.503,1.64455,1.64475,0.90,0.30
2008.04.22 12:58:11.743,1.64455,1.64475,0.60,0.30
2008.04.22 12:58:11.982,1.64455,1.64475,0.60,0.30
2008.04.22 12:58:12.222,1.6445,1.64475,1.20,0.30
2008.04.22 12:58:12.408,1.6445,1.64475,1.20,0.30
2008.04.22 12:58:12.591,1.64455,1.64475,0.60,0.30
2008.04.22 12:58:12.776,1.64455,1.64475,0.60,0.30
2008.04.22 12:58:12.961,1.64455,1.64475,0.60,0.30
2008.04.22 12:58:13.152,1.6445,1.64475,1.20,0.30
2008.04.22 12:58:13.338,1.6445,1.6447,1.20,0.30
2008.04.22 12:58:13.517,1.6445,1.6447,1.20,0.30
2008.04.22 12:58:13.697,1.6445,1.6447,1.20,0.30
2008.04.22 12:58:13.887,1.6445,1.6447,1.20,0.60
2008.04.22 12:58:14.098,1.6445,1.6447,1.20,0.60
2008.04.22 12:58:14.278,1.6445,1.6447,1.20,0.60
2008.04.22 12:58:14.557,1.6445,1.6447,1.20,0.60
2008.04.22 12:58:14.691,1.6445,1.6447,1.20,0.60
2008.04.22 12:58:15.678,1.6445,1.6447,1.20,0.60
2008.04.22 12:58:16.612,1.6445,1.6447,1.20,0.60
2008.04.22 12:58:18.146,1.6445,1.6447,1.20,0.60
2008.04.22 12:58:24.626,1.6445,1.6447,1.20,0.60
2008.04.22 12:58:24.783,1.6445,1.6447,1.20,0.60
2008.04.22 12:58:24.938,1.6445,1.6447,1.20,0.60
2008.04.22 12:58:25.891,1.6445,1.6447,1.20,0.60
2008.04.22 12:58:26.019,1.6445,1.6447,0.90,0.60
2008.04.22 12:58:26.150,1.6445,1.64465,0.40,0.30
2008.04.22 12:58:26.280,1.6444,1.6446,2.00,0.30
2008.04.22 12:58:26.467,1.6445,1.6446,0.60,0.30
2008.04.22 12:58:26.653,1.6445,1.64465,0.40,0.30
2008.04.22 12:58:26.849,1.6444,1.6446,2.50,0.30
2008.04.22 12:58:27.035,1.64445,1.64465,0.60,0.30
2008.04.22 12:58:27.220,1.6444,1.64465,1.20,0.30
2008.04.22 12:58:27.536,1.6444,1.64465,0.90,0.60
2008.04.22 12:58:27.867,1.6444,1.6446,1.20,0.50
2008.04.22 12:58:28.173,1.6444,1.6446,1.20,0.30
2008.04.22 12:58:28.489,1.6444,1.6446,0.60,0.30
2008.04.22 12:58:28.724,1.6444,1.6446,0.60,0.50
2008.04.22 12:58:29.620,1.6444,1.6446,0.60,0.50
2008.04.22 12:58:29.836,1.6444,1.6446,0.60,0.50
2008.04.22 12:58:31.678,1.6444,1.6446,0.60,0.50
2008.04.22 12:58:31.823,1.64445,1.6446,0.60,0.50
2008.04.22 12:58:31.969,1.6444,1.6446,0.90,0.40
2008.04.22 12:58:32.114,1.6444,1.6446,0.90,0.30
2008.04.22 12:58:32.260,1.6444,1.6446,0.90,0.60
2008.04.22 12:58:32.469,1.64435,1.6446,0.60,0.60
2008.04.22 12:58:32.680,1.6444,1.6446,0.60,0.30
2008.04.22 12:58:32.891,1.6444,1.6446,1.20,0.50
2008.04.22 12:58:33.100,1.6444,1.6446,1.20,0.50
2008.04.22 12:58:33.312,1.6444,1.6446,0.90,0.30
2008.04.22 12:58:33.627,1.64435,1.6446,0.90,0.80
2008.04.22 12:58:33.942,1.64435,1.6446,0.60,0.80
2008.04.22 12:58:34.257,1.64435,1.6446,0.60,0.80
2008.04.22 12:58:34.573,1.64435,1.6446,0.60,0.80
2008.04.22 12:58:34.808,1.6444,1.6446,0.40,0.80
2008.04.22 12:58:35.043,1.6444,1.64455,0.40,0.30
2008.04.22 12:58:35.278,1.6444,1.64455,0.40,0.30
2008.04.22 12:58:35.513,1.6444,1.64455,0.40,0.30
2008.04.22 12:58:35.959,1.6444,1.64455,0.40,0.30
2008.04.22 12:58:37.786,1.64435,1.6445,0.60,0.30
2008.04.22 12:58:37.941,1.64435,1.6445,0.60,0.30
2008.04.22 12:58:38.096,1.6444,1.64455,0.40,0.30
2008.04.22 12:58:39.643,1.6444,1.64455,0.40,0.30
2008.04.22 12:58:39.918,1.64435,1.6445,0.60,0.30
2008.04.22 12:58:39.995,1.64435,1.6445,0.60,0.30
2008.04.22 12:58:40.059,1.64435,1.6445,0.60,0.30
2008.04.22 12:58:40.156,1.64435,1.6445,0.60,0.30
2008.04.22 12:58:40.359,1.64435,1.6445,0.60,0.30
2008.04.22 12:58:41.007,1.6444,1.64455,0.40,0.30
2008.04.22 12:58:41.177,1.6444,1.64455,0.40,0.30
2008.04.22 12:58:41.347,1.6444,1.64455,0.40,0.30
2008.04.22 12:58:45.452,1.6444,1.64455,0.40,0.30
2008.04.22 12:58:45.591,1.6444,1.64455,0.40,0.30
2008.04.22 12:58:45.731,1.6444,1.64455,0.40,0.30
2008.04.22 12:58:45.872,1.6444,1.64455,0.40,0.30
2008.04.22 12:58:46.141,1.6444,1.6445,0.40,0.30
2008.04.22 12:58:46.370,1.6443,1.6445,0.60,0.30
2008.04.22 12:58:46.600,1.6443,1.64455,0.60,0.30
2008.04.22 12:58:46.830,1.6443,1.64455,0.60,0.30
2008.04.22 12:58:47.025,1.6443,1.64455,0.60,0.30
2008.04.22 12:58:47.221,1.6443,1.64455,0.60,0.30
2008.04.22 12:58:47.426,1.6443,1.64455,0.60,0.30
2008.04.22 12:58:52.370,1.64425,1.6445,0.90,0.30
2008.04.22 12:58:52.604,1.64425,1.6445,0.90,0.60
2008.04.22 12:58:52.833,1.6443,1.6445,0.60,0.60
2008.04.22 12:58:53.063,1.6443,1.6445,0.60,0.60
2008.04.22 12:58:53.272,1.6443,1.6445,0.60,0.30
2008.04.22 12:58:53.478,1.6443,1.64455,0.60,0.30
2008.04.22 12:58:53.682,1.6443,1.64455,0.60,0.30
2008.04.22 12:58:53.898,1.6443,1.64455,0.60,0.30
2008.04.22 12:58:54.112,1.6443,1.64455,0.60,0.30
2008.04.22 12:58:54.387,1.6443,1.64455,0.60,0.30
2008.04.22 12:58:54.684,1.6443,1.64455,0.60,0.30
2008.04.22 12:58:56.981,1.6443,1.64455,0.60,0.30
2008.04.22 12:58:57.187,1.6443,1.64455,0.60,0.30
2008.04.22 12:58:57.415,1.6443,1.64455,0.90,0.30
2008.04.22 12:58:57.971,1.6443,1.64455,0.90,0.30
2008.04.22 12:58:58.184,1.6443,1.64455,0.90,0.30
2008.04.22 12:58:58.440,1.6443,1.64455,0.90,0.30
2008.04.22 12:58:59.121,1.6444,1.6446,0.60,0.50
2008.04.22 12:58:59.391,1.6444,1.6446,0.90,0.50
2008.04.22 12:58:59.555,1.6444,1.6446,1.20,0.60
2008.04.22 12:58:59.729,1.64435,1.6446,0.60,0.80
2008.04.22 12:58:59.904,1.64435,1.6446,0.90,0.80
2008.04.22 12:59:00.078,1.64435,1.6446,0.90,0.60
2008.04.22 12:59:00.266,1.64435,1.64455,0.60,0.30
2008.04.22 12:59:00.484,1.64435,1.64455,0.60,0.30
2008.04.22 12:59:00.705,1.64435,1.6446,0.60,0.80
2008.04.22 12:59:03.212,1.64435,1.6446,0.60,0.80
2008.04.22 12:59:06.136,1.64435,1.6446,0.60,0.80
2008.04.22 12:59:08.111,1.64435,1.6446,0.60,0.80
2008.04.22 12:59:09.201,1.64435,1.6446,0.60,0.80
2008.04.22 12:59:10.129,1.64435,1.6446,0.60,0.60
2008.04.22 12:59:10.244,1.64435,1.6446,0.60,0.60
2008.04.22 12:59:10.359,1.64435,1.6446,0.60,0.60
2008.04.22 12:59:10.489,1.64435,1.6446,0.60,0.60
2008.04.22 12:59:12.994,1.64435,1.6446,0.60,0.60
2008.04.22 12:59:13.084,1.64435,1.6446,0.60,0.60
2008.04.22 12:59:13.175,1.64435,1.6446,0.60,0.60
2008.04.22 12:59:13.442,1.64435,1.6446,0.60,0.60
2008.04.22 12:59:13.678,1.64435,1.6446,0.60,0.60
2008.04.22 12:59:13.767,1.64435,1.6446,0.60,0.60
2008.04.22 12:59:13.857,1.6444,1.6446,0.90,0.30
2008.04.22 12:59:13.947,1.6444,1.6446,0.90,0.30
2008.04.22 12:59:14.049,1.6444,1.6446,0.90,0.60
2008.04.22 12:59:14.385,1.6444,1.6446,0.90,0.30
2008.04.22 12:59:14.719,1.6444,1.6446,0.90,0.30
2008.04.22 12:59:15.222,1.6444,1.6446,0.90,0.30
2008.04.22 12:59:15.380,1.6444,1.6446,2.20,0.30
2008.04.22 12:59:15.541,1.6444,1.6446,2.20,0.30
2008.04.22 12:59:15.700,1.6444,1.6446,2.20,0.30
2008.04.22 12:59:15.860,1.6444,1.6446,0.90,0.30
2008.04.22 12:59:16.913,1.6444,1.6446,0.90,0.30
2008.04.22 12:59:17.415,1.6444,1.6446,0.90,0.30
2008.04.22 12:59:17.907,1.6444,1.6446,0.90,0.30
2008.04.22 12:59:18.949,1.6444,1.6446,0.90,0.30
2008.04.22 12:59:19.159,1.6444,1.6446,0.90,0.30
2008.04.22 12:59:19.282,1.6444,1.6446,1.20,0.30
2008.04.22 12:59:19.408,1.6444,1.6446,1.20,0.30
2008.04.22 12:59:19.531,1.6444,1.6446,1.20,0.30
2008.04.22 12:59:20.380,1.6444,1.6446,1.20,0.30
2008.04.22 12:59:20.664,1.64445,1.6446,0.60,0.30
2008.04.22 12:59:20.949,1.6445,1.6446,0.60,0.30
2008.04.22 12:59:21.235,1.6445,1.6446,0.60,0.30
2008.04.22 12:59:21.534,1.6445,1.6447,0.90,0.40
2008.04.22 12:59:21.819,1.64455,1.6447,0.60,0.40
2008.04.22 12:59:22.103,1.64455,1.64475,0.90,0.60
2008.04.22 12:59:22.387,1.64455,1.64475,0.90,0.60
2008.04.22 12:59:22.674,1.64455,1.64475,0.90,0.60
2008.04.22 12:59:22.889,1.64455,1.64475,0.90,0.60
2008.04.22 12:59:23.612,1.64455,1.64475,0.90,0.40
2008.04.22 12:59:23.722,1.64455,1.64475,0.90,0.40
2008.04.22 12:59:23.833,1.64455,1.64475,0.90,0.40
2008.04.22 12:59:23.954,1.64455,1.6448,0.90,0.80
2008.04.22 12:59:24.126,1.64455,1.6448,0.90,0.80
2008.04.22 12:59:27.421,1.64455,1.6448,0.90,0.80
2008.04.22 12:59:27.490,1.64455,1.6448,0.90,0.80
2008.04.22 12:59:27.570,1.64455,1.6448,0.90,0.80
2008.04.22 12:59:27.638,1.64455,1.64475,0.90,0.30
2008.04.22 12:59:27.864,1.64455,1.64475,0.90,0.60
2008.04.22 12:59:28.088,1.64455,1.64475,0.90,0.60
2008.04.22 12:59:28.384,1.64455,1.64475,0.90,0.60
2008.04.22 12:59:29.209,1.64455,1.64475,0.90,0.60
2008.04.22 12:59:30.127,1.64455,1.64475,0.90,0.60
2008.04.22 12:59:31.178,1.64455,1.64475,0.90,0.60
2008.04.22 12:59:31.429,1.64455,1.64475,0.90,0.60
2008.04.22 12:59:31.679,1.6445,1.6447,1.20,0.30
2008.04.22 12:59:31.931,1.6445,1.6447,0.60,0.60
2008.04.22 12:59:32.181,1.6445,1.6447,0.60,0.80
2008.04.22 12:59:32.432,1.6445,1.6447,0.60,0.80
2008.04.22 12:59:32.681,1.6445,1.6447,0.60,0.80
2008.04.22 12:59:33.567,1.6445,1.6447,0.60,0.80
2008.04.22 12:59:33.832,1.6445,1.6447,0.60,0.80
2008.04.22 12:59:34.054,1.6445,1.6447,0.60,0.80
2008.04.22 12:59:34.620,1.6445,1.6447,0.60,0.80
2008.04.22 12:59:34.840,1.6444,1.6446,1.20,1.40
2008.04.22 12:59:35.141,1.64445,1.6447,0.90,0.80
2008.04.22 12:59:35.441,1.64445,1.6447,0.90,0.80
2008.04.22 12:59:35.741,1.64445,1.6447,0.90,0.80
2008.04.22 12:59:36.040,1.64445,1.64465,0.40,0.30
2008.04.22 12:59:36.259,1.6444,1.64465,1.20,0.30
2008.04.22 12:59:36.480,1.6444,1.64465,1.20,0.30
2008.04.22 12:59:36.709,1.6444,1.64465,1.20,0.30
2008.04.22 12:59:37.249,1.6444,1.64465,1.20,0.30
2008.04.22 12:59:37.401,1.64445,1.64465,0.60,0.30
2008.04.22 12:59:37.551,1.64445,1.64465,0.60,0.30
2008.04.22 12:59:37.701,1.64445,1.6447,0.60,0.80
2008.04.22 12:59:37.851,1.64445,1.6447,0.60,0.80
2008.04.22 12:59:38.001,1.64445,1.6447,0.60,0.80
2008.04.22 12:59:38.426,1.64445,1.6447,0.60,0.80
2008.04.22 12:59:38.679,1.64445,1.6447,0.60,0.80
2008.04.22 12:59:38.929,1.6445,1.6447,0.60,0.60
2008.04.22 12:59:39.179,1.6445,1.6447,0.40,0.60
2008.04.22 12:59:39.395,1.6445,1.6447,0.40,0.60
2008.04.22 12:59:39.619,1.6445,1.6447,0.40,0.60
2008.04.22 12:59:39.833,1.6445,1.6447,0.40,0.60
2008.04.22 12:59:40.048,1.6445,1.6447,0.40,0.60
2008.04.22 12:59:41.951,1.6445,1.6447,0.90,0.30
2008.04.22 12:59:42.122,1.6445,1.6447,0.90,0.30
2008.04.22 12:59:42.323,1.6445,1.6447,0.90,0.30
2008.04.22 12:59:42.532,1.6445,1.6447,0.90,0.30
2008.04.22 12:59:42.732,1.6445,1.6447,0.90,0.30
2008.04.22 12:59:43.412,1.6445,1.6447,0.90,0.30
2008.04.22 12:59:44.117,1.6445,1.6447,0.90,0.30
2008.04.22 12:59:44.646,1.6445,1.6447,0.90,0.30
2008.04.22 12:59:46.117,1.6445,1.6447,0.90,0.30
2008.04.22 12:59:49.889,1.6445,1.6447,0.90,0.30
2008.04.22 12:59:50.152,1.6445,1.6447,0.90,0.30
2008.04.22 12:59:50.420,1.6445,1.6447,0.90,0.30
2008.04.22 12:59:51.669,1.6445,1.6447,0.90,0.30
2008.04.22 12:59:52.837,1.6445,1.6447,0.90,0.60
2008.04.22 12:59:53.019,1.6445,1.6447,0.90,0.60
2008.04.22 12:59:53.211,1.6445,1.6447,0.40,0.60
2008.04.22 12:59:53.392,1.6445,1.6447,0.90,0.60
2008.04.22 12:59:53.576,1.6445,1.6447,0.90,0.30
2008.04.22 12:59:55.417,1.6445,1.6447,0.90,0.30
2008.04.22 12:59:55.623,1.6445,1.6447,0.90,0.30
2008.04.22 12:59:55.717,1.6445,1.6447,1.20,0.30
2008.04.22 12:59:55.813,1.6445,1.6447,0.90,0.30
2008.04.22 12:59:55.907,1.6445,1.6447,0.90,0.30
2008.04.22 12:59:56.085,1.6445,1.6447,0.90,0.30
2008.04.22 12:59:56.182,1.6445,1.6447,0.40,0.60
2008.04.22 12:59:56.287,1.64445,1.6447,0.90,0.60
2008.04.22 12:59:56.382,1.64445,1.64465,0.40,0.30
2008.04.22 12:59:56.476,1.64445,1.6446,0.40,0.30
2008.04.22 12:59:56.737,1.64445,1.6447,0.90,3.20
2008.04.22 12:59:56.996,1.64445,1.6447,0.60,0.80
2008.04.22 12:59:57.263,1.64445,1.6447,0.60,0.80
2008.04.22 12:59:57.522,1.64445,1.6447,0.60,0.80
2008.04.22 12:59:58.724,1.64445,1.6447,0.60,0.80
2008.04.22 12:59:58.908,1.64455,1.6447,0.60,0.50
2008.04.22 12:59:59.094,1.64455,1.6447,0.60,0.50
2008.04.22 12:59:59.282,1.64455,1.64475,0.90,0.30
2008.04.22 12:59:59.468,1.64455,1.64475,0.60,0.60
2008.04.22 12:59:59.653,1.64455,1.64475,0.60,0.40
2008.04.22 12:59:59.898,1.64455,1.6448,0.60,0.80
