2014.10.17 10:00:00.052,1.36448,1.36452,1.19,1.00
2014.10.17 10:00:00.204,1.36447,1.36452,1.00,1.00
2014.10.17 10:00:02.091,1.36449,1.36454,1.50,3.07
2014.10.17 10:00:02.345,1.36449,1.36456,2.44,4.01
2014.10.17 10:00:02.446,1.36449,1.36457,2.44,3.19
2014.10.17 10:00:03.441,1.36449,1.36457,2.81,3.56
2014.10.17 10:00:04.438,1.36451,1.36457,1.00,3.56
2014.10.17 10:00:06.504,1.36451,1.36457,1.25,1.37
2014.10.17 10:00:07.009,1.3645,1.36457,2.44,2.06
2014.10.17 10:00:07.624,1.36451,1.36457,1.50,2.06
2014.10.17 10:00:08.160,1.3645,1.36457,1.25,2.06
2014.10.17 10:00:09.016,1.36449,1.36457,3.56,1.50
2014.10.17 10:00:10.733,1.36451,1.36457,1.12,1.00
2014.10.17 10:00:11.238,1.3645,1.36458,1.69,1.87
2014.10.17 10:00:11.541,1.36451,1.36459,1.37,1.69
2014.10.17 10:00:11.794,1.36452,1.3646,2.06,1.87
2014.10.17 10:00:12.316,1.36455,1.36461,1.56,1.12
2014.10.17 10:00:12.417,1.36459,1.36462,1.50,3.00
2014.10.17 10:00:12.519,1.36462,1.36464,1.00,1.50
2014.10.17 10:00:12.570,1.36462,1.36468,1.25,1.50
2014.10.17 10:00:12.874,1.36464,1.3647,1.50,1.12
2014.10.17 10:00:13.177,1.36466,1.36473,1.19,3.94
2014.10.17 10:00:15.285,1.36466,1.36475,1.56,6.94
2014.10.17 10:00:15.689,1.36466,1.36469,1.19,1.00
2014.10.17 10:00:15.740,1.36465,1.36469,2.25,1.00
2014.10.17 10:00:15.992,1.36463,1.36467,1.69,1.00
2014.10.17 10:00:16.144,1.36461,1.36467,1.19,1.00
2014.10.17 10:00:16.677,1.36461,1.36466,1.19,1.00
2014.10.17 10:00:17.182,1.3646,1.36468,1.25,2.62
2014.10.17 10:00:17.905,1.3646,1.36467,1.25,1.00
2014.10.17 10:00:18.157,1.36461,1.36467,1.19,1.37
2014.10.17 10:00:18.684,1.36461,1.36467,1.19,1.00
2014.10.17 10:00:19.235,1.36465,1.36468,1.25,1.00
2014.10.17 10:00:19.286,1.36465,1.36471,1.25,1.50
2014.10.17 10:00:19.792,1.36465,1.36471,1.25,2.25
2014.10.17 10:00:20.297,1.36465,1.36471,1.25,1.12
2014.10.17 10:00:20.906,1.36465,1.36471,1.25,1.37
2014.10.17 10:00:21.412,1.36465,1.3647,1.19,1.00
2014.10.17 10:00:21.783,1.36463,1.36469,1.19,1.50
2014.10.17 10:00:21.833,1.36463,1.36469,1.19,3.00
2014.10.17 10:00:21.985,1.3646,1.36467,3.19,1.00
2014.10.17 10:00:22.878,1.36462,1.36469,1.25,2.25
2014.10.17 10:00:23.793,1.36464,1.36469,1.25,1.37
2014.10.17 10:00:24.512,1.36464,1.3647,1.25,1.37
2014.10.17 10:00:27.872,1.36464,1.3647,1.19,1.37
2014.10.17 10:00:28.389,1.36463,1.3647,1.31,1.00
2014.10.17 10:00:29.348,1.36464,1.3647,1.19,1.00
2014.10.17 10:00:30.800,1.36464,1.36471,1.19,1.00
2014.10.17 10:00:31.346,1.36464,1.36472,1.19,2.81
2014.10.17 10:00:43.340,1.36464,1.3647,1.19,1.00
2014.10.17 10:00:44.487,1.36463,1.3647,1.19,2.62
2014.10.17 10:00:45.906,1.36464,1.36469,1.25,1.00
2014.10.17 10:00:47.195,1.36464,1.3647,1.25,1.12
2014.10.17 10:00:47.498,1.36466,1.36472,1.25,1.87
2014.10.17 10:00:48.272,1.36466,1.36474,1.69,2.81
2014.10.17 10:00:48.607,1.36468,1.36474,1.25,1.87
2014.10.17 10:00:49.029,1.36467,1.36469,1.25,1.50
2014.10.17 10:00:49.080,1.36465,1.36468,1.00,1.00
2014.10.17 10:00:49.131,1.36464,1.36468,1.50,1.87
2014.10.17 10:00:49.182,1.36461,1.36465,1.12,1.00
2014.10.17 10:00:49.486,1.36461,1.36468,1.19,1.50
2014.10.17 10:00:50.513,1.36461,1.36468,1.19,2.25
2014.10.17 10:00:50.917,1.36461,1.36465,1.00,1.12
2014.10.17 10:00:51.509,1.36462,1.36465,1.19,1.12
2014.10.17 10:00:51.661,1.36462,1.36467,1.19,1.12
2014.10.17 10:00:52.877,1.36463,1.3647,1.25,1.37
2014.10.17 10:00:53.379,1.36463,1.3647,1.19,1.37
2014.10.17 10:00:54.552,1.36463,1.36471,1.31,3.75
2014.10.17 10:00:55.518,1.36465,1.36471,1.19,1.50
2014.10.17 10:00:57.654,1.36466,1.36472,1.62,1.00
2014.10.17 10:00:57.755,1.36467,1.36475,1.56,3.37
2014.10.17 10:00:57.806,1.36471,1.36475,1.19,3.37
2014.10.17 10:00:57.957,1.36471,1.36478,1.56,1.00
2014.10.17 10:00:58.261,1.36473,1.3648,1.56,1.00
2014.10.17 10:00:58.766,1.36473,1.36481,1.56,1.50
2014.10.17 10:00:59.271,1.36473,1.3648,1.69,1.00
2014.10.17 10:00:59.898,1.36473,1.36481,1.69,2.25
2014.10.17 10:01:00.695,1.36473,1.3648,1.69,1.00
2014.10.17 10:01:01.215,1.36475,1.36481,1.25,1.12
2014.10.17 10:01:01.848,1.36475,1.3648,1.25,1.00
2014.10.17 10:01:02.746,1.36475,1.36481,1.25,1.87
2014.10.17 10:01:03.279,1.36475,1.3648,1.19,1.12
2014.10.17 10:01:03.921,1.36473,1.36481,1.31,2.25
2014.10.17 10:01:05.316,1.36475,1.36481,1.31,1.87
2014.10.17 10:01:05.368,1.36477,1.36481,1.25,1.12
2014.10.17 10:01:05.873,1.36477,1.36482,1.25,1.00
2014.10.17 10:01:06.411,1.36477,1.36483,1.25,1.00
2014.10.17 10:01:06.919,1.36476,1.36483,2.06,1.00
2014.10.17 10:01:07.071,1.36476,1.36485,2.44,1.87
2014.10.17 10:01:07.122,1.36479,1.36485,1.19,1.87
2014.10.17 10:01:07.628,1.36479,1.36486,1.19,2.06
2014.10.17 10:01:08.144,1.3648,1.36486,1.25,1.87
2014.10.17 10:01:10.217,1.3648,1.36486,1.25,1.50
2014.10.17 10:01:10.521,1.36483,1.36488,1.25,1.00
2014.10.17 10:01:10.962,1.36485,1.36489,1.25,1.87
2014.10.17 10:01:11.266,1.36483,1.36487,1.19,1.00
2014.10.17 10:01:11.777,1.36483,1.36486,1.19,1.00
2014.10.17 10:01:12.181,1.36481,1.36486,1.19,1.00
2014.10.17 10:01:13.427,1.36481,1.36487,1.31,1.50
2014.10.17 10:01:14.311,1.36481,1.36488,1.31,1.00
2014.10.17 10:01:15.300,1.36481,1.36488,1.31,1.00
2014.10.17 10:01:16.057,1.36482,1.36489,1.19,1.50
2014.10.17 10:01:16.461,1.36487,1.36489,1.25,1.00
2014.10.17 10:01:17.808,1.36488,1.3649,1.25,1.00
2014.10.17 10:01:18.335,1.36489,1.3649,1.00,1.00
2014.10.17 10:01:18.538,1.36498,1.36501,1.00,1.00
2014.10.17 10:01:18.590,1.365,1.36501,1.25,1.00
2014.10.17 10:01:18.641,1.365,1.36504,1.25,1.00
2014.10.17 10:01:18.743,1.365,1.36506,1.25,1.50
2014.10.17 10:01:18.793,1.36503,1.36506,1.25,1.00
2014.10.17 10:01:18.844,1.36503,1.36508,1.25,1.00
2014.10.17 10:01:19.353,1.36503,1.36509,1.25,3.82
2014.10.17 10:01:19.505,1.36505,1.36509,1.25,1.12
2014.10.17 10:01:20.061,1.36505,1.36511,1.31,1.87
2014.10.17 10:01:20.921,1.36504,1.36508,1.19,1.00
2014.10.17 10:01:21.225,1.36504,1.36505,1.25,1.00
2014.10.17 10:01:21.477,1.36504,1.36509,1.25,2.25
2014.10.17 10:01:22.072,1.36503,1.36509,1.00,2.25
2014.10.17 10:01:22.598,1.36502,1.36508,1.25,1.00
2014.10.17 10:01:24.583,1.36502,1.36508,1.62,1.00
2014.10.17 10:01:24.685,1.36504,1.36508,1.19,1.00
2014.10.17 10:01:25.822,1.36505,1.36508,1.31,1.00
2014.10.17 10:01:26.125,1.36504,1.36506,1.12,1.00
2014.10.17 10:01:26.226,1.36501,1.36506,1.00,1.12
2014.10.17 10:01:26.379,1.36501,1.36504,1.19,1.00
2014.10.17 10:01:26.430,1.36499,1.36504,2.06,1.00
2014.10.17 10:01:27.038,1.36497,1.36504,1.62,1.12
2014.10.17 10:01:27.543,1.36496,1.36503,1.19,2.06
2014.10.17 10:01:28.731,1.36495,1.36503,1.31,1.87
2014.10.17 10:01:29.286,1.36495,1.36503,1.25,1.87
2014.10.17 10:01:30.702,1.36495,1.36502,1.19,1.25
2014.10.17 10:01:33.341,1.36495,1.36502,1.25,1.00
2014.10.17 10:01:34.629,1.36496,1.36503,1.31,1.00
2014.10.17 10:01:35.134,1.36496,1.36504,2.06,5.25
2014.10.17 10:01:36.474,1.36497,1.36502,1.31,1.00
2014.10.17 10:01:37.025,1.36496,1.36502,1.31,1.00
2014.10.17 10:01:39.134,1.36498,1.36502,1.19,1.00
2014.10.17 10:01:40.045,1.365,1.36502,1.19,1.00
2014.10.17 10:01:40.096,1.365,1.36504,1.19,2.25
2014.10.17 10:01:40.147,1.365,1.36506,1.19,1.00
2014.10.17 10:01:40.652,1.365,1.36507,1.19,1.25
2014.10.17 10:01:41.180,1.36498,1.36503,1.69,1.50
2014.10.17 10:01:41.686,1.36497,1.36503,1.19,1.00
2014.10.17 10:01:43.299,1.36497,1.36504,1.19,1.00
2014.10.17 10:01:43.603,1.36498,1.36502,1.19,1.00
2014.10.17 10:01:44.108,1.36498,1.36502,1.56,1.00
2014.10.17 10:01:44.259,1.36499,1.36504,1.19,1.00
2014.10.17 10:01:44.970,1.36499,1.36506,1.19,2.25
2014.10.17 10:01:45.483,1.36499,1.36505,1.25,1.00
2014.10.17 10:01:46.551,1.36497,1.36503,1.69,1.00
2014.10.17 10:01:46.754,1.36495,1.36503,1.19,2.81
2014.10.17 10:01:46.906,1.36495,1.365,1.19,1.00
2014.10.17 10:01:46.957,1.36493,1.365,3.19,1.87
2014.10.17 10:01:47.009,1.36493,1.36497,1.69,1.00
2014.10.17 10:01:47.110,1.36491,1.36496,1.25,1.00
2014.10.17 10:01:47.684,1.3649,1.36498,1.19,3.56
2014.10.17 10:01:48.447,1.3649,1.36498,1.19,3.19
2014.10.17 10:01:48.951,1.36491,1.36496,1.25,1.87
2014.10.17 10:01:49.535,1.36491,1.36497,1.25,1.00
2014.10.17 10:01:50.162,1.36492,1.36497,1.25,1.00
2014.10.17 10:01:50.669,1.36492,1.36498,1.25,1.50
2014.10.17 10:01:51.313,1.3649,1.36498,1.69,1.87
2014.10.17 10:01:51.465,1.3649,1.36496,1.69,1.00
2014.10.17 10:01:51.970,1.36489,1.36496,1.19,1.12
2014.10.17 10:01:53.500,1.36491,1.36496,1.25,1.00
2014.10.17 10:01:55.697,1.3649,1.36498,1.19,4.69
2014.10.17 10:01:56.715,1.3649,1.36497,1.25,1.00
2014.10.17 10:01:57.686,1.36491,1.36497,1.25,1.00
2014.10.17 10:01:58.575,1.36491,1.36498,1.25,1.87
2014.10.17 10:01:59.265,1.36492,1.36498,1.25,1.12
2014.10.17 10:02:00.214,1.36491,1.36498,1.25,1.12
2014.10.17 10:02:01.498,1.36491,1.36498,1.19,1.00
2014.10.17 10:02:02.513,1.36489,1.36498,2.06,3.19
2014.10.17 10:02:04.537,1.36489,1.36498,1.69,1.12
2014.10.17 10:02:05.322,1.36489,1.36499,1.56,2.06
2014.10.17 10:02:06.393,1.36489,1.36499,1.56,2.06
2014.10.17 10:02:11.782,1.36489,1.36497,1.19,2.44
2014.10.17 10:02:12.086,1.36488,1.36491,1.00,2.44
2014.10.17 10:02:12.137,1.36487,1.36491,1.00,2.44
2014.10.17 10:02:12.239,1.36485,1.3649,1.00,5.81
2014.10.17 10:02:12.341,1.36483,1.36488,1.25,1.00
2014.10.17 10:02:12.847,1.36481,1.36488,1.19,1.31
2014.10.17 10:02:16.036,1.36481,1.36489,1.00,3.56
2014.10.17 10:02:16.538,1.36481,1.36486,1.00,1.00
2014.10.17 10:02:16.842,1.36481,1.36486,4.31,1.00
2014.10.17 10:02:17.145,1.36482,1.36488,1.56,1.00
2014.10.17 10:02:17.705,1.36482,1.36488,5.06,1.00
2014.10.17 10:02:17.957,1.36483,1.36492,1.56,1.69
2014.10.17 10:02:18.482,1.36484,1.36493,2.06,1.69
2014.10.17 10:02:18.993,1.36484,1.36493,2.81,1.69
2014.10.17 10:02:19.538,1.36484,1.36493,2.81,1.69
2014.10.17 10:02:21.721,1.36484,1.36492,1.69,5.44
2014.10.17 10:02:22.696,1.36484,1.36492,3.19,1.25
2014.10.17 10:02:24.182,1.36484,1.36492,2.44,1.00
2014.10.17 10:02:24.552,1.36484,1.3649,1.19,1.37
2014.10.17 10:02:24.603,1.36483,1.3649,1.25,1.62
2014.10.17 10:02:25.256,1.36484,1.36491,1.00,1.19
2014.10.17 10:02:25.761,1.36484,1.3649,1.19,1.00
2014.10.17 10:02:26.849,1.36484,1.36491,2.81,1.00
2014.10.17 10:02:28.996,1.36484,1.36491,3.19,1.00
2014.10.17 10:02:29.785,1.36484,1.36493,3.19,5.06
2014.10.17 10:02:32.244,1.36485,1.36493,1.69,1.25
2014.10.17 10:02:33.196,1.36485,1.36491,1.25,3.37
2014.10.17 10:02:33.249,1.36483,1.3649,1.00,2.44
2014.10.17 10:02:33.554,1.36488,1.36492,1.00,1.69
2014.10.17 10:02:33.656,1.3649,1.36493,1.37,1.50
2014.10.17 10:02:33.808,1.3649,1.36497,1.87,4.95
2014.10.17 10:02:33.860,1.36491,1.36497,1.25,1.25
2014.10.17 10:02:34.063,1.36493,1.36497,1.19,1.00
2014.10.17 10:02:34.316,1.36494,1.36502,1.25,1.69
2014.10.17 10:02:35.229,1.36494,1.36503,1.19,5.81
2014.10.17 10:02:36.422,1.36493,1.36503,2.44,5.81
2014.10.17 10:02:48.815,1.36493,1.365,2.81,1.00
2014.10.17 10:02:55.210,1.36491,1.365,3.56,3.56
2014.10.17 10:02:55.805,1.36491,1.365,1.69,4.31
2014.10.17 10:02:56.316,1.36491,1.365,1.69,5.06
2014.10.17 10:03:02.670,1.36491,1.36496,2.44,1.00
2014.10.17 10:03:02.721,1.36491,1.36495,1.50,1.00
2014.10.17 10:03:02.925,1.36489,1.36494,1.25,1.87
2014.10.17 10:03:03.026,1.36486,1.36493,2.25,1.12
2014.10.17 10:03:03.430,1.36484,1.36494,3.19,2.81
2014.10.17 10:03:03.832,1.36484,1.36492,2.44,1.37
2014.10.17 10:03:04.377,1.36484,1.36492,1.00,1.56
2014.10.17 10:03:04.882,1.36485,1.36493,1.00,2.81
2014.10.17 10:03:06.043,1.36485,1.36492,1.69,1.25
2014.10.17 10:03:06.553,1.36486,1.36492,2.06,1.50
2014.10.17 10:03:07.060,1.36486,1.36492,3.56,1.00
2014.10.17 10:03:07.212,1.36486,1.36492,1.25,2.06
2014.10.17 10:03:07.921,1.36483,1.36491,1.25,1.31
2014.10.17 10:03:08.426,1.36482,1.3649,3.19,1.00
2014.10.17 10:03:08.930,1.36482,1.3649,2.44,1.25
2014.10.17 10:03:11.043,1.36482,1.3649,1.62,1.25
2014.10.17 10:03:13.065,1.36482,1.3649,1.31,1.12
2014.10.17 10:03:13.318,1.36481,1.36488,2.81,1.00
2014.10.17 10:03:13.822,1.36481,1.36489,1.69,1.19
2014.10.17 10:03:14.330,1.36481,1.36489,2.81,1.19
2014.10.17 10:03:14.637,1.36481,1.3649,2.81,1.31
2014.10.17 10:03:15.157,1.36481,1.3649,2.81,2.06
2014.10.17 10:03:17.956,1.36481,1.36489,2.06,1.56
2014.10.17 10:03:18.781,1.3648,1.36489,2.81,2.06
2014.10.17 10:03:19.285,1.3648,1.36487,3.56,1.12
2014.10.17 10:03:20.390,1.3648,1.36489,2.44,2.06
2014.10.17 10:03:22.198,1.36481,1.3649,1.87,3.94
2014.10.17 10:03:22.703,1.36481,1.3649,2.44,1.87
2014.10.17 10:03:23.281,1.36481,1.36488,1.50,1.12
2014.10.17 10:03:23.794,1.36481,1.3649,2.25,3.56
2014.10.17 10:03:25.308,1.36481,1.36489,3.37,1.25
2014.10.17 10:03:25.611,1.3649,1.36495,2.06,2.25
2014.10.17 10:03:25.813,1.3649,1.36499,3.19,1.69
2014.10.17 10:03:26.577,1.36493,1.36498,1.37,1.25
2014.10.17 10:03:27.082,1.36492,1.365,1.87,1.25
2014.10.17 10:03:27.894,1.36492,1.365,1.56,2.06
2014.10.17 10:03:28.402,1.36492,1.365,1.56,1.69
2014.10.17 10:03:29.357,1.36492,1.365,1.56,1.69
2014.10.17 10:03:31.011,1.36494,1.365,1.00,1.19
2014.10.17 10:03:31.162,1.36493,1.36501,1.31,1.25
2014.10.17 10:03:32.182,1.36493,1.36502,2.06,6.19
2014.10.17 10:03:36.384,1.36493,1.36502,2.81,2.06
2014.10.17 10:03:38.704,1.36494,1.36502,1.56,2.06
2014.10.17 10:03:39.211,1.36496,1.36501,1.37,1.25
2014.10.17 10:03:39.721,1.36496,1.36501,1.12,1.25
2014.10.17 10:03:40.539,1.36496,1.36503,1.31,1.25
2014.10.17 10:03:41.578,1.36495,1.36503,4.31,1.25
2014.10.17 10:03:43.336,1.36495,1.365,1.00,1.00
2014.10.17 10:03:43.589,1.3649,1.36496,1.00,1.00
2014.10.17 10:03:43.640,1.36493,1.36497,1.50,1.50
2014.10.17 10:03:43.690,1.36493,1.365,1.50,1.87
2014.10.17 10:03:44.216,1.36494,1.36502,1.69,1.19
2014.10.17 10:03:44.821,1.36493,1.36503,1.19,3.56
2014.10.17 10:03:46.271,1.36491,1.365,2.06,3.94
2014.10.17 10:03:48.265,1.3649,1.36499,2.44,2.81
2014.10.17 10:03:49.572,1.36492,1.36499,1.50,1.19
2014.10.17 10:03:49.623,1.36492,1.365,1.69,1.50
2014.10.17 10:03:50.178,1.36492,1.36499,1.25,1.37
2014.10.17 10:03:50.684,1.36489,1.36497,2.44,2.06
2014.10.17 10:03:52.744,1.36489,1.36497,1.19,1.56
2014.10.17 10:03:54.122,1.36489,1.36495,1.19,1.12
2014.10.17 10:03:55.287,1.36488,1.36496,3.19,1.62
2014.10.17 10:03:55.489,1.36488,1.36494,1.00,1.87
2014.10.17 10:03:55.994,1.36486,1.3649,1.19,1.00
2014.10.17 10:03:56.559,1.36485,1.3649,1.69,1.00
2014.10.17 10:03:56.660,1.36485,1.36492,1.69,1.12
2014.10.17 10:03:57.187,1.36485,1.36492,1.69,1.37
2014.10.17 10:03:57.691,1.36485,1.36492,1.25,1.87
2014.10.17 10:03:58.655,1.36485,1.36492,1.69,1.62
2014.10.17 10:03:59.572,1.36485,1.36491,1.25,1.50
2014.10.17 10:04:01.027,1.36484,1.3649,1.19,1.00
2014.10.17 10:04:01.584,1.36484,1.36491,1.19,1.00
2014.10.17 10:04:02.139,1.36483,1.3649,2.44,1.00
2014.10.17 10:04:02.769,1.36483,1.36491,2.44,2.81
2014.10.17 10:04:03.441,1.36483,1.3649,1.69,1.00
2014.10.17 10:04:03.947,1.36483,1.36491,5.06,1.31
2014.10.17 10:04:06.340,1.36486,1.36491,1.00,1.31
2014.10.17 10:04:06.770,1.36483,1.36491,4.31,1.00
2014.10.17 10:04:07.275,1.36483,1.36491,1.69,1.37
2014.10.17 10:04:07.932,1.36482,1.36491,1.69,2.81
2014.10.17 10:04:08.084,1.3648,1.36487,3.37,1.12
2014.10.17 10:04:08.135,1.3648,1.36485,1.50,1.00
2014.10.17 10:04:08.438,1.36478,1.36484,1.00,1.62
2014.10.17 10:04:08.988,1.36479,1.36484,1.00,2.62
2014.10.17 10:04:09.140,1.36479,1.36486,1.00,1.69
2014.10.17 10:04:09.667,1.36478,1.36486,2.44,1.25
2014.10.17 10:04:09.914,1.36478,1.36486,2.44,1.62
2014.10.17 10:04:11.288,1.36479,1.36483,1.00,1.50
2014.10.17 10:04:11.598,1.36479,1.36484,1.00,3.19
2014.10.17 10:04:12.176,1.36478,1.36482,1.00,1.37
2014.10.17 10:04:13.544,1.36478,1.36481,1.00,1.37
2014.10.17 10:04:14.104,1.36477,1.36482,1.00,1.37
2014.10.17 10:04:14.461,1.36477,1.36483,1.00,1.50
2014.10.17 10:04:14.966,1.36478,1.36483,1.00,1.25
2014.10.17 10:04:15.496,1.36477,1.36484,1.00,2.06
2014.10.17 10:04:16.017,1.36477,1.36484,1.00,2.44
2014.10.17 10:04:16.534,1.36477,1.36483,1.00,1.00
2014.10.17 10:04:17.115,1.36477,1.36484,1.00,1.31
2014.10.17 10:04:19.022,1.36475,1.36484,4.31,2.89
2014.10.17 10:04:20.260,1.36475,1.36482,2.81,1.00
2014.10.17 10:04:21.425,1.36474,1.36481,1.00,1.25
2014.10.17 10:04:21.930,1.36471,1.36481,4.31,1.69
2014.10.17 10:04:23.632,1.3647,1.36476,1.00,1.50
2014.10.17 10:04:23.683,1.36467,1.36476,2.81,2.25
2014.10.17 10:04:24.227,1.36467,1.36474,1.19,1.00
2014.10.17 10:04:24.379,1.36466,1.36474,1.69,1.31
2014.10.17 10:04:24.898,1.36465,1.36474,5.06,1.69
2014.10.17 10:04:25.050,1.36467,1.36474,1.37,1.62
2014.10.17 10:04:25.202,1.36468,1.36476,3.56,1.25
2014.10.17 10:04:25.719,1.3647,1.36477,1.37,2.06
2014.10.17 10:04:26.234,1.3647,1.36477,1.12,2.06
2014.10.17 10:04:26.744,1.36469,1.36477,2.81,1.31
2014.10.17 10:04:27.707,1.36469,1.36477,2.06,1.31
2014.10.17 10:04:28.216,1.36469,1.36478,2.06,2.44
2014.10.17 10:04:28.317,1.36471,1.36478,1.12,2.44
2014.10.17 10:04:28.822,1.3647,1.36478,1.62,1.69
2014.10.17 10:04:29.347,1.36471,1.36478,1.37,1.25
2014.10.17 10:04:29.564,1.3647,1.36478,1.25,1.25
2014.10.17 10:04:30.563,1.3647,1.36478,1.62,1.25
2014.10.17 10:04:30.867,1.3647,1.36477,1.25,1.19
2014.10.17 10:04:31.677,1.3647,1.36478,6.19,3.19
2014.10.17 10:04:32.182,1.36471,1.36478,2.81,3.19
2014.10.17 10:04:32.687,1.36471,1.36478,2.62,1.00
2014.10.17 10:04:33.728,1.3647,1.36478,2.06,1.00
2014.10.17 10:04:34.330,1.3647,1.36478,2.06,1.00
2014.10.17 10:04:35.245,1.3647,1.36479,4.31,2.44
2014.10.17 10:04:36.290,1.3647,1.36479,4.31,3.19
2014.10.17 10:04:36.824,1.3647,1.36479,3.37,3.19
2014.10.17 10:04:37.482,1.3647,1.36478,3.56,1.19
2014.10.17 10:04:37.734,1.36467,1.36475,1.12,1.69
2014.10.17 10:04:37.785,1.36467,1.36474,1.12,1.31
2014.10.17 10:04:38.290,1.36466,1.36472,1.62,1.00
2014.10.17 10:04:38.804,1.36465,1.36472,3.56,1.25
2014.10.17 10:04:40.174,1.36465,1.36472,2.81,1.25
2014.10.17 10:04:40.679,1.36464,1.36472,4.31,1.25
2014.10.17 10:04:41.917,1.36464,1.36472,3.56,1.69
2014.10.17 10:04:44.045,1.36464,1.36471,1.56,3.26
2014.10.17 10:04:44.967,1.36464,1.36471,1.12,4.01
2014.10.17 10:04:45.497,1.36463,1.36469,1.50,1.12
2014.10.17 10:04:46.003,1.36461,1.36469,3.19,1.12
2014.10.17 10:04:48.735,1.36465,1.3647,1.00,2.44
2014.10.17 10:04:48.887,1.36462,1.3647,1.69,3.19
2014.10.17 10:04:49.434,1.3646,1.3647,4.31,4.31
2014.10.17 10:04:49.947,1.36461,1.3647,1.31,4.31
2014.10.17 10:04:50.458,1.36462,1.36469,1.50,1.31
2014.10.17 10:04:51.119,1.36462,1.3647,1.50,3.94
2014.10.17 10:04:52.157,1.36461,1.3647,1.12,3.94
2014.10.17 10:04:53.006,1.36461,1.3647,1.87,4.31
2014.10.17 10:04:53.993,1.36459,1.36468,3.56,1.50
2014.10.17 10:04:54.727,1.36459,1.36468,2.81,1.69
2014.10.17 10:04:58.358,1.36459,1.36469,3.56,4.76
2014.10.17 10:04:58.880,1.36459,1.36467,2.06,1.12
2014.10.17 10:04:59.972,1.36459,1.36468,2.81,2.06
2014.10.17 10:05:01.412,1.36462,1.36469,1.00,5.14
2014.10.17 10:05:01.957,1.3646,1.36469,3.56,4.39
2014.10.17 10:05:08.579,1.36466,1.36471,1.12,1.00
2014.10.17 10:05:08.730,1.36464,1.36473,1.00,4.69
2014.10.17 10:05:09.476,1.3646,1.36469,4.31,1.19
2014.10.17 10:05:10.283,1.3646,1.36466,3.56,1.00
2014.10.17 10:05:11.293,1.3646,1.36468,2.06,1.69
2014.10.17 10:05:12.152,1.36461,1.36468,1.12,1.69
2014.10.17 10:05:13.164,1.3646,1.36468,2.06,2.81
2014.10.17 10:05:14.202,1.36461,1.36468,1.25,2.06
2014.10.17 10:05:14.731,1.36462,1.36469,1.00,2.81
2014.10.17 10:05:16.778,1.36462,1.36467,1.69,1.00
2014.10.17 10:05:17.081,1.36466,1.36468,1.12,1.00
2014.10.17 10:05:17.234,1.36467,1.36473,1.12,2.44
2014.10.17 10:05:17.386,1.36467,1.36474,1.25,1.31
2014.10.17 10:05:18.654,1.36467,1.36475,1.62,1.69
2014.10.17 10:05:19.177,1.36467,1.36475,3.56,1.25
2014.10.17 10:05:21.951,1.36467,1.36475,1.62,1.25
2014.10.17 10:05:22.604,1.36469,1.36476,1.00,3.19
2014.10.17 10:05:31.044,1.36468,1.36476,3.19,2.44
2014.10.17 10:05:32.244,1.3647,1.36478,2.06,2.06
2014.10.17 10:05:32.945,1.3647,1.36478,1.62,1.31
2014.10.17 10:05:34.447,1.3647,1.36478,1.25,2.81
2014.10.17 10:05:34.981,1.3647,1.36478,1.19,3.56
2014.10.17 10:05:35.417,1.36469,1.36472,1.19,1.00
2014.10.17 10:05:35.468,1.36467,1.36472,3.19,1.00
2014.10.17 10:05:35.721,1.36467,1.36474,1.19,2.44
2014.10.17 10:05:35.822,1.36466,1.36474,2.06,2.44
2014.10.17 10:05:35.923,1.36466,1.36474,2.81,1.69
2014.10.17 10:05:36.227,1.36469,1.36476,1.50,1.25
2014.10.17 10:05:36.480,1.36467,1.36474,1.56,1.00
2014.10.17 10:05:37.356,1.36469,1.36475,1.12,1.00
2014.10.17 10:05:37.660,1.3647,1.36478,2.81,3.19
2014.10.17 10:05:38.990,1.3647,1.36478,3.56,1.69
2014.10.17 10:05:44.829,1.36472,1.36479,1.25,2.06
2014.10.17 10:05:45.894,1.36472,1.36479,1.25,2.06
2014.10.17 10:05:51.754,1.36471,1.36477,1.19,1.12
2014.10.17 10:05:51.805,1.36469,1.36477,1.62,1.31
2014.10.17 10:05:51.957,1.36468,1.36476,6.94,1.37
2014.10.17 10:05:52.261,1.36468,1.36475,3.19,1.37
2014.10.17 10:05:52.463,1.36468,1.36475,1.87,1.25
2014.10.17 10:05:52.565,1.36469,1.36476,1.37,1.69
2014.10.17 10:05:52.767,1.36469,1.36477,2.06,3.00
2014.10.17 10:05:53.891,1.36469,1.36477,2.81,1.19
2014.10.17 10:05:54.157,1.3647,1.36478,1.62,2.06
2014.10.17 10:05:54.411,1.36476,1.36481,1.50,1.00
2014.10.17 10:05:54.462,1.36477,1.36483,1.12,1.69
2014.10.17 10:05:54.967,1.36478,1.36484,1.00,1.69
2014.10.17 10:05:55.472,1.36477,1.36484,1.31,1.31
2014.10.17 10:05:57.722,1.36477,1.36484,2.06,2.44
2014.10.17 10:05:57.976,1.36481,1.36488,2.81,1.00
2014.10.17 10:05:58.229,1.36484,1.3649,1.69,1.69
2014.10.17 10:06:02.649,1.36483,1.36489,1.19,1.50
2014.10.17 10:06:03.658,1.36483,1.3649,2.81,1.25
2014.10.17 10:06:04.331,1.36483,1.3649,3.56,1.00
2014.10.17 10:06:05.802,1.36483,1.36491,3.56,1.31
2014.10.17 10:06:07.549,1.36483,1.3649,1.31,1.12
2014.10.17 10:06:07.751,1.36483,1.36491,2.06,2.06
2014.10.17 10:06:08.256,1.36483,1.36491,2.06,2.06
2014.10.17 10:06:11.358,1.36483,1.36491,2.81,2.06
2014.10.17 10:06:12.149,1.36483,1.36491,2.06,2.06
2014.10.17 10:06:13.064,1.36483,1.36491,1.31,2.06
2014.10.17 10:06:13.605,1.36483,1.36491,1.31,2.81
2014.10.17 10:06:20.467,1.36482,1.3649,1.69,1.37
2014.10.17 10:06:21.581,1.36482,1.3649,1.69,1.62
2014.10.17 10:06:22.256,1.36482,1.3649,1.69,1.31
2014.10.17 10:06:22.802,1.36482,1.3649,1.69,1.31
2014.10.17 10:06:22.903,1.36482,1.36487,1.00,1.37
2014.10.17 10:06:23.004,1.36479,1.36486,2.44,2.62
2014.10.17 10:06:23.696,1.36477,1.36482,1.19,1.87
2014.10.17 10:06:23.949,1.36474,1.3648,1.56,1.00
2014.10.17 10:06:24.454,1.36471,1.36479,2.06,1.12
2014.10.17 10:06:24.992,1.36471,1.36479,2.06,1.31
2014.10.17 10:06:26.093,1.36471,1.36479,2.06,2.06
2014.10.17 10:06:26.626,1.3647,1.36478,1.69,5.06
2014.10.17 10:06:26.930,1.36469,1.36474,1.19,1.12
2014.10.17 10:06:26.981,1.36469,1.36474,1.19,2.62
2014.10.17 10:06:27.032,1.36467,1.36474,2.44,2.81
2014.10.17 10:06:27.133,1.36466,1.36472,1.19,1.37
2014.10.17 10:06:28.359,1.36464,1.36473,3.19,2.06
2014.10.17 10:06:28.411,1.36465,1.36473,1.19,1.31
2014.10.17 10:06:29.812,1.36465,1.36474,1.19,2.81
2014.10.17 10:06:31.962,1.36465,1.36473,1.19,1.62
2014.10.17 10:06:33.253,1.36465,1.36473,1.19,1.62
2014.10.17 10:06:35.061,1.36465,1.36473,1.19,1.62
2014.10.17 10:06:35.821,1.36465,1.36473,1.19,1.56
2014.10.17 10:06:36.644,1.36465,1.36474,1.19,3.56
2014.10.17 10:06:37.365,1.36464,1.36473,3.19,1.56
2014.10.17 10:06:37.870,1.36466,1.36473,1.25,1.31
2014.10.17 10:06:38.375,1.36464,1.36472,3.94,1.62
2014.10.17 10:06:38.879,1.36464,1.36472,2.44,1.69
2014.10.17 10:06:39.404,1.36464,1.36472,1.69,2.44
2014.10.17 10:06:41.163,1.36464,1.36472,1.69,2.44
2014.10.17 10:06:43.382,1.36464,1.36471,1.25,1.56
2014.10.17 10:06:43.917,1.36463,1.36471,5.44,2.81
2014.10.17 10:06:44.422,1.36464,1.36471,1.00,2.06
2014.10.17 10:06:45.983,1.36464,1.36471,1.00,2.06
2014.10.17 10:06:48.662,1.36463,1.36471,5.25,2.06
2014.10.17 10:06:49.135,1.36462,1.36469,4.31,1.00
2014.10.17 10:06:49.783,1.36461,1.36469,1.69,1.87
2014.10.17 10:06:50.316,1.3646,1.36468,2.44,1.87
2014.10.17 10:06:50.876,1.3646,1.36468,2.44,2.06
2014.10.17 10:06:51.802,1.36461,1.36469,1.19,2.06
2014.10.17 10:06:52.309,1.36462,1.36469,1.00,1.12
2014.10.17 10:06:53.206,1.36461,1.36469,2.44,2.06
2014.10.17 10:06:53.985,1.3646,1.36467,2.44,1.12
2014.10.17 10:06:55.955,1.3646,1.36468,1.69,1.31
2014.10.17 10:06:56.471,1.36461,1.36469,1.19,2.06
2014.10.17 10:07:00.207,1.3646,1.36468,1.69,1.12
2014.10.17 10:07:03.541,1.3646,1.36468,2.44,1.37
2014.10.17 10:07:03.946,1.3646,1.36468,1.69,2.06
2014.10.17 10:07:05.596,1.36461,1.36469,1.69,2.62
2014.10.17 10:07:06.001,1.36462,1.36469,1.19,1.87
2014.10.17 10:07:08.228,1.36462,1.36469,1.25,1.12
2014.10.17 10:07:08.898,1.36463,1.36471,2.25,2.81
2014.10.17 10:07:09.940,1.36463,1.36471,3.19,2.81
2014.10.17 10:07:11.379,1.36463,1.3647,3.19,1.25
2014.10.17 10:07:12.031,1.36464,1.36472,1.69,2.81
2014.10.17 10:07:12.592,1.36465,1.36472,1.00,2.44
2014.10.17 10:07:13.545,1.36466,1.36473,1.00,1.87
2014.10.17 10:07:14.050,1.36465,1.36473,2.44,3.37
2014.10.17 10:07:14.631,1.36465,1.36473,2.44,3.56
2014.10.17 10:07:14.952,1.36467,1.36473,1.00,2.81
2014.10.17 10:07:15.054,1.36467,1.36474,2.44,2.81
2014.10.17 10:07:15.155,1.36468,1.36473,1.69,1.00
2014.10.17 10:07:15.307,1.36468,1.36476,2.81,1.19
2014.10.17 10:07:15.924,1.3647,1.36475,1.50,1.25
2014.10.17 10:07:16.126,1.3647,1.36478,1.69,3.19
2014.10.17 10:07:16.433,1.3647,1.36476,1.25,1.00
2014.10.17 10:07:16.887,1.36466,1.36475,3.94,1.50
2014.10.17 10:07:18.222,1.36466,1.36474,2.44,1.12
2014.10.17 10:07:18.647,1.36466,1.36473,1.25,1.00
2014.10.17 10:07:19.152,1.36465,1.36472,1.19,1.87
2014.10.17 10:07:19.304,1.36464,1.36471,1.69,3.37
2014.10.17 10:07:19.355,1.36464,1.3647,1.00,1.12
2014.10.17 10:07:19.558,1.36464,1.36469,1.00,1.87
2014.10.17 10:07:19.983,1.36461,1.36469,1.69,1.56
2014.10.17 10:07:22.773,1.3646,1.36468,1.69,1.12
2014.10.17 10:07:23.278,1.3646,1.36468,1.69,1.37
2014.10.17 10:07:23.891,1.3646,1.36467,2.44,1.37
2014.10.17 10:07:24.577,1.3646,1.36467,1.19,2.62
2014.10.17 10:07:25.157,1.36459,1.36467,1.25,2.06
2014.10.17 10:07:26.136,1.36458,1.36467,2.06,2.81
2014.10.17 10:07:27.513,1.36457,1.36463,2.81,1.37
2014.10.17 10:07:27.665,1.36454,1.3646,1.00,2.62
2014.10.17 10:07:27.716,1.36454,1.3646,1.00,2.62
2014.10.17 10:07:27.817,1.36452,1.3646,1.12,5.81
2014.10.17 10:07:28.429,1.36452,1.36458,1.12,1.87
2014.10.17 10:07:28.685,1.36452,1.3646,2.81,4.87
2014.10.17 10:07:28.786,1.36454,1.3646,1.19,1.00
2014.10.17 10:07:29.300,1.36455,1.36461,2.44,1.00
2014.10.17 10:07:30.612,1.36455,1.36464,3.19,2.44
2014.10.17 10:07:31.137,1.36456,1.36464,1.19,1.69
2014.10.17 10:07:31.695,1.36458,1.36464,1.00,1.25
2014.10.17 10:07:32.202,1.36456,1.36461,1.00,2.25
2014.10.17 10:07:32.728,1.36454,1.36461,1.69,2.62
2014.10.17 10:07:33.395,1.36453,1.36461,4.69,3.56
2014.10.17 10:07:34.016,1.36453,1.36459,3.94,1.62
2014.10.17 10:07:36.495,1.36452,1.36459,1.12,1.62
2014.10.17 10:07:39.661,1.36451,1.36459,2.81,1.62
2014.10.17 10:07:41.640,1.36451,1.36458,2.81,1.37
2014.10.17 10:07:43.048,1.36451,1.36459,1.31,2.06
2014.10.17 10:07:43.353,1.36449,1.36455,1.37,1.25
2014.10.17 10:07:43.657,1.36444,1.36453,3.19,1.62
2014.10.17 10:07:44.162,1.36446,1.36452,1.00,1.12
2014.10.17 10:07:45.282,1.36447,1.36454,1.00,2.81
2014.10.17 10:07:46.855,1.36447,1.36455,2.44,3.56
2014.10.17 10:07:47.364,1.36447,1.36454,1.25,2.06
2014.10.17 10:07:47.976,1.36448,1.36454,1.00,1.31
2014.10.17 10:07:48.618,1.36447,1.36454,1.25,2.81
2014.10.17 10:07:48.669,1.36446,1.36453,2.81,1.62
2014.10.17 10:07:49.271,1.36446,1.36451,1.69,1.37
2014.10.17 10:07:49.778,1.36447,1.36452,1.00,1.37
2014.10.17 10:07:50.790,1.36447,1.36452,1.00,1.75
2014.10.17 10:07:50.844,1.36444,1.36451,3.19,1.50
2014.10.17 10:07:51.370,1.36444,1.36451,2.44,1.50
2014.10.17 10:07:52.601,1.36444,1.36452,2.44,2.06
2014.10.17 10:07:55.296,1.3644,1.36444,3.37,1.37
2014.10.17 10:07:55.347,1.36437,1.36444,1.69,2.06
2014.10.17 10:07:56.387,1.36441,1.36443,1.00,1.00
2014.10.17 10:07:56.489,1.36442,1.36446,1.50,1.56
2014.10.17 10:07:56.591,1.36444,1.36447,1.50,2.06
2014.10.17 10:07:56.793,1.36441,1.36449,1.69,3.56
2014.10.17 10:07:56.996,1.36441,1.36447,1.69,1.31
2014.10.17 10:07:57.553,1.3644,1.36447,1.00,1.31
2014.10.17 10:07:58.111,1.3644,1.36445,1.00,1.25
2014.10.17 10:07:58.314,1.36442,1.36445,1.50,1.00
2014.10.17 10:07:58.617,1.3644,1.36444,1.69,1.37
2014.10.17 10:07:58.719,1.3644,1.36445,1.50,1.50
2014.10.17 10:07:59.224,1.3644,1.36444,1.50,1.37
2014.10.17 10:08:00.426,1.36439,1.36444,1.50,1.62
2014.10.17 10:08:00.628,1.3644,1.36446,1.00,2.62
2014.10.17 10:08:00.679,1.36443,1.36446,1.00,1.12
2014.10.17 10:08:00.881,1.3644,1.36445,2.25,1.37
2014.10.17 10:08:01.236,1.36442,1.36447,1.00,1.69
2014.10.17 10:08:01.287,1.36444,1.36447,1.00,1.25
2014.10.17 10:08:01.539,1.36445,1.3645,1.00,5.81
2014.10.17 10:08:02.480,1.36445,1.3645,1.00,2.06
2014.10.17 10:08:03.247,1.36445,1.3645,1.00,1.62
2014.10.17 10:08:03.297,1.36445,1.3645,1.00,1.62
2014.10.17 10:08:05.421,1.36445,1.3645,1.00,1.62
2014.10.17 10:08:05.775,1.36446,1.36452,1.00,1.56
2014.10.17 10:08:06.230,1.36446,1.36453,1.69,1.25
2014.10.17 10:08:08.016,1.36447,1.36453,1.00,1.62
2014.10.17 10:08:08.117,1.36445,1.36453,1.25,2.06
2014.10.17 10:08:08.622,1.36446,1.36452,1.00,1.31
2014.10.17 10:08:12.341,1.36449,1.36453,1.00,1.69
2014.10.17 10:08:12.492,1.36449,1.36454,1.00,1.12
2014.10.17 10:08:12.644,1.36449,1.36455,1.50,1.62
2014.10.17 10:08:13.190,1.36449,1.36454,1.50,1.12
2014.10.17 10:08:13.544,1.36449,1.36455,1.50,1.62
2014.10.17 10:08:14.059,1.36449,1.36453,1.50,1.37
2014.10.17 10:08:14.721,1.36449,1.36454,1.50,2.06
2014.10.17 10:08:15.521,1.36448,1.36452,1.50,1.12
2014.10.17 10:08:16.035,1.36449,1.36453,1.00,1.37
2014.10.17 10:08:17.452,1.3645,1.36455,1.50,1.62
2014.10.17 10:08:17.553,1.36452,1.36454,1.50,1.00
2014.10.17 10:08:17.603,1.36452,1.36457,1.50,2.06
2014.10.17 10:08:17.755,1.36455,1.36458,1.00,1.19
2014.10.17 10:08:17.806,1.36455,1.3646,1.00,3.56
2014.10.17 10:08:18.481,1.36456,1.3646,1.00,1.31
2014.10.17 10:08:18.995,1.36456,1.36462,1.00,4.31
2014.10.17 10:08:20.045,1.36457,1.36462,1.00,2.81
2014.10.17 10:08:21.183,1.36457,1.36462,1.00,2.06
2014.10.17 10:08:21.589,1.36455,1.36461,1.50,1.12
2014.10.17 10:08:21.742,1.36455,1.3646,1.50,1.37
2014.10.17 10:08:22.247,1.36456,1.36461,1.00,2.81
2014.10.17 10:08:22.822,1.36456,1.36462,1.50,2.81
2014.10.17 10:08:23.893,1.36456,1.36461,1.50,1.19
2014.10.17 10:08:24.399,1.36455,1.36461,1.50,1.31
2014.10.17 10:08:24.911,1.36455,1.36462,1.50,2.06
2014.10.17 10:08:25.215,1.36459,1.36462,1.00,1.19
2014.10.17 10:08:25.366,1.36459,1.36464,1.00,1.31
2014.10.17 10:08:27.077,1.36458,1.36465,1.50,2.81
2014.10.17 10:08:28.612,1.36457,1.36464,1.25,2.06
2014.10.17 10:08:28.814,1.36455,1.36458,2.25,1.00
2014.10.17 10:08:29.324,1.36455,1.3646,1.00,1.19
2014.10.17 10:08:30.225,1.36455,1.36461,1.00,1.19
2014.10.17 10:08:30.733,1.36456,1.36461,1.00,1.56
2014.10.17 10:08:32.467,1.36454,1.36459,1.25,1.00
2014.10.17 10:08:32.518,1.36456,1.3646,1.00,1.69
2014.10.17 10:08:33.042,1.36455,1.3646,1.00,1.19
2014.10.17 10:08:33.551,1.36455,1.36461,1.00,1.19
2014.10.17 10:08:34.523,1.36456,1.36462,1.00,2.06
2014.10.17 10:08:35.034,1.36457,1.36462,1.50,1.31
2014.10.17 10:08:35.540,1.36456,1.36462,1.00,1.31
2014.10.17 10:08:37.912,1.36455,1.36461,1.00,1.19
2014.10.17 10:08:38.446,1.36456,1.36461,1.00,1.19
2014.10.17 10:08:38.956,1.36456,1.36461,1.50,1.56
2014.10.17 10:08:39.460,1.36455,1.36461,1.00,1.31
2014.10.17 10:08:40.410,1.36458,1.36462,1.00,1.19
2014.10.17 10:08:41.277,1.36458,1.36464,1.00,3.56
2014.10.17 10:08:41.847,1.36459,1.36464,1.00,2.06
2014.10.17 10:08:45.045,1.36458,1.36463,1.50,1.56
2014.10.17 10:08:46.036,1.36456,1.36463,1.69,2.44
2014.10.17 10:08:46.389,1.36456,1.36462,1.50,2.81
2014.10.17 10:08:46.910,1.36455,1.36462,1.50,2.81
2014.10.17 10:08:47.470,1.36454,1.36461,1.50,1.69
2014.10.17 10:08:47.991,1.36454,1.36461,1.50,2.44
2014.10.17 10:08:49.029,1.36454,1.36456,1.50,1.00
2014.10.17 10:08:49.130,1.36454,1.36459,1.50,1.00
2014.10.17 10:08:49.332,1.36454,1.36459,1.50,1.56
2014.10.17 10:08:49.894,1.36453,1.3646,1.00,5.06
2014.10.17 10:08:50.298,1.36455,1.3646,1.00,1.19
2014.10.17 10:08:51.006,1.36455,1.3646,1.00,1.19
2014.10.17 10:08:52.084,1.36454,1.3646,1.50,1.19
2014.10.17 10:08:52.886,1.36455,1.3646,1.00,1.69
2014.10.17 10:08:57.573,1.36455,1.36458,1.00,1.12
2014.10.17 10:08:57.625,1.36453,1.36458,1.50,2.06
2014.10.17 10:09:00.597,1.36455,1.3646,1.00,2.06
2014.10.17 10:09:01.150,1.36454,1.3646,1.00,3.56
2014.10.17 10:09:04.532,1.36452,1.3646,2.44,5.81
2014.10.17 10:09:05.044,1.36452,1.36458,1.50,2.06
2014.10.17 10:09:05.614,1.36453,1.36458,1.00,1.31
2014.10.17 10:09:07.424,1.36454,1.36458,1.00,1.19
2014.10.17 10:09:11.267,1.36453,1.36459,1.50,1.69
2014.10.17 10:09:12.388,1.36453,1.36459,1.50,1.19
2014.10.17 10:09:12.640,1.3645,1.36458,2.06,1.25
2014.10.17 10:09:12.742,1.3645,1.36455,1.69,1.00
2014.10.17 10:09:13.247,1.36451,1.36458,1.50,1.69
2014.10.17 10:09:14.177,1.36451,1.36458,1.69,1.19
2014.10.17 10:09:14.482,1.36453,1.3646,1.12,4.69
2014.10.17 10:09:14.785,1.36458,1.36465,1.50,3.19
2014.10.17 10:09:15.140,1.3646,1.36465,1.00,1.19
2014.10.17 10:09:15.458,1.36461,1.36466,1.50,1.25
2014.10.17 10:09:16.377,1.36461,1.36467,1.50,3.56
2014.10.17 10:09:16.993,1.36462,1.36467,1.00,2.44
2014.10.17 10:09:17.296,1.36462,1.36469,1.00,1.56
2014.10.17 10:09:17.397,1.36464,1.3647,1.50,1.69
2014.10.17 10:09:17.974,1.36466,1.36471,1.00,3.19
2014.10.17 10:09:18.277,1.36468,1.36471,1.00,1.69
2014.10.17 10:09:18.328,1.3647,1.36473,1.00,1.25
2014.10.17 10:09:18.480,1.3647,1.36475,1.50,1.50
2014.10.17 10:09:18.582,1.36472,1.36475,1.00,1.00
2014.10.17 10:09:18.937,1.36469,1.36475,2.62,1.00
2014.10.17 10:09:19.094,1.36471,1.36475,1.00,1.00
2014.10.17 10:09:19.600,1.36472,1.36478,1.50,1.37
2014.10.17 10:09:20.408,1.36473,1.36479,1.50,2.06
2014.10.17 10:09:20.715,1.36471,1.36479,1.31,2.06
2014.10.17 10:09:20.918,1.36469,1.36477,1.87,1.00
2014.10.17 10:09:21.222,1.36471,1.36477,1.00,1.69
2014.10.17 10:09:22.933,1.36473,1.36479,1.50,1.19
2014.10.17 10:09:23.479,1.36472,1.36479,1.25,1.19
2014.10.17 10:09:24.451,1.36472,1.36479,1.00,1.19
2014.10.17 10:09:25.466,1.36471,1.36477,1.25,1.25
2014.10.17 10:09:25.930,1.36469,1.36477,3.00,1.31
2014.10.17 10:09:26.238,1.36469,1.36476,1.00,2.81
2014.10.17 10:09:26.541,1.36467,1.36474,1.50,1.19
2014.10.17 10:09:27.011,1.36469,1.36474,1.00,1.31
2014.10.17 10:09:27.162,1.36469,1.36475,1.50,1.31
2014.10.17 10:09:28.127,1.3647,1.36477,1.00,4.31
2014.10.17 10:09:28.632,1.36471,1.36477,1.50,1.31
2014.10.17 10:09:28.733,1.36473,1.36479,1.00,1.56
2014.10.17 10:09:28.834,1.36474,1.3648,1.00,2.44
2014.10.17 10:09:28.936,1.36476,1.3648,1.00,1.25
2014.10.17 10:09:29.599,1.36479,1.36484,1.50,1.19
2014.10.17 10:09:30.056,1.36479,1.36486,1.50,1.69
2014.10.17 10:09:30.572,1.3648,1.36486,1.50,1.69
2014.10.17 10:09:31.087,1.36479,1.36486,1.50,2.06
2014.10.17 10:09:31.444,1.36477,1.36484,1.25,2.06
2014.10.17 10:09:32.271,1.36475,1.36483,1.69,2.06
2014.10.17 10:09:35.694,1.36475,1.36483,1.69,2.44
2014.10.17 10:09:37.776,1.36475,1.36483,1.69,2.81
2014.10.17 10:09:42.112,1.36474,1.36483,2.06,2.81
2014.10.17 10:09:42.632,1.36474,1.3648,1.19,1.50
2014.10.17 10:09:43.176,1.36472,1.3648,3.19,1.50
2014.10.17 10:09:43.327,1.36472,1.36478,2.25,1.00
2014.10.17 10:09:43.855,1.36471,1.36479,1.00,1.69
2014.10.17 10:09:44.517,1.36471,1.36479,1.69,1.69
2014.10.17 10:09:45.704,1.36472,1.36479,1.25,1.12
2014.10.17 10:09:46.838,1.36472,1.36479,1.50,1.31
2014.10.17 10:09:46.889,1.36472,1.3648,2.44,3.19
2014.10.17 10:09:47.813,1.36472,1.36479,1.19,1.00
2014.10.17 10:09:48.621,1.36472,1.36479,1.19,1.00
2014.10.17 10:09:49.402,1.36472,1.3648,1.69,2.44
2014.10.17 10:09:49.806,1.36472,1.3648,1.25,1.69
2014.10.17 10:09:50.310,1.36471,1.36479,3.94,1.50
2014.10.17 10:09:50.869,1.36471,1.36479,3.94,1.87
2014.10.17 10:09:51.451,1.36471,1.36479,3.94,1.87
2014.10.17 10:09:53.038,1.36472,1.36479,1.19,2.06
2014.10.17 10:09:56.140,1.36472,1.3648,1.25,1.69
2014.10.17 10:09:59.263,1.36474,1.36481,2.81,1.00
2014.10.17 10:10:01.544,1.36474,1.36478,1.00,1.00
2014.10.17 10:10:01.595,1.36472,1.36478,1.00,2.62
2014.10.17 10:10:02.114,1.3647,1.36478,2.44,3.00
2014.10.17 10:10:02.620,1.3647,1.36477,2.44,1.37
2014.10.17 10:10:03.174,1.3647,1.36478,2.25,3.19
2014.10.17 10:10:03.689,1.3647,1.36478,1.50,3.19
2014.10.17 10:10:05.628,1.36472,1.36478,1.00,2.06
2014.10.17 10:10:05.880,1.36472,1.3648,2.25,2.81
2014.10.17 10:10:07.171,1.36471,1.36479,2.44,2.44
2014.10.17 10:10:07.474,1.36471,1.36478,1.69,1.37
2014.10.17 10:10:11.580,1.3647,1.36476,1.00,1.69
2014.10.17 10:10:12.242,1.36469,1.36476,1.25,2.44
2014.10.17 10:10:12.823,1.36469,1.36476,1.00,3.19
2014.10.17 10:10:13.392,1.36468,1.36476,2.44,3.19
2014.10.17 10:10:13.597,1.36468,1.36476,2.44,2.44
2014.10.17 10:10:14.106,1.36468,1.36476,2.44,2.44
2014.10.17 10:10:15.660,1.36468,1.36476,2.44,3.19
2014.10.17 10:10:18.441,1.36468,1.36476,3.19,3.19
2014.10.17 10:10:19.556,1.3647,1.36476,1.50,1.31
2014.10.17 10:10:20.177,1.3647,1.36477,1.69,1.56
2014.10.17 10:10:21.516,1.36469,1.36477,2.44,2.06
2014.10.17 10:10:22.504,1.36469,1.36477,1.69,2.06
2014.10.17 10:10:25.283,1.36468,1.36476,2.44,3.19
2014.10.17 10:10:25.831,1.36466,1.36474,5.06,1.25
2014.10.17 10:10:26.337,1.36471,1.36474,1.00,1.25
2014.10.17 10:10:26.539,1.36471,1.36477,1.00,3.19
2014.10.17 10:10:26.691,1.36473,1.36479,1.00,2.44
2014.10.17 10:10:26.742,1.36474,1.3648,1.00,2.44
2014.10.17 10:10:26.893,1.36475,1.36482,1.69,1.50
2014.10.17 10:10:27.196,1.36477,1.36484,1.00,2.44
2014.10.17 10:10:27.701,1.36476,1.36484,1.00,1.19
2014.10.17 10:10:28.246,1.36475,1.36483,3.19,2.44
2014.10.17 10:10:28.963,1.36478,1.36483,1.00,1.19
2014.10.17 10:10:29.313,1.36491,1.36494,1.00,1.12
2014.10.17 10:10:29.415,1.36491,1.36496,1.00,1.25
2014.10.17 10:10:30.410,1.36489,1.36497,2.25,2.44
2014.10.17 10:10:31.167,1.36488,1.36495,1.69,1.12
2014.10.17 10:10:32.064,1.36487,1.36493,1.69,1.25
2014.10.17 10:10:32.369,1.36492,1.36496,1.00,1.31
2014.10.17 10:10:32.471,1.36492,1.36499,1.50,1.25
2014.10.17 10:10:32.825,1.36494,1.36501,1.00,1.69
2014.10.17 10:10:33.331,1.36492,1.365,3.19,2.06
2014.10.17 10:10:34.560,1.36491,1.36499,4.31,1.31
2014.10.17 10:10:35.071,1.36491,1.36498,2.25,2.06
2014.10.17 10:10:35.608,1.3649,1.36498,3.56,2.81
2014.10.17 10:10:36.870,1.3649,1.36498,2.81,2.44
2014.10.17 10:10:37.176,1.3649,1.36497,1.50,2.06
2014.10.17 10:10:37.682,1.3649,1.36496,1.00,1.25
2014.10.17 10:10:38.011,1.36488,1.36495,1.25,1.37
2014.10.17 10:10:38.314,1.36486,1.36491,1.00,1.50
2014.10.17 10:10:38.819,1.36484,1.36491,1.19,1.12
2014.10.17 10:10:39.173,1.36483,1.36491,1.69,1.31
2014.10.17 10:10:40.257,1.36483,1.36491,2.06,3.94
2014.10.17 10:10:41.279,1.36483,1.36491,1.69,3.94
2014.10.17 10:10:42.723,1.36484,1.36491,1.00,2.44
2014.10.17 10:10:43.252,1.36483,1.36491,1.25,2.44
2014.10.17 10:10:43.663,1.36482,1.36487,1.00,1.00
2014.10.17 10:10:43.815,1.3648,1.36486,1.50,1.69
2014.10.17 10:10:44.689,1.3648,1.36487,3.56,1.00
2014.10.17 10:10:45.212,1.3648,1.36488,3.56,1.69
2014.10.17 10:10:45.729,1.36481,1.36489,2.06,2.44
2014.10.17 10:10:49.324,1.36481,1.36489,2.44,1.69
2014.10.17 10:10:49.529,1.36481,1.36489,3.19,1.69
2014.10.17 10:10:50.125,1.36481,1.36489,3.19,1.69
2014.10.17 10:10:50.630,1.36481,1.36488,2.06,1.00
2014.10.17 10:10:51.161,1.36481,1.36488,2.06,1.19
2014.10.17 10:10:53.890,1.36482,1.36489,1.00,2.06
2014.10.17 10:10:54.424,1.36481,1.36489,1.31,2.06
2014.10.17 10:10:57.368,1.36481,1.36489,1.62,2.81
2014.10.17 10:10:57.873,1.36481,1.36486,1.00,1.50
2014.10.17 10:10:58.025,1.36479,1.36487,1.87,1.69
2014.10.17 10:10:58.378,1.3648,1.36487,1.37,1.19
2014.10.17 10:10:58.883,1.36481,1.36488,1.31,1.69
2014.10.17 10:10:59.388,1.36481,1.36488,1.62,1.19
2014.10.17 10:10:59.691,1.36483,1.3649,2.06,1.19
2014.10.17 10:11:00.684,1.36484,1.36492,2.06,3.19
2014.10.17 10:11:02.149,1.36485,1.36492,1.25,3.19
2014.10.17 10:11:03.111,1.36483,1.3649,1.69,1.00
2014.10.17 10:11:03.906,1.36481,1.3649,1.19,2.06
2014.10.17 10:11:04.446,1.36482,1.3649,1.62,2.06
2014.10.17 10:11:06.983,1.36482,1.3649,1.31,2.44
2014.10.17 10:11:07.497,1.36481,1.36488,2.81,1.00
2014.10.17 10:11:07.975,1.3648,1.36488,1.31,1.69
2014.10.17 10:11:08.481,1.36481,1.36488,1.00,2.06
2014.10.17 10:11:08.885,1.36479,1.36485,1.19,1.00
2014.10.17 10:11:09.087,1.36478,1.36485,3.56,1.00
2014.10.17 10:11:09.887,1.36477,1.36484,4.69,1.12
2014.10.17 10:11:11.336,1.36477,1.36484,1.62,1.00
2014.10.17 10:11:11.850,1.36478,1.36486,1.37,2.44
2014.10.17 10:11:12.910,1.36478,1.36486,1.69,1.25
2014.10.17 10:11:14.550,1.36478,1.36486,2.06,1.25
2014.10.17 10:11:15.074,1.36478,1.36486,2.06,1.25
2014.10.17 10:11:15.578,1.36477,1.36485,3.56,1.00
2014.10.17 10:11:15.730,1.36479,1.36487,1.69,2.44
2014.10.17 10:11:16.033,1.36481,1.36488,1.62,1.69
2014.10.17 10:11:16.769,1.3648,1.36489,1.69,3.19
2014.10.17 10:11:20.675,1.3648,1.36489,1.69,2.44
2014.10.17 10:11:22.435,1.36481,1.36489,1.62,1.25
2014.10.17 10:11:22.942,1.36483,1.3649,1.50,1.19
2014.10.17 10:11:25.182,1.36483,1.36491,2.44,1.69
2014.10.17 10:11:26.938,1.36486,1.36491,1.25,1.00
2014.10.17 10:11:27.243,1.36491,1.36497,1.25,1.25
2014.10.17 10:11:27.718,1.36492,1.36499,3.00,1.69
2014.10.17 10:11:28.077,1.36493,1.36502,2.25,4.69
2014.10.17 10:11:28.684,1.36493,1.365,1.50,1.00
2014.10.17 10:11:29.200,1.36492,1.36499,2.81,1.00
2014.10.17 10:11:32.866,1.36491,1.36499,4.31,1.19
2014.10.17 10:11:34.205,1.36492,1.36499,1.25,1.19
2014.10.17 10:11:34.884,1.3649,1.36495,1.37,1.31
2014.10.17 10:11:34.937,1.36486,1.36494,5.06,1.00
2014.10.17 10:11:35.241,1.36489,1.36497,2.62,4.69
2014.10.17 10:11:35.754,1.3649,1.36497,1.37,2.44
2014.10.17 10:11:39.485,1.3649,1.36497,1.37,2.44
2014.10.17 10:11:40.012,1.3649,1.36497,1.12,2.81
2014.10.17 10:11:40.914,1.3649,1.36497,1.37,1.69
2014.10.17 10:11:41.319,1.36493,1.36499,1.50,2.06
2014.10.17 10:11:41.824,1.36493,1.36501,3.56,2.81
2014.10.17 10:11:42.343,1.36494,1.36501,1.50,1.31
2014.10.17 10:11:42.957,1.36494,1.36501,1.69,1.31
2014.10.17 10:11:43.476,1.36492,1.36499,1.00,1.62
2014.10.17 10:11:44.010,1.36491,1.36499,3.56,3.19
2014.10.17 10:11:44.515,1.3649,1.36497,2.06,1.87
2014.10.17 10:11:47.220,1.36491,1.36499,1.31,2.06
2014.10.17 10:11:47.923,1.36491,1.36499,2.06,2.06
2014.10.17 10:11:48.291,1.36494,1.36501,1.12,1.12
2014.10.17 10:11:48.828,1.36495,1.36503,1.00,2.44
2014.10.17 10:11:49.559,1.36494,1.36502,2.06,1.69
2014.10.17 10:11:50.064,1.36493,1.36501,3.56,2.25
2014.10.17 10:11:51.816,1.36492,1.36497,1.50,1.25
2014.10.17 10:11:52.071,1.36489,1.36497,2.44,1.25
2014.10.17 10:11:52.576,1.36489,1.36496,1.69,1.00
2014.10.17 10:11:52.677,1.36489,1.36494,1.69,1.50
2014.10.17 10:11:52.829,1.36485,1.36492,1.69,1.25
2014.10.17 10:11:53.082,1.36483,1.36491,3.19,2.06
2014.10.17 10:11:54.043,1.36483,1.36491,1.50,2.06
2014.10.17 10:11:56.134,1.36483,1.3649,1.69,1.19
2014.10.17 10:11:56.361,1.36485,1.3649,1.00,1.19
2014.10.17 10:11:56.513,1.36485,1.36492,1.87,1.00
2014.10.17 10:11:56.614,1.36486,1.36492,1.00,2.44
2014.10.17 10:11:56.715,1.36484,1.36492,1.25,2.81
2014.10.17 10:11:58.759,1.36483,1.36492,1.25,3.56
2014.10.17 10:11:59.679,1.36483,1.36491,1.25,1.31
2014.10.17 10:12:00.207,1.36483,1.3649,1.19,1.69
2014.10.17 10:12:01.074,1.36482,1.3649,3.19,2.06
2014.10.17 10:12:01.125,1.36482,1.3649,2.44,2.81
2014.10.17 10:12:01.889,1.36481,1.3649,1.69,2.81
2014.10.17 10:12:02.398,1.36481,1.3649,1.69,3.56
2014.10.17 10:12:02.983,1.36481,1.3649,1.69,3.56
2014.10.17 10:12:04.113,1.36481,1.3649,2.44,2.81
2014.10.17 10:12:09.581,1.36483,1.36489,1.00,1.69
2014.10.17 10:12:09.682,1.36484,1.3649,1.50,2.25
2014.10.17 10:12:10.199,1.36484,1.3649,1.50,2.44
2014.10.17 10:12:11.900,1.36484,1.3649,1.69,2.44
2014.10.17 10:12:14.008,1.36483,1.3649,1.69,1.00
2014.10.17 10:12:16.476,1.36483,1.36488,1.69,1.00
2014.10.17 10:12:17.000,1.36483,1.36489,1.69,1.69
2014.10.17 10:12:18.354,1.36481,1.36488,3.94,1.00
2014.10.17 10:12:19.972,1.36481,1.36489,3.94,1.69
2014.10.17 10:12:20.477,1.36481,1.36489,4.31,2.06
2014.10.17 10:12:20.679,1.36484,1.36491,1.00,3.75
2014.10.17 10:12:21.184,1.36487,1.36491,1.00,2.44
2014.10.17 10:12:21.588,1.36487,1.36493,1.00,2.44
2014.10.17 10:12:22.954,1.36489,1.36494,2.44,1.00
2014.10.17 10:12:24.181,1.36489,1.36495,1.19,1.00
2014.10.17 10:12:24.505,1.36489,1.36493,1.00,1.00
2014.10.17 10:12:24.657,1.36486,1.36493,1.69,1.00
2014.10.17 10:12:24.758,1.36486,1.36493,1.69,1.37
2014.10.17 10:12:25.970,1.36486,1.36492,1.00,1.37
2014.10.17 10:12:26.378,1.36486,1.36493,1.00,1.25
2014.10.17 10:12:26.631,1.36484,1.36493,3.94,2.81
2014.10.17 10:12:27.136,1.36485,1.36493,1.31,2.81
2014.10.17 10:12:27.441,1.36483,1.36488,1.00,1.37
2014.10.17 10:12:27.492,1.36481,1.36488,2.44,1.37
2014.10.17 10:12:29.670,1.36481,1.36488,1.25,2.81
2014.10.17 10:12:30.640,1.36479,1.36486,3.19,1.31
2014.10.17 10:12:31.262,1.36479,1.36486,2.06,2.06
2014.10.17 10:12:31.766,1.36479,1.36486,2.06,1.25
2014.10.17 10:12:32.839,1.36479,1.36487,2.81,2.44
2014.10.17 10:12:33.345,1.36479,1.36487,3.19,2.06
2014.10.17 10:12:33.853,1.36479,1.36487,3.56,2.06
2014.10.17 10:12:36.034,1.36481,1.36489,2.06,1.62
2014.10.17 10:12:37.091,1.36481,1.36489,2.06,1.25
2014.10.17 10:12:38.263,1.36481,1.36488,1.31,1.37
2014.10.17 10:12:38.979,1.36479,1.36488,3.56,1.12
2014.10.17 10:12:39.516,1.36479,1.36488,3.56,1.69
2014.10.17 10:12:46.770,1.36481,1.36489,1.12,2.81
2014.10.17 10:12:47.073,1.36477,1.36484,3.56,1.00
2014.10.17 10:12:47.578,1.36476,1.36484,1.19,2.06
2014.10.17 10:12:47.945,1.36478,1.36486,1.25,2.81
2014.10.17 10:12:49.066,1.36477,1.36485,2.06,1.19
2014.10.17 10:12:50.948,1.36477,1.36482,2.06,1.00
2014.10.17 10:12:51.251,1.36476,1.36482,1.25,2.25
2014.10.17 10:12:51.755,1.36477,1.36482,1.50,1.00
2014.10.17 10:12:51.857,1.36477,1.36485,1.50,2.06
2014.10.17 10:12:52.361,1.36477,1.36485,2.44,2.06
2014.10.17 10:12:53.625,1.36479,1.36487,1.25,3.56
2014.10.17 10:12:54.175,1.36479,1.36487,1.25,3.56
2014.10.17 10:12:54.760,1.3648,1.36487,1.00,1.31
2014.10.17 10:12:55.661,1.3648,1.36488,1.25,2.06
2014.10.17 10:12:56.482,1.3648,1.36488,2.06,2.06
2014.10.17 10:12:57.449,1.36481,1.36488,1.00,1.31
2014.10.17 10:12:57.965,1.36481,1.36488,1.19,1.31
2014.10.17 10:13:04.072,1.36481,1.36489,1.69,1.62
2014.10.17 10:13:04.591,1.36481,1.36489,1.69,1.25
2014.10.17 10:13:13.519,1.3648,1.36486,1.87,1.00
2014.10.17 10:13:13.924,1.3648,1.36488,2.06,1.31
2014.10.17 10:13:14.430,1.36479,1.36487,2.81,1.00
2014.10.17 10:13:16.728,1.3648,1.36488,1.31,1.31
2014.10.17 10:13:18.135,1.36479,1.36486,1.69,1.00
2014.10.17 10:13:18.641,1.3648,1.36487,1.12,1.25
2014.10.17 10:13:22.110,1.36479,1.36486,1.69,1.00
2014.10.17 10:13:22.414,1.36474,1.36479,1.00,1.87
2014.10.17 10:13:22.717,1.3647,1.36478,5.81,1.50
2014.10.17 10:13:23.222,1.36471,1.36479,1.25,1.69
2014.10.17 10:13:23.724,1.36472,1.36479,1.00,1.19
2014.10.17 10:13:24.734,1.36472,1.36479,1.00,2.06
2014.10.17 10:13:25.233,1.3647,1.36478,2.81,1.62
2014.10.17 10:13:26.347,1.3647,1.36478,2.44,2.06
2014.10.17 10:13:26.397,1.3647,1.36476,1.69,1.00
2014.10.17 10:13:26.803,1.36468,1.36476,2.25,2.06
2014.10.17 10:13:27.424,1.36467,1.36476,3.00,1.25
2014.10.17 10:13:28.604,1.36468,1.36476,1.00,1.69
2014.10.17 10:13:28.705,1.36468,1.36474,1.69,1.87
2014.10.17 10:13:29.008,1.36467,1.36474,3.19,2.62
2014.10.17 10:13:30.651,1.36467,1.36474,3.19,1.87
2014.10.17 10:13:31.733,1.36468,1.36477,2.62,4.69
2014.10.17 10:13:31.784,1.36468,1.36477,7.76,2.44
2014.10.17 10:13:32.290,1.36468,1.36476,6.26,1.87
2014.10.17 10:13:32.796,1.36468,1.36476,6.26,1.87
2014.10.17 10:13:33.899,1.36468,1.36476,4.76,1.87
2014.10.17 10:13:37.323,1.36469,1.36476,1.69,1.62
2014.10.17 10:13:38.392,1.36469,1.36477,3.56,1.31
2014.10.17 10:13:38.494,1.3647,1.36476,2.70,1.00
2014.10.17 10:13:39.710,1.36472,1.36478,1.00,1.12
2014.10.17 10:13:40.114,1.36472,1.36478,1.00,2.81
2014.10.17 10:13:40.266,1.36469,1.36476,2.06,1.37
2014.10.17 10:13:41.511,1.36468,1.36475,3.19,1.00
2014.10.17 10:13:42.995,1.36468,1.36476,3.19,1.00
2014.10.17 10:13:43.281,1.3647,1.36478,2.06,1.87
2014.10.17 10:13:43.585,1.36472,1.3648,3.00,1.50
2014.10.17 10:13:43.888,1.36476,1.3648,1.37,1.00
2014.10.17 10:13:43.990,1.36477,1.36483,1.50,1.69
2014.10.17 10:13:44.495,1.36478,1.36484,1.50,1.00
2014.10.17 10:13:45.010,1.36478,1.36486,1.50,2.44
2014.10.17 10:13:45.516,1.36478,1.36486,2.06,2.06
2014.10.17 10:13:46.021,1.36478,1.36486,2.06,1.25
2014.10.17 10:13:47.563,1.36478,1.36486,1.50,1.00
2014.10.17 10:13:48.579,1.36478,1.36485,1.25,1.12
2014.10.17 10:13:48.883,1.36477,1.36485,3.19,2.62
2014.10.17 10:13:49.389,1.36477,1.36484,1.00,1.37
2014.10.17 10:13:49.922,1.36477,1.36483,2.25,1.12
2014.10.17 10:13:50.276,1.36477,1.36485,1.50,1.31
2014.10.17 10:13:51.424,1.36478,1.36486,1.00,1.62
2014.10.17 10:13:53.018,1.36477,1.36485,1.69,1.37
2014.10.17 10:13:54.339,1.36477,1.36485,2.44,1.37
2014.10.17 10:13:55.334,1.36477,1.36485,1.69,1.87
2014.10.17 10:13:56.134,1.36477,1.36485,2.44,1.87
2014.10.17 10:14:02.310,1.36477,1.36485,4.76,1.87
2014.10.17 10:14:06.105,1.36477,1.36484,1.25,1.37
2014.10.17 10:14:09.129,1.36477,1.36483,1.25,1.37
2014.10.17 10:14:09.643,1.36475,1.36482,2.44,1.37
2014.10.17 10:14:09.997,1.36476,1.36483,4.76,1.37
2014.10.17 10:14:10.857,1.36476,1.36483,6.26,1.37
2014.10.17 10:14:12.190,1.36476,1.36486,5.51,2.81
2014.10.17 10:14:12.291,1.36478,1.36486,1.31,2.81
2014.10.17 10:14:12.890,1.36478,1.36484,1.31,1.37
2014.10.17 10:14:17.597,1.36478,1.36484,1.12,1.37
2014.10.17 10:14:17.799,1.3648,1.36486,1.00,1.12
2014.10.17 10:14:18.675,1.36481,1.36487,1.00,1.87
2014.10.17 10:14:24.634,1.36481,1.36487,1.62,1.37
2014.10.17 10:14:26.879,1.36483,1.36487,1.00,1.37
2014.10.17 10:14:27.901,1.36483,1.36487,1.00,1.12
2014.10.17 10:14:28.481,1.36481,1.36489,3.19,1.87
2014.10.17 10:14:29.289,1.36483,1.36489,1.00,1.87
2014.10.17 10:14:30.806,1.36483,1.36488,1.00,1.12
2014.10.17 10:14:31.995,1.3649,1.36495,9.34,3.00
2014.10.17 10:14:32.046,1.36492,1.365,2.25,3.94
2014.10.17 10:14:32.692,1.36492,1.365,4.57,4.69
2014.10.17 10:14:32.946,1.36491,1.36499,5.06,1.87
2014.10.17 10:14:33.455,1.36492,1.36501,2.81,1.56
2014.10.17 10:14:34.119,1.36492,1.36502,3.56,3.56
2014.10.17 10:14:35.939,1.36494,1.36502,1.00,2.81
2014.10.17 10:14:36.446,1.36495,1.36502,1.00,2.06
2014.10.17 10:14:37.556,1.36495,1.36499,1.00,1.37
2014.10.17 10:14:37.859,1.36489,1.36493,1.25,1.37
2014.10.17 10:14:38.011,1.36487,1.3649,3.75,1.12
2014.10.17 10:14:39.964,1.36484,1.3649,3.19,1.12
2014.10.17 10:14:40.621,1.36484,1.36491,2.44,1.50
2014.10.17 10:14:41.145,1.36484,1.36491,1.25,3.75
2014.10.17 10:14:42.736,1.36482,1.3649,1.19,1.50
2014.10.17 10:14:43.299,1.36482,1.3649,1.19,1.50
2014.10.17 10:14:44.689,1.36481,1.36488,1.25,1.37
2014.10.17 10:14:45.197,1.36481,1.36489,1.25,3.56
2014.10.17 10:14:47.758,1.36481,1.36488,1.50,1.37
2014.10.17 10:14:48.848,1.36481,1.36487,1.25,1.00
2014.10.17 10:14:49.151,1.36474,1.36481,1.00,2.06
2014.10.17 10:14:49.353,1.36471,1.36478,1.25,1.87
2014.10.17 10:14:49.941,1.36473,1.36478,1.00,1.00
2014.10.17 10:14:50.450,1.36473,1.3648,1.50,1.31
2014.10.17 10:14:50.955,1.36473,1.36479,1.00,1.37
2014.10.17 10:14:51.259,1.36469,1.36474,1.69,2.62
2014.10.17 10:14:52.680,1.36467,1.36473,1.00,1.50
2014.10.17 10:14:53.088,1.36466,1.36474,3.75,3.37
2014.10.17 10:14:53.392,1.36464,1.3647,1.69,1.00
2014.10.17 10:14:53.493,1.36465,1.36472,1.37,1.12
2014.10.17 10:14:53.797,1.36466,1.36474,4.01,2.44
2014.10.17 10:14:54.352,1.36471,1.36475,1.00,1.19
2014.10.17 10:14:55.847,1.3647,1.36474,1.00,1.31
2014.10.17 10:14:56.302,1.3647,1.36475,1.00,1.31
2014.10.17 10:14:59.932,1.3647,1.36475,1.00,1.56
2014.10.17 10:15:00.235,1.36471,1.36474,1.00,1.62
2014.10.17 10:15:00.336,1.3647,1.36474,1.50,1.31
2014.10.17 10:15:00.858,1.36471,1.36476,2.25,1.56
2014.10.17 10:15:01.643,1.36471,1.36476,1.50,2.06
2014.10.17 10:15:02.152,1.36469,1.36471,1.00,1.00
2014.10.17 10:15:02.253,1.36467,1.36471,1.00,1.56
2014.10.17 10:15:02.304,1.36465,1.36471,1.50,1.69
2014.10.17 10:15:02.405,1.36463,1.36466,1.50,1.00
2014.10.17 10:15:02.759,1.36461,1.36466,1.00,1.69
2014.10.17 10:15:02.961,1.36461,1.36464,1.00,1.19
2014.10.17 10:15:03.062,1.36459,1.36464,1.00,1.56
2014.10.17 10:15:03.580,1.3646,1.36464,1.50,1.19
2014.10.17 10:15:04.088,1.3646,1.36465,1.50,2.06
2014.10.17 10:15:06.056,1.36461,1.36465,1.00,1.56
2014.10.17 10:15:06.359,1.36462,1.36465,1.00,1.50
2014.10.17 10:15:06.865,1.36463,1.36467,1.00,2.06
2014.10.17 10:15:07.269,1.36461,1.36467,1.50,1.69
2014.10.17 10:15:07.875,1.3646,1.36467,1.00,2.81
2014.10.17 10:15:08.381,1.3646,1.36462,1.00,1.00
2014.10.17 10:15:08.908,1.3646,1.36465,1.50,1.69
2014.10.17 10:15:09.114,1.36454,1.36465,3.94,2.06
2014.10.17 10:15:09.266,1.36459,1.3646,1.00,1.12
2014.10.17 10:15:10.550,1.36455,1.36458,1.00,1.62
2014.10.17 10:15:10.705,1.36456,1.36458,1.00,1.31
2014.10.17 10:15:10.806,1.36454,1.36459,1.50,2.06
2014.10.17 10:15:11.312,1.36455,1.36458,1.50,1.62
2014.10.17 10:15:11.564,1.36456,1.36461,1.00,2.06
2014.10.17 10:15:11.716,1.36459,1.36461,1.50,1.00
2014.10.17 10:15:11.767,1.36459,1.36464,1.50,4.31
2014.10.17 10:15:12.019,1.36461,1.36464,1.00,3.56
2014.10.17 10:15:12.434,1.36461,1.36464,1.00,1.62
2014.10.17 10:15:12.738,1.36459,1.36461,1.50,1.37
2014.10.17 10:15:13.417,1.36458,1.36461,1.50,1.00
2014.10.17 10:15:14.438,1.36459,1.36461,1.50,1.00
2014.10.17 10:15:14.741,1.36458,1.36462,1.50,1.87
2014.10.17 10:15:15.196,1.36459,1.36462,1.00,1.87
2014.10.17 10:15:15.653,1.36455,1.36462,1.00,1.87
2014.10.17 10:15:15.805,1.36458,1.36462,1.00,2.62
2014.10.17 10:15:15.856,1.3646,1.36462,1.00,1.00
2014.10.17 10:15:16.311,1.36462,1.36463,1.00,1.00
2014.10.17 10:15:16.504,1.36463,1.36467,1.00,1.87
2014.10.17 10:15:17.009,1.36464,1.36468,1.50,1.62
2014.10.17 10:15:17.522,1.36463,1.36468,1.00,1.62
2014.10.17 10:15:18.393,1.36464,1.36467,1.50,1.31
2014.10.17 10:15:20.530,1.36464,1.36469,1.50,2.06
2014.10.17 10:15:21.749,1.36464,1.36468,1.50,1.25
2014.10.17 10:15:25.176,1.36464,1.3647,1.00,2.44
2014.10.17 10:15:25.277,1.36461,1.36467,1.50,1.31
2014.10.17 10:15:25.329,1.36461,1.36464,1.00,1.00
2014.10.17 10:15:25.481,1.36459,1.36464,1.50,2.44
2014.10.17 10:15:25.532,1.36459,1.36463,1.00,1.19
2014.10.17 10:15:25.684,1.36455,1.36462,1.50,1.69
2014.10.17 10:15:25.735,1.36455,1.36461,1.50,1.56
2014.10.17 10:15:26.392,1.36454,1.36457,1.50,1.00
2014.10.17 10:15:26.846,1.36452,1.36458,1.50,1.87
2014.10.17 10:15:27.048,1.36452,1.36458,1.50,1.50
2014.10.17 10:15:27.149,1.36454,1.36458,1.50,1.50
2014.10.17 10:15:27.995,1.36454,1.36458,1.50,1.69
2014.10.17 10:15:28.446,1.36453,1.36456,1.00,1.37
2014.10.17 10:15:28.498,1.36451,1.36456,1.50,1.37
2014.10.17 10:15:29.045,1.36451,1.36456,1.50,1.12
2014.10.17 10:15:29.310,1.36454,1.36458,1.00,3.56
2014.10.17 10:15:29.360,1.36454,1.36458,1.50,1.31
2014.10.17 10:15:29.878,1.36455,1.36459,1.00,2.06
2014.10.17 10:15:30.417,1.36456,1.36459,1.00,1.87
2014.10.17 10:15:31.032,1.36459,1.36462,1.00,1.00
2014.10.17 10:15:31.083,1.3646,1.36462,1.00,1.00
2014.10.17 10:15:31.234,1.36462,1.36465,1.00,1.00
2014.10.17 10:15:31.739,1.36465,1.36467,1.00,1.50
2014.10.17 10:15:31.891,1.36467,1.36471,1.00,4.69
2014.10.17 10:15:32.396,1.36466,1.3647,1.00,1.19
2014.10.17 10:15:33.590,1.36466,1.3647,1.50,2.06
2014.10.17 10:15:34.101,1.36466,1.36469,1.50,1.00
2014.10.17 10:15:34.680,1.36465,1.36469,1.50,1.00
2014.10.17 10:15:35.924,1.36465,1.36468,1.00,1.12
2014.10.17 10:15:36.168,1.36463,1.36468,1.50,1.37
2014.10.17 10:15:36.572,1.36462,1.36467,1.00,1.87
2014.10.17 10:15:36.623,1.36459,1.36466,1.50,1.37
2014.10.17 10:15:36.674,1.36459,1.36465,1.00,1.50
2014.10.17 10:15:36.776,1.36458,1.36462,1.00,1.00
2014.10.17 10:15:36.827,1.36457,1.36464,1.00,1.31
2014.10.17 10:15:36.979,1.36455,1.36462,2.25,1.00
2014.10.17 10:15:37.484,1.36454,1.36462,1.00,2.44
2014.10.17 10:15:37.989,1.36454,1.36461,1.00,1.00
2014.10.17 10:15:38.292,1.36452,1.36461,3.19,2.81
2014.10.17 10:15:38.596,1.36451,1.36456,1.00,1.87
2014.10.17 10:15:38.697,1.36449,1.36456,3.19,3.37
2014.10.17 10:15:39.000,1.36451,1.36456,1.00,1.50
2014.10.17 10:15:39.983,1.36452,1.36456,1.00,1.00
2014.10.17 10:15:40.084,1.36453,1.36459,1.00,2.81
2014.10.17 10:15:40.287,1.36452,1.36459,1.50,1.56
2014.10.17 10:15:40.540,1.3645,1.36456,1.87,1.31
2014.10.17 10:15:40.692,1.36448,1.36456,3.37,1.19
2014.10.17 10:15:41.197,1.36447,1.36454,2.44,1.50
2014.10.17 10:15:41.299,1.36448,1.36454,1.00,3.56
2014.10.17 10:15:41.349,1.36446,1.36452,1.12,2.44
2014.10.17 10:15:41.451,1.36444,1.36451,1.00,1.31
2014.10.17 10:15:41.653,1.36442,1.36451,1.25,2.06
2014.10.17 10:15:42.576,1.36442,1.3645,1.25,2.06
2014.10.17 10:15:43.198,1.36442,1.36448,1.25,1.00
2014.10.17 10:15:44.178,1.3644,1.36448,5.81,1.87
2014.10.17 10:15:44.716,1.36441,1.36448,2.62,1.00
2014.10.17 10:15:45.222,1.36441,1.36449,1.87,1.87
2014.10.17 10:15:45.525,1.3644,1.36448,4.31,1.50
2014.10.17 10:15:45.984,1.36442,1.36449,1.00,1.69
2014.10.17 10:15:46.288,1.36441,1.36444,1.00,1.87
2014.10.17 10:15:46.390,1.36438,1.36444,1.00,1.37
2014.10.17 10:15:46.441,1.36438,1.36443,1.00,1.37
2014.10.17 10:15:46.542,1.36438,1.36442,1.00,1.50
2014.10.17 10:15:46.695,1.36438,1.36444,1.00,1.50
2014.10.17 10:15:47.996,1.36438,1.36441,1.00,1.37
2014.10.17 10:15:48.048,1.36435,1.36441,1.00,2.62
2014.10.17 10:15:48.552,1.36435,1.36442,1.00,2.62
2014.10.17 10:15:49.057,1.36434,1.36441,1.25,1.37
2014.10.17 10:15:49.566,1.36434,1.36439,1.00,1.00
2014.10.17 10:15:50.020,1.36435,1.36441,1.00,2.25
2014.10.17 10:15:50.424,1.36435,1.36443,2.25,1.50
2014.10.17 10:15:50.950,1.36435,1.36442,1.00,1.12
2014.10.17 10:15:51.475,1.36436,1.36443,1.00,1.50
2014.10.17 10:15:52.541,1.36434,1.36442,1.50,1.37
2014.10.17 10:15:53.046,1.36435,1.36442,1.00,1.00
2014.10.17 10:15:53.197,1.36438,1.36444,1.00,1.50
2014.10.17 10:15:53.728,1.36439,1.36444,1.00,2.25
2014.10.17 10:15:54.240,1.36438,1.36446,1.00,1.12
2014.10.17 10:15:54.861,1.36439,1.36446,1.50,1.12
2014.10.17 10:15:55.909,1.36439,1.36445,1.00,1.00
2014.10.17 10:15:56.010,1.36439,1.36443,1.00,1.00
2014.10.17 10:15:56.263,1.36436,1.36442,1.00,1.00
2014.10.17 10:15:56.415,1.36438,1.36443,1.00,1.00
2014.10.17 10:15:56.568,1.36441,1.36447,2.25,1.12
2014.10.17 10:15:56.871,1.36443,1.36449,1.00,1.12
2014.10.17 10:15:57.380,1.36443,1.3645,1.00,1.50
2014.10.17 10:16:00.951,1.36442,1.3645,2.25,4.12
2014.10.17 10:16:01.356,1.36442,1.3645,2.25,3.37
2014.10.17 10:16:01.863,1.36441,1.36448,2.81,1.37
2014.10.17 10:16:02.692,1.36442,1.36447,1.00,1.12
2014.10.17 10:16:03.615,1.3644,1.36445,1.37,1.37
2014.10.17 10:16:03.665,1.36439,1.36445,2.25,1.87
2014.10.17 10:16:03.868,1.36436,1.36442,1.69,1.12
2014.10.17 10:16:04.373,1.36436,1.36443,1.00,1.50
2014.10.17 10:16:04.759,1.3644,1.36444,1.50,1.00
2014.10.17 10:16:05.214,1.36441,1.36449,1.00,1.00
2014.10.17 10:16:05.265,1.36443,1.36449,1.00,1.00
2014.10.17 10:16:06.339,1.36443,1.3645,1.00,1.00
2014.10.17 10:16:06.642,1.36445,1.3645,1.00,1.00
2014.10.17 10:16:06.693,1.36445,1.36452,1.00,4.87
2014.10.17 10:16:07.349,1.36446,1.36452,1.00,1.00
2014.10.17 10:16:07.674,1.36445,1.36449,1.00,1.37
2014.10.17 10:16:07.725,1.36443,1.36448,2.25,1.37
2014.10.17 10:16:07.776,1.36442,1.36447,1.00,1.37
2014.10.17 10:16:07.877,1.3644,1.36446,1.00,1.87
2014.10.17 10:16:08.079,1.36438,1.36445,1.00,1.50
2014.10.17 10:16:08.130,1.36436,1.36444,1.50,1.12
2014.10.17 10:16:08.940,1.36437,1.36444,1.00,1.50
2014.10.17 10:16:09.254,1.36437,1.36444,1.50,1.37
2014.10.17 10:16:09.759,1.36437,1.36443,1.00,2.62
2014.10.17 10:16:10.062,1.36437,1.36441,1.00,1.37
2014.10.17 10:16:10.185,1.36435,1.36441,1.50,1.37
2014.10.17 10:16:10.438,1.36437,1.36441,1.00,1.37
2014.10.17 10:16:10.539,1.36435,1.36441,2.25,1.37
2014.10.17 10:16:10.903,1.36434,1.36439,1.00,1.87
2014.10.17 10:16:11.207,1.3643,1.36437,1.50,1.00
2014.10.17 10:16:11.712,1.36431,1.36437,1.50,1.12
2014.10.17 10:16:13.808,1.36431,1.36435,1.50,1.37
2014.10.17 10:16:13.911,1.36427,1.36433,1.00,1.12
2014.10.17 10:16:14.417,1.36426,1.36433,1.50,1.50
2014.10.17 10:16:14.866,1.36428,1.36436,1.00,3.75
2014.10.17 10:16:15.168,1.36426,1.36434,2.81,1.00
2014.10.17 10:16:15.673,1.36426,1.36433,1.69,1.00
2014.10.17 10:16:15.976,1.36426,1.36432,1.00,1.50
2014.10.17 10:16:16.280,1.36426,1.3643,1.00,1.37
2014.10.17 10:16:16.331,1.36424,1.3643,1.25,1.37
2014.10.17 10:16:16.932,1.36424,1.36431,1.25,4.12
2014.10.17 10:16:16.983,1.36424,1.36429,1.25,1.00
2014.10.17 10:16:17.286,1.36423,1.36428,1.25,1.50
2014.10.17 10:16:17.641,1.36421,1.36428,4.69,1.37
2014.10.17 10:16:17.843,1.36421,1.36429,3.94,2.06
2014.10.17 10:16:17.945,1.36422,1.36429,1.25,2.06
2014.10.17 10:16:18.249,1.36421,1.36425,1.00,1.00
2014.10.17 10:16:18.552,1.3642,1.36425,1.00,2.81
2014.10.17 10:16:18.754,1.36417,1.36423,1.00,1.31
2014.10.17 10:16:18.957,1.36419,1.36423,1.00,1.00
2014.10.17 10:16:19.108,1.36419,1.36427,1.00,3.19
2014.10.17 10:16:19.616,1.3642,1.36427,1.00,2.06
2014.10.17 10:16:19.719,1.3642,1.36427,1.00,2.06
2014.10.17 10:16:19.871,1.36419,1.36426,1.31,2.06
2014.10.17 10:16:20.579,1.36419,1.36426,1.31,1.62
2014.10.17 10:16:21.085,1.36419,1.36424,1.00,2.06
2014.10.17 10:16:21.135,1.36419,1.36422,1.00,1.25
2014.10.17 10:16:21.186,1.36414,1.36422,4.69,1.69
2014.10.17 10:16:21.692,1.36416,1.36424,2.25,3.19
2014.10.17 10:16:22.146,1.36414,1.36422,2.25,1.50
2014.10.17 10:16:22.247,1.36419,1.36422,1.12,1.00
2014.10.17 10:16:22.551,1.3642,1.36424,1.00,1.00
2014.10.17 10:16:22.753,1.36421,1.36426,1.00,1.50
2014.10.17 10:16:22.854,1.36424,1.36428,1.00,1.50
2014.10.17 10:16:22.905,1.36427,1.36428,1.00,1.50
2014.10.17 10:16:23.057,1.36428,1.36432,1.00,1.69
2014.10.17 10:16:23.574,1.36428,1.36432,1.00,1.00
2014.10.17 10:16:23.675,1.36428,1.36435,1.00,4.31
2014.10.17 10:16:25.742,1.36425,1.36432,2.25,1.19
2014.10.17 10:16:27.959,1.36424,1.36432,2.25,2.44
2014.10.17 10:16:28.463,1.36425,1.36432,1.50,1.31
2014.10.17 10:16:29.307,1.36424,1.36432,2.25,3.56
2014.10.17 10:16:29.610,1.36424,1.36428,1.50,1.00
2014.10.17 10:16:29.813,1.3642,1.36426,1.00,1.12
2014.10.17 10:16:30.217,1.36423,1.36428,1.00,1.19
2014.10.17 10:16:30.722,1.36426,1.36428,1.00,1.19
2014.10.17 10:16:30.773,1.36426,1.36431,1.00,1.00
2014.10.17 10:16:30.824,1.36429,1.36433,1.50,3.19
2014.10.17 10:16:31.128,1.36427,1.36433,1.50,1.00
2014.10.17 10:16:31.633,1.36427,1.36434,1.00,1.25
2014.10.17 10:16:31.836,1.36425,1.36433,1.87,1.00
2014.10.17 10:16:32.344,1.36426,1.36433,1.00,1.19
2014.10.17 10:16:33.344,1.36427,1.36432,1.00,1.25
2014.10.17 10:16:33.446,1.36428,1.36432,2.62,1.25
2014.10.17 10:16:33.547,1.36428,1.36434,2.62,1.25
2014.10.17 10:16:33.750,1.3643,1.36434,2.62,1.25
2014.10.17 10:16:33.801,1.3643,1.36436,2.62,1.25
2014.10.17 10:16:34.307,1.3643,1.36436,2.62,1.25
2014.10.17 10:16:34.711,1.36427,1.36436,3.56,1.25
2014.10.17 10:16:35.226,1.36427,1.36437,3.94,3.56
2014.10.17 10:16:35.844,1.36431,1.36436,1.00,1.19
2014.10.17 10:16:35.896,1.36431,1.36437,1.00,1.50
2014.10.17 10:16:35.947,1.36434,1.36437,1.50,1.50
2014.10.17 10:16:36.149,1.36433,1.36437,1.00,1.00
2014.10.17 10:16:36.200,1.36433,1.36435,1.00,1.00
2014.10.17 10:16:36.352,1.3643,1.36434,1.00,1.50
2014.10.17 10:16:36.454,1.36426,1.36434,3.56,2.25
2014.10.17 10:16:36.504,1.36426,1.36433,2.25,1.19
2014.10.17 10:16:36.758,1.36424,1.36431,1.00,1.25
2014.10.17 10:16:38.238,1.3642,1.36421,1.12,1.00
2014.10.17 10:16:38.307,1.36413,1.36419,1.00,1.50
2014.10.17 10:16:38.358,1.36411,1.36419,1.00,2.25
2014.10.17 10:16:38.813,1.36411,1.36418,1.00,1.19
2014.10.17 10:16:39.579,1.36411,1.36418,1.37,1.19
2014.10.17 10:16:39.629,1.36413,1.36419,1.00,1.25
2014.10.17 10:16:39.680,1.36415,1.36421,1.00,3.19
2014.10.17 10:16:39.883,1.36416,1.36421,1.00,1.00
2014.10.17 10:16:40.416,1.36416,1.36423,1.12,2.81
2014.10.17 10:16:40.918,1.36416,1.36423,1.12,2.06
2014.10.17 10:16:41.020,1.36418,1.36423,1.00,1.25
2014.10.17 10:16:41.541,1.36419,1.36425,1.87,1.19
2014.10.17 10:16:41.591,1.36419,1.36426,1.87,1.25
2014.10.17 10:16:42.096,1.36419,1.36425,1.87,1.19
2014.10.17 10:16:42.197,1.36417,1.36425,2.06,1.69
2014.10.17 10:16:42.704,1.36416,1.36423,2.81,1.00
2014.10.17 10:16:43.226,1.36416,1.36424,2.81,1.19
2014.10.17 10:16:43.529,1.36414,1.36422,1.87,2.81
2014.10.17 10:16:44.035,1.36415,1.36422,1.00,1.25
2014.10.17 10:16:44.662,1.36416,1.36422,1.00,2.06
2014.10.17 10:16:44.966,1.36412,1.36419,1.00,2.44
2014.10.17 10:16:45.017,1.36412,1.36417,1.00,1.69
2014.10.17 10:16:45.119,1.3641,1.36417,1.50,1.19
2014.10.17 10:16:45.422,1.36412,1.36417,1.00,1.19
2014.10.17 10:16:45.725,1.36411,1.36419,1.87,1.69
2014.10.17 10:16:46.261,1.36411,1.36418,1.87,1.00
2014.10.17 10:16:46.363,1.36411,1.36418,1.87,1.37
2014.10.17 10:16:46.515,1.36409,1.36415,1.00,1.25
2014.10.17 10:16:46.718,1.36406,1.36413,2.25,1.19
2014.10.17 10:16:47.224,1.36405,1.36411,1.62,1.00
2014.10.17 10:16:47.729,1.36407,1.36412,1.87,1.25
2014.10.17 10:16:48.435,1.36406,1.36413,2.25,1.19
2014.10.17 10:16:49.739,1.36408,1.36414,1.00,1.25
2014.10.17 10:16:50.245,1.36409,1.36415,1.00,2.06
2014.10.17 10:16:50.752,1.36406,1.36413,1.69,1.00
2014.10.17 10:16:51.257,1.36406,1.36412,1.69,1.00
2014.10.17 10:16:51.615,1.3641,1.36415,1.00,2.81
2014.10.17 10:16:52.120,1.36407,1.36415,1.31,3.56
2014.10.17 10:16:52.624,1.36407,1.36415,1.62,2.81
2014.10.17 10:16:53.133,1.36409,1.36414,1.00,1.00
2014.10.17 10:16:53.341,1.36407,1.36412,1.37,1.00
2014.10.17 10:16:54.314,1.36405,1.36411,1.50,1.00
2014.10.17 10:16:54.625,1.36404,1.36409,1.87,1.12
2014.10.17 10:16:54.675,1.36403,1.36409,2.70,1.87
2014.10.17 10:16:54.726,1.36401,1.36408,1.87,1.00
2014.10.17 10:16:54.878,1.36399,1.36407,2.44,1.50
2014.10.17 10:16:55.130,1.36401,1.36407,1.50,1.62
2014.10.17 10:16:56.176,1.36401,1.36408,1.50,5.06
2014.10.17 10:16:56.699,1.36401,1.36406,1.50,1.00
2014.10.17 10:16:56.851,1.36399,1.36406,1.50,1.12
2014.10.17 10:16:57.500,1.36399,1.36405,2.25,1.12
2014.10.17 10:16:58.029,1.364,1.36406,1.00,2.44
2014.10.17 10:16:58.546,1.364,1.36406,1.00,1.69
2014.10.17 10:16:58.851,1.36403,1.36406,1.50,1.69
2014.10.17 10:16:58.903,1.36403,1.36408,1.50,1.50
2014.10.17 10:16:58.954,1.36405,1.36409,1.50,1.25
2014.10.17 10:16:59.258,1.36408,1.36412,1.50,1.50
2014.10.17 10:16:59.460,1.3641,1.36414,1.50,1.19
2014.10.17 10:16:59.562,1.36408,1.36414,2.25,1.19
2014.10.17 10:16:59.664,1.36411,1.36414,1.50,1.19
2014.10.17 10:16:59.979,1.36412,1.36416,1.00,1.25
2014.10.17 10:17:00.591,1.36413,1.36417,1.50,1.69
2014.10.17 10:17:00.692,1.36416,1.36418,1.50,1.50
2014.10.17 10:17:00.996,1.36422,1.36427,1.87,1.25
2014.10.17 10:17:02.472,1.3642,1.36428,1.87,2.44
2014.10.17 10:17:02.977,1.3642,1.36427,2.62,1.69
2014.10.17 10:17:03.205,1.36422,1.36429,1.87,1.87
2014.10.17 10:17:03.508,1.36424,1.3643,1.00,2.44
2014.10.17 10:17:03.811,1.36426,1.36433,1.00,1.62
2014.10.17 10:17:04.114,1.3643,1.36434,1.50,1.00
2014.10.17 10:17:04.216,1.3643,1.36437,1.69,1.00
2014.10.17 10:17:04.721,1.36429,1.36438,1.19,1.25
2014.10.17 10:17:05.314,1.36429,1.36438,1.19,1.19
2014.10.17 10:17:06.200,1.36427,1.36437,2.44,1.19
2014.10.17 10:17:07.403,1.36428,1.36438,1.19,5.51
2014.10.17 10:17:07.504,1.36425,1.36435,4.69,1.19
2014.10.17 10:17:07.606,1.36425,1.36433,1.50,1.69
2014.10.17 10:17:08.111,1.36423,1.36431,1.19,1.50
2014.10.17 10:17:08.434,1.36422,1.3643,1.00,1.19
2014.10.17 10:17:09.346,1.36421,1.36429,1.25,1.25
2014.10.17 10:17:10.100,1.36421,1.36428,1.00,1.19
2014.10.17 10:17:11.226,1.36419,1.36428,2.81,1.19
2014.10.17 10:17:11.730,1.36419,1.36428,2.81,1.19
2014.10.17 10:17:12.135,1.36417,1.36427,2.25,2.06
2014.10.17 10:17:14.007,1.36418,1.36427,1.62,1.19
2014.10.17 10:17:14.058,1.36418,1.36428,1.62,1.25
2014.10.17 10:17:14.756,1.36419,1.36428,2.25,1.25
2014.10.17 10:17:15.260,1.36419,1.36428,3.19,1.00
2014.10.17 10:17:15.664,1.36419,1.36427,1.69,1.00
2014.10.17 10:17:17.152,1.36419,1.36428,2.25,1.25
2014.10.17 10:17:17.658,1.36419,1.36427,1.12,1.00
2014.10.17 10:17:18.226,1.36419,1.36427,2.06,1.25
2014.10.17 10:17:18.732,1.36419,1.36427,1.25,1.25
2014.10.17 10:17:19.236,1.36419,1.36427,2.06,1.19
2014.10.17 10:17:20.271,1.36418,1.36427,2.06,2.25
2014.10.17 10:17:21.947,1.36422,1.36428,1.00,1.25
2014.10.17 10:17:22.250,1.36422,1.3643,2.44,1.69
2014.10.17 10:17:22.352,1.36425,1.36431,1.00,1.00
2014.10.17 10:17:22.554,1.36426,1.36433,1.00,1.50
2014.10.17 10:17:23.009,1.36427,1.36435,1.00,1.31
2014.10.17 10:17:23.877,1.36427,1.36436,1.37,2.44
2014.10.17 10:17:24.387,1.36428,1.36436,1.87,2.44
2014.10.17 10:17:24.897,1.36428,1.36436,1.87,2.44
2014.10.17 10:17:28.764,1.36428,1.36437,2.25,1.69
2014.10.17 10:17:28.865,1.36428,1.36437,2.25,1.69
2014.10.17 10:17:29.171,1.36435,1.3644,2.06,1.00
2014.10.17 10:17:29.273,1.36436,1.36444,1.12,1.69
2014.10.17 10:17:29.427,1.36438,1.36444,1.00,1.19
2014.10.17 10:17:29.477,1.36438,1.36445,1.87,1.25
2014.10.17 10:17:29.630,1.36441,1.36446,1.00,2.25
2014.10.17 10:17:30.288,1.36441,1.36448,1.00,1.25
2014.10.17 10:17:30.813,1.36441,1.36449,1.87,2.44
2014.10.17 10:17:31.351,1.36444,1.36449,1.00,1.69
2014.10.17 10:17:31.452,1.36441,1.36449,2.06,1.69
2014.10.17 10:17:31.733,1.36444,1.36449,1.00,1.25
2014.10.17 10:17:32.037,1.36447,1.36452,1.50,2.25
2014.10.17 10:17:32.138,1.36448,1.36454,1.25,1.00
2014.10.17 10:17:32.189,1.36448,1.36456,1.25,2.25
2014.10.17 10:17:32.290,1.36448,1.36458,1.69,3.75
2014.10.17 10:17:32.796,1.3645,1.36458,1.12,2.25
2014.10.17 10:17:33.308,1.36449,1.36457,2.06,1.00
2014.10.17 10:17:34.452,1.36449,1.36458,2.06,2.44
2014.10.17 10:17:34.957,1.36451,1.36457,1.12,1.00
2014.10.17 10:17:35.585,1.36449,1.36457,2.06,1.00
2014.10.17 10:17:35.636,1.36449,1.36454,1.56,1.12
2014.10.17 10:17:35.686,1.36448,1.36454,1.00,2.81
2014.10.17 10:17:35.738,1.36445,1.36453,5.44,1.00
2014.10.17 10:17:35.789,1.36445,1.36452,3.75,1.69
2014.10.17 10:17:36.093,1.36441,1.36449,1.69,3.82
2014.10.17 10:17:36.497,1.3644,1.36449,1.25,3.82
2014.10.17 10:17:36.718,1.36442,1.36449,1.25,3.82
2014.10.17 10:17:36.819,1.36444,1.36452,2.81,1.00
2014.10.17 10:17:37.324,1.36444,1.36452,2.06,1.00
2014.10.17 10:17:37.829,1.36444,1.36453,2.06,2.62
2014.10.17 10:17:37.879,1.36444,1.36453,1.62,2.62
2014.10.17 10:17:39.260,1.3645,1.36458,1.87,3.19
2014.10.17 10:17:39.715,1.36447,1.36454,2.44,1.00
2014.10.17 10:17:40.018,1.36445,1.36451,1.19,1.00
2014.10.17 10:17:40.713,1.36444,1.36451,2.06,1.00
2014.10.17 10:17:41.017,1.36445,1.36451,2.06,1.00
2014.10.17 10:17:41.542,1.36447,1.36451,1.37,1.00
2014.10.17 10:17:42.467,1.36446,1.36454,2.81,1.25
2014.10.17 10:17:43.150,1.36446,1.36454,2.81,1.25
2014.10.17 10:17:43.747,1.36446,1.36454,2.06,1.00
2014.10.17 10:17:45.837,1.36446,1.36454,2.06,1.50
2014.10.17 10:17:46.428,1.36447,1.36454,1.87,1.00
2014.10.17 10:17:48.358,1.36448,1.36454,1.69,1.00
2014.10.17 10:17:49.069,1.36448,1.36454,1.12,3.00
2014.10.17 10:17:49.170,1.36446,1.36454,2.62,3.00
2014.10.17 10:17:49.575,1.36446,1.36454,1.87,1.87
2014.10.17 10:17:49.682,1.36445,1.36454,1.69,1.12
2014.10.17 10:17:49.733,1.36445,1.36452,1.25,1.00
2014.10.17 10:17:50.046,1.36443,1.36451,1.69,1.69
2014.10.17 10:17:50.303,1.36445,1.36452,1.00,2.81
2014.10.17 10:17:50.606,1.36449,1.36457,1.00,5.44
2014.10.17 10:17:52.050,1.36446,1.36452,1.25,1.00
2014.10.17 10:17:52.874,1.36446,1.36452,1.62,1.00
2014.10.17 10:17:53.278,1.36446,1.36454,1.62,3.75
2014.10.17 10:17:53.380,1.36448,1.36456,1.87,3.19
2014.10.17 10:17:53.887,1.36448,1.36455,1.50,1.00
2014.10.17 10:17:54.644,1.36446,1.36455,2.06,3.00
2014.10.17 10:17:54.896,1.36446,1.36452,2.06,1.00
2014.10.17 10:17:56.365,1.36445,1.36452,3.56,1.00
2014.10.17 10:17:57.883,1.36444,1.36451,2.81,1.00
2014.10.17 10:17:59.761,1.36446,1.36452,1.00,1.31
2014.10.17 10:18:00.267,1.36447,1.36452,1.50,1.25
2014.10.17 10:18:01.670,1.36449,1.36452,1.00,1.00
2014.10.17 10:18:01.822,1.3645,1.36455,1.00,2.81
2014.10.17 10:18:02.327,1.36451,1.36457,1.50,2.06
2014.10.17 10:18:02.868,1.36452,1.36457,1.00,2.06
2014.10.17 10:18:03.274,1.3645,1.36457,2.06,1.12
2014.10.17 10:18:04.344,1.36456,1.36458,5.02,1.00
2014.10.17 10:18:04.396,1.36461,1.36466,1.50,1.00
2014.10.17 10:18:04.599,1.36461,1.36469,1.50,2.25
2014.10.17 10:18:05.104,1.36462,1.36469,1.25,1.00
2014.10.17 10:18:05.628,1.36462,1.36469,1.62,2.25
2014.10.17 10:18:06.133,1.36463,1.3647,1.31,2.25
2014.10.17 10:18:07.467,1.36464,1.3647,1.00,1.50
2014.10.17 10:18:07.968,1.36463,1.3647,1.00,2.25
2014.10.17 10:18:08.170,1.36463,1.3647,1.37,2.25
2014.10.17 10:18:08.372,1.36463,1.3647,1.00,1.87
2014.10.17 10:18:08.423,1.36461,1.36468,2.06,1.00
2014.10.17 10:18:08.524,1.3646,1.36468,2.44,1.69
2014.10.17 10:18:12.617,1.36459,1.36468,1.00,4.69
2014.10.17 10:18:13.162,1.36458,1.36468,3.56,4.31
2014.10.17 10:18:13.705,1.36458,1.36468,3.56,5.06
2014.10.17 10:18:15.096,1.36459,1.36468,1.69,3.19
2014.10.17 10:18:15.624,1.36459,1.36467,1.69,1.00
2014.10.17 10:18:18.421,1.36458,1.36468,4.31,3.56
2014.10.17 10:18:19.546,1.36458,1.36468,4.31,4.31
2014.10.17 10:18:20.537,1.36459,1.36468,1.00,4.31
2014.10.17 10:18:21.392,1.36459,1.36467,1.00,1.00
2014.10.17 10:18:27.357,1.36459,1.36468,1.69,3.19
2014.10.17 10:18:28.251,1.36459,1.36468,2.44,3.19
2014.10.17 10:18:29.355,1.36459,1.36468,1.31,2.62
2014.10.17 10:18:29.896,1.36458,1.36467,3.94,1.00
2014.10.17 10:18:30.554,1.36458,1.36467,3.94,1.00
2014.10.17 10:18:31.884,1.36459,1.36465,1.62,1.00
2014.10.17 10:18:32.341,1.36456,1.36465,2.81,2.44
2014.10.17 10:18:32.443,1.36455,1.36463,5.06,1.25
2014.10.17 10:18:32.746,1.36456,1.36462,2.62,3.00
2014.10.17 10:18:33.251,1.36457,1.36462,1.87,1.00
2014.10.17 10:18:33.979,1.36456,1.36462,1.87,1.69
2014.10.17 10:18:34.031,1.36452,1.36459,5.44,1.50
2014.10.17 10:18:34.485,1.3645,1.36457,2.44,1.00
2014.10.17 10:18:34.587,1.3645,1.36457,1.50,1.12
2014.10.17 10:18:35.116,1.36448,1.36456,2.81,1.50
2014.10.17 10:18:35.672,1.36448,1.36455,2.81,1.00
2014.10.17 10:18:37.283,1.36449,1.36456,1.00,3.00
2014.10.17 10:18:39.777,1.36449,1.36457,1.69,2.81
2014.10.17 10:18:40.773,1.36449,1.36457,2.81,2.25
2014.10.17 10:18:41.947,1.36449,1.36457,1.87,1.50
2014.10.17 10:18:42.983,1.3645,1.36457,1.62,1.00
2014.10.17 10:18:43.288,1.36454,1.36462,2.25,1.69
2014.10.17 10:18:43.339,1.36456,1.36462,1.00,1.25
2014.10.17 10:18:43.491,1.36456,1.36464,1.00,2.25
2014.10.17 10:18:44.423,1.36456,1.36464,2.06,2.44
2014.10.17 10:18:46.207,1.36456,1.36463,2.81,1.00
2014.10.17 10:18:48.266,1.36456,1.36462,1.19,1.00
2014.10.17 10:18:48.317,1.36455,1.36458,1.50,1.00
2014.10.17 10:18:48.418,1.36453,1.36457,1.00,1.12
2014.10.17 10:18:48.940,1.3645,1.36457,4.01,1.00
2014.10.17 10:18:49.880,1.3645,1.36458,1.31,1.25
2014.10.17 10:18:50.638,1.3645,1.36458,1.12,1.00
2014.10.17 10:18:52.164,1.36451,1.36459,1.50,3.56
2014.10.17 10:18:52.568,1.3645,1.36458,1.00,4.50
2014.10.17 10:18:52.670,1.36448,1.36456,1.69,3.19
2014.10.17 10:18:52.873,1.3645,1.36457,1.50,2.06
2014.10.17 10:18:53.398,1.3645,1.36457,1.50,2.06
2014.10.17 10:18:53.450,1.36448,1.36455,1.25,1.00
2014.10.17 10:18:53.501,1.36447,1.36454,2.06,1.50
2014.10.17 10:18:54.524,1.36447,1.36451,1.00,1.00
2014.10.17 10:18:54.576,1.36443,1.36451,2.81,2.25
2014.10.17 10:18:57.114,1.36444,1.36451,1.62,1.69
2014.10.17 10:18:58.518,1.36442,1.36451,5.44,1.12
2014.10.17 10:18:58.620,1.36442,1.3645,3.19,2.06
2014.10.17 10:18:58.924,1.36437,1.36445,3.56,2.25
2014.10.17 10:18:59.227,1.36442,1.36448,1.25,1.37
2014.10.17 10:18:59.328,1.36443,1.36449,1.00,1.00
2014.10.17 10:18:59.833,1.36444,1.36449,1.00,1.00
2014.10.17 10:19:00.351,1.36444,1.36451,3.00,2.06
2014.10.17 10:19:00.402,1.36446,1.36452,1.87,1.00
2014.10.17 10:19:01.308,1.36446,1.36452,1.37,1.00
2014.10.17 10:19:01.460,1.36446,1.36454,1.37,2.81
2014.10.17 10:19:02.476,1.36446,1.36453,1.37,1.50
2014.10.17 10:19:03.002,1.36448,1.36454,1.12,2.44
2014.10.17 10:19:03.306,1.3645,1.36456,1.50,1.25
2014.10.17 10:19:03.458,1.36452,1.36459,1.00,4.69
2014.10.17 10:19:03.964,1.36452,1.36457,1.00,1.00
2014.10.17 10:19:04.216,1.36449,1.36457,2.06,1.12
2014.10.17 10:19:04.469,1.36448,1.36456,1.31,1.62
2014.10.17 10:19:05.464,1.36447,1.36456,4.31,2.06
2014.10.17 10:19:07.118,1.36448,1.36456,2.06,3.19
2014.10.17 10:19:08.984,1.3645,1.36456,1.37,2.44
2014.10.17 10:19:09.288,1.3645,1.36456,1.12,1.25
2014.10.17 10:19:10.078,1.36449,1.36457,2.06,3.19
2014.10.17 10:19:10.607,1.36449,1.36456,2.81,1.00
2014.10.17 10:19:11.111,1.36449,1.36456,2.81,1.00
2014.10.17 10:19:12.024,1.3645,1.36458,1.87,3.94
2014.10.17 10:19:12.420,1.36453,1.36458,2.25,1.25
2014.10.17 10:19:12.472,1.36453,1.36461,1.69,4.69
2014.10.17 10:19:12.999,1.36454,1.36461,1.50,1.25
2014.10.17 10:19:14.944,1.36453,1.3646,1.25,2.25
2014.10.17 10:19:15.450,1.36452,1.36459,3.19,1.00
2014.10.17 10:19:15.955,1.36451,1.36459,1.69,1.00
2014.10.17 10:19:18.371,1.36452,1.3646,1.25,1.69
2014.10.17 10:19:19.707,1.36453,1.36461,1.50,2.81
2014.10.17 10:19:20.244,1.36453,1.36461,1.69,2.06
2014.10.17 10:19:22.548,1.36459,1.36462,1.00,2.25
2014.10.17 10:19:22.599,1.36459,1.36463,1.00,3.75
2014.10.17 10:19:22.700,1.36461,1.36466,2.44,3.75
2014.10.17 10:19:22.751,1.36465,1.36468,1.00,1.00
2014.10.17 10:19:23.004,1.3647,1.36477,1.00,1.87
2014.10.17 10:19:23.055,1.36473,1.36477,1.00,1.12
2014.10.17 10:19:23.105,1.36473,1.36479,1.50,5.25
2014.10.17 10:19:23.257,1.36475,1.36483,1.25,1.50
2014.10.17 10:19:23.358,1.36476,1.36483,1.19,1.00
2014.10.17 10:19:24.116,1.36478,1.36483,1.37,1.50
2014.10.17 10:19:24.445,1.36482,1.36488,2.06,1.12
2014.10.17 10:19:24.546,1.36482,1.3649,1.69,1.50
2014.10.17 10:19:24.850,1.36484,1.3649,1.19,1.00
2014.10.17 10:19:24.901,1.36484,1.36492,1.69,1.12
2014.10.17 10:19:25.459,1.36484,1.36492,1.56,1.12
2014.10.17 10:19:26.507,1.36485,1.36493,1.56,1.69
2014.10.17 10:19:27.652,1.36484,1.36493,3.19,1.00
2014.10.17 10:19:28.159,1.36486,1.36495,1.19,2.06
2014.10.17 10:19:29.488,1.36485,1.36494,2.44,1.00
2014.10.17 10:19:30.028,1.36485,1.36495,2.81,1.87
2014.10.17 10:19:30.547,1.36485,1.36494,1.19,1.25
2014.10.17 10:19:34.626,1.36487,1.36494,1.00,1.00
2014.10.17 10:19:36.886,1.36486,1.36496,1.69,3.19
2014.10.17 10:19:38.006,1.36487,1.36496,1.19,1.69
2014.10.17 10:19:38.511,1.36487,1.36495,1.19,1.12
2014.10.17 10:19:39.369,1.36492,1.36496,1.00,2.06
2014.10.17 10:19:39.622,1.36499,1.36504,1.12,1.50
2014.10.17 10:19:39.723,1.36499,1.36507,2.25,1.00
2014.10.17 10:19:41.354,1.36499,1.36507,1.87,2.25
2014.10.17 10:19:41.658,1.36498,1.36507,1.69,1.87
2014.10.17 10:19:42.163,1.36497,1.36505,1.00,1.50
2014.10.17 10:19:42.518,1.36498,1.36505,1.19,1.00
2014.10.17 10:19:42.619,1.36499,1.36507,1.31,1.25
2014.10.17 10:19:42.821,1.365,1.36508,1.19,1.00
2014.10.17 10:19:43.326,1.365,1.36509,2.81,1.69
2014.10.17 10:19:43.629,1.36502,1.3651,2.06,2.25
2014.10.17 10:19:43.932,1.36502,1.3651,3.56,1.00
2014.10.17 10:19:45.111,1.36503,1.36511,2.06,1.00
2014.10.17 10:19:46.079,1.36504,1.36511,1.62,1.00
2014.10.17 10:19:46.281,1.36503,1.36511,1.19,1.00
2014.10.17 10:19:46.806,1.36505,1.36511,1.12,1.00
2014.10.17 10:19:48.181,1.36503,1.36511,1.19,1.37
2014.10.17 10:19:48.232,1.36502,1.36511,3.00,6.71
2014.10.17 10:19:48.384,1.36501,1.36511,1.69,8.96
2014.10.17 10:19:48.536,1.36499,1.36511,3.94,8.13
2014.10.17 10:19:48.587,1.36502,1.36511,1.12,8.88
2014.10.17 10:19:49.012,1.365,1.36511,1.25,7.01
2014.10.17 10:19:49.164,1.36499,1.36509,1.19,5.51
2014.10.17 10:19:49.468,1.36503,1.36506,1.00,1.50
2014.10.17 10:19:49.569,1.36505,1.36512,3.75,6.00
2014.10.17 10:19:49.671,1.36506,1.36513,1.19,1.00
2014.10.17 10:19:49.975,1.36508,1.36517,1.69,4.76
2014.10.17 10:19:50.481,1.36507,1.36516,1.19,1.69
2014.10.17 10:19:51.238,1.36507,1.36515,1.87,1.50
2014.10.17 10:19:51.572,1.36507,1.36515,1.87,1.00
2014.10.17 10:19:52.816,1.36507,1.36515,1.37,1.00
2014.10.17 10:19:53.069,1.36509,1.36517,1.69,3.19
2014.10.17 10:19:53.574,1.36509,1.36517,2.81,3.19
2014.10.17 10:19:54.129,1.36509,1.36517,2.62,2.25
2014.10.17 10:19:54.483,1.36513,1.36518,1.00,2.25
2014.10.17 10:19:54.685,1.36514,1.36522,2.06,3.00
2014.10.17 10:19:54.736,1.36518,1.36522,1.00,3.00
2014.10.17 10:19:54.786,1.36518,1.36523,3.19,1.00
2014.10.17 10:19:54.888,1.3652,1.36523,1.19,1.00
2014.10.17 10:19:54.938,1.36521,1.36527,1.25,1.50
2014.10.17 10:19:55.141,1.3652,1.36526,1.19,3.45
2014.10.17 10:19:55.192,1.36519,1.36523,1.00,1.00
2014.10.17 10:19:55.243,1.36517,1.36523,1.50,1.00
2014.10.17 10:19:55.495,1.36516,1.36526,1.69,3.19
2014.10.17 10:19:55.546,1.36516,1.36524,1.69,3.45
2014.10.17 10:19:55.799,1.36514,1.36522,2.44,3.19
2014.10.17 10:19:55.900,1.36514,1.36521,1.25,1.87
2014.10.17 10:19:56.204,1.36512,1.3652,1.69,5.32
2014.10.17 10:19:56.305,1.36514,1.36521,1.50,1.31
2014.10.17 10:19:57.634,1.36516,1.36522,1.00,4.76
2014.10.17 10:19:57.976,1.36514,1.36522,1.25,5.89
2014.10.17 10:20:00.073,1.36513,1.36519,1.19,1.00
2014.10.17 10:20:00.376,1.36511,1.36519,2.44,1.31
2014.10.17 10:20:01.038,1.36512,1.3652,1.25,1.69
2014.10.17 10:20:01.242,1.36508,1.36516,3.19,1.37
2014.10.17 10:20:01.786,1.36507,1.36514,1.00,1.37
2014.10.17 10:20:01.938,1.36504,1.36512,1.19,1.00
2014.10.17 10:20:02.443,1.36504,1.36513,1.19,4.76
2014.10.17 10:20:02.953,1.36504,1.36512,1.19,1.00
2014.10.17 10:20:03.458,1.36504,1.36513,1.25,1.50
2014.10.17 10:20:04.321,1.36504,1.36513,1.19,1.69
2014.10.17 10:20:05.555,1.36502,1.36509,1.50,4.39
2014.10.17 10:20:06.060,1.365,1.36508,1.19,3.26
2014.10.17 10:20:06.572,1.365,1.36508,1.25,3.82
2014.10.17 10:20:06.935,1.36503,1.36508,1.00,2.70
2014.10.17 10:20:06.986,1.36503,1.36509,1.00,1.00
2014.10.17 10:20:07.493,1.36502,1.36509,1.69,1.37
2014.10.17 10:20:10.515,1.36498,1.36505,1.19,2.25
2014.10.17 10:20:11.423,1.36497,1.36505,2.25,2.25
2014.10.17 10:20:11.827,1.36496,1.36502,1.50,1.87
2014.10.17 10:20:12.029,1.36493,1.36501,2.44,2.81
2014.10.17 10:20:12.534,1.36495,1.36501,1.50,1.25
2014.10.17 10:20:12.938,1.36496,1.36504,1.00,1.69
2014.10.17 10:20:13.573,1.36497,1.36505,1.00,2.44
2014.10.17 10:20:14.131,1.36497,1.36505,1.25,2.81
2014.10.17 10:20:14.637,1.36498,1.36505,1.00,2.06
2014.10.17 10:20:14.839,1.36498,1.36504,1.25,1.37
2014.10.17 10:20:14.940,1.36498,1.36505,1.69,1.00
2014.10.17 10:20:15.041,1.365,1.36506,1.69,1.00
2014.10.17 10:20:15.092,1.365,1.36508,2.44,3.75
2014.10.17 10:20:15.143,1.36506,1.36508,1.00,2.25
2014.10.17 10:20:15.245,1.36507,1.36513,1.00,1.00
2014.10.17 10:20:15.346,1.36509,1.36513,1.00,1.00
2014.10.17 10:20:15.448,1.36508,1.36515,1.00,1.50
2014.10.17 10:20:15.912,1.3651,1.36517,1.00,1.50
2014.10.17 10:20:16.266,1.36512,1.36518,1.00,1.50
2014.10.17 10:20:16.990,1.3651,1.36518,2.44,1.00
2014.10.17 10:20:17.349,1.36511,1.36518,1.19,1.00
2014.10.17 10:20:17.804,1.36513,1.36518,1.37,1.00
2014.10.17 10:20:18.007,1.36513,1.36521,1.87,2.81
2014.10.17 10:20:18.916,1.36513,1.36521,2.06,3.56
2014.10.17 10:20:19.421,1.36513,1.36521,3.56,2.06
2014.10.17 10:20:20.328,1.36513,1.36521,3.56,1.87
2014.10.17 10:20:22.835,1.36513,1.3652,1.00,1.87
2014.10.17 10:20:23.139,1.36512,1.36518,1.00,2.62
2014.10.17 10:20:23.392,1.36512,1.36519,1.12,1.00
2014.10.17 10:20:24.040,1.36512,1.3652,1.00,4.31
2014.10.17 10:20:24.659,1.3651,1.36519,3.56,1.50
2014.10.17 10:20:26.841,1.3651,1.36519,3.56,1.50
2014.10.17 10:20:26.892,1.36513,1.36519,1.00,1.00
2014.10.17 10:20:27.458,1.36512,1.3652,2.06,1.00
2014.10.17 10:20:27.762,1.36516,1.36522,1.00,2.25
2014.10.17 10:20:27.914,1.36514,1.36521,3.19,1.00
2014.10.17 10:20:27.965,1.36514,1.36523,1.69,3.00
2014.10.17 10:20:28.016,1.36516,1.36523,1.19,1.00
2014.10.17 10:20:28.775,1.36516,1.36525,1.19,1.69
2014.10.17 10:20:29.531,1.3652,1.36528,1.19,2.25
2014.10.17 10:20:30.496,1.36523,1.36528,1.00,1.00
2014.10.17 10:20:32.169,1.36523,1.36528,1.50,1.37
2014.10.17 10:20:32.271,1.3652,1.36526,1.00,1.37
2014.10.17 10:20:32.372,1.36518,1.36525,1.69,1.50
2014.10.17 10:20:32.877,1.36518,1.36524,1.00,1.12
2014.10.17 10:20:34.174,1.36518,1.36523,1.50,4.95
2014.10.17 10:20:35.189,1.36515,1.36522,2.06,1.37
2014.10.17 10:20:35.696,1.36516,1.36523,1.00,6.26
2014.10.17 10:20:36.168,1.36517,1.36519,1.00,1.00
2014.10.17 10:20:36.219,1.36513,1.36519,1.69,1.00
2014.10.17 10:20:36.624,1.36514,1.36519,1.19,1.12
2014.10.17 10:20:36.927,1.3652,1.36526,1.25,1.00
2014.10.17 10:20:37.432,1.36519,1.36526,1.00,2.62
2014.10.17 10:20:37.952,1.36518,1.36526,1.69,2.62
2014.10.17 10:20:38.104,1.36519,1.36527,1.37,1.50
2014.10.17 10:20:38.609,1.36519,1.36527,2.44,1.00
2014.10.17 10:20:39.114,1.36519,1.36529,3.94,3.56
2014.10.17 10:20:39.417,1.3652,1.36526,2.06,1.00
2014.10.17 10:20:39.932,1.3652,1.36526,2.06,1.00
2014.10.17 10:20:40.187,1.3652,1.36528,2.06,1.69
2014.10.17 10:20:40.691,1.36521,1.36529,2.44,1.69
2014.10.17 10:20:42.068,1.36522,1.36529,1.00,1.00
2014.10.17 10:20:42.606,1.36521,1.36529,2.81,1.50
2014.10.17 10:20:44.348,1.36522,1.36529,1.00,1.00
2014.10.17 10:20:44.857,1.36521,1.36529,1.69,1.25
2014.10.17 10:20:45.365,1.3652,1.36528,1.19,1.50
2014.10.17 10:20:46.898,1.36519,1.36525,2.81,1.00
2014.10.17 10:20:46.949,1.36517,1.36524,2.06,1.50
2014.10.17 10:20:47.585,1.36517,1.36524,1.31,1.50
2014.10.17 10:20:48.606,1.36517,1.36525,1.12,1.25
2014.10.17 10:20:49.514,1.36517,1.36525,1.37,1.25
2014.10.17 10:20:49.564,1.3652,1.36526,1.00,2.25
2014.10.17 10:20:50.100,1.36521,1.36527,1.87,1.00
2014.10.17 10:20:50.255,1.36521,1.36529,1.87,1.00
2014.10.17 10:20:50.768,1.36521,1.36529,1.00,1.00
2014.10.17 10:20:51.281,1.36522,1.3653,1.00,3.94
2014.10.17 10:20:51.804,1.36522,1.36528,1.00,1.00
2014.10.17 10:20:51.956,1.36519,1.36527,2.81,1.50
2014.10.17 10:20:52.460,1.36517,1.36524,2.44,1.00
2014.10.17 10:20:52.764,1.36515,1.36522,1.19,2.25
2014.10.17 10:20:52.815,1.36514,1.36522,1.25,2.44
2014.10.17 10:20:53.069,1.36513,1.36519,1.69,1.00
2014.10.17 10:20:53.221,1.36512,1.36519,1.00,1.50
2014.10.17 10:20:53.777,1.36513,1.36519,1.00,1.00
2014.10.17 10:20:54.665,1.36513,1.3652,1.00,1.00
2014.10.17 10:20:54.918,1.36513,1.36521,1.37,1.69
2014.10.17 10:20:55.423,1.36514,1.36522,3.37,1.50
2014.10.17 10:20:55.725,1.36514,1.36522,2.62,1.50
2014.10.17 10:20:55.928,1.36516,1.36522,1.00,1.50
2014.10.17 10:20:56.432,1.36516,1.36522,1.37,1.50
2014.10.17 10:20:56.936,1.36516,1.36522,1.12,1.50
2014.10.17 10:20:57.448,1.36514,1.36522,3.37,1.50
2014.10.17 10:20:57.985,1.36514,1.36521,1.87,1.00
2014.10.17 10:20:59.360,1.36515,1.36522,1.37,1.00
2014.10.17 10:21:00.003,1.36515,1.36523,1.37,2.44
2014.10.17 10:21:00.473,1.36517,1.36523,1.87,1.25
2014.10.17 10:21:00.626,1.36519,1.36525,1.00,1.50
2014.10.17 10:21:01.087,1.36517,1.36525,1.31,1.50
2014.10.17 10:21:01.138,1.36517,1.36523,1.31,1.00
2014.10.17 10:21:01.793,1.36519,1.36523,1.37,1.00
2014.10.17 10:21:01.895,1.36519,1.36526,1.37,3.56
2014.10.17 10:21:02.403,1.3652,1.36527,1.37,1.69
2014.10.17 10:21:03.047,1.3652,1.36527,1.37,1.50
2014.10.17 10:21:03.556,1.3652,1.36527,1.37,1.00
2014.10.17 10:21:03.657,1.36521,1.36528,1.87,1.31
2014.10.17 10:21:04.460,1.36522,1.36529,2.44,1.50
2014.10.17 10:21:04.965,1.36525,1.36529,2.62,1.00
2014.10.17 10:21:05.268,1.36525,1.36531,1.87,1.19
2014.10.17 10:21:05.782,1.36525,1.36531,1.37,1.25
2014.10.17 10:21:06.288,1.36526,1.36532,2.62,1.69
2014.10.17 10:21:07.233,1.3653,1.36534,1.37,1.12
2014.10.17 10:21:07.385,1.36532,1.36537,2.25,1.00
2014.10.17 10:21:07.840,1.36529,1.36535,2.81,1.50
2014.10.17 10:21:08.855,1.36528,1.36534,2.06,1.00
2014.10.17 10:21:09.431,1.3653,1.36534,1.37,1.00
2014.10.17 10:21:09.684,1.36535,1.36539,1.12,1.00
2014.10.17 10:21:09.836,1.36539,1.36541,1.50,1.00
2014.10.17 10:21:09.937,1.36541,1.36546,1.37,1.00
2014.10.17 10:21:10.038,1.36542,1.36549,3.64,1.00
2014.10.17 10:21:10.241,1.36544,1.36548,3.07,1.00
2014.10.17 10:21:10.444,1.36544,1.3655,3.07,1.00
2014.10.17 10:21:10.798,1.36544,1.36553,4.01,2.44
2014.10.17 10:21:10.849,1.36546,1.36553,2.70,2.44
2014.10.17 10:21:12.122,1.36551,1.36556,10.69,1.00
2014.10.17 10:21:12.182,1.36561,1.36567,3.07,1.00
2014.10.17 10:21:12.233,1.36565,1.3657,2.70,3.19
2014.10.17 10:21:12.435,1.36567,1.36573,1.00,2.44
2014.10.17 10:21:13.301,1.36565,1.36574,1.00,1.19
2014.10.17 10:21:13.606,1.36567,1.36575,1.19,1.00
2014.10.17 10:21:14.926,1.36567,1.36577,1.69,1.69
2014.10.17 10:21:15.442,1.36567,1.36577,3.56,1.00
2014.10.17 10:21:15.745,1.36568,1.36573,1.00,1.00
2014.10.17 10:21:15.897,1.36562,1.36571,3.19,2.06
2014.10.17 10:21:15.949,1.36562,1.36569,3.19,1.00
2014.10.17 10:21:16.504,1.3656,1.36569,1.69,1.69
2014.10.17 10:21:16.959,1.3656,1.36566,1.19,1.00
2014.10.17 10:21:17.010,1.36557,1.36566,2.06,1.00
2014.10.17 10:21:17.515,1.36557,1.36566,2.06,1.37
2014.10.17 10:21:19.009,1.36556,1.36567,3.19,6.26
2014.10.17 10:21:19.622,1.36557,1.36566,1.25,1.12
2014.10.17 10:21:20.127,1.36557,1.36567,1.69,2.81
2014.10.17 10:21:21.014,1.36557,1.36565,1.25,1.69
2014.10.17 10:21:21.216,1.36558,1.36567,2.44,1.31
2014.10.17 10:21:23.558,1.36558,1.36565,1.69,1.00
2014.10.17 10:21:23.762,1.36558,1.36568,1.31,1.19
2014.10.17 10:21:23.913,1.36561,1.36568,1.31,1.00
2014.10.17 10:21:24.218,1.36564,1.3657,1.00,1.50
2014.10.17 10:21:24.730,1.36563,1.36571,1.31,1.25
2014.10.17 10:21:25.268,1.36562,1.3657,2.06,1.12
2014.10.17 10:21:27.642,1.36562,1.36569,2.06,1.00
2014.10.17 10:21:28.349,1.36562,1.36568,1.31,1.00
2014.10.17 10:21:28.897,1.36561,1.36568,1.19,1.00
2014.10.17 10:21:29.676,1.36561,1.36571,1.31,2.06
2014.10.17 10:21:29.979,1.36564,1.36571,2.25,1.19
2014.10.17 10:21:30.282,1.36566,1.36571,1.50,1.25
2014.10.17 10:21:30.586,1.36572,1.36574,1.12,1.00
2014.10.17 10:21:31.298,1.3657,1.36573,3.45,1.00
2014.10.17 10:21:31.353,1.36567,1.36573,1.50,1.00
2014.10.17 10:21:31.883,1.36566,1.36572,2.81,1.00
2014.10.17 10:21:31.984,1.36566,1.36574,2.81,1.25
2014.10.17 10:21:34.314,1.36568,1.36575,1.00,1.69
2014.10.17 10:21:34.819,1.36568,1.36576,1.50,2.06
2014.10.17 10:21:35.985,1.36581,1.36586,2.25,1.00
2014.10.17 10:21:36.090,1.36583,1.36591,1.00,1.69
2014.10.17 10:21:36.192,1.36583,1.36592,4.76,1.19
2014.10.17 10:21:36.244,1.36584,1.36593,3.19,1.50
2014.10.17 10:21:36.346,1.36586,1.36593,2.70,1.00
2014.10.17 10:21:36.650,1.36589,1.36595,1.00,1.00
2014.10.17 10:21:36.852,1.36591,1.36595,1.00,1.00
2014.10.17 10:21:37.390,1.36588,1.36596,1.25,1.25
2014.10.17 10:21:39.187,1.36587,1.36594,1.19,1.00
2014.10.17 10:21:40.167,1.36589,1.36594,1.50,1.00
2014.10.17 10:21:42.081,1.3659,1.36594,1.31,1.00
2014.10.17 10:21:42.233,1.3659,1.366,1.69,1.69
2014.10.17 10:21:42.284,1.3659,1.366,1.31,1.69
2014.10.17 10:21:42.588,1.36589,1.36597,1.69,2.81
2014.10.17 10:21:42.739,1.36589,1.36596,1.19,2.70
2014.10.17 10:21:43.094,1.36586,1.36594,1.19,1.37
2014.10.17 10:21:43.846,1.36586,1.36588,1.00,1.50
2014.10.17 10:21:43.897,1.36579,1.36586,1.31,1.00
2014.10.17 10:21:44.201,1.36579,1.36586,1.00,2.89
2014.10.17 10:21:44.404,1.36579,1.36587,1.87,2.06
2014.10.17 10:21:45.383,1.36579,1.36587,2.44,1.25
2014.10.17 10:21:46.962,1.36579,1.36587,2.06,1.25
2014.10.17 10:21:48.459,1.36581,1.36587,4.01,1.00
2014.10.17 10:21:48.509,1.36581,1.3659,4.76,1.00
2014.10.17 10:21:49.015,1.36583,1.3659,2.06,1.00
2014.10.17 10:21:49.622,1.36583,1.36591,2.81,1.25
2014.10.17 10:21:50.471,1.36583,1.36592,2.81,1.19
2014.10.17 10:21:50.774,1.36588,1.36595,1.25,1.00
2014.10.17 10:21:50.926,1.36587,1.36592,4.01,1.00
2014.10.17 10:21:51.129,1.36586,1.36593,1.69,1.00
2014.10.17 10:21:51.331,1.36587,1.36593,1.19,1.50
2014.10.17 10:21:51.584,1.36591,1.36597,1.25,1.00
2014.10.17 10:21:52.240,1.36588,1.36595,3.19,1.00
2014.10.17 10:21:52.493,1.36589,1.36597,1.25,1.87
2014.10.17 10:21:53.330,1.36589,1.36598,1.69,1.50
2014.10.17 10:21:53.431,1.3659,1.36598,1.19,1.00
2014.10.17 10:21:53.734,1.36592,1.36599,1.37,1.25
2014.10.17 10:21:54.598,1.36591,1.36599,2.06,1.50
2014.10.17 10:21:54.749,1.36588,1.36596,1.25,1.00
2014.10.17 10:21:55.255,1.36588,1.36596,2.44,2.25
2014.10.17 10:21:55.582,1.36589,1.36597,1.25,1.31
2014.10.17 10:21:56.918,1.36589,1.36597,2.06,1.87
2014.10.17 10:21:57.425,1.3659,1.36598,1.87,1.50
2014.10.17 10:21:57.931,1.3659,1.36598,1.00,1.50
2014.10.17 10:21:58.234,1.36589,1.36595,1.25,1.50
2014.10.17 10:21:58.659,1.36586,1.36594,1.25,1.00
2014.10.17 10:21:58.709,1.36588,1.36594,1.00,1.00
2014.10.17 10:21:59.013,1.36588,1.36591,1.00,1.00
2014.10.17 10:21:59.064,1.36586,1.3659,1.00,1.00
2014.10.17 10:21:59.165,1.36583,1.36591,2.06,1.00
2014.10.17 10:21:59.670,1.36583,1.36591,1.25,1.25
2014.10.17 10:21:59.822,1.36585,1.36592,1.00,1.69
2014.10.17 10:21:59.974,1.36587,1.36594,2.44,2.25
2014.10.17 10:22:01.382,1.36586,1.3659,1.00,3.44
2014.10.17 10:22:01.449,1.36576,1.36582,1.00,1.00
2014.10.17 10:22:01.501,1.36576,1.3658,1.00,1.00
2014.10.17 10:22:01.653,1.36578,1.36582,1.00,1.00
2014.10.17 10:22:01.704,1.3658,1.36586,1.00,2.25
2014.10.17 10:22:01.805,1.3658,1.36588,1.50,2.25
2014.10.17 10:22:02.007,1.36582,1.36589,1.00,1.00
2014.10.17 10:22:02.260,1.36582,1.36591,3.00,1.25
2014.10.17 10:22:02.462,1.36584,1.3659,1.00,1.00
2014.10.17 10:22:02.563,1.36582,1.3659,1.50,1.50
2014.10.17 10:22:02.716,1.3658,1.36588,2.44,1.50
2014.10.17 10:22:03.296,1.36579,1.36588,2.06,2.06
2014.10.17 10:22:03.599,1.36579,1.36585,1.69,1.00
2014.10.17 10:22:04.173,1.36579,1.36583,1.69,1.00
2014.10.17 10:22:04.325,1.36575,1.36581,1.69,1.00
2014.10.17 10:22:04.477,1.36573,1.36581,4.69,1.50
2014.10.17 10:22:04.729,1.36574,1.36583,1.50,1.69
2014.10.17 10:22:04.881,1.36576,1.36584,1.50,3.19
2014.10.17 10:22:06.378,1.36575,1.36582,1.19,1.00
2014.10.17 10:22:06.891,1.36574,1.36581,1.19,1.00
2014.10.17 10:22:06.942,1.36573,1.36581,2.44,1.12
2014.10.17 10:22:07.194,1.36573,1.36579,1.25,1.87
2014.10.17 10:22:08.205,1.36575,1.3658,1.00,1.25
2014.10.17 10:22:08.509,1.36574,1.36577,1.12,1.00
2014.10.17 10:22:08.711,1.36573,1.3658,1.00,1.12
2014.10.17 10:22:08.813,1.36575,1.36582,1.00,2.44
2014.10.17 10:22:08.964,1.36575,1.36583,1.00,1.69
2014.10.17 10:22:09.487,1.36576,1.36583,1.50,1.25
2014.10.17 10:22:10.240,1.36576,1.36584,2.44,2.44
2014.10.17 10:22:11.353,1.36576,1.36584,1.69,1.50
2014.10.17 10:22:11.504,1.36578,1.36585,1.00,1.69
2014.10.17 10:22:11.757,1.36579,1.36587,2.44,1.25
2014.10.17 10:22:11.810,1.3658,1.36587,1.37,1.25
2014.10.17 10:22:12.113,1.36581,1.36586,1.00,1.19
2014.10.17 10:22:12.264,1.36582,1.36589,2.25,1.69
2014.10.17 10:22:12.568,1.36584,1.3659,1.00,1.19
2014.10.17 10:22:14.404,1.36589,1.36593,1.00,1.00
2014.10.17 10:22:14.557,1.36587,1.36592,1.00,1.50
2014.10.17 10:22:15.080,1.36586,1.36592,1.00,1.00
2014.10.17 10:22:15.695,1.36586,1.36591,1.00,1.00
2014.10.17 10:22:16.200,1.36585,1.3659,1.00,1.25
2014.10.17 10:22:16.251,1.36583,1.3659,2.25,2.44
2014.10.17 10:22:16.353,1.36582,1.36588,1.50,2.44
2014.10.17 10:22:16.757,1.3658,1.36587,1.12,1.25
2014.10.17 10:22:17.214,1.3658,1.36587,1.37,1.25
2014.10.17 10:22:18.587,1.36581,1.36587,1.37,1.69
2014.10.17 10:22:18.991,1.36581,1.36588,1.25,1.69
2014.10.17 10:22:19.497,1.36581,1.36587,1.19,1.87
2014.10.17 10:22:20.003,1.36581,1.36587,1.00,2.06
2014.10.17 10:22:20.525,1.3658,1.36587,1.50,2.06
2014.10.17 10:22:23.302,1.36583,1.36588,1.50,1.31
2014.10.17 10:22:24.219,1.36584,1.36588,1.00,1.19
2014.10.17 10:22:24.522,1.36586,1.36588,1.00,1.19
2014.10.17 10:22:24.775,1.36589,1.36593,1.50,1.50
2014.10.17 10:22:26.265,1.36587,1.36592,1.00,1.37
2014.10.17 10:22:26.320,1.3659,1.36596,1.00,2.44
2014.10.17 10:22:26.826,1.36591,1.36596,1.50,1.25
2014.10.17 10:22:27.029,1.36592,1.36595,1.00,1.00
2014.10.17 10:22:27.537,1.36591,1.36596,1.00,1.31
2014.10.17 10:22:27.942,1.36591,1.36595,1.50,1.19
2014.10.17 10:22:28.550,1.36592,1.36596,1.50,1.19
2014.10.17 10:22:28.854,1.3659,1.36596,1.00,1.69
2014.10.17 10:22:28.956,1.36588,1.36595,1.50,1.19
2014.10.17 10:22:29.477,1.36589,1.36595,1.00,1.19
2014.10.17 10:22:29.988,1.3659,1.36595,1.12,1.25
2014.10.17 10:22:30.503,1.36591,1.36595,1.50,1.25
2014.10.17 10:22:30.604,1.36589,1.36595,1.50,1.25
2014.10.17 10:22:31.462,1.36589,1.36596,3.37,1.25
2014.10.17 10:22:32.135,1.36589,1.36594,2.25,1.25
2014.10.17 10:22:32.287,1.36587,1.36594,3.00,1.69
2014.10.17 10:22:32.337,1.36587,1.36592,3.00,1.00
2014.10.17 10:22:33.159,1.36587,1.36593,1.50,1.00
2014.10.17 10:22:35.026,1.36588,1.36593,1.00,1.25
2014.10.17 10:22:35.385,1.3659,1.36593,1.00,1.25
2014.10.17 10:22:35.538,1.36591,1.36595,1.50,1.25
2014.10.17 10:22:36.043,1.36592,1.36595,1.00,1.25
2014.10.17 10:22:36.144,1.36593,1.36597,1.50,1.69
2014.10.17 10:22:36.649,1.36592,1.36597,1.00,1.25
2014.10.17 10:22:36.800,1.3659,1.36597,1.50,1.31
2014.10.17 10:22:36.851,1.3659,1.36596,1.50,1.31
2014.10.17 10:22:38.056,1.36593,1.36597,1.00,1.25
2014.10.17 10:22:38.361,1.3659,1.36595,1.00,1.37
2014.10.17 10:22:38.412,1.36588,1.36594,1.50,1.00
2014.10.17 10:22:38.918,1.36587,1.36594,1.00,1.25
2014.10.17 10:22:39.441,1.36586,1.36594,2.25,1.69
2014.10.17 10:22:39.910,1.36588,1.36594,1.50,2.06
2014.10.17 10:22:40.163,1.3659,1.36597,1.00,1.19
2014.10.17 10:22:40.668,1.36589,1.36595,1.12,1.19
2014.10.17 10:22:40.770,1.36587,1.36595,2.62,1.69
2014.10.17 10:22:40.871,1.36587,1.36593,1.00,1.19
2014.10.17 10:22:41.153,1.36585,1.36593,3.75,1.69
2014.10.17 10:22:43.002,1.36585,1.36592,1.50,2.06
2014.10.17 10:22:43.614,1.36585,1.36591,1.00,2.44
2014.10.17 10:22:43.766,1.36583,1.36591,1.31,2.81
2014.10.17 10:22:44.900,1.36583,1.3659,1.50,1.62
2014.10.17 10:22:45.407,1.36582,1.36589,1.87,2.81
2014.10.17 10:22:46.045,1.36582,1.36588,1.00,2.06
2014.10.17 10:22:46.571,1.36581,1.36588,1.87,1.31
2014.10.17 10:22:47.101,1.36581,1.36588,1.00,2.81
2014.10.17 10:22:47.613,1.36581,1.36588,1.12,2.06
2014.10.17 10:22:47.916,1.3658,1.36585,2.25,1.31
2014.10.17 10:22:48.168,1.36576,1.36583,3.37,1.12
2014.10.17 10:22:48.420,1.36577,1.36585,1.50,3.19
2014.10.17 10:22:48.573,1.36577,1.36585,1.50,6.26
2014.10.17 10:22:49.326,1.36575,1.36583,2.62,1.69
2014.10.17 10:22:50.942,1.36579,1.36584,1.50,2.81
2014.10.17 10:22:50.993,1.36579,1.36586,1.50,1.69
2014.10.17 10:22:51.195,1.36577,1.36584,1.00,1.19
2014.10.17 10:22:51.699,1.36575,1.36582,1.50,1.25
2014.10.17 10:22:52.509,1.36576,1.36583,1.00,1.69
2014.10.17 10:22:53.278,1.36577,1.36583,1.12,1.19
2014.10.17 10:22:53.531,1.36578,1.36584,1.12,1.69
2014.10.17 10:22:53.582,1.3658,1.36584,1.00,1.25
2014.10.17 10:22:53.683,1.36579,1.36586,2.25,1.25
2014.10.17 10:22:54.188,1.3658,1.36586,1.00,1.25
2014.10.17 10:22:54.390,1.36582,1.36586,1.00,1.25
2014.10.17 10:22:54.844,1.36585,1.36588,1.00,1.69
2014.10.17 10:22:55.163,1.36591,1.36595,1.12,1.00
2014.10.17 10:22:55.265,1.36593,1.36597,1.00,1.25
2014.10.17 10:22:55.771,1.36592,1.36597,1.50,1.00
2014.10.17 10:22:56.317,1.36592,1.36598,1.12,1.25
2014.10.17 10:22:56.840,1.36593,1.36599,2.62,1.25
2014.10.17 10:22:56.891,1.36593,1.36599,2.62,1.25
2014.10.17 10:22:57.447,1.36594,1.366,2.62,1.87
2014.10.17 10:22:57.993,1.36595,1.36601,1.12,1.25
2014.10.17 10:22:58.299,1.36594,1.36599,1.00,1.00
2014.10.17 10:22:58.955,1.36593,1.36599,1.25,1.00
2014.10.17 10:22:59.476,1.36592,1.36602,4.31,4.31
2014.10.17 10:23:01.804,1.36592,1.366,2.44,1.62
2014.10.17 10:23:02.321,1.36592,1.36601,2.44,2.44
2014.10.17 10:23:04.036,1.36593,1.366,1.00,2.06
2014.10.17 10:23:04.137,1.36591,1.36598,2.81,1.87
2014.10.17 10:23:04.907,1.36593,1.36598,1.00,1.00
2014.10.17 10:23:05.009,1.36594,1.366,1.00,1.31
2014.10.17 10:23:05.211,1.36596,1.36602,1.00,1.19
2014.10.17 10:23:05.464,1.36596,1.36603,1.00,1.31
2014.10.17 10:23:05.918,1.36595,1.36603,1.69,2.81
2014.10.17 10:23:06.453,1.36595,1.36602,2.44,1.69
2014.10.17 10:23:09.680,1.36595,1.36602,1.69,1.25
2014.10.17 10:23:10.094,1.36595,1.36599,1.25,1.00
2014.10.17 10:23:10.145,1.36592,1.36599,1.00,1.12
2014.10.17 10:23:10.196,1.36592,1.36596,1.00,1.00
2014.10.17 10:23:10.246,1.3659,1.36596,2.25,2.81
2014.10.17 10:23:10.751,1.36589,1.36595,1.00,2.44
2014.10.17 10:23:11.059,1.36587,1.36595,1.50,3.19
2014.10.17 10:23:11.566,1.36583,1.36588,1.00,8.21
2014.10.17 10:23:11.617,1.36578,1.36584,1.00,3.00
2014.10.17 10:23:11.668,1.36578,1.36582,1.00,1.19
2014.10.17 10:23:11.920,1.36576,1.36582,1.50,1.19
2014.10.17 10:23:12.224,1.36575,1.3658,1.00,1.37
2014.10.17 10:23:12.477,1.36571,1.36579,1.69,2.06
2014.10.17 10:23:12.528,1.36571,1.36579,1.25,4.39
2014.10.17 10:23:13.040,1.3657,1.36577,1.00,1.69
2014.10.17 10:23:13.603,1.3657,1.36577,1.69,1.00
2014.10.17 10:23:13.907,1.36573,1.3658,1.00,1.19
2014.10.17 10:23:14.681,1.36572,1.3658,1.69,1.31
2014.10.17 10:23:17.390,1.36574,1.36581,1.00,4.01
2014.10.17 10:23:17.592,1.36574,1.36582,3.75,1.50
2014.10.17 10:23:17.643,1.36576,1.36582,1.00,1.50
2014.10.17 10:23:18.149,1.36577,1.36583,1.00,3.82
2014.10.17 10:23:18.351,1.36575,1.36582,1.50,1.50
2014.10.17 10:23:18.452,1.36575,1.36581,1.00,4.76
2014.10.17 10:23:18.503,1.36571,1.36579,3.19,1.31
2014.10.17 10:23:19.009,1.3657,1.36578,3.94,1.00
2014.10.17 10:23:19.514,1.3657,1.36579,3.19,1.31
2014.10.17 10:23:20.425,1.3657,1.36578,1.00,1.19
2014.10.17 10:23:20.879,1.3657,1.36575,1.00,1.00
2014.10.17 10:23:21.386,1.36569,1.36575,1.00,2.06
2014.10.17 10:23:23.088,1.36568,1.36575,1.00,1.12
2014.10.17 10:23:23.667,1.36567,1.36575,3.19,1.31
2014.10.17 10:23:24.456,1.36569,1.36575,1.00,1.25
2014.10.17 10:23:31.278,1.3657,1.36575,1.00,1.00
2014.10.17 10:23:31.581,1.36573,1.36578,1.00,1.69
2014.10.17 10:23:31.884,1.36575,1.36579,1.00,3.26
2014.10.17 10:23:32.408,1.36574,1.36579,1.00,3.26
2014.10.17 10:23:32.818,1.36574,1.36579,1.00,1.00
2014.10.17 10:23:33.453,1.36572,1.36578,1.00,1.25
2014.10.17 10:23:33.605,1.36571,1.36576,2.25,1.00
2014.10.17 10:23:33.807,1.36572,1.36578,1.00,1.25
2014.10.17 10:23:33.958,1.36571,1.36577,1.00,1.37
2014.10.17 10:23:34.110,1.36566,1.36574,3.00,2.06
2014.10.17 10:23:34.211,1.36564,1.36573,2.44,1.00
2014.10.17 10:23:35.169,1.36564,1.36573,2.25,1.69
2014.10.17 10:23:35.681,1.36565,1.36573,1.50,3.56
2014.10.17 10:23:36.290,1.36565,1.36573,1.50,4.31
2014.10.17 10:23:36.492,1.36566,1.36573,1.00,2.44
2014.10.17 10:23:36.543,1.36568,1.36573,1.00,1.00
2014.10.17 10:23:37.092,1.36567,1.36574,1.50,2.06
2014.10.17 10:23:37.605,1.36567,1.36573,1.50,1.31
2014.10.17 10:23:38.591,1.36567,1.36574,1.50,1.31
2014.10.17 10:23:39.864,1.36567,1.36575,2.25,3.56
2014.10.17 10:23:40.276,1.36568,1.36575,2.62,1.25
2014.10.17 10:23:40.579,1.36571,1.36577,1.00,1.12
2014.10.17 10:23:42.041,1.3658,1.36585,2.25,1.19
2014.10.17 10:23:42.609,1.36583,1.36585,1.00,1.19
2014.10.17 10:23:42.710,1.36583,1.36586,1.00,1.25
2014.10.17 10:23:43.209,1.36583,1.36589,1.00,3.56
2014.10.17 10:23:43.411,1.36581,1.36587,1.00,2.25
2014.10.17 10:23:43.715,1.36579,1.36585,1.69,1.12
2014.10.17 10:23:44.321,1.36579,1.36586,2.44,1.37
2014.10.17 10:23:44.624,1.36581,1.36586,1.00,1.00
2014.10.17 10:23:45.023,1.36578,1.36583,1.25,1.00
2014.10.17 10:23:45.327,1.36576,1.3658,1.00,1.87
2014.10.17 10:23:45.378,1.36573,1.3658,1.25,2.62
2014.10.17 10:23:46.200,1.36575,1.3658,1.00,1.12
2014.10.17 10:23:46.352,1.36576,1.36582,1.00,1.00
2014.10.17 10:23:46.706,1.36574,1.36582,1.25,1.12
2014.10.17 10:23:46.908,1.36576,1.36582,1.00,1.12
2014.10.17 10:23:47.413,1.36577,1.36584,1.00,1.62
2014.10.17 10:23:47.818,1.36574,1.36584,3.94,2.81
2014.10.17 10:23:48.461,1.36574,1.36581,1.25,1.37
2014.10.17 10:23:48.929,1.36572,1.36577,2.44,1.12
2014.10.17 10:23:49.846,1.36572,1.36577,3.19,1.37
2014.10.17 10:23:50.438,1.36574,1.36577,1.00,1.37
2014.10.17 10:23:51.768,1.36575,1.36577,1.00,1.00
2014.10.17 10:23:52.071,1.36576,1.3658,1.00,1.87
2014.10.17 10:23:53.282,1.36576,1.36583,2.25,1.25
2014.10.17 10:23:53.789,1.36577,1.36584,1.50,1.50
2014.10.17 10:23:54.398,1.36577,1.36585,2.62,1.25
2014.10.17 10:23:54.550,1.36579,1.36587,2.62,1.00
2014.10.17 10:23:54.601,1.3658,1.36588,1.87,1.25
2014.10.17 10:23:55.107,1.36581,1.36589,4.31,2.44
2014.10.17 10:23:55.613,1.36582,1.36588,1.00,1.00
2014.10.17 10:23:57.352,1.3658,1.36588,4.31,1.00
2014.10.17 10:23:58.187,1.3658,1.36588,5.89,1.00
2014.10.17 10:23:58.735,1.36582,1.36589,1.12,2.06
2014.10.17 10:23:59.239,1.36581,1.36589,1.00,1.87
2014.10.17 10:23:59.752,1.36581,1.36589,1.00,1.87
2014.10.17 10:24:01.155,1.36577,1.36582,1.50,1.00
2014.10.17 10:24:01.256,1.36575,1.36582,1.00,1.00
2014.10.17 10:24:01.807,1.36574,1.36583,2.06,1.69
2014.10.17 10:24:02.516,1.36574,1.36583,2.81,1.69
2014.10.17 10:24:02.618,1.36574,1.36584,4.31,3.19
2014.10.17 10:24:03.137,1.36576,1.36584,1.12,1.69
2014.10.17 10:24:05.816,1.3658,1.36586,1.12,4.39
2014.10.17 10:24:05.868,1.3658,1.36588,1.87,2.81
2014.10.17 10:24:06.071,1.36581,1.36589,1.00,1.31
2014.10.17 10:24:06.579,1.36582,1.3659,1.87,1.69
2014.10.17 10:24:07.128,1.36582,1.3659,1.87,2.44
2014.10.17 10:24:08.305,1.36581,1.36589,3.19,1.50
2014.10.17 10:24:08.813,1.36581,1.36587,1.19,1.00
2014.10.17 10:24:08.864,1.3658,1.36587,1.25,1.25
2014.10.17 10:24:09.016,1.36579,1.36585,1.56,1.50
2014.10.17 10:24:09.067,1.36578,1.36585,1.12,1.50
2014.10.17 10:24:09.118,1.36576,1.36582,3.64,1.50
2014.10.17 10:24:09.169,1.36576,1.36582,1.12,1.50
2014.10.17 10:24:09.684,1.36574,1.36581,2.06,1.50
2014.10.17 10:24:10.191,1.36574,1.36582,3.56,1.50
2014.10.17 10:24:10.754,1.36574,1.36582,5.51,1.50
2014.10.17 10:24:11.292,1.36576,1.36583,2.25,1.00
2014.10.17 10:24:11.799,1.36578,1.36584,1.37,3.19
2014.10.17 10:24:12.103,1.3658,1.36586,1.00,1.25
2014.10.17 10:24:14.300,1.3658,1.36586,1.37,1.00
2014.10.17 10:24:14.824,1.3658,1.36587,1.37,3.19
2014.10.17 10:24:15.925,1.36581,1.36587,1.37,2.44
2014.10.17 10:24:16.628,1.3658,1.36587,1.12,1.25
2014.10.17 10:24:17.311,1.3658,1.36588,1.12,1.12
2014.10.17 10:24:18.210,1.3658,1.36588,1.37,1.12
2014.10.17 10:24:19.324,1.3658,1.36588,1.37,1.12
2014.10.17 10:24:19.628,1.36586,1.3659,1.37,1.00
2014.10.17 10:24:19.996,1.36588,1.36594,1.12,1.00
2014.10.17 10:24:20.466,1.36588,1.36596,1.50,2.81
2014.10.17 10:24:21.696,1.36589,1.36596,1.19,1.00
2014.10.17 10:24:22.202,1.36587,1.36595,2.44,1.50
2014.10.17 10:24:22.304,1.36587,1.36594,1.00,1.50
2014.10.17 10:24:22.405,1.36586,1.36592,1.25,1.00
2014.10.17 10:24:22.911,1.36586,1.36594,1.69,1.50
2014.10.17 10:24:23.456,1.36587,1.36595,1.00,1.00
2014.10.17 10:24:23.658,1.36587,1.36595,1.87,1.50
2014.10.17 10:24:23.760,1.36587,1.36595,1.50,1.50
2014.10.17 10:24:23.861,1.36586,1.36593,1.69,1.50
2014.10.17 10:24:24.164,1.36583,1.3659,1.50,1.00
2014.10.17 10:24:24.691,1.36582,1.3659,3.94,1.00
2014.10.17 10:24:24.994,1.36584,1.36592,1.00,1.69
2014.10.17 10:24:26.686,1.36583,1.36591,2.44,1.00
2014.10.17 10:24:27.233,1.36584,1.36592,1.25,1.69
2014.10.17 10:24:28.724,1.36584,1.36591,1.69,1.00
2014.10.17 10:24:29.484,1.36584,1.36592,1.69,1.69
2014.10.17 10:24:33.245,1.36584,1.36589,1.00,1.00
2014.10.17 10:24:33.295,1.36582,1.36589,3.75,1.50
2014.10.17 10:24:33.548,1.36584,1.36589,1.00,1.00
2014.10.17 10:24:33.599,1.36585,1.36591,1.00,1.25
2014.10.17 10:24:34.104,1.36585,1.36594,1.69,2.44
2014.10.17 10:24:34.306,1.36587,1.36594,1.00,1.69
2014.10.17 10:24:34.760,1.36587,1.36595,1.00,1.69
2014.10.17 10:24:35.264,1.36588,1.36595,1.00,1.25
2014.10.17 10:24:36.642,1.36588,1.36596,1.00,1.69
2014.10.17 10:24:39.196,1.36588,1.36596,2.06,1.69
2014.10.17 10:24:40.211,1.36589,1.36597,1.12,1.12
2014.10.17 10:24:41.729,1.36589,1.36597,1.12,1.37
2014.10.17 10:24:43.291,1.36589,1.36597,2.44,1.00
2014.10.17 10:24:43.342,1.36589,1.36597,2.44,2.06
2014.10.17 10:24:43.919,1.36589,1.36597,2.81,1.62
2014.10.17 10:24:44.427,1.3659,1.36598,2.06,2.81
2014.10.17 10:24:46.660,1.36589,1.36598,2.06,1.87
2014.10.17 10:24:47.192,1.3659,1.36598,1.00,1.87
2014.10.17 10:24:47.770,1.36589,1.36597,3.19,1.87
2014.10.17 10:24:48.129,1.36589,1.36595,2.44,1.50
2014.10.17 10:24:48.635,1.36587,1.36593,1.19,1.00
2014.10.17 10:24:48.905,1.36587,1.36595,2.44,2.25
2014.10.17 10:24:49.364,1.36587,1.36593,1.00,1.00
2014.10.17 10:24:49.906,1.36586,1.36593,1.25,1.87
2014.10.17 10:24:50.209,1.36585,1.3659,1.00,1.00
2014.10.17 10:24:51.084,1.36584,1.36591,1.69,1.00
2014.10.17 10:24:51.488,1.36584,1.36591,1.50,1.62
2014.10.17 10:24:51.791,1.36582,1.36588,1.50,1.37
2014.10.17 10:24:52.498,1.36581,1.36588,1.19,1.87
2014.10.17 10:24:52.651,1.3658,1.36588,3.75,1.87
2014.10.17 10:24:52.904,1.36582,1.36589,1.12,1.25
2014.10.17 10:24:53.207,1.36581,1.36588,1.19,1.37
2014.10.17 10:24:53.308,1.36581,1.36588,1.19,1.00
2014.10.17 10:24:53.762,1.36581,1.36588,1.19,4.57
2014.10.17 10:24:53.966,1.3658,1.36587,3.19,2.25
2014.10.17 10:24:54.017,1.3658,1.36587,2.44,3.37
2014.10.17 10:24:54.522,1.36577,1.36585,3.94,1.87
2014.10.17 10:24:55.806,1.36577,1.36585,2.44,2.06
2014.10.17 10:25:00.386,1.36576,1.36584,3.19,1.50
2014.10.17 10:25:01.042,1.36576,1.36583,1.69,1.00
2014.10.17 10:25:01.093,1.36576,1.36581,1.69,1.00
2014.10.17 10:25:01.414,1.36573,1.36576,1.50,1.00
2014.10.17 10:25:01.465,1.36571,1.36575,1.00,1.69
2014.10.17 10:25:01.516,1.36567,1.36575,3.56,1.69
2014.10.17 10:25:02.022,1.36567,1.36574,2.44,1.00
2014.10.17 10:25:03.135,1.36568,1.36574,1.00,1.00
2014.10.17 10:25:03.765,1.36568,1.36574,1.00,3.07
2014.10.17 10:25:04.271,1.36567,1.36572,2.44,1.00
2014.10.17 10:25:04.574,1.36563,1.36569,1.50,2.81
2014.10.17 10:25:04.878,1.36559,1.36565,1.00,2.25
2014.10.17 10:25:05.382,1.36558,1.36565,1.25,3.75
2014.10.17 10:25:05.736,1.36555,1.36564,2.81,2.06
2014.10.17 10:25:10.624,1.36556,1.36564,1.25,2.06
2014.10.17 10:25:11.132,1.36555,1.36562,2.25,2.06
2014.10.17 10:25:11.436,1.3655,1.36557,3.19,1.50
2014.10.17 10:25:11.790,1.3655,1.36559,2.44,1.25
2014.10.17 10:25:12.312,1.36551,1.36558,1.00,1.69
2014.10.17 10:25:12.515,1.36549,1.36557,1.00,1.31
2014.10.17 10:25:12.618,1.36547,1.36556,3.00,1.00
2014.10.17 10:25:13.124,1.36547,1.36555,2.25,1.25
2014.10.17 10:25:13.650,1.36547,1.36554,2.25,1.12
2014.10.17 10:25:14.161,1.36547,1.36553,1.00,1.00
2014.10.17 10:25:18.404,1.36547,1.36553,1.00,2.62
2014.10.17 10:25:18.917,1.36547,1.36553,1.00,3.37
2014.10.17 10:25:19.739,1.36547,1.36553,1.00,3.37
2014.10.17 10:25:21.410,1.36541,1.36549,1.00,1.37
2014.10.17 10:25:21.764,1.3654,1.36548,1.00,4.76
2014.10.17 10:25:22.270,1.36538,1.36546,2.44,1.12
2014.10.17 10:25:22.775,1.36538,1.36546,1.69,1.12
2014.10.17 10:25:23.079,1.36538,1.36546,1.69,1.50
2014.10.17 10:25:24.617,1.36538,1.36547,1.69,1.31
2014.10.17 10:25:24.921,1.3654,1.36549,1.00,2.81
2014.10.17 10:25:25.432,1.3654,1.36549,1.00,3.56
2014.10.17 10:25:25.935,1.3654,1.36549,2.81,3.00
2014.10.17 10:25:26.238,1.36548,1.36557,1.25,2.44
2014.10.17 10:25:27.576,1.36548,1.36557,1.69,1.25
2014.10.17 10:25:28.081,1.36548,1.36558,3.19,1.62
2014.10.17 10:25:28.333,1.36551,1.36558,1.00,1.25
2014.10.17 10:25:28.638,1.36548,1.36556,1.69,1.37
2014.10.17 10:25:29.334,1.36549,1.36554,2.25,1.00
2014.10.17 10:25:29.435,1.36549,1.36557,2.25,3.56
2014.10.17 10:25:29.537,1.36549,1.36554,1.50,1.00
2014.10.17 10:25:30.042,1.36548,1.36555,1.31,1.37
2014.10.17 10:25:30.548,1.36549,1.36555,1.00,1.12
2014.10.17 10:25:31.055,1.36549,1.36556,1.00,1.87
2014.10.17 10:25:31.412,1.36549,1.36556,1.00,1.87
2014.10.17 10:25:31.867,1.36549,1.36557,1.12,2.06
2014.10.17 10:25:31.918,1.36552,1.36557,1.00,1.00
2014.10.17 10:25:32.069,1.36552,1.36559,1.50,1.25
2014.10.17 10:25:32.424,1.36555,1.36561,1.00,1.87
2014.10.17 10:25:32.525,1.36555,1.36563,1.50,2.81
2014.10.17 10:25:34.149,1.36554,1.36564,2.44,4.31
2014.10.17 10:25:34.807,1.36555,1.36563,1.69,1.62
2014.10.17 10:25:35.336,1.36554,1.36561,1.69,1.00
2014.10.17 10:25:35.842,1.36554,1.36562,1.69,1.00
2014.10.17 10:25:36.989,1.36555,1.36563,1.00,1.31
2014.10.17 10:25:41.279,1.36554,1.36562,1.69,1.50
2014.10.17 10:25:41.985,1.36554,1.36562,1.69,1.87
2014.10.17 10:25:43.215,1.36554,1.36562,1.69,1.87
2014.10.17 10:25:43.318,1.36553,1.36562,2.25,2.81
2014.10.17 10:25:43.421,1.36552,1.36559,1.00,1.69
2014.10.17 10:25:43.876,1.3655,1.36558,1.69,1.69
2014.10.17 10:25:44.129,1.3655,1.36558,1.69,2.81
2014.10.17 10:25:44.432,1.36554,1.36559,1.00,1.12
2014.10.17 10:25:44.736,1.36558,1.36563,1.00,2.25
2014.10.17 10:25:45.040,1.36564,1.3657,1.12,2.62
2014.10.17 10:25:45.444,1.36565,1.36572,1.00,1.12
2014.10.17 10:25:46.674,1.36564,1.36573,2.06,1.69
2014.10.17 10:25:47.326,1.36564,1.36572,3.19,1.87
2014.10.17 10:25:47.478,1.36564,1.3657,3.19,1.00
2014.10.17 10:25:48.670,1.36564,1.3657,1.00,1.12
2014.10.17 10:25:49.742,1.36563,1.36571,1.62,2.62
2014.10.17 10:25:50.147,1.36563,1.3657,1.00,2.62
2014.10.17 10:25:50.658,1.36561,1.36569,2.44,1.87
2014.10.17 10:25:51.211,1.36561,1.36569,2.44,1.87
2014.10.17 10:25:51.720,1.3656,1.36568,1.62,1.12
2014.10.17 10:25:52.295,1.36561,1.36569,1.12,1.00
2014.10.17 10:25:52.809,1.36561,1.36569,1.31,1.19
2014.10.17 10:25:53.385,1.36561,1.36569,1.12,1.00
2014.10.17 10:25:53.890,1.36562,1.3657,1.00,2.81
2014.10.17 10:25:54.193,1.36559,1.36567,3.56,1.87
2014.10.17 10:25:54.746,1.36559,1.36562,1.00,1.00
2014.10.17 10:25:54.797,1.36555,1.36562,1.00,1.50
2014.10.17 10:25:55.202,1.36557,1.36563,1.00,2.06
2014.10.17 10:25:55.303,1.36555,1.36563,1.50,2.06
2014.10.17 10:25:55.818,1.36554,1.36562,1.00,1.00
2014.10.17 10:25:56.417,1.36554,1.36561,1.50,1.00
2014.10.17 10:25:56.570,1.36554,1.3656,1.00,2.06
2014.10.17 10:25:56.721,1.36551,1.36558,1.69,1.37
2014.10.17 10:25:57.266,1.3655,1.36559,3.94,2.81
2014.10.17 10:25:58.093,1.3655,1.36558,3.75,1.87
2014.10.17 10:25:59.698,1.3655,1.36558,3.00,1.87
2014.10.17 10:26:01.744,1.36551,1.36558,1.50,1.37
2014.10.17 10:26:02.245,1.36551,1.36558,1.50,1.12
2014.10.17 10:26:02.750,1.36551,1.36559,1.50,2.81
2014.10.17 10:26:03.659,1.36551,1.36559,1.50,2.81
2014.10.17 10:26:04.851,1.3655,1.36558,2.44,1.50
2014.10.17 10:26:07.685,1.3655,1.36558,2.44,1.87
2014.10.17 10:26:13.853,1.36551,1.36559,1.50,1.62
2014.10.17 10:26:15.103,1.36551,1.36559,1.50,1.31
2014.10.17 10:26:15.544,1.36551,1.36557,1.50,1.00
2014.10.17 10:26:16.049,1.3655,1.36557,1.25,1.12
2014.10.17 10:26:16.915,1.3655,1.36557,1.00,1.37
2014.10.17 10:26:17.432,1.3655,1.36557,1.00,1.50
2014.10.17 10:26:18.245,1.36549,1.36557,1.50,1.69
2014.10.17 10:26:19.115,1.3655,1.36557,1.00,1.69
2014.10.17 10:26:19.657,1.36549,1.36557,1.50,1.69
2014.10.17 10:26:20.253,1.3655,1.36557,1.00,1.50
2014.10.17 10:26:22.176,1.3655,1.36557,1.00,1.69
2014.10.17 10:26:22.681,1.36549,1.36557,1.69,1.69
2014.10.17 10:26:24.777,1.3655,1.36557,1.00,1.69
2014.10.17 10:26:25.430,1.36549,1.36557,1.50,2.44
2014.10.17 10:26:26.759,1.3655,1.36557,1.00,3.19
2014.10.17 10:26:28.064,1.36549,1.36557,1.69,1.69
2014.10.17 10:26:29.034,1.36548,1.36552,1.19,1.12
2014.10.17 10:26:29.085,1.36546,1.36552,1.69,1.12
2014.10.17 10:26:30.008,1.36544,1.36551,3.94,1.37
2014.10.17 10:26:30.160,1.36541,1.36547,3.19,1.12
2014.10.17 10:26:30.261,1.36539,1.36547,1.25,4.57
2014.10.17 10:26:30.766,1.36537,1.36545,2.44,1.12
2014.10.17 10:26:31.641,1.36537,1.36545,1.69,2.25
2014.10.17 10:26:32.488,1.36537,1.36543,1.69,1.00
2014.10.17 10:26:33.014,1.36535,1.36545,3.56,1.31
2014.10.17 10:26:33.418,1.36534,1.36545,3.94,2.06
2014.10.17 10:26:34.376,1.36535,1.36545,1.31,2.81
2014.10.17 10:26:35.400,1.36535,1.36545,2.06,2.81
2014.10.17 10:26:36.957,1.36537,1.36545,1.00,2.81
2014.10.17 10:26:37.110,1.36541,1.3655,1.31,4.69
2014.10.17 10:26:37.615,1.3654,1.3655,1.31,1.69
2014.10.17 10:26:38.119,1.36539,1.36548,2.44,1.31
2014.10.17 10:26:38.891,1.3654,1.36549,1.31,1.19
2014.10.17 10:26:40.902,1.36539,1.36548,2.44,1.31
2014.10.17 10:26:41.927,1.3654,1.36549,1.31,2.06
2014.10.17 10:26:42.961,1.36539,1.36549,2.81,1.56
2014.10.17 10:26:43.113,1.36539,1.36545,1.12,1.00
2014.10.17 10:26:43.366,1.36537,1.36545,1.00,4.69
2014.10.17 10:26:43.871,1.36536,1.36545,1.25,3.94
2014.10.17 10:26:44.377,1.36536,1.36545,1.69,2.06
2014.10.17 10:26:45.139,1.36536,1.36546,2.06,1.56
2014.10.17 10:26:45.644,1.36535,1.36546,7.01,1.56
2014.10.17 10:26:47.120,1.36535,1.36546,6.26,1.62
2014.10.17 10:26:47.631,1.36535,1.36546,6.64,1.62
2014.10.17 10:26:47.733,1.36538,1.36546,1.69,1.37
2014.10.17 10:26:47.785,1.36539,1.36546,1.62,1.00
2014.10.17 10:26:47.836,1.36542,1.36546,1.69,1.00
2014.10.17 10:26:47.989,1.36546,1.36552,1.12,2.44
2014.10.17 10:26:49.636,1.36547,1.36554,1.00,2.06
2014.10.17 10:26:50.783,1.36546,1.36553,1.50,1.50
2014.10.17 10:26:52.703,1.36546,1.36554,1.00,2.81
2014.10.17 10:26:54.406,1.36546,1.36554,1.00,2.06
2014.10.17 10:26:55.005,1.36546,1.36554,1.00,1.69
2014.10.17 10:26:58.012,1.36548,1.36554,1.00,1.00
2014.10.17 10:26:58.315,1.36546,1.36554,2.06,1.00
2014.10.17 10:26:58.932,1.36547,1.36554,1.37,1.00
2014.10.17 10:27:00.121,1.36547,1.36554,1.00,1.12
2014.10.17 10:27:00.684,1.36546,1.36554,2.06,1.00
2014.10.17 10:27:02.031,1.36545,1.36553,1.69,1.25
2014.10.17 10:27:02.654,1.36544,1.36553,2.81,1.31
2014.10.17 10:27:04.390,1.36546,1.36554,1.00,2.44
2014.10.17 10:27:04.694,1.3655,1.36557,1.69,1.69
2014.10.17 10:27:05.753,1.36551,1.36558,1.37,2.44
2014.10.17 10:27:05.956,1.36554,1.36559,2.62,1.50
2014.10.17 10:27:06.057,1.36555,1.36561,1.87,1.00
2014.10.17 10:27:06.566,1.36555,1.36563,1.12,1.69
2014.10.17 10:27:07.072,1.36555,1.36563,1.37,1.31
2014.10.17 10:27:12.378,1.36556,1.36564,1.50,4.31
2014.10.17 10:27:12.479,1.36554,1.36559,1.69,1.37
2014.10.17 10:27:12.530,1.36551,1.36558,4.12,1.00
2014.10.17 10:27:12.934,1.36551,1.36557,1.19,1.50
2014.10.17 10:27:13.036,1.3655,1.36557,1.00,1.37
2014.10.17 10:27:13.137,1.36548,1.36554,8.25,1.37
2014.10.17 10:27:14.459,1.36545,1.36553,2.06,1.87
2014.10.17 10:27:15.504,1.36546,1.36553,1.00,1.50
2014.10.17 10:27:16.035,1.36544,1.36553,3.56,1.50
2014.10.17 10:27:16.548,1.36545,1.36553,1.19,1.69
2014.10.17 10:27:17.122,1.36544,1.36554,2.81,3.56
2014.10.17 10:27:18.228,1.36544,1.36553,2.81,1.00
2014.10.17 10:27:20.165,1.36544,1.36553,3.56,1.25
2014.10.17 10:27:20.476,1.36544,1.36552,3.56,1.37
2014.10.17 10:27:21.132,1.36544,1.36552,2.81,1.37
2014.10.17 10:27:21.233,1.36547,1.36552,1.00,1.00
2014.10.17 10:27:21.385,1.36545,1.36553,2.62,1.87
2014.10.17 10:27:23.230,1.36545,1.36552,1.50,1.00
2014.10.17 10:27:23.797,1.36545,1.36553,2.62,2.25
2014.10.17 10:27:24.317,1.36545,1.36552,1.12,1.50
2014.10.17 10:27:27.196,1.36545,1.36553,1.31,1.31
2014.10.17 10:27:28.632,1.36547,1.36553,1.00,1.25
2014.10.17 10:27:29.137,1.36547,1.36554,1.37,1.69
2014.10.17 10:27:29.542,1.36549,1.36554,1.87,1.25
2014.10.17 10:27:29.593,1.36549,1.36557,2.25,5.06
2014.10.17 10:27:29.947,1.36551,1.36559,1.00,4.69
2014.10.17 10:27:30.488,1.36552,1.36559,1.00,2.44
2014.10.17 10:27:30.994,1.36552,1.3656,1.87,1.12
2014.10.17 10:27:31.733,1.36553,1.36561,1.87,2.06
2014.10.17 10:27:34.782,1.36555,1.36561,1.00,1.69
2014.10.17 10:27:35.187,1.36556,1.36563,1.00,2.44
2014.10.17 10:27:36.910,1.36555,1.36564,3.19,1.69
2014.10.17 10:27:37.525,1.36556,1.36563,1.00,1.50
2014.10.17 10:27:38.034,1.36555,1.36563,2.44,1.50
2014.10.17 10:27:42.029,1.36555,1.36563,3.19,2.44
2014.10.17 10:27:43.213,1.36556,1.36564,1.87,2.44
2014.10.17 10:27:43.737,1.36556,1.36564,2.62,1.50
2014.10.17 10:27:44.908,1.36556,1.36564,2.06,1.69
2014.10.17 10:27:45.110,1.36558,1.36564,1.37,1.25
2014.10.17 10:27:45.313,1.36562,1.36567,1.37,1.00
2014.10.17 10:27:45.819,1.36564,1.3657,1.37,6.26
2014.10.17 10:27:46.324,1.36564,1.36571,1.87,1.31
2014.10.17 10:27:46.829,1.36567,1.36571,1.00,1.19
2014.10.17 10:27:47.332,1.36567,1.36573,1.00,1.19
2014.10.17 10:27:47.883,1.36566,1.36573,1.12,1.19
2014.10.17 10:27:48.292,1.36567,1.36574,1.00,3.19
2014.10.17 10:27:49.045,1.36566,1.36574,1.12,3.19
2014.10.17 10:27:49.971,1.36567,1.36574,1.00,1.25
2014.10.17 10:27:50.510,1.36565,1.36574,4.69,1.25
2014.10.17 10:27:54.734,1.36565,1.36574,2.81,1.37
2014.10.17 10:27:54.785,1.36566,1.36571,1.00,1.00
2014.10.17 10:27:55.089,1.36563,1.36569,1.69,1.87
2014.10.17 10:27:55.595,1.36563,1.36568,1.00,1.00
2014.10.17 10:27:56.977,1.3656,1.36568,1.69,1.62
2014.10.17 10:27:57.180,1.36562,1.36569,1.37,3.56
2014.10.17 10:27:57.282,1.36562,1.36569,1.00,2.06
2014.10.17 10:27:57.839,1.36561,1.36569,1.50,1.69
2014.10.17 10:27:58.344,1.36562,1.3657,1.69,1.69
2014.10.17 10:27:58.496,1.36562,1.3657,2.06,1.69
2014.10.17 10:27:59.000,1.36562,1.3657,3.56,1.00
2014.10.17 10:28:00.067,1.36563,1.36571,1.69,2.06
2014.10.17 10:28:00.370,1.36565,1.36572,1.50,1.19
2014.10.17 10:28:00.903,1.36565,1.36573,1.69,1.69
2014.10.17 10:28:01.674,1.36565,1.36572,1.69,1.00
2014.10.17 10:28:02.179,1.36564,1.36572,3.56,1.50
2014.10.17 10:28:02.853,1.36565,1.36572,1.62,1.00
2014.10.17 10:28:03.358,1.36565,1.36573,2.81,2.81
2014.10.17 10:28:05.079,1.36564,1.3657,1.50,1.25
2014.10.17 10:28:05.138,1.36561,1.36569,1.12,1.00
2014.10.17 10:28:05.748,1.36561,1.36569,1.12,1.69
2014.10.17 10:28:06.013,1.36563,1.36569,1.00,1.69
2014.10.17 10:28:06.114,1.36561,1.36569,1.87,1.31
2014.10.17 10:28:06.468,1.36563,1.36569,1.00,2.06
2014.10.17 10:28:06.569,1.3656,1.36566,3.19,1.00
2014.10.17 10:28:06.974,1.36562,1.36566,1.00,1.00
2014.10.17 10:28:07.025,1.36562,1.36569,1.00,1.69
2014.10.17 10:28:07.177,1.36563,1.36571,1.00,2.25
2014.10.17 10:28:07.781,1.36562,1.3657,1.25,1.25
2014.10.17 10:28:08.372,1.36562,1.3657,1.19,1.25
2014.10.17 10:28:08.894,1.36563,1.3657,1.25,1.62
2014.10.17 10:28:10.498,1.36562,1.3657,1.69,1.37
2014.10.17 10:28:11.004,1.36562,1.3657,2.06,1.00
2014.10.17 10:28:11.105,1.36564,1.36571,1.37,1.31
2014.10.17 10:28:11.257,1.36566,1.36573,1.31,1.00
2014.10.17 10:28:11.816,1.36568,1.36577,1.19,2.06
2014.10.17 10:28:11.969,1.36571,1.36578,1.19,1.50
2014.10.17 10:28:12.476,1.36572,1.3658,1.31,1.19
2014.10.17 10:28:12.931,1.36578,1.36581,1.37,1.00
2014.10.17 10:28:12.982,1.36578,1.36583,1.37,2.25
2014.10.17 10:28:13.185,1.36577,1.36583,1.50,1.00
2014.10.17 10:28:13.438,1.36574,1.36582,4.31,1.00
2014.10.17 10:28:13.971,1.36574,1.36582,2.81,1.37
2014.10.17 10:28:14.476,1.36575,1.36582,1.25,1.50
2014.10.17 10:28:15.429,1.36575,1.36583,1.62,1.87
2014.10.17 10:28:16.754,1.3657,1.36577,2.06,1.00
2014.10.17 10:28:16.805,1.3657,1.36577,1.25,1.12
2014.10.17 10:28:17.334,1.36569,1.36576,1.31,1.87
2014.10.17 10:28:17.537,1.36569,1.36576,1.19,2.62
2014.10.17 10:28:17.749,1.36569,1.36576,1.19,2.62
2014.10.17 10:28:18.178,1.36568,1.36576,2.44,2.81
2014.10.17 10:28:20.842,1.36568,1.36575,1.25,1.87
2014.10.17 10:28:21.389,1.36567,1.36575,2.44,2.81
2014.10.17 10:28:22.601,1.36567,1.36575,4.69,1.37
2014.10.17 10:28:23.105,1.36567,1.36574,3.00,1.87
2014.10.17 10:28:23.409,1.36562,1.36568,1.50,1.37
2014.10.17 10:28:23.510,1.36559,1.36566,2.25,1.19
2014.10.17 10:28:23.712,1.36556,1.36564,1.00,1.12
2014.10.17 10:28:24.632,1.36556,1.36563,1.00,1.50
2014.10.17 10:28:25.714,1.36555,1.36563,1.69,1.50
2014.10.17 10:28:29.766,1.36555,1.36563,2.06,2.06
2014.10.17 10:28:30.734,1.36555,1.36562,2.44,1.50
2014.10.17 10:28:31.495,1.36556,1.36564,1.00,4.76
2014.10.17 10:28:32.273,1.36555,1.36563,2.81,1.87
2014.10.17 10:28:33.078,1.36555,1.36562,1.69,2.25
2014.10.17 10:28:33.599,1.36554,1.3656,1.19,1.00
2014.10.17 10:28:34.274,1.36553,1.3656,1.19,1.00
2014.10.17 10:28:34.799,1.36553,1.36558,1.00,1.12
2014.10.17 10:28:35.105,1.3655,1.36558,1.69,1.87
2014.10.17 10:28:35.156,1.3655,1.36558,1.00,1.87
2014.10.17 10:28:35.661,1.36548,1.36556,2.06,1.12
2014.10.17 10:28:36.181,1.36548,1.36557,2.06,1.87
2014.10.17 10:28:40.673,1.36548,1.36556,1.00,2.81
2014.10.17 10:28:41.865,1.36547,1.36554,1.50,2.44
2014.10.17 10:28:42.169,1.36543,1.3655,2.44,1.12
2014.10.17 10:28:43.078,1.36543,1.36552,2.06,1.25
2014.10.17 10:28:43.602,1.36543,1.36552,1.31,1.69
2014.10.17 10:28:44.269,1.36543,1.36552,2.06,1.00
2014.10.17 10:28:44.777,1.36544,1.36552,1.25,1.87
2014.10.17 10:28:45.289,1.36544,1.3655,1.12,1.00
2014.10.17 10:28:45.441,1.36544,1.36552,1.87,1.12
2014.10.17 10:28:46.318,1.36544,1.36552,1.50,1.37
2014.10.17 10:28:46.823,1.36545,1.36552,1.00,1.12
2014.10.17 10:28:48.363,1.36545,1.36554,3.56,2.06
2014.10.17 10:28:48.873,1.36546,1.36554,1.50,1.69
2014.10.17 10:28:49.754,1.36545,1.36552,2.81,1.12
2014.10.17 10:28:50.420,1.36545,1.36554,1.69,1.12
2014.10.17 10:28:50.521,1.36545,1.36554,1.69,1.12
2014.10.17 10:28:51.032,1.36545,1.36554,2.06,1.37
2014.10.17 10:28:51.546,1.36545,1.36552,1.31,1.37
2014.10.17 10:28:54.518,1.36549,1.36553,3.19,2.70
2014.10.17 10:28:54.577,1.36549,1.36559,3.56,2.06
2014.10.17 10:28:55.530,1.36549,1.36559,3.94,2.81
2014.10.17 10:28:56.036,1.36549,1.36558,2.44,1.31
2014.10.17 10:28:56.541,1.3655,1.3656,1.31,3.19
2014.10.17 10:28:58.160,1.36551,1.3656,1.31,2.44
2014.10.17 10:28:58.735,1.36551,1.3656,1.19,1.69
2014.10.17 10:28:58.786,1.36552,1.3656,1.25,1.69
2014.10.17 10:28:59.148,1.36551,1.36559,1.25,1.37
2014.10.17 10:29:00.522,1.36552,1.36559,1.00,1.87
2014.10.17 10:29:01.044,1.36553,1.36558,1.00,1.00
2014.10.17 10:29:02.502,1.36551,1.36558,1.19,1.00
2014.10.17 10:29:02.805,1.36551,1.36557,1.19,1.87
2014.10.17 10:29:02.989,1.36549,1.36556,1.69,1.37
2014.10.17 10:29:03.443,1.36548,1.36554,1.69,1.37
2014.10.17 10:29:04.259,1.36548,1.36553,1.25,1.12
2014.10.17 10:29:04.562,1.36547,1.36551,1.00,1.37
2014.10.17 10:29:04.614,1.36545,1.36551,2.44,1.50
2014.10.17 10:29:04.665,1.36545,1.36551,1.00,1.37
2014.10.17 10:29:04.716,1.36543,1.3655,1.00,1.75
2014.10.17 10:29:05.170,1.3654,1.36549,1.25,2.81
2014.10.17 10:29:05.574,1.3654,1.36543,1.00,1.00
2014.10.17 10:29:07.122,1.36537,1.36543,1.19,1.00
2014.10.17 10:29:07.176,1.36535,1.36543,3.19,1.00
2014.10.17 10:29:07.747,1.36535,1.36543,3.94,1.12
2014.10.17 10:29:09.068,1.36535,1.36544,3.19,1.31
2014.10.17 10:29:09.270,1.36535,1.36542,3.00,1.62
2014.10.17 10:29:09.776,1.36535,1.36542,1.50,1.69
2014.10.17 10:29:10.130,1.36534,1.3654,1.00,1.00
2014.10.17 10:29:10.383,1.36537,1.36544,1.00,1.31
2014.10.17 10:29:10.897,1.36536,1.36545,1.00,1.19
2014.10.17 10:29:12.798,1.36536,1.36544,1.00,1.62
2014.10.17 10:29:13.303,1.36536,1.36543,1.00,1.37
2014.10.17 10:29:13.815,1.36536,1.36543,1.69,1.37
2014.10.17 10:29:14.429,1.36536,1.36543,1.50,1.37
2014.10.17 10:29:15.180,1.36535,1.36541,2.44,1.37
2014.10.17 10:29:15.686,1.36536,1.36541,1.00,1.12
2014.10.17 10:29:16.503,1.36537,1.36541,1.00,1.12
2014.10.17 10:29:16.812,1.36535,1.36541,1.50,1.87
2014.10.17 10:29:17.482,1.36536,1.36541,1.00,1.37
2014.10.17 10:29:18.354,1.36535,1.36541,1.50,1.37
2014.10.17 10:29:18.455,1.36537,1.36544,1.00,2.06
2014.10.17 10:29:20.017,1.36533,1.36535,1.00,1.00
2014.10.17 10:29:20.068,1.3653,1.36535,1.00,1.50
2014.10.17 10:29:20.170,1.36527,1.3653,1.00,1.00
2014.10.17 10:29:20.271,1.36528,1.36533,1.00,1.50
2014.10.17 10:29:20.424,1.36529,1.36536,1.25,2.06
2014.10.17 10:29:21.442,1.36527,1.36534,1.12,1.62
2014.10.17 10:29:21.746,1.36527,1.3653,1.00,1.87
2014.10.17 10:29:21.797,1.36525,1.3653,1.00,1.87
2014.10.17 10:29:22.303,1.36524,1.3653,1.00,1.00
2014.10.17 10:29:22.556,1.36522,1.36528,1.50,1.31
2014.10.17 10:29:23.765,1.36523,1.36529,1.00,4.31
2014.10.17 10:29:24.084,1.36521,1.36526,2.25,1.00
2014.10.17 10:29:24.649,1.36521,1.36525,1.50,1.00
2014.10.17 10:29:25.545,1.36521,1.36528,1.50,1.12
2014.10.17 10:29:25.748,1.36521,1.36526,1.50,1.00
2014.10.17 10:29:26.840,1.3652,1.36525,1.69,1.00
2014.10.17 10:29:27.095,1.36517,1.36523,1.00,1.00
2014.10.17 10:29:27.882,1.36515,1.36519,1.00,1.50
2014.10.17 10:29:27.933,1.36512,1.36519,1.25,1.50
2014.10.17 10:29:28.034,1.36514,1.36519,1.00,1.50
2014.10.17 10:29:28.186,1.36512,1.36519,1.25,1.50
2014.10.17 10:29:28.761,1.36511,1.36519,1.00,1.50
2014.10.17 10:29:29.266,1.36512,1.36519,1.00,1.50
2014.10.17 10:29:29.889,1.36512,1.36519,1.00,2.25
2014.10.17 10:29:30.096,1.36515,1.3652,1.00,1.50
2014.10.17 10:29:30.298,1.36518,1.36524,1.00,1.12
2014.10.17 10:29:30.500,1.36517,1.36522,1.00,1.00
2014.10.17 10:29:30.551,1.36514,1.36522,3.56,1.50
2014.10.17 10:29:31.074,1.36514,1.36521,1.50,1.00
2014.10.17 10:29:31.125,1.36513,1.36519,1.00,1.00
2014.10.17 10:29:31.378,1.36507,1.36515,3.19,1.50
2014.10.17 10:29:32.725,1.36507,1.36515,1.25,2.06
2014.10.17 10:29:33.246,1.36506,1.36514,1.25,1.62
2014.10.17 10:29:33.832,1.36506,1.36514,1.25,1.31
2014.10.17 10:29:34.434,1.36506,1.36511,1.25,1.00
2014.10.17 10:29:34.738,1.36503,1.36508,1.00,1.12
2014.10.17 10:29:34.788,1.36501,1.36508,1.25,1.12
2014.10.17 10:29:35.293,1.36501,1.36509,2.44,1.12
2014.10.17 10:29:36.231,1.36501,1.3651,1.69,2.44
2014.10.17 10:29:36.944,1.36504,1.36511,1.00,2.06
2014.10.17 10:29:37.517,1.36504,1.3651,1.00,1.37
2014.10.17 10:29:40.564,1.36505,1.3651,1.50,1.37
2014.10.17 10:29:40.867,1.36504,1.3651,1.12,1.37
2014.10.17 10:29:41.395,1.36503,1.3651,1.50,1.37
2014.10.17 10:29:43.017,1.36503,1.36511,1.50,3.94
2014.10.17 10:29:43.522,1.36503,1.3651,1.00,1.62
2014.10.17 10:29:43.827,1.365,1.36505,1.50,1.19
2014.10.17 10:29:43.928,1.36498,1.36505,1.00,1.31
2014.10.17 10:29:44.181,1.36496,1.36505,1.50,1.69
2014.10.17 10:29:45.376,1.36496,1.36504,1.50,2.06
2014.10.17 10:29:45.882,1.36496,1.36503,1.50,1.12
2014.10.17 10:29:46.401,1.36496,1.36504,1.50,1.87
2014.10.17 10:29:46.452,1.36496,1.36504,1.50,1.50
2014.10.17 10:29:46.554,1.365,1.36504,1.00,1.00
2014.10.17 10:29:46.756,1.36503,1.36509,1.00,2.62
2014.10.17 10:29:48.004,1.36505,1.36511,1.00,2.81
2014.10.17 10:29:48.992,1.36505,1.3651,1.50,1.37
2014.10.17 10:29:49.093,1.36505,1.36511,1.50,1.00
2014.10.17 10:29:49.611,1.36506,1.36512,1.50,3.00
2014.10.17 10:29:50.666,1.36506,1.36511,1.50,1.00
2014.10.17 10:29:50.869,1.36504,1.3651,1.00,1.00
2014.10.17 10:29:50.920,1.36502,1.36509,1.25,1.37
2014.10.17 10:29:51.224,1.36497,1.36502,1.00,1.25
2014.10.17 10:29:51.274,1.36494,1.36502,1.25,1.25
2014.10.17 10:29:51.376,1.36493,1.36499,1.25,1.00
2014.10.17 10:29:51.881,1.36493,1.36499,1.00,1.19
2014.10.17 10:29:52.404,1.36492,1.36499,2.25,2.06
2014.10.17 10:29:53.067,1.36493,1.365,1.00,5.06
2014.10.17 10:29:53.536,1.36493,1.36499,1.50,1.12
2014.10.17 10:29:54.047,1.36493,1.36499,1.50,1.37
2014.10.17 10:29:54.557,1.36493,1.36499,1.50,1.37
2014.10.17 10:29:54.912,1.36493,1.36499,1.50,1.12
2014.10.17 10:29:55.114,1.36493,1.365,1.50,2.81
2014.10.17 10:29:55.732,1.36493,1.36498,1.50,1.12
2014.10.17 10:29:56.237,1.36494,1.36497,1.00,1.00
2014.10.17 10:29:56.439,1.36494,1.36499,1.00,1.31
2014.10.17 10:29:57.787,1.36492,1.36496,1.25,1.12
2014.10.17 10:29:58.092,1.36492,1.36494,1.25,1.50
2014.10.17 10:29:59.636,1.36492,1.36496,1.00,1.12
2014.10.17 10:30:00.162,1.36493,1.36496,1.00,1.12
2014.10.17 10:30:00.415,1.36494,1.365,1.00,2.81
2014.10.17 10:30:00.667,1.36494,1.36501,1.00,2.44
2014.10.17 10:30:02.346,1.36494,1.36497,1.50,1.12
2014.10.17 10:30:02.853,1.36493,1.36498,1.69,1.37
2014.10.17 10:30:03.393,1.36494,1.36498,2.25,1.37
2014.10.17 10:30:05.640,1.36494,1.36499,1.00,4.01
2014.10.17 10:30:05.691,1.36496,1.36499,1.00,1.19
2014.10.17 10:30:05.742,1.36499,1.36501,1.00,1.50
2014.10.17 10:30:05.793,1.365,1.36504,1.00,1.25
2014.10.17 10:30:05.894,1.36502,1.36505,1.00,3.00
2014.10.17 10:30:06.096,1.36504,1.36506,1.00,2.25
2014.10.17 10:30:06.147,1.36505,1.36509,1.00,3.19
2014.10.17 10:30:06.248,1.36505,1.3651,1.00,1.00
2014.10.17 10:30:06.780,1.36505,1.36512,1.50,2.06
2014.10.17 10:30:07.343,1.36505,1.36509,1.00,1.00
2014.10.17 10:30:07.646,1.36503,1.36509,1.50,1.37
2014.10.17 10:30:07.856,1.36504,1.36508,1.00,1.12
2014.10.17 10:30:07.907,1.36506,1.36508,1.00,1.12
2014.10.17 10:30:08.059,1.36509,1.36512,1.50,1.00
2014.10.17 10:30:08.110,1.36509,1.36514,1.50,1.12
2014.10.17 10:30:08.312,1.36511,1.36517,1.00,2.25
2014.10.17 10:30:08.828,1.36512,1.36518,1.00,2.06
2014.10.17 10:30:10.419,1.36511,1.36516,1.50,1.25
2014.10.17 10:30:11.617,1.36512,1.36518,1.00,2.44
2014.10.17 10:30:11.820,1.36513,1.36518,1.00,1.25
2014.10.17 10:30:12.022,1.36514,1.3652,1.50,1.31
2014.10.17 10:30:12.073,1.36514,1.36516,1.00,1.50
2014.10.17 10:30:12.124,1.3651,1.36513,2.25,1.00
2014.10.17 10:30:12.225,1.36511,1.36515,1.69,1.00
2014.10.17 10:30:12.327,1.36512,1.36518,1.69,2.25
2014.10.17 10:30:12.378,1.36514,1.36518,1.00,1.00
2014.10.17 10:30:12.915,1.36514,1.36519,1.50,1.69
2014.10.17 10:30:14.324,1.36514,1.3652,1.50,2.25
2014.10.17 10:30:16.785,1.36513,1.3652,1.00,2.25
2014.10.17 10:30:17.289,1.36514,1.36522,1.69,3.94
2014.10.17 10:30:18.438,1.36514,1.36521,2.44,1.31
2014.10.17 10:30:18.741,1.36512,1.36517,2.81,1.00
2014.10.17 10:30:19.352,1.36514,1.36517,1.00,1.00
2014.10.17 10:30:19.453,1.36514,1.3652,1.50,1.62
2014.10.17 10:30:19.958,1.36514,1.36521,1.50,1.31
2014.10.17 10:30:20.746,1.36514,1.36522,1.69,4.69
2014.10.17 10:30:21.251,1.36514,1.36522,1.69,4.69
2014.10.17 10:30:21.789,1.36515,1.36521,1.00,1.62
2014.10.17 10:30:25.112,1.36515,1.36522,1.00,4.69
2014.10.17 10:30:26.613,1.36516,1.36522,1.00,2.06
2014.10.17 10:30:26.815,1.36518,1.36522,1.00,1.87
2014.10.17 10:30:27.119,1.36523,1.36528,1.00,3.19
2014.10.17 10:30:27.473,1.36524,1.3653,1.50,1.69
2014.10.17 10:30:27.978,1.36525,1.36531,1.25,1.00
2014.10.17 10:30:28.498,1.36525,1.36532,1.25,2.06
2014.10.17 10:30:30.386,1.36526,1.36533,1.00,2.81
2014.10.17 10:30:30.968,1.36527,1.36533,1.69,1.12
2014.10.17 10:30:33.365,1.36528,1.36533,1.00,1.00
2014.10.17 10:30:33.416,1.36528,1.36536,1.00,2.81
2014.10.17 10:30:35.520,1.36528,1.36536,1.25,1.31
2014.10.17 10:30:35.882,1.36528,1.36536,1.25,1.56
2014.10.17 10:30:36.388,1.36528,1.36535,1.25,2.81
2014.10.17 10:30:40.506,1.36528,1.36534,1.00,2.25
2014.10.17 10:30:40.607,1.36525,1.36534,1.69,2.25
2014.10.17 10:30:41.130,1.36526,1.36534,1.19,2.44
2014.10.17 10:30:42.611,1.36526,1.36534,1.19,2.44
2014.10.17 10:30:42.864,1.36524,1.36534,2.06,2.44
2014.10.17 10:30:43.833,1.36524,1.36533,2.44,1.37
2014.10.17 10:30:44.817,1.36524,1.36533,2.06,1.37
2014.10.17 10:30:45.327,1.36525,1.36533,1.19,1.37
2014.10.17 10:30:48.058,1.36524,1.36532,1.69,2.25
2014.10.17 10:30:48.620,1.36524,1.36533,1.69,1.87
2014.10.17 10:30:49.528,1.36524,1.36533,1.19,2.06
2014.10.17 10:30:51.512,1.36524,1.36531,1.19,1.12
2014.10.17 10:30:53.621,1.36525,1.36532,1.25,1.50
2014.10.17 10:30:54.107,1.36522,1.36529,2.62,1.37
2014.10.17 10:30:54.158,1.36522,1.36527,2.25,1.00
2014.10.17 10:30:54.562,1.36521,1.3653,1.25,2.44
2014.10.17 10:30:55.212,1.36522,1.36531,1.19,1.69
2014.10.17 10:30:55.954,1.36522,1.36527,1.19,1.12
2014.10.17 10:30:56.460,1.36522,1.3653,1.25,1.62
2014.10.17 10:30:57.084,1.36522,1.36531,1.25,2.81
2014.10.17 10:30:57.590,1.36522,1.36531,1.69,1.87
2014.10.17 10:30:57.997,1.36522,1.36531,1.69,1.12
2014.10.17 10:30:59.486,1.36523,1.36531,1.19,1.87
2014.10.17 10:31:00.562,1.36523,1.36529,1.19,1.00
2014.10.17 10:31:01.793,1.36523,1.36531,1.19,1.69
2014.10.17 10:31:02.046,1.36524,1.36529,1.25,1.00
2014.10.17 10:31:03.236,1.36524,1.36527,1.25,1.00
2014.10.17 10:31:03.440,1.36524,1.36529,1.00,1.00
2014.10.17 10:31:03.493,1.36524,1.36526,1.00,1.87
2014.10.17 10:31:03.646,1.3652,1.36526,1.00,4.31
2014.10.17 10:31:03.849,1.36519,1.36525,1.00,2.25
2014.10.17 10:31:03.950,1.36519,1.36526,1.00,3.94
2014.10.17 10:31:04.051,1.36515,1.36526,2.44,3.94
2014.10.17 10:31:04.254,1.36518,1.36526,1.00,2.06
2014.10.17 10:31:04.557,1.3652,1.36529,2.25,1.69
2014.10.17 10:31:05.063,1.36521,1.3653,2.06,2.44
2014.10.17 10:31:05.605,1.36523,1.36531,1.31,2.06
2014.10.17 10:31:06.422,1.36523,1.36531,2.06,2.06
2014.10.17 10:31:08.408,1.36524,1.36531,1.69,1.62
2014.10.17 10:31:08.980,1.36524,1.3653,1.69,1.12
2014.10.17 10:31:09.131,1.36524,1.36532,1.69,2.25
2014.10.17 10:31:09.233,1.36524,1.36532,1.69,2.62
2014.10.17 10:31:11.522,1.36524,1.3653,1.50,1.12
2014.10.17 10:31:13.168,1.36524,1.36531,1.50,1.12
2014.10.17 10:31:13.683,1.36523,1.36531,2.44,1.87
2014.10.17 10:31:15.279,1.36523,1.36531,2.06,1.87
2014.10.17 10:31:15.783,1.36522,1.3653,1.69,2.62
2014.10.17 10:31:16.295,1.36522,1.3653,1.69,2.62
2014.10.17 10:31:16.548,1.36522,1.3653,1.69,2.44
2014.10.17 10:31:16.750,1.36522,1.3653,1.69,2.81
2014.10.17 10:31:17.053,1.36522,1.3653,1.69,2.81
2014.10.17 10:31:17.558,1.36522,1.3653,1.69,2.06
2014.10.17 10:31:18.270,1.36523,1.3653,2.06,1.25
2014.10.17 10:31:19.162,1.36523,1.3653,2.06,1.62
2014.10.17 10:31:19.724,1.36523,1.3653,2.06,1.31
2014.10.17 10:31:22.053,1.36523,1.36531,4.01,2.06
2014.10.17 10:31:22.670,1.36525,1.36531,1.00,1.62
2014.10.17 10:31:23.175,1.36525,1.36531,1.00,1.62
2014.10.17 10:31:23.784,1.36525,1.36531,1.00,1.25
2014.10.17 10:31:26.510,1.36525,1.36531,1.00,2.06
2014.10.17 10:31:27.470,1.36523,1.36532,4.01,2.06
2014.10.17 10:31:29.742,1.36523,1.3653,4.01,1.00
2014.10.17 10:31:31.098,1.36521,1.36529,5.51,1.00
2014.10.17 10:31:32.967,1.36521,1.36529,2.44,2.44
2014.10.17 10:31:33.494,1.36521,1.36529,2.44,2.25
2014.10.17 10:31:34.006,1.36521,1.36529,2.44,3.37
2014.10.17 10:31:36.443,1.36521,1.36525,1.50,1.00
2014.10.17 10:31:36.595,1.36518,1.36523,2.44,1.00
2014.10.17 10:31:37.651,1.36519,1.36524,1.00,1.00
2014.10.17 10:31:38.152,1.36519,1.36527,1.50,2.06
2014.10.17 10:31:38.455,1.36519,1.36527,1.50,1.31
2014.10.17 10:31:38.964,1.3652,1.36528,1.00,2.06
2014.10.17 10:31:39.469,1.36522,1.36529,1.12,1.37
2014.10.17 10:31:40.002,1.36523,1.36529,1.12,2.62
2014.10.17 10:31:40.511,1.36523,1.36529,1.31,1.87
2014.10.17 10:31:41.700,1.36523,1.36529,1.69,1.87
2014.10.17 10:31:41.902,1.36521,1.36527,1.50,1.12
2014.10.17 10:31:42.105,1.36521,1.36523,1.00,1.00
2014.10.17 10:31:42.206,1.3652,1.36524,2.62,1.50
2014.10.17 10:31:42.307,1.3652,1.36527,1.50,2.25
2014.10.17 10:31:42.359,1.3652,1.36523,1.00,1.00
2014.10.17 10:31:42.461,1.3652,1.36528,2.06,1.69
2014.10.17 10:31:42.562,1.3652,1.36524,2.81,1.00
2014.10.17 10:31:42.663,1.36519,1.36522,2.25,1.00
2014.10.17 10:31:44.225,1.36518,1.36522,3.75,1.00
2014.10.17 10:31:45.759,1.36516,1.36522,1.12,2.25
2014.10.17 10:31:45.860,1.36517,1.36522,1.19,2.25
2014.10.17 10:31:46.734,1.36516,1.36522,1.12,1.50
2014.10.17 10:31:47.990,1.36516,1.3652,1.31,1.00
2014.10.17 10:31:48.092,1.36514,1.3652,1.69,1.00
2014.10.17 10:31:48.647,1.36512,1.3652,2.81,1.69
2014.10.17 10:31:48.799,1.36512,1.36517,1.31,1.00
2014.10.17 10:31:48.901,1.3651,1.36517,1.69,1.12
2014.10.17 10:31:50.120,1.36509,1.36517,2.44,1.25
2014.10.17 10:31:51.229,1.36509,1.36518,3.56,1.12
2014.10.17 10:31:51.854,1.36509,1.36518,2.81,1.12
2014.10.17 10:31:52.398,1.3651,1.36518,1.00,1.12
2014.10.17 10:31:52.910,1.36511,1.36519,1.25,3.19
2014.10.17 10:31:55.038,1.3651,1.36518,1.31,1.87
2014.10.17 10:31:55.242,1.3651,1.36516,1.19,1.87
2014.10.17 10:31:55.293,1.36508,1.36516,2.06,1.87
2014.10.17 10:31:55.978,1.36508,1.36516,1.31,2.62
2014.10.17 10:31:56.483,1.36508,1.36515,3.56,1.00
2014.10.17 10:31:56.685,1.3651,1.36518,1.00,2.44
2014.10.17 10:31:59.069,1.36509,1.36517,2.06,1.50
2014.10.17 10:31:59.726,1.36509,1.36517,5.14,2.25
2014.10.17 10:32:02.352,1.36509,1.36516,1.56,2.25
2014.10.17 10:32:02.503,1.36508,1.36515,1.25,2.06
2014.10.17 10:32:03.009,1.36507,1.36514,1.31,1.00
2014.10.17 10:32:03.800,1.36506,1.36514,2.06,1.00
2014.10.17 10:32:05.672,1.36507,1.36515,1.87,1.25
2014.10.17 10:32:05.773,1.36509,1.36517,1.87,3.94
2014.10.17 10:32:06.278,1.36509,1.36517,2.81,2.25
2014.10.17 10:32:06.807,1.36509,1.36517,2.81,2.62
2014.10.17 10:32:08.099,1.36511,1.36517,1.12,1.00
2014.10.17 10:32:08.402,1.36514,1.3652,1.00,1.25
2014.10.17 10:32:08.907,1.36514,1.36521,1.25,2.25
2014.10.17 10:32:09.438,1.36513,1.3652,1.19,1.00
2014.10.17 10:32:10.074,1.36511,1.36518,3.94,1.00
2014.10.17 10:32:10.580,1.3651,1.36517,1.19,2.25
2014.10.17 10:32:10.732,1.36509,1.36515,1.19,1.12
2014.10.17 10:32:11.238,1.36509,1.36514,1.19,1.00
2014.10.17 10:32:11.643,1.36507,1.36514,2.06,1.50
2014.10.17 10:32:18.657,1.36507,1.36515,2.06,2.25
2014.10.17 10:32:19.169,1.36507,1.36515,2.06,2.25
2014.10.17 10:32:19.937,1.36508,1.36514,1.31,1.00
2014.10.17 10:32:20.747,1.36507,1.36514,4.31,1.00
2014.10.17 10:32:20.848,1.36507,1.36514,5.06,1.00
2014.10.17 10:32:21.312,1.36507,1.36514,5.06,1.00
2014.10.17 10:32:22.602,1.36508,1.36515,1.31,1.12
2014.10.17 10:32:22.654,1.36508,1.36515,1.62,1.50
2014.10.17 10:32:23.940,1.36508,1.36515,1.19,2.25
2014.10.17 10:32:24.474,1.36508,1.36514,1.19,2.25
2014.10.17 10:32:24.777,1.36507,1.36514,2.81,1.00
2014.10.17 10:32:25.823,1.3651,1.36515,1.12,1.12
2014.10.17 10:32:26.026,1.3651,1.36517,1.25,1.50
2014.10.17 10:32:26.228,1.36511,1.36519,1.69,3.56
2014.10.17 10:32:27.236,1.36513,1.36519,1.50,1.69
2014.10.17 10:32:27.559,1.36514,1.36521,1.19,2.25
2014.10.17 10:32:27.863,1.36514,1.36517,1.00,1.50
2014.10.17 10:32:29.170,1.36515,1.36518,1.31,1.00
2014.10.17 10:32:29.827,1.36515,1.36518,1.25,1.50
2014.10.17 10:32:30.509,1.36515,1.36519,1.00,1.50
2014.10.17 10:32:31.047,1.36513,1.36519,2.81,1.50
2014.10.17 10:32:31.300,1.36516,1.3652,1.19,1.50
2014.10.17 10:32:31.452,1.36516,1.36523,2.06,1.00
2014.10.17 10:32:31.655,1.36517,1.36525,1.31,1.25
2014.10.17 10:32:32.091,1.36518,1.36525,2.06,1.00
2014.10.17 10:32:32.142,1.36519,1.36528,2.06,3.94
2014.10.17 10:32:33.102,1.3652,1.36527,1.19,1.87
2014.10.17 10:32:33.512,1.36519,1.36527,2.81,1.87
2014.10.17 10:32:35.242,1.36519,1.36527,3.19,1.87
2014.10.17 10:32:35.546,1.3652,1.36528,1.25,1.31
2014.10.17 10:32:36.204,1.36518,1.36528,3.19,3.56
2014.10.17 10:32:36.507,1.36518,1.36524,2.06,1.50
2014.10.17 10:32:37.012,1.36518,1.36525,1.19,1.87
2014.10.17 10:32:37.215,1.36517,1.36525,1.25,2.06
2014.10.17 10:32:37.821,1.36516,1.36523,1.69,1.00
2014.10.17 10:32:38.350,1.36516,1.36524,2.44,1.12
2014.10.17 10:32:38.716,1.36518,1.36526,1.62,2.06
2014.10.17 10:32:39.948,1.36519,1.36527,3.00,1.69
2014.10.17 10:32:39.999,1.36519,1.36528,2.06,2.25
2014.10.17 10:32:40.101,1.36521,1.36528,1.37,1.00
2014.10.17 10:32:40.643,1.36522,1.36529,1.31,2.25
2014.10.17 10:32:41.149,1.36522,1.36529,2.81,1.00
2014.10.17 10:32:42.078,1.3652,1.3653,3.56,3.00
2014.10.17 10:32:42.624,1.36522,1.36529,1.31,1.00
2014.10.17 10:32:43.168,1.36522,1.3653,1.31,1.50
2014.10.17 10:32:44.051,1.36522,1.3653,2.06,1.25
2014.10.17 10:32:44.768,1.36522,1.36529,1.19,1.00
2014.10.17 10:32:45.071,1.36518,1.36525,1.50,1.12
2014.10.17 10:32:45.575,1.36519,1.36526,1.00,2.44
2014.10.17 10:32:45.909,1.36519,1.36523,1.00,1.00
2014.10.17 10:32:46.010,1.36516,1.36522,1.25,1.00
2014.10.17 10:32:46.515,1.36514,1.36521,1.69,1.50
2014.10.17 10:32:47.994,1.36513,1.36521,2.44,1.87
2014.10.17 10:32:48.047,1.36513,1.36519,1.31,1.00
2014.10.17 10:32:48.554,1.36512,1.3652,1.87,1.87
2014.10.17 10:32:49.372,1.36511,1.3652,1.62,2.81
2014.10.17 10:32:51.271,1.36513,1.3652,1.12,6.26
2014.10.17 10:32:52.543,1.36512,1.36515,1.00,1.00
2014.10.17 10:32:52.595,1.36508,1.36514,2.44,1.12
2014.10.17 10:32:53.117,1.36507,1.36514,2.06,1.50
2014.10.17 10:32:53.624,1.36507,1.36513,1.62,1.00
2014.10.17 10:32:53.776,1.36505,1.36512,1.50,1.87
2014.10.17 10:32:53.878,1.36502,1.36509,2.06,1.12
2014.10.17 10:32:54.181,1.36503,1.36509,1.37,1.00
2014.10.17 10:32:55.571,1.36503,1.36509,1.37,3.00
2014.10.17 10:32:56.102,1.36502,1.36508,2.06,1.50
2014.10.17 10:32:56.608,1.36502,1.36509,1.37,3.56
2014.10.17 10:32:56.980,1.36502,1.36507,1.00,2.70
2014.10.17 10:32:57.031,1.365,1.36504,2.25,1.00
2014.10.17 10:32:57.081,1.365,1.36504,1.87,1.00
2014.10.17 10:32:57.385,1.36501,1.36504,1.50,1.00
2014.10.17 10:32:57.436,1.36497,1.36504,2.06,2.25
2014.10.17 10:32:57.486,1.36496,1.36502,1.50,1.50
2014.10.17 10:32:57.800,1.36492,1.36498,1.25,1.00
2014.10.17 10:32:58.933,1.3649,1.36498,3.56,1.00
2014.10.17 10:33:00.324,1.36491,1.36498,1.31,1.00
2014.10.17 10:33:00.847,1.36491,1.36499,2.81,1.69
2014.10.17 10:33:01.349,1.36491,1.36499,2.06,1.50
2014.10.17 10:33:01.653,1.36491,1.36499,2.06,1.50
2014.10.17 10:33:02.200,1.36492,1.365,1.87,3.19
2014.10.17 10:33:03.235,1.36492,1.36499,1.62,1.50
2014.10.17 10:33:03.749,1.36491,1.36499,3.56,1.50
2014.10.17 10:33:04.791,1.36491,1.36499,3.56,1.50
2014.10.17 10:33:05.512,1.36491,1.36498,1.62,1.50
2014.10.17 10:33:05.815,1.36488,1.36493,1.87,1.00
2014.10.17 10:33:05.866,1.36486,1.36492,2.25,1.00
2014.10.17 10:33:06.069,1.36484,1.3649,1.25,1.00
2014.10.17 10:33:06.880,1.36486,1.3649,1.00,1.00
2014.10.17 10:33:07.084,1.36482,1.3649,2.44,1.00
2014.10.17 10:33:08.249,1.36482,1.3649,1.12,1.25
2014.10.17 10:33:09.025,1.36482,1.3649,1.12,1.69
2014.10.17 10:33:09.545,1.36482,1.3649,1.50,1.69
2014.10.17 10:33:10.055,1.36484,1.3649,1.50,1.69
2014.10.17 10:33:10.723,1.36486,1.3649,1.00,2.44
2014.10.17 10:33:10.875,1.36484,1.3649,1.50,1.50
2014.10.17 10:33:11.279,1.36486,1.3649,1.00,1.00
2014.10.17 10:33:11.644,1.36486,1.36492,1.00,1.87
2014.10.17 10:33:11.745,1.36486,1.3649,1.00,1.00
2014.10.17 10:33:12.631,1.36489,1.36495,1.12,1.19
2014.10.17 10:33:12.682,1.36489,1.36497,1.87,1.56
2014.10.17 10:33:13.373,1.36492,1.36497,1.00,1.56
2014.10.17 10:33:14.342,1.36492,1.36498,1.00,2.06
2014.10.17 10:33:15.466,1.36492,1.36497,1.00,1.00
2014.10.17 10:33:15.971,1.36492,1.36499,1.12,4.31
2014.10.17 10:33:17.264,1.36493,1.36499,1.37,1.69
2014.10.17 10:33:17.987,1.36493,1.36499,1.12,1.19
2014.10.17 10:33:19.689,1.36494,1.36499,1.00,1.69
2014.10.17 10:33:20.600,1.36493,1.36499,1.12,2.44
2014.10.17 10:33:20.910,1.36494,1.36499,1.87,1.19
2014.10.17 10:33:21.468,1.36494,1.36499,1.87,1.19
2014.10.17 10:33:21.772,1.36494,1.365,1.12,1.69
2014.10.17 10:33:22.783,1.36494,1.36501,1.12,3.56
2014.10.17 10:33:23.516,1.36495,1.36501,1.50,3.56
2014.10.17 10:33:24.492,1.36494,1.36501,1.87,3.56
2014.10.17 10:33:25.048,1.36498,1.36501,1.25,1.87
2014.10.17 10:33:25.557,1.36498,1.36502,1.25,2.62
2014.10.17 10:33:30.692,1.36497,1.36502,1.12,3.37
2014.10.17 10:33:31.877,1.36497,1.36501,1.50,1.00
2014.10.17 10:33:32.787,1.36496,1.36501,1.25,1.00
2014.10.17 10:33:33.121,1.36498,1.36501,1.50,1.00
2014.10.17 10:33:33.627,1.36496,1.36501,1.69,1.50
2014.10.17 10:33:33.677,1.36496,1.36499,1.69,1.00
2014.10.17 10:33:34.204,1.36495,1.36499,1.00,1.00
2014.10.17 10:33:35.446,1.36495,1.36498,1.00,1.00
2014.10.17 10:33:37.102,1.36494,1.36498,1.00,1.00
2014.10.17 10:33:37.656,1.36491,1.36499,1.87,3.37
2014.10.17 10:33:38.521,1.36491,1.36496,1.00,1.00
2014.10.17 10:33:43.433,1.36493,1.36498,1.00,4.76
2014.10.17 10:33:43.483,1.36493,1.36498,1.00,1.69
2014.10.17 10:33:43.534,1.36495,1.36498,1.00,1.25
2014.10.17 10:33:43.889,1.36497,1.365,1.50,2.25
2014.10.17 10:33:44.344,1.36499,1.365,1.50,1.00
2014.10.17 10:33:44.878,1.36498,1.36501,1.50,1.00
2014.10.17 10:33:46.266,1.36497,1.36501,1.50,1.00
2014.10.17 10:33:46.570,1.36503,1.36506,1.00,1.00
2014.10.17 10:33:46.874,1.36507,1.36512,1.50,5.44
2014.10.17 10:33:47.177,1.3651,1.36515,1.50,1.19
2014.10.17 10:33:47.963,1.3651,1.36515,1.00,1.56
2014.10.17 10:33:48.575,1.3651,1.36515,1.50,2.06
2014.10.17 10:33:49.086,1.3651,1.36515,1.87,2.06
2014.10.17 10:33:49.492,1.36512,1.36514,1.00,1.25
2014.10.17 10:33:50.470,1.36511,1.36514,1.50,1.25
2014.10.17 10:33:50.672,1.36509,1.36514,1.50,1.25
2014.10.17 10:33:57.408,1.36509,1.36516,1.50,2.06
2014.10.17 10:33:57.459,1.36511,1.36516,1.00,2.06
2014.10.17 10:33:58.663,1.36512,1.36516,1.00,2.06
2014.10.17 10:33:58.967,1.36517,1.36518,1.00,1.00
2014.10.17 10:33:59.018,1.36517,1.36521,1.00,1.00
2014.10.17 10:33:59.069,1.36519,1.36521,1.50,1.00
2014.10.17 10:33:59.120,1.36519,1.36523,1.50,1.25
2014.10.17 10:33:59.473,1.36521,1.36526,1.00,3.56
2014.10.17 10:33:59.981,1.36522,1.36526,1.00,2.44
2014.10.17 10:34:00.284,1.36519,1.36522,1.50,1.00
2014.10.17 10:34:00.385,1.36519,1.36524,1.50,1.00
2014.10.17 10:34:00.662,1.36521,1.36522,1.50,1.00
2014.10.17 10:34:00.715,1.36521,1.36525,1.50,1.00
2014.10.17 10:34:01.022,1.36519,1.36523,1.00,1.00
2014.10.17 10:34:01.531,1.36521,1.36525,1.00,1.31
2014.10.17 10:34:01.683,1.36522,1.36527,1.50,1.00
2014.10.17 10:34:05.848,1.36522,1.36528,1.50,1.25
2014.10.17 10:34:12.127,1.36523,1.36529,1.50,3.19
2014.10.17 10:34:12.645,1.36523,1.36529,1.50,1.00
2014.10.17 10:34:16.346,1.36521,1.36529,1.50,1.50
2014.10.17 10:34:17.664,1.36521,1.36527,1.50,1.00
2014.10.17 10:34:18.725,1.3652,1.36524,1.50,1.00
2014.10.17 10:34:19.766,1.3652,1.36526,1.12,1.19
2014.10.17 10:34:20.285,1.3652,1.36527,1.12,1.19
2014.10.17 10:34:21.000,1.3652,1.36528,1.12,1.69
2014.10.17 10:34:22.230,1.36521,1.36528,1.00,2.44
2014.10.17 10:34:22.736,1.36522,1.36529,1.00,2.06
2014.10.17 10:34:24.511,1.36522,1.3653,1.50,6.19
2014.10.17 10:34:24.815,1.3652,1.36528,1.69,1.50
2014.10.17 10:34:24.966,1.3652,1.36527,1.00,2.06
2014.10.17 10:34:25.471,1.36519,1.36524,1.50,1.00
2014.10.17 10:34:26.932,1.36517,1.36526,1.87,2.81
2014.10.17 10:34:28.252,1.36519,1.36525,1.00,1.31
2014.10.17 10:34:28.555,1.36521,1.36525,1.00,1.69
2014.10.17 10:34:28.707,1.36519,1.36525,1.12,1.69
2014.10.17 10:34:29.213,1.3652,1.36525,1.00,1.19
2014.10.17 10:34:29.415,1.3652,1.36527,1.50,1.25
2014.10.17 10:34:29.567,1.36522,1.36528,1.50,3.94
2014.10.17 10:34:29.871,1.36525,1.3653,1.00,1.69
2014.10.17 10:34:30.175,1.36523,1.36529,1.50,1.25
2014.10.17 10:34:30.698,1.36525,1.3653,1.00,1.19
2014.10.17 10:34:31.001,1.36528,1.36535,1.00,3.94
2014.10.17 10:34:32.278,1.36528,1.36535,1.00,4.31
2014.10.17 10:34:35.018,1.36528,1.36535,1.00,1.69
2014.10.17 10:34:36.057,1.36528,1.36535,1.00,1.69
2014.10.17 10:34:36.684,1.36528,1.36533,1.00,1.00
2014.10.17 10:34:38.020,1.36527,1.36533,1.25,1.87
2014.10.17 10:34:38.425,1.36527,1.36531,1.00,1.00
2014.10.17 10:34:38.939,1.36528,1.36531,1.00,1.00
2014.10.17 10:34:39.443,1.36527,1.36531,1.00,1.00
2014.10.17 10:34:39.544,1.36527,1.36534,1.00,1.50
2014.10.17 10:34:40.137,1.36528,1.36535,1.00,1.25
2014.10.17 10:34:40.188,1.36528,1.36533,1.00,1.00
2014.10.17 10:34:42.800,1.36526,1.36533,1.69,1.00
2014.10.17 10:34:43.339,1.36526,1.36533,1.69,1.25
2014.10.17 10:34:44.683,1.36528,1.36533,1.50,1.25
2014.10.17 10:34:45.415,1.36527,1.36533,1.50,1.62
2014.10.17 10:34:45.819,1.36525,1.36533,1.69,3.56
2014.10.17 10:34:46.022,1.36524,1.3653,1.50,1.37
2014.10.17 10:34:46.123,1.36522,1.3653,2.44,2.62
2014.10.17 10:34:46.376,1.36521,1.36528,1.00,1.69
2014.10.17 10:34:46.730,1.36518,1.36525,1.69,1.00
2014.10.17 10:34:46.882,1.36517,1.36524,1.00,1.50
2014.10.17 10:34:46.933,1.36515,1.36523,2.44,1.87
2014.10.17 10:34:47.236,1.36512,1.36517,1.00,1.69
2014.10.17 10:34:48.061,1.36509,1.36517,2.44,2.44
2014.10.17 10:34:48.213,1.36511,1.36517,1.00,1.69
2014.10.17 10:34:48.466,1.36512,1.36519,1.87,1.69
2014.10.17 10:34:49.574,1.36511,1.36519,3.00,1.25
2014.10.17 10:34:51.763,1.36511,1.3652,3.19,1.31
2014.10.17 10:34:53.052,1.36513,1.3652,1.00,1.25
2014.10.17 10:34:53.557,1.36515,1.36521,1.00,2.06
2014.10.17 10:34:55.601,1.36516,1.36521,1.00,1.00
2014.10.17 10:34:55.905,1.3652,1.36523,1.00,1.25
2014.10.17 10:34:57.208,1.36518,1.36525,1.50,1.87
2014.10.17 10:34:58.118,1.36518,1.36526,1.50,4.69
2014.10.17 10:34:58.461,1.3652,1.36526,1.00,3.94
2014.10.17 10:34:58.981,1.3652,1.36525,1.50,1.19
2014.10.17 10:35:00.345,1.36519,1.36524,1.00,1.31
2014.10.17 10:35:00.752,1.36519,1.36523,1.00,1.37
2014.10.17 10:35:01.162,1.36517,1.36522,1.50,1.00
2014.10.17 10:35:01.668,1.36516,1.36521,1.50,1.31
2014.10.17 10:35:04.362,1.36516,1.36521,1.50,2.06
2014.10.17 10:35:04.966,1.36516,1.36521,1.50,1.31
2014.10.17 10:35:05.471,1.36516,1.36521,1.50,2.81
2014.10.17 10:35:07.245,1.36516,1.36521,1.50,1.31
2014.10.17 10:35:09.553,1.36522,1.36527,2.50,1.19
2014.10.17 10:35:09.605,1.36525,1.36527,1.00,1.19
2014.10.17 10:35:09.757,1.36525,1.3653,1.00,3.94
2014.10.17 10:35:10.271,1.36525,1.36529,1.00,1.69
2014.10.17 10:35:11.666,1.36524,1.36529,1.00,1.69
2014.10.17 10:35:11.767,1.36524,1.36528,1.00,1.31
2014.10.17 10:35:12.122,1.36521,1.36528,1.50,3.56
2014.10.17 10:35:12.172,1.36521,1.36526,1.00,2.06
2014.10.17 10:35:12.274,1.36517,1.36526,2.81,5.44
2014.10.17 10:35:12.577,1.36519,1.36524,1.12,1.00
2014.10.17 10:35:13.082,1.36519,1.36526,1.00,2.44
2014.10.17 10:35:13.385,1.36522,1.36527,1.50,1.19
2014.10.17 10:35:13.688,1.36522,1.36528,1.50,1.69
2014.10.17 10:35:14.201,1.36523,1.36529,1.50,2.06
2014.10.17 10:35:14.715,1.36523,1.36528,1.50,1.62
2014.10.17 10:35:14.967,1.36525,1.36529,1.00,1.19
2014.10.17 10:35:15.648,1.36525,1.36529,1.50,1.25
2014.10.17 10:35:15.951,1.36527,1.3653,1.00,1.31
2014.10.17 10:35:16.002,1.36525,1.3653,1.00,1.19
2014.10.17 10:35:16.663,1.36525,1.3653,1.00,1.25
2014.10.17 10:35:17.670,1.36525,1.3653,1.00,1.19
2014.10.17 10:35:18.662,1.36525,1.36531,1.50,3.19
2014.10.17 10:35:19.171,1.36525,1.36529,1.50,1.00
2014.10.17 10:35:20.336,1.36524,1.36529,1.50,1.00
2014.10.17 10:35:20.848,1.36524,1.36529,1.50,1.19
2014.10.17 10:35:22.670,1.36524,1.36529,1.50,1.25
2014.10.17 10:35:25.679,1.36524,1.36529,1.50,1.69
2014.10.17 10:35:26.559,1.36525,1.36529,1.00,1.19
2014.10.17 10:35:27.199,1.36524,1.3653,1.00,3.94
2014.10.17 10:35:28.371,1.36523,1.36529,1.00,1.56
2014.10.17 10:35:28.674,1.36524,1.36526,1.00,1.00
2014.10.17 10:35:29.761,1.36522,1.36525,1.50,1.00
2014.10.17 10:35:30.737,1.36522,1.36528,1.50,1.69
2014.10.17 10:35:31.900,1.36522,1.36528,1.50,1.31
2014.10.17 10:35:32.153,1.36521,1.36526,1.50,1.00
2014.10.17 10:35:32.630,1.36519,1.36522,1.00,1.00
2014.10.17 10:35:32.682,1.36517,1.36522,1.12,1.00
2014.10.17 10:35:33.238,1.36517,1.36524,1.50,3.19
2014.10.17 10:35:33.339,1.36519,1.36523,1.00,1.25
2014.10.17 10:35:34.685,1.36521,1.36524,1.00,2.44
2014.10.17 10:35:34.989,1.36524,1.36526,1.00,1.00
2014.10.17 10:35:35.091,1.36525,1.36529,1.00,2.44
2014.10.17 10:35:35.616,1.36524,1.36528,1.00,1.25
2014.10.17 10:35:36.142,1.36524,1.36527,1.00,1.00
2014.10.17 10:35:36.899,1.36522,1.36526,1.87,1.00
2014.10.17 10:35:37.202,1.3652,1.36526,1.50,1.25
2014.10.17 10:35:38.175,1.3652,1.36526,1.50,1.69
2014.10.17 10:35:38.662,1.36518,1.36523,1.50,1.00
2014.10.17 10:35:39.170,1.36517,1.36523,1.00,3.75
2014.10.17 10:35:39.675,1.36517,1.36523,1.00,3.19
2014.10.17 10:35:40.559,1.36517,1.36523,1.00,3.19
2014.10.17 10:35:41.586,1.36517,1.36523,1.00,3.19
2014.10.17 10:35:44.696,1.36517,1.36522,1.00,1.19
2014.10.17 10:35:47.711,1.36516,1.36522,1.00,1.69
2014.10.17 10:35:48.014,1.36515,1.3652,1.50,1.19
2014.10.17 10:35:48.885,1.36515,1.36521,1.50,1.69
2014.10.17 10:35:50.912,1.36515,1.3652,1.50,1.19
2014.10.17 10:35:52.869,1.36515,1.36519,1.50,1.25
2014.10.17 10:35:56.930,1.36515,1.36519,1.50,1.19
2014.10.17 10:35:57.920,1.36515,1.3652,1.50,1.19
2014.10.17 10:35:59.455,1.36515,1.36521,1.50,1.19
2014.10.17 10:36:00.115,1.36515,1.36521,1.50,1.19
2014.10.17 10:36:02.542,1.36514,1.36521,1.50,1.19
2014.10.17 10:36:02.745,1.36516,1.36521,1.50,1.19
2014.10.17 10:36:04.478,1.36517,1.36521,1.00,1.19
2014.10.17 10:36:04.529,1.36517,1.36523,1.00,2.81
2014.10.17 10:36:05.034,1.36518,1.36524,1.00,3.19
2014.10.17 10:36:05.186,1.36521,1.36524,1.00,1.19
2014.10.17 10:36:05.237,1.36521,1.36525,1.00,1.00
2014.10.17 10:36:05.388,1.36523,1.36526,1.00,1.25
2014.10.17 10:36:05.894,1.36524,1.36528,1.50,1.31
2014.10.17 10:36:08.650,1.36523,1.36529,1.50,2.06
2014.10.17 10:36:10.876,1.36522,1.36528,1.12,1.69
2014.10.17 10:36:11.736,1.3652,1.36526,1.37,2.06
2014.10.17 10:36:12.003,1.36519,1.36526,1.00,1.31
2014.10.17 10:36:12.055,1.36519,1.36525,1.00,1.19
2014.10.17 10:36:12.309,1.36516,1.36523,1.50,1.31
2014.10.17 10:36:12.814,1.36517,1.36523,1.00,1.31
2014.10.17 10:36:13.337,1.36517,1.36523,1.00,1.31
2014.10.17 10:36:14.404,1.36519,1.36523,1.50,1.31
2014.10.17 10:36:15.074,1.36522,1.36525,1.00,1.69
2014.10.17 10:36:15.379,1.36524,1.36529,1.00,2.06
2014.10.17 10:36:16.530,1.36525,1.36529,1.00,1.62
2014.10.17 10:36:18.324,1.36524,1.3653,1.50,2.81
2014.10.17 10:36:18.829,1.36524,1.3653,1.50,2.81
2014.10.17 10:36:24.240,1.36523,1.36529,1.50,1.19
2014.10.17 10:36:24.771,1.36523,1.3653,1.50,2.81
2014.10.17 10:36:25.216,1.36525,1.3653,1.00,1.31
2014.10.17 10:36:25.519,1.36529,1.36532,1.00,1.56
2014.10.17 10:36:25.722,1.3653,1.36535,1.00,4.31
2014.10.17 10:36:26.604,1.3653,1.36535,1.00,1.31
2014.10.17 10:36:27.591,1.3653,1.36535,1.00,1.31
2014.10.17 10:36:28.613,1.3653,1.36535,1.00,2.06
2014.10.17 10:36:29.119,1.36529,1.36535,1.00,2.06
2014.10.17 10:36:29.623,1.36528,1.36535,1.00,1.31
2014.10.17 10:36:31.635,1.36528,1.36535,1.00,2.81
2014.10.17 10:36:32.165,1.36529,1.36535,1.00,1.31
2014.10.17 10:36:32.345,1.36531,1.36535,1.00,1.31
2014.10.17 10:36:32.648,1.36536,1.36538,1.50,1.00
2014.10.17 10:36:32.800,1.3654,1.36543,1.00,1.50
2014.10.17 10:36:32.852,1.36541,1.36545,1.50,1.00
2014.10.17 10:36:33.369,1.36541,1.36547,2.25,1.19
2014.10.17 10:36:33.521,1.36543,1.36547,1.00,1.19
2014.10.17 10:36:33.825,1.36548,1.36551,1.00,1.50
2014.10.17 10:36:33.927,1.36551,1.36555,1.00,2.25
2014.10.17 10:36:34.179,1.3655,1.36555,1.50,1.00
2014.10.17 10:36:34.685,1.36551,1.36555,1.00,1.00
2014.10.17 10:36:35.190,1.36551,1.36556,1.00,1.50
2014.10.17 10:36:35.639,1.36549,1.36556,1.00,4.69
2014.10.17 10:36:37.139,1.36549,1.36555,1.00,2.06
2014.10.17 10:36:37.646,1.36548,1.36554,1.00,1.62
2014.10.17 10:36:37.848,1.36546,1.36552,1.00,2.06
2014.10.17 10:36:37.899,1.36545,1.36549,1.00,1.00
2014.10.17 10:36:37.950,1.36542,1.36549,1.87,1.12
2014.10.17 10:36:38.052,1.36541,1.36548,1.87,1.00
2014.10.17 10:36:38.104,1.36541,1.36546,1.87,1.00
2014.10.17 10:36:38.256,1.36539,1.36546,1.69,1.50
2014.10.17 10:36:38.785,1.36539,1.36547,1.69,2.06
2014.10.17 10:36:38.988,1.36539,1.36547,1.25,1.69
2014.10.17 10:36:39.291,1.36536,1.36542,1.00,4.31
2014.10.17 10:36:39.392,1.36534,1.36541,1.00,1.31
2014.10.17 10:36:40.261,1.36535,1.3654,1.00,1.87
2014.10.17 10:36:40.463,1.36533,1.36537,1.00,1.00
2014.10.17 10:36:40.766,1.36533,1.3654,1.00,1.87
2014.10.17 10:36:41.289,1.36534,1.36542,1.50,5.06
2014.10.17 10:36:41.593,1.36537,1.3654,1.50,1.19
2014.10.17 10:36:41.643,1.36537,1.36542,1.50,1.69
2014.10.17 10:36:41.795,1.3654,1.36542,1.50,1.50
2014.10.17 10:36:41.997,1.36538,1.36544,1.50,2.44
2014.10.17 10:36:42.527,1.36538,1.36545,1.50,1.19
2014.10.17 10:36:42.679,1.3654,1.36545,1.50,1.19
2014.10.17 10:36:44.501,1.3654,1.36546,1.50,2.44
2014.10.17 10:36:45.525,1.36541,1.36546,1.12,2.44
2014.10.17 10:36:45.778,1.36543,1.36547,1.00,2.81
2014.10.17 10:36:46.285,1.36542,1.36547,1.50,2.81
2014.10.17 10:36:46.793,1.36541,1.36546,1.50,1.12
2014.10.17 10:36:47.656,1.36541,1.36547,1.50,2.81
2014.10.17 10:36:49.108,1.36542,1.36546,1.00,1.00
2014.10.17 10:36:49.651,1.36541,1.36546,1.00,1.25
2014.10.17 10:36:49.955,1.36546,1.36549,1.00,1.00
2014.10.17 10:36:50.056,1.36549,1.36551,1.50,1.12
2014.10.17 10:36:50.309,1.3655,1.36552,1.00,1.50
2014.10.17 10:36:50.360,1.36551,1.36555,1.00,1.69
2014.10.17 10:36:50.461,1.36552,1.36556,1.50,1.69
2014.10.17 10:36:50.562,1.36552,1.36558,1.50,2.62
2014.10.17 10:36:51.017,1.3655,1.36557,1.69,1.31
2014.10.17 10:36:51.926,1.36552,1.36557,1.00,1.31
2014.10.17 10:36:53.392,1.36551,1.36557,1.50,1.00
2014.10.17 10:36:53.853,1.36565,1.36569,2.69,1.00
2014.10.17 10:36:54.021,1.3657,1.36574,1.00,1.00
2014.10.17 10:36:54.224,1.36573,1.36578,1.00,1.50
2014.10.17 10:36:54.325,1.36579,1.36582,1.00,1.87
2014.10.17 10:36:54.427,1.36582,1.36585,2.50,1.00
2014.10.17 10:36:54.478,1.36586,1.3659,1.00,1.37
2014.10.17 10:36:54.530,1.36587,1.3659,1.25,1.00
2014.10.17 10:36:54.632,1.36588,1.36592,1.00,1.00
2014.10.17 10:36:54.733,1.36594,1.36599,1.50,1.00
2014.10.17 10:36:54.784,1.36597,1.36601,1.00,2.62
2014.10.17 10:36:54.939,1.366,1.36605,1.50,1.00
2014.10.17 10:36:55.091,1.366,1.36607,1.69,1.00
2014.10.17 10:36:55.446,1.36598,1.36601,1.50,1.00
2014.10.17 10:36:55.547,1.36595,1.366,3.00,1.00
2014.10.17 10:36:55.800,1.36595,1.36604,1.50,1.56
2014.10.17 10:36:56.384,1.36592,1.366,1.69,1.00
2014.10.17 10:36:56.437,1.36592,1.36604,1.69,2.81
2014.10.17 10:36:56.488,1.36595,1.36604,1.50,2.81
2014.10.17 10:36:56.791,1.36595,1.36601,1.50,1.00
2014.10.17 10:36:57.095,1.36595,1.36599,1.50,1.00
2014.10.17 10:36:57.246,1.36592,1.36597,1.50,1.00
2014.10.17 10:36:57.348,1.36592,1.36594,1.00,1.00
2014.10.17 10:36:57.500,1.36586,1.36591,3.00,1.00
2014.10.17 10:36:58.005,1.36585,1.36591,1.69,1.00
2014.10.17 10:36:58.208,1.36585,1.36593,1.69,1.25
2014.10.17 10:36:59.019,1.36588,1.36593,1.00,1.25
2014.10.17 10:37:01.401,1.36593,1.366,5.69,1.00
2014.10.17 10:37:01.453,1.36599,1.36606,1.00,1.25
2014.10.17 10:37:01.604,1.36599,1.36603,1.00,1.00
2014.10.17 10:37:02.273,1.36599,1.36606,1.50,1.25
2014.10.17 10:37:03.056,1.36599,1.36605,1.00,1.25
2014.10.17 10:37:03.258,1.36599,1.36604,1.00,1.69
2014.10.17 10:37:03.461,1.36597,1.36603,1.50,1.19
2014.10.17 10:37:03.714,1.366,1.36603,1.00,1.19
2014.10.17 10:37:03.815,1.36598,1.36603,1.50,1.19
2014.10.17 10:37:04.320,1.36598,1.36604,1.50,1.19
2014.10.17 10:37:04.724,1.36596,1.36603,1.00,1.25
2014.10.17 10:37:05.085,1.36599,1.36602,1.00,1.00
2014.10.17 10:37:05.135,1.36599,1.36606,1.50,1.31
2014.10.17 10:37:05.489,1.366,1.36607,1.87,1.00
2014.10.17 10:37:05.540,1.36602,1.36607,1.00,1.00
2014.10.17 10:37:06.045,1.36601,1.36608,1.00,1.00
2014.10.17 10:37:06.806,1.366,1.36608,1.31,1.00
2014.10.17 10:37:07.110,1.36597,1.36602,2.25,1.00
2014.10.17 10:37:07.871,1.36594,1.36604,2.44,1.00
2014.10.17 10:37:08.174,1.36597,1.36604,1.00,1.19
2014.10.17 10:37:08.690,1.36596,1.36603,1.50,1.25
2014.10.17 10:37:09.615,1.36596,1.36603,1.00,1.25
2014.10.17 10:37:09.918,1.36599,1.36605,1.12,1.00
2014.10.17 10:37:10.171,1.36605,1.36612,2.25,1.69
2014.10.17 10:37:10.474,1.36605,1.36612,6.00,1.69
2014.10.17 10:37:10.525,1.36605,1.36612,6.25,1.69
2014.10.17 10:37:10.828,1.36607,1.36615,2.25,1.19
2014.10.17 10:37:11.132,1.36611,1.36615,1.50,1.00
2014.10.17 10:37:13.463,1.36609,1.36615,1.25,1.00
2014.10.17 10:37:13.867,1.36611,1.36614,1.00,1.00
2014.10.17 10:37:13.969,1.36609,1.36615,1.00,1.00
2014.10.17 10:37:14.486,1.36609,1.36617,1.00,3.19
2014.10.17 10:37:14.997,1.3661,1.36615,1.00,1.00
2014.10.17 10:37:15.710,1.36609,1.36616,1.12,1.00
2014.10.17 10:37:16.217,1.3661,1.36617,1.50,1.25
2014.10.17 10:37:17.656,1.3661,1.36616,1.50,1.00
2014.10.17 10:37:17.858,1.3661,1.36618,2.62,1.00
2014.10.17 10:37:17.909,1.36612,1.36618,1.00,1.00
2014.10.17 10:37:18.213,1.36614,1.36615,1.00,1.00
2014.10.17 10:37:18.264,1.3661,1.36615,1.50,1.00
2014.10.17 10:37:18.315,1.36612,1.36615,1.00,1.00
2014.10.17 10:37:18.416,1.3661,1.36615,1.50,1.00
2014.10.17 10:37:18.517,1.3661,1.36617,1.87,1.25
2014.10.17 10:37:19.516,1.36611,1.36619,1.50,1.69
2014.10.17 10:37:20.375,1.36611,1.36619,2.25,1.25
2014.10.17 10:37:21.284,1.36611,1.36617,1.50,1.19
2014.10.17 10:37:21.587,1.36608,1.36617,1.12,1.19
2014.10.17 10:37:21.840,1.3661,1.36617,1.00,2.44
2014.10.17 10:37:22.677,1.3661,1.36616,1.12,1.19
2014.10.17 10:37:24.323,1.36607,1.36615,1.69,2.44
2014.10.17 10:37:24.828,1.36607,1.36615,1.50,3.19
2014.10.17 10:37:24.929,1.36609,1.36615,1.00,2.44
2014.10.17 10:37:25.081,1.36607,1.36615,1.50,2.44
2014.10.17 10:37:25.789,1.36607,1.36615,1.50,3.19
2014.10.17 10:37:26.928,1.36607,1.36615,1.50,2.44
2014.10.17 10:37:27.432,1.36607,1.36615,2.25,2.44
2014.10.17 10:37:28.115,1.36606,1.36614,1.31,1.69
2014.10.17 10:37:28.689,1.36605,1.36614,1.69,2.44
2014.10.17 10:37:29.207,1.36604,1.36612,2.44,1.69
2014.10.17 10:37:29.712,1.36604,1.36611,1.19,1.00
2014.10.17 10:37:30.017,1.36603,1.36611,1.25,1.25
2014.10.17 10:37:30.219,1.36603,1.36609,1.25,1.00
2014.10.17 10:37:30.943,1.36602,1.36607,1.50,1.50
2014.10.17 10:37:30.994,1.366,1.36607,2.06,1.50
2014.10.17 10:37:31.045,1.366,1.36603,1.12,1.00
2014.10.17 10:37:31.146,1.36599,1.36604,1.50,1.25
2014.10.17 10:37:31.248,1.36597,1.36602,1.00,1.00
2014.10.17 10:37:31.501,1.3659,1.36597,2.62,1.19
2014.10.17 10:37:32.319,1.36586,1.36597,1.31,1.69
2014.10.17 10:37:33.958,1.36585,1.36595,3.56,1.00
2014.10.17 10:37:35.144,1.36585,1.36595,3.94,2.06
2014.10.17 10:37:35.667,1.36585,1.36593,3.19,1.12
2014.10.17 10:37:36.976,1.36586,1.36595,1.00,2.06
2014.10.17 10:37:37.855,1.36586,1.36595,1.87,1.69
2014.10.17 10:37:38.365,1.36586,1.36595,2.44,1.62
2014.10.17 10:37:38.882,1.36586,1.36595,2.44,1.31
2014.10.17 10:37:39.387,1.36586,1.36595,2.44,1.37
2014.10.17 10:37:39.741,1.36587,1.36596,1.00,2.06
2014.10.17 10:37:40.045,1.36586,1.36593,1.50,1.37
2014.10.17 10:37:40.248,1.36584,1.36592,1.00,3.19
2014.10.17 10:37:40.349,1.36582,1.3659,1.87,1.19
2014.10.17 10:37:40.804,1.36584,1.36591,1.12,1.19
2014.10.17 10:37:41.760,1.36584,1.36594,2.25,4.31
2014.10.17 10:37:42.657,1.36584,1.36594,1.50,3.56
2014.10.17 10:37:43.062,1.36589,1.36595,1.00,3.19
2014.10.17 10:37:43.366,1.36598,1.36601,1.19,1.00
2014.10.17 10:37:43.417,1.36598,1.36604,1.19,1.50
2014.10.17 10:37:43.468,1.36601,1.36604,1.19,1.50
2014.10.17 10:37:43.519,1.36601,1.36606,1.19,1.00
2014.10.17 10:37:43.569,1.36604,1.36606,1.19,1.00
2014.10.17 10:37:43.620,1.36604,1.36608,1.19,1.00
2014.10.17 10:37:43.671,1.36606,1.36608,1.19,1.00
2014.10.17 10:37:43.722,1.36606,1.36611,1.19,4.50
2014.10.17 10:37:43.925,1.36606,1.36614,1.19,2.06
2014.10.17 10:37:44.733,1.36603,1.36609,2.89,2.25
2014.10.17 10:37:44.834,1.36601,1.36605,1.00,1.00
2014.10.17 10:37:44.936,1.36598,1.36607,1.50,2.06
2014.10.17 10:37:45.998,1.36598,1.3661,3.94,3.94
2014.10.17 10:37:46.048,1.36599,1.3661,4.01,2.81
2014.10.17 10:37:46.352,1.36603,1.36611,1.00,2.44
2014.10.17 10:37:46.655,1.36601,1.36608,1.00,1.87
2014.10.17 10:37:46.757,1.36599,1.36608,1.69,1.37
2014.10.17 10:37:47.211,1.36598,1.36603,1.00,1.00
2014.10.17 10:37:47.413,1.36598,1.36607,1.00,2.81
2014.10.17 10:37:47.515,1.36597,1.36606,1.69,1.37
2014.10.17 10:37:47.818,1.36594,1.36602,3.94,1.37
2014.10.17 10:37:49.882,1.36594,1.366,1.25,1.00
2014.10.17 10:37:49.933,1.36595,1.36603,1.00,1.19
2014.10.17 10:37:50.492,1.36596,1.36603,1.50,1.19
2014.10.17 10:37:50.594,1.36596,1.36604,1.69,1.00
2014.10.17 10:37:50.948,1.36599,1.36606,1.12,2.06
2014.10.17 10:37:51.352,1.36598,1.36606,3.00,2.62
2014.10.17 10:37:51.453,1.36598,1.36605,2.25,1.87
2014.10.17 10:37:51.706,1.36599,1.36607,2.25,2.06
2014.10.17 10:37:51.959,1.36599,1.36607,1.87,2.06
2014.10.17 10:37:52.708,1.36597,1.36602,2.70,1.00
2014.10.17 10:37:52.759,1.36597,1.36602,1.00,1.00
2014.10.17 10:37:52.861,1.36597,1.366,1.00,1.00
2014.10.17 10:37:52.911,1.36594,1.366,1.00,1.00
2014.10.17 10:37:53.417,1.36592,1.36598,3.75,1.00
2014.10.17 10:37:53.722,1.36587,1.36593,1.00,1.25
2014.10.17 10:37:54.228,1.36587,1.36592,1.00,1.50
2014.10.17 10:37:54.834,1.36586,1.36592,2.25,1.25
2014.10.17 10:37:55.347,1.36587,1.36592,1.00,1.69
2014.10.17 10:37:55.889,1.36587,1.36591,1.00,1.12
2014.10.17 10:37:56.394,1.36587,1.36593,1.00,3.94
2014.10.17 10:37:57.006,1.36594,1.36597,1.69,1.00
2014.10.17 10:37:57.057,1.36597,1.36601,2.44,1.00
2014.10.17 10:37:57.158,1.36597,1.36605,2.44,3.75
2014.10.17 10:37:57.310,1.36599,1.36605,1.19,1.50
2014.10.17 10:37:57.462,1.36599,1.36607,1.69,2.25
2014.10.17 10:37:57.917,1.36598,1.36607,1.31,1.19
2014.10.17 10:37:58.996,1.36598,1.36607,1.37,2.06
2014.10.17 10:37:59.567,1.36599,1.36608,1.31,2.81
2014.10.17 10:38:00.084,1.36599,1.36608,1.62,1.69
2014.10.17 10:38:00.589,1.366,1.36608,1.12,1.00
2014.10.17 10:38:01.990,1.36582,1.36588,1.50,2.25
2014.10.17 10:38:02.092,1.36578,1.36583,1.00,2.25
2014.10.17 10:38:02.143,1.36576,1.3658,1.12,1.19
2014.10.17 10:38:02.194,1.36574,1.3658,1.00,1.19
2014.10.17 10:38:02.346,1.36573,1.36579,1.00,1.19
2014.10.17 10:38:02.649,1.36574,1.36581,1.12,2.44
2014.10.17 10:38:03.054,1.36574,1.36582,1.31,1.00
2014.10.17 10:38:03.155,1.36576,1.36583,2.06,1.50
2014.10.17 10:38:03.408,1.36581,1.36589,1.50,1.69
2014.10.17 10:38:03.763,1.36579,1.36587,4.20,1.19
2014.10.17 10:38:03.814,1.36579,1.36587,1.00,1.19
2014.10.17 10:38:04.324,1.36577,1.36586,2.36,1.69
2014.10.17 10:38:04.989,1.36579,1.36586,1.00,1.25
2014.10.17 10:38:05.091,1.36581,1.36587,1.69,1.00
2014.10.17 10:38:05.142,1.36581,1.36589,2.36,1.25
2014.10.17 10:38:05.597,1.36582,1.3659,3.82,1.69
2014.10.17 10:38:05.698,1.36582,1.3659,1.00,1.69
2014.10.17 10:38:06.203,1.36585,1.3659,1.00,1.19
2014.10.17 10:38:06.254,1.36585,1.36591,1.00,1.69
2014.10.17 10:38:06.406,1.36587,1.36591,1.00,1.69
2014.10.17 10:38:06.710,1.36595,1.366,1.00,1.00
2014.10.17 10:38:06.912,1.36595,1.36603,1.50,1.25
2014.10.17 10:38:07.418,1.36596,1.36604,1.31,1.00
2014.10.17 10:38:07.872,1.36596,1.36602,1.25,1.00
2014.10.17 10:38:08.406,1.36596,1.36605,2.44,4.31
2014.10.17 10:38:08.865,1.36596,1.36604,1.50,1.19
2014.10.17 10:38:09.168,1.36596,1.36605,1.50,2.44
2014.10.17 10:38:09.573,1.36596,1.36605,1.50,1.69
2014.10.17 10:38:10.078,1.36597,1.36605,1.12,1.69
2014.10.17 10:38:10.877,1.36597,1.36605,1.12,1.69
2014.10.17 10:38:11.673,1.36596,1.36605,1.25,2.06
2014.10.17 10:38:13.146,1.36596,1.36603,1.69,1.00
2014.10.17 10:38:13.664,1.36597,1.36606,1.69,1.19
2014.10.17 10:38:14.322,1.36597,1.36607,1.69,2.44
2014.10.17 10:38:15.706,1.36595,1.36605,2.44,1.69
2014.10.17 10:38:16.694,1.36595,1.36605,2.44,2.44
2014.10.17 10:38:16.795,1.36594,1.36603,1.87,2.06
2014.10.17 10:38:17.099,1.3659,1.36597,1.00,1.19
2014.10.17 10:38:17.200,1.36593,1.366,1.25,1.00
2014.10.17 10:38:17.729,1.36594,1.36601,1.00,1.25
2014.10.17 10:38:18.235,1.36592,1.366,3.26,1.69
2014.10.17 10:38:18.286,1.36591,1.366,1.69,1.69
2014.10.17 10:38:18.437,1.36591,1.36597,1.19,1.00
2014.10.17 10:38:18.539,1.3659,1.36596,1.50,1.25
2014.10.17 10:38:19.044,1.36589,1.36595,1.00,1.50
2014.10.17 10:38:20.100,1.36589,1.36595,1.00,1.37
2014.10.17 10:38:21.078,1.36589,1.36597,3.37,1.19
2014.10.17 10:38:21.280,1.36589,1.36591,1.50,1.00
2014.10.17 10:38:21.382,1.36587,1.3659,1.87,1.12
2014.10.17 10:38:21.483,1.36587,1.36588,1.50,1.00
2014.10.17 10:38:21.534,1.36583,1.36588,1.50,1.00
2014.10.17 10:38:21.737,1.3658,1.36589,1.50,1.69
2014.10.17 10:38:21.940,1.36578,1.36584,1.00,1.19
2014.10.17 10:38:22.192,1.36574,1.36582,1.87,1.25
2014.10.17 10:38:23.000,1.36574,1.36582,1.00,1.62
2014.10.17 10:38:23.521,1.36573,1.36579,1.25,1.12
2014.10.17 10:38:23.623,1.36573,1.36582,1.25,1.19
2014.10.17 10:38:23.674,1.36574,1.36583,1.19,2.81
2014.10.17 10:38:23.877,1.36577,1.36585,2.25,1.25
2014.10.17 10:38:24.534,1.36576,1.36584,1.00,1.00
2014.10.17 10:38:26.303,1.36576,1.36584,1.12,2.81
2014.10.17 10:38:26.358,1.3658,1.36586,1.00,1.31
2014.10.17 10:38:26.916,1.36579,1.36586,1.00,1.69
2014.10.17 10:38:27.421,1.36578,1.36586,1.50,3.56
2014.10.17 10:38:27.522,1.36576,1.36584,3.19,1.50
2014.10.17 10:38:27.573,1.36578,1.36584,1.00,1.00
2014.10.17 10:38:27.977,1.3658,1.36586,1.00,1.69
2014.10.17 10:38:28.515,1.3658,1.36584,1.00,1.00
2014.10.17 10:38:28.566,1.36576,1.36582,1.00,1.37
2014.10.17 10:38:28.769,1.36573,1.36581,1.69,1.69
2014.10.17 10:38:29.678,1.36573,1.36581,1.50,1.31
2014.10.17 10:38:30.186,1.36575,1.36582,1.00,1.69
2014.10.17 10:38:30.591,1.36577,1.36583,1.00,1.19
2014.10.17 10:38:30.995,1.36575,1.36583,2.25,2.44
2014.10.17 10:38:32.873,1.36581,1.36583,3.07,1.87
2014.10.17 10:38:32.924,1.36584,1.36592,1.69,2.44
2014.10.17 10:38:33.430,1.36582,1.3659,1.50,1.31
2014.10.17 10:38:33.752,1.36584,1.3659,1.00,1.19
2014.10.17 10:38:33.904,1.36586,1.36592,1.00,1.50
2014.10.17 10:38:34.157,1.36585,1.3659,1.19,1.00
2014.10.17 10:38:34.208,1.36584,1.3659,1.00,1.19
2014.10.17 10:38:34.309,1.36584,1.36588,1.00,2.44
2014.10.17 10:38:34.562,1.36575,1.36582,2.25,1.00
2014.10.17 10:38:34.764,1.36574,1.36582,1.00,7.01
2014.10.17 10:38:34.815,1.36572,1.36582,1.69,7.01
2014.10.17 10:38:35.119,1.36571,1.36577,1.50,1.25
2014.10.17 10:38:35.423,1.36563,1.36571,2.81,2.81
2014.10.17 10:38:35.474,1.36565,1.36571,1.00,3.19
2014.10.17 10:38:35.677,1.36563,1.36571,1.69,2.44
2014.10.17 10:38:36.182,1.36563,1.3657,1.69,1.12
2014.10.17 10:38:38.181,1.36565,1.36572,3.19,1.50
2014.10.17 10:38:38.686,1.36565,1.36572,1.69,2.25
2014.10.17 10:38:39.092,1.36565,1.36572,1.25,1.87
2014.10.17 10:38:39.460,1.36567,1.36571,1.25,1.50
2014.10.17 10:38:39.612,1.36567,1.36573,1.69,1.00
2014.10.17 10:38:39.814,1.36565,1.36573,1.50,1.00
2014.10.17 10:38:40.254,1.36565,1.3657,1.50,1.00
2014.10.17 10:38:40.456,1.36562,1.36568,3.19,1.50
2014.10.17 10:38:40.962,1.36561,1.36568,2.25,1.50
2014.10.17 10:38:41.316,1.36561,1.36565,1.50,1.00
2014.10.17 10:38:41.670,1.3656,1.36567,2.25,1.50
2014.10.17 10:38:42.175,1.3656,1.36567,1.50,3.00
2014.10.17 10:38:42.536,1.3656,1.36565,1.50,1.37
2014.10.17 10:38:42.637,1.36559,1.36562,3.07,1.00
2014.10.17 10:38:42.840,1.36561,1.36565,1.00,1.69
2014.10.17 10:38:42.992,1.3656,1.36566,1.50,1.00
2014.10.17 10:38:43.396,1.36557,1.36562,2.06,1.00
2014.10.17 10:38:43.497,1.36554,1.3656,3.00,1.00
2014.10.17 10:38:43.599,1.36553,1.36558,1.19,1.00
2014.10.17 10:38:43.852,1.36551,1.36558,1.69,1.00
2014.10.17 10:38:44.364,1.3655,1.36557,2.44,1.12
2014.10.17 10:38:44.869,1.3655,1.36557,1.69,1.00
2014.10.17 10:38:45.021,1.3655,1.36557,1.25,1.37
2014.10.17 10:38:45.560,1.36548,1.36557,2.81,1.87
2014.10.17 10:38:46.426,1.36552,1.36556,1.12,1.00
2014.10.17 10:38:46.477,1.36553,1.3656,1.25,1.00
2014.10.17 10:38:46.982,1.36554,1.36562,2.25,2.06
2014.10.17 10:38:47.134,1.36556,1.36563,1.00,2.06
2014.10.17 10:38:47.185,1.36556,1.36564,1.12,1.56
2014.10.17 10:38:47.692,1.36555,1.36562,1.25,1.50
2014.10.17 10:38:48.704,1.36556,1.36563,1.00,1.50
2014.10.17 10:38:48.856,1.36556,1.36561,1.00,1.00
2014.10.17 10:38:49.311,1.36554,1.3656,1.31,1.00
2014.10.17 10:38:49.816,1.36554,1.36559,1.25,1.00
2014.10.17 10:38:51.431,1.36552,1.36559,1.31,2.25
2014.10.17 10:38:51.591,1.36551,1.36556,1.19,1.00
2014.10.17 10:38:51.794,1.36551,1.36558,1.69,1.00
2014.10.17 10:38:51.946,1.36551,1.36556,1.19,1.00
2014.10.17 10:38:52.350,1.36551,1.36559,2.44,1.12
2014.10.17 10:38:53.228,1.36552,1.3656,1.25,2.62
2014.10.17 10:38:53.743,1.36551,1.36559,3.56,1.50
2014.10.17 10:38:53.797,1.36551,1.36558,2.81,1.37
2014.10.17 10:38:53.899,1.36551,1.36558,2.06,1.12
2014.10.17 10:38:54.254,1.36547,1.36553,1.19,2.25
2014.10.17 10:38:54.810,1.36547,1.36553,1.19,2.62
2014.10.17 10:38:55.215,1.36547,1.36555,1.69,2.62
2014.10.17 10:38:55.720,1.36549,1.36554,1.25,1.87
2014.10.17 10:38:56.224,1.36549,1.36555,1.25,1.87
2014.10.17 10:38:57.089,1.3655,1.36558,1.00,3.94
2014.10.17 10:38:57.141,1.36551,1.36558,1.25,1.87
2014.10.17 10:38:57.343,1.36552,1.36558,1.19,1.87
2014.10.17 10:38:57.445,1.3655,1.36557,1.69,1.12
2014.10.17 10:38:57.698,1.3655,1.36554,1.00,1.00
2014.10.17 10:38:58.350,1.36544,1.3655,1.00,1.50
2014.10.17 10:38:58.854,1.36543,1.36549,1.25,1.50
2014.10.17 10:38:59.158,1.36542,1.36548,1.31,2.62
2014.10.17 10:38:59.563,1.36539,1.36545,3.94,1.87
2014.10.17 10:38:59.765,1.36539,1.36545,2.44,1.00
2014.10.17 10:39:00.556,1.36538,1.36542,1.25,1.00
2014.10.17 10:39:00.859,1.36541,1.36543,1.19,1.00
2014.10.17 10:39:00.961,1.3654,1.36543,1.50,1.00
2014.10.17 10:39:01.214,1.3654,1.36547,1.69,1.00
2014.10.17 10:39:01.315,1.3654,1.36543,1.19,1.00
2014.10.17 10:39:01.417,1.36542,1.36546,1.25,1.50
2014.10.17 10:39:01.519,1.36541,1.36544,1.69,1.00
2014.10.17 10:39:01.621,1.3654,1.36542,1.00,1.50
2014.10.17 10:39:01.773,1.36537,1.36542,1.50,2.25
2014.10.17 10:39:01.975,1.36538,1.36543,1.69,2.25
2014.10.17 10:39:03.627,1.36537,1.36542,1.25,1.50
2014.10.17 10:39:04.133,1.36536,1.36541,1.19,1.00
2014.10.17 10:39:04.744,1.36537,1.36543,1.25,2.25
2014.10.17 10:39:04.845,1.36537,1.36541,1.25,1.50
2014.10.17 10:39:05.770,1.36536,1.36542,1.69,1.50
2014.10.17 10:39:06.729,1.36537,1.36541,1.25,1.00
2014.10.17 10:39:08.151,1.36537,1.36541,1.19,1.00
2014.10.17 10:39:08.560,1.36538,1.36543,1.19,1.50
2014.10.17 10:39:08.661,1.36539,1.36545,2.06,1.50
2014.10.17 10:39:08.712,1.36541,1.36545,1.00,1.50
2014.10.17 10:39:08.914,1.36537,1.36543,1.50,1.00
2014.10.17 10:39:09.436,1.36537,1.36542,2.25,1.50
2014.10.17 10:39:10.160,1.36537,1.36543,3.75,1.00
2014.10.17 10:39:10.362,1.36537,1.36541,2.44,1.00
2014.10.17 10:39:11.201,1.36537,1.36542,1.19,3.00
2014.10.17 10:39:11.504,1.36538,1.36546,1.69,2.06
2014.10.17 10:39:11.555,1.36538,1.36544,1.25,1.12
2014.10.17 10:39:11.859,1.36537,1.36541,1.19,1.00
2014.10.17 10:39:12.914,1.36536,1.36541,2.06,1.00
2014.10.17 10:39:13.167,1.36534,1.36539,1.19,1.50
2014.10.17 10:39:13.672,1.36534,1.3654,1.19,1.00
2014.10.17 10:39:14.178,1.36534,1.3654,1.25,2.62
2014.10.17 10:39:14.745,1.36534,1.36539,1.25,1.50
2014.10.17 10:39:15.965,1.36535,1.36541,1.19,1.87
2014.10.17 10:39:16.327,1.36533,1.36539,1.25,1.12
2014.10.17 10:39:16.378,1.36532,1.36536,1.69,1.50
2014.10.17 10:39:16.480,1.36531,1.36535,1.25,1.00
2014.10.17 10:39:16.531,1.36531,1.36537,1.25,1.87
2014.10.17 10:39:16.835,1.36532,1.3654,1.00,2.25
2014.10.17 10:39:18.088,1.36533,1.3654,1.25,2.25
2014.10.17 10:39:19.091,1.36533,1.3654,1.19,3.00
2014.10.17 10:39:19.890,1.36533,1.36538,1.19,1.12
2014.10.17 10:39:19.941,1.36531,1.36538,1.69,1.12
2014.10.17 10:39:19.992,1.36531,1.36536,1.69,1.00
2014.10.17 10:39:21.028,1.36531,1.36536,1.19,1.00
2014.10.17 10:39:22.387,1.36532,1.36538,1.25,1.00
2014.10.17 10:39:22.912,1.36532,1.3654,1.69,5.06
2014.10.17 10:39:23.314,1.36532,1.36538,1.19,1.37
2014.10.17 10:39:23.415,1.3653,1.36536,2.06,1.00
2014.10.17 10:39:23.966,1.36533,1.36536,1.00,1.00
2014.10.17 10:39:24.017,1.36533,1.36538,1.50,1.00
2014.10.17 10:39:24.119,1.36533,1.3654,1.50,1.00
2014.10.17 10:39:24.625,1.36534,1.3654,1.37,1.00
2014.10.17 10:39:26.767,1.36534,1.36542,1.69,5.25
2014.10.17 10:39:29.626,1.36535,1.36541,1.19,1.00
2014.10.17 10:39:30.295,1.36535,1.3654,1.19,1.00
2014.10.17 10:39:30.346,1.36534,1.36539,1.00,1.00
2014.10.17 10:39:30.861,1.36533,1.3654,1.69,1.12
2014.10.17 10:39:30.913,1.36535,1.36541,1.00,1.12
2014.10.17 10:39:31.317,1.36533,1.36541,2.44,1.87
2014.10.17 10:39:32.359,1.36534,1.3654,1.19,1.00
2014.10.17 10:39:34.382,1.36533,1.3654,2.81,1.00
2014.10.17 10:39:35.343,1.36534,1.3654,1.19,1.00
2014.10.17 10:39:35.848,1.36534,1.36541,1.19,1.50
2014.10.17 10:39:36.642,1.36534,1.3654,1.25,1.00
2014.10.17 10:39:38.392,1.36534,1.3654,1.19,1.00
2014.10.17 10:39:38.912,1.36534,1.36541,1.19,3.00
2014.10.17 10:39:39.432,1.36533,1.36541,1.19,3.37
2014.10.17 10:39:39.736,1.36533,1.36539,1.19,1.00
2014.10.17 10:39:40.041,1.36533,1.36541,2.06,2.25
2014.10.17 10:39:40.142,1.36534,1.36542,2.06,3.75
2014.10.17 10:39:41.160,1.36536,1.36542,1.19,3.00
2014.10.17 10:39:41.465,1.36538,1.36542,1.19,2.25
2014.10.17 10:39:42.022,1.36539,1.36545,2.44,1.50
2014.10.17 10:39:42.073,1.3654,1.36546,1.62,3.07
2014.10.17 10:39:42.376,1.36539,1.36542,1.00,1.00
2014.10.17 10:39:42.906,1.36538,1.36542,1.00,1.00
2014.10.17 10:39:43.417,1.36537,1.36542,2.25,1.00
2014.10.17 10:39:43.720,1.3654,1.36547,1.69,4.20
2014.10.17 10:39:43.771,1.3654,1.36547,1.69,1.00
2014.10.17 10:39:44.448,1.36542,1.36547,1.00,1.00
2014.10.17 10:39:44.499,1.36542,1.36549,2.06,1.50
2014.10.17 10:39:44.651,1.36543,1.36551,1.87,1.50
2014.10.17 10:39:45.481,1.36545,1.36551,1.25,1.50
2014.10.17 10:39:45.986,1.36545,1.36553,1.69,2.44
2014.10.17 10:39:46.523,1.36546,1.36552,1.25,1.00
2014.10.17 10:39:47.051,1.36546,1.36553,1.25,2.25
2014.10.17 10:39:47.506,1.36544,1.36552,3.19,1.00
2014.10.17 10:39:49.096,1.36545,1.36552,1.56,1.00
2014.10.17 10:39:49.649,1.36548,1.36553,1.25,1.50
2014.10.17 10:39:50.157,1.36547,1.36553,1.25,1.50
2014.10.17 10:39:50.664,1.36547,1.36552,2.06,1.00
2014.10.17 10:39:50.967,1.36549,1.36553,1.25,1.00
2014.10.17 10:39:51.383,1.36549,1.36555,1.31,2.25
2014.10.17 10:39:52.192,1.36549,1.36555,1.25,3.00
2014.10.17 10:39:52.696,1.36547,1.36554,1.69,1.12
2014.10.17 10:39:54.023,1.36547,1.36554,1.25,1.12
2014.10.17 10:39:56.249,1.36547,1.36554,1.19,1.00
2014.10.17 10:39:56.401,1.36546,1.36552,1.31,1.50
2014.10.17 10:39:56.503,1.36544,1.36551,3.19,1.50
2014.10.17 10:39:56.958,1.36544,1.3655,1.19,1.87
2014.10.17 10:39:57.210,1.36545,1.36552,1.25,1.87
2014.10.17 10:39:57.261,1.36547,1.36552,1.00,1.12
2014.10.17 10:39:57.959,1.36547,1.36553,1.69,1.00
2014.10.17 10:39:58.397,1.36548,1.36553,1.37,1.00
2014.10.17 10:39:58.447,1.36548,1.36555,1.37,1.50
2014.10.17 10:39:58.953,1.36551,1.36555,1.19,1.00
2014.10.17 10:39:59.105,1.36551,1.36558,3.19,1.00
2014.10.17 10:39:59.458,1.36555,1.36561,1.19,1.00
2014.10.17 10:39:59.762,1.36557,1.36564,1.19,2.25
2014.10.17 10:40:00.268,1.36557,1.36563,1.19,1.50
2014.10.17 10:40:00.950,1.36556,1.36563,2.44,1.00
2014.10.17 10:40:02.693,1.36556,1.36562,1.19,1.00
2014.10.17 10:40:03.198,1.36555,1.36563,2.06,1.69
2014.10.17 10:40:04.747,1.36555,1.36563,1.25,2.44
2014.10.17 10:40:06.419,1.36552,1.36558,3.94,1.87
2014.10.17 10:40:06.673,1.3655,1.36556,1.50,1.00
2014.10.17 10:40:07.178,1.3655,1.36557,1.00,3.19
2014.10.17 10:40:07.685,1.3655,1.36556,1.00,1.00
2014.10.17 10:40:08.190,1.3655,1.36557,1.00,2.44
2014.10.17 10:40:08.772,1.3655,1.36556,1.00,1.19
2014.10.17 10:40:09.076,1.36545,1.36549,1.00,1.25
2014.10.17 10:40:09.379,1.36543,1.36548,1.50,1.19
2014.10.17 10:40:10.203,1.36543,1.36551,1.50,3.19
2014.10.17 10:40:11.189,1.36543,1.36549,1.00,1.25
2014.10.17 10:40:11.695,1.36542,1.36549,1.00,1.25
2014.10.17 10:40:12.226,1.36542,1.36549,1.12,1.19
2014.10.17 10:40:12.529,1.36544,1.36549,1.37,1.19
2014.10.17 10:40:12.581,1.36544,1.36551,1.87,1.19
2014.10.17 10:40:12.683,1.36545,1.36552,1.00,1.25
2014.10.17 10:40:13.341,1.36544,1.36552,3.56,2.06
2014.10.17 10:40:13.978,1.36545,1.36552,1.00,1.69
2014.10.17 10:40:14.511,1.36545,1.36551,1.00,1.25
2014.10.17 10:40:16.513,1.36546,1.36552,1.00,1.19
2014.10.17 10:40:16.564,1.36547,1.36552,1.37,1.19
2014.10.17 10:40:17.100,1.36546,1.36553,1.87,1.19
2014.10.17 10:40:17.151,1.36546,1.36553,1.50,1.19
2014.10.17 10:40:18.844,1.36546,1.36552,1.00,1.62
2014.10.17 10:40:19.364,1.36545,1.36552,1.50,1.25
2014.10.17 10:40:19.865,1.36546,1.36552,1.00,1.25
2014.10.17 10:40:20.388,1.36545,1.36552,1.50,1.69
2014.10.17 10:40:21.839,1.36545,1.36552,1.50,1.69
2014.10.17 10:40:23.337,1.36543,1.3655,3.37,1.25
2014.10.17 10:40:24.364,1.36543,1.3655,2.25,1.19
2014.10.17 10:40:26.663,1.36542,1.36549,2.62,1.25
2014.10.17 10:40:26.809,1.36542,1.36547,1.12,1.00
2014.10.17 10:40:26.961,1.36539,1.36546,1.69,1.37
2014.10.17 10:40:27.264,1.36537,1.36544,1.50,1.25
2014.10.17 10:40:27.772,1.36536,1.36544,1.31,1.62
2014.10.17 10:40:27.873,1.36536,1.36542,1.00,1.19
2014.10.17 10:40:27.974,1.36534,1.36542,2.06,1.69
2014.10.17 10:40:28.177,1.36532,1.3654,1.00,2.06
2014.10.17 10:40:28.682,1.36531,1.36538,1.00,1.25
2014.10.17 10:40:29.124,1.36529,1.36538,2.06,1.25
2014.10.17 10:40:29.627,1.36529,1.36537,2.06,1.25
2014.10.17 10:40:31.273,1.36529,1.36537,1.87,1.19
2014.10.17 10:40:31.824,1.36529,1.36537,2.06,1.25
2014.10.17 10:40:32.338,1.3653,1.36537,1.50,1.25
2014.10.17 10:40:33.452,1.3653,1.36536,1.00,1.00
2014.10.17 10:40:34.250,1.36529,1.36537,2.62,1.69
2014.10.17 10:40:34.775,1.36529,1.36536,2.62,1.69
2014.10.17 10:40:35.290,1.3653,1.36536,1.00,1.69
2014.10.17 10:40:35.806,1.3653,1.36537,1.00,2.44
2014.10.17 10:40:36.823,1.3653,1.36536,1.50,1.19
2014.10.17 10:40:37.548,1.36531,1.36536,1.00,1.19
2014.10.17 10:40:38.053,1.3653,1.36537,2.25,1.19
2014.10.17 10:40:38.255,1.36532,1.36539,1.50,1.69
2014.10.17 10:40:38.357,1.36534,1.3654,1.00,2.81
2014.10.17 10:40:39.136,1.36535,1.3654,1.00,1.25
2014.10.17 10:40:39.638,1.36534,1.36542,1.00,2.44
2014.10.17 10:40:40.387,1.36535,1.36542,1.00,3.19
2014.10.17 10:40:40.640,1.3653,1.36538,3.19,1.25
2014.10.17 10:40:41.160,1.36532,1.36539,1.50,1.19
2014.10.17 10:40:41.675,1.36535,1.36537,1.00,1.25
2014.10.17 10:40:41.726,1.36535,1.3654,1.12,1.69
2014.10.17 10:40:41.828,1.36536,1.36541,1.00,1.25
2014.10.17 10:40:42.333,1.36536,1.36543,1.00,1.19
2014.10.17 10:40:43.952,1.36536,1.36544,1.00,3.56
2014.10.17 10:40:44.325,1.36536,1.36542,1.00,2.06
2014.10.17 10:40:44.426,1.36533,1.36539,1.00,1.31
2014.10.17 10:40:44.841,1.36531,1.36538,1.25,1.25
2014.10.17 10:40:45.482,1.36533,1.36538,1.00,1.69
2014.10.17 10:40:45.785,1.36538,1.36542,1.00,1.19
2014.10.17 10:40:45.837,1.36538,1.36543,1.50,1.25
2014.10.17 10:40:47.134,1.36538,1.36545,1.50,1.69
2014.10.17 10:40:47.662,1.36537,1.36545,1.50,1.69
2014.10.17 10:40:48.195,1.36537,1.36545,2.25,1.25
2014.10.17 10:40:48.734,1.36537,1.36542,2.25,1.25
2014.10.17 10:40:48.886,1.36534,1.36541,1.00,1.62
2014.10.17 10:40:49.391,1.36534,1.36541,1.00,1.31
2014.10.17 10:40:49.811,1.36538,1.36541,1.00,1.25
2014.10.17 10:40:49.912,1.36536,1.36542,1.00,1.19
2014.10.17 10:40:50.063,1.36534,1.36541,1.00,1.25
2014.10.17 10:40:50.591,1.36533,1.3654,1.50,1.00
2014.10.17 10:40:50.945,1.36532,1.36539,1.00,1.19
2014.10.17 10:40:51.958,1.36536,1.36539,1.00,1.19
2014.10.17 10:40:52.008,1.36536,1.36543,1.50,3.19
2014.10.17 10:40:54.197,1.36537,1.36543,1.12,1.19
2014.10.17 10:40:54.349,1.36538,1.36544,1.00,1.69
2014.10.17 10:40:56.629,1.36537,1.36544,1.00,6.26
2014.10.17 10:40:56.781,1.36537,1.36545,1.69,2.62
2014.10.17 10:40:57.084,1.3654,1.36546,1.25,1.50
2014.10.17 10:40:57.596,1.3654,1.36546,1.00,1.25
2014.10.17 10:40:59.585,1.36541,1.36548,1.00,1.69
2014.10.17 10:41:02.362,1.3654,1.36547,1.69,1.69
2014.10.17 10:41:02.866,1.36541,1.36547,1.50,1.69
2014.10.17 10:41:04.554,1.36542,1.36549,1.00,5.51
2014.10.17 10:41:04.605,1.36542,1.36549,1.69,2.44
2014.10.17 10:41:05.682,1.36541,1.36549,1.69,2.62
2014.10.17 10:41:06.514,1.3654,1.36546,3.19,1.00
2014.10.17 10:41:07.020,1.3654,1.36548,1.69,2.25
2014.10.17 10:41:09.599,1.36539,1.36547,1.50,2.44
2014.10.17 10:41:10.106,1.3654,1.36547,1.50,1.31
2014.10.17 10:41:10.614,1.3654,1.36547,1.00,1.31
2014.10.17 10:41:11.620,1.3654,1.36547,1.25,1.31
2014.10.17 10:41:11.924,1.36543,1.36549,1.00,4.01
2014.10.17 10:41:12.076,1.36544,1.3655,3.37,1.00
2014.10.17 10:41:12.228,1.36545,1.36552,1.50,1.25
2014.10.17 10:41:12.751,1.36546,1.36553,1.00,1.19
2014.10.17 10:41:13.355,1.36546,1.36554,1.25,2.44
2014.10.17 10:41:13.927,1.36547,1.36554,1.50,1.19
2014.10.17 10:41:14.431,1.36547,1.36555,1.50,3.94
2014.10.17 10:41:15.302,1.36548,1.36555,1.00,3.94
2014.10.17 10:41:15.807,1.36549,1.36555,1.50,1.12
2014.10.17 10:41:17.470,1.36549,1.36556,1.50,2.06
2014.10.17 10:41:18.351,1.36548,1.36553,1.25,1.00
2014.10.17 10:41:19.020,1.36549,1.36553,1.00,1.00
2014.10.17 10:41:19.071,1.3655,1.36555,1.00,1.31
2014.10.17 10:41:19.676,1.36551,1.36556,1.00,1.19
2014.10.17 10:41:19.781,1.36551,1.36558,1.00,2.06
2014.10.17 10:41:21.995,1.3655,1.36553,1.50,1.00
2014.10.17 10:41:22.046,1.36548,1.36554,1.00,1.69
2014.10.17 10:41:22.097,1.36546,1.36554,1.00,3.19
2014.10.17 10:41:22.250,1.36544,1.36551,1.50,2.25
2014.10.17 10:41:22.755,1.36543,1.3655,1.69,1.25
2014.10.17 10:41:23.282,1.36543,1.3655,1.50,1.19
2014.10.17 10:41:24.180,1.36542,1.3655,1.31,1.69
2014.10.17 10:41:25.702,1.36543,1.3655,1.00,1.69
2014.10.17 10:41:26.249,1.36542,1.3655,1.69,2.44
2014.10.17 10:41:28.251,1.36542,1.36549,1.50,1.19
2014.10.17 10:41:28.895,1.36544,1.36549,1.00,1.19
2014.10.17 10:41:28.996,1.36543,1.36551,2.81,4.69
2014.10.17 10:41:29.872,1.36542,1.36549,1.50,1.19
2014.10.17 10:41:30.507,1.36541,1.36549,2.25,2.81
2014.10.17 10:41:30.811,1.36539,1.36546,1.69,2.44
2014.10.17 10:41:31.186,1.36539,1.36545,1.00,3.19
2014.10.17 10:41:31.687,1.36539,1.36545,1.00,1.25
2014.10.17 10:41:32.331,1.36538,1.36545,1.00,1.25
2014.10.17 10:41:32.873,1.36537,1.36545,1.50,1.69
2014.10.17 10:41:34.830,1.36538,1.36544,1.00,1.25
2014.10.17 10:41:35.439,1.36538,1.36545,1.00,1.69
2014.10.17 10:41:36.725,1.36537,1.36545,2.25,2.44
2014.10.17 10:41:37.029,1.36537,1.36544,2.25,1.19
2014.10.17 10:41:37.332,1.36535,1.3654,1.00,1.69
2014.10.17 10:41:37.636,1.36533,1.36538,1.00,1.19
2014.10.17 10:41:37.788,1.36531,1.36538,3.00,1.19
2014.10.17 10:41:38.366,1.36532,1.36538,1.00,1.19
2014.10.17 10:41:38.876,1.36531,1.36538,3.00,1.19
2014.10.17 10:41:39.387,1.36531,1.36539,3.00,3.56
2014.10.17 10:41:39.893,1.36532,1.36539,1.50,1.69
2014.10.17 10:41:40.214,1.36535,1.36542,1.50,1.31
2014.10.17 10:41:40.316,1.36536,1.36544,1.50,3.94
2014.10.17 10:41:42.111,1.36536,1.36543,1.37,1.19
2014.10.17 10:41:42.619,1.36536,1.36543,1.12,1.19
2014.10.17 10:41:43.140,1.36535,1.36542,2.25,1.69
2014.10.17 10:41:43.241,1.36534,1.3654,1.00,1.00
2014.10.17 10:41:43.292,1.36532,1.36539,2.06,1.00
2014.10.17 10:41:43.797,1.3653,1.36539,3.94,1.00
2014.10.17 10:41:44.301,1.36531,1.36539,1.50,3.75
2014.10.17 10:41:44.835,1.3653,1.36538,1.69,2.06
2014.10.17 10:41:45.368,1.3653,1.36538,2.25,2.81
2014.10.17 10:41:46.694,1.3653,1.36538,3.19,1.87
2014.10.17 10:41:47.663,1.36532,1.3654,1.00,5.51
2014.10.17 10:41:48.168,1.36532,1.3654,1.12,3.56
2014.10.17 10:41:49.841,1.36534,1.36539,1.00,1.25
2014.10.17 10:41:50.680,1.36533,1.36539,1.00,1.31
2014.10.17 10:41:51.208,1.36533,1.36538,1.00,1.12
2014.10.17 10:41:51.511,1.36532,1.36537,1.50,1.50
2014.10.17 10:41:51.928,1.36535,1.36538,1.50,2.70
2014.10.17 10:41:51.979,1.36536,1.36539,1.50,1.00
2014.10.17 10:41:52.233,1.36533,1.36539,1.50,1.12
2014.10.17 10:41:52.334,1.36531,1.36539,1.50,2.81
2014.10.17 10:41:53.042,1.3653,1.36538,1.69,1.69
2014.10.17 10:41:53.548,1.36529,1.36537,1.25,3.19
2014.10.17 10:41:54.571,1.3653,1.36536,1.50,1.31
2014.10.17 10:41:57.303,1.36529,1.36536,1.00,3.56
2014.10.17 10:41:57.354,1.36526,1.36534,1.50,1.31
2014.10.17 10:41:57.405,1.36524,1.36531,5.06,1.87
2014.10.17 10:41:57.708,1.3652,1.36527,1.50,1.87
2014.10.17 10:41:58.013,1.36515,1.36518,1.00,1.00
2014.10.17 10:41:58.064,1.3651,1.36517,3.00,1.00
2014.10.17 10:41:59.234,1.36511,1.36516,1.00,1.00
2014.10.17 10:42:00.100,1.36511,1.36517,1.00,1.31
2014.10.17 10:42:00.615,1.36512,1.36517,1.12,1.25
2014.10.17 10:42:00.969,1.36515,1.3652,1.00,1.00
2014.10.17 10:42:01.273,1.36519,1.36524,1.00,1.19
2014.10.17 10:42:02.136,1.36518,1.36524,1.00,1.19
2014.10.17 10:42:02.187,1.36518,1.36525,1.00,1.31
2014.10.17 10:42:02.692,1.36517,1.36525,1.50,2.06
2014.10.17 10:42:03.210,1.36517,1.36525,1.50,2.06
2014.10.17 10:42:04.430,1.36515,1.36522,1.00,2.44
2014.10.17 10:42:04.532,1.36511,1.36518,1.87,2.06
2014.10.17 10:42:04.633,1.3651,1.36517,1.50,2.00
2014.10.17 10:42:05.088,1.36509,1.36515,1.00,3.64
2014.10.17 10:42:05.139,1.36507,1.36513,1.25,1.00
2014.10.17 10:42:05.643,1.3651,1.36516,1.00,3.94
2014.10.17 10:42:05.897,1.3651,1.36517,1.50,2.06
2014.10.17 10:42:06.048,1.36514,1.36517,1.00,1.00
2014.10.17 10:42:06.150,1.36516,1.36519,1.00,1.00
2014.10.17 10:42:07.029,1.36516,1.36522,1.50,2.44
2014.10.17 10:42:08.552,1.36517,1.36523,1.00,4.76
2014.10.17 10:42:08.755,1.36519,1.36523,1.00,1.31
2014.10.17 10:42:09.260,1.36519,1.36524,1.50,2.44
2014.10.17 10:42:11.978,1.36518,1.36523,1.00,1.25
2014.10.17 10:42:12.084,1.36516,1.36523,1.69,1.25
2014.10.17 10:42:12.590,1.36516,1.36523,1.87,2.44
2014.10.17 10:42:14.984,1.36516,1.36523,1.87,1.69
2014.10.17 10:42:15.566,1.36516,1.36523,1.50,1.69
2014.10.17 10:42:17.435,1.36516,1.36521,1.50,1.25
2014.10.17 10:42:17.948,1.36515,1.36521,1.00,1.25
2014.10.17 10:42:18.201,1.36517,1.36521,1.00,1.25
2014.10.17 10:42:20.511,1.36516,1.36522,1.00,2.44
2014.10.17 10:42:22.249,1.36515,1.36521,1.50,1.25
2014.10.17 10:42:24.884,1.36516,1.36522,1.50,2.81
2014.10.17 10:42:25.506,1.36517,1.36522,1.00,1.69
2014.10.17 10:42:25.810,1.36523,1.36528,1.00,3.19
2014.10.17 10:42:25.861,1.36521,1.36525,1.50,1.19
2014.10.17 10:42:26.013,1.36519,1.36525,1.50,1.69
2014.10.17 10:42:26.369,1.36521,1.36525,1.50,1.69
2014.10.17 10:42:27.401,1.36521,1.36526,1.50,1.19
2014.10.17 10:42:29.037,1.36522,1.36526,1.50,1.19
2014.10.17 10:42:29.362,1.36523,1.36526,1.00,1.19
2014.10.17 10:42:29.969,1.36523,1.36526,1.50,1.19
2014.10.17 10:42:30.224,1.36523,1.36528,1.50,2.06
2014.10.17 10:42:30.839,1.36524,1.36528,1.50,1.31
2014.10.17 10:42:31.346,1.36524,1.36528,1.50,1.31
2014.10.17 10:42:31.871,1.36523,1.36528,1.00,1.31
2014.10.17 10:42:33.179,1.36521,1.36529,1.69,4.69
2014.10.17 10:42:34.353,1.36524,1.36529,1.00,3.19
2014.10.17 10:42:34.606,1.36526,1.36531,1.12,2.25
2014.10.17 10:42:35.111,1.36526,1.36532,2.62,1.25
2014.10.17 10:42:37.379,1.36524,1.36532,2.44,2.06
2014.10.17 10:42:37.480,1.36524,1.36532,2.06,6.26
2014.10.17 10:42:37.582,1.36523,1.3653,1.00,1.25
2014.10.17 10:42:38.346,1.36523,1.36529,1.00,1.19
2014.10.17 10:42:38.498,1.36521,1.36528,1.50,1.69
2014.10.17 10:42:39.017,1.3652,1.36527,1.50,1.25
2014.10.17 10:42:40.221,1.3652,1.36527,1.12,1.19
2014.10.17 10:42:41.470,1.36519,1.36527,1.87,2.06
2014.10.17 10:42:42.350,1.36519,1.36526,1.87,1.19
2014.10.17 10:42:43.474,1.36519,1.36526,1.00,2.06
2014.10.17 10:42:43.575,1.36518,1.36522,1.00,1.00
2014.10.17 10:42:43.727,1.36513,1.36521,4.69,1.31
2014.10.17 10:42:43.778,1.36513,1.3652,1.00,3.64
2014.10.17 10:42:43.880,1.36511,1.36518,1.00,1.69
2014.10.17 10:42:44.133,1.36509,1.36515,1.00,1.19
2014.10.17 10:42:45.166,1.36509,1.36515,1.00,1.25
2014.10.17 10:42:46.156,1.36509,1.36516,1.00,1.31
2014.10.17 10:42:46.459,1.36503,1.3651,1.00,1.56
2014.10.17 10:42:46.561,1.36501,1.36507,1.00,1.25
2014.10.17 10:42:46.764,1.36499,1.36507,1.00,1.25
2014.10.17 10:42:47.976,1.36499,1.36507,1.00,3.64
2014.10.17 10:42:48.128,1.36495,1.36503,1.00,2.06
2014.10.17 10:42:48.229,1.36492,1.36501,3.19,1.25
2014.10.17 10:42:48.280,1.36492,1.36499,2.25,1.31
2014.10.17 10:42:50.798,1.36492,1.36499,1.19,1.00
2014.10.17 10:42:52.137,1.36492,1.36501,1.19,2.06
2014.10.17 10:42:52.591,1.36491,1.36501,6.26,1.69
2014.10.17 10:42:52.692,1.36495,1.36503,1.69,1.69
2014.10.17 10:42:52.895,1.36498,1.36506,1.00,1.50
2014.10.17 10:42:54.004,1.36498,1.36506,1.19,1.25
2014.10.17 10:42:54.980,1.36498,1.36506,1.25,1.00
2014.10.17 10:42:55.877,1.36503,1.36507,1.00,3.56
2014.10.17 10:42:56.029,1.36507,1.3651,1.00,1.50
2014.10.17 10:42:56.130,1.36504,1.36513,1.25,5.81
2014.10.17 10:42:56.282,1.36503,1.36513,5.51,1.31
2014.10.17 10:42:56.333,1.36503,1.36513,5.14,3.64
2014.10.17 10:42:56.586,1.365,1.36509,2.06,1.00
2014.10.17 10:42:57.173,1.365,1.36509,1.69,1.25
2014.10.17 10:42:57.967,1.36499,1.36509,5.89,1.00
2014.10.17 10:42:58.506,1.36502,1.36511,1.50,1.31
2014.10.17 10:42:59.062,1.36504,1.36511,1.00,1.31
2014.10.17 10:42:59.113,1.36504,1.36512,2.06,1.25
2014.10.17 10:42:59.163,1.36506,1.36513,1.37,2.44
2014.10.17 10:42:59.315,1.36507,1.36515,1.12,1.25
2014.10.17 10:42:59.933,1.36506,1.36515,1.12,1.25
2014.10.17 10:43:00.438,1.36506,1.36515,2.81,1.25
2014.10.17 10:43:01.623,1.36506,1.36515,1.69,2.44
2014.10.17 10:43:02.728,1.36504,1.36514,2.06,5.44
2014.10.17 10:43:03.639,1.36504,1.36513,1.31,1.31
2014.10.17 10:43:04.750,1.36504,1.36512,1.00,1.19
2014.10.17 10:43:05.744,1.36504,1.36514,1.00,4.31
2014.10.17 10:43:06.586,1.36505,1.36514,1.00,4.31
2014.10.17 10:43:07.094,1.36505,1.36513,1.50,1.19
2014.10.17 10:43:08.049,1.36506,1.36513,1.00,1.31
2014.10.17 10:43:08.699,1.36507,1.36513,1.50,1.19
2014.10.17 10:43:09.379,1.36506,1.36513,1.00,2.06
2014.10.17 10:43:09.581,1.36505,1.36512,1.00,1.69
2014.10.17 10:43:09.885,1.36509,1.36511,1.00,1.00
2014.10.17 10:43:09.987,1.36507,1.36511,1.00,1.00
2014.10.17 10:43:10.702,1.36506,1.36513,2.25,1.69
2014.10.17 10:43:11.620,1.36506,1.36511,2.25,1.00
2014.10.17 10:43:12.351,1.36506,1.36512,2.25,1.31
2014.10.17 10:43:12.503,1.36508,1.36513,1.50,1.69
2014.10.17 10:43:13.765,1.36508,1.36513,1.50,1.25
2014.10.17 10:43:15.497,1.3651,1.36514,1.00,1.19
2014.10.17 10:43:15.548,1.3651,1.36517,1.50,7.76
2014.10.17 10:43:16.357,1.36508,1.36517,1.00,7.76
2014.10.17 10:43:16.458,1.36508,1.36513,1.12,1.00
2014.10.17 10:43:16.963,1.36508,1.36514,1.31,1.00
2014.10.17 10:43:17.569,1.36508,1.36515,1.31,1.31
2014.10.17 10:43:17.959,1.3651,1.36515,1.00,2.81
2014.10.17 10:43:18.493,1.3651,1.36514,1.00,1.00
2014.10.17 10:43:19.010,1.36509,1.36514,1.12,1.00
2014.10.17 10:43:19.515,1.36511,1.36514,1.00,1.00
2014.10.17 10:43:19.975,1.36509,1.36516,1.00,2.25
2014.10.17 10:43:20.278,1.36511,1.36515,1.12,1.00
2014.10.17 10:43:21.036,1.36511,1.36517,1.00,1.31
2014.10.17 10:43:21.750,1.36512,1.36518,1.37,1.69
2014.10.17 10:43:21.901,1.36512,1.3652,1.37,2.25
2014.10.17 10:43:22.424,1.36512,1.3652,1.37,3.00
2014.10.17 10:43:23.954,1.36512,1.3652,1.12,3.19
2014.10.17 10:43:24.475,1.36513,1.3652,1.00,3.19
2014.10.17 10:43:26.770,1.3651,1.36519,2.06,1.25
2014.10.17 10:43:27.950,1.36512,1.36519,1.00,1.25
2014.10.17 10:43:30.080,1.36511,1.3652,1.31,3.19
2014.10.17 10:43:31.830,1.36512,1.36519,1.12,1.00
2014.10.17 10:43:32.377,1.36511,1.36519,1.25,1.00
2014.10.17 10:43:33.100,1.36511,1.36519,1.62,1.00
2014.10.17 10:43:33.303,1.36517,1.36525,1.00,6.94
2014.10.17 10:43:33.354,1.36516,1.36525,6.26,1.31
2014.10.17 10:43:34.214,1.36517,1.36526,1.31,1.19
2014.10.17 10:43:34.315,1.36517,1.36526,1.25,1.19
2014.10.17 10:43:34.830,1.36517,1.36526,1.19,2.44
2014.10.17 10:43:35.139,1.36516,1.36525,1.25,1.56
2014.10.17 10:43:35.667,1.36514,1.36521,1.25,2.70
2014.10.17 10:43:36.223,1.36512,1.3652,1.69,2.25
2014.10.17 10:43:40.586,1.36511,1.36519,1.69,3.19
2014.10.17 10:43:43.707,1.36511,1.36519,1.69,3.94
2014.10.17 10:43:46.079,1.3651,1.36517,2.44,1.37
2014.10.17 10:43:46.872,1.3651,1.36517,1.69,3.37
2014.10.17 10:43:47.125,1.36503,1.36509,1.12,1.37
2014.10.17 10:43:47.630,1.36502,1.36509,1.00,1.00
2014.10.17 10:43:48.318,1.36502,1.36509,1.00,1.87
2014.10.17 10:43:48.419,1.36501,1.36507,1.00,1.37
2014.10.17 10:43:48.622,1.36499,1.36506,1.25,2.06
2014.10.17 10:43:48.824,1.36499,1.36506,1.25,1.25
2014.10.17 10:43:48.926,1.36499,1.36509,1.69,3.94
2014.10.17 10:43:49.458,1.36498,1.36507,1.19,1.50
2014.10.17 10:43:49.966,1.36498,1.36507,1.19,3.19
2014.10.17 10:43:50.118,1.36498,1.36505,1.19,1.37
2014.10.17 10:43:50.219,1.36495,1.36503,3.94,1.37
2014.10.17 10:43:50.674,1.36494,1.36503,1.31,1.37
2014.10.17 10:43:51.207,1.36495,1.36501,1.00,1.12
2014.10.17 10:43:53.019,1.36495,1.36498,1.00,1.12
2014.10.17 10:43:53.323,1.36492,1.36495,1.50,1.50
2014.10.17 10:43:53.628,1.36491,1.36497,3.19,1.50
2014.10.17 10:43:53.931,1.36492,1.365,1.50,2.81
2014.10.17 10:43:54.592,1.36492,1.365,1.69,1.87
2014.10.17 10:43:55.098,1.36492,1.36499,2.06,1.00
2014.10.17 10:43:55.628,1.36493,1.36499,1.62,1.00
2014.10.17 10:43:55.881,1.36493,1.36501,1.62,1.25
2014.10.17 10:43:56.397,1.36494,1.36501,1.37,1.25
2014.10.17 10:43:58.082,1.36494,1.36501,1.25,1.00
2014.10.17 10:43:58.588,1.36494,1.36501,1.62,1.00
2014.10.17 10:43:59.050,1.36493,1.36501,1.69,1.31
2014.10.17 10:43:59.567,1.36493,1.365,1.69,1.00
2014.10.17 10:44:06.987,1.36493,1.365,1.87,1.00
2014.10.17 10:44:07.495,1.36494,1.36501,1.69,1.50
2014.10.17 10:44:08.001,1.36495,1.36501,1.50,2.25
2014.10.17 10:44:08.405,1.36495,1.36503,1.69,2.44
2014.10.17 10:44:09.196,1.36495,1.36503,2.44,2.44
2014.10.17 10:44:12.620,1.36496,1.36503,1.87,2.25
2014.10.17 10:44:12.823,1.36497,1.36505,1.87,3.37
2014.10.17 10:44:12.874,1.36498,1.36505,1.87,2.62
2014.10.17 10:44:13.447,1.365,1.36508,2.06,3.00
2014.10.17 10:44:13.954,1.365,1.36507,1.31,1.00
2014.10.17 10:44:14.472,1.36499,1.36507,3.94,1.87
2014.10.17 10:44:15.128,1.36499,1.36506,2.44,2.62
2014.10.17 10:44:15.633,1.36499,1.36506,1.50,1.87
2014.10.17 10:44:18.412,1.36497,1.36504,1.50,1.62
2014.10.17 10:44:18.565,1.36498,1.36505,1.00,3.94
2014.10.17 10:44:18.666,1.36498,1.36505,3.00,1.19
2014.10.17 10:44:18.717,1.36499,1.36506,2.00,1.00
2014.10.17 10:44:18.768,1.36499,1.36506,1.31,1.00
2014.10.17 10:44:18.870,1.365,1.36508,1.50,2.44
2014.10.17 10:44:19.174,1.365,1.36506,1.00,1.50
2014.10.17 10:44:21.242,1.365,1.36506,1.37,1.50
2014.10.17 10:44:21.394,1.36503,1.36508,1.50,1.00
2014.10.17 10:44:22.099,1.365,1.36508,3.56,2.62
2014.10.17 10:44:22.590,1.36503,1.3651,1.00,2.81
2014.10.17 10:44:23.703,1.36503,1.36511,2.81,3.94
2014.10.17 10:44:24.056,1.36505,1.36512,1.00,3.94
2014.10.17 10:44:25.027,1.36505,1.36512,1.69,1.50
2014.10.17 10:44:25.568,1.36506,1.36512,1.00,1.50
2014.10.17 10:44:27.403,1.36508,1.36512,1.37,1.50
2014.10.17 10:44:27.506,1.36507,1.36512,1.00,1.50
2014.10.17 10:44:27.607,1.36507,1.3651,1.50,1.00
2014.10.17 10:44:27.708,1.36503,1.36509,1.31,1.00
2014.10.17 10:44:27.861,1.36502,1.36509,1.00,2.25
2014.10.17 10:44:28.428,1.36501,1.36509,3.94,3.00
2014.10.17 10:44:28.731,1.36501,1.36509,3.00,2.62
2014.10.17 10:44:29.034,1.36502,1.36509,4.39,2.25
2014.10.17 10:44:29.540,1.36501,1.36508,1.69,1.50
2014.10.17 10:44:29.590,1.36501,1.36508,1.25,1.50
2014.10.17 10:44:33.591,1.365,1.36508,1.00,1.87
2014.10.17 10:44:35.166,1.36502,1.36508,1.00,1.00
2014.10.17 10:44:35.688,1.36503,1.36509,1.00,1.25
2014.10.17 10:44:36.385,1.36503,1.3651,1.00,1.87
2014.10.17 10:44:37.503,1.36502,1.3651,3.00,3.00
2014.10.17 10:44:39.739,1.36502,1.36509,2.25,1.00
2014.10.17 10:44:40.043,1.36502,1.36508,1.00,4.76
2014.10.17 10:44:40.094,1.365,1.36507,2.44,1.87
2014.10.17 10:44:41.060,1.36498,1.36507,1.25,3.94
2014.10.17 10:44:41.565,1.36497,1.36505,4.69,1.50
2014.10.17 10:44:42.525,1.36497,1.36505,4.69,1.50
2014.10.17 10:44:43.987,1.36497,1.36505,3.19,1.69
2014.10.17 10:44:44.540,1.36497,1.36505,3.00,1.50
2014.10.17 10:44:46.074,1.36497,1.36505,3.37,1.50
2014.10.17 10:44:46.428,1.36497,1.36504,1.50,1.00
2014.10.17 10:44:46.681,1.36497,1.36502,1.00,1.00
2014.10.17 10:44:46.783,1.36495,1.36502,1.69,1.12
2014.10.17 10:44:47.348,1.36495,1.36502,2.44,1.12
2014.10.17 10:44:47.399,1.36497,1.36505,1.12,6.19
2014.10.17 10:44:47.450,1.36499,1.36505,1.00,2.25
2014.10.17 10:44:48.000,1.36499,1.36506,1.00,1.69
2014.10.17 10:44:50.087,1.365,1.36506,1.00,1.00
2014.10.17 10:44:50.592,1.365,1.36507,2.06,1.50
2014.10.17 10:44:51.853,1.365,1.36507,1.25,1.50
2014.10.17 10:44:52.358,1.36499,1.36507,3.19,1.12
2014.10.17 10:44:53.159,1.36499,1.36507,2.44,1.50
2014.10.17 10:44:53.707,1.36499,1.36507,2.44,2.25
2014.10.17 10:44:56.476,1.36499,1.36507,2.44,2.44
2014.10.17 10:44:57.987,1.36499,1.36507,3.19,1.87
2014.10.17 10:44:58.524,1.365,1.36508,1.25,4.31
2014.10.17 10:44:59.893,1.365,1.36508,1.25,4.31
2014.10.17 10:45:00.411,1.36499,1.36507,3.00,1.12
2014.10.17 10:45:02.006,1.36499,1.36506,2.62,1.00
2014.10.17 10:45:02.762,1.36499,1.36506,2.44,1.87
2014.10.17 10:45:03.423,1.36499,1.36506,2.44,1.87
2014.10.17 10:45:08.793,1.36499,1.36507,2.44,2.06
2014.10.17 10:45:19.069,1.36499,1.36506,1.50,2.81
2014.10.17 10:45:20.063,1.36499,1.36506,1.50,2.06
2014.10.17 10:45:21.303,1.36491,1.36498,2.25,1.37
2014.10.17 10:45:22.294,1.36491,1.36498,2.25,1.87
2014.10.17 10:45:22.598,1.36494,1.36499,1.50,1.50
2014.10.17 10:45:22.850,1.36494,1.36502,1.00,3.19
2014.10.17 10:45:23.662,1.36494,1.36502,1.00,1.50
2014.10.17 10:45:23.971,1.36494,1.36501,1.00,1.37
2014.10.17 10:45:24.274,1.36494,1.36497,1.00,1.37
2014.10.17 10:45:24.526,1.3649,1.36496,1.19,1.37
2014.10.17 10:45:24.577,1.36489,1.36496,1.50,1.37
2014.10.17 10:45:25.090,1.36489,1.36496,1.50,1.87
2014.10.17 10:45:25.612,1.36489,1.36493,1.50,1.00
2014.10.17 10:45:25.916,1.36485,1.36488,1.00,1.12
2014.10.17 10:45:25.967,1.36482,1.36487,1.50,1.00
2014.10.17 10:45:26.169,1.3648,1.36486,1.00,1.69
2014.10.17 10:45:26.270,1.36478,1.36486,1.69,1.69
2014.10.17 10:45:28.141,1.36479,1.36486,1.00,1.31
2014.10.17 10:45:28.651,1.36482,1.36487,1.00,1.69
2014.10.17 10:45:29.362,1.36482,1.36487,1.50,1.00
2014.10.17 10:45:29.413,1.36482,1.36489,1.50,1.25
2014.10.17 10:45:29.923,1.36481,1.36488,1.25,1.37
2014.10.17 10:45:30.431,1.36481,1.36488,2.06,1.50
2014.10.17 10:45:30.734,1.36484,1.3649,1.50,1.19
2014.10.17 10:45:30.785,1.36484,1.36491,1.50,1.50
2014.10.17 10:45:31.506,1.36484,1.36491,1.00,1.87
2014.10.17 10:45:31.658,1.36483,1.36488,1.00,1.87
2014.10.17 10:45:31.759,1.3648,1.36487,1.69,1.00
2014.10.17 10:45:31.962,1.3648,1.36487,1.50,2.81
2014.10.17 10:45:32.502,1.36479,1.36486,1.25,1.87
2014.10.17 10:45:34.176,1.36478,1.36486,2.25,2.62
2014.10.17 10:45:35.681,1.3648,1.36486,1.00,2.44
2014.10.17 10:45:35.782,1.3648,1.36488,2.25,1.50
2014.10.17 10:45:35.833,1.36482,1.36489,1.00,3.56
2014.10.17 10:45:36.035,1.3648,1.36488,3.75,1.87
2014.10.17 10:45:36.086,1.3648,1.36488,3.75,1.87
2014.10.17 10:45:36.590,1.36478,1.36487,2.44,1.87
2014.10.17 10:45:37.120,1.36478,1.36487,1.69,3.56
2014.10.17 10:45:38.343,1.36478,1.36486,1.69,1.31
2014.10.17 10:45:38.846,1.36479,1.36487,1.25,3.56
2014.10.17 10:45:39.641,1.3648,1.36487,1.00,2.06
2014.10.17 10:45:41.417,1.36483,1.36487,1.69,1.00
2014.10.17 10:45:41.468,1.36483,1.36489,1.69,1.87
2014.10.17 10:45:42.002,1.36485,1.36491,1.00,1.50
2014.10.17 10:45:42.534,1.36486,1.36491,1.50,1.00
2014.10.17 10:45:42.584,1.36486,1.36493,1.50,1.31
2014.10.17 10:45:43.416,1.36486,1.36493,1.50,1.19
2014.10.17 10:45:43.825,1.3649,1.36493,1.00,1.00
2014.10.17 10:45:44.128,1.36491,1.36498,1.69,1.50
2014.10.17 10:45:44.537,1.36492,1.365,1.19,2.25
2014.10.17 10:45:45.655,1.36491,1.365,2.44,3.56
2014.10.17 10:45:48.736,1.36492,1.365,2.06,2.44
2014.10.17 10:45:49.653,1.36491,1.365,2.81,2.44
2014.10.17 10:45:50.101,1.36496,1.365,1.00,2.44
2014.10.17 10:45:50.252,1.36496,1.36502,1.25,1.00
2014.10.17 10:45:51.259,1.36497,1.36502,1.00,1.50
2014.10.17 10:45:51.563,1.36497,1.36504,1.69,1.00
2014.10.17 10:45:52.068,1.36497,1.36505,2.44,3.94
2014.10.17 10:45:52.880,1.36497,1.36505,2.81,3.94
2014.10.17 10:45:53.184,1.36501,1.36506,1.00,1.50
2014.10.17 10:45:53.689,1.36501,1.36506,1.87,1.00
2014.10.17 10:45:53.841,1.36501,1.36508,2.06,1.25
2014.10.17 10:45:54.931,1.36502,1.36509,1.69,1.00
2014.10.17 10:45:56.349,1.36503,1.36509,1.00,1.00
2014.10.17 10:45:59.461,1.3651,1.36514,3.00,1.00
2014.10.17 10:45:59.568,1.3651,1.36516,2.25,1.00
2014.10.17 10:45:59.669,1.36512,1.36517,1.00,1.00
2014.10.17 10:45:59.922,1.36514,1.36521,1.00,1.69
2014.10.17 10:46:00.442,1.36515,1.36522,1.00,3.45
2014.10.17 10:46:00.492,1.36517,1.36522,1.25,1.37
2014.10.17 10:46:00.594,1.36517,1.36523,1.25,1.87
2014.10.17 10:46:01.100,1.36517,1.36525,2.44,3.19
2014.10.17 10:46:01.454,1.36517,1.36524,1.25,2.06
2014.10.17 10:46:01.759,1.36516,1.36522,1.69,1.37
2014.10.17 10:46:12.212,1.36505,1.36508,5.25,1.50
2014.10.17 10:46:12.264,1.36502,1.36508,1.50,1.50
2014.10.17 10:46:12.572,1.36502,1.3651,2.25,1.50
2014.10.17 10:46:12.623,1.36504,1.3651,1.00,1.00
2014.10.17 10:46:12.724,1.36504,1.36512,1.50,3.56
2014.10.17 10:46:12.876,1.36506,1.36512,1.19,2.25
2014.10.17 10:46:13.029,1.36506,1.36514,3.94,1.50
2014.10.17 10:46:13.535,1.36507,1.36515,1.25,3.56
2014.10.17 10:46:13.637,1.36507,1.36513,1.25,1.00
2014.10.17 10:46:14.142,1.36506,1.36512,1.19,1.12
2014.10.17 10:46:14.445,1.36505,1.36511,2.81,1.50
2014.10.17 10:46:14.496,1.36505,1.36511,2.81,1.50
2014.10.17 10:46:14.598,1.36506,1.3651,1.00,1.50
2014.10.17 10:46:14.699,1.36506,1.36512,1.00,1.69
2014.10.17 10:46:15.205,1.36505,1.36512,1.50,2.44
2014.10.17 10:46:15.752,1.36505,1.36513,3.00,2.62
2014.10.17 10:46:16.392,1.36505,1.36512,2.25,1.12
2014.10.17 10:46:16.493,1.36505,1.3651,1.87,1.50
2014.10.17 10:46:16.798,1.36505,1.36507,1.00,1.12
2014.10.17 10:46:16.899,1.36503,1.36507,1.69,1.12
2014.10.17 10:46:18.346,1.36503,1.36508,1.50,1.25
2014.10.17 10:46:18.498,1.36503,1.36506,1.50,1.00
2014.10.17 10:46:18.700,1.36503,1.36508,2.44,2.62
2014.10.17 10:46:20.212,1.36503,1.36506,1.50,1.00
2014.10.17 10:46:20.415,1.36501,1.36506,1.50,1.00
2014.10.17 10:46:21.987,1.36501,1.36506,1.50,1.50
2014.10.17 10:46:22.599,1.36501,1.36506,1.50,1.50
2014.10.17 10:46:23.105,1.36501,1.36505,1.50,1.12
2014.10.17 10:46:23.509,1.365,1.36505,1.00,2.62
2014.10.17 10:46:23.711,1.36498,1.36503,1.69,1.37
2014.10.17 10:46:24.983,1.36498,1.36504,1.50,3.00
2014.10.17 10:46:25.923,1.36498,1.36504,2.25,1.12
2014.10.17 10:46:26.025,1.365,1.36506,1.00,1.50
2014.10.17 10:46:26.330,1.36503,1.3651,1.12,1.00
2014.10.17 10:46:26.432,1.36505,1.3651,1.00,1.00
2014.10.17 10:46:28.668,1.36505,1.36512,2.25,2.25
2014.10.17 10:46:29.318,1.36505,1.36512,2.62,1.50
2014.10.17 10:46:29.572,1.36505,1.3651,1.69,1.87
2014.10.17 10:46:29.774,1.36502,1.3651,2.62,3.94
2014.10.17 10:46:30.934,1.36502,1.3651,3.00,2.81
2014.10.17 10:46:31.905,1.36502,1.36508,2.25,1.25
2014.10.17 10:46:33.858,1.36502,1.36508,2.62,1.25
2014.10.17 10:46:33.960,1.36503,1.36511,3.00,3.94
2014.10.17 10:46:34.313,1.36505,1.36511,1.00,1.19
2014.10.17 10:46:34.869,1.36504,1.36511,2.25,1.19
2014.10.17 10:46:35.589,1.36503,1.3651,2.25,1.25
2014.10.17 10:46:35.993,1.36502,1.36508,1.50,1.87
2014.10.17 10:46:37.534,1.36502,1.36508,2.25,2.06
2014.10.17 10:46:38.040,1.36501,1.36508,3.00,2.06
2014.10.17 10:46:38.444,1.36501,1.36504,1.00,1.00
2014.10.17 10:46:38.646,1.36499,1.36504,1.50,1.69
2014.10.17 10:46:38.797,1.36497,1.36504,1.50,1.25
2014.10.17 10:46:39.505,1.36499,1.36505,1.00,3.56
2014.10.17 10:46:40.010,1.36497,1.36505,3.75,3.94
2014.10.17 10:46:40.515,1.36497,1.36505,3.00,2.81
2014.10.17 10:46:41.556,1.36497,1.36504,4.12,1.19
2014.10.17 10:46:42.565,1.36497,1.36505,4.12,1.69
2014.10.17 10:46:46.118,1.36497,1.36504,2.06,1.37
2014.10.17 10:46:46.219,1.36497,1.36505,2.44,1.69
2014.10.17 10:46:46.574,1.36499,1.36507,1.00,1.25
2014.10.17 10:46:48.167,1.36499,1.36506,1.50,1.00
2014.10.17 10:46:50.000,1.365,1.36507,2.62,3.94
2014.10.17 10:46:50.883,1.365,1.36507,3.00,3.37
2014.10.17 10:46:51.669,1.36501,1.36506,1.00,1.00
2014.10.17 10:46:52.175,1.365,1.36507,2.25,3.56
2014.10.17 10:46:52.679,1.365,1.36507,1.00,2.81
2014.10.17 10:46:56.711,1.365,1.36507,1.12,2.81
2014.10.17 10:46:57.290,1.36501,1.36507,1.00,2.81
2014.10.17 10:46:57.802,1.36504,1.36507,2.81,1.00
2014.10.17 10:46:57.853,1.36504,1.36512,4.31,2.25
2014.10.17 10:46:58.360,1.36505,1.36513,2.62,2.44
2014.10.17 10:46:59.739,1.36505,1.36513,1.62,3.19
2014.10.17 10:47:02.714,1.36506,1.36513,1.00,2.25
2014.10.17 10:47:03.327,1.36505,1.36513,2.06,2.25
2014.10.17 10:47:03.847,1.36505,1.36513,5.06,2.44
2014.10.17 10:47:04.801,1.36505,1.36513,3.75,2.81
2014.10.17 10:47:04.953,1.36505,1.3651,1.00,1.25
2014.10.17 10:47:05.004,1.36503,1.3651,3.94,1.25
2014.10.17 10:47:05.559,1.36504,1.3651,1.50,1.25
2014.10.17 10:47:05.610,1.36504,1.3651,4.20,1.25
2014.10.17 10:47:05.812,1.36507,1.36512,1.00,1.00
2014.10.17 10:47:06.316,1.36506,1.36514,1.12,1.69
2014.10.17 10:47:07.043,1.36506,1.36514,1.12,1.25
2014.10.17 10:47:07.779,1.36506,1.36514,2.81,2.44
2014.10.17 10:47:08.634,1.36506,1.36514,2.81,3.19
2014.10.17 10:47:11.773,1.36507,1.36514,1.31,1.25
2014.10.17 10:47:12.431,1.36507,1.36514,1.62,1.25
2014.10.17 10:47:13.452,1.36507,1.36514,2.06,1.69
2014.10.17 10:47:14.906,1.36506,1.36512,2.44,1.00
2014.10.17 10:47:15.414,1.36505,1.36512,1.37,2.44
2014.10.17 10:47:15.870,1.36505,1.36512,3.37,1.69
2014.10.17 10:47:16.984,1.36505,1.36512,2.06,1.69
2014.10.17 10:47:18.670,1.36507,1.36513,1.00,3.94
2014.10.17 10:47:19.753,1.36506,1.36512,1.12,1.25
2014.10.17 10:47:20.258,1.36506,1.36513,1.37,3.19
2014.10.17 10:47:20.912,1.36506,1.36513,1.87,3.19
2014.10.17 10:47:24.682,1.36506,1.36511,1.12,1.00
2014.10.17 10:47:24.783,1.36506,1.36508,1.00,1.00
2014.10.17 10:47:25.087,1.36502,1.36504,1.00,2.06
2014.10.17 10:47:25.138,1.36499,1.36504,1.50,2.06
2014.10.17 10:47:25.593,1.36501,1.36505,1.00,3.56
2014.10.17 10:47:25.846,1.36499,1.36505,1.00,1.19
2014.10.17 10:47:26.049,1.36501,1.36505,1.00,1.19
2014.10.17 10:47:27.286,1.36501,1.36506,1.00,2.44
2014.10.17 10:47:27.901,1.36501,1.36506,1.00,2.06
2014.10.17 10:47:28.156,1.36499,1.36506,1.50,2.06
2014.10.17 10:47:28.359,1.36502,1.36506,1.00,1.25
2014.10.17 10:47:28.471,1.36499,1.36506,3.00,1.25
2014.10.17 10:47:28.675,1.365,1.36506,2.06,1.00
2014.10.17 10:47:28.985,1.36505,1.36509,2.62,1.50
2014.10.17 10:47:29.036,1.36505,1.36511,3.37,1.00
2014.10.17 10:47:29.390,1.36504,1.36509,1.19,1.00
2014.10.17 10:47:29.491,1.36503,1.36509,1.69,1.00
2014.10.17 10:47:30.513,1.36503,1.3651,1.31,2.06
2014.10.17 10:47:32.303,1.36503,1.36511,2.62,1.87
2014.10.17 10:47:33.531,1.36503,1.36511,2.44,2.06
2014.10.17 10:47:34.528,1.36503,1.36511,2.62,1.87
2014.10.17 10:47:35.788,1.36503,1.36511,2.62,1.50
2014.10.17 10:47:36.932,1.36503,1.36511,2.25,3.00
2014.10.17 10:47:37.343,1.36503,1.3651,1.50,3.56
2014.10.17 10:47:37.647,1.36503,1.36506,1.00,1.12
2014.10.17 10:47:37.900,1.365,1.36506,1.50,2.62
2014.10.17 10:47:38.405,1.36498,1.36505,1.87,1.00
2014.10.17 10:47:38.909,1.36498,1.36505,1.87,1.69
2014.10.17 10:47:41.145,1.36498,1.36505,1.69,2.44
2014.10.17 10:47:41.651,1.36497,1.36503,1.31,1.00
2014.10.17 10:47:42.159,1.36498,1.36505,1.87,1.19
2014.10.17 10:47:42.463,1.36499,1.36506,1.50,2.44
2014.10.17 10:47:43.220,1.365,1.36506,1.00,2.44
2014.10.17 10:47:43.738,1.36499,1.36506,2.25,1.69
2014.10.17 10:47:45.557,1.365,1.36506,1.00,1.69
2014.10.17 10:47:48.614,1.36499,1.36506,2.81,1.50
2014.10.17 10:47:49.460,1.36499,1.36506,2.06,1.50
2014.10.17 10:47:50.633,1.36499,1.36506,1.50,1.50
2014.10.17 10:47:54.865,1.36499,1.36506,1.50,4.31
2014.10.17 10:47:57.115,1.36498,1.36505,1.50,1.12
2014.10.17 10:47:57.367,1.36498,1.36503,1.50,1.62
2014.10.17 10:47:57.671,1.3649,1.36497,1.69,2.25
2014.10.17 10:47:58.176,1.3649,1.36497,1.69,2.25
2014.10.17 10:47:58.856,1.3649,1.36497,1.69,3.00
2014.10.17 10:48:09.881,1.3649,1.36497,1.50,4.31
2014.10.17 10:48:10.184,1.36483,1.36486,1.00,3.00
2014.10.17 10:48:10.235,1.3648,1.36486,1.50,3.19
2014.10.17 10:48:10.740,1.36479,1.36485,1.00,1.25
2014.10.17 10:48:11.508,1.36479,1.36484,1.25,1.00
2014.10.17 10:48:11.994,1.36476,1.36481,1.00,2.06
2014.10.17 10:48:12.045,1.36473,1.36481,1.69,4.31
2014.10.17 10:48:12.852,1.36477,1.36481,1.00,1.69
2014.10.17 10:48:13.422,1.36477,1.36482,1.00,1.50
2014.10.17 10:48:16.416,1.36476,1.36482,1.12,1.69
2014.10.17 10:48:17.859,1.36475,1.36482,2.59,1.50
2014.10.17 10:48:20.105,1.36476,1.36483,1.28,1.25
2014.10.17 10:48:20.673,1.36478,1.36484,1.15,1.00
2014.10.17 10:48:24.265,1.36478,1.36484,1.15,1.31
2014.10.17 10:48:26.858,1.36478,1.36484,1.15,1.25
2014.10.17 10:48:27.238,1.36478,1.36481,1.15,1.00
2014.10.17 10:48:30.508,1.36475,1.36481,1.40,1.50
2014.10.17 10:48:30.610,1.36474,1.36481,2.62,3.19
2014.10.17 10:48:31.064,1.36472,1.36479,1.50,4.50
2014.10.17 10:48:31.621,1.36471,1.36478,3.00,1.87
2014.10.17 10:48:32.148,1.36472,1.36477,1.00,1.12
2014.10.17 10:48:32.672,1.36471,1.36478,2.25,1.56
2014.10.17 10:48:33.526,1.36472,1.36478,1.87,1.19
2014.10.17 10:48:33.728,1.36474,1.36479,1.00,1.25
2014.10.17 10:48:34.249,1.36475,1.3648,1.00,1.19
2014.10.17 10:48:35.044,1.36475,1.3648,1.00,1.00
2014.10.17 10:48:35.555,1.36474,1.3648,1.00,3.37
2014.10.17 10:48:36.061,1.36475,1.3648,1.00,1.25
2014.10.17 10:48:36.314,1.36473,1.3648,1.87,1.25
2014.10.17 10:48:36.970,1.36473,1.3648,2.62,1.25
2014.10.17 10:48:37.850,1.36473,1.3648,2.62,1.25
2014.10.17 10:48:38.374,1.36472,1.3648,3.94,2.81
2014.10.17 10:48:38.728,1.36472,1.36478,1.00,1.00
2014.10.17 10:48:39.234,1.36473,1.36478,1.00,1.50
2014.10.17 10:48:39.488,1.36476,1.36482,2.25,1.69
2014.10.17 10:48:39.995,1.36477,1.36483,1.00,1.69
2014.10.17 10:48:40.511,1.36476,1.36483,2.62,1.00
2014.10.17 10:48:42.335,1.36482,1.36485,1.00,1.50
2014.10.17 10:48:42.689,1.3648,1.36486,1.50,1.00
2014.10.17 10:48:43.912,1.3648,1.36486,3.19,1.00
2014.10.17 10:48:45.175,1.3648,1.36487,4.12,1.00
2014.10.17 10:48:46.426,1.3648,1.36487,4.31,1.25
2014.10.17 10:48:47.006,1.36481,1.36487,2.25,1.00
2014.10.17 10:48:47.551,1.36482,1.36487,1.12,1.00
2014.10.17 10:48:48.111,1.36481,1.36487,1.87,1.00
2014.10.17 10:48:48.640,1.36481,1.36487,2.62,1.00
2014.10.17 10:48:49.146,1.36483,1.36486,1.00,1.00
2014.10.17 10:48:49.685,1.36482,1.36486,1.00,1.50
2014.10.17 10:48:50.374,1.36483,1.36487,1.00,1.50
2014.10.17 10:48:50.730,1.36479,1.36487,1.00,2.62
2014.10.17 10:48:50.832,1.36481,1.36487,1.00,1.00
2014.10.17 10:48:51.489,1.3648,1.36487,1.50,2.25
2014.10.17 10:48:51.793,1.3648,1.36485,1.50,1.50
2014.10.17 10:48:52.113,1.3648,1.36485,1.50,1.87
2014.10.17 10:48:53.106,1.36478,1.36485,1.69,5.32
2014.10.17 10:48:53.259,1.36477,1.36481,2.25,1.50
2014.10.17 10:48:53.663,1.36477,1.36483,1.00,2.62
2014.10.17 10:48:55.430,1.36476,1.36483,1.31,1.12
2014.10.17 10:48:56.008,1.3648,1.36483,1.00,1.12
2014.10.17 10:48:56.312,1.36481,1.36486,1.00,1.69
2014.10.17 10:48:57.209,1.36481,1.36486,1.00,1.00
2014.10.17 10:48:58.416,1.36482,1.36486,1.50,1.00
2014.10.17 10:48:58.569,1.36485,1.36487,1.00,1.00
2014.10.17 10:48:58.620,1.36485,1.3649,1.00,2.06
2014.10.17 10:48:58.772,1.36483,1.3649,2.25,2.44
2014.10.17 10:48:58.873,1.36487,1.3649,1.50,2.81
2014.10.17 10:48:59.190,1.3649,1.36496,1.69,1.00
2014.10.17 10:48:59.696,1.3649,1.36497,1.25,1.00
2014.10.17 10:49:00.945,1.3649,1.36497,1.69,1.00
2014.10.17 10:49:01.953,1.3649,1.36497,1.00,1.00
2014.10.17 10:49:04.010,1.3649,1.36497,1.69,1.50
2014.10.17 10:49:04.517,1.36489,1.36495,1.00,2.25
2014.10.17 10:49:05.056,1.3649,1.36495,1.00,1.50
2014.10.17 10:49:05.585,1.36491,1.36495,1.00,1.50
2014.10.17 10:49:05.838,1.36493,1.36495,1.00,1.50
2014.10.17 10:49:06.191,1.36492,1.36497,1.00,1.00
2014.10.17 10:49:06.696,1.36491,1.36497,1.00,1.00
2014.10.17 10:49:10.073,1.36491,1.36496,1.00,1.00
2014.10.17 10:49:10.176,1.36491,1.36494,1.00,1.00
2014.10.17 10:49:10.429,1.36487,1.36491,1.25,1.87
2014.10.17 10:49:13.947,1.36487,1.36492,1.00,1.31
2014.10.17 10:49:17.480,1.36488,1.36492,1.00,1.00
2014.10.17 10:49:18.675,1.36487,1.36492,1.00,1.00
2014.10.17 10:49:19.202,1.36486,1.36492,1.00,1.00
2014.10.17 10:49:19.405,1.36483,1.3649,1.50,1.50
2014.10.17 10:49:19.557,1.36485,1.36491,1.00,2.25
2014.10.17 10:49:20.720,1.36488,1.36494,1.00,1.87
2014.10.17 10:49:21.232,1.36489,1.36494,1.00,1.50
2014.10.17 10:49:22.437,1.36488,1.36494,1.50,1.50
2014.10.17 10:49:22.949,1.36489,1.36494,1.00,1.50
2014.10.17 10:49:25.212,1.36489,1.36494,1.37,1.50
2014.10.17 10:49:25.725,1.36488,1.36494,1.87,1.50
2014.10.17 10:49:26.997,1.36487,1.36494,1.31,1.50
2014.10.17 10:49:27.500,1.36488,1.36494,1.00,1.50
2014.10.17 10:49:30.266,1.3649,1.36494,1.00,1.00
2014.10.17 10:49:30.367,1.36488,1.36494,2.25,1.00
2014.10.17 10:49:32.119,1.36487,1.36494,1.69,1.00
2014.10.17 10:49:33.129,1.36488,1.36494,2.62,1.00
2014.10.17 10:49:33.638,1.36488,1.36494,2.62,1.00
2014.10.17 10:49:34.773,1.36489,1.36494,1.00,1.00
2014.10.17 10:49:35.283,1.36489,1.36494,1.87,1.00
2014.10.17 10:49:36.778,1.36489,1.36494,2.06,1.00
2014.10.17 10:49:37.282,1.36489,1.36494,2.06,1.00
2014.10.17 10:49:37.788,1.3649,1.36495,1.25,1.00
2014.10.17 10:49:38.623,1.36492,1.36495,1.00,1.00
2014.10.17 10:49:38.927,1.36493,1.36497,1.00,1.50
2014.10.17 10:49:39.714,1.36492,1.36498,1.25,1.00
2014.10.17 10:49:40.049,1.36494,1.36498,1.00,1.00
2014.10.17 10:49:45.997,1.36495,1.36498,1.50,1.00
2014.10.17 10:49:48.605,1.36494,1.36498,1.00,1.00
2014.10.17 10:49:49.059,1.36496,1.36498,1.00,1.00
2014.10.17 10:49:49.716,1.36493,1.36498,1.00,1.00
2014.10.17 10:49:50.233,1.36491,1.36498,3.19,1.00
2014.10.17 10:49:54.226,1.36491,1.36498,1.12,2.25
2014.10.17 10:50:03.542,1.36493,1.36498,1.00,1.50
2014.10.17 10:50:03.694,1.36491,1.36498,2.06,2.25
2014.10.17 10:50:03.897,1.36491,1.36495,1.00,1.00
2014.10.17 10:50:03.998,1.36489,1.36495,1.25,3.00
2014.10.17 10:50:04.472,1.36489,1.36492,1.00,1.00
2014.10.17 10:50:04.523,1.36483,1.36491,1.69,1.00
2014.10.17 10:50:05.656,1.36483,1.36491,1.25,1.25
2014.10.17 10:50:06.194,1.36483,1.36491,1.62,1.25
2014.10.17 10:50:06.952,1.36485,1.36491,1.00,1.00
2014.10.17 10:50:07.053,1.36487,1.36491,1.00,1.00
2014.10.17 10:50:07.357,1.3649,1.36491,1.00,1.00
2014.10.17 10:50:07.863,1.36488,1.36495,2.25,1.00
2014.10.17 10:50:08.773,1.3649,1.36495,1.00,1.00
2014.10.17 10:50:10.298,1.36495,1.36498,1.00,1.19
2014.10.17 10:50:10.350,1.36495,1.36499,1.00,1.00
2014.10.17 10:50:11.307,1.36496,1.36499,1.00,1.00
2014.10.17 10:50:12.486,1.36495,1.36499,1.00,1.00
2014.10.17 10:50:18.183,1.36494,1.36499,1.00,1.00
2014.10.17 10:50:19.973,1.36491,1.36499,1.69,1.87
2014.10.17 10:50:22.643,1.36491,1.36499,2.44,2.06
2014.10.17 10:50:26.985,1.36492,1.36499,1.37,1.50
2014.10.17 10:50:29.032,1.36492,1.36499,2.62,1.00
2014.10.17 10:50:29.819,1.36491,1.36499,1.31,1.87
2014.10.17 10:50:30.791,1.3649,1.36499,4.31,1.69
2014.10.17 10:50:30.993,1.3649,1.36497,2.62,1.62
2014.10.17 10:50:31.297,1.36488,1.36496,1.19,2.62
2014.10.17 10:50:32.040,1.36487,1.36496,1.50,2.44
2014.10.17 10:50:32.242,1.36489,1.36496,1.87,1.25
2014.10.17 10:50:32.545,1.36485,1.36493,2.44,1.69
2014.10.17 10:50:33.958,1.36487,1.36493,1.50,1.25
2014.10.17 10:50:34.060,1.36492,1.36494,1.87,1.00
2014.10.17 10:50:34.110,1.36492,1.36498,1.87,1.00
2014.10.17 10:50:34.161,1.36494,1.36498,1.87,1.00
2014.10.17 10:50:34.212,1.36494,1.365,2.06,1.00
2014.10.17 10:50:35.643,1.36495,1.36502,1.87,1.31
2014.10.17 10:50:39.262,1.36494,1.36502,1.25,1.50
2014.10.17 10:50:41.492,1.36494,1.36502,2.06,1.69
2014.10.17 10:50:43.930,1.36493,1.36501,3.94,1.00
2014.10.17 10:50:46.289,1.36493,1.36501,3.19,1.00
2014.10.17 10:50:47.828,1.36494,1.36502,1.37,1.50
2014.10.17 10:50:48.941,1.36496,1.36502,1.37,1.00
2014.10.17 10:50:52.647,1.36496,1.36502,1.00,1.00
2014.10.17 10:50:53.258,1.36495,1.36502,3.19,1.00
2014.10.17 10:50:54.812,1.36495,1.36502,2.44,1.00
2014.10.17 10:50:55.396,1.36494,1.36502,2.62,1.87
2014.10.17 10:50:57.021,1.36496,1.36502,1.00,1.50
2014.10.17 10:50:57.565,1.36497,1.36502,1.00,1.00
2014.10.17 10:50:57.978,1.365,1.36502,1.00,1.00
2014.10.17 10:50:58.282,1.36501,1.36507,5.51,1.50
2014.10.17 10:50:58.535,1.36501,1.36507,7.01,1.00
2014.10.17 10:50:58.636,1.36501,1.36509,7.01,1.50
2014.10.17 10:50:59.218,1.36503,1.36509,1.69,1.50
2014.10.17 10:51:00.652,1.36504,1.3651,2.44,1.00
2014.10.17 10:51:01.162,1.36506,1.3651,1.00,1.00
2014.10.17 10:51:01.667,1.36504,1.3651,1.62,1.00
2014.10.17 10:51:01.819,1.36507,1.3651,1.00,1.00
2014.10.17 10:51:01.921,1.3651,1.36514,1.00,1.50
2014.10.17 10:51:02.022,1.3651,1.36516,1.19,1.00
2014.10.17 10:51:02.275,1.36512,1.36519,1.25,1.00
2014.10.17 10:51:02.326,1.36513,1.36519,1.19,1.00
2014.10.17 10:51:02.629,1.36513,1.36522,2.81,1.25
2014.10.17 10:51:03.672,1.36513,1.36522,3.94,1.37
2014.10.17 10:51:04.191,1.36513,1.36522,3.94,1.12
2014.10.17 10:51:04.719,1.36514,1.36522,1.19,1.31
2014.10.17 10:51:05.448,1.36515,1.36523,1.69,3.19
2014.10.17 10:51:06.055,1.36516,1.36523,1.00,1.25
2014.10.17 10:51:06.657,1.36516,1.36524,3.00,2.06
2014.10.17 10:51:07.269,1.36516,1.36524,3.94,1.12
2014.10.17 10:51:08.087,1.36516,1.36524,3.94,1.87
2014.10.17 10:51:09.127,1.36516,1.36523,2.44,1.12
2014.10.17 10:51:10.036,1.36516,1.36524,3.19,2.06
2014.10.17 10:51:10.541,1.36516,1.36524,1.69,2.06
2014.10.17 10:51:11.074,1.36516,1.36524,1.00,1.87
2014.10.17 10:51:11.620,1.36515,1.36523,1.69,1.00
2014.10.17 10:51:15.716,1.36514,1.36521,3.94,1.00
2014.10.17 10:51:16.221,1.36514,1.36521,2.44,1.00
2014.10.17 10:51:16.729,1.36514,1.36518,2.44,1.00
2014.10.17 10:51:17.033,1.3651,1.36515,1.50,1.19
2014.10.17 10:51:17.134,1.36507,1.36514,1.25,1.25
2014.10.17 10:51:17.437,1.36507,1.36512,1.00,1.00
2014.10.17 10:51:17.691,1.36501,1.36507,1.00,1.00
2014.10.17 10:51:17.893,1.36498,1.36507,3.00,1.25
2014.10.17 10:51:18.095,1.365,1.36508,1.00,2.81
2014.10.17 10:51:18.696,1.36499,1.36507,1.00,1.25
2014.10.17 10:51:19.905,1.36499,1.36508,1.37,1.69
2014.10.17 10:51:20.057,1.36502,1.3651,1.12,2.25
2014.10.17 10:51:22.900,1.36502,1.3651,1.50,1.50
2014.10.17 10:51:23.413,1.36502,1.3651,1.50,1.50
2014.10.17 10:51:26.009,1.36502,1.36511,1.00,2.06
2014.10.17 10:51:26.522,1.36502,1.36511,2.81,1.31
2014.10.17 10:51:26.725,1.36505,1.36512,1.00,2.06
2014.10.17 10:51:27.287,1.36505,1.36512,1.25,1.12
2014.10.17 10:51:27.902,1.36507,1.36513,1.25,1.12
2014.10.17 10:51:28.104,1.36509,1.36516,1.25,2.44
2014.10.17 10:51:29.115,1.36508,1.36516,1.00,1.00
2014.10.17 10:51:33.970,1.36511,1.36517,1.00,1.69
2014.10.17 10:51:34.072,1.36508,1.36517,2.81,1.69
2014.10.17 10:51:34.173,1.3651,1.36517,1.00,2.06
2014.10.17 10:51:34.678,1.36509,1.36517,1.00,2.81
2014.10.17 10:51:35.435,1.36509,1.36517,1.00,2.06
2014.10.17 10:51:36.409,1.36509,1.36517,1.00,2.06
2014.10.17 10:51:37.985,1.36509,1.36517,1.12,1.31
2014.10.17 10:51:38.461,1.36511,1.36517,1.00,2.06
2014.10.17 10:51:42.533,1.36513,1.36517,1.00,1.00
2014.10.17 10:51:43.038,1.36515,1.36518,1.19,1.50
2014.10.17 10:51:43.189,1.36515,1.3652,2.06,1.00
2014.10.17 10:51:43.240,1.36515,1.36522,2.81,1.50
2014.10.17 10:51:43.751,1.36515,1.36523,2.81,1.50
2014.10.17 10:51:44.214,1.36515,1.36521,1.69,1.50
2014.10.17 10:51:44.715,1.36514,1.36521,2.44,1.50
2014.10.17 10:51:46.062,1.36514,1.36522,4.31,1.25
2014.10.17 10:51:46.917,1.36515,1.36524,2.62,2.81
2014.10.17 10:51:47.479,1.36515,1.36524,3.56,2.81
2014.10.17 10:51:49.095,1.36516,1.36521,1.25,1.00
2014.10.17 10:51:50.544,1.36515,1.3652,1.00,1.00
2014.10.17 10:51:52.105,1.36514,1.36522,1.87,1.50
2014.10.17 10:51:53.220,1.36515,1.36522,3.00,1.50
2014.10.17 10:51:53.422,1.36518,1.36525,1.00,1.87
2014.10.17 10:51:53.473,1.36518,1.36523,1.00,1.00
2014.10.17 10:51:53.524,1.36516,1.36523,1.69,1.00
2014.10.17 10:51:53.878,1.36514,1.36521,1.69,1.12
2014.10.17 10:51:54.181,1.36517,1.36524,1.00,2.44
2014.10.17 10:51:54.838,1.36517,1.36524,1.87,1.69
2014.10.17 10:51:54.939,1.36519,1.36526,1.87,3.75
2014.10.17 10:51:55.444,1.3652,1.36526,1.50,1.00
2014.10.17 10:51:55.545,1.3652,1.36529,1.50,3.56
2014.10.17 10:51:56.052,1.36521,1.36529,1.69,3.94
2014.10.17 10:51:56.630,1.36522,1.36529,1.50,3.94
2014.10.17 10:51:57.138,1.36523,1.36529,1.50,2.25
2014.10.17 10:51:57.189,1.36523,1.36529,2.44,1.87
2014.10.17 10:51:57.291,1.36527,1.3653,1.00,1.50
2014.10.17 10:51:57.393,1.36528,1.36534,1.00,1.50
2014.10.17 10:51:57.494,1.36528,1.36536,1.69,1.25
2014.10.17 10:51:57.697,1.36528,1.36534,1.25,1.00
2014.10.17 10:51:58.337,1.36527,1.36533,2.44,1.00
2014.10.17 10:51:58.842,1.36527,1.36534,2.44,1.50
2014.10.17 10:51:59.347,1.36527,1.36533,1.69,1.00
2014.10.17 10:51:59.650,1.36527,1.36531,1.00,1.12
2014.10.17 10:51:59.701,1.36525,1.36531,2.06,1.12
2014.10.17 10:52:03.191,1.36525,1.36533,2.44,1.69
2014.10.17 10:52:03.696,1.36527,1.36534,1.00,1.19
2014.10.17 10:52:03.746,1.36527,1.36535,1.25,2.62
2014.10.17 10:52:03.848,1.36529,1.36537,1.69,2.62
2014.10.17 10:52:04.151,1.36531,1.36537,1.19,1.50
2014.10.17 10:52:05.312,1.36531,1.36539,1.69,1.87
2014.10.17 10:52:05.817,1.36535,1.3654,1.00,1.25
2014.10.17 10:52:05.868,1.36535,1.36542,1.00,1.00
2014.10.17 10:52:06.377,1.36536,1.36543,1.25,1.12
2014.10.17 10:52:07.396,1.36537,1.36543,1.00,1.00
2014.10.17 10:52:07.911,1.36537,1.36542,1.00,1.00
2014.10.17 10:52:09.252,1.36536,1.36542,1.25,1.00
2014.10.17 10:52:11.808,1.36536,1.36544,1.69,1.69
2014.10.17 10:52:11.859,1.36537,1.36544,1.62,1.50
2014.10.17 10:52:12.163,1.36543,1.36548,1.00,1.50
2014.10.17 10:52:12.366,1.36543,1.36549,1.00,2.25
2014.10.17 10:52:13.274,1.36543,1.36551,1.69,1.69
2014.10.17 10:52:13.678,1.36543,1.36549,1.25,1.00
2014.10.17 10:52:14.032,1.36543,1.36547,1.00,1.00
2014.10.17 10:52:15.536,1.3654,1.36544,1.12,7.27
2014.10.17 10:52:15.589,1.36531,1.36536,1.00,1.87
2014.10.17 10:52:16.115,1.3653,1.36536,1.69,1.12
2014.10.17 10:52:16.418,1.36529,1.36536,1.19,2.62
2014.10.17 10:52:16.929,1.36528,1.36536,2.44,3.37
2014.10.17 10:52:17.460,1.36528,1.36536,1.50,4.31
2014.10.17 10:52:19.600,1.36528,1.36536,1.50,4.31
2014.10.17 10:52:21.337,1.36528,1.36535,1.69,1.87
2014.10.17 10:52:22.947,1.36528,1.36536,2.25,5.06
2014.10.17 10:52:23.633,1.36528,1.36534,1.50,1.37
2014.10.17 10:52:23.868,1.36528,1.36535,1.50,1.25
2014.10.17 10:52:24.137,1.36528,1.36533,1.50,1.00
2014.10.17 10:52:25.106,1.36526,1.36533,3.94,1.00
2014.10.17 10:52:25.631,1.36526,1.36533,1.50,4.31
2014.10.17 10:52:25.884,1.36526,1.3653,1.00,1.00
2014.10.17 10:52:26.387,1.36526,1.36529,1.00,1.50
2014.10.17 10:52:28.169,1.3652,1.36523,1.50,1.87
2014.10.17 10:52:28.221,1.36517,1.36523,2.25,1.87
2014.10.17 10:52:28.372,1.36515,1.36523,1.00,1.87
2014.10.17 10:52:28.906,1.36515,1.36523,1.00,1.87
2014.10.17 10:52:29.413,1.36515,1.36523,1.00,1.87
2014.10.17 10:52:29.920,1.36514,1.36522,2.44,1.87
2014.10.17 10:52:30.427,1.36513,1.36519,1.00,1.12
2014.10.17 10:52:30.730,1.3651,1.36515,1.25,1.87
2014.10.17 10:52:30.831,1.36508,1.36515,3.19,1.87
2014.10.17 10:52:31.825,1.36509,1.36515,1.00,1.87
2014.10.17 10:52:39.297,1.36508,1.36516,2.44,1.37
2014.10.17 10:52:40.474,1.36508,1.36516,1.69,2.06
2014.10.17 10:52:42.231,1.36508,1.36516,1.69,2.06
2014.10.17 10:52:42.736,1.36508,1.36515,1.25,1.12
2014.10.17 10:52:43.300,1.36508,1.36515,1.00,1.37
2014.10.17 10:52:44.746,1.36508,1.36514,1.00,2.06
2014.10.17 10:52:45.251,1.36507,1.36515,1.50,6.26
2014.10.17 10:52:46.040,1.36507,1.36514,1.69,1.12
2014.10.17 10:52:46.994,1.36509,1.36515,1.00,2.62
2014.10.17 10:52:48.416,1.36509,1.36515,1.50,1.87
2014.10.17 10:52:48.941,1.36511,1.36516,1.00,1.00
2014.10.17 10:52:48.992,1.36511,1.36518,1.69,1.50
2014.10.17 10:52:49.295,1.36511,1.36516,1.50,1.00
2014.10.17 10:52:49.649,1.36507,1.36513,1.50,1.00
2014.10.17 10:52:50.156,1.36506,1.36514,1.25,3.19
2014.10.17 10:52:50.891,1.36506,1.36513,1.25,1.00
2014.10.17 10:52:51.954,1.36506,1.36513,1.00,2.06
2014.10.17 10:52:53.089,1.36506,1.36511,1.00,1.12
2014.10.17 10:52:53.292,1.36504,1.3651,1.69,1.00
2014.10.17 10:52:54.420,1.36504,1.36512,1.00,2.25
2014.10.17 10:52:54.572,1.36507,1.36513,1.00,1.50
2014.10.17 10:52:54.724,1.36505,1.36512,2.44,1.00
2014.10.17 10:52:54.825,1.36506,1.36514,1.50,3.94
2014.10.17 10:52:54.976,1.36505,1.36512,2.44,1.00
2014.10.17 10:52:55.480,1.36506,1.36514,1.50,3.19
2014.10.17 10:52:56.306,1.36509,1.36514,1.50,1.50
2014.10.17 10:52:56.508,1.36512,1.36518,1.00,1.00
2014.10.17 10:52:57.224,1.36514,1.36519,1.00,1.00
2014.10.17 10:52:57.376,1.36514,1.36521,1.00,1.31
2014.10.17 10:52:58.529,1.36514,1.36521,1.00,1.62
2014.10.17 10:52:59.485,1.36514,1.36521,1.69,1.31
2014.10.17 10:53:01.950,1.36516,1.36522,1.00,1.00
2014.10.17 10:53:02.304,1.36517,1.36524,1.00,1.25
2014.10.17 10:53:02.809,1.36516,1.36523,1.69,1.12
2014.10.17 10:53:03.364,1.36515,1.36523,2.44,1.25
2014.10.17 10:53:03.953,1.36516,1.36524,1.00,3.19
2014.10.17 10:53:04.205,1.36516,1.36524,1.00,2.81
2014.10.17 10:53:04.508,1.36512,1.36517,1.00,1.25
2014.10.17 10:53:04.761,1.36509,1.36515,1.69,1.00
2014.10.17 10:53:06.251,1.36509,1.36513,1.50,1.00
2014.10.17 10:53:06.769,1.36509,1.36514,1.50,1.00
2014.10.17 10:53:07.335,1.36509,1.36515,1.50,1.69
2014.10.17 10:53:07.841,1.36509,1.36515,1.50,1.62
2014.10.17 10:53:08.370,1.36509,1.36515,1.50,1.62
2014.10.17 10:53:08.933,1.36509,1.36515,1.50,2.06
2014.10.17 10:53:12.545,1.36509,1.36515,1.50,2.44
2014.10.17 10:53:13.936,1.36509,1.36515,1.50,3.19
2014.10.17 10:53:14.968,1.36509,1.36515,2.25,2.06
2014.10.17 10:53:15.120,1.3651,1.36516,1.00,1.50
2014.10.17 10:53:15.476,1.36509,1.36514,1.00,1.00
2014.10.17 10:53:15.680,1.36507,1.36514,1.25,1.00
2014.10.17 10:53:16.185,1.36507,1.36513,1.25,1.00
2014.10.17 10:53:18.767,1.36507,1.36513,1.00,2.81
2014.10.17 10:53:19.739,1.36507,1.36513,1.00,2.81
2014.10.17 10:53:19.840,1.36507,1.36513,1.00,2.81
2014.10.17 10:53:21.276,1.36507,1.36513,1.00,3.56
2014.10.17 10:53:21.377,1.36507,1.36512,1.00,1.37
2014.10.17 10:53:21.680,1.365,1.36505,1.50,1.12
2014.10.17 10:53:21.882,1.36497,1.36503,2.25,1.00
2014.10.17 10:53:22.034,1.36496,1.36502,1.00,3.19
2014.10.17 10:53:22.551,1.36495,1.36502,1.50,3.19
2014.10.17 10:53:23.057,1.36495,1.36502,1.50,2.25
2014.10.17 10:53:23.564,1.36495,1.36501,1.50,1.00
2014.10.17 10:53:24.038,1.36496,1.36505,1.00,6.26
2014.10.17 10:53:24.542,1.36497,1.36503,1.00,1.50
2014.10.17 10:53:25.047,1.36496,1.36503,1.00,1.50
2014.10.17 10:53:25.149,1.36496,1.36503,1.50,1.12
2014.10.17 10:53:25.351,1.36496,1.36503,1.50,1.50
2014.10.17 10:53:26.994,1.36496,1.36503,1.50,1.87
2014.10.17 10:53:27.499,1.36497,1.36505,1.00,6.64
2014.10.17 10:53:28.813,1.36496,1.36505,1.50,6.26
2014.10.17 10:53:30.863,1.36497,1.36504,1.00,2.06
2014.10.17 10:53:32.027,1.36497,1.36505,1.50,3.56
2014.10.17 10:53:33.504,1.36497,1.36505,1.37,1.69
2014.10.17 10:53:34.493,1.36496,1.36505,3.19,1.69
2014.10.17 10:53:36.114,1.36497,1.36504,1.00,2.06
2014.10.17 10:53:41.094,1.36497,1.36503,1.37,1.50
2014.10.17 10:53:41.196,1.36498,1.36505,1.50,1.25
2014.10.17 10:53:41.726,1.36498,1.36506,1.50,2.44
2014.10.17 10:53:43.450,1.36498,1.36506,1.50,2.44
2014.10.17 10:53:43.956,1.36498,1.36506,1.50,2.44
2014.10.17 10:53:46.104,1.36499,1.36505,1.00,1.19
2014.10.17 10:53:46.651,1.36499,1.36506,1.00,1.19
2014.10.17 10:53:47.158,1.365,1.36506,1.00,1.19
2014.10.17 10:53:47.583,1.36502,1.36507,1.19,2.25
2014.10.17 10:53:47.836,1.36506,1.36512,1.00,1.00
2014.10.17 10:53:48.445,1.36505,1.36512,1.12,1.00
2014.10.17 10:53:49.485,1.36505,1.36514,1.00,1.69
2014.10.17 10:53:49.997,1.36505,1.36514,1.31,1.69
2014.10.17 10:53:51.591,1.36505,1.36513,1.00,1.31
2014.10.17 10:53:52.067,1.36505,1.3651,1.00,1.37
2014.10.17 10:53:52.169,1.36502,1.36508,1.50,1.37
2014.10.17 10:53:52.270,1.36502,1.36505,1.00,1.12
2014.10.17 10:53:52.321,1.365,1.36505,2.06,1.12
2014.10.17 10:53:52.423,1.36497,1.36505,2.44,3.00
2014.10.17 10:53:52.928,1.36498,1.36505,1.12,1.87
2014.10.17 10:53:54.996,1.36497,1.36505,4.31,2.81
2014.10.17 10:53:56.048,1.36497,1.36505,3.19,2.81
2014.10.17 10:53:57.211,1.36497,1.36505,1.00,3.94
2014.10.17 10:53:57.755,1.36495,1.36503,3.94,2.81
2014.10.17 10:54:00.400,1.36495,1.36503,3.56,2.62
2014.10.17 10:54:02.501,1.36496,1.36503,1.00,1.87
2014.10.17 10:54:04.010,1.36497,1.36504,1.50,1.19
2014.10.17 10:54:04.770,1.36497,1.36505,2.44,4.31
2014.10.17 10:54:06.739,1.36497,1.36505,2.25,2.81
2014.10.17 10:54:07.244,1.36498,1.36505,2.62,1.69
2014.10.17 10:54:15.778,1.36497,1.36505,3.94,3.56
2014.10.17 10:54:16.466,1.36498,1.36505,1.00,2.06
2014.10.17 10:54:16.982,1.36497,1.36505,3.94,2.81
2014.10.17 10:54:21.656,1.36504,1.36505,1.00,1.50
2014.10.17 10:54:21.758,1.36504,1.36509,1.00,1.50
2014.10.17 10:54:21.910,1.36504,1.36511,1.12,3.19
2014.10.17 10:54:22.112,1.36506,1.36511,1.00,2.44
2014.10.17 10:54:22.365,1.36507,1.36514,1.69,1.25
2014.10.17 10:54:22.871,1.36508,1.36515,1.25,1.31
2014.10.17 10:54:23.752,1.36509,1.36516,1.00,1.69
2014.10.17 10:54:24.257,1.3651,1.36517,1.50,5.14
2014.10.17 10:54:24.762,1.36509,1.36516,1.25,1.69
2014.10.17 10:54:25.266,1.36508,1.36513,1.19,1.00
2014.10.17 10:54:25.519,1.36507,1.36514,1.00,1.00
2014.10.17 10:54:26.145,1.36506,1.36513,3.94,1.00
2014.10.17 10:54:26.196,1.36507,1.36515,1.50,1.31
2014.10.17 10:54:26.715,1.36508,1.36516,1.00,3.94
2014.10.17 10:54:26.867,1.36507,1.36513,1.00,1.00
2014.10.17 10:54:27.387,1.36508,1.36513,1.00,1.12
2014.10.17 10:54:28.835,1.36507,1.36514,1.50,1.69
2014.10.17 10:54:29.400,1.36508,1.36514,1.00,1.00
2014.10.17 10:54:30.017,1.36508,1.36512,1.00,1.00
2014.10.17 10:54:30.219,1.36508,1.36514,1.00,1.69
2014.10.17 10:54:30.987,1.36508,1.36515,1.00,2.81
2014.10.17 10:54:31.815,1.36508,1.36513,1.00,1.00
2014.10.17 10:54:32.169,1.36506,1.36512,1.69,1.00
2014.10.17 10:54:33.544,1.36506,1.36511,1.00,2.62
2014.10.17 10:54:33.596,1.36503,1.36511,1.25,1.87
2014.10.17 10:54:33.648,1.36506,1.36511,1.00,1.87
2014.10.17 10:54:33.749,1.36502,1.36511,4.69,1.87
2014.10.17 10:54:34.509,1.36503,1.3651,1.25,1.62
2014.10.17 10:54:35.015,1.36505,1.36511,1.00,5.14
2014.10.17 10:54:35.536,1.36506,1.36512,1.50,2.44
2014.10.17 10:54:35.688,1.36506,1.36512,1.00,1.00
2014.10.17 10:54:38.238,1.36506,1.36512,1.50,1.50
2014.10.17 10:54:38.289,1.36506,1.3651,1.50,1.19
2014.10.17 10:54:38.491,1.365,1.36506,1.87,1.00
2014.10.17 10:54:38.542,1.365,1.36503,1.50,1.00
2014.10.17 10:54:38.593,1.36498,1.36502,1.50,1.69
2014.10.17 10:54:38.694,1.36496,1.36502,1.00,1.19
2014.10.17 10:54:39.199,1.36495,1.36501,1.00,1.69
2014.10.17 10:54:39.608,1.36493,1.365,1.25,1.00
2014.10.17 10:54:40.127,1.36492,1.365,1.25,1.69
2014.10.17 10:54:41.274,1.36495,1.365,1.00,2.81
2014.10.17 10:54:42.231,1.36494,1.36499,1.00,1.25
2014.10.17 10:54:43.556,1.36493,1.36499,1.00,1.25
2014.10.17 10:54:44.115,1.36494,1.36499,1.00,1.00
2014.10.17 10:54:44.880,1.36495,1.365,1.00,2.44
2014.10.17 10:54:46.017,1.36492,1.365,1.69,4.01
2014.10.17 10:54:46.073,1.36494,1.36501,1.00,3.19
2014.10.17 10:54:46.376,1.36493,1.36502,3.19,2.44
2014.10.17 10:54:46.880,1.36493,1.36501,3.19,1.00
2014.10.17 10:54:47.386,1.36494,1.365,1.25,1.00
2014.10.17 10:54:47.891,1.36494,1.365,1.00,1.37
2014.10.17 10:54:48.410,1.36494,1.365,1.00,1.00
2014.10.17 10:54:48.932,1.36493,1.365,1.00,1.87
2014.10.17 10:54:49.185,1.36491,1.36498,3.94,1.00
2014.10.17 10:54:49.488,1.3649,1.36496,1.25,1.00
2014.10.17 10:54:50.322,1.36489,1.36495,1.69,1.00
2014.10.17 10:54:50.626,1.36485,1.36489,1.50,1.00
2014.10.17 10:54:50.727,1.36483,1.36488,1.00,1.50
2014.10.17 10:54:50.828,1.36482,1.3649,1.00,1.25
2014.10.17 10:54:51.333,1.36483,1.36491,1.50,3.94
2014.10.17 10:54:51.787,1.36482,1.36487,1.00,1.00
2014.10.17 10:54:51.938,1.36481,1.36489,1.25,1.50
2014.10.17 10:54:52.493,1.36481,1.3649,2.44,2.44
2014.10.17 10:54:52.998,1.36483,1.3649,1.00,1.69
2014.10.17 10:54:54.580,1.36482,1.36488,1.31,1.00
2014.10.17 10:54:54.782,1.36482,1.3649,1.87,3.19
2014.10.17 10:55:00.302,1.36482,1.36491,1.31,2.25
2014.10.17 10:55:00.505,1.36484,1.36491,1.00,1.50
2014.10.17 10:55:00.810,1.36485,1.36493,1.00,2.25
2014.10.17 10:55:01.315,1.36486,1.36493,1.87,1.00
2014.10.17 10:55:01.517,1.36483,1.36491,4.31,1.00
2014.10.17 10:55:02.325,1.36483,1.36492,2.81,1.25
2014.10.17 10:55:02.892,1.36483,1.36492,2.44,3.26
2014.10.17 10:55:03.441,1.36483,1.3649,1.00,1.50
2014.10.17 10:55:03.763,1.36481,1.36487,1.00,1.50
2014.10.17 10:55:04.431,1.36482,1.36487,1.00,1.25
2014.10.17 10:55:04.483,1.36482,1.36489,1.00,2.06
2014.10.17 10:55:05.202,1.36483,1.36489,1.00,2.06
2014.10.17 10:55:06.396,1.36482,1.36489,1.00,1.87
2014.10.17 10:55:07.254,1.36482,1.36489,1.25,2.44
2014.10.17 10:55:07.759,1.36484,1.36489,1.00,1.50
2014.10.17 10:55:07.860,1.36482,1.36489,1.50,1.50
2014.10.17 10:55:08.388,1.36483,1.3649,1.12,1.50
2014.10.17 10:55:10.964,1.36488,1.36492,1.69,1.00
2014.10.17 10:55:11.015,1.36488,1.36497,1.69,2.06
2014.10.17 10:55:11.520,1.36488,1.36494,1.50,1.00
2014.10.17 10:55:11.825,1.36495,1.36499,1.00,1.12
2014.10.17 10:55:11.876,1.36498,1.36499,1.00,1.00
2014.10.17 10:55:11.927,1.36496,1.36501,1.00,1.00
2014.10.17 10:55:12.129,1.36498,1.36501,1.00,1.00
2014.10.17 10:55:12.383,1.36497,1.36506,1.50,2.44
2014.10.17 10:55:12.484,1.365,1.36507,1.50,4.76
2014.10.17 10:55:12.587,1.365,1.36507,1.50,1.69
2014.10.17 10:55:13.776,1.365,1.36507,1.50,1.62
2014.10.17 10:55:14.042,1.365,1.36507,1.50,1.25
2014.10.17 10:55:14.143,1.36502,1.36508,1.00,1.00
2014.10.17 10:55:14.448,1.36504,1.36511,3.56,1.50
2014.10.17 10:55:14.962,1.36506,1.36513,2.25,1.12
2014.10.17 10:55:15.679,1.36506,1.36513,1.50,3.82
2014.10.17 10:55:16.654,1.36504,1.36511,1.50,1.12
2014.10.17 10:55:17.163,1.36504,1.36508,1.50,1.87
2014.10.17 10:55:17.315,1.36502,1.36508,1.50,2.81
2014.10.17 10:55:17.467,1.36504,1.3651,1.12,1.87
2014.10.17 10:55:17.772,1.36502,1.3651,2.25,1.12
2014.10.17 10:55:17.874,1.36504,1.3651,1.00,1.12
2014.10.17 10:55:18.617,1.36508,1.3651,1.50,1.87
2014.10.17 10:55:18.668,1.36508,1.36514,1.50,1.25
2014.10.17 10:55:26.201,1.36509,1.36514,1.00,1.00
2014.10.17 10:55:27.544,1.36508,1.36514,1.00,1.00
2014.10.17 10:55:28.304,1.36508,1.36513,1.00,1.56
2014.10.17 10:55:28.810,1.36507,1.36513,1.00,1.69
2014.10.17 10:55:29.379,1.36507,1.36513,1.00,1.25
2014.10.17 10:55:29.683,1.36509,1.36514,1.00,1.31
2014.10.17 10:55:30.293,1.36509,1.36515,1.00,4.31
2014.10.17 10:55:31.526,1.36507,1.36514,1.00,1.00
2014.10.17 10:55:31.576,1.36507,1.36512,1.00,1.50
2014.10.17 10:55:31.880,1.36504,1.3651,1.00,1.50
2014.10.17 10:55:32.688,1.36504,1.3651,1.00,3.19
2014.10.17 10:55:33.487,1.36506,1.3651,1.00,2.44
2014.10.17 10:55:33.689,1.36504,1.36512,2.44,4.01
2014.10.17 10:55:34.193,1.36505,1.36512,1.00,1.31
2014.10.17 10:55:35.675,1.36504,1.36511,1.00,4.01
2014.10.17 10:55:36.987,1.36504,1.3651,3.82,2.81
2014.10.17 10:55:37.240,1.36512,1.36519,2.25,2.44
2014.10.17 10:55:37.746,1.36512,1.36518,1.00,1.69
2014.10.17 10:55:38.200,1.3651,1.36517,1.50,1.50
2014.10.17 10:55:38.301,1.3651,1.36516,1.12,1.37
2014.10.17 10:55:38.756,1.36509,1.36512,1.00,1.12
2014.10.17 10:55:38.908,1.36506,1.36512,1.00,2.44
2014.10.17 10:55:39.262,1.36506,1.3651,1.00,1.12
2014.10.17 10:55:39.566,1.36503,1.36509,1.50,1.00
2014.10.17 10:55:39.869,1.36506,1.36511,1.00,1.69
2014.10.17 10:55:40.237,1.36512,1.36514,1.50,1.00
2014.10.17 10:55:40.288,1.36513,1.36516,2.50,1.50
2014.10.17 10:55:40.440,1.36514,1.36521,1.00,2.06
2014.10.17 10:55:40.946,1.36513,1.36519,1.50,1.00
2014.10.17 10:55:41.463,1.36513,1.36518,1.50,1.00
2014.10.17 10:55:41.977,1.36513,1.36519,1.50,1.25
2014.10.17 10:55:43.594,1.36515,1.36522,1.87,3.94
2014.10.17 10:55:44.099,1.36515,1.3652,1.50,1.00
2014.10.17 10:55:44.604,1.36514,1.3652,1.00,2.44
2014.10.17 10:55:45.126,1.36514,1.36519,1.00,1.00
2014.10.17 10:55:45.632,1.36514,1.36519,1.00,1.37
2014.10.17 10:55:45.935,1.36514,1.3652,1.00,1.87
2014.10.17 10:55:46.391,1.36515,1.36523,1.50,2.44
2014.10.17 10:55:46.895,1.36516,1.36522,1.00,1.12
2014.10.17 10:55:46.997,1.36514,1.36522,1.31,1.12
2014.10.17 10:55:47.317,1.36517,1.36523,1.00,2.44
2014.10.17 10:55:48.495,1.36516,1.36523,1.00,3.56
2014.10.17 10:55:49.005,1.36514,1.3652,2.25,1.00
2014.10.17 10:55:49.512,1.36513,1.36519,1.50,2.06
2014.10.17 10:55:49.563,1.36511,1.36519,3.19,2.06
2014.10.17 10:55:50.076,1.36511,1.36519,3.00,2.81
2014.10.17 10:55:50.128,1.36513,1.36519,1.00,2.81
2014.10.17 10:55:51.299,1.36513,1.36519,1.00,1.12
2014.10.17 10:55:51.603,1.36516,1.36522,1.00,2.81
2014.10.17 10:55:52.112,1.36514,1.3652,1.00,1.31
2014.10.17 10:55:53.344,1.36514,1.36519,1.00,1.00
2014.10.17 10:55:53.848,1.36513,1.3652,4.12,1.69
2014.10.17 10:55:54.504,1.36513,1.3652,2.44,1.69
2014.10.17 10:55:56.421,1.36515,1.3652,1.00,1.00
2014.10.17 10:55:56.522,1.36513,1.3652,1.69,1.00
2014.10.17 10:55:57.111,1.36512,1.3652,3.19,1.00
2014.10.17 10:55:57.622,1.36512,1.3652,2.25,1.00
2014.10.17 10:55:58.178,1.36512,1.36519,2.62,1.00
2014.10.17 10:55:58.280,1.36512,1.36516,1.50,1.00
2014.10.17 10:55:58.381,1.36512,1.36518,1.50,1.00
2014.10.17 10:55:58.482,1.3651,1.36518,1.12,1.50
2014.10.17 10:55:58.988,1.36511,1.36517,1.00,1.12
2014.10.17 10:55:59.341,1.36511,1.36519,1.00,3.94
2014.10.17 10:55:59.746,1.36511,1.36517,1.00,1.00
2014.10.17 10:56:01.125,1.36507,1.36515,2.81,1.12
2014.10.17 10:56:02.772,1.36509,1.36515,1.12,1.25
2014.10.17 10:56:03.126,1.36507,1.36514,1.00,1.00
2014.10.17 10:56:03.429,1.36505,1.36513,2.44,1.31
2014.10.17 10:56:03.782,1.36507,1.36513,1.00,1.31
2014.10.17 10:56:04.085,1.36505,1.36513,3.56,1.31
2014.10.17 10:56:04.327,1.36507,1.36513,1.00,1.31
2014.10.17 10:56:05.674,1.36505,1.36513,2.06,4.39
2014.10.17 10:56:09.042,1.36505,1.36511,1.50,1.50
2014.10.17 10:56:09.296,1.36501,1.36509,2.44,1.50
2014.10.17 10:56:09.801,1.36502,1.36508,1.25,1.00
2014.10.17 10:56:09.953,1.36502,1.36508,1.25,1.09
2014.10.17 10:56:10.752,1.36501,1.36509,2.81,1.69
2014.10.17 10:56:11.257,1.36503,1.36509,1.12,1.12
2014.10.17 10:56:11.308,1.36503,1.36509,1.00,1.25
2014.10.17 10:56:11.857,1.36501,1.36509,2.62,1.50
2014.10.17 10:56:12.393,1.36501,1.36509,1.87,1.50
2014.10.17 10:56:13.883,1.36502,1.36509,1.12,1.50
2014.10.17 10:56:14.450,1.36501,1.36509,2.25,1.50
2014.10.17 10:56:14.652,1.36501,1.36507,1.00,1.00
2014.10.17 10:56:14.753,1.36501,1.36509,1.00,1.50
2014.10.17 10:56:14.920,1.36501,1.36507,1.00,1.00
2014.10.17 10:56:15.426,1.36501,1.36509,1.37,1.69
2014.10.17 10:56:15.952,1.36501,1.36509,1.37,1.00
2014.10.17 10:56:16.496,1.36501,1.36509,1.12,1.00
2014.10.17 10:56:17.213,1.36501,1.36509,1.31,1.19
2014.10.17 10:56:17.928,1.36501,1.36509,1.31,1.00
2014.10.17 10:56:18.918,1.36501,1.36509,1.37,1.25
2014.10.17 10:56:19.423,1.36501,1.36509,1.00,1.25
2014.10.17 10:56:19.958,1.36501,1.36509,1.12,1.69
2014.10.17 10:56:20.463,1.365,1.36507,1.87,2.25
2014.10.17 10:56:25.235,1.365,1.36506,1.50,1.50
2014.10.17 10:56:27.161,1.365,1.36505,1.50,1.00
2014.10.17 10:56:27.667,1.365,1.36506,1.50,1.31
2014.10.17 10:56:28.987,1.365,1.36505,1.50,1.00
2014.10.17 10:56:29.659,1.365,1.36507,1.87,2.44
2014.10.17 10:56:30.164,1.365,1.36507,1.50,4.31
2014.10.17 10:56:31.847,1.365,1.36507,1.50,3.56
2014.10.17 10:56:32.513,1.365,1.36506,2.25,1.50
2014.10.17 10:56:33.018,1.365,1.36505,1.50,1.12
2014.10.17 10:56:35.323,1.365,1.36505,1.50,1.37
2014.10.17 10:56:35.850,1.365,1.36506,1.50,1.37
2014.10.17 10:56:39.391,1.365,1.36506,1.50,1.31
2014.10.17 10:56:40.250,1.365,1.36505,1.50,1.00
2014.10.17 10:56:40.757,1.36497,1.36504,2.44,1.87
2014.10.17 10:56:41.010,1.36497,1.36502,2.44,1.00
2014.10.17 10:56:41.212,1.36497,1.36504,2.44,1.12
2014.10.17 10:56:41.363,1.36497,1.36505,1.69,3.94
2014.10.17 10:56:42.611,1.36497,1.36503,1.00,1.37
2014.10.17 10:56:43.116,1.36497,1.36503,1.00,1.00
2014.10.17 10:56:44.225,1.36497,1.36503,1.00,1.37
2014.10.17 10:56:44.745,1.36496,1.36503,1.50,1.37
2014.10.17 10:56:46.411,1.36495,1.36498,1.00,1.00
2014.10.17 10:56:46.462,1.36492,1.36498,1.50,1.00
2014.10.17 10:56:46.716,1.3649,1.36497,1.00,1.00
2014.10.17 10:56:46.817,1.36489,1.36496,1.00,1.19
2014.10.17 10:56:47.329,1.36492,1.36495,1.00,1.00
2014.10.17 10:56:47.379,1.36493,1.36495,1.00,1.00
2014.10.17 10:56:47.430,1.36495,1.36497,1.00,1.50
2014.10.17 10:56:47.531,1.36496,1.36499,1.00,2.44
2014.10.17 10:56:47.892,1.36496,1.36501,1.00,1.69
2014.10.17 10:56:50.003,1.36496,1.36501,1.00,3.56
2014.10.17 10:56:50.054,1.36494,1.365,2.62,1.62
2014.10.17 10:56:51.163,1.36496,1.36501,1.00,2.81
2014.10.17 10:56:52.150,1.36494,1.36501,1.00,2.06
2014.10.17 10:56:52.656,1.36495,1.36501,1.00,2.06
2014.10.17 10:56:52.808,1.36493,1.36499,1.69,1.12
2014.10.17 10:56:53.061,1.36493,1.365,1.69,1.87
2014.10.17 10:56:53.162,1.36493,1.365,1.69,1.00
2014.10.17 10:56:53.365,1.36495,1.36501,1.00,3.19
2014.10.17 10:56:53.567,1.36493,1.365,2.25,1.00
2014.10.17 10:56:54.672,1.36494,1.36501,1.00,2.06
2014.10.17 10:56:54.975,1.36494,1.36501,1.00,2.06
2014.10.17 10:56:55.479,1.36493,1.36497,1.50,1.00
2014.10.17 10:56:55.943,1.36489,1.36498,2.62,1.31
2014.10.17 10:56:56.448,1.3649,1.36498,1.00,2.81
2014.10.17 10:56:56.868,1.3649,1.36498,1.00,2.44
2014.10.17 10:56:57.389,1.3649,1.36496,1.00,1.37
2014.10.17 10:57:00.218,1.3649,1.36497,1.00,1.37
2014.10.17 10:57:00.724,1.36489,1.36495,1.00,1.12
2014.10.17 10:57:01.039,1.36489,1.36497,1.00,3.56
2014.10.17 10:57:01.090,1.36489,1.36496,1.00,2.06
2014.10.17 10:57:01.608,1.36488,1.36496,2.25,2.44
2014.10.17 10:57:01.710,1.36488,1.36496,1.50,2.06
2014.10.17 10:57:02.215,1.36489,1.36496,1.00,2.81
2014.10.17 10:57:03.940,1.36489,1.36496,1.00,2.81
2014.10.17 10:57:05.097,1.36488,1.36494,2.25,1.25
2014.10.17 10:57:05.199,1.36487,1.3649,1.00,1.37
2014.10.17 10:57:05.300,1.36486,1.36489,1.00,1.25
2014.10.17 10:57:05.351,1.36482,1.36489,3.00,1.69
2014.10.17 10:57:05.704,1.3648,1.36487,2.25,2.06
2014.10.17 10:57:05.959,1.36479,1.36484,1.00,1.00
2014.10.17 10:57:08.005,1.36478,1.36484,1.00,1.00
2014.10.17 10:57:08.517,1.36478,1.36485,1.00,1.31
2014.10.17 10:57:08.926,1.3648,1.36484,1.00,1.00
2014.10.17 10:57:09.027,1.3648,1.36486,1.00,1.12
2014.10.17 10:57:09.230,1.3648,1.36486,2.25,1.37
2014.10.17 10:57:09.742,1.3648,1.36485,2.25,1.00
2014.10.17 10:57:10.595,1.3648,1.36487,2.25,2.81
2014.10.17 10:57:11.100,1.36481,1.36487,1.00,1.87
2014.10.17 10:57:13.080,1.36483,1.36487,1.12,1.00
2014.10.17 10:57:13.181,1.36484,1.36489,1.00,1.25
2014.10.17 10:57:13.686,1.36485,1.3649,1.00,1.19
2014.10.17 10:57:14.090,1.36484,1.36492,1.00,4.31
2014.10.17 10:57:14.444,1.36487,1.36492,1.00,2.81
2014.10.17 10:57:14.696,1.36487,1.36493,1.00,1.00
2014.10.17 10:57:15.058,1.36489,1.36493,1.00,1.00
2014.10.17 10:57:18.086,1.36487,1.36493,1.00,1.31
2014.10.17 10:57:19.779,1.36486,1.36493,1.50,1.12
2014.10.17 10:57:20.296,1.36487,1.36493,1.00,1.12
2014.10.17 10:57:21.294,1.36485,1.36493,2.25,1.62
2014.10.17 10:57:26.495,1.36486,1.36492,1.00,1.56
2014.10.17 10:57:28.687,1.36485,1.36492,1.50,1.56
2014.10.17 10:57:30.859,1.36485,1.36492,1.50,2.44
2014.10.17 10:57:31.113,1.36479,1.36487,1.50,1.56
2014.10.17 10:57:31.518,1.36481,1.36486,1.00,1.19
2014.10.17 10:57:31.619,1.36478,1.36486,2.25,2.44
2014.10.17 10:57:32.023,1.3648,1.36486,1.00,3.94
2014.10.17 10:57:32.528,1.36479,1.36486,1.50,3.19
2014.10.17 10:57:33.033,1.36478,1.36485,1.50,1.62
2014.10.17 10:57:33.688,1.36478,1.36482,1.50,1.00
2014.10.17 10:57:34.102,1.36477,1.36481,1.00,1.31
2014.10.17 10:57:34.455,1.36475,1.36481,1.00,1.19
2014.10.17 10:57:35.015,1.36475,1.36482,1.00,1.69
2014.10.17 10:57:35.804,1.36475,1.36481,1.00,1.19
2014.10.17 10:57:36.605,1.36475,1.36481,1.00,1.56
2014.10.17 10:57:40.008,1.36475,1.36481,1.00,1.56
2014.10.17 10:57:40.160,1.36479,1.36482,1.00,1.69
2014.10.17 10:57:41.302,1.3648,1.36485,1.00,1.19
2014.10.17 10:57:41.809,1.3648,1.36486,1.50,1.31
2014.10.17 10:57:42.548,1.3648,1.36487,1.87,1.25
2014.10.17 10:57:42.650,1.36482,1.36487,1.00,1.25
2014.10.17 10:57:43.157,1.36483,1.36488,1.00,1.19
2014.10.17 10:57:44.167,1.36482,1.36488,2.25,1.19
2014.10.17 10:57:45.648,1.36482,1.36486,1.50,1.19
2014.10.17 10:57:45.850,1.36478,1.36485,1.00,3.94
2014.10.17 10:57:46.367,1.36477,1.36485,1.00,3.19
2014.10.17 10:57:46.569,1.36476,1.36481,1.00,1.19
2014.10.17 10:57:47.075,1.36475,1.36481,1.00,1.19
2014.10.17 10:57:48.545,1.36475,1.36479,1.00,1.25
2014.10.17 10:57:49.281,1.36472,1.36478,3.00,1.31
2014.10.17 10:57:49.787,1.36473,1.36478,1.50,1.31
2014.10.17 10:57:50.292,1.36474,1.36479,1.50,1.56
2014.10.17 10:57:51.660,1.36474,1.36479,1.50,1.25
2014.10.17 10:57:51.912,1.36476,1.3648,1.00,1.19
2014.10.17 10:57:51.963,1.36476,1.36482,1.00,2.44
2014.10.17 10:57:52.518,1.36477,1.36482,1.12,1.25
2014.10.17 10:57:54.260,1.36479,1.36484,1.00,2.06
2014.10.17 10:57:54.778,1.36478,1.36484,1.00,1.19
2014.10.17 10:57:56.200,1.36476,1.36483,2.25,1.25
2014.10.17 10:57:57.108,1.36476,1.36483,2.25,1.19
2014.10.17 10:57:57.700,1.36476,1.36483,1.50,1.19
2014.10.17 10:57:58.214,1.36478,1.36484,1.00,2.44
2014.10.17 10:57:58.879,1.36479,1.36484,1.00,2.44
2014.10.17 10:57:59.445,1.36479,1.36484,1.00,1.25
2014.10.17 10:58:00.105,1.36479,1.36484,1.00,1.19
2014.10.17 10:58:01.026,1.36482,1.36484,1.00,1.19
2014.10.17 10:58:01.532,1.36482,1.36485,1.00,1.69
2014.10.17 10:58:02.236,1.36481,1.36486,1.00,1.19
2014.10.17 10:58:03.208,1.36481,1.36487,1.00,2.44
2014.10.17 10:58:04.330,1.3648,1.36487,1.00,4.31
2014.10.17 10:58:04.863,1.3648,1.36486,1.00,1.19
2014.10.17 10:58:05.531,1.36479,1.36486,1.50,1.19
2014.10.17 10:58:06.906,1.36479,1.36485,1.50,2.06
2014.10.17 10:58:08.511,1.36479,1.36485,1.00,1.56
2014.10.17 10:58:09.020,1.36479,1.36485,1.00,1.62
2014.10.17 10:58:09.581,1.36479,1.36485,1.00,1.69
2014.10.17 10:58:10.140,1.36479,1.36485,1.00,1.19
2014.10.17 10:58:10.663,1.36479,1.36485,1.00,1.31
2014.10.17 10:58:11.622,1.36479,1.36485,1.00,1.31
2014.10.17 10:58:16.604,1.36479,1.36485,1.00,1.31
2014.10.17 10:58:17.888,1.36481,1.36485,1.00,1.31
2014.10.17 10:58:17.989,1.36479,1.36485,1.50,1.31
2014.10.17 10:58:20.685,1.36479,1.36487,3.00,2.06
2014.10.17 10:58:21.190,1.3648,1.36487,1.00,1.31
2014.10.17 10:58:22.689,1.3648,1.36487,2.62,1.31
2014.10.17 10:58:23.665,1.3648,1.36488,2.62,1.56
2014.10.17 10:58:24.212,1.3648,1.36487,2.62,1.62
2014.10.17 10:58:25.802,1.3648,1.36488,2.62,2.06
2014.10.17 10:58:26.020,1.3648,1.36488,2.81,1.56
2014.10.17 10:58:26.645,1.3648,1.36488,2.81,1.56
2014.10.17 10:58:27.310,1.36488,1.36492,2.25,1.19
2014.10.17 10:58:27.714,1.3649,1.36494,1.00,1.00
2014.10.17 10:58:27.764,1.36493,1.36497,1.00,1.50
2014.10.17 10:58:28.270,1.36493,1.36499,1.00,1.69
2014.10.17 10:58:29.315,1.36491,1.36499,1.25,2.44
2014.10.17 10:58:29.618,1.3649,1.36497,1.50,4.20
2014.10.17 10:58:30.122,1.36489,1.36494,1.00,1.25
2014.10.17 10:58:30.173,1.36487,1.36494,2.25,1.25
2014.10.17 10:58:30.778,1.36487,1.36494,2.25,1.69
2014.10.17 10:58:32.076,1.36487,1.36493,2.25,1.62
2014.10.17 10:58:32.583,1.36488,1.36493,1.00,1.31
2014.10.17 10:58:33.488,1.36487,1.36494,3.00,1.31
2014.10.17 10:58:35.127,1.36489,1.36496,1.00,2.81
2014.10.17 10:58:35.734,1.36489,1.36496,1.50,1.69
2014.10.17 10:58:36.462,1.36489,1.36494,1.50,1.50
2014.10.17 10:58:36.567,1.36489,1.36494,1.50,1.37
2014.10.17 10:58:37.497,1.36489,1.36494,1.50,2.06
2014.10.17 10:58:38.263,1.36489,1.36493,1.50,1.37
2014.10.17 10:58:38.516,1.36483,1.36489,1.00,1.50
2014.10.17 10:58:38.770,1.36481,1.36486,3.19,1.37
2014.10.17 10:58:42.355,1.36482,1.36486,1.00,1.62
2014.10.17 10:58:43.092,1.36482,1.36487,1.00,2.06
2014.10.17 10:58:44.458,1.36481,1.36487,1.50,1.37
2014.10.17 10:58:46.691,1.36481,1.36487,1.50,1.56
2014.10.17 10:58:47.326,1.36482,1.36487,1.00,1.56
2014.10.17 10:58:48.066,1.36483,1.36487,1.00,1.62
2014.10.17 10:58:48.118,1.36483,1.36488,1.00,1.31
2014.10.17 10:58:48.631,1.36483,1.36486,1.50,1.12
2014.10.17 10:58:48.733,1.36482,1.36488,2.25,1.00
2014.10.17 10:58:49.576,1.36484,1.36488,1.00,1.00
2014.10.17 10:58:49.882,1.36482,1.36488,2.25,1.00
2014.10.17 10:58:50.420,1.36483,1.3649,1.50,1.12
2014.10.17 10:58:50.926,1.36484,1.36491,1.00,1.25
2014.10.17 10:58:51.432,1.36483,1.36491,1.50,3.19
2014.10.17 10:58:51.583,1.36485,1.36491,1.00,2.81
2014.10.17 10:58:52.324,1.36486,1.36491,1.00,1.50
2014.10.17 10:58:52.628,1.36488,1.3649,1.00,1.00
2014.10.17 10:58:53.158,1.36487,1.3649,3.00,1.12
2014.10.17 10:58:53.853,1.36487,1.3649,1.50,1.37
2014.10.17 10:58:54.358,1.36487,1.36491,1.50,1.12
2014.10.17 10:58:54.829,1.36487,1.36491,1.50,1.37
2014.10.17 10:58:55.457,1.36487,1.36491,1.50,1.00
2014.10.17 10:58:55.559,1.36487,1.36491,1.50,1.37
2014.10.17 10:58:57.232,1.36487,1.36492,1.50,1.37
2014.10.17 10:58:58.209,1.36487,1.36493,1.50,2.06
2014.10.17 10:58:58.462,1.36487,1.36493,1.12,1.00
2014.10.17 10:58:58.614,1.36489,1.36494,1.00,1.12
2014.10.17 10:58:59.156,1.36489,1.36496,2.25,1.62
2014.10.17 10:58:59.459,1.36489,1.36495,2.25,1.37
2014.10.17 10:59:00.147,1.36489,1.36497,3.00,2.44
2014.10.17 10:59:00.299,1.3649,1.36497,1.87,1.00
2014.10.17 10:59:00.757,1.36489,1.36497,1.69,1.00
2014.10.17 10:59:00.859,1.36489,1.36497,1.69,1.37
2014.10.17 10:59:01.365,1.36488,1.36497,3.19,1.37
2014.10.17 10:59:01.895,1.36488,1.36493,2.44,1.12
2014.10.17 10:59:01.996,1.36488,1.36496,3.56,1.00
2014.10.17 10:59:02.047,1.36492,1.36497,1.00,1.12
2014.10.17 10:59:02.199,1.36494,1.365,1.12,1.25
2014.10.17 10:59:02.250,1.36497,1.36501,1.00,3.00
2014.10.17 10:59:02.755,1.36496,1.36501,1.00,1.50
2014.10.17 10:59:03.261,1.36497,1.36501,1.00,1.69
2014.10.17 10:59:03.564,1.36494,1.36499,1.00,1.31
2014.10.17 10:59:04.341,1.36493,1.365,1.00,3.56
2014.10.17 10:59:04.845,1.36493,1.36498,1.00,1.00
2014.10.17 10:59:07.172,1.36493,1.36499,1.00,2.44
2014.10.17 10:59:07.721,1.36492,1.36498,1.50,1.12
2014.10.17 10:59:09.062,1.36493,1.36499,1.00,1.69
2014.10.17 10:59:09.568,1.36494,1.36499,1.00,2.06
2014.10.17 10:59:10.074,1.36493,1.365,1.00,2.81
2014.10.17 10:59:10.579,1.36492,1.36497,2.25,1.00
2014.10.17 10:59:10.883,1.36491,1.36494,1.00,1.50
2014.10.17 10:59:10.934,1.36488,1.36493,1.00,1.69
2014.10.17 10:59:11.086,1.36484,1.36489,2.25,1.50
2014.10.17 10:59:11.389,1.36483,1.36487,1.00,1.00
2014.10.17 10:59:13.379,1.36484,1.36488,1.00,1.56
2014.10.17 10:59:13.913,1.36483,1.36488,1.00,1.62
2014.10.17 10:59:14.418,1.36483,1.36488,1.00,1.62
2014.10.17 10:59:14.956,1.36483,1.36488,1.00,1.56
2014.10.17 10:59:15.461,1.36483,1.36487,1.00,1.62
2014.10.17 10:59:15.612,1.36483,1.36489,1.00,1.19
2014.10.17 10:59:16.120,1.36484,1.36489,1.00,1.56
2014.10.17 10:59:18.157,1.36484,1.36489,1.00,2.06
2014.10.17 10:59:18.460,1.36484,1.36489,1.00,2.06
2014.10.17 10:59:19.582,1.36484,1.3649,1.00,2.81
2014.10.17 10:59:20.407,1.36484,1.36489,1.00,1.37
2014.10.17 10:59:21.785,1.36483,1.36487,1.00,1.12
2014.10.17 10:59:22.323,1.36482,1.36486,1.00,1.12
2014.10.17 10:59:23.396,1.36482,1.36486,1.00,1.37
2014.10.17 10:59:23.708,1.36482,1.36486,1.00,1.00
2014.10.17 10:59:23.860,1.36482,1.36484,1.00,1.00
2014.10.17 10:59:24.062,1.36482,1.36487,1.00,1.31
2014.10.17 10:59:24.566,1.36482,1.36487,1.00,2.06
2014.10.17 10:59:25.733,1.36481,1.36487,1.00,1.31
2014.10.17 10:59:25.784,1.36481,1.36487,1.00,1.69
2014.10.17 10:59:26.087,1.36475,1.3648,1.00,2.81
2014.10.17 10:59:26.188,1.36473,1.36479,1.00,1.69
2014.10.17 10:59:26.499,1.36473,1.36479,1.00,7.39
2014.10.17 10:59:27.017,1.36472,1.36479,1.00,7.01
2014.10.17 10:59:27.522,1.36472,1.36476,1.00,1.00
2014.10.17 10:59:28.240,1.36472,1.36476,1.00,1.62
2014.10.17 10:59:28.543,1.36472,1.36476,1.00,1.25
2014.10.17 10:59:29.736,1.36472,1.36475,1.00,1.12
2014.10.17 10:59:29.989,1.3647,1.36475,1.00,2.06
2014.10.17 10:59:30.191,1.36472,1.36475,1.00,2.06
2014.10.17 10:59:30.293,1.3647,1.36475,1.00,2.06
2014.10.17 10:59:30.825,1.3647,1.36473,1.00,1.00
2014.10.17 10:59:31.029,1.3647,1.36475,1.00,1.31
2014.10.17 10:59:31.231,1.3647,1.36475,1.00,1.62
2014.10.17 10:59:31.441,1.3647,1.36475,1.00,1.31
2014.10.17 10:59:31.543,1.3647,1.36475,1.00,1.62
2014.10.17 10:59:32.378,1.3647,1.36475,1.00,2.06
2014.10.17 10:59:33.207,1.36471,1.36475,1.00,1.31
2014.10.17 10:59:34.495,1.36471,1.36476,1.00,2.06
2014.10.17 10:59:35.000,1.36472,1.36476,1.00,2.06
2014.10.17 10:59:36.039,1.36472,1.36476,1.00,1.62
2014.10.17 10:59:37.173,1.36471,1.36475,1.00,1.37
2014.10.17 10:59:37.677,1.36469,1.36474,1.00,1.12
2014.10.17 10:59:37.778,1.36468,1.36474,1.00,2.81
2014.10.17 10:59:38.283,1.36468,1.36471,1.00,1.50
2014.10.17 10:59:38.588,1.36466,1.36471,1.00,1.00
2014.10.17 10:59:38.690,1.36464,1.3647,2.44,1.37
2014.10.17 10:59:38.841,1.36465,1.36469,1.00,1.12
2014.10.17 10:59:39.360,1.36464,1.3647,1.00,1.69
2014.10.17 10:59:39.411,1.36464,1.3647,1.00,2.44
2014.10.17 10:59:40.439,1.36464,1.3647,1.00,5.81
2014.10.17 10:59:40.745,1.36463,1.36466,1.50,1.37
2014.10.17 10:59:41.439,1.36463,1.36467,1.00,1.37
2014.10.17 10:59:42.306,1.36463,1.36467,1.00,1.12
2014.10.17 10:59:42.616,1.36467,1.36469,1.00,1.50
2014.10.17 10:59:42.717,1.36468,1.36472,1.00,2.25
2014.10.17 10:59:42.819,1.3647,1.36472,1.00,1.50
2014.10.17 10:59:42.970,1.36469,1.36474,1.00,2.06
2014.10.17 10:59:43.325,1.36471,1.36475,1.00,1.87
2014.10.17 10:59:43.629,1.36472,1.36476,1.00,1.62
2014.10.17 10:59:44.151,1.3647,1.36476,1.00,2.81
2014.10.17 10:59:47.123,1.36466,1.36469,1.00,1.00
2014.10.17 10:59:47.686,1.36466,1.3647,1.00,1.25
2014.10.17 10:59:50.346,1.36468,1.36471,1.00,1.69
2014.10.17 10:59:50.498,1.36469,1.36473,1.00,1.00
2014.10.17 10:59:51.004,1.36468,1.36472,1.50,2.44
2014.10.17 10:59:51.386,1.36463,1.36468,5.25,1.69
2014.10.17 10:59:51.437,1.36462,1.36467,1.00,1.69
2014.10.17 10:59:51.488,1.36459,1.36464,1.00,1.00
2014.10.17 10:59:51.690,1.36456,1.36464,1.62,1.50
2014.10.17 10:59:51.892,1.36456,1.36462,1.00,1.00
2014.10.17 10:59:52.296,1.36458,1.36462,1.00,1.00
2014.10.17 10:59:52.599,1.36462,1.36465,1.00,1.00
2014.10.17 10:59:53.103,1.36462,1.36467,1.00,2.06
2014.10.17 10:59:53.759,1.36462,1.36467,1.00,2.06
2014.10.17 10:59:53.960,1.36461,1.36466,1.00,1.37
2014.10.17 10:59:54.263,1.36456,1.36464,1.50,1.69
2014.10.17 10:59:54.314,1.36456,1.36462,1.00,3.19
2014.10.17 10:59:54.415,1.36454,1.3646,2.25,2.25
2014.10.17 10:59:55.016,1.36453,1.36458,1.25,1.50
2014.10.17 10:59:55.522,1.36453,1.36458,1.00,2.81
2014.10.17 10:59:56.027,1.36453,1.36458,1.00,2.06
2014.10.17 10:59:56.330,1.36453,1.36458,1.00,2.06
2014.10.17 10:59:56.380,1.36451,1.36458,1.25,2.06
2014.10.17 10:59:56.482,1.36449,1.36455,1.25,1.00
2014.10.17 10:59:56.583,1.36449,1.36451,1.00,1.50
2014.10.17 10:59:56.886,1.36447,1.36451,1.25,1.50
2014.10.17 10:59:57.290,1.36445,1.36451,1.00,2.44
2014.10.17 10:59:57.341,1.36444,1.36448,1.00,1.25
2014.10.17 10:59:57.392,1.36442,1.36448,1.12,1.69
2014.10.17 10:59:57.898,1.36442,1.36447,1.87,1.50
2014.10.17 10:59:58.406,1.36444,1.36447,1.00,1.50
