2018.05.30 11:00:00.141,1.26621,1.26629,2.51,2.74
2018.05.30 11:00:00.659,1.26619,1.26624,1.69,2.51
2018.05.30 11:00:00.992,1.26599,1.26601,1.37,1.00
2018.05.30 11:00:01.203,1.26596,1.26601,1.31,1.12
2018.05.30 11:00:01.666,1.26596,1.26602,1.76,1.50
2018.05.30 11:00:01.769,1.26595,1.266,2.14,1.00
2018.05.30 11:00:02.311,1.26597,1.26602,1.12,1.95
2018.05.30 11:00:04.233,1.26595,1.26599,1.94,1.00
2018.05.30 11:00:04.287,1.26593,1.26599,3.07,1.00
2018.05.30 11:00:04.340,1.26593,1.26597,2.62,1.00
2018.05.30 11:00:04.983,1.26595,1.26598,1.20,1.00
2018.05.30 11:00:05.510,1.26594,1.26598,1.95,1.00
2018.05.30 11:00:05.906,1.26597,1.26601,1.20,1.00
2018.05.30 11:00:06.059,1.26597,1.26603,2.70,1.50
2018.05.30 11:00:06.967,1.26598,1.26603,1.95,1.12
2018.05.30 11:00:07.222,1.266,1.26605,3.07,1.00
2018.05.30 11:00:07.325,1.266,1.26606,3.07,1.00
2018.05.30 11:00:07.788,1.26601,1.26603,1.45,1.00
2018.05.30 11:00:07.891,1.266,1.26602,1.45,1.00
2018.05.30 11:00:08.656,1.266,1.26603,1.10,1.00
2018.05.30 11:00:09.257,1.266,1.26603,1.07,1.00
2018.05.30 11:00:09.669,1.26599,1.26603,1.10,1.50
2018.05.30 11:00:09.822,1.26599,1.266,1.20,1.00
2018.05.30 11:00:10.358,1.26599,1.26601,1.10,1.50
2018.05.30 11:00:10.892,1.26597,1.26602,1.57,1.00
2018.05.30 11:00:11.442,1.26599,1.26602,1.07,1.50
2018.05.30 11:00:11.829,1.26598,1.26599,1.20,1.00
2018.05.30 11:00:12.027,1.26594,1.26595,1.00,1.00
2018.05.30 11:00:12.079,1.26591,1.26595,1.45,1.50
2018.05.30 11:00:12.336,1.26591,1.26593,1.20,1.00
2018.05.30 11:00:13.299,1.26591,1.26594,1.47,1.00
2018.05.30 11:00:13.405,1.26591,1.26597,2.14,1.87
2018.05.30 11:00:13.458,1.26591,1.26597,3.07,1.87
2018.05.30 11:00:13.967,1.26592,1.26596,1.57,1.00
2018.05.30 11:00:14.277,1.26591,1.26593,1.45,1.00
2018.05.30 11:00:15.537,1.2659,1.26595,2.89,1.00
2018.05.30 11:00:16.055,1.26591,1.26595,1.95,1.00
2018.05.30 11:00:16.718,1.26592,1.26596,1.47,1.00
2018.05.30 11:00:17.184,1.26594,1.26599,1.75,1.50
2018.05.30 11:00:17.487,1.26601,1.26606,1.20,1.75
2018.05.30 11:00:18.127,1.26601,1.26603,1.10,1.00
2018.05.30 11:00:18.180,1.26601,1.26605,1.07,1.50
2018.05.30 11:00:18.730,1.26601,1.26604,1.20,1.00
2018.05.30 11:00:19.269,1.26601,1.26605,1.10,1.50
2018.05.30 11:00:20.763,1.26603,1.26606,2.25,1.00
2018.05.30 11:00:20.888,1.26603,1.26608,1.20,3.00
2018.05.30 11:00:20.940,1.26601,1.26604,2.32,1.00
2018.05.30 11:00:20.992,1.266,1.26606,1.95,2.62
2018.05.30 11:00:21.301,1.26603,1.26605,1.45,1.00
2018.05.30 11:00:21.685,1.26604,1.26607,1.07,1.00
2018.05.30 11:00:22.047,1.26605,1.26609,1.20,1.00
2018.05.30 11:00:22.254,1.26605,1.26609,2.14,1.00
2018.05.30 11:00:22.390,1.26605,1.26611,1.45,1.00
2018.05.30 11:00:22.443,1.26605,1.26608,1.95,1.00
2018.05.30 11:00:22.760,1.26603,1.26606,1.95,1.00
2018.05.30 11:00:23.119,1.26602,1.26605,1.95,1.00
2018.05.30 11:00:23.693,1.26596,1.26598,1.00,1.00
2018.05.30 11:00:23.744,1.26596,1.26599,2.25,1.00
2018.05.30 11:00:24.290,1.26597,1.26599,1.47,1.00
2018.05.30 11:00:24.342,1.26597,1.26601,1.47,1.00
2018.05.30 11:00:24.597,1.26597,1.26604,2.89,1.50
2018.05.30 11:00:25.051,1.26599,1.26601,1.20,1.00
2018.05.30 11:00:25.205,1.26598,1.26602,1.20,1.00
2018.05.30 11:00:25.358,1.26599,1.26604,1.20,1.12
2018.05.30 11:00:25.460,1.26599,1.26605,2.14,1.00
2018.05.30 11:00:25.780,1.266,1.26603,1.10,1.00
2018.05.30 11:00:26.255,1.266,1.26605,1.07,1.00
2018.05.30 11:00:26.776,1.26601,1.26604,1.10,1.00
2018.05.30 11:00:27.243,1.266,1.26603,1.45,1.00
2018.05.30 11:00:27.551,1.26597,1.26601,1.95,1.00
2018.05.30 11:00:27.604,1.26599,1.26602,2.70,1.00
2018.05.30 11:00:28.150,1.26599,1.26601,1.07,1.00
2018.05.30 11:00:28.358,1.26598,1.26603,1.47,1.50
2018.05.30 11:00:28.409,1.26599,1.26601,1.10,1.00
2018.05.30 11:00:28.871,1.26599,1.26603,1.10,1.00
2018.05.30 11:00:29.616,1.26598,1.26603,3.00,1.00
2018.05.30 11:00:30.523,1.26599,1.26602,1.45,1.00
2018.05.30 11:00:30.679,1.26599,1.26601,1.20,1.00
2018.05.30 11:00:30.784,1.26597,1.266,1.20,1.00
2018.05.30 11:00:31.155,1.26594,1.26596,1.00,1.00
2018.05.30 11:00:31.312,1.2659,1.26593,1.10,1.00
2018.05.30 11:00:31.568,1.26587,1.2659,1.20,1.12
2018.05.30 11:00:31.620,1.26585,1.26587,1.00,1.00
2018.05.30 11:00:32.127,1.26587,1.26591,1.00,1.00
2018.05.30 11:00:32.179,1.26587,1.26593,1.00,1.10
2018.05.30 11:00:32.232,1.26587,1.26592,3.00,1.00
2018.05.30 11:00:32.756,1.26587,1.26591,2.89,1.00
2018.05.30 11:00:32.910,1.26589,1.26593,1.10,1.00
2018.05.30 11:00:33.013,1.26589,1.26596,1.07,1.87
2018.05.30 11:00:33.234,1.26588,1.26596,4.95,1.87
2018.05.30 11:00:33.658,1.26591,1.26593,1.45,1.00
2018.05.30 11:00:33.710,1.26591,1.26594,1.10,1.00
2018.05.30 11:00:34.213,1.26588,1.26592,1.95,1.00
2018.05.30 11:00:34.521,1.26588,1.2659,1.10,1.00
2018.05.30 11:00:34.865,1.26587,1.26589,1.95,1.00
2018.05.30 11:00:35.407,1.26587,1.26589,1.47,1.00
2018.05.30 11:00:35.926,1.26587,1.26589,1.10,1.00
2018.05.30 11:00:36.098,1.26587,1.2659,1.45,1.87
2018.05.30 11:00:36.204,1.26584,1.26588,1.95,1.00
2018.05.30 11:00:36.720,1.26584,1.26587,1.45,1.00
2018.05.30 11:00:38.334,1.26582,1.26586,1.45,1.00
2018.05.30 11:00:38.489,1.26582,1.26586,1.45,1.00
2018.05.30 11:00:38.820,1.26582,1.26588,1.45,1.12
2018.05.30 11:00:39.348,1.26582,1.26588,1.95,1.12
2018.05.30 11:00:40.732,1.26583,1.26586,1.45,1.00
2018.05.30 11:00:41.619,1.26583,1.26587,1.45,1.00
2018.05.30 11:00:42.162,1.26584,1.26587,1.07,1.00
2018.05.30 11:00:46.142,1.26582,1.26586,1.95,1.00
2018.05.30 11:00:46.244,1.2658,1.26583,1.95,1.00
2018.05.30 11:00:46.398,1.2658,1.26585,1.95,1.00
2018.05.30 11:00:46.552,1.26582,1.26587,1.00,1.50
2018.05.30 11:00:46.603,1.26582,1.26588,1.70,1.00
2018.05.30 11:00:47.179,1.26583,1.26589,1.45,3.00
2018.05.30 11:00:49.136,1.26582,1.26589,2.32,1.00
2018.05.30 11:00:49.670,1.26582,1.26588,1.70,1.00
2018.05.30 11:00:50.499,1.26583,1.26589,1.45,1.87
2018.05.30 11:00:51.050,1.26583,1.26588,1.45,1.00
2018.05.30 11:00:51.362,1.26583,1.26586,1.00,1.10
2018.05.30 11:00:52.136,1.26581,1.26588,2.06,2.70
2018.05.30 11:00:53.265,1.26583,1.26588,1.00,2.51
2018.05.30 11:00:53.317,1.26582,1.26588,1.69,2.51
2018.05.30 11:00:53.369,1.26582,1.26588,1.69,2.32
2018.05.30 11:00:54.304,1.2658,1.26582,1.00,1.00
2018.05.30 11:00:54.564,1.26571,1.26575,1.00,2.21
2018.05.30 11:00:54.624,1.2657,1.26573,1.00,2.14
2018.05.30 11:00:54.838,1.26565,1.2657,2.44,1.57
2018.05.30 11:00:55.195,1.26565,1.26567,1.00,1.00
2018.05.30 11:00:55.249,1.26561,1.26566,1.69,1.50
2018.05.30 11:00:55.302,1.26561,1.26565,1.00,1.45
2018.05.30 11:00:55.822,1.2656,1.26564,1.00,1.45
2018.05.30 11:00:56.424,1.26559,1.26563,1.00,1.95
2018.05.30 11:00:56.528,1.26558,1.26563,1.50,3.07
2018.05.30 11:00:57.017,1.26563,1.26565,1.00,4.95
2018.05.30 11:00:57.226,1.26567,1.26572,3.19,1.45
2018.05.30 11:00:57.735,1.26567,1.26572,2.25,1.45
2018.05.30 11:00:58.308,1.26566,1.26571,4.31,1.45
2018.05.30 11:00:59.214,1.26565,1.26567,1.25,2.87
2018.05.30 11:00:59.492,1.26552,1.26557,2.25,1.00
2018.05.30 11:00:59.648,1.2655,1.26555,1.95,1.00
2018.05.30 11:00:59.701,1.26549,1.26554,1.12,1.00
2018.05.30 11:00:59.962,1.26547,1.26553,1.00,1.95
2018.05.30 11:01:00.247,1.26543,1.26549,1.12,1.10
2018.05.30 11:01:00.350,1.26545,1.2655,1.00,2.89
2018.05.30 11:01:00.780,1.26545,1.26549,1.00,1.57
2018.05.30 11:01:01.590,1.26547,1.26551,1.59,1.95
2018.05.30 11:01:01.695,1.26549,1.26551,1.00,1.10
2018.05.30 11:01:02.212,1.26548,1.26553,1.00,2.70
2018.05.30 11:01:02.924,1.26548,1.26553,1.00,3.45
2018.05.30 11:01:03.434,1.26549,1.26553,1.00,3.45
2018.05.30 11:01:03.852,1.26546,1.2655,1.00,1.57
2018.05.30 11:01:03.956,1.26544,1.26549,1.00,1.00
2018.05.30 11:01:04.009,1.26544,1.26549,1.00,1.95
2018.05.30 11:01:04.360,1.26539,1.26545,2.62,1.57
2018.05.30 11:01:04.466,1.26537,1.26543,1.50,1.95
2018.05.30 11:01:04.520,1.26534,1.26541,2.32,1.50
2018.05.30 11:01:04.831,1.26531,1.26536,4.31,1.00
2018.05.30 11:01:05.086,1.26532,1.26538,1.50,1.01
2018.05.30 11:01:05.189,1.26531,1.26536,2.51,1.00
2018.05.30 11:01:05.763,1.26532,1.26537,1.50,1.25
2018.05.30 11:01:06.078,1.2653,1.26535,1.75,1.00
2018.05.30 11:01:06.453,1.26529,1.26533,1.69,1.44
2018.05.30 11:01:06.658,1.2653,1.26536,1.88,1.57
2018.05.30 11:01:07.195,1.26531,1.26537,1.57,1.00
2018.05.30 11:01:07.402,1.26535,1.2654,1.44,1.10
2018.05.30 11:01:07.505,1.26537,1.26543,1.00,1.39
2018.05.30 11:01:07.557,1.26536,1.26541,1.57,1.00
2018.05.30 11:01:07.688,1.26537,1.26544,1.25,2.70
2018.05.30 11:01:07.740,1.26537,1.26544,3.19,1.95
2018.05.30 11:01:08.047,1.26542,1.26545,1.00,1.07
2018.05.30 11:01:09.009,1.2654,1.26544,1.00,1.00
2018.05.30 11:01:09.166,1.26537,1.26539,1.07,1.00
2018.05.30 11:01:09.386,1.26535,1.26537,1.00,1.00
2018.05.30 11:01:09.489,1.26535,1.26538,1.00,1.00
2018.05.30 11:01:09.852,1.26532,1.26538,1.57,1.00
2018.05.30 11:01:09.905,1.26535,1.2654,1.00,1.07
2018.05.30 11:01:10.225,1.26538,1.26545,2.44,1.57
2018.05.30 11:01:10.332,1.26545,1.26551,1.50,1.00
2018.05.30 11:01:10.385,1.26546,1.2655,1.12,1.45
2018.05.30 11:01:10.438,1.26547,1.26552,3.00,1.57
2018.05.30 11:01:10.492,1.2655,1.26554,1.00,1.20
2018.05.30 11:01:10.663,1.26552,1.26555,2.25,1.00
2018.05.30 11:01:10.715,1.26553,1.26558,1.50,1.20
2018.05.30 11:01:10.975,1.26555,1.26559,3.00,1.00
2018.05.30 11:01:11.488,1.26555,1.2656,2.25,1.00
2018.05.30 11:01:11.541,1.26555,1.2656,2.25,2.70
2018.05.30 11:01:12.057,1.26555,1.26559,1.00,1.95
2018.05.30 11:01:12.587,1.26555,1.26558,1.00,1.45
2018.05.30 11:01:12.944,1.26552,1.26558,1.00,1.95
2018.05.30 11:01:13.331,1.26555,1.2656,1.00,4.57
2018.05.30 11:01:15.502,1.26554,1.2656,1.12,5.89
2018.05.30 11:01:16.017,1.26556,1.26559,1.31,1.45
2018.05.30 11:01:16.123,1.26563,1.26569,3.94,1.00
2018.05.30 11:01:16.176,1.26567,1.2657,1.00,1.00
2018.05.30 11:01:16.383,1.26567,1.26573,1.69,1.57
2018.05.30 11:01:16.927,1.26567,1.26573,1.69,1.57
2018.05.30 11:01:17.286,1.26566,1.26569,3.19,1.00
2018.05.30 11:01:17.338,1.26565,1.26569,1.00,1.00
2018.05.30 11:01:17.874,1.26563,1.26568,2.25,1.10
2018.05.30 11:01:18.691,1.26563,1.26567,2.25,1.00
2018.05.30 11:01:19.224,1.26563,1.26568,2.25,1.10
2018.05.30 11:01:19.768,1.26564,1.26568,1.00,1.10
2018.05.30 11:01:19.973,1.26564,1.26567,1.00,1.20
2018.05.30 11:01:20.574,1.26563,1.26565,2.50,1.00
2018.05.30 11:01:20.886,1.26562,1.26567,1.00,2.89
2018.05.30 11:01:21.041,1.26562,1.26566,1.00,1.95
2018.05.30 11:01:22.041,1.26564,1.26567,1.00,1.07
2018.05.30 11:01:22.381,1.26564,1.2657,1.50,3.82
2018.05.30 11:01:22.537,1.26563,1.26568,3.94,1.45
2018.05.30 11:01:22.945,1.26562,1.26568,5.44,1.95
2018.05.30 11:01:23.447,1.26563,1.26567,1.00,1.45
2018.05.30 11:01:24.811,1.26563,1.26569,2.25,1.45
2018.05.30 11:01:25.145,1.26569,1.26575,1.69,3.07
2018.05.30 11:01:25.711,1.26569,1.26571,1.00,1.00
2018.05.30 11:01:25.765,1.26566,1.26569,1.50,1.00
2018.05.30 11:01:25.818,1.26566,1.26571,1.37,1.00
2018.05.30 11:01:25.896,1.26566,1.26571,1.00,1.70
2018.05.30 11:01:26.006,1.26566,1.26571,1.00,1.10
2018.05.30 11:01:26.160,1.26565,1.26569,1.00,1.10
2018.05.30 11:01:26.265,1.26562,1.26567,3.94,1.10
2018.05.30 11:01:26.420,1.26564,1.26569,1.00,1.57
2018.05.30 11:01:26.752,1.26562,1.26565,1.00,1.00
2018.05.30 11:01:27.306,1.26562,1.26566,2.25,1.20
2018.05.30 11:01:27.409,1.26561,1.26566,1.50,1.10
2018.05.30 11:01:28.551,1.26563,1.26569,1.00,2.32
2018.05.30 11:01:28.814,1.26564,1.26569,1.50,1.07
2018.05.30 11:01:28.867,1.26566,1.26571,2.25,1.95
2018.05.30 11:01:29.440,1.26568,1.26571,1.31,1.10
2018.05.30 11:01:29.495,1.26569,1.26575,2.62,1.95
2018.05.30 11:01:29.705,1.2657,1.26576,1.69,1.07
2018.05.30 11:01:30.089,1.26574,1.26577,1.00,1.45
2018.05.30 11:01:30.627,1.26574,1.26579,1.00,1.45
2018.05.30 11:01:31.155,1.26573,1.2658,2.44,3.07
2018.05.30 11:01:31.658,1.26573,1.2658,4.31,3.07
2018.05.30 11:01:33.665,1.26574,1.26579,3.19,1.20
2018.05.30 11:01:33.907,1.26572,1.26577,1.25,1.57
2018.05.30 11:01:34.066,1.26571,1.26575,3.94,1.00
2018.05.30 11:01:34.412,1.26571,1.26573,1.69,1.00
2018.05.30 11:01:34.949,1.26567,1.2657,3.19,1.00
2018.05.30 11:01:36.341,1.26566,1.26573,3.00,1.20
2018.05.30 11:01:38.339,1.26566,1.26568,1.00,1.00
2018.05.30 11:01:38.649,1.26562,1.26564,1.50,1.10
2018.05.30 11:01:39.163,1.26562,1.26563,1.50,1.00
2018.05.30 11:01:39.525,1.26559,1.26563,5.44,1.10
2018.05.30 11:01:41.878,1.26561,1.26564,1.00,1.10
2018.05.30 11:01:42.425,1.26561,1.26563,1.00,1.10
2018.05.30 11:01:42.579,1.26558,1.26561,1.00,1.00
2018.05.30 11:01:42.635,1.26556,1.26558,1.87,1.00
2018.05.30 11:01:42.943,1.26552,1.26553,1.50,1.00
2018.05.30 11:01:43.433,1.26549,1.26553,1.50,1.10
2018.05.30 11:01:43.486,1.26549,1.2655,1.00,1.00
2018.05.30 11:01:44.175,1.26548,1.26551,2.25,1.00
2018.05.30 11:01:44.561,1.26548,1.26551,1.00,1.00
2018.05.30 11:01:45.080,1.26546,1.26551,1.50,1.20
2018.05.30 11:01:45.288,1.26547,1.26553,1.50,1.45
2018.05.30 11:01:45.341,1.26548,1.26553,1.38,1.10
2018.05.30 11:01:45.868,1.26549,1.26554,1.50,1.07
2018.05.30 11:01:46.526,1.26551,1.26556,2.63,2.14
2018.05.30 11:01:46.714,1.26552,1.26557,1.13,1.20
2018.05.30 11:01:46.821,1.26555,1.2656,1.69,1.95
2018.05.30 11:01:47.136,1.26558,1.26562,1.00,1.45
2018.05.30 11:01:47.687,1.26558,1.26561,1.00,1.95
2018.05.30 11:01:47.792,1.26554,1.26558,1.31,1.00
2018.05.30 11:01:47.897,1.26553,1.26555,2.62,1.00
2018.05.30 11:01:48.002,1.26551,1.26554,2.25,1.00
2018.05.30 11:01:48.330,1.26551,1.26556,2.25,1.01
2018.05.30 11:01:48.489,1.26551,1.26555,2.25,1.20
2018.05.30 11:01:48.904,1.26551,1.26559,4.31,2.70
2018.05.30 11:01:49.085,1.26553,1.26559,2.06,2.51
2018.05.30 11:01:49.144,1.26556,1.26561,1.13,1.95
2018.05.30 11:01:49.248,1.26557,1.26562,1.00,1.57
2018.05.30 11:01:49.785,1.26557,1.26562,1.00,1.57
2018.05.30 11:01:50.192,1.26561,1.26566,1.69,1.76
2018.05.30 11:01:50.295,1.26561,1.26566,1.00,1.57
2018.05.30 11:01:50.346,1.26562,1.26568,2.25,1.82
2018.05.30 11:01:50.947,1.26562,1.26568,2.25,1.70
2018.05.30 11:01:51.424,1.26561,1.26567,3.00,1.58
2018.05.30 11:01:52.535,1.26561,1.26568,4.31,1.70
2018.05.30 11:01:52.587,1.26562,1.26568,2.44,1.70
2018.05.30 11:01:52.877,1.26561,1.26565,1.00,1.00
2018.05.30 11:01:52.931,1.26561,1.26563,1.00,1.10
2018.05.30 11:01:53.484,1.26557,1.26562,3.75,1.58
2018.05.30 11:01:54.029,1.26557,1.26563,3.75,1.57
2018.05.30 11:01:54.444,1.26557,1.26564,3.00,2.89
2018.05.30 11:01:54.661,1.26557,1.26564,3.00,2.89
2018.05.30 11:01:56.977,1.26557,1.26564,3.00,2.70
2018.05.30 11:01:57.601,1.26557,1.26562,3.94,1.00
2018.05.30 11:01:58.110,1.26558,1.26562,1.00,1.39
2018.05.30 11:01:58.632,1.26558,1.26562,1.00,1.95
2018.05.30 11:01:59.138,1.26555,1.26557,1.00,1.01
2018.05.30 11:02:00.205,1.26553,1.26557,1.00,1.95
2018.05.30 11:02:00.460,1.26553,1.26557,1.00,2.33
2018.05.30 11:02:01.287,1.26551,1.26557,1.50,2.51
2018.05.30 11:02:02.664,1.26551,1.26556,1.50,1.39
2018.05.30 11:02:03.306,1.26549,1.26554,3.75,1.20
2018.05.30 11:02:03.416,1.26549,1.2655,1.00,1.00
2018.05.30 11:02:03.631,1.26543,1.26548,2.06,1.48
2018.05.30 11:02:03.907,1.26543,1.26547,1.69,1.58
2018.05.30 11:02:04.063,1.26543,1.26547,1.00,1.10
2018.05.30 11:02:04.610,1.26543,1.26547,1.00,1.20
2018.05.30 11:02:04.873,1.26539,1.26541,3.00,1.00
2018.05.30 11:02:05.084,1.26535,1.26539,2.25,1.00
2018.05.30 11:02:05.242,1.2654,1.26543,1.87,1.10
2018.05.30 11:02:05.380,1.26542,1.26544,1.00,1.20
2018.05.30 11:02:05.433,1.26542,1.26547,1.50,1.67
2018.05.30 11:02:06.042,1.26542,1.26544,1.00,1.10
2018.05.30 11:02:06.576,1.2654,1.26543,1.50,1.20
2018.05.30 11:02:06.627,1.26538,1.26543,1.00,1.57
2018.05.30 11:02:06.679,1.2654,1.26544,1.00,1.10
2018.05.30 11:02:07.019,1.26554,1.26558,2.81,1.00
2018.05.30 11:02:07.124,1.26555,1.2656,1.12,1.00
2018.05.30 11:02:07.641,1.26554,1.2656,4.20,1.00
2018.05.30 11:02:07.880,1.26561,1.26562,1.00,1.00
2018.05.30 11:02:07.984,1.26572,1.26574,1.00,1.25
2018.05.30 11:02:08.036,1.26577,1.26578,1.00,1.25
2018.05.30 11:02:08.088,1.26576,1.26581,2.06,1.00
2018.05.30 11:02:08.140,1.26579,1.26584,1.00,2.32
2018.05.30 11:02:08.193,1.26581,1.26584,1.50,1.45
2018.05.30 11:02:08.297,1.26581,1.26586,1.69,1.00
2018.05.30 11:02:08.613,1.2658,1.26585,3.26,1.00
2018.05.30 11:02:10.052,1.26579,1.26583,1.39,1.00
2018.05.30 11:02:10.361,1.26582,1.26588,1.00,2.70
2018.05.30 11:02:10.479,1.26585,1.2659,1.69,1.10
2018.05.30 11:02:10.838,1.26586,1.26591,3.45,1.00
2018.05.30 11:02:11.145,1.266,1.26601,1.00,4.39
2018.05.30 11:02:11.264,1.26603,1.26607,3.00,1.25
2018.05.30 11:02:11.317,1.26605,1.2661,1.20,1.25
2018.05.30 11:02:11.525,1.26608,1.26609,1.00,1.00
2018.05.30 11:02:11.577,1.26606,1.26608,1.31,1.00
2018.05.30 11:02:11.833,1.26604,1.26607,1.12,1.00
2018.05.30 11:02:12.005,1.26603,1.26605,1.69,1.00
2018.05.30 11:02:12.166,1.26594,1.266,1.57,2.25
2018.05.30 11:02:12.219,1.26594,1.26595,1.20,1.00
2018.05.30 11:02:12.377,1.26587,1.26593,1.50,1.12
2018.05.30 11:02:12.484,1.26592,1.26597,1.00,1.95
2018.05.30 11:02:12.537,1.26593,1.26596,1.00,2.32
2018.05.30 11:02:12.615,1.26593,1.26596,3.00,2.32
2018.05.30 11:02:12.669,1.26594,1.266,1.50,1.07
2018.05.30 11:02:12.726,1.26595,1.26601,1.20,1.12
2018.05.30 11:02:12.779,1.26595,1.26601,2.32,1.00
2018.05.30 11:02:13.109,1.26594,1.26598,1.50,1.00
2018.05.30 11:02:13.215,1.26594,1.266,1.87,1.00
2018.05.30 11:02:13.269,1.26597,1.26601,2.44,1.00
2018.05.30 11:02:13.529,1.26599,1.26604,1.12,1.00
2018.05.30 11:02:13.843,1.26597,1.26603,1.57,1.00
2018.05.30 11:02:13.948,1.26596,1.26601,2.32,1.00
2018.05.30 11:02:14.104,1.26596,1.26603,2.32,1.01
2018.05.30 11:02:14.209,1.26596,1.26601,2.32,1.00
2018.05.30 11:02:14.754,1.26596,1.266,3.00,1.00
2018.05.30 11:02:15.266,1.26595,1.266,2.44,1.00
2018.05.30 11:02:15.796,1.26595,1.26599,1.75,1.00
2018.05.30 11:02:16.005,1.2659,1.26596,2.51,1.44
2018.05.30 11:02:16.057,1.2659,1.26592,2.70,1.00
2018.05.30 11:02:16.159,1.26586,1.26592,2.32,1.00
2018.05.30 11:02:16.210,1.26586,1.2659,1.57,1.00
2018.05.30 11:02:16.433,1.2658,1.26586,3.07,1.13
2018.05.30 11:02:16.486,1.2658,1.26584,2.25,1.00
2018.05.30 11:02:16.538,1.26578,1.26582,1.20,1.00
2018.05.30 11:02:16.592,1.26578,1.26584,1.10,1.00
2018.05.30 11:02:16.646,1.26578,1.26581,1.00,1.00
2018.05.30 11:02:16.750,1.26578,1.26583,1.00,1.50
2018.05.30 11:02:16.959,1.26578,1.26585,1.50,1.00
2018.05.30 11:02:17.099,1.26578,1.26583,1.32,1.00
2018.05.30 11:02:17.586,1.2658,1.26585,1.88,1.10
2018.05.30 11:02:17.892,1.26588,1.26589,1.25,1.00
2018.05.30 11:02:17.944,1.26588,1.26592,3.00,2.62
2018.05.30 11:02:17.997,1.26588,1.26594,1.95,1.00
2018.05.30 11:02:18.101,1.26591,1.26594,1.50,1.00
2018.05.30 11:02:18.154,1.26591,1.26596,1.69,1.57
2018.05.30 11:02:18.850,1.26591,1.26595,1.50,1.00
2018.05.30 11:02:19.319,1.26592,1.26598,1.12,2.32
2018.05.30 11:02:19.531,1.26591,1.26597,1.50,1.58
2018.05.30 11:02:19.880,1.26591,1.26592,1.50,1.00
2018.05.30 11:02:20.095,1.26591,1.26594,1.50,1.10
2018.05.30 11:02:20.630,1.26591,1.26593,1.50,1.00
2018.05.30 11:02:20.682,1.26591,1.26595,1.50,1.25
2018.05.30 11:02:21.113,1.26591,1.26593,1.50,1.00
2018.05.30 11:02:21.677,1.26589,1.26593,2.25,1.00
2018.05.30 11:02:22.420,1.26589,1.26594,2.44,1.00
2018.05.30 11:02:22.945,1.2659,1.26594,1.00,1.00
2018.05.30 11:02:23.702,1.2659,1.26591,1.00,1.00
2018.05.30 11:02:23.756,1.26585,1.26589,4.20,1.00
2018.05.30 11:02:23.809,1.26585,1.26588,1.50,1.00
2018.05.30 11:02:24.071,1.26581,1.26584,1.10,1.00
2018.05.30 11:02:24.441,1.2658,1.26582,2.50,1.00
2018.05.30 11:02:24.493,1.26581,1.26584,1.00,1.20
2018.05.30 11:02:24.650,1.26576,1.26581,3.26,1.00
2018.05.30 11:02:25.200,1.26576,1.2658,1.00,1.00
2018.05.30 11:02:25.722,1.26576,1.26582,1.00,2.06
2018.05.30 11:02:25.930,1.26578,1.26582,1.00,1.00
2018.05.30 11:02:26.619,1.26578,1.26582,2.06,1.00
2018.05.30 11:02:26.839,1.26578,1.26584,3.82,1.50
2018.05.30 11:02:27.049,1.26581,1.26586,1.00,1.57
2018.05.30 11:02:27.102,1.26583,1.26588,1.50,1.95
2018.05.30 11:02:27.206,1.26585,1.26588,1.00,1.10
2018.05.30 11:02:27.728,1.26585,1.2659,1.00,2.32
2018.05.30 11:02:27.884,1.26585,1.2659,2.25,1.50
2018.05.30 11:02:28.195,1.26589,1.26593,1.50,1.00
2018.05.30 11:02:28.506,1.26589,1.2659,1.50,1.00
2018.05.30 11:02:28.652,1.26586,1.26591,3.07,1.00
2018.05.30 11:02:28.860,1.26587,1.26593,1.00,1.57
2018.05.30 11:02:29.068,1.26588,1.26593,1.50,1.00
2018.05.30 11:02:30.310,1.26588,1.26594,1.69,1.87
2018.05.30 11:02:30.670,1.2659,1.26594,2.25,1.10
2018.05.30 11:02:31.653,1.2659,1.26593,2.25,1.00
2018.05.30 11:02:31.705,1.26589,1.26593,1.00,1.00
2018.05.30 11:02:32.285,1.26589,1.26595,1.00,1.95
2018.05.30 11:02:32.338,1.2659,1.26595,2.44,1.00
2018.05.30 11:02:32.943,1.26593,1.26598,1.50,1.00
2018.05.30 11:02:33.350,1.26595,1.26601,3.00,1.57
2018.05.30 11:02:33.899,1.26595,1.26602,3.37,2.25
2018.05.30 11:02:34.248,1.26593,1.26599,3.45,1.50
2018.05.30 11:02:34.559,1.26593,1.26598,1.00,1.95
2018.05.30 11:02:34.792,1.26595,1.26601,1.12,2.51
2018.05.30 11:02:35.368,1.26596,1.26602,1.00,2.70
2018.05.30 11:02:35.626,1.26597,1.26602,1.50,1.50
2018.05.30 11:02:35.857,1.26598,1.26604,3.75,1.10
2018.05.30 11:02:35.960,1.26598,1.26604,1.50,1.57
2018.05.30 11:02:37.185,1.26598,1.26604,1.50,1.95
2018.05.30 11:02:37.649,1.26598,1.26601,1.00,1.00
2018.05.30 11:02:37.752,1.26595,1.26599,1.00,1.00
2018.05.30 11:02:37.854,1.26593,1.26599,1.00,1.69
2018.05.30 11:02:38.192,1.26593,1.26597,1.50,1.00
2018.05.30 11:02:38.558,1.26596,1.26599,1.69,1.10
2018.05.30 11:02:38.664,1.26597,1.26601,1.12,1.68
2018.05.30 11:02:39.066,1.26598,1.26602,3.00,1.00
2018.05.30 11:02:39.690,1.26598,1.26601,2.25,1.00
2018.05.30 11:02:40.232,1.26596,1.26601,3.00,1.00
2018.05.30 11:02:41.152,1.26597,1.26598,1.00,1.00
2018.05.30 11:02:41.256,1.26594,1.26598,4.76,1.00
2018.05.30 11:02:41.942,1.26593,1.26598,1.69,1.12
2018.05.30 11:02:42.099,1.26595,1.26601,1.00,2.32
2018.05.30 11:02:42.152,1.26595,1.26601,1.00,1.87
2018.05.30 11:02:42.205,1.26595,1.26598,1.00,1.00
2018.05.30 11:02:42.259,1.26593,1.26599,1.10,1.00
2018.05.30 11:02:42.313,1.26593,1.26597,1.10,1.00
2018.05.30 11:02:43.380,1.26592,1.26597,5.44,1.00
2018.05.30 11:02:43.483,1.26592,1.26597,2.44,1.00
2018.05.30 11:02:44.379,1.26592,1.26595,1.00,1.00
2018.05.30 11:02:44.926,1.26591,1.26594,1.00,1.00
2018.05.30 11:02:45.031,1.26589,1.26594,1.00,1.00
2018.05.30 11:02:45.136,1.26587,1.2659,2.70,1.00
2018.05.30 11:02:45.188,1.26586,1.26588,1.00,1.50
2018.05.30 11:02:46.335,1.26585,1.26588,1.00,1.50
2018.05.30 11:02:46.859,1.26585,1.2659,1.00,1.20
2018.05.30 11:02:47.399,1.26587,1.26592,2.44,1.95
2018.05.30 11:02:47.505,1.26588,1.26593,2.25,1.10
2018.05.30 11:02:47.609,1.26589,1.26593,2.25,1.00
2018.05.30 11:02:47.817,1.2659,1.26595,1.87,1.57
2018.05.30 11:02:49.315,1.26594,1.26598,1.50,1.07
2018.05.30 11:02:49.650,1.26599,1.26603,2.25,1.00
2018.05.30 11:02:50.168,1.26599,1.26604,3.00,1.50
2018.05.30 11:02:50.682,1.26599,1.26604,2.25,1.50
2018.05.30 11:02:51.767,1.26597,1.26601,3.00,1.00
2018.05.30 11:02:51.896,1.26595,1.26598,3.19,1.00
2018.05.30 11:02:51.948,1.26592,1.26596,2.25,1.00
2018.05.30 11:02:52.053,1.26591,1.26594,1.69,1.00
2018.05.30 11:02:53.381,1.2659,1.26594,2.25,1.50
2018.05.30 11:02:53.920,1.2659,1.26593,2.25,1.00
2018.05.30 11:02:54.657,1.26591,1.26593,1.00,1.00
2018.05.30 11:02:55.794,1.2659,1.26595,1.50,1.00
2018.05.30 11:02:57.032,1.26591,1.26595,4.50,1.00
2018.05.30 11:02:57.085,1.26593,1.26598,1.12,1.20
2018.05.30 11:02:57.740,1.26594,1.26601,2.63,4.20
2018.05.30 11:02:57.875,1.26596,1.26602,1.69,3.07
2018.05.30 11:02:58.420,1.26597,1.26603,1.00,3.07
2018.05.30 11:02:58.726,1.26598,1.26603,2.25,1.50
2018.05.30 11:02:59.229,1.26601,1.26605,1.00,1.07
2018.05.30 11:02:59.333,1.26601,1.26607,2.25,2.32
2018.05.30 11:02:59.998,1.26601,1.26604,2.25,1.00
2018.05.30 11:03:00.053,1.266,1.26603,1.00,1.00
2018.05.30 11:03:00.157,1.26597,1.26602,5.51,1.00
2018.05.30 11:03:00.697,1.26596,1.26601,5.51,1.00
2018.05.30 11:03:00.957,1.26598,1.26603,1.31,1.00
2018.05.30 11:03:01.494,1.26598,1.26603,1.69,1.00
2018.05.30 11:03:01.998,1.26597,1.26604,4.95,1.50
2018.05.30 11:03:03.583,1.26599,1.26604,2.25,1.00
2018.05.30 11:03:03.794,1.26604,1.26608,1.00,1.07
2018.05.30 11:03:04.145,1.2661,1.26612,8.44,1.00
2018.05.30 11:03:04.196,1.2661,1.26613,8.44,1.00
2018.05.30 11:03:04.353,1.26609,1.26612,1.31,1.00
2018.05.30 11:03:04.459,1.26608,1.2661,1.25,1.00
2018.05.30 11:03:04.512,1.26607,1.26612,1.25,1.76
2018.05.30 11:03:05.029,1.26606,1.26612,1.69,1.95
2018.05.30 11:03:05.538,1.26608,1.26612,2.44,1.57
2018.05.30 11:03:06.740,1.26613,1.26614,1.00,1.10
2018.05.30 11:03:06.860,1.26614,1.26616,1.31,1.50
2018.05.30 11:03:06.912,1.26614,1.26618,1.12,1.50
2018.05.30 11:03:07.976,1.26617,1.26621,2.25,2.77
2018.05.30 11:03:08.028,1.26615,1.26622,2.62,1.95
2018.05.30 11:03:09.161,1.26619,1.26622,1.23,1.00
2018.05.30 11:03:09.266,1.26623,1.26627,1.00,1.00
2018.05.30 11:03:09.320,1.26626,1.26628,1.31,1.10
2018.05.30 11:03:09.523,1.26624,1.26628,1.10,1.50
2018.05.30 11:03:10.050,1.26623,1.26628,1.85,1.50
2018.05.30 11:03:10.272,1.26623,1.26626,1.85,1.00
2018.05.30 11:03:10.427,1.26622,1.26626,1.00,1.00
2018.05.30 11:03:10.478,1.26622,1.26627,3.19,1.50
2018.05.30 11:03:11.009,1.26623,1.26627,1.12,1.50
2018.05.30 11:03:11.311,1.26622,1.26625,1.75,1.00
2018.05.30 11:03:11.915,1.26622,1.26626,1.75,1.00
2018.05.30 11:03:12.018,1.2662,1.26626,5.13,1.00
2018.05.30 11:03:12.478,1.26626,1.26627,1.69,1.00
2018.05.30 11:03:12.804,1.26627,1.26629,1.19,1.00
2018.05.30 11:03:12.855,1.26627,1.26631,1.87,1.57
2018.05.30 11:03:13.491,1.26627,1.26632,2.06,1.57
2018.05.30 11:03:14.018,1.26628,1.26632,1.00,1.10
2018.05.30 11:03:14.122,1.26631,1.26634,1.37,1.57
2018.05.30 11:03:14.174,1.26632,1.26635,1.12,1.00
2018.05.30 11:03:14.676,1.2663,1.26636,1.76,1.50
2018.05.30 11:03:14.829,1.2663,1.26634,1.57,1.00
2018.05.30 11:03:15.135,1.26633,1.26636,3.26,1.00
2018.05.30 11:03:15.389,1.26633,1.26638,1.76,1.50
2018.05.30 11:03:15.856,1.26636,1.26639,2.25,1.00
2018.05.30 11:03:16.168,1.2664,1.26641,1.00,1.00
2018.05.30 11:03:16.493,1.26635,1.26638,2.32,1.00
2018.05.30 11:03:16.806,1.26636,1.26639,1.00,1.50
2018.05.30 11:03:17.252,1.26637,1.26641,1.25,1.00
2018.05.30 11:03:17.507,1.26637,1.26639,1.25,1.00
2018.05.30 11:03:18.021,1.26636,1.2664,5.44,1.50
2018.05.30 11:03:18.154,1.26638,1.26642,1.31,1.50
2018.05.30 11:03:18.206,1.26638,1.2664,1.31,1.00
2018.05.30 11:03:18.619,1.26636,1.26642,4.69,1.00
2018.05.30 11:03:20.902,1.2664,1.26643,1.00,1.12
2018.05.30 11:03:21.005,1.26641,1.26645,1.12,1.00
2018.05.30 11:03:21.507,1.26641,1.26647,2.51,1.50
2018.05.30 11:03:22.133,1.26641,1.26647,4.39,1.00
2018.05.30 11:03:22.422,1.26643,1.26645,1.31,1.00
2018.05.30 11:03:22.780,1.26641,1.26644,1.25,1.50
2018.05.30 11:03:23.285,1.2664,1.26643,1.50,1.00
2018.05.30 11:03:23.337,1.26637,1.26642,4.76,1.00
2018.05.30 11:03:23.870,1.26638,1.26643,1.39,1.00
2018.05.30 11:03:24.520,1.26638,1.26642,1.00,1.00
2018.05.30 11:03:25.041,1.26638,1.26644,5.06,1.00
2018.05.30 11:03:25.561,1.2664,1.26646,1.20,1.50
2018.05.30 11:03:26.043,1.2664,1.26646,3.82,1.00
2018.05.30 11:03:27.045,1.2664,1.26646,2.14,1.00
2018.05.30 11:03:27.452,1.2664,1.26643,1.00,1.00
2018.05.30 11:03:27.735,1.26638,1.26643,1.69,1.00
2018.05.30 11:03:28.721,1.26637,1.26643,2.51,1.00
2018.05.30 11:03:29.715,1.26638,1.26644,1.47,1.12
2018.05.30 11:03:29.871,1.26642,1.26648,1.44,3.64
2018.05.30 11:03:30.186,1.26645,1.26651,1.10,2.25
2018.05.30 11:03:30.718,1.26644,1.26649,3.26,1.00
2018.05.30 11:03:31.218,1.26644,1.26646,1.00,1.00
2018.05.30 11:03:31.761,1.26644,1.26645,1.00,1.00
2018.05.30 11:03:32.336,1.26641,1.26645,2.32,1.00
2018.05.30 11:03:32.877,1.2664,1.26645,3.26,1.00
2018.05.30 11:03:33.034,1.2664,1.26645,1.10,1.38
2018.05.30 11:03:34.014,1.2664,1.26645,1.00,2.33
2018.05.30 11:03:34.600,1.2664,1.26643,1.00,1.13
2018.05.30 11:03:35.656,1.26638,1.26641,1.25,1.00
2018.05.30 11:03:35.813,1.26635,1.26639,1.57,1.00
2018.05.30 11:03:36.176,1.2663,1.26634,3.45,1.00
2018.05.30 11:03:36.488,1.26635,1.26636,1.00,1.00
2018.05.30 11:03:37.034,1.26635,1.26637,1.00,1.00
2018.05.30 11:03:37.086,1.26632,1.26637,1.10,1.00
2018.05.30 11:03:37.293,1.26632,1.26635,1.00,1.00
2018.05.30 11:03:37.604,1.26632,1.26637,1.00,1.57
2018.05.30 11:03:37.760,1.26632,1.26635,1.00,1.00
2018.05.30 11:03:38.287,1.26631,1.26636,3.00,1.50
2018.05.30 11:03:38.803,1.26632,1.26637,1.00,1.95
2018.05.30 11:03:39.286,1.26632,1.26638,2.25,2.44
2018.05.30 11:03:39.602,1.26628,1.26632,5.14,1.00
2018.05.30 11:03:39.707,1.26628,1.26631,1.95,1.00
2018.05.30 11:03:39.959,1.26628,1.26634,2.32,1.12
2018.05.30 11:03:40.948,1.26628,1.26635,2.25,1.50
2018.05.30 11:03:41.576,1.26629,1.26634,1.12,1.50
2018.05.30 11:03:42.334,1.26628,1.26633,1.01,1.00
2018.05.30 11:03:42.965,1.26627,1.26634,5.14,1.95
2018.05.30 11:03:43.159,1.26632,1.26638,1.50,2.32
2018.05.30 11:03:43.211,1.26633,1.26638,1.00,1.50
2018.05.30 11:03:43.724,1.26632,1.26637,1.50,1.00
2018.05.30 11:03:44.502,1.26632,1.26637,1.31,1.00
2018.05.30 11:03:45.165,1.26631,1.26638,4.20,1.50
2018.05.30 11:03:45.703,1.26632,1.26637,1.00,1.00
2018.05.30 11:03:46.295,1.26631,1.26638,3.26,2.25
2018.05.30 11:03:47.526,1.2663,1.26635,2.89,1.50
2018.05.30 11:03:47.842,1.26629,1.26632,1.00,1.00
2018.05.30 11:03:48.359,1.26629,1.26633,1.00,1.50
2018.05.30 11:03:48.930,1.26628,1.26633,3.37,1.50
2018.05.30 11:03:49.935,1.26628,1.26632,2.62,1.00
2018.05.30 11:03:50.057,1.26629,1.26634,1.69,1.50
2018.05.30 11:03:50.160,1.26628,1.26632,2.25,1.00
2018.05.30 11:03:50.675,1.26628,1.26631,2.25,1.00
2018.05.30 11:03:50.970,1.26628,1.26631,1.00,1.00
2018.05.30 11:03:52.091,1.26626,1.26631,5.51,1.00
2018.05.30 11:03:52.733,1.26627,1.26633,1.50,1.57
2018.05.30 11:03:52.793,1.26629,1.26634,1.44,4.20
2018.05.30 11:03:53.205,1.2663,1.26635,1.12,1.95
2018.05.30 11:03:53.959,1.2663,1.26634,1.31,1.00
2018.05.30 11:03:54.431,1.26632,1.26637,1.44,1.87
2018.05.30 11:03:54.747,1.2663,1.26635,1.95,1.25
2018.05.30 11:03:55.547,1.26631,1.26635,3.00,1.00
2018.05.30 11:03:55.651,1.26631,1.26637,3.07,1.50
2018.05.30 11:03:56.119,1.26636,1.26638,1.00,1.00
2018.05.30 11:03:56.224,1.26635,1.2664,1.87,1.00
2018.05.30 11:03:56.584,1.26635,1.26638,1.10,1.50
2018.05.30 11:03:56.940,1.26633,1.26637,1.50,1.00
2018.05.30 11:03:58.030,1.26633,1.26636,2.25,1.00
2018.05.30 11:03:58.133,1.26633,1.26639,2.44,3.75
2018.05.30 11:03:58.331,1.26636,1.26639,1.50,1.00
2018.05.30 11:03:58.642,1.26635,1.26641,3.37,1.00
2018.05.30 11:03:59.462,1.26635,1.26641,3.00,1.00
2018.05.30 11:03:59.898,1.2664,1.26642,1.00,1.50
2018.05.30 11:04:01.010,1.26639,1.26643,1.69,1.00
2018.05.30 11:04:01.557,1.26641,1.26644,1.00,1.50
2018.05.30 11:04:02.197,1.26641,1.26645,1.00,1.57
2018.05.30 11:04:02.768,1.26641,1.26645,1.69,1.50
2018.05.30 11:04:03.661,1.26641,1.26646,2.25,1.50
2018.05.30 11:04:03.948,1.26643,1.26648,1.00,2.62
2018.05.30 11:04:04.465,1.26643,1.26647,1.00,1.50
2018.05.30 11:04:04.986,1.26641,1.26643,3.64,1.00
2018.05.30 11:04:05.039,1.26641,1.26645,2.89,2.25
2018.05.30 11:04:05.143,1.26644,1.26645,1.00,1.00
2018.05.30 11:04:05.196,1.26643,1.26648,5.44,1.00
2018.05.30 11:04:05.736,1.26646,1.26649,1.00,2.44
2018.05.30 11:04:06.238,1.26645,1.26649,2.25,1.50
2018.05.30 11:04:06.290,1.26645,1.26648,1.00,1.00
2018.05.30 11:04:06.795,1.26645,1.26647,1.00,1.00
2018.05.30 11:04:07.323,1.26644,1.26647,2.44,1.00
2018.05.30 11:04:07.907,1.26644,1.26649,3.07,1.50
2018.05.30 11:04:07.961,1.26647,1.26651,1.50,1.50
2018.05.30 11:04:08.305,1.2665,1.26653,2.25,1.00
2018.05.30 11:04:08.409,1.2665,1.26655,3.00,1.50
2018.05.30 11:04:09.055,1.2665,1.26653,2.44,1.00
2018.05.30 11:04:09.261,1.2665,1.26655,2.25,1.00
2018.05.30 11:04:09.520,1.2665,1.26653,2.44,1.00
2018.05.30 11:04:09.782,1.26646,1.26648,1.10,1.00
2018.05.30 11:04:10.297,1.26645,1.26648,2.25,1.00
2018.05.30 11:04:10.401,1.26644,1.26647,1.50,1.00
2018.05.30 11:04:10.453,1.26643,1.26645,1.57,1.00
2018.05.30 11:04:11.007,1.26644,1.26646,1.00,1.00
2018.05.30 11:04:11.610,1.26641,1.26645,3.00,1.00
2018.05.30 11:04:12.484,1.2664,1.26645,3.75,1.50
2018.05.30 11:04:13.058,1.2664,1.26643,3.19,1.50
2018.05.30 11:04:13.622,1.2664,1.26641,1.00,1.00
2018.05.30 11:04:14.163,1.26639,1.26642,2.25,1.00
2018.05.30 11:04:14.682,1.2664,1.26641,1.00,1.00
2018.05.30 11:04:14.734,1.26638,1.2664,3.00,1.00
2018.05.30 11:04:15.473,1.26638,1.26641,3.00,1.00
2018.05.30 11:04:16.996,1.26638,1.26641,3.00,1.50
2018.05.30 11:04:18.085,1.2664,1.26643,1.12,1.00
2018.05.30 11:04:18.596,1.2664,1.26644,2.25,1.00
2018.05.30 11:04:19.227,1.2664,1.26641,1.50,1.00
2018.05.30 11:04:19.329,1.26638,1.26641,3.19,1.00
2018.05.30 11:04:19.380,1.26641,1.26642,1.00,1.00
2018.05.30 11:04:19.966,1.2664,1.26643,1.00,1.00
2018.05.30 11:04:20.477,1.2664,1.26644,1.00,1.00
2018.05.30 11:04:20.809,1.2664,1.26642,1.00,1.50
2018.05.30 11:04:21.183,1.26638,1.2664,1.50,1.00
2018.05.30 11:04:21.337,1.26638,1.26642,1.87,1.00
2018.05.30 11:04:21.441,1.26638,1.26641,1.87,1.00
2018.05.30 11:04:21.996,1.26638,1.26641,1.69,1.00
2018.05.30 11:04:22.507,1.26638,1.26641,3.19,1.50
2018.05.30 11:04:23.077,1.26639,1.2664,1.00,1.00
2018.05.30 11:04:23.289,1.26637,1.26638,1.00,1.00
2018.05.30 11:04:23.342,1.26633,1.26635,1.20,1.00
2018.05.30 11:04:23.550,1.26633,1.26638,1.00,1.07
2018.05.30 11:04:24.095,1.26633,1.26636,1.00,1.00
2018.05.30 11:04:24.540,1.26633,1.26635,1.50,1.00
2018.05.30 11:04:24.991,1.26631,1.26633,1.00,1.00
2018.05.30 11:04:26.133,1.26629,1.26635,3.19,1.50
2018.05.30 11:04:26.315,1.26629,1.26632,3.19,1.00
2018.05.30 11:04:26.678,1.26627,1.2663,4.50,1.00
2018.05.30 11:04:27.215,1.26628,1.26631,2.89,1.50
2018.05.30 11:04:27.783,1.26628,1.26632,2.89,1.00
2018.05.30 11:04:28.317,1.26629,1.26633,2.14,1.00
2018.05.30 11:04:28.659,1.26629,1.26631,2.14,1.00
2018.05.30 11:04:28.712,1.26627,1.2663,1.36,1.00
2018.05.30 11:04:28.868,1.26625,1.2663,3.05,1.00
2018.05.30 11:04:29.390,1.26625,1.2663,2.11,1.00
2018.05.30 11:04:29.766,1.26625,1.26628,2.37,1.00
2018.05.30 11:04:29.818,1.26626,1.26631,1.20,1.00
2018.05.30 11:04:29.974,1.26627,1.26631,1.45,1.00
2018.05.30 11:04:30.500,1.26628,1.26633,1.20,1.87
2018.05.30 11:04:30.552,1.2663,1.26634,1.10,1.00
2018.05.30 11:04:30.657,1.26631,1.26636,1.20,1.87
2018.05.30 11:04:31.182,1.26633,1.26635,1.10,1.00
2018.05.30 11:04:31.393,1.26644,1.26648,1.69,1.00
2018.05.30 11:04:31.549,1.26644,1.26648,1.45,1.00
2018.05.30 11:04:31.652,1.26644,1.26649,3.45,1.00
2018.05.30 11:04:31.756,1.26647,1.26651,1.10,1.00
2018.05.30 11:04:31.808,1.26649,1.26654,1.00,1.00
2018.05.30 11:04:31.927,1.26651,1.26655,2.25,1.76
2018.05.30 11:04:31.980,1.26656,1.26662,1.00,3.94
2018.05.30 11:04:32.032,1.2666,1.26663,2.06,1.00
2018.05.30 11:04:32.083,1.2666,1.26665,1.12,1.50
2018.05.30 11:04:32.134,1.2666,1.26663,1.00,1.00
2018.05.30 11:04:32.671,1.2666,1.26664,1.20,1.00
2018.05.30 11:04:33.173,1.2666,1.26664,2.25,1.00
2018.05.30 11:04:33.494,1.26653,1.26654,1.00,1.00
2018.05.30 11:04:33.650,1.26648,1.26652,3.26,1.00
2018.05.30 11:04:33.910,1.26648,1.2665,1.00,1.00
2018.05.30 11:04:34.160,1.26648,1.26651,1.00,1.69
2018.05.30 11:04:34.264,1.26647,1.26648,2.25,1.00
2018.05.30 11:04:34.798,1.26645,1.26648,3.00,1.00
2018.05.30 11:04:35.421,1.26646,1.26648,1.00,1.00
2018.05.30 11:04:35.629,1.26644,1.26646,1.25,1.00
2018.05.30 11:04:36.151,1.26644,1.26645,1.25,1.00
2018.05.30 11:04:36.662,1.26643,1.26645,1.00,1.00
2018.05.30 11:04:36.866,1.26642,1.26643,1.00,1.00
2018.05.30 11:04:37.225,1.26637,1.2664,2.25,1.00
2018.05.30 11:04:37.277,1.26637,1.2664,1.00,1.00
2018.05.30 11:04:37.329,1.26636,1.26637,2.25,1.00
2018.05.30 11:04:37.433,1.26634,1.26636,1.00,1.00
2018.05.30 11:04:37.846,1.26633,1.26634,2.25,1.00
2018.05.30 11:04:37.950,1.2663,1.26633,1.50,1.00
2018.05.30 11:04:38.461,1.2663,1.26632,1.00,1.00
2018.05.30 11:04:38.620,1.26628,1.2663,1.00,1.00
2018.05.30 11:04:38.885,1.26621,1.26624,1.00,1.00
2018.05.30 11:04:39.238,1.26619,1.26622,1.00,1.00
2018.05.30 11:04:39.760,1.26619,1.26623,1.00,1.00
2018.05.30 11:04:40.141,1.26619,1.26621,1.00,1.00
2018.05.30 11:04:40.349,1.26615,1.26619,1.20,1.00
2018.05.30 11:04:40.456,1.26615,1.26617,1.00,1.00
2018.05.30 11:04:40.508,1.26613,1.26616,1.00,1.00
2018.05.30 11:04:41.216,1.26614,1.26618,2.25,1.10
2018.05.30 11:04:41.527,1.26618,1.26621,1.45,1.00
2018.05.30 11:04:41.982,1.26619,1.26623,1.07,1.50
2018.05.30 11:04:42.033,1.26619,1.26621,1.07,1.00
2018.05.30 11:04:42.339,1.26619,1.26623,1.07,1.50
2018.05.30 11:04:44.412,1.26618,1.26622,2.70,1.00
2018.05.30 11:04:44.607,1.26619,1.26624,2.32,1.00
2018.05.30 11:04:44.763,1.26621,1.26623,1.20,1.00
2018.05.30 11:04:45.177,1.2662,1.26622,1.20,1.00
2018.05.30 11:04:45.305,1.26618,1.2662,1.20,1.00
2018.05.30 11:04:45.825,1.26618,1.26621,1.00,1.00
2018.05.30 11:04:46.328,1.26617,1.26621,2.25,1.00
2018.05.30 11:04:46.897,1.26617,1.2662,3.19,1.00
2018.05.30 11:04:47.154,1.26617,1.26623,2.25,1.76
2018.05.30 11:04:47.310,1.26617,1.26618,1.25,1.00
2018.05.30 11:04:47.570,1.26614,1.26617,1.00,1.00
2018.05.30 11:04:47.902,1.26613,1.26616,3.00,1.00
2018.05.30 11:04:47.956,1.26611,1.26613,1.20,1.00
2018.05.30 11:04:48.061,1.2661,1.26612,2.25,1.00
2018.05.30 11:04:48.646,1.2661,1.26612,2.50,1.00
2018.05.30 11:04:48.851,1.26611,1.26614,1.00,1.25
2018.05.30 11:04:49.366,1.2661,1.26615,1.12,1.00
2018.05.30 11:04:49.615,1.26608,1.26613,3.82,1.00
2018.05.30 11:04:50.131,1.26609,1.26614,1.50,1.00
2018.05.30 11:04:51.372,1.26611,1.26614,1.00,1.00
2018.05.30 11:04:52.490,1.26609,1.26614,2.25,1.25
2018.05.30 11:04:54.621,1.26609,1.26614,2.70,1.19
2018.05.30 11:04:54.726,1.2661,1.26615,1.57,1.31
2018.05.30 11:04:55.174,1.26612,1.26617,1.10,1.69
2018.05.30 11:04:57.318,1.26612,1.26616,1.10,1.00
2018.05.30 11:04:57.990,1.26612,1.26617,1.10,2.06
2018.05.30 11:04:58.094,1.26609,1.26611,1.39,1.00
2018.05.30 11:04:58.408,1.26606,1.26609,1.20,1.00
2018.05.30 11:05:00.232,1.26607,1.2661,1.10,1.00
2018.05.30 11:05:00.765,1.26606,1.26611,1.45,1.00
2018.05.30 11:05:01.278,1.26605,1.26611,2.70,1.38
2018.05.30 11:05:01.837,1.26605,1.26611,2.70,1.13
2018.05.30 11:05:02.604,1.26606,1.2661,1.57,1.00
2018.05.30 11:05:02.759,1.26608,1.26613,2.32,2.81
2018.05.30 11:05:03.067,1.26622,1.26626,1.69,1.00
2018.05.30 11:05:03.188,1.26622,1.26625,2.32,1.00
2018.05.30 11:05:03.290,1.26622,1.26626,1.00,1.25
2018.05.30 11:05:03.803,1.26622,1.26625,1.20,1.19
2018.05.30 11:05:04.126,1.2662,1.26624,1.00,2.06
2018.05.30 11:05:04.180,1.26617,1.2662,1.10,1.00
2018.05.30 11:05:04.725,1.26618,1.2662,1.00,1.00
2018.05.30 11:05:05.264,1.26618,1.26621,1.00,1.00
2018.05.30 11:05:05.982,1.26617,1.26621,1.00,1.00
2018.05.30 11:05:06.513,1.26618,1.26621,1.00,1.25
2018.05.30 11:05:06.960,1.26619,1.26623,1.00,1.10
2018.05.30 11:05:07.128,1.26619,1.26626,1.31,2.70
2018.05.30 11:05:07.232,1.26623,1.26626,1.00,2.62
2018.05.30 11:05:07.757,1.26622,1.26626,1.31,1.00
2018.05.30 11:05:08.276,1.26623,1.26626,1.00,1.00
2018.05.30 11:05:09.001,1.26622,1.26626,1.12,1.00
2018.05.30 11:05:09.509,1.26623,1.26626,1.00,1.00
2018.05.30 11:05:09.925,1.26627,1.26629,1.00,1.00
2018.05.30 11:05:10.457,1.26627,1.2663,1.00,1.00
2018.05.30 11:05:10.670,1.26627,1.26632,1.00,1.57
2018.05.30 11:05:11.185,1.26625,1.26632,2.51,1.76
2018.05.30 11:05:11.671,1.26626,1.26629,1.50,1.00
2018.05.30 11:05:12.328,1.26624,1.26628,2.32,1.00
2018.05.30 11:05:13.738,1.26624,1.2663,3.75,1.00
2018.05.30 11:05:14.239,1.26625,1.26626,1.00,1.00
2018.05.30 11:05:14.292,1.26622,1.26625,1.00,1.00
2018.05.30 11:05:14.396,1.26622,1.26623,1.00,1.00
2018.05.30 11:05:14.448,1.26617,1.2662,2.66,1.00
2018.05.30 11:05:14.501,1.26617,1.26618,1.00,1.00
2018.05.30 11:05:15.296,1.26614,1.26618,1.00,1.50
2018.05.30 11:05:16.313,1.26615,1.26618,5.25,1.00
2018.05.30 11:05:16.366,1.26617,1.26619,1.00,1.00
2018.05.30 11:05:16.470,1.2662,1.26624,1.12,1.10
2018.05.30 11:05:16.574,1.2662,1.26624,4.12,1.00
2018.05.30 11:05:17.953,1.26621,1.26626,1.50,1.00
2018.05.30 11:05:20.303,1.26625,1.26629,1.00,2.32
2018.05.30 11:05:20.358,1.26626,1.26629,1.20,1.00
2018.05.30 11:05:20.410,1.26626,1.26631,1.10,3.00
2018.05.30 11:05:20.566,1.26627,1.26632,1.70,1.00
2018.05.30 11:05:20.879,1.26624,1.26628,1.20,1.50
2018.05.30 11:05:20.931,1.26624,1.26627,1.45,1.00
2018.05.30 11:05:21.896,1.26622,1.26627,2.70,1.50
2018.05.30 11:05:22.426,1.26622,1.26628,3.64,1.50
2018.05.30 11:05:22.936,1.26622,1.26627,2.89,1.00
2018.05.30 11:05:23.470,1.26623,1.26627,1.20,1.00
2018.05.30 11:05:24.366,1.26623,1.26628,1.57,1.50
2018.05.30 11:05:24.840,1.26627,1.2663,1.00,2.25
2018.05.30 11:05:24.893,1.26628,1.26631,1.00,1.00
2018.05.30 11:05:25.000,1.26631,1.26633,1.00,1.50
2018.05.30 11:05:25.359,1.26634,1.26636,1.00,1.50
2018.05.30 11:05:25.466,1.26635,1.26638,1.00,1.87
2018.05.30 11:05:25.521,1.26635,1.2664,1.12,1.95
2018.05.30 11:05:25.629,1.26637,1.2664,1.00,1.12
2018.05.30 11:05:26.077,1.2664,1.26644,1.00,2.51
2018.05.30 11:05:26.233,1.26641,1.26647,4.01,1.00
2018.05.30 11:05:26.336,1.26643,1.26649,2.44,1.12
2018.05.30 11:05:26.898,1.26643,1.26649,2.89,1.12
2018.05.30 11:05:28.045,1.26644,1.26649,1.95,1.12
2018.05.30 11:05:28.151,1.26647,1.26651,1.87,1.00
2018.05.30 11:05:28.380,1.2665,1.26655,1.50,1.50
2018.05.30 11:05:28.689,1.26652,1.26657,1.00,3.45
2018.05.30 11:05:29.005,1.26658,1.26662,1.10,1.00
2018.05.30 11:05:29.315,1.26662,1.26667,2.51,1.12
2018.05.30 11:05:29.604,1.26668,1.26672,1.31,1.00
2018.05.30 11:05:29.915,1.26663,1.26667,1.57,1.19
2018.05.30 11:05:30.258,1.26654,1.26658,1.95,1.13
2018.05.30 11:05:30.310,1.26653,1.26655,1.10,1.25
2018.05.30 11:05:30.465,1.26651,1.26654,2.62,1.25
2018.05.30 11:05:30.992,1.2665,1.26653,1.00,1.25
2018.05.30 11:05:31.311,1.26649,1.26653,1.00,1.58
2018.05.30 11:05:31.836,1.26648,1.26653,1.50,1.32
2018.05.30 11:05:32.148,1.26647,1.2665,1.00,1.12
2018.05.30 11:05:32.649,1.26646,1.26649,1.00,2.25
2018.05.30 11:05:32.802,1.26644,1.26649,1.50,2.70
2018.05.30 11:05:32.955,1.26645,1.26648,1.00,1.76
2018.05.30 11:05:33.058,1.26643,1.26647,2.25,1.01
2018.05.30 11:05:33.451,1.26643,1.26646,1.00,1.44
2018.05.30 11:05:33.606,1.2664,1.26645,1.50,2.89
2018.05.30 11:05:34.114,1.26638,1.26643,1.12,2.14
2018.05.30 11:05:34.267,1.26638,1.26641,1.12,1.95
2018.05.30 11:05:34.374,1.26636,1.26639,1.00,2.32
2018.05.30 11:05:34.425,1.26633,1.26638,1.00,2.25
2018.05.30 11:05:34.805,1.26631,1.26635,1.50,1.31
2018.05.30 11:05:35.405,1.26631,1.26636,1.00,4.95
2018.05.30 11:05:35.924,1.2663,1.26635,1.12,3.64
2018.05.30 11:05:35.977,1.26627,1.2663,2.89,1.00
2018.05.30 11:05:36.321,1.26622,1.26626,1.69,1.69
2018.05.30 11:05:36.627,1.26621,1.26624,1.00,2.32
2018.05.30 11:05:37.169,1.26619,1.26623,1.50,1.76
2018.05.30 11:05:37.704,1.26619,1.26622,1.50,3.82
2018.05.30 11:05:37.761,1.26616,1.26619,3.00,1.00
2018.05.30 11:05:37.916,1.26614,1.26618,1.12,1.25
2018.05.30 11:05:38.173,1.26614,1.26616,1.00,1.76
2018.05.30 11:05:38.544,1.2661,1.26613,1.00,1.00
2018.05.30 11:05:38.597,1.26609,1.26611,1.00,1.00
2018.05.30 11:05:38.907,1.26608,1.26609,1.00,1.00
2018.05.30 11:05:39.754,1.26608,1.2661,1.00,2.25
2018.05.30 11:05:40.284,1.26606,1.26609,1.00,1.00
2018.05.30 11:05:40.810,1.26606,1.2661,1.00,2.81
2018.05.30 11:05:41.113,1.26606,1.26608,1.00,1.00
2018.05.30 11:05:41.217,1.26605,1.2661,1.12,1.87
2018.05.30 11:05:41.328,1.26607,1.26612,1.50,2.32
2018.05.30 11:05:41.381,1.26606,1.26614,3.00,5.70
2018.05.30 11:05:41.640,1.2661,1.26614,1.50,6.07
2018.05.30 11:05:41.805,1.26612,1.26617,1.50,1.15
2018.05.30 11:05:42.013,1.26611,1.26615,2.25,1.10
2018.05.30 11:05:42.169,1.26611,1.26614,1.00,1.01
2018.05.30 11:05:42.221,1.26609,1.26614,1.00,1.95
2018.05.30 11:05:42.636,1.26607,1.26611,1.50,1.10
2018.05.30 11:05:42.842,1.26606,1.26609,1.00,1.00
2018.05.30 11:05:43.382,1.26604,1.26609,1.50,1.76
2018.05.30 11:05:43.900,1.26604,1.26607,1.50,1.00
2018.05.30 11:05:44.088,1.26602,1.26605,2.06,1.25
2018.05.30 11:05:44.140,1.26599,1.266,1.00,1.00
2018.05.30 11:05:44.346,1.26594,1.26597,1.00,1.00
2018.05.30 11:05:44.399,1.26592,1.26596,1.12,1.00
2018.05.30 11:05:44.450,1.26593,1.26596,1.00,1.39
2018.05.30 11:05:44.553,1.2659,1.26593,1.00,1.00
2018.05.30 11:05:44.604,1.2659,1.26591,1.00,1.00
2018.05.30 11:05:44.656,1.26587,1.2659,1.00,1.00
2018.05.30 11:05:45.160,1.26586,1.2659,1.12,1.01
2018.05.30 11:05:45.701,1.26585,1.26589,1.50,1.00
2018.05.30 11:05:46.268,1.26585,1.26589,1.00,1.00
2018.05.30 11:05:46.837,1.26586,1.26589,1.00,1.00
2018.05.30 11:05:47.904,1.26593,1.26598,2.06,1.20
2018.05.30 11:05:47.956,1.26596,1.26601,1.50,2.32
2018.05.30 11:05:48.263,1.26599,1.26602,1.12,1.00
2018.05.30 11:05:48.647,1.26599,1.26605,1.12,4.57
2018.05.30 11:05:48.699,1.26597,1.26603,1.75,1.19
2018.05.30 11:05:49.217,1.26597,1.26604,1.50,2.06
2018.05.30 11:05:49.784,1.26598,1.26604,1.00,2.63
2018.05.30 11:05:50.291,1.26597,1.26604,1.00,1.88
2018.05.30 11:05:50.895,1.26599,1.26602,1.00,1.25
2018.05.30 11:05:51.153,1.26596,1.266,1.00,1.25
2018.05.30 11:05:51.668,1.26596,1.26599,1.00,1.00
2018.05.30 11:05:52.169,1.26594,1.26598,1.50,1.13
2018.05.30 11:05:52.480,1.26593,1.26598,1.69,1.00
2018.05.30 11:05:52.904,1.26595,1.266,1.00,1.20
2018.05.30 11:05:53.010,1.26597,1.26603,1.00,2.51
2018.05.30 11:05:53.217,1.26599,1.26603,1.00,1.20
2018.05.30 11:05:53.821,1.26598,1.26604,1.00,3.75
2018.05.30 11:05:54.140,1.26601,1.26604,1.00,1.00
2018.05.30 11:05:55.031,1.266,1.26604,1.12,1.00
2018.05.30 11:05:55.585,1.26601,1.26603,1.00,1.00
2018.05.30 11:05:56.104,1.26599,1.26603,1.50,1.00
2018.05.30 11:05:56.680,1.26599,1.26601,1.00,1.00
2018.05.30 11:05:57.328,1.26598,1.266,1.00,1.13
2018.05.30 11:05:57.381,1.26596,1.266,1.10,1.31
2018.05.30 11:05:57.889,1.26595,1.266,1.12,1.00
2018.05.30 11:05:57.941,1.26597,1.26602,1.00,1.95
2018.05.30 11:05:58.256,1.26599,1.26602,1.00,1.31
2018.05.30 11:05:58.941,1.26598,1.26602,1.00,1.25
2018.05.30 11:05:59.150,1.26594,1.26599,2.32,1.00
2018.05.30 11:05:59.508,1.26595,1.26598,1.00,1.44
2018.05.30 11:05:59.561,1.26592,1.26596,1.10,1.25
2018.05.30 11:06:00.014,1.26594,1.26598,1.00,1.39
2018.05.30 11:06:00.170,1.26595,1.26601,1.50,1.20
2018.05.30 11:06:00.325,1.26594,1.26599,3.07,1.00
2018.05.30 11:06:00.730,1.26594,1.26597,1.75,1.00
2018.05.30 11:06:01.195,1.26594,1.26597,1.00,1.00
2018.05.30 11:06:01.729,1.26594,1.26596,1.00,1.00
2018.05.30 11:06:01.832,1.26596,1.266,1.50,2.14
2018.05.30 11:06:01.935,1.26596,1.26603,3.93,2.44
2018.05.30 11:06:01.986,1.26599,1.26604,1.50,1.10
2018.05.30 11:06:02.519,1.26599,1.26605,4.20,1.12
2018.05.30 11:06:02.827,1.26603,1.26609,1.00,2.51
2018.05.30 11:06:02.930,1.26605,1.26609,1.12,1.00
2018.05.30 11:06:03.264,1.26608,1.26613,1.00,3.45
2018.05.30 11:06:03.368,1.26611,1.26616,1.50,1.07
2018.05.30 11:06:03.952,1.2661,1.26615,1.50,1.50
2018.05.30 11:06:04.059,1.26612,1.26617,1.50,1.57
2018.05.30 11:06:04.577,1.26613,1.26619,1.39,1.50
2018.05.30 11:06:05.103,1.26612,1.26618,3.26,1.00
2018.05.30 11:06:05.693,1.26613,1.26619,2.44,1.12
2018.05.30 11:06:06.550,1.26614,1.2662,1.12,1.69
2018.05.30 11:06:07.095,1.26613,1.26619,4.20,1.00
2018.05.30 11:06:07.402,1.26614,1.26622,3.07,3.45
2018.05.30 11:06:07.710,1.26618,1.26624,1.00,2.51
2018.05.30 11:06:07.881,1.26618,1.26624,1.00,1.39
2018.05.30 11:06:07.935,1.26617,1.26619,1.00,1.00
2018.05.30 11:06:07.987,1.26615,1.2662,1.00,2.14
2018.05.30 11:06:08.090,1.26615,1.2662,3.00,1.07
2018.05.30 11:06:08.602,1.26615,1.2662,3.82,1.00
2018.05.30 11:06:09.130,1.26615,1.26621,3.82,1.25
2018.05.30 11:06:09.624,1.26615,1.2662,1.50,1.12
2018.05.30 11:06:10.096,1.26615,1.26618,1.00,1.25
2018.05.30 11:06:11.118,1.26612,1.26618,4.01,1.00
2018.05.30 11:06:11.787,1.26612,1.26619,1.95,1.10
2018.05.30 11:06:13.051,1.26615,1.26619,1.00,1.00
2018.05.30 11:06:13.410,1.26612,1.26615,2.89,1.00
2018.05.30 11:06:13.746,1.2661,1.26612,1.00,1.00
2018.05.30 11:06:14.117,1.2661,1.26614,1.50,1.25
2018.05.30 11:06:14.175,1.26612,1.26616,1.00,1.10
2018.05.30 11:06:14.381,1.26612,1.26618,1.25,1.20
2018.05.30 11:06:14.895,1.26613,1.26618,1.00,1.12
2018.05.30 11:06:15.405,1.26613,1.26617,1.00,1.00
2018.05.30 11:06:16.142,1.26613,1.26618,1.00,1.20
2018.05.30 11:06:21.631,1.26612,1.26618,2.25,1.00
2018.05.30 11:06:22.182,1.26612,1.26618,5.44,1.00
2018.05.30 11:06:28.423,1.26612,1.26619,3.94,1.87
2018.05.30 11:06:28.983,1.26612,1.26619,3.94,2.25
2018.05.30 11:06:29.502,1.26612,1.26619,3.94,2.25
2018.05.30 11:06:31.222,1.26616,1.26621,1.12,1.20
2018.05.30 11:06:31.329,1.26615,1.26621,1.69,2.25
2018.05.30 11:06:31.588,1.26615,1.26619,2.44,1.00
2018.05.30 11:06:32.362,1.26615,1.26619,1.31,1.25
2018.05.30 11:06:32.574,1.26617,1.26623,2.44,3.45
2018.05.30 11:06:33.109,1.26618,1.26623,1.00,1.31
2018.05.30 11:06:33.627,1.26617,1.26622,3.75,1.25
2018.05.30 11:06:34.770,1.26617,1.26624,2.25,2.14
2018.05.30 11:06:35.789,1.26617,1.26624,3.00,3.00
2018.05.30 11:06:36.329,1.26617,1.26624,1.50,4.50
2018.05.30 11:06:36.587,1.26618,1.26624,2.25,1.88
2018.05.30 11:06:36.916,1.26623,1.26628,3.19,1.00
2018.05.30 11:06:37.281,1.26626,1.26632,3.75,1.57
2018.05.30 11:06:37.333,1.26627,1.26632,1.50,1.00
2018.05.30 11:06:37.386,1.26629,1.26633,2.25,1.10
2018.05.30 11:06:37.919,1.26629,1.26634,2.25,1.25
2018.05.30 11:06:38.628,1.26628,1.26634,4.01,1.00
2018.05.30 11:06:39.954,1.26628,1.26634,4.01,1.25
2018.05.30 11:06:40.058,1.26628,1.26634,1.01,2.25
2018.05.30 11:06:40.110,1.26628,1.26631,1.01,1.00
2018.05.30 11:06:40.317,1.26626,1.2663,1.25,1.25
2018.05.30 11:06:40.831,1.26625,1.2663,1.50,1.00
2018.05.30 11:06:41.357,1.26625,1.26628,1.00,1.00
2018.05.30 11:06:41.932,1.26622,1.26628,8.51,1.00
2018.05.30 11:06:43.772,1.26623,1.26628,1.10,1.00
2018.05.30 11:06:46.357,1.26625,1.26628,1.00,1.00
2018.05.30 11:06:48.417,1.26623,1.26628,2.51,1.00
2018.05.30 11:06:50.331,1.26622,1.26628,4.01,1.00
2018.05.30 11:06:50.645,1.26627,1.26633,1.31,2.44
2018.05.30 11:06:50.749,1.26627,1.26634,1.25,2.32
2018.05.30 11:06:50.852,1.26628,1.26634,3.30,1.57
2018.05.30 11:06:51.400,1.26628,1.26634,2.25,1.57
2018.05.30 11:06:51.902,1.26628,1.26634,3.19,1.57
2018.05.30 11:06:52.437,1.26629,1.26634,1.00,1.95
2018.05.30 11:06:53.323,1.26629,1.26633,1.00,1.00
2018.05.30 11:06:54.362,1.26628,1.26633,3.94,1.00
2018.05.30 11:06:55.473,1.26628,1.26633,3.26,1.00
2018.05.30 11:06:56.673,1.26628,1.26634,2.51,1.25
2018.05.30 11:06:57.588,1.26628,1.26633,2.25,1.00
2018.05.30 11:06:58.244,1.2663,1.26633,1.00,1.00
2018.05.30 11:06:58.918,1.26629,1.26634,1.50,1.10
2018.05.30 11:06:59.082,1.26628,1.26634,1.00,1.29
2018.05.30 11:06:59.847,1.26628,1.26634,3.00,1.10
2018.05.30 11:07:00.746,1.2663,1.26635,3.00,1.00
2018.05.30 11:07:01.056,1.26633,1.26639,2.25,1.00
2018.05.30 11:07:01.820,1.26633,1.26637,2.25,1.00
2018.05.30 11:07:01.877,1.26632,1.26636,3.82,1.00
2018.05.30 11:07:02.031,1.26632,1.26638,2.51,2.06
2018.05.30 11:07:02.136,1.26634,1.26638,1.00,1.12
2018.05.30 11:07:02.342,1.26632,1.26637,2.51,1.00
2018.05.30 11:07:02.811,1.26632,1.26635,1.00,1.00
2018.05.30 11:07:02.922,1.26632,1.26638,1.50,2.32
2018.05.30 11:07:03.026,1.26632,1.26636,1.57,1.00
2018.05.30 11:07:03.503,1.26632,1.26634,1.00,1.00
2018.05.30 11:07:04.031,1.2663,1.26635,2.32,1.00
2018.05.30 11:07:05.019,1.2663,1.26635,1.10,1.00
2018.05.30 11:07:06.268,1.2663,1.26634,1.00,1.00
2018.05.30 11:07:07.392,1.2663,1.26633,1.00,1.00
2018.05.30 11:07:07.911,1.2663,1.26632,1.00,1.00
2018.05.30 11:07:07.968,1.26627,1.26631,2.32,2.25
2018.05.30 11:07:08.245,1.26619,1.26624,1.95,1.00
2018.05.30 11:07:08.559,1.26621,1.26622,1.25,1.00
2018.05.30 11:07:09.117,1.26622,1.26623,1.25,1.00
2018.05.30 11:07:09.271,1.26624,1.26627,1.25,1.20
2018.05.30 11:07:09.323,1.26625,1.26628,1.25,3.07
2018.05.30 11:07:09.534,1.26626,1.26628,1.25,1.20
2018.05.30 11:07:09.740,1.26627,1.26628,3.00,1.00
2018.05.30 11:07:10.379,1.26627,1.26628,1.25,1.00
2018.05.30 11:07:10.688,1.26623,1.26625,1.69,1.00
2018.05.30 11:07:11.138,1.26625,1.26627,1.25,1.47
2018.05.30 11:07:12.033,1.26625,1.26628,1.25,1.10
2018.05.30 11:07:12.570,1.26624,1.26628,1.69,1.10
2018.05.30 11:07:13.046,1.26624,1.26626,1.69,1.00
2018.05.30 11:07:13.357,1.26625,1.26627,1.25,1.87
2018.05.30 11:07:13.702,1.26623,1.26625,2.50,1.25
2018.05.30 11:07:14.229,1.26623,1.26624,1.50,1.00
2018.05.30 11:07:14.873,1.26624,1.26625,1.25,1.00
2018.05.30 11:07:15.028,1.26622,1.26624,2.44,1.00
2018.05.30 11:07:15.450,1.26623,1.26625,1.25,1.00
2018.05.30 11:07:15.665,1.26622,1.26624,1.25,1.00
2018.05.30 11:07:15.719,1.26618,1.2662,2.70,1.00
2018.05.30 11:07:15.826,1.26616,1.26617,1.25,1.25
2018.05.30 11:07:15.878,1.26613,1.26616,5.81,1.00
2018.05.30 11:07:16.391,1.26614,1.26616,1.25,1.00
2018.05.30 11:07:17.431,1.26613,1.26616,1.69,1.00
2018.05.30 11:07:18.080,1.26614,1.26615,1.25,1.00
2018.05.30 11:07:18.826,1.26613,1.26615,1.69,1.00
2018.05.30 11:07:19.133,1.26615,1.26616,1.25,1.00
2018.05.30 11:07:19.652,1.26614,1.26616,1.69,1.10
2018.05.30 11:07:20.186,1.26615,1.26616,1.25,1.00
2018.05.30 11:07:20.345,1.26617,1.26618,1.25,1.00
2018.05.30 11:07:20.451,1.26617,1.2662,1.69,1.47
2018.05.30 11:07:20.968,1.26618,1.2662,1.25,1.12
2018.05.30 11:07:21.508,1.26617,1.2662,1.69,1.00
2018.05.30 11:07:22.033,1.26618,1.2662,1.25,1.00
2018.05.30 11:07:22.746,1.26617,1.2662,1.69,1.25
2018.05.30 11:07:23.259,1.26618,1.2662,1.25,1.00
2018.05.30 11:07:23.634,1.26621,1.26623,1.00,2.14
2018.05.30 11:07:23.687,1.26623,1.26624,1.25,1.00
2018.05.30 11:07:23.924,1.26621,1.26626,1.69,1.69
2018.05.30 11:07:23.976,1.26624,1.26626,1.25,1.10
2018.05.30 11:07:25.460,1.26624,1.26627,1.25,1.00
2018.05.30 11:07:25.769,1.26626,1.26629,1.25,1.76
2018.05.30 11:07:26.107,1.26625,1.26626,1.25,1.13
2018.05.30 11:07:26.615,1.26624,1.26626,1.69,1.25
2018.05.30 11:07:27.151,1.26624,1.26625,1.25,1.13
2018.05.30 11:07:27.574,1.26622,1.26625,1.25,1.25
2018.05.30 11:07:27.884,1.26626,1.26629,1.25,3.45
2018.05.30 11:07:27.936,1.26628,1.26631,1.25,5.25
2018.05.30 11:07:28.458,1.26629,1.26632,1.25,1.20
2018.05.30 11:07:29.083,1.26628,1.26632,1.69,1.10
2018.05.30 11:07:29.602,1.26629,1.26632,1.25,1.01
2018.05.30 11:07:30.014,1.26627,1.26628,1.69,1.25
2018.05.30 11:07:30.067,1.26625,1.26628,1.25,2.06
2018.05.30 11:07:30.224,1.26622,1.26626,1.25,2.44
2018.05.30 11:07:30.329,1.26622,1.26623,1.25,1.00
2018.05.30 11:07:30.384,1.26619,1.26622,2.51,1.00
2018.05.30 11:07:30.932,1.2662,1.26622,1.25,1.50
2018.05.30 11:07:31.474,1.26619,1.26622,1.25,1.69
2018.05.30 11:07:31.734,1.26625,1.26627,1.50,2.25
2018.05.30 11:07:32.002,1.26628,1.26633,1.25,2.32
2018.05.30 11:07:32.739,1.2663,1.26633,1.31,1.10
2018.05.30 11:07:32.931,1.26631,1.26635,1.25,1.95
2018.05.30 11:07:33.036,1.26633,1.26637,1.25,2.25
2018.05.30 11:07:33.088,1.26633,1.26637,1.25,1.50
2018.05.30 11:07:33.609,1.26632,1.26637,2.44,1.57
2018.05.30 11:07:33.713,1.26633,1.26639,4.31,1.95
2018.05.30 11:07:33.802,1.26637,1.26639,1.00,1.20
2018.05.30 11:07:33.906,1.2664,1.26643,1.00,2.70
2018.05.30 11:07:33.965,1.26639,1.26641,3.19,1.00
2018.05.30 11:07:34.069,1.26635,1.2664,3.26,1.00
2018.05.30 11:07:34.432,1.26636,1.2664,4.31,1.00
2018.05.30 11:07:34.485,1.26638,1.26643,1.12,1.39
2018.05.30 11:07:35.004,1.26638,1.26643,1.12,1.39
2018.05.30 11:07:35.585,1.26638,1.26643,3.19,1.00
2018.05.30 11:07:35.743,1.26642,1.26647,1.50,2.89
2018.05.30 11:07:36.103,1.2665,1.26654,1.25,2.14
2018.05.30 11:07:36.601,1.2665,1.26655,1.31,2.06
2018.05.30 11:07:36.966,1.26652,1.26657,1.00,1.07
2018.05.30 11:07:37.122,1.26654,1.26659,1.25,4.01
2018.05.30 11:07:37.175,1.26654,1.26657,1.25,1.25
2018.05.30 11:07:37.280,1.26651,1.26656,1.25,1.25
2018.05.30 11:07:37.797,1.26651,1.26655,1.25,1.00
2018.05.30 11:07:38.316,1.26651,1.26656,1.69,1.01
2018.05.30 11:07:38.903,1.26652,1.26657,1.00,2.51
2018.05.30 11:07:39.374,1.26655,1.2666,1.12,4.01
2018.05.30 11:07:39.484,1.26659,1.26665,3.19,1.20
2018.05.30 11:07:39.537,1.26661,1.26665,1.00,1.00
2018.05.30 11:07:39.746,1.26658,1.26664,1.76,1.19
2018.05.30 11:07:40.108,1.26659,1.26661,1.25,1.00
2018.05.30 11:07:40.161,1.26657,1.2666,1.25,1.00
2018.05.30 11:07:40.215,1.26654,1.26659,1.76,1.00
2018.05.30 11:07:40.372,1.26655,1.26658,1.25,1.19
2018.05.30 11:07:40.477,1.26655,1.26659,1.25,1.01
2018.05.30 11:07:40.736,1.26655,1.26657,3.19,1.25
2018.05.30 11:07:41.259,1.26658,1.26662,1.00,3.26
2018.05.30 11:07:41.467,1.26664,1.26665,1.25,1.12
2018.05.30 11:07:41.572,1.2666,1.26662,1.25,1.25
2018.05.30 11:07:41.731,1.26654,1.26657,1.76,1.25
2018.05.30 11:07:41.913,1.26651,1.26655,1.25,1.69
2018.05.30 11:07:42.122,1.2665,1.26653,1.25,1.69
2018.05.30 11:07:42.225,1.26651,1.26655,1.25,1.10
2018.05.30 11:07:42.328,1.26653,1.26656,1.25,1.00
2018.05.30 11:07:42.740,1.26655,1.26657,1.25,1.00
2018.05.30 11:07:43.255,1.26654,1.26657,1.25,1.00
2018.05.30 11:07:44.185,1.26653,1.26656,1.25,1.25
2018.05.30 11:07:44.720,1.26653,1.26655,1.25,1.00
2018.05.30 11:07:45.029,1.26648,1.26653,1.25,3.26
2018.05.30 11:07:45.750,1.26646,1.26651,2.44,1.00
2018.05.30 11:07:45.905,1.26644,1.26648,2.44,1.50
2018.05.30 11:07:46.215,1.26646,1.26651,1.69,6.07
2018.05.30 11:07:46.445,1.26647,1.26651,1.25,1.57
2018.05.30 11:07:47.004,1.26648,1.26651,1.25,1.10
2018.05.30 11:07:47.841,1.26649,1.26653,1.25,1.32
2018.05.30 11:07:48.649,1.26648,1.26653,3.19,1.10
2018.05.30 11:07:49.163,1.26649,1.26654,1.25,2.14
2018.05.30 11:07:49.480,1.26651,1.26654,1.25,1.39
2018.05.30 11:07:49.982,1.2665,1.26654,1.25,1.39
2018.05.30 11:07:50.325,1.26652,1.26654,1.25,1.25
2018.05.30 11:07:50.796,1.2665,1.26654,3.26,1.25
2018.05.30 11:07:50.899,1.26651,1.26654,1.25,1.19
2018.05.30 11:07:51.256,1.2665,1.26654,3.26,1.25
2018.05.30 11:07:51.765,1.2665,1.26653,3.26,1.00
2018.05.30 11:07:52.483,1.26651,1.26653,1.25,1.50
2018.05.30 11:07:53.347,1.26652,1.26656,1.00,1.00
2018.05.30 11:07:53.399,1.26654,1.26657,1.69,1.00
2018.05.30 11:07:53.605,1.26655,1.26659,1.25,1.00
2018.05.30 11:07:54.125,1.26656,1.26659,1.25,1.00
2018.05.30 11:07:54.668,1.26655,1.26659,2.51,1.00
2018.05.30 11:07:55.159,1.26658,1.2666,1.00,1.50
2018.05.30 11:07:55.309,1.2666,1.26663,1.25,2.25
2018.05.30 11:07:55.411,1.26662,1.26663,1.25,1.50
2018.05.30 11:07:55.718,1.2666,1.26661,1.69,1.00
2018.05.30 11:07:55.974,1.26661,1.26663,1.25,1.25
2018.05.30 11:07:56.499,1.26661,1.26663,1.25,1.19
2018.05.30 11:07:57.014,1.2666,1.26661,1.25,1.00
2018.05.30 11:07:57.674,1.26659,1.26661,1.76,1.00
2018.05.30 11:07:58.185,1.2666,1.26661,1.25,1.00
2018.05.30 11:07:59.700,1.2666,1.26662,1.76,1.00
2018.05.30 11:07:59.752,1.26663,1.26665,1.25,1.00
2018.05.30 11:08:00.264,1.26664,1.26666,1.01,1.00
2018.05.30 11:08:00.781,1.26664,1.26665,1.01,1.00
2018.05.30 11:08:01.037,1.26661,1.26663,1.76,1.50
2018.05.30 11:08:01.617,1.26662,1.26663,1.25,1.50
2018.05.30 11:08:02.648,1.26661,1.26663,1.69,1.50
2018.05.30 11:08:03.230,1.2666,1.26662,2.44,1.00
2018.05.30 11:08:03.744,1.2666,1.26662,2.44,1.00
2018.05.30 11:08:04.251,1.26661,1.26662,1.25,1.00
2018.05.30 11:08:04.355,1.2666,1.26666,2.89,1.69
2018.05.30 11:08:04.408,1.26663,1.26667,1.00,1.00
2018.05.30 11:08:04.717,1.26663,1.26667,5.32,1.00
2018.05.30 11:08:05.147,1.26664,1.26669,3.07,1.50
2018.05.30 11:08:05.353,1.26664,1.26667,1.57,1.00
2018.05.30 11:08:07.662,1.26664,1.26668,1.57,1.00
2018.05.30 11:08:07.973,1.26662,1.26666,5.32,1.00
2018.05.30 11:08:08.283,1.26662,1.26665,1.01,1.00
2018.05.30 11:08:08.335,1.2666,1.26663,4.39,1.00
2018.05.30 11:08:08.902,1.2666,1.26663,1.95,1.00
2018.05.30 11:08:09.235,1.26659,1.26662,1.01,1.00
2018.05.30 11:08:09.825,1.26658,1.26663,4.20,1.00
2018.05.30 11:08:11.146,1.26658,1.26664,3.26,1.00
2018.05.30 11:08:11.939,1.26657,1.26662,7.20,1.00
2018.05.30 11:08:12.455,1.26658,1.26663,1.76,1.00
2018.05.30 11:08:12.996,1.26659,1.26663,1.57,1.00
2018.05.30 11:08:13.868,1.26659,1.26663,1.57,1.00
2018.05.30 11:08:14.128,1.2666,1.26665,1.76,1.00
2018.05.30 11:08:14.665,1.2666,1.26664,1.57,1.00
2018.05.30 11:08:14.769,1.26659,1.26664,3.64,1.00
2018.05.30 11:08:15.288,1.26666,1.26669,1.00,1.01
2018.05.30 11:08:15.341,1.26667,1.2667,1.57,1.00
2018.05.30 11:08:15.589,1.26668,1.26674,4.20,1.00
2018.05.30 11:08:15.642,1.26672,1.26676,1.00,1.00
2018.05.30 11:08:15.747,1.26671,1.26674,1.70,1.00
2018.05.30 11:08:16.253,1.26669,1.26673,3.04,1.00
2018.05.30 11:08:16.307,1.26669,1.26673,2.89,1.00
2018.05.30 11:08:16.518,1.26669,1.26675,3.64,1.00
2018.05.30 11:08:17.031,1.26667,1.26672,1.89,1.00
2018.05.30 11:08:17.649,1.26666,1.26673,4.01,1.25
2018.05.30 11:08:18.918,1.26669,1.26674,1.20,1.25
2018.05.30 11:08:18.975,1.26671,1.26677,1.01,3.75
2018.05.30 11:08:19.081,1.26671,1.26677,1.70,1.00
2018.05.30 11:08:19.254,1.26676,1.26681,1.00,1.50
2018.05.30 11:08:19.413,1.26676,1.26682,2.51,1.30
2018.05.30 11:08:20.107,1.26677,1.26682,1.70,1.00
2018.05.30 11:08:21.294,1.26679,1.26685,1.20,3.37
2018.05.30 11:08:21.346,1.26682,1.26686,1.00,1.25
2018.05.30 11:08:21.398,1.26682,1.26688,1.00,4.95
2018.05.30 11:08:21.502,1.26682,1.26688,2.51,1.00
2018.05.30 11:08:21.810,1.2668,1.26686,2.70,1.00
2018.05.30 11:08:21.863,1.26681,1.26687,1.39,1.25
2018.05.30 11:08:21.915,1.2668,1.26685,1.95,1.00
2018.05.30 11:08:22.020,1.26678,1.26683,1.57,1.00
2018.05.30 11:08:22.124,1.26676,1.26682,3.64,1.00
2018.05.30 11:08:22.460,1.26683,1.26689,1.00,2.14
2018.05.30 11:08:22.565,1.26684,1.2669,1.45,1.00
2018.05.30 11:08:22.772,1.26685,1.26692,1.07,1.00
2018.05.30 11:08:22.823,1.26684,1.26692,2.14,1.00
2018.05.30 11:08:23.160,1.26685,1.2669,1.07,1.00
2018.05.30 11:08:23.893,1.26685,1.26691,1.57,1.25
2018.05.30 11:08:24.274,1.26685,1.26691,2.89,1.00
2018.05.30 11:08:25.017,1.26684,1.26691,4.39,1.69
2018.05.30 11:08:25.580,1.26684,1.2669,3.83,1.00
2018.05.30 11:08:26.076,1.26684,1.26689,2.14,1.19
2018.05.30 11:08:26.657,1.26682,1.26689,1.58,1.19
2018.05.30 11:08:26.998,1.26679,1.26685,5.51,1.13
2018.05.30 11:08:27.205,1.26676,1.26682,1.00,1.63
2018.05.30 11:08:27.308,1.26674,1.26682,1.87,1.25
2018.05.30 11:08:27.360,1.26675,1.26682,2.14,1.31
2018.05.30 11:08:28.097,1.26675,1.26681,2.14,1.44
2018.05.30 11:08:28.437,1.26681,1.26687,2.33,1.72
2018.05.30 11:08:28.743,1.26685,1.2669,2.06,1.00
2018.05.30 11:08:29.060,1.26692,1.26698,1.45,1.35
2018.05.30 11:08:29.266,1.26693,1.267,3.07,1.50
2018.05.30 11:08:29.318,1.26694,1.267,1.58,1.00
2018.05.30 11:08:29.370,1.26694,1.26702,2.33,1.69
2018.05.30 11:08:29.945,1.26694,1.26701,1.70,1.25
2018.05.30 11:08:30.510,1.26696,1.26702,1.00,1.29
2018.05.30 11:08:30.717,1.26695,1.26702,2.89,1.19
2018.05.30 11:08:30.769,1.26698,1.26705,1.57,3.45
2018.05.30 11:08:30.977,1.267,1.26706,1.00,1.87
2018.05.30 11:08:31.509,1.267,1.26706,1.00,1.32
2018.05.30 11:08:31.867,1.26703,1.26709,2.44,1.20
2018.05.30 11:08:31.919,1.26705,1.26711,1.50,1.00
2018.05.30 11:08:32.124,1.26702,1.2671,1.57,1.39
2018.05.30 11:08:32.329,1.267,1.26708,3.37,1.95
2018.05.30 11:08:32.487,1.26702,1.26708,1.00,1.10
2018.05.30 11:08:32.870,1.267,1.26707,1.25,1.12
2018.05.30 11:08:33.026,1.267,1.26707,1.01,1.58
2018.05.30 11:08:33.388,1.267,1.26707,1.19,1.76
2018.05.30 11:08:33.895,1.267,1.26707,3.08,1.57
2018.05.30 11:08:34.202,1.267,1.26705,2.70,1.00
2018.05.30 11:08:34.523,1.267,1.26707,3.19,1.69
2018.05.30 11:08:35.034,1.26702,1.26709,1.12,1.95
2018.05.30 11:08:35.616,1.26702,1.26709,1.25,2.14
2018.05.30 11:08:35.875,1.26704,1.26709,1.00,1.10
2018.05.30 11:08:36.035,1.26701,1.26707,3.26,1.00
2018.05.30 11:08:36.159,1.26703,1.26709,1.00,1.39
2018.05.30 11:08:36.414,1.26708,1.26715,1.25,1.95
2018.05.30 11:08:36.981,1.26707,1.26714,1.95,2.14
2018.05.30 11:08:37.423,1.26709,1.26715,1.00,3.26
2018.05.30 11:08:38.060,1.26708,1.26715,1.57,1.76
2018.05.30 11:08:38.571,1.26709,1.26716,1.00,2.12
2018.05.30 11:08:39.284,1.26713,1.26717,1.00,1.39
2018.05.30 11:08:39.387,1.26713,1.26718,1.00,1.01
2018.05.30 11:08:39.698,1.26713,1.26717,1.00,1.39
2018.05.30 11:08:40.187,1.26711,1.26717,1.50,3.26
2018.05.30 11:08:40.701,1.26709,1.26713,1.00,1.00
2018.05.30 11:08:40.855,1.26705,1.2671,3.19,1.12
2018.05.30 11:08:41.207,1.26703,1.26709,1.69,1.10
2018.05.30 11:08:41.261,1.26702,1.26706,1.10,1.00
2018.05.30 11:08:41.416,1.26698,1.26705,3.37,2.89
2018.05.30 11:08:41.570,1.267,1.26705,1.00,1.20
2018.05.30 11:08:41.702,1.26701,1.26707,1.12,2.32
2018.05.30 11:08:42.008,1.26701,1.26707,1.87,1.20
2018.05.30 11:08:42.213,1.26703,1.26709,1.12,2.14
2018.05.30 11:08:42.315,1.26705,1.26711,1.00,4.39
2018.05.30 11:08:42.367,1.26705,1.26711,1.50,2.70
2018.05.30 11:08:42.469,1.26707,1.26713,1.00,1.95
2018.05.30 11:08:42.838,1.26708,1.26715,1.50,1.64
2018.05.30 11:08:43.315,1.2671,1.26716,1.00,4.00
2018.05.30 11:08:43.536,1.26711,1.26719,1.50,2.50
2018.05.30 11:08:43.743,1.2671,1.26716,1.00,1.19
2018.05.30 11:08:44.154,1.26712,1.26718,1.00,3.25
2018.05.30 11:08:44.338,1.26712,1.26718,1.00,1.39
2018.05.30 11:08:44.442,1.2671,1.26718,1.00,3.25
2018.05.30 11:08:44.952,1.26711,1.26716,1.00,1.95
2018.05.30 11:08:45.003,1.26709,1.26716,1.87,2.89
2018.05.30 11:08:45.518,1.2671,1.26716,1.00,4.39
2018.05.30 11:08:45.776,1.26709,1.26716,1.12,4.39
2018.05.30 11:08:45.937,1.26711,1.26717,1.00,2.32
2018.05.30 11:08:46.494,1.26711,1.26716,1.00,2.89
2018.05.30 11:08:46.548,1.26708,1.26714,2.51,1.44
2018.05.30 11:08:46.654,1.26707,1.26712,1.50,2.25
2018.05.30 11:08:47.181,1.26706,1.26712,1.25,2.14
2018.05.30 11:08:47.634,1.26706,1.26713,1.00,2.70
2018.05.30 11:08:47.688,1.2671,1.26712,3.19,1.00
2018.05.30 11:08:47.927,1.26713,1.26718,1.39,1.30
2018.05.30 11:08:47.981,1.26715,1.26721,3.00,1.76
2018.05.30 11:08:48.345,1.26717,1.26724,1.00,2.14
2018.05.30 11:08:48.875,1.26716,1.26724,2.14,4.01
2018.05.30 11:08:49.238,1.26716,1.26721,3.64,1.00
2018.05.30 11:08:49.795,1.26717,1.26721,1.25,1.50
2018.05.30 11:08:50.258,1.26715,1.2672,1.25,1.50
2018.05.30 11:08:50.772,1.26715,1.2672,1.25,1.69
2018.05.30 11:08:51.306,1.26716,1.26721,1.00,1.57
2018.05.30 11:08:51.461,1.26717,1.26723,1.25,1.01
2018.05.30 11:08:51.801,1.26716,1.2672,2.06,1.00
2018.05.30 11:08:52.114,1.26713,1.26718,1.25,1.50
2018.05.30 11:08:53.074,1.26712,1.26718,1.10,1.50
2018.05.30 11:08:53.441,1.26714,1.26719,1.00,1.20
2018.05.30 11:08:53.495,1.26714,1.26722,1.00,2.70
2018.05.30 11:08:53.718,1.26718,1.26722,1.00,1.50
2018.05.30 11:08:53.821,1.26716,1.26722,1.50,1.50
2018.05.30 11:08:55.156,1.26716,1.26723,1.50,2.25
2018.05.30 11:08:55.260,1.26719,1.26723,1.00,1.00
2018.05.30 11:08:55.590,1.26727,1.26733,2.25,1.75
2018.05.30 11:08:55.905,1.2674,1.26746,1.12,1.37
2018.05.30 11:08:55.958,1.2674,1.26746,3.56,1.20
2018.05.30 11:08:56.148,1.26738,1.26746,3.26,3.07
2018.05.30 11:08:56.200,1.2674,1.26745,1.25,1.01
2018.05.30 11:08:56.304,1.26738,1.26744,1.10,1.00
2018.05.30 11:08:56.461,1.26738,1.26742,1.00,1.00
2018.05.30 11:08:56.514,1.26737,1.26744,2.32,1.10
2018.05.30 11:08:57.015,1.26739,1.26744,1.69,1.00
2018.05.30 11:08:57.513,1.26742,1.26745,1.12,1.00
2018.05.30 11:08:57.565,1.26744,1.26748,1.87,1.20
2018.05.30 11:08:57.618,1.26746,1.2675,1.62,3.45
2018.05.30 11:08:57.722,1.26747,1.26751,1.00,1.00
2018.05.30 11:08:58.223,1.26745,1.26752,2.89,1.25
2018.05.30 11:08:58.769,1.26745,1.26752,3.26,1.01
2018.05.30 11:08:59.281,1.26743,1.26749,2.13,1.50
2018.05.30 11:08:59.502,1.26741,1.26747,1.25,1.50
2018.05.30 11:09:00.027,1.26741,1.26746,1.25,1.00
2018.05.30 11:09:00.298,1.26738,1.26745,1.39,2.06
2018.05.30 11:09:00.609,1.26733,1.26739,1.45,1.00
2018.05.30 11:09:00.930,1.26733,1.2674,1.10,1.10
2018.05.30 11:09:00.982,1.26735,1.2674,1.00,1.10
2018.05.30 11:09:01.192,1.26732,1.26738,1.10,1.25
2018.05.30 11:09:01.453,1.26731,1.26738,1.69,1.76
2018.05.30 11:09:01.776,1.26726,1.26733,1.10,2.14
2018.05.30 11:09:02.291,1.26726,1.26733,3.38,1.00
2018.05.30 11:09:02.685,1.26723,1.26729,2.70,1.00
2018.05.30 11:09:02.736,1.26724,1.26729,1.00,1.00
2018.05.30 11:09:02.838,1.26721,1.2673,1.72,2.51
2018.05.30 11:09:03.210,1.26722,1.26729,1.00,3.45
2018.05.30 11:09:03.365,1.26725,1.26731,1.12,1.01
2018.05.30 11:09:03.624,1.26726,1.26734,1.20,1.95
2018.05.30 11:09:03.913,1.26729,1.26735,1.43,1.20
2018.05.30 11:09:03.965,1.2673,1.26736,1.00,1.10
2018.05.30 11:09:04.123,1.26733,1.2674,1.24,1.95
2018.05.30 11:09:04.229,1.26734,1.26741,1.87,1.50
2018.05.30 11:09:04.373,1.26738,1.26743,1.00,1.10
2018.05.30 11:09:04.480,1.26738,1.26747,1.25,4.04
2018.05.30 11:09:04.633,1.26738,1.26745,1.10,1.39
2018.05.30 11:09:05.159,1.26738,1.26746,1.95,1.01
2018.05.30 11:09:05.364,1.26738,1.26744,2.14,1.00
2018.05.30 11:09:05.468,1.26738,1.26744,2.87,1.00
2018.05.30 11:09:05.519,1.26738,1.26744,2.89,1.00
2018.05.30 11:09:05.916,1.2674,1.26742,1.00,1.00
2018.05.30 11:09:06.020,1.26737,1.26742,4.76,1.00
2018.05.30 11:09:06.072,1.26737,1.26744,6.64,1.00
2018.05.30 11:09:06.277,1.26738,1.26745,1.57,1.00
2018.05.30 11:09:06.778,1.26738,1.26744,5.51,1.00
2018.05.30 11:09:07.101,1.26736,1.2674,3.07,1.00
2018.05.30 11:09:07.153,1.26735,1.26739,2.14,1.00
2018.05.30 11:09:07.511,1.26735,1.26741,3.26,1.00
2018.05.30 11:09:07.871,1.26736,1.26741,1.85,1.00
2018.05.30 11:09:07.992,1.26735,1.2674,3.64,1.25
2018.05.30 11:09:08.044,1.26734,1.26738,4.20,1.00
2018.05.30 11:09:08.305,1.26732,1.26737,2.89,1.25
2018.05.30 11:09:08.887,1.26732,1.26738,1.57,1.24
2018.05.30 11:09:09.632,1.26731,1.26736,2.14,1.00
2018.05.30 11:09:10.147,1.26729,1.26735,2.70,1.00
2018.05.30 11:09:10.302,1.26729,1.26735,1.07,1.50
2018.05.30 11:09:10.835,1.26728,1.26735,1.48,1.57
2018.05.30 11:09:11.419,1.26727,1.26734,3.64,1.50
2018.05.30 11:09:11.985,1.26728,1.26734,1.00,1.20
2018.05.30 11:09:12.535,1.26729,1.26735,1.00,1.57
2018.05.30 11:09:12.586,1.2673,1.26736,1.50,1.12
2018.05.30 11:09:12.741,1.26726,1.2673,5.70,1.00
2018.05.30 11:09:13.053,1.26716,1.26722,7.39,1.00
2018.05.30 11:09:13.159,1.26713,1.26717,1.95,1.00
2018.05.30 11:09:13.369,1.2671,1.26715,1.95,1.00
2018.05.30 11:09:13.777,1.26714,1.26719,1.00,2.51
2018.05.30 11:09:13.882,1.26715,1.2672,1.00,1.00
2018.05.30 11:09:14.143,1.26715,1.2672,2.14,1.00
2018.05.30 11:09:14.195,1.26716,1.26723,2.00,1.50
2018.05.30 11:09:14.573,1.26718,1.26725,3.07,2.25
2018.05.30 11:09:15.288,1.26719,1.26722,1.00,1.00
2018.05.30 11:09:15.420,1.26716,1.26722,2.14,1.00
2018.05.30 11:09:16.478,1.26715,1.26722,3.08,1.00
2018.05.30 11:09:16.530,1.26721,1.26723,2.62,1.10
2018.05.30 11:09:16.932,1.26747,1.2675,1.87,1.00
2018.05.30 11:09:16.983,1.26747,1.26753,1.75,1.00
2018.05.30 11:09:17.136,1.26746,1.26752,1.95,1.00
2018.05.30 11:09:17.494,1.26743,1.26747,3.64,1.00
2018.05.30 11:09:17.621,1.26745,1.26752,1.25,1.45
2018.05.30 11:09:17.683,1.26747,1.26755,2.44,4.76
2018.05.30 11:09:17.746,1.26747,1.26755,1.39,1.95
2018.05.30 11:09:18.112,1.2675,1.26757,1.62,1.10
2018.05.30 11:09:18.216,1.26751,1.26758,5.63,1.10
2018.05.30 11:09:18.377,1.26753,1.26761,3.08,3.07
2018.05.30 11:09:18.532,1.26757,1.26761,1.00,1.69
2018.05.30 11:09:18.741,1.26765,1.26772,2.25,2.62
2018.05.30 11:09:18.818,1.26767,1.26769,1.12,4.76
2018.05.30 11:09:18.951,1.26769,1.26774,1.00,4.95
2018.05.30 11:09:19.107,1.2677,1.26775,2.25,1.01
2018.05.30 11:09:19.654,1.26771,1.26778,2.25,2.89
2018.05.30 11:09:19.759,1.26777,1.26781,1.00,2.70
2018.05.30 11:09:19.812,1.2678,1.26781,1.12,1.76
2018.05.30 11:09:19.918,1.26783,1.26787,1.12,4.72
2018.05.30 11:09:19.970,1.26783,1.26787,1.12,6.30
2018.05.30 11:09:20.025,1.26781,1.26786,1.00,1.01
2018.05.30 11:09:20.205,1.26781,1.26786,1.12,1.01
2018.05.30 11:09:20.468,1.26779,1.26786,1.00,2.14
2018.05.30 11:09:20.522,1.26777,1.26785,3.19,2.32
2018.05.30 11:09:20.788,1.26778,1.26784,1.50,1.01
2018.05.30 11:09:21.159,1.26777,1.26785,1.95,2.14
2018.05.30 11:09:21.519,1.26775,1.26781,1.57,1.31
2018.05.30 11:09:21.674,1.26776,1.26785,1.69,2.70
2018.05.30 11:09:22.066,1.26776,1.26784,1.00,3.26
2018.05.30 11:09:22.270,1.26774,1.26781,3.38,1.57
2018.05.30 11:09:22.584,1.26776,1.26782,1.00,2.06
2018.05.30 11:09:22.925,1.26778,1.26783,1.00,1.57
2018.05.30 11:09:23.239,1.2678,1.26785,1.31,1.12
2018.05.30 11:09:23.293,1.26782,1.26787,1.50,1.20
2018.05.30 11:09:23.525,1.26776,1.26784,2.32,1.38
2018.05.30 11:09:23.842,1.26773,1.2678,1.95,1.00
2018.05.30 11:09:24.381,1.26773,1.2678,1.95,1.10
2018.05.30 11:09:24.435,1.26773,1.26778,1.12,1.00
2018.05.30 11:09:24.794,1.26766,1.26772,1.20,1.50
2018.05.30 11:09:24.856,1.26764,1.26768,1.00,1.12
2018.05.30 11:09:24.915,1.26764,1.26768,1.00,2.06
2018.05.30 11:09:25.071,1.26756,1.26763,1.20,1.31
2018.05.30 11:09:25.403,1.26753,1.26761,1.45,1.00
2018.05.30 11:09:25.714,1.26747,1.26756,6.45,2.06
2018.05.30 11:09:26.240,1.26747,1.26755,2.32,1.39
2018.05.30 11:09:26.293,1.26747,1.26753,1.10,1.00
2018.05.30 11:09:26.414,1.26747,1.26751,1.57,1.25
2018.05.30 11:09:26.827,1.26746,1.26752,1.00,1.95
2018.05.30 11:09:27.199,1.26744,1.26751,1.25,1.45
2018.05.30 11:09:27.303,1.26741,1.26749,3.00,2.51
2018.05.30 11:09:27.355,1.26742,1.26749,2.06,1.70
2018.05.30 11:09:27.406,1.26742,1.2675,1.87,3.07
2018.05.30 11:09:27.459,1.26742,1.2675,2.19,1.10
2018.05.30 11:09:27.703,1.26742,1.2675,1.50,1.01
2018.05.30 11:09:27.758,1.26742,1.2675,1.50,2.14
2018.05.30 11:09:28.275,1.26742,1.26749,1.57,1.76
2018.05.30 11:09:28.601,1.26738,1.26745,1.12,1.00
2018.05.30 11:09:28.915,1.26742,1.26748,1.00,1.45
2018.05.30 11:09:28.974,1.26743,1.26749,1.00,2.70
2018.05.30 11:09:29.515,1.26743,1.26749,1.12,1.01
2018.05.30 11:09:30.038,1.26742,1.26748,1.12,1.95
2018.05.30 11:09:30.347,1.26739,1.26745,1.00,1.00
2018.05.30 11:09:30.864,1.26739,1.26746,1.00,1.57
2018.05.30 11:09:31.138,1.2674,1.26746,1.00,1.95
2018.05.30 11:09:31.470,1.26745,1.2675,1.00,2.14
2018.05.30 11:09:31.528,1.26741,1.26747,1.50,1.20
2018.05.30 11:09:31.686,1.26741,1.26746,1.00,1.20
2018.05.30 11:09:31.738,1.26739,1.26746,1.00,1.95
2018.05.30 11:09:32.244,1.26738,1.26744,2.25,1.10
2018.05.30 11:09:32.777,1.26738,1.26745,2.63,1.45
2018.05.30 11:09:33.294,1.2674,1.26747,1.00,4.39
2018.05.30 11:09:33.845,1.26739,1.26746,2.44,1.95
2018.05.30 11:09:33.897,1.26739,1.26746,2.44,1.95
2018.05.30 11:09:34.054,1.26741,1.26746,1.00,1.45
2018.05.30 11:09:34.732,1.26742,1.26747,1.00,1.45
2018.05.30 11:09:34.993,1.26746,1.2675,1.00,1.45
2018.05.30 11:09:35.486,1.26744,1.26751,1.50,3.64
2018.05.30 11:09:36.157,1.26744,1.26751,1.50,2.32
2018.05.30 11:09:36.395,1.26744,1.2675,1.50,1.57
2018.05.30 11:09:36.497,1.26744,1.2675,1.50,1.70
2018.05.30 11:09:37.789,1.26743,1.2675,1.00,2.32
2018.05.30 11:09:38.336,1.26744,1.2675,1.00,2.14
2018.05.30 11:09:38.868,1.26744,1.2675,1.50,1.45
2018.05.30 11:09:39.337,1.26744,1.2675,1.50,2.14
2018.05.30 11:09:39.440,1.26744,1.26748,1.00,1.20
2018.05.30 11:09:39.641,1.26742,1.26748,1.00,1.10
2018.05.30 11:09:39.745,1.26742,1.26747,1.00,1.45
2018.05.30 11:09:40.053,1.26745,1.26751,1.50,2.14
2018.05.30 11:09:40.582,1.26746,1.26751,1.50,1.64
2018.05.30 11:09:41.106,1.26746,1.2675,1.00,1.39
2018.05.30 11:09:42.222,1.26743,1.26749,1.87,1.10
2018.05.30 11:09:42.274,1.26742,1.26748,1.57,1.12
2018.05.30 11:09:42.325,1.26741,1.26746,1.57,1.00
2018.05.30 11:09:42.449,1.2674,1.26746,1.12,1.10
2018.05.30 11:09:42.607,1.26742,1.26748,1.00,1.45
2018.05.30 11:09:43.015,1.26743,1.26749,1.50,1.45
2018.05.30 11:09:43.673,1.26743,1.2675,1.50,2.14
2018.05.30 11:09:44.001,1.26741,1.26747,1.00,1.95
2018.05.30 11:09:44.053,1.26741,1.26747,1.00,2.70
2018.05.30 11:09:44.284,1.26739,1.26744,1.87,1.00
2018.05.30 11:09:44.338,1.26734,1.2674,1.50,1.39
2018.05.30 11:09:44.391,1.26732,1.26739,1.10,2.51
2018.05.30 11:09:44.497,1.2673,1.26736,1.87,1.00
2018.05.30 11:09:44.818,1.26724,1.26726,2.25,1.31
2018.05.30 11:09:44.964,1.26721,1.26725,1.00,1.25
2018.05.30 11:09:45.171,1.26723,1.26728,1.00,2.51
2018.05.30 11:09:45.224,1.26723,1.26728,1.00,2.51
2018.05.30 11:09:45.328,1.26721,1.26728,1.50,3.07
2018.05.30 11:09:45.892,1.26719,1.26726,2.62,1.20
2018.05.30 11:09:46.198,1.26721,1.26728,1.50,1.76
2018.05.30 11:09:46.509,1.26727,1.26732,1.25,1.00
2018.05.30 11:09:47.164,1.26727,1.26733,1.10,1.00
2018.05.30 11:09:47.705,1.26728,1.26733,1.00,1.00
2018.05.30 11:09:48.228,1.26729,1.26734,1.00,1.87
2018.05.30 11:09:48.742,1.26729,1.26734,1.00,2.62
2018.05.30 11:09:48.898,1.26726,1.26734,2.51,2.44
2018.05.30 11:09:49.521,1.26725,1.26731,1.20,1.50
2018.05.30 11:09:49.675,1.26723,1.26728,1.10,1.00
2018.05.30 11:09:50.188,1.26722,1.26727,1.95,1.00
2018.05.30 11:09:50.358,1.26719,1.26724,3.82,1.00
2018.05.30 11:09:50.410,1.26718,1.26725,1.00,1.87
2018.05.30 11:09:50.514,1.2672,1.26726,1.00,1.50
2018.05.30 11:09:50.821,1.26723,1.26728,1.00,1.57
2018.05.30 11:09:51.502,1.26722,1.26727,1.00,1.00
2018.05.30 11:09:51.827,1.26725,1.26731,1.76,1.50
2018.05.30 11:09:52.361,1.26724,1.2673,1.95,1.37
2018.05.30 11:09:52.903,1.26724,1.2673,1.00,1.00
2018.05.30 11:09:53.214,1.26722,1.26728,3.82,1.00
2018.05.30 11:09:53.266,1.26721,1.26727,1.47,1.00
2018.05.30 11:09:53.456,1.26722,1.26729,1.07,1.00
2018.05.30 11:09:53.507,1.26721,1.26727,2.32,1.00
2018.05.30 11:09:53.763,1.2672,1.26726,1.50,1.00
2018.05.30 11:09:54.082,1.26721,1.26729,1.47,1.50
2018.05.30 11:09:54.187,1.26723,1.26731,1.50,1.57
2018.05.30 11:09:54.239,1.26725,1.26731,1.00,1.57
2018.05.30 11:09:54.395,1.26727,1.26735,1.10,2.70
2018.05.30 11:09:54.550,1.2673,1.26734,1.00,1.00
2018.05.30 11:09:54.602,1.26731,1.26737,1.00,2.14
2018.05.30 11:09:55.662,1.26731,1.26735,1.10,1.00
2018.05.30 11:09:55.818,1.26731,1.26737,1.10,1.87
2018.05.30 11:09:56.378,1.2673,1.26735,1.12,1.00
2018.05.30 11:09:56.432,1.26729,1.26737,2.44,1.57
2018.05.30 11:09:56.485,1.26732,1.26735,1.00,1.00
2018.05.30 11:09:56.538,1.2673,1.26735,1.10,1.00
2018.05.30 11:09:56.594,1.26727,1.26733,3.45,1.00
2018.05.30 11:09:56.698,1.26725,1.2673,1.50,1.25
2018.05.30 11:09:57.070,1.26723,1.26727,1.45,1.00
2018.05.30 11:09:57.178,1.2672,1.26726,1.20,1.00
2018.05.30 11:09:57.386,1.26717,1.26722,1.57,1.00
2018.05.30 11:09:57.693,1.26713,1.26718,1.57,1.00
2018.05.30 11:09:57.746,1.26715,1.2672,1.00,1.00
2018.05.30 11:09:58.282,1.26716,1.26721,1.00,1.20
2018.05.30 11:09:59.392,1.26715,1.2672,1.00,1.00
2018.05.30 11:09:59.606,1.26719,1.26724,1.00,2.70
2018.05.30 11:09:59.713,1.26722,1.26728,1.00,3.45
2018.05.30 11:09:59.767,1.26725,1.26727,1.00,1.95
2018.05.30 11:09:59.873,1.26726,1.26733,1.00,1.84
2018.05.30 11:10:00.047,1.26726,1.26733,1.10,1.10
2018.05.30 11:10:00.636,1.26728,1.26733,1.00,1.10
2018.05.30 11:10:00.957,1.26732,1.26737,1.57,1.00
2018.05.30 11:10:01.536,1.26731,1.26739,3.07,2.32
2018.05.30 11:10:02.593,1.26733,1.26738,1.00,1.00
2018.05.30 11:10:02.839,1.26738,1.26743,1.50,1.10
2018.05.30 11:10:03.155,1.26744,1.26749,1.00,1.80
2018.05.30 11:10:03.260,1.26745,1.2675,1.00,2.14
2018.05.30 11:10:03.641,1.26747,1.26752,1.00,1.95
2018.05.30 11:10:03.747,1.26748,1.26753,1.00,1.10
2018.05.30 11:10:03.905,1.26749,1.26755,1.25,1.10
2018.05.30 11:10:04.424,1.26751,1.26756,1.69,1.00
2018.05.30 11:10:04.964,1.26749,1.26755,3.45,1.00
2018.05.30 11:10:05.274,1.26753,1.2676,1.00,2.70
2018.05.30 11:10:05.326,1.26753,1.2676,1.00,2.70
2018.05.30 11:10:05.841,1.26755,1.2676,1.00,1.00
2018.05.30 11:10:06.163,1.2676,1.26765,1.00,1.00
2018.05.30 11:10:06.711,1.26759,1.26764,1.00,1.00
2018.05.30 11:10:07.224,1.26759,1.26765,1.00,1.01
2018.05.30 11:10:07.550,1.26753,1.26761,2.32,1.10
2018.05.30 11:10:07.601,1.26758,1.26762,1.00,1.39
2018.05.30 11:10:07.756,1.26759,1.26764,1.12,1.00
2018.05.30 11:10:08.440,1.26758,1.26763,1.10,1.00
2018.05.30 11:10:08.834,1.2676,1.26765,1.00,2.32
2018.05.30 11:10:09.296,1.2676,1.26766,1.00,1.69
2018.05.30 11:10:09.348,1.26762,1.26766,1.00,1.00
2018.05.30 11:10:09.450,1.26763,1.26768,1.00,2.32
2018.05.30 11:10:09.568,1.26765,1.2677,1.00,1.20
2018.05.30 11:10:09.824,1.26766,1.26771,1.00,1.95
2018.05.30 11:10:09.878,1.2677,1.26773,1.00,1.20
2018.05.30 11:10:09.981,1.26771,1.26776,1.00,1.47
2018.05.30 11:10:10.083,1.26772,1.26777,1.00,1.10
2018.05.30 11:10:10.638,1.26773,1.26778,1.00,1.76
2018.05.30 11:10:10.691,1.26777,1.26781,1.00,5.70
2018.05.30 11:10:10.749,1.26777,1.2678,1.00,1.50
2018.05.30 11:10:10.801,1.26779,1.2678,1.00,1.50
2018.05.30 11:10:11.053,1.26778,1.26784,1.00,1.57
2018.05.30 11:10:11.468,1.26776,1.26782,1.10,1.69
2018.05.30 11:10:11.775,1.26774,1.2678,1.95,1.00
2018.05.30 11:10:12.258,1.26773,1.26778,1.57,1.00
2018.05.30 11:10:12.490,1.26771,1.26777,1.57,1.00
2018.05.30 11:10:12.542,1.26773,1.26779,1.00,1.95
2018.05.30 11:10:13.039,1.2677,1.26778,2.32,1.00
2018.05.30 11:10:13.552,1.26771,1.26777,1.12,1.00
2018.05.30 11:10:13.710,1.26772,1.2678,1.10,2.70
2018.05.30 11:10:13.762,1.26774,1.2678,1.00,2.70
2018.05.30 11:10:14.358,1.26774,1.2678,1.12,1.57
2018.05.30 11:10:15.803,1.26772,1.26779,1.45,2.25
2018.05.30 11:10:16.325,1.26773,1.26779,1.57,1.00
2018.05.30 11:10:17.214,1.26768,1.26775,2.89,2.25
2018.05.30 11:10:17.268,1.26768,1.26774,1.00,1.12
2018.05.30 11:10:17.373,1.26766,1.26771,2.14,1.00
2018.05.30 11:10:17.478,1.26765,1.2677,1.10,1.00
2018.05.30 11:10:18.007,1.26765,1.26769,1.00,1.00
2018.05.30 11:10:18.528,1.26765,1.26768,1.00,1.00
2018.05.30 11:10:18.857,1.26761,1.26767,1.00,1.01
2018.05.30 11:10:18.911,1.26758,1.26762,1.76,1.00
2018.05.30 11:10:19.224,1.26752,1.26759,1.85,1.10
2018.05.30 11:10:19.993,1.26752,1.26757,1.85,1.00
2018.05.30 11:10:20.098,1.2675,1.26756,1.39,1.25
2018.05.30 11:10:20.152,1.26749,1.26755,3.07,1.25
2018.05.30 11:10:20.294,1.26748,1.2675,1.00,1.00
2018.05.30 11:10:20.908,1.26747,1.2675,1.00,1.00
2018.05.30 11:10:21.369,1.26746,1.26754,2.32,3.45
2018.05.30 11:10:21.890,1.26745,1.2675,3.19,1.00
2018.05.30 11:10:22.341,1.26741,1.26747,3.19,1.00
2018.05.30 11:10:22.499,1.26738,1.26744,7.39,1.00
2018.05.30 11:10:22.810,1.26737,1.26741,1.00,1.00
2018.05.30 11:10:23.325,1.26737,1.26742,1.00,1.00
2018.05.30 11:10:23.826,1.26735,1.26743,3.19,1.57
2018.05.30 11:10:24.139,1.26734,1.2674,1.85,1.00
2018.05.30 11:10:24.900,1.26732,1.2674,4.95,1.57
2018.05.30 11:10:25.236,1.2673,1.26734,1.64,1.00
2018.05.30 11:10:25.292,1.26727,1.26734,1.20,1.95
2018.05.30 11:10:26.009,1.26731,1.26736,1.00,1.95
2018.05.30 11:10:26.320,1.26732,1.2674,2.89,1.76
2018.05.30 11:10:26.886,1.26733,1.26739,3.07,1.00
2018.05.30 11:10:27.993,1.26733,1.26739,1.50,1.10
2018.05.30 11:10:28.888,1.26733,1.26739,1.50,1.00
2018.05.30 11:10:29.744,1.26733,1.2674,1.50,1.57
2018.05.30 11:10:30.268,1.26732,1.26739,2.44,1.00
2018.05.30 11:10:30.558,1.26736,1.2674,1.50,1.10
2018.05.30 11:10:30.870,1.26744,1.2675,1.00,2.14
2018.05.30 11:10:30.975,1.26744,1.26751,1.00,3.11
2018.05.30 11:10:32.075,1.26743,1.26748,1.00,1.50
2018.05.30 11:10:32.403,1.26745,1.2675,1.00,1.10
2018.05.30 11:10:32.714,1.26738,1.26745,2.25,1.00
2018.05.30 11:10:33.220,1.26739,1.26745,1.00,2.25
2018.05.30 11:10:33.735,1.26741,1.26744,1.00,1.00
2018.05.30 11:10:33.839,1.26741,1.26746,1.00,1.10
2018.05.30 11:10:34.114,1.26743,1.26746,1.00,1.00
2018.05.30 11:10:34.168,1.26741,1.26746,1.00,1.00
2018.05.30 11:10:34.643,1.26738,1.26746,1.39,3.45
2018.05.30 11:10:34.746,1.26736,1.26742,1.39,1.50
2018.05.30 11:10:35.096,1.26735,1.26739,1.00,1.00
2018.05.30 11:10:35.504,1.26733,1.26739,1.87,1.00
2018.05.30 11:10:35.556,1.26733,1.26737,1.12,1.00
2018.05.30 11:10:35.879,1.26735,1.26739,1.00,1.00
2018.05.30 11:10:36.188,1.26735,1.26737,1.00,1.00
2018.05.30 11:10:36.241,1.26734,1.26739,1.10,1.50
2018.05.30 11:10:36.753,1.2674,1.26745,1.50,3.30
2018.05.30 11:10:36.805,1.26738,1.26744,1.95,1.00
2018.05.30 11:10:36.909,1.26739,1.26741,1.10,1.00
2018.05.30 11:10:37.168,1.26738,1.26743,1.10,2.25
2018.05.30 11:10:37.637,1.26737,1.26741,1.00,1.50
2018.05.30 11:10:38.172,1.26736,1.2674,1.12,1.00
2018.05.30 11:10:38.472,1.2674,1.26746,1.50,1.95
2018.05.30 11:10:38.842,1.26741,1.26747,1.50,2.25
2018.05.30 11:10:39.417,1.26741,1.26746,1.00,1.00
2018.05.30 11:10:39.471,1.26741,1.26744,1.00,1.00
2018.05.30 11:10:39.524,1.26739,1.26745,2.70,1.00
2018.05.30 11:10:40.047,1.26741,1.26744,1.00,1.00
2018.05.30 11:10:40.356,1.26741,1.26748,1.57,3.82
2018.05.30 11:10:40.607,1.26744,1.26748,1.00,1.00
2018.05.30 11:10:40.954,1.26752,1.26753,1.00,1.50
2018.05.30 11:10:41.160,1.26753,1.26757,1.37,1.00
2018.05.30 11:10:41.212,1.26757,1.26759,1.00,3.07
2018.05.30 11:10:41.462,1.26768,1.26775,5.10,3.45
2018.05.30 11:10:41.514,1.2677,1.26775,1.07,3.00
2018.05.30 11:10:41.565,1.2677,1.26777,1.07,5.25
2018.05.30 11:10:42.039,1.2677,1.26775,1.07,1.00
2018.05.30 11:10:42.352,1.26758,1.2676,1.20,1.00
2018.05.30 11:10:42.509,1.26758,1.26763,1.20,1.69
2018.05.30 11:10:42.898,1.26758,1.26763,1.50,1.00
2018.05.30 11:10:43.052,1.26758,1.26764,1.50,1.45
2018.05.30 11:10:43.388,1.2676,1.26767,1.69,1.25
2018.05.30 11:10:43.440,1.26764,1.26769,1.25,2.25
2018.05.30 11:10:43.973,1.26762,1.26767,1.00,1.45
2018.05.30 11:10:44.132,1.2676,1.26765,1.00,1.00
2018.05.30 11:10:44.675,1.2676,1.26765,1.00,1.95
2018.05.30 11:10:44.732,1.26763,1.26766,1.00,1.45
2018.05.30 11:10:44.786,1.26763,1.26768,1.00,1.45
2018.05.30 11:10:45.328,1.26761,1.26766,1.37,1.57
2018.05.30 11:10:45.380,1.26758,1.26764,2.70,2.25
2018.05.30 11:10:45.528,1.26761,1.26766,1.00,1.70
2018.05.30 11:10:45.580,1.26761,1.26765,1.50,1.76
2018.05.30 11:10:45.684,1.26763,1.26769,1.00,2.14
2018.05.30 11:10:46.204,1.26762,1.26767,1.12,1.10
2018.05.30 11:10:46.540,1.26758,1.26764,1.12,1.20
2018.05.30 11:10:46.977,1.26754,1.26761,1.69,1.95
2018.05.30 11:10:47.079,1.26753,1.26759,2.81,1.20
2018.05.30 11:10:47.595,1.26753,1.26758,1.31,1.10
2018.05.30 11:10:47.888,1.26752,1.26757,1.00,1.45
2018.05.30 11:10:48.517,1.26753,1.26759,1.00,3.64
2018.05.30 11:10:48.828,1.26757,1.2676,1.00,1.20
2018.05.30 11:10:49.191,1.26754,1.26759,1.00,1.12
2018.05.30 11:10:49.840,1.26753,1.26759,1.50,1.12
2018.05.30 11:10:50.376,1.26753,1.26759,1.00,1.45
2018.05.30 11:10:51.145,1.26755,1.2676,1.00,1.85
2018.05.30 11:10:51.671,1.26754,1.26759,1.00,1.00
2018.05.30 11:10:51.875,1.26747,1.26753,1.87,1.00
2018.05.30 11:10:51.928,1.26747,1.26752,1.00,1.45
2018.05.30 11:10:52.445,1.26746,1.2675,1.00,1.20
2018.05.30 11:10:54.026,1.26746,1.26752,1.50,1.20
2018.05.30 11:10:54.752,1.26746,1.26752,1.50,1.07
2018.05.30 11:10:55.087,1.26749,1.26753,1.00,1.45
2018.05.30 11:10:55.398,1.26751,1.26754,1.00,1.95
2018.05.30 11:10:55.501,1.26751,1.26755,1.50,1.45
2018.05.30 11:10:56.007,1.26752,1.26755,1.00,1.20
2018.05.30 11:10:56.527,1.26752,1.26755,1.00,1.00
2018.05.30 11:10:56.778,1.2675,1.26755,1.50,1.45
2018.05.30 11:10:57.301,1.26752,1.26757,1.00,3.45
2018.05.30 11:10:57.354,1.26752,1.26757,1.50,1.95
2018.05.30 11:10:58.378,1.26751,1.26757,1.50,1.45
2018.05.30 11:10:58.429,1.26754,1.26757,1.00,1.45
2018.05.30 11:10:58.635,1.2675,1.26756,1.50,1.20
2018.05.30 11:10:59.155,1.26749,1.26755,1.50,2.32
2018.05.30 11:10:59.384,1.26746,1.26751,1.00,1.12
2018.05.30 11:10:59.437,1.26744,1.26751,2.44,5.32
2018.05.30 11:11:00.155,1.26742,1.26746,1.00,1.00
2018.05.30 11:11:00.310,1.26739,1.26745,2.32,1.00
2018.05.30 11:11:00.413,1.26741,1.26746,1.00,1.07
2018.05.30 11:11:00.921,1.2674,1.26745,1.00,1.70
2018.05.30 11:11:01.382,1.26742,1.26747,1.00,3.45
2018.05.30 11:11:01.434,1.26742,1.26747,1.00,2.70
2018.05.30 11:11:02.685,1.26744,1.26749,1.00,3.82
2018.05.30 11:11:03.199,1.26744,1.26749,1.00,2.32
2018.05.30 11:11:03.537,1.26747,1.26751,1.00,1.57
2018.05.30 11:11:03.711,1.26744,1.26751,1.00,2.14
2018.05.30 11:11:03.918,1.26745,1.2675,1.50,1.45
2018.05.30 11:11:04.467,1.26746,1.2675,1.00,1.45
2018.05.30 11:11:05.210,1.26746,1.26751,1.00,1.70
2018.05.30 11:11:05.757,1.26745,1.26749,1.00,1.20
2018.05.30 11:11:05.861,1.26745,1.26749,1.00,1.45
2018.05.30 11:11:06.207,1.26744,1.26748,1.00,2.70
2018.05.30 11:11:06.377,1.26744,1.26749,1.50,1.95
2018.05.30 11:11:07.411,1.26744,1.26748,1.00,1.20
2018.05.30 11:11:07.467,1.26742,1.26747,1.00,1.12
2018.05.30 11:11:07.520,1.26739,1.26743,1.00,1.87
2018.05.30 11:11:07.835,1.26733,1.26738,1.00,1.45
2018.05.30 11:11:08.365,1.26736,1.26739,1.00,1.57
2018.05.30 11:11:08.417,1.26738,1.2674,1.00,1.87
2018.05.30 11:11:08.966,1.26739,1.26742,1.00,1.45
2018.05.30 11:11:09.336,1.26737,1.26743,1.00,1.57
2018.05.30 11:11:09.877,1.26738,1.26743,1.00,1.57
2018.05.30 11:11:10.433,1.26737,1.26742,1.00,1.95
2018.05.30 11:11:10.514,1.26739,1.26743,1.00,1.45
2018.05.30 11:11:10.566,1.26739,1.26745,1.00,3.07
2018.05.30 11:11:10.671,1.26742,1.26745,1.00,1.57
2018.05.30 11:11:10.723,1.26743,1.26746,1.50,1.95
2018.05.30 11:11:10.853,1.26742,1.26746,1.50,1.45
2018.05.30 11:11:10.905,1.26744,1.26746,1.50,1.20
2018.05.30 11:11:10.956,1.26744,1.26749,1.50,1.00
2018.05.30 11:11:11.061,1.26744,1.26749,1.50,1.45
2018.05.30 11:11:11.675,1.26744,1.26749,1.50,1.20
2018.05.30 11:11:11.985,1.2675,1.26754,1.25,1.50
2018.05.30 11:11:12.541,1.2675,1.26755,1.50,1.00
2018.05.30 11:11:12.646,1.26752,1.26756,1.25,1.00
2018.05.30 11:11:13.202,1.26748,1.2675,1.00,3.67
2018.05.30 11:11:13.299,1.26741,1.26743,1.69,1.00
2018.05.30 11:11:13.351,1.26739,1.26742,1.00,3.19
2018.05.30 11:11:13.406,1.26739,1.26744,1.00,1.64
2018.05.30 11:11:13.457,1.26741,1.26744,1.00,1.10
2018.05.30 11:11:13.871,1.26743,1.26747,1.50,1.45
2018.05.30 11:11:13.923,1.26742,1.26749,1.10,2.32
2018.05.30 11:11:14.026,1.26745,1.2675,1.00,1.95
2018.05.30 11:11:14.334,1.26742,1.26747,2.32,1.00
2018.05.30 11:11:14.817,1.2674,1.26746,1.20,1.00
2018.05.30 11:11:14.871,1.26739,1.26744,1.45,1.00
2018.05.30 11:11:14.975,1.26739,1.26744,1.00,1.00
2018.05.30 11:11:15.238,1.26737,1.26743,1.87,1.10
2018.05.30 11:11:15.356,1.26739,1.26744,1.00,1.39
2018.05.30 11:11:16.082,1.26737,1.26744,1.87,1.95
2018.05.30 11:11:16.586,1.26738,1.26744,1.00,1.01
2018.05.30 11:11:17.101,1.26739,1.26745,1.00,1.20
2018.05.30 11:11:17.343,1.26741,1.26746,1.00,3.64
2018.05.30 11:11:17.395,1.26738,1.26745,1.57,1.01
2018.05.30 11:11:17.456,1.26743,1.26746,1.00,1.10
2018.05.30 11:11:17.562,1.26744,1.26748,1.00,1.00
2018.05.30 11:11:17.968,1.26746,1.26751,1.00,1.50
2018.05.30 11:11:18.504,1.26745,1.2675,1.57,1.00
2018.05.30 11:11:18.609,1.26747,1.26752,1.00,1.95
2018.05.30 11:11:18.825,1.26748,1.26753,1.50,1.10
2018.05.30 11:11:18.982,1.26748,1.26755,1.10,2.32
2018.05.30 11:11:19.086,1.26748,1.26753,1.50,1.00
2018.05.30 11:11:19.295,1.26743,1.26749,1.20,1.00
2018.05.30 11:11:19.637,1.26741,1.26747,1.01,1.00
2018.05.30 11:11:19.949,1.2674,1.26745,1.07,1.00
2018.05.30 11:11:20.155,1.26739,1.26745,1.00,1.69
2018.05.30 11:11:20.353,1.26741,1.26746,1.00,1.87
2018.05.30 11:11:20.509,1.26742,1.26748,1.50,2.51
2018.05.30 11:11:20.867,1.2674,1.26744,1.95,1.00
2018.05.30 11:11:21.057,1.26739,1.26744,1.10,1.25
2018.05.30 11:11:21.603,1.26738,1.26743,1.50,1.00
2018.05.30 11:11:22.143,1.26739,1.26744,1.00,1.00
2018.05.30 11:11:22.664,1.26739,1.26745,2.06,1.00
2018.05.30 11:11:23.192,1.26739,1.26744,1.50,1.10
2018.05.30 11:11:23.514,1.2674,1.26746,2.81,1.00
2018.05.30 11:11:24.035,1.26739,1.26745,1.00,1.10
2018.05.30 11:11:24.828,1.26745,1.26748,1.00,1.95
2018.05.30 11:11:24.881,1.26745,1.26748,1.00,1.00
2018.05.30 11:11:25.093,1.26745,1.2675,1.10,1.25
2018.05.30 11:11:25.197,1.26743,1.26748,1.57,1.00
2018.05.30 11:11:25.250,1.26741,1.26749,4.76,1.25
2018.05.30 11:11:25.764,1.26742,1.26748,1.00,1.00
2018.05.30 11:11:26.289,1.26741,1.26746,1.10,1.00
2018.05.30 11:11:26.793,1.26741,1.26747,1.50,1.25
2018.05.30 11:11:27.378,1.26742,1.26747,1.00,1.00
2018.05.30 11:11:27.689,1.26737,1.26743,1.00,1.00
2018.05.30 11:11:27.844,1.26736,1.2674,1.10,1.00
2018.05.30 11:11:28.164,1.26734,1.26737,1.00,1.00
2018.05.30 11:11:28.472,1.26733,1.26739,1.12,1.12
2018.05.30 11:11:29.618,1.26734,1.2674,1.00,1.00
2018.05.30 11:11:29.955,1.26734,1.26742,3.19,2.70
2018.05.30 11:11:30.159,1.26736,1.26742,1.57,1.00
2018.05.30 11:11:30.466,1.26739,1.26744,1.00,1.00
2018.05.30 11:11:30.995,1.26741,1.26742,1.00,1.00
2018.05.30 11:11:31.047,1.26742,1.26747,1.00,2.14
2018.05.30 11:11:31.308,1.26743,1.26749,1.50,1.76
2018.05.30 11:11:31.360,1.26745,1.26749,1.12,1.10
2018.05.30 11:11:31.903,1.26744,1.26748,1.57,1.00
2018.05.30 11:11:32.371,1.26745,1.2675,1.12,1.00
2018.05.30 11:11:32.658,1.26744,1.26747,1.57,1.00
2018.05.30 11:11:32.968,1.26743,1.26749,1.85,1.31
2018.05.30 11:11:33.520,1.26744,1.26749,1.10,1.00
2018.05.30 11:11:34.048,1.26745,1.26749,1.00,1.00
2018.05.30 11:11:34.258,1.26746,1.26752,1.20,1.44
2018.05.30 11:11:34.837,1.26746,1.2675,1.20,1.25
2018.05.30 11:11:35.374,1.26746,1.26751,2.32,1.00
2018.05.30 11:11:35.875,1.26747,1.26752,1.12,1.00
2018.05.30 11:11:36.332,1.26751,1.26756,1.50,2.14
2018.05.30 11:11:36.540,1.26753,1.2676,1.00,2.51
2018.05.30 11:11:36.592,1.26756,1.26761,1.00,1.39
2018.05.30 11:11:36.752,1.26764,1.26769,1.00,1.25
2018.05.30 11:11:36.918,1.26764,1.26768,1.76,1.44
2018.05.30 11:11:37.033,1.2676,1.26764,1.25,1.00
2018.05.30 11:11:37.190,1.26759,1.26764,1.00,2.33
2018.05.30 11:11:37.297,1.26759,1.26764,1.00,1.12
2018.05.30 11:11:37.457,1.26759,1.26765,1.25,1.01
2018.05.30 11:11:37.565,1.26759,1.26765,1.25,1.01
2018.05.30 11:11:37.957,1.26759,1.26762,1.25,1.00
2018.05.30 11:11:38.063,1.26757,1.26762,3.26,1.25
2018.05.30 11:11:38.576,1.26757,1.26763,1.25,1.39
2018.05.30 11:11:38.681,1.26755,1.26762,4.01,1.58
2018.05.30 11:11:39.101,1.26755,1.26759,1.01,1.38
2018.05.30 11:11:39.257,1.26752,1.26755,1.76,1.00
2018.05.30 11:11:39.309,1.26752,1.26754,1.00,1.31
2018.05.30 11:11:39.361,1.2675,1.26754,1.00,1.25
2018.05.30 11:11:39.900,1.26751,1.26755,1.00,1.20
2018.05.30 11:11:40.004,1.26753,1.26755,1.50,1.10
2018.05.30 11:11:40.455,1.26755,1.26758,1.00,2.25
2018.05.30 11:11:40.507,1.26752,1.26757,2.44,2.06
2018.05.30 11:11:40.613,1.26753,1.26757,1.00,1.25
2018.05.30 11:11:40.717,1.26752,1.26758,1.50,2.63
2018.05.30 11:11:40.871,1.26752,1.26758,1.50,2.44
2018.05.30 11:11:40.923,1.26752,1.26758,1.50,1.95
2018.05.30 11:11:41.129,1.26753,1.26759,1.00,2.70
2018.05.30 11:11:41.290,1.26754,1.26759,1.00,1.38
2018.05.30 11:11:41.342,1.26755,1.2676,1.50,1.38
2018.05.30 11:11:41.547,1.26756,1.26761,1.00,2.33
2018.05.30 11:11:41.651,1.26755,1.2676,1.00,1.25
2018.05.30 11:11:41.702,1.26756,1.26761,1.00,1.95
2018.05.30 11:11:41.754,1.26756,1.26761,1.00,1.95
2018.05.30 11:11:41.960,1.26759,1.26764,1.12,4.76
2018.05.30 11:11:42.171,1.2676,1.26765,1.00,1.39
2018.05.30 11:11:42.431,1.26761,1.26766,1.00,1.01
2018.05.30 11:11:42.742,1.2676,1.26766,1.00,1.69
2018.05.30 11:11:43.190,1.26761,1.26766,1.00,1.00
2018.05.30 11:11:43.708,1.26762,1.26766,1.31,1.00
2018.05.30 11:11:44.776,1.26765,1.26769,1.00,1.69
2018.05.30 11:11:44.828,1.26765,1.2677,1.00,1.39
2018.05.30 11:11:44.881,1.26767,1.26771,1.00,1.07
2018.05.30 11:11:45.165,1.26767,1.26772,1.88,1.10
2018.05.30 11:11:45.269,1.26769,1.26775,1.50,2.14
2018.05.30 11:11:45.321,1.26771,1.26777,2.89,1.00
2018.05.30 11:11:45.373,1.26773,1.26778,1.25,1.10
2018.05.30 11:11:45.922,1.26776,1.26781,1.69,2.14
2018.05.30 11:11:45.978,1.26778,1.26783,1.00,1.10
2018.05.30 11:11:46.030,1.26779,1.26783,2.25,1.10
2018.05.30 11:11:46.135,1.26781,1.26787,1.50,2.51
2018.05.30 11:11:46.187,1.2678,1.26785,2.89,2.06
2018.05.30 11:11:46.296,1.26777,1.26782,3.26,1.00
2018.05.30 11:11:46.399,1.26779,1.26784,1.25,1.25
2018.05.30 11:11:46.929,1.26778,1.26784,1.01,1.31
2018.05.30 11:11:47.467,1.26777,1.26783,1.76,1.31
2018.05.30 11:11:47.570,1.26778,1.26785,1.00,1.26
2018.05.30 11:11:47.776,1.2678,1.26785,1.87,1.25
2018.05.30 11:11:48.326,1.26781,1.26787,2.32,2.06
2018.05.30 11:11:48.689,1.26778,1.26783,3.82,1.25
2018.05.30 11:11:48.879,1.2678,1.26786,1.00,3.45
2018.05.30 11:11:49.036,1.26781,1.26787,2.25,1.95
2018.05.30 11:11:49.609,1.2678,1.26786,2.62,1.25
2018.05.30 11:11:49.764,1.26778,1.26782,1.32,1.25
2018.05.30 11:11:49.868,1.26777,1.26783,1.69,1.39
2018.05.30 11:11:50.523,1.26775,1.26777,1.07,1.69
2018.05.30 11:11:50.577,1.26773,1.26778,1.12,2.70
2018.05.30 11:11:51.094,1.26773,1.26777,1.12,1.76
2018.05.30 11:11:51.516,1.26771,1.26776,2.51,1.25
2018.05.30 11:11:51.775,1.26772,1.26777,1.69,1.20
2018.05.30 11:11:51.934,1.26771,1.26778,1.57,2.89
2018.05.30 11:11:52.065,1.2677,1.26774,1.12,1.00
2018.05.30 11:11:52.762,1.26768,1.26773,1.75,1.00
2018.05.30 11:11:52.816,1.26765,1.26771,5.14,1.25
2018.05.30 11:11:53.385,1.26764,1.26771,3.07,1.31
2018.05.30 11:11:53.816,1.26763,1.26767,1.45,1.25
2018.05.30 11:11:53.920,1.26761,1.26766,3.45,1.25
2018.05.30 11:11:54.132,1.26763,1.26768,1.25,1.00
2018.05.30 11:11:54.343,1.26764,1.2677,3.19,1.10
2018.05.30 11:11:54.489,1.26765,1.26771,1.75,1.07
2018.05.30 11:11:54.908,1.26767,1.26773,1.50,1.07
2018.05.30 11:11:55.013,1.26769,1.26774,1.50,1.00
2018.05.30 11:11:55.525,1.2677,1.26775,2.06,1.00
2018.05.30 11:11:55.680,1.2677,1.26775,2.81,1.00
2018.05.30 11:11:55.990,1.26773,1.26777,1.00,1.00
2018.05.30 11:11:56.962,1.26771,1.26777,2.89,1.00
2018.05.30 11:11:58.707,1.2677,1.26777,3.26,1.88
2018.05.30 11:11:59.611,1.26769,1.26776,2.70,1.12
2018.05.30 11:12:00.164,1.26769,1.26776,1.20,1.20
2018.05.30 11:12:00.268,1.26767,1.26772,2.51,1.00
2018.05.30 11:12:00.740,1.26766,1.26772,1.07,1.00
2018.05.30 11:12:00.844,1.26766,1.2677,1.00,1.00
2018.05.30 11:12:01.160,1.26755,1.2676,1.75,1.25
2018.05.30 11:12:01.215,1.26754,1.2676,2.14,1.00
2018.05.30 11:12:01.268,1.26757,1.26763,1.00,1.10
2018.05.30 11:12:01.590,1.26761,1.26768,1.50,1.95
2018.05.30 11:12:01.642,1.26762,1.26767,1.25,1.10
2018.05.30 11:12:02.191,1.26761,1.26767,2.44,1.00
2018.05.30 11:12:02.396,1.26761,1.26767,1.87,1.38
2018.05.30 11:12:02.447,1.26761,1.26767,1.12,1.00
2018.05.30 11:12:02.500,1.26759,1.26765,1.82,1.00
2018.05.30 11:12:03.024,1.26759,1.26765,2.32,1.00
2018.05.30 11:12:03.231,1.26757,1.26763,1.50,1.20
2018.05.30 11:12:03.282,1.26757,1.26761,1.50,1.00
2018.05.30 11:12:03.984,1.26757,1.26762,1.50,1.00
2018.05.30 11:12:05.995,1.26758,1.26763,1.25,1.20
2018.05.30 11:12:06.206,1.26759,1.26767,2.14,1.20
2018.05.30 11:12:06.591,1.26762,1.2677,1.50,4.39
2018.05.30 11:12:06.903,1.26766,1.26771,1.01,1.00
2018.05.30 11:12:07.735,1.26766,1.26772,1.01,1.00
2018.05.30 11:12:08.044,1.26771,1.26777,1.00,1.57
2018.05.30 11:12:08.347,1.26772,1.26778,2.25,1.50
2018.05.30 11:12:08.863,1.26773,1.26779,1.76,1.00
2018.05.30 11:12:09.407,1.26772,1.2678,4.39,1.01
2018.05.30 11:12:09.939,1.26776,1.26783,1.00,1.57
2018.05.30 11:12:10.253,1.26774,1.26781,2.70,1.31
2018.05.30 11:12:10.566,1.26773,1.26778,1.75,1.25
2018.05.30 11:12:11.309,1.26772,1.26778,1.95,1.50
2018.05.30 11:12:13.625,1.26771,1.26775,1.82,1.00
2018.05.30 11:12:13.731,1.2677,1.26775,1.07,1.00
2018.05.30 11:12:13.995,1.2677,1.26777,1.20,1.01
2018.05.30 11:12:14.518,1.2677,1.26778,1.95,2.14
2018.05.30 11:12:14.814,1.26769,1.26775,4.01,1.00
2018.05.30 11:12:15.451,1.2677,1.26775,1.50,2.25
2018.05.30 11:12:15.503,1.26769,1.26775,1.10,2.25
2018.05.30 11:12:15.557,1.26766,1.26771,4.76,1.25
2018.05.30 11:12:15.770,1.26761,1.26766,1.75,1.25
2018.05.30 11:12:16.296,1.26761,1.26765,1.50,1.00
2018.05.30 11:12:17.518,1.26763,1.26767,1.00,1.10
2018.05.30 11:12:18.029,1.26763,1.26768,1.00,1.20
2018.05.30 11:12:18.082,1.26763,1.26766,1.00,1.00
2018.05.30 11:12:18.699,1.26762,1.26766,1.00,1.00
2018.05.30 11:12:19.442,1.2676,1.26764,2.25,1.00
2018.05.30 11:12:19.993,1.2676,1.26764,1.50,1.00
2018.05.30 11:12:21.176,1.26758,1.26763,4.39,1.00
2018.05.30 11:12:21.720,1.26759,1.26765,1.75,2.14
2018.05.30 11:12:22.271,1.2676,1.26765,1.00,2.14
2018.05.30 11:12:22.479,1.26763,1.26768,1.50,1.00
2018.05.30 11:12:22.818,1.26765,1.2677,1.87,1.00
2018.05.30 11:12:23.074,1.26766,1.26772,1.00,1.57
2018.05.30 11:12:23.589,1.26767,1.26772,1.00,1.10
2018.05.30 11:12:24.118,1.26766,1.26771,1.12,1.00
2018.05.30 11:12:24.277,1.26766,1.26773,1.20,1.76
2018.05.30 11:12:24.383,1.2677,1.26775,1.00,1.57
2018.05.30 11:12:24.579,1.26771,1.26777,1.00,1.76
2018.05.30 11:12:25.146,1.2677,1.26777,1.57,2.70
2018.05.30 11:12:25.689,1.2677,1.26775,1.50,1.44
2018.05.30 11:12:25.793,1.26771,1.26777,1.12,2.51
2018.05.30 11:12:25.946,1.26774,1.26778,1.31,1.10
2018.05.30 11:12:25.998,1.26774,1.2678,1.87,1.57
2018.05.30 11:12:26.156,1.26776,1.26781,1.00,1.50
2018.05.30 11:12:26.469,1.26783,1.26787,1.00,1.45
2018.05.30 11:12:26.521,1.26783,1.26788,1.00,1.76
2018.05.30 11:12:26.574,1.2678,1.26785,1.07,1.12
2018.05.30 11:12:26.629,1.26779,1.26784,1.10,1.00
2018.05.30 11:12:27.165,1.26778,1.26784,1.00,1.39
2018.05.30 11:12:27.691,1.26777,1.26782,1.47,1.13
2018.05.30 11:12:28.212,1.26777,1.26782,1.20,1.12
2018.05.30 11:12:28.451,1.26778,1.26784,1.13,1.69
2018.05.30 11:12:28.737,1.26779,1.26786,2.33,1.25
2018.05.30 11:12:28.842,1.2678,1.26787,2.14,1.88
2018.05.30 11:12:29.357,1.26781,1.26787,1.10,1.31
2018.05.30 11:12:29.708,1.26766,1.2677,1.00,1.87
2018.05.30 11:12:30.015,1.26766,1.26767,1.00,1.00
2018.05.30 11:12:30.302,1.26763,1.26768,2.51,1.00
2018.05.30 11:12:30.354,1.26764,1.2677,1.87,1.10
2018.05.30 11:12:30.508,1.26766,1.26772,1.50,1.07
2018.05.30 11:12:30.816,1.26771,1.26775,1.00,1.25
2018.05.30 11:12:31.331,1.26771,1.26776,1.00,1.00
2018.05.30 11:12:31.611,1.26769,1.26776,3.19,1.25
2018.05.30 11:12:32.075,1.26765,1.2677,3.45,1.31
2018.05.30 11:12:32.486,1.26762,1.26765,1.00,1.25
2018.05.30 11:12:32.538,1.26759,1.26763,1.57,2.25
2018.05.30 11:12:32.591,1.26757,1.26761,1.37,1.25
2018.05.30 11:12:33.093,1.26756,1.2676,2.25,1.00
2018.05.30 11:12:33.248,1.26754,1.26759,1.95,1.25
2018.05.30 11:12:33.301,1.26752,1.26758,2.70,1.44
2018.05.30 11:12:33.353,1.26752,1.26757,1.00,1.00
2018.05.30 11:12:33.826,1.26752,1.26759,1.50,1.01
2018.05.30 11:12:33.929,1.26755,1.2676,1.12,1.10
2018.05.30 11:12:34.347,1.26757,1.2676,1.00,1.00
2018.05.30 11:12:34.407,1.26755,1.2676,1.12,1.00
2018.05.30 11:12:34.613,1.26756,1.26763,2.25,1.95
2018.05.30 11:12:35.089,1.26759,1.26764,1.00,1.10
2018.05.30 11:12:35.142,1.26759,1.26766,2.19,1.20
2018.05.30 11:12:35.300,1.26764,1.26769,1.12,1.00
2018.05.30 11:12:35.353,1.26763,1.26767,1.57,1.00
2018.05.30 11:12:35.406,1.2676,1.26767,3.45,1.25
2018.05.30 11:12:35.557,1.2676,1.26765,1.95,1.00
2018.05.30 11:12:35.976,1.26761,1.26767,1.50,1.10
2018.05.30 11:12:36.183,1.26761,1.26765,1.00,1.00
2018.05.30 11:12:37.303,1.2676,1.26763,1.57,1.00
2018.05.30 11:12:37.409,1.26757,1.26761,2.25,1.00
2018.05.30 11:12:37.565,1.26758,1.26763,1.50,1.00
2018.05.30 11:12:37.720,1.26759,1.26765,1.20,1.00
2018.05.30 11:12:37.773,1.2676,1.26765,1.85,1.00
2018.05.30 11:12:38.198,1.26757,1.2676,1.57,1.00
2018.05.30 11:12:38.729,1.26755,1.2676,2.25,1.00
2018.05.30 11:12:39.219,1.26755,1.26758,1.00,1.00
2018.05.30 11:12:39.529,1.26752,1.26755,1.00,1.00
2018.05.30 11:12:39.975,1.26752,1.26753,1.00,1.00
2018.05.30 11:12:40.163,1.26752,1.26755,1.00,1.00
2018.05.30 11:12:40.667,1.26749,1.26755,1.75,1.00
2018.05.30 11:12:41.082,1.26755,1.26758,1.00,1.95
2018.05.30 11:12:41.135,1.26758,1.26762,1.50,3.82
2018.05.30 11:12:41.222,1.2676,1.26763,1.50,1.80
2018.05.30 11:12:41.275,1.26761,1.26766,1.00,1.20
2018.05.30 11:12:41.480,1.26763,1.26769,1.00,4.20
2018.05.30 11:12:41.532,1.26763,1.26769,1.00,3.00
2018.05.30 11:12:41.635,1.26763,1.26769,1.75,1.50
2018.05.30 11:12:42.071,1.26767,1.2677,1.00,1.00
2018.05.30 11:12:42.125,1.26767,1.26772,1.87,1.00
2018.05.30 11:12:42.333,1.26767,1.26769,1.12,1.00
2018.05.30 11:12:42.664,1.26764,1.26768,1.00,1.25
2018.05.30 11:12:43.165,1.26763,1.26769,1.50,1.00
2018.05.30 11:12:43.424,1.26763,1.26766,2.44,1.00
2018.05.30 11:12:44.436,1.26763,1.26768,2.44,1.00
2018.05.30 11:12:44.554,1.26765,1.26768,1.00,1.00
2018.05.30 11:12:45.486,1.26765,1.26767,1.00,1.00
2018.05.30 11:12:45.968,1.26763,1.26767,2.51,1.00
2018.05.30 11:12:47.199,1.26762,1.26766,1.69,1.00
2018.05.30 11:12:47.670,1.26765,1.2677,1.00,1.20
2018.05.30 11:12:47.829,1.26766,1.26772,1.00,1.00
2018.05.30 11:12:47.935,1.26766,1.26773,4.01,1.10
2018.05.30 11:12:48.674,1.26767,1.2677,1.76,1.00
2018.05.30 11:12:49.243,1.26766,1.26771,1.75,1.00
2018.05.30 11:12:49.761,1.26766,1.2677,2.44,1.00
2018.05.30 11:12:50.268,1.26765,1.26769,2.00,1.00
2018.05.30 11:12:50.720,1.26766,1.26771,1.50,1.00
2018.05.30 11:12:50.933,1.2677,1.26775,1.50,1.00
2018.05.30 11:12:51.139,1.26767,1.2677,1.10,1.00
2018.05.30 11:12:51.447,1.26766,1.26768,1.00,1.00
2018.05.30 11:12:52.241,1.26764,1.26768,1.95,1.00
2018.05.30 11:12:52.776,1.26763,1.26767,1.10,1.00
2018.05.30 11:12:53.328,1.26763,1.26768,1.57,1.00
2018.05.30 11:12:53.484,1.26763,1.26768,2.32,1.00
2018.05.30 11:12:53.590,1.26765,1.26771,1.12,1.07
2018.05.30 11:12:53.757,1.26768,1.26772,1.12,1.00
2018.05.30 11:12:54.626,1.26767,1.26774,4.95,1.25
2018.05.30 11:12:55.092,1.2677,1.26775,1.00,1.76
2018.05.30 11:12:55.595,1.26771,1.26775,1.12,1.00
2018.05.30 11:12:55.807,1.26772,1.26777,1.00,1.10
2018.05.30 11:12:56.125,1.26775,1.26781,1.00,1.95
2018.05.30 11:12:56.595,1.26776,1.26782,1.50,1.20
2018.05.30 11:12:56.649,1.26774,1.26781,2.32,1.69
2018.05.30 11:12:56.860,1.26775,1.26783,1.57,1.57
2018.05.30 11:12:57.221,1.26775,1.2678,1.57,1.00
2018.05.30 11:12:57.376,1.26773,1.26778,1.20,1.25
2018.05.30 11:12:57.428,1.26775,1.26781,1.00,3.86
2018.05.30 11:12:57.583,1.26773,1.26778,1.87,1.00
2018.05.30 11:12:58.148,1.26773,1.26779,1.87,1.00
2018.05.30 11:12:58.301,1.26775,1.2678,1.00,1.01
2018.05.30 11:12:59.102,1.26774,1.26779,1.50,1.00
2018.05.30 11:12:59.546,1.26774,1.26777,1.00,1.00
2018.05.30 11:13:00.085,1.26773,1.26778,1.50,1.25
2018.05.30 11:13:00.632,1.26773,1.26779,2.32,1.00
2018.05.30 11:13:01.098,1.26775,1.2678,1.00,1.01
2018.05.30 11:13:01.645,1.26775,1.26781,2.25,1.57
2018.05.30 11:13:03.048,1.26774,1.2678,2.25,1.25
2018.05.30 11:13:03.393,1.26772,1.26778,2.32,1.00
2018.05.30 11:13:04.048,1.26772,1.26777,3.00,1.00
2018.05.30 11:13:04.416,1.26773,1.26775,1.12,1.00
2018.05.30 11:13:04.469,1.26771,1.26778,1.85,2.89
2018.05.30 11:13:04.521,1.26772,1.26774,1.00,1.00
2018.05.30 11:13:04.574,1.26769,1.26773,1.10,1.00
2018.05.30 11:13:04.678,1.26767,1.26772,3.26,1.44
2018.05.30 11:13:04.782,1.26768,1.26773,1.00,1.10
2018.05.30 11:13:04.937,1.26769,1.26775,1.00,2.51
2018.05.30 11:13:05.443,1.2677,1.26776,1.12,1.00
2018.05.30 11:13:06.262,1.2677,1.26776,1.50,1.01
2018.05.30 11:13:06.673,1.26769,1.26775,1.75,1.76
2018.05.30 11:13:06.828,1.26767,1.26773,2.70,1.44
2018.05.30 11:13:06.880,1.26767,1.26773,2.32,1.44
2018.05.30 11:13:07.432,1.26767,1.26771,1.50,1.25
2018.05.30 11:13:07.694,1.26765,1.26769,1.10,1.00
2018.05.30 11:13:08.577,1.26765,1.26771,1.12,1.87
2018.05.30 11:13:08.803,1.26768,1.26775,1.31,2.89
2018.05.30 11:13:09.116,1.2677,1.26775,1.00,1.10
2018.05.30 11:13:09.522,1.26765,1.26771,3.82,1.91
2018.05.30 11:13:09.871,1.26765,1.26772,2.32,4.20
2018.05.30 11:13:10.472,1.26765,1.26769,1.50,1.00
2018.05.30 11:13:10.737,1.26765,1.26771,2.63,1.10
2018.05.30 11:13:10.893,1.26763,1.26766,1.45,1.00
2018.05.30 11:13:10.945,1.26763,1.26767,1.00,4.05
2018.05.30 11:13:11.022,1.26761,1.26763,1.12,1.00
2018.05.30 11:13:11.076,1.26758,1.26762,1.12,3.79
2018.05.30 11:13:11.231,1.26759,1.26763,1.00,1.95
2018.05.30 11:13:11.373,1.26765,1.26766,1.00,1.50
2018.05.30 11:13:11.478,1.26769,1.26775,1.12,2.89
2018.05.30 11:13:12.023,1.26769,1.26774,1.31,1.00
2018.05.30 11:13:12.079,1.26767,1.26771,1.75,1.00
2018.05.30 11:13:12.132,1.26766,1.26771,1.95,1.00
2018.05.30 11:13:12.289,1.26768,1.26773,1.00,1.10
2018.05.30 11:13:12.848,1.26769,1.26774,1.00,1.25
2018.05.30 11:13:13.165,1.26768,1.26772,1.00,1.38
2018.05.30 11:13:13.269,1.26767,1.26774,2.25,1.57
2018.05.30 11:13:13.801,1.26765,1.26772,3.45,1.57
2018.05.30 11:13:14.213,1.26766,1.2677,1.50,1.00
2018.05.30 11:13:14.590,1.26764,1.2677,2.32,1.00
2018.05.30 11:13:15.148,1.26764,1.2677,3.07,1.87
2018.05.30 11:13:15.328,1.26764,1.26771,3.00,1.25
2018.05.30 11:13:15.603,1.26766,1.26771,1.50,1.00
2018.05.30 11:13:16.828,1.26767,1.26772,1.12,1.00
2018.05.30 11:13:17.141,1.26769,1.26775,1.88,1.50
2018.05.30 11:13:17.654,1.26771,1.26777,1.00,2.32
2018.05.30 11:13:17.910,1.26771,1.26777,1.57,1.62
2018.05.30 11:13:18.444,1.2677,1.26774,1.12,1.12
2018.05.30 11:13:18.976,1.26768,1.26773,1.00,1.12
2018.05.30 11:13:19.029,1.26767,1.26773,1.87,1.39
2018.05.30 11:13:19.560,1.26767,1.26773,1.12,4.01
2018.05.30 11:13:19.874,1.26769,1.26773,1.00,1.50
2018.05.30 11:13:20.078,1.26771,1.26777,1.00,2.70
2018.05.30 11:13:20.656,1.26771,1.26777,2.25,1.01
2018.05.30 11:13:20.861,1.26775,1.26778,1.00,2.70
2018.05.30 11:13:21.069,1.26773,1.26778,1.57,1.00
2018.05.30 11:13:21.685,1.26774,1.26778,1.00,1.69
2018.05.30 11:13:23.300,1.26774,1.2678,1.00,1.76
2018.05.30 11:13:23.352,1.26776,1.2678,1.00,1.57
2018.05.30 11:13:23.567,1.26778,1.26784,1.50,1.39
2018.05.30 11:13:23.672,1.26777,1.26781,1.00,1.00
2018.05.30 11:13:24.185,1.26775,1.26781,3.07,1.19
2018.05.30 11:13:24.692,1.26776,1.26781,1.12,1.25
2018.05.30 11:13:25.236,1.26777,1.26781,1.00,1.12
2018.05.30 11:13:25.766,1.26775,1.26781,1.57,1.50
2018.05.30 11:13:26.277,1.26778,1.26782,1.00,1.25
2018.05.30 11:13:26.435,1.26776,1.26781,1.20,1.25
2018.05.30 11:13:27.126,1.26775,1.26781,3.75,1.69
2018.05.30 11:13:27.676,1.26775,1.26781,2.25,1.50
2018.05.30 11:13:28.535,1.26777,1.26781,1.00,2.14
2018.05.30 11:13:28.854,1.26774,1.26778,2.25,1.20
2018.05.30 11:13:29.468,1.26775,1.26778,1.00,1.20
2018.05.30 11:13:29.997,1.26774,1.26778,1.12,1.20
2018.05.30 11:13:30.267,1.2677,1.26775,1.50,1.00
2018.05.30 11:13:30.371,1.26771,1.26774,1.12,1.20
2018.05.30 11:13:30.700,1.26767,1.26772,1.50,1.57
2018.05.30 11:13:31.168,1.26772,1.26774,1.50,1.00
2018.05.30 11:13:31.410,1.26772,1.26778,2.25,1.20
2018.05.30 11:13:31.976,1.26775,1.2678,1.25,1.95
2018.05.30 11:13:32.203,1.26775,1.26781,2.25,1.95
2018.05.30 11:13:32.826,1.26774,1.2678,1.75,1.39
2018.05.30 11:13:33.255,1.26774,1.2678,1.00,1.70
2018.05.30 11:13:33.771,1.26774,1.2678,1.00,1.39
2018.05.30 11:13:34.385,1.26774,1.26779,2.25,1.00
2018.05.30 11:13:34.696,1.26774,1.26777,1.50,1.00
2018.05.30 11:13:34.749,1.26773,1.26776,1.00,1.00
2018.05.30 11:13:35.239,1.26774,1.26779,1.00,1.10
2018.05.30 11:13:35.749,1.26775,1.2678,1.12,1.57
2018.05.30 11:13:35.801,1.26774,1.26777,1.00,1.50
2018.05.30 11:13:36.312,1.26775,1.2678,1.00,1.57
2018.05.30 11:13:36.825,1.26775,1.2678,1.50,2.14
2018.05.30 11:13:37.597,1.26774,1.2678,1.75,1.95
2018.05.30 11:13:37.885,1.2678,1.26783,1.00,1.10
2018.05.30 11:13:37.945,1.26778,1.26784,2.25,1.95
2018.05.30 11:13:38.307,1.26777,1.26781,1.12,1.20
2018.05.30 11:13:38.904,1.26777,1.26781,1.12,4.20
2018.05.30 11:13:39.212,1.26779,1.26782,1.00,2.70
2018.05.30 11:13:39.264,1.2678,1.26781,1.00,1.00
2018.05.30 11:13:39.470,1.26777,1.26782,1.00,2.70
2018.05.30 11:13:39.953,1.26779,1.26781,1.00,1.10
2018.05.30 11:13:40.065,1.26777,1.26782,1.00,3.45
2018.05.30 11:13:40.468,1.26779,1.2678,1.50,1.00
2018.05.30 11:13:40.519,1.26777,1.26781,1.50,1.95
2018.05.30 11:13:40.571,1.2678,1.26782,1.00,1.95
2018.05.30 11:13:41.097,1.26778,1.26782,1.50,1.95
2018.05.30 11:13:41.699,1.2678,1.26782,1.00,1.20
2018.05.30 11:13:41.914,1.26781,1.26784,1.00,1.20
2018.05.30 11:13:42.422,1.26782,1.26784,1.00,1.10
2018.05.30 11:13:42.770,1.2678,1.26783,1.50,1.10
2018.05.30 11:13:43.287,1.26782,1.26783,1.00,1.20
2018.05.30 11:13:43.444,1.26784,1.26787,1.00,1.20
2018.05.30 11:13:43.552,1.26784,1.26788,1.00,1.10
2018.05.30 11:13:44.084,1.26785,1.26788,1.00,1.20
2018.05.30 11:13:44.600,1.26785,1.26788,1.00,1.10
2018.05.30 11:13:44.653,1.26784,1.26788,1.00,2.14
2018.05.30 11:13:44.713,1.26782,1.26785,1.50,1.00
2018.05.30 11:13:44.887,1.26782,1.26784,1.00,1.20
2018.05.30 11:13:44.991,1.26779,1.26784,3.75,1.20
2018.05.30 11:13:45.523,1.2678,1.26786,1.00,3.82
2018.05.30 11:13:46.027,1.26779,1.26785,3.75,1.70
2018.05.30 11:13:46.564,1.26779,1.26784,3.75,1.10
2018.05.30 11:13:47.293,1.26779,1.26784,3.75,1.10
2018.05.30 11:13:48.069,1.26781,1.26785,1.00,1.45
2018.05.30 11:13:48.121,1.26783,1.26786,1.00,1.45
2018.05.30 11:13:48.172,1.26784,1.26788,1.00,1.10
2018.05.30 11:13:48.223,1.26782,1.26787,1.00,2.25
2018.05.30 11:13:48.557,1.26781,1.26787,2.25,2.51
2018.05.30 11:13:48.874,1.26778,1.26784,1.50,1.89
2018.05.30 11:13:48.978,1.2678,1.26784,1.00,1.57
2018.05.30 11:13:50.191,1.26779,1.26784,1.12,1.39
2018.05.30 11:13:50.507,1.26777,1.2678,1.00,3.04
2018.05.30 11:13:50.830,1.2677,1.26773,1.00,1.61
2018.05.30 11:13:50.935,1.2677,1.26774,1.00,1.56
2018.05.30 11:13:51.198,1.26772,1.26774,1.50,1.37
2018.05.30 11:13:51.417,1.2677,1.26775,1.50,1.10
2018.05.30 11:13:51.625,1.26774,1.26779,1.00,3.11
2018.05.30 11:13:51.737,1.26772,1.26779,1.50,3.45
2018.05.30 11:13:52.272,1.26771,1.26776,1.00,1.57
2018.05.30 11:13:52.697,1.26774,1.26779,1.00,1.01
2018.05.30 11:13:53.234,1.26775,1.2678,1.50,4.01
2018.05.30 11:13:53.785,1.26774,1.26779,1.50,2.32
2018.05.30 11:13:54.122,1.26773,1.26775,1.00,1.39
2018.05.30 11:13:54.229,1.26768,1.26772,1.50,1.10
2018.05.30 11:13:54.775,1.26768,1.26773,1.50,2.14
2018.05.30 11:13:55.235,1.2677,1.26773,1.00,1.70
2018.05.30 11:13:55.339,1.26768,1.26774,1.50,2.51
2018.05.30 11:13:56.254,1.26769,1.26774,1.00,1.45
2018.05.30 11:13:56.307,1.26771,1.26775,1.00,1.64
2018.05.30 11:13:56.475,1.26769,1.26775,1.50,1.57
2018.05.30 11:13:56.633,1.26771,1.26775,1.00,1.45
2018.05.30 11:13:56.686,1.26769,1.26775,1.00,1.95
2018.05.30 11:13:56.996,1.26772,1.26776,1.00,2.32
2018.05.30 11:13:57.217,1.2677,1.26775,1.50,1.57
2018.05.30 11:13:57.728,1.26768,1.26774,1.87,1.20
2018.05.30 11:13:58.264,1.26769,1.26775,1.50,3.07
2018.05.30 11:13:58.837,1.26769,1.26774,1.00,1.01
2018.05.30 11:14:00.084,1.2677,1.26774,1.00,1.10
2018.05.30 11:14:00.611,1.26771,1.26775,1.00,3.07
2018.05.30 11:14:00.968,1.26768,1.26774,2.25,1.70
2018.05.30 11:14:01.173,1.26767,1.26772,3.00,1.70
2018.05.30 11:14:01.429,1.26767,1.26771,1.00,1.39
2018.05.30 11:14:01.966,1.26767,1.26771,1.00,1.95
2018.05.30 11:14:02.754,1.26767,1.26771,1.50,2.14
2018.05.30 11:14:02.975,1.26764,1.26769,1.00,1.39
2018.05.30 11:14:03.027,1.26762,1.26765,1.50,1.12
2018.05.30 11:14:03.340,1.26762,1.26765,1.00,2.14
2018.05.30 11:14:03.499,1.26764,1.26767,1.00,1.95
2018.05.30 11:14:03.974,1.26761,1.26764,2.25,3.56
2018.05.30 11:14:04.028,1.2676,1.26762,2.25,2.92
2018.05.30 11:14:04.182,1.26757,1.2676,1.00,1.10
2018.05.30 11:14:04.234,1.26758,1.26761,1.00,2.14
2018.05.30 11:14:04.337,1.26756,1.2676,1.00,1.10
2018.05.30 11:14:04.537,1.26758,1.26761,1.00,1.45
2018.05.30 11:14:04.697,1.26758,1.26761,1.00,1.10
2018.05.30 11:14:04.803,1.26761,1.26764,1.00,1.95
2018.05.30 11:14:05.011,1.26761,1.26764,1.00,2.32
2018.05.30 11:14:05.064,1.2676,1.26763,1.00,1.70
2018.05.30 11:14:05.232,1.26759,1.26764,1.00,1.70
2018.05.30 11:14:05.540,1.26761,1.26764,1.00,1.57
2018.05.30 11:14:05.653,1.2676,1.26765,1.00,3.45
2018.05.30 11:14:06.196,1.2676,1.26762,1.00,1.44
2018.05.30 11:14:06.399,1.26759,1.26763,1.12,1.20
2018.05.30 11:14:06.930,1.2676,1.26763,1.00,1.12
2018.05.30 11:14:07.089,1.2676,1.26761,1.00,1.00
2018.05.30 11:14:07.192,1.26757,1.26761,1.00,2.14
2018.05.30 11:14:07.499,1.26755,1.2676,1.50,4.65
2018.05.30 11:14:07.806,1.26758,1.26761,1.00,1.45
2018.05.30 11:14:08.337,1.26758,1.26761,1.00,1.45
2018.05.30 11:14:08.968,1.26758,1.26761,1.00,1.45
2018.05.30 11:14:09.379,1.26755,1.26757,1.50,1.00
2018.05.30 11:14:09.485,1.26754,1.26758,1.00,1.95
2018.05.30 11:14:09.588,1.26754,1.26758,1.00,1.20
2018.05.30 11:14:10.128,1.26755,1.26759,1.00,3.82
2018.05.30 11:14:10.379,1.26753,1.26758,1.50,1.57
2018.05.30 11:14:10.900,1.26753,1.26758,1.50,1.57
2018.05.30 11:14:11.510,1.26752,1.26757,1.00,1.32
2018.05.30 11:14:12.384,1.26751,1.26758,1.87,4.61
2018.05.30 11:14:12.915,1.2675,1.26757,4.50,1.07
2018.05.30 11:14:13.174,1.26748,1.26753,1.10,1.25
2018.05.30 11:14:13.227,1.26748,1.26752,1.00,1.26
2018.05.30 11:14:13.562,1.26746,1.26751,1.00,1.64
2018.05.30 11:14:14.335,1.26747,1.26751,1.00,1.57
2018.05.30 11:14:14.858,1.26746,1.26752,1.50,4.57
2018.05.30 11:14:15.403,1.26745,1.26751,3.07,1.25
2018.05.30 11:14:15.506,1.26745,1.26752,1.00,4.01
2018.05.30 11:14:15.957,1.26744,1.26747,1.00,1.00
2018.05.30 11:14:16.166,1.26741,1.26746,1.50,1.00
2018.05.30 11:14:16.960,1.26741,1.26745,1.50,1.00
2018.05.30 11:14:17.485,1.2674,1.26746,1.00,1.20
2018.05.30 11:14:17.538,1.26743,1.26747,1.12,1.00
2018.05.30 11:14:17.876,1.26742,1.26745,1.57,1.00
2018.05.30 11:14:18.699,1.26742,1.26747,1.00,1.10
2018.05.30 11:14:18.904,1.26744,1.26749,1.00,1.95
2018.05.30 11:14:19.392,1.26745,1.2675,1.00,1.01
2018.05.30 11:14:19.920,1.26746,1.2675,1.00,1.00
2018.05.30 11:14:20.493,1.26744,1.2675,1.50,1.00
2018.05.30 11:14:21.017,1.26743,1.26749,2.32,1.00
2018.05.30 11:14:21.814,1.26744,1.26749,1.50,1.00
2018.05.30 11:14:22.953,1.26743,1.26749,2.32,1.00
2018.05.30 11:14:23.467,1.26744,1.2675,1.00,1.10
2018.05.30 11:14:24.781,1.26744,1.26749,1.12,1.00
2018.05.30 11:14:24.963,1.26746,1.26749,1.50,1.00
2018.05.30 11:14:25.066,1.26747,1.26751,1.12,1.00
2018.05.30 11:14:25.687,1.26746,1.2675,1.50,1.00
2018.05.30 11:14:25.791,1.26744,1.2675,1.57,1.62
2018.05.30 11:14:26.111,1.26746,1.26749,1.00,1.12
2018.05.30 11:14:26.472,1.26743,1.26748,3.45,1.00
2018.05.30 11:14:27.015,1.26742,1.26747,1.57,1.25
2018.05.30 11:14:27.638,1.26742,1.26748,1.57,1.00
2018.05.30 11:14:28.025,1.26745,1.26751,1.00,2.70
2018.05.30 11:14:28.539,1.26744,1.26751,1.12,2.32
2018.05.30 11:14:28.900,1.26746,1.26751,1.00,1.10
2018.05.30 11:14:29.423,1.26745,1.26751,1.00,1.76
2018.05.30 11:14:30.023,1.26744,1.26749,1.00,1.19
2018.05.30 11:14:30.549,1.26743,1.26749,2.70,1.00
2018.05.30 11:14:30.858,1.26745,1.26749,1.00,1.00
2018.05.30 11:14:31.105,1.26746,1.26751,2.25,1.31
2018.05.30 11:14:31.260,1.26748,1.26752,1.00,3.94
2018.05.30 11:14:31.922,1.26748,1.26752,1.00,1.31
2018.05.30 11:14:33.263,1.26749,1.26752,1.00,1.31
2018.05.30 11:14:33.473,1.26752,1.26759,1.12,3.67
2018.05.30 11:14:33.992,1.26753,1.2676,4.57,1.01
2018.05.30 11:14:34.595,1.26753,1.26757,2.25,1.00
2018.05.30 11:14:35.023,1.26753,1.26759,3.75,1.69
2018.05.30 11:14:35.127,1.26753,1.26761,4.57,1.39
2018.05.30 11:14:36.239,1.26757,1.26761,1.00,1.00
2018.05.30 11:14:36.861,1.26757,1.2676,1.00,2.44
2018.05.30 11:14:37.341,1.26755,1.26761,1.50,1.69
2018.05.30 11:14:37.506,1.26756,1.26759,1.00,1.00
2018.05.30 11:14:37.559,1.26752,1.26756,1.10,1.00
2018.05.30 11:14:38.073,1.26752,1.26755,1.00,1.50
2018.05.30 11:14:38.578,1.26752,1.26756,1.00,1.25
2018.05.30 11:14:39.080,1.26751,1.26756,1.12,1.69
2018.05.30 11:14:39.611,1.26752,1.26755,1.25,1.25
2018.05.30 11:14:40.190,1.26749,1.26753,1.69,1.25
2018.05.30 11:14:40.717,1.2675,1.26754,1.25,1.44
2018.05.30 11:14:40.924,1.26749,1.26751,1.00,1.00
2018.05.30 11:14:41.442,1.26748,1.2675,1.25,1.00
2018.05.30 11:14:42.122,1.26747,1.2675,2.44,1.00
2018.05.30 11:14:42.709,1.26747,1.2675,1.69,1.00
2018.05.30 11:14:44.017,1.26747,1.26752,2.44,1.12
2018.05.30 11:14:45.191,1.26748,1.2675,1.31,1.00
2018.05.30 11:14:45.701,1.26748,1.26751,1.31,1.00
2018.05.30 11:14:46.204,1.26748,1.26753,1.69,2.14
2018.05.30 11:14:46.720,1.26749,1.26754,1.69,1.39
2018.05.30 11:14:47.381,1.26748,1.26754,2.44,1.76
2018.05.30 11:14:47.489,1.26751,1.26756,1.25,1.76
2018.05.30 11:14:47.821,1.26753,1.26758,4.87,1.25
2018.05.30 11:14:48.336,1.26753,1.26757,4.69,1.00
2018.05.30 11:14:48.859,1.26754,1.26758,1.25,1.50
2018.05.30 11:14:49.170,1.26755,1.26761,2.44,1.57
2018.05.30 11:14:49.275,1.26756,1.26762,1.87,1.35
2018.05.30 11:14:49.458,1.26758,1.26764,1.00,3.60
2018.05.30 11:14:49.979,1.26758,1.26765,2.44,6.49
2018.05.30 11:14:50.494,1.26758,1.26764,2.51,1.50
2018.05.30 11:14:51.010,1.26759,1.26765,1.00,2.89
2018.05.30 11:14:51.331,1.26761,1.26766,1.00,1.76
2018.05.30 11:14:51.902,1.2676,1.26766,4.01,1.12
2018.05.30 11:14:52.273,1.2676,1.26764,1.50,1.00
2018.05.30 11:14:52.481,1.26757,1.26763,1.01,1.25
2018.05.30 11:14:53.029,1.26756,1.26763,5.44,1.00
2018.05.30 11:14:53.443,1.26757,1.26761,1.69,1.00
2018.05.30 11:14:53.973,1.26757,1.26762,1.00,2.44
2018.05.30 11:14:57.973,1.26757,1.26761,1.00,1.00
2018.05.30 11:14:58.230,1.26754,1.26759,1.57,1.00
2018.05.30 11:14:58.823,1.26755,1.26761,1.00,2.85
2018.05.30 11:14:58.875,1.26754,1.26758,1.76,1.00
2018.05.30 11:14:59.186,1.26753,1.26757,1.00,1.19
2018.05.30 11:14:59.717,1.26752,1.26757,1.00,1.87
2018.05.30 11:15:00.028,1.26752,1.26755,1.00,1.25
2018.05.30 11:15:00.455,1.2675,1.26755,1.31,1.25
2018.05.30 11:15:00.963,1.2675,1.26756,2.06,2.14
2018.05.30 11:15:01.762,1.26749,1.26756,1.57,3.26
2018.05.30 11:15:02.275,1.2675,1.26756,1.12,3.26
2018.05.30 11:15:02.411,1.26751,1.26756,1.10,1.12
2018.05.30 11:15:02.722,1.2675,1.26756,1.76,1.12
2018.05.30 11:15:04.014,1.26755,1.26759,1.00,1.00
2018.05.30 11:15:04.066,1.26758,1.2676,1.76,1.00
2018.05.30 11:15:04.229,1.26759,1.26765,1.45,2.48
2018.05.30 11:15:04.281,1.26759,1.26765,1.20,2.06
2018.05.30 11:15:04.333,1.26757,1.26762,3.08,1.00
2018.05.30 11:15:04.488,1.26757,1.26761,1.45,1.00
2018.05.30 11:15:05.028,1.26757,1.26762,1.20,3.23
2018.05.30 11:15:05.133,1.26755,1.26759,2.70,1.00
2018.05.30 11:15:05.548,1.26756,1.26761,1.00,2.06
2018.05.30 11:15:06.075,1.26756,1.2676,1.00,2.44
2018.05.30 11:15:06.178,1.26757,1.26763,1.57,1.87
2018.05.30 11:15:06.230,1.26759,1.26765,1.00,1.50
2018.05.30 11:15:06.775,1.26759,1.26764,1.50,1.00
2018.05.30 11:15:07.148,1.26757,1.26764,1.95,2.44
2018.05.30 11:15:07.662,1.26759,1.26764,1.10,2.06
2018.05.30 11:15:08.346,1.26758,1.26762,1.20,1.50
2018.05.30 11:15:08.881,1.26759,1.26763,1.00,1.00
2018.05.30 11:15:09.844,1.26759,1.26764,1.00,1.50
2018.05.30 11:15:11.241,1.26757,1.26763,2.70,1.00
2018.05.30 11:15:11.757,1.26759,1.26764,1.20,1.00
2018.05.30 11:15:12.280,1.26758,1.26764,1.95,1.50
2018.05.30 11:15:12.984,1.26758,1.26764,1.20,1.87
2018.05.30 11:15:13.239,1.26756,1.26761,2.89,1.00
2018.05.30 11:15:13.757,1.26756,1.26761,1.10,1.69
2018.05.30 11:15:14.270,1.26755,1.26761,3.45,1.00
2018.05.30 11:15:14.696,1.26757,1.26763,1.20,2.06
2018.05.30 11:15:15.177,1.26756,1.26761,1.45,1.00
2018.05.30 11:15:15.228,1.26756,1.26761,1.20,1.50
2018.05.30 11:15:15.886,1.26756,1.2676,1.20,1.00
2018.05.30 11:15:16.099,1.26752,1.26758,1.45,2.62
2018.05.30 11:15:16.152,1.26752,1.26756,1.20,1.12
2018.05.30 11:15:16.472,1.26748,1.26754,1.57,2.25
2018.05.30 11:15:16.527,1.2675,1.26755,1.00,1.87
2018.05.30 11:15:16.982,1.2675,1.26755,3.45,1.00
2018.05.30 11:15:17.086,1.26753,1.26758,1.00,1.87
2018.05.30 11:15:17.189,1.26755,1.26761,1.12,3.97
2018.05.30 11:15:17.468,1.26757,1.26761,1.00,1.50
2018.05.30 11:15:17.833,1.26755,1.2676,1.10,1.50
2018.05.30 11:15:18.340,1.26754,1.26761,2.70,4.87
2018.05.30 11:15:18.881,1.26755,1.2676,1.07,3.37
2018.05.30 11:15:19.170,1.26754,1.26759,1.45,1.44
2018.05.30 11:15:19.686,1.26754,1.26759,1.20,1.25
2018.05.30 11:15:21.384,1.26754,1.26758,1.20,1.00
2018.05.30 11:15:21.699,1.26753,1.26755,1.00,1.00
2018.05.30 11:15:21.967,1.26751,1.26756,1.45,3.37
2018.05.30 11:15:22.175,1.26749,1.26755,1.95,5.25
2018.05.30 11:15:22.720,1.26749,1.26754,1.20,3.37
2018.05.30 11:15:23.293,1.26748,1.26754,1.95,4.12
2018.05.30 11:15:23.548,1.26748,1.26753,1.95,1.62
2018.05.30 11:15:23.706,1.26748,1.26753,1.95,1.25
2018.05.30 11:15:24.248,1.26748,1.26752,1.10,1.12
2018.05.30 11:15:24.568,1.26746,1.2675,1.95,1.00
2018.05.30 11:15:25.089,1.26746,1.26749,1.45,1.00
2018.05.30 11:15:25.596,1.26746,1.2675,1.20,1.00
2018.05.30 11:15:26.608,1.26745,1.26749,1.45,1.00
2018.05.30 11:15:26.815,1.26745,1.26749,1.10,1.25
2018.05.30 11:15:27.176,1.26748,1.26753,1.00,1.01
2018.05.30 11:15:27.502,1.26747,1.26751,3.07,1.50
2018.05.30 11:15:27.554,1.26747,1.2675,1.57,1.69
2018.05.30 11:15:28.071,1.26747,1.2675,1.10,1.50
2018.05.30 11:15:28.639,1.26744,1.2675,2.89,1.25
2018.05.30 11:15:29.678,1.26744,1.26748,1.45,3.41
2018.05.30 11:15:29.729,1.26741,1.26743,1.50,1.12
2018.05.30 11:15:29.986,1.26738,1.26744,1.20,1.25
2018.05.30 11:15:31.727,1.2674,1.26745,1.10,1.87
2018.05.30 11:15:32.086,1.26741,1.26747,1.57,1.12
2018.05.30 11:15:32.193,1.26743,1.2675,1.00,5.06
2018.05.30 11:15:32.246,1.26746,1.2675,1.00,1.25
2018.05.30 11:15:32.574,1.26749,1.26753,1.57,1.00
2018.05.30 11:15:32.729,1.2675,1.26755,1.20,1.25
2018.05.30 11:15:32.780,1.2675,1.26755,1.20,2.06
2018.05.30 11:15:33.249,1.26746,1.26752,1.95,1.62
2018.05.30 11:15:33.352,1.26746,1.26752,1.50,3.00
2018.05.30 11:15:33.714,1.26746,1.26752,1.57,1.69
2018.05.30 11:15:34.235,1.26746,1.26752,1.57,1.19
2018.05.30 11:15:34.671,1.26751,1.26754,1.00,3.26
2018.05.30 11:15:34.727,1.26753,1.26758,1.00,2.32
2018.05.30 11:15:35.931,1.26753,1.26758,1.50,1.87
2018.05.30 11:15:36.724,1.26753,1.26758,1.00,1.87
2018.05.30 11:15:37.083,1.26757,1.26761,1.00,2.74
2018.05.30 11:15:37.258,1.26757,1.26761,1.00,1.00
2018.05.30 11:15:37.362,1.26759,1.26761,1.00,1.00
2018.05.30 11:15:37.414,1.26759,1.26763,1.12,1.00
2018.05.30 11:15:37.466,1.26762,1.26766,1.00,1.50
2018.05.30 11:15:38.032,1.26765,1.26768,1.00,1.32
2018.05.30 11:15:38.084,1.26765,1.26769,1.00,1.10
2018.05.30 11:15:38.342,1.26762,1.26766,1.82,1.00
2018.05.30 11:15:39.159,1.26762,1.26766,1.00,1.69
2018.05.30 11:15:39.262,1.26759,1.26764,1.07,1.25
2018.05.30 11:15:39.570,1.26757,1.2676,1.00,1.44
2018.05.30 11:15:40.110,1.26757,1.2676,1.00,1.25
2018.05.30 11:15:40.420,1.26754,1.26756,1.00,1.25
2018.05.30 11:15:40.629,1.26751,1.26755,1.00,1.00
2018.05.30 11:15:40.681,1.26748,1.26755,2.32,2.06
2018.05.30 11:15:41.126,1.26747,1.26751,1.07,1.00
2018.05.30 11:15:41.433,1.26747,1.26749,1.00,1.50
2018.05.30 11:15:41.689,1.26747,1.26752,1.87,1.07
2018.05.30 11:15:41.816,1.26749,1.26754,1.00,1.47
2018.05.30 11:15:41.920,1.2675,1.26755,1.00,1.00
2018.05.30 11:15:42.335,1.26748,1.26753,1.20,1.69
2018.05.30 11:15:42.658,1.26744,1.26747,1.69,1.00
2018.05.30 11:15:43.777,1.26741,1.26746,1.95,1.00
2018.05.30 11:15:44.355,1.26742,1.26746,1.00,1.00
2018.05.30 11:15:44.945,1.26742,1.26747,1.00,2.06
2018.05.30 11:15:45.203,1.26744,1.26748,1.00,1.20
2018.05.30 11:15:45.509,1.26746,1.26749,1.00,1.00
2018.05.30 11:15:45.784,1.26743,1.26747,1.00,1.50
2018.05.30 11:15:45.888,1.26741,1.26746,2.25,1.00
2018.05.30 11:15:47.206,1.26741,1.26745,1.00,1.00
2018.05.30 11:15:47.684,1.26743,1.26745,1.00,1.00
2018.05.30 11:15:47.787,1.26741,1.26747,1.50,1.00
2018.05.30 11:15:48.102,1.26741,1.26745,5.44,1.00
2018.05.30 11:15:48.848,1.26741,1.26746,4.57,1.50
2018.05.30 11:15:49.212,1.26741,1.26744,2.32,1.00
2018.05.30 11:15:49.372,1.26741,1.26746,1.75,1.50
2018.05.30 11:15:49.527,1.26742,1.26743,1.00,1.00
2018.05.30 11:15:49.848,1.2674,1.26745,2.70,1.50
2018.05.30 11:15:50.360,1.26742,1.26745,1.00,1.00
2018.05.30 11:15:50.712,1.2674,1.26747,5.14,2.32
2018.05.30 11:15:51.226,1.26742,1.26746,1.00,1.50
2018.05.30 11:15:51.781,1.26741,1.26746,1.69,2.44
2018.05.30 11:15:51.832,1.26741,1.26744,1.00,1.00
2018.05.30 11:15:52.139,1.26741,1.26746,1.12,2.44
2018.05.30 11:15:52.243,1.2674,1.26744,1.50,1.50
2018.05.30 11:15:52.806,1.2674,1.26743,1.69,1.00
2018.05.30 11:15:53.320,1.2674,1.26744,1.00,1.50
2018.05.30 11:15:53.965,1.26739,1.26743,1.25,1.69
2018.05.30 11:15:54.122,1.26737,1.26742,1.57,1.50
2018.05.30 11:15:54.641,1.26738,1.26743,1.00,1.76
2018.05.30 11:15:55.275,1.26738,1.26743,1.50,1.50
2018.05.30 11:15:55.858,1.26738,1.26741,1.00,1.00
2018.05.30 11:15:56.015,1.26733,1.26737,1.00,1.00
2018.05.30 11:15:56.067,1.26734,1.26739,1.00,1.10
2018.05.30 11:15:56.634,1.26734,1.26738,1.25,1.00
2018.05.30 11:15:56.826,1.26732,1.26738,3.19,1.29
2018.05.30 11:15:57.338,1.26734,1.26739,1.00,1.57
2018.05.30 11:15:57.862,1.26733,1.2674,2.62,2.25
2018.05.30 11:15:58.197,1.26735,1.2674,1.12,1.00
2018.05.30 11:15:58.714,1.26735,1.26741,1.12,3.64
2018.05.30 11:15:59.328,1.26738,1.26743,1.00,2.89
2018.05.30 11:15:59.433,1.26738,1.26743,1.00,1.95
2018.05.30 11:15:59.981,1.26737,1.26742,1.00,1.76
2018.05.30 11:16:00.738,1.26736,1.26742,2.44,1.95
2018.05.30 11:16:01.118,1.26735,1.2674,1.12,1.00
2018.05.30 11:16:01.328,1.26733,1.2674,1.39,2.32
2018.05.30 11:16:01.384,1.26735,1.2674,1.00,1.76
2018.05.30 11:16:01.933,1.26736,1.2674,1.12,1.00
2018.05.30 11:16:02.191,1.26736,1.26742,1.12,1.12
2018.05.30 11:16:02.244,1.26738,1.26742,1.00,1.12
2018.05.30 11:16:03.145,1.26738,1.26743,1.00,1.87
2018.05.30 11:16:03.677,1.26738,1.26742,1.00,1.00
2018.05.30 11:16:05.197,1.26736,1.26739,1.50,1.35
2018.05.30 11:16:05.405,1.26729,1.26732,1.00,1.00
2018.05.30 11:16:05.514,1.26728,1.26729,1.00,1.00
2018.05.30 11:16:05.722,1.26724,1.26729,1.10,1.37
2018.05.30 11:16:05.774,1.26726,1.26729,1.00,1.37
2018.05.30 11:16:06.033,1.26724,1.26729,1.00,1.87
2018.05.30 11:16:06.241,1.26722,1.26727,1.10,1.00
2018.05.30 11:16:06.472,1.26724,1.26729,1.00,1.47
2018.05.30 11:16:06.736,1.26722,1.26727,1.00,1.00
2018.05.30 11:16:07.264,1.26721,1.26727,1.00,1.00
2018.05.30 11:16:07.368,1.2672,1.26722,1.10,1.00
2018.05.30 11:16:07.693,1.2672,1.26724,1.00,1.10
2018.05.30 11:16:08.221,1.2672,1.26725,2.33,1.00
2018.05.30 11:16:08.785,1.2672,1.26726,1.87,1.12
2018.05.30 11:16:09.332,1.2672,1.26726,1.50,1.00
2018.05.30 11:16:09.705,1.26724,1.26728,1.00,1.50
2018.05.30 11:16:09.757,1.26722,1.26729,1.13,2.70
2018.05.30 11:16:10.278,1.2672,1.26724,1.57,1.00
2018.05.30 11:16:10.382,1.2672,1.26726,1.12,1.13
2018.05.30 11:16:10.434,1.2672,1.26726,1.12,3.38
2018.05.30 11:16:10.957,1.2672,1.26725,1.95,1.00
2018.05.30 11:16:11.518,1.2672,1.26724,1.12,1.00
2018.05.30 11:16:12.065,1.2672,1.26725,1.12,1.50
2018.05.30 11:16:13.585,1.2672,1.26723,1.12,1.00
2018.05.30 11:16:14.152,1.26719,1.26723,1.12,1.00
2018.05.30 11:16:14.698,1.2672,1.26723,1.00,1.00
2018.05.30 11:16:15.215,1.2672,1.26722,1.00,1.00
2018.05.30 11:16:15.765,1.26719,1.26721,1.00,1.25
2018.05.30 11:16:16.387,1.26719,1.26721,1.00,1.25
2018.05.30 11:16:16.913,1.26719,1.26722,1.00,1.19
2018.05.30 11:16:17.483,1.26719,1.26722,1.00,1.12
2018.05.30 11:16:18.150,1.2672,1.26721,1.00,1.00
2018.05.30 11:16:18.576,1.26715,1.26718,2.89,1.00
2018.05.30 11:16:18.684,1.26714,1.26717,1.50,1.25
2018.05.30 11:16:18.930,1.26712,1.26717,1.58,1.00
2018.05.30 11:16:19.445,1.26712,1.26717,1.12,1.50
2018.05.30 11:16:20.041,1.26711,1.26717,1.12,1.12
2018.05.30 11:16:20.247,1.26713,1.26717,1.00,1.50
2018.05.30 11:16:20.525,1.26705,1.26711,1.57,1.00
2018.05.30 11:16:20.890,1.26708,1.26713,1.00,1.20
2018.05.30 11:16:21.231,1.26712,1.26716,1.00,1.00
2018.05.30 11:16:22.351,1.26711,1.26716,1.12,1.25
2018.05.30 11:16:22.763,1.26713,1.26719,1.00,2.32
2018.05.30 11:16:22.921,1.26717,1.26722,1.12,1.00
2018.05.30 11:16:23.077,1.26719,1.26723,1.00,1.12
2018.05.30 11:16:23.284,1.26721,1.26728,1.00,4.39
2018.05.30 11:16:23.336,1.26723,1.26728,1.00,3.64
2018.05.30 11:16:23.440,1.26719,1.26727,2.70,3.19
2018.05.30 11:16:23.624,1.26719,1.26725,1.10,1.87
2018.05.30 11:16:25.421,1.26718,1.26724,1.10,1.69
2018.05.30 11:16:25.964,1.26721,1.26725,1.00,2.51
2018.05.30 11:16:26.502,1.26721,1.26725,1.00,1.00
2018.05.30 11:16:27.041,1.26722,1.26725,1.00,1.00
2018.05.30 11:16:27.683,1.26722,1.26727,1.00,1.01
2018.05.30 11:16:27.898,1.26723,1.26728,1.00,1.31
2018.05.30 11:16:28.430,1.26723,1.26729,1.00,2.70
2018.05.30 11:16:28.533,1.26723,1.26729,3.00,1.10
2018.05.30 11:16:29.052,1.26724,1.2673,1.50,1.20
2018.05.30 11:16:29.730,1.26724,1.26731,1.50,3.75
2018.05.30 11:16:30.698,1.26724,1.26731,1.57,1.76
2018.05.30 11:16:31.005,1.26725,1.26731,2.32,1.00
2018.05.30 11:16:31.950,1.26726,1.26731,1.00,1.00
2018.05.30 11:16:32.497,1.26726,1.2673,1.00,1.12
2018.05.30 11:16:32.810,1.26722,1.26725,1.00,1.10
2018.05.30 11:16:32.964,1.2672,1.26724,1.00,1.10
2018.05.30 11:16:33.236,1.26718,1.26721,1.00,1.50
2018.05.30 11:16:33.339,1.26715,1.26719,1.50,1.00
2018.05.30 11:16:33.442,1.26715,1.26716,1.00,1.00
2018.05.30 11:16:33.597,1.26705,1.26708,1.50,1.31
2018.05.30 11:16:33.650,1.26702,1.26707,1.50,1.50
2018.05.30 11:16:33.702,1.26703,1.26706,1.20,2.25
2018.05.30 11:16:33.834,1.26702,1.26704,1.00,1.00
2018.05.30 11:16:34.040,1.26699,1.26704,1.12,1.35
2018.05.30 11:16:34.573,1.26699,1.26704,1.12,1.57
2018.05.30 11:16:35.625,1.26696,1.26701,2.00,1.10
2018.05.30 11:16:35.778,1.26698,1.26703,2.00,1.70
2018.05.30 11:16:36.085,1.26698,1.26703,2.00,1.00
2018.05.30 11:16:37.099,1.26697,1.26704,4.39,1.01
2018.05.30 11:16:37.357,1.26699,1.26702,1.20,1.00
2018.05.30 11:16:37.460,1.26697,1.26701,3.64,1.00
2018.05.30 11:16:37.512,1.26696,1.26699,1.70,1.00
2018.05.30 11:16:37.564,1.26693,1.26699,3.08,1.00
2018.05.30 11:16:37.976,1.26693,1.26699,1.76,1.00
2018.05.30 11:16:38.657,1.26693,1.26699,2.70,1.00
2018.05.30 11:16:39.286,1.26694,1.267,2.89,1.00
2018.05.30 11:16:39.491,1.26696,1.26702,1.50,1.10
2018.05.30 11:16:39.595,1.26699,1.26703,1.07,1.00
2018.05.30 11:16:39.933,1.26696,1.26702,1.95,1.31
2018.05.30 11:16:40.192,1.26695,1.267,1.10,1.13
2018.05.30 11:16:40.724,1.26695,1.267,1.69,1.00
2018.05.30 11:16:40.939,1.26697,1.26702,1.00,1.01
2018.05.30 11:16:40.991,1.26699,1.26703,1.19,2.32
2018.05.30 11:16:41.328,1.26704,1.26709,2.44,1.07
2018.05.30 11:16:41.430,1.26705,1.2671,1.31,1.00
2018.05.30 11:16:42.648,1.26705,1.26711,1.31,2.14
2018.05.30 11:16:42.801,1.26705,1.26707,1.31,1.00
2018.05.30 11:16:42.902,1.26702,1.26708,1.76,1.00
2018.05.30 11:16:42.953,1.267,1.26707,2.51,2.25
2018.05.30 11:16:43.265,1.267,1.26707,2.00,2.44
2018.05.30 11:16:43.835,1.267,1.26707,2.00,2.44
2018.05.30 11:16:43.993,1.26699,1.26707,1.39,2.44
2018.05.30 11:16:44.523,1.26702,1.26708,1.25,1.76
2018.05.30 11:16:44.920,1.26704,1.2671,1.00,2.70
2018.05.30 11:16:45.437,1.26705,1.2671,1.00,1.50
2018.05.30 11:16:45.780,1.267,1.26706,5.32,1.00
2018.05.30 11:16:46.190,1.26701,1.26708,3.00,1.50
2018.05.30 11:16:46.683,1.26704,1.26709,1.00,3.07
2018.05.30 11:16:46.786,1.26705,1.2671,1.12,1.25
2018.05.30 11:16:46.838,1.26703,1.26708,1.76,1.25
2018.05.30 11:16:46.992,1.26703,1.26709,1.69,1.01
2018.05.30 11:16:47.095,1.26704,1.2671,1.50,2.06
2018.05.30 11:16:47.606,1.26703,1.26707,1.76,1.00
2018.05.30 11:16:47.659,1.26701,1.26707,2.51,1.38
2018.05.30 11:16:47.762,1.267,1.26705,1.10,1.50
2018.05.30 11:16:48.093,1.26699,1.26705,1.50,1.39
2018.05.30 11:16:48.196,1.26699,1.26705,1.50,1.95
2018.05.30 11:16:48.709,1.267,1.26705,1.10,1.44
2018.05.30 11:16:49.287,1.267,1.26705,1.50,1.19
2018.05.30 11:16:49.791,1.267,1.26705,1.50,1.12
2018.05.30 11:16:50.044,1.26698,1.26703,3.26,3.94
2018.05.30 11:16:50.201,1.26694,1.26701,2.44,1.25
2018.05.30 11:16:50.717,1.26695,1.267,1.75,1.00
2018.05.30 11:16:51.171,1.26696,1.26703,3.37,2.70
2018.05.30 11:16:51.275,1.26706,1.26708,1.00,3.00
2018.05.30 11:16:51.379,1.26715,1.26717,1.69,1.00
2018.05.30 11:16:51.431,1.26717,1.26719,1.00,1.00
2018.05.30 11:16:51.583,1.26719,1.26721,1.12,1.00
2018.05.30 11:16:51.644,1.26722,1.26726,2.00,1.00
2018.05.30 11:16:52.002,1.26721,1.26724,1.10,1.69
2018.05.30 11:16:52.053,1.2672,1.26722,1.57,1.00
2018.05.30 11:16:52.105,1.26721,1.26723,1.00,1.00
2018.05.30 11:16:52.372,1.2672,1.26722,1.57,1.00
2018.05.30 11:16:52.581,1.26716,1.26718,1.00,1.00
2018.05.30 11:16:52.790,1.26712,1.26716,2.74,1.00
2018.05.30 11:16:53.206,1.26712,1.26716,1.57,1.00
2018.05.30 11:16:53.308,1.26712,1.26718,1.95,1.50
2018.05.30 11:16:53.427,1.26714,1.26719,3.64,1.50
2018.05.30 11:16:53.532,1.26716,1.26721,1.57,1.00
2018.05.30 11:16:54.083,1.26715,1.2672,4.20,1.00
2018.05.30 11:16:54.188,1.26715,1.26717,1.01,1.00
2018.05.30 11:16:54.242,1.26713,1.26718,1.57,1.00
2018.05.30 11:16:54.295,1.26712,1.26715,1.87,1.00
2018.05.30 11:16:54.718,1.26711,1.26717,1.07,1.00
2018.05.30 11:16:55.234,1.2671,1.26716,4.57,1.00
2018.05.30 11:16:55.286,1.2671,1.26716,4.01,1.00
2018.05.30 11:16:55.530,1.2671,1.26715,2.32,1.00
2018.05.30 11:16:56.167,1.2671,1.26714,1.75,1.00
2018.05.30 11:16:56.219,1.26708,1.26713,2.14,1.00
2018.05.30 11:16:56.271,1.26708,1.26711,1.10,1.00
2018.05.30 11:16:56.883,1.26708,1.26712,1.25,1.00
2018.05.30 11:16:56.935,1.26708,1.26714,1.00,1.01
2018.05.30 11:16:57.142,1.26711,1.26715,1.00,1.57
2018.05.30 11:16:57.195,1.2671,1.26716,2.89,1.50
2018.05.30 11:16:57.434,1.2671,1.26713,1.76,1.00
2018.05.30 11:16:57.695,1.2671,1.26716,2.00,1.95
2018.05.30 11:16:57.801,1.26713,1.26718,2.63,1.20
2018.05.30 11:16:57.854,1.26714,1.26719,1.12,1.00
2018.05.30 11:16:58.397,1.26714,1.26718,1.12,1.00
2018.05.30 11:16:58.979,1.26716,1.26718,1.00,1.00
2018.05.30 11:16:59.886,1.26716,1.26719,1.00,1.25
2018.05.30 11:17:00.296,1.26713,1.26719,1.10,2.44
2018.05.30 11:17:00.805,1.26713,1.26719,2.44,1.00
2018.05.30 11:17:01.113,1.26714,1.26719,2.19,1.00
2018.05.30 11:17:02.747,1.26716,1.26718,1.00,1.00
2018.05.30 11:17:03.040,1.2671,1.26713,1.00,1.00
2018.05.30 11:17:03.456,1.2671,1.26715,1.00,2.44
2018.05.30 11:17:04.000,1.26711,1.26714,1.00,1.00
2018.05.30 11:17:04.206,1.26711,1.26716,1.69,1.10
2018.05.30 11:17:04.258,1.26712,1.26718,2.25,2.89
2018.05.30 11:17:04.603,1.26713,1.26719,1.45,1.00
2018.05.30 11:17:05.380,1.26715,1.26719,1.00,1.00
2018.05.30 11:17:05.978,1.26715,1.26716,1.00,1.00
2018.05.30 11:17:06.033,1.26712,1.26714,1.00,1.00
2018.05.30 11:17:06.136,1.26708,1.26713,1.57,1.00
2018.05.30 11:17:06.187,1.2671,1.26712,1.50,1.00
2018.05.30 11:17:07.133,1.26709,1.26712,1.69,1.00
2018.05.30 11:17:07.785,1.26709,1.26713,1.25,1.00
2018.05.30 11:17:08.157,1.2671,1.26715,1.31,1.01
2018.05.30 11:17:08.704,1.26711,1.26716,1.25,1.12
2018.05.30 11:17:08.931,1.2671,1.26714,1.39,1.00
2018.05.30 11:17:09.465,1.26708,1.26713,1.50,1.00
2018.05.30 11:17:09.982,1.26708,1.26712,1.69,1.00
2018.05.30 11:17:10.267,1.26707,1.26712,1.00,1.50
2018.05.30 11:17:10.424,1.26708,1.26715,1.00,3.45
2018.05.30 11:17:10.529,1.26709,1.26715,1.69,2.32
2018.05.30 11:17:10.943,1.26711,1.26716,1.25,1.20
2018.05.30 11:17:11.452,1.26711,1.26718,5.44,1.57
2018.05.30 11:17:12.285,1.26712,1.26718,3.26,1.50
2018.05.30 11:17:12.601,1.26712,1.26715,1.01,1.00
2018.05.30 11:17:13.174,1.26712,1.26717,1.25,1.00
2018.05.30 11:17:13.693,1.26712,1.26716,1.25,1.25
2018.05.30 11:17:14.222,1.26711,1.26715,1.00,1.00
2018.05.30 11:17:15.010,1.2671,1.26715,2.44,1.10
2018.05.30 11:17:15.546,1.2671,1.26714,1.00,1.00
2018.05.30 11:17:16.252,1.26709,1.26715,2.44,1.25
2018.05.30 11:17:16.804,1.2671,1.26716,1.12,1.12
2018.05.30 11:17:17.332,1.26711,1.26716,1.00,1.42
2018.05.30 11:17:17.389,1.26708,1.26711,3.64,1.00
2018.05.30 11:17:17.653,1.26701,1.26703,1.12,1.00
2018.05.30 11:17:17.960,1.26701,1.26705,1.25,1.00
2018.05.30 11:17:18.115,1.26701,1.26707,4.39,1.00
2018.05.30 11:17:18.383,1.267,1.26704,1.39,1.00
2018.05.30 11:17:18.493,1.267,1.26706,2.06,1.57
2018.05.30 11:17:19.066,1.26702,1.26707,1.25,1.00
2018.05.30 11:17:19.591,1.26701,1.26707,2.32,1.00
2018.05.30 11:17:20.138,1.26702,1.26708,1.57,1.00
2018.05.30 11:17:20.190,1.26704,1.26709,1.12,1.10
2018.05.30 11:17:20.508,1.26706,1.26711,1.62,1.00
2018.05.30 11:17:21.032,1.26705,1.2671,2.51,1.00
2018.05.30 11:17:21.434,1.26705,1.26711,2.14,1.00
2018.05.30 11:17:22.910,1.26706,1.26711,1.00,1.00
2018.05.30 11:17:23.191,1.26704,1.26708,2.89,1.00
2018.05.30 11:17:23.452,1.26703,1.26708,1.87,1.00
2018.05.30 11:17:24.987,1.26701,1.26705,3.64,1.00
2018.05.30 11:17:25.307,1.26699,1.26704,1.75,1.00
2018.05.30 11:17:25.423,1.26698,1.26702,1.76,1.00
2018.05.30 11:17:25.927,1.26697,1.26702,3.26,1.00
2018.05.30 11:17:26.722,1.26696,1.26703,4.39,1.00
2018.05.30 11:17:27.285,1.26699,1.26704,1.12,1.00
2018.05.30 11:17:27.389,1.26701,1.26707,1.87,1.20
2018.05.30 11:17:27.440,1.26702,1.26707,1.10,1.00
2018.05.30 11:17:27.962,1.26703,1.26708,2.32,1.00
2018.05.30 11:17:28.744,1.26706,1.2671,4.12,1.10
2018.05.30 11:17:29.056,1.26708,1.26712,3.56,1.00
2018.05.30 11:17:29.161,1.26709,1.26714,1.95,1.12
2018.05.30 11:17:29.419,1.26709,1.26714,2.32,1.00
2018.05.30 11:17:29.812,1.2671,1.26716,3.00,1.57
2018.05.30 11:17:29.969,1.26709,1.26713,1.20,1.00
2018.05.30 11:17:30.073,1.26708,1.26715,4.20,1.10
2018.05.30 11:17:30.629,1.26711,1.26716,1.12,1.00
2018.05.30 11:17:31.217,1.26715,1.26718,1.87,1.00
2018.05.30 11:17:31.278,1.26716,1.26721,1.31,1.00
2018.05.30 11:17:31.331,1.26718,1.26723,1.25,1.95
2018.05.30 11:17:31.640,1.2672,1.26726,1.95,2.25
2018.05.30 11:17:32.078,1.26724,1.26727,1.00,1.10
2018.05.30 11:17:32.182,1.26726,1.26731,1.50,1.00
2018.05.30 11:17:32.693,1.26725,1.26729,4.76,1.00
2018.05.30 11:17:33.219,1.26728,1.26732,1.00,1.10
2018.05.30 11:17:33.271,1.26731,1.26735,1.00,1.45
2018.05.30 11:17:33.325,1.26731,1.26736,2.25,1.07
2018.05.30 11:17:33.377,1.26734,1.26738,1.50,1.12
2018.05.30 11:17:33.929,1.26734,1.26739,1.57,1.25
2018.05.30 11:17:34.625,1.26734,1.26739,1.95,1.00
2018.05.30 11:17:34.677,1.26738,1.26742,1.00,1.07
2018.05.30 11:17:34.780,1.2674,1.26745,1.50,1.10
2018.05.30 11:17:35.206,1.26739,1.26741,1.01,1.00
2018.05.30 11:17:35.363,1.26737,1.2674,1.76,1.00
2018.05.30 11:17:35.769,1.26735,1.26738,2.70,1.00
2018.05.30 11:17:36.380,1.26735,1.26739,1.00,1.00
2018.05.30 11:17:36.587,1.26737,1.26742,1.25,1.20
2018.05.30 11:17:36.692,1.26737,1.26743,1.44,1.00
2018.05.30 11:17:36.995,1.26737,1.26741,1.20,1.25
2018.05.30 11:17:37.055,1.26735,1.26741,1.95,1.69
2018.05.30 11:17:37.584,1.26735,1.26741,2.32,1.12
2018.05.30 11:17:38.104,1.26735,1.2674,1.00,1.31
2018.05.30 11:17:38.259,1.26732,1.26738,3.26,1.00
2018.05.30 11:17:38.779,1.26733,1.26739,1.20,1.00
2018.05.30 11:17:39.385,1.26732,1.26738,1.58,1.00
2018.05.30 11:17:39.706,1.26731,1.26738,1.57,1.00
2018.05.30 11:17:39.863,1.26731,1.26738,1.95,1.69
2018.05.30 11:17:40.176,1.26725,1.26731,3.26,1.00
2018.05.30 11:17:40.228,1.26726,1.26731,1.07,1.00
2018.05.30 11:17:40.745,1.26723,1.26728,3.82,1.00
2018.05.30 11:17:40.848,1.26721,1.26725,1.10,1.00
2018.05.30 11:17:41.827,1.26719,1.26726,2.32,1.69
2018.05.30 11:17:41.933,1.26716,1.26721,2.70,1.00
2018.05.30 11:17:42.037,1.26715,1.26721,1.45,1.00
2018.05.30 11:17:42.582,1.26716,1.26721,1.20,1.25
2018.05.30 11:17:42.685,1.26717,1.26721,1.50,1.00
2018.05.30 11:17:42.736,1.26717,1.26723,2.62,1.50
2018.05.30 11:17:42.890,1.26718,1.26724,1.95,1.00
2018.05.30 11:17:43.236,1.26716,1.26721,4.01,1.00
2018.05.30 11:17:43.600,1.26718,1.26723,1.69,1.50
2018.05.30 11:17:44.290,1.26718,1.26723,1.01,1.00
2018.05.30 11:17:44.488,1.26718,1.26725,1.01,2.70
2018.05.30 11:17:45.029,1.26719,1.26725,1.25,1.57
2018.05.30 11:17:45.236,1.26719,1.26725,1.76,1.50
2018.05.30 11:17:45.548,1.26715,1.26722,2.70,1.50
2018.05.30 11:17:45.840,1.26715,1.26719,1.95,1.00
2018.05.30 11:17:45.892,1.26716,1.26721,1.00,1.00
2018.05.30 11:17:46.150,1.26717,1.26721,1.44,1.00
2018.05.30 11:17:46.307,1.26719,1.26724,1.01,1.00
2018.05.30 11:17:46.858,1.26719,1.26725,2.06,1.50
2018.05.30 11:17:46.911,1.26719,1.26723,1.25,1.00
2018.05.30 11:17:47.441,1.26719,1.26724,1.10,1.12
2018.05.30 11:17:47.751,1.26718,1.26721,1.12,1.00
2018.05.30 11:17:48.009,1.26718,1.26723,1.50,1.00
2018.05.30 11:17:48.561,1.26718,1.26723,1.57,1.00
2018.05.30 11:17:48.767,1.26714,1.26718,1.95,1.00
2018.05.30 11:17:48.824,1.26714,1.26718,2.32,1.00
2018.05.30 11:17:49.035,1.26711,1.26716,3.64,1.00
2018.05.30 11:17:49.231,1.26712,1.26719,1.76,1.57
2018.05.30 11:17:49.747,1.26712,1.26719,2.51,1.00
2018.05.30 11:17:50.289,1.26714,1.2672,1.01,1.00
2018.05.30 11:17:50.959,1.26714,1.2672,1.95,1.00
2018.05.30 11:17:51.062,1.26714,1.2672,2.14,1.00
2018.05.30 11:17:51.565,1.26716,1.26721,1.20,1.00
2018.05.30 11:17:52.381,1.26712,1.26714,3.45,1.00
2018.05.30 11:17:52.592,1.26707,1.26711,2.14,1.00
2018.05.30 11:17:53.254,1.26705,1.2671,1.20,1.00
2018.05.30 11:17:53.859,1.26704,1.26711,1.87,1.12
2018.05.30 11:17:54.071,1.26705,1.26711,1.63,1.12
2018.05.30 11:17:54.531,1.26707,1.26714,2.63,3.26
2018.05.30 11:17:54.685,1.26709,1.26714,1.95,1.00
2018.05.30 11:17:55.198,1.26709,1.26714,1.01,1.00
2018.05.30 11:17:55.804,1.26709,1.26714,1.50,1.00
2018.05.30 11:17:56.330,1.26707,1.26712,1.10,1.31
2018.05.30 11:17:56.382,1.26704,1.26707,1.57,1.00
2018.05.30 11:17:56.486,1.26697,1.26701,1.50,1.69
2018.05.30 11:17:56.613,1.267,1.26701,1.00,1.00
2018.05.30 11:17:56.665,1.267,1.26704,3.82,1.00
2018.05.30 11:17:56.716,1.26701,1.26703,1.00,1.00
2018.05.30 11:17:56.768,1.26701,1.26705,1.25,1.00
2018.05.30 11:17:57.279,1.26701,1.26706,1.10,1.00
2018.05.30 11:17:57.331,1.26701,1.26708,1.10,1.57
2018.05.30 11:17:57.860,1.26702,1.26708,1.10,1.50
2018.05.30 11:17:58.026,1.26705,1.26709,2.44,1.07
2018.05.30 11:17:58.078,1.26707,1.26712,1.69,2.62
2018.05.30 11:17:58.182,1.26707,1.26708,1.00,1.00
2018.05.30 11:17:58.389,1.26705,1.26708,1.00,1.00
2018.05.30 11:17:58.609,1.26705,1.2671,1.25,1.50
2018.05.30 11:17:58.662,1.26705,1.26708,1.87,1.00
2018.05.30 11:17:59.127,1.26705,1.26711,1.25,1.12
2018.05.30 11:17:59.179,1.26705,1.26711,1.87,1.12
2018.05.30 11:18:00.364,1.26708,1.26712,1.00,1.00
2018.05.30 11:18:00.897,1.26709,1.26714,1.00,1.87
2018.05.30 11:18:01.408,1.26708,1.26713,2.44,1.00
2018.05.30 11:18:01.814,1.26709,1.26714,1.57,1.00
2018.05.30 11:18:02.077,1.26711,1.26716,1.31,1.00
2018.05.30 11:18:02.334,1.26711,1.26716,3.64,1.00
2018.05.30 11:18:02.695,1.26713,1.26718,1.50,1.50
2018.05.30 11:18:02.801,1.26715,1.26721,2.19,4.01
2018.05.30 11:18:03.308,1.26717,1.26723,1.12,3.45
2018.05.30 11:18:03.361,1.26719,1.26723,1.69,1.20
2018.05.30 11:18:03.413,1.26719,1.26725,1.69,1.95
2018.05.30 11:18:03.905,1.26717,1.26722,3.64,1.00
2018.05.30 11:18:04.275,1.26717,1.2672,1.00,1.00
2018.05.30 11:18:04.820,1.26717,1.26719,1.00,1.00
2018.05.30 11:18:05.464,1.26716,1.26719,1.00,1.00
2018.05.30 11:18:05.977,1.26716,1.26718,1.00,1.00
2018.05.30 11:18:06.081,1.26714,1.26717,1.00,1.88
2018.05.30 11:18:06.133,1.26712,1.26713,1.12,1.00
2018.05.30 11:18:06.487,1.26708,1.26713,1.01,1.00
2018.05.30 11:18:07.222,1.26707,1.26713,1.10,1.87
2018.05.30 11:18:07.274,1.26707,1.26711,1.10,1.00
2018.05.30 11:18:07.974,1.26705,1.26709,2.00,1.69
2018.05.30 11:18:08.516,1.26705,1.2671,2.70,1.00
2018.05.30 11:18:09.203,1.26706,1.2671,1.00,1.00
2018.05.30 11:18:11.477,1.26703,1.26707,2.70,1.44
2018.05.30 11:18:11.640,1.26695,1.26699,1.57,1.00
2018.05.30 11:18:11.804,1.26693,1.26697,1.20,1.00
2018.05.30 11:18:12.154,1.26691,1.26693,1.00,1.00
2018.05.30 11:18:12.361,1.26689,1.26692,1.00,1.00
2018.05.30 11:18:12.464,1.26685,1.26689,1.95,1.00
2018.05.30 11:18:12.717,1.26681,1.26685,2.14,1.00
2018.05.30 11:18:13.395,1.26681,1.26684,1.69,1.00
2018.05.30 11:18:13.500,1.26681,1.26686,1.50,1.00
2018.05.30 11:18:14.054,1.26683,1.26688,1.00,2.32
2018.05.30 11:18:14.597,1.26682,1.26687,1.00,1.25
2018.05.30 11:18:14.801,1.26684,1.26687,1.00,1.00
2018.05.30 11:18:15.456,1.26684,1.26688,1.00,1.20
2018.05.30 11:18:15.786,1.2668,1.26682,1.12,1.00
2018.05.30 11:18:15.838,1.26677,1.26682,1.50,1.25
2018.05.30 11:18:15.890,1.26677,1.2668,1.50,1.00
2018.05.30 11:18:15.997,1.26676,1.26682,1.10,2.25
2018.05.30 11:18:16.198,1.26678,1.26683,1.00,1.57
2018.05.30 11:18:16.508,1.26679,1.26685,4.20,1.00
2018.05.30 11:18:16.818,1.26682,1.26686,1.00,1.00
2018.05.30 11:18:17.809,1.26682,1.26685,1.00,1.00
2018.05.30 11:18:18.135,1.26678,1.26683,1.95,1.00
2018.05.30 11:18:18.775,1.26678,1.26684,1.95,1.00
2018.05.30 11:18:19.033,1.2668,1.26686,1.88,1.10
2018.05.30 11:18:19.652,1.26681,1.26686,1.19,1.00
2018.05.30 11:18:19.942,1.26683,1.26688,1.13,1.10
2018.05.30 11:18:20.373,1.26683,1.26689,2.14,1.50
2018.05.30 11:18:20.989,1.26685,1.26691,1.13,1.95
2018.05.30 11:18:21.096,1.26688,1.26693,1.00,1.57
2018.05.30 11:18:21.232,1.26685,1.26692,1.57,1.00
2018.05.30 11:18:21.335,1.26684,1.2669,1.01,1.50
2018.05.30 11:18:21.643,1.26678,1.26682,1.00,1.31
2018.05.30 11:18:21.847,1.26676,1.26682,1.00,1.12
2018.05.30 11:18:22.138,1.26677,1.26682,1.00,3.26
2018.05.30 11:18:22.664,1.26677,1.26682,1.00,4.20
2018.05.30 11:18:22.769,1.26675,1.26682,1.12,4.20
2018.05.30 11:18:23.608,1.26675,1.2668,1.12,1.29
2018.05.30 11:18:24.215,1.26676,1.26681,1.00,4.57
2018.05.30 11:18:24.959,1.26674,1.2668,1.50,1.25
2018.05.30 11:18:25.483,1.26676,1.26682,1.00,4.57
2018.05.30 11:18:25.790,1.26678,1.26682,1.00,2.32
2018.05.30 11:18:26.302,1.26678,1.26682,1.00,1.00
2018.05.30 11:18:26.831,1.26679,1.26682,1.00,1.00
2018.05.30 11:18:27.139,1.26683,1.26685,1.12,2.25
2018.05.30 11:18:27.242,1.2669,1.26696,1.12,4.01
2018.05.30 11:18:27.294,1.26691,1.26696,4.39,1.00
2018.05.30 11:18:27.436,1.26693,1.26699,2.81,1.12
2018.05.30 11:18:27.488,1.26693,1.26699,2.32,1.12
2018.05.30 11:18:28.991,1.26695,1.267,1.12,1.50
2018.05.30 11:18:30.022,1.26695,1.26701,1.12,1.95
2018.05.30 11:18:31.080,1.26696,1.26701,1.00,1.00
2018.05.30 11:18:31.441,1.26696,1.26699,1.00,1.00
2018.05.30 11:18:32.022,1.26696,1.267,1.00,1.00
2018.05.30 11:18:32.536,1.26695,1.267,1.95,1.00
2018.05.30 11:18:33.066,1.26694,1.26699,1.57,1.00
2018.05.30 11:18:33.602,1.26694,1.26699,1.85,1.00
2018.05.30 11:18:34.060,1.26697,1.26702,1.00,1.20
2018.05.30 11:18:34.571,1.26696,1.26701,1.50,1.12
2018.05.30 11:18:35.112,1.26695,1.267,1.85,1.00
2018.05.30 11:18:35.762,1.26695,1.267,1.57,1.00
2018.05.30 11:18:37.202,1.26698,1.26703,1.00,2.14
2018.05.30 11:18:37.388,1.26699,1.26704,2.25,1.00
2018.05.30 11:18:38.382,1.267,1.26704,1.00,1.00
2018.05.30 11:18:39.562,1.267,1.26705,1.12,1.00
2018.05.30 11:18:40.097,1.26699,1.26706,1.47,4.20
2018.05.30 11:18:40.576,1.26698,1.26703,1.47,1.00
2018.05.30 11:18:41.081,1.26697,1.26702,2.44,1.00
2018.05.30 11:18:41.134,1.26697,1.26702,1.25,1.50
2018.05.30 11:18:41.186,1.26695,1.267,1.95,1.00
2018.05.30 11:18:41.496,1.26694,1.26697,1.20,1.00
2018.05.30 11:18:41.549,1.26691,1.26696,5.70,1.19
2018.05.30 11:18:42.085,1.26691,1.26696,1.00,1.20
2018.05.30 11:18:42.289,1.26689,1.26694,1.50,1.00
2018.05.30 11:18:42.517,1.26688,1.26696,2.32,1.50
2018.05.30 11:18:42.694,1.26689,1.26694,1.50,1.00
2018.05.30 11:18:43.005,1.2669,1.26697,1.87,1.95
2018.05.30 11:18:43.109,1.26692,1.26697,1.00,1.76
2018.05.30 11:18:43.467,1.2669,1.26696,2.89,1.31
2018.05.30 11:18:43.626,1.26689,1.26694,2.44,1.00
2018.05.30 11:18:43.944,1.26698,1.26701,2.25,1.57
2018.05.30 11:18:43.998,1.26699,1.26704,2.25,1.10
2018.05.30 11:18:44.102,1.26701,1.26706,1.00,3.26
2018.05.30 11:18:44.207,1.26702,1.26709,1.00,2.32
2018.05.30 11:18:44.723,1.26702,1.26708,2.89,1.00
2018.05.30 11:18:45.271,1.26702,1.26709,1.95,1.12
2018.05.30 11:18:45.628,1.26702,1.26705,1.95,1.00
2018.05.30 11:18:45.783,1.26698,1.26705,7.76,1.69
2018.05.30 11:18:45.834,1.26699,1.26703,2.00,1.00
2018.05.30 11:18:46.768,1.26699,1.26703,1.31,1.00
2018.05.30 11:18:47.525,1.267,1.26705,1.00,2.06
2018.05.30 11:18:47.577,1.26703,1.26707,1.25,1.57
2018.05.30 11:18:48.087,1.26704,1.26708,1.25,1.00
2018.05.30 11:18:48.615,1.26703,1.26708,1.00,1.00
2018.05.30 11:18:50.940,1.26703,1.26709,4.39,1.00
2018.05.30 11:18:51.466,1.26704,1.26709,1.00,1.00
2018.05.30 11:18:51.992,1.26705,1.2671,1.00,1.76
2018.05.30 11:18:52.547,1.26704,1.26709,1.00,1.69
2018.05.30 11:18:52.599,1.26702,1.26708,1.10,1.50
2018.05.30 11:18:52.907,1.267,1.26705,1.95,1.25
2018.05.30 11:18:53.744,1.267,1.26705,1.00,1.31
2018.05.30 11:18:54.302,1.26698,1.26705,1.01,3.00
2018.05.30 11:18:54.818,1.26699,1.26704,1.12,1.00
2018.05.30 11:18:55.193,1.26702,1.26708,1.12,2.32
2018.05.30 11:18:55.500,1.26704,1.26709,1.00,1.50
2018.05.30 11:18:56.020,1.26703,1.26709,1.00,1.69
2018.05.30 11:18:56.544,1.26703,1.26709,1.31,1.00
2018.05.30 11:18:57.248,1.26707,1.26712,1.00,1.57
2018.05.30 11:18:57.454,1.2671,1.26716,1.31,1.12
2018.05.30 11:18:57.562,1.26711,1.26717,1.95,1.50
2018.05.30 11:18:57.983,1.26721,1.26722,1.25,1.12
2018.05.30 11:18:58.190,1.2673,1.26733,2.44,1.57
2018.05.30 11:18:58.296,1.2673,1.26735,3.19,1.00
2018.05.30 11:18:58.460,1.26732,1.26737,1.69,1.20
2018.05.30 11:18:58.512,1.26734,1.26739,2.14,1.12
2018.05.30 11:18:58.667,1.26737,1.26743,1.12,1.95
2018.05.30 11:18:58.719,1.26739,1.26744,2.44,1.95
2018.05.30 11:18:58.976,1.26742,1.26747,1.50,1.50
2018.05.30 11:18:59.126,1.26742,1.26748,2.25,1.50
2018.05.30 11:18:59.178,1.26742,1.26746,1.00,1.00
2018.05.30 11:18:59.490,1.26756,1.2676,1.12,1.10
2018.05.30 11:18:59.841,1.26754,1.26757,1.50,1.00
2018.05.30 11:18:59.996,1.26754,1.26757,1.76,1.00
2018.05.30 11:19:00.202,1.26752,1.26756,1.10,1.00
2018.05.30 11:19:00.379,1.26752,1.26754,1.00,1.00
2018.05.30 11:19:00.689,1.26745,1.2675,2.51,1.00
2018.05.30 11:19:00.998,1.26744,1.26747,1.10,1.00
2018.05.30 11:19:01.271,1.26742,1.26747,1.10,1.12
2018.05.30 11:19:01.324,1.26739,1.26743,5.89,1.00
2018.05.30 11:19:01.378,1.2674,1.26743,1.00,1.25
2018.05.30 11:19:01.586,1.26737,1.26742,1.10,1.12
2018.05.30 11:19:01.688,1.26737,1.2674,1.00,1.00
2018.05.30 11:19:01.739,1.26738,1.26742,1.00,1.12
2018.05.30 11:19:02.249,1.26739,1.26742,1.00,1.12
2018.05.30 11:19:02.757,1.26738,1.26742,1.00,2.62
2018.05.30 11:19:02.813,1.26735,1.26738,1.20,1.37
2018.05.30 11:19:02.866,1.26733,1.26738,1.00,1.69
2018.05.30 11:19:03.021,1.26735,1.26738,1.00,1.57
2018.05.30 11:19:03.461,1.26733,1.26737,1.00,1.50
2018.05.30 11:19:03.930,1.2673,1.26734,3.82,1.00
2018.05.30 11:19:04.309,1.26729,1.2673,1.00,1.00
2018.05.30 11:19:04.815,1.26729,1.26731,1.00,1.00
2018.05.30 11:19:04.991,1.26725,1.26729,2.25,1.00
2018.05.30 11:19:05.042,1.26724,1.26726,1.10,1.00
2018.05.30 11:19:05.239,1.26721,1.26724,1.10,2.25
2018.05.30 11:19:05.291,1.2672,1.26722,1.00,1.00
2018.05.30 11:19:05.501,1.26719,1.26721,1.00,1.00
2018.05.30 11:19:05.655,1.26717,1.26721,1.57,1.00
2018.05.30 11:19:05.707,1.26716,1.26719,1.95,2.12
2018.05.30 11:19:06.024,1.2671,1.26714,1.00,1.01
2018.05.30 11:19:06.127,1.2671,1.26712,1.00,1.00
2018.05.30 11:19:06.670,1.2671,1.26714,1.00,2.25
2018.05.30 11:19:06.824,1.26713,1.26715,1.00,1.10
2018.05.30 11:19:07.030,1.26715,1.26718,1.00,1.57
2018.05.30 11:19:07.184,1.26714,1.26718,1.00,1.50
2018.05.30 11:19:07.614,1.26714,1.26715,1.00,1.00
2018.05.30 11:19:07.922,1.26714,1.26717,1.00,1.00
2018.05.30 11:19:08.425,1.26714,1.26718,1.00,2.25
2018.05.30 11:19:08.583,1.26717,1.26719,1.00,1.00
2018.05.30 11:19:08.637,1.26717,1.26721,1.50,1.07
2018.05.30 11:19:08.691,1.26719,1.26721,1.00,1.20
2018.05.30 11:19:08.903,1.26721,1.26723,1.00,1.00
2018.05.30 11:19:09.064,1.26723,1.26726,1.00,1.10
2018.05.30 11:19:09.636,1.26722,1.26725,1.00,1.00
2018.05.30 11:19:10.077,1.26721,1.26723,1.00,1.00
2018.05.30 11:19:10.389,1.2672,1.26721,1.00,1.69
2018.05.30 11:19:10.493,1.26719,1.26721,1.00,1.87
2018.05.30 11:19:11.022,1.26715,1.26717,1.00,1.00
2018.05.30 11:19:11.539,1.26716,1.26718,1.00,1.12
2018.05.30 11:19:12.103,1.26715,1.26719,1.50,1.76
2018.05.30 11:19:12.413,1.26718,1.26719,1.00,1.00
2018.05.30 11:19:12.920,1.26719,1.2672,1.00,1.00
2018.05.30 11:19:13.158,1.26717,1.2672,1.50,1.75
2018.05.30 11:19:13.887,1.26713,1.26714,1.10,1.00
2018.05.30 11:19:13.991,1.26701,1.26707,1.10,2.44
2018.05.30 11:19:14.147,1.26703,1.26706,1.00,3.07
2018.05.30 11:19:14.305,1.26701,1.26705,1.00,1.50
2018.05.30 11:19:14.409,1.267,1.26702,1.00,1.12
2018.05.30 11:19:14.739,1.26696,1.26697,1.00,1.00
2018.05.30 11:19:14.843,1.26697,1.26699,1.00,1.57
2018.05.30 11:19:15.419,1.26698,1.26699,1.00,1.00
2018.05.30 11:19:15.680,1.26696,1.26699,1.00,1.00
2018.05.30 11:19:16.230,1.26697,1.26701,1.00,2.44
2018.05.30 11:19:16.387,1.26699,1.26702,1.00,1.50
2018.05.30 11:19:16.898,1.267,1.26702,1.00,1.00
2018.05.30 11:19:17.494,1.26697,1.26698,1.00,3.15
2018.05.30 11:19:17.546,1.26693,1.26697,1.50,2.40
2018.05.30 11:19:18.793,1.26693,1.26697,1.00,3.26
2018.05.30 11:19:18.950,1.26695,1.26696,1.00,1.00
2018.05.30 11:19:19.002,1.26695,1.26699,1.00,1.00
2018.05.30 11:19:19.055,1.26697,1.267,1.00,2.32
2018.05.30 11:19:19.370,1.267,1.26701,1.00,1.00
2018.05.30 11:19:20.256,1.267,1.26705,1.00,2.14
2018.05.30 11:19:21.123,1.267,1.26705,1.00,1.57
2018.05.30 11:19:21.331,1.26699,1.26703,1.00,2.25
2018.05.30 11:19:21.877,1.26695,1.26696,1.00,1.00
2018.05.30 11:19:21.930,1.26693,1.26695,1.50,2.25
2018.05.30 11:19:22.034,1.26692,1.26693,1.00,1.00
2018.05.30 11:19:22.086,1.2669,1.26693,1.00,1.50
2018.05.30 11:19:22.341,1.2669,1.26696,1.25,1.95
2018.05.30 11:19:22.808,1.26693,1.26697,1.00,1.39
2018.05.30 11:19:23.156,1.26696,1.26701,2.70,1.00
2018.05.30 11:19:23.468,1.26699,1.26702,1.95,1.00
2018.05.30 11:19:23.520,1.267,1.26706,1.00,1.10
2018.05.30 11:19:24.071,1.26701,1.26708,1.57,3.07
2018.05.30 11:19:24.386,1.26703,1.26708,1.12,1.57
2018.05.30 11:19:24.689,1.26704,1.26709,2.51,1.00
2018.05.30 11:19:25.199,1.26705,1.26708,1.00,1.00
2018.05.30 11:19:25.508,1.26703,1.26708,1.20,1.00
2018.05.30 11:19:25.559,1.26702,1.26705,1.20,1.00
2018.05.30 11:19:25.610,1.26701,1.26706,1.00,1.00
2018.05.30 11:19:25.662,1.26701,1.26704,1.12,1.00
2018.05.30 11:19:26.226,1.26699,1.26702,1.00,1.00
2018.05.30 11:19:27.895,1.26705,1.26708,1.50,2.32
2018.05.30 11:19:27.947,1.26707,1.2671,3.19,1.01
2018.05.30 11:19:27.999,1.26709,1.26715,1.91,1.95
2018.05.30 11:19:28.051,1.26712,1.26717,1.87,1.95
2018.05.30 11:19:28.102,1.26713,1.26718,2.10,1.12
2018.05.30 11:19:28.153,1.26715,1.26719,1.00,1.10
2018.05.30 11:19:28.592,1.26716,1.26721,1.32,1.00
2018.05.30 11:19:29.182,1.26718,1.26721,1.25,1.00
2018.05.30 11:19:29.496,1.26716,1.26717,1.69,1.50
2018.05.30 11:19:29.600,1.26711,1.26713,2.62,1.00
2018.05.30 11:19:29.810,1.26708,1.26709,1.50,1.00
2018.05.30 11:19:29.950,1.26706,1.26711,1.00,2.06
2018.05.30 11:19:30.004,1.26706,1.26709,1.00,1.00
2018.05.30 11:19:30.905,1.26705,1.26708,1.25,1.00
2018.05.30 11:19:31.416,1.26703,1.26708,1.50,1.00
2018.05.30 11:19:31.865,1.26704,1.2671,1.12,2.70
2018.05.30 11:19:31.918,1.26707,1.26712,1.00,1.00
2018.05.30 11:19:32.440,1.26706,1.26712,1.50,1.10
2018.05.30 11:19:32.742,1.26708,1.26713,2.44,1.00
2018.05.30 11:19:33.021,1.2671,1.26716,1.12,1.20
2018.05.30 11:19:33.073,1.26711,1.26717,4.69,1.20
2018.05.30 11:19:33.576,1.26713,1.26717,1.69,1.00
2018.05.30 11:19:34.578,1.26714,1.26719,1.50,1.00
2018.05.30 11:19:36.146,1.26712,1.26715,1.75,1.00
2018.05.30 11:19:36.249,1.2671,1.26716,1.10,1.19
2018.05.30 11:19:36.753,1.2671,1.26716,1.00,1.76
2018.05.30 11:19:36.943,1.2671,1.26714,1.00,1.00
2018.05.30 11:19:37.450,1.26709,1.26714,1.57,1.00
2018.05.30 11:19:37.752,1.26709,1.26712,1.00,1.00
2018.05.30 11:19:38.102,1.26706,1.2671,1.57,1.00
2018.05.30 11:19:38.623,1.26706,1.26709,1.00,1.00
2018.05.30 11:19:39.173,1.26705,1.2671,2.25,1.00
2018.05.30 11:19:40.718,1.26706,1.2671,1.00,1.00
2018.05.30 11:19:42.039,1.26705,1.2671,1.12,1.00
2018.05.30 11:19:42.714,1.26706,1.26712,1.00,1.00
2018.05.30 11:19:42.819,1.26707,1.26714,4.01,2.51
2018.05.30 11:19:43.356,1.26708,1.26714,1.50,1.76
2018.05.30 11:19:43.518,1.26708,1.26714,3.00,1.00
2018.05.30 11:19:44.044,1.2671,1.26713,1.12,1.00
2018.05.30 11:19:45.036,1.2671,1.26715,1.00,1.76
2018.05.30 11:19:48.323,1.2671,1.26715,2.62,1.00
2018.05.30 11:19:49.904,1.26713,1.26718,1.00,1.20
2018.05.30 11:19:50.372,1.26714,1.26721,2.63,3.07
2018.05.30 11:19:50.424,1.26717,1.26722,1.25,2.70
2018.05.30 11:19:50.974,1.26716,1.26722,1.01,2.25
2018.05.30 11:19:51.647,1.26716,1.26722,1.10,2.25
2018.05.30 11:19:52.963,1.26717,1.26722,1.00,1.00
2018.05.30 11:19:53.018,1.26717,1.26722,3.19,1.00
2018.05.30 11:19:53.538,1.26718,1.26723,1.01,1.00
2018.05.30 11:19:54.498,1.26719,1.26724,1.57,1.00
2018.05.30 11:19:54.863,1.26721,1.26725,1.25,1.12
2018.05.30 11:19:55.119,1.26722,1.26727,1.25,1.00
2018.05.30 11:19:55.654,1.26723,1.26727,1.00,1.00
2018.05.30 11:19:56.160,1.26723,1.26728,1.69,1.00
2018.05.30 11:19:56.574,1.26725,1.2673,3.19,1.00
2018.05.30 11:19:56.786,1.26732,1.26736,1.00,1.20
2018.05.30 11:19:57.298,1.26733,1.26736,1.25,1.00
2018.05.30 11:19:57.696,1.26734,1.26738,2.44,1.00
2018.05.30 11:19:57.748,1.26735,1.2674,1.31,1.10
2018.05.30 11:19:58.008,1.26738,1.26742,2.06,1.00
2018.05.30 11:19:58.519,1.26739,1.26743,1.25,1.50
2018.05.30 11:19:58.846,1.26739,1.26741,1.25,1.00
2018.05.30 11:19:58.898,1.26739,1.26743,1.25,1.50
2018.05.30 11:19:59.127,1.26739,1.26741,1.25,1.00
2018.05.30 11:20:00.063,1.26739,1.26742,1.31,1.00
2018.05.30 11:20:00.159,1.26738,1.26744,2.70,1.00
2018.05.30 11:20:00.213,1.26743,1.26746,1.25,1.00
2018.05.30 11:20:00.520,1.26744,1.2675,3.37,1.07
2018.05.30 11:20:00.572,1.2675,1.26753,1.00,1.57
2018.05.30 11:20:00.827,1.26748,1.26752,1.01,1.13
2018.05.30 11:20:01.339,1.26748,1.26753,1.76,1.00
2018.05.30 11:20:01.442,1.26748,1.26754,2.32,1.00
2018.05.30 11:20:01.755,1.26752,1.26757,1.25,1.50
2018.05.30 11:20:02.265,1.26752,1.26757,1.69,1.00
2018.05.30 11:20:02.689,1.26754,1.26756,1.25,1.00
2018.05.30 11:20:03.100,1.26752,1.26756,3.26,1.00
2018.05.30 11:20:03.641,1.26753,1.26756,1.25,1.00
2018.05.30 11:20:04.173,1.26752,1.26756,1.76,1.00
2018.05.30 11:20:04.225,1.26753,1.26756,1.50,1.00
2018.05.30 11:20:05.776,1.26753,1.26757,4.01,1.00
2018.05.30 11:20:06.285,1.26754,1.26758,1.31,1.00
2018.05.30 11:20:07.066,1.26755,1.26759,1.25,1.00
2018.05.30 11:20:07.120,1.26756,1.26761,1.25,1.57
2018.05.30 11:20:07.381,1.26756,1.26759,1.25,1.00
2018.05.30 11:20:07.897,1.26755,1.26759,1.01,1.00
2018.05.30 11:20:08.234,1.26756,1.26759,1.50,1.00
2018.05.30 11:20:08.774,1.26756,1.2676,1.50,1.00
2018.05.30 11:20:08.984,1.26757,1.26762,1.00,1.50
2018.05.30 11:20:09.198,1.26757,1.26759,1.00,1.00
2018.05.30 11:20:09.750,1.26757,1.26758,1.00,1.00
2018.05.30 11:20:09.854,1.26754,1.26758,1.07,1.00
2018.05.30 11:20:10.017,1.26754,1.26756,1.10,1.00
2018.05.30 11:20:10.173,1.26752,1.26755,1.50,1.00
2018.05.30 11:20:10.578,1.26752,1.26758,1.57,1.69
2018.05.30 11:20:11.091,1.26755,1.26758,1.00,1.50
2018.05.30 11:20:11.607,1.26755,1.26759,1.00,1.50
2018.05.30 11:20:11.709,1.26755,1.26761,3.00,1.20
2018.05.30 11:20:11.761,1.26757,1.26763,1.00,2.32
2018.05.30 11:20:12.297,1.26757,1.26759,1.10,1.00
2018.05.30 11:20:12.558,1.26755,1.26759,1.57,1.00
2018.05.30 11:20:13.100,1.26755,1.2676,1.10,1.00
2018.05.30 11:20:13.613,1.26756,1.26761,1.00,1.12
2018.05.30 11:20:14.160,1.26756,1.2676,1.00,1.00
2018.05.30 11:20:15.063,1.26756,1.2676,1.50,1.00
2018.05.30 11:20:15.475,1.26755,1.26756,1.00,1.00
2018.05.30 11:20:15.742,1.2675,1.26754,1.10,1.00
2018.05.30 11:20:15.846,1.26752,1.26754,1.25,1.00
2018.05.30 11:20:16.379,1.26751,1.26755,2.44,1.69
2018.05.30 11:20:16.902,1.26752,1.26755,1.25,1.00
2018.05.30 11:20:17.338,1.26748,1.26751,4.39,1.00
2018.05.30 11:20:17.441,1.26748,1.26751,1.50,1.00
2018.05.30 11:20:17.543,1.26748,1.26749,1.50,1.00
2018.05.30 11:20:17.645,1.26748,1.26752,1.00,2.06
2018.05.30 11:20:18.163,1.26748,1.2675,1.00,1.00
2018.05.30 11:20:18.681,1.26747,1.26751,1.31,1.00
2018.05.30 11:20:20.193,1.26747,1.2675,1.00,1.00
2018.05.30 11:20:20.791,1.26746,1.2675,1.69,1.00
2018.05.30 11:20:21.310,1.2675,1.26754,1.00,2.14
2018.05.30 11:20:21.491,1.26753,1.26759,1.00,1.61
2018.05.30 11:20:21.542,1.26755,1.2676,1.31,2.51
2018.05.30 11:20:21.595,1.26756,1.26761,1.25,3.00
2018.05.30 11:20:21.647,1.26756,1.26759,1.25,1.00
2018.05.30 11:20:22.235,1.26755,1.26757,1.31,1.00
2018.05.30 11:20:22.645,1.26754,1.26759,1.00,1.88
2018.05.30 11:20:22.900,1.26754,1.26757,1.00,1.19
2018.05.30 11:20:23.292,1.26754,1.26758,1.00,1.25
2018.05.30 11:20:23.814,1.26753,1.26757,1.57,1.13
2018.05.30 11:20:24.088,1.26754,1.26755,1.31,1.00
2018.05.30 11:20:24.222,1.26741,1.26744,3.19,1.19
2018.05.30 11:20:24.275,1.26737,1.26738,1.10,1.12
2018.05.30 11:20:24.483,1.26734,1.26737,6.00,1.76
2018.05.30 11:20:24.665,1.26732,1.26736,1.00,1.70
2018.05.30 11:20:24.768,1.26731,1.26733,1.12,1.10
2018.05.30 11:20:25.076,1.26733,1.26735,1.00,1.10
2018.05.30 11:20:25.626,1.26733,1.26736,1.25,1.01
2018.05.30 11:20:25.830,1.26731,1.26735,1.31,1.69
2018.05.30 11:20:26.369,1.26732,1.26735,1.25,1.69
2018.05.30 11:20:26.975,1.26729,1.26735,3.19,1.50
2018.05.30 11:20:27.722,1.26729,1.26733,2.44,1.38
2018.05.30 11:20:27.774,1.26728,1.26732,1.20,1.00
2018.05.30 11:20:28.299,1.26725,1.26731,3.26,1.00
2018.05.30 11:20:28.837,1.26725,1.26731,3.45,1.00
2018.05.30 11:20:30.354,1.26725,1.26731,2.51,1.25
2018.05.30 11:20:30.406,1.26724,1.26729,1.57,1.50
2018.05.30 11:20:30.561,1.2672,1.26725,1.00,1.00
2018.05.30 11:20:30.613,1.2672,1.26723,1.00,1.38
2018.05.30 11:20:30.717,1.26716,1.26722,1.57,1.25
2018.05.30 11:20:31.281,1.26716,1.26722,1.10,1.44
2018.05.30 11:20:31.809,1.26716,1.26722,1.10,1.25
2018.05.30 11:20:32.400,1.26716,1.2672,1.10,1.25
2018.05.30 11:20:32.503,1.26711,1.26718,2.70,1.00
2018.05.30 11:20:33.081,1.26713,1.26719,1.50,1.95
2018.05.30 11:20:33.595,1.26713,1.26719,1.00,2.33
2018.05.30 11:20:33.809,1.26715,1.26721,1.00,2.32
2018.05.30 11:20:34.140,1.26718,1.26723,1.00,2.32
2018.05.30 11:20:34.628,1.26715,1.26721,1.00,1.12
2018.05.30 11:20:34.680,1.26714,1.26717,1.10,1.00
2018.05.30 11:20:34.935,1.26705,1.26709,1.10,1.12
2018.05.30 11:20:35.248,1.26703,1.26708,1.12,1.00
2018.05.30 11:20:35.762,1.26704,1.2671,1.88,1.45
2018.05.30 11:20:35.815,1.26707,1.2671,1.00,1.01
2018.05.30 11:20:36.280,1.26705,1.26711,2.25,1.87
2018.05.30 11:20:36.384,1.26707,1.26711,1.00,2.25
2018.05.30 11:20:36.962,1.26706,1.26711,1.00,1.95
2018.05.30 11:20:37.513,1.26707,1.26711,1.12,1.20
2018.05.30 11:20:38.229,1.26708,1.26711,1.00,1.00
2018.05.30 11:20:38.537,1.26704,1.26707,1.57,1.00
2018.05.30 11:20:38.589,1.26704,1.26709,1.10,1.00
2018.05.30 11:20:38.779,1.26706,1.26709,1.00,1.00
2018.05.30 11:20:38.936,1.26707,1.26711,1.50,1.10
2018.05.30 11:20:38.988,1.26707,1.26709,1.00,1.00
2018.05.30 11:20:39.193,1.26707,1.26712,1.00,1.39
2018.05.30 11:20:39.245,1.26707,1.2671,1.00,1.00
2018.05.30 11:20:39.778,1.26707,1.26711,1.00,1.87
2018.05.30 11:20:40.136,1.26707,1.26709,1.00,1.00
2018.05.30 11:20:40.394,1.26707,1.26711,1.00,1.50
2018.05.30 11:20:41.460,1.26706,1.26712,1.50,1.57
2018.05.30 11:20:44.433,1.26707,1.26713,1.50,3.38
2018.05.30 11:20:45.014,1.26707,1.26713,1.50,3.38
2018.05.30 11:20:45.664,1.26707,1.26713,1.00,3.38
2018.05.30 11:20:47.729,1.26706,1.26712,2.25,1.00
2018.05.30 11:20:48.850,1.26706,1.26712,2.25,1.38
2018.05.30 11:20:48.907,1.26704,1.26706,1.57,1.00
2018.05.30 11:20:49.088,1.267,1.26706,1.57,1.50
2018.05.30 11:20:49.140,1.267,1.26702,1.00,1.00
2018.05.30 11:20:49.659,1.26699,1.26702,1.00,1.48
2018.05.30 11:20:49.763,1.267,1.26703,1.00,1.10
2018.05.30 11:20:49.942,1.26702,1.26706,1.00,1.00
2018.05.30 11:20:50.595,1.267,1.26706,3.82,1.50
2018.05.30 11:20:50.851,1.26703,1.26709,2.25,1.95
2018.05.30 11:20:50.954,1.26703,1.26709,2.63,1.50
2018.05.30 11:20:51.959,1.26704,1.26709,2.25,1.00
2018.05.30 11:20:52.731,1.26702,1.26707,1.57,1.50
2018.05.30 11:20:53.105,1.267,1.26706,1.00,1.50
2018.05.30 11:20:53.311,1.26699,1.26705,1.00,1.58
2018.05.30 11:20:53.845,1.26699,1.26704,1.00,1.25
2018.05.30 11:20:54.350,1.26698,1.26704,2.32,1.88
2018.05.30 11:20:54.940,1.26699,1.26704,1.50,2.51
2018.05.30 11:20:55.761,1.26698,1.26704,1.57,1.12
2018.05.30 11:20:56.757,1.26699,1.26705,1.12,1.58
2018.05.30 11:20:58.173,1.267,1.26706,1.50,2.70
2018.05.30 11:20:58.676,1.267,1.26706,1.50,2.32
2018.05.30 11:20:59.016,1.26699,1.26705,1.00,3.45
2018.05.30 11:20:59.560,1.26699,1.26705,1.69,2.25
2018.05.30 11:20:59.954,1.26698,1.26703,1.31,1.13
2018.05.30 11:21:00.265,1.26697,1.26698,1.00,1.00
2018.05.30 11:21:00.580,1.26693,1.26695,1.10,1.00
2018.05.30 11:21:00.867,1.26695,1.26698,1.13,1.76
2018.05.30 11:21:00.970,1.26696,1.26701,1.00,1.57
2018.05.30 11:21:01.073,1.26695,1.26702,1.87,2.32
2018.05.30 11:21:01.226,1.26696,1.26701,1.13,1.00
2018.05.30 11:21:01.733,1.26696,1.26702,2.89,1.00
2018.05.30 11:21:02.160,1.26699,1.26704,1.25,2.14
2018.05.30 11:21:03.495,1.267,1.26704,1.25,1.00
2018.05.30 11:21:03.549,1.26701,1.26706,1.00,1.10
2018.05.30 11:21:03.654,1.26703,1.26708,1.00,1.07
2018.05.30 11:21:04.168,1.26703,1.26708,1.69,1.10
2018.05.30 11:21:05.887,1.26702,1.26708,1.75,1.25
2018.05.30 11:21:06.390,1.26702,1.26707,1.75,1.00
2018.05.30 11:21:06.929,1.26703,1.26708,1.50,1.00
2018.05.30 11:21:07.369,1.26703,1.26704,1.00,1.00
2018.05.30 11:21:07.421,1.26699,1.26704,2.32,1.12
2018.05.30 11:21:07.524,1.26696,1.26701,4.01,1.19
2018.05.30 11:21:07.577,1.26696,1.26699,1.10,1.00
2018.05.30 11:21:07.680,1.26692,1.26698,1.95,1.00
2018.05.30 11:21:07.804,1.26692,1.26698,1.61,1.50
2018.05.30 11:21:08.318,1.26692,1.26697,1.00,1.00
2018.05.30 11:21:08.830,1.2669,1.26695,1.01,1.31
2018.05.30 11:21:08.936,1.26687,1.26692,1.95,1.20
2018.05.30 11:21:10.074,1.26688,1.26692,1.00,1.20
2018.05.30 11:21:10.176,1.26686,1.26688,1.00,1.00
2018.05.30 11:21:10.716,1.26686,1.26689,1.00,2.70
2018.05.30 11:21:11.220,1.26686,1.26689,1.00,2.70
2018.05.30 11:21:11.760,1.26681,1.26689,2.69,3.08
2018.05.30 11:21:12.665,1.26681,1.26689,2.69,3.08
2018.05.30 11:21:12.717,1.26683,1.26689,1.00,2.70
2018.05.30 11:21:13.241,1.26683,1.26689,1.00,2.70
2018.05.30 11:21:13.397,1.2668,1.26684,2.07,1.00
2018.05.30 11:21:13.501,1.26678,1.26683,2.89,1.00
2018.05.30 11:21:13.741,1.2668,1.26686,1.69,1.39
2018.05.30 11:21:14.086,1.26685,1.26689,1.00,2.25
2018.05.30 11:21:14.604,1.26687,1.2669,1.00,1.07
2018.05.30 11:21:14.707,1.26687,1.26692,1.50,1.50
2018.05.30 11:21:14.931,1.26684,1.26691,3.07,1.38
2018.05.30 11:21:15.402,1.26686,1.26692,1.00,1.20
2018.05.30 11:21:16.044,1.26687,1.26693,1.69,1.20
2018.05.30 11:21:16.613,1.26687,1.26693,1.50,1.10
2018.05.30 11:21:17.335,1.26687,1.26692,1.25,1.00
2018.05.30 11:21:17.438,1.26692,1.26697,1.00,5.32
2018.05.30 11:21:17.762,1.26699,1.26705,2.44,1.20
2018.05.30 11:21:17.816,1.26699,1.26705,2.14,1.00
2018.05.30 11:21:17.870,1.26702,1.26706,1.00,1.10
2018.05.30 11:21:18.387,1.267,1.26705,1.50,1.00
2018.05.30 11:21:18.954,1.26698,1.26705,4.01,1.00
2018.05.30 11:21:19.226,1.26699,1.26704,1.31,2.25
2018.05.30 11:21:19.747,1.26698,1.26703,1.00,1.25
2018.05.30 11:21:20.293,1.26698,1.26703,1.00,1.19
2018.05.30 11:21:20.605,1.26693,1.267,2.70,2.14
2018.05.30 11:21:21.309,1.26692,1.26697,1.25,1.25
2018.05.30 11:21:21.632,1.26687,1.26693,3.64,1.69
2018.05.30 11:21:21.942,1.26684,1.26688,1.00,1.50
2018.05.30 11:21:22.552,1.26683,1.26688,1.25,1.87
2018.05.30 11:21:23.343,1.26681,1.26687,6.64,1.00
2018.05.30 11:21:23.500,1.26681,1.26684,1.00,1.00
2018.05.30 11:21:23.882,1.26679,1.26685,1.00,1.50
2018.05.30 11:21:24.491,1.2668,1.26686,1.00,1.85
2018.05.30 11:21:25.004,1.2668,1.26686,1.13,1.00
2018.05.30 11:21:25.262,1.26679,1.26684,1.39,1.00
2018.05.30 11:21:25.471,1.26675,1.26682,1.95,1.76
2018.05.30 11:21:25.676,1.26675,1.26681,1.12,1.29
2018.05.30 11:21:26.256,1.26674,1.2668,1.00,1.57
2018.05.30 11:21:26.720,1.2667,1.26678,4.39,2.06
2018.05.30 11:21:26.877,1.26668,1.26676,1.95,2.32
2018.05.30 11:21:26.987,1.26668,1.26675,1.50,1.76
2018.05.30 11:21:27.293,1.26667,1.26674,1.57,1.01
2018.05.30 11:21:28.840,1.26665,1.26671,1.95,1.00
2018.05.30 11:21:28.945,1.26664,1.2667,1.00,1.20
2018.05.30 11:21:29.306,1.26666,1.26671,1.00,1.57
2018.05.30 11:21:29.839,1.26665,1.26671,1.00,2.33
2018.05.30 11:21:30.149,1.26662,1.26668,1.20,1.00
2018.05.30 11:21:30.459,1.26661,1.26666,1.00,1.20
2018.05.30 11:21:30.808,1.26658,1.26663,1.00,1.10
2018.05.30 11:21:31.345,1.26658,1.26663,1.00,1.29
2018.05.30 11:21:31.592,1.26653,1.26659,1.00,1.50
2018.05.30 11:21:31.798,1.26651,1.26657,1.00,1.75
2018.05.30 11:21:32.239,1.26655,1.26656,1.72,1.00
2018.05.30 11:21:32.342,1.26664,1.26665,1.00,1.25
2018.05.30 11:21:32.900,1.26665,1.26668,1.00,1.75
2018.05.30 11:21:33.208,1.26664,1.2667,1.00,2.51
2018.05.30 11:21:33.738,1.26663,1.2667,1.12,1.57
2018.05.30 11:21:34.255,1.26664,1.26669,1.00,2.32
2018.05.30 11:21:34.603,1.26661,1.26667,1.87,1.75
2018.05.30 11:21:35.116,1.2666,1.26666,1.50,1.57
2018.05.30 11:21:35.432,1.26663,1.26668,1.00,1.10
2018.05.30 11:21:35.539,1.26665,1.26669,1.00,1.00
2018.05.30 11:21:35.854,1.26662,1.26666,1.57,1.00
2018.05.30 11:21:35.907,1.26661,1.26667,2.70,1.00
2018.05.30 11:21:36.082,1.26663,1.26669,1.76,1.50
2018.05.30 11:21:36.397,1.26664,1.26669,1.50,1.00
2018.05.30 11:21:36.908,1.26665,1.26672,1.50,2.00
2018.05.30 11:21:37.562,1.26665,1.2667,1.10,1.00
2018.05.30 11:21:38.044,1.26663,1.26669,2.89,1.00
2018.05.30 11:21:39.416,1.26664,1.2667,1.12,1.31
2018.05.30 11:21:39.874,1.26665,1.26671,1.85,1.13
2018.05.30 11:21:40.456,1.26665,1.26672,1.76,1.00
2018.05.30 11:21:40.997,1.26665,1.26671,1.75,1.00
2018.05.30 11:21:41.580,1.26666,1.26671,1.10,1.00
2018.05.30 11:21:41.887,1.26668,1.26673,1.50,1.57
2018.05.30 11:21:42.194,1.2667,1.26676,1.00,2.69
2018.05.30 11:21:42.246,1.26672,1.26679,1.38,3.26
2018.05.30 11:21:42.415,1.2668,1.26685,1.95,1.12
2018.05.30 11:21:42.468,1.26682,1.26687,1.20,1.00
2018.05.30 11:21:43.111,1.26681,1.26685,1.57,1.00
2018.05.30 11:21:43.523,1.26682,1.26687,1.00,1.50
2018.05.30 11:21:43.627,1.26684,1.26689,1.50,1.07
2018.05.30 11:21:44.081,1.26686,1.26691,1.00,1.00
2018.05.30 11:21:44.134,1.26687,1.26693,1.25,1.10
2018.05.30 11:21:44.186,1.26688,1.26694,1.50,1.20
2018.05.30 11:21:44.496,1.26692,1.26696,1.10,1.00
2018.05.30 11:21:45.197,1.26692,1.26698,1.00,1.58
2018.05.30 11:21:45.249,1.26692,1.267,1.76,3.26
2018.05.30 11:21:45.307,1.26694,1.26699,1.12,1.10
2018.05.30 11:21:45.833,1.26695,1.26699,1.00,1.00
2018.05.30 11:21:46.346,1.26692,1.26698,3.26,1.00
2018.05.30 11:21:46.397,1.26692,1.26697,1.07,1.00
2018.05.30 11:21:46.449,1.2669,1.26695,1.76,1.25
2018.05.30 11:21:46.667,1.26689,1.26693,1.76,1.00
2018.05.30 11:21:46.990,1.26687,1.26692,1.57,1.00
2018.05.30 11:21:47.404,1.26685,1.2669,2.70,1.44
2018.05.30 11:21:47.584,1.26685,1.26689,1.10,1.25
2018.05.30 11:21:47.636,1.26681,1.26685,1.57,1.00
2018.05.30 11:21:47.688,1.26682,1.26687,1.00,1.00
2018.05.30 11:21:47.795,1.26685,1.26689,1.00,2.70
2018.05.30 11:21:47.850,1.26685,1.2669,1.00,2.63
2018.05.30 11:21:47.955,1.26683,1.2669,1.57,2.70
2018.05.30 11:21:48.112,1.26684,1.2669,1.50,1.76
2018.05.30 11:21:48.656,1.26686,1.26691,1.00,1.00
2018.05.30 11:21:49.072,1.26684,1.26689,2.32,1.00
2018.05.30 11:21:49.306,1.26684,1.26689,1.12,1.00
2018.05.30 11:21:49.828,1.26681,1.26688,2.32,1.95
2018.05.30 11:21:50.145,1.26676,1.26678,1.10,1.00
2018.05.30 11:21:50.198,1.26673,1.26677,1.10,1.00
2018.05.30 11:21:50.951,1.26673,1.26674,1.00,1.00
2018.05.30 11:21:51.004,1.26667,1.26671,7.01,1.00
2018.05.30 11:21:51.107,1.26666,1.26671,1.10,1.25
2018.05.30 11:21:51.646,1.26667,1.26671,1.00,1.00
2018.05.30 11:21:52.156,1.26667,1.26672,1.00,1.25
2018.05.30 11:21:52.499,1.2667,1.26676,1.00,1.57
2018.05.30 11:21:52.707,1.26672,1.26678,1.50,1.10
2018.05.30 11:21:53.217,1.26672,1.26677,1.00,1.00
2018.05.30 11:21:54.381,1.26673,1.26679,1.50,2.33
2018.05.30 11:21:54.798,1.26674,1.2668,1.12,2.70
2018.05.30 11:21:55.334,1.26673,1.26679,2.70,1.00
2018.05.30 11:21:55.439,1.26673,1.26678,1.12,1.44
2018.05.30 11:21:55.492,1.26672,1.26679,1.47,2.89
2018.05.30 11:21:55.546,1.26671,1.26677,2.89,1.00
2018.05.30 11:21:56.040,1.2667,1.26676,1.47,1.38
2018.05.30 11:21:56.248,1.26669,1.26675,1.10,1.38
2018.05.30 11:21:57.598,1.26669,1.26676,1.20,2.32
2018.05.30 11:21:57.754,1.2667,1.26676,1.37,2.32
2018.05.30 11:21:57.857,1.2667,1.26676,1.01,2.25
2018.05.30 11:21:58.395,1.26671,1.26676,1.12,1.50
2018.05.30 11:22:00.314,1.26669,1.26676,1.62,1.00
2018.05.30 11:22:00.784,1.26668,1.26672,1.07,1.00
2018.05.30 11:22:00.887,1.26667,1.26671,1.00,1.00
2018.05.30 11:22:01.410,1.26666,1.26671,1.00,1.25
2018.05.30 11:22:01.566,1.26664,1.26671,1.20,1.00
2018.05.30 11:22:02.056,1.26662,1.26667,1.57,1.25
2018.05.30 11:22:02.108,1.2666,1.26664,1.00,1.57
2018.05.30 11:22:02.160,1.26658,1.26664,1.00,1.57
2018.05.30 11:22:02.517,1.2666,1.26665,1.00,1.00
2018.05.30 11:22:02.927,1.26665,1.26672,1.10,1.10
2018.05.30 11:22:02.979,1.26665,1.2667,1.20,1.00
2018.05.30 11:22:03.286,1.26673,1.26678,1.00,2.32
2018.05.30 11:22:03.537,1.26674,1.26681,1.47,1.57
2018.05.30 11:22:04.132,1.26676,1.26682,1.00,2.25
2018.05.30 11:22:04.643,1.26677,1.26682,1.25,1.50
2018.05.30 11:22:04.848,1.26677,1.26684,1.95,1.10
2018.05.30 11:22:05.243,1.2668,1.26684,1.00,1.00
2018.05.30 11:22:05.400,1.26679,1.26687,3.26,1.95
2018.05.30 11:22:05.451,1.2668,1.26685,1.01,1.00
2018.05.30 11:22:06.205,1.26679,1.26686,3.07,1.00
2018.05.30 11:22:06.516,1.26676,1.26681,4.39,1.00
2018.05.30 11:22:07.224,1.26677,1.26682,1.47,1.00
2018.05.30 11:22:07.737,1.26677,1.26682,1.10,1.00
2018.05.30 11:22:08.279,1.26676,1.26681,1.37,1.00
2018.05.30 11:22:08.652,1.26677,1.26683,2.25,1.57
2018.05.30 11:22:08.706,1.26679,1.26685,1.69,2.70
2018.05.30 11:22:08.863,1.2668,1.26685,1.31,1.00
2018.05.30 11:22:09.420,1.26679,1.26684,2.25,1.12
2018.05.30 11:22:09.872,1.26681,1.26687,1.88,4.20
2018.05.30 11:22:09.925,1.26684,1.26689,1.50,1.20
2018.05.30 11:22:10.233,1.26689,1.26693,1.25,2.25
2018.05.30 11:22:10.510,1.2669,1.26696,1.31,1.47
2018.05.30 11:22:10.562,1.26692,1.26697,1.00,1.95
2018.05.30 11:22:10.717,1.26698,1.26703,2.06,1.00
2018.05.30 11:22:11.230,1.26698,1.26704,2.89,1.00
2018.05.30 11:22:11.766,1.26698,1.26704,2.32,1.00
2018.05.30 11:22:12.282,1.267,1.26705,1.25,1.00
2018.05.30 11:22:12.863,1.26699,1.26704,2.25,1.00
2018.05.30 11:22:13.230,1.26699,1.26705,2.89,1.50
2018.05.30 11:22:13.333,1.26699,1.26705,2.32,1.50
2018.05.30 11:22:13.933,1.26698,1.26704,5.32,1.00
2018.05.30 11:22:14.090,1.26697,1.26702,1.76,1.00
2018.05.30 11:22:14.144,1.26696,1.26701,2.51,1.00
2018.05.30 11:22:14.404,1.26694,1.267,1.39,1.13
2018.05.30 11:22:14.507,1.26693,1.26698,1.57,1.00
2018.05.30 11:22:14.871,1.26692,1.26698,2.89,1.00
2018.05.30 11:22:14.974,1.26692,1.26698,3.26,1.00
2018.05.30 11:22:15.078,1.26692,1.26698,2.89,1.00
2018.05.30 11:22:15.289,1.26691,1.26696,1.57,1.00
2018.05.30 11:22:15.481,1.26688,1.26694,2.51,1.12
2018.05.30 11:22:16.101,1.26687,1.26694,1.57,1.13
2018.05.30 11:22:16.483,1.26689,1.26696,2.51,1.57
2018.05.30 11:22:16.791,1.26692,1.26697,1.00,1.31
2018.05.30 11:22:17.342,1.26691,1.26698,1.39,3.94
2018.05.30 11:22:17.868,1.26691,1.26697,1.39,1.69
2018.05.30 11:22:18.204,1.26687,1.26693,2.51,1.00
2018.05.30 11:22:18.754,1.26687,1.26692,1.76,1.00
2018.05.30 11:22:19.110,1.26687,1.26693,1.31,1.01
2018.05.30 11:22:19.622,1.26686,1.26692,1.37,2.81
2018.05.30 11:22:19.883,1.26684,1.2669,1.12,1.95
2018.05.30 11:22:20.191,1.26682,1.26687,1.82,1.50
2018.05.30 11:22:20.295,1.26681,1.26686,1.57,1.00
2018.05.30 11:22:20.844,1.26679,1.26685,2.00,1.25
2018.05.30 11:22:21.158,1.26678,1.26683,2.63,1.00
2018.05.30 11:22:21.771,1.26677,1.26682,1.25,1.00
2018.05.30 11:22:21.823,1.26677,1.26681,1.00,1.72
2018.05.30 11:22:22.172,1.26668,1.26673,1.00,2.44
2018.05.30 11:22:22.275,1.26666,1.26671,2.14,1.00
2018.05.30 11:22:22.787,1.26666,1.26672,1.12,1.01
2018.05.30 11:22:23.313,1.26666,1.26672,1.00,1.76
2018.05.30 11:22:24.265,1.26666,1.26672,1.87,1.76
2018.05.30 11:22:25.317,1.2667,1.26674,1.00,1.07
2018.05.30 11:22:25.477,1.26672,1.26676,1.00,1.87
2018.05.30 11:22:25.981,1.2667,1.26675,1.12,1.37
2018.05.30 11:22:26.376,1.26667,1.26674,2.86,2.89
2018.05.30 11:22:26.892,1.26667,1.26673,1.31,1.57
2018.05.30 11:22:27.489,1.26667,1.26672,1.87,1.00
2018.05.30 11:22:28.039,1.26667,1.26673,3.08,2.62
2018.05.30 11:22:28.558,1.26667,1.26672,2.70,1.69
2018.05.30 11:22:29.109,1.26667,1.26671,1.10,1.25
2018.05.30 11:22:29.774,1.26668,1.26672,1.00,1.87
2018.05.30 11:22:30.319,1.26668,1.26672,1.00,2.06
2018.05.30 11:22:30.864,1.26667,1.26672,1.00,2.06
2018.05.30 11:22:31.021,1.26663,1.26668,1.20,1.50
2018.05.30 11:22:31.177,1.26666,1.2667,1.00,1.10
2018.05.30 11:22:31.683,1.26665,1.26668,1.57,1.25
2018.05.30 11:22:31.892,1.26661,1.26667,3.45,1.69
2018.05.30 11:22:32.396,1.26662,1.26667,1.00,1.87
2018.05.30 11:22:32.753,1.26662,1.26666,1.00,1.12
2018.05.30 11:22:33.295,1.2666,1.26666,2.32,3.00
2018.05.30 11:22:33.925,1.2666,1.26665,1.10,1.37
2018.05.30 11:22:34.298,1.26662,1.26667,1.50,1.50
2018.05.30 11:22:34.520,1.2666,1.26665,2.32,1.00
2018.05.30 11:22:34.839,1.26663,1.26668,1.00,1.87
2018.05.30 11:22:34.892,1.26664,1.26668,1.25,1.12
2018.05.30 11:22:35.508,1.26662,1.26668,1.58,1.00
2018.05.30 11:22:35.764,1.2666,1.26666,3.45,1.00
2018.05.30 11:22:36.102,1.26659,1.26665,3.00,1.00
2018.05.30 11:22:36.620,1.26659,1.26665,2.89,1.00
2018.05.30 11:22:37.266,1.2666,1.26665,1.00,1.50
2018.05.30 11:22:37.613,1.26659,1.26663,1.00,1.31
2018.05.30 11:22:37.716,1.26657,1.26664,1.20,2.70
2018.05.30 11:22:37.770,1.26657,1.26661,1.10,1.00
2018.05.30 11:22:38.077,1.26653,1.26659,2.51,1.12
2018.05.30 11:22:38.268,1.26652,1.26659,3.07,3.19
2018.05.30 11:22:39.261,1.26652,1.26657,1.58,1.31
2018.05.30 11:22:39.805,1.26652,1.26657,1.48,1.31
2018.05.30 11:22:40.383,1.26652,1.26657,1.01,1.31
2018.05.30 11:22:40.931,1.26652,1.26657,1.95,1.31
2018.05.30 11:22:41.333,1.26655,1.26659,1.13,3.45
2018.05.30 11:22:41.643,1.26653,1.26658,1.88,1.00
2018.05.30 11:22:42.111,1.26654,1.26658,1.44,1.69
2018.05.30 11:22:42.628,1.26655,1.26659,1.00,1.12
2018.05.30 11:22:43.182,1.26654,1.26659,1.25,1.87
2018.05.30 11:22:43.699,1.26654,1.26659,1.57,1.00
2018.05.30 11:22:46.914,1.26655,1.2666,1.38,4.12
2018.05.30 11:22:47.325,1.26658,1.26661,1.69,1.00
2018.05.30 11:22:47.433,1.26659,1.26664,1.50,1.00
2018.05.30 11:22:47.850,1.26662,1.26667,1.00,1.20
2018.05.30 11:22:48.185,1.26669,1.26674,1.00,3.82
2018.05.30 11:22:48.654,1.26668,1.26671,1.00,1.50
2018.05.30 11:22:48.851,1.26665,1.2667,1.13,1.50
2018.05.30 11:22:49.061,1.26666,1.26671,1.38,2.62
2018.05.30 11:22:49.667,1.26666,1.26671,2.25,1.12
2018.05.30 11:22:50.187,1.26667,1.2667,1.00,1.00
2018.05.30 11:22:50.625,1.26667,1.26672,1.12,1.57
2018.05.30 11:22:52.048,1.26668,1.26672,1.69,1.00
2018.05.30 11:22:52.716,1.26668,1.26673,1.50,3.00
2018.05.30 11:22:53.146,1.2667,1.26675,1.12,2.70
2018.05.30 11:22:53.685,1.2667,1.26675,1.12,1.50
2018.05.30 11:22:54.203,1.2667,1.26676,1.50,1.12
2018.05.30 11:22:54.739,1.2667,1.26676,2.63,1.87
2018.05.30 11:22:55.306,1.26672,1.26676,1.25,1.12
2018.05.30 11:22:55.872,1.26672,1.26677,1.44,1.50
2018.05.30 11:22:56.376,1.26672,1.26678,1.00,6.07
2018.05.30 11:22:56.882,1.26671,1.26678,4.20,4.95
2018.05.30 11:22:57.416,1.26671,1.26675,2.25,1.00
2018.05.30 11:22:57.980,1.2667,1.26675,4.13,1.00
2018.05.30 11:22:58.390,1.2667,1.26677,4.13,3.26
2018.05.30 11:22:59.085,1.26673,1.26677,1.50,1.10
2018.05.30 11:22:59.293,1.26677,1.26681,1.13,1.00
2018.05.30 11:22:59.379,1.26678,1.26683,1.88,3.07
2018.05.30 11:22:59.917,1.26678,1.26682,1.50,1.00
2018.05.30 11:23:00.283,1.2668,1.26684,1.00,1.10
2018.05.30 11:23:00.334,1.26681,1.26685,1.50,1.50
2018.05.30 11:23:00.897,1.26681,1.26686,1.50,1.50
2018.05.30 11:23:01.445,1.26682,1.26687,1.50,1.50
2018.05.30 11:23:01.936,1.26681,1.26686,1.12,1.50
2018.05.30 11:23:02.462,1.26682,1.26686,1.50,1.00
2018.05.30 11:23:03.238,1.2668,1.26685,3.07,1.25
2018.05.30 11:23:03.758,1.26681,1.26686,2.44,1.10
2018.05.30 11:23:03.822,1.26685,1.2669,1.50,1.00
2018.05.30 11:23:04.081,1.26685,1.26692,1.50,3.26
2018.05.30 11:23:04.520,1.26688,1.26692,1.50,1.10
2018.05.30 11:23:05.048,1.26688,1.26693,1.50,1.00
2018.05.30 11:23:05.394,1.26694,1.267,1.50,4.76
2018.05.30 11:23:05.918,1.26695,1.267,1.00,1.20
2018.05.30 11:23:06.237,1.26697,1.26702,1.88,1.00
2018.05.30 11:23:06.549,1.267,1.26703,1.13,1.10
2018.05.30 11:23:06.653,1.26701,1.26706,1.00,2.70
2018.05.30 11:23:06.912,1.26703,1.26707,1.00,1.57
2018.05.30 11:23:07.184,1.26706,1.2671,1.00,1.20
2018.05.30 11:23:07.687,1.26705,1.2671,1.25,1.20
2018.05.30 11:23:08.390,1.26705,1.2671,1.50,1.10
2018.05.30 11:23:08.900,1.26705,1.26711,1.50,1.76
2018.05.30 11:23:09.106,1.26704,1.2671,2.25,1.29
2018.05.30 11:23:09.264,1.26706,1.26712,1.31,1.57
2018.05.30 11:23:09.317,1.26707,1.26713,2.25,4.57
2018.05.30 11:23:09.368,1.26708,1.26713,1.50,1.50
2018.05.30 11:23:09.576,1.26706,1.26711,1.10,1.00
2018.05.30 11:23:09.740,1.26706,1.26709,1.00,1.00
2018.05.30 11:23:09.944,1.26704,1.26709,1.12,1.00
2018.05.30 11:23:10.200,1.26703,1.26707,1.57,1.91
2018.05.30 11:23:10.303,1.267,1.26705,1.07,2.85
2018.05.30 11:23:10.626,1.267,1.26703,1.00,2.47
2018.05.30 11:23:10.677,1.26698,1.26703,1.57,3.22
2018.05.30 11:23:11.188,1.26698,1.26702,1.00,1.20
2018.05.30 11:23:11.329,1.26697,1.26699,1.12,1.00
2018.05.30 11:23:11.435,1.26692,1.26697,2.25,1.76
2018.05.30 11:23:11.643,1.2669,1.26697,1.57,2.17
2018.05.30 11:23:12.185,1.26691,1.26695,1.12,1.00
2018.05.30 11:23:12.390,1.26693,1.26697,1.00,1.00
2018.05.30 11:23:12.927,1.26693,1.26697,1.47,1.00
2018.05.30 11:23:13.488,1.26695,1.26697,1.00,1.00
2018.05.30 11:23:14.029,1.26693,1.26697,2.06,1.00
2018.05.30 11:23:15.027,1.26695,1.26697,1.25,1.00
2018.05.30 11:23:15.080,1.26695,1.26699,1.88,1.00
2018.05.30 11:23:15.133,1.26697,1.267,1.13,1.10
2018.05.30 11:23:15.655,1.267,1.26705,1.00,3.64
2018.05.30 11:23:15.871,1.26701,1.26707,1.69,1.57
2018.05.30 11:23:15.982,1.26705,1.2671,1.00,3.67
2018.05.30 11:23:16.398,1.26705,1.26711,3.00,1.57
2018.05.30 11:23:16.737,1.26714,1.26719,2.44,3.82
2018.05.30 11:23:17.467,1.26716,1.2672,1.00,3.56
2018.05.30 11:23:17.786,1.26717,1.26722,1.00,1.95
2018.05.30 11:23:18.091,1.26719,1.26722,1.00,1.87
2018.05.30 11:23:18.850,1.2672,1.26722,1.00,1.25
2018.05.30 11:23:19.365,1.2672,1.26722,1.00,1.25
2018.05.30 11:23:19.578,1.26719,1.26722,1.00,1.25
2018.05.30 11:23:20.120,1.2672,1.26723,1.00,1.95
2018.05.30 11:23:20.172,1.26721,1.26723,1.00,1.95
2018.05.30 11:23:20.524,1.2672,1.26723,1.00,1.87
2018.05.30 11:23:21.051,1.2672,1.26723,1.00,1.31
2018.05.30 11:23:21.463,1.26721,1.26723,1.00,1.00
2018.05.30 11:23:22.151,1.26722,1.26724,1.00,2.62
2018.05.30 11:23:22.849,1.26722,1.26724,1.00,1.87
2018.05.30 11:23:23.384,1.26722,1.26724,1.00,1.12
2018.05.30 11:23:23.920,1.26722,1.26724,1.00,1.87
2018.05.30 11:23:24.474,1.26721,1.26724,1.00,1.87
2018.05.30 11:23:24.936,1.2672,1.26721,1.00,1.00
2018.05.30 11:23:25.240,1.26718,1.26719,1.00,1.00
2018.05.30 11:23:25.447,1.2671,1.26714,1.31,1.12
2018.05.30 11:23:25.553,1.26711,1.26715,1.00,6.98
2018.05.30 11:23:25.605,1.26708,1.26713,1.69,1.00
2018.05.30 11:23:25.946,1.26711,1.26714,1.00,1.95
2018.05.30 11:23:26.151,1.26711,1.26713,1.00,1.10
2018.05.30 11:23:26.678,1.26711,1.26713,1.00,1.10
2018.05.30 11:23:27.594,1.26711,1.26714,1.00,1.57
2018.05.30 11:23:28.128,1.26708,1.26714,1.50,2.51
2018.05.30 11:23:28.534,1.26709,1.26711,1.00,1.00
2018.05.30 11:23:29.424,1.26708,1.26711,1.00,1.00
2018.05.30 11:23:30.062,1.26709,1.26711,1.00,1.00
2018.05.30 11:23:30.856,1.26708,1.26711,1.00,1.00
2018.05.30 11:23:31.180,1.2671,1.26713,1.00,1.10
2018.05.30 11:23:31.661,1.26712,1.26714,1.00,1.95
2018.05.30 11:23:32.129,1.26711,1.26713,1.00,1.20
2018.05.30 11:23:32.614,1.26713,1.26715,1.00,1.10
2018.05.30 11:23:32.666,1.2671,1.26716,2.06,1.76
2018.05.30 11:23:32.717,1.26712,1.26716,1.00,1.76
2018.05.30 11:23:33.023,1.26716,1.26718,1.00,1.12
2018.05.30 11:23:33.534,1.26715,1.26718,1.00,2.62
2018.05.30 11:23:33.853,1.26713,1.26716,1.12,1.00
2018.05.30 11:23:34.165,1.26715,1.26717,1.00,2.06
2018.05.30 11:23:34.692,1.26713,1.26716,1.00,1.12
2018.05.30 11:23:35.226,1.26714,1.26716,1.00,1.12
2018.05.30 11:23:35.871,1.26713,1.26716,1.00,1.12
2018.05.30 11:23:36.456,1.26713,1.26715,1.00,1.12
2018.05.30 11:23:37.472,1.26711,1.26715,1.12,1.12
2018.05.30 11:23:38.027,1.26712,1.26714,1.00,1.00
2018.05.30 11:23:38.183,1.2671,1.26712,1.00,2.44
2018.05.30 11:23:38.289,1.26705,1.26709,2.44,1.00
2018.05.30 11:23:38.393,1.26707,1.26709,1.00,1.25
2018.05.30 11:23:38.944,1.26707,1.26709,1.00,1.12
2018.05.30 11:23:39.457,1.26706,1.26708,1.00,1.50
2018.05.30 11:23:40.386,1.26705,1.26708,1.00,1.87
2018.05.30 11:23:40.882,1.26706,1.26708,1.00,1.12
2018.05.30 11:23:41.141,1.26705,1.26708,1.00,2.06
2018.05.30 11:23:41.299,1.26705,1.26707,1.00,1.87
2018.05.30 11:23:41.454,1.26704,1.26706,1.00,1.00
2018.05.30 11:23:41.715,1.26705,1.26707,1.00,2.32
2018.05.30 11:23:41.921,1.26706,1.26709,1.00,2.70
2018.05.30 11:23:42.025,1.26708,1.26713,1.00,5.32
2018.05.30 11:23:42.179,1.2671,1.26712,1.00,1.00
2018.05.30 11:23:42.230,1.26709,1.26713,1.00,3.07
2018.05.30 11:23:42.683,1.2671,1.26712,1.00,1.00
2018.05.30 11:23:43.283,1.2671,1.26713,1.00,2.32
2018.05.30 11:23:43.763,1.26708,1.2671,1.00,1.12
2018.05.30 11:23:43.978,1.26704,1.26708,1.87,1.87
2018.05.30 11:23:44.888,1.26703,1.26707,1.00,1.00
2018.05.30 11:23:45.409,1.26703,1.26706,1.00,1.00
2018.05.30 11:23:45.960,1.26704,1.26707,1.00,1.01
2018.05.30 11:23:46.758,1.26704,1.26706,1.00,1.00
2018.05.30 11:23:47.301,1.26703,1.26707,1.00,2.14
2018.05.30 11:23:47.821,1.26704,1.26707,1.00,1.20
2018.05.30 11:23:48.185,1.26706,1.26709,1.00,2.70
2018.05.30 11:23:48.402,1.26705,1.26709,1.00,1.95
2018.05.30 11:23:48.453,1.26706,1.26709,1.00,1.87
2018.05.30 11:23:48.866,1.26705,1.2671,1.00,2.25
2018.05.30 11:23:49.176,1.26706,1.26708,1.00,1.25
2018.05.30 11:23:49.373,1.26704,1.26708,1.00,1.25
2018.05.30 11:23:49.690,1.26706,1.26709,1.00,1.95
2018.05.30 11:23:50.102,1.26708,1.26709,1.00,1.00
2018.05.30 11:23:50.205,1.26708,1.26711,1.00,1.00
2018.05.30 11:23:50.557,1.2671,1.26713,1.00,1.50
2018.05.30 11:23:51.127,1.26711,1.26715,1.00,1.57
2018.05.30 11:23:51.429,1.26713,1.26717,1.00,3.82
2018.05.30 11:23:51.841,1.26715,1.26717,1.00,1.12
2018.05.30 11:23:51.945,1.26717,1.2672,1.25,1.07
2018.05.30 11:23:51.999,1.26718,1.26721,1.00,1.00
2018.05.30 11:23:52.141,1.2672,1.26725,1.00,1.20
2018.05.30 11:23:52.573,1.26721,1.26723,1.00,1.63
2018.05.30 11:23:52.626,1.26718,1.26723,2.32,1.25
2018.05.30 11:23:52.782,1.26719,1.26722,1.00,2.44
2018.05.30 11:23:53.251,1.2672,1.26722,1.00,1.20
2018.05.30 11:23:53.807,1.2672,1.26724,1.00,2.25
2018.05.30 11:23:54.346,1.26721,1.26724,1.00,2.25
2018.05.30 11:23:54.792,1.26724,1.26727,1.00,1.45
2018.05.30 11:23:55.025,1.26725,1.2673,1.00,1.50
2018.05.30 11:23:55.577,1.26726,1.2673,1.00,1.20
2018.05.30 11:23:55.997,1.26725,1.26727,1.50,1.00
2018.05.30 11:23:56.100,1.26723,1.26728,1.50,1.01
2018.05.30 11:23:56.306,1.26725,1.2673,1.00,2.70
2018.05.30 11:23:56.985,1.26723,1.26728,1.00,1.12
2018.05.30 11:23:57.197,1.26722,1.26727,1.12,2.55
2018.05.30 11:23:57.457,1.26717,1.26723,2.25,1.19
2018.05.30 11:23:57.995,1.26718,1.26724,1.69,1.57
2018.05.30 11:23:58.526,1.26719,1.26724,1.00,1.76
2018.05.30 11:23:59.049,1.2672,1.26725,1.00,1.20
2018.05.30 11:23:59.564,1.26719,1.26726,2.63,1.95
2018.05.30 11:23:59.823,1.26719,1.26724,1.00,1.95
2018.05.30 11:24:00.198,1.26718,1.26724,2.63,1.50
2018.05.30 11:24:01.082,1.2672,1.26726,2.00,1.95
2018.05.30 11:24:01.268,1.26721,1.26725,1.00,1.07
2018.05.30 11:24:01.373,1.2672,1.26722,1.00,1.00
2018.05.30 11:24:01.529,1.26716,1.2672,2.89,1.00
2018.05.30 11:24:01.582,1.26715,1.26719,1.20,1.50
2018.05.30 11:24:01.640,1.2671,1.26714,3.00,2.66
2018.05.30 11:24:01.746,1.26705,1.26711,4.39,1.25
2018.05.30 11:24:01.798,1.26705,1.26708,1.20,1.00
2018.05.30 11:24:01.931,1.26704,1.26707,2.14,1.00
2018.05.30 11:24:02.038,1.26702,1.26706,2.51,1.00
2018.05.30 11:24:02.141,1.26701,1.26707,1.10,3.41
2018.05.30 11:24:02.610,1.26698,1.26704,2.32,1.12
2018.05.30 11:24:02.990,1.26696,1.26701,1.10,1.12
2018.05.30 11:24:03.301,1.26694,1.26699,1.38,1.00
2018.05.30 11:24:03.847,1.26693,1.267,1.75,1.25
2018.05.30 11:24:04.158,1.26692,1.26698,1.00,1.10
2018.05.30 11:24:04.210,1.26694,1.267,1.88,1.20
2018.05.30 11:24:04.262,1.26695,1.26701,1.12,1.12
2018.05.30 11:24:04.807,1.26695,1.26701,1.47,1.00
2018.05.30 11:24:05.483,1.26694,1.26699,1.76,1.00
2018.05.30 11:24:05.586,1.26694,1.26699,1.20,1.00
2018.05.30 11:24:05.793,1.26695,1.26701,1.01,1.50
2018.05.30 11:24:05.897,1.26696,1.26702,2.32,1.00
2018.05.30 11:24:06.265,1.26701,1.26708,1.00,4.05
2018.05.30 11:24:06.317,1.26701,1.26708,1.00,1.39
2018.05.30 11:24:06.885,1.26702,1.26708,1.50,1.10
2018.05.30 11:24:07.349,1.26702,1.26708,1.12,1.76
2018.05.30 11:24:07.402,1.26702,1.26708,1.12,1.20
2018.05.30 11:24:08.131,1.26702,1.26709,1.20,1.39
2018.05.30 11:24:08.487,1.26701,1.26707,2.51,1.69
2018.05.30 11:24:08.801,1.26698,1.26704,1.85,1.50
2018.05.30 11:24:09.801,1.26698,1.26706,1.85,1.19
2018.05.30 11:24:11.002,1.26698,1.26704,2.32,1.00
2018.05.30 11:24:12.239,1.26698,1.26704,1.95,1.00
2018.05.30 11:24:14.020,1.26699,1.26705,1.00,1.95
2018.05.30 11:24:14.527,1.26698,1.26704,1.95,1.25
2018.05.30 11:24:14.864,1.26693,1.26698,2.25,1.25
2018.05.30 11:24:15.194,1.26687,1.26693,1.76,1.00
2018.05.30 11:24:15.839,1.26688,1.26694,2.51,1.88
2018.05.30 11:24:16.353,1.26687,1.26693,1.50,1.76
2018.05.30 11:24:17.311,1.26687,1.26693,1.12,1.57
2018.05.30 11:24:17.642,1.26684,1.2669,4.20,1.00
2018.05.30 11:24:18.227,1.26685,1.2669,1.00,1.00
2018.05.30 11:24:18.742,1.26686,1.26691,1.12,1.50
2018.05.30 11:24:19.453,1.26685,1.26691,1.50,1.88
2018.05.30 11:24:19.659,1.26685,1.26692,2.63,1.12
2018.05.30 11:24:20.178,1.26684,1.26689,1.69,1.00
2018.05.30 11:24:20.419,1.26681,1.26686,1.31,1.69
2018.05.30 11:24:20.580,1.26677,1.26683,4.76,1.50
2018.05.30 11:24:20.916,1.26674,1.26677,1.95,2.48
2018.05.30 11:24:20.969,1.26672,1.26678,2.32,1.00
2018.05.30 11:24:21.022,1.26671,1.26677,1.95,1.44
2018.05.30 11:24:21.231,1.26669,1.26677,4.57,1.61
2018.05.30 11:24:21.621,1.26673,1.26679,1.00,1.10
2018.05.30 11:24:21.776,1.26679,1.26681,1.00,1.07
2018.05.30 11:24:21.827,1.26679,1.26683,1.00,1.57
2018.05.30 11:24:21.931,1.26679,1.26685,1.12,1.10
2018.05.30 11:24:22.471,1.2668,1.26686,1.25,1.20
2018.05.30 11:24:22.683,1.26682,1.26688,1.00,1.20
2018.05.30 11:24:22.838,1.26683,1.26689,1.00,1.07
2018.05.30 11:24:23.942,1.26682,1.26687,1.50,1.00
2018.05.30 11:24:23.995,1.26678,1.26682,4.01,1.00
2018.05.30 11:24:24.170,1.26678,1.26684,1.70,1.25
2018.05.30 11:24:24.224,1.26675,1.2668,1.57,1.00
2018.05.30 11:24:24.330,1.26674,1.26679,1.00,1.00
2018.05.30 11:24:24.383,1.26674,1.26681,1.69,1.39
2018.05.30 11:24:24.437,1.26672,1.26679,1.20,1.50
2018.05.30 11:24:24.970,1.26673,1.26678,1.00,1.00
2018.05.30 11:24:25.233,1.26674,1.26681,1.39,1.57
2018.05.30 11:24:25.748,1.26673,1.2668,3.07,1.87
2018.05.30 11:24:26.289,1.26674,1.26679,1.00,1.50
2018.05.30 11:24:26.340,1.26673,1.26679,3.45,1.00
2018.05.30 11:24:26.575,1.26674,1.26681,3.08,1.10
2018.05.30 11:24:27.098,1.26675,1.26682,3.07,1.20
2018.05.30 11:24:27.626,1.26677,1.26683,1.81,1.10
2018.05.30 11:24:28.723,1.26678,1.26683,1.69,1.00
2018.05.30 11:24:30.150,1.26679,1.26684,1.12,1.10
2018.05.30 11:24:30.463,1.26682,1.26688,1.63,2.70
2018.05.30 11:24:30.676,1.2669,1.26693,1.31,1.50
2018.05.30 11:24:31.013,1.26693,1.26696,1.00,1.00
2018.05.30 11:24:31.173,1.26694,1.267,1.00,1.45
2018.05.30 11:24:31.445,1.26696,1.26702,1.00,4.01
2018.05.30 11:24:31.497,1.26697,1.26703,1.31,1.95
2018.05.30 11:24:31.979,1.267,1.26705,1.00,1.10
2018.05.30 11:24:32.184,1.267,1.26705,3.82,1.00
2018.05.30 11:24:32.717,1.267,1.26706,2.89,1.00
2018.05.30 11:24:33.023,1.267,1.26705,2.14,1.25
2018.05.30 11:24:33.566,1.267,1.26706,2.32,1.00
2018.05.30 11:24:33.954,1.26699,1.26702,1.45,1.00
2018.05.30 11:24:34.338,1.26703,1.26708,1.00,1.91
2018.05.30 11:24:34.442,1.267,1.26704,1.64,1.00
2018.05.30 11:24:34.496,1.26698,1.267,1.31,1.00
2018.05.30 11:24:34.600,1.26696,1.267,1.00,1.50
2018.05.30 11:24:34.651,1.26696,1.267,1.45,1.50
2018.05.30 11:24:34.906,1.26695,1.26699,1.45,1.00
2018.05.30 11:24:35.345,1.26694,1.26698,1.45,3.19
2018.05.30 11:24:35.554,1.26693,1.26696,1.29,1.00
2018.05.30 11:24:36.088,1.26693,1.26697,1.10,1.00
2018.05.30 11:24:36.192,1.26693,1.26697,1.95,1.25
2018.05.30 11:24:36.716,1.26692,1.26697,1.45,1.00
2018.05.30 11:24:37.404,1.26692,1.26696,1.45,1.49
2018.05.30 11:24:37.561,1.26688,1.26691,1.37,1.00
2018.05.30 11:24:38.080,1.26688,1.26692,1.10,1.00
2018.05.30 11:24:38.599,1.26688,1.26692,1.20,1.00
2018.05.30 11:24:39.115,1.26686,1.26692,1.95,1.00
2018.05.30 11:24:39.325,1.26689,1.26694,3.07,1.50
2018.05.30 11:24:39.679,1.2669,1.26697,3.26,1.12
2018.05.30 11:24:39.784,1.26692,1.26697,2.89,1.00
2018.05.30 11:24:39.888,1.26694,1.26699,1.39,1.69
2018.05.30 11:24:40.399,1.26693,1.26698,1.64,1.00
2018.05.30 11:24:40.502,1.26694,1.267,2.14,1.12
2018.05.30 11:24:40.559,1.26696,1.26702,1.10,2.25
2018.05.30 11:24:40.664,1.26697,1.26702,2.14,1.12
2018.05.30 11:24:41.170,1.26697,1.26702,3.07,1.12
2018.05.30 11:24:41.278,1.26698,1.26704,2.89,1.00
2018.05.30 11:24:41.484,1.26699,1.26703,2.51,1.00
2018.05.30 11:24:42.008,1.267,1.26704,2.14,1.00
2018.05.30 11:24:42.508,1.26701,1.26706,1.95,1.00
2018.05.30 11:24:42.611,1.26703,1.2671,2.70,1.50
2018.05.30 11:24:42.749,1.26705,1.2671,1.95,1.00
2018.05.30 11:24:42.802,1.26705,1.26712,4.57,1.87
2018.05.30 11:24:42.854,1.26707,1.26712,2.14,1.87
2018.05.30 11:24:43.369,1.26707,1.26713,2.14,1.25
2018.05.30 11:24:45.041,1.26707,1.26713,2.32,1.12
2018.05.30 11:24:45.585,1.26707,1.26713,1.39,1.12
2018.05.30 11:24:46.505,1.26706,1.26709,1.45,1.12
2018.05.30 11:24:46.557,1.26703,1.26708,2.89,1.00
2018.05.30 11:24:46.619,1.26702,1.26705,4.76,1.00
2018.05.30 11:24:46.926,1.267,1.26706,3.82,1.50
2018.05.30 11:24:47.433,1.267,1.26705,4.57,1.00
2018.05.30 11:24:48.468,1.26701,1.26706,1.45,1.50
2018.05.30 11:24:48.780,1.26701,1.26703,1.45,1.00
2018.05.30 11:24:48.940,1.26697,1.26704,2.14,1.25
2018.05.30 11:24:49.485,1.26697,1.26704,3.07,1.69
2018.05.30 11:24:49.639,1.26697,1.26701,3.07,1.00
2018.05.30 11:24:49.794,1.26697,1.26702,1.01,1.50
2018.05.30 11:24:49.846,1.26697,1.26702,2.32,2.25
2018.05.30 11:24:50.198,1.26699,1.26705,2.32,1.50
2018.05.30 11:24:50.703,1.26699,1.26704,2.32,1.12
2018.05.30 11:24:50.808,1.267,1.26707,5.14,1.50
2018.05.30 11:24:51.016,1.26702,1.26708,1.39,2.25
2018.05.30 11:24:51.325,1.26702,1.26708,2.89,1.50
2018.05.30 11:24:51.823,1.26706,1.26711,1.00,1.00
2018.05.30 11:24:51.877,1.26708,1.26712,4.20,2.62
2018.05.30 11:24:52.215,1.26711,1.26716,2.14,1.12
2018.05.30 11:24:52.523,1.26708,1.26712,2.14,1.00
2018.05.30 11:24:53.034,1.26708,1.26711,1.57,1.00
2018.05.30 11:24:53.537,1.26707,1.26711,2.14,1.00
2018.05.30 11:24:54.541,1.26706,1.26711,2.14,1.00
2018.05.30 11:24:55.086,1.26706,1.2671,2.14,1.50
2018.05.30 11:24:55.598,1.26707,1.26711,1.70,1.00
2018.05.30 11:24:56.174,1.26707,1.26711,2.14,1.50
2018.05.30 11:24:57.362,1.26706,1.26709,1.76,1.00
2018.05.30 11:24:57.655,1.26703,1.26708,3.07,1.00
2018.05.30 11:24:58.193,1.26702,1.26707,3.82,1.50
2018.05.30 11:24:58.577,1.26701,1.26707,4.20,1.50
2018.05.30 11:24:58.630,1.26701,1.26704,1.64,1.00
2018.05.30 11:24:58.839,1.26701,1.26706,1.76,1.00
2018.05.30 11:24:58.943,1.26702,1.26708,2.14,3.00
2018.05.30 11:24:59.477,1.26703,1.26707,1.70,1.00
2018.05.30 11:24:59.580,1.26703,1.26706,1.70,1.00
2018.05.30 11:25:00.091,1.26702,1.26707,1.76,1.50
2018.05.30 11:25:00.144,1.26702,1.26705,1.45,1.00
2018.05.30 11:25:00.249,1.26702,1.26707,2.70,1.50
2018.05.30 11:25:00.758,1.26704,1.26708,2.14,1.00
2018.05.30 11:25:00.861,1.26705,1.2671,1.10,1.50
2018.05.30 11:25:01.664,1.26704,1.2671,1.12,1.69
2018.05.30 11:25:02.845,1.26704,1.26709,2.06,1.00
2018.05.30 11:25:03.298,1.26707,1.26713,2.25,3.82
2018.05.30 11:25:03.603,1.2671,1.26715,2.06,1.00
2018.05.30 11:25:04.603,1.26711,1.26716,1.10,1.87
2018.05.30 11:25:05.170,1.2671,1.26715,1.12,1.50
2018.05.30 11:25:05.757,1.2671,1.26715,1.75,1.50
2018.05.30 11:25:06.337,1.26708,1.26712,5.51,1.00
2018.05.30 11:25:06.388,1.26708,1.26714,5.14,1.50
2018.05.30 11:25:06.440,1.26708,1.26712,1.01,1.00
2018.05.30 11:25:06.612,1.2671,1.26715,1.00,1.87
2018.05.30 11:25:06.869,1.26708,1.26713,3.82,1.00
2018.05.30 11:25:07.176,1.26706,1.26711,1.39,1.00
2018.05.30 11:25:07.716,1.26704,1.26709,5.70,1.00
2018.05.30 11:25:07.821,1.26705,1.26711,2.44,1.50
2018.05.30 11:25:08.652,1.26705,1.2671,1.39,1.00
2018.05.30 11:25:09.332,1.26704,1.26709,2.89,1.00
2018.05.30 11:25:09.851,1.26705,1.2671,1.31,1.50
2018.05.30 11:25:10.360,1.26706,1.2671,1.00,1.50
2018.05.30 11:25:10.571,1.26709,1.26713,1.00,1.10
2018.05.30 11:25:11.097,1.26708,1.26714,1.31,1.20
2018.05.30 11:25:11.426,1.26715,1.26719,1.25,1.10
2018.05.30 11:25:11.974,1.26714,1.26719,1.00,1.76
2018.05.30 11:25:12.501,1.26715,1.26719,1.25,1.12
2018.05.30 11:25:13.534,1.26713,1.26719,2.81,1.20
2018.05.30 11:25:13.841,1.26712,1.26716,1.39,1.00
2018.05.30 11:25:14.233,1.2671,1.26715,1.25,1.12
2018.05.30 11:25:14.338,1.26708,1.26713,3.45,1.00
2018.05.30 11:25:14.893,1.26708,1.26712,1.50,1.00
2018.05.30 11:25:14.999,1.26706,1.26711,1.19,2.25
2018.05.30 11:25:15.052,1.26705,1.26711,2.44,2.25
2018.05.30 11:25:15.583,1.26704,1.2671,2.44,1.10
2018.05.30 11:25:16.287,1.26704,1.2671,3.45,1.12
2018.05.30 11:25:16.828,1.26704,1.26711,4.13,2.25
2018.05.30 11:25:17.379,1.26704,1.26711,5.70,1.50
2018.05.30 11:25:17.984,1.26706,1.26712,1.50,1.95
2018.05.30 11:25:18.213,1.26709,1.26713,1.00,1.50
2018.05.30 11:25:18.421,1.26709,1.26715,1.12,1.95
2018.05.30 11:25:20.148,1.26709,1.26714,1.50,1.00
2018.05.30 11:25:20.713,1.2671,1.26714,1.00,1.50
2018.05.30 11:25:21.216,1.26708,1.26714,1.39,1.00
2018.05.30 11:25:21.727,1.26708,1.26713,1.31,1.50
2018.05.30 11:25:22.963,1.26708,1.26714,2.51,1.00
2018.05.30 11:25:23.493,1.2671,1.26714,1.44,1.00
2018.05.30 11:25:24.894,1.2671,1.26716,1.44,1.57
2018.05.30 11:25:25.214,1.26708,1.26711,1.29,1.69
2018.05.30 11:25:25.267,1.26705,1.2671,2.51,1.25
2018.05.30 11:25:25.370,1.26704,1.26709,1.56,1.50
2018.05.30 11:25:26.141,1.26704,1.2671,1.50,1.10
2018.05.30 11:25:26.670,1.26704,1.2671,1.31,1.25
2018.05.30 11:25:28.794,1.26705,1.2671,1.00,1.10
2018.05.30 11:25:31.423,1.26704,1.26709,3.94,1.00
2018.05.30 11:25:31.947,1.26704,1.26708,1.31,1.50
2018.05.30 11:25:32.533,1.26703,1.26707,1.01,1.00
2018.05.30 11:25:33.039,1.26701,1.26706,2.81,1.00
2018.05.30 11:25:33.193,1.26701,1.26706,1.87,1.50
2018.05.30 11:25:34.943,1.267,1.26704,2.70,1.00
2018.05.30 11:25:35.935,1.26699,1.26704,3.19,1.25
2018.05.30 11:25:36.646,1.26701,1.26706,1.25,1.00
2018.05.30 11:25:36.964,1.26706,1.2671,1.25,1.20
2018.05.30 11:25:37.226,1.2671,1.26715,1.12,1.57
2018.05.30 11:25:38.425,1.26707,1.26713,4.95,1.69
2018.05.30 11:25:38.478,1.26706,1.26711,3.45,1.00
2018.05.30 11:25:39.151,1.26705,1.2671,2.04,1.00
2018.05.30 11:25:39.574,1.26705,1.2671,1.00,1.50
2018.05.30 11:25:40.199,1.26704,1.26708,1.10,1.00
2018.05.30 11:25:40.720,1.26702,1.26707,1.31,1.25
2018.05.30 11:25:40.943,1.26699,1.26706,4.01,4.57
2018.05.30 11:25:41.450,1.26699,1.26704,2.44,1.50
2018.05.30 11:25:41.981,1.26701,1.26705,1.00,1.10
2018.05.30 11:25:42.507,1.26701,1.26707,1.87,2.32
2018.05.30 11:25:43.138,1.26701,1.26707,1.69,1.57
2018.05.30 11:25:43.872,1.26701,1.26706,1.87,1.00
2018.05.30 11:25:44.217,1.26697,1.26702,2.44,1.00
2018.05.30 11:25:44.641,1.26696,1.267,1.85,1.00
2018.05.30 11:25:44.693,1.26696,1.267,1.10,1.87
2018.05.30 11:25:44.798,1.26699,1.26702,1.25,1.10
2018.05.30 11:25:44.852,1.267,1.26704,1.25,1.10
2018.05.30 11:25:45.366,1.26699,1.26706,2.32,2.32
2018.05.30 11:25:45.623,1.26701,1.26706,1.00,2.70
2018.05.30 11:25:46.198,1.26701,1.26706,1.00,1.57
2018.05.30 11:25:46.514,1.26703,1.26707,1.25,1.57
2018.05.30 11:25:46.617,1.26703,1.26709,1.31,2.70
2018.05.30 11:25:47.135,1.26703,1.26709,1.31,4.76
2018.05.30 11:25:47.677,1.26703,1.26709,1.25,3.08
2018.05.30 11:25:48.247,1.26704,1.26709,1.00,1.76
2018.05.30 11:25:48.620,1.26702,1.26708,2.89,1.12
2018.05.30 11:25:48.880,1.26702,1.2671,2.89,3.26
2018.05.30 11:25:49.401,1.26704,1.2671,1.00,2.14
2018.05.30 11:25:49.454,1.26706,1.26711,1.00,3.00
2018.05.30 11:25:49.784,1.26706,1.26712,1.69,1.87
2018.05.30 11:25:49.838,1.26708,1.26713,1.88,2.32
2018.05.30 11:25:50.456,1.26708,1.26715,1.76,5.32
2018.05.30 11:25:50.833,1.26708,1.26714,2.51,1.12
2018.05.30 11:25:51.363,1.26708,1.26713,2.06,1.00
2018.05.30 11:25:51.950,1.26708,1.26715,2.06,5.06
2018.05.30 11:25:52.601,1.26709,1.26715,2.06,1.76
2018.05.30 11:25:52.706,1.26711,1.26717,1.88,3.82
2018.05.30 11:25:53.115,1.26709,1.26715,2.14,1.12
2018.05.30 11:25:53.626,1.26709,1.26716,2.89,1.25
2018.05.30 11:25:54.130,1.2671,1.26716,2.51,1.87
2018.05.30 11:25:54.644,1.26711,1.26717,1.63,2.32
2018.05.30 11:25:54.848,1.26709,1.26712,1.39,1.00
2018.05.30 11:25:54.901,1.26708,1.26711,2.81,1.87
2018.05.30 11:25:54.953,1.26707,1.26709,3.64,1.35
2018.05.30 11:25:55.058,1.26706,1.26707,1.87,1.00
2018.05.30 11:25:55.110,1.26703,1.26709,1.39,1.12
2018.05.30 11:25:55.696,1.26705,1.2671,1.00,3.00
2018.05.30 11:25:55.802,1.26708,1.26713,1.88,1.20
2018.05.30 11:25:55.855,1.26708,1.26714,1.01,2.62
2018.05.30 11:25:56.305,1.26708,1.26712,1.31,1.00
2018.05.30 11:25:56.509,1.26708,1.26714,2.32,2.81
2018.05.30 11:25:56.714,1.2671,1.26716,1.25,2.70
2018.05.30 11:25:56.766,1.2671,1.26716,2.06,1.69
2018.05.30 11:25:57.294,1.26712,1.26717,1.25,1.00
2018.05.30 11:25:57.450,1.26713,1.26718,1.50,1.00
2018.05.30 11:25:57.967,1.26714,1.2672,1.69,1.00
2018.05.30 11:25:58.150,1.26716,1.26722,1.12,1.57
2018.05.30 11:25:58.711,1.26717,1.26722,1.00,1.50
2018.05.30 11:25:59.232,1.26718,1.26722,1.50,1.50
2018.05.30 11:26:00.205,1.26718,1.26723,1.50,2.25
2018.05.30 11:26:01.566,1.26718,1.26722,1.00,1.50
2018.05.30 11:26:01.863,1.26716,1.2672,1.29,1.00
2018.05.30 11:26:02.176,1.26713,1.26718,2.32,1.37
2018.05.30 11:26:02.705,1.26712,1.26718,2.44,1.44
2018.05.30 11:26:03.216,1.26712,1.26718,4.39,1.25
2018.05.30 11:26:03.558,1.26716,1.26721,1.57,1.00
2018.05.30 11:26:04.079,1.26718,1.26722,1.20,1.87
2018.05.30 11:26:05.342,1.26719,1.26723,1.50,2.25
2018.05.30 11:26:05.809,1.26717,1.26721,1.95,1.63
2018.05.30 11:26:05.915,1.26715,1.2672,4.39,1.13
2018.05.30 11:26:06.453,1.26713,1.26719,3.64,1.25
2018.05.30 11:26:07.213,1.26713,1.26719,2.70,1.31
2018.05.30 11:26:08.504,1.26713,1.26719,1.95,2.06
2018.05.30 11:26:09.010,1.26713,1.26719,1.95,2.06
2018.05.30 11:26:09.533,1.26713,1.26719,3.26,2.06
2018.05.30 11:26:10.046,1.26713,1.26719,3.08,2.06
2018.05.30 11:26:11.582,1.26713,1.26719,3.26,2.06
2018.05.30 11:26:12.333,1.26713,1.26719,3.26,2.06
2018.05.30 11:26:15.486,1.26713,1.26718,1.39,1.31
2018.05.30 11:26:16.004,1.26713,1.26718,1.45,1.31
2018.05.30 11:26:16.649,1.26712,1.26718,2.32,2.06
2018.05.30 11:26:16.702,1.26712,1.26716,1.57,1.00
2018.05.30 11:26:17.018,1.26709,1.26712,1.07,1.00
2018.05.30 11:26:17.322,1.26703,1.26707,1.70,1.00
2018.05.30 11:26:17.374,1.26703,1.26707,1.39,1.13
2018.05.30 11:26:17.579,1.26703,1.26705,1.01,1.00
2018.05.30 11:26:18.073,1.267,1.26703,4.20,1.00
2018.05.30 11:26:18.333,1.26697,1.26701,1.57,1.25
2018.05.30 11:26:18.823,1.26696,1.26701,2.14,1.63
2018.05.30 11:26:19.335,1.26697,1.26701,1.07,1.63
2018.05.30 11:26:19.651,1.26697,1.26702,2.14,1.00
2018.05.30 11:26:19.703,1.26699,1.26704,2.25,1.00
2018.05.30 11:26:19.859,1.26702,1.26707,1.10,1.25
2018.05.30 11:26:20.382,1.267,1.26704,3.45,1.35
2018.05.30 11:26:20.638,1.26693,1.26697,1.57,1.25
2018.05.30 11:26:21.170,1.26692,1.26697,1.01,1.00
2018.05.30 11:26:21.586,1.26693,1.26699,1.85,1.87
2018.05.30 11:26:21.857,1.26692,1.26697,1.20,1.00
2018.05.30 11:26:22.394,1.26691,1.26697,2.89,1.12
2018.05.30 11:26:22.956,1.26694,1.26699,1.00,1.50
2018.05.30 11:26:23.268,1.26695,1.26701,1.57,1.00
2018.05.30 11:26:23.926,1.26696,1.26701,1.45,1.00
2018.05.30 11:26:24.539,1.26696,1.267,1.95,1.69
2018.05.30 11:26:24.834,1.26694,1.26699,2.14,2.81
2018.05.30 11:26:24.886,1.26693,1.26699,1.20,2.44
2018.05.30 11:26:25.405,1.26693,1.26697,1.07,1.00
2018.05.30 11:26:26.100,1.26692,1.26697,1.95,1.00
2018.05.30 11:26:27.867,1.26694,1.267,1.00,4.50
2018.05.30 11:26:27.971,1.26696,1.26701,1.10,1.87
2018.05.30 11:26:28.542,1.26696,1.26701,1.20,1.50
2018.05.30 11:26:28.854,1.26691,1.26697,2.14,1.31
2018.05.30 11:26:29.543,1.26691,1.26697,2.14,1.31
2018.05.30 11:26:29.751,1.26694,1.267,1.00,3.45
2018.05.30 11:26:29.803,1.26694,1.267,1.85,1.00
2018.05.30 11:26:29.959,1.26696,1.26702,1.45,1.13
2018.05.30 11:26:30.064,1.26696,1.267,1.45,1.00
2018.05.30 11:26:30.375,1.26693,1.26697,2.14,1.00
2018.05.30 11:26:30.529,1.26691,1.26697,1.64,1.63
2018.05.30 11:26:30.633,1.2669,1.26691,1.20,1.00
2018.05.30 11:26:30.840,1.26686,1.2669,1.32,1.00
2018.05.30 11:26:31.024,1.26683,1.26689,3.26,1.25
2018.05.30 11:26:31.180,1.26683,1.26686,1.32,1.00
2018.05.30 11:26:31.283,1.2668,1.26685,1.76,1.00
2018.05.30 11:26:31.335,1.2668,1.26683,1.45,1.00
2018.05.30 11:26:31.387,1.26677,1.26683,3.26,1.25
2018.05.30 11:26:31.955,1.26678,1.26683,1.25,1.44
2018.05.30 11:26:32.472,1.26678,1.26683,1.25,1.25
2018.05.30 11:26:33.046,1.26678,1.26682,1.12,1.25
2018.05.30 11:26:33.362,1.26678,1.26685,1.00,1.95
2018.05.30 11:26:33.765,1.26679,1.26685,3.19,1.25
2018.05.30 11:26:33.971,1.26682,1.26689,3.00,2.63
2018.05.30 11:26:34.075,1.26683,1.26689,2.81,1.00
2018.05.30 11:26:34.735,1.26683,1.26688,1.76,1.00
2018.05.30 11:26:34.942,1.2668,1.26687,1.76,1.69
2018.05.30 11:26:35.035,1.26679,1.26685,2.51,1.00
2018.05.30 11:26:35.454,1.26682,1.26687,1.00,1.01
2018.05.30 11:26:35.797,1.26687,1.26693,1.31,1.87
2018.05.30 11:26:36.105,1.26687,1.2669,1.57,1.00
2018.05.30 11:26:36.261,1.26684,1.2669,3.19,2.06
2018.05.30 11:26:37.054,1.26683,1.2669,2.06,2.81
2018.05.30 11:26:37.947,1.26683,1.26689,2.06,1.00
2018.05.30 11:26:38.760,1.26683,1.2669,2.06,4.39
2018.05.30 11:26:39.126,1.26681,1.26688,3.64,1.31
2018.05.30 11:26:39.644,1.26679,1.26685,2.04,1.25
2018.05.30 11:26:40.190,1.26678,1.26684,3.64,1.12
2018.05.30 11:26:40.695,1.26678,1.26684,4.76,1.12
2018.05.30 11:26:41.033,1.26677,1.26682,2.51,1.25
2018.05.30 11:26:41.190,1.26675,1.26681,1.39,1.31
2018.05.30 11:26:41.501,1.26677,1.26684,1.19,1.76
2018.05.30 11:26:42.026,1.26679,1.26685,2.70,1.00
2018.05.30 11:26:42.333,1.26685,1.26691,1.50,1.12
2018.05.30 11:26:42.570,1.26688,1.26693,1.00,1.12
2018.05.30 11:26:43.341,1.26688,1.26693,1.00,1.19
2018.05.30 11:26:43.843,1.26686,1.26692,1.39,1.12
2018.05.30 11:26:44.456,1.26685,1.26692,2.51,1.50
2018.05.30 11:26:44.758,1.26683,1.26689,2.89,1.12
2018.05.30 11:26:44.936,1.2668,1.26686,1.95,1.88
2018.05.30 11:26:44.988,1.2668,1.26686,1.20,2.81
2018.05.30 11:26:46.105,1.26681,1.26685,1.00,1.50
2018.05.30 11:26:46.688,1.26681,1.26686,1.00,1.95
2018.05.30 11:26:47.160,1.26682,1.26688,1.12,1.12
2018.05.30 11:26:48.415,1.26682,1.26687,1.25,1.13
2018.05.30 11:26:48.982,1.26681,1.26687,1.00,1.39
2018.05.30 11:26:50.053,1.26681,1.26687,1.00,2.14
2018.05.30 11:26:50.265,1.26683,1.2669,1.00,4.20
2018.05.30 11:26:50.370,1.26685,1.2669,1.31,1.50
2018.05.30 11:26:50.679,1.26686,1.26691,1.50,1.00
2018.05.30 11:26:51.363,1.26686,1.26689,1.57,1.00
2018.05.30 11:26:51.416,1.26684,1.26688,1.32,1.00
2018.05.30 11:26:51.520,1.26683,1.26687,1.00,1.00
2018.05.30 11:26:52.068,1.26682,1.26688,1.00,2.51
2018.05.30 11:26:52.569,1.2668,1.26687,4.01,1.20
2018.05.30 11:26:53.354,1.2668,1.26687,4.01,2.51
2018.05.30 11:26:53.865,1.2668,1.26687,4.01,1.39
2018.05.30 11:26:54.398,1.26682,1.26688,1.12,3.64
2018.05.30 11:26:54.566,1.26684,1.2669,1.69,1.00
2018.05.30 11:26:55.091,1.26686,1.26693,2.25,1.01
2018.05.30 11:26:55.203,1.26688,1.26694,1.25,1.57
2018.05.30 11:26:55.514,1.26689,1.26696,2.14,3.08
2018.05.30 11:26:55.822,1.26692,1.26697,1.00,1.00
2018.05.30 11:26:56.525,1.26692,1.26696,1.00,1.44
2018.05.30 11:26:56.628,1.26692,1.26697,1.50,1.10
2018.05.30 11:26:57.162,1.26692,1.26698,1.76,1.00
2018.05.30 11:26:58.770,1.26693,1.26699,1.25,1.50
2018.05.30 11:26:58.978,1.26695,1.26699,1.00,1.50
2018.05.30 11:26:59.656,1.26695,1.26698,1.00,1.00
2018.05.30 11:27:00.197,1.26692,1.26697,4.01,1.00
2018.05.30 11:27:00.742,1.26694,1.26698,1.00,1.00
2018.05.30 11:27:01.888,1.26694,1.26699,1.25,2.25
2018.05.30 11:27:02.349,1.26693,1.26695,1.10,1.25
2018.05.30 11:27:02.402,1.2669,1.26694,1.57,1.50
2018.05.30 11:27:02.455,1.26689,1.26693,1.25,2.06
2018.05.30 11:27:02.610,1.26686,1.26692,2.89,1.88
2018.05.30 11:27:02.827,1.26685,1.26688,2.44,1.00
2018.05.30 11:27:03.086,1.26677,1.26681,1.10,1.00
2018.05.30 11:27:03.191,1.26677,1.26682,2.51,1.00
2018.05.30 11:27:03.506,1.26675,1.2668,1.20,1.00
2018.05.30 11:27:03.662,1.26674,1.26677,1.76,1.00
2018.05.30 11:27:03.823,1.26675,1.2668,1.39,1.00
2018.05.30 11:27:04.212,1.26677,1.26682,3.64,1.00
2018.05.30 11:27:04.879,1.26678,1.26683,2.14,1.00
2018.05.30 11:27:05.293,1.26678,1.26683,3.83,1.00
2018.05.30 11:27:05.821,1.26678,1.26684,3.64,1.50
2018.05.30 11:27:06.361,1.26678,1.26683,2.51,1.00
2018.05.30 11:27:06.862,1.26678,1.26683,1.39,1.12
2018.05.30 11:27:07.625,1.26678,1.26685,1.39,3.26
2018.05.30 11:27:08.143,1.26678,1.26683,1.39,1.69
2018.05.30 11:27:08.546,1.2668,1.26685,1.01,2.25
2018.05.30 11:27:09.065,1.26679,1.26684,2.81,1.00
2018.05.30 11:27:09.183,1.26681,1.26683,1.25,1.00
2018.05.30 11:27:09.237,1.26683,1.26686,1.00,1.50
2018.05.30 11:27:09.386,1.26684,1.2669,1.19,2.70
2018.05.30 11:27:09.644,1.26683,1.2669,3.07,2.70
2018.05.30 11:27:10.220,1.26683,1.26689,4.20,1.25
2018.05.30 11:27:10.742,1.26683,1.26689,5.70,1.25
2018.05.30 11:27:11.187,1.26685,1.26691,1.39,1.50
2018.05.30 11:27:11.316,1.26687,1.26691,1.00,1.25
2018.05.30 11:27:11.632,1.26684,1.26687,2.44,1.00
2018.05.30 11:27:11.737,1.26684,1.26688,2.44,1.00
2018.05.30 11:27:12.230,1.26681,1.26686,3.64,1.00
2018.05.30 11:27:12.543,1.26677,1.26682,2.32,1.00
2018.05.30 11:27:12.748,1.26677,1.26681,2.51,1.00
2018.05.30 11:27:12.998,1.26678,1.2668,1.00,1.00
2018.05.30 11:27:13.052,1.26679,1.26682,1.00,1.00
2018.05.30 11:27:13.589,1.26679,1.26682,1.19,1.00
2018.05.30 11:27:13.876,1.26683,1.26684,1.00,1.00
2018.05.30 11:27:13.930,1.26683,1.26686,1.25,1.10
2018.05.30 11:27:14.034,1.26684,1.26688,1.00,1.00
2018.05.30 11:27:14.245,1.26686,1.26691,1.00,1.39
2018.05.30 11:27:14.297,1.26686,1.26691,1.50,1.10
2018.05.30 11:27:14.695,1.26684,1.26689,1.39,1.87
2018.05.30 11:27:14.852,1.26682,1.26688,1.57,1.00
2018.05.30 11:27:14.955,1.26682,1.26686,1.57,1.00
2018.05.30 11:27:15.483,1.26682,1.26685,1.00,1.00
2018.05.30 11:27:16.713,1.26682,1.26684,1.00,1.00
2018.05.30 11:27:17.021,1.2668,1.26684,1.25,1.00
2018.05.30 11:27:18.160,1.26679,1.26684,1.00,1.95
2018.05.30 11:27:18.211,1.26676,1.26681,1.76,1.12
2018.05.30 11:27:18.314,1.26676,1.26681,1.25,2.14
2018.05.30 11:27:18.462,1.26675,1.26678,1.31,1.00
2018.05.30 11:27:18.982,1.26674,1.26677,4.69,1.00
2018.05.30 11:27:19.345,1.26673,1.26677,1.25,1.00
2018.05.30 11:27:19.666,1.26673,1.26675,1.25,1.00
2018.05.30 11:27:19.881,1.2667,1.26674,1.07,1.00
2018.05.30 11:27:19.934,1.26669,1.26672,1.07,1.00
2018.05.30 11:27:19.987,1.26668,1.26672,1.76,1.00
2018.05.30 11:27:20.495,1.2667,1.26672,1.25,1.00
2018.05.30 11:27:20.547,1.2667,1.26673,1.25,1.00
2018.05.30 11:27:20.701,1.26668,1.26672,3.82,1.00
2018.05.30 11:27:21.009,1.2667,1.26676,1.50,3.45
2018.05.30 11:27:21.061,1.26671,1.26675,1.44,1.00
2018.05.30 11:27:22.260,1.26672,1.26676,1.25,1.12
2018.05.30 11:27:22.812,1.26673,1.26676,1.00,1.00
2018.05.30 11:27:23.120,1.26671,1.26674,1.39,1.00
2018.05.30 11:27:23.671,1.2667,1.26675,4.12,1.50
2018.05.30 11:27:24.200,1.26671,1.26676,1.31,1.00
2018.05.30 11:27:24.680,1.26674,1.26677,1.25,1.00
2018.05.30 11:27:25.216,1.26672,1.26676,2.14,1.00
2018.05.30 11:27:25.718,1.26672,1.26677,2.89,1.00
2018.05.30 11:27:26.259,1.26675,1.26677,1.00,1.00
2018.05.30 11:27:27.718,1.26673,1.26675,1.50,1.00
2018.05.30 11:27:28.027,1.2667,1.26673,3.94,1.00
2018.05.30 11:27:28.560,1.2667,1.26673,3.19,1.00
2018.05.30 11:27:28.663,1.2667,1.26673,1.31,1.00
2018.05.30 11:27:28.873,1.2667,1.26675,2.06,1.50
2018.05.30 11:27:29.425,1.26671,1.26674,1.25,1.00
2018.05.30 11:27:30.012,1.2667,1.26674,2.06,1.00
2018.05.30 11:27:30.643,1.2667,1.26673,2.06,1.00
2018.05.30 11:27:31.261,1.2667,1.26674,1.69,1.00
2018.05.30 11:27:31.364,1.2667,1.26672,1.25,1.00
2018.05.30 11:27:31.779,1.2667,1.26674,1.25,1.00
2018.05.30 11:27:32.081,1.26669,1.26671,1.31,1.00
2018.05.30 11:27:32.234,1.26669,1.26673,1.50,1.00
2018.05.30 11:27:32.644,1.26672,1.26674,1.00,1.00
2018.05.30 11:27:32.822,1.26674,1.26677,1.25,1.12
2018.05.30 11:27:33.717,1.26672,1.26678,2.44,1.76
2018.05.30 11:27:34.084,1.26669,1.26676,2.32,2.44
2018.05.30 11:27:34.677,1.26669,1.26674,1.10,1.00
2018.05.30 11:27:35.194,1.26668,1.26675,1.50,1.50
2018.05.30 11:27:35.245,1.26668,1.26673,1.69,1.00
2018.05.30 11:27:35.777,1.26668,1.26675,1.69,2.25
2018.05.30 11:27:36.189,1.26669,1.26673,1.25,1.00
2018.05.30 11:27:36.876,1.26669,1.26674,1.01,1.00
2018.05.30 11:27:37.030,1.2667,1.26676,1.00,4.57
2018.05.30 11:27:37.532,1.2667,1.26676,1.00,4.69
2018.05.30 11:27:37.854,1.26673,1.26677,1.00,2.25
2018.05.30 11:27:38.114,1.26677,1.2668,1.00,1.00
2018.05.30 11:27:38.644,1.26677,1.26681,1.00,1.00
2018.05.30 11:27:38.906,1.2668,1.26681,1.00,1.00
2018.05.30 11:27:39.136,1.26676,1.26681,1.10,1.13
2018.05.30 11:27:39.189,1.26678,1.26681,1.00,1.00
2018.05.30 11:27:40.154,1.26679,1.26681,1.13,1.00
2018.05.30 11:27:41.630,1.2668,1.26685,1.50,2.25
2018.05.30 11:27:41.733,1.26679,1.26684,1.00,1.19
2018.05.30 11:27:42.042,1.26679,1.26682,1.00,2.44
2018.05.30 11:27:42.566,1.26679,1.26682,1.00,1.50
2018.05.30 11:27:43.840,1.26681,1.26685,1.00,2.32
2018.05.30 11:27:43.894,1.26684,1.26686,1.00,1.20
2018.05.30 11:27:44.000,1.26686,1.26688,1.00,1.00
2018.05.30 11:27:44.054,1.26688,1.26692,1.00,2.70
2018.05.30 11:27:44.346,1.26689,1.26694,1.00,2.62
2018.05.30 11:27:44.917,1.26688,1.26694,1.25,3.07
2018.05.30 11:27:45.110,1.26683,1.26689,2.44,1.69
2018.05.30 11:27:45.622,1.26683,1.26688,1.50,1.50
2018.05.30 11:27:45.946,1.26685,1.2669,1.44,1.10
2018.05.30 11:27:46.355,1.26683,1.2669,3.64,1.87
2018.05.30 11:27:46.893,1.26683,1.26689,1.57,1.69
2018.05.30 11:27:48.244,1.26683,1.26689,1.10,1.87
2018.05.30 11:27:48.296,1.26685,1.26689,1.00,1.12
2018.05.30 11:27:48.606,1.26688,1.26692,1.00,1.00
2018.05.30 11:27:48.950,1.26686,1.26692,1.57,1.13
2018.05.30 11:27:49.463,1.26687,1.26692,1.00,1.69
2018.05.30 11:27:49.670,1.26686,1.2669,1.00,1.25
2018.05.30 11:27:49.991,1.26683,1.26688,1.50,1.25
2018.05.30 11:27:50.150,1.26681,1.26686,1.57,1.00
2018.05.30 11:27:50.462,1.26677,1.26683,1.50,2.06
2018.05.30 11:27:50.688,1.26676,1.26681,1.10,1.69
2018.05.30 11:27:51.095,1.26678,1.26683,1.00,1.87
2018.05.30 11:27:51.636,1.26679,1.26683,1.00,1.12
2018.05.30 11:27:52.334,1.26681,1.26686,1.25,2.70
2018.05.30 11:27:52.847,1.2668,1.26686,1.13,2.70
2018.05.30 11:27:53.055,1.26682,1.26686,1.00,1.95
2018.05.30 11:27:53.213,1.26685,1.2669,1.00,2.32
2018.05.30 11:27:53.764,1.26686,1.26691,1.00,3.75
2018.05.30 11:27:54.027,1.26691,1.26695,1.00,9.82
2018.05.30 11:27:54.133,1.26692,1.26696,1.25,1.00
2018.05.30 11:27:54.290,1.26692,1.26696,1.00,2.25
2018.05.30 11:27:54.381,1.2669,1.26695,1.01,1.37
2018.05.30 11:27:54.903,1.26689,1.26694,1.13,2.06
2018.05.30 11:27:55.410,1.26687,1.26694,2.70,2.06
2018.05.30 11:27:55.946,1.26688,1.26693,1.00,1.12
2018.05.30 11:27:56.155,1.26689,1.26695,1.38,3.07
2018.05.30 11:27:56.396,1.26699,1.26704,1.44,1.10
2018.05.30 11:27:56.500,1.26698,1.26703,1.25,1.00
2018.05.30 11:27:57.726,1.26698,1.26703,1.48,1.12
2018.05.30 11:27:57.830,1.26703,1.26707,1.50,1.76
2018.05.30 11:27:57.882,1.26705,1.2671,1.00,1.95
2018.05.30 11:27:57.985,1.26711,1.26714,1.00,1.62
2018.05.30 11:27:58.077,1.26713,1.26717,1.00,1.70
2018.05.30 11:27:58.129,1.26715,1.26718,1.00,1.07
2018.05.30 11:27:58.180,1.26713,1.26718,1.69,1.10
2018.05.30 11:27:58.710,1.26714,1.26718,1.25,1.12
2018.05.30 11:27:58.954,1.26716,1.26721,1.00,3.45
2018.05.30 11:27:59.213,1.26714,1.26719,1.95,1.12
2018.05.30 11:27:59.796,1.26715,1.26718,1.00,1.00
2018.05.30 11:27:59.849,1.26713,1.26717,1.57,1.00
2018.05.30 11:28:00.420,1.26712,1.26715,1.50,1.00
2018.05.30 11:28:00.861,1.2671,1.26716,1.57,2.06
2018.05.30 11:28:00.965,1.26712,1.26716,1.00,1.87
2018.05.30 11:28:01.450,1.26713,1.26718,1.00,1.00
2018.05.30 11:28:01.787,1.26715,1.26717,1.00,1.00
2018.05.30 11:28:01.890,1.26712,1.26717,2.25,1.00
2018.05.30 11:28:02.404,1.26713,1.26717,1.00,1.00
2018.05.30 11:28:03.256,1.26713,1.26716,1.00,1.00
2018.05.30 11:28:03.796,1.26712,1.26716,1.00,1.00
2018.05.30 11:28:04.341,1.26713,1.26717,1.00,1.00
2018.05.30 11:28:04.759,1.26715,1.26718,1.00,1.00
2018.05.30 11:28:05.162,1.26718,1.26721,1.00,1.57
2018.05.30 11:28:05.429,1.2672,1.26722,1.00,1.50
2018.05.30 11:28:05.586,1.2672,1.26725,1.00,1.95
2018.05.30 11:28:05.809,1.26724,1.26727,1.00,1.69
2018.05.30 11:28:06.322,1.26724,1.26727,1.00,2.06
2018.05.30 11:28:06.869,1.26724,1.26726,1.00,1.19
2018.05.30 11:28:07.146,1.26723,1.26726,1.00,1.25
2018.05.30 11:28:07.467,1.2672,1.26723,2.32,1.00
2018.05.30 11:28:07.732,1.26718,1.26722,1.00,1.25
2018.05.30 11:28:08.278,1.26717,1.26721,1.00,1.00
2018.05.30 11:28:08.330,1.26719,1.26722,1.00,1.12
2018.05.30 11:28:08.684,1.26717,1.26721,1.00,1.00
2018.05.30 11:28:09.203,1.26716,1.2672,1.00,1.00
2018.05.30 11:28:09.440,1.26717,1.26718,1.00,1.00
2018.05.30 11:28:09.544,1.26714,1.26717,1.00,1.00
2018.05.30 11:28:10.135,1.26713,1.26717,1.00,1.50
2018.05.30 11:28:10.409,1.26712,1.26715,1.00,1.00
2018.05.30 11:28:10.513,1.2671,1.26715,1.57,1.12
2018.05.30 11:28:11.029,1.26711,1.26714,1.00,1.12
2018.05.30 11:28:11.081,1.26709,1.26714,1.57,1.12
2018.05.30 11:28:11.362,1.26707,1.26711,2.32,1.00
2018.05.30 11:28:11.881,1.26708,1.26712,1.00,1.50
2018.05.30 11:28:12.036,1.26712,1.26716,1.25,1.10
2018.05.30 11:28:12.198,1.26716,1.26719,1.00,2.32
2018.05.30 11:28:12.510,1.26719,1.26722,1.00,2.25
2018.05.30 11:28:12.903,1.26718,1.26722,1.00,1.50
2018.05.30 11:28:13.485,1.26717,1.26722,1.00,1.69
2018.05.30 11:28:13.537,1.26717,1.26722,1.00,1.75
2018.05.30 11:28:14.460,1.26718,1.26722,1.00,2.00
2018.05.30 11:28:15.833,1.26717,1.26722,1.00,1.50
2018.05.30 11:28:16.388,1.26718,1.26722,1.00,1.50
2018.05.30 11:28:17.908,1.26717,1.26721,1.00,1.12
2018.05.30 11:28:18.423,1.26716,1.26721,1.57,1.50
2018.05.30 11:28:21.737,1.26717,1.2672,1.00,1.00
2018.05.30 11:28:22.288,1.26716,1.2672,1.00,1.00
2018.05.30 11:28:22.443,1.26713,1.26719,1.95,1.00
2018.05.30 11:28:22.974,1.26714,1.26716,1.00,1.87
2018.05.30 11:28:23.027,1.26711,1.26716,1.57,2.06
2018.05.30 11:28:23.183,1.26709,1.26715,1.20,1.50
2018.05.30 11:28:23.237,1.26707,1.26713,1.95,1.56
2018.05.30 11:28:23.780,1.26707,1.26713,1.57,2.25
2018.05.30 11:28:24.120,1.26707,1.26711,1.00,2.25
2018.05.30 11:28:24.638,1.26707,1.26713,1.00,3.45
2018.05.30 11:28:25.221,1.26706,1.26711,2.32,1.00
2018.05.30 11:28:26.129,1.26707,1.26713,1.00,3.82
2018.05.30 11:28:26.376,1.26709,1.26714,1.00,2.25
2018.05.30 11:28:26.689,1.26713,1.26717,1.00,1.00
2018.05.30 11:28:27.500,1.26712,1.26717,1.00,1.50
2018.05.30 11:28:28.011,1.26713,1.26717,1.00,1.31
2018.05.30 11:28:28.943,1.26714,1.26719,1.00,1.57
2018.05.30 11:28:29.458,1.26715,1.26719,1.00,1.57
2018.05.30 11:28:29.821,1.26713,1.26719,1.50,1.57
2018.05.30 11:28:29.926,1.26713,1.26719,1.50,1.10
2018.05.30 11:28:30.518,1.26714,1.26719,1.00,1.10
2018.05.30 11:28:30.829,1.26716,1.2672,1.00,1.50
2018.05.30 11:28:31.377,1.26714,1.2672,1.00,1.95
2018.05.30 11:28:31.978,1.26715,1.26719,1.50,1.00
2018.05.30 11:28:32.326,1.26717,1.26721,1.00,2.25
2018.05.30 11:28:32.860,1.26718,1.26722,1.00,1.00
2018.05.30 11:28:33.384,1.26717,1.26722,1.50,1.87
2018.05.30 11:28:33.896,1.26718,1.26722,1.00,1.50
2018.05.30 11:28:34.309,1.2672,1.26722,1.50,1.87
2018.05.30 11:28:34.637,1.26722,1.26723,1.50,1.00
2018.05.30 11:28:35.360,1.26722,1.26724,1.00,2.25
2018.05.30 11:28:35.876,1.2672,1.26723,1.00,1.00
2018.05.30 11:28:36.420,1.26719,1.26723,1.00,4.20
2018.05.30 11:28:37.023,1.26718,1.26723,1.00,3.45
2018.05.30 11:28:37.283,1.26716,1.2672,1.10,1.00
2018.05.30 11:28:37.437,1.26713,1.26718,1.57,1.00
2018.05.30 11:28:37.539,1.26716,1.2672,1.00,1.37
2018.05.30 11:28:38.325,1.26717,1.26722,1.00,3.82
2018.05.30 11:28:38.428,1.26717,1.26722,1.00,2.70
2018.05.30 11:28:39.074,1.26717,1.2672,1.00,1.50
2018.05.30 11:28:39.131,1.26714,1.2672,2.32,1.69
2018.05.30 11:28:39.456,1.26715,1.26718,1.00,1.00
2018.05.30 11:28:39.508,1.26712,1.26718,1.39,1.12
2018.05.30 11:28:39.560,1.26712,1.26716,1.20,1.00
2018.05.30 11:28:39.663,1.26711,1.26715,1.87,1.12
2018.05.30 11:28:40.101,1.26709,1.26714,1.57,1.00
2018.05.30 11:28:40.616,1.26708,1.26713,2.25,1.50
2018.05.30 11:28:41.304,1.26709,1.26715,1.00,2.70
2018.05.30 11:28:41.813,1.2671,1.26715,1.00,2.06
2018.05.30 11:28:42.276,1.26708,1.26714,1.57,1.87
2018.05.30 11:28:42.533,1.26711,1.26715,1.00,2.62
2018.05.30 11:28:42.585,1.26708,1.26714,2.32,1.50
2018.05.30 11:28:43.095,1.26708,1.26713,1.00,1.00
2018.05.30 11:28:43.470,1.26707,1.26712,1.10,1.37
2018.05.30 11:28:43.731,1.26701,1.26707,3.82,1.00
2018.05.30 11:28:44.256,1.26701,1.26707,2.32,1.00
2018.05.30 11:28:44.722,1.26703,1.26708,1.00,1.95
2018.05.30 11:28:45.239,1.26702,1.26707,2.44,1.00
2018.05.30 11:28:45.586,1.26706,1.26711,1.50,1.00
2018.05.30 11:28:46.427,1.26705,1.26711,1.76,2.44
2018.05.30 11:28:46.980,1.26706,1.26711,1.00,2.81
2018.05.30 11:28:47.872,1.26706,1.2671,1.00,1.00
2018.05.30 11:28:47.978,1.26704,1.26709,1.57,1.00
2018.05.30 11:28:48.445,1.26702,1.26708,2.32,1.00
2018.05.30 11:28:48.571,1.26705,1.26709,1.00,1.00
2018.05.30 11:28:49.194,1.26703,1.26709,1.07,1.00
2018.05.30 11:28:49.497,1.26699,1.26704,1.00,1.12
2018.05.30 11:28:49.810,1.26701,1.26706,1.00,1.12
2018.05.30 11:28:50.265,1.26704,1.26708,1.00,1.85
2018.05.30 11:28:50.536,1.26707,1.26712,1.69,1.00
2018.05.30 11:28:50.590,1.2671,1.26714,1.00,1.57
2018.05.30 11:28:50.749,1.26713,1.26718,1.00,2.29
2018.05.30 11:28:51.286,1.26712,1.26716,1.10,1.00
2018.05.30 11:28:51.542,1.2671,1.26715,1.10,1.69
2018.05.30 11:28:51.883,1.26711,1.26717,1.20,1.50
2018.05.30 11:28:52.399,1.26711,1.26717,4.20,1.00
2018.05.30 11:28:52.503,1.26711,1.26716,1.00,1.50
2018.05.30 11:28:53.004,1.2671,1.26715,1.00,1.12
2018.05.30 11:28:53.513,1.26709,1.26715,1.95,1.12
2018.05.30 11:28:53.618,1.26708,1.26713,1.57,2.25
2018.05.30 11:28:53.815,1.26707,1.26713,1.50,1.00
2018.05.30 11:28:54.228,1.26706,1.26712,1.50,1.44
2018.05.30 11:28:54.764,1.26707,1.26712,1.50,1.87
2018.05.30 11:28:55.777,1.26705,1.26712,3.26,1.50
2018.05.30 11:28:56.292,1.26707,1.26712,1.00,3.00
2018.05.30 11:28:56.496,1.26705,1.26712,1.95,3.07
2018.05.30 11:28:56.709,1.26704,1.26708,2.32,1.00
2018.05.30 11:28:56.761,1.26703,1.26708,1.10,1.00
2018.05.30 11:28:57.018,1.26701,1.26706,2.70,1.00
2018.05.30 11:28:57.608,1.26701,1.26706,2.25,1.00
2018.05.30 11:28:58.270,1.26701,1.26706,1.31,1.00
2018.05.30 11:28:58.589,1.26704,1.26708,1.00,1.00
2018.05.30 11:28:58.746,1.26702,1.26708,1.76,1.00
2018.05.30 11:29:00.661,1.26701,1.26707,2.14,1.00
2018.05.30 11:29:01.672,1.26701,1.26708,1.76,1.57
2018.05.30 11:29:02.230,1.26702,1.26708,1.00,1.57
2018.05.30 11:29:02.500,1.26701,1.26706,1.10,1.00
2018.05.30 11:29:03.015,1.26701,1.26707,1.50,2.32
2018.05.30 11:29:03.323,1.26702,1.26707,1.87,1.00
2018.05.30 11:29:03.631,1.26705,1.26709,1.00,1.00
2018.05.30 11:29:03.939,1.2671,1.26715,1.87,1.10
2018.05.30 11:29:04.452,1.2671,1.26716,3.82,1.00
2018.05.30 11:29:05.049,1.26714,1.26718,1.00,1.50
2018.05.30 11:29:05.365,1.26717,1.26722,3.19,1.50
2018.05.30 11:29:05.468,1.26719,1.26722,1.00,1.00
2018.05.30 11:29:06.058,1.26718,1.26722,1.12,1.50
2018.05.30 11:29:06.714,1.26717,1.26723,3.64,1.00
2018.05.30 11:29:07.282,1.26718,1.26722,2.89,1.00
2018.05.30 11:29:07.789,1.26718,1.26723,1.87,1.50
2018.05.30 11:29:08.309,1.26718,1.26724,2.89,3.00
2018.05.30 11:29:08.983,1.26719,1.26724,1.00,3.00
2018.05.30 11:29:09.292,1.26722,1.26723,1.00,1.00
2018.05.30 11:29:09.815,1.26721,1.26724,1.50,1.50
2018.05.30 11:29:10.330,1.26722,1.26723,1.00,1.00
2018.05.30 11:29:10.875,1.26722,1.26724,1.00,1.50
2018.05.30 11:29:11.384,1.26722,1.26723,1.00,1.00
2018.05.30 11:29:11.487,1.2672,1.26723,1.00,1.00
2018.05.30 11:29:12.000,1.2672,1.26724,1.00,1.50
2018.05.30 11:29:12.569,1.2672,1.26723,1.50,1.50
2018.05.30 11:29:12.825,1.26718,1.26721,2.62,1.00
2018.05.30 11:29:12.928,1.26718,1.26723,1.12,1.50
2018.05.30 11:29:12.979,1.2672,1.26722,1.00,1.00
2018.05.30 11:29:13.082,1.26718,1.26722,3.37,1.00
2018.05.30 11:29:13.236,1.26715,1.26717,1.20,1.00
2018.05.30 11:29:13.442,1.2671,1.26712,1.00,1.00
2018.05.30 11:29:13.546,1.26707,1.2671,1.69,1.50
2018.05.30 11:29:13.808,1.26707,1.26712,4.88,1.57
2018.05.30 11:29:14.519,1.26707,1.26712,3.00,2.06
2018.05.30 11:29:14.678,1.26706,1.2671,1.00,1.69
2018.05.30 11:29:14.784,1.26703,1.26708,1.20,1.12
2018.05.30 11:29:14.888,1.26704,1.26706,1.00,1.00
2018.05.30 11:29:15.013,1.26702,1.26706,1.00,1.12
2018.05.30 11:29:15.218,1.26701,1.26704,1.00,1.00
2018.05.30 11:29:15.729,1.267,1.26705,1.12,1.69
2018.05.30 11:29:16.061,1.26697,1.26704,1.95,2.89
2018.05.30 11:29:16.218,1.26696,1.267,2.32,1.00
2018.05.30 11:29:16.474,1.26697,1.26702,1.12,1.25
2018.05.30 11:29:18.099,1.26697,1.26701,1.12,1.00
2018.05.30 11:29:18.510,1.26695,1.26697,1.00,1.00
2018.05.30 11:29:18.813,1.2669,1.26694,1.95,1.00
2018.05.30 11:29:18.865,1.2669,1.26692,1.00,1.00
2018.05.30 11:29:18.917,1.26687,1.26692,2.32,1.00
2018.05.30 11:29:19.690,1.26687,1.26692,2.06,1.25
2018.05.30 11:29:19.795,1.2669,1.26694,1.00,2.32
2018.05.30 11:29:19.899,1.2669,1.26696,3.00,1.39
2018.05.30 11:29:20.436,1.2669,1.26695,1.50,1.13
2018.05.30 11:29:20.487,1.2669,1.26693,1.50,1.00
2018.05.30 11:29:20.624,1.2669,1.26695,2.25,1.25
2018.05.30 11:29:21.293,1.26691,1.26695,1.00,1.00
2018.05.30 11:29:21.813,1.2669,1.26695,1.50,1.88
2018.05.30 11:29:22.402,1.26689,1.26694,1.50,2.44
2018.05.30 11:29:23.145,1.26687,1.26692,1.87,1.12
2018.05.30 11:29:23.302,1.26687,1.26691,1.12,2.06
2018.05.30 11:29:23.405,1.26687,1.26692,1.87,1.57
2018.05.30 11:29:23.767,1.26684,1.2669,2.14,1.31
2018.05.30 11:29:23.932,1.26684,1.26688,1.20,1.50
2018.05.30 11:29:23.986,1.26685,1.2669,1.00,2.14
2018.05.30 11:29:24.521,1.26684,1.26689,1.12,1.00
2018.05.30 11:29:24.624,1.26687,1.26692,1.00,2.32
2018.05.30 11:29:25.009,1.26688,1.26692,1.00,1.12
2018.05.30 11:29:25.219,1.2669,1.26693,1.00,1.50
2018.05.30 11:29:25.428,1.2669,1.26694,1.00,1.50
2018.05.30 11:29:25.587,1.26689,1.26692,1.00,1.00
2018.05.30 11:29:25.880,1.26686,1.26691,3.00,1.12
2018.05.30 11:29:26.186,1.26685,1.26689,1.20,1.00
2018.05.30 11:29:26.340,1.26686,1.26691,1.50,1.31
2018.05.30 11:29:26.853,1.26687,1.2669,1.00,1.00
2018.05.30 11:29:27.555,1.26686,1.26689,1.00,1.00
2018.05.30 11:29:27.608,1.26686,1.26688,1.00,1.31
2018.05.30 11:29:27.661,1.26685,1.26687,1.10,1.00
2018.05.30 11:29:28.176,1.26686,1.26689,1.00,1.50
2018.05.30 11:29:28.871,1.26685,1.26689,1.50,1.50
2018.05.30 11:29:29.265,1.26686,1.2669,1.00,1.31
2018.05.30 11:29:29.912,1.26687,1.26691,1.00,2.14
2018.05.30 11:29:29.964,1.26685,1.26691,1.50,2.14
2018.05.30 11:29:30.222,1.26688,1.26691,1.00,1.00
2018.05.30 11:29:30.585,1.26686,1.26691,1.00,1.31
2018.05.30 11:29:30.637,1.26686,1.26689,1.00,1.00
2018.05.30 11:29:30.903,1.26684,1.26689,1.12,1.00
2018.05.30 11:29:31.897,1.26682,1.26689,1.10,1.39
2018.05.30 11:29:32.003,1.26682,1.26688,1.00,1.01
2018.05.30 11:29:32.108,1.2668,1.26685,1.00,1.12
2018.05.30 11:29:32.213,1.26679,1.26685,1.20,2.63
2018.05.30 11:29:33.576,1.26681,1.26683,1.00,1.00
2018.05.30 11:29:33.683,1.26681,1.26686,1.00,1.25
2018.05.30 11:29:33.856,1.26677,1.26683,3.07,1.12
2018.05.30 11:29:34.341,1.26676,1.26683,3.07,1.50
2018.05.30 11:29:34.851,1.26676,1.26683,2.32,1.76
2018.05.30 11:29:34.914,1.26674,1.2668,1.07,1.00
2018.05.30 11:29:35.018,1.26671,1.26677,1.00,1.57
2018.05.30 11:29:35.070,1.26669,1.26675,2.70,1.00
2018.05.30 11:29:35.278,1.26668,1.26674,1.39,1.25
2018.05.30 11:29:35.330,1.26667,1.26672,1.20,1.00
2018.05.30 11:29:35.678,1.26666,1.26672,1.12,1.01
2018.05.30 11:29:36.192,1.26666,1.26671,1.12,1.00
2018.05.30 11:29:36.640,1.26667,1.26674,1.44,2.14
2018.05.30 11:29:37.158,1.26667,1.26672,1.00,1.00
2018.05.30 11:29:38.378,1.26669,1.26675,1.00,4.20
2018.05.30 11:29:38.669,1.26665,1.2667,1.10,1.12
2018.05.30 11:29:38.722,1.26663,1.26667,2.14,1.00
2018.05.30 11:29:38.828,1.2666,1.26665,1.95,1.12
2018.05.30 11:29:39.037,1.26658,1.26665,1.56,3.00
2018.05.30 11:29:39.197,1.26657,1.26662,1.10,1.00
2018.05.30 11:29:39.566,1.26659,1.26664,1.00,1.76
2018.05.30 11:29:39.877,1.26663,1.26668,1.00,4.57
2018.05.30 11:29:39.930,1.2666,1.26667,1.01,2.32
2018.05.30 11:29:39.982,1.26659,1.26664,1.10,1.00
2018.05.30 11:29:40.433,1.26658,1.26662,1.00,1.25
2018.05.30 11:29:40.749,1.26662,1.26666,1.00,2.51
2018.05.30 11:29:40.800,1.26662,1.26666,1.00,1.20
2018.05.30 11:29:41.333,1.26663,1.26668,1.00,2.51
2018.05.30 11:29:41.663,1.26661,1.26668,1.00,2.89
2018.05.30 11:29:41.818,1.26663,1.26668,1.00,2.89
2018.05.30 11:29:42.199,1.26666,1.26669,1.00,1.57
2018.05.30 11:29:42.508,1.26664,1.26671,1.13,2.32
2018.05.30 11:29:43.351,1.26665,1.26671,1.00,3.07
2018.05.30 11:29:43.873,1.26664,1.2667,1.13,1.57
2018.05.30 11:29:44.411,1.26662,1.26667,1.20,1.00
2018.05.30 11:29:44.564,1.26663,1.26669,1.00,1.20
2018.05.30 11:29:44.980,1.26661,1.26666,1.57,1.00
2018.05.30 11:29:45.318,1.26662,1.26667,1.38,1.00
2018.05.30 11:29:45.830,1.2666,1.26667,7.95,1.50
2018.05.30 11:29:46.333,1.26661,1.26666,4.31,1.00
2018.05.30 11:29:46.386,1.26664,1.26669,1.00,2.89
2018.05.30 11:29:46.542,1.26666,1.26672,1.00,2.70
2018.05.30 11:29:47.078,1.26665,1.2667,1.12,1.31
2018.05.30 11:29:47.182,1.26667,1.26672,1.00,1.95
2018.05.30 11:29:47.236,1.26664,1.2667,2.89,1.25
2018.05.30 11:29:47.758,1.26665,1.26669,1.00,1.00
2018.05.30 11:29:47.963,1.26663,1.26668,1.39,1.12
2018.05.30 11:29:48.271,1.26661,1.26666,1.10,1.00
2018.05.30 11:29:48.609,1.26654,1.2666,2.89,1.12
2018.05.30 11:29:48.993,1.26658,1.26661,1.85,1.25
2018.05.30 11:29:49.300,1.26683,1.26687,1.50,2.89
2018.05.30 11:29:49.353,1.26685,1.26688,3.15,1.25
2018.05.30 11:29:49.405,1.26687,1.2669,3.37,1.01
2018.05.30 11:29:49.457,1.26689,1.26692,1.25,1.01
2018.05.30 11:29:49.571,1.26687,1.26691,1.25,1.00
2018.05.30 11:29:49.730,1.26685,1.2669,1.00,1.50
2018.05.30 11:29:50.324,1.26685,1.2669,1.44,2.06
2018.05.30 11:29:50.787,1.26687,1.26692,1.44,1.57
2018.05.30 11:29:51.302,1.26689,1.26693,1.25,1.00
2018.05.30 11:29:51.513,1.26687,1.26692,1.01,1.50
2018.05.30 11:29:52.023,1.26686,1.26691,1.20,1.00
2018.05.30 11:29:52.549,1.26689,1.26694,1.38,1.20
2018.05.30 11:29:53.181,1.26691,1.26694,1.00,1.12
2018.05.30 11:29:53.686,1.2669,1.26694,1.00,1.87
2018.05.30 11:29:54.326,1.26689,1.26694,1.00,1.87
2018.05.30 11:29:54.587,1.26685,1.26691,1.10,2.81
2018.05.30 11:29:54.909,1.26684,1.26689,1.00,1.00
2018.05.30 11:29:55.704,1.26684,1.26688,1.00,1.00
2018.05.30 11:29:56.066,1.2668,1.26687,4.95,1.88
2018.05.30 11:29:56.239,1.2668,1.26685,1.00,1.00
2018.05.30 11:29:56.342,1.26677,1.26682,6.45,1.00
2018.05.30 11:29:56.602,1.26683,1.26688,1.00,2.32
2018.05.30 11:29:56.896,1.26681,1.26686,1.10,1.00
2018.05.30 11:29:57.407,1.2668,1.26685,1.00,1.00
2018.05.30 11:29:58.384,1.2668,1.26686,1.50,2.70
2018.05.30 11:29:58.691,1.26685,1.26687,2.25,1.10
2018.05.30 11:29:58.803,1.26687,1.26691,1.00,1.10
2018.05.30 11:29:59.167,1.26688,1.26692,1.39,1.50
2018.05.30 11:29:59.375,1.26689,1.26694,1.00,1.50
2018.05.30 11:29:59.548,1.26693,1.26697,1.00,1.57
2018.05.30 11:29:59.654,1.26692,1.26698,1.44,2.81
2018.05.30 11:29:59.812,1.2669,1.26694,1.57,1.00
2018.05.30 11:30:00.271,1.26697,1.267,1.00,2.14
2018.05.30 11:30:00.324,1.267,1.26703,1.00,1.69
2018.05.30 11:30:00.376,1.267,1.26705,1.00,3.26
2018.05.30 11:30:00.896,1.26699,1.26704,1.00,2.06
2018.05.30 11:30:01.401,1.26699,1.26702,1.00,1.00
2018.05.30 11:30:01.812,1.26697,1.267,1.00,1.12
2018.05.30 11:30:02.007,1.26691,1.26698,1.76,1.50
2018.05.30 11:30:02.059,1.26691,1.26696,1.07,1.00
2018.05.30 11:30:02.111,1.2669,1.26696,2.14,1.00
2018.05.30 11:30:02.472,1.2669,1.26694,1.01,1.00
2018.05.30 11:30:02.996,1.2669,1.26695,1.01,1.50
2018.05.30 11:30:03.513,1.26689,1.26695,1.70,1.50
2018.05.30 11:30:05.568,1.26689,1.26694,1.47,1.00
2018.05.30 11:30:05.879,1.26687,1.2669,1.25,1.00
2018.05.30 11:30:06.107,1.26687,1.26692,2.25,1.00
2018.05.30 11:30:06.622,1.26687,1.26693,3.64,2.25
2018.05.30 11:30:08.972,1.26687,1.26691,1.01,1.50
2018.05.30 11:30:09.178,1.26686,1.2669,3.19,1.00
2018.05.30 11:30:09.350,1.26687,1.26692,3.00,1.50
2018.05.30 11:30:09.558,1.26688,1.26694,2.14,1.00
2018.05.30 11:30:09.663,1.26693,1.26696,1.00,3.00
2018.05.30 11:30:09.819,1.26695,1.267,1.25,1.00
2018.05.30 11:30:09.872,1.26695,1.267,1.37,2.25
2018.05.30 11:30:10.377,1.26697,1.26701,1.25,2.25
2018.05.30 11:30:10.576,1.26695,1.26701,1.00,1.50
2018.05.30 11:30:12.918,1.26694,1.26701,1.57,2.25
2018.05.30 11:30:13.467,1.26694,1.26701,1.95,2.25
2018.05.30 11:30:13.676,1.26697,1.26701,1.25,1.50
2018.05.30 11:30:14.200,1.26696,1.26701,1.47,1.00
2018.05.30 11:30:14.600,1.26696,1.26701,1.00,1.00
2018.05.30 11:30:15.235,1.26696,1.26701,1.44,1.00
2018.05.30 11:30:16.329,1.26696,1.26701,1.00,1.00
2018.05.30 11:30:16.990,1.26694,1.26699,1.39,1.00
2018.05.30 11:30:17.508,1.26694,1.26698,1.25,2.25
2018.05.30 11:30:18.046,1.26692,1.26697,1.10,1.50
2018.05.30 11:30:18.255,1.26689,1.26696,1.20,1.50
2018.05.30 11:30:18.307,1.26689,1.26695,1.57,1.00
2018.05.30 11:30:18.655,1.26689,1.26695,1.20,1.00
2018.05.30 11:30:19.160,1.26689,1.26694,1.00,1.12
2018.05.30 11:30:19.708,1.26691,1.26695,1.00,2.25
2018.05.30 11:30:20.019,1.26689,1.26695,1.12,1.95
2018.05.30 11:30:20.536,1.2669,1.26694,1.00,1.00
2018.05.30 11:30:21.056,1.2669,1.26695,1.25,1.57
2018.05.30 11:30:21.620,1.2669,1.26695,1.47,1.00
2018.05.30 11:30:22.121,1.26688,1.26695,3.26,1.00
2018.05.30 11:30:22.498,1.26692,1.26696,1.00,1.00
2018.05.30 11:30:22.837,1.2669,1.26695,1.01,1.00
2018.05.30 11:30:23.691,1.26695,1.26697,2.81,1.57
2018.05.30 11:30:24.004,1.26699,1.26705,1.58,1.50
2018.05.30 11:30:24.587,1.26699,1.26705,1.20,1.50
2018.05.30 11:30:25.039,1.26701,1.26705,1.00,2.25
2018.05.30 11:30:26.260,1.267,1.26705,1.00,3.00
2018.05.30 11:30:26.885,1.26701,1.26705,1.00,1.50
2018.05.30 11:30:27.491,1.267,1.26705,1.38,3.00
2018.05.30 11:30:27.984,1.26699,1.26704,1.20,1.50
2018.05.30 11:30:28.142,1.26698,1.26702,2.13,1.00
2018.05.30 11:30:28.721,1.26697,1.26701,4.20,1.00
2018.05.30 11:30:29.237,1.26699,1.26702,1.25,1.00
2018.05.30 11:30:29.818,1.26698,1.26702,1.95,1.00
2018.05.30 11:30:30.360,1.26698,1.26701,1.12,1.00
2018.05.30 11:30:30.912,1.26698,1.26702,1.25,1.13
2018.05.30 11:30:31.426,1.26697,1.26702,1.31,1.88
2018.05.30 11:30:32.394,1.26698,1.26701,1.00,1.00
2018.05.30 11:30:32.900,1.26698,1.26702,1.50,1.00
2018.05.30 11:30:33.212,1.26696,1.26699,4.76,1.00
2018.05.30 11:30:33.761,1.26697,1.26702,2.62,3.00
2018.05.30 11:30:33.867,1.26698,1.26704,1.39,1.87
2018.05.30 11:30:34.442,1.26699,1.26705,1.20,3.00
2018.05.30 11:30:34.586,1.26698,1.26702,1.32,1.00
2018.05.30 11:30:35.452,1.26697,1.26701,3.37,1.00
2018.05.30 11:30:35.503,1.26697,1.26703,3.19,1.00
2018.05.30 11:30:35.658,1.26698,1.26701,1.00,1.00
2018.05.30 11:30:36.370,1.26698,1.26703,1.25,1.00
2018.05.30 11:30:36.424,1.26698,1.26705,2.14,1.10
2018.05.30 11:30:36.765,1.26706,1.26712,1.44,1.10
2018.05.30 11:30:37.309,1.26706,1.26713,1.63,4.87
2018.05.30 11:30:37.847,1.2671,1.26715,1.13,1.20
2018.05.30 11:30:38.109,1.26711,1.26716,1.00,1.50
2018.05.30 11:30:38.648,1.26711,1.26716,1.44,1.50
2018.05.30 11:30:39.673,1.26711,1.26716,1.31,1.00
2018.05.30 11:30:40.046,1.26713,1.26717,1.00,1.00
2018.05.30 11:30:40.595,1.26711,1.26716,1.39,1.00
2018.05.30 11:30:40.907,1.26708,1.26714,5.14,1.00
2018.05.30 11:30:40.959,1.26707,1.26711,1.01,1.00
2018.05.30 11:30:41.502,1.26705,1.26711,2.44,1.00
2018.05.30 11:30:41.710,1.26705,1.26709,2.62,1.00
2018.05.30 11:30:41.762,1.26707,1.26711,1.00,1.00
2018.05.30 11:30:41.816,1.26708,1.26713,1.38,1.10
2018.05.30 11:30:41.870,1.2671,1.26715,1.25,3.75
2018.05.30 11:30:43.731,1.26708,1.26714,1.89,1.00
2018.05.30 11:30:43.835,1.26706,1.26711,1.76,1.00
2018.05.30 11:30:44.235,1.26704,1.26709,1.25,1.00
2018.05.30 11:30:44.759,1.26704,1.2671,1.25,1.50
2018.05.30 11:30:45.037,1.26703,1.26707,2.14,1.00
2018.05.30 11:30:45.258,1.26701,1.26706,2.06,1.00
2018.05.30 11:30:46.267,1.26699,1.26706,2.32,1.00
2018.05.30 11:30:46.786,1.26699,1.26705,1.25,1.87
2018.05.30 11:30:47.330,1.26699,1.26705,1.29,1.87
2018.05.30 11:30:47.836,1.26699,1.26704,1.29,1.00
2018.05.30 11:30:48.436,1.26699,1.26705,1.12,1.87
2018.05.30 11:30:48.960,1.26699,1.26705,1.50,2.25
2018.05.30 11:30:49.626,1.26699,1.26705,1.31,2.25
2018.05.30 11:30:50.157,1.26699,1.26705,1.31,2.25
2018.05.30 11:30:50.936,1.26699,1.26705,1.69,1.87
2018.05.30 11:30:51.148,1.26698,1.26704,1.76,1.00
2018.05.30 11:30:51.201,1.26698,1.26702,2.33,1.00
2018.05.30 11:30:52.032,1.26698,1.26702,1.12,1.00
2018.05.30 11:30:53.426,1.26697,1.26703,2.06,1.50
2018.05.30 11:30:54.110,1.26698,1.26703,1.50,1.50
2018.05.30 11:30:54.162,1.26699,1.26706,2.06,2.62
2018.05.30 11:30:54.215,1.26699,1.26706,2.89,1.95
2018.05.30 11:30:54.266,1.26699,1.26705,2.33,1.00
2018.05.30 11:30:54.370,1.26699,1.26705,3.26,1.12
2018.05.30 11:30:55.249,1.26701,1.26706,1.63,1.50
2018.05.30 11:30:55.663,1.26702,1.26707,1.81,2.32
2018.05.30 11:30:55.714,1.26703,1.26707,1.50,1.50
2018.05.30 11:30:55.817,1.26703,1.26707,1.31,1.00
2018.05.30 11:30:55.967,1.26703,1.26708,1.50,1.50
2018.05.30 11:30:56.072,1.26703,1.26708,1.50,1.50
2018.05.30 11:30:57.291,1.26703,1.26708,1.31,1.50
2018.05.30 11:30:57.470,1.26704,1.2671,1.56,1.57
2018.05.30 11:30:57.980,1.26705,1.2671,1.00,3.00
2018.05.30 11:30:58.524,1.26704,1.2671,1.12,3.00
2018.05.30 11:30:58.842,1.26704,1.26708,1.00,1.87
2018.05.30 11:30:58.946,1.267,1.26705,1.39,1.50
2018.05.30 11:30:59.050,1.26698,1.26701,1.69,1.00
2018.05.30 11:30:59.379,1.26697,1.26699,1.69,1.00
2018.05.30 11:30:59.586,1.26689,1.26695,2.89,2.62
2018.05.30 11:30:59.639,1.26688,1.26694,1.20,2.62
2018.05.30 11:30:59.898,1.26687,1.26692,1.57,1.00
2018.05.30 11:31:00.248,1.26677,1.26683,1.69,2.25
2018.05.30 11:31:00.890,1.26675,1.26681,2.51,1.25
2018.05.30 11:31:01.044,1.26678,1.26683,1.00,1.00
2018.05.30 11:31:01.250,1.26675,1.26682,4.76,1.50
2018.05.30 11:31:01.472,1.26678,1.26682,1.00,1.12
2018.05.30 11:31:01.524,1.26676,1.26681,1.00,1.13
2018.05.30 11:31:02.039,1.26676,1.26682,1.10,1.87
2018.05.30 11:31:02.546,1.26675,1.26681,1.20,1.88
2018.05.30 11:31:02.759,1.26676,1.26681,1.62,1.00
2018.05.30 11:31:02.968,1.26676,1.26681,1.10,1.25
2018.05.30 11:31:03.021,1.26674,1.26678,1.20,2.06
2018.05.30 11:31:03.180,1.26671,1.26676,3.75,1.44
2018.05.30 11:31:03.697,1.26671,1.26675,1.00,1.12
2018.05.30 11:31:04.267,1.2667,1.26675,1.00,1.10
2018.05.30 11:31:04.783,1.26669,1.26675,1.20,1.50
2018.05.30 11:31:05.020,1.26668,1.26673,3.82,1.00
2018.05.30 11:31:05.072,1.26667,1.26674,1.76,2.32
2018.05.30 11:31:05.485,1.26666,1.26671,1.57,1.00
2018.05.30 11:31:06.881,1.26664,1.26669,2.32,1.00
2018.05.30 11:31:07.672,1.26664,1.26669,1.50,1.50
2018.05.30 11:31:08.006,1.26671,1.26678,1.37,3.45
2018.05.30 11:31:08.109,1.2667,1.26675,1.76,1.00
2018.05.30 11:31:08.643,1.26672,1.26677,1.00,1.50
2018.05.30 11:31:08.798,1.26674,1.26678,1.00,1.57
2018.05.30 11:31:08.850,1.26672,1.26678,1.57,1.50
2018.05.30 11:31:09.004,1.26669,1.26676,2.32,1.00
2018.05.30 11:31:09.502,1.26669,1.26675,1.20,1.00
2018.05.30 11:31:09.711,1.26668,1.26673,1.57,1.00
2018.05.30 11:31:09.868,1.26668,1.26675,1.20,2.44
2018.05.30 11:31:10.025,1.2667,1.26675,1.00,2.44
2018.05.30 11:31:10.530,1.2667,1.26675,1.00,2.51
2018.05.30 11:31:11.016,1.26672,1.26676,1.00,1.10
2018.05.30 11:31:11.526,1.26673,1.26676,1.25,1.00
2018.05.30 11:31:11.839,1.26674,1.2668,1.20,2.44
2018.05.30 11:31:11.995,1.26675,1.26681,1.76,1.50
2018.05.30 11:31:12.337,1.26677,1.26681,1.10,1.00
2018.05.30 11:31:12.893,1.26676,1.26681,1.25,1.00
2018.05.30 11:31:13.125,1.26676,1.26683,1.44,1.12
2018.05.30 11:31:13.385,1.26676,1.26682,1.10,2.00
2018.05.30 11:31:13.891,1.26675,1.2668,1.00,1.12
2018.05.30 11:31:14.223,1.26672,1.26678,1.57,1.12
2018.05.30 11:31:14.276,1.2667,1.26676,1.57,1.12
2018.05.30 11:31:14.486,1.26668,1.26674,1.10,1.12
2018.05.30 11:31:14.539,1.26665,1.26671,3.26,1.00
2018.05.30 11:31:14.709,1.26663,1.26671,1.20,2.32
2018.05.30 11:31:15.048,1.26661,1.26667,3.45,1.00
2018.05.30 11:31:15.151,1.26661,1.26667,1.00,2.25
2018.05.30 11:31:15.673,1.2666,1.26666,1.57,1.50
2018.05.30 11:31:16.382,1.2666,1.26667,1.39,1.10
2018.05.30 11:31:17.194,1.26659,1.26667,1.10,2.32
2018.05.30 11:31:17.734,1.2666,1.26665,1.10,1.50
2018.05.30 11:31:18.316,1.2666,1.26665,1.00,1.50
2018.05.30 11:31:18.424,1.26658,1.26665,1.01,1.76
2018.05.30 11:31:18.952,1.26658,1.26665,1.10,1.76
2018.05.30 11:31:19.156,1.2666,1.26666,1.00,2.51
2018.05.30 11:31:19.685,1.2666,1.26666,1.25,1.57
2018.05.30 11:31:20.246,1.26659,1.26666,1.10,1.69
2018.05.30 11:31:20.824,1.26659,1.26666,1.10,1.76
2018.05.30 11:31:21.375,1.26659,1.26666,1.57,2.51
2018.05.30 11:31:21.881,1.2666,1.26665,1.00,1.00
2018.05.30 11:31:22.768,1.26662,1.26667,1.00,1.76
2018.05.30 11:31:22.871,1.26665,1.26671,1.00,1.50
2018.05.30 11:31:23.806,1.26666,1.26672,1.00,2.51
2018.05.30 11:31:23.913,1.26667,1.26672,1.00,1.12
2018.05.30 11:31:23.965,1.26666,1.2667,1.10,1.00
2018.05.30 11:31:24.016,1.26664,1.2667,1.10,1.87
2018.05.30 11:31:24.068,1.26663,1.26668,1.76,1.00
2018.05.30 11:31:24.801,1.26663,1.26668,1.50,1.00
2018.05.30 11:31:27.164,1.26663,1.26667,1.00,1.00
2018.05.30 11:31:27.703,1.26664,1.2667,1.00,2.14
2018.05.30 11:31:28.010,1.2666,1.26665,2.89,1.00
2018.05.30 11:31:28.292,1.26657,1.26661,1.00,1.00
2018.05.30 11:31:28.702,1.26659,1.26664,1.00,1.20
2018.05.30 11:31:28.805,1.26661,1.26666,1.00,1.10
2018.05.30 11:31:29.007,1.26659,1.26665,1.57,1.00
2018.05.30 11:31:29.523,1.26657,1.26664,3.82,1.00
2018.05.30 11:31:29.680,1.2666,1.26666,1.57,1.12
2018.05.30 11:31:29.734,1.26661,1.26667,1.50,1.12
2018.05.30 11:31:30.238,1.26662,1.26668,1.20,1.00
2018.05.30 11:31:30.762,1.26663,1.26668,1.00,1.00
2018.05.30 11:31:31.202,1.26665,1.2667,1.00,1.95
2018.05.30 11:31:31.512,1.26665,1.2667,1.95,1.00
2018.05.30 11:31:32.023,1.26666,1.26671,1.10,1.87
2018.05.30 11:31:32.371,1.26663,1.26668,3.45,1.00
2018.05.30 11:31:32.475,1.26663,1.26668,1.20,1.00
2018.05.30 11:31:32.682,1.26662,1.26667,1.10,1.00
2018.05.30 11:31:33.217,1.26662,1.26668,1.00,1.50
2018.05.30 11:31:33.726,1.26662,1.26668,1.00,2.44
2018.05.30 11:31:34.707,1.26663,1.26668,1.00,1.75
2018.05.30 11:31:34.812,1.26661,1.26666,1.50,1.12
2018.05.30 11:31:34.865,1.26659,1.26664,1.95,1.00
2018.05.30 11:31:35.261,1.26657,1.26662,1.57,1.00
2018.05.30 11:31:35.567,1.26655,1.26662,1.76,1.50
2018.05.30 11:31:36.109,1.26655,1.26662,1.76,2.32
2018.05.30 11:31:36.416,1.26656,1.26662,1.47,1.50
2018.05.30 11:31:36.728,1.26662,1.26667,1.00,3.07
2018.05.30 11:31:38.799,1.26665,1.26669,1.00,2.32
2018.05.30 11:31:38.904,1.26666,1.26671,1.00,1.12
2018.05.30 11:31:39.256,1.26669,1.26674,1.00,2.70
2018.05.30 11:31:39.773,1.26667,1.26672,1.32,1.50
2018.05.30 11:31:40.322,1.26667,1.26672,1.39,1.00
2018.05.30 11:31:41.028,1.26667,1.26673,1.20,1.00
2018.05.30 11:31:41.535,1.26667,1.26672,1.95,1.00
2018.05.30 11:31:41.924,1.26665,1.2667,1.07,1.12
2018.05.30 11:31:42.356,1.26666,1.26672,1.76,1.00
2018.05.30 11:31:42.409,1.26668,1.26673,1.00,1.57
2018.05.30 11:31:43.014,1.26669,1.26674,1.00,1.87
2018.05.30 11:31:43.580,1.26669,1.26673,1.00,1.00
2018.05.30 11:31:44.735,1.26669,1.26674,1.00,1.50
2018.05.30 11:31:46.032,1.2667,1.26675,1.00,1.00
2018.05.30 11:31:46.343,1.26675,1.2668,1.00,3.75
2018.05.30 11:31:47.105,1.26676,1.2668,1.00,1.00
2018.05.30 11:31:47.771,1.26679,1.26684,1.00,3.07
2018.05.30 11:31:48.308,1.26678,1.26683,1.12,1.00
2018.05.30 11:31:48.514,1.26676,1.26681,2.32,1.00
2018.05.30 11:31:48.565,1.26676,1.26682,1.57,1.50
2018.05.30 11:31:49.076,1.26675,1.2668,1.12,1.00
2018.05.30 11:31:49.256,1.26672,1.26678,1.20,2.25
2018.05.30 11:31:49.767,1.26671,1.26675,1.10,1.12
2018.05.30 11:31:50.079,1.26666,1.26672,1.07,1.50
2018.05.30 11:31:50.648,1.26666,1.26672,1.00,2.25
2018.05.30 11:31:51.434,1.26669,1.26673,1.00,2.32
2018.05.30 11:31:51.952,1.26668,1.26673,1.10,1.00
2018.05.30 11:31:52.264,1.26667,1.26671,1.10,1.00
2018.05.30 11:31:53.224,1.26666,1.26671,2.51,1.00
2018.05.30 11:31:53.705,1.26664,1.26669,1.70,1.00
2018.05.30 11:31:54.223,1.26665,1.2667,1.10,1.00
2018.05.30 11:31:54.882,1.26664,1.26668,1.07,1.00
2018.05.30 11:31:54.935,1.26665,1.2667,1.00,1.12
2018.05.30 11:31:55.470,1.26663,1.2667,1.95,1.12
2018.05.30 11:31:56.483,1.26664,1.26669,1.20,1.00
2018.05.30 11:31:56.590,1.26663,1.26667,1.07,1.12
2018.05.30 11:31:56.889,1.26659,1.26665,1.00,2.25
2018.05.30 11:31:57.402,1.26658,1.26663,1.87,1.00
2018.05.30 11:31:59.715,1.26656,1.26661,1.07,1.12
2018.05.30 11:31:59.767,1.26654,1.2666,3.26,1.00
2018.05.30 11:31:59.819,1.26658,1.26662,1.00,1.50
2018.05.30 11:32:00.059,1.26658,1.26663,1.00,3.07
2018.05.30 11:32:00.751,1.26657,1.26663,1.00,2.32
2018.05.30 11:32:02.660,1.26656,1.26663,1.57,1.10
2018.05.30 11:32:03.217,1.26656,1.26663,1.57,1.57
2018.05.30 11:32:03.476,1.26654,1.2666,1.76,1.50
2018.05.30 11:32:03.762,1.26651,1.26656,1.20,1.00
2018.05.30 11:32:04.292,1.2665,1.26655,1.69,1.00
2018.05.30 11:32:04.796,1.2665,1.26655,1.31,1.00
2018.05.30 11:32:05.340,1.26651,1.26656,1.00,1.57
2018.05.30 11:32:07.379,1.2665,1.26657,1.16,2.70
2018.05.30 11:32:07.623,1.26652,1.26657,1.00,2.70
2018.05.30 11:32:09.677,1.26649,1.26654,2.14,1.00
2018.05.30 11:32:09.781,1.26648,1.26655,1.12,2.44
2018.05.30 11:32:10.324,1.26647,1.26652,1.76,1.00
2018.05.30 11:32:10.582,1.26647,1.26654,1.20,1.95
2018.05.30 11:32:10.922,1.2665,1.26655,1.00,2.25
2018.05.30 11:32:11.267,1.26648,1.26653,1.39,1.00
2018.05.30 11:32:12.787,1.26647,1.26652,1.20,1.00
2018.05.30 11:32:15.676,1.26648,1.26653,1.00,1.50
2018.05.30 11:32:16.019,1.26651,1.26658,1.00,3.82
2018.05.30 11:32:16.330,1.26654,1.26659,1.00,1.00
2018.05.30 11:32:16.433,1.26652,1.2666,2.89,4.39
2018.05.30 11:32:16.969,1.26653,1.26659,1.10,1.00
2018.05.30 11:32:17.173,1.26652,1.26657,1.00,1.00
2018.05.30 11:32:17.480,1.26651,1.26657,1.00,3.00
2018.05.30 11:32:17.653,1.26648,1.26655,3.07,1.12
2018.05.30 11:32:17.858,1.26647,1.26653,1.82,1.50
2018.05.30 11:32:17.962,1.26647,1.26652,1.10,1.00
2018.05.30 11:32:18.268,1.26645,1.2665,1.07,1.12
2018.05.30 11:32:18.540,1.26643,1.26648,1.20,1.50
2018.05.30 11:32:19.081,1.26645,1.26648,1.00,1.00
2018.05.30 11:32:19.783,1.26645,1.26649,1.00,1.00
2018.05.30 11:32:19.940,1.26646,1.26651,1.25,1.00
2018.05.30 11:32:20.057,1.26649,1.26653,1.00,2.70
2018.05.30 11:32:20.109,1.26649,1.26654,1.00,1.12
2018.05.30 11:32:20.683,1.26648,1.26654,1.31,2.25
2018.05.30 11:32:21.167,1.26647,1.26652,1.12,1.00
2018.05.30 11:32:23.065,1.26646,1.26651,1.10,1.00
2018.05.30 11:32:23.591,1.26645,1.2665,1.01,1.12
2018.05.30 11:32:24.261,1.26643,1.26649,1.57,1.00
2018.05.30 11:32:24.573,1.26641,1.26646,1.00,1.00
2018.05.30 11:32:24.959,1.26639,1.26643,1.57,1.00
2018.05.30 11:32:25.631,1.26638,1.26642,1.95,1.00
2018.05.30 11:32:26.160,1.26638,1.26642,1.31,1.00
2018.05.30 11:32:26.419,1.26633,1.26639,1.01,1.00
2018.05.30 11:32:26.953,1.26634,1.2664,1.12,1.57
2018.05.30 11:32:27.472,1.26633,1.26639,1.95,1.00
2018.05.30 11:32:27.974,1.26633,1.26638,1.01,1.00
2018.05.30 11:32:29.573,1.26634,1.26639,1.87,1.00
2018.05.30 11:32:29.625,1.26636,1.26641,1.00,2.14
2018.05.30 11:32:30.131,1.26639,1.26641,1.00,1.00
2018.05.30 11:32:30.235,1.26641,1.26645,1.00,1.10
2018.05.30 11:32:32.008,1.2664,1.26646,1.00,2.51
2018.05.30 11:32:32.360,1.26637,1.26643,2.14,2.25
2018.05.30 11:32:32.689,1.26631,1.26636,4.01,1.00
2018.05.30 11:32:32.847,1.26629,1.26635,1.20,1.12
2018.05.30 11:32:33.361,1.26629,1.26634,1.39,1.00
2018.05.30 11:32:33.870,1.2663,1.26634,1.00,1.00
2018.05.30 11:32:34.312,1.26628,1.26634,1.12,1.50
2018.05.30 11:32:34.826,1.26627,1.26633,1.20,1.00
2018.05.30 11:32:34.930,1.26629,1.26634,1.25,1.95
2018.05.30 11:32:35.373,1.26628,1.26632,1.20,1.00
2018.05.30 11:32:35.823,1.26625,1.26629,1.07,1.00
2018.05.30 11:32:36.028,1.26624,1.26629,3.26,1.00
2018.05.30 11:32:36.603,1.26626,1.26632,1.31,1.12
2018.05.30 11:32:36.724,1.26628,1.26633,1.00,1.00
2018.05.30 11:32:36.931,1.26629,1.26635,1.10,1.12
2018.05.30 11:32:37.146,1.26632,1.26637,1.00,1.20
2018.05.30 11:32:37.651,1.26633,1.26638,1.00,1.50
2018.05.30 11:32:38.157,1.26632,1.26637,1.95,1.12
2018.05.30 11:32:39.148,1.26633,1.26638,1.57,1.00
2018.05.30 11:32:40.521,1.26633,1.26638,1.47,1.00
2018.05.30 11:32:41.025,1.26637,1.26643,3.64,1.00
2018.05.30 11:32:41.079,1.26637,1.26644,5.32,1.57
2018.05.30 11:32:41.956,1.26638,1.26643,1.87,1.00
2018.05.30 11:32:42.267,1.26635,1.2664,3.82,1.00
2018.05.30 11:32:42.515,1.26635,1.26642,3.07,1.00
2018.05.30 11:32:42.775,1.26635,1.2664,2.51,1.00
2018.05.30 11:32:43.308,1.26637,1.26642,1.12,1.00
2018.05.30 11:32:43.845,1.26638,1.26644,1.95,1.50
2018.05.30 11:32:44.262,1.26637,1.26641,1.95,1.00
2018.05.30 11:32:44.831,1.26637,1.26643,1.57,2.62
2018.05.30 11:32:45.377,1.26638,1.26643,1.00,1.12
2018.05.30 11:32:45.902,1.26638,1.26642,1.00,1.00
2018.05.30 11:32:46.157,1.26638,1.26641,1.00,2.25
2018.05.30 11:32:46.608,1.26638,1.26644,1.50,1.20
2018.05.30 11:32:47.132,1.26638,1.26643,3.26,1.00
2018.05.30 11:32:47.682,1.26638,1.26642,1.20,1.00
2018.05.30 11:32:49.953,1.26637,1.26639,1.10,1.00
2018.05.30 11:32:50.006,1.26635,1.26638,1.00,1.88
2018.05.30 11:32:50.060,1.26634,1.26636,1.00,1.25
2018.05.30 11:32:50.166,1.26632,1.26635,1.50,1.00
2018.05.30 11:32:50.310,1.26629,1.26634,1.24,1.12
2018.05.30 11:32:50.465,1.26632,1.26636,1.00,1.00
2018.05.30 11:32:50.981,1.26632,1.26638,1.00,2.89
2018.05.30 11:32:51.872,1.26631,1.26637,2.25,1.39
2018.05.30 11:32:52.407,1.2663,1.26635,1.75,1.00
2018.05.30 11:32:52.917,1.2663,1.26635,2.32,1.00
2018.05.30 11:32:53.950,1.2663,1.26635,1.00,1.25
2018.05.30 11:32:54.333,1.26628,1.26634,1.07,1.50
2018.05.30 11:32:54.827,1.26628,1.26634,2.08,1.00
2018.05.30 11:32:55.139,1.26628,1.26632,2.00,1.00
2018.05.30 11:32:55.669,1.26628,1.26634,2.25,1.88
2018.05.30 11:32:56.030,1.26627,1.26632,5.32,1.00
2018.05.30 11:32:56.679,1.26626,1.2663,1.07,1.00
2018.05.30 11:32:56.734,1.26625,1.26631,1.76,1.25
2018.05.30 11:32:56.996,1.26624,1.26629,1.57,1.12
2018.05.30 11:32:58.087,1.26623,1.26629,1.20,1.69
2018.05.30 11:32:58.414,1.26617,1.26622,1.95,1.00
2018.05.30 11:32:58.625,1.26615,1.26621,2.89,1.00
2018.05.30 11:32:58.677,1.26617,1.26623,1.07,2.44
2018.05.30 11:32:59.135,1.26615,1.26622,2.89,1.25
2018.05.30 11:32:59.596,1.26615,1.2662,1.00,1.00
2018.05.30 11:32:59.903,1.26613,1.26616,1.00,1.25
2018.05.30 11:33:00.008,1.2661,1.26614,1.10,1.00
2018.05.30 11:33:00.062,1.2661,1.26612,1.10,1.00
2018.05.30 11:33:00.166,1.26606,1.26611,3.37,1.12
2018.05.30 11:33:00.670,1.26607,1.26612,1.00,1.63
2018.05.30 11:33:00.722,1.26609,1.26615,1.12,1.31
2018.05.30 11:33:01.032,1.26611,1.26617,1.00,2.70
2018.05.30 11:33:01.088,1.26612,1.26618,2.06,2.32
2018.05.30 11:33:01.145,1.26614,1.2662,1.50,1.25
2018.05.30 11:33:01.647,1.26614,1.26619,1.10,1.00
2018.05.30 11:33:02.157,1.26614,1.26618,1.10,1.00
2018.05.30 11:33:02.259,1.26614,1.26622,2.51,1.95
2018.05.30 11:33:02.365,1.26616,1.26621,1.00,1.10
2018.05.30 11:33:02.880,1.26617,1.26622,1.39,1.00
2018.05.30 11:33:03.939,1.26616,1.26621,1.39,1.00
2018.05.30 11:33:04.585,1.26616,1.26621,1.39,1.00
2018.05.30 11:33:05.131,1.26616,1.26621,1.01,1.00
2018.05.30 11:33:05.456,1.26618,1.26625,2.25,3.27
2018.05.30 11:33:05.508,1.26621,1.26626,1.00,2.52
2018.05.30 11:33:05.601,1.26623,1.26626,1.31,1.39
2018.05.30 11:33:05.655,1.26621,1.26625,1.01,1.00
2018.05.30 11:33:06.171,1.26621,1.26628,1.10,2.89
2018.05.30 11:33:06.705,1.26622,1.26627,1.10,1.00
2018.05.30 11:33:07.070,1.26619,1.26627,4.20,1.76
2018.05.30 11:33:07.619,1.2662,1.26627,1.13,1.69
2018.05.30 11:33:08.086,1.26621,1.26628,1.56,1.39
2018.05.30 11:33:08.606,1.2662,1.26628,4.01,1.50
2018.05.30 11:33:09.122,1.26621,1.26627,1.76,1.00
2018.05.30 11:33:10.823,1.26622,1.26628,1.31,1.57
2018.05.30 11:33:11.349,1.26622,1.26628,2.51,1.50
2018.05.30 11:33:11.885,1.26623,1.26629,1.50,1.95
2018.05.30 11:33:12.193,1.26627,1.26633,1.25,2.70
2018.05.30 11:33:12.296,1.26627,1.26635,3.64,2.33
2018.05.30 11:33:12.839,1.26628,1.26635,3.07,1.95
2018.05.30 11:33:15.185,1.26628,1.26635,4.39,2.14
2018.05.30 11:33:15.704,1.26629,1.26636,1.76,2.14
2018.05.30 11:33:16.183,1.26626,1.26628,1.07,1.00
2018.05.30 11:33:16.286,1.26621,1.26627,3.26,1.12
2018.05.30 11:33:16.337,1.26623,1.26627,1.00,1.25
2018.05.30 11:33:16.872,1.2662,1.26626,3.64,1.13
2018.05.30 11:33:17.027,1.26628,1.26631,1.00,1.45
2018.05.30 11:33:17.079,1.26642,1.26644,1.37,1.00
2018.05.30 11:33:17.131,1.26648,1.26651,1.00,1.25
2018.05.30 11:33:17.183,1.26652,1.26655,3.56,3.37
2018.05.30 11:33:17.235,1.26658,1.26663,1.00,2.14
2018.05.30 11:33:17.287,1.26657,1.26661,1.12,1.00
2018.05.30 11:33:17.418,1.26659,1.26664,1.37,1.10
2018.05.30 11:33:17.537,1.26661,1.26666,1.00,1.00
2018.05.30 11:33:17.641,1.26662,1.26668,1.37,3.00
2018.05.30 11:33:18.180,1.26662,1.26668,2.32,1.12
2018.05.30 11:33:18.439,1.26658,1.26664,2.51,1.00
2018.05.30 11:33:18.696,1.26658,1.26662,1.76,1.00
2018.05.30 11:33:19.217,1.2666,1.26665,1.00,3.45
2018.05.30 11:33:19.270,1.2666,1.26666,3.26,2.25
2018.05.30 11:33:19.787,1.26661,1.26667,1.57,1.00
2018.05.30 11:33:19.956,1.26659,1.26665,1.57,1.12
2018.05.30 11:33:20.326,1.26661,1.26667,1.37,1.20
2018.05.30 11:33:20.484,1.26662,1.26668,1.50,1.20
2018.05.30 11:33:20.824,1.26661,1.26667,1.50,1.69
2018.05.30 11:33:21.982,1.26661,1.26667,1.57,1.25
2018.05.30 11:33:22.580,1.26664,1.26668,1.00,1.12
2018.05.30 11:33:23.040,1.26666,1.2667,1.37,1.10
2018.05.30 11:33:23.143,1.26668,1.26672,1.31,2.25
2018.05.30 11:33:23.972,1.26667,1.26673,3.00,1.57
2018.05.30 11:33:24.135,1.26667,1.26669,2.62,1.00
2018.05.30 11:33:24.291,1.26659,1.26664,1.70,1.00
2018.05.30 11:33:24.396,1.26659,1.26663,1.07,1.50
2018.05.30 11:33:24.513,1.26657,1.26663,2.14,1.50
2018.05.30 11:33:25.172,1.26656,1.26662,2.51,1.00
2018.05.30 11:33:25.490,1.26656,1.2666,1.82,1.00
2018.05.30 11:33:25.543,1.26655,1.26662,3.45,1.00
2018.05.30 11:33:25.754,1.26655,1.26661,1.76,1.12
2018.05.30 11:33:26.125,1.26653,1.26661,1.00,1.57
2018.05.30 11:33:26.652,1.26653,1.26661,1.07,1.39
2018.05.30 11:33:26.758,1.2665,1.26656,2.14,1.31
2018.05.30 11:33:26.811,1.26647,1.26654,2.32,1.00
2018.05.30 11:33:26.915,1.26646,1.26652,2.14,1.00
2018.05.30 11:33:27.172,1.26645,1.26651,1.00,2.51
2018.05.30 11:33:27.225,1.26648,1.26653,1.50,1.37
2018.05.30 11:33:27.277,1.26648,1.26655,3.19,1.57
2018.05.30 11:33:27.329,1.26653,1.26656,1.00,1.00
2018.05.30 11:33:27.484,1.26653,1.26659,1.57,1.50
2018.05.30 11:33:28.005,1.26653,1.26659,1.57,1.50
2018.05.30 11:33:28.334,1.2665,1.26655,1.45,1.12
2018.05.30 11:33:28.437,1.26649,1.26655,1.10,1.12
2018.05.30 11:33:28.695,1.26652,1.26657,2.85,1.00
2018.05.30 11:33:29.196,1.26655,1.26661,1.00,3.00
2018.05.30 11:33:29.534,1.26658,1.26663,2.25,3.45
2018.05.30 11:33:29.587,1.26664,1.26668,1.39,1.50
2018.05.30 11:33:29.913,1.26673,1.26676,2.14,1.00
2018.05.30 11:33:30.068,1.26673,1.26679,1.20,1.50
2018.05.30 11:33:30.120,1.26673,1.26677,1.39,1.00
2018.05.30 11:33:30.637,1.26673,1.26678,1.57,1.00
2018.05.30 11:33:31.170,1.26674,1.26679,1.39,1.50
2018.05.30 11:33:32.127,1.26672,1.26675,1.07,1.00
2018.05.30 11:33:32.344,1.26669,1.26674,1.39,1.00
2018.05.30 11:33:32.551,1.26669,1.26674,1.50,1.00
2018.05.30 11:33:33.092,1.26668,1.26673,3.94,1.00
2018.05.30 11:33:33.716,1.2667,1.26676,1.00,1.95
2018.05.30 11:33:34.133,1.26667,1.26673,2.06,1.57
2018.05.30 11:33:34.186,1.26673,1.26674,1.25,1.00
2018.05.30 11:33:34.416,1.26677,1.26681,5.62,1.00
2018.05.30 11:33:34.625,1.26678,1.26683,2.06,1.10
2018.05.30 11:33:35.047,1.26678,1.26681,1.87,1.00
2018.05.30 11:33:35.575,1.26678,1.26681,1.69,1.00
2018.05.30 11:33:35.911,1.26685,1.26688,1.25,1.37
2018.05.30 11:33:36.082,1.26683,1.26689,2.44,1.10
2018.05.30 11:33:36.660,1.26684,1.26689,1.76,1.00
2018.05.30 11:33:37.071,1.26684,1.26687,1.76,1.00
2018.05.30 11:33:37.123,1.26684,1.26689,1.20,1.00
2018.05.30 11:33:37.654,1.26685,1.2669,1.76,1.00
2018.05.30 11:33:38.193,1.26684,1.26689,1.45,1.00
2018.05.30 11:33:38.728,1.26684,1.26688,1.47,1.00
2018.05.30 11:33:39.298,1.26684,1.26688,1.10,1.00
2018.05.30 11:33:39.827,1.26684,1.26689,1.39,1.00
2018.05.30 11:33:39.985,1.26682,1.26685,1.39,1.50
2018.05.30 11:33:40.189,1.26677,1.26681,2.14,1.00
2018.05.30 11:33:40.244,1.26677,1.26678,1.25,1.00
2018.05.30 11:33:40.297,1.26674,1.26678,1.57,1.00
2018.05.30 11:33:40.454,1.26673,1.26677,1.20,1.00
2018.05.30 11:33:40.560,1.2667,1.26674,1.45,1.00
2018.05.30 11:33:40.666,1.26668,1.26673,1.20,1.50
2018.05.30 11:33:40.723,1.26668,1.26671,1.20,1.00
2018.05.30 11:33:40.776,1.26668,1.26673,1.10,1.50
2018.05.30 11:33:41.316,1.26666,1.26672,1.76,1.00
2018.05.30 11:33:42.306,1.26667,1.26672,1.76,1.00
2018.05.30 11:33:42.969,1.26667,1.26672,1.39,1.00
2018.05.30 11:33:45.122,1.26668,1.26673,1.00,1.12
2018.05.30 11:33:45.745,1.26667,1.26672,1.76,1.00
2018.05.30 11:33:45.797,1.26667,1.2667,1.01,1.00
2018.05.30 11:33:46.053,1.26664,1.26668,1.10,1.00
2018.05.30 11:33:46.309,1.26666,1.26671,3.37,1.69
2018.05.30 11:33:46.648,1.26669,1.26671,1.10,1.00
2018.05.30 11:33:47.220,1.26669,1.26671,1.00,1.00
2018.05.30 11:33:47.509,1.26665,1.2667,3.07,1.00
2018.05.30 11:33:48.024,1.26665,1.26669,1.10,1.00
2018.05.30 11:33:48.560,1.26666,1.26669,1.10,1.00
2018.05.30 11:33:48.614,1.26669,1.26673,3.00,2.25
2018.05.30 11:33:48.719,1.26678,1.2668,1.69,1.50
2018.05.30 11:33:48.772,1.26679,1.26683,1.31,1.10
2018.05.30 11:33:48.878,1.26681,1.26685,2.62,1.00
2018.05.30 11:33:48.982,1.26683,1.26688,1.95,1.00
2018.05.30 11:33:49.034,1.26684,1.26689,1.20,1.00
2018.05.30 11:33:49.374,1.26684,1.26687,1.10,1.00
2018.05.30 11:33:49.680,1.26684,1.26686,1.25,1.00
2018.05.30 11:33:50.255,1.26681,1.26686,1.45,1.75
2018.05.30 11:33:50.359,1.2668,1.26683,1.00,2.62
2018.05.30 11:33:50.414,1.26677,1.2668,1.50,1.75
2018.05.30 11:33:50.627,1.26668,1.26674,1.95,1.00
2018.05.30 11:33:51.072,1.26668,1.26671,1.10,1.00
2018.05.30 11:33:51.590,1.26668,1.26672,1.00,1.00
2018.05.30 11:33:51.745,1.26666,1.26672,1.10,1.00
2018.05.30 11:33:52.284,1.26666,1.26671,1.20,1.00
2018.05.30 11:33:52.492,1.26668,1.26673,1.87,1.57
2018.05.30 11:33:52.659,1.26677,1.2668,2.44,1.50
2018.05.30 11:33:52.714,1.26679,1.26682,1.76,1.00
2018.05.30 11:33:52.992,1.26679,1.26682,1.10,1.00
2018.05.30 11:33:53.697,1.26678,1.26681,1.76,1.00
2018.05.30 11:33:54.105,1.26678,1.26682,1.95,1.00
2018.05.30 11:33:54.158,1.26677,1.2668,1.76,1.00
2018.05.30 11:33:54.313,1.26677,1.2668,3.07,1.00
2018.05.30 11:33:54.876,1.26671,1.26675,1.20,1.00
2018.05.30 11:33:55.031,1.26672,1.26673,1.00,1.00
2018.05.30 11:33:55.135,1.2667,1.26671,2.44,1.00
2018.05.30 11:33:55.238,1.26671,1.26673,1.00,1.00
2018.05.30 11:33:55.342,1.26673,1.26675,1.25,1.20
2018.05.30 11:33:55.464,1.26672,1.26675,3.00,1.00
2018.05.30 11:33:55.974,1.26673,1.26675,1.00,1.00
2018.05.30 11:33:56.488,1.26675,1.26678,1.00,1.75
2018.05.30 11:33:56.954,1.26673,1.26675,2.51,1.00
2018.05.30 11:33:57.455,1.26673,1.26676,1.57,1.12
2018.05.30 11:33:57.968,1.26674,1.26676,2.25,1.00
2018.05.30 11:33:58.019,1.26676,1.26677,1.00,1.00
2018.05.30 11:33:58.340,1.26674,1.26675,1.00,1.00
2018.05.30 11:33:58.864,1.26673,1.26674,1.00,1.00
2018.05.30 11:33:59.276,1.2667,1.26671,2.51,1.00
2018.05.30 11:33:59.798,1.26669,1.26671,1.69,1.00
2018.05.30 11:34:00.307,1.26669,1.2667,1.00,1.00
2018.05.30 11:34:00.948,1.26668,1.2667,3.19,1.00
2018.05.30 11:34:01.585,1.26668,1.2667,2.44,1.00
2018.05.30 11:34:01.985,1.26669,1.26671,1.25,1.00
2018.05.30 11:34:02.535,1.26669,1.2667,1.25,1.00
2018.05.30 11:34:03.048,1.26667,1.26669,3.19,1.00
2018.05.30 11:34:03.498,1.26668,1.2667,2.25,1.00
2018.05.30 11:34:03.552,1.26672,1.26673,1.00,1.95
2018.05.30 11:34:03.711,1.26673,1.26674,1.00,1.00
2018.05.30 11:34:04.221,1.26672,1.26675,1.50,1.50
2018.05.30 11:34:04.731,1.26673,1.26674,1.25,1.12
2018.05.30 11:34:05.595,1.26675,1.26677,1.00,2.32
2018.05.30 11:34:05.698,1.26676,1.26679,3.00,1.37
2018.05.30 11:34:05.751,1.26678,1.26679,2.25,1.12
2018.05.30 11:34:06.076,1.26681,1.26683,2.75,2.25
2018.05.30 11:34:06.230,1.2668,1.26681,6.37,1.00
2018.05.30 11:34:06.747,1.26679,1.2668,1.69,1.12
2018.05.30 11:34:07.275,1.26678,1.2668,3.00,1.00
2018.05.30 11:34:08.603,1.26678,1.26679,3.00,1.00
2018.05.30 11:34:09.184,1.26679,1.2668,1.25,1.00
2018.05.30 11:34:09.917,1.26678,1.26679,2.44,1.00
2018.05.30 11:34:10.645,1.26678,1.2668,1.00,2.62
2018.05.30 11:34:11.230,1.26678,1.2668,1.69,1.87
2018.05.30 11:34:11.750,1.26679,1.2668,1.25,1.00
2018.05.30 11:34:13.596,1.2668,1.26681,1.00,1.00
2018.05.30 11:34:14.188,1.26679,1.2668,3.19,1.00
2018.05.30 11:34:16.018,1.26678,1.26679,2.25,1.00
2018.05.30 11:34:16.591,1.2668,1.26681,1.25,1.00
2018.05.30 11:34:17.311,1.2668,1.26681,1.25,2.25
2018.05.30 11:34:17.846,1.26679,1.2668,1.69,1.00
2018.05.30 11:34:18.391,1.26679,1.26681,1.25,1.50
2018.05.30 11:34:18.892,1.26679,1.26681,1.69,1.50
2018.05.30 11:34:19.411,1.2668,1.26681,1.25,1.50
2018.05.30 11:34:20.375,1.26679,1.2668,1.69,1.00
2018.05.30 11:34:20.898,1.26679,1.2668,1.00,1.00
2018.05.30 11:34:22.545,1.26679,1.26682,1.00,1.00
2018.05.30 11:34:23.055,1.2668,1.26683,1.25,1.12
2018.05.30 11:34:23.113,1.26682,1.26686,1.00,2.70
2018.05.30 11:34:23.425,1.26687,1.26689,2.44,1.00
2018.05.30 11:34:23.696,1.26689,1.2669,1.25,1.00
2018.05.30 11:34:24.151,1.26685,1.26686,1.01,1.00
2018.05.30 11:34:24.255,1.26683,1.26684,1.01,1.12
2018.05.30 11:34:24.410,1.26681,1.26683,1.25,1.00
2018.05.30 11:34:24.950,1.26681,1.26682,1.25,1.00
2018.05.30 11:34:25.491,1.26679,1.26682,2.44,1.00
2018.05.30 11:34:26.971,1.2668,1.26682,1.25,1.00
2018.05.30 11:34:27.481,1.26679,1.26682,3.19,1.00
2018.05.30 11:34:27.686,1.26683,1.26685,1.00,1.10
2018.05.30 11:34:28.170,1.26681,1.26684,1.25,1.00
2018.05.30 11:34:28.325,1.26681,1.26683,1.69,1.00
2018.05.30 11:34:28.943,1.2668,1.26682,2.44,1.00
2018.05.30 11:34:29.452,1.26681,1.26682,1.25,1.00
2018.05.30 11:34:30.179,1.2668,1.26682,2.44,1.00
2018.05.30 11:34:30.512,1.26678,1.26679,1.25,1.00
2018.05.30 11:34:31.446,1.26677,1.26679,1.25,1.00
2018.05.30 11:34:31.954,1.26678,1.26679,1.25,1.00
2018.05.30 11:34:32.496,1.26677,1.26679,1.25,1.00
2018.05.30 11:34:33.004,1.26678,1.26679,1.25,1.12
2018.05.30 11:34:33.512,1.26677,1.26679,1.25,1.12
2018.05.30 11:34:34.343,1.26677,1.26678,1.25,1.00
2018.05.30 11:34:34.913,1.26678,1.26679,1.25,1.00
2018.05.30 11:34:35.462,1.26677,1.26678,1.69,1.00
2018.05.30 11:34:36.009,1.26677,1.26679,1.25,1.00
2018.05.30 11:34:36.320,1.26678,1.26681,2.44,1.00
2018.05.30 11:34:36.866,1.26679,1.26681,1.25,1.50
2018.05.30 11:34:37.437,1.26678,1.2668,1.69,1.00
2018.05.30 11:34:38.031,1.26679,1.2668,1.25,1.00
2018.05.30 11:34:38.573,1.26678,1.2668,2.44,1.00
2018.05.30 11:34:38.680,1.26675,1.26676,3.75,1.50
2018.05.30 11:34:38.895,1.26672,1.26674,1.50,2.25
2018.05.30 11:34:38.950,1.26667,1.26668,1.00,1.00
2018.05.30 11:34:39.013,1.26665,1.26667,3.00,1.00
2018.05.30 11:34:39.066,1.26663,1.26665,1.37,4.50
2018.05.30 11:34:39.119,1.26659,1.26661,2.32,1.00
2018.05.30 11:34:39.171,1.26661,1.26663,2.62,3.19
2018.05.30 11:34:39.326,1.26654,1.26656,1.10,1.12
2018.05.30 11:34:39.484,1.26656,1.26659,1.00,1.00
2018.05.30 11:34:39.536,1.26658,1.26662,1.12,1.95
2018.05.30 11:34:39.848,1.26662,1.26664,1.25,1.00
2018.05.30 11:34:40.384,1.26661,1.26666,1.00,3.82
2018.05.30 11:34:41.323,1.26661,1.26663,1.69,1.00
2018.05.30 11:34:41.644,1.26658,1.26661,1.69,1.00
2018.05.30 11:34:41.698,1.26656,1.26659,1.10,1.50
2018.05.30 11:34:41.956,1.26651,1.26655,1.25,1.31
2018.05.30 11:34:42.470,1.2665,1.26654,1.25,1.00
2018.05.30 11:34:42.986,1.2665,1.26653,1.25,1.00
2018.05.30 11:34:43.525,1.2665,1.26654,1.69,1.00
2018.05.30 11:34:44.196,1.26649,1.26654,2.25,1.00
2018.05.30 11:34:44.726,1.2665,1.26654,1.25,1.00
2018.05.30 11:34:45.241,1.2665,1.26655,1.25,1.20
2018.05.30 11:34:46.656,1.26649,1.26655,1.12,1.00
2018.05.30 11:34:47.212,1.2665,1.26655,1.25,1.00
2018.05.30 11:34:47.791,1.26649,1.26655,2.25,1.00
2018.05.30 11:34:48.152,1.26651,1.26655,1.25,2.32
2018.05.30 11:34:48.684,1.2665,1.26654,3.19,1.00
2018.05.30 11:34:49.204,1.26651,1.26654,1.25,1.00
2018.05.30 11:34:49.644,1.26647,1.26651,3.07,1.00
2018.05.30 11:34:49.960,1.26647,1.26649,1.31,1.00
2018.05.30 11:34:50.478,1.26646,1.26649,1.69,1.00
2018.05.30 11:34:50.991,1.26647,1.26649,1.25,1.00
2018.05.30 11:34:51.249,1.26648,1.26653,1.69,1.57
2018.05.30 11:34:51.781,1.26649,1.2665,1.25,1.00
2018.05.30 11:34:52.113,1.26647,1.2665,2.81,1.00
2018.05.30 11:34:52.656,1.26648,1.2665,1.25,1.00
2018.05.30 11:34:53.242,1.26647,1.2665,3.19,1.00
2018.05.30 11:34:53.812,1.26648,1.2665,1.25,1.00
2018.05.30 11:34:54.266,1.26649,1.26653,2.81,1.10
2018.05.30 11:34:54.319,1.26652,1.26655,1.00,1.10
2018.05.30 11:34:54.473,1.26654,1.26659,3.94,1.10
2018.05.30 11:34:54.593,1.26657,1.26663,2.25,3.45
2018.05.30 11:34:54.907,1.26657,1.2666,1.69,1.00
2018.05.30 11:34:55.452,1.26656,1.2666,2.81,1.50
2018.05.30 11:34:55.984,1.26656,1.26659,1.25,1.00
2018.05.30 11:34:56.608,1.26655,1.26659,3.19,1.00
2018.05.30 11:34:57.177,1.26656,1.26659,1.25,1.00
2018.05.30 11:34:57.690,1.26656,1.2666,1.25,1.00
2018.05.30 11:34:58.209,1.26655,1.2666,2.81,1.00
2018.05.30 11:34:58.746,1.26656,1.2666,1.25,1.50
2018.05.30 11:34:59.262,1.26656,1.26659,1.25,1.00
2018.05.30 11:34:59.796,1.26656,1.2666,1.25,2.25
2018.05.30 11:35:00.308,1.26654,1.2666,3.26,1.00
2018.05.30 11:35:01.246,1.26654,1.2666,2.44,3.00
2018.05.30 11:35:01.352,1.2665,1.26655,1.39,2.06
2018.05.30 11:35:01.804,1.26651,1.26657,1.25,2.25
2018.05.30 11:35:02.395,1.2665,1.26657,2.89,2.25
2018.05.30 11:35:02.498,1.2665,1.26657,3.26,1.50
2018.05.30 11:35:03.050,1.2665,1.26656,4.95,1.25
2018.05.30 11:35:03.569,1.26651,1.26655,1.25,1.00
2018.05.30 11:35:04.081,1.26647,1.26651,1.69,1.50
2018.05.30 11:35:04.132,1.26645,1.2665,7.50,1.00
2018.05.30 11:35:04.747,1.26645,1.26649,1.25,1.00
2018.05.30 11:35:05.297,1.26645,1.2665,1.31,1.00
2018.05.30 11:35:06.243,1.26644,1.26649,2.70,1.00
2018.05.30 11:35:06.398,1.26646,1.26652,1.00,1.95
2018.05.30 11:35:06.954,1.26645,1.2665,1.20,1.00
2018.05.30 11:35:07.113,1.26642,1.2665,3.82,2.63
2018.05.30 11:35:07.973,1.26642,1.2665,3.45,2.63
2018.05.30 11:35:08.472,1.26639,1.26646,4.39,1.50
2018.05.30 11:35:08.815,1.26633,1.26639,1.95,2.00
2018.05.30 11:35:08.867,1.26631,1.26638,1.95,1.37
2018.05.30 11:35:08.919,1.2663,1.26637,1.57,2.25
2018.05.30 11:35:09.125,1.26628,1.26634,1.20,1.00
2018.05.30 11:35:09.733,1.26627,1.26632,1.07,1.00
2018.05.30 11:35:10.244,1.26627,1.26633,1.00,2.89
2018.05.30 11:35:10.893,1.26627,1.26633,1.12,2.33
2018.05.30 11:35:11.421,1.26628,1.26633,1.00,1.10
2018.05.30 11:35:11.736,1.26653,1.26656,1.00,1.25
2018.05.30 11:35:12.340,1.26652,1.26659,1.64,3.75
2018.05.30 11:35:12.858,1.26652,1.26658,1.39,1.00
2018.05.30 11:35:13.374,1.26652,1.26658,1.12,1.10
2018.05.30 11:35:13.890,1.26651,1.26657,2.62,1.20
2018.05.30 11:35:14.375,1.26649,1.26655,4.87,1.45
2018.05.30 11:35:14.688,1.26653,1.26657,1.00,1.57
2018.05.30 11:35:14.741,1.26653,1.26659,2.62,1.45
2018.05.30 11:35:14.983,1.26657,1.26662,1.31,1.45
2018.05.30 11:35:15.445,1.26658,1.26664,1.00,1.95
2018.05.30 11:35:15.965,1.26656,1.26662,1.87,1.45
2018.05.30 11:35:16.070,1.26653,1.26659,2.25,1.10
2018.05.30 11:35:16.584,1.26653,1.2666,1.87,2.32
2018.05.30 11:35:17.206,1.26651,1.26658,2.06,1.20
2018.05.30 11:35:17.358,1.26651,1.26658,2.62,1.57
2018.05.30 11:35:17.907,1.26651,1.26658,1.87,1.57
2018.05.30 11:35:18.398,1.26656,1.26659,1.12,1.20
2018.05.30 11:35:18.554,1.2666,1.26667,2.44,2.70
2018.05.30 11:35:19.078,1.26662,1.26668,2.06,1.57
2018.05.30 11:35:19.698,1.26662,1.26669,2.81,2.32
2018.05.30 11:35:21.080,1.26662,1.26668,2.44,1.20
2018.05.30 11:35:21.599,1.26662,1.26668,2.44,1.10
2018.05.30 11:35:22.016,1.26661,1.26667,1.50,1.95
2018.05.30 11:35:22.551,1.26661,1.26667,2.25,1.95
2018.05.30 11:35:23.203,1.26661,1.26667,2.25,1.95
2018.05.30 11:35:23.726,1.26662,1.26667,1.12,1.45
2018.05.30 11:35:24.293,1.26666,1.26668,3.00,1.50
2018.05.30 11:35:24.605,1.26672,1.26675,1.69,1.00
2018.05.30 11:35:24.888,1.26672,1.26678,2.25,2.32
2018.05.30 11:35:25.092,1.26672,1.26677,1.31,1.10
2018.05.30 11:35:25.144,1.2667,1.26675,2.62,1.00
2018.05.30 11:35:26.256,1.26668,1.26675,4.39,1.57
2018.05.30 11:35:27.582,1.2667,1.26675,1.12,1.20
2018.05.30 11:35:28.628,1.26668,1.26672,2.81,1.00
2018.05.30 11:35:28.891,1.26668,1.26675,4.12,1.76
2018.05.30 11:35:29.399,1.2667,1.26676,1.00,2.70
2018.05.30 11:35:29.923,1.26669,1.26675,2.25,1.10
2018.05.30 11:35:30.504,1.26669,1.26675,2.62,1.07
2018.05.30 11:35:32.859,1.2667,1.26675,1.31,1.10
2018.05.30 11:35:32.964,1.26672,1.26676,1.00,1.10
2018.05.30 11:35:33.119,1.2667,1.26677,6.56,1.07
2018.05.30 11:35:33.553,1.26669,1.26674,3.37,1.00
2018.05.30 11:35:33.968,1.26675,1.26676,1.00,1.20
2018.05.30 11:35:34.021,1.26677,1.26678,1.00,3.00
2018.05.30 11:35:34.074,1.26681,1.26684,2.62,1.19
2018.05.30 11:35:34.127,1.26683,1.26686,1.87,2.14
2018.05.30 11:35:34.180,1.26686,1.26692,1.25,2.70
2018.05.30 11:35:34.329,1.26686,1.26693,1.87,1.95
2018.05.30 11:35:35.433,1.26686,1.26692,1.31,2.70
2018.05.30 11:35:36.003,1.26684,1.26691,2.62,1.95
2018.05.30 11:35:36.593,1.26684,1.2669,2.81,1.95
2018.05.30 11:35:37.027,1.26682,1.26688,1.50,3.07
2018.05.30 11:35:37.430,1.26681,1.26688,1.25,4.57
2018.05.30 11:35:38.518,1.2668,1.26688,2.81,3.64
2018.05.30 11:35:38.884,1.26682,1.26688,1.25,1.20
2018.05.30 11:35:39.414,1.2668,1.26686,3.00,1.00
2018.05.30 11:35:40.499,1.2668,1.26686,1.87,1.10
2018.05.30 11:35:41.036,1.2668,1.26686,1.00,1.39
2018.05.30 11:35:41.456,1.26679,1.26685,1.00,1.57
2018.05.30 11:35:41.770,1.26668,1.26674,1.25,1.20
2018.05.30 11:35:41.925,1.26667,1.26672,1.20,1.00
2018.05.30 11:35:42.081,1.26665,1.26671,1.10,1.88
2018.05.30 11:35:42.398,1.26665,1.26671,1.00,2.51
2018.05.30 11:35:43.752,1.26665,1.2667,1.00,1.12
2018.05.30 11:35:44.267,1.26664,1.26671,1.20,2.70
2018.05.30 11:35:44.602,1.26661,1.26668,1.39,1.87
2018.05.30 11:35:44.911,1.26667,1.26673,3.37,1.20
2018.05.30 11:35:45.219,1.26673,1.26675,1.00,1.10
2018.05.30 11:35:45.377,1.26674,1.26681,2.62,2.32
2018.05.30 11:35:45.480,1.26677,1.26682,1.00,1.50
2018.05.30 11:35:46.002,1.26676,1.26683,1.95,1.95
2018.05.30 11:35:46.504,1.26677,1.26683,1.39,1.87
2018.05.30 11:35:47.082,1.26678,1.26685,1.10,2.32
2018.05.30 11:35:47.615,1.26678,1.26685,1.39,2.32
2018.05.30 11:35:47.913,1.26681,1.26686,1.00,1.82
2018.05.30 11:35:47.966,1.26678,1.26684,1.10,1.12
2018.05.30 11:35:48.288,1.26676,1.26682,3.45,1.00
2018.05.30 11:35:48.791,1.26676,1.26682,2.14,1.00
2018.05.30 11:35:49.298,1.26678,1.26683,1.00,1.87
2018.05.30 11:35:49.820,1.26677,1.26683,1.25,1.87
2018.05.30 11:35:50.132,1.26679,1.26685,1.50,1.00
2018.05.30 11:35:50.722,1.26679,1.26684,2.51,1.00
2018.05.30 11:35:51.722,1.2668,1.26684,1.19,1.00
2018.05.30 11:35:51.914,1.26679,1.26686,2.14,1.95
2018.05.30 11:35:52.489,1.26678,1.26682,2.07,1.00
2018.05.30 11:35:52.626,1.26678,1.26683,1.82,1.50
2018.05.30 11:35:52.678,1.26676,1.2668,4.87,1.00
2018.05.30 11:35:52.834,1.26678,1.26684,1.00,1.07
2018.05.30 11:35:53.352,1.26678,1.26684,1.76,1.50
2018.05.30 11:35:53.853,1.26678,1.26684,3.82,1.50
2018.05.30 11:35:54.837,1.26681,1.26684,1.00,1.00
2018.05.30 11:35:54.890,1.26681,1.26686,1.00,1.50
2018.05.30 11:35:55.415,1.26681,1.26687,1.31,1.00
2018.05.30 11:35:56.412,1.2668,1.26685,2.81,1.20
2018.05.30 11:35:57.146,1.26681,1.26686,1.50,1.20
2018.05.30 11:35:57.680,1.26681,1.26686,1.31,1.20
2018.05.30 11:35:58.207,1.26681,1.26686,1.12,1.20
2018.05.30 11:35:58.733,1.2668,1.26685,1.12,1.10
2018.05.30 11:35:59.432,1.26681,1.26686,1.00,1.50
2018.05.30 11:35:59.946,1.2668,1.26685,1.20,1.00
2018.05.30 11:36:00.348,1.2668,1.26688,1.76,3.82
2018.05.30 11:36:00.504,1.2668,1.26686,1.57,1.00
2018.05.30 11:36:01.010,1.2668,1.26686,1.20,1.00
2018.05.30 11:36:01.336,1.26679,1.26684,1.01,1.50
2018.05.30 11:36:01.851,1.26678,1.26683,1.69,1.50
2018.05.30 11:36:02.853,1.26678,1.26682,1.57,1.00
2018.05.30 11:36:03.113,1.26678,1.26685,5.51,1.95
2018.05.30 11:36:03.659,1.26684,1.26687,3.00,1.57
2018.05.30 11:36:03.766,1.26688,1.2669,1.12,1.95
2018.05.30 11:36:03.872,1.26691,1.26695,1.95,1.00
2018.05.30 11:36:03.925,1.26694,1.26697,1.00,2.25
2018.05.30 11:36:04.527,1.26694,1.26699,2.44,1.00
2018.05.30 11:36:04.579,1.26694,1.267,3.45,1.00
2018.05.30 11:36:05.089,1.26696,1.26701,1.20,1.00
2018.05.30 11:36:05.436,1.26693,1.26698,4.39,1.00
2018.05.30 11:36:05.948,1.26693,1.26698,3.82,1.00
2018.05.30 11:36:06.442,1.26694,1.267,3.07,1.00
2018.05.30 11:36:06.800,1.26695,1.26701,2.51,1.00
2018.05.30 11:36:06.953,1.26695,1.26702,1.20,1.95
2018.05.30 11:36:07.501,1.26695,1.26702,1.95,2.32
2018.05.30 11:36:07.795,1.26698,1.26702,1.00,1.10
2018.05.30 11:36:07.904,1.26699,1.26704,1.12,1.50
2018.05.30 11:36:08.414,1.26699,1.26706,1.58,2.70
2018.05.30 11:36:08.571,1.26702,1.26707,1.00,2.32
2018.05.30 11:36:09.115,1.26702,1.26707,1.00,1.00
2018.05.30 11:36:09.439,1.26704,1.26707,1.19,1.00
2018.05.30 11:36:09.543,1.26704,1.26709,3.19,1.50
2018.05.30 11:36:09.595,1.26707,1.26711,1.56,1.50
2018.05.30 11:36:09.800,1.26707,1.26713,1.01,1.00
2018.05.30 11:36:11.105,1.26709,1.26714,1.00,1.50
2018.05.30 11:36:11.239,1.26713,1.26716,1.25,1.10
2018.05.30 11:36:11.395,1.26713,1.26718,1.01,1.00
2018.05.30 11:36:12.211,1.26712,1.26719,1.95,1.00
2018.05.30 11:36:12.723,1.26713,1.26718,1.20,1.00
2018.05.30 11:36:12.991,1.2671,1.26714,1.95,1.00
2018.05.30 11:36:13.170,1.26708,1.26713,1.70,1.00
2018.05.30 11:36:14.156,1.26709,1.26714,1.00,1.00
2018.05.30 11:36:14.651,1.2671,1.26717,1.87,1.45
2018.05.30 11:36:14.703,1.26713,1.26718,1.12,2.62
2018.05.30 11:36:15.557,1.26712,1.26719,1.76,1.87
2018.05.30 11:36:16.089,1.26713,1.26718,1.12,1.00
2018.05.30 11:36:17.216,1.26717,1.2672,1.75,1.00
2018.05.30 11:36:17.373,1.26721,1.26724,1.47,1.50
2018.05.30 11:36:17.426,1.26721,1.26728,3.82,3.07
2018.05.30 11:36:17.791,1.26722,1.26726,1.20,1.00
2018.05.30 11:36:17.843,1.26722,1.26728,1.20,1.00
2018.05.30 11:36:18.617,1.26724,1.26729,1.12,1.00
2018.05.30 11:36:19.132,1.26726,1.2673,1.00,1.12
2018.05.30 11:36:19.433,1.26731,1.26735,1.00,1.00
2018.05.30 11:36:19.977,1.2673,1.26735,1.50,1.50
2018.05.30 11:36:20.239,1.26731,1.26738,2.70,1.57
2018.05.30 11:36:20.394,1.26734,1.26739,1.00,1.50
2018.05.30 11:36:20.942,1.26734,1.26739,1.57,1.00
2018.05.30 11:36:21.302,1.26734,1.26741,2.14,3.37
2018.05.30 11:36:21.846,1.26734,1.26739,1.66,1.00
2018.05.30 11:36:22.153,1.26735,1.26741,1.39,1.12
2018.05.30 11:36:22.462,1.26734,1.26739,1.45,1.00
2018.05.30 11:36:23.022,1.26734,1.2674,1.76,1.00
2018.05.30 11:36:23.827,1.26733,1.26736,1.39,1.00
2018.05.30 11:36:23.931,1.2673,1.26736,2.32,1.00
2018.05.30 11:36:24.392,1.26731,1.26738,1.01,1.95
2018.05.30 11:36:24.958,1.26732,1.26739,1.95,1.57
2018.05.30 11:36:25.270,1.26731,1.26737,2.32,1.00
2018.05.30 11:36:26.102,1.2673,1.26737,1.95,1.50
2018.05.30 11:36:26.361,1.2673,1.26735,1.76,1.00
2018.05.30 11:36:26.638,1.26727,1.26733,2.89,1.00
2018.05.30 11:36:26.742,1.2673,1.26734,1.50,1.00
2018.05.30 11:36:27.207,1.2673,1.26736,1.95,1.12
2018.05.30 11:36:27.533,1.26732,1.26738,1.87,1.10
2018.05.30 11:36:27.585,1.26735,1.2674,1.00,2.25
2018.05.30 11:36:28.095,1.26734,1.2674,1.12,1.87
2018.05.30 11:36:28.696,1.26735,1.26741,1.87,1.50
2018.05.30 11:36:29.010,1.26734,1.26739,1.39,1.00
2018.05.30 11:36:29.556,1.26732,1.26738,2.14,1.00
2018.05.30 11:36:30.287,1.26732,1.26736,1.95,1.00
2018.05.30 11:36:30.486,1.26734,1.26739,1.31,1.00
2018.05.30 11:36:30.541,1.26736,1.2674,1.00,1.20
2018.05.30 11:36:31.321,1.26736,1.26741,1.00,1.00
2018.05.30 11:36:31.838,1.26736,1.2674,1.00,1.00
2018.05.30 11:36:32.147,1.26736,1.26742,1.00,1.76
2018.05.30 11:36:32.198,1.26736,1.2674,1.00,1.00
2018.05.30 11:36:32.687,1.26738,1.26743,1.12,1.00
2018.05.30 11:36:33.305,1.26738,1.26745,1.12,3.07
2018.05.30 11:36:33.410,1.2674,1.26744,1.00,1.12
2018.05.30 11:36:33.462,1.26738,1.26744,1.20,1.12
2018.05.30 11:36:33.668,1.26736,1.26742,3.26,1.00
2018.05.30 11:36:34.193,1.26736,1.26741,2.00,1.00
2018.05.30 11:36:34.456,1.26737,1.26743,2.00,1.10
2018.05.30 11:36:35.133,1.26738,1.26744,1.69,1.00
2018.05.30 11:36:35.653,1.26738,1.26744,1.87,1.00
2018.05.30 11:36:36.163,1.26741,1.26746,1.25,1.57
2018.05.30 11:36:36.268,1.26741,1.26744,1.01,1.00
2018.05.30 11:36:36.374,1.26738,1.26742,1.20,1.00
2018.05.30 11:36:36.478,1.26737,1.26741,1.69,1.00
2018.05.30 11:36:36.848,1.26735,1.2674,1.20,1.00
2018.05.30 11:36:37.409,1.26734,1.2674,3.07,1.00
2018.05.30 11:36:37.727,1.26734,1.26738,1.76,1.00
2018.05.30 11:36:38.250,1.26733,1.26739,1.39,1.00
2018.05.30 11:36:38.783,1.26733,1.26739,1.39,1.00
2018.05.30 11:36:41.259,1.26732,1.26738,1.57,1.00
2018.05.30 11:36:41.755,1.26735,1.26741,1.00,1.20
2018.05.30 11:36:42.062,1.26734,1.26738,3.82,1.00
2018.05.30 11:36:42.114,1.26733,1.26738,1.45,1.00
2018.05.30 11:36:42.595,1.26732,1.26737,2.51,1.00
2018.05.30 11:36:43.314,1.26732,1.26738,1.01,1.00
2018.05.30 11:36:43.827,1.26732,1.26738,1.20,1.00
2018.05.30 11:36:44.885,1.26731,1.26738,3.45,1.00
2018.05.30 11:36:45.546,1.26731,1.26737,2.89,1.00
2018.05.30 11:36:46.942,1.26731,1.26736,1.57,1.00
2018.05.30 11:36:47.118,1.26732,1.26738,1.57,1.00
2018.05.30 11:36:47.635,1.26732,1.26737,1.47,1.00
2018.05.30 11:36:50.515,1.26732,1.26738,1.20,1.00
2018.05.30 11:36:51.025,1.26733,1.2674,1.87,1.95
2018.05.30 11:36:51.077,1.26736,1.26741,1.00,1.57
2018.05.30 11:36:51.181,1.26737,1.26742,1.12,1.10
2018.05.30 11:36:51.760,1.26738,1.26743,1.25,1.12
2018.05.30 11:36:52.308,1.26738,1.26743,1.87,1.00
2018.05.30 11:36:53.338,1.26736,1.26744,4.95,1.57
2018.05.30 11:36:53.390,1.26736,1.26741,3.82,1.00
2018.05.30 11:36:53.494,1.26736,1.26741,2.70,1.00
2018.05.30 11:36:53.547,1.26736,1.26739,1.69,1.00
2018.05.30 11:36:53.999,1.26735,1.26742,1.76,1.01
2018.05.30 11:36:54.151,1.26735,1.26741,2.00,2.32
2018.05.30 11:36:54.463,1.26729,1.26734,3.56,1.00
2018.05.30 11:36:54.791,1.26728,1.26733,2.62,1.50
2018.05.30 11:36:55.409,1.26726,1.26731,3.82,1.00
2018.05.30 11:36:55.511,1.26728,1.26733,1.50,1.10
2018.05.30 11:36:55.696,1.2673,1.26736,2.81,1.95
2018.05.30 11:36:56.081,1.26731,1.26738,2.06,2.32
2018.05.30 11:36:56.239,1.26734,1.26738,1.69,1.00
2018.05.30 11:36:56.345,1.26735,1.2674,1.31,1.50
2018.05.30 11:36:57.486,1.26735,1.2674,1.88,1.00
2018.05.30 11:36:57.537,1.26736,1.26742,1.12,1.20
2018.05.30 11:36:57.848,1.26733,1.2674,4.01,1.00
2018.05.30 11:36:58.381,1.26735,1.26741,1.87,1.10
2018.05.30 11:36:58.698,1.26733,1.26738,1.85,1.00
2018.05.30 11:36:59.881,1.26732,1.26737,1.85,1.00
2018.05.30 11:37:00.038,1.26733,1.2674,2.89,2.32
2018.05.30 11:37:00.248,1.26733,1.26738,1.57,1.00
2018.05.30 11:37:00.852,1.26733,1.26739,1.50,1.00
2018.05.30 11:37:01.388,1.26732,1.26738,1.85,1.00
2018.05.30 11:37:02.162,1.26732,1.26738,1.20,1.00
2018.05.30 11:37:02.688,1.26732,1.26737,1.95,1.00
2018.05.30 11:37:02.893,1.26735,1.26739,1.00,1.00
2018.05.30 11:37:03.404,1.26734,1.26739,1.00,1.50
2018.05.30 11:37:03.933,1.26735,1.2674,1.00,2.25
2018.05.30 11:37:04.745,1.26735,1.2674,1.50,2.25
2018.05.30 11:37:05.963,1.26735,1.2674,1.00,1.50
2018.05.30 11:37:06.754,1.26734,1.26739,1.31,1.00
2018.05.30 11:37:07.059,1.26735,1.2674,1.50,1.00
2018.05.30 11:37:08.161,1.26736,1.26741,1.12,1.00
2018.05.30 11:37:08.468,1.26742,1.26747,2.89,1.00
2018.05.30 11:37:08.797,1.26746,1.26751,1.00,1.00
2018.05.30 11:37:08.953,1.26749,1.26754,1.12,1.50
2018.05.30 11:37:09.261,1.26751,1.26756,2.25,1.00
2018.05.30 11:37:09.785,1.26752,1.26757,1.30,1.00
2018.05.30 11:37:10.370,1.26752,1.26757,1.57,1.00
2018.05.30 11:37:11.871,1.2675,1.26755,2.70,1.00
2018.05.30 11:37:12.513,1.26749,1.26755,4.01,1.00
2018.05.30 11:37:13.274,1.26751,1.26756,1.50,1.00
2018.05.30 11:37:13.380,1.26753,1.26758,1.00,4.39
2018.05.30 11:37:14.240,1.26751,1.26756,2.81,1.00
2018.05.30 11:37:14.568,1.26746,1.2675,1.00,1.00
2018.05.30 11:37:15.612,1.26743,1.2675,2.70,1.10
2018.05.30 11:37:15.664,1.26743,1.26748,2.70,1.00
2018.05.30 11:37:16.212,1.26742,1.26747,2.44,1.00
2018.05.30 11:37:16.765,1.26742,1.26747,1.76,1.00
2018.05.30 11:37:16.941,1.26743,1.26749,1.12,1.10
2018.05.30 11:37:17.355,1.26742,1.26746,1.82,1.00
2018.05.30 11:37:17.613,1.26742,1.26749,1.39,1.50
2018.05.30 11:37:18.117,1.26743,1.26749,1.31,1.57
2018.05.30 11:37:18.638,1.26742,1.26748,2.14,1.12
2018.05.30 11:37:19.175,1.26742,1.26748,1.69,1.00
2018.05.30 11:37:19.958,1.26741,1.26744,1.75,1.00
2018.05.30 11:37:20.080,1.2674,1.26744,1.20,1.12
2018.05.30 11:37:20.133,1.2674,1.26742,1.12,1.00
2018.05.30 11:37:20.289,1.26735,1.26741,2.07,1.00
2018.05.30 11:37:20.889,1.26734,1.2674,2.62,1.50
2018.05.30 11:37:20.993,1.26732,1.26738,2.14,1.00
2018.05.30 11:37:21.921,1.26732,1.26737,1.69,1.00
2018.05.30 11:37:22.442,1.26732,1.26737,2.00,1.00
2018.05.30 11:37:22.961,1.26732,1.26738,2.00,1.10
2018.05.30 11:37:23.474,1.26731,1.26738,3.64,1.10
2018.05.30 11:37:24.566,1.26732,1.26738,1.95,1.00
2018.05.30 11:37:25.116,1.26734,1.26738,1.00,1.00
2018.05.30 11:37:25.664,1.26735,1.26741,1.50,3.26
2018.05.30 11:37:26.182,1.26737,1.26742,1.00,1.87
2018.05.30 11:37:26.496,1.26741,1.26747,1.12,3.07
2018.05.30 11:37:26.620,1.26742,1.26747,1.19,1.95
2018.05.30 11:37:26.928,1.26734,1.2674,1.57,1.50
2018.05.30 11:37:27.448,1.26733,1.26739,2.00,1.00
2018.05.30 11:37:28.049,1.26733,1.26738,1.75,1.00
2018.05.30 11:37:28.101,1.26733,1.26738,1.12,1.00
2018.05.30 11:37:28.153,1.26735,1.26738,1.00,1.00
2018.05.30 11:37:28.308,1.26734,1.26741,2.32,2.32
2018.05.30 11:37:28.411,1.26738,1.26742,1.00,1.07
2018.05.30 11:37:28.463,1.26738,1.26742,1.00,1.12
2018.05.30 11:37:28.973,1.26739,1.26743,1.00,1.37
2018.05.30 11:37:29.512,1.26738,1.26744,1.31,2.62
2018.05.30 11:37:30.025,1.26738,1.26744,1.50,1.12
2018.05.30 11:37:30.352,1.26737,1.26742,1.85,1.69
2018.05.30 11:37:30.455,1.26733,1.2674,2.14,4.31
2018.05.30 11:37:30.559,1.26732,1.26738,1.12,2.51
2018.05.30 11:37:30.876,1.26734,1.26738,1.00,1.10
2018.05.30 11:37:31.725,1.26732,1.26738,2.14,1.87
2018.05.30 11:37:32.055,1.2673,1.26735,2.62,1.00
2018.05.30 11:37:32.108,1.2673,1.26733,1.00,1.00
2018.05.30 11:37:32.315,1.26726,1.26731,1.57,1.00
2018.05.30 11:37:32.418,1.26726,1.26732,1.12,1.50
2018.05.30 11:37:32.572,1.26724,1.2673,2.70,1.12
2018.05.30 11:37:33.681,1.26724,1.2673,1.39,2.44
2018.05.30 11:37:34.570,1.26725,1.2673,1.00,2.32
2018.05.30 11:37:35.192,1.26724,1.2673,1.31,2.70
2018.05.30 11:37:35.703,1.26722,1.26728,2.32,1.50
2018.05.30 11:37:36.215,1.26722,1.26728,2.19,1.87
2018.05.30 11:37:36.386,1.26721,1.26727,1.12,3.00
2018.05.30 11:37:36.489,1.26723,1.26728,1.00,1.39
2018.05.30 11:37:36.694,1.26728,1.26733,1.25,3.82
2018.05.30 11:37:36.899,1.26729,1.26735,2.14,1.05
2018.05.30 11:37:36.950,1.26731,1.26735,1.00,1.00
2018.05.30 11:37:37.765,1.26731,1.26737,1.31,1.20
2018.05.30 11:37:38.290,1.26732,1.26738,1.00,2.14
2018.05.30 11:37:38.962,1.2673,1.26735,3.07,1.00
2018.05.30 11:37:39.238,1.26728,1.26734,2.14,1.12
2018.05.30 11:37:40.268,1.26728,1.2673,1.45,1.00
2018.05.30 11:37:40.433,1.26719,1.26724,2.32,1.69
2018.05.30 11:37:40.486,1.26719,1.26722,1.07,1.00
2018.05.30 11:37:40.642,1.26717,1.26722,1.76,1.00
2018.05.30 11:37:40.798,1.2672,1.26726,2.06,3.08
2018.05.30 11:37:40.902,1.26719,1.26724,1.95,1.00
2018.05.30 11:37:41.127,1.26719,1.26723,1.39,1.12
2018.05.30 11:37:41.751,1.26719,1.26724,1.88,1.50
2018.05.30 11:37:42.324,1.26721,1.26725,1.25,1.12
2018.05.30 11:37:42.998,1.2672,1.26726,1.00,1.37
2018.05.30 11:37:43.051,1.26721,1.26727,2.25,3.00
2018.05.30 11:37:43.557,1.26722,1.26727,1.25,1.95
2018.05.30 11:37:43.871,1.26724,1.26728,1.25,3.26
2018.05.30 11:37:43.924,1.26726,1.2673,1.44,1.00
2018.05.30 11:37:44.209,1.26723,1.26728,3.45,1.00
2018.05.30 11:37:44.263,1.26722,1.26727,1.10,1.12
2018.05.30 11:37:44.782,1.26722,1.26728,2.14,1.12
2018.05.30 11:37:45.305,1.26722,1.26728,2.33,1.12
2018.05.30 11:37:46.033,1.26722,1.26728,1.39,1.12
2018.05.30 11:37:46.401,1.26722,1.26728,1.58,1.12
2018.05.30 11:37:46.915,1.26724,1.2673,2.89,1.75
2018.05.30 11:37:47.844,1.26725,1.26731,1.50,1.95
2018.05.30 11:37:48.362,1.26726,1.26731,1.50,1.87
2018.05.30 11:37:48.988,1.26727,1.26732,1.25,1.12
2018.05.30 11:37:49.689,1.26727,1.26732,1.95,1.00
2018.05.30 11:37:49.794,1.26728,1.26734,1.81,1.95
2018.05.30 11:37:50.392,1.26727,1.26734,1.87,1.87
2018.05.30 11:37:50.496,1.26728,1.26732,1.00,1.00
2018.05.30 11:37:50.667,1.26728,1.26734,1.00,1.87
2018.05.30 11:37:51.029,1.2673,1.26736,3.38,2.70
2018.05.30 11:37:51.150,1.26731,1.26737,1.57,1.87
2018.05.30 11:37:51.253,1.26731,1.26738,2.51,1.57
2018.05.30 11:37:51.356,1.26731,1.26738,2.32,1.57
2018.05.30 11:37:51.769,1.26733,1.26739,1.88,1.95
2018.05.30 11:37:51.822,1.26734,1.26739,1.31,1.10
2018.05.30 11:37:52.380,1.26733,1.26739,1.57,2.44
2018.05.30 11:37:52.984,1.26733,1.26739,1.20,3.56
2018.05.30 11:37:53.325,1.26736,1.2674,1.00,3.56
2018.05.30 11:37:53.480,1.26737,1.26742,1.87,1.87
2018.05.30 11:37:54.146,1.26738,1.26742,1.00,1.00
2018.05.30 11:37:56.589,1.26738,1.26741,1.00,1.25
2018.05.30 11:37:56.849,1.26735,1.26739,2.70,1.00
2018.05.30 11:37:57.391,1.26734,1.26739,2.44,1.00
2018.05.30 11:37:57.938,1.26734,1.26739,1.12,1.00
2018.05.30 11:37:58.461,1.26733,1.2674,1.95,3.00
2018.05.30 11:37:58.980,1.26733,1.26739,1.57,1.00
2018.05.30 11:37:59.495,1.26735,1.26739,1.25,1.00
2018.05.30 11:38:00.021,1.26735,1.2674,1.00,4.69
2018.05.30 11:38:00.124,1.26734,1.26739,3.45,1.50
2018.05.30 11:38:01.122,1.26734,1.26739,1.57,1.00
2018.05.30 11:38:01.634,1.26733,1.26738,2.51,1.50
2018.05.30 11:38:01.839,1.26732,1.26737,1.76,1.00
2018.05.30 11:38:02.953,1.26732,1.26738,1.13,2.62
2018.05.30 11:38:03.159,1.26736,1.26739,1.00,2.06
2018.05.30 11:38:03.364,1.26736,1.26741,1.50,1.50
2018.05.30 11:38:04.186,1.26737,1.2674,1.12,1.25
2018.05.30 11:38:04.866,1.26737,1.26741,1.50,2.25
2018.05.30 11:38:06.825,1.26734,1.26739,2.70,1.00
2018.05.30 11:38:07.340,1.26733,1.26739,1.85,2.25
2018.05.30 11:38:07.943,1.26733,1.26738,1.69,1.50
2018.05.30 11:38:08.939,1.26733,1.26739,3.37,1.10
2018.05.30 11:38:09.243,1.26738,1.26745,1.76,3.07
2018.05.30 11:38:09.781,1.26738,1.26745,1.76,3.45
2018.05.30 11:38:10.410,1.26738,1.26745,2.51,3.00
2018.05.30 11:38:11.137,1.26739,1.26745,1.76,2.25
2018.05.30 11:38:13.176,1.26737,1.26741,3.07,1.12
2018.05.30 11:38:13.733,1.26734,1.2674,2.25,4.20
2018.05.30 11:38:14.355,1.26734,1.26739,1.50,1.20
2018.05.30 11:38:15.545,1.26735,1.2674,1.50,3.07
2018.05.30 11:38:16.941,1.26733,1.26738,1.00,3.19
2018.05.30 11:38:17.319,1.26732,1.26736,1.00,1.50
2018.05.30 11:38:17.680,1.2673,1.26736,3.19,2.32
2018.05.30 11:38:19.134,1.26728,1.26732,1.95,1.12
2018.05.30 11:38:19.609,1.26725,1.26731,1.50,4.01
2018.05.30 11:38:20.131,1.26725,1.26731,1.25,4.76
2018.05.30 11:38:22.459,1.26725,1.26729,1.00,1.25
2018.05.30 11:38:22.894,1.26722,1.26725,1.76,1.00
2018.05.30 11:38:23.156,1.26715,1.26721,2.70,1.87
2018.05.30 11:38:23.706,1.26715,1.2672,3.07,1.00
2018.05.30 11:38:23.968,1.26717,1.26722,1.44,1.76
2018.05.30 11:38:24.473,1.26716,1.26722,1.01,1.69
2018.05.30 11:38:25.030,1.26715,1.26723,3.45,3.26
2018.05.30 11:38:25.551,1.26716,1.26721,1.00,1.00
2018.05.30 11:38:25.865,1.26718,1.26721,1.00,1.00
2018.05.30 11:38:26.023,1.26719,1.26723,1.12,1.25
2018.05.30 11:38:26.543,1.26719,1.26724,1.44,1.39
2018.05.30 11:38:27.059,1.26719,1.26724,1.13,1.39
2018.05.30 11:38:27.581,1.26719,1.26724,1.38,1.76
2018.05.30 11:38:28.124,1.2672,1.26724,1.44,1.39
2018.05.30 11:38:28.933,1.2672,1.26725,1.44,4.01
2018.05.30 11:38:29.555,1.2672,1.26725,1.31,1.69
2018.05.30 11:38:29.708,1.2672,1.26725,1.50,1.69
2018.05.30 11:38:29.964,1.2672,1.26725,2.63,1.00
2018.05.30 11:38:30.276,1.26724,1.26729,1.25,2.14
2018.05.30 11:38:30.440,1.26726,1.2673,2.32,1.12
2018.05.30 11:38:30.494,1.26726,1.26728,1.00,1.00
2018.05.30 11:38:30.651,1.26724,1.26727,1.00,1.12
2018.05.30 11:38:30.704,1.26722,1.26727,2.06,1.31
2018.05.30 11:38:31.215,1.26722,1.26726,2.06,1.00
2018.05.30 11:38:31.890,1.26722,1.26726,1.69,1.50
2018.05.30 11:38:32.412,1.26721,1.26726,1.00,1.50
2018.05.30 11:38:34.129,1.26719,1.26725,2.63,1.12
2018.05.30 11:38:34.184,1.26718,1.26723,5.51,1.00
2018.05.30 11:38:34.290,1.26715,1.2672,2.51,1.50
2018.05.30 11:38:34.842,1.26716,1.2672,1.00,4.01
2018.05.30 11:38:35.440,1.26715,1.2672,1.00,2.51
2018.05.30 11:38:36.022,1.26715,1.2672,1.00,2.70
2018.05.30 11:38:37.908,1.26716,1.2672,1.25,1.12
2018.05.30 11:38:39.559,1.26717,1.26721,1.00,1.10
2018.05.30 11:38:40.062,1.26715,1.26722,3.83,2.70
2018.05.30 11:38:40.626,1.26715,1.26722,1.39,3.26
2018.05.30 11:38:41.181,1.26716,1.26719,1.00,1.12
2018.05.30 11:38:41.732,1.26715,1.26719,1.00,1.12
2018.05.30 11:38:44.512,1.26717,1.2672,1.00,2.14
2018.05.30 11:38:45.277,1.26715,1.2672,1.00,2.89
2018.05.30 11:38:46.388,1.26714,1.2672,3.00,2.62
2018.05.30 11:38:46.897,1.26715,1.2672,1.00,2.89
2018.05.30 11:38:47.393,1.26714,1.26718,1.00,1.85
2018.05.30 11:38:47.497,1.26709,1.26715,2.89,2.62
2018.05.30 11:38:47.550,1.26709,1.26714,1.45,2.06
2018.05.30 11:38:47.603,1.26709,1.26713,1.50,1.25
2018.05.30 11:38:47.707,1.26706,1.2671,1.57,1.12
2018.05.30 11:38:48.065,1.26703,1.26709,1.95,2.25
2018.05.30 11:38:48.896,1.26704,1.26709,1.44,1.50
2018.05.30 11:38:49.416,1.26706,1.26711,1.00,4.69
2018.05.30 11:38:49.816,1.26707,1.26711,1.00,1.12
2018.05.30 11:38:49.976,1.26705,1.2671,1.00,1.00
2018.05.30 11:38:50.513,1.26704,1.26709,1.44,1.25
2018.05.30 11:38:50.793,1.26706,1.26711,1.44,1.57
2018.05.30 11:38:50.899,1.2671,1.26715,1.00,1.76
2018.05.30 11:38:51.057,1.26708,1.26713,1.00,1.50
2018.05.30 11:38:51.570,1.26705,1.26711,1.10,4.69
2018.05.30 11:38:51.881,1.26704,1.26708,1.00,1.12
2018.05.30 11:38:52.141,1.26701,1.26708,3.45,3.07
2018.05.30 11:38:52.325,1.26701,1.26707,1.95,1.87
2018.05.30 11:38:53.108,1.26701,1.26707,1.12,1.10
2018.05.30 11:38:53.448,1.26699,1.26703,1.12,1.75
2018.05.30 11:38:53.655,1.26693,1.26698,1.10,1.00
2018.05.30 11:38:54.016,1.26695,1.26698,1.00,1.00
2018.05.30 11:38:54.282,1.267,1.26704,1.00,1.10
2018.05.30 11:38:54.646,1.26697,1.26704,3.45,1.50
2018.05.30 11:38:55.289,1.26698,1.26702,1.50,1.25
2018.05.30 11:38:55.343,1.26696,1.267,1.01,1.88
2018.05.30 11:38:55.398,1.26694,1.26699,4.20,1.12
2018.05.30 11:38:55.894,1.26697,1.26699,1.00,1.10
2018.05.30 11:38:56.254,1.26694,1.267,1.58,2.25
2018.05.30 11:38:56.758,1.26694,1.267,1.00,1.95
2018.05.30 11:38:56.809,1.26694,1.26698,1.00,1.00
2018.05.30 11:38:56.912,1.26692,1.26698,1.12,1.57
2018.05.30 11:38:57.374,1.26695,1.26698,1.25,1.00
2018.05.30 11:38:57.708,1.26698,1.26703,1.00,3.26
2018.05.30 11:38:58.115,1.26698,1.26703,1.25,1.50
2018.05.30 11:38:58.167,1.26698,1.26703,1.63,1.00
2018.05.30 11:38:58.219,1.26698,1.26703,1.76,1.00
2018.05.30 11:38:58.322,1.26698,1.26705,2.32,1.39
2018.05.30 11:38:58.475,1.26698,1.26703,3.19,1.00
2018.05.30 11:38:58.784,1.26694,1.26698,1.50,1.00
2018.05.30 11:38:59.793,1.26693,1.26698,2.14,1.00
2018.05.30 11:39:01.291,1.26693,1.26698,1.00,2.51
2018.05.30 11:39:02.006,1.26691,1.26698,1.95,2.81
2018.05.30 11:39:02.115,1.26688,1.26693,1.57,1.50
2018.05.30 11:39:02.167,1.26687,1.26691,2.51,1.12
2018.05.30 11:39:02.378,1.26685,1.26692,3.64,1.31
2018.05.30 11:39:02.803,1.26688,1.26694,1.00,3.37
2018.05.30 11:39:03.013,1.26685,1.26692,4.95,1.00
2018.05.30 11:39:03.065,1.26686,1.26692,1.32,1.00
2018.05.30 11:39:03.168,1.26686,1.26693,2.14,1.20
2018.05.30 11:39:03.221,1.26691,1.26695,1.25,2.32
2018.05.30 11:39:03.273,1.26692,1.26696,1.00,1.76
2018.05.30 11:39:03.462,1.26692,1.26698,2.14,3.19
2018.05.30 11:39:04.047,1.26693,1.26698,1.44,2.25
2018.05.30 11:39:04.563,1.26695,1.26701,1.88,2.07
2018.05.30 11:39:04.616,1.26695,1.26702,2.32,2.89
2018.05.30 11:39:05.129,1.26697,1.26702,1.25,1.69
2018.05.30 11:39:05.770,1.26695,1.267,1.39,1.31
2018.05.30 11:39:06.315,1.26693,1.26699,2.89,1.25
2018.05.30 11:39:06.470,1.26692,1.26699,3.26,1.69
2018.05.30 11:39:06.729,1.26695,1.26699,1.13,1.37
2018.05.30 11:39:07.108,1.26692,1.26699,1.51,1.88
2018.05.30 11:39:07.659,1.26692,1.26698,1.25,1.20
2018.05.30 11:39:08.265,1.26692,1.26698,1.44,1.85
2018.05.30 11:39:08.369,1.26691,1.26696,1.76,1.12
2018.05.30 11:39:08.473,1.26691,1.26696,1.58,1.12
2018.05.30 11:39:08.577,1.26691,1.26696,1.31,1.12
2018.05.30 11:39:09.297,1.26691,1.26696,1.25,1.69
2018.05.30 11:39:09.810,1.2669,1.26694,1.10,1.25
2018.05.30 11:39:10.405,1.2669,1.26694,1.50,1.25
2018.05.30 11:39:10.509,1.2669,1.26696,1.50,1.20
2018.05.30 11:39:11.029,1.2669,1.26695,1.50,1.12
2018.05.30 11:39:11.546,1.2669,1.26695,1.31,1.12
2018.05.30 11:39:12.172,1.2669,1.26695,1.69,1.00
2018.05.30 11:39:14.337,1.26687,1.26691,1.57,1.25
2018.05.30 11:39:14.440,1.26685,1.2669,1.39,1.25
2018.05.30 11:39:14.697,1.26684,1.26688,1.00,1.00
2018.05.30 11:39:15.079,1.2668,1.26684,1.12,3.26
2018.05.30 11:39:15.590,1.26679,1.26683,1.88,1.25
2018.05.30 11:39:16.263,1.26679,1.26683,1.00,1.31
2018.05.30 11:39:16.772,1.26678,1.26684,1.50,4.20
2018.05.30 11:39:17.202,1.2668,1.26683,3.75,1.12
2018.05.30 11:39:17.305,1.26683,1.26688,1.12,1.39
2018.05.30 11:39:17.464,1.26681,1.26687,1.38,2.51
2018.05.30 11:39:17.516,1.2668,1.26686,1.57,3.19
2018.05.30 11:39:17.620,1.26678,1.26683,1.00,2.62
2018.05.30 11:39:18.892,1.26676,1.26683,1.31,4.20
2018.05.30 11:39:19.150,1.26676,1.26683,1.12,4.95
2018.05.30 11:39:19.695,1.26677,1.26682,1.44,1.50
2018.05.30 11:39:20.258,1.26677,1.26682,1.00,3.19
2018.05.30 11:39:20.766,1.26677,1.26681,1.00,1.69
2018.05.30 11:39:21.868,1.26676,1.26681,1.44,1.31
2018.05.30 11:39:22.135,1.26675,1.26681,1.69,2.06
2018.05.30 11:39:22.711,1.26676,1.2668,1.00,1.25
2018.05.30 11:39:23.622,1.26676,1.26681,1.13,3.00
2018.05.30 11:39:24.091,1.26673,1.26678,2.70,1.00
2018.05.30 11:39:24.406,1.26669,1.26674,1.12,1.25
2018.05.30 11:39:24.935,1.26669,1.26674,1.12,1.19
2018.05.30 11:39:25.248,1.26667,1.26672,1.95,3.19
2018.05.30 11:39:26.160,1.26665,1.2667,1.50,1.25
2018.05.30 11:39:26.682,1.26666,1.26671,1.12,2.70
2018.05.30 11:39:27.200,1.26665,1.2667,1.00,1.50
2018.05.30 11:39:30.989,1.2667,1.26672,1.69,1.25
2018.05.30 11:39:31.043,1.2667,1.26675,1.31,4.95
2018.05.30 11:39:31.155,1.26669,1.26675,1.69,1.87
2018.05.30 11:39:31.523,1.26666,1.26673,1.76,1.87
2018.05.30 11:39:31.828,1.26665,1.26672,1.39,2.62
2018.05.30 11:39:32.332,1.26666,1.26671,1.00,3.19
2018.05.30 11:39:32.536,1.26664,1.26671,1.31,4.50
2018.05.30 11:39:33.061,1.26664,1.2667,1.50,1.87
2018.05.30 11:39:33.575,1.26664,1.2667,1.44,2.62
2018.05.30 11:39:34.611,1.26665,1.2667,1.50,1.12
2018.05.30 11:39:34.664,1.2667,1.26673,1.12,2.14
2018.05.30 11:39:34.716,1.26674,1.26676,2.06,2.81
2018.05.30 11:39:34.769,1.26676,1.26678,1.25,1.00
2018.05.30 11:39:34.865,1.26677,1.26679,1.00,1.31
2018.05.30 11:39:34.920,1.26677,1.26683,1.44,1.39
2018.05.30 11:39:34.980,1.2668,1.26684,1.00,1.01
2018.05.30 11:39:35.188,1.26678,1.26684,1.10,2.25
2018.05.30 11:39:35.688,1.26678,1.26683,1.00,3.19
2018.05.30 11:39:35.894,1.26676,1.26683,1.50,3.26
2018.05.30 11:39:37.156,1.26674,1.26678,1.57,1.00
2018.05.30 11:39:37.209,1.26671,1.26676,2.32,1.12
2018.05.30 11:39:37.553,1.2667,1.26675,1.25,1.25
2018.05.30 11:39:38.092,1.26671,1.26675,1.00,1.00
2018.05.30 11:39:38.403,1.26668,1.26675,2.33,2.14
2018.05.30 11:39:38.923,1.26667,1.26673,1.20,1.25
2018.05.30 11:39:39.472,1.26667,1.26673,1.39,1.25
2018.05.30 11:39:39.994,1.26666,1.26672,1.12,1.25
2018.05.30 11:39:40.048,1.26665,1.2667,1.20,1.00
2018.05.30 11:39:41.113,1.26665,1.2667,1.25,2.62
2018.05.30 11:39:45.597,1.26667,1.26669,1.00,1.69
2018.05.30 11:39:45.650,1.26668,1.26672,1.38,2.89
2018.05.30 11:39:45.703,1.26671,1.26674,1.25,1.12
2018.05.30 11:39:45.860,1.26671,1.26676,1.00,2.25
2018.05.30 11:39:45.913,1.26673,1.26676,1.00,1.31
2018.05.30 11:39:46.081,1.26673,1.26678,1.19,4.95
2018.05.30 11:39:46.632,1.26675,1.26678,1.25,4.87
2018.05.30 11:39:47.199,1.26675,1.26679,1.25,4.20
2018.05.30 11:39:48.235,1.26675,1.26678,1.00,1.31
2018.05.30 11:39:48.949,1.26676,1.2668,1.00,3.37
2018.05.30 11:39:49.001,1.26676,1.2668,1.25,1.69
2018.05.30 11:39:49.492,1.26678,1.2668,1.00,1.19
2018.05.30 11:39:49.544,1.26679,1.26683,1.00,1.69
2018.05.30 11:39:49.679,1.2668,1.26685,1.12,2.70
2018.05.30 11:39:49.835,1.2668,1.26687,3.00,4.12
2018.05.30 11:39:50.935,1.26682,1.26687,1.00,2.70
2018.05.30 11:39:51.632,1.26683,1.26687,1.00,1.69
2018.05.30 11:39:52.143,1.26684,1.26687,1.00,1.31
2018.05.30 11:39:52.650,1.26685,1.26688,1.00,4.20
2018.05.30 11:39:52.910,1.26684,1.26689,1.31,2.51
2018.05.30 11:39:52.962,1.26686,1.2669,1.44,1.69
2018.05.30 11:39:53.274,1.26688,1.26693,1.50,1.50
2018.05.30 11:39:53.378,1.26687,1.2669,1.00,1.12
2018.05.30 11:39:54.515,1.26688,1.26693,1.50,2.44
2018.05.30 11:39:55.770,1.26688,1.26692,1.88,1.31
2018.05.30 11:39:56.547,1.26687,1.26693,1.50,3.45
2018.05.30 11:39:57.074,1.26687,1.26692,1.76,1.31
2018.05.30 11:39:57.585,1.26687,1.26692,1.88,1.12
2018.05.30 11:39:58.155,1.26687,1.26692,1.69,1.12
2018.05.30 11:39:58.663,1.26687,1.26693,1.88,5.25
2018.05.30 11:39:59.469,1.26687,1.26692,1.69,1.75
2018.05.30 11:40:00.208,1.26688,1.26692,1.00,2.00
2018.05.30 11:40:00.719,1.26688,1.26693,1.25,6.82
2018.05.30 11:40:01.025,1.2669,1.26692,1.00,1.69
2018.05.30 11:40:01.410,1.26689,1.26693,1.13,1.00
2018.05.30 11:40:01.924,1.2669,1.26693,1.13,1.00
2018.05.30 11:40:02.471,1.26691,1.26693,1.00,1.00
2018.05.30 11:40:03.017,1.26691,1.26694,1.00,1.31
2018.05.30 11:40:03.624,1.26693,1.26695,1.00,3.26
2018.05.30 11:40:03.781,1.26703,1.26709,2.44,2.62
2018.05.30 11:40:03.833,1.26705,1.26709,1.87,2.62
2018.05.30 11:40:04.171,1.26699,1.26705,3.37,6.75
2018.05.30 11:40:04.426,1.26701,1.26705,1.00,7.54
2018.05.30 11:40:04.874,1.26697,1.26701,1.20,2.44
2018.05.30 11:40:05.158,1.26694,1.26699,1.00,2.10
2018.05.30 11:40:05.697,1.26693,1.26697,1.00,1.00
2018.05.30 11:40:06.220,1.26693,1.26699,1.87,3.19
2018.05.30 11:40:06.272,1.26699,1.26702,1.00,1.32
2018.05.30 11:40:06.325,1.26702,1.26705,1.25,1.57
2018.05.30 11:40:06.378,1.26703,1.26708,1.00,2.44
2018.05.30 11:40:06.635,1.26706,1.2671,1.00,1.50
2018.05.30 11:40:06.687,1.26708,1.26714,1.44,4.20
2018.05.30 11:40:07.339,1.2671,1.26713,1.00,1.00
2018.05.30 11:40:08.278,1.26711,1.26715,1.00,2.00
2018.05.30 11:40:09.057,1.26711,1.26715,1.00,1.00
2018.05.30 11:40:09.573,1.2671,1.26715,1.00,1.00
2018.05.30 11:40:09.780,1.2671,1.26715,1.00,2.25
2018.05.30 11:40:09.950,1.26708,1.26712,1.20,1.00
2018.05.30 11:40:10.871,1.26707,1.26712,1.76,1.00
2018.05.30 11:40:11.549,1.26707,1.26711,1.10,1.00
2018.05.30 11:40:11.860,1.26706,1.26708,1.00,1.00
2018.05.30 11:40:12.436,1.26704,1.26708,1.57,1.00
2018.05.30 11:40:12.938,1.26706,1.2671,1.00,2.51
2018.05.30 11:40:13.132,1.26704,1.26709,1.50,3.38
2018.05.30 11:40:13.251,1.26704,1.26707,1.10,1.87
2018.05.30 11:40:13.304,1.26702,1.26706,1.00,1.50
2018.05.30 11:40:13.357,1.26699,1.26705,3.56,1.00
2018.05.30 11:40:13.882,1.26699,1.26705,1.57,1.50
2018.05.30 11:40:14.409,1.26698,1.26704,1.87,1.66
2018.05.30 11:40:15.118,1.26698,1.26703,1.00,1.75
2018.05.30 11:40:16.517,1.26697,1.26703,1.50,2.25
2018.05.30 11:40:17.400,1.26699,1.26704,1.00,3.00
2018.05.30 11:40:17.682,1.26697,1.26703,2.25,2.00
2018.05.30 11:40:17.889,1.26695,1.267,3.07,2.25
2018.05.30 11:40:18.197,1.26699,1.26703,1.25,1.45
2018.05.30 11:40:18.543,1.26703,1.26705,1.00,1.00
2018.05.30 11:40:18.646,1.26701,1.26705,3.07,1.00
2018.05.30 11:40:19.161,1.26702,1.26705,1.00,1.00
2018.05.30 11:40:19.275,1.26702,1.26708,1.12,2.44
2018.05.30 11:40:19.329,1.26704,1.26709,1.00,4.39
2018.05.30 11:40:21.779,1.26702,1.26708,1.87,1.50
2018.05.30 11:40:21.934,1.26701,1.26705,1.50,1.00
2018.05.30 11:40:23.137,1.26701,1.26706,1.12,1.12
2018.05.30 11:40:24.289,1.26701,1.26705,1.00,1.00
2018.05.30 11:40:25.419,1.267,1.26706,2.33,1.50
2018.05.30 11:40:26.581,1.267,1.26706,2.33,1.12
2018.05.30 11:40:27.232,1.26702,1.26706,1.00,1.50
2018.05.30 11:40:27.336,1.267,1.26705,1.57,1.00
2018.05.30 11:40:27.543,1.26702,1.26706,1.00,1.20
2018.05.30 11:40:27.701,1.26704,1.26709,2.25,3.45
2018.05.30 11:40:28.223,1.26704,1.26709,1.20,1.00
2018.05.30 11:40:28.748,1.26705,1.2671,1.00,2.44
2018.05.30 11:40:28.801,1.26705,1.2671,1.88,1.00
2018.05.30 11:40:30.056,1.26705,1.26709,1.00,1.00
2018.05.30 11:40:30.211,1.26701,1.26705,4.95,1.00
2018.05.30 11:40:30.269,1.26701,1.26705,3.75,1.62
2018.05.30 11:40:30.475,1.26698,1.26702,2.07,1.00
2018.05.30 11:40:31.308,1.26698,1.26701,1.75,1.00
2018.05.30 11:40:31.359,1.26696,1.26701,1.95,1.00
2018.05.30 11:40:31.883,1.26696,1.26701,1.95,1.00
2018.05.30 11:40:32.378,1.267,1.26703,1.00,1.01
2018.05.30 11:40:32.482,1.267,1.26706,1.87,1.10
2018.05.30 11:40:32.983,1.26701,1.26707,2.63,1.10
2018.05.30 11:40:33.583,1.26701,1.26706,1.87,1.00
2018.05.30 11:40:34.396,1.26701,1.26705,1.50,1.00
2018.05.30 11:40:34.758,1.26701,1.26703,1.50,1.00
2018.05.30 11:40:34.862,1.26697,1.26702,3.45,1.00
2018.05.30 11:40:34.965,1.26697,1.26701,1.31,1.00
2018.05.30 11:40:35.260,1.26701,1.26704,1.00,1.01
2018.05.30 11:40:35.806,1.26702,1.26705,1.00,1.31
2018.05.30 11:40:35.858,1.26703,1.26708,1.12,1.39
2018.05.30 11:40:36.435,1.26704,1.2671,1.12,4.01
2018.05.30 11:40:36.489,1.26704,1.2671,2.70,2.44
2018.05.30 11:40:37.801,1.26705,1.26711,1.87,3.07
2018.05.30 11:40:38.325,1.26705,1.26711,2.81,1.50
2018.05.30 11:40:38.946,1.26705,1.26711,3.37,1.00
2018.05.30 11:40:39.546,1.2671,1.26714,1.00,1.57
2018.05.30 11:40:39.651,1.26712,1.26716,1.00,3.26
2018.05.30 11:40:39.807,1.26714,1.26718,1.00,2.70
2018.05.30 11:40:39.859,1.26715,1.26719,1.00,1.20
2018.05.30 11:40:40.232,1.26716,1.26721,1.50,1.57
2018.05.30 11:40:40.747,1.26715,1.2672,2.25,1.00
2018.05.30 11:40:41.284,1.26714,1.26719,2.32,1.00
2018.05.30 11:40:41.798,1.26714,1.26721,2.32,3.26
2018.05.30 11:40:42.167,1.26712,1.26716,1.57,1.25
2018.05.30 11:40:42.270,1.26711,1.26715,1.00,1.50
2018.05.30 11:40:42.580,1.26706,1.2671,6.07,1.25
2018.05.30 11:40:42.686,1.26706,1.2671,3.37,3.19
2018.05.30 11:40:43.776,1.26704,1.2671,1.50,3.64
2018.05.30 11:40:44.326,1.26704,1.26709,2.25,1.00
2018.05.30 11:40:44.894,1.26704,1.26709,3.07,1.50
2018.05.30 11:40:46.735,1.26709,1.26711,1.00,1.20
2018.05.30 11:40:46.875,1.2671,1.26716,1.87,1.57
2018.05.30 11:40:47.191,1.2671,1.26714,2.25,1.00
2018.05.30 11:40:47.297,1.26708,1.26712,1.95,1.00
2018.05.30 11:40:47.453,1.26706,1.26711,2.70,2.06
2018.05.30 11:40:48.119,1.26706,1.26711,2.32,1.31
2018.05.30 11:40:48.429,1.26706,1.2671,1.12,1.00
2018.05.30 11:40:48.674,1.26706,1.26712,1.69,4.95
2018.05.30 11:40:49.032,1.26707,1.2671,1.00,2.25
2018.05.30 11:40:49.135,1.26702,1.26706,1.37,1.00
2018.05.30 11:40:49.640,1.26702,1.26706,1.00,3.82
2018.05.30 11:40:50.260,1.26701,1.26706,1.50,4.57
2018.05.30 11:40:50.967,1.26702,1.26706,1.00,3.82
2018.05.30 11:40:51.504,1.26702,1.26706,1.12,3.00
2018.05.30 11:40:52.892,1.267,1.26705,1.85,1.12
2018.05.30 11:40:53.305,1.267,1.26703,1.75,1.00
2018.05.30 11:40:53.810,1.267,1.26704,1.75,1.50
2018.05.30 11:40:53.917,1.267,1.26704,1.12,1.50
2018.05.30 11:40:54.970,1.26698,1.26703,3.07,1.50
2018.05.30 11:40:55.022,1.26698,1.26703,1.95,1.50
2018.05.30 11:40:55.127,1.267,1.26704,1.00,2.25
2018.05.30 11:40:55.284,1.26698,1.26703,2.06,1.00
2018.05.30 11:40:55.877,1.26697,1.26704,1.76,2.32
2018.05.30 11:40:56.113,1.26697,1.26704,3.26,2.32
2018.05.30 11:40:56.424,1.26702,1.26705,1.00,1.00
2018.05.30 11:40:58.197,1.267,1.26706,2.81,1.12
2018.05.30 11:40:58.716,1.26703,1.26706,1.00,2.06
2018.05.30 11:40:59.523,1.26702,1.26706,1.00,1.12
2018.05.30 11:40:59.905,1.26704,1.26706,1.00,1.00
2018.05.30 11:41:00.061,1.26704,1.26708,1.50,3.19
2018.05.30 11:41:00.581,1.26704,1.26709,1.50,2.51
2018.05.30 11:41:01.719,1.26704,1.26708,2.25,1.25
2018.05.30 11:41:02.221,1.26704,1.26709,2.25,4.01
2018.05.30 11:41:04.025,1.26704,1.26709,1.87,3.26
2018.05.30 11:41:04.130,1.26704,1.26707,1.12,1.00
2018.05.30 11:41:05.377,1.26704,1.26708,1.00,2.70
2018.05.30 11:41:07.168,1.26703,1.26708,1.12,3.82
2018.05.30 11:41:07.719,1.26703,1.26707,1.12,2.10
2018.05.30 11:41:09.405,1.26701,1.26705,1.00,1.69
2018.05.30 11:41:09.713,1.267,1.26702,1.12,1.00
2018.05.30 11:41:10.472,1.267,1.26703,1.12,2.81
2018.05.30 11:41:11.011,1.267,1.26702,1.00,1.25
2018.05.30 11:41:11.516,1.267,1.26703,1.00,3.75
2018.05.30 11:41:12.165,1.267,1.26703,1.00,3.75
2018.05.30 11:41:12.708,1.26697,1.26701,2.25,1.50
2018.05.30 11:41:13.230,1.26697,1.26701,2.44,1.00
2018.05.30 11:41:13.794,1.26697,1.26702,1.12,5.14
2018.05.30 11:41:14.251,1.26696,1.26701,1.50,4.01
2018.05.30 11:41:14.355,1.26694,1.26698,1.39,1.00
2018.05.30 11:41:14.917,1.26695,1.26699,1.25,1.12
2018.05.30 11:41:15.230,1.26693,1.26697,2.32,1.00
2018.05.30 11:41:15.643,1.2669,1.26694,1.20,1.00
2018.05.30 11:41:15.798,1.2669,1.26695,1.00,3.64
2018.05.30 11:41:16.634,1.2669,1.26694,1.50,1.00
2018.05.30 11:41:17.536,1.2669,1.26695,1.50,3.07
2018.05.30 11:41:18.069,1.26689,1.26694,2.25,1.00
2018.05.30 11:41:18.965,1.26688,1.26694,1.76,1.12
2018.05.30 11:41:19.491,1.26688,1.26693,1.57,1.00
2018.05.30 11:41:20.051,1.26688,1.26693,1.50,1.00
2018.05.30 11:41:20.598,1.26687,1.26692,3.07,1.00
2018.05.30 11:41:20.650,1.26686,1.26692,1.57,3.75
2018.05.30 11:41:20.956,1.26688,1.26692,1.00,1.31
2018.05.30 11:41:21.753,1.26688,1.26692,1.87,1.00
2018.05.30 11:41:22.266,1.26688,1.26693,1.87,2.14
2018.05.30 11:41:22.744,1.26686,1.26691,2.32,1.00
2018.05.30 11:41:23.070,1.26685,1.26688,1.50,1.00
2018.05.30 11:41:23.689,1.26684,1.26689,1.75,1.12
2018.05.30 11:41:24.217,1.26683,1.26689,3.75,1.87
2018.05.30 11:41:25.172,1.26682,1.26689,1.47,1.95
2018.05.30 11:41:25.980,1.26682,1.26687,1.50,1.00
2018.05.30 11:41:26.334,1.2668,1.26684,6.00,1.00
2018.05.30 11:41:26.849,1.2668,1.26685,3.75,1.12
2018.05.30 11:41:27.393,1.2668,1.26684,1.75,1.00
2018.05.30 11:41:27.921,1.26679,1.26684,2.25,1.00
2018.05.30 11:41:28.524,1.26679,1.26684,1.37,1.50
2018.05.30 11:41:29.277,1.26676,1.26678,1.10,1.37
2018.05.30 11:41:29.383,1.26672,1.26675,1.70,1.12
2018.05.30 11:41:29.436,1.26672,1.26675,2.25,1.12
2018.05.30 11:41:29.944,1.26671,1.26676,1.50,1.50
2018.05.30 11:41:30.810,1.26672,1.26677,1.31,1.10
2018.05.30 11:41:30.862,1.26673,1.26677,1.50,1.00
2018.05.30 11:41:30.914,1.26674,1.2668,1.31,2.70
2018.05.30 11:41:30.966,1.26676,1.2668,1.00,1.20
2018.05.30 11:41:31.018,1.26674,1.26679,1.31,1.00
2018.05.30 11:41:31.225,1.26671,1.26679,3.45,2.70
2018.05.30 11:41:32.135,1.26672,1.26679,1.76,3.26
2018.05.30 11:41:32.341,1.26673,1.26679,1.31,1.12
2018.05.30 11:41:33.440,1.26673,1.2668,2.70,2.81
2018.05.30 11:41:33.965,1.26673,1.2668,4.57,1.87
2018.05.30 11:41:34.573,1.26675,1.2668,1.50,1.50
2018.05.30 11:41:34.626,1.26683,1.26684,1.25,1.00
2018.05.30 11:41:34.680,1.26685,1.26686,4.12,1.00
2018.05.30 11:41:34.733,1.26689,1.26691,1.50,1.00
2018.05.30 11:41:34.802,1.26689,1.26692,1.50,1.76
2018.05.30 11:41:34.959,1.26689,1.26694,1.69,1.00
2018.05.30 11:41:35.871,1.2669,1.26694,1.47,1.00
2018.05.30 11:41:36.389,1.2669,1.26695,1.57,1.00
2018.05.30 11:41:37.094,1.2669,1.26695,1.20,1.00
2018.05.30 11:41:37.301,1.2669,1.26697,2.70,2.25
2018.05.30 11:41:37.459,1.26691,1.26698,1.39,1.12
2018.05.30 11:41:38.006,1.26693,1.26699,1.69,1.00
2018.05.30 11:41:38.808,1.26694,1.26698,1.12,1.00
2018.05.30 11:41:39.315,1.26694,1.26699,1.39,1.00
2018.05.30 11:41:40.141,1.26694,1.267,1.87,1.20
2018.05.30 11:41:40.488,1.26698,1.26702,2.04,1.00
2018.05.30 11:41:42.081,1.26697,1.26701,3.26,1.00
2018.05.30 11:41:42.134,1.26697,1.26701,1.76,1.00
2018.05.30 11:41:42.661,1.26697,1.26702,1.00,1.12
2018.05.30 11:41:43.691,1.26696,1.26701,1.57,1.00
2018.05.30 11:41:44.210,1.26696,1.267,1.57,1.00
2018.05.30 11:41:45.186,1.26695,1.26698,2.25,1.00
2018.05.30 11:41:45.642,1.26695,1.26701,2.25,2.32
2018.05.30 11:41:46.569,1.26696,1.26701,4.39,1.00
2018.05.30 11:41:46.959,1.26697,1.26703,1.20,1.69
2018.05.30 11:41:47.500,1.26696,1.26702,3.07,1.00
2018.05.30 11:41:47.724,1.26697,1.267,1.00,1.00
2018.05.30 11:41:49.023,1.26696,1.26701,1.50,1.00
2018.05.30 11:41:49.332,1.26695,1.26699,2.32,1.00
2018.05.30 11:41:49.940,1.26695,1.26702,1.76,5.36
2018.05.30 11:41:50.979,1.26695,1.267,1.57,1.00
2018.05.30 11:41:51.420,1.26699,1.26703,1.50,1.50
2018.05.30 11:41:51.524,1.267,1.26705,1.12,1.87
2018.05.30 11:41:51.576,1.267,1.26705,3.07,1.00
2018.05.30 11:41:53.343,1.26701,1.26707,1.85,1.00
2018.05.30 11:41:53.858,1.26702,1.26703,1.00,1.00
2018.05.30 11:41:53.911,1.26699,1.26703,1.57,1.00
2018.05.30 11:41:53.965,1.26698,1.26702,1.57,1.00
2018.05.30 11:41:56.187,1.26698,1.26702,1.00,1.50
2018.05.30 11:41:57.276,1.26696,1.26702,2.70,1.50
2018.05.30 11:41:58.736,1.26699,1.26703,1.00,1.00
2018.05.30 11:41:59.044,1.26703,1.26708,1.25,1.57
2018.05.30 11:41:59.096,1.26707,1.2671,1.00,1.07
2018.05.30 11:41:59.199,1.26708,1.26712,1.00,1.10
2018.05.30 11:41:59.525,1.26707,1.2671,1.12,1.00
2018.05.30 11:41:59.681,1.26707,1.26712,1.12,2.25
2018.05.30 11:42:00.205,1.26706,1.26711,1.69,1.50
2018.05.30 11:42:00.742,1.26707,1.2671,2.32,1.00
2018.05.30 11:42:00.793,1.26707,1.26712,2.14,1.00
2018.05.30 11:42:01.105,1.26707,1.26711,2.51,1.00
2018.05.30 11:42:01.413,1.26712,1.26714,1.50,1.00
2018.05.30 11:42:01.465,1.26713,1.26717,1.12,1.00
2018.05.30 11:42:01.621,1.26714,1.26717,1.50,1.00
2018.05.30 11:42:01.781,1.26715,1.2672,3.37,2.70
2018.05.30 11:42:01.833,1.26717,1.2672,1.50,1.12
2018.05.30 11:42:02.066,1.26718,1.26722,2.25,1.00
2018.05.30 11:42:02.118,1.26718,1.26724,1.57,1.50
2018.05.30 11:42:02.632,1.26718,1.26723,3.07,1.00
2018.05.30 11:42:03.179,1.26718,1.26722,1.57,1.50
2018.05.30 11:42:03.771,1.26717,1.26721,1.57,1.00
2018.05.30 11:42:04.284,1.26717,1.2672,1.00,1.50
2018.05.30 11:42:04.442,1.26714,1.26719,4.01,3.00
2018.05.30 11:42:05.426,1.26715,1.2672,1.12,1.50
2018.05.30 11:42:05.841,1.26713,1.26718,5.51,1.00
2018.05.30 11:42:06.076,1.26711,1.26716,4.20,1.00
2018.05.30 11:42:08.324,1.2671,1.26716,1.01,1.87
2018.05.30 11:42:09.654,1.26709,1.26717,1.87,3.82
2018.05.30 11:42:10.174,1.26709,1.26716,1.12,3.19
2018.05.30 11:42:11.177,1.26707,1.26711,4.39,1.00
2018.05.30 11:42:11.694,1.26707,1.2671,1.75,1.50
2018.05.30 11:42:11.849,1.26706,1.26712,2.44,1.00
2018.05.30 11:42:13.438,1.26708,1.26713,1.12,1.12
2018.05.30 11:42:13.489,1.26708,1.26713,3.37,1.00
2018.05.30 11:42:14.022,1.26708,1.26714,3.37,3.19
2018.05.30 11:42:14.684,1.26709,1.26714,1.50,3.00
2018.05.30 11:42:16.760,1.26708,1.26712,1.75,1.50
2018.05.30 11:42:16.813,1.26707,1.26711,2.51,1.50
2018.05.30 11:42:17.334,1.26706,1.2671,1.75,1.50
2018.05.30 11:42:17.859,1.26706,1.26709,1.75,1.00
2018.05.30 11:42:18.370,1.26704,1.26709,3.26,1.00
2018.05.30 11:42:19.053,1.26704,1.2671,3.07,3.00
2018.05.30 11:42:19.362,1.26704,1.26708,1.85,1.00
2018.05.30 11:42:19.597,1.26704,1.2671,1.85,3.75
2018.05.30 11:42:19.912,1.26704,1.26708,1.75,1.00
2018.05.30 11:42:20.449,1.26704,1.26709,1.50,1.00
2018.05.30 11:42:20.992,1.26704,1.26708,1.50,1.00
2018.05.30 11:42:21.540,1.26704,1.26707,1.50,1.00
2018.05.30 11:42:22.068,1.26704,1.26708,1.50,1.00
2018.05.30 11:42:22.900,1.26704,1.26707,1.50,1.00
2018.05.30 11:42:24.035,1.26704,1.26707,1.50,1.00
2018.05.30 11:42:24.741,1.26704,1.26706,1.50,1.00
2018.05.30 11:42:25.623,1.26703,1.26708,1.50,1.50
2018.05.30 11:42:26.365,1.26703,1.26707,1.69,1.00
2018.05.30 11:42:26.675,1.26702,1.26705,1.85,1.00
2018.05.30 11:42:26.779,1.26701,1.26704,1.39,1.00
2018.05.30 11:42:27.140,1.26702,1.26706,1.31,1.00
2018.05.30 11:42:27.644,1.267,1.26706,4.12,1.00
2018.05.30 11:42:28.183,1.267,1.26705,2.62,1.00
2018.05.30 11:42:28.730,1.26701,1.26707,1.75,2.25
2018.05.30 11:42:29.838,1.26702,1.26706,1.87,1.00
2018.05.30 11:42:30.339,1.26702,1.26707,2.00,1.50
2018.05.30 11:42:31.146,1.26705,1.2671,1.75,3.07
2018.05.30 11:42:31.457,1.26706,1.26707,1.00,1.00
2018.05.30 11:42:31.993,1.26704,1.26708,2.44,2.25
2018.05.30 11:42:32.044,1.26703,1.26708,1.95,2.25
2018.05.30 11:42:33.036,1.26702,1.26708,2.70,1.50
2018.05.30 11:42:33.746,1.26703,1.26707,1.01,1.00
2018.05.30 11:42:35.664,1.26702,1.26706,1.10,1.12
2018.05.30 11:42:36.189,1.267,1.26705,1.50,1.00
2018.05.30 11:42:37.967,1.26701,1.26706,1.12,6.07
2018.05.30 11:42:38.595,1.267,1.26705,1.50,1.69
2018.05.30 11:42:40.017,1.267,1.26706,1.69,3.00
2018.05.30 11:42:40.071,1.26705,1.26708,1.25,1.57
2018.05.30 11:42:40.229,1.26706,1.2671,1.87,1.00
2018.05.30 11:42:40.905,1.26706,1.26711,1.50,1.10
2018.05.30 11:42:41.087,1.26707,1.26709,1.12,1.00
2018.05.30 11:42:42.329,1.26707,1.2671,1.12,1.00
2018.05.30 11:42:42.917,1.26707,1.26709,1.12,1.00
2018.05.30 11:42:43.469,1.26705,1.26708,1.75,1.00
2018.05.30 11:42:43.625,1.26704,1.26707,1.95,1.00
2018.05.30 11:42:44.336,1.26703,1.26708,2.25,1.00
2018.05.30 11:42:44.648,1.26704,1.26706,1.00,1.00
2018.05.30 11:42:45.163,1.26702,1.26706,4.20,1.00
2018.05.30 11:42:45.702,1.26702,1.26707,3.82,1.00
2018.05.30 11:42:46.011,1.26702,1.26705,2.00,1.00
2018.05.30 11:42:46.538,1.26699,1.26702,3.07,1.50
2018.05.30 11:42:47.056,1.26699,1.26703,1.75,1.50
2018.05.30 11:42:47.671,1.26699,1.26702,1.75,1.00
2018.05.30 11:42:48.872,1.26699,1.26703,1.75,1.50
2018.05.30 11:42:49.924,1.26699,1.26702,1.75,1.00
2018.05.30 11:42:50.485,1.26699,1.26703,1.75,1.00
2018.05.30 11:42:51.715,1.26701,1.26704,1.12,1.50
2018.05.30 11:42:52.074,1.26701,1.26706,1.50,1.12
2018.05.30 11:42:52.672,1.26701,1.26705,1.12,1.00
2018.05.30 11:42:52.930,1.26704,1.26705,1.00,1.00
2018.05.30 11:42:52.983,1.26705,1.26708,1.00,1.57
2018.05.30 11:42:53.036,1.26707,1.26709,1.25,2.25
2018.05.30 11:42:53.297,1.2671,1.26713,1.25,1.00
2018.05.30 11:42:53.837,1.26711,1.26713,1.00,1.00
2018.05.30 11:42:53.891,1.26713,1.26716,1.00,1.95
2018.05.30 11:42:53.996,1.26714,1.26717,1.00,1.50
2018.05.30 11:42:54.047,1.26714,1.26715,1.00,1.00
2018.05.30 11:42:54.795,1.26714,1.26716,1.00,1.00
2018.05.30 11:42:54.950,1.26712,1.26715,1.00,1.00
2018.05.30 11:42:55.213,1.26712,1.26714,1.00,1.00
2018.05.30 11:42:55.520,1.26712,1.26715,1.50,1.00
2018.05.30 11:42:56.030,1.26712,1.26715,1.12,1.00
2018.05.30 11:42:56.133,1.26712,1.26714,1.12,1.00
2018.05.30 11:42:56.672,1.26712,1.26714,1.12,1.00
2018.05.30 11:42:57.173,1.2671,1.26713,2.25,1.00
2018.05.30 11:42:57.888,1.2671,1.26714,2.25,1.00
2018.05.30 11:42:57.992,1.26708,1.26711,1.20,1.25
2018.05.30 11:42:58.098,1.26705,1.26708,1.87,1.00
2018.05.30 11:42:58.178,1.26705,1.26708,1.00,1.00
2018.05.30 11:42:58.490,1.26703,1.26707,1.12,1.00
2018.05.30 11:42:59.160,1.26701,1.26705,1.85,1.50
2018.05.30 11:42:59.324,1.26699,1.26704,1.76,1.00
2018.05.30 11:42:59.841,1.26699,1.26703,1.57,1.00
2018.05.30 11:43:00.358,1.26699,1.26704,1.85,1.00
2018.05.30 11:43:01.054,1.26699,1.26705,1.85,3.00
2018.05.30 11:43:01.852,1.26698,1.26703,3.82,1.00
2018.05.30 11:43:02.114,1.26701,1.26705,1.00,1.10
2018.05.30 11:43:02.637,1.26699,1.26704,2.44,1.50
2018.05.30 11:43:02.740,1.26698,1.26702,3.26,1.00
2018.05.30 11:43:02.902,1.26698,1.26704,2.51,2.25
2018.05.30 11:43:04.595,1.267,1.26705,1.12,2.62
2018.05.30 11:43:05.026,1.26698,1.26703,2.81,1.00
2018.05.30 11:43:05.344,1.26698,1.26705,2.06,1.50
2018.05.30 11:43:06.477,1.26699,1.26705,2.25,2.25
2018.05.30 11:43:07.506,1.267,1.26706,2.51,1.12
2018.05.30 11:43:08.074,1.26701,1.26705,1.69,1.00
2018.05.30 11:43:08.768,1.26701,1.26706,1.50,1.50
2018.05.30 11:43:09.298,1.26701,1.26705,1.69,1.00
2018.05.30 11:43:09.808,1.26701,1.26706,1.69,1.25
2018.05.30 11:43:10.320,1.267,1.26705,4.69,1.00
2018.05.30 11:43:10.838,1.26699,1.26704,6.45,1.50
2018.05.30 11:43:11.091,1.26699,1.26704,4.95,1.50
2018.05.30 11:43:12.697,1.26701,1.26704,1.25,1.50
2018.05.30 11:43:13.276,1.267,1.26704,4.31,1.00
2018.05.30 11:43:13.602,1.26702,1.26704,1.25,1.00
2018.05.30 11:43:13.836,1.26703,1.26706,1.00,1.00
2018.05.30 11:43:14.559,1.26704,1.26708,1.25,3.07
2018.05.30 11:43:15.107,1.26705,1.26708,1.25,2.70
2018.05.30 11:43:15.595,1.26707,1.26709,1.25,1.20
2018.05.30 11:43:15.649,1.2671,1.26712,1.00,1.10
2018.05.30 11:43:16.196,1.2671,1.26713,1.00,1.12
2018.05.30 11:43:16.348,1.26711,1.26715,1.12,1.57
2018.05.30 11:43:17.635,1.26713,1.26715,1.00,1.00
2018.05.30 11:43:17.818,1.26715,1.26718,1.00,2.25
2018.05.30 11:43:18.708,1.26715,1.26719,1.00,1.39
2018.05.30 11:43:20.092,1.26714,1.26719,1.12,1.20
2018.05.30 11:43:20.199,1.26717,1.2672,1.00,1.57
2018.05.30 11:43:20.358,1.26719,1.26722,1.00,1.12
2018.05.30 11:43:20.872,1.26718,1.26723,1.69,3.08
2018.05.30 11:43:21.282,1.26715,1.2672,2.44,2.25
2018.05.30 11:43:21.590,1.26715,1.26718,1.69,1.69
2018.05.30 11:43:22.127,1.26713,1.26717,2.81,1.00
2018.05.30 11:43:22.650,1.26712,1.26717,1.69,1.69
2018.05.30 11:43:23.187,1.26712,1.26715,1.69,1.00
2018.05.30 11:43:23.291,1.26711,1.26712,1.25,1.00
2018.05.30 11:43:23.343,1.26709,1.26712,1.39,1.50
2018.05.30 11:43:23.397,1.26707,1.26711,1.39,1.50
2018.05.30 11:43:23.603,1.26706,1.26709,1.69,1.00
2018.05.30 11:43:24.118,1.26705,1.26708,4.69,1.00
2018.05.30 11:43:24.221,1.26705,1.26708,3.56,1.00
2018.05.30 11:43:24.275,1.26703,1.26706,4.01,1.50
2018.05.30 11:43:24.797,1.26704,1.26705,1.00,1.00
2018.05.30 11:43:25.321,1.26703,1.26705,1.69,1.00
2018.05.30 11:43:26.419,1.26702,1.26705,1.31,1.00
2018.05.30 11:43:26.470,1.26703,1.26707,1.25,1.00
2018.05.30 11:43:26.625,1.26705,1.26708,1.88,1.10
2018.05.30 11:43:27.161,1.26705,1.26707,1.25,1.00
2018.05.30 11:43:27.366,1.26701,1.26706,2.89,1.25
2018.05.30 11:43:27.418,1.26701,1.26704,1.20,1.00
2018.05.30 11:43:27.470,1.26701,1.26704,1.25,1.00
2018.05.30 11:43:27.838,1.26701,1.26706,2.06,4.12
2018.05.30 11:43:28.147,1.26702,1.26704,1.25,1.00
2018.05.30 11:43:28.693,1.26701,1.26706,1.31,1.50
2018.05.30 11:43:29.055,1.26701,1.26704,1.50,1.00
2018.05.30 11:43:29.627,1.26701,1.26705,1.69,1.00
2018.05.30 11:43:30.286,1.26701,1.26706,4.20,1.00
2018.05.30 11:43:30.800,1.26701,1.26705,1.50,1.50
2018.05.30 11:43:31.344,1.267,1.26705,1.95,1.00
2018.05.30 11:43:31.854,1.267,1.26704,4.01,1.00
2018.05.30 11:43:32.695,1.267,1.26705,2.70,1.50
2018.05.30 11:43:32.997,1.267,1.26703,2.14,1.00
2018.05.30 11:43:33.153,1.26701,1.26706,1.00,1.50
2018.05.30 11:43:33.661,1.26702,1.26707,1.00,1.50
2018.05.30 11:43:34.069,1.26702,1.26707,1.88,1.00
2018.05.30 11:43:34.536,1.26705,1.2671,1.88,1.00
2018.05.30 11:43:35.054,1.26705,1.26711,2.51,1.87
2018.05.30 11:43:35.557,1.26706,1.26711,1.31,1.87
2018.05.30 11:43:35.769,1.26706,1.26711,2.19,1.00
2018.05.30 11:43:36.583,1.26706,1.26712,1.95,1.50
2018.05.30 11:43:37.125,1.26706,1.26711,1.69,1.00
2018.05.30 11:43:37.433,1.26705,1.26709,3.64,1.00
2018.05.30 11:43:37.972,1.26705,1.2671,2.70,1.00
2018.05.30 11:43:38.512,1.26705,1.26711,2.32,2.25
2018.05.30 11:43:38.936,1.26705,1.26709,2.70,1.00
2018.05.30 11:43:39.453,1.26704,1.26709,1.10,1.00
2018.05.30 11:43:39.954,1.26704,1.26708,1.25,1.00
2018.05.30 11:43:42.042,1.26704,1.26708,1.19,1.00
2018.05.30 11:43:42.362,1.26707,1.26711,1.00,2.70
2018.05.30 11:43:42.622,1.26709,1.26714,1.50,1.00
2018.05.30 11:43:43.137,1.26709,1.26715,2.33,1.69
2018.05.30 11:43:43.191,1.26712,1.26716,1.50,1.10
2018.05.30 11:43:43.880,1.26712,1.26717,1.00,1.25
2018.05.30 11:43:44.303,1.26711,1.26717,2.44,1.00
2018.05.30 11:43:44.355,1.26712,1.26717,1.87,1.00
2018.05.30 11:43:44.458,1.26713,1.26717,1.19,1.00
2018.05.30 11:43:45.039,1.26713,1.26718,1.69,1.10
2018.05.30 11:43:46.122,1.26715,1.26718,1.12,1.50
2018.05.30 11:43:46.425,1.26723,1.26725,1.00,4.57
2018.05.30 11:43:46.581,1.26724,1.26728,1.50,1.10
2018.05.30 11:43:47.283,1.26724,1.26727,1.50,1.00
2018.05.30 11:43:47.826,1.26724,1.26728,1.12,1.00
2018.05.30 11:43:48.621,1.26723,1.26727,1.50,1.00
2018.05.30 11:43:49.243,1.26723,1.26728,1.50,1.00
2018.05.30 11:43:50.117,1.26723,1.26727,1.50,1.00
2018.05.30 11:43:51.599,1.26723,1.26728,1.50,1.00
2018.05.30 11:43:52.112,1.26723,1.26727,1.50,1.00
2018.05.30 11:43:52.768,1.26723,1.26728,1.50,1.10
2018.05.30 11:43:53.273,1.26723,1.26727,1.50,1.00
2018.05.30 11:43:54.123,1.26724,1.26728,1.12,1.00
2018.05.30 11:43:54.492,1.26726,1.26727,1.00,1.00
2018.05.30 11:43:54.993,1.26726,1.26728,1.00,1.00
2018.05.30 11:43:55.521,1.26725,1.26728,1.75,1.00
2018.05.30 11:43:56.031,1.26725,1.26727,1.50,1.00
2018.05.30 11:43:56.867,1.26725,1.26728,1.12,1.00
2018.05.30 11:43:57.432,1.26725,1.26727,1.12,1.00
2018.05.30 11:43:58.377,1.26723,1.26728,2.25,1.50
2018.05.30 11:43:59.546,1.26723,1.26727,2.25,1.00
2018.05.30 11:44:00.663,1.26723,1.26728,2.44,1.69
2018.05.30 11:44:02.456,1.26724,1.26727,1.50,1.00
2018.05.30 11:44:02.790,1.26723,1.26728,1.31,1.50
2018.05.30 11:44:03.372,1.26724,1.26728,1.00,1.50
2018.05.30 11:44:03.454,1.26721,1.26725,2.89,1.00
2018.05.30 11:44:03.997,1.2672,1.26725,2.51,1.50
2018.05.30 11:44:04.346,1.26719,1.26723,7.76,1.00
2018.05.30 11:44:04.605,1.26719,1.26725,3.82,1.50
2018.05.30 11:44:04.766,1.26725,1.26727,1.00,1.00
2018.05.30 11:44:04.921,1.26731,1.26736,1.00,1.10
2018.05.30 11:44:05.270,1.26733,1.26736,1.00,1.12
2018.05.30 11:44:05.426,1.26732,1.26739,1.57,2.89
2018.05.30 11:44:05.479,1.26732,1.26739,3.26,2.32
2018.05.30 11:44:06.385,1.26733,1.26736,1.76,1.00
2018.05.30 11:44:06.702,1.26733,1.26739,1.95,1.00
2018.05.30 11:44:07.063,1.26733,1.26736,2.51,1.00
2018.05.30 11:44:07.638,1.26733,1.26737,2.00,1.00
2018.05.30 11:44:08.158,1.26734,1.26736,1.69,1.00
2018.05.30 11:44:09.021,1.26732,1.26737,4.01,1.00
2018.05.30 11:44:09.873,1.26732,1.26736,3.19,1.00
2018.05.30 11:44:10.163,1.26732,1.26736,1.50,1.00
2018.05.30 11:44:11.206,1.26735,1.26739,1.00,2.89
2018.05.30 11:44:11.420,1.26737,1.26743,1.12,4.20
2018.05.30 11:44:11.524,1.26734,1.26738,5.89,1.00
2018.05.30 11:44:11.579,1.26733,1.26738,2.70,1.00
2018.05.30 11:44:11.692,1.26735,1.26738,1.75,1.00
2018.05.30 11:44:11.743,1.26737,1.26742,1.12,2.32
2018.05.30 11:44:12.050,1.26737,1.26742,1.12,1.20
2018.05.30 11:44:13.938,1.26738,1.26743,1.00,3.45
2018.05.30 11:44:13.990,1.26738,1.26743,1.75,1.50
2018.05.30 11:44:14.299,1.26742,1.26745,1.25,1.00
2018.05.30 11:44:14.351,1.26742,1.26747,1.12,1.10
2018.05.30 11:44:14.504,1.26742,1.26747,1.95,1.00
2018.05.30 11:44:15.008,1.26742,1.26748,2.00,1.00
2018.05.30 11:44:15.339,1.26747,1.26751,1.50,1.25
2018.05.30 11:44:15.848,1.26748,1.26752,1.12,1.25
2018.05.30 11:44:16.198,1.2675,1.26752,1.00,1.00
2018.05.30 11:44:16.983,1.2675,1.26753,1.00,1.00
2018.05.30 11:44:17.153,1.2675,1.26756,1.50,2.51
2018.05.30 11:44:17.310,1.2675,1.26756,1.75,1.57
2018.05.30 11:44:17.815,1.26751,1.26755,1.50,1.00
2018.05.30 11:44:19.258,1.2675,1.26756,3.64,1.25
2018.05.30 11:44:19.569,1.26753,1.26758,1.75,1.00
2018.05.30 11:44:20.073,1.26753,1.26758,1.50,1.25
2018.05.30 11:44:20.944,1.26755,1.26759,1.00,1.12
2018.05.30 11:44:21.450,1.26754,1.26758,2.44,1.00
2018.05.30 11:44:22.166,1.26754,1.26759,2.44,1.50
2018.05.30 11:44:22.700,1.26754,1.26758,3.19,1.00
2018.05.30 11:44:23.343,1.26754,1.26759,3.07,1.50
2018.05.30 11:44:23.655,1.26755,1.26757,1.37,1.00
2018.05.30 11:44:23.762,1.26756,1.26761,1.12,2.89
2018.05.30 11:44:23.857,1.26757,1.26761,1.50,1.95
2018.05.30 11:44:24.380,1.26759,1.26762,1.00,1.00
2018.05.30 11:44:24.915,1.26759,1.26763,1.00,1.00
2018.05.30 11:44:25.230,1.26762,1.26767,1.50,1.20
2018.05.30 11:44:25.579,1.26759,1.26762,1.57,1.00
2018.05.30 11:44:25.681,1.26757,1.26762,4.01,1.00
2018.05.30 11:44:26.220,1.26757,1.26762,1.87,1.00
2018.05.30 11:44:26.745,1.26757,1.26761,1.12,1.00
2018.05.30 11:44:27.090,1.26756,1.26759,1.47,1.00
2018.05.30 11:44:27.141,1.26755,1.26758,1.76,1.00
2018.05.30 11:44:27.285,1.26753,1.26758,2.44,1.87
2018.05.30 11:44:27.647,1.26753,1.26757,1.50,1.00
2018.05.30 11:44:28.171,1.26753,1.26756,1.50,1.00
2018.05.30 11:44:28.579,1.26753,1.26758,1.69,1.01
2018.05.30 11:44:29.111,1.26753,1.26758,1.50,1.39
2018.05.30 11:44:29.773,1.26753,1.26759,1.50,3.07
2018.05.30 11:44:30.332,1.26754,1.26759,1.12,2.14
2018.05.30 11:44:30.701,1.26751,1.26757,5.14,1.00
2018.05.30 11:44:31.544,1.26751,1.26757,1.69,1.95
2018.05.30 11:44:31.700,1.2675,1.26756,2.25,1.37
2018.05.30 11:44:31.804,1.2675,1.26757,2.25,1.57
2018.05.30 11:44:31.856,1.26752,1.26757,1.00,1.57
2018.05.30 11:44:32.428,1.26752,1.26756,1.00,1.31
2018.05.30 11:44:32.970,1.26753,1.26757,1.00,1.57
2018.05.30 11:44:33.497,1.26751,1.26756,1.50,1.12
2018.05.30 11:44:34.079,1.2675,1.26755,1.50,1.25
2018.05.30 11:44:34.595,1.26751,1.26757,1.12,1.76
2018.05.30 11:44:34.896,1.26751,1.26757,2.25,2.14
2018.05.30 11:44:36.545,1.26751,1.26757,2.25,2.89
2018.05.30 11:44:37.211,1.2675,1.26756,2.32,2.06
2018.05.30 11:44:37.743,1.2675,1.26755,2.25,1.12
2018.05.30 11:44:38.282,1.2675,1.26756,2.25,1.87
2018.05.30 11:44:38.333,1.2675,1.26756,1.75,1.87
2018.05.30 11:44:38.876,1.2675,1.26755,1.75,1.25
2018.05.30 11:44:39.161,1.26749,1.26755,3.19,3.56
2018.05.30 11:44:39.419,1.26749,1.26753,1.50,1.12
2018.05.30 11:44:40.100,1.26748,1.26754,1.75,1.25
2018.05.30 11:44:40.625,1.26747,1.26754,3.00,1.31
2018.05.30 11:44:41.572,1.26747,1.26752,1.75,1.00
2018.05.30 11:44:41.623,1.26745,1.26751,2.70,1.00
2018.05.30 11:44:41.675,1.26746,1.2675,2.81,1.00
2018.05.30 11:44:41.841,1.26747,1.26753,3.94,1.57
2018.05.30 11:44:42.199,1.26748,1.26752,1.00,1.25
2018.05.30 11:44:42.301,1.26746,1.26751,3.19,1.69
2018.05.30 11:44:42.934,1.26747,1.26751,1.00,1.50
2018.05.30 11:44:43.089,1.26745,1.2675,1.57,2.81
2018.05.30 11:44:43.192,1.26744,1.26749,2.25,1.12
2018.05.30 11:44:43.348,1.26746,1.26751,1.12,1.95
2018.05.30 11:44:43.710,1.26748,1.26751,1.00,1.95
2018.05.30 11:44:44.313,1.26748,1.26752,1.12,1.88
2018.05.30 11:44:44.826,1.26747,1.26752,1.50,2.62
2018.05.30 11:44:45.370,1.26747,1.26752,1.00,2.63
2018.05.30 11:44:46.097,1.26747,1.26752,1.00,2.32
2018.05.30 11:44:47.240,1.26747,1.26752,1.00,2.44
2018.05.30 11:44:47.782,1.26746,1.26752,2.25,2.62
2018.05.30 11:44:48.333,1.26748,1.26752,1.00,1.87
2018.05.30 11:44:49.334,1.2675,1.26752,1.00,1.00
2018.05.30 11:44:49.440,1.26751,1.26756,1.12,4.95
2018.05.30 11:44:50.044,1.26751,1.26756,1.12,2.32
2018.05.30 11:44:50.096,1.26753,1.26756,1.00,1.12
2018.05.30 11:44:50.303,1.26754,1.26761,3.00,2.06
2018.05.30 11:44:50.832,1.26755,1.26761,1.75,1.50
2018.05.30 11:44:51.296,1.26754,1.2676,1.12,3.00
2018.05.30 11:44:51.851,1.26754,1.2676,1.31,1.01
2018.05.30 11:44:52.368,1.26754,1.2676,1.31,1.29
2018.05.30 11:44:52.870,1.26754,1.2676,1.57,1.12
2018.05.30 11:44:53.289,1.26753,1.26758,3.82,1.00
2018.05.30 11:44:53.947,1.26752,1.26758,1.12,2.63
2018.05.30 11:44:54.545,1.2675,1.26756,1.75,1.00
2018.05.30 11:44:54.650,1.26749,1.26755,1.57,2.81
2018.05.30 11:44:55.065,1.26749,1.26753,1.00,1.00
2018.05.30 11:44:55.627,1.26748,1.26753,1.50,1.37
2018.05.30 11:44:56.961,1.26747,1.26751,1.12,1.88
2018.05.30 11:44:57.064,1.26742,1.26747,2.25,1.12
2018.05.30 11:44:57.575,1.26743,1.26749,1.12,4.76
2018.05.30 11:44:58.058,1.26744,1.26748,2.06,1.87
2018.05.30 11:44:58.275,1.2675,1.26755,1.00,3.60
2018.05.30 11:44:58.622,1.26753,1.26756,1.00,2.25
2018.05.30 11:44:59.318,1.26753,1.26756,1.00,1.12
2018.05.30 11:45:00.049,1.26752,1.26756,1.50,1.12
2018.05.30 11:45:00.632,1.26752,1.26757,1.50,1.00
2018.05.30 11:45:01.163,1.26753,1.26757,1.00,1.69
2018.05.30 11:45:01.214,1.26752,1.26755,1.00,1.12
2018.05.30 11:45:01.317,1.26749,1.26754,1.10,2.25
2018.05.30 11:45:01.462,1.26749,1.26753,1.00,1.19
2018.05.30 11:45:01.667,1.26748,1.26754,2.25,5.25
2018.05.30 11:45:01.980,1.26747,1.26753,1.50,3.00
2018.05.30 11:45:02.630,1.26748,1.26753,1.50,1.57
2018.05.30 11:45:02.983,1.26752,1.26755,1.00,1.12
2018.05.30 11:45:03.817,1.26752,1.26756,1.00,1.50
2018.05.30 11:45:04.763,1.26752,1.26757,1.00,1.95
2018.05.30 11:45:05.433,1.26752,1.26758,1.75,2.89
2018.05.30 11:45:06.155,1.26752,1.26758,1.75,1.87
2018.05.30 11:45:06.671,1.26752,1.26758,1.75,2.81
2018.05.30 11:45:08.566,1.26754,1.26758,1.31,1.10
2018.05.30 11:45:09.081,1.26754,1.26759,1.87,1.00
2018.05.30 11:45:09.600,1.26756,1.2676,1.00,1.95
2018.05.30 11:45:09.941,1.26759,1.26761,1.13,1.10
2018.05.30 11:45:10.045,1.2676,1.26764,1.12,1.00
2018.05.30 11:45:10.302,1.26758,1.26761,1.85,1.00
2018.05.30 11:45:11.048,1.26757,1.26762,1.50,2.89
2018.05.30 11:45:11.101,1.26757,1.26759,1.00,1.00
2018.05.30 11:45:11.448,1.26754,1.26758,3.00,1.00
2018.05.30 11:45:11.726,1.26754,1.2676,3.00,1.87
2018.05.30 11:45:12.275,1.26754,1.26759,3.00,1.00
2018.05.30 11:45:12.776,1.26756,1.2676,1.12,1.00
2018.05.30 11:45:13.470,1.26756,1.26759,1.12,1.00
2018.05.30 11:45:13.827,1.26756,1.26761,1.50,1.69
2018.05.30 11:45:14.137,1.26757,1.2676,1.75,1.00
2018.05.30 11:45:14.666,1.26756,1.26761,3.26,1.25
2018.05.30 11:45:15.366,1.26756,1.26761,2.51,1.00
2018.05.30 11:45:15.896,1.2676,1.26764,1.25,2.51
2018.05.30 11:45:16.134,1.26763,1.26768,1.50,1.00
2018.05.30 11:45:16.550,1.26762,1.26768,1.75,2.06
2018.05.30 11:45:16.898,1.26762,1.26769,1.95,2.33
2018.05.30 11:45:17.438,1.26762,1.26769,1.85,1.39
2018.05.30 11:45:17.981,1.26762,1.26769,1.95,1.88
2018.05.30 11:45:18.507,1.26762,1.26766,1.12,1.00
2018.05.30 11:45:20.082,1.26759,1.26766,1.76,1.50
2018.05.30 11:45:20.968,1.26759,1.26765,1.25,1.00
2018.05.30 11:45:21.243,1.26759,1.26763,1.00,1.00
2018.05.30 11:45:21.547,1.26763,1.26769,1.00,5.25
2018.05.30 11:45:21.820,1.2676,1.26765,1.50,1.87
2018.05.30 11:45:21.977,1.26764,1.26768,1.00,1.69
2018.05.30 11:45:22.491,1.26764,1.26769,1.25,1.76
2018.05.30 11:45:22.993,1.26766,1.26771,1.12,2.32
2018.05.30 11:45:23.123,1.26768,1.26774,1.76,1.12
2018.05.30 11:45:23.330,1.26767,1.26773,1.85,1.69
2018.05.30 11:45:23.382,1.26765,1.26771,1.57,1.19
2018.05.30 11:45:24.137,1.26765,1.26772,1.50,4.87
2018.05.30 11:45:24.690,1.26765,1.2677,1.50,1.00
2018.05.30 11:45:25.171,1.26764,1.2677,2.33,1.50
2018.05.30 11:45:25.326,1.26763,1.26766,1.50,1.12
2018.05.30 11:45:25.677,1.26753,1.26758,1.12,1.00
2018.05.30 11:45:26.191,1.26751,1.26758,3.07,1.76
2018.05.30 11:45:26.648,1.26751,1.26758,1.57,7.58
2018.05.30 11:45:27.157,1.26749,1.26756,1.57,2.51
2018.05.30 11:45:27.674,1.26748,1.26754,2.70,1.25
2018.05.30 11:45:27.829,1.26752,1.26756,1.31,1.57
2018.05.30 11:45:27.939,1.26756,1.26761,1.12,2.51
2018.05.30 11:45:27.992,1.26758,1.26762,1.00,2.74
2018.05.30 11:45:29.181,1.26758,1.26763,1.00,2.32
2018.05.30 11:45:30.054,1.26758,1.26763,1.00,1.31
2018.05.30 11:45:30.307,1.26757,1.26765,1.57,1.95
2018.05.30 11:45:30.359,1.26757,1.26762,1.95,1.00
2018.05.30 11:45:30.620,1.26755,1.26762,1.50,2.63
2018.05.30 11:45:30.776,1.26755,1.26758,2.25,1.00
2018.05.30 11:45:31.327,1.26754,1.26757,2.25,1.00
2018.05.30 11:45:31.573,1.26754,1.26757,1.20,1.00
2018.05.30 11:45:32.609,1.26754,1.26758,1.12,1.00
2018.05.30 11:45:33.276,1.26753,1.26757,1.48,1.00
2018.05.30 11:45:33.328,1.26752,1.2676,3.83,1.39
2018.05.30 11:45:33.483,1.26756,1.2676,1.00,1.12
2018.05.30 11:45:34.062,1.26754,1.26761,4.31,2.25
2018.05.30 11:45:34.612,1.26754,1.2676,4.50,1.00
2018.05.30 11:45:34.664,1.26754,1.2676,2.63,1.00
2018.05.30 11:45:35.215,1.26754,1.26761,2.32,1.76
2018.05.30 11:45:35.729,1.26754,1.2676,2.70,1.00
2018.05.30 11:45:36.041,1.26754,1.26758,1.12,1.00
2018.05.30 11:45:36.570,1.26754,1.26757,1.12,1.00
2018.05.30 11:45:37.007,1.26754,1.2676,1.00,3.45
2018.05.30 11:45:37.329,1.26752,1.26757,4.58,1.00
2018.05.30 11:45:38.064,1.26752,1.26758,2.25,1.00
2018.05.30 11:45:38.218,1.26752,1.2676,2.25,1.20
2018.05.30 11:45:38.539,1.26756,1.26761,2.85,3.07
2018.05.30 11:45:38.847,1.26764,1.26768,1.00,1.57
2018.05.30 11:45:39.002,1.26764,1.2677,1.00,1.39
2018.05.30 11:45:39.106,1.26765,1.26768,1.69,1.00
2018.05.30 11:45:39.396,1.26765,1.26771,1.00,1.87
2018.05.30 11:45:40.692,1.26765,1.26771,1.00,2.44
2018.05.30 11:45:41.801,1.26765,1.26771,1.00,1.12
2018.05.30 11:45:42.787,1.26766,1.26771,1.00,1.12
2018.05.30 11:45:43.328,1.26767,1.26772,1.00,2.32
2018.05.30 11:45:43.432,1.26769,1.26774,1.00,2.70
2018.05.30 11:45:43.743,1.26767,1.26771,1.00,1.50
2018.05.30 11:45:44.103,1.26772,1.26774,1.00,3.07
2018.05.30 11:45:44.323,1.26776,1.26777,1.00,1.00
2018.05.30 11:45:44.871,1.26775,1.26779,1.50,2.25
2018.05.30 11:45:45.284,1.26772,1.26777,1.95,1.00
2018.05.30 11:45:45.817,1.26772,1.26778,1.95,1.50
2018.05.30 11:45:46.130,1.2677,1.26774,1.57,1.12
2018.05.30 11:45:47.183,1.26774,1.26776,1.00,1.00
2018.05.30 11:45:47.717,1.26774,1.26777,2.25,1.12
2018.05.30 11:45:48.385,1.26774,1.26779,2.25,1.50
2018.05.30 11:45:49.174,1.26774,1.26777,2.25,1.00
2018.05.30 11:45:50.208,1.26774,1.26778,1.50,1.12
2018.05.30 11:45:51.000,1.26775,1.26779,1.00,1.57
2018.05.30 11:45:51.560,1.26774,1.26779,1.50,1.01
2018.05.30 11:45:51.870,1.2677,1.26774,1.87,1.00
2018.05.30 11:45:52.540,1.26769,1.26774,1.00,2.44
2018.05.30 11:45:52.644,1.26771,1.26775,1.00,1.31
2018.05.30 11:45:52.748,1.2677,1.26775,1.12,2.06
2018.05.30 11:45:53.268,1.2677,1.26775,1.12,2.81
2018.05.30 11:45:53.652,1.26772,1.26775,1.00,1.12
2018.05.30 11:45:53.708,1.26772,1.26777,1.35,3.64
2018.05.30 11:45:53.813,1.26774,1.26778,1.00,4.50
2018.05.30 11:45:54.076,1.26771,1.26775,1.95,1.00
2018.05.30 11:45:54.534,1.26771,1.26774,1.20,1.00
2018.05.30 11:45:55.293,1.26771,1.26774,1.10,1.00
2018.05.30 11:45:55.817,1.26769,1.26773,1.20,1.50
2018.05.30 11:45:55.868,1.26768,1.26773,2.25,1.69
2018.05.30 11:45:55.971,1.26771,1.26776,1.69,1.87
2018.05.30 11:45:56.331,1.26774,1.26777,1.00,3.00
2018.05.30 11:45:57.537,1.26775,1.26776,1.00,1.00
2018.05.30 11:45:57.588,1.26775,1.26778,1.00,2.62
2018.05.30 11:45:58.670,1.26775,1.2678,1.50,1.50
2018.05.30 11:45:58.928,1.26779,1.26782,1.72,2.32
2018.05.30 11:45:59.084,1.26781,1.26786,1.00,2.14
2018.05.30 11:45:59.193,1.26783,1.26785,1.00,1.00
2018.05.30 11:45:59.465,1.2679,1.26794,1.00,1.44
2018.05.30 11:45:59.622,1.26789,1.26793,1.00,1.13
2018.05.30 11:46:00.182,1.26787,1.26793,1.50,1.94
2018.05.30 11:46:00.549,1.26789,1.26792,1.00,1.37
2018.05.30 11:46:00.656,1.26791,1.26795,1.00,1.01
2018.05.30 11:46:00.909,1.26792,1.26796,1.00,1.12
2018.05.30 11:46:00.961,1.26791,1.26795,1.00,1.12
2018.05.30 11:46:01.168,1.26788,1.26794,2.32,2.62
2018.05.30 11:46:01.672,1.26787,1.26792,1.57,1.25
2018.05.30 11:46:02.215,1.26787,1.26793,1.57,2.06
2018.05.30 11:46:02.422,1.26787,1.26793,1.57,1.69
2018.05.30 11:46:02.812,1.26787,1.26792,1.20,1.44
2018.05.30 11:46:03.393,1.26789,1.26792,1.00,1.00
2018.05.30 11:46:03.883,1.26787,1.26793,3.07,1.69
2018.05.30 11:46:04.404,1.2679,1.26796,1.12,3.08
2018.05.30 11:46:04.948,1.26791,1.26797,1.57,2.25
2018.05.30 11:46:05.590,1.26792,1.26798,1.50,1.39
2018.05.30 11:46:06.152,1.26792,1.26798,1.00,2.14
2018.05.30 11:46:06.676,1.26791,1.26798,1.57,3.45
2018.05.30 11:46:07.191,1.26789,1.26794,2.89,1.25
2018.05.30 11:46:07.502,1.26787,1.26793,1.50,1.88
2018.05.30 11:46:08.013,1.26787,1.26793,1.57,1.88
2018.05.30 11:46:08.623,1.26787,1.26793,1.57,1.88
2018.05.30 11:46:08.994,1.26786,1.26791,1.10,1.12
2018.05.30 11:46:10.690,1.26784,1.26789,1.57,1.50
2018.05.30 11:46:10.742,1.26783,1.26787,1.95,1.25
2018.05.30 11:46:10.795,1.26781,1.26787,2.32,2.06
2018.05.30 11:46:11.330,1.2678,1.26786,2.32,1.00
2018.05.30 11:46:11.873,1.26781,1.26788,1.95,1.39
2018.05.30 11:46:12.333,1.2678,1.26785,1.95,1.25
2018.05.30 11:46:12.702,1.26782,1.26787,1.50,1.00
2018.05.30 11:46:13.180,1.26781,1.26785,1.57,1.00
2018.05.30 11:46:13.702,1.26781,1.26786,1.00,1.19
2018.05.30 11:46:14.016,1.26778,1.26784,1.07,1.31
2018.05.30 11:46:14.328,1.26778,1.26781,1.00,1.00
2018.05.30 11:46:14.830,1.26776,1.26781,1.00,1.87
2018.05.30 11:46:15.092,1.26776,1.26782,1.87,1.01
2018.05.30 11:46:15.144,1.26776,1.2678,1.12,1.25
2018.05.30 11:46:15.471,1.26777,1.26783,1.00,4.57
2018.05.30 11:46:15.732,1.26779,1.26783,1.00,2.06
2018.05.30 11:46:17.311,1.26779,1.26783,1.00,1.87
2018.05.30 11:46:18.422,1.26777,1.26783,1.57,3.19
2018.05.30 11:46:18.527,1.26777,1.26781,1.57,1.19
2018.05.30 11:46:19.034,1.26777,1.26782,1.00,1.87
2018.05.30 11:46:19.545,1.26777,1.26781,1.12,1.44
2018.05.30 11:46:20.737,1.26777,1.26781,1.12,1.25
2018.05.30 11:46:21.802,1.26777,1.26783,1.50,3.26
2018.05.30 11:46:22.949,1.26777,1.26783,2.25,2.33
2018.05.30 11:46:23.465,1.26778,1.26782,1.00,1.25
2018.05.30 11:46:23.972,1.26778,1.26784,3.19,2.14
2018.05.30 11:46:24.366,1.26781,1.26785,1.69,1.50
2018.05.30 11:46:24.677,1.26782,1.26787,1.12,1.00
2018.05.30 11:46:25.285,1.26783,1.26788,1.00,1.00
2018.05.30 11:46:25.821,1.26782,1.26788,5.51,1.50
2018.05.30 11:46:26.231,1.26785,1.26789,1.00,2.63
2018.05.30 11:46:26.474,1.26786,1.26791,3.82,1.00
2018.05.30 11:46:26.577,1.26789,1.26791,1.50,1.00
2018.05.30 11:46:26.680,1.26791,1.26795,1.00,3.26
2018.05.30 11:46:27.219,1.26792,1.26796,2.25,1.57
2018.05.30 11:46:27.374,1.26794,1.26798,1.00,1.13
2018.05.30 11:46:27.581,1.26795,1.268,1.95,1.12
2018.05.30 11:46:28.107,1.26795,1.26799,2.06,1.00
2018.05.30 11:46:28.432,1.26796,1.26801,1.00,2.06
2018.05.30 11:46:28.947,1.26795,1.26802,6.22,5.24
2018.05.30 11:46:28.999,1.26796,1.26801,1.69,1.31
2018.05.30 11:46:29.524,1.26796,1.26801,1.31,1.00
2018.05.30 11:46:30.545,1.26796,1.26802,1.76,3.56
2018.05.30 11:46:31.073,1.26798,1.26802,1.00,1.31
2018.05.30 11:46:32.157,1.26799,1.26802,1.00,1.19
2018.05.30 11:46:32.209,1.26799,1.26803,1.25,1.12
2018.05.30 11:46:32.416,1.26803,1.26805,1.00,2.32
2018.05.30 11:46:32.521,1.26801,1.26804,1.00,1.00
2018.05.30 11:46:32.782,1.26798,1.268,1.20,1.25
2018.05.30 11:46:32.836,1.26798,1.268,1.00,1.25
2018.05.30 11:46:32.888,1.26796,1.26801,1.00,1.45
2018.05.30 11:46:33.168,1.26796,1.26798,1.00,1.39
2018.05.30 11:46:33.219,1.26795,1.26798,1.00,1.39
2018.05.30 11:46:33.630,1.26793,1.26798,1.12,1.39
2018.05.30 11:46:33.785,1.26793,1.26796,1.00,1.00
2018.05.30 11:46:34.444,1.26793,1.26796,1.00,1.57
2018.05.30 11:46:35.400,1.26793,1.26796,1.00,1.70
2018.05.30 11:46:36.156,1.26792,1.26796,1.00,2.70
2018.05.30 11:46:36.970,1.26793,1.26796,1.00,2.32
2018.05.30 11:46:37.477,1.26794,1.26796,1.00,1.76
2018.05.30 11:46:38.460,1.26791,1.26796,1.00,1.33
2018.05.30 11:46:38.916,1.26792,1.26796,1.00,2.14
2018.05.30 11:46:39.435,1.26791,1.26794,1.00,1.07
2018.05.30 11:46:40.637,1.2679,1.26795,1.87,1.95
2018.05.30 11:46:41.151,1.2679,1.26795,1.87,1.95
2018.05.30 11:46:45.525,1.2679,1.26795,2.81,1.01
2018.05.30 11:46:47.197,1.26792,1.26796,1.00,3.07
2018.05.30 11:46:47.300,1.2679,1.26795,2.62,1.01
2018.05.30 11:46:47.455,1.26792,1.26795,1.00,1.01
2018.05.30 11:46:48.068,1.26791,1.26796,1.00,3.82
2018.05.30 11:46:48.887,1.26792,1.26797,1.00,2.51
2018.05.30 11:46:51.580,1.26793,1.26797,1.00,2.70
2018.05.30 11:46:51.685,1.26793,1.26798,1.50,1.76
2018.05.30 11:46:52.913,1.26793,1.26798,1.00,2.08
2018.05.30 11:46:53.700,1.26793,1.26797,1.00,1.70
2018.05.30 11:46:54.885,1.26793,1.26797,1.00,1.76
2018.05.30 11:46:55.395,1.26792,1.26796,1.00,1.01
2018.05.30 11:46:55.976,1.26791,1.26795,1.12,1.07
2018.05.30 11:46:56.852,1.26791,1.26796,1.50,1.57
2018.05.30 11:46:57.882,1.26791,1.26794,1.50,1.07
2018.05.30 11:46:57.934,1.26789,1.26795,2.25,2.51
2018.05.30 11:46:58.092,1.26789,1.26793,1.00,2.51
2018.05.30 11:47:00.402,1.26791,1.26794,1.00,1.57
2018.05.30 11:47:01.018,1.26791,1.26794,1.00,1.20
2018.05.30 11:47:01.794,1.26793,1.26795,1.00,1.57
2018.05.30 11:47:01.949,1.26793,1.26798,1.00,3.07
2018.05.30 11:47:02.489,1.26792,1.26797,1.50,1.26
2018.05.30 11:47:02.847,1.26794,1.26798,1.00,1.07
2018.05.30 11:47:03.375,1.26794,1.268,2.25,1.95
2018.05.30 11:47:04.685,1.26796,1.268,1.00,3.45
2018.05.30 11:47:04.895,1.26796,1.268,1.50,2.32
2018.05.30 11:47:04.999,1.26795,1.268,1.50,3.45
2018.05.30 11:47:05.625,1.2679,1.26791,4.16,1.00
2018.05.30 11:47:05.728,1.26787,1.2679,1.00,2.51
2018.05.30 11:47:05.780,1.26785,1.26789,1.12,1.13
2018.05.30 11:47:06.088,1.26785,1.2679,1.12,2.70
2018.05.30 11:47:06.395,1.26787,1.26793,3.37,4.20
2018.05.30 11:47:07.075,1.26787,1.26791,1.12,2.14
2018.05.30 11:47:10.032,1.26785,1.26791,3.00,1.64
2018.05.30 11:47:10.576,1.26785,1.2679,2.25,1.33
2018.05.30 11:47:11.636,1.26784,1.2679,2.62,4.39
2018.05.30 11:47:12.384,1.26784,1.2679,2.62,3.26
2018.05.30 11:47:12.921,1.26785,1.2679,2.25,4.01
2018.05.30 11:47:13.476,1.26784,1.26789,3.37,1.20
2018.05.30 11:47:14.075,1.26784,1.2679,3.19,3.64
2018.05.30 11:47:15.157,1.26782,1.26787,3.19,1.00
2018.05.30 11:47:15.417,1.26782,1.26786,1.19,1.00
2018.05.30 11:47:15.469,1.26782,1.26785,3.00,3.83
2018.05.30 11:47:15.522,1.2678,1.26784,2.06,1.76
2018.05.30 11:47:15.681,1.26779,1.26782,1.69,1.45
2018.05.30 11:47:16.224,1.2678,1.26784,1.25,4.39
2018.05.30 11:47:16.750,1.26779,1.26783,1.25,1.70
2018.05.30 11:47:17.264,1.2678,1.26782,1.25,1.20
2018.05.30 11:47:17.774,1.26776,1.26781,3.94,1.20
2018.05.30 11:47:18.267,1.26777,1.26781,1.31,2.32
2018.05.30 11:47:19.197,1.26776,1.26781,3.94,1.10
2018.05.30 11:47:20.022,1.26777,1.26781,1.31,1.76
2018.05.30 11:47:20.227,1.26777,1.26782,1.00,1.39
2018.05.30 11:47:22.936,1.26777,1.26783,2.44,3.07
2018.05.30 11:47:23.111,1.2678,1.26785,1.00,1.45
2018.05.30 11:47:23.267,1.2678,1.26785,1.00,1.45
2018.05.30 11:47:23.371,1.26781,1.26787,4.31,2.14
2018.05.30 11:47:23.475,1.26782,1.26787,1.12,1.10
2018.05.30 11:47:24.581,1.26782,1.26784,1.25,1.25
2018.05.30 11:47:24.634,1.26779,1.26783,3.19,2.06
2018.05.30 11:47:24.685,1.26779,1.26782,1.25,1.76
2018.05.30 11:47:24.737,1.26776,1.26781,1.00,1.87
2018.05.30 11:47:24.893,1.26776,1.26781,2.44,1.20
2018.05.30 11:47:26.024,1.26777,1.26781,1.00,1.58
2018.05.30 11:47:27.037,1.26776,1.2678,1.25,2.51
2018.05.30 11:47:27.575,1.26777,1.2678,1.31,1.58
2018.05.30 11:47:28.188,1.26777,1.26779,1.31,1.20
2018.05.30 11:47:28.736,1.26775,1.26779,2.44,1.39
2018.05.30 11:47:28.988,1.26775,1.26779,2.06,1.39
2018.05.30 11:47:29.688,1.26774,1.26778,1.69,1.20
2018.05.30 11:47:30.237,1.26774,1.26779,1.69,1.39
2018.05.30 11:47:32.103,1.26774,1.26778,1.69,1.44
2018.05.30 11:47:32.304,1.26773,1.26777,1.10,1.00
2018.05.30 11:47:32.526,1.26772,1.26777,2.51,1.69
2018.05.30 11:47:32.630,1.26772,1.26777,2.51,1.25
2018.05.30 11:47:33.148,1.26772,1.26777,2.51,1.63
2018.05.30 11:47:34.254,1.26772,1.26777,1.57,1.12
2018.05.30 11:47:34.520,1.26772,1.26777,2.51,1.63
2018.05.30 11:47:34.623,1.26772,1.26777,2.51,1.12
2018.05.30 11:47:35.532,1.26772,1.26778,1.57,1.31
2018.05.30 11:47:36.048,1.26772,1.26778,2.44,1.50
2018.05.30 11:47:36.582,1.26773,1.26778,1.99,1.00
2018.05.30 11:47:36.736,1.26774,1.2678,1.25,4.20
2018.05.30 11:47:36.788,1.26774,1.26778,1.25,1.00
2018.05.30 11:47:38.214,1.26774,1.26779,1.31,1.31
2018.05.30 11:47:38.731,1.26774,1.26779,2.44,1.00
2018.05.30 11:47:40.396,1.26774,1.2678,2.81,2.63
2018.05.30 11:47:40.923,1.26774,1.26779,1.50,1.00
2018.05.30 11:47:41.232,1.26782,1.26784,1.00,1.25
2018.05.30 11:47:41.335,1.2678,1.26784,1.00,1.31
2018.05.30 11:47:42.717,1.26778,1.26784,2.51,1.69
2018.05.30 11:47:42.769,1.26778,1.26784,2.51,2.06
2018.05.30 11:47:44.165,1.26777,1.26783,1.76,1.12
2018.05.30 11:47:44.218,1.26778,1.26783,1.00,2.06
2018.05.30 11:47:44.270,1.26778,1.26783,1.00,1.12
2018.05.30 11:47:44.788,1.26778,1.26783,1.00,1.88
2018.05.30 11:47:45.341,1.26778,1.26783,1.00,1.25
2018.05.30 11:47:46.478,1.26778,1.26783,1.00,1.44
2018.05.30 11:47:47.028,1.26778,1.26783,1.00,1.25
2018.05.30 11:47:47.233,1.26777,1.26784,4.95,2.70
2018.05.30 11:47:48.379,1.26777,1.26784,2.51,2.32
2018.05.30 11:47:48.906,1.26777,1.26784,2.89,3.26
2018.05.30 11:47:49.416,1.26778,1.26784,1.50,3.26
2018.05.30 11:47:49.947,1.26778,1.26784,1.75,2.89
2018.05.30 11:47:51.967,1.26777,1.26783,3.26,1.25
2018.05.30 11:47:55.961,1.26777,1.26783,1.10,2.81
2018.05.30 11:47:56.013,1.26781,1.26783,1.00,1.00
2018.05.30 11:47:56.136,1.26782,1.26785,1.50,1.87
2018.05.30 11:47:56.189,1.26784,1.26786,1.87,1.00
2018.05.30 11:47:56.240,1.26785,1.26788,1.00,1.50
2018.05.30 11:47:56.446,1.26783,1.26789,3.83,1.69
2018.05.30 11:47:57.082,1.26784,1.26789,1.00,1.31
2018.05.30 11:47:57.604,1.26785,1.26789,1.12,1.00
2018.05.30 11:47:58.591,1.26783,1.26788,5.93,1.00
2018.05.30 11:47:59.112,1.26783,1.26787,2.00,1.69
2018.05.30 11:47:59.222,1.26781,1.26787,7.95,1.50
2018.05.30 11:47:59.670,1.26781,1.26786,2.51,1.63
2018.05.30 11:48:00.188,1.26781,1.26786,2.44,2.06
2018.05.30 11:48:00.706,1.26782,1.26786,1.00,1.69
2018.05.30 11:48:01.071,1.26782,1.26785,1.00,2.44
2018.05.30 11:48:01.617,1.2678,1.26784,2.51,1.12
2018.05.30 11:48:03.413,1.26781,1.26785,1.00,1.00
2018.05.30 11:48:03.912,1.26781,1.26783,1.00,1.00
2018.05.30 11:48:04.451,1.2678,1.26783,1.69,1.00
2018.05.30 11:48:04.934,1.26778,1.26783,3.19,1.00
2018.05.30 11:48:05.453,1.26778,1.26783,3.26,1.00
2018.05.30 11:48:05.969,1.26778,1.26782,2.32,1.00
2018.05.30 11:48:06.597,1.26778,1.26783,3.07,1.00
2018.05.30 11:48:07.138,1.2678,1.26783,1.00,1.00
2018.05.30 11:48:07.432,1.26782,1.26783,1.00,1.00
2018.05.30 11:48:07.840,1.26781,1.26785,1.13,1.00
2018.05.30 11:48:07.892,1.26781,1.26785,1.88,1.00
2018.05.30 11:48:08.432,1.26781,1.26784,2.70,1.00
2018.05.30 11:48:08.963,1.26782,1.26785,1.95,1.00
2018.05.30 11:48:09.470,1.26782,1.26785,2.14,1.00
2018.05.30 11:48:10.014,1.26783,1.26785,1.00,1.00
2018.05.30 11:48:10.256,1.26782,1.26786,1.39,1.00
2018.05.30 11:48:10.794,1.26782,1.26785,1.95,1.00
2018.05.30 11:48:11.322,1.26782,1.26785,1.95,1.00
2018.05.30 11:48:11.861,1.26782,1.26785,1.47,1.00
2018.05.30 11:48:12.186,1.26782,1.26784,1.00,1.00
2018.05.30 11:48:12.583,1.2678,1.26783,1.57,1.00
2018.05.30 11:48:12.636,1.26779,1.26781,1.95,2.25
2018.05.30 11:48:12.688,1.26774,1.26777,1.39,1.00
2018.05.30 11:48:13.214,1.26775,1.26777,1.00,1.00
2018.05.30 11:48:13.878,1.26773,1.26776,1.94,1.00
2018.05.30 11:48:14.196,1.26772,1.26777,3.64,1.00
2018.05.30 11:48:14.612,1.26772,1.26775,5.06,1.00
2018.05.30 11:48:15.043,1.26771,1.26775,1.69,1.00
2018.05.30 11:48:15.325,1.2677,1.26773,1.00,1.00
2018.05.30 11:48:16.488,1.26768,1.26771,3.19,1.00
2018.05.30 11:48:16.849,1.26768,1.26773,1.50,1.00
2018.05.30 11:48:17.055,1.26768,1.26771,2.06,1.00
2018.05.30 11:48:17.592,1.26767,1.2677,2.70,1.00
2018.05.30 11:48:17.652,1.26767,1.26772,2.70,1.25
2018.05.30 11:48:18.172,1.26768,1.26773,1.12,1.69
2018.05.30 11:48:18.565,1.26766,1.26771,1.76,1.00
2018.05.30 11:48:20.131,1.26766,1.26771,1.50,1.87
2018.05.30 11:48:20.728,1.26765,1.26771,1.76,1.25
2018.05.30 11:48:21.246,1.26768,1.26771,3.23,1.00
2018.05.30 11:48:21.350,1.26768,1.26773,3.23,1.12
2018.05.30 11:48:22.162,1.26768,1.26774,1.87,1.57
2018.05.30 11:48:22.683,1.26769,1.26773,1.37,1.00
2018.05.30 11:48:22.838,1.26767,1.26772,1.39,1.00
2018.05.30 11:48:23.352,1.26767,1.26773,1.57,1.69
2018.05.30 11:48:23.887,1.26767,1.26772,3.08,1.00
2018.05.30 11:48:23.991,1.26769,1.26772,3.38,1.00
2018.05.30 11:48:24.146,1.26769,1.26775,5.55,3.75
2018.05.30 11:48:24.250,1.2677,1.26774,1.50,1.00
2018.05.30 11:48:24.765,1.26771,1.26774,6.60,1.00
2018.05.30 11:48:24.887,1.26773,1.26777,1.50,1.57
2018.05.30 11:48:24.939,1.26775,1.26777,1.50,1.00
2018.05.30 11:48:25.048,1.26777,1.2678,1.00,1.25
2018.05.30 11:48:25.554,1.26775,1.2678,3.30,1.25
2018.05.30 11:48:26.117,1.26775,1.2678,2.25,1.69
2018.05.30 11:48:26.620,1.26775,1.26779,3.19,1.00
2018.05.30 11:48:27.150,1.26775,1.2678,3.75,1.50
2018.05.30 11:48:27.863,1.26775,1.26781,2.25,1.50
2018.05.30 11:48:28.380,1.26775,1.2678,4.76,2.44
2018.05.30 11:48:28.902,1.26775,1.26779,5.89,1.00
2018.05.30 11:48:29.417,1.26775,1.26779,2.51,1.25
2018.05.30 11:48:29.970,1.26775,1.2678,2.51,1.87
2018.05.30 11:48:30.488,1.26775,1.2678,2.70,1.87
2018.05.30 11:48:31.063,1.26775,1.26779,1.95,1.00
2018.05.30 11:48:31.489,1.26775,1.26776,1.00,1.00
2018.05.30 11:48:31.541,1.26772,1.26776,2.14,1.50
2018.05.30 11:48:31.746,1.26772,1.26773,1.00,1.00
2018.05.30 11:48:32.259,1.2677,1.26773,1.76,1.00
2018.05.30 11:48:33.095,1.2677,1.26773,1.57,1.00
2018.05.30 11:48:33.630,1.2677,1.26772,1.57,1.00
2018.05.30 11:48:34.134,1.2677,1.26773,1.50,1.25
2018.05.30 11:48:34.796,1.2677,1.26774,1.00,1.19
2018.05.30 11:48:35.108,1.26767,1.2677,1.20,1.13
2018.05.30 11:48:35.645,1.26764,1.26769,3.26,1.00
2018.05.30 11:48:35.957,1.26764,1.26767,3.45,1.00
2018.05.30 11:48:36.319,1.26769,1.2677,1.12,1.50
2018.05.30 11:48:36.528,1.26774,1.26776,1.12,1.10
2018.05.30 11:48:36.673,1.26774,1.26779,3.56,1.00
2018.05.30 11:48:37.186,1.26775,1.2678,1.31,1.69
2018.05.30 11:48:37.721,1.26775,1.26779,2.81,1.00
2018.05.30 11:48:37.773,1.26778,1.2678,1.12,1.00
2018.05.30 11:48:37.875,1.26778,1.26782,1.31,1.00
2018.05.30 11:48:38.390,1.26778,1.26783,4.58,1.12
2018.05.30 11:48:38.910,1.26778,1.26783,2.32,1.12
2018.05.30 11:48:38.962,1.26778,1.26783,3.64,1.00
2018.05.30 11:48:39.932,1.2678,1.26786,1.95,1.69
2018.05.30 11:48:40.471,1.26781,1.26786,1.00,1.69
2018.05.30 11:48:41.157,1.2678,1.26786,5.89,1.25
2018.05.30 11:48:41.455,1.26783,1.26788,1.88,1.10
2018.05.30 11:48:41.610,1.26785,1.2679,1.31,3.45
2018.05.30 11:48:42.183,1.26784,1.2679,2.14,3.56
2018.05.30 11:48:42.729,1.26784,1.2679,1.57,1.31
2018.05.30 11:48:43.279,1.26784,1.26787,1.01,1.00
2018.05.30 11:48:43.590,1.26784,1.26789,2.04,1.69
2018.05.30 11:48:44.169,1.26785,1.26788,1.00,1.00
2018.05.30 11:48:45.161,1.26785,1.26789,1.00,1.50
2018.05.30 11:48:45.673,1.26785,1.26788,1.00,1.25
2018.05.30 11:48:45.876,1.26783,1.26786,2.44,1.00
2018.05.30 11:48:46.667,1.26782,1.26787,4.76,1.00
2018.05.30 11:48:47.236,1.26783,1.26788,2.25,1.50
2018.05.30 11:48:47.768,1.26784,1.26789,3.26,1.00
2018.05.30 11:48:48.731,1.26784,1.2679,4.05,1.12
2018.05.30 11:48:49.094,1.26788,1.26793,1.00,1.07
2018.05.30 11:48:49.480,1.26793,1.26797,1.50,1.20
2018.05.30 11:48:49.547,1.26794,1.26798,1.05,1.25
2018.05.30 11:48:49.757,1.26795,1.268,1.00,1.69
2018.05.30 11:48:50.259,1.26794,1.26799,1.20,1.00
2018.05.30 11:48:51.977,1.26794,1.26799,1.20,1.44
2018.05.30 11:48:53.071,1.26794,1.26798,1.31,1.44
2018.05.30 11:48:53.783,1.26793,1.26798,3.26,1.44
2018.05.30 11:48:54.367,1.26792,1.26797,3.26,1.25
2018.05.30 11:48:54.524,1.26792,1.26795,1.01,1.00
2018.05.30 11:48:54.994,1.26788,1.26793,2.51,1.12
2018.05.30 11:48:55.434,1.26793,1.26797,1.00,3.82
2018.05.30 11:48:55.488,1.26791,1.26798,1.12,7.20
2018.05.30 11:48:55.541,1.26795,1.26797,1.12,1.00
2018.05.30 11:48:55.888,1.26797,1.268,1.00,1.25
2018.05.30 11:48:55.993,1.26797,1.26802,1.50,1.76
2018.05.30 11:48:56.201,1.26797,1.268,1.00,1.00
2018.05.30 11:48:56.747,1.26797,1.26801,1.50,1.00
2018.05.30 11:48:57.264,1.26797,1.268,1.00,1.00
2018.05.30 11:48:57.847,1.26797,1.26801,1.00,1.69
2018.05.30 11:48:58.182,1.2679,1.26795,1.95,3.37
2018.05.30 11:48:58.425,1.26789,1.26794,1.31,1.37
2018.05.30 11:48:58.895,1.26787,1.26791,2.81,1.31
2018.05.30 11:48:58.947,1.26785,1.2679,1.07,1.31
2018.05.30 11:48:59.000,1.26784,1.26788,2.89,1.00
2018.05.30 11:48:59.517,1.26784,1.26787,1.50,1.25
2018.05.30 11:48:59.621,1.26782,1.26786,1.50,1.50
2018.05.30 11:48:59.826,1.26782,1.26785,1.00,2.25
2018.05.30 11:48:59.979,1.2678,1.26784,1.00,1.44
2018.05.30 11:49:00.509,1.26779,1.26784,1.25,1.25
2018.05.30 11:49:00.561,1.26779,1.26786,3.75,2.44
2018.05.30 11:49:00.868,1.26781,1.26787,4.20,1.87
2018.05.30 11:49:01.924,1.26783,1.26788,2.25,1.00
2018.05.30 11:49:02.265,1.26788,1.26793,1.00,1.00
2018.05.30 11:49:02.786,1.26789,1.26794,1.00,1.48
2018.05.30 11:49:03.315,1.26788,1.26795,1.00,4.39
2018.05.30 11:49:03.921,1.26788,1.26795,1.00,5.14
2018.05.30 11:49:04.160,1.26785,1.26791,2.06,1.69
2018.05.30 11:49:04.625,1.26785,1.26792,1.12,3.38
2018.05.30 11:49:05.174,1.26785,1.26792,1.12,4.13
2018.05.30 11:49:05.932,1.26785,1.26792,1.12,5.06
2018.05.30 11:49:06.496,1.26785,1.26791,1.12,1.50
2018.05.30 11:49:06.803,1.26788,1.26793,2.25,1.20
2018.05.30 11:49:06.856,1.26789,1.26794,1.12,1.50
2018.05.30 11:49:08.090,1.26788,1.26794,1.57,1.69
2018.05.30 11:49:08.485,1.2679,1.26795,1.12,1.76
2018.05.30 11:49:08.591,1.26792,1.26798,1.12,1.76
2018.05.30 11:49:08.926,1.26794,1.26799,1.57,1.19
2018.05.30 11:49:08.978,1.26795,1.268,1.31,1.31
2018.05.30 11:49:09.727,1.26795,1.26801,2.06,1.00
2018.05.30 11:49:10.062,1.26795,1.26801,3.19,1.69
2018.05.30 11:49:11.703,1.26798,1.26801,2.44,1.50
2018.05.30 11:49:12.219,1.26798,1.26802,3.45,1.00
2018.05.30 11:49:12.751,1.26798,1.26803,5.14,1.50
2018.05.30 11:49:13.306,1.26799,1.26803,1.75,1.00
2018.05.30 11:49:14.299,1.26799,1.26802,1.75,1.00
2018.05.30 11:49:14.505,1.26799,1.26804,1.75,1.00
2018.05.30 11:49:14.558,1.268,1.26805,2.44,1.10
2018.05.30 11:49:14.746,1.26798,1.26804,2.70,2.44
2018.05.30 11:49:14.798,1.26798,1.26802,2.51,1.00
2018.05.30 11:49:15.108,1.26799,1.268,1.00,1.00
2018.05.30 11:49:15.160,1.26796,1.26799,1.57,1.25
2018.05.30 11:49:15.263,1.26792,1.26799,2.70,1.69
2018.05.30 11:49:15.800,1.26792,1.26798,1.50,1.01
2018.05.30 11:49:16.920,1.26791,1.26799,2.32,2.70
2018.05.30 11:49:17.022,1.26789,1.26793,1.57,1.00
2018.05.30 11:49:17.125,1.26788,1.26793,2.25,1.25
2018.05.30 11:49:17.176,1.26788,1.26789,1.50,1.00
2018.05.30 11:49:17.282,1.26785,1.26789,1.57,1.25
2018.05.30 11:49:17.833,1.26784,1.26788,1.85,1.00
2018.05.30 11:49:18.039,1.26786,1.2679,1.12,1.00
2018.05.30 11:49:18.300,1.26784,1.26789,1.10,1.12
2018.05.30 11:49:18.920,1.26784,1.26789,1.00,1.19
2018.05.30 11:49:19.469,1.26783,1.26789,1.00,1.44
2018.05.30 11:49:19.996,1.26783,1.26789,1.00,1.12
2018.05.30 11:49:20.151,1.26783,1.26789,1.85,1.25
2018.05.30 11:49:20.255,1.26783,1.26789,1.10,1.44
2018.05.30 11:49:20.514,1.26782,1.26786,3.07,1.00
2018.05.30 11:49:20.850,1.26782,1.26788,2.32,1.50
2018.05.30 11:49:20.903,1.26786,1.2679,1.00,4.01
2018.05.30 11:49:21.067,1.26789,1.26794,1.00,2.89
2018.05.30 11:49:21.596,1.2679,1.26795,1.00,3.94
2018.05.30 11:49:22.111,1.26789,1.26794,1.00,1.12
2018.05.30 11:49:22.476,1.26791,1.26797,1.00,2.51
2018.05.30 11:49:22.579,1.26792,1.26799,1.50,4.76
2018.05.30 11:49:22.737,1.26793,1.26799,1.10,1.12
2018.05.30 11:49:23.135,1.26794,1.26799,1.50,1.25
2018.05.30 11:49:23.497,1.26792,1.26797,3.26,1.25
2018.05.30 11:49:24.012,1.26793,1.26798,1.57,1.25
2018.05.30 11:49:24.634,1.26792,1.26797,2.32,1.25
2018.05.30 11:49:25.195,1.26792,1.26798,3.26,1.69
2018.05.30 11:49:26.320,1.26792,1.26797,2.51,1.00
2018.05.30 11:49:26.873,1.26792,1.26798,3.26,1.25
2018.05.30 11:49:27.183,1.26794,1.26799,1.75,1.19
2018.05.30 11:49:27.722,1.26794,1.26799,1.75,1.25
2018.05.30 11:49:28.236,1.26794,1.268,1.69,1.12
2018.05.30 11:49:28.555,1.26795,1.268,1.12,1.19
2018.05.30 11:49:28.972,1.26795,1.268,1.12,1.25
2018.05.30 11:49:29.521,1.26796,1.26801,1.50,1.19
2018.05.30 11:49:30.122,1.26796,1.26801,1.50,1.25
2018.05.30 11:49:30.674,1.26796,1.26802,1.50,1.57
2018.05.30 11:49:31.363,1.26796,1.268,1.50,1.00
2018.05.30 11:49:31.831,1.26793,1.26797,1.57,1.00
2018.05.30 11:49:31.884,1.26791,1.26797,3.64,1.44
2018.05.30 11:49:32.396,1.26791,1.26796,1.10,1.00
2018.05.30 11:49:32.824,1.26791,1.26794,1.10,1.00
2018.05.30 11:49:33.138,1.26791,1.26796,1.20,1.00
2018.05.30 11:49:33.746,1.26791,1.26797,1.12,1.87
2018.05.30 11:49:34.222,1.26791,1.26797,1.75,1.25
2018.05.30 11:49:35.886,1.26791,1.26797,2.25,1.19
2018.05.30 11:49:35.943,1.26792,1.26798,1.01,1.12
2018.05.30 11:49:38.274,1.26793,1.26797,1.20,1.00
2018.05.30 11:49:38.379,1.26793,1.26799,1.20,1.25
2018.05.30 11:49:38.483,1.26794,1.26799,1.87,1.50
2018.05.30 11:49:38.796,1.26795,1.26799,1.76,1.00
2018.05.30 11:49:39.769,1.26794,1.26799,4.01,1.00
2018.05.30 11:49:41.609,1.26797,1.26802,1.12,2.32
2018.05.30 11:49:41.662,1.26797,1.26803,3.94,1.32
2018.05.30 11:49:42.177,1.26798,1.26803,2.70,1.00
2018.05.30 11:49:42.279,1.26798,1.26805,2.70,1.50
2018.05.30 11:49:42.829,1.26798,1.26805,2.70,1.00
2018.05.30 11:49:43.505,1.26799,1.26806,1.57,2.32
2018.05.30 11:49:43.852,1.268,1.26806,1.75,1.57
2018.05.30 11:49:45.282,1.268,1.26805,1.20,1.00
2018.05.30 11:49:46.136,1.268,1.26805,1.20,1.00
2018.05.30 11:49:46.698,1.26798,1.26803,3.82,1.00
2018.05.30 11:49:46.858,1.26797,1.26802,1.10,1.00
2018.05.30 11:49:47.819,1.26797,1.26803,1.50,3.45
2018.05.30 11:49:48.541,1.26797,1.26803,1.50,3.00
2018.05.30 11:49:49.374,1.26798,1.26804,4.01,1.00
2018.05.30 11:49:49.479,1.26799,1.26804,3.19,1.00
2018.05.30 11:49:50.639,1.26799,1.26804,1.76,1.00
2018.05.30 11:49:50.954,1.26797,1.26802,1.76,1.25
2018.05.30 11:49:51.090,1.26795,1.268,5.51,1.00
2018.05.30 11:49:53.237,1.26796,1.268,1.00,1.25
2018.05.30 11:49:53.511,1.26799,1.26804,1.00,1.95
2018.05.30 11:49:53.715,1.268,1.26807,3.00,4.01
2018.05.30 11:49:53.973,1.268,1.26807,4.57,1.76
2018.05.30 11:49:54.318,1.26801,1.26805,1.62,1.00
2018.05.30 11:49:54.732,1.26803,1.26808,1.87,1.10
2018.05.30 11:49:54.970,1.26804,1.26809,2.79,1.00
2018.05.30 11:49:55.610,1.26805,1.26811,3.37,1.00
2018.05.30 11:49:56.091,1.26806,1.26811,2.25,1.00
2018.05.30 11:49:56.617,1.26806,1.26812,4.12,1.00
2018.05.30 11:49:57.966,1.26806,1.26812,4.12,1.19
2018.05.30 11:49:58.507,1.26806,1.26812,1.87,1.19
2018.05.30 11:49:59.076,1.26806,1.26812,3.75,1.01
2018.05.30 11:50:00.739,1.26806,1.26812,3.07,1.00
2018.05.30 11:50:02.321,1.26808,1.26812,1.25,1.87
2018.05.30 11:50:02.853,1.26807,1.26812,1.87,1.12
2018.05.30 11:50:03.373,1.26808,1.26812,1.00,1.00
2018.05.30 11:50:03.925,1.26808,1.26813,1.00,1.50
2018.05.30 11:50:04.433,1.26808,1.26813,2.25,1.69
2018.05.30 11:50:04.829,1.2681,1.26815,1.44,1.10
2018.05.30 11:50:05.344,1.26809,1.26815,2.80,1.50
2018.05.30 11:50:05.851,1.26811,1.26815,1.00,1.00
2018.05.30 11:50:05.905,1.26811,1.26818,1.87,2.44
2018.05.30 11:50:06.062,1.26811,1.26818,3.44,1.10
2018.05.30 11:50:06.572,1.26812,1.26819,1.19,1.95
2018.05.30 11:50:07.107,1.26812,1.26819,1.10,1.57
2018.05.30 11:50:09.028,1.26815,1.26819,1.37,2.32
2018.05.30 11:50:09.184,1.26814,1.26818,1.00,1.12
2018.05.30 11:50:09.718,1.26813,1.26818,1.76,1.12
2018.05.30 11:50:10.364,1.26812,1.26818,2.06,1.12
2018.05.30 11:50:10.568,1.26812,1.26818,1.31,3.64
2018.05.30 11:50:11.074,1.26813,1.26818,1.00,2.51
2018.05.30 11:50:11.649,1.26811,1.26817,3.37,1.95
2018.05.30 11:50:12.386,1.2681,1.26817,2.06,1.45
2018.05.30 11:50:12.736,1.26808,1.26813,2.44,1.20
2018.05.30 11:50:13.148,1.26809,1.26812,1.00,1.45
2018.05.30 11:50:13.565,1.26808,1.26813,1.00,1.20
2018.05.30 11:50:14.817,1.26809,1.26813,1.00,1.07
2018.05.30 11:50:15.365,1.26808,1.26815,3.37,2.70
2018.05.30 11:50:15.675,1.26808,1.26812,1.12,1.10
2018.05.30 11:50:15.937,1.26808,1.26813,1.12,1.45
2018.05.30 11:50:16.273,1.26812,1.26816,1.00,2.70
2018.05.30 11:50:16.820,1.26812,1.26817,1.50,2.70
2018.05.30 11:50:17.463,1.26813,1.26816,1.00,1.20
2018.05.30 11:50:18.071,1.26812,1.26816,1.00,2.14
2018.05.30 11:50:18.605,1.26813,1.26816,1.00,1.10
2018.05.30 11:50:19.172,1.26814,1.26816,1.00,1.10
2018.05.30 11:50:19.739,1.26814,1.26819,1.12,1.45
2018.05.30 11:50:21.273,1.26813,1.26819,1.12,3.82
2018.05.30 11:50:21.727,1.26809,1.26814,3.75,1.00
2018.05.30 11:50:21.933,1.26809,1.26814,1.00,3.26
2018.05.30 11:50:22.534,1.26809,1.26813,1.00,1.70
2018.05.30 11:50:23.231,1.26808,1.26812,1.00,1.20
2018.05.30 11:50:23.284,1.26806,1.26811,1.50,2.51
2018.05.30 11:50:23.388,1.26807,1.2681,1.00,3.45
2018.05.30 11:50:23.492,1.26805,1.2681,1.50,3.07
2018.05.30 11:50:24.012,1.26804,1.2681,1.12,3.82
2018.05.30 11:50:24.514,1.26803,1.26809,1.87,1.07
2018.05.30 11:50:25.278,1.26805,1.26809,2.25,1.07
2018.05.30 11:50:25.502,1.26803,1.26808,1.12,1.39
2018.05.30 11:50:25.657,1.26801,1.26808,1.50,2.14
2018.05.30 11:50:25.861,1.26804,1.26808,1.50,1.70
2018.05.30 11:50:26.169,1.26802,1.26808,1.00,1.45
2018.05.30 11:50:26.492,1.26804,1.26809,1.12,1.45
2018.05.30 11:50:26.594,1.26804,1.26809,1.12,1.20
2018.05.30 11:50:27.003,1.26804,1.26808,1.00,1.45
2018.05.30 11:50:27.359,1.26802,1.26806,1.00,1.57
2018.05.30 11:50:27.465,1.26798,1.26803,2.25,1.19
2018.05.30 11:50:27.620,1.26798,1.26803,1.50,3.45
2018.05.30 11:50:27.878,1.26798,1.26802,1.50,1.00
2018.05.30 11:50:28.920,1.26797,1.26802,1.57,1.69
2018.05.30 11:50:29.461,1.26797,1.26802,1.00,1.69
2018.05.30 11:50:29.618,1.26794,1.26797,1.07,1.00
2018.05.30 11:50:29.670,1.26792,1.26796,1.87,2.44
2018.05.30 11:50:29.865,1.2679,1.26794,1.00,2.70
2018.05.30 11:50:30.121,1.26792,1.26794,1.00,1.10
2018.05.30 11:50:30.377,1.26795,1.26798,1.00,1.57
2018.05.30 11:50:30.928,1.26794,1.26799,1.00,2.32
2018.05.30 11:50:31.235,1.26796,1.268,1.00,2.70
2018.05.30 11:50:31.338,1.26796,1.26801,1.00,1.95
2018.05.30 11:50:31.856,1.26796,1.26801,1.00,2.25
2018.05.30 11:50:32.586,1.26796,1.268,1.50,1.25
2018.05.30 11:50:32.692,1.26798,1.26803,1.12,3.45
2018.05.30 11:50:33.067,1.268,1.26805,1.00,2.32
2018.05.30 11:50:33.822,1.26801,1.26805,1.25,1.00
2018.05.30 11:50:33.982,1.26802,1.26808,2.25,2.62
2018.05.30 11:50:34.568,1.26803,1.26808,1.12,2.14
2018.05.30 11:50:35.085,1.26802,1.26807,1.00,1.12
2018.05.30 11:50:35.561,1.26799,1.26804,3.45,1.00
2018.05.30 11:50:35.875,1.26795,1.26798,1.00,1.00
2018.05.30 11:50:36.491,1.26794,1.26798,1.50,1.50
2018.05.30 11:50:37.022,1.26795,1.26798,1.00,1.50
2018.05.30 11:50:37.274,1.26792,1.26796,1.50,1.00
2018.05.30 11:50:37.540,1.26791,1.26795,1.00,3.45
2018.05.30 11:50:38.154,1.2679,1.26794,1.50,1.12
2018.05.30 11:50:38.722,1.26791,1.26794,1.00,1.50
2018.05.30 11:50:39.055,1.2679,1.26792,1.00,1.25
2018.05.30 11:50:39.589,1.26789,1.26792,1.00,3.75
2018.05.30 11:50:40.482,1.26788,1.26791,1.00,1.25
2018.05.30 11:50:41.156,1.26789,1.26792,1.00,1.12
2018.05.30 11:50:41.497,1.26786,1.26792,3.07,1.12
2018.05.30 11:50:42.330,1.26784,1.2679,1.32,1.25
2018.05.30 11:50:42.846,1.26784,1.2679,1.00,1.29
2018.05.30 11:50:43.766,1.26784,1.26789,1.12,1.31
2018.05.30 11:50:44.371,1.26784,1.26789,1.00,1.31
2018.05.30 11:50:44.682,1.26787,1.26793,1.00,2.32
2018.05.30 11:50:45.021,1.2679,1.26794,1.00,2.32
2018.05.30 11:50:45.076,1.2679,1.26795,1.50,2.62
2018.05.30 11:50:45.365,1.26789,1.26794,1.12,1.50
2018.05.30 11:50:45.418,1.26789,1.26794,2.00,1.00
2018.05.30 11:50:45.472,1.26788,1.26794,1.95,1.19
2018.05.30 11:50:45.525,1.26788,1.26794,1.20,1.69
2018.05.30 11:50:45.630,1.26788,1.26794,1.12,2.51
2018.05.30 11:50:45.682,1.2679,1.26794,1.00,2.51
2018.05.30 11:50:46.181,1.2679,1.26796,1.00,4.01
2018.05.30 11:50:46.233,1.26792,1.26796,1.00,2.89
2018.05.30 11:50:46.336,1.26792,1.26797,1.00,3.82
2018.05.30 11:50:46.593,1.26794,1.26797,1.00,1.25
2018.05.30 11:50:46.914,1.26793,1.26796,1.00,1.76
2018.05.30 11:50:47.131,1.26791,1.26796,1.00,1.76
2018.05.30 11:50:47.184,1.26793,1.26798,1.13,3.26
2018.05.30 11:50:47.286,1.26793,1.26799,1.00,2.51
2018.05.30 11:50:47.440,1.26795,1.268,1.00,3.26
2018.05.30 11:50:47.985,1.26794,1.268,1.50,2.51
2018.05.30 11:50:48.525,1.26794,1.268,1.50,1.01
2018.05.30 11:50:49.808,1.26793,1.26799,1.87,2.51
2018.05.30 11:50:50.218,1.26791,1.26796,1.00,2.32
2018.05.30 11:50:50.376,1.26789,1.26794,1.20,1.00
2018.05.30 11:50:50.896,1.26789,1.26793,1.00,1.76
2018.05.30 11:50:51.411,1.26788,1.26793,1.00,2.51
2018.05.30 11:50:51.921,1.26788,1.26793,1.00,2.70
2018.05.30 11:50:52.132,1.26788,1.26791,1.00,1.00
2018.05.30 11:50:52.420,1.26789,1.26793,1.00,1.12
2018.05.30 11:50:52.935,1.26788,1.26794,1.75,1.50
2018.05.30 11:50:52.989,1.26787,1.2679,1.10,1.25
2018.05.30 11:50:53.264,1.26789,1.26793,2.06,1.10
2018.05.30 11:50:53.784,1.26789,1.26796,1.87,3.07
2018.05.30 11:50:54.077,1.2679,1.26796,2.00,1.50
2018.05.30 11:50:54.596,1.26792,1.26798,2.06,2.32
2018.05.30 11:50:55.190,1.26792,1.26798,1.50,1.95
2018.05.30 11:50:56.328,1.26794,1.268,1.12,4.76
2018.05.30 11:50:56.871,1.26793,1.26798,1.57,1.00
2018.05.30 11:50:57.421,1.26795,1.268,1.69,1.50
2018.05.30 11:50:57.525,1.26796,1.26801,1.12,1.95
2018.05.30 11:50:58.030,1.26798,1.26802,1.00,1.50
2018.05.30 11:50:58.081,1.26798,1.26803,1.69,2.32
2018.05.30 11:50:58.593,1.26798,1.26802,1.50,1.00
2018.05.30 11:50:59.069,1.268,1.26804,1.88,1.12
2018.05.30 11:50:59.601,1.26802,1.26804,1.00,1.00
2018.05.30 11:51:00.123,1.26802,1.26805,1.00,1.10
2018.05.30 11:51:00.463,1.268,1.26805,1.12,1.20
2018.05.30 11:51:00.569,1.26799,1.26803,1.00,2.44
2018.05.30 11:51:00.777,1.26797,1.26802,1.12,2.06
2018.05.30 11:51:00.985,1.26797,1.26802,1.12,3.19
2018.05.30 11:51:01.534,1.26797,1.26803,1.87,3.45
2018.05.30 11:51:01.742,1.26795,1.268,1.82,1.25
2018.05.30 11:51:01.795,1.26794,1.26801,3.82,2.44
2018.05.30 11:51:02.218,1.26793,1.268,1.20,1.94
2018.05.30 11:51:02.274,1.2679,1.26795,1.10,1.88
2018.05.30 11:51:02.330,1.26789,1.26792,1.07,1.00
2018.05.30 11:51:02.384,1.26787,1.26792,2.36,2.62
2018.05.30 11:51:02.644,1.26785,1.26791,1.50,2.32
2018.05.30 11:51:03.679,1.26784,1.2679,1.50,2.96
2018.05.30 11:51:04.433,1.26785,1.2679,1.12,2.62
2018.05.30 11:51:04.987,1.26785,1.26789,1.50,1.00
2018.05.30 11:51:05.603,1.26786,1.2679,1.50,1.00
2018.05.30 11:51:05.914,1.26785,1.26788,3.00,1.50
2018.05.30 11:51:06.070,1.26785,1.2679,3.38,3.00
2018.05.30 11:51:07.159,1.26786,1.26788,1.12,1.00
2018.05.30 11:51:07.672,1.26785,1.26789,1.50,1.00
2018.05.30 11:51:08.219,1.26785,1.2679,1.50,1.50
2018.05.30 11:51:08.534,1.26787,1.26792,3.60,1.10
2018.05.30 11:51:09.058,1.26788,1.26793,1.12,1.12
2018.05.30 11:51:09.365,1.26786,1.26791,1.00,1.19
2018.05.30 11:51:09.841,1.26786,1.26788,1.25,1.00
2018.05.30 11:51:09.893,1.26786,1.2679,1.25,1.00
2018.05.30 11:51:10.096,1.26786,1.26787,1.25,1.00
2018.05.30 11:51:10.303,1.26786,1.2679,1.00,1.00
2018.05.30 11:51:10.457,1.26786,1.26788,1.00,1.50
2018.05.30 11:51:10.991,1.26786,1.26787,1.00,1.00
2018.05.30 11:51:11.043,1.26787,1.26789,1.00,1.00
2018.05.30 11:51:11.146,1.26786,1.26787,1.00,1.00
2018.05.30 11:51:11.250,1.26787,1.2679,1.00,1.12
2018.05.30 11:51:11.354,1.26786,1.26787,1.00,1.00
2018.05.30 11:51:11.459,1.26785,1.26788,1.00,1.00
2018.05.30 11:51:11.985,1.26785,1.26789,1.00,1.50
2018.05.30 11:51:12.517,1.26784,1.2679,1.69,4.57
2018.05.30 11:51:12.985,1.26785,1.26787,1.00,1.00
2018.05.30 11:51:13.088,1.26785,1.2679,1.00,3.07
2018.05.30 11:51:13.609,1.26785,1.26789,1.00,1.00
2018.05.30 11:51:14.292,1.26785,1.26788,1.00,1.00
2018.05.30 11:51:14.920,1.26785,1.26789,1.00,3.00
2018.05.30 11:51:15.421,1.26785,1.26788,1.00,1.00
2018.05.30 11:51:15.575,1.26785,1.26786,1.00,1.25
2018.05.30 11:51:15.679,1.26785,1.2679,1.50,1.31
2018.05.30 11:51:15.785,1.26787,1.26793,1.38,2.51
2018.05.30 11:51:16.364,1.26787,1.26791,1.25,1.69
2018.05.30 11:51:16.883,1.26786,1.2679,3.26,1.25
2018.05.30 11:51:17.413,1.26786,1.2679,2.32,1.00
2018.05.30 11:51:17.568,1.26786,1.26792,2.62,8.06
2018.05.30 11:51:18.093,1.26786,1.26791,2.81,1.50
2018.05.30 11:51:18.145,1.26787,1.26788,1.50,1.00
2018.05.30 11:51:18.197,1.26787,1.26791,1.00,1.69
2018.05.30 11:51:18.716,1.26786,1.2679,1.25,1.12
2018.05.30 11:51:20.301,1.26786,1.26789,1.31,1.00
2018.05.30 11:51:20.491,1.26784,1.26788,1.10,1.12
2018.05.30 11:51:20.597,1.26783,1.26786,1.12,1.00
2018.05.30 11:51:20.755,1.26779,1.26785,4.39,1.12
2018.05.30 11:51:20.807,1.26779,1.26785,2.70,2.44
2018.05.30 11:51:20.861,1.26779,1.26783,1.10,1.00
2018.05.30 11:51:20.967,1.26777,1.26782,1.87,1.00
2018.05.30 11:51:21.512,1.26777,1.26781,1.87,1.00
2018.05.30 11:51:22.095,1.26777,1.26782,1.00,3.37
2018.05.30 11:51:22.663,1.26777,1.26781,1.50,1.00
2018.05.30 11:51:22.948,1.26777,1.26779,2.25,1.00
2018.05.30 11:51:23.004,1.2678,1.26783,1.00,1.50
2018.05.30 11:51:23.110,1.26781,1.26785,1.00,1.12
2018.05.30 11:51:23.533,1.26778,1.26784,3.64,1.69
2018.05.30 11:51:23.647,1.26777,1.26782,1.39,1.19
2018.05.30 11:51:23.803,1.26775,1.26782,2.33,2.14
2018.05.30 11:51:24.011,1.26776,1.2678,1.12,1.00
2018.05.30 11:51:24.395,1.26777,1.26783,4.20,1.87
2018.05.30 11:51:24.770,1.26779,1.26785,2.81,1.20
2018.05.30 11:51:25.286,1.2678,1.26785,1.69,1.10
2018.05.30 11:51:25.796,1.2678,1.26785,1.00,1.95
2018.05.30 11:51:27.667,1.26778,1.26786,4.43,4.57
2018.05.30 11:51:27.770,1.26777,1.26782,1.57,1.31
2018.05.30 11:51:28.341,1.26776,1.26781,1.31,1.00
2018.05.30 11:51:28.395,1.26773,1.26779,2.89,1.12
2018.05.30 11:51:28.501,1.26773,1.26778,1.12,1.50
2018.05.30 11:51:29.020,1.26772,1.26778,1.39,1.00
2018.05.30 11:51:29.538,1.26773,1.26779,1.13,2.51
2018.05.30 11:51:30.060,1.26773,1.26778,1.00,1.39
2018.05.30 11:51:30.366,1.26769,1.26775,3.64,1.12
2018.05.30 11:51:30.420,1.26769,1.26773,1.39,1.00
2018.05.30 11:51:30.577,1.26768,1.26773,1.25,1.19
2018.05.30 11:51:30.875,1.2677,1.26775,1.00,1.20
2018.05.30 11:51:31.382,1.26771,1.26777,1.00,4.57
2018.05.30 11:51:31.984,1.26771,1.26777,1.25,2.81
2018.05.30 11:51:33.436,1.2677,1.26777,2.33,1.39
2018.05.30 11:51:33.954,1.26771,1.26777,1.25,1.57
2018.05.30 11:51:34.661,1.26771,1.26776,1.25,1.31
2018.05.30 11:51:36.148,1.26769,1.26777,5.36,5.44
2018.05.30 11:51:36.684,1.2677,1.26777,3.19,3.37
2018.05.30 11:51:36.959,1.26769,1.26773,1.10,1.25
2018.05.30 11:51:37.064,1.26767,1.26773,1.12,1.25
2018.05.30 11:51:37.427,1.26765,1.26771,2.33,1.25
2018.05.30 11:51:37.929,1.26765,1.26771,2.06,1.00
2018.05.30 11:51:38.446,1.26765,1.26771,1.50,1.00
2018.05.30 11:51:39.064,1.26765,1.26771,1.50,1.12
2018.05.30 11:51:39.372,1.26765,1.26772,2.63,2.06
2018.05.30 11:51:39.946,1.26765,1.26772,1.69,1.87
2018.05.30 11:51:40.049,1.26763,1.26769,3.83,1.00
2018.05.30 11:51:40.566,1.26761,1.26769,3.45,1.69
2018.05.30 11:51:41.327,1.26763,1.26769,1.00,4.87
2018.05.30 11:51:41.862,1.26764,1.26769,1.25,2.44
2018.05.30 11:51:42.401,1.26765,1.2677,1.88,3.00
2018.05.30 11:51:42.683,1.26765,1.26771,2.48,1.10
2018.05.30 11:51:42.787,1.26767,1.26772,1.50,1.20
2018.05.30 11:51:43.465,1.26768,1.26773,1.50,1.50
2018.05.30 11:51:43.891,1.26769,1.26775,2.33,1.69
2018.05.30 11:51:44.418,1.2677,1.26775,2.63,1.50
2018.05.30 11:51:44.522,1.26769,1.26774,1.95,1.12
2018.05.30 11:51:45.155,1.26768,1.26774,1.01,1.19
2018.05.30 11:51:45.662,1.26767,1.26773,2.14,1.00
2018.05.30 11:51:46.338,1.26767,1.26773,1.39,1.00
2018.05.30 11:51:46.873,1.26767,1.26775,2.70,4.95
2018.05.30 11:51:47.526,1.26767,1.26775,1.76,4.57
2018.05.30 11:51:48.175,1.26767,1.26774,2.51,1.76
2018.05.30 11:51:48.717,1.26767,1.26774,1.76,1.76
2018.05.30 11:51:49.235,1.26767,1.26774,2.70,1.76
2018.05.30 11:51:49.737,1.26769,1.26774,1.00,1.69
2018.05.30 11:51:50.265,1.26768,1.26774,1.00,1.57
2018.05.30 11:51:50.790,1.26767,1.26774,2.33,1.57
2018.05.30 11:51:51.303,1.26767,1.26773,1.95,1.00
2018.05.30 11:51:52.240,1.26767,1.26773,1.76,1.00
2018.05.30 11:51:52.823,1.26767,1.26773,1.95,1.00
2018.05.30 11:51:52.978,1.26766,1.26771,2.14,1.25
2018.05.30 11:51:53.498,1.26765,1.2677,1.13,1.87
2018.05.30 11:51:57.716,1.26764,1.26768,1.76,1.00
2018.05.30 11:51:58.323,1.26763,1.26768,1.00,1.00
2018.05.30 11:51:58.530,1.26765,1.26769,1.25,1.10
2018.05.30 11:51:58.788,1.26763,1.26768,3.64,1.00
2018.05.30 11:51:59.340,1.26763,1.26768,2.63,1.00
2018.05.30 11:52:00.195,1.26763,1.26769,2.63,2.32
2018.05.30 11:52:00.716,1.26763,1.26769,2.14,2.06
2018.05.30 11:52:01.226,1.26764,1.26768,1.00,1.25
2018.05.30 11:52:01.803,1.26764,1.2677,1.31,2.51
2018.05.30 11:52:02.305,1.26764,1.26769,1.31,1.00
2018.05.30 11:52:03.292,1.26764,1.26769,1.12,1.69
2018.05.30 11:52:03.924,1.26764,1.26769,1.12,1.25
2018.05.30 11:52:05.040,1.26763,1.26769,3.37,4.87
2018.05.30 11:52:05.584,1.26763,1.26768,1.76,1.00
2018.05.30 11:52:06.125,1.26763,1.26768,2.89,1.00
2018.05.30 11:52:06.372,1.26764,1.2677,1.00,1.20
2018.05.30 11:52:06.527,1.26764,1.26769,1.95,1.69
2018.05.30 11:52:07.046,1.26765,1.26769,1.00,1.25
2018.05.30 11:52:07.568,1.26764,1.26769,2.89,1.25
2018.05.30 11:52:08.075,1.26765,1.26769,1.00,1.25
2018.05.30 11:52:08.778,1.26764,1.26769,1.10,1.00
2018.05.30 11:52:09.326,1.26763,1.26766,1.12,1.00
2018.05.30 11:52:09.542,1.26761,1.26766,1.57,1.25
2018.05.30 11:52:09.646,1.26763,1.26769,1.13,1.20
2018.05.30 11:52:09.698,1.26763,1.2677,2.81,3.45
2018.05.30 11:52:10.210,1.26764,1.2677,3.19,2.25
2018.05.30 11:52:10.793,1.26765,1.2677,1.00,1.87
2018.05.30 11:52:11.327,1.26766,1.26771,1.00,1.69
2018.05.30 11:52:11.857,1.26766,1.26771,1.12,1.25
2018.05.30 11:52:12.022,1.26764,1.26766,1.69,1.00
2018.05.30 11:52:12.180,1.26758,1.26763,2.51,1.00
2018.05.30 11:52:12.233,1.26758,1.26761,1.85,1.00
2018.05.30 11:52:12.346,1.26759,1.26763,1.69,1.00
2018.05.30 11:52:12.397,1.26761,1.26764,1.20,1.00
2018.05.30 11:52:12.910,1.26758,1.26764,1.95,2.62
2018.05.30 11:52:13.450,1.26759,1.26763,1.57,1.00
2018.05.30 11:52:14.065,1.26758,1.26764,1.00,1.39
2018.05.30 11:52:14.380,1.2676,1.26765,1.00,1.76
2018.05.30 11:52:14.432,1.2676,1.26765,1.88,1.10
2018.05.30 11:52:14.957,1.2676,1.26767,2.70,2.32
2018.05.30 11:52:15.010,1.26763,1.26769,1.50,1.00
2018.05.30 11:52:15.323,1.26768,1.26773,1.00,2.25
2018.05.30 11:52:16.114,1.26768,1.26774,1.88,3.07
2018.05.30 11:52:16.370,1.26766,1.26771,2.00,1.00
2018.05.30 11:52:16.696,1.26765,1.26769,2.32,1.00
2018.05.30 11:52:16.798,1.26764,1.26769,3.45,1.00
2018.05.30 11:52:17.003,1.26764,1.26771,2.89,3.26
2018.05.30 11:52:17.206,1.26764,1.26769,3.45,1.00
2018.05.30 11:52:17.607,1.26763,1.26768,3.00,1.44
2018.05.30 11:52:17.710,1.26762,1.26768,1.00,2.81
2018.05.30 11:52:18.326,1.26761,1.26766,1.95,1.25
2018.05.30 11:52:18.836,1.26761,1.26765,1.50,1.00
2018.05.30 11:52:18.939,1.26762,1.26767,1.13,2.70
2018.05.30 11:52:19.146,1.26764,1.26768,1.00,1.50
2018.05.30 11:52:19.341,1.26764,1.26769,1.12,1.50
2018.05.30 11:52:19.902,1.26765,1.26769,1.13,1.00
2018.05.30 11:52:20.441,1.26765,1.2677,1.25,1.10
2018.05.30 11:52:20.805,1.26768,1.26772,1.00,3.07
2018.05.30 11:52:20.911,1.26768,1.26773,1.00,1.57
2018.05.30 11:52:21.448,1.26769,1.26774,1.25,3.07
2018.05.30 11:52:22.057,1.26768,1.26774,1.88,3.26
2018.05.30 11:52:22.464,1.26767,1.26772,1.00,1.19
2018.05.30 11:52:22.983,1.26767,1.26772,1.12,1.00
2018.05.30 11:52:23.388,1.2677,1.26774,1.00,3.07
2018.05.30 11:52:23.494,1.26771,1.26774,1.00,1.39
2018.05.30 11:52:23.707,1.26773,1.26775,1.38,1.00
2018.05.30 11:52:24.010,1.26772,1.26777,1.07,1.00
2018.05.30 11:52:24.116,1.26771,1.26776,1.57,1.00
2018.05.30 11:52:24.655,1.2677,1.26776,1.10,1.00
2018.05.30 11:52:24.950,1.2677,1.26776,1.10,1.69
2018.05.30 11:52:25.207,1.2677,1.26776,1.00,1.95
2018.05.30 11:52:25.797,1.2677,1.26776,1.25,1.57
2018.05.30 11:52:26.078,1.26772,1.26775,1.00,1.25
2018.05.30 11:52:26.608,1.26771,1.26775,1.00,1.50
2018.05.30 11:52:27.192,1.26771,1.26775,1.13,1.00
2018.05.30 11:52:27.498,1.26775,1.26779,1.25,1.57
2018.05.30 11:52:28.914,1.26775,1.2678,1.25,2.51
2018.05.30 11:52:30.098,1.26775,1.2678,1.13,1.20
2018.05.30 11:52:31.675,1.26772,1.26778,3.82,2.06
2018.05.30 11:52:31.728,1.26771,1.26777,2.14,1.00
2018.05.30 11:52:32.258,1.2677,1.26776,2.70,2.06
2018.05.30 11:52:32.312,1.26769,1.26774,1.10,1.25
2018.05.30 11:52:32.365,1.26767,1.26771,2.14,1.25
2018.05.30 11:52:32.469,1.26766,1.26771,1.10,1.00
2018.05.30 11:52:33.017,1.26765,1.26771,2.25,1.57
2018.05.30 11:52:33.277,1.26767,1.26771,1.00,1.00
2018.05.30 11:52:33.818,1.26769,1.26773,1.25,2.32
2018.05.30 11:52:33.924,1.2677,1.26774,1.31,1.87
2018.05.30 11:52:34.140,1.26779,1.26781,1.37,2.25
2018.05.30 11:52:34.193,1.26778,1.26781,2.44,1.50
2018.05.30 11:52:34.246,1.26778,1.26782,3.19,1.00
2018.05.30 11:52:34.351,1.26777,1.26782,1.50,1.50
2018.05.30 11:52:34.506,1.26779,1.26783,1.00,1.10
2018.05.30 11:52:35.073,1.26779,1.26784,1.00,1.87
2018.05.30 11:52:35.599,1.2678,1.26784,1.00,2.70
2018.05.30 11:52:36.102,1.26779,1.26784,1.00,1.95
2018.05.30 11:52:36.605,1.26779,1.26785,2.06,1.12
2018.05.30 11:52:37.153,1.26781,1.26786,1.00,3.00
2018.05.30 11:52:37.898,1.26781,1.26787,1.12,4.39
2018.05.30 11:52:38.446,1.26782,1.26787,1.00,1.39
2018.05.30 11:52:38.947,1.26782,1.26787,1.00,1.20
2018.05.30 11:52:39.288,1.2678,1.26785,1.50,3.37
2018.05.30 11:52:39.600,1.26775,1.26781,3.07,1.00
2018.05.30 11:52:40.330,1.26774,1.2678,2.70,1.50
2018.05.30 11:52:40.537,1.26773,1.26778,1.57,1.00
2018.05.30 11:52:41.268,1.26772,1.26779,3.07,1.01
2018.05.30 11:52:41.476,1.26772,1.26778,1.95,1.00
2018.05.30 11:52:42.642,1.26774,1.26779,1.00,1.50
2018.05.30 11:52:43.498,1.26775,1.26779,1.00,1.00
2018.05.30 11:52:44.015,1.26775,1.2678,1.12,1.12
2018.05.30 11:52:48.625,1.26773,1.2678,2.25,2.81
2018.05.30 11:52:48.919,1.26775,1.26781,1.95,2.25
2018.05.30 11:52:50.112,1.26774,1.26779,1.20,1.00
2018.05.30 11:52:50.217,1.26771,1.26778,1.69,1.19
2018.05.30 11:52:50.270,1.2677,1.26776,1.95,1.69
2018.05.30 11:52:51.445,1.2677,1.26776,2.14,1.25
2018.05.30 11:52:52.031,1.2677,1.26777,2.14,3.82
2018.05.30 11:52:52.374,1.2677,1.26775,1.20,1.00
2018.05.30 11:52:52.936,1.2677,1.26776,1.50,1.39
2018.05.30 11:52:53.257,1.26767,1.26774,3.82,1.87
2018.05.30 11:52:53.569,1.26765,1.26771,1.57,1.00
2018.05.30 11:52:54.216,1.26765,1.26772,1.57,3.64
2018.05.30 11:52:54.594,1.26768,1.26773,1.00,1.50
2018.05.30 11:52:55.020,1.26768,1.26774,2.70,1.00
2018.05.30 11:52:55.532,1.26769,1.26775,2.14,1.87
2018.05.30 11:52:56.038,1.26769,1.26775,2.51,1.00
2018.05.30 11:52:57.421,1.26769,1.26775,2.14,1.00
2018.05.30 11:52:58.365,1.2677,1.26776,1.00,1.20
2018.05.30 11:52:59.592,1.2677,1.26776,1.00,1.29
2018.05.30 11:53:00.160,1.2677,1.26774,1.12,1.12
2018.05.30 11:53:00.212,1.26768,1.26772,1.85,1.00
2018.05.30 11:53:00.264,1.26767,1.26773,1.12,1.12
2018.05.30 11:53:00.773,1.26767,1.26772,1.12,1.00
2018.05.30 11:53:01.299,1.26767,1.26772,1.12,1.44
2018.05.30 11:53:01.935,1.26766,1.26772,1.50,1.95
2018.05.30 11:53:02.639,1.26766,1.26772,1.00,1.76
2018.05.30 11:53:03.146,1.26766,1.26773,1.00,1.31
2018.05.30 11:53:03.199,1.26765,1.2677,1.20,1.25
2018.05.30 11:53:03.580,1.26763,1.2677,1.85,1.39
2018.05.30 11:53:03.892,1.26762,1.26768,2.00,1.19
2018.05.30 11:53:04.152,1.26762,1.26768,1.75,1.25
2018.05.30 11:53:04.686,1.26762,1.26769,1.75,3.26
2018.05.30 11:53:04.893,1.26762,1.26769,1.12,3.82
2018.05.30 11:53:05.499,1.26763,1.26769,1.00,2.32
2018.05.30 11:53:05.709,1.26764,1.2677,1.12,1.50
2018.05.30 11:53:05.892,1.26766,1.26772,2.32,1.00
2018.05.30 11:53:06.098,1.26767,1.26774,1.12,2.51
2018.05.30 11:53:06.510,1.26767,1.26774,1.12,4.01
2018.05.30 11:53:06.722,1.26767,1.26774,1.12,1.76
2018.05.30 11:53:06.983,1.26767,1.26774,1.12,2.70
2018.05.30 11:53:07.127,1.26767,1.26774,1.12,2.70
2018.05.30 11:53:07.179,1.26765,1.26772,1.85,1.69
2018.05.30 11:53:07.695,1.26767,1.26773,1.31,1.57
2018.05.30 11:53:08.002,1.26765,1.26771,1.07,1.12
2018.05.30 11:53:08.096,1.26764,1.26771,4.76,1.31
2018.05.30 11:53:09.629,1.26765,1.2677,1.12,1.25
2018.05.30 11:53:09.783,1.26765,1.26772,1.12,1.69
2018.05.30 11:53:10.385,1.26765,1.26772,1.31,3.19
2018.05.30 11:53:11.462,1.26765,1.26771,1.12,1.31
2018.05.30 11:53:12.014,1.26766,1.26773,1.10,2.70
2018.05.30 11:53:12.548,1.26766,1.26773,1.57,2.32
2018.05.30 11:53:12.856,1.26767,1.26771,1.12,1.00
2018.05.30 11:53:13.581,1.26767,1.26771,1.12,1.19
2018.05.30 11:53:14.023,1.2677,1.26771,1.00,1.00
2018.05.30 11:53:14.128,1.26769,1.26773,2.06,1.25
2018.05.30 11:53:14.193,1.2677,1.26777,1.69,2.89
2018.05.30 11:53:14.350,1.26773,1.26778,1.00,1.00
2018.05.30 11:53:14.872,1.26772,1.26775,1.00,1.00
2018.05.30 11:53:15.077,1.2677,1.26775,1.57,1.00
2018.05.30 11:53:15.580,1.2677,1.26774,1.12,1.00
2018.05.30 11:53:19.250,1.2677,1.26773,1.00,1.00
2018.05.30 11:53:19.864,1.26769,1.26772,1.20,1.00
2018.05.30 11:53:22.745,1.26769,1.26771,1.10,1.00
2018.05.30 11:53:23.832,1.26769,1.26772,1.12,1.00
2018.05.30 11:53:24.103,1.26769,1.26774,1.87,1.00
2018.05.30 11:53:24.156,1.26769,1.26772,1.12,1.00
2018.05.30 11:53:24.467,1.26772,1.26774,2.06,1.50
2018.05.30 11:53:24.679,1.26769,1.26772,1.10,1.00
2018.05.30 11:53:25.272,1.26769,1.26773,1.00,1.00
2018.05.30 11:53:25.377,1.26771,1.26775,1.00,1.50
2018.05.30 11:53:25.893,1.2677,1.26773,1.00,1.00
2018.05.30 11:53:26.679,1.2677,1.26775,1.12,1.00
2018.05.30 11:53:26.783,1.26771,1.26776,3.75,1.00
2018.05.30 11:53:27.041,1.26773,1.26778,1.00,1.12
2018.05.30 11:53:27.555,1.26773,1.26777,1.50,1.00
2018.05.30 11:53:28.099,1.26773,1.26778,1.50,1.00
2018.05.30 11:53:30.331,1.26774,1.26778,1.00,1.12
2018.05.30 11:53:31.097,1.26774,1.26777,1.00,1.00
2018.05.30 11:53:31.667,1.26773,1.26777,1.12,1.00
2018.05.30 11:53:32.737,1.26773,1.26775,1.00,1.00
2018.05.30 11:53:34.791,1.26773,1.26776,1.00,1.00
2018.05.30 11:53:35.099,1.26773,1.26779,1.12,3.45
2018.05.30 11:53:35.204,1.26775,1.26779,1.12,1.00
2018.05.30 11:53:35.753,1.26775,1.2678,1.31,1.00
2018.05.30 11:53:36.280,1.26775,1.26781,1.31,1.50
2018.05.30 11:53:37.368,1.26775,1.26781,1.39,1.00
2018.05.30 11:53:37.886,1.26776,1.26782,1.10,1.25
2018.05.30 11:53:38.491,1.26776,1.26781,1.10,1.00
2018.05.30 11:53:39.012,1.26775,1.26782,2.14,2.32
2018.05.30 11:53:39.319,1.26778,1.26782,1.25,1.50
2018.05.30 11:53:39.371,1.26776,1.26782,1.76,1.50
2018.05.30 11:53:39.475,1.26779,1.26783,1.00,1.85
2018.05.30 11:53:39.581,1.26781,1.26785,1.00,1.87
2018.05.30 11:53:39.685,1.26781,1.26783,1.00,1.00
2018.05.30 11:53:39.858,1.26779,1.26782,1.00,1.00
2018.05.30 11:53:40.375,1.26777,1.26782,1.20,1.00
2018.05.30 11:53:42.863,1.26777,1.26782,1.10,1.00
2018.05.30 11:53:43.446,1.26777,1.26781,1.00,1.00
2018.05.30 11:53:44.156,1.26777,1.26783,1.00,2.44
2018.05.30 11:53:44.698,1.26777,1.26782,1.00,1.00
2018.05.30 11:53:45.648,1.26777,1.26783,1.00,1.50
2018.05.30 11:53:46.162,1.26778,1.26783,1.10,1.00
2018.05.30 11:53:46.885,1.26778,1.26784,1.01,2.06
2018.05.30 11:53:48.136,1.26779,1.26784,1.10,1.50
2018.05.30 11:53:49.447,1.26779,1.26783,1.20,1.00
2018.05.30 11:53:50.167,1.26778,1.26782,1.57,1.00
2018.05.30 11:53:50.660,1.26775,1.26781,9.07,1.12
2018.05.30 11:53:55.394,1.26781,1.26785,2.81,4.39
2018.05.30 11:53:55.653,1.26791,1.26793,1.00,1.00
2018.05.30 11:53:56.120,1.26789,1.26791,1.57,1.00
2018.05.30 11:53:56.172,1.2679,1.26793,1.00,2.51
2018.05.30 11:53:56.685,1.26791,1.26793,1.00,1.00
2018.05.30 11:53:57.233,1.26786,1.26791,1.45,1.00
2018.05.30 11:53:57.389,1.26791,1.26792,1.00,1.00
2018.05.30 11:53:57.596,1.26791,1.26793,1.69,1.00
2018.05.30 11:53:57.650,1.2679,1.26795,4.95,1.12
2018.05.30 11:53:58.025,1.26792,1.26796,1.25,1.50
2018.05.30 11:53:58.534,1.26791,1.26794,2.51,1.00
2018.05.30 11:53:59.143,1.26792,1.26794,1.25,1.00
2018.05.30 11:53:59.404,1.2679,1.26793,3.07,1.12
2018.05.30 11:53:59.907,1.26791,1.26792,1.00,1.00
2018.05.30 11:54:00.296,1.2679,1.26794,1.00,1.87
2018.05.30 11:54:00.349,1.2679,1.26792,2.25,1.00
2018.05.30 11:54:00.708,1.2679,1.26795,2.25,1.50
2018.05.30 11:54:00.812,1.26788,1.26793,1.12,2.06
2018.05.30 11:54:00.965,1.26785,1.26792,4.01,3.56
2018.05.30 11:54:01.177,1.2679,1.26791,1.00,1.25
2018.05.30 11:54:01.228,1.26788,1.26794,2.62,1.76
2018.05.30 11:54:01.280,1.26789,1.26796,1.57,5.70
2018.05.30 11:54:01.790,1.2679,1.26797,1.01,1.76
2018.05.30 11:54:02.324,1.2679,1.26797,2.14,1.20
2018.05.30 11:54:02.482,1.26789,1.26795,1.57,1.87
2018.05.30 11:54:02.689,1.26786,1.26793,1.57,2.51
2018.05.30 11:54:03.100,1.26788,1.26795,2.14,3.26
2018.05.30 11:54:03.255,1.26789,1.26795,2.32,1.00
2018.05.30 11:54:03.510,1.26789,1.26797,1.95,5.89
2018.05.30 11:54:03.953,1.26788,1.26794,1.76,1.12
2018.05.30 11:54:04.007,1.26786,1.26792,2.14,1.00
2018.05.30 11:54:04.525,1.26786,1.26792,1.39,1.00
2018.05.30 11:54:05.071,1.26786,1.26791,1.20,1.00
2018.05.30 11:54:06.569,1.26785,1.26791,1.10,1.69
2018.05.30 11:54:07.080,1.26783,1.26788,1.57,1.50
2018.05.30 11:54:07.360,1.26775,1.26779,1.20,1.69
2018.05.30 11:54:07.464,1.26773,1.26776,1.24,1.00
2018.05.30 11:54:07.568,1.26771,1.26774,1.10,1.25
2018.05.30 11:54:08.115,1.26769,1.26775,2.32,2.06
2018.05.30 11:54:08.388,1.26769,1.26775,1.57,2.44
2018.05.30 11:54:09.509,1.26769,1.26775,2.25,2.44
2018.05.30 11:54:10.661,1.26769,1.26775,1.25,3.64
2018.05.30 11:54:11.384,1.26767,1.26774,4.20,1.69
2018.05.30 11:54:11.698,1.26766,1.26771,1.75,1.00
2018.05.30 11:54:12.079,1.26765,1.26771,2.51,1.12
2018.05.30 11:54:13.113,1.26765,1.26771,2.14,1.50
2018.05.30 11:54:14.019,1.26765,1.26769,1.12,1.00
2018.05.30 11:54:14.072,1.26768,1.26772,1.00,1.76
2018.05.30 11:54:14.179,1.26766,1.26771,1.01,1.00
2018.05.30 11:54:14.738,1.26765,1.2677,1.39,1.00
2018.05.30 11:54:15.838,1.26767,1.2677,1.50,1.00
2018.05.30 11:54:15.889,1.26765,1.26773,5.32,1.50
2018.05.30 11:54:15.940,1.26765,1.26771,4.01,1.00
2018.05.30 11:54:16.195,1.26765,1.2677,1.39,1.00
2018.05.30 11:54:16.968,1.26764,1.26769,1.01,1.00
2018.05.30 11:54:19.320,1.26763,1.2677,1.95,1.12
2018.05.30 11:54:19.848,1.26763,1.2677,1.76,1.50
2018.05.30 11:54:21.003,1.26763,1.2677,1.01,1.12
2018.05.30 11:54:21.055,1.26763,1.26768,1.57,1.00
2018.05.30 11:54:21.436,1.26763,1.2677,1.01,1.12
2018.05.30 11:54:21.928,1.26762,1.26767,2.89,1.00
2018.05.30 11:54:22.460,1.26762,1.26768,3.64,1.12
2018.05.30 11:54:23.100,1.26762,1.26767,2.70,1.00
2018.05.30 11:54:23.614,1.26762,1.26769,4.20,2.25
2018.05.30 11:54:24.217,1.26762,1.26767,3.64,1.00
2018.05.30 11:54:24.423,1.26763,1.26769,1.20,1.12
2018.05.30 11:54:26.085,1.2676,1.26766,1.95,1.00
2018.05.30 11:54:26.242,1.26759,1.26764,1.10,1.88
2018.05.30 11:54:26.749,1.26757,1.26762,1.50,1.00
2018.05.30 11:54:27.332,1.26754,1.26762,3.07,1.69
2018.05.30 11:54:27.949,1.26755,1.2676,1.01,1.00
2018.05.30 11:54:29.059,1.26755,1.26761,2.32,1.12
2018.05.30 11:54:29.165,1.26758,1.26764,1.25,4.57
2018.05.30 11:54:29.377,1.26763,1.26769,1.00,2.14
2018.05.30 11:54:29.908,1.26763,1.26769,1.00,1.20
2018.05.30 11:54:30.228,1.26766,1.26772,1.12,2.51
2018.05.30 11:54:30.489,1.2677,1.26775,1.25,1.76
2018.05.30 11:54:30.984,1.26774,1.26778,1.00,1.57
2018.05.30 11:54:31.510,1.26773,1.26778,1.25,1.87
2018.05.30 11:54:32.249,1.26773,1.26779,2.25,1.12
2018.05.30 11:54:32.353,1.26776,1.26782,1.31,1.57
2018.05.30 11:54:32.915,1.26776,1.26782,1.57,1.50
2018.05.30 11:54:33.450,1.26777,1.26784,1.20,3.26
2018.05.30 11:54:35.029,1.26777,1.26783,1.95,1.50
2018.05.30 11:54:35.236,1.26777,1.26784,1.69,2.62
2018.05.30 11:54:35.343,1.26781,1.26786,1.31,2.70
2018.05.30 11:54:35.498,1.26783,1.26787,1.00,1.37
2018.05.30 11:54:35.649,1.26781,1.26787,1.76,1.37
2018.05.30 11:54:35.752,1.26781,1.26789,3.83,1.76
2018.05.30 11:54:36.364,1.26781,1.26789,4.20,1.76
2018.05.30 11:54:36.910,1.26782,1.26788,2.70,1.00
2018.05.30 11:54:38.918,1.26781,1.26788,3.45,1.63
2018.05.30 11:54:39.088,1.2678,1.26788,1.85,7.16
2018.05.30 11:54:39.589,1.26779,1.26786,4.39,1.19
2018.05.30 11:54:39.887,1.26778,1.26781,1.20,1.25
2018.05.30 11:54:40.015,1.26775,1.26781,4.01,1.50
2018.05.30 11:54:40.423,1.26775,1.2678,1.50,2.25
2018.05.30 11:54:40.577,1.26774,1.26778,1.00,1.31
2018.05.30 11:54:40.716,1.26771,1.26776,2.51,1.25
2018.05.30 11:54:41.438,1.26771,1.26775,2.32,1.13
2018.05.30 11:54:41.612,1.26771,1.26775,1.00,1.50
2018.05.30 11:54:42.703,1.26771,1.26776,1.50,1.58
2018.05.30 11:54:43.257,1.26771,1.26776,1.50,1.31
2018.05.30 11:54:43.758,1.26771,1.26776,1.50,1.25
2018.05.30 11:54:44.064,1.26774,1.26779,1.00,2.70
2018.05.30 11:54:44.116,1.26774,1.2678,1.69,4.20
2018.05.30 11:54:45.222,1.26774,1.2678,2.51,2.62
2018.05.30 11:54:45.766,1.26774,1.26779,2.51,1.00
2018.05.30 11:54:47.532,1.26774,1.2678,2.32,1.87
2018.05.30 11:54:48.074,1.26774,1.26779,2.70,1.00
2018.05.30 11:54:48.880,1.26775,1.2678,2.25,1.31
2018.05.30 11:54:49.411,1.26776,1.26782,1.50,3.26
2018.05.30 11:54:49.898,1.26776,1.26782,1.50,1.87
2018.05.30 11:54:52.444,1.26776,1.26782,1.12,2.32
2018.05.30 11:54:53.557,1.26777,1.26782,1.00,2.32
2018.05.30 11:54:54.234,1.26777,1.26782,1.44,1.25
2018.05.30 11:54:54.389,1.2678,1.26785,1.00,4.39
2018.05.30 11:54:55.342,1.26781,1.26785,1.00,1.95
2018.05.30 11:54:55.446,1.26783,1.26787,1.00,1.00
2018.05.30 11:54:55.947,1.26781,1.26787,1.20,1.12
2018.05.30 11:54:56.459,1.26782,1.26788,1.25,1.12
2018.05.30 11:54:56.511,1.26782,1.26788,2.44,1.00
2018.05.30 11:54:57.679,1.26784,1.26789,1.31,1.00
2018.05.30 11:54:58.192,1.26785,1.2679,1.00,2.62
2018.05.30 11:55:00.323,1.26786,1.26792,1.00,4.01
2018.05.30 11:55:00.873,1.26786,1.26791,3.07,1.00
2018.05.30 11:55:00.925,1.2679,1.26795,1.50,1.10
2018.05.30 11:55:01.493,1.2679,1.26796,1.69,1.31
2018.05.30 11:55:01.833,1.26788,1.26793,1.07,1.31
2018.05.30 11:55:01.885,1.26787,1.26792,2.89,1.00
2018.05.30 11:55:02.396,1.26787,1.26794,1.31,3.45
2018.05.30 11:55:03.422,1.26788,1.26794,1.00,1.87
2018.05.30 11:55:03.971,1.26787,1.26793,1.95,1.00
2018.05.30 11:55:04.613,1.26787,1.26793,3.07,1.00
2018.05.30 11:55:04.859,1.26785,1.26789,1.50,1.12
2018.05.30 11:55:05.131,1.26782,1.26787,1.57,1.00
2018.05.30 11:55:05.647,1.26782,1.26788,1.10,2.06
2018.05.30 11:55:05.803,1.26786,1.26791,1.50,2.70
2018.05.30 11:55:05.959,1.26786,1.26792,1.25,1.10
2018.05.30 11:55:06.763,1.26787,1.26793,1.00,1.76
2018.05.30 11:55:07.607,1.26786,1.26791,1.57,1.25
2018.05.30 11:55:07.814,1.26783,1.26789,1.45,2.06
2018.05.30 11:55:07.918,1.26781,1.26785,2.32,1.00
2018.05.30 11:55:07.969,1.26781,1.26786,1.20,1.00
2018.05.30 11:55:08.645,1.26781,1.26787,1.12,1.87
2018.05.30 11:55:09.066,1.26781,1.26785,1.00,1.00
2018.05.30 11:55:09.375,1.26779,1.26784,1.00,1.50
2018.05.30 11:55:09.892,1.26778,1.26783,1.12,1.12
2018.05.30 11:55:10.589,1.26779,1.26783,1.13,1.00
2018.05.30 11:55:11.403,1.26779,1.26785,1.31,1.57
2018.05.30 11:55:12.703,1.2678,1.26786,1.00,2.51
2018.05.30 11:55:13.142,1.26777,1.26784,2.14,1.50
2018.05.30 11:55:13.247,1.26775,1.26781,4.01,1.12
2018.05.30 11:55:13.806,1.26775,1.26782,1.95,3.75
2018.05.30 11:55:15.314,1.26773,1.26779,3.45,1.25
2018.05.30 11:55:15.575,1.26767,1.26773,1.25,1.20
2018.05.30 11:55:15.932,1.26769,1.26774,1.25,2.14
2018.05.30 11:55:16.472,1.26769,1.26774,1.00,3.26
2018.05.30 11:55:16.881,1.26767,1.26774,1.20,2.70
2018.05.30 11:55:16.984,1.26766,1.26773,1.57,3.64
2018.05.30 11:55:17.999,1.26766,1.26773,1.95,2.70
2018.05.30 11:55:18.614,1.26766,1.26772,1.95,1.00
2018.05.30 11:55:19.206,1.26766,1.26772,1.88,1.00
2018.05.30 11:55:19.427,1.26767,1.26773,1.88,1.10
2018.05.30 11:55:19.743,1.26772,1.26779,1.50,3.82
2018.05.30 11:55:20.050,1.26779,1.26784,1.50,1.12
2018.05.30 11:55:20.749,1.26779,1.26784,1.31,1.12
2018.05.30 11:55:21.268,1.26779,1.26784,1.50,1.00
2018.05.30 11:55:21.791,1.26779,1.26785,2.70,1.12
2018.05.30 11:55:22.344,1.26779,1.26785,1.57,1.12
2018.05.30 11:55:22.698,1.26777,1.26783,1.76,1.50
2018.05.30 11:55:22.903,1.26777,1.26785,2.44,3.26
2018.05.30 11:55:23.057,1.26777,1.26783,3.26,1.00
2018.05.30 11:55:23.652,1.26779,1.26786,1.00,2.14
2018.05.30 11:55:24.115,1.2678,1.26786,2.25,1.20
2018.05.30 11:55:24.578,1.26779,1.26785,1.10,1.31
2018.05.30 11:55:24.887,1.26776,1.26782,1.00,1.95
2018.05.30 11:55:25.489,1.26775,1.2678,1.12,1.39
2018.05.30 11:55:26.010,1.26773,1.26779,4.31,1.50
2018.05.30 11:55:26.314,1.26772,1.26776,1.00,1.95
2018.05.30 11:55:26.538,1.2677,1.26776,1.12,1.57
2018.05.30 11:55:27.319,1.2677,1.26776,1.50,1.20
2018.05.30 11:55:28.578,1.26769,1.26774,1.75,1.00
2018.05.30 11:55:28.633,1.26767,1.26772,1.76,1.00
2018.05.30 11:55:29.939,1.26767,1.26772,1.12,1.00
2018.05.30 11:55:30.552,1.26765,1.2677,3.26,1.00
2018.05.30 11:55:30.604,1.26765,1.2677,1.39,1.87
2018.05.30 11:55:30.710,1.26762,1.26768,1.39,1.50
2018.05.30 11:55:30.762,1.26762,1.26767,1.01,1.00
2018.05.30 11:55:30.814,1.26759,1.26765,1.95,2.44
2018.05.30 11:55:31.148,1.26754,1.26761,1.01,1.57
2018.05.30 11:55:31.661,1.26756,1.26762,1.13,2.51
2018.05.30 11:55:32.036,1.26753,1.26759,1.95,2.00
2018.05.30 11:55:32.139,1.26752,1.26759,1.20,2.51
2018.05.30 11:55:32.650,1.26753,1.26759,1.00,2.51
2018.05.30 11:55:32.954,1.26754,1.26759,1.44,1.50
2018.05.30 11:55:33.468,1.26753,1.26759,2.14,1.50
2018.05.30 11:55:33.622,1.26752,1.26758,1.12,1.39
2018.05.30 11:55:33.674,1.26749,1.26755,2.32,1.00
2018.05.30 11:55:33.812,1.26749,1.26755,1.20,1.00
2018.05.30 11:55:34.175,1.26752,1.26758,1.00,2.70
2018.05.30 11:55:34.487,1.26754,1.2676,1.13,2.32
2018.05.30 11:55:35.161,1.26752,1.26758,1.95,1.00
2018.05.30 11:55:35.673,1.26752,1.26757,1.87,1.00
2018.05.30 11:55:35.726,1.26752,1.26757,2.25,1.00
2018.05.30 11:55:38.404,1.26754,1.26758,1.13,1.10
2018.05.30 11:55:38.716,1.26756,1.26761,2.06,1.00
2018.05.30 11:55:39.520,1.26756,1.26761,1.31,1.00
2018.05.30 11:55:40.796,1.26755,1.26763,2.32,3.45
2018.05.30 11:55:41.227,1.26754,1.2676,1.94,1.00
2018.05.30 11:55:41.330,1.26753,1.2676,2.25,3.19
2018.05.30 11:55:41.433,1.26756,1.26761,2.25,1.10
2018.05.30 11:55:41.974,1.26757,1.26762,1.38,1.50
2018.05.30 11:55:43.509,1.26758,1.26764,1.31,3.07
2018.05.30 11:55:44.024,1.26758,1.26764,2.70,1.00
2018.05.30 11:55:44.611,1.26759,1.26765,1.50,2.89
2018.05.30 11:55:45.453,1.26759,1.26766,1.95,2.51
2018.05.30 11:55:46.083,1.2676,1.26765,2.44,1.25
2018.05.30 11:55:46.396,1.2676,1.26765,1.88,1.00
2018.05.30 11:55:47.393,1.26759,1.26765,1.85,1.00
2018.05.30 11:55:47.694,1.26757,1.26763,2.51,1.12
2018.05.30 11:55:48.101,1.26756,1.26761,3.94,1.00
2018.05.30 11:55:48.626,1.26756,1.26762,2.25,1.01
2018.05.30 11:55:49.156,1.2676,1.26764,1.13,1.95
2018.05.30 11:55:49.261,1.2676,1.26766,1.69,1.20
2018.05.30 11:55:49.847,1.26761,1.26767,1.50,2.25
2018.05.30 11:55:50.160,1.26762,1.26768,2.62,1.00
2018.05.30 11:55:50.369,1.26761,1.26766,3.19,1.00
2018.05.30 11:55:51.294,1.26761,1.26766,3.26,1.00
2018.05.30 11:55:51.953,1.26763,1.26767,1.00,1.00
2018.05.30 11:55:52.262,1.26765,1.2677,1.50,1.00
2018.05.30 11:55:52.809,1.26765,1.2677,1.50,1.00
2018.05.30 11:55:53.266,1.26767,1.26771,1.25,1.00
2018.05.30 11:55:53.523,1.26769,1.26774,1.31,1.95
2018.05.30 11:55:54.425,1.26768,1.26774,2.25,1.95
2018.05.30 11:55:55.946,1.26768,1.26774,3.19,1.50
2018.05.30 11:55:56.478,1.26768,1.26774,2.81,1.50
2018.05.30 11:55:57.200,1.26767,1.26772,1.31,1.50
2018.05.30 11:55:57.732,1.26767,1.26774,2.25,2.51
2018.05.30 11:55:58.864,1.26766,1.26772,2.32,1.00
2018.05.30 11:55:59.126,1.26762,1.26769,3.07,3.00
2018.05.30 11:55:59.257,1.26761,1.26767,3.45,1.69
2018.05.30 11:55:59.805,1.26761,1.26766,1.69,1.00
2018.05.30 11:56:00.148,1.26763,1.26768,1.00,1.57
2018.05.30 11:56:00.252,1.26763,1.2677,2.00,3.07
2018.05.30 11:56:00.311,1.26763,1.2677,2.06,2.14
2018.05.30 11:56:00.829,1.26766,1.2677,1.00,1.12
2018.05.30 11:56:01.392,1.26766,1.2677,1.50,1.00
2018.05.30 11:56:02.111,1.26766,1.26772,2.32,1.31
2018.05.30 11:56:02.163,1.2677,1.26774,1.00,3.45
2018.05.30 11:56:02.354,1.2677,1.26776,1.00,4.39
2018.05.30 11:56:02.563,1.26772,1.26776,2.25,1.00
2018.05.30 11:56:02.871,1.26772,1.26774,1.00,1.00
2018.05.30 11:56:03.150,1.26769,1.26774,3.07,1.00
2018.05.30 11:56:03.667,1.26769,1.26775,1.57,1.12
2018.05.30 11:56:04.226,1.26769,1.26775,1.85,1.25
2018.05.30 11:56:04.278,1.26769,1.26773,1.85,1.00
2018.05.30 11:56:04.382,1.26769,1.26772,1.00,1.00
2018.05.30 11:56:04.488,1.26767,1.2677,1.10,1.00
2018.05.30 11:56:04.833,1.26761,1.26765,3.07,1.00
2018.05.30 11:56:04.939,1.26763,1.26768,1.00,1.57
2018.05.30 11:56:04.991,1.26764,1.26768,1.50,1.00
2018.05.30 11:56:05.506,1.26764,1.26768,1.50,1.00
2018.05.30 11:56:06.326,1.26764,1.26768,1.88,1.00
2018.05.30 11:56:07.846,1.26765,1.26769,1.12,1.00
2018.05.30 11:56:09.602,1.26765,1.26769,2.14,1.00
2018.05.30 11:56:11.795,1.26766,1.2677,1.12,1.00
2018.05.30 11:56:12.156,1.26768,1.26771,1.00,1.00
2018.05.30 11:56:12.363,1.26766,1.26772,2.70,1.12
2018.05.30 11:56:12.629,1.26769,1.26774,1.69,3.26
2018.05.30 11:56:12.681,1.26771,1.26774,1.00,1.57
2018.05.30 11:56:12.789,1.26774,1.26777,1.50,1.10
2018.05.30 11:56:13.339,1.26774,1.26779,1.50,1.50
2018.05.30 11:56:13.706,1.26775,1.2678,2.06,1.00
2018.05.30 11:56:14.276,1.26777,1.2678,1.00,1.00
2018.05.30 11:56:14.381,1.26777,1.26783,1.50,1.50
2018.05.30 11:56:14.591,1.26778,1.26781,1.39,1.00
2018.05.30 11:56:14.746,1.26777,1.26783,1.76,1.12
2018.05.30 11:56:15.214,1.2678,1.26784,1.00,1.50
2018.05.30 11:56:15.274,1.26781,1.26787,1.87,4.20
2018.05.30 11:56:17.291,1.26782,1.26787,1.31,1.12
2018.05.30 11:56:17.801,1.26782,1.26788,1.76,1.12
2018.05.30 11:56:17.925,1.26782,1.26789,3.08,1.76
2018.05.30 11:56:18.032,1.26783,1.26789,1.20,1.00
2018.05.30 11:56:18.396,1.26782,1.26787,3.26,1.00
2018.05.30 11:56:19.003,1.26783,1.26788,1.20,1.00
2018.05.30 11:56:20.364,1.26782,1.26789,3.82,1.00
2018.05.30 11:56:20.672,1.26784,1.26791,2.89,1.50
2018.05.30 11:56:20.997,1.26786,1.26791,1.69,1.00
2018.05.30 11:56:21.899,1.26787,1.26794,2.51,1.76
2018.05.30 11:56:23.626,1.26787,1.26793,2.32,1.12
2018.05.30 11:56:24.173,1.26789,1.26795,1.44,1.85
2018.05.30 11:56:24.226,1.26789,1.26795,2.89,1.00
2018.05.30 11:56:24.330,1.26788,1.26793,7.20,1.00
2018.05.30 11:56:24.875,1.26788,1.26793,1.00,1.12
2018.05.30 11:56:25.243,1.26789,1.26795,2.06,1.85
2018.05.30 11:56:25.601,1.26789,1.26796,1.87,2.44
2018.05.30 11:56:25.857,1.26791,1.26796,1.00,1.69
2018.05.30 11:56:26.399,1.26791,1.26796,3.45,1.00
2018.05.30 11:56:27.385,1.26793,1.26798,1.25,1.50
2018.05.30 11:56:27.437,1.26795,1.268,1.00,1.10
2018.05.30 11:56:27.640,1.26794,1.26798,1.69,1.00
2018.05.30 11:56:28.158,1.26793,1.26799,2.06,1.69
2018.05.30 11:56:30.214,1.26792,1.26796,1.39,1.25
2018.05.30 11:56:30.318,1.2679,1.26795,1.57,1.00
2018.05.30 11:56:31.676,1.26788,1.26795,3.08,1.13
2018.05.30 11:56:31.911,1.26788,1.26793,3.07,1.25
2018.05.30 11:56:32.460,1.26788,1.26794,1.01,1.50
2018.05.30 11:56:33.709,1.26789,1.26794,1.00,1.50
2018.05.30 11:56:34.380,1.26789,1.26795,1.48,2.44
2018.05.30 11:56:34.433,1.2679,1.26795,1.12,1.00
2018.05.30 11:56:34.820,1.26792,1.26797,1.00,1.69
2018.05.30 11:56:35.357,1.26793,1.26798,1.00,1.75
2018.05.30 11:56:35.879,1.26793,1.26799,1.00,3.26
2018.05.30 11:56:36.303,1.26793,1.26799,1.69,1.00
2018.05.30 11:56:37.361,1.26793,1.26798,2.51,1.00
2018.05.30 11:56:37.972,1.26793,1.26798,2.14,1.12
2018.05.30 11:56:38.661,1.26792,1.26797,3.26,1.00
2018.05.30 11:56:38.767,1.2679,1.26797,1.01,2.25
2018.05.30 11:56:38.819,1.26789,1.26797,5.70,2.33
2018.05.30 11:56:39.339,1.26791,1.26797,1.00,1.95
2018.05.30 11:56:39.891,1.26791,1.26797,1.12,1.95
2018.05.30 11:56:41.212,1.26791,1.26796,2.06,1.00
2018.05.30 11:56:42.186,1.2679,1.26797,2.04,1.76
2018.05.30 11:56:42.238,1.26789,1.26794,2.51,1.00
2018.05.30 11:56:42.614,1.26787,1.26792,1.57,1.87
2018.05.30 11:56:42.722,1.26786,1.26791,2.32,1.00
2018.05.30 11:56:43.243,1.26788,1.26793,1.00,2.25
2018.05.30 11:56:43.793,1.26788,1.26793,1.31,1.00
2018.05.30 11:56:44.393,1.26788,1.26794,1.12,2.32
2018.05.30 11:56:44.928,1.26788,1.26793,1.00,1.25
2018.05.30 11:56:45.539,1.26789,1.26793,1.00,1.00
2018.05.30 11:56:46.076,1.26789,1.26794,1.12,2.70
2018.05.30 11:56:48.114,1.2679,1.26796,1.25,3.07
2018.05.30 11:56:48.321,1.2679,1.26796,2.62,2.06
2018.05.30 11:56:48.872,1.2679,1.26795,1.69,1.00
2018.05.30 11:56:49.397,1.2679,1.26795,1.31,1.12
2018.05.30 11:56:51.343,1.26788,1.26794,6.26,1.00
2018.05.30 11:56:51.936,1.26788,1.26796,5.51,2.06
2018.05.30 11:56:53.417,1.26789,1.26794,1.87,1.25
2018.05.30 11:56:54.358,1.26788,1.26791,1.00,1.00
2018.05.30 11:56:54.462,1.26785,1.26792,2.44,3.19
2018.05.30 11:56:54.991,1.26785,1.2679,1.87,1.00
2018.05.30 11:56:55.635,1.26785,1.26791,2.62,2.06
2018.05.30 11:56:56.207,1.26785,1.2679,2.62,1.00
2018.05.30 11:56:56.636,1.26787,1.26793,1.50,1.12
2018.05.30 11:56:58.391,1.26787,1.26791,1.50,1.00
2018.05.30 11:56:58.894,1.26787,1.26792,2.06,1.12
2018.05.30 11:57:00.558,1.26785,1.26791,4.57,1.00
2018.05.30 11:57:01.459,1.26785,1.2679,3.82,1.00
2018.05.30 11:57:01.987,1.26785,1.2679,1.50,1.00
2018.05.30 11:57:02.536,1.26785,1.26791,2.25,1.31
2018.05.30 11:57:02.794,1.26784,1.2679,2.14,1.25
2018.05.30 11:57:02.902,1.26783,1.26787,1.95,1.00
2018.05.30 11:57:03.040,1.26782,1.26787,1.12,2.06
2018.05.30 11:57:05.596,1.26781,1.26786,2.25,1.00
2018.05.30 11:57:06.114,1.26782,1.26787,1.87,1.87
2018.05.30 11:57:07.198,1.26783,1.26789,2.44,1.10
2018.05.30 11:57:07.378,1.26781,1.26787,1.12,1.87
2018.05.30 11:57:07.930,1.26781,1.26786,2.62,1.00
2018.05.30 11:57:08.189,1.26782,1.26788,2.32,1.50
2018.05.30 11:57:08.778,1.26782,1.26788,1.57,1.00
2018.05.30 11:57:09.103,1.26778,1.26784,1.57,2.81
2018.05.30 11:57:09.440,1.26781,1.26786,1.57,1.50
2018.05.30 11:57:09.975,1.26781,1.26786,2.32,1.00
2018.05.30 11:57:10.520,1.26781,1.26785,1.57,1.00
2018.05.30 11:57:10.831,1.26778,1.26782,1.00,1.12
2018.05.30 11:57:10.884,1.26776,1.26779,2.14,1.00
2018.05.30 11:57:10.938,1.26774,1.26777,2.32,1.00
2018.05.30 11:57:11.043,1.2677,1.26776,4.39,1.12
2018.05.30 11:57:12.162,1.2677,1.26775,2.70,1.00
2018.05.30 11:57:12.418,1.26768,1.26774,4.39,1.50
2018.05.30 11:57:12.675,1.26766,1.26768,2.44,1.50
2018.05.30 11:57:12.726,1.26764,1.2677,1.26,1.12
2018.05.30 11:57:12.779,1.26763,1.26768,1.20,1.00
2018.05.30 11:57:12.830,1.26763,1.26769,1.20,2.44
2018.05.30 11:57:13.059,1.26762,1.26766,1.00,1.12
2018.05.30 11:57:13.370,1.2676,1.26764,1.19,1.50
2018.05.30 11:57:13.423,1.26759,1.26762,1.00,1.00
2018.05.30 11:57:13.946,1.2676,1.26764,1.00,1.69
2018.05.30 11:57:14.050,1.26762,1.26768,1.12,1.57
2018.05.30 11:57:14.102,1.26765,1.26769,1.00,3.64
2018.05.30 11:57:14.153,1.26766,1.26771,1.19,1.42
2018.05.30 11:57:14.205,1.26765,1.26771,1.12,1.80
2018.05.30 11:57:14.888,1.26764,1.26769,1.95,1.00
2018.05.30 11:57:14.995,1.26762,1.26765,1.07,1.00
2018.05.30 11:57:15.047,1.26759,1.26765,4.76,1.50
2018.05.30 11:57:15.202,1.26759,1.26764,1.10,1.00
2018.05.30 11:57:16.098,1.26759,1.26764,1.01,1.00
2018.05.30 11:57:16.150,1.26763,1.26764,1.25,1.00
2018.05.30 11:57:16.405,1.26763,1.26766,1.87,1.00
2018.05.30 11:57:16.932,1.26763,1.26767,1.12,1.50
2018.05.30 11:57:17.291,1.26767,1.26771,1.69,2.70
2018.05.30 11:57:17.517,1.26763,1.26765,1.00,1.50
2018.05.30 11:57:17.672,1.26761,1.26764,3.00,1.00
2018.05.30 11:57:18.043,1.26763,1.26765,1.12,1.00
2018.05.30 11:57:18.100,1.26764,1.26766,1.00,1.00
2018.05.30 11:57:18.307,1.26761,1.26764,1.95,1.00
2018.05.30 11:57:18.411,1.26761,1.26763,1.01,1.00
2018.05.30 11:57:18.514,1.26761,1.26764,1.69,1.00
2018.05.30 11:57:18.621,1.26764,1.26766,1.00,1.00
2018.05.30 11:57:19.175,1.26762,1.26765,1.95,1.00
2018.05.30 11:57:19.697,1.26762,1.26764,1.76,1.00
2018.05.30 11:57:19.873,1.26762,1.26766,1.76,1.50
2018.05.30 11:57:20.081,1.26763,1.26769,1.76,1.00
2018.05.30 11:57:20.650,1.26762,1.26767,1.87,1.00
2018.05.30 11:57:21.220,1.26763,1.26768,1.12,1.50
2018.05.30 11:57:21.951,1.26762,1.26767,1.01,1.31
2018.05.30 11:57:22.523,1.26761,1.26768,3.07,2.06
2018.05.30 11:57:22.833,1.26761,1.26766,2.51,1.00
2018.05.30 11:57:23.658,1.26761,1.26766,1.50,1.00
2018.05.30 11:57:24.210,1.2676,1.26763,1.85,1.00
2018.05.30 11:57:24.262,1.26758,1.26763,1.95,1.00
2018.05.30 11:57:24.366,1.26756,1.26761,1.76,1.00
2018.05.30 11:57:24.521,1.26755,1.2676,2.89,1.00
2018.05.30 11:57:24.767,1.26754,1.26759,1.50,1.10
2018.05.30 11:57:25.861,1.26753,1.26758,1.50,1.00
2018.05.30 11:57:26.420,1.26752,1.26757,1.69,1.00
2018.05.30 11:57:26.673,1.2675,1.26755,2.14,1.00
2018.05.30 11:57:27.040,1.26747,1.26753,2.70,1.00
2018.05.30 11:57:27.565,1.26748,1.26754,1.12,1.31
2018.05.30 11:57:28.107,1.26749,1.26755,1.00,3.64
2018.05.30 11:57:29.364,1.26749,1.26754,1.12,1.39
2018.05.30 11:57:29.797,1.26749,1.26755,3.37,1.20
2018.05.30 11:57:29.902,1.26752,1.26756,1.50,1.00
2018.05.30 11:57:30.110,1.26749,1.26755,1.76,1.00
2018.05.30 11:57:30.524,1.26753,1.26758,1.00,3.07
2018.05.30 11:57:30.838,1.2676,1.26762,1.69,1.00
2018.05.30 11:57:30.891,1.2676,1.26766,2.06,2.32
2018.05.30 11:57:30.943,1.26762,1.26766,1.69,2.32
2018.05.30 11:57:31.086,1.2676,1.26765,3.19,1.00
2018.05.30 11:57:31.702,1.26759,1.26765,2.89,1.19
2018.05.30 11:57:32.231,1.26758,1.26763,1.31,1.25
2018.05.30 11:57:32.284,1.2676,1.26765,1.00,1.39
2018.05.30 11:57:32.390,1.26758,1.26764,1.39,1.69
2018.05.30 11:57:32.649,1.26759,1.26765,1.00,1.95
2018.05.30 11:57:32.855,1.26761,1.26767,1.00,2.14
2018.05.30 11:57:33.051,1.26762,1.26768,1.12,5.51
2018.05.30 11:57:33.626,1.26761,1.26767,2.51,1.69
2018.05.30 11:57:34.149,1.2676,1.26767,1.37,2.89
2018.05.30 11:57:34.768,1.2676,1.26767,1.69,3.64
2018.05.30 11:57:35.386,1.2676,1.26766,1.31,1.29
2018.05.30 11:57:35.933,1.2676,1.26765,1.31,1.19
2018.05.30 11:57:36.294,1.26759,1.26766,5.14,1.76
2018.05.30 11:57:36.824,1.26759,1.26767,4.95,3.26
2018.05.30 11:57:37.719,1.2676,1.26766,1.12,1.69
2018.05.30 11:57:37.926,1.2676,1.26764,2.06,1.00
2018.05.30 11:57:38.436,1.2676,1.26765,1.50,1.31
2018.05.30 11:57:38.717,1.2676,1.26765,1.50,1.25
2018.05.30 11:57:38.769,1.2676,1.26764,1.50,1.19
2018.05.30 11:57:39.091,1.26757,1.2676,1.31,1.00
2018.05.30 11:57:39.609,1.26756,1.26761,2.06,1.25
2018.05.30 11:57:40.008,1.26756,1.26758,1.31,1.00
2018.05.30 11:57:40.060,1.26753,1.26758,1.39,1.50
2018.05.30 11:57:40.113,1.26752,1.26756,1.69,1.25
2018.05.30 11:57:40.424,1.26751,1.26756,2.06,2.51
2018.05.30 11:57:41.761,1.2675,1.26755,2.25,2.14
2018.05.30 11:57:42.430,1.2675,1.26755,1.00,2.70
2018.05.30 11:57:43.432,1.2675,1.26755,2.44,1.70
2018.05.30 11:57:43.949,1.2675,1.26754,1.50,1.10
2018.05.30 11:57:44.387,1.26749,1.26755,1.31,2.89
2018.05.30 11:57:44.491,1.26749,1.2675,1.00,1.25
2018.05.30 11:57:44.546,1.26746,1.2675,1.00,1.69
2018.05.30 11:57:44.600,1.26744,1.26748,1.00,1.10
2018.05.30 11:57:44.759,1.26741,1.26748,2.25,1.76
2018.05.30 11:57:45.274,1.26741,1.26746,1.00,1.10
2018.05.30 11:57:45.959,1.2674,1.26746,2.62,1.10
2018.05.30 11:57:46.466,1.2674,1.26746,1.87,1.95
2018.05.30 11:57:46.672,1.26738,1.26741,1.00,1.31
2018.05.30 11:57:47.188,1.26739,1.26743,1.00,1.57
2018.05.30 11:57:47.693,1.26737,1.26743,1.00,3.45
2018.05.30 11:57:47.745,1.26735,1.2674,1.00,1.37
2018.05.30 11:57:47.848,1.26733,1.26739,1.00,1.39
2018.05.30 11:57:47.899,1.26732,1.26736,1.20,1.00
2018.05.30 11:57:48.274,1.26733,1.26739,2.44,1.57
2018.05.30 11:57:48.688,1.26733,1.26737,1.00,1.39
2018.05.30 11:57:48.846,1.26727,1.26732,3.07,2.44
2018.05.30 11:57:48.952,1.26726,1.2673,2.25,3.64
2018.05.30 11:57:49.005,1.26723,1.26729,3.75,3.07
2018.05.30 11:57:49.541,1.26723,1.26728,1.00,1.57
2018.05.30 11:57:50.070,1.26723,1.26728,1.12,1.57
2018.05.30 11:57:50.193,1.26725,1.26729,1.00,2.70
2018.05.30 11:57:50.872,1.26725,1.26729,1.50,1.00
2018.05.30 11:57:51.397,1.26725,1.2673,1.00,6.08
2018.05.30 11:57:51.876,1.26725,1.2673,1.00,5.89
2018.05.30 11:57:52.407,1.26724,1.26729,1.12,1.58
2018.05.30 11:57:52.976,1.26725,1.26729,1.00,1.39
2018.05.30 11:57:53.487,1.26724,1.26729,1.00,1.76
2018.05.30 11:57:53.903,1.26723,1.26727,1.00,2.70
2018.05.30 11:57:54.163,1.26719,1.26722,1.00,3.64
2018.05.30 11:57:54.215,1.26718,1.26721,1.00,1.39
2018.05.30 11:57:54.746,1.26717,1.26722,1.00,3.45
2018.05.30 11:57:55.289,1.26715,1.2672,2.25,1.47
2018.05.30 11:57:55.498,1.26715,1.26719,1.00,2.70
2018.05.30 11:57:55.602,1.26713,1.26718,1.87,1.76
2018.05.30 11:57:55.705,1.26715,1.26718,1.00,1.76
2018.05.30 11:57:56.220,1.26716,1.26718,1.00,1.76
2018.05.30 11:57:56.512,1.26713,1.26718,1.87,1.76
2018.05.30 11:57:56.669,1.26711,1.26716,2.00,1.20
2018.05.30 11:57:57.209,1.26713,1.26718,1.00,2.32
2018.05.30 11:57:57.757,1.26715,1.26719,1.00,4.39
2018.05.30 11:57:58.069,1.26717,1.2672,1.00,3.07
2018.05.30 11:57:58.581,1.26716,1.2672,1.00,2.70
2018.05.30 11:57:59.153,1.26716,1.26719,1.00,1.57
2018.05.30 11:57:59.217,1.26714,1.26719,1.50,1.57
2018.05.30 11:57:59.644,1.26717,1.2672,1.00,1.20
2018.05.30 11:57:59.697,1.26716,1.2672,1.00,1.20
2018.05.30 11:57:59.750,1.26718,1.26721,1.00,1.57
2018.05.30 11:58:00.284,1.26718,1.26721,1.00,1.07
2018.05.30 11:58:00.439,1.26717,1.26721,1.00,1.20
2018.05.30 11:58:00.699,1.26719,1.26722,1.00,3.82
2018.05.30 11:58:01.215,1.26718,1.26722,1.00,1.07
2018.05.30 11:58:01.525,1.2672,1.26725,2.25,1.07
2018.05.30 11:58:01.914,1.26722,1.26725,1.00,1.07
2018.05.30 11:58:02.277,1.26724,1.26727,1.00,2.70
2018.05.30 11:58:02.682,1.26725,1.26728,2.25,1.10
2018.05.30 11:58:02.786,1.26726,1.26732,1.31,1.07
2018.05.30 11:58:02.941,1.26728,1.26734,1.00,1.82
2018.05.30 11:58:03.048,1.26731,1.26738,1.50,1.76
2018.05.30 11:58:03.154,1.26733,1.26738,1.00,1.31
2018.05.30 11:58:03.694,1.26732,1.26738,1.57,1.31
2018.05.30 11:58:04.211,1.26731,1.26737,2.25,1.31
2018.05.30 11:58:04.823,1.26731,1.26736,1.10,1.13
2018.05.30 11:58:04.980,1.26726,1.26731,1.00,1.12
2018.05.30 11:58:05.032,1.26725,1.26729,1.00,1.00
2018.05.30 11:58:05.441,1.26723,1.26729,1.95,1.50
2018.05.30 11:58:06.292,1.26724,1.26729,1.00,1.20
2018.05.30 11:58:07.378,1.26724,1.26729,1.00,1.01
2018.05.30 11:58:07.884,1.26725,1.26731,1.00,3.07
2018.05.30 11:58:08.347,1.26725,1.26731,2.44,1.10
2018.05.30 11:58:08.946,1.26725,1.26733,3.56,2.70
2018.05.30 11:58:10.914,1.26728,1.26734,1.00,4.01
2018.05.30 11:58:11.443,1.26727,1.26733,1.87,1.76
2018.05.30 11:58:12.497,1.26728,1.26733,1.00,1.57
2018.05.30 11:58:12.602,1.26729,1.26735,1.50,2.70
2018.05.30 11:58:13.125,1.2673,1.26735,1.12,2.25
2018.05.30 11:58:14.119,1.26732,1.26738,1.50,2.70
2018.05.30 11:58:14.660,1.26732,1.26738,2.06,1.57
2018.05.30 11:58:15.071,1.26736,1.26739,1.00,1.57
2018.05.30 11:58:15.225,1.26734,1.26741,1.87,3.56
2018.05.30 11:58:16.408,1.26736,1.26741,1.00,1.75
2018.05.30 11:58:16.691,1.26736,1.26743,1.50,2.25
2018.05.30 11:58:17.711,1.26736,1.26741,2.25,1.00
2018.05.30 11:58:18.244,1.26737,1.26743,1.00,1.76
2018.05.30 11:58:19.255,1.2674,1.26745,1.00,4.01
2018.05.30 11:58:19.597,1.26744,1.26748,1.50,1.75
2018.05.30 11:58:20.436,1.26744,1.26749,1.00,1.01
2018.05.30 11:58:20.977,1.26745,1.26751,1.12,1.84
2018.05.30 11:58:21.495,1.26746,1.26752,1.00,2.33
2018.05.30 11:58:22.252,1.26746,1.26752,1.50,2.81
2018.05.30 11:58:22.485,1.26749,1.26754,1.00,1.76
2018.05.30 11:58:23.013,1.26749,1.26755,1.00,2.32
2018.05.30 11:58:23.390,1.2675,1.26756,1.50,1.10
2018.05.30 11:58:23.545,1.26753,1.26759,1.37,1.45
2018.05.30 11:58:23.598,1.26757,1.26762,1.00,2.14
2018.05.30 11:58:23.702,1.26757,1.26762,1.50,1.00
2018.05.30 11:58:24.698,1.26757,1.26762,1.50,2.14
2018.05.30 11:58:24.904,1.26754,1.26758,1.07,1.00
2018.05.30 11:58:25.222,1.26751,1.26753,1.10,1.50
2018.05.30 11:58:25.379,1.26746,1.2675,1.95,1.44
2018.05.30 11:58:25.665,1.26745,1.2675,1.00,1.12
2018.05.30 11:58:26.304,1.26745,1.26751,1.00,4.80
2018.05.30 11:58:26.848,1.26746,1.26751,2.25,1.00
2018.05.30 11:58:27.157,1.26749,1.26754,1.00,1.57
2018.05.30 11:58:27.263,1.2675,1.26757,1.87,1.20
2018.05.30 11:58:27.766,1.26751,1.26757,1.00,1.12
2018.05.30 11:58:28.283,1.2675,1.26757,2.32,1.00
2018.05.30 11:58:29.122,1.2675,1.26755,2.32,1.00
2018.05.30 11:58:29.638,1.26749,1.26754,3.07,1.00
2018.05.30 11:58:29.742,1.26751,1.26756,1.50,1.00
2018.05.30 11:58:30.018,1.26752,1.26758,1.50,1.50
2018.05.30 11:58:30.537,1.26754,1.26759,1.00,1.25
2018.05.30 11:58:30.591,1.26757,1.26762,1.00,1.76
2018.05.30 11:58:30.646,1.26757,1.26762,1.00,1.39
2018.05.30 11:58:31.181,1.26757,1.26762,1.50,1.00
2018.05.30 11:58:31.822,1.26757,1.26764,1.57,2.51
2018.05.30 11:58:32.336,1.26758,1.26764,2.32,1.12
2018.05.30 11:58:32.961,1.26758,1.26761,1.50,1.00
2018.05.30 11:58:33.166,1.26757,1.26762,1.00,1.00
2018.05.30 11:58:33.708,1.26758,1.26762,1.50,1.25
2018.05.30 11:58:34.226,1.26759,1.26764,1.00,2.51
2018.05.30 11:58:34.773,1.2676,1.26764,1.00,1.39
2018.05.30 11:58:35.425,1.26758,1.26763,3.00,1.00
2018.05.30 11:58:35.807,1.26762,1.26765,1.00,2.32
2018.05.30 11:58:36.065,1.2677,1.26775,2.25,1.00
2018.05.30 11:58:36.121,1.26774,1.26776,1.00,1.57
2018.05.30 11:58:36.741,1.26774,1.26777,1.00,1.25
2018.05.30 11:58:37.366,1.26775,1.26778,1.00,1.31
2018.05.30 11:58:37.926,1.26775,1.26778,1.00,1.20
2018.05.30 11:58:38.109,1.26779,1.26783,1.00,1.95
2018.05.30 11:58:38.162,1.26779,1.26785,2.25,1.07
2018.05.30 11:58:38.266,1.26783,1.26786,1.12,1.00
2018.05.30 11:58:38.594,1.26782,1.26784,1.00,1.00
2018.05.30 11:58:38.699,1.2678,1.26783,1.00,1.25
2018.05.30 11:58:39.154,1.26781,1.26783,1.00,1.25
2018.05.30 11:58:39.257,1.26782,1.26785,1.00,1.01
2018.05.30 11:58:39.569,1.26783,1.26785,1.00,1.00
2018.05.30 11:58:40.157,1.26783,1.26785,1.00,1.00
2018.05.30 11:58:40.924,1.26784,1.26785,1.00,1.00
2018.05.30 11:58:41.166,1.26781,1.26785,1.12,1.00
2018.05.30 11:58:41.320,1.26783,1.26785,1.00,1.00
2018.05.30 11:58:41.729,1.26783,1.26786,1.00,1.31
2018.05.30 11:58:42.066,1.26781,1.26783,1.12,1.00
2018.05.30 11:58:43.188,1.26782,1.26784,1.00,1.25
2018.05.30 11:58:43.297,1.26783,1.26786,1.00,3.75
2018.05.30 11:58:43.349,1.26782,1.26784,1.00,1.00
2018.05.30 11:58:43.402,1.26781,1.26783,1.12,1.00
2018.05.30 11:58:43.589,1.26783,1.26784,1.00,1.00
2018.05.30 11:58:44.370,1.26782,1.26783,1.00,1.00
2018.05.30 11:58:44.880,1.26782,1.26783,1.00,1.00
2018.05.30 11:58:45.669,1.26781,1.26782,1.00,1.00
2018.05.30 11:58:46.968,1.26781,1.26783,1.10,1.00
2018.05.30 11:58:48.216,1.26783,1.26784,1.00,1.00
2018.05.30 11:58:48.779,1.26781,1.26783,1.20,1.00
2018.05.30 11:58:49.286,1.26783,1.26784,1.00,1.00
2018.05.30 11:58:49.648,1.26781,1.26784,1.12,1.00
2018.05.30 11:58:49.700,1.26781,1.26783,1.12,1.00
2018.05.30 11:58:49.805,1.26778,1.2678,1.00,1.00
2018.05.30 11:58:50.303,1.26779,1.26782,1.00,1.57
2018.05.30 11:58:50.410,1.26781,1.26784,1.00,1.25
2018.05.30 11:58:51.651,1.26781,1.26782,1.12,1.00
2018.05.30 11:58:51.926,1.26782,1.26785,1.00,1.07
2018.05.30 11:58:51.981,1.26781,1.26786,1.87,1.20
2018.05.30 11:58:52.187,1.26782,1.26788,1.85,1.44
2018.05.30 11:58:52.754,1.26784,1.26786,1.12,1.00
2018.05.30 11:58:52.806,1.26783,1.26788,1.50,1.10
2018.05.30 11:58:52.910,1.26788,1.2679,1.00,1.05
2018.05.30 11:58:53.168,1.26785,1.26787,1.00,1.00
2018.05.30 11:58:53.906,1.26786,1.26788,1.00,1.00
2018.05.30 11:58:54.518,1.26785,1.26788,1.00,1.00
2018.05.30 11:58:54.935,1.26787,1.26789,1.00,1.00
2018.05.30 11:58:55.192,1.26784,1.26787,1.00,1.12
2018.05.30 11:58:55.244,1.26782,1.26785,1.10,1.00
2018.05.30 11:58:55.905,1.26781,1.26785,1.00,1.00
2018.05.30 11:58:56.411,1.26782,1.26785,1.00,1.00
2018.05.30 11:58:56.817,1.26783,1.26785,1.00,1.00
2018.05.30 11:58:57.326,1.26783,1.26785,1.00,1.00
2018.05.30 11:58:57.619,1.26781,1.26785,1.00,1.00
2018.05.30 11:58:58.217,1.26781,1.26784,1.00,1.00
2018.05.30 11:58:58.371,1.26779,1.26784,1.10,1.00
2018.05.30 11:58:58.528,1.26779,1.26781,1.00,1.00
2018.05.30 11:58:58.763,1.26777,1.2678,1.00,1.00
2018.05.30 11:58:59.280,1.26778,1.26781,1.00,1.00
2018.05.30 11:59:00.146,1.26779,1.26781,1.00,1.00
2018.05.30 11:59:00.664,1.2678,1.26781,1.00,1.00
2018.05.30 11:59:01.177,1.26779,1.26781,1.00,1.00
2018.05.30 11:59:01.712,1.26779,1.26782,1.00,1.10
2018.05.30 11:59:02.241,1.26777,1.26782,1.50,1.95
2018.05.30 11:59:02.294,1.26774,1.26778,2.32,1.00
2018.05.30 11:59:02.762,1.26774,1.2678,2.25,1.20
2018.05.30 11:59:03.290,1.26775,1.26779,1.87,1.00
2018.05.30 11:59:03.852,1.26775,1.2678,1.50,1.00
2018.05.30 11:59:04.439,1.26776,1.2678,1.00,1.25
2018.05.30 11:59:04.748,1.26775,1.26782,3.75,1.69
2018.05.30 11:59:05.643,1.26775,1.26781,2.25,1.00
2018.05.30 11:59:05.847,1.26778,1.26781,1.00,1.00
2018.05.30 11:59:06.014,1.26779,1.26784,1.12,1.00
2018.05.30 11:59:06.066,1.26781,1.26784,1.00,1.00
2018.05.30 11:59:06.744,1.26783,1.26785,1.00,1.00
2018.05.30 11:59:07.406,1.26783,1.26786,1.12,1.00
2018.05.30 11:59:10.081,1.26781,1.26788,5.32,2.81
2018.05.30 11:59:10.133,1.26785,1.2679,1.00,4.01
2018.05.30 11:59:10.185,1.26785,1.2679,1.50,1.69
2018.05.30 11:59:10.393,1.26787,1.26791,1.00,1.25
2018.05.30 11:59:10.925,1.26786,1.26791,1.50,1.00
2018.05.30 11:59:11.238,1.26781,1.26786,3.75,1.69
2018.05.30 11:59:11.568,1.26784,1.26786,1.00,1.69
2018.05.30 11:59:11.723,1.26782,1.26786,1.50,2.62
2018.05.30 11:59:12.240,1.26781,1.26785,2.25,1.25
2018.05.30 11:59:12.756,1.26781,1.26786,1.57,1.00
2018.05.30 11:59:13.369,1.26781,1.26786,2.32,1.44
2018.05.30 11:59:13.641,1.26784,1.2679,3.00,1.25
2018.05.30 11:59:14.195,1.26785,1.26791,1.57,1.25
2018.05.30 11:59:15.336,1.26786,1.26791,1.12,1.44
2018.05.30 11:59:15.713,1.26784,1.26789,2.32,1.19
2018.05.30 11:59:15.817,1.26784,1.26789,1.20,1.25
2018.05.30 11:59:15.958,1.26783,1.26786,1.57,1.00
2018.05.30 11:59:16.323,1.26781,1.26785,1.10,1.44
2018.05.30 11:59:16.529,1.26779,1.26783,1.00,1.00
2018.05.30 11:59:17.055,1.26778,1.26783,2.25,1.00
2018.05.30 11:59:18.117,1.26776,1.2678,2.32,1.13
2018.05.30 11:59:18.641,1.26776,1.2678,1.00,1.13
2018.05.30 11:59:18.966,1.26778,1.26783,2.25,2.00
2018.05.30 11:59:19.333,1.26781,1.26784,1.00,1.01
2018.05.30 11:59:19.546,1.26781,1.26787,1.31,1.12
2018.05.30 11:59:20.060,1.26783,1.26789,1.00,4.13
2018.05.30 11:59:20.269,1.26783,1.26789,1.76,1.00
2018.05.30 11:59:20.791,1.26784,1.26788,1.50,1.00
2018.05.30 11:59:21.361,1.26784,1.26789,1.50,1.00
2018.05.30 11:59:21.691,1.26787,1.26793,1.50,1.76
2018.05.30 11:59:22.009,1.26787,1.26793,2.44,1.00
2018.05.30 11:59:22.166,1.26789,1.26796,1.50,1.95
2018.05.30 11:59:22.669,1.2679,1.26796,1.31,1.12
2018.05.30 11:59:23.227,1.2679,1.26796,1.12,1.50
2018.05.30 11:59:24.557,1.26792,1.26798,1.69,2.51
2018.05.30 11:59:24.967,1.26794,1.26801,1.76,2.32
2018.05.30 11:59:25.398,1.26793,1.26798,1.82,1.00
2018.05.30 11:59:25.940,1.26792,1.26797,2.51,1.00
2018.05.30 11:59:26.094,1.26792,1.26797,1.01,1.00
2018.05.30 11:59:26.876,1.26792,1.26798,1.76,1.00
2018.05.30 11:59:27.415,1.26791,1.26797,2.07,1.50
2018.05.30 11:59:28.667,1.26796,1.26801,1.50,2.89
2018.05.30 11:59:28.718,1.26797,1.26802,1.39,1.31
2018.05.30 11:59:28.865,1.26802,1.26805,1.00,2.25
2018.05.30 11:59:29.019,1.26802,1.26807,1.01,1.12
2018.05.30 11:59:29.224,1.268,1.26804,2.14,1.00
2018.05.30 11:59:29.769,1.268,1.26805,2.51,1.00
2018.05.30 11:59:30.074,1.26801,1.26805,1.39,1.00
2018.05.30 11:59:30.126,1.26801,1.26806,2.06,1.00
2018.05.30 11:59:30.459,1.26803,1.26809,1.94,1.25
2018.05.30 11:59:30.511,1.26804,1.26811,1.50,1.12
2018.05.30 11:59:31.027,1.26805,1.26812,2.06,1.50
2018.05.30 11:59:31.549,1.26805,1.26809,1.00,1.00
2018.05.30 11:59:31.908,1.26802,1.26809,1.31,1.00
2018.05.30 11:59:32.247,1.26804,1.26811,1.00,1.50
2018.05.30 11:59:32.559,1.26805,1.26809,1.19,1.00
2018.05.30 11:59:32.663,1.26806,1.26811,1.25,1.00
2018.05.30 11:59:32.768,1.26806,1.26814,2.06,3.37
2018.05.30 11:59:33.303,1.26806,1.26814,2.06,1.87
2018.05.30 11:59:33.611,1.26806,1.26811,1.12,1.00
2018.05.30 11:59:33.665,1.26804,1.26809,4.76,1.00
2018.05.30 11:59:33.718,1.26804,1.26808,1.50,1.00
2018.05.30 11:59:34.318,1.26803,1.26808,1.12,1.00
2018.05.30 11:59:34.370,1.26805,1.26811,1.00,2.00
2018.05.30 11:59:34.869,1.26801,1.26807,1.50,1.00
2018.05.30 11:59:35.024,1.26803,1.2681,1.00,2.25
2018.05.30 11:59:35.335,1.26805,1.26811,1.19,2.25
2018.05.30 11:59:35.861,1.26807,1.26812,1.00,2.44
2018.05.30 11:59:36.407,1.26807,1.26812,1.69,1.50
2018.05.30 11:59:37.127,1.26807,1.26812,1.69,1.00
2018.05.30 11:59:37.440,1.2681,1.26815,1.25,1.12
2018.05.30 11:59:37.646,1.2681,1.26817,1.69,1.00
2018.05.30 11:59:38.157,1.2681,1.26817,3.75,1.25
2018.05.30 11:59:38.666,1.26811,1.26818,1.50,1.25
2018.05.30 11:59:38.780,1.26813,1.26818,1.00,1.00
2018.05.30 11:59:39.112,1.26814,1.26821,1.00,3.00
2018.05.30 11:59:39.168,1.26816,1.26821,1.00,1.57
2018.05.30 11:59:39.273,1.26816,1.26823,1.25,1.00
2018.05.30 11:59:39.635,1.26818,1.26823,1.00,1.00
2018.05.30 11:59:40.216,1.26819,1.26823,1.00,1.00
2018.05.30 11:59:40.575,1.26816,1.2682,1.00,1.00
2018.05.30 11:59:40.760,1.26814,1.26819,1.50,1.00
2018.05.30 11:59:41.270,1.26815,1.26819,1.00,1.00
2018.05.30 11:59:41.936,1.26816,1.26823,1.19,1.87
2018.05.30 11:59:42.451,1.26817,1.26824,1.69,1.25
2018.05.30 11:59:42.556,1.26817,1.26822,1.50,1.00
2018.05.30 11:59:42.720,1.26817,1.26824,1.50,1.00
2018.05.30 11:59:42.772,1.26819,1.26824,1.00,1.69
2018.05.30 11:59:43.082,1.26822,1.26827,1.00,1.12
2018.05.30 11:59:43.611,1.26823,1.2683,1.00,1.76
2018.05.30 11:59:43.766,1.26823,1.26828,1.25,1.00
2018.05.30 11:59:44.327,1.26824,1.2683,1.00,1.50
2018.05.30 11:59:44.627,1.26822,1.26827,1.69,1.00
2018.05.30 11:59:44.938,1.26824,1.26829,1.00,1.00
2018.05.30 11:59:45.145,1.26821,1.2683,1.62,1.12
2018.05.30 11:59:45.679,1.26821,1.26829,2.81,1.00
2018.05.30 11:59:46.113,1.26821,1.26827,1.00,1.00
2018.05.30 11:59:46.439,1.26818,1.26825,1.00,1.69
2018.05.30 11:59:46.971,1.26817,1.26825,1.25,1.62
2018.05.30 11:59:47.622,1.26817,1.26823,1.00,1.31
2018.05.30 11:59:47.979,1.26817,1.26824,1.00,1.69
2018.05.30 11:59:48.471,1.26818,1.26825,1.19,1.38
2018.05.30 11:59:48.626,1.26817,1.26825,1.69,1.87
2018.05.30 11:59:48.680,1.26816,1.26824,1.69,1.50
2018.05.30 11:59:48.990,1.26817,1.26824,1.25,1.25
2018.05.30 11:59:49.198,1.26818,1.26826,1.19,2.63
2018.05.30 11:59:49.505,1.26816,1.26823,1.87,1.38
2018.05.30 11:59:49.767,1.26813,1.26822,1.00,2.89
2018.05.30 11:59:50.133,1.26813,1.2682,1.19,1.69
2018.05.30 11:59:50.609,1.26814,1.2682,1.00,1.63
2018.05.30 11:59:51.776,1.26814,1.26821,1.00,1.69
2018.05.30 11:59:52.274,1.26815,1.26822,1.19,1.12
2018.05.30 11:59:52.560,1.26815,1.26822,2.44,1.63
2018.05.30 11:59:52.772,1.26816,1.26824,1.50,1.81
2018.05.30 11:59:52.824,1.26819,1.26823,1.00,1.69
2018.05.30 11:59:52.878,1.26815,1.26823,1.00,2.06
2018.05.30 11:59:52.983,1.26812,1.26821,1.19,2.06
2018.05.30 11:59:53.035,1.2681,1.26819,1.12,1.56
2018.05.30 11:59:53.153,1.26808,1.26817,1.25,2.25
2018.05.30 11:59:53.205,1.26808,1.26815,1.00,1.56
2018.05.30 11:59:53.358,1.26807,1.26816,1.00,2.25
2018.05.30 11:59:53.409,1.26806,1.26816,3.19,1.50
2018.05.30 11:59:53.718,1.2681,1.26817,1.00,1.12
2018.05.30 11:59:53.771,1.26809,1.26818,1.69,3.94
2018.05.30 11:59:53.825,1.26812,1.26819,1.19,1.00
2018.05.30 11:59:53.878,1.26811,1.2682,1.50,2.81
2018.05.30 11:59:54.060,1.26811,1.2682,1.31,2.81
2018.05.30 11:59:54.637,1.26813,1.2682,1.00,1.56
2018.05.30 11:59:54.793,1.26814,1.26821,1.19,1.12
2018.05.30 11:59:54.903,1.26817,1.26822,1.00,1.88
2018.05.30 11:59:55.210,1.26819,1.26825,1.00,2.25
2018.05.30 11:59:55.721,1.26819,1.26823,1.25,1.38
2018.05.30 11:59:55.828,1.26814,1.26817,1.12,1.00
2018.05.30 11:59:55.881,1.26812,1.26817,1.00,1.12
2018.05.30 11:59:55.986,1.26811,1.26816,1.00,1.50
2018.05.30 11:59:56.314,1.26811,1.26815,1.00,2.06
2018.05.30 11:59:56.458,1.26811,1.26816,1.00,2.44
2018.05.30 11:59:56.509,1.26811,1.26816,1.00,2.44
2018.05.30 11:59:56.662,1.26809,1.26816,1.00,2.44
2018.05.30 11:59:57.034,1.26809,1.26816,1.00,2.25
2018.05.30 11:59:57.137,1.26809,1.26816,1.00,2.44
2018.05.30 11:59:57.190,1.26809,1.26816,1.00,1.69
2018.05.30 11:59:57.242,1.26809,1.26816,1.00,1.69
2018.05.30 11:59:57.483,1.2681,1.26817,1.00,3.75
2018.05.30 11:59:57.536,1.2681,1.26817,1.00,2.06
2018.05.30 11:59:57.745,1.26808,1.26815,3.75,1.38
2018.05.30 11:59:57.849,1.26809,1.26816,1.00,1.50
2018.05.30 11:59:58.241,1.26808,1.26815,1.00,1.63
2018.05.30 11:59:58.344,1.26808,1.26815,1.00,1.00
2018.05.30 11:59:58.397,1.2681,1.26817,1.00,1.81
2018.05.30 11:59:58.705,1.26807,1.26817,3.75,3.00
2018.05.30 11:59:58.912,1.26807,1.26813,1.00,1.38
2018.05.30 11:59:59.218,1.26802,1.2681,1.00,1.38
2018.05.30 11:59:59.373,1.26803,1.2681,1.50,1.00
2018.05.30 11:59:59.683,1.26803,1.26811,1.00,1.63
