2018.05.10 11:00:00.526,1.30374,1.30379,5.25,1.00
2018.05.10 11:00:01.042,1.30374,1.3038,3.45,1.00
2018.05.10 11:00:01.387,1.30377,1.30381,1.25,1.50
2018.05.10 11:00:01.703,1.30371,1.30375,1.10,1.50
2018.05.10 11:00:01.846,1.30365,1.30372,1.76,1.69
2018.05.10 11:00:01.899,1.30363,1.30366,1.39,2.25
2018.05.10 11:00:01.951,1.30359,1.30365,2.89,1.00
2018.05.10 11:00:02.056,1.30356,1.30364,3.26,1.44
2018.05.10 11:00:02.248,1.30353,1.30357,1.07,1.00
2018.05.10 11:00:02.360,1.30349,1.30356,1.07,1.00
2018.05.10 11:00:02.634,1.30352,1.30357,1.00,1.07
2018.05.10 11:00:02.740,1.30353,1.30361,1.69,1.95
2018.05.10 11:00:03.060,1.30354,1.30356,1.00,1.00
2018.05.10 11:00:03.164,1.30349,1.30358,1.07,1.50
2018.05.10 11:00:03.464,1.3035,1.30356,1.95,1.00
2018.05.10 11:00:03.572,1.30349,1.30357,1.45,1.31
2018.05.10 11:00:03.625,1.30353,1.30358,1.00,1.50
2018.05.10 11:00:03.789,1.30356,1.30363,1.00,1.76
2018.05.10 11:00:03.842,1.30356,1.30363,1.45,1.25
2018.05.10 11:00:04.148,1.3035,1.30357,4.42,1.00
2018.05.10 11:00:04.642,1.30353,1.30359,1.45,2.81
2018.05.10 11:00:04.868,1.3035,1.30358,3.45,1.44
2018.05.10 11:00:05.129,1.30355,1.3036,1.20,1.69
2018.05.10 11:00:05.534,1.30356,1.30362,1.70,2.25
2018.05.10 11:00:05.702,1.30359,1.30364,1.10,1.25
2018.05.10 11:00:06.122,1.30361,1.30366,1.10,1.69
2018.05.10 11:00:06.418,1.30364,1.3037,1.10,1.00
2018.05.10 11:00:06.470,1.30366,1.3037,1.00,1.69
2018.05.10 11:00:06.788,1.30363,1.30367,1.10,1.50
2018.05.10 11:00:07.046,1.30366,1.30371,1.00,2.14
2018.05.10 11:00:07.098,1.30368,1.30372,1.00,1.76
2018.05.10 11:00:07.151,1.30369,1.30373,1.00,1.66
2018.05.10 11:00:07.292,1.30372,1.30376,1.00,2.70
2018.05.10 11:00:07.599,1.30379,1.3038,1.00,1.25
2018.05.10 11:00:07.651,1.30379,1.30383,1.00,1.12
2018.05.10 11:00:07.891,1.30377,1.30383,1.00,1.20
2018.05.10 11:00:07.943,1.30376,1.30379,1.10,1.00
2018.05.10 11:00:08.255,1.30372,1.30379,1.20,1.31
2018.05.10 11:00:08.409,1.30372,1.30374,1.95,1.00
2018.05.10 11:00:08.461,1.30368,1.30373,1.45,2.44
2018.05.10 11:00:08.513,1.30367,1.30373,1.07,1.87
2018.05.10 11:00:08.618,1.30365,1.30373,1.20,2.51
2018.05.10 11:00:08.968,1.30362,1.30365,1.95,1.25
2018.05.10 11:00:09.020,1.30358,1.30365,1.45,1.12
2018.05.10 11:00:09.177,1.3036,1.30367,1.10,2.14
2018.05.10 11:00:09.280,1.30361,1.30363,1.35,1.00
2018.05.10 11:00:09.383,1.30361,1.30367,1.25,1.12
2018.05.10 11:00:09.435,1.3036,1.30367,1.20,2.06
2018.05.10 11:00:09.488,1.3036,1.30365,1.20,1.88
2018.05.10 11:00:09.670,1.30359,1.30366,1.10,1.10
2018.05.10 11:00:10.236,1.30358,1.30365,1.32,1.50
2018.05.10 11:00:10.289,1.30355,1.30362,1.45,1.00
2018.05.10 11:00:10.750,1.30356,1.3036,1.00,1.00
2018.05.10 11:00:10.983,1.30356,1.30363,2.10,1.25
2018.05.10 11:00:11.087,1.30356,1.30359,1.10,1.00
2018.05.10 11:00:11.139,1.30356,1.30362,1.10,1.69
2018.05.10 11:00:11.191,1.30355,1.30359,1.61,1.00
2018.05.10 11:00:11.347,1.30359,1.30364,1.50,2.14
2018.05.10 11:00:11.897,1.30359,1.30363,1.00,1.10
2018.05.10 11:00:12.166,1.30359,1.30361,1.00,1.00
2018.05.10 11:00:12.476,1.3036,1.30363,1.00,1.12
2018.05.10 11:00:12.996,1.30361,1.30363,1.00,1.25
2018.05.10 11:00:13.099,1.30355,1.3036,4.20,1.00
2018.05.10 11:00:13.204,1.30355,1.30358,1.10,1.00
2018.05.10 11:00:13.412,1.30355,1.3036,1.00,2.51
2018.05.10 11:00:13.630,1.30358,1.30362,1.00,2.44
2018.05.10 11:00:13.939,1.30359,1.30361,1.00,1.69
2018.05.10 11:00:13.992,1.30361,1.30363,1.00,1.01
2018.05.10 11:00:14.045,1.3036,1.30365,1.00,2.89
2018.05.10 11:00:14.173,1.30362,1.30365,1.00,1.00
2018.05.10 11:00:14.804,1.30361,1.30364,1.00,1.00
2018.05.10 11:00:15.120,1.30361,1.30366,1.00,1.00
2018.05.10 11:00:15.172,1.30361,1.30365,1.00,1.44
2018.05.10 11:00:15.479,1.30349,1.30354,1.07,1.12
2018.05.10 11:00:15.531,1.30348,1.30354,1.00,1.95
2018.05.10 11:00:15.787,1.30344,1.30352,1.10,2.25
2018.05.10 11:00:15.840,1.30346,1.30349,1.00,1.00
2018.05.10 11:00:15.892,1.30343,1.30351,1.00,1.10
2018.05.10 11:00:16.046,1.30344,1.30349,1.00,1.00
2018.05.10 11:00:16.391,1.30347,1.30352,1.00,1.00
2018.05.10 11:00:16.693,1.30356,1.3036,1.00,2.89
2018.05.10 11:00:16.746,1.30357,1.30361,1.00,1.07
2018.05.10 11:00:17.158,1.30358,1.30362,1.00,1.50
2018.05.10 11:00:17.210,1.30356,1.30362,1.00,1.69
2018.05.10 11:00:17.458,1.30358,1.30363,1.00,2.32
2018.05.10 11:00:17.510,1.30356,1.30363,1.00,2.32
2018.05.10 11:00:17.719,1.30359,1.30362,1.00,1.69
2018.05.10 11:00:17.772,1.30357,1.30363,1.00,1.76
2018.05.10 11:00:18.064,1.30357,1.30361,1.00,1.25
2018.05.10 11:00:18.566,1.30358,1.30361,1.69,1.00
2018.05.10 11:00:18.630,1.30359,1.30364,1.50,1.10
2018.05.10 11:00:19.213,1.30359,1.30361,1.50,1.00
2018.05.10 11:00:19.265,1.30359,1.30365,1.25,1.00
2018.05.10 11:00:19.317,1.30358,1.30363,1.10,1.25
2018.05.10 11:00:19.716,1.30361,1.30366,1.00,2.70
2018.05.10 11:00:19.768,1.30361,1.30367,1.00,2.70
2018.05.10 11:00:19.872,1.30364,1.30368,1.00,1.95
2018.05.10 11:00:19.925,1.30364,1.30369,1.00,1.20
2018.05.10 11:00:20.029,1.30368,1.30372,1.00,1.32
2018.05.10 11:00:20.133,1.30368,1.30372,1.00,1.10
2018.05.10 11:00:20.190,1.30371,1.30375,1.00,4.95
2018.05.10 11:00:20.299,1.30372,1.30376,1.00,3.07
2018.05.10 11:00:20.352,1.30374,1.30379,1.00,1.07
2018.05.10 11:00:20.558,1.30376,1.3038,1.00,1.10
2018.05.10 11:00:20.867,1.30375,1.30378,1.00,2.25
2018.05.10 11:00:21.394,1.30374,1.30379,1.10,1.00
2018.05.10 11:00:21.727,1.30376,1.30378,1.00,1.00
2018.05.10 11:00:21.779,1.30375,1.30381,1.07,1.00
2018.05.10 11:00:22.346,1.30374,1.30379,1.57,1.00
2018.05.10 11:00:22.713,1.30376,1.30383,1.00,1.95
2018.05.10 11:00:23.233,1.30375,1.30382,1.01,1.95
2018.05.10 11:00:23.774,1.30374,1.3038,2.14,1.00
2018.05.10 11:00:23.929,1.30374,1.30378,1.00,1.00
2018.05.10 11:00:24.033,1.30371,1.30377,1.76,1.00
2018.05.10 11:00:24.397,1.30369,1.30376,3.64,1.00
2018.05.10 11:00:24.656,1.30371,1.30378,1.10,1.20
2018.05.10 11:00:25.200,1.3037,1.30376,1.57,1.87
2018.05.10 11:00:25.519,1.30359,1.30361,1.00,1.69
2018.05.10 11:00:25.572,1.30359,1.30362,1.00,1.00
2018.05.10 11:00:25.704,1.30356,1.30362,1.01,1.12
2018.05.10 11:00:25.910,1.30358,1.30363,1.00,1.20
2018.05.10 11:00:26.013,1.30354,1.30361,1.25,2.70
2018.05.10 11:00:26.065,1.30354,1.30359,1.25,1.20
2018.05.10 11:00:26.379,1.30352,1.30356,1.00,1.45
2018.05.10 11:00:26.689,1.30353,1.30358,1.25,1.45
2018.05.10 11:00:27.190,1.30356,1.30359,1.00,1.20
2018.05.10 11:00:27.295,1.30353,1.30358,2.25,1.00
2018.05.10 11:00:27.565,1.30351,1.30357,2.25,1.20
2018.05.10 11:00:27.668,1.30351,1.30356,1.50,1.20
2018.05.10 11:00:27.721,1.30351,1.30354,1.00,1.00
2018.05.10 11:00:27.773,1.30349,1.30355,1.12,1.95
2018.05.10 11:00:27.877,1.30348,1.30351,1.25,1.00
2018.05.10 11:00:27.980,1.30346,1.30352,1.50,1.57
2018.05.10 11:00:28.134,1.30345,1.30351,1.87,1.95
2018.05.10 11:00:28.545,1.30346,1.30353,1.87,1.95
2018.05.10 11:00:29.232,1.30347,1.30352,1.00,1.10
2018.05.10 11:00:29.504,1.30351,1.30353,1.00,1.20
2018.05.10 11:00:29.557,1.30353,1.30356,1.44,1.20
2018.05.10 11:00:29.609,1.30356,1.30357,1.00,1.20
2018.05.10 11:00:29.751,1.30361,1.30364,1.00,2.32
2018.05.10 11:00:29.910,1.30363,1.30364,1.00,1.20
2018.05.10 11:00:29.963,1.30364,1.30365,1.00,1.20
2018.05.10 11:00:30.298,1.30366,1.30369,1.12,1.45
2018.05.10 11:00:30.350,1.30368,1.30371,1.00,1.95
2018.05.10 11:00:30.402,1.30366,1.30371,1.25,1.95
2018.05.10 11:00:30.609,1.30367,1.30374,1.00,1.57
2018.05.10 11:00:30.662,1.30369,1.30374,1.00,1.07
2018.05.10 11:00:30.873,1.30369,1.30376,1.69,2.62
2018.05.10 11:00:31.234,1.30368,1.30374,4.39,1.00
2018.05.10 11:00:31.338,1.30368,1.30375,2.32,1.75
2018.05.10 11:00:31.477,1.30371,1.30377,1.00,2.70
2018.05.10 11:00:31.890,1.30369,1.30373,1.76,1.00
2018.05.10 11:00:32.423,1.30368,1.30374,1.32,1.50
2018.05.10 11:00:33.025,1.30368,1.30375,1.39,1.50
2018.05.10 11:00:33.549,1.30372,1.30378,1.31,1.45
2018.05.10 11:00:34.036,1.30369,1.30376,1.20,2.00
2018.05.10 11:00:34.088,1.30368,1.30374,4.01,1.12
2018.05.10 11:00:34.638,1.3037,1.30377,2.44,3.00
2018.05.10 11:00:34.744,1.30372,1.30377,1.00,2.44
2018.05.10 11:00:34.849,1.30372,1.30379,1.31,2.32
2018.05.10 11:00:35.005,1.30376,1.30382,1.00,1.57
2018.05.10 11:00:35.058,1.30377,1.30384,1.19,1.57
2018.05.10 11:00:35.112,1.30376,1.30383,1.76,2.25
2018.05.10 11:00:35.349,1.30375,1.30382,2.51,1.57
2018.05.10 11:00:35.661,1.30373,1.3038,3.82,1.75
2018.05.10 11:00:35.982,1.30375,1.30381,1.76,1.12
2018.05.10 11:00:36.505,1.30377,1.30381,1.10,1.12
2018.05.10 11:00:36.608,1.30374,1.3038,1.95,1.50
2018.05.10 11:00:36.712,1.30372,1.30376,1.76,1.00
2018.05.10 11:00:37.246,1.3037,1.30372,1.87,1.00
2018.05.10 11:00:37.349,1.30366,1.30373,3.37,1.00
2018.05.10 11:00:37.401,1.30367,1.30372,1.12,1.95
2018.05.10 11:00:37.890,1.30365,1.3037,1.00,1.10
2018.05.10 11:00:37.994,1.30367,1.3037,4.35,1.20
2018.05.10 11:00:38.047,1.3037,1.30374,1.00,1.95
2018.05.10 11:00:38.099,1.30372,1.30374,1.00,1.20
2018.05.10 11:00:38.254,1.30372,1.30377,1.00,1.76
2018.05.10 11:00:38.652,1.30374,1.30378,1.00,1.95
2018.05.10 11:00:38.962,1.30376,1.30381,1.19,1.95
2018.05.10 11:00:39.463,1.30375,1.30381,2.32,1.75
2018.05.10 11:00:39.669,1.30373,1.30379,3.86,1.12
2018.05.10 11:00:40.161,1.30372,1.30378,2.44,1.57
2018.05.10 11:00:40.686,1.30372,1.30378,2.44,1.57
2018.05.10 11:00:41.237,1.30374,1.30379,1.12,1.57
2018.05.10 11:00:41.753,1.30374,1.30379,2.44,1.57
2018.05.10 11:00:42.274,1.30377,1.30381,1.12,1.20
2018.05.10 11:00:42.664,1.30374,1.3038,1.31,1.57
2018.05.10 11:00:43.182,1.30372,1.30378,3.00,1.20
2018.05.10 11:00:43.357,1.30371,1.30377,2.06,1.47
2018.05.10 11:00:44.098,1.30371,1.30376,1.50,1.10
2018.05.10 11:00:44.150,1.30372,1.30378,1.19,2.70
2018.05.10 11:00:44.370,1.30374,1.30379,1.25,1.95
2018.05.10 11:00:45.057,1.30373,1.30379,1.31,2.70
2018.05.10 11:00:45.576,1.30371,1.30377,3.37,1.10
2018.05.10 11:00:45.849,1.3037,1.30375,7.69,1.00
2018.05.10 11:00:46.390,1.30371,1.30376,1.44,1.20
2018.05.10 11:00:46.545,1.3037,1.30376,1.95,1.00
2018.05.10 11:00:47.092,1.3037,1.30375,2.32,1.00
2018.05.10 11:00:47.664,1.3037,1.30376,3.26,1.00
2018.05.10 11:00:47.815,1.30369,1.30373,1.76,1.00
2018.05.10 11:00:48.073,1.30361,1.30365,1.39,1.00
2018.05.10 11:00:48.176,1.30357,1.30361,1.32,1.00
2018.05.10 11:00:48.510,1.30353,1.30357,3.45,1.00
2018.05.10 11:00:48.722,1.30351,1.30357,2.14,1.50
2018.05.10 11:00:48.982,1.30351,1.30357,3.64,1.50
2018.05.10 11:00:49.158,1.30351,1.30357,1.39,1.50
2018.05.10 11:00:49.275,1.3035,1.30354,3.82,1.00
2018.05.10 11:00:49.326,1.30349,1.30353,3.07,1.00
2018.05.10 11:00:49.379,1.3035,1.30352,1.39,1.00
2018.05.10 11:00:49.482,1.30348,1.30353,1.85,1.00
2018.05.10 11:00:49.873,1.30345,1.30347,1.32,1.12
2018.05.10 11:00:50.027,1.30344,1.30346,1.00,1.00
2018.05.10 11:00:50.182,1.30343,1.30345,1.12,1.00
2018.05.10 11:00:50.285,1.30343,1.30347,1.00,2.51
2018.05.10 11:00:50.426,1.30337,1.30342,1.94,1.00
2018.05.10 11:00:50.934,1.30338,1.30343,1.72,1.00
2018.05.10 11:00:51.440,1.3034,1.30345,1.19,1.57
2018.05.10 11:00:51.796,1.30341,1.30347,4.16,1.57
2018.05.10 11:00:52.322,1.30344,1.30348,1.00,1.20
2018.05.10 11:00:52.827,1.30346,1.3035,1.50,1.20
2018.05.10 11:00:52.931,1.30346,1.30351,2.25,1.20
2018.05.10 11:00:53.086,1.30347,1.30352,1.63,1.57
2018.05.10 11:00:53.577,1.30346,1.3035,1.25,1.20
2018.05.10 11:00:53.785,1.30344,1.30348,1.81,1.00
2018.05.10 11:00:54.305,1.30346,1.3035,3.75,1.57
2018.05.10 11:00:54.604,1.30348,1.30353,2.06,1.20
2018.05.10 11:00:55.238,1.30351,1.30353,1.00,1.20
2018.05.10 11:00:55.452,1.30355,1.3036,1.00,3.45
2018.05.10 11:00:55.505,1.30354,1.30359,1.31,1.10
2018.05.10 11:00:55.767,1.30354,1.30359,2.06,1.00
2018.05.10 11:00:55.820,1.30352,1.30355,1.31,1.00
2018.05.10 11:00:55.975,1.3035,1.30356,1.75,1.20
2018.05.10 11:00:56.515,1.3035,1.30355,2.25,1.00
2018.05.10 11:00:57.026,1.3035,1.30354,2.62,1.00
2018.05.10 11:00:58.510,1.30349,1.30353,2.81,1.00
2018.05.10 11:00:58.618,1.30348,1.30351,1.37,1.00
2018.05.10 11:00:58.670,1.30349,1.30354,1.50,3.07
2018.05.10 11:00:58.774,1.3035,1.30354,1.37,1.20
2018.05.10 11:00:59.329,1.3035,1.30353,1.31,1.00
2018.05.10 11:00:59.908,1.3035,1.30354,1.31,2.70
2018.05.10 11:01:00.012,1.3035,1.30356,1.39,1.00
2018.05.10 11:01:00.541,1.3035,1.30355,1.31,1.50
2018.05.10 11:01:00.593,1.3035,1.30353,1.39,1.00
2018.05.10 11:01:00.932,1.30349,1.30351,1.00,1.50
2018.05.10 11:01:01.091,1.30341,1.30346,1.20,1.00
2018.05.10 11:01:01.298,1.30341,1.30344,1.95,1.00
2018.05.10 11:01:01.401,1.30339,1.30344,1.57,1.50
2018.05.10 11:01:02.465,1.30339,1.30344,1.00,1.12
2018.05.10 11:01:03.648,1.30339,1.30344,1.01,1.50
2018.05.10 11:01:04.845,1.30338,1.30343,1.00,1.57
2018.05.10 11:01:05.427,1.30338,1.30343,1.19,1.57
2018.05.10 11:01:05.965,1.30338,1.30342,1.00,1.00
2018.05.10 11:01:06.535,1.30337,1.30344,1.19,1.50
2018.05.10 11:01:07.054,1.30336,1.30342,1.95,1.00
2018.05.10 11:01:07.210,1.30336,1.3034,2.70,1.00
2018.05.10 11:01:07.315,1.30334,1.30339,1.39,1.12
2018.05.10 11:01:07.841,1.30334,1.30339,1.39,1.12
2018.05.10 11:01:08.101,1.30336,1.30341,1.00,3.07
2018.05.10 11:01:08.645,1.30335,1.3034,1.10,1.50
2018.05.10 11:01:08.957,1.30339,1.30343,1.50,1.76
2018.05.10 11:01:09.165,1.3034,1.30347,2.25,3.07
2018.05.10 11:01:09.217,1.30343,1.30347,1.00,1.85
2018.05.10 11:01:09.563,1.30346,1.30351,1.00,3.00
2018.05.10 11:01:09.718,1.30347,1.30352,1.00,2.32
2018.05.10 11:01:10.246,1.30346,1.30351,1.12,1.07
2018.05.10 11:01:10.502,1.30349,1.30351,1.25,1.07
2018.05.10 11:01:10.809,1.30348,1.30353,1.50,1.20
2018.05.10 11:01:11.131,1.3035,1.30354,1.00,1.45
2018.05.10 11:01:11.288,1.30348,1.30353,1.50,1.12
2018.05.10 11:01:11.602,1.30347,1.30351,1.00,1.12
2018.05.10 11:01:11.947,1.3035,1.30355,1.00,2.70
2018.05.10 11:01:11.998,1.30348,1.30355,1.12,2.70
2018.05.10 11:01:12.542,1.30347,1.30353,4.12,1.00
2018.05.10 11:01:13.104,1.30349,1.30354,1.87,1.57
2018.05.10 11:01:13.433,1.30348,1.30352,1.57,1.00
2018.05.10 11:01:13.742,1.30343,1.30349,3.07,1.12
2018.05.10 11:01:14.135,1.30343,1.30347,2.14,1.00
2018.05.10 11:01:14.187,1.30343,1.30349,2.32,1.12
2018.05.10 11:01:14.822,1.30344,1.30351,1.01,2.44
2018.05.10 11:01:15.296,1.30346,1.30352,1.00,1.75
2018.05.10 11:01:15.609,1.30344,1.30349,1.01,1.00
2018.05.10 11:01:15.712,1.30343,1.30347,1.07,1.00
2018.05.10 11:01:15.917,1.30341,1.30347,2.89,1.50
2018.05.10 11:01:16.019,1.30339,1.30344,3.64,1.00
2018.05.10 11:01:16.122,1.30337,1.30342,3.07,1.00
2018.05.10 11:01:16.224,1.30339,1.30342,2.06,1.00
2018.05.10 11:01:16.340,1.3034,1.30345,2.25,1.20
2018.05.10 11:01:16.443,1.30341,1.30346,1.29,1.50
2018.05.10 11:01:16.962,1.30342,1.30346,1.44,1.50
2018.05.10 11:01:17.506,1.30342,1.30346,1.50,1.00
2018.05.10 11:01:17.811,1.30342,1.30348,1.31,1.50
2018.05.10 11:01:18.368,1.30341,1.30348,2.89,1.50
2018.05.10 11:01:18.882,1.30343,1.30348,1.19,1.50
2018.05.10 11:01:19.397,1.30343,1.30347,1.00,1.00
2018.05.10 11:01:19.917,1.30342,1.30347,2.00,1.00
2018.05.10 11:01:20.435,1.30343,1.30347,1.00,1.00
2018.05.10 11:01:20.952,1.30342,1.30348,1.76,2.25
2018.05.10 11:01:22.347,1.30342,1.30348,2.06,1.50
2018.05.10 11:01:25.729,1.30341,1.30349,1.95,4.57
2018.05.10 11:01:26.269,1.30342,1.30349,1.10,3.82
2018.05.10 11:01:26.809,1.30341,1.30349,2.14,2.32
2018.05.10 11:01:28.286,1.30342,1.30347,1.39,1.00
2018.05.10 11:01:28.832,1.30341,1.30348,2.14,1.12
2018.05.10 11:01:29.101,1.3034,1.30346,2.14,1.00
2018.05.10 11:01:29.411,1.30335,1.3034,1.57,1.00
2018.05.10 11:01:30.481,1.30335,1.30341,1.25,1.20
2018.05.10 11:01:30.797,1.30334,1.30339,1.20,1.00
2018.05.10 11:01:31.113,1.30332,1.30336,1.10,1.00
2018.05.10 11:01:31.643,1.30331,1.30335,1.50,1.00
2018.05.10 11:01:31.797,1.30329,1.30335,1.57,1.12
2018.05.10 11:01:31.850,1.30328,1.30333,3.26,1.00
2018.05.10 11:01:31.902,1.30328,1.30332,1.10,1.12
2018.05.10 11:01:32.446,1.30327,1.30332,1.12,1.12
2018.05.10 11:01:33.175,1.30327,1.30331,1.31,1.00
2018.05.10 11:01:33.710,1.30327,1.30332,1.31,1.95
2018.05.10 11:01:33.813,1.30329,1.30333,1.00,1.57
2018.05.10 11:01:34.017,1.30331,1.30336,1.00,1.95
2018.05.10 11:01:34.558,1.3033,1.30336,1.50,1.57
2018.05.10 11:01:34.816,1.30327,1.30333,2.70,1.12
2018.05.10 11:01:35.085,1.30326,1.30331,1.31,1.12
2018.05.10 11:01:35.597,1.30325,1.30331,1.00,3.82
2018.05.10 11:01:36.136,1.30324,1.30329,1.00,1.01
2018.05.10 11:01:36.455,1.3032,1.30325,1.00,1.50
2018.05.10 11:01:36.975,1.30318,1.30325,2.70,1.57
2018.05.10 11:01:37.532,1.30318,1.30326,1.57,4.39
2018.05.10 11:01:38.400,1.30318,1.30325,1.00,1.82
2018.05.10 11:01:38.876,1.3032,1.30326,1.12,2.32
2018.05.10 11:01:39.190,1.30323,1.30327,1.00,1.20
2018.05.10 11:01:39.242,1.30319,1.30325,1.87,1.00
2018.05.10 11:01:39.629,1.30318,1.30324,1.39,1.00
2018.05.10 11:01:40.149,1.30317,1.30323,1.57,1.00
2018.05.10 11:01:40.380,1.30319,1.30325,1.25,1.95
2018.05.10 11:01:40.927,1.30319,1.30325,1.50,1.20
2018.05.10 11:01:41.465,1.30319,1.30324,1.50,1.00
2018.05.10 11:01:42.030,1.30319,1.30325,1.75,1.10
2018.05.10 11:01:42.133,1.30318,1.30323,3.07,1.00
2018.05.10 11:01:42.185,1.30318,1.30326,2.32,2.32
2018.05.10 11:01:42.750,1.30318,1.30326,2.51,2.70
2018.05.10 11:01:43.262,1.30318,1.30324,1.50,1.00
2018.05.10 11:01:43.782,1.30318,1.30323,1.00,1.00
2018.05.10 11:01:44.317,1.30317,1.30325,1.31,3.45
2018.05.10 11:01:44.847,1.30317,1.30325,1.87,1.57
2018.05.10 11:01:45.675,1.30318,1.30325,1.12,2.51
2018.05.10 11:01:46.242,1.30318,1.30323,1.12,1.10
2018.05.10 11:01:46.758,1.30318,1.30324,1.44,3.07
2018.05.10 11:01:47.999,1.30318,1.30324,1.12,2.32
2018.05.10 11:01:48.532,1.30318,1.30324,1.50,2.32
2018.05.10 11:01:49.378,1.30318,1.30324,1.50,2.32
2018.05.10 11:01:49.430,1.30318,1.30324,1.50,2.32
2018.05.10 11:01:49.532,1.30318,1.30324,1.69,2.32
2018.05.10 11:01:50.038,1.30319,1.30324,1.25,1.57
2018.05.10 11:01:51.885,1.30319,1.30324,1.00,1.95
2018.05.10 11:01:52.460,1.30319,1.30324,1.00,2.32
2018.05.10 11:01:53.011,1.30317,1.30323,1.69,1.20
2018.05.10 11:01:53.525,1.30317,1.30323,1.50,1.20
2018.05.10 11:01:54.513,1.30317,1.30323,1.50,1.20
2018.05.10 11:01:55.035,1.30317,1.30323,1.12,1.20
2018.05.10 11:01:55.378,1.30318,1.30324,1.38,2.32
2018.05.10 11:01:56.129,1.30318,1.30324,1.13,2.32
2018.05.10 11:01:56.437,1.30318,1.30324,1.00,1.20
2018.05.10 11:01:57.090,1.30319,1.30325,1.00,2.32
2018.05.10 11:01:57.216,1.30321,1.30326,1.00,1.95
2018.05.10 11:01:57.320,1.30321,1.30327,1.00,4.01
2018.05.10 11:01:57.425,1.30323,1.30326,1.00,1.32
2018.05.10 11:01:58.012,1.30323,1.30327,1.00,1.20
2018.05.10 11:01:58.581,1.30323,1.30327,1.00,1.20
2018.05.10 11:01:59.104,1.30322,1.30327,1.12,1.20
2018.05.10 11:02:01.196,1.30321,1.30326,1.00,1.10
2018.05.10 11:02:01.464,1.30316,1.30322,1.69,1.12
2018.05.10 11:02:01.672,1.30318,1.30322,1.00,1.12
2018.05.10 11:02:02.190,1.30317,1.30322,1.00,1.20
2018.05.10 11:02:02.738,1.30315,1.3032,1.50,1.00
2018.05.10 11:02:03.253,1.30316,1.30321,1.31,1.20
2018.05.10 11:02:03.830,1.30317,1.30321,1.50,1.12
2018.05.10 11:02:04.735,1.30318,1.30323,1.00,1.85
2018.05.10 11:02:05.576,1.30319,1.30323,1.00,1.95
2018.05.10 11:02:05.887,1.30322,1.30326,1.13,1.12
2018.05.10 11:02:06.474,1.3032,1.30325,2.25,1.00
2018.05.10 11:02:07.140,1.3032,1.30325,1.12,1.12
2018.05.10 11:02:07.659,1.3032,1.30324,1.13,1.12
2018.05.10 11:02:08.022,1.30318,1.30324,1.25,2.32
2018.05.10 11:02:08.146,1.30317,1.30321,1.25,1.00
2018.05.10 11:02:08.562,1.30319,1.30321,1.00,1.12
2018.05.10 11:02:08.665,1.30317,1.30321,1.25,1.12
2018.05.10 11:02:09.201,1.30318,1.30321,1.88,1.12
2018.05.10 11:02:09.254,1.3032,1.30322,1.00,1.57
2018.05.10 11:02:09.308,1.30322,1.30324,1.00,1.10
2018.05.10 11:02:09.571,1.30318,1.30325,5.51,2.33
2018.05.10 11:02:09.720,1.30318,1.30322,1.20,1.00
2018.05.10 11:02:10.194,1.30316,1.30322,1.69,1.58
2018.05.10 11:02:10.350,1.30315,1.3032,2.25,1.00
2018.05.10 11:02:10.658,1.30314,1.30319,1.00,1.50
2018.05.10 11:02:11.631,1.30313,1.30317,1.76,1.00
2018.05.10 11:02:12.192,1.30313,1.30318,2.51,1.00
2018.05.10 11:02:13.091,1.30314,1.3032,1.10,3.00
2018.05.10 11:02:13.629,1.30313,1.3032,1.76,4.13
2018.05.10 11:02:14.077,1.30311,1.30316,2.70,1.00
2018.05.10 11:02:14.130,1.30311,1.30317,1.76,3.56
2018.05.10 11:02:14.183,1.30311,1.30315,2.89,1.00
2018.05.10 11:02:14.288,1.30312,1.30317,1.12,2.81
2018.05.10 11:02:14.710,1.30313,1.30317,1.44,1.12
2018.05.10 11:02:15.222,1.30313,1.30319,1.95,3.19
2018.05.10 11:02:15.950,1.30313,1.30319,1.31,1.76
2018.05.10 11:02:16.104,1.30313,1.30319,1.31,1.20
2018.05.10 11:02:16.820,1.30313,1.30319,1.31,1.20
2018.05.10 11:02:17.344,1.30313,1.3032,1.69,6.82
2018.05.10 11:02:17.871,1.30313,1.3032,1.31,4.39
2018.05.10 11:02:18.960,1.30314,1.3032,1.20,5.06
2018.05.10 11:02:19.906,1.30314,1.3032,1.20,3.00
2018.05.10 11:02:20.704,1.30314,1.30318,2.33,1.12
2018.05.10 11:02:21.228,1.30314,1.30318,1.20,1.50
2018.05.10 11:02:21.742,1.30313,1.30318,1.95,2.25
2018.05.10 11:02:22.051,1.3031,1.30311,1.20,1.00
2018.05.10 11:02:22.210,1.30307,1.30312,1.95,1.87
2018.05.10 11:02:22.469,1.30305,1.30311,2.32,1.50
2018.05.10 11:02:22.625,1.30304,1.3031,2.14,2.25
2018.05.10 11:02:22.955,1.30307,1.30308,1.00,1.00
2018.05.10 11:02:23.060,1.30307,1.3031,1.00,1.31
2018.05.10 11:02:23.707,1.30306,1.30311,1.20,1.50
2018.05.10 11:02:24.255,1.30305,1.3031,1.10,1.50
2018.05.10 11:02:24.484,1.30307,1.30311,1.95,1.75
2018.05.10 11:02:24.537,1.30307,1.30312,2.70,2.62
2018.05.10 11:02:24.589,1.30311,1.30312,1.00,1.12
2018.05.10 11:02:25.281,1.3031,1.30314,1.10,1.75
2018.05.10 11:02:25.333,1.3031,1.30315,1.10,2.25
2018.05.10 11:02:25.835,1.3031,1.30314,1.20,2.62
2018.05.10 11:02:25.904,1.30309,1.30313,1.20,2.44
2018.05.10 11:02:26.061,1.30308,1.30313,1.95,1.75
2018.05.10 11:02:26.476,1.30307,1.30309,1.45,1.72
2018.05.10 11:02:26.539,1.30304,1.30308,1.20,3.19
2018.05.10 11:02:26.859,1.30301,1.30306,1.07,1.00
2018.05.10 11:02:27.407,1.303,1.30306,2.14,1.50
2018.05.10 11:02:27.989,1.303,1.30306,1.95,1.50
2018.05.10 11:02:28.246,1.30304,1.30306,1.00,1.00
2018.05.10 11:02:28.349,1.30302,1.30307,1.10,1.37
2018.05.10 11:02:28.452,1.30304,1.30307,1.00,1.37
2018.05.10 11:02:28.869,1.30301,1.30304,1.57,1.25
2018.05.10 11:02:28.921,1.30298,1.30303,1.57,1.87
2018.05.10 11:02:28.973,1.30298,1.30301,2.32,1.00
2018.05.10 11:02:29.024,1.30298,1.30302,1.07,1.00
2018.05.10 11:02:29.197,1.30305,1.30306,2.25,4.39
2018.05.10 11:02:29.456,1.30308,1.30311,1.87,1.00
2018.05.10 11:02:29.713,1.30307,1.30313,2.51,1.87
2018.05.10 11:02:30.264,1.30309,1.30312,1.07,1.00
2018.05.10 11:02:31.693,1.30308,1.30314,1.95,1.50
2018.05.10 11:02:32.272,1.30308,1.30314,1.95,2.25
2018.05.10 11:02:32.914,1.30309,1.30314,1.01,1.87
2018.05.10 11:02:33.356,1.30308,1.30311,1.20,1.00
2018.05.10 11:02:33.872,1.30308,1.30312,3.64,1.00
2018.05.10 11:02:34.494,1.30308,1.30312,1.76,1.00
2018.05.10 11:02:35.009,1.30308,1.30313,2.51,1.87
2018.05.10 11:02:35.353,1.30308,1.30311,2.51,1.00
2018.05.10 11:02:36.330,1.30308,1.30311,2.70,1.00
2018.05.10 11:02:36.382,1.30308,1.30313,1.76,1.50
2018.05.10 11:02:37.240,1.30308,1.30313,2.89,1.00
2018.05.10 11:02:37.343,1.30309,1.30313,1.64,1.00
2018.05.10 11:02:37.651,1.30309,1.30311,1.45,1.00
2018.05.10 11:02:38.650,1.30309,1.30312,1.01,1.00
2018.05.10 11:02:38.755,1.30308,1.30311,2.14,1.50
2018.05.10 11:02:39.294,1.30309,1.30311,1.07,1.00
2018.05.10 11:02:39.706,1.30307,1.3031,3.07,1.00
2018.05.10 11:02:39.758,1.30307,1.30312,3.26,1.50
2018.05.10 11:02:39.860,1.30308,1.30312,1.01,1.00
2018.05.10 11:02:40.394,1.30308,1.30313,2.32,2.44
2018.05.10 11:02:40.700,1.30308,1.30313,1.20,2.62
2018.05.10 11:02:41.739,1.30308,1.30313,1.10,3.75
2018.05.10 11:02:44.921,1.30307,1.30311,1.39,1.12
2018.05.10 11:02:45.853,1.30308,1.30312,1.00,1.50
2018.05.10 11:02:46.060,1.30308,1.30315,4.76,2.25
2018.05.10 11:02:46.369,1.30309,1.3031,1.57,1.50
2018.05.10 11:02:46.421,1.30305,1.30308,1.50,2.62
2018.05.10 11:02:46.538,1.30297,1.30299,2.51,1.00
2018.05.10 11:02:46.695,1.30291,1.30294,1.25,1.00
2018.05.10 11:02:46.747,1.3029,1.30292,1.00,1.00
2018.05.10 11:02:46.799,1.30287,1.30292,1.45,1.50
2018.05.10 11:02:46.852,1.30288,1.30291,1.01,1.00
2018.05.10 11:02:47.392,1.30289,1.30293,1.10,1.50
2018.05.10 11:02:47.962,1.30286,1.30292,3.26,2.25
2018.05.10 11:02:48.232,1.30283,1.30288,1.57,1.25
2018.05.10 11:02:48.689,1.30276,1.30278,1.12,1.37
2018.05.10 11:02:48.793,1.3027,1.30275,2.32,3.94
2018.05.10 11:02:48.851,1.3027,1.30274,1.45,2.62
2018.05.10 11:02:49.207,1.30269,1.30272,1.20,1.00
2018.05.10 11:02:49.314,1.30271,1.30275,1.95,1.12
2018.05.10 11:02:49.491,1.30275,1.30277,1.00,1.00
2018.05.10 11:02:49.593,1.30274,1.30279,1.95,1.00
2018.05.10 11:02:49.748,1.30276,1.30278,1.20,1.00
2018.05.10 11:02:49.905,1.30275,1.3028,1.57,2.25
2018.05.10 11:02:49.957,1.30277,1.3028,1.00,1.12
2018.05.10 11:02:50.299,1.30279,1.30282,1.20,3.75
2018.05.10 11:02:50.818,1.30277,1.30282,1.57,1.37
2018.05.10 11:02:50.994,1.3028,1.30283,1.00,3.00
2018.05.10 11:02:51.305,1.30282,1.30285,1.10,2.00
2018.05.10 11:02:51.409,1.30281,1.30287,2.32,3.75
2018.05.10 11:02:51.937,1.30283,1.30287,1.10,2.25
2018.05.10 11:02:52.196,1.30281,1.30286,2.32,1.12
2018.05.10 11:02:52.404,1.30277,1.30285,2.89,1.75
2018.05.10 11:02:52.522,1.30275,1.30281,1.20,2.25
2018.05.10 11:02:52.574,1.30277,1.30281,1.00,1.50
2018.05.10 11:02:52.732,1.30277,1.30282,1.69,1.95
2018.05.10 11:02:52.786,1.30277,1.30282,3.56,1.10
2018.05.10 11:02:53.097,1.30277,1.30282,1.31,1.12
2018.05.10 11:02:53.420,1.3028,1.30281,1.20,1.00
2018.05.10 11:02:53.729,1.30281,1.30284,1.10,1.00
2018.05.10 11:02:53.832,1.30279,1.30282,1.57,1.00
2018.05.10 11:02:54.159,1.30276,1.30279,1.20,1.00
2018.05.10 11:02:54.469,1.30276,1.30281,1.20,1.50
2018.05.10 11:02:55.007,1.30276,1.30281,1.20,2.25
2018.05.10 11:02:55.551,1.30276,1.30279,1.20,1.87
2018.05.10 11:02:55.705,1.30272,1.30274,1.25,1.00
2018.05.10 11:02:55.807,1.3027,1.30274,1.95,1.00
2018.05.10 11:02:56.115,1.30272,1.30277,1.00,3.37
2018.05.10 11:02:56.454,1.30274,1.30279,1.00,1.87
2018.05.10 11:02:56.987,1.30274,1.30279,1.57,3.37
2018.05.10 11:02:57.306,1.30285,1.3029,1.57,1.75
2018.05.10 11:02:57.359,1.30285,1.30291,1.12,2.62
2018.05.10 11:02:57.413,1.30286,1.30291,1.20,2.25
2018.05.10 11:02:57.948,1.30288,1.30292,1.20,1.12
2018.05.10 11:02:58.472,1.30288,1.30292,1.20,1.12
2018.05.10 11:02:58.799,1.3029,1.30295,1.10,3.56
2018.05.10 11:02:59.104,1.30287,1.3029,1.95,1.62
2018.05.10 11:02:59.262,1.30285,1.30288,1.57,1.00
2018.05.10 11:02:59.781,1.30285,1.30289,1.10,1.75
2018.05.10 11:02:59.999,1.30278,1.30283,3.07,1.87
2018.05.10 11:03:00.103,1.30276,1.30282,2.70,2.06
2018.05.10 11:03:00.154,1.30276,1.30281,1.20,1.69
2018.05.10 11:03:00.485,1.30277,1.30279,1.20,1.00
2018.05.10 11:03:00.588,1.30277,1.30282,1.20,3.94
2018.05.10 11:03:00.743,1.30278,1.30282,1.95,2.25
2018.05.10 11:03:01.072,1.30278,1.30284,1.95,2.81
2018.05.10 11:03:01.382,1.30279,1.30283,1.00,1.50
2018.05.10 11:03:01.744,1.30275,1.30279,1.00,1.87
2018.05.10 11:03:02.058,1.30277,1.3028,1.00,1.50
2018.05.10 11:03:02.111,1.30275,1.30279,1.00,1.12
2018.05.10 11:03:02.215,1.30273,1.30278,1.00,1.31
2018.05.10 11:03:02.508,1.30277,1.30283,1.00,2.07
2018.05.10 11:03:02.611,1.30276,1.30281,1.50,1.75
2018.05.10 11:03:02.817,1.30278,1.30282,1.00,1.12
2018.05.10 11:03:03.231,1.30276,1.3028,1.45,1.75
2018.05.10 11:03:03.438,1.30274,1.30276,1.10,1.00
2018.05.10 11:03:03.491,1.30272,1.30274,1.00,1.50
2018.05.10 11:03:03.601,1.30268,1.30273,1.20,2.44
2018.05.10 11:03:03.655,1.30267,1.30272,1.50,1.12
2018.05.10 11:03:03.707,1.30269,1.30273,1.12,1.10
2018.05.10 11:03:04.022,1.30274,1.30278,1.00,1.95
2018.05.10 11:03:04.265,1.30276,1.30282,1.00,1.39
2018.05.10 11:03:04.964,1.30277,1.30282,1.00,1.62
2018.05.10 11:03:05.185,1.30274,1.30279,1.00,1.12
2018.05.10 11:03:05.548,1.3027,1.30274,1.00,1.76
2018.05.10 11:03:05.603,1.30265,1.30271,1.57,4.31
2018.05.10 11:03:06.128,1.30267,1.30272,1.20,4.31
2018.05.10 11:03:06.527,1.30265,1.30272,1.39,2.32
2018.05.10 11:03:06.834,1.30267,1.30272,1.00,1.85
2018.05.10 11:03:07.183,1.30268,1.30273,1.00,1.95
2018.05.10 11:03:07.493,1.3027,1.30275,1.00,2.06
2018.05.10 11:03:08.114,1.3027,1.30275,1.45,1.12
2018.05.10 11:03:08.446,1.30275,1.30278,1.00,1.76
2018.05.10 11:03:08.757,1.30273,1.30277,1.00,1.69
2018.05.10 11:03:08.956,1.30271,1.30276,1.10,1.50
2018.05.10 11:03:09.112,1.30269,1.30274,1.20,2.25
2018.05.10 11:03:09.511,1.30271,1.30276,1.00,2.25
2018.05.10 11:03:09.769,1.30271,1.30277,1.20,2.25
2018.05.10 11:03:10.254,1.30267,1.30272,1.45,1.12
2018.05.10 11:03:10.459,1.30268,1.30274,1.76,1.50
2018.05.10 11:03:10.978,1.30268,1.30275,2.32,3.00
2018.05.10 11:03:11.030,1.30268,1.30275,1.57,2.25
2018.05.10 11:03:11.081,1.30268,1.30275,1.57,1.69
2018.05.10 11:03:11.542,1.30269,1.30273,1.10,1.69
2018.05.10 11:03:12.072,1.30268,1.30273,1.20,1.50
2018.05.10 11:03:12.387,1.30265,1.3027,1.57,1.12
2018.05.10 11:03:12.849,1.30268,1.30273,2.62,1.12
2018.05.10 11:03:12.900,1.30271,1.30275,1.00,3.56
2018.05.10 11:03:13.416,1.30269,1.30274,1.20,1.50
2018.05.10 11:03:13.853,1.30268,1.30273,1.20,1.87
2018.05.10 11:03:13.905,1.30267,1.30272,1.20,1.50
2018.05.10 11:03:14.217,1.30272,1.30275,1.00,3.00
2018.05.10 11:03:14.321,1.30272,1.30277,1.00,1.50
2018.05.10 11:03:14.477,1.30274,1.30279,1.00,3.94
2018.05.10 11:03:14.933,1.30271,1.30275,1.10,1.75
2018.05.10 11:03:15.525,1.30272,1.30275,1.00,2.25
2018.05.10 11:03:15.934,1.30274,1.30276,1.00,1.00
2018.05.10 11:03:16.095,1.30275,1.3028,1.00,3.82
2018.05.10 11:03:16.147,1.30277,1.3028,1.00,1.50
2018.05.10 11:03:16.555,1.30276,1.30282,1.57,1.50
2018.05.10 11:03:16.819,1.30274,1.30279,1.95,1.69
2018.05.10 11:03:17.127,1.30273,1.30278,1.20,2.25
2018.05.10 11:03:17.657,1.30272,1.30277,1.20,2.25
2018.05.10 11:03:18.202,1.30272,1.30277,1.57,1.87
2018.05.10 11:03:19.432,1.30272,1.30276,1.57,2.25
2018.05.10 11:03:19.697,1.30264,1.30268,1.10,1.50
2018.05.10 11:03:19.955,1.30261,1.30266,3.07,1.12
2018.05.10 11:03:20.270,1.30261,1.30265,1.57,3.75
2018.05.10 11:03:20.374,1.3026,1.30264,2.14,1.00
2018.05.10 11:03:20.478,1.30262,1.30267,1.45,1.50
2018.05.10 11:03:20.724,1.30264,1.30268,1.10,3.00
2018.05.10 11:03:21.025,1.30263,1.30266,1.64,1.12
2018.05.10 11:03:21.077,1.30257,1.30262,2.70,2.25
2018.05.10 11:03:21.132,1.30257,1.3026,1.45,2.62
2018.05.10 11:03:21.186,1.30256,1.3026,1.25,2.62
2018.05.10 11:03:21.343,1.30253,1.30259,1.01,2.25
2018.05.10 11:03:21.601,1.30258,1.30261,1.00,5.32
2018.05.10 11:03:21.809,1.30253,1.30257,1.07,1.00
2018.05.10 11:03:21.964,1.3025,1.30255,3.07,1.00
2018.05.10 11:03:22.192,1.30249,1.30254,3.26,1.50
2018.05.10 11:03:22.450,1.30247,1.30252,2.14,1.00
2018.05.10 11:03:22.956,1.30248,1.30251,1.00,1.00
2018.05.10 11:03:23.298,1.30249,1.30253,1.19,2.25
2018.05.10 11:03:23.820,1.30247,1.30251,1.50,1.00
2018.05.10 11:03:24.255,1.30249,1.30251,1.19,1.00
2018.05.10 11:03:24.811,1.30248,1.3025,1.19,1.00
2018.05.10 11:03:24.864,1.30243,1.30248,1.20,1.00
2018.05.10 11:03:24.918,1.30242,1.30247,1.00,4.16
2018.05.10 11:03:24.971,1.3024,1.30243,1.01,1.50
2018.05.10 11:03:25.129,1.30238,1.30242,1.20,1.50
2018.05.10 11:03:25.182,1.30238,1.30244,1.12,2.14
2018.05.10 11:03:25.390,1.30237,1.30242,2.32,1.50
2018.05.10 11:03:25.661,1.30237,1.30244,1.50,2.62
2018.05.10 11:03:25.817,1.30237,1.3024,1.10,1.12
2018.05.10 11:03:25.921,1.30233,1.30239,1.57,1.00
2018.05.10 11:03:25.973,1.30232,1.30237,2.14,1.00
2018.05.10 11:03:26.082,1.30232,1.30238,1.31,3.07
2018.05.10 11:03:26.234,1.30231,1.30235,1.70,1.00
2018.05.10 11:03:26.542,1.3023,1.30234,1.00,1.00
2018.05.10 11:03:27.542,1.3023,1.30235,1.20,1.00
2018.05.10 11:03:28.084,1.3023,1.30236,1.39,2.62
2018.05.10 11:03:28.609,1.3023,1.30236,1.69,1.50
2018.05.10 11:03:28.933,1.30228,1.30234,3.26,2.25
2018.05.10 11:03:29.039,1.30228,1.30233,1.20,1.00
2018.05.10 11:03:29.198,1.30226,1.30229,2.14,1.00
2018.05.10 11:03:29.252,1.30223,1.30227,1.20,1.00
2018.05.10 11:03:29.412,1.30219,1.30225,3.07,2.06
2018.05.10 11:03:29.526,1.30219,1.30225,3.07,1.31
2018.05.10 11:03:29.791,1.30217,1.30221,1.45,1.50
2018.05.10 11:03:29.856,1.30216,1.30222,1.95,3.56
2018.05.10 11:03:29.962,1.30213,1.30219,2.14,2.25
2018.05.10 11:03:30.211,1.30212,1.30218,1.20,1.25
2018.05.10 11:03:30.265,1.3021,1.30216,4.20,1.00
2018.05.10 11:03:30.476,1.3021,1.30215,1.10,3.97
2018.05.10 11:03:30.529,1.30208,1.30211,1.07,1.50
2018.05.10 11:03:30.634,1.30207,1.30212,1.10,2.81
2018.05.10 11:03:31.050,1.30207,1.3021,1.00,1.00
2018.05.10 11:03:31.207,1.30204,1.30208,1.00,1.25
2018.05.10 11:03:31.630,1.30205,1.30211,1.87,3.26
2018.05.10 11:03:32.177,1.30204,1.30211,1.76,2.44
2018.05.10 11:03:32.282,1.30204,1.30212,2.14,4.12
2018.05.10 11:03:32.799,1.30205,1.3021,1.76,1.00
2018.05.10 11:03:33.316,1.30204,1.3021,1.45,4.12
2018.05.10 11:03:33.420,1.30199,1.30206,2.51,3.37
2018.05.10 11:03:34.049,1.30199,1.30205,3.45,2.25
2018.05.10 11:03:34.593,1.30198,1.30205,2.32,1.50
2018.05.10 11:03:34.800,1.30198,1.30202,2.14,1.50
2018.05.10 11:03:34.852,1.30198,1.30204,2.06,1.39
2018.05.10 11:03:35.366,1.30197,1.30203,1.14,1.87
2018.05.10 11:03:35.623,1.30194,1.302,1.78,1.00
2018.05.10 11:03:35.959,1.30187,1.30193,1.78,2.06
2018.05.10 11:03:36.272,1.30186,1.30192,2.02,1.69
2018.05.10 11:03:36.376,1.30185,1.3019,1.57,1.31
2018.05.10 11:03:36.869,1.3019,1.30192,2.44,1.00
2018.05.10 11:03:36.922,1.30192,1.30197,1.25,1.32
2018.05.10 11:03:37.437,1.30191,1.30197,1.87,1.57
2018.05.10 11:03:37.722,1.30193,1.30197,1.00,1.39
2018.05.10 11:03:38.244,1.30192,1.30197,1.00,1.31
2018.05.10 11:03:38.751,1.30194,1.30197,1.00,1.31
2018.05.10 11:03:39.216,1.30192,1.30194,1.00,1.25
2018.05.10 11:03:39.318,1.3019,1.30194,1.10,1.12
2018.05.10 11:03:39.371,1.30189,1.30194,1.00,2.06
2018.05.10 11:03:39.683,1.30187,1.30192,1.00,1.69
2018.05.10 11:03:39.787,1.30187,1.30189,1.00,1.25
2018.05.10 11:03:40.118,1.30185,1.30189,1.69,1.25
2018.05.10 11:03:40.170,1.30185,1.30188,1.12,1.19
2018.05.10 11:03:40.681,1.30186,1.30188,1.00,1.19
2018.05.10 11:03:41.208,1.30186,1.30188,1.00,1.00
2018.05.10 11:03:41.717,1.30181,1.30186,1.45,1.25
2018.05.10 11:03:41.876,1.30177,1.30182,1.20,1.25
2018.05.10 11:03:42.057,1.30181,1.30187,1.00,2.14
2018.05.10 11:03:42.269,1.30183,1.30186,1.00,1.25
2018.05.10 11:03:42.587,1.30186,1.30193,1.95,3.19
2018.05.10 11:03:42.749,1.30182,1.30188,1.20,1.87
2018.05.10 11:03:42.853,1.30182,1.30186,1.70,1.12
2018.05.10 11:03:43.184,1.30186,1.30188,1.00,1.00
2018.05.10 11:03:43.237,1.30187,1.30192,1.45,1.69
2018.05.10 11:03:43.394,1.30189,1.30192,1.57,1.69
2018.05.10 11:03:43.446,1.30189,1.30193,1.39,1.00
2018.05.10 11:03:43.500,1.30191,1.30195,1.10,1.31
2018.05.10 11:03:44.037,1.30191,1.30195,1.45,1.00
2018.05.10 11:03:44.417,1.30192,1.30197,1.45,1.69
2018.05.10 11:03:44.736,1.30191,1.30194,1.45,2.10
2018.05.10 11:03:44.840,1.30181,1.30184,1.45,1.31
2018.05.10 11:03:44.994,1.30181,1.30186,1.76,1.25
2018.05.10 11:03:45.098,1.30184,1.3019,1.57,4.12
2018.05.10 11:03:45.202,1.30187,1.30191,1.07,1.25
2018.05.10 11:03:45.306,1.30191,1.30193,1.00,1.31
2018.05.10 11:03:45.418,1.30192,1.30198,1.10,3.37
2018.05.10 11:03:45.631,1.30192,1.30198,1.45,4.87
2018.05.10 11:03:45.989,1.30197,1.30198,1.12,1.25
2018.05.10 11:03:46.307,1.30208,1.30212,1.00,1.25
2018.05.10 11:03:46.361,1.30205,1.30212,1.56,2.81
2018.05.10 11:03:46.413,1.30205,1.30213,2.89,1.87
2018.05.10 11:03:46.466,1.30208,1.30212,1.76,1.25
2018.05.10 11:03:46.735,1.30205,1.3021,3.07,1.25
2018.05.10 11:03:46.787,1.30206,1.30213,1.45,1.69
2018.05.10 11:03:46.838,1.30204,1.30212,1.20,1.39
2018.05.10 11:03:47.044,1.30202,1.3021,3.64,2.06
2018.05.10 11:03:47.096,1.30203,1.30211,2.89,1.87
2018.05.10 11:03:47.202,1.30205,1.30211,1.10,1.75
2018.05.10 11:03:47.363,1.30202,1.30209,1.07,1.31
2018.05.10 11:03:47.877,1.30202,1.30209,1.20,1.50
2018.05.10 11:03:48.071,1.30214,1.30217,1.00,1.39
2018.05.10 11:03:48.175,1.30216,1.30223,2.14,1.31
2018.05.10 11:03:48.381,1.30215,1.30219,1.45,1.50
2018.05.10 11:03:48.433,1.30213,1.30219,1.95,2.44
2018.05.10 11:03:48.485,1.30211,1.30218,1.57,2.62
2018.05.10 11:03:48.656,1.30214,1.3022,1.12,2.70
2018.05.10 11:03:48.709,1.30214,1.30219,1.00,4.87
2018.05.10 11:03:49.073,1.30213,1.30219,1.01,4.87
2018.05.10 11:03:49.505,1.3021,1.30216,2.70,1.00
2018.05.10 11:03:49.557,1.3021,1.30217,1.31,1.00
2018.05.10 11:03:49.814,1.30208,1.30213,1.45,1.00
2018.05.10 11:03:49.866,1.30207,1.30211,1.10,1.12
2018.05.10 11:03:50.022,1.30208,1.30212,1.76,1.00
2018.05.10 11:03:50.207,1.30208,1.30212,1.10,1.31
2018.05.10 11:03:50.312,1.30206,1.30212,1.95,2.06
2018.05.10 11:03:50.676,1.30203,1.3021,1.95,1.69
2018.05.10 11:03:51.071,1.30204,1.30209,1.10,2.00
2018.05.10 11:03:51.383,1.30201,1.30208,1.20,3.19
2018.05.10 11:03:51.737,1.302,1.30208,2.70,3.75
2018.05.10 11:03:51.789,1.302,1.30207,1.95,1.01
2018.05.10 11:03:51.893,1.30202,1.30208,1.20,2.06
2018.05.10 11:03:52.205,1.30205,1.30212,1.01,1.50
2018.05.10 11:03:52.406,1.30198,1.30202,1.57,1.25
2018.05.10 11:03:52.463,1.30195,1.302,1.57,1.69
2018.05.10 11:03:52.571,1.30195,1.30199,1.00,1.31
2018.05.10 11:03:52.789,1.30192,1.30199,2.70,2.25
2018.05.10 11:03:53.184,1.30193,1.302,1.95,2.25
2018.05.10 11:03:53.815,1.30193,1.30198,1.32,1.00
2018.05.10 11:03:53.873,1.30192,1.30199,1.01,2.06
2018.05.10 11:03:53.981,1.30191,1.30197,1.57,1.12
2018.05.10 11:03:54.511,1.30191,1.30198,1.95,1.25
2018.05.10 11:03:54.923,1.30192,1.30199,3.82,1.87
2018.05.10 11:03:55.313,1.30196,1.30203,1.20,3.45
2018.05.10 11:03:55.521,1.30198,1.30204,1.31,1.95
2018.05.10 11:03:55.730,1.30198,1.30206,2.06,2.14
2018.05.10 11:03:56.049,1.30202,1.30208,1.00,3.26
2018.05.10 11:03:56.102,1.30202,1.3021,3.26,3.94
2018.05.10 11:03:56.706,1.30203,1.3021,1.95,3.00
2018.05.10 11:03:56.810,1.30202,1.3021,1.45,1.57
2018.05.10 11:03:56.863,1.30201,1.30208,2.32,2.19
2018.05.10 11:03:57.122,1.30197,1.30205,5.32,1.75
2018.05.10 11:03:57.380,1.30202,1.30206,1.00,1.57
2018.05.10 11:03:57.646,1.30202,1.30207,1.25,1.95
2018.05.10 11:03:57.903,1.30201,1.30205,1.00,1.57
2018.05.10 11:03:58.007,1.30199,1.30204,1.00,1.07
2018.05.10 11:03:58.111,1.30198,1.30202,1.00,1.95
2018.05.10 11:03:58.304,1.30195,1.30201,1.87,1.45
2018.05.10 11:03:58.822,1.30192,1.30199,1.20,1.69
2018.05.10 11:03:59.369,1.30195,1.30201,1.12,1.39
2018.05.10 11:03:59.829,1.30192,1.30199,2.14,1.50
2018.05.10 11:04:00.354,1.3019,1.30196,1.20,1.50
2018.05.10 11:04:00.463,1.30188,1.30195,2.25,3.64
2018.05.10 11:04:00.567,1.30188,1.30194,2.25,1.45
2018.05.10 11:04:00.786,1.30183,1.30191,5.62,2.14
2018.05.10 11:04:00.893,1.30184,1.30191,1.50,1.95
2018.05.10 11:04:01.254,1.30186,1.30193,2.25,1.20
2018.05.10 11:04:01.358,1.3019,1.30195,1.12,2.32
2018.05.10 11:04:01.532,1.3019,1.30197,1.12,2.14
2018.05.10 11:04:02.430,1.30191,1.30197,1.44,1.95
2018.05.10 11:04:02.485,1.30191,1.30198,1.50,1.45
2018.05.10 11:04:03.028,1.30191,1.30199,1.50,4.01
2018.05.10 11:04:03.409,1.30194,1.302,1.25,1.39
2018.05.10 11:04:03.461,1.30194,1.30201,2.06,1.07
2018.05.10 11:04:03.974,1.30197,1.30201,1.25,1.07
2018.05.10 11:04:04.196,1.30197,1.30204,2.44,1.57
2018.05.10 11:04:04.300,1.30197,1.30204,4.95,1.10
2018.05.10 11:04:04.455,1.30199,1.30205,1.00,2.70
2018.05.10 11:04:04.661,1.30204,1.30209,1.25,1.95
2018.05.10 11:04:05.040,1.30205,1.30211,1.50,1.57
2018.05.10 11:04:05.566,1.30213,1.30215,2.44,3.45
2018.05.10 11:04:05.749,1.30218,1.30221,1.00,1.12
2018.05.10 11:04:05.853,1.30217,1.30224,1.87,1.95
2018.05.10 11:04:05.957,1.30216,1.30222,1.31,1.10
2018.05.10 11:04:06.009,1.30212,1.30219,2.70,1.00
2018.05.10 11:04:06.063,1.30212,1.3022,1.12,3.82
2018.05.10 11:04:06.462,1.30211,1.30217,1.00,3.07
2018.05.10 11:04:06.570,1.30212,1.30218,2.25,1.76
2018.05.10 11:04:06.623,1.30212,1.30219,6.56,1.70
2018.05.10 11:04:06.679,1.30215,1.3022,1.00,2.51
2018.05.10 11:04:06.784,1.30217,1.30221,1.00,1.47
2018.05.10 11:04:07.065,1.30217,1.30224,1.25,1.76
2018.05.10 11:04:07.222,1.30219,1.30224,1.00,1.57
2018.05.10 11:04:07.932,1.30219,1.30224,1.00,1.57
2018.05.10 11:04:08.336,1.30218,1.30222,1.12,1.20
2018.05.10 11:04:08.543,1.30218,1.30224,1.31,4.01
2018.05.10 11:04:09.120,1.30218,1.30223,1.00,1.76
2018.05.10 11:04:09.798,1.30218,1.30223,1.38,1.57
2018.05.10 11:04:10.266,1.30215,1.30222,2.00,2.32
2018.05.10 11:04:10.318,1.30215,1.3022,2.00,1.45
2018.05.10 11:04:10.541,1.30217,1.30221,1.12,1.95
2018.05.10 11:04:11.121,1.30214,1.30221,2.06,2.51
2018.05.10 11:04:11.276,1.30216,1.30221,1.00,1.45
2018.05.10 11:04:11.432,1.30216,1.30224,2.25,4.76
2018.05.10 11:04:11.969,1.30216,1.30224,2.44,3.26
2018.05.10 11:04:12.021,1.30216,1.30224,2.06,3.26
2018.05.10 11:04:12.383,1.30217,1.30224,2.06,1.76
2018.05.10 11:04:12.710,1.30222,1.30228,1.86,1.20
2018.05.10 11:04:12.917,1.3022,1.30226,1.67,1.12
2018.05.10 11:04:13.286,1.30218,1.30226,2.19,1.76
2018.05.10 11:04:13.915,1.30218,1.30225,2.19,1.25
2018.05.10 11:04:14.072,1.30218,1.30225,1.31,1.69
2018.05.10 11:04:14.329,1.30218,1.30226,2.25,3.45
2018.05.10 11:04:14.433,1.30218,1.30226,2.44,2.70
2018.05.10 11:04:14.735,1.30218,1.30226,2.62,2.70
2018.05.10 11:04:14.942,1.30219,1.30226,3.45,1.76
2018.05.10 11:04:15.457,1.30221,1.30227,2.81,1.10
2018.05.10 11:04:16.001,1.30222,1.30227,1.00,1.76
2018.05.10 11:04:16.207,1.30225,1.30229,1.00,2.70
2018.05.10 11:04:16.362,1.30222,1.30228,1.12,1.10
2018.05.10 11:04:16.414,1.30221,1.30229,3.37,4.95
2018.05.10 11:04:16.621,1.30216,1.30222,1.50,2.32
2018.05.10 11:04:16.811,1.30216,1.30222,1.87,4.24
2018.05.10 11:04:17.229,1.30214,1.30219,1.25,1.07
2018.05.10 11:04:17.467,1.30217,1.30222,1.50,1.70
2018.05.10 11:04:18.084,1.30217,1.30221,1.00,1.70
2018.05.10 11:04:18.253,1.30218,1.30222,14.29,1.25
2018.05.10 11:04:18.305,1.30236,1.30238,1.12,1.25
2018.05.10 11:04:18.358,1.30233,1.30241,1.95,3.07
2018.05.10 11:04:18.410,1.30232,1.3024,1.76,1.07
2018.05.10 11:04:18.720,1.30236,1.30243,2.81,1.45
2018.05.10 11:04:19.032,1.30239,1.30241,1.00,1.25
2018.05.10 11:04:19.292,1.30237,1.30241,1.01,1.00
2018.05.10 11:04:19.569,1.30234,1.30239,1.57,1.12
2018.05.10 11:04:19.937,1.30231,1.30233,1.20,1.31
2018.05.10 11:04:19.991,1.30227,1.30231,1.57,1.25
2018.05.10 11:04:20.098,1.30227,1.30228,1.00,1.00
2018.05.10 11:04:20.150,1.30225,1.30228,2.25,1.50
2018.05.10 11:04:20.693,1.30224,1.30227,1.87,1.25
2018.05.10 11:04:21.222,1.30224,1.30228,1.00,1.31
2018.05.10 11:04:21.752,1.30224,1.30227,1.00,1.25
2018.05.10 11:04:22.283,1.30225,1.30228,1.76,1.25
2018.05.10 11:04:22.641,1.30226,1.3023,1.76,2.44
2018.05.10 11:04:22.894,1.30225,1.30228,2.70,1.00
2018.05.10 11:04:23.053,1.30225,1.3023,2.70,2.44
2018.05.10 11:04:23.158,1.30225,1.30227,1.10,1.25
2018.05.10 11:04:23.387,1.30221,1.30226,1.95,1.25
2018.05.10 11:04:23.750,1.30224,1.30227,1.00,3.00
2018.05.10 11:04:24.084,1.30227,1.30229,1.00,1.00
2018.05.10 11:04:24.189,1.30225,1.30229,1.10,1.00
2018.05.10 11:04:24.494,1.30227,1.30229,1.00,1.00
2018.05.10 11:04:25.041,1.30228,1.3023,1.00,1.12
2018.05.10 11:04:25.129,1.30229,1.30232,1.50,1.00
2018.05.10 11:04:25.635,1.30229,1.30233,1.25,1.50
2018.05.10 11:04:25.687,1.30225,1.30231,2.32,1.31
2018.05.10 11:04:25.740,1.30225,1.30229,2.32,1.00
2018.05.10 11:04:25.792,1.30225,1.30231,1.95,4.69
2018.05.10 11:04:25.896,1.30224,1.30228,1.57,1.00
2018.05.10 11:04:26.261,1.30222,1.30227,1.12,1.25
2018.05.10 11:04:26.462,1.30215,1.3022,1.20,1.50
2018.05.10 11:04:26.565,1.30214,1.30219,1.00,1.12
2018.05.10 11:04:26.874,1.30216,1.30219,1.12,1.25
2018.05.10 11:04:26.979,1.3021,1.30217,2.32,2.17
2018.05.10 11:04:27.089,1.30208,1.30214,1.12,2.06
2018.05.10 11:04:27.406,1.3021,1.30216,1.10,3.19
2018.05.10 11:04:27.715,1.30212,1.30217,1.00,1.75
2018.05.10 11:04:28.030,1.30212,1.30218,1.10,3.00
2018.05.10 11:04:28.083,1.30214,1.30217,1.00,1.12
2018.05.10 11:04:28.189,1.30214,1.30219,1.20,1.00
2018.05.10 11:04:28.706,1.30214,1.30221,1.95,2.25
2018.05.10 11:04:29.242,1.30213,1.30219,1.95,1.00
2018.05.10 11:04:29.798,1.30212,1.30218,1.95,1.50
2018.05.10 11:04:29.954,1.30211,1.30217,1.57,2.62
2018.05.10 11:04:30.480,1.3021,1.30216,1.50,1.00
2018.05.10 11:04:31.005,1.3021,1.30217,1.57,1.31
2018.05.10 11:04:31.057,1.30211,1.30218,1.00,3.94
2018.05.10 11:04:31.609,1.30213,1.30217,1.00,1.10
2018.05.10 11:04:32.078,1.30213,1.30219,2.25,1.10
2018.05.10 11:04:32.131,1.30213,1.3022,2.25,3.07
2018.05.10 11:04:32.440,1.30214,1.30219,1.00,1.12
2018.05.10 11:04:32.815,1.30217,1.30222,1.00,1.57
2018.05.10 11:04:32.957,1.30218,1.30222,1.00,1.57
2018.05.10 11:04:33.537,1.30219,1.30226,1.00,3.45
2018.05.10 11:04:33.590,1.30219,1.30225,1.00,1.45
2018.05.10 11:04:34.001,1.3022,1.30226,1.10,1.87
2018.05.10 11:04:34.495,1.30219,1.30224,1.10,1.25
2018.05.10 11:04:34.843,1.30218,1.30223,1.00,1.47
2018.05.10 11:04:37.655,1.30219,1.30224,1.11,1.10
2018.05.10 11:04:37.758,1.30221,1.30228,1.50,3.45
2018.05.10 11:04:37.963,1.30224,1.3023,1.00,1.57
2018.05.10 11:04:38.068,1.3022,1.30225,1.00,1.00
2018.05.10 11:04:39.100,1.30219,1.30225,1.12,1.39
2018.05.10 11:04:39.405,1.30212,1.30215,1.57,1.00
2018.05.10 11:04:39.764,1.30212,1.30216,1.95,1.50
2018.05.10 11:04:40.311,1.30214,1.30215,1.10,1.00
2018.05.10 11:04:40.414,1.30211,1.30216,1.45,2.25
2018.05.10 11:04:40.940,1.30214,1.30217,1.20,1.12
2018.05.10 11:04:41.452,1.30215,1.30217,1.25,1.12
2018.05.10 11:04:42.000,1.30215,1.30218,1.00,2.62
2018.05.10 11:04:42.502,1.30215,1.30217,1.00,1.00
2018.05.10 11:04:42.606,1.30213,1.30217,1.20,1.00
2018.05.10 11:04:42.711,1.30215,1.30218,1.50,1.31
2018.05.10 11:04:43.128,1.30213,1.30216,1.00,1.00
2018.05.10 11:04:43.481,1.30208,1.30211,1.12,1.20
2018.05.10 11:04:43.638,1.30206,1.3021,1.12,1.39
2018.05.10 11:04:43.792,1.30208,1.30212,1.00,1.57
2018.05.10 11:04:43.991,1.30206,1.30212,2.25,1.57
2018.05.10 11:04:44.047,1.30206,1.30209,1.50,1.50
2018.05.10 11:04:44.370,1.30208,1.3021,1.00,1.00
2018.05.10 11:04:44.676,1.30206,1.30208,1.00,1.00
2018.05.10 11:04:45.122,1.30204,1.30205,1.10,1.25
2018.05.10 11:04:45.174,1.30201,1.30204,1.20,1.25
2018.05.10 11:04:45.848,1.30202,1.30206,1.00,2.06
2018.05.10 11:04:46.237,1.302,1.30205,1.50,1.25
2018.05.10 11:04:46.392,1.30202,1.30205,1.00,1.69
2018.05.10 11:04:46.602,1.30201,1.30207,1.57,2.25
2018.05.10 11:04:46.888,1.30203,1.30205,1.00,1.25
2018.05.10 11:04:46.992,1.30204,1.30208,1.00,1.31
2018.05.10 11:04:47.148,1.30203,1.30205,1.00,1.25
2018.05.10 11:04:47.302,1.302,1.30203,1.00,3.19
2018.05.10 11:04:47.390,1.30199,1.30201,1.00,1.25
2018.05.10 11:04:47.546,1.30199,1.30203,1.00,1.25
2018.05.10 11:04:47.857,1.30202,1.30206,1.00,1.00
2018.05.10 11:04:47.964,1.30202,1.30208,1.10,1.69
2018.05.10 11:04:48.485,1.30205,1.30209,1.00,1.25
2018.05.10 11:04:48.590,1.30205,1.30211,1.13,3.56
2018.05.10 11:04:48.904,1.30207,1.30212,1.00,1.25
2018.05.10 11:04:49.367,1.30203,1.3021,2.14,1.00
2018.05.10 11:04:49.703,1.30203,1.30208,1.20,1.31
2018.05.10 11:04:50.283,1.30202,1.30208,2.51,1.31
2018.05.10 11:04:50.794,1.302,1.30208,3.64,1.31
2018.05.10 11:04:51.309,1.30202,1.30208,1.33,2.06
2018.05.10 11:04:51.832,1.30201,1.30207,2.32,1.00
2018.05.10 11:04:52.278,1.302,1.30207,1.20,1.20
2018.05.10 11:04:52.929,1.30201,1.30207,1.00,2.14
2018.05.10 11:04:54.122,1.30201,1.30206,1.00,1.25
2018.05.10 11:04:55.108,1.30201,1.30207,1.20,1.87
2018.05.10 11:04:55.160,1.30202,1.30208,1.57,1.25
2018.05.10 11:04:55.672,1.30203,1.30209,1.76,1.12
2018.05.10 11:04:55.950,1.30203,1.3021,1.57,2.25
2018.05.10 11:04:56.468,1.30205,1.30211,1.20,1.37
2018.05.10 11:04:57.395,1.30204,1.3021,1.87,1.57
2018.05.10 11:04:57.927,1.30204,1.30209,1.50,1.20
2018.05.10 11:04:58.922,1.30204,1.3021,1.00,2.32
2018.05.10 11:04:59.229,1.30204,1.30208,1.00,1.00
2018.05.10 11:04:59.778,1.30205,1.30208,1.00,1.00
2018.05.10 11:04:59.830,1.30203,1.30208,1.00,1.00
2018.05.10 11:05:00.136,1.30202,1.30207,1.12,1.20
2018.05.10 11:05:00.585,1.302,1.30206,1.50,1.57
2018.05.10 11:05:01.439,1.302,1.30205,1.87,1.57
2018.05.10 11:05:01.902,1.30198,1.30203,1.12,1.20
2018.05.10 11:05:02.010,1.30196,1.30202,1.00,1.10
2018.05.10 11:05:02.169,1.30197,1.30201,1.00,1.20
2018.05.10 11:05:02.221,1.30196,1.30202,1.25,1.57
2018.05.10 11:05:02.480,1.30197,1.30202,1.87,1.57
2018.05.10 11:05:02.812,1.30204,1.30209,2.25,1.20
2018.05.10 11:05:02.966,1.30206,1.30211,1.44,1.57
2018.05.10 11:05:03.121,1.30207,1.30213,1.12,1.20
2018.05.10 11:05:03.225,1.30208,1.30214,1.44,1.57
2018.05.10 11:05:03.776,1.30208,1.30214,1.25,1.57
2018.05.10 11:05:04.358,1.30207,1.30213,1.50,5.18
2018.05.10 11:05:04.675,1.30196,1.302,1.00,1.95
2018.05.10 11:05:04.728,1.30194,1.302,1.12,1.95
2018.05.10 11:05:04.885,1.30194,1.30198,1.00,1.45
2018.05.10 11:05:05.359,1.30196,1.30201,1.00,2.17
2018.05.10 11:05:05.414,1.30195,1.30201,1.50,1.75
2018.05.10 11:05:05.563,1.30197,1.30203,2.44,1.45
2018.05.10 11:05:05.617,1.30199,1.30205,1.19,1.95
2018.05.10 11:05:05.879,1.302,1.30206,2.25,1.45
2018.05.10 11:05:06.390,1.30203,1.30208,1.00,1.20
2018.05.10 11:05:06.697,1.30205,1.30209,1.00,1.01
2018.05.10 11:05:06.849,1.30205,1.30209,1.00,1.01
2018.05.10 11:05:07.132,1.30205,1.3021,1.00,3.07
2018.05.10 11:05:07.285,1.30205,1.3021,1.00,3.97
2018.05.10 11:05:08.013,1.30205,1.3021,1.00,2.89
2018.05.10 11:05:08.117,1.30203,1.30208,1.10,1.12
2018.05.10 11:05:08.168,1.30201,1.30208,1.57,1.20
2018.05.10 11:05:08.220,1.30205,1.30206,1.25,1.00
2018.05.10 11:05:08.326,1.30202,1.30205,1.25,1.00
2018.05.10 11:05:08.379,1.302,1.30205,1.69,1.87
2018.05.10 11:05:08.435,1.30203,1.30206,1.00,1.87
2018.05.10 11:05:08.488,1.30202,1.30206,1.50,1.95
2018.05.10 11:05:08.733,1.302,1.30205,1.50,1.00
2018.05.10 11:05:08.988,1.30202,1.30206,1.00,1.57
2018.05.10 11:05:09.347,1.30203,1.30207,1.50,1.95
2018.05.10 11:05:09.618,1.30205,1.30207,1.25,1.00
2018.05.10 11:05:10.028,1.30202,1.30206,2.14,1.87
2018.05.10 11:05:10.079,1.30201,1.30205,2.44,1.69
2018.05.10 11:05:10.303,1.30199,1.30204,1.69,1.10
2018.05.10 11:05:10.406,1.30199,1.30203,1.00,2.74
2018.05.10 11:05:10.458,1.30197,1.30203,1.00,2.74
2018.05.10 11:05:10.510,1.30197,1.302,1.00,1.20
2018.05.10 11:05:10.924,1.30195,1.302,1.00,1.95
2018.05.10 11:05:11.056,1.30194,1.30199,1.00,1.57
2018.05.10 11:05:11.367,1.30197,1.30202,1.00,3.64
2018.05.10 11:05:11.575,1.30195,1.30201,1.31,3.11
2018.05.10 11:05:11.863,1.30192,1.30197,1.12,1.01
2018.05.10 11:05:11.915,1.30193,1.30197,1.00,2.14
2018.05.10 11:05:12.071,1.30191,1.30194,1.00,1.10
2018.05.10 11:05:12.226,1.30189,1.30195,1.00,1.95
2018.05.10 11:05:12.341,1.30186,1.30192,1.39,1.00
2018.05.10 11:05:12.890,1.30187,1.30192,1.00,1.50
2018.05.10 11:05:13.051,1.30188,1.30196,1.25,3.45
2018.05.10 11:05:13.574,1.30188,1.30196,1.58,2.51
2018.05.10 11:05:13.934,1.30191,1.30196,1.00,1.57
2018.05.10 11:05:14.741,1.3019,1.30195,1.00,1.39
2018.05.10 11:05:15.054,1.30188,1.30192,1.00,1.31
2018.05.10 11:05:15.107,1.30186,1.30192,1.00,3.00
2018.05.10 11:05:15.274,1.30185,1.3019,1.00,2.06
2018.05.10 11:05:15.585,1.30187,1.30191,1.00,1.50
2018.05.10 11:05:15.637,1.30185,1.3019,1.12,1.00
2018.05.10 11:05:15.690,1.30183,1.30189,1.10,1.12
2018.05.10 11:05:15.847,1.30181,1.30187,1.58,1.37
2018.05.10 11:05:15.950,1.30179,1.30187,2.51,1.57
2018.05.10 11:05:16.158,1.30181,1.30187,1.69,1.00
2018.05.10 11:05:16.525,1.30185,1.30189,1.00,2.70
2018.05.10 11:05:16.890,1.30186,1.30191,1.25,1.95
2018.05.10 11:05:17.337,1.30189,1.30191,1.25,1.12
2018.05.10 11:05:17.389,1.30187,1.30194,1.12,2.14
2018.05.10 11:05:17.669,1.30189,1.30195,1.00,2.70
2018.05.10 11:05:17.722,1.30189,1.30197,4.01,1.10
2018.05.10 11:05:18.187,1.3019,1.30193,1.10,1.00
2018.05.10 11:05:18.463,1.30184,1.30189,1.20,1.00
2018.05.10 11:05:18.566,1.30185,1.30191,1.20,2.62
2018.05.10 11:05:18.671,1.30188,1.30193,1.00,1.00
2018.05.10 11:05:19.070,1.3019,1.30196,1.12,1.57
2018.05.10 11:05:19.229,1.30191,1.30198,1.69,1.50
2018.05.10 11:05:19.387,1.30195,1.30201,1.00,1.12
2018.05.10 11:05:19.440,1.302,1.30204,1.00,1.57
2018.05.10 11:05:19.610,1.30199,1.30205,1.31,1.50
2018.05.10 11:05:19.842,1.30201,1.30207,1.25,1.00
2018.05.10 11:05:20.048,1.30202,1.30208,1.63,2.25
2018.05.10 11:05:20.399,1.30199,1.30205,3.64,1.00
2018.05.10 11:05:20.770,1.30201,1.30207,1.63,2.70
2018.05.10 11:05:21.234,1.30201,1.30206,2.25,1.00
2018.05.10 11:05:21.748,1.302,1.30206,2.33,1.50
2018.05.10 11:05:22.393,1.302,1.30206,2.89,1.87
2018.05.10 11:05:22.955,1.30203,1.3021,2.44,3.26
2018.05.10 11:05:23.060,1.30203,1.30208,2.70,1.50
2018.05.10 11:05:23.165,1.30205,1.30212,1.39,2.70
2018.05.10 11:05:23.269,1.30205,1.30212,5.51,2.70
2018.05.10 11:05:23.525,1.30209,1.30216,2.81,1.32
2018.05.10 11:05:23.732,1.30211,1.30217,1.88,1.95
2018.05.10 11:05:23.889,1.30213,1.30219,1.25,3.45
2018.05.10 11:05:24.338,1.30215,1.30221,1.07,1.50
2018.05.10 11:05:24.892,1.30215,1.30221,2.89,1.50
2018.05.10 11:05:25.243,1.30217,1.30223,1.01,1.69
2018.05.10 11:05:25.632,1.30214,1.30219,1.58,1.00
2018.05.10 11:05:25.790,1.30215,1.30221,1.01,1.00
2018.05.10 11:05:26.050,1.30214,1.30219,1.76,1.00
2018.05.10 11:05:26.103,1.30213,1.30219,1.45,2.85
2018.05.10 11:05:26.388,1.30212,1.30217,1.12,1.00
2018.05.10 11:05:26.805,1.30212,1.30215,1.00,1.00
2018.05.10 11:05:26.978,1.30212,1.30218,1.00,5.47
2018.05.10 11:05:27.284,1.30214,1.30219,1.00,1.12
2018.05.10 11:05:28.387,1.30215,1.3022,1.00,1.42
2018.05.10 11:05:28.944,1.30217,1.30221,1.00,1.12
2018.05.10 11:05:29.501,1.30217,1.30222,1.12,1.00
2018.05.10 11:05:29.862,1.30219,1.30224,1.00,1.39
2018.05.10 11:05:29.924,1.30219,1.30225,1.00,1.39
2018.05.10 11:05:29.976,1.30221,1.30225,1.00,1.20
2018.05.10 11:05:30.209,1.30224,1.30229,1.00,1.00
2018.05.10 11:05:30.414,1.30226,1.3023,1.00,1.20
2018.05.10 11:05:30.569,1.30226,1.30233,1.00,2.89
2018.05.10 11:05:31.096,1.30226,1.30231,1.00,1.00
2018.05.10 11:05:31.353,1.30224,1.30231,1.10,1.10
2018.05.10 11:05:31.616,1.30226,1.30232,1.00,1.10
2018.05.10 11:05:32.127,1.30227,1.30232,1.10,1.00
2018.05.10 11:05:32.382,1.30227,1.30234,1.10,1.57
2018.05.10 11:05:32.604,1.30229,1.30234,1.00,1.50
2018.05.10 11:05:33.380,1.30227,1.30232,1.20,1.00
2018.05.10 11:05:33.856,1.30225,1.3023,1.10,1.00
2018.05.10 11:05:34.317,1.30222,1.30227,1.20,1.00
2018.05.10 11:05:34.473,1.30219,1.30226,1.76,3.07
2018.05.10 11:05:34.531,1.3022,1.30223,1.00,1.00
2018.05.10 11:05:34.587,1.3022,1.30225,1.00,1.87
2018.05.10 11:05:34.691,1.30219,1.30223,1.01,1.00
2018.05.10 11:05:35.227,1.30218,1.30223,1.10,1.00
2018.05.10 11:05:35.785,1.30217,1.30222,1.95,1.00
2018.05.10 11:05:35.940,1.30219,1.30224,1.00,1.12
2018.05.10 11:05:35.993,1.30217,1.30222,1.70,1.12
2018.05.10 11:05:36.100,1.30216,1.3022,1.00,1.00
2018.05.10 11:05:36.260,1.30217,1.30222,1.00,1.87
2018.05.10 11:05:36.737,1.30219,1.30222,1.00,1.00
2018.05.10 11:05:36.992,1.3022,1.30227,1.57,1.57
2018.05.10 11:05:37.090,1.30221,1.30227,1.50,1.57
2018.05.10 11:05:37.143,1.30223,1.3023,1.44,2.89
2018.05.10 11:05:37.248,1.30222,1.30229,2.32,1.20
2018.05.10 11:05:37.456,1.30224,1.30229,1.00,1.12
2018.05.10 11:05:38.231,1.30223,1.3023,1.57,1.76
2018.05.10 11:05:38.632,1.30221,1.30224,1.00,1.10
2018.05.10 11:05:38.685,1.30215,1.3022,1.20,1.50
2018.05.10 11:05:38.739,1.30213,1.3022,1.20,4.12
2018.05.10 11:05:39.257,1.30213,1.3022,1.88,3.64
2018.05.10 11:05:39.927,1.30215,1.3022,1.00,3.45
2018.05.10 11:05:39.980,1.30216,1.30221,1.00,1.95
2018.05.10 11:05:40.033,1.30218,1.30222,1.00,2.89
2018.05.10 11:05:40.568,1.3022,1.30223,1.00,2.25
2018.05.10 11:05:40.620,1.3022,1.30224,1.00,1.00
2018.05.10 11:05:40.671,1.3022,1.30226,1.00,1.57
2018.05.10 11:05:41.182,1.3022,1.30227,1.95,1.00
2018.05.10 11:05:41.631,1.3022,1.30226,1.00,1.57
2018.05.10 11:05:41.946,1.30218,1.30224,1.00,3.82
2018.05.10 11:05:42.490,1.30217,1.30224,1.50,1.87
2018.05.10 11:05:42.803,1.30219,1.30224,1.00,1.12
2018.05.10 11:05:43.099,1.3022,1.30226,1.25,1.20
2018.05.10 11:05:43.820,1.30222,1.30227,1.00,1.50
2018.05.10 11:05:44.150,1.30224,1.30228,1.00,3.07
2018.05.10 11:05:44.252,1.30225,1.30229,1.00,1.95
2018.05.10 11:05:44.355,1.30228,1.3023,1.00,1.10
2018.05.10 11:05:44.458,1.30227,1.30233,2.51,1.00
2018.05.10 11:05:44.984,1.30227,1.30232,1.12,1.00
2018.05.10 11:05:45.499,1.30227,1.30232,1.00,1.50
2018.05.10 11:05:45.712,1.30225,1.30232,1.10,2.89
2018.05.10 11:05:46.342,1.30226,1.30231,1.00,1.12
2018.05.10 11:05:46.872,1.30225,1.30231,1.39,1.12
2018.05.10 11:05:48.114,1.30226,1.30232,1.00,1.57
2018.05.10 11:05:48.660,1.30225,1.30231,1.57,1.12
2018.05.10 11:05:49.227,1.30225,1.30231,2.14,1.12
2018.05.10 11:05:50.266,1.30225,1.3023,1.12,1.00
2018.05.10 11:05:50.372,1.30222,1.30229,3.83,1.00
2018.05.10 11:05:50.477,1.30222,1.30227,1.50,1.00
2018.05.10 11:05:51.189,1.30222,1.30228,1.00,1.76
2018.05.10 11:05:51.537,1.30224,1.30229,1.00,3.00
2018.05.10 11:05:51.792,1.30224,1.30229,1.00,1.50
2018.05.10 11:05:52.310,1.30223,1.30229,1.10,1.50
2018.05.10 11:05:52.628,1.30225,1.3023,1.00,1.22
2018.05.10 11:05:52.937,1.30226,1.30232,1.44,1.00
2018.05.10 11:05:53.451,1.30227,1.30233,1.01,1.00
2018.05.10 11:05:53.961,1.30226,1.30233,1.20,1.12
2018.05.10 11:05:54.739,1.30227,1.30233,1.29,1.12
2018.05.10 11:05:55.346,1.30228,1.30233,1.20,1.12
2018.05.10 11:05:55.738,1.30229,1.30235,1.00,1.00
2018.05.10 11:05:55.841,1.30231,1.30236,1.00,1.12
2018.05.10 11:05:57.020,1.30229,1.30236,5.14,1.00
2018.05.10 11:05:57.720,1.30229,1.30236,3.26,1.00
2018.05.10 11:05:57.874,1.30232,1.30237,1.00,1.95
2018.05.10 11:05:58.254,1.3023,1.30237,2.89,1.50
2018.05.10 11:05:59.023,1.3023,1.30237,2.32,1.69
2018.05.10 11:05:59.573,1.3023,1.30237,1.95,2.06
2018.05.10 11:06:00.343,1.3023,1.30237,1.95,1.12
2018.05.10 11:06:00.395,1.30232,1.30238,1.00,2.81
2018.05.10 11:06:00.705,1.30237,1.30242,1.00,1.10
2018.05.10 11:06:01.046,1.30234,1.30239,1.00,1.25
2018.05.10 11:06:01.633,1.30233,1.30239,1.69,1.76
2018.05.10 11:06:02.149,1.30234,1.30239,1.00,1.76
2018.05.10 11:06:02.698,1.30237,1.30241,1.50,1.25
2018.05.10 11:06:03.013,1.30247,1.30252,1.00,3.45
2018.05.10 11:06:03.065,1.30246,1.30252,1.25,2.51
2018.05.10 11:06:03.255,1.30245,1.30248,1.00,1.00
2018.05.10 11:06:03.308,1.3024,1.30248,4.20,1.57
2018.05.10 11:06:03.412,1.30246,1.30251,1.00,1.76
2018.05.10 11:06:03.876,1.30244,1.30251,1.57,1.80
2018.05.10 11:06:03.928,1.30241,1.30248,1.95,1.31
2018.05.10 11:06:03.981,1.30238,1.30244,1.39,1.00
2018.05.10 11:06:04.116,1.30241,1.30246,1.00,2.06
2018.05.10 11:06:04.428,1.30257,1.3026,1.00,1.25
2018.05.10 11:06:04.583,1.30257,1.30262,1.00,3.07
2018.05.10 11:06:04.687,1.30256,1.30261,1.00,2.32
2018.05.10 11:06:04.816,1.30252,1.30258,1.07,1.00
2018.05.10 11:06:05.338,1.30252,1.30257,1.12,1.87
2018.05.10 11:06:05.596,1.30249,1.30253,1.10,1.00
2018.05.10 11:06:05.740,1.30247,1.30252,1.00,1.87
2018.05.10 11:06:06.913,1.30248,1.30252,1.00,1.00
2018.05.10 11:06:07.436,1.30252,1.30257,1.00,1.39
2018.05.10 11:06:07.544,1.30255,1.30257,1.00,1.00
2018.05.10 11:06:07.690,1.30255,1.30259,1.00,1.25
2018.05.10 11:06:08.006,1.30252,1.30259,1.95,1.25
2018.05.10 11:06:08.059,1.30251,1.30256,2.14,1.25
2018.05.10 11:06:08.164,1.30251,1.30256,1.10,1.63
2018.05.10 11:06:08.708,1.30249,1.30254,1.69,1.00
2018.05.10 11:06:08.916,1.30248,1.30253,1.31,1.00
2018.05.10 11:06:09.486,1.30249,1.30254,1.12,1.00
2018.05.10 11:06:10.000,1.30248,1.30255,1.39,1.13
2018.05.10 11:06:10.053,1.30251,1.30256,1.00,2.51
2018.05.10 11:06:10.363,1.30253,1.30257,1.00,1.20
2018.05.10 11:06:10.827,1.30251,1.30256,1.00,1.57
2018.05.10 11:06:10.984,1.30249,1.30255,1.00,1.57
2018.05.10 11:06:11.561,1.30248,1.30254,1.12,1.01
2018.05.10 11:06:11.769,1.30253,1.30256,1.00,1.45
2018.05.10 11:06:11.822,1.30254,1.30257,1.00,1.10
2018.05.10 11:06:12.371,1.30253,1.30258,1.00,1.31
2018.05.10 11:06:12.529,1.3025,1.30256,1.32,1.13
2018.05.10 11:06:12.685,1.30249,1.30256,1.20,2.33
2018.05.10 11:06:13.505,1.30248,1.30255,1.10,1.20
2018.05.10 11:06:13.662,1.30247,1.30251,1.31,1.00
2018.05.10 11:06:13.714,1.30244,1.3025,1.76,1.00
2018.05.10 11:06:13.766,1.30241,1.30247,2.51,1.00
2018.05.10 11:06:13.870,1.30238,1.30245,1.20,1.87
2018.05.10 11:06:13.994,1.30237,1.30242,1.39,1.00
2018.05.10 11:06:14.566,1.30237,1.30242,1.01,1.00
2018.05.10 11:06:14.897,1.30239,1.30245,1.62,1.10
2018.05.10 11:06:15.517,1.30238,1.30246,1.66,3.07
2018.05.10 11:06:15.930,1.30237,1.30243,2.89,1.00
2018.05.10 11:06:16.460,1.30236,1.30242,1.62,1.10
2018.05.10 11:06:16.785,1.30228,1.30232,1.00,1.00
2018.05.10 11:06:17.106,1.30228,1.30235,3.37,1.10
2018.05.10 11:06:17.158,1.30231,1.30237,3.19,1.45
2018.05.10 11:06:17.210,1.30231,1.30237,3.19,1.10
2018.05.10 11:06:17.365,1.30232,1.30237,1.19,1.00
2018.05.10 11:06:17.842,1.3023,1.30235,1.50,1.00
2018.05.10 11:06:18.103,1.30228,1.30233,1.25,1.12
2018.05.10 11:06:18.414,1.30229,1.30234,1.44,1.95
2018.05.10 11:06:18.895,1.30229,1.30235,2.06,1.10
2018.05.10 11:06:19.836,1.30231,1.30237,2.06,2.32
2018.05.10 11:06:19.972,1.30234,1.3024,1.00,2.32
2018.05.10 11:06:20.024,1.30238,1.3024,1.50,1.00
2018.05.10 11:06:20.128,1.3024,1.30245,1.00,1.01
2018.05.10 11:06:20.764,1.3024,1.30246,1.01,1.87
2018.05.10 11:06:21.021,1.30242,1.30246,1.00,1.12
2018.05.10 11:06:21.327,1.30244,1.30247,1.00,1.00
2018.05.10 11:06:21.891,1.30243,1.30247,1.00,1.00
2018.05.10 11:06:22.201,1.30244,1.30249,2.81,1.50
2018.05.10 11:06:22.510,1.30246,1.30251,1.31,3.37
2018.05.10 11:06:22.928,1.30245,1.30251,1.87,2.70
2018.05.10 11:06:23.084,1.30245,1.30249,1.00,1.00
2018.05.10 11:06:23.646,1.30245,1.30248,1.00,1.00
2018.05.10 11:06:24.167,1.30246,1.30248,1.00,1.00
2018.05.10 11:06:24.372,1.30244,1.30249,1.95,1.50
2018.05.10 11:06:24.551,1.30244,1.30247,1.20,1.00
2018.05.10 11:06:24.919,1.30241,1.30246,1.20,1.50
2018.05.10 11:06:25.024,1.30239,1.30244,1.76,1.00
2018.05.10 11:06:25.698,1.30239,1.30243,2.00,1.00
2018.05.10 11:06:25.956,1.3024,1.30245,1.50,1.50
2018.05.10 11:06:26.499,1.30238,1.30244,1.94,1.00
2018.05.10 11:06:26.952,1.30236,1.3024,1.76,1.00
2018.05.10 11:06:27.283,1.30229,1.30236,1.76,3.07
2018.05.10 11:06:27.335,1.30229,1.30235,1.00,1.39
2018.05.10 11:06:27.544,1.30227,1.30233,1.31,1.25
2018.05.10 11:06:27.906,1.3023,1.30233,1.00,1.10
2018.05.10 11:06:28.443,1.30228,1.30235,2.06,2.89
2018.05.10 11:06:28.652,1.3023,1.30235,1.25,1.57
2018.05.10 11:06:29.164,1.30231,1.30235,1.13,1.00
2018.05.10 11:06:29.697,1.30231,1.30236,1.44,2.14
2018.05.10 11:06:30.168,1.3023,1.30236,1.88,2.14
2018.05.10 11:06:30.825,1.30231,1.30236,1.25,2.51
2018.05.10 11:06:31.353,1.30229,1.30234,2.51,1.00
2018.05.10 11:06:31.652,1.30231,1.30236,1.25,1.95
2018.05.10 11:06:32.124,1.30231,1.30236,1.81,1.00
2018.05.10 11:06:32.881,1.30231,1.30237,2.70,1.12
2018.05.10 11:06:33.399,1.30232,1.30238,1.50,2.32
2018.05.10 11:06:33.969,1.30232,1.30238,1.69,2.32
2018.05.10 11:06:34.400,1.30232,1.30238,1.95,1.00
2018.05.10 11:06:34.911,1.30232,1.30238,1.57,1.00
2018.05.10 11:06:35.429,1.30232,1.30238,1.39,1.50
2018.05.10 11:06:35.738,1.30231,1.30236,1.76,1.00
2018.05.10 11:06:36.250,1.3023,1.30237,2.70,1.01
2018.05.10 11:06:36.843,1.30231,1.30236,1.25,1.00
2018.05.10 11:06:37.350,1.30231,1.30237,1.44,1.00
2018.05.10 11:06:37.891,1.30231,1.30237,2.51,1.00
2018.05.10 11:06:38.411,1.30231,1.30237,2.51,1.00
2018.05.10 11:06:38.743,1.30226,1.30231,1.57,1.00
2018.05.10 11:06:38.899,1.30224,1.30231,4.57,1.00
2018.05.10 11:06:39.196,1.30225,1.30231,2.14,1.00
2018.05.10 11:06:39.654,1.30225,1.30231,1.01,1.00
2018.05.10 11:06:39.808,1.30225,1.30231,1.76,1.00
2018.05.10 11:06:40.339,1.30225,1.30231,1.39,1.00
2018.05.10 11:06:40.907,1.30226,1.30231,2.06,1.00
2018.05.10 11:06:41.450,1.30226,1.30232,1.69,1.00
2018.05.10 11:06:42.182,1.30229,1.30231,1.00,1.00
2018.05.10 11:06:42.516,1.30227,1.3023,1.25,1.00
2018.05.10 11:06:43.045,1.30226,1.30231,5.62,1.00
2018.05.10 11:06:43.957,1.30226,1.30231,6.64,1.00
2018.05.10 11:06:45.812,1.30227,1.30231,3.19,1.00
2018.05.10 11:06:46.042,1.30227,1.30233,4.13,1.00
2018.05.10 11:06:46.094,1.30227,1.30233,3.37,1.00
2018.05.10 11:06:46.353,1.30227,1.30233,2.62,1.50
2018.05.10 11:06:47.295,1.30227,1.30233,2.44,1.57
2018.05.10 11:06:47.347,1.30227,1.30233,1.25,1.95
2018.05.10 11:06:47.399,1.30229,1.30234,1.13,1.10
2018.05.10 11:06:47.706,1.3023,1.30235,2.25,1.00
2018.05.10 11:06:48.253,1.30231,1.30235,1.19,1.00
2018.05.10 11:06:48.920,1.30231,1.30235,1.25,1.00
2018.05.10 11:06:49.433,1.3023,1.30234,1.00,1.00
2018.05.10 11:06:50.086,1.3023,1.30235,1.25,1.00
2018.05.10 11:06:50.628,1.30229,1.30235,1.20,1.00
2018.05.10 11:06:51.165,1.3023,1.30235,1.00,1.25
2018.05.10 11:06:52.120,1.3023,1.30236,1.25,1.01
2018.05.10 11:06:52.651,1.3023,1.30235,1.25,1.00
2018.05.10 11:06:53.501,1.3023,1.30236,1.25,1.10
2018.05.10 11:06:53.840,1.3023,1.30236,2.44,1.57
2018.05.10 11:06:54.362,1.3023,1.30236,1.95,1.00
2018.05.10 11:06:54.885,1.3023,1.30236,1.76,1.00
2018.05.10 11:06:55.417,1.3023,1.30235,2.33,1.00
2018.05.10 11:06:55.774,1.30229,1.30234,4.01,2.06
2018.05.10 11:06:55.999,1.30225,1.3023,1.76,2.62
2018.05.10 11:06:56.051,1.30225,1.30228,1.01,1.00
2018.05.10 11:06:56.596,1.30223,1.30228,4.20,1.00
2018.05.10 11:06:56.699,1.30223,1.30228,1.29,1.00
2018.05.10 11:06:57.009,1.30223,1.30226,1.12,1.00
2018.05.10 11:06:57.216,1.30221,1.30225,1.09,1.00
2018.05.10 11:06:57.681,1.30219,1.30222,1.51,1.00
2018.05.10 11:06:58.144,1.30219,1.30225,2.02,1.69
2018.05.10 11:06:58.301,1.30221,1.30225,1.31,1.25
2018.05.10 11:06:59.089,1.30221,1.30225,2.02,1.00
2018.05.10 11:06:59.598,1.30221,1.30225,3.15,1.00
2018.05.10 11:07:00.149,1.30221,1.30226,2.40,1.00
2018.05.10 11:07:00.697,1.30221,1.30226,2.14,1.00
2018.05.10 11:07:00.889,1.3022,1.30226,2.96,1.00
2018.05.10 11:07:01.429,1.3022,1.30223,1.39,1.00
2018.05.10 11:07:02.016,1.3022,1.30223,1.01,1.00
2018.05.10 11:07:02.546,1.30218,1.30222,2.77,1.00
2018.05.10 11:07:03.057,1.30218,1.30222,3.04,1.00
2018.05.10 11:07:03.262,1.30221,1.30225,2.89,1.00
2018.05.10 11:07:03.364,1.30222,1.30227,2.70,1.00
2018.05.10 11:07:03.819,1.30224,1.30228,3.00,1.00
2018.05.10 11:07:03.928,1.30226,1.3023,1.00,1.00
2018.05.10 11:07:03.980,1.30226,1.30231,3.45,1.00
2018.05.10 11:07:04.238,1.30223,1.30228,1.39,1.12
2018.05.10 11:07:04.404,1.30221,1.30224,1.20,1.00
2018.05.10 11:07:04.872,1.3022,1.30225,1.57,1.12
2018.05.10 11:07:05.227,1.30222,1.30227,4.57,1.00
2018.05.10 11:07:05.588,1.30223,1.30227,1.39,1.00
2018.05.10 11:07:06.098,1.30223,1.30228,1.76,1.12
2018.05.10 11:07:06.621,1.30223,1.30228,2.14,1.12
2018.05.10 11:07:07.757,1.30224,1.30228,1.20,1.00
2018.05.10 11:07:08.104,1.30226,1.30229,1.69,1.00
2018.05.10 11:07:08.213,1.30226,1.30231,1.19,1.00
2018.05.10 11:07:08.316,1.30227,1.30234,1.39,1.10
2018.05.10 11:07:08.771,1.30229,1.30234,1.39,1.00
2018.05.10 11:07:09.300,1.30229,1.30233,1.95,1.00
2018.05.10 11:07:09.828,1.30229,1.30234,2.14,1.00
2018.05.10 11:07:10.316,1.30229,1.30235,2.70,1.00
2018.05.10 11:07:11.114,1.30229,1.30236,2.89,1.94
2018.05.10 11:07:11.634,1.30229,1.30235,3.64,1.00
2018.05.10 11:07:12.166,1.30231,1.30236,1.00,1.00
2018.05.10 11:07:13.101,1.30231,1.30236,1.19,1.12
2018.05.10 11:07:14.575,1.30231,1.30236,1.25,1.00
2018.05.10 11:07:15.130,1.30231,1.30236,1.19,1.00
2018.05.10 11:07:15.652,1.30232,1.30239,3.75,3.45
2018.05.10 11:07:15.861,1.30232,1.30237,1.10,1.12
2018.05.10 11:07:16.068,1.30231,1.30235,1.39,1.00
2018.05.10 11:07:16.619,1.30231,1.30236,1.50,1.00
2018.05.10 11:07:17.048,1.3023,1.30234,1.76,1.00
2018.05.10 11:07:17.558,1.3023,1.30233,1.95,1.00
2018.05.10 11:07:18.083,1.3023,1.30233,1.76,1.00
2018.05.10 11:07:18.835,1.3023,1.30233,1.01,1.00
2018.05.10 11:07:19.464,1.3023,1.30234,1.76,1.00
2018.05.10 11:07:20.084,1.3023,1.30237,2.14,1.50
2018.05.10 11:07:20.137,1.3023,1.30235,2.51,1.00
2018.05.10 11:07:20.528,1.3023,1.30234,1.39,1.00
2018.05.10 11:07:20.890,1.30229,1.30233,3.64,1.00
2018.05.10 11:07:21.324,1.3023,1.30233,1.19,1.00
2018.05.10 11:07:21.673,1.30229,1.30233,3.26,1.00
2018.05.10 11:07:22.597,1.30229,1.30232,1.01,1.00
2018.05.10 11:07:22.907,1.30229,1.30234,1.76,1.00
2018.05.10 11:07:23.177,1.30229,1.30233,3.37,1.00
2018.05.10 11:07:23.230,1.30232,1.30236,1.00,1.00
2018.05.10 11:07:23.548,1.30231,1.30234,2.06,1.00
2018.05.10 11:07:24.037,1.30229,1.30235,2.25,4.57
2018.05.10 11:07:24.140,1.3023,1.30233,1.00,1.00
2018.05.10 11:07:24.655,1.3023,1.30234,1.19,1.00
2018.05.10 11:07:24.707,1.30231,1.30236,1.00,1.00
2018.05.10 11:07:24.760,1.30233,1.30236,1.00,1.00
2018.05.10 11:07:25.410,1.30231,1.30235,2.25,1.00
2018.05.10 11:07:25.514,1.3023,1.30234,1.00,1.00
2018.05.10 11:07:25.773,1.30231,1.30236,1.69,1.95
2018.05.10 11:07:26.297,1.30232,1.30236,1.31,1.50
2018.05.10 11:07:27.035,1.30231,1.30236,1.12,1.57
2018.05.10 11:07:27.734,1.30233,1.30237,1.00,1.10
2018.05.10 11:07:28.245,1.30233,1.30238,1.69,1.00
2018.05.10 11:07:28.767,1.30233,1.30239,1.95,1.50
2018.05.10 11:07:29.318,1.30233,1.30239,2.89,1.50
2018.05.10 11:07:30.193,1.30234,1.3024,1.50,1.10
2018.05.10 11:07:30.569,1.30238,1.30243,3.19,1.00
2018.05.10 11:07:30.675,1.3024,1.30246,1.50,1.10
2018.05.10 11:07:31.379,1.30242,1.30246,1.00,1.00
2018.05.10 11:07:31.996,1.30242,1.30247,1.12,1.57
2018.05.10 11:07:32.254,1.3024,1.30245,1.25,1.69
2018.05.10 11:07:32.593,1.30237,1.30242,2.44,1.00
2018.05.10 11:07:33.006,1.30237,1.3024,1.69,1.00
2018.05.10 11:07:33.177,1.30234,1.30239,2.44,1.00
2018.05.10 11:07:33.285,1.30235,1.30239,1.69,1.50
2018.05.10 11:07:33.802,1.30235,1.30238,1.00,1.00
2018.05.10 11:07:34.330,1.30234,1.30237,1.31,1.00
2018.05.10 11:07:36.237,1.30233,1.30236,2.62,1.00
2018.05.10 11:07:36.445,1.30234,1.30239,1.50,1.00
2018.05.10 11:07:37.106,1.30234,1.30237,1.31,1.00
2018.05.10 11:07:37.470,1.3023,1.30235,1.64,1.00
2018.05.10 11:07:37.522,1.30228,1.30232,1.76,1.00
2018.05.10 11:07:37.574,1.30227,1.30231,1.70,1.00
2018.05.10 11:07:37.626,1.30225,1.30229,2.89,1.00
2018.05.10 11:07:37.678,1.30225,1.30231,1.00,1.00
2018.05.10 11:07:37.729,1.30224,1.30229,1.50,1.00
2018.05.10 11:07:38.310,1.30223,1.30229,2.51,1.00
2018.05.10 11:07:38.928,1.30222,1.30229,5.14,1.12
2018.05.10 11:07:39.465,1.30223,1.30229,1.76,1.12
2018.05.10 11:07:40.091,1.30222,1.30229,5.89,1.00
2018.05.10 11:07:40.417,1.30221,1.30228,2.40,1.00
2018.05.10 11:07:40.520,1.3022,1.30225,2.59,1.00
2018.05.10 11:07:40.623,1.30219,1.30227,5.21,1.95
2018.05.10 11:07:41.146,1.30219,1.30224,5.77,1.00
2018.05.10 11:07:41.504,1.3022,1.30227,1.92,1.20
2018.05.10 11:07:41.660,1.30224,1.30229,2.14,1.00
2018.05.10 11:07:41.994,1.30227,1.30233,2.33,1.12
2018.05.10 11:07:42.499,1.30227,1.30232,3.45,1.00
2018.05.10 11:07:42.876,1.30225,1.3023,4.20,1.00
2018.05.10 11:07:43.090,1.30224,1.30228,3.07,1.00
2018.05.10 11:07:43.348,1.30224,1.3023,2.32,1.00
2018.05.10 11:07:44.053,1.30224,1.30228,1.31,1.00
2018.05.10 11:07:44.210,1.30222,1.30229,3.08,1.00
2018.05.10 11:07:44.720,1.30223,1.30228,2.81,1.00
2018.05.10 11:07:45.231,1.30224,1.30229,1.00,1.00
2018.05.10 11:07:45.757,1.30225,1.3023,1.12,1.12
2018.05.10 11:07:46.166,1.30225,1.30231,1.73,1.10
2018.05.10 11:07:46.644,1.30227,1.30233,1.60,1.12
2018.05.10 11:07:47.202,1.30229,1.30234,1.29,1.00
2018.05.10 11:07:47.998,1.30229,1.30234,1.20,1.00
2018.05.10 11:07:48.356,1.30225,1.30232,3.26,1.00
2018.05.10 11:07:48.875,1.30225,1.30232,4.20,1.00
2018.05.10 11:07:49.151,1.30225,1.3023,2.89,1.00
2018.05.10 11:07:49.687,1.30225,1.3023,2.14,1.00
2018.05.10 11:07:50.207,1.30226,1.30231,2.06,1.00
2018.05.10 11:07:51.459,1.30226,1.30231,1.44,1.00
2018.05.10 11:07:51.616,1.30225,1.3023,1.31,1.00
2018.05.10 11:07:51.669,1.30225,1.30228,1.12,1.00
2018.05.10 11:07:51.722,1.30224,1.30231,2.06,1.87
2018.05.10 11:07:52.225,1.30225,1.3023,1.25,1.12
2018.05.10 11:07:52.378,1.30225,1.3023,2.06,1.12
2018.05.10 11:07:52.968,1.30225,1.30232,2.44,1.87
2018.05.10 11:07:53.761,1.30226,1.30231,1.69,1.00
2018.05.10 11:07:54.022,1.30229,1.30233,1.19,1.57
2018.05.10 11:07:54.126,1.3023,1.30235,1.69,1.20
2018.05.10 11:07:54.906,1.30231,1.30237,1.00,3.82
2018.05.10 11:07:55.016,1.30232,1.30237,1.25,1.57
2018.05.10 11:07:55.537,1.30232,1.30237,1.19,1.50
2018.05.10 11:07:56.097,1.30232,1.30237,1.25,1.50
2018.05.10 11:07:56.456,1.30232,1.30239,1.69,3.45
2018.05.10 11:07:56.611,1.30238,1.30243,1.25,1.10
2018.05.10 11:07:56.663,1.30238,1.30243,1.44,1.10
2018.05.10 11:07:57.187,1.3024,1.30244,1.44,1.12
2018.05.10 11:07:57.504,1.30239,1.30244,1.12,1.00
2018.05.10 11:07:57.710,1.3024,1.30244,1.69,1.50
2018.05.10 11:07:58.215,1.30239,1.30244,4.01,1.50
2018.05.10 11:07:58.424,1.30241,1.30247,2.44,1.57
2018.05.10 11:07:58.972,1.30241,1.30247,1.69,1.57
2018.05.10 11:07:59.496,1.30242,1.30247,1.00,1.57
2018.05.10 11:08:00.136,1.30241,1.30246,1.00,1.50
2018.05.10 11:08:00.957,1.30243,1.30248,1.19,1.12
2018.05.10 11:08:01.270,1.30245,1.30252,1.00,1.87
2018.05.10 11:08:01.323,1.30246,1.30252,1.19,1.12
2018.05.10 11:08:01.923,1.30244,1.30252,3.82,2.89
2018.05.10 11:08:02.533,1.30246,1.30252,1.00,1.00
2018.05.10 11:08:02.840,1.30242,1.30248,3.07,1.00
2018.05.10 11:08:03.223,1.30244,1.30249,1.25,1.00
2018.05.10 11:08:03.532,1.30245,1.3025,1.95,1.12
2018.05.10 11:08:03.584,1.30246,1.30252,1.00,1.10
2018.05.10 11:08:04.121,1.30246,1.30251,1.00,1.00
2018.05.10 11:08:04.636,1.30247,1.30252,1.00,1.25
2018.05.10 11:08:05.212,1.30248,1.30255,1.25,3.86
2018.05.10 11:08:05.264,1.30248,1.30255,1.87,1.01
2018.05.10 11:08:05.316,1.30249,1.30256,1.58,1.66
2018.05.10 11:08:05.368,1.30251,1.30257,1.44,1.39
2018.05.10 11:08:05.917,1.30251,1.30257,1.25,1.00
2018.05.10 11:08:06.232,1.30247,1.30252,1.50,1.00
2018.05.10 11:08:07.620,1.30248,1.30253,1.00,1.00
2018.05.10 11:08:07.673,1.30251,1.30257,1.25,1.39
2018.05.10 11:08:08.189,1.30252,1.30257,1.00,1.00
2018.05.10 11:08:08.740,1.30252,1.30257,1.19,1.00
2018.05.10 11:08:09.274,1.30252,1.30257,1.00,1.00
2018.05.10 11:08:10.032,1.30252,1.30257,1.69,1.00
2018.05.10 11:08:11.029,1.30252,1.30258,2.44,2.14
2018.05.10 11:08:11.472,1.30253,1.30258,2.06,1.00
2018.05.10 11:08:11.632,1.30254,1.30259,3.00,1.00
2018.05.10 11:08:12.158,1.30255,1.30259,1.00,1.00
2018.05.10 11:08:12.990,1.30254,1.30258,1.00,1.00
2018.05.10 11:08:13.105,1.30251,1.30254,1.25,1.00
2018.05.10 11:08:13.162,1.30249,1.30253,1.01,2.62
2018.05.10 11:08:13.229,1.30247,1.30251,1.00,1.35
2018.05.10 11:08:13.335,1.30245,1.3025,1.69,2.10
2018.05.10 11:08:13.568,1.30245,1.30247,1.69,1.00
2018.05.10 11:08:13.961,1.30243,1.30248,1.00,1.00
2018.05.10 11:08:14.530,1.30244,1.30249,1.00,2.17
2018.05.10 11:08:14.674,1.30246,1.30252,1.50,2.14
2018.05.10 11:08:14.732,1.30246,1.30252,1.50,1.76
2018.05.10 11:08:14.837,1.30246,1.30252,1.00,1.57
2018.05.10 11:08:15.100,1.30245,1.30252,2.63,2.44
2018.05.10 11:08:15.304,1.30245,1.30252,2.44,1.50
2018.05.10 11:08:15.740,1.30246,1.30253,1.50,2.14
2018.05.10 11:08:15.896,1.3024,1.30245,2.14,1.25
2018.05.10 11:08:16.154,1.30241,1.30246,1.44,1.50
2018.05.10 11:08:16.311,1.3024,1.30246,2.14,1.50
2018.05.10 11:08:17.026,1.3024,1.30246,1.69,1.10
2018.05.10 11:08:17.539,1.30242,1.30247,1.44,1.31
2018.05.10 11:08:17.752,1.30243,1.30249,1.13,1.76
2018.05.10 11:08:18.433,1.30243,1.30248,1.50,1.25
2018.05.10 11:08:18.985,1.30242,1.30249,1.31,3.26
2018.05.10 11:08:19.326,1.30245,1.30249,1.00,3.45
2018.05.10 11:08:19.379,1.30242,1.30247,3.00,1.25
2018.05.10 11:08:19.900,1.30242,1.30247,1.69,1.00
2018.05.10 11:08:20.273,1.30243,1.3025,3.56,3.26
2018.05.10 11:08:20.814,1.30244,1.3025,1.37,1.95
2018.05.10 11:08:21.228,1.30245,1.3025,2.06,2.25
2018.05.10 11:08:21.331,1.30245,1.3025,1.13,1.00
2018.05.10 11:08:21.850,1.30246,1.30251,1.00,1.20
2018.05.10 11:08:22.384,1.30245,1.30251,1.50,1.10
2018.05.10 11:08:22.639,1.30247,1.30251,1.00,1.10
2018.05.10 11:08:23.155,1.30247,1.30253,1.25,3.08
2018.05.10 11:08:24.100,1.30248,1.30253,1.00,1.32
2018.05.10 11:08:24.663,1.30248,1.30253,1.00,1.20
2018.05.10 11:08:24.876,1.30246,1.30253,4.20,1.39
2018.05.10 11:08:25.427,1.30247,1.30253,1.50,1.39
2018.05.10 11:08:25.952,1.30246,1.30252,1.13,1.00
2018.05.10 11:08:26.470,1.30248,1.30252,1.00,1.00
2018.05.10 11:08:26.979,1.30247,1.30252,2.25,1.00
2018.05.10 11:08:27.519,1.30248,1.30253,1.00,1.57
2018.05.10 11:08:28.053,1.30247,1.30252,2.81,1.00
2018.05.10 11:08:28.597,1.30248,1.30253,1.00,1.57
2018.05.10 11:08:29.365,1.30247,1.30253,2.44,2.14
2018.05.10 11:08:29.877,1.30248,1.30253,1.00,2.14
2018.05.10 11:08:31.339,1.30247,1.30253,2.63,1.57
2018.05.10 11:08:31.890,1.30245,1.3025,1.10,1.25
2018.05.10 11:08:32.375,1.30247,1.30251,1.00,1.20
2018.05.10 11:08:33.120,1.30247,1.30252,1.50,1.00
2018.05.10 11:08:33.723,1.30248,1.30253,1.00,2.51
2018.05.10 11:08:34.035,1.3025,1.30254,1.00,1.95
2018.05.10 11:08:34.141,1.3025,1.30255,3.75,1.50
2018.05.10 11:08:34.327,1.30247,1.30253,3.07,1.87
2018.05.10 11:08:34.645,1.30246,1.30251,1.50,1.00
2018.05.10 11:08:35.150,1.30246,1.30251,1.69,1.00
2018.05.10 11:08:35.693,1.30246,1.30251,1.25,1.00
2018.05.10 11:08:36.153,1.30249,1.30254,1.25,3.45
2018.05.10 11:08:36.483,1.30251,1.30255,1.00,2.51
2018.05.10 11:08:37.001,1.30251,1.30255,1.50,1.12
2018.05.10 11:08:37.553,1.30252,1.30255,1.00,1.12
2018.05.10 11:08:38.087,1.30251,1.30256,2.44,1.10
2018.05.10 11:08:38.425,1.3025,1.30254,2.63,1.00
2018.05.10 11:08:38.873,1.3025,1.30256,2.62,1.57
2018.05.10 11:08:39.262,1.30251,1.30256,1.13,2.25
2018.05.10 11:08:39.992,1.30251,1.30256,1.88,1.87
2018.05.10 11:08:40.302,1.3025,1.30255,1.00,1.00
2018.05.10 11:08:40.452,1.30252,1.30256,1.00,1.20
2018.05.10 11:08:40.982,1.30252,1.30257,1.19,2.32
2018.05.10 11:08:41.588,1.30252,1.30257,1.25,1.10
2018.05.10 11:08:42.194,1.30252,1.30258,1.19,2.32
2018.05.10 11:08:42.740,1.30252,1.30258,1.25,3.64
2018.05.10 11:08:43.076,1.30254,1.3026,1.31,3.19
2018.05.10 11:08:43.973,1.30254,1.3026,1.69,2.06
2018.05.10 11:08:44.296,1.30253,1.30258,1.69,1.00
2018.05.10 11:08:45.818,1.3025,1.30255,2.89,1.00
2018.05.10 11:08:45.921,1.30251,1.30257,1.19,2.14
2018.05.10 11:08:46.436,1.30252,1.30257,1.19,1.20
2018.05.10 11:08:47.033,1.30252,1.30258,1.87,2.32
2018.05.10 11:08:47.542,1.30252,1.30257,1.50,1.10
2018.05.10 11:08:48.366,1.30252,1.30256,1.00,1.00
2018.05.10 11:08:48.525,1.30254,1.30258,1.00,1.20
2018.05.10 11:08:49.070,1.30253,1.30259,3.00,1.10
2018.05.10 11:08:49.354,1.30253,1.30258,1.69,1.00
2018.05.10 11:08:49.874,1.30253,1.30257,1.19,1.00
2018.05.10 11:08:50.074,1.30251,1.30255,1.39,1.00
2018.05.10 11:08:50.407,1.30249,1.30251,1.00,1.00
2018.05.10 11:08:51.513,1.30248,1.30251,1.00,1.00
2018.05.10 11:08:51.566,1.30245,1.3025,1.10,1.00
2018.05.10 11:08:52.112,1.30244,1.30249,1.69,1.50
2018.05.10 11:08:52.253,1.30243,1.30247,1.69,1.00
2018.05.10 11:08:52.406,1.30242,1.30247,1.25,1.50
2018.05.10 11:08:52.508,1.30241,1.30245,1.58,1.00
2018.05.10 11:08:53.104,1.30241,1.30245,1.69,1.00
2018.05.10 11:08:53.473,1.30241,1.30245,1.25,1.00
2018.05.10 11:08:54.036,1.3024,1.30245,1.31,1.00
2018.05.10 11:08:54.088,1.30245,1.30249,1.31,1.95
2018.05.10 11:08:54.141,1.30245,1.3025,1.50,1.50
2018.05.10 11:08:54.194,1.30246,1.3025,1.19,1.50
2018.05.10 11:08:54.401,1.30246,1.3025,1.13,1.00
2018.05.10 11:08:55.920,1.30244,1.30251,2.51,1.12
2018.05.10 11:08:56.168,1.30243,1.30248,1.57,1.00
2018.05.10 11:08:56.477,1.3024,1.30245,2.14,1.00
2018.05.10 11:08:56.803,1.30233,1.30236,2.14,1.00
2018.05.10 11:08:56.856,1.30231,1.30236,1.76,1.00
2018.05.10 11:08:57.064,1.30233,1.30238,1.10,1.50
2018.05.10 11:08:57.602,1.3023,1.30233,1.45,1.00
2018.05.10 11:08:57.655,1.30227,1.30234,4.20,1.25
2018.05.10 11:08:57.711,1.30227,1.30231,1.95,1.00
2018.05.10 11:08:57.764,1.30226,1.30231,1.45,2.81
2018.05.10 11:08:57.868,1.30224,1.30229,1.70,1.12
2018.05.10 11:08:57.974,1.30222,1.30227,3.26,1.00
2018.05.10 11:08:58.142,1.30222,1.30226,1.76,1.00
2018.05.10 11:08:58.300,1.30224,1.30231,1.00,4.39
2018.05.10 11:08:58.354,1.30225,1.30231,1.88,1.95
2018.05.10 11:08:58.510,1.30228,1.30232,1.25,1.00
2018.05.10 11:08:59.003,1.3023,1.30234,1.39,1.50
2018.05.10 11:08:59.108,1.30228,1.30233,1.01,1.13
2018.05.10 11:08:59.160,1.30227,1.30231,1.64,1.00
2018.05.10 11:08:59.719,1.30226,1.30231,2.33,1.00
2018.05.10 11:09:00.026,1.30225,1.30229,1.76,1.00
2018.05.10 11:09:00.128,1.30225,1.30231,1.95,1.88
2018.05.10 11:09:00.180,1.30225,1.30229,3.08,1.00
2018.05.10 11:09:00.672,1.30225,1.30228,2.70,1.00
2018.05.10 11:09:00.724,1.30225,1.30229,3.26,1.00
2018.05.10 11:09:01.238,1.30225,1.30228,3.64,1.00
2018.05.10 11:09:01.770,1.30225,1.30229,2.51,1.00
2018.05.10 11:09:02.278,1.30225,1.30229,3.26,1.00
2018.05.10 11:09:02.989,1.30225,1.30229,2.14,1.00
2018.05.10 11:09:03.508,1.30225,1.30228,1.76,1.00
2018.05.10 11:09:03.561,1.30223,1.30229,5.32,1.50
2018.05.10 11:09:03.667,1.30222,1.30226,1.76,1.00
2018.05.10 11:09:04.196,1.30223,1.30228,1.31,1.50
2018.05.10 11:09:04.588,1.30226,1.30228,1.50,1.00
2018.05.10 11:09:04.642,1.30228,1.30231,1.25,1.00
2018.05.10 11:09:04.698,1.30229,1.30231,1.19,1.00
2018.05.10 11:09:04.856,1.30229,1.30233,1.19,1.00
2018.05.10 11:09:04.960,1.30229,1.30234,1.25,1.95
2018.05.10 11:09:05.170,1.30229,1.30234,2.25,1.12
2018.05.10 11:09:05.450,1.30229,1.30235,1.31,2.25
2018.05.10 11:09:05.609,1.30229,1.30235,3.00,1.50
2018.05.10 11:09:06.024,1.30231,1.30235,1.44,1.00
2018.05.10 11:09:06.478,1.3023,1.30237,3.26,2.33
2018.05.10 11:09:06.611,1.3023,1.30237,2.32,2.33
2018.05.10 11:09:06.783,1.3023,1.30237,4.20,1.95
2018.05.10 11:09:07.094,1.30232,1.30238,1.31,1.69
2018.05.10 11:09:07.433,1.30236,1.3024,1.19,1.00
2018.05.10 11:09:07.588,1.30234,1.30241,1.95,1.88
2018.05.10 11:09:08.016,1.30233,1.30237,1.01,1.00
2018.05.10 11:09:08.068,1.30232,1.30238,1.25,1.31
2018.05.10 11:09:08.538,1.30232,1.30238,2.33,1.12
2018.05.10 11:09:09.077,1.30231,1.30236,1.01,1.25
2018.05.10 11:09:09.592,1.30233,1.30238,1.00,1.69
2018.05.10 11:09:10.095,1.30233,1.30238,1.19,1.38
2018.05.10 11:09:10.603,1.30233,1.30239,1.00,1.69
2018.05.10 11:09:10.910,1.30233,1.30239,1.69,2.25
2018.05.10 11:09:11.013,1.30233,1.30239,1.87,1.50
2018.05.10 11:09:11.119,1.30232,1.30236,2.14,1.00
2018.05.10 11:09:11.171,1.30231,1.30238,1.01,1.12
2018.05.10 11:09:11.635,1.3023,1.30235,1.76,1.00
2018.05.10 11:09:11.738,1.30229,1.30235,1.19,1.00
2018.05.10 11:09:12.524,1.3023,1.30236,1.29,1.12
2018.05.10 11:09:12.768,1.30234,1.30239,1.69,1.07
2018.05.10 11:09:13.282,1.30233,1.30238,2.51,1.00
2018.05.10 11:09:13.805,1.30234,1.30239,1.00,1.12
2018.05.10 11:09:14.014,1.30236,1.30242,1.25,4.57
2018.05.10 11:09:14.120,1.30237,1.30242,1.69,1.10
2018.05.10 11:09:14.596,1.30241,1.30246,1.00,1.95
2018.05.10 11:09:14.701,1.30242,1.30247,1.25,1.57
2018.05.10 11:09:15.067,1.30244,1.30248,1.00,1.20
2018.05.10 11:09:15.603,1.30245,1.3025,1.00,3.82
2018.05.10 11:09:15.656,1.30243,1.3025,2.14,2.51
2018.05.10 11:09:16.020,1.30247,1.30253,1.25,6.07
2018.05.10 11:09:16.662,1.30248,1.30253,1.00,3.82
2018.05.10 11:09:16.816,1.30247,1.30253,1.19,2.32
2018.05.10 11:09:17.319,1.30247,1.30253,1.00,2.89
2018.05.10 11:09:17.932,1.30246,1.30252,1.31,2.14
2018.05.10 11:09:18.469,1.30247,1.30253,1.00,5.74
2018.05.10 11:09:19.013,1.30248,1.30252,1.00,1.20
2018.05.10 11:09:19.524,1.30248,1.30252,1.00,1.47
2018.05.10 11:09:19.782,1.30246,1.30251,1.00,2.25
2018.05.10 11:09:19.835,1.30245,1.30249,1.31,1.00
2018.05.10 11:09:19.986,1.30242,1.30249,2.62,1.87
2018.05.10 11:09:20.504,1.30244,1.30247,1.00,1.00
2018.05.10 11:09:20.894,1.30246,1.3025,1.00,3.26
2018.05.10 11:09:20.999,1.30246,1.3025,1.00,2.89
2018.05.10 11:09:21.525,1.30245,1.3025,1.00,2.89
2018.05.10 11:09:22.102,1.30245,1.3025,1.00,2.14
2018.05.10 11:09:22.360,1.30243,1.30249,1.25,1.20
2018.05.10 11:09:22.910,1.30243,1.30248,1.00,1.00
2018.05.10 11:09:23.123,1.30245,1.30249,1.00,1.20
2018.05.10 11:09:24.469,1.30243,1.30248,1.57,1.25
2018.05.10 11:09:24.702,1.30246,1.30249,1.00,1.07
2018.05.10 11:09:24.755,1.30247,1.30253,1.25,2.32
2018.05.10 11:09:24.859,1.30248,1.30253,1.19,1.20
2018.05.10 11:09:25.375,1.30248,1.30254,1.00,1.95
2018.05.10 11:09:25.749,1.3025,1.30254,1.00,1.12
2018.05.10 11:09:26.055,1.3025,1.30256,1.31,2.44
2018.05.10 11:09:26.588,1.30251,1.30257,1.25,2.25
2018.05.10 11:09:27.111,1.3025,1.30256,1.39,1.00
2018.05.10 11:09:27.370,1.30247,1.30252,2.32,1.50
2018.05.10 11:09:27.481,1.30245,1.30253,2.89,3.26
2018.05.10 11:09:27.793,1.30249,1.30252,1.00,1.00
2018.05.10 11:09:28.061,1.30248,1.30254,1.00,1.95
2018.05.10 11:09:28.609,1.30249,1.30254,1.69,1.10
2018.05.10 11:09:29.497,1.30249,1.30255,1.69,3.07
2018.05.10 11:09:30.159,1.30249,1.30253,2.00,1.00
2018.05.10 11:09:30.425,1.30251,1.30255,1.12,1.10
2018.05.10 11:09:30.534,1.30253,1.30255,1.50,1.00
2018.05.10 11:09:30.655,1.30253,1.30259,1.50,1.69
2018.05.10 11:09:30.946,1.30255,1.30259,1.50,1.25
2018.05.10 11:09:30.998,1.30255,1.30263,1.50,2.74
2018.05.10 11:09:31.103,1.30259,1.30262,1.00,1.00
2018.05.10 11:09:32.138,1.30255,1.3026,2.70,1.44
2018.05.10 11:09:32.190,1.30255,1.30261,1.95,3.00
2018.05.10 11:09:32.723,1.30255,1.3026,1.50,1.25
2018.05.10 11:09:33.116,1.30257,1.3026,1.50,1.00
2018.05.10 11:09:33.169,1.30259,1.30263,1.00,1.20
2018.05.10 11:09:33.415,1.30259,1.30264,1.00,1.10
2018.05.10 11:09:33.578,1.30261,1.30265,1.50,1.00
2018.05.10 11:09:34.094,1.30261,1.30266,1.50,1.25
2018.05.10 11:09:35.102,1.30263,1.30266,1.75,1.00
2018.05.10 11:09:35.260,1.30263,1.30268,2.25,1.00
2018.05.10 11:09:35.791,1.30264,1.30269,1.12,1.76
2018.05.10 11:09:36.084,1.30269,1.30274,1.00,3.64
2018.05.10 11:09:36.137,1.30268,1.30274,1.50,3.45
2018.05.10 11:09:36.294,1.3027,1.30274,1.12,1.70
2018.05.10 11:09:36.346,1.30269,1.30274,1.69,1.00
2018.05.10 11:09:36.812,1.30272,1.30274,1.00,1.00
2018.05.10 11:09:37.069,1.3027,1.30274,1.12,1.44
2018.05.10 11:09:37.638,1.30268,1.30274,3.00,1.01
2018.05.10 11:09:37.793,1.30268,1.30273,1.50,1.25
2018.05.10 11:09:38.320,1.30269,1.30275,1.00,3.26
2018.05.10 11:09:38.629,1.30268,1.30272,1.00,1.25
2018.05.10 11:09:38.943,1.30268,1.30274,1.50,1.01
2018.05.10 11:09:39.455,1.3027,1.30274,1.00,1.01
2018.05.10 11:09:39.768,1.30272,1.30276,1.00,1.76
2018.05.10 11:09:39.985,1.30272,1.30277,1.00,3.82
2018.05.10 11:09:40.505,1.30272,1.30276,1.00,1.00
2018.05.10 11:09:40.813,1.30274,1.30277,1.00,3.56
2018.05.10 11:09:41.327,1.30275,1.30278,1.00,1.00
2018.05.10 11:09:41.873,1.30274,1.30277,1.00,1.00
2018.05.10 11:09:42.382,1.30273,1.30278,1.50,1.00
2018.05.10 11:09:42.732,1.30271,1.30274,1.00,1.00
2018.05.10 11:09:43.091,1.30272,1.30277,1.00,2.14
2018.05.10 11:09:43.282,1.30274,1.30277,1.00,1.20
2018.05.10 11:09:43.491,1.30266,1.30272,1.10,1.69
2018.05.10 11:09:43.871,1.30268,1.30273,1.00,2.32
2018.05.10 11:09:44.179,1.30266,1.30272,1.57,1.25
2018.05.10 11:09:44.587,1.30268,1.30272,1.00,1.00
2018.05.10 11:09:45.727,1.30266,1.30272,1.57,1.69
2018.05.10 11:09:46.272,1.30265,1.30271,3.64,1.00
2018.05.10 11:09:46.602,1.30268,1.30274,1.44,1.10
2018.05.10 11:09:46.706,1.30272,1.30275,1.00,1.00
2018.05.10 11:09:46.928,1.30272,1.30278,1.00,2.70
2018.05.10 11:09:46.979,1.30272,1.30278,2.25,1.20
2018.05.10 11:09:47.811,1.30272,1.30278,2.25,1.01
2018.05.10 11:09:48.104,1.30275,1.3028,1.00,1.00
2018.05.10 11:09:48.648,1.30276,1.30281,1.20,2.62
2018.05.10 11:09:49.152,1.30275,1.30281,2.14,2.06
2018.05.10 11:09:49.715,1.30277,1.30281,1.20,1.12
2018.05.10 11:09:50.109,1.30276,1.3028,1.10,1.88
2018.05.10 11:09:50.265,1.30277,1.30282,1.00,5.81
2018.05.10 11:09:50.471,1.30279,1.30283,1.10,1.00
2018.05.10 11:09:50.913,1.3028,1.30285,2.89,1.25
2018.05.10 11:09:51.227,1.30284,1.30288,1.47,1.25
2018.05.10 11:09:51.636,1.30282,1.30285,1.20,1.00
2018.05.10 11:09:52.148,1.30282,1.30287,1.00,3.45
2018.05.10 11:09:52.696,1.30281,1.30286,1.50,1.00
2018.05.10 11:09:53.006,1.30279,1.30283,1.10,1.00
2018.05.10 11:09:53.557,1.30279,1.30284,1.50,1.87
2018.05.10 11:09:54.081,1.30278,1.30283,2.32,1.25
2018.05.10 11:09:54.560,1.30277,1.30284,1.57,3.45
2018.05.10 11:09:54.612,1.30279,1.30284,1.00,4.20
2018.05.10 11:09:55.179,1.30278,1.30284,1.00,4.20
2018.05.10 11:09:55.687,1.30278,1.30283,1.00,1.25
2018.05.10 11:09:56.458,1.30278,1.30282,1.00,1.25
2018.05.10 11:09:56.924,1.30276,1.30282,1.50,1.69
2018.05.10 11:09:57.133,1.30278,1.30282,1.00,1.25
2018.05.10 11:09:57.507,1.3028,1.30283,1.00,1.25
2018.05.10 11:09:57.715,1.30277,1.30282,1.00,1.25
2018.05.10 11:09:57.868,1.30277,1.3028,1.00,1.25
2018.05.10 11:09:58.497,1.30277,1.30281,1.50,1.25
2018.05.10 11:09:58.709,1.30282,1.30288,1.69,2.32
2018.05.10 11:09:59.121,1.30281,1.30286,2.00,1.00
2018.05.10 11:09:59.599,1.30279,1.30283,1.45,1.00
2018.05.10 11:09:59.914,1.30279,1.30286,1.57,3.64
2018.05.10 11:10:00.342,1.30279,1.30283,1.01,1.00
2018.05.10 11:10:00.650,1.30276,1.30279,1.00,1.00
2018.05.10 11:10:01.371,1.30276,1.3028,1.00,1.50
2018.05.10 11:10:01.560,1.30277,1.30283,1.00,1.10
2018.05.10 11:10:02.076,1.30276,1.30283,1.76,1.00
2018.05.10 11:10:02.128,1.30276,1.30281,2.51,1.00
2018.05.10 11:10:02.567,1.30276,1.30283,3.26,1.76
2018.05.10 11:10:02.670,1.30276,1.3028,2.04,1.00
2018.05.10 11:10:02.774,1.30274,1.3028,2.51,1.50
2018.05.10 11:10:03.309,1.30274,1.30281,2.51,1.10
2018.05.10 11:10:03.518,1.30274,1.30279,2.25,1.69
2018.05.10 11:10:03.724,1.30273,1.30277,1.10,1.00
2018.05.10 11:10:04.250,1.30273,1.30278,1.50,1.69
2018.05.10 11:10:04.751,1.30273,1.30279,1.50,1.20
2018.05.10 11:10:04.804,1.30273,1.30276,1.00,1.25
2018.05.10 11:10:04.857,1.30271,1.30276,1.57,1.00
2018.05.10 11:10:05.376,1.30271,1.30278,1.10,3.26
2018.05.10 11:10:05.513,1.30271,1.30275,1.00,1.00
2018.05.10 11:10:05.824,1.30268,1.30273,2.51,1.00
2018.05.10 11:10:05.977,1.3027,1.30275,1.12,2.44
2018.05.10 11:10:06.099,1.30268,1.30273,3.26,1.00
2018.05.10 11:10:06.203,1.30266,1.30271,1.00,1.00
2018.05.10 11:10:06.255,1.30266,1.30269,1.00,1.69
2018.05.10 11:10:06.411,1.30266,1.30271,1.50,1.69
2018.05.10 11:10:06.948,1.30267,1.30272,1.00,1.20
2018.05.10 11:10:07.255,1.30266,1.3027,1.00,1.00
2018.05.10 11:10:07.958,1.30265,1.3027,1.12,1.00
2018.05.10 11:10:09.398,1.30265,1.30266,1.00,1.00
2018.05.10 11:10:09.451,1.30262,1.30265,1.00,1.00
2018.05.10 11:10:09.605,1.30258,1.30264,2.14,1.00
2018.05.10 11:10:09.809,1.30262,1.30267,1.00,1.57
2018.05.10 11:10:10.123,1.30265,1.30268,1.00,1.00
2018.05.10 11:10:10.692,1.30265,1.30269,1.00,1.00
2018.05.10 11:10:11.005,1.30262,1.30266,1.00,1.00
2018.05.10 11:10:11.430,1.30262,1.30268,1.69,1.20
2018.05.10 11:10:11.947,1.30263,1.30269,1.57,1.00
2018.05.10 11:10:12.377,1.30262,1.30267,1.85,1.00
2018.05.10 11:10:12.430,1.30262,1.30267,1.00,1.00
2018.05.10 11:10:12.539,1.30262,1.30265,1.00,1.00
2018.05.10 11:10:12.645,1.30263,1.30268,1.00,1.20
2018.05.10 11:10:12.698,1.30264,1.30269,1.50,1.20
2018.05.10 11:10:13.042,1.30266,1.30271,1.00,1.57
2018.05.10 11:10:13.590,1.30264,1.30271,1.50,3.56
2018.05.10 11:10:13.644,1.30271,1.30274,1.00,1.45
2018.05.10 11:10:13.774,1.30272,1.30275,1.00,1.00
2018.05.10 11:10:13.827,1.30273,1.3028,1.31,2.89
2018.05.10 11:10:14.305,1.30271,1.30277,3.75,1.10
2018.05.10 11:10:14.526,1.30269,1.30274,1.00,1.00
2018.05.10 11:10:14.632,1.30269,1.30272,1.00,1.37
2018.05.10 11:10:14.685,1.30266,1.30271,1.10,1.12
2018.05.10 11:10:15.690,1.30266,1.30269,1.00,1.00
2018.05.10 11:10:15.913,1.30266,1.30271,1.00,1.00
2018.05.10 11:10:15.966,1.30269,1.30273,1.00,1.10
2018.05.10 11:10:16.177,1.30273,1.30278,1.12,1.10
2018.05.10 11:10:16.704,1.30273,1.30279,1.12,2.32
2018.05.10 11:10:16.758,1.30276,1.30281,1.00,2.51
2018.05.10 11:10:16.810,1.30276,1.30283,1.50,4.01
2018.05.10 11:10:17.122,1.30277,1.30284,1.20,1.20
2018.05.10 11:10:17.227,1.3028,1.30285,1.00,1.20
2018.05.10 11:10:17.592,1.30281,1.30287,1.50,1.57
2018.05.10 11:10:18.051,1.30281,1.30285,1.00,1.25
2018.05.10 11:10:18.381,1.30279,1.30283,1.00,1.25
2018.05.10 11:10:18.696,1.30278,1.30281,1.00,1.25
2018.05.10 11:10:18.853,1.30278,1.30283,1.00,3.94
2018.05.10 11:10:18.958,1.3028,1.30282,1.00,1.25
2018.05.10 11:10:19.061,1.30278,1.30283,1.00,1.25
2018.05.10 11:10:19.543,1.30278,1.30281,1.10,1.25
2018.05.10 11:10:19.953,1.30279,1.30283,1.00,3.19
2018.05.10 11:10:20.005,1.3028,1.30285,1.50,1.00
2018.05.10 11:10:20.593,1.30279,1.30283,1.10,1.00
2018.05.10 11:10:20.979,1.30279,1.30284,3.19,1.10
2018.05.10 11:10:21.134,1.30279,1.30286,3.00,1.00
2018.05.10 11:10:21.393,1.3028,1.30283,1.50,1.00
2018.05.10 11:10:21.651,1.30279,1.30285,2.32,1.00
2018.05.10 11:10:22.138,1.30282,1.30287,1.00,1.10
2018.05.10 11:10:22.344,1.30282,1.30284,1.00,1.00
2018.05.10 11:10:22.397,1.30278,1.30283,2.89,1.00
2018.05.10 11:10:22.930,1.30278,1.30284,1.10,1.19
2018.05.10 11:10:23.032,1.30278,1.30285,1.20,2.06
2018.05.10 11:10:23.084,1.30279,1.30284,1.00,1.19
2018.05.10 11:10:23.630,1.30278,1.30283,3.75,1.50
2018.05.10 11:10:24.315,1.30278,1.30284,3.75,1.25
2018.05.10 11:10:24.832,1.30278,1.30283,2.25,1.00
2018.05.10 11:10:25.041,1.30281,1.30287,2.25,1.69
2018.05.10 11:10:25.199,1.3028,1.30284,1.95,1.00
2018.05.10 11:10:25.251,1.3028,1.30284,1.00,1.00
2018.05.10 11:10:25.718,1.30276,1.30279,1.10,1.00
2018.05.10 11:10:25.931,1.30273,1.30278,1.10,1.25
2018.05.10 11:10:26.479,1.30273,1.30279,2.32,2.06
2018.05.10 11:10:27.018,1.30274,1.30279,1.50,1.50
2018.05.10 11:10:27.636,1.30274,1.30278,1.00,1.00
2018.05.10 11:10:28.148,1.30274,1.30279,1.00,1.00
2018.05.10 11:10:28.533,1.30273,1.30277,1.00,1.00
2018.05.10 11:10:28.643,1.30271,1.30276,1.00,1.25
2018.05.10 11:10:28.695,1.30271,1.30274,1.00,1.00
2018.05.10 11:10:29.197,1.30271,1.30273,1.00,1.00
2018.05.10 11:10:29.705,1.3027,1.30273,1.57,1.00
2018.05.10 11:10:30.456,1.3027,1.30276,1.50,1.12
2018.05.10 11:10:30.508,1.3027,1.30277,3.07,1.10
2018.05.10 11:10:31.072,1.30272,1.30278,1.20,1.50
2018.05.10 11:10:31.383,1.30275,1.30281,1.50,1.00
2018.05.10 11:10:31.928,1.30274,1.30279,2.70,1.00
2018.05.10 11:10:32.439,1.30275,1.30281,1.20,2.06
2018.05.10 11:10:32.946,1.30278,1.30283,1.12,1.25
2018.05.10 11:10:33.256,1.3028,1.30286,2.32,1.00
2018.05.10 11:10:33.815,1.30281,1.30288,1.20,2.32
2018.05.10 11:10:34.328,1.3028,1.30287,4.20,1.25
2018.05.10 11:10:34.747,1.3028,1.30285,2.25,1.00
2018.05.10 11:10:35.081,1.30281,1.30288,2.32,1.39
2018.05.10 11:10:35.133,1.30281,1.30287,1.57,1.19
2018.05.10 11:10:35.340,1.30282,1.30288,1.57,1.50
2018.05.10 11:10:35.605,1.30284,1.30289,1.10,1.00
2018.05.10 11:10:36.139,1.30284,1.3029,1.57,2.06
2018.05.10 11:10:36.470,1.30284,1.30289,1.57,1.19
2018.05.10 11:10:36.974,1.30284,1.30289,1.57,1.25
2018.05.10 11:10:37.417,1.30283,1.30289,1.20,1.00
2018.05.10 11:10:37.950,1.30283,1.30288,1.12,1.25
2018.05.10 11:10:38.709,1.30283,1.30286,1.00,1.00
2018.05.10 11:10:39.688,1.30282,1.30287,1.00,1.00
2018.05.10 11:10:40.104,1.30283,1.30285,1.10,1.00
2018.05.10 11:10:40.640,1.30282,1.30284,1.00,1.00
2018.05.10 11:10:41.162,1.30282,1.30285,1.00,1.00
2018.05.10 11:10:43.266,1.30281,1.30285,1.10,1.00
2018.05.10 11:10:43.918,1.30279,1.30285,4.39,1.00
2018.05.10 11:10:44.463,1.30279,1.30284,4.39,1.00
2018.05.10 11:10:45.011,1.3028,1.30283,1.31,1.00
2018.05.10 11:10:46.064,1.30279,1.30282,3.26,1.00
2018.05.10 11:10:47.479,1.3028,1.30284,1.69,1.00
2018.05.10 11:10:47.598,1.3028,1.30282,1.00,1.00
2018.05.10 11:10:48.113,1.30282,1.30285,2.06,1.00
2018.05.10 11:10:48.217,1.30282,1.30284,1.39,1.00
2018.05.10 11:10:48.374,1.30282,1.30286,1.20,1.00
2018.05.10 11:10:48.494,1.30281,1.30284,2.89,1.00
2018.05.10 11:10:49.040,1.30281,1.30284,1.95,1.00
2018.05.10 11:10:50.076,1.30281,1.30284,1.57,1.00
2018.05.10 11:10:50.621,1.3028,1.30284,1.57,1.00
2018.05.10 11:10:50.725,1.30281,1.30287,1.57,1.25
2018.05.10 11:10:51.251,1.30282,1.30286,1.12,1.00
2018.05.10 11:10:51.785,1.30282,1.30287,1.87,1.00
2018.05.10 11:10:52.199,1.30284,1.30287,1.00,1.00
2018.05.10 11:10:52.897,1.30284,1.30286,1.00,1.00
2018.05.10 11:10:53.206,1.30284,1.30288,1.00,1.00
2018.05.10 11:10:53.854,1.30283,1.30287,2.44,1.00
2018.05.10 11:10:53.906,1.30283,1.30289,3.64,1.00
2018.05.10 11:10:54.008,1.30286,1.30289,1.75,1.00
2018.05.10 11:10:54.162,1.30286,1.30291,3.07,1.00
2018.05.10 11:10:54.665,1.30286,1.3029,3.07,1.00
2018.05.10 11:10:55.117,1.30286,1.3029,2.32,1.00
2018.05.10 11:10:55.669,1.30286,1.30289,1.50,1.00
2018.05.10 11:10:55.721,1.30286,1.30291,1.50,1.00
2018.05.10 11:10:57.036,1.30286,1.3029,1.12,1.00
2018.05.10 11:10:57.669,1.30286,1.30291,1.50,1.00
2018.05.10 11:10:57.801,1.30289,1.30292,1.19,1.00
2018.05.10 11:10:57.904,1.3029,1.30296,3.00,1.10
2018.05.10 11:10:59.719,1.30291,1.30296,3.00,1.25
2018.05.10 11:11:00.691,1.3029,1.30293,1.10,1.25
2018.05.10 11:11:01.049,1.3029,1.30291,1.00,1.00
2018.05.10 11:11:01.851,1.30288,1.30291,1.00,1.25
2018.05.10 11:11:02.602,1.30288,1.30291,1.00,1.19
2018.05.10 11:11:02.943,1.30286,1.3029,1.57,1.00
2018.05.10 11:11:03.454,1.30286,1.30289,1.00,1.00
2018.05.10 11:11:03.665,1.30286,1.30291,1.00,1.25
2018.05.10 11:11:03.769,1.30286,1.30289,1.00,1.00
2018.05.10 11:11:06.187,1.30284,1.30288,2.25,1.00
2018.05.10 11:11:06.341,1.30284,1.30288,1.00,1.00
2018.05.10 11:11:06.905,1.30284,1.30286,1.00,1.00
2018.05.10 11:11:07.421,1.30284,1.30285,1.00,1.00
2018.05.10 11:11:07.574,1.30281,1.30285,2.70,1.00
2018.05.10 11:11:08.336,1.30281,1.30286,1.00,1.25
2018.05.10 11:11:08.647,1.30281,1.30284,1.00,1.00
2018.05.10 11:11:09.437,1.30277,1.30282,3.94,1.25
2018.05.10 11:11:10.196,1.30277,1.30281,1.69,1.00
2018.05.10 11:11:10.568,1.30279,1.30281,1.00,1.00
2018.05.10 11:11:11.148,1.30279,1.30283,1.69,1.00
2018.05.10 11:11:11.201,1.3028,1.30283,2.32,1.00
2018.05.10 11:11:11.749,1.3028,1.30284,2.32,1.00
2018.05.10 11:11:12.275,1.3028,1.30283,2.32,1.00
2018.05.10 11:11:12.812,1.30279,1.30282,1.85,1.00
2018.05.10 11:11:13.614,1.30278,1.30282,1.10,1.00
2018.05.10 11:11:14.736,1.30278,1.3028,1.00,1.00
2018.05.10 11:11:15.636,1.30275,1.30278,1.20,1.00
2018.05.10 11:11:15.740,1.30272,1.30277,1.57,1.00
2018.05.10 11:11:17.822,1.30273,1.3028,6.19,1.00
2018.05.10 11:11:18.132,1.30273,1.30275,1.10,1.13
2018.05.10 11:11:18.235,1.30267,1.30271,1.50,1.00
2018.05.10 11:11:18.621,1.30267,1.30269,1.00,1.00
2018.05.10 11:11:18.673,1.30264,1.30269,3.26,1.25
2018.05.10 11:11:18.725,1.30264,1.30266,1.10,1.00
2018.05.10 11:11:18.828,1.30261,1.30266,1.00,1.25
2018.05.10 11:11:18.982,1.30262,1.30267,1.38,1.00
2018.05.10 11:11:20.104,1.30264,1.30267,1.00,1.00
2018.05.10 11:11:20.933,1.30264,1.30268,1.00,1.00
2018.05.10 11:11:21.449,1.30265,1.30268,1.00,1.00
2018.05.10 11:11:23.866,1.30265,1.3027,1.88,1.00
2018.05.10 11:11:23.918,1.30266,1.30272,1.75,1.50
2018.05.10 11:11:24.527,1.30266,1.30271,2.25,1.00
2018.05.10 11:11:25.056,1.30267,1.30271,1.00,1.00
2018.05.10 11:11:25.266,1.30269,1.30276,2.62,3.26
2018.05.10 11:11:25.974,1.30268,1.30274,5.14,1.00
2018.05.10 11:11:26.286,1.30268,1.30272,3.07,1.00
2018.05.10 11:11:26.339,1.30268,1.30272,1.57,1.00
2018.05.10 11:11:26.886,1.30268,1.30273,1.57,1.00
2018.05.10 11:11:28.488,1.30269,1.30272,1.20,1.00
2018.05.10 11:11:28.642,1.30269,1.30273,2.70,1.00
2018.05.10 11:11:30.105,1.30269,1.30273,1.76,1.00
2018.05.10 11:11:30.157,1.3027,1.30277,2.06,2.62
2018.05.10 11:11:30.752,1.30272,1.30278,1.88,1.00
2018.05.10 11:11:30.963,1.30272,1.30276,1.87,1.00
2018.05.10 11:11:31.268,1.30272,1.30275,1.57,1.00
2018.05.10 11:11:31.371,1.30269,1.30273,1.10,1.00
2018.05.10 11:11:31.984,1.30269,1.30272,1.00,1.00
2018.05.10 11:11:32.720,1.30267,1.30272,1.57,1.00
2018.05.10 11:11:34.720,1.30267,1.30273,2.32,1.00
2018.05.10 11:11:34.889,1.30267,1.30271,1.57,1.00
2018.05.10 11:11:35.202,1.30265,1.30266,1.50,1.00
2018.05.10 11:11:35.305,1.30263,1.30266,1.00,1.00
2018.05.10 11:11:35.828,1.30263,1.30265,1.00,1.00
2018.05.10 11:11:36.411,1.3026,1.30265,3.82,1.00
2018.05.10 11:11:36.937,1.3026,1.30264,3.07,1.00
2018.05.10 11:11:37.330,1.3026,1.30264,1.10,1.00
2018.05.10 11:11:38.437,1.30262,1.30264,1.00,1.00
2018.05.10 11:11:39.549,1.30261,1.30264,1.00,1.00
2018.05.10 11:11:39.931,1.30263,1.30268,1.00,3.82
2018.05.10 11:11:39.983,1.30263,1.30268,2.25,1.10
2018.05.10 11:11:40.526,1.30263,1.30269,2.89,1.00
2018.05.10 11:11:41.031,1.30263,1.30267,2.32,1.00
2018.05.10 11:11:41.189,1.30262,1.30265,1.10,1.00
2018.05.10 11:11:41.702,1.30262,1.30264,1.00,1.00
2018.05.10 11:11:42.425,1.3026,1.30263,1.00,1.00
2018.05.10 11:11:42.477,1.3026,1.30265,1.00,1.13
2018.05.10 11:11:42.529,1.3026,1.30263,1.00,1.00
2018.05.10 11:11:43.046,1.3026,1.30264,1.01,1.00
2018.05.10 11:11:43.537,1.30262,1.30264,1.00,1.00
2018.05.10 11:11:44.136,1.30262,1.30265,1.00,1.00
2018.05.10 11:11:44.492,1.30262,1.30268,1.00,1.76
2018.05.10 11:11:44.544,1.30263,1.30268,2.25,1.00
2018.05.10 11:11:44.851,1.30266,1.30271,1.88,1.10
2018.05.10 11:11:44.954,1.30269,1.30272,2.00,1.00
2018.05.10 11:11:45.109,1.3027,1.30274,1.76,1.00
2018.05.10 11:11:45.907,1.30271,1.30278,1.95,2.70
2018.05.10 11:11:46.420,1.30272,1.30277,1.58,1.00
2018.05.10 11:11:47.065,1.30272,1.30276,1.20,1.00
2018.05.10 11:11:47.476,1.30273,1.30279,1.00,3.19
2018.05.10 11:11:47.578,1.30272,1.30276,1.50,1.00
2018.05.10 11:11:48.092,1.30272,1.30278,1.00,5.14
2018.05.10 11:11:48.609,1.30272,1.30279,1.57,1.47
2018.05.10 11:11:49.146,1.30274,1.30279,1.50,1.00
2018.05.10 11:11:49.403,1.30275,1.30281,1.12,1.20
2018.05.10 11:11:50.288,1.30275,1.30282,3.19,2.51
2018.05.10 11:11:50.920,1.30275,1.3028,3.00,1.69
2018.05.10 11:11:51.364,1.30275,1.30281,3.00,1.25
2018.05.10 11:11:52.087,1.30275,1.3028,3.00,1.13
2018.05.10 11:11:52.565,1.30275,1.3028,1.50,1.13
2018.05.10 11:11:53.012,1.30274,1.3028,1.00,1.56
2018.05.10 11:11:53.723,1.30273,1.30278,1.50,2.06
2018.05.10 11:11:54.087,1.3027,1.30275,2.25,1.25
2018.05.10 11:11:54.141,1.30271,1.30277,1.50,1.13
2018.05.10 11:11:54.297,1.30271,1.30279,3.45,1.10
2018.05.10 11:11:54.847,1.30273,1.30279,1.00,1.10
2018.05.10 11:11:55.362,1.30274,1.30279,1.50,1.29
2018.05.10 11:11:55.734,1.30275,1.30281,1.50,1.29
2018.05.10 11:11:56.875,1.30275,1.3028,1.00,1.01
2018.05.10 11:11:57.409,1.30275,1.30279,1.00,1.25
2018.05.10 11:11:57.725,1.30271,1.30276,1.50,1.31
2018.05.10 11:11:58.263,1.30271,1.30276,1.00,3.00
2018.05.10 11:11:58.780,1.3027,1.30276,3.00,1.87
2018.05.10 11:11:59.311,1.3027,1.30275,2.25,1.00
2018.05.10 11:11:59.961,1.30269,1.30276,1.50,1.87
2018.05.10 11:12:00.175,1.30273,1.30276,1.00,1.00
2018.05.10 11:12:00.288,1.30273,1.30278,1.50,1.00
2018.05.10 11:12:00.829,1.30273,1.3028,1.57,1.58
2018.05.10 11:12:01.190,1.30272,1.30278,1.10,1.37
2018.05.10 11:12:01.519,1.30265,1.3027,1.00,3.00
2018.05.10 11:12:02.039,1.30267,1.30271,1.00,1.00
2018.05.10 11:12:02.296,1.30265,1.3027,1.00,1.00
2018.05.10 11:12:02.818,1.30265,1.30269,1.00,1.00
2018.05.10 11:12:03.416,1.30261,1.30267,2.25,1.44
2018.05.10 11:12:03.468,1.3026,1.30267,3.26,2.25
2018.05.10 11:12:04.048,1.30261,1.30267,1.00,3.07
2018.05.10 11:12:04.599,1.30262,1.30268,1.50,1.76
2018.05.10 11:12:05.110,1.3026,1.30266,1.00,2.32
2018.05.10 11:12:05.626,1.30259,1.30264,1.00,1.00
2018.05.10 11:12:07.051,1.30261,1.30268,1.50,1.69
2018.05.10 11:12:07.564,1.30262,1.30268,1.12,1.12
2018.05.10 11:12:08.118,1.30263,1.30268,1.00,1.13
2018.05.10 11:12:08.662,1.30263,1.30267,1.00,1.10
2018.05.10 11:12:09.000,1.30263,1.30266,1.00,1.38
2018.05.10 11:12:09.106,1.3026,1.30263,1.00,1.00
2018.05.10 11:12:09.833,1.3026,1.30262,1.00,1.00
2018.05.10 11:12:10.161,1.30256,1.30259,2.25,1.00
2018.05.10 11:12:10.267,1.30255,1.30258,1.00,1.00
2018.05.10 11:12:10.789,1.30255,1.30259,1.00,1.10
2018.05.10 11:12:11.200,1.30252,1.30256,1.00,1.00
2018.05.10 11:12:11.506,1.30252,1.30258,1.69,1.20
2018.05.10 11:12:11.559,1.30255,1.30259,1.00,1.00
2018.05.10 11:12:11.869,1.30255,1.30257,1.00,1.00
2018.05.10 11:12:12.691,1.30253,1.30257,1.00,1.00
2018.05.10 11:12:14.265,1.30252,1.30253,1.00,1.00
2018.05.10 11:12:14.317,1.30249,1.30252,1.10,1.00
2018.05.10 11:12:14.425,1.30249,1.30256,1.00,3.26
2018.05.10 11:12:14.636,1.30249,1.30253,1.12,1.00
2018.05.10 11:12:15.263,1.30249,1.30252,1.00,1.00
2018.05.10 11:12:15.520,1.30249,1.30255,3.37,1.50
2018.05.10 11:12:16.024,1.30249,1.30254,2.81,1.25
2018.05.10 11:12:16.381,1.3025,1.30256,2.06,2.32
2018.05.10 11:12:16.893,1.30252,1.30256,1.00,1.13
2018.05.10 11:12:17.082,1.30251,1.30253,1.00,1.00
2018.05.10 11:12:17.134,1.30252,1.30255,1.00,1.88
2018.05.10 11:12:17.678,1.30252,1.30254,1.00,1.00
2018.05.10 11:12:17.730,1.30252,1.30258,1.50,2.89
2018.05.10 11:12:18.093,1.30252,1.30256,1.00,1.00
2018.05.10 11:12:18.402,1.30252,1.30254,1.00,1.00
2018.05.10 11:12:18.841,1.30248,1.30253,6.37,1.00
2018.05.10 11:12:19.929,1.30249,1.30253,2.00,1.00
2018.05.10 11:12:20.463,1.30249,1.30254,1.87,2.25
2018.05.10 11:12:22.235,1.30249,1.30255,2.44,1.57
2018.05.10 11:12:22.743,1.30249,1.30254,2.62,1.50
2018.05.10 11:12:23.144,1.30249,1.30252,2.44,2.25
2018.05.10 11:12:23.417,1.30248,1.30251,2.44,1.00
2018.05.10 11:12:23.885,1.30248,1.30254,4.01,1.50
2018.05.10 11:12:24.360,1.30252,1.30254,1.00,1.00
2018.05.10 11:12:25.450,1.30252,1.30255,1.00,1.00
2018.05.10 11:12:25.618,1.30252,1.30258,1.44,1.95
2018.05.10 11:12:25.981,1.30253,1.30258,3.38,1.00
2018.05.10 11:12:26.770,1.30253,1.30257,2.44,1.00
2018.05.10 11:12:26.923,1.30253,1.30259,2.51,1.25
2018.05.10 11:12:27.356,1.30255,1.30256,1.00,1.00
2018.05.10 11:12:28.157,1.30253,1.30256,1.00,1.00
2018.05.10 11:12:29.332,1.30252,1.30257,1.50,1.00
2018.05.10 11:12:29.833,1.30253,1.30258,1.12,1.01
2018.05.10 11:12:30.348,1.30253,1.30257,1.12,1.00
2018.05.10 11:12:30.895,1.30252,1.30258,3.19,1.69
2018.05.10 11:12:31.617,1.30252,1.30258,1.69,1.00
2018.05.10 11:12:32.305,1.30252,1.30259,1.69,1.50
2018.05.10 11:12:32.721,1.30253,1.3026,3.19,1.25
2018.05.10 11:12:33.147,1.30253,1.30258,3.00,1.00
2018.05.10 11:12:33.859,1.30253,1.30258,1.76,1.50
2018.05.10 11:12:34.171,1.30252,1.30255,2.32,1.00
2018.05.10 11:12:34.353,1.30251,1.30255,1.10,1.00
2018.05.10 11:12:34.896,1.30251,1.30254,1.00,1.00
2018.05.10 11:12:35.400,1.3025,1.30252,1.25,1.00
2018.05.10 11:12:35.453,1.3025,1.30256,1.50,1.50
2018.05.10 11:12:35.505,1.30254,1.30258,1.00,1.20
2018.05.10 11:12:35.822,1.30254,1.30256,1.00,1.00
2018.05.10 11:12:36.439,1.30254,1.30257,1.00,1.50
2018.05.10 11:12:36.847,1.30252,1.30258,1.10,1.00
2018.05.10 11:12:37.515,1.30252,1.30257,1.00,1.00
2018.05.10 11:12:37.977,1.30251,1.30255,3.26,1.00
2018.05.10 11:12:38.297,1.3025,1.30256,2.63,1.20
2018.05.10 11:12:38.350,1.30251,1.30257,3.19,1.10
2018.05.10 11:12:38.662,1.30245,1.30247,1.01,1.69
2018.05.10 11:12:38.726,1.30243,1.30246,1.00,1.25
2018.05.10 11:12:39.232,1.30243,1.30248,1.00,1.50
2018.05.10 11:12:39.677,1.30242,1.30246,1.25,1.00
2018.05.10 11:12:40.192,1.30242,1.30245,1.00,1.00
2018.05.10 11:12:40.766,1.3024,1.30245,1.89,1.50
2018.05.10 11:12:40.870,1.3024,1.30247,1.66,1.87
2018.05.10 11:12:40.978,1.30241,1.30245,1.76,1.00
2018.05.10 11:12:41.317,1.30241,1.30247,2.02,1.13
2018.05.10 11:12:41.474,1.30241,1.30246,1.00,1.50
2018.05.10 11:12:42.004,1.30241,1.30245,1.01,1.25
2018.05.10 11:12:42.107,1.30238,1.3024,1.10,1.00
2018.05.10 11:12:42.263,1.30238,1.30242,1.00,1.00
2018.05.10 11:12:42.814,1.30239,1.30245,1.69,1.95
2018.05.10 11:12:43.126,1.30242,1.30248,2.19,1.10
2018.05.10 11:12:43.643,1.30242,1.30247,2.70,1.00
2018.05.10 11:12:44.172,1.30242,1.30248,3.45,1.00
2018.05.10 11:12:44.676,1.30243,1.30249,1.69,1.10
2018.05.10 11:12:45.648,1.30242,1.30248,3.26,1.00
2018.05.10 11:12:46.289,1.30243,1.30249,1.69,1.10
2018.05.10 11:12:46.636,1.30242,1.30247,1.00,1.00
2018.05.10 11:12:47.153,1.30242,1.30246,1.00,1.00
2018.05.10 11:12:47.257,1.30239,1.30244,1.00,1.01
2018.05.10 11:12:47.308,1.30236,1.30244,9.08,1.01
2018.05.10 11:12:47.360,1.30239,1.30244,2.44,1.00
2018.05.10 11:12:47.497,1.3024,1.30247,4.31,1.10
2018.05.10 11:12:47.549,1.3024,1.30245,1.57,1.00
2018.05.10 11:12:48.116,1.3024,1.30246,1.76,1.50
2018.05.10 11:12:48.534,1.30243,1.30247,1.31,1.50
2018.05.10 11:12:49.187,1.30242,1.30247,1.12,1.50
2018.05.10 11:12:49.344,1.30242,1.30247,1.00,1.50
2018.05.10 11:12:49.667,1.30245,1.30249,1.25,1.12
2018.05.10 11:12:49.967,1.30246,1.30251,1.00,1.57
2018.05.10 11:12:50.483,1.30245,1.3025,1.87,1.00
2018.05.10 11:12:50.783,1.30243,1.30248,1.69,1.00
2018.05.10 11:12:50.834,1.30241,1.30246,1.75,1.00
2018.05.10 11:12:51.626,1.30243,1.30246,1.50,1.00
2018.05.10 11:12:51.678,1.30245,1.3025,1.00,1.57
2018.05.10 11:12:51.884,1.30244,1.30251,2.63,1.00
2018.05.10 11:12:52.412,1.30247,1.30253,1.00,2.32
2018.05.10 11:12:52.938,1.30244,1.30249,2.32,1.00
2018.05.10 11:12:52.991,1.30243,1.30248,2.51,1.00
2018.05.10 11:12:53.570,1.30243,1.30249,1.44,1.87
2018.05.10 11:12:54.215,1.30243,1.30249,1.01,1.50
2018.05.10 11:12:54.956,1.30243,1.30249,1.95,1.50
2018.05.10 11:12:55.164,1.30245,1.30251,2.62,1.95
2018.05.10 11:12:55.269,1.30246,1.30252,1.12,1.10
2018.05.10 11:12:55.780,1.30245,1.30251,3.07,1.00
2018.05.10 11:12:56.089,1.30244,1.30249,1.76,1.00
2018.05.10 11:12:56.141,1.30243,1.30248,3.00,1.00
2018.05.10 11:12:56.658,1.30243,1.30249,1.50,1.50
2018.05.10 11:12:56.761,1.30246,1.3025,1.50,1.10
2018.05.10 11:12:57.157,1.30262,1.30265,1.31,1.00
2018.05.10 11:12:57.312,1.30266,1.30272,1.00,3.07
2018.05.10 11:12:57.520,1.30269,1.30275,1.00,3.64
2018.05.10 11:12:57.626,1.3027,1.30276,1.12,1.45
2018.05.10 11:12:57.923,1.3027,1.30276,1.12,1.76
2018.05.10 11:12:58.437,1.3027,1.30276,1.31,2.14
2018.05.10 11:12:58.649,1.30272,1.30277,1.00,2.70
2018.05.10 11:12:58.701,1.30271,1.30277,2.06,1.39
2018.05.10 11:12:58.932,1.3027,1.30276,2.89,1.44
2018.05.10 11:12:59.584,1.3027,1.30277,2.06,1.69
2018.05.10 11:13:00.098,1.3027,1.30277,2.25,2.81
2018.05.10 11:13:00.592,1.30274,1.30279,1.00,1.33
2018.05.10 11:13:00.644,1.30272,1.30278,1.76,1.00
2018.05.10 11:13:00.748,1.3027,1.30275,1.01,1.69
2018.05.10 11:13:01.123,1.30268,1.30274,1.50,1.81
2018.05.10 11:13:01.766,1.30267,1.30272,1.75,1.12
2018.05.10 11:13:01.817,1.30266,1.30272,2.25,1.76
2018.05.10 11:13:01.920,1.30269,1.30274,1.00,1.95
2018.05.10 11:13:02.074,1.30269,1.30275,1.12,2.70
2018.05.10 11:13:02.249,1.30267,1.30273,1.75,1.39
2018.05.10 11:13:02.351,1.30266,1.30271,1.01,1.13
2018.05.10 11:13:02.558,1.30266,1.3027,1.00,2.25
2018.05.10 11:13:02.915,1.30267,1.30271,2.25,2.51
2018.05.10 11:13:02.967,1.30267,1.30274,4.13,1.29
2018.05.10 11:13:03.183,1.3027,1.30275,1.12,1.20
2018.05.10 11:13:03.287,1.30267,1.30273,3.07,1.00
2018.05.10 11:13:03.339,1.30267,1.30273,1.12,2.89
2018.05.10 11:13:03.546,1.30269,1.30274,1.00,1.70
2018.05.10 11:13:03.766,1.30267,1.30273,1.12,2.14
2018.05.10 11:13:03.972,1.30265,1.30273,3.64,2.89
2018.05.10 11:13:04.331,1.30265,1.30273,3.45,2.70
2018.05.10 11:13:04.865,1.30267,1.30273,1.12,1.39
2018.05.10 11:13:05.072,1.30269,1.30275,1.12,1.20
2018.05.10 11:13:05.382,1.3027,1.30276,1.00,1.01
2018.05.10 11:13:05.593,1.30271,1.30277,1.75,1.10
2018.05.10 11:13:06.104,1.30272,1.30278,1.00,3.64
2018.05.10 11:13:06.410,1.3027,1.30276,2.25,1.58
2018.05.10 11:13:06.618,1.30269,1.30275,1.87,1.57
2018.05.10 11:13:07.185,1.3027,1.30276,1.00,1.57
2018.05.10 11:13:07.237,1.30272,1.30278,1.00,1.39
2018.05.10 11:13:07.416,1.3027,1.30276,2.70,1.81
2018.05.10 11:13:07.468,1.30271,1.30277,1.12,1.31
2018.05.10 11:13:07.774,1.30271,1.30278,1.20,2.51
2018.05.10 11:13:08.354,1.30272,1.30278,1.00,2.70
2018.05.10 11:13:08.762,1.30277,1.30281,1.00,1.76
2018.05.10 11:13:08.814,1.30274,1.30279,1.12,1.10
2018.05.10 11:13:08.968,1.30275,1.30282,1.00,3.08
2018.05.10 11:13:09.485,1.30276,1.30281,1.00,1.29
2018.05.10 11:13:09.689,1.30276,1.30284,1.50,3.64
2018.05.10 11:13:10.228,1.30276,1.30284,2.32,3.45
2018.05.10 11:13:11.278,1.30281,1.30286,1.00,4.39
2018.05.10 11:13:11.330,1.30281,1.30286,1.00,2.32
2018.05.10 11:13:11.382,1.30279,1.30285,1.00,1.25
2018.05.10 11:13:11.883,1.30278,1.30284,1.12,1.76
2018.05.10 11:13:12.206,1.30276,1.30282,1.10,1.50
2018.05.10 11:13:12.740,1.30276,1.30282,1.00,1.76
2018.05.10 11:13:13.282,1.30277,1.30284,1.88,1.95
2018.05.10 11:13:13.807,1.30276,1.30282,1.50,1.29
2018.05.10 11:13:14.381,1.30276,1.30282,1.50,1.01
2018.05.10 11:13:14.899,1.30276,1.30282,1.12,1.39
2018.05.10 11:13:15.419,1.30276,1.30282,3.07,1.00
2018.05.10 11:13:15.730,1.30284,1.30289,1.00,3.45
2018.05.10 11:13:15.827,1.30284,1.30289,1.00,1.10
2018.05.10 11:13:16.239,1.30283,1.30287,1.12,1.00
2018.05.10 11:13:16.770,1.30283,1.30289,1.00,2.70
2018.05.10 11:13:17.301,1.30283,1.30289,1.00,3.08
2018.05.10 11:13:17.620,1.30278,1.30284,1.87,1.69
2018.05.10 11:13:18.035,1.30279,1.30285,1.00,1.20
2018.05.10 11:13:18.086,1.30281,1.30287,1.50,2.32
2018.05.10 11:13:18.247,1.30281,1.30287,1.50,1.76
2018.05.10 11:13:18.843,1.30281,1.30287,1.50,1.88
2018.05.10 11:13:19.370,1.30282,1.30287,1.00,1.01
2018.05.10 11:13:19.731,1.30282,1.30286,1.00,1.29
2018.05.10 11:13:20.306,1.30281,1.30286,1.00,1.95
2018.05.10 11:13:20.876,1.30282,1.30287,1.00,4.01
2018.05.10 11:13:21.131,1.30279,1.30286,1.39,1.01
2018.05.10 11:13:21.339,1.30281,1.30286,1.00,1.51
2018.05.10 11:13:22.043,1.30278,1.30283,1.95,1.25
2018.05.10 11:13:22.152,1.30276,1.30282,1.10,2.06
2018.05.10 11:13:22.664,1.30277,1.30282,1.00,1.20
2018.05.10 11:13:22.907,1.30275,1.3028,1.12,1.63
2018.05.10 11:13:23.433,1.30273,1.3028,4.87,2.14
2018.05.10 11:13:23.790,1.30277,1.30281,1.00,1.01
2018.05.10 11:13:25.015,1.30275,1.30282,1.50,3.83
2018.05.10 11:13:25.120,1.30278,1.30283,1.00,1.45
2018.05.10 11:13:25.439,1.30281,1.30286,1.00,2.51
2018.05.10 11:13:26.277,1.30279,1.30284,1.50,1.01
2018.05.10 11:13:26.792,1.30276,1.30284,1.85,2.89
2018.05.10 11:13:26.950,1.30275,1.30281,2.32,1.13
2018.05.10 11:13:27.003,1.30274,1.3028,3.26,1.00
2018.05.10 11:13:27.561,1.30274,1.30279,2.14,1.00
2018.05.10 11:13:27.970,1.30275,1.30281,1.76,2.06
2018.05.10 11:13:28.550,1.30276,1.30282,1.57,2.25
2018.05.10 11:13:29.002,1.30276,1.30282,1.57,2.44
2018.05.10 11:13:29.209,1.30275,1.3028,1.12,1.00
2018.05.10 11:13:30.635,1.30275,1.30281,1.31,1.12
2018.05.10 11:13:31.148,1.30273,1.30281,3.56,5.32
2018.05.10 11:13:31.199,1.30273,1.30281,2.62,2.51
2018.05.10 11:13:31.446,1.30273,1.30279,7.39,1.00
2018.05.10 11:13:32.445,1.30274,1.30281,2.33,3.08
2018.05.10 11:13:32.943,1.30276,1.30282,1.44,1.76
2018.05.10 11:13:33.097,1.30277,1.30283,2.44,1.57
2018.05.10 11:13:33.201,1.3028,1.30284,1.12,1.00
2018.05.10 11:13:33.304,1.30281,1.30286,1.87,1.00
2018.05.10 11:13:33.851,1.30282,1.30288,1.76,1.69
2018.05.10 11:13:34.372,1.30282,1.30288,1.57,1.00
2018.05.10 11:13:35.084,1.30282,1.30289,1.57,1.39
2018.05.10 11:13:35.549,1.30285,1.3029,1.00,3.26
2018.05.10 11:13:35.759,1.30282,1.30288,1.57,1.00
2018.05.10 11:13:35.816,1.3028,1.30285,1.57,1.00
2018.05.10 11:13:35.869,1.30279,1.30284,1.45,1.00
2018.05.10 11:13:36.189,1.30285,1.30287,1.00,2.32
2018.05.10 11:13:36.299,1.3029,1.30292,1.00,1.10
2018.05.10 11:13:36.561,1.30288,1.30292,1.20,1.00
2018.05.10 11:13:36.613,1.30288,1.3029,1.20,1.00
2018.05.10 11:13:36.858,1.30287,1.30293,2.32,1.12
2018.05.10 11:13:36.961,1.3029,1.30292,1.20,1.00
2018.05.10 11:13:37.491,1.3029,1.30295,1.20,2.25
2018.05.10 11:13:38.038,1.3029,1.30295,1.20,1.88
2018.05.10 11:13:38.625,1.30289,1.30293,1.95,1.00
2018.05.10 11:13:38.818,1.30287,1.30292,1.95,1.00
2018.05.10 11:13:39.132,1.30288,1.3029,1.20,1.00
2018.05.10 11:13:39.501,1.30285,1.30287,1.10,1.00
2018.05.10 11:13:39.826,1.30285,1.30289,1.10,1.00
2018.05.10 11:13:39.879,1.30286,1.30292,1.00,2.51
2018.05.10 11:13:40.429,1.30286,1.30292,2.32,1.00
2018.05.10 11:13:40.532,1.30287,1.30291,1.20,1.44
2018.05.10 11:13:41.239,1.30286,1.30289,1.57,1.50
2018.05.10 11:13:41.342,1.30282,1.30287,2.89,1.50
2018.05.10 11:13:41.446,1.30281,1.30283,1.45,1.00
2018.05.10 11:13:41.498,1.30279,1.30283,1.20,1.12
2018.05.10 11:13:41.602,1.30281,1.30286,1.39,1.12
2018.05.10 11:13:42.197,1.3028,1.30285,3.64,1.00
2018.05.10 11:13:42.710,1.30281,1.30286,2.32,1.50
2018.05.10 11:13:42.935,1.30283,1.30288,1.39,1.12
2018.05.10 11:13:42.987,1.30284,1.30288,1.95,1.12
2018.05.10 11:13:43.039,1.30285,1.3029,1.76,1.00
2018.05.10 11:13:43.090,1.30286,1.3029,1.45,1.00
2018.05.10 11:13:43.295,1.30288,1.30292,1.57,1.00
2018.05.10 11:13:43.553,1.30287,1.3029,1.20,1.00
2018.05.10 11:13:43.819,1.30283,1.30288,1.20,1.50
2018.05.10 11:13:44.294,1.30281,1.30285,3.45,1.00
2018.05.10 11:13:44.349,1.30278,1.30283,2.81,1.25
2018.05.10 11:13:44.880,1.30279,1.30284,1.10,1.50
2018.05.10 11:13:45.398,1.30279,1.30283,1.10,1.00
2018.05.10 11:13:45.935,1.30277,1.30284,1.95,2.62
2018.05.10 11:13:46.548,1.30276,1.30282,1.45,2.44
2018.05.10 11:13:46.651,1.30275,1.3028,2.32,1.25
2018.05.10 11:13:47.259,1.30275,1.30281,1.01,1.12
2018.05.10 11:13:47.414,1.30274,1.30281,2.89,1.12
2018.05.10 11:13:48.041,1.30275,1.30282,2.33,1.50
2018.05.10 11:13:48.351,1.30277,1.30284,4.39,1.00
2018.05.10 11:13:48.876,1.30276,1.30283,2.51,1.69
2018.05.10 11:13:49.209,1.30276,1.3028,1.10,1.25
2018.05.10 11:13:49.561,1.30276,1.30281,1.57,1.00
2018.05.10 11:13:49.767,1.30276,1.30281,1.10,1.87
2018.05.10 11:13:50.612,1.30274,1.3028,1.95,1.00
2018.05.10 11:13:50.718,1.30273,1.30276,2.51,1.00
2018.05.10 11:13:50.879,1.30268,1.30272,1.20,1.25
2018.05.10 11:13:50.981,1.30272,1.30276,1.00,1.12
2018.05.10 11:13:51.085,1.30271,1.30277,1.45,1.25
2018.05.10 11:13:51.608,1.30272,1.30277,1.45,1.00
2018.05.10 11:13:51.938,1.30275,1.30279,1.00,1.00
2018.05.10 11:13:51.990,1.30276,1.30282,1.00,1.57
2018.05.10 11:13:52.047,1.30273,1.30278,1.45,1.00
2018.05.10 11:13:52.099,1.30271,1.30278,3.64,1.50
2018.05.10 11:13:52.717,1.30273,1.30278,1.00,2.25
2018.05.10 11:13:52.770,1.30271,1.30277,1.10,1.87
2018.05.10 11:13:52.873,1.3027,1.30275,1.12,1.00
2018.05.10 11:13:53.409,1.30269,1.30275,1.00,1.50
2018.05.10 11:13:53.522,1.3027,1.30276,1.00,1.31
2018.05.10 11:13:53.679,1.30273,1.30277,1.00,1.50
2018.05.10 11:13:53.888,1.30277,1.30281,1.00,1.00
2018.05.10 11:13:54.094,1.30275,1.30281,2.14,1.00
2018.05.10 11:13:54.539,1.30273,1.30278,1.57,1.12
2018.05.10 11:13:55.075,1.30274,1.30279,1.00,1.57
2018.05.10 11:13:55.385,1.30277,1.30282,1.00,4.01
2018.05.10 11:13:55.837,1.30272,1.30277,1.00,1.76
2018.05.10 11:13:55.993,1.30274,1.30278,1.00,1.07
2018.05.10 11:13:56.152,1.30278,1.30282,1.00,1.00
2018.05.10 11:13:56.265,1.3028,1.30285,1.00,2.70
2018.05.10 11:13:56.447,1.30281,1.30286,1.00,1.20
2018.05.10 11:13:56.958,1.3028,1.30286,1.95,1.50
2018.05.10 11:13:57.266,1.30279,1.30284,1.20,1.50
2018.05.10 11:13:57.584,1.30282,1.30284,1.00,1.12
2018.05.10 11:13:58.125,1.30281,1.30284,1.50,1.00
2018.05.10 11:13:58.426,1.30281,1.30286,1.00,1.57
2018.05.10 11:13:58.945,1.30283,1.30287,1.00,1.10
2018.05.10 11:13:59.382,1.30281,1.30286,1.00,1.95
2018.05.10 11:13:59.537,1.30286,1.30287,1.00,2.51
2018.05.10 11:13:59.589,1.30286,1.3029,1.00,2.81
2018.05.10 11:13:59.745,1.30284,1.3029,1.50,1.95
2018.05.10 11:14:00.104,1.30284,1.30289,1.00,2.89
2018.05.10 11:14:00.586,1.30282,1.30287,2.32,1.12
2018.05.10 11:14:00.793,1.3028,1.30287,4.57,1.39
2018.05.10 11:14:01.053,1.30282,1.30287,1.00,2.51
2018.05.10 11:14:01.105,1.30279,1.30287,4.95,2.44
2018.05.10 11:14:01.339,1.30282,1.30287,1.00,1.20
2018.05.10 11:14:01.971,1.30283,1.30287,1.00,1.10
2018.05.10 11:14:02.023,1.30281,1.30286,1.50,1.00
2018.05.10 11:14:02.285,1.30285,1.3029,1.00,1.57
2018.05.10 11:14:02.656,1.30283,1.30288,1.12,1.50
2018.05.10 11:14:02.708,1.30281,1.30288,2.32,2.70
2018.05.10 11:14:03.247,1.30283,1.30288,1.00,1.76
2018.05.10 11:14:03.425,1.30285,1.3029,1.00,1.20
2018.05.10 11:14:03.580,1.30283,1.30288,2.62,1.00
2018.05.10 11:14:03.889,1.30286,1.3029,1.00,1.57
2018.05.10 11:14:04.380,1.30288,1.30292,1.00,2.14
2018.05.10 11:14:04.484,1.30288,1.30292,1.00,1.01
2018.05.10 11:14:04.538,1.30285,1.30288,1.00,1.00
2018.05.10 11:14:04.592,1.30283,1.30288,1.00,1.00
2018.05.10 11:14:05.105,1.30282,1.30287,1.00,1.00
2018.05.10 11:14:06.156,1.30281,1.30287,1.12,1.01
2018.05.10 11:14:06.570,1.30281,1.30287,1.00,1.48
2018.05.10 11:14:06.899,1.30277,1.30282,3.19,1.25
2018.05.10 11:14:07.207,1.3028,1.30284,1.00,1.25
2018.05.10 11:14:07.464,1.30278,1.30285,3.19,2.70
2018.05.10 11:14:07.621,1.30277,1.30283,2.44,1.58
2018.05.10 11:14:08.281,1.30277,1.30283,2.44,1.00
2018.05.10 11:14:08.619,1.30282,1.30287,1.00,2.14
2018.05.10 11:14:08.933,1.30277,1.30282,1.00,1.95
2018.05.10 11:14:09.263,1.3028,1.30284,1.00,1.20
2018.05.10 11:14:09.316,1.30277,1.30281,1.25,1.13
2018.05.10 11:14:09.633,1.30275,1.30278,1.00,1.00
2018.05.10 11:14:10.142,1.30275,1.3028,1.00,1.57
2018.05.10 11:14:10.245,1.30277,1.30281,1.00,1.32
2018.05.10 11:14:10.497,1.30278,1.30284,1.00,2.51
2018.05.10 11:14:10.701,1.30281,1.30285,1.25,1.95
2018.05.10 11:14:11.197,1.30281,1.30287,1.25,1.95
2018.05.10 11:14:11.249,1.30283,1.30288,1.69,2.14
2018.05.10 11:14:11.838,1.30285,1.3029,1.25,4.01
2018.05.10 11:14:12.097,1.30282,1.30289,3.45,1.50
2018.05.10 11:14:12.254,1.30283,1.30287,1.00,1.25
2018.05.10 11:14:12.599,1.30284,1.3029,1.00,2.14
2018.05.10 11:14:12.651,1.30287,1.3029,1.00,1.07
2018.05.10 11:14:12.756,1.30287,1.30292,1.00,2.14
2018.05.10 11:14:13.287,1.30286,1.30291,1.12,1.01
2018.05.10 11:14:13.393,1.30285,1.30289,1.00,1.13
2018.05.10 11:14:14.036,1.30286,1.30291,1.25,1.57
2018.05.10 11:14:14.548,1.30288,1.30293,1.25,1.76
2018.05.10 11:14:14.875,1.30293,1.30298,1.00,1.75
2018.05.10 11:14:15.184,1.30288,1.30293,2.51,1.00
2018.05.10 11:14:15.236,1.30289,1.30293,1.00,1.62
2018.05.10 11:14:15.406,1.30287,1.30291,1.12,1.12
2018.05.10 11:14:15.459,1.30284,1.30288,1.01,1.31
2018.05.10 11:14:15.772,1.30287,1.30291,1.00,2.14
2018.05.10 11:14:15.878,1.30288,1.30293,1.00,1.20
2018.05.10 11:14:15.991,1.3029,1.30295,1.87,1.20
2018.05.10 11:14:16.310,1.30293,1.30297,1.00,1.20
2018.05.10 11:14:16.412,1.30292,1.30298,1.87,1.01
2018.05.10 11:14:16.463,1.30294,1.30299,1.00,3.45
2018.05.10 11:14:16.935,1.30292,1.30297,1.12,1.20
2018.05.10 11:14:17.502,1.30293,1.30297,1.00,1.25
2018.05.10 11:14:18.116,1.30293,1.30298,1.00,2.14
2018.05.10 11:14:18.221,1.30291,1.30293,1.00,1.00
2018.05.10 11:14:18.325,1.30289,1.30294,1.00,1.29
2018.05.10 11:14:18.563,1.30285,1.30288,1.70,1.00
2018.05.10 11:14:19.077,1.30284,1.30289,2.25,1.50
2018.05.10 11:14:19.230,1.30282,1.30289,1.50,1.69
2018.05.10 11:14:19.503,1.30282,1.30288,1.00,1.76
2018.05.10 11:14:19.813,1.3028,1.30285,1.12,1.00
2018.05.10 11:14:20.308,1.30278,1.30283,1.10,1.00
2018.05.10 11:14:20.617,1.30277,1.30281,1.00,2.14
2018.05.10 11:14:21.149,1.30276,1.30282,1.00,2.32
2018.05.10 11:14:21.354,1.30273,1.3028,3.26,1.76
2018.05.10 11:14:21.663,1.30273,1.30277,1.00,1.57
2018.05.10 11:14:22.011,1.30277,1.30282,1.00,1.20
2018.05.10 11:14:22.114,1.30274,1.30279,2.81,1.00
2018.05.10 11:14:22.373,1.30275,1.30282,1.00,4.01
2018.05.10 11:14:23.173,1.30275,1.30282,1.39,1.95
2018.05.10 11:14:23.226,1.30277,1.30282,1.00,1.12
2018.05.10 11:14:23.757,1.30278,1.30284,1.00,1.20
2018.05.10 11:14:23.810,1.30279,1.30285,1.00,1.01
2018.05.10 11:14:24.068,1.30281,1.30287,1.00,1.95
2018.05.10 11:14:24.512,1.30281,1.30289,1.25,2.14
2018.05.10 11:14:24.669,1.30285,1.3029,1.00,1.57
2018.05.10 11:14:25.173,1.30284,1.3029,1.12,1.95
2018.05.10 11:14:25.642,1.30284,1.30289,1.50,1.19
2018.05.10 11:14:25.945,1.30285,1.3029,1.00,2.14
2018.05.10 11:14:26.426,1.30283,1.30288,1.00,1.31
2018.05.10 11:14:26.478,1.30282,1.30285,1.00,1.25
2018.05.10 11:14:26.531,1.30279,1.30283,1.00,1.10
2018.05.10 11:14:27.078,1.30277,1.30282,1.50,1.10
2018.05.10 11:14:27.234,1.30279,1.30282,1.00,1.51
2018.05.10 11:14:27.421,1.30281,1.30285,1.00,1.32
2018.05.10 11:14:27.946,1.3028,1.30285,1.00,2.25
2018.05.10 11:14:28.496,1.3028,1.30285,1.00,2.62
2018.05.10 11:14:29.093,1.30279,1.30284,1.00,3.26
2018.05.10 11:14:29.674,1.30279,1.30284,1.00,2.06
2018.05.10 11:14:29.987,1.30276,1.30281,1.00,1.20
2018.05.10 11:14:30.039,1.30274,1.3028,2.32,1.00
2018.05.10 11:14:30.145,1.30277,1.30282,1.00,1.95
2018.05.10 11:14:30.251,1.30277,1.30284,1.12,3.26
2018.05.10 11:14:30.435,1.30279,1.30284,1.00,1.95
2018.05.10 11:14:30.923,1.30277,1.30282,1.12,1.00
2018.05.10 11:14:31.260,1.30279,1.30284,1.00,2.32
2018.05.10 11:14:31.365,1.30281,1.30286,1.12,1.76
2018.05.10 11:14:31.577,1.30283,1.30287,1.00,1.12
2018.05.10 11:14:31.629,1.30284,1.30289,1.00,1.76
2018.05.10 11:14:31.785,1.30286,1.3029,1.00,2.32
2018.05.10 11:14:31.958,1.30284,1.30289,1.50,2.06
2018.05.10 11:14:32.473,1.30284,1.30287,1.00,1.12
2018.05.10 11:14:32.663,1.30283,1.30285,1.00,1.00
2018.05.10 11:14:32.728,1.30281,1.30286,1.50,1.25
2018.05.10 11:14:32.886,1.30283,1.30288,1.00,1.20
2018.05.10 11:14:33.201,1.30289,1.30292,1.00,1.01
2018.05.10 11:14:33.421,1.30287,1.30291,1.12,1.20
2018.05.10 11:14:34.782,1.30286,1.30291,1.12,1.10
2018.05.10 11:14:35.673,1.30286,1.30291,1.12,1.07
2018.05.10 11:14:35.833,1.30284,1.30289,3.00,1.31
2018.05.10 11:14:35.891,1.30283,1.30288,1.50,1.76
2018.05.10 11:14:36.481,1.30283,1.30288,1.00,2.14
2018.05.10 11:14:37.003,1.30283,1.30286,1.00,1.00
2018.05.10 11:14:37.056,1.30281,1.30286,1.00,1.12
2018.05.10 11:14:37.108,1.30281,1.30285,1.00,1.62
2018.05.10 11:14:37.675,1.30281,1.30285,1.00,1.12
2018.05.10 11:14:38.317,1.3028,1.30285,1.50,3.37
2018.05.10 11:14:38.635,1.30276,1.30281,1.50,2.89
2018.05.10 11:14:38.893,1.30275,1.30281,1.00,1.10
2018.05.10 11:14:38.997,1.30274,1.30277,1.00,1.00
2018.05.10 11:14:39.430,1.30275,1.30279,1.00,1.57
2018.05.10 11:14:39.950,1.30274,1.30278,1.00,1.57
2018.05.10 11:14:40.501,1.3027,1.30274,3.07,1.00
2018.05.10 11:14:40.553,1.30269,1.30274,1.95,1.50
2018.05.10 11:14:40.760,1.30271,1.30277,1.12,1.95
2018.05.10 11:14:40.812,1.30273,1.30277,1.00,1.10
2018.05.10 11:14:41.332,1.30275,1.30279,1.00,1.20
2018.05.10 11:14:41.490,1.30272,1.30279,1.00,3.64
2018.05.10 11:14:42.000,1.30271,1.30275,1.00,1.25
2018.05.10 11:14:42.417,1.3027,1.30275,1.00,3.07
2018.05.10 11:14:42.521,1.30265,1.30272,1.45,1.87
2018.05.10 11:14:42.606,1.30265,1.30272,1.00,2.14
2018.05.10 11:14:42.833,1.30269,1.30272,1.00,1.20
2018.05.10 11:14:42.886,1.30271,1.30274,1.00,1.95
2018.05.10 11:14:43.192,1.30273,1.30277,1.00,1.00
2018.05.10 11:14:43.244,1.30274,1.30279,1.12,2.32
2018.05.10 11:14:43.759,1.30273,1.30278,1.50,1.00
2018.05.10 11:14:44.291,1.30274,1.30281,1.12,4.01
2018.05.10 11:14:44.343,1.30276,1.30281,1.00,2.32
2018.05.10 11:14:45.180,1.30272,1.30277,2.32,1.00
2018.05.10 11:14:45.283,1.30271,1.30278,1.95,1.39
2018.05.10 11:14:45.775,1.30273,1.30279,1.00,1.76
2018.05.10 11:14:46.083,1.30275,1.3028,1.00,1.20
2018.05.10 11:14:46.186,1.30272,1.30279,2.14,1.50
2018.05.10 11:14:46.708,1.30272,1.30277,1.50,1.00
2018.05.10 11:14:47.227,1.30272,1.30277,1.10,1.00
2018.05.10 11:14:47.569,1.30278,1.30282,1.00,1.07
2018.05.10 11:14:47.735,1.30275,1.30282,2.25,2.14
2018.05.10 11:14:48.652,1.30273,1.30278,3.00,1.00
2018.05.10 11:14:48.833,1.30272,1.30277,1.20,1.00
2018.05.10 11:14:49.517,1.30273,1.30278,1.00,1.57
2018.05.10 11:14:49.622,1.30276,1.3028,1.00,1.95
2018.05.10 11:14:49.736,1.30274,1.30281,1.00,3.26
2018.05.10 11:14:50.207,1.30277,1.30281,1.00,1.26
2018.05.10 11:14:50.365,1.30277,1.30282,1.00,1.57
2018.05.10 11:14:50.885,1.30276,1.30283,1.00,3.07
2018.05.10 11:14:50.938,1.30278,1.30283,1.00,2.70
2018.05.10 11:14:51.073,1.30276,1.30283,1.00,2.89
2018.05.10 11:14:51.126,1.30278,1.30283,1.00,1.01
2018.05.10 11:14:51.232,1.30278,1.30285,1.12,2.14
2018.05.10 11:14:51.471,1.3028,1.30285,1.00,1.95
2018.05.10 11:14:52.056,1.3028,1.30284,1.00,1.10
2018.05.10 11:14:52.263,1.30277,1.30283,2.32,1.00
2018.05.10 11:14:52.315,1.30277,1.30281,1.00,1.00
2018.05.10 11:14:52.656,1.30276,1.30281,1.00,1.95
2018.05.10 11:14:53.076,1.30276,1.30281,1.00,1.31
2018.05.10 11:14:54.360,1.30275,1.3028,1.00,1.00
2018.05.10 11:14:54.889,1.30275,1.30282,1.00,2.51
2018.05.10 11:14:54.993,1.30277,1.30282,1.00,2.32
2018.05.10 11:14:55.663,1.30274,1.30279,1.95,1.00
2018.05.10 11:14:55.820,1.30278,1.30281,1.00,1.07
2018.05.10 11:14:55.926,1.30278,1.30284,1.00,1.20
2018.05.10 11:14:56.391,1.3028,1.30284,1.00,1.57
2018.05.10 11:14:56.494,1.30278,1.30283,1.00,1.10
2018.05.10 11:14:57.438,1.30277,1.30284,1.87,2.14
2018.05.10 11:14:58.039,1.30279,1.30283,1.00,1.39
2018.05.10 11:14:58.092,1.3028,1.30284,1.00,1.25
2018.05.10 11:14:58.144,1.30282,1.30286,1.00,2.51
2018.05.10 11:14:58.197,1.3028,1.30285,1.12,1.10
2018.05.10 11:14:58.354,1.30281,1.30287,1.00,1.10
2018.05.10 11:14:58.896,1.30281,1.30288,1.00,3.26
2018.05.10 11:15:00.169,1.30281,1.30287,1.00,1.00
2018.05.10 11:15:00.710,1.3028,1.30287,1.12,1.76
2018.05.10 11:15:01.111,1.3028,1.30284,1.12,1.00
2018.05.10 11:15:01.265,1.30277,1.30283,1.12,1.76
2018.05.10 11:15:01.657,1.30275,1.3028,1.75,1.25
2018.05.10 11:15:01.762,1.30277,1.30282,1.12,1.76
2018.05.10 11:15:02.393,1.30277,1.30283,1.00,1.20
2018.05.10 11:15:02.758,1.30276,1.30282,1.12,1.62
2018.05.10 11:15:03.385,1.30276,1.30282,1.12,1.12
2018.05.10 11:15:03.928,1.30275,1.30282,1.00,1.10
2018.05.10 11:15:04.469,1.30276,1.30281,1.00,1.25
2018.05.10 11:15:05.522,1.30276,1.30282,1.00,1.57
2018.05.10 11:15:06.029,1.30276,1.30282,1.50,1.20
2018.05.10 11:15:06.331,1.30275,1.3028,1.85,1.00
2018.05.10 11:15:06.768,1.30275,1.30282,1.00,2.51
2018.05.10 11:15:07.236,1.30276,1.30282,1.50,2.14
2018.05.10 11:15:07.439,1.30275,1.30281,1.00,1.51
2018.05.10 11:15:07.714,1.3028,1.30284,1.00,1.95
2018.05.10 11:15:07.822,1.30283,1.30287,1.00,1.07
2018.05.10 11:15:08.031,1.30281,1.30288,2.25,1.64
2018.05.10 11:15:08.511,1.30281,1.30289,2.32,2.51
2018.05.10 11:15:09.013,1.30281,1.30289,2.32,2.51
2018.05.10 11:15:09.067,1.3028,1.30287,2.89,1.20
2018.05.10 11:15:09.575,1.30279,1.30286,2.70,1.10
2018.05.10 11:15:10.236,1.30279,1.30286,1.76,1.10
2018.05.10 11:15:10.339,1.30281,1.30288,4.69,1.20
2018.05.10 11:15:10.920,1.30283,1.30288,1.50,1.50
2018.05.10 11:15:11.678,1.30283,1.30288,1.00,1.31
2018.05.10 11:15:12.210,1.30282,1.30288,1.12,1.01
2018.05.10 11:15:13.184,1.30282,1.30288,1.12,1.39
2018.05.10 11:15:13.673,1.30283,1.30289,1.00,1.39
2018.05.10 11:15:14.090,1.30282,1.30288,1.50,1.20
2018.05.10 11:15:14.622,1.30281,1.30289,2.51,3.64
2018.05.10 11:15:15.154,1.30282,1.30288,1.00,1.20
2018.05.10 11:15:15.724,1.30282,1.30288,1.00,1.57
2018.05.10 11:15:17.119,1.30282,1.30288,1.00,1.76
2018.05.10 11:15:17.432,1.30279,1.30285,1.87,1.87
2018.05.10 11:15:17.748,1.30278,1.30283,1.50,1.01
2018.05.10 11:15:18.055,1.30283,1.30287,1.00,1.20
2018.05.10 11:15:18.329,1.30283,1.30289,1.00,3.82
2018.05.10 11:15:18.579,1.30281,1.30287,1.50,2.32
2018.05.10 11:15:18.684,1.30277,1.30284,1.85,1.01
2018.05.10 11:15:18.737,1.30277,1.30282,2.32,1.12
2018.05.10 11:15:18.894,1.30276,1.30283,1.00,3.37
2018.05.10 11:15:19.334,1.30276,1.3028,1.00,1.10
2018.05.10 11:15:19.389,1.30272,1.30278,3.26,1.25
2018.05.10 11:15:19.905,1.30271,1.30278,1.76,1.39
2018.05.10 11:15:20.520,1.30272,1.30277,1.50,1.00
2018.05.10 11:15:21.181,1.30272,1.30278,1.69,1.10
2018.05.10 11:15:21.285,1.30276,1.3028,1.00,1.07
2018.05.10 11:15:21.338,1.30276,1.30281,1.12,1.00
2018.05.10 11:15:21.842,1.30276,1.30282,1.12,1.76
2018.05.10 11:15:21.999,1.30273,1.3028,1.50,1.87
2018.05.10 11:15:22.516,1.30273,1.30278,1.00,1.76
2018.05.10 11:15:23.047,1.30273,1.30277,1.00,1.25
2018.05.10 11:15:23.150,1.30271,1.30277,1.00,2.14
2018.05.10 11:15:23.253,1.30268,1.30271,1.20,1.31
2018.05.10 11:15:23.304,1.30264,1.3027,2.32,1.69
2018.05.10 11:15:23.573,1.30266,1.3027,1.00,1.76
2018.05.10 11:15:24.115,1.30263,1.30269,1.12,1.01
2018.05.10 11:15:24.262,1.30261,1.30267,1.31,1.00
2018.05.10 11:15:24.572,1.30261,1.30266,1.00,1.50
2018.05.10 11:15:24.850,1.30261,1.30267,1.12,1.95
2018.05.10 11:15:25.107,1.3026,1.30265,1.50,1.00
2018.05.10 11:15:25.260,1.30259,1.30264,1.00,1.00
2018.05.10 11:15:25.519,1.30258,1.30263,1.00,3.64
2018.05.10 11:15:26.046,1.30258,1.30264,1.12,2.51
2018.05.10 11:15:26.563,1.30258,1.30262,1.12,1.39
2018.05.10 11:15:27.079,1.30258,1.30263,1.00,1.76
2018.05.10 11:15:27.253,1.30259,1.30265,1.00,4.95
2018.05.10 11:15:27.467,1.30256,1.30262,1.39,1.00
2018.05.10 11:15:27.907,1.30254,1.30261,2.51,1.50
2018.05.10 11:15:27.965,1.30254,1.3026,1.01,1.50
2018.05.10 11:15:28.498,1.30253,1.30261,1.20,1.95
2018.05.10 11:15:29.050,1.30254,1.30261,1.50,2.14
2018.05.10 11:15:29.738,1.30254,1.30261,2.14,1.39
2018.05.10 11:15:30.267,1.30254,1.3026,2.06,1.10
2018.05.10 11:15:30.598,1.30257,1.30263,1.00,3.45
2018.05.10 11:15:30.934,1.3026,1.30265,1.31,1.10
2018.05.10 11:15:31.194,1.30262,1.30267,1.00,1.10
2018.05.10 11:15:31.689,1.30262,1.30269,2.51,1.10
2018.05.10 11:15:32.200,1.30264,1.3027,1.25,1.50
2018.05.10 11:15:32.709,1.30264,1.30269,1.00,1.00
2018.05.10 11:15:33.226,1.30265,1.3027,1.00,1.12
2018.05.10 11:15:33.504,1.30266,1.30271,1.44,1.57
2018.05.10 11:15:33.557,1.30267,1.30272,1.00,1.20
2018.05.10 11:15:34.077,1.30266,1.30272,1.25,1.20
2018.05.10 11:15:34.613,1.30264,1.30269,1.57,1.00
2018.05.10 11:15:34.719,1.30262,1.30268,3.75,1.10
2018.05.10 11:15:35.083,1.30264,1.30269,1.00,2.32
2018.05.10 11:15:35.325,1.30262,1.30269,2.51,1.12
2018.05.10 11:15:35.430,1.30262,1.30267,1.31,1.00
2018.05.10 11:15:35.744,1.30259,1.30264,2.70,1.00
2018.05.10 11:15:36.065,1.30254,1.3026,1.00,1.57
2018.05.10 11:15:36.605,1.30254,1.3026,1.00,2.33
2018.05.10 11:15:36.920,1.30251,1.30257,2.51,1.00
2018.05.10 11:15:37.023,1.30251,1.30256,1.10,1.50
2018.05.10 11:15:37.075,1.30247,1.30253,2.32,1.00
2018.05.10 11:15:37.127,1.30247,1.30253,1.20,1.00
2018.05.10 11:15:37.231,1.30246,1.30251,1.00,1.12
2018.05.10 11:15:37.578,1.30249,1.30255,1.50,1.50
2018.05.10 11:15:38.194,1.30249,1.30256,1.44,4.01
2018.05.10 11:15:38.707,1.30249,1.30255,1.13,1.25
2018.05.10 11:15:39.351,1.3025,1.30255,1.00,1.76
2018.05.10 11:15:40.157,1.3025,1.30256,1.13,1.95
2018.05.10 11:15:40.472,1.30251,1.30257,2.81,1.00
2018.05.10 11:15:40.998,1.30252,1.30258,3.26,1.00
2018.05.10 11:15:41.311,1.30256,1.30262,1.87,1.12
2018.05.10 11:15:41.843,1.30257,1.30263,1.31,1.50
2018.05.10 11:15:42.808,1.30257,1.30263,3.19,1.00
2018.05.10 11:15:42.912,1.30257,1.30265,1.88,3.26
2018.05.10 11:15:43.222,1.30258,1.30263,1.95,1.00
2018.05.10 11:15:43.274,1.3026,1.30266,1.88,2.32
2018.05.10 11:15:43.326,1.3026,1.30268,5.89,4.01
2018.05.10 11:15:43.379,1.30263,1.30268,1.00,1.57
2018.05.10 11:15:43.482,1.30264,1.30269,1.00,1.10
2018.05.10 11:15:44.522,1.30262,1.30269,1.76,1.20
2018.05.10 11:15:44.982,1.30265,1.30271,1.00,1.95
2018.05.10 11:15:45.331,1.30267,1.30272,1.00,1.10
2018.05.10 11:15:45.537,1.30263,1.3027,2.70,1.12
2018.05.10 11:15:45.590,1.30262,1.30268,2.70,1.00
2018.05.10 11:15:46.128,1.30263,1.30269,1.01,1.00
2018.05.10 11:15:46.440,1.30266,1.30272,1.12,1.76
2018.05.10 11:15:46.977,1.30263,1.30269,1.57,1.00
2018.05.10 11:15:47.286,1.30263,1.30267,1.00,1.00
2018.05.10 11:15:48.046,1.30262,1.30267,1.20,1.00
2018.05.10 11:15:48.592,1.30261,1.30266,1.50,1.00
2018.05.10 11:15:48.943,1.30268,1.30273,1.00,1.57
2018.05.10 11:15:49.259,1.30265,1.30271,1.50,1.10
2018.05.10 11:15:49.801,1.30266,1.30272,1.12,1.31
2018.05.10 11:15:50.008,1.30264,1.30271,1.95,1.88
2018.05.10 11:15:50.115,1.30261,1.30268,1.57,2.06
2018.05.10 11:15:50.220,1.30261,1.30267,1.20,1.44
2018.05.10 11:15:50.455,1.30259,1.30265,1.00,1.25
2018.05.10 11:15:50.558,1.3026,1.30266,1.88,1.37
2018.05.10 11:15:50.609,1.30261,1.30267,1.50,1.57
2018.05.10 11:15:50.712,1.30265,1.30271,1.00,1.57
2018.05.10 11:15:50.814,1.30266,1.30272,1.00,1.31
2018.05.10 11:15:50.986,1.30264,1.30267,1.01,1.00
2018.05.10 11:15:51.038,1.30261,1.30269,5.89,1.50
2018.05.10 11:15:51.193,1.30265,1.30271,1.69,1.87
2018.05.10 11:15:51.779,1.30264,1.3027,1.95,1.00
2018.05.10 11:15:51.832,1.30266,1.30271,1.50,1.12
2018.05.10 11:15:52.142,1.30271,1.30275,1.12,1.00
2018.05.10 11:15:52.674,1.30271,1.30277,1.12,2.32
2018.05.10 11:15:52.987,1.30267,1.30273,1.45,1.31
2018.05.10 11:15:53.313,1.3027,1.30275,1.00,1.57
2018.05.10 11:15:54.003,1.3027,1.30275,1.00,1.20
2018.05.10 11:15:54.314,1.30267,1.30273,1.85,1.00
2018.05.10 11:15:54.434,1.30267,1.30273,1.10,1.69
2018.05.10 11:15:55.052,1.30268,1.30273,1.00,2.25
2018.05.10 11:15:55.560,1.30268,1.30273,2.51,1.00
2018.05.10 11:15:55.713,1.30266,1.30272,2.32,1.12
2018.05.10 11:15:56.887,1.30267,1.30273,1.50,1.95
2018.05.10 11:15:57.487,1.30267,1.30272,1.00,1.00
2018.05.10 11:15:58.109,1.30265,1.30271,3.64,1.00
2018.05.10 11:15:58.816,1.30267,1.30271,1.00,1.00
2018.05.10 11:15:59.910,1.30266,1.30271,1.75,1.00
2018.05.10 11:16:01.031,1.30265,1.30269,1.25,1.00
2018.05.10 11:16:01.288,1.30265,1.30267,1.00,1.00
2018.05.10 11:16:02.252,1.30263,1.30267,1.25,1.00
2018.05.10 11:16:02.409,1.30263,1.30265,1.00,1.00
2018.05.10 11:16:02.668,1.30259,1.30263,1.39,1.00
2018.05.10 11:16:03.213,1.30258,1.30263,2.14,1.00
2018.05.10 11:16:03.675,1.30257,1.30261,3.64,1.00
2018.05.10 11:16:03.883,1.30257,1.30262,3.19,1.00
2018.05.10 11:16:04.787,1.30257,1.30261,2.25,1.00
2018.05.10 11:16:05.302,1.30256,1.30261,2.32,1.00
2018.05.10 11:16:06.228,1.30256,1.30261,1.00,1.00
2018.05.10 11:16:07.243,1.30256,1.3026,1.00,1.00
2018.05.10 11:16:07.786,1.30255,1.3026,2.32,1.00
2018.05.10 11:16:08.573,1.30255,1.30261,2.70,1.00
2018.05.10 11:16:09.261,1.30255,1.30258,1.85,1.00
2018.05.10 11:16:09.523,1.30256,1.30261,2.25,1.00
2018.05.10 11:16:09.727,1.30258,1.30263,1.38,1.57
2018.05.10 11:16:10.245,1.3026,1.30264,1.00,1.00
2018.05.10 11:16:10.772,1.30261,1.30265,1.00,1.00
2018.05.10 11:16:11.352,1.30261,1.30264,1.00,1.00
2018.05.10 11:16:11.586,1.30261,1.30266,1.00,1.10
2018.05.10 11:16:12.100,1.30262,1.30266,1.00,1.50
2018.05.10 11:16:14.300,1.30261,1.30266,3.00,1.50
2018.05.10 11:16:14.579,1.3026,1.30264,1.45,1.00
2018.05.10 11:16:14.893,1.3026,1.30262,1.00,1.00
2018.05.10 11:16:15.236,1.30259,1.3026,1.50,1.00
2018.05.10 11:16:15.437,1.30256,1.3026,1.75,1.00
2018.05.10 11:16:15.489,1.30255,1.30259,1.00,1.00
2018.05.10 11:16:15.800,1.30256,1.30261,1.19,1.12
2018.05.10 11:16:16.106,1.30257,1.30262,2.00,1.10
2018.05.10 11:16:16.553,1.30259,1.30264,1.50,1.00
2018.05.10 11:16:17.065,1.30259,1.30266,2.44,1.57
2018.05.10 11:16:17.591,1.30259,1.30266,1.87,1.39
2018.05.10 11:16:18.145,1.3026,1.30266,1.00,1.20
2018.05.10 11:16:19.644,1.3026,1.30267,1.50,2.70
2018.05.10 11:16:19.747,1.30259,1.30264,1.87,1.00
2018.05.10 11:16:20.351,1.30259,1.30263,1.12,1.00
2018.05.10 11:16:20.845,1.30261,1.30264,1.00,1.00
2018.05.10 11:16:21.005,1.30263,1.3027,1.87,1.95
2018.05.10 11:16:22.926,1.30264,1.30268,1.00,1.00
2018.05.10 11:16:23.476,1.30264,1.30269,1.00,1.10
2018.05.10 11:16:23.990,1.30265,1.3027,1.00,1.20
2018.05.10 11:16:24.399,1.30267,1.30271,1.00,1.12
2018.05.10 11:16:24.612,1.30265,1.30271,2.25,1.76
2018.05.10 11:16:25.176,1.30264,1.30269,2.25,1.00
2018.05.10 11:16:26.094,1.30264,1.30267,1.50,1.00
2018.05.10 11:16:26.399,1.30263,1.30269,1.00,2.25
2018.05.10 11:16:26.940,1.30262,1.30269,4.69,1.37
2018.05.10 11:16:27.483,1.30263,1.30269,1.50,1.00
2018.05.10 11:16:27.535,1.30263,1.30269,2.63,1.00
2018.05.10 11:16:28.084,1.30264,1.30268,1.50,1.00
2018.05.10 11:16:28.486,1.30276,1.30278,1.12,1.25
2018.05.10 11:16:28.539,1.30276,1.30281,1.12,1.12
2018.05.10 11:16:28.642,1.30277,1.30282,1.75,1.95
2018.05.10 11:16:28.949,1.30277,1.30283,1.75,1.57
2018.05.10 11:16:29.470,1.30279,1.30284,1.12,1.12
2018.05.10 11:16:29.979,1.30279,1.30283,1.50,1.00
2018.05.10 11:16:30.287,1.30278,1.30285,3.94,1.31
2018.05.10 11:16:30.391,1.30282,1.30286,1.00,1.01
2018.05.10 11:16:30.597,1.3028,1.30285,4.20,1.12
2018.05.10 11:16:30.768,1.30281,1.30287,1.85,1.00
2018.05.10 11:16:31.333,1.30284,1.30287,1.00,1.00
2018.05.10 11:16:31.869,1.30282,1.30287,1.57,1.00
2018.05.10 11:16:32.372,1.30281,1.30288,1.12,1.95
2018.05.10 11:16:32.951,1.30281,1.30288,1.20,1.39
2018.05.10 11:16:33.157,1.30281,1.30288,1.50,3.83
2018.05.10 11:16:33.210,1.3028,1.30285,1.95,1.12
2018.05.10 11:16:33.366,1.30278,1.30284,1.39,1.00
2018.05.10 11:16:33.923,1.30279,1.30285,1.00,1.39
2018.05.10 11:16:34.292,1.3028,1.30287,3.00,2.14
2018.05.10 11:16:34.624,1.30285,1.30293,2.81,1.95
2018.05.10 11:16:34.883,1.30288,1.30295,1.00,1.76
2018.05.10 11:16:34.935,1.3029,1.30295,1.00,1.76
2018.05.10 11:16:35.442,1.30291,1.30296,1.00,1.20
2018.05.10 11:16:35.595,1.30289,1.30296,1.95,1.47
2018.05.10 11:16:36.140,1.30287,1.30292,1.20,1.31
2018.05.10 11:16:37.448,1.30286,1.30292,1.50,1.69
2018.05.10 11:16:37.754,1.30286,1.30291,1.00,1.39
2018.05.10 11:16:38.298,1.30283,1.30289,1.01,1.69
2018.05.10 11:16:38.403,1.30278,1.30284,1.57,1.69
2018.05.10 11:16:39.586,1.3028,1.30285,1.00,1.76
2018.05.10 11:16:40.118,1.30279,1.30284,1.12,1.12
2018.05.10 11:16:40.633,1.30279,1.30285,1.12,1.39
2018.05.10 11:16:40.789,1.3028,1.30287,1.50,3.07
2018.05.10 11:16:41.292,1.30281,1.30287,1.87,1.01
2018.05.10 11:16:43.010,1.3028,1.30286,1.76,1.00
2018.05.10 11:16:43.312,1.30279,1.30282,1.12,1.00
2018.05.10 11:16:43.927,1.30278,1.30282,1.00,1.12
2018.05.10 11:16:44.465,1.30277,1.30282,1.00,1.00
2018.05.10 11:16:44.852,1.3028,1.30284,1.00,1.76
2018.05.10 11:16:45.382,1.30277,1.30284,3.00,1.50
2018.05.10 11:16:45.436,1.30279,1.30283,1.00,1.00
2018.05.10 11:16:46.943,1.30281,1.30285,1.00,1.57
2018.05.10 11:16:47.088,1.30281,1.30286,1.31,1.12
2018.05.10 11:16:48.877,1.3028,1.30284,2.32,1.00
2018.05.10 11:16:49.126,1.30276,1.30282,1.10,1.87
2018.05.10 11:16:49.637,1.30274,1.30281,2.89,2.14
2018.05.10 11:16:50.147,1.30274,1.30281,3.08,2.89
2018.05.10 11:16:51.006,1.30275,1.30279,1.25,1.00
2018.05.10 11:16:51.454,1.30275,1.30281,2.14,1.12
2018.05.10 11:16:51.683,1.30279,1.30283,3.75,1.12
2018.05.10 11:16:51.787,1.30282,1.30286,1.31,1.12
2018.05.10 11:16:51.841,1.30282,1.30286,2.14,1.12
2018.05.10 11:16:52.217,1.30283,1.30288,1.12,1.57
2018.05.10 11:16:52.269,1.30285,1.30289,1.25,1.07
2018.05.10 11:16:52.372,1.30286,1.3029,1.12,1.00
2018.05.10 11:16:52.526,1.30283,1.30288,2.14,1.00
2018.05.10 11:16:52.578,1.30285,1.30289,1.00,1.12
2018.05.10 11:16:53.401,1.30286,1.30291,1.00,2.51
2018.05.10 11:16:53.506,1.30286,1.30292,1.12,1.57
2018.05.10 11:16:53.714,1.30291,1.30296,1.00,4.76
2018.05.10 11:16:53.841,1.30291,1.30296,1.00,2.44
2018.05.10 11:16:53.997,1.30293,1.30297,1.50,3.26
2018.05.10 11:16:54.466,1.30291,1.30296,1.50,2.62
2018.05.10 11:16:54.575,1.30289,1.30294,1.10,1.00
2018.05.10 11:16:54.724,1.30288,1.30292,1.01,1.00
2018.05.10 11:16:54.776,1.3029,1.30294,1.00,1.10
2018.05.10 11:16:54.828,1.30291,1.30296,1.00,1.95
2018.05.10 11:16:55.088,1.30291,1.30294,1.00,1.00
2018.05.10 11:16:55.190,1.30288,1.30293,4.01,1.00
2018.05.10 11:16:55.343,1.30291,1.30296,1.00,1.57
2018.05.10 11:16:55.956,1.30289,1.30292,1.76,1.00
2018.05.10 11:16:56.060,1.30289,1.30294,1.25,1.00
2018.05.10 11:16:56.163,1.30289,1.30294,2.70,1.00
2018.05.10 11:16:56.279,1.3029,1.30296,4.13,1.57
2018.05.10 11:16:56.383,1.30293,1.30298,1.00,2.51
2018.05.10 11:16:56.901,1.30292,1.30297,2.44,1.00
2018.05.10 11:16:57.450,1.30291,1.30297,1.00,2.14
2018.05.10 11:16:58.552,1.30291,1.30298,1.87,1.70
2018.05.10 11:16:59.068,1.30291,1.30296,1.12,1.20
2018.05.10 11:16:59.603,1.3029,1.30297,2.44,3.08
2018.05.10 11:16:59.757,1.30292,1.30298,1.12,1.87
2018.05.10 11:17:00.435,1.30292,1.30298,1.87,1.31
2018.05.10 11:17:00.645,1.30291,1.30297,1.50,1.20
2018.05.10 11:17:00.803,1.30293,1.30299,5.25,2.70
2018.05.10 11:17:01.416,1.30293,1.30299,2.32,1.00
2018.05.10 11:17:01.938,1.30293,1.30297,1.12,1.25
2018.05.10 11:17:02.449,1.30292,1.30298,1.00,3.07
2018.05.10 11:17:02.865,1.30291,1.30296,1.12,1.44
2018.05.10 11:17:03.394,1.3029,1.30294,1.50,1.00
2018.05.10 11:17:03.735,1.30285,1.3029,1.69,1.10
2018.05.10 11:17:04.277,1.30285,1.30289,1.69,1.00
2018.05.10 11:17:04.792,1.30285,1.3029,1.50,1.76
2018.05.10 11:17:05.118,1.30286,1.30292,1.87,2.89
2018.05.10 11:17:05.834,1.30286,1.30292,2.06,2.70
2018.05.10 11:17:06.364,1.30286,1.30292,1.12,1.95
2018.05.10 11:17:06.949,1.30286,1.30292,2.06,2.33
2018.05.10 11:17:07.450,1.30286,1.30293,2.06,3.08
2018.05.10 11:17:09.289,1.30287,1.30292,2.51,1.25
2018.05.10 11:17:09.342,1.30286,1.30292,1.12,2.25
2018.05.10 11:17:09.454,1.30284,1.30287,1.25,1.00
2018.05.10 11:17:09.507,1.30281,1.30286,2.70,1.00
2018.05.10 11:17:09.715,1.3028,1.30284,1.20,1.00
2018.05.10 11:17:10.889,1.30277,1.30284,3.26,1.10
2018.05.10 11:17:11.437,1.30277,1.30284,1.85,1.76
2018.05.10 11:17:11.871,1.30278,1.30285,1.50,4.95
2018.05.10 11:17:11.923,1.30284,1.30286,1.00,4.31
2018.05.10 11:17:11.975,1.30286,1.30288,1.00,1.25
2018.05.10 11:17:12.130,1.30285,1.30291,4.87,1.10
2018.05.10 11:17:12.284,1.30289,1.30294,1.00,1.57
2018.05.10 11:17:12.502,1.3029,1.30296,1.50,1.95
2018.05.10 11:17:12.554,1.30291,1.30296,1.37,1.95
2018.05.10 11:17:12.606,1.3029,1.30296,2.25,1.20
2018.05.10 11:17:13.106,1.30292,1.30296,2.25,1.00
2018.05.10 11:17:13.721,1.30292,1.30297,3.00,1.00
2018.05.10 11:17:14.241,1.30291,1.30297,1.20,1.00
2018.05.10 11:17:14.778,1.30294,1.303,1.69,1.69
2018.05.10 11:17:15.282,1.30295,1.30301,1.50,1.39
2018.05.10 11:17:15.613,1.30292,1.30294,1.00,1.00
2018.05.10 11:17:15.665,1.30292,1.30296,1.00,1.00
2018.05.10 11:17:16.203,1.30292,1.30297,1.57,1.31
2018.05.10 11:17:16.711,1.30292,1.30297,3.07,1.25
2018.05.10 11:17:17.555,1.30292,1.30298,2.32,1.31
2018.05.10 11:17:18.069,1.30292,1.30296,1.50,1.00
2018.05.10 11:17:18.600,1.30291,1.30294,1.00,1.00
2018.05.10 11:17:19.117,1.30291,1.30293,1.00,1.00
2018.05.10 11:17:19.805,1.30289,1.30293,1.50,1.00
2018.05.10 11:17:20.259,1.30288,1.30295,3.07,1.12
2018.05.10 11:17:20.738,1.30292,1.30296,1.00,1.50
2018.05.10 11:17:20.790,1.30289,1.30294,3.64,1.00
2018.05.10 11:17:21.334,1.30289,1.30294,4.39,1.00
2018.05.10 11:17:21.500,1.30289,1.30292,2.62,1.00
2018.05.10 11:17:22.002,1.30288,1.3029,1.00,1.00
2018.05.10 11:17:22.591,1.30288,1.30291,1.00,1.00
2018.05.10 11:17:22.862,1.30288,1.30293,1.57,1.00
2018.05.10 11:17:22.915,1.3029,1.30293,1.00,1.00
2018.05.10 11:17:23.069,1.30291,1.30295,1.00,1.20
2018.05.10 11:17:23.121,1.30291,1.30293,1.00,1.00
2018.05.10 11:17:23.666,1.3029,1.30291,1.00,1.00
2018.05.10 11:17:23.925,1.3029,1.30293,1.00,1.25
2018.05.10 11:17:24.438,1.30288,1.30292,1.50,1.25
2018.05.10 11:17:25.042,1.30288,1.30291,1.50,1.00
2018.05.10 11:17:25.583,1.30287,1.30292,3.07,1.00
2018.05.10 11:17:26.132,1.30287,1.30291,2.25,1.25
2018.05.10 11:17:26.625,1.30287,1.30291,1.50,1.44
2018.05.10 11:17:26.974,1.30287,1.30294,1.50,1.50
2018.05.10 11:17:27.028,1.3029,1.30294,1.00,1.12
2018.05.10 11:17:27.461,1.3029,1.30291,2.25,1.00
2018.05.10 11:17:27.770,1.3029,1.30293,1.50,1.00
2018.05.10 11:17:28.169,1.30289,1.30293,1.12,1.00
2018.05.10 11:17:28.832,1.30288,1.30294,2.89,1.00
2018.05.10 11:17:29.445,1.30288,1.30293,3.83,1.00
2018.05.10 11:17:30.227,1.30288,1.30294,2.14,1.12
2018.05.10 11:17:30.430,1.30289,1.30294,2.51,1.00
2018.05.10 11:17:30.551,1.30292,1.30297,1.00,1.57
2018.05.10 11:17:30.603,1.30294,1.30298,1.00,1.20
2018.05.10 11:17:31.193,1.30294,1.30296,1.00,1.00
2018.05.10 11:17:31.740,1.30292,1.30296,1.57,1.00
2018.05.10 11:17:31.894,1.30293,1.30298,2.25,1.12
2018.05.10 11:17:31.946,1.30296,1.30299,1.50,1.00
2018.05.10 11:17:32.152,1.30296,1.30301,1.50,1.31
2018.05.10 11:17:32.659,1.30297,1.303,1.00,1.00
2018.05.10 11:17:33.183,1.30297,1.30301,1.50,1.00
2018.05.10 11:17:33.340,1.30297,1.30303,2.51,1.00
2018.05.10 11:17:33.832,1.30298,1.30301,1.01,1.00
2018.05.10 11:17:34.378,1.30298,1.30303,2.32,1.00
2018.05.10 11:17:34.535,1.303,1.30305,3.00,1.00
2018.05.10 11:17:35.645,1.303,1.30305,2.14,1.00
2018.05.10 11:17:35.954,1.30295,1.303,1.57,1.12
2018.05.10 11:17:36.688,1.30296,1.303,1.00,1.31
2018.05.10 11:17:36.892,1.30296,1.303,3.00,1.00
2018.05.10 11:17:37.403,1.30296,1.30301,2.25,1.00
2018.05.10 11:17:37.678,1.30296,1.30303,4.01,1.39
2018.05.10 11:17:38.142,1.30299,1.30303,1.69,1.00
2018.05.10 11:17:38.305,1.30297,1.30302,1.10,1.69
2018.05.10 11:17:39.226,1.30297,1.30302,1.00,1.39
2018.05.10 11:17:39.756,1.30295,1.30302,3.75,4.57
2018.05.10 11:17:39.859,1.30295,1.30299,3.75,1.00
2018.05.10 11:17:40.896,1.30294,1.30299,2.25,1.00
2018.05.10 11:17:40.999,1.30298,1.30302,1.00,2.70
2018.05.10 11:17:41.184,1.30301,1.30306,1.00,1.00
2018.05.10 11:17:41.237,1.30303,1.30307,1.50,1.00
2018.05.10 11:17:41.289,1.30303,1.30309,2.44,1.12
2018.05.10 11:17:41.652,1.30304,1.3031,3.00,1.20
2018.05.10 11:17:42.164,1.30305,1.3031,1.50,1.00
2018.05.10 11:17:42.323,1.30304,1.30309,1.00,1.39
2018.05.10 11:17:42.379,1.30304,1.30307,1.50,1.00
2018.05.10 11:17:42.433,1.30304,1.3031,3.19,1.39
2018.05.10 11:17:42.486,1.30304,1.3031,3.75,1.10
2018.05.10 11:17:44.166,1.30305,1.30308,1.50,1.00
2018.05.10 11:17:44.499,1.30305,1.30307,1.50,1.00
2018.05.10 11:17:44.708,1.30305,1.30308,2.25,1.00
2018.05.10 11:17:44.761,1.30305,1.3031,2.44,1.00
2018.05.10 11:17:44.814,1.30306,1.3031,2.25,1.00
2018.05.10 11:17:44.918,1.30306,1.30312,2.44,1.01
2018.05.10 11:17:45.784,1.30308,1.30313,1.12,1.12
2018.05.10 11:17:46.094,1.30307,1.30311,4.20,1.00
2018.05.10 11:17:46.707,1.30307,1.30312,2.25,1.00
2018.05.10 11:17:47.211,1.30306,1.30311,2.25,1.00
2018.05.10 11:17:48.183,1.30306,1.30311,1.25,1.00
2018.05.10 11:17:48.797,1.30306,1.30309,1.00,1.00
2018.05.10 11:17:49.004,1.30304,1.3031,2.32,1.62
2018.05.10 11:17:49.234,1.30305,1.3031,2.25,1.10
2018.05.10 11:17:49.388,1.30306,1.30312,1.50,1.20
2018.05.10 11:17:49.542,1.30309,1.30313,1.00,1.10
2018.05.10 11:17:49.647,1.30309,1.30316,1.25,1.20
2018.05.10 11:17:49.698,1.30309,1.30314,2.44,1.00
2018.05.10 11:17:50.040,1.30311,1.30316,2.70,1.00
2018.05.10 11:17:51.015,1.30309,1.30312,2.32,1.00
2018.05.10 11:17:51.682,1.30309,1.30311,1.50,1.00
2018.05.10 11:17:52.205,1.3031,1.30314,1.00,2.25
2018.05.10 11:17:52.731,1.3031,1.30315,1.69,1.50
2018.05.10 11:17:53.250,1.30312,1.30315,1.00,1.00
2018.05.10 11:17:53.893,1.30315,1.30319,1.00,3.45
2018.05.10 11:17:53.946,1.30317,1.30321,2.44,1.12
2018.05.10 11:17:54.106,1.30317,1.30323,1.87,1.01
2018.05.10 11:17:54.433,1.30316,1.30321,4.01,1.00
2018.05.10 11:17:54.745,1.30316,1.30319,1.00,1.00
2018.05.10 11:17:54.867,1.30316,1.30321,1.00,1.12
2018.05.10 11:17:56.388,1.30316,1.30322,3.94,1.44
2018.05.10 11:17:56.764,1.30317,1.30323,1.57,1.12
2018.05.10 11:17:56.870,1.30319,1.30325,3.00,1.01
2018.05.10 11:17:57.183,1.30319,1.30323,2.25,1.44
2018.05.10 11:17:57.814,1.30319,1.30323,2.25,1.13
2018.05.10 11:17:58.075,1.30316,1.30323,5.14,1.44
2018.05.10 11:17:58.540,1.30316,1.30323,3.26,1.48
2018.05.10 11:17:58.592,1.30315,1.3032,4.69,1.13
2018.05.10 11:17:58.717,1.30315,1.30318,1.00,1.25
2018.05.10 11:17:58.769,1.30312,1.30318,2.32,1.62
2018.05.10 11:17:59.654,1.30315,1.30318,1.00,1.25
2018.05.10 11:17:59.707,1.30315,1.3032,1.00,1.31
2018.05.10 11:17:59.759,1.30315,1.30321,1.00,2.51
2018.05.10 11:18:00.274,1.30315,1.30322,1.00,2.51
2018.05.10 11:18:00.935,1.30316,1.30322,1.50,1.76
2018.05.10 11:18:01.243,1.30316,1.30319,1.50,1.00
2018.05.10 11:18:01.489,1.30314,1.30318,1.00,1.25
2018.05.10 11:18:01.542,1.30314,1.30316,1.00,1.00
2018.05.10 11:18:01.595,1.30314,1.30318,1.00,1.25
2018.05.10 11:18:01.648,1.30314,1.30316,1.00,1.00
2018.05.10 11:18:02.165,1.30311,1.30315,2.51,1.00
2018.05.10 11:18:03.125,1.30311,1.30315,1.10,1.00
2018.05.10 11:18:03.688,1.3031,1.30317,1.10,4.39
2018.05.10 11:18:03.851,1.30311,1.30316,3.00,1.25
2018.05.10 11:18:04.377,1.30311,1.30317,3.45,1.00
2018.05.10 11:18:04.888,1.30311,1.30316,3.26,1.25
2018.05.10 11:18:05.224,1.30309,1.30314,1.00,1.31
2018.05.10 11:18:05.759,1.30309,1.30314,1.00,1.50
2018.05.10 11:18:06.170,1.30309,1.3031,1.00,1.00
2018.05.10 11:18:06.326,1.30307,1.3031,1.10,1.00
2018.05.10 11:18:07.179,1.30307,1.30311,1.00,1.00
2018.05.10 11:18:07.281,1.30308,1.30314,1.50,1.58
2018.05.10 11:18:07.819,1.30308,1.30313,1.57,1.44
2018.05.10 11:18:08.327,1.3031,1.30316,3.00,3.08
2018.05.10 11:18:08.380,1.3031,1.30316,3.75,1.10
2018.05.10 11:18:09.049,1.30313,1.30318,3.00,1.25
2018.05.10 11:18:09.358,1.30313,1.30317,2.32,1.38
2018.05.10 11:18:09.513,1.30313,1.30318,3.00,1.25
2018.05.10 11:18:09.940,1.30314,1.3032,1.57,1.13
2018.05.10 11:18:10.490,1.30315,1.30319,1.00,1.00
2018.05.10 11:18:11.152,1.30315,1.30319,1.00,1.31
2018.05.10 11:18:11.360,1.30312,1.30317,2.32,1.63
2018.05.10 11:18:11.900,1.30312,1.30317,2.25,1.63
2018.05.10 11:18:12.435,1.30311,1.30317,3.00,1.25
2018.05.10 11:18:12.793,1.30311,1.30318,3.00,2.25
2018.05.10 11:18:13.345,1.30311,1.30318,3.00,1.88
2018.05.10 11:18:13.549,1.30311,1.30318,1.12,2.44
2018.05.10 11:18:14.293,1.30309,1.30314,3.07,1.00
2018.05.10 11:18:14.425,1.30307,1.30313,2.25,1.88
2018.05.10 11:18:14.478,1.30307,1.30313,2.25,1.25
2018.05.10 11:18:14.982,1.30307,1.30311,2.25,1.38
2018.05.10 11:18:15.297,1.30305,1.30308,1.50,1.25
2018.05.10 11:18:15.455,1.30306,1.30311,1.31,1.20
2018.05.10 11:18:15.614,1.30308,1.30312,1.00,1.00
2018.05.10 11:18:17.180,1.30308,1.30313,2.06,1.12
2018.05.10 11:18:17.669,1.30309,1.30315,3.56,1.00
2018.05.10 11:18:18.368,1.3031,1.30315,1.07,1.00
2018.05.10 11:18:19.260,1.30311,1.30315,2.32,1.00
2018.05.10 11:18:19.842,1.30311,1.30317,2.25,1.95
2018.05.10 11:18:20.665,1.30311,1.30316,1.00,1.25
2018.05.10 11:18:21.373,1.30311,1.30316,1.00,1.50
2018.05.10 11:18:21.680,1.30311,1.30315,1.00,2.25
2018.05.10 11:18:22.039,1.30308,1.30315,5.70,1.31
2018.05.10 11:18:22.831,1.30309,1.30314,1.76,1.25
2018.05.10 11:18:25.132,1.3031,1.30314,1.50,1.00
2018.05.10 11:18:25.844,1.3031,1.30313,1.50,1.00
2018.05.10 11:18:26.256,1.30309,1.30315,1.57,1.50
2018.05.10 11:18:26.307,1.3031,1.30315,2.25,1.12
2018.05.10 11:18:27.402,1.30311,1.30316,2.51,1.00
2018.05.10 11:18:27.922,1.30312,1.30317,1.10,1.25
2018.05.10 11:18:28.679,1.30312,1.30317,2.32,1.25
2018.05.10 11:18:29.819,1.30311,1.30317,3.64,1.00
2018.05.10 11:18:30.950,1.30312,1.30317,1.10,1.44
2018.05.10 11:18:33.474,1.30312,1.30317,1.50,1.00
2018.05.10 11:18:33.986,1.30312,1.30316,1.00,1.00
2018.05.10 11:18:34.527,1.30312,1.30317,1.50,1.12
2018.05.10 11:18:35.044,1.30313,1.30317,1.00,1.25
2018.05.10 11:18:35.699,1.30313,1.30318,1.00,1.31
2018.05.10 11:18:36.206,1.30314,1.30319,3.00,1.25
2018.05.10 11:18:36.309,1.30316,1.30322,1.31,1.69
2018.05.10 11:18:36.360,1.30316,1.30322,3.94,1.25
2018.05.10 11:18:36.919,1.30318,1.30323,1.31,1.10
2018.05.10 11:18:37.541,1.30318,1.30323,3.00,1.00
2018.05.10 11:18:37.859,1.30313,1.30318,3.00,1.25
2018.05.10 11:18:38.065,1.30313,1.30321,4.01,5.32
2018.05.10 11:18:38.117,1.30317,1.30322,1.12,1.39
2018.05.10 11:18:38.221,1.30319,1.30324,1.00,2.70
2018.05.10 11:18:38.340,1.30321,1.30325,1.00,2.14
2018.05.10 11:18:38.651,1.30325,1.3033,1.50,3.07
2018.05.10 11:18:39.563,1.30323,1.30329,2.25,1.57
2018.05.10 11:18:39.666,1.30323,1.30327,1.50,1.25
2018.05.10 11:18:40.184,1.30318,1.30322,3.26,1.00
2018.05.10 11:18:40.288,1.30315,1.3032,1.85,1.00
2018.05.10 11:18:40.970,1.30316,1.30321,1.50,1.20
2018.05.10 11:18:41.489,1.30316,1.30321,1.00,1.10
2018.05.10 11:18:42.003,1.30313,1.3032,4.95,1.20
2018.05.10 11:18:42.524,1.30313,1.30319,5.32,1.00
2018.05.10 11:18:42.784,1.30312,1.30319,1.10,1.57
2018.05.10 11:18:42.863,1.30314,1.30319,1.00,1.76
2018.05.10 11:18:43.376,1.30313,1.30318,1.00,1.00
2018.05.10 11:18:43.849,1.30315,1.30321,2.81,1.07
2018.05.10 11:18:44.158,1.30316,1.30321,2.44,1.00
2018.05.10 11:18:44.595,1.30317,1.30323,1.57,1.00
2018.05.10 11:18:45.126,1.30318,1.30324,1.12,1.95
2018.05.10 11:18:45.673,1.30319,1.30324,1.00,1.50
2018.05.10 11:18:46.319,1.30318,1.30323,1.57,1.00
2018.05.10 11:18:48.381,1.30318,1.30323,1.85,1.00
2018.05.10 11:18:49.251,1.30315,1.3032,2.70,1.00
2018.05.10 11:18:49.354,1.30313,1.30319,1.20,1.00
2018.05.10 11:18:50.166,1.30313,1.30319,1.20,1.62
2018.05.10 11:18:52.215,1.30313,1.30319,1.12,1.87
2018.05.10 11:18:52.979,1.30313,1.30319,1.12,2.44
2018.05.10 11:18:54.450,1.30314,1.3032,1.00,2.00
2018.05.10 11:18:54.502,1.30315,1.30321,1.50,1.20
2018.05.10 11:18:55.053,1.30317,1.30323,1.00,3.45
2018.05.10 11:18:58.073,1.30317,1.30323,1.50,2.70
2018.05.10 11:18:59.413,1.30319,1.30323,1.00,1.50
2018.05.10 11:18:59.861,1.30321,1.30326,1.00,2.51
2018.05.10 11:18:59.913,1.30321,1.30327,1.50,1.57
2018.05.10 11:19:00.169,1.30322,1.30328,2.25,1.76
2018.05.10 11:19:00.501,1.30322,1.30326,1.75,1.00
2018.05.10 11:19:00.552,1.3032,1.30326,1.87,2.25
2018.05.10 11:19:00.655,1.30319,1.30324,2.25,1.50
2018.05.10 11:19:01.085,1.30318,1.30324,1.12,1.01
2018.05.10 11:19:01.190,1.30316,1.30323,1.57,2.32
2018.05.10 11:19:01.519,1.30312,1.30318,1.00,1.95
2018.05.10 11:19:01.897,1.30314,1.30319,1.00,2.51
2018.05.10 11:19:01.949,1.30314,1.30319,2.06,1.57
2018.05.10 11:19:02.002,1.30316,1.30319,1.00,1.00
2018.05.10 11:19:02.315,1.30317,1.30322,1.00,2.89
2018.05.10 11:19:02.424,1.30318,1.30324,1.25,2.14
2018.05.10 11:19:03.063,1.30317,1.30323,1.69,5.14
2018.05.10 11:19:03.566,1.30316,1.30322,1.00,1.76
2018.05.10 11:19:04.101,1.30315,1.30322,1.12,3.45
2018.05.10 11:19:04.692,1.30316,1.30321,1.00,1.69
2018.05.10 11:19:04.904,1.30311,1.30317,2.32,3.37
2018.05.10 11:19:04.957,1.30312,1.30314,1.00,1.12
2018.05.10 11:19:05.167,1.3031,1.30314,1.00,1.12
2018.05.10 11:19:05.373,1.3031,1.30312,1.00,2.25
2018.05.10 11:19:05.425,1.30307,1.30313,2.32,1.25
2018.05.10 11:19:05.580,1.30307,1.30311,1.00,1.31
2018.05.10 11:19:05.735,1.30304,1.30309,1.10,2.06
2018.05.10 11:19:05.786,1.30304,1.30307,1.50,1.50
2018.05.10 11:19:05.937,1.303,1.30304,1.00,1.00
2018.05.10 11:19:06.195,1.30298,1.303,1.00,1.50
2018.05.10 11:19:06.247,1.30295,1.303,1.95,1.00
2018.05.10 11:19:06.400,1.30298,1.303,1.50,1.00
2018.05.10 11:19:06.579,1.30298,1.30303,1.50,1.20
2018.05.10 11:19:06.787,1.30301,1.30304,1.00,2.44
2018.05.10 11:19:06.840,1.30299,1.30305,1.13,1.85
2018.05.10 11:19:07.331,1.30296,1.30299,1.69,2.25
2018.05.10 11:19:07.382,1.30297,1.30301,1.12,1.69
2018.05.10 11:19:08.096,1.30296,1.30301,1.95,1.31
2018.05.10 11:19:08.643,1.30297,1.30301,1.00,1.25
2018.05.10 11:19:08.848,1.30299,1.30303,1.00,1.31
2018.05.10 11:19:09.429,1.30299,1.30304,1.50,1.00
2018.05.10 11:19:09.744,1.30301,1.30307,2.06,1.57
2018.05.10 11:19:10.283,1.30302,1.30308,1.69,2.62
2018.05.10 11:19:10.460,1.30304,1.30308,1.00,1.12
2018.05.10 11:19:10.771,1.30302,1.30308,1.00,1.12
2018.05.10 11:19:10.823,1.30302,1.30306,1.00,2.25
2018.05.10 11:19:11.134,1.30298,1.30304,4.01,1.25
2018.05.10 11:19:11.646,1.30298,1.30304,3.94,1.44
2018.05.10 11:19:12.024,1.30299,1.30304,1.31,1.00
2018.05.10 11:19:12.560,1.30298,1.30304,3.37,1.38
2018.05.10 11:19:12.869,1.30298,1.30301,2.44,1.00
2018.05.10 11:19:13.382,1.30298,1.30301,2.62,1.00
2018.05.10 11:19:13.896,1.30298,1.30301,1.31,1.00
2018.05.10 11:19:14.401,1.30298,1.30301,1.31,2.25
2018.05.10 11:19:14.918,1.30298,1.30302,1.31,1.69
2018.05.10 11:19:15.454,1.30298,1.30303,2.25,1.13
2018.05.10 11:19:15.830,1.30298,1.303,1.50,1.00
2018.05.10 11:19:16.342,1.30298,1.30302,1.50,1.00
2018.05.10 11:19:16.650,1.30298,1.303,1.50,1.00
2018.05.10 11:19:16.755,1.30295,1.30299,1.76,3.00
2018.05.10 11:19:16.850,1.30293,1.30299,4.76,1.12
2018.05.10 11:19:16.966,1.30291,1.30295,1.57,1.00
2018.05.10 11:19:17.069,1.3029,1.30295,1.00,1.00
2018.05.10 11:19:17.580,1.30289,1.30295,1.12,1.25
2018.05.10 11:19:18.109,1.30289,1.30293,1.31,1.50
2018.05.10 11:19:18.741,1.30289,1.30294,1.00,1.00
2018.05.10 11:19:19.271,1.30288,1.30293,2.33,1.00
2018.05.10 11:19:19.527,1.30288,1.30295,1.57,1.57
2018.05.10 11:19:20.171,1.30288,1.30294,2.44,1.00
2018.05.10 11:19:21.009,1.30286,1.30294,3.64,2.33
2018.05.10 11:19:21.560,1.30288,1.30294,1.69,1.12
2018.05.10 11:19:21.976,1.30292,1.30297,1.12,2.70
2018.05.10 11:19:22.323,1.30295,1.30302,1.88,4.39
2018.05.10 11:19:23.311,1.30294,1.30302,2.33,3.64
2018.05.10 11:19:25.419,1.30298,1.30303,1.25,1.85
2018.05.10 11:19:25.472,1.30299,1.30303,1.00,1.50
2018.05.10 11:19:25.525,1.303,1.30305,2.06,1.12
2018.05.10 11:19:25.651,1.30301,1.30308,1.69,3.45
2018.05.10 11:19:26.326,1.303,1.30308,4.39,1.95
2018.05.10 11:19:26.753,1.30303,1.30309,1.19,1.50
2018.05.10 11:19:26.805,1.30305,1.3031,1.13,1.10
2018.05.10 11:19:27.013,1.30307,1.30313,1.69,1.12
2018.05.10 11:19:27.366,1.3031,1.30316,1.38,1.39
2018.05.10 11:19:27.906,1.3031,1.30315,2.81,1.00
2018.05.10 11:19:28.407,1.30309,1.30315,4.20,1.00
2018.05.10 11:19:28.613,1.30309,1.30317,4.01,1.69
2018.05.10 11:19:29.147,1.30309,1.30317,4.58,2.44
2018.05.10 11:19:29.462,1.30311,1.30318,1.13,3.37
2018.05.10 11:19:30.001,1.3031,1.30316,1.85,1.00
2018.05.10 11:19:31.352,1.3031,1.30316,1.57,1.12
2018.05.10 11:19:31.916,1.30312,1.30317,1.00,1.50
2018.05.10 11:19:32.464,1.30312,1.30319,1.20,3.07
2018.05.10 11:19:32.516,1.30313,1.3032,1.69,3.64
2018.05.10 11:19:33.073,1.30315,1.3032,1.25,1.75
2018.05.10 11:19:33.535,1.30313,1.30318,1.20,1.12
2018.05.10 11:19:35.933,1.30311,1.30316,2.14,1.25
2018.05.10 11:19:36.087,1.30312,1.30318,1.00,2.32
2018.05.10 11:19:36.190,1.30314,1.30319,1.00,1.57
2018.05.10 11:19:36.734,1.30313,1.30319,1.31,2.32
2018.05.10 11:19:37.245,1.30313,1.30319,1.12,2.70
2018.05.10 11:19:38.805,1.30314,1.3032,1.00,1.57
2018.05.10 11:19:39.342,1.30312,1.3032,4.20,1.57
2018.05.10 11:19:40.077,1.30312,1.3032,5.51,1.57
2018.05.10 11:19:40.614,1.30315,1.30322,1.00,3.19
2018.05.10 11:19:41.159,1.30315,1.30322,1.69,1.87
2018.05.10 11:19:41.935,1.30317,1.30322,1.00,1.50
2018.05.10 11:19:42.463,1.30317,1.30322,1.00,1.00
2018.05.10 11:19:44.099,1.30318,1.30323,1.00,2.32
2018.05.10 11:19:44.151,1.3032,1.30325,1.00,4.57
2018.05.10 11:19:44.740,1.3032,1.30325,1.00,1.57
2018.05.10 11:19:45.268,1.30318,1.30324,1.57,1.31
2018.05.10 11:19:45.650,1.30321,1.30324,1.00,1.12
2018.05.10 11:19:46.162,1.3032,1.30323,1.00,1.00
2018.05.10 11:19:46.710,1.30321,1.30326,1.00,1.69
2018.05.10 11:19:46.813,1.30319,1.30325,1.00,1.87
2018.05.10 11:19:46.865,1.30319,1.30325,1.00,2.06
2018.05.10 11:19:47.392,1.30318,1.30323,1.50,1.00
2018.05.10 11:19:47.910,1.30318,1.30324,2.70,1.50
2018.05.10 11:19:48.488,1.30319,1.30324,1.20,1.31
2018.05.10 11:19:49.022,1.30318,1.30325,1.95,2.63
2018.05.10 11:19:49.910,1.30318,1.30325,1.95,5.06
2018.05.10 11:19:50.217,1.30315,1.3032,1.20,2.06
2018.05.10 11:19:50.749,1.30315,1.30318,1.00,1.00
2018.05.10 11:19:51.435,1.30316,1.3032,1.00,2.06
2018.05.10 11:19:52.005,1.30316,1.30321,1.00,1.00
2018.05.10 11:19:53.153,1.30316,1.30322,1.00,1.95
2018.05.10 11:19:53.542,1.30315,1.30319,1.00,1.88
2018.05.10 11:19:53.594,1.30315,1.3032,1.00,2.70
2018.05.10 11:19:54.210,1.30315,1.30319,1.00,1.00
2018.05.10 11:19:54.522,1.30314,1.30317,1.00,1.19
2018.05.10 11:19:54.574,1.30315,1.30318,1.00,2.06
2018.05.10 11:19:55.638,1.30315,1.3032,1.00,2.06
2018.05.10 11:19:55.947,1.30315,1.30321,2.70,1.69
2018.05.10 11:19:56.483,1.30315,1.3032,1.57,1.13
2018.05.10 11:19:56.718,1.30315,1.30318,1.10,1.25
2018.05.10 11:19:57.062,1.30313,1.30317,2.62,1.38
2018.05.10 11:19:57.591,1.30313,1.30318,2.44,1.88
2018.05.10 11:19:58.103,1.30313,1.30316,1.50,1.00
2018.05.10 11:19:59.210,1.30314,1.30317,1.00,1.00
2018.05.10 11:19:59.261,1.3031,1.30316,2.70,2.62
2018.05.10 11:19:59.367,1.30309,1.30314,1.50,1.00
2018.05.10 11:19:59.859,1.30307,1.30314,1.95,1.50
2018.05.10 11:19:59.912,1.30307,1.30314,1.50,2.51
2018.05.10 11:20:00.118,1.30307,1.30314,1.50,1.95
2018.05.10 11:20:00.170,1.30307,1.30314,1.50,2.70
2018.05.10 11:20:00.431,1.30304,1.3031,1.12,1.95
2018.05.10 11:20:00.807,1.30306,1.30311,1.00,1.10
2018.05.10 11:20:01.376,1.30307,1.30313,1.00,3.08
2018.05.10 11:20:01.951,1.30306,1.30312,1.50,2.33
2018.05.10 11:20:02.004,1.30304,1.30311,1.20,1.95
2018.05.10 11:20:02.759,1.30302,1.30308,1.20,2.06
2018.05.10 11:20:03.067,1.303,1.30306,1.00,2.32
2018.05.10 11:20:03.584,1.303,1.30305,1.75,1.10
2018.05.10 11:20:04.200,1.303,1.30306,1.75,1.01
2018.05.10 11:20:04.715,1.303,1.30306,1.00,1.57
2018.05.10 11:20:06.672,1.303,1.30306,1.00,1.76
2018.05.10 11:20:06.828,1.303,1.30303,1.00,1.25
2018.05.10 11:20:07.334,1.30299,1.30305,1.20,1.50
2018.05.10 11:20:07.804,1.30301,1.30306,1.12,1.00
2018.05.10 11:20:08.112,1.30302,1.30308,1.75,1.00
2018.05.10 11:20:08.834,1.30302,1.30309,1.75,3.45
2018.05.10 11:20:09.375,1.30302,1.30309,1.75,4.58
2018.05.10 11:20:09.906,1.30302,1.30309,1.75,5.70
2018.05.10 11:20:10.217,1.30301,1.30308,1.50,1.39
2018.05.10 11:20:11.297,1.30301,1.30309,3.26,2.89
2018.05.10 11:20:11.762,1.30301,1.30306,2.32,1.25
2018.05.10 11:20:11.815,1.303,1.30306,1.95,1.50
2018.05.10 11:20:11.969,1.303,1.30304,1.00,1.00
2018.05.10 11:20:12.229,1.30297,1.30302,1.00,2.32
2018.05.10 11:20:13.095,1.30298,1.30302,1.00,1.00
2018.05.10 11:20:13.842,1.30298,1.30304,1.12,1.50
2018.05.10 11:20:14.151,1.303,1.30304,1.95,1.00
2018.05.10 11:20:14.957,1.30301,1.30304,1.20,1.00
2018.05.10 11:20:15.615,1.30301,1.30304,1.47,1.00
2018.05.10 11:20:16.015,1.303,1.30305,1.57,1.69
2018.05.10 11:20:16.119,1.303,1.30303,1.10,1.44
2018.05.10 11:20:16.400,1.30295,1.30298,1.10,1.25
2018.05.10 11:20:16.915,1.30293,1.30298,1.47,1.31
2018.05.10 11:20:17.122,1.30294,1.303,1.76,1.00
2018.05.10 11:20:17.174,1.30295,1.30301,3.45,1.50
2018.05.10 11:20:17.320,1.30298,1.30303,1.20,1.69
2018.05.10 11:20:17.474,1.303,1.30303,1.20,1.00
2018.05.10 11:20:17.679,1.30297,1.30303,1.57,2.63
2018.05.10 11:20:18.199,1.30297,1.30303,1.57,3.56
2018.05.10 11:20:18.716,1.30298,1.30303,1.00,1.88
2018.05.10 11:20:19.307,1.30298,1.30303,1.57,1.69
2018.05.10 11:20:19.515,1.30299,1.30305,1.45,2.44
2018.05.10 11:20:19.860,1.30301,1.30307,1.57,2.62
2018.05.10 11:20:21.388,1.30302,1.30306,1.47,1.31
2018.05.10 11:20:21.889,1.30302,1.30306,1.20,1.13
2018.05.10 11:20:24.074,1.30302,1.30306,1.45,1.31
2018.05.10 11:20:24.134,1.30304,1.30309,1.10,1.50
2018.05.10 11:20:24.188,1.30305,1.3031,1.45,3.56
2018.05.10 11:20:24.502,1.30304,1.30309,2.32,1.69
2018.05.10 11:20:25.061,1.30305,1.30309,1.45,1.69
2018.05.10 11:20:25.595,1.30305,1.30309,1.57,1.00
2018.05.10 11:20:26.336,1.30304,1.30309,2.70,1.25
2018.05.10 11:20:26.853,1.30305,1.30309,1.57,1.25
2018.05.10 11:20:27.354,1.30305,1.30308,1.57,1.25
2018.05.10 11:20:27.869,1.30305,1.30308,1.20,1.19
2018.05.10 11:20:28.199,1.30305,1.30309,1.45,1.00
2018.05.10 11:20:28.719,1.30305,1.30308,1.45,1.25
2018.05.10 11:20:28.771,1.30304,1.30309,1.57,1.50
2018.05.10 11:20:28.823,1.30304,1.30306,1.57,1.00
2018.05.10 11:20:29.135,1.30303,1.30304,1.00,1.00
2018.05.10 11:20:29.188,1.30302,1.30304,1.20,1.00
2018.05.10 11:20:29.540,1.30301,1.30302,1.20,1.00
2018.05.10 11:20:30.059,1.30301,1.30303,1.20,1.00
2018.05.10 11:20:31.029,1.303,1.30303,1.20,1.63
2018.05.10 11:20:31.133,1.30296,1.30301,1.95,1.25
2018.05.10 11:20:31.658,1.30296,1.30299,1.20,1.00
2018.05.10 11:20:33.289,1.30295,1.303,1.57,1.31
2018.05.10 11:20:33.778,1.30295,1.30297,1.57,1.00
2018.05.10 11:20:34.351,1.30295,1.30296,1.10,1.00
2018.05.10 11:20:34.860,1.30295,1.30297,1.47,1.00
2018.05.10 11:20:35.159,1.30296,1.30298,1.20,1.00
2018.05.10 11:20:35.763,1.30296,1.30297,1.20,1.00
2018.05.10 11:20:37.428,1.30296,1.30299,1.20,1.00
2018.05.10 11:20:37.481,1.30297,1.30301,1.50,1.00
2018.05.10 11:20:37.709,1.30303,1.30308,1.37,1.00
2018.05.10 11:20:37.762,1.30303,1.30306,1.95,1.00
2018.05.10 11:20:37.969,1.30305,1.30309,1.20,1.31
2018.05.10 11:20:38.478,1.30305,1.30308,1.45,1.00
2018.05.10 11:20:38.688,1.30307,1.30309,1.47,1.00
2018.05.10 11:20:38.895,1.30308,1.30312,1.50,1.00
2018.05.10 11:20:39.601,1.30309,1.30311,1.57,1.00
2018.05.10 11:20:40.146,1.30309,1.30311,1.47,1.00
2018.05.10 11:20:41.290,1.30309,1.30311,1.20,1.00
2018.05.10 11:20:43.961,1.30309,1.30313,1.57,1.00
2018.05.10 11:20:44.468,1.30311,1.30313,1.20,1.00
2018.05.10 11:20:44.976,1.3031,1.30313,1.20,1.00
2018.05.10 11:20:45.832,1.3031,1.30315,1.20,2.06
2018.05.10 11:20:46.093,1.30311,1.30316,1.45,2.81
2018.05.10 11:20:46.644,1.3031,1.30314,1.95,1.12
2018.05.10 11:20:46.797,1.30312,1.30317,1.20,1.19
2018.05.10 11:20:46.899,1.30313,1.30317,1.45,1.00
2018.05.10 11:20:47.411,1.30314,1.30318,1.20,1.50
2018.05.10 11:20:48.988,1.30315,1.30318,1.45,1.00
2018.05.10 11:20:49.195,1.30314,1.30318,1.57,1.00
2018.05.10 11:20:49.298,1.30315,1.30318,1.45,1.25
2018.05.10 11:20:49.746,1.30317,1.3032,1.57,1.00
2018.05.10 11:20:50.418,1.30316,1.30319,1.47,1.00
2018.05.10 11:20:50.524,1.30317,1.30321,1.10,1.00
2018.05.10 11:20:50.578,1.30318,1.30322,1.45,1.12
2018.05.10 11:20:52.179,1.30319,1.30323,1.20,1.00
2018.05.10 11:20:52.489,1.30323,1.30325,1.10,1.00
2018.05.10 11:20:53.234,1.30322,1.30325,1.95,1.00
2018.05.10 11:20:53.694,1.30322,1.30324,1.95,1.00
2018.05.10 11:20:54.395,1.30322,1.30323,1.20,1.00
2018.05.10 11:20:55.953,1.30321,1.30323,1.10,1.50
2018.05.10 11:20:56.164,1.30315,1.30319,1.95,1.00
2018.05.10 11:20:56.515,1.30316,1.3032,2.25,1.00
2018.05.10 11:20:56.674,1.30317,1.30322,1.95,1.25
2018.05.10 11:20:56.726,1.30317,1.3032,1.95,1.00
2018.05.10 11:20:57.033,1.30315,1.3032,1.95,1.87
2018.05.10 11:20:57.335,1.30315,1.30318,1.00,1.00
2018.05.10 11:20:57.983,1.30314,1.30318,1.57,1.12
2018.05.10 11:20:58.482,1.30316,1.30319,1.20,1.00
2018.05.10 11:20:58.986,1.30316,1.30318,1.20,1.00
2018.05.10 11:20:59.039,1.30316,1.3032,1.20,1.25
2018.05.10 11:20:59.626,1.30316,1.3032,1.45,1.00
2018.05.10 11:21:00.296,1.30316,1.30322,1.57,1.50
2018.05.10 11:21:00.409,1.30318,1.3032,1.95,1.00
2018.05.10 11:21:00.859,1.30316,1.30319,1.95,1.00
2018.05.10 11:21:01.173,1.30316,1.30321,1.00,1.12
2018.05.10 11:21:01.305,1.30319,1.30323,1.57,1.00
2018.05.10 11:21:01.615,1.30321,1.30322,1.20,1.00
2018.05.10 11:21:02.137,1.30319,1.30322,1.57,1.00
2018.05.10 11:21:02.467,1.30321,1.30324,1.57,1.00
2018.05.10 11:21:02.520,1.30321,1.30326,2.32,1.12
2018.05.10 11:21:02.573,1.30323,1.30325,1.47,1.00
2018.05.10 11:21:03.114,1.30322,1.30323,1.20,1.00
2018.05.10 11:21:03.168,1.30321,1.30322,1.00,1.00
2018.05.10 11:21:03.738,1.30321,1.30324,1.00,1.50
2018.05.10 11:21:04.272,1.30321,1.30324,1.95,1.00
2018.05.10 11:21:05.628,1.30322,1.30324,1.45,1.00
2018.05.10 11:21:06.308,1.30322,1.30324,1.20,1.00
2018.05.10 11:21:06.412,1.30321,1.30323,1.57,1.00
2018.05.10 11:21:06.691,1.30319,1.30321,1.45,1.00
2018.05.10 11:21:06.981,1.30319,1.30323,1.95,1.00
2018.05.10 11:21:07.034,1.3032,1.30325,4.87,1.00
2018.05.10 11:21:07.137,1.30324,1.30328,1.20,1.00
2018.05.10 11:21:07.391,1.30324,1.30326,1.95,1.00
2018.05.10 11:21:07.920,1.30324,1.30325,1.20,1.00
2018.05.10 11:21:08.443,1.30321,1.30324,1.95,1.00
2018.05.10 11:21:09.126,1.30322,1.30324,1.45,1.00
2018.05.10 11:21:09.633,1.30322,1.30323,1.20,1.00
2018.05.10 11:21:10.143,1.30321,1.30322,1.57,1.00
2018.05.10 11:21:10.690,1.3032,1.30322,1.10,1.00
2018.05.10 11:21:11.204,1.3032,1.30322,1.57,1.00
2018.05.10 11:21:11.748,1.30321,1.30323,1.20,1.00
2018.05.10 11:21:12.570,1.3032,1.30321,1.57,1.00
2018.05.10 11:21:12.623,1.30316,1.30318,1.00,1.00
2018.05.10 11:21:13.692,1.30315,1.30318,1.57,1.00
2018.05.10 11:21:14.235,1.30315,1.30318,1.57,1.00
2018.05.10 11:21:15.009,1.30316,1.30319,1.57,1.00
2018.05.10 11:21:15.542,1.30316,1.3032,1.57,1.50
2018.05.10 11:21:17.164,1.30315,1.30317,2.70,1.00
2018.05.10 11:21:17.469,1.30307,1.30309,2.70,1.00
2018.05.10 11:21:17.632,1.30309,1.30314,2.25,2.06
2018.05.10 11:21:18.380,1.30309,1.30311,1.20,1.50
2018.05.10 11:21:18.539,1.30308,1.30313,1.00,2.81
2018.05.10 11:21:18.646,1.30309,1.30315,1.45,4.12
2018.05.10 11:21:18.948,1.30312,1.30317,1.50,1.95
2018.05.10 11:21:19.416,1.30314,1.30319,1.20,1.00
2018.05.10 11:21:19.522,1.30317,1.30321,1.00,1.50
2018.05.10 11:21:20.639,1.30315,1.30319,3.45,1.00
2018.05.10 11:21:21.165,1.30315,1.30319,1.57,1.00
2018.05.10 11:21:21.693,1.30315,1.30319,1.10,1.00
2018.05.10 11:21:22.235,1.30315,1.3032,1.95,1.00
2018.05.10 11:21:22.746,1.30315,1.30319,1.45,1.00
2018.05.10 11:21:23.503,1.30315,1.3032,1.95,1.12
2018.05.10 11:21:24.024,1.30315,1.30319,1.20,1.00
2018.05.10 11:21:24.450,1.30315,1.30317,1.10,1.00
2018.05.10 11:21:24.502,1.30315,1.30319,1.10,1.00
2018.05.10 11:21:25.048,1.30315,1.3032,1.07,2.25
2018.05.10 11:21:25.560,1.30313,1.3032,2.14,1.69
2018.05.10 11:21:26.073,1.30314,1.3032,1.76,1.69
2018.05.10 11:21:26.230,1.30317,1.30322,1.10,1.25
2018.05.10 11:21:26.284,1.30319,1.30323,1.25,1.00
2018.05.10 11:21:26.596,1.30321,1.30324,1.10,1.00
2018.05.10 11:21:27.113,1.3032,1.30325,1.47,1.69
2018.05.10 11:21:27.436,1.3032,1.30323,1.47,1.00
2018.05.10 11:21:27.754,1.30318,1.30323,1.95,1.19
2018.05.10 11:21:28.067,1.30316,1.3032,2.70,1.50
2018.05.10 11:21:28.276,1.30314,1.30319,1.95,1.12
2018.05.10 11:21:28.470,1.30314,1.30321,1.95,1.12
2018.05.10 11:21:28.993,1.30316,1.30321,1.10,2.44
2018.05.10 11:21:29.820,1.30315,1.30319,1.47,1.00
2018.05.10 11:21:30.926,1.30315,1.30319,1.20,1.00
2018.05.10 11:21:31.190,1.30312,1.30316,1.45,1.25
2018.05.10 11:21:31.398,1.30308,1.30313,2.70,1.00
2018.05.10 11:21:32.042,1.30309,1.30313,1.07,1.00
2018.05.10 11:21:32.543,1.30308,1.30313,1.45,1.00
2018.05.10 11:21:33.069,1.30307,1.30313,2.25,1.25
2018.05.10 11:21:33.698,1.30307,1.30312,1.50,1.00
2018.05.10 11:21:34.245,1.30307,1.30311,1.00,1.50
2018.05.10 11:21:35.210,1.30305,1.30311,2.25,1.95
2018.05.10 11:21:35.725,1.30307,1.3031,1.00,1.00
2018.05.10 11:21:36.381,1.30307,1.30311,1.00,1.25
2018.05.10 11:21:36.488,1.30302,1.30306,1.95,1.00
2018.05.10 11:21:36.592,1.30299,1.30304,1.20,1.00
2018.05.10 11:21:36.696,1.30298,1.30303,1.10,1.00
2018.05.10 11:21:36.783,1.303,1.30305,1.00,3.07
2018.05.10 11:21:36.887,1.30298,1.30303,1.00,1.00
2018.05.10 11:21:36.992,1.30295,1.30299,1.76,1.00
2018.05.10 11:21:37.044,1.30295,1.30301,1.69,1.00
2018.05.10 11:21:37.199,1.30295,1.30302,2.25,2.51
2018.05.10 11:21:37.354,1.30296,1.30303,1.50,2.70
2018.05.10 11:21:37.588,1.30295,1.303,2.00,1.00
2018.05.10 11:21:37.639,1.30297,1.30302,1.12,1.01
2018.05.10 11:21:38.175,1.30298,1.30303,1.75,1.00
2018.05.10 11:21:39.296,1.30298,1.30303,1.50,1.00
2018.05.10 11:21:40.211,1.30298,1.30304,1.95,1.31
2018.05.10 11:21:41.079,1.30299,1.30304,1.20,2.44
2018.05.10 11:21:41.793,1.30305,1.30308,1.00,1.57
2018.05.10 11:21:42.002,1.30304,1.30311,2.89,1.69
2018.05.10 11:21:42.413,1.30308,1.30312,1.00,1.75
2018.05.10 11:21:42.679,1.30308,1.30313,1.45,1.00
2018.05.10 11:21:43.210,1.30307,1.30314,1.76,2.62
2018.05.10 11:21:43.720,1.30306,1.30313,4.01,1.00
2018.05.10 11:21:43.977,1.30308,1.30315,5.25,1.00
2018.05.10 11:21:44.286,1.30309,1.30317,1.76,1.25
2018.05.10 11:21:44.722,1.30313,1.30318,1.00,1.50
2018.05.10 11:21:45.231,1.30312,1.30318,1.10,1.69
2018.05.10 11:21:45.763,1.30309,1.30316,1.69,1.12
2018.05.10 11:21:46.315,1.3031,1.30316,1.37,1.25
2018.05.10 11:21:47.293,1.3031,1.30316,1.00,2.25
2018.05.10 11:21:47.541,1.30312,1.30317,1.00,2.70
2018.05.10 11:21:48.398,1.30311,1.30316,1.50,1.00
2018.05.10 11:21:48.904,1.30312,1.30317,1.00,2.06
2018.05.10 11:21:51.014,1.3031,1.30316,1.39,1.00
2018.05.10 11:21:51.117,1.30313,1.30317,1.00,1.10
2018.05.10 11:21:51.625,1.30312,1.30317,1.00,1.00
2018.05.10 11:21:52.253,1.30312,1.30318,1.50,1.12
2018.05.10 11:21:53.029,1.30311,1.30317,1.95,1.00
2018.05.10 11:21:53.081,1.3031,1.30316,1.20,1.50
2018.05.10 11:21:53.390,1.30312,1.30318,1.00,4.39
2018.05.10 11:21:53.893,1.30313,1.30318,1.00,3.07
2018.05.10 11:21:54.808,1.30313,1.30318,1.00,2.25
2018.05.10 11:21:55.833,1.30313,1.30318,1.44,1.00
2018.05.10 11:21:56.383,1.30314,1.30319,1.12,1.50
2018.05.10 11:21:57.706,1.30313,1.30318,1.00,1.50
2018.05.10 11:21:58.382,1.30314,1.30319,1.00,3.00
2018.05.10 11:21:58.539,1.30315,1.3032,1.00,1.01
2018.05.10 11:21:59.979,1.30315,1.30321,1.95,1.25
2018.05.10 11:22:00.294,1.30314,1.30319,1.20,1.12
2018.05.10 11:22:00.816,1.30313,1.30318,1.57,1.00
2018.05.10 11:22:01.453,1.30313,1.30319,1.50,1.95
2018.05.10 11:22:01.505,1.30315,1.30323,3.19,1.76
2018.05.10 11:22:02.566,1.30314,1.3032,2.25,1.69
2018.05.10 11:22:02.619,1.30313,1.30319,1.20,1.50
2018.05.10 11:22:03.033,1.30315,1.3032,1.00,4.20
2018.05.10 11:22:03.481,1.30316,1.30321,1.12,1.95
2018.05.10 11:22:03.541,1.30318,1.30321,1.00,1.39
2018.05.10 11:22:03.748,1.30319,1.30324,1.12,1.87
2018.05.10 11:22:04.325,1.30317,1.30323,2.25,1.00
2018.05.10 11:22:04.431,1.30316,1.30322,1.12,3.45
2018.05.10 11:22:05.559,1.30316,1.30322,1.50,1.31
2018.05.10 11:22:05.817,1.30317,1.30323,3.94,1.00
2018.05.10 11:22:06.926,1.30317,1.30323,2.25,1.00
2018.05.10 11:22:07.462,1.30317,1.30325,2.88,1.95
2018.05.10 11:22:09.108,1.3032,1.30325,1.00,1.50
2018.05.10 11:22:09.160,1.30319,1.30326,1.38,1.69
2018.05.10 11:22:09.605,1.30319,1.30324,2.51,1.00
2018.05.10 11:22:09.799,1.30317,1.30322,1.12,1.31
2018.05.10 11:22:10.330,1.30316,1.30321,1.50,1.25
2018.05.10 11:22:10.908,1.30316,1.30321,1.00,1.00
2018.05.10 11:22:11.468,1.30316,1.30321,1.37,1.00
2018.05.10 11:22:14.067,1.30317,1.30321,1.00,1.00
2018.05.10 11:22:14.593,1.30316,1.30322,1.87,1.69
2018.05.10 11:22:15.502,1.30316,1.30321,1.87,1.00
2018.05.10 11:22:16.003,1.30316,1.30321,1.50,1.00
2018.05.10 11:22:16.664,1.30316,1.30321,1.12,1.00
2018.05.10 11:22:17.011,1.30314,1.30318,1.76,1.00
2018.05.10 11:22:17.123,1.30313,1.30318,1.20,1.00
2018.05.10 11:22:17.174,1.30315,1.30322,1.31,3.08
2018.05.10 11:22:17.537,1.30317,1.30322,1.00,2.32
2018.05.10 11:22:17.691,1.30318,1.30323,1.00,1.20
2018.05.10 11:22:17.859,1.30321,1.30325,1.00,1.08
2018.05.10 11:22:17.963,1.30319,1.30325,1.00,1.50
2018.05.10 11:22:18.889,1.30319,1.30326,1.00,3.94
2018.05.10 11:22:18.992,1.30318,1.30325,2.32,1.20
2018.05.10 11:22:19.509,1.30317,1.30322,2.25,1.12
2018.05.10 11:22:19.751,1.30319,1.30324,1.12,1.69
2018.05.10 11:22:20.298,1.30318,1.30325,1.69,1.69
2018.05.10 11:22:20.886,1.30318,1.30324,1.50,1.20
2018.05.10 11:22:21.404,1.30318,1.30324,1.50,1.39
2018.05.10 11:22:21.926,1.30318,1.30324,1.50,1.76
2018.05.10 11:22:22.379,1.30321,1.30326,1.00,1.76
2018.05.10 11:22:22.535,1.30322,1.30328,1.12,2.14
2018.05.10 11:22:23.241,1.3032,1.30328,1.76,2.06
2018.05.10 11:22:23.786,1.3032,1.30328,3.64,1.69
2018.05.10 11:22:24.980,1.3032,1.30328,4.39,1.31
2018.05.10 11:22:25.931,1.30319,1.30326,6.45,1.50
2018.05.10 11:22:26.088,1.30321,1.30329,1.75,6.64
2018.05.10 11:22:26.505,1.3032,1.30326,2.32,1.31
2018.05.10 11:22:26.557,1.30319,1.30326,2.70,1.12
2018.05.10 11:22:27.074,1.30319,1.30326,1.95,2.06
2018.05.10 11:22:27.874,1.3032,1.30325,1.12,1.69
2018.05.10 11:22:28.409,1.30319,1.30325,1.00,2.44
2018.05.10 11:22:28.609,1.30318,1.30324,1.12,1.31
2018.05.10 11:22:28.927,1.3032,1.30328,2.25,6.26
2018.05.10 11:22:28.979,1.30321,1.30327,1.12,1.10
2018.05.10 11:22:29.032,1.30323,1.30328,1.00,1.39
2018.05.10 11:22:29.137,1.30325,1.30331,1.12,1.76
2018.05.10 11:22:29.309,1.30325,1.30329,1.31,1.00
2018.05.10 11:22:29.826,1.30323,1.30328,6.26,1.25
2018.05.10 11:22:30.630,1.30323,1.30327,3.19,1.25
2018.05.10 11:22:31.146,1.30323,1.30326,3.19,1.00
2018.05.10 11:22:31.199,1.30324,1.30329,1.50,1.57
2018.05.10 11:22:31.364,1.30325,1.3033,1.12,2.32
2018.05.10 11:22:31.619,1.30324,1.30328,1.50,1.00
2018.05.10 11:22:32.143,1.30323,1.30327,2.25,1.31
2018.05.10 11:22:32.557,1.30322,1.30325,1.69,1.00
2018.05.10 11:22:33.585,1.30321,1.30325,1.00,1.00
2018.05.10 11:22:34.323,1.30321,1.30325,1.00,1.50
2018.05.10 11:22:34.740,1.30319,1.30325,1.20,1.50
2018.05.10 11:22:35.258,1.30318,1.30324,1.57,1.19
2018.05.10 11:22:35.789,1.30318,1.30324,1.57,1.00
2018.05.10 11:22:35.990,1.30319,1.30323,1.00,1.31
2018.05.10 11:22:36.154,1.30319,1.30324,1.00,1.20
2018.05.10 11:22:37.075,1.3032,1.30325,1.00,1.69
2018.05.10 11:22:38.237,1.30319,1.30325,3.07,1.31
2018.05.10 11:22:39.113,1.30319,1.30324,2.32,1.44
2018.05.10 11:22:39.226,1.30319,1.30324,1.10,1.00
2018.05.10 11:22:39.728,1.30318,1.30323,1.50,1.25
2018.05.10 11:22:40.310,1.30318,1.30324,1.50,3.45
2018.05.10 11:22:40.362,1.3032,1.30325,1.12,1.50
2018.05.10 11:22:41.406,1.3032,1.30325,2.25,1.25
2018.05.10 11:22:42.306,1.3032,1.30326,3.00,2.70
2018.05.10 11:22:42.827,1.30321,1.30326,1.69,1.69
2018.05.10 11:22:43.366,1.3032,1.30326,3.94,1.57
2018.05.10 11:22:44.089,1.3032,1.30326,3.00,2.33
2018.05.10 11:22:44.612,1.3032,1.30326,3.07,1.69
2018.05.10 11:22:45.179,1.3032,1.30326,1.50,2.51
2018.05.10 11:22:45.720,1.3032,1.30326,1.50,2.33
2018.05.10 11:22:46.414,1.3032,1.30326,1.50,1.95
2018.05.10 11:22:47.235,1.3032,1.30326,1.50,1.69
2018.05.10 11:22:47.549,1.30323,1.30329,1.57,1.50
2018.05.10 11:22:47.976,1.30322,1.30328,1.00,1.25
2018.05.10 11:22:50.086,1.30322,1.30328,1.50,1.25
2018.05.10 11:22:51.245,1.30322,1.30328,1.20,1.25
2018.05.10 11:22:52.539,1.30322,1.30328,1.12,1.57
2018.05.10 11:22:53.080,1.30322,1.30328,1.12,1.57
2018.05.10 11:22:55.469,1.30322,1.30328,1.00,1.95
2018.05.10 11:22:56.028,1.30322,1.30328,1.00,1.25
2018.05.10 11:22:56.594,1.3032,1.30328,4.39,1.29
2018.05.10 11:22:57.106,1.3032,1.30328,6.45,1.57
2018.05.10 11:22:57.642,1.3032,1.30328,5.51,1.31
2018.05.10 11:22:58.151,1.3032,1.30328,4.76,1.69
2018.05.10 11:22:58.705,1.3032,1.30328,5.14,1.50
2018.05.10 11:22:59.410,1.30321,1.30328,1.83,1.13
2018.05.10 11:23:00.334,1.30322,1.30328,2.32,1.13
2018.05.10 11:23:03.701,1.30323,1.30328,1.00,1.57
2018.05.10 11:23:04.324,1.30323,1.30327,1.00,1.19
2018.05.10 11:23:04.835,1.30322,1.30327,1.50,1.25
2018.05.10 11:23:05.785,1.30321,1.30327,3.26,1.19
2018.05.10 11:23:06.470,1.30321,1.30327,3.26,1.50
2018.05.10 11:23:07.474,1.30321,1.30327,3.07,1.69
2018.05.10 11:23:08.003,1.30321,1.30325,2.25,1.25
2018.05.10 11:23:08.525,1.30321,1.30326,2.25,1.95
2018.05.10 11:23:09.500,1.3032,1.30326,2.25,1.13
2018.05.10 11:23:09.948,1.3032,1.30326,2.25,2.51
2018.05.10 11:23:10.230,1.3032,1.30327,3.00,2.25
2018.05.10 11:23:10.732,1.30321,1.30325,1.00,1.25
2018.05.10 11:23:11.749,1.30319,1.30325,1.95,1.69
2018.05.10 11:23:11.801,1.30318,1.30324,4.20,1.88
2018.05.10 11:23:12.340,1.30319,1.30323,1.69,1.13
2018.05.10 11:23:12.804,1.30319,1.30325,1.50,2.14
2018.05.10 11:23:13.319,1.30319,1.30325,4.01,1.69
2018.05.10 11:23:13.840,1.3032,1.30325,1.95,1.69
2018.05.10 11:23:14.379,1.3032,1.30324,1.50,1.00
2018.05.10 11:23:15.250,1.30318,1.30324,6.07,1.25
2018.05.10 11:23:16.976,1.3032,1.30324,1.50,1.25
2018.05.10 11:23:18.859,1.3032,1.30325,1.50,2.70
2018.05.10 11:23:19.366,1.3032,1.30325,1.50,2.89
2018.05.10 11:23:20.056,1.30321,1.30326,1.88,1.31
2018.05.10 11:23:20.112,1.30322,1.30329,3.19,3.08
2018.05.10 11:23:20.177,1.30322,1.30329,5.25,1.12
2018.05.10 11:23:22.347,1.30324,1.30328,1.00,1.00
2018.05.10 11:23:23.385,1.30323,1.30328,1.50,1.19
2018.05.10 11:23:24.623,1.30322,1.30329,3.00,1.31
2018.05.10 11:23:25.951,1.30326,1.30331,1.00,2.32
2018.05.10 11:23:26.268,1.30329,1.30334,4.87,1.00
2018.05.10 11:23:26.945,1.30329,1.30334,2.25,1.19
2018.05.10 11:23:27.925,1.30329,1.30333,2.44,1.00
2018.05.10 11:23:28.449,1.30329,1.30334,2.00,1.00
2018.05.10 11:23:28.757,1.30328,1.30331,2.25,1.00
2018.05.10 11:23:28.809,1.30327,1.30331,1.25,1.00
2018.05.10 11:23:30.012,1.30328,1.30331,1.00,1.00
2018.05.10 11:23:30.835,1.30328,1.30332,1.00,1.00
2018.05.10 11:23:31.361,1.30326,1.30332,1.69,1.00
2018.05.10 11:23:31.877,1.30326,1.30334,1.69,4.39
2018.05.10 11:23:32.400,1.30326,1.30334,3.00,2.89
2018.05.10 11:23:33.092,1.30326,1.30331,5.32,1.00
2018.05.10 11:23:33.250,1.30327,1.30334,1.76,2.44
2018.05.10 11:23:33.630,1.30327,1.30331,1.00,1.00
2018.05.10 11:23:34.138,1.30327,1.30333,3.26,1.62
2018.05.10 11:23:34.934,1.30327,1.30333,2.89,1.25
2018.05.10 11:23:35.141,1.30328,1.30335,1.39,2.70
2018.05.10 11:23:35.914,1.30328,1.30335,2.32,1.95
2018.05.10 11:23:35.966,1.30331,1.30337,1.50,1.20
2018.05.10 11:23:36.277,1.30333,1.30337,2.44,1.00
2018.05.10 11:23:36.990,1.30333,1.30336,2.25,1.00
2018.05.10 11:23:37.376,1.30332,1.30336,1.69,1.00
2018.05.10 11:23:38.852,1.30331,1.30335,3.19,1.00
2018.05.10 11:23:39.409,1.30331,1.30336,2.44,1.00
2018.05.10 11:23:39.723,1.3033,1.30338,4.20,2.44
2018.05.10 11:23:40.086,1.30336,1.30338,1.19,1.00
2018.05.10 11:23:40.139,1.30338,1.30342,1.69,1.45
2018.05.10 11:23:40.192,1.3034,1.30344,2.44,1.00
2018.05.10 11:23:40.247,1.30343,1.30346,1.25,1.20
2018.05.10 11:23:40.306,1.30342,1.30348,3.75,1.45
2018.05.10 11:23:40.358,1.30343,1.3035,3.19,3.26
2018.05.10 11:23:40.894,1.30344,1.3035,1.69,1.95
2018.05.10 11:23:41.412,1.30344,1.3035,2.44,2.14
2018.05.10 11:23:41.917,1.30344,1.3035,1.50,2.14
2018.05.10 11:23:42.834,1.30343,1.3035,1.76,2.14
2018.05.10 11:23:43.502,1.30343,1.3035,2.70,2.14
2018.05.10 11:23:44.196,1.30344,1.3035,1.01,1.31
2018.05.10 11:23:44.404,1.30346,1.30352,1.00,4.57
2018.05.10 11:23:44.457,1.30347,1.30352,1.00,1.10
2018.05.10 11:23:44.512,1.30349,1.30353,1.00,1.50
2018.05.10 11:23:44.729,1.30347,1.30352,1.00,1.39
2018.05.10 11:23:44.937,1.30347,1.3035,1.00,1.00
2018.05.10 11:23:45.643,1.30347,1.30351,1.00,1.00
2018.05.10 11:23:45.920,1.30346,1.30353,2.70,1.76
2018.05.10 11:23:46.122,1.30346,1.30351,2.44,1.00
2018.05.10 11:23:46.941,1.30346,1.3035,2.25,1.00
2018.05.10 11:23:46.992,1.30345,1.3035,1.57,1.00
2018.05.10 11:23:48.023,1.30345,1.3035,2.25,1.00
2018.05.10 11:23:49.289,1.30345,1.30349,2.25,1.00
2018.05.10 11:23:49.342,1.30346,1.30347,1.00,1.00
2018.05.10 11:23:49.394,1.30345,1.30351,2.25,2.14
2018.05.10 11:23:49.446,1.30345,1.30348,2.25,1.00
2018.05.10 11:23:49.550,1.30345,1.30351,2.25,1.29
2018.05.10 11:23:50.142,1.30345,1.30349,2.25,1.00
2018.05.10 11:23:50.562,1.30345,1.30352,2.25,3.64
2018.05.10 11:23:51.109,1.30345,1.3035,2.25,1.25
2018.05.10 11:23:51.336,1.30346,1.30352,1.47,2.44
2018.05.10 11:23:51.489,1.30347,1.3035,1.10,1.00
2018.05.10 11:23:51.740,1.30347,1.30352,1.57,1.00
2018.05.10 11:23:51.845,1.30349,1.30355,2.89,3.19
2018.05.10 11:23:51.899,1.3035,1.30355,2.25,1.00
2018.05.10 11:23:52.430,1.30352,1.30355,1.45,1.25
2018.05.10 11:23:52.639,1.30351,1.30354,1.57,1.12
2018.05.10 11:23:53.155,1.3035,1.30355,1.20,2.44
2018.05.10 11:23:53.727,1.3035,1.30355,1.45,2.44
2018.05.10 11:23:54.364,1.30351,1.30354,1.20,1.00
2018.05.10 11:23:54.884,1.30351,1.30354,1.45,1.12
2018.05.10 11:23:55.411,1.30351,1.30354,1.57,1.00
2018.05.10 11:23:55.464,1.30353,1.30355,1.20,1.00
2018.05.10 11:23:55.566,1.30351,1.30355,1.57,1.00
2018.05.10 11:23:55.618,1.30352,1.30355,1.47,1.00
2018.05.10 11:23:56.123,1.30352,1.30357,1.20,2.44
2018.05.10 11:23:56.665,1.30352,1.30355,1.20,1.00
2018.05.10 11:23:56.973,1.3035,1.30353,1.20,1.31
2018.05.10 11:23:57.495,1.3035,1.30354,1.57,1.00
2018.05.10 11:23:57.886,1.30351,1.30356,1.45,1.50
2018.05.10 11:23:58.668,1.30352,1.30355,1.20,1.00
2018.05.10 11:23:58.823,1.3035,1.30354,1.95,1.25
2018.05.10 11:23:59.081,1.30348,1.30354,1.39,1.25
2018.05.10 11:23:59.315,1.30346,1.30351,1.25,1.12
2018.05.10 11:23:59.645,1.30346,1.30348,1.00,1.00
2018.05.10 11:24:00.218,1.30346,1.30349,1.00,1.00
2018.05.10 11:24:00.423,1.30344,1.30351,4.01,1.01
2018.05.10 11:24:00.731,1.30348,1.30354,3.19,2.70
2018.05.10 11:24:01.076,1.30348,1.30353,2.25,4.76
2018.05.10 11:24:01.672,1.30348,1.30353,2.44,1.57
2018.05.10 11:24:01.845,1.30352,1.30355,1.00,1.50
2018.05.10 11:24:02.100,1.30348,1.30353,1.39,1.00
2018.05.10 11:24:02.601,1.30348,1.30353,1.25,1.00
2018.05.10 11:24:03.220,1.30348,1.30352,1.25,1.00
2018.05.10 11:24:03.884,1.30348,1.3035,1.00,1.00
2018.05.10 11:24:04.198,1.30347,1.30348,2.25,1.00
2018.05.10 11:24:04.251,1.30348,1.3035,1.00,1.57
2018.05.10 11:24:04.305,1.30347,1.30348,2.25,1.00
2018.05.10 11:24:04.358,1.30351,1.30352,1.69,1.50
2018.05.10 11:24:04.511,1.30349,1.30351,2.81,1.00
2018.05.10 11:24:04.571,1.3035,1.30355,5.81,1.00
2018.05.10 11:24:04.624,1.30353,1.30356,2.25,1.00
2018.05.10 11:24:05.176,1.30353,1.30356,2.44,1.00
2018.05.10 11:24:05.528,1.30352,1.30354,1.00,1.00
2018.05.10 11:24:06.062,1.30352,1.30353,1.00,1.00
2018.05.10 11:24:06.403,1.30352,1.30355,1.00,1.00
2018.05.10 11:24:06.609,1.30351,1.30357,4.57,1.25
2018.05.10 11:24:06.767,1.30355,1.3036,1.12,1.10
2018.05.10 11:24:06.871,1.30353,1.30358,3.82,1.00
2018.05.10 11:24:07.178,1.30353,1.30355,1.00,1.00
2018.05.10 11:24:08.444,1.30353,1.30356,1.00,1.00
2018.05.10 11:24:08.755,1.30352,1.30354,2.50,1.00
2018.05.10 11:24:09.377,1.30351,1.30354,1.00,1.25
2018.05.10 11:24:09.594,1.30351,1.30352,1.00,1.00
2018.05.10 11:24:09.862,1.30351,1.30355,1.00,1.57
2018.05.10 11:24:10.124,1.30351,1.30359,7.57,2.14
2018.05.10 11:24:10.282,1.30352,1.30356,4.01,1.00
2018.05.10 11:24:10.335,1.30352,1.30359,3.26,1.57
2018.05.10 11:24:11.212,1.30354,1.30359,1.00,1.87
2018.05.10 11:24:11.568,1.30354,1.30357,1.00,1.00
2018.05.10 11:24:12.237,1.30354,1.30356,1.00,1.00
2018.05.10 11:24:12.528,1.30351,1.30359,3.26,3.94
2018.05.10 11:24:12.584,1.30354,1.30359,3.37,1.00
2018.05.10 11:24:13.188,1.30354,1.30357,2.25,1.00
2018.05.10 11:24:13.314,1.30352,1.30356,1.39,1.00
2018.05.10 11:24:13.785,1.30352,1.30358,2.51,1.50
2018.05.10 11:24:13.837,1.30355,1.30358,1.00,1.00
2018.05.10 11:24:14.044,1.30355,1.3036,1.00,1.87
2018.05.10 11:24:15.330,1.30353,1.30359,3.37,1.00
2018.05.10 11:24:15.638,1.30353,1.30357,2.25,1.00
2018.05.10 11:24:16.218,1.30353,1.30356,2.25,1.00
2018.05.10 11:24:16.337,1.30352,1.30356,1.00,1.00
2018.05.10 11:24:16.848,1.3035,1.30355,1.57,1.00
2018.05.10 11:24:19.362,1.3035,1.30355,2.32,1.00
2018.05.10 11:24:20.582,1.30349,1.30355,1.57,1.69
2018.05.10 11:24:20.740,1.30348,1.30353,4.95,1.00
2018.05.10 11:24:21.054,1.30348,1.30349,1.00,1.00
2018.05.10 11:24:21.395,1.30347,1.30352,1.25,1.87
2018.05.10 11:24:21.448,1.30347,1.30349,1.00,1.00
2018.05.10 11:24:21.502,1.30347,1.30351,1.00,1.50
2018.05.10 11:24:21.554,1.30347,1.30349,1.00,1.00
2018.05.10 11:24:21.768,1.30343,1.30347,1.57,1.00
2018.05.10 11:24:22.283,1.30343,1.30348,1.00,1.50
2018.05.10 11:24:22.879,1.30342,1.30348,3.19,1.50
2018.05.10 11:24:23.239,1.30342,1.30348,1.00,1.95
2018.05.10 11:24:23.291,1.30342,1.30345,1.00,1.00
2018.05.10 11:24:23.792,1.30342,1.30344,1.00,1.00
2018.05.10 11:24:23.897,1.30342,1.30346,1.00,1.00
2018.05.10 11:24:24.360,1.3034,1.30344,2.70,1.00
2018.05.10 11:24:25.123,1.3034,1.30344,1.10,1.00
2018.05.10 11:24:25.228,1.3034,1.30342,1.00,1.00
2018.05.10 11:24:25.800,1.3034,1.30343,1.50,1.00
2018.05.10 11:24:26.116,1.30344,1.30347,1.00,1.00
2018.05.10 11:24:26.221,1.30345,1.30349,2.44,1.57
2018.05.10 11:24:26.275,1.30346,1.30351,1.25,1.87
2018.05.10 11:24:26.439,1.30345,1.30348,1.07,1.00
2018.05.10 11:24:26.961,1.30345,1.30348,1.50,1.00
2018.05.10 11:24:29.406,1.30344,1.30347,2.32,1.00
2018.05.10 11:24:29.510,1.30344,1.30349,2.32,1.50
2018.05.10 11:24:29.615,1.30346,1.30347,1.00,1.00
2018.05.10 11:24:30.036,1.30345,1.3035,2.25,2.25
2018.05.10 11:24:30.570,1.30346,1.30347,1.00,1.00
2018.05.10 11:24:30.768,1.30345,1.30347,1.00,1.00
2018.05.10 11:24:31.996,1.30344,1.30347,2.25,1.00
2018.05.10 11:24:32.933,1.30345,1.30348,1.87,1.00
2018.05.10 11:24:33.446,1.30345,1.30348,2.62,1.00
2018.05.10 11:24:33.990,1.30346,1.30349,1.37,1.00
2018.05.10 11:24:34.555,1.30346,1.3035,1.69,1.00
2018.05.10 11:24:35.176,1.30345,1.3035,2.62,1.00
2018.05.10 11:24:35.455,1.30345,1.30348,2.62,1.00
2018.05.10 11:24:35.980,1.30345,1.30349,1.37,1.00
2018.05.10 11:24:37.120,1.30343,1.30347,1.01,1.50
2018.05.10 11:24:37.172,1.30344,1.30346,1.19,1.00
2018.05.10 11:24:37.740,1.30344,1.30347,1.19,1.25
2018.05.10 11:24:38.304,1.30344,1.30346,1.19,1.00
2018.05.10 11:24:38.408,1.3034,1.30344,2.14,1.00
2018.05.10 11:24:38.513,1.30338,1.30341,1.10,1.00
2018.05.10 11:24:38.774,1.30332,1.30336,1.00,1.00
2018.05.10 11:24:38.878,1.30329,1.30333,1.20,1.00
2018.05.10 11:24:39.878,1.30328,1.30333,1.50,1.31
2018.05.10 11:24:40.239,1.30328,1.3033,1.00,1.00
2018.05.10 11:24:40.853,1.30326,1.3033,2.44,1.00
2018.05.10 11:24:41.513,1.30326,1.3033,1.69,1.00
2018.05.10 11:24:42.027,1.30326,1.3033,2.06,1.00
2018.05.10 11:24:42.686,1.30326,1.30329,1.56,1.00
2018.05.10 11:24:42.992,1.30326,1.30331,2.25,1.00
2018.05.10 11:24:43.522,1.30326,1.30332,1.01,1.87
2018.05.10 11:24:44.028,1.30327,1.30332,1.69,1.00
2018.05.10 11:24:44.553,1.30327,1.30331,1.69,1.25
2018.05.10 11:24:45.069,1.30327,1.3033,1.00,1.00
2018.05.10 11:24:46.953,1.30326,1.3033,1.69,1.00
2018.05.10 11:24:47.554,1.30326,1.3033,3.00,1.00
2018.05.10 11:24:48.224,1.30326,1.3033,1.69,1.00
2018.05.10 11:24:48.768,1.30327,1.30331,1.25,1.00
2018.05.10 11:24:49.283,1.30327,1.30332,2.06,1.00
2018.05.10 11:24:50.200,1.30328,1.30333,1.25,1.12
2018.05.10 11:24:50.252,1.30329,1.30333,1.44,1.12
2018.05.10 11:24:51.116,1.30328,1.30334,3.26,1.00
2018.05.10 11:24:51.473,1.30328,1.30332,1.57,1.00
2018.05.10 11:24:52.939,1.30331,1.30335,1.00,1.45
2018.05.10 11:24:53.282,1.30335,1.30339,1.12,1.00
2018.05.10 11:24:53.924,1.30334,1.30338,3.45,1.00
2018.05.10 11:24:54.077,1.30334,1.3034,3.26,1.12
2018.05.10 11:24:54.605,1.30336,1.3034,1.25,1.00
2018.05.10 11:24:55.234,1.30335,1.3034,3.64,1.00
2018.05.10 11:24:55.388,1.30335,1.30338,2.70,1.00
2018.05.10 11:24:55.898,1.30335,1.30339,4.20,1.00
2018.05.10 11:24:56.443,1.30336,1.30339,1.95,1.00
2018.05.10 11:24:57.672,1.30336,1.30339,1.45,1.00
2018.05.10 11:24:58.308,1.30334,1.30339,1.58,1.00
2018.05.10 11:24:59.345,1.30334,1.30337,1.58,1.00
2018.05.10 11:24:59.892,1.30334,1.30339,2.33,1.25
2018.05.10 11:25:00.307,1.30335,1.30341,1.70,1.31
2018.05.10 11:25:02.172,1.30337,1.30341,1.95,1.00
2018.05.10 11:25:02.380,1.3034,1.30343,1.00,1.00
2018.05.10 11:25:02.706,1.30342,1.30348,1.57,3.56
2018.05.10 11:25:02.758,1.30343,1.30348,1.45,1.69
2018.05.10 11:25:03.070,1.30344,1.30346,1.20,1.00
2018.05.10 11:25:03.121,1.30344,1.30348,1.20,1.69
2018.05.10 11:25:03.282,1.30344,1.30345,1.20,1.00
2018.05.10 11:25:03.539,1.30342,1.30344,1.20,1.00
2018.05.10 11:25:04.120,1.3034,1.30343,6.00,1.00
2018.05.10 11:25:04.225,1.30343,1.30344,1.20,1.00
2018.05.10 11:25:04.278,1.30343,1.30346,1.76,1.00
2018.05.10 11:25:04.384,1.30345,1.30348,1.20,1.31
2018.05.10 11:25:04.542,1.30346,1.30348,1.45,1.00
2018.05.10 11:25:05.083,1.30345,1.30346,1.20,1.00
2018.05.10 11:25:05.640,1.30344,1.30346,1.20,1.00
2018.05.10 11:25:06.692,1.30343,1.30345,1.95,1.00
2018.05.10 11:25:06.744,1.30342,1.30344,2.70,1.00
2018.05.10 11:25:06.846,1.30343,1.30346,1.95,1.00
2018.05.10 11:25:07.108,1.30342,1.30344,2.70,1.00
2018.05.10 11:25:07.624,1.30343,1.30345,1.95,1.25
2018.05.10 11:25:08.087,1.30341,1.30343,1.45,1.25
2018.05.10 11:25:08.663,1.3034,1.30343,2.70,1.19
2018.05.10 11:25:10.149,1.3034,1.30342,1.95,1.00
2018.05.10 11:25:11.152,1.30339,1.3034,1.20,1.00
2018.05.10 11:25:11.952,1.30339,1.30344,1.45,8.62
2018.05.10 11:25:12.490,1.30339,1.30341,1.45,1.00
2018.05.10 11:25:13.046,1.30338,1.30341,1.45,1.00
2018.05.10 11:25:16.146,1.30338,1.3034,1.57,1.00
2018.05.10 11:25:17.260,1.30337,1.30339,1.87,1.00
2018.05.10 11:25:18.215,1.30337,1.30339,1.87,1.00
2018.05.10 11:25:20.272,1.30338,1.30342,1.45,1.00
2018.05.10 11:25:21.679,1.30338,1.3034,1.45,1.00
2018.05.10 11:25:22.877,1.3034,1.30341,1.20,1.00
2018.05.10 11:25:23.185,1.30343,1.30345,1.20,1.12
2018.05.10 11:25:24.499,1.30342,1.30344,1.00,1.00
2018.05.10 11:25:25.285,1.30341,1.30344,1.31,1.00
2018.05.10 11:25:25.676,1.30341,1.30344,4.01,1.00
2018.05.10 11:25:27.087,1.30343,1.30345,1.07,1.00
2018.05.10 11:25:27.139,1.30343,1.30348,1.07,3.00
2018.05.10 11:25:27.190,1.30343,1.30344,1.10,1.00
2018.05.10 11:25:29.667,1.30341,1.30345,1.70,1.00
2018.05.10 11:25:34.798,1.3034,1.30345,4.76,1.00
2018.05.10 11:25:36.540,1.30341,1.30345,1.00,1.25
2018.05.10 11:25:40.005,1.30341,1.30345,2.25,1.00
2018.05.10 11:25:40.537,1.30341,1.30346,3.19,1.00
2018.05.10 11:25:41.533,1.30342,1.30346,1.00,1.00
2018.05.10 11:25:42.076,1.30342,1.30345,1.00,1.00
2018.05.10 11:25:42.684,1.30341,1.30346,2.81,1.25
2018.05.10 11:25:44.037,1.30343,1.30346,1.00,1.00
2018.05.10 11:25:46.314,1.30341,1.30346,3.26,1.00
2018.05.10 11:25:46.883,1.30341,1.30345,2.89,1.00
2018.05.10 11:25:47.503,1.30341,1.30346,2.89,1.00
2018.05.10 11:25:48.083,1.30342,1.30343,1.00,1.00
2018.05.10 11:25:48.136,1.30339,1.30342,1.01,1.00
2018.05.10 11:25:48.188,1.30339,1.3034,1.00,1.00
2018.05.10 11:25:48.240,1.30336,1.30341,1.01,1.00
2018.05.10 11:25:48.292,1.30336,1.30341,1.00,1.69
2018.05.10 11:25:49.540,1.30334,1.30339,1.95,1.00
2018.05.10 11:25:52.634,1.30334,1.30338,1.01,1.00
2018.05.10 11:25:52.842,1.30329,1.30334,1.10,1.31
2018.05.10 11:25:53.343,1.30329,1.30334,1.10,1.31
2018.05.10 11:25:53.872,1.30329,1.30334,1.00,1.31
2018.05.10 11:25:54.593,1.30327,1.30332,4.31,1.25
2018.05.10 11:25:54.810,1.30328,1.30334,1.69,1.95
2018.05.10 11:25:55.352,1.30328,1.30333,1.25,1.00
2018.05.10 11:25:55.866,1.30327,1.30333,2.89,1.44
2018.05.10 11:25:56.169,1.30325,1.30331,2.63,1.76
2018.05.10 11:25:56.581,1.30325,1.30329,1.00,1.31
2018.05.10 11:25:57.257,1.30325,1.30329,1.25,1.12
2018.05.10 11:25:58.933,1.30325,1.30328,1.00,1.00
2018.05.10 11:25:59.561,1.30325,1.30329,1.00,1.31
2018.05.10 11:26:00.087,1.30325,1.30329,1.69,1.00
2018.05.10 11:26:00.610,1.30325,1.30328,1.50,1.12
2018.05.10 11:26:00.663,1.30323,1.30327,1.69,1.00
2018.05.10 11:26:01.207,1.30323,1.30328,1.10,1.31
2018.05.10 11:26:01.736,1.30322,1.30328,2.14,2.06
2018.05.10 11:26:02.455,1.30322,1.30326,1.10,1.00
2018.05.10 11:26:02.822,1.30323,1.30328,1.39,1.37
2018.05.10 11:26:03.090,1.30324,1.30329,1.25,1.31
2018.05.10 11:26:03.400,1.30324,1.30327,1.50,1.00
2018.05.10 11:26:03.913,1.30324,1.30329,1.69,1.31
2018.05.10 11:26:04.463,1.30324,1.30329,1.25,1.19
2018.05.10 11:26:05.052,1.30323,1.30329,1.10,1.25
2018.05.10 11:26:05.576,1.30324,1.30329,1.00,1.31
2018.05.10 11:26:06.124,1.30324,1.30329,1.01,1.31
2018.05.10 11:26:06.278,1.30325,1.30331,3.45,1.00
2018.05.10 11:26:06.819,1.30325,1.30331,2.70,1.19
2018.05.10 11:26:07.335,1.30325,1.30329,2.32,1.00
2018.05.10 11:26:07.845,1.30325,1.30329,1.76,1.00
2018.05.10 11:26:08.639,1.30324,1.3033,3.00,1.50
2018.05.10 11:26:09.089,1.30325,1.30328,1.10,1.00
2018.05.10 11:26:09.457,1.30325,1.3033,1.20,1.00
2018.05.10 11:26:10.478,1.30325,1.30329,1.20,1.00
2018.05.10 11:26:11.793,1.30325,1.3033,1.10,1.12
2018.05.10 11:26:12.332,1.30325,1.30329,1.20,1.25
2018.05.10 11:26:13.175,1.30327,1.30331,1.00,2.62
2018.05.10 11:26:13.486,1.30331,1.30334,3.45,1.00
2018.05.10 11:26:13.728,1.30333,1.30338,3.26,1.00
2018.05.10 11:26:14.518,1.30334,1.30337,1.01,1.00
2018.05.10 11:26:15.146,1.30333,1.30338,4.20,1.50
2018.05.10 11:26:16.257,1.30334,1.30337,1.10,1.00
2018.05.10 11:26:18.890,1.30333,1.30337,1.76,1.00
2018.05.10 11:26:19.047,1.30332,1.30335,1.50,1.50
2018.05.10 11:26:19.395,1.30327,1.30331,1.70,1.00
2018.05.10 11:26:19.448,1.30325,1.3033,4.39,1.69
2018.05.10 11:26:19.507,1.30325,1.30328,1.10,1.50
2018.05.10 11:26:20.023,1.30324,1.30328,1.00,1.50
2018.05.10 11:26:20.558,1.30324,1.30327,1.25,1.00
2018.05.10 11:26:21.122,1.30324,1.30328,1.25,2.25
2018.05.10 11:26:21.677,1.30324,1.30327,1.25,1.00
2018.05.10 11:26:22.224,1.30325,1.30328,1.25,1.50
2018.05.10 11:26:23.083,1.30325,1.30328,2.33,1.00
2018.05.10 11:26:23.239,1.30326,1.3033,1.44,1.50
2018.05.10 11:26:23.757,1.30326,1.30329,1.95,1.00
2018.05.10 11:26:25.214,1.30326,1.30329,1.10,1.00
2018.05.10 11:26:25.510,1.30327,1.30332,1.76,1.00
2018.05.10 11:26:25.565,1.30329,1.30334,3.07,1.00
2018.05.10 11:26:26.885,1.3033,1.30335,2.62,1.00
2018.05.10 11:26:27.876,1.30331,1.30335,1.00,1.12
2018.05.10 11:26:29.310,1.30331,1.30334,1.00,1.00
2018.05.10 11:26:31.681,1.30331,1.30333,1.00,1.00
2018.05.10 11:26:32.153,1.30331,1.30335,1.00,1.00
2018.05.10 11:26:34.107,1.30335,1.30338,1.88,1.12
2018.05.10 11:26:34.213,1.30336,1.3034,1.25,1.00
2018.05.10 11:26:34.934,1.30337,1.30341,1.87,1.00
2018.05.10 11:26:35.450,1.30337,1.3034,1.50,1.00
2018.05.10 11:26:36.235,1.30337,1.3034,1.69,1.00
2018.05.10 11:26:36.749,1.30336,1.30339,4.01,1.00
2018.05.10 11:26:37.771,1.30337,1.3034,1.25,1.00
2018.05.10 11:26:39.162,1.30338,1.30343,1.31,1.00
2018.05.10 11:26:39.663,1.30337,1.30343,5.14,1.00
2018.05.10 11:26:40.173,1.30339,1.30343,1.31,1.00
2018.05.10 11:26:40.483,1.30341,1.30343,1.25,1.00
2018.05.10 11:26:41.385,1.30339,1.30343,3.45,1.00
2018.05.10 11:26:42.022,1.3034,1.30344,2.06,1.25
2018.05.10 11:26:42.328,1.30341,1.30344,1.57,1.00
2018.05.10 11:26:42.838,1.30341,1.30345,1.57,1.00
2018.05.10 11:26:43.459,1.30341,1.30344,1.57,1.00
2018.05.10 11:26:44.157,1.3034,1.30344,2.70,1.00
2018.05.10 11:26:44.261,1.30339,1.30343,1.57,1.00
2018.05.10 11:26:45.064,1.3034,1.30344,1.39,1.00
2018.05.10 11:26:45.272,1.30344,1.30348,1.00,1.12
2018.05.10 11:26:45.612,1.3035,1.30354,1.50,1.00
2018.05.10 11:26:46.114,1.30348,1.30353,3.45,1.25
2018.05.10 11:26:46.627,1.30348,1.30352,2.32,1.25
2018.05.10 11:26:47.325,1.30347,1.30352,1.57,1.00
2018.05.10 11:26:48.115,1.30348,1.30353,1.76,1.12
2018.05.10 11:26:48.317,1.30347,1.30351,1.70,1.00
2018.05.10 11:26:48.835,1.30347,1.30352,1.01,1.00
2018.05.10 11:26:50.870,1.3035,1.30354,2.25,1.00
2018.05.10 11:26:50.926,1.30351,1.30357,5.06,1.45
2018.05.10 11:26:50.979,1.30355,1.30359,2.00,1.00
2018.05.10 11:26:51.031,1.30354,1.30358,2.44,1.00
2018.05.10 11:26:52.235,1.30353,1.30358,2.14,1.19
2018.05.10 11:26:52.780,1.30353,1.30358,1.70,1.00
2018.05.10 11:26:52.884,1.30353,1.30356,1.70,1.00
2018.05.10 11:26:53.398,1.30352,1.30356,5.14,1.00
2018.05.10 11:26:53.658,1.30351,1.30355,1.01,1.00
2018.05.10 11:26:54.054,1.30351,1.30353,1.25,1.00
2018.05.10 11:26:54.107,1.30348,1.30352,1.95,1.00
2018.05.10 11:26:54.159,1.30349,1.30354,1.50,1.00
2018.05.10 11:26:54.212,1.3035,1.30356,2.00,1.25
2018.05.10 11:26:54.522,1.3035,1.30354,2.14,1.00
2018.05.10 11:26:54.844,1.30351,1.30356,1.01,1.00
2018.05.10 11:26:56.942,1.30351,1.30355,1.47,1.00
2018.05.10 11:26:57.675,1.3035,1.30355,5.51,1.00
2018.05.10 11:26:58.707,1.30351,1.30356,1.10,1.00
2018.05.10 11:26:59.243,1.30351,1.30355,1.10,1.00
2018.05.10 11:27:00.015,1.3035,1.30353,1.57,1.00
2018.05.10 11:27:00.333,1.30347,1.30351,1.45,1.00
2018.05.10 11:27:00.840,1.30347,1.3035,1.37,1.00
2018.05.10 11:27:01.348,1.30346,1.30351,2.89,1.00
2018.05.10 11:27:01.869,1.30348,1.30353,1.00,1.88
2018.05.10 11:27:02.539,1.30348,1.30354,1.39,2.63
2018.05.10 11:27:03.044,1.30346,1.30352,4.76,1.50
2018.05.10 11:27:03.562,1.30346,1.30352,4.20,1.19
2018.05.10 11:27:03.945,1.30346,1.30351,1.12,1.25
2018.05.10 11:27:04.941,1.30348,1.30353,2.06,1.00
2018.05.10 11:27:05.096,1.30348,1.30355,1.01,1.39
2018.05.10 11:27:06.375,1.3035,1.30354,1.12,1.00
2018.05.10 11:27:06.903,1.30349,1.30355,2.51,1.50
2018.05.10 11:27:07.417,1.30349,1.30355,2.89,1.69
2018.05.10 11:27:08.074,1.3035,1.30354,1.00,1.12
2018.05.10 11:27:08.607,1.30349,1.30355,3.64,2.06
2018.05.10 11:27:09.159,1.3035,1.30355,1.00,2.06
2018.05.10 11:27:10.472,1.3035,1.30355,1.31,1.31
2018.05.10 11:27:11.033,1.3035,1.30355,1.25,1.69
2018.05.10 11:27:11.412,1.30352,1.30358,1.25,1.20
2018.05.10 11:27:11.948,1.30352,1.30355,1.10,1.00
2018.05.10 11:27:12.272,1.30349,1.30355,1.07,1.12
2018.05.10 11:27:12.610,1.30348,1.30355,1.76,1.12
2018.05.10 11:27:13.000,1.3035,1.30356,1.69,1.69
2018.05.10 11:27:13.258,1.30351,1.30357,2.14,1.50
2018.05.10 11:27:13.767,1.30351,1.30358,1.20,2.63
2018.05.10 11:27:13.923,1.3035,1.30357,2.14,2.06
2018.05.10 11:27:16.407,1.3035,1.30356,2.89,1.31
2018.05.10 11:27:16.886,1.30349,1.30355,1.57,1.69
2018.05.10 11:27:17.391,1.30349,1.30355,1.57,1.69
2018.05.10 11:27:17.721,1.30349,1.30355,1.20,3.19
2018.05.10 11:27:17.989,1.30346,1.30353,1.10,3.64
2018.05.10 11:27:18.194,1.30343,1.30349,2.32,1.50
2018.05.10 11:27:18.246,1.30342,1.30347,1.39,1.00
2018.05.10 11:27:18.790,1.30341,1.30348,2.51,2.06
2018.05.10 11:27:19.361,1.30342,1.30348,1.20,1.69
2018.05.10 11:27:19.907,1.30342,1.30349,1.01,4.01
2018.05.10 11:27:20.523,1.30342,1.30349,1.39,2.44
2018.05.10 11:27:21.437,1.30344,1.30349,1.25,1.50
2018.05.10 11:27:21.493,1.30344,1.3035,2.14,1.25
2018.05.10 11:27:22.008,1.30345,1.30351,1.50,1.76
2018.05.10 11:27:22.821,1.30345,1.30351,1.69,1.76
2018.05.10 11:27:23.768,1.30345,1.30351,1.00,3.26
2018.05.10 11:27:24.688,1.30341,1.30347,1.57,1.88
2018.05.10 11:27:25.098,1.30339,1.30346,3.26,1.69
2018.05.10 11:27:25.200,1.30339,1.30345,1.10,1.69
2018.05.10 11:27:25.455,1.30333,1.30338,1.20,1.00
2018.05.10 11:27:28.606,1.30333,1.30339,1.57,1.12
2018.05.10 11:27:30.278,1.30333,1.3034,2.32,1.76
2018.05.10 11:27:30.331,1.30336,1.3034,1.00,1.50
2018.05.10 11:27:30.384,1.30336,1.30342,1.87,1.20
2018.05.10 11:27:30.572,1.30337,1.30343,3.83,1.69
2018.05.10 11:27:30.892,1.30341,1.30345,1.00,1.31
2018.05.10 11:27:31.426,1.30339,1.30345,4.01,1.31
2018.05.10 11:27:32.097,1.30339,1.30344,1.39,1.25
2018.05.10 11:27:32.421,1.30337,1.30341,1.25,1.25
2018.05.10 11:27:32.764,1.30335,1.30338,1.29,1.00
2018.05.10 11:27:33.322,1.30335,1.30339,1.29,1.00
2018.05.10 11:27:33.886,1.30335,1.30339,1.29,1.00
2018.05.10 11:27:34.395,1.30334,1.30339,1.32,1.00
2018.05.10 11:27:34.705,1.30335,1.30337,1.25,1.00
2018.05.10 11:27:34.909,1.30335,1.3034,1.25,2.14
2018.05.10 11:27:35.526,1.30335,1.3034,1.25,2.44
2018.05.10 11:27:36.485,1.30335,1.3034,1.25,2.06
2018.05.10 11:27:37.122,1.30335,1.30338,1.25,1.00
2018.05.10 11:27:37.673,1.30335,1.30339,1.25,1.31
2018.05.10 11:27:38.087,1.30335,1.30337,1.25,1.00
2018.05.10 11:27:38.240,1.30335,1.30339,1.69,1.12
2018.05.10 11:27:38.835,1.30335,1.30341,2.06,1.50
2018.05.10 11:27:39.362,1.30335,1.3034,1.44,1.25
2018.05.10 11:27:39.892,1.30335,1.30341,1.19,1.31
2018.05.10 11:27:40.337,1.30335,1.30339,1.19,1.00
2018.05.10 11:27:41.921,1.30335,1.3034,1.31,1.88
2018.05.10 11:27:42.455,1.30335,1.30339,1.25,1.25
2018.05.10 11:27:42.766,1.30335,1.30336,1.25,1.00
2018.05.10 11:27:43.190,1.30335,1.30339,1.19,1.00
2018.05.10 11:27:43.707,1.30335,1.30339,1.25,1.25
2018.05.10 11:27:43.874,1.30335,1.30336,1.25,1.00
2018.05.10 11:27:44.461,1.30335,1.30337,1.25,1.00
2018.05.10 11:27:44.984,1.30335,1.30338,1.25,1.00
2018.05.10 11:27:45.514,1.30335,1.30337,1.25,1.00
2018.05.10 11:27:46.376,1.30335,1.30338,1.25,2.06
2018.05.10 11:27:46.943,1.30335,1.30337,1.25,1.00
2018.05.10 11:27:48.112,1.30335,1.30339,1.25,1.69
2018.05.10 11:27:48.650,1.30334,1.30339,1.31,1.12
2018.05.10 11:27:49.164,1.30335,1.3034,1.19,1.87
2018.05.10 11:27:49.949,1.30334,1.3034,2.06,1.69
2018.05.10 11:27:50.053,1.30335,1.30341,1.95,3.00
2018.05.10 11:27:50.465,1.30335,1.30339,1.01,1.12
2018.05.10 11:27:50.972,1.30333,1.30338,2.51,1.00
2018.05.10 11:27:51.129,1.30335,1.3034,1.87,1.00
2018.05.10 11:27:51.337,1.30334,1.30339,1.76,1.00
2018.05.10 11:27:52.039,1.30335,1.30341,1.20,3.19
2018.05.10 11:27:52.091,1.30335,1.30342,2.89,1.29
2018.05.10 11:27:52.605,1.30335,1.30342,4.01,1.10
2018.05.10 11:27:53.133,1.30335,1.3034,5.70,1.00
2018.05.10 11:27:53.652,1.30336,1.30341,1.12,1.12
2018.05.10 11:27:53.964,1.30334,1.30337,2.70,1.00
2018.05.10 11:27:54.117,1.30333,1.30337,3.82,1.00
2018.05.10 11:27:54.577,1.30335,1.30338,1.25,1.12
2018.05.10 11:27:55.051,1.30333,1.30338,4.57,1.12
2018.05.10 11:27:55.156,1.30333,1.30336,1.31,1.00
2018.05.10 11:27:55.796,1.30333,1.30335,1.31,1.00
2018.05.10 11:27:56.829,1.30334,1.30336,1.25,1.50
2018.05.10 11:27:57.339,1.30334,1.30336,1.25,1.50
2018.05.10 11:27:57.708,1.3033,1.30333,4.01,1.00
2018.05.10 11:27:57.765,1.30329,1.30333,1.12,1.00
2018.05.10 11:27:58.286,1.30328,1.30333,1.25,3.19
2018.05.10 11:27:59.218,1.30327,1.30332,1.76,1.50
2018.05.10 11:27:59.793,1.30327,1.30332,1.58,1.12
2018.05.10 11:28:00.238,1.30324,1.30329,2.32,1.00
2018.05.10 11:28:00.342,1.30324,1.30329,1.10,1.00
2018.05.10 11:28:00.752,1.30324,1.30329,1.44,2.44
2018.05.10 11:28:01.280,1.30322,1.30329,4.01,2.51
2018.05.10 11:28:01.383,1.30322,1.30329,4.76,2.25
2018.05.10 11:28:01.436,1.30325,1.3033,1.50,1.00
2018.05.10 11:28:01.488,1.30327,1.3033,1.44,1.00
2018.05.10 11:28:01.796,1.30326,1.3033,2.25,1.00
2018.05.10 11:28:02.010,1.30324,1.3033,1.69,3.64
2018.05.10 11:28:02.556,1.30323,1.30329,1.01,1.69
2018.05.10 11:28:03.070,1.30323,1.30329,1.44,1.76
2018.05.10 11:28:03.577,1.30324,1.30329,1.25,2.44
2018.05.10 11:28:04.279,1.30323,1.30329,1.31,3.00
2018.05.10 11:28:04.382,1.30323,1.30329,1.13,3.19
2018.05.10 11:28:04.898,1.30323,1.30329,1.63,3.19
2018.05.10 11:28:05.429,1.30323,1.30329,1.31,1.50
2018.05.10 11:28:05.617,1.30323,1.30329,1.69,1.50
2018.05.10 11:28:05.668,1.30323,1.30329,1.50,1.50
2018.05.10 11:28:05.720,1.30323,1.30329,1.50,1.50
2018.05.10 11:28:06.271,1.30323,1.30329,1.50,1.50
2018.05.10 11:28:06.426,1.30319,1.30326,1.89,2.44
2018.05.10 11:28:06.478,1.30319,1.30324,1.39,2.25
2018.05.10 11:28:06.632,1.30318,1.30324,1.01,3.19
2018.05.10 11:28:07.157,1.30316,1.30324,1.88,9.83
2018.05.10 11:28:07.673,1.30315,1.30321,1.20,2.44
2018.05.10 11:28:08.208,1.30318,1.30321,1.00,1.50
2018.05.10 11:28:08.366,1.30316,1.30321,1.00,1.69
2018.05.10 11:28:08.476,1.30314,1.3032,1.39,4.12
2018.05.10 11:28:08.985,1.30316,1.3032,1.25,2.25
2018.05.10 11:28:09.446,1.30313,1.30319,2.44,1.50
2018.05.10 11:28:09.550,1.30312,1.30316,1.01,1.00
2018.05.10 11:28:10.788,1.30312,1.30317,1.00,2.25
2018.05.10 11:28:14.343,1.30311,1.30317,1.57,1.69
2018.05.10 11:28:16.777,1.30311,1.30317,1.01,1.50
2018.05.10 11:28:17.548,1.30311,1.30317,1.76,1.50
2018.05.10 11:28:17.759,1.30309,1.30315,1.76,1.00
2018.05.10 11:28:17.811,1.30309,1.30314,1.01,1.00
2018.05.10 11:28:18.331,1.30311,1.30315,1.50,2.25
2018.05.10 11:28:18.756,1.30311,1.30317,1.25,2.32
2018.05.10 11:28:19.370,1.3031,1.30316,2.51,1.50
2018.05.10 11:28:19.871,1.3031,1.30316,1.31,2.70
2018.05.10 11:28:20.178,1.30309,1.30313,1.00,1.69
2018.05.10 11:28:20.332,1.30306,1.30312,3.07,1.12
2018.05.10 11:28:21.378,1.30307,1.30313,1.50,1.50
2018.05.10 11:28:22.094,1.30309,1.30313,1.25,1.50
2018.05.10 11:28:22.638,1.30309,1.30314,1.00,1.37
2018.05.10 11:28:23.166,1.30308,1.30314,1.57,1.69
2018.05.10 11:28:23.808,1.30308,1.30313,1.00,3.19
2018.05.10 11:28:25.126,1.30305,1.30313,3.45,6.07
2018.05.10 11:28:25.309,1.30302,1.30309,2.70,1.88
2018.05.10 11:28:25.624,1.30305,1.3031,1.25,2.44
2018.05.10 11:28:26.045,1.30307,1.3031,1.00,2.44
2018.05.10 11:28:26.098,1.30308,1.30311,1.13,1.00
2018.05.10 11:28:26.253,1.30304,1.30311,4.01,1.10
2018.05.10 11:28:26.307,1.30304,1.3031,2.32,3.00
2018.05.10 11:28:26.824,1.30303,1.30307,1.20,1.25
2018.05.10 11:28:27.557,1.30303,1.30307,1.44,1.25
2018.05.10 11:28:28.096,1.30303,1.30307,1.01,1.00
2018.05.10 11:28:28.425,1.30305,1.3031,1.12,1.01
2018.05.10 11:28:28.531,1.30305,1.3031,2.89,1.00
2018.05.10 11:28:29.587,1.30307,1.30311,1.25,1.00
2018.05.10 11:28:30.019,1.3031,1.30313,1.25,1.50
2018.05.10 11:28:30.357,1.30312,1.30315,3.26,1.00
2018.05.10 11:28:31.213,1.30313,1.30319,1.25,2.25
2018.05.10 11:28:31.720,1.30313,1.30319,1.44,2.25
2018.05.10 11:28:32.249,1.30313,1.30319,1.50,1.69
2018.05.10 11:28:32.824,1.30313,1.30319,1.31,1.50
2018.05.10 11:28:33.272,1.30317,1.3032,2.44,1.94
2018.05.10 11:28:33.376,1.30321,1.30326,1.00,4.76
2018.05.10 11:28:33.430,1.30324,1.30327,1.12,1.00
2018.05.10 11:28:33.666,1.30324,1.30329,1.25,1.31
2018.05.10 11:28:34.192,1.30322,1.30329,4.39,1.31
2018.05.10 11:28:34.249,1.30322,1.30329,1.57,1.95
2018.05.10 11:28:34.353,1.3032,1.30326,1.20,1.31
2018.05.10 11:28:34.738,1.30322,1.30327,1.00,1.56
2018.05.10 11:28:35.511,1.30322,1.30327,1.00,1.19
2018.05.10 11:28:35.564,1.30319,1.30326,2.06,1.19
2018.05.10 11:28:36.593,1.30319,1.30326,1.25,2.06
2018.05.10 11:28:37.104,1.3032,1.30326,1.25,1.56
2018.05.10 11:28:37.669,1.30319,1.30325,1.00,1.31
2018.05.10 11:28:38.774,1.30321,1.30327,1.00,2.51
2018.05.10 11:28:39.282,1.3032,1.30326,1.12,1.69
2018.05.10 11:28:39.809,1.3032,1.30326,1.12,1.31
2018.05.10 11:28:40.506,1.3032,1.30326,1.12,1.31
2018.05.10 11:28:41.064,1.3032,1.30326,1.12,1.31
2018.05.10 11:28:41.583,1.3032,1.30326,1.13,1.69
2018.05.10 11:28:43.246,1.30321,1.30325,1.00,1.31
2018.05.10 11:28:43.401,1.30319,1.30324,2.25,1.25
2018.05.10 11:28:43.906,1.30319,1.30324,1.50,1.25
2018.05.10 11:28:44.414,1.30319,1.30324,1.31,1.00
2018.05.10 11:28:44.942,1.30319,1.30325,1.37,1.69
2018.05.10 11:28:45.546,1.30318,1.30325,2.89,2.51
2018.05.10 11:28:45.900,1.30318,1.30323,2.32,1.25
2018.05.10 11:28:46.404,1.30318,1.30323,2.51,1.25
2018.05.10 11:28:48.419,1.30321,1.30326,1.12,1.00
2018.05.10 11:28:49.662,1.30321,1.30326,1.38,1.00
2018.05.10 11:28:50.631,1.30321,1.30326,1.25,1.00
2018.05.10 11:28:51.159,1.30322,1.30327,1.25,2.25
2018.05.10 11:28:52.081,1.30321,1.30327,1.76,1.50
2018.05.10 11:28:52.252,1.30321,1.30327,1.39,1.50
2018.05.10 11:28:52.806,1.30321,1.30327,2.51,1.50
2018.05.10 11:28:53.346,1.30324,1.30329,1.00,3.26
2018.05.10 11:28:53.504,1.30324,1.3033,1.39,1.50
2018.05.10 11:28:53.995,1.30327,1.3033,1.00,1.00
2018.05.10 11:28:54.450,1.30328,1.30334,1.62,1.76
2018.05.10 11:28:54.666,1.30326,1.30332,1.07,1.69
2018.05.10 11:28:55.186,1.30325,1.30332,1.88,1.69
2018.05.10 11:28:55.760,1.30325,1.30331,1.31,1.69
2018.05.10 11:28:57.279,1.30325,1.30331,1.76,1.69
2018.05.10 11:28:57.821,1.30324,1.30329,1.64,1.00
2018.05.10 11:28:58.250,1.30321,1.30326,3.26,1.00
2018.05.10 11:28:58.302,1.3032,1.30325,1.20,1.25
2018.05.10 11:28:58.354,1.30319,1.30325,1.57,3.56
2018.05.10 11:28:58.407,1.30317,1.30324,1.20,3.19
2018.05.10 11:28:58.460,1.30316,1.30323,3.07,1.01
2018.05.10 11:28:58.965,1.30317,1.30323,1.25,1.95
2018.05.10 11:28:59.567,1.30317,1.30323,1.13,3.45
2018.05.10 11:29:00.199,1.30317,1.30323,1.44,3.07
2018.05.10 11:29:00.722,1.30317,1.30323,2.14,2.25
2018.05.10 11:29:00.775,1.30317,1.30325,1.95,4.39
2018.05.10 11:29:00.981,1.30317,1.30324,2.70,1.01
2018.05.10 11:29:01.495,1.30317,1.30324,3.83,1.01
2018.05.10 11:29:01.850,1.30321,1.30325,1.44,1.10
2018.05.10 11:29:02.351,1.30323,1.30325,1.25,1.00
2018.05.10 11:29:02.677,1.3032,1.30325,1.95,1.00
2018.05.10 11:29:02.810,1.30319,1.30324,1.25,2.44
2018.05.10 11:29:03.121,1.30324,1.3033,1.69,1.76
2018.05.10 11:29:03.625,1.30324,1.3033,1.69,1.01
2018.05.10 11:29:04.146,1.30324,1.3033,3.19,1.01
2018.05.10 11:29:04.687,1.30324,1.30331,4.76,2.44
2018.05.10 11:29:04.741,1.30326,1.30331,1.29,2.44
2018.05.10 11:29:04.939,1.30328,1.30332,1.00,1.00
2018.05.10 11:29:05.557,1.30328,1.30332,1.50,1.00
2018.05.10 11:29:05.968,1.3033,1.30334,1.13,1.25
2018.05.10 11:29:06.700,1.3033,1.30334,1.39,1.00
2018.05.10 11:29:07.181,1.3033,1.30336,1.76,1.00
2018.05.10 11:29:07.538,1.30333,1.30337,1.44,1.00
2018.05.10 11:29:07.589,1.30334,1.30339,1.31,1.50
2018.05.10 11:29:08.268,1.30333,1.30339,1.88,1.69
2018.05.10 11:29:08.778,1.30339,1.30342,1.35,1.39
2018.05.10 11:29:08.832,1.30339,1.30343,1.87,1.00
2018.05.10 11:29:08.886,1.3034,1.30344,2.06,1.00
2018.05.10 11:29:09.044,1.3034,1.30346,1.88,1.31
2018.05.10 11:29:09.150,1.30339,1.30345,2.81,2.44
2018.05.10 11:29:09.874,1.30339,1.30345,1.50,2.51
2018.05.10 11:29:10.400,1.30339,1.30345,1.58,3.19
2018.05.10 11:29:10.947,1.3034,1.30346,1.10,3.19
2018.05.10 11:29:11.492,1.30339,1.30345,2.51,1.12
2018.05.10 11:29:13.330,1.30343,1.30345,1.00,1.00
2018.05.10 11:29:13.384,1.30343,1.30348,1.69,1.10
2018.05.10 11:29:14.104,1.30344,1.30348,1.44,1.00
2018.05.10 11:29:14.414,1.30342,1.30348,4.20,1.19
2018.05.10 11:29:14.621,1.30341,1.30347,1.57,2.44
2018.05.10 11:29:16.020,1.30341,1.30346,2.33,1.00
2018.05.10 11:29:16.609,1.30341,1.30346,2.51,1.00
2018.05.10 11:29:16.765,1.30341,1.30347,1.95,1.69
2018.05.10 11:29:16.817,1.30341,1.30347,1.95,1.69
2018.05.10 11:29:16.920,1.30341,1.30347,1.95,1.50
2018.05.10 11:29:17.464,1.30343,1.30349,1.13,3.64
2018.05.10 11:29:17.672,1.30344,1.3035,1.50,1.01
2018.05.10 11:29:18.208,1.30344,1.30351,2.14,1.10
2018.05.10 11:29:18.312,1.30344,1.30351,3.64,1.00
2018.05.10 11:29:18.520,1.30344,1.30351,2.14,1.25
2018.05.10 11:29:18.624,1.30344,1.3035,1.95,1.44
2018.05.10 11:29:19.043,1.30345,1.30352,1.10,2.63
2018.05.10 11:29:19.588,1.30345,1.3035,1.00,1.00
2018.05.10 11:29:20.414,1.30344,1.3035,1.20,1.00
2018.05.10 11:29:20.960,1.30344,1.3035,1.39,3.00
2018.05.10 11:29:21.557,1.30343,1.3035,2.51,3.00
2018.05.10 11:29:21.713,1.30346,1.3035,2.06,1.00
2018.05.10 11:29:21.765,1.30346,1.30353,4.13,1.70
2018.05.10 11:29:22.277,1.30347,1.30354,1.58,3.64
2018.05.10 11:29:22.433,1.30346,1.30351,2.89,1.50
2018.05.10 11:29:22.976,1.30344,1.3035,1.39,1.69
2018.05.10 11:29:24.450,1.30346,1.3035,1.00,1.00
2018.05.10 11:29:24.955,1.30346,1.30351,1.12,1.00
2018.05.10 11:29:26.870,1.30345,1.30351,2.81,1.88
2018.05.10 11:29:27.150,1.30348,1.30353,1.00,1.00
2018.05.10 11:29:27.590,1.30348,1.30353,1.47,1.12
2018.05.10 11:29:28.155,1.30348,1.30354,2.32,1.69
2018.05.10 11:29:28.663,1.30348,1.30354,1.95,1.31
2018.05.10 11:29:29.038,1.30348,1.30352,2.14,1.00
2018.05.10 11:29:29.505,1.30351,1.30357,1.31,1.95
2018.05.10 11:29:30.104,1.3035,1.30357,5.70,1.69
2018.05.10 11:29:30.645,1.3035,1.30357,3.82,2.25
2018.05.10 11:29:30.867,1.3035,1.30356,7.01,1.50
2018.05.10 11:29:31.219,1.30349,1.30354,1.95,1.00
2018.05.10 11:29:31.430,1.30348,1.30352,3.83,1.00
2018.05.10 11:29:31.639,1.30351,1.30355,1.00,1.12
2018.05.10 11:29:31.756,1.30353,1.30358,2.25,1.00
2018.05.10 11:29:32.065,1.30352,1.30356,1.76,1.00
2018.05.10 11:29:32.168,1.30351,1.30355,1.20,1.00
2018.05.10 11:29:32.737,1.3035,1.30354,1.10,1.00
2018.05.10 11:29:33.251,1.30349,1.30353,1.50,1.00
2018.05.10 11:29:33.866,1.30349,1.30354,2.06,1.12
2018.05.10 11:29:34.385,1.30349,1.30354,1.31,1.12
2018.05.10 11:29:34.929,1.3035,1.30354,1.12,1.00
2018.05.10 11:29:35.190,1.30348,1.30352,1.20,1.00
2018.05.10 11:29:35.738,1.30347,1.30351,4.39,1.00
2018.05.10 11:29:35.969,1.30347,1.30351,2.89,1.00
2018.05.10 11:29:36.021,1.30347,1.30353,3.83,1.00
2018.05.10 11:29:36.553,1.30348,1.30352,1.20,1.00
2018.05.10 11:29:37.075,1.30347,1.30351,2.44,1.00
2018.05.10 11:29:37.607,1.30348,1.30352,2.14,1.00
2018.05.10 11:29:37.845,1.30348,1.30354,2.70,1.00
2018.05.10 11:29:38.356,1.30349,1.30354,1.00,1.00
2018.05.10 11:29:39.275,1.3035,1.30355,2.14,1.00
2018.05.10 11:29:39.793,1.3035,1.30354,1.20,1.00
2018.05.10 11:29:40.314,1.3035,1.30355,1.39,1.00
2018.05.10 11:29:40.844,1.30349,1.30354,1.69,1.00
2018.05.10 11:29:41.496,1.30348,1.30351,1.12,1.00
2018.05.10 11:29:41.600,1.30346,1.3035,1.50,1.00
2018.05.10 11:29:41.704,1.30343,1.30347,1.87,1.25
2018.05.10 11:29:41.809,1.30341,1.30346,1.00,1.00
2018.05.10 11:29:42.321,1.30341,1.30345,1.31,1.00
2018.05.10 11:29:43.263,1.30341,1.30347,2.06,1.12
2018.05.10 11:29:43.315,1.30342,1.30347,1.69,1.12
2018.05.10 11:29:43.839,1.30342,1.30346,1.25,1.00
2018.05.10 11:29:44.051,1.30341,1.30343,1.00,1.00
2018.05.10 11:29:44.156,1.30338,1.30343,1.25,1.25
2018.05.10 11:29:44.764,1.30337,1.30342,1.50,1.00
2018.05.10 11:29:46.363,1.30337,1.30342,1.25,1.12
2018.05.10 11:29:46.886,1.30337,1.30342,1.44,1.12
2018.05.10 11:29:47.813,1.30337,1.30342,1.25,2.06
2018.05.10 11:29:47.865,1.30335,1.3034,1.50,1.69
2018.05.10 11:29:48.282,1.30333,1.30339,2.44,1.31
2018.05.10 11:29:48.520,1.30336,1.3034,1.00,2.62
2018.05.10 11:29:48.625,1.30337,1.30342,1.25,2.14
2018.05.10 11:29:48.731,1.30337,1.30343,1.63,1.76
2018.05.10 11:29:49.166,1.30339,1.30344,1.25,1.20
2018.05.10 11:29:49.554,1.30337,1.30343,1.87,1.31
2018.05.10 11:29:49.656,1.30336,1.30342,1.69,3.45
2018.05.10 11:29:50.599,1.30335,1.30342,1.12,5.32
2018.05.10 11:29:50.939,1.30337,1.30341,1.00,1.85
2018.05.10 11:29:51.446,1.30336,1.30341,1.00,2.51
2018.05.10 11:29:51.501,1.30333,1.30339,2.32,1.12
2018.05.10 11:29:52.047,1.30335,1.3034,1.13,1.57
2018.05.10 11:29:52.556,1.30335,1.3034,1.50,1.69
2018.05.10 11:29:55.212,1.30336,1.30341,1.00,3.82
2018.05.10 11:29:55.731,1.30337,1.30342,1.00,3.26
2018.05.10 11:29:56.371,1.30337,1.30343,1.31,4.01
2018.05.10 11:29:56.937,1.30338,1.30343,1.25,3.26
2018.05.10 11:29:57.605,1.30338,1.30343,1.00,1.76
2018.05.10 11:29:58.144,1.30336,1.30343,1.76,1.57
2018.05.10 11:29:58.684,1.30336,1.30343,1.01,1.57
2018.05.10 11:29:59.200,1.30336,1.30341,2.14,1.00
2018.05.10 11:29:59.506,1.30334,1.30338,3.07,1.12
2018.05.10 11:30:00.007,1.30334,1.3034,1.25,5.51
2018.05.10 11:30:00.582,1.30332,1.30338,1.87,1.31
2018.05.10 11:30:00.888,1.30332,1.30338,1.50,3.19
2018.05.10 11:30:01.380,1.30334,1.30338,1.00,2.25
2018.05.10 11:30:01.534,1.30332,1.30338,1.25,3.94
2018.05.10 11:30:01.691,1.3033,1.30335,1.57,2.44
2018.05.10 11:30:01.995,1.30332,1.30336,1.12,1.00
2018.05.10 11:30:02.531,1.30333,1.30336,1.00,1.25
2018.05.10 11:30:03.070,1.30333,1.30337,1.00,1.25
2018.05.10 11:30:04.129,1.30329,1.30333,1.20,1.00
2018.05.10 11:30:04.283,1.30324,1.30329,1.95,1.50
2018.05.10 11:30:04.334,1.30323,1.30329,1.10,5.06
2018.05.10 11:30:04.487,1.30322,1.30328,1.00,1.10
2018.05.10 11:30:04.996,1.30323,1.30328,1.00,1.95
2018.05.10 11:30:05.194,1.30321,1.30328,1.20,2.14
2018.05.10 11:30:05.715,1.30322,1.30327,1.25,1.12
2018.05.10 11:30:06.042,1.30319,1.30326,1.69,2.44
2018.05.10 11:30:06.094,1.3032,1.30326,1.25,3.94
2018.05.10 11:30:06.811,1.30319,1.30326,1.31,3.19
2018.05.10 11:30:07.121,1.30321,1.30326,1.00,2.44
2018.05.10 11:30:07.173,1.30321,1.30327,1.00,1.31
2018.05.10 11:30:07.693,1.30322,1.30327,1.00,2.06
2018.05.10 11:30:08.053,1.30321,1.30326,1.00,2.44
2018.05.10 11:30:08.311,1.30318,1.30324,2.33,1.12
2018.05.10 11:30:09.153,1.30318,1.30324,1.00,1.76
2018.05.10 11:30:09.310,1.3032,1.30325,1.12,1.00
2018.05.10 11:30:09.635,1.30315,1.3032,1.12,1.01
2018.05.10 11:30:09.948,1.3032,1.30324,1.50,1.00
2018.05.10 11:30:10.000,1.30321,1.30328,1.00,2.89
2018.05.10 11:30:10.597,1.30322,1.30327,1.00,1.01
2018.05.10 11:30:10.857,1.30323,1.3033,1.50,1.76
2018.05.10 11:30:11.063,1.30323,1.3033,2.14,1.76
2018.05.10 11:30:11.267,1.30322,1.30328,1.39,2.25
2018.05.10 11:30:11.783,1.30322,1.30327,1.00,1.50
2018.05.10 11:30:12.300,1.30321,1.30327,1.39,1.69
2018.05.10 11:30:12.810,1.3032,1.30327,1.76,3.19
2018.05.10 11:30:13.167,1.30323,1.30327,1.00,2.25
2018.05.10 11:30:13.220,1.30323,1.30329,1.81,1.29
2018.05.10 11:30:13.597,1.30327,1.30331,1.00,2.25
2018.05.10 11:30:13.649,1.30329,1.30335,1.00,2.89
2018.05.10 11:30:14.036,1.30327,1.30331,3.64,2.25
2018.05.10 11:30:14.122,1.30326,1.30331,1.95,1.00
2018.05.10 11:30:14.205,1.30324,1.30329,1.01,2.44
2018.05.10 11:30:15.252,1.30322,1.30329,2.89,4.58
2018.05.10 11:30:15.953,1.30321,1.30326,1.50,1.00
2018.05.10 11:30:16.466,1.30323,1.30329,1.00,3.26
2018.05.10 11:30:17.128,1.3032,1.30326,2.32,1.00
2018.05.10 11:30:17.232,1.30318,1.30324,1.95,2.25
2018.05.10 11:30:18.069,1.30321,1.30324,1.25,1.00
2018.05.10 11:30:18.227,1.30322,1.30327,1.00,1.25
2018.05.10 11:30:18.742,1.30322,1.30328,1.01,1.50
2018.05.10 11:30:19.271,1.30322,1.30328,1.20,1.00
2018.05.10 11:30:19.873,1.30322,1.30329,1.01,1.57
2018.05.10 11:30:20.495,1.30323,1.30328,1.00,1.50
2018.05.10 11:30:21.394,1.30325,1.30329,1.00,2.00
2018.05.10 11:30:21.446,1.30325,1.3033,1.00,3.37
2018.05.10 11:30:22.178,1.30325,1.30331,1.95,3.00
2018.05.10 11:30:22.588,1.30325,1.30331,2.32,1.12
2018.05.10 11:30:22.641,1.30325,1.3033,1.00,2.63
2018.05.10 11:30:22.693,1.30322,1.30328,1.95,1.25
2018.05.10 11:30:22.799,1.30321,1.30327,1.57,1.69
2018.05.10 11:30:23.301,1.30321,1.30328,2.62,1.00
2018.05.10 11:30:23.720,1.30325,1.30328,1.00,1.00
2018.05.10 11:30:24.140,1.30322,1.30328,1.95,1.50
2018.05.10 11:30:24.971,1.30323,1.30328,1.00,1.39
2018.05.10 11:30:25.079,1.30324,1.3033,1.12,1.95
2018.05.10 11:30:25.287,1.30321,1.30327,3.07,1.00
2018.05.10 11:30:25.792,1.30322,1.30328,1.12,2.62
2018.05.10 11:30:26.548,1.30324,1.30329,1.25,2.51
2018.05.10 11:30:26.652,1.30324,1.30331,1.50,1.01
2018.05.10 11:30:27.183,1.30324,1.30332,1.57,1.31
2018.05.10 11:30:27.765,1.30325,1.30332,1.25,1.39
2018.05.10 11:30:29.128,1.30325,1.30332,1.00,2.70
2018.05.10 11:30:29.674,1.30325,1.30332,1.25,2.70
2018.05.10 11:30:31.325,1.30325,1.30332,1.47,1.76
2018.05.10 11:30:32.463,1.30325,1.30331,1.62,1.39
2018.05.10 11:30:33.016,1.30323,1.3033,2.70,3.19
2018.05.10 11:30:33.120,1.3032,1.30327,1.10,3.75
2018.05.10 11:30:33.531,1.30321,1.30328,1.20,4.57
2018.05.10 11:30:33.856,1.30323,1.3033,1.50,2.89
2018.05.10 11:30:33.959,1.30324,1.30331,3.82,1.39
2018.05.10 11:30:34.681,1.30326,1.30332,1.50,2.25
2018.05.10 11:30:35.906,1.30326,1.30332,1.87,2.06
2018.05.10 11:30:36.570,1.30328,1.30332,1.00,1.12
2018.05.10 11:30:36.798,1.3033,1.30335,1.12,1.00
2018.05.10 11:30:37.237,1.30327,1.30333,4.20,1.00
2018.05.10 11:30:37.777,1.30327,1.30334,3.38,2.06
2018.05.10 11:30:37.930,1.30327,1.30333,1.50,1.12
2018.05.10 11:30:38.437,1.30326,1.30332,3.26,1.00
2018.05.10 11:30:39.150,1.30326,1.30332,1.31,2.44
2018.05.10 11:30:40.294,1.30326,1.30332,1.69,2.81
2018.05.10 11:30:41.567,1.30326,1.30332,1.95,2.06
2018.05.10 11:30:42.211,1.30327,1.30332,3.38,1.12
2018.05.10 11:30:42.264,1.30329,1.30336,2.25,3.19
2018.05.10 11:30:42.317,1.30332,1.30335,1.25,1.12
2018.05.10 11:30:42.591,1.30338,1.30343,1.69,1.00
2018.05.10 11:30:43.093,1.3034,1.30345,1.00,2.25
2018.05.10 11:30:43.743,1.3034,1.30345,1.88,1.00
2018.05.10 11:30:44.409,1.3034,1.30346,2.63,2.33
2018.05.10 11:30:45.541,1.30339,1.30345,1.95,1.00
2018.05.10 11:30:45.595,1.30339,1.30344,1.75,1.19
2018.05.10 11:30:45.864,1.30334,1.30339,1.37,1.25
2018.05.10 11:30:46.376,1.30333,1.3034,4.76,2.14
2018.05.10 11:30:46.888,1.30333,1.3034,3.64,3.64
2018.05.10 11:30:47.438,1.30333,1.30339,2.51,1.00
2018.05.10 11:30:49.651,1.30333,1.30336,2.25,1.25
2018.05.10 11:30:49.704,1.3033,1.30336,1.95,1.25
2018.05.10 11:30:49.808,1.3033,1.30337,1.57,1.39
2018.05.10 11:30:49.860,1.3033,1.30336,1.95,1.00
2018.05.10 11:30:50.422,1.30331,1.30337,1.12,3.26
2018.05.10 11:30:51.802,1.30331,1.30336,1.00,1.01
2018.05.10 11:30:52.320,1.3033,1.30336,1.10,1.69
2018.05.10 11:30:53.494,1.30331,1.30337,1.48,3.75
2018.05.10 11:30:54.035,1.30331,1.30337,2.14,2.25
2018.05.10 11:30:54.294,1.3033,1.30337,1.57,2.89
2018.05.10 11:30:54.934,1.30329,1.30336,2.14,1.10
2018.05.10 11:30:55.419,1.30331,1.30337,1.39,1.87
2018.05.10 11:30:55.935,1.30332,1.30338,1.69,1.87
2018.05.10 11:30:56.461,1.30334,1.3034,1.63,2.00
2018.05.10 11:30:56.513,1.30335,1.30342,1.25,2.33
2018.05.10 11:30:57.038,1.30336,1.30342,1.25,1.88
2018.05.10 11:30:57.554,1.30335,1.30341,2.06,1.58
2018.05.10 11:30:58.132,1.30335,1.30341,1.00,1.58
2018.05.10 11:30:58.828,1.30336,1.30341,1.00,1.31
2018.05.10 11:30:59.350,1.30335,1.3034,1.95,1.00
2018.05.10 11:31:01.864,1.30336,1.30338,1.00,1.00
2018.05.10 11:31:02.073,1.30336,1.30341,1.00,1.00
2018.05.10 11:31:02.596,1.30336,1.3034,1.50,1.00
2018.05.10 11:31:04.817,1.30336,1.30339,1.00,1.00
2018.05.10 11:31:05.076,1.30333,1.30338,1.57,1.00
2018.05.10 11:31:05.656,1.30333,1.30337,1.50,1.00
2018.05.10 11:31:06.444,1.30332,1.30337,1.95,1.25
2018.05.10 11:31:06.960,1.30331,1.30336,1.57,1.25
2018.05.10 11:31:07.205,1.3033,1.30336,1.57,1.12
2018.05.10 11:31:07.259,1.3033,1.30334,1.00,1.00
2018.05.10 11:31:07.364,1.30327,1.30334,2.51,1.12
2018.05.10 11:31:07.673,1.30327,1.30332,1.00,1.50
2018.05.10 11:31:08.138,1.30326,1.30329,1.69,1.00
2018.05.10 11:31:08.191,1.30324,1.30329,1.00,1.25
2018.05.10 11:31:08.244,1.30324,1.30326,1.00,1.00
2018.05.10 11:31:08.348,1.30321,1.30326,1.95,1.00
2018.05.10 11:31:08.452,1.30322,1.30327,1.31,1.12
2018.05.10 11:31:09.232,1.30322,1.30328,2.89,1.00
2018.05.10 11:31:09.838,1.30322,1.30327,2.44,1.00
2018.05.10 11:31:09.941,1.30323,1.30329,1.62,1.01
2018.05.10 11:31:10.453,1.30323,1.3033,2.70,1.57
2018.05.10 11:31:10.960,1.30326,1.30331,1.50,1.00
2018.05.10 11:31:11.266,1.30325,1.30329,2.70,1.00
2018.05.10 11:31:11.318,1.30325,1.30329,1.31,1.00
2018.05.10 11:31:11.825,1.30324,1.30328,1.31,1.00
2018.05.10 11:31:12.363,1.30324,1.30328,1.50,1.00
2018.05.10 11:31:12.993,1.30325,1.30331,1.10,1.37
2018.05.10 11:31:13.045,1.30326,1.30332,3.19,1.57
2018.05.10 11:31:13.406,1.30327,1.30329,1.69,1.00
2018.05.10 11:31:13.512,1.30326,1.30331,3.19,1.25
2018.05.10 11:31:14.220,1.30327,1.30331,1.00,1.00
2018.05.10 11:31:14.482,1.30324,1.30329,4.57,1.00
2018.05.10 11:31:14.893,1.30324,1.30327,2.25,1.00
2018.05.10 11:31:15.121,1.30318,1.3032,2.70,1.00
2018.05.10 11:31:15.173,1.30317,1.30322,7.76,1.00
2018.05.10 11:31:15.540,1.30315,1.30318,1.12,1.00
2018.05.10 11:31:15.813,1.30311,1.30316,1.47,1.12
2018.05.10 11:31:16.017,1.30313,1.30316,1.45,1.12
2018.05.10 11:31:16.378,1.30312,1.30316,1.20,1.12
2018.05.10 11:31:16.496,1.30312,1.30316,3.82,1.00
2018.05.10 11:31:16.550,1.30314,1.30318,1.57,1.00
2018.05.10 11:31:16.705,1.30314,1.30317,1.47,2.62
2018.05.10 11:31:16.809,1.30311,1.30314,1.95,1.00
2018.05.10 11:31:16.912,1.30311,1.30316,4.12,1.00
2018.05.10 11:31:17.135,1.30315,1.30317,1.20,1.00
2018.05.10 11:31:17.813,1.30315,1.3032,1.95,1.12
2018.05.10 11:31:17.865,1.30315,1.30318,1.95,1.00
2018.05.10 11:31:18.405,1.30314,1.30318,1.76,1.00
2018.05.10 11:31:18.739,1.30313,1.30316,1.95,1.00
2018.05.10 11:31:19.277,1.30313,1.30315,1.57,1.00
2018.05.10 11:31:19.630,1.30308,1.30311,2.70,1.00
2018.05.10 11:31:20.307,1.30309,1.30313,1.20,1.12
2018.05.10 11:31:20.410,1.30308,1.30311,2.70,1.00
2018.05.10 11:31:20.740,1.30305,1.30308,1.20,1.69
2018.05.10 11:31:20.799,1.30303,1.30306,1.45,1.00
2018.05.10 11:31:21.315,1.30302,1.30306,1.39,1.12
2018.05.10 11:31:22.195,1.30302,1.30305,1.20,1.00
2018.05.10 11:31:22.462,1.30298,1.303,1.00,1.00
2018.05.10 11:31:22.515,1.30295,1.303,1.00,1.76
2018.05.10 11:31:22.906,1.30291,1.30295,1.10,1.00
2018.05.10 11:31:22.958,1.30292,1.30297,1.00,1.87
2018.05.10 11:31:23.010,1.30294,1.30298,1.00,2.25
2018.05.10 11:31:23.063,1.30292,1.30297,2.89,1.00
2018.05.10 11:31:23.115,1.30293,1.30297,1.87,1.00
2018.05.10 11:31:23.404,1.30294,1.303,3.07,1.00
2018.05.10 11:31:23.511,1.30297,1.30301,1.50,1.00
2018.05.10 11:31:23.823,1.303,1.30302,1.50,1.50
2018.05.10 11:31:23.897,1.30301,1.30304,1.50,1.20
2018.05.10 11:31:23.949,1.30303,1.30307,1.00,1.20
2018.05.10 11:31:24.308,1.30299,1.30304,2.51,1.50
2018.05.10 11:31:24.360,1.30299,1.30303,1.12,1.25
2018.05.10 11:31:24.412,1.30297,1.30301,1.20,1.31
2018.05.10 11:31:24.730,1.30295,1.303,1.95,2.25
2018.05.10 11:31:25.108,1.30295,1.303,1.00,1.25
2018.05.10 11:31:25.262,1.30297,1.30302,1.00,1.76
2018.05.10 11:31:25.579,1.30299,1.30304,1.69,1.20
2018.05.10 11:31:25.631,1.30299,1.30305,2.44,1.25
2018.05.10 11:31:25.881,1.30298,1.30303,1.31,1.00
2018.05.10 11:31:25.933,1.303,1.30303,1.00,1.00
2018.05.10 11:31:26.248,1.30297,1.30302,1.37,1.50
2018.05.10 11:31:26.522,1.30292,1.30298,1.47,1.50
2018.05.10 11:31:26.832,1.30296,1.30301,1.12,1.10
2018.05.10 11:31:27.161,1.30291,1.30297,2.32,1.00
2018.05.10 11:31:27.601,1.30296,1.30301,1.00,2.14
2018.05.10 11:31:27.657,1.30299,1.30304,1.00,1.76
2018.05.10 11:31:27.709,1.30299,1.30305,1.25,2.14
2018.05.10 11:31:28.617,1.30298,1.30304,2.25,1.76
2018.05.10 11:31:28.674,1.30296,1.30302,2.32,1.31
2018.05.10 11:31:29.234,1.30296,1.30302,1.12,1.57
2018.05.10 11:31:29.439,1.30298,1.30304,1.00,2.25
2018.05.10 11:31:29.966,1.30297,1.30303,1.57,1.50
2018.05.10 11:31:30.017,1.30299,1.30305,1.25,1.31
2018.05.10 11:31:30.120,1.30301,1.30307,1.00,1.95
2018.05.10 11:31:30.172,1.30301,1.30307,1.37,1.10
2018.05.10 11:31:30.274,1.303,1.30306,1.00,1.01
2018.05.10 11:31:30.600,1.30303,1.30309,2.81,1.57
2018.05.10 11:31:30.858,1.30309,1.30315,1.10,1.50
2018.05.10 11:31:30.913,1.30311,1.30316,1.87,1.01
2018.05.10 11:31:31.252,1.3031,1.30314,2.32,1.00
2018.05.10 11:31:31.590,1.30307,1.30311,1.57,1.00
2018.05.10 11:31:31.950,1.30308,1.30313,1.20,1.50
2018.05.10 11:31:32.144,1.30307,1.30312,1.00,1.50
2018.05.10 11:31:32.660,1.30307,1.30312,1.10,3.19
2018.05.10 11:31:33.195,1.30306,1.30312,1.10,3.19
2018.05.10 11:31:33.723,1.30305,1.30309,1.07,1.00
2018.05.10 11:31:34.026,1.303,1.30304,1.20,2.06
2018.05.10 11:31:34.146,1.30297,1.30301,1.10,1.69
2018.05.10 11:31:34.356,1.30299,1.30301,1.00,1.50
2018.05.10 11:31:34.906,1.30292,1.30298,3.07,1.50
2018.05.10 11:31:35.181,1.3029,1.30296,3.45,1.25
2018.05.10 11:31:35.820,1.30289,1.30293,1.85,1.00
2018.05.10 11:31:35.976,1.30289,1.30293,1.20,1.00
2018.05.10 11:31:36.644,1.30289,1.30293,1.76,1.00
2018.05.10 11:31:36.696,1.30292,1.30296,1.00,1.25
2018.05.10 11:31:37.887,1.30291,1.30296,1.20,1.12
2018.05.10 11:31:38.462,1.30292,1.30296,1.10,1.12
2018.05.10 11:31:39.412,1.30292,1.30299,2.32,2.51
2018.05.10 11:31:39.581,1.30295,1.303,1.37,1.10
2018.05.10 11:31:41.821,1.30298,1.30303,1.25,3.19
2018.05.10 11:31:42.286,1.30299,1.30304,1.12,1.50
2018.05.10 11:31:43.194,1.30299,1.30305,3.45,1.00
2018.05.10 11:31:44.195,1.30299,1.30305,1.69,1.00
2018.05.10 11:31:44.297,1.30299,1.30303,2.25,1.00
2018.05.10 11:31:44.845,1.30299,1.30304,2.32,1.00
2018.05.10 11:31:45.844,1.30299,1.30304,2.25,1.00
2018.05.10 11:31:46.230,1.30305,1.30309,1.00,1.20
2018.05.10 11:31:46.765,1.30307,1.30311,1.00,1.69
2018.05.10 11:31:46.819,1.30308,1.30312,1.00,1.10
2018.05.10 11:31:46.927,1.3031,1.30314,1.12,1.10
2018.05.10 11:31:47.234,1.30316,1.30317,1.00,1.00
2018.05.10 11:31:47.287,1.30315,1.30321,2.62,2.89
2018.05.10 11:31:47.339,1.30316,1.30321,1.20,1.69
2018.05.10 11:31:47.685,1.30318,1.30323,1.50,1.00
2018.05.10 11:31:47.840,1.3032,1.30325,1.00,1.87
2018.05.10 11:31:48.075,1.3032,1.30325,1.76,1.00
2018.05.10 11:31:48.129,1.3032,1.30325,1.20,1.69
2018.05.10 11:31:48.335,1.30323,1.30325,1.00,1.00
2018.05.10 11:31:48.674,1.30331,1.30335,1.69,1.10
2018.05.10 11:31:48.828,1.3033,1.30333,5.14,1.25
2018.05.10 11:31:49.160,1.30331,1.30335,2.32,1.50
2018.05.10 11:31:49.368,1.3033,1.30334,1.95,1.50
2018.05.10 11:31:49.700,1.30326,1.30328,1.25,1.12
2018.05.10 11:31:49.803,1.30322,1.30327,1.95,1.00
2018.05.10 11:31:49.854,1.30325,1.30328,1.00,1.12
2018.05.10 11:31:50.128,1.30322,1.30327,1.20,1.31
2018.05.10 11:31:50.649,1.30322,1.30328,1.95,3.19
2018.05.10 11:31:50.961,1.30321,1.30326,1.10,2.44
2018.05.10 11:31:51.068,1.30319,1.30324,1.57,1.12
2018.05.10 11:31:51.224,1.30322,1.30326,1.00,2.25
2018.05.10 11:31:51.336,1.30323,1.30327,1.00,1.00
2018.05.10 11:31:51.492,1.30323,1.30324,1.00,1.00
2018.05.10 11:31:51.543,1.30321,1.30324,1.76,1.00
2018.05.10 11:31:51.698,1.30318,1.30323,3.45,1.00
2018.05.10 11:31:51.904,1.30318,1.3032,1.00,1.00
2018.05.10 11:31:52.069,1.30318,1.30322,1.10,1.12
2018.05.10 11:31:52.171,1.30318,1.30323,3.75,1.00
2018.05.10 11:31:52.478,1.30317,1.3032,1.00,1.00
2018.05.10 11:31:53.130,1.30317,1.30321,1.00,1.00
2018.05.10 11:31:53.443,1.30318,1.30322,3.75,1.00
2018.05.10 11:31:53.710,1.30319,1.30324,1.57,1.00
2018.05.10 11:31:53.813,1.3032,1.30327,2.14,1.57
2018.05.10 11:31:53.866,1.30322,1.30328,3.19,1.20
2018.05.10 11:31:53.919,1.30323,1.3033,2.32,4.01
2018.05.10 11:31:54.357,1.30325,1.30332,4.69,1.31
2018.05.10 11:31:54.675,1.30321,1.30325,1.10,1.00
2018.05.10 11:31:54.977,1.30323,1.30326,1.00,1.00
2018.05.10 11:31:55.131,1.30324,1.3033,1.95,1.12
2018.05.10 11:31:55.183,1.30325,1.30329,3.00,1.00
2018.05.10 11:31:55.536,1.30324,1.30325,1.50,1.00
2018.05.10 11:31:55.639,1.30324,1.30327,1.50,1.00
2018.05.10 11:31:55.691,1.30324,1.30329,1.50,1.00
2018.05.10 11:31:56.055,1.30324,1.30326,1.10,1.00
2018.05.10 11:31:56.107,1.30323,1.30327,1.57,1.25
2018.05.10 11:31:56.749,1.30323,1.30327,3.07,1.00
2018.05.10 11:31:56.923,1.30327,1.3033,2.25,1.00
2018.05.10 11:31:57.027,1.30327,1.30331,2.25,1.00
2018.05.10 11:31:57.233,1.30326,1.30328,1.10,1.00
2018.05.10 11:31:57.746,1.30325,1.30328,1.00,1.00
2018.05.10 11:31:58.053,1.30323,1.30326,1.57,1.00
2018.05.10 11:31:58.557,1.30322,1.30327,2.25,1.00
2018.05.10 11:31:59.059,1.30322,1.30326,1.00,1.00
2018.05.10 11:31:59.369,1.30323,1.30325,1.50,1.00
2018.05.10 11:31:59.780,1.30322,1.30323,1.00,1.00
2018.05.10 11:32:00.139,1.30321,1.30325,2.25,1.00
2018.05.10 11:32:00.676,1.30321,1.30324,2.25,1.00
2018.05.10 11:32:01.185,1.3032,1.30325,3.07,1.00
2018.05.10 11:32:01.790,1.3032,1.30323,2.25,1.00
2018.05.10 11:32:01.842,1.30319,1.30323,1.10,1.00
2018.05.10 11:32:02.331,1.30319,1.30325,1.95,1.12
2018.05.10 11:32:02.485,1.30318,1.30322,4.39,1.00
2018.05.10 11:32:02.589,1.30318,1.30322,1.20,1.00
2018.05.10 11:32:02.839,1.30316,1.30318,1.00,1.00
2018.05.10 11:32:02.998,1.30312,1.30315,1.00,1.00
2018.05.10 11:32:03.104,1.30309,1.30312,1.95,1.00
2018.05.10 11:32:03.157,1.30309,1.30314,1.20,1.31
2018.05.10 11:32:03.536,1.30311,1.30316,1.50,1.25
2018.05.10 11:32:04.058,1.30312,1.30315,1.57,1.00
2018.05.10 11:32:04.240,1.30309,1.30313,1.12,1.00
2018.05.10 11:32:05.159,1.30308,1.30312,2.25,1.00
2018.05.10 11:32:05.694,1.30308,1.30314,1.95,1.50
2018.05.10 11:32:06.038,1.30312,1.30318,1.00,2.32
2018.05.10 11:32:06.353,1.30312,1.30317,2.25,1.00
2018.05.10 11:32:06.600,1.30312,1.30319,2.70,2.06
2018.05.10 11:32:06.703,1.30312,1.30316,3.07,1.00
2018.05.10 11:32:06.909,1.30312,1.30318,1.10,1.69
2018.05.10 11:32:07.420,1.30312,1.30319,1.57,2.51
2018.05.10 11:32:07.916,1.30313,1.30319,3.07,1.50
2018.05.10 11:32:08.665,1.30313,1.3032,3.07,2.06
2018.05.10 11:32:09.084,1.30314,1.3032,2.25,1.50
2018.05.10 11:32:09.137,1.30317,1.30323,1.50,3.07
2018.05.10 11:32:09.193,1.30319,1.30324,1.57,1.50
2018.05.10 11:32:09.460,1.30323,1.30328,1.12,1.12
2018.05.10 11:32:09.618,1.30322,1.30326,1.45,1.00
2018.05.10 11:32:09.671,1.3032,1.30325,1.20,1.31
2018.05.10 11:32:09.776,1.30319,1.30323,1.00,1.00
2018.05.10 11:32:10.109,1.30319,1.30324,3.07,1.50
2018.05.10 11:32:10.877,1.30319,1.30323,1.00,1.00
2018.05.10 11:32:11.393,1.30319,1.30324,1.10,1.25
2018.05.10 11:32:11.894,1.30319,1.30324,1.95,1.00
2018.05.10 11:32:11.997,1.3032,1.30327,1.57,4.01
2018.05.10 11:32:12.049,1.30321,1.30327,3.75,1.50
2018.05.10 11:32:12.557,1.30322,1.30328,2.32,1.19
2018.05.10 11:32:12.966,1.30322,1.30325,2.25,1.00
2018.05.10 11:32:13.068,1.30321,1.30325,1.00,1.25
2018.05.10 11:32:13.176,1.30321,1.30323,1.00,1.00
2018.05.10 11:32:13.812,1.30321,1.30324,1.00,1.00
2018.05.10 11:32:14.021,1.30315,1.30319,1.00,1.25
2018.05.10 11:32:14.548,1.30313,1.30318,2.32,1.00
2018.05.10 11:32:14.840,1.30315,1.30321,1.12,1.01
2018.05.10 11:32:14.892,1.30317,1.30322,1.50,2.14
2018.05.10 11:32:15.225,1.30316,1.30318,1.00,1.00
2018.05.10 11:32:15.742,1.30315,1.30319,1.00,1.00
2018.05.10 11:32:16.428,1.30316,1.30319,1.00,1.00
2018.05.10 11:32:16.944,1.30316,1.3032,1.00,1.69
2018.05.10 11:32:17.264,1.30311,1.30316,2.25,1.69
2018.05.10 11:32:17.476,1.3031,1.30316,1.95,1.50
2018.05.10 11:32:17.531,1.30309,1.30314,1.95,1.00
2018.05.10 11:32:17.960,1.30307,1.30313,4.20,1.50
2018.05.10 11:32:18.167,1.30306,1.30313,1.95,1.50
2018.05.10 11:32:18.684,1.3031,1.30315,1.00,2.14
2018.05.10 11:32:19.204,1.30308,1.30314,2.51,1.00
2018.05.10 11:32:19.530,1.30304,1.3031,1.45,3.19
2018.05.10 11:32:19.812,1.30307,1.30311,1.00,1.00
2018.05.10 11:32:20.339,1.30306,1.30311,2.81,1.00
2018.05.10 11:32:20.944,1.30307,1.30311,1.00,1.00
2018.05.10 11:32:23.010,1.30305,1.3031,2.44,1.00
2018.05.10 11:32:23.114,1.30303,1.30309,1.57,1.69
2018.05.10 11:32:23.631,1.30301,1.30305,1.00,1.00
2018.05.10 11:32:23.954,1.30297,1.30304,3.07,3.00
2018.05.10 11:32:24.276,1.30302,1.30305,1.00,1.50
2018.05.10 11:32:24.433,1.30299,1.30305,1.39,1.00
2018.05.10 11:32:24.980,1.30301,1.30305,1.50,1.00
2018.05.10 11:32:25.564,1.30301,1.30306,2.06,1.00
2018.05.10 11:32:26.396,1.30302,1.30306,1.50,1.00
2018.05.10 11:32:26.707,1.30304,1.30308,1.00,1.12
2018.05.10 11:32:27.238,1.30303,1.30308,1.95,1.12
2018.05.10 11:32:28.103,1.30307,1.3031,1.00,2.25
2018.05.10 11:32:28.155,1.30307,1.30311,2.70,1.69
2018.05.10 11:32:28.208,1.30311,1.30314,1.00,1.10
2018.05.10 11:32:29.090,1.30312,1.30314,1.00,1.00
2018.05.10 11:32:29.294,1.3031,1.30316,1.10,3.00
2018.05.10 11:32:29.618,1.30307,1.30313,1.95,2.25
2018.05.10 11:32:29.670,1.30307,1.30313,1.57,2.25
2018.05.10 11:32:29.722,1.30307,1.3031,1.10,2.25
2018.05.10 11:32:29.774,1.30304,1.30308,2.70,1.12
2018.05.10 11:32:30.090,1.30303,1.30308,1.20,1.31
2018.05.10 11:32:30.849,1.30302,1.30308,1.10,1.69
2018.05.10 11:32:31.374,1.30303,1.30308,1.00,1.69
2018.05.10 11:32:31.882,1.30304,1.30308,1.00,1.69
2018.05.10 11:32:32.578,1.30304,1.30309,1.00,3.94
2018.05.10 11:32:33.107,1.30301,1.30307,2.70,1.50
2018.05.10 11:32:33.566,1.30303,1.30308,1.00,1.69
2018.05.10 11:32:33.877,1.30307,1.30311,1.00,1.50
2018.05.10 11:32:34.398,1.30308,1.30312,1.00,4.01
2018.05.10 11:32:34.910,1.30308,1.30312,1.00,3.26
2018.05.10 11:32:35.223,1.30306,1.30312,1.50,1.76
2018.05.10 11:32:36.817,1.30308,1.30313,1.00,4.69
2018.05.10 11:32:37.087,1.30306,1.30311,1.20,1.12
2018.05.10 11:32:37.244,1.30303,1.30309,2.70,1.50
2018.05.10 11:32:37.398,1.30303,1.30309,1.50,1.69
2018.05.10 11:32:38.145,1.30303,1.30309,1.87,1.12
2018.05.10 11:32:39.460,1.30306,1.30311,1.50,2.32
2018.05.10 11:32:39.615,1.30306,1.30312,1.95,1.25
2018.05.10 11:32:40.072,1.30308,1.30313,1.00,1.87
2018.05.10 11:32:40.331,1.30311,1.30318,1.01,2.14
2018.05.10 11:32:40.729,1.30317,1.30321,1.00,1.07
2018.05.10 11:32:40.832,1.30317,1.30323,1.50,1.10
2018.05.10 11:32:41.243,1.30316,1.30322,2.32,1.44
2018.05.10 11:32:41.401,1.30319,1.30324,1.00,3.07
2018.05.10 11:32:41.915,1.30319,1.30324,1.10,1.00
2018.05.10 11:32:42.449,1.30319,1.30325,1.00,1.31
2018.05.10 11:32:42.553,1.30319,1.30325,2.70,1.00
2018.05.10 11:32:42.813,1.30321,1.30327,1.20,2.81
2018.05.10 11:32:43.323,1.30321,1.30327,3.07,1.25
2018.05.10 11:32:43.708,1.3032,1.30327,2.32,1.20
2018.05.10 11:32:44.162,1.30323,1.30328,3.00,1.01
2018.05.10 11:32:44.267,1.30325,1.3033,1.12,1.12
2018.05.10 11:32:44.984,1.30324,1.30328,1.10,1.00
2018.05.10 11:32:45.297,1.30322,1.30326,1.00,1.19
2018.05.10 11:32:46.007,1.30322,1.30326,1.00,1.00
2018.05.10 11:32:46.512,1.30321,1.30326,3.07,1.00
2018.05.10 11:32:47.091,1.30321,1.30327,3.07,1.00
2018.05.10 11:32:47.632,1.30321,1.30326,3.00,1.00
2018.05.10 11:32:48.173,1.30321,1.30327,3.00,1.25
2018.05.10 11:32:48.936,1.30321,1.30326,2.25,1.00
2018.05.10 11:32:49.097,1.3032,1.30325,1.00,1.50
2018.05.10 11:32:49.151,1.3032,1.30321,1.00,1.00
2018.05.10 11:32:49.203,1.3032,1.30323,1.00,1.00
2018.05.10 11:32:49.742,1.3032,1.30322,1.00,1.00
2018.05.10 11:32:50.110,1.30316,1.3032,1.20,1.00
2018.05.10 11:32:50.742,1.30316,1.30321,1.00,1.20
2018.05.10 11:32:51.318,1.30316,1.30321,1.00,1.57
2018.05.10 11:32:52.439,1.30314,1.3032,1.00,1.01
2018.05.10 11:32:53.050,1.30314,1.30318,1.00,1.00
2018.05.10 11:32:53.418,1.30311,1.30315,1.57,1.50
2018.05.10 11:32:53.820,1.30309,1.30313,1.00,1.00
2018.05.10 11:32:54.328,1.3031,1.30313,1.00,1.00
2018.05.10 11:32:55.135,1.30308,1.30313,1.10,1.00
2018.05.10 11:32:55.725,1.30308,1.30314,1.10,1.69
2018.05.10 11:32:57.489,1.30307,1.30314,5.70,2.06
2018.05.10 11:32:58.069,1.30308,1.30313,1.50,1.00
2018.05.10 11:32:58.478,1.3031,1.30316,2.25,3.00
2018.05.10 11:32:58.856,1.30309,1.30314,1.95,1.12
2018.05.10 11:32:59.387,1.30309,1.30314,1.57,1.12
2018.05.10 11:32:59.977,1.30309,1.30315,1.57,1.87
2018.05.10 11:33:00.726,1.30307,1.30309,4.76,1.00
2018.05.10 11:33:00.778,1.30304,1.30308,1.00,1.25
2018.05.10 11:33:01.238,1.30306,1.30309,1.50,1.00
2018.05.10 11:33:01.291,1.30307,1.30311,1.12,1.00
2018.05.10 11:33:01.513,1.30308,1.30312,2.25,1.00
2018.05.10 11:33:01.720,1.3031,1.30314,1.12,2.62
2018.05.10 11:33:01.773,1.30311,1.30314,2.62,1.00
2018.05.10 11:33:01.929,1.30311,1.30318,3.07,2.32
2018.05.10 11:33:02.332,1.30311,1.30317,3.07,1.19
2018.05.10 11:33:02.839,1.30311,1.30317,3.07,1.25
2018.05.10 11:33:03.040,1.30311,1.30317,1.50,1.62
2018.05.10 11:33:03.765,1.30311,1.30316,1.50,2.25
2018.05.10 11:33:04.178,1.30308,1.30313,3.82,1.25
2018.05.10 11:33:04.334,1.30307,1.30312,1.50,1.31
2018.05.10 11:33:04.387,1.30307,1.3031,1.00,1.69
2018.05.10 11:33:04.512,1.30304,1.30308,1.00,1.31
2018.05.10 11:33:05.226,1.30304,1.30307,1.00,1.00
2018.05.10 11:33:05.763,1.30303,1.30307,1.12,1.00
2018.05.10 11:33:06.371,1.30303,1.30308,1.20,1.00
2018.05.10 11:33:06.872,1.30304,1.30308,1.00,1.00
2018.05.10 11:33:07.524,1.30303,1.30307,1.50,1.00
2018.05.10 11:33:08.209,1.30301,1.30307,1.57,1.25
2018.05.10 11:33:08.491,1.303,1.30305,2.32,1.00
2018.05.10 11:33:09.034,1.303,1.30304,2.25,1.00
2018.05.10 11:33:09.559,1.30301,1.30304,1.00,1.00
2018.05.10 11:33:10.927,1.303,1.30304,1.00,1.00
2018.05.10 11:33:11.626,1.30299,1.30304,1.20,1.00
2018.05.10 11:33:14.726,1.30298,1.30303,1.75,1.00
2018.05.10 11:33:15.167,1.30301,1.30305,1.00,1.00
2018.05.10 11:33:15.634,1.30297,1.30302,2.06,1.00
2018.05.10 11:33:15.809,1.30294,1.30299,1.95,1.00
2018.05.10 11:33:15.865,1.30295,1.30301,1.50,1.10
2018.05.10 11:33:15.967,1.30296,1.30303,1.95,1.76
2018.05.10 11:33:16.224,1.30298,1.30302,1.00,1.00
2018.05.10 11:33:16.565,1.30296,1.30302,1.57,1.00
2018.05.10 11:33:16.667,1.30296,1.303,1.12,1.00
2018.05.10 11:33:18.038,1.30295,1.30302,2.51,1.31
2018.05.10 11:33:18.197,1.30295,1.303,1.20,1.00
2018.05.10 11:33:18.512,1.303,1.30305,1.69,1.12
2018.05.10 11:33:18.835,1.30301,1.30306,1.50,1.00
2018.05.10 11:33:19.722,1.303,1.30306,1.57,1.00
2018.05.10 11:33:20.398,1.303,1.30307,1.76,1.76
2018.05.10 11:33:20.903,1.30301,1.30306,1.50,1.00
2018.05.10 11:33:21.214,1.30298,1.30304,1.01,1.00
2018.05.10 11:33:21.524,1.30301,1.30307,1.50,3.07
2018.05.10 11:33:21.835,1.30303,1.30308,1.12,1.50
2018.05.10 11:33:22.296,1.30305,1.30308,1.00,1.25
2018.05.10 11:33:22.490,1.30301,1.30306,2.25,1.00
2018.05.10 11:33:22.593,1.303,1.30305,1.00,1.12
2018.05.10 11:33:23.599,1.30302,1.30306,1.00,1.37
2018.05.10 11:33:23.703,1.30303,1.30308,1.00,1.39
2018.05.10 11:33:23.857,1.30301,1.30306,1.57,1.00
2018.05.10 11:33:24.419,1.303,1.30305,1.20,1.00
2018.05.10 11:33:25.576,1.30302,1.30307,1.00,4.01
2018.05.10 11:33:26.045,1.30302,1.30307,1.00,1.39
2018.05.10 11:33:26.202,1.30299,1.30304,2.51,1.00
2018.05.10 11:33:26.255,1.30299,1.30304,1.10,1.12
2018.05.10 11:33:26.379,1.30296,1.30301,1.95,1.50
2018.05.10 11:33:26.482,1.30294,1.30301,1.57,3.37
2018.05.10 11:33:26.534,1.30294,1.30299,1.20,1.00
2018.05.10 11:33:27.565,1.30294,1.30301,1.20,4.95
2018.05.10 11:33:27.879,1.30291,1.30297,1.00,1.25
2018.05.10 11:33:28.224,1.30297,1.30302,1.00,3.82
2018.05.10 11:33:28.279,1.30297,1.30302,1.25,1.10
2018.05.10 11:33:28.337,1.30299,1.30304,1.00,2.06
2018.05.10 11:33:28.778,1.303,1.30305,1.12,1.01
2018.05.10 11:33:28.883,1.30302,1.30307,1.00,3.07
2018.05.10 11:33:29.857,1.30302,1.30307,1.00,1.12
2018.05.10 11:33:30.369,1.30303,1.30308,1.00,3.07
2018.05.10 11:33:31.612,1.30302,1.30307,1.00,1.10
2018.05.10 11:33:31.923,1.30298,1.30304,1.10,1.69
2018.05.10 11:33:32.494,1.30298,1.30305,2.51,1.76
2018.05.10 11:33:33.954,1.30301,1.30306,1.00,1.01
2018.05.10 11:33:34.269,1.30301,1.30308,2.14,2.70
2018.05.10 11:33:34.495,1.30304,1.30311,1.50,2.51
2018.05.10 11:33:35.411,1.30303,1.3031,1.57,1.01
2018.05.10 11:33:36.066,1.30304,1.3031,1.00,1.01
2018.05.10 11:33:36.637,1.30304,1.30311,1.12,3.64
2018.05.10 11:33:38.368,1.30305,1.30311,1.00,1.69
2018.05.10 11:33:38.494,1.30307,1.30312,1.12,1.01
2018.05.10 11:33:38.915,1.30305,1.30311,1.95,1.25
2018.05.10 11:33:39.518,1.30304,1.3031,1.20,1.69
2018.05.10 11:33:39.674,1.30302,1.3031,1.50,2.89
2018.05.10 11:33:40.540,1.30302,1.30309,1.00,1.31
2018.05.10 11:33:41.070,1.303,1.30307,3.45,1.95
2018.05.10 11:33:41.881,1.303,1.30307,1.00,2.14
2018.05.10 11:33:43.677,1.303,1.30306,1.00,3.94
2018.05.10 11:33:44.188,1.30299,1.30306,1.25,4.76
2018.05.10 11:33:44.571,1.30301,1.30306,1.00,3.00
2018.05.10 11:33:44.725,1.30301,1.30306,1.00,2.25
2018.05.10 11:33:45.234,1.30299,1.30305,1.00,1.75
2018.05.10 11:33:45.489,1.30297,1.30305,1.76,2.81
2018.05.10 11:33:46.011,1.30297,1.30304,1.87,2.51
2018.05.10 11:33:47.823,1.30297,1.30301,1.00,1.50
2018.05.10 11:33:48.029,1.30291,1.30298,1.00,1.37
2018.05.10 11:33:48.905,1.30291,1.30298,1.45,1.62
2018.05.10 11:33:49.737,1.30293,1.30298,1.20,1.62
2018.05.10 11:33:50.138,1.30297,1.303,1.00,1.00
2018.05.10 11:33:50.292,1.30297,1.30303,1.57,1.00
2018.05.10 11:33:50.838,1.30298,1.30303,1.70,1.00
2018.05.10 11:33:51.044,1.30297,1.30303,1.20,1.00
2018.05.10 11:33:51.198,1.30301,1.30304,1.00,1.00
2018.05.10 11:33:51.305,1.30299,1.30306,1.95,1.69
2018.05.10 11:33:51.357,1.30297,1.30303,1.57,2.25
2018.05.10 11:33:51.711,1.30301,1.30306,1.95,3.94
2018.05.10 11:33:51.815,1.30303,1.30306,1.20,1.00
2018.05.10 11:33:52.367,1.30304,1.30306,1.20,1.00
2018.05.10 11:33:52.630,1.30298,1.30302,1.47,1.12
2018.05.10 11:33:53.145,1.30298,1.30302,1.45,3.56
2018.05.10 11:33:53.804,1.30298,1.30303,2.51,1.00
2018.05.10 11:33:54.328,1.303,1.30304,1.20,1.00
2018.05.10 11:33:54.586,1.30301,1.30304,1.45,1.00
2018.05.10 11:33:55.462,1.30301,1.30305,1.20,1.50
2018.05.10 11:33:55.840,1.30299,1.30302,1.45,1.25
2018.05.10 11:33:56.148,1.30298,1.303,1.20,1.00
2018.05.10 11:33:56.252,1.30295,1.303,1.45,3.00
2018.05.10 11:33:56.777,1.30294,1.303,2.89,1.50
2018.05.10 11:33:56.932,1.30296,1.303,1.45,1.50
2018.05.10 11:33:57.089,1.30295,1.303,1.95,1.69
2018.05.10 11:33:57.143,1.30296,1.303,1.20,1.69
2018.05.10 11:33:57.602,1.30299,1.30302,1.00,2.25
2018.05.10 11:33:58.103,1.30298,1.30304,1.45,3.94
2018.05.10 11:33:58.861,1.30298,1.30304,1.95,3.94
2018.05.10 11:33:58.913,1.30299,1.30304,1.45,3.94
2018.05.10 11:33:59.444,1.303,1.30304,1.20,1.50
2018.05.10 11:33:59.946,1.30299,1.30303,1.20,1.00
2018.05.10 11:34:00.724,1.30298,1.30303,1.39,1.50
2018.05.10 11:34:01.168,1.30301,1.30303,1.20,1.50
2018.05.10 11:34:01.220,1.30302,1.30306,1.00,1.87
2018.05.10 11:34:01.743,1.30303,1.30307,1.20,2.44
2018.05.10 11:34:02.056,1.30305,1.30306,1.00,1.00
2018.05.10 11:34:02.159,1.30304,1.30308,1.50,1.00
2018.05.10 11:34:02.262,1.30305,1.30308,2.70,1.00
2018.05.10 11:34:02.690,1.30304,1.30308,2.70,1.00
2018.05.10 11:34:02.844,1.30306,1.3031,1.00,3.37
2018.05.10 11:34:02.946,1.30305,1.3031,1.00,1.44
2018.05.10 11:34:03.451,1.30305,1.30309,1.00,2.44
2018.05.10 11:34:04.051,1.30306,1.3031,1.00,2.06
2018.05.10 11:34:04.627,1.30305,1.3031,1.00,2.19
2018.05.10 11:34:05.142,1.30306,1.3031,1.00,1.87
2018.05.10 11:34:05.348,1.30303,1.30309,1.57,1.50
2018.05.10 11:34:05.503,1.30302,1.30305,1.20,1.31
2018.05.10 11:34:05.555,1.30301,1.30304,1.20,1.19
2018.05.10 11:34:06.069,1.30299,1.30304,1.10,2.44
2018.05.10 11:34:06.359,1.30298,1.30301,1.20,1.00
2018.05.10 11:34:06.874,1.30298,1.30301,1.10,3.75
2018.05.10 11:34:07.038,1.30295,1.303,1.45,2.81
2018.05.10 11:34:07.143,1.30294,1.30299,1.95,3.56
2018.05.10 11:34:08.260,1.30294,1.30298,1.20,2.25
2018.05.10 11:34:08.415,1.30296,1.30299,1.00,1.25
2018.05.10 11:34:08.954,1.30295,1.30298,1.00,1.00
2018.05.10 11:34:09.009,1.30295,1.30298,1.00,3.75
2018.05.10 11:34:09.930,1.30294,1.30298,1.20,3.94
2018.05.10 11:34:10.531,1.30294,1.30295,1.00,1.50
2018.05.10 11:34:10.739,1.3029,1.30294,1.95,2.44
2018.05.10 11:34:11.201,1.30292,1.30293,1.00,1.00
2018.05.10 11:34:11.488,1.3029,1.30294,1.95,2.25
2018.05.10 11:34:11.934,1.30291,1.30294,1.95,1.00
2018.05.10 11:34:12.193,1.30293,1.30294,1.20,1.00
2018.05.10 11:34:12.245,1.30293,1.30297,1.20,1.69
2018.05.10 11:34:12.469,1.30295,1.303,1.12,2.44
2018.05.10 11:34:12.882,1.30298,1.30302,1.45,1.87
2018.05.10 11:34:13.040,1.303,1.30305,1.00,1.62
2018.05.10 11:34:13.096,1.30301,1.30305,1.45,1.62
2018.05.10 11:34:13.645,1.30302,1.30307,1.95,1.00
2018.05.10 11:34:13.801,1.30303,1.30307,1.95,1.69
2018.05.10 11:34:14.334,1.30303,1.30306,1.00,1.00
2018.05.10 11:34:14.649,1.30304,1.30308,1.20,3.19
2018.05.10 11:34:15.016,1.30302,1.30305,1.57,1.00
2018.05.10 11:34:15.334,1.30299,1.30302,1.95,1.00
2018.05.10 11:34:15.848,1.30298,1.30301,1.45,1.87
2018.05.10 11:34:16.411,1.30298,1.30301,1.45,2.06
2018.05.10 11:34:16.669,1.30297,1.30301,1.20,3.19
2018.05.10 11:34:17.195,1.30296,1.30297,1.20,1.00
2018.05.10 11:34:17.333,1.30293,1.30295,1.20,1.00
2018.05.10 11:34:17.544,1.30293,1.30297,1.20,1.25
2018.05.10 11:34:18.062,1.30294,1.30298,1.20,1.31
2018.05.10 11:34:18.442,1.30295,1.303,2.32,2.06
2018.05.10 11:34:18.494,1.30298,1.30301,1.12,1.00
2018.05.10 11:34:18.547,1.30298,1.30303,1.12,1.12
2018.05.10 11:34:18.603,1.303,1.30304,1.50,1.00
2018.05.10 11:34:18.658,1.30301,1.30306,1.12,1.95
2018.05.10 11:34:18.764,1.30302,1.30306,1.45,1.12
2018.05.10 11:34:19.255,1.30302,1.30305,1.45,1.19
2018.05.10 11:34:19.358,1.303,1.30304,1.20,4.31
2018.05.10 11:34:19.824,1.30298,1.30301,2.70,1.00
2018.05.10 11:34:20.062,1.30298,1.30299,1.20,1.00
2018.05.10 11:34:20.115,1.30295,1.30298,2.32,1.69
2018.05.10 11:34:20.475,1.30292,1.30297,1.57,3.00
2018.05.10 11:34:20.527,1.30293,1.30296,1.45,1.00
2018.05.10 11:34:20.673,1.30292,1.30296,1.57,1.00
2018.05.10 11:34:20.931,1.30294,1.30299,1.20,4.12
2018.05.10 11:34:21.034,1.30292,1.30296,1.57,1.00
2018.05.10 11:34:21.559,1.30293,1.30297,1.20,1.31
2018.05.10 11:34:21.820,1.30292,1.30294,1.57,1.00
2018.05.10 11:34:22.362,1.3029,1.30294,1.57,1.69
2018.05.10 11:34:22.468,1.30287,1.30293,1.95,2.81
2018.05.10 11:34:22.781,1.30289,1.30295,1.95,4.12
2018.05.10 11:34:23.148,1.3029,1.30295,1.57,2.06
2018.05.10 11:34:24.619,1.30291,1.30296,1.45,3.37
2018.05.10 11:34:24.670,1.3029,1.30296,3.07,3.37
2018.05.10 11:34:26.353,1.30291,1.30296,1.45,2.44
2018.05.10 11:34:26.899,1.3029,1.30294,1.95,1.25
2018.05.10 11:34:27.160,1.30291,1.30296,2.32,1.12
2018.05.10 11:34:27.706,1.30292,1.30296,1.20,1.12
2018.05.10 11:34:28.334,1.30294,1.30296,1.00,1.12
2018.05.10 11:34:28.985,1.30294,1.30296,1.00,1.50
2018.05.10 11:34:29.527,1.30293,1.30296,1.00,1.50
2018.05.10 11:34:30.005,1.30291,1.30296,1.95,1.69
2018.05.10 11:34:30.415,1.30291,1.30295,1.45,2.06
2018.05.10 11:34:30.520,1.30291,1.30295,1.95,1.00
2018.05.10 11:34:30.581,1.30293,1.30298,1.12,1.69
2018.05.10 11:34:31.132,1.30294,1.30297,1.20,1.00
2018.05.10 11:34:31.660,1.30294,1.30298,1.20,1.12
2018.05.10 11:34:32.194,1.30293,1.30294,1.20,1.00
2018.05.10 11:34:32.247,1.30288,1.30292,2.25,1.50
2018.05.10 11:34:32.478,1.30287,1.30291,1.57,1.19
2018.05.10 11:34:33.024,1.30286,1.30291,1.45,2.62
2018.05.10 11:34:33.801,1.30287,1.30291,1.20,1.87
2018.05.10 11:34:35.342,1.30287,1.30291,1.20,2.06
2018.05.10 11:34:35.394,1.30286,1.30292,1.57,1.87
2018.05.10 11:34:35.497,1.30289,1.30293,1.10,1.00
2018.05.10 11:34:35.549,1.3029,1.30295,1.00,3.94
2018.05.10 11:34:36.078,1.3029,1.30295,1.45,2.25
2018.05.10 11:34:36.667,1.30288,1.30292,1.10,1.69
2018.05.10 11:34:36.821,1.30287,1.30292,1.45,3.19
2018.05.10 11:34:36.873,1.30287,1.30292,1.20,4.12
2018.05.10 11:34:37.468,1.30287,1.30291,1.20,2.44
2018.05.10 11:34:38.480,1.30286,1.30291,1.45,1.69
2018.05.10 11:34:39.720,1.30286,1.30291,1.95,2.44
2018.05.10 11:34:40.212,1.30286,1.30291,1.95,3.94
2018.05.10 11:34:40.746,1.30286,1.30291,1.20,4.31
2018.05.10 11:34:41.294,1.30286,1.30291,1.45,4.31
2018.05.10 11:34:41.447,1.30286,1.30291,1.45,2.44
2018.05.10 11:34:42.010,1.30286,1.30291,1.95,2.44
2018.05.10 11:34:42.941,1.30286,1.30291,1.95,2.25
2018.05.10 11:34:42.994,1.30289,1.30291,1.00,1.00
2018.05.10 11:34:43.098,1.30289,1.30295,1.95,3.19
2018.05.10 11:34:43.410,1.30291,1.30296,1.95,2.44
2018.05.10 11:34:43.462,1.30293,1.30296,1.00,1.00
2018.05.10 11:34:43.682,1.30294,1.303,1.57,3.37
2018.05.10 11:34:43.940,1.30295,1.303,1.45,1.50
2018.05.10 11:34:44.565,1.30297,1.303,1.00,1.69
2018.05.10 11:34:44.873,1.30299,1.30304,1.95,2.62
2018.05.10 11:34:45.745,1.303,1.30304,1.45,1.87
2018.05.10 11:34:46.306,1.30299,1.30304,1.45,1.69
2018.05.10 11:34:47.064,1.30298,1.30301,1.20,1.37
2018.05.10 11:34:47.270,1.30293,1.30297,1.45,1.69
2018.05.10 11:34:47.954,1.30294,1.30299,1.95,2.00
2018.05.10 11:34:48.426,1.30292,1.30296,1.45,1.69
2018.05.10 11:34:48.605,1.30291,1.30293,1.45,1.00
2018.05.10 11:34:48.710,1.30288,1.30292,1.57,1.87
2018.05.10 11:34:48.815,1.30287,1.30292,1.95,2.44
2018.05.10 11:34:49.452,1.30289,1.30295,1.00,6.19
2018.05.10 11:34:49.986,1.3029,1.30295,1.20,2.62
2018.05.10 11:34:50.262,1.30293,1.30297,1.20,2.06
2018.05.10 11:34:50.314,1.30295,1.303,1.00,3.94
2018.05.10 11:34:50.777,1.30296,1.303,1.20,1.50
2018.05.10 11:34:51.353,1.30296,1.303,1.45,1.12
2018.05.10 11:34:51.773,1.30297,1.30299,1.20,1.19
2018.05.10 11:34:51.930,1.30294,1.30299,1.95,1.31
2018.05.10 11:34:52.500,1.30294,1.30299,1.20,1.69
2018.05.10 11:34:53.038,1.30294,1.30299,1.45,1.31
2018.05.10 11:34:53.635,1.30294,1.30299,1.45,1.69
2018.05.10 11:34:54.254,1.30294,1.30299,1.45,2.06
2018.05.10 11:34:54.905,1.30297,1.30301,1.20,1.50
2018.05.10 11:34:55.421,1.30297,1.30302,1.95,2.06
2018.05.10 11:34:55.926,1.30297,1.30303,2.32,3.75
2018.05.10 11:34:56.439,1.30298,1.30303,1.45,3.19
2018.05.10 11:34:57.077,1.30298,1.30304,1.57,4.87
2018.05.10 11:34:58.226,1.30298,1.30304,1.45,4.31
2018.05.10 11:34:58.746,1.30298,1.30301,1.20,1.69
2018.05.10 11:34:59.288,1.30297,1.30301,1.57,1.69
2018.05.10 11:35:00.487,1.30295,1.30298,1.00,1.12
2018.05.10 11:35:00.848,1.30297,1.30301,1.00,1.50
2018.05.10 11:35:01.210,1.30299,1.30303,1.20,2.00
2018.05.10 11:35:01.953,1.30299,1.30304,1.45,2.81
2018.05.10 11:35:03.164,1.30299,1.30304,1.45,2.25
2018.05.10 11:35:03.665,1.30301,1.30305,1.20,1.75
2018.05.10 11:35:04.306,1.30301,1.30306,2.70,1.69
2018.05.10 11:35:04.794,1.30304,1.30309,1.10,3.56
2018.05.10 11:35:05.104,1.30306,1.3031,1.00,1.50
2018.05.10 11:35:05.629,1.30306,1.30311,1.45,3.37
2018.05.10 11:35:06.132,1.30306,1.30311,1.20,2.81
2018.05.10 11:35:06.750,1.30306,1.3031,1.45,1.50
2018.05.10 11:35:07.309,1.30306,1.3031,1.45,1.87
2018.05.10 11:35:07.545,1.30306,1.30311,1.57,1.50
2018.05.10 11:35:07.832,1.30305,1.30307,1.45,1.00
2018.05.10 11:35:07.939,1.30303,1.30307,1.57,1.25
2018.05.10 11:35:08.495,1.30303,1.30307,1.57,1.25
2018.05.10 11:35:09.007,1.30303,1.30307,1.45,1.31
2018.05.10 11:35:09.516,1.30303,1.30307,1.20,1.31
2018.05.10 11:35:10.036,1.30303,1.30308,1.45,1.69
2018.05.10 11:35:10.673,1.30304,1.30307,1.20,1.31
2018.05.10 11:35:11.455,1.30305,1.30309,1.00,2.62
2018.05.10 11:35:12.118,1.30305,1.30309,1.95,1.25
2018.05.10 11:35:12.432,1.30307,1.30311,1.20,5.06
2018.05.10 11:35:13.386,1.30307,1.30311,1.20,2.81
2018.05.10 11:35:13.968,1.30307,1.30311,1.20,2.81
2018.05.10 11:35:17.406,1.30306,1.30308,1.45,1.25
2018.05.10 11:35:17.460,1.30303,1.30306,1.57,1.25
2018.05.10 11:35:17.564,1.30301,1.30302,1.20,1.00
2018.05.10 11:35:17.617,1.30298,1.303,1.00,1.00
2018.05.10 11:35:18.161,1.30296,1.30298,1.12,1.00
2018.05.10 11:35:18.703,1.30295,1.30297,1.20,1.00
2018.05.10 11:35:19.215,1.30296,1.30297,1.20,1.00
2018.05.10 11:35:19.763,1.30297,1.30303,2.70,1.31
2018.05.10 11:35:19.815,1.30299,1.30303,1.45,1.00
2018.05.10 11:35:20.327,1.303,1.30304,1.20,1.12
2018.05.10 11:35:20.649,1.30301,1.30306,1.57,1.25
2018.05.10 11:35:20.701,1.30304,1.30308,1.20,3.19
2018.05.10 11:35:20.960,1.30305,1.3031,1.00,1.31
2018.05.10 11:35:21.018,1.30307,1.30311,1.57,1.25
2018.05.10 11:35:21.355,1.30305,1.30309,1.45,1.25
2018.05.10 11:35:21.889,1.30305,1.30309,1.45,1.19
2018.05.10 11:35:22.447,1.30305,1.30309,1.45,1.25
2018.05.10 11:35:22.697,1.30306,1.30311,1.20,1.31
2018.05.10 11:35:23.160,1.30307,1.30311,1.57,1.62
2018.05.10 11:35:23.212,1.30305,1.30311,1.45,2.44
2018.05.10 11:35:23.264,1.30305,1.30307,1.45,1.00
2018.05.10 11:35:23.317,1.30304,1.30307,1.57,1.69
2018.05.10 11:35:23.535,1.30302,1.30306,1.20,1.19
2018.05.10 11:35:24.051,1.30302,1.30306,1.45,3.94
2018.05.10 11:35:24.560,1.30303,1.30306,1.95,2.25
2018.05.10 11:35:24.616,1.30304,1.3031,2.51,3.00
2018.05.10 11:35:24.822,1.30306,1.3031,1.57,1.00
2018.05.10 11:35:25.128,1.30306,1.30308,1.57,1.00
2018.05.10 11:35:25.613,1.30305,1.30306,1.20,1.25
2018.05.10 11:35:25.715,1.30303,1.30304,1.20,1.25
2018.05.10 11:35:26.296,1.30302,1.30305,1.45,2.44
2018.05.10 11:35:26.348,1.30302,1.30303,1.20,3.00
2018.05.10 11:35:26.518,1.30299,1.30302,1.45,1.25
2018.05.10 11:35:26.622,1.30298,1.303,1.95,1.00
2018.05.10 11:35:27.210,1.30298,1.30301,1.00,3.00
2018.05.10 11:35:27.718,1.30298,1.303,1.00,1.00
2018.05.10 11:35:28.277,1.30297,1.30298,1.95,1.00
2018.05.10 11:35:28.383,1.30296,1.30298,1.20,1.87
2018.05.10 11:35:28.733,1.30297,1.30298,1.00,1.00
2018.05.10 11:35:29.251,1.30297,1.30299,1.00,1.87
2018.05.10 11:35:29.771,1.30297,1.30298,1.20,1.00
2018.05.10 11:35:29.979,1.30297,1.303,1.95,1.12
2018.05.10 11:35:30.220,1.30297,1.30298,1.95,1.00
2018.05.10 11:35:30.531,1.30295,1.30298,1.10,1.25
2018.05.10 11:35:30.687,1.30295,1.303,1.57,1.12
2018.05.10 11:35:30.922,1.30296,1.303,1.45,1.00
2018.05.10 11:35:31.078,1.30295,1.303,1.57,1.12
2018.05.10 11:35:31.184,1.30296,1.303,1.45,1.87
2018.05.10 11:35:31.400,1.30296,1.30301,1.45,2.44
2018.05.10 11:35:31.941,1.30296,1.303,1.45,1.12
2018.05.10 11:35:32.552,1.30296,1.30301,1.45,3.37
2018.05.10 11:35:33.101,1.30296,1.30301,1.45,2.44
2018.05.10 11:35:34.956,1.30296,1.303,1.45,1.31
2018.05.10 11:35:35.528,1.30296,1.30298,1.20,1.00
2018.05.10 11:35:35.687,1.30294,1.30299,1.57,1.50
2018.05.10 11:35:36.189,1.30294,1.30298,1.57,2.06
2018.05.10 11:35:36.291,1.30293,1.30298,1.20,1.31
2018.05.10 11:35:37.291,1.30294,1.30298,1.45,3.56
2018.05.10 11:35:37.803,1.30292,1.30295,1.20,1.00
2018.05.10 11:35:37.909,1.30291,1.30294,1.20,1.50
2018.05.10 11:35:38.993,1.30291,1.30295,1.20,2.44
2018.05.10 11:35:39.498,1.30291,1.30297,1.20,5.44
2018.05.10 11:35:40.011,1.30292,1.30297,1.45,3.19
2018.05.10 11:35:40.524,1.3029,1.30292,1.57,1.50
2018.05.10 11:35:40.627,1.30288,1.30291,1.45,1.25
2018.05.10 11:35:40.679,1.30286,1.3029,1.57,1.19
2018.05.10 11:35:40.887,1.30289,1.30292,1.45,1.25
2018.05.10 11:35:41.403,1.3029,1.30294,1.45,2.44
2018.05.10 11:35:41.995,1.3029,1.30294,1.20,2.06
2018.05.10 11:35:42.328,1.30288,1.30294,1.95,2.25
2018.05.10 11:35:42.755,1.30286,1.3029,1.20,2.25
2018.05.10 11:35:43.268,1.30287,1.30292,1.00,6.37
2018.05.10 11:35:43.320,1.30288,1.30292,1.00,2.25
2018.05.10 11:35:43.837,1.30289,1.30294,1.20,2.81
2018.05.10 11:35:44.896,1.30289,1.30293,1.45,1.69
2018.05.10 11:35:47.429,1.30288,1.30293,1.20,2.44
2018.05.10 11:35:47.954,1.30288,1.30293,1.20,2.81
2018.05.10 11:35:48.470,1.30287,1.30291,1.20,1.50
2018.05.10 11:35:48.522,1.30286,1.30288,1.20,1.50
2018.05.10 11:35:48.574,1.30284,1.30289,1.45,2.62
2018.05.10 11:35:49.722,1.30284,1.30288,1.45,1.31
2018.05.10 11:35:50.030,1.30283,1.30286,1.20,1.25
2018.05.10 11:35:50.405,1.30281,1.30284,1.70,1.12
2018.05.10 11:35:50.616,1.30278,1.30282,1.20,2.06
2018.05.10 11:35:50.883,1.30275,1.3028,2.32,1.25
2018.05.10 11:35:50.987,1.30277,1.30281,1.45,1.69
2018.05.10 11:35:51.246,1.30276,1.30279,1.10,1.00
2018.05.10 11:35:51.541,1.30277,1.30279,1.45,1.00
2018.05.10 11:35:52.072,1.30275,1.30279,1.45,1.50
2018.05.10 11:35:52.434,1.30277,1.30281,1.20,1.87
2018.05.10 11:35:52.487,1.30277,1.30279,1.20,1.00
2018.05.10 11:35:52.540,1.30275,1.3028,1.20,1.69
2018.05.10 11:35:52.646,1.30275,1.30278,1.20,1.50
2018.05.10 11:35:52.955,1.30277,1.30278,1.20,1.00
2018.05.10 11:35:53.436,1.30275,1.30281,1.95,2.00
2018.05.10 11:35:53.540,1.30273,1.30278,1.57,2.25
2018.05.10 11:35:53.880,1.30273,1.30277,1.20,2.19
2018.05.10 11:35:53.932,1.30273,1.30277,1.20,1.31
2018.05.10 11:35:54.443,1.30274,1.30279,1.20,3.94
2018.05.10 11:35:54.857,1.30275,1.30279,1.10,1.25
2018.05.10 11:35:55.327,1.30276,1.3028,1.20,1.12
2018.05.10 11:35:56.646,1.30279,1.30284,1.50,1.50
2018.05.10 11:35:56.955,1.30281,1.30285,1.20,2.00
2018.05.10 11:35:57.070,1.30281,1.30285,1.20,1.31
2018.05.10 11:35:58.432,1.3028,1.30285,1.57,2.06
2018.05.10 11:35:58.750,1.30281,1.30285,1.45,1.31
2018.05.10 11:35:59.264,1.30281,1.30286,1.45,1.50
2018.05.10 11:35:59.438,1.30281,1.30287,2.70,1.00
2018.05.10 11:35:59.495,1.30285,1.3029,1.12,2.06
2018.05.10 11:35:59.804,1.30287,1.30292,1.45,2.44
2018.05.10 11:36:00.070,1.30287,1.30292,1.57,2.06
2018.05.10 11:36:00.676,1.30287,1.30292,1.57,2.81
2018.05.10 11:36:00.881,1.30288,1.30293,1.50,1.50
2018.05.10 11:36:01.405,1.30289,1.30292,1.57,1.00
2018.05.10 11:36:01.560,1.30288,1.3029,1.20,1.19
2018.05.10 11:36:01.663,1.30286,1.3029,1.57,1.19
2018.05.10 11:36:02.166,1.30285,1.3029,1.50,1.69
2018.05.10 11:36:02.715,1.30285,1.3029,1.50,1.69
2018.05.10 11:36:02.767,1.30284,1.3029,1.50,1.39
2018.05.10 11:36:03.800,1.30284,1.3029,1.50,1.66
2018.05.10 11:36:04.953,1.30284,1.3029,1.12,1.19
2018.05.10 11:36:05.457,1.30284,1.3029,1.69,1.31
2018.05.10 11:36:06.443,1.30284,1.3029,1.69,1.50
2018.05.10 11:36:06.948,1.30284,1.30289,1.69,1.00
2018.05.10 11:36:07.461,1.30284,1.30289,1.69,1.19
2018.05.10 11:36:07.976,1.30284,1.30289,1.50,1.25
2018.05.10 11:36:08.564,1.30284,1.3029,1.50,1.50
2018.05.10 11:36:08.721,1.30284,1.30291,2.89,2.25
2018.05.10 11:36:09.032,1.30285,1.30291,2.32,1.19
2018.05.10 11:36:09.701,1.30285,1.30292,2.32,1.57
2018.05.10 11:36:10.229,1.30286,1.30292,1.50,2.32
2018.05.10 11:36:11.306,1.30284,1.3029,4.39,1.25
2018.05.10 11:36:11.620,1.30283,1.30287,2.25,1.25
2018.05.10 11:36:11.986,1.30281,1.30285,1.00,1.00
2018.05.10 11:36:12.485,1.30279,1.30284,1.57,1.19
2018.05.10 11:36:12.939,1.30279,1.30285,3.26,2.06
2018.05.10 11:36:13.651,1.3028,1.30286,3.07,1.25
2018.05.10 11:36:14.280,1.30282,1.30287,1.12,1.01
2018.05.10 11:36:14.618,1.30284,1.30289,1.12,2.81
2018.05.10 11:36:15.898,1.30284,1.3029,1.50,1.69
2018.05.10 11:36:16.054,1.30286,1.30291,1.00,2.81
2018.05.10 11:36:17.132,1.30285,1.30292,1.57,2.44
2018.05.10 11:36:17.525,1.30284,1.30292,4.39,3.37
2018.05.10 11:36:18.042,1.30284,1.3029,2.70,1.25
2018.05.10 11:36:18.592,1.30284,1.30289,2.89,1.00
2018.05.10 11:36:20.585,1.30285,1.3029,1.00,1.12
2018.05.10 11:36:21.108,1.30285,1.30289,1.00,1.25
2018.05.10 11:36:21.478,1.30286,1.30291,1.50,1.25
2018.05.10 11:36:22.193,1.30286,1.3029,1.50,1.00
2018.05.10 11:36:22.778,1.30286,1.30289,1.50,1.00
2018.05.10 11:36:23.087,1.30286,1.30291,3.00,1.50
2018.05.10 11:36:23.607,1.30286,1.30289,3.00,1.00
2018.05.10 11:36:24.235,1.30286,1.3029,3.00,1.00
2018.05.10 11:36:24.535,1.30286,1.3029,1.50,1.00
2018.05.10 11:36:25.324,1.30287,1.3029,2.25,1.00
2018.05.10 11:36:25.377,1.30288,1.30293,1.50,1.00
2018.05.10 11:36:25.533,1.30287,1.3029,1.69,1.00
2018.05.10 11:36:25.839,1.30287,1.30292,2.44,1.00
2018.05.10 11:36:26.007,1.30291,1.30295,1.00,1.39
2018.05.10 11:36:26.059,1.30291,1.30296,1.12,3.64
2018.05.10 11:36:26.573,1.3029,1.30296,1.57,1.31
2018.05.10 11:36:27.271,1.30293,1.30299,1.00,1.57
2018.05.10 11:36:27.603,1.30297,1.303,1.50,1.00
2018.05.10 11:36:27.656,1.30297,1.30303,2.25,2.70
2018.05.10 11:36:28.071,1.30299,1.30304,1.12,1.00
2018.05.10 11:36:28.368,1.30298,1.30302,1.10,1.50
2018.05.10 11:36:28.895,1.30298,1.30301,1.00,1.00
2018.05.10 11:36:29.486,1.30296,1.30302,4.39,1.69
2018.05.10 11:36:29.794,1.30295,1.303,3.19,1.12
2018.05.10 11:36:30.363,1.30296,1.30299,1.00,1.00
2018.05.10 11:36:30.902,1.30296,1.303,1.00,1.31
2018.05.10 11:36:31.459,1.30296,1.30299,1.12,1.00
2018.05.10 11:36:31.821,1.30294,1.30298,2.44,1.00
2018.05.10 11:36:32.370,1.30295,1.30301,1.00,3.07
2018.05.10 11:36:32.904,1.30294,1.30301,1.01,2.44
2018.05.10 11:36:33.007,1.30297,1.30302,1.12,1.00
2018.05.10 11:36:33.346,1.30296,1.303,1.00,1.00
2018.05.10 11:36:34.079,1.30296,1.30301,1.00,1.87
2018.05.10 11:36:34.234,1.30298,1.30304,1.87,3.26
2018.05.10 11:36:34.735,1.30302,1.30306,1.00,2.32
2018.05.10 11:36:34.808,1.30304,1.30309,1.12,1.20
2018.05.10 11:36:35.393,1.30305,1.3031,1.12,1.00
2018.05.10 11:36:36.282,1.30307,1.30312,1.00,2.51
2018.05.10 11:36:36.388,1.30309,1.30314,1.12,1.00
2018.05.10 11:36:36.698,1.30309,1.30314,1.12,1.19
2018.05.10 11:36:37.274,1.30307,1.30311,1.00,1.00
2018.05.10 11:36:37.328,1.30305,1.3031,1.12,1.19
2018.05.10 11:36:37.746,1.30301,1.30307,1.20,2.25
2018.05.10 11:36:38.265,1.303,1.30306,1.76,1.31
2018.05.10 11:36:38.775,1.30299,1.30305,2.14,1.25
2018.05.10 11:36:39.147,1.30297,1.30303,1.20,1.12
2018.05.10 11:36:39.499,1.30295,1.303,4.01,1.00
2018.05.10 11:36:39.704,1.30295,1.30302,2.70,1.57
2018.05.10 11:36:39.861,1.30296,1.30301,1.12,2.32
2018.05.10 11:36:40.030,1.30294,1.30299,1.87,1.00
2018.05.10 11:36:40.611,1.30295,1.303,1.00,1.12
2018.05.10 11:36:41.160,1.30294,1.30299,3.37,1.50
2018.05.10 11:36:41.368,1.30294,1.30302,2.14,3.82
2018.05.10 11:36:41.958,1.30296,1.30301,1.00,1.12
2018.05.10 11:36:42.061,1.30294,1.30299,1.10,1.50
2018.05.10 11:36:42.113,1.30292,1.30297,1.10,1.00
2018.05.10 11:36:42.622,1.30293,1.303,1.87,4.20
2018.05.10 11:36:42.725,1.30292,1.30297,1.50,1.12
2018.05.10 11:36:43.490,1.30293,1.30298,1.00,3.19
2018.05.10 11:36:44.012,1.30292,1.30299,2.89,2.32
2018.05.10 11:36:44.558,1.30293,1.30299,1.31,1.85
2018.05.10 11:36:45.134,1.30291,1.30297,1.57,1.75
2018.05.10 11:36:45.506,1.30293,1.30299,1.25,2.51
2018.05.10 11:36:45.558,1.30295,1.30299,1.00,2.51
2018.05.10 11:36:46.207,1.30297,1.30298,1.00,1.00
2018.05.10 11:36:46.494,1.30293,1.30299,3.82,2.25
2018.05.10 11:36:46.699,1.30298,1.303,1.00,1.50
2018.05.10 11:36:47.805,1.30298,1.30302,1.00,2.25
2018.05.10 11:36:48.425,1.30297,1.30302,1.00,3.94
2018.05.10 11:36:48.766,1.303,1.30303,1.00,1.00
2018.05.10 11:36:49.190,1.30302,1.30303,1.00,1.00
2018.05.10 11:36:49.332,1.30305,1.3031,1.00,1.01
2018.05.10 11:36:49.385,1.30307,1.3031,1.00,1.01
2018.05.10 11:36:49.925,1.30305,1.3031,1.00,1.76
2018.05.10 11:36:50.543,1.30305,1.30309,1.00,1.85
2018.05.10 11:36:50.750,1.30305,1.3031,1.00,2.51
2018.05.10 11:36:51.261,1.30304,1.3031,1.00,1.87
2018.05.10 11:36:51.569,1.30304,1.3031,1.00,3.37
2018.05.10 11:36:52.117,1.30304,1.30308,1.00,3.00
2018.05.10 11:36:52.656,1.30304,1.30307,1.00,1.37
2018.05.10 11:36:53.207,1.30301,1.30307,1.12,1.12
2018.05.10 11:36:53.260,1.30303,1.30309,1.12,1.01
2018.05.10 11:36:53.664,1.30305,1.30311,2.44,2.32
2018.05.10 11:36:53.980,1.30308,1.30313,1.00,1.75
2018.05.10 11:36:54.673,1.30306,1.30312,2.32,1.50
2018.05.10 11:36:54.729,1.30304,1.3031,1.10,2.44
2018.05.10 11:36:54.832,1.30303,1.30308,1.00,1.19
2018.05.10 11:36:55.142,1.303,1.30308,6.64,1.95
2018.05.10 11:36:55.195,1.30299,1.30307,1.45,3.56
2018.05.10 11:36:55.537,1.30298,1.30303,1.00,1.50
2018.05.10 11:36:56.049,1.30297,1.30303,1.87,2.32
2018.05.10 11:36:56.729,1.30298,1.30303,1.25,2.32
2018.05.10 11:36:56.986,1.30302,1.30307,1.00,1.69
2018.05.10 11:36:57.037,1.303,1.30307,1.95,1.69
2018.05.10 11:36:57.979,1.303,1.30307,2.89,1.69
2018.05.10 11:36:58.340,1.30302,1.30307,1.00,2.25
2018.05.10 11:36:59.451,1.30302,1.30307,1.12,1.12
2018.05.10 11:36:59.981,1.30301,1.30306,1.31,1.00
2018.05.10 11:37:00.561,1.30301,1.30306,1.31,1.50
2018.05.10 11:37:01.108,1.30301,1.30306,1.31,1.00
2018.05.10 11:37:01.262,1.30304,1.3031,1.25,1.39
2018.05.10 11:37:01.944,1.30304,1.30311,3.07,1.57
2018.05.10 11:37:02.393,1.30303,1.30308,1.50,1.25
2018.05.10 11:37:02.784,1.30306,1.30309,1.20,1.12
2018.05.10 11:37:03.350,1.30306,1.3031,1.47,1.50
2018.05.10 11:37:03.864,1.30308,1.3031,1.20,1.12
2018.05.10 11:37:04.569,1.30306,1.30308,1.20,1.25
2018.05.10 11:37:04.845,1.30303,1.30307,1.57,1.00
2018.05.10 11:37:05.208,1.30305,1.30308,2.89,1.00
2018.05.10 11:37:05.741,1.30306,1.30309,1.45,1.12
2018.05.10 11:37:07.004,1.30307,1.30312,1.20,1.87
2018.05.10 11:37:07.304,1.30309,1.30314,1.20,2.25
2018.05.10 11:37:07.613,1.30309,1.30311,1.47,1.25
2018.05.10 11:37:07.868,1.30308,1.30311,1.20,1.25
2018.05.10 11:37:08.392,1.30307,1.30311,1.47,1.44
2018.05.10 11:37:08.444,1.30306,1.30311,1.20,1.87
2018.05.10 11:37:08.966,1.30306,1.30311,1.45,2.19
2018.05.10 11:37:10.075,1.30307,1.3031,1.20,1.50
2018.05.10 11:37:10.929,1.30307,1.30309,1.20,1.00
2018.05.10 11:37:11.474,1.30307,1.30311,1.45,1.87
2018.05.10 11:37:11.732,1.30306,1.30309,1.20,1.00
2018.05.10 11:37:11.786,1.30306,1.30307,1.20,1.00
2018.05.10 11:37:12.320,1.30305,1.30308,1.20,1.25
2018.05.10 11:37:12.577,1.30306,1.3031,1.00,1.50
2018.05.10 11:37:12.734,1.30307,1.30312,1.20,1.00
2018.05.10 11:37:13.278,1.30307,1.30311,1.20,1.25
2018.05.10 11:37:14.316,1.30307,1.30312,1.20,1.69
2018.05.10 11:37:14.373,1.30309,1.30313,1.10,1.19
2018.05.10 11:37:14.430,1.30309,1.30315,1.57,3.37
2018.05.10 11:37:14.557,1.30311,1.30315,1.20,3.00
2018.05.10 11:37:15.079,1.30312,1.30314,1.20,1.00
2018.05.10 11:37:15.584,1.30312,1.30315,1.20,1.00
2018.05.10 11:37:15.892,1.30306,1.30309,1.45,1.00
2018.05.10 11:37:15.943,1.30306,1.30311,1.45,1.25
2018.05.10 11:37:16.482,1.30306,1.30309,1.45,1.69
2018.05.10 11:37:16.533,1.30305,1.30309,1.20,1.69
2018.05.10 11:37:17.024,1.30306,1.3031,1.20,1.31
2018.05.10 11:37:17.175,1.30305,1.30308,1.20,1.00
2018.05.10 11:37:17.825,1.30305,1.30308,1.47,1.00
2018.05.10 11:37:18.408,1.30304,1.30308,1.95,1.00
2018.05.10 11:37:18.723,1.30306,1.3031,1.45,1.37
2018.05.10 11:37:19.264,1.30306,1.3031,1.57,1.00
2018.05.10 11:37:19.772,1.30306,1.3031,1.00,1.44
2018.05.10 11:37:19.979,1.30308,1.30314,1.75,1.10
2018.05.10 11:37:20.569,1.3031,1.30314,2.32,1.00
2018.05.10 11:37:21.119,1.30312,1.30314,1.20,1.00
2018.05.10 11:37:21.786,1.30312,1.30313,1.20,1.00
2018.05.10 11:37:22.538,1.30311,1.30314,1.45,1.87
2018.05.10 11:37:22.643,1.30308,1.30309,1.20,1.00
2018.05.10 11:37:22.799,1.30307,1.30311,1.20,1.31
2018.05.10 11:37:22.954,1.30308,1.3031,1.47,1.00
2018.05.10 11:37:23.184,1.30306,1.30309,1.95,1.00
2018.05.10 11:37:23.237,1.30306,1.30308,1.95,1.00
2018.05.10 11:37:23.832,1.30306,1.30308,1.95,1.00
2018.05.10 11:37:24.147,1.30303,1.30305,1.95,1.00
2018.05.10 11:37:24.251,1.30302,1.30304,1.20,1.00
2018.05.10 11:37:24.304,1.30301,1.30303,1.57,1.00
2018.05.10 11:37:24.357,1.30302,1.30304,1.47,1.25
2018.05.10 11:37:24.641,1.30303,1.30308,1.20,1.31
2018.05.10 11:37:24.747,1.30305,1.30307,1.20,1.00
2018.05.10 11:37:25.498,1.30305,1.30306,1.20,1.00
2018.05.10 11:37:25.917,1.30303,1.30304,1.95,1.00
2018.05.10 11:37:25.970,1.30301,1.30304,1.95,1.25
2018.05.10 11:37:26.482,1.30302,1.30303,1.20,1.00
2018.05.10 11:37:26.724,1.30302,1.30306,1.45,2.81
2018.05.10 11:37:27.291,1.30302,1.30306,1.45,2.06
2018.05.10 11:37:27.704,1.30303,1.30304,1.20,1.00
2018.05.10 11:37:27.859,1.30303,1.30306,1.45,1.12
2018.05.10 11:37:27.965,1.30304,1.30309,1.57,1.12
2018.05.10 11:37:28.123,1.30305,1.30308,1.95,1.00
2018.05.10 11:37:28.175,1.30307,1.3031,1.20,1.00
2018.05.10 11:37:28.279,1.30308,1.30312,1.95,1.00
2018.05.10 11:37:28.589,1.3031,1.30313,1.47,1.00
2018.05.10 11:37:29.103,1.30311,1.30312,1.20,1.00
2018.05.10 11:37:29.614,1.30312,1.30313,1.20,1.00
2018.05.10 11:37:30.518,1.30311,1.30313,1.10,1.00
2018.05.10 11:37:30.881,1.30313,1.30315,1.20,1.00
2018.05.10 11:37:31.309,1.30314,1.30315,1.57,1.00
2018.05.10 11:37:31.464,1.30314,1.30318,1.57,1.44
2018.05.10 11:37:32.355,1.30314,1.30317,1.45,1.25
2018.05.10 11:37:32.895,1.30314,1.30316,1.47,1.00
2018.05.10 11:37:33.409,1.30314,1.30316,1.20,1.25
2018.05.10 11:37:33.513,1.30313,1.30315,1.57,1.00
2018.05.10 11:37:34.298,1.30314,1.30315,1.20,1.00
2018.05.10 11:37:34.835,1.30313,1.30314,1.20,1.00
2018.05.10 11:37:35.418,1.30313,1.30315,1.20,1.00
2018.05.10 11:37:35.728,1.30312,1.30313,1.57,1.00
2018.05.10 11:37:35.882,1.30312,1.30315,1.57,1.25
2018.05.10 11:37:39.368,1.30313,1.30316,1.20,1.25
2018.05.10 11:37:39.525,1.30315,1.3032,1.20,3.19
2018.05.10 11:37:39.577,1.30315,1.3032,1.95,1.69
2018.05.10 11:37:39.771,1.30317,1.30318,1.20,1.00
2018.05.10 11:37:40.078,1.30315,1.30317,1.95,1.00
2018.05.10 11:37:40.462,1.30316,1.30318,1.20,1.00
2018.05.10 11:37:40.566,1.30315,1.30317,1.95,1.00
2018.05.10 11:37:41.052,1.30316,1.30318,1.20,1.00
2018.05.10 11:37:41.205,1.30317,1.3032,1.95,1.00
2018.05.10 11:37:41.733,1.30318,1.30321,1.57,1.00
2018.05.10 11:37:42.192,1.30318,1.30319,1.57,1.00
2018.05.10 11:37:42.738,1.30317,1.30319,1.20,1.25
2018.05.10 11:37:43.251,1.30316,1.30318,1.20,1.00
2018.05.10 11:37:43.753,1.30316,1.30318,1.45,1.25
2018.05.10 11:37:44.008,1.30315,1.30316,1.20,1.25
2018.05.10 11:37:44.559,1.30314,1.30317,1.20,1.62
2018.05.10 11:37:45.166,1.30314,1.30317,1.20,1.62
2018.05.10 11:37:45.410,1.30311,1.30313,1.20,1.19
2018.05.10 11:37:45.928,1.30311,1.30313,1.20,1.00
2018.05.10 11:37:46.239,1.30307,1.30308,1.20,1.00
2018.05.10 11:37:46.291,1.30306,1.30309,1.00,1.00
2018.05.10 11:37:46.397,1.30306,1.30307,1.20,1.00
2018.05.10 11:37:46.607,1.30303,1.30306,1.45,1.00
2018.05.10 11:37:46.920,1.30305,1.30307,1.45,1.00
2018.05.10 11:37:47.767,1.30306,1.3031,1.20,1.62
2018.05.10 11:37:47.820,1.30306,1.30312,3.07,1.00
2018.05.10 11:37:48.377,1.30308,1.30311,1.00,1.00
2018.05.10 11:37:49.826,1.30308,1.30311,1.45,1.00
2018.05.10 11:37:49.928,1.30308,1.30309,1.20,1.00
2018.05.10 11:37:50.034,1.30305,1.3031,2.32,1.25
2018.05.10 11:37:50.658,1.30306,1.30308,1.45,1.00
2018.05.10 11:37:51.865,1.30305,1.30308,2.32,1.00
2018.05.10 11:37:52.369,1.30305,1.30308,1.57,1.00
2018.05.10 11:37:52.765,1.30305,1.30306,1.57,1.50
2018.05.10 11:37:53.067,1.30303,1.30304,1.20,1.00
2018.05.10 11:37:54.060,1.30304,1.30306,1.20,1.00
2018.05.10 11:37:54.583,1.30304,1.30307,1.20,1.12
2018.05.10 11:37:56.104,1.30304,1.30307,1.95,1.00
2018.05.10 11:37:56.726,1.30304,1.30309,2.14,1.87
2018.05.10 11:37:56.938,1.30307,1.3031,1.12,1.00
2018.05.10 11:37:57.496,1.30308,1.3031,1.20,1.00
2018.05.10 11:37:59.767,1.30308,1.30311,1.20,1.25
2018.05.10 11:37:59.819,1.30309,1.30314,1.95,1.25
2018.05.10 11:37:59.870,1.30311,1.30316,1.75,1.76
2018.05.10 11:37:59.973,1.30313,1.30318,3.45,1.87
2018.05.10 11:38:00.024,1.30314,1.30319,2.25,1.00
2018.05.10 11:38:00.404,1.30315,1.30317,1.47,1.00
2018.05.10 11:38:01.150,1.30315,1.30316,1.00,1.00
2018.05.10 11:38:01.253,1.30314,1.30316,1.20,1.00
2018.05.10 11:38:01.777,1.30314,1.30316,1.45,1.00
2018.05.10 11:38:02.723,1.30315,1.30317,1.20,1.00
2018.05.10 11:38:04.335,1.30314,1.30318,1.95,1.00
2018.05.10 11:38:04.651,1.30319,1.30322,1.00,1.69
2018.05.10 11:38:04.756,1.3032,1.30324,1.57,1.50
2018.05.10 11:38:04.808,1.3032,1.30322,1.57,1.00
2018.05.10 11:38:05.309,1.3032,1.30323,1.00,1.00
2018.05.10 11:38:05.847,1.30321,1.30324,1.20,1.69
2018.05.10 11:38:06.195,1.30323,1.30327,1.12,1.00
2018.05.10 11:38:06.248,1.30323,1.30325,1.12,1.00
2018.05.10 11:38:06.353,1.30323,1.30326,1.57,1.25
2018.05.10 11:38:06.407,1.30324,1.30328,1.20,1.31
2018.05.10 11:38:06.460,1.30326,1.30329,1.20,1.50
2018.05.10 11:38:06.862,1.30323,1.30324,1.00,1.00
2018.05.10 11:38:07.072,1.30323,1.30327,1.00,1.50
2018.05.10 11:38:07.380,1.30324,1.30329,1.45,1.37
2018.05.10 11:38:07.931,1.30325,1.30329,1.45,1.37
2018.05.10 11:38:08.445,1.30325,1.30329,1.95,1.25
2018.05.10 11:38:08.961,1.30325,1.30328,1.95,1.00
2018.05.10 11:38:09.477,1.30325,1.30328,1.45,1.00
2018.05.10 11:38:10.121,1.30325,1.3033,1.45,1.56
2018.05.10 11:38:10.638,1.30325,1.3033,1.57,1.69
2018.05.10 11:38:11.004,1.30325,1.3033,1.57,1.31
2018.05.10 11:38:11.553,1.30325,1.30329,2.70,1.25
2018.05.10 11:38:12.038,1.30326,1.30331,1.57,1.87
2018.05.10 11:38:12.552,1.30325,1.3033,1.45,1.00
2018.05.10 11:38:12.989,1.30325,1.30328,1.45,1.00
2018.05.10 11:38:13.656,1.30324,1.30328,2.51,1.00
2018.05.10 11:38:14.189,1.30325,1.3033,1.20,1.69
2018.05.10 11:38:14.529,1.30326,1.3033,1.45,1.69
2018.05.10 11:38:14.852,1.30324,1.30326,1.45,1.00
2018.05.10 11:38:15.423,1.30324,1.30326,1.20,1.00
2018.05.10 11:38:15.578,1.30324,1.30328,1.45,1.69
2018.05.10 11:38:15.915,1.30325,1.30327,1.47,1.00
2018.05.10 11:38:16.069,1.30324,1.30327,1.95,1.25
2018.05.10 11:38:16.585,1.30324,1.30329,1.95,1.69
2018.05.10 11:38:16.742,1.30325,1.30329,1.45,1.12
2018.05.10 11:38:17.302,1.30325,1.30329,1.57,1.69
2018.05.10 11:38:17.829,1.30325,1.30329,1.57,1.50
2018.05.10 11:38:18.888,1.30325,1.30327,1.95,1.00
2018.05.10 11:38:19.146,1.30323,1.30326,1.95,1.00
2018.05.10 11:38:19.944,1.30324,1.30326,1.45,1.00
2018.05.10 11:38:20.213,1.30325,1.30329,1.95,2.06
2018.05.10 11:38:20.422,1.30327,1.3033,1.20,1.50
2018.05.10 11:38:20.939,1.30327,1.3033,1.57,1.00
2018.05.10 11:38:21.781,1.30326,1.30329,2.70,1.00
2018.05.10 11:38:22.292,1.30326,1.30329,1.95,1.00
2018.05.10 11:38:22.813,1.30326,1.30328,1.95,1.00
2018.05.10 11:38:23.329,1.30325,1.30327,1.57,1.00
2018.05.10 11:38:23.836,1.30324,1.30327,1.95,1.00
2018.05.10 11:38:24.362,1.30324,1.30327,1.20,1.00
2018.05.10 11:38:24.977,1.30325,1.3033,1.95,1.12
2018.05.10 11:38:25.029,1.30325,1.30328,1.45,1.00
2018.05.10 11:38:25.349,1.30322,1.30323,1.10,1.25
2018.05.10 11:38:25.895,1.30322,1.30324,1.57,1.25
2018.05.10 11:38:30.012,1.30321,1.30324,1.20,2.06
2018.05.10 11:38:30.270,1.30317,1.3032,2.32,1.00
2018.05.10 11:38:30.786,1.30318,1.30321,1.95,1.00
2018.05.10 11:38:30.893,1.30319,1.30323,1.13,1.25
2018.05.10 11:38:30.945,1.30319,1.30323,3.45,1.25
2018.05.10 11:38:31.626,1.30321,1.30323,2.32,1.00
2018.05.10 11:38:32.142,1.30321,1.30324,2.32,1.25
2018.05.10 11:38:32.487,1.3032,1.30322,1.00,1.00
2018.05.10 11:38:33.018,1.30321,1.30323,1.20,1.12
2018.05.10 11:38:33.760,1.3032,1.30323,1.20,1.00
2018.05.10 11:38:34.284,1.3032,1.30322,1.20,1.00
2018.05.10 11:38:34.911,1.30319,1.30323,2.89,1.00
2018.05.10 11:38:35.223,1.30319,1.30321,1.10,1.25
2018.05.10 11:38:36.044,1.30317,1.3032,1.20,1.00
2018.05.10 11:38:36.569,1.30318,1.3032,1.20,1.00
2018.05.10 11:38:37.100,1.30318,1.30319,1.20,1.00
2018.05.10 11:38:37.606,1.30318,1.3032,1.20,1.25
2018.05.10 11:38:38.141,1.30317,1.3032,1.10,1.25
2018.05.10 11:38:38.663,1.30317,1.30319,1.57,1.00
2018.05.10 11:38:40.121,1.30317,1.30319,1.57,1.00
2018.05.10 11:38:40.625,1.30317,1.3032,1.57,1.00
2018.05.10 11:38:40.887,1.3032,1.30323,1.00,2.25
2018.05.10 11:38:40.940,1.30319,1.30324,1.50,1.50
2018.05.10 11:38:41.046,1.30321,1.30326,1.45,3.94
2018.05.10 11:38:41.594,1.30323,1.30325,1.57,1.00
2018.05.10 11:38:42.104,1.30323,1.30328,1.57,2.81
2018.05.10 11:38:42.239,1.30324,1.30329,1.95,3.56
2018.05.10 11:38:42.755,1.30325,1.30327,1.57,1.00
2018.05.10 11:38:43.279,1.30325,1.30327,1.10,1.00
2018.05.10 11:38:44.744,1.30326,1.30327,1.25,1.00
2018.05.10 11:38:46.033,1.30326,1.30328,1.25,1.00
2018.05.10 11:38:46.141,1.30327,1.3033,1.25,1.31
2018.05.10 11:38:46.200,1.30329,1.3033,1.25,1.00
2018.05.10 11:38:46.253,1.30327,1.30331,3.26,1.00
2018.05.10 11:38:46.305,1.30328,1.30332,1.20,1.19
2018.05.10 11:38:46.847,1.30328,1.30332,2.14,1.13
2018.05.10 11:38:47.404,1.30328,1.30332,1.45,1.69
2018.05.10 11:38:47.771,1.30326,1.30331,3.64,2.25
2018.05.10 11:38:48.163,1.30326,1.30328,2.89,1.00
2018.05.10 11:38:48.703,1.30326,1.30328,1.20,1.00
2018.05.10 11:38:49.228,1.30326,1.30329,1.20,1.00
2018.05.10 11:38:49.785,1.30326,1.30329,2.32,1.00
2018.05.10 11:38:51.505,1.30327,1.30331,1.20,2.25
2018.05.10 11:38:52.375,1.30326,1.30328,1.20,1.25
2018.05.10 11:38:52.725,1.30324,1.30326,1.00,1.00
2018.05.10 11:38:53.161,1.30324,1.30328,1.10,1.13
2018.05.10 11:38:53.671,1.30325,1.30329,1.00,2.06
2018.05.10 11:38:53.725,1.30326,1.3033,1.95,1.00
2018.05.10 11:38:53.830,1.30328,1.30332,1.20,3.00
2018.05.10 11:38:54.092,1.30329,1.30333,1.12,1.00
2018.05.10 11:38:54.252,1.3033,1.30335,1.45,3.38
2018.05.10 11:38:54.487,1.30332,1.30338,1.95,4.13
2018.05.10 11:38:54.657,1.30336,1.30341,1.00,2.89
2018.05.10 11:38:54.764,1.30337,1.30343,1.95,2.25
2018.05.10 11:38:55.080,1.30339,1.30343,1.20,1.12
2018.05.10 11:38:55.626,1.30339,1.30343,1.20,1.12
2018.05.10 11:38:56.168,1.3034,1.30342,1.20,1.25
2018.05.10 11:38:56.375,1.3034,1.30344,1.45,1.87
2018.05.10 11:38:56.477,1.3034,1.30342,1.20,1.25
2018.05.10 11:38:56.580,1.30339,1.30341,1.57,1.00
2018.05.10 11:38:57.020,1.30337,1.3034,1.20,1.25
2018.05.10 11:38:57.281,1.30336,1.30338,1.00,1.00
2018.05.10 11:38:57.388,1.30334,1.30337,1.57,1.00
2018.05.10 11:38:57.938,1.30332,1.30337,1.45,1.50
2018.05.10 11:38:58.476,1.30333,1.30335,1.45,1.00
2018.05.10 11:38:58.528,1.30333,1.30339,2.70,1.12
2018.05.10 11:38:58.580,1.30335,1.30339,1.45,1.12
2018.05.10 11:38:58.683,1.30334,1.30339,1.57,1.12
2018.05.10 11:38:58.942,1.30335,1.3034,1.45,3.00
2018.05.10 11:38:59.466,1.30337,1.30342,1.20,3.19
2018.05.10 11:38:59.520,1.30338,1.30343,1.50,1.31
2018.05.10 11:38:59.781,1.30339,1.30343,1.45,1.31
2018.05.10 11:39:00.163,1.30339,1.3034,1.20,1.00
2018.05.10 11:39:00.471,1.30338,1.30343,1.57,2.81
2018.05.10 11:39:00.574,1.30339,1.30343,1.45,1.31
2018.05.10 11:39:00.759,1.3034,1.30345,1.47,2.44
2018.05.10 11:39:00.964,1.30341,1.30343,1.57,1.00
2018.05.10 11:39:01.350,1.30341,1.30345,1.57,1.00
2018.05.10 11:39:01.615,1.30345,1.30349,1.20,1.12
2018.05.10 11:39:01.877,1.30346,1.3035,1.45,2.44
2018.05.10 11:39:02.315,1.30345,1.30349,1.20,1.31
2018.05.10 11:39:02.729,1.30345,1.3035,1.45,3.19
2018.05.10 11:39:02.832,1.30345,1.3035,1.45,3.38
2018.05.10 11:39:03.207,1.30343,1.30346,1.95,1.00
2018.05.10 11:39:03.801,1.30343,1.30347,1.95,1.25
2018.05.10 11:39:04.168,1.30343,1.30347,1.20,1.56
2018.05.10 11:39:04.359,1.30341,1.30347,1.95,2.81
2018.05.10 11:39:04.893,1.30341,1.30347,2.70,1.50
2018.05.10 11:39:05.472,1.30342,1.30345,1.95,1.25
2018.05.10 11:39:06.288,1.30342,1.30347,1.45,1.31
2018.05.10 11:39:06.340,1.30342,1.30347,1.45,1.50
2018.05.10 11:39:06.907,1.30341,1.30345,1.45,1.25
2018.05.10 11:39:07.093,1.30341,1.30347,1.95,1.31
2018.05.10 11:39:07.146,1.30345,1.3035,1.20,3.00
2018.05.10 11:39:07.661,1.30346,1.3035,1.20,3.00
2018.05.10 11:39:08.249,1.30345,1.30351,1.95,1.31
2018.05.10 11:39:09.039,1.30345,1.30351,1.50,1.00
2018.05.10 11:39:09.364,1.30344,1.3035,1.00,2.44
2018.05.10 11:39:09.672,1.30346,1.3035,1.00,3.00
2018.05.10 11:39:10.186,1.30344,1.30349,1.00,1.50
2018.05.10 11:39:10.748,1.30345,1.30349,1.00,1.31
2018.05.10 11:39:11.395,1.30345,1.30349,1.50,1.00
2018.05.10 11:39:11.937,1.30345,1.3035,1.50,1.69
2018.05.10 11:39:12.217,1.30342,1.30347,2.70,1.00
2018.05.10 11:39:12.602,1.30341,1.30347,1.12,3.26
2018.05.10 11:39:12.712,1.30343,1.30347,1.50,1.00
2018.05.10 11:39:12.980,1.30344,1.30349,1.25,1.76
2018.05.10 11:39:13.499,1.30345,1.30349,1.00,1.00
2018.05.10 11:39:14.205,1.30344,1.3035,1.12,4.39
2018.05.10 11:39:14.753,1.30345,1.3035,1.00,3.64
2018.05.10 11:39:15.054,1.30342,1.30347,1.75,1.00
2018.05.10 11:39:15.106,1.30341,1.30346,1.57,1.00
2018.05.10 11:39:15.520,1.30338,1.30343,1.20,1.00
2018.05.10 11:39:15.839,1.30332,1.30337,1.57,1.69
2018.05.10 11:39:15.891,1.30332,1.30337,1.12,1.69
2018.05.10 11:39:16.062,1.30334,1.30338,1.00,1.57
2018.05.10 11:39:16.165,1.30335,1.3034,1.00,3.26
2018.05.10 11:39:16.741,1.30336,1.3034,1.00,1.10
2018.05.10 11:39:17.004,1.30335,1.30339,1.10,2.00
2018.05.10 11:39:17.326,1.30334,1.3034,2.06,1.31
2018.05.10 11:39:17.430,1.30333,1.30338,1.50,1.50
2018.05.10 11:39:18.117,1.30331,1.30336,2.32,1.00
2018.05.10 11:39:18.586,1.30333,1.3034,1.76,2.33
2018.05.10 11:39:18.691,1.30338,1.30342,1.00,4.39
2018.05.10 11:39:18.774,1.30339,1.30343,1.00,1.57
2018.05.10 11:39:18.842,1.3034,1.30346,1.12,3.45
2018.05.10 11:39:19.005,1.30341,1.30346,1.95,2.06
2018.05.10 11:39:19.112,1.30344,1.30349,1.50,2.89
2018.05.10 11:39:19.446,1.30348,1.30352,1.20,1.12
2018.05.10 11:39:19.759,1.3035,1.30354,1.45,1.87
2018.05.10 11:39:20.167,1.30351,1.30357,2.32,1.50
2018.05.10 11:39:20.326,1.30354,1.30357,1.45,1.00
2018.05.10 11:39:20.607,1.3035,1.30353,1.20,1.25
2018.05.10 11:39:20.659,1.3035,1.30351,1.20,1.00
2018.05.10 11:39:21.018,1.30349,1.30353,1.95,1.00
2018.05.10 11:39:21.233,1.30348,1.30351,1.45,1.00
2018.05.10 11:39:21.354,1.30348,1.30353,1.95,1.12
2018.05.10 11:39:21.668,1.30349,1.30355,2.70,1.21
2018.05.10 11:39:21.774,1.30353,1.30357,1.00,1.12
2018.05.10 11:39:21.936,1.30354,1.30361,1.50,2.79
2018.05.10 11:39:22.197,1.30357,1.30362,1.00,1.71
2018.05.10 11:39:22.250,1.30358,1.30364,1.20,2.15
2018.05.10 11:39:22.354,1.30359,1.30365,1.45,1.52
2018.05.10 11:39:22.916,1.3036,1.30365,1.20,1.12
2018.05.10 11:39:23.223,1.30362,1.30367,1.10,1.19
2018.05.10 11:39:23.741,1.30363,1.30368,1.20,3.75
2018.05.10 11:39:24.225,1.30365,1.30371,1.57,4.87
2018.05.10 11:39:24.329,1.30366,1.30371,1.45,1.69
2018.05.10 11:39:24.760,1.30366,1.30368,1.20,1.00
2018.05.10 11:39:24.812,1.30364,1.30367,1.20,1.25
2018.05.10 11:39:24.865,1.30364,1.30367,1.20,1.19
2018.05.10 11:39:24.916,1.30362,1.30365,1.20,1.00
2018.05.10 11:39:25.344,1.30363,1.30369,1.00,3.00
2018.05.10 11:39:25.406,1.30364,1.3037,1.47,2.44
2018.05.10 11:39:25.718,1.30359,1.30364,1.95,1.31
2018.05.10 11:39:26.038,1.30362,1.30366,1.20,1.87
2018.05.10 11:39:26.500,1.30362,1.30367,1.57,2.44
2018.05.10 11:39:27.513,1.30363,1.30367,1.45,1.69
2018.05.10 11:39:28.025,1.30363,1.30368,1.20,2.25
2018.05.10 11:39:28.570,1.30362,1.30368,2.70,2.44
2018.05.10 11:39:28.882,1.30362,1.30365,1.20,1.87
2018.05.10 11:39:29.422,1.30359,1.30364,1.47,1.81
2018.05.10 11:39:29.579,1.30359,1.30364,1.47,1.13
2018.05.10 11:39:29.681,1.30357,1.30362,1.20,1.00
2018.05.10 11:39:29.881,1.30359,1.30364,1.20,1.50
2018.05.10 11:39:30.190,1.30355,1.30359,1.45,1.12
2018.05.10 11:39:31.184,1.30356,1.30362,1.20,3.94
2018.05.10 11:39:31.333,1.30358,1.30364,2.32,2.06
2018.05.10 11:39:31.443,1.3036,1.30365,1.95,1.69
2018.05.10 11:39:31.810,1.30361,1.30364,1.57,1.19
2018.05.10 11:39:32.499,1.30359,1.30364,1.45,1.62
2018.05.10 11:39:33.075,1.30361,1.30364,1.20,1.37
2018.05.10 11:39:33.488,1.30359,1.30363,1.95,1.19
2018.05.10 11:39:33.695,1.30358,1.30361,1.20,1.00
2018.05.10 11:39:33.827,1.30356,1.30359,1.20,1.00
2018.05.10 11:39:34.086,1.30354,1.30358,1.20,1.00
2018.05.10 11:39:34.520,1.30352,1.30359,1.10,1.87
2018.05.10 11:39:34.572,1.30351,1.30357,2.44,1.00
2018.05.10 11:39:34.907,1.30348,1.30356,3.26,3.83
2018.05.10 11:39:35.062,1.30348,1.30355,1.20,1.01
2018.05.10 11:39:35.614,1.30349,1.30355,1.25,1.76
2018.05.10 11:39:35.820,1.30351,1.30356,1.12,1.76
2018.05.10 11:39:36.128,1.30352,1.30358,2.70,1.75
2018.05.10 11:39:36.673,1.30352,1.30358,1.76,2.44
2018.05.10 11:39:36.945,1.30352,1.30359,2.32,3.45
2018.05.10 11:39:37.738,1.30356,1.30362,1.12,3.45
2018.05.10 11:39:38.984,1.30355,1.30362,1.57,3.08
2018.05.10 11:39:39.554,1.30357,1.30363,1.00,4.20
2018.05.10 11:39:39.971,1.30358,1.30363,1.00,1.20
2018.05.10 11:39:40.023,1.30358,1.30364,1.00,4.58
2018.05.10 11:39:40.179,1.30358,1.30363,1.00,1.10
2018.05.10 11:39:40.566,1.30355,1.30362,3.30,1.56
2018.05.10 11:39:40.884,1.30353,1.30359,2.63,2.25
2018.05.10 11:39:41.421,1.30354,1.3036,1.12,2.44
2018.05.10 11:39:41.945,1.30353,1.30359,1.20,2.81
2018.05.10 11:39:42.496,1.30351,1.30358,3.82,1.50
2018.05.10 11:39:43.035,1.30351,1.30358,1.95,1.69
2018.05.10 11:39:43.550,1.30351,1.30358,3.08,1.69
2018.05.10 11:39:44.086,1.30351,1.30358,2.32,2.14
2018.05.10 11:39:44.402,1.30349,1.30356,4.95,1.56
2018.05.10 11:39:44.712,1.30354,1.30358,1.50,1.25
2018.05.10 11:39:45.880,1.30354,1.30359,1.69,1.00
2018.05.10 11:39:46.501,1.30355,1.30359,1.13,1.00
2018.05.10 11:39:47.024,1.30355,1.30361,1.13,1.57
2018.05.10 11:39:48.286,1.30354,1.3036,1.20,1.25
2018.05.10 11:39:48.613,1.30348,1.30354,1.10,1.25
2018.05.10 11:39:48.927,1.30347,1.30352,1.25,1.62
2018.05.10 11:39:49.083,1.30345,1.30352,3.64,1.47
2018.05.10 11:39:49.278,1.30347,1.30352,1.00,1.47
2018.05.10 11:39:49.637,1.30345,1.3035,1.88,1.50
2018.05.10 11:39:50.949,1.30344,1.3035,2.25,1.31
2018.05.10 11:39:51.725,1.30343,1.3035,4.20,1.62
2018.05.10 11:39:51.828,1.30341,1.30347,1.89,2.25
2018.05.10 11:39:52.375,1.30343,1.30349,1.25,3.38
2018.05.10 11:39:52.989,1.30342,1.30348,2.81,1.31
2018.05.10 11:39:53.661,1.30342,1.30348,2.06,1.31
2018.05.10 11:39:53.973,1.30344,1.30349,1.00,1.50
2018.05.10 11:39:54.510,1.30343,1.30349,1.50,1.39
2018.05.10 11:39:55.024,1.30345,1.30349,1.00,1.12
2018.05.10 11:39:55.229,1.30343,1.30349,1.50,2.81
2018.05.10 11:39:55.384,1.30341,1.30346,1.25,1.87
2018.05.10 11:39:55.723,1.30337,1.30343,1.50,1.47
2018.05.10 11:39:56.127,1.30336,1.30342,3.75,1.12
2018.05.10 11:39:56.183,1.30336,1.3034,2.25,1.69
2018.05.10 11:39:56.235,1.30333,1.3034,2.74,2.44
2018.05.10 11:39:56.555,1.30334,1.3034,2.44,1.50
2018.05.10 11:39:56.660,1.30337,1.30341,1.00,1.10
2018.05.10 11:39:57.176,1.30337,1.30342,1.00,1.12
2018.05.10 11:39:57.800,1.30337,1.30343,1.20,3.00
2018.05.10 11:39:58.309,1.30336,1.30342,2.89,1.12
2018.05.10 11:39:58.407,1.30335,1.30341,1.01,2.25
2018.05.10 11:39:58.618,1.30337,1.30343,1.25,2.25
2018.05.10 11:39:58.824,1.30338,1.30344,1.50,3.56
2018.05.10 11:39:59.376,1.30337,1.30343,2.85,1.50
2018.05.10 11:39:59.692,1.30334,1.3034,1.69,1.31
2018.05.10 11:39:59.798,1.30335,1.30342,1.44,3.07
2018.05.10 11:40:00.112,1.30336,1.30343,1.01,2.51
2018.05.10 11:40:00.498,1.30338,1.30343,1.00,1.69
2018.05.10 11:40:00.809,1.30342,1.30347,1.00,2.06
2018.05.10 11:40:01.109,1.30344,1.3035,3.83,1.00
2018.05.10 11:40:01.494,1.30345,1.30347,1.12,1.00
2018.05.10 11:40:01.600,1.3034,1.30345,1.85,1.00
2018.05.10 11:40:01.840,1.30338,1.30343,1.57,1.19
2018.05.10 11:40:01.892,1.30335,1.30341,1.95,1.50
2018.05.10 11:40:01.944,1.30334,1.30339,1.95,1.25
2018.05.10 11:40:02.150,1.30333,1.30339,1.95,1.69
2018.05.10 11:40:02.202,1.30332,1.30336,1.57,1.00
2018.05.10 11:40:02.450,1.30334,1.30339,1.00,3.64
2018.05.10 11:40:02.658,1.30332,1.30336,1.50,1.00
2018.05.10 11:40:02.710,1.30331,1.30336,1.00,1.00
2018.05.10 11:40:03.121,1.30329,1.30335,1.76,1.50
2018.05.10 11:40:03.377,1.3033,1.30332,1.00,1.00
2018.05.10 11:40:03.486,1.30326,1.3033,1.20,1.25
2018.05.10 11:40:03.754,1.30326,1.30329,1.00,1.19
2018.05.10 11:40:03.909,1.30326,1.30331,1.00,1.20
2018.05.10 11:40:04.219,1.30324,1.30331,3.11,1.39
2018.05.10 11:40:04.391,1.30328,1.30334,1.50,2.51
2018.05.10 11:40:04.669,1.30324,1.3033,3.00,3.26
2018.05.10 11:40:04.972,1.30326,1.3033,1.00,1.12
2018.05.10 11:40:05.751,1.30326,1.30331,1.00,1.31
2018.05.10 11:40:06.059,1.30328,1.30333,1.00,3.07
2018.05.10 11:40:06.374,1.30332,1.30336,1.00,3.07
2018.05.10 11:40:06.426,1.30329,1.30336,1.87,1.95
2018.05.10 11:40:06.641,1.30329,1.30332,1.00,1.50
2018.05.10 11:40:06.749,1.30326,1.30331,1.00,1.76
2018.05.10 11:40:07.294,1.30327,1.30332,1.50,1.64
2018.05.10 11:40:07.840,1.30326,1.30332,1.50,2.14
2018.05.10 11:40:07.944,1.30324,1.30331,3.60,2.89
2018.05.10 11:40:08.200,1.30327,1.30331,1.00,2.89
2018.05.10 11:40:08.524,1.30324,1.30329,1.00,2.44
2018.05.10 11:40:09.039,1.30325,1.30329,1.00,1.50
2018.05.10 11:40:09.436,1.30327,1.30332,1.87,1.10
2018.05.10 11:40:09.489,1.3033,1.30333,1.00,1.95
2018.05.10 11:40:09.542,1.3033,1.30335,1.00,2.70
2018.05.10 11:40:10.062,1.30329,1.30335,1.12,4.01
2018.05.10 11:40:10.582,1.3033,1.30335,1.25,3.37
2018.05.10 11:40:10.643,1.30332,1.30335,1.12,1.31
2018.05.10 11:40:11.098,1.30327,1.30333,2.32,1.00
2018.05.10 11:40:11.412,1.30329,1.30335,1.69,1.76
2018.05.10 11:40:11.916,1.3033,1.30335,1.00,1.57
2018.05.10 11:40:12.769,1.30329,1.30335,4.91,1.20
2018.05.10 11:40:13.314,1.30332,1.30337,1.25,1.50
2018.05.10 11:40:13.665,1.30333,1.30338,1.12,1.10
2018.05.10 11:40:14.133,1.30334,1.3034,1.25,2.89
2018.05.10 11:40:14.572,1.30333,1.30338,3.26,1.00
2018.05.10 11:40:15.644,1.30333,1.30338,1.69,1.00
2018.05.10 11:40:15.696,1.30333,1.30336,1.00,1.00
2018.05.10 11:40:16.836,1.30332,1.30336,1.00,1.00
2018.05.10 11:40:17.658,1.30332,1.30338,3.19,1.57
2018.05.10 11:40:17.860,1.30336,1.30341,1.87,1.57
2018.05.10 11:40:18.323,1.30332,1.30337,3.86,1.00
2018.05.10 11:40:18.847,1.30332,1.30336,1.50,1.00
2018.05.10 11:40:19.311,1.30334,1.30339,1.00,2.70
2018.05.10 11:40:19.836,1.30332,1.30337,1.50,1.31
2018.05.10 11:40:20.385,1.30331,1.30336,1.85,1.00
2018.05.10 11:40:20.616,1.3033,1.30336,2.32,1.00
2018.05.10 11:40:21.236,1.3033,1.30336,1.95,1.12
2018.05.10 11:40:21.934,1.3033,1.30335,1.76,1.00
2018.05.10 11:40:23.469,1.3033,1.30335,2.25,1.00
2018.05.10 11:40:24.020,1.30333,1.30338,1.50,1.50
2018.05.10 11:40:24.129,1.30334,1.3034,1.12,3.56
2018.05.10 11:40:24.389,1.30333,1.30339,1.50,1.19
2018.05.10 11:40:24.901,1.30333,1.30339,1.57,1.39
2018.05.10 11:40:25.230,1.30332,1.30336,2.14,1.00
2018.05.10 11:40:25.437,1.3033,1.30335,2.32,1.00
2018.05.10 11:40:25.489,1.30329,1.30333,1.20,1.00
2018.05.10 11:40:25.542,1.30328,1.30334,1.76,1.31
2018.05.10 11:40:26.071,1.30328,1.30333,1.85,1.00
2018.05.10 11:40:26.226,1.30327,1.30333,3.26,1.01
2018.05.10 11:40:26.756,1.30328,1.30333,1.10,1.00
2018.05.10 11:40:27.012,1.30328,1.30334,3.07,1.25
2018.05.10 11:40:28.034,1.3033,1.30336,1.20,1.76
2018.05.10 11:40:28.564,1.30331,1.30336,1.57,1.12
2018.05.10 11:40:29.104,1.30332,1.30336,1.00,1.12
2018.05.10 11:40:29.619,1.30331,1.30337,1.57,1.57
2018.05.10 11:40:30.171,1.30332,1.30337,1.00,1.76
2018.05.10 11:40:31.001,1.30331,1.30337,1.57,1.57
2018.05.10 11:40:31.324,1.30333,1.30338,1.88,1.00
2018.05.10 11:40:31.480,1.30331,1.30338,4.58,1.76
2018.05.10 11:40:31.584,1.30331,1.30336,3.45,1.00
2018.05.10 11:40:32.869,1.30331,1.30337,3.83,1.25
2018.05.10 11:40:33.176,1.30333,1.30338,2.63,1.25
2018.05.10 11:40:34.040,1.30333,1.30337,1.88,1.00
2018.05.10 11:40:34.375,1.30333,1.30339,2.63,2.25
2018.05.10 11:40:34.934,1.30334,1.30338,1.01,1.00
2018.05.10 11:40:35.396,1.30334,1.3034,1.10,2.14
2018.05.10 11:40:35.448,1.30334,1.30338,1.00,1.00
2018.05.10 11:40:36.044,1.30333,1.30339,3.38,1.88
2018.05.10 11:40:36.489,1.30333,1.30338,1.75,1.00
2018.05.10 11:40:37.816,1.30332,1.30339,5.74,1.00
2018.05.10 11:40:38.638,1.30333,1.30339,2.81,1.25
2018.05.10 11:40:39.316,1.30333,1.30338,1.50,1.00
2018.05.10 11:40:40.134,1.30334,1.30339,1.69,1.00
2018.05.10 11:40:40.239,1.30334,1.30341,2.14,1.95
2018.05.10 11:40:40.292,1.30334,1.30341,2.32,3.07
2018.05.10 11:40:40.838,1.30334,1.30341,1.10,3.08
2018.05.10 11:40:41.379,1.30335,1.30341,1.00,4.20
2018.05.10 11:40:41.882,1.30335,1.3034,1.00,1.01
2018.05.10 11:40:42.242,1.30333,1.30337,4.39,1.00
2018.05.10 11:40:42.298,1.30333,1.30338,1.10,1.31
2018.05.10 11:40:42.403,1.30334,1.3034,1.38,2.70
2018.05.10 11:40:42.951,1.30335,1.3034,1.50,1.12
2018.05.10 11:40:43.260,1.30336,1.3034,2.44,1.00
2018.05.10 11:40:44.444,1.30336,1.30341,2.25,1.69
2018.05.10 11:40:45.555,1.30335,1.3034,3.00,1.00
2018.05.10 11:40:45.710,1.30334,1.3034,2.33,1.87
2018.05.10 11:40:45.763,1.30336,1.30342,1.57,1.95
2018.05.10 11:40:46.813,1.30337,1.30344,1.58,4.39
2018.05.10 11:40:46.915,1.30338,1.30344,1.31,1.25
2018.05.10 11:40:47.872,1.30338,1.30344,1.50,1.19
2018.05.10 11:40:48.433,1.30339,1.30344,1.25,1.12
2018.05.10 11:40:48.988,1.30339,1.30342,1.00,1.00
2018.05.10 11:40:49.232,1.30337,1.30343,1.01,1.01
2018.05.10 11:40:49.578,1.30337,1.30341,1.00,1.00
2018.05.10 11:40:50.489,1.30336,1.30341,2.32,1.25
2018.05.10 11:40:51.772,1.30337,1.30341,1.00,1.00
2018.05.10 11:40:52.920,1.30336,1.30341,2.32,1.00
2018.05.10 11:40:54.084,1.30335,1.30341,8.33,1.00
2018.05.10 11:40:55.047,1.30338,1.30343,1.50,1.00
2018.05.10 11:40:55.257,1.30338,1.30343,4.39,1.00
2018.05.10 11:40:55.467,1.30341,1.30347,1.00,2.70
2018.05.10 11:40:55.521,1.30342,1.30347,1.88,1.10
2018.05.10 11:40:56.863,1.30342,1.30347,2.32,1.25
2018.05.10 11:40:58.104,1.30341,1.30347,5.33,1.00
2018.05.10 11:40:58.518,1.30339,1.30344,3.83,1.25
2018.05.10 11:40:58.577,1.30339,1.30344,1.13,1.25
2018.05.10 11:40:58.631,1.3034,1.30346,1.88,1.39
2018.05.10 11:40:58.943,1.30342,1.30343,1.00,1.00
2018.05.10 11:40:59.591,1.30341,1.30345,2.25,1.00
2018.05.10 11:40:59.752,1.30342,1.30348,1.50,2.70
2018.05.10 11:41:00.285,1.30343,1.30348,1.57,1.31
2018.05.10 11:41:01.224,1.30344,1.30349,1.00,3.07
2018.05.10 11:41:01.735,1.30344,1.30349,1.00,2.14
2018.05.10 11:41:02.250,1.30344,1.30349,1.00,2.33
2018.05.10 11:41:02.804,1.30344,1.30349,1.20,1.87
2018.05.10 11:41:03.317,1.30345,1.30349,1.10,1.12
2018.05.10 11:41:04.535,1.30345,1.30351,1.95,1.76
2018.05.10 11:41:04.641,1.30347,1.30352,2.25,1.31
2018.05.10 11:41:05.185,1.30348,1.3035,1.31,1.00
2018.05.10 11:41:05.739,1.30347,1.30351,4.01,1.00
2018.05.10 11:41:06.300,1.30347,1.30351,2.51,1.00
2018.05.10 11:41:06.942,1.30348,1.30351,1.69,1.25
2018.05.10 11:41:07.627,1.30348,1.30352,1.69,1.31
2018.05.10 11:41:07.860,1.3035,1.30355,3.56,1.12
2018.05.10 11:41:08.716,1.30351,1.30353,1.25,1.00
2018.05.10 11:41:09.019,1.30347,1.30349,1.00,1.00
2018.05.10 11:41:09.568,1.30347,1.30351,2.44,1.00
2018.05.10 11:41:10.116,1.30346,1.30351,2.32,3.00
2018.05.10 11:41:10.862,1.30346,1.30351,3.26,2.25
2018.05.10 11:41:10.914,1.30348,1.30351,1.25,2.06
2018.05.10 11:41:11.426,1.30347,1.3035,1.25,1.87
2018.05.10 11:41:11.786,1.30348,1.30352,1.25,2.44
2018.05.10 11:41:12.308,1.30348,1.30351,1.25,1.00
2018.05.10 11:41:13.240,1.30348,1.30352,3.19,1.50
2018.05.10 11:41:13.787,1.30349,1.30352,1.00,1.50
2018.05.10 11:41:14.050,1.3035,1.30354,1.00,1.50
2018.05.10 11:41:14.553,1.30349,1.30353,2.51,1.13
2018.05.10 11:41:15.094,1.30351,1.30355,1.69,2.06
2018.05.10 11:41:15.200,1.30353,1.30358,1.31,4.58
2018.05.10 11:41:15.456,1.30352,1.30358,4.20,1.12
2018.05.10 11:41:15.777,1.30353,1.30357,1.20,1.44
2018.05.10 11:41:16.311,1.30353,1.30357,1.57,1.25
2018.05.10 11:41:17.507,1.30354,1.30359,2.25,1.57
2018.05.10 11:41:17.825,1.30353,1.30355,1.39,1.00
2018.05.10 11:41:18.361,1.30352,1.30356,4.01,1.00
2018.05.10 11:41:18.896,1.30353,1.30357,1.31,1.13
2018.05.10 11:41:20.869,1.30353,1.30357,1.31,1.44
2018.05.10 11:41:21.598,1.30352,1.30357,1.10,1.63
2018.05.10 11:41:22.814,1.30352,1.30357,1.10,2.81
2018.05.10 11:41:22.917,1.30352,1.30357,1.00,1.01
2018.05.10 11:41:23.442,1.30351,1.30356,1.57,1.25
2018.05.10 11:41:25.128,1.30353,1.30357,1.25,1.12
2018.05.10 11:41:26.034,1.30352,1.30357,5.51,1.25
2018.05.10 11:41:27.361,1.30354,1.30358,1.50,1.00
2018.05.10 11:41:27.482,1.30355,1.30359,4.88,1.00
2018.05.10 11:41:27.536,1.30358,1.30361,1.25,1.00
2018.05.10 11:41:30.191,1.30357,1.3036,1.25,1.00
2018.05.10 11:41:30.708,1.30356,1.30361,2.89,1.00
2018.05.10 11:41:31.210,1.30358,1.30362,1.12,1.00
2018.05.10 11:41:33.091,1.3036,1.30363,1.25,1.00
2018.05.10 11:41:33.541,1.30362,1.30366,4.01,1.00
2018.05.10 11:41:34.118,1.30362,1.30365,2.32,1.00
2018.05.10 11:41:34.301,1.30361,1.30365,4.39,1.00
2018.05.10 11:41:35.601,1.30361,1.30367,4.01,1.31
2018.05.10 11:41:35.704,1.30362,1.30369,7.76,1.39
2018.05.10 11:41:35.860,1.30366,1.30371,1.00,1.20
2018.05.10 11:41:36.286,1.30366,1.30368,1.10,1.00
2018.05.10 11:41:36.493,1.30365,1.30372,1.57,3.07
2018.05.10 11:41:36.670,1.30365,1.30369,4.20,1.00
2018.05.10 11:41:37.017,1.30367,1.3037,1.00,1.00
2018.05.10 11:41:37.534,1.30366,1.30372,2.14,1.76
2018.05.10 11:41:37.846,1.30371,1.30374,1.31,1.00
2018.05.10 11:41:37.949,1.3037,1.30376,6.82,1.25
2018.05.10 11:41:39.988,1.30372,1.30377,1.50,2.25
2018.05.10 11:41:40.040,1.30372,1.30374,1.50,1.00
2018.05.10 11:41:40.144,1.3037,1.30373,1.10,1.25
2018.05.10 11:41:40.671,1.30369,1.30373,1.00,1.13
2018.05.10 11:41:41.250,1.3037,1.30375,3.56,1.00
2018.05.10 11:41:41.405,1.30371,1.30377,2.14,1.00
2018.05.10 11:41:41.457,1.30373,1.30377,1.00,1.00
2018.05.10 11:41:42.256,1.30372,1.30377,1.50,1.00
2018.05.10 11:41:42.786,1.30373,1.30378,1.50,1.39
2018.05.10 11:41:43.355,1.30373,1.30377,1.00,1.25
2018.05.10 11:41:43.863,1.30372,1.30377,3.26,1.50
2018.05.10 11:41:44.498,1.30372,1.30375,1.00,1.00
2018.05.10 11:41:44.860,1.30369,1.30373,2.89,1.25
2018.05.10 11:41:45.192,1.30367,1.30371,1.00,1.00
2018.05.10 11:41:45.743,1.30367,1.30372,2.25,1.20
2018.05.10 11:41:46.060,1.30367,1.30372,1.57,1.69
2018.05.10 11:41:46.583,1.30367,1.30369,1.00,1.25
2018.05.10 11:41:47.216,1.30365,1.30369,1.50,1.00
2018.05.10 11:41:48.065,1.30364,1.30368,3.00,1.31
2018.05.10 11:41:48.168,1.30364,1.30367,1.10,1.00
2018.05.10 11:41:48.681,1.30364,1.30368,1.00,1.31
2018.05.10 11:41:49.320,1.30364,1.30367,1.00,1.00
2018.05.10 11:41:49.912,1.30363,1.30367,1.20,1.00
2018.05.10 11:41:50.059,1.30364,1.30368,1.45,1.31
2018.05.10 11:41:50.740,1.30365,1.30367,1.20,1.00
2018.05.10 11:41:50.844,1.30365,1.30369,1.20,2.44
2018.05.10 11:41:50.983,1.30364,1.30368,2.32,1.19
2018.05.10 11:41:51.608,1.30364,1.30368,1.57,1.25
2018.05.10 11:41:53.056,1.30364,1.30367,1.57,1.00
2018.05.10 11:41:54.230,1.30364,1.30368,1.20,1.50
2018.05.10 11:41:54.698,1.30363,1.30365,1.20,1.00
2018.05.10 11:41:55.209,1.30362,1.30366,1.95,1.00
2018.05.10 11:41:55.764,1.30362,1.30365,1.45,1.00
2018.05.10 11:41:56.671,1.30361,1.30365,1.20,1.12
2018.05.10 11:42:00.705,1.30361,1.30363,1.45,1.25
2018.05.10 11:42:00.985,1.30356,1.30358,1.95,1.00
2018.05.10 11:42:01.089,1.30356,1.3036,1.00,1.20
2018.05.10 11:42:01.607,1.30356,1.3036,1.95,1.31
2018.05.10 11:42:02.219,1.30356,1.30361,1.57,1.69
2018.05.10 11:42:02.323,1.30356,1.3036,2.32,1.50
2018.05.10 11:42:02.950,1.30356,1.3036,2.32,1.50
2018.05.10 11:42:03.468,1.30355,1.30359,1.57,1.12
2018.05.10 11:42:05.101,1.30354,1.30358,1.95,1.00
2018.05.10 11:42:05.430,1.30353,1.30357,1.45,1.31
2018.05.10 11:42:05.941,1.30353,1.30357,1.45,1.00
2018.05.10 11:42:06.419,1.30352,1.30354,1.95,1.00
2018.05.10 11:42:06.926,1.30352,1.30355,1.95,1.25
2018.05.10 11:42:08.083,1.30352,1.30355,1.10,1.00
2018.05.10 11:42:08.845,1.30352,1.30354,1.10,1.00
2018.05.10 11:42:10.131,1.30352,1.30354,1.20,1.00
2018.05.10 11:42:11.973,1.30352,1.30354,1.45,1.00
2018.05.10 11:42:12.489,1.30353,1.30355,1.45,1.00
2018.05.10 11:42:12.900,1.30354,1.30356,1.20,1.25
2018.05.10 11:42:13.458,1.30354,1.30356,1.45,1.00
2018.05.10 11:42:13.977,1.30355,1.30356,1.20,1.00
2018.05.10 11:42:14.500,1.30355,1.30358,1.20,1.50
2018.05.10 11:42:14.708,1.30356,1.30359,1.45,1.00
2018.05.10 11:42:15.102,1.30355,1.30357,1.57,1.00
2018.05.10 11:42:15.631,1.30355,1.30357,1.57,1.00
2018.05.10 11:42:16.160,1.30355,1.30356,1.20,1.00
2018.05.10 11:42:16.772,1.30355,1.30357,1.95,1.00
2018.05.10 11:42:17.352,1.30355,1.30359,1.95,1.69
2018.05.10 11:42:18.334,1.30355,1.3036,1.95,1.56
2018.05.10 11:42:18.437,1.30357,1.3036,1.20,1.12
2018.05.10 11:42:18.724,1.30359,1.30362,1.47,1.31
2018.05.10 11:42:19.344,1.3036,1.30363,1.20,1.12
2018.05.10 11:42:19.481,1.30364,1.30367,1.20,1.50
2018.05.10 11:42:19.534,1.30365,1.30368,1.00,1.00
2018.05.10 11:42:19.586,1.30367,1.30369,1.20,1.87
2018.05.10 11:42:20.138,1.30367,1.3037,1.57,1.00
2018.05.10 11:42:20.445,1.30369,1.30372,1.20,1.12
2018.05.10 11:42:21.188,1.30368,1.30372,1.57,1.50
2018.05.10 11:42:21.711,1.30368,1.30373,1.10,2.44
2018.05.10 11:42:22.019,1.30366,1.3037,1.45,1.12
2018.05.10 11:42:22.071,1.30365,1.3037,1.20,1.31
2018.05.10 11:42:22.124,1.30367,1.3037,1.00,1.12
2018.05.10 11:42:22.228,1.30368,1.30374,1.57,1.95
2018.05.10 11:42:22.388,1.30369,1.30374,1.45,1.87
2018.05.10 11:42:23.288,1.30368,1.30372,1.45,4.31
2018.05.10 11:42:23.445,1.30362,1.30365,1.57,1.00
2018.05.10 11:42:24.001,1.30361,1.30365,1.57,1.00
2018.05.10 11:42:24.260,1.30362,1.30363,1.20,1.00
2018.05.10 11:42:24.312,1.30362,1.30366,1.20,1.50
2018.05.10 11:42:24.469,1.30361,1.30363,1.20,1.25
2018.05.10 11:42:24.590,1.30359,1.30363,1.45,1.19
2018.05.10 11:42:24.797,1.30358,1.30361,1.20,1.25
2018.05.10 11:42:25.057,1.30356,1.30358,1.45,1.00
2018.05.10 11:42:25.366,1.30355,1.3036,2.89,1.00
2018.05.10 11:42:25.468,1.30356,1.30358,1.39,1.00
2018.05.10 11:42:25.626,1.30355,1.30361,4.39,1.31
2018.05.10 11:42:25.678,1.30356,1.30361,2.14,1.31
2018.05.10 11:42:26.205,1.30358,1.30362,1.20,1.19
2018.05.10 11:42:26.725,1.30357,1.30359,1.45,1.25
2018.05.10 11:42:26.864,1.30354,1.30357,1.95,1.00
2018.05.10 11:42:27.382,1.30353,1.30358,2.14,1.50
2018.05.10 11:42:27.680,1.30356,1.30362,1.95,1.31
2018.05.10 11:42:27.783,1.30358,1.30361,1.20,1.00
2018.05.10 11:42:28.149,1.30357,1.30359,1.45,1.00
2018.05.10 11:42:28.201,1.30356,1.30359,2.14,1.00
2018.05.10 11:42:28.496,1.30356,1.30361,1.95,1.00
2018.05.10 11:42:28.599,1.30357,1.30361,1.45,1.00
2018.05.10 11:42:29.115,1.30356,1.30362,2.14,2.06
2018.05.10 11:42:30.145,1.30356,1.30362,2.14,1.87
2018.05.10 11:42:30.660,1.30357,1.3036,1.45,1.00
2018.05.10 11:42:31.163,1.30357,1.30362,1.45,2.25
2018.05.10 11:42:31.928,1.30356,1.30361,2.14,1.31
2018.05.10 11:42:32.063,1.30356,1.30359,1.20,1.25
2018.05.10 11:42:32.373,1.30354,1.30357,2.14,1.00
2018.05.10 11:42:33.010,1.30354,1.30358,2.14,1.25
2018.05.10 11:42:33.554,1.30354,1.30357,1.20,1.00
2018.05.10 11:42:33.865,1.30352,1.30354,1.95,1.00
2018.05.10 11:42:34.275,1.30351,1.30354,1.10,1.00
2018.05.10 11:42:34.795,1.30351,1.30355,2.51,1.00
2018.05.10 11:42:34.847,1.30352,1.30355,1.20,1.00
2018.05.10 11:42:35.964,1.30352,1.30357,1.39,1.00
2018.05.10 11:42:36.607,1.30351,1.30357,2.14,1.10
2018.05.10 11:42:37.439,1.30351,1.30356,2.89,1.00
2018.05.10 11:42:37.916,1.30351,1.30358,3.64,1.31
2018.05.10 11:42:38.430,1.30351,1.30358,3.64,1.76
2018.05.10 11:42:38.758,1.30351,1.30355,3.07,1.00
2018.05.10 11:42:39.106,1.30345,1.30349,2.51,1.00
2018.05.10 11:42:39.362,1.30346,1.30351,1.50,1.20
2018.05.10 11:42:40.158,1.30345,1.30348,1.12,1.00
2018.05.10 11:42:40.263,1.30343,1.30347,1.25,1.00
2018.05.10 11:42:40.475,1.30344,1.30349,1.10,1.31
2018.05.10 11:42:41.006,1.30344,1.30348,1.69,1.00
2018.05.10 11:42:41.210,1.30345,1.3035,1.69,1.10
2018.05.10 11:42:41.716,1.30344,1.30351,1.57,2.32
2018.05.10 11:42:42.249,1.30344,1.3035,1.31,2.14
2018.05.10 11:42:42.700,1.30347,1.30351,1.00,3.45
2018.05.10 11:42:42.990,1.3035,1.30355,3.56,1.50
2018.05.10 11:42:43.427,1.30351,1.30358,1.01,3.83
2018.05.10 11:42:43.686,1.30353,1.30358,1.00,3.83
2018.05.10 11:42:44.046,1.30351,1.30354,1.25,1.00
2018.05.10 11:42:44.337,1.30348,1.30354,2.51,1.39
2018.05.10 11:42:44.842,1.30348,1.30354,2.89,1.12
2018.05.10 11:42:44.895,1.30351,1.30355,1.00,2.32
2018.05.10 11:42:45.000,1.30349,1.30354,1.76,1.12
2018.05.10 11:42:45.143,1.30349,1.30354,3.45,1.00
2018.05.10 11:42:45.403,1.30354,1.30359,1.31,1.57
2018.05.10 11:42:45.931,1.30354,1.30359,1.76,1.00
2018.05.10 11:42:46.472,1.30354,1.30361,2.51,3.19
2018.05.10 11:42:48.256,1.30353,1.30361,6.07,3.64
2018.05.10 11:42:48.767,1.30353,1.30361,6.83,3.38
2018.05.10 11:42:48.838,1.30354,1.30361,1.01,1.69
2018.05.10 11:42:48.893,1.30358,1.30362,1.31,1.00
2018.05.10 11:42:48.945,1.30359,1.30365,1.69,1.01
2018.05.10 11:42:49.257,1.30358,1.30363,1.39,1.69
2018.05.10 11:42:49.414,1.30357,1.30361,1.31,1.00
2018.05.10 11:42:49.518,1.30355,1.3036,1.01,1.50
2018.05.10 11:42:50.070,1.30356,1.30362,1.57,1.57
2018.05.10 11:42:50.888,1.30356,1.3036,1.57,1.00
2018.05.10 11:42:51.401,1.30356,1.30361,1.01,1.69
2018.05.10 11:42:52.101,1.30357,1.30363,1.57,1.31
2018.05.10 11:42:52.623,1.30357,1.30363,2.32,1.50
2018.05.10 11:42:53.790,1.30359,1.30364,1.00,1.69
2018.05.10 11:42:54.337,1.30358,1.30363,1.01,2.81
2018.05.10 11:42:55.154,1.30358,1.30361,1.01,1.00
2018.05.10 11:42:55.466,1.30355,1.30359,6.83,1.00
2018.05.10 11:42:55.794,1.30355,1.30359,1.88,1.00
2018.05.10 11:42:56.589,1.30354,1.30359,1.39,1.00
2018.05.10 11:42:57.244,1.30353,1.30359,6.64,1.00
2018.05.10 11:42:57.773,1.30353,1.30358,2.33,1.12
2018.05.10 11:42:59.788,1.30354,1.3036,1.20,2.62
2018.05.10 11:43:00.114,1.30359,1.30363,1.00,6.64
2018.05.10 11:43:00.166,1.30363,1.30367,1.20,1.25
2018.05.10 11:43:00.700,1.30361,1.30367,1.50,1.25
2018.05.10 11:43:01.315,1.30361,1.30367,1.25,1.31
2018.05.10 11:43:02.956,1.30362,1.30368,1.57,1.76
2018.05.10 11:43:03.191,1.30364,1.3037,1.76,1.20
2018.05.10 11:43:03.775,1.30365,1.30371,1.10,2.33
2018.05.10 11:43:04.055,1.30365,1.30368,1.76,1.13
2018.05.10 11:43:04.416,1.30362,1.30368,2.89,1.62
2018.05.10 11:43:04.933,1.30362,1.30368,5.70,1.62
2018.05.10 11:43:05.449,1.30362,1.30366,1.95,1.00
2018.05.10 11:43:06.445,1.30361,1.30365,1.07,1.00
2018.05.10 11:43:06.549,1.30359,1.30363,1.01,1.00
2018.05.10 11:43:07.050,1.30358,1.30362,2.89,1.00
2018.05.10 11:43:07.722,1.30358,1.30362,4.01,1.00
2018.05.10 11:43:08.838,1.30358,1.30362,2.51,1.25
2018.05.10 11:43:09.367,1.30357,1.30361,1.12,1.25
2018.05.10 11:43:10.038,1.30357,1.30361,1.00,1.88
2018.05.10 11:43:10.365,1.30355,1.30361,4.57,1.95
2018.05.10 11:43:10.997,1.30356,1.30361,1.95,1.00
2018.05.10 11:43:11.793,1.30355,1.30359,4.01,1.00
2018.05.10 11:43:11.897,1.30354,1.30358,1.01,1.25
2018.05.10 11:43:12.422,1.30352,1.30358,9.64,1.00
2018.05.10 11:43:13.499,1.30353,1.30356,1.39,1.00
2018.05.10 11:43:13.713,1.30354,1.30359,2.14,1.12
2018.05.10 11:43:13.884,1.30355,1.30361,1.62,1.13
2018.05.10 11:43:15.055,1.30355,1.30361,1.25,1.69
2018.05.10 11:43:15.573,1.30354,1.30361,4.95,1.50
2018.05.10 11:43:16.094,1.30354,1.30361,4.20,1.00
2018.05.10 11:43:16.535,1.30354,1.30361,4.57,1.00
2018.05.10 11:43:16.850,1.30355,1.30359,1.69,1.00
2018.05.10 11:43:17.081,1.30355,1.30361,1.57,1.10
2018.05.10 11:43:17.591,1.30355,1.30362,3.07,2.51
2018.05.10 11:43:18.193,1.30355,1.30362,1.87,2.70
2018.05.10 11:43:18.826,1.30355,1.30362,1.69,3.08
2018.05.10 11:43:19.287,1.30355,1.3036,1.69,1.31
2018.05.10 11:43:19.885,1.30354,1.3036,1.76,1.31
2018.05.10 11:43:20.420,1.30355,1.3036,1.39,1.69
2018.05.10 11:43:21.095,1.30354,1.30358,1.57,1.25
2018.05.10 11:43:22.147,1.30353,1.30358,1.07,1.12
2018.05.10 11:43:22.648,1.30353,1.30358,1.31,1.12
2018.05.10 11:43:22.978,1.30351,1.30356,4.95,1.00
2018.05.10 11:43:23.491,1.30351,1.30356,2.14,1.00
2018.05.10 11:43:24.169,1.30352,1.30358,1.01,2.33
2018.05.10 11:43:24.574,1.30353,1.30359,1.47,1.57
2018.05.10 11:43:24.677,1.30355,1.30361,1.88,2.44
2018.05.10 11:43:25.138,1.30356,1.30361,3.38,1.00
2018.05.10 11:43:25.662,1.30355,1.30362,4.39,1.85
2018.05.10 11:43:26.557,1.30356,1.30361,1.57,1.00
2018.05.10 11:43:28.479,1.30357,1.30362,1.20,1.25
2018.05.10 11:43:28.795,1.3036,1.30365,1.76,1.00
2018.05.10 11:43:29.134,1.30359,1.30363,1.75,1.00
2018.05.10 11:43:29.650,1.30357,1.30362,5.32,1.00
2018.05.10 11:43:29.909,1.30357,1.30362,3.82,1.00
2018.05.10 11:43:30.014,1.30358,1.30364,2.70,1.25
2018.05.10 11:43:30.549,1.30358,1.30363,1.07,1.00
2018.05.10 11:43:31.066,1.30357,1.30362,2.32,1.00
2018.05.10 11:43:32.016,1.30357,1.30363,1.48,1.57
2018.05.10 11:43:32.553,1.30357,1.30363,1.76,2.51
2018.05.10 11:43:32.917,1.30355,1.3036,3.82,1.00
2018.05.10 11:43:32.970,1.30356,1.3036,1.00,1.12
2018.05.10 11:43:34.559,1.30353,1.30358,2.81,1.00
2018.05.10 11:43:35.028,1.30353,1.30358,1.00,2.89
2018.05.10 11:43:38.397,1.30351,1.30355,1.25,2.44
2018.05.10 11:43:38.454,1.3035,1.30352,1.10,1.00
2018.05.10 11:43:38.513,1.3035,1.30355,2.63,1.00
2018.05.10 11:43:39.029,1.30351,1.30356,1.01,1.12
2018.05.10 11:43:39.196,1.30351,1.30358,3.82,2.62
2018.05.10 11:43:39.497,1.30351,1.30356,3.82,1.00
2018.05.10 11:43:40.133,1.3035,1.30354,2.89,1.00
2018.05.10 11:43:40.237,1.30351,1.30356,1.76,1.12
2018.05.10 11:43:40.744,1.30352,1.30357,1.76,1.50
2018.05.10 11:43:40.797,1.30353,1.30359,1.50,2.89
2018.05.10 11:43:41.344,1.30354,1.30359,1.20,1.50
2018.05.10 11:43:42.533,1.30355,1.30359,1.00,1.12
2018.05.10 11:43:43.331,1.30355,1.3036,2.44,1.50
2018.05.10 11:43:43.938,1.30355,1.30359,1.00,1.00
2018.05.10 11:43:44.443,1.30354,1.30359,2.70,1.00
2018.05.10 11:43:45.763,1.30354,1.30357,1.76,1.00
2018.05.10 11:43:46.279,1.30354,1.30358,1.00,1.25
2018.05.10 11:43:46.794,1.30354,1.30359,1.69,1.00
2018.05.10 11:43:47.308,1.30354,1.30359,1.69,1.00
2018.05.10 11:43:47.829,1.30355,1.3036,2.62,1.12
2018.05.10 11:43:48.347,1.30356,1.3036,1.10,1.00
2018.05.10 11:43:48.869,1.30356,1.30362,1.10,2.32
2018.05.10 11:43:48.947,1.30357,1.30362,1.50,1.95
2018.05.10 11:43:55.078,1.30356,1.3036,2.32,1.00
2018.05.10 11:43:56.156,1.30355,1.3036,5.32,1.00
2018.05.10 11:43:56.897,1.30353,1.3036,5.14,3.75
2018.05.10 11:43:57.001,1.30353,1.30359,4.76,1.00
2018.05.10 11:43:57.520,1.30353,1.3036,2.89,2.81
2018.05.10 11:43:58.050,1.30354,1.3036,1.13,3.75
2018.05.10 11:43:58.709,1.30355,1.3036,1.00,3.75
2018.05.10 11:43:59.999,1.30355,1.30358,1.00,1.12
2018.05.10 11:44:00.206,1.30353,1.30358,1.50,1.95
2018.05.10 11:44:00.365,1.30353,1.3036,2.51,2.14
2018.05.10 11:44:00.883,1.30356,1.3036,1.00,1.00
2018.05.10 11:44:01.448,1.30356,1.30361,1.00,5.14
2018.05.10 11:44:01.888,1.30354,1.30358,2.25,1.00
2018.05.10 11:44:02.048,1.30353,1.30357,1.57,1.12
2018.05.10 11:44:03.186,1.30353,1.30357,1.00,1.25
2018.05.10 11:44:03.943,1.30353,1.30355,1.00,1.25
2018.05.10 11:44:03.997,1.3035,1.30355,1.50,1.31
2018.05.10 11:44:04.049,1.30353,1.30357,1.00,1.39
2018.05.10 11:44:04.572,1.30352,1.30358,4.57,1.01
2018.05.10 11:44:04.944,1.30352,1.30356,3.64,1.00
2018.05.10 11:44:05.604,1.30353,1.30359,1.57,3.26
2018.05.10 11:44:05.866,1.30356,1.30361,1.12,1.69
2018.05.10 11:44:06.122,1.30354,1.30359,2.25,1.25
2018.05.10 11:44:06.430,1.30354,1.30357,1.00,1.00
2018.05.10 11:44:06.941,1.30354,1.30356,1.00,1.00
2018.05.10 11:44:07.485,1.30353,1.30356,1.00,1.00
2018.05.10 11:44:08.089,1.30353,1.30357,1.00,1.76
2018.05.10 11:44:08.404,1.30353,1.30355,1.00,1.00
2018.05.10 11:44:08.928,1.30352,1.30355,1.00,1.00
2018.05.10 11:44:09.448,1.30352,1.30354,1.00,1.00
2018.05.10 11:44:10.509,1.30351,1.30354,1.00,1.00
2018.05.10 11:44:12.416,1.30351,1.30353,1.00,1.00
2018.05.10 11:44:12.603,1.30351,1.30355,1.00,2.32
2018.05.10 11:44:13.120,1.3035,1.30354,2.51,1.00
2018.05.10 11:44:13.758,1.30349,1.30355,5.51,1.50
2018.05.10 11:44:14.065,1.30349,1.30352,1.57,1.00
2018.05.10 11:44:14.117,1.30347,1.30352,1.76,1.12
2018.05.10 11:44:14.428,1.30348,1.30352,3.38,1.00
2018.05.10 11:44:14.480,1.30348,1.30354,2.63,2.63
2018.05.10 11:44:14.637,1.30349,1.30352,1.00,1.88
2018.05.10 11:44:14.689,1.30347,1.30351,1.00,1.44
2018.05.10 11:44:15.234,1.30347,1.30351,1.00,1.25
2018.05.10 11:44:15.963,1.30346,1.30351,1.20,1.25
2018.05.10 11:44:16.589,1.30346,1.30351,1.12,1.19
2018.05.10 11:44:17.457,1.30345,1.30351,2.32,1.58
2018.05.10 11:44:17.637,1.30345,1.30351,1.50,3.45
2018.05.10 11:44:17.741,1.30343,1.30348,3.56,1.87
2018.05.10 11:44:18.306,1.30343,1.30348,1.25,1.12
2018.05.10 11:44:18.514,1.30343,1.30347,1.00,1.76
2018.05.10 11:44:18.822,1.30343,1.30344,1.00,1.00
2018.05.10 11:44:18.939,1.3034,1.30344,1.50,1.25
2018.05.10 11:44:19.197,1.30339,1.30344,1.50,1.25
2018.05.10 11:44:20.073,1.3034,1.30344,1.00,1.00
2018.05.10 11:44:20.176,1.30337,1.30343,4.20,1.44
2018.05.10 11:44:20.279,1.30337,1.30343,1.00,1.76
2018.05.10 11:44:20.637,1.30338,1.30343,2.25,1.10
2018.05.10 11:44:21.075,1.30339,1.30345,2.44,1.00
2018.05.10 11:44:21.540,1.30341,1.30346,2.25,1.00
2018.05.10 11:44:22.058,1.30341,1.30346,1.57,1.31
2018.05.10 11:44:23.146,1.3034,1.30345,3.19,1.00
2018.05.10 11:44:24.298,1.30342,1.30345,1.00,1.00
2018.05.10 11:44:26.559,1.30341,1.30345,1.00,1.00
2018.05.10 11:44:27.808,1.3034,1.30345,3.94,1.25
2018.05.10 11:44:28.944,1.30341,1.30345,1.00,1.00
2018.05.10 11:44:30.139,1.3034,1.30345,4.13,1.25
2018.05.10 11:44:32.980,1.30341,1.30345,1.00,1.00
2018.05.10 11:44:36.339,1.3034,1.30344,1.50,1.25
2018.05.10 11:44:40.136,1.30341,1.30345,1.00,1.25
2018.05.10 11:44:40.712,1.30341,1.30345,1.00,1.19
2018.05.10 11:44:41.255,1.30341,1.30345,1.00,1.12
2018.05.10 11:44:41.783,1.30341,1.30346,1.00,2.89
2018.05.10 11:44:46.231,1.30341,1.30345,1.00,1.50
2018.05.10 11:44:46.739,1.30341,1.30344,1.00,1.12
2018.05.10 11:44:48.030,1.30341,1.30345,1.00,1.00
2018.05.10 11:44:48.978,1.30339,1.30344,3.56,1.00
2018.05.10 11:44:51.702,1.30339,1.30343,2.81,1.00
2018.05.10 11:44:51.945,1.3034,1.30345,1.00,1.69
2018.05.10 11:44:52.496,1.3034,1.30345,1.00,2.25
2018.05.10 11:44:53.024,1.30339,1.30345,1.50,1.19
2018.05.10 11:44:54.449,1.30339,1.30345,1.00,1.25
2018.05.10 11:44:54.707,1.30339,1.30345,2.62,1.00
2018.05.10 11:44:54.912,1.30339,1.30345,2.06,1.00
2018.05.10 11:44:55.434,1.30341,1.30344,1.00,1.00
2018.05.10 11:44:56.543,1.30339,1.30344,1.69,1.00
2018.05.10 11:44:58.840,1.30339,1.30344,1.87,1.19
2018.05.10 11:44:59.408,1.3034,1.30344,1.12,1.50
2018.05.10 11:44:59.582,1.30338,1.30344,4.01,1.95
2018.05.10 11:44:59.685,1.30335,1.30338,1.00,1.00
2018.05.10 11:45:00.195,1.30334,1.30337,1.00,1.50
2018.05.10 11:45:00.387,1.30332,1.30337,1.00,2.89
2018.05.10 11:45:00.889,1.30332,1.30336,1.00,1.25
2018.05.10 11:45:02.337,1.30331,1.30336,1.31,2.25
2018.05.10 11:45:02.895,1.30331,1.30336,1.00,2.62
2018.05.10 11:45:03.410,1.3033,1.30335,2.44,1.00
2018.05.10 11:45:04.669,1.3033,1.30335,1.69,1.50
2018.05.10 11:45:05.947,1.30332,1.30337,1.00,2.25
2018.05.10 11:45:06.091,1.30332,1.30338,1.50,2.89
2018.05.10 11:45:06.664,1.30331,1.30337,1.85,3.64
2018.05.10 11:45:06.857,1.30326,1.3033,1.00,1.57
2018.05.10 11:45:07.066,1.30327,1.30332,1.31,2.32
2018.05.10 11:45:07.584,1.30327,1.30333,4.76,1.10
2018.05.10 11:45:08.107,1.30328,1.30333,1.00,1.57
2018.05.10 11:45:09.612,1.30326,1.30331,4.01,1.25
2018.05.10 11:45:09.923,1.30323,1.30328,2.00,1.10
2018.05.10 11:45:13.040,1.30319,1.30325,1.95,1.12
2018.05.10 11:45:13.396,1.30319,1.30323,1.87,1.00
2018.05.10 11:45:13.551,1.30317,1.3032,1.00,1.00
2018.05.10 11:45:13.896,1.30317,1.30323,1.20,1.20
2018.05.10 11:45:14.050,1.30317,1.30322,3.83,1.00
2018.05.10 11:45:14.567,1.30317,1.30322,3.83,1.00
2018.05.10 11:45:15.936,1.30318,1.30323,2.14,1.00
2018.05.10 11:45:16.245,1.3032,1.30325,4.12,1.10
2018.05.10 11:45:16.349,1.30322,1.30328,3.00,1.57
2018.05.10 11:45:16.637,1.3032,1.30325,2.70,1.00
2018.05.10 11:45:16.741,1.30321,1.30327,1.01,1.20
2018.05.10 11:45:16.845,1.30324,1.30329,1.00,1.82
2018.05.10 11:45:16.949,1.30324,1.3033,2.44,1.95
2018.05.10 11:45:17.105,1.30328,1.30333,1.50,2.32
2018.05.10 11:45:17.224,1.30329,1.30333,1.50,1.20
2018.05.10 11:45:17.724,1.30331,1.30334,1.31,1.00
2018.05.10 11:45:17.776,1.30331,1.30337,2.89,2.32
2018.05.10 11:45:18.274,1.30332,1.30338,1.95,1.10
2018.05.10 11:45:18.887,1.30332,1.30336,1.75,1.00
2018.05.10 11:45:18.940,1.30331,1.30335,1.00,1.50
2018.05.10 11:45:19.534,1.3033,1.30335,1.12,1.57
2018.05.10 11:45:19.795,1.30325,1.30328,3.07,1.00
2018.05.10 11:45:20.102,1.30325,1.30326,1.00,1.00
2018.05.10 11:45:20.753,1.30325,1.30327,1.00,1.50
2018.05.10 11:45:20.855,1.30323,1.30327,1.00,1.50
2018.05.10 11:45:21.364,1.30323,1.30326,1.00,1.00
2018.05.10 11:45:21.875,1.30323,1.30327,1.00,1.10
2018.05.10 11:45:22.287,1.30321,1.30325,1.01,1.00
2018.05.10 11:45:22.620,1.3032,1.30322,1.00,1.50
2018.05.10 11:45:23.224,1.3032,1.30323,1.00,1.50
2018.05.10 11:45:23.549,1.30321,1.30325,1.19,1.20
2018.05.10 11:45:23.656,1.30321,1.30327,1.62,2.32
2018.05.10 11:45:23.784,1.30323,1.30328,1.44,1.12
2018.05.10 11:45:24.107,1.30325,1.3033,1.50,1.20
2018.05.10 11:45:24.885,1.30323,1.30328,2.89,1.00
2018.05.10 11:45:24.937,1.30323,1.30328,1.39,1.00
2018.05.10 11:45:25.448,1.30323,1.30328,2.25,1.10
2018.05.10 11:45:25.654,1.30323,1.30325,1.50,1.00
2018.05.10 11:45:25.705,1.30321,1.30324,1.00,1.50
2018.05.10 11:45:26.020,1.30321,1.30326,1.00,1.20
2018.05.10 11:45:26.560,1.30321,1.30325,1.25,1.00
2018.05.10 11:45:26.822,1.30322,1.30328,2.19,1.20
2018.05.10 11:45:27.340,1.30323,1.30328,1.76,1.00
2018.05.10 11:45:27.851,1.30323,1.30328,2.14,1.00
2018.05.10 11:45:28.381,1.30323,1.30328,1.95,1.00
2018.05.10 11:45:28.896,1.30322,1.30325,2.00,1.00
2018.05.10 11:45:29.002,1.30321,1.30324,1.10,1.50
2018.05.10 11:45:29.277,1.30322,1.30327,1.00,1.10
2018.05.10 11:45:29.848,1.30321,1.30326,1.76,1.00
2018.05.10 11:45:30.427,1.30321,1.30326,2.14,1.00
2018.05.10 11:45:30.478,1.30322,1.30328,1.87,2.62
2018.05.10 11:45:31.019,1.30322,1.30328,2.06,1.87
2018.05.10 11:45:32.013,1.30322,1.30328,1.12,2.62
2018.05.10 11:45:32.217,1.30319,1.30325,6.64,1.00
2018.05.10 11:45:32.269,1.3032,1.30323,1.01,1.00
2018.05.10 11:45:32.320,1.3032,1.30326,1.25,2.51
2018.05.10 11:45:32.594,1.3032,1.30321,1.00,1.00
2018.05.10 11:45:32.645,1.30316,1.30321,1.10,1.00
2018.05.10 11:45:33.052,1.30316,1.30319,1.00,1.00
2018.05.10 11:45:33.156,1.30316,1.30321,1.50,1.00
2018.05.10 11:45:33.322,1.30319,1.30324,1.87,1.45
2018.05.10 11:45:33.374,1.3032,1.30325,1.50,1.20
2018.05.10 11:45:33.478,1.3032,1.30325,3.75,1.00
2018.05.10 11:45:33.734,1.30322,1.30327,2.62,1.50
2018.05.10 11:45:34.261,1.30323,1.30327,1.25,1.00
2018.05.10 11:45:34.466,1.30323,1.30325,1.00,1.00
2018.05.10 11:45:34.989,1.3032,1.30324,1.50,1.50
2018.05.10 11:45:35.157,1.3032,1.30322,1.50,1.00
2018.05.10 11:45:35.259,1.30317,1.30322,1.01,1.50
2018.05.10 11:45:36.975,1.30316,1.30322,2.06,2.32
2018.05.10 11:45:37.622,1.30316,1.30322,4.31,1.00
2018.05.10 11:45:37.727,1.30322,1.30326,1.19,2.32
2018.05.10 11:45:37.779,1.30322,1.30326,1.44,1.20
2018.05.10 11:45:38.051,1.30323,1.30327,2.81,1.00
2018.05.10 11:45:38.156,1.30324,1.30329,1.00,1.20
2018.05.10 11:45:38.669,1.30323,1.30329,2.70,1.95
2018.05.10 11:45:39.246,1.30323,1.30328,1.85,1.00
2018.05.10 11:45:40.658,1.30322,1.30327,1.25,1.39
2018.05.10 11:45:40.970,1.30322,1.30323,1.00,1.00
2018.05.10 11:45:41.115,1.30318,1.30322,1.12,1.00
2018.05.10 11:45:42.011,1.30318,1.30322,2.33,1.00
2018.05.10 11:45:42.339,1.30319,1.30324,1.87,1.00
2018.05.10 11:45:42.849,1.30319,1.30324,1.12,1.00
2018.05.10 11:45:43.369,1.30318,1.30324,1.20,1.00
2018.05.10 11:45:44.080,1.30319,1.30323,1.12,1.00
2018.05.10 11:45:47.655,1.30318,1.30324,1.12,1.00
2018.05.10 11:45:48.195,1.30318,1.30324,1.01,1.10
2018.05.10 11:45:48.716,1.30318,1.30323,1.39,1.00
2018.05.10 11:45:49.109,1.30318,1.30321,1.25,1.00
2018.05.10 11:45:49.683,1.30317,1.30322,1.00,1.95
2018.05.10 11:45:50.408,1.30316,1.30322,1.57,1.57
2018.05.10 11:45:51.291,1.30319,1.30322,1.19,1.00
2018.05.10 11:45:51.395,1.3032,1.30325,1.69,1.10
2018.05.10 11:45:51.946,1.3032,1.30327,1.95,4.50
2018.05.10 11:45:52.469,1.30323,1.30327,1.10,2.25
2018.05.10 11:45:52.995,1.30323,1.30327,1.07,2.25
2018.05.10 11:45:53.785,1.30323,1.30327,1.20,2.25
2018.05.10 11:45:54.999,1.30323,1.30324,1.10,1.00
2018.05.10 11:45:55.907,1.30323,1.30325,1.00,1.50
2018.05.10 11:45:56.426,1.30321,1.30325,1.45,1.50
2018.05.10 11:45:56.941,1.30321,1.30324,1.45,1.00
2018.05.10 11:45:57.813,1.30321,1.30323,1.10,1.00
2018.05.10 11:45:58.553,1.3032,1.30323,1.10,1.50
2018.05.10 11:45:59.083,1.3032,1.30322,1.10,1.00
2018.05.10 11:46:01.578,1.30318,1.30322,1.45,1.00
2018.05.10 11:46:02.103,1.30317,1.3032,1.29,1.00
2018.05.10 11:46:02.264,1.30311,1.30317,3.45,1.12
2018.05.10 11:46:03.052,1.30313,1.30317,2.33,1.00
2018.05.10 11:46:03.565,1.30314,1.30319,1.57,1.50
2018.05.10 11:46:05.103,1.30312,1.30319,1.76,2.62
2018.05.10 11:46:05.270,1.30311,1.30316,3.64,1.00
2018.05.10 11:46:05.578,1.3031,1.30315,1.70,1.87
2018.05.10 11:46:06.497,1.30309,1.30315,1.01,2.62
2018.05.10 11:46:08.380,1.3031,1.30315,1.45,2.62
2018.05.10 11:46:08.818,1.30312,1.30317,1.10,1.50
2018.05.10 11:46:09.351,1.30312,1.30317,2.32,1.00
2018.05.10 11:46:09.852,1.30312,1.30318,2.32,1.87
2018.05.10 11:46:10.390,1.30314,1.30318,1.70,1.12
2018.05.10 11:46:10.895,1.30314,1.30319,1.45,2.62
2018.05.10 11:46:12.890,1.30314,1.3032,2.89,2.25
2018.05.10 11:46:13.483,1.30316,1.30321,1.20,1.00
2018.05.10 11:46:13.808,1.3032,1.30326,2.14,4.01
2018.05.10 11:46:14.359,1.30321,1.30326,1.25,2.32
2018.05.10 11:46:14.903,1.30321,1.30326,1.25,1.69
2018.05.10 11:46:16.067,1.30321,1.30326,1.81,1.00
2018.05.10 11:46:17.453,1.30322,1.30326,1.00,1.00
2018.05.10 11:46:17.763,1.30316,1.30322,1.57,2.51
2018.05.10 11:46:19.039,1.30316,1.3032,1.25,1.00
2018.05.10 11:46:20.349,1.30316,1.3032,1.19,1.00
2018.05.10 11:46:20.868,1.30314,1.3032,3.75,1.50
2018.05.10 11:46:21.392,1.30315,1.3032,2.70,1.00
2018.05.10 11:46:22.024,1.30315,1.30321,1.58,1.20
2018.05.10 11:46:22.608,1.30316,1.30322,1.31,4.20
2018.05.10 11:46:23.934,1.30315,1.30322,4.01,4.20
2018.05.10 11:46:24.479,1.30316,1.30322,1.19,4.95
2018.05.10 11:46:25.002,1.30314,1.30318,2.06,1.00
2018.05.10 11:46:25.291,1.30311,1.30316,2.14,1.00
2018.05.10 11:46:25.746,1.30312,1.30318,1.20,3.26
2018.05.10 11:46:26.280,1.30311,1.30316,2.14,1.00
2018.05.10 11:46:26.790,1.30312,1.30317,1.00,1.75
2018.05.10 11:46:27.169,1.30309,1.30315,3.07,1.31
2018.05.10 11:46:31.058,1.30311,1.30315,1.88,1.12
2018.05.10 11:46:31.113,1.30315,1.30318,1.00,1.76
2018.05.10 11:46:31.251,1.30315,1.30321,4.76,1.10
2018.05.10 11:46:31.353,1.30316,1.30322,3.19,1.57
2018.05.10 11:46:31.900,1.30318,1.30323,1.25,3.00
2018.05.10 11:46:32.418,1.30319,1.30323,1.25,2.25
2018.05.10 11:46:32.778,1.3032,1.30326,3.07,1.20
2018.05.10 11:46:32.829,1.30322,1.30326,1.44,1.20
2018.05.10 11:46:33.810,1.3032,1.30325,2.51,1.00
2018.05.10 11:46:33.863,1.30319,1.30324,2.14,2.25
2018.05.10 11:46:33.915,1.30318,1.30324,1.39,2.81
2018.05.10 11:46:34.440,1.30318,1.30324,2.33,2.62
2018.05.10 11:46:34.846,1.30321,1.30326,1.00,3.26
2018.05.10 11:46:34.898,1.30321,1.30327,1.20,2.70
2018.05.10 11:46:35.339,1.30321,1.30327,2.70,1.57
2018.05.10 11:46:36.072,1.30321,1.30327,1.95,1.10
2018.05.10 11:46:36.740,1.30321,1.30327,1.20,1.01
2018.05.10 11:46:37.048,1.30318,1.30324,2.14,1.39
2018.05.10 11:46:37.604,1.30317,1.30323,2.62,1.13
2018.05.10 11:46:38.123,1.30318,1.30324,2.44,3.26
2018.05.10 11:46:38.716,1.30317,1.30323,2.25,2.70
2018.05.10 11:46:39.260,1.30317,1.30323,1.25,3.08
2018.05.10 11:46:39.784,1.30316,1.30321,1.76,1.00
2018.05.10 11:46:40.281,1.30316,1.30321,2.44,1.10
2018.05.10 11:46:40.851,1.30316,1.30321,2.06,1.12
2018.05.10 11:46:41.474,1.30317,1.30322,3.64,1.12
2018.05.10 11:46:41.783,1.30322,1.30327,3.83,1.00
2018.05.10 11:46:42.719,1.30322,1.30326,2.14,1.00
2018.05.10 11:46:44.025,1.30322,1.30326,1.10,1.00
2018.05.10 11:46:44.556,1.30322,1.30326,2.14,1.00
2018.05.10 11:46:45.955,1.30321,1.30326,2.89,1.00
2018.05.10 11:46:47.163,1.30322,1.30327,1.76,1.50
2018.05.10 11:46:48.875,1.30322,1.30327,1.39,1.50
2018.05.10 11:46:49.369,1.30322,1.30327,2.33,1.50
2018.05.10 11:46:50.347,1.30322,1.30327,2.14,1.50
2018.05.10 11:46:51.252,1.30322,1.30327,1.39,1.50
2018.05.10 11:46:51.599,1.30327,1.30329,1.00,1.10
2018.05.10 11:46:52.474,1.30325,1.30329,1.50,1.50
2018.05.10 11:46:53.165,1.30325,1.3033,2.44,1.12
2018.05.10 11:46:53.862,1.30325,1.3033,5.25,1.12
2018.05.10 11:46:55.119,1.30327,1.30331,1.00,1.50
2018.05.10 11:46:55.380,1.30322,1.30326,1.31,1.00
2018.05.10 11:46:56.694,1.30322,1.30325,1.00,1.12
2018.05.10 11:46:58.284,1.30322,1.30327,1.00,3.19
2018.05.10 11:46:58.594,1.3032,1.30323,1.00,1.00
2018.05.10 11:46:58.725,1.30317,1.30322,1.39,1.12
2018.05.10 11:46:59.266,1.30319,1.30322,1.00,1.12
2018.05.10 11:47:00.090,1.30318,1.30322,1.25,1.00
2018.05.10 11:47:01.961,1.30317,1.30322,2.81,1.50
2018.05.10 11:47:02.274,1.30322,1.30324,1.00,1.00
2018.05.10 11:47:02.622,1.30326,1.30328,1.00,1.57
2018.05.10 11:47:02.726,1.3033,1.30333,1.00,1.07
2018.05.10 11:47:03.039,1.30332,1.30336,2.25,1.95
2018.05.10 11:47:03.330,1.30332,1.30336,1.00,1.00
2018.05.10 11:47:03.383,1.30331,1.30335,1.57,2.25
2018.05.10 11:47:03.539,1.30329,1.30334,1.00,1.87
2018.05.10 11:47:03.749,1.30326,1.3033,1.00,1.12
2018.05.10 11:47:03.943,1.30324,1.30329,1.50,1.10
2018.05.10 11:47:04.049,1.30323,1.30328,1.57,2.25
2018.05.10 11:47:04.412,1.30324,1.30328,1.44,2.25
2018.05.10 11:47:04.946,1.30324,1.30328,1.25,2.25
2018.05.10 11:47:05.050,1.30326,1.30329,1.00,1.00
2018.05.10 11:47:05.156,1.30328,1.30329,1.00,1.00
2018.05.10 11:47:05.788,1.30327,1.30329,1.00,1.00
2018.05.10 11:47:05.892,1.30324,1.30329,1.95,1.50
2018.05.10 11:47:05.944,1.30323,1.30328,1.57,3.75
2018.05.10 11:47:06.259,1.30322,1.30325,1.00,2.25
2018.05.10 11:47:07.373,1.30322,1.30326,1.00,1.10
2018.05.10 11:47:08.208,1.30322,1.30326,1.25,1.50
2018.05.10 11:47:08.862,1.30323,1.30326,1.25,1.50
2018.05.10 11:47:09.323,1.30321,1.30324,1.00,1.00
2018.05.10 11:47:09.499,1.30319,1.30323,1.25,1.00
2018.05.10 11:47:09.926,1.30322,1.30324,1.00,1.57
2018.05.10 11:47:09.978,1.3032,1.30324,1.25,1.57
2018.05.10 11:47:10.029,1.30322,1.30324,1.00,1.00
2018.05.10 11:47:10.584,1.30322,1.30325,1.00,1.50
2018.05.10 11:47:11.169,1.30322,1.30326,1.00,3.38
2018.05.10 11:47:11.412,1.3032,1.30325,1.25,1.48
2018.05.10 11:47:12.046,1.3032,1.30324,1.50,1.50
2018.05.10 11:47:13.552,1.30319,1.30322,1.00,3.19
2018.05.10 11:47:13.864,1.30314,1.30319,1.88,3.26
2018.05.10 11:47:14.474,1.30314,1.30319,1.69,3.26
2018.05.10 11:47:15.757,1.30314,1.30319,1.69,2.32
2018.05.10 11:47:15.915,1.30315,1.30319,1.19,1.57
2018.05.10 11:47:16.452,1.30315,1.30319,1.00,1.57
2018.05.10 11:47:16.607,1.30313,1.30319,2.14,1.57
2018.05.10 11:47:17.208,1.30314,1.30319,1.25,1.57
2018.05.10 11:47:18.061,1.30314,1.30319,1.00,1.95
2018.05.10 11:47:18.674,1.30315,1.30319,1.00,3.45
2018.05.10 11:47:19.198,1.30314,1.30319,1.00,3.82
2018.05.10 11:47:19.736,1.30315,1.30319,1.00,2.89
2018.05.10 11:47:20.400,1.30314,1.30319,1.25,3.45
2018.05.10 11:47:20.958,1.30315,1.30318,1.00,1.10
2018.05.10 11:47:21.841,1.30315,1.3032,1.25,2.32
2018.05.10 11:47:23.423,1.30317,1.30322,1.13,3.45
2018.05.10 11:47:23.953,1.30317,1.30322,1.19,3.07
2018.05.10 11:47:24.469,1.30315,1.3032,4.69,1.00
2018.05.10 11:47:24.971,1.30315,1.3032,2.44,4.39
2018.05.10 11:47:25.557,1.30314,1.3032,2.81,2.06
2018.05.10 11:47:25.935,1.30315,1.30321,3.00,5.70
2018.05.10 11:47:25.987,1.30316,1.30321,1.44,2.51
2018.05.10 11:47:26.519,1.30317,1.30323,2.14,2.32
2018.05.10 11:47:26.905,1.30318,1.30324,1.44,1.25
2018.05.10 11:47:27.111,1.30318,1.30322,1.25,1.00
2018.05.10 11:47:27.940,1.30318,1.30324,1.20,3.26
2018.05.10 11:47:28.096,1.30321,1.30326,1.00,2.32
2018.05.10 11:47:28.597,1.30321,1.30327,3.08,1.57
2018.05.10 11:47:29.137,1.30322,1.30328,1.44,5.44
2018.05.10 11:47:29.241,1.30322,1.30328,1.44,3.56
2018.05.10 11:47:29.756,1.30322,1.30327,1.44,1.10
2018.05.10 11:47:30.296,1.30322,1.30327,1.25,1.01
2018.05.10 11:47:30.752,1.30322,1.30325,1.00,1.57
2018.05.10 11:47:30.907,1.30322,1.30326,1.00,3.83
2018.05.10 11:47:31.274,1.30324,1.30328,1.00,4.39
2018.05.10 11:47:31.779,1.30322,1.30327,1.76,1.50
2018.05.10 11:47:32.300,1.30322,1.30327,1.76,1.12
2018.05.10 11:47:33.012,1.30322,1.30327,1.76,1.12
2018.05.10 11:47:33.517,1.30322,1.30327,1.95,1.00
2018.05.10 11:47:37.575,1.30322,1.30326,1.29,1.00
2018.05.10 11:47:38.105,1.30322,1.30327,1.29,2.00
2018.05.10 11:47:40.297,1.30322,1.30327,1.29,1.12
2018.05.10 11:47:40.350,1.30321,1.30325,2.70,1.00
2018.05.10 11:47:40.680,1.30325,1.3033,1.69,2.89
2018.05.10 11:47:40.992,1.30326,1.30331,1.19,1.75
2018.05.10 11:47:41.574,1.30323,1.30327,1.25,1.50
2018.05.10 11:47:41.729,1.30326,1.30327,1.00,1.00
2018.05.10 11:47:42.692,1.30326,1.3033,1.00,3.07
2018.05.10 11:47:43.530,1.30327,1.30331,1.00,1.95
2018.05.10 11:47:43.871,1.3033,1.30332,1.00,1.00
2018.05.10 11:47:43.930,1.30332,1.30335,1.00,3.45
2018.05.10 11:47:43.983,1.3033,1.30335,1.88,3.45
2018.05.10 11:47:44.475,1.30333,1.30336,1.50,1.85
2018.05.10 11:47:44.535,1.30334,1.30338,1.00,1.57
2018.05.10 11:47:45.155,1.30333,1.30336,1.00,1.00
2018.05.10 11:47:45.345,1.3033,1.30335,1.69,1.50
2018.05.10 11:47:45.859,1.30331,1.30335,1.25,1.50
2018.05.10 11:47:46.403,1.30332,1.30336,1.00,3.45
2018.05.10 11:47:46.924,1.30332,1.30335,1.00,1.00
2018.05.10 11:47:47.181,1.30334,1.30335,1.00,1.00
2018.05.10 11:47:47.307,1.30333,1.30338,1.25,1.12
2018.05.10 11:47:47.465,1.30338,1.30341,1.00,1.47
2018.05.10 11:47:47.569,1.3034,1.30344,1.25,3.19
2018.05.10 11:47:47.621,1.30337,1.30344,2.51,2.25
2018.05.10 11:47:47.991,1.30341,1.30345,1.00,3.82
2018.05.10 11:47:48.197,1.30338,1.30342,1.12,1.00
2018.05.10 11:47:48.301,1.30336,1.3034,2.32,1.00
2018.05.10 11:47:48.835,1.30337,1.30342,1.10,1.88
2018.05.10 11:47:49.155,1.30333,1.30337,1.20,1.25
2018.05.10 11:47:49.387,1.30333,1.30339,1.20,2.70
2018.05.10 11:47:49.968,1.30333,1.30337,1.76,1.00
2018.05.10 11:47:50.332,1.30334,1.30339,1.25,1.57
2018.05.10 11:47:50.911,1.30335,1.30339,1.00,1.50
2018.05.10 11:47:52.517,1.30336,1.30339,1.00,1.00
2018.05.10 11:47:52.673,1.30338,1.3034,1.25,1.69
2018.05.10 11:47:52.726,1.30338,1.30342,1.00,1.57
2018.05.10 11:47:53.085,1.30337,1.30343,1.39,1.25
2018.05.10 11:47:53.628,1.30338,1.30343,1.88,1.00
2018.05.10 11:47:53.985,1.30339,1.30342,1.00,1.76
2018.05.10 11:47:54.293,1.30337,1.30342,1.00,3.82
2018.05.10 11:47:55.102,1.30334,1.30339,1.57,1.12
2018.05.10 11:47:55.620,1.30333,1.30338,1.50,1.10
2018.05.10 11:47:56.312,1.30332,1.30338,1.88,1.12
2018.05.10 11:47:56.518,1.30333,1.30336,1.00,1.13
2018.05.10 11:47:56.623,1.30331,1.30336,1.50,1.47
2018.05.10 11:47:56.895,1.30333,1.30337,1.00,3.64
2018.05.10 11:47:57.102,1.30335,1.30341,2.06,1.57
2018.05.10 11:47:57.155,1.30336,1.30341,2.63,1.76
2018.05.10 11:47:57.464,1.30339,1.30341,1.00,1.39
2018.05.10 11:47:57.616,1.30337,1.30341,1.00,1.39
2018.05.10 11:47:58.125,1.30336,1.30341,1.50,1.39
2018.05.10 11:47:58.961,1.30336,1.30341,1.31,1.39
2018.05.10 11:47:59.521,1.30338,1.30341,1.00,1.69
2018.05.10 11:47:59.830,1.30337,1.30342,3.64,1.00
2018.05.10 11:48:00.382,1.30338,1.30344,1.10,1.95
2018.05.10 11:48:00.917,1.30339,1.30344,1.25,1.00
2018.05.10 11:48:00.971,1.30341,1.30347,1.00,8.32
2018.05.10 11:48:01.024,1.30341,1.30347,1.10,1.95
2018.05.10 11:48:01.563,1.30341,1.30347,1.25,2.14
2018.05.10 11:48:01.769,1.30338,1.30344,1.57,2.89
2018.05.10 11:48:01.976,1.30336,1.30342,1.76,1.25
2018.05.10 11:48:02.199,1.30334,1.3034,1.01,1.95
2018.05.10 11:48:02.505,1.30334,1.30339,1.10,1.44
2018.05.10 11:48:03.039,1.30334,1.30337,1.00,1.00
2018.05.10 11:48:04.484,1.30334,1.30338,1.00,1.95
2018.05.10 11:48:04.587,1.30332,1.30338,2.14,1.88
2018.05.10 11:48:05.112,1.30332,1.30337,2.14,1.12
2018.05.10 11:48:05.716,1.30331,1.30336,1.45,1.25
2018.05.10 11:48:05.768,1.30329,1.30334,3.45,1.00
2018.05.10 11:48:05.819,1.30329,1.30334,1.58,1.00
2018.05.10 11:48:06.472,1.3033,1.30335,1.00,1.69
2018.05.10 11:48:06.977,1.30329,1.30334,1.58,1.00
2018.05.10 11:48:07.574,1.30329,1.30334,1.39,1.00
2018.05.10 11:48:08.661,1.30328,1.30334,1.39,1.20
2018.05.10 11:48:08.714,1.30327,1.30331,1.01,1.00
2018.05.10 11:48:10.038,1.30325,1.3033,3.45,1.00
2018.05.10 11:48:10.560,1.30327,1.30332,4.01,1.50
2018.05.10 11:48:11.118,1.30327,1.30332,3.38,1.12
2018.05.10 11:48:11.669,1.30327,1.30332,1.31,1.12
2018.05.10 11:48:12.324,1.30326,1.30331,1.95,1.00
2018.05.10 11:48:13.076,1.30326,1.30331,1.95,1.00
2018.05.10 11:48:13.344,1.3033,1.30335,3.07,1.12
2018.05.10 11:48:13.396,1.30331,1.30337,1.88,1.57
2018.05.10 11:48:13.717,1.30336,1.30338,1.20,1.00
2018.05.10 11:48:13.930,1.30336,1.3034,2.32,1.00
2018.05.10 11:48:14.035,1.30338,1.30341,1.70,1.12
2018.05.10 11:48:14.570,1.30339,1.30341,1.47,1.12
2018.05.10 11:48:15.089,1.30338,1.30341,1.45,1.88
2018.05.10 11:48:15.597,1.3034,1.30341,1.20,1.00
2018.05.10 11:48:15.702,1.3034,1.30343,1.47,1.00
2018.05.10 11:48:16.077,1.3034,1.30346,1.00,2.70
2018.05.10 11:48:16.130,1.3034,1.30346,4.01,1.10
2018.05.10 11:48:16.390,1.30342,1.30348,1.39,2.32
2018.05.10 11:48:16.997,1.3034,1.30343,1.10,1.00
2018.05.10 11:48:17.541,1.30338,1.30345,1.39,2.63
2018.05.10 11:48:17.847,1.3034,1.30345,1.45,2.63
2018.05.10 11:48:18.389,1.3034,1.30344,1.20,2.25
2018.05.10 11:48:18.654,1.30338,1.30342,1.70,1.12
2018.05.10 11:48:19.241,1.30338,1.30344,1.76,2.25
2018.05.10 11:48:19.293,1.30338,1.30344,1.64,1.87
2018.05.10 11:48:19.345,1.30336,1.30343,4.76,1.88
2018.05.10 11:48:19.655,1.30332,1.30338,2.70,2.25
2018.05.10 11:48:20.862,1.30333,1.30338,1.01,1.25
2018.05.10 11:48:21.487,1.30332,1.30337,1.76,1.00
2018.05.10 11:48:22.503,1.3033,1.30335,3.45,1.00
2018.05.10 11:48:22.607,1.30331,1.30334,1.10,1.00
2018.05.10 11:48:23.116,1.30329,1.30335,3.08,1.50
2018.05.10 11:48:23.692,1.30329,1.30335,3.08,1.50
2018.05.10 11:48:24.232,1.30329,1.30335,2.89,1.12
2018.05.10 11:48:24.788,1.30331,1.30337,1.20,1.85
2018.05.10 11:48:24.993,1.30332,1.30337,1.31,1.12
2018.05.10 11:48:25.514,1.30331,1.30336,1.76,1.00
2018.05.10 11:48:26.099,1.30331,1.30336,1.39,1.12
2018.05.10 11:48:26.631,1.30331,1.30336,1.39,1.12
2018.05.10 11:48:27.849,1.30329,1.30334,2.51,1.00
2018.05.10 11:48:27.901,1.30329,1.30335,1.01,3.00
2018.05.10 11:48:27.952,1.30328,1.30335,2.51,2.70
2018.05.10 11:48:28.207,1.3033,1.30335,1.31,2.32
2018.05.10 11:48:28.718,1.30331,1.30336,1.10,1.12
2018.05.10 11:48:29.245,1.30332,1.30337,1.19,3.07
2018.05.10 11:48:29.796,1.30332,1.30337,1.31,1.10
2018.05.10 11:48:30.287,1.30332,1.30335,2.06,1.00
2018.05.10 11:48:30.497,1.30331,1.30337,2.70,1.00
2018.05.10 11:48:30.858,1.30331,1.30335,1.12,1.00
2018.05.10 11:48:31.095,1.30331,1.30337,2.14,1.57
2018.05.10 11:48:31.725,1.30331,1.30337,1.01,1.76
2018.05.10 11:48:32.280,1.30331,1.30337,1.19,1.95
2018.05.10 11:48:32.813,1.30331,1.30336,1.25,1.10
2018.05.10 11:48:33.320,1.30331,1.30336,1.29,1.00
2018.05.10 11:48:33.632,1.30331,1.30338,1.95,1.39
2018.05.10 11:48:34.225,1.30331,1.30338,3.64,2.33
2018.05.10 11:48:34.613,1.30331,1.30337,1.01,1.39
2018.05.10 11:48:35.328,1.30331,1.30336,1.39,1.00
2018.05.10 11:48:35.645,1.30334,1.3034,2.51,1.12
2018.05.10 11:48:36.861,1.30334,1.30339,1.12,1.25
2018.05.10 11:48:37.374,1.30334,1.30339,1.31,1.39
2018.05.10 11:48:37.917,1.30334,1.3034,2.25,1.57
2018.05.10 11:48:38.699,1.30334,1.3034,2.06,1.76
2018.05.10 11:48:39.212,1.30335,1.3034,1.00,1.57
2018.05.10 11:48:40.257,1.30335,1.3034,1.00,1.12
2018.05.10 11:48:40.945,1.30334,1.30339,1.12,1.00
2018.05.10 11:48:41.286,1.3033,1.30334,1.00,1.87
2018.05.10 11:48:41.649,1.30331,1.30336,1.19,1.85
2018.05.10 11:48:42.160,1.30331,1.30336,1.00,1.76
2018.05.10 11:48:42.447,1.30331,1.30336,1.25,1.39
2018.05.10 11:48:44.573,1.30331,1.30336,1.19,1.12
2018.05.10 11:48:44.679,1.30332,1.30338,2.32,1.95
2018.05.10 11:48:44.733,1.30336,1.30339,1.00,1.45
2018.05.10 11:48:44.840,1.30335,1.30342,3.94,1.45
2018.05.10 11:48:44.945,1.30337,1.30342,1.39,1.50
2018.05.10 11:48:45.202,1.30342,1.30347,1.69,1.10
2018.05.10 11:48:45.314,1.30343,1.30349,1.75,2.51
2018.05.10 11:48:45.420,1.30342,1.30347,1.20,1.12
2018.05.10 11:48:45.561,1.30341,1.30345,1.50,1.00
2018.05.10 11:48:45.772,1.30343,1.30349,1.57,3.45
2018.05.10 11:48:45.824,1.30343,1.30349,3.00,1.10
2018.05.10 11:48:46.330,1.30343,1.30348,3.45,1.00
2018.05.10 11:48:46.539,1.30345,1.3035,1.12,1.20
2018.05.10 11:48:46.883,1.30347,1.30353,3.00,2.51
2018.05.10 11:48:47.407,1.30346,1.30351,3.00,1.25
2018.05.10 11:48:47.616,1.30344,1.30351,1.76,2.63
2018.05.10 11:48:48.150,1.30343,1.30349,1.57,1.00
2018.05.10 11:48:48.511,1.30341,1.30346,5.14,1.00
2018.05.10 11:48:48.613,1.30342,1.30348,1.20,2.14
2018.05.10 11:48:49.121,1.30342,1.30349,3.83,1.95
2018.05.10 11:48:49.679,1.30342,1.30349,3.07,1.39
2018.05.10 11:48:50.081,1.30343,1.30349,1.29,1.20
2018.05.10 11:48:50.237,1.30342,1.30349,2.89,2.14
2018.05.10 11:48:50.754,1.30342,1.30349,2.89,1.69
2018.05.10 11:48:51.335,1.30342,1.30349,4.58,1.12
2018.05.10 11:48:51.903,1.30343,1.30348,1.39,1.00
2018.05.10 11:48:52.422,1.30344,1.30348,1.10,1.00
2018.05.10 11:48:53.115,1.30344,1.3035,1.01,1.47
2018.05.10 11:48:53.705,1.30344,1.3035,1.89,1.31
2018.05.10 11:48:53.975,1.30344,1.30348,1.64,1.00
2018.05.10 11:48:55.115,1.30344,1.30348,1.25,1.00
2018.05.10 11:48:55.669,1.30344,1.30348,1.95,1.00
2018.05.10 11:48:56.787,1.30344,1.30349,2.14,1.12
2018.05.10 11:48:57.783,1.30344,1.30348,1.76,1.00
2018.05.10 11:48:59.040,1.30344,1.30348,1.20,1.00
2018.05.10 11:48:59.353,1.30346,1.30351,1.50,1.29
2018.05.10 11:48:59.461,1.30349,1.30354,1.00,1.20
2018.05.10 11:48:59.994,1.30348,1.30355,3.07,2.70
2018.05.10 11:49:00.501,1.3035,1.30355,1.25,2.06
2018.05.10 11:49:00.612,1.30352,1.30358,1.31,1.20
2018.05.10 11:49:01.120,1.30352,1.30358,2.89,1.00
2018.05.10 11:49:02.106,1.30351,1.30354,2.70,1.00
2018.05.10 11:49:02.615,1.30351,1.30354,1.00,1.00
2018.05.10 11:49:03.213,1.3035,1.30354,1.10,1.00
2018.05.10 11:49:04.165,1.3035,1.30355,1.00,1.01
2018.05.10 11:49:04.498,1.30348,1.30352,1.00,1.00
2018.05.10 11:49:04.912,1.30346,1.30349,2.44,1.00
2018.05.10 11:49:05.015,1.30344,1.30348,1.25,1.00
2018.05.10 11:49:05.549,1.30344,1.30348,1.29,1.00
2018.05.10 11:49:06.146,1.30344,1.30349,1.01,1.00
2018.05.10 11:49:06.667,1.30343,1.30348,4.01,1.00
2018.05.10 11:49:07.183,1.30343,1.30349,1.76,1.00
2018.05.10 11:49:07.520,1.30343,1.30347,1.01,1.00
2018.05.10 11:49:07.572,1.30342,1.30346,2.32,1.13
2018.05.10 11:49:07.675,1.30341,1.30343,1.00,1.00
2018.05.10 11:49:08.055,1.3034,1.30345,2.44,1.50
2018.05.10 11:49:08.579,1.3034,1.30344,1.50,1.00
2018.05.10 11:49:09.169,1.30338,1.30344,4.76,1.00
2018.05.10 11:49:10.204,1.30338,1.30343,3.26,1.00
2018.05.10 11:49:10.411,1.30339,1.30345,1.66,2.70
2018.05.10 11:49:10.618,1.3034,1.30343,1.87,1.00
2018.05.10 11:49:10.725,1.30337,1.30342,1.57,1.00
2018.05.10 11:49:10.901,1.30338,1.30342,1.12,1.00
2018.05.10 11:49:11.056,1.30337,1.30341,1.64,1.00
2018.05.10 11:49:11.595,1.30337,1.30342,1.87,1.25
2018.05.10 11:49:12.108,1.30337,1.30343,1.76,1.87
2018.05.10 11:49:12.654,1.3034,1.30344,1.95,1.12
2018.05.10 11:49:13.243,1.3034,1.30344,2.32,1.00
2018.05.10 11:49:14.007,1.3034,1.30343,1.01,1.00
2018.05.10 11:49:14.559,1.30339,1.30343,2.89,1.00
2018.05.10 11:49:14.816,1.30339,1.30341,1.57,1.00
2018.05.10 11:49:15.271,1.30339,1.30343,1.00,1.00
2018.05.10 11:49:15.426,1.3034,1.30343,2.44,1.10
2018.05.10 11:49:15.973,1.30341,1.30344,1.76,1.00
2018.05.10 11:49:17.043,1.30341,1.30345,1.76,1.00
2018.05.10 11:49:18.327,1.30342,1.30344,1.00,1.00
2018.05.10 11:49:18.846,1.30341,1.30343,1.10,1.00
2018.05.10 11:49:19.214,1.3034,1.30342,2.51,1.00
2018.05.10 11:49:19.755,1.30341,1.30342,1.00,1.00
2018.05.10 11:49:19.808,1.30341,1.30344,1.57,1.00
2018.05.10 11:49:19.861,1.30341,1.30346,1.20,1.12
2018.05.10 11:49:19.988,1.30345,1.30347,1.00,1.10
2018.05.10 11:49:20.302,1.30343,1.30345,1.00,1.00
2018.05.10 11:49:20.807,1.30343,1.30346,1.00,1.00
2018.05.10 11:49:21.105,1.30343,1.30348,1.10,1.12
2018.05.10 11:49:21.620,1.30344,1.30347,1.50,1.00
2018.05.10 11:49:21.905,1.30345,1.30351,2.63,2.44
2018.05.10 11:49:21.958,1.30347,1.30352,1.19,2.14
2018.05.10 11:49:22.266,1.30346,1.3035,3.64,1.00
2018.05.10 11:49:23.840,1.30346,1.30349,1.76,1.00
2018.05.10 11:49:25.114,1.30346,1.30349,1.20,1.00
2018.05.10 11:49:25.556,1.30343,1.30348,3.45,1.50
2018.05.10 11:49:25.659,1.30342,1.30346,5.51,1.00
2018.05.10 11:49:26.168,1.30342,1.30345,3.19,1.00
2018.05.10 11:49:26.708,1.30342,1.30344,1.25,1.00
2018.05.10 11:49:27.255,1.30341,1.30344,1.01,1.00
2018.05.10 11:49:27.789,1.30341,1.30345,1.01,1.50
2018.05.10 11:49:28.305,1.30342,1.30344,1.00,1.50
2018.05.10 11:49:28.818,1.30341,1.30345,1.57,1.50
2018.05.10 11:49:29.125,1.30341,1.30343,1.50,1.00
2018.05.10 11:49:30.144,1.30341,1.30344,1.50,1.00
2018.05.10 11:49:31.019,1.30341,1.30344,1.50,1.00
2018.05.10 11:49:31.300,1.30341,1.30346,1.50,1.57
2018.05.10 11:49:34.568,1.30345,1.3035,1.31,1.57
2018.05.10 11:49:34.619,1.30345,1.3035,2.25,1.12
2018.05.10 11:49:34.827,1.30348,1.30352,1.12,1.00
2018.05.10 11:49:35.348,1.30348,1.30351,2.14,1.00
2018.05.10 11:49:35.502,1.30348,1.30353,1.29,1.12
2018.05.10 11:49:36.054,1.30348,1.30354,3.26,1.00
2018.05.10 11:49:37.366,1.30349,1.30354,1.25,1.00
2018.05.10 11:49:37.895,1.30348,1.30354,1.01,1.00
2018.05.10 11:49:38.423,1.30349,1.30354,1.00,1.00
2018.05.10 11:49:39.065,1.30348,1.30354,1.76,1.00
2018.05.10 11:49:39.588,1.30349,1.30354,1.00,1.00
2018.05.10 11:49:40.436,1.30348,1.30354,2.51,1.10
2018.05.10 11:49:40.799,1.30349,1.30353,1.44,1.00
2018.05.10 11:49:41.314,1.30349,1.30354,1.87,1.57
2018.05.10 11:49:41.845,1.3035,1.30354,1.00,1.50
2018.05.10 11:49:42.275,1.30353,1.30356,1.31,1.00
2018.05.10 11:49:42.480,1.30353,1.30358,2.89,1.12
2018.05.10 11:49:42.582,1.30352,1.30355,3.07,1.00
2018.05.10 11:49:42.739,1.30352,1.30357,3.00,1.57
2018.05.10 11:49:42.792,1.30352,1.30355,2.25,1.00
2018.05.10 11:49:43.101,1.30351,1.30352,1.00,1.00
2018.05.10 11:49:43.434,1.30351,1.30354,1.00,1.00
2018.05.10 11:49:44.109,1.3035,1.30355,4.69,1.00
2018.05.10 11:49:45.215,1.30354,1.30356,1.00,1.00
2018.05.10 11:49:45.321,1.30355,1.30359,1.12,1.10
2018.05.10 11:49:45.477,1.30357,1.3036,1.00,1.87
2018.05.10 11:49:47.204,1.30356,1.3036,1.50,1.00
2018.05.10 11:49:47.820,1.30357,1.3036,1.00,1.00
2018.05.10 11:49:48.179,1.30356,1.30357,1.00,1.00
2018.05.10 11:49:48.284,1.30353,1.30357,1.20,1.00
2018.05.10 11:49:49.239,1.30351,1.30357,2.32,4.76
2018.05.10 11:49:49.775,1.30351,1.30355,1.00,1.50
2018.05.10 11:49:50.535,1.30349,1.30351,1.50,1.00
2018.05.10 11:49:50.728,1.30347,1.3035,1.69,1.00
2018.05.10 11:49:51.486,1.30345,1.3035,1.00,1.12
2018.05.10 11:49:52.011,1.30345,1.30349,1.25,1.00
2018.05.10 11:49:52.561,1.30345,1.3035,1.25,1.10
2018.05.10 11:49:53.435,1.30345,1.3035,1.31,1.10
2018.05.10 11:49:53.944,1.30345,1.30349,1.50,1.00
2018.05.10 11:49:54.618,1.30346,1.3035,1.31,1.00
2018.05.10 11:49:55.135,1.30347,1.30351,1.00,1.00
2018.05.10 11:49:56.084,1.30347,1.3035,1.25,1.00
2018.05.10 11:49:59.334,1.30347,1.3035,1.69,1.00
2018.05.10 11:49:59.875,1.30347,1.30351,1.31,1.50
2018.05.10 11:50:00.283,1.30347,1.30353,1.88,1.50
2018.05.10 11:50:00.461,1.30349,1.30354,2.06,1.95
2018.05.10 11:50:01.085,1.3035,1.30353,1.00,1.00
2018.05.10 11:50:01.239,1.30351,1.30355,1.12,1.95
2018.05.10 11:50:01.566,1.30353,1.30358,1.69,1.95
2018.05.10 11:50:01.670,1.30353,1.30358,1.31,1.10
2018.05.10 11:50:01.826,1.30353,1.3036,1.76,1.57
2018.05.10 11:50:02.136,1.30357,1.3036,1.00,1.20
2018.05.10 11:50:02.424,1.30356,1.30362,2.51,1.20
2018.05.10 11:50:02.479,1.30359,1.30364,1.00,2.70
2018.05.10 11:50:03.154,1.30358,1.30362,1.10,1.50
2018.05.10 11:50:03.259,1.30355,1.3036,2.32,1.12
2018.05.10 11:50:04.084,1.30354,1.3036,1.76,2.14
2018.05.10 11:50:04.263,1.30354,1.3036,1.95,2.14
2018.05.10 11:50:04.367,1.30354,1.3036,1.00,2.32
2018.05.10 11:50:04.421,1.30357,1.30361,1.00,1.57
2018.05.10 11:50:04.525,1.30359,1.30364,1.00,3.07
2018.05.10 11:50:04.693,1.30362,1.30367,1.25,1.39
2018.05.10 11:50:04.747,1.30363,1.30369,1.50,3.07
2018.05.10 11:50:04.800,1.30364,1.30369,1.69,1.20
2018.05.10 11:50:04.852,1.30365,1.3037,1.19,2.70
2018.05.10 11:50:05.369,1.30364,1.3037,1.76,1.50
2018.05.10 11:50:05.897,1.30365,1.3037,1.76,1.00
2018.05.10 11:50:06.410,1.30365,1.3037,1.95,1.00
2018.05.10 11:50:06.896,1.30363,1.30365,1.00,1.69
2018.05.10 11:50:06.948,1.3036,1.30363,2.89,1.00
2018.05.10 11:50:07.052,1.3036,1.30361,1.00,1.00
2018.05.10 11:50:07.104,1.30357,1.30359,1.00,1.00
2018.05.10 11:50:07.156,1.30354,1.30359,1.39,1.00
2018.05.10 11:50:07.412,1.30354,1.30357,1.25,1.00
2018.05.10 11:50:07.823,1.30354,1.30359,2.06,1.10
2018.05.10 11:50:07.982,1.30357,1.30363,1.31,2.32
2018.05.10 11:50:08.557,1.30358,1.30362,1.19,1.12
2018.05.10 11:50:09.172,1.30358,1.30361,1.31,1.20
2018.05.10 11:50:09.697,1.30359,1.30361,1.25,1.20
2018.05.10 11:50:10.227,1.30357,1.30361,2.44,1.20
2018.05.10 11:50:10.485,1.30356,1.3036,2.19,1.45
2018.05.10 11:50:11.257,1.30357,1.3036,1.69,1.20
2018.05.10 11:50:11.975,1.30357,1.30361,1.19,1.45
2018.05.10 11:50:12.491,1.30357,1.30362,1.69,2.32
2018.05.10 11:50:12.696,1.30353,1.30357,2.32,1.00
2018.05.10 11:50:12.954,1.30352,1.30354,1.25,1.00
2018.05.10 11:50:13.446,1.30353,1.30355,1.00,1.20
2018.05.10 11:50:13.953,1.30353,1.30355,1.25,1.45
2018.05.10 11:50:14.485,1.30352,1.30355,1.50,1.20
2018.05.10 11:50:15.016,1.30352,1.30355,1.00,1.95
2018.05.10 11:50:15.351,1.3035,1.30352,1.25,1.20
2018.05.10 11:50:15.866,1.30351,1.30354,1.12,2.70
2018.05.10 11:50:16.425,1.3035,1.30354,1.25,3.07
2018.05.10 11:50:16.982,1.30351,1.30354,1.00,3.07
2018.05.10 11:50:17.514,1.30351,1.30353,1.00,1.20
2018.05.10 11:50:18.017,1.3035,1.30353,1.25,1.20
2018.05.10 11:50:18.539,1.3035,1.30353,1.25,1.20
2018.05.10 11:50:19.003,1.30352,1.30353,1.00,1.20
2018.05.10 11:50:19.662,1.30351,1.30353,1.25,1.20
2018.05.10 11:50:19.973,1.30354,1.30357,1.00,1.45
2018.05.10 11:50:20.511,1.30353,1.30356,1.69,1.20
2018.05.10 11:50:21.028,1.30353,1.30356,1.69,1.45
2018.05.10 11:50:21.714,1.30351,1.30355,2.44,1.20
2018.05.10 11:50:22.234,1.30351,1.30355,2.06,1.20
2018.05.10 11:50:22.764,1.30353,1.30355,1.00,1.20
2018.05.10 11:50:24.444,1.30352,1.30355,1.00,1.20
2018.05.10 11:50:24.983,1.30352,1.30355,1.00,1.45
2018.05.10 11:50:25.604,1.30353,1.30355,1.00,1.20
2018.05.10 11:50:26.143,1.30352,1.30355,1.00,1.20
2018.05.10 11:50:26.625,1.30351,1.30353,1.00,1.45
2018.05.10 11:50:27.163,1.30351,1.30353,1.00,1.45
2018.05.10 11:50:27.664,1.30351,1.30352,1.00,1.20
2018.05.10 11:50:27.716,1.30349,1.30353,1.31,1.20
2018.05.10 11:50:28.241,1.3035,1.30352,1.00,1.45
2018.05.10 11:50:28.345,1.30351,1.30353,1.00,1.45
2018.05.10 11:50:29.019,1.30351,1.30354,1.00,1.20
2018.05.10 11:50:29.550,1.30352,1.30354,1.00,1.20
2018.05.10 11:50:29.861,1.3035,1.30354,1.31,1.95
2018.05.10 11:50:30.068,1.30351,1.30353,1.00,1.45
2018.05.10 11:50:30.955,1.30351,1.30353,1.00,1.95
2018.05.10 11:50:31.594,1.30351,1.30353,1.00,1.45
2018.05.10 11:50:32.618,1.30351,1.30353,1.00,1.20
2018.05.10 11:50:33.233,1.30352,1.30354,1.00,1.45
2018.05.10 11:50:33.746,1.30352,1.30355,1.00,1.95
2018.05.10 11:50:34.281,1.30352,1.30354,1.25,1.45
2018.05.10 11:50:34.800,1.30353,1.30354,1.00,1.20
2018.05.10 11:50:35.401,1.30352,1.30354,1.50,1.20
2018.05.10 11:50:35.884,1.3035,1.30352,1.00,1.13
2018.05.10 11:50:35.987,1.30347,1.30351,2.25,1.45
2018.05.10 11:50:36.913,1.30348,1.30351,1.19,1.95
2018.05.10 11:50:37.455,1.30349,1.30351,1.00,1.20
2018.05.10 11:50:38.051,1.30348,1.3035,1.00,1.95
2018.05.10 11:50:38.104,1.30346,1.30349,1.12,1.20
2018.05.10 11:50:38.455,1.30346,1.30348,1.00,1.45
2018.05.10 11:50:38.914,1.30343,1.30346,1.12,1.20
2018.05.10 11:50:39.227,1.30342,1.30344,1.50,1.00
2018.05.10 11:50:39.672,1.30341,1.30344,1.31,1.20
2018.05.10 11:50:40.188,1.3034,1.30344,2.81,1.95
2018.05.10 11:50:40.705,1.30341,1.30344,1.31,1.95
2018.05.10 11:50:41.239,1.30342,1.30344,1.00,1.95
2018.05.10 11:50:41.291,1.3034,1.30342,1.12,1.00
2018.05.10 11:50:41.396,1.30337,1.30341,1.00,1.95
2018.05.10 11:50:41.501,1.30337,1.30339,1.00,1.45
2018.05.10 11:50:41.658,1.30336,1.30338,2.62,1.20
2018.05.10 11:50:41.711,1.30338,1.3034,1.69,1.45
2018.05.10 11:50:42.380,1.30338,1.30341,2.44,1.20
2018.05.10 11:50:42.889,1.3034,1.30342,1.00,1.45
2018.05.10 11:50:43.053,1.30338,1.30342,1.31,1.45
2018.05.10 11:50:43.604,1.30338,1.30339,1.00,1.20
2018.05.10 11:50:43.656,1.30335,1.30339,1.31,1.20
2018.05.10 11:50:44.390,1.30337,1.30339,1.00,1.45
2018.05.10 11:50:44.576,1.30339,1.30341,1.25,1.20
2018.05.10 11:50:44.891,1.3034,1.30342,1.00,1.20
2018.05.10 11:50:45.201,1.30339,1.30341,1.00,1.20
2018.05.10 11:50:45.727,1.30339,1.3034,1.00,1.20
2018.05.10 11:50:46.292,1.30339,1.3034,1.00,1.20
2018.05.10 11:50:46.826,1.30338,1.30341,1.00,2.14
2018.05.10 11:50:47.614,1.30339,1.30341,1.00,2.14
2018.05.10 11:50:50.015,1.30339,1.30341,1.00,2.14
2018.05.10 11:50:50.323,1.30337,1.30339,1.00,1.20
2018.05.10 11:50:50.951,1.30338,1.3034,1.00,1.45
2018.05.10 11:50:51.835,1.30337,1.3034,1.00,1.45
2018.05.10 11:50:52.363,1.30335,1.3034,1.69,1.45
2018.05.10 11:50:52.876,1.30335,1.30338,1.31,1.20
2018.05.10 11:50:53.418,1.30336,1.30339,1.00,1.20
2018.05.10 11:50:53.921,1.30337,1.30339,1.00,1.20
2018.05.10 11:50:54.485,1.30336,1.30338,1.25,1.20
2018.05.10 11:50:54.589,1.30338,1.3034,1.00,1.45
2018.05.10 11:50:55.205,1.30339,1.30341,1.00,1.57
2018.05.10 11:50:55.709,1.30337,1.30341,2.06,1.20
2018.05.10 11:50:56.453,1.30337,1.30341,1.31,1.45
2018.05.10 11:50:56.821,1.30338,1.30341,1.19,1.20
2018.05.10 11:50:57.336,1.3034,1.30341,1.00,1.20
2018.05.10 11:50:57.591,1.3034,1.30342,2.06,1.20
2018.05.10 11:50:57.960,1.30342,1.30343,1.00,1.20
2018.05.10 11:50:59.261,1.3034,1.30342,1.25,1.20
2018.05.10 11:50:59.660,1.30342,1.30343,1.00,1.20
2018.05.10 11:51:00.173,1.3034,1.30343,2.06,1.45
2018.05.10 11:51:00.225,1.30342,1.30343,1.00,1.20
2018.05.10 11:51:00.277,1.30343,1.30344,1.00,1.20
2018.05.10 11:51:00.754,1.30341,1.30344,1.69,1.45
2018.05.10 11:51:01.904,1.30341,1.30344,1.31,1.45
2018.05.10 11:51:02.445,1.30338,1.30343,4.87,1.95
2018.05.10 11:51:03.545,1.30339,1.30343,1.31,1.45
2018.05.10 11:51:04.623,1.30339,1.30343,2.06,1.45
2018.05.10 11:51:05.212,1.30338,1.30342,1.50,1.20
2018.05.10 11:51:05.264,1.30337,1.30341,1.00,1.10
2018.05.10 11:51:05.393,1.30336,1.30338,1.00,1.00
2018.05.10 11:51:05.498,1.30334,1.30337,1.25,1.45
2018.05.10 11:51:06.112,1.30333,1.30336,1.25,1.20
2018.05.10 11:51:06.629,1.30332,1.30337,2.44,1.20
2018.05.10 11:51:07.166,1.30333,1.30337,1.69,1.20
2018.05.10 11:51:08.016,1.30332,1.30337,2.81,1.95
2018.05.10 11:51:08.542,1.30332,1.30337,3.37,1.95
2018.05.10 11:51:09.089,1.30332,1.30337,1.87,1.95
2018.05.10 11:51:09.613,1.30332,1.30337,1.69,1.95
2018.05.10 11:51:10.245,1.30332,1.30337,1.69,1.95
2018.05.10 11:51:11.062,1.30332,1.30337,1.69,1.95
2018.05.10 11:51:11.579,1.30334,1.30336,1.25,1.20
2018.05.10 11:51:11.985,1.30335,1.30339,1.31,1.20
2018.05.10 11:51:12.728,1.30335,1.30339,1.31,1.20
2018.05.10 11:51:13.245,1.30335,1.30339,1.50,1.45
2018.05.10 11:51:13.297,1.30335,1.3034,1.50,1.20
2018.05.10 11:51:13.826,1.30335,1.3034,1.31,1.45
2018.05.10 11:51:14.086,1.30337,1.3034,2.06,1.45
2018.05.10 11:51:14.400,1.30338,1.30342,1.87,1.20
2018.05.10 11:51:14.844,1.3034,1.30344,1.87,1.45
2018.05.10 11:51:15.157,1.3034,1.30345,3.56,1.20
2018.05.10 11:51:15.690,1.3034,1.30345,3.56,1.95
2018.05.10 11:51:18.437,1.3034,1.30345,3.00,1.95
2018.05.10 11:51:19.688,1.3034,1.30345,2.44,1.95
2018.05.10 11:51:20.245,1.30341,1.30345,1.12,1.95
2018.05.10 11:51:20.778,1.3034,1.30345,4.31,1.20
2018.05.10 11:51:21.281,1.30341,1.30345,1.50,1.20
2018.05.10 11:51:21.811,1.3034,1.30346,5.06,1.45
2018.05.10 11:51:22.253,1.30339,1.30344,2.14,1.00
2018.05.10 11:51:22.407,1.30339,1.30343,1.31,1.45
2018.05.10 11:51:23.430,1.30339,1.30343,1.31,1.45
2018.05.10 11:51:24.540,1.30339,1.30343,1.31,1.45
2018.05.10 11:51:25.707,1.30339,1.30343,2.25,1.45
2018.05.10 11:51:26.238,1.30339,1.30343,1.69,1.95
2018.05.10 11:51:27.305,1.30339,1.30344,3.56,1.20
2018.05.10 11:51:28.070,1.30339,1.30344,1.69,1.20
2018.05.10 11:51:28.578,1.30339,1.30344,1.12,1.20
2018.05.10 11:51:28.806,1.30338,1.30342,1.50,1.00
2018.05.10 11:51:29.529,1.30337,1.30342,2.62,1.95
2018.05.10 11:51:30.064,1.30337,1.30342,3.75,1.00
2018.05.10 11:51:31.119,1.30339,1.30343,1.00,1.20
2018.05.10 11:51:32.767,1.30338,1.30342,1.12,1.00
2018.05.10 11:51:33.083,1.30336,1.3034,1.19,1.20
2018.05.10 11:51:33.135,1.30335,1.3034,2.25,1.20
2018.05.10 11:51:33.443,1.30335,1.30338,1.31,1.00
2018.05.10 11:51:33.877,1.30331,1.30336,3.64,1.12
2018.05.10 11:51:34.140,1.30329,1.30334,4.87,1.00
2018.05.10 11:51:34.462,1.30328,1.30333,1.50,1.95
2018.05.10 11:51:34.773,1.30328,1.30333,2.06,1.95
2018.05.10 11:51:35.090,1.30328,1.30332,1.00,1.20
2018.05.10 11:51:35.417,1.30327,1.30331,2.81,1.95
2018.05.10 11:51:35.627,1.30325,1.30329,1.00,1.57
2018.05.10 11:51:35.732,1.30325,1.30328,1.00,1.45
2018.05.10 11:51:35.947,1.30323,1.30327,1.00,1.57
2018.05.10 11:51:36.102,1.30324,1.30329,2.06,1.57
2018.05.10 11:51:36.154,1.30325,1.30329,1.19,1.07
2018.05.10 11:51:36.308,1.30323,1.30329,3.75,1.12
2018.05.10 11:51:36.596,1.30322,1.30327,2.70,1.00
2018.05.10 11:51:36.909,1.30321,1.30326,1.31,1.20
2018.05.10 11:51:37.134,1.30323,1.30327,1.25,1.00
2018.05.10 11:51:37.449,1.30329,1.30334,2.44,1.00
2018.05.10 11:51:37.555,1.30331,1.30336,1.25,2.32
2018.05.10 11:51:38.088,1.3033,1.30336,1.31,2.32
2018.05.10 11:51:38.193,1.30329,1.30333,2.81,1.00
2018.05.10 11:51:38.296,1.30329,1.30335,2.44,1.00
2018.05.10 11:51:38.477,1.30329,1.30333,1.37,1.00
2018.05.10 11:51:38.994,1.30328,1.30331,1.12,1.00
2018.05.10 11:51:39.327,1.30325,1.30329,2.25,1.45
2018.05.10 11:51:40.018,1.30325,1.3033,2.25,1.12
2018.05.10 11:51:40.693,1.30325,1.3033,1.12,1.12
2018.05.10 11:51:41.202,1.30326,1.3033,1.25,1.12
2018.05.10 11:51:41.306,1.30328,1.30333,1.31,1.57
2018.05.10 11:51:41.358,1.30328,1.30335,1.39,4.39
2018.05.10 11:51:41.477,1.30331,1.30337,2.14,1.20
2018.05.10 11:51:41.785,1.30329,1.30335,1.87,1.50
2018.05.10 11:51:41.837,1.30328,1.30333,3.26,1.00
2018.05.10 11:51:42.409,1.30328,1.30333,1.39,1.12
2018.05.10 11:51:43.237,1.30329,1.30334,1.25,1.20
2018.05.10 11:51:44.348,1.30327,1.30332,1.69,1.50
2018.05.10 11:51:44.671,1.30324,1.30329,1.95,1.50
2018.05.10 11:51:44.984,1.30322,1.30326,1.20,1.00
2018.05.10 11:51:45.521,1.30324,1.30329,1.31,1.95
2018.05.10 11:51:45.731,1.30324,1.30329,2.06,1.00
2018.05.10 11:51:46.256,1.30322,1.30327,3.75,1.00
2018.05.10 11:51:46.799,1.30321,1.30326,2.14,1.00
2018.05.10 11:51:47.377,1.3032,1.30324,1.56,1.00
2018.05.10 11:51:47.881,1.30319,1.30324,3.07,1.00
2018.05.10 11:51:48.400,1.30319,1.30325,2.51,1.00
2018.05.10 11:51:48.675,1.30318,1.30324,1.50,2.70
2018.05.10 11:51:48.727,1.30319,1.30324,2.19,1.20
2018.05.10 11:51:48.779,1.30319,1.30325,2.19,1.00
2018.05.10 11:51:49.343,1.30321,1.30327,1.69,3.45
2018.05.10 11:51:49.520,1.30323,1.30329,2.25,1.57
2018.05.10 11:51:49.831,1.30325,1.30332,2.32,1.39
2018.05.10 11:51:49.934,1.30325,1.3033,1.87,1.00
2018.05.10 11:51:50.482,1.30326,1.30331,1.50,1.50
2018.05.10 11:51:50.791,1.30327,1.30332,2.51,1.00
2018.05.10 11:51:50.949,1.30329,1.30334,1.57,1.12
2018.05.10 11:51:51.477,1.30331,1.30335,1.69,1.00
2018.05.10 11:51:51.636,1.30329,1.30332,3.37,1.00
2018.05.10 11:51:51.746,1.3033,1.30335,1.44,1.00
2018.05.10 11:51:51.868,1.30331,1.30335,1.44,1.00
2018.05.10 11:51:51.921,1.3033,1.30335,1.81,1.50
2018.05.10 11:51:52.180,1.30329,1.30335,2.14,1.50
2018.05.10 11:51:52.731,1.30329,1.30335,3.45,1.50
2018.05.10 11:51:53.016,1.3033,1.30335,2.63,1.50
2018.05.10 11:51:54.030,1.30331,1.30334,1.87,1.00
2018.05.10 11:51:54.671,1.30331,1.30334,1.50,1.00
2018.05.10 11:51:55.181,1.30331,1.30335,1.10,1.50
2018.05.10 11:51:55.916,1.30329,1.30335,3.83,1.50
2018.05.10 11:51:56.687,1.30329,1.30335,5.70,1.00
2018.05.10 11:51:57.545,1.30329,1.30334,2.44,1.00
2018.05.10 11:51:58.375,1.3033,1.30335,2.44,1.00
2018.05.10 11:51:58.696,1.30335,1.30341,2.25,1.50
2018.05.10 11:51:58.750,1.30336,1.30343,1.87,1.20
2018.05.10 11:51:59.296,1.30339,1.30345,2.44,3.00
2018.05.10 11:51:59.451,1.30338,1.30345,5.89,3.00
2018.05.10 11:51:59.903,1.30339,1.30345,2.06,1.87
2018.05.10 11:52:00.419,1.30339,1.30344,1.76,1.00
2018.05.10 11:52:00.961,1.30341,1.30344,1.00,1.00
2018.05.10 11:52:02.599,1.30342,1.30347,1.00,1.47
2018.05.10 11:52:02.705,1.30344,1.30349,1.87,1.95
2018.05.10 11:52:03.225,1.30345,1.3035,1.00,2.32
2018.05.10 11:52:03.330,1.30343,1.30346,1.50,1.00
2018.05.10 11:52:03.644,1.3034,1.30344,1.39,1.00
2018.05.10 11:52:04.236,1.30339,1.30344,5.14,1.00
2018.05.10 11:52:04.496,1.30342,1.30347,2.06,1.50
2018.05.10 11:52:04.760,1.3034,1.30344,2.51,1.12
2018.05.10 11:52:05.377,1.30341,1.30346,1.00,2.25
2018.05.10 11:52:05.890,1.30339,1.30345,1.76,1.01
2018.05.10 11:52:06.427,1.30339,1.30345,1.76,1.10
2018.05.10 11:52:06.937,1.30339,1.30344,1.76,1.00
2018.05.10 11:52:07.472,1.30339,1.30344,1.01,1.50
2018.05.10 11:52:08.297,1.30339,1.30342,1.25,1.00
2018.05.10 11:52:08.611,1.30335,1.30338,1.01,1.00
2018.05.10 11:52:09.148,1.30334,1.30339,3.83,1.12
2018.05.10 11:52:09.672,1.30335,1.3034,1.39,1.12
2018.05.10 11:52:10.078,1.30337,1.30343,1.19,2.32
2018.05.10 11:52:10.628,1.30336,1.30343,3.45,2.32
2018.05.10 11:52:10.960,1.30335,1.30341,2.70,1.47
2018.05.10 11:52:11.552,1.30336,1.30342,1.50,2.25
2018.05.10 11:52:11.605,1.30337,1.30342,1.19,1.50
2018.05.10 11:52:12.122,1.30338,1.30343,1.50,1.50
2018.05.10 11:52:12.252,1.30341,1.30345,1.13,1.00
2018.05.10 11:52:12.662,1.30338,1.30342,1.58,1.12
2018.05.10 11:52:13.180,1.30338,1.30343,3.08,1.50
2018.05.10 11:52:13.760,1.30338,1.30343,4.20,1.12
2018.05.10 11:52:14.336,1.30338,1.30343,2.51,1.12
2018.05.10 11:52:14.763,1.30336,1.3034,1.70,1.00
2018.05.10 11:52:14.866,1.30335,1.30339,1.01,1.50
2018.05.10 11:52:14.968,1.30332,1.30339,2.89,1.57
2018.05.10 11:52:15.073,1.30334,1.30339,1.44,1.45
2018.05.10 11:52:15.596,1.30334,1.30339,1.00,1.57
2018.05.10 11:52:15.976,1.3033,1.30336,2.32,1.12
2018.05.10 11:52:16.600,1.3033,1.30335,2.14,1.00
2018.05.10 11:52:16.876,1.30329,1.30334,1.87,1.12
2018.05.10 11:52:17.136,1.30327,1.30332,4.95,1.00
2018.05.10 11:52:17.189,1.30326,1.30331,3.07,1.00
2018.05.10 11:52:17.334,1.30325,1.3033,1.20,1.87
2018.05.10 11:52:17.850,1.30325,1.3033,3.19,1.95
2018.05.10 11:52:18.317,1.30326,1.30331,1.88,1.95
2018.05.10 11:52:18.885,1.30326,1.30331,1.69,1.95
2018.05.10 11:52:19.415,1.30326,1.30331,3.26,1.87
2018.05.10 11:52:19.989,1.30326,1.30331,3.26,1.87
2018.05.10 11:52:20.575,1.30326,1.30331,2.89,1.87
2018.05.10 11:52:21.078,1.30326,1.30331,2.51,2.25
2018.05.10 11:52:21.694,1.30326,1.30331,2.89,2.25
2018.05.10 11:52:22.242,1.30327,1.30332,2.06,2.32
2018.05.10 11:52:22.349,1.3033,1.30334,1.00,2.70
2018.05.10 11:52:22.884,1.3033,1.30334,1.20,1.50
2018.05.10 11:52:23.420,1.30329,1.30334,2.32,1.00
2018.05.10 11:52:25.073,1.30329,1.30334,3.83,1.00
2018.05.10 11:52:25.578,1.3033,1.30334,1.01,1.00
2018.05.10 11:52:26.206,1.30329,1.30335,3.64,1.00
2018.05.10 11:52:29.808,1.30331,1.30336,1.19,1.95
2018.05.10 11:52:29.968,1.30334,1.30337,1.00,1.85
2018.05.10 11:52:30.200,1.30333,1.30339,2.14,2.32
2018.05.10 11:52:30.728,1.30333,1.30338,2.89,1.00
2018.05.10 11:52:31.237,1.30334,1.30339,1.13,2.32
2018.05.10 11:52:31.776,1.30334,1.30339,1.31,2.32
2018.05.10 11:52:32.391,1.30333,1.30338,2.14,1.12
2018.05.10 11:52:32.924,1.30332,1.30338,5.89,1.50
2018.05.10 11:52:33.850,1.30333,1.30338,1.00,1.57
2018.05.10 11:52:34.335,1.30331,1.30336,2.14,1.00
2018.05.10 11:52:34.645,1.30327,1.30332,2.14,1.50
2018.05.10 11:52:35.027,1.30328,1.30333,2.25,1.10
2018.05.10 11:52:35.079,1.30328,1.30333,2.44,1.20
2018.05.10 11:52:35.131,1.30327,1.30333,2.44,1.20
2018.05.10 11:52:35.286,1.30329,1.30333,1.44,1.00
2018.05.10 11:52:35.797,1.30328,1.30333,1.44,1.00
2018.05.10 11:52:36.342,1.30328,1.30333,2.81,1.00
2018.05.10 11:52:36.904,1.30328,1.30333,3.19,1.00
2018.05.10 11:52:37.237,1.30331,1.30333,1.69,1.00
2018.05.10 11:52:37.289,1.30331,1.30335,1.00,1.10
2018.05.10 11:52:37.804,1.3033,1.30335,2.44,1.10
2018.05.10 11:52:38.365,1.3033,1.30335,3.19,1.00
2018.05.10 11:52:39.440,1.30331,1.30335,1.38,1.00
2018.05.10 11:52:39.864,1.30331,1.30337,4.50,2.25
2018.05.10 11:52:40.747,1.30332,1.30337,3.45,1.50
2018.05.10 11:52:40.883,1.30332,1.30337,3.64,1.00
2018.05.10 11:52:41.910,1.30333,1.30338,1.00,3.07
2018.05.10 11:52:42.941,1.30332,1.30337,1.00,1.50
2018.05.10 11:52:43.523,1.30331,1.30337,4.50,1.50
2018.05.10 11:52:43.853,1.30332,1.30337,1.19,1.50
2018.05.10 11:52:44.892,1.30331,1.30337,2.25,2.25
2018.05.10 11:52:45.240,1.30328,1.30333,1.20,1.12
2018.05.10 11:52:46.422,1.30327,1.30333,1.31,1.95
2018.05.10 11:52:49.298,1.30327,1.30333,6.26,1.57
2018.05.10 11:52:49.986,1.30328,1.30333,1.19,1.12
2018.05.10 11:52:50.917,1.30329,1.30334,1.44,3.00
2018.05.10 11:52:51.160,1.30331,1.30335,1.25,1.00
2018.05.10 11:52:51.266,1.30333,1.30335,1.00,1.00
2018.05.10 11:52:51.319,1.30334,1.30338,1.25,1.20
2018.05.10 11:52:51.476,1.30335,1.30338,1.44,1.00
2018.05.10 11:52:51.632,1.30334,1.30338,1.69,1.00
2018.05.10 11:52:52.161,1.30332,1.30337,1.66,1.00
2018.05.10 11:52:52.667,1.30332,1.30337,1.25,1.57
2018.05.10 11:52:53.202,1.30331,1.30336,1.95,1.12
2018.05.10 11:52:54.497,1.3033,1.30336,1.12,1.12
2018.05.10 11:52:54.653,1.30334,1.30337,1.00,2.32
2018.05.10 11:52:54.705,1.30334,1.30339,1.69,3.26
2018.05.10 11:52:54.965,1.30335,1.30339,1.00,1.57
2018.05.10 11:52:55.276,1.30332,1.30338,2.89,1.57
2018.05.10 11:52:55.824,1.30332,1.30338,3.45,3.07
2018.05.10 11:52:56.571,1.30331,1.30336,1.57,1.00
2018.05.10 11:52:56.676,1.30329,1.30335,1.57,1.50
2018.05.10 11:52:56.730,1.30329,1.30332,1.20,1.00
2018.05.10 11:52:57.241,1.30329,1.30332,1.31,1.00
2018.05.10 11:52:58.167,1.30329,1.30334,1.88,1.50
2018.05.10 11:52:58.524,1.30327,1.30333,2.14,1.76
2018.05.10 11:52:58.578,1.30328,1.30331,1.00,1.50
2018.05.10 11:52:58.786,1.30326,1.30331,1.25,1.50
2018.05.10 11:52:59.333,1.30327,1.30331,1.25,1.50
2018.05.10 11:52:59.828,1.3033,1.30333,1.00,1.57
2018.05.10 11:53:00.343,1.30328,1.30333,3.56,1.00
2018.05.10 11:53:00.879,1.30328,1.30333,2.06,1.01
2018.05.10 11:53:01.189,1.30326,1.30332,1.25,4.39
2018.05.10 11:53:01.695,1.30327,1.30331,1.00,2.33
2018.05.10 11:53:02.239,1.30326,1.3033,1.00,1.58
2018.05.10 11:53:02.806,1.30325,1.3033,1.50,1.57
2018.05.10 11:53:03.381,1.30325,1.3033,1.00,2.70
2018.05.10 11:53:03.965,1.30326,1.3033,1.00,1.95
2018.05.10 11:53:04.475,1.30325,1.30329,1.00,1.00
2018.05.10 11:53:05.119,1.30324,1.30328,1.25,1.50
2018.05.10 11:53:05.744,1.30323,1.30328,1.00,1.50
2018.05.10 11:53:06.435,1.30319,1.30324,5.14,1.00
2018.05.10 11:53:06.724,1.30315,1.3032,1.12,1.95
2018.05.10 11:53:06.776,1.30315,1.30319,1.50,1.00
2018.05.10 11:53:07.292,1.30316,1.30321,1.25,2.32
2018.05.10 11:53:07.793,1.30316,1.3032,1.19,1.50
2018.05.10 11:53:07.999,1.30314,1.3032,2.89,1.57
2018.05.10 11:53:08.531,1.30316,1.3032,1.25,1.57
2018.05.10 11:53:09.063,1.30316,1.30318,1.00,1.20
2018.05.10 11:53:09.324,1.30314,1.30318,1.50,1.00
2018.05.10 11:53:09.809,1.30316,1.3032,1.00,2.70
2018.05.10 11:53:10.188,1.30314,1.30317,2.81,1.00
2018.05.10 11:53:10.730,1.30315,1.30319,1.69,1.95
2018.05.10 11:53:11.276,1.30314,1.30318,1.31,1.00
2018.05.10 11:53:11.717,1.30314,1.30316,1.25,1.12
2018.05.10 11:53:11.775,1.30311,1.30314,1.31,1.00
2018.05.10 11:53:11.930,1.30309,1.30314,1.00,4.01
2018.05.10 11:53:12.033,1.30309,1.30311,1.00,1.00
2018.05.10 11:53:12.340,1.30306,1.3031,1.00,1.12
2018.05.10 11:53:12.443,1.30305,1.30307,1.00,1.12
2018.05.10 11:53:12.760,1.30304,1.30307,1.25,1.57
2018.05.10 11:53:12.813,1.30303,1.30308,1.19,1.95
2018.05.10 11:53:12.966,1.30304,1.30309,1.69,2.32
2018.05.10 11:53:13.482,1.30307,1.3031,1.31,1.00
2018.05.10 11:53:13.865,1.30309,1.3031,1.00,1.00
2018.05.10 11:53:13.975,1.30308,1.30312,1.19,1.10
2018.05.10 11:53:14.389,1.3031,1.30313,3.00,1.50
2018.05.10 11:53:14.520,1.3031,1.30315,2.32,1.00
2018.05.10 11:53:15.067,1.30313,1.30316,1.25,1.00
2018.05.10 11:53:15.614,1.30314,1.30316,1.00,1.00
2018.05.10 11:53:16.112,1.30312,1.30318,1.00,4.20
2018.05.10 11:53:16.216,1.3031,1.30314,1.01,1.12
2018.05.10 11:53:16.756,1.30311,1.30315,1.00,3.82
2018.05.10 11:53:17.262,1.3031,1.30314,1.00,1.20
2018.05.10 11:53:17.571,1.30308,1.30311,1.00,3.07
2018.05.10 11:53:17.777,1.30305,1.3031,1.25,1.57
2018.05.10 11:53:18.250,1.30308,1.30311,1.00,3.07
2018.05.10 11:53:18.507,1.30306,1.3031,1.00,1.57
2018.05.10 11:53:18.755,1.30305,1.30307,1.00,1.12
2018.05.10 11:53:18.808,1.30303,1.30305,1.00,1.00
2018.05.10 11:53:19.428,1.30301,1.30305,2.14,1.00
2018.05.10 11:53:19.953,1.30302,1.30307,1.25,2.32
2018.05.10 11:53:20.057,1.30304,1.30307,1.00,1.50
2018.05.10 11:53:20.605,1.30302,1.30307,2.14,2.25
2018.05.10 11:53:21.181,1.30302,1.30307,1.50,1.50
2018.05.10 11:53:21.683,1.30302,1.30307,1.31,1.50
2018.05.10 11:53:21.997,1.30301,1.30304,1.31,1.00
2018.05.10 11:53:22.286,1.30298,1.30303,3.00,1.12
2018.05.10 11:53:22.545,1.30299,1.30303,1.44,1.00
2018.05.10 11:53:23.202,1.303,1.30307,2.89,2.70
2018.05.10 11:53:23.359,1.30303,1.3031,2.06,2.51
2018.05.10 11:53:24.436,1.30305,1.3031,1.00,3.26
2018.05.10 11:53:24.863,1.30303,1.30309,1.00,1.95
2018.05.10 11:53:25.388,1.30304,1.30309,1.00,2.70
2018.05.10 11:53:25.906,1.303,1.30306,4.58,1.50
2018.05.10 11:53:26.344,1.303,1.30306,1.76,1.50
2018.05.10 11:53:26.876,1.303,1.30306,4.20,1.50
2018.05.10 11:53:27.381,1.30302,1.30307,1.25,1.75
2018.05.10 11:53:27.892,1.30301,1.30307,1.69,2.89
2018.05.10 11:53:28.307,1.30298,1.30305,2.89,1.10
2018.05.10 11:53:28.410,1.30299,1.30304,1.01,2.25
2018.05.10 11:53:28.932,1.30298,1.30302,1.25,1.10
2018.05.10 11:53:29.474,1.30299,1.30302,1.25,1.10
2018.05.10 11:53:29.990,1.30299,1.30302,1.19,1.00
2018.05.10 11:53:30.528,1.30299,1.30304,1.00,3.07
2018.05.10 11:53:31.576,1.30299,1.30303,1.19,1.50
2018.05.10 11:53:32.117,1.30299,1.30303,1.25,1.57
2018.05.10 11:53:32.944,1.30298,1.30303,1.19,1.57
2018.05.10 11:53:34.049,1.30298,1.30302,1.25,1.00
2018.05.10 11:53:34.854,1.30299,1.30302,1.00,1.00
2018.05.10 11:53:35.398,1.303,1.30302,1.00,1.10
2018.05.10 11:53:36.523,1.30296,1.30302,2.89,1.12
2018.05.10 11:53:36.576,1.30297,1.30302,1.10,2.44
2018.05.10 11:53:36.883,1.303,1.30302,1.69,1.00
2018.05.10 11:53:37.252,1.30301,1.30305,1.00,1.00
2018.05.10 11:53:37.311,1.30301,1.30305,2.25,1.00
2018.05.10 11:53:37.851,1.30303,1.30305,1.44,1.00
2018.05.10 11:53:38.392,1.30302,1.30305,2.06,1.00
2018.05.10 11:53:38.497,1.30302,1.30308,2.06,2.70
2018.05.10 11:53:39.125,1.30302,1.30307,1.12,1.20
2018.05.10 11:53:39.517,1.303,1.30305,2.70,1.00
2018.05.10 11:53:39.842,1.30297,1.30302,1.00,1.57
2018.05.10 11:53:40.495,1.30299,1.30303,1.25,2.32
2018.05.10 11:53:40.547,1.30299,1.30304,2.44,1.20
2018.05.10 11:53:41.148,1.30297,1.30303,1.44,1.50
2018.05.10 11:53:41.877,1.30297,1.30303,2.06,1.95
2018.05.10 11:53:42.392,1.30298,1.30303,1.69,1.45
2018.05.10 11:53:42.444,1.303,1.30304,1.50,1.20
2018.05.10 11:53:42.733,1.30297,1.30303,1.50,1.95
2018.05.10 11:53:43.415,1.30296,1.30302,1.88,1.12
2018.05.10 11:53:44.078,1.30297,1.30302,1.25,1.12
2018.05.10 11:53:44.622,1.30296,1.30301,1.00,1.00
2018.05.10 11:53:45.157,1.30297,1.30301,1.00,1.12
2018.05.10 11:53:45.706,1.30296,1.30301,2.06,1.57
2018.05.10 11:53:45.995,1.30296,1.303,1.00,1.75
2018.05.10 11:53:46.426,1.30294,1.30298,1.00,1.12
2018.05.10 11:53:46.959,1.30292,1.30297,1.50,1.10
2018.05.10 11:53:47.375,1.3029,1.30294,3.45,1.00
2018.05.10 11:53:47.597,1.30289,1.30295,3.07,1.20
2018.05.10 11:53:47.863,1.3029,1.30295,1.00,2.32
2018.05.10 11:53:49.639,1.30289,1.30295,4.01,2.32
2018.05.10 11:53:50.140,1.30289,1.30295,2.70,2.32
2018.05.10 11:53:50.572,1.30292,1.30296,1.00,1.20
2018.05.10 11:53:50.625,1.30294,1.30298,1.00,1.10
2018.05.10 11:53:50.780,1.30291,1.30297,3.45,1.10
2018.05.10 11:53:51.246,1.30293,1.30298,1.31,1.10
2018.05.10 11:53:51.754,1.30293,1.30298,1.19,1.57
2018.05.10 11:53:52.268,1.30293,1.30299,1.87,1.95
2018.05.10 11:53:52.873,1.30294,1.30299,1.25,1.20
2018.05.10 11:53:53.288,1.30297,1.303,1.00,1.57
2018.05.10 11:53:53.594,1.30298,1.30302,1.69,1.50
2018.05.10 11:53:54.116,1.30298,1.30303,1.69,1.85
2018.05.10 11:53:54.570,1.30298,1.30303,2.44,1.10
2018.05.10 11:53:55.712,1.30299,1.30303,1.69,1.00
2018.05.10 11:53:56.127,1.30297,1.30301,1.01,1.00
2018.05.10 11:53:56.282,1.30297,1.30303,3.07,1.10
2018.05.10 11:53:57.214,1.30299,1.30302,1.00,1.00
2018.05.10 11:53:57.470,1.303,1.30305,1.25,1.57
2018.05.10 11:53:57.985,1.30301,1.30305,1.00,1.20
2018.05.10 11:53:59.881,1.303,1.30305,2.62,1.12
2018.05.10 11:54:00.431,1.303,1.30305,2.62,1.12
2018.05.10 11:54:00.986,1.303,1.30305,2.62,1.12
2018.05.10 11:54:01.709,1.303,1.30305,2.62,1.12
2018.05.10 11:54:03.131,1.303,1.30305,2.62,1.12
2018.05.10 11:54:03.645,1.30302,1.30305,1.00,1.12
2018.05.10 11:54:04.238,1.30301,1.30306,2.44,1.37
2018.05.10 11:54:04.598,1.30302,1.30306,1.50,1.00
2018.05.10 11:54:05.141,1.30303,1.30307,1.12,1.00
2018.05.10 11:54:05.551,1.30303,1.30308,4.39,1.12
2018.05.10 11:54:05.706,1.30307,1.30311,1.00,1.57
2018.05.10 11:54:06.242,1.30307,1.30311,1.19,1.12
2018.05.10 11:54:06.727,1.30308,1.30313,1.76,1.00
2018.05.10 11:54:06.832,1.30311,1.30316,1.00,2.32
2018.05.10 11:54:06.938,1.3031,1.30316,1.76,1.10
2018.05.10 11:54:07.450,1.3031,1.30315,1.95,1.00
2018.05.10 11:54:08.001,1.3031,1.30313,1.00,1.00
2018.05.10 11:54:08.609,1.30307,1.30312,5.70,1.25
2018.05.10 11:54:09.148,1.30306,1.30312,4.57,1.00
2018.05.10 11:54:09.670,1.30307,1.30313,1.47,2.14
2018.05.10 11:54:10.618,1.30306,1.30312,7.20,1.10
2018.05.10 11:54:10.931,1.30306,1.30309,1.12,1.00
2018.05.10 11:54:11.373,1.30307,1.30312,1.50,2.62
2018.05.10 11:54:11.896,1.30307,1.30311,1.31,1.00
2018.05.10 11:54:12.155,1.30305,1.3031,1.57,1.12
2018.05.10 11:54:12.917,1.30306,1.3031,1.25,1.20
2018.05.10 11:54:13.446,1.30305,1.3031,2.06,1.10
2018.05.10 11:54:13.984,1.30306,1.3031,1.00,1.10
2018.05.10 11:54:14.736,1.30305,1.30309,1.50,1.57
2018.05.10 11:54:15.519,1.30307,1.30311,1.00,1.50
2018.05.10 11:54:15.667,1.30308,1.30312,1.50,1.00
2018.05.10 11:54:16.026,1.30311,1.30314,1.12,1.20
2018.05.10 11:54:16.129,1.30312,1.30315,1.00,1.10
2018.05.10 11:54:16.285,1.30313,1.30318,1.31,1.10
2018.05.10 11:54:16.791,1.30313,1.30318,1.31,1.01
2018.05.10 11:54:17.435,1.30313,1.30318,2.25,1.10
2018.05.10 11:54:21.727,1.30315,1.30318,1.00,1.00
2018.05.10 11:54:21.934,1.30316,1.3032,1.50,1.00
2018.05.10 11:54:22.126,1.30318,1.30324,1.87,4.39
2018.05.10 11:54:22.551,1.30319,1.30325,4.39,1.01
2018.05.10 11:54:23.199,1.30323,1.30327,1.00,1.20
2018.05.10 11:54:23.405,1.30323,1.30329,2.25,2.70
2018.05.10 11:54:24.068,1.30323,1.30327,1.00,1.25
2018.05.10 11:54:24.579,1.30324,1.30329,1.00,2.32
2018.05.10 11:54:24.682,1.30326,1.3033,1.00,1.01
2018.05.10 11:54:25.215,1.30326,1.30331,1.50,3.64
2018.05.10 11:54:25.371,1.30325,1.3033,1.00,3.26
2018.05.10 11:54:25.895,1.30324,1.30331,2.25,5.70
2018.05.10 11:54:26.448,1.30325,1.30329,1.50,1.10
2018.05.10 11:54:26.557,1.30327,1.30332,1.50,1.95
2018.05.10 11:54:27.916,1.30327,1.30331,1.00,1.10
2018.05.10 11:54:29.519,1.30327,1.30331,1.00,2.89
2018.05.10 11:54:29.742,1.30321,1.30328,4.20,3.64
2018.05.10 11:54:29.794,1.30321,1.30324,2.25,1.00
2018.05.10 11:54:29.904,1.30319,1.30324,3.07,1.00
2018.05.10 11:54:30.269,1.30317,1.30321,3.64,1.00
2018.05.10 11:54:30.673,1.30317,1.30323,1.95,1.10
2018.05.10 11:54:30.877,1.30317,1.30321,1.00,1.25
2018.05.10 11:54:31.386,1.30317,1.3032,1.00,1.00
2018.05.10 11:54:31.924,1.30315,1.30319,3.19,1.00
2018.05.10 11:54:32.553,1.30314,1.30319,1.87,1.00
2018.05.10 11:54:33.153,1.30314,1.30319,2.06,1.00
2018.05.10 11:54:33.756,1.30315,1.30319,3.00,1.00
2018.05.10 11:54:36.749,1.30315,1.30322,3.75,3.07
2018.05.10 11:54:37.224,1.30318,1.30323,1.00,2.32
2018.05.10 11:54:37.553,1.30318,1.30324,3.64,1.10
2018.05.10 11:54:37.712,1.3032,1.30325,1.44,1.57
2018.05.10 11:54:37.867,1.30319,1.30325,5.33,1.57
2018.05.10 11:54:38.205,1.3032,1.30325,1.87,1.57
2018.05.10 11:54:39.079,1.30322,1.30327,1.25,1.10
2018.05.10 11:54:39.555,1.30323,1.30327,3.00,1.00
2018.05.10 11:54:40.129,1.30322,1.30327,1.25,1.50
2018.05.10 11:54:40.181,1.30321,1.30324,1.00,1.00
2018.05.10 11:54:40.781,1.30319,1.30323,3.19,2.51
2018.05.10 11:54:41.339,1.30317,1.30322,1.00,2.51
2018.05.10 11:54:41.544,1.30314,1.30319,1.01,1.12
2018.05.10 11:54:42.060,1.30314,1.30319,1.00,2.32
2018.05.10 11:54:42.693,1.30312,1.30319,2.32,2.51
2018.05.10 11:54:43.104,1.3031,1.30314,1.20,1.00
2018.05.10 11:54:43.619,1.3031,1.30313,1.00,1.00
2018.05.10 11:54:44.208,1.30309,1.30313,1.69,1.00
2018.05.10 11:54:45.883,1.30309,1.30315,1.31,3.45
2018.05.10 11:54:46.387,1.30308,1.30312,1.01,1.00
2018.05.10 11:54:51.086,1.30311,1.30313,1.00,1.00
2018.05.10 11:54:51.555,1.30309,1.30313,1.12,1.10
2018.05.10 11:54:52.080,1.30308,1.30313,3.19,1.50
2018.05.10 11:54:52.948,1.30309,1.30313,1.00,1.57
2018.05.10 11:54:53.108,1.30306,1.30311,1.57,1.00
2018.05.10 11:54:53.212,1.30305,1.3031,1.12,2.32
2018.05.10 11:54:53.542,1.30308,1.30311,1.25,1.45
2018.05.10 11:54:53.594,1.30308,1.30312,1.31,1.10
2018.05.10 11:54:56.726,1.30306,1.3031,2.25,1.69
2018.05.10 11:54:56.779,1.30305,1.30308,1.00,1.00
2018.05.10 11:55:00.268,1.30305,1.30307,1.00,1.00
2018.05.10 11:55:00.444,1.30303,1.30306,1.00,1.00
2018.05.10 11:55:02.762,1.30301,1.30306,1.50,1.10
2018.05.10 11:55:04.247,1.30304,1.30308,1.00,1.39
2018.05.10 11:55:04.353,1.30306,1.3031,1.00,1.20
2018.05.10 11:55:05.444,1.30306,1.30311,1.57,2.06
2018.05.10 11:55:05.959,1.30305,1.30311,1.95,3.07
2018.05.10 11:55:08.661,1.30306,1.3031,1.00,1.12
2018.05.10 11:55:09.286,1.30308,1.30313,1.00,4.57
2018.05.10 11:55:09.416,1.30308,1.30313,2.06,1.57
2018.05.10 11:55:09.469,1.30308,1.30311,1.12,1.00
2018.05.10 11:55:09.573,1.30304,1.30311,1.57,1.31
2018.05.10 11:55:09.625,1.30304,1.30311,1.20,2.89
2018.05.10 11:55:10.132,1.30304,1.3031,1.39,1.01
2018.05.10 11:55:10.717,1.30304,1.30311,1.57,2.70
2018.05.10 11:55:11.327,1.30304,1.30311,1.39,2.32
2018.05.10 11:55:15.108,1.30306,1.30311,1.00,3.82
2018.05.10 11:55:15.622,1.30304,1.30309,1.57,1.00
2018.05.10 11:55:15.677,1.30303,1.30308,1.19,1.50
2018.05.10 11:55:15.732,1.30301,1.30307,2.89,1.12
2018.05.10 11:55:16.283,1.30301,1.30306,1.25,1.00
2018.05.10 11:55:17.597,1.30301,1.30306,1.19,1.10
2018.05.10 11:55:18.126,1.30301,1.30306,1.25,1.10
2018.05.10 11:55:21.276,1.303,1.30306,2.89,1.00
2018.05.10 11:55:23.075,1.30301,1.30306,1.31,1.12
2018.05.10 11:55:23.728,1.30301,1.30306,1.31,1.12
2018.05.10 11:55:24.035,1.30306,1.30311,1.00,3.45
2018.05.10 11:55:24.141,1.30307,1.30312,1.00,1.12
2018.05.10 11:55:26.034,1.30307,1.30312,1.20,1.00
2018.05.10 11:55:27.351,1.30308,1.30313,1.25,1.95
2018.05.10 11:55:30.601,1.30311,1.30314,1.00,1.12
2018.05.10 11:55:30.704,1.30312,1.30317,1.00,1.50
2018.05.10 11:55:30.974,1.30311,1.30314,1.20,1.00
2018.05.10 11:55:31.478,1.30309,1.30314,2.89,1.00
2018.05.10 11:55:32.094,1.30309,1.30316,2.70,3.82
2018.05.10 11:55:33.342,1.30311,1.30316,1.10,1.50
2018.05.10 11:55:33.866,1.30312,1.30316,1.57,1.12
2018.05.10 11:55:35.020,1.30312,1.30317,1.95,2.06
2018.05.10 11:55:47.065,1.30312,1.30316,1.20,1.00
2018.05.10 11:55:47.331,1.30309,1.30314,1.20,1.12
2018.05.10 11:55:47.529,1.30309,1.30314,2.32,1.12
2018.05.10 11:55:47.998,1.30309,1.30314,2.32,1.12
2018.05.10 11:55:48.406,1.30311,1.30316,1.69,1.57
2018.05.10 11:55:48.460,1.30313,1.30318,1.00,2.51
2018.05.10 11:55:48.651,1.30316,1.3032,1.00,1.76
2018.05.10 11:55:48.972,1.30318,1.30321,1.00,1.69
2018.05.10 11:55:50.654,1.30317,1.30322,1.50,4.01
2018.05.10 11:55:50.707,1.30317,1.30322,1.50,4.39
2018.05.10 11:55:51.806,1.30317,1.30322,1.50,3.26
2018.05.10 11:55:53.013,1.30317,1.30321,1.00,1.50
2018.05.10 11:55:53.646,1.30314,1.30319,2.25,1.01
2018.05.10 11:55:54.121,1.30313,1.30318,1.57,1.25
2018.05.10 11:55:55.697,1.30315,1.30319,1.00,1.76
2018.05.10 11:55:56.046,1.30318,1.30322,1.00,6.07
2018.05.10 11:55:56.556,1.30319,1.30322,1.00,3.94
2018.05.10 11:55:57.066,1.30318,1.30322,1.00,3.56
2018.05.10 11:56:00.823,1.30318,1.30322,1.00,3.75
2018.05.10 11:56:01.135,1.30323,1.30328,1.00,4.76
2018.05.10 11:56:01.188,1.30323,1.30328,1.00,1.95
2018.05.10 11:56:01.742,1.30323,1.30329,1.20,3.26
2018.05.10 11:56:02.262,1.30324,1.30329,1.00,3.26
2018.05.10 11:56:02.793,1.30324,1.30328,1.00,1.87
2018.05.10 11:56:03.599,1.30324,1.30329,1.00,4.57
2018.05.10 11:56:03.886,1.30326,1.30329,1.00,1.76
2018.05.10 11:56:05.362,1.30326,1.3033,1.00,1.10
2018.05.10 11:56:05.977,1.30324,1.30331,2.70,1.69
2018.05.10 11:56:06.521,1.30325,1.3033,1.50,1.50
2018.05.10 11:56:07.088,1.30325,1.3033,1.50,1.50
2018.05.10 11:56:07.470,1.30323,1.30328,2.51,1.00
2018.05.10 11:56:07.994,1.30322,1.30328,1.69,1.69
2018.05.10 11:56:08.353,1.30325,1.30329,1.00,1.39
2018.05.10 11:56:08.828,1.30326,1.30331,1.00,1.95
2018.05.10 11:56:09.317,1.30324,1.30329,1.50,2.14
2018.05.10 11:56:09.369,1.30323,1.30328,1.10,2.44
2018.05.10 11:56:09.863,1.30321,1.30327,1.57,1.01
2018.05.10 11:56:10.386,1.30321,1.30327,1.57,1.01
2018.05.10 11:56:10.964,1.30323,1.30328,1.00,1.00
2018.05.10 11:56:11.071,1.30324,1.30329,1.69,1.10
2018.05.10 11:56:11.381,1.30327,1.3033,1.00,1.10
2018.05.10 11:56:11.907,1.30328,1.30331,1.00,1.20
2018.05.10 11:56:12.253,1.30321,1.30326,2.70,1.00
2018.05.10 11:56:13.222,1.30321,1.30326,2.06,1.00
2018.05.10 11:56:14.046,1.30321,1.30326,1.31,1.57
2018.05.10 11:56:14.699,1.3032,1.30325,2.04,1.00
2018.05.10 11:56:15.563,1.3032,1.30325,1.76,1.12
2018.05.10 11:56:16.755,1.30319,1.30324,1.39,1.50
2018.05.10 11:56:16.859,1.30317,1.30322,2.25,1.00
2018.05.10 11:56:17.168,1.30315,1.30319,1.39,1.00
2018.05.10 11:56:17.512,1.3031,1.30313,1.00,1.45
2018.05.10 11:56:17.618,1.3031,1.30315,2.44,1.45
2018.05.10 11:56:18.207,1.30311,1.30315,1.88,1.45
2018.05.10 11:56:18.789,1.30311,1.30315,1.69,1.20
2018.05.10 11:56:19.510,1.30311,1.30315,2.44,1.45
2018.05.10 11:56:19.562,1.30312,1.30315,1.19,1.20
2018.05.10 11:56:20.204,1.30312,1.30316,1.31,1.95
2018.05.10 11:56:20.256,1.30312,1.30316,1.13,1.95
2018.05.10 11:56:21.984,1.30311,1.30314,1.50,1.39
2018.05.10 11:56:22.655,1.30311,1.30316,1.88,2.32
2018.05.10 11:56:22.914,1.30312,1.30317,2.44,1.57
2018.05.10 11:56:23.768,1.30312,1.30316,1.87,1.20
2018.05.10 11:56:24.290,1.30311,1.30315,2.62,1.20
2018.05.10 11:56:24.826,1.30311,1.30316,3.64,1.00
2018.05.10 11:56:25.376,1.30312,1.30316,1.25,1.00
2018.05.10 11:56:25.914,1.30312,1.30315,1.00,1.00
2018.05.10 11:56:28.630,1.30312,1.30318,1.31,2.70
2018.05.10 11:56:28.811,1.30314,1.3032,1.76,1.10
2018.05.10 11:56:29.126,1.30315,1.30322,1.20,3.26
2018.05.10 11:56:29.642,1.30316,1.30321,1.75,1.25
2018.05.10 11:56:29.745,1.30314,1.30321,2.89,2.06
2018.05.10 11:56:30.001,1.30316,1.30321,2.19,1.00
2018.05.10 11:56:31.186,1.30315,1.30321,3.83,1.00
2018.05.10 11:56:32.803,1.30316,1.3032,1.69,1.00
2018.05.10 11:56:34.290,1.30315,1.3032,2.25,1.95
2018.05.10 11:56:34.394,1.30314,1.30317,1.00,1.00
2018.05.10 11:56:34.447,1.30311,1.30315,1.20,1.00
2018.05.10 11:56:34.789,1.3031,1.30312,1.00,1.00
2018.05.10 11:56:34.899,1.3031,1.30313,1.00,1.00
2018.05.10 11:56:35.434,1.3031,1.30312,1.19,1.00
2018.05.10 11:56:35.637,1.30308,1.30311,1.76,1.00
2018.05.10 11:56:36.198,1.30308,1.30312,1.69,1.00
2018.05.10 11:56:36.710,1.30308,1.30312,1.76,1.00
2018.05.10 11:56:37.017,1.30309,1.30314,2.70,1.00
2018.05.10 11:56:37.120,1.30311,1.30315,2.44,1.00
2018.05.10 11:56:37.701,1.30311,1.30314,1.75,1.00
2018.05.10 11:56:37.855,1.30307,1.30309,1.00,1.00
2018.05.10 11:56:38.163,1.30306,1.30311,1.76,1.00
2018.05.10 11:56:38.267,1.30305,1.30309,1.82,1.00
2018.05.10 11:56:38.484,1.30305,1.30311,2.25,1.50
2018.05.10 11:56:39.335,1.30305,1.30311,1.50,1.50
2018.05.10 11:56:39.682,1.30305,1.30311,1.50,1.00
2018.05.10 11:56:40.022,1.30308,1.30314,3.07,1.95
2018.05.10 11:56:40.557,1.30309,1.30314,1.25,1.57
2018.05.10 11:56:40.866,1.30307,1.30313,1.00,3.45
2018.05.10 11:56:41.215,1.30309,1.30315,1.87,1.57
2018.05.10 11:56:41.736,1.3031,1.30315,1.25,1.20
2018.05.10 11:56:42.255,1.3031,1.30315,1.37,1.10
2018.05.10 11:56:42.851,1.3031,1.30315,2.00,1.10
2018.05.10 11:56:44.734,1.3031,1.30315,1.20,1.00
2018.05.10 11:56:47.486,1.3031,1.30315,1.87,1.00
2018.05.10 11:56:47.611,1.30311,1.30317,1.01,1.20
2018.05.10 11:56:47.868,1.3031,1.30314,2.70,1.00
2018.05.10 11:56:48.175,1.30307,1.3031,1.00,1.10
2018.05.10 11:56:49.113,1.30305,1.3031,1.39,1.00
2018.05.10 11:56:49.922,1.30305,1.30312,2.51,3.07
2018.05.10 11:56:50.438,1.30306,1.3031,2.00,1.00
2018.05.10 11:56:51.356,1.30304,1.3031,2.70,1.10
2018.05.10 11:56:51.937,1.30304,1.30309,1.76,1.00
2018.05.10 11:56:52.469,1.30304,1.30308,1.50,1.00
2018.05.10 11:56:52.985,1.30302,1.30306,2.19,1.00
2018.05.10 11:56:53.486,1.30302,1.30307,2.44,1.50
2018.05.10 11:56:54.390,1.30303,1.30308,1.69,1.50
2018.05.10 11:56:54.933,1.30302,1.30307,3.19,1.00
2018.05.10 11:56:56.491,1.30302,1.30308,2.81,1.00
2018.05.10 11:56:57.023,1.30303,1.30308,2.19,1.00
2018.05.10 11:56:57.779,1.30302,1.30308,3.56,1.00
2018.05.10 11:56:59.075,1.30302,1.30308,1.69,1.00
2018.05.10 11:56:59.913,1.30302,1.30308,1.69,1.00
2018.05.10 11:57:00.426,1.30302,1.30306,1.25,1.25
2018.05.10 11:57:00.937,1.30302,1.30307,1.50,1.57
2018.05.10 11:57:01.537,1.30302,1.30307,2.44,1.57
2018.05.10 11:57:04.851,1.303,1.30307,3.56,1.10
2018.05.10 11:57:06.684,1.303,1.30306,3.56,1.00
2018.05.10 11:57:07.237,1.303,1.30305,2.81,1.00
2018.05.10 11:57:08.143,1.30301,1.30306,1.69,1.00
2018.05.10 11:57:08.505,1.30302,1.30308,1.31,2.32
2018.05.10 11:57:08.697,1.30306,1.30311,1.12,1.20
2018.05.10 11:57:08.750,1.30308,1.30312,1.12,1.00
2018.05.10 11:57:09.060,1.30306,1.3031,3.19,1.00
2018.05.10 11:57:09.114,1.30306,1.3031,1.25,1.00
2018.05.10 11:57:09.530,1.30306,1.30308,1.00,1.00
2018.05.10 11:57:10.285,1.30303,1.30308,2.51,1.00
2018.05.10 11:57:11.513,1.30303,1.30306,1.75,1.00
2018.05.10 11:57:11.717,1.30301,1.30306,2.51,1.00
2018.05.10 11:57:12.288,1.30301,1.30305,1.00,1.00
2018.05.10 11:57:12.341,1.30301,1.30303,1.00,1.00
2018.05.10 11:57:12.854,1.303,1.30303,1.00,1.50
2018.05.10 11:57:16.691,1.30299,1.30303,1.00,1.50
2018.05.10 11:57:19.438,1.30298,1.30302,1.95,1.00
2018.05.10 11:57:19.960,1.30297,1.30301,1.10,1.12
2018.05.10 11:57:20.170,1.30297,1.30299,1.00,1.25
2018.05.10 11:57:20.388,1.30291,1.30294,1.00,1.12
2018.05.10 11:57:23.387,1.30289,1.30292,1.87,1.00
2018.05.10 11:57:23.442,1.30288,1.30291,1.01,1.00
2018.05.10 11:57:23.975,1.30288,1.30291,1.19,1.00
2018.05.10 11:57:24.506,1.30288,1.30291,1.25,1.00
2018.05.10 11:57:25.015,1.30286,1.30292,3.00,1.50
2018.05.10 11:57:25.474,1.30287,1.30291,2.89,1.00
2018.05.10 11:57:25.732,1.30288,1.30293,1.87,1.10
2018.05.10 11:57:27.159,1.3029,1.30294,1.00,2.32
2018.05.10 11:57:27.264,1.30291,1.30295,1.31,1.00
2018.05.10 11:57:27.421,1.30291,1.30295,1.00,1.00
2018.05.10 11:57:27.875,1.30292,1.30293,1.00,1.00
2018.05.10 11:57:27.978,1.30292,1.30295,1.00,1.00
2018.05.10 11:57:28.610,1.30292,1.30294,1.25,1.00
2018.05.10 11:57:28.911,1.30292,1.30296,1.25,1.00
2018.05.10 11:57:29.077,1.30294,1.30297,1.13,1.00
2018.05.10 11:57:29.393,1.30296,1.303,1.31,1.50
2018.05.10 11:57:29.922,1.30296,1.303,3.45,1.00
2018.05.10 11:57:30.233,1.30293,1.30297,1.76,1.00
2018.05.10 11:57:30.341,1.30292,1.30297,2.33,1.00
2018.05.10 11:57:30.865,1.30291,1.30296,1.76,1.00
2018.05.10 11:57:31.093,1.3029,1.30295,1.20,1.50
2018.05.10 11:57:31.602,1.30289,1.30295,1.95,1.10
2018.05.10 11:57:32.125,1.30289,1.30295,2.14,1.10
2018.05.10 11:57:33.028,1.30289,1.30295,1.76,1.10
2018.05.10 11:57:33.149,1.30289,1.30295,2.14,1.10
2018.05.10 11:57:33.252,1.30289,1.30295,1.95,1.00
2018.05.10 11:57:33.509,1.30289,1.30295,1.31,1.00
2018.05.10 11:57:33.562,1.30288,1.30292,1.95,1.00
2018.05.10 11:57:33.665,1.30283,1.30288,3.45,1.87
2018.05.10 11:57:34.179,1.30284,1.30288,1.44,1.00
2018.05.10 11:57:34.706,1.30284,1.30288,1.25,1.10
2018.05.10 11:57:35.239,1.30282,1.30288,1.29,1.10
2018.05.10 11:57:35.292,1.30282,1.30288,1.39,1.01
2018.05.10 11:57:35.809,1.30283,1.30288,1.19,1.76
2018.05.10 11:57:35.914,1.3028,1.30286,5.32,1.69
2018.05.10 11:57:35.979,1.3028,1.30284,1.95,1.00
2018.05.10 11:57:36.515,1.3028,1.30285,1.69,1.20
2018.05.10 11:57:37.024,1.3028,1.30284,1.69,1.00
2018.05.10 11:57:37.543,1.30279,1.30285,2.33,1.20
2018.05.10 11:57:38.379,1.3028,1.30285,1.76,1.00
2018.05.10 11:57:38.583,1.30283,1.30288,1.12,1.10
2018.05.10 11:57:39.358,1.30284,1.30288,1.00,1.10
2018.05.10 11:57:39.616,1.30286,1.3029,1.25,1.00
2018.05.10 11:57:39.876,1.30288,1.30294,1.39,2.32
2018.05.10 11:57:40.386,1.30288,1.30293,1.01,1.50
2018.05.10 11:57:40.489,1.30286,1.30291,1.69,1.12
2018.05.10 11:57:40.796,1.30287,1.30291,1.50,1.12
2018.05.10 11:57:40.898,1.30287,1.30292,1.39,2.25
2018.05.10 11:57:41.146,1.30288,1.30292,1.39,1.50
2018.05.10 11:57:41.197,1.30289,1.30294,1.31,1.57
2018.05.10 11:57:41.709,1.3029,1.30295,1.57,2.62
2018.05.10 11:57:41.885,1.30293,1.30297,1.25,1.00
2018.05.10 11:57:42.160,1.30291,1.30296,1.50,1.13
2018.05.10 11:57:42.212,1.3029,1.30295,1.20,1.00
2018.05.10 11:57:42.365,1.30292,1.30296,1.00,1.50
2018.05.10 11:57:42.584,1.30292,1.30297,2.06,1.10
2018.05.10 11:57:43.093,1.30292,1.30298,2.70,2.32
2018.05.10 11:57:44.277,1.30294,1.303,1.88,3.26
2018.05.10 11:57:44.449,1.30296,1.30301,1.01,1.00
2018.05.10 11:57:44.991,1.30295,1.303,1.76,1.00
2018.05.10 11:57:45.354,1.30293,1.30297,1.76,1.00
2018.05.10 11:57:45.886,1.30295,1.30298,1.00,1.50
2018.05.10 11:57:46.192,1.30295,1.303,3.00,1.00
2018.05.10 11:57:46.721,1.30295,1.30299,1.37,1.00
2018.05.10 11:57:46.826,1.30293,1.30296,1.57,1.00
2018.05.10 11:57:46.931,1.3029,1.30296,1.57,2.25
2018.05.10 11:57:46.983,1.3029,1.30294,1.01,1.00
2018.05.10 11:57:47.641,1.30289,1.30294,2.44,1.57
2018.05.10 11:57:48.159,1.30289,1.30294,2.44,1.95
2018.05.10 11:57:49.336,1.30289,1.30294,2.25,1.57
2018.05.10 11:57:50.503,1.30289,1.30294,1.69,1.95
2018.05.10 11:57:51.051,1.30289,1.30293,2.06,1.00
2018.05.10 11:57:54.613,1.30289,1.30293,1.31,1.00
2018.05.10 11:57:55.164,1.30288,1.30293,3.75,1.00
2018.05.10 11:57:55.695,1.30289,1.30293,1.25,1.00
2018.05.10 11:57:56.301,1.30288,1.30292,2.81,1.00
2018.05.10 11:57:56.612,1.3029,1.30295,3.00,1.57
2018.05.10 11:57:56.867,1.30291,1.30296,1.88,1.95
2018.05.10 11:57:57.530,1.30291,1.30296,3.07,1.12
2018.05.10 11:57:58.065,1.3029,1.30297,3.64,3.45
2018.05.10 11:57:58.834,1.30291,1.30295,1.01,1.00
2018.05.10 11:57:59.044,1.30289,1.30293,1.07,1.00
2018.05.10 11:57:59.096,1.30288,1.30292,2.14,1.00
2018.05.10 11:57:59.697,1.30287,1.30291,2.44,1.00
2018.05.10 11:58:01.354,1.30286,1.30291,1.01,1.12
2018.05.10 11:58:02.131,1.30286,1.30291,1.19,1.39
2018.05.10 11:58:02.495,1.30288,1.30291,1.19,1.12
2018.05.10 11:58:02.772,1.3029,1.30294,1.31,1.10
2018.05.10 11:58:02.825,1.30294,1.30297,1.00,1.57
2018.05.10 11:58:03.240,1.30292,1.30297,1.01,1.50
2018.05.10 11:58:03.886,1.30291,1.30297,2.89,2.70
2018.05.10 11:58:04.042,1.30291,1.30297,3.83,2.70
2018.05.10 11:58:04.864,1.30291,1.30297,2.70,2.70
2018.05.10 11:58:05.060,1.30291,1.30295,1.95,1.00
2018.05.10 11:58:05.618,1.30292,1.30295,1.12,1.00
2018.05.10 11:58:06.178,1.30291,1.30295,1.25,1.50
2018.05.10 11:58:06.844,1.30291,1.30294,1.00,1.00
2018.05.10 11:58:07.381,1.30289,1.30294,2.25,1.12
2018.05.10 11:58:08.009,1.30289,1.30294,2.06,1.12
2018.05.10 11:58:08.525,1.3029,1.30294,2.06,1.12
2018.05.10 11:58:10.885,1.30288,1.30294,3.08,1.95
2018.05.10 11:58:11.208,1.3029,1.30294,1.63,1.95
2018.05.10 11:58:11.430,1.30288,1.30293,1.76,1.00
2018.05.10 11:58:11.534,1.30288,1.30291,1.25,1.00
2018.05.10 11:58:11.636,1.30285,1.30291,3.07,1.87
2018.05.10 11:58:12.139,1.30286,1.30291,1.00,3.64
2018.05.10 11:58:13.045,1.30285,1.3029,1.00,1.10
2018.05.10 11:58:13.849,1.30284,1.3029,3.08,1.10
2018.05.10 11:58:15.169,1.30284,1.3029,1.76,1.95
2018.05.10 11:58:15.728,1.30284,1.3029,2.14,1.95
2018.05.10 11:58:16.245,1.30284,1.3029,2.14,2.89
2018.05.10 11:58:16.798,1.30284,1.3029,1.20,2.89
2018.05.10 11:58:16.968,1.30285,1.30289,1.19,1.00
2018.05.10 11:58:17.494,1.30285,1.30289,1.25,1.00
2018.05.10 11:58:18.139,1.30285,1.3029,2.06,1.57
2018.05.10 11:58:19.140,1.30285,1.3029,3.56,1.57
2018.05.10 11:58:19.463,1.30284,1.30288,1.13,1.87
2018.05.10 11:58:19.826,1.30286,1.30291,1.00,2.32
2018.05.10 11:58:19.930,1.30289,1.30291,1.00,1.12
2018.05.10 11:58:20.286,1.30289,1.30293,1.00,1.95
2018.05.10 11:58:20.864,1.30288,1.30293,1.25,2.62
2018.05.10 11:58:21.391,1.30288,1.30294,2.44,2.25
2018.05.10 11:58:21.929,1.30288,1.30294,2.06,2.25
2018.05.10 11:58:22.467,1.30289,1.30293,1.00,1.00
2018.05.10 11:58:22.619,1.30285,1.30291,2.51,2.70
2018.05.10 11:58:22.671,1.30285,1.30289,1.57,1.00
2018.05.10 11:58:22.825,1.30282,1.30288,3.19,1.31
2018.05.10 11:58:23.035,1.30284,1.30289,1.25,3.45
2018.05.10 11:58:23.922,1.30282,1.30289,2.70,4.01
2018.05.10 11:58:24.240,1.30282,1.30286,2.62,1.12
2018.05.10 11:58:25.021,1.30281,1.30286,4.20,1.12
2018.05.10 11:58:25.326,1.30284,1.30286,1.00,1.00
2018.05.10 11:58:25.870,1.30283,1.30286,1.00,1.00
2018.05.10 11:58:26.395,1.30282,1.30286,1.12,1.00
2018.05.10 11:58:27.215,1.30279,1.30284,2.51,2.25
2018.05.10 11:58:27.521,1.30276,1.3028,1.50,1.00
2018.05.10 11:58:28.471,1.30275,1.3028,1.69,1.50
2018.05.10 11:58:29.020,1.30275,1.3028,1.44,1.00
2018.05.10 11:58:29.589,1.30275,1.3028,1.50,1.00
2018.05.10 11:58:30.112,1.30274,1.30278,1.95,1.00
2018.05.10 11:58:30.658,1.30273,1.30278,1.10,1.00
2018.05.10 11:58:31.169,1.30273,1.30278,1.29,1.00
2018.05.10 11:58:31.819,1.30273,1.30278,2.14,1.00
2018.05.10 11:58:33.167,1.30274,1.30279,2.06,2.32
2018.05.10 11:58:33.476,1.30276,1.30282,1.44,2.32
2018.05.10 11:58:34.268,1.30277,1.30282,1.25,1.50
2018.05.10 11:58:34.778,1.30278,1.30282,1.00,1.00
2018.05.10 11:58:37.150,1.30276,1.30282,1.10,2.32
2018.05.10 11:58:37.253,1.30275,1.3028,1.01,3.19
2018.05.10 11:58:37.355,1.30273,1.30278,3.26,1.00
2018.05.10 11:58:37.904,1.30273,1.30278,3.45,1.00
2018.05.10 11:58:39.265,1.30273,1.30278,1.76,1.00
2018.05.10 11:58:39.796,1.30273,1.30278,1.95,1.50
2018.05.10 11:58:40.263,1.30277,1.30279,1.00,1.00
2018.05.10 11:58:40.730,1.30277,1.30282,1.25,1.20
2018.05.10 11:58:41.265,1.30277,1.30282,1.19,1.20
2018.05.10 11:58:42.133,1.30276,1.30282,4.01,1.20
2018.05.10 11:58:42.653,1.30276,1.30281,1.69,2.32
2018.05.10 11:58:43.976,1.30276,1.30281,1.20,1.87
2018.05.10 11:58:44.708,1.30276,1.30281,1.29,1.50
2018.05.10 11:58:45.210,1.30276,1.30281,1.29,1.50
2018.05.10 11:58:46.608,1.30275,1.30281,3.82,2.25
2018.05.10 11:58:47.310,1.30275,1.30281,4.95,2.25
2018.05.10 11:58:47.873,1.30276,1.30281,2.32,1.87
2018.05.10 11:58:48.406,1.30276,1.30281,1.39,1.87
2018.05.10 11:58:48.941,1.30276,1.30281,2.14,1.50
2018.05.10 11:58:49.383,1.30279,1.30282,1.19,1.00
2018.05.10 11:58:49.435,1.30279,1.30284,1.31,2.32
2018.05.10 11:58:49.487,1.30281,1.30286,1.39,1.00
2018.05.10 11:58:50.003,1.30281,1.30288,2.14,1.47
2018.05.10 11:58:51.816,1.3028,1.30285,5.70,1.00
2018.05.10 11:58:52.348,1.3028,1.30286,2.32,2.32
2018.05.10 11:58:54.247,1.3028,1.30285,2.32,1.12
2018.05.10 11:58:54.874,1.3028,1.30285,1.39,1.12
2018.05.10 11:58:55.206,1.30281,1.30286,1.19,1.57
2018.05.10 11:58:55.724,1.3028,1.30286,5.32,1.95
2018.05.10 11:58:57.362,1.3028,1.30286,2.81,1.57
2018.05.10 11:58:57.931,1.3028,1.30285,1.50,1.57
2018.05.10 11:58:58.848,1.30281,1.30287,3.19,5.70
2018.05.10 11:58:59.411,1.30281,1.30287,3.00,3.45
2018.05.10 11:58:59.935,1.30282,1.30287,1.00,3.07
2018.05.10 11:59:00.406,1.30283,1.30288,1.19,1.37
2018.05.10 11:59:00.458,1.30283,1.30289,4.20,1.57
2018.05.10 11:59:02.017,1.30284,1.30289,1.00,1.10
2018.05.10 11:59:02.471,1.30284,1.30289,1.50,1.10
2018.05.10 11:59:03.076,1.30284,1.30289,1.39,1.00
2018.05.10 11:59:03.674,1.30284,1.3029,1.50,2.25
2018.05.10 11:59:04.732,1.30286,1.30292,1.10,1.57
2018.05.10 11:59:05.253,1.30287,1.30293,1.12,1.45
2018.05.10 11:59:05.807,1.30288,1.30294,1.69,4.20
2018.05.10 11:59:06.325,1.30288,1.30294,1.19,4.20
2018.05.10 11:59:06.668,1.30288,1.30294,1.50,2.25
2018.05.10 11:59:07.261,1.30289,1.30294,1.19,1.50
2018.05.10 11:59:08.970,1.30292,1.30297,1.25,3.45
2018.05.10 11:59:09.133,1.30293,1.30298,2.44,1.76
2018.05.10 11:59:09.276,1.30294,1.30301,4.76,1.57
2018.05.10 11:59:09.793,1.30296,1.30301,1.25,1.12
2018.05.10 11:59:10.837,1.30295,1.30301,1.31,1.00
2018.05.10 11:59:10.940,1.30295,1.30301,1.31,1.00
2018.05.10 11:59:11.145,1.30295,1.30301,1.69,1.00
2018.05.10 11:59:11.249,1.30295,1.30301,1.31,1.00
2018.05.10 11:59:11.754,1.30296,1.30302,1.00,1.95
2018.05.10 11:59:11.807,1.30299,1.30302,1.00,1.75
2018.05.10 11:59:11.860,1.30299,1.30304,1.31,1.20
2018.05.10 11:59:11.913,1.30299,1.30305,1.39,1.10
2018.05.10 11:59:12.070,1.303,1.30305,1.39,1.00
2018.05.10 11:59:12.618,1.303,1.30307,1.95,2.70
2018.05.10 11:59:12.774,1.30301,1.30307,1.19,2.14
2018.05.10 11:59:13.975,1.30301,1.30307,1.87,1.57
2018.05.10 11:59:14.583,1.30301,1.30307,1.69,1.76
2018.05.10 11:59:15.381,1.30302,1.30305,1.31,1.00
2018.05.10 11:59:15.927,1.30302,1.30306,1.31,1.01
2018.05.10 11:59:16.428,1.303,1.30305,6.45,1.00
2018.05.10 11:59:16.930,1.303,1.30304,2.70,1.00
2018.05.10 11:59:17.459,1.303,1.30305,2.62,1.10
2018.05.10 11:59:18.500,1.303,1.30306,1.12,2.14
2018.05.10 11:59:18.829,1.30299,1.30303,1.00,1.00
2018.05.10 11:59:19.145,1.30297,1.30301,1.12,1.12
2018.05.10 11:59:19.795,1.30295,1.30299,2.25,1.00
2018.05.10 11:59:20.003,1.30294,1.30299,3.94,1.50
2018.05.10 11:59:20.547,1.30294,1.30299,3.75,1.87
2018.05.10 11:59:22.586,1.30295,1.30298,1.00,1.00
2018.05.10 11:59:22.735,1.30292,1.30297,1.57,1.50
2018.05.10 11:59:22.946,1.30289,1.30292,1.01,1.00
2018.05.10 11:59:23.306,1.3029,1.30293,1.45,1.12
2018.05.10 11:59:23.616,1.30289,1.30293,2.14,1.12
2018.05.10 11:59:23.745,1.3029,1.30293,1.20,1.12
2018.05.10 11:59:24.310,1.30289,1.30293,2.14,1.12
2018.05.10 11:59:27.652,1.3029,1.30296,1.39,2.62
2018.05.10 11:59:28.205,1.3029,1.30295,1.39,2.00
2018.05.10 11:59:28.629,1.3029,1.30295,1.39,1.00
2018.05.10 11:59:28.945,1.30291,1.30295,1.39,1.00
2018.05.10 11:59:29.612,1.30291,1.30296,1.95,2.25
2018.05.10 11:59:30.150,1.30289,1.30291,2.14,1.00
2018.05.10 11:59:30.255,1.30289,1.30293,1.20,1.50
2018.05.10 11:59:30.804,1.30288,1.30292,1.57,1.00
2018.05.10 11:59:31.370,1.30288,1.30291,1.20,1.00
2018.05.10 11:59:32.493,1.30287,1.30291,1.20,1.50
2018.05.10 11:59:33.621,1.30286,1.3029,1.20,1.12
2018.05.10 11:59:34.142,1.30285,1.30289,2.32,1.00
2018.05.10 11:59:35.128,1.30285,1.3029,1.57,1.50
2018.05.10 11:59:36.153,1.30285,1.3029,4.01,1.50
2018.05.10 11:59:36.684,1.30285,1.3029,4.95,1.50
2018.05.10 11:59:37.185,1.30285,1.3029,4.95,1.00
2018.05.10 11:59:37.394,1.30289,1.30291,1.12,1.00
2018.05.10 11:59:37.552,1.3029,1.30294,1.95,1.50
2018.05.10 11:59:38.561,1.3029,1.30294,2.32,1.00
2018.05.10 11:59:39.105,1.30291,1.30295,2.51,2.25
2018.05.10 11:59:39.756,1.30292,1.30295,1.57,1.50
2018.05.10 11:59:41.276,1.30292,1.30296,2.06,1.12
2018.05.10 11:59:41.534,1.30293,1.30298,3.45,1.00
2018.05.10 11:59:42.083,1.30293,1.30296,1.57,1.00
2018.05.10 11:59:42.659,1.30293,1.30296,2.51,1.00
2018.05.10 11:59:43.292,1.30293,1.30296,2.14,1.12
2018.05.10 11:59:44.282,1.30293,1.30296,1.20,1.12
2018.05.10 11:59:45.010,1.30293,1.30297,2.14,1.50
2018.05.10 11:59:45.542,1.30295,1.30299,1.00,2.25
2018.05.10 11:59:46.178,1.30295,1.30299,1.25,2.25
2018.05.10 11:59:46.885,1.30294,1.30299,2.32,1.75
2018.05.10 11:59:47.320,1.30295,1.30299,1.70,2.25
2018.05.10 11:59:47.720,1.30298,1.30299,1.00,1.00
2018.05.10 11:59:47.774,1.30299,1.30301,1.00,1.00
2018.05.10 11:59:48.040,1.30301,1.30302,1.00,1.00
2018.05.10 11:59:48.092,1.30301,1.30303,1.00,1.00
2018.05.10 11:59:48.144,1.30301,1.30305,1.39,1.12
2018.05.10 11:59:48.560,1.30303,1.30306,1.20,1.00
2018.05.10 11:59:48.980,1.30303,1.30308,2.14,1.00
2018.05.10 11:59:49.566,1.30305,1.30309,2.70,1.12
2018.05.10 11:59:50.081,1.30306,1.3031,1.45,1.50
2018.05.10 11:59:51.072,1.30307,1.30312,1.20,3.56
2018.05.10 11:59:51.561,1.3031,1.30313,1.00,1.00
2018.05.10 11:59:53.829,1.3031,1.30313,1.20,1.50
2018.05.10 11:59:55.886,1.30311,1.30314,1.00,1.75
2018.05.10 11:59:55.938,1.30311,1.30316,1.20,1.25
2018.05.10 11:59:56.065,1.30314,1.30316,1.00,1.00
2018.05.10 11:59:56.374,1.30315,1.30318,3.82,1.00
2018.05.10 11:59:56.786,1.30317,1.30321,1.20,1.25
2018.05.10 11:59:57.212,1.30315,1.3032,2.70,2.25
2018.05.10 11:59:59.615,1.30314,1.30319,2.14,1.87
2018.05.10 11:59:59.774,1.30312,1.30317,1.45,1.87
