2015.06.17 15:00:00.091,1.39558,1.39564,1.50,2.62
2015.06.17 15:00:00.192,1.39557,1.39562,1.20,1.50
2015.06.17 15:00:00.530,1.39558,1.39564,1.50,1.50
2015.06.17 15:00:00.836,1.39563,1.39565,1.00,2.25
2015.06.17 15:00:01.143,1.3957,1.39574,1.00,2.25
2015.06.17 15:00:01.246,1.3957,1.39574,2.25,1.50
2015.06.17 15:00:01.418,1.39575,1.39578,1.00,1.00
2015.06.17 15:00:01.469,1.39576,1.3958,1.00,1.00
2015.06.17 15:00:01.570,1.39577,1.39582,1.00,1.65
2015.06.17 15:00:01.776,1.39574,1.39579,1.57,1.00
2015.06.17 15:00:01.979,1.39569,1.39575,1.50,1.50
2015.06.17 15:00:02.131,1.39568,1.39575,1.50,3.37
2015.06.17 15:00:02.903,1.39568,1.39574,1.50,1.20
2015.06.17 15:00:03.215,1.39572,1.39574,1.00,1.65
2015.06.17 15:00:03.693,1.39573,1.39575,1.00,1.50
2015.06.17 15:00:03.895,1.39573,1.39575,1.00,1.50
2015.06.17 15:00:03.997,1.39569,1.39575,1.20,1.50
2015.06.17 15:00:04.250,1.39568,1.39574,1.12,3.07
2015.06.17 15:00:04.710,1.39565,1.39571,1.95,1.57
2015.06.17 15:00:05.236,1.39566,1.3957,1.37,1.07
2015.06.17 15:00:05.543,1.39564,1.3957,1.57,1.57
2015.06.17 15:00:05.898,1.39567,1.3957,1.00,1.07
2015.06.17 15:00:06.304,1.39568,1.39571,1.37,1.50
2015.06.17 15:00:06.590,1.3957,1.39575,1.72,1.50
2015.06.17 15:00:06.894,1.39569,1.39576,1.27,1.50
2015.06.17 15:00:06.996,1.39569,1.39576,1.27,2.25
2015.06.17 15:00:07.401,1.39571,1.39574,1.00,1.07
2015.06.17 15:00:07.599,1.39571,1.39576,1.00,1.50
2015.06.17 15:00:08.107,1.39571,1.39575,1.00,1.50
2015.06.17 15:00:08.694,1.39569,1.39575,3.00,1.50
2015.06.17 15:00:09.253,1.39568,1.39577,3.75,1.50
2015.06.17 15:00:09.777,1.39568,1.39572,3.00,1.00
2015.06.17 15:00:09.878,1.39568,1.39573,3.00,1.00
2015.06.17 15:00:10.384,1.39568,1.3957,1.50,1.50
2015.06.17 15:00:10.435,1.39565,1.3957,3.37,1.65
2015.06.17 15:00:11.957,1.39567,1.39573,1.57,1.57
2015.06.17 15:00:12.261,1.39564,1.39569,1.50,1.87
2015.06.17 15:00:12.413,1.39563,1.39568,1.42,1.07
2015.06.17 15:00:12.464,1.39563,1.39568,1.05,1.07
2015.06.17 15:00:12.717,1.39563,1.3957,2.17,1.50
2015.06.17 15:00:12.769,1.39563,1.3957,2.85,1.50
2015.06.17 15:00:13.190,1.39566,1.3957,1.00,1.50
2015.06.17 15:00:13.292,1.39566,1.39573,1.50,2.25
2015.06.17 15:00:13.393,1.39567,1.39573,1.07,1.07
2015.06.17 15:00:13.747,1.39568,1.39575,1.50,1.50
2015.06.17 15:00:14.174,1.39566,1.39572,1.07,1.07
2015.06.17 15:00:14.887,1.39569,1.39572,1.00,1.07
2015.06.17 15:00:15.274,1.39569,1.39575,2.25,1.50
2015.06.17 15:00:15.729,1.3957,1.39577,1.50,3.75
2015.06.17 15:00:17.873,1.3957,1.39577,1.87,1.87
2015.06.17 15:00:18.602,1.3957,1.39577,2.25,1.50
2015.06.17 15:00:19.143,1.3957,1.39575,2.25,1.00
2015.06.17 15:00:19.648,1.3957,1.39577,6.75,2.25
2015.06.17 15:00:20.520,1.3957,1.39575,5.25,1.50
2015.06.17 15:00:20.874,1.3957,1.39574,1.37,1.07
2015.06.17 15:00:21.405,1.39571,1.39576,1.20,1.75
2015.06.17 15:00:21.456,1.39571,1.39577,1.27,1.20
2015.06.17 15:00:21.507,1.39571,1.39577,1.57,1.20
2015.06.17 15:00:22.004,1.39575,1.39579,1.00,1.50
2015.06.17 15:00:22.106,1.39574,1.39581,1.07,1.50
2015.06.17 15:00:22.207,1.39574,1.39579,1.07,1.00
2015.06.17 15:00:22.714,1.39574,1.3958,1.07,1.00
2015.06.17 15:00:23.238,1.39574,1.39581,1.45,1.00
2015.06.17 15:00:23.745,1.39577,1.39582,1.45,1.10
2015.06.17 15:00:24.513,1.39576,1.39581,1.95,1.10
2015.06.17 15:00:24.817,1.39576,1.39581,1.95,1.10
2015.06.17 15:00:25.546,1.39576,1.39582,1.57,1.57
2015.06.17 15:00:25.749,1.39574,1.3958,1.07,1.07
2015.06.17 15:00:26.513,1.39573,1.39579,2.10,1.50
2015.06.17 15:00:27.626,1.39575,1.39579,1.00,3.00
2015.06.17 15:00:28.631,1.39573,1.39579,1.50,3.75
2015.06.17 15:00:29.146,1.39572,1.39577,1.57,1.20
2015.06.17 15:00:29.450,1.3957,1.39575,1.47,1.57
2015.06.17 15:00:29.970,1.39569,1.39573,1.10,1.20
2015.06.17 15:00:30.288,1.39566,1.39571,3.00,1.20
2015.06.17 15:00:30.544,1.39563,1.39569,1.00,1.57
2015.06.17 15:00:30.646,1.3956,1.39569,3.82,4.20
2015.06.17 15:00:30.697,1.3956,1.39566,3.07,1.00
2015.06.17 15:00:31.002,1.39557,1.39561,1.37,3.00
2015.06.17 15:00:31.728,1.39555,1.39561,1.00,4.50
2015.06.17 15:00:32.482,1.39556,1.3956,1.00,1.65
2015.06.17 15:00:32.992,1.39554,1.39561,1.87,4.50
2015.06.17 15:00:33.248,1.39556,1.3956,1.00,1.65
2015.06.17 15:00:33.615,1.39558,1.3956,1.00,1.20
2015.06.17 15:00:34.213,1.39557,1.3956,1.50,1.20
2015.06.17 15:00:34.314,1.39555,1.39561,3.75,3.30
2015.06.17 15:00:34.365,1.39558,1.39561,1.00,3.30
2015.06.17 15:00:34.641,1.39557,1.3956,2.25,1.12
2015.06.17 15:00:34.692,1.39558,1.3956,1.00,1.10
2015.06.17 15:00:35.099,1.39559,1.39561,1.50,1.20
2015.06.17 15:00:35.301,1.3956,1.39561,1.50,1.00
2015.06.17 15:00:35.504,1.39564,1.39566,1.00,1.07
2015.06.17 15:00:35.957,1.3956,1.39564,3.00,1.07
2015.06.17 15:00:36.464,1.39557,1.39563,1.95,1.10
2015.06.17 15:00:37.079,1.39559,1.39563,1.00,1.10
2015.06.17 15:00:37.585,1.39558,1.39564,1.10,1.57
2015.06.17 15:00:38.005,1.39558,1.39564,1.10,2.25
2015.06.17 15:00:38.537,1.39555,1.39561,2.32,1.07
2015.06.17 15:00:38.994,1.39555,1.39561,1.95,3.00
2015.06.17 15:00:40.523,1.39552,1.39559,1.12,1.50
2015.06.17 15:00:41.056,1.39551,1.39557,2.10,1.00
2015.06.17 15:00:41.107,1.3955,1.39556,2.55,1.07
2015.06.17 15:00:41.614,1.3955,1.39555,1.12,1.20
2015.06.17 15:00:42.144,1.39551,1.39552,1.00,1.30
2015.06.17 15:00:42.347,1.39553,1.39555,1.00,1.20
2015.06.17 15:00:42.855,1.39552,1.39555,1.00,1.20
2015.06.17 15:00:43.396,1.39551,1.39556,1.57,1.10
2015.06.17 15:00:44.248,1.39551,1.39552,1.10,1.00
2015.06.17 15:00:44.445,1.39548,1.39551,1.00,1.57
2015.06.17 15:00:44.752,1.39545,1.3955,2.32,1.07
2015.06.17 15:00:45.258,1.39546,1.39551,1.12,3.00
2015.06.17 15:00:45.359,1.39548,1.39549,1.00,1.50
2015.06.17 15:00:45.900,1.39547,1.3955,1.00,1.50
2015.06.17 15:00:46.440,1.39548,1.3955,1.00,1.50
2015.06.17 15:00:46.944,1.39547,1.3955,1.00,1.50
2015.06.17 15:00:47.399,1.39549,1.39551,1.00,1.07
2015.06.17 15:00:47.715,1.3955,1.39553,1.00,1.20
2015.06.17 15:00:48.138,1.39548,1.39554,1.87,3.00
2015.06.17 15:00:48.822,1.39544,1.39551,1.87,1.47
2015.06.17 15:00:49.363,1.39548,1.39549,1.12,1.00
2015.06.17 15:00:49.666,1.39549,1.39554,1.37,1.65
2015.06.17 15:00:49.768,1.39548,1.39553,1.37,1.00
2015.06.17 15:00:50.310,1.39546,1.39553,1.37,1.87
2015.06.17 15:00:50.860,1.39547,1.39553,1.37,1.95
2015.06.17 15:00:51.135,1.39544,1.3955,2.70,1.00
2015.06.17 15:00:51.236,1.39543,1.39549,1.37,1.57
2015.06.17 15:00:51.287,1.39542,1.39548,1.35,1.10
2015.06.17 15:00:51.389,1.39541,1.39546,1.50,1.00
2015.06.17 15:00:52.018,1.3954,1.39545,2.47,1.10
2015.06.17 15:00:52.325,1.3954,1.39543,1.72,1.07
2015.06.17 15:00:52.528,1.39538,1.39543,1.80,1.07
2015.06.17 15:00:52.579,1.3954,1.39543,1.50,1.07
2015.06.17 15:00:52.914,1.39541,1.39543,1.00,1.10
2015.06.17 15:00:53.245,1.39541,1.39543,1.00,1.50
2015.06.17 15:00:53.397,1.39542,1.39543,1.00,1.50
2015.06.17 15:00:53.600,1.3954,1.39543,1.50,2.25
2015.06.17 15:00:54.120,1.39539,1.39543,1.00,2.25
2015.06.17 15:00:54.643,1.3954,1.39543,1.00,2.25
2015.06.17 15:00:54.795,1.39537,1.39543,3.97,2.25
2015.06.17 15:00:55.048,1.39538,1.39542,1.37,1.50
2015.06.17 15:00:55.513,1.39542,1.39543,1.00,1.50
2015.06.17 15:00:55.671,1.39542,1.39545,1.00,2.62
2015.06.17 15:00:55.874,1.39539,1.39545,2.62,2.62
2015.06.17 15:00:56.076,1.39536,1.39541,1.95,1.10
2015.06.17 15:00:56.380,1.39536,1.3954,1.37,1.50
2015.06.17 15:00:57.203,1.39536,1.39541,1.87,1.57
2015.06.17 15:00:57.506,1.3954,1.39542,1.00,1.00
2015.06.17 15:00:58.033,1.3954,1.39544,1.00,1.57
2015.06.17 15:00:58.539,1.39536,1.39542,1.87,1.10
2015.06.17 15:01:00.766,1.39536,1.39543,1.12,1.10
2015.06.17 15:01:01.121,1.39539,1.39546,1.20,1.57
2015.06.17 15:01:01.882,1.39538,1.39545,1.87,1.50
2015.06.17 15:01:02.888,1.39537,1.39543,1.27,1.65
2015.06.17 15:01:02.989,1.39537,1.39542,1.10,1.50
2015.06.17 15:01:03.313,1.39536,1.3954,1.00,3.00
2015.06.17 15:01:03.618,1.39542,1.39543,1.12,1.20
2015.06.17 15:01:03.670,1.39544,1.39546,1.00,9.00
2015.06.17 15:01:03.722,1.39546,1.39548,1.00,1.65
2015.06.17 15:01:03.773,1.39546,1.39548,1.00,1.00
2015.06.17 15:01:04.120,1.39548,1.3955,1.00,1.12
2015.06.17 15:01:04.171,1.39548,1.39551,1.00,2.25
2015.06.17 15:01:04.324,1.39549,1.39552,1.00,1.12
2015.06.17 15:01:04.477,1.39551,1.39553,1.00,1.00
2015.06.17 15:01:04.528,1.39552,1.39554,1.00,1.00
2015.06.17 15:01:04.580,1.39553,1.39556,1.00,3.15
2015.06.17 15:01:04.885,1.39553,1.39559,1.00,1.50
2015.06.17 15:01:05.135,1.39551,1.39558,1.00,2.62
2015.06.17 15:01:05.187,1.39551,1.39558,1.10,3.45
2015.06.17 15:01:05.492,1.39554,1.39557,1.00,1.50
2015.06.17 15:01:05.595,1.39552,1.39558,1.00,1.10
2015.06.17 15:01:06.126,1.3955,1.39557,1.57,1.00
2015.06.17 15:01:06.177,1.3955,1.39556,1.65,1.87
2015.06.17 15:01:06.685,1.3955,1.39554,1.50,1.57
2015.06.17 15:01:07.230,1.39548,1.39554,1.07,2.32
2015.06.17 15:01:08.303,1.39551,1.39554,1.00,2.32
2015.06.17 15:01:08.529,1.39553,1.39559,1.00,1.50
2015.06.17 15:01:09.037,1.39552,1.39559,1.00,1.20
2015.06.17 15:01:09.594,1.39551,1.39558,1.10,1.87
2015.06.17 15:01:10.102,1.3955,1.39557,2.32,1.20
2015.06.17 15:01:10.413,1.3955,1.39555,1.10,1.37
2015.06.17 15:01:10.565,1.3955,1.39555,1.50,1.00
2015.06.17 15:01:11.092,1.39548,1.39554,2.25,1.12
2015.06.17 15:01:11.432,1.39548,1.39555,2.25,3.37
2015.06.17 15:01:11.939,1.39547,1.39553,1.20,1.12
2015.06.17 15:01:11.990,1.39548,1.39552,1.87,1.12
2015.06.17 15:01:12.142,1.39549,1.39554,1.00,1.00
2015.06.17 15:01:12.194,1.39547,1.39555,1.27,1.00
2015.06.17 15:01:12.245,1.39547,1.39554,3.37,1.75
2015.06.17 15:01:12.599,1.39544,1.3955,1.45,1.10
2015.06.17 15:01:12.904,1.39541,1.39548,1.00,2.62
2015.06.17 15:01:13.258,1.39538,1.39545,1.95,1.95
2015.06.17 15:01:13.955,1.39539,1.39545,1.10,1.95
2015.06.17 15:01:14.508,1.3954,1.39545,1.00,2.32
2015.06.17 15:01:15.142,1.39539,1.39545,1.10,1.07
2015.06.17 15:01:15.445,1.39543,1.39547,1.00,2.02
2015.06.17 15:01:15.951,1.39545,1.39547,1.00,2.02
2015.06.17 15:01:16.290,1.3955,1.39553,1.00,2.25
2015.06.17 15:01:16.443,1.39548,1.39553,2.25,1.20
2015.06.17 15:01:16.545,1.3955,1.39551,1.00,1.12
2015.06.17 15:01:16.647,1.39548,1.3955,1.10,1.00
2015.06.17 15:01:17.182,1.39547,1.3955,1.10,1.10
2015.06.17 15:01:17.690,1.39545,1.39552,2.32,1.50
2015.06.17 15:01:18.196,1.39547,1.39552,1.00,1.87
2015.06.17 15:01:18.386,1.3955,1.39553,1.00,1.87
2015.06.17 15:01:18.438,1.39548,1.39553,1.00,1.57
2015.06.17 15:01:18.641,1.3955,1.39553,1.00,1.07
2015.06.17 15:01:19.143,1.3955,1.39554,1.00,1.87
2015.06.17 15:01:19.447,1.39553,1.39555,1.12,2.10
2015.06.17 15:01:19.692,1.39558,1.39561,1.50,2.62
2015.06.17 15:01:19.743,1.39559,1.39561,1.50,1.42
2015.06.17 15:01:19.794,1.39561,1.39564,1.12,1.07
2015.06.17 15:01:19.896,1.39558,1.39564,1.10,1.07
2015.06.17 15:01:19.947,1.39561,1.39564,1.00,1.07
2015.06.17 15:01:20.150,1.39559,1.39565,1.00,2.62
2015.06.17 15:01:20.650,1.39557,1.39564,1.20,1.50
2015.06.17 15:01:20.821,1.3956,1.39564,1.00,1.50
2015.06.17 15:01:21.023,1.39556,1.39564,2.32,2.25
2015.06.17 15:01:21.125,1.39556,1.39561,3.00,1.37
2015.06.17 15:01:21.378,1.39553,1.39558,1.20,1.00
2015.06.17 15:01:22.201,1.39553,1.39558,1.07,1.37
2015.06.17 15:01:22.807,1.39552,1.39558,1.67,2.32
2015.06.17 15:01:24.123,1.39552,1.39557,1.07,1.57
2015.06.17 15:01:24.628,1.39551,1.39558,2.47,1.75
2015.06.17 15:01:24.983,1.39552,1.39559,1.80,1.57
2015.06.17 15:01:25.235,1.39552,1.39558,1.80,1.00
2015.06.17 15:01:25.752,1.39554,1.39559,1.07,1.10
2015.06.17 15:01:26.207,1.39554,1.3956,1.95,1.95
2015.06.17 15:01:26.411,1.39558,1.39564,1.10,1.20
2015.06.17 15:01:26.560,1.39559,1.39564,1.50,1.00
2015.06.17 15:01:27.067,1.39559,1.39561,1.50,1.00
2015.06.17 15:01:27.321,1.39554,1.39558,1.10,1.50
2015.06.17 15:01:27.423,1.3955,1.39557,1.87,1.50
2015.06.17 15:01:27.673,1.39555,1.39558,4.35,1.50
2015.06.17 15:01:27.725,1.39559,1.3956,3.60,4.50
2015.06.17 15:01:27.776,1.39559,1.39561,4.42,3.00
2015.06.17 15:01:27.827,1.3956,1.39562,1.37,1.50
2015.06.17 15:01:27.878,1.3956,1.39565,1.87,1.12
2015.06.17 15:01:28.385,1.39559,1.39567,1.57,1.87
2015.06.17 15:01:29.229,1.39559,1.39564,1.07,1.00
2015.06.17 15:01:29.753,1.39558,1.39564,1.07,1.20
2015.06.17 15:01:30.445,1.39557,1.39564,1.50,1.50
2015.06.17 15:01:30.889,1.39561,1.39564,1.00,1.12
2015.06.17 15:01:31.042,1.39561,1.39568,1.57,1.45
2015.06.17 15:01:31.244,1.39563,1.39569,1.50,3.00
2015.06.17 15:01:31.498,1.39562,1.39569,1.50,1.00
2015.06.17 15:01:31.949,1.39562,1.39567,1.50,1.12
2015.06.17 15:01:32.254,1.3956,1.39567,1.20,1.12
2015.06.17 15:01:33.439,1.39559,1.39566,1.10,1.12
2015.06.17 15:01:33.540,1.3956,1.39568,2.25,1.50
2015.06.17 15:01:34.070,1.3956,1.39568,1.57,1.57
2015.06.17 15:01:34.659,1.3956,1.39568,1.07,1.95
2015.06.17 15:01:35.064,1.39559,1.39565,2.25,1.37
2015.06.17 15:01:35.438,1.39557,1.39566,1.20,1.75
2015.06.17 15:01:35.640,1.39559,1.39566,1.07,1.12
2015.06.17 15:01:35.742,1.39557,1.39566,1.20,1.75
2015.06.17 15:01:36.346,1.39557,1.39564,1.50,2.02
2015.06.17 15:01:36.398,1.39557,1.39564,1.07,3.07
2015.06.17 15:01:36.651,1.39554,1.39561,1.50,2.25
2015.06.17 15:01:37.160,1.39554,1.39561,1.87,1.75
2015.06.17 15:01:37.320,1.39554,1.39562,1.87,2.40
2015.06.17 15:01:39.381,1.39554,1.39562,1.87,2.77
2015.06.17 15:01:39.482,1.39554,1.39561,1.45,2.25
2015.06.17 15:01:40.132,1.39554,1.39561,1.07,1.50
2015.06.17 15:01:40.385,1.39555,1.39562,1.07,3.07
2015.06.17 15:01:40.689,1.3956,1.39563,1.00,1.12
2015.06.17 15:01:40.790,1.3956,1.39567,1.50,3.75
2015.06.17 15:01:40.841,1.3956,1.39567,3.00,2.25
2015.06.17 15:01:41.356,1.3956,1.39566,1.50,1.12
2015.06.17 15:01:41.710,1.3956,1.39564,1.07,1.00
2015.06.17 15:01:42.166,1.39558,1.39563,1.07,1.57
2015.06.17 15:01:43.133,1.39558,1.39566,3.07,1.12
2015.06.17 15:01:43.336,1.3956,1.39568,1.07,4.50
2015.06.17 15:01:43.765,1.39559,1.39565,1.50,1.12
2015.06.17 15:01:43.917,1.39557,1.39565,1.07,1.87
2015.06.17 15:01:44.429,1.39557,1.39562,1.07,1.00
2015.06.17 15:01:44.962,1.39556,1.39562,1.07,1.57
2015.06.17 15:01:48.449,1.39557,1.39563,1.57,1.47
2015.06.17 15:01:48.601,1.39557,1.39564,1.85,2.02
2015.06.17 15:01:49.487,1.39559,1.39565,1.50,2.25
2015.06.17 15:01:49.641,1.39559,1.39566,2.02,1.20
2015.06.17 15:01:49.793,1.39562,1.39566,1.00,1.10
2015.06.17 15:01:49.944,1.39563,1.39569,1.00,2.62
2015.06.17 15:01:50.096,1.39568,1.39571,1.00,2.62
2015.06.17 15:01:50.416,1.39572,1.39576,1.00,1.95
2015.06.17 15:01:50.518,1.39573,1.39579,1.00,1.50
2015.06.17 15:01:50.619,1.39574,1.3958,1.00,1.10
2015.06.17 15:01:50.721,1.39577,1.39582,1.00,1.87
2015.06.17 15:01:50.823,1.39578,1.39583,1.00,1.07
2015.06.17 15:01:51.405,1.39579,1.39585,1.00,1.57
2015.06.17 15:01:52.617,1.3958,1.39585,1.00,1.57
2015.06.17 15:01:53.724,1.39579,1.39586,1.20,2.25
2015.06.17 15:01:54.534,1.39579,1.39585,1.10,1.20
2015.06.17 15:01:54.923,1.39577,1.39585,1.65,3.90
2015.06.17 15:01:55.278,1.39577,1.39584,2.40,4.12
2015.06.17 15:01:55.682,1.39574,1.39581,2.32,1.95
2015.06.17 15:01:56.183,1.39576,1.39583,1.10,1.75
2015.06.17 15:01:56.689,1.39577,1.39584,1.00,2.62
2015.06.17 15:01:56.740,1.39579,1.39584,1.00,1.20
2015.06.17 15:01:57.279,1.39578,1.39584,1.10,2.32
2015.06.17 15:01:57.936,1.39577,1.39584,1.00,2.40
2015.06.17 15:01:58.583,1.39576,1.39583,1.20,1.37
2015.06.17 15:01:58.887,1.39575,1.39578,1.50,1.00
2015.06.17 15:01:59.090,1.39573,1.39578,2.25,1.20
2015.06.17 15:02:00.422,1.39575,1.3958,1.00,1.75
2015.06.17 15:02:00.625,1.39576,1.39582,1.00,2.25
2015.06.17 15:02:00.727,1.39576,1.39583,1.00,1.82
2015.06.17 15:02:01.272,1.39576,1.39584,3.45,1.50
2015.06.17 15:02:01.787,1.39578,1.39583,1.00,1.07
2015.06.17 15:02:02.335,1.39576,1.39583,2.32,2.32
2015.06.17 15:02:02.791,1.39576,1.39582,2.32,2.32
2015.06.17 15:02:02.944,1.39573,1.39579,1.27,1.87
2015.06.17 15:02:03.480,1.39573,1.39579,1.00,1.87
2015.06.17 15:02:03.683,1.39571,1.39577,1.00,2.62
2015.06.17 15:02:04.245,1.3957,1.39577,1.10,1.87
2015.06.17 15:02:05.517,1.39569,1.39576,1.57,2.32
2015.06.17 15:02:06.027,1.39569,1.39575,1.10,1.07
2015.06.17 15:02:06.424,1.39568,1.39572,3.07,1.12
2015.06.17 15:02:06.697,1.39566,1.39572,1.07,1.95
2015.06.17 15:02:06.798,1.39565,1.39572,1.65,2.62
2015.06.17 15:02:06.950,1.39565,1.39569,1.20,1.37
2015.06.17 15:02:07.456,1.39564,1.39569,2.25,1.37
2015.06.17 15:02:08.022,1.39566,1.39569,1.00,1.37
2015.06.17 15:02:08.174,1.39567,1.39571,1.00,1.57
2015.06.17 15:02:08.326,1.39569,1.39572,1.00,1.45
2015.06.17 15:02:08.428,1.39569,1.39573,1.00,1.27
2015.06.17 15:02:08.965,1.39571,1.39573,1.00,1.10
2015.06.17 15:02:09.472,1.3957,1.39575,1.00,1.20
2015.06.17 15:02:09.851,1.39571,1.39575,1.00,2.32
2015.06.17 15:02:10.158,1.39572,1.39575,1.00,1.75
2015.06.17 15:02:10.260,1.3957,1.39576,2.32,1.12
2015.06.17 15:02:10.312,1.3957,1.39577,2.40,2.25
2015.06.17 15:02:11.045,1.39569,1.39574,1.10,1.10
2015.06.17 15:02:11.247,1.39568,1.39572,1.00,1.00
2015.06.17 15:02:11.760,1.39566,1.39574,2.62,2.62
2015.06.17 15:02:12.078,1.3957,1.39575,1.37,1.20
2015.06.17 15:02:12.484,1.39568,1.39575,1.20,1.20
2015.06.17 15:02:12.689,1.39568,1.39574,1.20,1.50
2015.06.17 15:02:13.833,1.3957,1.39574,1.00,1.75
2015.06.17 15:02:13.934,1.39569,1.39576,1.10,1.12
2015.06.17 15:02:14.183,1.3957,1.39578,1.07,2.25
2015.06.17 15:02:14.804,1.3957,1.39577,1.57,1.95
2015.06.17 15:02:15.012,1.39568,1.39577,6.00,1.65
2015.06.17 15:02:15.113,1.39569,1.39577,1.20,2.40
2015.06.17 15:02:15.164,1.39571,1.39577,1.00,2.40
2015.06.17 15:02:15.380,1.39573,1.3958,1.00,2.62
2015.06.17 15:02:15.481,1.39573,1.39581,1.87,1.20
2015.06.17 15:02:15.532,1.39573,1.39579,1.87,1.00
2015.06.17 15:02:15.786,1.39574,1.39581,1.20,1.20
2015.06.17 15:02:16.163,1.39573,1.39576,1.87,1.00
2015.06.17 15:02:16.387,1.39569,1.39573,1.00,1.87
2015.06.17 15:02:16.489,1.39567,1.39572,1.00,1.37
2015.06.17 15:02:16.995,1.39566,1.39572,1.12,1.87
2015.06.17 15:02:17.593,1.39565,1.39571,1.50,1.12
2015.06.17 15:02:17.923,1.39563,1.39569,2.25,1.37
2015.06.17 15:02:18.428,1.39563,1.39569,1.20,1.00
2015.06.17 15:02:18.964,1.39564,1.3957,1.00,1.12
2015.06.17 15:02:19.471,1.39562,1.3957,3.22,2.62
2015.06.17 15:02:19.976,1.39562,1.3957,3.22,2.62
2015.06.17 15:02:20.318,1.39565,1.39571,1.87,1.27
2015.06.17 15:02:21.000,1.39565,1.39572,1.87,2.62
2015.06.17 15:02:21.307,1.39562,1.39567,1.27,1.27
2015.06.17 15:02:21.362,1.39561,1.39567,2.25,3.52
2015.06.17 15:02:21.665,1.3956,1.39565,1.82,1.47
2015.06.17 15:02:21.969,1.39561,1.39565,1.50,1.20
2015.06.17 15:02:22.171,1.39561,1.39567,2.32,1.20
2015.06.17 15:02:22.706,1.39563,1.3957,1.95,2.62
2015.06.17 15:02:22.909,1.39565,1.3957,2.85,1.12
2015.06.17 15:02:23.061,1.39567,1.39573,1.27,1.50
2015.06.17 15:02:23.796,1.39566,1.39571,1.87,1.00
2015.06.17 15:02:24.436,1.39566,1.39572,1.87,1.27
2015.06.17 15:02:25.165,1.39566,1.39572,1.87,1.57
2015.06.17 15:02:25.418,1.39566,1.39568,1.87,1.00
2015.06.17 15:02:25.570,1.39564,1.39568,3.07,1.12
2015.06.17 15:02:26.103,1.39564,1.39567,2.40,1.12
2015.06.17 15:02:26.205,1.39564,1.39565,2.32,1.00
2015.06.17 15:02:26.582,1.39559,1.39565,1.82,1.07
2015.06.17 15:02:27.213,1.3956,1.39566,2.25,1.57
2015.06.17 15:02:27.264,1.3956,1.39564,2.25,1.37
2015.06.17 15:02:27.771,1.39559,1.39562,2.17,1.00
2015.06.17 15:02:27.823,1.39559,1.39563,1.80,1.00
2015.06.17 15:02:27.874,1.39561,1.39564,2.10,1.20
2015.06.17 15:02:28.027,1.39561,1.39568,1.60,3.75
2015.06.17 15:02:28.211,1.39561,1.39569,4.72,1.50
2015.06.17 15:02:28.704,1.39564,1.39566,2.25,1.00
2015.06.17 15:02:29.321,1.39562,1.39563,2.62,1.00
2015.06.17 15:02:29.423,1.3956,1.39563,1.00,1.37
2015.06.17 15:02:29.575,1.39558,1.39563,1.20,1.20
2015.06.17 15:02:30.079,1.39558,1.39564,1.20,1.87
2015.06.17 15:02:30.504,1.39557,1.39562,2.62,2.70
2015.06.17 15:02:31.012,1.39554,1.3956,2.70,1.57
2015.06.17 15:02:31.528,1.39554,1.39562,2.70,5.25
2015.06.17 15:02:34.790,1.39555,1.39562,2.10,1.12
2015.06.17 15:02:35.043,1.39556,1.39563,2.77,1.45
2015.06.17 15:02:35.353,1.39558,1.39564,2.62,1.75
2015.06.17 15:02:35.689,1.39562,1.3957,3.82,1.87
2015.06.17 15:02:35.943,1.39564,1.39572,3.22,1.75
2015.06.17 15:02:37.883,1.39566,1.3957,1.00,1.20
2015.06.17 15:02:37.984,1.3957,1.39573,1.00,2.62
2015.06.17 15:02:38.035,1.3957,1.39573,1.00,1.50
2015.06.17 15:02:38.190,1.3957,1.39573,1.87,1.20
2015.06.17 15:02:38.242,1.3957,1.39577,2.02,1.00
2015.06.17 15:02:38.395,1.39575,1.3958,1.00,3.75
2015.06.17 15:02:38.547,1.39576,1.3958,1.00,1.10
2015.06.17 15:02:38.801,1.39576,1.39583,1.20,1.45
2015.06.17 15:02:39.105,1.39578,1.39584,1.00,3.75
2015.06.17 15:02:39.617,1.39577,1.39584,1.87,3.75
2015.06.17 15:02:40.128,1.39577,1.39584,2.25,3.75
2015.06.17 15:02:40.653,1.39577,1.39584,1.87,3.75
2015.06.17 15:02:41.169,1.39577,1.39584,1.50,3.75
2015.06.17 15:02:41.679,1.39576,1.39583,1.07,3.37
2015.06.17 15:02:41.858,1.39574,1.39582,1.50,3.00
2015.06.17 15:02:42.113,1.39573,1.39581,1.87,1.50
2015.06.17 15:02:43.288,1.39573,1.39581,1.12,2.25
2015.06.17 15:02:43.493,1.39575,1.39578,1.00,1.10
2015.06.17 15:02:43.696,1.39573,1.39578,2.55,1.20
2015.06.17 15:02:44.602,1.39574,1.39579,1.00,1.87
2015.06.17 15:02:44.941,1.39573,1.39578,1.50,3.00
2015.06.17 15:02:45.144,1.39574,1.39578,2.85,1.50
2015.06.17 15:02:45.397,1.39575,1.39581,2.10,2.25
2015.06.17 15:02:45.947,1.39576,1.39581,1.00,1.75
2015.06.17 15:02:46.049,1.39576,1.39582,1.57,1.20
2015.06.17 15:02:46.558,1.39577,1.39582,1.00,1.57
2015.06.17 15:02:47.085,1.39578,1.39582,1.00,1.20
2015.06.17 15:02:47.615,1.39577,1.39582,1.00,1.20
2015.06.17 15:02:48.163,1.39576,1.39583,1.57,3.37
2015.06.17 15:02:48.365,1.39577,1.3958,1.00,2.25
2015.06.17 15:02:48.669,1.39574,1.39577,1.00,1.57
2015.06.17 15:02:48.872,1.39569,1.39572,1.00,1.95
2015.06.17 15:02:48.923,1.39567,1.39572,1.00,1.20
2015.06.17 15:02:49.449,1.39565,1.39572,2.32,1.20
2015.06.17 15:02:49.753,1.39566,1.39571,1.00,1.12
2015.06.17 15:02:50.298,1.39567,1.39571,1.00,1.12
2015.06.17 15:02:50.834,1.39566,1.39571,1.00,1.12
2015.06.17 15:02:51.518,1.39566,1.39572,1.10,1.12
2015.06.17 15:02:51.822,1.3957,1.39572,1.00,1.12
2015.06.17 15:02:51.974,1.3957,1.39576,1.37,1.87
2015.06.17 15:02:52.076,1.39567,1.39575,1.57,1.07
2015.06.17 15:02:52.583,1.39568,1.39573,1.10,1.00
2015.06.17 15:02:53.495,1.39568,1.39574,1.10,1.10
2015.06.17 15:02:54.070,1.39569,1.39575,1.00,1.20
2015.06.17 15:02:54.225,1.39567,1.39572,1.07,1.00
2015.06.17 15:02:54.378,1.39566,1.39572,1.65,1.50
2015.06.17 15:02:55.505,1.39566,1.39572,2.02,1.45
2015.06.17 15:02:55.826,1.39569,1.39573,1.00,1.75
2015.06.17 15:02:56.029,1.39572,1.39579,1.12,3.75
2015.06.17 15:02:56.182,1.39572,1.3958,1.12,1.87
2015.06.17 15:02:56.399,1.39574,1.3958,1.00,1.12
2015.06.17 15:02:56.552,1.39572,1.3958,1.00,1.12
2015.06.17 15:02:57.062,1.39572,1.39579,1.00,1.57
2015.06.17 15:02:57.567,1.39571,1.39579,2.32,1.57
2015.06.17 15:02:59.802,1.39571,1.39579,2.32,3.82
2015.06.17 15:03:00.600,1.39571,1.39579,1.57,1.57
2015.06.17 15:03:01.259,1.39572,1.3958,1.00,1.50
2015.06.17 15:03:01.791,1.39571,1.3958,4.87,1.87
2015.06.17 15:03:05.251,1.39573,1.3958,1.00,2.25
2015.06.17 15:03:05.757,1.39572,1.3958,2.02,2.62
2015.06.17 15:03:05.910,1.39573,1.3958,1.37,1.87
2015.06.17 15:03:06.432,1.39573,1.39579,1.00,1.20
2015.06.17 15:03:08.357,1.39575,1.3958,1.00,1.50
2015.06.17 15:03:08.611,1.39573,1.3958,1.00,3.00
2015.06.17 15:03:08.915,1.3957,1.39579,2.25,1.27
2015.06.17 15:03:09.722,1.3957,1.3958,2.62,4.12
2015.06.17 15:03:10.283,1.3957,1.3958,2.25,4.12
2015.06.17 15:03:10.805,1.39571,1.39579,1.12,1.27
2015.06.17 15:03:11.344,1.39571,1.39579,1.37,1.20
2015.06.17 15:03:12.318,1.39572,1.39579,1.12,1.57
2015.06.17 15:03:12.369,1.3957,1.39579,2.25,2.77
2015.06.17 15:03:12.420,1.3957,1.39579,1.50,3.75
2015.06.17 15:03:12.572,1.3957,1.39579,4.12,2.25
2015.06.17 15:03:12.978,1.39574,1.39581,1.00,1.87
2015.06.17 15:03:13.180,1.39575,1.39581,2.92,1.37
2015.06.17 15:03:13.413,1.39577,1.39584,1.10,1.12
2015.06.17 15:03:13.565,1.39577,1.39586,1.65,1.65
2015.06.17 15:03:14.070,1.39579,1.39586,1.00,1.12
2015.06.17 15:03:15.057,1.39578,1.39586,1.10,1.12
2015.06.17 15:03:15.775,1.3958,1.39586,1.00,1.12
2015.06.17 15:03:15.876,1.39578,1.39586,1.10,1.12
2015.06.17 15:03:16.065,1.3958,1.39586,1.00,1.12
2015.06.17 15:03:16.779,1.39578,1.39586,1.00,1.50
2015.06.17 15:03:16.830,1.39578,1.39584,1.00,1.37
2015.06.17 15:03:16.932,1.39577,1.39585,1.20,1.87
2015.06.17 15:03:16.983,1.39577,1.39585,1.20,1.87
2015.06.17 15:03:17.085,1.39579,1.39585,1.00,1.87
2015.06.17 15:03:17.605,1.39579,1.39588,3.07,1.85
2015.06.17 15:03:20.995,1.39579,1.39587,3.07,4.50
2015.06.17 15:03:21.504,1.3958,1.39584,1.50,1.00
2015.06.17 15:03:22.086,1.39579,1.39584,1.57,1.57
2015.06.17 15:03:22.288,1.39578,1.39584,1.07,2.32
2015.06.17 15:03:22.390,1.39583,1.39585,1.00,1.10
2015.06.17 15:03:22.666,1.39585,1.3959,1.50,1.00
2015.06.17 15:03:22.719,1.39585,1.39588,1.07,1.00
2015.06.17 15:03:22.871,1.39581,1.39589,3.60,3.00
2015.06.17 15:03:23.378,1.39581,1.39588,2.10,1.50
2015.06.17 15:03:23.531,1.39583,1.39588,1.00,1.50
2015.06.17 15:03:23.860,1.39585,1.39588,1.00,1.50
2015.06.17 15:03:23.961,1.39585,1.39591,1.00,1.45
2015.06.17 15:03:24.965,1.39587,1.39593,1.00,1.07
2015.06.17 15:03:25.268,1.39588,1.39594,1.50,1.00
2015.06.17 15:03:25.572,1.39586,1.39592,1.50,1.50
2015.06.17 15:03:26.920,1.39587,1.39592,1.20,3.00
2015.06.17 15:03:27.100,1.39587,1.39592,1.20,2.62
2015.06.17 15:03:27.353,1.39589,1.39592,1.00,2.62
2015.06.17 15:03:27.603,1.39592,1.39596,1.00,1.65
2015.06.17 15:03:28.109,1.39591,1.39596,1.50,1.10
2015.06.17 15:03:28.657,1.39592,1.39596,1.00,1.10
2015.06.17 15:03:28.848,1.39592,1.39596,1.00,1.47
2015.06.17 15:03:29.371,1.39591,1.39597,1.00,1.95
2015.06.17 15:03:29.676,1.3959,1.39595,1.00,1.87
2015.06.17 15:03:29.940,1.39587,1.39594,2.25,2.62
2015.06.17 15:03:30.142,1.39587,1.39594,2.25,1.87
2015.06.17 15:03:30.244,1.39589,1.39594,1.00,1.87
2015.06.17 15:03:30.346,1.39589,1.39596,1.50,3.00
2015.06.17 15:03:30.447,1.39589,1.39594,1.50,1.37
2015.06.17 15:03:30.962,1.39589,1.39594,1.00,1.12
2015.06.17 15:03:31.265,1.39589,1.39592,1.00,1.12
2015.06.17 15:03:31.619,1.39587,1.39592,2.25,1.12
2015.06.17 15:03:32.480,1.39588,1.39592,1.00,1.12
2015.06.17 15:03:32.986,1.39589,1.39592,1.50,1.00
2015.06.17 15:03:33.492,1.39587,1.39591,1.50,1.00
2015.06.17 15:03:34.568,1.39587,1.39592,2.25,1.12
2015.06.17 15:03:35.589,1.39587,1.39593,2.25,1.87
2015.06.17 15:03:36.389,1.39587,1.39593,2.25,1.87
2015.06.17 15:03:38.691,1.39587,1.39593,1.50,1.37
2015.06.17 15:03:39.162,1.39587,1.39593,2.25,2.02
2015.06.17 15:03:40.088,1.39588,1.39593,1.00,1.27
2015.06.17 15:03:40.614,1.39588,1.39592,1.00,1.00
2015.06.17 15:03:41.980,1.39588,1.39594,1.00,2.25
2015.06.17 15:03:42.283,1.3959,1.39596,1.00,3.45
2015.06.17 15:03:42.587,1.39589,1.39593,1.50,1.00
2015.06.17 15:03:43.419,1.39589,1.39592,1.50,1.37
2015.06.17 15:03:44.145,1.39589,1.39593,1.87,1.00
2015.06.17 15:03:44.196,1.39589,1.39595,1.87,2.32
2015.06.17 15:03:44.722,1.39591,1.39597,1.37,2.25
2015.06.17 15:03:45.270,1.39591,1.39597,1.37,1.87
2015.06.17 15:03:45.773,1.39591,1.39596,1.12,1.00
2015.06.17 15:03:46.808,1.39591,1.39596,1.12,1.37
2015.06.17 15:03:47.331,1.39589,1.39594,2.62,1.00
2015.06.17 15:03:48.438,1.39589,1.39596,2.62,3.75
2015.06.17 15:03:50.799,1.3959,1.39596,1.37,3.37
2015.06.17 15:03:52.008,1.3959,1.39594,1.50,1.00
2015.06.17 15:03:52.160,1.3959,1.39594,1.00,1.00
2015.06.17 15:03:52.812,1.39588,1.39594,1.37,1.00
2015.06.17 15:03:54.265,1.39587,1.39594,2.02,1.00
2015.06.17 15:03:54.468,1.3959,1.39597,1.37,1.50
2015.06.17 15:03:55.165,1.3959,1.39598,1.37,1.20
2015.06.17 15:03:56.452,1.39591,1.39598,1.37,1.20
2015.06.17 15:03:56.738,1.39596,1.39602,1.00,1.00
2015.06.17 15:03:56.890,1.39593,1.39602,5.25,1.87
2015.06.17 15:03:57.497,1.39593,1.39602,1.95,1.95
2015.06.17 15:03:58.057,1.39594,1.39603,1.27,1.20
2015.06.17 15:03:58.209,1.39594,1.39603,2.40,1.20
2015.06.17 15:03:58.714,1.39595,1.39604,2.62,2.25
2015.06.17 15:03:59.834,1.39597,1.39605,1.37,2.32
2015.06.17 15:04:00.877,1.39597,1.39605,1.87,1.07
2015.06.17 15:04:01.388,1.39597,1.39606,2.02,1.50
2015.06.17 15:04:01.891,1.39596,1.39605,3.37,1.20
2015.06.17 15:04:02.623,1.39596,1.39605,2.62,1.20
2015.06.17 15:04:04.101,1.39596,1.39605,2.62,1.27
2015.06.17 15:04:05.752,1.39596,1.39604,1.87,1.50
2015.06.17 15:04:06.299,1.39595,1.39603,1.12,1.20
2015.06.17 15:04:06.351,1.39601,1.39604,1.00,3.45
2015.06.17 15:04:06.452,1.39599,1.39604,1.50,4.20
2015.06.17 15:04:06.655,1.39601,1.39604,1.00,2.70
2015.06.17 15:04:06.860,1.39603,1.39605,1.00,1.57
2015.06.17 15:04:07.348,1.39601,1.39605,1.00,1.50
2015.06.17 15:04:07.450,1.39599,1.39605,1.50,1.50
2015.06.17 15:04:07.753,1.39601,1.39605,1.00,1.50
2015.06.17 15:04:08.056,1.396,1.39607,2.25,2.02
2015.06.17 15:04:09.042,1.396,1.39606,1.12,1.00
2015.06.17 15:04:09.664,1.39597,1.39607,3.75,1.65
2015.06.17 15:04:10.191,1.39598,1.39606,1.57,1.00
2015.06.17 15:04:10.720,1.39598,1.39607,2.02,1.65
2015.06.17 15:04:11.848,1.39599,1.39608,1.37,3.60
2015.06.17 15:04:12.261,1.39601,1.39608,2.62,1.50
2015.06.17 15:04:12.363,1.39604,1.39611,1.12,1.10
2015.06.17 15:04:12.567,1.39604,1.39613,4.05,1.00
2015.06.17 15:04:13.102,1.39605,1.39614,1.20,1.20
2015.06.17 15:04:13.464,1.39604,1.39613,3.52,1.50
2015.06.17 15:04:13.971,1.39603,1.39611,1.57,1.10
2015.06.17 15:04:16.128,1.39605,1.39612,1.00,2.32
2015.06.17 15:04:16.353,1.39605,1.39614,3.00,1.20
2015.06.17 15:04:17.656,1.39606,1.39614,1.50,1.00
2015.06.17 15:04:18.250,1.39606,1.39615,1.87,1.65
2015.06.17 15:04:18.915,1.39606,1.39614,1.87,1.00
2015.06.17 15:04:19.452,1.39605,1.39615,2.92,1.57
2015.06.17 15:04:19.961,1.39605,1.39615,2.92,1.57
2015.06.17 15:04:23.900,1.39605,1.39614,2.32,1.10
2015.06.17 15:04:24.447,1.39605,1.39613,1.47,1.00
2015.06.17 15:04:24.992,1.39606,1.39615,2.25,3.82
2015.06.17 15:04:25.195,1.39606,1.39613,1.12,1.00
2015.06.17 15:04:25.498,1.39604,1.3961,1.45,1.50
2015.06.17 15:04:26.002,1.39602,1.39609,1.37,1.20
2015.06.17 15:04:26.508,1.39601,1.39608,1.37,1.00
2015.06.17 15:04:26.769,1.39601,1.3961,2.62,3.90
2015.06.17 15:04:27.564,1.39601,1.39609,2.25,1.00
2015.06.17 15:04:28.070,1.39604,1.3961,2.25,1.20
2015.06.17 15:04:28.222,1.39605,1.39614,2.77,1.20
2015.06.17 15:04:29.036,1.39606,1.39615,1.50,5.25
2015.06.17 15:04:29.542,1.39606,1.39615,2.32,3.07
2015.06.17 15:04:30.085,1.39607,1.39615,1.47,3.07
2015.06.17 15:04:30.591,1.39607,1.39616,4.87,1.00
2015.06.17 15:04:31.116,1.39607,1.39617,4.12,2.40
2015.06.17 15:04:34.354,1.39607,1.39609,2.25,1.50
2015.06.17 15:04:34.456,1.39607,1.39612,1.50,1.57
2015.06.17 15:04:34.507,1.39603,1.39611,3.00,1.00
2015.06.17 15:04:34.558,1.39603,1.39611,1.50,1.87
2015.06.17 15:04:35.013,1.39602,1.39611,3.82,1.10
2015.06.17 15:04:35.659,1.39605,1.39612,1.50,1.20
2015.06.17 15:04:35.812,1.39607,1.39616,2.25,1.27
2015.06.17 15:04:36.439,1.39607,1.39615,2.32,1.00
2015.06.17 15:04:37.479,1.39607,1.39616,2.32,1.10
2015.06.17 15:04:38.319,1.39608,1.39616,1.00,1.10
2015.06.17 15:04:39.949,1.39608,1.39617,2.32,1.10
2015.06.17 15:04:42.308,1.39608,1.39617,1.57,1.50
2015.06.17 15:04:45.849,1.39607,1.39617,1.95,3.45
2015.06.17 15:04:46.153,1.39607,1.39614,1.37,1.12
2015.06.17 15:04:46.457,1.39604,1.3961,3.00,1.87
2015.06.17 15:04:47.011,1.39604,1.39609,2.25,1.12
2015.06.17 15:04:47.176,1.39604,1.39609,1.87,1.12
2015.06.17 15:04:47.719,1.39603,1.39609,2.85,1.12
2015.06.17 15:04:48.262,1.39603,1.39608,2.85,1.00
2015.06.17 15:04:48.661,1.39604,1.39608,1.35,1.00
2015.06.17 15:04:48.915,1.39604,1.3961,1.35,1.00
2015.06.17 15:04:49.421,1.39604,1.39611,1.35,2.77
2015.06.17 15:04:49.623,1.39604,1.39609,1.35,1.00
2015.06.17 15:04:50.175,1.39604,1.3961,1.35,1.00
2015.06.17 15:04:50.680,1.39604,1.39612,2.85,3.37
2015.06.17 15:04:50.933,1.39605,1.39613,1.12,2.40
2015.06.17 15:04:51.934,1.39605,1.39613,2.17,2.77
2015.06.17 15:04:52.086,1.39605,1.39611,1.37,1.00
2015.06.17 15:04:52.137,1.39605,1.39609,1.37,1.00
2015.06.17 15:04:52.340,1.39604,1.39612,1.35,1.20
2015.06.17 15:04:53.939,1.39605,1.39613,1.50,3.15
2015.06.17 15:04:55.822,1.39604,1.39613,3.60,3.52
2015.06.17 15:04:56.462,1.39606,1.39613,1.00,3.52
2015.06.17 15:04:56.987,1.39605,1.39613,2.02,2.02
2015.06.17 15:04:57.350,1.39604,1.39609,1.12,1.12
2015.06.17 15:04:57.654,1.396,1.39607,2.17,1.00
2015.06.17 15:04:57.959,1.396,1.39605,2.17,1.00
2015.06.17 15:04:58.499,1.39603,1.39606,1.30,1.12
2015.06.17 15:04:59.766,1.39601,1.39606,2.10,1.12
2015.06.17 15:05:00.120,1.39602,1.39609,1.60,3.15
2015.06.17 15:05:00.323,1.39605,1.39609,1.00,1.12
2015.06.17 15:05:00.627,1.39607,1.39612,1.00,1.00
2015.06.17 15:05:01.009,1.3961,1.39613,1.37,1.50
2015.06.17 15:05:01.262,1.39611,1.39615,1.12,1.00
2015.06.17 15:05:01.776,1.39611,1.39616,1.12,2.40
2015.06.17 15:05:03.136,1.3961,1.39615,1.50,1.00
2015.06.17 15:05:03.427,1.39609,1.39615,1.12,1.37
2015.06.17 15:05:03.936,1.39607,1.39612,1.37,1.37
2015.06.17 15:05:04.249,1.39607,1.39614,1.37,2.62
2015.06.17 15:05:04.300,1.39607,1.39614,1.37,2.62
2015.06.17 15:05:04.871,1.39607,1.39614,1.37,2.62
2015.06.17 15:05:05.125,1.39611,1.39614,1.00,1.00
2015.06.17 15:05:05.328,1.39616,1.39618,1.87,1.00
2015.06.17 15:05:05.379,1.39616,1.3962,1.10,1.00
2015.06.17 15:05:05.430,1.39618,1.3962,1.00,1.00
2015.06.17 15:05:05.582,1.39616,1.3962,1.10,1.00
2015.06.17 15:05:05.683,1.39618,1.3962,1.00,1.00
2015.06.17 15:05:06.044,1.3962,1.39622,1.00,1.00
2015.06.17 15:05:06.421,1.3962,1.39628,1.00,1.20
2015.06.17 15:05:07.064,1.3962,1.39629,1.50,1.57
2015.06.17 15:05:07.418,1.3962,1.39629,1.50,1.57
2015.06.17 15:05:07.698,1.3962,1.39629,1.50,1.87
2015.06.17 15:05:09.021,1.3962,1.39628,1.50,1.37
2015.06.17 15:05:09.628,1.39619,1.39627,1.20,1.37
2015.06.17 15:05:09.993,1.39616,1.39625,1.57,1.20
2015.06.17 15:05:10.399,1.39615,1.39624,1.10,2.32
2015.06.17 15:05:10.501,1.39615,1.39622,1.10,1.00
2015.06.17 15:05:11.038,1.39614,1.39622,2.40,1.57
2015.06.17 15:05:11.341,1.3962,1.39626,1.00,1.75
2015.06.17 15:05:11.392,1.3962,1.39628,1.00,4.50
2015.06.17 15:05:11.594,1.39621,1.39628,1.00,1.20
2015.06.17 15:05:11.749,1.39624,1.39628,1.50,1.20
2015.06.17 15:05:12.082,1.39626,1.39629,1.07,1.00
2015.06.17 15:05:12.285,1.39626,1.39634,1.07,3.00
2015.06.17 15:05:12.792,1.39627,1.39636,1.10,2.70
2015.06.17 15:05:12.843,1.39627,1.39636,1.75,1.57
2015.06.17 15:05:13.178,1.39626,1.39632,1.50,1.10
2015.06.17 15:05:13.331,1.39625,1.39631,1.00,1.00
2015.06.17 15:05:13.534,1.39622,1.3963,2.55,1.00
2015.06.17 15:05:15.678,1.39622,1.39629,2.62,1.00
2015.06.17 15:05:15.729,1.39622,1.39628,2.62,1.37
2015.06.17 15:05:15.831,1.39622,1.39627,1.50,1.37
2015.06.17 15:05:15.984,1.39619,1.39628,1.20,1.37
2015.06.17 15:05:16.530,1.39618,1.39628,3.75,1.00
2015.06.17 15:05:16.976,1.3962,1.39629,1.87,1.00
2015.06.17 15:05:17.511,1.3962,1.39629,1.50,1.00
2015.06.17 15:05:17.828,1.39622,1.39629,1.00,1.50
2015.06.17 15:05:18.160,1.39621,1.39627,1.00,1.37
2015.06.17 15:05:18.680,1.3962,1.39627,1.00,1.57
2015.06.17 15:05:18.984,1.3962,1.39624,1.10,1.00
2015.06.17 15:05:19.136,1.39616,1.39623,1.75,1.00
2015.06.17 15:05:19.313,1.39615,1.39623,1.57,2.32
2015.06.17 15:05:19.617,1.39615,1.39621,1.57,1.00
2015.06.17 15:05:19.718,1.39615,1.39623,1.57,1.57
2015.06.17 15:05:20.467,1.39615,1.39623,2.25,1.00
2015.06.17 15:05:21.017,1.39615,1.39624,2.25,1.20
2015.06.17 15:05:21.670,1.39615,1.39624,2.62,1.65
2015.06.17 15:05:22.200,1.39615,1.39623,2.62,1.00
2015.06.17 15:05:25.584,1.39615,1.39623,1.20,1.27
2015.06.17 15:05:26.349,1.39614,1.39622,3.00,1.50
2015.06.17 15:05:28.981,1.39617,1.39622,1.00,1.50
2015.06.17 15:05:29.156,1.39617,1.39626,1.57,1.12
2015.06.17 15:05:29.678,1.39619,1.39628,1.00,2.47
2015.06.17 15:05:30.205,1.39619,1.39628,1.00,2.47
2015.06.17 15:05:30.680,1.39619,1.39628,1.37,2.62
2015.06.17 15:05:31.188,1.39619,1.39627,1.37,1.12
2015.06.17 15:05:31.721,1.3962,1.39628,2.25,1.50
2015.06.17 15:05:32.025,1.39615,1.39622,3.00,1.00
2015.06.17 15:05:32.076,1.39615,1.39622,2.25,1.00
2015.06.17 15:05:32.657,1.39614,1.39622,1.50,1.00
2015.06.17 15:05:33.364,1.39614,1.39622,1.50,1.37
2015.06.17 15:05:33.668,1.39614,1.39623,2.62,2.02
2015.06.17 15:05:33.964,1.39617,1.39623,1.00,1.00
2015.06.17 15:05:34.542,1.39617,1.39626,1.57,1.47
2015.06.17 15:05:35.049,1.39615,1.39624,3.07,1.37
2015.06.17 15:05:36.786,1.39615,1.39625,1.57,1.95
2015.06.17 15:05:37.294,1.39616,1.39624,1.10,1.37
2015.06.17 15:05:37.606,1.39617,1.39625,1.12,1.10
2015.06.17 15:05:37.708,1.39619,1.39627,1.00,2.62
2015.06.17 15:05:38.184,1.39619,1.39624,1.65,1.37
2015.06.17 15:05:38.336,1.39615,1.39624,3.00,2.02
2015.06.17 15:05:39.564,1.39615,1.39624,3.75,2.02
2015.06.17 15:05:40.066,1.39615,1.39624,4.12,1.20
2015.06.17 15:05:40.219,1.39618,1.39627,1.57,1.57
2015.06.17 15:05:40.813,1.3962,1.39627,1.00,1.65
2015.06.17 15:05:41.384,1.3962,1.39628,2.25,1.45
2015.06.17 15:05:41.637,1.39623,1.3963,1.50,1.00
2015.06.17 15:05:41.834,1.39625,1.39631,1.50,1.60
2015.06.17 15:05:42.390,1.39625,1.39631,1.50,1.00
2015.06.17 15:05:42.798,1.39623,1.3963,1.50,1.60
2015.06.17 15:05:43.178,1.39623,1.39627,1.50,1.00
2015.06.17 15:05:43.835,1.39622,1.39627,1.50,1.00
2015.06.17 15:05:44.088,1.39619,1.39625,2.32,1.00
2015.06.17 15:05:44.396,1.39617,1.39626,1.65,2.02
2015.06.17 15:05:46.252,1.39617,1.39625,1.27,1.12
2015.06.17 15:05:46.793,1.39617,1.39627,1.57,3.75
2015.06.17 15:05:46.894,1.39618,1.39627,1.37,2.62
2015.06.17 15:05:47.164,1.3962,1.39628,1.95,1.20
2015.06.17 15:05:48.004,1.3962,1.39629,1.95,1.42
2015.06.17 15:05:48.530,1.39622,1.39629,1.87,1.10
2015.06.17 15:05:48.632,1.39622,1.3963,1.87,1.45
2015.06.17 15:05:48.835,1.39624,1.39632,1.87,2.62
2015.06.17 15:05:49.376,1.39626,1.39632,1.00,2.25
2015.06.17 15:05:50.083,1.39626,1.39635,1.00,1.57
2015.06.17 15:05:50.599,1.39626,1.39633,1.10,1.00
2015.06.17 15:05:50.650,1.39626,1.39633,1.10,1.37
2015.06.17 15:05:50.853,1.39623,1.39631,1.50,1.37
2015.06.17 15:05:51.526,1.39623,1.39631,1.50,1.12
2015.06.17 15:05:52.057,1.39624,1.39632,1.20,1.65
2015.06.17 15:05:52.471,1.39626,1.39633,1.00,1.87
2015.06.17 15:05:52.624,1.39624,1.39633,2.40,2.62
2015.06.17 15:05:52.737,1.39624,1.39633,2.40,2.62
2015.06.17 15:05:53.041,1.39626,1.39633,1.00,3.00
2015.06.17 15:05:53.419,1.39623,1.39625,1.00,1.12
2015.06.17 15:05:54.149,1.39621,1.39628,3.75,5.25
2015.06.17 15:05:54.486,1.39621,1.39628,2.40,1.87
2015.06.17 15:05:55.882,1.39621,1.39627,1.50,1.50
2015.06.17 15:05:56.295,1.39619,1.39624,1.00,1.37
2015.06.17 15:05:56.447,1.39616,1.39624,2.40,1.95
2015.06.17 15:05:56.498,1.39616,1.39619,2.32,1.00
2015.06.17 15:05:56.701,1.39612,1.3962,2.25,2.70
2015.06.17 15:05:56.872,1.39612,1.39619,1.00,1.50
2015.06.17 15:05:57.378,1.39612,1.39619,1.00,1.87
2015.06.17 15:05:58.169,1.3961,1.39619,3.37,2.62
2015.06.17 15:05:58.372,1.3961,1.39618,2.62,1.65
2015.06.17 15:05:58.898,1.3961,1.39617,1.20,1.87
2015.06.17 15:05:59.400,1.3961,1.39617,1.27,1.37
2015.06.17 15:06:00.542,1.3961,1.39616,1.87,1.00
2015.06.17 15:06:00.906,1.3961,1.39618,1.50,2.02
2015.06.17 15:06:00.957,1.3961,1.39618,1.50,2.77
2015.06.17 15:06:01.665,1.3961,1.39617,1.00,1.20
2015.06.17 15:06:02.250,1.39611,1.39619,1.00,3.00
2015.06.17 15:06:02.402,1.39611,1.39619,1.00,1.57
2015.06.17 15:06:02.808,1.39615,1.39622,1.50,3.37
2015.06.17 15:06:02.859,1.39615,1.39622,1.50,1.87
2015.06.17 15:06:03.040,1.39617,1.39625,1.00,4.12
2015.06.17 15:06:03.394,1.39617,1.39624,1.00,1.12
2015.06.17 15:06:03.445,1.39617,1.39624,1.00,1.37
2015.06.17 15:06:03.748,1.39617,1.39624,1.00,1.00
2015.06.17 15:06:04.052,1.39615,1.39625,2.32,2.62
2015.06.17 15:06:04.240,1.39617,1.39625,1.00,2.62
2015.06.17 15:06:04.573,1.39615,1.39622,1.57,1.37
2015.06.17 15:06:04.877,1.39614,1.39617,1.00,1.00
2015.06.17 15:06:05.332,1.39612,1.39618,1.00,1.50
2015.06.17 15:06:08.553,1.39611,1.3962,3.00,3.00
2015.06.17 15:06:09.059,1.3961,1.39618,5.62,1.37
2015.06.17 15:06:10.162,1.39612,1.39618,1.00,1.00
2015.06.17 15:06:10.859,1.39612,1.39616,1.00,1.12
2015.06.17 15:06:11.010,1.39609,1.39615,1.65,1.50
2015.06.17 15:06:11.061,1.39607,1.3961,3.07,1.12
2015.06.17 15:06:11.112,1.39607,1.3961,1.65,1.12
2015.06.17 15:06:11.326,1.39604,1.3961,1.00,1.12
2015.06.17 15:06:12.280,1.39604,1.39611,1.00,1.57
2015.06.17 15:06:12.381,1.39604,1.39611,1.00,1.95
2015.06.17 15:06:12.773,1.39604,1.39606,1.00,1.00
2015.06.17 15:06:12.976,1.39597,1.39602,2.25,1.00
2015.06.17 15:06:13.079,1.39598,1.396,1.00,1.00
2015.06.17 15:06:13.180,1.39597,1.39602,1.12,1.20
2015.06.17 15:06:13.728,1.39598,1.39602,1.00,1.50
2015.06.17 15:06:13.880,1.39598,1.39604,1.00,1.20
2015.06.17 15:06:13.931,1.39598,1.39604,1.37,1.20
2015.06.17 15:06:14.285,1.39599,1.39607,2.62,1.87
2015.06.17 15:06:14.438,1.39602,1.39608,1.00,1.57
2015.06.17 15:06:14.763,1.39606,1.3961,1.00,1.00
2015.06.17 15:06:14.814,1.39606,1.39612,1.00,1.20
2015.06.17 15:06:14.966,1.39609,1.39614,1.00,2.02
2015.06.17 15:06:15.371,1.39609,1.39615,1.00,1.50
2015.06.17 15:06:15.884,1.39608,1.39615,1.00,1.37
2015.06.17 15:06:16.648,1.39607,1.39614,1.00,1.95
2015.06.17 15:06:17.074,1.39611,1.39615,1.00,1.57
2015.06.17 15:06:17.378,1.39613,1.3962,1.00,2.62
2015.06.17 15:06:17.632,1.39611,1.39619,2.25,2.25
2015.06.17 15:06:17.683,1.39611,1.39612,1.00,1.00
2015.06.17 15:06:17.785,1.3961,1.39615,1.65,1.50
2015.06.17 15:06:17.836,1.39612,1.39615,1.00,1.50
2015.06.17 15:06:17.988,1.39612,1.39619,1.50,2.32
2015.06.17 15:06:18.200,1.39615,1.3962,1.12,2.62
2015.06.17 15:06:18.352,1.39617,1.39622,1.00,1.27
2015.06.17 15:06:18.555,1.39614,1.39621,1.65,1.50
2015.06.17 15:06:19.077,1.39613,1.39621,1.00,1.95
2015.06.17 15:06:19.595,1.39613,1.39621,1.00,5.32
2015.06.17 15:06:20.115,1.39614,1.3962,1.00,1.47
2015.06.17 15:06:20.656,1.39615,1.3962,1.00,1.20
2015.06.17 15:06:20.759,1.39611,1.39619,3.07,2.25
2015.06.17 15:06:21.063,1.39608,1.39609,1.00,1.00
2015.06.17 15:06:21.164,1.39603,1.39608,3.07,1.50
2015.06.17 15:06:21.215,1.39603,1.39608,1.27,1.50
2015.06.17 15:06:21.367,1.39605,1.39609,1.00,1.12
2015.06.17 15:06:21.686,1.39608,1.39613,1.00,1.75
2015.06.17 15:06:22.040,1.39606,1.39611,1.20,1.00
2015.06.17 15:06:22.545,1.39605,1.39612,1.57,1.37
2015.06.17 15:06:23.032,1.39605,1.39612,1.50,1.95
2015.06.17 15:06:23.566,1.39606,1.39612,1.00,3.37
2015.06.17 15:06:24.087,1.39606,1.39612,1.00,3.37
2015.06.17 15:06:24.612,1.39605,1.3961,1.50,1.00
2015.06.17 15:06:24.966,1.39603,1.39609,1.20,1.37
2015.06.17 15:06:25.471,1.39603,1.39609,1.37,1.12
2015.06.17 15:06:26.122,1.39603,1.3961,1.37,3.75
2015.06.17 15:06:26.425,1.39606,1.39611,1.00,1.20
2015.06.17 15:06:26.628,1.39606,1.39612,1.00,3.45
2015.06.17 15:06:27.357,1.39606,1.39612,1.00,2.32
2015.06.17 15:06:27.928,1.39605,1.39612,1.87,1.57
2015.06.17 15:06:28.343,1.39605,1.3961,1.87,1.87
2015.06.17 15:06:29.548,1.39604,1.39609,1.87,1.12
2015.06.17 15:06:33.779,1.39604,1.3961,1.37,2.02
2015.06.17 15:06:36.108,1.39603,1.3961,1.37,2.02
2015.06.17 15:06:36.412,1.39603,1.39612,1.37,2.32
2015.06.17 15:06:36.987,1.39606,1.39612,1.00,2.77
2015.06.17 15:06:38.397,1.39606,1.39612,1.00,2.70
2015.06.17 15:06:38.987,1.39606,1.39612,1.00,3.45
2015.06.17 15:06:39.479,1.39603,1.39612,1.45,4.20
2015.06.17 15:06:40.918,1.39603,1.39612,1.45,1.95
2015.06.17 15:06:41.273,1.39603,1.39612,2.40,1.75
2015.06.17 15:06:41.633,1.39604,1.3961,1.20,1.50
2015.06.17 15:06:42.135,1.39604,1.39612,1.30,1.87
2015.06.17 15:06:43.527,1.39603,1.39611,1.12,1.00
2015.06.17 15:06:44.513,1.39603,1.39611,1.87,1.12
2015.06.17 15:06:46.476,1.39603,1.39611,1.20,1.37
2015.06.17 15:06:48.988,1.39605,1.39613,1.00,1.37
2015.06.17 15:06:49.520,1.39605,1.39615,3.75,5.02
2015.06.17 15:06:49.876,1.39605,1.39615,3.00,3.52
2015.06.17 15:06:50.389,1.39606,1.39615,1.50,3.37
2015.06.17 15:06:51.573,1.39606,1.39615,2.25,1.87
2015.06.17 15:06:51.995,1.39609,1.39615,1.35,1.87
2015.06.17 15:06:52.337,1.39613,1.39621,1.10,2.70
2015.06.17 15:06:52.999,1.39612,1.39621,2.02,2.62
2015.06.17 15:06:53.209,1.39618,1.39621,1.00,1.87
2015.06.17 15:06:53.528,1.39627,1.39631,2.10,1.10
2015.06.17 15:06:54.805,1.39635,1.39636,1.00,1.00
2015.06.17 15:06:54.856,1.39635,1.39639,1.00,2.25
2015.06.17 15:06:54.908,1.39637,1.39639,1.50,1.37
2015.06.17 15:06:54.959,1.39637,1.39642,1.50,1.00
2015.06.17 15:06:55.060,1.39638,1.39644,1.50,1.47
2015.06.17 15:06:55.611,1.39639,1.39646,1.07,2.62
2015.06.17 15:06:55.662,1.39639,1.39647,1.07,1.37
2015.06.17 15:06:57.419,1.39638,1.39646,1.50,1.00
2015.06.17 15:06:59.029,1.39638,1.39644,1.50,1.00
2015.06.17 15:06:59.536,1.39638,1.39643,1.50,1.00
2015.06.17 15:06:59.827,1.39637,1.39643,1.10,1.00
2015.06.17 15:07:00.342,1.39637,1.39641,1.10,1.00
2015.06.17 15:07:00.595,1.39635,1.39641,1.35,1.00
2015.06.17 15:07:00.697,1.39636,1.39644,1.20,1.50
2015.06.17 15:07:00.950,1.39637,1.39647,3.07,2.70
2015.06.17 15:07:01.913,1.39641,1.39647,1.00,1.57
2015.06.17 15:07:02.539,1.3964,1.39647,1.00,1.47
2015.06.17 15:07:02.592,1.39638,1.39647,1.57,1.47
2015.06.17 15:07:05.231,1.39638,1.39647,1.95,1.47
2015.06.17 15:07:06.134,1.39637,1.39648,2.70,4.57
2015.06.17 15:07:06.657,1.39637,1.39644,1.95,1.00
2015.06.17 15:07:06.810,1.39636,1.39638,1.27,1.00
2015.06.17 15:07:06.862,1.39636,1.39637,1.20,1.12
2015.06.17 15:07:06.913,1.39634,1.39637,1.75,1.12
2015.06.17 15:07:07.133,1.39628,1.39635,2.62,1.12
2015.06.17 15:07:07.616,1.39626,1.39633,1.87,1.00
2015.06.17 15:07:08.122,1.39625,1.39633,3.45,1.10
2015.06.17 15:07:08.637,1.39625,1.39634,3.45,1.57
2015.06.17 15:07:09.184,1.39626,1.39634,1.37,1.57
2015.06.17 15:07:09.935,1.39626,1.39634,1.37,1.07
2015.06.17 15:07:10.037,1.39626,1.39634,1.00,1.07
2015.06.17 15:07:10.829,1.39626,1.39634,1.37,1.07
2015.06.17 15:07:11.343,1.39625,1.39634,4.05,3.07
2015.06.17 15:07:11.394,1.39623,1.39631,2.17,1.00
2015.06.17 15:07:11.546,1.39623,1.39631,2.17,1.00
2015.06.17 15:07:12.147,1.39623,1.39631,2.17,1.00
2015.06.17 15:07:12.722,1.39623,1.39631,2.17,1.00
2015.06.17 15:07:13.077,1.39623,1.39631,2.55,1.00
2015.06.17 15:07:13.281,1.39625,1.39635,4.80,4.20
2015.06.17 15:07:13.484,1.39626,1.39635,1.37,2.02
2015.06.17 15:07:14.004,1.39625,1.39635,2.25,2.02
2015.06.17 15:07:14.362,1.39625,1.39634,2.55,1.07
2015.06.17 15:07:14.877,1.39625,1.39633,2.07,1.10
2015.06.17 15:07:17.667,1.39626,1.39633,1.80,1.50
2015.06.17 15:07:17.921,1.39628,1.39632,1.00,1.00
2015.06.17 15:07:18.145,1.39625,1.39633,2.25,1.50
2015.06.17 15:07:18.196,1.39624,1.39633,1.42,1.57
2015.06.17 15:07:18.728,1.39624,1.39633,1.70,2.32
2015.06.17 15:07:19.501,1.39624,1.39633,1.80,2.32
2015.06.17 15:07:19.684,1.39625,1.39633,1.12,2.32
2015.06.17 15:07:20.589,1.39626,1.39634,2.25,1.10
2015.06.17 15:07:21.092,1.39629,1.39636,1.20,1.37
2015.06.17 15:07:22.757,1.39632,1.39636,1.00,1.37
2015.06.17 15:07:22.859,1.39629,1.39636,2.32,1.37
2015.06.17 15:07:23.213,1.39633,1.39635,1.50,1.12
2015.06.17 15:07:23.315,1.39629,1.39635,2.32,1.12
2015.06.17 15:07:23.417,1.39633,1.39636,1.50,1.12
2015.06.17 15:07:23.518,1.39633,1.39635,1.00,1.12
2015.06.17 15:07:23.569,1.39629,1.39635,3.07,1.12
2015.06.17 15:07:23.986,1.39632,1.39635,1.00,1.12
2015.06.17 15:07:24.037,1.39629,1.39635,3.07,1.12
2015.06.17 15:07:24.138,1.39632,1.39635,1.00,1.12
2015.06.17 15:07:24.340,1.39629,1.39635,3.07,1.12
2015.06.17 15:07:24.542,1.39633,1.39635,1.00,1.12
2015.06.17 15:07:24.644,1.3963,1.39635,1.10,1.12
2015.06.17 15:07:24.745,1.39632,1.39635,1.00,1.12
2015.06.17 15:07:24.846,1.3963,1.39635,1.10,1.12
2015.06.17 15:07:24.947,1.39632,1.39635,1.00,1.12
2015.06.17 15:07:25.049,1.3963,1.39635,1.57,1.12
2015.06.17 15:07:25.201,1.39634,1.39637,1.50,1.12
2015.06.17 15:07:25.403,1.39631,1.39637,2.02,1.37
2015.06.17 15:07:25.923,1.39629,1.39636,2.02,1.00
2015.06.17 15:07:26.277,1.39632,1.39636,1.00,1.00
2015.06.17 15:07:26.429,1.3963,1.39636,1.65,1.00
2015.06.17 15:07:26.530,1.39632,1.39637,1.00,1.12
2015.06.17 15:07:26.880,1.39633,1.39639,1.50,1.00
2015.06.17 15:07:27.386,1.39634,1.39639,1.57,1.00
2015.06.17 15:07:30.687,1.39633,1.39641,1.57,2.25
2015.06.17 15:07:31.285,1.39634,1.3964,1.10,1.50
2015.06.17 15:07:31.387,1.39633,1.39639,1.57,2.25
2015.06.17 15:07:31.562,1.39631,1.39638,1.57,2.25
2015.06.17 15:07:31.968,1.39637,1.39639,1.50,1.37
2015.06.17 15:07:32.069,1.39634,1.39641,1.50,1.47
2015.06.17 15:07:33.575,1.39635,1.39641,1.00,1.37
2015.06.17 15:07:33.676,1.39635,1.39641,1.00,1.37
2015.06.17 15:07:35.415,1.39635,1.39641,1.00,1.12
2015.06.17 15:07:36.568,1.39633,1.39641,2.32,1.12
2015.06.17 15:07:38.649,1.39635,1.39641,1.50,1.12
2015.06.17 15:07:39.219,1.39635,1.39643,1.50,1.95
2015.06.17 15:07:39.473,1.39633,1.39638,1.50,1.00
2015.06.17 15:07:39.574,1.39633,1.3964,1.50,2.40
2015.06.17 15:07:39.879,1.39635,1.39641,1.00,1.27
2015.06.17 15:07:40.477,1.39635,1.3964,1.00,1.00
2015.06.17 15:07:42.667,1.39634,1.3964,1.00,1.00
2015.06.17 15:07:43.176,1.39633,1.39641,1.20,2.40
2015.06.17 15:07:45.978,1.39633,1.39642,2.02,2.62
2015.06.17 15:07:46.510,1.39634,1.39642,2.25,1.37
2015.06.17 15:07:47.082,1.39637,1.39643,1.00,1.20
2015.06.17 15:07:47.233,1.39637,1.39645,1.87,1.20
2015.06.17 15:07:47.757,1.39637,1.39646,4.57,2.32
2015.06.17 15:07:48.061,1.39636,1.39645,1.12,1.87
2015.06.17 15:07:48.112,1.39635,1.39645,1.10,1.95
2015.06.17 15:07:48.264,1.39635,1.39644,1.00,1.87
2015.06.17 15:07:49.400,1.39634,1.39643,1.50,4.12
2015.06.17 15:07:49.725,1.39634,1.39643,2.25,4.12
2015.06.17 15:07:51.363,1.39634,1.39643,2.25,4.12
2015.06.17 15:07:51.893,1.39634,1.39643,1.37,4.87
2015.06.17 15:07:53.905,1.39633,1.39642,3.30,2.70
2015.06.17 15:07:54.415,1.39633,1.39641,1.57,3.07
2015.06.17 15:07:54.970,1.39633,1.3964,1.57,1.00
2015.06.17 15:07:55.488,1.39633,1.39641,1.57,3.07
2015.06.17 15:07:57.718,1.39635,1.39641,1.00,1.10
2015.06.17 15:07:59.379,1.39634,1.3964,1.07,1.00
2015.06.17 15:07:59.683,1.39632,1.3964,1.72,1.00
2015.06.17 15:08:00.174,1.39632,1.39638,1.72,1.50
2015.06.17 15:08:00.477,1.39634,1.39638,1.00,1.00
2015.06.17 15:08:01.447,1.39635,1.39638,1.00,1.00
2015.06.17 15:08:01.951,1.39634,1.39639,1.50,1.10
2015.06.17 15:08:02.458,1.39635,1.3964,1.00,4.57
2015.06.17 15:08:03.000,1.39634,1.3964,1.50,1.00
2015.06.17 15:08:03.763,1.39635,1.3964,1.00,1.00
2015.06.17 15:08:04.308,1.39634,1.3964,1.50,1.00
2015.06.17 15:08:04.813,1.39635,1.3964,1.00,1.00
2015.06.17 15:08:05.338,1.39636,1.3964,1.00,1.00
2015.06.17 15:08:05.953,1.39637,1.3964,1.00,1.00
2015.06.17 15:08:06.469,1.39636,1.3964,1.00,1.00
2015.06.17 15:08:06.784,1.39633,1.39634,2.10,2.25
2015.06.17 15:08:06.936,1.39631,1.39635,1.00,5.62
2015.06.17 15:08:06.987,1.3963,1.39631,1.50,1.00
2015.06.17 15:08:07.219,1.39631,1.39634,1.00,1.07
2015.06.17 15:08:07.739,1.3963,1.39634,1.00,1.20
2015.06.17 15:08:08.244,1.3963,1.39633,1.50,1.00
2015.06.17 15:08:08.738,1.39631,1.39633,1.00,1.00
2015.06.17 15:08:09.042,1.39633,1.39635,1.00,2.25
2015.06.17 15:08:09.193,1.39634,1.39639,1.00,2.32
2015.06.17 15:08:10.628,1.39631,1.39639,1.10,1.57
2015.06.17 15:08:10.679,1.39631,1.39637,1.10,1.12
2015.06.17 15:08:11.030,1.39625,1.39629,1.95,1.00
2015.06.17 15:08:11.435,1.39629,1.39631,1.00,1.10
2015.06.17 15:08:11.537,1.3963,1.39633,1.50,2.25
2015.06.17 15:08:11.689,1.39631,1.39634,1.00,1.12
2015.06.17 15:08:12.214,1.39631,1.39635,1.00,1.10
2015.06.17 15:08:12.468,1.39626,1.3963,1.57,1.00
2015.06.17 15:08:12.984,1.39625,1.3963,1.00,2.70
2015.06.17 15:08:14.441,1.39623,1.39629,1.35,1.12
2015.06.17 15:08:15.647,1.39625,1.39629,1.00,1.57
2015.06.17 15:08:16.248,1.39624,1.3963,1.00,2.70
2015.06.17 15:08:17.366,1.39625,1.39629,1.35,1.00
2015.06.17 15:08:17.518,1.39626,1.39631,1.00,1.57
2015.06.17 15:08:17.904,1.39628,1.39633,1.00,2.25
2015.06.17 15:08:18.055,1.39628,1.39635,1.00,2.70
2015.06.17 15:08:18.562,1.39628,1.39634,1.00,1.00
2015.06.17 15:08:18.958,1.39626,1.39634,1.20,1.50
2015.06.17 15:08:19.497,1.39626,1.39633,1.10,1.50
2015.06.17 15:08:19.761,1.39626,1.39632,1.10,1.37
2015.06.17 15:08:20.279,1.39625,1.39629,2.32,1.00
2015.06.17 15:08:20.862,1.39625,1.3963,1.20,1.12
2015.06.17 15:08:21.733,1.39625,1.3963,1.20,1.37
2015.06.17 15:08:21.835,1.39624,1.3963,1.50,1.00
2015.06.17 15:08:21.938,1.39627,1.39631,1.00,1.12
2015.06.17 15:08:22.446,1.39627,1.39634,1.10,1.87
2015.06.17 15:08:22.969,1.39627,1.39633,1.10,1.00
2015.06.17 15:08:25.380,1.39628,1.39633,1.00,1.00
2015.06.17 15:08:25.683,1.39626,1.39632,1.07,1.37
2015.06.17 15:08:25.937,1.39628,1.39634,1.00,1.00
2015.06.17 15:08:26.139,1.39628,1.39634,1.00,1.37
2015.06.17 15:08:26.564,1.39628,1.39634,1.00,1.00
2015.06.17 15:08:26.968,1.39629,1.39637,1.87,1.57
2015.06.17 15:08:27.487,1.39629,1.39638,2.70,1.47
2015.06.17 15:08:28.025,1.39629,1.39638,2.70,1.10
2015.06.17 15:08:28.749,1.3963,1.39639,1.12,1.95
2015.06.17 15:08:29.945,1.39631,1.3964,1.00,2.70
2015.06.17 15:08:32.754,1.39631,1.3964,1.37,3.07
2015.06.17 15:08:32.956,1.39635,1.3964,1.00,1.20
2015.06.17 15:08:33.210,1.39637,1.39643,1.00,2.02
2015.06.17 15:08:33.852,1.39637,1.39647,3.07,2.32
2015.06.17 15:08:34.004,1.39638,1.39647,1.57,1.95
2015.06.17 15:08:35.123,1.39639,1.39648,3.07,1.45
2015.06.17 15:08:35.626,1.39639,1.39649,3.75,5.62
2015.06.17 15:08:36.853,1.39641,1.39649,1.00,3.37
2015.06.17 15:08:37.357,1.39641,1.39649,1.50,2.25
2015.06.17 15:08:38.091,1.39643,1.3965,1.12,1.87
2015.06.17 15:08:38.142,1.39643,1.39652,2.62,3.37
2015.06.17 15:08:38.244,1.39643,1.39652,3.37,1.50
2015.06.17 15:08:38.804,1.39644,1.39653,1.47,1.00
2015.06.17 15:08:39.338,1.39644,1.39653,1.47,1.00
2015.06.17 15:08:40.066,1.39644,1.39653,1.47,1.00
2015.06.17 15:08:40.583,1.39646,1.39655,1.50,2.55
2015.06.17 15:08:41.120,1.39646,1.39655,1.87,1.87
2015.06.17 15:08:45.483,1.39646,1.39655,1.12,1.87
2015.06.17 15:08:45.787,1.39646,1.39655,2.70,1.00
2015.06.17 15:08:46.302,1.39646,1.39656,2.32,1.57
2015.06.17 15:08:46.812,1.39646,1.39655,1.57,1.12
2015.06.17 15:08:47.923,1.39646,1.39655,1.57,1.37
2015.06.17 15:08:48.596,1.39646,1.39652,1.07,1.00
2015.06.17 15:08:48.811,1.39645,1.39654,1.12,1.87
2015.06.17 15:08:48.862,1.39644,1.39654,3.52,1.87
2015.06.17 15:08:52.190,1.39644,1.39652,2.77,2.25
2015.06.17 15:08:52.506,1.39644,1.3965,1.57,1.00
2015.06.17 15:08:53.504,1.39644,1.39652,1.87,1.37
2015.06.17 15:08:53.555,1.39644,1.39652,1.87,1.00
2015.06.17 15:08:53.912,1.39644,1.39654,3.37,1.12
2015.06.17 15:08:54.495,1.39648,1.39654,1.00,1.12
2015.06.17 15:08:55.001,1.39648,1.39656,1.00,4.12
2015.06.17 15:08:55.328,1.39648,1.39656,2.47,3.00
2015.06.17 15:08:55.581,1.39653,1.39659,1.00,1.57
2015.06.17 15:08:56.111,1.39652,1.39661,1.10,1.87
2015.06.17 15:08:56.625,1.39651,1.39659,1.07,1.00
2015.06.17 15:08:56.780,1.3965,1.39659,2.77,1.00
2015.06.17 15:08:57.988,1.39649,1.39659,2.32,2.25
2015.06.17 15:08:58.527,1.39649,1.39659,1.20,1.95
2015.06.17 15:09:00.361,1.3965,1.39658,1.00,1.10
2015.06.17 15:09:00.977,1.39649,1.39658,3.45,1.10
2015.06.17 15:09:01.028,1.39649,1.39658,3.45,1.10
2015.06.17 15:09:01.134,1.39649,1.39659,3.45,2.70
2015.06.17 15:09:01.640,1.3965,1.39659,1.12,1.95
2015.06.17 15:09:02.025,1.39649,1.39659,4.20,1.95
2015.06.17 15:09:02.541,1.39651,1.39659,1.00,1.95
2015.06.17 15:09:03.924,1.3965,1.39657,1.95,1.00
2015.06.17 15:09:04.128,1.39647,1.39655,1.07,1.50
2015.06.17 15:09:04.532,1.3965,1.39655,1.00,1.50
2015.06.17 15:09:04.836,1.39652,1.39654,1.00,1.87
2015.06.17 15:09:04.887,1.39652,1.39654,1.12,2.25
2015.06.17 15:09:05.060,1.39652,1.39654,1.87,1.00
2015.06.17 15:09:05.111,1.39652,1.39661,2.25,1.50
2015.06.17 15:09:05.163,1.39654,1.39661,1.50,1.00
2015.06.17 15:09:07.264,1.39653,1.39661,1.95,1.12
2015.06.17 15:09:08.154,1.39653,1.39663,2.40,2.25
2015.06.17 15:09:08.679,1.39654,1.39663,1.00,1.87
2015.06.17 15:09:09.191,1.39652,1.39661,3.00,1.87
2015.06.17 15:09:10.461,1.39652,1.39659,1.07,1.00
2015.06.17 15:09:11.161,1.39652,1.39659,3.45,1.50
2015.06.17 15:09:11.699,1.39652,1.3966,3.45,1.00
2015.06.17 15:09:12.363,1.39652,1.3966,1.95,1.00
2015.06.17 15:09:13.457,1.39652,1.39658,1.07,1.00
2015.06.17 15:09:13.741,1.3965,1.39658,1.20,1.00
2015.06.17 15:09:15.025,1.3965,1.39658,2.02,1.00
2015.06.17 15:09:15.567,1.3965,1.39658,1.57,1.00
2015.06.17 15:09:19.992,1.3965,1.39656,1.07,1.00
2015.06.17 15:09:20.700,1.3965,1.39658,1.45,1.50
2015.06.17 15:09:21.951,1.39652,1.39658,1.00,1.50
2015.06.17 15:09:22.392,1.39657,1.3966,1.00,1.00
2015.06.17 15:09:22.494,1.39657,1.39664,1.00,1.87
2015.06.17 15:09:22.699,1.39657,1.39666,2.32,2.25
2015.06.17 15:09:22.750,1.39659,1.39666,1.50,2.25
2015.06.17 15:09:24.257,1.39662,1.39666,1.00,1.50
2015.06.17 15:09:24.308,1.39662,1.39668,1.00,2.40
2015.06.17 15:09:24.409,1.39662,1.39671,1.00,2.62
2015.06.17 15:09:24.959,1.39663,1.39671,1.10,1.87
2015.06.17 15:09:25.465,1.39662,1.39671,2.62,1.87
2015.06.17 15:09:25.995,1.39662,1.39669,1.07,1.50
2015.06.17 15:09:26.528,1.39662,1.39668,1.07,1.00
2015.06.17 15:09:27.163,1.39662,1.39669,1.07,2.25
2015.06.17 15:09:27.665,1.39662,1.39669,1.07,1.87
2015.06.17 15:09:27.817,1.3966,1.39669,1.50,1.87
2015.06.17 15:09:27.868,1.39664,1.39669,1.12,1.50
2015.06.17 15:09:27.919,1.39664,1.39671,3.22,1.20
2015.06.17 15:09:28.071,1.39665,1.39674,1.37,2.62
2015.06.17 15:09:28.517,1.39666,1.39676,1.87,1.95
2015.06.17 15:09:28.770,1.39666,1.39673,1.57,1.00
2015.06.17 15:09:29.075,1.39662,1.39668,1.50,1.00
2015.06.17 15:09:29.125,1.3966,1.39667,1.45,1.00
2015.06.17 15:09:29.750,1.39659,1.39667,2.92,1.00
2015.06.17 15:09:29.953,1.39659,1.39669,3.67,3.82
2015.06.17 15:09:30.004,1.39659,1.39669,5.17,3.45
2015.06.17 15:09:30.106,1.39659,1.39669,4.80,3.00
2015.06.17 15:09:30.208,1.39661,1.39669,1.35,1.87
2015.06.17 15:09:30.832,1.39662,1.39669,1.07,2.25
2015.06.17 15:09:31.176,1.39662,1.39669,1.07,2.62
2015.06.17 15:09:31.480,1.39662,1.39669,1.07,2.62
2015.06.17 15:09:32.050,1.39662,1.39668,1.07,1.00
2015.06.17 15:09:32.202,1.3966,1.39668,3.97,1.00
2015.06.17 15:09:32.509,1.39661,1.39668,2.32,1.00
2015.06.17 15:09:33.014,1.39663,1.39669,1.50,1.00
2015.06.17 15:09:33.505,1.39664,1.3967,1.42,1.00
2015.06.17 15:09:34.019,1.39666,1.3967,1.57,1.00
2015.06.17 15:09:34.608,1.39666,1.39672,1.57,1.00
2015.06.17 15:09:34.896,1.39669,1.39673,1.00,1.00
2015.06.17 15:09:34.947,1.39669,1.39676,1.00,1.10
2015.06.17 15:09:34.998,1.39674,1.39678,1.00,1.50
2015.06.17 15:09:35.100,1.39675,1.39678,1.00,1.87
2015.06.17 15:09:35.151,1.39671,1.39674,1.57,1.00
2015.06.17 15:09:35.273,1.39676,1.39678,1.00,1.00
2015.06.17 15:09:35.325,1.39677,1.3968,1.00,1.00
2015.06.17 15:09:35.376,1.39677,1.39682,1.00,1.00
2015.06.17 15:09:35.478,1.3968,1.39685,1.00,5.92
2015.06.17 15:09:35.713,1.39681,1.39689,4.40,1.37
2015.06.17 15:09:35.764,1.39681,1.39689,3.45,1.37
2015.06.17 15:09:36.169,1.39684,1.39691,1.00,2.62
2015.06.17 15:09:36.473,1.39686,1.39691,1.10,1.00
2015.06.17 15:09:36.598,1.39689,1.39691,1.00,1.00
2015.06.17 15:09:36.751,1.39687,1.39691,1.00,1.00
2015.06.17 15:09:36.853,1.39689,1.39692,1.00,1.87
2015.06.17 15:09:37.056,1.3969,1.39695,1.50,3.00
2015.06.17 15:09:37.106,1.39694,1.39695,1.00,1.50
2015.06.17 15:09:37.157,1.39694,1.39699,1.37,1.10
2015.06.17 15:09:37.208,1.39698,1.39701,1.00,1.12
2015.06.17 15:09:37.310,1.39698,1.39704,3.97,1.12
2015.06.17 15:09:37.483,1.39703,1.39709,1.07,1.50
2015.06.17 15:09:37.999,1.39704,1.39712,1.50,1.87
2015.06.17 15:09:39.679,1.39705,1.39711,1.50,1.87
2015.06.17 15:09:39.831,1.39704,1.3971,1.00,1.37
2015.06.17 15:09:39.933,1.39704,1.39711,1.00,1.87
2015.06.17 15:09:40.186,1.39707,1.39711,1.00,1.95
2015.06.17 15:09:40.440,1.39708,1.39714,1.00,1.00
2015.06.17 15:09:40.787,1.39707,1.39712,1.00,1.50
2015.06.17 15:09:41.090,1.39705,1.39711,1.00,1.47
2015.06.17 15:09:41.937,1.39705,1.39713,1.50,1.45
2015.06.17 15:09:42.241,1.39701,1.39705,1.10,1.50
2015.06.17 15:09:42.342,1.39698,1.39704,1.07,1.00
2015.06.17 15:09:42.444,1.39696,1.39704,1.07,1.87
2015.06.17 15:09:42.745,1.39696,1.39698,1.07,1.12
2015.06.17 15:09:42.848,1.39694,1.39699,1.75,2.25
2015.06.17 15:09:42.899,1.39694,1.39699,1.00,2.25
2015.06.17 15:09:42.950,1.39692,1.39699,2.17,1.50
2015.06.17 15:09:43.102,1.39693,1.39699,1.42,1.00
2015.06.17 15:09:43.406,1.39693,1.39697,1.07,1.37
2015.06.17 15:09:43.715,1.39685,1.39689,1.50,1.50
2015.06.17 15:09:43.766,1.39685,1.39687,1.50,1.00
2015.06.17 15:09:44.020,1.39685,1.39688,1.50,1.00
2015.06.17 15:09:44.223,1.39684,1.39686,1.07,1.00
2015.06.17 15:09:44.526,1.39682,1.39685,2.32,1.50
2015.06.17 15:09:44.628,1.39684,1.39685,1.10,1.50
2015.06.17 15:09:44.899,1.39679,1.39682,3.00,1.00
2015.06.17 15:09:45.367,1.39682,1.39683,1.00,1.00
2015.06.17 15:09:45.418,1.39682,1.39684,1.00,1.00
2015.06.17 15:09:45.953,1.39681,1.39685,1.20,1.50
2015.06.17 15:09:46.054,1.39681,1.39685,2.92,1.00
2015.06.17 15:09:46.105,1.39682,1.39687,1.50,1.00
2015.06.17 15:09:46.735,1.39682,1.39686,2.10,1.00
2015.06.17 15:09:46.837,1.39683,1.39689,1.00,1.50
2015.06.17 15:09:46.939,1.39686,1.39691,1.30,1.65
2015.06.17 15:09:47.091,1.39687,1.39695,1.57,1.50
2015.06.17 15:09:47.142,1.39687,1.39695,2.25,1.50
2015.06.17 15:09:47.656,1.39689,1.39697,1.50,1.87
2015.06.17 15:09:48.232,1.39689,1.39695,1.07,1.00
2015.06.17 15:09:48.485,1.39686,1.39692,1.00,1.00
2015.06.17 15:09:49.058,1.39684,1.39692,1.07,1.00
2015.06.17 15:09:49.943,1.39684,1.39692,1.07,1.37
2015.06.17 15:09:50.439,1.39687,1.39692,1.10,1.10
2015.06.17 15:09:50.743,1.39688,1.39696,2.25,1.87
2015.06.17 15:09:51.098,1.39688,1.39693,1.07,1.00
2015.06.17 15:09:51.611,1.39687,1.39693,1.50,1.00
2015.06.17 15:09:52.128,1.39686,1.39693,1.57,1.00
2015.06.17 15:09:52.557,1.39685,1.39692,1.57,1.50
2015.06.17 15:09:53.345,1.39685,1.3969,1.57,1.50
2015.06.17 15:09:53.764,1.39683,1.39684,1.50,1.00
2015.06.17 15:09:53.815,1.3968,1.39684,1.00,1.00
2015.06.17 15:09:54.017,1.39676,1.39684,1.20,1.20
2015.06.17 15:09:54.548,1.39678,1.39686,1.50,1.87
2015.06.17 15:09:54.920,1.39679,1.39686,1.57,1.00
2015.06.17 15:09:55.022,1.3968,1.39688,1.10,1.50
2015.06.17 15:09:55.225,1.39682,1.3969,1.00,1.12
2015.06.17 15:09:55.758,1.39682,1.3969,2.25,1.12
2015.06.17 15:09:56.281,1.39682,1.39689,1.50,2.25
2015.06.17 15:09:56.812,1.39681,1.39689,1.57,1.50
2015.06.17 15:09:57.225,1.39686,1.39689,1.00,1.50
2015.06.17 15:09:57.326,1.39684,1.39693,2.32,1.95
2015.06.17 15:09:57.529,1.39684,1.39689,1.07,1.00
2015.06.17 15:09:57.731,1.39681,1.39689,1.07,1.87
2015.06.17 15:09:57.833,1.39681,1.39689,1.07,1.00
2015.06.17 15:09:58.272,1.39683,1.39689,1.50,1.00
2015.06.17 15:09:58.324,1.39683,1.39692,2.25,3.52
2015.06.17 15:09:58.872,1.39684,1.39692,1.50,1.12
2015.06.17 15:09:59.661,1.39684,1.39692,1.50,1.37
2015.06.17 15:10:00.123,1.39684,1.39689,1.50,1.37
2015.06.17 15:10:00.376,1.3968,1.39689,3.00,1.87
2015.06.17 15:10:01.047,1.3968,1.39688,1.50,1.00
2015.06.17 15:10:01.167,1.39681,1.39688,1.57,1.00
2015.06.17 15:10:01.471,1.39687,1.39689,1.00,1.00
2015.06.17 15:10:01.978,1.39687,1.39689,2.25,1.00
2015.06.17 15:10:02.164,1.39687,1.39691,2.25,1.00
2015.06.17 15:10:02.272,1.39687,1.39695,2.25,1.12
2015.06.17 15:10:02.780,1.39687,1.39696,2.25,1.75
2015.06.17 15:10:03.084,1.39687,1.39696,3.00,1.12
2015.06.17 15:10:04.355,1.3969,1.39696,1.00,1.00
2015.06.17 15:10:05.039,1.39689,1.39697,1.07,2.62
2015.06.17 15:10:05.141,1.39687,1.39697,3.00,3.22
2015.06.17 15:10:05.344,1.3969,1.39697,1.00,1.35
2015.06.17 15:10:05.445,1.39688,1.39697,1.20,1.00
2015.06.17 15:10:05.496,1.39688,1.39697,1.85,1.00
2015.06.17 15:10:06.375,1.39689,1.39692,1.50,1.00
2015.06.17 15:10:06.527,1.39683,1.39691,1.57,1.50
2015.06.17 15:10:06.970,1.39681,1.3969,3.75,1.12
2015.06.17 15:10:07.072,1.39681,1.3969,4.12,1.50
2015.06.17 15:10:07.174,1.39681,1.3969,3.75,1.87
2015.06.17 15:10:07.835,1.39681,1.3969,1.07,2.70
2015.06.17 15:10:08.341,1.3968,1.39688,1.95,1.50
2015.06.17 15:10:08.665,1.39681,1.3969,1.95,1.10
2015.06.17 15:10:09.546,1.3968,1.39689,1.57,1.00
2015.06.17 15:10:10.158,1.3968,1.3969,1.95,3.45
2015.06.17 15:10:10.209,1.39683,1.3969,1.00,3.07
2015.06.17 15:10:10.742,1.39685,1.39692,1.00,3.37
2015.06.17 15:10:10.945,1.39683,1.39692,6.22,1.00
2015.06.17 15:10:11.046,1.39683,1.39694,6.22,1.00
2015.06.17 15:10:12.038,1.39686,1.39694,1.35,1.37
2015.06.17 15:10:12.560,1.39686,1.39694,1.35,1.37
2015.06.17 15:10:13.203,1.39689,1.39695,1.00,4.27
2015.06.17 15:10:13.305,1.39687,1.39694,1.00,1.37
2015.06.17 15:10:14.728,1.39686,1.39693,1.00,1.12
2015.06.17 15:10:14.779,1.39686,1.39691,1.00,1.00
2015.06.17 15:10:15.298,1.39685,1.39691,1.72,1.00
2015.06.17 15:10:15.652,1.39685,1.39688,1.12,1.00
2015.06.17 15:10:16.078,1.39683,1.39685,1.07,1.50
2015.06.17 15:10:16.129,1.39681,1.39685,1.20,1.00
2015.06.17 15:10:16.646,1.3968,1.39686,1.45,1.00
2015.06.17 15:10:17.761,1.39681,1.39689,1.80,3.07
2015.06.17 15:10:18.126,1.39689,1.3969,1.00,1.00
2015.06.17 15:10:18.430,1.39687,1.39691,2.32,1.00
2015.06.17 15:10:18.482,1.39687,1.39693,2.32,1.00
2015.06.17 15:10:18.786,1.39689,1.39694,1.00,1.00
2015.06.17 15:10:18.991,1.39689,1.39696,1.50,1.00
2015.06.17 15:10:19.519,1.39689,1.39696,3.00,1.00
2015.06.17 15:10:20.541,1.3969,1.39695,1.27,1.00
2015.06.17 15:10:21.054,1.39691,1.39696,1.00,1.50
2015.06.17 15:10:21.975,1.39691,1.39695,1.00,1.00
2015.06.17 15:10:22.479,1.39691,1.39696,1.50,1.50
2015.06.17 15:10:22.681,1.39691,1.39699,1.87,4.12
2015.06.17 15:10:23.225,1.39693,1.397,1.00,1.87
2015.06.17 15:10:23.827,1.39693,1.397,1.00,1.57
2015.06.17 15:10:24.387,1.39693,1.397,1.12,1.12
2015.06.17 15:10:24.714,1.39696,1.39701,1.37,1.27
2015.06.17 15:10:25.069,1.39698,1.39706,1.50,1.37
2015.06.17 15:10:25.575,1.39699,1.39706,1.00,1.00
2015.06.17 15:10:26.110,1.39699,1.39707,1.12,1.50
2015.06.17 15:10:26.650,1.39699,1.39707,1.37,1.50
2015.06.17 15:10:27.500,1.397,1.39708,1.12,4.05
2015.06.17 15:10:28.017,1.397,1.39708,1.37,3.30
2015.06.17 15:10:28.887,1.397,1.39708,1.37,2.10
2015.06.17 15:10:29.191,1.39702,1.3971,1.57,1.80
2015.06.17 15:10:31.276,1.39703,1.39711,1.10,1.57
2015.06.17 15:10:31.328,1.39702,1.39711,3.07,1.47
2015.06.17 15:10:33.227,1.39702,1.3971,5.25,1.12
2015.06.17 15:10:33.618,1.39703,1.3971,1.65,1.12
2015.06.17 15:10:33.771,1.39704,1.39714,1.57,4.57
2015.06.17 15:10:34.130,1.39704,1.39713,1.95,1.00
2015.06.17 15:10:35.032,1.39704,1.39713,3.07,1.00
2015.06.17 15:10:35.633,1.39705,1.39714,1.47,2.32
2015.06.17 15:10:36.146,1.39706,1.39715,1.45,3.37
2015.06.17 15:10:36.450,1.39706,1.39713,1.20,1.00
2015.06.17 15:10:36.987,1.39706,1.39714,1.27,3.52
2015.06.17 15:10:37.948,1.39706,1.39715,2.70,1.12
2015.06.17 15:10:38.494,1.39707,1.39715,1.85,1.50
2015.06.17 15:10:38.819,1.39708,1.39715,1.07,1.87
2015.06.17 15:10:39.484,1.39707,1.39713,1.50,1.12
2015.06.17 15:10:41.768,1.39706,1.39713,1.50,1.00
2015.06.17 15:10:42.837,1.39706,1.39715,3.37,3.15
2015.06.17 15:10:42.888,1.39706,1.39715,3.37,2.32
2015.06.17 15:10:43.399,1.39708,1.39715,1.20,2.25
2015.06.17 15:10:44.109,1.39707,1.39713,1.50,1.00
2015.06.17 15:10:44.474,1.39707,1.39715,1.57,1.00
2015.06.17 15:10:44.728,1.39707,1.39717,2.02,3.90
2015.06.17 15:10:45.269,1.39708,1.39716,1.50,1.50
2015.06.17 15:10:46.773,1.39708,1.39717,1.87,2.40
2015.06.17 15:10:47.946,1.39708,1.39716,1.87,1.00
2015.06.17 15:10:48.451,1.39708,1.39714,1.50,1.00
2015.06.17 15:10:48.769,1.39704,1.39714,4.12,2.62
2015.06.17 15:10:49.354,1.39704,1.39712,2.62,1.00
2015.06.17 15:10:51.805,1.39704,1.3971,1.20,1.00
2015.06.17 15:10:52.328,1.39703,1.39712,2.62,1.50
2015.06.17 15:10:52.581,1.39703,1.3971,1.07,1.37
2015.06.17 15:10:52.733,1.39701,1.39709,1.20,1.00
2015.06.17 15:10:53.281,1.397,1.39708,1.07,2.25
2015.06.17 15:10:54.544,1.397,1.39706,1.07,1.00
2015.06.17 15:10:55.050,1.39699,1.39706,1.87,1.50
2015.06.17 15:10:56.238,1.39699,1.39704,1.50,1.00
2015.06.17 15:10:56.492,1.39695,1.39701,1.50,1.00
2015.06.17 15:10:56.759,1.39693,1.39701,2.62,1.00
2015.06.17 15:10:58.009,1.39693,1.39701,1.87,1.00
2015.06.17 15:10:58.274,1.39695,1.39703,1.57,1.00
2015.06.17 15:10:58.640,1.39696,1.39704,1.37,1.20
2015.06.17 15:10:59.146,1.39697,1.39703,1.50,1.35
2015.06.17 15:10:59.247,1.39695,1.39702,1.50,1.00
2015.06.17 15:10:59.527,1.39693,1.39702,3.07,1.50
2015.06.17 15:11:00.066,1.39693,1.39702,2.02,1.50
2015.06.17 15:11:00.827,1.39693,1.39702,2.70,1.00
2015.06.17 15:11:00.878,1.39696,1.39702,1.37,1.00
2015.06.17 15:11:01.183,1.397,1.39706,1.20,1.00
2015.06.17 15:11:01.335,1.39702,1.39706,1.00,1.00
2015.06.17 15:11:01.639,1.39704,1.3971,1.00,1.50
2015.06.17 15:11:02.321,1.39702,1.3971,1.57,1.87
2015.06.17 15:11:02.524,1.39702,1.39708,1.07,1.00
2015.06.17 15:11:02.959,1.39706,1.39708,1.00,1.50
2015.06.17 15:11:05.536,1.39705,1.39708,1.00,1.50
2015.06.17 15:11:06.349,1.39703,1.39708,1.00,1.50
2015.06.17 15:11:06.754,1.39704,1.39706,1.00,1.00
2015.06.17 15:11:06.956,1.39702,1.39706,1.00,1.00
2015.06.17 15:11:07.479,1.39704,1.39706,1.00,1.00
2015.06.17 15:11:08.052,1.39705,1.39707,1.00,1.50
2015.06.17 15:11:08.154,1.39707,1.39708,1.00,1.57
2015.06.17 15:11:08.255,1.39706,1.39711,1.50,1.50
2015.06.17 15:11:08.525,1.39703,1.39708,1.00,2.25
2015.06.17 15:11:08.677,1.39699,1.39708,1.27,3.15
2015.06.17 15:11:08.980,1.39699,1.39706,1.00,1.50
2015.06.17 15:11:09.485,1.39699,1.39706,1.00,1.87
2015.06.17 15:11:10.143,1.39697,1.39705,1.50,1.00
2015.06.17 15:11:10.655,1.39697,1.39704,1.50,1.00
2015.06.17 15:11:10.994,1.39696,1.39704,2.25,1.00
2015.06.17 15:11:11.535,1.39697,1.39706,1.00,2.40
2015.06.17 15:11:13.455,1.39696,1.39706,1.50,2.40
2015.06.17 15:11:13.981,1.39696,1.39705,2.25,1.57
2015.06.17 15:11:14.492,1.39699,1.39706,1.00,6.00
2015.06.17 15:11:14.907,1.39697,1.39706,1.10,3.45
2015.06.17 15:11:15.009,1.39697,1.39706,1.10,2.70
2015.06.17 15:11:15.869,1.39696,1.39705,1.57,3.45
2015.06.17 15:11:16.393,1.39695,1.397,1.20,1.00
2015.06.17 15:11:16.597,1.3969,1.39698,1.00,2.32
2015.06.17 15:11:16.900,1.39692,1.39698,1.50,2.25
2015.06.17 15:11:17.177,1.39692,1.39702,2.92,1.20
2015.06.17 15:11:17.814,1.39692,1.397,1.57,1.50
2015.06.17 15:11:19.819,1.39692,1.397,1.10,1.87
2015.06.17 15:11:20.380,1.39692,1.397,2.32,1.00
2015.06.17 15:11:22.614,1.39691,1.39699,1.57,2.25
2015.06.17 15:11:22.919,1.39688,1.39691,1.07,1.00
2015.06.17 15:11:23.021,1.39686,1.39692,1.50,1.00
2015.06.17 15:11:23.123,1.39685,1.39692,1.20,1.50
2015.06.17 15:11:23.606,1.39685,1.39689,1.00,1.00
2015.06.17 15:11:24.007,1.39685,1.39688,1.00,1.37
2015.06.17 15:11:24.210,1.39685,1.3969,1.00,1.87
2015.06.17 15:11:24.311,1.39687,1.3969,1.00,1.00
2015.06.17 15:11:24.413,1.39692,1.39694,1.00,1.12
2015.06.17 15:11:24.514,1.39698,1.397,1.00,3.15
2015.06.17 15:11:24.615,1.397,1.39702,1.00,1.50
2015.06.17 15:11:24.666,1.397,1.39704,1.00,1.00
2015.06.17 15:11:24.717,1.39702,1.39707,1.00,3.37
2015.06.17 15:11:25.057,1.39699,1.39706,1.50,1.12
2015.06.17 15:11:25.209,1.39697,1.39704,3.07,1.00
2015.06.17 15:11:25.727,1.39696,1.39704,1.57,1.50
2015.06.17 15:11:26.030,1.39695,1.39697,1.07,1.12
2015.06.17 15:11:26.359,1.39687,1.39695,1.85,1.37
2015.06.17 15:11:26.460,1.39687,1.39695,1.10,2.62
2015.06.17 15:11:26.972,1.39687,1.39695,1.10,2.25
2015.06.17 15:11:27.124,1.39689,1.39695,1.00,2.25
2015.06.17 15:11:27.641,1.39688,1.39695,1.00,2.62
2015.06.17 15:11:29.524,1.39693,1.39695,1.00,2.25
2015.06.17 15:11:29.727,1.39696,1.39703,1.00,1.00
2015.06.17 15:11:29.828,1.39697,1.39705,1.00,2.70
2015.06.17 15:11:31.131,1.39696,1.39704,1.50,1.87
2015.06.17 15:11:31.637,1.39697,1.39706,2.62,1.12
2015.06.17 15:11:32.211,1.39697,1.39705,2.25,1.00
2015.06.17 15:11:34.666,1.39696,1.39702,1.85,1.37
2015.06.17 15:11:34.862,1.39693,1.397,1.00,2.40
2015.06.17 15:11:35.634,1.39691,1.397,2.25,3.37
2015.06.17 15:11:36.165,1.39693,1.397,1.50,1.95
2015.06.17 15:11:36.687,1.39693,1.39701,1.50,1.95
2015.06.17 15:11:37.209,1.39693,1.39701,2.25,1.65
2015.06.17 15:11:37.546,1.39695,1.39701,1.00,2.02
2015.06.17 15:11:37.850,1.39693,1.39699,2.25,1.00
2015.06.17 15:11:38.379,1.39692,1.39698,1.50,1.50
2015.06.17 15:11:38.582,1.3969,1.39698,1.50,1.50
2015.06.17 15:11:38.734,1.3969,1.39695,1.50,1.00
2015.06.17 15:11:39.239,1.39688,1.39696,1.57,1.50
2015.06.17 15:11:41.193,1.39687,1.39695,3.00,1.12
2015.06.17 15:11:41.699,1.39687,1.39695,1.00,1.50
2015.06.17 15:11:42.472,1.39688,1.39695,1.00,1.50
2015.06.17 15:11:44.304,1.39687,1.39695,1.00,1.50
2015.06.17 15:11:45.620,1.39688,1.39696,1.12,4.50
2015.06.17 15:11:45.923,1.3969,1.39696,1.00,2.25
2015.06.17 15:11:49.494,1.39691,1.39696,1.00,1.50
2015.06.17 15:11:50.685,1.39691,1.39698,1.00,1.00
2015.06.17 15:11:51.192,1.39693,1.39699,1.00,3.37
2015.06.17 15:11:51.699,1.39694,1.397,1.50,3.22
2015.06.17 15:11:52.304,1.39694,1.397,1.00,2.85
2015.06.17 15:11:54.392,1.39695,1.397,1.50,2.10
2015.06.17 15:11:54.912,1.39695,1.39702,1.50,1.10
2015.06.17 15:11:55.417,1.39697,1.39702,1.50,1.00
2015.06.17 15:11:56.196,1.39696,1.39702,1.12,1.50
2015.06.17 15:11:56.705,1.39695,1.397,1.00,1.00
2015.06.17 15:11:56.900,1.39695,1.39703,1.00,1.95
2015.06.17 15:11:57.204,1.39698,1.39703,1.00,1.57
2015.06.17 15:11:57.306,1.39696,1.39703,1.00,1.57
2015.06.17 15:11:57.873,1.39696,1.39703,1.50,1.50
2015.06.17 15:11:58.326,1.39696,1.39703,1.07,2.62
2015.06.17 15:11:58.480,1.39692,1.39698,1.00,1.00
2015.06.17 15:11:59.026,1.39692,1.397,1.00,4.05
2015.06.17 15:11:59.620,1.39692,1.397,1.12,1.57
2015.06.17 15:12:00.025,1.39693,1.397,1.87,1.57
2015.06.17 15:12:00.873,1.39694,1.39704,1.20,5.55
2015.06.17 15:12:00.924,1.39694,1.39704,1.47,5.55
2015.06.17 15:12:01.545,1.39694,1.39704,1.20,6.30
2015.06.17 15:12:01.793,1.39694,1.39701,1.57,1.00
2015.06.17 15:12:03.651,1.39695,1.39701,1.00,1.00
2015.06.17 15:12:04.309,1.39695,1.39704,1.50,2.70
2015.06.17 15:12:04.855,1.39696,1.39704,1.00,1.95
2015.06.17 15:12:05.366,1.39697,1.39704,1.00,1.50
2015.06.17 15:12:05.619,1.39696,1.39702,1.00,1.00
2015.06.17 15:12:06.280,1.39696,1.39702,1.37,1.00
2015.06.17 15:12:06.534,1.39697,1.39704,3.07,1.50
2015.06.17 15:12:06.635,1.397,1.39704,1.00,1.50
2015.06.17 15:12:06.788,1.39702,1.39707,1.00,1.00
2015.06.17 15:12:06.890,1.39706,1.39708,1.00,1.50
2015.06.17 15:12:07.113,1.39704,1.39712,1.00,2.70
2015.06.17 15:12:07.636,1.39705,1.39712,1.35,1.95
2015.06.17 15:12:08.150,1.39705,1.39712,1.00,1.95
2015.06.17 15:12:08.947,1.39704,1.39712,3.00,1.57
2015.06.17 15:12:09.199,1.39704,1.39708,1.00,1.00
2015.06.17 15:12:11.389,1.39706,1.39708,1.00,1.00
2015.06.17 15:12:12.985,1.39706,1.39709,1.00,1.00
2015.06.17 15:12:13.500,1.39706,1.3971,1.00,1.00
2015.06.17 15:12:14.122,1.39705,1.3971,1.00,1.50
2015.06.17 15:12:14.654,1.39704,1.39709,1.00,1.50
2015.06.17 15:12:15.359,1.39705,1.39709,1.00,1.50
2015.06.17 15:12:16.076,1.39705,1.39709,1.00,2.62
2015.06.17 15:12:16.127,1.39701,1.39709,1.00,3.00
2015.06.17 15:12:16.228,1.39701,1.39706,1.00,1.00
2015.06.17 15:12:16.865,1.39702,1.39706,1.00,1.95
2015.06.17 15:12:17.451,1.39701,1.39706,1.00,2.32
2015.06.17 15:12:18.466,1.39701,1.39706,1.00,1.20
2015.06.17 15:12:19.106,1.39704,1.39706,1.00,1.10
2015.06.17 15:12:19.448,1.39708,1.39713,1.00,2.62
2015.06.17 15:12:19.499,1.3971,1.39713,1.00,1.87
2015.06.17 15:12:19.804,1.39717,1.39722,1.00,2.62
2015.06.17 15:12:20.108,1.39715,1.39722,1.50,2.25
2015.06.17 15:12:20.618,1.39716,1.39722,1.00,2.25
2015.06.17 15:12:20.871,1.39715,1.39723,1.87,2.40
2015.06.17 15:12:21.646,1.39715,1.39722,1.00,1.00
2015.06.17 15:12:21.848,1.39714,1.39722,1.00,4.50
2015.06.17 15:12:22.303,1.39712,1.3972,1.50,1.95
2015.06.17 15:12:22.455,1.39709,1.39717,3.75,1.45
2015.06.17 15:12:24.146,1.39712,1.39717,1.00,1.45
2015.06.17 15:12:25.678,1.3971,1.39716,1.00,5.02
2015.06.17 15:12:25.780,1.39708,1.39714,1.00,1.75
2015.06.17 15:12:25.932,1.39706,1.39711,1.00,1.37
2015.06.17 15:12:26.883,1.39705,1.39712,1.50,1.95
2015.06.17 15:12:27.822,1.39705,1.39712,1.50,1.95
2015.06.17 15:12:28.339,1.39704,1.39712,1.50,3.15
2015.06.17 15:12:29.307,1.39703,1.39711,1.00,1.47
2015.06.17 15:12:29.510,1.39703,1.39711,1.00,1.20
2015.06.17 15:12:30.053,1.39702,1.39712,2.70,4.95
2015.06.17 15:12:30.104,1.39704,1.39712,1.50,4.20
2015.06.17 15:12:30.417,1.39706,1.39713,1.00,3.00
2015.06.17 15:12:30.943,1.39706,1.39714,1.50,1.87
2015.06.17 15:12:31.197,1.39704,1.39713,2.70,1.10
2015.06.17 15:12:31.502,1.39707,1.39714,1.00,1.20
2015.06.17 15:12:31.654,1.39707,1.39716,1.50,1.87
2015.06.17 15:12:31.756,1.3971,1.39717,1.10,1.87
2015.06.17 15:12:31.857,1.3971,1.39718,1.20,1.00
2015.06.17 15:12:32.060,1.39707,1.39718,3.75,3.75
2015.06.17 15:12:32.591,1.39707,1.39716,3.07,1.10
2015.06.17 15:12:33.105,1.39708,1.39716,1.00,1.10
2015.06.17 15:12:33.955,1.39707,1.39717,1.10,5.25
2015.06.17 15:12:34.057,1.39707,1.39714,1.00,1.50
2015.06.17 15:12:34.361,1.39708,1.39716,1.00,1.20
2015.06.17 15:12:34.877,1.39709,1.39717,1.00,1.57
2015.06.17 15:12:35.433,1.39709,1.39717,2.70,1.00
2015.06.17 15:12:35.584,1.3971,1.39719,1.37,2.25
2015.06.17 15:12:35.636,1.3971,1.39719,1.37,1.50
2015.06.17 15:12:36.171,1.39709,1.39718,2.32,1.10
2015.06.17 15:12:36.676,1.39709,1.39718,1.65,1.20
2015.06.17 15:12:37.128,1.39709,1.39716,1.65,1.00
2015.06.17 15:12:37.432,1.39708,1.39713,1.50,1.50
2015.06.17 15:12:37.635,1.39705,1.39711,2.47,1.00
2015.06.17 15:12:37.888,1.39703,1.39712,1.00,2.32
2015.06.17 15:12:37.938,1.39702,1.3971,4.50,1.00
2015.06.17 15:12:38.329,1.39703,1.39708,1.12,1.00
2015.06.17 15:12:39.001,1.39701,1.39708,1.60,1.12
2015.06.17 15:12:39.320,1.39698,1.39704,1.00,1.00
2015.06.17 15:12:39.624,1.39698,1.39704,1.00,1.12
2015.06.17 15:12:39.877,1.39696,1.39704,3.00,1.12
2015.06.17 15:12:40.403,1.39697,1.39704,1.00,1.12
2015.06.17 15:12:41.070,1.39696,1.39704,3.00,1.12
2015.06.17 15:12:42.171,1.39695,1.39702,1.00,1.57
2015.06.17 15:12:42.273,1.39695,1.39702,1.87,1.57
2015.06.17 15:12:42.757,1.39698,1.39704,1.87,2.62
2015.06.17 15:12:43.061,1.39696,1.39703,1.50,1.57
2015.06.17 15:12:43.213,1.39693,1.39702,1.50,2.70
2015.06.17 15:12:43.810,1.39694,1.39701,1.00,1.12
2015.06.17 15:12:44.316,1.39695,1.39701,1.00,1.12
2015.06.17 15:12:45.782,1.39695,1.39701,2.47,1.12
2015.06.17 15:12:46.304,1.39695,1.39702,1.87,3.00
2015.06.17 15:12:46.885,1.39695,1.39704,1.12,1.75
2015.06.17 15:12:47.037,1.39695,1.39703,1.12,1.12
2015.06.17 15:12:47.291,1.39693,1.39701,1.00,1.12
2015.06.17 15:12:47.460,1.39692,1.39699,1.50,1.75
2015.06.17 15:12:47.663,1.39693,1.397,1.35,1.95
2015.06.17 15:12:48.017,1.39697,1.397,1.00,1.20
2015.06.17 15:12:48.544,1.39697,1.39704,1.00,3.00
2015.06.17 15:12:48.951,1.39696,1.39704,1.87,3.00
2015.06.17 15:12:49.470,1.39697,1.39704,1.12,1.75
2015.06.17 15:12:50.266,1.39696,1.39703,1.00,1.00
2015.06.17 15:12:51.096,1.39697,1.39703,1.00,1.00
2015.06.17 15:12:52.076,1.39696,1.39704,1.37,1.00
2015.06.17 15:12:52.304,1.39695,1.39704,1.65,1.37
2015.06.17 15:12:52.557,1.39692,1.39701,1.50,2.25
2015.06.17 15:12:52.962,1.39694,1.39701,1.00,2.62
2015.06.17 15:12:53.485,1.39695,1.39701,1.12,2.25
2015.06.17 15:12:54.017,1.39695,1.39701,1.00,1.50
2015.06.17 15:12:54.961,1.39696,1.39701,1.00,1.50
2015.06.17 15:12:55.266,1.39694,1.39698,1.00,2.02
2015.06.17 15:12:55.864,1.39691,1.39698,2.10,1.57
2015.06.17 15:12:56.319,1.39691,1.397,4.80,1.20
2015.06.17 15:12:57.256,1.39692,1.397,2.10,1.57
2015.06.17 15:12:57.762,1.39694,1.397,1.72,1.10
2015.06.17 15:12:58.353,1.39694,1.39702,1.00,3.07
2015.06.17 15:12:58.915,1.39694,1.39702,1.00,3.07
2015.06.17 15:12:59.531,1.39694,1.39702,1.00,2.70
2015.06.17 15:12:59.737,1.39689,1.39696,1.20,1.20
2015.06.17 15:13:00.041,1.39688,1.39693,1.00,1.00
2015.06.17 15:13:00.552,1.39687,1.39693,1.12,1.20
2015.06.17 15:13:02.824,1.39685,1.39693,1.57,1.50
2015.06.17 15:13:03.128,1.39686,1.39691,1.10,1.00
2015.06.17 15:13:03.946,1.39685,1.3969,1.07,1.12
2015.06.17 15:13:03.998,1.39683,1.3969,1.50,1.27
2015.06.17 15:13:04.100,1.39681,1.39689,1.20,1.50
2015.06.17 15:13:04.404,1.39683,1.39689,1.00,1.50
2015.06.17 15:13:04.694,1.39683,1.3969,1.35,2.25
2015.06.17 15:13:04.999,1.39684,1.39692,1.35,2.02
2015.06.17 15:13:05.456,1.39685,1.39692,1.37,1.00
2015.06.17 15:13:05.722,1.39687,1.39696,1.57,4.20
2015.06.17 15:13:06.426,1.39688,1.39696,1.10,3.07
2015.06.17 15:13:07.077,1.39687,1.39696,2.32,2.32
2015.06.17 15:13:07.179,1.3969,1.39696,1.00,1.57
2015.06.17 15:13:07.585,1.39694,1.39698,1.00,2.32
2015.06.17 15:13:07.738,1.39698,1.39703,1.00,3.00
2015.06.17 15:13:07.839,1.39696,1.39703,1.00,1.50
2015.06.17 15:13:08.162,1.39694,1.39703,4.65,1.50
2015.06.17 15:13:08.266,1.39699,1.39703,1.00,1.50
2015.06.17 15:13:08.570,1.39702,1.39704,1.00,1.10
2015.06.17 15:13:08.621,1.39703,1.39706,1.00,1.20
2015.06.17 15:13:09.170,1.39703,1.39707,1.00,1.50
2015.06.17 15:13:09.221,1.39699,1.39702,3.00,1.00
2015.06.17 15:13:09.730,1.397,1.39701,1.57,1.50
2015.06.17 15:13:10.456,1.397,1.39701,1.10,1.50
2015.06.17 15:13:10.962,1.397,1.39701,3.07,1.50
2015.06.17 15:13:11.164,1.39702,1.39705,1.00,1.50
2015.06.17 15:13:11.215,1.39705,1.39706,1.50,1.50
2015.06.17 15:13:11.406,1.39707,1.39709,1.00,1.00
2015.06.17 15:13:11.559,1.3971,1.39711,1.50,1.50
2015.06.17 15:13:12.070,1.3971,1.39712,1.20,1.00
2015.06.17 15:13:12.992,1.39709,1.39711,3.75,1.00
2015.06.17 15:13:13.296,1.39708,1.39709,1.00,1.00
2015.06.17 15:13:13.711,1.39708,1.3971,1.00,1.00
2015.06.17 15:13:13.863,1.39707,1.39709,1.20,1.50
2015.06.17 15:13:13.914,1.39705,1.39707,2.25,1.00
2015.06.17 15:13:14.117,1.39705,1.39709,2.32,1.50
2015.06.17 15:13:14.168,1.39705,1.39707,2.32,1.00
2015.06.17 15:13:14.522,1.39707,1.39708,1.00,1.00
2015.06.17 15:13:15.067,1.39706,1.39708,3.37,1.00
2015.06.17 15:13:15.582,1.39708,1.3971,1.00,1.00
2015.06.17 15:13:16.489,1.39708,1.39709,1.00,1.00
2015.06.17 15:13:17.229,1.39705,1.39707,2.32,1.00
2015.06.17 15:13:20.613,1.39705,1.39711,1.00,1.00
2015.06.17 15:13:21.803,1.39705,1.39711,1.00,1.50
2015.06.17 15:13:22.318,1.39703,1.39711,2.40,2.25
2015.06.17 15:13:23.384,1.39703,1.39711,3.00,2.25
2015.06.17 15:13:24.675,1.39703,1.39709,3.75,1.00
2015.06.17 15:13:25.114,1.39706,1.39713,1.50,2.32
2015.06.17 15:13:25.266,1.39706,1.39715,2.32,3.82
2015.06.17 15:13:25.803,1.39707,1.39715,1.00,2.32
2015.06.17 15:13:26.616,1.39706,1.39715,2.70,2.70
2015.06.17 15:13:27.122,1.39705,1.39713,1.57,1.00
2015.06.17 15:13:28.766,1.39705,1.39713,1.00,2.70
2015.06.17 15:13:29.304,1.39704,1.39711,1.10,1.50
2015.06.17 15:13:31.321,1.39704,1.39711,1.95,1.50
2015.06.17 15:13:31.624,1.39705,1.39713,3.00,1.65
2015.06.17 15:13:32.333,1.39705,1.39711,1.50,4.87
2015.06.17 15:13:32.384,1.39703,1.3971,2.25,1.75
2015.06.17 15:13:32.485,1.39702,1.39705,1.00,1.00
2015.06.17 15:13:32.587,1.39698,1.39705,1.07,1.00
2015.06.17 15:13:33.089,1.39697,1.39706,3.45,1.10
2015.06.17 15:13:33.493,1.39699,1.39707,1.72,1.95
2015.06.17 15:13:33.644,1.39701,1.39709,2.25,2.40
2015.06.17 15:13:35.331,1.39701,1.39708,2.25,1.00
2015.06.17 15:13:35.895,1.39699,1.39709,3.82,2.70
2015.06.17 15:13:36.590,1.39699,1.39704,3.07,1.50
2015.06.17 15:13:36.919,1.397,1.39702,1.07,1.00
2015.06.17 15:13:37.857,1.39699,1.39701,2.32,1.00
2015.06.17 15:13:38.123,1.39697,1.397,1.57,1.00
2015.06.17 15:13:38.705,1.39697,1.39701,1.67,1.00
2015.06.17 15:13:38.806,1.39697,1.39703,2.92,1.00
2015.06.17 15:13:38.908,1.39698,1.39704,4.80,1.00
2015.06.17 15:13:39.348,1.39703,1.39706,1.00,1.00
2015.06.17 15:13:39.554,1.39703,1.39708,1.00,1.00
2015.06.17 15:13:40.642,1.39703,1.39707,1.00,1.00
2015.06.17 15:13:41.160,1.39701,1.39706,2.25,1.00
2015.06.17 15:13:41.683,1.39701,1.39705,1.50,1.00
2015.06.17 15:13:41.835,1.39699,1.39703,1.57,1.00
2015.06.17 15:13:42.361,1.39699,1.39703,1.00,1.00
2015.06.17 15:13:42.816,1.39699,1.39701,1.50,1.00
2015.06.17 15:13:42.968,1.39697,1.39701,1.27,1.00
2015.06.17 15:13:43.019,1.39697,1.397,1.27,1.00
2015.06.17 15:13:44.052,1.39696,1.39699,2.25,1.00
2015.06.17 15:13:44.255,1.39695,1.39698,1.57,1.00
2015.06.17 15:13:44.406,1.39693,1.39698,1.42,1.00
2015.06.17 15:13:44.457,1.39693,1.39696,1.42,1.00
2015.06.17 15:13:45.274,1.39693,1.39696,1.70,1.00
2015.06.17 15:13:45.800,1.39693,1.39697,1.70,1.00
2015.06.17 15:13:46.105,1.39692,1.39695,1.50,1.00
2015.06.17 15:13:46.343,1.3969,1.39692,1.20,1.00
2015.06.17 15:13:46.546,1.39688,1.39694,3.67,1.00
2015.06.17 15:13:46.849,1.39688,1.39692,1.80,1.00
2015.06.17 15:13:47.593,1.39688,1.39692,1.30,1.00
2015.06.17 15:13:48.555,1.39687,1.39694,1.72,1.00
2015.06.17 15:13:49.138,1.39687,1.39695,1.60,1.50
2015.06.17 15:13:49.341,1.39687,1.39694,1.35,1.00
2015.06.17 15:13:49.443,1.39685,1.39692,5.17,1.00
2015.06.17 15:13:49.595,1.39686,1.39692,1.05,1.00
2015.06.17 15:13:49.949,1.39684,1.3969,4.05,1.00
2015.06.17 15:13:50.625,1.39685,1.39691,2.17,1.00
2015.06.17 15:13:51.863,1.39685,1.39692,2.55,1.10
2015.06.17 15:13:52.211,1.39686,1.39692,2.47,1.10
2015.06.17 15:13:53.414,1.39685,1.39692,3.30,1.10
2015.06.17 15:13:53.515,1.39686,1.39692,1.30,1.10
2015.06.17 15:13:53.770,1.39685,1.39692,2.55,1.10
2015.06.17 15:13:54.619,1.39685,1.39692,2.17,1.10
2015.06.17 15:13:55.173,1.39686,1.39691,2.10,1.00
2015.06.17 15:13:57.261,1.39685,1.39691,2.10,1.20
2015.06.17 15:13:57.951,1.39685,1.3969,2.10,1.00
2015.06.17 15:13:58.497,1.39685,1.39691,2.10,1.20
2015.06.17 15:13:59.013,1.39684,1.3969,3.22,1.00
2015.06.17 15:13:59.266,1.39684,1.3969,1.12,2.25
2015.06.17 15:13:59.317,1.39684,1.39687,1.12,1.00
2015.06.17 15:13:59.548,1.39675,1.3968,3.67,1.00
2015.06.17 15:13:59.851,1.39674,1.39679,1.12,1.00
2015.06.17 15:14:00.356,1.39673,1.39679,1.60,1.00
2015.06.17 15:14:00.458,1.39673,1.39676,1.60,1.00
2015.06.17 15:14:00.640,1.3967,1.39677,1.42,1.50
2015.06.17 15:14:01.146,1.39669,1.39676,2.25,1.00
2015.06.17 15:14:02.045,1.3967,1.39677,1.35,1.20
2015.06.17 15:14:02.553,1.39671,1.39678,2.25,1.00
2015.06.17 15:14:03.371,1.39672,1.3968,1.50,3.00
2015.06.17 15:14:03.574,1.39672,1.39682,2.92,3.45
2015.06.17 15:14:03.929,1.39672,1.39676,2.32,1.00
2015.06.17 15:14:04.237,1.39672,1.39674,1.00,1.00
2015.06.17 15:14:04.540,1.39672,1.39674,1.00,1.00
2015.06.17 15:14:05.586,1.3967,1.39674,2.07,1.00
2015.06.17 15:14:05.637,1.39666,1.39668,8.25,1.00
2015.06.17 15:14:05.739,1.39664,1.39665,5.25,1.00
2015.06.17 15:14:05.841,1.39659,1.39661,6.75,1.50
2015.06.17 15:14:05.994,1.39657,1.39659,1.57,1.00
2015.06.17 15:14:06.505,1.39657,1.39661,1.10,1.00
2015.06.17 15:14:06.660,1.39657,1.39659,1.10,1.00
2015.06.17 15:14:06.711,1.39657,1.39659,2.92,1.00
2015.06.17 15:14:06.864,1.39658,1.39662,3.97,1.00
2015.06.17 15:14:06.965,1.39662,1.39663,1.00,1.00
2015.06.17 15:14:07.067,1.3966,1.39663,2.47,1.00
2015.06.17 15:14:07.171,1.39662,1.39665,1.00,1.50
2015.06.17 15:14:07.482,1.39663,1.39664,1.00,1.00
2015.06.17 15:14:07.786,1.39666,1.39667,1.00,1.50
2015.06.17 15:14:08.292,1.39665,1.39667,1.35,1.67
2015.06.17 15:14:08.797,1.39664,1.39666,3.60,1.67
2015.06.17 15:14:09.257,1.39664,1.39666,1.35,1.42
2015.06.17 15:14:09.460,1.3966,1.39661,1.35,1.50
2015.06.17 15:14:09.511,1.39662,1.39665,2.10,2.25
2015.06.17 15:14:09.562,1.39659,1.3966,1.00,1.00
2015.06.17 15:14:09.804,1.3966,1.39664,1.00,1.00
2015.06.17 15:14:10.310,1.3966,1.39664,1.57,1.00
2015.06.17 15:14:10.899,1.39661,1.39664,2.25,1.00
2015.06.17 15:14:11.413,1.39663,1.39665,1.30,1.00
2015.06.17 15:14:11.914,1.39661,1.39666,2.47,1.45
2015.06.17 15:14:12.470,1.39661,1.39665,2.47,1.00
2015.06.17 15:14:13.071,1.39661,1.39667,2.47,1.00
2015.06.17 15:14:13.371,1.39661,1.39665,2.47,1.00
2015.06.17 15:14:13.902,1.39665,1.39668,1.30,1.00
2015.06.17 15:14:14.407,1.39665,1.39669,1.72,1.00
2015.06.17 15:14:14.925,1.39665,1.39669,1.87,1.00
2015.06.17 15:14:15.064,1.39667,1.39669,1.00,1.00
2015.06.17 15:14:15.370,1.39665,1.39667,1.12,1.00
2015.06.17 15:14:15.883,1.39662,1.39666,5.17,1.00
2015.06.17 15:14:16.413,1.39663,1.39667,3.97,1.00
2015.06.17 15:14:16.767,1.39663,1.39666,1.72,1.00
2015.06.17 15:14:16.818,1.39667,1.3967,1.37,2.32
2015.06.17 15:14:16.919,1.39665,1.39667,1.00,1.00
2015.06.17 15:14:17.441,1.39663,1.39667,1.72,1.00
2015.06.17 15:14:17.542,1.39662,1.39667,1.57,1.00
2015.06.17 15:14:17.846,1.39663,1.39668,1.07,1.00
2015.06.17 15:14:17.897,1.39663,1.3967,1.07,1.00
2015.06.17 15:14:18.263,1.39665,1.39671,1.20,1.00
2015.06.17 15:14:18.497,1.39665,1.39673,2.62,1.00
2015.06.17 15:14:18.800,1.39665,1.39672,1.00,1.00
2015.06.17 15:14:19.205,1.39665,1.3967,1.00,1.00
2015.06.17 15:14:19.407,1.39663,1.3967,1.00,1.10
2015.06.17 15:14:19.780,1.39662,1.39668,2.32,1.00
2015.06.17 15:14:20.033,1.3966,1.39667,1.87,1.20
2015.06.17 15:14:20.990,1.3966,1.39668,2.40,1.20
2015.06.17 15:14:21.143,1.3966,1.39668,2.77,1.20
2015.06.17 15:14:21.625,1.39664,1.39669,1.00,1.00
2015.06.17 15:14:22.182,1.39662,1.3967,2.70,1.57
2015.06.17 15:14:22.728,1.39662,1.39669,1.95,1.00
2015.06.17 15:14:23.061,1.39662,1.39669,1.57,1.00
2015.06.17 15:14:23.592,1.39662,1.3967,1.10,1.57
2015.06.17 15:14:24.244,1.39662,1.3967,1.47,1.57
2015.06.17 15:14:25.162,1.39662,1.3967,1.10,1.57
2015.06.17 15:14:26.432,1.39666,1.39671,1.00,1.07
2015.06.17 15:14:26.686,1.39667,1.39675,3.37,1.12
2015.06.17 15:14:27.090,1.39668,1.39676,1.20,1.57
2015.06.17 15:14:27.665,1.39666,1.39676,2.70,2.70
2015.06.17 15:14:28.020,1.39669,1.39676,1.50,1.07
2015.06.17 15:14:28.172,1.39671,1.39679,1.10,1.95
2015.06.17 15:14:28.476,1.39672,1.39681,1.00,1.57
2015.06.17 15:14:29.518,1.39671,1.39681,4.42,1.57
2015.06.17 15:14:30.021,1.39672,1.39681,1.00,1.57
2015.06.17 15:14:30.515,1.39674,1.39681,1.00,1.57
2015.06.17 15:14:30.667,1.39672,1.39681,1.50,1.57
2015.06.17 15:14:31.505,1.39673,1.39681,1.00,1.57
2015.06.17 15:14:32.079,1.39671,1.39681,4.95,1.57
2015.06.17 15:14:33.314,1.39671,1.39681,3.07,1.57
2015.06.17 15:14:33.844,1.39671,1.3968,1.57,1.12
2015.06.17 15:14:33.895,1.39671,1.39679,1.50,1.07
2015.06.17 15:14:34.401,1.3967,1.39679,1.10,1.07
2015.06.17 15:14:34.924,1.39668,1.39678,1.57,3.45
2015.06.17 15:14:35.275,1.39668,1.39676,2.25,1.50
2015.06.17 15:14:35.538,1.39668,1.39677,2.92,1.10
2015.06.17 15:14:37.826,1.3967,1.39678,1.00,4.20
2015.06.17 15:14:38.334,1.39669,1.39678,2.55,3.07
2015.06.17 15:14:38.590,1.39671,1.39678,1.07,1.50
2015.06.17 15:14:39.135,1.39671,1.39679,1.57,1.57
2015.06.17 15:14:39.651,1.39671,1.39679,1.07,2.70
2015.06.17 15:14:39.803,1.39669,1.39678,3.07,1.20
2015.06.17 15:14:40.502,1.39669,1.39676,1.07,1.00
2015.06.17 15:14:40.553,1.39667,1.39675,2.25,1.37
2015.06.17 15:14:40.605,1.39667,1.39675,2.25,1.87
2015.06.17 15:14:40.707,1.39666,1.39674,1.00,1.50
2015.06.17 15:14:40.809,1.39665,1.39672,1.10,1.00
2015.06.17 15:14:41.114,1.39669,1.39677,1.50,3.00
2015.06.17 15:14:41.460,1.39675,1.3968,1.00,1.57
2015.06.17 15:14:41.613,1.39672,1.3968,1.00,1.57
2015.06.17 15:14:42.125,1.39671,1.3968,2.25,3.30
2015.06.17 15:14:42.176,1.39671,1.39678,2.25,1.00
2015.06.17 15:14:42.706,1.3967,1.39678,1.20,1.10
2015.06.17 15:14:44.545,1.39671,1.39678,1.00,1.10
2015.06.17 15:14:44.748,1.39674,1.39683,1.87,1.20
2015.06.17 15:14:45.087,1.39674,1.3968,1.00,1.50
2015.06.17 15:14:45.139,1.39672,1.3968,2.02,1.50
2015.06.17 15:14:46.091,1.39672,1.39679,1.00,1.50
2015.06.17 15:14:46.691,1.39671,1.39679,1.00,2.25
2015.06.17 15:14:47.479,1.39669,1.39678,1.37,2.32
2015.06.17 15:14:48.705,1.39668,1.39675,3.00,1.07
2015.06.17 15:14:48.857,1.39668,1.39675,1.00,1.50
2015.06.17 15:14:49.009,1.39666,1.39675,1.65,1.50
2015.06.17 15:14:49.533,1.39666,1.39674,1.12,1.50
2015.06.17 15:14:50.043,1.39665,1.39674,1.65,3.00
2015.06.17 15:14:53.479,1.39666,1.39674,1.00,2.25
2015.06.17 15:14:54.200,1.39665,1.39674,1.27,2.25
2015.06.17 15:14:54.734,1.39665,1.39674,1.57,3.00
2015.06.17 15:14:55.189,1.39664,1.39674,2.62,3.00
2015.06.17 15:14:55.715,1.39665,1.39674,1.12,3.00
2015.06.17 15:14:56.691,1.39665,1.39674,1.37,3.00
2015.06.17 15:14:58.551,1.39665,1.39671,1.00,1.00
2015.06.17 15:14:58.855,1.39665,1.39674,2.55,1.07
2015.06.17 15:14:59.360,1.39665,1.39674,1.57,1.07
2015.06.17 15:15:00.230,1.39665,1.39674,1.10,2.70
2015.06.17 15:15:00.382,1.39664,1.39671,1.50,1.07
2015.06.17 15:15:00.685,1.39664,1.39669,1.00,1.07
2015.06.17 15:15:01.222,1.39664,1.39668,1.00,3.00
2015.06.17 15:15:01.731,1.39664,1.39669,1.00,2.32
2015.06.17 15:15:03.683,1.39663,1.39666,2.25,1.00
2015.06.17 15:15:04.232,1.3966,1.39663,2.25,1.50
2015.06.17 15:15:04.284,1.39656,1.39663,2.62,1.50
2015.06.17 15:15:04.983,1.39658,1.39664,2.10,1.85
2015.06.17 15:15:05.035,1.3966,1.39664,1.00,1.20
2015.06.17 15:15:05.238,1.3966,1.39668,2.10,1.07
2015.06.17 15:15:05.754,1.39661,1.39668,1.00,1.07
2015.06.17 15:15:07.371,1.39661,1.39668,1.50,1.07
2015.06.17 15:15:07.674,1.39661,1.39669,1.50,1.65
2015.06.17 15:15:10.695,1.39661,1.3967,1.12,4.12
2015.06.17 15:15:13.543,1.39661,1.3967,3.60,1.50
2015.06.17 15:15:13.981,1.39661,1.39669,1.35,1.57
2015.06.17 15:15:14.512,1.39661,1.39667,2.10,1.07
2015.06.17 15:15:15.059,1.3966,1.39667,2.85,1.07
2015.06.17 15:15:15.926,1.39662,1.39667,2.10,1.07
2015.06.17 15:15:16.231,1.39669,1.39674,2.10,1.20
2015.06.17 15:15:16.506,1.39666,1.39675,2.85,2.25
2015.06.17 15:15:18.026,1.39667,1.39675,1.35,3.37
2015.06.17 15:15:18.532,1.39665,1.39674,4.12,1.57
2015.06.17 15:15:19.016,1.39668,1.39675,2.85,1.07
2015.06.17 15:15:19.067,1.3967,1.39676,1.00,1.07
2015.06.17 15:15:19.169,1.3967,1.39678,1.50,1.07
2015.06.17 15:15:19.724,1.3967,1.39678,1.50,1.95
2015.06.17 15:15:20.141,1.39668,1.39674,1.57,1.37
2015.06.17 15:15:20.293,1.39666,1.39673,2.25,1.95
2015.06.17 15:15:20.647,1.39664,1.39673,3.97,2.70
2015.06.17 15:15:21.170,1.39664,1.39673,1.12,1.95
2015.06.17 15:15:21.885,1.39664,1.39673,3.22,2.70
2015.06.17 15:15:22.399,1.39664,1.39672,3.22,1.37
2015.06.17 15:15:22.913,1.39664,1.39671,2.47,2.62
2015.06.17 15:15:23.423,1.39664,1.39671,1.30,2.62
2015.06.17 15:15:23.943,1.39664,1.39671,2.85,2.62
2015.06.17 15:15:25.507,1.39664,1.39671,1.35,2.62
2015.06.17 15:15:26.064,1.39667,1.39671,1.12,1.50
2015.06.17 15:15:26.115,1.39667,1.39674,1.12,1.07
2015.06.17 15:15:26.268,1.39667,1.39676,4.72,3.00
2015.06.17 15:15:26.369,1.3967,1.39676,2.10,1.50
2015.06.17 15:15:26.896,1.3967,1.39677,2.10,1.20
2015.06.17 15:15:27.413,1.3967,1.39677,2.47,1.20
2015.06.17 15:15:28.932,1.39669,1.39674,3.22,1.00
2015.06.17 15:15:29.034,1.39667,1.39674,2.17,1.37
2015.06.17 15:15:29.539,1.39667,1.39675,2.10,1.87
2015.06.17 15:15:30.055,1.39667,1.39675,2.85,1.87
2015.06.17 15:15:30.562,1.39667,1.39675,2.10,1.87
2015.06.17 15:15:31.017,1.39668,1.39676,1.57,1.12
2015.06.17 15:15:31.543,1.39669,1.39677,1.07,1.12
2015.06.17 15:15:32.084,1.3967,1.39678,3.30,1.37
2015.06.17 15:15:32.590,1.3967,1.39678,1.10,1.87
2015.06.17 15:15:32.835,1.3967,1.39678,1.10,1.87
2015.06.17 15:15:33.494,1.3967,1.39678,2.17,2.62
2015.06.17 15:15:33.647,1.39672,1.39678,2.10,1.12
2015.06.17 15:15:34.192,1.39672,1.39678,2.17,1.00
2015.06.17 15:15:34.496,1.3967,1.39677,1.65,1.00
2015.06.17 15:15:34.850,1.39672,1.39678,2.10,1.50
2015.06.17 15:15:35.153,1.39671,1.39678,2.10,1.87
2015.06.17 15:15:35.753,1.39672,1.39678,2.10,3.37
2015.06.17 15:15:36.212,1.39672,1.39678,2.10,2.62
2015.06.17 15:15:36.718,1.39672,1.39679,3.37,1.00
2015.06.17 15:15:36.941,1.39673,1.39682,3.60,1.20
2015.06.17 15:15:37.245,1.39675,1.39682,1.50,1.00
2015.06.17 15:15:37.750,1.39673,1.39683,1.50,1.20
2015.06.17 15:15:39.297,1.39672,1.39683,3.45,2.70
2015.06.17 15:15:39.804,1.39672,1.39681,5.55,1.57
2015.06.17 15:15:40.212,1.39675,1.39682,1.37,1.07
2015.06.17 15:15:40.314,1.39675,1.39684,4.35,2.77
2015.06.17 15:15:40.828,1.39675,1.39685,4.50,2.77
2015.06.17 15:15:41.429,1.39675,1.39685,2.40,2.77
2015.06.17 15:15:41.970,1.39676,1.39685,1.12,2.02
2015.06.17 15:15:42.485,1.39675,1.39685,2.77,2.02
2015.06.17 15:15:43.007,1.39674,1.39683,2.25,1.87
2015.06.17 15:15:43.260,1.39674,1.39681,1.50,1.00
2015.06.17 15:15:43.564,1.39672,1.39681,4.35,1.87
2015.06.17 15:15:44.090,1.39672,1.39681,1.10,2.70
2015.06.17 15:15:44.713,1.39673,1.39681,2.10,3.45
2015.06.17 15:15:45.389,1.39672,1.39681,2.92,3.45
2015.06.17 15:15:46.097,1.39673,1.39681,1.00,2.70
2015.06.17 15:15:46.603,1.39671,1.3968,2.32,1.57
2015.06.17 15:15:48.327,1.39671,1.39681,2.32,1.95
2015.06.17 15:15:49.029,1.39671,1.39681,2.70,2.32
2015.06.17 15:15:56.430,1.39672,1.39681,1.47,2.32
2015.06.17 15:15:57.164,1.39672,1.39681,1.20,2.32
2015.06.17 15:15:58.809,1.39672,1.39681,4.42,1.57
2015.06.17 15:15:59.613,1.39672,1.39681,2.55,1.07
2015.06.17 15:16:00.174,1.39672,1.39681,4.05,1.57
2015.06.17 15:16:01.546,1.39672,1.39681,2.55,1.57
2015.06.17 15:16:01.740,1.39672,1.39681,2.17,1.57
2015.06.17 15:16:03.322,1.39672,1.39681,2.17,1.57
2015.06.17 15:16:03.827,1.39672,1.39681,2.55,1.57
2015.06.17 15:16:04.131,1.39672,1.39678,1.57,1.00
2015.06.17 15:16:04.652,1.3967,1.39678,3.37,1.00
2015.06.17 15:16:05.483,1.3967,1.39676,3.00,1.00
2015.06.17 15:16:06.729,1.39671,1.39676,2.10,1.00
2015.06.17 15:16:07.084,1.3967,1.39672,1.00,1.00
2015.06.17 15:16:07.386,1.39664,1.39668,4.35,1.00
2015.06.17 15:16:07.539,1.39663,1.39668,1.00,1.00
2015.06.17 15:16:07.793,1.39663,1.39666,1.00,1.00
2015.06.17 15:16:08.046,1.39659,1.39666,2.10,1.00
2015.06.17 15:16:08.577,1.3966,1.39667,2.10,1.57
2015.06.17 15:16:09.614,1.3966,1.39668,2.47,3.07
2015.06.17 15:16:10.122,1.3966,1.39666,2.10,1.00
2015.06.17 15:16:10.981,1.39659,1.39668,2.47,2.32
2015.06.17 15:16:11.486,1.3966,1.39668,2.10,1.57
2015.06.17 15:16:11.588,1.39664,1.39668,1.00,1.07
2015.06.17 15:16:12.522,1.39663,1.39665,1.00,1.00
2015.06.17 15:16:13.621,1.39663,1.39664,1.00,1.00
2015.06.17 15:16:14.120,1.39661,1.39664,1.35,1.00
2015.06.17 15:16:14.171,1.39661,1.39666,1.35,2.25
2015.06.17 15:16:14.904,1.39661,1.39665,1.00,1.00
2015.06.17 15:16:15.006,1.39659,1.3966,1.00,1.00
2015.06.17 15:16:15.057,1.39657,1.3966,1.07,1.50
2015.06.17 15:16:15.108,1.39654,1.39657,2.02,1.00
2015.06.17 15:16:15.750,1.39651,1.39657,2.62,1.00
2015.06.17 15:16:16.015,1.39652,1.39657,2.47,1.00
2015.06.17 15:16:16.217,1.39651,1.39657,3.22,1.00
2015.06.17 15:16:17.570,1.39651,1.39658,2.47,4.12
2015.06.17 15:16:17.908,1.39652,1.39658,2.47,5.25
2015.06.17 15:16:17.964,1.39652,1.39658,1.72,5.25
2015.06.17 15:16:18.217,1.39649,1.39657,3.22,1.12
2015.06.17 15:16:18.318,1.39652,1.39657,1.35,1.50
2015.06.17 15:16:18.823,1.3965,1.39656,2.10,1.50
2015.06.17 15:16:19.454,1.3965,1.39655,2.10,1.00
2015.06.17 15:16:19.969,1.39651,1.39655,1.30,1.00
2015.06.17 15:16:20.279,1.39651,1.39655,2.85,1.00
2015.06.17 15:16:20.432,1.39651,1.39658,2.47,3.07
2015.06.17 15:16:20.944,1.39651,1.39656,2.47,1.50
2015.06.17 15:16:23.192,1.39651,1.39655,2.47,1.00
2015.06.17 15:16:23.243,1.39649,1.39654,1.87,1.00
2015.06.17 15:16:23.294,1.39649,1.39651,1.87,1.00
2015.06.17 15:16:23.447,1.39644,1.39645,1.00,1.50
2015.06.17 15:16:23.751,1.39638,1.39644,5.85,1.00
2015.06.17 15:16:24.054,1.39639,1.39642,2.47,1.00
2015.06.17 15:16:24.513,1.39639,1.39645,2.47,1.57
2015.06.17 15:16:24.615,1.39639,1.39644,2.47,1.37
2015.06.17 15:16:24.839,1.39641,1.39645,2.47,2.70
2015.06.17 15:16:24.941,1.3964,1.39644,2.47,1.37
2015.06.17 15:16:25.447,1.39641,1.39644,2.10,1.12
2015.06.17 15:16:25.962,1.39641,1.39644,2.10,1.00
2015.06.17 15:16:26.216,1.39641,1.39647,2.10,1.50
2015.06.17 15:16:26.317,1.39639,1.39642,4.87,1.00
2015.06.17 15:16:26.572,1.39634,1.39639,1.00,1.00
2015.06.17 15:16:26.844,1.39631,1.39639,1.00,1.57
2015.06.17 15:16:27.360,1.39631,1.3964,3.00,1.50
2015.06.17 15:16:28.006,1.39633,1.3964,1.00,1.50
2015.06.17 15:16:28.310,1.39635,1.39641,1.30,1.57
2015.06.17 15:16:28.513,1.39635,1.39643,1.72,2.25
2015.06.17 15:16:29.041,1.39635,1.39644,1.12,1.50
2015.06.17 15:16:31.067,1.39635,1.39644,1.12,4.50
2015.06.17 15:16:31.371,1.39637,1.39644,2.47,3.00
2015.06.17 15:16:32.176,1.39641,1.39644,2.10,3.00
2015.06.17 15:16:32.277,1.39638,1.39644,3.37,2.62
2015.06.17 15:16:32.530,1.39635,1.39644,1.72,2.70
2015.06.17 15:16:32.830,1.39635,1.39644,3.22,2.70
2015.06.17 15:16:33.511,1.39636,1.39643,2.47,1.47
2015.06.17 15:16:34.059,1.39637,1.39644,3.60,1.57
2015.06.17 15:16:34.730,1.39637,1.39644,2.10,1.95
2015.06.17 15:16:35.137,1.3964,1.39644,2.10,1.07
2015.06.17 15:16:35.650,1.39641,1.39644,2.10,1.10
2015.06.17 15:16:35.701,1.39639,1.39644,2.10,1.10
2015.06.17 15:16:36.360,1.3964,1.39644,2.10,1.10
2015.06.17 15:16:36.866,1.39638,1.39644,3.60,1.47
2015.06.17 15:16:37.346,1.39638,1.39642,1.12,1.00
2015.06.17 15:16:37.889,1.39635,1.39644,4.80,1.95
2015.06.17 15:16:38.247,1.39638,1.39645,1.72,1.20
2015.06.17 15:16:38.663,1.39636,1.39643,1.57,1.00
2015.06.17 15:16:38.765,1.39636,1.39643,1.00,2.40
2015.06.17 15:16:39.273,1.39636,1.39643,1.72,4.50
2015.06.17 15:16:39.805,1.39636,1.3964,1.30,1.00
2015.06.17 15:16:40.563,1.39636,1.39641,1.30,2.62
2015.06.17 15:16:40.941,1.39634,1.39639,2.10,1.00
2015.06.17 15:16:41.556,1.39634,1.3964,2.10,1.00
2015.06.17 15:16:41.859,1.39629,1.39636,3.37,1.87
2015.06.17 15:16:42.910,1.39629,1.39636,3.22,1.87
2015.06.17 15:16:43.062,1.39629,1.39633,1.00,1.00
2015.06.17 15:16:43.519,1.39628,1.39633,1.00,2.62
2015.06.17 15:16:43.621,1.39627,1.39633,1.00,3.00
2015.06.17 15:16:43.824,1.39624,1.39633,1.00,4.50
2015.06.17 15:16:44.635,1.39624,1.39631,1.00,1.00
2015.06.17 15:16:45.111,1.39624,1.39632,1.87,1.20
2015.06.17 15:16:46.428,1.39624,1.39633,1.95,1.10
2015.06.17 15:16:46.939,1.39627,1.39634,1.00,1.20
2015.06.17 15:16:50.273,1.39626,1.39634,1.12,2.32
2015.06.17 15:16:50.801,1.39625,1.39634,1.37,3.07
2015.06.17 15:16:51.489,1.39628,1.39634,1.00,1.07
2015.06.17 15:16:52.028,1.39626,1.39634,2.62,1.07
2015.06.17 15:16:52.523,1.39625,1.39633,1.50,4.12
2015.06.17 15:16:53.654,1.39625,1.39633,1.37,3.00
2015.06.17 15:16:53.916,1.39629,1.39633,1.00,2.25
2015.06.17 15:16:54.063,1.39626,1.39633,2.62,1.00
2015.06.17 15:16:54.166,1.39626,1.39635,3.00,2.40
2015.06.17 15:16:55.491,1.39626,1.39634,3.37,1.00
2015.06.17 15:16:55.992,1.39627,1.39633,1.20,1.00
2015.06.17 15:16:56.511,1.39625,1.39632,1.87,1.00
2015.06.17 15:16:57.087,1.39626,1.39632,1.87,1.00
2015.06.17 15:16:57.138,1.39628,1.39633,2.10,1.00
2015.06.17 15:16:57.290,1.39628,1.39635,2.10,3.90
2015.06.17 15:16:58.116,1.39629,1.39635,1.30,2.40
2015.06.17 15:16:59.814,1.39629,1.39634,1.30,1.00
2015.06.17 15:17:00.067,1.39631,1.39634,1.00,1.00
2015.06.17 15:17:00.371,1.39633,1.39635,1.35,1.00
2015.06.17 15:17:02.288,1.39633,1.39636,1.00,1.00
2015.06.17 15:17:02.441,1.39633,1.39639,1.35,1.20
2015.06.17 15:17:02.972,1.39634,1.3964,1.35,3.07
2015.06.17 15:17:03.758,1.39633,1.3964,2.17,2.32
2015.06.17 15:17:04.277,1.39633,1.3964,2.17,5.70
2015.06.17 15:17:04.792,1.39634,1.39639,1.12,1.00
2015.06.17 15:17:05.768,1.39633,1.39638,2.10,1.00
2015.06.17 15:17:06.581,1.39633,1.39636,1.50,1.00
2015.06.17 15:17:07.275,1.39633,1.39639,1.67,1.20
2015.06.17 15:17:07.790,1.39634,1.39639,1.30,1.95
2015.06.17 15:17:08.311,1.39633,1.39639,1.67,1.65
2015.06.17 15:17:08.833,1.39634,1.39641,1.12,2.62
2015.06.17 15:17:10.322,1.39633,1.3964,1.50,1.57
2015.06.17 15:17:10.609,1.39632,1.39636,1.50,3.00
2015.06.17 15:17:10.660,1.39628,1.39636,1.45,3.00
2015.06.17 15:17:10.913,1.39627,1.39634,1.65,1.00
2015.06.17 15:17:15.056,1.39627,1.39635,1.20,1.50
2015.06.17 15:17:15.673,1.39628,1.39635,1.50,1.00
2015.06.17 15:17:16.931,1.39628,1.39635,1.50,1.00
2015.06.17 15:17:17.336,1.39633,1.39637,1.00,1.00
2015.06.17 15:17:17.388,1.39631,1.3964,1.20,1.00
2015.06.17 15:17:18.163,1.3963,1.3964,3.75,1.37
2015.06.17 15:17:18.668,1.3963,1.3964,2.62,3.37
2015.06.17 15:17:19.156,1.3963,1.3964,2.62,4.12
2015.06.17 15:17:19.540,1.39631,1.3964,1.20,4.12
2015.06.17 15:17:20.046,1.39632,1.3964,2.02,1.12
2015.06.17 15:17:21.129,1.39634,1.3964,1.00,1.12
2015.06.17 15:17:21.433,1.39632,1.3964,2.02,1.12
2015.06.17 15:17:21.972,1.39632,1.39639,1.50,1.00
2015.06.17 15:17:22.125,1.39632,1.39637,1.50,1.00
2015.06.17 15:17:22.277,1.39632,1.39639,1.00,2.70
2015.06.17 15:17:22.328,1.3963,1.39638,1.95,1.00
2015.06.17 15:17:22.681,1.3963,1.39637,1.87,1.37
2015.06.17 15:17:23.373,1.39628,1.39634,2.32,1.00
2015.06.17 15:17:23.576,1.39626,1.39634,5.25,1.00
2015.06.17 15:17:23.678,1.39626,1.39632,2.77,1.12
2015.06.17 15:17:24.188,1.39624,1.39631,1.50,1.12
2015.06.17 15:17:24.616,1.39621,1.39629,1.37,1.87
2015.06.17 15:17:25.122,1.39623,1.39629,1.00,1.00
2015.06.17 15:17:25.425,1.39627,1.3963,1.00,1.00
2015.06.17 15:17:25.527,1.39625,1.3963,1.00,1.00
2015.06.17 15:17:26.069,1.39625,1.39631,1.00,1.65
2015.06.17 15:17:26.494,1.39623,1.39631,1.20,2.77
2015.06.17 15:17:26.999,1.39623,1.39629,1.00,1.37
2015.06.17 15:17:27.997,1.39623,1.39629,1.00,1.10
2015.06.17 15:17:28.554,1.39623,1.3963,1.00,1.95
2015.06.17 15:17:29.061,1.39624,1.39632,2.62,1.50
2015.06.17 15:17:29.352,1.39627,1.39634,1.50,1.27
2015.06.17 15:17:29.554,1.39628,1.39636,1.65,1.20
2015.06.17 15:17:29.959,1.39629,1.39638,1.00,2.62
2015.06.17 15:17:30.111,1.39633,1.39638,1.00,1.50
2015.06.17 15:17:30.263,1.39631,1.39639,1.00,1.50
2015.06.17 15:17:30.812,1.39631,1.3964,1.00,6.15
2015.06.17 15:17:30.913,1.39631,1.39638,1.00,1.00
2015.06.17 15:17:31.538,1.39632,1.39638,1.00,1.00
2015.06.17 15:17:32.906,1.39632,1.3964,1.00,5.02
2015.06.17 15:17:33.442,1.39633,1.3964,1.00,3.45
2015.06.17 15:17:34.727,1.39634,1.3964,1.00,1.50
2015.06.17 15:17:35.630,1.39635,1.3964,1.00,1.00
2015.06.17 15:17:35.782,1.39636,1.3964,1.37,1.00
2015.06.17 15:17:35.833,1.39639,1.39644,1.00,1.50
2015.06.17 15:17:36.347,1.39639,1.39646,1.00,1.47
2015.06.17 15:17:36.633,1.39641,1.39646,1.00,1.20
2015.06.17 15:17:36.836,1.39638,1.39646,1.10,1.20
2015.06.17 15:17:37.038,1.39638,1.39644,1.57,1.00
2015.06.17 15:17:38.183,1.39637,1.39644,1.57,2.62
2015.06.17 15:17:38.385,1.39635,1.39641,1.00,1.12
2015.06.17 15:17:38.941,1.39633,1.39641,2.02,1.00
2015.06.17 15:17:39.056,1.39635,1.39641,1.00,1.00
2015.06.17 15:17:39.477,1.39637,1.39641,1.00,1.20
2015.06.17 15:17:39.985,1.39636,1.39641,1.00,1.20
2015.06.17 15:17:41.740,1.39636,1.39642,1.00,1.37
2015.06.17 15:17:42.268,1.39633,1.39639,1.20,1.50
2015.06.17 15:17:42.800,1.39634,1.3964,1.00,2.25
2015.06.17 15:17:43.020,1.39634,1.3964,1.00,1.20
2015.06.17 15:17:44.202,1.39635,1.39641,1.00,1.57
2015.06.17 15:17:45.254,1.39636,1.39641,1.00,1.07
2015.06.17 15:17:46.046,1.39636,1.39642,1.00,2.40
2015.06.17 15:17:47.171,1.39635,1.39642,2.25,2.77
2015.06.17 15:17:47.367,1.39638,1.39642,1.00,2.77
2015.06.17 15:17:47.519,1.39638,1.39643,1.00,1.20
2015.06.17 15:17:48.145,1.39637,1.39643,1.00,1.57
2015.06.17 15:17:48.850,1.39635,1.39643,1.00,1.57
2015.06.17 15:17:49.382,1.39635,1.39641,1.50,1.00
2015.06.17 15:17:50.341,1.39634,1.39641,1.00,1.20
2015.06.17 15:17:50.848,1.39633,1.39641,2.02,1.00
2015.06.17 15:17:51.544,1.39633,1.39641,1.50,1.50
2015.06.17 15:17:51.595,1.39635,1.39641,1.00,1.50
2015.06.17 15:17:52.822,1.39633,1.39641,1.87,1.87
2015.06.17 15:17:54.020,1.39634,1.39641,1.00,1.50
2015.06.17 15:17:55.629,1.39633,1.39641,1.50,1.50
2015.06.17 15:17:56.163,1.39634,1.39641,1.00,1.50
2015.06.17 15:17:56.459,1.39638,1.39641,1.00,1.50
2015.06.17 15:17:56.611,1.39638,1.39645,1.00,3.00
2015.06.17 15:17:56.864,1.39636,1.39644,1.00,2.77
2015.06.17 15:17:56.916,1.39636,1.39641,1.00,1.00
2015.06.17 15:17:57.017,1.39634,1.39641,2.25,1.27
2015.06.17 15:18:00.240,1.39633,1.39641,1.65,1.27
2015.06.17 15:18:00.576,1.39636,1.39641,1.00,1.27
2015.06.17 15:18:01.162,1.39636,1.39643,1.00,1.20
2015.06.17 15:18:01.263,1.39638,1.39643,1.00,1.20
2015.06.17 15:18:01.569,1.39644,1.3965,1.50,1.00
2015.06.17 15:18:01.772,1.39645,1.39653,2.25,1.50
2015.06.17 15:18:02.580,1.39647,1.39653,1.00,1.00
2015.06.17 15:18:02.833,1.39648,1.39655,1.37,1.50
2015.06.17 15:18:02.985,1.39651,1.39657,1.12,1.10
2015.06.17 15:18:03.086,1.39651,1.39659,1.65,2.25
2015.06.17 15:18:03.390,1.39654,1.39659,1.00,1.00
2015.06.17 15:18:03.542,1.39655,1.39663,3.75,1.50
2015.06.17 15:18:03.594,1.39658,1.39663,1.00,1.00
2015.06.17 15:18:03.898,1.3966,1.39666,1.00,2.25
2015.06.17 15:18:04.152,1.3966,1.39668,1.65,1.20
2015.06.17 15:18:04.669,1.3966,1.39668,3.37,1.00
2015.06.17 15:18:05.950,1.3966,1.39667,2.25,1.00
2015.06.17 15:18:06.102,1.39659,1.39666,1.10,2.25
2015.06.17 15:18:06.203,1.39659,1.39664,1.10,1.50
2015.06.17 15:18:06.408,1.39652,1.39661,1.10,1.57
2015.06.17 15:18:06.676,1.39654,1.39661,1.00,2.32
2015.06.17 15:18:06.997,1.39654,1.39661,1.00,3.37
2015.06.17 15:18:07.596,1.39653,1.39661,1.37,1.57
2015.06.17 15:18:08.180,1.39652,1.39661,2.32,1.95
2015.06.17 15:18:08.808,1.39652,1.3966,1.10,1.00
2015.06.17 15:18:09.313,1.3965,1.39659,2.32,1.57
2015.06.17 15:18:10.700,1.3965,1.39657,1.07,1.00
2015.06.17 15:18:10.923,1.39649,1.39657,1.12,1.65
2015.06.17 15:18:11.458,1.39648,1.39656,1.57,1.00
2015.06.17 15:18:13.023,1.39647,1.39656,3.37,1.37
2015.06.17 15:18:13.332,1.39646,1.39654,1.20,3.00
2015.06.17 15:18:13.433,1.39644,1.39651,3.00,1.00
2015.06.17 15:18:13.618,1.39642,1.3965,1.10,1.50
2015.06.17 15:18:15.026,1.39642,1.3965,1.10,1.87
2015.06.17 15:18:15.128,1.39642,1.3965,1.47,1.50
2015.06.17 15:18:15.230,1.39646,1.3965,1.00,1.00
2015.06.17 15:18:15.331,1.39648,1.39654,1.00,2.25
2015.06.17 15:18:15.433,1.39649,1.39656,1.57,1.00
2015.06.17 15:18:16.016,1.39649,1.39657,1.57,1.57
2015.06.17 15:18:16.689,1.39648,1.39657,1.65,2.25
2015.06.17 15:18:17.847,1.39648,1.39657,1.10,3.07
2015.06.17 15:18:17.948,1.39648,1.39657,1.57,3.45
2015.06.17 15:18:18.252,1.3965,1.39655,1.00,1.00
2015.06.17 15:18:18.638,1.39652,1.39657,1.00,1.00
2015.06.17 15:18:20.276,1.39652,1.39658,1.00,1.12
2015.06.17 15:18:20.808,1.39652,1.39659,1.00,1.87
2015.06.17 15:18:21.828,1.39655,1.39659,1.00,1.87
2015.06.17 15:18:23.013,1.39655,1.39659,1.00,2.62
2015.06.17 15:18:23.314,1.39652,1.39654,1.00,1.12
2015.06.17 15:18:24.136,1.39651,1.39655,1.00,1.37
2015.06.17 15:18:24.338,1.39653,1.39655,1.00,1.00
2015.06.17 15:18:24.616,1.39654,1.39659,1.00,1.87
2015.06.17 15:18:24.718,1.39651,1.39658,1.00,1.20
2015.06.17 15:18:25.287,1.39651,1.39658,1.07,1.00
2015.06.17 15:18:25.822,1.39651,1.39657,1.07,1.00
2015.06.17 15:18:26.878,1.39649,1.39657,3.00,1.00
2015.06.17 15:18:27.530,1.39649,1.39656,3.37,1.00
2015.06.17 15:18:28.124,1.3965,1.39657,1.65,1.50
2015.06.17 15:18:28.741,1.39652,1.39657,1.20,1.00
2015.06.17 15:18:28.870,1.39652,1.39654,1.20,1.00
2015.06.17 15:18:29.376,1.39651,1.39655,1.20,1.00
2015.06.17 15:18:30.402,1.3965,1.39658,1.57,1.87
2015.06.17 15:18:30.453,1.39653,1.39658,1.00,1.00
2015.06.17 15:18:30.757,1.39654,1.3966,1.07,1.50
2015.06.17 15:18:31.061,1.39655,1.39663,1.50,1.00
2015.06.17 15:18:35.331,1.39655,1.39661,1.50,1.00
2015.06.17 15:18:35.838,1.39654,1.39659,1.07,1.00
2015.06.17 15:18:36.446,1.39654,1.3966,1.07,1.50
2015.06.17 15:18:37.236,1.39654,1.39661,1.07,1.50
2015.06.17 15:18:37.856,1.39654,1.3966,1.07,1.00
2015.06.17 15:18:38.371,1.39654,1.39661,1.07,1.50
2015.06.17 15:18:38.895,1.39654,1.3966,1.07,1.50
2015.06.17 15:18:39.410,1.39652,1.39659,1.57,1.00
2015.06.17 15:18:40.013,1.39652,1.39658,1.57,1.00
2015.06.17 15:18:40.552,1.39652,1.39657,1.57,1.00
2015.06.17 15:18:41.101,1.39652,1.39658,1.57,1.00
2015.06.17 15:18:41.456,1.39653,1.39661,1.87,2.25
2015.06.17 15:18:42.807,1.39653,1.39662,4.12,1.00
2015.06.17 15:18:43.560,1.39653,1.39661,3.37,1.00
2015.06.17 15:18:43.725,1.39653,1.39659,1.12,1.00
2015.06.17 15:18:44.233,1.39651,1.39658,2.62,1.00
2015.06.17 15:18:44.739,1.39652,1.39659,1.87,2.25
2015.06.17 15:18:47.934,1.39652,1.39661,3.37,1.50
2015.06.17 15:18:47.985,1.39654,1.39661,1.07,1.50
2015.06.17 15:18:48.570,1.39654,1.3966,1.07,1.00
2015.06.17 15:18:49.077,1.39655,1.39661,1.45,1.50
2015.06.17 15:18:49.975,1.39657,1.39661,3.75,1.00
2015.06.17 15:18:50.026,1.39658,1.39663,1.12,1.00
2015.06.17 15:18:50.078,1.39659,1.39665,1.95,3.75
2015.06.17 15:18:50.230,1.3966,1.39667,2.25,1.00
2015.06.17 15:18:50.993,1.3966,1.39665,2.32,1.00
2015.06.17 15:18:51.515,1.3966,1.39665,3.07,1.00
2015.06.17 15:18:52.200,1.3966,1.39665,2.70,1.00
2015.06.17 15:18:52.717,1.3966,1.39665,1.45,1.00
2015.06.17 15:18:53.021,1.39663,1.39668,3.00,1.00
2015.06.17 15:18:56.425,1.39664,1.3967,1.45,1.00
2015.06.17 15:18:56.926,1.39666,1.3967,1.45,1.00
2015.06.17 15:18:56.977,1.39666,1.39672,1.45,1.00
2015.06.17 15:18:57.482,1.39665,1.39671,1.45,1.00
2015.06.17 15:18:57.851,1.39665,1.39669,1.20,1.00
2015.06.17 15:18:58.054,1.39663,1.39668,2.25,1.00
2015.06.17 15:18:58.429,1.39662,1.39668,1.57,1.00
2015.06.17 15:18:58.954,1.39662,1.39667,2.32,1.00
2015.06.17 15:18:59.631,1.39662,1.39667,3.07,1.00
2015.06.17 15:18:59.732,1.39662,1.39669,3.07,1.00
2015.06.17 15:19:00.262,1.39662,1.39669,2.32,1.00
2015.06.17 15:19:00.789,1.39662,1.39669,1.47,1.57
2015.06.17 15:19:00.840,1.39661,1.39666,2.32,1.00
2015.06.17 15:19:01.194,1.3966,1.39668,2.02,1.65
2015.06.17 15:19:02.317,1.39661,1.39668,1.47,1.00
2015.06.17 15:19:02.827,1.39662,1.39668,1.87,1.00
2015.06.17 15:19:03.359,1.39662,1.39668,2.25,1.00
2015.06.17 15:19:04.873,1.39662,1.39668,3.00,1.00
2015.06.17 15:19:05.125,1.39665,1.39672,1.87,1.57
2015.06.17 15:19:05.176,1.39665,1.39672,1.87,1.57
2015.06.17 15:19:05.278,1.39666,1.39672,1.45,1.00
2015.06.17 15:19:05.583,1.39668,1.39672,1.50,1.00
2015.06.17 15:19:05.686,1.39666,1.3967,1.50,1.10
2015.06.17 15:19:05.788,1.39663,1.39671,1.50,1.57
2015.06.17 15:19:06.042,1.39663,1.39672,1.65,1.50
2015.06.17 15:19:06.245,1.39664,1.39672,1.50,2.25
2015.06.17 15:19:06.660,1.39663,1.39667,2.25,1.00
2015.06.17 15:19:06.762,1.39663,1.39671,2.25,1.50
2015.06.17 15:19:07.146,1.39665,1.39673,1.20,1.65
2015.06.17 15:19:07.779,1.39666,1.39673,1.87,1.50
2015.06.17 15:19:08.680,1.39666,1.39673,2.62,2.25
2015.06.17 15:19:09.117,1.39666,1.39673,2.62,2.25
2015.06.17 15:19:09.173,1.39666,1.39673,2.62,2.25
2015.06.17 15:19:10.060,1.39667,1.39674,1.95,1.00
2015.06.17 15:19:10.586,1.39667,1.39675,1.95,1.50
2015.06.17 15:19:10.937,1.39667,1.39675,1.95,1.50
2015.06.17 15:19:10.988,1.39667,1.39675,1.95,1.50
2015.06.17 15:19:11.216,1.39667,1.39675,1.95,1.50
2015.06.17 15:19:11.845,1.39667,1.39674,1.45,1.00
2015.06.17 15:19:12.848,1.3967,1.39677,1.12,3.07
2015.06.17 15:19:12.950,1.39671,1.39676,1.07,1.00
2015.06.17 15:19:13.153,1.39668,1.39675,1.50,1.00
2015.06.17 15:19:13.254,1.39668,1.39673,3.00,1.00
2015.06.17 15:19:13.356,1.39668,1.39675,1.50,1.50
2015.06.17 15:19:13.626,1.39673,1.39679,1.00,1.00
2015.06.17 15:19:13.930,1.39675,1.39682,1.50,1.00
2015.06.17 15:19:14.990,1.39675,1.39683,2.62,2.25
2015.06.17 15:19:15.496,1.39675,1.39682,2.62,1.50
2015.06.17 15:19:15.597,1.39674,1.39681,1.87,1.00
2015.06.17 15:19:16.108,1.39673,1.3968,2.62,1.50
2015.06.17 15:19:16.159,1.39673,1.39678,2.25,1.00
2015.06.17 15:19:16.367,1.39668,1.39675,1.00,1.10
2015.06.17 15:19:16.909,1.39669,1.39675,1.00,1.50
2015.06.17 15:19:17.421,1.39667,1.39674,1.07,1.00
2015.06.17 15:19:17.962,1.39666,1.39674,3.07,1.10
2015.06.17 15:19:18.165,1.39666,1.39674,3.45,1.10
2015.06.17 15:19:18.367,1.39667,1.39676,1.45,3.07
2015.06.17 15:19:18.984,1.39667,1.39675,1.45,1.00
2015.06.17 15:19:19.519,1.39667,1.39674,2.70,1.00
2015.06.17 15:19:19.671,1.39667,1.39674,2.70,1.00
2015.06.17 15:19:20.250,1.39667,1.39675,2.70,1.00
2015.06.17 15:19:21.536,1.39668,1.39675,1.47,1.00
2015.06.17 15:19:24.566,1.39668,1.39675,1.45,1.00
2015.06.17 15:19:24.943,1.39671,1.39677,1.87,1.00
2015.06.17 15:19:25.485,1.39671,1.39678,1.87,1.00
2015.06.17 15:19:25.990,1.39671,1.39677,1.87,1.00
2015.06.17 15:19:27.777,1.39671,1.39677,2.62,1.00
2015.06.17 15:19:28.285,1.39671,1.39678,2.62,1.00
2015.06.17 15:19:28.864,1.39671,1.39678,4.50,1.00
2015.06.17 15:19:29.167,1.39672,1.3968,2.32,2.25
2015.06.17 15:19:29.957,1.39672,1.39679,3.07,1.00
2015.06.17 15:19:31.097,1.39672,1.39679,2.70,1.00
2015.06.17 15:19:31.704,1.39672,1.39679,2.70,1.00
2015.06.17 15:19:32.819,1.39673,1.3968,1.20,3.00
2015.06.17 15:19:33.332,1.39674,1.39681,1.82,1.00
2015.06.17 15:19:34.177,1.39674,1.39682,1.82,1.50
2015.06.17 15:19:34.480,1.39674,1.3968,1.82,1.00
2015.06.17 15:19:34.894,1.39676,1.3968,1.87,1.00
2015.06.17 15:19:34.945,1.39676,1.39682,1.87,1.00
2015.06.17 15:19:35.299,1.39677,1.39682,2.70,1.00
2015.06.17 15:19:35.604,1.39679,1.39684,1.45,1.00
2015.06.17 15:19:35.963,1.39679,1.39683,1.50,1.00
2015.06.17 15:19:36.014,1.39682,1.39687,1.00,1.10
2015.06.17 15:19:36.169,1.39682,1.39689,1.10,1.50
2015.06.17 15:19:36.271,1.39682,1.39687,1.10,1.00
2015.06.17 15:19:37.555,1.39679,1.39687,4.87,1.50
2015.06.17 15:19:38.107,1.3968,1.39685,2.02,1.00
2015.06.17 15:19:38.639,1.39679,1.39685,1.95,1.00
2015.06.17 15:19:40.534,1.39679,1.39685,2.32,1.00
2015.06.17 15:19:40.737,1.39681,1.39686,1.10,1.00
2015.06.17 15:19:40.990,1.39679,1.39684,1.57,1.00
2015.06.17 15:19:41.315,1.3968,1.39683,1.12,1.00
2015.06.17 15:19:41.417,1.3968,1.39684,1.12,1.00
2015.06.17 15:19:42.303,1.39679,1.39684,1.20,1.00
2015.06.17 15:19:42.354,1.39679,1.39684,1.57,1.00
2015.06.17 15:19:42.673,1.39677,1.39683,2.62,1.00
2015.06.17 15:19:42.775,1.39678,1.39684,1.57,1.00
2015.06.17 15:19:43.306,1.39677,1.39686,5.62,3.75
2015.06.17 15:19:43.808,1.39677,1.39684,5.62,1.00
2015.06.17 15:19:45.063,1.39677,1.39684,6.00,1.00
2015.06.17 15:19:46.282,1.39677,1.39686,5.25,3.75
2015.06.17 15:19:46.956,1.39678,1.39686,1.45,2.25
2015.06.17 15:19:47.496,1.39679,1.39686,1.95,2.25
2015.06.17 15:19:48.546,1.39679,1.39684,2.62,1.00
2015.06.17 15:19:50.996,1.39679,1.39684,1.87,1.00
2015.06.17 15:19:51.537,1.39678,1.39684,1.45,1.00
2015.06.17 15:19:53.792,1.39677,1.39684,1.57,1.00
2015.06.17 15:19:54.338,1.39678,1.39684,1.87,1.00
2015.06.17 15:19:54.607,1.39679,1.39684,1.37,1.00
2015.06.17 15:19:55.873,1.39678,1.39684,2.62,1.00
2015.06.17 15:19:56.379,1.39677,1.39684,1.10,1.00
2015.06.17 15:19:56.910,1.39677,1.39685,1.57,1.10
2015.06.17 15:19:57.411,1.39677,1.39685,3.00,1.00
2015.06.17 15:19:57.820,1.39677,1.39686,3.37,2.25
2015.06.17 15:19:58.602,1.39678,1.39686,1.57,2.25
2015.06.17 15:20:00.319,1.39678,1.39685,1.95,1.50
2015.06.17 15:20:01.026,1.39678,1.39685,1.37,1.57
2015.06.17 15:20:01.788,1.39678,1.39684,1.12,1.00
2015.06.17 15:20:01.890,1.39677,1.39682,1.20,1.00
2015.06.17 15:20:02.193,1.39676,1.39684,1.37,1.57
2015.06.17 15:20:02.699,1.39676,1.39684,1.37,1.65
2015.06.17 15:20:02.851,1.39676,1.39683,1.12,1.50
2015.06.17 15:20:03.051,1.39676,1.39685,1.37,2.25
2015.06.17 15:20:03.606,1.39676,1.39683,1.37,1.00
2015.06.17 15:20:04.112,1.39676,1.39685,1.87,1.50
2015.06.17 15:20:04.528,1.39676,1.39682,1.50,1.00
2015.06.17 15:20:04.680,1.39676,1.39684,1.12,1.50
2015.06.17 15:20:04.731,1.39675,1.39684,1.65,2.25
2015.06.17 15:20:05.237,1.39676,1.39685,1.87,4.57
2015.06.17 15:20:06.625,1.39676,1.39683,1.12,1.00
2015.06.17 15:20:06.828,1.39674,1.39684,3.82,2.32
2015.06.17 15:20:07.362,1.39675,1.39683,1.57,1.00
2015.06.17 15:20:07.962,1.39675,1.39684,1.57,3.07
2015.06.17 15:20:08.541,1.39675,1.39684,2.32,3.07
2015.06.17 15:20:08.886,1.39674,1.39681,1.95,1.00
2015.06.17 15:20:09.398,1.39674,1.3968,1.95,1.00
2015.06.17 15:20:09.600,1.39675,1.39683,1.12,1.07
2015.06.17 15:20:09.953,1.39676,1.39685,2.70,1.57
2015.06.17 15:20:10.940,1.39676,1.39685,3.82,1.10
2015.06.17 15:20:11.662,1.39676,1.39685,3.07,1.57
2015.06.17 15:20:12.016,1.39676,1.39682,2.32,1.00
2015.06.17 15:20:12.633,1.39675,1.39682,1.57,1.00
2015.06.17 15:20:13.953,1.39675,1.39681,1.57,1.00
2015.06.17 15:20:14.004,1.39675,1.39681,1.00,1.00
2015.06.17 15:20:14.374,1.39674,1.39681,2.62,1.00
2015.06.17 15:20:14.526,1.39675,1.39683,3.37,1.00
2015.06.17 15:20:15.192,1.39676,1.39684,2.40,1.65
2015.06.17 15:20:18.284,1.39676,1.39685,3.15,2.25
2015.06.17 15:20:19.388,1.39676,1.39685,3.15,2.25
2015.06.17 15:20:19.540,1.39676,1.39682,2.02,1.00
2015.06.17 15:20:20.029,1.39675,1.39684,2.40,2.25
2015.06.17 15:20:20.530,1.39675,1.39684,2.40,2.25
2015.06.17 15:20:20.833,1.39677,1.39685,1.37,1.50
2015.06.17 15:20:21.035,1.39677,1.39686,1.47,2.32
2015.06.17 15:20:21.546,1.39677,1.39686,2.32,1.57
2015.06.17 15:20:22.206,1.39678,1.39686,1.12,2.32
2015.06.17 15:20:26.341,1.39676,1.39685,3.45,2.32
2015.06.17 15:20:26.443,1.39675,1.39683,2.32,1.00
2015.06.17 15:20:26.847,1.39673,1.39681,1.50,1.00
2015.06.17 15:20:27.474,1.39672,1.39681,2.32,1.10
2015.06.17 15:20:27.779,1.3967,1.39674,4.12,1.00
2015.06.17 15:20:28.235,1.39665,1.39674,2.62,3.00
2015.06.17 15:20:28.806,1.39665,1.39674,2.62,2.25
2015.06.17 15:20:29.459,1.39665,1.39672,2.62,1.50
2015.06.17 15:20:30.397,1.39666,1.39674,1.57,1.50
2015.06.17 15:20:31.277,1.39666,1.39674,1.27,1.87
2015.06.17 15:20:31.379,1.39665,1.39672,2.62,1.00
2015.06.17 15:20:32.065,1.39666,1.39674,1.27,3.00
2015.06.17 15:20:32.369,1.39666,1.39672,1.20,1.00
2015.06.17 15:20:33.292,1.39665,1.39673,3.00,1.50
2015.06.17 15:20:34.179,1.39665,1.39672,2.25,1.12
2015.06.17 15:20:34.230,1.39663,1.39671,2.62,1.00
2015.06.17 15:20:34.865,1.39662,1.3967,2.32,1.87
2015.06.17 15:20:35.499,1.39662,1.39669,1.57,1.12
2015.06.17 15:20:36.004,1.3966,1.39668,3.75,1.00
2015.06.17 15:20:37.070,1.3966,1.39668,2.62,2.25
2015.06.17 15:20:37.374,1.3966,1.39665,1.87,1.00
2015.06.17 15:20:37.526,1.39659,1.39667,1.20,1.20
2015.06.17 15:20:39.203,1.39658,1.39666,1.50,1.50
2015.06.17 15:20:40.302,1.39659,1.39668,1.20,5.25
2015.06.17 15:20:41.511,1.39658,1.39668,7.87,3.00
2015.06.17 15:20:42.037,1.3966,1.39669,2.70,2.32
2015.06.17 15:20:42.510,1.39662,1.3967,4.12,1.10
2015.06.17 15:20:42.676,1.3967,1.39672,1.00,6.00
2015.06.17 15:20:42.728,1.39671,1.39675,2.25,1.50
2015.06.17 15:20:42.779,1.39673,1.39675,1.00,1.50
2015.06.17 15:20:42.830,1.39674,1.39679,1.00,1.50
2015.06.17 15:20:42.932,1.39676,1.39682,1.50,1.50
2015.06.17 15:20:43.438,1.39676,1.39683,1.50,1.00
2015.06.17 15:20:43.959,1.39676,1.39684,1.50,1.20
2015.06.17 15:20:46.233,1.39677,1.39684,1.07,1.00
2015.06.17 15:20:46.658,1.39681,1.39684,1.00,1.00
2015.06.17 15:20:46.709,1.39681,1.39687,1.12,1.57
2015.06.17 15:20:46.811,1.39682,1.39688,1.10,1.00
2015.06.17 15:20:46.955,1.39684,1.3969,1.50,1.00
2015.06.17 15:20:47.462,1.39685,1.39691,1.07,1.00
2015.06.17 15:20:49.411,1.39684,1.39691,1.65,1.00
2015.06.17 15:20:50.993,1.39685,1.39691,1.00,1.00
2015.06.17 15:20:51.147,1.39685,1.39693,1.00,1.50
2015.06.17 15:20:53.028,1.39685,1.39693,1.87,1.50
2015.06.17 15:20:54.086,1.39686,1.39695,1.20,3.07
2015.06.17 15:20:55.553,1.39686,1.39695,1.07,3.67
2015.06.17 15:20:57.893,1.39686,1.39695,2.32,4.35
2015.06.17 15:20:58.515,1.39689,1.39695,1.00,2.85
2015.06.17 15:20:59.215,1.39689,1.39695,1.00,2.85
2015.06.17 15:21:01.187,1.39687,1.39695,1.87,2.92
2015.06.17 15:21:01.289,1.39689,1.39695,1.00,2.92
2015.06.17 15:21:02.202,1.39686,1.39695,1.95,3.67
2015.06.17 15:21:02.708,1.39686,1.39695,1.10,4.42
2015.06.17 15:21:03.360,1.39686,1.39695,1.10,4.42
2015.06.17 15:21:08.133,1.39685,1.39693,4.20,1.50
2015.06.17 15:21:08.654,1.39685,1.39693,4.20,1.50
2015.06.17 15:21:09.777,1.39685,1.39696,4.95,4.57
2015.06.17 15:21:11.849,1.39687,1.39696,1.47,3.45
2015.06.17 15:21:11.950,1.39687,1.39696,1.10,3.45
2015.06.17 15:21:12.153,1.39687,1.39696,3.07,1.87
2015.06.17 15:21:13.230,1.39687,1.39697,3.45,1.47
2015.06.17 15:21:13.538,1.3969,1.39698,1.00,2.70
2015.06.17 15:21:14.555,1.39695,1.39698,1.00,1.07
2015.06.17 15:21:14.657,1.39695,1.39701,1.12,1.00
2015.06.17 15:21:14.708,1.39696,1.39703,1.50,1.00
2015.06.17 15:21:14.759,1.39698,1.39704,1.12,1.50
2015.06.17 15:21:15.064,1.39705,1.39706,1.00,1.20
2015.06.17 15:21:15.165,1.39706,1.39711,1.00,1.00
2015.06.17 15:21:15.216,1.39707,1.39713,1.00,1.27
2015.06.17 15:21:15.368,1.39708,1.39713,1.50,1.00
2015.06.17 15:21:15.584,1.39708,1.39716,1.50,1.00
2015.06.17 15:21:16.040,1.39708,1.39712,1.50,1.00
2015.06.17 15:21:16.141,1.39705,1.39712,1.10,1.00
2015.06.17 15:21:16.394,1.39701,1.39712,1.65,2.40
2015.06.17 15:21:16.925,1.39701,1.39711,1.20,1.00
2015.06.17 15:21:16.977,1.39701,1.3971,1.20,1.37
2015.06.17 15:21:17.280,1.39698,1.39707,3.07,1.87
2015.06.17 15:21:17.635,1.39699,1.39709,1.00,1.20
2015.06.17 15:21:18.164,1.39698,1.39707,2.32,1.50
2015.06.17 15:21:18.678,1.39698,1.39706,1.50,1.20
2015.06.17 15:21:19.776,1.39698,1.39707,1.50,1.87
2015.06.17 15:21:20.282,1.39699,1.39707,1.00,4.12
2015.06.17 15:21:20.808,1.39701,1.39707,1.00,1.50
2015.06.17 15:21:21.061,1.39701,1.39708,1.50,1.10
2015.06.17 15:21:21.568,1.397,1.39709,1.50,1.50
2015.06.17 15:21:21.957,1.39702,1.39709,1.00,1.50
2015.06.17 15:21:23.305,1.39701,1.39709,1.00,2.25
2015.06.17 15:21:23.609,1.39698,1.39705,1.20,1.00
2015.06.17 15:21:23.914,1.39699,1.39702,1.00,1.00
2015.06.17 15:21:24.370,1.39697,1.39702,1.10,1.00
2015.06.17 15:21:24.635,1.39695,1.39699,1.00,1.00
2015.06.17 15:21:25.153,1.39694,1.39699,1.00,1.00
2015.06.17 15:21:25.888,1.39695,1.39699,1.00,1.00
2015.06.17 15:21:26.117,1.39691,1.39699,1.10,3.00
2015.06.17 15:21:26.269,1.3969,1.39697,1.10,1.00
2015.06.17 15:21:26.914,1.39689,1.39697,1.57,1.00
2015.06.17 15:21:27.285,1.39689,1.39699,1.95,6.07
2015.06.17 15:21:28.817,1.39689,1.39697,1.95,1.00
2015.06.17 15:21:28.918,1.39689,1.39697,1.95,1.00
2015.06.17 15:21:29.424,1.39689,1.39698,1.95,1.95
2015.06.17 15:21:29.881,1.39689,1.39694,1.95,1.00
2015.06.17 15:21:30.106,1.39686,1.39692,1.57,1.00
2015.06.17 15:21:30.426,1.39687,1.39693,1.37,1.00
2015.06.17 15:21:30.477,1.39687,1.39695,1.37,1.57
2015.06.17 15:21:30.781,1.39689,1.39697,1.65,1.50
2015.06.17 15:21:30.933,1.39689,1.39694,1.20,1.00
2015.06.17 15:21:31.210,1.39683,1.3969,1.50,1.00
2015.06.17 15:21:31.311,1.39682,1.39691,1.10,1.10
2015.06.17 15:21:31.514,1.39683,1.39692,1.50,1.10
2015.06.17 15:21:32.024,1.39683,1.39691,1.07,1.50
2015.06.17 15:21:32.562,1.39682,1.39691,1.07,1.87
2015.06.17 15:21:33.081,1.39682,1.39691,1.07,1.50
2015.06.17 15:21:36.131,1.39681,1.39691,3.07,1.87
2015.06.17 15:21:37.350,1.39681,1.3969,3.07,1.00
2015.06.17 15:21:38.704,1.39682,1.3969,1.07,1.12
2015.06.17 15:21:39.184,1.39683,1.39691,1.47,1.50
2015.06.17 15:21:39.387,1.39686,1.39695,1.87,1.75
2015.06.17 15:21:39.488,1.39687,1.39696,1.57,1.50
2015.06.17 15:21:39.674,1.39689,1.39698,1.87,1.12
2015.06.17 15:21:40.188,1.39689,1.39698,3.00,1.00
2015.06.17 15:21:40.689,1.39689,1.39699,3.37,3.00
2015.06.17 15:21:41.063,1.39689,1.39697,3.00,1.00
2015.06.17 15:21:41.569,1.39689,1.39696,3.00,1.12
2015.06.17 15:21:42.095,1.39689,1.39697,1.50,1.87
2015.06.17 15:21:43.973,1.39689,1.39697,1.50,1.00
2015.06.17 15:21:44.524,1.39689,1.39696,1.50,1.00
2015.06.17 15:21:45.037,1.39689,1.39695,1.00,1.00
2015.06.17 15:21:45.087,1.39687,1.39696,2.77,2.25
2015.06.17 15:21:47.118,1.39687,1.39696,2.77,1.50
2015.06.17 15:21:47.662,1.39687,1.39696,3.52,1.00
2015.06.17 15:21:47.713,1.39687,1.39696,3.52,1.00
2015.06.17 15:21:47.814,1.39687,1.39697,3.15,2.25
2015.06.17 15:21:47.916,1.39689,1.39697,1.00,1.50
2015.06.17 15:21:48.445,1.39688,1.39697,1.00,2.25
2015.06.17 15:21:49.703,1.39688,1.39697,1.37,2.25
2015.06.17 15:21:50.204,1.39688,1.39697,1.50,2.25
2015.06.17 15:21:51.246,1.39688,1.39697,1.00,2.62
2015.06.17 15:21:51.550,1.39687,1.39694,1.65,1.37
2015.06.17 15:21:51.799,1.39685,1.39693,1.00,1.12
2015.06.17 15:21:52.300,1.39684,1.39692,1.20,1.00
2015.06.17 15:21:52.805,1.39683,1.39691,2.70,1.00
2015.06.17 15:21:52.957,1.39683,1.39688,1.12,1.00
2015.06.17 15:21:53.297,1.3968,1.39683,3.75,1.50
2015.06.17 15:21:53.348,1.39679,1.39683,1.00,1.50
2015.06.17 15:21:53.500,1.39675,1.39683,1.50,1.50
2015.06.17 15:21:54.004,1.39673,1.39683,2.62,2.25
2015.06.17 15:21:54.158,1.39673,1.39683,3.00,2.62
2015.06.17 15:21:55.334,1.39673,1.39683,3.07,3.07
2015.06.17 15:21:57.357,1.39673,1.39682,1.95,1.47
2015.06.17 15:21:57.898,1.39672,1.39681,1.45,1.00
2015.06.17 15:21:58.831,1.39672,1.39681,1.07,1.87
2015.06.17 15:21:58.932,1.39671,1.39679,1.20,1.00
2015.06.17 15:21:59.791,1.39671,1.39678,1.00,1.00
2015.06.17 15:21:59.943,1.39671,1.39678,1.00,1.47
2015.06.17 15:22:00.146,1.39667,1.39676,1.87,1.20
2015.06.17 15:22:00.348,1.39667,1.39675,2.62,1.50
2015.06.17 15:22:00.677,1.39665,1.39674,1.00,2.32
2015.06.17 15:22:01.133,1.39665,1.39674,1.87,1.20
2015.06.17 15:22:01.184,1.39668,1.39676,1.37,6.00
2015.06.17 15:22:01.488,1.39671,1.3968,1.00,2.25
2015.06.17 15:22:02.066,1.39671,1.3968,2.62,1.50
2015.06.17 15:22:02.572,1.39671,1.3968,1.87,1.50
2015.06.17 15:22:03.428,1.39671,1.39681,2.70,1.95
2015.06.17 15:22:03.934,1.39671,1.3968,1.20,1.20
2015.06.17 15:22:04.562,1.39671,1.3968,1.20,1.47
2015.06.17 15:22:05.087,1.39671,1.39679,1.10,1.37
2015.06.17 15:22:05.627,1.3967,1.39678,1.20,2.62
2015.06.17 15:22:06.146,1.39669,1.39678,1.20,2.77
2015.06.17 15:22:06.448,1.39669,1.39678,1.20,5.02
2015.06.17 15:22:06.650,1.39666,1.39674,1.10,1.37
2015.06.17 15:22:07.178,1.39664,1.39673,2.62,1.37
2015.06.17 15:22:08.368,1.39664,1.39673,2.25,1.10
2015.06.17 15:22:08.672,1.39664,1.39673,2.25,1.47
2015.06.17 15:22:09.256,1.39664,1.39673,1.87,1.47
2015.06.17 15:22:09.752,1.39664,1.39673,1.87,1.20
2015.06.17 15:22:10.158,1.39666,1.39675,2.77,1.20
2015.06.17 15:22:10.493,1.39666,1.39676,2.77,3.00
2015.06.17 15:22:11.654,1.39666,1.39675,1.20,1.20
2015.06.17 15:22:12.171,1.39666,1.39675,1.57,1.00
2015.06.17 15:22:13.549,1.39668,1.39675,1.00,1.00
2015.06.17 15:22:13.802,1.3967,1.39678,1.12,1.95
2015.06.17 15:22:14.105,1.39672,1.3968,2.02,1.50
2015.06.17 15:22:14.206,1.39674,1.3968,1.00,1.00
2015.06.17 15:22:14.418,1.39674,1.39684,2.32,5.10
2015.06.17 15:22:14.621,1.39676,1.39684,1.00,3.15
2015.06.17 15:22:15.127,1.39675,1.39684,1.20,3.90
2015.06.17 15:22:16.170,1.39674,1.39683,3.00,1.00
2015.06.17 15:22:16.595,1.39674,1.39679,3.00,1.00
2015.06.17 15:22:20.407,1.39674,1.39678,1.50,1.00
2015.06.17 15:22:20.996,1.39674,1.39679,1.50,1.00
2015.06.17 15:22:21.698,1.39674,1.3968,1.50,1.00
2015.06.17 15:22:22.002,1.39676,1.39681,1.00,1.50
2015.06.17 15:22:22.651,1.39676,1.3968,1.00,1.00
2015.06.17 15:22:22.753,1.39676,1.39682,1.00,1.00
2015.06.17 15:22:24.299,1.39675,1.39682,1.10,1.00
2015.06.17 15:22:24.350,1.39674,1.39679,1.57,1.00
2015.06.17 15:22:24.656,1.39671,1.39676,2.25,1.12
2015.06.17 15:22:24.707,1.39671,1.39676,1.00,1.12
2015.06.17 15:22:24.808,1.39669,1.39676,1.50,1.00
2015.06.17 15:22:25.417,1.39669,1.39675,1.00,1.00
2015.06.17 15:22:25.518,1.3967,1.39678,1.12,1.20
2015.06.17 15:22:25.670,1.39672,1.39678,1.37,1.00
2015.06.17 15:22:25.822,1.39672,1.3968,1.50,1.57
2015.06.17 15:22:26.708,1.39674,1.39681,1.87,1.00
2015.06.17 15:22:27.329,1.39674,1.3968,1.87,1.00
2015.06.17 15:22:27.430,1.39674,1.39682,1.87,1.20
2015.06.17 15:22:27.639,1.39674,1.39682,1.87,1.47
2015.06.17 15:22:28.359,1.39674,1.39681,1.50,1.12
2015.06.17 15:22:28.860,1.39674,1.39681,1.50,1.37
2015.06.17 15:22:29.157,1.39671,1.39678,1.50,1.12
2015.06.17 15:22:29.511,1.39674,1.3968,1.50,1.20
2015.06.17 15:22:29.815,1.39671,1.39676,1.57,1.00
2015.06.17 15:22:29.945,1.39671,1.39678,1.00,1.00
2015.06.17 15:22:30.619,1.39671,1.3968,1.00,2.02
2015.06.17 15:22:31.099,1.39672,1.39678,1.00,1.00
2015.06.17 15:22:31.403,1.39671,1.39675,1.00,1.00
2015.06.17 15:22:31.607,1.39668,1.39676,1.57,1.37
2015.06.17 15:22:32.298,1.39668,1.39677,1.57,1.95
2015.06.17 15:22:32.349,1.39668,1.39677,1.95,1.47
2015.06.17 15:22:32.400,1.39672,1.39677,1.00,1.47
2015.06.17 15:22:32.603,1.39674,1.39682,1.00,3.00
2015.06.17 15:22:32.705,1.39674,1.39682,1.00,1.20
2015.06.17 15:22:33.475,1.39674,1.39682,1.00,1.57
2015.06.17 15:22:33.779,1.39674,1.39681,1.00,1.37
2015.06.17 15:22:34.036,1.39672,1.39681,1.65,1.57
2015.06.17 15:22:36.922,1.39672,1.3968,1.50,1.57
2015.06.17 15:22:37.438,1.39672,1.39678,1.50,1.00
2015.06.17 15:22:38.030,1.39672,1.3968,1.50,2.77
2015.06.17 15:22:38.547,1.39672,1.3968,1.50,2.02
2015.06.17 15:22:38.827,1.39672,1.3968,1.50,2.02
2015.06.17 15:22:39.249,1.39672,1.3968,1.50,1.57
2015.06.17 15:22:40.178,1.39672,1.3968,1.50,1.20
2015.06.17 15:22:40.696,1.39672,1.39681,2.25,1.12
2015.06.17 15:22:44.147,1.39672,1.39681,3.07,1.37
2015.06.17 15:22:44.670,1.39672,1.39679,2.32,1.12
2015.06.17 15:22:45.207,1.39672,1.39679,1.50,1.12
2015.06.17 15:22:45.714,1.3967,1.39679,2.32,1.37
2015.06.17 15:22:46.216,1.3967,1.39677,1.57,1.00
2015.06.17 15:22:47.321,1.3967,1.39677,1.20,1.00
2015.06.17 15:22:50.346,1.3967,1.39679,1.20,1.57
2015.06.17 15:22:50.448,1.39672,1.39679,1.00,1.57
2015.06.17 15:22:54.195,1.39677,1.3968,1.00,1.87
2015.06.17 15:22:54.766,1.39677,1.3968,1.00,1.87
2015.06.17 15:22:55.891,1.39677,1.3968,1.00,2.62
2015.06.17 15:22:57.150,1.39677,1.3968,1.00,3.37
2015.06.17 15:22:59.174,1.39676,1.3968,1.00,4.12
2015.06.17 15:22:59.489,1.39677,1.3968,1.00,1.87
2015.06.17 15:23:02.257,1.39676,1.3968,1.00,1.87
2015.06.17 15:23:02.783,1.39675,1.3968,1.50,1.87
2015.06.17 15:23:04.632,1.39676,1.3968,1.00,1.37
2015.06.17 15:23:04.916,1.39676,1.3968,1.00,1.37
2015.06.17 15:23:05.416,1.39676,1.3968,1.00,1.87
2015.06.17 15:23:07.769,1.39674,1.39678,1.00,1.87
2015.06.17 15:23:07.820,1.39673,1.39677,1.00,1.75
2015.06.17 15:23:07.871,1.39672,1.39675,1.57,1.50
2015.06.17 15:23:08.037,1.3967,1.39675,1.50,1.87
2015.06.17 15:23:08.543,1.39669,1.39675,1.00,3.52
2015.06.17 15:23:09.104,1.39669,1.39675,1.00,2.40
2015.06.17 15:23:09.428,1.39669,1.39675,1.00,3.15
2015.06.17 15:23:09.529,1.39669,1.39675,1.00,3.15
2015.06.17 15:23:09.580,1.39666,1.39675,1.65,3.15
2015.06.17 15:23:09.632,1.39666,1.39674,1.20,1.37
2015.06.17 15:23:10.138,1.39665,1.39674,2.32,3.45
2015.06.17 15:23:10.671,1.39665,1.39672,1.00,1.95
2015.06.17 15:23:11.178,1.39668,1.39672,1.00,1.95
2015.06.17 15:23:11.729,1.39669,1.39674,1.00,1.12
2015.06.17 15:23:11.932,1.39668,1.39674,1.00,1.12
2015.06.17 15:23:12.442,1.39667,1.39674,1.00,3.37
2015.06.17 15:23:12.698,1.39665,1.39674,1.65,4.50
2015.06.17 15:23:12.801,1.39665,1.39674,1.00,4.57
2015.06.17 15:23:13.121,1.39665,1.39673,1.00,1.95
2015.06.17 15:23:13.667,1.39666,1.39673,1.00,1.47
2015.06.17 15:23:14.225,1.39665,1.39672,1.00,1.37
2015.06.17 15:23:14.753,1.39665,1.39673,1.50,1.47
2015.06.17 15:23:17.114,1.39665,1.39673,1.50,1.47
2015.06.17 15:23:18.339,1.39665,1.39674,1.50,4.57
2015.06.17 15:23:18.643,1.39665,1.39673,1.50,1.47
2015.06.17 15:23:18.744,1.39665,1.39674,1.50,3.82
2015.06.17 15:23:19.316,1.39666,1.39674,1.00,3.82
2015.06.17 15:23:19.844,1.39666,1.39673,1.00,1.47
2015.06.17 15:23:21.076,1.39665,1.39674,1.50,4.57
2015.06.17 15:23:21.671,1.39663,1.39672,1.07,1.37
2015.06.17 15:23:22.405,1.39663,1.39672,1.07,1.37
2015.06.17 15:23:22.630,1.39663,1.39672,1.07,1.37
2015.06.17 15:23:24.234,1.39663,1.39673,1.07,1.95
2015.06.17 15:23:24.916,1.39663,1.39673,1.07,1.95
2015.06.17 15:23:25.479,1.39662,1.39671,1.20,1.87
2015.06.17 15:23:27.766,1.39662,1.39671,1.95,2.62
2015.06.17 15:23:28.288,1.39662,1.39671,1.07,2.62
2015.06.17 15:23:28.699,1.39661,1.3967,2.32,1.47
2015.06.17 15:23:29.850,1.39661,1.3967,2.32,1.47
2015.06.17 15:23:30.002,1.39661,1.3967,2.70,2.70
2015.06.17 15:23:30.523,1.39661,1.39669,2.70,1.37
2015.06.17 15:23:32.133,1.39661,1.39668,3.45,1.12
2015.06.17 15:23:33.594,1.39661,1.39669,1.95,1.12
2015.06.17 15:23:35.067,1.39661,1.39669,2.70,1.00
2015.06.17 15:23:35.615,1.39661,1.3967,2.70,1.12
2015.06.17 15:23:35.804,1.39664,1.39669,1.00,1.00
2015.06.17 15:23:36.320,1.39664,1.3967,1.00,1.87
2015.06.17 15:23:36.830,1.39664,1.39669,1.00,1.00
2015.06.17 15:23:37.399,1.39664,1.3967,1.00,1.87
2015.06.17 15:23:37.725,1.39662,1.3967,1.12,1.37
2015.06.17 15:23:38.209,1.39664,1.3967,1.00,1.00
2015.06.17 15:23:38.736,1.39665,1.39671,1.00,1.37
2015.06.17 15:23:39.413,1.39666,1.39673,1.00,2.62
2015.06.17 15:23:39.931,1.39666,1.39673,1.00,1.57
2015.06.17 15:23:41.023,1.39665,1.39672,1.20,1.37
2015.06.17 15:23:41.655,1.39666,1.39672,1.00,1.37
2015.06.17 15:23:42.515,1.39667,1.39673,1.00,2.02
2015.06.17 15:23:42.979,1.39666,1.39673,1.00,1.27
2015.06.17 15:23:43.981,1.39665,1.39673,4.20,1.37
2015.06.17 15:23:46.088,1.39666,1.39674,1.10,1.12
2015.06.17 15:23:46.139,1.39668,1.39674,1.00,1.12
2015.06.17 15:23:47.895,1.39668,1.39676,1.00,2.02
2015.06.17 15:23:48.415,1.39666,1.39673,1.50,1.37
2015.06.17 15:23:48.947,1.39665,1.39673,2.25,1.37
2015.06.17 15:23:52.637,1.39665,1.39673,2.25,1.37
2015.06.17 15:23:53.160,1.39665,1.39671,1.00,1.00
2015.06.17 15:23:53.913,1.39665,1.39672,1.00,1.12
2015.06.17 15:23:55.197,1.39665,1.39673,1.00,1.50
2015.06.17 15:23:55.500,1.39663,1.39671,3.00,1.37
2015.06.17 15:23:56.037,1.39663,1.39671,2.25,1.37
2015.06.17 15:23:58.565,1.39663,1.39671,1.57,1.12
2015.06.17 15:23:58.767,1.39663,1.39671,1.57,1.37
2015.06.17 15:23:59.832,1.39661,1.3967,3.37,1.37
2015.06.17 15:24:01.287,1.39661,1.3967,3.37,1.00
2015.06.17 15:24:01.888,1.39661,1.39669,3.75,1.00
2015.06.17 15:24:02.598,1.39661,1.3967,3.75,1.00
2015.06.17 15:24:03.898,1.39662,1.3967,1.20,1.37
2015.06.17 15:24:04.688,1.39662,1.3967,1.65,1.12
2015.06.17 15:24:05.195,1.39662,1.3967,1.65,1.00
2015.06.17 15:24:08.720,1.39661,1.39671,3.00,2.02
2015.06.17 15:24:09.713,1.39661,1.3967,2.62,1.12
2015.06.17 15:24:10.586,1.39661,1.39671,2.62,2.02
2015.06.17 15:24:11.100,1.39661,1.39669,3.00,1.37
2015.06.17 15:24:11.420,1.39662,1.3967,2.40,1.00
2015.06.17 15:24:11.622,1.39666,1.39673,1.00,1.20
2015.06.17 15:24:11.673,1.39667,1.39674,1.50,1.87
2015.06.17 15:24:12.067,1.39664,1.39673,4.50,1.00
2015.06.17 15:24:12.575,1.39663,1.39672,2.25,1.00
2015.06.17 15:24:13.332,1.39663,1.39671,2.25,1.00
2015.06.17 15:24:14.605,1.39663,1.3967,2.25,1.00
2015.06.17 15:24:15.140,1.39663,1.39669,2.25,1.00
2015.06.17 15:24:16.431,1.39663,1.39669,1.50,1.37
2015.06.17 15:24:16.533,1.3966,1.39668,2.70,1.12
2015.06.17 15:24:17.038,1.3966,1.39668,3.07,1.37
2015.06.17 15:24:17.622,1.3966,1.39668,2.70,1.37
2015.06.17 15:24:18.152,1.3966,1.39668,2.70,1.37
2015.06.17 15:24:18.680,1.3966,1.39668,2.70,1.87
2015.06.17 15:24:18.731,1.3966,1.39667,2.70,1.37
2015.06.17 15:24:18.985,1.39657,1.39665,1.20,1.00
2015.06.17 15:24:19.203,1.39658,1.39663,1.50,1.95
2015.06.17 15:24:19.254,1.39656,1.39663,1.00,1.95
2015.06.17 15:24:19.640,1.39654,1.39662,1.50,1.37
2015.06.17 15:24:20.324,1.39654,1.3966,1.07,1.00
2015.06.17 15:24:20.867,1.39653,1.3966,2.25,1.12
2015.06.17 15:24:27.589,1.39653,1.3966,3.00,1.37
2015.06.17 15:24:28.122,1.39653,1.39661,3.00,1.87
2015.06.17 15:24:30.210,1.39653,1.3966,3.00,1.00
2015.06.17 15:24:30.913,1.39653,1.3966,3.00,1.37
2015.06.17 15:24:33.023,1.39653,1.39661,3.00,1.37
2015.06.17 15:24:33.327,1.39655,1.3966,5.25,1.00
2015.06.17 15:24:33.479,1.39655,1.3966,2.25,1.37
2015.06.17 15:24:33.631,1.39652,1.3966,3.00,1.87
2015.06.17 15:24:33.934,1.39652,1.3966,1.50,1.47
2015.06.17 15:24:34.223,1.39652,1.39661,1.50,1.57
2015.06.17 15:24:35.275,1.39653,1.39661,1.00,2.32
2015.06.17 15:24:35.326,1.39656,1.39662,1.37,2.62
2015.06.17 15:24:35.512,1.3966,1.39666,1.87,3.00
2015.06.17 15:24:35.563,1.3966,1.39666,2.70,2.25
2015.06.17 15:24:35.614,1.39662,1.39668,1.00,1.57
2015.06.17 15:24:36.221,1.39662,1.39668,1.07,1.00
2015.06.17 15:24:36.607,1.39662,1.3967,1.07,1.50
2015.06.17 15:24:37.131,1.39663,1.3967,3.45,1.00
2015.06.17 15:24:37.827,1.39663,1.39669,1.57,1.12
2015.06.17 15:24:37.979,1.39659,1.39667,3.00,1.30
2015.06.17 15:24:38.131,1.39659,1.39666,1.50,1.47
2015.06.17 15:24:38.644,1.39658,1.39667,1.00,3.37
2015.06.17 15:24:39.784,1.39658,1.39666,1.00,1.27
2015.06.17 15:24:41.080,1.39658,1.39666,1.00,2.62
2015.06.17 15:24:41.427,1.39658,1.39663,1.00,1.00
2015.06.17 15:24:41.940,1.39657,1.39663,1.50,1.00
2015.06.17 15:24:42.928,1.39657,1.39665,1.12,1.50
2015.06.17 15:24:43.030,1.39655,1.39663,2.62,1.50
2015.06.17 15:24:43.284,1.39655,1.39663,1.07,2.25
2015.06.17 15:24:43.933,1.39657,1.39663,1.00,2.25
2015.06.17 15:24:44.442,1.39656,1.39663,1.10,1.50
2015.06.17 15:24:44.752,1.39658,1.39663,1.00,2.62
2015.06.17 15:24:45.297,1.39657,1.39665,1.00,3.07
2015.06.17 15:24:45.803,1.39658,1.39664,1.00,1.37
2015.06.17 15:24:48.203,1.39658,1.39664,1.00,1.00
2015.06.17 15:24:48.507,1.39663,1.39667,1.00,1.00
2015.06.17 15:24:48.812,1.39665,1.39667,1.00,1.00
2015.06.17 15:24:48.863,1.39663,1.39667,1.00,1.00
2015.06.17 15:24:48.914,1.39663,1.39669,1.00,2.25
2015.06.17 15:24:49.544,1.39663,1.39669,1.57,1.00
2015.06.17 15:24:50.085,1.39663,1.39671,2.70,1.00
2015.06.17 15:24:50.187,1.39665,1.39672,1.37,1.00
2015.06.17 15:24:50.757,1.39667,1.39673,1.00,1.50
2015.06.17 15:24:51.263,1.39666,1.39672,1.20,1.00
2015.06.17 15:24:51.959,1.39666,1.39673,1.20,1.50
2015.06.17 15:24:52.385,1.39666,1.39673,1.57,1.50
2015.06.17 15:24:52.905,1.39666,1.39672,2.02,1.00
2015.06.17 15:24:52.956,1.39666,1.39674,1.57,3.75
2015.06.17 15:24:53.466,1.39666,1.39673,3.52,1.00
2015.06.17 15:24:55.017,1.39666,1.39673,3.52,1.00
2015.06.17 15:24:56.122,1.39666,1.39673,3.52,1.00
2015.06.17 15:24:58.047,1.39666,1.39674,2.77,2.25
2015.06.17 15:24:58.577,1.39666,1.39673,2.77,1.00
2015.06.17 15:25:00.602,1.39667,1.39674,1.87,1.00
2015.06.17 15:25:00.754,1.39673,1.39676,1.00,1.50
2015.06.17 15:25:00.856,1.39669,1.39677,1.87,1.10
2015.06.17 15:25:00.907,1.39669,1.39677,2.25,1.10
2015.06.17 15:25:01.210,1.3967,1.39675,1.07,1.00
2015.06.17 15:25:01.462,1.39668,1.39675,2.70,1.00
2015.06.17 15:25:01.989,1.39668,1.39676,1.57,2.25
2015.06.17 15:25:07.248,1.39668,1.39675,1.50,1.00
2015.06.17 15:25:07.552,1.39668,1.39673,1.50,1.00
2015.06.17 15:25:07.806,1.39662,1.39669,1.87,1.00
2015.06.17 15:25:07.857,1.39662,1.39667,1.87,1.00
2015.06.17 15:25:08.389,1.39659,1.39666,2.25,1.00
2015.06.17 15:25:08.592,1.39658,1.39665,1.50,1.00
2015.06.17 15:25:09.384,1.39658,1.39665,1.37,1.00
2015.06.17 15:25:09.887,1.39658,1.39666,1.87,1.57
2015.06.17 15:25:10.376,1.39658,1.39666,1.00,1.95
2015.06.17 15:25:10.477,1.39657,1.39664,1.10,1.50
2015.06.17 15:25:10.795,1.39655,1.39661,1.87,1.00
2015.06.17 15:25:11.691,1.39655,1.39663,1.47,1.57
2015.06.17 15:25:12.274,1.39655,1.39663,1.10,2.32
2015.06.17 15:25:12.821,1.39655,1.39662,1.57,1.00
2015.06.17 15:25:13.162,1.39656,1.39662,1.37,1.00
2015.06.17 15:25:13.476,1.39659,1.39666,1.87,1.75
2015.06.17 15:25:13.527,1.39659,1.39666,1.95,1.00
2015.06.17 15:25:14.051,1.39659,1.39667,1.10,1.10
2015.06.17 15:25:14.996,1.39658,1.39666,1.20,1.10
2015.06.17 15:25:15.504,1.39658,1.39665,2.02,1.00
2015.06.17 15:25:20.573,1.39657,1.39664,2.25,2.25
2015.06.17 15:25:20.624,1.39657,1.39662,2.25,1.00
2015.06.17 15:25:21.184,1.39657,1.39662,1.00,1.00
2015.06.17 15:25:21.713,1.39657,1.39661,1.00,2.25
2015.06.17 15:25:22.977,1.39655,1.39661,1.50,1.50
2015.06.17 15:25:23.903,1.39656,1.39661,1.00,2.25
2015.06.17 15:25:23.961,1.39659,1.39661,1.00,2.25
2015.06.17 15:25:25.463,1.3966,1.39662,1.00,2.32
2015.06.17 15:25:25.770,1.39659,1.39661,1.50,1.50
2015.06.17 15:25:26.288,1.3966,1.39661,1.00,1.50
2015.06.17 15:25:30.801,1.39659,1.39662,1.00,2.32
2015.06.17 15:25:30.902,1.39659,1.39661,1.00,1.50
2015.06.17 15:25:31.534,1.39659,1.39661,1.00,1.50
2015.06.17 15:25:32.073,1.39659,1.39661,1.00,1.50
2015.06.17 15:25:33.692,1.39658,1.3966,1.00,1.00
2015.06.17 15:25:34.241,1.39657,1.39659,1.00,1.50
2015.06.17 15:25:35.197,1.39657,1.39659,1.00,1.50
2015.06.17 15:25:35.716,1.39656,1.39659,1.00,1.50
2015.06.17 15:25:36.248,1.39655,1.39659,1.00,1.50
2015.06.17 15:25:37.005,1.39656,1.39659,1.00,1.50
2015.06.17 15:25:37.522,1.39655,1.39659,1.00,1.50
2015.06.17 15:25:38.059,1.39656,1.39659,1.00,1.00
2015.06.17 15:25:38.211,1.39654,1.39661,1.50,4.87
2015.06.17 15:25:38.722,1.39655,1.3966,1.00,4.12
2015.06.17 15:25:39.323,1.39654,1.3966,1.50,1.87
2015.06.17 15:25:39.860,1.39655,1.3966,1.00,3.37
2015.06.17 15:25:40.368,1.39654,1.3966,1.00,4.87
2015.06.17 15:25:42.131,1.39655,1.3966,1.50,3.07
2015.06.17 15:25:44.021,1.39655,1.3966,1.50,3.52
2015.06.17 15:25:44.546,1.39655,1.3966,1.50,3.15
2015.06.17 15:25:45.520,1.39656,1.3966,1.00,3.52
2015.06.17 15:25:46.230,1.39654,1.3966,1.50,1.65
2015.06.17 15:25:46.752,1.39655,1.3966,1.00,3.15
2015.06.17 15:25:47.298,1.39655,1.39658,1.00,1.37
2015.06.17 15:25:47.350,1.39651,1.39656,1.50,1.00
2015.06.17 15:25:47.451,1.3965,1.39654,1.85,1.00
2015.06.17 15:25:47.502,1.3965,1.39654,1.20,1.00
2015.06.17 15:25:47.654,1.39646,1.39652,3.52,1.00
2015.06.17 15:25:48.031,1.3965,1.39652,1.00,1.00
2015.06.17 15:25:49.285,1.39648,1.39652,1.00,1.00
2015.06.17 15:25:49.960,1.39648,1.39654,1.00,2.70
2015.06.17 15:25:50.213,1.39646,1.39654,1.00,4.42
2015.06.17 15:25:50.412,1.39646,1.39651,1.00,1.00
2015.06.17 15:25:50.615,1.39644,1.39651,1.00,1.20
2015.06.17 15:25:51.124,1.39645,1.39652,1.00,3.75
2015.06.17 15:25:51.546,1.39643,1.39652,1.00,3.75
2015.06.17 15:25:52.062,1.39643,1.3965,1.00,1.00
2015.06.17 15:25:52.368,1.39645,1.3965,1.00,1.00
2015.06.17 15:25:52.805,1.39641,1.3965,1.00,2.85
2015.06.17 15:25:52.856,1.3964,1.39647,3.07,2.62
2015.06.17 15:25:53.362,1.39641,1.39647,1.00,2.25
2015.06.17 15:25:53.666,1.39644,1.39649,1.00,1.57
2015.06.17 15:25:53.899,1.39646,1.39651,1.00,1.57
2015.06.17 15:25:54.638,1.39644,1.39651,1.50,2.40
2015.06.17 15:25:54.688,1.39644,1.39647,1.50,1.00
2015.06.17 15:25:55.212,1.39645,1.39649,1.00,2.32
2015.06.17 15:25:55.364,1.39646,1.3965,1.00,1.10
2015.06.17 15:25:55.882,1.39645,1.3965,1.00,1.10
2015.06.17 15:25:55.991,1.39645,1.3965,1.50,1.47
2015.06.17 15:25:56.042,1.39643,1.3965,1.00,3.45
2015.06.17 15:25:56.554,1.39641,1.39648,1.00,1.57
2015.06.17 15:25:58.132,1.39642,1.39648,1.00,1.20
2015.06.17 15:25:58.335,1.39643,1.3965,1.00,3.82
2015.06.17 15:25:58.927,1.39644,1.39651,1.00,2.32
2015.06.17 15:26:00.168,1.39644,1.39651,1.00,1.57
2015.06.17 15:26:00.678,1.39645,1.39651,1.10,1.00
2015.06.17 15:26:01.211,1.39645,1.39653,1.10,1.47
2015.06.17 15:26:01.941,1.39647,1.39653,1.00,1.10
2015.06.17 15:26:03.787,1.39645,1.39653,2.25,1.00
2015.06.17 15:26:07.585,1.39647,1.39653,1.00,1.50
2015.06.17 15:26:08.089,1.39647,1.39654,1.00,1.50
2015.06.17 15:26:08.637,1.39647,1.39656,1.50,4.12
2015.06.17 15:26:08.940,1.3965,1.39657,1.50,5.62
2015.06.17 15:26:10.136,1.39652,1.39657,1.12,3.00
2015.06.17 15:26:10.471,1.39654,1.3966,1.00,2.25
2015.06.17 15:26:10.522,1.39654,1.3966,1.00,1.10
2015.06.17 15:26:11.045,1.39655,1.3966,1.00,1.10
2015.06.17 15:26:11.583,1.39654,1.3966,1.00,1.00
2015.06.17 15:26:13.079,1.39655,1.3966,1.00,1.00
2015.06.17 15:26:13.604,1.39655,1.39661,1.00,1.12
2015.06.17 15:26:13.856,1.39653,1.39661,1.10,1.12
2015.06.17 15:26:14.475,1.39653,1.39657,1.12,1.00
2015.06.17 15:26:14.779,1.39658,1.39661,1.20,1.00
2015.06.17 15:26:14.831,1.39658,1.39665,1.20,2.62
2015.06.17 15:26:15.438,1.39658,1.39667,1.57,4.12
2015.06.17 15:26:15.590,1.39656,1.39659,3.00,3.37
2015.06.17 15:26:15.793,1.39656,1.39662,1.00,1.00
2015.06.17 15:26:15.895,1.39656,1.39665,1.50,3.90
2015.06.17 15:26:16.401,1.39656,1.39664,2.25,1.00
2015.06.17 15:26:17.082,1.39656,1.39665,1.50,4.27
2015.06.17 15:26:17.336,1.39657,1.39663,1.27,1.00
2015.06.17 15:26:17.909,1.39658,1.39665,1.57,1.10
2015.06.17 15:26:17.961,1.39657,1.39664,1.95,1.37
2015.06.17 15:26:18.266,1.39662,1.39663,1.00,1.00
2015.06.17 15:26:18.317,1.39662,1.39665,1.10,1.50
2015.06.17 15:26:18.369,1.39664,1.39666,1.00,1.00
2015.06.17 15:26:18.420,1.39664,1.39672,1.00,3.75
2015.06.17 15:26:18.522,1.39664,1.39673,2.25,1.20
2015.06.17 15:26:18.674,1.39666,1.39674,1.00,1.57
2015.06.17 15:26:18.892,1.39667,1.39676,1.50,1.65
2015.06.17 15:26:19.420,1.39668,1.39677,1.00,3.00
2015.06.17 15:26:20.721,1.39669,1.39677,1.00,3.00
2015.06.17 15:26:20.975,1.39673,1.39677,1.00,1.50
2015.06.17 15:26:21.291,1.39675,1.39682,1.57,1.50
2015.06.17 15:26:21.343,1.39678,1.39684,1.00,1.50
2015.06.17 15:26:21.849,1.39678,1.39686,1.00,1.07
2015.06.17 15:26:22.782,1.39679,1.39686,1.00,2.70
2015.06.17 15:26:23.300,1.3968,1.39686,1.00,1.00
2015.06.17 15:26:23.825,1.3968,1.39685,1.00,1.00
2015.06.17 15:26:24.816,1.3968,1.39682,1.00,1.00
2015.06.17 15:26:25.070,1.39678,1.39682,1.50,1.00
2015.06.17 15:26:25.769,1.39676,1.39682,2.32,1.00
2015.06.17 15:26:26.405,1.39676,1.39682,1.57,1.00
2015.06.17 15:26:27.350,1.39676,1.39684,1.20,1.12
2015.06.17 15:26:27.901,1.39675,1.39684,1.57,3.37
2015.06.17 15:26:28.456,1.39675,1.39684,1.27,3.37
2015.06.17 15:26:28.658,1.39674,1.39683,1.87,4.65
2015.06.17 15:26:28.990,1.39672,1.39675,1.00,1.00
2015.06.17 15:26:29.046,1.39668,1.39675,3.37,1.00
2015.06.17 15:26:29.147,1.39668,1.39673,2.62,1.00
2015.06.17 15:26:29.653,1.39667,1.39673,1.45,1.00
2015.06.17 15:26:30.203,1.39667,1.39674,1.95,1.00
2015.06.17 15:26:30.658,1.39667,1.39672,1.95,1.00
2015.06.17 15:26:31.418,1.39667,1.39673,1.95,1.00
2015.06.17 15:26:32.880,1.39667,1.39674,1.57,1.00
2015.06.17 15:26:35.197,1.39667,1.39673,1.07,1.37
2015.06.17 15:26:35.541,1.39664,1.3967,1.85,1.00
2015.06.17 15:26:35.593,1.39663,1.3967,1.50,1.00
2015.06.17 15:26:36.103,1.39663,1.3967,1.00,1.00
2015.06.17 15:26:36.668,1.39662,1.3967,1.57,1.00
2015.06.17 15:26:37.297,1.39663,1.3967,1.37,1.00
2015.06.17 15:26:37.651,1.39665,1.39672,1.00,1.20
2015.06.17 15:26:38.229,1.39666,1.39672,1.12,1.20
2015.06.17 15:26:38.714,1.39668,1.39674,1.00,1.75
2015.06.17 15:26:38.764,1.39668,1.39674,1.00,1.10
2015.06.17 15:26:38.967,1.39671,1.39675,1.00,1.20
2015.06.17 15:26:39.119,1.39672,1.39678,1.00,1.87
2015.06.17 15:26:39.388,1.39672,1.39674,1.50,1.00
2015.06.17 15:26:39.590,1.3967,1.39675,1.00,2.25
2015.06.17 15:26:39.641,1.39667,1.39675,1.20,2.25
2015.06.17 15:26:40.148,1.39667,1.39674,1.12,1.10
2015.06.17 15:26:40.517,1.39669,1.39675,1.37,1.57
2015.06.17 15:26:40.618,1.39669,1.39677,2.62,1.57
2015.06.17 15:26:40.720,1.3967,1.39679,1.57,1.50
2015.06.17 15:26:41.024,1.39671,1.39679,1.47,1.00
2015.06.17 15:26:41.405,1.39673,1.39681,1.95,1.57
2015.06.17 15:26:41.457,1.39673,1.39681,1.95,2.62
2015.06.17 15:26:41.509,1.39673,1.39678,1.47,1.00
2015.06.17 15:26:41.813,1.39673,1.39678,1.37,1.00
2015.06.17 15:26:42.167,1.39673,1.3968,1.57,1.00
2015.06.17 15:26:42.679,1.39674,1.3968,1.95,1.00
2015.06.17 15:26:43.185,1.39675,1.39681,1.20,1.00
2015.06.17 15:26:43.691,1.39675,1.39681,2.32,1.37
2015.06.17 15:26:44.315,1.39675,1.39681,2.32,1.12
2015.06.17 15:26:44.837,1.39675,1.39681,1.57,1.37
2015.06.17 15:26:45.386,1.39673,1.39682,1.65,2.02
2015.06.17 15:26:45.892,1.39673,1.39681,1.65,1.37
2015.06.17 15:26:49.440,1.39672,1.39677,1.50,1.12
2015.06.17 15:26:49.491,1.39672,1.39677,1.50,1.50
2015.06.17 15:26:49.643,1.39669,1.39673,2.25,1.00
2015.06.17 15:26:49.744,1.39665,1.39672,2.32,1.00
2015.06.17 15:26:50.324,1.39665,1.39673,2.62,1.50
2015.06.17 15:26:50.426,1.39664,1.39673,1.65,3.75
2015.06.17 15:26:50.731,1.39666,1.39674,1.00,2.02
2015.06.17 15:26:51.189,1.39666,1.39672,1.10,1.00
2015.06.17 15:26:51.545,1.39665,1.39674,3.07,1.87
2015.06.17 15:26:52.078,1.39665,1.39673,3.45,1.12
2015.06.17 15:26:53.536,1.39665,1.39673,2.32,1.87
2015.06.17 15:26:54.049,1.39665,1.39673,1.50,1.87
2015.06.17 15:26:54.577,1.39665,1.39674,1.65,3.00
2015.06.17 15:26:54.939,1.39669,1.39675,1.50,2.62
2015.06.17 15:26:55.142,1.39669,1.39677,1.65,1.00
2015.06.17 15:26:55.671,1.39668,1.39677,2.32,1.50
2015.06.17 15:26:56.179,1.39667,1.39677,4.20,2.70
2015.06.17 15:26:56.689,1.39667,1.39676,4.20,1.47
2015.06.17 15:26:57.000,1.39667,1.39674,1.50,1.57
2015.06.17 15:26:57.355,1.39665,1.39673,1.20,1.27
2015.06.17 15:26:57.457,1.39665,1.39672,1.20,1.37
2015.06.17 15:26:57.711,1.39662,1.39671,3.00,2.25
2015.06.17 15:26:58.058,1.39661,1.3967,1.10,3.75
2015.06.17 15:26:58.665,1.39661,1.3967,3.00,1.00
2015.06.17 15:26:58.868,1.39663,1.39672,1.37,4.87
2015.06.17 15:26:59.367,1.39665,1.39674,2.25,2.25
2015.06.17 15:26:59.671,1.39667,1.39675,1.20,2.40
2015.06.17 15:26:59.949,1.39666,1.39672,2.62,1.00
2015.06.17 15:27:00.213,1.3966,1.3967,3.00,1.00
2015.06.17 15:27:00.720,1.3966,1.39669,3.00,1.50
2015.06.17 15:27:01.226,1.3966,1.39668,2.25,1.00
2015.06.17 15:27:01.378,1.39664,1.39668,5.62,1.00
2015.06.17 15:27:01.431,1.39667,1.39672,1.12,1.50
2015.06.17 15:27:01.584,1.39667,1.39676,1.12,4.50
2015.06.17 15:27:02.090,1.39667,1.39676,1.20,1.50
2015.06.17 15:27:02.192,1.39666,1.39675,4.12,1.37
2015.06.17 15:27:02.538,1.39662,1.3967,2.32,1.37
2015.06.17 15:27:02.639,1.39661,1.3967,3.75,2.62
2015.06.17 15:27:05.277,1.39662,1.39672,1.27,2.77
2015.06.17 15:27:05.979,1.39662,1.39672,1.20,2.77
2015.06.17 15:27:06.561,1.39662,1.39672,1.27,2.77
2015.06.17 15:27:07.483,1.39664,1.39672,1.00,1.57
2015.06.17 15:27:07.829,1.39662,1.39671,2.02,1.37
2015.06.17 15:27:09.048,1.39663,1.39672,1.00,5.02
2015.06.17 15:27:09.560,1.39662,1.39672,1.65,3.52
2015.06.17 15:27:09.876,1.39665,1.39672,1.12,1.57
2015.06.17 15:27:10.401,1.39665,1.39674,1.10,2.32
2015.06.17 15:27:11.281,1.39665,1.39674,1.10,2.70
2015.06.17 15:27:11.585,1.39663,1.3967,1.00,1.37
2015.06.17 15:27:11.787,1.39664,1.39671,1.12,1.12
2015.06.17 15:27:12.294,1.39664,1.39673,2.25,3.75
2015.06.17 15:27:12.911,1.39665,1.39673,1.50,1.50
2015.06.17 15:27:13.387,1.39665,1.39673,1.87,1.07
2015.06.17 15:27:13.892,1.39665,1.39674,2.62,1.20
2015.06.17 15:27:14.912,1.39665,1.39674,3.45,1.07
2015.06.17 15:27:15.418,1.39665,1.39674,3.45,1.20
2015.06.17 15:27:18.027,1.39666,1.39674,2.62,1.07
2015.06.17 15:27:18.830,1.39667,1.39674,1.00,1.07
2015.06.17 15:27:19.380,1.39666,1.39675,1.07,2.70
2015.06.17 15:27:21.688,1.39665,1.39674,2.62,1.10
2015.06.17 15:27:22.228,1.39665,1.39674,1.57,1.95
2015.06.17 15:27:23.923,1.39665,1.39674,1.95,1.57
2015.06.17 15:27:24.091,1.39665,1.39674,1.95,1.57
2015.06.17 15:27:26.617,1.39665,1.39674,2.70,1.57
2015.06.17 15:27:27.149,1.39667,1.39675,1.50,2.25
2015.06.17 15:27:27.721,1.39667,1.39671,1.50,1.00
2015.06.17 15:27:27.822,1.39667,1.39675,1.50,2.25
2015.06.17 15:27:27.924,1.39667,1.3967,1.50,1.00
2015.06.17 15:27:28.025,1.39667,1.39675,1.50,2.62
2015.06.17 15:27:28.127,1.39667,1.3967,1.50,1.00
2015.06.17 15:27:28.212,1.39667,1.39675,1.50,2.62
2015.06.17 15:27:28.364,1.39667,1.39671,1.50,1.00
2015.06.17 15:27:28.415,1.39667,1.39675,1.50,2.62
2015.06.17 15:27:28.594,1.39667,1.3967,1.50,1.00
2015.06.17 15:27:28.748,1.39667,1.39675,1.50,2.62
2015.06.17 15:27:28.818,1.39667,1.39671,1.50,1.00
2015.06.17 15:27:28.919,1.39667,1.39675,1.50,2.62
2015.06.17 15:27:29.021,1.39667,1.3967,1.50,1.00
2015.06.17 15:27:29.172,1.39667,1.39675,1.50,2.62
2015.06.17 15:27:29.223,1.39667,1.3967,1.50,1.00
2015.06.17 15:27:29.324,1.39667,1.39675,1.50,2.62
2015.06.17 15:27:29.425,1.39667,1.3967,1.50,1.00
2015.06.17 15:27:29.527,1.39667,1.39675,1.50,2.62
2015.06.17 15:27:29.577,1.39669,1.39675,1.00,1.87
2015.06.17 15:27:30.198,1.39668,1.39675,1.00,1.87
2015.06.17 15:27:31.194,1.3967,1.39675,1.00,1.87
2015.06.17 15:27:31.398,1.39667,1.39675,2.25,2.62
2015.06.17 15:27:31.449,1.39667,1.39673,1.50,1.37
2015.06.17 15:27:31.551,1.39667,1.39673,1.00,1.87
2015.06.17 15:27:32.087,1.39669,1.39673,1.00,2.02
2015.06.17 15:27:32.588,1.39669,1.39673,1.00,1.57
2015.06.17 15:27:32.949,1.39669,1.39673,1.00,1.57
2015.06.17 15:27:33.746,1.39669,1.39673,1.00,1.57
2015.06.17 15:27:35.968,1.39668,1.39673,1.00,1.57
2015.06.17 15:27:36.513,1.39668,1.39673,1.00,2.02
2015.06.17 15:27:37.017,1.39667,1.39672,1.00,1.20
2015.06.17 15:27:40.026,1.39667,1.3967,1.00,1.00
2015.06.17 15:27:40.328,1.39663,1.39667,1.00,1.12
2015.06.17 15:27:40.783,1.39665,1.39667,1.00,1.00
2015.06.17 15:27:40.935,1.39665,1.39669,1.50,1.50
2015.06.17 15:27:41.909,1.39665,1.39668,1.50,1.00
2015.06.17 15:27:42.309,1.39665,1.39668,1.00,2.25
2015.06.17 15:27:42.410,1.39662,1.39665,1.00,1.00
2015.06.17 15:27:42.461,1.39662,1.39663,1.00,1.00
2015.06.17 15:27:42.635,1.39657,1.39663,1.00,1.50
2015.06.17 15:27:43.394,1.39657,1.39661,1.00,1.00
2015.06.17 15:27:43.880,1.39657,1.39663,1.00,1.00
2015.06.17 15:27:44.082,1.39659,1.39663,1.00,1.00
2015.06.17 15:27:48.877,1.39657,1.39663,1.50,1.00
2015.06.17 15:27:49.414,1.39657,1.39663,1.00,1.12
2015.06.17 15:27:49.718,1.39655,1.39661,1.57,1.87
2015.06.17 15:27:50.236,1.39655,1.39658,1.00,1.00
2015.06.17 15:27:50.389,1.39653,1.39658,1.20,1.00
2015.06.17 15:27:50.896,1.39651,1.39658,2.25,1.00
2015.06.17 15:27:53.065,1.39652,1.39658,1.57,1.00
2015.06.17 15:27:54.396,1.39655,1.39658,1.12,1.00
2015.06.17 15:27:54.549,1.39655,1.39662,1.20,1.57
2015.06.17 15:27:55.062,1.39655,1.39662,2.62,1.50
2015.06.17 15:27:56.368,1.39655,1.39662,2.25,1.87
2015.06.17 15:27:56.469,1.39654,1.39661,1.75,1.37
2015.06.17 15:27:56.521,1.39653,1.39658,1.07,1.87
2015.06.17 15:27:56.623,1.3965,1.39658,1.10,1.95
2015.06.17 15:27:57.787,1.39649,1.39656,1.57,1.50
2015.06.17 15:27:59.027,1.39651,1.39658,1.00,1.20
2015.06.17 15:27:59.432,1.39654,1.39658,1.00,1.00
2015.06.17 15:28:00.531,1.39653,1.39658,1.20,1.00
2015.06.17 15:28:00.813,1.39653,1.3966,1.20,2.25
2015.06.17 15:28:01.336,1.39653,1.3966,2.32,1.00
2015.06.17 15:28:01.885,1.39654,1.39662,1.57,2.70
2015.06.17 15:28:02.089,1.39654,1.39662,1.57,2.70
2015.06.17 15:28:02.599,1.39656,1.39662,1.00,1.50
2015.06.17 15:28:02.954,1.39659,1.39662,1.00,1.00
2015.06.17 15:28:03.005,1.39659,1.39665,1.00,1.00
2015.06.17 15:28:03.157,1.39659,1.39667,1.20,1.12
2015.06.17 15:28:03.612,1.39658,1.39666,1.50,1.87
2015.06.17 15:28:03.941,1.39657,1.39663,1.07,1.87
2015.06.17 15:28:04.144,1.39654,1.39662,1.07,1.12
2015.06.17 15:28:04.600,1.39654,1.39662,1.07,1.37
2015.06.17 15:28:06.004,1.39654,1.39662,1.07,1.12
2015.06.17 15:28:06.632,1.39654,1.39661,1.57,1.00
2015.06.17 15:28:09.608,1.39654,1.39662,1.57,1.50
2015.06.17 15:28:10.082,1.39655,1.39662,1.75,1.50
2015.06.17 15:28:10.133,1.39656,1.39664,1.50,1.10
2015.06.17 15:28:10.645,1.39657,1.39664,1.07,1.00
2015.06.17 15:28:14.244,1.39657,1.39664,1.07,1.37
2015.06.17 15:28:14.709,1.39655,1.39663,1.00,1.00
2015.06.17 15:28:15.281,1.39654,1.39662,1.20,1.37
2015.06.17 15:28:15.687,1.3965,1.39659,3.00,1.10
2015.06.17 15:28:15.738,1.3965,1.39659,2.32,1.57
2015.06.17 15:28:16.829,1.3965,1.3966,3.07,3.45
2015.06.17 15:28:17.133,1.39649,1.39658,1.27,1.50
2015.06.17 15:28:17.335,1.39651,1.39658,1.00,1.50
2015.06.17 15:28:18.075,1.39649,1.39658,1.27,1.87
2015.06.17 15:28:18.227,1.39649,1.39658,1.27,1.87
2015.06.17 15:28:18.728,1.39648,1.39657,4.12,1.87
2015.06.17 15:28:19.032,1.39651,1.39654,1.00,2.02
2015.06.17 15:28:19.567,1.3965,1.39654,1.00,1.57
2015.06.17 15:28:19.922,1.39649,1.39654,1.50,2.77
2015.06.17 15:28:20.742,1.39649,1.39651,1.00,1.00
2015.06.17 15:28:20.793,1.3965,1.39653,1.00,1.00
2015.06.17 15:28:21.301,1.39651,1.39653,1.00,1.50
2015.06.17 15:28:21.845,1.39651,1.39653,1.00,2.62
2015.06.17 15:28:22.054,1.39649,1.39652,1.00,1.12
2015.06.17 15:28:22.206,1.39647,1.39652,1.00,1.12
2015.06.17 15:28:22.732,1.39647,1.3965,1.00,1.12
2015.06.17 15:28:22.834,1.39648,1.39652,1.00,1.95
2015.06.17 15:28:23.241,1.39646,1.39651,1.00,1.37
2015.06.17 15:28:23.759,1.39647,1.3965,1.00,1.12
2015.06.17 15:28:24.329,1.39647,1.39649,1.00,1.12
2015.06.17 15:28:25.262,1.39647,1.3965,1.00,1.00
2015.06.17 15:28:25.796,1.39648,1.39652,1.00,1.20
2015.06.17 15:28:25.848,1.3965,1.39653,1.00,1.00
2015.06.17 15:28:25.951,1.3965,1.39656,1.65,1.50
2015.06.17 15:28:26.256,1.39653,1.39656,1.00,1.00
2015.06.17 15:28:26.799,1.39652,1.39658,1.20,1.00
2015.06.17 15:28:27.362,1.39653,1.39658,1.00,1.00
2015.06.17 15:28:29.080,1.39654,1.39658,1.00,1.00
2015.06.17 15:28:29.311,1.39654,1.3966,1.00,1.20
2015.06.17 15:28:29.863,1.39654,1.3966,2.25,1.00
2015.06.17 15:28:30.491,1.39654,1.39661,2.25,1.37
2015.06.17 15:28:30.796,1.39656,1.39661,1.00,1.50
2015.06.17 15:28:31.302,1.39655,1.39662,2.25,2.62
2015.06.17 15:28:33.581,1.39655,1.39661,2.25,1.00
2015.06.17 15:28:34.326,1.39656,1.39662,1.20,1.00
2015.06.17 15:28:34.380,1.39656,1.39662,1.85,1.00
2015.06.17 15:28:35.433,1.39657,1.39663,1.50,1.12
2015.06.17 15:28:36.324,1.39658,1.39663,1.50,1.00
2015.06.17 15:28:36.531,1.39659,1.39665,1.20,1.00
2015.06.17 15:28:36.582,1.3966,1.39665,1.50,1.00
2015.06.17 15:28:36.633,1.39661,1.39668,1.07,1.00
2015.06.17 15:28:36.836,1.39664,1.39669,1.50,1.87
2015.06.17 15:28:36.939,1.39662,1.39668,1.07,1.00
2015.06.17 15:28:37.192,1.3966,1.39667,1.10,1.12
2015.06.17 15:28:37.709,1.39659,1.39666,1.07,1.00
2015.06.17 15:28:38.580,1.39659,1.39666,1.07,1.37
2015.06.17 15:28:39.178,1.39659,1.39666,1.07,1.87
2015.06.17 15:28:39.482,1.39659,1.39665,1.07,1.37
2015.06.17 15:28:40.586,1.39658,1.39665,2.25,1.37
2015.06.17 15:28:42.668,1.39658,1.39664,1.50,1.00
2015.06.17 15:28:43.173,1.39658,1.39665,1.50,1.87
2015.06.17 15:28:43.411,1.39655,1.39664,2.62,1.87
2015.06.17 15:28:43.714,1.39655,1.39662,1.95,1.37
2015.06.17 15:28:45.107,1.39654,1.3966,2.32,1.37
2015.06.17 15:28:46.446,1.39654,1.39658,2.32,1.00
2015.06.17 15:28:48.337,1.39654,1.3966,2.32,1.12
2015.06.17 15:28:50.209,1.39654,1.39661,1.82,1.00
2015.06.17 15:28:50.411,1.39656,1.39662,1.50,1.10
2015.06.17 15:28:50.563,1.39657,1.3966,1.00,1.87
2015.06.17 15:28:50.614,1.39655,1.3966,1.20,2.62
2015.06.17 15:28:51.029,1.39652,1.3966,1.50,2.62
2015.06.17 15:28:51.130,1.39652,1.3966,1.50,2.62
2015.06.17 15:28:51.287,1.39652,1.39655,1.50,1.00
2015.06.17 15:28:51.792,1.39651,1.39655,1.07,1.00
2015.06.17 15:28:53.479,1.39651,1.39657,1.07,1.00
2015.06.17 15:28:54.910,1.39651,1.39656,1.07,1.37
2015.06.17 15:28:55.316,1.39644,1.3965,1.45,1.00
2015.06.17 15:28:55.864,1.39644,1.3965,1.07,1.00
2015.06.17 15:28:57.900,1.39644,1.39648,1.07,1.00
2015.06.17 15:28:58.302,1.39642,1.39649,1.20,1.00
2015.06.17 15:29:00.108,1.39642,1.3965,1.20,2.62
2015.06.17 15:29:00.832,1.39642,1.3965,1.20,2.62
2015.06.17 15:29:01.057,1.39644,1.39652,1.10,1.87
2015.06.17 15:29:01.563,1.39644,1.39652,1.57,1.50
2015.06.17 15:29:02.165,1.39645,1.39652,1.07,1.50
2015.06.17 15:29:03.451,1.39645,1.39653,1.07,2.62
2015.06.17 15:29:03.827,1.39645,1.39651,1.07,1.00
2015.06.17 15:29:04.132,1.39637,1.3964,1.00,1.87
2015.06.17 15:29:04.235,1.39632,1.39639,1.07,1.12
2015.06.17 15:29:04.772,1.39631,1.39638,1.07,1.00
2015.06.17 15:29:05.279,1.39631,1.39639,1.07,2.62
2015.06.17 15:29:06.702,1.39631,1.39634,1.07,1.00
2015.06.17 15:29:08.108,1.39631,1.39639,1.07,2.62
2015.06.17 15:29:08.612,1.3963,1.39639,2.32,2.62
2015.06.17 15:29:09.726,1.3963,1.39636,1.57,1.00
2015.06.17 15:29:10.238,1.39629,1.39637,2.32,2.62
2015.06.17 15:29:10.763,1.39629,1.39637,1.07,4.12
2015.06.17 15:29:11.066,1.39628,1.39636,1.10,1.37
2015.06.17 15:29:11.840,1.39627,1.39635,1.07,1.37
2015.06.17 15:29:12.064,1.39622,1.39628,1.00,1.87
2015.06.17 15:29:12.217,1.39619,1.39628,2.32,2.70
2015.06.17 15:29:12.268,1.39619,1.39628,1.57,2.70
2015.06.17 15:29:12.941,1.39622,1.39626,1.00,1.00
2015.06.17 15:29:13.043,1.39624,1.39631,1.00,1.37
2015.06.17 15:29:13.230,1.39624,1.39631,1.00,1.00
2015.06.17 15:29:13.756,1.39622,1.39631,2.32,1.37
2015.06.17 15:29:14.510,1.39623,1.39631,1.10,1.37
2015.06.17 15:29:16.778,1.39622,1.39632,2.32,1.37
2015.06.17 15:29:17.081,1.39622,1.39631,1.57,2.62
2015.06.17 15:29:18.036,1.39621,1.39629,2.32,1.12
2015.06.17 15:29:18.873,1.39621,1.39629,1.10,1.37
2015.06.17 15:29:20.594,1.3962,1.39629,1.57,1.87
2015.06.17 15:29:20.898,1.39614,1.3962,1.20,1.87
2015.06.17 15:29:21.212,1.39621,1.39624,1.50,1.00
2015.06.17 15:29:21.317,1.39624,1.39631,1.20,1.00
2015.06.17 15:29:21.823,1.39625,1.39633,1.20,1.12
2015.06.17 15:29:22.026,1.39626,1.39633,1.50,1.00
2015.06.17 15:29:22.355,1.3963,1.39636,1.00,3.07
2015.06.17 15:29:22.873,1.39633,1.39637,1.00,4.12
2015.06.17 15:29:23.459,1.39637,1.39639,1.00,1.00
2015.06.17 15:29:23.612,1.39641,1.39644,1.00,3.75
2015.06.17 15:29:23.663,1.39642,1.39644,1.00,1.50
2015.06.17 15:29:23.967,1.39649,1.39651,1.00,5.25
2015.06.17 15:29:24.321,1.39649,1.39651,1.00,1.00
2015.06.17 15:29:24.819,1.39648,1.39649,1.00,1.00
2015.06.17 15:29:25.326,1.39647,1.39649,1.50,1.37
2015.06.17 15:29:25.904,1.39647,1.39649,1.00,1.50
2015.06.17 15:29:26.057,1.39648,1.39651,1.00,2.32
2015.06.17 15:29:26.363,1.39649,1.39652,1.00,1.35
2015.06.17 15:29:26.566,1.3965,1.39654,1.00,2.02
2015.06.17 15:29:27.167,1.39651,1.39654,1.00,2.02
2015.06.17 15:29:27.370,1.39653,1.39656,1.00,2.02
2015.06.17 15:29:28.592,1.39652,1.39656,1.00,2.02
2015.06.17 15:29:28.845,1.39653,1.39656,1.00,2.02
2015.06.17 15:29:30.481,1.39652,1.39657,1.00,1.87
2015.06.17 15:29:30.582,1.39649,1.39651,1.50,1.00
2015.06.17 15:29:30.735,1.39645,1.39649,1.75,1.95
2015.06.17 15:29:30.786,1.39645,1.39647,1.00,1.87
2015.06.17 15:29:31.090,1.39639,1.39644,1.00,3.37
2015.06.17 15:29:31.600,1.39638,1.39642,1.00,1.65
2015.06.17 15:29:31.955,1.39638,1.3964,1.00,1.00
2015.06.17 15:29:34.370,1.39638,1.39642,1.00,1.20
2015.06.17 15:29:36.431,1.39638,1.39642,1.00,1.95
2015.06.17 15:29:36.944,1.39638,1.39644,1.00,3.37
2015.06.17 15:29:37.046,1.39639,1.39644,1.00,1.57
2015.06.17 15:29:37.575,1.3964,1.39644,1.00,1.57
2015.06.17 15:29:38.076,1.39642,1.39646,1.00,1.50
2015.06.17 15:29:38.600,1.39643,1.39646,1.00,1.45
2015.06.17 15:29:39.204,1.39642,1.39646,1.00,1.45
2015.06.17 15:29:39.706,1.39642,1.39647,1.00,1.12
2015.06.17 15:29:42.380,1.39641,1.39647,1.00,1.45
2015.06.17 15:29:43.232,1.39643,1.39646,1.00,1.20
2015.06.17 15:29:43.789,1.39641,1.39647,1.00,1.45
2015.06.17 15:29:44.297,1.39642,1.39644,1.00,1.00
2015.06.17 15:29:44.495,1.3964,1.39644,1.50,1.00
2015.06.17 15:29:44.795,1.3964,1.39646,1.00,2.40
2015.06.17 15:29:45.299,1.39641,1.39647,1.00,1.87
2015.06.17 15:29:45.452,1.39641,1.39647,1.00,2.62
2015.06.17 15:29:45.503,1.39639,1.39644,1.50,1.37
2015.06.17 15:29:46.025,1.39638,1.39643,1.00,1.47
2015.06.17 15:29:46.200,1.39636,1.39642,1.50,1.20
2015.06.17 15:29:46.251,1.39636,1.39642,1.50,1.47
2015.06.17 15:29:46.504,1.39637,1.39642,1.00,1.20
2015.06.17 15:29:47.012,1.39638,1.39643,1.00,3.82
2015.06.17 15:29:47.417,1.39637,1.39642,1.00,2.32
2015.06.17 15:29:47.784,1.39638,1.39641,1.00,1.57
2015.06.17 15:29:48.316,1.39638,1.39643,1.00,2.70
2015.06.17 15:29:48.826,1.39639,1.39643,1.00,1.50
2015.06.17 15:29:49.708,1.39639,1.39643,1.00,1.87
2015.06.17 15:29:50.267,1.39639,1.39643,1.00,1.50
2015.06.17 15:29:50.318,1.39642,1.39644,1.00,1.95
2015.06.17 15:29:50.471,1.39645,1.39647,1.00,1.12
2015.06.17 15:29:50.522,1.39643,1.39647,1.00,1.12
2015.06.17 15:29:51.033,1.39643,1.39648,1.00,1.00
2015.06.17 15:29:51.569,1.39644,1.39649,1.00,1.00
2015.06.17 15:29:52.093,1.39644,1.3965,1.00,1.20
2015.06.17 15:29:52.600,1.39645,1.39651,1.00,2.62
2015.06.17 15:29:53.127,1.39645,1.39651,1.00,1.12
2015.06.17 15:29:54.098,1.39644,1.39651,1.00,1.12
2015.06.17 15:29:54.200,1.39646,1.39652,1.00,1.47
2015.06.17 15:29:54.525,1.39649,1.39655,1.00,2.02
2015.06.17 15:29:54.930,1.39647,1.39655,1.00,1.65
2015.06.17 15:29:55.234,1.39648,1.39654,1.00,1.50
2015.06.17 15:29:55.563,1.39645,1.39652,2.25,1.00
2015.06.17 15:29:56.439,1.39647,1.39653,1.00,1.45
2015.06.17 15:29:57.212,1.39649,1.39654,1.00,3.75
2015.06.17 15:29:57.263,1.3965,1.39654,1.00,1.50
2015.06.17 15:29:57.795,1.3965,1.39655,1.50,1.00
2015.06.17 15:29:58.345,1.3965,1.39656,1.00,2.25
2015.06.17 15:29:58.838,1.39649,1.39655,1.00,1.37
2015.06.17 15:29:59.142,1.39645,1.3965,1.00,1.37
2015.06.17 15:29:59.657,1.39644,1.39651,1.00,1.87
2015.06.17 15:30:00.444,1.39643,1.39648,1.00,1.00
2015.06.17 15:30:00.753,1.3964,1.39644,1.00,1.00
2015.06.17 15:30:01.358,1.39641,1.39644,1.00,1.00
2015.06.17 15:30:01.562,1.39643,1.39647,1.00,1.50
2015.06.17 15:30:02.063,1.39642,1.39647,1.00,1.87
2015.06.17 15:30:02.266,1.39642,1.39645,1.00,1.50
2015.06.17 15:30:02.954,1.39641,1.39645,1.00,1.50
2015.06.17 15:30:03.470,1.39642,1.39645,1.00,1.50
2015.06.17 15:30:03.995,1.39641,1.39644,1.00,1.00
2015.06.17 15:30:04.419,1.39639,1.39645,1.00,1.50
2015.06.17 15:30:04.925,1.39638,1.39644,1.12,1.12
2015.06.17 15:30:05.283,1.39638,1.39645,1.37,1.87
2015.06.17 15:30:07.685,1.3964,1.39645,1.12,1.87
2015.06.17 15:30:08.190,1.39641,1.39645,1.00,1.87
2015.06.17 15:30:10.234,1.39641,1.39645,1.00,1.50
2015.06.17 15:30:10.285,1.39642,1.39648,1.00,2.25
2015.06.17 15:30:10.589,1.39641,1.39648,1.00,4.12
2015.06.17 15:30:10.893,1.39638,1.39642,1.00,1.00
2015.06.17 15:30:12.171,1.39637,1.39642,1.00,1.00
2015.06.17 15:30:14.481,1.39638,1.39642,1.00,1.00
2015.06.17 15:30:14.785,1.3964,1.39642,1.00,1.00
2015.06.17 15:30:15.090,1.39641,1.39642,1.00,1.00
2015.06.17 15:30:15.141,1.39643,1.39645,1.00,1.00
2015.06.17 15:30:15.242,1.39645,1.39647,1.12,1.00
2015.06.17 15:30:15.294,1.39647,1.39648,1.00,1.00
2015.06.17 15:30:15.469,1.39646,1.3965,1.00,1.87
2015.06.17 15:30:15.986,1.39645,1.39649,1.00,1.00
2015.06.17 15:30:16.087,1.39644,1.39647,1.00,1.00
2015.06.17 15:30:16.290,1.39643,1.39649,1.00,2.25
2015.06.17 15:30:17.097,1.39641,1.39644,1.10,1.12
2015.06.17 15:30:17.249,1.39638,1.39639,2.10,1.87
2015.06.17 15:30:17.300,1.39636,1.39637,1.50,1.00
2015.06.17 15:30:17.352,1.39632,1.39636,2.32,2.25
2015.06.17 15:30:17.454,1.3963,1.39635,1.00,1.50
2015.06.17 15:30:17.555,1.39628,1.39635,1.20,2.25
2015.06.17 15:30:18.080,1.39629,1.39635,1.00,3.00
2015.06.17 15:30:18.595,1.39629,1.39635,1.00,1.50
2015.06.17 15:30:19.658,1.3963,1.39635,1.00,2.25
2015.06.17 15:30:20.568,1.39629,1.39635,1.50,1.50
2015.06.17 15:30:21.093,1.3963,1.39635,1.00,2.25
2015.06.17 15:30:21.599,1.39629,1.39635,1.00,1.50
2015.06.17 15:30:21.751,1.39629,1.39631,1.00,1.12
2015.06.17 15:30:21.802,1.39625,1.39631,2.47,1.87
2015.06.17 15:30:21.954,1.39625,1.39629,3.45,1.00
2015.06.17 15:30:22.056,1.39623,1.39629,2.70,1.50
2015.06.17 15:30:22.158,1.39626,1.39629,1.87,1.50
2015.06.17 15:30:22.382,1.39626,1.39631,1.87,1.87
2015.06.17 15:30:22.736,1.39628,1.39634,1.30,1.95
2015.06.17 15:30:23.285,1.39626,1.39634,3.30,1.50
2015.06.17 15:30:24.258,1.39626,1.39635,3.30,1.20
2015.06.17 15:30:24.823,1.39626,1.39633,3.30,1.00
2015.06.17 15:30:26.590,1.39628,1.39633,1.50,1.50
2015.06.17 15:30:26.742,1.39628,1.39637,2.85,1.20
2015.06.17 15:30:26.894,1.3963,1.39638,1.12,1.10
2015.06.17 15:30:29.407,1.39629,1.39639,2.70,1.57
2015.06.17 15:30:29.949,1.39629,1.39639,3.30,1.20
2015.06.17 15:30:30.311,1.39628,1.39634,2.32,1.00
2015.06.17 15:30:30.362,1.39627,1.39634,1.87,1.00
2015.06.17 15:30:30.906,1.39628,1.39636,1.30,1.10
2015.06.17 15:30:31.412,1.39627,1.39635,1.80,1.12
2015.06.17 15:30:32.260,1.39627,1.39635,1.72,2.02
2015.06.17 15:30:32.766,1.39627,1.39635,1.12,6.37
2015.06.17 15:30:33.375,1.39626,1.39635,1.30,7.87
2015.06.17 15:30:33.426,1.39626,1.39632,1.30,1.00
2015.06.17 15:30:33.830,1.39626,1.39632,2.47,1.00
2015.06.17 15:30:33.982,1.39626,1.39634,4.05,1.12
2015.06.17 15:30:34.484,1.39628,1.39634,1.30,1.12
2015.06.17 15:30:35.730,1.39626,1.39633,3.30,1.00
2015.06.17 15:30:36.278,1.39626,1.39632,2.55,1.00
2015.06.17 15:30:36.784,1.39626,1.39632,1.30,1.50
2015.06.17 15:30:37.037,1.39625,1.39631,1.50,1.37
2015.06.17 15:30:40.282,1.39625,1.3963,4.35,1.00
2015.06.17 15:30:40.384,1.39626,1.39632,2.47,1.50
2015.06.17 15:30:40.954,1.39626,1.39632,1.12,1.50
2015.06.17 15:30:41.258,1.39626,1.39632,1.30,2.62
2015.06.17 15:30:41.553,1.39625,1.39632,2.92,2.62
2015.06.17 15:30:43.820,1.39626,1.39632,2.47,1.50
2015.06.17 15:30:44.609,1.39626,1.39631,1.72,1.00
2015.06.17 15:30:45.115,1.39626,1.39631,1.30,1.00
2015.06.17 15:30:45.519,1.39628,1.39635,1.30,2.25
2015.06.17 15:30:45.620,1.39628,1.39636,2.55,1.00
2015.06.17 15:30:46.379,1.39628,1.39637,2.55,1.00
2015.06.17 15:30:46.923,1.39629,1.39636,1.10,1.50
2015.06.17 15:30:48.142,1.3963,1.39636,1.00,1.50
2015.06.17 15:30:49.138,1.39629,1.39636,2.70,1.50
2015.06.17 15:30:49.695,1.39625,1.39632,1.10,1.87
2015.06.17 15:30:49.998,1.39626,1.3963,1.87,1.00
2015.06.17 15:30:50.100,1.39626,1.39635,1.87,3.75
2015.06.17 15:30:50.403,1.39628,1.39636,2.70,1.50
2015.06.17 15:30:50.916,1.3963,1.39636,1.00,1.50
2015.06.17 15:30:51.169,1.3963,1.39638,1.10,1.00
2015.06.17 15:30:51.372,1.39628,1.39637,3.00,1.87
2015.06.17 15:30:51.900,1.39628,1.39635,1.27,1.00
2015.06.17 15:30:53.790,1.39628,1.39635,1.65,1.00
2015.06.17 15:30:54.311,1.39628,1.39635,1.65,1.00
2015.06.17 15:30:54.812,1.39629,1.39635,1.00,1.00
2015.06.17 15:30:56.810,1.39629,1.39637,1.00,1.00
2015.06.17 15:30:57.071,1.39629,1.39637,1.37,1.00
2015.06.17 15:31:00.534,1.39631,1.39638,2.25,1.00
2015.06.17 15:31:00.686,1.39632,1.3964,3.07,1.00
2015.06.17 15:31:01.204,1.39632,1.39641,3.45,1.10
2015.06.17 15:31:01.667,1.39635,1.39642,1.00,2.32
2015.06.17 15:31:01.882,1.39636,1.39645,1.50,1.27
2015.06.17 15:31:01.933,1.39638,1.39645,1.00,1.27
2015.06.17 15:31:02.491,1.39637,1.39646,1.50,1.50
2015.06.17 15:31:02.796,1.39638,1.39647,1.87,1.65
2015.06.17 15:31:03.301,1.3964,1.39648,1.50,1.12
2015.06.17 15:31:03.605,1.39642,1.3965,1.00,1.57
2015.06.17 15:31:04.317,1.39643,1.3965,1.00,1.50
2015.06.17 15:31:04.788,1.39645,1.39652,1.37,2.62
2015.06.17 15:31:05.091,1.39652,1.39656,1.00,3.00
2015.06.17 15:31:05.628,1.39651,1.39656,1.00,2.25
2015.06.17 15:31:06.176,1.39652,1.39656,1.00,2.25
2015.06.17 15:31:06.328,1.3965,1.39656,1.00,2.25
2015.06.17 15:31:06.844,1.3965,1.39657,1.00,1.37
2015.06.17 15:31:06.895,1.39652,1.39657,1.00,1.37
2015.06.17 15:31:07.429,1.3965,1.39657,1.50,1.37
2015.06.17 15:31:07.581,1.39648,1.39656,1.00,1.12
2015.06.17 15:31:07.632,1.39648,1.39657,1.00,3.75
2015.06.17 15:31:09.515,1.39648,1.39657,1.87,6.00
2015.06.17 15:31:09.867,1.39652,1.39657,1.87,6.00
2015.06.17 15:31:10.164,1.39655,1.39661,2.47,3.75
2015.06.17 15:31:10.215,1.39654,1.39661,1.07,3.75
2015.06.17 15:31:10.318,1.39653,1.39661,1.65,3.75
2015.06.17 15:31:10.369,1.39653,1.39663,1.20,1.12
2015.06.17 15:31:10.619,1.39653,1.39663,1.20,1.37
2015.06.17 15:31:11.121,1.39652,1.39663,6.00,1.12
2015.06.17 15:31:11.620,1.39653,1.39662,1.65,1.37
2015.06.17 15:31:11.974,1.39658,1.39663,3.97,1.00
2015.06.17 15:31:12.126,1.39656,1.39663,1.50,1.12
2015.06.17 15:31:12.480,1.39654,1.39664,2.40,3.00
2015.06.17 15:31:15.912,1.39653,1.39661,2.25,1.00
2015.06.17 15:31:16.419,1.39652,1.3966,4.20,1.00
2015.06.17 15:31:17.144,1.39652,1.3966,1.65,1.50
2015.06.17 15:31:18.950,1.39653,1.3966,1.00,1.50
2015.06.17 15:31:20.153,1.39652,1.3966,1.20,3.00
2015.06.17 15:31:21.551,1.39654,1.3966,1.00,3.00
2015.06.17 15:31:22.462,1.39652,1.3966,1.20,2.25
2015.06.17 15:31:24.016,1.39652,1.3966,1.20,4.50
2015.06.17 15:31:24.559,1.39651,1.3966,1.50,4.95
2015.06.17 15:31:29.557,1.39651,1.3966,2.70,1.50
2015.06.17 15:31:29.710,1.39652,1.39658,1.10,1.50
2015.06.17 15:31:30.242,1.39651,1.3966,3.45,1.87
2015.06.17 15:31:30.597,1.39654,1.39661,1.00,1.10
2015.06.17 15:31:30.900,1.39657,1.39665,1.00,6.00
2015.06.17 15:31:31.412,1.39658,1.39663,1.00,1.00
2015.06.17 15:31:31.513,1.39664,1.39667,1.00,4.50
2015.06.17 15:31:31.817,1.39668,1.3967,1.00,1.00
2015.06.17 15:31:32.096,1.39669,1.39673,1.00,1.20
2015.06.17 15:31:32.602,1.39668,1.39674,1.00,2.02
2015.06.17 15:31:32.905,1.39668,1.39671,1.00,1.00
2015.06.17 15:31:33.602,1.39665,1.39671,2.25,1.00
2015.06.17 15:31:33.703,1.39663,1.39666,1.20,1.00
2015.06.17 15:31:33.805,1.3966,1.39664,1.00,1.00
2015.06.17 15:31:34.108,1.39657,1.39662,1.00,1.00
2015.06.17 15:31:34.298,1.39661,1.39665,1.00,1.50
2015.06.17 15:31:35.319,1.39664,1.39665,1.00,1.00
2015.06.17 15:31:35.667,1.3965,1.39651,1.50,1.10
2015.06.17 15:31:35.819,1.39646,1.39651,1.00,1.12
2015.06.17 15:31:35.921,1.39648,1.39652,1.00,2.62
2015.06.17 15:31:35.972,1.39648,1.39652,1.00,1.95
2015.06.17 15:31:36.275,1.39648,1.39653,1.00,1.20
2015.06.17 15:31:36.814,1.39649,1.39653,1.00,1.20
2015.06.17 15:31:37.326,1.39648,1.39653,1.00,1.20
2015.06.17 15:31:37.579,1.39646,1.39653,2.25,1.20
2015.06.17 15:31:37.630,1.39646,1.39651,2.25,1.00
2015.06.17 15:31:37.947,1.39648,1.39651,1.00,1.12
2015.06.17 15:31:38.049,1.3965,1.39654,1.00,1.50
2015.06.17 15:31:38.100,1.39652,1.39654,1.00,1.50
2015.06.17 15:31:38.252,1.39652,1.39658,1.00,1.00
2015.06.17 15:31:38.506,1.3965,1.39658,1.10,1.50
2015.06.17 15:31:39.184,1.39651,1.39658,1.00,1.50
2015.06.17 15:31:39.573,1.39651,1.39656,1.00,1.00
2015.06.17 15:31:39.879,1.39649,1.39656,1.50,3.15
2015.06.17 15:31:40.404,1.39649,1.39656,1.10,1.87
2015.06.17 15:31:40.930,1.3965,1.39656,1.12,1.50
2015.06.17 15:31:41.233,1.39655,1.39656,1.00,1.50
2015.06.17 15:31:41.588,1.39655,1.39659,1.50,1.57
2015.06.17 15:31:41.771,1.39655,1.39657,1.50,1.00
2015.06.17 15:31:42.284,1.39654,1.39656,1.00,1.50
2015.06.17 15:31:43.086,1.39655,1.39657,1.00,1.87
2015.06.17 15:31:43.379,1.39655,1.39658,1.50,1.00
2015.06.17 15:31:43.891,1.39655,1.39658,1.00,1.37
2015.06.17 15:31:44.468,1.39655,1.39656,1.00,1.00
2015.06.17 15:31:45.098,1.39655,1.39658,1.00,1.37
2015.06.17 15:31:45.200,1.39657,1.39659,1.00,1.12
2015.06.17 15:31:45.252,1.39657,1.39659,1.00,1.00
2015.06.17 15:31:45.404,1.39656,1.3966,1.00,1.50
2015.06.17 15:31:46.001,1.39657,1.3966,1.00,1.50
2015.06.17 15:31:46.203,1.39657,1.39658,1.00,1.00
2015.06.17 15:31:46.507,1.39659,1.39661,1.00,1.00
2015.06.17 15:31:46.811,1.39662,1.39664,1.00,7.50
2015.06.17 15:31:47.618,1.39661,1.39663,1.00,1.50
2015.06.17 15:31:47.871,1.39655,1.39656,1.00,1.00
2015.06.17 15:31:47.972,1.39653,1.39656,1.00,1.00
2015.06.17 15:31:48.277,1.39653,1.39658,1.50,1.00
2015.06.17 15:31:48.789,1.39654,1.39661,1.00,3.00
2015.06.17 15:31:49.444,1.39653,1.39661,1.00,3.00
2015.06.17 15:31:49.963,1.39653,1.39661,1.00,2.32
2015.06.17 15:31:52.243,1.39652,1.39661,1.00,2.32
2015.06.17 15:31:53.216,1.39652,1.3966,1.00,1.47
2015.06.17 15:31:53.721,1.39654,1.39661,1.00,2.32
2015.06.17 15:31:53.975,1.39655,1.39664,1.00,4.50
2015.06.17 15:31:54.130,1.39658,1.39663,1.00,1.57
2015.06.17 15:31:54.435,1.39664,1.39665,1.00,1.00
2015.06.17 15:31:55.038,1.39661,1.39665,1.20,1.00
2015.06.17 15:31:55.140,1.3966,1.39668,1.65,1.50
2015.06.17 15:31:55.651,1.39659,1.39667,1.57,1.00
2015.06.17 15:31:57.165,1.39659,1.39668,1.20,1.95
2015.06.17 15:31:58.321,1.39659,1.39667,1.10,1.12
2015.06.17 15:31:58.422,1.39658,1.39667,3.07,1.37
2015.06.17 15:31:58.756,1.39657,1.39665,2.32,1.12
2015.06.17 15:32:00.131,1.39657,1.39665,1.10,1.37
2015.06.17 15:32:00.842,1.39656,1.39665,2.32,1.00
2015.06.17 15:32:04.073,1.39658,1.39665,1.00,2.25
2015.06.17 15:32:04.603,1.39659,1.39665,1.00,2.25
2015.06.17 15:32:05.200,1.39658,1.39665,1.00,1.50
2015.06.17 15:32:05.708,1.39658,1.39666,1.20,1.00
2015.06.17 15:32:06.278,1.39658,1.39667,1.95,2.32
2015.06.17 15:32:07.712,1.39658,1.39666,1.95,1.00
2015.06.17 15:32:08.261,1.39658,1.39666,1.47,1.00
2015.06.17 15:32:08.863,1.39658,1.39667,1.20,1.10
2015.06.17 15:32:09.777,1.39658,1.39667,1.95,1.10
2015.06.17 15:32:11.833,1.39657,1.39665,3.45,1.00
2015.06.17 15:32:12.363,1.39657,1.39665,1.95,1.50
2015.06.17 15:32:17.963,1.39657,1.39665,3.07,1.87
2015.06.17 15:32:18.493,1.39657,1.39663,1.00,1.12
2015.06.17 15:32:18.745,1.39655,1.39663,1.10,1.87
2015.06.17 15:32:18.796,1.39654,1.39663,1.57,1.87
2015.06.17 15:32:19.315,1.39653,1.39661,3.45,1.00
2015.06.17 15:32:19.467,1.39655,1.39663,1.12,1.57
2015.06.17 15:32:23.123,1.39656,1.39663,1.00,1.50
2015.06.17 15:32:23.579,1.39657,1.39665,1.20,1.12
2015.06.17 15:32:24.120,1.39657,1.39665,1.20,1.37
2015.06.17 15:32:24.670,1.39657,1.39665,1.20,1.12
2015.06.17 15:32:25.198,1.39657,1.39665,1.10,1.37
2015.06.17 15:32:26.427,1.39657,1.39665,1.10,1.37
2015.06.17 15:32:26.908,1.39658,1.39665,1.37,1.20
2015.06.17 15:32:27.010,1.39659,1.39666,1.00,1.20
2015.06.17 15:32:27.523,1.3966,1.39667,1.95,1.87
2015.06.17 15:32:28.228,1.39661,1.39668,1.00,1.00
2015.06.17 15:32:29.505,1.3966,1.39668,2.70,1.00
2015.06.17 15:32:29.671,1.3966,1.39668,2.70,1.00
2015.06.17 15:32:30.253,1.3966,1.39668,2.40,1.12
2015.06.17 15:32:30.766,1.39661,1.39668,1.57,1.12
2015.06.17 15:32:31.431,1.3966,1.39668,2.32,1.37
2015.06.17 15:32:33.258,1.3966,1.39668,1.20,1.12
2015.06.17 15:32:35.071,1.39661,1.39668,1.10,1.37
2015.06.17 15:32:35.584,1.3966,1.39668,1.57,1.37
2015.06.17 15:32:36.653,1.39659,1.39668,1.57,2.62
2015.06.17 15:32:37.207,1.39658,1.39665,1.57,1.12
2015.06.17 15:32:38.047,1.39658,1.39665,1.07,1.37
2015.06.17 15:32:38.200,1.39656,1.39663,1.57,1.37
2015.06.17 15:32:38.435,1.39655,1.39663,2.32,1.00
2015.06.17 15:32:38.587,1.39655,1.39663,1.57,1.37
2015.06.17 15:32:39.748,1.39656,1.39663,1.00,1.37
2015.06.17 15:32:39.976,1.39655,1.39663,1.95,1.12
2015.06.17 15:32:40.490,1.39655,1.39663,1.95,1.00
2015.06.17 15:32:41.687,1.39655,1.39663,1.57,1.37
2015.06.17 15:32:44.383,1.39655,1.39663,2.70,1.12
2015.06.17 15:32:44.593,1.39658,1.39663,1.00,1.00
2015.06.17 15:32:44.847,1.39662,1.39669,1.50,1.50
2015.06.17 15:32:44.949,1.39662,1.39671,1.00,1.50
2015.06.17 15:32:45.481,1.39663,1.39671,1.00,1.00
2015.06.17 15:32:45.905,1.39663,1.3967,1.00,1.37
2015.06.17 15:32:46.057,1.3966,1.39669,2.32,1.37
2015.06.17 15:32:46.654,1.3966,1.39669,2.70,1.37
2015.06.17 15:32:47.707,1.3966,1.39669,4.20,1.12
2015.06.17 15:32:48.232,1.3966,1.39669,4.20,1.12
2015.06.17 15:32:48.485,1.3966,1.39669,2.32,1.37
2015.06.17 15:32:48.991,1.39659,1.39667,1.07,1.37
2015.06.17 15:32:56.485,1.39659,1.39666,1.50,1.37
2015.06.17 15:32:56.687,1.39659,1.39666,1.50,1.12
2015.06.17 15:32:57.103,1.39659,1.39664,1.50,1.00
2015.06.17 15:32:57.256,1.39657,1.39664,1.50,1.12
2015.06.17 15:32:57.895,1.39658,1.39664,1.07,1.00
2015.06.17 15:32:58.201,1.39658,1.39666,1.20,1.87
2015.06.17 15:32:58.449,1.3966,1.39666,1.07,1.87
2015.06.17 15:33:00.215,1.3966,1.39666,1.07,2.62
2015.06.17 15:33:00.317,1.39658,1.39666,1.50,2.25
2015.06.17 15:33:00.823,1.39659,1.39666,1.57,1.50
2015.06.17 15:33:01.345,1.39659,1.39666,1.57,1.12
2015.06.17 15:33:07.517,1.39659,1.39666,3.07,1.37
2015.06.17 15:33:08.752,1.39659,1.39666,1.57,1.00
2015.06.17 15:33:12.223,1.39659,1.39666,1.07,1.37
2015.06.17 15:33:12.274,1.39658,1.39663,1.50,1.00
2015.06.17 15:33:12.579,1.39656,1.3966,1.87,1.00
2015.06.17 15:33:13.083,1.39656,1.39662,2.62,1.00
2015.06.17 15:33:13.632,1.39657,1.39661,1.27,1.00
2015.06.17 15:33:14.273,1.39657,1.39663,1.27,2.25
2015.06.17 15:33:14.526,1.39657,1.39663,1.57,1.50
2015.06.17 15:33:14.830,1.39661,1.39665,1.57,1.00
2015.06.17 15:33:15.448,1.39661,1.39665,2.02,1.00
2015.06.17 15:33:15.976,1.39661,1.39666,2.02,1.50
2015.06.17 15:33:16.452,1.3966,1.39663,2.25,1.00
2015.06.17 15:33:16.849,1.39658,1.39662,1.50,1.00
2015.06.17 15:33:17.236,1.39658,1.39664,1.50,1.50
2015.06.17 15:33:17.540,1.3966,1.39666,1.57,1.50
2015.06.17 15:33:18.122,1.3966,1.39665,1.65,1.00
2015.06.17 15:33:19.259,1.39659,1.39664,2.25,1.00
2015.06.17 15:33:20.158,1.39659,1.39666,2.25,1.50
2015.06.17 15:33:20.360,1.3966,1.39664,1.20,1.00
2015.06.17 15:33:20.664,1.39659,1.39662,2.25,1.00
2015.06.17 15:33:21.144,1.39659,1.39661,1.50,1.00
2015.06.17 15:33:21.327,1.39661,1.39662,1.00,1.00
2015.06.17 15:33:21.833,1.3966,1.39662,1.20,1.00
2015.06.17 15:33:23.238,1.39659,1.39661,1.87,1.00
2015.06.17 15:33:23.289,1.39658,1.39661,1.10,1.00
2015.06.17 15:33:26.252,1.39656,1.39659,2.62,1.00
2015.06.17 15:33:26.872,1.39656,1.39659,1.10,1.00
2015.06.17 15:33:27.884,1.39656,1.39658,1.10,1.00
2015.06.17 15:33:28.402,1.39655,1.39658,2.70,1.00
2015.06.17 15:33:28.558,1.39656,1.39658,1.10,1.00
2015.06.17 15:33:29.054,1.39655,1.39658,2.70,1.00
2015.06.17 15:33:29.359,1.39654,1.39655,1.00,1.50
2015.06.17 15:33:29.941,1.39653,1.39654,1.00,1.00
2015.06.17 15:33:30.043,1.39652,1.39655,1.00,1.50
2015.06.17 15:33:30.235,1.39654,1.39658,1.12,1.00
2015.06.17 15:33:30.750,1.39653,1.39659,3.82,1.00
2015.06.17 15:33:31.973,1.39653,1.39658,3.82,1.00
2015.06.17 15:33:32.262,1.39653,1.39656,3.45,1.50
2015.06.17 15:33:32.415,1.39651,1.39656,1.00,1.00
2015.06.17 15:33:32.967,1.39649,1.39655,1.87,1.00
2015.06.17 15:33:33.765,1.3965,1.39658,2.02,2.02
2015.06.17 15:33:33.816,1.39653,1.39658,1.50,1.27
2015.06.17 15:33:34.134,1.39658,1.39662,1.00,1.20
2015.06.17 15:33:34.672,1.39658,1.39663,1.00,3.45
2015.06.17 15:33:35.155,1.39657,1.39662,1.00,1.47
2015.06.17 15:33:35.480,1.39655,1.3966,1.00,1.20
2015.06.17 15:33:36.171,1.39655,1.3966,1.00,1.47
2015.06.17 15:33:36.967,1.39655,1.3966,1.00,1.47
2015.06.17 15:33:37.069,1.39655,1.3966,1.00,1.20
2015.06.17 15:33:37.542,1.39655,1.39659,1.00,1.37
2015.06.17 15:33:37.594,1.39651,1.39658,1.00,2.62
2015.06.17 15:33:38.070,1.39649,1.39657,2.25,2.77
2015.06.17 15:33:38.557,1.39651,1.39657,1.00,2.02
2015.06.17 15:33:39.063,1.3965,1.39657,1.00,1.65
2015.06.17 15:33:39.334,1.39648,1.39657,1.65,1.65
2015.06.17 15:33:39.900,1.39649,1.39657,1.00,1.65
2015.06.17 15:33:40.187,1.39649,1.39655,1.50,1.37
2015.06.17 15:33:40.340,1.39647,1.39652,1.00,1.12
2015.06.17 15:33:40.442,1.39644,1.39651,1.20,1.00
2015.06.17 15:33:42.866,1.39646,1.39651,1.00,1.12
2015.06.17 15:33:43.120,1.39648,1.39655,1.07,1.00
2015.06.17 15:33:43.222,1.39647,1.39654,2.32,1.00
2015.06.17 15:33:43.273,1.39647,1.39651,1.57,1.00
2015.06.17 15:33:43.475,1.39648,1.39655,1.00,1.57
2015.06.17 15:33:44.018,1.39648,1.39656,1.37,1.07
2015.06.17 15:33:44.220,1.3965,1.39657,1.37,2.32
2015.06.17 15:33:44.423,1.3965,1.39658,1.95,1.10
2015.06.17 15:33:44.626,1.39652,1.39659,1.37,2.32
2015.06.17 15:33:45.169,1.39652,1.39659,1.57,1.65
2015.06.17 15:33:47.840,1.39652,1.39659,1.27,1.65
2015.06.17 15:33:48.381,1.39652,1.39659,1.57,1.65
2015.06.17 15:33:49.022,1.39652,1.39659,1.20,1.65
2015.06.17 15:33:49.326,1.39649,1.39655,1.07,1.00
2015.06.17 15:33:49.505,1.39647,1.39655,1.57,2.25
2015.06.17 15:33:50.013,1.39648,1.39655,1.37,1.07
2015.06.17 15:33:50.525,1.39648,1.39655,1.20,1.00
2015.06.17 15:33:51.182,1.39648,1.39656,1.20,2.32
2015.06.17 15:33:51.688,1.39648,1.39656,1.95,3.07
2015.06.17 15:33:52.072,1.39647,1.39654,1.20,1.00
2015.06.17 15:33:52.376,1.39647,1.39651,1.07,1.00
2015.06.17 15:33:52.478,1.39644,1.3965,1.20,1.12
2015.06.17 15:33:52.579,1.39642,1.39648,1.10,1.00
2015.06.17 15:33:52.884,1.39644,1.39648,1.00,1.00
2015.06.17 15:33:53.120,1.39645,1.39651,1.00,2.70
2015.06.17 15:33:53.526,1.39643,1.39651,1.00,3.45
2015.06.17 15:33:54.128,1.39641,1.39651,3.82,4.95
2015.06.17 15:33:54.181,1.39641,1.3965,4.20,1.47
2015.06.17 15:33:54.232,1.39642,1.3965,1.10,1.57
2015.06.17 15:33:54.693,1.3964,1.39648,1.20,1.50
2015.06.17 15:33:55.325,1.3964,1.39647,1.37,1.00
2015.06.17 15:33:55.846,1.3964,1.39648,1.37,2.77
2015.06.17 15:33:56.665,1.3964,1.39648,1.87,2.77
2015.06.17 15:34:00.359,1.39639,1.39648,1.45,4.20
2015.06.17 15:34:00.763,1.39639,1.39648,1.45,3.45
2015.06.17 15:34:01.297,1.3964,1.39648,1.87,1.87
2015.06.17 15:34:01.499,1.39638,1.39646,1.57,1.57
2015.06.17 15:34:02.016,1.39636,1.39645,2.25,1.65
2015.06.17 15:34:02.674,1.39636,1.39643,1.37,1.50
2015.06.17 15:34:02.978,1.39638,1.39643,1.37,1.50
2015.06.17 15:34:03.154,1.39637,1.39645,1.50,3.75
2015.06.17 15:34:03.256,1.39636,1.39643,3.00,1.57
2015.06.17 15:34:03.509,1.39636,1.39643,1.00,2.32
2015.06.17 15:34:04.023,1.39638,1.39642,1.00,1.07
2015.06.17 15:34:04.217,1.39636,1.39644,3.52,1.50
2015.06.17 15:34:04.420,1.39635,1.39641,1.37,1.20
2015.06.17 15:34:04.522,1.39633,1.39639,1.95,1.10
2015.06.17 15:34:04.724,1.39631,1.39636,2.02,1.00
2015.06.17 15:34:05.028,1.39628,1.39633,1.12,1.00
2015.06.17 15:34:06.066,1.39627,1.39634,1.50,1.20
2015.06.17 15:34:06.663,1.39626,1.39633,2.62,1.00
2015.06.17 15:34:07.171,1.39626,1.39632,2.62,1.00
2015.06.17 15:34:07.932,1.39626,1.39634,2.62,1.00
2015.06.17 15:34:08.280,1.3963,1.39635,1.37,1.20
2015.06.17 15:34:08.533,1.39628,1.39634,2.62,1.00
2015.06.17 15:34:09.041,1.39626,1.39634,3.75,2.25
2015.06.17 15:34:09.206,1.39626,1.39632,3.75,1.00
2015.06.17 15:34:09.421,1.39626,1.39634,6.75,1.00
2015.06.17 15:34:09.525,1.39631,1.39635,1.00,1.50
2015.06.17 15:34:09.728,1.39629,1.39635,1.10,1.50
2015.06.17 15:34:10.239,1.39628,1.39636,1.20,3.07
2015.06.17 15:34:10.785,1.39627,1.39635,1.95,1.10
2015.06.17 15:34:12.531,1.39627,1.39631,1.95,1.00
2015.06.17 15:34:12.685,1.39623,1.39626,1.87,1.00
2015.06.17 15:34:12.786,1.39623,1.39627,1.87,1.00
2015.06.17 15:34:12.838,1.39623,1.39629,1.87,1.57
2015.06.17 15:34:12.991,1.39626,1.3963,2.47,1.57
2015.06.17 15:34:13.216,1.39627,1.39637,1.95,3.07
2015.06.17 15:34:13.267,1.39627,1.39637,3.45,2.32
2015.06.17 15:34:13.773,1.39628,1.39637,3.37,1.00
2015.06.17 15:34:14.103,1.39628,1.39637,3.75,1.00
2015.06.17 15:34:14.382,1.39628,1.39637,3.75,1.00
2015.06.17 15:34:14.486,1.39628,1.39636,1.87,1.37
2015.06.17 15:34:14.689,1.39625,1.39633,4.20,1.00
2015.06.17 15:34:14.791,1.39625,1.39633,5.55,1.00
2015.06.17 15:34:15.297,1.39629,1.39634,1.00,1.57
2015.06.17 15:34:15.447,1.39628,1.39637,2.70,1.10
2015.06.17 15:34:16.163,1.39628,1.39636,1.95,1.00
2015.06.17 15:34:16.689,1.39627,1.39635,1.57,1.00
2015.06.17 15:34:17.221,1.39627,1.39636,1.57,1.95
2015.06.17 15:34:17.726,1.39627,1.39635,1.82,1.00
2015.06.17 15:34:18.428,1.39627,1.39636,1.57,1.57
2015.06.17 15:34:19.035,1.39627,1.39636,1.82,1.10
2015.06.17 15:34:19.553,1.39629,1.39637,1.47,1.10
2015.06.17 15:34:20.449,1.39629,1.39636,1.10,1.12
2015.06.17 15:34:20.950,1.39628,1.39635,1.20,1.50
2015.06.17 15:34:22.137,1.39627,1.39635,3.37,1.37
2015.06.17 15:34:22.188,1.39627,1.39632,3.37,1.00
2015.06.17 15:34:22.368,1.39627,1.39634,1.50,1.50
2015.06.17 15:34:23.139,1.39627,1.39635,1.87,2.25
2015.06.17 15:34:24.136,1.39632,1.39636,1.00,1.65
2015.06.17 15:34:24.338,1.39634,1.3964,1.10,1.87
2015.06.17 15:34:24.642,1.39635,1.39644,1.10,2.32
2015.06.17 15:34:24.896,1.39637,1.39645,1.00,2.32
2015.06.17 15:34:25.200,1.39639,1.39645,1.50,1.00
2015.06.17 15:34:26.396,1.39637,1.39645,2.62,1.00
2015.06.17 15:34:26.754,1.39637,1.39646,3.37,1.20
2015.06.17 15:34:27.796,1.39638,1.39647,1.87,1.50
2015.06.17 15:34:28.370,1.39638,1.39647,1.87,2.25
2015.06.17 15:34:28.635,1.39636,1.39646,3.07,3.07
2015.06.17 15:34:30.009,1.39636,1.39646,4.20,3.82
2015.06.17 15:34:30.110,1.39637,1.39646,1.20,3.07
2015.06.17 15:34:30.161,1.39637,1.39646,1.95,2.32
2015.06.17 15:34:30.676,1.39638,1.39647,3.75,3.00
2015.06.17 15:34:31.374,1.39641,1.39647,1.00,3.00
2015.06.17 15:34:31.526,1.3964,1.39648,1.37,2.77
2015.06.17 15:34:31.628,1.39638,1.39647,3.75,1.00
2015.06.17 15:34:32.135,1.39638,1.39646,1.10,1.57
2015.06.17 15:34:33.541,1.39638,1.39647,1.47,3.45
2015.06.17 15:34:34.055,1.39638,1.39647,1.10,5.32
2015.06.17 15:34:34.308,1.39637,1.39643,2.32,1.00
2015.06.17 15:34:34.511,1.39634,1.39644,3.37,1.87
2015.06.17 15:34:35.013,1.39634,1.39642,1.07,1.50
2015.06.17 15:34:35.587,1.39635,1.39644,1.10,1.57
2015.06.17 15:34:35.867,1.39635,1.39644,1.45,1.10
2015.06.17 15:34:36.677,1.39637,1.39646,2.70,2.32
2015.06.17 15:34:37.207,1.39637,1.39647,4.95,4.57
2015.06.17 15:34:37.891,1.39638,1.39647,1.20,2.25
2015.06.17 15:34:38.195,1.39638,1.39645,1.20,1.00
2015.06.17 15:34:38.559,1.39638,1.39647,1.95,2.25
2015.06.17 15:34:38.814,1.3964,1.39649,2.02,1.50
2015.06.17 15:34:38.915,1.39641,1.39649,1.07,1.50
2015.06.17 15:34:40.215,1.39644,1.3965,1.00,1.87
2015.06.17 15:34:40.518,1.3965,1.39656,2.32,3.82
2015.06.17 15:34:40.569,1.3965,1.39657,1.65,1.00
2015.06.17 15:34:40.671,1.39651,1.39659,1.10,1.10
2015.06.17 15:34:40.887,1.39652,1.3966,1.50,3.00
2015.06.17 15:34:41.408,1.39652,1.3966,2.62,1.50
2015.06.17 15:34:41.931,1.39652,1.39661,2.62,1.65
2015.06.17 15:34:43.086,1.39652,1.39659,1.50,1.37
2015.06.17 15:34:43.187,1.3965,1.39659,1.20,1.12
2015.06.17 15:34:43.391,1.39649,1.39658,1.95,2.32
2015.06.17 15:34:43.762,1.39652,1.39658,1.00,1.07
2015.06.17 15:34:43.863,1.39652,1.3966,1.00,1.57
2015.06.17 15:34:44.218,1.39654,1.3966,1.00,1.10
2015.06.17 15:34:44.522,1.39658,1.39665,1.37,1.95
2015.06.17 15:34:45.007,1.39658,1.39667,2.25,4.50
2015.06.17 15:34:46.691,1.39659,1.39667,1.57,1.50
2015.06.17 15:34:46.793,1.39661,1.39668,1.12,1.10
2015.06.17 15:34:47.310,1.3966,1.39669,2.70,3.07
2015.06.17 15:34:48.463,1.3966,1.39669,1.07,3.45
2015.06.17 15:34:49.208,1.3966,1.39669,1.20,4.20
2015.06.17 15:34:49.749,1.39659,1.39669,1.95,4.57
2015.06.17 15:34:50.407,1.39659,1.39668,2.25,1.12
2015.06.17 15:34:51.111,1.39659,1.39669,1.37,3.15
2015.06.17 15:34:51.629,1.39659,1.39668,1.87,1.12
2015.06.17 15:34:52.135,1.39658,1.39667,2.77,2.25
2015.06.17 15:34:52.665,1.39659,1.39666,1.00,1.00
2015.06.17 15:34:53.135,1.39657,1.39665,2.70,1.37
2015.06.17 15:34:53.759,1.39659,1.39665,1.00,1.37
2015.06.17 15:34:54.277,1.39657,1.39665,1.95,1.87
2015.06.17 15:34:54.429,1.39655,1.39664,1.20,3.00
2015.06.17 15:34:54.959,1.39654,1.39664,2.70,1.95
2015.06.17 15:34:56.145,1.39654,1.39663,2.70,1.00
2015.06.17 15:34:56.297,1.39655,1.39662,1.00,6.00
2015.06.17 15:34:56.812,1.39655,1.39662,2.02,3.75
2015.06.17 15:34:57.327,1.39656,1.39662,1.12,1.00
2015.06.17 15:34:57.832,1.39655,1.39663,2.77,1.12
2015.06.17 15:34:58.352,1.39657,1.39664,1.12,2.77
2015.06.17 15:34:58.554,1.39659,1.39664,1.00,2.77
2015.06.17 15:34:58.757,1.39662,1.3967,1.00,7.12
2015.06.17 15:34:59.230,1.39659,1.39668,1.50,2.62
2015.06.17 15:34:59.635,1.39661,1.39668,1.00,1.50
2015.06.17 15:34:59.939,1.39665,1.39671,1.00,1.50
2015.06.17 15:35:00.197,1.39663,1.39671,2.40,1.00
2015.06.17 15:35:00.299,1.39663,1.39669,2.32,1.00
2015.06.17 15:35:00.755,1.3966,1.39668,1.57,1.00
2015.06.17 15:35:01.286,1.39659,1.39669,5.32,2.32
2015.06.17 15:35:01.788,1.39659,1.39669,4.95,1.57
2015.06.17 15:35:02.038,1.39661,1.39669,1.87,1.57
2015.06.17 15:35:02.365,1.39663,1.39671,1.37,2.62
2015.06.17 15:35:02.417,1.39665,1.39672,1.37,1.50
2015.06.17 15:35:02.518,1.39665,1.39672,1.50,1.00
2015.06.17 15:35:03.024,1.39664,1.39672,1.12,1.00
2015.06.17 15:35:03.175,1.39664,1.39672,1.37,1.00
2015.06.17 15:35:04.559,1.39663,1.39672,1.50,1.00
2015.06.17 15:35:04.863,1.39664,1.39672,1.87,3.00
2015.06.17 15:35:05.392,1.39664,1.39672,1.37,3.00
2015.06.17 15:35:05.493,1.39662,1.3967,1.50,1.10
2015.06.17 15:35:06.242,1.39664,1.39671,1.00,1.57
2015.06.17 15:35:06.748,1.39663,1.39671,1.50,1.27
2015.06.17 15:35:07.072,1.39665,1.39671,1.00,1.27
2015.06.17 15:35:07.579,1.39667,1.39672,1.00,2.70
2015.06.17 15:35:07.884,1.39671,1.39677,1.37,1.12
2015.06.17 15:35:07.935,1.39671,1.39678,1.37,3.00
2015.06.17 15:35:07.986,1.39671,1.39675,1.37,1.00
2015.06.17 15:35:08.189,1.39671,1.39678,1.87,1.20
2015.06.17 15:35:08.794,1.39671,1.39679,3.00,1.10
2015.06.17 15:35:09.815,1.39672,1.3968,1.37,1.20
2015.06.17 15:35:10.358,1.39672,1.39681,2.25,3.00
2015.06.17 15:35:10.874,1.39672,1.39681,3.00,1.50
2015.06.17 15:35:12.407,1.39676,1.39681,1.37,1.50
2015.06.17 15:35:12.457,1.39675,1.39684,1.87,1.57
2015.06.17 15:35:12.508,1.39675,1.39684,2.25,1.50
2015.06.17 15:35:13.048,1.39675,1.39684,1.57,1.00
2015.06.17 15:35:13.406,1.39675,1.39684,1.95,1.00
2015.06.17 15:35:13.924,1.39675,1.39684,1.95,1.00
2015.06.17 15:35:14.531,1.39675,1.39684,1.95,1.00
2015.06.17 15:35:18.966,1.39676,1.39684,1.47,2.25
2015.06.17 15:35:19.498,1.39675,1.39684,2.70,1.50
2015.06.17 15:35:20.043,1.39675,1.39684,2.70,1.50
2015.06.17 15:35:20.584,1.39675,1.39684,1.95,1.87
2015.06.17 15:35:21.094,1.39675,1.39684,1.27,2.62
2015.06.17 15:35:21.935,1.39675,1.39683,1.57,1.20
2015.06.17 15:35:22.239,1.39676,1.39681,1.12,1.50
2015.06.17 15:35:23.044,1.39673,1.39681,2.62,1.50
2015.06.17 15:35:24.951,1.39673,1.39681,2.62,1.50
2015.06.17 15:35:25.469,1.39673,1.39681,2.62,1.50
2015.06.17 15:35:26.010,1.39673,1.39681,3.37,1.50
2015.06.17 15:35:26.773,1.39673,1.39681,3.37,1.50
2015.06.17 15:35:27.328,1.39674,1.39681,1.50,1.50
2015.06.17 15:35:31.672,1.39681,1.39682,1.00,1.50
2015.06.17 15:35:31.825,1.39682,1.39687,1.50,1.00
2015.06.17 15:35:31.927,1.39682,1.39689,2.25,1.50
2015.06.17 15:35:32.029,1.39682,1.39691,2.25,2.32
2015.06.17 15:35:32.877,1.39683,1.39691,1.00,2.32
2015.06.17 15:35:33.299,1.39681,1.3969,3.00,4.12
2015.06.17 15:35:33.466,1.39681,1.39687,1.00,1.50
2015.06.17 15:35:33.670,1.39676,1.39685,1.57,1.50
2015.06.17 15:35:34.181,1.39676,1.39684,1.07,1.50
2015.06.17 15:35:34.720,1.39676,1.39683,1.07,1.00
2015.06.17 15:35:37.445,1.39676,1.39684,1.95,1.50
2015.06.17 15:35:37.946,1.39676,1.39684,1.27,1.65
2015.06.17 15:35:38.811,1.39677,1.39684,1.00,1.65
2015.06.17 15:35:39.350,1.39675,1.39684,3.75,1.65
2015.06.17 15:35:39.878,1.39675,1.39684,3.00,2.02
2015.06.17 15:35:40.438,1.39676,1.39684,1.20,1.65
2015.06.17 15:35:40.951,1.39677,1.39684,1.00,1.20
2015.06.17 15:35:41.358,1.39678,1.39684,1.95,1.00
2015.06.17 15:35:41.409,1.39678,1.39687,1.95,1.57
2015.06.17 15:35:41.675,1.39679,1.39685,1.10,1.00
2015.06.17 15:35:41.726,1.39677,1.39685,3.07,1.00
2015.06.17 15:35:42.234,1.39675,1.39684,3.37,1.65
2015.06.17 15:35:42.834,1.39675,1.39684,2.25,2.02
2015.06.17 15:35:43.341,1.39675,1.39682,1.10,1.87
2015.06.17 15:35:49.298,1.39674,1.39681,1.57,1.00
2015.06.17 15:35:49.625,1.39673,1.39679,1.87,1.00
2015.06.17 15:35:50.797,1.39672,1.39679,2.02,1.00
2015.06.17 15:35:51.357,1.39672,1.39679,1.57,1.00
2015.06.17 15:35:51.859,1.39672,1.39679,1.20,1.00
2015.06.17 15:35:54.479,1.39672,1.39679,2.02,1.00
2015.06.17 15:35:56.790,1.39672,1.39679,1.27,1.00
2015.06.17 15:35:57.109,1.39672,1.39677,1.20,1.50
2015.06.17 15:35:57.741,1.39672,1.39679,1.20,1.00
2015.06.17 15:35:58.318,1.39672,1.39679,1.57,1.00
2015.06.17 15:35:58.811,1.39673,1.3968,3.37,1.00
2015.06.17 15:35:59.165,1.39677,1.39681,2.25,1.00
2015.06.17 15:35:59.267,1.39677,1.39685,2.25,2.25
2015.06.17 15:35:59.469,1.39676,1.39683,1.07,1.00
2015.06.17 15:35:59.988,1.39676,1.39682,1.07,1.00
2015.06.17 15:36:00.293,1.39674,1.39682,1.57,1.00
2015.06.17 15:36:03.137,1.39673,1.39682,2.62,1.20
2015.06.17 15:36:03.704,1.39672,1.39682,1.95,2.70
2015.06.17 15:36:04.350,1.39672,1.39682,1.95,1.95
2015.06.17 15:36:04.862,1.39672,1.39682,1.95,1.95
2015.06.17 15:36:05.375,1.39672,1.39682,1.95,1.95
2015.06.17 15:36:06.273,1.39672,1.39682,1.85,1.95
2015.06.17 15:36:06.807,1.39672,1.3968,1.47,1.00
2015.06.17 15:36:07.533,1.39672,1.39682,1.47,1.95
2015.06.17 15:36:08.570,1.39673,1.39682,1.50,1.95
2015.06.17 15:36:09.085,1.39672,1.39682,3.75,1.50
2015.06.17 15:36:09.288,1.39676,1.39682,2.25,1.00
2015.06.17 15:36:09.622,1.3968,1.39689,1.50,1.65
2015.06.17 15:36:10.077,1.39679,1.39688,2.02,1.50
2015.06.17 15:36:10.593,1.39679,1.39688,2.40,1.00
2015.06.17 15:36:11.112,1.3968,1.39688,1.00,1.00
2015.06.17 15:36:11.653,1.3968,1.39689,3.07,1.57
2015.06.17 15:36:12.182,1.39682,1.3969,1.00,1.00
2015.06.17 15:36:12.703,1.39681,1.39691,2.40,3.00
2015.06.17 15:36:13.338,1.39681,1.3969,2.40,1.50
2015.06.17 15:36:13.845,1.39681,1.3969,1.20,1.20
2015.06.17 15:36:14.360,1.39679,1.3969,2.32,4.12
2015.06.17 15:36:14.837,1.39684,1.3969,1.12,2.62
2015.06.17 15:36:15.141,1.39691,1.39694,1.00,1.37
2015.06.17 15:36:15.193,1.39693,1.39696,1.00,1.00
2015.06.17 15:36:15.244,1.39693,1.39698,1.00,1.50
2015.06.17 15:36:15.345,1.3969,1.39698,2.25,1.00
2015.06.17 15:36:15.855,1.3969,1.39698,1.57,1.00
2015.06.17 15:36:16.108,1.39687,1.39695,3.00,1.00
2015.06.17 15:36:16.617,1.39686,1.39695,1.07,1.57
2015.06.17 15:36:16.668,1.39685,1.39695,1.65,2.25
2015.06.17 15:36:17.496,1.39684,1.39693,1.87,1.00
2015.06.17 15:36:17.833,1.3969,1.39693,1.87,1.00
2015.06.17 15:36:18.036,1.39694,1.397,1.00,1.00
2015.06.17 15:36:18.087,1.39694,1.39702,1.50,1.10
2015.06.17 15:36:18.289,1.39696,1.39704,1.00,1.20
2015.06.17 15:36:18.633,1.39693,1.39702,2.25,2.25
2015.06.17 15:36:20.833,1.39694,1.39701,1.20,1.00
2015.06.17 15:36:21.173,1.39696,1.39702,1.00,1.65
2015.06.17 15:36:21.504,1.39694,1.39698,1.00,1.50
2015.06.17 15:36:22.021,1.39693,1.39698,1.00,1.50
2015.06.17 15:36:23.225,1.3969,1.39698,1.00,1.50
2015.06.17 15:36:23.427,1.39688,1.39696,3.37,1.50
2015.06.17 15:36:23.883,1.39689,1.39698,4.95,3.45
2015.06.17 15:36:24.036,1.39693,1.397,1.00,1.20
2015.06.17 15:36:24.544,1.39692,1.397,1.57,1.00
2015.06.17 15:36:25.866,1.39692,1.397,1.20,2.25
2015.06.17 15:36:26.953,1.39692,1.39699,1.00,1.00
2015.06.17 15:36:27.425,1.39692,1.39697,1.00,1.00
2015.06.17 15:36:27.729,1.39688,1.39695,1.00,2.25
2015.06.17 15:36:27.832,1.3969,1.39695,1.00,1.10
2015.06.17 15:36:28.338,1.39689,1.39697,1.00,1.10
2015.06.17 15:36:28.860,1.39689,1.39697,2.62,1.00
2015.06.17 15:36:29.012,1.39691,1.39697,1.57,1.00
2015.06.17 15:36:29.113,1.39691,1.39699,1.57,1.20
2015.06.17 15:36:29.630,1.39691,1.397,2.70,3.07
2015.06.17 15:36:31.720,1.39692,1.39702,1.27,2.62
2015.06.17 15:36:32.137,1.39692,1.39698,1.27,1.00
2015.06.17 15:36:32.441,1.39697,1.39701,1.00,1.50
2015.06.17 15:36:32.713,1.39697,1.39704,1.10,1.87
2015.06.17 15:36:33.129,1.39697,1.39706,1.57,2.70
2015.06.17 15:36:33.676,1.39697,1.39706,1.95,1.57
2015.06.17 15:36:33.727,1.39697,1.39706,2.32,1.57
2015.06.17 15:36:34.110,1.397,1.39708,1.87,1.50
2015.06.17 15:36:39.168,1.39701,1.3971,1.95,4.57
2015.06.17 15:36:39.422,1.39702,1.3971,1.00,3.45
2015.06.17 15:36:39.930,1.39701,1.3971,1.95,4.95
2015.06.17 15:36:40.462,1.39702,1.3971,1.00,4.95
2015.06.17 15:36:40.972,1.39701,1.39709,1.20,1.37
2015.06.17 15:36:41.506,1.39702,1.39709,1.00,1.37
2015.06.17 15:36:41.830,1.39706,1.3971,1.12,1.10
2015.06.17 15:36:41.881,1.39706,1.39712,1.12,1.20
2015.06.17 15:36:42.084,1.39708,1.39714,1.00,1.57
2015.06.17 15:36:42.617,1.39708,1.39714,1.00,1.95
2015.06.17 15:36:43.385,1.39706,1.39714,1.10,1.95
2015.06.17 15:36:44.058,1.39705,1.39713,1.57,1.37
2015.06.17 15:36:44.159,1.39704,1.39712,1.10,3.37
2015.06.17 15:36:44.696,1.39704,1.3971,1.37,1.00
2015.06.17 15:36:44.848,1.39704,1.39713,1.00,2.40
2015.06.17 15:36:46.052,1.39708,1.39713,1.12,1.20
2015.06.17 15:36:46.154,1.39708,1.39716,2.32,1.50
2015.06.17 15:36:46.255,1.39709,1.39717,1.57,1.12
2015.06.17 15:36:46.865,1.3971,1.39718,1.00,2.02
2015.06.17 15:36:47.414,1.3971,1.39718,1.00,1.65
2015.06.17 15:36:48.078,1.3971,1.39717,1.00,1.00
2015.06.17 15:36:48.397,1.39708,1.39714,1.95,1.00
2015.06.17 15:36:48.916,1.39706,1.39714,1.65,1.20
2015.06.17 15:36:50.198,1.39706,1.39713,1.57,1.12
2015.06.17 15:36:54.390,1.39706,1.39714,1.47,1.95
2015.06.17 15:36:54.694,1.39704,1.39712,2.32,1.10
2015.06.17 15:36:54.998,1.39703,1.3971,3.90,1.37
2015.06.17 15:36:55.511,1.39703,1.3971,3.90,1.12
2015.06.17 15:36:56.017,1.39703,1.39709,3.75,1.50
2015.06.17 15:36:56.562,1.39703,1.39709,3.75,2.32
2015.06.17 15:36:57.101,1.39702,1.39709,2.25,1.00
2015.06.17 15:36:58.667,1.39701,1.39709,2.25,1.95
2015.06.17 15:36:58.971,1.39701,1.39708,2.25,1.50
2015.06.17 15:37:00.953,1.39701,1.39706,2.25,1.87
2015.06.17 15:37:01.206,1.39696,1.39704,2.62,1.00
2015.06.17 15:37:01.257,1.39696,1.39702,1.37,1.00
2015.06.17 15:37:01.764,1.39693,1.39702,3.22,3.00
2015.06.17 15:37:02.524,1.39693,1.39702,1.97,3.37
2015.06.17 15:37:03.733,1.39692,1.39701,5.55,1.12
2015.06.17 15:37:04.110,1.39698,1.39702,1.00,1.50
2015.06.17 15:37:04.313,1.39698,1.39706,1.37,1.50
2015.06.17 15:37:04.415,1.397,1.39707,1.50,1.10
2015.06.17 15:37:05.789,1.397,1.39704,1.37,1.00
2015.06.17 15:37:05.891,1.39696,1.39705,3.07,2.32
2015.06.17 15:37:06.363,1.39696,1.39704,1.57,2.32
2015.06.17 15:37:06.569,1.39696,1.39704,1.10,4.95
2015.06.17 15:37:06.772,1.39694,1.39701,1.00,1.00
2015.06.17 15:37:07.227,1.39693,1.39701,2.25,2.32
2015.06.17 15:37:07.778,1.39695,1.39702,1.72,3.75
2015.06.17 15:37:08.385,1.39696,1.39702,1.00,1.50
2015.06.17 15:37:08.916,1.39696,1.39704,1.12,5.32
2015.06.17 15:37:09.511,1.39694,1.39702,3.67,1.37
2015.06.17 15:37:10.079,1.39695,1.39701,1.50,2.40
2015.06.17 15:37:10.747,1.39696,1.39701,1.37,2.40
2015.06.17 15:37:10.899,1.39698,1.39703,1.00,1.00
2015.06.17 15:37:11.001,1.39697,1.39705,1.75,1.10
2015.06.17 15:37:12.618,1.39698,1.39705,1.50,1.10
2015.06.17 15:37:13.409,1.39695,1.39705,5.70,2.70
2015.06.17 15:37:17.491,1.39697,1.39705,1.87,1.00
2015.06.17 15:37:18.117,1.39698,1.39706,1.20,4.20
2015.06.17 15:37:18.481,1.39698,1.39705,1.87,1.50
2015.06.17 15:37:19.809,1.39698,1.39703,1.00,1.00
2015.06.17 15:37:20.333,1.39697,1.39703,1.00,1.50
2015.06.17 15:37:21.651,1.39695,1.39702,2.25,1.00
2015.06.17 15:37:22.157,1.39694,1.39701,1.75,1.00
2015.06.17 15:37:22.919,1.39694,1.39702,2.47,1.00
2015.06.17 15:37:23.455,1.39694,1.39701,2.47,1.00
2015.06.17 15:37:23.987,1.39695,1.39703,1.85,1.10
2015.06.17 15:37:24.443,1.39695,1.39701,2.32,1.00
2015.06.17 15:37:24.494,1.39694,1.39701,2.17,1.00
2015.06.17 15:37:24.545,1.39694,1.39699,1.57,1.00
2015.06.17 15:37:24.950,1.39694,1.39697,1.00,1.00
2015.06.17 15:37:26.300,1.39692,1.39697,1.67,1.37
2015.06.17 15:37:26.837,1.39692,1.39697,1.67,1.37
2015.06.17 15:37:27.192,1.39695,1.39698,1.35,1.20
2015.06.17 15:37:27.294,1.39696,1.39703,1.50,1.20
2015.06.17 15:37:27.344,1.39697,1.39704,1.37,3.00
2015.06.17 15:37:27.395,1.39697,1.39706,2.62,2.25
2015.06.17 15:37:28.068,1.397,1.39708,1.95,1.95
2015.06.17 15:37:29.137,1.397,1.39708,1.10,1.95
2015.06.17 15:37:29.238,1.397,1.39708,1.95,2.70
2015.06.17 15:37:31.537,1.397,1.39708,1.37,2.70
2015.06.17 15:37:32.043,1.39701,1.39708,1.87,1.00
2015.06.17 15:37:32.549,1.397,1.3971,4.27,4.12
2015.06.17 15:37:33.004,1.39703,1.39709,1.00,1.57
2015.06.17 15:37:33.055,1.397,1.39709,2.40,1.57
2015.06.17 15:37:33.207,1.397,1.39709,2.40,3.52
2015.06.17 15:37:33.914,1.39701,1.39709,1.00,3.52
2015.06.17 15:37:34.463,1.397,1.39709,2.77,3.52
2015.06.17 15:37:34.615,1.397,1.39709,2.02,3.52
2015.06.17 15:37:34.969,1.39702,1.39709,1.00,2.02
2015.06.17 15:37:35.121,1.39702,1.39709,1.87,1.65
2015.06.17 15:37:35.628,1.39702,1.3971,1.37,2.25
2015.06.17 15:37:36.538,1.39702,1.3971,1.37,2.25
2015.06.17 15:37:37.868,1.39701,1.3971,1.87,2.25
2015.06.17 15:37:38.470,1.39701,1.3971,1.37,2.25
2015.06.17 15:37:38.877,1.397,1.3971,3.52,2.62
2015.06.17 15:37:38.928,1.397,1.39709,1.57,2.32
2015.06.17 15:37:39.250,1.397,1.39705,1.00,1.00
2015.06.17 15:37:39.787,1.39699,1.39705,1.00,1.00
2015.06.17 15:37:40.436,1.39699,1.39705,1.00,1.37
2015.06.17 15:37:40.945,1.39699,1.39706,1.37,2.32
2015.06.17 15:37:41.250,1.397,1.39708,1.87,3.75
2015.06.17 15:37:42.783,1.397,1.39708,3.75,1.65
2015.06.17 15:37:44.041,1.39701,1.39708,1.12,1.65
2015.06.17 15:37:44.345,1.39701,1.39709,1.37,1.50
2015.06.17 15:37:45.193,1.39703,1.3971,3.37,1.85
2015.06.17 15:37:45.244,1.39703,1.39711,3.97,2.32
2015.06.17 15:37:45.345,1.39706,1.39713,1.00,2.32
2015.06.17 15:37:45.396,1.3971,1.39713,1.00,1.87
2015.06.17 15:37:45.855,1.39709,1.39715,1.00,1.65
2015.06.17 15:37:46.364,1.3971,1.39715,1.00,1.65
2015.06.17 15:37:46.677,1.3971,1.39718,1.69,1.07
2015.06.17 15:37:47.588,1.39708,1.39716,1.57,1.12
2015.06.17 15:37:48.391,1.3971,1.39718,1.00,4.95
2015.06.17 15:37:48.994,1.39709,1.39718,2.32,4.57
2015.06.17 15:37:49.518,1.39709,1.39718,1.57,4.57
2015.06.17 15:37:50.725,1.39708,1.39716,1.00,2.02
2015.06.17 15:37:50.879,1.3971,1.39716,1.00,2.02
2015.06.17 15:37:51.904,1.3971,1.39716,1.00,2.02
2015.06.17 15:37:52.107,1.39706,1.39714,1.50,1.47
2015.06.17 15:37:52.615,1.39706,1.39714,1.00,1.95
2015.06.17 15:37:52.873,1.39706,1.39713,1.00,1.95
2015.06.17 15:37:53.025,1.39704,1.39713,1.95,1.95
2015.06.17 15:37:54.342,1.39705,1.39712,1.00,1.87
2015.06.17 15:37:54.943,1.39704,1.39712,1.87,1.87
2015.06.17 15:37:55.448,1.39705,1.39712,1.87,1.87
2015.06.17 15:37:56.299,1.39705,1.39713,1.00,1.95
2015.06.17 15:37:56.602,1.39705,1.39713,1.50,1.95
2015.06.17 15:37:57.103,1.39706,1.39713,1.00,1.95
2015.06.17 15:37:57.605,1.39705,1.39714,1.87,2.70
2015.06.17 15:37:57.908,1.39707,1.39714,1.00,2.70
2015.06.17 15:37:58.413,1.39707,1.39714,1.00,1.95
2015.06.17 15:37:58.947,1.39705,1.39714,1.57,1.95
2015.06.17 15:37:59.479,1.39705,1.39714,2.32,1.95
2015.06.17 15:38:00.335,1.39705,1.39714,1.50,2.70
2015.06.17 15:38:00.617,1.39707,1.39714,1.12,2.70
2015.06.17 15:38:01.903,1.39708,1.39714,1.00,3.45
2015.06.17 15:38:02.268,1.39709,1.39715,1.00,1.65
2015.06.17 15:38:02.890,1.3971,1.39714,1.00,1.00
2015.06.17 15:38:02.943,1.3971,1.39717,1.50,1.00
2015.06.17 15:38:03.297,1.39715,1.39717,1.00,1.00
2015.06.17 15:38:03.792,1.39714,1.39718,1.00,1.65
2015.06.17 15:38:04.374,1.39714,1.39718,1.00,1.65
2015.06.17 15:38:05.128,1.39713,1.39718,1.00,1.65
2015.06.17 15:38:05.536,1.39711,1.39717,1.00,1.12
2015.06.17 15:38:06.884,1.39711,1.39715,1.00,1.00
2015.06.17 15:38:07.460,1.39712,1.39716,1.00,1.57
2015.06.17 15:38:07.966,1.39712,1.39715,1.00,1.07
2015.06.17 15:38:08.740,1.39713,1.39715,1.00,1.07
2015.06.17 15:38:08.893,1.39717,1.39719,1.00,1.87
2015.06.17 15:38:08.944,1.39716,1.39719,1.00,1.12
2015.06.17 15:38:09.116,1.39716,1.39721,1.50,1.45
2015.06.17 15:38:09.217,1.39718,1.39721,1.00,1.45
2015.06.17 15:38:09.743,1.39718,1.39721,1.00,1.20
2015.06.17 15:38:10.254,1.39718,1.39723,1.00,1.57
2015.06.17 15:38:11.424,1.39719,1.39722,1.00,1.37
2015.06.17 15:38:11.627,1.39723,1.39726,1.00,2.62
2015.06.17 15:38:11.728,1.39726,1.3973,1.00,1.87
2015.06.17 15:38:12.251,1.39725,1.39731,1.00,1.95
2015.06.17 15:38:12.764,1.39726,1.39731,1.00,1.95
2015.06.17 15:38:12.815,1.39728,1.39731,1.00,1.12
2015.06.17 15:38:13.119,1.39735,1.39738,1.00,1.00
2015.06.17 15:38:13.656,1.39735,1.39738,1.00,1.00
2015.06.17 15:38:13.757,1.39731,1.39738,1.00,1.00
2015.06.17 15:38:14.278,1.3973,1.39738,2.02,1.00
2015.06.17 15:38:16.917,1.39729,1.39737,1.87,1.00
2015.06.17 15:38:17.418,1.39729,1.39738,1.87,2.25
2015.06.17 15:38:18.146,1.39729,1.39737,1.50,1.00
2015.06.17 15:38:18.450,1.39728,1.39736,1.10,1.20
2015.06.17 15:38:19.341,1.39728,1.39736,1.10,1.95
2015.06.17 15:38:20.278,1.39726,1.39735,1.85,3.37
2015.06.17 15:38:20.329,1.39726,1.39735,1.20,4.12
2015.06.17 15:38:21.507,1.39726,1.39735,1.20,5.62
2015.06.17 15:38:21.710,1.39723,1.39732,3.37,1.27
2015.06.17 15:38:22.215,1.39723,1.39731,1.50,1.00
2015.06.17 15:38:22.718,1.39723,1.39732,2.25,2.02
2015.06.17 15:38:23.236,1.39723,1.39731,1.00,1.12
2015.06.17 15:38:24.861,1.39723,1.39732,1.00,1.27
2015.06.17 15:38:25.333,1.39722,1.39732,2.40,1.57
2015.06.17 15:38:25.636,1.39725,1.39732,1.00,1.57
2015.06.17 15:38:27.028,1.39724,1.39732,2.25,1.57
2015.06.17 15:38:27.756,1.39724,1.39732,2.25,1.20
2015.06.17 15:38:28.374,1.39725,1.39732,1.00,1.20
2015.06.17 15:38:28.932,1.39724,1.39732,2.25,1.20
2015.06.17 15:38:30.794,1.39726,1.39732,1.00,1.20
2015.06.17 15:38:31.504,1.39725,1.39732,1.00,1.20
2015.06.17 15:38:32.535,1.39724,1.39731,1.20,1.00
2015.06.17 15:38:33.018,1.39721,1.39729,1.47,1.00
2015.06.17 15:38:33.272,1.39719,1.39728,3.82,1.57
2015.06.17 15:38:33.779,1.39719,1.39727,1.12,1.10
2015.06.17 15:38:34.284,1.39718,1.39727,1.20,1.47
2015.06.17 15:38:34.795,1.39718,1.39726,1.57,1.37
2015.06.17 15:38:34.896,1.39718,1.39727,2.32,1.10
2015.06.17 15:38:35.442,1.39719,1.39727,1.37,1.10
2015.06.17 15:38:36.368,1.39721,1.39728,1.12,1.20
2015.06.17 15:38:38.260,1.3972,1.39727,1.57,1.00
2015.06.17 15:38:38.564,1.39716,1.39725,3.52,1.87
2015.06.17 15:38:38.619,1.39717,1.39725,1.00,1.87
2015.06.17 15:38:39.162,1.39716,1.39725,2.40,3.37
2015.06.17 15:38:39.679,1.39717,1.39725,2.25,2.62
2015.06.17 15:38:41.286,1.39715,1.39725,6.75,1.87
2015.06.17 15:38:45.204,1.39716,1.39725,2.02,1.50
2015.06.17 15:38:45.508,1.39719,1.39727,1.87,2.25
2015.06.17 15:38:46.096,1.3972,1.39727,1.12,1.00
2015.06.17 15:38:46.626,1.3972,1.39728,1.95,1.00
2015.06.17 15:38:47.131,1.39721,1.39729,1.10,1.57
2015.06.17 15:38:48.214,1.39721,1.39729,1.87,1.87
2015.06.17 15:38:48.739,1.39721,1.39728,2.62,1.00
2015.06.17 15:38:49.119,1.39724,1.39729,1.50,2.32
2015.06.17 15:38:49.425,1.39726,1.3973,1.00,1.57
2015.06.17 15:38:49.680,1.39723,1.3973,1.00,1.10
2015.06.17 15:38:50.223,1.39723,1.39729,1.00,1.00
2015.06.17 15:38:50.736,1.39723,1.3973,1.00,1.20
2015.06.17 15:38:51.432,1.39721,1.3973,3.07,1.20
2015.06.17 15:38:51.887,1.39721,1.39728,1.00,1.00
2015.06.17 15:38:52.192,1.39724,1.3973,1.75,1.20
2015.06.17 15:38:52.395,1.39726,1.3973,1.87,1.00
2015.06.17 15:38:52.611,1.39724,1.39731,1.00,1.95
2015.06.17 15:38:53.151,1.39722,1.39731,4.12,2.02
2015.06.17 15:38:53.657,1.39722,1.3973,3.00,1.87
2015.06.17 15:38:54.089,1.39724,1.39732,1.12,1.00
2015.06.17 15:38:54.597,1.39723,1.39733,5.40,2.62
2015.06.17 15:38:55.570,1.39726,1.39733,1.00,2.25
2015.06.17 15:38:56.507,1.39725,1.39731,1.07,1.00
2015.06.17 15:38:56.608,1.39725,1.39733,1.20,3.00
2015.06.17 15:38:57.114,1.39727,1.39733,1.50,1.00
2015.06.17 15:38:57.637,1.39728,1.39734,1.00,1.00
2015.06.17 15:38:57.853,1.39727,1.39734,3.00,1.12
2015.06.17 15:38:58.207,1.39728,1.39735,1.07,1.37
2015.06.17 15:38:58.427,1.3973,1.39737,1.37,1.10
2015.06.17 15:38:58.731,1.39732,1.39735,1.37,1.00
2015.06.17 15:38:58.985,1.39728,1.39735,1.20,1.12
2015.06.17 15:38:59.242,1.39727,1.39734,1.50,1.37
2015.06.17 15:38:59.749,1.39727,1.39733,1.20,1.00
2015.06.17 15:39:01.224,1.39726,1.39734,1.50,1.12
2015.06.17 15:39:01.756,1.39727,1.39735,1.07,1.10
2015.06.17 15:39:02.061,1.39727,1.39736,3.82,1.00
2015.06.17 15:39:02.214,1.39731,1.39739,1.00,1.50
2015.06.17 15:39:02.265,1.39733,1.3974,1.00,3.00
2015.06.17 15:39:02.316,1.39734,1.39741,1.50,1.00
2015.06.17 15:39:02.620,1.39734,1.39743,1.57,1.10
2015.06.17 15:39:03.157,1.39735,1.39744,3.00,1.00
2015.06.17 15:39:03.512,1.39735,1.39744,2.25,1.38
2015.06.17 15:39:03.839,1.39735,1.39742,2.25,1.87
2015.06.17 15:39:04.342,1.39735,1.39742,2.62,1.37
2015.06.17 15:39:04.645,1.39733,1.39741,6.00,1.37
2015.06.17 15:39:05.186,1.39733,1.39741,6.00,1.37
2015.06.17 15:39:06.119,1.39733,1.39741,5.25,1.37
2015.06.17 15:39:06.637,1.39733,1.39741,6.00,1.37
2015.06.17 15:39:06.789,1.39733,1.39738,6.75,1.00
2015.06.17 15:39:06.942,1.39733,1.39736,1.00,1.00
2015.06.17 15:39:06.993,1.39731,1.39736,1.10,1.00
2015.06.17 15:39:07.196,1.39733,1.39736,1.50,1.10
2015.06.17 15:39:07.297,1.3973,1.39735,1.00,1.00
2015.06.17 15:39:07.735,1.39728,1.39736,1.65,2.25
2015.06.17 15:39:09.036,1.39728,1.39736,1.65,2.25
2015.06.17 15:39:11.748,1.3973,1.39736,3.00,1.00
2015.06.17 15:39:12.102,1.39728,1.39735,1.57,1.00
2015.06.17 15:39:12.469,1.39732,1.39738,3.22,1.95
2015.06.17 15:39:12.823,1.39733,1.39736,1.00,1.00
2015.06.17 15:39:13.328,1.39733,1.39737,1.00,1.00
2015.06.17 15:39:13.430,1.39733,1.39735,1.00,1.00
2015.06.17 15:39:13.532,1.39728,1.39733,2.25,1.00
2015.06.17 15:39:13.826,1.39729,1.39736,2.85,1.20
2015.06.17 15:39:13.927,1.39732,1.39737,1.35,1.50
2015.06.17 15:39:13.979,1.39732,1.39738,1.72,1.12
2015.06.17 15:39:14.030,1.39733,1.39739,1.60,1.57
2015.06.17 15:39:14.536,1.39733,1.39739,2.85,1.00
2015.06.17 15:39:16.139,1.39733,1.3974,4.35,1.00
2015.06.17 15:39:16.654,1.39735,1.39741,2.55,1.00
2015.06.17 15:39:17.608,1.39735,1.39744,5.17,1.20
2015.06.17 15:39:17.710,1.39739,1.39745,1.00,1.50
2015.06.17 15:39:17.864,1.39741,1.39749,1.10,1.10
2015.06.17 15:39:17.966,1.39742,1.39749,1.07,1.00
2015.06.17 15:39:18.017,1.39742,1.39751,1.07,1.57
2015.06.17 15:39:18.665,1.39742,1.39751,1.07,2.70
2015.06.17 15:39:18.969,1.39741,1.39747,1.00,1.12
2015.06.17 15:39:19.273,1.39739,1.39746,1.95,1.37
2015.06.17 15:39:19.818,1.39738,1.39746,2.62,1.87
2015.06.17 15:39:20.328,1.39737,1.39745,1.20,1.37
2015.06.17 15:39:22.011,1.39738,1.39746,1.00,1.20
2015.06.17 15:39:22.914,1.39739,1.39744,1.20,1.37
2015.06.17 15:39:23.016,1.39739,1.39745,1.00,1.65
2015.06.17 15:39:23.572,1.39739,1.39746,1.00,1.00
2015.06.17 15:39:23.940,1.3974,1.39747,1.60,2.77
2015.06.17 15:39:24.320,1.39741,1.39748,5.85,1.12
2015.06.17 15:39:26.294,1.39742,1.39748,2.07,1.37
2015.06.17 15:39:26.823,1.39743,1.39749,1.97,1.00
2015.06.17 15:39:27.329,1.39742,1.3975,3.97,1.87
2015.06.17 15:39:28.101,1.39742,1.39749,1.87,1.00
2015.06.17 15:39:28.254,1.39742,1.39745,2.62,1.00
2015.06.17 15:39:28.356,1.39742,1.39745,1.50,1.00
2015.06.17 15:39:28.458,1.39739,1.39744,1.57,1.12
2015.06.17 15:39:28.761,1.39737,1.39747,4.57,1.95
2015.06.17 15:39:29.264,1.39739,1.39747,1.47,1.00
2015.06.17 15:39:29.814,1.39739,1.39747,1.10,1.00
2015.06.17 15:39:30.362,1.39739,1.39747,1.10,1.37
2015.06.17 15:39:30.889,1.39738,1.39746,1.95,1.37
2015.06.17 15:39:31.413,1.39739,1.39748,1.20,1.47
2015.06.17 15:39:32.463,1.39739,1.39748,1.95,1.47
2015.06.17 15:39:33.008,1.39739,1.39747,1.65,1.37
2015.06.17 15:39:35.472,1.39739,1.39747,1.20,1.37
2015.06.17 15:39:35.974,1.39738,1.39746,1.07,1.87
2015.06.17 15:39:36.739,1.39738,1.39746,1.20,1.87
2015.06.17 15:39:41.210,1.39738,1.39744,1.07,1.00
2015.06.17 15:39:41.923,1.39738,1.39743,1.07,1.50
2015.06.17 15:39:41.974,1.39738,1.3974,1.10,1.00
2015.06.17 15:39:42.454,1.39738,1.39741,1.07,1.00
2015.06.17 15:39:42.956,1.39737,1.39741,1.95,1.00
2015.06.17 15:39:44.876,1.39738,1.39741,1.12,1.00
2015.06.17 15:39:45.886,1.39738,1.3974,1.07,1.00
2015.06.17 15:39:45.987,1.39736,1.39739,1.87,1.00
2015.06.17 15:39:46.468,1.39736,1.3974,1.87,1.00
2015.06.17 15:39:46.628,1.39736,1.39742,1.87,1.12
2015.06.17 15:39:48.567,1.39736,1.3974,1.87,1.00
2015.06.17 15:39:48.668,1.39736,1.39742,1.87,1.12
2015.06.17 15:39:49.356,1.39736,1.3974,1.87,1.00
2015.06.17 15:39:49.874,1.39736,1.3974,1.00,1.00
2015.06.17 15:39:50.179,1.39735,1.39738,1.65,1.00
2015.06.17 15:39:50.687,1.39734,1.39737,1.50,1.00
2015.06.17 15:39:52.395,1.39734,1.39739,1.50,1.00
2015.06.17 15:39:52.695,1.39734,1.39737,1.50,1.00
2015.06.17 15:39:52.897,1.39734,1.3974,1.87,1.87
2015.06.17 15:39:52.962,1.39734,1.39738,1.87,1.00
2015.06.17 15:39:53.270,1.39735,1.3974,1.27,1.50
2015.06.17 15:39:53.686,1.39736,1.3974,1.07,1.00
2015.06.17 15:39:54.605,1.39736,1.39741,1.07,1.50
2015.06.17 15:39:55.129,1.39736,1.3974,1.07,1.50
2015.06.17 15:39:57.413,1.39738,1.3974,1.00,1.50
2015.06.17 15:39:57.921,1.39738,1.39741,1.37,1.00
2015.06.17 15:39:58.528,1.39738,1.39742,1.37,1.00
2015.06.17 15:39:59.073,1.39738,1.39741,1.37,1.00
2015.06.17 15:39:59.597,1.39738,1.39742,1.37,1.00
2015.06.17 15:40:00.692,1.39738,1.39745,1.75,2.25
2015.06.17 15:40:00.795,1.39741,1.39745,1.37,2.25
2015.06.17 15:40:00.846,1.39741,1.39747,3.37,1.00
2015.06.17 15:40:01.387,1.39742,1.39747,1.87,1.00
2015.06.17 15:40:01.947,1.39742,1.39748,1.87,1.00
2015.06.17 15:40:06.315,1.39742,1.39747,2.62,1.00
2015.06.17 15:40:06.821,1.39742,1.39746,2.62,1.00
2015.06.17 15:40:08.810,1.39742,1.39745,3.00,1.00
2015.06.17 15:40:09.345,1.39742,1.39746,2.25,1.00
2015.06.17 15:40:10.215,1.39742,1.39746,1.10,1.00
2015.06.17 15:40:10.645,1.39741,1.39748,3.82,1.00
2015.06.17 15:40:11.158,1.39743,1.39747,1.57,1.00
2015.06.17 15:40:11.260,1.39743,1.39747,1.57,1.00
2015.06.17 15:40:11.753,1.39742,1.39746,2.70,1.00
2015.06.17 15:40:12.327,1.39742,1.39747,3.82,1.00
2015.06.17 15:40:13.824,1.39742,1.39746,2.70,1.00
2015.06.17 15:40:14.055,1.39742,1.39748,3.82,1.00
2015.06.17 15:40:14.561,1.39745,1.39749,1.00,1.00
2015.06.17 15:40:14.713,1.39745,1.39749,1.37,1.00
2015.06.17 15:40:15.321,1.39745,1.3975,3.00,1.50
2015.06.17 15:40:15.785,1.39745,1.3975,1.12,1.00
2015.06.17 15:40:16.438,1.39743,1.3975,4.50,1.00
2015.06.17 15:40:16.975,1.39743,1.3975,4.12,1.00
2015.06.17 15:40:17.509,1.39745,1.39751,1.37,1.00
2015.06.17 15:40:18.445,1.39745,1.39752,1.87,1.00
2015.06.17 15:40:20.641,1.39746,1.3975,1.37,1.00
2015.06.17 15:40:20.742,1.39746,1.39752,1.37,1.00
2015.06.17 15:40:20.793,1.39746,1.39751,1.37,1.00
2015.06.17 15:40:20.971,1.39747,1.39753,1.45,1.00
2015.06.17 15:40:21.477,1.39749,1.39754,3.67,1.00
2015.06.17 15:40:21.731,1.39749,1.39752,2.32,1.00
2015.06.17 15:40:22.239,1.39749,1.39752,1.57,1.00
2015.06.17 15:40:22.543,1.39747,1.39749,1.50,1.00
2015.06.17 15:40:22.746,1.39747,1.39751,1.50,1.00
2015.06.17 15:40:22.949,1.39747,1.39749,1.50,1.00
2015.06.17 15:40:23.743,1.39747,1.3975,1.50,1.00
2015.06.17 15:40:25.429,1.39747,1.3975,1.87,1.00
2015.06.17 15:40:25.945,1.39747,1.3975,1.87,1.50
2015.06.17 15:40:26.459,1.39747,1.39749,1.50,1.00
2015.06.17 15:40:26.764,1.39747,1.3975,1.50,1.00
2015.06.17 15:40:27.351,1.39747,1.39751,1.87,1.50
2015.06.17 15:40:27.933,1.39747,1.3975,1.87,1.00
2015.06.17 15:40:28.617,1.39747,1.39751,1.87,1.50
2015.06.17 15:40:29.149,1.39747,1.3975,1.87,1.50
2015.06.17 15:40:29.251,1.39747,1.39749,1.87,1.00
2015.06.17 15:40:29.495,1.39746,1.39748,1.00,1.00
2015.06.17 15:40:29.650,1.39744,1.39747,1.95,2.50
2015.06.17 15:40:29.803,1.39743,1.39746,1.10,1.00
2015.06.17 15:40:29.956,1.39743,1.39748,1.10,1.00
2015.06.17 15:40:30.260,1.39746,1.39747,1.00,1.00
2015.06.17 15:40:30.333,1.39744,1.39747,1.12,1.00
2015.06.17 15:40:30.435,1.39746,1.39747,1.00,1.00
2015.06.17 15:40:30.640,1.39744,1.39747,1.12,1.00
2015.06.17 15:40:30.741,1.39744,1.39747,2.25,1.00
2015.06.17 15:40:31.579,1.39744,1.39747,1.87,1.00
2015.06.17 15:40:31.893,1.39744,1.39746,2.25,1.00
2015.06.17 15:40:32.407,1.39744,1.39747,2.25,1.00
2015.06.17 15:40:32.862,1.39744,1.39746,1.87,1.00
2015.06.17 15:40:33.386,1.39744,1.39747,1.87,1.00
2015.06.17 15:40:33.437,1.39744,1.39747,1.87,1.00
2015.06.17 15:40:33.962,1.39744,1.39747,3.37,1.00
2015.06.17 15:40:34.485,1.39744,1.39748,2.62,1.00
2015.06.17 15:40:34.738,1.39744,1.39746,1.00,1.00
2015.06.17 15:40:35.388,1.39744,1.39748,1.12,1.00
2015.06.17 15:40:35.942,1.39744,1.39747,1.12,1.00
2015.06.17 15:40:36.456,1.39744,1.39748,1.12,1.00
2015.06.17 15:40:37.274,1.39742,1.39746,3.52,1.00
2015.06.17 15:40:37.974,1.39742,1.39747,3.52,1.00
2015.06.17 15:40:38.487,1.39744,1.39748,1.37,1.00
2015.06.17 15:40:38.995,1.39746,1.39748,1.50,1.00
2015.06.17 15:40:39.147,1.39744,1.39748,1.50,1.00
2015.06.17 15:40:39.584,1.39742,1.39747,1.00,3.37
2015.06.17 15:40:39.635,1.39742,1.39744,1.00,1.00
2015.06.17 15:40:39.939,1.3974,1.39742,1.00,1.00
2015.06.17 15:40:40.192,1.3974,1.39743,1.00,1.00
2015.06.17 15:40:40.243,1.39743,1.39744,1.00,1.00
2015.06.17 15:40:40.294,1.39743,1.39745,1.12,1.00
2015.06.17 15:40:40.448,1.39746,1.39748,1.50,1.00
2015.06.17 15:40:40.876,1.39746,1.39748,1.50,1.00
2015.06.17 15:40:41.382,1.39746,1.39747,1.50,1.00
2015.06.17 15:40:41.694,1.39743,1.39747,3.00,1.00
2015.06.17 15:40:42.207,1.39743,1.39746,2.70,1.00
2015.06.17 15:40:44.161,1.39743,1.39746,2.25,1.00
2015.06.17 15:40:44.709,1.39743,1.39746,1.87,1.00
2015.06.17 15:40:45.244,1.39743,1.39746,1.50,1.00
2015.06.17 15:40:45.800,1.39743,1.39745,1.50,1.00
2015.06.17 15:40:46.003,1.3974,1.39744,3.37,1.00
2015.06.17 15:40:46.534,1.39741,1.39744,1.00,1.00
2015.06.17 15:40:47.071,1.3974,1.39744,1.87,1.00
2015.06.17 15:40:47.274,1.3974,1.39743,1.50,1.00
2015.06.17 15:40:49.989,1.39744,1.39747,1.00,1.00
2015.06.17 15:40:50.192,1.39744,1.39749,1.50,1.00
2015.06.17 15:40:50.414,1.39745,1.39747,1.50,1.00
2015.06.17 15:40:50.668,1.39745,1.39749,1.50,1.00
2015.06.17 15:40:51.198,1.39745,1.3975,1.50,1.12
2015.06.17 15:40:51.724,1.39745,1.39751,1.50,1.50
2015.06.17 15:40:52.405,1.39745,1.39749,1.50,1.00
2015.06.17 15:40:52.607,1.39745,1.39751,1.00,1.87
2015.06.17 15:40:53.140,1.39745,1.3975,1.00,1.00
2015.06.17 15:40:53.646,1.39744,1.39749,1.27,1.00
2015.06.17 15:40:54.408,1.39745,1.3975,1.00,1.00
2015.06.17 15:40:54.915,1.39745,1.3975,1.37,1.50
2015.06.17 15:40:55.534,1.39745,1.39751,1.95,1.50
2015.06.17 15:40:56.085,1.39745,1.3975,2.70,1.00
2015.06.17 15:40:56.614,1.39745,1.39751,3.45,1.50
2015.06.17 15:40:57.117,1.39745,1.39752,6.45,1.00
2015.06.17 15:40:57.168,1.39745,1.39752,7.20,1.00
2015.06.17 15:40:57.703,1.39746,1.39752,1.57,1.00
2015.06.17 15:41:01.872,1.39749,1.39752,1.00,1.00
2015.06.17 15:41:02.090,1.3975,1.39756,1.00,2.25
2015.06.17 15:41:02.596,1.3975,1.39756,1.10,1.00
2015.06.17 15:41:03.335,1.3975,1.39757,1.50,1.10
2015.06.17 15:41:03.589,1.39752,1.39756,1.00,1.00
2015.06.17 15:41:04.498,1.39752,1.39757,1.00,1.00
2015.06.17 15:41:05.110,1.39752,1.39755,1.00,1.00
2015.06.17 15:41:05.211,1.39752,1.39758,1.00,2.62
2015.06.17 15:41:05.313,1.39752,1.39755,1.00,1.00
2015.06.17 15:41:05.841,1.39752,1.39757,1.00,1.07
2015.06.17 15:41:07.097,1.39752,1.39755,1.00,1.00
2015.06.17 15:41:07.400,1.39748,1.39753,1.00,1.00
2015.06.17 15:41:07.503,1.39748,1.39755,1.00,1.10
2015.06.17 15:41:08.499,1.39748,1.39754,1.00,1.00
2015.06.17 15:41:11.227,1.39748,1.39753,1.00,1.00
2015.06.17 15:41:11.446,1.39748,1.39755,2.62,1.10
2015.06.17 15:41:11.699,1.39751,1.39758,1.87,1.20
2015.06.17 15:41:12.104,1.3975,1.39753,1.00,1.00
2015.06.17 15:41:12.381,1.39745,1.39749,1.50,1.00
2015.06.17 15:41:12.483,1.39742,1.39749,1.65,1.00
2015.06.17 15:41:14.641,1.39743,1.39749,1.00,1.00
2015.06.17 15:41:15.173,1.39742,1.39749,1.27,1.00
2015.06.17 15:41:17.604,1.39742,1.39749,2.02,1.00
2015.06.17 15:41:18.548,1.39742,1.3975,2.77,1.20
2015.06.17 15:41:19.063,1.39743,1.39751,2.70,1.12
2015.06.17 15:41:20.563,1.39742,1.3975,2.70,1.00
2015.06.17 15:41:21.255,1.39742,1.39749,1.57,1.00
2015.06.17 15:41:21.775,1.39742,1.39749,1.57,1.00
2015.06.17 15:41:24.131,1.39741,1.39749,2.02,1.00
2015.06.17 15:41:26.437,1.39742,1.39749,1.00,1.00
2015.06.17 15:41:28.135,1.39742,1.39749,1.00,1.37
2015.06.17 15:41:28.287,1.3974,1.39747,2.70,1.00
2015.06.17 15:41:28.442,1.39739,1.39745,1.95,1.00
2015.06.17 15:41:28.958,1.39739,1.39745,1.12,1.00
2015.06.17 15:41:30.760,1.39746,1.39749,1.00,5.70
2015.06.17 15:41:30.889,1.39743,1.39748,1.00,2.32
2015.06.17 15:41:30.940,1.39746,1.39749,1.37,2.25
2015.06.17 15:41:31.042,1.39744,1.39751,1.00,2.25
2015.06.17 15:41:31.550,1.39745,1.39751,3.00,1.00
2015.06.17 15:41:32.056,1.39746,1.39751,1.50,1.00
2015.06.17 15:41:32.335,1.39746,1.3975,1.00,1.37
2015.06.17 15:41:32.436,1.39745,1.39749,1.00,1.00
2015.06.17 15:41:32.692,1.39746,1.39752,3.00,1.65
2015.06.17 15:41:33.221,1.39747,1.39754,1.37,3.75
2015.06.17 15:41:33.558,1.39747,1.39754,1.00,3.75
2015.06.17 15:41:34.013,1.39747,1.39749,1.00,1.00
2015.06.17 15:41:34.323,1.39741,1.39747,1.00,2.62
2015.06.17 15:41:34.887,1.3974,1.39746,1.00,1.20
2015.06.17 15:41:35.558,1.39741,1.39747,1.00,1.20
2015.06.17 15:41:36.261,1.3974,1.39747,1.50,1.20
2015.06.17 15:41:36.955,1.39741,1.39746,1.00,1.20
2015.06.17 15:41:37.263,1.39743,1.39747,1.00,4.20
2015.06.17 15:41:37.567,1.39747,1.3975,1.00,1.00
2015.06.17 15:41:37.771,1.39747,1.39752,1.00,1.00
2015.06.17 15:41:38.283,1.39746,1.39752,1.00,1.00
2015.06.17 15:41:39.738,1.39746,1.39752,2.25,1.37
2015.06.17 15:41:40.283,1.39747,1.39752,1.00,1.37
2015.06.17 15:41:41.156,1.39746,1.39752,1.50,1.37
2015.06.17 15:41:42.753,1.39746,1.39752,1.50,1.12
2015.06.17 15:41:43.008,1.39746,1.39752,1.00,1.37
2015.06.17 15:41:43.530,1.39746,1.39754,1.00,3.37
2015.06.17 15:41:44.069,1.39747,1.39754,1.00,3.37
2015.06.17 15:41:44.591,1.39747,1.39754,1.00,3.37
2015.06.17 15:41:45.519,1.39748,1.39754,1.00,2.62
2015.06.17 15:41:46.173,1.39749,1.39754,1.00,1.57
2015.06.17 15:41:46.741,1.39749,1.39753,1.00,1.37
2015.06.17 15:41:47.823,1.39749,1.39754,1.00,1.57
2015.06.17 15:41:48.351,1.39748,1.39752,1.00,1.00
2015.06.17 15:41:49.381,1.39747,1.39752,3.00,1.00
2015.06.17 15:41:50.830,1.39748,1.39752,1.00,1.50
2015.06.17 15:41:51.392,1.39747,1.39752,1.00,1.87
2015.06.17 15:41:52.024,1.39748,1.39752,1.00,1.50
2015.06.17 15:41:54.232,1.39748,1.39751,1.00,1.00
2015.06.17 15:41:54.287,1.39746,1.39751,1.50,1.00
2015.06.17 15:41:54.935,1.39747,1.39751,1.00,1.00
2015.06.17 15:41:55.625,1.39746,1.39751,1.00,1.00
2015.06.17 15:41:56.768,1.39746,1.3975,1.50,1.00
2015.06.17 15:41:57.540,1.39746,1.39751,1.50,1.20
2015.06.17 15:42:00.694,1.39747,1.39752,1.00,2.25
2015.06.17 15:42:01.111,1.39747,1.39753,1.00,1.20
2015.06.17 15:42:01.819,1.39748,1.39754,1.00,1.45
2015.06.17 15:42:02.288,1.3975,1.39754,1.00,1.07
2015.06.17 15:42:02.390,1.3975,1.39755,1.87,1.20
2015.06.17 15:42:02.492,1.3975,1.39758,3.37,2.02
2015.06.17 15:42:02.777,1.39753,1.39758,1.00,1.95
2015.06.17 15:42:03.285,1.39752,1.39759,1.50,1.57
2015.06.17 15:42:04.821,1.39752,1.39757,1.00,1.00
2015.06.17 15:42:05.345,1.39749,1.39755,3.00,1.00
2015.06.17 15:42:05.864,1.39749,1.39754,1.00,1.00
2015.06.17 15:42:06.383,1.39749,1.39755,1.00,1.95
2015.06.17 15:42:07.004,1.39749,1.39754,1.00,1.00
2015.06.17 15:42:07.511,1.3975,1.39754,1.00,1.12
2015.06.17 15:42:07.612,1.39748,1.39754,1.50,1.12
2015.06.17 15:42:08.179,1.39749,1.39754,1.00,1.12
2015.06.17 15:42:09.113,1.39749,1.39752,1.00,1.00
2015.06.17 15:42:09.215,1.39748,1.39751,1.00,1.00
2015.06.17 15:42:09.519,1.39746,1.39748,1.00,1.00
2015.06.17 15:42:10.053,1.39745,1.39749,1.12,1.00
2015.06.17 15:42:10.407,1.39744,1.39747,1.12,1.37
2015.06.17 15:42:10.509,1.39743,1.39749,1.50,1.10
2015.06.17 15:42:10.947,1.39743,1.39748,1.00,1.57
2015.06.17 15:42:11.468,1.39741,1.39746,1.00,1.00
2015.06.17 15:42:11.773,1.3974,1.39744,1.00,1.00
2015.06.17 15:42:12.348,1.39739,1.39743,1.00,1.12
2015.06.17 15:42:12.853,1.39738,1.39743,1.00,1.00
2015.06.17 15:42:13.773,1.39739,1.39743,1.00,1.12
2015.06.17 15:42:14.803,1.39739,1.39743,1.00,1.87
2015.06.17 15:42:14.954,1.39736,1.39741,2.70,1.00
2015.06.17 15:42:15.006,1.39736,1.39738,2.32,1.12
2015.06.17 15:42:15.208,1.39734,1.39737,1.50,1.00
2015.06.17 15:42:15.356,1.39732,1.39737,1.00,1.50
2015.06.17 15:42:15.711,1.39732,1.39735,1.00,1.00
2015.06.17 15:42:15.913,1.39731,1.39738,2.25,1.10
2015.06.17 15:42:16.167,1.39733,1.39739,1.00,1.00
2015.06.17 15:42:17.223,1.39733,1.39739,1.00,1.87
2015.06.17 15:42:17.774,1.39732,1.39739,2.40,1.87
2015.06.17 15:42:18.378,1.39733,1.3974,1.00,2.62
2015.06.17 15:42:19.751,1.39734,1.39739,1.00,1.12
2015.06.17 15:42:20.266,1.39735,1.39739,1.50,1.12
2015.06.17 15:42:21.223,1.39735,1.3974,1.00,1.50
2015.06.17 15:42:21.527,1.39735,1.39739,1.00,1.37
2015.06.17 15:42:21.830,1.39733,1.39738,1.00,1.00
2015.06.17 15:42:22.338,1.39732,1.39738,1.50,1.00
2015.06.17 15:42:22.855,1.39732,1.39737,1.87,1.00
2015.06.17 15:42:23.852,1.39731,1.39737,1.65,1.00
2015.06.17 15:42:24.183,1.39733,1.39736,1.00,1.00
2015.06.17 15:42:24.335,1.39733,1.39738,1.00,1.12
2015.06.17 15:42:25.088,1.39733,1.39738,1.00,1.37
2015.06.17 15:42:25.608,1.39733,1.39738,1.00,1.12
2015.06.17 15:42:25.937,1.39732,1.39736,1.00,1.00
2015.06.17 15:42:26.460,1.39732,1.39735,1.00,1.00
2015.06.17 15:42:27.092,1.39732,1.39736,1.00,1.50
2015.06.17 15:42:27.598,1.39732,1.39735,1.00,1.00
2015.06.17 15:42:28.178,1.39731,1.39735,2.02,2.62
2015.06.17 15:42:28.280,1.39731,1.39732,1.27,1.50
2015.06.17 15:42:28.508,1.39729,1.39733,1.00,1.00
2015.06.17 15:42:29.019,1.3973,1.39734,1.12,1.00
2015.06.17 15:42:29.543,1.3973,1.39735,1.12,1.50
2015.06.17 15:42:30.150,1.39731,1.39735,1.00,1.00
2015.06.17 15:42:30.697,1.39731,1.39734,1.12,1.00
2015.06.17 15:42:31.231,1.39731,1.39735,1.12,1.00
2015.06.17 15:42:32.944,1.39731,1.39736,1.12,1.00
2015.06.17 15:42:34.354,1.39731,1.39737,1.87,1.00
2015.06.17 15:42:36.107,1.39735,1.39737,1.00,1.00
2015.06.17 15:42:36.456,1.39732,1.39737,1.00,1.12
2015.06.17 15:42:37.959,1.39732,1.39738,1.00,1.00
2015.06.17 15:42:38.060,1.39732,1.39739,2.25,1.20
2015.06.17 15:42:38.162,1.39734,1.39741,1.37,1.20
2015.06.17 15:42:40.258,1.39735,1.39742,1.87,1.00
2015.06.17 15:42:40.716,1.39737,1.39742,1.00,1.00
2015.06.17 15:42:41.020,1.39742,1.39744,1.00,1.57
2015.06.17 15:42:41.072,1.39741,1.39744,1.12,1.57
2015.06.17 15:42:41.123,1.39741,1.39747,1.12,1.20
2015.06.17 15:42:41.174,1.39741,1.39748,2.62,1.50
2015.06.17 15:42:41.225,1.39744,1.39749,1.00,1.00
2015.06.17 15:42:42.174,1.39742,1.39749,1.57,1.00
2015.06.17 15:42:43.574,1.39742,1.39747,1.57,1.37
2015.06.17 15:42:43.777,1.3974,1.39746,2.32,1.37
2015.06.17 15:42:43.979,1.39738,1.39745,3.37,1.12
2015.06.17 15:42:44.521,1.39738,1.39745,3.37,1.37
2015.06.17 15:42:45.042,1.39738,1.39745,3.00,1.12
2015.06.17 15:42:46.176,1.3974,1.39745,1.00,1.87
2015.06.17 15:42:46.880,1.3974,1.39744,1.00,1.00
2015.06.17 15:42:47.582,1.3974,1.39745,1.50,1.00
2015.06.17 15:42:47.684,1.39743,1.39745,1.00,1.00
2015.06.17 15:42:47.865,1.39744,1.3975,1.00,1.20
2015.06.17 15:42:47.916,1.39747,1.3975,1.50,1.00
2015.06.17 15:42:47.967,1.39747,1.39753,1.50,1.00
2015.06.17 15:42:48.018,1.39751,1.39753,1.00,1.00
2015.06.17 15:42:48.272,1.39747,1.39754,1.57,2.85
2015.06.17 15:42:49.268,1.39747,1.39755,1.57,1.05
2015.06.17 15:42:49.796,1.39747,1.39754,1.95,1.00
2015.06.17 15:42:50.243,1.39749,1.39755,1.00,1.42
2015.06.17 15:42:50.648,1.39747,1.39755,2.62,3.60
2015.06.17 15:42:50.953,1.39746,1.39751,1.45,1.00
2015.06.17 15:42:51.211,1.39744,1.3975,1.10,1.10
2015.06.17 15:42:51.753,1.39744,1.39749,1.00,1.00
2015.06.17 15:42:52.206,1.39746,1.39751,1.85,1.00
2015.06.17 15:42:52.307,1.39749,1.39755,1.00,1.50
2015.06.17 15:42:52.740,1.39749,1.39758,3.45,1.00
2015.06.17 15:42:53.245,1.39749,1.39757,1.95,1.50
2015.06.17 15:42:53.794,1.39747,1.39757,1.95,1.57
2015.06.17 15:42:54.654,1.39748,1.39755,1.47,1.00
2015.06.17 15:42:55.156,1.39748,1.39755,1.10,1.12
2015.06.17 15:42:56.470,1.39749,1.39755,1.00,1.12
2015.06.17 15:42:56.844,1.39747,1.39755,1.57,1.10
2015.06.17 15:42:57.392,1.39747,1.39755,4.57,1.20
2015.06.17 15:42:57.797,1.39751,1.39758,1.12,3.00
2015.06.17 15:42:58.510,1.39751,1.39758,1.50,2.25
2015.06.17 15:42:59.029,1.39751,1.39758,1.12,2.25
2015.06.17 15:42:59.448,1.39748,1.39755,2.77,1.00
2015.06.17 15:42:59.981,1.3975,1.39755,1.00,1.50
2015.06.17 15:43:00.533,1.39749,1.39755,1.20,1.50
2015.06.17 15:43:02.174,1.39748,1.39755,1.50,2.62
2015.06.17 15:43:02.629,1.39751,1.39756,1.00,2.32
2015.06.17 15:43:02.731,1.39751,1.39758,1.12,1.50
2015.06.17 15:43:02.782,1.39752,1.39758,1.07,1.50
2015.06.17 15:43:03.251,1.39751,1.39756,1.87,1.00
2015.06.17 15:43:03.798,1.39749,1.39756,1.07,1.00
2015.06.17 15:43:08.428,1.3975,1.39756,1.47,1.00
2015.06.17 15:43:08.530,1.39751,1.39758,2.62,1.50
2015.06.17 15:43:09.045,1.39753,1.39758,1.10,1.50
2015.06.17 15:43:09.565,1.39753,1.39758,1.47,1.00
2015.06.17 15:43:09.616,1.39753,1.39761,2.70,1.57
2015.06.17 15:43:10.322,1.39755,1.39761,1.00,2.25
2015.06.17 15:43:14.218,1.39753,1.39761,3.37,1.50
2015.06.17 15:43:16.381,1.39753,1.39761,3.00,1.50
2015.06.17 15:43:17.847,1.39753,1.39761,3.00,1.50
2015.06.17 15:43:19.081,1.39753,1.39761,2.62,1.50
2015.06.17 15:43:24.050,1.39753,1.39761,2.62,1.87
2015.06.17 15:43:24.151,1.39753,1.39759,1.50,1.37
2015.06.17 15:43:24.254,1.3975,1.39756,2.32,1.12
2015.06.17 15:43:25.333,1.3975,1.39757,1.12,3.37
2015.06.17 15:43:27.452,1.3975,1.39759,1.50,3.07
2015.06.17 15:43:27.556,1.39752,1.39759,3.15,1.00
2015.06.17 15:43:27.607,1.39752,1.39761,2.40,2.25
2015.06.17 15:43:28.132,1.39753,1.3976,1.37,1.00
2015.06.17 15:43:28.637,1.39752,1.3976,1.65,1.00
2015.06.17 15:43:28.841,1.39751,1.39758,2.25,1.00
2015.06.17 15:43:29.347,1.39751,1.3976,1.57,3.82
2015.06.17 15:43:29.602,1.39752,1.39762,2.70,3.07
2015.06.17 15:43:32.147,1.39752,1.39761,2.32,1.00
2015.06.17 15:43:32.305,1.39752,1.39761,2.70,1.37
2015.06.17 15:43:32.827,1.39753,1.3976,1.00,1.10
2015.06.17 15:43:33.452,1.39753,1.39761,1.00,3.75
2015.06.17 15:43:34.001,1.39753,1.3976,1.00,1.50
2015.06.17 15:43:35.221,1.39753,1.39759,1.00,1.00
2015.06.17 15:43:35.646,1.39753,1.39757,1.00,1.00
2015.06.17 15:43:36.159,1.39751,1.39758,3.75,1.00
2015.06.17 15:43:38.030,1.39751,1.39757,3.75,1.00
2015.06.17 15:43:38.577,1.39751,1.39756,1.20,1.00
2015.06.17 15:43:40.391,1.3975,1.39756,2.02,1.00
2015.06.17 15:43:41.309,1.3975,1.39756,1.27,1.37
2015.06.17 15:43:41.613,1.39747,1.39753,4.95,1.00
2015.06.17 15:43:42.128,1.39747,1.39754,4.57,1.12
2015.06.17 15:43:42.341,1.39747,1.39753,2.70,1.00
2015.06.17 15:43:44.396,1.39747,1.39752,1.20,1.00
2015.06.17 15:43:44.930,1.39745,1.39753,6.00,1.12
2015.06.17 15:43:45.457,1.39745,1.39753,6.00,1.12
2015.06.17 15:43:46.590,1.39747,1.39753,1.00,1.00
2015.06.17 15:43:46.692,1.39749,1.39753,1.07,1.00
2015.06.17 15:43:47.279,1.39749,1.39752,1.07,1.00
2015.06.17 15:43:47.431,1.39747,1.39752,1.50,1.00
2015.06.17 15:43:47.961,1.39747,1.39753,1.50,2.85
2015.06.17 15:43:48.571,1.39747,1.39751,1.50,1.00
2015.06.17 15:43:48.673,1.39745,1.3975,1.65,1.00
2015.06.17 15:43:49.071,1.39747,1.39752,1.00,1.00
2015.06.17 15:43:49.376,1.39753,1.39758,1.00,1.57
2015.06.17 15:43:49.907,1.39751,1.39758,3.07,1.50
2015.06.17 15:43:50.413,1.39751,1.39757,2.70,1.00
2015.06.17 15:43:50.716,1.3975,1.39757,1.65,1.00
2015.06.17 15:43:50.767,1.3975,1.39755,1.65,1.00
2015.06.17 15:43:51.107,1.39748,1.39752,1.50,1.00
2015.06.17 15:43:51.209,1.39747,1.39752,1.12,1.00
2015.06.17 15:43:51.464,1.39745,1.3975,2.40,1.00
2015.06.17 15:43:52.856,1.39744,1.39747,1.50,1.00
2015.06.17 15:43:52.958,1.39741,1.39746,1.10,1.00
2015.06.17 15:43:54.292,1.39741,1.39745,1.10,1.00
2015.06.17 15:43:54.921,1.3974,1.39745,1.57,1.50
2015.06.17 15:43:55.450,1.39741,1.39744,1.00,1.00
2015.06.17 15:43:55.703,1.39737,1.39745,3.00,1.50
2015.06.17 15:43:56.775,1.39737,1.39746,3.00,3.00
2015.06.17 15:43:57.324,1.39737,1.39745,1.57,1.12
2015.06.17 15:43:57.375,1.39737,1.39742,1.57,1.00
2015.06.17 15:43:57.699,1.39738,1.3974,1.00,1.00
2015.06.17 15:43:57.751,1.39736,1.3974,1.20,1.00
2015.06.17 15:43:58.517,1.39734,1.3974,2.25,1.00
2015.06.17 15:43:58.568,1.39734,1.39738,1.00,1.00
2015.06.17 15:43:58.670,1.39732,1.39738,1.20,1.00
2015.06.17 15:43:59.090,1.39732,1.3974,1.95,1.10
2015.06.17 15:43:59.597,1.39733,1.39741,3.00,1.50
2015.06.17 15:44:00.099,1.39733,1.3974,2.25,1.00
2015.06.17 15:44:00.615,1.39733,1.39741,2.62,1.50
2015.06.17 15:44:00.768,1.39735,1.39741,1.00,1.50
2015.06.17 15:44:01.072,1.39739,1.39745,5.62,1.00
2015.06.17 15:44:01.577,1.39739,1.39746,1.50,1.00
2015.06.17 15:44:01.881,1.39736,1.39739,1.00,1.00
2015.06.17 15:44:01.983,1.39733,1.3974,1.10,1.00
2015.06.17 15:44:02.085,1.39732,1.39736,1.00,1.00
2015.06.17 15:44:02.186,1.3973,1.39736,2.40,1.00
2015.06.17 15:44:02.288,1.3973,1.39734,3.15,1.00
2015.06.17 15:44:02.541,1.3973,1.39736,1.65,1.50
2015.06.17 15:44:03.078,1.3973,1.39738,2.02,1.20
2015.06.17 15:44:03.583,1.39734,1.39738,1.00,1.20
2015.06.17 15:44:03.735,1.39735,1.39741,3.00,1.00
2015.06.17 15:44:04.101,1.39735,1.39743,3.07,1.10
2015.06.17 15:44:04.407,1.39738,1.39744,1.42,1.00
2015.06.17 15:44:04.712,1.39737,1.39742,2.25,1.00
2015.06.17 15:44:04.814,1.39735,1.39744,1.57,1.42
2015.06.17 15:44:04.993,1.39733,1.39742,2.62,1.20
2015.06.17 15:44:05.520,1.39734,1.39742,2.02,1.20
2015.06.17 15:44:06.027,1.39733,1.39743,3.00,2.85
2015.06.17 15:44:07.084,1.39733,1.39743,3.00,2.85
2015.06.17 15:44:08.214,1.39734,1.39743,1.87,1.20
2015.06.17 15:44:09.429,1.39735,1.39743,3.52,1.20
2015.06.17 15:44:09.632,1.3974,1.39749,1.12,4.72
2015.06.17 15:44:09.735,1.39741,1.39748,1.07,2.10
2015.06.17 15:44:11.053,1.39741,1.39748,1.20,2.10
2015.06.17 15:44:11.636,1.39741,1.39747,1.07,2.10
2015.06.17 15:44:11.956,1.39738,1.39747,3.75,3.00
2015.06.17 15:44:12.209,1.39736,1.39746,3.07,2.92
2015.06.17 15:44:12.752,1.39736,1.39746,3.07,4.42
2015.06.17 15:44:13.260,1.39736,1.39745,1.65,2.85
2015.06.17 15:44:14.614,1.39736,1.39745,1.95,2.10
2015.06.17 15:44:15.019,1.39735,1.3974,2.25,1.00
2015.06.17 15:44:15.171,1.39733,1.39739,1.12,1.00
2015.06.17 15:44:15.678,1.39732,1.3974,1.20,1.20
2015.06.17 15:44:16.032,1.39733,1.39739,1.50,1.00
2015.06.17 15:44:16.133,1.39732,1.39738,2.02,1.00
2015.06.17 15:44:19.726,1.3973,1.39737,3.00,1.00
2015.06.17 15:44:20.340,1.3973,1.39736,3.00,1.00
2015.06.17 15:44:23.151,1.3973,1.39737,2.25,1.00
2015.06.17 15:44:23.688,1.3973,1.39737,2.62,1.00
2015.06.17 15:44:24.527,1.3973,1.39735,2.62,1.00
2015.06.17 15:44:25.042,1.3973,1.39736,2.62,1.00
2015.06.17 15:44:25.592,1.39729,1.39736,1.47,1.37
2015.06.17 15:44:26.468,1.39728,1.39736,2.32,2.62
2015.06.17 15:44:27.175,1.39728,1.39735,1.20,1.00
2015.06.17 15:44:27.554,1.39727,1.39732,1.07,1.00
2015.06.17 15:44:27.706,1.39724,1.39732,2.25,1.50
2015.06.17 15:44:28.076,1.39724,1.39729,2.62,1.00
2015.06.17 15:44:28.600,1.39724,1.39731,1.12,1.10
2015.06.17 15:44:29.215,1.39722,1.3973,1.45,1.00
2015.06.17 15:44:29.743,1.39723,1.39729,1.50,1.00
2015.06.17 15:44:30.250,1.39723,1.39731,1.65,1.50
2015.06.17 15:44:30.793,1.39723,1.39731,1.95,1.00
2015.06.17 15:44:30.896,1.39724,1.39733,1.82,2.17
2015.06.17 15:44:33.245,1.39724,1.39732,2.32,1.50
2015.06.17 15:44:33.346,1.39724,1.3973,1.45,1.00
2015.06.17 15:44:33.620,1.39719,1.39727,2.02,1.00
2015.06.17 15:44:33.725,1.39718,1.39723,2.62,1.00
2015.06.17 15:44:33.928,1.39708,1.3971,1.50,2.25
2015.06.17 15:44:33.980,1.39705,1.39708,1.00,1.00
2015.06.17 15:44:34.081,1.39702,1.39708,1.87,1.00
2015.06.17 15:44:34.570,1.39702,1.39705,1.12,1.00
2015.06.17 15:44:35.176,1.397,1.39708,1.87,1.00
2015.06.17 15:44:36.081,1.39703,1.39709,1.00,1.00
2015.06.17 15:44:36.960,1.39702,1.39709,1.20,1.00
2015.06.17 15:44:38.262,1.39702,1.3971,1.20,2.40
2015.06.17 15:44:38.803,1.39701,1.39708,1.87,1.00
2015.06.17 15:44:39.364,1.39701,1.39709,2.62,1.00
2015.06.17 15:44:39.674,1.39701,1.39706,1.87,1.00
2015.06.17 15:44:39.978,1.397,1.39704,4.20,1.00
2015.06.17 15:44:40.130,1.39701,1.39708,1.37,1.50
2015.06.17 15:44:40.232,1.39701,1.3971,1.87,2.25
2015.06.17 15:44:40.780,1.39704,1.39711,1.20,1.00
2015.06.17 15:44:41.559,1.39703,1.39709,1.87,1.00
2015.06.17 15:44:42.065,1.39703,1.3971,2.62,1.00
2015.06.17 15:44:42.677,1.39703,1.39709,1.87,1.00
2015.06.17 15:44:43.201,1.39703,1.39708,1.50,1.00
2015.06.17 15:44:43.769,1.39702,1.39708,3.37,1.00
2015.06.17 15:44:44.072,1.39701,1.39702,1.87,1.00
2015.06.17 15:44:44.535,1.39698,1.397,3.00,1.00
2015.06.17 15:44:45.296,1.39698,1.39702,2.25,1.00
2015.06.17 15:44:45.539,1.39698,1.39704,2.25,1.00
2015.06.17 15:44:45.691,1.39698,1.39706,3.75,1.00
2015.06.17 15:44:46.298,1.39698,1.39703,6.00,1.00
2015.06.17 15:44:46.400,1.39698,1.39705,5.25,1.00
2015.06.17 15:44:46.714,1.39699,1.39703,1.57,1.00
2015.06.17 15:44:46.764,1.39699,1.39702,1.20,1.00
2015.06.17 15:44:47.270,1.39698,1.39703,1.50,1.00
2015.06.17 15:44:47.625,1.39698,1.39706,1.57,3.37
2015.06.17 15:44:47.962,1.39697,1.39703,2.70,1.00
2015.06.17 15:44:49.340,1.39697,1.39702,2.70,1.00
2015.06.17 15:44:49.859,1.39696,1.39702,3.07,1.00
2015.06.17 15:44:50.760,1.39696,1.39701,1.07,1.00
2015.06.17 15:44:50.811,1.39692,1.39701,2.25,1.00
2015.06.17 15:44:50.989,1.39692,1.39697,1.07,1.00
2015.06.17 15:44:51.141,1.3969,1.39698,1.07,2.25
2015.06.17 15:44:51.242,1.3969,1.39696,1.07,1.00
2015.06.17 15:44:51.764,1.3969,1.39698,2.32,2.25
2015.06.17 15:44:52.268,1.39689,1.39698,1.50,2.25
2015.06.17 15:44:52.641,1.39689,1.39695,2.25,1.00
2015.06.17 15:44:53.100,1.39689,1.39697,1.50,1.00
2015.06.17 15:44:53.353,1.39694,1.39698,1.00,2.62
2015.06.17 15:44:53.960,1.39696,1.39698,1.00,2.62
2015.06.17 15:44:54.268,1.39696,1.39698,1.00,1.50
2015.06.17 15:44:54.792,1.39698,1.39699,1.50,1.00
2015.06.17 15:44:55.224,1.39699,1.39702,1.00,1.95
2015.06.17 15:44:55.430,1.397,1.39703,1.00,3.37
2015.06.17 15:44:55.796,1.39701,1.39704,1.00,2.02
2015.06.17 15:44:55.898,1.39705,1.39708,1.50,3.37
2015.06.17 15:44:55.950,1.39707,1.39708,1.00,1.12
2015.06.17 15:44:56.001,1.39705,1.39709,1.00,1.47
2015.06.17 15:44:56.052,1.39707,1.3971,1.00,1.07
2015.06.17 15:44:56.153,1.39711,1.39714,1.00,1.12
2015.06.17 15:44:56.680,1.3971,1.39712,1.00,1.00
2015.06.17 15:44:57.475,1.39711,1.39713,1.00,1.00
2015.06.17 15:44:57.963,1.39709,1.39712,1.00,1.00
2015.06.17 15:44:59.200,1.39708,1.39714,1.00,3.67
2015.06.17 15:44:59.301,1.3971,1.39714,1.00,4.35
2015.06.17 15:44:59.757,1.3971,1.39714,1.00,1.12
2015.06.17 15:44:59.809,1.39708,1.39714,1.00,1.12
2015.06.17 15:45:00.403,1.3971,1.39714,1.00,1.12
2015.06.17 15:45:00.869,1.39712,1.39715,1.00,1.50
2015.06.17 15:45:01.170,1.39713,1.39717,1.00,3.22
2015.06.17 15:45:01.221,1.39715,1.39718,1.00,1.00
2015.06.17 15:45:01.724,1.39714,1.39719,1.50,2.92
2015.06.17 15:45:02.081,1.39716,1.39719,1.00,3.30
2015.06.17 15:45:02.270,1.39714,1.39719,1.50,1.00
2015.06.17 15:45:02.780,1.39715,1.39719,1.00,1.50
2015.06.17 15:45:03.291,1.39714,1.39719,1.50,1.12
2015.06.17 15:45:03.810,1.39715,1.3972,1.00,1.75
2015.06.17 15:45:04.151,1.39714,1.3972,1.50,1.50
2015.06.17 15:45:04.305,1.39715,1.39719,1.00,1.37
2015.06.17 15:45:05.111,1.39714,1.39719,1.00,1.00
2015.06.17 15:45:05.658,1.39714,1.3972,1.20,1.12
2015.06.17 15:45:06.196,1.39713,1.3972,1.50,1.37
2015.06.17 15:45:06.731,1.39713,1.39719,1.50,1.37
2015.06.17 15:45:06.985,1.39711,1.39719,2.32,1.87
2015.06.17 15:45:07.187,1.39714,1.39719,1.00,2.25
2015.06.17 15:45:07.289,1.39712,1.39719,1.10,1.87
2015.06.17 15:45:07.803,1.39712,1.39719,1.10,2.25
2015.06.17 15:45:08.407,1.39715,1.39719,1.00,1.87
2015.06.17 15:45:08.509,1.39715,1.39721,1.00,2.32
2015.06.17 15:45:09.058,1.39715,1.39721,1.00,2.25
2015.06.17 15:45:09.567,1.39716,1.39721,1.00,1.87
2015.06.17 15:45:09.769,1.39717,1.39722,1.00,1.12
2015.06.17 15:45:11.859,1.39717,1.39723,1.00,1.87
2015.06.17 15:45:12.391,1.39717,1.39723,1.00,1.87
2015.06.17 15:45:15.802,1.39718,1.39723,1.00,3.52
2015.06.17 15:45:16.308,1.39718,1.39723,1.00,2.25
2015.06.17 15:45:16.611,1.3972,1.39725,2.25,3.37
2015.06.17 15:45:16.838,1.39718,1.39724,1.00,1.50
2015.06.17 15:45:17.192,1.39718,1.39724,1.00,1.50
2015.06.17 15:45:18.301,1.39718,1.39724,1.00,1.57
2015.06.17 15:45:18.990,1.39719,1.39724,1.00,1.20
2015.06.17 15:45:19.497,1.39719,1.39725,1.00,1.50
2015.06.17 15:45:20.044,1.39719,1.39725,1.00,1.50
2015.06.17 15:45:20.796,1.39719,1.39725,1.00,1.50
2015.06.17 15:45:21.299,1.39719,1.39725,1.00,1.65
2015.06.17 15:45:21.914,1.39719,1.39725,1.00,1.65
2015.06.17 15:45:22.451,1.39719,1.39725,1.00,1.65
2015.06.17 15:45:23.134,1.39717,1.39722,1.00,1.37
2015.06.17 15:45:23.643,1.39717,1.39722,1.00,1.37
2015.06.17 15:45:24.825,1.39717,1.39722,1.00,1.57
2015.06.17 15:45:25.368,1.39717,1.39722,1.00,1.95
2015.06.17 15:45:29.396,1.39715,1.39722,1.50,1.95
2015.06.17 15:45:29.548,1.39715,1.39722,1.00,3.45
2015.06.17 15:45:30.037,1.39717,1.3972,1.00,1.50
2015.06.17 15:45:30.341,1.3972,1.39724,1.00,3.75
2015.06.17 15:45:30.442,1.3972,1.39724,1.00,2.77
2015.06.17 15:45:30.957,1.3972,1.39723,1.00,1.12
2015.06.17 15:45:31.111,1.39721,1.39723,1.00,1.00
2015.06.17 15:45:31.213,1.39722,1.39725,1.00,1.00
2015.06.17 15:45:31.547,1.39722,1.39725,1.00,1.37
2015.06.17 15:45:32.054,1.39721,1.39725,1.00,1.37
2015.06.17 15:45:32.886,1.39721,1.39724,1.00,1.37
2015.06.17 15:45:34.332,1.39721,1.39724,1.00,1.37
2015.06.17 15:45:34.434,1.39722,1.39725,1.00,1.87
2015.06.17 15:45:35.216,1.39721,1.39724,1.00,1.12
2015.06.17 15:45:36.265,1.39721,1.39724,1.00,1.37
2015.06.17 15:45:36.943,1.39721,1.39723,1.00,1.12
2015.06.17 15:45:37.853,1.39722,1.39724,1.00,1.87
2015.06.17 15:45:38.377,1.39722,1.39724,1.00,1.00
2015.06.17 15:45:38.429,1.39719,1.39721,1.00,1.50
2015.06.17 15:45:38.531,1.39714,1.39716,2.92,2.25
2015.06.17 15:45:38.582,1.39714,1.39715,1.00,1.00
2015.06.17 15:45:38.634,1.39713,1.39715,1.00,2.25
2015.06.17 15:45:38.685,1.39709,1.39713,1.00,1.00
2015.06.17 15:45:38.739,1.39712,1.39715,1.00,1.50
2015.06.17 15:45:39.173,1.39713,1.39715,1.00,1.12
2015.06.17 15:45:39.679,1.39713,1.39714,1.00,1.00
2015.06.17 15:45:40.100,1.39713,1.39716,1.37,1.00
2015.06.17 15:45:40.642,1.39713,1.39717,1.37,1.00
2015.06.17 15:45:41.158,1.39713,1.39717,1.00,1.00
2015.06.17 15:45:41.705,1.39714,1.39718,1.00,1.12
2015.06.17 15:45:44.374,1.39715,1.39718,1.50,1.12
2015.06.17 15:45:44.526,1.39711,1.39718,1.87,1.12
2015.06.17 15:45:45.193,1.39711,1.39718,1.87,1.37
2015.06.17 15:45:45.497,1.39711,1.39715,1.87,1.00
2015.06.17 15:45:46.000,1.39708,1.39716,1.87,2.62
2015.06.17 15:45:46.051,1.39709,1.39716,1.20,1.87
2015.06.17 15:45:46.254,1.3971,1.39716,1.50,1.00
2015.06.17 15:45:46.782,1.3971,1.39717,1.50,1.00
2015.06.17 15:45:47.285,1.3971,1.39717,1.50,1.37
2015.06.17 15:45:47.488,1.39708,1.39716,1.50,1.50
2015.06.17 15:45:47.992,1.39709,1.39717,1.20,1.12
2015.06.17 15:45:48.497,1.39709,1.39718,1.20,1.65
2015.06.17 15:45:48.832,1.39709,1.39718,1.20,3.15
2015.06.17 15:45:49.136,1.39708,1.39712,1.50,1.00
2015.06.17 15:45:49.560,1.39705,1.39713,3.82,1.00
2015.06.17 15:45:51.309,1.39705,1.39715,4.57,3.45
2015.06.17 15:45:51.718,1.39708,1.39715,1.85,1.50
2015.06.17 15:45:51.893,1.39711,1.3972,1.50,2.77
2015.06.17 15:45:51.995,1.39711,1.3972,1.50,2.02
2015.06.17 15:45:52.046,1.39711,1.3972,1.50,2.77
2015.06.17 15:45:52.563,1.3971,1.39718,1.27,1.12
2015.06.17 15:45:53.018,1.39709,1.39718,1.87,1.37
2015.06.17 15:45:53.821,1.39709,1.39716,1.50,1.37
2015.06.17 15:45:54.227,1.39709,1.39714,1.87,1.37
2015.06.17 15:45:54.429,1.39707,1.39714,1.50,1.37
2015.06.17 15:45:55.054,1.39707,1.39714,1.50,1.12
2015.06.17 15:45:55.557,1.39707,1.39713,1.50,1.00
2015.06.17 15:45:55.859,1.39706,1.3971,1.20,1.00
2015.06.17 15:45:56.092,1.39704,1.39714,5.32,1.50
2015.06.17 15:45:57.984,1.39706,1.39716,2.40,1.87
2015.06.17 15:45:58.508,1.39706,1.39716,1.57,1.87
2015.06.17 15:45:59.059,1.39706,1.39716,2.02,1.87
2015.06.17 15:45:59.261,1.39706,1.39713,1.57,1.00
2015.06.17 15:45:59.766,1.39705,1.39712,1.57,1.12
2015.06.17 15:46:00.603,1.39704,1.39712,1.85,1.00
2015.06.17 15:46:01.125,1.39704,1.39711,1.85,1.00
2015.06.17 15:46:01.297,1.39704,1.39713,1.85,1.00
2015.06.17 15:46:01.398,1.39704,1.39713,1.85,1.37
2015.06.17 15:46:01.691,1.39704,1.39713,1.85,1.12
2015.06.17 15:46:02.202,1.39704,1.39713,1.85,1.37
2015.06.17 15:46:03.559,1.39704,1.39713,1.95,1.37
2015.06.17 15:46:04.790,1.39704,1.39713,2.32,1.12
2015.06.17 15:46:05.294,1.39704,1.39713,1.85,1.37
2015.06.17 15:46:08.405,1.39704,1.39712,2.70,1.87
2015.06.17 15:46:09.008,1.39704,1.39709,2.62,1.00
2015.06.17 15:46:09.518,1.39706,1.39709,1.00,1.00
2015.06.17 15:46:10.031,1.39706,1.39708,1.00,1.00
2015.06.17 15:46:10.312,1.39706,1.3971,1.00,1.87
2015.06.17 15:46:10.868,1.39706,1.39711,1.00,1.00
2015.06.17 15:46:11.374,1.39706,1.39712,1.00,1.00
2015.06.17 15:46:12.375,1.39704,1.39714,1.95,3.37
2015.06.17 15:46:15.049,1.39704,1.39714,2.40,4.50
2015.06.17 15:46:17.093,1.39706,1.39714,1.00,4.12
2015.06.17 15:46:17.618,1.39706,1.39714,1.57,2.62
2015.06.17 15:46:20.066,1.39706,1.39714,1.57,1.37
2015.06.17 15:46:23.024,1.39706,1.39714,1.20,4.87
2015.06.17 15:46:23.275,1.39706,1.39714,2.02,2.25
2015.06.17 15:46:23.477,1.39707,1.39716,1.10,1.95
2015.06.17 15:46:23.982,1.39708,1.39717,2.32,1.12
2015.06.17 15:46:24.170,1.39709,1.39717,1.07,1.10
2015.06.17 15:46:24.625,1.39708,1.39714,1.07,1.50
2015.06.17 15:46:24.727,1.39706,1.39714,1.12,1.50
2015.06.17 15:46:25.832,1.39705,1.39714,4.95,1.87
2015.06.17 15:46:26.705,1.39706,1.39714,1.47,1.87
2015.06.17 15:46:27.908,1.39706,1.39715,2.32,1.12
2015.06.17 15:46:29.746,1.39707,1.39716,2.70,1.57
2015.06.17 15:46:29.999,1.39712,1.3972,1.07,1.50
2015.06.17 15:46:30.521,1.39712,1.3972,1.07,1.50
2015.06.17 15:46:31.056,1.39712,1.3972,1.07,1.37
2015.06.17 15:46:35.040,1.39712,1.3972,1.07,2.25
2015.06.17 15:46:35.243,1.39712,1.3972,1.07,2.25
2015.06.17 15:46:35.775,1.39712,1.3972,1.07,1.50
2015.06.17 15:46:36.487,1.3971,1.39719,1.50,1.87
2015.06.17 15:46:36.544,1.3971,1.39719,1.07,1.87
2015.06.17 15:46:37.100,1.39708,1.39719,3.37,1.37
2015.06.17 15:46:40.076,1.39708,1.39718,3.00,1.87
2015.06.17 15:46:40.380,1.39704,1.3971,2.77,1.50
2015.06.17 15:46:41.007,1.39707,1.39711,2.25,1.50
2015.06.17 15:46:41.057,1.39707,1.39713,2.32,1.00
2015.06.17 15:46:41.310,1.39708,1.39715,1.50,1.50
2015.06.17 15:46:41.614,1.39708,1.39714,1.50,1.87
2015.06.17 15:46:41.715,1.39708,1.39715,1.50,1.50
2015.06.17 15:46:43.048,1.39707,1.39716,3.75,1.27
2015.06.17 15:46:43.200,1.39707,1.39716,3.75,1.57
2015.06.17 15:46:44.100,1.39707,1.39715,1.87,1.87
2015.06.17 15:46:44.354,1.39706,1.39713,1.00,1.37
2015.06.17 15:46:45.795,1.39703,1.39714,3.07,2.70
2015.06.17 15:46:46.858,1.39703,1.39713,3.45,1.37
2015.06.17 15:46:47.941,1.39704,1.39713,1.57,1.12
2015.06.17 15:46:50.218,1.39703,1.3971,3.07,1.00
2015.06.17 15:46:54.216,1.39704,1.3971,1.95,1.00
2015.06.17 15:46:54.267,1.39707,1.39713,1.50,1.00
2015.06.17 15:46:54.774,1.39708,1.39715,1.87,1.87
2015.06.17 15:46:55.709,1.39707,1.39714,1.57,1.12
2015.06.17 15:46:56.927,1.39707,1.39715,1.57,1.87
2015.06.17 15:46:57.079,1.3971,1.39715,3.75,2.25
2015.06.17 15:46:59.615,1.39708,1.39714,1.87,1.12
2015.06.17 15:46:59.978,1.39707,1.39711,2.40,1.12
2015.06.17 15:47:00.281,1.39708,1.39709,1.00,1.00
2015.06.17 15:47:00.873,1.39707,1.3971,2.25,1.87
2015.06.17 15:47:01.126,1.39705,1.39709,1.57,1.00
2015.06.17 15:47:04.115,1.39705,1.39709,1.00,1.00
2015.06.17 15:47:06.451,1.39705,1.39707,1.00,1.00
2015.06.17 15:47:07.162,1.39705,1.39708,1.00,1.00
2015.06.17 15:47:07.986,1.39705,1.3971,1.87,1.50
2015.06.17 15:47:08.180,1.39706,1.3971,1.47,1.00
2015.06.17 15:47:08.233,1.39706,1.39712,2.02,1.00
2015.06.17 15:47:09.198,1.39706,1.39711,2.77,1.50
2015.06.17 15:47:09.734,1.39709,1.39711,1.37,1.50
2015.06.17 15:47:10.252,1.39709,1.3971,1.12,1.00
2015.06.17 15:47:12.498,1.39709,1.39711,1.37,1.00
2015.06.17 15:47:13.301,1.39709,1.39711,2.25,2.25
2015.06.17 15:47:14.555,1.39707,1.39708,1.00,1.00
2015.06.17 15:47:15.060,1.39707,1.3971,1.00,1.00
2015.06.17 15:47:15.570,1.39705,1.3971,1.87,1.50
2015.06.17 15:47:16.651,1.39708,1.39712,2.25,1.10
2015.06.17 15:47:16.803,1.39709,1.39714,1.50,1.12
2015.06.17 15:47:17.593,1.39709,1.39715,1.50,1.37
2015.06.17 15:47:18.143,1.39709,1.39715,1.87,1.37
2015.06.17 15:47:19.084,1.39709,1.39717,1.87,2.25
2015.06.17 15:47:19.637,1.39709,1.39717,1.87,2.25
2015.06.17 15:47:20.598,1.39709,1.39717,1.50,2.25
2015.06.17 15:47:21.132,1.39709,1.39716,1.37,1.65
2015.06.17 15:47:21.644,1.39709,1.39716,1.37,1.65
2015.06.17 15:47:22.108,1.39709,1.39714,1.00,1.00
2015.06.17 15:47:22.213,1.39707,1.39712,2.62,1.00
2015.06.17 15:47:22.467,1.39707,1.39714,1.12,1.10
2015.06.17 15:47:22.977,1.39707,1.39714,2.62,1.00
2015.06.17 15:47:23.614,1.39707,1.39713,3.00,1.00
2015.06.17 15:47:23.882,1.39707,1.39715,3.00,1.65
2015.06.17 15:47:24.730,1.39707,1.39714,3.00,1.00
2015.06.17 15:47:25.990,1.39707,1.39716,3.00,3.75
2015.06.17 15:47:26.523,1.39708,1.39717,2.32,3.07
2015.06.17 15:47:27.063,1.39708,1.39717,2.32,2.32
2015.06.17 15:47:28.333,1.39708,1.39714,2.32,1.00
2015.06.17 15:47:28.650,1.39709,1.39716,1.00,1.95
2015.06.17 15:47:29.524,1.39709,1.39718,1.50,3.75
2015.06.17 15:47:30.045,1.39709,1.39718,2.25,2.25
2015.06.17 15:47:30.326,1.39712,1.39718,1.00,1.75
2015.06.17 15:47:31.791,1.39712,1.39718,1.00,1.50
2015.06.17 15:47:32.305,1.39712,1.39719,1.00,3.00
2015.06.17 15:47:33.514,1.39712,1.39719,1.00,3.37
2015.06.17 15:47:36.509,1.39711,1.39718,1.00,1.50
2015.06.17 15:47:37.044,1.3971,1.39717,1.20,1.12
2015.06.17 15:47:37.805,1.39711,1.39717,1.00,1.12
2015.06.17 15:47:38.957,1.39711,1.39718,1.50,1.87
2015.06.17 15:47:39.114,1.39711,1.39718,1.50,1.87
2015.06.17 15:47:39.873,1.39711,1.39717,1.50,1.00
2015.06.17 15:47:40.424,1.39711,1.39717,1.50,1.37
2015.06.17 15:47:41.026,1.39712,1.39717,1.00,1.37
2015.06.17 15:47:41.803,1.39711,1.39717,1.50,1.37
2015.06.17 15:47:42.326,1.39711,1.39716,1.50,1.87
2015.06.17 15:47:42.844,1.39711,1.39716,1.50,1.00
2015.06.17 15:47:44.309,1.39712,1.39716,1.00,1.00
2015.06.17 15:47:45.252,1.39712,1.39717,1.00,1.00
2015.06.17 15:47:46.055,1.39711,1.39717,2.25,1.87
2015.06.17 15:47:46.257,1.39711,1.39716,2.25,2.62
2015.06.17 15:47:46.789,1.3971,1.39716,1.00,1.87
2015.06.17 15:47:47.328,1.39709,1.39715,2.32,1.87
2015.06.17 15:47:48.803,1.3971,1.39715,1.00,1.87
2015.06.17 15:47:50.664,1.3971,1.39715,1.00,1.87
2015.06.17 15:47:52.247,1.39709,1.39715,1.10,1.50
2015.06.17 15:47:52.790,1.39709,1.39715,1.10,1.87
2015.06.17 15:47:55.857,1.3971,1.39715,1.00,1.12
2015.06.17 15:47:56.363,1.39709,1.39714,1.10,1.00
2015.06.17 15:47:56.717,1.39707,1.39712,1.95,1.00
2015.06.17 15:47:56.890,1.39707,1.39715,1.95,1.10
2015.06.17 15:47:57.193,1.39709,1.39716,1.00,1.20
2015.06.17 15:47:58.659,1.39709,1.39716,1.00,1.57
2015.06.17 15:47:59.393,1.39707,1.39715,3.00,1.12
2015.06.17 15:48:00.304,1.39708,1.39715,1.65,1.87
2015.06.17 15:48:00.830,1.39706,1.39713,2.77,2.02
2015.06.17 15:48:01.381,1.39705,1.39713,2.62,1.57
2015.06.17 15:48:01.985,1.39705,1.39713,2.25,2.02
2015.06.17 15:48:03.289,1.39706,1.39712,3.15,1.00
2015.06.17 15:48:03.694,1.39705,1.3971,2.25,1.00
2015.06.17 15:48:04.035,1.39704,1.39709,1.57,1.50
2015.06.17 15:48:04.848,1.39705,1.39711,1.00,1.00
2015.06.17 15:48:05.484,1.39707,1.39711,2.25,1.00
2015.06.17 15:48:06.007,1.39707,1.39712,3.15,1.00
2015.06.17 15:48:06.327,1.39707,1.39714,3.52,1.65
2015.06.17 15:48:06.639,1.39708,1.39716,1.27,4.27
2015.06.17 15:48:07.240,1.3971,1.39716,1.00,3.90
2015.06.17 15:48:07.516,1.39711,1.39718,3.00,1.12
2015.06.17 15:48:07.567,1.39713,1.39721,2.25,1.00
2015.06.17 15:48:08.073,1.39715,1.39722,1.07,1.00
2015.06.17 15:48:08.581,1.39715,1.39723,1.07,2.25
2015.06.17 15:48:09.095,1.39716,1.39723,1.50,1.50
2015.06.17 15:48:12.913,1.39716,1.39721,1.50,2.25
2015.06.17 15:48:13.116,1.39712,1.3972,2.25,1.00
2015.06.17 15:48:15.658,1.39713,1.39718,1.65,1.00
2015.06.17 15:48:16.242,1.39712,1.39717,2.25,1.00
2015.06.17 15:48:17.202,1.39711,1.39717,1.65,1.00
2015.06.17 15:48:19.342,1.39711,1.39717,1.00,1.87
2015.06.17 15:48:19.443,1.39708,1.39716,1.45,3.37
2015.06.17 15:48:19.788,1.39711,1.39715,6.37,1.20
2015.06.17 15:48:20.391,1.39711,1.39714,6.37,1.00
2015.06.17 15:48:20.906,1.39711,1.39715,6.37,1.95
2015.06.17 15:48:21.407,1.39711,1.39714,6.37,2.62
2015.06.17 15:48:23.411,1.39709,1.39714,4.87,1.50
2015.06.17 15:48:26.632,1.39709,1.39715,4.12,1.20
2015.06.17 15:48:27.351,1.39709,1.39714,4.12,1.00
2015.06.17 15:48:27.402,1.3971,1.39714,3.75,1.00
2015.06.17 15:48:28.664,1.3971,1.39715,3.75,1.20
2015.06.17 15:48:29.069,1.39711,1.39718,1.00,1.57
2015.06.17 15:48:29.572,1.39711,1.3972,2.62,5.62
2015.06.17 15:48:30.319,1.39711,1.3972,3.00,4.50
2015.06.17 15:48:31.095,1.39711,1.3972,3.00,4.50
2015.06.17 15:48:32.103,1.39711,1.3972,2.25,6.00
2015.06.17 15:48:32.937,1.39711,1.3972,1.50,4.50
2015.06.17 15:48:33.320,1.39711,1.39716,1.50,1.12
2015.06.17 15:48:33.473,1.39709,1.39715,5.62,3.00
2015.06.17 15:48:33.524,1.39709,1.39713,4.95,1.12
2015.06.17 15:48:33.830,1.39708,1.39713,1.00,1.10
2015.06.17 15:48:34.377,1.39708,1.39712,1.00,1.10
2015.06.17 15:48:36.735,1.39705,1.39713,1.37,1.07
2015.06.17 15:48:36.952,1.39705,1.39714,3.37,1.00
2015.06.17 15:48:37.488,1.39707,1.39714,1.87,1.00
2015.06.17 15:48:42.334,1.39707,1.39714,3.75,1.87
2015.06.17 15:48:42.680,1.39707,1.39715,3.75,1.20
2015.06.17 15:48:43.536,1.39708,1.39716,1.20,2.25
2015.06.17 15:48:43.885,1.39712,1.39716,3.75,1.50
2015.06.17 15:48:45.085,1.39712,1.39717,3.75,1.20
2015.06.17 15:48:45.464,1.39713,1.39719,2.25,1.00
2015.06.17 15:48:45.515,1.39714,1.39722,3.75,1.10
2015.06.17 15:48:45.871,1.39716,1.3972,1.87,1.00
2015.06.17 15:48:46.175,1.39714,1.39717,3.75,1.00
2015.06.17 15:48:46.418,1.39714,1.39719,3.75,2.25
2015.06.17 15:48:46.519,1.39712,1.39719,1.10,1.50
2015.06.17 15:48:47.727,1.39711,1.3972,3.45,2.70
2015.06.17 15:48:50.982,1.39711,1.39719,2.32,1.00
2015.06.17 15:48:51.083,1.39711,1.39716,1.07,1.37
2015.06.17 15:48:51.274,1.3971,1.39716,1.00,1.50
2015.06.17 15:48:51.780,1.3971,1.39714,1.00,1.12
2015.06.17 15:48:52.393,1.3971,1.39716,1.00,1.37
2015.06.17 15:48:52.583,1.3971,1.39717,1.00,4.20
2015.06.17 15:48:52.684,1.3971,1.39714,1.00,1.00
2015.06.17 15:48:52.786,1.39707,1.39715,2.70,2.25
2015.06.17 15:48:53.040,1.39706,1.39713,1.45,1.00
2015.06.17 15:48:55.413,1.39707,1.39712,1.27,1.00
2015.06.17 15:48:55.939,1.39707,1.39713,1.00,1.00
2015.06.17 15:48:56.474,1.39707,1.39715,1.50,1.20
2015.06.17 15:48:56.929,1.39711,1.39716,2.25,1.87
2015.06.17 15:48:57.479,1.39711,1.39717,2.25,3.45
2015.06.17 15:48:58.285,1.39711,1.39717,2.25,2.70
2015.06.17 15:48:59.337,1.39711,1.39718,2.25,1.95
2015.06.17 15:48:59.885,1.39711,1.39719,1.50,1.95
2015.06.17 15:49:00.390,1.39713,1.3972,1.00,1.57
2015.06.17 15:49:00.543,1.39713,1.39719,1.00,1.10
2015.06.17 15:49:00.745,1.39713,1.39721,1.00,1.10
2015.06.17 15:49:01.676,1.39712,1.39721,1.20,1.57
2015.06.17 15:49:01.980,1.39711,1.39719,3.07,1.00
2015.06.17 15:49:02.486,1.3971,1.39718,1.20,1.00
2015.06.17 15:49:02.537,1.39709,1.39718,1.95,1.00
2015.06.17 15:49:04.030,1.39709,1.39718,1.75,1.00
2015.06.17 15:49:04.449,1.39709,1.39718,3.15,1.00
2015.06.17 15:49:04.941,1.3971,1.3972,3.37,2.02
2015.06.17 15:49:05.456,1.39712,1.3972,1.87,1.20
2015.06.17 15:49:05.993,1.39712,1.39721,1.87,4.50
2015.06.17 15:49:06.196,1.39715,1.39722,1.00,2.25
2015.06.17 15:49:06.499,1.39715,1.39723,1.50,1.20
2015.06.17 15:49:07.659,1.39715,1.39722,1.50,1.20
2015.06.17 15:49:08.902,1.39717,1.39723,1.00,1.20
2015.06.17 15:49:11.258,1.39717,1.39723,1.00,1.95
2015.06.17 15:49:11.760,1.39717,1.39723,1.00,1.57
2015.06.17 15:49:12.189,1.39714,1.3972,1.50,2.25
2015.06.17 15:49:12.241,1.39712,1.39718,1.50,1.20
2015.06.17 15:49:12.292,1.39712,1.39718,1.50,1.87
2015.06.17 15:49:14.770,1.39712,1.39718,1.50,1.20
2015.06.17 15:49:19.583,1.39711,1.39717,1.50,1.10
2015.06.17 15:49:20.168,1.39713,1.3972,1.00,3.00
2015.06.17 15:49:20.220,1.39713,1.3972,1.00,2.25
2015.06.17 15:49:20.727,1.39713,1.3972,1.00,1.20
2015.06.17 15:49:21.811,1.39713,1.39717,1.00,1.00
2015.06.17 15:49:22.064,1.39709,1.39714,1.50,1.00
2015.06.17 15:49:22.368,1.39709,1.39712,1.50,1.00
2015.06.17 15:49:22.671,1.39707,1.39712,1.87,1.00
2015.06.17 15:49:23.017,1.39707,1.3971,1.50,1.00
2015.06.17 15:49:23.068,1.39705,1.3971,1.00,1.00
2015.06.17 15:49:23.119,1.39705,1.39708,1.00,1.00
2015.06.17 15:49:23.625,1.39705,1.39709,1.00,1.37
2015.06.17 15:49:23.676,1.39703,1.39709,1.50,1.37
2015.06.17 15:49:24.288,1.39703,1.39709,1.50,1.95
2015.06.17 15:49:24.390,1.39703,1.39706,1.50,1.00
2015.06.17 15:49:24.904,1.39703,1.39705,1.50,1.00
2015.06.17 15:49:28.391,1.39699,1.39706,4.50,1.12
2015.06.17 15:49:28.951,1.39704,1.39707,1.00,1.37
2015.06.17 15:49:29.490,1.39704,1.39707,1.00,1.00
2015.06.17 15:49:29.743,1.39704,1.39709,1.00,1.27
2015.06.17 15:49:30.254,1.39705,1.39709,1.00,1.20
2015.06.17 15:49:32.857,1.39704,1.39708,1.00,1.00
2015.06.17 15:49:33.262,1.39707,1.39712,1.00,1.50
2015.06.17 15:49:33.313,1.39707,1.39712,1.50,1.45
2015.06.17 15:49:33.364,1.3971,1.39713,1.00,1.12
2015.06.17 15:49:33.465,1.39707,1.39713,2.25,1.87
2015.06.17 15:49:33.668,1.39709,1.39713,1.00,1.65
2015.06.17 15:49:34.204,1.39709,1.39712,1.00,1.00
2015.06.17 15:49:34.609,1.39706,1.39711,2.25,1.00
2015.06.17 15:49:35.111,1.39706,1.3971,2.25,1.00
2015.06.17 15:49:35.617,1.39707,1.39713,1.00,2.25
2015.06.17 15:49:35.820,1.39709,1.39715,1.00,1.87
2015.06.17 15:49:35.871,1.39709,1.39715,1.00,1.50
2015.06.17 15:49:36.424,1.39709,1.39715,1.00,1.10
2015.06.17 15:49:36.959,1.39709,1.39714,1.00,1.00
2015.06.17 15:49:37.500,1.39708,1.39715,2.25,1.57
2015.06.17 15:49:38.013,1.39708,1.39712,2.25,1.00
2015.06.17 15:49:38.562,1.39708,1.39711,1.50,1.00
2015.06.17 15:49:38.614,1.39706,1.39711,1.50,1.00
2015.06.17 15:49:39.127,1.39706,1.39712,1.50,1.00
2015.06.17 15:49:39.663,1.39706,1.39714,1.50,3.37
2015.06.17 15:49:40.086,1.39706,1.39712,1.50,1.10
2015.06.17 15:49:40.591,1.39706,1.39711,1.50,1.00
2015.06.17 15:49:42.392,1.39707,1.39711,1.00,1.00
2015.06.17 15:49:42.443,1.39707,1.39715,1.00,2.25
2015.06.17 15:49:42.494,1.39709,1.39715,1.50,1.87
2015.06.17 15:49:43.941,1.39709,1.39715,1.50,1.00
2015.06.17 15:49:44.474,1.39709,1.39716,1.50,2.40
2015.06.17 15:49:44.779,1.39709,1.39714,1.50,1.00
2015.06.17 15:49:45.145,1.39709,1.39712,2.25,1.00
2015.06.17 15:49:45.612,1.39709,1.39715,2.25,1.87
2015.06.17 15:49:46.856,1.39711,1.39716,1.50,1.65
2015.06.17 15:49:47.462,1.39711,1.39718,2.25,3.00
2015.06.17 15:49:48.100,1.39711,1.39718,2.25,1.50
2015.06.17 15:49:48.611,1.39711,1.39717,2.25,1.00
2015.06.17 15:49:50.565,1.39712,1.39717,1.00,1.00
2015.06.17 15:49:50.666,1.39713,1.39719,1.00,1.65
2015.06.17 15:49:51.197,1.39715,1.39722,1.12,1.12
2015.06.17 15:49:51.502,1.39719,1.39726,1.50,4.20
2015.06.17 15:49:51.825,1.39721,1.39725,1.00,1.47
2015.06.17 15:49:52.027,1.39721,1.39725,1.00,1.10
2015.06.17 15:49:52.531,1.39721,1.39726,1.00,2.25
2015.06.17 15:49:53.061,1.39721,1.39726,1.00,2.55
2015.06.17 15:49:53.657,1.39721,1.39726,1.00,2.10
2015.06.17 15:49:54.912,1.3972,1.39726,3.00,1.50
2015.06.17 15:49:55.646,1.39721,1.39726,1.00,1.00
2015.06.17 15:49:56.513,1.39721,1.39727,1.00,1.00
2015.06.17 15:49:57.425,1.39722,1.39727,1.00,1.00
2015.06.17 15:49:57.526,1.39723,1.39728,1.00,1.05
2015.06.17 15:49:57.675,1.39723,1.39728,1.00,1.30
2015.06.17 15:49:58.188,1.39725,1.39731,1.00,3.75
2015.06.17 15:49:58.492,1.39725,1.39733,1.00,2.02
2015.06.17 15:50:00.681,1.39725,1.39734,1.10,3.45
2015.06.17 15:50:01.221,1.39726,1.39735,1.50,2.25
2015.06.17 15:50:01.474,1.39726,1.39736,3.82,1.12
2015.06.17 15:50:01.626,1.39731,1.39737,1.00,1.12
2015.06.17 15:50:01.930,1.39737,1.39741,1.50,1.00
2015.06.17 15:50:01.982,1.39737,1.39746,1.50,1.47
2015.06.17 15:50:02.259,1.3974,1.3975,1.50,7.12
2015.06.17 15:50:02.767,1.39742,1.3975,1.00,3.82
2015.06.17 15:50:03.072,1.3975,1.39752,1.12,1.12
2015.06.17 15:50:03.123,1.39753,1.39756,1.00,1.65
2015.06.17 15:50:03.275,1.39751,1.39759,2.62,1.75
2015.06.17 15:50:03.452,1.39753,1.3976,1.00,1.00
2015.06.17 15:50:03.655,1.39757,1.39761,1.00,1.50
2015.06.17 15:50:03.959,1.39763,1.39767,1.00,1.50
2015.06.17 15:50:04.061,1.3976,1.39767,1.07,1.50
2015.06.17 15:50:04.343,1.39758,1.39765,1.20,1.00
2015.06.17 15:50:04.547,1.39755,1.39763,1.50,3.00
2015.06.17 15:50:04.649,1.39752,1.39761,1.57,1.00
2015.06.17 15:50:04.953,1.39751,1.39759,1.20,1.00
2015.06.17 15:50:05.004,1.3975,1.39759,2.62,1.00
2015.06.17 15:50:05.631,1.3975,1.39757,1.87,1.00
2015.06.17 15:50:06.146,1.39749,1.39757,2.32,1.00
2015.06.17 15:50:07.580,1.39749,1.39757,3.07,1.00
2015.06.17 15:50:07.631,1.39749,1.39759,3.82,1.10
2015.06.17 15:50:08.060,1.39751,1.39761,3.75,2.40
2015.06.17 15:50:08.930,1.39752,1.39761,2.25,1.50
2015.06.17 15:50:09.503,1.39752,1.39761,1.87,1.50
2015.06.17 15:50:10.015,1.39752,1.39761,1.87,1.50
2015.06.17 15:50:12.259,1.39752,1.39761,1.50,2.62
2015.06.17 15:50:12.771,1.39752,1.39761,2.62,1.87
2015.06.17 15:50:14.301,1.39752,1.39761,1.50,3.37
2015.06.17 15:50:15.656,1.39752,1.39761,2.62,1.12
2015.06.17 15:50:16.293,1.39754,1.39762,1.00,1.20
2015.06.17 15:50:16.345,1.39757,1.39762,1.00,1.20
2015.06.17 15:50:16.667,1.3976,1.3977,1.20,4.50
2015.06.17 15:50:16.768,1.39761,1.3977,1.07,4.12
2015.06.17 15:50:18.746,1.39761,1.3977,1.20,3.37
2015.06.17 15:50:19.127,1.39758,1.39764,1.07,1.12
2015.06.17 15:50:19.178,1.39755,1.39764,3.00,1.00
2015.06.17 15:50:19.701,1.39755,1.39763,3.75,1.00
2015.06.17 15:50:20.527,1.39755,1.39764,3.00,1.00
2015.06.17 15:50:21.066,1.39755,1.39763,1.20,1.00
2015.06.17 15:50:22.147,1.39755,1.39763,1.57,1.50
2015.06.17 15:50:22.353,1.39756,1.39765,1.27,1.65
2015.06.17 15:50:22.937,1.39756,1.39765,1.57,1.20
2015.06.17 15:50:23.562,1.39757,1.39765,1.37,1.65
2015.06.17 15:50:23.764,1.39756,1.39766,2.77,2.62
2015.06.17 15:50:24.665,1.39756,1.39766,2.77,1.87
2015.06.17 15:50:25.345,1.39756,1.39764,1.27,1.87
2015.06.17 15:50:25.648,1.39756,1.39764,2.77,1.87
2015.06.17 15:50:26.255,1.39757,1.39766,1.37,1.87
2015.06.17 15:50:27.264,1.39757,1.39766,1.12,2.25
2015.06.17 15:50:30.395,1.39756,1.39764,1.27,1.12
2015.06.17 15:50:31.280,1.39759,1.39764,1.00,1.12
2015.06.17 15:50:31.529,1.39755,1.39764,3.37,1.12
2015.06.17 15:50:34.574,1.39755,1.39762,1.50,1.00
2015.06.17 15:50:34.676,1.39754,1.39762,2.77,1.00
2015.06.17 15:50:35.877,1.39754,1.39762,1.57,1.37
2015.06.17 15:50:35.979,1.39753,1.39761,1.07,1.37
2015.06.17 15:50:36.132,1.3975,1.3976,1.95,1.95
2015.06.17 15:50:36.532,1.3975,1.39758,1.10,1.12
2015.06.17 15:50:37.483,1.39749,1.39758,1.10,1.57
2015.06.17 15:50:38.030,1.39749,1.39758,1.20,1.57
2015.06.17 15:50:38.799,1.39749,1.39756,1.10,1.50
2015.06.17 15:50:39.338,1.39746,1.39756,3.52,2.62
2015.06.17 15:50:40.300,1.39745,1.39754,1.20,3.37
2015.06.17 15:50:40.402,1.39744,1.39753,3.75,1.37
2015.06.17 15:50:40.504,1.39744,1.39752,1.50,2.70
2015.06.17 15:50:40.717,1.39741,1.39748,3.00,1.37
2015.06.17 15:50:41.071,1.39739,1.39746,1.20,1.87
2015.06.17 15:50:41.173,1.39736,1.39746,2.32,3.45
2015.06.17 15:50:41.783,1.39738,1.39746,1.50,1.57
2015.06.17 15:50:41.835,1.39738,1.39748,3.82,1.57
2015.06.17 15:50:42.362,1.39739,1.39748,1.87,2.62
2015.06.17 15:50:42.882,1.39739,1.39748,1.87,1.87
2015.06.17 15:50:45.614,1.39739,1.39749,3.37,1.65
2015.06.17 15:50:46.986,1.3974,1.3975,1.57,3.45
2015.06.17 15:50:47.733,1.3974,1.39749,1.20,1.00
2015.06.17 15:50:48.269,1.39742,1.39752,1.57,3.45
2015.06.17 15:50:48.923,1.39744,1.39751,1.00,1.12
2015.06.17 15:50:49.576,1.39744,1.3975,1.20,1.00
2015.06.17 15:50:50.515,1.39743,1.39751,2.25,1.12
2015.06.17 15:50:51.039,1.39743,1.3975,2.25,1.00
2015.06.17 15:50:51.801,1.39743,1.39752,2.25,1.87
2015.06.17 15:50:52.590,1.39743,1.3975,2.25,1.00
2015.06.17 15:50:53.208,1.39743,1.39751,2.25,1.37
2015.06.17 15:50:53.758,1.39743,1.39751,2.25,1.37
2015.06.17 15:50:53.919,1.39743,1.39752,4.12,1.12
2015.06.17 15:50:54.487,1.39745,1.39754,2.25,4.12
2015.06.17 15:50:56.017,1.39747,1.39754,1.50,4.12
2015.06.17 15:50:56.296,1.39747,1.39754,1.50,3.00
2015.06.17 15:50:56.347,1.3975,1.39755,1.00,2.32
2015.06.17 15:50:56.602,1.39756,1.39761,1.00,1.65
2015.06.17 15:50:56.755,1.39756,1.3976,3.82,1.00
2015.06.17 15:50:57.011,1.39759,1.39765,1.57,1.00
2015.06.17 15:50:57.204,1.39759,1.39768,1.57,3.00
2015.06.17 15:50:57.514,1.39759,1.39768,1.57,3.00
2015.06.17 15:50:57.717,1.39759,1.39768,1.57,3.00
2015.06.17 15:50:57.819,1.39759,1.39768,1.57,2.62
2015.06.17 15:50:59.679,1.39759,1.39768,1.57,1.87
2015.06.17 15:51:00.330,1.39759,1.39768,1.57,1.87
2015.06.17 15:51:00.583,1.39759,1.39768,1.57,1.87
2015.06.17 15:51:00.785,1.39759,1.39768,1.95,2.62
2015.06.17 15:51:00.887,1.39765,1.39768,1.00,1.00
2015.06.17 15:51:00.988,1.39761,1.39767,1.87,1.12
2015.06.17 15:51:01.309,1.39758,1.39767,1.65,1.87
2015.06.17 15:51:01.461,1.39757,1.39765,1.50,1.00
2015.06.17 15:51:02.036,1.39761,1.39765,1.50,1.00
2015.06.17 15:51:02.352,1.39759,1.39765,1.00,1.37
2015.06.17 15:51:02.454,1.39759,1.39765,1.00,1.37
2015.06.17 15:51:02.758,1.39759,1.39766,1.00,2.32
2015.06.17 15:51:03.276,1.3976,1.39766,1.50,1.87
2015.06.17 15:51:04.328,1.39762,1.39767,1.00,1.20
2015.06.17 15:51:04.480,1.39763,1.39769,1.00,1.20
2015.06.17 15:51:04.582,1.39765,1.3977,1.50,1.07
2015.06.17 15:51:04.849,1.39769,1.39775,2.25,1.37
2015.06.17 15:51:05.080,1.39769,1.39777,1.50,1.57
2015.06.17 15:51:06.642,1.39769,1.39774,1.50,1.00
2015.06.17 15:51:07.331,1.39769,1.39776,1.50,1.57
2015.06.17 15:51:07.741,1.39769,1.39777,4.12,1.20
2015.06.17 15:51:08.047,1.39772,1.39779,3.00,1.00
2015.06.17 15:51:09.369,1.39773,1.39778,1.20,1.00
2015.06.17 15:51:10.159,1.39772,1.3978,2.62,1.65
2015.06.17 15:51:10.785,1.39773,1.39781,2.02,3.75
2015.06.17 15:51:10.938,1.39778,1.39784,1.00,1.00
2015.06.17 15:51:11.040,1.39779,1.39786,1.10,1.00
2015.06.17 15:51:11.255,1.39781,1.39786,1.10,1.00
2015.06.17 15:51:11.764,1.3978,1.39785,1.07,1.00
2015.06.17 15:51:12.068,1.39778,1.39781,1.07,1.00
2015.06.17 15:51:12.170,1.39777,1.39784,1.57,1.50
2015.06.17 15:51:12.695,1.39778,1.39785,1.20,1.50
2015.06.17 15:51:12.898,1.39778,1.39782,1.20,1.00
2015.06.17 15:51:13.050,1.39778,1.39786,2.70,1.50
2015.06.17 15:51:13.102,1.39782,1.39786,1.00,1.00
2015.06.17 15:51:13.493,1.39779,1.39782,1.65,1.00
2015.06.17 15:51:13.999,1.39777,1.39783,3.07,1.00
2015.06.17 15:51:14.514,1.39778,1.39784,1.50,1.00
2015.06.17 15:51:15.022,1.39778,1.39785,1.50,1.50
2015.06.17 15:51:15.175,1.39778,1.39787,2.25,2.25
2015.06.17 15:51:15.277,1.39781,1.39787,1.00,1.50
2015.06.17 15:51:15.379,1.39783,1.3979,1.00,1.27
2015.06.17 15:51:15.529,1.39783,1.39788,1.00,1.00
2015.06.17 15:51:15.783,1.39776,1.39783,1.45,1.00
2015.06.17 15:51:16.188,1.39776,1.39785,1.45,1.57
2015.06.17 15:51:16.391,1.39776,1.39781,1.07,1.00
2015.06.17 15:51:16.723,1.39772,1.39777,1.07,1.00
2015.06.17 15:51:16.774,1.39768,1.39774,1.07,1.00
2015.06.17 15:51:17.179,1.39768,1.39778,1.85,3.07
2015.06.17 15:51:17.230,1.39769,1.39778,1.50,2.40
2015.06.17 15:51:17.540,1.39771,1.39779,2.25,1.00
2015.06.17 15:51:17.945,1.39771,1.39779,1.50,3.37
2015.06.17 15:51:18.097,1.39768,1.39774,1.20,1.12
2015.06.17 15:51:18.713,1.39766,1.39774,1.50,1.12
2015.06.17 15:51:19.396,1.39766,1.39773,1.50,1.00
2015.06.17 15:51:19.857,1.39765,1.39773,2.40,1.00
2015.06.17 15:51:20.402,1.39765,1.39774,3.52,1.12
2015.06.17 15:51:20.907,1.39766,1.39774,1.00,1.00
2015.06.17 15:51:20.958,1.39767,1.39775,1.47,1.10
2015.06.17 15:51:21.060,1.39769,1.39777,1.07,1.20
2015.06.17 15:51:21.212,1.39769,1.39775,1.07,1.00
2015.06.17 15:51:21.433,1.39765,1.39775,5.25,1.50
2015.06.17 15:51:22.010,1.39765,1.39774,3.75,1.00
2015.06.17 15:51:22.061,1.39765,1.39774,3.75,1.37
2015.06.17 15:51:22.264,1.39763,1.39772,1.87,2.02
2015.06.17 15:51:22.429,1.39762,1.39771,2.25,2.77
2015.06.17 15:51:22.582,1.39761,1.39771,1.20,3.75
2015.06.17 15:51:22.683,1.39766,1.39771,1.00,2.25
2015.06.17 15:51:22.886,1.39769,1.39775,1.00,5.25
2015.06.17 15:51:23.192,1.39769,1.39777,2.32,1.00
2015.06.17 15:51:23.874,1.39771,1.39777,1.00,1.00
2015.06.17 15:51:24.148,1.39771,1.3978,1.50,1.47
2015.06.17 15:51:25.382,1.39771,1.3978,1.50,1.57
2015.06.17 15:51:25.836,1.39769,1.39779,2.32,1.37
2015.06.17 15:51:26.089,1.39766,1.39774,1.20,1.00
2015.06.17 15:51:26.685,1.39765,1.39775,2.25,1.65
2015.06.17 15:51:27.279,1.39767,1.39775,1.00,1.65
2015.06.17 15:51:29.762,1.39765,1.39774,4.12,1.12
2015.06.17 15:51:30.681,1.39765,1.39773,2.25,1.00
2015.06.17 15:51:30.833,1.39764,1.39772,1.07,1.87
2015.06.17 15:51:31.052,1.39761,1.3977,1.57,3.07
2015.06.17 15:51:32.410,1.39761,1.39768,1.57,1.00
2015.06.17 15:51:32.938,1.39761,1.39768,1.20,1.20
2015.06.17 15:51:33.621,1.3976,1.39765,2.25,1.00
2015.06.17 15:51:33.723,1.39756,1.39765,2.32,1.95
2015.06.17 15:51:34.262,1.39756,1.39765,2.32,1.95
2015.06.17 15:51:34.771,1.39756,1.39765,2.32,1.95
2015.06.17 15:51:35.373,1.39756,1.39765,2.32,1.45
2015.06.17 15:51:36.986,1.39756,1.39765,2.32,1.45
2015.06.17 15:51:37.242,1.39755,1.39764,1.20,2.62
2015.06.17 15:51:37.771,1.39753,1.39763,4.50,2.62
2015.06.17 15:51:38.750,1.39753,1.39762,1.00,2.02
2015.06.17 15:51:39.669,1.39753,1.39762,1.57,1.95
2015.06.17 15:51:40.181,1.39753,1.39762,1.07,1.95
2015.06.17 15:51:41.122,1.39753,1.39762,1.07,1.95
2015.06.17 15:51:41.485,1.39755,1.39762,1.12,1.95
2015.06.17 15:51:41.805,1.39755,1.39762,1.50,1.37
2015.06.17 15:51:42.013,1.39753,1.39762,1.07,1.47
2015.06.17 15:51:42.913,1.39753,1.39762,1.07,1.47
2015.06.17 15:51:43.634,1.39753,1.39756,1.07,1.00
2015.06.17 15:51:43.787,1.39751,1.39756,1.07,1.00
2015.06.17 15:51:44.294,1.3975,1.39756,1.50,1.00
2015.06.17 15:51:44.858,1.3975,1.39758,1.50,1.00
2015.06.17 15:51:45.379,1.3975,1.39759,1.87,2.40
2015.06.17 15:51:46.955,1.3975,1.39759,3.37,1.65
2015.06.17 15:51:47.108,1.39752,1.39761,2.70,1.95
2015.06.17 15:51:47.362,1.39754,1.39761,1.95,1.00
2015.06.17 15:51:47.514,1.39756,1.39763,2.02,1.00
2015.06.17 15:51:47.801,1.39756,1.39765,1.95,1.00
2015.06.17 15:51:48.311,1.39756,1.39766,1.95,2.32
2015.06.17 15:51:49.542,1.39756,1.39766,1.57,1.47
2015.06.17 15:51:49.644,1.39756,1.39765,1.57,1.00
2015.06.17 15:51:51.020,1.39755,1.39765,1.45,3.75
2015.06.17 15:51:52.446,1.39755,1.39765,1.45,2.62
2015.06.17 15:51:53.026,1.39756,1.39765,1.20,2.62
2015.06.17 15:51:53.562,1.39755,1.39764,1.20,1.50
2015.06.17 15:51:53.765,1.39756,1.39766,2.32,2.32
2015.06.17 15:51:53.816,1.39756,1.39766,3.00,2.25
2015.06.17 15:51:54.322,1.39758,1.39763,1.07,1.00
2015.06.17 15:51:54.373,1.39755,1.39762,1.10,1.00
2015.06.17 15:51:54.878,1.39753,1.39762,8.70,1.10
2015.06.17 15:51:55.182,1.39761,1.39769,4.57,1.50
2015.06.17 15:51:55.385,1.39763,1.39771,2.62,1.00
2015.06.17 15:51:55.972,1.39764,1.39773,1.27,2.62
2015.06.17 15:51:56.509,1.39765,1.39773,1.00,2.62
2015.06.17 15:51:56.661,1.39765,1.39773,2.62,2.25
2015.06.17 15:51:56.763,1.39766,1.39773,1.12,2.25
2015.06.17 15:51:56.814,1.39767,1.39774,1.57,1.00
2015.06.17 15:51:56.915,1.39768,1.39776,1.57,1.00
2015.06.17 15:51:57.257,1.39769,1.39777,1.07,1.50
2015.06.17 15:51:58.561,1.39769,1.39777,1.45,1.50
2015.06.17 15:51:58.962,1.39769,1.39777,1.45,1.50
2015.06.17 15:52:01.067,1.39769,1.39777,1.45,1.50
2015.06.17 15:52:01.573,1.39769,1.39779,4.20,3.07
2015.06.17 15:52:02.085,1.39772,1.39781,3.37,1.20
2015.06.17 15:52:02.697,1.39772,1.39782,3.37,2.25
2015.06.17 15:52:02.799,1.39772,1.39782,3.37,2.62
2015.06.17 15:52:03.370,1.39774,1.39782,1.87,1.57
2015.06.17 15:52:03.904,1.39774,1.39782,2.62,1.20
2015.06.17 15:52:04.581,1.39774,1.39782,1.87,1.27
2015.06.17 15:52:05.311,1.39778,1.39782,1.37,1.00
2015.06.17 15:52:05.413,1.39777,1.39785,1.37,2.62
2015.06.17 15:52:06.011,1.39778,1.39785,1.45,2.62
2015.06.17 15:52:06.543,1.39779,1.39785,1.20,2.62
2015.06.17 15:52:07.092,1.39779,1.39785,1.20,2.62
2015.06.17 15:52:07.569,1.39777,1.39785,1.37,3.45
2015.06.17 15:52:08.148,1.39779,1.39785,1.00,3.45
2015.06.17 15:52:08.640,1.39776,1.39783,1.10,1.50
2015.06.17 15:52:08.742,1.39774,1.39777,1.50,1.00
2015.06.17 15:52:08.793,1.39773,1.39777,2.40,1.00
2015.06.17 15:52:09.580,1.39772,1.39775,1.65,1.00
2015.06.17 15:52:09.885,1.39769,1.3977,1.00,1.50
2015.06.17 15:52:10.139,1.39767,1.39772,1.07,1.50
2015.06.17 15:52:10.645,1.39766,1.39772,4.12,1.00
2015.06.17 15:52:11.302,1.39767,1.39772,1.57,1.00
2015.06.17 15:52:11.403,1.39767,1.39772,1.57,1.00
2015.06.17 15:52:11.995,1.39767,1.39774,1.57,1.00
2015.06.17 15:52:12.750,1.39769,1.39774,1.00,1.00
2015.06.17 15:52:13.624,1.39769,1.39774,2.02,1.00
2015.06.17 15:52:14.341,1.39769,1.39774,1.65,1.00
2015.06.17 15:52:14.392,1.39769,1.39772,2.32,1.00
2015.06.17 15:52:14.494,1.39769,1.39773,2.62,1.00
2015.06.17 15:52:15.024,1.39769,1.39773,1.95,1.00
2015.06.17 15:52:18.444,1.39769,1.39773,1.95,1.00
2015.06.17 15:52:19.423,1.39769,1.39773,1.95,1.00
2015.06.17 15:52:19.901,1.39769,1.39775,2.70,1.00
2015.06.17 15:52:20.523,1.39769,1.39775,2.70,1.00
2015.06.17 15:52:21.107,1.39769,1.39775,2.70,1.00
2015.06.17 15:52:21.980,1.3977,1.39776,1.37,1.50
2015.06.17 15:52:22.557,1.39771,1.39776,1.87,1.50
2015.06.17 15:52:23.081,1.3977,1.39775,3.45,1.00
2015.06.17 15:52:23.587,1.3977,1.39776,2.70,1.50
2015.06.17 15:52:24.190,1.3977,1.39775,3.45,1.00
2015.06.17 15:52:24.613,1.3977,1.39778,3.45,1.00
2015.06.17 15:52:27.244,1.39771,1.39778,1.10,1.00
2015.06.17 15:52:27.811,1.39771,1.39778,1.47,1.00
2015.06.17 15:52:28.348,1.3977,1.39778,2.32,1.00
2015.06.17 15:52:28.450,1.39772,1.39779,1.37,1.00
2015.06.17 15:52:28.804,1.39774,1.39781,1.65,1.65
2015.06.17 15:52:29.265,1.39775,1.39781,1.57,1.00
2015.06.17 15:52:29.913,1.39775,1.39783,1.57,1.87
2015.06.17 15:52:32.878,1.39777,1.39783,1.20,1.12
2015.06.17 15:52:33.081,1.3978,1.39786,2.40,1.00
2015.06.17 15:52:33.234,1.39782,1.39788,1.00,1.00
2015.06.17 15:52:33.437,1.39782,1.3979,1.00,4.27
2015.06.17 15:52:34.769,1.39783,1.3979,1.00,2.40
2015.06.17 15:52:34.871,1.39783,1.3979,1.37,2.40
2015.06.17 15:52:35.880,1.39783,1.3979,1.07,1.50
2015.06.17 15:52:37.511,1.39781,1.3979,2.62,1.65
2015.06.17 15:52:38.327,1.39781,1.39788,1.50,1.00
2015.06.17 15:52:42.697,1.39779,1.39788,1.87,1.20
2015.06.17 15:52:42.798,1.39779,1.39787,1.87,1.00
2015.06.17 15:52:42.953,1.39779,1.39787,1.87,1.00
2015.06.17 15:52:43.457,1.39779,1.39787,1.87,1.00
2015.06.17 15:52:44.476,1.39779,1.39787,1.87,1.00
2015.06.17 15:52:44.984,1.39779,1.39786,2.62,1.00
2015.06.17 15:52:45.086,1.39779,1.39783,1.50,1.00
2015.06.17 15:52:45.238,1.39776,1.3978,1.00,1.00
2015.06.17 15:52:45.381,1.39776,1.39778,1.00,1.00
2015.06.17 15:52:45.432,1.39772,1.39778,1.50,1.00
2015.06.17 15:52:45.990,1.39771,1.39778,1.50,1.00
2015.06.17 15:52:46.798,1.39771,1.39777,1.87,1.00
2015.06.17 15:52:46.903,1.39772,1.39779,2.02,1.20
2015.06.17 15:52:47.005,1.39777,1.39785,1.87,3.82
2015.06.17 15:52:47.106,1.39778,1.39786,1.65,2.40
2015.06.17 15:52:47.157,1.39778,1.39786,2.32,1.57
2015.06.17 15:52:47.664,1.39779,1.39787,1.87,1.12
2015.06.17 15:52:48.215,1.39779,1.39787,1.87,1.00
2015.06.17 15:52:48.317,1.39779,1.39787,1.87,1.00
2015.06.17 15:52:48.822,1.39779,1.39784,1.87,1.00
2015.06.17 15:52:54.637,1.39779,1.39785,1.87,1.00
2015.06.17 15:52:56.908,1.39779,1.39785,2.62,1.50
2015.06.17 15:52:57.419,1.39781,1.39785,1.00,1.00
2015.06.17 15:52:59.040,1.3978,1.39785,1.00,1.50
2015.06.17 15:52:59.345,1.39773,1.39778,4.50,1.00
2015.06.17 15:52:59.650,1.3977,1.39773,2.32,1.00
2015.06.17 15:53:00.148,1.3977,1.39772,1.00,1.00
2015.06.17 15:53:00.249,1.39769,1.39771,1.50,1.00
2015.06.17 15:53:00.755,1.39768,1.39771,1.20,2.25
2015.06.17 15:53:01.060,1.39764,1.39767,1.00,1.50
2015.06.17 15:53:01.111,1.3976,1.39767,1.57,1.50
2015.06.17 15:53:01.162,1.3976,1.39765,1.00,1.50
2015.06.17 15:53:01.669,1.39761,1.39766,2.25,1.50
2015.06.17 15:53:02.205,1.39762,1.39766,1.50,1.00
2015.06.17 15:53:02.509,1.39761,1.39766,1.37,1.00
2015.06.17 15:53:03.148,1.39764,1.39767,1.37,1.00
2015.06.17 15:53:03.426,1.39766,1.39769,1.00,2.62
2015.06.17 15:53:04.176,1.39766,1.39769,1.37,1.00
2015.06.17 15:53:04.696,1.39766,1.3977,1.37,1.00
2015.06.17 15:53:05.209,1.39766,1.39771,1.37,2.25
2015.06.17 15:53:05.374,1.39766,1.39771,1.00,2.25
2015.06.17 15:53:05.425,1.39765,1.39769,1.12,1.00
2015.06.17 15:53:05.947,1.39764,1.39769,1.37,1.00
2015.06.17 15:53:06.377,1.39764,1.3977,1.00,1.00
2015.06.17 15:53:06.890,1.39764,1.39769,1.00,1.00
2015.06.17 15:53:07.828,1.39764,1.3977,1.00,1.50
2015.06.17 15:53:08.072,1.39764,1.3977,1.37,1.00
2015.06.17 15:53:09.081,1.39762,1.3977,1.47,1.50
2015.06.17 15:53:09.607,1.39766,1.39771,1.37,1.12
2015.06.17 15:53:09.708,1.39766,1.39772,1.57,1.00
2015.06.17 15:53:10.170,1.39768,1.39771,1.00,1.00
2015.06.17 15:53:10.500,1.39765,1.39771,1.00,1.00
2015.06.17 15:53:11.005,1.39765,1.39771,1.37,1.00
2015.06.17 15:53:13.639,1.39765,1.3977,1.37,1.00
2015.06.17 15:53:14.366,1.39765,1.39771,1.37,1.50
2015.06.17 15:53:14.634,1.39765,1.39769,1.37,1.00
2015.06.17 15:53:15.159,1.39764,1.39769,1.37,1.00
2015.06.17 15:53:15.678,1.39764,1.39769,1.00,1.00
2015.06.17 15:53:15.982,1.39757,1.39763,2.25,1.00
2015.06.17 15:53:17.604,1.39755,1.39763,2.02,1.00
2015.06.17 15:53:21.444,1.39756,1.39764,1.12,1.50
2015.06.17 15:53:21.545,1.39757,1.39764,1.37,1.00
2015.06.17 15:53:21.891,1.39764,1.39769,1.12,3.00
2015.06.17 15:53:22.750,1.39763,1.3977,1.95,2.62
2015.06.17 15:53:25.525,1.39763,1.3977,1.37,1.00
2015.06.17 15:53:26.055,1.39762,1.3977,4.12,1.00
2015.06.17 15:53:27.925,1.39762,1.39771,4.87,1.12
2015.06.17 15:53:28.630,1.39763,1.39772,2.70,2.62
2015.06.17 15:53:29.136,1.39765,1.39772,1.87,1.87
2015.06.17 15:53:29.671,1.39765,1.39772,1.87,1.87
2015.06.17 15:53:30.256,1.39765,1.39772,1.87,1.87
2015.06.17 15:53:32.276,1.39763,1.39772,1.95,2.62
2015.06.17 15:53:32.783,1.39763,1.39772,1.45,2.25
2015.06.17 15:53:33.289,1.39763,1.39772,1.45,3.37
2015.06.17 15:53:33.784,1.39763,1.3977,1.07,1.12
2015.06.17 15:53:33.936,1.39758,1.39768,2.77,3.00
2015.06.17 15:53:34.088,1.39758,1.39768,2.02,3.37
2015.06.17 15:53:34.190,1.39758,1.39768,2.02,3.00
2015.06.17 15:53:34.986,1.39758,1.39768,2.02,3.37
2015.06.17 15:53:35.745,1.39758,1.39766,2.02,1.00
2015.06.17 15:53:35.847,1.39758,1.39766,1.27,3.60
2015.06.17 15:53:36.377,1.39754,1.39763,1.45,2.62
2015.06.17 15:53:36.580,1.39754,1.39763,1.45,2.62
2015.06.17 15:53:37.449,1.39756,1.39763,1.37,1.87
2015.06.17 15:53:38.283,1.39756,1.39763,1.37,1.87
2015.06.17 15:53:38.718,1.39759,1.39763,1.37,1.12
2015.06.17 15:53:38.820,1.39759,1.39766,1.37,1.50
2015.06.17 15:53:38.871,1.39759,1.39766,1.12,1.00
2015.06.17 15:53:39.174,1.3976,1.39768,2.02,3.75
2015.06.17 15:53:39.708,1.3976,1.39768,2.02,3.75
2015.06.17 15:53:40.256,1.3976,1.39768,2.02,3.75
2015.06.17 15:53:41.011,1.3976,1.39768,2.02,3.75
2015.06.17 15:53:41.515,1.3976,1.39768,2.02,3.75
2015.06.17 15:53:43.160,1.3976,1.39768,1.57,3.75
2015.06.17 15:53:43.675,1.39759,1.39768,2.62,4.35
2015.06.17 15:53:44.442,1.39759,1.39768,2.62,4.35
2015.06.17 15:53:44.644,1.39759,1.39768,2.62,3.97
2015.06.17 15:53:46.203,1.39758,1.39766,2.02,1.35
2015.06.17 15:53:46.707,1.39758,1.39766,1.27,2.47
2015.06.17 15:53:47.478,1.39757,1.39766,3.75,3.60
2015.06.17 15:53:47.898,1.39757,1.39765,3.00,2.25
2015.06.17 15:53:48.112,1.39755,1.39763,3.37,1.12
2015.06.17 15:53:48.676,1.39755,1.39762,1.50,1.50
2015.06.17 15:53:49.355,1.39757,1.39762,1.00,1.50
2015.06.17 15:53:49.861,1.39756,1.39764,2.02,2.25
2015.06.17 15:53:51.616,1.39756,1.39764,1.65,2.25
2015.06.17 15:53:51.971,1.39757,1.39764,1.00,2.25
2015.06.17 15:53:52.224,1.3976,1.39764,1.00,1.37
2015.06.17 15:53:52.528,1.39763,1.39766,1.00,1.00
2015.06.17 15:53:53.158,1.39763,1.39769,1.00,1.50
2015.06.17 15:53:53.697,1.39764,1.39769,1.00,1.12
2015.06.17 15:53:54.207,1.39764,1.39767,1.00,1.12
2015.06.17 15:53:54.308,1.3976,1.39767,1.57,1.87
2015.06.17 15:53:54.410,1.39759,1.39767,1.00,1.87
2015.06.17 15:53:55.696,1.39758,1.39767,1.65,2.47
2015.06.17 15:53:55.798,1.39758,1.39765,1.65,1.37
2015.06.17 15:53:57.840,1.39758,1.39765,1.00,1.00
2015.06.17 15:53:58.692,1.39761,1.39766,1.00,3.45
2015.06.17 15:53:59.612,1.39761,1.39767,1.00,2.02
2015.06.17 15:54:00.358,1.39762,1.39767,1.00,1.57
2015.06.17 15:54:00.877,1.39762,1.39768,1.00,4.72
2015.06.17 15:54:01.751,1.39762,1.39768,1.00,4.50
2015.06.17 15:54:02.282,1.39761,1.39768,1.12,4.50
2015.06.17 15:54:02.829,1.39761,1.39768,1.12,4.50
2015.06.17 15:54:03.185,1.39763,1.39768,1.00,4.50
2015.06.17 15:54:04.388,1.39763,1.39768,1.00,3.75
2015.06.17 15:54:04.934,1.39763,1.39768,1.00,3.75
2015.06.17 15:54:06.166,1.39762,1.39767,1.00,1.57
2015.06.17 15:54:07.182,1.39762,1.39767,1.00,2.17
2015.06.17 15:54:09.923,1.3976,1.39767,1.00,2.55
2015.06.17 15:54:09.974,1.3976,1.39767,1.00,3.30
2015.06.17 15:54:10.507,1.39759,1.39765,1.00,1.00
2015.06.17 15:54:11.030,1.3976,1.39765,1.00,1.10
2015.06.17 15:54:13.222,1.39759,1.39765,1.00,1.20
2015.06.17 15:54:14.084,1.3976,1.39765,1.00,1.10
2015.06.17 15:54:16.116,1.39758,1.39765,1.00,1.10
2015.06.17 15:54:19.613,1.39758,1.39765,1.00,1.47
2015.06.17 15:54:20.152,1.39758,1.39765,1.00,1.47
2015.06.17 15:54:22.635,1.39758,1.39764,1.00,1.12
2015.06.17 15:54:23.173,1.39758,1.39764,1.00,1.57
2015.06.17 15:54:29.575,1.39758,1.39762,1.00,1.00
2015.06.17 15:54:29.939,1.3976,1.39763,1.00,1.10
2015.06.17 15:54:30.192,1.3976,1.39765,1.00,1.20
2015.06.17 15:54:32.357,1.39761,1.39765,1.00,1.50
2015.06.17 15:54:32.559,1.39759,1.39765,1.50,1.00
2015.06.17 15:54:32.762,1.39759,1.39765,1.50,2.62
2015.06.17 15:54:33.349,1.3976,1.39764,1.00,1.12
2015.06.17 15:54:33.855,1.3976,1.39765,1.00,1.50
2015.06.17 15:54:34.371,1.3976,1.39765,1.00,1.87
2015.06.17 15:54:35.609,1.3976,1.39765,1.00,2.62
2015.06.17 15:54:36.267,1.3976,1.39761,1.00,1.00
2015.06.17 15:54:36.420,1.39754,1.3976,1.50,1.12
2015.06.17 15:54:36.673,1.39753,1.39757,1.00,1.00
2015.06.17 15:54:40.225,1.39753,1.39756,1.00,1.00
2015.06.17 15:54:40.377,1.3975,1.39756,1.00,1.00
2015.06.17 15:54:40.880,1.39751,1.39756,1.00,1.00
2015.06.17 15:54:42.375,1.39751,1.39754,1.00,1.00
2015.06.17 15:54:43.037,1.39751,1.39754,1.00,1.87
2015.06.17 15:54:43.139,1.39747,1.39751,1.50,1.12
2015.06.17 15:54:43.383,1.39749,1.39752,1.00,1.37
2015.06.17 15:54:44.226,1.39748,1.39752,1.00,1.37
2015.06.17 15:54:44.790,1.39748,1.39752,1.00,1.37
2015.06.17 15:54:45.914,1.39746,1.39751,1.00,1.87
2015.06.17 15:54:46.218,1.39746,1.39749,1.00,1.12
2015.06.17 15:54:46.748,1.39745,1.39748,1.00,1.50
2015.06.17 15:54:48.815,1.39744,1.39747,1.00,1.50
2015.06.17 15:54:48.969,1.39739,1.39746,1.00,1.00
2015.06.17 15:54:49.071,1.39741,1.39745,1.00,2.25
2015.06.17 15:54:49.324,1.39741,1.39747,1.00,2.32
2015.06.17 15:54:50.042,1.3974,1.39747,1.50,2.32
2015.06.17 15:54:51.668,1.39742,1.39747,1.00,1.50
2015.06.17 15:54:51.972,1.39746,1.39749,1.00,1.00
2015.06.17 15:54:52.188,1.39744,1.39748,1.00,1.35
2015.06.17 15:54:52.241,1.39742,1.39748,1.00,1.35
2015.06.17 15:54:52.784,1.39743,1.39748,1.00,2.85
2015.06.17 15:54:53.687,1.39743,1.39747,1.00,1.00
2015.06.17 15:54:55.112,1.39745,1.39747,1.00,1.00
2015.06.17 15:54:56.085,1.39743,1.39747,1.00,1.00
2015.06.17 15:54:57.085,1.39741,1.39747,1.20,1.00
2015.06.17 15:55:00.495,1.3974,1.39747,1.20,1.50
2015.06.17 15:55:01.161,1.39739,1.39747,2.81,1.87
2015.06.17 15:55:02.805,1.39739,1.39747,3.00,1.87
2015.06.17 15:55:03.449,1.39739,1.39745,2.25,1.00
2015.06.17 15:55:04.123,1.39739,1.39745,1.10,1.50
2015.06.17 15:55:05.067,1.39739,1.39745,1.10,2.62
2015.06.17 15:55:05.394,1.39736,1.39742,1.00,1.87
2015.06.17 15:55:05.445,1.39739,1.39742,1.00,1.87
2015.06.17 15:55:05.700,1.39733,1.39738,1.50,1.00
2015.06.17 15:55:05.751,1.39731,1.39736,3.07,1.00
2015.06.17 15:55:05.803,1.3973,1.39736,3.07,1.12
2015.06.17 15:55:06.332,1.39727,1.39735,1.85,1.50
2015.06.17 15:55:06.383,1.39727,1.39735,1.10,1.50
2015.06.17 15:55:06.637,1.39726,1.39733,1.10,1.00
2015.06.17 15:55:08.235,1.39726,1.39732,1.10,1.00
2015.06.17 15:55:08.540,1.39725,1.39732,1.00,1.12
2015.06.17 15:55:09.047,1.39725,1.39732,1.00,1.37
2015.06.17 15:55:09.586,1.39725,1.39732,1.00,1.37
2015.06.17 15:55:10.137,1.39725,1.39732,2.32,1.37
2015.06.17 15:55:10.655,1.39725,1.39732,2.32,1.37
2015.06.17 15:55:11.696,1.39725,1.39733,1.57,3.07
2015.06.17 15:55:12.684,1.39725,1.39733,1.10,3.45
2015.06.17 15:55:13.195,1.39725,1.39733,1.10,3.45
2015.06.17 15:55:14.500,1.39725,1.39733,1.57,1.95
2015.06.17 15:55:15.722,1.39727,1.39733,1.00,1.95
2015.06.17 15:55:16.225,1.39727,1.39733,1.00,1.95
2015.06.17 15:55:16.757,1.39727,1.39733,1.00,1.47
2015.06.17 15:55:17.062,1.39734,1.39736,2.12,3.00
2015.06.17 15:55:17.224,1.39739,1.3974,1.00,6.37
2015.06.17 15:55:17.276,1.39742,1.39746,1.00,1.95
2015.06.17 15:55:17.429,1.39741,1.39747,1.00,1.50
2015.06.17 15:55:17.582,1.39743,1.39747,1.00,1.00
2015.06.17 15:55:18.130,1.39743,1.39748,1.00,1.12
2015.06.17 15:55:18.231,1.39741,1.39748,1.10,1.50
2015.06.17 15:55:19.117,1.39741,1.39748,1.57,1.00
2015.06.17 15:55:20.319,1.39741,1.39748,1.57,1.37
2015.06.17 15:55:20.835,1.39742,1.39748,1.10,1.00
2015.06.17 15:55:21.088,1.39744,1.39748,1.00,1.12
2015.06.17 15:55:21.427,1.39738,1.39739,1.00,1.87
2015.06.17 15:55:21.586,1.39734,1.39738,1.20,1.00
2015.06.17 15:55:21.839,1.39732,1.39738,1.50,1.12
2015.06.17 15:55:22.348,1.39731,1.39737,2.25,1.00
2015.06.17 15:55:22.865,1.39731,1.39737,1.00,1.87
2015.06.17 15:55:24.184,1.3973,1.39737,1.00,1.37
2015.06.17 15:55:27.035,1.3973,1.39737,1.00,1.37
2015.06.17 15:55:28.546,1.39729,1.39736,1.00,1.87
2015.06.17 15:55:29.323,1.39729,1.39733,1.00,3.37
2015.06.17 15:55:29.526,1.39723,1.39731,1.50,1.50
2015.06.17 15:55:29.987,1.39723,1.39729,1.00,1.00
2015.06.17 15:55:30.207,1.39721,1.39729,1.12,1.50
2015.06.17 15:55:30.765,1.39722,1.3973,1.00,1.95
2015.06.17 15:55:32.257,1.39721,1.39728,1.50,1.00
2015.06.17 15:55:32.762,1.3972,1.39728,1.50,1.00
2015.06.17 15:55:32.964,1.3972,1.39727,1.50,1.57
2015.06.17 15:55:33.185,1.39717,1.39725,1.20,1.12
2015.06.17 15:55:33.723,1.39717,1.39725,1.20,1.37
2015.06.17 15:55:34.640,1.39717,1.39726,1.20,3.52
2015.06.17 15:55:34.691,1.39722,1.39726,1.00,3.52
2015.06.17 15:55:35.243,1.39722,1.39726,1.00,3.00
2015.06.17 15:55:36.766,1.3972,1.39726,1.00,1.50
2015.06.17 15:55:36.919,1.39722,1.39727,1.00,1.57
2015.06.17 15:55:37.225,1.39723,1.39728,1.00,2.62
2015.06.17 15:55:37.428,1.39719,1.39727,1.00,2.77
2015.06.17 15:55:37.933,1.39718,1.39726,2.25,1.95
2015.06.17 15:55:38.439,1.39719,1.39726,1.00,1.95
2015.06.17 15:55:39.649,1.39719,1.39725,1.00,2.32
2015.06.17 15:55:39.801,1.39714,1.39721,1.50,3.00
2015.06.17 15:55:40.323,1.39717,1.39722,1.00,2.25
2015.06.17 15:55:40.837,1.39716,1.39722,1.00,2.70
2015.06.17 15:55:41.342,1.39717,1.39722,1.00,2.32
2015.06.17 15:55:42.606,1.39716,1.39723,1.00,3.37
2015.06.17 15:55:42.926,1.39718,1.39724,1.00,1.87
2015.06.17 15:55:43.202,1.39718,1.39724,1.00,1.00
2015.06.17 15:55:46.455,1.39716,1.39724,1.50,1.00
2015.06.17 15:55:48.219,1.39718,1.39724,1.00,1.00
2015.06.17 15:55:49.018,1.39718,1.39725,1.00,3.00
2015.06.17 15:55:55.464,1.39716,1.39725,1.00,4.87
2015.06.17 15:55:57.808,1.39716,1.39724,1.00,2.25
2015.06.17 15:55:58.353,1.39717,1.39724,1.00,2.25
2015.06.17 15:56:01.292,1.39717,1.39723,1.00,1.00
2015.06.17 15:56:02.743,1.39718,1.39723,1.00,1.65
2015.06.17 15:56:07.084,1.39718,1.39723,1.00,2.77
2015.06.17 15:56:07.135,1.39716,1.39723,1.50,2.40
2015.06.17 15:56:07.508,1.39719,1.39723,1.00,2.77
2015.06.17 15:56:07.812,1.39722,1.39726,2.25,1.00
2015.06.17 15:56:08.327,1.3972,1.39726,3.75,1.00
2015.06.17 15:56:11.196,1.39722,1.39726,1.00,1.12
2015.06.17 15:56:11.649,1.39724,1.39728,1.00,2.25
2015.06.17 15:56:12.003,1.39724,1.3973,1.20,2.25
2015.06.17 15:56:12.105,1.39728,1.3973,1.00,1.00
2015.06.17 15:56:12.536,1.39728,1.39732,1.00,1.50
2015.06.17 15:56:12.890,1.3973,1.39732,1.00,1.50
2015.06.17 15:56:13.020,1.3973,1.39734,1.00,1.50
2015.06.17 15:56:13.223,1.39733,1.39736,1.00,1.37
2015.06.17 15:56:13.755,1.39732,1.39737,1.00,1.87
2015.06.17 15:56:14.496,1.3973,1.39737,2.32,1.87
2015.06.17 15:56:14.800,1.3973,1.39735,2.32,1.87
2015.06.17 15:56:15.311,1.3973,1.39734,1.50,1.00
2015.06.17 15:56:15.884,1.39728,1.39734,4.12,1.00
2015.06.17 15:56:16.420,1.39728,1.39734,2.40,1.00
2015.06.17 15:56:16.526,1.39729,1.39736,1.00,1.50
2015.06.17 15:56:17.067,1.3973,1.39736,1.00,1.00
2015.06.17 15:56:17.646,1.3973,1.39737,1.00,3.00
2015.06.17 15:56:18.154,1.3973,1.39735,1.00,1.37
2015.06.17 15:56:18.256,1.39728,1.39734,1.10,1.00
2015.06.17 15:56:18.307,1.39728,1.39732,1.10,1.12
2015.06.17 15:56:18.612,1.39724,1.39732,3.75,1.12
2015.06.17 15:56:19.613,1.39724,1.39732,3.75,1.50
2015.06.17 15:56:20.138,1.39724,1.39729,1.00,1.00
2015.06.17 15:56:22.310,1.39724,1.3973,1.00,1.87
2015.06.17 15:56:24.223,1.39724,1.39729,1.00,1.00
2015.06.17 15:56:29.539,1.39724,1.3973,1.10,1.50
2015.06.17 15:56:30.079,1.39724,1.39731,1.10,1.50
2015.06.17 15:56:31.332,1.39725,1.39731,1.00,1.50
2015.06.17 15:56:31.853,1.39724,1.3973,1.10,1.00
2015.06.17 15:56:32.367,1.39724,1.3973,1.10,1.37
2015.06.17 15:56:32.874,1.39723,1.39727,1.95,1.00
2015.06.17 15:56:33.025,1.39721,1.39727,1.50,1.00
2015.06.17 15:56:33.077,1.39721,1.39727,1.50,1.37
2015.06.17 15:56:33.332,1.3972,1.39725,1.10,1.12
2015.06.17 15:56:36.642,1.3972,1.39726,1.10,1.12
2015.06.17 15:56:37.546,1.3972,1.39726,1.10,1.37
2015.06.17 15:56:39.948,1.39719,1.39726,1.57,1.12
2015.06.17 15:56:40.464,1.39719,1.39727,1.57,1.87
2015.06.17 15:56:40.890,1.39721,1.39728,1.12,3.07
2015.06.17 15:56:41.042,1.39722,1.3973,1.57,2.25
2015.06.17 15:56:43.406,1.39722,1.39731,1.57,1.57
2015.06.17 15:56:43.922,1.39722,1.39728,1.07,2.25
2015.06.17 15:56:44.023,1.39721,1.39728,1.65,1.87
2015.06.17 15:56:44.175,1.39721,1.39729,1.20,1.12
2015.06.17 15:56:44.712,1.39721,1.39731,4.50,3.00
2015.06.17 15:56:45.582,1.39721,1.39731,3.75,3.75
2015.06.17 15:56:47.447,1.39721,1.39728,3.75,2.25
2015.06.17 15:56:48.675,1.39721,1.3973,3.75,1.75
2015.06.17 15:56:49.262,1.39721,1.39731,4.50,3.75
2015.06.17 15:56:49.767,1.39721,1.39729,1.00,1.57
2015.06.17 15:56:56.123,1.39721,1.39728,1.00,2.02
2015.06.17 15:56:58.590,1.39721,1.39727,1.00,1.37
2015.06.17 15:56:59.104,1.3972,1.39727,1.00,1.37
2015.06.17 15:56:59.734,1.3972,1.39727,1.00,1.87
2015.06.17 15:57:02.808,1.3972,1.39728,1.00,3.15
2015.06.17 15:57:03.240,1.3972,1.39726,1.00,1.47
2015.06.17 15:57:03.772,1.3972,1.39726,1.00,1.47
2015.06.17 15:57:04.774,1.3972,1.39726,1.37,1.47
2015.06.17 15:57:05.283,1.39719,1.39726,1.87,2.32
2015.06.17 15:57:05.436,1.39719,1.39726,1.10,1.12
2015.06.17 15:57:06.281,1.39718,1.39727,1.57,1.50
2015.06.17 15:57:06.382,1.39718,1.39727,2.32,1.50
2015.06.17 15:57:06.900,1.39718,1.39726,1.10,1.95
2015.06.17 15:57:11.766,1.39718,1.39724,1.10,1.00
2015.06.17 15:57:13.790,1.39718,1.39722,1.10,1.12
2015.06.17 15:57:14.140,1.39712,1.39719,1.95,1.00
2015.06.17 15:57:15.368,1.39712,1.3972,1.57,3.37
2015.06.17 15:57:16.319,1.39712,1.39715,1.07,1.00
2015.06.17 15:57:16.575,1.39702,1.39711,4.12,1.12
2015.06.17 15:57:16.800,1.39706,1.39712,1.00,3.00
2015.06.17 15:57:17.104,1.39706,1.39713,1.00,1.10
2015.06.17 15:57:17.887,1.39706,1.39715,1.00,2.77
2015.06.17 15:57:18.433,1.39707,1.39715,1.00,3.52
2015.06.17 15:57:20.052,1.39707,1.39713,1.00,1.00
2015.06.17 15:57:20.729,1.39706,1.39713,1.87,1.12
2015.06.17 15:57:21.343,1.39706,1.39713,1.87,1.12
2015.06.17 15:57:29.643,1.39706,1.3971,1.50,1.00
2015.06.17 15:57:29.947,1.397,1.39703,3.07,1.00
2015.06.17 15:57:30.459,1.397,1.39703,3.15,1.00
2015.06.17 15:57:30.970,1.39701,1.39703,1.00,1.00
2015.06.17 15:57:32.130,1.39701,1.39706,1.00,2.25
2015.06.17 15:57:32.282,1.39703,1.39706,1.00,1.50
2015.06.17 15:57:32.384,1.39703,1.39708,1.00,2.25
2015.06.17 15:57:32.892,1.39704,1.39708,1.20,2.25
2015.06.17 15:57:33.653,1.39704,1.39708,2.02,2.25
2015.06.17 15:57:34.031,1.39704,1.3971,2.02,1.00
2015.06.17 15:57:34.826,1.39705,1.39711,1.87,3.00
2015.06.17 15:57:35.144,1.39706,1.3971,1.00,1.00
2015.06.17 15:57:35.599,1.39708,1.39711,1.00,1.50
2015.06.17 15:57:35.803,1.39708,1.39713,1.00,1.00
2015.06.17 15:57:36.338,1.39707,1.39713,2.32,1.00
2015.06.17 15:57:36.865,1.39707,1.39714,3.82,2.25
2015.06.17 15:57:37.415,1.39707,1.39714,3.45,1.50
2015.06.17 15:57:37.953,1.39707,1.39714,2.70,1.50
2015.06.17 15:57:38.459,1.39708,1.39714,1.00,1.87
2015.06.17 15:57:38.773,1.39706,1.39713,1.07,1.37
2015.06.17 15:57:39.350,1.39707,1.39713,1.00,1.57
2015.06.17 15:57:39.904,1.39707,1.39713,2.02,1.50
2015.06.17 15:57:41.376,1.39707,1.39713,3.45,1.50
2015.06.17 15:57:41.603,1.39707,1.39715,3.45,2.62
2015.06.17 15:57:43.672,1.39707,1.39715,4.20,1.87
2015.06.17 15:57:45.120,1.39707,1.39713,2.32,1.00
2015.06.17 15:57:45.425,1.39703,1.39708,1.07,1.50
2015.06.17 15:57:45.527,1.397,1.39708,1.95,1.50
2015.06.17 15:57:45.578,1.39703,1.39708,1.00,1.50
2015.06.17 15:57:46.238,1.39703,1.39707,1.00,1.00
2015.06.17 15:57:46.773,1.39702,1.39706,1.00,1.00
2015.06.17 15:57:48.479,1.39704,1.39706,1.00,1.00
2015.06.17 15:57:49.232,1.39704,1.39707,1.00,2.25
2015.06.17 15:57:50.745,1.397,1.39703,1.57,1.87
2015.06.17 15:57:50.848,1.39696,1.39699,1.50,1.37
2015.06.17 15:57:50.899,1.39693,1.39699,1.87,1.87
2015.06.17 15:57:51.429,1.39691,1.39698,3.75,1.00
2015.06.17 15:57:51.533,1.39691,1.39696,3.75,1.00
2015.06.17 15:57:51.737,1.3969,1.39696,1.20,1.00
2015.06.17 15:57:51.788,1.39693,1.39696,1.00,1.00
2015.06.17 15:57:51.889,1.39693,1.39698,1.00,1.00
2015.06.17 15:57:52.164,1.39694,1.397,1.00,1.50
2015.06.17 15:57:52.671,1.39694,1.397,1.37,1.50
2015.06.17 15:57:53.560,1.39694,1.397,3.90,1.50
2015.06.17 15:57:53.864,1.39694,1.39702,1.95,1.00
2015.06.17 15:57:54.398,1.39694,1.39703,1.95,3.15
2015.06.17 15:57:54.975,1.39694,1.39702,2.02,1.00
2015.06.17 15:57:55.330,1.39694,1.39702,1.20,1.00
2015.06.17 15:57:55.653,1.39694,1.39702,1.57,1.00
2015.06.17 15:57:56.345,1.39694,1.39702,1.27,1.00
2015.06.17 15:57:56.604,1.39693,1.397,3.00,1.50
2015.06.17 15:58:00.598,1.39695,1.397,1.00,1.50
2015.06.17 15:58:01.151,1.39694,1.397,1.27,1.50
2015.06.17 15:58:04.610,1.39696,1.397,1.37,1.50
2015.06.17 15:58:04.864,1.39696,1.39703,1.95,1.50
2015.06.17 15:58:05.735,1.39695,1.397,1.50,1.00
2015.06.17 15:58:06.039,1.39694,1.39698,1.00,1.00
2015.06.17 15:58:07.504,1.39694,1.397,1.00,1.00
2015.06.17 15:58:08.010,1.39694,1.397,1.00,1.37
2015.06.17 15:58:08.642,1.39694,1.397,1.00,1.12
2015.06.17 15:58:09.227,1.39694,1.397,2.25,1.50
2015.06.17 15:58:10.225,1.397,1.39702,1.37,1.00
2015.06.17 15:58:10.481,1.39706,1.39708,1.00,1.50
2015.06.17 15:58:10.533,1.39707,1.3971,1.00,1.50
2015.06.17 15:58:12.025,1.39707,1.39712,1.00,1.50
2015.06.17 15:58:13.645,1.39707,1.3971,1.00,1.50
2015.06.17 15:58:14.123,1.39709,1.3971,1.00,1.50
2015.06.17 15:58:14.536,1.39707,1.39712,1.50,1.00
2015.06.17 15:58:19.081,1.39707,1.39712,1.00,3.37
2015.06.17 15:58:19.132,1.39704,1.3971,1.20,1.12
2015.06.17 15:58:19.283,1.39704,1.39708,1.00,1.00
2015.06.17 15:58:19.688,1.39702,1.39708,1.00,1.00
2015.06.17 15:58:20.219,1.39703,1.39708,1.00,1.50
2015.06.17 15:58:20.422,1.39705,1.39708,1.00,1.50
2015.06.17 15:58:20.524,1.39703,1.39708,1.50,1.50
2015.06.17 15:58:20.879,1.39705,1.39708,1.00,1.50
2015.06.17 15:58:21.416,1.39701,1.39708,1.12,1.50
2015.06.17 15:58:22.634,1.39705,1.39708,1.00,1.50
2015.06.17 15:58:22.947,1.39703,1.39708,1.50,1.87
2015.06.17 15:58:24.492,1.39705,1.39708,1.00,1.87
2015.06.17 15:58:24.998,1.39704,1.39708,1.00,1.50
2015.06.17 15:58:25.331,1.39706,1.3971,1.00,1.00
2015.06.17 15:58:27.655,1.39708,1.3971,1.00,1.00
2015.06.17 15:58:27.706,1.39708,1.39712,1.50,1.00
2015.06.17 15:58:28.587,1.39707,1.39712,1.50,1.00
2015.06.17 15:58:28.688,1.3971,1.39712,1.00,1.00
2015.06.17 15:58:28.791,1.3971,1.39715,1.00,1.95
2015.06.17 15:58:28.892,1.39708,1.39715,1.00,2.70
2015.06.17 15:58:29.812,1.39708,1.39715,1.00,1.95
2015.06.17 15:58:30.562,1.39709,1.39715,1.00,2.70
2015.06.17 15:58:31.264,1.39708,1.39715,1.00,1.95
2015.06.17 15:58:32.951,1.39708,1.39715,1.00,1.95
2015.06.17 15:58:34.852,1.39708,1.39715,1.00,1.95
2015.06.17 15:58:35.360,1.39708,1.39712,1.00,1.37
2015.06.17 15:58:35.774,1.3971,1.39712,1.00,1.12
2015.06.17 15:58:36.128,1.39711,1.39714,1.00,1.00
2015.06.17 15:58:36.609,1.3971,1.39712,1.50,1.87
2015.06.17 15:58:36.711,1.39707,1.39711,1.00,1.00
2015.06.17 15:58:37.235,1.39707,1.3971,1.00,1.00
2015.06.17 15:58:38.288,1.39707,1.3971,1.00,1.37
2015.06.17 15:58:40.304,1.39707,1.3971,1.00,1.12
2015.06.17 15:58:40.508,1.39706,1.3971,1.00,1.37
2015.06.17 15:58:40.866,1.39706,1.3971,1.00,1.12
2015.06.17 15:58:41.373,1.39706,1.3971,1.00,1.37
2015.06.17 15:58:42.074,1.39706,1.39712,1.00,1.95
2015.06.17 15:58:42.285,1.39706,1.39712,1.00,1.95
2015.06.17 15:58:46.194,1.39706,1.39712,1.00,3.45
2015.06.17 15:58:46.642,1.39706,1.39711,1.00,2.62
2015.06.17 15:58:47.022,1.39706,1.39711,1.00,1.87
2015.06.17 15:58:48.237,1.39705,1.39711,1.50,1.87
2015.06.17 15:58:49.198,1.39705,1.39711,1.00,3.37
2015.06.17 15:58:49.815,1.39705,1.39711,1.00,4.12
2015.06.17 15:58:50.094,1.39701,1.39707,3.00,1.00
2015.06.17 15:58:50.145,1.39701,1.39707,2.25,2.62
2015.06.17 15:58:50.297,1.397,1.39706,1.10,3.37
2015.06.17 15:58:50.449,1.39698,1.39704,1.12,1.00
2015.06.17 15:58:50.651,1.39698,1.39702,1.12,1.37
2015.06.17 15:58:50.803,1.39695,1.39701,1.00,1.00
2015.06.17 15:58:50.969,1.39695,1.39699,1.00,1.00
2015.06.17 15:58:51.073,1.39693,1.39699,1.00,1.00
2015.06.17 15:58:51.326,1.39691,1.39697,1.10,1.50
2015.06.17 15:58:51.633,1.39691,1.39695,1.00,1.00
2015.06.17 15:58:51.886,1.39689,1.39695,1.12,1.12
2015.06.17 15:58:52.078,1.39687,1.39695,1.20,2.62
2015.06.17 15:58:52.384,1.39684,1.39692,3.07,1.37
2015.06.17 15:58:52.486,1.39684,1.39689,3.07,1.00
2015.06.17 15:58:53.044,1.39684,1.39689,1.65,1.50
2015.06.17 15:58:54.099,1.39685,1.39689,1.50,1.50
2015.06.17 15:58:54.303,1.39685,1.39691,1.50,1.50
2015.06.17 15:58:54.606,1.39687,1.39691,1.00,1.50
2015.06.17 15:58:55.120,1.39685,1.39691,2.62,2.25
2015.06.17 15:58:55.448,1.39688,1.39691,1.50,1.50
2015.06.17 15:58:55.601,1.39688,1.39694,1.50,2.25
2015.06.17 15:58:55.804,1.3969,1.39694,1.00,2.25
2015.06.17 15:58:56.356,1.39689,1.39694,1.00,1.50
2015.06.17 15:58:56.857,1.3969,1.39694,1.00,2.25
2015.06.17 15:58:57.376,1.39691,1.39694,1.10,1.50
2015.06.17 15:58:57.427,1.39691,1.39696,1.10,2.25
2015.06.17 15:58:58.000,1.39692,1.39696,1.00,2.25
2015.06.17 15:59:05.874,1.3969,1.39696,1.10,2.25
2015.06.17 15:59:08.003,1.39691,1.39696,1.00,2.25
2015.06.17 15:59:08.530,1.3969,1.39696,1.10,2.25
2015.06.17 15:59:09.076,1.3969,1.39696,1.10,2.62
2015.06.17 15:59:09.626,1.39691,1.39696,1.00,2.62
2015.06.17 15:59:10.501,1.39691,1.39696,1.00,2.62
2015.06.17 15:59:11.014,1.3969,1.39696,1.57,2.62
2015.06.17 15:59:11.217,1.39689,1.39695,1.07,1.37
2015.06.17 15:59:11.745,1.39688,1.39695,2.25,1.37
2015.06.17 15:59:12.616,1.3969,1.39695,1.50,1.37
2015.06.17 15:59:13.592,1.39689,1.39695,1.20,1.37
2015.06.17 15:59:13.895,1.39686,1.39692,1.57,1.00
2015.06.17 15:59:14.199,1.39685,1.39692,1.57,2.25
2015.06.17 15:59:16.177,1.39685,1.39692,1.57,2.62
2015.06.17 15:59:16.407,1.39683,1.39689,1.00,1.50
2015.06.17 15:59:16.811,1.39686,1.39689,1.00,3.00
2015.06.17 15:59:17.014,1.39681,1.39685,1.00,2.25
2015.06.17 15:59:17.553,1.39681,1.39684,1.00,1.00
2015.06.17 15:59:18.918,1.3968,1.39684,1.50,1.00
2015.06.17 15:59:19.497,1.3968,1.39685,1.50,1.50
2015.06.17 15:59:19.902,1.39683,1.39685,1.00,1.50
2015.06.17 15:59:20.004,1.39683,1.39687,1.00,1.65
2015.06.17 15:59:20.394,1.3968,1.39687,1.50,2.25
2015.06.17 15:59:20.939,1.3968,1.39686,1.50,1.00
2015.06.17 15:59:21.540,1.39679,1.39686,2.32,1.00
2015.06.17 15:59:22.448,1.39679,1.39686,1.20,1.00
2015.06.17 15:59:23.070,1.39679,1.39685,1.65,1.50
2015.06.17 15:59:24.309,1.39678,1.39683,1.50,1.00
2015.06.17 15:59:24.836,1.39677,1.39683,2.25,1.50
2015.06.17 15:59:26.402,1.39677,1.39684,3.00,1.00
2015.06.17 15:59:26.917,1.39677,1.39683,1.50,1.00
2015.06.17 15:59:27.513,1.39677,1.39683,1.00,1.00
2015.06.17 15:59:28.041,1.39677,1.39682,1.00,1.00
2015.06.17 15:59:33.239,1.39679,1.39682,1.00,1.00
2015.06.17 15:59:33.783,1.39679,1.39683,1.00,1.50
2015.06.17 15:59:34.116,1.39677,1.39683,1.00,1.50
2015.06.17 15:59:35.270,1.39677,1.39682,1.00,1.00
2015.06.17 15:59:35.898,1.3968,1.39682,1.00,1.00
2015.06.17 15:59:36.051,1.3968,1.39685,1.00,1.57
2015.06.17 15:59:36.833,1.39679,1.39686,2.25,1.57
2015.06.17 15:59:37.383,1.3968,1.39686,1.00,1.57
2015.06.17 15:59:37.904,1.39681,1.39686,1.00,1.00
2015.06.17 15:59:38.423,1.3968,1.39686,1.00,1.00
2015.06.17 15:59:41.255,1.39681,1.39686,1.00,1.00
2015.06.17 15:59:41.461,1.39681,1.39688,1.00,1.65
2015.06.17 15:59:42.970,1.39681,1.39689,1.10,1.20
2015.06.17 15:59:43.374,1.39683,1.3969,1.00,4.57
2015.06.17 15:59:43.897,1.39683,1.3969,1.00,3.37
2015.06.17 15:59:44.377,1.39689,1.39691,1.00,2.02
2015.06.17 15:59:44.581,1.39691,1.39696,1.00,4.95
2015.06.17 15:59:44.683,1.39691,1.39695,1.00,1.00
2015.06.17 15:59:44.987,1.39691,1.39696,1.00,2.62
2015.06.17 15:59:45.201,1.39691,1.39696,1.00,2.62
2015.06.17 15:59:46.614,1.39689,1.39696,1.20,2.62
2015.06.17 15:59:46.767,1.39688,1.39693,2.25,1.37
2015.06.17 15:59:46.919,1.39686,1.39692,1.50,1.12
2015.06.17 15:59:47.021,1.39685,1.39693,1.65,4.27
2015.06.17 15:59:47.526,1.39685,1.39691,1.00,1.50
2015.06.17 15:59:49.343,1.39685,1.39691,1.00,2.25
2015.06.17 15:59:49.851,1.39684,1.39691,1.20,2.25
2015.06.17 15:59:52.964,1.39682,1.39689,1.00,1.00
2015.06.17 15:59:53.479,1.39681,1.39689,1.65,1.50
2015.06.17 15:59:54.562,1.39681,1.3969,2.02,2.25
2015.06.17 15:59:55.453,1.39681,1.39689,2.02,1.20
2015.06.17 15:59:57.502,1.39683,1.39689,1.00,1.20
2015.06.17 15:59:57.923,1.39685,1.39691,1.00,1.12
2015.06.17 15:59:58.262,1.39688,1.39693,1.12,1.50
2015.06.17 15:59:58.313,1.39688,1.39696,1.12,1.45
2015.06.17 15:59:58.465,1.39691,1.39698,1.00,4.87
2015.06.17 15:59:58.770,1.39694,1.397,1.00,3.82
2015.06.17 15:59:58.922,1.39696,1.39702,1.00,1.10
2015.06.17 15:59:59.065,1.39701,1.39703,1.00,1.57
2015.06.17 15:59:59.116,1.39701,1.39706,1.00,1.00
2015.06.17 15:59:59.370,1.39702,1.39709,1.00,1.50
2015.06.17 15:59:59.882,1.39701,1.3971,1.20,2.40
