2015.06.18 12:00:00.366,1.39898,1.39906,1.95,1.07
2015.06.18 12:00:00.911,1.39899,1.39905,1.87,1.10
2015.06.18 12:00:01.551,1.39898,1.39904,1.50,1.00
2015.06.18 12:00:01.603,1.39897,1.39904,2.06,1.00
2015.06.18 12:00:01.957,1.39897,1.39902,2.02,1.00
2015.06.18 12:00:02.486,1.39897,1.39903,1.37,1.00
2015.06.18 12:00:03.527,1.39896,1.39905,3.75,1.00
2015.06.18 12:00:04.077,1.39898,1.39904,2.70,1.00
2015.06.18 12:00:04.596,1.39898,1.39904,1.95,1.00
2015.06.18 12:00:05.445,1.39899,1.39901,1.00,1.00
2015.06.18 12:00:05.649,1.39894,1.39899,1.57,1.00
2015.06.18 12:00:05.852,1.39892,1.39897,2.25,1.00
2015.06.18 12:00:06.005,1.3989,1.39897,3.30,1.00
2015.06.18 12:00:06.310,1.3989,1.39895,1.07,1.00
2015.06.18 12:00:06.614,1.39887,1.39892,1.37,1.10
2015.06.18 12:00:06.969,1.39887,1.39895,1.57,1.65
2015.06.18 12:00:07.509,1.39887,1.39896,1.20,2.29
2015.06.18 12:00:08.092,1.39888,1.39895,1.12,1.05
2015.06.18 12:00:08.396,1.39889,1.39895,1.50,1.00
2015.06.18 12:00:08.926,1.39889,1.39896,2.25,1.50
2015.06.18 12:00:09.333,1.39889,1.39894,2.25,1.00
2015.06.18 12:00:09.882,1.39889,1.39892,2.25,1.00
2015.06.18 12:00:10.282,1.39892,1.39894,1.00,1.54
2015.06.18 12:00:10.789,1.39892,1.39893,1.00,1.00
2015.06.18 12:00:11.567,1.39892,1.39894,1.00,2.25
2015.06.18 12:00:12.102,1.39892,1.39894,1.00,2.25
2015.06.18 12:00:14.314,1.3989,1.39894,1.10,1.50
2015.06.18 12:00:15.621,1.3989,1.39895,1.10,1.00
2015.06.18 12:00:15.672,1.3989,1.39897,1.10,2.29
2015.06.18 12:00:16.272,1.3989,1.39897,1.07,2.25
2015.06.18 12:00:19.268,1.3989,1.39898,1.20,2.25
2015.06.18 12:00:20.031,1.39891,1.399,1.10,2.70
2015.06.18 12:00:20.284,1.39893,1.39899,1.00,1.10
2015.06.18 12:00:21.525,1.39892,1.39899,1.00,1.10
2015.06.18 12:00:23.245,1.39894,1.399,1.00,2.70
2015.06.18 12:00:24.664,1.39893,1.399,1.00,1.20
2015.06.18 12:00:25.020,1.39891,1.399,2.70,2.70
2015.06.18 12:00:25.552,1.39892,1.399,1.87,3.82
2015.06.18 12:00:25.892,1.39901,1.39907,1.00,3.04
2015.06.18 12:00:29.178,1.399,1.39907,1.00,1.50
2015.06.18 12:00:30.567,1.399,1.39908,1.10,1.10
2015.06.18 12:00:33.520,1.399,1.39907,1.10,1.00
2015.06.18 12:00:36.002,1.399,1.39908,1.95,1.20
2015.06.18 12:00:36.512,1.39901,1.39908,1.20,1.16
2015.06.18 12:00:38.441,1.39901,1.39908,1.00,1.57
2015.06.18 12:00:39.099,1.39902,1.39908,1.00,2.74
2015.06.18 12:00:39.627,1.39901,1.39907,1.50,2.25
2015.06.18 12:00:40.140,1.39901,1.39908,1.50,1.07
2015.06.18 12:00:40.191,1.39901,1.39909,1.65,1.65
2015.06.18 12:00:40.618,1.39902,1.39906,1.00,2.62
2015.06.18 12:00:40.720,1.39894,1.39901,4.12,1.12
2015.06.18 12:00:41.250,1.39894,1.39902,1.50,1.61
2015.06.18 12:00:41.942,1.39894,1.39904,7.16,1.50
2015.06.18 12:00:42.196,1.39901,1.39909,1.95,1.10
2015.06.18 12:00:42.706,1.39901,1.39911,3.37,3.00
2015.06.18 12:00:43.108,1.39904,1.39911,1.12,1.87
2015.06.18 12:00:43.463,1.39904,1.39913,3.75,1.57
2015.06.18 12:00:43.717,1.39904,1.39911,3.00,4.50
2015.06.18 12:00:43.819,1.39904,1.39912,2.62,1.87
2015.06.18 12:00:43.870,1.39904,1.39912,2.62,2.25
2015.06.18 12:00:44.304,1.39906,1.39914,1.00,2.02
2015.06.18 12:00:44.865,1.39906,1.39912,1.00,1.00
2015.06.18 12:00:45.320,1.39904,1.39912,2.77,3.45
2015.06.18 12:00:46.271,1.39904,1.39912,2.77,3.45
2015.06.18 12:00:46.521,1.39904,1.39908,2.02,1.00
2015.06.18 12:00:46.825,1.39902,1.39906,1.87,1.00
2015.06.18 12:00:47.131,1.39901,1.39902,1.10,1.00
2015.06.18 12:00:47.182,1.39893,1.39899,1.50,2.25
2015.06.18 12:00:47.233,1.39893,1.39899,1.50,2.32
2015.06.18 12:00:47.742,1.39893,1.39898,1.50,1.07
2015.06.18 12:00:48.216,1.39893,1.399,1.50,2.25
2015.06.18 12:00:48.731,1.39894,1.399,1.00,1.50
2015.06.18 12:00:48.986,1.39895,1.39902,1.50,3.00
2015.06.18 12:00:49.617,1.39893,1.39901,1.27,1.27
2015.06.18 12:00:50.420,1.39893,1.39901,1.57,1.27
2015.06.18 12:00:50.876,1.39894,1.39903,1.57,2.32
2015.06.18 12:00:51.416,1.39894,1.39903,1.95,1.50
2015.06.18 12:00:52.934,1.39896,1.39905,3.41,1.27
2015.06.18 12:00:53.137,1.39899,1.39905,1.42,1.15
2015.06.18 12:00:53.717,1.39898,1.39905,3.07,1.00
2015.06.18 12:00:54.230,1.399,1.39905,1.50,1.00
2015.06.18 12:00:56.083,1.399,1.39904,1.87,1.00
2015.06.18 12:00:56.591,1.399,1.39905,1.87,1.54
2015.06.18 12:00:58.250,1.399,1.39903,1.00,1.00
2015.06.18 12:00:58.645,1.39898,1.39906,1.47,3.45
2015.06.18 12:01:01.425,1.39898,1.39906,1.57,1.07
2015.06.18 12:01:04.847,1.39898,1.39905,1.12,1.20
2015.06.18 12:01:04.948,1.39898,1.39902,1.12,1.42
2015.06.18 12:01:05.274,1.39892,1.39899,1.37,2.66
2015.06.18 12:01:05.845,1.3989,1.39898,1.75,2.06
2015.06.18 12:01:06.598,1.3989,1.39898,2.62,1.31
2015.06.18 12:01:07.144,1.3989,1.39899,1.75,3.82
2015.06.18 12:01:07.748,1.3989,1.39899,2.25,3.82
2015.06.18 12:01:07.849,1.39892,1.39899,1.12,1.95
2015.06.18 12:01:08.066,1.39894,1.399,1.37,1.10
2015.06.18 12:01:08.572,1.39894,1.39902,2.02,1.50
2015.06.18 12:01:09.523,1.39894,1.39902,2.02,2.25
2015.06.18 12:01:10.464,1.39896,1.39898,1.00,1.00
2015.06.18 12:01:10.779,1.39893,1.39897,3.37,1.87
2015.06.18 12:01:10.982,1.39893,1.399,2.62,1.07
2015.06.18 12:01:11.084,1.39893,1.39901,4.12,1.05
2015.06.18 12:01:11.597,1.39896,1.39903,1.00,2.32
2015.06.18 12:01:13.465,1.39897,1.39903,1.00,1.57
2015.06.18 12:01:14.321,1.39893,1.39903,3.90,3.45
2015.06.18 12:01:14.372,1.39893,1.39901,1.95,1.37
2015.06.18 12:01:14.727,1.39889,1.39896,3.37,1.57
2015.06.18 12:01:15.267,1.39889,1.39896,2.62,1.57
2015.06.18 12:01:16.681,1.39889,1.39896,2.62,1.95
2015.06.18 12:01:17.301,1.39889,1.39893,2.62,1.00
2015.06.18 12:01:17.353,1.39887,1.39893,1.12,1.87
2015.06.18 12:01:17.404,1.39887,1.39893,1.12,2.62
2015.06.18 12:01:17.506,1.39889,1.39894,1.00,2.25
2015.06.18 12:01:17.557,1.39889,1.39894,1.37,1.07
2015.06.18 12:01:17.710,1.39891,1.39897,1.37,1.61
2015.06.18 12:01:17.913,1.39891,1.39899,1.87,1.00
2015.06.18 12:01:18.433,1.39892,1.39902,3.37,4.12
2015.06.18 12:01:18.484,1.39897,1.39902,1.00,3.37
2015.06.18 12:01:18.586,1.39896,1.39905,3.00,2.25
2015.06.18 12:01:18.689,1.39897,1.39905,1.50,1.50
2015.06.18 12:01:18.841,1.39897,1.39903,1.50,1.50
2015.06.18 12:01:19.269,1.39894,1.399,1.12,1.05
2015.06.18 12:01:19.782,1.39893,1.39902,1.45,3.82
2015.06.18 12:01:20.085,1.39894,1.39903,2.32,1.24
2015.06.18 12:01:20.613,1.39894,1.39904,2.32,1.95
2015.06.18 12:01:21.131,1.39894,1.39904,2.32,3.45
2015.06.18 12:01:21.657,1.39894,1.39904,2.32,3.45
2015.06.18 12:01:22.102,1.39894,1.39904,1.20,4.20
2015.06.18 12:01:22.608,1.39893,1.39902,1.82,2.74
2015.06.18 12:01:23.173,1.39893,1.39901,1.82,1.00
2015.06.18 12:01:23.528,1.39893,1.39901,1.07,1.37
2015.06.18 12:01:23.832,1.39893,1.39897,1.07,1.00
2015.06.18 12:01:23.984,1.39889,1.39897,2.62,1.42
2015.06.18 12:01:24.035,1.39889,1.39897,2.25,1.37
2015.06.18 12:01:24.283,1.39888,1.39893,1.20,1.00
2015.06.18 12:01:25.073,1.39887,1.39893,2.25,1.00
2015.06.18 12:01:28.537,1.39885,1.39893,1.45,1.50
2015.06.18 12:01:29.077,1.39882,1.3989,3.04,1.00
2015.06.18 12:01:30.422,1.39888,1.39892,1.00,1.57
2015.06.18 12:01:30.928,1.39884,1.39892,1.82,2.25
2015.06.18 12:01:30.979,1.39884,1.39892,1.82,2.25
2015.06.18 12:01:31.494,1.39885,1.39892,1.10,1.50
2015.06.18 12:01:32.893,1.39884,1.39889,1.45,1.50
2015.06.18 12:01:33.428,1.39882,1.39888,1.85,1.00
2015.06.18 12:01:35.074,1.39884,1.39889,1.50,1.00
2015.06.18 12:01:35.622,1.39885,1.39891,1.00,2.32
2015.06.18 12:01:36.650,1.39886,1.39891,1.00,3.00
2015.06.18 12:01:38.697,1.39886,1.39891,1.00,1.50
2015.06.18 12:01:39.089,1.39885,1.39888,1.12,1.50
2015.06.18 12:01:39.444,1.39884,1.3989,1.37,2.44
2015.06.18 12:01:40.323,1.39884,1.39892,4.50,1.00
2015.06.18 12:01:40.853,1.39886,1.39892,1.87,1.00
2015.06.18 12:01:41.573,1.39888,1.39893,1.00,1.00
2015.06.18 12:01:41.779,1.39889,1.39897,3.00,1.12
2015.06.18 12:01:42.298,1.39889,1.39896,1.50,2.25
2015.06.18 12:01:43.664,1.39889,1.39894,1.50,1.00
2015.06.18 12:01:43.893,1.39887,1.39894,2.66,1.00
2015.06.18 12:01:47.176,1.39885,1.39891,3.00,1.00
2015.06.18 12:01:49.232,1.39885,1.39892,2.25,1.50
2015.06.18 12:01:51.145,1.39885,1.39891,1.87,1.00
2015.06.18 12:01:51.651,1.39883,1.3989,1.45,1.00
2015.06.18 12:01:52.190,1.39883,1.3989,1.07,1.00
2015.06.18 12:01:52.864,1.39882,1.3989,1.20,1.00
2015.06.18 12:01:58.794,1.39882,1.39889,1.20,1.00
2015.06.18 12:01:59.678,1.39882,1.39888,1.45,2.25
2015.06.18 12:02:00.016,1.3988,1.39886,1.50,1.00
2015.06.18 12:02:00.370,1.39878,1.39884,2.32,1.00
2015.06.18 12:02:00.574,1.39881,1.39886,1.37,1.00
2015.06.18 12:02:00.779,1.39879,1.39888,2.32,2.29
2015.06.18 12:02:02.247,1.39881,1.39888,1.20,2.25
2015.06.18 12:02:02.448,1.39882,1.39888,1.57,1.50
2015.06.18 12:02:02.753,1.39881,1.39888,3.82,1.50
2015.06.18 12:02:02.804,1.39881,1.3989,4.20,1.10
2015.06.18 12:02:04.868,1.39885,1.39891,1.10,1.54
2015.06.18 12:02:05.224,1.39884,1.39891,4.24,1.54
2015.06.18 12:02:05.679,1.39886,1.39892,1.50,1.00
2015.06.18 12:02:05.932,1.39887,1.39894,1.47,1.50
2015.06.18 12:02:05.983,1.39887,1.39894,1.10,1.50
2015.06.18 12:02:06.084,1.39888,1.39894,1.07,1.50
2015.06.18 12:02:08.973,1.39887,1.39894,1.20,1.50
2015.06.18 12:02:10.358,1.39887,1.39893,1.45,1.05
2015.06.18 12:02:10.884,1.39887,1.39892,1.45,1.50
2015.06.18 12:02:11.389,1.39887,1.39892,1.45,2.25
2015.06.18 12:02:11.933,1.39885,1.3989,1.50,2.62
2015.06.18 12:02:12.035,1.39882,1.39889,2.25,1.00
2015.06.18 12:02:12.455,1.39881,1.3989,2.10,3.19
2015.06.18 12:02:12.506,1.39883,1.3989,1.00,2.40
2015.06.18 12:02:13.013,1.39884,1.3989,1.00,2.25
2015.06.18 12:02:13.522,1.39885,1.3989,1.00,2.29
2015.06.18 12:02:14.907,1.39887,1.3989,1.00,1.50
2015.06.18 12:02:15.414,1.39887,1.39891,1.12,3.00
2015.06.18 12:02:16.431,1.39885,1.39891,1.20,3.00
2015.06.18 12:02:16.967,1.39885,1.3989,1.20,1.50
2015.06.18 12:02:17.791,1.39885,1.3989,1.47,1.00
2015.06.18 12:02:18.045,1.39887,1.39891,1.37,1.50
2015.06.18 12:02:18.350,1.39891,1.39893,1.00,3.00
2015.06.18 12:02:18.452,1.39887,1.39893,1.20,3.79
2015.06.18 12:02:18.503,1.39887,1.39891,1.10,1.00
2015.06.18 12:02:18.816,1.39882,1.39886,1.57,1.00
2015.06.18 12:02:19.121,1.39879,1.39883,1.50,1.00
2015.06.18 12:02:19.323,1.39879,1.39883,1.00,1.50
2015.06.18 12:02:19.844,1.39877,1.39884,2.62,2.66
2015.06.18 12:02:21.002,1.3988,1.39884,1.00,1.87
2015.06.18 12:02:22.221,1.39877,1.39881,2.62,1.00
2015.06.18 12:02:22.373,1.39875,1.39879,1.07,1.50
2015.06.18 12:02:22.474,1.39873,1.39878,1.87,1.00
2015.06.18 12:02:23.139,1.39871,1.39877,2.62,1.00
2015.06.18 12:02:24.869,1.39871,1.39879,2.25,3.79
2015.06.18 12:02:25.471,1.39871,1.39879,1.87,3.79
2015.06.18 12:02:25.573,1.39871,1.39876,2.25,1.00
2015.06.18 12:02:25.624,1.39871,1.39875,1.87,1.00
2015.06.18 12:02:25.675,1.3987,1.39874,1.50,1.00
2015.06.18 12:02:25.776,1.3987,1.39877,4.50,1.50
2015.06.18 12:02:25.979,1.39872,1.3988,1.54,3.00
2015.06.18 12:02:26.170,1.39873,1.3988,2.40,1.50
2015.06.18 12:02:26.323,1.39874,1.39882,1.82,1.61
2015.06.18 12:02:28.380,1.39876,1.39883,1.75,1.07
2015.06.18 12:02:28.431,1.39876,1.39885,1.65,3.79
2015.06.18 12:02:28.482,1.39879,1.39885,1.37,3.41
2015.06.18 12:02:28.735,1.39883,1.39889,2.51,1.91
2015.06.18 12:02:28.837,1.39884,1.39887,1.95,1.00
2015.06.18 12:02:29.360,1.39886,1.39887,1.00,1.00
2015.06.18 12:02:29.562,1.39883,1.39887,1.20,1.00
2015.06.18 12:02:29.967,1.39882,1.39885,1.10,1.00
2015.06.18 12:02:30.390,1.39878,1.39884,2.70,1.00
2015.06.18 12:02:30.897,1.39877,1.39885,1.95,2.25
2015.06.18 12:02:31.645,1.39879,1.39885,1.47,1.50
2015.06.18 12:02:32.151,1.39879,1.39884,1.47,1.00
2015.06.18 12:02:32.726,1.3988,1.39884,1.20,1.00
2015.06.18 12:02:34.606,1.3988,1.39885,1.45,1.50
2015.06.18 12:02:35.206,1.3988,1.39884,1.45,1.00
2015.06.18 12:02:35.560,1.3988,1.39885,1.95,1.00
2015.06.18 12:02:36.150,1.39882,1.39885,1.47,1.00
2015.06.18 12:02:38.434,1.39881,1.39885,2.70,1.00
2015.06.18 12:02:39.771,1.39883,1.39885,1.00,1.00
2015.06.18 12:02:46.075,1.39882,1.39884,1.00,1.00
2015.06.18 12:02:46.227,1.3988,1.39884,1.12,1.00
2015.06.18 12:02:46.634,1.39882,1.39884,1.00,1.00
2015.06.18 12:02:47.182,1.39882,1.39885,1.00,1.05
2015.06.18 12:02:48.117,1.39883,1.39885,1.00,1.00
2015.06.18 12:02:48.690,1.39883,1.39886,1.00,1.00
2015.06.18 12:02:48.791,1.39881,1.39885,1.00,1.00
2015.06.18 12:02:49.296,1.3988,1.39883,1.00,1.00
2015.06.18 12:02:49.448,1.39876,1.39882,2.77,1.05
2015.06.18 12:02:49.756,1.39876,1.39882,1.50,2.62
2015.06.18 12:02:50.262,1.39879,1.39883,1.00,1.37
2015.06.18 12:02:50.577,1.39877,1.39883,1.12,1.37
2015.06.18 12:02:51.290,1.39877,1.39882,1.37,1.37
2015.06.18 12:02:51.802,1.39877,1.39882,1.12,1.87
2015.06.18 12:02:52.170,1.39876,1.39882,1.65,1.87
2015.06.18 12:02:53.014,1.39876,1.39883,1.57,1.42
2015.06.18 12:02:53.825,1.39877,1.39883,1.37,1.42
2015.06.18 12:02:54.337,1.39877,1.39883,1.37,1.37
2015.06.18 12:02:55.698,1.3988,1.39884,1.37,1.12
2015.06.18 12:02:55.800,1.3988,1.39886,1.37,3.37
2015.06.18 12:02:56.888,1.39879,1.39885,2.06,1.91
2015.06.18 12:02:57.448,1.39878,1.39883,3.37,1.12
2015.06.18 12:02:57.983,1.39877,1.39883,1.65,1.12
2015.06.18 12:02:59.041,1.39877,1.39883,1.69,1.12
2015.06.18 12:02:59.587,1.39877,1.39883,1.65,1.12
2015.06.18 12:03:02.823,1.39879,1.39884,1.37,1.37
2015.06.18 12:03:03.287,1.39879,1.39885,1.37,1.42
2015.06.18 12:03:04.336,1.39878,1.39883,1.20,1.50
2015.06.18 12:03:04.390,1.39877,1.39883,1.12,2.25
2015.06.18 12:03:04.744,1.39877,1.39883,1.37,1.50
2015.06.18 12:03:07.134,1.39877,1.39883,1.37,1.50
2015.06.18 12:03:07.834,1.3988,1.39885,1.12,1.99
2015.06.18 12:03:08.240,1.39882,1.39886,1.12,1.37
2015.06.18 12:03:08.797,1.39879,1.39886,2.62,1.37
2015.06.18 12:03:08.949,1.39879,1.39886,1.20,1.37
2015.06.18 12:03:09.467,1.39878,1.39883,1.00,1.00
2015.06.18 12:03:10.524,1.39878,1.39882,1.37,1.00
2015.06.18 12:03:10.625,1.39876,1.39881,1.20,1.00
2015.06.18 12:03:10.777,1.39874,1.39879,2.70,1.00
2015.06.18 12:03:10.929,1.39873,1.39879,1.00,1.00
2015.06.18 12:03:11.455,1.39874,1.39878,1.00,2.32
2015.06.18 12:03:11.956,1.39874,1.39878,1.72,1.57
2015.06.18 12:03:12.057,1.39874,1.39878,1.00,1.95
2015.06.18 12:03:12.209,1.39876,1.3988,1.00,1.50
2015.06.18 12:03:12.390,1.39878,1.39882,1.00,1.12
2015.06.18 12:03:12.441,1.39878,1.39883,1.00,1.50
2015.06.18 12:03:12.948,1.39875,1.39881,1.00,1.00
2015.06.18 12:03:13.302,1.39873,1.39878,1.00,1.00
2015.06.18 12:03:13.606,1.39871,1.39878,1.00,1.00
2015.06.18 12:03:15.360,1.39871,1.39877,1.30,1.00
2015.06.18 12:03:16.687,1.3987,1.39876,1.10,1.00
2015.06.18 12:03:17.188,1.3987,1.39875,1.00,1.00
2015.06.18 12:03:17.722,1.39869,1.39875,1.12,1.00
2015.06.18 12:03:18.558,1.39869,1.39876,1.12,1.00
2015.06.18 12:03:19.042,1.39871,1.39876,1.00,1.50
2015.06.18 12:03:24.052,1.39871,1.39875,1.00,1.00
2015.06.18 12:03:24.619,1.39871,1.39876,1.00,1.50
2015.06.18 12:03:25.524,1.39871,1.39877,1.12,1.50
2015.06.18 12:03:26.198,1.39872,1.39877,1.00,1.00
2015.06.18 12:03:26.876,1.39871,1.39877,2.47,1.00
2015.06.18 12:03:26.978,1.39872,1.39879,1.37,1.69
2015.06.18 12:03:27.514,1.39874,1.39879,1.00,1.00
2015.06.18 12:03:28.482,1.39874,1.3988,1.12,1.54
2015.06.18 12:03:28.988,1.39874,1.39879,1.50,1.00
2015.06.18 12:03:30.689,1.39877,1.3988,1.00,2.25
2015.06.18 12:03:31.119,1.39878,1.39881,1.00,1.20
2015.06.18 12:03:31.534,1.39876,1.39881,1.00,1.00
2015.06.18 12:03:33.899,1.39876,1.39884,1.00,4.91
2015.06.18 12:03:34.555,1.39877,1.39883,1.00,1.12
2015.06.18 12:03:35.685,1.39877,1.39883,1.00,2.62
2015.06.18 12:03:35.897,1.39877,1.39883,1.00,2.66
2015.06.18 12:03:36.404,1.39878,1.39884,1.00,1.69
2015.06.18 12:03:36.914,1.39878,1.39884,1.00,1.35
2015.06.18 12:03:37.428,1.39879,1.39885,1.72,1.12
2015.06.18 12:03:37.480,1.39883,1.39886,1.00,1.12
2015.06.18 12:03:37.632,1.39887,1.3989,1.00,1.50
2015.06.18 12:03:38.203,1.39888,1.39889,1.54,1.12
2015.06.18 12:03:38.715,1.39889,1.39891,1.50,1.37
2015.06.18 12:03:39.427,1.3989,1.39895,1.00,1.12
2015.06.18 12:03:39.480,1.3989,1.39896,1.00,1.75
2015.06.18 12:03:40.558,1.39891,1.39896,1.00,1.80
2015.06.18 12:03:40.609,1.39892,1.39898,1.00,3.82
2015.06.18 12:03:40.817,1.39896,1.39902,1.00,3.37
2015.06.18 12:03:40.919,1.39897,1.39904,1.00,1.50
2015.06.18 12:03:41.425,1.39896,1.39903,1.00,1.57
2015.06.18 12:03:43.783,1.39896,1.39903,1.12,1.25
2015.06.18 12:03:44.191,1.39895,1.39904,1.50,2.70
2015.06.18 12:03:44.445,1.39893,1.399,1.61,1.00
2015.06.18 12:03:44.546,1.39892,1.39901,1.12,3.37
2015.06.18 12:03:44.752,1.39897,1.39901,1.50,1.20
2015.06.18 12:03:44.905,1.39897,1.39905,3.04,1.16
2015.06.18 12:03:45.905,1.39897,1.39905,2.25,1.07
2015.06.18 12:03:46.394,1.39902,1.39906,1.12,1.16
2015.06.18 12:03:46.546,1.39902,1.39909,1.37,1.12
2015.06.18 12:03:46.597,1.39902,1.39909,1.37,1.12
2015.06.18 12:03:46.699,1.39902,1.39911,1.00,1.24
2015.06.18 12:03:47.026,1.39904,1.39911,1.50,1.45
2015.06.18 12:03:47.330,1.39907,1.39913,1.50,1.57
2015.06.18 12:03:47.482,1.39907,1.39914,2.25,1.12
2015.06.18 12:03:48.653,1.39907,1.39915,1.50,1.95
2015.06.18 12:03:49.423,1.39908,1.39915,1.87,1.16
2015.06.18 12:03:49.739,1.39913,1.39919,1.00,2.77
2015.06.18 12:03:50.305,1.3991,1.39917,1.00,1.27
2015.06.18 12:03:51.113,1.3991,1.39917,2.62,1.90
2015.06.18 12:03:51.626,1.39909,1.39916,1.00,1.57
2015.06.18 12:03:51.830,1.39907,1.39916,1.87,3.15
2015.06.18 12:03:52.339,1.39905,1.39915,4.95,3.04
2015.06.18 12:03:52.440,1.39907,1.39915,1.87,2.29
2015.06.18 12:03:52.542,1.3991,1.39915,1.35,1.87
2015.06.18 12:03:52.897,1.39907,1.39916,3.41,1.50
2015.06.18 12:03:53.512,1.39907,1.39915,1.27,3.37
2015.06.18 12:03:53.664,1.39906,1.3991,1.91,1.00
2015.06.18 12:03:53.969,1.39901,1.39905,1.10,1.87
2015.06.18 12:03:54.122,1.39903,1.3991,1.50,2.66
2015.06.18 12:03:54.274,1.39904,1.3991,1.50,1.05
2015.06.18 12:03:54.558,1.39909,1.39914,1.00,1.54
2015.06.18 12:03:54.660,1.39907,1.39915,1.00,1.95
2015.06.18 12:03:55.176,1.39907,1.39915,1.12,3.07
2015.06.18 12:03:55.328,1.39905,1.39915,3.07,3.82
2015.06.18 12:03:55.429,1.39905,1.39915,2.70,5.36
2015.06.18 12:03:56.606,1.39905,1.39914,1.10,1.57
2015.06.18 12:03:57.111,1.39905,1.39913,1.12,1.95
2015.06.18 12:03:58.388,1.39905,1.39913,1.12,2.36
2015.06.18 12:03:59.277,1.39904,1.39913,1.50,1.12
2015.06.18 12:03:59.834,1.39904,1.39914,1.45,4.27
2015.06.18 12:03:59.935,1.39903,1.39913,2.62,1.27
2015.06.18 12:04:00.268,1.39906,1.39912,1.00,1.00
2015.06.18 12:04:00.421,1.39904,1.39911,1.00,1.00
2015.06.18 12:04:00.522,1.39904,1.39907,1.10,1.00
2015.06.18 12:04:01.030,1.39897,1.39907,4.42,1.95
2015.06.18 12:04:01.457,1.39903,1.39911,1.20,1.57
2015.06.18 12:04:01.514,1.39905,1.39911,1.00,1.50
2015.06.18 12:04:01.666,1.39905,1.39913,1.00,2.32
2015.06.18 12:04:02.174,1.39904,1.39913,2.32,2.62
2015.06.18 12:04:02.620,1.39902,1.39911,2.66,2.25
2015.06.18 12:04:03.497,1.39902,1.39911,3.37,2.25
2015.06.18 12:04:04.508,1.39902,1.39911,3.37,2.25
2015.06.18 12:04:04.812,1.39904,1.39911,1.37,1.50
2015.06.18 12:04:05.127,1.39907,1.39913,1.10,1.95
2015.06.18 12:04:05.330,1.39907,1.39915,1.07,2.25
2015.06.18 12:04:05.734,1.39908,1.39915,1.45,2.25
2015.06.18 12:04:07.067,1.39908,1.39917,2.25,1.87
2015.06.18 12:04:10.517,1.39909,1.39916,1.69,1.00
2015.06.18 12:04:11.820,1.39908,1.39916,1.50,3.86
2015.06.18 12:04:13.270,1.39909,1.39916,1.37,2.02
2015.06.18 12:04:13.661,1.39914,1.39921,1.37,2.29
2015.06.18 12:04:13.720,1.39914,1.39921,1.12,2.29
2015.06.18 12:04:14.077,1.39911,1.39921,1.42,1.72
2015.06.18 12:04:14.179,1.39911,1.39918,1.37,1.00
2015.06.18 12:04:14.687,1.39911,1.39917,1.37,1.00
2015.06.18 12:04:17.301,1.39911,1.39917,1.12,1.00
2015.06.18 12:04:19.187,1.3991,1.39917,1.37,1.12
2015.06.18 12:04:19.699,1.3991,1.39917,1.37,2.62
2015.06.18 12:04:20.562,1.39908,1.39917,2.62,2.62
2015.06.18 12:04:20.766,1.39909,1.39918,4.87,1.16
2015.06.18 12:04:21.277,1.39909,1.39918,3.07,1.10
2015.06.18 12:04:21.328,1.39909,1.39918,3.07,1.10
2015.06.18 12:04:21.834,1.39909,1.39917,1.00,1.57
2015.06.18 12:04:23.181,1.39909,1.39917,1.37,1.57
2015.06.18 12:04:23.310,1.39909,1.39917,1.00,1.56
2015.06.18 12:04:23.513,1.39907,1.39914,1.57,1.00
2015.06.18 12:04:24.583,1.3991,1.39916,1.87,1.20
2015.06.18 12:04:24.887,1.39914,1.39922,1.37,1.57
2015.06.18 12:04:25.140,1.39913,1.39922,2.81,1.62
2015.06.18 12:04:26.027,1.39913,1.39922,2.81,1.57
2015.06.18 12:04:26.129,1.39913,1.39922,2.02,1.65
2015.06.18 12:04:26.281,1.39912,1.3992,1.20,1.87
2015.06.18 12:04:26.871,1.3991,1.39919,2.25,2.25
2015.06.18 12:04:27.177,1.39909,1.39916,1.95,1.00
2015.06.18 12:04:28.748,1.39909,1.39916,1.27,1.50
2015.06.18 12:04:29.644,1.39909,1.39916,1.57,1.50
2015.06.18 12:04:31.448,1.39909,1.39916,1.57,1.50
2015.06.18 12:04:31.645,1.3991,1.39919,1.47,1.15
2015.06.18 12:04:32.152,1.3991,1.39919,1.47,2.74
2015.06.18 12:04:32.354,1.39909,1.39918,1.87,1.57
2015.06.18 12:04:34.141,1.39909,1.39917,1.37,1.10
2015.06.18 12:04:34.838,1.39909,1.39917,1.50,1.47
2015.06.18 12:04:35.193,1.39907,1.39915,4.12,1.87
2015.06.18 12:04:35.715,1.39907,1.39917,3.82,1.52
2015.06.18 12:04:36.451,1.39907,1.39917,4.20,1.47
2015.06.18 12:04:37.169,1.39907,1.39917,4.24,1.57
2015.06.18 12:04:37.674,1.39908,1.39917,1.00,3.82
2015.06.18 12:04:38.179,1.39907,1.39916,4.12,1.20
2015.06.18 12:04:38.901,1.39907,1.39917,4.12,3.79
2015.06.18 12:04:40.440,1.3991,1.39913,1.12,1.00
2015.06.18 12:04:42.433,1.39911,1.39913,1.00,1.00
2015.06.18 12:04:42.972,1.39911,1.39913,1.37,1.00
2015.06.18 12:04:47.259,1.39909,1.39914,1.50,1.05
2015.06.18 12:04:47.512,1.39918,1.39921,1.12,1.57
2015.06.18 12:04:47.613,1.39918,1.39923,1.12,1.00
2015.06.18 12:04:47.664,1.39918,1.39923,1.37,1.00
2015.06.18 12:04:47.715,1.3992,1.39925,1.37,1.54
2015.06.18 12:04:48.343,1.3992,1.39926,1.57,1.05
2015.06.18 12:04:48.647,1.3992,1.39924,1.57,1.00
2015.06.18 12:04:49.752,1.39921,1.39926,1.12,1.05
2015.06.18 12:04:50.157,1.39917,1.39925,2.62,1.87
2015.06.18 12:04:50.208,1.39917,1.39925,1.57,1.95
2015.06.18 12:04:50.751,1.39918,1.39925,1.00,1.20
2015.06.18 12:04:51.667,1.39918,1.39924,1.00,1.00
2015.06.18 12:04:51.768,1.39916,1.39923,1.27,1.12
2015.06.18 12:04:51.984,1.39916,1.3992,1.12,1.50
2015.06.18 12:04:52.455,1.39915,1.39923,1.37,1.65
2015.06.18 12:04:52.961,1.39916,1.3992,1.12,1.00
2015.06.18 12:04:53.223,1.39915,1.39922,1.47,1.00
2015.06.18 12:04:55.039,1.39915,1.3992,1.57,1.00
2015.06.18 12:04:55.675,1.39916,1.39921,1.00,1.00
2015.06.18 12:04:55.726,1.39916,1.39924,1.00,5.32
2015.06.18 12:04:55.979,1.39916,1.39926,1.95,1.87
2015.06.18 12:04:56.245,1.39916,1.39927,3.45,3.19
2015.06.18 12:04:56.852,1.39916,1.39927,3.07,2.81
2015.06.18 12:04:57.358,1.39917,1.39927,1.57,4.31
2015.06.18 12:04:57.707,1.39921,1.39926,1.00,1.47
2015.06.18 12:04:58.253,1.39921,1.39926,1.00,1.07
2015.06.18 12:04:58.922,1.39921,1.39927,1.00,3.82
2015.06.18 12:04:59.499,1.39917,1.39925,1.99,4.12
2015.06.18 12:04:59.753,1.39915,1.39922,1.87,3.75
2015.06.18 12:04:59.804,1.39913,1.39922,2.02,3.07
2015.06.18 12:05:00.310,1.39913,1.3992,1.05,1.00
2015.06.18 12:05:00.555,1.39916,1.39924,1.05,1.20
2015.06.18 12:05:00.611,1.39915,1.39925,1.80,3.45
2015.06.18 12:05:01.065,1.39915,1.3992,1.07,1.37
2015.06.18 12:05:01.268,1.39913,1.39919,1.10,1.00
2015.06.18 12:05:01.370,1.39911,1.39919,1.00,1.07
2015.06.18 12:05:01.898,1.3991,1.39919,2.32,1.07
2015.06.18 12:05:03.109,1.3991,1.39919,1.95,1.45
2015.06.18 12:05:08.939,1.3991,1.39919,1.57,1.95
2015.06.18 12:05:09.445,1.3991,1.39917,1.00,1.10
2015.06.18 12:05:10.060,1.39909,1.39917,2.55,1.10
2015.06.18 12:05:10.678,1.39909,1.39913,1.80,1.00
2015.06.18 12:05:11.297,1.39909,1.39915,2.07,1.09
2015.06.18 12:05:11.850,1.39909,1.39915,2.07,1.50
2015.06.18 12:05:13.365,1.39909,1.39913,1.72,1.00
2015.06.18 12:05:13.467,1.39907,1.39913,3.49,1.00
2015.06.18 12:05:14.639,1.39909,1.39911,1.00,1.00
2015.06.18 12:05:15.183,1.39905,1.39911,2.47,1.00
2015.06.18 12:05:16.084,1.39905,1.39911,2.47,1.00
2015.06.18 12:05:18.036,1.39907,1.39912,2.21,1.00
2015.06.18 12:05:18.189,1.3991,1.39914,1.35,1.05
2015.06.18 12:05:18.291,1.39909,1.39912,1.00,1.00
2015.06.18 12:05:18.495,1.39908,1.39914,2.47,1.12
2015.06.18 12:05:18.647,1.39906,1.39914,2.17,1.05
2015.06.18 12:05:18.800,1.39906,1.39911,2.17,1.00
2015.06.18 12:05:19.120,1.39904,1.39909,1.12,1.00
2015.06.18 12:05:19.648,1.39903,1.3991,4.87,1.00
2015.06.18 12:05:20.239,1.39905,1.3991,2.10,1.12
2015.06.18 12:05:20.341,1.39903,1.39909,2.17,1.37
2015.06.18 12:05:20.443,1.39902,1.39907,1.72,1.12
2015.06.18 12:05:21.463,1.39902,1.39906,1.50,1.00
2015.06.18 12:05:21.665,1.39903,1.39908,1.00,1.00
2015.06.18 12:05:22.175,1.39903,1.3991,1.00,3.45
2015.06.18 12:05:22.700,1.39903,1.3991,1.00,2.77
2015.06.18 12:05:23.225,1.39904,1.3991,1.10,3.00
2015.06.18 12:05:23.581,1.39906,1.39912,1.00,3.00
2015.06.18 12:05:24.800,1.39904,1.39912,2.06,3.37
2015.06.18 12:05:25.104,1.39904,1.39912,1.91,3.00
2015.06.18 12:05:25.827,1.39904,1.39907,1.62,1.00
2015.06.18 12:05:25.928,1.39903,1.39907,1.87,1.50
2015.06.18 12:05:26.080,1.39897,1.39905,3.30,1.54
2015.06.18 12:05:26.639,1.39895,1.39903,5.59,1.00
2015.06.18 12:05:27.165,1.39895,1.39903,5.17,1.87
2015.06.18 12:05:27.697,1.39896,1.39903,1.97,1.87
2015.06.18 12:05:28.028,1.39896,1.39903,1.97,1.87
2015.06.18 12:05:28.532,1.39896,1.39903,1.97,1.87
2015.06.18 12:05:31.447,1.39895,1.39903,3.30,2.62
2015.06.18 12:05:32.163,1.39896,1.39903,3.22,1.87
2015.06.18 12:05:32.682,1.39896,1.39903,3.22,1.00
2015.06.18 12:05:33.213,1.39897,1.39904,1.97,1.10
2015.06.18 12:05:35.596,1.39899,1.39904,2.47,1.47
2015.06.18 12:05:35.647,1.39899,1.39901,1.87,1.00
2015.06.18 12:05:35.940,1.39899,1.39904,1.87,1.65
2015.06.18 12:05:36.092,1.39902,1.39904,1.00,1.10
2015.06.18 12:05:36.397,1.39911,1.39912,1.00,4.57
2015.06.18 12:05:36.448,1.39911,1.39913,1.00,1.05
2015.06.18 12:05:36.551,1.39911,1.39916,1.00,1.50
2015.06.18 12:05:36.603,1.39913,1.39918,1.00,2.70
2015.06.18 12:05:36.931,1.39915,1.39922,1.12,4.57
2015.06.18 12:05:37.184,1.39915,1.39922,1.16,1.10
2015.06.18 12:05:38.275,1.39916,1.39922,1.00,1.10
2015.06.18 12:05:38.326,1.39916,1.39924,1.37,2.36
2015.06.18 12:05:39.315,1.39916,1.39922,1.37,1.37
2015.06.18 12:05:39.367,1.39915,1.39922,1.10,2.25
2015.06.18 12:05:39.418,1.39912,1.39919,3.45,1.00
2015.06.18 12:05:39.673,1.39911,1.39917,1.27,1.00
2015.06.18 12:05:39.927,1.39907,1.39917,2.36,3.07
2015.06.18 12:05:40.079,1.39906,1.39915,1.37,3.00
2015.06.18 12:05:40.383,1.39904,1.39912,1.80,1.00
2015.06.18 12:05:40.586,1.39904,1.39911,1.05,1.00
2015.06.18 12:05:42.826,1.39907,1.39913,1.72,1.57
2015.06.18 12:05:43.372,1.39907,1.39914,1.72,1.57
2015.06.18 12:05:47.887,1.39907,1.39914,1.37,1.10
2015.06.18 12:05:49.303,1.39907,1.39914,1.37,1.20
2015.06.18 12:05:50.549,1.39907,1.39914,1.37,1.47
2015.06.18 12:05:51.099,1.39907,1.39914,1.37,1.20
2015.06.18 12:05:53.611,1.39911,1.39916,1.12,3.00
2015.06.18 12:05:54.360,1.39911,1.39913,1.12,1.00
2015.06.18 12:05:54.411,1.39907,1.39913,1.00,1.37
2015.06.18 12:05:54.565,1.39906,1.39913,1.87,1.99
2015.06.18 12:05:54.617,1.39906,1.39913,2.25,2.40
2015.06.18 12:05:54.870,1.39909,1.39915,1.37,2.70
2015.06.18 12:05:58.389,1.3991,1.39915,1.37,1.57
2015.06.18 12:06:00.767,1.3991,1.39917,1.37,2.32
2015.06.18 12:06:01.284,1.3991,1.39917,1.47,1.50
2015.06.18 12:06:01.460,1.39912,1.39917,2.25,1.00
2015.06.18 12:06:01.796,1.39916,1.39922,6.00,1.00
2015.06.18 12:06:01.847,1.39916,1.39925,6.00,1.69
2015.06.18 12:06:02.642,1.39916,1.39924,6.00,1.00
2015.06.18 12:06:03.012,1.39918,1.39924,2.25,1.00
2015.06.18 12:06:03.438,1.39918,1.39922,2.25,1.12
2015.06.18 12:06:03.993,1.39918,1.39923,2.25,2.77
2015.06.18 12:06:04.713,1.39917,1.39923,1.00,1.20
2015.06.18 12:06:05.494,1.39915,1.3992,1.20,1.00
2015.06.18 12:06:05.810,1.39913,1.39919,3.75,1.05
2015.06.18 12:06:06.342,1.39913,1.3992,3.75,2.29
2015.06.18 12:06:06.494,1.39913,1.39918,3.75,1.37
2015.06.18 12:06:07.021,1.39913,1.39918,4.12,1.54
2015.06.18 12:06:07.904,1.39913,1.39918,4.12,1.42
2015.06.18 12:06:08.412,1.39913,1.39918,4.35,1.16
2015.06.18 12:06:08.918,1.39914,1.3992,1.00,3.15
2015.06.18 12:06:09.489,1.39913,1.39918,1.00,1.00
2015.06.18 12:06:10.993,1.39913,1.3992,1.35,2.77
2015.06.18 12:06:11.401,1.39911,1.39918,1.35,1.87
2015.06.18 12:06:11.938,1.39912,1.39918,1.35,1.87
2015.06.18 12:06:12.538,1.39912,1.39918,1.35,1.87
2015.06.18 12:06:12.957,1.39912,1.39917,1.35,1.07
2015.06.18 12:06:13.493,1.39912,1.39916,1.35,1.50
2015.06.18 12:06:18.524,1.39913,1.39916,1.30,1.50
2015.06.18 12:06:23.114,1.39913,1.39917,1.30,1.37
2015.06.18 12:06:24.194,1.39913,1.39918,1.30,4.35
2015.06.18 12:06:26.481,1.39909,1.39917,4.16,1.87
2015.06.18 12:06:26.785,1.39909,1.39916,4.12,2.70
2015.06.18 12:06:28.175,1.39909,1.39916,4.12,1.45
2015.06.18 12:06:28.226,1.39907,1.39916,2.92,1.45
2015.06.18 12:06:29.776,1.39907,1.39916,2.32,1.95
2015.06.18 12:06:30.227,1.39906,1.39912,1.57,1.05
2015.06.18 12:06:30.278,1.39906,1.39912,1.57,1.05
2015.06.18 12:06:30.532,1.39908,1.39915,1.37,2.62
2015.06.18 12:06:30.749,1.39913,1.39916,2.62,1.00
2015.06.18 12:06:30.800,1.39914,1.3992,1.12,1.20
2015.06.18 12:06:31.333,1.39913,1.39921,2.62,1.37
2015.06.18 12:06:31.818,1.39913,1.39921,3.07,1.37
2015.06.18 12:06:31.995,1.39913,1.39921,3.07,1.37
2015.06.18 12:06:32.500,1.39915,1.39923,1.80,1.10
2015.06.18 12:06:33.366,1.39917,1.39924,1.00,2.74
2015.06.18 12:06:35.064,1.39917,1.39923,1.00,1.72
2015.06.18 12:06:35.418,1.39917,1.39924,1.00,1.65
2015.06.18 12:06:36.203,1.39918,1.39925,1.00,3.07
2015.06.18 12:06:36.704,1.39918,1.39925,1.00,1.69
2015.06.18 12:06:37.209,1.39917,1.39925,2.02,1.69
2015.06.18 12:06:37.801,1.39916,1.39924,2.62,1.00
2015.06.18 12:06:38.311,1.39917,1.39924,1.12,1.54
2015.06.18 12:06:38.715,1.39917,1.39925,1.47,1.20
2015.06.18 12:06:39.489,1.39917,1.39924,1.10,1.87
2015.06.18 12:06:40.015,1.39915,1.39924,1.24,3.49
2015.06.18 12:06:41.017,1.39915,1.39922,1.95,1.00
2015.06.18 12:06:41.564,1.39914,1.39922,3.15,2.02
2015.06.18 12:06:42.225,1.39914,1.39921,1.27,1.00
2015.06.18 12:06:43.252,1.39915,1.39921,1.00,1.20
2015.06.18 12:06:43.832,1.39915,1.39921,1.50,1.57
2015.06.18 12:06:44.922,1.39915,1.3992,1.87,1.20
2015.06.18 12:06:45.572,1.39917,1.39921,1.00,1.50
2015.06.18 12:06:47.446,1.39917,1.39918,1.00,1.00
2015.06.18 12:06:47.548,1.39916,1.39921,1.00,1.15
2015.06.18 12:06:47.750,1.39915,1.39919,1.12,1.00
2015.06.18 12:06:48.523,1.39914,1.39919,1.05,1.12
2015.06.18 12:06:50.187,1.39914,1.39919,1.37,1.16
2015.06.18 12:06:50.706,1.39914,1.39918,1.37,1.00
2015.06.18 12:06:52.072,1.39915,1.3992,2.85,1.00
2015.06.18 12:06:52.325,1.39918,1.39924,2.85,1.57
2015.06.18 12:06:52.853,1.39918,1.39924,2.47,1.16
2015.06.18 12:06:53.564,1.39921,1.39925,1.00,1.56
2015.06.18 12:06:53.868,1.39934,1.39936,3.00,7.95
2015.06.18 12:06:53.919,1.39936,1.39939,2.25,8.25
2015.06.18 12:06:54.071,1.39939,1.39943,1.00,1.37
2015.06.18 12:06:54.253,1.39939,1.39943,1.00,1.00
2015.06.18 12:06:54.305,1.39935,1.39941,4.91,1.00
2015.06.18 12:06:54.507,1.39935,1.3994,1.72,1.00
2015.06.18 12:06:55.064,1.39935,1.39938,1.30,1.00
2015.06.18 12:06:55.329,1.39931,1.39939,2.10,1.00
2015.06.18 12:06:56.052,1.39931,1.39935,2.85,1.00
2015.06.18 12:06:56.431,1.39929,1.3993,1.12,1.00
2015.06.18 12:06:56.482,1.39926,1.3993,2.10,1.00
2015.06.18 12:06:57.039,1.39927,1.39933,2.10,3.15
2015.06.18 12:06:57.141,1.39923,1.3993,1.80,1.00
2015.06.18 12:06:57.192,1.39922,1.39929,1.70,1.00
2015.06.18 12:06:57.694,1.39921,1.39928,2.10,1.00
2015.06.18 12:06:58.040,1.39919,1.39927,2.10,1.37
2015.06.18 12:06:58.293,1.39918,1.39922,3.22,1.00
2015.06.18 12:06:58.344,1.39918,1.39922,1.00,1.00
2015.06.18 12:06:58.497,1.39913,1.39921,3.07,1.10
2015.06.18 12:06:58.837,1.39914,1.39921,1.00,1.20
2015.06.18 12:06:59.092,1.39912,1.3992,1.00,2.25
2015.06.18 12:06:59.345,1.39912,1.3992,2.85,2.74
2015.06.18 12:07:00.453,1.39913,1.3992,2.47,1.57
2015.06.18 12:07:00.757,1.39918,1.39923,1.00,1.45
2015.06.18 12:07:02.748,1.39917,1.39924,1.35,1.47
2015.06.18 12:07:02.798,1.39917,1.39925,1.35,1.87
2015.06.18 12:07:03.328,1.39918,1.39926,1.72,4.12
2015.06.18 12:07:04.290,1.39918,1.39926,3.22,2.25
2015.06.18 12:07:05.055,1.39918,1.39926,3.22,2.25
2015.06.18 12:07:06.102,1.39918,1.39922,1.37,1.00
2015.06.18 12:07:06.154,1.39918,1.39922,1.00,1.00
2015.06.18 12:07:06.560,1.39913,1.39922,2.70,3.37
2015.06.18 12:07:06.712,1.39916,1.39922,1.12,2.77
2015.06.18 12:07:07.242,1.39912,1.3992,1.97,1.50
2015.06.18 12:07:07.563,1.39912,1.39918,2.47,1.50
2015.06.18 12:07:08.623,1.39911,1.39918,2.47,1.91
2015.06.18 12:07:08.775,1.39911,1.39918,2.47,1.91
2015.06.18 12:07:08.876,1.39912,1.39918,2.47,1.87
2015.06.18 12:07:09.575,1.39911,1.39915,1.30,1.37
2015.06.18 12:07:09.676,1.39908,1.39912,3.37,1.37
2015.06.18 12:07:09.727,1.39908,1.39912,1.12,1.37
2015.06.18 12:07:09.982,1.39903,1.39908,2.70,4.20
2015.06.18 12:07:10.489,1.39905,1.39906,1.00,1.50
2015.06.18 12:07:11.062,1.39903,1.39906,2.47,1.87
2015.06.18 12:07:11.371,1.39902,1.39906,2.10,1.37
2015.06.18 12:07:11.911,1.39902,1.39906,2.10,1.37
2015.06.18 12:07:12.383,1.39899,1.39903,2.47,1.37
2015.06.18 12:07:12.434,1.39896,1.39903,1.57,1.37
2015.06.18 12:07:12.486,1.39896,1.39899,1.57,1.87
2015.06.18 12:07:12.587,1.39895,1.39898,2.25,1.37
2015.06.18 12:07:12.689,1.39894,1.39897,2.25,1.37
2015.06.18 12:07:12.943,1.39889,1.39896,2.47,1.12
2015.06.18 12:07:13.456,1.39891,1.39895,1.30,1.57
2015.06.18 12:07:13.971,1.3989,1.39896,2.47,1.50
2015.06.18 12:07:14.480,1.3989,1.39896,2.47,1.50
2015.06.18 12:07:14.788,1.39891,1.39896,1.30,1.50
2015.06.18 12:07:15.091,1.39891,1.39896,2.10,1.12
2015.06.18 12:07:15.193,1.39891,1.39898,2.10,1.45
2015.06.18 12:07:15.850,1.39889,1.39898,1.72,3.04
2015.06.18 12:07:15.901,1.39889,1.39898,1.72,3.41
2015.06.18 12:07:16.414,1.39887,1.39895,4.72,1.07
2015.06.18 12:07:17.690,1.39889,1.39895,2.47,1.07
2015.06.18 12:07:19.041,1.3989,1.39896,2.47,1.50
2015.06.18 12:07:19.639,1.39892,1.39897,2.85,1.12
2015.06.18 12:07:19.947,1.39894,1.39903,5.55,1.47
2015.06.18 12:07:20.454,1.39895,1.39902,1.00,1.00
2015.06.18 12:07:20.813,1.39894,1.39902,2.25,1.16
2015.06.18 12:07:22.593,1.39895,1.39902,1.00,1.45
2015.06.18 12:07:27.601,1.39894,1.39902,1.00,1.12
2015.06.18 12:07:27.905,1.39892,1.39902,1.09,1.87
2015.06.18 12:07:30.180,1.39891,1.399,1.60,1.12
2015.06.18 12:07:30.819,1.39891,1.399,1.72,1.45
2015.06.18 12:07:33.422,1.39893,1.399,1.00,1.45
2015.06.18 12:07:33.726,1.39893,1.39901,1.72,3.04
2015.06.18 12:07:34.259,1.39893,1.39901,1.72,2.32
2015.06.18 12:07:34.595,1.39891,1.39899,1.80,1.87
2015.06.18 12:07:34.647,1.39891,1.39898,1.05,1.87
2015.06.18 12:07:35.057,1.3989,1.39895,1.30,1.87
2015.06.18 12:07:37.768,1.3989,1.39895,1.72,1.87
2015.06.18 12:07:37.879,1.3989,1.39895,3.22,1.87
2015.06.18 12:07:39.770,1.3989,1.39895,3.22,1.50
2015.06.18 12:07:40.836,1.39888,1.39895,3.97,1.87
2015.06.18 12:07:41.140,1.39891,1.39897,2.85,1.12
2015.06.18 12:07:41.191,1.39891,1.39898,2.85,1.12
2015.06.18 12:07:41.717,1.39891,1.39899,2.89,1.75
2015.06.18 12:07:42.497,1.3989,1.39897,1.09,2.40
2015.06.18 12:07:43.022,1.39885,1.39893,3.60,1.12
2015.06.18 12:07:44.101,1.3989,1.39895,1.30,2.44
2015.06.18 12:07:44.296,1.39891,1.39896,2.10,1.82
2015.06.18 12:07:44.348,1.39889,1.39896,3.22,1.45
2015.06.18 12:07:44.398,1.39889,1.39896,3.22,1.45
2015.06.18 12:07:44.928,1.3989,1.39895,1.30,1.47
2015.06.18 12:07:45.443,1.3989,1.39895,1.30,1.47
2015.06.18 12:07:46.247,1.39887,1.39894,2.47,1.87
2015.06.18 12:07:46.605,1.39889,1.39894,2.10,1.87
2015.06.18 12:07:46.656,1.39888,1.39894,1.30,1.87
2015.06.18 12:07:47.192,1.39888,1.39893,1.30,1.07
2015.06.18 12:07:48.049,1.39886,1.39892,3.22,1.47
2015.06.18 12:07:48.100,1.39886,1.39892,1.12,1.85
2015.06.18 12:07:48.151,1.39886,1.39892,1.00,2.32
2015.06.18 12:07:48.202,1.39883,1.39887,1.99,1.00
2015.06.18 12:07:48.738,1.39882,1.39887,4.35,1.10
2015.06.18 12:07:48.991,1.39882,1.39887,2.85,1.10
2015.06.18 12:07:50.208,1.39883,1.39889,1.35,1.07
2015.06.18 12:07:50.838,1.3988,1.39888,1.35,1.07
2015.06.18 12:07:50.889,1.3988,1.39887,2.10,1.47
2015.06.18 12:07:50.940,1.3988,1.39886,1.50,1.50
2015.06.18 12:07:51.326,1.3988,1.39885,1.30,3.90
2015.06.18 12:07:51.528,1.3988,1.39885,1.30,2.44
2015.06.18 12:07:52.223,1.3988,1.39885,1.30,1.65
2015.06.18 12:07:52.558,1.39879,1.39886,2.47,4.57
2015.06.18 12:07:53.215,1.3988,1.39885,2.10,1.62
2015.06.18 12:07:54.335,1.3988,1.39886,2.85,2.02
2015.06.18 12:07:54.389,1.39883,1.39887,1.30,3.49
2015.06.18 12:07:54.846,1.39881,1.39889,2.85,1.45
2015.06.18 12:07:55.664,1.39881,1.39888,1.50,1.95
2015.06.18 12:07:55.969,1.39879,1.39887,1.60,3.07
2015.06.18 12:07:56.020,1.39879,1.39887,1.60,3.07
2015.06.18 12:07:56.071,1.3988,1.39887,1.67,3.45
2015.06.18 12:07:56.325,1.39882,1.39888,1.30,1.20
2015.06.18 12:07:57.100,1.39882,1.39888,1.30,1.62
2015.06.18 12:07:57.606,1.3988,1.39888,2.85,1.57
2015.06.18 12:07:58.129,1.39882,1.39888,1.30,1.42
2015.06.18 12:07:59.222,1.3988,1.39888,1.35,1.91
2015.06.18 12:07:59.324,1.3988,1.39886,1.35,1.37
2015.06.18 12:07:59.834,1.3988,1.39886,1.35,1.87
2015.06.18 12:08:00.236,1.3988,1.39886,1.35,1.05
2015.06.18 12:08:00.439,1.39881,1.39888,3.60,1.10
2015.06.18 12:08:00.942,1.39881,1.39891,2.17,3.86
2015.06.18 12:08:01.461,1.39881,1.39891,2.17,3.49
2015.06.18 12:08:03.060,1.39882,1.39888,1.35,1.00
2015.06.18 12:08:03.364,1.39879,1.39882,2.25,1.00
2015.06.18 12:08:03.896,1.39879,1.39883,2.25,1.00
2015.06.18 12:08:04.703,1.39879,1.39885,2.25,2.77
2015.06.18 12:08:05.018,1.39879,1.39885,4.35,1.95
2015.06.18 12:08:05.551,1.39879,1.39885,2.85,1.95
2015.06.18 12:08:06.089,1.39879,1.39884,2.85,1.00
2015.06.18 12:08:07.166,1.39879,1.39885,2.85,1.91
2015.06.18 12:08:10.112,1.39881,1.39885,2.10,1.12
2015.06.18 12:08:10.316,1.39881,1.39889,3.22,2.25
2015.06.18 12:08:10.518,1.39882,1.3989,1.12,1.12
2015.06.18 12:08:11.057,1.39882,1.3989,1.50,1.12
2015.06.18 12:08:11.712,1.39882,1.39888,1.12,1.37
2015.06.18 12:08:11.764,1.3988,1.39888,4.39,1.47
2015.06.18 12:08:11.866,1.3988,1.39889,2.10,6.00
2015.06.18 12:08:12.378,1.3988,1.39887,1.60,2.06
2015.06.18 12:08:12.915,1.3988,1.39887,2.85,2.06
2015.06.18 12:08:14.879,1.3988,1.39887,2.85,2.02
2015.06.18 12:08:15.890,1.3988,1.39887,2.85,3.19
2015.06.18 12:08:16.042,1.3988,1.39886,1.35,1.45
2015.06.18 12:08:17.871,1.3988,1.39887,1.67,3.79
2015.06.18 12:08:21.431,1.3988,1.39886,2.85,1.45
2015.06.18 12:08:23.811,1.3988,1.39885,2.85,1.31
2015.06.18 12:08:24.494,1.39881,1.39886,1.72,1.87
2015.06.18 12:08:24.748,1.39881,1.39887,1.97,1.57
2015.06.18 12:08:26.324,1.3988,1.39888,1.37,3.07
2015.06.18 12:08:26.625,1.39877,1.39885,3.75,1.57
2015.06.18 12:08:26.727,1.3988,1.39886,1.72,3.00
2015.06.18 12:08:27.717,1.3988,1.39889,1.72,3.45
2015.06.18 12:08:28.224,1.3988,1.39889,1.35,2.25
2015.06.18 12:08:29.742,1.39882,1.39889,1.50,2.62
2015.06.18 12:08:29.844,1.39884,1.39889,2.10,1.50
2015.06.18 12:08:29.895,1.39884,1.3989,2.10,1.00
2015.06.18 12:08:30.064,1.39884,1.39892,1.75,1.57
2015.06.18 12:08:30.395,1.39884,1.39892,1.12,1.95
2015.06.18 12:08:30.496,1.39882,1.3989,2.77,1.05
2015.06.18 12:08:30.800,1.39887,1.3989,1.37,1.00
2015.06.18 12:08:31.230,1.39887,1.39894,1.37,1.00
2015.06.18 12:08:33.511,1.39886,1.39894,1.57,1.00
2015.06.18 12:08:36.103,1.39886,1.39892,1.95,1.00
2015.06.18 12:08:36.411,1.39881,1.39885,1.37,1.00
2015.06.18 12:08:36.462,1.3988,1.39883,2.47,1.00
2015.06.18 12:08:36.513,1.39877,1.39881,1.61,1.00
2015.06.18 12:08:36.565,1.39877,1.39879,1.57,1.00
2015.06.18 12:08:36.922,1.39878,1.3988,2.47,3.26
2015.06.18 12:08:37.275,1.39877,1.39879,1.00,1.00
2015.06.18 12:08:37.818,1.39875,1.3988,1.37,1.50
2015.06.18 12:08:38.024,1.39874,1.3988,1.37,1.50
2015.06.18 12:08:38.844,1.39875,1.39882,1.00,1.25
2015.06.18 12:08:39.376,1.39875,1.39882,1.00,1.29
2015.06.18 12:08:40.016,1.39873,1.39881,1.90,2.25
2015.06.18 12:08:40.528,1.39873,1.39881,1.47,2.32
2015.06.18 12:08:41.441,1.39873,1.39881,2.10,2.40
2015.06.18 12:08:41.644,1.39879,1.39881,2.10,2.02
2015.06.18 12:08:41.950,1.39885,1.39889,1.12,2.25
2015.06.18 12:08:42.001,1.39887,1.39889,1.12,2.25
2015.06.18 12:08:42.254,1.39881,1.39887,1.80,1.00
2015.06.18 12:08:42.610,1.39882,1.39885,1.37,1.00
2015.06.18 12:08:42.864,1.39885,1.39888,1.12,2.02
2015.06.18 12:08:43.017,1.39886,1.39888,1.00,1.87
2015.06.18 12:08:43.542,1.39886,1.39888,1.00,1.50
2015.06.18 12:08:43.848,1.39886,1.3989,1.00,1.00
2015.06.18 12:08:44.350,1.39885,1.39892,1.50,1.95
2015.06.18 12:08:44.891,1.39884,1.39892,1.85,1.54
2015.06.18 12:08:45.803,1.39885,1.39892,1.00,3.41
2015.06.18 12:08:45.854,1.39885,1.3989,1.00,1.00
2015.06.18 12:08:46.158,1.39881,1.39885,1.37,1.50
2015.06.18 12:08:48.008,1.39879,1.39885,1.37,2.62
2015.06.18 12:08:48.513,1.39879,1.39885,1.37,3.82
2015.06.18 12:08:49.019,1.39881,1.39885,1.12,1.00
2015.06.18 12:08:49.070,1.39881,1.39887,1.12,1.27
2015.06.18 12:08:49.121,1.39881,1.39884,1.12,1.00
2015.06.18 12:08:49.656,1.39878,1.39885,1.37,1.50
2015.06.18 12:08:50.170,1.39881,1.39887,1.12,2.74
2015.06.18 12:08:52.228,1.3988,1.39887,1.37,2.44
2015.06.18 12:08:54.098,1.3988,1.39887,1.37,2.36
2015.06.18 12:08:59.552,1.39879,1.39885,1.37,1.00
2015.06.18 12:09:00.058,1.39876,1.39885,3.07,1.99
2015.06.18 12:09:00.319,1.39877,1.39885,1.25,2.06
2015.06.18 12:09:00.471,1.39877,1.39879,1.20,1.00
2015.06.18 12:09:00.775,1.3987,1.39877,1.75,1.54
2015.06.18 12:09:01.384,1.3987,1.39877,1.87,1.19
2015.06.18 12:09:01.911,1.3987,1.39878,1.37,1.91
2015.06.18 12:09:02.737,1.3987,1.39879,2.25,1.54
2015.06.18 12:09:03.316,1.3987,1.39878,2.25,1.20
2015.06.18 12:09:06.575,1.39868,1.39878,3.90,3.86
2015.06.18 12:09:06.789,1.39868,1.39876,3.86,1.00
2015.06.18 12:09:07.327,1.39868,1.39876,1.91,1.50
2015.06.18 12:09:07.830,1.39868,1.39875,1.12,1.45
2015.06.18 12:09:09.293,1.39868,1.39874,1.12,1.20
2015.06.18 12:09:10.209,1.39868,1.39874,1.37,1.87
2015.06.18 12:09:10.455,1.39868,1.39874,1.37,1.87
2015.06.18 12:09:12.412,1.39867,1.39874,1.50,1.50
2015.06.18 12:09:14.349,1.39869,1.39876,1.00,4.20
2015.06.18 12:09:14.884,1.39869,1.39876,1.00,3.52
2015.06.18 12:09:15.152,1.39869,1.39875,1.00,2.25
2015.06.18 12:09:15.698,1.39868,1.39873,1.12,1.00
2015.06.18 12:09:16.221,1.39867,1.39873,1.57,1.00
2015.06.18 12:09:16.324,1.39866,1.39873,4.16,1.00
2015.06.18 12:09:16.864,1.39866,1.39873,1.99,1.10
2015.06.18 12:09:17.395,1.39866,1.39873,1.52,1.10
2015.06.18 12:09:19.208,1.39867,1.39872,1.12,2.25
2015.06.18 12:09:19.763,1.39868,1.39872,1.00,2.25
2015.06.18 12:09:20.629,1.39868,1.39874,1.00,1.50
2015.06.18 12:09:20.781,1.39868,1.39875,1.50,1.27
2015.06.18 12:09:21.085,1.39872,1.39877,1.37,1.95
2015.06.18 12:09:21.407,1.39869,1.39877,1.47,2.32
2015.06.18 12:09:23.303,1.39868,1.39875,1.50,1.00
2015.06.18 12:09:23.809,1.39868,1.39874,1.37,1.87
2015.06.18 12:09:25.429,1.39868,1.39874,1.72,1.50
2015.06.18 12:09:25.673,1.39872,1.39878,1.50,1.37
2015.06.18 12:09:25.977,1.39871,1.39878,1.10,1.12
2015.06.18 12:09:27.683,1.3987,1.39875,2.77,1.00
2015.06.18 12:09:28.316,1.3987,1.39874,1.12,1.00
2015.06.18 12:09:28.575,1.39868,1.39877,4.91,1.25
2015.06.18 12:09:28.677,1.39872,1.39878,1.87,1.45
2015.06.18 12:09:28.829,1.39874,1.3988,2.25,1.87
2015.06.18 12:09:30.259,1.39874,1.39881,1.50,1.80
2015.06.18 12:09:30.512,1.39874,1.39882,1.50,2.66
2015.06.18 12:09:31.433,1.39874,1.39882,1.50,3.04
2015.06.18 12:09:31.941,1.39873,1.3988,1.50,2.32
2015.06.18 12:09:32.467,1.39873,1.3988,1.50,3.37
2015.06.18 12:09:35.399,1.39874,1.3988,1.50,3.37
2015.06.18 12:09:35.652,1.39874,1.39882,1.37,2.62
2015.06.18 12:09:35.854,1.39873,1.3988,1.37,1.42
2015.06.18 12:09:35.906,1.39872,1.3988,1.50,2.36
2015.06.18 12:09:36.184,1.39871,1.39878,1.50,2.70
2015.06.18 12:09:36.640,1.39874,1.39878,1.00,1.16
2015.06.18 12:09:36.793,1.39876,1.3988,1.00,1.45
2015.06.18 12:09:37.107,1.39874,1.39879,1.00,1.00
2015.06.18 12:09:37.889,1.39873,1.39879,1.50,1.00
2015.06.18 12:09:38.402,1.39873,1.3988,2.25,1.57
2015.06.18 12:09:38.997,1.39873,1.3988,2.25,1.20
2015.06.18 12:09:40.017,1.39871,1.39879,3.79,1.00
2015.06.18 12:09:40.321,1.3987,1.39877,2.25,1.00
2015.06.18 12:09:40.625,1.39876,1.3988,1.00,4.16
2015.06.18 12:09:40.726,1.39876,1.3988,1.00,1.00
2015.06.18 12:09:41.039,1.39873,1.3988,1.57,1.00
2015.06.18 12:09:44.557,1.39872,1.39879,1.75,1.00
2015.06.18 12:09:45.227,1.39872,1.39879,1.75,2.25
2015.06.18 12:09:47.638,1.39871,1.39879,2.00,1.50
2015.06.18 12:09:48.729,1.39871,1.39879,2.00,1.50
2015.06.18 12:09:49.297,1.39871,1.39881,3.19,1.91
2015.06.18 12:09:50.115,1.39874,1.39881,1.00,1.47
2015.06.18 12:09:53.395,1.39874,1.39881,1.50,1.47
2015.06.18 12:09:53.937,1.39874,1.39881,1.12,2.36
2015.06.18 12:09:56.160,1.39872,1.39881,1.75,3.11
2015.06.18 12:09:56.760,1.39874,1.39881,3.00,1.12
2015.06.18 12:09:57.064,1.39883,1.39887,1.00,1.75
2015.06.18 12:09:57.419,1.39884,1.3989,1.00,6.07
2015.06.18 12:09:57.470,1.39882,1.3989,1.50,6.07
2015.06.18 12:09:58.186,1.39882,1.3989,1.12,1.65
2015.06.18 12:09:58.540,1.39883,1.39891,1.37,3.00
2015.06.18 12:09:59.331,1.39885,1.39891,1.00,2.29
2015.06.18 12:09:59.928,1.39883,1.3989,2.62,1.37
2015.06.18 12:10:00.471,1.39883,1.3989,1.37,2.25
2015.06.18 12:10:00.776,1.39881,1.3989,1.91,1.95
2015.06.18 12:10:01.510,1.39881,1.39891,1.37,6.00
2015.06.18 12:10:01.985,1.3988,1.39886,1.00,1.57
2015.06.18 12:10:02.138,1.39877,1.39886,1.10,4.20
2015.06.18 12:10:02.694,1.39876,1.39886,2.40,4.16
2015.06.18 12:10:03.242,1.39878,1.39886,1.50,2.62
2015.06.18 12:10:03.545,1.39882,1.39888,1.50,2.02
2015.06.18 12:10:03.748,1.39882,1.39889,3.00,1.12
2015.06.18 12:10:04.224,1.39885,1.39892,1.37,2.25
2015.06.18 12:10:04.477,1.39886,1.39894,1.27,2.02
2015.06.18 12:10:05.010,1.39886,1.39896,4.12,3.79
2015.06.18 12:10:05.558,1.39886,1.39896,4.57,3.37
2015.06.18 12:10:06.247,1.39888,1.39896,1.00,2.62
2015.06.18 12:10:06.622,1.39889,1.39896,1.42,1.07
2015.06.18 12:10:07.202,1.39889,1.39896,1.42,1.91
2015.06.18 12:10:07.854,1.39888,1.39895,1.65,1.00
2015.06.18 12:10:08.361,1.39888,1.39895,1.69,1.00
2015.06.18 12:10:09.050,1.39888,1.39895,2.47,1.00
2015.06.18 12:10:09.635,1.3989,1.39895,1.75,1.00
2015.06.18 12:10:09.686,1.39892,1.39898,1.00,1.54
2015.06.18 12:10:09.838,1.39893,1.39899,1.37,1.56
2015.06.18 12:10:10.142,1.39895,1.399,1.20,1.00
2015.06.18 12:10:10.452,1.39895,1.39901,2.77,1.00
2015.06.18 12:10:10.871,1.39895,1.39904,4.65,1.57
2015.06.18 12:10:10.972,1.39896,1.39904,3.00,1.54
2015.06.18 12:10:11.226,1.39902,1.39908,2.25,1.50
2015.06.18 12:10:11.481,1.39904,1.39908,1.00,1.12
2015.06.18 12:10:12.090,1.39904,1.39909,1.57,1.42
2015.06.18 12:10:12.655,1.39904,1.39909,1.12,1.75
2015.06.18 12:10:13.161,1.39905,1.39909,1.05,2.14
2015.06.18 12:10:14.107,1.39904,1.39908,1.54,1.50
2015.06.18 12:10:14.259,1.39902,1.39908,1.54,2.47
2015.06.18 12:10:14.665,1.39899,1.39907,1.87,2.47
2015.06.18 12:10:15.592,1.39901,1.39908,1.75,3.41
2015.06.18 12:10:15.795,1.39901,1.39907,1.15,1.50
2015.06.18 12:10:16.537,1.399,1.39907,1.05,1.37
2015.06.18 12:10:17.047,1.39898,1.39908,1.91,3.82
2015.06.18 12:10:19.321,1.39898,1.39906,2.25,1.57
2015.06.18 12:10:20.692,1.39898,1.39907,2.25,2.29
2015.06.18 12:10:21.225,1.399,1.39906,1.00,1.07
2015.06.18 12:10:22.921,1.39896,1.39903,3.52,1.00
2015.06.18 12:10:23.023,1.39896,1.39905,1.65,1.95
2015.06.18 12:10:23.428,1.39899,1.39906,1.50,1.87
2015.06.18 12:10:23.992,1.39897,1.39902,2.25,1.00
2015.06.18 12:10:24.043,1.39895,1.39902,6.41,1.87
2015.06.18 12:10:24.094,1.39895,1.399,1.91,1.35
2015.06.18 12:10:24.247,1.39898,1.399,1.00,1.00
2015.06.18 12:10:24.450,1.39899,1.39904,1.00,1.50
2015.06.18 12:10:24.969,1.39898,1.39906,1.91,1.75
2015.06.18 12:10:25.482,1.399,1.39906,1.05,1.75
2015.06.18 12:10:26.009,1.39899,1.39906,1.31,1.75
2015.06.18 12:10:26.545,1.39901,1.39905,1.00,1.00
2015.06.18 12:10:26.849,1.39899,1.39905,2.06,1.00
2015.06.18 12:10:27.081,1.39898,1.39905,3.07,1.00
2015.06.18 12:10:27.550,1.39899,1.39905,1.69,1.00
2015.06.18 12:10:28.060,1.39899,1.39905,1.05,1.37
2015.06.18 12:10:29.827,1.399,1.39905,1.00,1.37
2015.06.18 12:10:30.336,1.39897,1.39905,1.99,1.00
2015.06.18 12:10:31.061,1.39899,1.39906,1.37,2.70
2015.06.18 12:10:32.539,1.39899,1.39905,1.27,1.72
2015.06.18 12:10:32.640,1.39896,1.39905,2.40,1.72
2015.06.18 12:10:33.167,1.39895,1.39905,2.40,4.46
2015.06.18 12:10:33.697,1.39896,1.39905,1.15,4.46
2015.06.18 12:10:34.232,1.39896,1.39905,1.10,5.96
2015.06.18 12:10:34.744,1.39895,1.39905,1.57,4.95
2015.06.18 12:10:36.369,1.39897,1.39905,1.00,6.71
2015.06.18 12:10:37.892,1.39895,1.39905,1.57,6.15
2015.06.18 12:10:38.770,1.39894,1.39904,1.95,1.65
2015.06.18 12:10:39.289,1.39894,1.39904,1.62,1.27
2015.06.18 12:10:40.887,1.39894,1.39904,2.10,1.20
2015.06.18 12:10:41.403,1.39896,1.39905,2.29,2.62
2015.06.18 12:10:44.360,1.39896,1.39905,1.50,1.82
2015.06.18 12:10:44.462,1.39896,1.39904,2.32,1.20
2015.06.18 12:10:44.563,1.39896,1.39904,1.20,1.10
2015.06.18 12:10:44.784,1.39895,1.399,1.10,1.37
2015.06.18 12:10:44.839,1.39891,1.399,1.37,2.66
2015.06.18 12:10:45.826,1.39891,1.399,2.25,1.12
2015.06.18 12:10:45.979,1.39893,1.399,1.12,1.07
2015.06.18 12:10:46.182,1.39895,1.399,1.00,1.07
2015.06.18 12:10:46.283,1.39895,1.39904,1.87,1.66
2015.06.18 12:10:49.778,1.39895,1.39903,1.87,1.00
2015.06.18 12:10:50.286,1.39898,1.39905,1.00,2.36
2015.06.18 12:10:51.427,1.39897,1.39905,2.40,1.65
2015.06.18 12:10:51.579,1.39901,1.39906,1.50,1.87
2015.06.18 12:10:51.882,1.39906,1.39914,1.05,1.87
2015.06.18 12:10:54.367,1.39906,1.3991,1.16,1.35
2015.06.18 12:10:54.671,1.39905,1.39912,1.87,1.25
2015.06.18 12:10:55.227,1.39905,1.39913,1.91,1.50
2015.06.18 12:10:57.707,1.39907,1.39916,1.50,4.76
2015.06.18 12:10:59.121,1.39907,1.39913,1.50,1.87
2015.06.18 12:10:59.793,1.39905,1.39913,2.25,1.95
2015.06.18 12:11:00.047,1.39907,1.39913,1.00,1.07
2015.06.18 12:11:00.249,1.39907,1.39915,1.50,1.87
2015.06.18 12:11:00.539,1.39907,1.39915,1.50,1.87
2015.06.18 12:11:00.742,1.39905,1.39913,1.87,1.10
2015.06.18 12:11:00.895,1.39905,1.39912,1.12,1.87
2015.06.18 12:11:01.209,1.39902,1.3991,1.37,5.10
2015.06.18 12:11:01.868,1.399,1.39909,1.99,1.07
2015.06.18 12:11:02.456,1.39903,1.3991,1.00,1.20
2015.06.18 12:11:02.760,1.39904,1.39913,1.50,1.85
2015.06.18 12:11:02.811,1.39903,1.39913,3.45,1.57
2015.06.18 12:11:03.681,1.39903,1.39911,3.11,1.00
2015.06.18 12:11:04.194,1.39901,1.3991,5.25,1.20
2015.06.18 12:11:04.396,1.39901,1.3991,4.12,1.20
2015.06.18 12:11:04.903,1.39901,1.39909,1.50,1.20
2015.06.18 12:11:05.406,1.39901,1.39908,1.54,1.00
2015.06.18 12:11:05.907,1.39901,1.39908,1.42,1.87
2015.06.18 12:11:08.346,1.39901,1.39908,1.42,1.87
2015.06.18 12:11:11.228,1.39904,1.39908,1.00,1.87
2015.06.18 12:11:11.481,1.39902,1.39909,1.37,2.25
2015.06.18 12:11:11.532,1.39902,1.39908,1.37,1.75
2015.06.18 12:11:12.778,1.399,1.39907,1.37,2.62
2015.06.18 12:11:13.286,1.39902,1.39907,1.37,2.62
2015.06.18 12:11:13.594,1.39907,1.39911,1.37,1.50
2015.06.18 12:11:13.746,1.39907,1.39914,1.37,3.82
2015.06.18 12:11:14.421,1.39906,1.39912,1.37,1.37
2015.06.18 12:11:14.963,1.39905,1.39913,3.22,1.47
2015.06.18 12:11:16.533,1.39906,1.39914,1.37,1.50
2015.06.18 12:11:17.094,1.39906,1.39914,1.37,1.99
2015.06.18 12:11:17.645,1.39905,1.39914,3.22,1.45
2015.06.18 12:11:17.908,1.39905,1.39913,2.62,2.32
2015.06.18 12:11:18.010,1.39905,1.3991,2.62,1.12
2015.06.18 12:11:18.061,1.39904,1.3991,1.37,1.12
2015.06.18 12:11:18.709,1.39904,1.39913,1.72,3.79
2015.06.18 12:11:19.329,1.39905,1.39913,2.62,2.66
2015.06.18 12:11:19.583,1.39903,1.3991,1.95,1.12
2015.06.18 12:11:19.684,1.39903,1.3991,1.54,1.37
2015.06.18 12:11:20.160,1.399,1.39908,1.91,1.82
2015.06.18 12:11:21.654,1.399,1.39907,1.87,2.25
2015.06.18 12:11:22.463,1.399,1.39907,1.87,3.37
2015.06.18 12:11:24.154,1.399,1.39907,1.87,2.62
2015.06.18 12:11:28.302,1.39901,1.3991,1.91,3.00
2015.06.18 12:11:28.809,1.39902,1.39908,1.12,1.20
2015.06.18 12:11:29.427,1.39902,1.39909,1.12,1.87
2015.06.18 12:11:29.787,1.39904,1.3991,1.00,1.45
2015.06.18 12:11:30.092,1.39906,1.39908,1.00,1.00
2015.06.18 12:11:30.193,1.39904,1.39911,1.12,4.87
2015.06.18 12:11:30.695,1.39903,1.39911,2.02,4.87
2015.06.18 12:11:30.898,1.39903,1.39911,3.52,4.27
2015.06.18 12:11:31.202,1.39906,1.39911,1.37,3.75
2015.06.18 12:11:31.304,1.39907,1.39912,1.12,1.37
2015.06.18 12:11:31.840,1.39906,1.39911,1.00,1.00
2015.06.18 12:11:32.349,1.39904,1.39911,2.62,1.00
2015.06.18 12:11:32.451,1.39904,1.39911,1.54,1.35
2015.06.18 12:11:32.959,1.39904,1.39911,1.00,1.50
2015.06.18 12:11:33.501,1.39902,1.39911,3.41,2.25
2015.06.18 12:11:34.516,1.39904,1.39912,1.00,6.37
2015.06.18 12:11:34.769,1.39906,1.39914,1.75,3.07
2015.06.18 12:11:34.921,1.39907,1.39916,1.50,1.87
2015.06.18 12:11:35.461,1.39907,1.39917,3.75,3.41
2015.06.18 12:11:35.614,1.39909,1.39917,1.37,2.29
2015.06.18 12:11:35.918,1.3992,1.39922,1.00,2.25
2015.06.18 12:11:36.182,1.39924,1.39929,1.00,1.65
2015.06.18 12:11:36.235,1.39925,1.39931,1.00,1.42
2015.06.18 12:11:36.750,1.39924,1.39933,1.54,3.37
2015.06.18 12:11:37.270,1.39925,1.39933,1.00,3.60
2015.06.18 12:11:37.476,1.39925,1.39931,1.00,2.10
2015.06.18 12:11:37.830,1.39923,1.39932,1.12,5.10
2015.06.18 12:11:38.336,1.39922,1.39932,2.66,5.47
2015.06.18 12:11:38.736,1.39923,1.39932,1.42,5.10
2015.06.18 12:11:39.276,1.39923,1.39932,1.05,4.35
2015.06.18 12:11:39.782,1.39922,1.3993,1.12,1.60
2015.06.18 12:11:40.891,1.39922,1.3993,1.05,2.10
2015.06.18 12:11:41.094,1.39922,1.3993,1.54,3.97
2015.06.18 12:11:41.716,1.39922,1.3993,1.91,1.50
2015.06.18 12:11:42.639,1.39922,1.3993,1.00,1.35
2015.06.18 12:11:42.849,1.39925,1.3993,1.00,1.35
2015.06.18 12:11:45.054,1.39925,1.3993,1.00,2.85
2015.06.18 12:11:45.598,1.39925,1.39928,1.00,1.35
2015.06.18 12:11:46.076,1.39923,1.39928,1.05,1.35
2015.06.18 12:11:46.178,1.39923,1.39928,1.05,1.60
2015.06.18 12:11:46.655,1.39925,1.39928,1.00,1.60
2015.06.18 12:11:47.209,1.39926,1.39929,1.00,1.75
2015.06.18 12:11:47.849,1.39925,1.39929,1.50,1.75
2015.06.18 12:11:48.354,1.39924,1.39929,1.12,2.10
2015.06.18 12:11:49.074,1.39922,1.39928,2.29,1.67
2015.06.18 12:11:50.878,1.39924,1.39926,1.00,1.00
2015.06.18 12:11:51.093,1.39925,1.39926,1.00,1.00
2015.06.18 12:11:51.630,1.39925,1.39927,1.50,1.37
2015.06.18 12:11:52.901,1.39921,1.39926,2.62,1.50
2015.06.18 12:11:53.002,1.3992,1.39925,2.47,4.09
2015.06.18 12:11:53.534,1.3992,1.39925,2.25,1.01
2015.06.18 12:11:53.947,1.39917,1.39921,1.29,1.72
2015.06.18 12:11:54.048,1.39914,1.39919,1.00,1.50
2015.06.18 12:11:54.150,1.39912,1.39919,1.50,2.25
2015.06.18 12:11:54.403,1.39914,1.39919,1.00,2.25
2015.06.18 12:11:54.918,1.39913,1.3992,1.00,1.37
2015.06.18 12:11:55.903,1.39913,1.3992,1.37,1.37
2015.06.18 12:11:56.406,1.39914,1.39922,1.00,3.37
2015.06.18 12:11:57.779,1.39914,1.39921,1.00,1.10
2015.06.18 12:11:58.336,1.39914,1.39922,1.87,2.74
2015.06.18 12:11:59.323,1.39915,1.39924,1.37,6.30
2015.06.18 12:11:59.828,1.39915,1.39924,1.12,5.29
2015.06.18 12:12:00.420,1.39914,1.39924,1.91,5.29
2015.06.18 12:12:01.608,1.39914,1.39924,1.87,5.25
2015.06.18 12:12:02.591,1.39914,1.39924,1.95,6.26
2015.06.18 12:12:02.743,1.39913,1.39921,1.31,1.87
2015.06.18 12:12:03.275,1.39914,1.39921,1.05,1.87
2015.06.18 12:12:03.803,1.39913,1.39921,1.24,1.95
2015.06.18 12:12:04.342,1.39914,1.39921,1.00,2.02
2015.06.18 12:12:04.867,1.39915,1.39923,1.12,1.65
2015.06.18 12:12:06.453,1.39913,1.39921,2.02,1.37
2015.06.18 12:12:07.562,1.39912,1.39921,1.84,1.47
2015.06.18 12:12:07.990,1.39916,1.39923,1.00,2.77
2015.06.18 12:12:08.495,1.39915,1.39925,2.62,1.39
2015.06.18 12:12:09.161,1.39915,1.39925,2.25,1.39
2015.06.18 12:12:09.950,1.39915,1.39923,3.07,1.12
2015.06.18 12:12:10.849,1.39915,1.39923,1.54,1.87
2015.06.18 12:12:12.065,1.39915,1.39923,1.50,1.87
2015.06.18 12:12:14.576,1.39916,1.39926,2.74,2.77
2015.06.18 12:12:17.236,1.39918,1.39925,1.37,1.39
2015.06.18 12:12:17.751,1.39917,1.39925,1.57,1.39
2015.06.18 12:12:18.588,1.39917,1.39925,1.10,1.39
2015.06.18 12:12:21.179,1.39916,1.39925,3.45,1.39
2015.06.18 12:12:21.483,1.39923,1.39928,1.00,4.20
2015.06.18 12:12:22.003,1.39923,1.39929,1.00,1.12
2015.06.18 12:12:22.508,1.39923,1.39932,1.37,1.80
2015.06.18 12:12:23.024,1.39921,1.39931,1.62,2.25
2015.06.18 12:12:23.558,1.39921,1.39931,1.35,1.50
2015.06.18 12:12:24.135,1.39921,1.39931,1.69,1.54
2015.06.18 12:12:27.053,1.39921,1.39931,2.32,3.30
2015.06.18 12:12:27.341,1.39921,1.39931,2.32,3.30
2015.06.18 12:12:27.939,1.39921,1.39931,2.29,3.30
2015.06.18 12:12:28.243,1.39923,1.39931,1.00,2.17
2015.06.18 12:12:28.751,1.39924,1.39931,1.00,1.42
2015.06.18 12:12:29.258,1.39923,1.39932,2.66,5.21
2015.06.18 12:12:30.280,1.39923,1.39928,1.00,2.85
2015.06.18 12:12:30.483,1.39919,1.39925,1.12,1.00
2015.06.18 12:12:31.052,1.39918,1.39926,1.00,1.90
2015.06.18 12:12:31.103,1.39916,1.39925,1.50,1.67
2015.06.18 12:12:32.431,1.39916,1.39926,1.50,1.65
2015.06.18 12:12:32.685,1.39921,1.39928,1.12,1.00
2015.06.18 12:12:32.837,1.39921,1.39928,1.00,1.72
2015.06.18 12:12:33.497,1.3992,1.39929,1.91,1.35
2015.06.18 12:12:34.011,1.39921,1.3993,1.12,3.00
2015.06.18 12:12:34.112,1.39924,1.3993,1.12,2.66
2015.06.18 12:12:34.618,1.39922,1.39931,1.35,1.50
2015.06.18 12:12:36.471,1.39922,1.39931,1.31,5.47
2015.06.18 12:12:37.566,1.39922,1.39931,1.57,5.47
2015.06.18 12:12:38.326,1.39922,1.39931,1.69,5.47
2015.06.18 12:12:38.579,1.39923,1.39931,1.42,4.87
2015.06.18 12:12:38.629,1.39922,1.39931,2.10,2.10
2015.06.18 12:12:38.680,1.39922,1.39931,2.10,2.10
2015.06.18 12:12:39.185,1.39921,1.39931,3.82,2.92
2015.06.18 12:12:40.824,1.39921,1.39926,2.29,1.00
2015.06.18 12:12:41.350,1.39921,1.39925,1.57,1.00
2015.06.18 12:12:42.026,1.39921,1.39926,1.54,1.54
2015.06.18 12:12:42.714,1.39921,1.39925,1.54,1.00
2015.06.18 12:12:43.322,1.39921,1.39926,1.37,1.87
2015.06.18 12:12:43.967,1.39921,1.39926,1.05,1.91
2015.06.18 12:12:44.277,1.39921,1.39925,1.05,1.72
2015.06.18 12:12:44.530,1.39914,1.3992,1.12,1.05
2015.06.18 12:12:44.837,1.39912,1.39918,4.95,1.00
2015.06.18 12:12:45.447,1.39914,1.39917,1.00,1.00
2015.06.18 12:12:46.297,1.39912,1.39916,3.00,1.00
2015.06.18 12:12:46.810,1.39913,1.39917,2.04,1.00
2015.06.18 12:12:46.861,1.39914,1.39921,5.29,1.87
2015.06.18 12:12:46.912,1.39917,1.39921,1.00,1.50
2015.06.18 12:12:47.417,1.39917,1.39921,2.77,1.00
2015.06.18 12:12:47.601,1.39921,1.39924,1.00,1.87
2015.06.18 12:12:48.864,1.39921,1.39924,1.00,1.37
2015.06.18 12:12:49.166,1.39921,1.39926,1.09,1.30
2015.06.18 12:12:49.268,1.3992,1.39928,1.25,3.22
2015.06.18 12:12:49.319,1.3992,1.39924,1.15,1.35
2015.06.18 12:12:49.623,1.39914,1.39921,2.62,1.87
2015.06.18 12:12:49.725,1.39914,1.39921,1.10,1.87
2015.06.18 12:12:50.312,1.39912,1.39921,1.56,2.62
2015.06.18 12:12:51.453,1.39911,1.39919,1.54,3.00
2015.06.18 12:12:53.170,1.3991,1.39917,1.87,1.37
2015.06.18 12:12:53.586,1.39907,1.39916,1.91,1.50
2015.06.18 12:12:54.245,1.39909,1.39916,1.00,1.50
2015.06.18 12:12:54.397,1.39909,1.39916,1.46,1.50
2015.06.18 12:12:54.500,1.39909,1.39918,3.07,1.10
2015.06.18 12:12:55.025,1.3991,1.39917,1.45,1.00
2015.06.18 12:12:55.798,1.39909,1.39918,3.86,2.62
2015.06.18 12:12:55.849,1.39909,1.39916,3.11,1.00
2015.06.18 12:12:56.152,1.39908,1.39918,1.87,3.41
2015.06.18 12:12:56.863,1.39908,1.39914,1.57,1.00
2015.06.18 12:12:57.167,1.39906,1.39913,1.87,1.09
2015.06.18 12:12:57.436,1.39905,1.39915,5.32,1.00
2015.06.18 12:12:57.947,1.39907,1.39914,3.94,1.00
2015.06.18 12:12:58.151,1.39907,1.39915,2.06,1.00
2015.06.18 12:12:58.253,1.39907,1.39917,2.70,3.56
2015.06.18 12:12:59.463,1.39908,1.39912,1.50,1.00
2015.06.18 12:12:59.716,1.39904,1.39911,3.82,1.50
2015.06.18 12:12:59.817,1.39906,1.3991,1.37,1.50
2015.06.18 12:13:00.166,1.3991,1.39918,2.74,1.46
2015.06.18 12:13:00.268,1.3991,1.39918,4.20,1.00
2015.06.18 12:13:00.571,1.39912,1.3992,2.36,1.12
2015.06.18 12:13:01.027,1.39915,1.39924,1.87,5.55
2015.06.18 12:13:01.342,1.39921,1.39926,1.00,1.00
2015.06.18 12:13:01.848,1.39921,1.39927,1.47,1.16
2015.06.18 12:13:08.109,1.3992,1.39928,4.65,1.00
2015.06.18 12:13:08.614,1.39926,1.3993,1.37,2.66
2015.06.18 12:13:08.851,1.39929,1.39934,1.20,1.37
2015.06.18 12:13:09.359,1.39928,1.39934,1.50,1.37
2015.06.18 12:13:09.410,1.39928,1.39934,1.50,1.00
2015.06.18 12:13:10.119,1.39928,1.39935,2.40,1.05
2015.06.18 12:13:10.271,1.3993,1.39936,2.66,1.57
2015.06.18 12:13:10.372,1.39929,1.39937,2.32,2.25
2015.06.18 12:13:10.575,1.39929,1.39934,2.32,1.00
2015.06.18 12:13:10.834,1.39925,1.39934,2.70,1.50
2015.06.18 12:13:11.692,1.39925,1.39935,2.70,2.36
2015.06.18 12:13:12.225,1.39932,1.39935,1.00,1.00
2015.06.18 12:13:12.380,1.39934,1.39941,1.12,3.07
2015.06.18 12:13:12.432,1.39936,1.39941,1.37,1.10
2015.06.18 12:13:12.483,1.39936,1.39944,1.42,1.57
2015.06.18 12:13:12.687,1.39934,1.39942,1.47,1.00
2015.06.18 12:13:13.209,1.39933,1.3994,1.50,1.00
2015.06.18 12:13:13.514,1.3993,1.39937,1.91,1.00
2015.06.18 12:13:13.666,1.39929,1.39937,1.20,2.62
2015.06.18 12:13:14.186,1.39928,1.39936,1.54,1.00
2015.06.18 12:13:14.923,1.39927,1.39935,2.81,1.00
2015.06.18 12:13:15.187,1.39929,1.39937,3.30,1.00
2015.06.18 12:13:15.339,1.39936,1.39942,1.00,1.16
2015.06.18 12:13:15.542,1.39937,1.39942,1.20,1.00
2015.06.18 12:13:16.689,1.39937,1.39941,1.20,1.00
2015.06.18 12:13:16.892,1.39933,1.39941,2.40,1.12
2015.06.18 12:13:17.443,1.39934,1.39942,1.24,1.12
2015.06.18 12:13:17.898,1.39936,1.39945,1.00,4.95
2015.06.18 12:13:18.407,1.39937,1.39944,1.12,1.37
2015.06.18 12:13:18.711,1.39937,1.39941,1.57,1.00
2015.06.18 12:13:18.964,1.3993,1.39937,1.54,1.00
2015.06.18 12:13:19.066,1.39929,1.39936,1.65,1.00
2015.06.18 12:13:20.091,1.39929,1.39938,1.20,3.04
2015.06.18 12:13:21.603,1.39929,1.39938,1.57,3.37
2015.06.18 12:13:21.856,1.39932,1.3994,1.09,1.95
2015.06.18 12:13:22.362,1.39934,1.3994,1.00,1.12
2015.06.18 12:13:22.669,1.39935,1.39944,1.87,1.00
2015.06.18 12:13:23.378,1.39936,1.39944,2.40,1.00
2015.06.18 12:13:24.163,1.39936,1.39944,2.81,1.00
2015.06.18 12:13:24.654,1.39937,1.39945,1.87,1.87
2015.06.18 12:13:30.265,1.39938,1.39945,1.50,2.10
2015.06.18 12:13:30.570,1.39929,1.39935,1.75,1.00
2015.06.18 12:13:30.825,1.39926,1.39932,2.62,1.00
2015.06.18 12:13:31.538,1.39926,1.39933,2.44,1.00
2015.06.18 12:13:33.038,1.39927,1.39935,1.91,1.09
2015.06.18 12:13:33.433,1.39927,1.39935,1.87,1.00
2015.06.18 12:13:33.637,1.39933,1.39938,1.00,4.57
2015.06.18 12:13:33.867,1.39935,1.3994,1.54,2.02
2015.06.18 12:13:33.919,1.39935,1.3994,2.51,1.65
2015.06.18 12:13:33.970,1.39936,1.3994,3.00,1.57
2015.06.18 12:13:34.021,1.39936,1.39944,3.37,1.00
2015.06.18 12:13:34.562,1.39937,1.39944,2.40,1.00
2015.06.18 12:13:35.101,1.39938,1.39945,1.20,1.37
2015.06.18 12:13:35.203,1.39937,1.39941,1.00,1.00
2015.06.18 12:13:35.507,1.39931,1.39939,1.94,1.12
2015.06.18 12:13:36.237,1.39931,1.39938,1.95,1.00
2015.06.18 12:13:37.846,1.39931,1.3994,1.42,1.47
2015.06.18 12:13:38.365,1.39931,1.39938,1.95,1.00
2015.06.18 12:13:42.879,1.39934,1.39938,1.00,1.00
2015.06.18 12:13:42.930,1.39934,1.39938,2.25,1.00
2015.06.18 12:13:43.082,1.39938,1.39944,1.87,1.45
2015.06.18 12:13:43.706,1.3994,1.39948,1.00,4.12
2015.06.18 12:13:44.469,1.39938,1.39947,3.15,1.37
2015.06.18 12:13:45.056,1.39938,1.39948,2.40,1.72
2015.06.18 12:13:45.714,1.39938,1.39947,1.65,1.67
2015.06.18 12:13:46.233,1.39937,1.39944,1.37,1.87
2015.06.18 12:13:47.042,1.39936,1.39944,1.17,2.85
2015.06.18 12:13:47.093,1.39935,1.39942,1.95,1.12
2015.06.18 12:13:47.300,1.39934,1.39941,1.05,1.50
2015.06.18 12:13:47.603,1.39935,1.39941,1.20,1.12
2015.06.18 12:13:47.705,1.39935,1.39943,2.66,1.20
2015.06.18 12:13:48.110,1.39933,1.39942,1.52,2.25
2015.06.18 12:13:48.211,1.39932,1.39942,5.44,1.65
2015.06.18 12:13:49.155,1.39934,1.39943,4.20,1.24
2015.06.18 12:13:49.460,1.39933,1.39939,1.55,1.00
2015.06.18 12:13:49.512,1.39933,1.39939,1.10,1.00
2015.06.18 12:13:50.024,1.39932,1.39939,1.00,1.00
2015.06.18 12:13:50.622,1.39932,1.39938,1.00,1.00
2015.06.18 12:13:56.308,1.39931,1.39937,1.62,1.00
2015.06.18 12:13:56.814,1.39928,1.39936,2.02,1.12
2015.06.18 12:13:56.865,1.39928,1.39934,1.95,1.00
2015.06.18 12:13:57.088,1.39928,1.39934,1.50,1.00
2015.06.18 12:13:57.139,1.3993,1.39935,1.00,1.50
2015.06.18 12:13:57.464,1.39928,1.39934,1.05,1.00
2015.06.18 12:13:57.870,1.39927,1.39934,1.37,1.00
2015.06.18 12:13:58.403,1.39927,1.39932,2.70,1.00
2015.06.18 12:13:58.707,1.39927,1.39934,1.37,1.20
2015.06.18 12:13:59.010,1.3993,1.39936,1.12,1.12
2015.06.18 12:13:59.534,1.39929,1.39937,1.37,3.00
2015.06.18 12:13:59.888,1.39934,1.39937,1.50,1.12
2015.06.18 12:14:00.091,1.39937,1.39943,1.37,1.12
2015.06.18 12:14:00.294,1.39936,1.39944,1.69,1.50
2015.06.18 12:14:00.556,1.39938,1.39945,1.16,1.37
2015.06.18 12:14:01.062,1.39938,1.39945,1.95,1.00
2015.06.18 12:14:01.575,1.39938,1.39945,1.12,1.00
2015.06.18 12:14:01.884,1.39936,1.39942,1.12,1.72
2015.06.18 12:14:02.188,1.39939,1.39944,1.12,3.07
2015.06.18 12:14:02.728,1.39939,1.39946,1.16,2.40
2015.06.18 12:14:03.230,1.39939,1.39946,1.12,1.52
2015.06.18 12:14:03.535,1.39938,1.3994,2.62,1.00
2015.06.18 12:14:03.890,1.39935,1.39938,1.95,1.00
2015.06.18 12:14:04.522,1.39935,1.39937,2.74,1.00
2015.06.18 12:14:04.623,1.39935,1.39939,1.47,1.09
2015.06.18 12:14:04.675,1.39934,1.39938,1.50,1.12
2015.06.18 12:14:04.981,1.39929,1.39931,1.24,1.00
2015.06.18 12:14:05.489,1.39928,1.39929,3.00,1.00
2015.06.18 12:14:06.012,1.39927,1.39929,2.62,1.00
2015.06.18 12:14:06.544,1.39928,1.39929,2.62,1.00
2015.06.18 12:14:06.864,1.39929,1.3993,1.00,1.10
2015.06.18 12:14:07.365,1.39928,1.39929,1.54,1.10
2015.06.18 12:14:08.072,1.39933,1.39935,1.00,1.50
2015.06.18 12:14:08.224,1.39936,1.39938,1.20,2.25
2015.06.18 12:14:08.326,1.39934,1.39935,1.05,1.00
2015.06.18 12:14:08.428,1.39936,1.39938,1.50,1.05
2015.06.18 12:14:08.688,1.39938,1.39939,1.00,1.50
2015.06.18 12:14:08.948,1.39936,1.39938,1.87,1.05
2015.06.18 12:14:09.303,1.39935,1.39937,1.05,1.00
2015.06.18 12:14:09.838,1.39934,1.39935,1.50,1.57
2015.06.18 12:14:10.344,1.39934,1.39935,1.54,1.54
2015.06.18 12:14:10.598,1.39934,1.39936,1.54,1.54
2015.06.18 12:14:10.997,1.39934,1.39936,1.00,2.25
2015.06.18 12:14:11.539,1.39934,1.39935,1.87,1.05
2015.06.18 12:14:11.842,1.39933,1.39935,1.05,1.05
2015.06.18 12:14:12.305,1.39935,1.39939,1.37,1.20
2015.06.18 12:14:12.509,1.39937,1.39939,1.05,1.00
2015.06.18 12:14:12.611,1.39935,1.39937,2.25,1.00
2015.06.18 12:14:12.662,1.39936,1.39938,1.05,1.09
2015.06.18 12:14:12.764,1.39935,1.39937,2.25,1.00
2015.06.18 12:14:13.620,1.39934,1.39936,1.50,1.00
2015.06.18 12:14:14.025,1.39931,1.39934,2.25,1.00
2015.06.18 12:14:14.211,1.39931,1.39934,2.25,1.00
2015.06.18 12:14:15.202,1.3993,1.39931,1.12,1.00
2015.06.18 12:14:15.408,1.39929,1.39932,1.42,1.00
2015.06.18 12:14:15.509,1.39928,1.39934,1.37,1.09
2015.06.18 12:14:16.165,1.39928,1.39934,3.37,1.05
2015.06.18 12:14:16.713,1.39928,1.39934,3.00,1.09
2015.06.18 12:14:16.815,1.39928,1.39932,1.65,1.00
2015.06.18 12:14:17.564,1.39927,1.39931,1.87,1.00
2015.06.18 12:14:18.098,1.39927,1.39932,1.37,1.00
2015.06.18 12:14:18.351,1.39927,1.39932,1.37,1.00
2015.06.18 12:14:18.453,1.39928,1.39934,1.05,1.09
2015.06.18 12:14:18.554,1.3993,1.39936,1.75,1.57
2015.06.18 12:14:18.706,1.39934,1.3994,1.87,4.12
2015.06.18 12:14:18.808,1.39934,1.3994,1.12,1.87
2015.06.18 12:14:18.909,1.39934,1.3994,1.00,1.87
2015.06.18 12:14:19.428,1.39933,1.39938,1.00,1.12
2015.06.18 12:14:19.933,1.3993,1.39937,2.74,1.00
2015.06.18 12:14:20.762,1.3993,1.39938,2.36,1.12
2015.06.18 12:14:23.295,1.39932,1.3994,2.25,1.10
2015.06.18 12:14:23.599,1.39935,1.39944,1.37,2.40
2015.06.18 12:14:23.776,1.39934,1.39941,1.91,1.00
2015.06.18 12:14:23.879,1.39933,1.39942,1.50,1.57
2015.06.18 12:14:23.931,1.39933,1.3994,1.00,1.00
2015.06.18 12:14:24.235,1.39929,1.39937,2.44,1.12
2015.06.18 12:14:25.383,1.39931,1.39939,1.50,1.57
2015.06.18 12:14:25.687,1.39938,1.39944,1.12,2.25
2015.06.18 12:14:25.738,1.39938,1.39944,1.12,1.57
2015.06.18 12:14:26.241,1.39938,1.39946,1.12,2.17
2015.06.18 12:14:26.747,1.39938,1.39946,1.12,1.20
2015.06.18 12:14:27.275,1.39937,1.39942,1.00,1.00
2015.06.18 12:14:27.376,1.39935,1.39942,1.91,1.00
2015.06.18 12:14:28.019,1.39934,1.39941,2.10,1.00
2015.06.18 12:14:28.547,1.39933,1.3994,2.32,1.00
2015.06.18 12:14:28.903,1.39938,1.39941,1.00,1.05
2015.06.18 12:14:29.055,1.3994,1.39945,1.00,1.00
2015.06.18 12:14:29.207,1.39937,1.39946,2.36,1.12
2015.06.18 12:14:29.359,1.39937,1.39945,1.99,1.87
2015.06.18 12:14:29.935,1.39937,1.39943,1.37,1.00
2015.06.18 12:14:30.441,1.39937,1.39942,1.37,1.00
2015.06.18 12:14:30.710,1.39941,1.39945,1.00,1.10
2015.06.18 12:14:31.074,1.39939,1.39946,2.70,1.12
2015.06.18 12:14:31.534,1.39938,1.39944,1.20,1.00
2015.06.18 12:14:31.873,1.39941,1.39944,1.00,1.00
2015.06.18 12:14:32.728,1.39941,1.39942,1.00,1.00
2015.06.18 12:14:33.099,1.39941,1.39942,1.00,2.25
2015.06.18 12:14:33.356,1.39937,1.39939,2.25,1.00
2015.06.18 12:14:33.862,1.39937,1.39938,1.00,1.10
2015.06.18 12:14:33.963,1.39938,1.3994,1.00,1.54
2015.06.18 12:14:34.390,1.39935,1.39936,1.05,1.50
2015.06.18 12:14:34.694,1.39924,1.39926,1.99,1.00
2015.06.18 12:14:35.030,1.39921,1.39923,1.95,1.00
2015.06.18 12:14:35.082,1.3992,1.39922,1.00,1.05
2015.06.18 12:14:35.184,1.39917,1.3992,1.50,1.05
2015.06.18 12:14:35.336,1.39917,1.3992,1.35,1.00
2015.06.18 12:14:35.387,1.39919,1.39921,1.12,1.00
2015.06.18 12:14:35.438,1.39919,1.39921,1.12,1.09
2015.06.18 12:14:35.642,1.39919,1.39921,1.30,1.05
2015.06.18 12:14:35.693,1.39917,1.3992,1.87,1.00
2015.06.18 12:14:36.035,1.39913,1.39915,1.27,1.00
2015.06.18 12:14:36.493,1.39911,1.39914,3.15,1.00
2015.06.18 12:14:37.112,1.3991,1.39918,1.87,1.05
2015.06.18 12:14:37.163,1.3991,1.39916,2.47,1.00
2015.06.18 12:14:37.417,1.39907,1.39913,1.00,1.00
2015.06.18 12:14:37.469,1.39907,1.3991,1.00,1.00
2015.06.18 12:14:37.673,1.39902,1.39908,1.07,1.12
2015.06.18 12:14:38.133,1.39901,1.39908,1.87,1.05
2015.06.18 12:14:38.589,1.39901,1.39908,1.50,1.00
2015.06.18 12:14:38.690,1.39901,1.39905,1.50,1.00
2015.06.18 12:14:38.894,1.39898,1.39905,1.50,1.42
2015.06.18 12:14:39.057,1.39899,1.39905,1.47,1.05
2015.06.18 12:14:39.108,1.39901,1.39908,1.20,1.09
2015.06.18 12:14:39.159,1.39904,1.39911,1.00,3.07
2015.06.18 12:14:39.565,1.39902,1.39908,1.62,1.00
2015.06.18 12:14:39.868,1.39903,1.39906,1.37,1.00
2015.06.18 12:14:40.231,1.39899,1.39905,1.45,1.00
2015.06.18 12:14:40.332,1.39898,1.39905,1.87,1.50
2015.06.18 12:14:40.535,1.39897,1.39904,1.15,1.37
2015.06.18 12:14:41.117,1.39896,1.39903,1.95,1.00
2015.06.18 12:14:41.579,1.39894,1.399,3.75,1.00
2015.06.18 12:14:42.566,1.399,1.39903,1.00,1.25
2015.06.18 12:14:42.769,1.39904,1.39908,1.50,1.50
2015.06.18 12:14:43.289,1.39904,1.39909,1.50,1.00
2015.06.18 12:14:43.399,1.39905,1.39912,1.37,2.62
2015.06.18 12:14:43.450,1.39905,1.39912,1.37,1.91
2015.06.18 12:14:43.855,1.39905,1.39912,1.12,2.32
2015.06.18 12:14:44.209,1.39905,1.3991,1.00,2.47
2015.06.18 12:14:44.684,1.39907,1.3991,1.00,1.91
2015.06.18 12:14:45.195,1.39904,1.3991,3.04,1.87
2015.06.18 12:14:45.554,1.39906,1.3991,1.00,1.87
2015.06.18 12:14:46.163,1.39907,1.3991,1.00,1.87
2015.06.18 12:14:46.367,1.39907,1.3991,1.00,1.87
2015.06.18 12:14:46.418,1.39908,1.3991,1.00,1.87
2015.06.18 12:14:46.785,1.39907,1.39912,1.05,1.37
2015.06.18 12:14:47.301,1.39908,1.39912,1.00,1.37
2015.06.18 12:14:48.864,1.39905,1.39913,1.54,1.37
2015.06.18 12:14:49.354,1.39908,1.39912,1.00,1.37
2015.06.18 12:14:49.809,1.39909,1.39913,1.00,1.37
2015.06.18 12:14:50.114,1.39908,1.39913,2.29,1.37
2015.06.18 12:14:50.494,1.39913,1.39915,1.00,2.36
2015.06.18 12:14:50.545,1.39913,1.39921,1.05,3.00
2015.06.18 12:14:50.904,1.39915,1.39921,1.00,1.47
2015.06.18 12:14:51.158,1.39915,1.39923,1.00,1.91
2015.06.18 12:14:51.360,1.39912,1.39922,3.52,3.45
2015.06.18 12:14:52.133,1.3991,1.39919,1.05,1.57
2015.06.18 12:14:52.184,1.39913,1.39919,1.37,1.10
2015.06.18 12:14:52.336,1.39914,1.39922,1.37,2.25
2015.06.18 12:14:52.488,1.39914,1.39923,3.30,1.00
2015.06.18 12:14:53.015,1.39916,1.39922,1.00,1.00
2015.06.18 12:14:53.416,1.39916,1.39925,1.87,4.20
2015.06.18 12:14:53.720,1.39921,1.39927,1.50,1.45
2015.06.18 12:14:54.053,1.39924,1.39932,1.00,3.37
2015.06.18 12:14:54.357,1.39928,1.39933,1.00,1.87
2015.06.18 12:14:54.408,1.39928,1.39934,2.62,1.12
2015.06.18 12:14:54.459,1.39931,1.39937,1.00,1.57
2015.06.18 12:14:54.891,1.39934,1.39939,1.00,1.42
2015.06.18 12:14:55.147,1.39931,1.39938,1.29,1.42
2015.06.18 12:14:55.653,1.39931,1.39934,1.00,1.57
2015.06.18 12:14:55.962,1.3992,1.39927,1.87,1.00
2015.06.18 12:14:56.216,1.39925,1.3993,1.00,1.54
2015.06.18 12:14:56.369,1.39927,1.39934,1.54,1.95
2015.06.18 12:14:56.523,1.3993,1.39935,1.00,1.91
2015.06.18 12:14:56.833,1.3993,1.39937,3.90,1.37
2015.06.18 12:14:57.189,1.39934,1.3994,1.00,4.09
2015.06.18 12:14:57.493,1.3993,1.39937,1.10,3.22
2015.06.18 12:14:57.595,1.39927,1.39937,3.04,3.30
2015.06.18 12:14:58.107,1.39927,1.39933,1.00,1.00
2015.06.18 12:14:58.209,1.39929,1.39934,1.00,1.12
2015.06.18 12:14:58.514,1.39933,1.3994,1.00,4.35
2015.06.18 12:14:58.717,1.39936,1.39942,1.00,1.91
2015.06.18 12:14:58.978,1.39934,1.39944,2.29,1.37
2015.06.18 12:14:59.029,1.39934,1.39944,1.99,1.87
2015.06.18 12:14:59.332,1.39933,1.39935,1.12,2.10
2015.06.18 12:14:59.383,1.39931,1.39935,2.62,1.72
2015.06.18 12:14:59.535,1.39931,1.39938,1.00,3.41
2015.06.18 12:14:59.788,1.39929,1.39939,3.94,4.16
2015.06.18 12:15:00.296,1.39929,1.39938,1.57,1.95
2015.06.18 12:15:00.347,1.39929,1.39938,1.54,1.95
2015.06.18 12:15:00.550,1.39926,1.39934,1.12,1.87
2015.06.18 12:15:00.601,1.39925,1.39927,1.10,1.37
2015.06.18 12:15:00.652,1.39922,1.39927,1.95,1.37
2015.06.18 12:15:00.703,1.39922,1.39927,1.46,1.37
2015.06.18 12:15:01.029,1.3992,1.39926,1.00,1.45
2015.06.18 12:15:01.336,1.39925,1.39926,1.00,1.10
2015.06.18 12:15:01.489,1.39928,1.39932,1.00,1.16
2015.06.18 12:15:01.591,1.39929,1.39936,1.37,1.07
2015.06.18 12:15:01.693,1.39927,1.39934,1.05,1.00
2015.06.18 12:15:01.937,1.39925,1.39932,1.00,1.10
2015.06.18 12:15:02.242,1.39925,1.39931,3.00,1.50
2015.06.18 12:15:02.395,1.39923,1.39932,1.62,1.00
2015.06.18 12:15:02.496,1.39923,1.39931,1.42,1.07
2015.06.18 12:15:02.930,1.39926,1.39934,1.12,2.25
2015.06.18 12:15:03.183,1.39926,1.39931,1.12,1.00
2015.06.18 12:15:03.234,1.39923,1.39929,1.91,1.00
2015.06.18 12:15:03.336,1.3992,1.39926,1.05,1.00
2015.06.18 12:15:03.639,1.39918,1.39922,1.09,1.00
2015.06.18 12:15:04.119,1.39914,1.39922,2.44,1.05
2015.06.18 12:15:04.625,1.39913,1.39922,1.47,1.10
2015.06.18 12:15:05.126,1.39915,1.39922,1.00,1.10
2015.06.18 12:15:05.228,1.39914,1.39922,1.87,1.10
2015.06.18 12:15:05.776,1.39915,1.39922,1.37,1.10
2015.06.18 12:15:06.312,1.39917,1.39923,1.12,3.07
2015.06.18 12:15:06.616,1.39918,1.39926,2.25,3.04
2015.06.18 12:15:07.200,1.39918,1.39926,1.75,1.54
2015.06.18 12:15:07.736,1.39918,1.39927,1.75,1.10
2015.06.18 12:15:09.009,1.39917,1.39926,3.11,1.00
2015.06.18 12:15:09.464,1.39917,1.39924,1.91,1.50
2015.06.18 12:15:09.921,1.39915,1.39922,4.12,1.00
2015.06.18 12:15:10.331,1.39915,1.39924,1.95,2.32
2015.06.18 12:15:10.695,1.39915,1.39923,1.46,1.00
2015.06.18 12:15:10.949,1.39913,1.3992,1.95,1.00
2015.06.18 12:15:11.480,1.3991,1.39919,2.66,1.07
2015.06.18 12:15:11.836,1.39915,1.39919,1.00,1.07
2015.06.18 12:15:12.298,1.39915,1.39922,1.50,1.07
2015.06.18 12:15:12.502,1.39912,1.39921,1.87,1.07
2015.06.18 12:15:13.033,1.39912,1.3992,1.37,2.25
2015.06.18 12:15:13.961,1.3991,1.39918,2.29,1.00
2015.06.18 12:15:14.012,1.3991,1.39918,1.50,1.00
2015.06.18 12:15:14.265,1.39907,1.39914,1.50,1.50
2015.06.18 12:15:15.084,1.39908,1.39912,1.30,1.00
2015.06.18 12:15:15.236,1.39906,1.39915,2.85,1.00
2015.06.18 12:15:15.746,1.39907,1.39917,5.10,2.40
2015.06.18 12:15:16.288,1.39909,1.39917,1.30,2.70
2015.06.18 12:15:16.440,1.39907,1.39915,2.10,1.00
2015.06.18 12:15:16.491,1.39905,1.39913,1.19,1.12
2015.06.18 12:15:16.694,1.39908,1.39915,1.00,1.57
2015.06.18 12:15:16.998,1.39911,1.3992,1.00,2.25
2015.06.18 12:15:17.439,1.39914,1.3992,1.00,1.20
2015.06.18 12:15:17.692,1.39914,1.39923,1.00,3.00
2015.06.18 12:15:18.207,1.39913,1.39923,2.25,3.75
2015.06.18 12:15:18.710,1.39913,1.39921,1.87,1.00
2015.06.18 12:15:19.166,1.39912,1.39919,1.15,1.00
2015.06.18 12:15:21.651,1.39911,1.39919,1.12,1.10
2015.06.18 12:15:22.158,1.39912,1.39919,1.12,1.20
2015.06.18 12:15:22.571,1.39914,1.39922,1.50,1.20
2015.06.18 12:15:23.128,1.39913,1.39922,1.00,2.70
2015.06.18 12:15:23.638,1.39912,1.39921,1.00,1.10
2015.06.18 12:15:24.392,1.39915,1.39922,1.00,3.07
2015.06.18 12:15:24.494,1.39913,1.39922,1.00,2.32
2015.06.18 12:15:25.626,1.39912,1.39922,1.50,4.20
2015.06.18 12:15:25.946,1.39915,1.39922,2.25,4.20
2015.06.18 12:15:26.282,1.39912,1.39922,1.50,4.20
2015.06.18 12:15:27.093,1.39911,1.3992,1.20,1.00
2015.06.18 12:15:27.345,1.3991,1.39919,1.50,1.57
2015.06.18 12:15:28.509,1.39909,1.39919,1.37,3.86
2015.06.18 12:15:29.058,1.39908,1.39918,1.37,2.25
2015.06.18 12:15:30.026,1.39908,1.39916,1.50,1.07
2015.06.18 12:15:30.080,1.39909,1.39918,1.00,2.25
2015.06.18 12:15:30.232,1.39911,1.39918,1.00,2.25
2015.06.18 12:15:31.065,1.39911,1.39919,1.00,1.07
2015.06.18 12:15:31.638,1.3991,1.39919,1.12,1.07
2015.06.18 12:15:32.171,1.39911,1.39919,1.12,1.07
2015.06.18 12:15:32.690,1.3991,1.39919,2.62,1.07
2015.06.18 12:15:33.289,1.39911,1.39919,1.87,1.07
2015.06.18 12:15:34.929,1.39911,1.39919,1.91,1.07
2015.06.18 12:15:35.444,1.39914,1.3992,1.00,1.75
2015.06.18 12:15:35.494,1.39914,1.3992,1.00,1.10
2015.06.18 12:15:36.417,1.39916,1.39921,1.37,1.10
2015.06.18 12:15:36.570,1.3992,1.39927,1.00,1.05
2015.06.18 12:15:37.098,1.3992,1.39925,1.00,1.05
2015.06.18 12:15:37.150,1.39916,1.39925,1.20,1.61
2015.06.18 12:15:37.656,1.39914,1.39923,1.57,1.00
2015.06.18 12:15:37.808,1.39913,1.39921,2.62,1.00
2015.06.18 12:15:38.233,1.39913,1.39922,1.91,1.15
2015.06.18 12:15:38.587,1.39912,1.39919,1.50,1.00
2015.06.18 12:15:39.093,1.3991,1.39919,2.25,2.25
2015.06.18 12:15:39.971,1.39911,1.39919,2.25,1.50
2015.06.18 12:15:40.123,1.39912,1.3992,2.25,1.10
2015.06.18 12:15:40.654,1.39915,1.39921,1.00,1.20
2015.06.18 12:15:41.876,1.39915,1.39917,1.00,1.00
2015.06.18 12:15:42.181,1.39913,1.39914,1.00,1.00
2015.06.18 12:15:42.581,1.3991,1.39915,1.50,1.00
2015.06.18 12:15:43.086,1.3991,1.39913,1.37,1.00
2015.06.18 12:15:43.621,1.3991,1.39914,1.42,1.00
2015.06.18 12:15:44.381,1.3991,1.39914,1.16,1.00
2015.06.18 12:15:45.155,1.39907,1.39914,1.31,1.00
2015.06.18 12:15:45.511,1.39909,1.39914,1.12,1.00
2015.06.18 12:15:45.821,1.39911,1.39915,1.00,1.00
2015.06.18 12:15:46.336,1.39911,1.39916,1.00,1.50
2015.06.18 12:15:47.196,1.39911,1.39915,1.00,1.00
2015.06.18 12:15:47.348,1.39909,1.39915,1.00,1.00
2015.06.18 12:15:48.081,1.3991,1.39915,1.00,1.50
2015.06.18 12:15:48.233,1.3991,1.39916,2.25,1.00
2015.06.18 12:15:48.285,1.3991,1.39918,3.00,1.65
2015.06.18 12:15:48.796,1.3991,1.39918,1.87,1.50
2015.06.18 12:15:49.357,1.39908,1.39918,1.87,2.40
2015.06.18 12:15:49.815,1.39908,1.39918,1.87,1.20
2015.06.18 12:15:50.119,1.39909,1.39918,1.20,1.20
2015.06.18 12:15:50.300,1.39908,1.39916,2.29,1.00
2015.06.18 12:15:50.555,1.39907,1.39916,2.06,1.00
2015.06.18 12:15:51.056,1.39906,1.39915,1.87,3.75
2015.06.18 12:15:51.696,1.39905,1.39914,3.37,3.00
2015.06.18 12:15:52.207,1.39906,1.39912,1.12,1.00
2015.06.18 12:15:52.511,1.39904,1.39909,1.50,1.00
2015.06.18 12:15:52.874,1.39894,1.39902,3.79,1.65
2015.06.18 12:15:53.544,1.39897,1.39904,1.87,1.07
2015.06.18 12:15:54.113,1.39897,1.39904,1.37,1.07
2015.06.18 12:15:54.670,1.39896,1.39904,1.37,1.07
2015.06.18 12:15:54.973,1.39897,1.39904,1.50,1.07
2015.06.18 12:15:56.027,1.39896,1.39903,1.37,1.10
2015.06.18 12:15:56.180,1.39894,1.39902,1.10,1.87
2015.06.18 12:15:56.231,1.39894,1.39902,1.10,3.37
2015.06.18 12:15:56.552,1.39892,1.39901,1.00,1.61
2015.06.18 12:15:56.856,1.39892,1.399,1.87,1.10
2015.06.18 12:15:56.958,1.39892,1.399,1.50,1.57
2015.06.18 12:15:57.476,1.39891,1.399,1.87,1.10
2015.06.18 12:15:57.935,1.39892,1.399,1.50,1.07
2015.06.18 12:15:58.037,1.39893,1.399,1.37,1.07
2015.06.18 12:15:58.138,1.39893,1.39902,1.12,1.95
2015.06.18 12:15:58.391,1.39891,1.39902,2.74,2.32
2015.06.18 12:15:59.013,1.39891,1.39902,2.36,2.32
2015.06.18 12:15:59.064,1.39891,1.39902,1.95,2.36
2015.06.18 12:15:59.671,1.39893,1.39902,1.50,2.32
2015.06.18 12:15:59.874,1.39896,1.39904,1.75,1.20
2015.06.18 12:16:00.464,1.39899,1.39906,1.00,2.29
2015.06.18 12:16:00.970,1.399,1.39904,1.50,1.00
2015.06.18 12:16:01.430,1.399,1.39907,1.50,1.00
2015.06.18 12:16:01.851,1.399,1.39907,1.87,1.05
2015.06.18 12:16:02.791,1.399,1.39907,1.87,1.00
2015.06.18 12:16:03.153,1.399,1.39909,1.87,2.92
2015.06.18 12:16:03.666,1.399,1.39909,1.87,1.57
2015.06.18 12:16:04.202,1.399,1.39907,1.87,1.00
2015.06.18 12:16:04.888,1.399,1.39907,1.87,1.00
2015.06.18 12:16:05.192,1.39909,1.39911,1.00,1.07
2015.06.18 12:16:05.340,1.39906,1.39913,3.00,1.95
2015.06.18 12:16:05.392,1.39909,1.39913,1.16,1.12
2015.06.18 12:16:05.644,1.39911,1.39916,1.87,1.00
2015.06.18 12:16:05.948,1.39911,1.39914,1.50,1.00
2015.06.18 12:16:06.150,1.39908,1.39912,1.54,1.00
2015.06.18 12:16:06.368,1.39906,1.39912,1.87,1.00
2015.06.18 12:16:06.874,1.39904,1.39912,2.66,1.10
2015.06.18 12:16:07.127,1.39905,1.39912,2.25,1.10
2015.06.18 12:16:07.450,1.39907,1.39913,1.37,1.20
2015.06.18 12:16:07.804,1.39904,1.39912,1.37,1.20
2015.06.18 12:16:08.058,1.39905,1.39915,2.62,3.82
2015.06.18 12:16:08.610,1.39906,1.39916,1.87,2.44
2015.06.18 12:16:10.229,1.39906,1.39916,3.41,2.02
2015.06.18 12:16:10.431,1.39905,1.39913,1.12,1.50
2015.06.18 12:16:10.583,1.39903,1.39913,3.04,3.75
2015.06.18 12:16:10.634,1.39903,1.39912,2.29,1.20
2015.06.18 12:16:10.988,1.39901,1.3991,1.54,2.92
2015.06.18 12:16:11.296,1.39899,1.39907,2.66,1.50
2015.06.18 12:16:12.417,1.399,1.39909,1.84,1.50
2015.06.18 12:16:12.655,1.39898,1.39906,1.54,2.25
2015.06.18 12:16:12.959,1.39898,1.39904,1.50,1.50
2015.06.18 12:16:13.414,1.39898,1.39906,1.87,1.50
2015.06.18 12:16:13.948,1.39897,1.39904,1.50,1.07
2015.06.18 12:16:14.453,1.39898,1.39905,1.50,1.07
2015.06.18 12:16:15.479,1.39898,1.39905,1.12,1.45
2015.06.18 12:16:16.248,1.39898,1.39905,1.50,1.45
2015.06.18 12:16:16.349,1.39901,1.39905,1.00,1.45
2015.06.18 12:16:17.981,1.39901,1.39909,1.37,2.66
2015.06.18 12:16:18.537,1.39901,1.39909,1.37,1.62
2015.06.18 12:16:19.107,1.39901,1.3991,1.37,2.62
2015.06.18 12:16:19.647,1.39901,1.3991,1.37,1.87
2015.06.18 12:16:20.887,1.39901,1.39909,1.37,2.02
2015.06.18 12:16:21.407,1.39904,1.3991,1.00,1.87
2015.06.18 12:16:23.549,1.39902,1.3991,1.05,1.87
2015.06.18 12:16:25.763,1.39903,1.39908,1.00,1.87
2015.06.18 12:16:25.865,1.39907,1.39908,1.00,1.87
2015.06.18 12:16:25.916,1.39907,1.39909,1.05,1.50
2015.06.18 12:16:25.967,1.39907,1.39914,1.05,1.57
2015.06.18 12:16:26.157,1.39909,1.39912,1.00,1.45
2015.06.18 12:16:26.309,1.3991,1.39915,1.05,1.07
2015.06.18 12:16:26.814,1.39911,1.39915,1.00,1.07
2015.06.18 12:16:26.865,1.39913,1.39915,1.00,1.07
2015.06.18 12:16:27.194,1.39915,1.39918,2.32,1.00
2015.06.18 12:16:27.245,1.39916,1.39921,1.00,1.07
2015.06.18 12:16:27.552,1.39914,1.39921,1.16,1.07
2015.06.18 12:16:28.058,1.39915,1.39922,1.00,2.25
2015.06.18 12:16:28.477,1.39917,1.39922,1.00,1.87
2015.06.18 12:16:28.730,1.3992,1.39925,2.25,1.10
2015.06.18 12:16:29.186,1.39918,1.39925,1.00,1.50
2015.06.18 12:16:29.660,1.39915,1.39918,3.04,1.00
2015.06.18 12:16:29.964,1.39902,1.39907,1.00,1.37
2015.06.18 12:16:30.293,1.39898,1.39905,1.50,2.29
2015.06.18 12:16:30.819,1.39897,1.39905,1.00,2.29
2015.06.18 12:16:31.688,1.39895,1.39903,3.00,1.00
2015.06.18 12:16:31.790,1.39895,1.39902,2.25,3.04
2015.06.18 12:16:31.891,1.39892,1.399,1.00,1.50
2015.06.18 12:16:32.094,1.3989,1.39899,1.00,1.07
2015.06.18 12:16:32.195,1.39894,1.39899,1.87,1.07
2015.06.18 12:16:32.468,1.39891,1.39894,1.05,1.00
2015.06.18 12:16:32.523,1.39891,1.39892,1.05,1.00
2015.06.18 12:16:32.575,1.39886,1.39892,1.37,1.00
2015.06.18 12:16:32.828,1.39884,1.3989,1.80,1.00
2015.06.18 12:16:33.335,1.39886,1.39892,1.37,1.57
2015.06.18 12:16:33.544,1.39887,1.39894,1.37,1.07
2015.06.18 12:16:33.646,1.39888,1.39896,1.37,2.25
2015.06.18 12:16:33.899,1.39891,1.39897,1.50,1.50
2015.06.18 12:16:34.001,1.39892,1.39899,1.00,1.87
2015.06.18 12:16:34.544,1.39889,1.39896,1.87,1.00
2015.06.18 12:16:34.596,1.3989,1.39899,1.37,2.70
2015.06.18 12:16:35.102,1.39889,1.39898,2.62,1.12
2015.06.18 12:16:36.063,1.39889,1.39897,1.00,3.37
2015.06.18 12:16:36.568,1.39891,1.39897,1.00,1.50
2015.06.18 12:16:37.218,1.39891,1.39898,1.87,1.07
2015.06.18 12:16:37.522,1.39889,1.39896,1.12,1.50
2015.06.18 12:16:37.624,1.39885,1.39893,2.25,1.50
2015.06.18 12:16:38.129,1.39883,1.39892,1.91,1.57
2015.06.18 12:16:39.217,1.39883,1.39892,1.37,1.95
2015.06.18 12:16:39.799,1.3989,1.39894,1.00,3.04
2015.06.18 12:16:39.951,1.39891,1.39896,1.37,1.00
2015.06.18 12:16:40.002,1.39891,1.399,1.37,2.74
2015.06.18 12:16:41.787,1.39891,1.39898,2.66,1.20
2015.06.18 12:16:43.711,1.39887,1.39896,1.84,1.50
2015.06.18 12:16:43.863,1.39886,1.39896,6.37,1.50
2015.06.18 12:16:44.168,1.39886,1.3989,1.91,1.00
2015.06.18 12:16:44.691,1.39881,1.39888,1.67,1.00
2015.06.18 12:16:45.695,1.39881,1.3989,1.35,2.29
2015.06.18 12:16:50.929,1.39882,1.39891,1.97,1.20
2015.06.18 12:16:51.438,1.39882,1.39891,1.97,1.87
2015.06.18 12:16:52.668,1.39884,1.39891,1.30,1.57
2015.06.18 12:16:58.615,1.39883,1.3989,1.30,1.24
2015.06.18 12:17:00.070,1.39882,1.3989,1.97,1.24
2015.06.18 12:17:00.605,1.39882,1.3989,1.67,1.57
2015.06.18 12:17:01.233,1.39883,1.3989,1.60,1.57
2015.06.18 12:17:02.564,1.39882,1.39889,1.97,1.00
2015.06.18 12:17:03.078,1.39883,1.39888,1.67,1.00
2015.06.18 12:17:03.584,1.39882,1.39889,1.72,2.25
2015.06.18 12:17:05.380,1.39883,1.39889,1.35,1.50
2015.06.18 12:17:05.891,1.39883,1.39888,1.30,1.00
2015.06.18 12:17:06.836,1.39883,1.39889,1.30,1.50
2015.06.18 12:17:07.346,1.39882,1.39889,1.97,1.50
2015.06.18 12:17:07.847,1.39881,1.39889,1.97,1.50
2015.06.18 12:17:08.380,1.39881,1.39888,1.97,1.05
2015.06.18 12:17:08.637,1.39881,1.39887,1.37,1.00
2015.06.18 12:17:09.041,1.39879,1.39884,1.57,1.00
2015.06.18 12:17:09.554,1.39879,1.39886,1.50,1.87
2015.06.18 12:17:10.061,1.39879,1.39887,2.85,2.74
2015.06.18 12:17:10.773,1.39879,1.39887,1.12,1.61
2015.06.18 12:17:10.975,1.39882,1.39889,1.27,1.37
2015.06.18 12:17:11.026,1.39883,1.39886,1.00,1.00
2015.06.18 12:17:11.330,1.39884,1.39885,1.20,1.50
2015.06.18 12:17:11.842,1.39883,1.39886,2.70,1.00
2015.06.18 12:17:12.149,1.39883,1.39885,1.87,1.05
2015.06.18 12:17:12.200,1.39884,1.39885,1.00,1.05
2015.06.18 12:17:12.714,1.39884,1.39886,1.00,1.54
2015.06.18 12:17:13.130,1.39883,1.39885,3.04,1.00
2015.06.18 12:17:13.333,1.39881,1.39882,1.00,1.10
2015.06.18 12:17:14.421,1.3988,1.39882,1.50,1.09
2015.06.18 12:17:14.775,1.39882,1.39884,1.50,1.05
2015.06.18 12:17:14.927,1.39882,1.39885,3.19,1.09
2015.06.18 12:17:15.438,1.39884,1.39886,2.29,1.05
2015.06.18 12:17:15.757,1.39884,1.39886,2.29,1.00
2015.06.18 12:17:15.960,1.39884,1.39886,1.05,1.00
2015.06.18 12:17:16.461,1.39883,1.39885,1.00,1.00
2015.06.18 12:17:17.889,1.39883,1.39885,1.50,1.05
2015.06.18 12:17:18.345,1.39883,1.39886,2.25,1.54
2015.06.18 12:17:18.861,1.39883,1.39887,1.87,1.05
2015.06.18 12:17:20.383,1.39883,1.39887,1.75,1.00
2015.06.18 12:17:21.259,1.39881,1.39887,5.32,1.00
2015.06.18 12:17:22.904,1.39881,1.39887,3.52,1.00
2015.06.18 12:17:25.070,1.39884,1.39887,1.00,1.00
2015.06.18 12:17:25.373,1.39881,1.3989,3.41,2.02
2015.06.18 12:17:25.885,1.39881,1.3989,3.60,1.12
2015.06.18 12:17:26.499,1.39881,1.3989,3.86,1.12
2015.06.18 12:17:27.043,1.39881,1.3989,4.57,1.12
2015.06.18 12:17:27.546,1.39881,1.39889,1.37,1.00
2015.06.18 12:17:31.408,1.3988,1.39889,1.87,1.00
2015.06.18 12:17:33.349,1.39881,1.39889,1.12,1.05
2015.06.18 12:17:37.312,1.39881,1.39891,1.95,2.85
2015.06.18 12:17:40.088,1.39883,1.39891,2.10,1.57
2015.06.18 12:17:40.189,1.39886,1.39893,1.87,2.66
2015.06.18 12:17:40.290,1.39887,1.39895,2.10,2.77
2015.06.18 12:17:40.392,1.39887,1.39897,3.75,4.50
2015.06.18 12:17:40.899,1.39885,1.39894,2.10,1.00
2015.06.18 12:17:41.782,1.39885,1.39893,2.47,1.12
2015.06.18 12:17:42.288,1.39885,1.39893,2.10,1.91
2015.06.18 12:17:42.475,1.39885,1.39893,2.10,2.66
2015.06.18 12:17:42.627,1.39883,1.39891,1.37,1.54
2015.06.18 12:17:42.881,1.39883,1.39889,1.67,1.37
2015.06.18 12:17:42.932,1.39883,1.39889,1.30,1.37
2015.06.18 12:17:43.442,1.39879,1.39888,1.87,2.32
2015.06.18 12:17:43.944,1.3988,1.39888,1.12,2.36
2015.06.18 12:17:45.995,1.39882,1.39888,1.00,1.61
2015.06.18 12:17:47.404,1.39882,1.3989,1.37,2.02
2015.06.18 12:17:47.505,1.39882,1.3989,2.47,2.77
2015.06.18 12:17:47.556,1.39883,1.3989,2.17,2.36
2015.06.18 12:17:48.069,1.39883,1.39891,1.00,1.54
2015.06.18 12:17:48.614,1.39881,1.39891,4.24,1.16
2015.06.18 12:17:49.173,1.39881,1.39891,4.20,1.12
2015.06.18 12:17:49.224,1.39883,1.39891,1.00,1.12
2015.06.18 12:17:50.237,1.39881,1.39891,5.02,1.12
2015.06.18 12:17:50.785,1.39882,1.39891,1.85,1.12
2015.06.18 12:17:52.393,1.39885,1.39893,1.37,2.06
2015.06.18 12:17:52.926,1.39885,1.39887,1.00,1.00
2015.06.18 12:17:53.129,1.39888,1.39894,1.30,2.62
2015.06.18 12:17:53.230,1.39885,1.39894,2.40,1.12
2015.06.18 12:17:55.433,1.39885,1.39894,1.27,1.12
2015.06.18 12:17:56.911,1.39887,1.39894,1.00,1.12
2015.06.18 12:17:57.529,1.39886,1.39896,1.95,2.36
2015.06.18 12:17:58.235,1.39886,1.39896,1.12,3.22
2015.06.18 12:17:58.594,1.39884,1.39894,3.04,1.65
2015.06.18 12:17:58.820,1.39884,1.39893,2.29,1.37
2015.06.18 12:17:59.124,1.39882,1.3989,2.25,1.87
2015.06.18 12:17:59.648,1.39882,1.3989,2.14,1.87
2015.06.18 12:18:00.193,1.39882,1.3989,1.67,1.95
2015.06.18 12:18:00.497,1.3988,1.39889,1.57,1.75
2015.06.18 12:18:01.002,1.39879,1.39888,1.12,2.40
2015.06.18 12:18:01.434,1.3988,1.39888,2.47,3.00
2015.06.18 12:18:01.536,1.39884,1.39888,1.30,1.50
2015.06.18 12:18:01.739,1.39882,1.3989,1.97,1.16
2015.06.18 12:18:02.318,1.39882,1.3989,2.47,1.16
2015.06.18 12:18:02.672,1.39884,1.39893,1.00,1.20
2015.06.18 12:18:02.723,1.39884,1.39892,1.12,1.95
2015.06.18 12:18:05.309,1.39881,1.3989,1.35,2.40
2015.06.18 12:18:06.680,1.39881,1.3989,2.10,2.40
2015.06.18 12:18:07.491,1.39881,1.3989,1.50,2.25
2015.06.18 12:18:07.928,1.39881,1.3989,3.60,1.42
2015.06.18 12:18:08.487,1.39881,1.3989,3.97,1.37
2015.06.18 12:18:09.005,1.39882,1.3989,3.22,1.46
2015.06.18 12:18:09.157,1.39883,1.3989,1.30,1.46
2015.06.18 12:18:09.745,1.39881,1.39889,1.97,1.87
2015.06.18 12:18:10.434,1.39883,1.39889,1.35,1.50
2015.06.18 12:18:10.486,1.39883,1.39889,2.10,1.00
2015.06.18 12:18:10.537,1.39883,1.39892,2.85,1.61
2015.06.18 12:18:10.992,1.39887,1.39895,6.97,1.62
2015.06.18 12:18:11.145,1.39888,1.39897,2.17,1.37
2015.06.18 12:18:11.656,1.39887,1.39896,6.86,1.00
2015.06.18 12:18:11.909,1.39889,1.39899,1.75,3.15
2015.06.18 12:18:12.163,1.39888,1.39896,1.47,1.05
2015.06.18 12:18:12.214,1.39887,1.39896,1.50,1.91
2015.06.18 12:18:12.571,1.39886,1.39892,1.75,1.00
2015.06.18 12:18:13.110,1.39886,1.39892,1.37,1.87
2015.06.18 12:18:13.617,1.39882,1.3989,3.22,1.87
2015.06.18 12:18:13.920,1.39881,1.3989,2.10,2.36
2015.06.18 12:18:15.709,1.39881,1.39888,2.10,1.12
2015.06.18 12:18:17.354,1.39882,1.3989,1.35,1.99
2015.06.18 12:18:17.862,1.39882,1.39891,2.62,1.09
2015.06.18 12:18:18.371,1.39882,1.39892,2.17,2.47
2015.06.18 12:18:18.829,1.39882,1.39892,2.17,3.56
2015.06.18 12:18:21.436,1.39885,1.39892,1.50,3.04
2015.06.18 12:18:21.845,1.3989,1.399,4.27,2.32
2015.06.18 12:18:25.137,1.39892,1.39902,1.91,4.91
2015.06.18 12:18:25.239,1.39892,1.39901,1.87,1.57
2015.06.18 12:18:25.857,1.39892,1.399,1.42,1.95
2015.06.18 12:18:26.163,1.3989,1.39897,1.95,1.37
2015.06.18 12:18:26.264,1.3989,1.39896,1.50,1.15
2015.06.18 12:18:26.851,1.39886,1.39896,4.80,1.00
2015.06.18 12:18:27.257,1.39888,1.39896,1.37,1.00
2015.06.18 12:18:27.459,1.39888,1.39896,1.12,2.25
2015.06.18 12:18:27.612,1.39886,1.39896,4.39,3.45
2015.06.18 12:18:27.921,1.39888,1.39896,1.01,1.65
2015.06.18 12:18:28.431,1.39888,1.39896,1.72,1.15
2015.06.18 12:18:28.786,1.39886,1.39896,3.15,1.87
2015.06.18 12:18:28.938,1.39886,1.39895,2.40,1.37
2015.06.18 12:18:29.429,1.39889,1.39899,1.91,4.20
2015.06.18 12:18:29.935,1.39891,1.399,1.87,1.37
2015.06.18 12:18:30.238,1.39892,1.39901,1.91,2.02
2015.06.18 12:18:30.848,1.39893,1.39901,1.37,1.61
2015.06.18 12:18:31.386,1.39893,1.39903,1.87,4.20
2015.06.18 12:18:31.638,1.39893,1.39903,1.95,2.74
2015.06.18 12:18:31.891,1.39893,1.39903,1.95,2.77
2015.06.18 12:18:32.431,1.39893,1.39903,2.36,1.61
2015.06.18 12:18:33.705,1.39894,1.39903,1.95,1.00
2015.06.18 12:18:34.009,1.39894,1.39904,1.99,1.90
2015.06.18 12:18:36.063,1.39894,1.39904,1.57,1.61
2015.06.18 12:18:36.600,1.39893,1.39901,1.00,1.87
2015.06.18 12:18:38.044,1.39893,1.39901,1.00,1.50
2015.06.18 12:18:38.398,1.39894,1.39904,3.79,3.41
2015.06.18 12:18:38.449,1.39894,1.39904,3.79,3.41
2015.06.18 12:18:38.995,1.39894,1.39904,3.75,2.62
2015.06.18 12:18:39.616,1.39894,1.39904,1.00,3.30
2015.06.18 12:18:39.950,1.39894,1.39903,1.00,1.42
2015.06.18 12:18:40.455,1.39892,1.39902,1.65,1.95
2015.06.18 12:18:41.042,1.39892,1.39902,1.00,1.61
2015.06.18 12:18:41.345,1.3989,1.399,1.95,1.87
2015.06.18 12:18:41.653,1.39889,1.39899,1.52,1.99
2015.06.18 12:18:42.313,1.39887,1.39898,5.02,1.45
2015.06.18 12:18:43.329,1.39887,1.39897,4.35,1.20
2015.06.18 12:18:43.585,1.39889,1.39898,4.12,1.45
2015.06.18 12:18:45.093,1.39889,1.39893,1.37,1.00
2015.06.18 12:18:45.260,1.39888,1.39889,1.05,1.12
2015.06.18 12:18:45.463,1.39879,1.39887,1.00,2.32
2015.06.18 12:18:45.514,1.39878,1.39883,1.00,1.47
2015.06.18 12:18:45.566,1.39874,1.39883,3.37,1.69
2015.06.18 12:18:45.617,1.39874,1.39883,1.50,2.06
2015.06.18 12:18:46.123,1.39875,1.39881,1.00,1.57
2015.06.18 12:18:46.531,1.39873,1.39879,1.00,1.50
2015.06.18 12:18:46.735,1.3987,1.39879,4.35,1.87
2015.06.18 12:18:47.240,1.3987,1.39879,3.60,2.02
2015.06.18 12:18:48.768,1.39871,1.39879,1.60,2.40
2015.06.18 12:18:49.130,1.39873,1.39879,1.35,2.40
2015.06.18 12:18:49.371,1.39872,1.39879,2.17,1.57
2015.06.18 12:18:49.878,1.39873,1.39879,1.35,1.00
2015.06.18 12:18:49.929,1.39873,1.39881,1.35,1.50
2015.06.18 12:18:50.030,1.39876,1.39881,1.00,1.00
2015.06.18 12:18:50.283,1.39876,1.39884,1.00,1.27
2015.06.18 12:18:50.793,1.39876,1.39884,1.00,1.65
2015.06.18 12:18:52.459,1.39876,1.39885,1.37,3.75
2015.06.18 12:18:52.973,1.39878,1.39886,1.00,2.81
2015.06.18 12:18:53.515,1.39876,1.39884,1.72,1.37
2015.06.18 12:18:54.092,1.39878,1.39884,1.00,1.87
2015.06.18 12:18:54.601,1.39878,1.39885,2.25,2.25
2015.06.18 12:18:55.130,1.39879,1.39885,1.00,2.25
2015.06.18 12:18:56.670,1.3988,1.39885,1.00,2.25
2015.06.18 12:18:56.949,1.39878,1.39885,1.87,1.87
2015.06.18 12:18:57.202,1.39874,1.39882,2.66,1.50
2015.06.18 12:18:58.492,1.39875,1.39884,1.91,2.40
2015.06.18 12:18:58.543,1.39877,1.39884,1.37,1.29
2015.06.18 12:18:59.048,1.39875,1.39885,6.04,2.02
2015.06.18 12:19:00.274,1.39876,1.39885,1.50,2.32
2015.06.18 12:19:00.477,1.39876,1.39885,1.37,1.95
2015.06.18 12:19:00.986,1.39878,1.39885,1.87,1.00
2015.06.18 12:19:02.012,1.39879,1.39885,1.37,1.87
2015.06.18 12:19:02.113,1.39875,1.39883,4.54,1.42
2015.06.18 12:19:04.691,1.39879,1.39885,1.12,1.27
2015.06.18 12:19:04.843,1.39877,1.39884,1.50,1.50
2015.06.18 12:19:06.730,1.39875,1.39883,3.41,1.45
2015.06.18 12:19:12.267,1.39874,1.39882,1.37,1.50
2015.06.18 12:19:12.550,1.39874,1.39879,1.37,1.00
2015.06.18 12:19:12.601,1.39873,1.39879,1.12,2.40
2015.06.18 12:19:13.109,1.39872,1.39879,1.37,1.57
2015.06.18 12:19:13.347,1.39873,1.39882,1.61,1.05
2015.06.18 12:19:14.211,1.39874,1.39884,1.87,3.86
2015.06.18 12:19:16.017,1.39873,1.39882,2.32,1.10
2015.06.18 12:19:16.265,1.39878,1.39882,1.00,1.20
2015.06.18 12:19:16.569,1.39881,1.39888,1.12,2.32
2015.06.18 12:19:16.620,1.39881,1.39889,1.37,2.32
2015.06.18 12:19:16.774,1.39884,1.3989,1.37,1.50
2015.06.18 12:19:17.569,1.39882,1.3989,2.00,1.87
2015.06.18 12:19:17.824,1.39887,1.39894,1.87,1.50
2015.06.18 12:19:17.925,1.39887,1.39897,2.62,4.50
2015.06.18 12:19:18.739,1.39886,1.39896,2.29,1.91
2015.06.18 12:19:18.790,1.3989,1.39896,1.00,1.91
2015.06.18 12:19:19.094,1.39891,1.39898,1.00,1.50
2015.06.18 12:19:19.641,1.39892,1.399,1.00,2.02
2015.06.18 12:19:19.742,1.39894,1.399,1.00,1.69
2015.06.18 12:19:20.046,1.39896,1.39904,1.05,2.32
2015.06.18 12:19:20.570,1.39897,1.39905,1.00,2.32
2015.06.18 12:19:20.671,1.39895,1.39904,1.87,1.47
2015.06.18 12:19:21.079,1.39893,1.399,1.61,1.00
2015.06.18 12:19:21.516,1.39896,1.39903,1.87,1.65
2015.06.18 12:19:22.482,1.39896,1.39901,1.54,1.00
2015.06.18 12:19:23.046,1.39893,1.399,1.37,1.00
2015.06.18 12:19:23.583,1.39893,1.39901,1.37,1.00
2015.06.18 12:19:23.988,1.39894,1.39898,1.42,1.00
2015.06.18 12:19:24.292,1.39889,1.39894,1.87,1.00
2015.06.18 12:19:24.681,1.39889,1.39894,1.50,1.00
2015.06.18 12:19:24.783,1.39889,1.39896,1.37,1.61
2015.06.18 12:19:25.086,1.39887,1.39894,1.91,1.00
2015.06.18 12:19:25.188,1.39889,1.39894,1.12,2.29
2015.06.18 12:19:25.290,1.39889,1.39896,1.12,2.40
2015.06.18 12:19:26.824,1.39888,1.39894,1.50,1.00
2015.06.18 12:19:26.927,1.39886,1.39894,3.75,1.50
2015.06.18 12:19:27.028,1.39886,1.39892,1.37,1.00
2015.06.18 12:19:27.337,1.39886,1.3989,1.37,1.50
2015.06.18 12:19:28.354,1.3988,1.39889,1.95,1.57
2015.06.18 12:19:28.455,1.39878,1.39886,4.16,1.05
2015.06.18 12:19:28.714,1.39876,1.39885,1.76,2.40
2015.06.18 12:19:30.452,1.3988,1.39886,1.37,3.41
2015.06.18 12:19:33.761,1.3988,1.39886,1.72,1.50
2015.06.18 12:19:35.380,1.39877,1.39886,1.57,1.87
2015.06.18 12:19:35.909,1.3988,1.39886,1.12,1.57
2015.06.18 12:19:36.010,1.3988,1.39886,1.12,1.20
2015.06.18 12:19:36.364,1.3988,1.39888,1.12,1.24
2015.06.18 12:19:36.869,1.39878,1.39888,2.96,1.47
2015.06.18 12:19:37.626,1.39878,1.39888,2.55,1.47
2015.06.18 12:19:37.727,1.39878,1.39888,2.55,1.10
2015.06.18 12:19:38.303,1.39878,1.39888,1.97,3.37
2015.06.18 12:19:41.819,1.39878,1.39887,1.97,1.57
2015.06.18 12:19:42.232,1.39876,1.39886,2.06,2.62
2015.06.18 12:19:42.743,1.39876,1.39884,3.26,1.42
2015.06.18 12:19:43.278,1.39876,1.39884,1.97,1.10
2015.06.18 12:19:44.180,1.39877,1.39886,3.60,3.41
2015.06.18 12:19:47.998,1.39878,1.39886,1.37,7.12
2015.06.18 12:19:48.150,1.39875,1.39883,1.52,2.25
2015.06.18 12:19:48.555,1.39876,1.39883,2.47,3.37
2015.06.18 12:19:48.656,1.39875,1.39883,2.66,3.75
2015.06.18 12:19:48.876,1.39875,1.39883,1.97,2.25
2015.06.18 12:19:48.929,1.39876,1.39883,1.72,2.25
2015.06.18 12:19:49.182,1.39871,1.39875,1.19,1.00
2015.06.18 12:19:49.284,1.39866,1.39875,3.82,1.00
2015.06.18 12:19:49.335,1.39866,1.39873,2.25,1.00
2015.06.18 12:19:49.639,1.39867,1.39875,1.50,3.07
2015.06.18 12:19:49.942,1.39867,1.39876,1.31,1.00
2015.06.18 12:19:50.450,1.3987,1.39877,1.37,1.20
2015.06.18 12:19:50.703,1.39873,1.39882,1.50,3.37
2015.06.18 12:19:51.221,1.39874,1.39882,1.37,3.37
2015.06.18 12:19:52.593,1.39872,1.39882,3.37,4.12
2015.06.18 12:19:53.199,1.39872,1.3988,1.37,1.37
2015.06.18 12:19:55.806,1.39871,1.3988,2.02,1.87
2015.06.18 12:19:56.288,1.39871,1.3988,2.77,1.87
2015.06.18 12:19:56.795,1.3987,1.3988,4.61,2.70
2015.06.18 12:19:57.161,1.3987,1.3988,4.54,4.87
2015.06.18 12:19:57.415,1.39874,1.39882,1.37,3.90
2015.06.18 12:19:57.916,1.39874,1.39882,1.91,2.70
2015.06.18 12:19:58.947,1.39875,1.39884,3.07,1.95
2015.06.18 12:19:59.049,1.39877,1.39884,1.00,1.57
2015.06.18 12:19:59.462,1.3988,1.39886,1.00,2.32
2015.06.18 12:19:59.665,1.3988,1.39889,1.24,1.46
2015.06.18 12:19:59.918,1.39881,1.39891,1.54,2.40
2015.06.18 12:20:00.430,1.3988,1.39889,1.47,1.61
2015.06.18 12:20:00.583,1.39882,1.3989,1.37,1.57
2015.06.18 12:20:00.836,1.39884,1.39892,1.37,2.25
2015.06.18 12:20:01.346,1.39885,1.39893,1.00,1.50
2015.06.18 12:20:01.854,1.39886,1.39893,1.00,1.00
2015.06.18 12:20:01.905,1.39886,1.39895,1.00,2.02
2015.06.18 12:20:02.204,1.39885,1.39893,2.74,1.50
2015.06.18 12:20:02.559,1.39882,1.39893,4.16,1.20
2015.06.18 12:20:02.660,1.39882,1.39891,3.37,1.00
2015.06.18 12:20:03.187,1.39881,1.39892,3.56,1.54
2015.06.18 12:20:03.492,1.39886,1.39893,1.00,1.57
2015.06.18 12:20:03.644,1.39888,1.39897,1.50,4.57
2015.06.18 12:20:03.796,1.39892,1.39897,1.00,3.45
2015.06.18 12:20:04.009,1.39893,1.39899,1.00,1.20
2015.06.18 12:20:04.061,1.39893,1.399,1.00,1.87
2015.06.18 12:20:05.647,1.39894,1.39901,1.00,3.60
2015.06.18 12:20:06.154,1.39893,1.39902,1.12,1.42
2015.06.18 12:20:08.567,1.39891,1.39898,1.37,1.00
2015.06.18 12:20:09.040,1.39891,1.39898,1.37,1.00
2015.06.18 12:20:09.974,1.39891,1.39899,1.37,1.20
2015.06.18 12:20:10.479,1.39891,1.39901,2.25,3.90
2015.06.18 12:20:10.784,1.39899,1.39905,2.62,1.12
2015.06.18 12:20:10.886,1.399,1.39909,1.87,2.29
2015.06.18 12:20:10.937,1.399,1.3991,1.87,1.91
2015.06.18 12:20:11.463,1.39898,1.39907,1.87,1.50
2015.06.18 12:20:13.251,1.39897,1.39907,5.06,1.72
2015.06.18 12:20:13.556,1.39907,1.39909,1.16,2.17
2015.06.18 12:20:13.607,1.39907,1.39912,1.42,1.50
2015.06.18 12:20:13.836,1.39907,1.39916,1.91,1.50
2015.06.18 12:20:14.599,1.39906,1.39911,1.69,1.00
2015.06.18 12:20:14.931,1.39901,1.39908,1.37,1.65
2015.06.18 12:20:15.440,1.399,1.39908,2.10,2.25
2015.06.18 12:20:16.420,1.399,1.39908,1.37,1.54
2015.06.18 12:20:16.522,1.39898,1.39908,3.37,1.91
2015.06.18 12:20:17.515,1.39898,1.39905,2.66,1.00
2015.06.18 12:20:18.022,1.39897,1.39904,1.87,1.00
2015.06.18 12:20:18.674,1.39896,1.39904,1.69,1.00
2015.06.18 12:20:19.283,1.39895,1.39904,2.10,2.32
2015.06.18 12:20:19.864,1.39895,1.39902,1.67,1.00
2015.06.18 12:20:20.370,1.39895,1.39904,2.85,1.95
2015.06.18 12:20:21.107,1.39896,1.39905,2.47,1.15
2015.06.18 12:20:22.130,1.39896,1.39906,3.71,1.15
2015.06.18 12:20:22.638,1.39896,1.39906,2.89,1.99
2015.06.18 12:20:24.920,1.39896,1.39906,1.75,3.82
2015.06.18 12:20:25.164,1.39896,1.39906,2.10,3.82
2015.06.18 12:20:26.034,1.39899,1.39906,1.37,2.32
2015.06.18 12:20:26.341,1.39898,1.39906,1.16,1.35
2015.06.18 12:20:26.392,1.39898,1.39904,1.07,1.00
2015.06.18 12:20:26.697,1.39894,1.39902,1.37,1.50
2015.06.18 12:20:27.859,1.39892,1.39902,3.71,1.95
2015.06.18 12:20:28.268,1.39895,1.39904,1.95,1.05
2015.06.18 12:20:28.778,1.39895,1.39903,2.81,1.00
2015.06.18 12:20:28.879,1.39895,1.39904,2.81,1.00
2015.06.18 12:20:29.395,1.39896,1.39903,1.37,1.50
2015.06.18 12:20:29.598,1.39899,1.39906,1.37,1.00
2015.06.18 12:20:29.699,1.39899,1.39908,1.37,1.12
2015.06.18 12:20:29.750,1.39899,1.39908,3.00,1.00
2015.06.18 12:20:30.175,1.39898,1.39906,1.20,1.54
2015.06.18 12:20:30.682,1.39896,1.39906,2.74,1.42
2015.06.18 12:20:31.246,1.399,1.3991,1.37,7.54
2015.06.18 12:20:31.398,1.39899,1.39906,1.12,1.00
2015.06.18 12:20:31.753,1.399,1.39909,1.87,1.20
2015.06.18 12:20:32.411,1.39901,1.39908,1.12,1.00
2015.06.18 12:20:32.563,1.399,1.39908,1.62,1.37
2015.06.18 12:20:32.868,1.39897,1.399,1.00,1.50
2015.06.18 12:20:32.970,1.39893,1.399,1.50,1.61
2015.06.18 12:20:33.294,1.39892,1.399,1.12,1.12
2015.06.18 12:20:33.600,1.39895,1.39901,1.00,1.57
2015.06.18 12:20:33.755,1.39892,1.39899,1.07,1.00
2015.06.18 12:20:33.856,1.39891,1.39901,2.62,1.65
2015.06.18 12:20:33.959,1.39893,1.39902,1.00,2.29
2015.06.18 12:20:34.390,1.39893,1.39897,1.10,1.00
2015.06.18 12:20:34.897,1.39891,1.39899,1.37,1.52
2015.06.18 12:20:35.972,1.39891,1.39901,1.95,1.95
2015.06.18 12:20:36.225,1.39894,1.39902,1.54,2.02
2015.06.18 12:20:36.762,1.39891,1.399,1.87,1.10
2015.06.18 12:20:38.974,1.39889,1.39899,4.91,1.00
2015.06.18 12:20:39.656,1.39889,1.39899,4.16,1.12
2015.06.18 12:20:39.758,1.39889,1.39897,1.87,1.00
2015.06.18 12:20:40.162,1.39893,1.39897,1.75,1.10
2015.06.18 12:20:40.215,1.39893,1.39899,1.37,1.91
2015.06.18 12:20:40.268,1.39892,1.39899,1.05,1.16
2015.06.18 12:20:40.319,1.39892,1.39898,1.05,1.37
2015.06.18 12:20:40.521,1.39888,1.39896,1.10,1.12
2015.06.18 12:20:41.632,1.39887,1.39896,1.87,1.10
2015.06.18 12:20:42.038,1.39888,1.39898,3.07,1.20
2015.06.18 12:20:42.647,1.39891,1.39898,1.00,1.10
2015.06.18 12:20:42.850,1.39891,1.399,1.00,1.95
2015.06.18 12:20:43.053,1.3989,1.399,3.45,1.57
2015.06.18 12:20:43.704,1.39893,1.399,1.50,1.15
2015.06.18 12:20:43.907,1.39893,1.39902,3.11,1.15
2015.06.18 12:20:44.440,1.39895,1.39902,1.50,1.24
2015.06.18 12:20:44.963,1.39894,1.39904,2.25,3.37
2015.06.18 12:20:47.321,1.39894,1.39903,2.29,1.91
2015.06.18 12:20:47.860,1.39896,1.39904,2.36,1.50
2015.06.18 12:20:48.366,1.39899,1.39906,1.00,1.72
2015.06.18 12:20:48.900,1.39899,1.39906,1.00,1.25
2015.06.18 12:20:49.630,1.39897,1.39904,1.57,1.95
2015.06.18 12:20:49.782,1.39895,1.39902,1.00,2.92
2015.06.18 12:20:49.976,1.39893,1.399,1.00,1.50
2015.06.18 12:20:50.027,1.39892,1.39899,1.12,1.07
2015.06.18 12:20:50.381,1.39889,1.39897,1.91,1.85
2015.06.18 12:20:50.686,1.3989,1.39898,1.87,1.50
2015.06.18 12:20:50.788,1.39889,1.39899,1.37,1.20
2015.06.18 12:20:50.839,1.39889,1.39898,1.37,1.12
2015.06.18 12:20:51.385,1.3989,1.39897,1.12,2.32
2015.06.18 12:20:53.145,1.39889,1.39897,1.00,2.32
2015.06.18 12:20:53.449,1.39899,1.399,2.25,2.02
2015.06.18 12:20:53.500,1.39902,1.39903,1.00,1.10
2015.06.18 12:20:53.602,1.39908,1.39909,1.00,6.37
2015.06.18 12:20:53.704,1.39907,1.3991,1.00,1.87
2015.06.18 12:20:53.906,1.39904,1.39911,1.12,1.37
2015.06.18 12:20:54.455,1.39901,1.39908,1.16,1.50
2015.06.18 12:20:55.770,1.39899,1.39908,2.32,1.87
2015.06.18 12:20:56.025,1.39908,1.3991,1.50,1.10
2015.06.18 12:20:56.245,1.39909,1.39911,1.00,1.61
2015.06.18 12:20:56.296,1.39909,1.39915,1.57,2.25
2015.06.18 12:20:56.348,1.39906,1.39915,3.00,3.00
2015.06.18 12:20:56.451,1.39904,1.39911,1.87,1.00
2015.06.18 12:20:56.657,1.39907,1.39912,1.00,1.50
2015.06.18 12:20:56.861,1.39909,1.39918,1.50,2.36
2015.06.18 12:20:57.196,1.39908,1.39919,3.94,1.27
2015.06.18 12:20:57.298,1.3991,1.39919,1.00,1.20
2015.06.18 12:20:57.807,1.39911,1.3992,1.50,1.50
2015.06.18 12:20:58.111,1.39913,1.3992,1.50,1.50
2015.06.18 12:20:58.478,1.39913,1.39921,1.50,2.02
2015.06.18 12:20:58.529,1.39913,1.3992,1.50,2.85
2015.06.18 12:20:58.681,1.39909,1.39918,1.65,1.50
2015.06.18 12:20:58.884,1.39907,1.39916,1.57,1.10
2015.06.18 12:20:58.985,1.39905,1.39915,2.02,1.10
2015.06.18 12:20:59.499,1.39905,1.39915,1.27,1.25
2015.06.18 12:21:00.264,1.39908,1.39916,1.00,1.54
2015.06.18 12:21:00.609,1.39911,1.39919,1.00,1.10
2015.06.18 12:21:00.966,1.39911,1.3992,1.95,3.11
2015.06.18 12:21:01.272,1.39917,1.39923,1.87,1.42
2015.06.18 12:21:01.964,1.39916,1.39926,2.02,5.10
2015.06.18 12:21:02.970,1.39917,1.39924,1.00,1.47
2015.06.18 12:21:03.883,1.39915,1.39924,3.79,1.50
2015.06.18 12:21:04.489,1.39915,1.39925,4.95,2.74
2015.06.18 12:21:05.245,1.39919,1.39926,1.00,1.66
2015.06.18 12:21:05.295,1.3992,1.39927,1.50,3.75
2015.06.18 12:21:05.347,1.39922,1.39927,1.00,2.62
2015.06.18 12:21:06.107,1.39921,1.39928,2.29,1.67
2015.06.18 12:21:06.416,1.39912,1.39922,4.20,1.57
2015.06.18 12:21:07.208,1.39912,1.39922,3.52,1.57
2015.06.18 12:21:08.561,1.39915,1.39924,1.57,1.95
2015.06.18 12:21:08.865,1.39916,1.3992,1.00,1.80
2015.06.18 12:21:08.916,1.39911,1.39918,1.37,1.20
2015.06.18 12:21:09.017,1.3991,1.39917,1.87,1.07
2015.06.18 12:21:09.321,1.39919,1.39921,1.46,2.25
2015.06.18 12:21:09.519,1.3992,1.39929,1.12,2.29
2015.06.18 12:21:09.576,1.39918,1.39929,5.62,2.29
2015.06.18 12:21:10.094,1.39918,1.39928,3.45,1.50
2015.06.18 12:21:10.710,1.39918,1.39928,1.56,3.07
2015.06.18 12:21:10.761,1.39917,1.39926,3.19,1.10
2015.06.18 12:21:12.196,1.39917,1.39926,2.36,2.32
2015.06.18 12:21:12.701,1.39917,1.39925,2.25,1.57
2015.06.18 12:21:14.418,1.39916,1.39921,2.10,1.00
2015.06.18 12:21:14.706,1.39912,1.3992,1.65,1.95
2015.06.18 12:21:14.959,1.39914,1.3992,1.37,1.10
2015.06.18 12:21:15.111,1.39917,1.39923,1.50,1.45
2015.06.18 12:21:15.658,1.39918,1.39928,1.54,3.64
2015.06.18 12:21:16.031,1.3992,1.39927,1.00,1.72
2015.06.18 12:21:16.384,1.39917,1.39927,1.66,2.85
2015.06.18 12:21:17.964,1.39917,1.39927,2.06,3.30
2015.06.18 12:21:18.702,1.39917,1.39927,2.02,3.22
2015.06.18 12:21:19.009,1.3992,1.39927,1.00,3.22
2015.06.18 12:21:19.417,1.39924,1.39932,1.12,6.90
2015.06.18 12:21:19.468,1.39924,1.39931,1.12,1.35
2015.06.18 12:21:19.924,1.39922,1.39923,1.54,1.00
2015.06.18 12:21:20.026,1.39918,1.39922,1.50,1.00
2015.06.18 12:21:20.127,1.39913,1.39923,4.87,3.52
2015.06.18 12:21:20.352,1.39913,1.39916,1.50,1.50
2015.06.18 12:21:20.454,1.39908,1.39917,3.00,2.10
2015.06.18 12:21:20.506,1.39908,1.39915,3.00,1.00
2015.06.18 12:21:20.608,1.39906,1.39915,1.20,2.02
2015.06.18 12:21:21.316,1.39905,1.39914,1.47,1.20
2015.06.18 12:21:21.536,1.39905,1.39914,1.37,1.54
2015.06.18 12:21:22.119,1.39909,1.39914,3.00,1.50
2015.06.18 12:21:22.221,1.39913,1.39917,1.46,1.50
2015.06.18 12:21:22.322,1.39914,1.39922,1.20,3.79
2015.06.18 12:21:22.672,1.39916,1.39923,1.20,1.95
2015.06.18 12:21:23.178,1.39916,1.39924,1.12,1.57
2015.06.18 12:21:23.330,1.39918,1.39925,1.46,2.62
2015.06.18 12:21:23.635,1.3992,1.39927,1.12,1.45
2015.06.18 12:21:23.834,1.39922,1.39928,1.37,1.95
2015.06.18 12:21:24.340,1.39919,1.39928,3.97,1.37
2015.06.18 12:21:24.845,1.39919,1.39928,3.60,1.37
2015.06.18 12:21:25.329,1.39919,1.39925,2.02,1.37
2015.06.18 12:21:25.380,1.39918,1.39925,2.25,1.37
2015.06.18 12:21:25.532,1.39913,1.39922,3.45,1.00
2015.06.18 12:21:26.037,1.39913,1.39922,1.95,2.25
2015.06.18 12:21:27.037,1.39916,1.39922,1.00,2.25
2015.06.18 12:21:28.443,1.39913,1.39922,2.70,1.50
2015.06.18 12:21:28.595,1.39915,1.39924,3.07,2.62
2015.06.18 12:21:29.457,1.39915,1.39921,3.00,1.12
2015.06.18 12:21:29.558,1.39915,1.39922,1.87,1.91
2015.06.18 12:21:30.897,1.39912,1.39921,1.52,1.12
2015.06.18 12:21:31.100,1.39911,1.39919,1.47,3.00
2015.06.18 12:21:31.666,1.39911,1.39919,1.12,1.95
2015.06.18 12:21:32.110,1.39909,1.39919,2.77,3.82
2015.06.18 12:21:32.413,1.39914,1.39921,2.25,1.12
2015.06.18 12:21:32.464,1.39914,1.39923,1.65,2.62
2015.06.18 12:21:32.990,1.39914,1.39923,1.05,4.95
2015.06.18 12:21:33.503,1.39914,1.39923,1.05,3.82
2015.06.18 12:21:33.936,1.39912,1.3992,2.40,1.00
2015.06.18 12:21:34.795,1.39911,1.39919,1.92,1.05
2015.06.18 12:21:35.954,1.3991,1.39918,3.00,1.87
2015.06.18 12:21:36.397,1.39906,1.39914,1.50,1.72
2015.06.18 12:21:36.448,1.39905,1.39914,1.47,1.80
2015.06.18 12:21:37.656,1.39903,1.39911,1.99,1.00
2015.06.18 12:21:37.928,1.39903,1.39911,1.61,1.37
2015.06.18 12:21:38.484,1.39901,1.3991,3.00,1.00
2015.06.18 12:21:40.789,1.39901,1.3991,2.29,1.50
2015.06.18 12:21:42.146,1.39901,1.3991,1.42,1.95
2015.06.18 12:21:42.653,1.39901,1.39911,2.77,3.37
2015.06.18 12:21:44.456,1.39901,1.3991,1.80,2.55
2015.06.18 12:21:45.557,1.399,1.39906,3.49,1.00
2015.06.18 12:21:45.659,1.399,1.39905,2.70,1.00
2015.06.18 12:21:45.761,1.39899,1.39903,1.87,1.00
2015.06.18 12:21:46.166,1.39895,1.39902,1.35,1.07
2015.06.18 12:21:47.436,1.39895,1.39903,1.35,1.20
2015.06.18 12:21:47.975,1.39895,1.39905,1.57,2.36
2015.06.18 12:21:48.026,1.39895,1.39905,1.37,2.36
2015.06.18 12:21:48.611,1.39893,1.39903,2.02,3.04
2015.06.18 12:21:48.713,1.39896,1.39903,1.37,2.25
2015.06.18 12:21:49.228,1.39897,1.39903,1.37,1.00
2015.06.18 12:21:50.001,1.39898,1.39905,1.00,3.07
2015.06.18 12:21:50.255,1.39897,1.39905,2.25,2.29
2015.06.18 12:21:51.266,1.39898,1.39905,1.87,2.25
2015.06.18 12:21:51.772,1.39897,1.39905,1.75,2.25
2015.06.18 12:21:52.927,1.399,1.39905,1.00,1.00
2015.06.18 12:21:53.889,1.39899,1.39905,1.00,1.12
2015.06.18 12:21:54.257,1.39896,1.39905,2.06,1.12
2015.06.18 12:21:54.763,1.39896,1.39905,2.44,1.12
2015.06.18 12:21:57.211,1.39896,1.39905,2.00,2.47
2015.06.18 12:21:57.262,1.39896,1.39901,1.62,1.00
2015.06.18 12:21:57.313,1.39895,1.39901,2.62,1.37
2015.06.18 12:21:57.515,1.39892,1.39898,1.12,1.00
2015.06.18 12:21:58.289,1.3989,1.39898,2.70,1.00
2015.06.18 12:21:58.542,1.39891,1.399,2.74,1.87
2015.06.18 12:21:59.562,1.39892,1.399,1.61,1.50
2015.06.18 12:22:00.438,1.39895,1.39902,1.57,1.00
2015.06.18 12:22:00.640,1.39895,1.39905,3.07,3.11
2015.06.18 12:22:01.587,1.39895,1.39905,3.07,2.36
2015.06.18 12:22:01.689,1.39896,1.39905,2.70,2.36
2015.06.18 12:22:01.791,1.39896,1.39905,3.37,1.54
2015.06.18 12:22:02.284,1.39897,1.39906,2.40,1.50
2015.06.18 12:22:02.588,1.39899,1.39908,1.57,2.25
2015.06.18 12:22:02.892,1.39898,1.39906,1.87,2.25
2015.06.18 12:22:04.861,1.39899,1.39908,1.47,1.99
2015.06.18 12:22:05.500,1.39903,1.39908,1.00,2.40
2015.06.18 12:22:06.006,1.399,1.39908,1.87,1.25
2015.06.18 12:22:06.973,1.39898,1.39908,2.62,3.71
2015.06.18 12:22:07.478,1.39897,1.39906,2.02,1.00
2015.06.18 12:22:10.067,1.39897,1.39906,1.37,4.16
2015.06.18 12:22:11.523,1.39897,1.39906,1.47,1.87
2015.06.18 12:22:11.726,1.39896,1.39904,1.24,1.16
2015.06.18 12:22:11.828,1.39895,1.39904,2.77,1.72
2015.06.18 12:22:12.169,1.39895,1.39905,2.77,2.77
2015.06.18 12:22:12.473,1.39896,1.39906,2.74,3.11
2015.06.18 12:22:13.315,1.39896,1.39906,3.86,3.11
2015.06.18 12:22:13.854,1.39896,1.39906,4.50,2.25
2015.06.18 12:22:14.791,1.39896,1.39905,2.77,1.27
2015.06.18 12:22:15.310,1.39896,1.39906,2.44,3.41
2015.06.18 12:22:15.696,1.39896,1.39906,4.31,3.79
2015.06.18 12:22:16.206,1.39895,1.39904,2.32,1.95
2015.06.18 12:22:16.749,1.39895,1.39904,1.87,3.45
2015.06.18 12:22:18.248,1.39894,1.39902,4.95,1.00
2015.06.18 12:22:18.299,1.39894,1.39901,3.07,1.37
2015.06.18 12:22:18.401,1.39894,1.39902,2.32,2.25
2015.06.18 12:22:18.653,1.39892,1.39902,4.54,1.87
2015.06.18 12:22:18.927,1.39893,1.39902,2.29,1.87
2015.06.18 12:22:19.583,1.39893,1.39902,2.25,1.87
2015.06.18 12:22:20.683,1.39893,1.39899,1.42,1.00
2015.06.18 12:22:20.988,1.39892,1.39894,2.25,1.00
2015.06.18 12:22:21.594,1.39892,1.39895,1.50,1.05
2015.06.18 12:22:21.848,1.39891,1.39894,1.57,1.00
2015.06.18 12:22:22.348,1.39891,1.39895,1.62,1.00
2015.06.18 12:22:22.501,1.39885,1.39886,1.00,1.05
2015.06.18 12:22:22.603,1.3988,1.39884,1.12,1.00
2015.06.18 12:22:22.705,1.39878,1.39882,1.16,1.00
2015.06.18 12:22:22.908,1.39877,1.39881,5.77,1.00
2015.06.18 12:22:23.521,1.39878,1.39885,1.20,1.50
2015.06.18 12:22:23.572,1.39879,1.39885,1.54,1.00
2015.06.18 12:22:23.673,1.39881,1.39887,1.00,1.00
2015.06.18 12:22:23.977,1.39882,1.39887,1.00,1.42
2015.06.18 12:22:24.230,1.39882,1.39888,1.12,1.09
2015.06.18 12:22:24.797,1.39882,1.39888,1.50,1.00
2015.06.18 12:22:26.593,1.39882,1.39886,1.87,2.25
2015.06.18 12:22:26.898,1.39874,1.39876,1.57,1.00
2015.06.18 12:22:26.949,1.39874,1.3988,1.50,2.73
2015.06.18 12:22:27.571,1.39873,1.3988,1.95,1.53
2015.06.18 12:22:27.823,1.39873,1.39881,2.59,1.12
2015.06.18 12:22:28.345,1.39874,1.39881,1.47,1.12
2015.06.18 12:22:29.231,1.39874,1.39882,1.47,1.05
2015.06.18 12:22:29.559,1.39874,1.39882,1.47,1.65
2015.06.18 12:22:29.862,1.39873,1.39878,1.24,1.00
2015.06.18 12:22:30.446,1.39875,1.3988,3.41,1.00
2015.06.18 12:22:30.498,1.39878,1.39882,1.37,1.00
2015.06.18 12:22:30.751,1.39875,1.39881,3.37,1.12
2015.06.18 12:22:31.018,1.39874,1.39881,2.62,1.12
2015.06.18 12:22:31.170,1.39874,1.39881,2.25,1.00
2015.06.18 12:22:31.271,1.39874,1.39881,2.29,1.00
2015.06.18 12:22:32.153,1.39874,1.3988,2.29,1.00
2015.06.18 12:22:32.659,1.39874,1.39881,1.87,1.00
2015.06.18 12:22:35.056,1.39875,1.39881,2.25,1.50
2015.06.18 12:22:35.158,1.39878,1.39883,1.00,1.00
2015.06.18 12:22:35.260,1.39878,1.39885,2.02,1.87
2015.06.18 12:22:36.762,1.39878,1.39885,2.36,1.00
2015.06.18 12:22:39.088,1.39878,1.39886,2.77,1.54
2015.06.18 12:22:39.189,1.3988,1.39885,1.87,1.00
2015.06.18 12:22:39.240,1.39881,1.39889,2.29,1.20
2015.06.18 12:22:39.782,1.39881,1.39891,3.22,3.41
2015.06.18 12:22:41.352,1.39885,1.39891,1.00,1.57
2015.06.18 12:22:41.403,1.39885,1.39891,1.75,1.20
2015.06.18 12:22:41.909,1.39882,1.39891,1.61,1.00
2015.06.18 12:22:43.404,1.39882,1.39891,4.61,1.00
2015.06.18 12:22:43.937,1.39883,1.39893,2.32,2.74
2015.06.18 12:22:44.690,1.39886,1.39893,1.00,2.74
2015.06.18 12:22:45.928,1.39883,1.39893,3.82,2.74
2015.06.18 12:22:46.433,1.39886,1.39893,1.00,1.87
2015.06.18 12:22:47.517,1.39884,1.39893,2.36,1.87
2015.06.18 12:22:47.821,1.39883,1.39888,1.12,2.25
2015.06.18 12:22:47.922,1.39878,1.39885,1.95,1.12
2015.06.18 12:22:48.024,1.39878,1.39888,3.67,3.75
2015.06.18 12:22:48.177,1.39882,1.39888,1.00,1.00
2015.06.18 12:22:48.449,1.39883,1.3989,2.32,1.57
2015.06.18 12:22:48.651,1.39886,1.39895,1.50,3.04
2015.06.18 12:22:49.170,1.39886,1.39893,1.12,1.50
2015.06.18 12:22:49.515,1.39882,1.3989,1.54,1.50
2015.06.18 12:22:50.781,1.39882,1.3989,1.95,1.50
2015.06.18 12:22:50.883,1.39883,1.3989,1.62,1.00
2015.06.18 12:22:50.984,1.39882,1.39892,5.62,1.87
2015.06.18 12:22:51.086,1.39882,1.3989,3.07,1.00
2015.06.18 12:22:51.389,1.39881,1.39888,1.91,1.00
2015.06.18 12:22:51.440,1.39881,1.39888,1.35,1.00
2015.06.18 12:22:51.662,1.39879,1.39886,1.20,1.50
2015.06.18 12:22:51.978,1.39878,1.39887,2.47,1.50
2015.06.18 12:22:52.611,1.39878,1.39886,2.04,1.50
2015.06.18 12:22:53.287,1.39878,1.39888,2.47,1.05
2015.06.18 12:22:53.591,1.39884,1.39892,1.52,1.37
2015.06.18 12:22:53.642,1.39884,1.39893,1.62,1.91
2015.06.18 12:22:53.895,1.39883,1.39889,1.66,1.00
2015.06.18 12:22:54.784,1.39882,1.39892,4.12,2.77
2015.06.18 12:22:54.835,1.39882,1.39892,3.82,1.87
2015.06.18 12:22:54.886,1.39882,1.3989,3.82,1.00
2015.06.18 12:22:55.190,1.39879,1.39888,2.70,1.50
2015.06.18 12:22:56.385,1.39879,1.39888,2.77,1.50
2015.06.18 12:22:57.919,1.39879,1.39888,2.40,1.50
2015.06.18 12:23:03.873,1.39881,1.39888,1.16,1.50
2015.06.18 12:23:10.137,1.39884,1.3989,1.37,1.00
2015.06.18 12:23:10.997,1.39885,1.3989,1.50,1.00
2015.06.18 12:23:13.414,1.39886,1.3989,1.75,1.00
2015.06.18 12:23:15.030,1.39886,1.39893,1.75,3.07
2015.06.18 12:23:15.081,1.39886,1.39893,1.75,2.36
2015.06.18 12:23:15.589,1.39886,1.39893,1.50,1.20
2015.06.18 12:23:16.259,1.39886,1.39891,1.50,1.00
2015.06.18 12:23:16.917,1.39886,1.39892,1.87,1.05
2015.06.18 12:23:17.510,1.39886,1.39894,1.87,3.82
2015.06.18 12:23:18.916,1.39883,1.39892,1.75,1.00
2015.06.18 12:23:19.422,1.39883,1.39891,1.75,1.12
2015.06.18 12:23:19.948,1.39882,1.39891,1.75,2.32
2015.06.18 12:23:20.629,1.39882,1.39889,1.75,1.00
2015.06.18 12:23:25.102,1.39881,1.3989,3.75,1.05
2015.06.18 12:23:25.255,1.39886,1.39893,1.37,1.91
2015.06.18 12:23:25.801,1.39881,1.39891,1.27,1.57
2015.06.18 12:23:26.307,1.3988,1.39889,4.20,1.00
2015.06.18 12:23:26.961,1.3988,1.39886,5.74,1.00
2015.06.18 12:23:27.063,1.3988,1.39883,3.86,1.05
2015.06.18 12:23:27.114,1.39879,1.39881,1.00,2.10
2015.06.18 12:23:27.165,1.39875,1.3988,1.50,3.22
2015.06.18 12:23:27.216,1.39875,1.3988,1.00,2.47
2015.06.18 12:23:27.622,1.39872,1.3988,1.95,1.30
2015.06.18 12:23:28.157,1.39872,1.39881,1.95,1.76
2015.06.18 12:23:28.728,1.39873,1.39882,1.85,2.29
2015.06.18 12:23:29.547,1.39872,1.39881,3.49,1.00
2015.06.18 12:23:30.157,1.39872,1.39881,3.45,1.05
2015.06.18 12:23:30.647,1.39872,1.39881,3.07,2.62
2015.06.18 12:23:31.345,1.39872,1.39881,3.07,2.25
2015.06.18 12:23:33.290,1.39872,1.39881,2.25,1.37
2015.06.18 12:23:34.497,1.39872,1.39882,1.54,2.29
2015.06.18 12:23:37.305,1.39873,1.39882,1.52,1.50
2015.06.18 12:23:39.192,1.39873,1.3988,1.37,1.37
2015.06.18 12:23:41.283,1.3987,1.39878,3.90,1.87
2015.06.18 12:23:42.202,1.3987,1.3988,4.65,2.40
2015.06.18 12:23:43.792,1.39871,1.39877,1.80,1.00
2015.06.18 12:23:44.636,1.39871,1.39877,1.75,1.00
2015.06.18 12:23:46.751,1.39872,1.39875,2.25,1.00
2015.06.18 12:23:46.853,1.3987,1.39878,1.66,1.50
2015.06.18 12:23:47.257,1.3987,1.3988,2.44,3.15
2015.06.18 12:23:47.783,1.3987,1.3988,2.47,3.15
2015.06.18 12:23:48.375,1.3987,1.3988,2.00,2.02
2015.06.18 12:23:51.804,1.3987,1.39879,2.74,1.00
2015.06.18 12:23:52.438,1.3987,1.3988,3.15,2.25
2015.06.18 12:23:54.111,1.39875,1.3988,1.00,1.50
2015.06.18 12:23:54.165,1.39879,1.3988,1.00,1.00
2015.06.18 12:23:54.217,1.39878,1.39885,1.50,1.12
2015.06.18 12:23:54.269,1.39879,1.39886,1.00,2.02
2015.06.18 12:23:54.320,1.39879,1.39889,1.57,1.57
2015.06.18 12:23:54.626,1.39879,1.39889,4.50,1.46
2015.06.18 12:23:55.164,1.3988,1.39889,1.62,1.00
2015.06.18 12:23:56.731,1.3988,1.39889,1.37,1.47
2015.06.18 12:23:57.265,1.3988,1.39888,1.37,1.65
2015.06.18 12:23:57.770,1.39879,1.39887,1.37,1.50
2015.06.18 12:24:01.152,1.39879,1.39887,1.50,1.50
2015.06.18 12:24:01.387,1.3988,1.39889,1.37,1.95
2015.06.18 12:24:01.903,1.39879,1.39889,3.86,1.99
2015.06.18 12:24:05.341,1.3988,1.39889,1.50,1.57
2015.06.18 12:24:08.084,1.39881,1.39888,1.87,1.00
2015.06.18 12:24:09.290,1.39879,1.39883,1.12,1.00
2015.06.18 12:24:09.592,1.39875,1.39885,1.95,2.70
2015.06.18 12:24:09.744,1.39875,1.39884,1.80,1.00
2015.06.18 12:24:10.280,1.39875,1.39885,1.37,3.56
2015.06.18 12:24:10.963,1.39873,1.39883,4.87,3.97
2015.06.18 12:24:11.065,1.39873,1.39882,1.65,1.12
2015.06.18 12:24:11.570,1.39871,1.39881,5.02,1.50
2015.06.18 12:24:13.568,1.39875,1.39882,1.37,1.01
2015.06.18 12:24:14.679,1.39874,1.39883,2.40,1.35
2015.06.18 12:24:14.831,1.39874,1.39883,1.99,1.35
2015.06.18 12:24:15.294,1.39874,1.39881,1.56,1.00
2015.06.18 12:24:15.599,1.39867,1.39876,2.70,1.00
2015.06.18 12:24:17.979,1.39868,1.39877,1.65,1.12
2015.06.18 12:24:18.283,1.39873,1.39882,3.15,1.54
2015.06.18 12:24:18.586,1.39873,1.39882,3.97,1.42
2015.06.18 12:24:19.015,1.39872,1.3988,1.87,1.50
2015.06.18 12:24:19.531,1.3987,1.39879,1.91,1.87
2015.06.18 12:24:21.794,1.3987,1.39881,2.81,5.40
2015.06.18 12:24:22.251,1.39869,1.39876,1.47,1.00
2015.06.18 12:24:22.302,1.39868,1.39876,1.37,1.00
2015.06.18 12:24:22.505,1.39868,1.39876,1.37,1.05
2015.06.18 12:24:23.278,1.39868,1.39876,1.75,1.05
2015.06.18 12:24:26.683,1.39874,1.39878,1.37,3.90
2015.06.18 12:24:26.785,1.39874,1.3988,1.37,1.00
2015.06.18 12:24:27.309,1.39873,1.39881,1.87,1.00
2015.06.18 12:24:27.945,1.39873,1.39883,1.87,3.97
2015.06.18 12:24:29.182,1.39874,1.3988,1.37,1.00
2015.06.18 12:24:30.276,1.39874,1.39879,1.37,1.00
2015.06.18 12:24:31.606,1.39872,1.39877,1.37,1.00
2015.06.18 12:24:32.384,1.39872,1.39879,1.37,2.62
2015.06.18 12:24:32.485,1.3987,1.39879,1.42,3.75
2015.06.18 12:24:32.536,1.39869,1.39876,1.95,1.12
2015.06.18 12:24:32.840,1.39865,1.39872,4.35,1.00
2015.06.18 12:24:34.375,1.39866,1.39872,1.50,1.00
2015.06.18 12:24:34.896,1.39863,1.39871,1.50,1.00
2015.06.18 12:24:36.021,1.39866,1.39871,1.37,1.00
2015.06.18 12:24:36.254,1.39867,1.39876,1.12,1.50
2015.06.18 12:24:37.329,1.39866,1.39876,1.99,1.87
2015.06.18 12:24:37.680,1.39863,1.39871,2.02,1.00
2015.06.18 12:24:38.207,1.39864,1.39874,3.22,4.12
2015.06.18 12:24:38.461,1.39866,1.39874,1.37,2.25
2015.06.18 12:24:38.562,1.39869,1.39874,1.37,1.00
2015.06.18 12:24:38.794,1.39871,1.39879,1.37,1.50
2015.06.18 12:24:38.845,1.39872,1.3988,1.37,1.61
2015.06.18 12:24:39.504,1.39871,1.39879,2.77,1.00
2015.06.18 12:24:40.442,1.3987,1.39879,1.20,2.62
2015.06.18 12:24:40.948,1.3987,1.39879,1.20,2.62
2015.06.18 12:24:41.255,1.39872,1.3988,1.50,1.16
2015.06.18 12:24:42.413,1.39871,1.39877,3.75,1.00
2015.06.18 12:24:42.930,1.39871,1.39878,1.95,1.00
2015.06.18 12:24:43.438,1.3987,1.39877,1.91,1.00
2015.06.18 12:24:43.996,1.3987,1.39876,1.87,1.00
2015.06.18 12:24:44.198,1.3987,1.39878,1.75,1.00
2015.06.18 12:24:44.350,1.39868,1.3987,4.24,1.00
2015.06.18 12:24:44.502,1.39864,1.39867,1.00,1.00
2015.06.18 12:24:44.604,1.39862,1.39867,1.00,1.50
2015.06.18 12:24:45.366,1.39862,1.39867,1.50,1.50
2015.06.18 12:24:45.568,1.39862,1.39869,1.54,1.50
2015.06.18 12:24:45.821,1.39863,1.39871,1.37,1.16
2015.06.18 12:24:46.388,1.39863,1.39871,2.29,1.00
2015.06.18 12:24:46.742,1.39864,1.39873,1.95,2.32
2015.06.18 12:24:47.096,1.39864,1.39871,2.70,1.50
2015.06.18 12:24:47.603,1.39865,1.39872,2.29,1.00
2015.06.18 12:24:47.705,1.39864,1.39873,5.77,1.10
2015.06.18 12:24:48.116,1.39867,1.39872,1.37,1.00
2015.06.18 12:24:48.685,1.39867,1.39872,1.00,1.00
2015.06.18 12:24:49.382,1.39865,1.39872,2.36,1.00
2015.06.18 12:24:49.835,1.39864,1.3987,3.49,1.00
2015.06.18 12:24:50.341,1.39865,1.3987,1.87,1.60
2015.06.18 12:24:50.492,1.39865,1.39872,1.12,3.41
2015.06.18 12:24:50.905,1.39868,1.39872,1.00,1.50
2015.06.18 12:24:51.006,1.39868,1.39874,1.00,1.87
2015.06.18 12:24:51.862,1.39869,1.39874,1.00,1.50
2015.06.18 12:24:52.126,1.39869,1.39877,1.65,1.00
2015.06.18 12:24:52.632,1.39869,1.39876,1.50,1.00
2015.06.18 12:24:53.482,1.39868,1.39875,2.70,1.50
2015.06.18 12:24:53.533,1.39869,1.39875,1.00,1.87
2015.06.18 12:24:54.860,1.39869,1.39874,1.00,1.00
2015.06.18 12:24:54.961,1.39866,1.39874,2.36,2.14
2015.06.18 12:24:55.506,1.39866,1.39874,1.20,2.47
2015.06.18 12:24:56.077,1.39865,1.39874,2.74,2.25
2015.06.18 12:24:56.533,1.39868,1.39876,1.00,3.30
2015.06.18 12:24:56.937,1.3987,1.39876,1.37,1.50
2015.06.18 12:24:57.242,1.39864,1.39865,8.25,1.00
2015.06.18 12:24:57.395,1.3986,1.39865,1.00,1.00
2015.06.18 12:24:57.914,1.3986,1.39867,4.50,1.00
2015.06.18 12:24:58.781,1.39859,1.39868,1.10,1.24
2015.06.18 12:24:59.143,1.39858,1.39866,1.45,1.20
2015.06.18 12:24:59.445,1.39855,1.39865,3.52,3.04
2015.06.18 12:24:59.972,1.39856,1.39863,1.50,1.00
2015.06.18 12:25:00.175,1.39855,1.39866,6.22,2.29
2015.06.18 12:25:00.226,1.39859,1.39866,1.37,1.54
2015.06.18 12:25:00.327,1.3986,1.39868,1.10,1.00
2015.06.18 12:25:00.378,1.39861,1.3987,1.37,4.61
2015.06.18 12:25:00.600,1.3986,1.3987,1.87,4.50
2015.06.18 12:25:00.804,1.3986,1.39869,1.50,1.60
2015.06.18 12:25:01.127,1.39858,1.39866,1.50,1.50
2015.06.18 12:25:01.585,1.3986,1.39866,2.02,1.00
2015.06.18 12:25:01.637,1.39861,1.39868,1.07,1.05
2015.06.18 12:25:01.688,1.39861,1.39863,1.10,1.00
2015.06.18 12:25:01.791,1.39858,1.39862,1.50,1.00
2015.06.18 12:25:01.892,1.39856,1.39862,1.50,1.00
2015.06.18 12:25:02.045,1.39856,1.39865,2.02,1.50
2015.06.18 12:25:02.197,1.39858,1.39865,1.37,2.25
2015.06.18 12:25:02.503,1.39861,1.3987,2.70,1.10
2015.06.18 12:25:03.010,1.39861,1.3987,3.37,1.60
2015.06.18 12:25:03.213,1.39861,1.39867,1.47,1.00
2015.06.18 12:25:03.532,1.3986,1.39863,1.10,2.25
2015.06.18 12:25:03.583,1.39854,1.39861,1.12,1.00
2015.06.18 12:25:05.126,1.39852,1.3986,2.32,1.00
2015.06.18 12:25:05.753,1.39852,1.39861,2.32,1.61
2015.06.18 12:25:08.599,1.39852,1.39859,2.25,1.00
2015.06.18 12:25:08.701,1.39852,1.39858,1.50,1.00
2015.06.18 12:25:08.911,1.39848,1.39857,1.00,1.00
2015.06.18 12:25:09.366,1.39847,1.39855,1.12,1.00
2015.06.18 12:25:09.873,1.39847,1.39855,1.87,2.14
2015.06.18 12:25:10.411,1.39847,1.39855,2.62,1.00
2015.06.18 12:25:10.614,1.39848,1.39857,1.12,2.85
2015.06.18 12:25:11.120,1.39847,1.39858,1.00,5.47
2015.06.18 12:25:11.384,1.39846,1.39858,4.57,6.26
2015.06.18 12:25:11.714,1.39849,1.39857,2.25,1.35
2015.06.18 12:25:12.220,1.39851,1.3986,2.25,1.97
2015.06.18 12:25:12.473,1.3985,1.39856,3.00,1.00
2015.06.18 12:25:12.575,1.3985,1.39856,2.29,1.87
2015.06.18 12:25:13.123,1.39849,1.39853,2.25,1.00
2015.06.18 12:25:13.476,1.39849,1.39856,2.62,2.10
2015.06.18 12:25:13.783,1.3985,1.39859,1.00,2.14
2015.06.18 12:25:14.327,1.39849,1.39859,3.37,3.60
2015.06.18 12:25:14.585,1.3985,1.39856,1.00,1.00
2015.06.18 12:25:15.242,1.39848,1.39856,1.87,1.60
2015.06.18 12:25:15.549,1.39846,1.39853,1.95,1.00
2015.06.18 12:25:15.600,1.39846,1.39853,1.00,1.00
2015.06.18 12:25:15.752,1.39843,1.3985,1.87,2.25
2015.06.18 12:25:16.261,1.39841,1.39849,1.37,1.00
2015.06.18 12:25:17.079,1.39842,1.39849,1.00,1.00
2015.06.18 12:25:17.939,1.39842,1.39847,1.00,1.00
2015.06.18 12:25:18.524,1.39841,1.39847,1.12,1.00
2015.06.18 12:25:19.029,1.3984,1.39848,1.12,2.25
2015.06.18 12:25:19.559,1.39838,1.39848,2.25,2.25
2015.06.18 12:25:20.398,1.39839,1.39848,1.37,1.37
2015.06.18 12:25:20.809,1.3984,1.3985,1.87,3.82
2015.06.18 12:25:22.128,1.3984,1.3985,1.87,3.82
2015.06.18 12:25:22.230,1.3984,1.39849,1.87,1.16
2015.06.18 12:25:22.501,1.3984,1.39849,1.50,1.39
2015.06.18 12:25:22.705,1.3984,1.3985,1.87,2.70
2015.06.18 12:25:23.212,1.39843,1.39852,1.50,1.37
2015.06.18 12:25:23.826,1.39843,1.39852,1.87,1.30
2015.06.18 12:25:24.338,1.39843,1.39852,1.50,2.85
2015.06.18 12:25:24.439,1.39844,1.39852,1.37,1.30
2015.06.18 12:25:25.094,1.39847,1.39852,1.00,1.30
2015.06.18 12:25:25.398,1.39849,1.39858,1.00,3.04
2015.06.18 12:25:27.017,1.39849,1.39858,1.37,1.62
2015.06.18 12:25:27.546,1.39849,1.39858,1.12,2.66
2015.06.18 12:25:29.597,1.39848,1.39857,1.50,2.70
2015.06.18 12:25:30.099,1.39848,1.39857,1.50,2.70
2015.06.18 12:25:31.017,1.39848,1.39857,1.50,2.66
2015.06.18 12:25:31.219,1.39848,1.39857,1.00,4.01
2015.06.18 12:25:31.754,1.39847,1.39855,2.25,1.37
2015.06.18 12:25:33.060,1.39847,1.39855,1.87,1.37
2015.06.18 12:25:33.999,1.39847,1.39855,1.12,1.91
2015.06.18 12:25:34.530,1.39845,1.39855,3.04,1.91
2015.06.18 12:25:35.482,1.39845,1.39854,3.00,1.37
2015.06.18 12:25:36.023,1.39845,1.39854,2.25,1.47
2015.06.18 12:25:37.448,1.39845,1.39852,1.75,1.37
2015.06.18 12:25:40.156,1.39846,1.39853,1.00,1.37
2015.06.18 12:25:41.130,1.39845,1.39853,1.00,1.87
2015.06.18 12:25:41.658,1.39845,1.39852,1.37,1.37
2015.06.18 12:25:42.210,1.39845,1.39852,1.75,1.37
2015.06.18 12:25:42.729,1.39845,1.39853,1.37,1.37
2015.06.18 12:25:45.780,1.39845,1.39855,1.50,2.70
2015.06.18 12:25:46.281,1.39847,1.39855,1.05,1.61
2015.06.18 12:25:46.691,1.39851,1.39855,1.00,5.74
2015.06.18 12:25:47.197,1.3985,1.39855,1.05,4.20
2015.06.18 12:25:47.704,1.3985,1.39855,1.05,6.86
2015.06.18 12:25:48.171,1.39852,1.39855,1.00,3.86
2015.06.18 12:25:48.691,1.39851,1.39854,1.05,1.47
2015.06.18 12:25:49.523,1.39846,1.3985,1.00,1.37
2015.06.18 12:25:49.574,1.39844,1.3985,2.25,3.60
2015.06.18 12:25:49.625,1.39842,1.39846,3.00,1.37
2015.06.18 12:25:49.677,1.3984,1.39846,2.25,2.51
2015.06.18 12:25:49.778,1.39841,1.39843,1.00,1.37
2015.06.18 12:25:50.525,1.39841,1.39844,1.00,2.62
2015.06.18 12:25:50.778,1.39844,1.39845,1.05,1.87
2015.06.18 12:25:51.405,1.39845,1.39847,1.00,2.02
2015.06.18 12:25:51.765,1.39846,1.39847,1.05,1.00
2015.06.18 12:25:51.973,1.39845,1.3985,1.05,3.82
2015.06.18 12:25:52.480,1.39848,1.3985,1.00,1.87
2015.06.18 12:25:54.086,1.39847,1.3985,1.09,1.87
2015.06.18 12:25:54.609,1.39847,1.3985,1.00,1.72
2015.06.18 12:25:55.274,1.39843,1.39847,2.25,1.00
2015.06.18 12:25:55.376,1.39842,1.39846,1.50,1.37
2015.06.18 12:25:55.427,1.39842,1.39846,1.00,1.37
2015.06.18 12:25:55.991,1.39843,1.39847,1.00,1.37
2015.06.18 12:25:57.176,1.39843,1.39848,1.09,1.37
2015.06.18 12:25:57.488,1.39846,1.39848,1.00,1.37
2015.06.18 12:25:57.994,1.39845,1.39849,1.00,1.37
2015.06.18 12:25:58.766,1.39845,1.39849,1.00,1.50
2015.06.18 12:26:00.106,1.39845,1.39847,1.00,1.00
2015.06.18 12:26:00.258,1.3984,1.39843,1.00,1.09
2015.06.18 12:26:00.508,1.39836,1.39841,1.09,1.12
2015.06.18 12:26:00.913,1.39838,1.39843,1.00,1.05
2015.06.18 12:26:01.065,1.39838,1.39844,1.05,2.62
2015.06.18 12:26:01.729,1.39837,1.39844,1.05,1.37
2015.06.18 12:26:02.375,1.39837,1.39845,1.09,1.05
2015.06.18 12:26:02.426,1.3984,1.39845,1.50,1.05
2015.06.18 12:26:02.931,1.39842,1.39848,1.00,2.66
2015.06.18 12:26:03.579,1.39841,1.39846,1.05,1.12
2015.06.18 12:26:05.833,1.3984,1.39846,1.50,2.29
2015.06.18 12:26:06.137,1.39843,1.39848,1.00,1.91
2015.06.18 12:26:07.694,1.39839,1.39842,1.87,1.00
2015.06.18 12:26:07.846,1.39834,1.39839,1.09,1.37
2015.06.18 12:26:07.897,1.39833,1.39842,1.00,1.91
2015.06.18 12:26:08.405,1.39831,1.39839,1.87,1.37
2015.06.18 12:26:08.658,1.39831,1.39839,1.87,1.00
2015.06.18 12:26:09.198,1.39831,1.39839,1.50,1.00
2015.06.18 12:26:10.853,1.39831,1.39839,1.50,1.37
2015.06.18 12:26:12.483,1.39831,1.39838,1.50,1.37
2015.06.18 12:26:13.017,1.3983,1.39838,1.50,2.62
2015.06.18 12:26:13.623,1.3983,1.39838,1.00,3.41
2015.06.18 12:26:13.908,1.39827,1.39836,2.29,1.50
2015.06.18 12:26:14.685,1.39827,1.39835,1.87,1.57
2015.06.18 12:26:15.190,1.39827,1.39836,1.50,1.54
2015.06.18 12:26:16.374,1.39829,1.39835,1.00,1.00
2015.06.18 12:26:16.894,1.39829,1.39836,1.00,2.25
2015.06.18 12:26:17.456,1.39829,1.39834,1.00,1.00
2015.06.18 12:26:17.921,1.39827,1.39834,1.00,1.37
2015.06.18 12:26:18.535,1.39827,1.39834,1.00,1.00
2015.06.18 12:26:18.818,1.39829,1.39834,1.00,1.00
2015.06.18 12:26:19.722,1.39827,1.39834,1.09,1.84
2015.06.18 12:26:20.025,1.39827,1.39828,1.00,1.12
2015.06.18 12:26:20.077,1.39826,1.39827,1.05,1.00
2015.06.18 12:26:20.623,1.39827,1.39828,1.00,1.12
2015.06.18 12:26:20.941,1.39825,1.39827,1.00,1.00
2015.06.18 12:26:20.992,1.39823,1.39827,1.00,1.50
2015.06.18 12:26:21.043,1.39825,1.39828,1.00,1.91
2015.06.18 12:26:21.348,1.39823,1.39824,1.00,1.00
2015.06.18 12:26:21.867,1.39823,1.39824,1.00,1.00
2015.06.18 12:26:22.171,1.39821,1.39823,2.32,1.00
2015.06.18 12:26:22.570,1.39825,1.39826,1.00,1.50
2015.06.18 12:26:23.090,1.39825,1.39826,1.05,1.00
2015.06.18 12:26:25.457,1.39824,1.39826,1.54,1.54
2015.06.18 12:26:26.051,1.39825,1.39826,1.54,1.50
2015.06.18 12:26:27.470,1.39825,1.39826,1.54,1.00
2015.06.18 12:26:29.673,1.39826,1.39827,1.00,1.87
2015.06.18 12:26:30.178,1.39827,1.39828,1.00,1.12
2015.06.18 12:26:30.938,1.39826,1.39828,1.05,1.37
2015.06.18 12:26:31.447,1.39827,1.39831,1.00,3.04
2015.06.18 12:26:31.599,1.39827,1.39831,1.00,2.25
2015.06.18 12:26:32.004,1.39828,1.39833,1.87,1.50
2015.06.18 12:26:32.678,1.3983,1.39833,1.00,1.00
2015.06.18 12:26:33.180,1.39829,1.39834,1.00,1.87
2015.06.18 12:26:33.814,1.39829,1.39834,1.00,1.87
2015.06.18 12:26:34.906,1.39829,1.39834,1.00,1.50
2015.06.18 12:26:35.453,1.39829,1.39835,1.00,1.75
2015.06.18 12:26:35.960,1.39829,1.39834,1.00,1.50
2015.06.18 12:26:37.226,1.39829,1.39837,1.12,1.46
2015.06.18 12:26:37.530,1.3983,1.39838,1.87,2.70
2015.06.18 12:26:37.732,1.39831,1.39839,1.37,1.16
2015.06.18 12:26:38.320,1.39831,1.39838,1.37,1.00
2015.06.18 12:26:38.422,1.39831,1.39838,1.37,1.75
2015.06.18 12:26:38.574,1.39829,1.39834,1.12,2.62
2015.06.18 12:26:38.777,1.39826,1.39836,2.29,1.54
2015.06.18 12:26:39.283,1.3983,1.39837,1.50,1.00
2015.06.18 12:26:39.334,1.3983,1.39837,1.87,1.00
2015.06.18 12:26:39.993,1.39832,1.39838,1.12,1.00
2015.06.18 12:26:40.516,1.39832,1.39838,1.12,1.50
2015.06.18 12:26:41.015,1.39832,1.39838,1.12,1.50
2015.06.18 12:26:41.911,1.39832,1.39838,1.12,1.50
2015.06.18 12:26:42.444,1.39832,1.39837,1.00,1.00
2015.06.18 12:26:42.747,1.39832,1.39839,1.00,2.29
2015.06.18 12:26:43.154,1.39832,1.39837,1.00,1.00
2015.06.18 12:26:43.519,1.39832,1.39839,1.00,1.99
2015.06.18 12:26:43.621,1.39832,1.39839,1.00,2.32
2015.06.18 12:26:43.992,1.39832,1.39835,1.00,1.00
2015.06.18 12:26:44.094,1.39832,1.39837,1.00,1.12
2015.06.18 12:26:44.310,1.39832,1.39837,1.00,1.37
2015.06.18 12:26:44.912,1.39833,1.39837,1.00,1.12
2015.06.18 12:26:45.215,1.39835,1.3984,1.00,2.32
2015.06.18 12:26:45.519,1.39835,1.39842,1.50,2.62
2015.06.18 12:26:46.115,1.39836,1.39841,1.00,1.50
2015.06.18 12:26:46.808,1.39836,1.39844,1.05,1.54
2015.06.18 12:26:46.909,1.39836,1.39844,1.42,1.54
2015.06.18 12:26:47.219,1.39839,1.39847,1.12,1.50
2015.06.18 12:26:47.741,1.39839,1.39848,1.12,3.00
2015.06.18 12:26:47.954,1.39839,1.39847,1.12,1.00
2015.06.18 12:26:48.474,1.39839,1.39848,1.12,1.87
2015.06.18 12:26:48.525,1.39839,1.39848,1.12,1.50
2015.06.18 12:26:48.831,1.39841,1.39847,1.00,1.00
2015.06.18 12:26:49.353,1.39841,1.39847,1.37,1.00
2015.06.18 12:26:50.135,1.3984,1.39846,1.91,1.00
2015.06.18 12:26:50.439,1.39833,1.39837,1.12,1.00
2015.06.18 12:26:50.743,1.39829,1.39837,2.66,1.00
2015.06.18 12:26:51.865,1.39828,1.39837,1.37,1.09
2015.06.18 12:26:51.966,1.39828,1.39836,1.00,1.76
2015.06.18 12:26:52.068,1.39828,1.39833,1.00,1.00
2015.06.18 12:26:52.379,1.3983,1.39833,1.00,1.00
2015.06.18 12:26:52.885,1.3983,1.39834,1.00,1.00
2015.06.18 12:26:54.267,1.39828,1.39834,1.05,1.00
2015.06.18 12:26:54.803,1.39829,1.39835,1.00,1.00
2015.06.18 12:26:55.350,1.39829,1.39837,1.00,1.87
2015.06.18 12:26:55.885,1.39829,1.39837,1.00,1.87
2015.06.18 12:26:56.352,1.39828,1.39837,1.00,2.62
2015.06.18 12:26:57.490,1.39828,1.39836,1.00,1.00
2015.06.18 12:26:58.042,1.39828,1.39836,1.00,1.37
2015.06.18 12:26:58.663,1.39828,1.39837,1.00,1.91
2015.06.18 12:27:01.184,1.39827,1.39837,2.62,2.47
2015.06.18 12:27:01.692,1.39827,1.39837,2.62,3.22
2015.06.18 12:27:02.597,1.39827,1.39837,2.62,2.89
2015.06.18 12:27:02.874,1.39827,1.39837,2.62,2.29
2015.06.18 12:27:03.314,1.39825,1.39835,1.37,7.95
2015.06.18 12:27:03.858,1.39824,1.39834,1.50,1.42
2015.06.18 12:27:05.110,1.39824,1.39831,1.37,1.00
2015.06.18 12:27:05.313,1.39824,1.39833,1.37,1.00
2015.06.18 12:27:06.062,1.39824,1.39833,1.37,1.00
2015.06.18 12:27:06.316,1.39823,1.39831,3.41,1.00
2015.06.18 12:27:06.993,1.39826,1.39834,1.37,1.12
2015.06.18 12:27:07.095,1.39826,1.39835,2.25,1.37
2015.06.18 12:27:07.499,1.39828,1.39838,1.37,3.00
2015.06.18 12:27:08.038,1.39832,1.39838,1.37,1.05
2015.06.18 12:27:08.290,1.39832,1.39835,1.37,1.00
2015.06.18 12:27:08.919,1.39832,1.39837,1.37,1.00
2015.06.18 12:27:09.232,1.39832,1.39839,1.37,1.00
2015.06.18 12:27:09.515,1.3983,1.39836,1.87,2.25
2015.06.18 12:27:10.043,1.3983,1.39833,1.37,1.05
2015.06.18 12:27:10.457,1.3983,1.39835,1.37,1.50
2015.06.18 12:27:11.249,1.3983,1.39836,1.87,1.00
2015.06.18 12:27:11.300,1.3983,1.3984,1.87,3.75
2015.06.18 12:27:11.351,1.3983,1.39833,1.37,1.50
2015.06.18 12:27:11.655,1.39816,1.39818,1.50,1.00
2015.06.18 12:27:11.706,1.39812,1.39816,1.57,1.00
2015.06.18 12:27:12.096,1.39807,1.39816,1.00,1.00
2015.06.18 12:27:12.503,1.39807,1.39812,1.00,1.00
2015.06.18 12:27:12.911,1.39807,1.3981,1.00,1.00
2015.06.18 12:27:13.013,1.39807,1.39812,1.00,1.05
2015.06.18 12:27:13.303,1.39806,1.3981,1.54,1.00
2015.06.18 12:27:13.714,1.39806,1.39808,1.05,1.00
2015.06.18 12:27:13.816,1.39805,1.3981,1.00,1.00
2015.06.18 12:27:13.867,1.39804,1.3981,2.29,3.37
2015.06.18 12:27:14.019,1.39799,1.39805,1.00,1.54
2015.06.18 12:27:14.070,1.39799,1.39803,1.00,1.00
2015.06.18 12:27:14.333,1.39799,1.39806,1.00,1.00
2015.06.18 12:27:14.485,1.39799,1.39801,1.00,1.00
2015.06.18 12:27:14.637,1.39795,1.398,2.70,1.00
2015.06.18 12:27:14.739,1.39795,1.398,3.00,1.00
2015.06.18 12:27:15.518,1.39796,1.398,1.00,1.00
2015.06.18 12:27:15.720,1.39797,1.39803,1.00,1.00
2015.06.18 12:27:15.822,1.39797,1.39805,1.00,1.00
2015.06.18 12:27:16.024,1.39797,1.39803,1.00,1.00
2015.06.18 12:27:16.932,1.39797,1.39806,1.00,1.50
2015.06.18 12:27:17.083,1.398,1.39806,1.00,1.87
2015.06.18 12:27:17.392,1.398,1.39803,1.50,1.00
2015.06.18 12:27:17.840,1.39804,1.39808,1.00,1.61
2015.06.18 12:27:18.144,1.39802,1.39806,1.09,1.00
2015.06.18 12:27:18.614,1.398,1.39806,2.70,1.12
2015.06.18 12:27:18.665,1.398,1.39803,2.70,1.00
2015.06.18 12:27:19.187,1.39798,1.39801,1.37,1.00
2015.06.18 12:27:19.441,1.39795,1.39798,1.09,1.00
2015.06.18 12:27:19.543,1.39793,1.39798,1.54,1.00
2015.06.18 12:27:19.644,1.39793,1.39796,1.50,1.00
2015.06.18 12:27:20.150,1.39792,1.39796,1.00,1.00
2015.06.18 12:27:20.676,1.3979,1.39796,1.37,1.00
2015.06.18 12:27:21.187,1.39789,1.39797,2.25,1.00
2015.06.18 12:27:21.801,1.3979,1.39798,1.12,1.87
2015.06.18 12:27:22.396,1.39789,1.39796,1.87,1.00
2015.06.18 12:27:22.901,1.39789,1.39796,1.91,1.00
2015.06.18 12:27:23.427,1.39789,1.39793,1.00,1.00
2015.06.18 12:27:23.731,1.39789,1.39794,1.12,1.00
2015.06.18 12:27:24.297,1.3979,1.39794,1.00,1.00
2015.06.18 12:27:24.819,1.3979,1.39793,1.00,1.00
2015.06.18 12:27:25.324,1.39789,1.39794,2.66,1.00
2015.06.18 12:27:25.627,1.3979,1.39797,1.50,1.00
2015.06.18 12:27:26.139,1.39792,1.39797,1.12,1.00
2015.06.18 12:27:28.114,1.39792,1.39796,1.00,1.00
2015.06.18 12:27:28.339,1.39792,1.39794,1.00,1.00
2015.06.18 12:27:28.886,1.39792,1.39795,1.00,1.00
2015.06.18 12:27:29.189,1.39792,1.39795,1.37,1.00
2015.06.18 12:27:29.240,1.39792,1.39798,1.37,2.25
2015.06.18 12:27:30.124,1.39792,1.39801,3.00,1.05
2015.06.18 12:27:30.276,1.39792,1.39801,3.79,1.00
2015.06.18 12:27:30.793,1.39794,1.398,1.37,1.00
2015.06.18 12:27:31.093,1.39794,1.39802,1.37,1.00
2015.06.18 12:27:31.579,1.39794,1.39802,1.16,1.37
2015.06.18 12:27:31.889,1.39794,1.39799,1.50,1.00
2015.06.18 12:27:31.940,1.39794,1.39799,1.12,1.00
2015.06.18 12:27:32.041,1.39794,1.39799,1.42,1.00
2015.06.18 12:27:32.389,1.39792,1.39798,2.62,1.00
2015.06.18 12:27:32.541,1.3979,1.39796,3.37,1.00
2015.06.18 12:27:32.743,1.3979,1.398,3.00,1.00
2015.06.18 12:27:32.794,1.3979,1.398,3.79,1.37
2015.06.18 12:27:33.461,1.39792,1.39799,1.75,1.00
2015.06.18 12:27:33.668,1.39793,1.39799,1.00,1.00
2015.06.18 12:27:33.872,1.39792,1.39797,1.00,1.00
2015.06.18 12:27:34.206,1.39792,1.39801,1.00,1.00
2015.06.18 12:27:35.164,1.39792,1.39801,1.12,1.37
2015.06.18 12:27:38.044,1.39796,1.398,1.00,1.37
2015.06.18 12:27:41.177,1.39796,1.398,1.00,1.00
2015.06.18 12:27:42.783,1.39796,1.39798,1.00,1.00
2015.06.18 12:27:43.406,1.39796,1.39798,1.00,1.12
2015.06.18 12:27:44.861,1.39792,1.39798,1.42,1.00
2015.06.18 12:27:45.063,1.3979,1.39796,4.12,1.00
2015.06.18 12:27:45.391,1.39792,1.39798,1.12,1.12
2015.06.18 12:27:45.787,1.39794,1.398,4.54,1.00
2015.06.18 12:27:46.295,1.39796,1.398,1.00,1.00
2015.06.18 12:27:46.976,1.39794,1.398,1.12,1.00
2015.06.18 12:27:47.699,1.39795,1.398,1.37,1.00
2015.06.18 12:27:48.205,1.39795,1.39801,2.25,1.00
2015.06.18 12:27:48.701,1.39799,1.39802,1.12,1.00
2015.06.18 12:27:49.212,1.39798,1.39803,1.37,1.12
2015.06.18 12:27:50.354,1.39796,1.39804,3.00,1.00
2015.06.18 12:27:51.801,1.39801,1.39804,1.00,1.00
2015.06.18 12:27:51.954,1.39802,1.39806,1.00,1.87
2015.06.18 12:27:52.952,1.39803,1.39811,1.00,3.22
2015.06.18 12:27:54.316,1.39802,1.3981,1.16,1.67
2015.06.18 12:27:54.833,1.39802,1.3981,1.46,1.67
2015.06.18 12:27:55.621,1.39802,1.39808,1.05,1.37
2015.06.18 12:27:55.778,1.39799,1.39804,1.00,1.12
2015.06.18 12:27:55.880,1.39796,1.39804,7.20,1.12
2015.06.18 12:27:56.721,1.39798,1.39806,1.00,1.37
2015.06.18 12:27:57.175,1.398,1.39805,1.00,1.37
2015.06.18 12:27:57.227,1.398,1.39809,1.50,1.87
2015.06.18 12:27:57.278,1.39801,1.3981,1.00,4.87
2015.06.18 12:27:57.329,1.39803,1.3981,1.00,2.25
2015.06.18 12:27:58.678,1.39803,1.39809,1.50,1.00
2015.06.18 12:27:59.571,1.39803,1.39809,1.87,1.00
2015.06.18 12:27:59.876,1.39808,1.39811,1.12,1.00
2015.06.18 12:28:00.028,1.39808,1.39816,1.37,1.50
2015.06.18 12:28:00.181,1.39811,1.39818,1.00,1.05
2015.06.18 12:28:00.686,1.39811,1.39817,1.00,1.00
2015.06.18 12:28:02.642,1.39811,1.39818,1.12,1.00
2015.06.18 12:28:07.444,1.39811,1.39817,1.12,1.00
2015.06.18 12:28:07.981,1.39812,1.39818,1.00,1.00
2015.06.18 12:28:08.487,1.39812,1.39821,1.05,2.02
2015.06.18 12:28:08.810,1.39817,1.39824,1.37,1.54
2015.06.18 12:28:09.328,1.39819,1.39827,1.00,4.87
2015.06.18 12:28:10.787,1.39818,1.39825,2.25,1.42
2015.06.18 12:28:11.889,1.39822,1.39825,1.12,1.42
2015.06.18 12:28:12.042,1.39822,1.39828,1.37,2.25
2015.06.18 12:28:12.093,1.39822,1.39828,1.75,2.25
2015.06.18 12:28:12.194,1.39822,1.39828,1.50,1.00
2015.06.18 12:28:12.296,1.39822,1.39826,1.87,1.00
2015.06.18 12:28:12.497,1.3982,1.39827,7.87,1.16
2015.06.18 12:28:13.008,1.39822,1.39825,1.00,1.50
2015.06.18 12:28:13.738,1.39821,1.39825,4.12,1.00
2015.06.18 12:28:14.042,1.39822,1.39827,1.50,1.00
2015.06.18 12:28:14.915,1.39821,1.39826,2.25,1.00
2015.06.18 12:28:14.969,1.39821,1.39828,1.50,1.00
2015.06.18 12:28:15.600,1.39821,1.39828,1.37,1.16
2015.06.18 12:28:15.712,1.39821,1.39828,1.87,1.05
2015.06.18 12:28:16.127,1.3982,1.39825,4.12,1.00
2015.06.18 12:28:16.669,1.3982,1.39824,2.62,1.00
2015.06.18 12:28:16.922,1.3982,1.39827,3.00,2.25
2015.06.18 12:28:17.570,1.3982,1.39827,3.00,1.00
2015.06.18 12:28:17.773,1.3982,1.39829,4.50,2.25
2015.06.18 12:28:18.613,1.39821,1.39828,1.50,1.00
2015.06.18 12:28:19.121,1.39821,1.39829,1.12,1.50
2015.06.18 12:28:19.274,1.39831,1.39834,3.75,13.12
2015.06.18 12:28:19.426,1.39832,1.39835,3.75,1.00
2015.06.18 12:28:19.742,1.39833,1.39837,1.00,1.00
2015.06.18 12:28:20.264,1.39833,1.39836,1.00,1.50
2015.06.18 12:28:20.907,1.39827,1.39836,1.75,1.50
2015.06.18 12:28:21.161,1.39826,1.39835,2.29,1.37
2015.06.18 12:28:21.465,1.39825,1.39834,4.12,2.70
2015.06.18 12:28:21.773,1.39825,1.3983,2.25,1.00
2015.06.18 12:28:22.287,1.39825,1.39829,2.25,1.00
2015.06.18 12:28:22.838,1.39825,1.39828,2.25,1.50
2015.06.18 12:28:23.592,1.3982,1.39828,4.12,1.87
2015.06.18 12:28:23.693,1.3982,1.39827,4.12,1.37
2015.06.18 12:28:23.998,1.3982,1.39824,3.75,1.87
2015.06.18 12:28:24.795,1.39814,1.39824,6.07,1.87
2015.06.18 12:28:24.897,1.39814,1.39822,4.95,1.00
2015.06.18 12:28:25.201,1.39808,1.39815,1.87,1.00
2015.06.18 12:28:25.404,1.39808,1.39813,1.37,1.50
2015.06.18 12:28:25.835,1.39804,1.39812,1.87,1.05
2015.06.18 12:28:25.936,1.39804,1.39812,1.87,1.37
2015.06.18 12:28:26.038,1.39804,1.39812,1.87,1.00
2015.06.18 12:28:26.140,1.39804,1.39814,1.87,1.54
2015.06.18 12:28:26.814,1.39804,1.39812,1.87,1.00
2015.06.18 12:28:27.357,1.39802,1.39811,1.50,1.50
2015.06.18 12:28:28.006,1.39802,1.39812,3.75,2.25
2015.06.18 12:28:28.310,1.39803,1.3981,1.37,1.50
2015.06.18 12:28:28.564,1.39803,1.39811,1.00,1.00
2015.06.18 12:28:29.071,1.39801,1.39811,5.62,1.00
2015.06.18 12:28:29.330,1.39801,1.3981,5.62,1.87
2015.06.18 12:28:29.839,1.39801,1.3981,1.37,3.79
2015.06.18 12:28:30.425,1.39805,1.39815,1.50,3.79
2015.06.18 12:28:30.527,1.39807,1.39816,1.00,1.09
2015.06.18 12:28:30.578,1.39808,1.39818,1.50,1.91
2015.06.18 12:28:30.730,1.39811,1.39818,1.00,1.50
2015.06.18 12:28:30.882,1.39814,1.39824,1.50,4.20
2015.06.18 12:28:31.237,1.39815,1.39825,2.29,1.00
2015.06.18 12:28:31.769,1.39815,1.39826,2.66,1.87
2015.06.18 12:28:32.023,1.39815,1.39826,3.41,1.00
2015.06.18 12:28:32.124,1.39817,1.39827,1.87,3.04
2015.06.18 12:28:32.428,1.39821,1.3983,1.50,3.00
2015.06.18 12:28:32.836,1.39819,1.39828,1.00,1.37
2015.06.18 12:28:33.731,1.3982,1.39828,1.00,1.00
2015.06.18 12:28:33.833,1.39822,1.39829,1.00,1.00
2015.06.18 12:28:34.053,1.39823,1.39831,1.00,1.00
2015.06.18 12:28:34.306,1.39824,1.39833,2.32,1.50
2015.06.18 12:28:34.621,1.39827,1.39835,1.05,1.00
2015.06.18 12:28:34.936,1.39831,1.39835,1.00,1.00
2015.06.18 12:28:35.173,1.39831,1.39839,1.05,1.50
2015.06.18 12:28:35.585,1.39832,1.39841,1.00,1.50
2015.06.18 12:28:36.124,1.39832,1.39842,1.42,2.66
2015.06.18 12:28:36.649,1.39832,1.39842,1.16,1.54
2015.06.18 12:28:37.730,1.3983,1.39842,3.04,3.41
2015.06.18 12:28:37.934,1.3983,1.3984,1.50,1.00
2015.06.18 12:28:38.036,1.39833,1.39839,1.12,1.00
2015.06.18 12:28:38.340,1.39839,1.39843,1.12,1.00
2015.06.18 12:28:38.442,1.39841,1.39847,1.54,1.50
2015.06.18 12:28:38.544,1.39841,1.39849,1.05,2.25
2015.06.18 12:28:38.596,1.3984,1.39849,1.09,2.62
2015.06.18 12:28:38.817,1.39837,1.39847,1.00,1.87
2015.06.18 12:28:38.919,1.39837,1.39847,1.00,1.50
2015.06.18 12:28:39.172,1.39836,1.39844,1.00,1.00
2015.06.18 12:28:39.817,1.39834,1.39841,1.12,1.50
2015.06.18 12:28:40.324,1.39836,1.39841,1.00,1.00
2015.06.18 12:28:40.951,1.39837,1.39841,1.00,1.00
2015.06.18 12:28:41.460,1.39836,1.39841,1.00,1.00
2015.06.18 12:28:41.850,1.39836,1.39843,1.50,1.05
2015.06.18 12:28:42.155,1.39835,1.39843,1.42,2.25
2015.06.18 12:28:42.468,1.39843,1.39845,1.87,1.54
2015.06.18 12:28:42.569,1.39843,1.39851,1.87,2.25
2015.06.18 12:28:42.671,1.39843,1.39851,1.00,2.25
2015.06.18 12:28:43.206,1.39842,1.39851,2.66,2.25
2015.06.18 12:28:43.661,1.39842,1.39851,2.29,1.50
2015.06.18 12:28:44.202,1.39844,1.3985,1.37,1.00
2015.06.18 12:28:44.725,1.39845,1.3985,1.87,1.00
2015.06.18 12:28:44.877,1.39845,1.3985,1.50,1.00
2015.06.18 12:28:45.401,1.39845,1.3985,1.87,1.00
2015.06.18 12:28:45.504,1.39848,1.39853,1.05,1.50
2015.06.18 12:28:45.606,1.39846,1.39851,1.00,1.00
2015.06.18 12:28:45.708,1.39842,1.39851,1.16,1.87
2015.06.18 12:28:45.911,1.39842,1.39848,1.05,1.00
2015.06.18 12:28:46.216,1.3984,1.39846,1.50,1.50
2015.06.18 12:28:46.535,1.39839,1.39844,1.16,1.00
2015.06.18 12:28:47.044,1.3984,1.39844,1.37,1.50
2015.06.18 12:28:47.669,1.3984,1.39844,1.37,1.50
2015.06.18 12:28:48.181,1.3984,1.39844,1.37,1.50
2015.06.18 12:28:48.495,1.39843,1.39846,1.50,1.57
2015.06.18 12:28:48.707,1.39844,1.3985,1.00,1.42
2015.06.18 12:28:48.758,1.39847,1.3985,1.00,1.42
2015.06.18 12:28:49.062,1.39846,1.39851,1.00,1.00
2015.06.18 12:28:49.114,1.39846,1.39853,1.00,1.00
2015.06.18 12:28:49.215,1.39846,1.39855,1.00,1.50
2015.06.18 12:28:49.266,1.39848,1.39855,1.00,1.50
2015.06.18 12:28:49.987,1.39848,1.39855,1.37,1.50
2015.06.18 12:28:50.293,1.39845,1.39848,2.32,1.00
2015.06.18 12:28:50.395,1.39845,1.3985,1.50,1.50
2015.06.18 12:28:50.548,1.39845,1.3985,1.12,1.50
2015.06.18 12:28:50.856,1.39843,1.39847,1.00,1.00
2015.06.18 12:28:51.363,1.39838,1.39846,2.25,2.25
2015.06.18 12:28:51.931,1.39839,1.39848,1.37,1.87
2015.06.18 12:28:52.388,1.39845,1.3985,1.00,1.46
2015.06.18 12:28:52.490,1.39845,1.3985,1.00,1.00
2015.06.18 12:28:52.592,1.39843,1.3985,1.87,1.00
2015.06.18 12:28:53.121,1.39843,1.39852,1.87,2.62
2015.06.18 12:28:53.223,1.39844,1.3985,1.00,1.87
2015.06.18 12:28:53.529,1.39838,1.39846,1.57,1.00
2015.06.18 12:28:53.732,1.39837,1.39846,1.00,2.25
2015.06.18 12:28:54.157,1.39835,1.39844,2.62,1.00
2015.06.18 12:28:54.259,1.39837,1.39846,1.16,1.00
2015.06.18 12:28:54.664,1.39839,1.39846,1.00,1.00
2015.06.18 12:28:54.968,1.39839,1.39846,1.37,1.00
2015.06.18 12:28:55.592,1.39838,1.39846,3.41,1.00
2015.06.18 12:28:55.795,1.3984,1.39846,1.00,1.05
2015.06.18 12:28:56.694,1.39838,1.39845,2.62,1.00
2015.06.18 12:28:57.108,1.39836,1.39844,1.91,2.25
2015.06.18 12:28:57.361,1.39838,1.39844,1.12,1.50
2015.06.18 12:28:57.679,1.39841,1.39846,1.37,1.12
2015.06.18 12:28:57.989,1.39841,1.39846,3.00,1.12
2015.06.18 12:28:58.299,1.39841,1.39846,1.91,1.12
2015.06.18 12:28:58.648,1.39843,1.3985,1.37,1.91
2015.06.18 12:28:59.021,1.39844,1.39853,1.37,1.05
2015.06.18 12:28:59.072,1.39844,1.39855,1.72,1.87
2015.06.18 12:28:59.578,1.39846,1.39856,1.87,1.54
2015.06.18 12:29:00.040,1.39846,1.39856,3.00,1.91
2015.06.18 12:29:00.243,1.39849,1.39858,1.12,1.91
2015.06.18 12:29:00.446,1.39848,1.39855,1.00,1.37
2015.06.18 12:29:00.989,1.39847,1.39855,1.12,2.62
2015.06.18 12:29:01.855,1.39852,1.39855,1.00,1.00
2015.06.18 12:29:02.008,1.39852,1.39861,1.87,1.00
2015.06.18 12:29:02.515,1.39852,1.39862,1.87,1.87
2015.06.18 12:29:03.487,1.39854,1.39862,1.00,2.25
2015.06.18 12:29:03.792,1.39856,1.39866,1.50,1.87
2015.06.18 12:29:04.190,1.39857,1.39867,1.00,1.05
2015.06.18 12:29:04.443,1.39857,1.39867,1.00,2.02
2015.06.18 12:29:04.949,1.39855,1.39865,2.29,2.47
2015.06.18 12:29:05.381,1.39855,1.39865,2.66,3.97
2015.06.18 12:29:05.432,1.39855,1.39864,1.87,1.35
2015.06.18 12:29:05.837,1.39853,1.39862,1.00,1.67
2015.06.18 12:29:05.939,1.39853,1.39861,1.05,2.47
2015.06.18 12:29:06.092,1.3985,1.3986,1.00,1.37
2015.06.18 12:29:07.131,1.3985,1.3986,1.37,3.22
2015.06.18 12:29:07.831,1.39849,1.39858,1.80,1.37
2015.06.18 12:29:08.160,1.39848,1.39858,1.54,1.37
2015.06.18 12:29:08.673,1.39848,1.39858,1.16,1.37
2015.06.18 12:29:09.219,1.39848,1.39858,1.42,1.50
2015.06.18 12:29:09.943,1.39848,1.39857,1.05,1.37
2015.06.18 12:29:10.456,1.39847,1.39857,1.54,1.91
2015.06.18 12:29:10.608,1.39847,1.39857,1.50,1.87
2015.06.18 12:29:10.659,1.39847,1.39857,1.50,1.87
2015.06.18 12:29:10.862,1.39846,1.39857,2.32,1.91
2015.06.18 12:29:11.070,1.39847,1.39857,1.05,1.91
2015.06.18 12:29:11.605,1.39847,1.39851,2.25,1.75
2015.06.18 12:29:12.174,1.3984,1.39849,1.50,2.25
2015.06.18 12:29:12.769,1.39843,1.39852,1.50,1.20
2015.06.18 12:29:13.077,1.39846,1.39852,3.75,1.12
2015.06.18 12:29:13.432,1.39848,1.39855,1.57,1.54
2015.06.18 12:29:13.584,1.39848,1.39857,1.05,1.00
2015.06.18 12:29:14.053,1.39848,1.39857,1.42,1.00
2015.06.18 12:29:14.560,1.39852,1.3986,1.00,1.87
2015.06.18 12:29:14.661,1.3985,1.39862,2.62,1.87
2015.06.18 12:29:14.864,1.39853,1.39862,1.00,1.50
2015.06.18 12:29:15.409,1.39853,1.39863,1.37,1.37
2015.06.18 12:29:15.918,1.39851,1.39861,4.16,1.50
2015.06.18 12:29:16.428,1.39854,1.39863,1.12,2.62
2015.06.18 12:29:16.733,1.3985,1.3986,1.50,1.87
2015.06.18 12:29:16.992,1.39848,1.39858,1.54,1.87
2015.06.18 12:29:17.508,1.39848,1.39858,2.29,1.50
2015.06.18 12:29:18.032,1.39849,1.39858,1.54,1.50
2015.06.18 12:29:18.348,1.39848,1.39858,1.87,1.50
2015.06.18 12:29:18.399,1.39848,1.39858,1.50,1.54
2015.06.18 12:29:18.450,1.39849,1.39858,1.37,1.54
2015.06.18 12:29:18.703,1.39858,1.39868,1.50,1.00
2015.06.18 12:29:18.804,1.39858,1.39868,1.00,1.75
2015.06.18 12:29:19.108,1.39855,1.39862,1.05,1.00
2015.06.18 12:29:19.735,1.39853,1.39862,1.42,1.00
2015.06.18 12:29:20.190,1.3985,1.3986,2.32,2.25
2015.06.18 12:29:20.241,1.39848,1.3986,3.75,3.37
2015.06.18 12:29:20.403,1.39848,1.3986,2.62,3.07
2015.06.18 12:29:20.454,1.39848,1.39857,1.12,1.00
2015.06.18 12:29:20.961,1.39849,1.39857,1.00,1.00
2015.06.18 12:29:21.265,1.3985,1.39857,1.37,1.00
2015.06.18 12:29:21.317,1.3985,1.3986,1.87,1.54
2015.06.18 12:29:21.590,1.39852,1.39862,1.00,1.00
2015.06.18 12:29:21.692,1.39854,1.39864,1.00,1.09
2015.06.18 12:29:22.098,1.39852,1.3986,1.46,1.50
2015.06.18 12:29:22.570,1.39858,1.39867,1.00,1.50
2015.06.18 12:29:22.672,1.39857,1.39867,1.00,1.05
2015.06.18 12:29:22.925,1.39857,1.39864,1.00,1.00
2015.06.18 12:29:23.077,1.39854,1.39864,1.00,2.25
2015.06.18 12:29:23.128,1.39854,1.3986,1.00,1.00
2015.06.18 12:29:23.437,1.39851,1.3986,1.00,1.50
2015.06.18 12:29:23.488,1.39848,1.3986,1.87,2.25
2015.06.18 12:29:24.005,1.39849,1.3986,1.00,2.29
2015.06.18 12:29:24.317,1.39849,1.3986,1.87,3.00
2015.06.18 12:29:24.827,1.39852,1.3986,1.37,3.00
2015.06.18 12:29:25.373,1.39855,1.3986,1.00,1.00
2015.06.18 12:29:26.110,1.39852,1.3986,1.42,1.50
2015.06.18 12:29:26.497,1.39856,1.39863,1.50,1.00
2015.06.18 12:29:26.598,1.39857,1.39865,1.12,1.00
2015.06.18 12:29:26.852,1.39858,1.39867,1.00,1.50
2015.06.18 12:29:27.164,1.39858,1.39867,1.37,1.50
2015.06.18 12:29:27.680,1.39859,1.39867,1.37,1.50
2015.06.18 12:29:27.732,1.39861,1.39869,1.00,1.54
2015.06.18 12:29:28.188,1.3986,1.3987,1.87,1.54
2015.06.18 12:29:28.845,1.3986,1.3987,3.37,1.54
2015.06.18 12:29:29.360,1.39861,1.3987,1.37,1.50
2015.06.18 12:29:29.674,1.39861,1.3987,1.12,3.00
2015.06.18 12:29:30.156,1.3986,1.39867,2.62,1.00
2015.06.18 12:29:30.562,1.3986,1.39866,1.37,1.00
2015.06.18 12:29:30.932,1.39864,1.39869,1.75,1.50
2015.06.18 12:29:30.984,1.39867,1.39874,1.46,1.05
2015.06.18 12:29:31.136,1.39872,1.3988,1.00,1.09
2015.06.18 12:29:31.239,1.3987,1.39878,1.00,1.00
2015.06.18 12:29:31.442,1.39874,1.3988,1.00,1.00
2015.06.18 12:29:31.853,1.39876,1.39883,1.00,1.07
2015.06.18 12:29:32.787,1.39876,1.39884,1.00,1.00
2015.06.18 12:29:33.693,1.39876,1.3988,1.05,1.00
2015.06.18 12:29:33.896,1.39869,1.39874,1.05,3.75
2015.06.18 12:29:34.074,1.3987,1.39879,1.00,1.00
2015.06.18 12:29:34.128,1.3987,1.39877,1.00,1.00
2015.06.18 12:29:34.434,1.39855,1.39865,2.70,1.50
2015.06.18 12:29:34.535,1.39855,1.39863,1.00,1.00
2015.06.18 12:29:34.637,1.39853,1.39858,1.00,1.00
2015.06.18 12:29:34.739,1.39847,1.39853,1.00,1.00
2015.06.18 12:29:34.840,1.3985,1.39853,1.00,1.00
2015.06.18 12:29:35.164,1.39846,1.39848,3.75,1.50
2015.06.18 12:29:35.215,1.39843,1.39848,1.00,5.25
2015.06.18 12:29:35.317,1.39834,1.39844,1.87,2.25
2015.06.18 12:29:35.368,1.39834,1.39841,1.00,1.05
2015.06.18 12:29:35.469,1.39831,1.39841,1.12,1.05
2015.06.18 12:29:35.521,1.39831,1.39841,1.87,1.00
2015.06.18 12:29:35.825,1.39827,1.39836,1.50,1.00
2015.06.18 12:29:36.501,1.39826,1.39832,2.62,1.00
2015.06.18 12:29:36.963,1.39821,1.39824,1.65,1.00
2015.06.18 12:29:37.065,1.39827,1.39835,1.00,3.75
2015.06.18 12:29:37.116,1.39827,1.39837,1.00,1.05
2015.06.18 12:29:37.218,1.39829,1.39837,1.05,1.00
2015.06.18 12:29:37.269,1.3983,1.3984,1.00,1.00
2015.06.18 12:29:37.982,1.39827,1.39837,1.57,1.50
2015.06.18 12:29:38.286,1.39832,1.39842,1.00,1.75
2015.06.18 12:29:38.337,1.39832,1.39842,1.00,1.00
2015.06.18 12:29:39.517,1.39833,1.39842,1.00,1.00
2015.06.18 12:29:39.568,1.39834,1.39844,1.00,1.00
2015.06.18 12:29:39.721,1.39836,1.39844,1.00,1.00
2015.06.18 12:29:40.046,1.39842,1.3985,1.00,3.75
2015.06.18 12:29:40.097,1.39842,1.39852,1.00,1.00
2015.06.18 12:29:40.199,1.39844,1.39852,1.00,1.00
2015.06.18 12:29:40.452,1.39852,1.39861,1.50,1.00
2015.06.18 12:29:41.190,1.39852,1.39857,1.50,1.00
2015.06.18 12:29:41.894,1.39852,1.39862,1.50,3.00
2015.06.18 12:29:42.698,1.39852,1.39862,1.50,3.00
2015.06.18 12:29:42.900,1.39852,1.39855,1.50,1.00
2015.06.18 12:29:43.002,1.39847,1.39848,1.50,1.00
2015.06.18 12:29:43.053,1.39842,1.39846,1.07,7.50
2015.06.18 12:29:43.246,1.39837,1.39842,1.50,1.00
2015.06.18 12:29:43.299,1.39834,1.39842,1.12,1.00
2015.06.18 12:29:43.350,1.39832,1.3984,1.50,1.00
2015.06.18 12:29:43.552,1.3983,1.39835,2.70,1.50
2015.06.18 12:29:43.755,1.3983,1.39833,1.65,1.00
2015.06.18 12:29:44.061,1.3983,1.39842,3.22,2.25
2015.06.18 12:29:44.112,1.3983,1.39842,2.77,1.50
2015.06.18 12:29:44.714,1.39831,1.39842,1.16,1.50
2015.06.18 12:29:45.119,1.39833,1.39843,1.12,1.05
2015.06.18 12:29:45.924,1.39833,1.39843,1.00,1.75
2015.06.18 12:29:45.974,1.39831,1.3984,1.00,1.57
2015.06.18 12:29:46.177,1.39831,1.39837,1.00,1.50
2015.06.18 12:29:46.278,1.39831,1.39839,1.00,1.54
2015.06.18 12:29:46.329,1.39829,1.39839,2.25,1.54
2015.06.18 12:29:46.942,1.39832,1.39839,1.00,1.54
2015.06.18 12:29:47.247,1.39842,1.39848,1.75,3.75
2015.06.18 12:29:47.298,1.39842,1.39851,1.75,1.50
2015.06.18 12:29:47.401,1.39847,1.39859,1.50,1.57
2015.06.18 12:29:47.608,1.39846,1.39856,1.54,1.50
2015.06.18 12:29:47.914,1.39843,1.39852,1.37,1.50
2015.06.18 12:29:48.016,1.39847,1.39854,1.00,1.00
2015.06.18 12:29:48.067,1.39844,1.3985,1.12,1.00
2015.06.18 12:29:48.372,1.39845,1.39846,1.00,1.50
2015.06.18 12:29:48.638,1.39846,1.39849,1.00,4.75
2015.06.18 12:29:48.689,1.39841,1.39847,1.12,1.00
2015.06.18 12:29:49.101,1.39844,1.39846,1.12,1.00
2015.06.18 12:29:49.419,1.39841,1.39843,2.62,1.50
2015.06.18 12:29:49.828,1.39844,1.39846,1.12,6.04
2015.06.18 12:29:50.335,1.39845,1.39847,1.00,4.00
2015.06.18 12:29:50.437,1.3984,1.39845,2.32,1.75
2015.06.18 12:29:50.955,1.3984,1.39841,1.00,1.50
2015.06.18 12:29:51.057,1.39829,1.39838,3.89,1.00
2015.06.18 12:29:51.108,1.39829,1.39838,1.41,1.50
2015.06.18 12:29:51.159,1.39819,1.39823,4.00,1.50
2015.06.18 12:29:51.210,1.39812,1.39823,1.01,2.25
2015.06.18 12:29:51.261,1.39812,1.3982,1.20,1.57
2015.06.18 12:29:51.583,1.39805,1.39816,2.29,1.50
2015.06.18 12:29:51.685,1.3979,1.39809,1.82,4.00
2015.06.18 12:29:51.737,1.39796,1.39818,1.00,1.00
2015.06.18 12:29:51.788,1.39812,1.39841,1.00,1.00
2015.06.18 12:29:51.889,1.39812,1.39848,1.00,1.91
2015.06.18 12:29:52.093,1.39807,1.39846,1.50,3.75
2015.06.18 12:29:52.196,1.39804,1.39856,1.09,1.00
2015.06.18 12:29:52.298,1.3981,1.39856,1.00,1.00
2015.06.18 12:29:52.637,1.3981,1.39838,1.00,1.50
2015.06.18 12:29:52.881,1.39806,1.39838,1.00,1.54
2015.06.18 12:29:53.235,1.39818,1.39841,1.00,2.25
2015.06.18 12:29:53.286,1.3982,1.39841,1.00,1.00
2015.06.18 12:29:53.337,1.3982,1.3985,1.50,3.75
2015.06.18 12:29:53.388,1.39822,1.39863,1.00,1.00
2015.06.18 12:29:53.618,1.39822,1.39869,1.00,1.00
2015.06.18 12:29:53.874,1.39827,1.39869,1.00,1.00
2015.06.18 12:29:54.180,1.39828,1.39864,1.00,1.00
2015.06.18 12:29:54.687,1.39828,1.39863,1.00,1.00
2015.06.18 12:29:55.128,1.39822,1.39866,3.75,1.00
2015.06.18 12:29:55.229,1.39813,1.39866,1.37,1.00
2015.06.18 12:29:55.281,1.39813,1.39866,1.00,1.00
2015.06.18 12:29:55.382,1.39797,1.39866,1.75,1.00
2015.06.18 12:29:55.483,1.39801,1.39869,1.75,1.00
2015.06.18 12:29:55.664,1.39801,1.39872,1.37,1.00
2015.06.18 12:29:55.838,1.39804,1.39878,1.00,1.82
2015.06.18 12:29:56.682,1.39805,1.39878,1.00,1.82
2015.06.18 12:29:56.733,1.39808,1.39882,1.00,1.82
2015.06.18 12:29:57.320,1.39809,1.39883,1.00,1.82
2015.06.18 12:29:57.791,1.39817,1.39885,1.00,2.02
2015.06.18 12:29:58.233,1.3982,1.39885,1.00,1.45
2015.06.18 12:29:58.650,1.39813,1.39896,1.00,1.99
2015.06.18 12:29:58.753,1.39798,1.39896,1.83,1.99
2015.06.18 12:29:58.955,1.39798,1.39896,1.83,1.99
2015.06.18 12:29:59.259,1.39819,1.39895,1.38,2.02
2015.06.18 12:30:00.478,1.39819,1.39888,1.38,1.01
2015.06.18 12:30:01.008,1.39819,1.39885,1.37,1.75
2015.06.18 12:30:01.318,1.39843,1.3986,1.00,1.87
2015.06.18 12:30:01.370,1.39847,1.39865,1.00,1.50
2015.06.18 12:30:01.421,1.39832,1.39874,0.30,0.75
2015.06.18 12:30:01.472,1.39807,1.3983,1.07,0.75
2015.06.18 12:30:01.574,1.39809,1.39856,1.00,1.00
2015.06.18 12:30:01.630,1.39837,1.39859,1.37,1.00
2015.06.18 12:30:01.944,1.39843,1.39921,1.05,2.25
2015.06.18 12:30:01.995,1.39902,1.39927,0.37,0.75
2015.06.18 12:30:02.047,1.39895,1.39927,1.07,0.75
2015.06.18 12:30:02.098,1.39894,1.39921,1.12,0.75
2015.06.18 12:30:02.204,1.39889,1.39927,1.37,0.75
2015.06.18 12:30:02.409,1.39888,1.39918,1.05,0.75
2015.06.18 12:30:02.637,1.3991,1.3997,0.30,1.80
2015.06.18 12:30:02.691,1.39895,1.3997,1.75,1.80
2015.06.18 12:30:02.843,1.39895,1.40001,1.75,1.37
2015.06.18 12:30:02.997,1.39904,1.39997,1.09,1.50
2015.06.18 12:30:03.048,1.39898,1.39997,1.75,1.50
2015.06.18 12:30:03.100,1.39905,1.39997,1.12,1.12
2015.06.18 12:30:03.432,1.39922,1.39978,1.12,1.00
2015.06.18 12:30:03.739,1.39921,1.39981,1.37,1.75
2015.06.18 12:30:03.943,1.39931,1.3999,1.12,1.75
2015.06.18 12:30:03.995,1.39938,1.3999,1.00,1.75
2015.06.18 12:30:04.097,1.39922,1.3999,1.12,1.75
2015.06.18 12:30:04.149,1.39939,1.39991,1.43,1.12
2015.06.18 12:30:04.416,1.39925,1.39985,2.38,2.47
2015.06.18 12:30:04.619,1.39925,1.39984,1.82,1.35
2015.06.18 12:30:04.721,1.39909,1.39966,1.37,1.24
2015.06.18 12:30:04.772,1.39924,1.39966,1.00,1.35
2015.06.18 12:30:04.823,1.39924,1.39965,1.00,1.10
2015.06.18 12:30:04.926,1.39925,1.39976,2.25,1.16
2015.06.18 12:30:05.028,1.39917,1.39966,1.75,1.14
2015.06.18 12:30:05.079,1.39917,1.39966,1.75,1.51
2015.06.18 12:30:05.361,1.3993,1.39965,1.00,1.61
2015.06.18 12:30:05.463,1.39937,1.39964,1.00,1.42
2015.06.18 12:30:05.768,1.39926,1.39964,2.25,1.50
2015.06.18 12:30:05.819,1.39922,1.39964,1.16,1.50
2015.06.18 12:30:05.870,1.39919,1.3996,1.12,1.00
2015.06.18 12:30:06.285,1.39915,1.39943,2.06,1.50
2015.06.18 12:30:06.337,1.39917,1.39962,1.50,1.37
2015.06.18 12:30:06.438,1.39927,1.39966,1.00,2.51
2015.06.18 12:30:06.540,1.39925,1.39965,1.00,1.54
2015.06.18 12:30:06.591,1.39923,1.39965,1.87,1.16
2015.06.18 12:30:06.693,1.39922,1.39962,1.37,1.50
2015.06.18 12:30:06.845,1.39916,1.39961,1.00,2.25
2015.06.18 12:30:06.896,1.39911,1.39932,1.95,1.50
2015.06.18 12:30:07.155,1.399,1.39935,1.50,1.46
2015.06.18 12:30:07.210,1.39898,1.39933,1.00,1.54
2015.06.18 12:30:07.261,1.39898,1.39916,1.00,1.00
2015.06.18 12:30:07.312,1.39892,1.39916,1.46,1.00
2015.06.18 12:30:07.363,1.39892,1.39914,1.37,1.16
2015.06.18 12:30:07.415,1.39893,1.39905,1.00,1.20
2015.06.18 12:30:07.467,1.39887,1.39898,1.00,1.37
2015.06.18 12:30:07.570,1.39862,1.39874,1.75,1.00
2015.06.18 12:30:07.621,1.39845,1.39874,1.87,1.00
2015.06.18 12:30:07.672,1.39844,1.39861,1.47,1.00
2015.06.18 12:30:07.977,1.39831,1.3985,2.25,1.00
2015.06.18 12:30:08.028,1.3982,1.39846,1.37,1.00
2015.06.18 12:30:08.130,1.39814,1.39836,1.95,1.30
2015.06.18 12:30:08.182,1.39814,1.39836,1.57,1.71
2015.06.18 12:30:08.234,1.39803,1.39837,1.75,1.01
2015.06.18 12:30:08.285,1.39795,1.39836,2.70,1.91
2015.06.18 12:30:08.387,1.39807,1.39839,1.12,2.25
2015.06.18 12:30:08.438,1.39807,1.39841,1.12,1.87
2015.06.18 12:30:08.541,1.39814,1.39845,1.00,1.50
2015.06.18 12:30:08.643,1.39807,1.39846,1.75,1.35
2015.06.18 12:30:08.858,1.39801,1.39825,1.00,1.16
2015.06.18 12:30:08.960,1.39798,1.39831,1.09,2.44
2015.06.18 12:30:09.063,1.39794,1.39829,5.62,1.64
2015.06.18 12:30:09.114,1.39794,1.3982,1.12,1.00
2015.06.18 12:30:09.217,1.39795,1.39828,1.00,1.35
2015.06.18 12:30:09.318,1.39788,1.39823,2.62,1.00
2015.06.18 12:30:09.369,1.39788,1.39823,1.87,1.50
2015.06.18 12:30:09.471,1.39811,1.39825,0.75,2.25
2015.06.18 12:30:09.711,1.39813,1.39845,3.00,3.41
2015.06.18 12:30:09.762,1.39813,1.39841,2.32,1.00
2015.06.18 12:30:09.863,1.39817,1.39845,1.37,2.74
2015.06.18 12:30:09.914,1.39831,1.39845,1.00,1.09
2015.06.18 12:30:10.219,1.39868,1.39893,1.00,2.25
2015.06.18 12:30:10.500,1.39867,1.3989,1.00,1.50
2015.06.18 12:30:10.554,1.39851,1.3989,1.75,1.41
2015.06.18 12:30:10.605,1.39856,1.39894,1.00,1.12
2015.06.18 12:30:10.707,1.39854,1.39899,1.00,2.10
2015.06.18 12:30:11.012,1.3985,1.39883,1.50,1.91
2015.06.18 12:30:11.113,1.3985,1.39887,1.50,1.64
2015.06.18 12:30:11.215,1.39858,1.39886,1.00,1.75
2015.06.18 12:30:11.533,1.39848,1.3987,1.75,2.25
2015.06.18 12:30:11.838,1.39844,1.39851,1.00,1.00
2015.06.18 12:30:12.245,1.39831,1.39835,3.00,1.00
2015.06.18 12:30:12.297,1.39831,1.39835,1.00,1.16
2015.06.18 12:30:12.702,1.39829,1.39838,1.00,1.54
2015.06.18 12:30:12.753,1.39829,1.39838,1.00,2.25
2015.06.18 12:30:12.856,1.39831,1.39842,1.00,1.50
2015.06.18 12:30:13.062,1.39832,1.39833,1.00,1.00
2015.06.18 12:30:13.164,1.39836,1.39837,1.00,1.50
2015.06.18 12:30:13.215,1.3984,1.39849,1.00,1.12
2015.06.18 12:30:13.317,1.3984,1.39841,1.00,1.05
2015.06.18 12:30:13.419,1.39844,1.39855,1.00,3.15
2015.06.18 12:30:13.521,1.39848,1.3986,1.00,1.00
2015.06.18 12:30:13.623,1.39856,1.39864,1.00,2.25
2015.06.18 12:30:13.928,1.39868,1.39879,1.00,1.75
2015.06.18 12:30:14.232,1.39857,1.3987,1.00,1.50
2015.06.18 12:30:14.334,1.39857,1.39873,1.50,1.00
2015.06.18 12:30:14.385,1.39857,1.39873,1.50,1.37
2015.06.18 12:30:14.487,1.39856,1.39876,1.00,1.46
2015.06.18 12:30:14.689,1.39863,1.3988,1.00,2.25
2015.06.18 12:30:14.994,1.39872,1.3989,1.00,1.37
2015.06.18 12:30:15.045,1.3987,1.3989,1.00,2.10
2015.06.18 12:30:15.146,1.39872,1.3989,1.50,1.97
2015.06.18 12:30:15.248,1.39871,1.39888,1.00,1.01
2015.06.18 12:30:15.432,1.39884,1.39895,2.25,4.16
2015.06.18 12:30:15.637,1.39898,1.39901,1.00,1.00
2015.06.18 12:30:15.739,1.39901,1.39904,1.50,1.00
2015.06.18 12:30:15.842,1.39921,1.39923,1.00,1.00
2015.06.18 12:30:15.894,1.39921,1.39925,1.75,1.00
2015.06.18 12:30:15.945,1.39927,1.39932,2.25,1.50
2015.06.18 12:30:16.048,1.39928,1.3993,1.00,1.00
2015.06.18 12:30:16.283,1.39923,1.39925,1.00,1.05
2015.06.18 12:30:16.436,1.39925,1.39929,6.00,1.01
2015.06.18 12:30:16.641,1.39931,1.39934,1.00,1.05
2015.06.18 12:30:16.744,1.39934,1.39938,1.50,1.00
2015.06.18 12:30:17.000,1.39941,1.39947,1.00,1.09
2015.06.18 12:30:17.052,1.3994,1.39947,1.75,1.00
2015.06.18 12:30:17.103,1.3994,1.39947,1.00,1.05
2015.06.18 12:30:17.154,1.39932,1.39948,1.37,1.57
2015.06.18 12:30:17.206,1.39934,1.39948,1.12,2.25
2015.06.18 12:30:17.510,1.3995,1.39955,1.50,1.00
2015.06.18 12:30:17.780,1.39946,1.39953,1.57,1.00
2015.06.18 12:30:17.831,1.39939,1.39954,2.66,1.00
2015.06.18 12:30:17.934,1.39939,1.39957,1.37,1.57
2015.06.18 12:30:17.985,1.39951,1.39957,1.00,1.57
2015.06.18 12:30:18.087,1.3995,1.39955,1.00,1.00
2015.06.18 12:30:18.139,1.39956,1.39964,1.00,5.25
2015.06.18 12:30:18.241,1.39955,1.3996,6.00,1.50
2015.06.18 12:30:18.292,1.39956,1.3996,6.00,1.50
2015.06.18 12:30:18.344,1.39949,1.39955,10.50,1.71
2015.06.18 12:30:18.554,1.39946,1.39964,1.75,4.12
2015.06.18 12:30:18.758,1.39961,1.39963,1.00,1.00
2015.06.18 12:30:18.962,1.39962,1.39974,1.50,1.00
2015.06.18 12:30:19.013,1.39962,1.39974,1.87,1.00
2015.06.18 12:30:19.345,1.3998,1.39987,1.00,1.84
2015.06.18 12:30:19.397,1.39985,1.3999,1.37,2.18
2015.06.18 12:30:19.551,1.39995,1.40001,1.00,1.00
2015.06.18 12:30:19.655,1.39997,1.40015,1.00,1.37
2015.06.18 12:30:19.966,1.4,1.40008,1.12,8.25
2015.06.18 12:30:20.068,1.39995,1.4,2.29,11.25
2015.06.18 12:30:20.170,1.39991,1.39997,2.25,1.75
2015.06.18 12:30:20.273,1.39989,1.39994,1.09,1.00
2015.06.18 12:30:20.376,1.39991,1.39997,1.00,1.75
2015.06.18 12:30:20.477,1.39998,1.40012,1.00,1.75
2015.06.18 12:30:20.692,1.39998,1.4001,1.00,1.09
2015.06.18 12:30:20.744,1.39996,1.40004,1.00,1.00
2015.06.18 12:30:20.797,1.3999,1.40001,1.00,1.22
2015.06.18 12:30:20.848,1.3999,1.4,1.00,1.60
2015.06.18 12:30:21.156,1.4,1.40004,1.00,1.20
2015.06.18 12:30:21.207,1.40003,1.40007,4.75,1.12
2015.06.18 12:30:21.260,1.40006,1.40007,1.50,1.00
2015.06.18 12:30:21.311,1.40009,1.40016,4.00,1.37
2015.06.18 12:30:21.635,1.40005,1.40008,1.05,2.70
2015.06.18 12:30:21.890,1.39954,1.39965,3.00,1.50
2015.06.18 12:30:21.992,1.39968,1.39979,1.00,1.50
2015.06.18 12:30:22.043,1.39968,1.39979,1.00,1.00
2015.06.18 12:30:22.095,1.39973,1.39984,1.00,1.12
2015.06.18 12:30:22.246,1.39973,1.39989,1.00,1.09
2015.06.18 12:30:22.297,1.39963,1.39976,1.42,1.00
2015.06.18 12:30:22.399,1.39972,1.3999,1.42,1.91
2015.06.18 12:30:22.502,1.39996,1.40007,1.00,1.50
2015.06.18 12:30:22.605,1.40007,1.40018,1.00,1.12
2015.06.18 12:30:22.758,1.40007,1.40022,2.25,1.00
2015.06.18 12:30:22.809,1.40011,1.40024,2.25,1.00
2015.06.18 12:30:23.130,1.40014,1.40018,11.25,1.87
2015.06.18 12:30:23.181,1.40013,1.40021,12.25,4.31
2015.06.18 12:30:23.283,1.40018,1.40019,1.00,1.05
2015.06.18 12:30:23.385,1.39998,1.40007,12.52,1.37
2015.06.18 12:30:23.487,1.40012,1.40016,6.00,3.37
2015.06.18 12:30:23.539,1.40009,1.40014,3.75,1.42
2015.06.18 12:30:23.641,1.40013,1.40016,1.00,1.00
2015.06.18 12:30:23.855,1.40023,1.40026,7.50,1.00
2015.06.18 12:30:23.906,1.4002,1.40025,6.00,1.50
2015.06.18 12:30:24.008,1.40021,1.40024,4.50,1.18
2015.06.18 12:30:24.110,1.40006,1.40014,1.12,1.05
2015.06.18 12:30:24.213,1.4,1.4001,1.50,1.50
2015.06.18 12:30:24.288,1.40002,1.4001,1.00,1.00
2015.06.18 12:30:24.340,1.40002,1.40012,1.00,1.00
2015.06.18 12:30:24.620,1.40005,1.4001,1.00,1.00
2015.06.18 12:30:24.727,1.39993,1.39997,1.75,1.05
2015.06.18 12:30:24.779,1.3999,1.39995,1.00,1.00
2015.06.18 12:30:24.831,1.39988,1.39995,1.00,1.00
2015.06.18 12:30:24.984,1.39983,1.39995,2.25,2.25
2015.06.18 12:30:25.035,1.39983,1.39995,1.54,2.29
2015.06.18 12:30:25.087,1.39983,1.39988,1.54,1.00
2015.06.18 12:30:25.241,1.39989,1.39992,1.42,1.50
2015.06.18 12:30:25.478,1.39985,1.39989,1.00,1.00
2015.06.18 12:30:25.529,1.39982,1.39989,1.50,1.00
2015.06.18 12:30:25.682,1.39982,1.39985,1.50,1.00
2015.06.18 12:30:25.987,1.39972,1.39976,3.75,1.00
2015.06.18 12:30:26.039,1.39969,1.39976,1.00,1.00
2015.06.18 12:30:26.090,1.39961,1.39972,1.57,1.00
2015.06.18 12:30:26.351,1.39965,1.39975,1.00,1.50
2015.06.18 12:30:26.655,1.39965,1.39973,1.54,1.00
2015.06.18 12:30:26.960,1.3997,1.39975,1.00,4.01
2015.06.18 12:30:27.011,1.39961,1.39966,3.00,1.45
2015.06.18 12:30:27.202,1.39957,1.39965,1.07,1.12
2015.06.18 12:30:27.254,1.39952,1.39961,1.05,1.00
2015.06.18 12:30:27.357,1.39949,1.39961,1.50,1.00
2015.06.18 12:30:27.409,1.39951,1.39964,1.00,1.91
2015.06.18 12:30:27.714,1.39946,1.3996,1.50,1.87
2015.06.18 12:30:27.765,1.39946,1.3996,1.00,1.57
2015.06.18 12:30:27.816,1.39945,1.39958,1.00,1.12
2015.06.18 12:30:28.138,1.3995,1.39965,1.00,1.16
2015.06.18 12:30:28.190,1.39948,1.39966,1.00,2.89
2015.06.18 12:30:28.241,1.39948,1.39961,2.25,1.00
2015.06.18 12:30:28.494,1.39944,1.39961,1.00,1.50
2015.06.18 12:30:28.647,1.39945,1.39959,1.00,1.00
2015.06.18 12:30:28.960,1.39955,1.3996,1.75,2.32
2015.06.18 12:30:29.265,1.39968,1.39969,1.00,1.91
2015.06.18 12:30:29.521,1.39959,1.39961,3.71,1.50
2015.06.18 12:30:29.735,1.39961,1.39964,1.46,1.05
2015.06.18 12:30:29.888,1.39968,1.3997,1.00,2.25
2015.06.18 12:30:29.939,1.39967,1.3997,4.50,1.00
2015.06.18 12:30:30.042,1.39967,1.3997,3.79,1.50
2015.06.18 12:30:30.094,1.39962,1.39964,7.50,1.00
2015.06.18 12:30:30.145,1.3996,1.39963,1.20,1.00
2015.06.18 12:30:30.196,1.3996,1.39962,1.20,2.50
2015.06.18 12:30:30.547,1.3998,1.39985,1.00,1.75
2015.06.18 12:30:30.701,1.3998,1.39982,1.00,1.00
2015.06.18 12:30:30.855,1.39974,1.3998,1.37,1.50
2015.06.18 12:30:31.010,1.39975,1.39977,1.00,1.00
2015.06.18 12:30:31.328,1.39965,1.39967,1.46,7.57
2015.06.18 12:30:31.431,1.39958,1.39959,1.12,1.05
2015.06.18 12:30:31.535,1.39951,1.39954,1.50,1.00
2015.06.18 12:30:31.586,1.3995,1.39953,2.25,4.50
2015.06.18 12:30:31.638,1.39949,1.39951,1.00,1.54
2015.06.18 12:30:31.690,1.39947,1.39948,1.00,1.00
2015.06.18 12:30:31.741,1.39946,1.39948,1.12,1.50
2015.06.18 12:30:31.844,1.39945,1.39946,1.12,1.00
2015.06.18 12:30:32.154,1.39943,1.39945,1.00,1.00
2015.06.18 12:30:32.307,1.39933,1.39935,4.50,1.00
2015.06.18 12:30:32.409,1.3993,1.39933,2.46,1.00
2015.06.18 12:30:32.461,1.39926,1.39933,1.87,1.00
2015.06.18 12:30:32.563,1.39926,1.39933,1.50,1.00
2015.06.18 12:30:32.715,1.39926,1.39932,1.15,1.00
2015.06.18 12:30:32.874,1.39924,1.39929,2.25,1.00
2015.06.18 12:30:32.926,1.39921,1.39926,1.24,1.00
2015.06.18 12:30:33.028,1.3992,1.39922,1.00,1.00
2015.06.18 12:30:33.130,1.39921,1.39925,1.00,1.05
2015.06.18 12:30:33.232,1.39921,1.39925,1.00,1.09
2015.06.18 12:30:33.443,1.39914,1.39918,1.09,1.00
2015.06.18 12:30:33.646,1.39903,1.39913,2.32,1.00
2015.06.18 12:30:33.705,1.39901,1.39908,1.50,1.00
2015.06.18 12:30:33.857,1.39901,1.39903,1.00,1.00
2015.06.18 12:30:33.909,1.39894,1.39898,1.12,1.00
2015.06.18 12:30:33.960,1.39893,1.39898,1.80,1.00
2015.06.18 12:30:34.011,1.39889,1.39895,1.52,1.00
2015.06.18 12:30:34.062,1.39889,1.39895,1.15,1.00
2015.06.18 12:30:34.113,1.39889,1.39891,1.00,1.00
2015.06.18 12:30:34.266,1.39885,1.39891,1.00,1.00
2015.06.18 12:30:34.470,1.39871,1.39879,1.95,1.00
2015.06.18 12:30:34.829,1.39871,1.39875,1.00,1.00
2015.06.18 12:30:34.931,1.39865,1.39875,1.37,1.00
2015.06.18 12:30:35.033,1.3987,1.39875,1.00,1.00
2015.06.18 12:30:35.347,1.39875,1.39887,1.46,1.05
2015.06.18 12:30:35.398,1.39875,1.39887,1.37,1.50
2015.06.18 12:30:35.856,1.39871,1.39878,1.20,1.00
2015.06.18 12:30:35.907,1.39871,1.3988,1.20,1.00
2015.06.18 12:30:35.959,1.3987,1.39878,1.50,1.00
2015.06.18 12:30:36.176,1.39863,1.39873,1.50,1.50
2015.06.18 12:30:36.227,1.39863,1.39873,1.12,2.25
2015.06.18 12:30:36.278,1.39863,1.39873,1.45,2.25
2015.06.18 12:30:36.380,1.39857,1.39868,1.12,1.00
2015.06.18 12:30:36.583,1.39852,1.39867,1.99,1.57
2015.06.18 12:30:37.037,1.39851,1.39866,1.12,6.00
2015.06.18 12:30:37.139,1.39849,1.39859,1.12,1.05
2015.06.18 12:30:37.242,1.39847,1.39853,1.12,1.50
2015.06.18 12:30:37.294,1.39842,1.39853,1.87,1.50
2015.06.18 12:30:37.396,1.39839,1.39854,1.20,1.00
2015.06.18 12:30:37.448,1.39839,1.39851,1.20,1.00
2015.06.18 12:30:37.562,1.39836,1.39849,1.45,1.00
2015.06.18 12:30:37.613,1.39834,1.39849,1.95,1.00
2015.06.18 12:30:37.930,1.39837,1.3985,1.00,1.50
2015.06.18 12:30:38.235,1.39836,1.3985,1.75,1.00
2015.06.18 12:30:38.286,1.39835,1.3985,1.50,1.00
2015.06.18 12:30:38.337,1.39834,1.39846,1.12,1.00
2015.06.18 12:30:38.388,1.39833,1.39846,1.20,1.00
2015.06.18 12:30:38.439,1.39833,1.39844,1.20,1.00
2015.06.18 12:30:38.540,1.39833,1.39849,1.00,1.00
2015.06.18 12:30:38.642,1.3983,1.39842,3.37,1.00
2015.06.18 12:30:38.946,1.39824,1.39835,1.75,1.75
2015.06.18 12:30:39.048,1.39818,1.39831,1.50,6.00
2015.06.18 12:30:39.201,1.39817,1.39828,1.20,2.25
2015.06.18 12:30:39.253,1.39817,1.39831,2.02,3.00
2015.06.18 12:30:39.355,1.39825,1.39831,1.00,1.00
2015.06.18 12:30:39.407,1.39825,1.39836,1.00,1.00
2015.06.18 12:30:39.458,1.39828,1.39839,1.00,2.25
2015.06.18 12:30:39.722,1.39832,1.39845,1.72,1.50
2015.06.18 12:30:39.774,1.39832,1.39847,2.47,1.09
2015.06.18 12:30:39.876,1.39834,1.3985,1.66,2.25
2015.06.18 12:30:40.181,1.39847,1.39853,1.00,3.75
2015.06.18 12:30:40.283,1.39848,1.39852,1.00,1.00
2015.06.18 12:30:40.565,1.3985,1.39852,1.00,1.00
2015.06.18 12:30:40.872,1.39885,1.39896,1.50,4.12
2015.06.18 12:30:40.973,1.3989,1.39904,1.12,2.25
2015.06.18 12:30:41.025,1.39889,1.39911,1.09,1.05
2015.06.18 12:30:41.126,1.39887,1.39912,1.09,2.25
2015.06.18 12:30:41.331,1.39891,1.39911,1.00,1.00
2015.06.18 12:30:41.636,1.39892,1.39914,1.50,1.00
2015.06.18 12:30:41.739,1.399,1.39916,1.00,1.57
2015.06.18 12:30:41.841,1.39895,1.39916,1.00,1.00
2015.06.18 12:30:41.893,1.39905,1.39923,1.75,1.75
2015.06.18 12:30:41.995,1.39902,1.39918,1.12,1.00
2015.06.18 12:30:42.242,1.39901,1.39918,1.50,1.00
2015.06.18 12:30:42.343,1.39907,1.39918,1.00,1.05
2015.06.18 12:30:42.597,1.39913,1.39925,1.05,1.50
2015.06.18 12:30:42.648,1.39914,1.39925,1.12,1.00
2015.06.18 12:30:42.699,1.39914,1.39928,1.12,1.05
2015.06.18 12:30:42.750,1.39924,1.39929,1.00,1.00
2015.06.18 12:30:43.071,1.39928,1.39942,1.37,2.29
2015.06.18 12:30:43.227,1.39927,1.39942,1.05,3.79
2015.06.18 12:30:43.279,1.39927,1.3994,1.05,1.00
2015.06.18 12:30:43.736,1.39921,1.39938,1.87,1.00
2015.06.18 12:30:44.031,1.3992,1.39935,1.05,1.00
2015.06.18 12:30:44.184,1.3992,1.39937,1.00,1.50
2015.06.18 12:30:44.235,1.3992,1.39935,1.00,1.00
2015.06.18 12:30:44.438,1.39917,1.39934,3.00,1.00
2015.06.18 12:30:44.642,1.39915,1.39933,2.25,1.09
2015.06.18 12:30:44.744,1.39916,1.39934,1.54,1.54
2015.06.18 12:30:45.008,1.39923,1.39934,1.42,1.00
2015.06.18 12:30:45.059,1.39921,1.39934,1.00,1.00
2015.06.18 12:30:45.161,1.39917,1.39922,1.91,1.00
2015.06.18 12:30:45.314,1.39913,1.39924,1.00,1.75
2015.06.18 12:30:45.365,1.39912,1.39924,1.09,1.00
2015.06.18 12:30:45.670,1.39912,1.39924,2.25,1.00
2015.06.18 12:30:45.983,1.3992,1.39927,2.62,1.00
2015.06.18 12:30:46.288,1.39914,1.39923,1.50,1.00
2015.06.18 12:30:46.339,1.39914,1.39926,1.50,1.09
2015.06.18 12:30:46.442,1.39914,1.39922,3.75,1.00
2015.06.18 12:30:46.493,1.39913,1.39922,1.87,1.00
2015.06.18 12:30:46.544,1.39913,1.39924,1.87,1.00
2015.06.18 12:30:46.852,1.39918,1.39925,1.00,1.05
2015.06.18 12:30:47.005,1.39914,1.39924,2.29,1.50
2015.06.18 12:30:47.056,1.39914,1.39921,2.29,1.00
2015.06.18 12:30:47.108,1.39912,1.39919,1.25,1.50
2015.06.18 12:30:47.160,1.39912,1.39917,1.25,1.00
2015.06.18 12:30:47.211,1.39909,1.39917,1.09,1.00
2015.06.18 12:30:47.262,1.39909,1.39919,1.09,1.50
2015.06.18 12:30:47.313,1.39907,1.39916,1.57,1.00
2015.06.18 12:30:47.625,1.39911,1.39919,1.37,1.00
2015.06.18 12:30:47.929,1.39903,1.39909,1.50,1.05
2015.06.18 12:30:47.981,1.39899,1.39908,1.91,1.00
2015.06.18 12:30:48.183,1.39897,1.39907,2.25,2.25
2015.06.18 12:30:48.397,1.39897,1.39905,1.00,1.00
2015.06.18 12:30:48.551,1.39895,1.39905,1.00,1.00
2015.06.18 12:30:48.906,1.39896,1.39905,1.37,1.00
2015.06.18 12:30:49.314,1.39896,1.39905,1.00,1.00
2015.06.18 12:30:49.618,1.39892,1.39902,1.87,1.00
2015.06.18 12:30:49.923,1.39892,1.39902,1.87,1.00
2015.06.18 12:30:50.240,1.39899,1.39906,1.00,1.50
2015.06.18 12:30:50.342,1.39898,1.39906,1.50,1.50
2015.06.18 12:30:50.444,1.39901,1.39911,1.00,3.00
2015.06.18 12:30:50.495,1.39899,1.39911,1.50,3.00
2015.06.18 12:30:50.547,1.39899,1.39911,1.57,3.00
2015.06.18 12:30:50.852,1.39896,1.39906,2.02,1.05
2015.06.18 12:30:51.060,1.39896,1.39904,1.27,1.00
2015.06.18 12:30:51.365,1.39895,1.39897,1.00,1.00
2015.06.18 12:30:51.517,1.39897,1.399,1.00,1.50
2015.06.18 12:30:51.619,1.39895,1.399,1.00,1.50
2015.06.18 12:30:51.771,1.39893,1.399,1.00,1.50
2015.06.18 12:30:51.946,1.3989,1.39897,1.54,1.00
2015.06.18 12:30:52.254,1.39889,1.39895,1.00,1.50
2015.06.18 12:30:52.663,1.39887,1.39895,1.00,1.57
2015.06.18 12:30:52.926,1.39885,1.39891,1.00,1.00
2015.06.18 12:30:53.231,1.39887,1.39894,1.50,1.00
2015.06.18 12:30:53.980,1.39887,1.39896,1.00,2.10
2015.06.18 12:30:54.184,1.3989,1.39896,1.00,2.10
2015.06.18 12:30:54.844,1.3989,1.39896,1.00,2.10
2015.06.18 12:30:55.200,1.39892,1.39896,1.00,1.60
2015.06.18 12:30:55.454,1.3989,1.39896,1.00,1.60
2015.06.18 12:30:55.607,1.3989,1.39897,1.00,2.85
2015.06.18 12:30:55.911,1.39894,1.39898,1.00,1.60
2015.06.18 12:30:55.962,1.39895,1.39898,1.00,1.35
2015.06.18 12:30:56.064,1.39892,1.399,1.12,1.97
2015.06.18 12:30:56.115,1.39895,1.39899,1.00,1.60
2015.06.18 12:30:56.167,1.39895,1.39896,1.00,1.50
2015.06.18 12:30:56.218,1.3989,1.39896,1.20,1.50
2015.06.18 12:30:56.269,1.39889,1.39897,3.37,2.10
2015.06.18 12:30:56.801,1.39888,1.39897,1.00,5.85
2015.06.18 12:30:56.953,1.39888,1.39895,1.00,2.25
2015.06.18 12:30:57.004,1.39885,1.39895,2.66,3.79
2015.06.18 12:30:57.055,1.39885,1.39893,1.54,1.00
2015.06.18 12:30:57.258,1.39883,1.39893,1.91,1.05
2015.06.18 12:30:57.777,1.39885,1.39893,1.00,1.00
2015.06.18 12:30:58.083,1.39888,1.39895,1.05,1.05
2015.06.18 12:30:58.460,1.39886,1.39895,1.50,2.85
2015.06.18 12:30:58.512,1.39882,1.39891,1.87,1.00
2015.06.18 12:30:59.059,1.39882,1.3989,1.87,1.12
2015.06.18 12:30:59.110,1.39883,1.39884,1.12,1.05
2015.06.18 12:30:59.502,1.39882,1.39885,1.12,1.00
2015.06.18 12:30:59.706,1.39883,1.39889,1.12,1.00
2015.06.18 12:31:00.011,1.39883,1.39891,1.12,1.00
2015.06.18 12:31:00.266,1.39891,1.39892,1.00,1.00
2015.06.18 12:31:00.317,1.39895,1.399,1.05,1.00
2015.06.18 12:31:00.368,1.39895,1.39898,1.05,1.00
2015.06.18 12:31:00.419,1.3989,1.39898,1.57,1.00
2015.06.18 12:31:00.571,1.39889,1.39897,1.00,1.50
2015.06.18 12:31:00.623,1.39887,1.39897,2.25,2.25
2015.06.18 12:31:00.775,1.39887,1.39895,1.50,1.00
2015.06.18 12:31:00.928,1.39885,1.39895,1.50,1.50
2015.06.18 12:31:01.407,1.39885,1.39892,1.00,1.00
2015.06.18 12:31:01.714,1.39882,1.39885,1.12,1.00
2015.06.18 12:31:01.765,1.39882,1.39889,1.12,1.00
2015.06.18 12:31:02.142,1.39876,1.39886,5.62,1.00
2015.06.18 12:31:02.346,1.39878,1.39888,1.37,1.54
2015.06.18 12:31:02.448,1.39877,1.39886,2.62,1.50
2015.06.18 12:31:02.549,1.39878,1.39888,1.37,1.50
2015.06.18 12:31:03.089,1.39878,1.39888,1.37,1.05
2015.06.18 12:31:03.140,1.39885,1.39888,1.00,1.05
2015.06.18 12:31:03.446,1.39877,1.39885,1.05,1.50
2015.06.18 12:31:03.952,1.39876,1.39886,1.50,1.05
2015.06.18 12:31:04.509,1.39883,1.39886,1.00,1.05
2015.06.18 12:31:04.829,1.39887,1.39893,1.00,1.50
2015.06.18 12:31:04.981,1.39887,1.39895,1.00,1.50
2015.06.18 12:31:05.083,1.39885,1.39895,2.25,1.00
2015.06.18 12:31:05.135,1.39887,1.39895,1.00,1.30
2015.06.18 12:31:05.441,1.39881,1.39887,1.00,1.00
2015.06.18 12:31:05.492,1.39879,1.39887,3.04,1.00
2015.06.18 12:31:05.793,1.39879,1.39884,1.00,1.00
2015.06.18 12:31:06.198,1.39875,1.39885,4.12,1.37
2015.06.18 12:31:06.249,1.39876,1.39882,2.70,1.00
2015.06.18 12:31:06.945,1.39896,1.39903,1.50,4.75
2015.06.18 12:31:06.996,1.399,1.39908,1.00,1.50
2015.06.18 12:31:07.098,1.399,1.3991,2.62,1.54
2015.06.18 12:31:07.303,1.39901,1.39912,1.87,1.00
2015.06.18 12:31:07.816,1.399,1.39908,1.42,2.25
2015.06.18 12:31:07.869,1.39898,1.39907,2.32,1.00
2015.06.18 12:31:08.235,1.39898,1.39908,1.50,2.62
2015.06.18 12:31:08.439,1.39892,1.39902,1.00,1.54
2015.06.18 12:31:08.954,1.39893,1.39903,1.00,1.50
2015.06.18 12:31:09.006,1.39896,1.39903,1.00,1.00
2015.06.18 12:31:09.354,1.39905,1.39907,1.09,1.87
2015.06.18 12:31:09.710,1.39913,1.39923,1.57,1.87
2015.06.18 12:31:09.916,1.39909,1.39918,1.00,2.25
2015.06.18 12:31:09.968,1.39909,1.39916,1.00,1.31
2015.06.18 12:31:10.121,1.39907,1.39914,1.00,1.54
2015.06.18 12:31:10.224,1.39909,1.39912,1.00,1.00
2015.06.18 12:31:10.595,1.39914,1.39917,1.00,1.10
2015.06.18 12:31:10.697,1.39906,1.39916,2.25,1.57
2015.06.18 12:31:10.799,1.39905,1.39909,1.00,1.00
2015.06.18 12:31:10.951,1.39903,1.39909,1.05,1.50
2015.06.18 12:31:11.003,1.39903,1.39905,1.00,1.00
2015.06.18 12:31:11.104,1.39901,1.39904,1.00,1.00
2015.06.18 12:31:11.207,1.39898,1.39904,3.07,1.00
2015.06.18 12:31:11.484,1.39901,1.39903,1.00,1.00
2015.06.18 12:31:11.590,1.39894,1.399,1.12,1.00
2015.06.18 12:31:11.694,1.39892,1.39898,1.91,1.00
2015.06.18 12:31:11.999,1.39892,1.39896,1.87,1.00
2015.06.18 12:31:12.051,1.39892,1.39895,1.50,1.00
2015.06.18 12:31:12.103,1.3989,1.39896,1.87,1.00
2015.06.18 12:31:12.315,1.39893,1.39895,1.05,1.00
2015.06.18 12:31:12.417,1.39889,1.39899,2.62,1.50
2015.06.18 12:31:12.468,1.39893,1.39899,1.00,1.00
2015.06.18 12:31:12.520,1.39893,1.39901,1.50,1.00
2015.06.18 12:31:12.621,1.39889,1.39901,2.29,2.29
2015.06.18 12:31:13.441,1.39889,1.399,1.54,1.37
2015.06.18 12:31:13.645,1.39887,1.39896,1.50,1.37
2015.06.18 12:31:13.899,1.39885,1.39893,1.05,1.00
2015.06.18 12:31:14.409,1.39883,1.39892,1.00,1.50
2015.06.18 12:31:14.460,1.39885,1.39892,1.00,1.50
2015.06.18 12:31:14.764,1.39892,1.39901,1.00,1.00
2015.06.18 12:31:14.866,1.39893,1.39903,1.50,2.25
2015.06.18 12:31:15.177,1.39891,1.399,1.12,1.50
2015.06.18 12:31:15.431,1.39893,1.39903,1.00,1.54
2015.06.18 12:31:15.583,1.39894,1.399,1.00,1.00
2015.06.18 12:31:15.995,1.39891,1.39897,1.09,1.00
2015.06.18 12:31:16.302,1.39895,1.39897,2.32,1.00
2015.06.18 12:31:16.455,1.39888,1.39893,1.00,3.37
2015.06.18 12:31:16.668,1.39883,1.39893,2.25,3.00
2015.06.18 12:31:16.776,1.39889,1.39893,1.50,1.09
2015.06.18 12:31:17.081,1.39898,1.39901,1.12,3.75
2015.06.18 12:31:17.132,1.39899,1.39903,1.09,1.00
2015.06.18 12:31:17.234,1.39899,1.39906,1.54,1.00
2015.06.18 12:31:17.488,1.39899,1.39908,2.32,1.50
2015.06.18 12:31:17.793,1.39902,1.39909,1.12,1.00
2015.06.18 12:31:17.895,1.39905,1.39913,2.25,1.00
2015.06.18 12:31:18.100,1.3991,1.39915,1.87,1.50
2015.06.18 12:31:18.345,1.39911,1.39919,1.00,1.50
2015.06.18 12:31:18.397,1.39909,1.39919,3.00,1.50
2015.06.18 12:31:18.701,1.39909,1.39917,2.29,1.00
2015.06.18 12:31:19.006,1.39906,1.39914,1.12,1.50
2015.06.18 12:31:19.331,1.39904,1.39914,1.05,1.50
2015.06.18 12:31:19.433,1.39904,1.39911,1.00,1.50
2015.06.18 12:31:19.738,1.39897,1.39903,1.45,1.00
2015.06.18 12:31:19.839,1.39894,1.39903,1.09,1.00
2015.06.18 12:31:20.388,1.39894,1.39904,1.50,1.50
2015.06.18 12:31:20.591,1.39894,1.39901,1.00,1.87
2015.06.18 12:31:20.912,1.39887,1.39897,1.00,2.25
2015.06.18 12:31:20.964,1.39885,1.39893,1.00,1.00
2015.06.18 12:31:21.218,1.39883,1.3989,1.00,1.00
2015.06.18 12:31:21.525,1.39865,1.39873,2.25,1.05
2015.06.18 12:31:21.732,1.39865,1.39872,1.50,1.00
2015.06.18 12:31:21.784,1.39863,1.39868,1.00,1.50
2015.06.18 12:31:21.835,1.39865,1.39873,1.05,2.32
2015.06.18 12:31:22.191,1.39867,1.39873,1.00,1.50
2015.06.18 12:31:22.445,1.39861,1.39871,1.50,1.50
2015.06.18 12:31:22.616,1.39861,1.39869,1.00,1.50
2015.06.18 12:31:22.670,1.39859,1.39869,1.00,2.25
2015.06.18 12:31:22.722,1.3986,1.39866,1.37,1.00
2015.06.18 12:31:22.823,1.39862,1.3987,1.05,1.09
2015.06.18 12:31:22.874,1.39865,1.39873,1.50,1.54
2015.06.18 12:31:22.976,1.39872,1.39874,1.00,1.50
2015.06.18 12:31:23.028,1.39873,1.39877,1.00,1.00
2015.06.18 12:31:23.180,1.39875,1.39877,1.00,1.50
2015.06.18 12:31:23.231,1.39876,1.39878,1.00,1.50
2015.06.18 12:31:23.441,1.39875,1.39884,1.37,1.50
2015.06.18 12:31:23.493,1.39874,1.39879,1.75,1.50
2015.06.18 12:31:23.544,1.39873,1.39874,4.50,1.00
2015.06.18 12:31:23.596,1.39867,1.39874,2.62,1.00
2015.06.18 12:31:23.647,1.39874,1.39876,1.00,1.00
2015.06.18 12:31:23.800,1.39884,1.39887,1.00,1.00
2015.06.18 12:31:23.852,1.39887,1.39888,1.50,1.00
2015.06.18 12:31:23.903,1.39889,1.39895,1.50,1.00
2015.06.18 12:31:24.005,1.39892,1.39901,1.05,1.00
2015.06.18 12:31:24.213,1.39896,1.39908,2.25,3.00
2015.06.18 12:31:24.518,1.39891,1.39897,1.00,1.50
2015.06.18 12:31:24.620,1.39885,1.39895,1.95,1.50
2015.06.18 12:31:24.773,1.39891,1.39895,1.00,1.00
2015.06.18 12:31:25.099,1.3989,1.39901,5.25,1.00
2015.06.18 12:31:25.201,1.3989,1.39902,1.50,3.00
2015.06.18 12:31:25.355,1.3989,1.39898,1.50,1.00
2015.06.18 12:31:25.406,1.3989,1.39901,1.54,1.50
2015.06.18 12:31:25.458,1.3989,1.39898,1.54,1.00
2015.06.18 12:31:25.770,1.39888,1.39896,1.05,1.00
2015.06.18 12:31:25.821,1.39886,1.39896,1.05,2.25
2015.06.18 12:31:26.180,1.39886,1.39894,1.00,1.00
2015.06.18 12:31:26.487,1.3989,1.39897,1.00,1.09
2015.06.18 12:31:26.749,1.39885,1.39892,1.00,1.00
2015.06.18 12:31:27.104,1.39882,1.39891,1.09,1.00
2015.06.18 12:31:27.155,1.39882,1.39892,1.75,1.50
2015.06.18 12:31:27.571,1.39902,1.39906,1.00,2.25
2015.06.18 12:31:27.622,1.39902,1.3991,1.00,1.00
2015.06.18 12:31:27.673,1.39902,1.39912,1.00,1.50
2015.06.18 12:31:27.776,1.39902,1.39911,1.00,1.37
2015.06.18 12:31:27.878,1.39899,1.39908,2.32,1.37
2015.06.18 12:31:28.234,1.39899,1.39909,1.50,2.25
2015.06.18 12:31:28.286,1.39899,1.39906,1.50,1.00
2015.06.18 12:31:28.337,1.39899,1.39909,1.50,2.32
2015.06.18 12:31:28.859,1.39899,1.39909,2.29,1.50
2015.06.18 12:31:28.910,1.39901,1.39909,1.00,1.00
2015.06.18 12:31:28.961,1.39901,1.39911,1.50,2.29
2015.06.18 12:31:29.062,1.39899,1.39902,2.29,1.37
2015.06.18 12:31:29.164,1.39899,1.39908,1.37,1.00
2015.06.18 12:31:29.215,1.39898,1.39908,1.00,1.54
2015.06.18 12:31:29.433,1.399,1.39909,1.00,1.95
2015.06.18 12:31:29.745,1.39902,1.39911,1.54,1.00
2015.06.18 12:31:29.847,1.39904,1.39911,1.00,1.00
2015.06.18 12:31:30.547,1.39897,1.39905,1.10,1.00
2015.06.18 12:31:30.750,1.39894,1.39904,1.87,1.50
2015.06.18 12:31:31.257,1.39897,1.39902,1.00,1.12
2015.06.18 12:31:31.524,1.3989,1.39896,1.50,1.00
2015.06.18 12:31:31.575,1.39888,1.39896,1.50,1.00
2015.06.18 12:31:31.778,1.39885,1.39896,1.50,1.05
2015.06.18 12:31:32.650,1.39885,1.39896,1.57,1.00
2015.06.18 12:31:33.159,1.39887,1.39897,1.00,1.50
2015.06.18 12:31:33.363,1.39888,1.39896,1.00,1.50
2015.06.18 12:31:33.567,1.39884,1.39894,1.50,1.50
2015.06.18 12:31:34.075,1.39881,1.39893,3.82,1.50
2015.06.18 12:31:34.429,1.39884,1.39893,1.00,1.00
2015.06.18 12:31:34.960,1.39884,1.39894,1.50,1.50
2015.06.18 12:31:35.563,1.39882,1.39892,1.50,1.50
2015.06.18 12:31:36.665,1.39886,1.39892,1.00,1.00
2015.06.18 12:31:36.767,1.39886,1.39896,1.00,3.00
2015.06.18 12:31:36.966,1.39886,1.39896,1.05,1.00
2015.06.18 12:31:37.219,1.39887,1.39896,1.37,1.00
2015.06.18 12:31:37.321,1.39889,1.39897,1.05,1.00
2015.06.18 12:31:37.473,1.39888,1.39895,1.50,1.00
2015.06.18 12:31:37.912,1.39887,1.39897,1.50,3.04
2015.06.18 12:31:38.267,1.3989,1.39897,1.00,1.00
2015.06.18 12:31:38.370,1.39892,1.39901,1.00,1.50
2015.06.18 12:31:38.979,1.39892,1.39898,1.00,1.87
2015.06.18 12:31:39.030,1.39886,1.39892,1.50,1.09
2015.06.18 12:31:39.081,1.39884,1.3989,1.00,1.00
2015.06.18 12:31:39.233,1.39884,1.39894,1.00,2.29
2015.06.18 12:31:39.335,1.39884,1.3989,1.00,1.00
2015.06.18 12:31:39.639,1.39884,1.39889,1.00,1.09
2015.06.18 12:31:39.691,1.3988,1.39889,1.54,1.09
2015.06.18 12:31:39.884,1.3988,1.39888,1.00,1.37
2015.06.18 12:31:40.191,1.39878,1.39887,1.37,1.54
2015.06.18 12:31:40.293,1.39878,1.39883,1.37,1.00
2015.06.18 12:31:40.548,1.39877,1.39883,1.00,1.00
2015.06.18 12:31:40.599,1.39875,1.39885,3.41,1.50
2015.06.18 12:31:40.650,1.39877,1.39885,1.00,1.00
2015.06.18 12:31:40.870,1.39877,1.39887,1.50,2.25
2015.06.18 12:31:40.971,1.39877,1.39884,1.50,1.12
2015.06.18 12:31:41.124,1.39875,1.39883,1.12,2.25
2015.06.18 12:31:41.175,1.39875,1.3988,1.12,1.05
2015.06.18 12:31:41.327,1.39876,1.39883,1.50,2.32
2015.06.18 12:31:41.649,1.39875,1.39885,3.75,1.50
2015.06.18 12:31:42.006,1.39879,1.39886,1.00,1.00
2015.06.18 12:31:42.209,1.39877,1.39886,1.50,1.00
2015.06.18 12:31:42.718,1.39877,1.39887,1.50,1.50
2015.06.18 12:31:42.769,1.39879,1.39887,1.00,1.50
2015.06.18 12:31:43.493,1.39883,1.39887,1.00,1.50
2015.06.18 12:31:43.794,1.39888,1.39893,1.05,3.75
2015.06.18 12:31:43.845,1.39888,1.39892,1.05,1.00
2015.06.18 12:31:44.099,1.39887,1.39894,1.00,1.54
2015.06.18 12:31:44.201,1.39884,1.39894,1.50,1.50
2015.06.18 12:31:44.303,1.39887,1.39894,1.09,1.00
2015.06.18 12:31:44.355,1.39887,1.39897,1.57,1.50
2015.06.18 12:31:44.619,1.39889,1.39901,1.50,2.32
2015.06.18 12:31:45.026,1.39892,1.39901,1.00,1.00
2015.06.18 12:31:45.441,1.399,1.39905,1.00,1.00
2015.06.18 12:31:45.493,1.39903,1.39911,1.00,1.00
2015.06.18 12:31:45.595,1.39903,1.39913,1.00,3.79
2015.06.18 12:31:45.697,1.39903,1.39913,3.00,3.04
2015.06.18 12:31:45.900,1.39909,1.39917,1.00,1.50
2015.06.18 12:31:45.951,1.39909,1.39917,1.00,1.00
2015.06.18 12:31:46.002,1.39907,1.39916,1.50,1.00
2015.06.18 12:31:46.053,1.39907,1.39913,1.50,1.00
2015.06.18 12:31:46.206,1.39902,1.39912,1.50,1.50
2015.06.18 12:31:46.379,1.39908,1.39912,1.00,1.50
2015.06.18 12:31:46.483,1.3991,1.39917,1.50,3.04
2015.06.18 12:31:46.534,1.3991,1.39917,1.95,3.00
2015.06.18 12:31:46.838,1.39914,1.39924,1.87,2.62
2015.06.18 12:31:46.890,1.39914,1.39924,1.87,2.25
2015.06.18 12:31:47.250,1.39914,1.39923,1.50,1.00
2015.06.18 12:31:47.354,1.39914,1.39921,1.50,1.00
2015.06.18 12:31:47.406,1.39911,1.39919,1.05,1.00
2015.06.18 12:31:47.457,1.39911,1.39917,1.09,1.00
2015.06.18 12:31:47.559,1.39907,1.39917,1.50,2.25
2015.06.18 12:31:48.167,1.39907,1.39915,1.00,1.00
2015.06.18 12:31:48.218,1.39905,1.39914,1.05,1.00
2015.06.18 12:31:48.422,1.39903,1.39913,1.54,2.25
2015.06.18 12:31:48.676,1.39903,1.39912,1.50,2.17
2015.06.18 12:31:49.040,1.39894,1.39895,1.12,1.10
2015.06.18 12:31:49.092,1.3989,1.39899,1.05,1.00
2015.06.18 12:31:49.144,1.39888,1.39896,1.12,1.00
2015.06.18 12:31:49.195,1.39887,1.39895,1.00,1.00
2015.06.18 12:31:49.300,1.39885,1.39895,1.00,1.00
2015.06.18 12:31:49.920,1.39885,1.39894,1.00,1.00
2015.06.18 12:31:49.972,1.39885,1.39892,1.00,1.00
2015.06.18 12:31:50.125,1.39883,1.39891,1.00,1.00
2015.06.18 12:31:50.176,1.39882,1.3989,1.00,1.57
2015.06.18 12:31:50.228,1.3988,1.3989,1.00,2.32
2015.06.18 12:31:51.111,1.39881,1.39889,1.00,1.00
2015.06.18 12:31:51.213,1.39884,1.39888,1.00,1.00
2015.06.18 12:31:51.314,1.39883,1.39893,1.57,1.00
2015.06.18 12:31:51.517,1.39881,1.39891,2.25,1.50
2015.06.18 12:31:51.568,1.39881,1.39887,1.50,1.00
2015.06.18 12:31:52.025,1.39882,1.39889,1.00,1.50
2015.06.18 12:31:52.126,1.39882,1.39892,1.50,1.05
2015.06.18 12:31:52.177,1.39882,1.39889,1.00,1.00
2015.06.18 12:31:52.330,1.39879,1.39888,1.00,1.50
2015.06.18 12:31:52.483,1.39884,1.39888,1.00,1.50
2015.06.18 12:31:52.636,1.39887,1.39894,1.00,1.50
2015.06.18 12:31:52.869,1.39889,1.39896,2.62,1.00
2015.06.18 12:31:52.921,1.39889,1.39899,4.27,1.54
2015.06.18 12:31:53.074,1.39889,1.39899,2.40,2.29
2015.06.18 12:31:53.226,1.39889,1.39897,3.15,1.00
2015.06.18 12:31:53.329,1.3989,1.39899,1.57,1.05
2015.06.18 12:31:53.682,1.39889,1.39897,1.35,1.00
2015.06.18 12:31:53.975,1.39885,1.39895,1.47,1.50
2015.06.18 12:31:54.078,1.39885,1.39892,1.47,1.00
2015.06.18 12:31:54.231,1.3988,1.3989,7.16,1.00
2015.06.18 12:31:54.384,1.39884,1.39892,1.00,1.09
2015.06.18 12:31:54.435,1.39884,1.39894,1.00,1.50
2015.06.18 12:31:54.486,1.39884,1.39894,1.37,1.50
2015.06.18 12:31:54.870,1.39883,1.39892,1.05,1.00
2015.06.18 12:31:55.377,1.39882,1.39892,1.50,1.00
2015.06.18 12:31:55.946,1.39882,1.3989,1.00,1.00
2015.06.18 12:31:56.606,1.3988,1.3989,2.32,1.50
2015.06.18 12:31:57.087,1.3988,1.39886,1.57,1.00
2015.06.18 12:31:57.393,1.39867,1.39874,2.70,2.02
2015.06.18 12:31:57.496,1.39864,1.3987,1.75,1.00
2015.06.18 12:31:57.599,1.39859,1.39869,1.57,2.25
2015.06.18 12:31:57.854,1.39859,1.39869,1.00,3.00
2015.06.18 12:31:57.906,1.39866,1.39869,1.00,1.00
2015.06.18 12:31:58.110,1.39867,1.39874,1.00,1.00
2015.06.18 12:31:58.161,1.39867,1.39877,1.00,1.37
2015.06.18 12:31:58.671,1.39868,1.39877,1.12,1.37
2015.06.18 12:31:58.823,1.39865,1.39875,3.07,1.50
2015.06.18 12:31:58.925,1.39869,1.39875,1.00,1.50
2015.06.18 12:31:59.026,1.39866,1.39875,2.25,1.50
2015.06.18 12:31:59.078,1.39868,1.39875,1.00,1.00
2015.06.18 12:31:59.129,1.3987,1.39878,1.00,1.00
2015.06.18 12:31:59.180,1.39874,1.39879,1.00,1.00
2015.06.18 12:31:59.386,1.39874,1.39884,1.50,1.05
2015.06.18 12:31:59.590,1.39876,1.39884,1.00,1.00
2015.06.18 12:31:59.692,1.39874,1.39883,1.05,1.50
2015.06.18 12:31:59.743,1.39874,1.39881,1.00,1.00
2015.06.18 12:31:59.846,1.39868,1.3988,1.54,1.57
2015.06.18 12:31:59.898,1.39868,1.39877,1.05,1.50
2015.06.18 12:32:00.312,1.39867,1.39868,1.00,1.50
2015.06.18 12:32:00.363,1.39863,1.39865,7.16,1.00
2015.06.18 12:32:00.515,1.39859,1.39862,1.00,1.05
2015.06.18 12:32:00.567,1.39858,1.3986,1.00,1.00
2015.06.18 12:32:00.669,1.39853,1.39861,1.12,2.25
2015.06.18 12:32:00.720,1.39855,1.39861,1.00,1.00
2015.06.18 12:32:01.056,1.39861,1.3987,1.87,1.00
2015.06.18 12:32:01.107,1.39861,1.39868,1.00,1.52
2015.06.18 12:32:01.158,1.39859,1.39864,1.50,1.27
2015.06.18 12:32:01.260,1.39856,1.39862,1.12,1.00
2015.06.18 12:32:01.363,1.39852,1.39862,4.50,1.00
2015.06.18 12:32:01.717,1.39852,1.39855,1.37,2.17
2015.06.18 12:32:01.940,1.39837,1.39843,1.75,1.00
2015.06.18 12:32:02.043,1.39836,1.39838,1.00,1.00
2015.06.18 12:32:02.148,1.39831,1.39832,1.00,1.00
2015.06.18 12:32:02.199,1.39828,1.39832,2.25,1.00
2015.06.18 12:32:02.250,1.39828,1.39832,1.00,1.00
2015.06.18 12:32:02.402,1.39822,1.39826,1.50,1.00
2015.06.18 12:32:02.718,1.39826,1.3983,1.75,3.75
2015.06.18 12:32:02.769,1.39826,1.39836,2.25,2.32
2015.06.18 12:32:02.922,1.3983,1.39836,1.00,1.50
2015.06.18 12:32:03.074,1.39828,1.39838,1.37,1.00
2015.06.18 12:32:03.125,1.39828,1.39836,1.37,1.00
2015.06.18 12:32:03.278,1.39826,1.39835,1.87,2.25
2015.06.18 12:32:03.785,1.39824,1.39834,1.87,1.00
2015.06.18 12:32:04.089,1.39827,1.39837,1.00,1.00
2015.06.18 12:32:04.621,1.39827,1.39837,1.37,1.00
2015.06.18 12:32:05.129,1.39827,1.39837,1.75,1.00
2015.06.18 12:32:06.121,1.39828,1.39839,2.25,1.09
2015.06.18 12:32:06.476,1.39831,1.3984,1.50,1.50
2015.06.18 12:32:06.989,1.39829,1.39839,2.25,1.50
2015.06.18 12:32:07.040,1.39829,1.39839,1.87,2.25
2015.06.18 12:32:07.142,1.39829,1.39837,1.50,1.00
2015.06.18 12:32:07.447,1.39823,1.3983,1.54,1.00
2015.06.18 12:32:07.694,1.39821,1.39831,1.00,3.00
2015.06.18 12:32:07.746,1.39821,1.39831,1.05,2.29
2015.06.18 12:32:08.050,1.39823,1.3983,1.00,1.00
2015.06.18 12:32:08.449,1.39818,1.39824,1.50,1.00
2015.06.18 12:32:08.500,1.39816,1.39824,1.09,1.00
2015.06.18 12:32:08.551,1.39814,1.39824,1.57,1.50
2015.06.18 12:32:08.653,1.39814,1.39815,1.00,1.00
2015.06.18 12:32:08.755,1.3981,1.39815,1.50,1.05
2015.06.18 12:32:08.806,1.39807,1.39813,3.75,1.00
2015.06.18 12:32:08.857,1.39803,1.39811,1.00,1.00
2015.06.18 12:32:08.909,1.39803,1.39809,1.00,1.00
2015.06.18 12:32:09.202,1.39781,1.3979,1.50,1.16
2015.06.18 12:32:09.256,1.39784,1.39794,2.25,1.50
2015.06.18 12:32:09.460,1.39782,1.39791,1.09,1.00
2015.06.18 12:32:09.766,1.39807,1.39809,1.00,1.00
2015.06.18 12:32:10.060,1.39803,1.39808,1.00,1.00
2015.06.18 12:32:10.263,1.39804,1.39814,1.50,1.54
2015.06.18 12:32:10.478,1.39807,1.39814,1.00,1.50
2015.06.18 12:32:10.580,1.39809,1.39818,1.00,1.50
2015.06.18 12:32:10.795,1.39813,1.39818,1.50,1.00
2015.06.18 12:32:10.847,1.39813,1.39823,1.50,1.00
2015.06.18 12:32:11.000,1.39815,1.39823,1.12,1.00
2015.06.18 12:32:11.256,1.39818,1.3983,1.12,1.09
2015.06.18 12:32:11.409,1.39815,1.3983,1.09,1.05
2015.06.18 12:32:11.616,1.39818,1.3983,1.09,1.00
2015.06.18 12:32:11.921,1.39828,1.39837,1.00,1.37
2015.06.18 12:32:12.124,1.3983,1.39841,1.00,1.50
2015.06.18 12:32:12.175,1.3983,1.39843,1.00,1.00
2015.06.18 12:32:12.276,1.39831,1.39845,1.12,1.91
2015.06.18 12:32:12.477,1.39834,1.39845,1.75,1.91
2015.06.18 12:32:12.529,1.39844,1.39856,1.05,1.87
2015.06.18 12:32:12.630,1.39848,1.39857,1.54,1.00
2015.06.18 12:32:12.732,1.39843,1.39856,2.32,1.00
2015.06.18 12:32:12.783,1.39843,1.39853,1.57,1.00
2015.06.18 12:32:12.935,1.39841,1.39853,2.29,1.00
2015.06.18 12:32:13.303,1.39838,1.39846,1.00,1.00
2015.06.18 12:32:13.355,1.39838,1.39849,1.00,1.00
2015.06.18 12:32:13.406,1.39835,1.39848,2.25,1.05
2015.06.18 12:32:13.457,1.39835,1.39841,2.25,1.00
2015.06.18 12:32:13.508,1.39832,1.39841,2.62,1.00
2015.06.18 12:32:13.560,1.39832,1.39838,1.00,1.00
2015.06.18 12:32:13.611,1.39829,1.39838,1.00,1.00
2015.06.18 12:32:13.966,1.39827,1.39839,1.00,1.00
2015.06.18 12:32:14.386,1.39824,1.39838,1.00,1.00
2015.06.18 12:32:14.488,1.39825,1.39835,1.00,1.00
2015.06.18 12:32:14.540,1.39823,1.39835,1.00,1.05
2015.06.18 12:32:14.591,1.39823,1.39831,1.00,1.00
2015.06.18 12:32:14.644,1.39817,1.39828,1.10,1.00
2015.06.18 12:32:14.696,1.39816,1.39825,3.00,1.00
2015.06.18 12:32:14.799,1.39812,1.39823,1.10,1.00
2015.06.18 12:32:15.054,1.39818,1.39823,1.05,1.00
2015.06.18 12:32:15.106,1.39821,1.39829,1.00,1.57
2015.06.18 12:32:15.157,1.39821,1.39831,1.50,1.00
2015.06.18 12:32:15.208,1.39821,1.39835,1.50,1.57
2015.06.18 12:32:15.310,1.39822,1.39837,1.50,1.00
2015.06.18 12:32:15.965,1.39822,1.39836,2.25,1.00
2015.06.18 12:32:16.067,1.39826,1.39836,1.00,1.00
2015.06.18 12:32:16.169,1.39827,1.39839,1.12,1.65
2015.06.18 12:32:16.220,1.39831,1.39839,1.00,1.10
2015.06.18 12:32:16.373,1.39834,1.39843,1.50,1.00
2015.06.18 12:32:16.475,1.39836,1.39842,1.00,1.00
2015.06.18 12:32:16.577,1.39832,1.39841,1.00,1.50
2015.06.18 12:32:16.876,1.39829,1.39841,2.25,2.29
2015.06.18 12:32:17.081,1.39834,1.39841,1.00,1.54
2015.06.18 12:32:17.388,1.39831,1.3984,2.62,1.50
2015.06.18 12:32:17.718,1.39837,1.39839,1.00,1.00
2015.06.18 12:32:17.871,1.39834,1.39837,1.50,1.00
2015.06.18 12:32:17.922,1.39831,1.39837,1.05,1.00
2015.06.18 12:32:18.024,1.39829,1.39837,1.00,1.50
2015.06.18 12:32:18.075,1.39826,1.39836,1.09,1.00
2015.06.18 12:32:18.278,1.39826,1.39834,1.00,1.00
2015.06.18 12:32:18.627,1.39814,1.39818,1.00,1.54
2015.06.18 12:32:18.831,1.39817,1.3982,1.00,1.00
2015.06.18 12:32:19.036,1.39814,1.39818,1.00,1.00
2015.06.18 12:32:19.350,1.39805,1.39813,2.32,1.50
2015.06.18 12:32:19.403,1.39805,1.39815,2.25,3.79
2015.06.18 12:32:19.505,1.39802,1.39812,1.50,1.50
2015.06.18 12:32:19.810,1.398,1.3981,1.50,1.00
2015.06.18 12:32:20.258,1.39805,1.39813,1.00,1.00
2015.06.18 12:32:20.565,1.39796,1.39798,1.00,1.00
2015.06.18 12:32:20.616,1.39791,1.39798,1.00,1.00
2015.06.18 12:32:20.718,1.39787,1.39797,1.50,1.50
2015.06.18 12:32:20.820,1.39787,1.39795,1.50,1.00
2015.06.18 12:32:21.156,1.3979,1.39797,1.00,2.25
2015.06.18 12:32:21.360,1.39794,1.39804,1.50,1.54
2015.06.18 12:32:21.411,1.39796,1.398,1.00,1.50
2015.06.18 12:32:21.513,1.39794,1.39804,2.25,1.50
2015.06.18 12:32:21.564,1.39795,1.39804,1.00,1.00
2015.06.18 12:32:21.931,1.39794,1.39804,1.00,1.50
2015.06.18 12:32:21.982,1.39791,1.398,1.00,1.00
2015.06.18 12:32:22.523,1.39788,1.39797,1.00,1.50
2015.06.18 12:32:22.915,1.39787,1.39791,1.50,1.50
2015.06.18 12:32:23.067,1.3978,1.39788,3.00,1.00
2015.06.18 12:32:23.118,1.39777,1.39788,3.07,1.00
2015.06.18 12:32:23.169,1.39781,1.39788,1.00,1.00
2015.06.18 12:32:23.474,1.39789,1.39799,2.25,2.40
2015.06.18 12:32:23.933,1.39789,1.398,1.50,1.50
2015.06.18 12:32:24.035,1.39791,1.39801,1.00,1.00
2015.06.18 12:32:24.340,1.39796,1.39801,1.00,1.00
2015.06.18 12:32:24.603,1.39798,1.39808,1.00,3.75
2015.06.18 12:32:24.654,1.39799,1.39809,1.00,1.05
2015.06.18 12:32:24.807,1.39799,1.39807,1.50,1.30
2015.06.18 12:32:24.960,1.39791,1.39798,1.50,1.00
2015.06.18 12:32:25.114,1.39788,1.39794,1.00,1.27
2015.06.18 12:32:25.422,1.39777,1.39783,1.00,1.00
2015.06.18 12:32:25.625,1.39775,1.39784,1.05,1.00
2015.06.18 12:32:25.879,1.39775,1.39782,1.00,1.00
2015.06.18 12:32:25.982,1.39773,1.39782,1.00,1.00
2015.06.18 12:32:26.236,1.39775,1.39782,1.00,1.00
2015.06.18 12:32:26.542,1.3977,1.3978,1.54,1.00
2015.06.18 12:32:26.747,1.39772,1.3978,1.00,1.57
2015.06.18 12:32:26.901,1.39774,1.39784,2.62,1.50
2015.06.18 12:32:27.114,1.39776,1.39777,1.00,2.25
2015.06.18 12:32:27.216,1.39771,1.39773,1.00,1.00
2015.06.18 12:32:27.317,1.39766,1.39773,1.00,1.50
2015.06.18 12:32:27.521,1.39768,1.39778,1.50,1.16
2015.06.18 12:32:27.573,1.39769,1.39778,1.87,1.05
2015.06.18 12:32:27.624,1.3977,1.3978,1.87,2.29
2015.06.18 12:32:27.675,1.3977,1.3978,2.25,1.54
2015.06.18 12:32:27.893,1.3977,1.39775,1.50,1.00
2015.06.18 12:32:27.995,1.3977,1.39778,2.29,1.50
2015.06.18 12:32:28.048,1.39772,1.3978,1.00,1.54
2015.06.18 12:32:28.151,1.39767,1.39776,1.00,1.00
2015.06.18 12:32:28.202,1.39768,1.39776,1.12,1.00
2015.06.18 12:32:28.456,1.39771,1.39781,1.87,1.00
2015.06.18 12:32:28.508,1.39771,1.39776,1.50,1.00
2015.06.18 12:32:28.778,1.39768,1.39772,1.00,1.00
2015.06.18 12:32:28.830,1.39768,1.39774,1.00,1.00
2015.06.18 12:32:28.882,1.3977,1.39775,1.00,1.00
2015.06.18 12:32:29.035,1.39772,1.39779,1.09,1.50
2015.06.18 12:32:29.137,1.39775,1.39784,1.00,1.50
2015.06.18 12:32:29.240,1.39778,1.39784,1.00,1.50
2015.06.18 12:32:29.342,1.39779,1.39788,1.05,2.25
2015.06.18 12:32:29.444,1.3978,1.3979,1.50,2.25
2015.06.18 12:32:29.697,1.3978,1.3979,1.50,4.87
2015.06.18 12:32:29.748,1.39777,1.39787,1.50,1.00
2015.06.18 12:32:29.849,1.39779,1.39787,1.50,1.00
2015.06.18 12:32:30.154,1.39783,1.3979,1.00,2.25
2015.06.18 12:32:30.581,1.3979,1.39795,1.50,1.87
2015.06.18 12:32:30.633,1.3979,1.39797,2.29,1.50
2015.06.18 12:32:30.684,1.39792,1.39797,1.00,1.50
2015.06.18 12:32:30.786,1.39789,1.39797,1.09,1.50
2015.06.18 12:32:30.837,1.39792,1.398,1.00,1.75
2015.06.18 12:32:31.142,1.39791,1.39795,1.00,1.57
2015.06.18 12:32:31.476,1.39792,1.39793,1.05,1.50
2015.06.18 12:32:31.681,1.39798,1.39799,1.00,1.00
2015.06.18 12:32:31.785,1.39799,1.39802,2.25,7.57
2015.06.18 12:32:32.191,1.39808,1.39809,1.00,1.10
2015.06.18 12:32:32.243,1.39812,1.39815,1.00,1.31
2015.06.18 12:32:32.296,1.39813,1.39816,1.00,3.45
2015.06.18 12:32:32.347,1.39813,1.39816,1.00,1.57
2015.06.18 12:32:32.399,1.39815,1.39818,1.09,1.50
2015.06.18 12:32:32.552,1.39813,1.39817,1.00,1.42
2015.06.18 12:32:32.857,1.39821,1.39823,1.00,1.00
2015.06.18 12:32:33.174,1.39823,1.39828,1.50,1.12
2015.06.18 12:32:33.225,1.39826,1.39827,1.00,4.12
2015.06.18 12:32:33.481,1.39824,1.39828,1.00,1.37
2015.06.18 12:32:33.533,1.39824,1.39828,1.00,1.50
2015.06.18 12:32:33.585,1.39824,1.39828,1.05,1.75
2015.06.18 12:32:33.808,1.39825,1.39828,1.00,1.10
2015.06.18 12:32:33.860,1.39824,1.39826,1.54,1.37
2015.06.18 12:32:33.962,1.39825,1.39829,1.50,1.00
2015.06.18 12:32:34.064,1.39825,1.39832,1.50,1.20
2015.06.18 12:32:34.115,1.39827,1.39832,1.00,1.10
2015.06.18 12:32:34.580,1.39827,1.39829,1.00,1.00
2015.06.18 12:32:34.639,1.39824,1.39829,1.09,1.00
2015.06.18 12:32:35.147,1.39824,1.39828,1.00,1.00
2015.06.18 12:32:35.249,1.39821,1.39824,1.54,1.00
2015.06.18 12:32:35.351,1.39821,1.39826,2.25,1.00
2015.06.18 12:32:35.560,1.39823,1.3983,1.09,1.00
2015.06.18 12:32:35.611,1.39824,1.39827,1.54,1.00
2015.06.18 12:32:35.814,1.39824,1.39829,1.54,1.00
2015.06.18 12:32:36.169,1.39827,1.39832,1.50,1.00
2015.06.18 12:32:36.526,1.3982,1.39825,1.75,1.00
2015.06.18 12:32:36.578,1.39821,1.39829,1.00,1.19
2015.06.18 12:32:36.680,1.39821,1.39831,1.50,1.12
2015.06.18 12:32:36.782,1.39824,1.39832,1.00,1.05
2015.06.18 12:32:37.240,1.39826,1.39834,1.87,1.80
2015.06.18 12:32:37.552,1.39838,1.39842,1.00,1.37
2015.06.18 12:32:37.604,1.39835,1.39842,2.25,1.00
2015.06.18 12:32:37.707,1.39834,1.39839,1.50,1.00
2015.06.18 12:32:37.758,1.39834,1.39839,1.00,1.00
2015.06.18 12:32:37.809,1.39834,1.39842,1.00,2.25
2015.06.18 12:32:37.861,1.39831,1.3984,1.05,1.50
2015.06.18 12:32:37.912,1.3983,1.39837,1.57,1.00
2015.06.18 12:32:38.237,1.3983,1.39835,1.50,1.00
2015.06.18 12:32:38.392,1.39832,1.39838,1.00,1.00
2015.06.18 12:32:38.443,1.39836,1.39839,1.00,1.00
2015.06.18 12:32:38.546,1.39837,1.39845,1.00,2.62
2015.06.18 12:32:38.648,1.39841,1.39845,1.00,1.00
2015.06.18 12:32:39.009,1.39843,1.39846,1.00,1.50
2015.06.18 12:32:39.111,1.39847,1.39851,1.00,1.00
2015.06.18 12:32:39.214,1.39847,1.39854,1.00,1.00
2015.06.18 12:32:39.265,1.39853,1.39854,1.00,1.00
2015.06.18 12:32:39.522,1.39869,1.39871,1.50,1.09
2015.06.18 12:32:39.574,1.39869,1.39872,1.00,1.00
2015.06.18 12:32:39.788,1.39863,1.39872,1.50,1.00
2015.06.18 12:32:39.891,1.39862,1.39866,2.66,1.00
2015.06.18 12:32:39.993,1.39863,1.39871,1.05,1.00
2015.06.18 12:32:40.146,1.39863,1.39868,1.05,1.00
2015.06.18 12:32:40.560,1.39842,1.39843,1.10,1.50
2015.06.18 12:32:40.764,1.39844,1.39851,1.50,1.57
2015.06.18 12:32:40.865,1.39849,1.39855,1.00,1.15
2015.06.18 12:32:40.967,1.39849,1.39859,1.50,1.50
2015.06.18 12:32:41.120,1.39849,1.39859,2.25,1.50
2015.06.18 12:32:41.332,1.39849,1.39859,1.54,1.50
2015.06.18 12:32:41.485,1.39849,1.39856,1.54,1.50
2015.06.18 12:32:41.790,1.39845,1.39847,1.05,1.00
2015.06.18 12:32:41.841,1.39842,1.39847,1.54,1.00
2015.06.18 12:32:41.943,1.39842,1.39845,1.54,1.00
2015.06.18 12:32:42.295,1.3984,1.39843,1.50,1.00
2015.06.18 12:32:42.346,1.39838,1.39841,1.54,1.00
2015.06.18 12:32:42.549,1.39838,1.39842,1.54,1.00
2015.06.18 12:32:42.702,1.39833,1.39835,1.00,1.00
2015.06.18 12:32:42.804,1.39829,1.39832,1.00,1.50
2015.06.18 12:32:42.855,1.39828,1.3983,1.50,1.00
2015.06.18 12:32:43.090,1.39824,1.39826,1.00,1.05
2015.06.18 12:32:43.243,1.39824,1.3983,1.09,1.05
2015.06.18 12:32:43.345,1.39824,1.39834,4.57,1.00
2015.06.18 12:32:43.397,1.39828,1.39834,3.00,1.00
2015.06.18 12:32:43.451,1.39828,1.39837,3.75,1.05
2015.06.18 12:32:43.502,1.39832,1.39836,1.50,1.00
2015.06.18 12:32:43.826,1.39829,1.39831,1.00,1.00
2015.06.18 12:32:43.982,1.39833,1.39835,1.50,1.05
2015.06.18 12:32:44.084,1.39833,1.39842,1.00,1.50
2015.06.18 12:32:44.288,1.3983,1.39842,3.41,3.04
2015.06.18 12:32:44.390,1.39835,1.39842,1.00,1.50
2015.06.18 12:32:44.492,1.39836,1.39845,1.00,1.00
2015.06.18 12:32:44.806,1.39834,1.39845,1.50,3.04
2015.06.18 12:32:44.857,1.39833,1.39843,4.16,1.00
2015.06.18 12:32:45.162,1.39831,1.39841,2.25,1.00
2015.06.18 12:32:45.785,1.39832,1.39841,1.37,1.00
2015.06.18 12:32:46.091,1.39846,1.39855,1.00,3.90
2015.06.18 12:32:46.193,1.39845,1.39854,1.05,1.54
2015.06.18 12:32:46.396,1.39842,1.39852,1.57,1.00
2015.06.18 12:32:46.739,1.39848,1.39852,1.00,1.00
2015.06.18 12:32:46.790,1.39849,1.39859,1.00,1.57
2015.06.18 12:32:47.044,1.3985,1.39853,1.00,1.00
2015.06.18 12:32:47.197,1.39846,1.39852,1.50,1.00
2015.06.18 12:32:47.299,1.39844,1.39852,3.00,1.00
2015.06.18 12:32:47.609,1.39842,1.3985,1.50,1.00
2015.06.18 12:32:47.964,1.39842,1.39846,1.00,1.00
2015.06.18 12:32:48.167,1.39844,1.39851,1.50,1.05
2015.06.18 12:32:48.637,1.39848,1.39853,1.37,1.09
2015.06.18 12:32:48.688,1.39849,1.39854,1.87,1.00
2015.06.18 12:32:48.739,1.39849,1.39858,2.62,1.00
2015.06.18 12:32:48.790,1.39852,1.39859,1.00,1.00
2015.06.18 12:32:48.841,1.39852,1.39862,1.87,2.62
2015.06.18 12:32:49.347,1.39852,1.3986,1.50,1.00
2015.06.18 12:32:49.652,1.39852,1.39856,1.00,1.00
2015.06.18 12:32:49.754,1.39852,1.39862,2.62,1.50
2015.06.18 12:32:49.906,1.39854,1.39862,1.00,1.00
2015.06.18 12:32:50.412,1.39854,1.39863,1.00,1.50
2015.06.18 12:32:50.596,1.39854,1.39858,1.00,2.25
2015.06.18 12:32:50.850,1.39845,1.39855,1.50,5.29
2015.06.18 12:32:50.901,1.39845,1.39853,1.00,1.00
2015.06.18 12:32:51.003,1.39843,1.39852,1.87,1.00
2015.06.18 12:32:51.522,1.39843,1.39853,1.87,1.00
2015.06.18 12:32:52.029,1.39844,1.39853,1.00,1.50
2015.06.18 12:32:52.552,1.39845,1.39855,1.50,5.32
2015.06.18 12:32:53.058,1.39845,1.39853,1.00,1.00
2015.06.18 12:32:53.109,1.39844,1.39847,1.00,1.12
2015.06.18 12:32:53.424,1.39837,1.39843,1.50,1.00
2015.06.18 12:32:53.475,1.39839,1.39846,1.00,1.00
2015.06.18 12:32:53.527,1.39841,1.39846,1.00,1.00
2015.06.18 12:32:53.628,1.39841,1.39848,1.50,1.00
2015.06.18 12:32:53.781,1.39841,1.39851,1.50,1.50
2015.06.18 12:32:53.831,1.39843,1.39851,1.00,1.00
2015.06.18 12:32:53.933,1.39844,1.39853,1.12,1.50
2015.06.18 12:32:54.460,1.39843,1.39852,1.50,1.00
2015.06.18 12:32:54.715,1.39844,1.39849,1.00,1.00
2015.06.18 12:32:55.130,1.39847,1.39851,1.00,1.50
2015.06.18 12:32:55.233,1.39849,1.39855,1.00,1.09
2015.06.18 12:32:55.436,1.39853,1.39854,1.00,1.00
2015.06.18 12:32:55.640,1.39858,1.39861,1.00,1.00
2015.06.18 12:32:55.741,1.39856,1.39859,1.10,1.00
2015.06.18 12:32:56.057,1.39854,1.39857,1.50,1.00
2015.06.18 12:32:56.311,1.39859,1.39861,1.50,1.00
2015.06.18 12:32:56.565,1.39863,1.3987,1.00,1.87
2015.06.18 12:32:56.666,1.39862,1.39869,1.50,1.00
2015.06.18 12:32:56.913,1.39862,1.39867,1.50,1.00
2015.06.18 12:32:57.268,1.3986,1.39867,2.25,1.12
2015.06.18 12:32:57.751,1.3986,1.39865,1.50,1.00
2015.06.18 12:32:58.081,1.39858,1.39864,1.00,1.00
2015.06.18 12:32:58.486,1.39856,1.39864,4.16,1.00
2015.06.18 12:32:58.952,1.39856,1.3986,1.50,1.00
2015.06.18 12:32:59.053,1.39852,1.39861,2.62,1.00
2015.06.18 12:32:59.307,1.39854,1.39863,1.50,1.00
2015.06.18 12:32:59.460,1.39857,1.39864,1.00,1.50
2015.06.18 12:32:59.562,1.39858,1.39868,3.07,1.57
2015.06.18 12:32:59.829,1.39858,1.39865,1.50,1.00
2015.06.18 12:33:00.134,1.3986,1.39867,1.87,1.00
2015.06.18 12:33:00.550,1.39854,1.39856,1.50,2.17
2015.06.18 12:33:00.604,1.39844,1.39849,1.50,1.00
2015.06.18 12:33:00.706,1.39846,1.39852,1.12,1.00
2015.06.18 12:33:00.809,1.39844,1.39851,1.00,1.00
2015.06.18 12:33:00.961,1.39841,1.39851,1.50,1.50
2015.06.18 12:33:01.630,1.39841,1.39845,1.00,2.25
2015.06.18 12:33:01.936,1.39839,1.39841,1.37,1.54
2015.06.18 12:33:01.987,1.39839,1.39843,1.37,3.75
2015.06.18 12:33:02.038,1.39839,1.39846,1.37,1.00
2015.06.18 12:33:02.248,1.39833,1.39837,8.62,1.37
2015.06.18 12:33:02.300,1.39832,1.39835,1.00,1.20
2015.06.18 12:33:02.351,1.39827,1.39835,1.87,3.45
2015.06.18 12:33:02.403,1.39826,1.39835,1.87,4.54
2015.06.18 12:33:02.505,1.39825,1.39831,1.00,1.00
2015.06.18 12:33:02.557,1.39822,1.39831,1.00,1.50
2015.06.18 12:33:02.760,1.39821,1.39829,2.62,1.00
2015.06.18 12:33:03.101,1.39829,1.39831,1.00,2.32
2015.06.18 12:33:03.355,1.3984,1.39845,1.00,3.00
2015.06.18 12:33:03.406,1.3984,1.39845,1.00,1.50
2015.06.18 12:33:03.558,1.39844,1.39848,1.87,1.50
2015.06.18 12:33:03.609,1.39847,1.39848,1.91,1.00
2015.06.18 12:33:03.816,1.3985,1.39854,1.05,1.12
2015.06.18 12:33:03.918,1.3985,1.39857,1.05,1.00
2015.06.18 12:33:04.020,1.39852,1.39856,1.00,1.00
2015.06.18 12:33:04.324,1.39854,1.39856,1.00,1.00
2015.06.18 12:33:04.376,1.39854,1.3986,1.00,1.00
2015.06.18 12:33:04.682,1.39852,1.39861,1.50,2.25
2015.06.18 12:33:05.192,1.39851,1.39858,1.50,1.00
2015.06.18 12:33:05.567,1.39843,1.39845,3.82,2.62
2015.06.18 12:33:05.619,1.39835,1.39841,1.00,1.00
2015.06.18 12:33:05.772,1.39835,1.39845,1.00,1.00
2015.06.18 12:33:06.028,1.39837,1.39845,1.12,1.00
2015.06.18 12:33:06.180,1.39839,1.39848,1.00,1.00
2015.06.18 12:33:06.548,1.3984,1.3985,1.50,2.29
2015.06.18 12:33:07.303,1.39841,1.39846,1.50,1.00
2015.06.18 12:33:07.564,1.3984,1.39848,1.00,1.05
2015.06.18 12:33:07.818,1.39842,1.39851,1.00,2.29
2015.06.18 12:33:08.071,1.39844,1.39851,1.00,1.50
2015.06.18 12:33:08.187,1.39844,1.39853,1.00,2.62
2015.06.18 12:33:08.530,1.39843,1.39848,1.00,1.00
2015.06.18 12:33:08.582,1.39838,1.39846,1.00,3.79
2015.06.18 12:33:08.634,1.39836,1.39846,2.25,3.79
2015.06.18 12:33:08.889,1.39833,1.39845,4.12,2.32
2015.06.18 12:33:09.429,1.39833,1.39843,2.25,1.50
2015.06.18 12:33:09.734,1.39835,1.39845,1.37,3.07
2015.06.18 12:33:09.836,1.39836,1.39846,3.04,1.00
2015.06.18 12:33:09.937,1.39838,1.39848,1.87,1.50
2015.06.18 12:33:10.040,1.39841,1.39848,1.00,1.50
2015.06.18 12:33:10.243,1.39841,1.3985,1.50,2.25
2015.06.18 12:33:10.447,1.39841,1.39846,1.50,1.00
2015.06.18 12:33:10.652,1.39839,1.39846,1.50,2.62
2015.06.18 12:33:10.704,1.39845,1.39848,1.00,8.66
2015.06.18 12:33:10.807,1.39843,1.39848,1.37,1.05
2015.06.18 12:33:10.909,1.39846,1.39851,1.37,1.05
2015.06.18 12:33:10.960,1.39849,1.39851,1.00,1.05
2015.06.18 12:33:11.114,1.39855,1.39858,1.00,1.87
2015.06.18 12:33:11.280,1.39855,1.39859,1.37,1.00
2015.06.18 12:33:11.331,1.39855,1.39863,1.87,1.05
2015.06.18 12:33:11.689,1.39863,1.39865,1.00,1.54
2015.06.18 12:33:11.843,1.3986,1.39865,1.50,1.00
2015.06.18 12:33:11.895,1.3986,1.39868,1.00,1.05
2015.06.18 12:33:12.204,1.39859,1.39865,1.00,3.00
2015.06.18 12:33:12.305,1.39856,1.39863,1.87,1.00
2015.06.18 12:33:12.357,1.39854,1.39863,1.50,1.00
2015.06.18 12:33:13.219,1.39854,1.39865,4.54,1.00
2015.06.18 12:33:13.270,1.39854,1.39861,3.79,1.00
2015.06.18 12:33:13.524,1.39855,1.39863,1.50,1.50
2015.06.18 12:33:13.626,1.39856,1.39861,1.05,1.00
2015.06.18 12:33:13.729,1.39854,1.39861,1.00,1.05
2015.06.18 12:33:13.932,1.39853,1.39857,1.00,1.00
2015.06.18 12:33:14.294,1.39853,1.39859,1.50,1.00
2015.06.18 12:33:14.395,1.39854,1.39861,3.00,1.00
2015.06.18 12:33:14.497,1.3986,1.39862,1.00,1.00
2015.06.18 12:33:14.599,1.39859,1.39865,1.00,2.29
2015.06.18 12:33:15.073,1.3986,1.39869,1.50,1.00
2015.06.18 12:33:15.127,1.39865,1.39868,1.00,1.37
2015.06.18 12:33:15.433,1.39867,1.3987,1.37,1.00
2015.06.18 12:33:15.484,1.39867,1.39871,1.37,1.50
2015.06.18 12:33:15.586,1.3987,1.39876,1.75,1.87
2015.06.18 12:33:15.897,1.39878,1.39879,1.00,1.00
2015.06.18 12:33:16.003,1.3988,1.39882,1.00,1.12
2015.06.18 12:33:16.105,1.39882,1.39883,1.00,1.50
2015.06.18 12:33:16.207,1.39877,1.39883,2.62,1.50
2015.06.18 12:33:16.310,1.39877,1.39886,3.37,1.00
2015.06.18 12:33:16.763,1.39879,1.3988,1.00,1.00
2015.06.18 12:33:16.816,1.39878,1.39882,1.00,1.00
2015.06.18 12:33:16.867,1.39873,1.39882,1.50,1.00
2015.06.18 12:33:16.969,1.39873,1.39879,1.00,1.50
2015.06.18 12:33:17.500,1.39872,1.39879,1.00,1.50
2015.06.18 12:33:18.268,1.39871,1.39879,1.50,1.50
2015.06.18 12:33:18.573,1.39868,1.39875,1.00,1.12
2015.06.18 12:33:19.082,1.39868,1.39874,1.00,1.00
2015.06.18 12:33:19.184,1.39866,1.39874,1.50,1.00
2015.06.18 12:33:19.691,1.39871,1.39873,1.00,1.00
2015.06.18 12:33:19.971,1.39882,1.39886,1.00,2.62
2015.06.18 12:33:20.074,1.3988,1.39889,2.32,1.95
2015.06.18 12:33:20.380,1.39876,1.39885,1.54,1.87
2015.06.18 12:33:20.682,1.39879,1.39885,1.00,1.87
2015.06.18 12:33:20.733,1.3988,1.39888,1.54,1.37
2015.06.18 12:33:20.834,1.39878,1.39887,1.12,1.87
2015.06.18 12:33:20.885,1.39876,1.39883,1.50,1.00
2015.06.18 12:33:20.988,1.39875,1.39883,1.00,1.50
2015.06.18 12:33:21.039,1.39875,1.39883,1.00,1.87
2015.06.18 12:33:21.343,1.39873,1.39879,1.00,1.00
2015.06.18 12:33:21.524,1.39873,1.39882,1.00,1.42
2015.06.18 12:33:22.208,1.39872,1.39876,1.00,1.00
2015.06.18 12:33:22.466,1.39865,1.3987,1.05,1.12
2015.06.18 12:33:22.518,1.39861,1.3987,3.04,1.12
2015.06.18 12:33:22.771,1.39863,1.39871,1.00,1.37
2015.06.18 12:33:22.923,1.39864,1.39872,1.00,1.00
2015.06.18 12:33:23.077,1.39864,1.39869,1.00,1.00
2015.06.18 12:33:23.471,1.39862,1.39869,2.25,1.00
2015.06.18 12:33:23.522,1.39862,1.39871,1.00,1.54
2015.06.18 12:33:23.675,1.39861,1.3987,1.00,1.37
2015.06.18 12:33:23.928,1.39853,1.39863,1.37,1.05
2015.06.18 12:33:24.182,1.39853,1.39859,1.37,1.00
2015.06.18 12:33:24.510,1.39852,1.39857,1.37,1.00
2015.06.18 12:33:24.915,1.39851,1.39857,2.25,1.00
2015.06.18 12:33:24.966,1.39851,1.39859,2.25,1.00
2015.06.18 12:33:25.067,1.39856,1.3986,1.12,1.00
2015.06.18 12:33:25.270,1.39861,1.39867,1.12,1.00
2015.06.18 12:33:25.435,1.39863,1.39867,1.00,1.00
2015.06.18 12:33:25.557,1.3986,1.39867,3.00,1.00
2015.06.18 12:33:25.608,1.3986,1.39869,2.25,1.00
2015.06.18 12:33:25.761,1.39862,1.3987,1.00,1.05
2015.06.18 12:33:25.914,1.3986,1.3987,2.29,1.50
2015.06.18 12:33:25.966,1.39867,1.3987,1.00,1.50
2015.06.18 12:33:26.118,1.39867,1.39876,2.62,1.95
2015.06.18 12:33:26.320,1.39864,1.39872,1.50,1.00
2015.06.18 12:33:26.371,1.39864,1.39873,1.00,1.54
2015.06.18 12:33:26.523,1.39861,1.39872,1.00,1.50
2015.06.18 12:33:27.304,1.39862,1.39872,1.00,1.50
2015.06.18 12:33:27.557,1.39866,1.39873,1.00,1.00
2015.06.18 12:33:27.659,1.39867,1.39876,1.54,1.54
2015.06.18 12:33:27.761,1.39867,1.39874,1.00,1.00
2015.06.18 12:33:28.076,1.39861,1.39868,1.00,1.00
2015.06.18 12:33:28.380,1.39861,1.39866,1.00,1.00
2015.06.18 12:33:28.635,1.39868,1.39874,1.54,1.00
2015.06.18 12:33:28.686,1.39868,1.39871,1.00,1.00
2015.06.18 12:33:28.738,1.39865,1.39868,2.32,1.00
2015.06.18 12:33:28.996,1.3986,1.39869,1.54,1.00
2015.06.18 12:33:29.502,1.39861,1.39868,1.00,1.00
2015.06.18 12:33:29.911,1.3986,1.39872,3.79,2.25
2015.06.18 12:33:29.962,1.3986,1.39864,1.54,1.37
2015.06.18 12:33:30.165,1.3986,1.39862,1.09,1.00
2015.06.18 12:33:30.217,1.39856,1.39863,2.25,1.12
2015.06.18 12:33:30.268,1.39856,1.39858,1.50,1.00
2015.06.18 12:33:30.320,1.39852,1.39858,1.50,1.00
2015.06.18 12:33:30.574,1.39852,1.39856,1.50,1.00
2015.06.18 12:33:30.730,1.39849,1.3985,7.46,1.00
2015.06.18 12:33:30.782,1.39846,1.3985,1.00,1.00
2015.06.18 12:33:30.883,1.39844,1.3985,1.00,1.50
2015.06.18 12:33:31.087,1.39844,1.39848,1.00,1.00
2015.06.18 12:33:31.391,1.39842,1.39844,1.54,1.00
2015.06.18 12:33:31.442,1.39842,1.39845,1.50,1.00
2015.06.18 12:33:31.698,1.39847,1.39848,1.00,1.00
2015.06.18 12:33:31.753,1.39851,1.39854,1.00,1.16
2015.06.18 12:33:31.805,1.39848,1.39854,2.25,1.16
2015.06.18 12:33:31.907,1.3985,1.39856,1.00,1.87
2015.06.18 12:33:32.213,1.39845,1.39852,2.32,1.12
2015.06.18 12:33:32.466,1.39837,1.39845,1.00,1.87
2015.06.18 12:33:32.568,1.39836,1.39845,1.57,1.87
2015.06.18 12:33:32.721,1.3984,1.39848,1.00,1.87
2015.06.18 12:33:33.028,1.39847,1.39853,1.00,1.87
2015.06.18 12:33:33.364,1.39851,1.39856,1.00,1.12
2015.06.18 12:33:33.669,1.39849,1.39858,1.05,1.37
2015.06.18 12:33:34.024,1.39848,1.39855,1.05,1.12
2015.06.18 12:33:34.353,1.39851,1.39855,1.00,1.37
2015.06.18 12:33:34.557,1.39855,1.3986,1.00,1.91
2015.06.18 12:33:34.761,1.39856,1.39862,1.00,1.00
2015.06.18 12:33:34.813,1.39856,1.39862,1.50,1.50
2015.06.18 12:33:34.916,1.39855,1.39862,1.00,1.00
2015.06.18 12:33:35.094,1.39861,1.39862,1.00,1.00
2015.06.18 12:33:35.145,1.39865,1.39867,1.00,1.54
2015.06.18 12:33:35.247,1.39865,1.39869,1.00,1.12
2015.06.18 12:33:35.704,1.39862,1.39872,2.70,1.37
2015.06.18 12:33:35.963,1.39872,1.39875,1.00,1.87
2015.06.18 12:33:36.117,1.39871,1.39877,1.16,1.87
2015.06.18 12:33:36.269,1.39875,1.39879,1.00,1.46
2015.06.18 12:33:36.422,1.39872,1.39875,1.09,1.37
2015.06.18 12:33:36.473,1.39869,1.39875,2.25,1.37
2015.06.18 12:33:36.687,1.39866,1.39874,1.50,1.57
2015.06.18 12:33:36.914,1.39865,1.3987,1.50,1.50
2015.06.18 12:33:37.219,1.39867,1.3987,1.00,1.50
2015.06.18 12:33:37.372,1.39866,1.39872,1.05,1.00
2015.06.18 12:33:38.124,1.39864,1.39872,1.12,2.62
2015.06.18 12:33:38.226,1.39863,1.39872,2.32,4.20
2015.06.18 12:33:38.531,1.39861,1.3987,1.00,3.37
2015.06.18 12:33:38.632,1.39861,1.3987,3.00,2.25
2015.06.18 12:33:38.952,1.39879,1.39881,1.00,1.37
2015.06.18 12:33:39.005,1.3988,1.39881,1.00,1.00
2015.06.18 12:33:39.056,1.39878,1.39884,3.82,1.00
2015.06.18 12:33:39.158,1.39881,1.39891,2.25,1.37
2015.06.18 12:33:39.464,1.39892,1.39894,1.54,1.00
2015.06.18 12:33:39.779,1.39892,1.39902,2.62,1.87
2015.06.18 12:33:40.084,1.39889,1.39897,3.00,1.37
2015.06.18 12:33:40.185,1.39889,1.3989,1.00,1.00
2015.06.18 12:33:40.236,1.39887,1.3989,1.00,1.00
2015.06.18 12:33:40.287,1.39885,1.3989,1.00,1.50
2015.06.18 12:33:40.503,1.39881,1.39883,1.12,2.25
2015.06.18 12:33:40.555,1.39878,1.3988,3.00,1.37
2015.06.18 12:33:40.656,1.3987,1.39873,1.09,1.12
2015.06.18 12:33:40.708,1.39865,1.39868,4.57,1.00
2015.06.18 12:33:40.963,1.39862,1.39868,1.00,1.37
2015.06.18 12:33:41.277,1.39866,1.39869,1.12,1.00
2015.06.18 12:33:41.379,1.39868,1.3987,1.00,1.50
2015.06.18 12:33:41.481,1.3987,1.39873,1.00,2.62
2015.06.18 12:33:41.634,1.39867,1.39875,1.50,1.37
2015.06.18 12:33:41.686,1.3987,1.39874,1.00,1.37
2015.06.18 12:33:42.100,1.39865,1.39867,1.09,1.57
2015.06.18 12:33:42.507,1.39865,1.39869,3.00,8.62
2015.06.18 12:33:42.865,1.3987,1.39873,1.00,1.91
2015.06.18 12:33:42.917,1.39871,1.39874,1.05,1.37
2015.06.18 12:33:42.968,1.39871,1.39874,1.05,1.37
2015.06.18 12:33:43.121,1.39871,1.39877,1.09,2.25
2015.06.18 12:33:43.273,1.39868,1.39874,1.09,1.37
2015.06.18 12:33:43.579,1.39868,1.39874,1.05,1.87
2015.06.18 12:33:43.983,1.39872,1.39874,1.00,1.37
2015.06.18 12:33:44.034,1.39872,1.39874,1.00,1.00
2015.06.18 12:33:44.085,1.39874,1.39878,1.00,2.62
2015.06.18 12:33:44.390,1.39874,1.39879,1.00,1.37
2015.06.18 12:33:44.734,1.39874,1.39876,1.05,1.37
2015.06.18 12:33:44.937,1.39869,1.3987,1.00,1.12
2015.06.18 12:33:44.988,1.39867,1.3987,1.05,1.37
2015.06.18 12:33:45.191,1.39867,1.39873,1.00,1.46
2015.06.18 12:33:45.560,1.39866,1.39869,1.00,1.37
2015.06.18 12:33:45.662,1.39864,1.3987,1.00,1.87
2015.06.18 12:33:46.170,1.39865,1.3987,1.09,2.62
2015.06.18 12:33:46.477,1.39867,1.39875,1.09,2.62
2015.06.18 12:33:46.578,1.39866,1.39871,1.00,1.37
2015.06.18 12:33:47.085,1.39865,1.3987,1.00,1.95
2015.06.18 12:33:47.371,1.39868,1.39872,1.00,1.87
2015.06.18 12:33:47.474,1.39868,1.39872,1.05,1.87
2015.06.18 12:33:47.576,1.39869,1.39872,1.00,1.87
2015.06.18 12:33:47.883,1.39879,1.39881,1.00,1.37
2015.06.18 12:33:48.189,1.39877,1.3988,1.05,1.37
2015.06.18 12:33:48.240,1.39879,1.3988,1.00,1.12
2015.06.18 12:33:48.343,1.39876,1.3988,3.30,1.37
2015.06.18 12:33:48.446,1.39878,1.39883,1.09,1.50
2015.06.18 12:33:48.497,1.39877,1.39883,1.54,1.50
2015.06.18 12:33:49.017,1.39877,1.39887,3.75,2.70
2015.06.18 12:33:49.119,1.39877,1.39887,3.75,2.70
2015.06.18 12:33:49.524,1.39881,1.39884,1.00,1.91
2015.06.18 12:33:49.931,1.39883,1.39892,1.05,1.37
2015.06.18 12:33:49.983,1.39883,1.39892,1.05,1.00
2015.06.18 12:33:50.187,1.39883,1.3989,1.50,1.50
2015.06.18 12:33:50.492,1.39883,1.3989,1.00,2.62
2015.06.18 12:33:51.005,1.39882,1.39885,1.00,1.00
2015.06.18 12:33:51.109,1.39877,1.39883,2.62,3.37
2015.06.18 12:33:51.161,1.39877,1.39883,1.12,3.75
2015.06.18 12:33:51.263,1.39872,1.3988,1.00,3.75
2015.06.18 12:33:51.314,1.3987,1.39877,1.16,1.50
2015.06.18 12:33:51.623,1.39877,1.39878,1.00,1.87
2015.06.18 12:33:51.678,1.39876,1.39883,1.00,1.05
2015.06.18 12:33:51.831,1.39876,1.39886,1.50,1.00
2015.06.18 12:33:51.983,1.39874,1.39883,1.00,1.00
2015.06.18 12:33:52.186,1.39876,1.39886,1.00,3.00
2015.06.18 12:33:52.237,1.39876,1.39882,1.00,1.00
2015.06.18 12:33:52.551,1.39871,1.39879,1.00,1.00
2015.06.18 12:33:52.705,1.39873,1.39882,1.00,1.37
2015.06.18 12:33:53.011,1.39871,1.3988,1.54,1.12
2015.06.18 12:33:53.325,1.39871,1.39877,1.00,1.00
2015.06.18 12:33:53.383,1.39871,1.39879,1.00,1.00
2015.06.18 12:33:53.435,1.39869,1.39877,1.05,1.00
2015.06.18 12:33:53.841,1.39869,1.39879,1.00,1.05
2015.06.18 12:33:54.249,1.3987,1.39875,1.00,1.05
2015.06.18 12:33:54.300,1.39868,1.39875,1.50,1.54
2015.06.18 12:33:54.402,1.39866,1.39874,1.05,1.50
2015.06.18 12:33:54.605,1.39864,1.39874,1.50,1.50
2015.06.18 12:33:54.707,1.39866,1.39874,1.00,1.50
2015.06.18 12:33:54.963,1.3987,1.39879,1.50,1.50
2015.06.18 12:33:55.180,1.39873,1.39882,1.00,1.50
2015.06.18 12:33:55.485,1.39863,1.39865,4.12,3.00
2015.06.18 12:33:55.536,1.3986,1.39865,1.09,3.41
2015.06.18 12:33:55.637,1.39854,1.39864,3.04,1.16
2015.06.18 12:33:56.289,1.39854,1.39866,3.75,2.25
2015.06.18 12:33:56.340,1.39857,1.39867,1.00,2.62
2015.06.18 12:33:56.645,1.39861,1.39869,1.00,1.50
2015.06.18 12:33:57.101,1.39865,1.39871,1.54,1.50
2015.06.18 12:33:57.156,1.39865,1.39874,1.50,1.12
2015.06.18 12:33:57.309,1.39868,1.39874,1.87,1.00
2015.06.18 12:33:57.412,1.3987,1.39879,1.00,2.62
2015.06.18 12:33:57.615,1.3987,1.39879,1.37,1.37
2015.06.18 12:33:57.987,1.39876,1.39882,1.00,1.00
2015.06.18 12:33:58.038,1.39876,1.3988,1.00,1.00
2015.06.18 12:33:58.089,1.39874,1.3988,1.50,1.00
2015.06.18 12:33:58.241,1.39873,1.39878,1.00,1.00
2015.06.18 12:33:58.497,1.39871,1.39878,1.12,1.37
2015.06.18 12:33:58.844,1.39873,1.39879,1.00,1.50
2015.06.18 12:33:58.946,1.39872,1.39883,1.00,1.50
2015.06.18 12:33:59.048,1.39874,1.39883,1.00,1.00
2015.06.18 12:33:59.352,1.39876,1.39884,1.00,1.00
2015.06.18 12:33:59.683,1.39881,1.39891,1.00,2.66
2015.06.18 12:33:59.837,1.39883,1.39891,1.00,1.87
2015.06.18 12:34:00.142,1.39888,1.39898,1.50,1.75
2015.06.18 12:34:00.193,1.39888,1.39898,1.00,1.50
2015.06.18 12:34:00.244,1.39888,1.39895,1.00,1.50
2015.06.18 12:34:00.556,1.39895,1.39896,1.05,1.12
2015.06.18 12:34:00.658,1.39895,1.39902,1.00,1.50
2015.06.18 12:34:01.064,1.39899,1.39902,1.00,1.50
2015.06.18 12:34:01.373,1.39895,1.39897,1.00,1.00
2015.06.18 12:34:01.425,1.39887,1.39895,1.50,2.29
2015.06.18 12:34:01.526,1.39887,1.39892,1.00,1.50
2015.06.18 12:34:01.831,1.39891,1.39895,1.00,1.00
2015.06.18 12:34:02.034,1.3989,1.39898,2.25,1.00
2015.06.18 12:34:02.314,1.3989,1.39898,1.87,1.00
2015.06.18 12:34:02.517,1.3989,1.39898,3.04,1.00
2015.06.18 12:34:02.618,1.39891,1.39898,3.04,1.00
2015.06.18 12:34:02.872,1.39901,1.39905,1.00,1.57
2015.06.18 12:34:03.118,1.39901,1.39908,1.50,1.87
2015.06.18 12:34:03.169,1.39897,1.39907,1.54,1.87
2015.06.18 12:34:03.322,1.39898,1.39902,1.00,1.00
2015.06.18 12:34:03.475,1.39896,1.39902,1.00,1.50
2015.06.18 12:34:03.728,1.39892,1.39902,2.66,1.87
2015.06.18 12:34:03.830,1.39892,1.399,1.37,1.50
2015.06.18 12:34:04.147,1.3989,1.39898,2.62,1.50
2015.06.18 12:34:04.351,1.39883,1.39893,1.25,1.50
2015.06.18 12:34:04.453,1.39881,1.3989,1.00,1.00
2015.06.18 12:34:04.811,1.39881,1.39888,1.00,1.50
2015.06.18 12:34:05.115,1.39878,1.39883,1.50,1.05
2015.06.18 12:34:05.421,1.3988,1.39885,1.50,1.05
2015.06.18 12:34:05.646,1.3988,1.39887,1.50,1.05
2015.06.18 12:34:05.849,1.39884,1.39885,1.00,1.00
2015.06.18 12:34:05.951,1.39884,1.39887,1.00,1.00
2015.06.18 12:34:06.003,1.39885,1.39888,1.09,1.00
2015.06.18 12:34:06.054,1.39885,1.39891,1.09,1.54
2015.06.18 12:34:06.507,1.39883,1.39889,1.00,1.50
2015.06.18 12:34:06.558,1.3988,1.39889,1.50,1.50
2015.06.18 12:34:07.493,1.39879,1.39888,2.25,1.00
2015.06.18 12:34:07.544,1.39879,1.39885,1.50,1.00
2015.06.18 12:34:07.596,1.39876,1.39885,1.57,1.09
2015.06.18 12:34:07.800,1.39873,1.39876,2.17,1.50
2015.06.18 12:34:07.852,1.3987,1.39871,8.25,2.62
2015.06.18 12:34:07.954,1.39863,1.39866,3.00,1.12
2015.06.18 12:34:08.266,1.39855,1.39861,1.09,1.00
2015.06.18 12:34:08.317,1.39855,1.39865,2.25,1.50
2015.06.18 12:34:08.368,1.39858,1.39863,1.50,1.00
2015.06.18 12:34:08.571,1.39856,1.39863,1.05,1.50
2015.06.18 12:34:08.724,1.39854,1.39864,2.25,3.04
2015.06.18 12:34:08.775,1.39854,1.3986,2.25,1.00
2015.06.18 12:34:08.879,1.39854,1.39862,1.50,1.00
2015.06.18 12:34:09.246,1.39857,1.39862,1.00,1.00
2015.06.18 12:34:09.348,1.39857,1.39864,1.00,1.50
2015.06.18 12:34:09.399,1.39855,1.39864,1.05,2.25
2015.06.18 12:34:09.755,1.39852,1.39862,3.04,1.50
2015.06.18 12:34:09.964,1.39854,1.39864,1.50,2.25
2015.06.18 12:34:10.268,1.39854,1.39862,3.00,1.00
2015.06.18 12:34:10.420,1.39854,1.39864,2.25,2.25
2015.06.18 12:34:10.724,1.39856,1.39864,1.00,1.50
2015.06.18 12:34:10.951,1.39857,1.39866,1.00,1.00
2015.06.18 12:34:11.053,1.39858,1.39868,1.00,3.00
2015.06.18 12:34:11.104,1.39863,1.39868,1.00,3.00
2015.06.18 12:34:11.359,1.39863,1.3987,1.00,1.12
2015.06.18 12:34:11.462,1.39861,1.39868,1.50,1.00
2015.06.18 12:34:11.564,1.39858,1.39868,1.54,2.25
2015.06.18 12:34:11.859,1.39858,1.39866,1.00,1.00
2015.06.18 12:34:12.164,1.39852,1.39861,1.09,1.00
2015.06.18 12:34:12.519,1.39851,1.39861,1.50,2.25
2015.06.18 12:34:12.879,1.39853,1.39862,1.50,1.00
2015.06.18 12:34:13.183,1.39849,1.39857,1.00,1.00
2015.06.18 12:34:13.651,1.39853,1.39857,1.00,1.00
2015.06.18 12:34:13.702,1.39853,1.3986,1.00,1.50
2015.06.18 12:34:13.804,1.39854,1.39863,2.29,1.00
2015.06.18 12:34:14.058,1.39854,1.39866,2.25,4.12
2015.06.18 12:34:14.470,1.39857,1.39866,1.00,1.37
2015.06.18 12:34:14.983,1.39857,1.39866,1.00,1.00
2015.06.18 12:34:15.142,1.39859,1.39869,1.00,2.25
2015.06.18 12:34:16.176,1.39859,1.39866,1.00,1.00
2015.06.18 12:34:16.429,1.39857,1.39866,1.00,1.00
2015.06.18 12:34:16.808,1.39858,1.39867,1.87,1.00
2015.06.18 12:34:17.314,1.39858,1.39868,1.87,2.25
2015.06.18 12:34:17.650,1.39859,1.39868,1.37,1.50
2015.06.18 12:34:18.056,1.39861,1.3987,1.75,1.00
2015.06.18 12:34:18.158,1.39864,1.39867,1.00,1.12
2015.06.18 12:34:18.568,1.39864,1.3987,1.00,1.00
2015.06.18 12:34:18.620,1.39864,1.39874,1.50,1.57
2015.06.18 12:34:18.773,1.39864,1.39869,1.50,1.00
2015.06.18 12:34:18.926,1.39861,1.39869,1.37,1.50
2015.06.18 12:34:19.129,1.39862,1.3987,1.37,1.50
2015.06.18 12:34:19.432,1.39869,1.39878,1.54,1.00
2015.06.18 12:34:19.585,1.39867,1.39875,1.87,1.00
2015.06.18 12:34:19.890,1.39871,1.39874,1.05,1.50
2015.06.18 12:34:20.393,1.39871,1.39873,1.05,1.00
2015.06.18 12:34:20.545,1.39871,1.39875,1.05,1.50
2015.06.18 12:34:20.748,1.3987,1.39872,1.00,1.00
2015.06.18 12:34:20.858,1.3987,1.39875,1.00,1.50
2015.06.18 12:34:21.010,1.39869,1.39871,1.00,1.00
2015.06.18 12:34:21.113,1.39867,1.39872,1.42,1.00
2015.06.18 12:34:21.320,1.39865,1.39871,3.37,2.62
2015.06.18 12:34:21.372,1.3986,1.39862,1.50,1.00
2015.06.18 12:34:21.524,1.3986,1.39863,1.50,1.00
2015.06.18 12:34:21.778,1.39861,1.39866,1.00,1.50
2015.06.18 12:34:21.829,1.39864,1.39866,1.00,1.00
2015.06.18 12:34:21.880,1.39864,1.3987,1.00,2.25
2015.06.18 12:34:21.931,1.39866,1.3987,1.00,1.00
2015.06.18 12:34:22.137,1.39864,1.39872,1.09,1.00
2015.06.18 12:34:22.347,1.39867,1.39873,1.00,1.00
2015.06.18 12:34:22.651,1.39862,1.39868,1.00,1.00
2015.06.18 12:34:22.703,1.3986,1.39868,1.50,1.00
2015.06.18 12:34:23.224,1.3986,1.39869,1.50,1.00
2015.06.18 12:34:23.427,1.3986,1.39867,1.50,1.50
2015.06.18 12:34:23.529,1.39858,1.39867,1.54,2.25
2015.06.18 12:34:23.889,1.39858,1.39867,2.66,1.00
2015.06.18 12:34:24.141,1.39861,1.3987,1.87,1.00
2015.06.18 12:34:24.399,1.39862,1.39871,3.37,1.12
2015.06.18 12:34:24.753,1.39862,1.39871,2.25,1.50
2015.06.18 12:34:24.805,1.3986,1.39869,1.15,1.00
2015.06.18 12:34:25.338,1.39859,1.39869,1.00,1.57
2015.06.18 12:34:25.440,1.39857,1.39867,1.50,1.00
2015.06.18 12:34:25.846,1.39858,1.39869,1.50,1.00
2015.06.18 12:34:26.209,1.39858,1.39864,1.54,1.00
2015.06.18 12:34:26.730,1.39857,1.39865,1.00,1.00
2015.06.18 12:34:27.258,1.39857,1.39866,1.00,1.00
2015.06.18 12:34:27.562,1.39859,1.39867,1.00,1.50
2015.06.18 12:34:27.916,1.39859,1.39869,2.62,3.04
2015.06.18 12:34:27.967,1.39859,1.39869,2.70,2.25
2015.06.18 12:34:28.278,1.39865,1.39873,1.50,1.50
2015.06.18 12:34:28.583,1.39873,1.39875,1.00,2.25
2015.06.18 12:34:28.888,1.39879,1.39886,1.42,1.00
2015.06.18 12:34:28.939,1.39879,1.3989,1.91,1.50
2015.06.18 12:34:29.364,1.39883,1.39892,2.62,1.50
2015.06.18 12:34:29.467,1.39883,1.39892,1.00,1.50
2015.06.18 12:34:29.518,1.39885,1.39893,1.50,2.25
2015.06.18 12:34:29.825,1.39883,1.39892,1.00,3.07
2015.06.18 12:34:30.158,1.39889,1.39897,1.87,3.00
2015.06.18 12:34:30.462,1.39884,1.3989,2.25,1.00
2015.06.18 12:34:30.779,1.39881,1.39889,2.29,1.00
2015.06.18 12:34:31.033,1.39882,1.39892,1.00,2.25
2015.06.18 12:34:31.236,1.39881,1.39886,1.54,1.05
2015.06.18 12:34:31.439,1.39874,1.39883,2.32,1.50
2015.06.18 12:34:31.541,1.39871,1.39875,1.65,7.50
2015.06.18 12:34:31.702,1.39871,1.39876,1.57,1.00
2015.06.18 12:34:31.753,1.39872,1.39876,1.12,1.00
2015.06.18 12:34:32.108,1.39871,1.39874,1.12,1.00
2015.06.18 12:34:32.209,1.39869,1.39874,2.62,1.00
2015.06.18 12:34:32.311,1.39867,1.39872,1.37,1.00
2015.06.18 12:34:32.859,1.39865,1.39872,1.87,1.50
2015.06.18 12:34:33.011,1.39865,1.39872,1.87,1.50
2015.06.18 12:34:33.523,1.39866,1.39872,1.37,1.50
2015.06.18 12:34:33.732,1.39866,1.39875,1.37,1.54
2015.06.18 12:34:34.217,1.39866,1.39875,1.37,1.54
2015.06.18 12:34:34.318,1.39866,1.39875,1.37,1.05
2015.06.18 12:34:34.420,1.39866,1.39875,1.12,1.54
2015.06.18 12:34:34.622,1.39866,1.39872,1.00,1.00
2015.06.18 12:34:34.946,1.3986,1.39868,1.87,1.00
2015.06.18 12:34:35.466,1.3986,1.39869,1.12,1.00
2015.06.18 12:34:35.805,1.3986,1.39866,4.12,1.00
2015.06.18 12:34:36.110,1.39856,1.39859,3.37,1.00
2015.06.18 12:34:36.212,1.39856,1.39861,3.37,1.00
2015.06.18 12:34:36.741,1.39856,1.3986,2.62,1.00
2015.06.18 12:34:36.944,1.39855,1.3986,2.70,1.00
2015.06.18 12:34:37.046,1.39857,1.3986,1.00,1.00
2015.06.18 12:34:37.527,1.39857,1.39863,1.00,2.25
2015.06.18 12:34:37.628,1.39857,1.3986,1.87,1.37
2015.06.18 12:34:37.826,1.39861,1.39863,1.00,1.00
2015.06.18 12:34:38.082,1.39861,1.39865,1.00,1.05
2015.06.18 12:34:38.184,1.39857,1.39859,2.25,1.00
2015.06.18 12:34:38.235,1.39857,1.39858,1.00,1.00
2015.06.18 12:34:38.287,1.39855,1.39857,1.20,1.00
2015.06.18 12:34:38.389,1.39855,1.39858,1.10,1.00
2015.06.18 12:34:38.491,1.39856,1.3986,1.00,1.00
2015.06.18 12:34:38.696,1.39856,1.39862,1.00,1.00
2015.06.18 12:34:38.747,1.39854,1.39862,3.07,1.00
2015.06.18 12:34:39.253,1.39855,1.39861,1.10,1.00
2015.06.18 12:34:39.678,1.39858,1.39862,1.00,1.00
2015.06.18 12:34:39.781,1.3986,1.39867,1.00,2.62
2015.06.18 12:34:39.984,1.3986,1.39864,1.00,1.00
2015.06.18 12:34:40.089,1.3986,1.39867,1.00,1.91
2015.06.18 12:34:40.140,1.39862,1.39867,1.00,1.50
2015.06.18 12:34:40.503,1.39867,1.39869,1.50,1.00
2015.06.18 12:34:40.555,1.39876,1.39877,1.00,1.00
2015.06.18 12:34:40.606,1.39876,1.3988,1.00,1.00
2015.06.18 12:34:40.914,1.39876,1.39882,1.00,2.29
2015.06.18 12:34:41.221,1.39874,1.39877,1.09,1.00
2015.06.18 12:34:41.522,1.39867,1.39872,2.25,1.50
2015.06.18 12:34:41.573,1.39867,1.39868,1.05,1.00
2015.06.18 12:34:41.675,1.39862,1.39865,1.71,1.50
2015.06.18 12:34:41.777,1.39862,1.39866,1.05,1.87
2015.06.18 12:34:41.879,1.39862,1.39866,1.00,2.25
2015.06.18 12:34:42.031,1.3986,1.39865,2.29,1.95
2015.06.18 12:34:42.373,1.39869,1.39871,2.50,3.07
2015.06.18 12:34:42.479,1.39874,1.39881,1.00,1.50
2015.06.18 12:34:42.631,1.39875,1.39883,1.50,1.50
2015.06.18 12:34:42.885,1.39875,1.3988,1.50,1.00
2015.06.18 12:34:43.911,1.39875,1.39882,1.50,1.50
2015.06.18 12:34:44.063,1.39877,1.39881,1.00,1.00
2015.06.18 12:34:44.426,1.39873,1.39878,1.54,1.00
2015.06.18 12:34:45.186,1.39873,1.39878,1.57,1.00
2015.06.18 12:34:45.339,1.39873,1.3988,1.57,1.00
2015.06.18 12:34:45.732,1.39873,1.39878,1.57,1.00
2015.06.18 12:34:46.187,1.39871,1.39877,1.50,3.00
2015.06.18 12:34:46.492,1.3986,1.39864,1.50,1.00
2015.06.18 12:34:46.774,1.39859,1.39862,1.00,1.00
2015.06.18 12:34:47.280,1.39859,1.39865,1.00,1.75
2015.06.18 12:34:47.584,1.39861,1.39869,1.00,1.87
2015.06.18 12:34:47.762,1.39864,1.39869,1.50,1.00
2015.06.18 12:34:47.814,1.39868,1.39875,1.00,1.87
2015.06.18 12:34:47.865,1.39868,1.39875,1.00,1.12
2015.06.18 12:34:47.968,1.3987,1.39877,1.00,1.00
2015.06.18 12:34:48.301,1.39873,1.39881,1.00,1.37
2015.06.18 12:34:48.634,1.39868,1.39875,1.00,1.00
2015.06.18 12:34:48.735,1.39866,1.39875,2.25,1.00
2015.06.18 12:34:48.939,1.39867,1.39877,1.54,1.00
2015.06.18 12:34:49.142,1.39868,1.39878,1.09,1.00
2015.06.18 12:34:49.451,1.39872,1.3988,1.50,1.00
2015.06.18 12:34:49.654,1.39872,1.39882,1.50,3.00
2015.06.18 12:34:50.365,1.39872,1.39882,1.50,3.37
2015.06.18 12:34:50.912,1.39872,1.3988,1.91,1.00
2015.06.18 12:34:51.116,1.39875,1.3988,1.75,1.00
2015.06.18 12:34:51.268,1.3988,1.39886,1.42,1.00
2015.06.18 12:34:51.370,1.3988,1.39888,1.37,1.37
2015.06.18 12:34:51.706,1.39871,1.39877,1.87,1.12
2015.06.18 12:34:51.808,1.39867,1.39876,3.37,1.37
2015.06.18 12:34:52.011,1.39862,1.39873,1.91,6.37
2015.06.18 12:34:52.164,1.3986,1.39867,2.32,1.05
2015.06.18 12:34:52.370,1.39865,1.39867,1.00,2.25
2015.06.18 12:34:52.422,1.39866,1.39869,1.50,1.12
2015.06.18 12:34:52.473,1.39868,1.39871,1.12,1.05
2015.06.18 12:34:52.626,1.39869,1.39878,1.09,3.00
2015.06.18 12:34:52.729,1.39868,1.39874,1.50,1.12
2015.06.18 12:34:52.882,1.39866,1.39875,1.84,1.12
2015.06.18 12:34:53.212,1.39871,1.39877,1.00,1.16
2015.06.18 12:34:53.517,1.39871,1.39872,1.00,1.00
2015.06.18 12:34:53.669,1.39871,1.39876,1.00,1.05
2015.06.18 12:34:53.720,1.39869,1.39875,1.00,1.50
2015.06.18 12:34:54.039,1.39864,1.39866,3.75,1.00
2015.06.18 12:34:54.090,1.39862,1.39868,1.50,1.54
2015.06.18 12:34:54.242,1.3986,1.39868,1.50,1.05
2015.06.18 12:34:54.394,1.3986,1.39866,1.50,1.00
2015.06.18 12:34:54.699,1.39864,1.3987,1.00,5.25
2015.06.18 12:34:54.750,1.39864,1.3987,1.50,1.50
2015.06.18 12:34:54.958,1.39866,1.39875,1.05,3.75
2015.06.18 12:34:55.011,1.39868,1.39875,1.00,1.00
2015.06.18 12:34:55.113,1.39868,1.3987,1.50,1.00
2015.06.18 12:34:55.419,1.39861,1.39863,1.57,1.00
2015.06.18 12:34:55.786,1.3986,1.39864,1.50,1.05
2015.06.18 12:34:55.841,1.3986,1.39864,1.00,1.00
2015.06.18 12:34:56.044,1.39862,1.39865,1.00,1.05
2015.06.18 12:34:56.298,1.3986,1.3987,1.50,2.62
2015.06.18 12:34:56.350,1.39862,1.3987,1.00,1.16
2015.06.18 12:34:56.452,1.39864,1.39871,1.00,1.37
2015.06.18 12:34:56.762,1.3987,1.39875,1.05,1.09
2015.06.18 12:34:56.864,1.39869,1.39878,1.00,1.05
2015.06.18 12:34:57.068,1.39871,1.39878,1.00,1.05
2015.06.18 12:34:57.220,1.39869,1.39879,1.50,2.70
2015.06.18 12:34:57.271,1.39871,1.39879,1.00,1.91
2015.06.18 12:34:57.636,1.39873,1.39882,1.50,1.37
2015.06.18 12:34:57.788,1.39873,1.39883,1.50,1.91
2015.06.18 12:34:57.839,1.39873,1.39883,1.50,2.29
2015.06.18 12:34:57.941,1.39873,1.39883,1.50,1.87
2015.06.18 12:34:57.993,1.39877,1.39883,1.00,1.87
2015.06.18 12:34:58.094,1.39873,1.39883,1.50,1.50
2015.06.18 12:34:58.145,1.39875,1.39883,1.00,1.00
2015.06.18 12:34:58.558,1.39873,1.3988,1.12,1.37
2015.06.18 12:34:58.865,1.39868,1.39877,2.62,1.37
2015.06.18 12:34:58.916,1.39868,1.39877,1.87,1.37
2015.06.18 12:34:59.628,1.39869,1.39878,1.05,1.87
2015.06.18 12:34:59.831,1.39866,1.39874,1.12,1.50
2015.06.18 12:35:00.338,1.39867,1.39874,1.54,1.00
2015.06.18 12:35:00.626,1.39867,1.3987,1.05,1.37
2015.06.18 12:35:00.937,1.39858,1.3986,1.00,1.00
2015.06.18 12:35:00.988,1.39858,1.39866,1.00,1.87
2015.06.18 12:35:01.040,1.39858,1.39866,1.00,1.00
2015.06.18 12:35:01.091,1.39861,1.39866,1.00,1.00
2015.06.18 12:35:01.506,1.39861,1.39862,1.05,1.00
2015.06.18 12:35:01.557,1.3986,1.39862,1.00,1.00
2015.06.18 12:35:01.709,1.3986,1.39865,1.00,1.09
2015.06.18 12:35:01.862,1.3986,1.39866,1.00,2.29
2015.06.18 12:35:02.216,1.3986,1.39863,1.00,1.00
2015.06.18 12:35:02.485,1.39858,1.39865,1.50,1.50
2015.06.18 12:35:02.790,1.39858,1.39867,1.50,1.50
2015.06.18 12:35:03.102,1.39858,1.39865,1.50,1.50
2015.06.18 12:35:03.205,1.39858,1.39867,1.50,1.50
2015.06.18 12:35:03.511,1.3986,1.39865,1.00,1.05
2015.06.18 12:35:03.815,1.39858,1.39863,1.00,1.05
2015.06.18 12:35:04.121,1.39858,1.39861,1.00,1.37
2015.06.18 12:35:04.402,1.39856,1.39861,1.50,1.87
2015.06.18 12:35:04.985,1.39856,1.39859,1.50,1.50
2015.06.18 12:35:05.599,1.39856,1.39862,1.50,1.37
2015.06.18 12:35:05.700,1.39856,1.39863,1.50,1.00
2015.06.18 12:35:05.802,1.39856,1.39862,1.54,1.09
2015.06.18 12:35:05.903,1.39856,1.39864,1.54,1.57
2015.06.18 12:35:06.055,1.39858,1.39864,1.00,1.00
2015.06.18 12:35:06.107,1.39858,1.39868,1.00,2.25
2015.06.18 12:35:06.259,1.39858,1.39865,1.05,1.00
2015.06.18 12:35:06.564,1.39858,1.39863,1.00,1.87
2015.06.18 12:35:06.615,1.39856,1.3986,1.00,1.12
2015.06.18 12:35:06.768,1.39851,1.39859,3.37,1.95
2015.06.18 12:35:06.819,1.39851,1.39855,1.16,1.00
2015.06.18 12:35:06.920,1.39847,1.39855,3.37,1.00
2015.06.18 12:35:07.488,1.39847,1.39855,1.50,1.05
2015.06.18 12:35:07.692,1.3985,1.39857,1.00,1.87
2015.06.18 12:35:07.999,1.39842,1.39844,1.05,1.05
2015.06.18 12:35:08.326,1.39844,1.39848,1.05,1.00
2015.06.18 12:35:08.377,1.39844,1.3985,1.05,1.54
2015.06.18 12:35:08.530,1.39842,1.3985,1.05,1.50
2015.06.18 12:35:09.093,1.3984,1.3985,3.00,1.50
2015.06.18 12:35:10.004,1.39839,1.39843,1.50,1.57
2015.06.18 12:35:10.339,1.39834,1.3984,1.00,1.54
2015.06.18 12:35:10.391,1.3983,1.3984,1.00,1.54
2015.06.18 12:35:10.442,1.3983,1.39839,1.00,1.87
2015.06.18 12:35:10.646,1.3983,1.3984,1.00,2.62
2015.06.18 12:35:11.168,1.3983,1.39839,1.00,1.05
2015.06.18 12:35:11.371,1.39835,1.39839,1.37,1.00
2015.06.18 12:35:11.428,1.39835,1.39845,1.87,1.75
2015.06.18 12:35:12.323,1.39843,1.39845,1.00,1.00
2015.06.18 12:35:12.374,1.39843,1.39847,1.00,1.00
2015.06.18 12:35:12.425,1.39845,1.39847,1.00,1.00
2015.06.18 12:35:12.527,1.39845,1.39854,1.54,1.09
2015.06.18 12:35:12.578,1.39846,1.39855,1.05,3.04
2015.06.18 12:35:12.732,1.39849,1.39854,1.00,1.00
2015.06.18 12:35:12.884,1.39843,1.39852,1.05,1.50
2015.06.18 12:35:13.114,1.39846,1.39852,1.00,1.00
2015.06.18 12:35:13.270,1.39849,1.39857,1.50,1.00
2015.06.18 12:35:13.373,1.39849,1.39859,2.32,1.87
2015.06.18 12:35:13.475,1.39851,1.39861,1.50,1.00
2015.06.18 12:35:13.678,1.39852,1.39861,1.37,1.00
2015.06.18 12:35:14.362,1.39852,1.3986,1.37,1.00
2015.06.18 12:35:14.864,1.39852,1.39861,1.12,1.50
2015.06.18 12:35:15.190,1.39859,1.3986,1.00,1.00
2015.06.18 12:35:15.344,1.39863,1.39869,1.50,1.37
2015.06.18 12:35:16.707,1.39863,1.39872,1.50,1.87
2015.06.18 12:35:17.351,1.39863,1.39872,2.25,1.00
2015.06.18 12:35:17.453,1.39863,1.39871,1.50,1.37
2015.06.18 12:35:17.555,1.39863,1.39871,1.50,1.87
2015.06.18 12:35:17.656,1.39863,1.3987,1.50,1.07
2015.06.18 12:35:17.758,1.39863,1.3987,1.50,1.50
2015.06.18 12:35:17.909,1.3986,1.39866,1.05,1.00
2015.06.18 12:35:18.280,1.39858,1.39866,2.62,1.00
2015.06.18 12:35:18.331,1.39861,1.39868,1.50,1.87
2015.06.18 12:35:18.635,1.39868,1.39873,1.00,3.86
2015.06.18 12:35:18.686,1.39868,1.39876,1.50,1.00
2015.06.18 12:35:18.788,1.39868,1.39872,1.50,1.00
2015.06.18 12:35:19.344,1.39864,1.39872,1.87,1.00
2015.06.18 12:35:19.658,1.39863,1.3987,1.87,1.37
2015.06.18 12:35:19.709,1.39863,1.3987,1.87,1.00
2015.06.18 12:35:19.862,1.39868,1.39874,1.00,1.57
2015.06.18 12:35:20.207,1.39866,1.39875,2.62,1.50
2015.06.18 12:35:20.258,1.39866,1.39869,2.62,1.00
2015.06.18 12:35:20.361,1.39866,1.39873,1.87,1.00
2015.06.18 12:35:20.463,1.39871,1.39875,1.00,1.00
2015.06.18 12:35:20.668,1.39871,1.39878,1.00,1.00
2015.06.18 12:35:20.869,1.3987,1.39875,1.54,1.50
2015.06.18 12:35:21.021,1.39864,1.39871,1.00,1.50
2015.06.18 12:35:21.072,1.39864,1.39866,1.00,1.00
2015.06.18 12:35:21.226,1.39861,1.39865,1.95,1.00
2015.06.18 12:35:21.328,1.39858,1.39866,1.91,1.05
2015.06.18 12:35:21.430,1.39858,1.39864,1.00,1.00
2015.06.18 12:35:21.719,1.39861,1.39869,1.00,1.12
2015.06.18 12:35:21.770,1.39864,1.3987,1.00,1.87
2015.06.18 12:35:22.075,1.39868,1.39877,2.25,1.05
2015.06.18 12:35:22.126,1.39872,1.39877,1.00,1.00
2015.06.18 12:35:22.278,1.39874,1.39884,1.00,1.95
2015.06.18 12:35:22.480,1.39876,1.39884,1.00,1.37
2015.06.18 12:35:22.784,1.39869,1.39876,1.75,1.50
2015.06.18 12:35:22.835,1.39867,1.39876,1.50,3.00
2015.06.18 12:35:23.461,1.39869,1.39876,1.00,1.50
2015.06.18 12:35:23.768,1.39875,1.39884,1.50,1.57
2015.06.18 12:35:23.870,1.39877,1.39884,1.00,1.00
2015.06.18 12:35:24.454,1.39877,1.39881,1.00,1.00
2015.06.18 12:35:24.556,1.39872,1.39877,1.05,1.00
2015.06.18 12:35:24.658,1.3987,1.39877,1.00,1.50
2015.06.18 12:35:24.810,1.3987,1.39875,1.00,1.00
2015.06.18 12:35:25.115,1.39862,1.39869,6.00,1.00
2015.06.18 12:35:25.364,1.39862,1.39868,1.00,1.12
2015.06.18 12:35:25.618,1.39864,1.39872,1.00,1.87
2015.06.18 12:35:25.822,1.39865,1.39875,1.09,1.57
2015.06.18 12:35:25.875,1.39865,1.39872,1.50,1.00
2015.06.18 12:35:26.285,1.39866,1.39875,1.50,1.00
2015.06.18 12:35:26.539,1.39868,1.39876,1.00,1.05
2015.06.18 12:35:26.844,1.3987,1.39879,1.00,1.54
2015.06.18 12:35:27.242,1.39873,1.39879,1.00,1.00
2015.06.18 12:35:27.546,1.3988,1.39889,1.00,1.37
2015.06.18 12:35:27.698,1.39882,1.39889,1.00,1.00
2015.06.18 12:35:27.750,1.39882,1.39891,1.50,1.05
2015.06.18 12:35:28.393,1.39883,1.39891,1.00,1.00
2015.06.18 12:35:28.596,1.39882,1.39888,1.00,1.00
2015.06.18 12:35:28.648,1.3988,1.39888,1.00,1.87
2015.06.18 12:35:28.700,1.3988,1.39886,1.00,1.00
2015.06.18 12:35:29.303,1.39877,1.39881,1.00,1.95
2015.06.18 12:35:29.456,1.3987,1.39878,1.00,1.00
2015.06.18 12:35:29.709,1.39873,1.39878,1.00,1.37
2015.06.18 12:35:29.862,1.39876,1.39881,1.00,1.00
2015.06.18 12:35:29.913,1.39874,1.39881,2.25,1.00
2015.06.18 12:35:29.965,1.39874,1.39883,1.50,1.50
2015.06.18 12:35:30.253,1.39873,1.39881,1.87,1.00
2015.06.18 12:35:30.558,1.39873,1.39875,1.87,1.54
2015.06.18 12:35:30.660,1.39869,1.39872,1.12,1.00
2015.06.18 12:35:30.711,1.39869,1.39874,1.12,1.00
2015.06.18 12:35:31.119,1.39869,1.39876,1.00,1.05
2015.06.18 12:35:31.171,1.39871,1.39879,2.25,1.37
2015.06.18 12:35:31.475,1.39877,1.39884,1.91,1.10
2015.06.18 12:35:31.780,1.39879,1.39887,1.50,1.95
2015.06.18 12:35:31.997,1.39879,1.39887,1.00,1.00
2015.06.18 12:35:32.303,1.39881,1.39888,1.00,1.00
2015.06.18 12:35:32.609,1.39888,1.39891,3.00,1.00
2015.06.18 12:35:32.660,1.39888,1.39894,3.00,1.00
2015.06.18 12:35:32.876,1.39885,1.39891,1.37,1.00
2015.06.18 12:35:33.080,1.39877,1.39882,1.12,1.05
2015.06.18 12:35:33.182,1.39875,1.39883,1.00,1.00
2015.06.18 12:35:33.284,1.39875,1.39882,1.37,1.00
2015.06.18 12:35:33.748,1.39875,1.39884,1.72,1.50
2015.06.18 12:35:33.900,1.39878,1.39886,1.35,1.00
2015.06.18 12:35:34.621,1.39878,1.39886,1.60,1.00
2015.06.18 12:35:34.824,1.39878,1.39884,1.00,1.00
2015.06.18 12:35:35.129,1.39877,1.3988,1.30,1.50
2015.06.18 12:35:35.544,1.39869,1.39876,2.25,1.00
2015.06.18 12:35:35.595,1.39869,1.39878,2.25,1.05
2015.06.18 12:35:36.000,1.3987,1.39877,1.00,1.37
2015.06.18 12:35:36.412,1.39874,1.39876,1.00,1.50
2015.06.18 12:35:36.463,1.39874,1.3988,1.00,1.09
2015.06.18 12:35:36.515,1.3987,1.39876,4.57,1.00
2015.06.18 12:35:36.823,1.39863,1.39866,2.25,1.00
2015.06.18 12:35:36.924,1.39861,1.39866,1.95,1.00
2015.06.18 12:35:37.278,1.39858,1.39866,1.50,1.00
2015.06.18 12:35:37.330,1.39857,1.39863,1.00,1.00
2015.06.18 12:35:37.634,1.39855,1.39861,1.72,1.00
2015.06.18 12:35:37.685,1.39855,1.39864,1.72,1.54
2015.06.18 12:35:37.889,1.39861,1.39866,1.00,1.00
2015.06.18 12:35:38.196,1.39865,1.39868,1.00,1.05
2015.06.18 12:35:38.247,1.39866,1.39871,1.05,1.00
2015.06.18 12:35:38.451,1.39864,1.39871,1.00,1.00
2015.06.18 12:35:38.755,1.39864,1.39872,2.10,2.32
2015.06.18 12:35:39.111,1.39864,1.39874,1.00,1.00
2015.06.18 12:35:39.313,1.39868,1.39874,1.00,1.05
2015.06.18 12:35:39.617,1.3987,1.39875,1.00,1.00
2015.06.18 12:35:39.978,1.3987,1.39873,1.50,1.00
2015.06.18 12:35:40.132,1.39864,1.39872,1.00,1.00
2015.06.18 12:35:40.183,1.39863,1.3987,1.20,1.00
2015.06.18 12:35:40.488,1.3986,1.39864,2.02,1.00
2015.06.18 12:35:40.539,1.3986,1.39864,1.20,2.25
2015.06.18 12:35:40.692,1.39855,1.39863,1.91,1.00
2015.06.18 12:35:41.528,1.39856,1.39863,1.60,1.00
2015.06.18 12:35:41.579,1.39856,1.39865,1.60,1.54
2015.06.18 12:35:41.827,1.39859,1.39869,1.00,2.62
2015.06.18 12:35:41.979,1.3986,1.39869,1.87,1.12
2015.06.18 12:35:42.081,1.39862,1.39869,1.87,1.00
2015.06.18 12:35:42.182,1.39864,1.39873,1.00,4.50
2015.06.18 12:35:42.233,1.39865,1.39873,1.00,3.00
2015.06.18 12:35:42.335,1.39866,1.39875,1.00,1.50
2015.06.18 12:35:42.437,1.39867,1.39873,1.00,1.00
2015.06.18 12:35:42.751,1.39863,1.3987,1.50,2.62
2015.06.18 12:35:42.903,1.3986,1.39869,1.05,2.62
2015.06.18 12:35:43.055,1.39859,1.39866,1.00,1.00
2015.06.18 12:35:45.038,1.39859,1.39868,1.00,1.87
2015.06.18 12:35:45.700,1.39859,1.39869,1.50,2.25
2015.06.18 12:35:46.131,1.39862,1.39869,1.50,1.00
2015.06.18 12:35:46.284,1.39864,1.39873,2.25,1.12
2015.06.18 12:35:46.386,1.39866,1.39875,1.00,3.00
2015.06.18 12:35:46.740,1.39866,1.39875,1.00,1.05
2015.06.18 12:35:46.942,1.39868,1.39875,1.87,1.00
2015.06.18 12:35:47.246,1.3987,1.39879,1.37,2.47
2015.06.18 12:35:47.550,1.39874,1.39879,1.00,1.72
2015.06.18 12:35:48.096,1.39873,1.39877,1.00,1.30
2015.06.18 12:35:48.400,1.39876,1.39879,1.00,1.37
2015.06.18 12:35:48.450,1.39877,1.39879,1.00,1.00
2015.06.18 12:35:48.602,1.39876,1.39882,1.05,1.00
2015.06.18 12:35:48.754,1.3988,1.39884,1.00,1.37
2015.06.18 12:35:48.978,1.3988,1.39889,1.50,3.41
2015.06.18 12:35:49.352,1.3988,1.39889,2.25,1.00
2015.06.18 12:35:49.402,1.39882,1.39888,1.00,1.00
2015.06.18 12:35:49.555,1.39883,1.3989,1.00,1.00
2015.06.18 12:35:49.905,1.39883,1.39888,1.00,1.00
2015.06.18 12:35:50.007,1.39883,1.3989,1.00,1.00
2015.06.18 12:35:50.463,1.39887,1.39891,1.00,1.00
2015.06.18 12:35:50.717,1.3989,1.39896,1.50,1.00
2015.06.18 12:35:50.768,1.39891,1.39899,1.12,1.87
2015.06.18 12:35:50.819,1.39891,1.39893,1.12,1.00
2015.06.18 12:35:50.973,1.39886,1.39892,2.25,1.37
2015.06.18 12:35:51.075,1.39887,1.39895,1.00,1.54
2015.06.18 12:35:51.586,1.39887,1.39896,1.00,1.00
2015.06.18 12:35:51.739,1.39888,1.39898,1.50,3.04
2015.06.18 12:35:52.044,1.39894,1.39898,1.00,1.00
2015.06.18 12:35:52.299,1.39894,1.39904,2.25,1.50
2015.06.18 12:35:52.513,1.39894,1.39902,1.50,1.00
2015.06.18 12:35:52.565,1.39892,1.39901,2.29,1.50
2015.06.18 12:35:52.616,1.39892,1.39898,1.05,1.00
2015.06.18 12:35:52.718,1.3989,1.39898,1.16,1.54
2015.06.18 12:35:53.231,1.39889,1.39897,3.37,1.50
2015.06.18 12:35:53.586,1.39889,1.39892,1.00,1.00
2015.06.18 12:35:53.890,1.39885,1.39894,1.00,1.42
2015.06.18 12:35:54.395,1.39884,1.39891,1.50,1.00
2015.06.18 12:35:54.644,1.39881,1.3989,1.00,1.50
2015.06.18 12:35:55.001,1.39882,1.39889,1.00,1.50
2015.06.18 12:35:55.102,1.3988,1.39886,1.00,1.12
2015.06.18 12:35:55.204,1.39878,1.39886,1.00,1.12
2015.06.18 12:35:55.521,1.39875,1.3988,1.12,1.00
2015.06.18 12:35:55.572,1.39872,1.3988,1.09,1.50
2015.06.18 12:35:55.674,1.39873,1.39883,1.00,1.54
2015.06.18 12:35:56.182,1.39873,1.39882,1.00,1.12
2015.06.18 12:35:56.397,1.39873,1.39877,1.00,1.12
2015.06.18 12:35:56.499,1.39868,1.39875,1.50,1.00
2015.06.18 12:35:56.753,1.39871,1.39876,1.00,1.00
2015.06.18 12:35:56.956,1.39875,1.39881,1.00,1.50
2015.06.18 12:35:57.162,1.39876,1.39884,1.00,1.00
2015.06.18 12:35:57.436,1.39879,1.39884,1.00,1.00
2015.06.18 12:35:57.487,1.39879,1.39887,1.00,1.54
2015.06.18 12:35:57.538,1.39881,1.39887,1.00,1.50
2015.06.18 12:35:57.640,1.39881,1.3989,1.00,1.00
2015.06.18 12:35:58.248,1.3988,1.39889,1.37,1.00
2015.06.18 12:35:58.752,1.3988,1.3989,1.00,2.29
2015.06.18 12:35:59.113,1.3988,1.3989,1.00,3.75
2015.06.18 12:35:59.418,1.39882,1.39888,1.00,1.05
2015.06.18 12:35:59.722,1.39886,1.39892,1.00,1.09
2015.06.18 12:35:59.773,1.39886,1.39894,1.05,1.05
2015.06.18 12:35:59.875,1.3989,1.39894,1.00,1.05
2015.06.18 12:36:00.442,1.39892,1.39894,1.00,1.50
2015.06.18 12:36:00.747,1.39894,1.39895,1.00,1.00
2015.06.18 12:36:00.849,1.39892,1.39895,1.00,1.00
2015.06.18 12:36:01.162,1.39894,1.39896,1.00,1.50
2015.06.18 12:36:01.367,1.39893,1.399,1.05,1.50
2015.06.18 12:36:01.418,1.39893,1.39901,1.00,1.12
2015.06.18 12:36:02.035,1.39892,1.39899,1.50,1.00
2015.06.18 12:36:02.289,1.3989,1.39899,1.00,1.50
2015.06.18 12:36:02.810,1.39889,1.39899,1.00,1.50
2015.06.18 12:36:02.962,1.39889,1.39897,1.00,1.00
2015.06.18 12:36:03.271,1.39882,1.39892,1.50,1.00
2015.06.18 12:36:03.625,1.39885,1.39893,1.00,1.00
2015.06.18 12:36:04.086,1.39885,1.39895,2.62,1.50
2015.06.18 12:36:04.526,1.39885,1.39893,1.00,1.50
2015.06.18 12:36:04.631,1.39883,1.39892,1.50,1.00
2015.06.18 12:36:05.177,1.39882,1.39891,1.00,2.29
2015.06.18 12:36:05.633,1.3988,1.3989,1.87,2.25
2015.06.18 12:36:06.269,1.3988,1.39889,1.12,1.00
2015.06.18 12:36:06.573,1.39878,1.39887,2.62,1.00
2015.06.18 12:36:06.826,1.39877,1.39887,1.10,1.00
2015.06.18 12:36:07.041,1.39875,1.39882,1.00,1.00
2015.06.18 12:36:07.347,1.39886,1.39892,2.14,1.09
2015.06.18 12:36:07.449,1.39887,1.39896,2.25,2.32
2015.06.18 12:36:07.501,1.39888,1.39897,1.00,1.00
2015.06.18 12:36:08.022,1.39888,1.39898,2.25,1.50
2015.06.18 12:36:08.543,1.39888,1.39898,2.62,2.25
2015.06.18 12:36:09.049,1.39888,1.39897,3.00,1.12
2015.06.18 12:36:09.403,1.39888,1.39897,1.50,1.50
2015.06.18 12:36:09.505,1.39888,1.39898,1.54,4.16
2015.06.18 12:36:09.556,1.39888,1.39897,1.54,1.37
2015.06.18 12:36:09.880,1.39891,1.399,2.32,1.91
2015.06.18 12:36:09.932,1.39892,1.39898,1.00,1.00
2015.06.18 12:36:10.439,1.3989,1.39898,2.25,1.05
2015.06.18 12:36:10.869,1.39895,1.399,1.37,1.50
2015.06.18 12:36:10.921,1.39897,1.39903,1.00,1.50
2015.06.18 12:36:11.023,1.39899,1.39907,1.00,1.50
2015.06.18 12:36:11.277,1.39899,1.39909,1.50,3.75
2015.06.18 12:36:11.803,1.39899,1.39909,1.50,4.39
2015.06.18 12:36:12.108,1.39897,1.39907,1.50,2.85
2015.06.18 12:36:12.784,1.39897,1.39907,1.50,2.10
2015.06.18 12:36:13.192,1.39904,1.39907,1.12,1.60
2015.06.18 12:36:13.243,1.39904,1.39909,1.12,2.10
2015.06.18 12:36:13.498,1.39903,1.39912,1.16,1.87
2015.06.18 12:36:13.852,1.39905,1.39915,1.00,1.42
2015.06.18 12:36:14.004,1.39905,1.39915,1.00,1.05
2015.06.18 12:36:14.409,1.39905,1.39913,1.00,1.00
2015.06.18 12:36:14.460,1.39903,1.39913,1.91,1.00
2015.06.18 12:36:15.016,1.39903,1.39913,1.91,1.00
2015.06.18 12:36:15.789,1.39903,1.39911,1.37,1.00
2015.06.18 12:36:16.100,1.39904,1.39913,1.57,1.05
2015.06.18 12:36:16.202,1.39905,1.39915,1.50,2.25
2015.06.18 12:36:16.706,1.39905,1.39912,1.50,1.00
2015.06.18 12:36:16.863,1.39902,1.39912,1.87,3.00
2015.06.18 12:36:16.965,1.39902,1.3991,1.87,1.00
2015.06.18 12:36:17.269,1.39902,1.39907,1.12,1.00
2015.06.18 12:36:17.881,1.39898,1.39902,1.37,1.00
2015.06.18 12:36:18.084,1.399,1.39903,1.54,1.00
2015.06.18 12:36:18.186,1.39899,1.39902,3.07,1.00
2015.06.18 12:36:18.700,1.399,1.39902,1.00,1.00
2015.06.18 12:36:18.852,1.399,1.39903,1.00,1.50
2015.06.18 12:36:18.904,1.39903,1.39905,1.00,1.09
2015.06.18 12:36:19.209,1.399,1.39906,3.75,1.05
2015.06.18 12:36:19.458,1.39898,1.39904,1.00,1.05
2015.06.18 12:36:19.529,1.39895,1.39904,1.00,1.54
2015.06.18 12:36:19.833,1.39899,1.39904,1.00,1.05
2015.06.18 12:36:20.137,1.39901,1.39909,2.62,1.09
2015.06.18 12:36:20.188,1.39901,1.39907,1.50,1.00
2015.06.18 12:36:20.481,1.39898,1.39907,3.75,1.00
2015.06.18 12:36:21.005,1.39898,1.39907,2.25,1.05
2015.06.18 12:36:21.924,1.39898,1.39905,1.50,1.00
2015.06.18 12:36:22.392,1.39891,1.39893,1.00,1.00
2015.06.18 12:36:22.596,1.3988,1.39885,1.87,1.37
2015.06.18 12:36:22.647,1.39878,1.39885,1.00,1.87
2015.06.18 12:36:22.748,1.39883,1.39885,1.50,1.50
2015.06.18 12:36:22.952,1.39898,1.399,1.00,1.05
2015.06.18 12:36:23.168,1.39898,1.39903,1.12,1.00
2015.06.18 12:36:23.219,1.39898,1.39905,1.12,1.00
2015.06.18 12:36:23.270,1.39901,1.39905,1.00,1.00
2015.06.18 12:36:23.321,1.39901,1.39908,1.00,1.57
2015.06.18 12:36:23.473,1.399,1.39909,1.00,1.54
2015.06.18 12:36:24.333,1.399,1.39905,1.50,1.12
2015.06.18 12:36:24.536,1.39897,1.39906,1.87,3.00
2015.06.18 12:36:25.860,1.39895,1.39904,1.87,1.57
2015.06.18 12:36:26.418,1.39893,1.39901,1.50,1.00
2015.06.18 12:36:26.827,1.39892,1.39901,1.00,1.50
2015.06.18 12:36:27.353,1.39891,1.39901,1.87,1.50
2015.06.18 12:36:28.031,1.39891,1.39899,1.87,1.00
2015.06.18 12:36:28.439,1.39891,1.39896,1.00,2.25
2015.06.18 12:36:28.744,1.39884,1.39891,1.50,1.00
2015.06.18 12:36:30.445,1.39882,1.3989,1.50,1.00
2015.06.18 12:36:30.954,1.39881,1.39889,1.87,1.00
2015.06.18 12:36:31.247,1.39881,1.39886,1.87,1.00
2015.06.18 12:36:31.399,1.39879,1.39885,1.05,1.00
2015.06.18 12:36:31.451,1.39876,1.39884,1.10,1.00
2015.06.18 12:36:31.552,1.39875,1.39882,1.35,1.00
2015.06.18 12:36:31.654,1.39875,1.39885,2.66,3.04
2015.06.18 12:36:31.756,1.39879,1.39885,1.54,1.00
2015.06.18 12:36:31.957,1.39881,1.3989,1.57,1.00
2015.06.18 12:36:32.109,1.39882,1.39892,1.54,1.00
2015.06.18 12:36:32.845,1.39883,1.39894,1.00,3.04
2015.06.18 12:36:33.160,1.39882,1.39894,3.37,3.00
2015.06.18 12:36:33.689,1.39883,1.39894,1.37,2.29
2015.06.18 12:36:34.202,1.39887,1.39894,1.50,1.05
2015.06.18 12:36:34.255,1.39887,1.39898,2.25,3.41
2015.06.18 12:36:34.764,1.39887,1.39897,1.50,1.37
2015.06.18 12:36:35.180,1.39884,1.3989,1.50,1.12
2015.06.18 12:36:35.487,1.39887,1.39895,1.50,2.25
2015.06.18 12:36:35.539,1.39887,1.39896,1.50,1.87
2015.06.18 12:36:35.742,1.3989,1.39896,1.00,1.87
2015.06.18 12:36:35.895,1.3989,1.39898,1.50,1.39
2015.06.18 12:36:36.110,1.39891,1.39897,1.09,1.00
2015.06.18 12:36:36.416,1.39889,1.39899,1.05,2.10
2015.06.18 12:36:36.468,1.39888,1.39899,1.57,2.10
2015.06.18 12:36:36.569,1.39888,1.39899,2.29,2.85
2015.06.18 12:36:36.671,1.3989,1.39899,1.00,2.85
2015.06.18 12:36:37.185,1.3989,1.39899,1.37,2.25
2015.06.18 12:36:37.489,1.39893,1.399,1.09,1.37
2015.06.18 12:36:38.184,1.39892,1.39896,1.57,1.00
2015.06.18 12:36:38.236,1.39892,1.39898,1.00,1.00
2015.06.18 12:36:38.288,1.39888,1.39898,2.32,1.00
2015.06.18 12:36:38.643,1.39892,1.39898,1.00,1.00
2015.06.18 12:36:39.090,1.39885,1.39894,1.10,1.05
2015.06.18 12:36:39.148,1.39885,1.39895,1.37,2.66
2015.06.18 12:36:39.250,1.39885,1.39895,1.00,2.29
2015.06.18 12:36:39.402,1.39883,1.39894,1.91,1.00
2015.06.18 12:36:39.706,1.39883,1.39893,1.50,1.87
2015.06.18 12:36:40.215,1.39883,1.39893,1.87,1.00
2015.06.18 12:36:40.519,1.39887,1.39895,1.37,1.54
2015.06.18 12:36:40.671,1.3989,1.39898,1.00,1.00
2015.06.18 12:36:41.591,1.3989,1.39898,1.42,1.00
2015.06.18 12:36:42.043,1.39897,1.39899,1.00,1.91
2015.06.18 12:36:42.321,1.399,1.39903,1.00,1.12
2015.06.18 12:36:42.373,1.39902,1.39903,1.00,1.05
2015.06.18 12:36:42.474,1.39901,1.39909,1.54,1.00
2015.06.18 12:36:42.981,1.399,1.39909,2.25,1.12
2015.06.18 12:36:43.134,1.39899,1.39903,1.00,1.00
2015.06.18 12:36:43.236,1.39896,1.39902,1.54,1.00
2015.06.18 12:36:43.546,1.39895,1.39904,1.05,1.50
2015.06.18 12:36:43.699,1.39895,1.399,1.00,1.00
2015.06.18 12:36:44.005,1.3989,1.39897,1.00,1.05
2015.06.18 12:36:44.277,1.39887,1.39896,3.00,1.00
2015.06.18 12:36:44.784,1.39887,1.39897,2.25,2.25
2015.06.18 12:36:44.994,1.39887,1.39895,1.50,1.00
2015.06.18 12:36:46.182,1.39887,1.39894,1.00,1.00
2015.06.18 12:36:46.233,1.39885,1.39894,1.00,1.50
2015.06.18 12:36:46.403,1.39887,1.39894,1.00,1.50
2015.06.18 12:36:46.709,1.39899,1.39905,1.37,1.00
2015.06.18 12:36:46.761,1.39898,1.39905,1.00,1.00
2015.06.18 12:36:46.813,1.39897,1.39905,1.12,1.50
2015.06.18 12:36:47.208,1.39899,1.3991,1.54,1.50
2015.06.18 12:36:47.715,1.39899,1.39911,2.25,2.25
2015.06.18 12:36:47.816,1.399,1.39911,1.00,3.00
2015.06.18 12:36:48.138,1.39893,1.39902,3.49,1.00
2015.06.18 12:36:48.189,1.39895,1.39903,1.00,2.25
2015.06.18 12:36:48.496,1.39893,1.39896,2.25,1.00
2015.06.18 12:36:49.750,1.39891,1.39893,1.05,1.00
2015.06.18 12:36:50.003,1.39893,1.39895,1.00,1.05
2015.06.18 12:36:50.309,1.39887,1.39889,10.12,2.50
2015.06.18 12:36:50.412,1.39886,1.39888,1.87,1.10
2015.06.18 12:36:50.464,1.39886,1.39888,1.37,1.00
2015.06.18 12:36:50.567,1.39887,1.3989,1.12,1.05
2015.06.18 12:36:50.669,1.39887,1.39889,2.62,1.00
2015.06.18 12:36:51.045,1.3988,1.39885,1.97,1.05
2015.06.18 12:36:51.552,1.39882,1.39885,2.47,1.50
2015.06.18 12:36:52.173,1.39884,1.39885,1.30,1.42
2015.06.18 12:36:52.683,1.39882,1.39884,1.30,1.00
2015.06.18 12:36:53.041,1.3988,1.39884,3.22,1.00
2015.06.18 12:36:53.093,1.39884,1.39887,2.85,1.50
2015.06.18 12:36:53.195,1.39888,1.3989,1.00,1.09
2015.06.18 12:36:53.385,1.39887,1.39891,1.00,2.25
2015.06.18 12:36:53.595,1.39886,1.39894,1.00,1.00
2015.06.18 12:36:53.697,1.39886,1.39896,1.57,1.50
2015.06.18 12:36:53.901,1.39888,1.39894,1.00,1.00
2015.06.18 12:36:54.406,1.39887,1.39893,2.25,1.05
2015.06.18 12:36:54.760,1.39887,1.39892,2.25,1.09
2015.06.18 12:36:55.013,1.39883,1.3989,1.87,1.00
2015.06.18 12:36:55.282,1.39881,1.39888,1.12,1.54
2015.06.18 12:36:55.383,1.39878,1.39886,2.62,1.00
2015.06.18 12:36:55.905,1.39878,1.39888,1.87,1.54
2015.06.18 12:36:56.007,1.39878,1.39886,3.22,1.00
2015.06.18 12:36:56.353,1.39879,1.39889,2.51,2.29
2015.06.18 12:36:57.111,1.39881,1.39891,3.00,1.00
2015.06.18 12:36:57.571,1.39881,1.39889,1.50,1.00
2015.06.18 12:36:57.876,1.39874,1.3988,1.37,1.50
2015.06.18 12:36:58.078,1.39872,1.39878,1.00,1.00
2015.06.18 12:36:58.130,1.39869,1.39878,2.25,1.00
2015.06.18 12:36:58.505,1.39871,1.39879,1.00,1.50
2015.06.18 12:36:58.810,1.39877,1.39887,1.50,1.05
2015.06.18 12:36:58.911,1.39879,1.39885,1.00,1.00
2015.06.18 12:36:59.114,1.39879,1.39887,1.00,1.00
2015.06.18 12:36:59.332,1.39877,1.39884,1.12,1.00
2015.06.18 12:36:59.535,1.39873,1.39881,1.10,1.00
2015.06.18 12:36:59.991,1.39872,1.39879,1.00,1.00
2015.06.18 12:37:00.419,1.39875,1.39883,1.87,1.00
2015.06.18 12:37:00.471,1.39875,1.39885,2.66,1.50
2015.06.18 12:37:00.523,1.39877,1.39885,1.00,1.00
2015.06.18 12:37:00.574,1.39877,1.39887,1.50,1.54
2015.06.18 12:37:01.006,1.39881,1.39887,1.12,1.50
2015.06.18 12:37:01.290,1.39882,1.39891,1.00,2.25
2015.06.18 12:37:01.341,1.39881,1.39891,1.50,2.29
2015.06.18 12:37:01.494,1.39881,1.39889,1.50,1.00
2015.06.18 12:37:02.726,1.39881,1.3989,1.50,2.25
2015.06.18 12:37:03.693,1.39881,1.39888,1.50,1.12
2015.06.18 12:37:03.898,1.39879,1.39888,1.00,1.87
2015.06.18 12:37:04.842,1.39879,1.39888,1.00,1.37
2015.06.18 12:37:04.994,1.39879,1.39889,1.00,3.41
2015.06.18 12:37:05.045,1.39884,1.39889,1.00,1.54
2015.06.18 12:37:05.351,1.39889,1.39897,2.25,1.87
2015.06.18 12:37:05.943,1.39885,1.39893,1.75,1.50
2015.06.18 12:37:06.097,1.39881,1.39891,1.57,2.25
2015.06.18 12:37:06.604,1.39882,1.39891,1.00,3.00
2015.06.18 12:37:07.123,1.39882,1.3989,1.00,1.12
2015.06.18 12:37:07.174,1.39882,1.3989,1.00,1.37
2015.06.18 12:37:07.680,1.39881,1.39889,1.00,3.00
2015.06.18 12:37:08.582,1.3988,1.39889,1.12,3.00
2015.06.18 12:37:09.224,1.39881,1.39887,1.00,1.12
2015.06.18 12:37:09.546,1.39884,1.39888,1.37,1.00
2015.06.18 12:37:09.597,1.39885,1.39894,1.57,1.50
2015.06.18 12:37:09.952,1.39883,1.39892,1.00,1.37
2015.06.18 12:37:10.255,1.39884,1.39892,1.42,1.87
2015.06.18 12:37:10.306,1.39884,1.39892,1.42,1.50
2015.06.18 12:37:10.357,1.39887,1.39892,1.00,1.00
2015.06.18 12:37:10.409,1.39887,1.39894,1.00,1.00
2015.06.18 12:37:10.934,1.39888,1.39897,1.12,1.37
2015.06.18 12:37:11.137,1.3989,1.39897,1.00,1.37
2015.06.18 12:37:11.292,1.39888,1.39896,1.00,1.12
2015.06.18 12:37:11.343,1.39886,1.39896,1.00,1.87
2015.06.18 12:37:11.445,1.39886,1.39893,1.00,1.00
2015.06.18 12:37:11.709,1.39887,1.39895,1.00,1.00
2015.06.18 12:37:12.271,1.39891,1.39895,1.20,1.12
2015.06.18 12:37:12.679,1.39896,1.39897,1.00,1.00
2015.06.18 12:37:13.186,1.39895,1.39901,1.00,1.87
2015.06.18 12:37:13.852,1.39894,1.39901,1.16,1.87
2015.06.18 12:37:14.166,1.39896,1.39901,1.20,1.87
2015.06.18 12:37:14.267,1.39895,1.39901,1.91,1.87
2015.06.18 12:37:14.571,1.39897,1.39901,1.00,2.62
2015.06.18 12:37:14.724,1.39891,1.39901,3.94,2.66
2015.06.18 12:37:15.105,1.39889,1.39893,1.46,1.00
2015.06.18 12:37:15.308,1.39887,1.3989,1.05,1.00
2015.06.18 12:37:15.410,1.39883,1.39893,1.00,3.75
2015.06.18 12:37:15.512,1.39885,1.39892,1.05,1.42
2015.06.18 12:37:15.613,1.39886,1.39894,1.57,1.16
2015.06.18 12:37:16.130,1.39887,1.39895,1.87,1.37
2015.06.18 12:37:16.637,1.3989,1.39895,1.00,1.00
2015.06.18 12:37:16.688,1.39886,1.39895,1.95,1.00
2015.06.18 12:37:16.877,1.39887,1.39894,1.05,1.37
2015.06.18 12:37:17.232,1.39887,1.39895,1.54,1.50
2015.06.18 12:37:18.055,1.39888,1.39896,1.12,1.00
2015.06.18 12:37:18.106,1.39891,1.39896,1.12,1.00
2015.06.18 12:37:18.309,1.39894,1.399,1.05,1.50
2015.06.18 12:37:18.411,1.39894,1.39902,1.54,2.25
2015.06.18 12:37:18.513,1.39894,1.39897,1.05,1.00
2015.06.18 12:37:18.667,1.3989,1.39897,1.50,1.05
2015.06.18 12:37:18.938,1.39887,1.39897,1.12,3.37
2015.06.18 12:37:19.143,1.39885,1.39894,2.32,1.50
2015.06.18 12:37:19.447,1.39885,1.39892,1.09,1.05
2015.06.18 12:37:19.657,1.39884,1.39892,3.04,1.05
2015.06.18 12:37:20.060,1.39884,1.3989,1.50,1.50
2015.06.18 12:37:20.365,1.39884,1.39888,1.50,1.00
2015.06.18 12:37:20.518,1.39881,1.39888,2.66,1.00
2015.06.18 12:37:20.671,1.39882,1.39887,1.87,2.25
2015.06.18 12:37:20.722,1.39884,1.3989,1.12,1.05
2015.06.18 12:37:20.979,1.39887,1.39893,3.04,1.00
2015.06.18 12:37:21.283,1.39892,1.39898,1.12,1.12
2015.06.18 12:37:21.637,1.39894,1.39902,1.00,1.50
2015.06.18 12:37:21.993,1.39896,1.39905,1.65,1.00
2015.06.18 12:37:22.297,1.39902,1.39909,1.95,1.50
2015.06.18 12:37:22.399,1.39905,1.39913,1.00,1.50
2015.06.18 12:37:22.602,1.39902,1.39913,2.25,2.51
2015.06.18 12:37:22.915,1.39902,1.39912,1.87,1.91
2015.06.18 12:37:23.068,1.39906,1.39913,1.00,1.50
2015.06.18 12:37:23.220,1.39909,1.39913,1.05,1.50
2015.06.18 12:37:23.526,1.39919,1.3992,1.00,1.00
2015.06.18 12:37:23.577,1.39919,1.39922,1.00,1.00
2015.06.18 12:37:23.773,1.39918,1.39925,1.20,1.00
2015.06.18 12:37:23.825,1.39922,1.39927,1.00,1.50
2015.06.18 12:37:24.028,1.39919,1.39929,1.91,1.37
2015.06.18 12:37:24.382,1.3992,1.3993,2.25,2.25
2015.06.18 12:37:24.597,1.39922,1.39931,1.00,1.12
2015.06.18 12:37:24.750,1.39926,1.39937,1.57,3.79
2015.06.18 12:37:25.056,1.39929,1.39937,1.00,1.00
2015.06.18 12:37:25.107,1.39929,1.39939,1.50,3.79
2015.06.18 12:37:25.623,1.39929,1.39939,1.57,2.62
2015.06.18 12:37:25.878,1.39935,1.39939,1.00,1.50
2015.06.18 12:37:26.031,1.39939,1.39942,1.00,1.09
2015.06.18 12:37:26.083,1.39939,1.39943,1.75,1.00
2015.06.18 12:37:26.134,1.39938,1.39945,1.12,2.62
2015.06.18 12:37:26.185,1.39935,1.39944,3.04,1.12
2015.06.18 12:37:26.400,1.39934,1.39943,1.95,1.00
2015.06.18 12:37:26.452,1.39935,1.39941,1.12,1.00
2015.06.18 12:37:26.808,1.39933,1.39943,1.87,1.05
2015.06.18 12:37:27.475,1.39933,1.39943,1.12,2.32
2015.06.18 12:37:27.577,1.39933,1.3994,1.12,1.00
2015.06.18 12:37:27.882,1.3993,1.39938,1.50,1.12
2015.06.18 12:37:28.600,1.39928,1.39938,1.57,1.37
2015.06.18 12:37:28.652,1.39927,1.39938,4.12,1.12
2015.06.18 12:37:29.160,1.39928,1.39938,1.76,1.37
2015.06.18 12:37:29.453,1.39928,1.39938,1.80,1.37
2015.06.18 12:37:29.802,1.39924,1.39932,1.87,1.00
2015.06.18 12:37:30.106,1.39925,1.39934,1.87,1.50
2015.06.18 12:37:31.081,1.39924,1.39934,3.04,2.62
2015.06.18 12:37:31.385,1.39923,1.39929,1.35,1.12
2015.06.18 12:37:31.487,1.39923,1.39927,1.35,1.00
2015.06.18 12:37:31.538,1.39924,1.39927,2.10,1.00
2015.06.18 12:37:31.902,1.39919,1.39924,1.05,1.00
2015.06.18 12:37:32.055,1.39918,1.39927,1.09,1.95
2015.06.18 12:37:32.106,1.39917,1.39924,1.50,1.00
2015.06.18 12:37:32.157,1.39917,1.39924,1.54,1.00
2015.06.18 12:37:32.411,1.3992,1.39924,1.00,1.00
2015.06.18 12:37:32.564,1.39919,1.39927,1.00,1.57
2015.06.18 12:37:32.615,1.39917,1.39927,4.65,1.57
2015.06.18 12:37:32.970,1.39917,1.39925,2.40,1.00
2015.06.18 12:37:33.645,1.3992,1.39928,1.91,1.50
2015.06.18 12:37:33.943,1.39924,1.3993,1.05,2.62
2015.06.18 12:37:34.196,1.39921,1.39928,1.42,1.00
2015.06.18 12:37:35.157,1.39924,1.39928,1.00,1.00
2015.06.18 12:37:35.460,1.39924,1.39928,1.37,1.00
2015.06.18 12:37:35.765,1.39929,1.39932,1.00,2.25
2015.06.18 12:37:35.817,1.39929,1.39932,1.00,1.00
2015.06.18 12:37:35.868,1.39927,1.39936,4.01,2.25
2015.06.18 12:37:36.022,1.39927,1.39936,4.76,1.00
2015.06.18 12:37:36.082,1.39931,1.39937,1.00,1.00
2015.06.18 12:37:36.611,1.3993,1.39937,1.50,1.00
2015.06.18 12:37:37.166,1.39931,1.39937,1.00,1.00
2015.06.18 12:37:38.115,1.3993,1.39937,1.16,1.00
2015.06.18 12:37:38.267,1.39927,1.39936,1.54,1.37
2015.06.18 12:37:38.502,1.39924,1.39932,2.62,1.00
2015.06.18 12:37:39.013,1.39924,1.39932,1.91,1.00
2015.06.18 12:37:39.611,1.39924,1.39932,1.16,1.12
2015.06.18 12:37:39.662,1.39924,1.39926,1.16,1.00
2015.06.18 12:37:39.764,1.39922,1.39925,1.00,1.00
2015.06.18 12:37:39.816,1.39921,1.39925,1.20,1.50
2015.06.18 12:37:39.919,1.39917,1.39924,1.00,1.95
2015.06.18 12:37:39.970,1.39913,1.39923,1.72,1.42
2015.06.18 12:37:40.225,1.39909,1.39917,2.10,1.00
2015.06.18 12:37:40.377,1.39909,1.39917,2.10,1.50
2015.06.18 12:37:40.921,1.39909,1.39917,2.10,1.50
2015.06.18 12:37:41.536,1.39911,1.39915,1.00,1.09
2015.06.18 12:37:41.638,1.39906,1.39913,1.12,2.70
2015.06.18 12:37:41.689,1.39906,1.39913,1.12,3.82
2015.06.18 12:37:41.792,1.39901,1.39908,3.15,1.05
2015.06.18 12:37:41.894,1.39901,1.39905,1.05,1.00
2015.06.18 12:37:42.410,1.39902,1.39905,1.00,1.00
2015.06.18 12:37:42.637,1.39902,1.39907,1.00,1.50
2015.06.18 12:37:42.891,1.39901,1.39907,1.00,1.87
2015.06.18 12:37:43.094,1.399,1.39907,1.37,1.50
2015.06.18 12:37:43.246,1.39901,1.39909,1.12,1.50
2015.06.18 12:37:43.297,1.39901,1.39909,1.37,1.00
2015.06.18 12:37:43.858,1.39902,1.39911,1.37,1.46
2015.06.18 12:37:44.163,1.3991,1.39915,1.00,1.12
2015.06.18 12:37:44.214,1.3991,1.39918,1.50,1.37
2015.06.18 12:37:44.738,1.3991,1.39918,2.10,1.00
2015.06.18 12:37:44.891,1.39917,1.3992,1.00,1.87
2015.06.18 12:37:45.196,1.3992,1.39928,1.91,1.87
2015.06.18 12:37:45.562,1.39922,1.39928,1.50,1.37
2015.06.18 12:37:45.718,1.39924,1.3993,1.09,1.37
2015.06.18 12:37:45.820,1.39925,1.39931,1.00,1.50
2015.06.18 12:37:45.871,1.39928,1.39933,1.35,1.91
2015.06.18 12:37:45.922,1.39932,1.39933,1.00,1.05
2015.06.18 12:37:46.024,1.39932,1.39936,1.00,1.00
2015.06.18 12:37:46.402,1.39933,1.39942,1.20,1.37
2015.06.18 12:37:47.248,1.39933,1.39943,1.57,1.50
2015.06.18 12:37:47.551,1.39935,1.39943,1.37,1.87
2015.06.18 12:37:48.399,1.39935,1.39941,1.37,1.00
2015.06.18 12:37:48.718,1.39932,1.39935,1.00,1.00
2015.06.18 12:37:48.769,1.39928,1.39935,1.50,1.87
2015.06.18 12:37:48.820,1.39928,1.39933,1.00,1.00
2015.06.18 12:37:48.871,1.39925,1.39932,3.37,1.00
2015.06.18 12:37:49.632,1.39925,1.39931,1.37,1.00
2015.06.18 12:37:49.885,1.39926,1.39933,1.00,1.50
2015.06.18 12:37:49.987,1.3993,1.39935,1.00,1.50
2015.06.18 12:37:50.090,1.39927,1.39937,1.87,2.25
2015.06.18 12:37:50.243,1.39927,1.39937,2.07,1.00
2015.06.18 12:37:50.710,1.39927,1.39937,1.37,1.00
2015.06.18 12:37:51.017,1.39926,1.39933,1.47,1.00
2015.06.18 12:37:51.372,1.39926,1.39935,1.87,1.50
2015.06.18 12:37:51.880,1.39928,1.39936,1.37,1.54
2015.06.18 12:37:52.185,1.39936,1.39943,1.12,1.50
2015.06.18 12:37:52.287,1.39938,1.39945,1.35,1.00
2015.06.18 12:37:52.845,1.3994,1.39945,1.37,1.00
2015.06.18 12:37:54.585,1.3994,1.39944,1.87,1.00
2015.06.18 12:37:54.688,1.39941,1.39943,1.37,1.00
2015.06.18 12:37:54.739,1.3994,1.39941,1.50,1.00
2015.06.18 12:37:54.841,1.39937,1.39941,1.00,1.00
2015.06.18 12:37:55.409,1.39935,1.39941,1.87,1.00
2015.06.18 12:37:55.989,1.39934,1.39943,1.87,2.70
2015.06.18 12:37:56.142,1.39934,1.39943,1.87,2.29
2015.06.18 12:37:56.475,1.39946,1.3995,1.12,3.00
2015.06.18 12:37:56.629,1.39949,1.39951,2.25,1.00
2015.06.18 12:37:56.731,1.39945,1.39953,1.87,1.05
2015.06.18 12:37:57.262,1.39943,1.39951,1.42,1.00
2015.06.18 12:37:57.467,1.39942,1.39949,1.00,1.60
2015.06.18 12:37:57.518,1.3994,1.39949,1.00,2.85
2015.06.18 12:37:57.621,1.39938,1.39948,1.54,2.85
2015.06.18 12:37:57.773,1.39938,1.39945,1.91,1.57
2015.06.18 12:37:58.116,1.39931,1.39939,1.87,1.50
2015.06.18 12:37:58.420,1.39933,1.39942,1.37,2.32
2015.06.18 12:37:58.674,1.39935,1.39943,1.00,1.00
2015.06.18 12:37:58.990,1.39942,1.39944,1.00,2.29
2015.06.18 12:37:59.092,1.39944,1.39949,1.00,2.29
2015.06.18 12:37:59.143,1.39946,1.3995,1.00,1.20
2015.06.18 12:37:59.346,1.3994,1.39948,1.87,1.05
2015.06.18 12:37:59.497,1.3994,1.39943,1.87,1.00
2015.06.18 12:37:59.600,1.3994,1.39944,1.37,1.09
2015.06.18 12:37:59.795,1.39939,1.39943,1.00,1.50
2015.06.18 12:37:59.848,1.39934,1.39939,1.95,1.00
2015.06.18 12:37:59.900,1.39934,1.39938,2.29,1.00
2015.06.18 12:38:00.003,1.39932,1.39933,1.00,1.00
2015.06.18 12:38:00.054,1.3993,1.39933,1.09,1.00
2015.06.18 12:38:00.208,1.39929,1.39933,1.50,1.00
2015.06.18 12:38:00.657,1.39921,1.39924,1.09,1.00
2015.06.18 12:38:00.758,1.39919,1.39922,1.50,1.00
2015.06.18 12:38:00.860,1.39915,1.39922,1.00,1.00
2015.06.18 12:38:01.214,1.39912,1.39916,1.37,1.00
2015.06.18 12:38:01.496,1.39909,1.39916,1.37,1.09
2015.06.18 12:38:01.547,1.39908,1.39915,1.42,1.57
2015.06.18 12:38:01.701,1.39912,1.39916,1.72,1.00
2015.06.18 12:38:02.007,1.39917,1.39918,1.00,1.00
2015.06.18 12:38:02.109,1.39909,1.39915,2.29,1.00
2015.06.18 12:38:02.309,1.39909,1.39912,1.00,1.00
2015.06.18 12:38:02.816,1.39908,1.39912,1.00,1.50
2015.06.18 12:38:04.090,1.39906,1.39912,1.75,1.00
2015.06.18 12:38:04.414,1.39917,1.39922,1.87,1.00
2015.06.18 12:38:04.466,1.39917,1.39925,1.87,1.50
2015.06.18 12:38:04.974,1.39917,1.39927,3.45,1.00
2015.06.18 12:38:05.314,1.39919,1.39928,1.37,1.00
2015.06.18 12:38:05.365,1.39921,1.3993,1.00,3.75
2015.06.18 12:38:05.416,1.39925,1.3993,1.00,3.00
2015.06.18 12:38:05.569,1.39931,1.39937,1.54,1.00
2015.06.18 12:38:05.670,1.39931,1.3994,2.62,1.50
2015.06.18 12:38:05.772,1.39933,1.3994,1.37,1.00
2015.06.18 12:38:06.293,1.39932,1.39941,3.11,1.00
2015.06.18 12:38:06.597,1.39934,1.39943,1.87,1.00
2015.06.18 12:38:06.648,1.39934,1.39943,1.87,1.00
2015.06.18 12:38:07.405,1.39946,1.39947,1.00,1.50
2015.06.18 12:38:07.456,1.39945,1.39951,1.00,1.00
2015.06.18 12:38:07.508,1.39946,1.39953,1.00,1.50
2015.06.18 12:38:07.611,1.39944,1.39952,1.00,1.00
2015.06.18 12:38:07.662,1.39942,1.39949,1.37,1.00
2015.06.18 12:38:08.232,1.39942,1.39947,1.00,1.00
2015.06.18 12:38:08.486,1.39939,1.39948,1.05,1.00
2015.06.18 12:38:08.537,1.39938,1.39946,1.05,1.00
2015.06.18 12:38:09.046,1.39939,1.39945,1.00,1.00
2015.06.18 12:38:09.553,1.39935,1.39944,1.37,1.50
2015.06.18 12:38:10.108,1.3994,1.39945,1.12,1.00
2015.06.18 12:38:10.160,1.39942,1.39949,1.05,1.50
2015.06.18 12:38:10.699,1.39941,1.39949,1.00,1.50
2015.06.18 12:38:10.851,1.39939,1.39945,1.00,1.00
2015.06.18 12:38:11.129,1.39935,1.39944,1.87,1.00
2015.06.18 12:38:11.637,1.39935,1.39944,1.50,1.00
2015.06.18 12:38:12.188,1.39935,1.39945,1.50,2.25
2015.06.18 12:38:12.239,1.39937,1.39945,1.00,2.25
2015.06.18 12:38:12.544,1.39939,1.39948,1.12,1.54
2015.06.18 12:38:12.748,1.39939,1.39946,1.00,1.00
2015.06.18 12:38:13.078,1.39939,1.39947,2.66,1.05
2015.06.18 12:38:13.181,1.3994,1.39949,1.87,1.00
2015.06.18 12:38:13.334,1.39942,1.39951,2.62,1.00
2015.06.18 12:38:13.981,1.39942,1.39951,3.41,1.00
2015.06.18 12:38:14.285,1.39947,1.39952,1.00,1.54
2015.06.18 12:38:14.589,1.39949,1.39954,2.25,1.50
2015.06.18 12:38:14.792,1.39951,1.39959,1.37,1.50
2015.06.18 12:38:15.315,1.39953,1.39959,1.00,1.37
2015.06.18 12:38:15.417,1.39953,1.39959,1.37,1.00
2015.06.18 12:38:15.522,1.39953,1.39961,1.37,1.00
2015.06.18 12:38:16.131,1.39953,1.39961,1.00,1.00
2015.06.18 12:38:16.387,1.39951,1.39961,2.25,1.37
2015.06.18 12:38:16.691,1.3995,1.3996,4.57,1.87
2015.06.18 12:38:17.372,1.39951,1.3996,1.16,1.87
2015.06.18 12:38:17.423,1.3995,1.3996,5.32,1.87
2015.06.18 12:38:17.524,1.39951,1.3996,1.91,1.87
2015.06.18 12:38:17.727,1.3995,1.3996,4.61,1.87
2015.06.18 12:38:18.438,1.3995,1.39958,3.00,1.37
2015.06.18 12:38:18.765,1.39951,1.39959,1.00,1.87
2015.06.18 12:38:19.283,1.39951,1.39959,1.12,1.00
2015.06.18 12:38:19.907,1.39951,1.3996,3.07,2.62
2015.06.18 12:38:20.261,1.39954,1.3996,1.00,1.50
2015.06.18 12:38:20.717,1.39952,1.3996,1.00,2.29
2015.06.18 12:38:20.930,1.3995,1.39958,1.00,1.00
2015.06.18 12:38:21.236,1.39945,1.39954,1.50,2.25
2015.06.18 12:38:22.028,1.39944,1.39952,3.37,1.12
2015.06.18 12:38:22.130,1.39944,1.39952,1.00,4.12
2015.06.18 12:38:22.181,1.39942,1.39949,1.00,1.00
2015.06.18 12:38:22.284,1.39939,1.39948,1.00,2.25
2015.06.18 12:38:22.387,1.39937,1.39946,1.50,1.00
2015.06.18 12:38:22.692,1.39933,1.3994,2.40,1.00
2015.06.18 12:38:23.051,1.39935,1.39944,1.12,3.00
2015.06.18 12:38:23.254,1.39939,1.39944,1.00,2.25
2015.06.18 12:38:23.558,1.39957,1.39958,2.85,1.05
2015.06.18 12:38:23.609,1.39959,1.39962,1.35,7.50
2015.06.18 12:38:23.661,1.39959,1.39963,2.10,3.75
2015.06.18 12:38:23.712,1.39959,1.39964,2.10,1.00
2015.06.18 12:38:23.974,1.39958,1.39967,2.14,1.54
2015.06.18 12:38:24.524,1.39958,1.39966,1.75,1.00
2015.06.18 12:38:24.625,1.39957,1.39963,1.00,1.00
2015.06.18 12:38:24.676,1.39952,1.39962,3.00,1.00
2015.06.18 12:38:24.856,1.39953,1.3996,2.05,1.50
2015.06.18 12:38:25.161,1.39955,1.39962,1.20,1.00
2015.06.18 12:38:25.364,1.39958,1.39962,1.00,1.00
2015.06.18 12:38:25.466,1.39956,1.39962,1.00,1.00
2015.06.18 12:38:25.619,1.39955,1.39964,1.12,1.54
2015.06.18 12:38:26.001,1.39954,1.39961,2.66,1.00
2015.06.18 12:38:26.309,1.39946,1.39952,2.25,1.00
2015.06.18 12:38:26.756,1.39946,1.39952,2.25,3.00
2015.06.18 12:38:27.065,1.39944,1.39947,1.12,1.00
2015.06.18 12:38:27.573,1.39943,1.39947,1.00,1.00
2015.06.18 12:38:27.850,1.39942,1.39949,3.00,1.00
2015.06.18 12:38:28.271,1.39942,1.39947,2.62,1.00
2015.06.18 12:38:28.777,1.3994,1.39947,2.47,1.00
2015.06.18 12:38:29.095,1.39939,1.39944,1.91,1.00
2015.06.18 12:38:29.399,1.39941,1.39946,1.00,1.37
2015.06.18 12:38:29.551,1.39937,1.39944,1.00,1.12
2015.06.18 12:38:29.602,1.39935,1.39944,2.62,1.12
2015.06.18 12:38:30.290,1.39936,1.39944,1.00,1.12
2015.06.18 12:38:31.415,1.39935,1.39944,1.35,1.16
2015.06.18 12:38:31.923,1.39936,1.39944,1.00,1.16
2015.06.18 12:38:32.161,1.39939,1.39945,1.00,1.00
2015.06.18 12:38:33.197,1.39937,1.39944,1.46,1.00
2015.06.18 12:38:33.662,1.39938,1.39944,1.37,1.00
2015.06.18 12:38:33.967,1.39938,1.39942,1.37,1.00
2015.06.18 12:38:34.119,1.39935,1.39937,3.00,1.00
2015.06.18 12:38:34.170,1.39933,1.39934,3.00,1.00
2015.06.18 12:38:34.272,1.39932,1.39934,1.16,1.00
2015.06.18 12:38:34.434,1.39931,1.39933,1.12,1.00
2015.06.18 12:38:34.485,1.39927,1.39932,1.37,1.00
2015.06.18 12:38:34.893,1.3993,1.39935,2.85,1.00
2015.06.18 12:38:34.944,1.39932,1.39938,1.72,2.25
2015.06.18 12:38:35.509,1.39933,1.3994,1.87,1.50
2015.06.18 12:38:38.083,1.39935,1.39942,1.87,1.12
2015.06.18 12:38:39.294,1.39935,1.39939,1.87,1.00
2015.06.18 12:38:39.446,1.39934,1.3994,1.00,1.54
2015.06.18 12:38:39.953,1.39931,1.39939,1.75,1.00
2015.06.18 12:38:40.530,1.39931,1.3994,3.26,1.00
2015.06.18 12:38:40.733,1.39934,1.39944,1.54,1.57
2015.06.18 12:38:40.935,1.39933,1.39939,1.95,1.00
2015.06.18 12:38:41.505,1.39933,1.39939,1.16,1.00
2015.06.18 12:38:41.834,1.39932,1.39937,1.12,1.00
2015.06.18 12:38:41.935,1.39931,1.39934,1.37,1.00
2015.06.18 12:38:42.138,1.39925,1.39932,1.87,1.50
2015.06.18 12:38:42.683,1.39925,1.39931,1.46,1.00
2015.06.18 12:38:43.504,1.39925,1.39934,1.95,1.54
2015.06.18 12:38:44.036,1.39925,1.39934,1.46,1.54
2015.06.18 12:38:44.340,1.39926,1.3993,1.97,1.50
2015.06.18 12:38:44.441,1.39926,1.39932,1.97,1.50
2015.06.18 12:38:44.695,1.39926,1.39929,1.97,1.00
2015.06.18 12:38:44.749,1.39924,1.39929,3.30,1.00
2015.06.18 12:38:44.800,1.39924,1.39929,1.42,1.00
2015.06.18 12:38:45.156,1.39927,1.39932,1.01,1.00
2015.06.18 12:38:45.208,1.39926,1.39932,2.55,1.00
2015.06.18 12:38:45.461,1.39926,1.39932,1.67,1.00
2015.06.18 12:38:46.550,1.39926,1.39933,1.39,1.54
2015.06.18 12:38:46.855,1.39926,1.3993,1.72,1.00
2015.06.18 12:38:47.167,1.3992,1.39926,5.62,1.00
2015.06.18 12:38:47.218,1.3992,1.39926,1.05,1.00
2015.06.18 12:38:47.269,1.3992,1.39921,1.05,1.00
2015.06.18 12:38:47.320,1.39915,1.39919,1.00,1.00
2015.06.18 12:38:47.372,1.39914,1.39916,1.00,1.00
2015.06.18 12:38:47.678,1.39908,1.3991,1.00,1.00
2015.06.18 12:38:48.184,1.39904,1.39908,2.25,1.00
2015.06.18 12:38:48.494,1.39901,1.39902,2.62,1.50
2015.06.18 12:38:48.546,1.399,1.39902,3.79,1.00
2015.06.18 12:38:49.053,1.399,1.39901,4.76,1.05
2015.06.18 12:38:49.256,1.39902,1.39904,3.97,1.00
2015.06.18 12:38:49.921,1.399,1.39903,2.25,1.50
2015.06.18 12:38:50.333,1.39902,1.39904,3.00,1.42
2015.06.18 12:38:50.384,1.39904,1.39905,3.00,1.00
2015.06.18 12:38:50.689,1.39905,1.39907,2.25,1.50
2015.06.18 12:38:51.044,1.39899,1.39907,2.66,1.50
2015.06.18 12:38:51.251,1.39899,1.39905,2.25,1.87
2015.06.18 12:38:51.556,1.39895,1.39899,2.25,1.87
2015.06.18 12:38:52.063,1.39895,1.39896,2.25,1.50
2015.06.18 12:38:52.326,1.3989,1.39895,1.50,1.00
2015.06.18 12:38:52.377,1.3989,1.39895,1.12,1.05
2015.06.18 12:38:52.529,1.39893,1.39894,1.00,1.00
2015.06.18 12:38:52.783,1.39892,1.39897,1.39,1.00
2015.06.18 12:38:52.936,1.3989,1.39894,1.54,1.00
2015.06.18 12:38:53.038,1.39889,1.39894,1.05,1.00
2015.06.18 12:38:53.560,1.3989,1.39894,1.87,1.00
2015.06.18 12:38:53.814,1.39888,1.39894,1.27,1.00
2015.06.18 12:38:53.865,1.39888,1.39891,1.20,1.00
2015.06.18 12:38:54.168,1.39884,1.39886,2.25,1.50
2015.06.18 12:38:54.371,1.3988,1.39886,2.47,1.50
2015.06.18 12:38:54.573,1.3988,1.39884,1.72,1.00
2015.06.18 12:38:54.895,1.39881,1.39885,2.10,1.50
2015.06.18 12:38:55.676,1.3988,1.39884,1.12,1.00
2015.06.18 12:38:55.879,1.39878,1.39881,1.37,1.00
2015.06.18 12:38:56.861,1.39877,1.3988,1.50,1.05
2015.06.18 12:38:57.523,1.39877,1.39882,2.70,1.00
2015.06.18 12:38:58.043,1.39877,1.39882,2.70,1.00
2015.06.18 12:38:58.094,1.39877,1.39884,3.30,1.09
2015.06.18 12:38:58.398,1.39879,1.39885,1.12,1.00
2015.06.18 12:38:58.449,1.3988,1.39885,1.16,1.05
2015.06.18 12:38:58.673,1.39883,1.39889,1.47,1.54
2015.06.18 12:38:58.775,1.39882,1.39891,2.27,1.50
2015.06.18 12:38:58.878,1.39882,1.39891,1.72,1.87
2015.06.18 12:38:59.080,1.39882,1.39889,1.72,1.50
2015.06.18 12:38:59.435,1.39881,1.39885,1.57,1.00
2015.06.18 12:38:59.650,1.39882,1.39887,1.12,1.00
2015.06.18 12:38:59.853,1.3988,1.39887,2.77,1.05
2015.06.18 12:39:00.308,1.3988,1.39887,1.80,1.05
2015.06.18 12:39:00.736,1.39879,1.39888,5.25,1.50
2015.06.18 12:39:01.248,1.39879,1.39887,1.12,1.00
2015.06.18 12:39:01.554,1.3988,1.39883,1.30,1.00
2015.06.18 12:39:01.656,1.39879,1.39883,1.37,1.00
2015.06.18 12:39:01.866,1.39879,1.39883,1.00,1.12
2015.06.18 12:39:01.917,1.39876,1.39883,1.50,1.12
2015.06.18 12:39:02.143,1.39875,1.3988,4.35,1.00
2015.06.18 12:39:02.346,1.39876,1.39883,4.35,1.12
2015.06.18 12:39:02.650,1.39877,1.39881,1.00,1.00
2015.06.18 12:39:03.157,1.39876,1.39882,1.12,1.00
2015.06.18 12:39:03.694,1.39876,1.39879,1.91,1.00
2015.06.18 12:39:04.255,1.39873,1.39877,1.54,1.05
2015.06.18 12:39:04.458,1.39873,1.3988,1.54,1.20
2015.06.18 12:39:04.509,1.39875,1.39881,1.00,1.95
2015.06.18 12:39:05.144,1.39873,1.39881,1.09,1.37
2015.06.18 12:39:05.398,1.39872,1.39879,1.16,1.00
2015.06.18 12:39:05.904,1.39871,1.39879,4.01,1.00
2015.06.18 12:39:05.955,1.39875,1.39879,1.00,1.00
2015.06.18 12:39:06.261,1.39875,1.39879,1.87,1.00
2015.06.18 12:39:06.312,1.39876,1.39882,1.87,1.09
2015.06.18 12:39:06.414,1.39879,1.39886,1.00,1.95
2015.06.18 12:39:06.618,1.39879,1.39882,1.00,1.00
2015.06.18 12:39:06.923,1.39876,1.3988,1.00,1.09
2015.06.18 12:39:07.323,1.39871,1.39879,3.45,1.09
2015.06.18 12:39:07.629,1.39874,1.3988,1.00,1.09
2015.06.18 12:39:08.526,1.39872,1.39879,1.54,1.00
2015.06.18 12:39:08.937,1.39875,1.39881,1.00,1.00
2015.06.18 12:39:09.328,1.39881,1.39889,1.50,1.57
2015.06.18 12:39:09.380,1.39881,1.39888,2.25,1.37
2015.06.18 12:39:09.588,1.39883,1.39891,1.50,3.37
2015.06.18 12:39:09.895,1.39879,1.39885,2.25,1.00
2015.06.18 12:39:09.946,1.39879,1.39887,1.00,2.25
2015.06.18 12:39:10.049,1.39879,1.39885,1.00,1.00
2015.06.18 12:39:10.372,1.39881,1.39885,1.00,1.00
2015.06.18 12:39:10.678,1.39891,1.39893,1.00,1.00
2015.06.18 12:39:10.779,1.39891,1.39895,1.00,1.50
2015.06.18 12:39:10.881,1.39891,1.39897,1.00,2.25
2015.06.18 12:39:10.983,1.39895,1.39898,1.50,2.29
2015.06.18 12:39:11.085,1.39895,1.399,1.00,1.50
2015.06.18 12:39:11.352,1.39898,1.39901,1.00,1.00
2015.06.18 12:39:11.504,1.39898,1.39904,1.00,1.00
2015.06.18 12:39:11.808,1.39898,1.39906,1.00,2.25
2015.06.18 12:39:11.909,1.39898,1.39904,1.00,1.00
2015.06.18 12:39:12.421,1.39899,1.39906,1.00,1.87
2015.06.18 12:39:12.725,1.39902,1.39905,1.00,1.00
2015.06.18 12:39:12.776,1.399,1.39906,1.12,1.00
2015.06.18 12:39:13.339,1.399,1.39906,1.50,2.25
2015.06.18 12:39:13.390,1.39904,1.39907,1.97,1.54
2015.06.18 12:39:13.492,1.39906,1.3991,1.12,2.25
2015.06.18 12:39:13.543,1.39906,1.3991,1.50,1.00
2015.06.18 12:39:13.594,1.39908,1.39914,1.00,1.75
2015.06.18 12:39:13.646,1.39908,1.39914,1.00,1.00
2015.06.18 12:39:13.798,1.39908,1.39911,1.00,1.00
2015.06.18 12:39:14.000,1.39905,1.3991,1.37,1.00
2015.06.18 12:39:14.051,1.39905,1.3991,1.87,1.00
2015.06.18 12:39:14.280,1.39905,1.39912,1.87,1.00
2015.06.18 12:39:14.435,1.39902,1.3991,1.47,2.25
2015.06.18 12:39:15.460,1.39902,1.39912,3.60,1.54
2015.06.18 12:39:15.967,1.3991,1.39917,1.12,1.95
2015.06.18 12:39:16.018,1.3991,1.39917,1.12,1.57
2015.06.18 12:39:16.120,1.3991,1.39917,1.87,1.37
2015.06.18 12:39:16.564,1.39911,1.39919,1.20,1.87
2015.06.18 12:39:16.668,1.3991,1.39915,1.09,2.25
2015.06.18 12:39:16.922,1.39896,1.39904,1.00,1.00
2015.06.18 12:39:17.117,1.39894,1.39898,1.37,1.00
2015.06.18 12:39:17.219,1.39892,1.399,2.10,1.00
2015.06.18 12:39:17.422,1.39891,1.39896,3.00,1.00
2015.06.18 12:39:17.574,1.39898,1.399,1.00,1.05
2015.06.18 12:39:17.675,1.39892,1.399,2.47,1.00
2015.06.18 12:39:17.878,1.39893,1.39902,3.00,2.29
2015.06.18 12:39:18.222,1.39894,1.399,2.29,1.00
2015.06.18 12:39:18.527,1.3989,1.39897,2.10,1.00
2015.06.18 12:39:19.145,1.3989,1.39896,2.10,1.00
2015.06.18 12:39:19.196,1.3989,1.39898,1.97,1.00
2015.06.18 12:39:19.653,1.39892,1.39898,1.87,1.00
2015.06.18 12:39:20.177,1.39892,1.39899,1.87,1.50
2015.06.18 12:39:20.380,1.39895,1.39902,1.50,1.50
2015.06.18 12:39:20.886,1.39898,1.39903,1.05,1.00
2015.06.18 12:39:21.187,1.39897,1.39903,1.80,1.00
2015.06.18 12:39:21.491,1.39897,1.39905,2.10,1.00
2015.06.18 12:39:21.847,1.39897,1.39902,1.72,1.00
2015.06.18 12:39:22.218,1.39895,1.399,2.47,1.00
2015.06.18 12:39:22.320,1.39894,1.39897,1.50,1.87
2015.06.18 12:39:22.371,1.39892,1.39893,1.00,1.00
2015.06.18 12:39:22.676,1.39879,1.39883,1.50,1.00
2015.06.18 12:39:22.828,1.3988,1.39887,1.37,1.00
2015.06.18 12:39:23.051,1.39885,1.39893,1.54,2.25
2015.06.18 12:39:23.102,1.39886,1.39893,1.87,1.50
2015.06.18 12:39:23.153,1.39886,1.39893,2.66,1.00
2015.06.18 12:39:23.507,1.39887,1.39896,1.37,1.00
2015.06.18 12:39:23.861,1.39887,1.3989,1.37,1.00
2015.06.18 12:39:24.052,1.39886,1.39892,1.37,1.00
2015.06.18 12:39:24.103,1.39884,1.3989,1.87,1.00
2015.06.18 12:39:24.155,1.39885,1.39894,3.00,1.50
2015.06.18 12:39:24.206,1.39887,1.39894,1.37,1.00
2015.06.18 12:39:24.257,1.39888,1.39895,1.50,1.05
2015.06.18 12:39:24.411,1.39888,1.39897,2.10,2.25
2015.06.18 12:39:24.564,1.39889,1.39895,1.37,1.50
2015.06.18 12:39:24.666,1.39888,1.39897,2.25,1.54
2015.06.18 12:39:24.717,1.39888,1.39897,2.25,1.50
2015.06.18 12:39:25.025,1.39896,1.39905,1.12,2.66
2015.06.18 12:39:25.076,1.39895,1.39902,1.87,1.00
2015.06.18 12:39:25.229,1.39894,1.39902,1.16,1.07
2015.06.18 12:39:25.432,1.39896,1.39903,1.00,1.50
2015.06.18 12:39:25.534,1.39893,1.39902,1.95,1.00
2015.06.18 12:39:26.050,1.39891,1.399,1.75,1.00
2015.06.18 12:39:27.063,1.3989,1.39898,2.32,1.00
2015.06.18 12:39:27.114,1.3989,1.39898,2.25,1.00
2015.06.18 12:39:27.266,1.39888,1.39895,1.50,1.00
2015.06.18 12:39:27.468,1.39886,1.39895,2.25,1.54
2015.06.18 12:39:27.570,1.39886,1.39893,2.25,1.00
2015.06.18 12:39:27.671,1.39885,1.39893,2.29,1.00
2015.06.18 12:39:27.722,1.39885,1.39889,2.25,1.00
2015.06.18 12:39:28.235,1.39878,1.39888,2.10,1.05
2015.06.18 12:39:28.489,1.39886,1.39892,1.00,1.00
2015.06.18 12:39:28.540,1.3989,1.39892,1.00,1.00
2015.06.18 12:39:28.591,1.3989,1.39895,1.12,1.50
2015.06.18 12:39:28.692,1.39894,1.39897,1.00,1.00
2015.06.18 12:39:28.794,1.39896,1.39901,1.50,1.29
2015.06.18 12:39:29.008,1.39895,1.39898,1.12,1.00
2015.06.18 12:39:29.112,1.39893,1.39898,1.12,1.00
2015.06.18 12:39:29.568,1.39889,1.39899,2.51,1.50
2015.06.18 12:39:30.090,1.39891,1.39898,1.67,1.00
2015.06.18 12:39:30.193,1.39891,1.39901,5.14,1.50
2015.06.18 12:39:30.496,1.39891,1.39899,1.46,1.00
2015.06.18 12:39:31.424,1.39891,1.39899,1.95,1.00
2015.06.18 12:39:31.526,1.39891,1.39899,1.46,1.00
2015.06.18 12:39:31.627,1.39891,1.39899,1.50,1.00
2015.06.18 12:39:31.779,1.39891,1.39897,1.50,1.00
2015.06.18 12:39:32.285,1.39889,1.39897,1.35,1.50
2015.06.18 12:39:32.882,1.39889,1.39894,1.75,1.00
2015.06.18 12:39:33.186,1.39891,1.39896,1.35,1.00
2015.06.18 12:39:34.487,1.39892,1.39896,1.16,1.00
2015.06.18 12:39:34.588,1.39891,1.39895,2.92,1.00
2015.06.18 12:39:34.690,1.39891,1.39894,1.46,1.50
2015.06.18 12:39:34.870,1.39886,1.39892,1.00,1.50
2015.06.18 12:39:34.923,1.39883,1.3989,1.37,1.00
2015.06.18 12:39:35.329,1.39881,1.39889,2.14,1.00
2015.06.18 12:39:35.684,1.39883,1.3989,1.75,2.25
2015.06.18 12:39:35.994,1.39882,1.39888,1.42,1.50
2015.06.18 12:39:36.198,1.39882,1.39887,1.05,1.00
2015.06.18 12:39:36.706,1.39879,1.39888,2.14,1.00
2015.06.18 12:39:37.041,1.39882,1.39889,1.60,1.00
2015.06.18 12:39:37.346,1.3989,1.39897,3.37,1.37
2015.06.18 12:39:37.852,1.39893,1.39899,1.50,1.37
2015.06.18 12:39:37.903,1.39893,1.39899,1.50,1.37
2015.06.18 12:39:38.855,1.39893,1.39899,1.50,1.37
2015.06.18 12:39:39.473,1.39893,1.39899,1.50,1.37
2015.06.18 12:39:40.012,1.39895,1.39899,1.00,1.37
2015.06.18 12:39:40.518,1.39893,1.39899,1.09,1.87
2015.06.18 12:39:41.093,1.39893,1.39897,1.00,1.12
2015.06.18 12:39:41.507,1.39893,1.399,1.87,1.87
2015.06.18 12:39:42.053,1.39892,1.39899,1.91,1.37
2015.06.18 12:39:42.104,1.39893,1.39899,1.87,1.37
2015.06.18 12:39:42.625,1.39892,1.39901,2.70,2.62
2015.06.18 12:39:43.175,1.39894,1.39901,1.12,2.62
2015.06.18 12:39:43.587,1.39892,1.39897,1.37,1.00
2015.06.18 12:39:43.638,1.39891,1.39896,1.50,1.12
2015.06.18 12:39:43.740,1.39888,1.39895,2.29,1.00
2015.06.18 12:39:43.893,1.39886,1.39893,2.70,1.50
2015.06.18 12:39:44.433,1.39886,1.39893,1.05,1.50
2015.06.18 12:39:44.484,1.39885,1.39891,1.09,1.00
2015.06.18 12:39:44.637,1.39882,1.39889,1.09,1.00
2015.06.18 12:39:44.739,1.39881,1.39887,1.12,1.12
2015.06.18 12:39:45.044,1.39877,1.39885,2.62,1.00
2015.06.18 12:39:45.358,1.39879,1.39884,1.67,1.50
2015.06.18 12:39:45.511,1.39883,1.39886,1.00,1.00
2015.06.18 12:39:45.562,1.39886,1.39887,1.00,1.10
2015.06.18 12:39:45.613,1.39886,1.39888,1.00,1.12
2015.06.18 12:39:45.816,1.39886,1.39888,2.10,1.00
2015.06.18 12:39:46.084,1.39885,1.39888,1.12,1.00
2015.06.18 12:39:46.188,1.39881,1.39884,3.60,1.00
2015.06.18 12:39:46.239,1.3988,1.39883,1.00,1.00
2015.06.18 12:39:46.342,1.39876,1.39883,1.00,1.00
2015.06.18 12:39:46.393,1.39876,1.39881,1.37,1.00
2015.06.18 12:39:46.700,1.39878,1.39883,1.00,1.12
2015.06.18 12:39:46.753,1.39882,1.39883,1.05,1.12
2015.06.18 12:39:46.970,1.39882,1.39889,1.00,2.62
2015.06.18 12:39:47.071,1.39879,1.39888,1.87,1.20
2015.06.18 12:39:47.122,1.39879,1.39885,1.37,1.00
2015.06.18 12:39:47.628,1.39877,1.39885,1.37,1.87
2015.06.18 12:39:48.037,1.39876,1.39882,2.51,1.00
2015.06.18 12:39:49.348,1.39876,1.39884,3.26,1.00
2015.06.18 12:39:50.798,1.39879,1.39885,1.12,1.12
2015.06.18 12:39:51.102,1.39884,1.39885,1.00,1.00
2015.06.18 12:39:51.204,1.39885,1.39889,1.50,1.37
2015.06.18 12:39:51.306,1.39887,1.39891,1.60,1.50
2015.06.18 12:39:51.610,1.39885,1.39891,2.85,1.50
2015.06.18 12:39:52.134,1.39885,1.39891,2.89,1.50
2015.06.18 12:39:52.235,1.39889,1.39891,1.00,1.50
2015.06.18 12:39:52.488,1.3989,1.39894,1.50,2.25
2015.06.18 12:39:52.591,1.39891,1.39896,1.00,1.12
2015.06.18 12:39:52.643,1.39893,1.39897,1.00,1.12
2015.06.18 12:39:52.953,1.39895,1.39899,1.00,1.37
2015.06.18 12:39:53.469,1.39894,1.39897,1.54,1.12
2015.06.18 12:39:54.002,1.39895,1.39897,1.00,1.00
2015.06.18 12:39:54.543,1.39894,1.399,1.00,2.25
2015.06.18 12:39:54.955,1.39894,1.39895,1.00,1.00
2015.06.18 12:39:55.260,1.399,1.39901,1.00,1.12
2015.06.18 12:39:55.413,1.399,1.39905,1.50,1.37
2015.06.18 12:39:55.464,1.39902,1.39905,1.50,1.37
2015.06.18 12:39:55.792,1.39911,1.39912,1.00,1.00
2015.06.18 12:39:55.843,1.3991,1.39915,1.50,4.91
2015.06.18 12:39:56.046,1.39913,1.39914,1.00,1.00
2015.06.18 12:39:56.148,1.39912,1.39915,1.00,3.37
2015.06.18 12:39:56.301,1.39912,1.39913,1.00,1.00
2015.06.18 12:39:56.403,1.39909,1.39913,1.57,1.00
2015.06.18 12:39:56.915,1.39909,1.39913,1.37,1.00
2015.06.18 12:39:56.966,1.39909,1.39915,1.37,1.12
2015.06.18 12:39:57.360,1.39912,1.39915,1.37,1.00
2015.06.18 12:39:57.515,1.39915,1.3992,1.00,1.57
2015.06.18 12:39:57.566,1.39918,1.3992,1.00,1.20
2015.06.18 12:39:57.731,1.39915,1.39921,1.00,1.95
2015.06.18 12:39:57.783,1.39917,1.39921,1.12,1.00
2015.06.18 12:39:58.289,1.39917,1.39926,1.95,1.75
2015.06.18 12:39:58.816,1.39917,1.39927,2.66,2.62
2015.06.18 12:39:59.121,1.39919,1.39922,1.87,1.00
2015.06.18 12:39:59.426,1.39925,1.39927,1.05,1.12
2015.06.18 12:39:59.790,1.39921,1.39927,1.00,1.12
2015.06.18 12:39:59.841,1.39918,1.39926,1.12,1.91
2015.06.18 12:39:59.993,1.39916,1.39926,3.37,2.66
2015.06.18 12:40:00.044,1.39916,1.39923,1.87,1.00
2015.06.18 12:40:00.350,1.39915,1.39919,1.37,1.00
2015.06.18 12:40:00.452,1.39911,1.39917,1.05,1.00
2015.06.18 12:40:00.655,1.39906,1.39909,1.37,1.00
2015.06.18 12:40:00.858,1.39902,1.39906,3.00,1.00
2015.06.18 12:40:00.960,1.39906,1.39912,1.00,1.87
2015.06.18 12:40:01.112,1.39908,1.39912,1.87,1.50
2015.06.18 12:40:01.443,1.39911,1.39916,1.09,1.42
2015.06.18 12:40:01.494,1.39913,1.39919,1.00,1.37
2015.06.18 12:40:01.851,1.39916,1.3992,1.42,1.37
2015.06.18 12:40:01.902,1.39916,1.39922,2.17,1.50
2015.06.18 12:40:01.953,1.39919,1.39922,1.05,1.00
2015.06.18 12:40:02.156,1.39919,1.39927,1.00,1.16
2015.06.18 12:40:02.456,1.39918,1.39925,1.50,1.00
2015.06.18 12:40:02.609,1.39918,1.39927,1.50,1.87
2015.06.18 12:40:02.863,1.3992,1.39927,1.00,1.42
2015.06.18 12:40:03.270,1.39924,1.39931,1.05,1.37
2015.06.18 12:40:03.779,1.39924,1.3993,1.54,1.37
2015.06.18 12:40:06.205,1.39923,1.39924,1.50,1.00
2015.06.18 12:40:06.358,1.39918,1.39921,1.00,1.00
2015.06.18 12:40:06.460,1.39915,1.39921,1.12,1.00
2015.06.18 12:40:06.778,1.39915,1.39923,1.72,2.25
2015.06.18 12:40:06.829,1.39916,1.39923,1.60,1.50
2015.06.18 12:40:06.981,1.39919,1.39926,1.00,1.00
2015.06.18 12:40:07.084,1.39922,1.39928,1.00,1.12
2015.06.18 12:40:07.388,1.39924,1.39931,1.00,1.37
2015.06.18 12:40:08.363,1.39924,1.3993,1.00,1.12
2015.06.18 12:40:08.666,1.39927,1.39929,1.12,1.00
2015.06.18 12:40:08.857,1.39929,1.39932,1.00,1.00
2015.06.18 12:40:09.164,1.39929,1.39934,1.00,1.12
2015.06.18 12:40:10.135,1.39929,1.39932,1.00,1.00
2015.06.18 12:40:10.289,1.39927,1.39933,1.12,1.12
2015.06.18 12:40:10.594,1.39927,1.39937,1.91,4.87
2015.06.18 12:40:10.948,1.39927,1.39934,1.87,2.62
2015.06.18 12:40:11.274,1.39922,1.39924,1.00,1.00
2015.06.18 12:40:11.476,1.39919,1.39924,1.00,1.00
2015.06.18 12:40:11.989,1.39917,1.39923,1.50,1.00
2015.06.18 12:40:12.394,1.39923,1.39927,1.00,1.87
2015.06.18 12:40:12.445,1.39923,1.39927,1.00,1.87
2015.06.18 12:40:12.597,1.39923,1.39932,1.54,1.00
2015.06.18 12:40:12.699,1.39926,1.39932,1.00,1.00
2015.06.18 12:40:12.902,1.39928,1.39936,1.12,1.87
2015.06.18 12:40:12.953,1.3993,1.39932,1.00,1.00
2015.06.18 12:40:13.223,1.39928,1.39937,1.00,1.37
2015.06.18 12:40:13.375,1.39925,1.39933,3.07,1.00
2015.06.18 12:40:13.578,1.39925,1.39935,3.00,1.50
2015.06.18 12:40:13.881,1.39927,1.39936,1.00,1.91
2015.06.18 12:40:14.244,1.3993,1.39938,1.37,1.66
2015.06.18 12:40:14.447,1.39933,1.39943,2.25,1.50
2015.06.18 12:40:14.955,1.39936,1.39945,1.12,1.50
2015.06.18 12:40:15.492,1.39936,1.39946,1.87,1.37
2015.06.18 12:40:16.834,1.39936,1.39941,1.37,1.00
2015.06.18 12:40:16.986,1.39931,1.39936,1.00,1.12
2015.06.18 12:40:17.088,1.39928,1.39936,1.37,1.50
2015.06.18 12:40:17.341,1.39925,1.39936,3.00,1.50
2015.06.18 12:40:18.835,1.39925,1.39934,4.54,1.12
2015.06.18 12:40:21.553,1.39926,1.39934,1.91,1.37
2015.06.18 12:40:21.880,1.39926,1.39928,1.87,1.50
2015.06.18 12:40:22.083,1.39917,1.39922,3.04,1.00
2015.06.18 12:40:22.346,1.39914,1.39922,1.87,1.12
2015.06.18 12:40:22.448,1.39914,1.39922,1.50,1.12
2015.06.18 12:40:22.702,1.39914,1.39924,3.82,1.87
2015.06.18 12:40:23.006,1.39921,1.39926,1.54,1.00
2015.06.18 12:40:23.332,1.39923,1.39929,1.09,1.00
2015.06.18 12:40:23.813,1.39927,1.3993,1.00,1.50
2015.06.18 12:40:24.219,1.39919,1.39924,1.37,1.54
2015.06.18 12:40:24.422,1.39916,1.39924,1.54,2.70
2015.06.18 12:40:24.929,1.39912,1.39919,3.04,1.00
2015.06.18 12:40:25.370,1.39912,1.39919,1.80,1.00
2015.06.18 12:40:25.747,1.3991,1.39919,4.76,1.54
2015.06.18 12:40:25.849,1.39912,1.39919,2.10,1.05
2015.06.18 12:40:26.153,1.39912,1.39917,1.50,1.00
2015.06.18 12:40:26.390,1.39914,1.39921,2.85,1.00
2015.06.18 12:40:26.443,1.39916,1.39922,1.87,1.00
2015.06.18 12:40:26.595,1.39916,1.39923,1.16,1.12
2015.06.18 12:40:26.646,1.39918,1.39923,1.87,1.12
2015.06.18 12:40:27.000,1.39917,1.3992,1.57,1.00
2015.06.18 12:40:27.103,1.39916,1.39922,1.09,1.12
2015.06.18 12:40:27.154,1.39916,1.3992,1.00,1.00
2015.06.18 12:40:27.363,1.39911,1.39919,1.50,1.00
2015.06.18 12:40:27.465,1.3991,1.39917,2.25,1.00
2015.06.18 12:40:28.017,1.39908,1.39917,3.30,1.00
2015.06.18 12:40:28.543,1.39908,1.39918,2.89,1.54
2015.06.18 12:40:28.859,1.39909,1.39916,1.57,1.00
2015.06.18 12:40:29.011,1.39909,1.39918,1.57,1.54
2015.06.18 12:40:29.113,1.39908,1.39918,3.97,1.54
2015.06.18 12:40:29.316,1.39909,1.39919,2.10,1.50
2015.06.18 12:40:29.823,1.39909,1.39919,2.47,1.50
2015.06.18 12:40:30.169,1.39909,1.39919,1.12,2.25
2015.06.18 12:40:30.221,1.39909,1.39916,1.00,1.12
2015.06.18 12:40:30.273,1.39907,1.39915,1.05,1.50
2015.06.18 12:40:30.375,1.39905,1.39915,3.00,1.50
2015.06.18 12:40:30.477,1.39905,1.39915,4.50,1.87
2015.06.18 12:40:30.780,1.39906,1.39916,2.25,2.32
2015.06.18 12:40:31.259,1.39905,1.39906,1.12,1.12
2015.06.18 12:40:31.311,1.39901,1.39903,1.00,1.54
2015.06.18 12:40:31.365,1.39894,1.39902,1.87,1.87
2015.06.18 12:40:31.416,1.39894,1.399,1.37,2.62
2015.06.18 12:40:31.468,1.39891,1.399,1.57,3.00
2015.06.18 12:40:31.570,1.39889,1.39896,1.87,1.12
2015.06.18 12:40:31.774,1.39886,1.39897,1.05,2.70
2015.06.18 12:40:31.825,1.3989,1.39893,1.00,1.00
2015.06.18 12:40:32.082,1.39884,1.39893,1.12,1.00
2015.06.18 12:40:32.133,1.39884,1.39893,1.37,1.12
2015.06.18 12:40:32.437,1.39883,1.39891,1.67,1.00
2015.06.18 12:40:32.746,1.39885,1.39893,1.72,1.12
2015.06.18 12:40:33.307,1.39884,1.39893,1.50,2.25
2015.06.18 12:40:33.409,1.39883,1.3989,1.37,1.00
2015.06.18 12:40:33.662,1.39885,1.39891,1.30,1.00
2015.06.18 12:40:33.815,1.39885,1.39893,1.16,1.50
2015.06.18 12:40:33.917,1.39885,1.39893,2.32,1.00
2015.06.18 12:40:35.453,1.3989,1.39895,1.50,1.37
2015.06.18 12:40:35.556,1.39893,1.39899,1.35,2.25
2015.06.18 12:40:35.658,1.39894,1.39903,1.76,3.07
2015.06.18 12:40:36.076,1.39895,1.399,1.57,1.00
2015.06.18 12:40:36.279,1.39891,1.39897,1.16,1.00
2015.06.18 12:40:36.726,1.39888,1.39895,1.57,1.00
2015.06.18 12:40:37.255,1.39888,1.39896,1.50,1.12
2015.06.18 12:40:37.805,1.39889,1.39899,1.00,1.87
2015.06.18 12:40:38.357,1.39889,1.39891,1.05,1.50
2015.06.18 12:40:38.509,1.39885,1.39887,1.16,1.00
2015.06.18 12:40:38.748,1.39882,1.39883,1.12,1.00
2015.06.18 12:40:38.801,1.39878,1.39884,1.87,1.00
2015.06.18 12:40:38.853,1.39878,1.39885,1.87,1.12
2015.06.18 12:40:39.056,1.39879,1.39883,1.72,1.50
2015.06.18 12:40:39.107,1.39879,1.39883,1.72,1.50
2015.06.18 12:40:39.158,1.39879,1.39885,1.37,1.15
2015.06.18 12:40:39.361,1.39883,1.3989,1.37,2.25
2015.06.18 12:40:39.513,1.39882,1.3989,1.42,1.50
2015.06.18 12:40:39.838,1.39881,1.39888,1.57,1.00
2015.06.18 12:40:40.265,1.39882,1.3989,1.37,1.54
2015.06.18 12:40:40.368,1.39883,1.3989,3.60,1.50
2015.06.18 12:40:40.572,1.39888,1.39898,3.30,3.37
2015.06.18 12:40:40.803,1.3989,1.39899,3.07,1.87
2015.06.18 12:40:42.153,1.3989,1.39897,1.95,1.00
2015.06.18 12:40:42.357,1.39887,1.39895,2.25,1.50
2015.06.18 12:40:42.459,1.39885,1.39891,1.37,1.50
2015.06.18 12:40:42.828,1.39885,1.39891,1.37,1.00
2015.06.18 12:40:43.082,1.39886,1.39894,3.07,1.09
2015.06.18 12:40:43.337,1.39887,1.39894,1.01,1.00
2015.06.18 12:40:43.642,1.39891,1.39898,2.92,1.05
2015.06.18 12:40:44.068,1.3989,1.39897,1.57,1.54
2015.06.18 12:40:44.473,1.39885,1.39892,4.57,1.00
2015.06.18 12:40:44.803,1.39894,1.39896,1.00,4.87
2015.06.18 12:40:44.854,1.39894,1.39901,1.00,1.20
2015.06.18 12:40:44.956,1.39896,1.39901,1.00,1.00
2015.06.18 12:40:45.563,1.39893,1.39901,1.42,1.00
2015.06.18 12:40:45.909,1.39888,1.39897,1.37,1.50
2015.06.18 12:40:46.877,1.39893,1.39899,1.50,1.09
2015.06.18 12:40:46.980,1.39893,1.399,1.50,1.16
2015.06.18 12:40:47.082,1.39896,1.39899,1.00,1.00
2015.06.18 12:40:47.285,1.39894,1.39897,1.50,1.00
2015.06.18 12:40:47.437,1.39893,1.399,1.37,1.00
2015.06.18 12:40:48.215,1.39892,1.399,1.37,1.37
2015.06.18 12:40:48.418,1.39892,1.39897,1.00,1.00
2015.06.18 12:40:48.955,1.39892,1.39896,1.50,1.00
2015.06.18 12:40:49.473,1.39889,1.39896,3.07,1.00
2015.06.18 12:40:49.828,1.39889,1.39894,1.42,1.00
2015.06.18 12:40:49.930,1.39888,1.39896,2.32,1.00
2015.06.18 12:40:50.454,1.39888,1.39896,3.04,1.00
2015.06.18 12:40:50.606,1.39891,1.39898,1.00,1.87
2015.06.18 12:40:50.997,1.399,1.39903,2.25,1.00
2015.06.18 12:40:51.049,1.39902,1.39907,1.05,1.37
2015.06.18 12:40:51.151,1.39902,1.3991,1.91,1.37
2015.06.18 12:40:51.354,1.39905,1.39913,1.00,1.37
2015.06.18 12:40:51.557,1.39903,1.3991,1.50,1.37
2015.06.18 12:40:52.084,1.39901,1.39909,1.95,1.12
2015.06.18 12:40:52.591,1.39904,1.39911,1.00,1.00
2015.06.18 12:40:52.911,1.39908,1.39913,1.00,1.12
2015.06.18 12:40:53.422,1.39905,1.39912,2.25,1.00
2015.06.18 12:40:53.473,1.39907,1.39914,1.57,1.91
2015.06.18 12:40:53.878,1.3991,1.39916,1.50,2.62
2015.06.18 12:40:54.033,1.39911,1.39916,1.05,1.50
2015.06.18 12:40:54.237,1.39909,1.39918,1.54,1.37
2015.06.18 12:40:54.912,1.3991,1.39918,1.00,1.37
2015.06.18 12:40:55.115,1.3991,1.39914,1.00,1.00
2015.06.18 12:40:55.267,1.39906,1.39913,1.12,2.25
2015.06.18 12:40:55.319,1.39907,1.39909,1.12,1.00
2015.06.18 12:40:55.605,1.39904,1.39915,2.66,1.50
2015.06.18 12:40:55.909,1.39904,1.39913,1.50,1.00
2015.06.18 12:40:56.415,1.39906,1.39911,1.00,1.00
2015.06.18 12:40:56.736,1.39909,1.39919,1.87,3.41
2015.06.18 12:40:57.040,1.39908,1.39917,2.25,1.37
2015.06.18 12:40:57.345,1.39906,1.39916,1.00,2.66
2015.06.18 12:40:57.856,1.39908,1.39916,1.00,1.12
2015.06.18 12:40:58.161,1.39917,1.39921,1.00,1.87
2015.06.18 12:40:58.212,1.39917,1.39923,1.50,3.79
2015.06.18 12:40:58.265,1.3992,1.39923,1.00,2.25
2015.06.18 12:40:58.566,1.39925,1.39932,2.29,2.62
2015.06.18 12:40:58.668,1.39928,1.39932,1.00,1.50
2015.06.18 12:40:58.769,1.39928,1.39931,2.25,1.12
2015.06.18 12:40:58.871,1.39931,1.39934,1.00,1.72
2015.06.18 12:40:58.973,1.39932,1.39934,1.00,1.00
2015.06.18 12:40:59.074,1.3993,1.39932,4.09,1.00
2015.06.18 12:40:59.334,1.39929,1.39933,1.50,2.32
2015.06.18 12:40:59.388,1.3993,1.39932,4.50,1.20
2015.06.18 12:40:59.592,1.39928,1.3993,1.05,1.00
2015.06.18 12:40:59.745,1.39931,1.39936,1.00,1.37
2015.06.18 12:41:00.162,1.39934,1.3994,1.00,4.91
2015.06.18 12:41:00.214,1.39933,1.3994,1.50,4.87
2015.06.18 12:41:00.315,1.39934,1.3994,1.00,3.37
2015.06.18 12:41:00.722,1.39936,1.39938,1.00,1.37
2015.06.18 12:41:01.747,1.39938,1.39939,1.00,1.00
2015.06.18 12:41:02.021,1.39935,1.39938,1.50,1.00
2015.06.18 12:41:02.073,1.39934,1.39938,1.05,1.00
2015.06.18 12:41:02.329,1.39931,1.39935,3.00,1.00
2015.06.18 12:41:02.634,1.39937,1.39941,1.00,1.87
2015.06.18 12:41:02.685,1.39935,1.39941,1.00,1.37
2015.06.18 12:41:03.044,1.39932,1.39939,1.00,1.00
2015.06.18 12:41:03.500,1.39934,1.39939,1.00,1.00
2015.06.18 12:41:04.067,1.39933,1.3994,1.50,1.00
2015.06.18 12:41:06.670,1.39935,1.3994,1.00,1.00
2015.06.18 12:41:06.923,1.39936,1.39943,1.12,1.05
2015.06.18 12:41:07.429,1.39936,1.39942,1.00,1.00
2015.06.18 12:41:08.268,1.39936,1.3994,1.00,1.00
2015.06.18 12:41:08.471,1.39934,1.3994,1.54,1.50
2015.06.18 12:41:08.574,1.3993,1.39935,3.15,1.00
2015.06.18 12:41:09.080,1.39931,1.39935,1.00,1.00
2015.06.18 12:41:09.283,1.39929,1.39936,2.29,1.00
2015.06.18 12:41:09.385,1.39929,1.39933,1.00,1.00
2015.06.18 12:41:09.758,1.39925,1.39929,2.25,1.00
2015.06.18 12:41:09.809,1.39923,1.3993,1.84,1.00
2015.06.18 12:41:09.860,1.39923,1.3993,1.84,1.00
2015.06.18 12:41:10.367,1.39923,1.39931,2.92,1.00
2015.06.18 12:41:10.890,1.39931,1.39933,1.00,4.16
2015.06.18 12:41:10.942,1.39932,1.39934,1.00,1.00
2015.06.18 12:41:10.993,1.39933,1.39935,1.00,1.05
2015.06.18 12:41:11.045,1.39934,1.39938,1.00,1.87
2015.06.18 12:41:11.299,1.39935,1.39943,1.00,1.50
2015.06.18 12:41:11.652,1.39935,1.39941,1.00,1.00
2015.06.18 12:41:11.969,1.39933,1.39939,2.70,1.00
2015.06.18 12:41:12.072,1.39931,1.39939,1.91,1.50
2015.06.18 12:41:12.427,1.3993,1.39937,1.39,1.00
2015.06.18 12:41:12.782,1.39933,1.39938,1.00,1.00
2015.06.18 12:41:13.129,1.39931,1.39934,1.00,1.00
2015.06.18 12:41:13.281,1.39928,1.39934,1.00,1.37
2015.06.18 12:41:13.332,1.39927,1.39931,1.05,1.00
2015.06.18 12:41:13.764,1.39925,1.39932,3.41,1.00
2015.06.18 12:41:14.242,1.39924,1.39931,3.41,1.87
2015.06.18 12:41:14.395,1.3992,1.39928,4.12,1.00
2015.06.18 12:41:14.598,1.39923,1.39928,1.05,1.00
2015.06.18 12:41:14.649,1.39923,1.3993,1.05,1.00
2015.06.18 12:41:14.751,1.39925,1.3993,1.50,1.00
2015.06.18 12:41:15.715,1.39925,1.39931,3.41,1.00
2015.06.18 12:41:16.018,1.39928,1.39933,1.00,1.12
2015.06.18 12:41:16.368,1.39934,1.39939,1.12,1.12
2015.06.18 12:41:16.419,1.39937,1.39943,3.00,1.00
2015.06.18 12:41:16.945,1.39938,1.39942,2.25,1.00
2015.06.18 12:41:17.567,1.3994,1.39942,1.00,1.00
2015.06.18 12:41:18.073,1.39938,1.39942,1.54,1.00
2015.06.18 12:41:18.176,1.39937,1.3994,1.09,1.12
2015.06.18 12:41:18.227,1.39935,1.3994,1.10,1.50
2015.06.18 12:41:18.278,1.39932,1.39941,1.20,1.87
2015.06.18 12:41:18.430,1.39932,1.39938,1.00,1.37
2015.06.18 12:41:18.683,1.39932,1.39938,1.00,1.00
2015.06.18 12:41:18.856,1.39934,1.39939,1.00,1.91
2015.06.18 12:41:19.111,1.39941,1.39948,1.37,1.50
2015.06.18 12:41:19.213,1.39941,1.3995,1.37,1.00
2015.06.18 12:41:19.758,1.39943,1.39951,1.37,1.00
2015.06.18 12:41:20.120,1.39943,1.39951,1.00,1.12
2015.06.18 12:41:20.374,1.39942,1.39947,1.12,1.00
2015.06.18 12:41:20.627,1.39939,1.39945,1.00,1.12
2015.06.18 12:41:20.940,1.39939,1.39948,1.37,2.62
2015.06.18 12:41:20.992,1.3994,1.3995,1.87,3.82
2015.06.18 12:41:21.770,1.3994,1.3995,1.87,3.41
2015.06.18 12:41:22.182,1.3994,1.3995,2.62,3.79
2015.06.18 12:41:22.486,1.39944,1.3995,1.37,2.29
2015.06.18 12:41:22.874,1.39947,1.39952,1.00,1.05
2015.06.18 12:41:22.925,1.3995,1.39952,1.00,1.00
2015.06.18 12:41:22.976,1.3995,1.39955,1.37,1.00
2015.06.18 12:41:23.152,1.3995,1.39957,1.37,1.05
2015.06.18 12:41:23.307,1.3995,1.39957,1.37,1.00
2015.06.18 12:41:23.358,1.3995,1.39955,1.37,1.00
2015.06.18 12:41:23.510,1.3995,1.39954,1.12,1.00
2015.06.18 12:41:23.561,1.3995,1.39951,1.12,1.00
2015.06.18 12:41:23.612,1.39945,1.39951,1.00,1.50
2015.06.18 12:41:23.715,1.39945,1.39951,1.87,1.50
2015.06.18 12:41:23.816,1.39945,1.39954,1.87,2.32
2015.06.18 12:41:24.019,1.39949,1.39957,1.00,3.82
2015.06.18 12:41:24.544,1.3995,1.39957,1.12,1.87
2015.06.18 12:41:24.646,1.39949,1.39957,1.87,1.54
2015.06.18 12:41:24.848,1.3995,1.39957,1.37,1.50
2015.06.18 12:41:25.378,1.3995,1.39957,1.87,1.57
2015.06.18 12:41:25.682,1.39956,1.39957,1.00,1.10
2015.06.18 12:41:25.835,1.39958,1.39963,1.12,1.00
2015.06.18 12:41:25.937,1.39957,1.39965,1.91,2.62
2015.06.18 12:41:26.090,1.39954,1.39961,3.37,1.00
2015.06.18 12:41:26.395,1.39959,1.39965,1.37,2.32
2015.06.18 12:41:26.626,1.3996,1.39966,1.37,1.87
2015.06.18 12:41:27.339,1.39959,1.39966,1.37,1.50
2015.06.18 12:41:29.683,1.39956,1.39966,4.12,1.50
2015.06.18 12:41:29.734,1.39956,1.39963,1.87,1.00
2015.06.18 12:41:30.744,1.39955,1.39964,5.55,1.05
2015.06.18 12:41:30.795,1.39956,1.39966,1.42,1.16
2015.06.18 12:41:31.557,1.39954,1.39964,2.62,1.87
2015.06.18 12:41:34.116,1.39955,1.39964,1.37,1.91
2015.06.18 12:41:34.626,1.3996,1.39964,1.12,1.87
2015.06.18 12:41:34.677,1.3996,1.39964,1.12,1.00
2015.06.18 12:41:34.778,1.39957,1.39966,1.42,1.37
2015.06.18 12:41:35.082,1.39956,1.39964,1.46,1.12
2015.06.18 12:41:36.485,1.39956,1.39964,1.37,1.12
2015.06.18 12:41:36.638,1.39961,1.39964,1.00,1.12
2015.06.18 12:41:36.797,1.39957,1.39965,1.91,1.37
2015.06.18 12:41:37.355,1.39956,1.39965,1.87,1.87
2015.06.18 12:41:38.007,1.39956,1.39961,1.37,1.46
2015.06.18 12:41:38.059,1.3995,1.39955,1.00,1.12
2015.06.18 12:41:38.565,1.39945,1.39955,2.66,1.91
2015.06.18 12:41:40.535,1.39948,1.39955,1.37,1.50
2015.06.18 12:41:40.637,1.39949,1.39957,1.37,1.87
2015.06.18 12:41:41.305,1.39956,1.39959,1.05,1.00
2015.06.18 12:41:41.564,1.39958,1.39966,1.42,1.00
2015.06.18 12:41:41.666,1.39957,1.39963,1.87,1.12
2015.06.18 12:41:41.717,1.39955,1.39963,2.02,1.87
2015.06.18 12:41:42.223,1.39955,1.39963,2.70,1.50
2015.06.18 12:41:42.324,1.39956,1.39963,1.42,1.50
2015.06.18 12:41:42.580,1.39956,1.39964,1.05,1.00
2015.06.18 12:41:42.633,1.39956,1.39966,1.00,1.87
2015.06.18 12:41:43.613,1.39956,1.39966,1.00,2.29
2015.06.18 12:41:43.938,1.39951,1.39959,1.37,1.46
2015.06.18 12:41:44.242,1.39952,1.3996,2.47,1.05
2015.06.18 12:41:44.344,1.39953,1.39963,2.47,1.87
2015.06.18 12:41:44.865,1.39955,1.39965,1.50,2.66
2015.06.18 12:41:45.396,1.39955,1.39965,1.50,3.45
2015.06.18 12:41:47.822,1.39953,1.39963,3.04,1.37
2015.06.18 12:41:48.333,1.39953,1.39963,1.00,1.87
2015.06.18 12:41:48.637,1.39947,1.39955,3.75,1.12
2015.06.18 12:41:48.688,1.39945,1.39954,1.37,1.87
2015.06.18 12:41:48.739,1.39944,1.39954,1.50,2.62
2015.06.18 12:41:48.841,1.39942,1.39951,2.62,1.00
2015.06.18 12:41:49.120,1.39941,1.39949,1.37,1.50
2015.06.18 12:41:49.222,1.3994,1.39948,1.00,1.54
2015.06.18 12:41:49.376,1.3994,1.39948,1.00,1.42
2015.06.18 12:41:49.680,1.39942,1.39949,1.00,1.37
2015.06.18 12:41:50.140,1.39944,1.39951,1.00,1.37
2015.06.18 12:41:50.193,1.39942,1.39951,1.00,1.37
2015.06.18 12:41:50.720,1.39944,1.39948,1.00,1.50
2015.06.18 12:41:50.872,1.39947,1.39951,1.12,2.25
2015.06.18 12:41:50.923,1.39947,1.39951,2.47,1.75
2015.06.18 12:41:51.115,1.39948,1.39956,3.22,1.42
2015.06.18 12:41:51.166,1.39951,1.39958,1.00,1.50
2015.06.18 12:41:51.318,1.39953,1.3996,1.00,2.29
2015.06.18 12:41:51.421,1.39957,1.3996,1.00,1.42
2015.06.18 12:41:51.574,1.39958,1.39966,1.00,1.37
2015.06.18 12:41:52.552,1.39958,1.39966,1.00,1.87
2015.06.18 12:41:52.755,1.3996,1.39966,1.00,1.50
2015.06.18 12:41:53.178,1.39965,1.39972,1.00,1.50
2015.06.18 12:41:53.280,1.39969,1.39974,1.00,1.91
2015.06.18 12:41:53.634,1.39971,1.39977,1.00,1.87
2015.06.18 12:41:53.940,1.39972,1.39977,1.00,4.20
2015.06.18 12:41:54.165,1.39973,1.39979,1.00,1.42
2015.06.18 12:41:54.318,1.39971,1.39978,1.00,1.12
2015.06.18 12:41:54.369,1.39974,1.39978,1.00,1.12
2015.06.18 12:41:54.420,1.39975,1.39981,1.50,1.09
2015.06.18 12:41:54.522,1.39979,1.39985,1.50,1.87
2015.06.18 12:41:54.977,1.39984,1.3999,1.00,1.16
2015.06.18 12:41:55.028,1.39984,1.39991,1.00,2.40
2015.06.18 12:41:55.231,1.39986,1.39991,1.00,1.80
2015.06.18 12:41:55.283,1.39986,1.39992,1.57,1.05
2015.06.18 12:41:55.334,1.39989,1.39994,1.00,1.55
2015.06.18 12:41:55.639,1.39996,1.39998,1.05,1.50
2015.06.18 12:41:55.963,1.39999,1.40001,1.00,1.00
2015.06.18 12:41:56.320,1.39997,1.39999,1.00,2.25
2015.06.18 12:41:56.422,1.39992,1.39995,1.00,1.00
2015.06.18 12:41:56.524,1.39989,1.39992,1.00,1.00
2015.06.18 12:41:56.727,1.39988,1.39994,1.00,1.00
2015.06.18 12:41:56.779,1.3999,1.39994,1.00,1.00
2015.06.18 12:41:56.881,1.39995,1.39997,1.00,1.37
2015.06.18 12:41:56.933,1.39995,1.39999,1.00,1.00
2015.06.18 12:41:56.984,1.39997,1.39999,1.00,1.00
2015.06.18 12:41:57.035,1.39998,1.40003,1.00,1.12
2015.06.18 12:41:57.746,1.39998,1.40002,1.00,1.00
2015.06.18 12:41:57.949,1.39998,1.4,1.00,1.00
2015.06.18 12:41:58.304,1.39994,1.4,1.50,1.00
2015.06.18 12:41:58.457,1.39994,1.39998,1.00,1.12
2015.06.18 12:41:58.785,1.39989,1.39993,1.00,1.12
2015.06.18 12:41:59.088,1.39991,1.39994,1.54,1.12
2015.06.18 12:41:59.615,1.39991,1.39993,1.50,1.00
2015.06.18 12:41:59.921,1.39991,1.39997,1.50,1.12
2015.06.18 12:41:59.972,1.39991,1.39997,2.10,1.12
2015.06.18 12:42:00.594,1.39992,1.39998,1.87,1.12
2015.06.18 12:42:00.851,1.39989,1.39995,2.25,1.00
2015.06.18 12:42:00.903,1.39991,1.39997,1.00,1.37
2015.06.18 12:42:01.208,1.39988,1.39994,1.09,1.00
2015.06.18 12:42:01.520,1.39986,1.39992,1.91,1.12
2015.06.18 12:42:01.572,1.39986,1.39989,1.50,1.00
2015.06.18 12:42:02.087,1.39986,1.3999,1.54,1.00
2015.06.18 12:42:02.476,1.39986,1.39987,1.50,1.50
2015.06.18 12:42:02.781,1.39985,1.39987,1.30,1.05
2015.06.18 12:42:02.933,1.39985,1.3999,1.87,2.29
2015.06.18 12:42:03.186,1.39985,1.39988,1.87,1.00
2015.06.18 12:42:03.634,1.39985,1.39991,2.62,1.57
2015.06.18 12:42:03.787,1.39989,1.39995,2.10,1.00
2015.06.18 12:42:03.889,1.39992,1.4,2.62,3.07
2015.06.18 12:42:04.352,1.39991,1.39995,2.89,2.25
2015.06.18 12:42:04.556,1.39988,1.3999,1.12,1.00
2015.06.18 12:42:04.814,1.39994,1.39996,1.00,1.50
2015.06.18 12:42:04.915,1.39993,1.39996,2.47,1.50
2015.06.18 12:42:05.017,1.39994,1.39996,1.87,1.05
2015.06.18 12:42:05.118,1.39994,1.39996,1.87,1.54
2015.06.18 12:42:05.430,1.39988,1.39991,1.07,1.00
2015.06.18 12:42:05.532,1.39986,1.39989,2.47,1.00
2015.06.18 12:42:06.041,1.39985,1.39988,1.67,1.05
2015.06.18 12:42:06.092,1.39984,1.39986,1.05,1.50
2015.06.18 12:42:06.295,1.39977,1.39979,2.66,1.00
2015.06.18 12:42:06.348,1.39975,1.39979,1.12,1.05
2015.06.18 12:42:06.449,1.39975,1.39978,1.37,1.00
2015.06.18 12:42:06.500,1.39974,1.39977,2.10,1.00
2015.06.18 12:42:06.602,1.3997,1.39974,3.22,1.00
2015.06.18 12:42:06.654,1.3997,1.39979,2.55,2.25
2015.06.18 12:42:06.705,1.39974,1.39978,2.10,1.00
2015.06.18 12:42:06.755,1.39975,1.39979,1.72,1.00
2015.06.18 12:42:06.858,1.39977,1.39985,1.00,2.32
2015.06.18 12:42:06.959,1.3998,1.39986,1.50,1.50
2015.06.18 12:42:07.414,1.3998,1.39988,3.37,1.50
2015.06.18 12:42:07.931,1.39983,1.39988,1.50,1.00
2015.06.18 12:42:09.436,1.39981,1.3999,1.95,1.00
2015.06.18 12:42:09.967,1.39981,1.39991,1.87,1.91
2015.06.18 12:42:10.271,1.39981,1.3999,1.87,1.00
2015.06.18 12:42:10.693,1.39978,1.39983,1.50,1.00
2015.06.18 12:42:10.999,1.39974,1.3998,3.22,1.50
2015.06.18 12:42:11.889,1.39975,1.3998,1.72,1.50
2015.06.18 12:42:11.942,1.39978,1.39983,1.97,1.05
2015.06.18 12:42:11.993,1.39979,1.39985,1.97,1.05
2015.06.18 12:42:12.348,1.39978,1.39983,3.22,1.00
2015.06.18 12:42:12.653,1.39974,1.3998,2.10,1.00
2015.06.18 12:42:13.183,1.39975,1.39979,2.47,1.00
2015.06.18 12:42:13.437,1.39974,1.39981,1.60,3.45
2015.06.18 12:42:13.640,1.39976,1.39981,1.60,1.54
2015.06.18 12:42:13.741,1.39976,1.39983,2.47,1.00
2015.06.18 12:42:14.005,1.39976,1.39979,1.60,1.00
2015.06.18 12:42:14.057,1.39972,1.39979,2.51,1.00
2015.06.18 12:42:14.610,1.39972,1.3998,2.51,1.00
2015.06.18 12:42:14.661,1.39972,1.39978,2.51,1.00
2015.06.18 12:42:14.763,1.39971,1.3998,3.26,1.87
2015.06.18 12:42:14.916,1.39971,1.39977,3.22,1.00
2015.06.18 12:42:15.122,1.3997,1.39977,2.10,1.05
2015.06.18 12:42:15.174,1.39969,1.39977,1.60,1.05
2015.06.18 12:42:15.428,1.39971,1.3998,2.85,1.91
2015.06.18 12:42:15.581,1.39976,1.39983,1.35,3.07
2015.06.18 12:42:15.633,1.39978,1.39983,1.30,2.25
2015.06.18 12:42:15.735,1.3998,1.39988,1.87,1.50
2015.06.18 12:42:15.941,1.39981,1.3999,1.87,1.05
2015.06.18 12:42:16.679,1.39981,1.39987,1.00,1.00
2015.06.18 12:42:17.124,1.39974,1.39981,1.37,1.50
2015.06.18 12:42:17.835,1.39972,1.39981,3.97,1.50
2015.06.18 12:42:18.088,1.39973,1.3998,3.22,1.00
2015.06.18 12:42:18.316,1.39973,1.39977,1.37,1.00
2015.06.18 12:42:18.368,1.3997,1.3998,1.37,1.54
2015.06.18 12:42:18.419,1.3997,1.39977,1.00,1.00
2015.06.18 12:42:18.572,1.39967,1.39971,1.87,1.00
2015.06.18 12:42:18.725,1.39967,1.3997,1.00,1.00
2015.06.18 12:42:18.776,1.39965,1.39969,1.12,1.00
2015.06.18 12:42:19.030,1.39963,1.39971,3.00,1.00
2015.06.18 12:42:19.658,1.39964,1.39972,1.50,1.00
2015.06.18 12:42:19.860,1.39968,1.39972,1.50,1.00
2015.06.18 12:42:20.114,1.39968,1.39976,1.37,1.00
2015.06.18 12:42:21.955,1.39968,1.39975,1.42,1.00
2015.06.18 12:42:22.421,1.39976,1.39978,1.00,1.00
2015.06.18 12:42:22.727,1.39985,1.39988,1.00,1.57
2015.06.18 12:42:22.994,1.39983,1.3999,1.37,1.00
2015.06.18 12:42:23.204,1.39983,1.39992,1.37,1.54
2015.06.18 12:42:23.407,1.39983,1.39989,1.37,1.00
2015.06.18 12:42:23.964,1.39986,1.39993,1.37,1.00
2015.06.18 12:42:24.168,1.39986,1.3999,1.87,1.00
2015.06.18 12:42:24.674,1.39983,1.39991,1.95,1.00
2015.06.18 12:42:24.725,1.39983,1.39993,1.95,2.29
2015.06.18 12:42:24.827,1.39983,1.39986,1.95,1.00
2015.06.18 12:42:24.878,1.39983,1.39984,1.91,1.00
2015.06.18 12:42:25.173,1.39978,1.39986,1.37,1.50
2015.06.18 12:42:25.377,1.3998,1.39989,1.37,1.05
2015.06.18 12:42:25.682,1.39984,1.39992,1.37,4.87
2015.06.18 12:42:26.211,1.39986,1.39991,1.00,1.12
2015.06.18 12:42:26.363,1.39985,1.39991,1.87,2.25
2015.06.18 12:42:26.566,1.39985,1.39991,1.12,4.12
2015.06.18 12:42:26.617,1.39982,1.39986,1.72,1.00
2015.06.18 12:42:27.061,1.39977,1.3998,2.25,1.50
2015.06.18 12:42:27.118,1.39971,1.39977,1.72,1.00
2015.06.18 12:42:27.169,1.3997,1.39976,1.00,1.00
2015.06.18 12:42:27.692,1.39968,1.39975,1.87,1.05
2015.06.18 12:42:28.218,1.39968,1.39973,1.09,1.00
2015.06.18 12:42:28.730,1.39967,1.39974,2.17,1.50
2015.06.18 12:42:28.831,1.39965,1.39971,1.12,1.00
2015.06.18 12:42:28.882,1.39964,1.39968,1.87,1.00
2015.06.18 12:42:28.984,1.39961,1.39968,2.47,1.00
2015.06.18 12:42:29.035,1.39961,1.3997,2.47,1.87
2015.06.18 12:42:29.612,1.39962,1.3997,2.10,1.50
2015.06.18 12:42:29.663,1.39962,1.39967,2.10,1.00
2015.06.18 12:42:29.714,1.39962,1.39967,1.50,1.00
2015.06.18 12:42:29.765,1.39962,1.39969,1.50,1.00
2015.06.18 12:42:30.281,1.39962,1.3997,1.00,2.29
2015.06.18 12:42:30.382,1.3996,1.3997,2.85,2.32
2015.06.18 12:42:30.842,1.3996,1.3997,2.85,3.04
2015.06.18 12:42:30.943,1.3996,1.3997,2.85,1.91
2015.06.18 12:42:31.045,1.39962,1.3997,2.10,1.00
2015.06.18 12:42:31.369,1.39965,1.39975,1.35,1.46
2015.06.18 12:42:31.696,1.39965,1.39975,2.10,1.91
2015.06.18 12:42:32.060,1.39965,1.39975,2.10,1.87
2015.06.18 12:42:32.465,1.39975,1.39979,2.47,12.75
2015.06.18 12:42:32.639,1.39972,1.39976,1.00,1.87
2015.06.18 12:42:32.693,1.39969,1.39977,1.05,2.62
2015.06.18 12:42:32.744,1.39972,1.39977,1.00,1.87
2015.06.18 12:42:32.796,1.39972,1.39978,1.50,1.50
2015.06.18 12:42:32.898,1.39969,1.39978,1.00,2.25
2015.06.18 12:42:33.382,1.39969,1.39974,1.00,1.00
2015.06.18 12:42:33.928,1.39967,1.39975,1.72,1.37
2015.06.18 12:42:34.029,1.39967,1.39977,2.10,2.29
2015.06.18 12:42:34.334,1.39968,1.39977,1.72,1.87
2015.06.18 12:42:34.691,1.39967,1.39973,1.50,1.37
2015.06.18 12:42:34.945,1.39958,1.39967,1.37,1.00
2015.06.18 12:42:35.200,1.39958,1.39969,1.42,3.04
2015.06.18 12:42:35.574,1.39963,1.39969,1.75,1.00
2015.06.18 12:42:35.625,1.39964,1.39972,1.50,1.00
2015.06.18 12:42:35.727,1.39966,1.39976,1.54,1.50
2015.06.18 12:42:35.828,1.39968,1.39978,1.50,3.41
2015.06.18 12:42:36.132,1.39968,1.39978,2.47,2.62
2015.06.18 12:42:36.804,1.39968,1.39978,2.47,4.54
2015.06.18 12:42:37.329,1.39966,1.39976,6.22,1.87
2015.06.18 12:42:37.928,1.39966,1.39976,4.72,1.87
2015.06.18 12:42:38.719,1.39966,1.39974,2.51,1.00
2015.06.18 12:42:39.255,1.39966,1.39973,1.37,1.00
2015.06.18 12:42:39.718,1.39964,1.39972,1.09,3.00
2015.06.18 12:42:39.769,1.39963,1.3997,1.10,1.00
2015.06.18 12:42:40.113,1.39956,1.39964,1.12,1.00
2015.06.18 12:42:40.365,1.39954,1.39962,2.66,1.00
2015.06.18 12:42:40.744,1.39956,1.39962,1.00,1.00
2015.06.18 12:42:40.845,1.39956,1.39964,1.00,1.54
2015.06.18 12:42:41.252,1.39957,1.39964,1.50,1.57
2015.06.18 12:42:41.424,1.39957,1.39967,2.25,1.16
2015.06.18 12:42:41.905,1.39957,1.39964,1.91,1.00
2015.06.18 12:42:42.210,1.39961,1.39968,1.00,1.00
2015.06.18 12:42:42.261,1.39961,1.39971,1.50,1.00
2015.06.18 12:42:42.584,1.39961,1.39969,1.00,1.54
2015.06.18 12:42:42.888,1.39959,1.39966,1.00,1.00
2015.06.18 12:42:42.990,1.3996,1.39969,1.00,1.05
2015.06.18 12:42:43.193,1.39961,1.39971,1.00,1.54
2015.06.18 12:42:44.103,1.39961,1.39971,1.05,1.20
2015.06.18 12:42:45.201,1.39961,1.39971,1.05,1.05
2015.06.18 12:42:45.403,1.39962,1.39974,1.50,1.91
2015.06.18 12:42:45.937,1.39962,1.39974,1.87,1.95
2015.06.18 12:42:46.443,1.39962,1.39974,1.57,1.87
2015.06.18 12:42:46.876,1.39962,1.39969,1.95,1.00
2015.06.18 12:42:47.181,1.39956,1.39961,1.12,1.00
2015.06.18 12:42:47.526,1.39953,1.39959,1.00,1.12
2015.06.18 12:42:47.627,1.39954,1.39963,1.16,1.57
2015.06.18 12:42:47.679,1.39955,1.3996,1.00,1.00
2015.06.18 12:42:47.983,1.39956,1.39964,1.05,3.75
2015.06.18 12:42:48.136,1.3996,1.39964,1.00,2.25
2015.06.18 12:42:48.345,1.3996,1.39966,1.00,1.00
2015.06.18 12:42:48.598,1.3996,1.39968,1.07,1.05
2015.06.18 12:42:48.905,1.39968,1.39973,1.09,1.00
2015.06.18 12:42:49.108,1.39968,1.39975,1.00,1.50
2015.06.18 12:42:49.362,1.39968,1.39977,1.00,1.00
2015.06.18 12:42:49.618,1.39969,1.39974,1.50,1.00
2015.06.18 12:42:49.872,1.39965,1.39973,1.42,1.00
2015.06.18 12:42:49.923,1.39964,1.39971,1.95,1.00
2015.06.18 12:42:50.242,1.39963,1.39971,1.87,1.00
2015.06.18 12:42:50.293,1.39965,1.39972,3.22,1.00
2015.06.18 12:42:50.597,1.39965,1.3997,3.22,1.50
2015.06.18 12:42:50.649,1.39965,1.39967,1.12,1.00
2015.06.18 12:42:50.750,1.39964,1.3997,2.47,3.00
2015.06.18 12:42:50.902,1.39964,1.39971,2.47,1.54
2015.06.18 12:42:51.435,1.39966,1.39972,2.47,1.00
2015.06.18 12:42:52.301,1.39964,1.39973,3.97,1.37
2015.06.18 12:42:52.818,1.39964,1.39966,1.00,1.00
2015.06.18 12:42:53.329,1.39959,1.39963,2.47,1.50
2015.06.18 12:42:56.195,1.39958,1.39964,4.72,1.00
2015.06.18 12:42:56.298,1.3996,1.39966,4.72,1.50
2015.06.18 12:42:56.349,1.3996,1.39969,3.60,1.20
2015.06.18 12:42:56.855,1.39961,1.39969,1.72,1.05
2015.06.18 12:42:57.373,1.39961,1.3997,1.97,1.50
2015.06.18 12:42:57.540,1.39964,1.3997,2.47,1.00
2015.06.18 12:42:57.743,1.39967,1.39973,1.30,1.50
2015.06.18 12:42:57.794,1.39966,1.39973,2.47,1.50
2015.06.18 12:42:58.199,1.39965,1.39974,3.97,1.05
2015.06.18 12:42:58.726,1.39967,1.39976,3.22,1.46
2015.06.18 12:42:59.381,1.39967,1.39976,3.22,1.12
2015.06.18 12:42:59.886,1.39967,1.39975,2.47,1.00
2015.06.18 12:43:00.190,1.39965,1.39975,3.97,1.00
2015.06.18 12:43:00.494,1.39964,1.39973,3.26,1.00
2015.06.18 12:43:00.545,1.39964,1.39973,1.76,1.00
2015.06.18 12:43:00.646,1.39965,1.39973,1.67,1.00
2015.06.18 12:43:01.113,1.39965,1.39968,1.00,1.00
2015.06.18 12:43:01.216,1.39958,1.39968,3.04,1.42
2015.06.18 12:43:01.267,1.39958,1.39964,3.04,1.00
2015.06.18 12:43:01.673,1.39954,1.39964,2.25,1.05
2015.06.18 12:43:02.090,1.39952,1.39955,1.00,1.12
2015.06.18 12:43:02.141,1.39948,1.39955,1.50,1.87
2015.06.18 12:43:02.394,1.39945,1.39954,1.12,1.50
2015.06.18 12:43:02.445,1.39948,1.39954,1.00,1.00
2015.06.18 12:43:02.597,1.39946,1.39954,1.00,1.00
2015.06.18 12:43:02.648,1.39944,1.39952,1.37,1.00
2015.06.18 12:43:02.907,1.39939,1.39947,1.50,1.54
2015.06.18 12:43:02.958,1.39937,1.39945,2.47,1.50
2015.06.18 12:43:03.263,1.39941,1.39948,3.64,1.50
2015.06.18 12:43:03.364,1.39941,1.39953,5.17,2.32
2015.06.18 12:43:03.942,1.39944,1.39953,1.00,2.66
2015.06.18 12:43:06.175,1.39944,1.39953,1.35,1.87
2015.06.18 12:43:06.880,1.39944,1.39953,1.00,3.04
2015.06.18 12:43:07.032,1.39944,1.39953,1.00,2.66
2015.06.18 12:43:07.431,1.39944,1.39951,1.00,1.00
2015.06.18 12:43:07.636,1.39942,1.39951,1.01,1.12
2015.06.18 12:43:08.142,1.39942,1.39952,1.39,1.37
2015.06.18 12:43:08.686,1.39942,1.3995,1.16,1.00
2015.06.18 12:43:09.230,1.39941,1.39947,2.29,1.00
2015.06.18 12:43:09.484,1.39934,1.39944,1.09,1.87
2015.06.18 12:43:09.586,1.39933,1.39942,1.12,1.87
2015.06.18 12:43:09.738,1.39935,1.39942,1.50,1.50
2015.06.18 12:43:09.789,1.39936,1.39946,2.47,2.70
2015.06.18 12:43:09.957,1.39939,1.39946,1.35,1.95
2015.06.18 12:43:10.261,1.39939,1.39949,2.70,1.37
2015.06.18 12:43:10.808,1.39941,1.39949,1.00,1.00
2015.06.18 12:43:10.910,1.39942,1.39952,1.00,1.20
2015.06.18 12:43:11.458,1.39942,1.39952,1.00,1.12
2015.06.18 12:43:13.614,1.39942,1.39948,1.12,1.00
2015.06.18 12:43:13.968,1.39942,1.39952,4.42,1.75
2015.06.18 12:43:14.200,1.39945,1.39954,1.35,1.12
2015.06.18 12:43:14.251,1.39945,1.39955,1.35,2.62
2015.06.18 12:43:14.816,1.39945,1.39955,1.09,1.37
2015.06.18 12:43:15.019,1.39944,1.39953,1.87,1.00
2015.06.18 12:43:15.070,1.39943,1.39953,3.79,1.00
2015.06.18 12:43:15.542,1.39945,1.39955,1.00,1.00
2015.06.18 12:43:15.745,1.39946,1.39953,1.00,1.00
2015.06.18 12:43:16.049,1.39942,1.39948,1.30,1.25
2015.06.18 12:43:16.479,1.3994,1.39948,4.01,1.00
2015.06.18 12:43:16.582,1.3994,1.39948,3.26,1.00
2015.06.18 12:43:16.786,1.39946,1.39952,1.35,4.87
2015.06.18 12:43:17.090,1.39946,1.39953,1.35,1.10
2015.06.18 12:43:17.344,1.39948,1.39953,1.00,1.75
2015.06.18 12:43:17.498,1.39949,1.39953,1.12,1.00
2015.06.18 12:43:17.600,1.39948,1.39957,3.60,2.62
2015.06.18 12:43:18.732,1.39947,1.39957,3.97,1.87
2015.06.18 12:43:19.692,1.39947,1.39956,1.72,1.62
2015.06.18 12:43:20.413,1.39947,1.39956,1.72,1.62
2015.06.18 12:43:20.927,1.39947,1.39956,1.37,1.57
2015.06.18 12:43:21.453,1.39947,1.39957,1.37,3.45
2015.06.18 12:43:21.982,1.39946,1.39954,1.72,1.12
2015.06.18 12:43:22.759,1.39947,1.39956,2.47,2.81
2015.06.18 12:43:24.586,1.39947,1.39954,2.47,1.12
2015.06.18 12:43:24.637,1.39947,1.39953,1.87,1.75
2015.06.18 12:43:24.739,1.39947,1.39952,1.00,4.20
2015.06.18 12:43:24.840,1.39943,1.3995,1.16,1.50
2015.06.18 12:43:24.942,1.39942,1.3995,2.85,1.37
2015.06.18 12:43:25.044,1.39942,1.3995,2.85,1.12
2015.06.18 12:43:25.095,1.39942,1.3995,1.67,1.12
2015.06.18 12:43:25.280,1.39941,1.3995,1.80,2.25
2015.06.18 12:43:25.484,1.39938,1.39945,2.29,1.57
2015.06.18 12:43:25.535,1.39936,1.3994,2.70,1.12
2015.06.18 12:43:25.739,1.39934,1.3994,2.62,1.37
2015.06.18 12:43:25.891,1.39933,1.39941,2.51,1.12
2015.06.18 12:43:26.140,1.39933,1.39943,3.26,2.32
2015.06.18 12:43:26.343,1.39935,1.39943,1.50,1.12
2015.06.18 12:43:26.855,1.39935,1.39943,1.00,1.37
2015.06.18 12:43:27.159,1.39935,1.39945,3.64,1.54
2015.06.18 12:43:27.677,1.39935,1.39945,3.26,1.42
2015.06.18 12:43:27.728,1.39935,1.39945,3.04,1.05
2015.06.18 12:43:27.830,1.39937,1.39945,1.37,1.00
2015.06.18 12:43:28.351,1.39941,1.39948,1.00,1.20
2015.06.18 12:43:29.248,1.39941,1.39949,1.00,1.16
2015.06.18 12:43:29.529,1.39936,1.39946,1.42,2.25
2015.06.18 12:43:29.580,1.39936,1.39946,1.05,1.87
2015.06.18 12:43:30.136,1.39936,1.39946,2.29,1.37
2015.06.18 12:43:30.524,1.39931,1.39941,1.00,1.50
2015.06.18 12:43:30.963,1.39931,1.39941,1.00,1.87
2015.06.18 12:43:31.481,1.3993,1.3994,1.50,2.25
2015.06.18 12:43:31.789,1.39931,1.39939,2.47,1.00
2015.06.18 12:43:32.097,1.39934,1.39943,1.00,1.42
2015.06.18 12:43:32.402,1.39934,1.39944,1.72,2.25
2015.06.18 12:43:32.757,1.39934,1.39944,1.72,1.87
2015.06.18 12:43:33.063,1.39934,1.39942,1.37,1.00
2015.06.18 12:43:33.367,1.39934,1.39942,1.37,2.25
2015.06.18 12:43:33.671,1.3993,1.39938,2.47,1.50
2015.06.18 12:43:33.723,1.3993,1.39936,1.72,1.37
2015.06.18 12:43:33.774,1.39929,1.39936,1.01,1.12
2015.06.18 12:43:33.977,1.3993,1.39939,4.72,1.50
2015.06.18 12:43:34.254,1.39934,1.39941,1.30,1.00
2015.06.18 12:43:34.457,1.39933,1.39941,1.91,1.87
2015.06.18 12:43:34.969,1.39929,1.39937,1.87,1.50
2015.06.18 12:43:35.830,1.39931,1.39937,1.37,1.05
2015.06.18 12:43:36.134,1.39934,1.3994,1.87,1.05
2015.06.18 12:43:36.185,1.39934,1.39944,4.72,1.24
2015.06.18 12:43:36.413,1.39937,1.39945,1.87,1.20
2015.06.18 12:43:37.395,1.39937,1.39945,1.87,1.42
2015.06.18 12:43:37.725,1.39935,1.39944,2.51,1.50
2015.06.18 12:43:37.776,1.39935,1.39944,2.47,1.42
2015.06.18 12:43:37.979,1.39935,1.39944,2.47,1.16
2015.06.18 12:43:38.616,1.39935,1.39943,1.87,1.87
2015.06.18 12:43:38.667,1.39935,1.39941,1.87,1.00
2015.06.18 12:43:38.873,1.39935,1.39939,1.00,3.00
2015.06.18 12:43:38.925,1.39932,1.39939,1.72,1.57
2015.06.18 12:43:39.027,1.39932,1.39939,1.72,1.05
2015.06.18 12:43:39.128,1.39932,1.39943,1.37,4.54
2015.06.18 12:43:39.331,1.3993,1.3994,5.14,1.00
2015.06.18 12:43:39.634,1.39931,1.3994,1.37,1.87
2015.06.18 12:43:40.204,1.3993,1.3994,3.75,1.50
2015.06.18 12:43:41.027,1.39933,1.3994,1.80,1.16
2015.06.18 12:43:41.332,1.39933,1.39942,1.80,1.00
2015.06.18 12:43:41.535,1.39933,1.39937,1.05,1.00
2015.06.18 12:43:41.586,1.39932,1.39935,1.12,1.00
2015.06.18 12:43:41.637,1.39932,1.39933,1.00,1.00
2015.06.18 12:43:41.743,1.39923,1.39932,2.25,2.32
2015.06.18 12:43:41.938,1.39921,1.39927,2.70,1.00
2015.06.18 12:43:41.992,1.39921,1.39929,2.62,1.87
2015.06.18 12:43:42.144,1.39919,1.39928,1.37,1.57
2015.06.18 12:43:42.650,1.39918,1.39928,2.66,1.50
2015.06.18 12:43:42.963,1.39915,1.39922,1.37,1.87
2015.06.18 12:43:43.067,1.39915,1.39923,1.72,1.50
2015.06.18 12:43:43.169,1.39915,1.39924,1.97,1.00
2015.06.18 12:43:43.525,1.39914,1.39922,1.42,1.50
2015.06.18 12:43:43.837,1.39911,1.39922,1.75,3.00
2015.06.18 12:43:43.889,1.39911,1.39922,1.75,3.75
2015.06.18 12:43:43.991,1.39912,1.39922,1.35,3.00
2015.06.18 12:43:44.094,1.39917,1.39919,1.30,1.09
2015.06.18 12:43:44.196,1.39917,1.39923,1.72,1.57
2015.06.18 12:43:44.247,1.39917,1.39924,2.85,1.75
2015.06.18 12:43:44.298,1.39917,1.39924,2.85,1.00
2015.06.18 12:43:44.655,1.39917,1.39926,2.89,1.50
2015.06.18 12:43:45.879,1.39918,1.39925,1.42,1.37
2015.06.18 12:43:45.980,1.39914,1.39923,3.52,1.46
2015.06.18 12:43:46.083,1.3991,1.39919,3.79,1.37
2015.06.18 12:43:46.717,1.39907,1.39913,1.42,1.00
2015.06.18 12:43:46.769,1.39906,1.39913,1.35,1.00
2015.06.18 12:43:47.831,1.39905,1.39913,4.39,1.09
2015.06.18 12:43:48.307,1.3991,1.39915,1.12,1.00
2015.06.18 12:43:48.607,1.39908,1.39916,2.51,1.57
2015.06.18 12:43:48.660,1.39909,1.39915,1.97,1.05
2015.06.18 12:43:48.964,1.39905,1.39911,1.42,1.50
2015.06.18 12:43:50.152,1.39904,1.39911,2.92,1.00
2015.06.18 12:43:50.254,1.39903,1.39913,3.82,1.16
2015.06.18 12:43:50.306,1.39903,1.39911,1.95,1.12
2015.06.18 12:43:50.716,1.39896,1.39905,1.87,1.00
2015.06.18 12:43:50.771,1.39896,1.39905,1.37,1.00
2015.06.18 12:43:51.552,1.399,1.39905,1.50,1.00
2015.06.18 12:43:51.603,1.39902,1.39905,1.01,1.00
2015.06.18 12:43:51.839,1.39906,1.39911,1.76,1.05
2015.06.18 12:43:51.941,1.39906,1.39912,1.76,1.57
2015.06.18 12:43:52.143,1.39907,1.39912,1.05,1.00
2015.06.18 12:43:52.863,1.39906,1.39913,2.32,1.05
2015.06.18 12:43:53.065,1.39906,1.3991,1.37,1.00
2015.06.18 12:43:53.116,1.39905,1.39909,1.87,1.00
2015.06.18 12:43:53.167,1.39903,1.39907,1.52,1.00
2015.06.18 12:43:53.371,1.39903,1.3991,2.47,1.00
2015.06.18 12:43:53.573,1.39905,1.39912,1.72,1.00
2015.06.18 12:43:54.078,1.3991,1.39912,1.37,1.00
2015.06.18 12:43:54.180,1.3991,1.39916,3.00,1.50
2015.06.18 12:43:54.383,1.39909,1.39916,1.50,1.50
2015.06.18 12:43:54.944,1.39911,1.39916,1.00,1.50
2015.06.18 12:43:55.351,1.39911,1.39919,1.00,1.46
2015.06.18 12:43:55.899,1.3991,1.39918,2.29,1.00
2015.06.18 12:43:57.076,1.3991,1.39919,2.29,2.25
2015.06.18 12:43:57.178,1.3991,1.39919,1.09,1.75
2015.06.18 12:43:57.280,1.3991,1.39919,1.09,1.50
2015.06.18 12:43:57.756,1.39911,1.39917,1.00,1.09
2015.06.18 12:43:58.265,1.39907,1.39917,3.45,1.50
2015.06.18 12:43:58.784,1.39907,1.39917,1.95,1.87
2015.06.18 12:43:59.306,1.39909,1.39918,1.50,1.37
2015.06.18 12:43:59.657,1.39909,1.39919,1.54,2.29
2015.06.18 12:44:00.194,1.39911,1.39919,1.50,1.37
2015.06.18 12:44:00.842,1.39912,1.39915,1.00,1.00
2015.06.18 12:44:00.994,1.39908,1.39912,1.00,3.37
2015.06.18 12:44:01.045,1.39904,1.3991,2.25,1.05
2015.06.18 12:44:01.096,1.399,1.39907,3.45,1.50
2015.06.18 12:44:01.402,1.39898,1.39901,1.91,1.50
2015.06.18 12:44:01.453,1.39895,1.399,1.75,1.00
2015.06.18 12:44:01.504,1.39892,1.39899,1.00,1.50
2015.06.18 12:44:01.727,1.39891,1.39897,1.00,1.00
2015.06.18 12:44:02.234,1.39891,1.39897,1.87,1.00
2015.06.18 12:44:03.034,1.39891,1.39897,1.97,1.00
2015.06.18 12:44:03.338,1.39897,1.39903,1.00,1.57
2015.06.18 12:44:03.490,1.39895,1.399,1.50,1.00
2015.06.18 12:44:03.808,1.39893,1.39898,1.00,1.00
2015.06.18 12:44:04.011,1.39891,1.39898,2.10,1.50
2015.06.18 12:44:04.553,1.3989,1.39898,2.47,1.50
2015.06.18 12:44:04.921,1.39891,1.39898,2.47,1.50
2015.06.18 12:44:05.123,1.39891,1.39902,2.47,1.54
2015.06.18 12:44:05.626,1.39891,1.39902,2.51,1.91
2015.06.18 12:44:07.004,1.39895,1.39902,1.12,1.54
2015.06.18 12:44:07.333,1.39898,1.39907,2.62,1.87
2015.06.18 12:44:07.385,1.39898,1.39904,1.37,1.00
2015.06.18 12:44:07.436,1.39897,1.39904,1.50,1.00
2015.06.18 12:44:07.538,1.39897,1.39904,1.50,1.54
2015.06.18 12:44:07.640,1.39893,1.39902,1.00,1.87
2015.06.18 12:44:07.895,1.39893,1.39902,1.37,1.00
2015.06.18 12:44:08.350,1.39895,1.39902,1.37,1.00
2015.06.18 12:44:08.655,1.39922,1.39925,1.00,1.87
2015.06.18 12:44:08.961,1.39925,1.39929,1.87,1.00
2015.06.18 12:44:09.466,1.39925,1.39929,1.87,1.50
2015.06.18 12:44:10.025,1.39926,1.39929,1.91,1.37
2015.06.18 12:44:10.549,1.39925,1.39928,1.12,1.37
2015.06.18 12:44:10.751,1.39927,1.3993,1.00,1.00
2015.06.18 12:44:10.904,1.3993,1.39931,1.00,1.00
2015.06.18 12:44:11.107,1.39927,1.39931,1.50,1.00
2015.06.18 12:44:11.365,1.39929,1.39931,1.00,1.00
2015.06.18 12:44:12.364,1.39928,1.39929,1.54,1.50
2015.06.18 12:44:12.696,1.39924,1.39928,1.00,1.12
2015.06.18 12:44:12.747,1.39926,1.39928,1.00,1.12
2015.06.18 12:44:13.052,1.3993,1.39933,1.00,2.29
2015.06.18 12:44:13.103,1.3993,1.39935,1.50,1.12
2015.06.18 12:44:13.614,1.3993,1.39933,1.50,1.09
2015.06.18 12:44:13.716,1.39926,1.39932,2.25,1.16
2015.06.18 12:44:13.819,1.39928,1.39932,1.50,1.16
2015.06.18 12:44:13.921,1.3993,1.39935,1.05,1.00
2015.06.18 12:44:14.022,1.39932,1.39936,1.00,1.00
2015.06.18 12:44:14.074,1.39932,1.39938,1.00,1.05
2015.06.18 12:44:14.175,1.39934,1.39939,1.37,1.00
2015.06.18 12:44:14.585,1.39934,1.39941,1.87,1.12
2015.06.18 12:44:15.093,1.39934,1.3994,1.37,1.12
2015.06.18 12:44:15.245,1.39931,1.39937,3.37,1.00
2015.06.18 12:44:15.780,1.39931,1.39938,2.66,1.00
2015.06.18 12:44:16.148,1.39931,1.39937,2.62,1.87
2015.06.18 12:44:16.250,1.39929,1.39935,2.25,2.32
2015.06.18 12:44:16.614,1.39929,1.39931,1.12,1.00
2015.06.18 12:44:16.665,1.39927,1.39934,1.50,4.16
2015.06.18 12:44:17.019,1.39929,1.39934,1.00,1.00
2015.06.18 12:44:17.325,1.39939,1.3994,1.00,1.00
2015.06.18 12:44:17.538,1.39947,1.3995,1.00,1.37
2015.06.18 12:44:17.590,1.39947,1.39953,1.00,1.12
2015.06.18 12:44:17.742,1.3995,1.39955,1.00,3.75
2015.06.18 12:44:18.249,1.39949,1.39956,2.25,1.50
2015.06.18 12:44:18.985,1.3995,1.39956,1.00,1.50
2015.06.18 12:44:19.187,1.39953,1.39958,1.00,2.25
2015.06.18 12:44:19.340,1.39956,1.39958,1.00,1.00
2015.06.18 12:44:19.442,1.39953,1.39958,1.54,1.87
2015.06.18 12:44:19.685,1.39951,1.39956,1.00,1.12
2015.06.18 12:44:20.195,1.3995,1.39956,3.00,1.12
2015.06.18 12:44:21.370,1.39954,1.39957,1.00,1.50
2015.06.18 12:44:21.523,1.39954,1.39963,2.62,1.87
2015.06.18 12:44:21.574,1.39957,1.39964,1.50,1.57
2015.06.18 12:44:21.676,1.39957,1.39965,2.25,1.87
2015.06.18 12:44:22.147,1.39959,1.39964,1.00,1.00
2015.06.18 12:44:22.988,1.39959,1.39961,1.00,1.00
2015.06.18 12:44:23.291,1.39958,1.3996,1.00,2.25
2015.06.18 12:44:23.343,1.39952,1.39956,1.50,4.12
2015.06.18 12:44:23.495,1.39947,1.39954,1.00,1.50
2015.06.18 12:44:23.698,1.39952,1.39956,1.00,1.65
2015.06.18 12:44:24.002,1.39952,1.39953,1.50,1.00
2015.06.18 12:44:24.053,1.3995,1.39953,1.09,1.87
2015.06.18 12:44:24.264,1.39947,1.3995,1.54,1.42
2015.06.18 12:44:24.366,1.39945,1.39949,1.00,1.12
2015.06.18 12:44:24.417,1.39942,1.39944,4.16,1.00
2015.06.18 12:44:24.926,1.39943,1.39945,1.00,1.00
2015.06.18 12:44:25.284,1.39951,1.39952,1.00,1.12
2015.06.18 12:44:25.336,1.39951,1.39955,1.09,1.50
2015.06.18 12:44:25.388,1.39952,1.39957,1.05,1.00
2015.06.18 12:44:25.439,1.39955,1.39959,1.00,1.95
2015.06.18 12:44:25.946,1.39956,1.39959,1.00,1.12
2015.06.18 12:44:26.372,1.39955,1.39957,1.00,1.00
2015.06.18 12:44:26.476,1.39955,1.3996,1.00,1.54
2015.06.18 12:44:27.345,1.39955,1.3996,1.00,1.87
2015.06.18 12:44:27.396,1.39953,1.3996,1.00,1.87
2015.06.18 12:44:27.599,1.39953,1.39954,1.00,1.00
2015.06.18 12:44:27.700,1.39948,1.39953,1.00,1.00
2015.06.18 12:44:27.751,1.3995,1.39953,1.00,1.00
2015.06.18 12:44:28.106,1.39952,1.39955,1.00,1.42
2015.06.18 12:44:28.380,1.39949,1.39952,1.50,1.00
2015.06.18 12:44:28.734,1.39949,1.3995,1.50,1.00
2015.06.18 12:44:28.836,1.39946,1.3995,1.09,1.50
2015.06.18 12:44:29.486,1.39948,1.3995,2.25,1.00
2015.06.18 12:44:32.324,1.39951,1.39953,1.00,1.12
2015.06.18 12:44:32.426,1.39955,1.3996,1.00,1.95
2015.06.18 12:44:32.529,1.39955,1.39961,1.50,1.37
2015.06.18 12:44:32.632,1.39955,1.39957,1.50,1.00
2015.06.18 12:44:32.937,1.39946,1.39953,1.00,1.87
2015.06.18 12:44:33.287,1.39944,1.39949,1.54,1.00
2015.06.18 12:44:33.592,1.39942,1.39948,1.50,1.37
2015.06.18 12:44:33.896,1.39933,1.3994,1.12,1.00
2015.06.18 12:44:33.947,1.39932,1.3994,1.37,1.00
2015.06.18 12:44:34.116,1.39932,1.39936,1.37,1.12
2015.06.18 12:44:34.320,1.3993,1.39936,1.05,1.37
2015.06.18 12:44:34.524,1.39928,1.39936,2.89,1.42
2015.06.18 12:44:34.839,1.3993,1.39938,1.50,1.12
2015.06.18 12:44:35.347,1.39931,1.3994,1.50,1.87
2015.06.18 12:44:38.089,1.39931,1.39939,1.37,1.37
2015.06.18 12:44:38.140,1.39935,1.39939,1.00,1.37
2015.06.18 12:44:38.241,1.39936,1.39942,1.16,2.62
2015.06.18 12:44:38.343,1.39936,1.39944,1.09,1.50
2015.06.18 12:44:39.054,1.39936,1.39944,1.54,1.12
2015.06.18 12:44:39.570,1.39936,1.39944,1.57,1.12
2015.06.18 12:44:40.967,1.39937,1.39944,1.00,1.50
2015.06.18 12:44:41.221,1.39935,1.39941,1.54,1.00
2015.06.18 12:44:41.272,1.39935,1.39938,1.54,1.00
2015.06.18 12:44:41.527,1.39927,1.39932,1.00,1.37
2015.06.18 12:44:41.786,1.3993,1.39934,1.00,1.57
2015.06.18 12:44:41.893,1.39929,1.39938,2.32,1.54
2015.06.18 12:44:41.995,1.39932,1.39939,1.00,1.37
2015.06.18 12:44:42.046,1.39932,1.39943,1.54,4.57
2015.06.18 12:44:42.147,1.39932,1.39937,1.50,1.00
2015.06.18 12:44:42.249,1.39929,1.39937,1.12,1.00
2015.06.18 12:44:42.762,1.39929,1.39937,1.87,1.37
2015.06.18 12:44:43.316,1.39929,1.39934,1.00,1.00
2015.06.18 12:44:43.771,1.39931,1.3994,1.00,2.25
2015.06.18 12:44:44.277,1.3993,1.3994,3.00,1.91
2015.06.18 12:44:44.960,1.39931,1.39939,1.00,1.87
2015.06.18 12:44:45.062,1.39936,1.39939,1.05,1.00
2015.06.18 12:44:45.267,1.39939,1.39946,1.00,2.25
2015.06.18 12:44:45.368,1.3994,1.39948,1.00,2.25
2015.06.18 12:44:45.520,1.39942,1.39948,1.00,1.75
2015.06.18 12:44:46.029,1.39941,1.39948,1.54,1.37
2015.06.18 12:44:46.508,1.39942,1.39948,1.09,1.37
2015.06.18 12:44:46.881,1.39939,1.39942,4.00,1.20
2015.06.18 12:44:46.932,1.39935,1.39941,2.25,1.05
2015.06.18 12:44:47.085,1.39938,1.39941,1.00,1.00
2015.06.18 12:44:47.288,1.39939,1.39946,1.00,1.50
2015.06.18 12:44:47.491,1.39939,1.39946,1.87,1.00
2015.06.18 12:44:47.803,1.39942,1.39948,1.57,1.37
2015.06.18 12:44:48.120,1.39943,1.39945,1.00,1.37
2015.06.18 12:44:48.272,1.39944,1.3995,1.00,1.57
2015.06.18 12:44:48.374,1.39946,1.3995,1.00,1.37
2015.06.18 12:44:48.475,1.39946,1.39951,1.00,1.05
2015.06.18 12:44:48.843,1.39946,1.3995,1.50,1.37
2015.06.18 12:44:48.945,1.39942,1.39949,2.29,1.37
2015.06.18 12:44:49.149,1.3994,1.39941,1.00,1.00
2015.06.18 12:44:49.403,1.39932,1.39934,1.50,1.00
2015.06.18 12:44:49.454,1.39931,1.39933,1.54,1.00
2015.06.18 12:44:49.657,1.39926,1.39935,2.29,2.32
2015.06.18 12:44:49.864,1.39923,1.39933,2.32,1.37
2015.06.18 12:44:50.168,1.39926,1.39933,1.00,1.12
2015.06.18 12:44:50.675,1.39928,1.39935,1.00,3.00
2015.06.18 12:44:50.777,1.39928,1.39935,1.00,1.54
2015.06.18 12:44:50.979,1.39932,1.39938,1.00,1.87
2015.06.18 12:44:51.793,1.39934,1.39942,1.00,4.12
2015.06.18 12:44:52.199,1.39936,1.39942,1.00,1.12
2015.06.18 12:44:52.301,1.39935,1.39943,5.62,1.50
2015.06.18 12:44:52.352,1.3994,1.39943,1.00,1.00
2015.06.18 12:44:52.403,1.3994,1.39947,1.00,2.25
2015.06.18 12:44:52.454,1.39942,1.39948,1.12,1.50
2015.06.18 12:44:52.756,1.3994,1.39945,1.50,1.00
2015.06.18 12:44:52.858,1.39936,1.39946,1.37,1.05
2015.06.18 12:44:53.373,1.39938,1.39947,1.09,1.54
2015.06.18 12:44:53.793,1.39941,1.3995,1.00,2.62
2015.06.18 12:44:54.098,1.3995,1.39951,1.50,1.00
2015.06.18 12:44:54.149,1.3995,1.39955,1.50,4.57
2015.06.18 12:44:54.200,1.39951,1.39955,1.05,1.00
2015.06.18 12:44:54.251,1.39951,1.39957,1.54,1.16
2015.06.18 12:44:54.302,1.39953,1.39958,2.25,1.37
2015.06.18 12:44:54.505,1.39955,1.39963,1.00,3.82
2015.06.18 12:44:54.713,1.3996,1.39963,1.00,1.95
2015.06.18 12:44:54.765,1.39962,1.39967,1.00,1.12
2015.06.18 12:44:54.917,1.3996,1.39968,1.00,1.87
2015.06.18 12:44:55.070,1.39956,1.39966,1.91,1.50
2015.06.18 12:44:55.762,1.39956,1.39965,1.00,1.00
2015.06.18 12:44:55.864,1.39956,1.39961,1.00,1.00
2015.06.18 12:44:56.067,1.39954,1.39962,1.50,1.12
2015.06.18 12:44:56.320,1.39952,1.39962,1.00,1.12
2015.06.18 12:44:58.960,1.39955,1.39962,1.00,1.12
2015.06.18 12:45:00.649,1.39955,1.39962,1.50,1.37
2015.06.18 12:45:00.989,1.39955,1.39959,1.00,1.00
2015.06.18 12:45:01.193,1.3995,1.39956,1.00,3.04
2015.06.18 12:45:01.244,1.39947,1.39956,1.50,8.14
2015.06.18 12:45:01.295,1.39945,1.39953,1.12,1.00
2015.06.18 12:45:01.346,1.39945,1.39951,1.12,1.00
2015.06.18 12:45:01.498,1.39943,1.39951,1.00,1.50
2015.06.18 12:45:04.270,1.39942,1.39951,1.50,1.50
2015.06.18 12:45:04.854,1.39941,1.39951,2.25,1.87
2015.06.18 12:45:05.159,1.3994,1.39949,1.00,3.00
2015.06.18 12:45:05.260,1.39939,1.39947,1.54,1.00
2015.06.18 12:45:05.413,1.39937,1.39946,1.50,1.54
2015.06.18 12:45:05.515,1.39935,1.39945,2.29,1.00
2015.06.18 12:45:06.234,1.39935,1.39945,1.00,4.95
2015.06.18 12:45:06.335,1.39933,1.39944,1.50,2.32
2015.06.18 12:45:06.652,1.39934,1.39946,4.35,2.62
2015.06.18 12:45:06.703,1.39937,1.39947,1.50,2.66
2015.06.18 12:45:07.249,1.39936,1.39945,1.00,1.12
2015.06.18 12:45:07.808,1.39937,1.39945,1.12,1.00
2015.06.18 12:45:08.112,1.39942,1.39951,1.00,3.00
2015.06.18 12:45:08.163,1.39941,1.39951,4.87,2.62
2015.06.18 12:45:08.366,1.39943,1.39952,1.00,1.00
2015.06.18 12:45:08.878,1.39943,1.39953,1.00,4.16
2015.06.18 12:45:09.386,1.39943,1.39952,1.05,1.12
2015.06.18 12:45:09.696,1.39943,1.39949,1.12,1.12
2015.06.18 12:45:10.007,1.39941,1.39949,1.50,1.00
2015.06.18 12:45:10.311,1.39939,1.39948,1.50,1.00
2015.06.18 12:45:10.841,1.39939,1.39948,1.50,1.87
2015.06.18 12:45:11.194,1.39939,1.39944,1.50,1.00
2015.06.18 12:45:11.347,1.39935,1.39944,1.50,1.87
2015.06.18 12:45:11.398,1.39935,1.39941,1.54,1.00
2015.06.18 12:45:11.499,1.39934,1.39944,1.00,3.79
2015.06.18 12:45:11.718,1.39938,1.39944,1.50,3.75
2015.06.18 12:45:11.772,1.39942,1.39948,1.00,1.00
2015.06.18 12:45:11.925,1.39942,1.3995,1.00,1.12
2015.06.18 12:45:12.447,1.39942,1.39951,2.29,1.00
2015.06.18 12:45:12.746,1.39944,1.39951,1.00,1.00
2015.06.18 12:45:13.050,1.39939,1.39945,1.50,1.00
2015.06.18 12:45:13.581,1.39939,1.39946,1.50,1.00
2015.06.18 12:45:14.382,1.39939,1.39947,1.50,1.00
2015.06.18 12:45:14.692,1.39939,1.39945,1.50,1.00
2015.06.18 12:45:15.637,1.39939,1.39943,1.50,1.00
2015.06.18 12:45:15.841,1.39933,1.39939,1.00,1.00
2015.06.18 12:45:16.314,1.39934,1.39942,1.35,1.50
2015.06.18 12:45:16.894,1.39934,1.39945,2.10,2.62
2015.06.18 12:45:17.282,1.39938,1.39941,1.00,1.00
2015.06.18 12:45:17.434,1.39937,1.39944,1.00,1.00
2015.06.18 12:45:17.536,1.39939,1.39944,1.00,1.00
2015.06.18 12:45:17.587,1.39939,1.39947,1.00,1.00
2015.06.18 12:45:17.638,1.39941,1.39948,2.29,1.37
2015.06.18 12:45:17.841,1.39939,1.39949,1.50,2.25
2015.06.18 12:45:18.370,1.39938,1.39947,2.66,1.42
2015.06.18 12:45:19.003,1.39938,1.39945,1.54,1.00
2015.06.18 12:45:19.504,1.39938,1.39945,1.91,1.00
2015.06.18 12:45:20.009,1.39938,1.39949,2.62,2.32
2015.06.18 12:45:20.212,1.39938,1.39949,2.25,2.70
2015.06.18 12:45:20.417,1.39938,1.39949,2.62,3.45
2015.06.18 12:45:20.829,1.39938,1.39947,2.25,1.37
2015.06.18 12:45:21.133,1.3994,1.39949,1.00,1.42
2015.06.18 12:45:21.446,1.39944,1.39953,2.29,1.12
2015.06.18 12:45:21.598,1.39945,1.39956,1.16,2.70
2015.06.18 12:45:21.700,1.39947,1.39956,1.00,2.25
2015.06.18 12:45:22.009,1.39953,1.39958,1.00,3.30
2015.06.18 12:45:22.334,1.39961,1.39967,1.00,1.16
2015.06.18 12:45:22.872,1.3996,1.39967,1.50,1.12
2015.06.18 12:45:23.398,1.39963,1.39967,1.00,1.00
2015.06.18 12:45:23.928,1.39963,1.39967,1.00,1.97
2015.06.18 12:45:24.030,1.39959,1.39963,1.16,1.00
2015.06.18 12:45:24.182,1.39957,1.39962,1.50,1.00
2015.06.18 12:45:24.428,1.3995,1.39959,1.00,1.00
2015.06.18 12:45:24.631,1.39949,1.39959,3.00,2.62
2015.06.18 12:45:25.145,1.39949,1.39959,3.00,3.45
2015.06.18 12:45:25.560,1.39957,1.39959,1.00,1.00
2015.06.18 12:45:25.611,1.39955,1.39962,1.50,1.00
2015.06.18 12:45:25.662,1.39955,1.39965,2.25,1.50
2015.06.18 12:45:25.814,1.39957,1.39965,1.00,1.50
2015.06.18 12:45:26.320,1.39958,1.39968,1.50,3.45
2015.06.18 12:45:26.773,1.39958,1.39967,1.50,1.84
2015.06.18 12:45:27.294,1.39958,1.39967,1.50,2.25
2015.06.18 12:45:27.796,1.39958,1.39966,1.00,1.57
2015.06.18 12:45:28.100,1.3996,1.39967,1.00,1.50
2015.06.18 12:45:28.643,1.3996,1.39965,1.00,1.87
2015.06.18 12:45:28.744,1.39958,1.3996,1.05,1.00
2015.06.18 12:45:28.896,1.39957,1.39958,1.54,1.00
2015.06.18 12:45:29.049,1.39952,1.39958,1.00,1.00
2015.06.18 12:45:29.454,1.39952,1.39955,1.50,1.00
2015.06.18 12:45:29.995,1.3995,1.39955,1.87,1.12
2015.06.18 12:45:30.747,1.3995,1.39957,1.12,1.37
2015.06.18 12:45:31.019,1.3995,1.3996,3.00,1.87
2015.06.18 12:45:31.171,1.39956,1.39964,1.00,1.50
2015.06.18 12:45:31.534,1.39957,1.39965,1.37,1.00
2015.06.18 12:45:31.636,1.3996,1.39968,1.12,1.50
2015.06.18 12:45:31.688,1.39964,1.3997,1.00,1.09
2015.06.18 12:45:31.840,1.39964,1.39972,1.00,1.00
2015.06.18 12:45:32.094,1.39964,1.39974,1.05,1.87
2015.06.18 12:45:32.353,1.39964,1.39971,1.00,1.00
2015.06.18 12:45:32.615,1.39966,1.39974,1.54,1.50
2015.06.18 12:45:32.666,1.39971,1.39974,1.00,1.00
2015.06.18 12:45:32.869,1.39974,1.39978,1.00,1.05
2015.06.18 12:45:32.971,1.39975,1.39981,1.00,1.00
2015.06.18 12:45:33.073,1.39975,1.39983,1.50,1.00
2015.06.18 12:45:33.364,1.39977,1.39983,1.00,1.00
2015.06.18 12:45:33.669,1.3998,1.39983,1.00,1.00
2015.06.18 12:45:33.720,1.3998,1.39984,1.00,1.00
2015.06.18 12:45:34.282,1.39981,1.39982,1.00,1.00
2015.06.18 12:45:34.437,1.3998,1.39985,1.50,1.00
2015.06.18 12:45:34.741,1.39977,1.39985,1.05,1.37
2015.06.18 12:45:34.793,1.39976,1.39982,1.09,2.47
2015.06.18 12:45:34.894,1.39972,1.39977,1.05,1.87
2015.06.18 12:45:35.055,1.3997,1.39977,1.00,4.12
2015.06.18 12:45:35.107,1.39964,1.39971,2.32,1.00
2015.06.18 12:45:35.209,1.39963,1.39971,1.00,1.00
2015.06.18 12:45:35.463,1.39969,1.39971,1.00,1.05
2015.06.18 12:45:35.717,1.39972,1.39979,1.35,2.25
2015.06.18 12:45:35.768,1.39974,1.39979,1.00,1.00
2015.06.18 12:45:35.973,1.39977,1.39982,1.00,1.00
2015.06.18 12:45:36.025,1.39977,1.39984,1.00,1.50
2015.06.18 12:45:36.379,1.39979,1.39986,2.62,1.42
2015.06.18 12:45:36.481,1.39983,1.39991,1.54,1.87
2015.06.18 12:45:36.842,1.39982,1.39984,1.00,1.12
2015.06.18 12:45:36.893,1.39977,1.39984,1.54,3.00
2015.06.18 12:45:36.944,1.39977,1.39982,1.54,1.00
2015.06.18 12:45:36.995,1.39975,1.39982,1.05,1.05
2015.06.18 12:45:37.096,1.39977,1.39984,1.50,1.00
2015.06.18 12:45:37.401,1.39979,1.39984,1.50,1.00
2015.06.18 12:45:37.972,1.39979,1.39988,2.25,1.12
2015.06.18 12:45:38.276,1.39984,1.39993,1.50,1.37
2015.06.18 12:45:38.631,1.39984,1.39989,1.50,1.37
2015.06.18 12:45:38.893,1.39984,1.39993,1.50,1.37
2015.06.18 12:45:39.096,1.39984,1.39988,2.25,1.50
2015.06.18 12:45:39.605,1.39985,1.39987,1.50,3.04
2015.06.18 12:45:39.945,1.39984,1.39985,1.00,1.00
2015.06.18 12:45:40.199,1.39978,1.3998,1.54,1.05
2015.06.18 12:45:40.855,1.39976,1.3998,1.50,1.00
2015.06.18 12:45:41.159,1.39973,1.39977,9.75,1.12
2015.06.18 12:45:41.210,1.39973,1.39974,1.50,1.05
2015.06.18 12:45:41.261,1.39969,1.3997,9.75,1.05
2015.06.18 12:45:41.312,1.39969,1.3997,1.00,1.05
2015.06.18 12:45:41.364,1.39967,1.39969,1.54,1.00
2015.06.18 12:45:41.415,1.39967,1.39969,1.05,1.00
2015.06.18 12:45:41.466,1.39967,1.3997,1.00,1.05
2015.06.18 12:45:41.517,1.39965,1.3997,2.29,1.05
2015.06.18 12:45:41.743,1.39965,1.39972,1.50,1.00
2015.06.18 12:45:41.795,1.39966,1.3997,1.00,1.00
2015.06.18 12:45:41.846,1.39963,1.3997,1.25,1.00
2015.06.18 12:45:41.898,1.39962,1.39965,1.37,1.00
2015.06.18 12:45:41.949,1.3996,1.39965,1.87,1.00
2015.06.18 12:45:42.000,1.39958,1.39963,1.16,1.50
2015.06.18 12:45:42.051,1.39957,1.39963,1.20,1.50
2015.06.18 12:45:42.102,1.39957,1.3996,1.87,1.00
2015.06.18 12:45:42.618,1.39959,1.3996,1.00,1.00
2015.06.18 12:45:42.720,1.39959,1.39963,2.70,1.00
2015.06.18 12:45:42.821,1.39959,1.39966,2.66,1.12
2015.06.18 12:45:43.328,1.3996,1.39965,1.12,1.54
2015.06.18 12:45:43.861,1.39962,1.39965,1.00,1.50
2015.06.18 12:45:44.114,1.39962,1.39968,1.00,1.37
2015.06.18 12:45:44.628,1.39965,1.39972,1.00,1.00
2015.06.18 12:45:45.087,1.39963,1.39971,1.00,1.00
2015.06.18 12:45:45.747,1.39963,1.39969,1.00,1.00
2015.06.18 12:45:46.101,1.3996,1.39967,1.50,1.12
2015.06.18 12:45:46.866,1.39955,1.39961,1.00,1.00
2015.06.18 12:45:46.917,1.39955,1.39964,1.50,1.50
2015.06.18 12:45:46.968,1.39959,1.39964,1.00,1.57
2015.06.18 12:45:47.272,1.39963,1.39969,1.57,1.91
2015.06.18 12:45:47.785,1.39963,1.39967,1.54,1.87
2015.06.18 12:45:48.039,1.39961,1.39967,1.05,1.87
2015.06.18 12:45:48.141,1.39959,1.39967,1.27,1.87
2015.06.18 12:45:48.293,1.39957,1.39963,1.54,1.00
2015.06.18 12:45:48.344,1.39955,1.39963,2.40,1.00
2015.06.18 12:45:48.395,1.39955,1.39961,1.00,1.00
2015.06.18 12:45:48.684,1.39951,1.39959,1.00,1.00
2015.06.18 12:45:48.988,1.39949,1.39953,1.00,1.00
2015.06.18 12:45:49.039,1.39946,1.39953,1.54,1.00
2015.06.18 12:45:49.090,1.39951,1.39953,1.00,1.00
2015.06.18 12:45:49.192,1.39948,1.39951,1.00,1.00
2015.06.18 12:45:49.294,1.39945,1.39951,1.05,1.00
2015.06.18 12:45:49.687,1.39949,1.39951,1.00,1.00
2015.06.18 12:45:49.839,1.39954,1.39956,1.00,1.00
2015.06.18 12:45:49.942,1.39957,1.39961,1.00,1.54
2015.06.18 12:45:50.044,1.39958,1.39964,2.25,1.50
2015.06.18 12:45:50.095,1.39962,1.39964,1.00,1.00
2015.06.18 12:45:50.146,1.39962,1.39967,1.00,1.54
2015.06.18 12:45:50.512,1.39964,1.39968,1.00,1.00
2015.06.18 12:45:50.816,1.3996,1.39962,1.54,1.00
2015.06.18 12:45:50.919,1.39957,1.39962,1.05,1.00
2015.06.18 12:45:51.021,1.39957,1.39959,1.00,1.00
2015.06.18 12:45:51.123,1.39955,1.39959,1.00,1.50
2015.06.18 12:45:51.626,1.39954,1.39959,1.00,1.50
2015.06.18 12:45:51.880,1.39956,1.39959,1.00,1.50
2015.06.18 12:45:52.204,1.3996,1.39963,1.50,1.00
2015.06.18 12:45:52.258,1.39965,1.39968,1.00,1.00
2015.06.18 12:45:52.310,1.39968,1.39972,1.75,6.00
2015.06.18 12:45:52.362,1.39969,1.39975,2.25,1.87
2015.06.18 12:45:52.413,1.39972,1.39975,1.00,1.00
2015.06.18 12:45:52.515,1.3997,1.39975,1.00,1.00
2015.06.18 12:45:52.616,1.3997,1.39973,1.00,1.00
2015.06.18 12:45:52.768,1.39966,1.3997,1.00,1.50
2015.06.18 12:45:52.819,1.39963,1.39968,3.00,1.00
2015.06.18 12:45:53.016,1.3996,1.39968,3.37,1.87
2015.06.18 12:45:53.067,1.3996,1.39967,1.00,1.12
2015.06.18 12:45:53.118,1.39959,1.39967,1.00,1.50
2015.06.18 12:45:53.170,1.3996,1.39962,1.00,1.00
2015.06.18 12:45:53.272,1.39956,1.39962,1.00,1.50
2015.06.18 12:45:53.779,1.39955,1.39962,1.00,2.25
2015.06.18 12:45:54.282,1.39956,1.39965,1.00,2.25
2015.06.18 12:45:54.586,1.39959,1.39964,1.00,1.00
2015.06.18 12:45:54.985,1.39958,1.39967,1.50,1.12
2015.06.18 12:45:55.036,1.3996,1.39967,1.00,1.12
2015.06.18 12:45:55.340,1.39973,1.39975,2.25,1.46
2015.06.18 12:45:55.391,1.39978,1.3998,1.30,1.67
2015.06.18 12:45:55.493,1.39983,1.39987,1.00,2.25
2015.06.18 12:45:55.595,1.39987,1.39991,2.62,1.50
2015.06.18 12:45:55.816,1.3999,1.39997,1.54,1.50
2015.06.18 12:45:56.121,1.39988,1.3999,1.05,1.12
2015.06.18 12:45:56.223,1.39989,1.39994,1.00,1.37
2015.06.18 12:45:56.812,1.39992,1.39997,1.00,1.42
2015.06.18 12:45:57.015,1.39992,1.39999,1.00,1.37
2015.06.18 12:45:57.571,1.39993,1.4,1.00,1.37
2015.06.18 12:45:57.752,1.39993,1.40003,1.00,1.91
2015.06.18 12:45:58.262,1.39995,1.40004,1.50,1.05
2015.06.18 12:45:58.866,1.4,1.40005,1.00,2.62
2015.06.18 12:45:58.917,1.4,1.40008,1.00,1.37
2015.06.18 12:45:58.968,1.4,1.4001,1.00,2.62
2015.06.18 12:45:59.323,1.40002,1.4001,1.00,1.87
2015.06.18 12:45:59.525,1.40002,1.40011,1.37,2.62
2015.06.18 12:45:59.807,1.40003,1.40011,1.00,1.00
2015.06.18 12:46:00.112,1.40001,1.40009,2.25,1.09
2015.06.18 12:46:00.213,1.40001,1.4001,2.32,1.54
2015.06.18 12:46:00.315,1.40004,1.4001,1.00,1.00
2015.06.18 12:46:00.690,1.40007,1.40011,1.00,1.00
2015.06.18 12:46:00.741,1.40007,1.40015,1.00,3.04
2015.06.18 12:46:00.945,1.40007,1.40012,1.00,1.00
2015.06.18 12:46:01.098,1.40003,1.40011,1.00,1.00
2015.06.18 12:46:01.149,1.40003,1.40009,1.00,1.50
2015.06.18 12:46:01.301,1.39999,1.40008,1.00,3.00
2015.06.18 12:46:01.819,1.39998,1.40002,1.87,1.00
2015.06.18 12:46:01.972,1.39996,1.4,1.10,1.05
2015.06.18 12:46:02.024,1.39993,1.39997,1.37,1.00
2015.06.18 12:46:02.075,1.39991,1.39997,1.00,1.00
2015.06.18 12:46:02.384,1.39988,1.39997,2.29,1.00
2015.06.18 12:46:02.536,1.39988,1.39995,1.00,1.00
2015.06.18 12:46:03.368,1.39987,1.39994,1.00,1.00
2015.06.18 12:46:03.673,1.39987,1.39991,1.00,1.00
2015.06.18 12:46:03.724,1.39984,1.39991,1.00,1.00
2015.06.18 12:46:03.877,1.39985,1.39987,1.00,1.50
2015.06.18 12:46:03.928,1.39979,1.39985,1.46,1.00
2015.06.18 12:46:03.979,1.39979,1.39985,1.12,1.00
2015.06.18 12:46:04.239,1.39977,1.39983,1.12,1.00
2015.06.18 12:46:04.547,1.3998,1.39985,1.00,1.00
2015.06.18 12:46:04.598,1.39977,1.39985,1.12,1.00
2015.06.18 12:46:04.649,1.39975,1.39985,1.50,2.25
2015.06.18 12:46:04.751,1.39975,1.39982,1.00,1.00
2015.06.18 12:46:05.123,1.39982,1.39983,1.00,1.50
2015.06.18 12:46:05.228,1.39986,1.39988,1.00,1.00
2015.06.18 12:46:05.380,1.39986,1.39991,1.05,1.09
2015.06.18 12:46:05.888,1.39981,1.39988,2.25,1.00
2015.06.18 12:46:06.179,1.39984,1.39991,1.46,1.09
2015.06.18 12:46:06.382,1.3998,1.39987,1.37,1.50
2015.06.18 12:46:06.889,1.3998,1.39987,1.37,1.54
2015.06.18 12:46:07.219,1.3998,1.39987,1.37,1.54
2015.06.18 12:46:07.423,1.39984,1.39987,1.00,1.50
2015.06.18 12:46:07.525,1.39984,1.3999,1.00,1.05
2015.06.18 12:46:07.779,1.39981,1.39988,1.00,1.00
2015.06.18 12:46:08.301,1.39978,1.39988,5.25,1.50
2015.06.18 12:46:08.352,1.39978,1.39988,4.50,1.50
2015.06.18 12:46:08.759,1.3998,1.39988,1.00,1.50
2015.06.18 12:46:09.152,1.39978,1.39984,1.12,1.00
2015.06.18 12:46:09.486,1.39977,1.39982,1.37,1.00
2015.06.18 12:46:09.642,1.39975,1.39982,2.25,1.00
2015.06.18 12:46:09.794,1.39976,1.39984,1.37,2.25
2015.06.18 12:46:10.264,1.39979,1.39984,1.54,1.00
2015.06.18 12:46:10.366,1.3998,1.39986,1.00,1.00
2015.06.18 12:46:10.468,1.39976,1.39985,1.37,1.50
2015.06.18 12:46:10.570,1.39975,1.39983,1.87,1.00
2015.06.18 12:46:10.673,1.39974,1.39983,1.87,2.25
2015.06.18 12:46:10.826,1.39973,1.39977,1.87,1.00
2015.06.18 12:46:10.928,1.39971,1.39977,1.00,1.00
2015.06.18 12:46:11.132,1.39964,1.39974,3.22,1.00
2015.06.18 12:46:11.386,1.39964,1.39974,1.50,1.05
2015.06.18 12:46:11.437,1.39965,1.39972,1.00,1.00
2015.06.18 12:46:11.589,1.3996,1.39968,1.00,1.00
2015.06.18 12:46:11.640,1.39957,1.39967,1.99,1.00
2015.06.18 12:46:11.793,1.39957,1.39965,1.37,1.00
2015.06.18 12:46:12.107,1.39959,1.39967,1.00,1.00
2015.06.18 12:46:12.209,1.39961,1.39969,1.00,1.50
2015.06.18 12:46:12.361,1.39962,1.39972,1.50,2.25
2015.06.18 12:46:12.462,1.39964,1.39973,1.00,1.54
2015.06.18 12:46:12.767,1.39966,1.39975,1.54,1.00
2015.06.18 12:46:13.308,1.39966,1.39978,1.54,3.79
2015.06.18 12:46:13.625,1.39966,1.39978,2.25,3.00
2015.06.18 12:46:14.159,1.39969,1.39978,1.00,1.50
2015.06.18 12:46:14.467,1.39969,1.39976,1.00,1.00
2015.06.18 12:46:14.954,1.39969,1.39978,1.00,1.50
2015.06.18 12:46:16.283,1.39971,1.39979,1.00,1.00
2015.06.18 12:46:16.834,1.39971,1.39981,2.25,3.37
2015.06.18 12:46:17.372,1.39971,1.39981,2.25,2.62
2015.06.18 12:46:19.580,1.39976,1.39981,1.00,3.45
2015.06.18 12:46:19.790,1.39982,1.39986,1.00,1.00
2015.06.18 12:46:19.841,1.3998,1.39989,1.57,1.09
2015.06.18 12:46:19.993,1.3998,1.3999,1.00,2.25
2015.06.18 12:46:20.045,1.39982,1.3999,1.00,2.25
2015.06.18 12:46:20.602,1.39982,1.39989,1.00,1.50
2015.06.18 12:46:20.805,1.39978,1.39987,1.00,1.50
2015.06.18 12:46:20.906,1.39978,1.39985,1.00,1.00
2015.06.18 12:46:21.058,1.39976,1.39986,2.62,1.50
2015.06.18 12:46:21.110,1.39976,1.39982,1.00,1.50
2015.06.18 12:46:21.162,1.39974,1.39982,1.05,1.50
2015.06.18 12:46:21.213,1.39973,1.3998,1.50,1.00
2015.06.18 12:46:21.365,1.3997,1.39978,1.50,1.00
2015.06.18 12:46:21.879,1.39969,1.39978,1.87,1.00
2015.06.18 12:46:22.390,1.39969,1.39979,1.87,1.12
2015.06.18 12:46:22.905,1.39969,1.39979,2.25,1.37
2015.06.18 12:46:23.229,1.39969,1.39977,1.87,1.37
2015.06.18 12:46:23.532,1.39971,1.39979,1.00,1.09
2015.06.18 12:46:23.987,1.3998,1.39984,1.00,1.00
2015.06.18 12:46:24.039,1.3998,1.39988,1.50,1.00
2015.06.18 12:46:25.528,1.3998,1.3999,1.50,4.20
2015.06.18 12:46:26.063,1.3998,1.3999,2.25,1.50
2015.06.18 12:46:26.622,1.3998,1.39989,2.25,1.00
2015.06.18 12:46:27.246,1.3998,1.3999,2.25,3.37
2015.06.18 12:46:27.953,1.3998,1.3999,2.25,3.37
2015.06.18 12:46:28.156,1.39979,1.39988,1.00,1.87
2015.06.18 12:46:28.668,1.39979,1.39988,1.00,1.87
2015.06.18 12:46:30.173,1.39979,1.39988,1.00,1.87
2015.06.18 12:46:31.993,1.39979,1.39988,1.00,1.87
2015.06.18 12:46:32.102,1.39979,1.39988,1.00,1.87
2015.06.18 12:46:32.608,1.3998,1.39989,1.87,1.37
2015.06.18 12:46:32.710,1.3998,1.3999,2.25,1.50
2015.06.18 12:46:32.862,1.39983,1.3999,1.00,1.00
2015.06.18 12:46:34.528,1.39983,1.39989,1.50,1.12
2015.06.18 12:46:35.080,1.39981,1.39989,1.00,1.12
2015.06.18 12:46:37.597,1.39983,1.3999,1.00,2.62
2015.06.18 12:46:37.901,1.39988,1.39995,1.37,1.37
2015.06.18 12:46:38.104,1.39988,1.39997,1.37,1.00
2015.06.18 12:46:39.345,1.39989,1.39997,1.37,1.00
2015.06.18 12:46:39.846,1.39989,1.39999,1.00,2.25
2015.06.18 12:46:40.051,1.39985,1.39992,1.00,1.00
2015.06.18 12:46:40.642,1.39985,1.39995,2.32,2.62
2015.06.18 12:46:41.150,1.39986,1.39994,1.00,1.54
2015.06.18 12:46:42.556,1.39986,1.39995,1.50,1.87
2015.06.18 12:46:42.658,1.39989,1.39997,1.50,3.45
2015.06.18 12:46:42.860,1.39989,1.39997,1.54,1.95
2015.06.18 12:46:43.846,1.39987,1.39997,1.00,2.66
2015.06.18 12:46:43.998,1.39985,1.39996,1.50,1.37
2015.06.18 12:46:44.151,1.39984,1.39994,1.91,1.37
2015.06.18 12:46:44.678,1.39985,1.39994,1.00,1.37
2015.06.18 12:46:45.110,1.39985,1.39987,1.00,1.00
2015.06.18 12:46:45.211,1.3998,1.39987,1.50,3.37
2015.06.18 12:46:45.262,1.39979,1.39983,1.00,1.05
2015.06.18 12:46:45.314,1.39977,1.39983,1.00,1.05
2015.06.18 12:46:45.808,1.39979,1.39983,1.00,1.00
2015.06.18 12:46:45.859,1.39979,1.39986,1.00,1.00
2015.06.18 12:46:46.062,1.3998,1.39986,1.09,1.00
2015.06.18 12:46:46.164,1.3998,1.39989,1.57,1.50
2015.06.18 12:46:46.674,1.39981,1.39991,2.25,1.00
2015.06.18 12:46:47.230,1.39981,1.39991,3.04,1.00
2015.06.18 12:46:48.321,1.39983,1.39991,1.46,1.00
2015.06.18 12:46:48.374,1.39985,1.39994,1.00,1.05
2015.06.18 12:46:51.116,1.39984,1.39994,1.50,1.12
2015.06.18 12:46:52.955,1.39984,1.39994,1.37,1.12
2015.06.18 12:46:53.477,1.39984,1.39994,2.29,1.05
2015.06.18 12:46:54.272,1.39984,1.39994,3.04,1.05
2015.06.18 12:46:55.010,1.39988,1.39994,1.00,1.00
2015.06.18 12:46:56.523,1.3999,1.39994,1.00,1.00
2015.06.18 12:46:56.726,1.39994,1.39999,1.09,1.00
2015.06.18 12:46:56.962,1.39989,1.39997,2.25,1.50
2015.06.18 12:46:57.016,1.39988,1.39997,1.00,1.50
2015.06.18 12:46:57.220,1.39988,1.39995,1.00,1.50
2015.06.18 12:46:57.524,1.39987,1.39993,1.00,1.00
2015.06.18 12:46:58.221,1.39985,1.39993,1.50,1.00
2015.06.18 12:46:58.425,1.39983,1.3999,2.29,1.00
2015.06.18 12:46:58.731,1.39983,1.39985,2.25,1.00
2015.06.18 12:46:59.138,1.3998,1.39983,2.25,1.00
2015.06.18 12:46:59.190,1.39973,1.39979,3.00,1.87
2015.06.18 12:46:59.394,1.39973,1.39975,2.25,1.00
2015.06.18 12:46:59.597,1.39973,1.39977,2.25,1.50
2015.06.18 12:46:59.749,1.39973,1.39979,2.25,1.00
2015.06.18 12:47:00.266,1.39973,1.39977,2.25,1.00
2015.06.18 12:47:00.520,1.39969,1.39977,1.37,1.57
2015.06.18 12:47:00.926,1.39969,1.39977,2.47,2.44
2015.06.18 12:47:01.241,1.39987,1.39991,1.50,2.50
2015.06.18 12:47:01.292,1.39993,1.39996,1.54,3.75
2015.06.18 12:47:01.445,1.39995,1.39997,1.05,1.50
2015.06.18 12:47:01.548,1.39993,1.39997,1.00,1.50
2015.06.18 12:47:01.753,1.39995,1.39997,1.00,1.50
2015.06.18 12:47:02.059,1.39997,1.4,1.00,1.57
2015.06.18 12:47:02.567,1.39997,1.4,1.00,1.50
2015.06.18 12:47:02.871,1.4,1.40002,1.50,6.07
2015.06.18 12:47:03.093,1.40003,1.40007,1.00,1.09
2015.06.18 12:47:03.144,1.4,1.40007,1.09,1.00
2015.06.18 12:47:03.726,1.4,1.40006,1.09,1.00
2015.06.18 12:47:03.828,1.4,1.40006,1.00,1.46
2015.06.18 12:47:04.089,1.39996,1.40003,1.05,1.00
2015.06.18 12:47:04.393,1.39996,1.40001,1.00,1.00
2015.06.18 12:47:04.697,1.39999,1.40003,1.00,1.50
2015.06.18 12:47:05.064,1.40005,1.40008,1.00,1.57
2015.06.18 12:47:05.216,1.40004,1.40011,1.57,1.95
2015.06.18 12:47:05.733,1.40004,1.40011,1.00,1.50
2015.06.18 12:47:05.935,1.40001,1.40011,3.04,1.50
2015.06.18 12:47:06.476,1.40001,1.4001,1.50,1.00
2015.06.18 12:47:06.628,1.4,1.40011,1.37,2.70
2015.06.18 12:47:06.679,1.4,1.40008,1.00,1.12
2015.06.18 12:47:06.781,1.39998,1.40008,2.62,1.50
2015.06.18 12:47:06.933,1.40001,1.40008,1.00,1.87
2015.06.18 12:47:07.307,1.40002,1.40011,2.62,1.00
2015.06.18 12:47:07.408,1.40002,1.40011,1.54,1.50
2015.06.18 12:47:07.560,1.40002,1.40009,1.00,1.00
2015.06.18 12:47:07.611,1.4,1.40009,1.54,1.50
2015.06.18 12:47:07.712,1.4,1.40009,3.37,1.50
2015.06.18 12:47:08.046,1.40004,1.40009,1.00,1.50
2015.06.18 12:47:08.386,1.40008,1.40014,3.00,1.00
2015.06.18 12:47:08.437,1.40009,1.40018,1.57,1.27
2015.06.18 12:47:08.488,1.4001,1.40018,1.12,1.12
2015.06.18 12:47:08.641,1.40011,1.40021,1.50,1.00
2015.06.18 12:47:08.743,1.40011,1.40018,1.50,1.12
2015.06.18 12:47:08.946,1.40008,1.40017,1.05,1.87
2015.06.18 12:47:09.203,1.40009,1.40019,1.57,1.54
2015.06.18 12:47:09.731,1.40009,1.40019,2.29,1.91
2015.06.18 12:47:10.425,1.40009,1.40019,1.54,2.29
2015.06.18 12:47:10.729,1.40015,1.40024,1.09,1.61
2015.06.18 12:47:11.033,1.40018,1.40027,1.54,1.37
2015.06.18 12:47:11.532,1.40021,1.40027,1.00,1.37
2015.06.18 12:47:11.837,1.40019,1.40022,1.00,1.00
2015.06.18 12:47:11.889,1.40019,1.40024,1.00,1.00
2015.06.18 12:47:12.142,1.40021,1.40027,1.00,1.95
2015.06.18 12:47:12.658,1.40021,1.40027,1.00,1.87
2015.06.18 12:47:12.962,1.40026,1.40027,1.00,1.12
2015.06.18 12:47:13.064,1.40026,1.40029,1.00,1.00
2015.06.18 12:47:13.115,1.40026,1.40032,1.00,1.50
2015.06.18 12:47:13.593,1.40025,1.4003,1.09,1.00
2015.06.18 12:47:13.949,1.40024,1.4003,1.00,1.00
2015.06.18 12:47:14.203,1.40023,1.40027,1.00,1.00
2015.06.18 12:47:14.652,1.4002,1.40027,3.00,1.37
2015.06.18 12:47:14.703,1.40011,1.40017,1.50,1.35
2015.06.18 12:47:14.805,1.40007,1.40013,1.50,1.12
2015.06.18 12:47:14.856,1.40005,1.4001,1.09,1.00
2015.06.18 12:47:15.009,1.40002,1.40009,1.00,1.91
2015.06.18 12:47:15.363,1.40007,1.40009,1.00,1.57
2015.06.18 12:47:15.466,1.40005,1.40011,1.75,1.65
2015.06.18 12:47:15.620,1.40005,1.40011,1.00,1.57
2015.06.18 12:47:15.823,1.40003,1.40011,1.00,1.54
2015.06.18 12:47:15.874,1.40001,1.40011,1.50,1.57
2015.06.18 12:47:16.380,1.4,1.40009,1.00,1.54
2015.06.18 12:47:16.936,1.4,1.40009,1.00,1.87
2015.06.18 12:47:17.342,1.40003,1.40009,1.50,1.50
2015.06.18 12:47:17.444,1.40004,1.40012,1.00,1.05
2015.06.18 12:47:17.698,1.40004,1.4001,2.25,1.00
2015.06.18 12:47:17.859,1.40004,1.40012,2.25,1.16
2015.06.18 12:47:19.051,1.40005,1.40013,1.12,1.37
2015.06.18 12:47:19.102,1.40007,1.40014,1.00,1.37
2015.06.18 12:47:19.406,1.40015,1.40022,1.00,1.16
2015.06.18 12:47:19.862,1.40012,1.40022,1.05,1.50
2015.06.18 12:47:20.015,1.40012,1.40021,1.05,2.25
2015.06.18 12:47:20.066,1.40009,1.40019,2.29,1.42
2015.06.18 12:47:20.421,1.40007,1.40017,1.00,1.37
2015.06.18 12:47:20.958,1.40007,1.40016,1.00,1.37
2015.06.18 12:47:25.941,1.40008,1.40015,1.00,1.12
2015.06.18 12:47:26.247,1.40012,1.4002,1.00,1.37
2015.06.18 12:47:26.298,1.4001,1.40018,1.50,1.37
2015.06.18 12:47:26.401,1.40008,1.40018,1.05,1.87
2015.06.18 12:47:26.908,1.40006,1.40015,1.95,1.87
2015.06.18 12:47:26.961,1.40006,1.40015,1.95,1.87
2015.06.18 12:47:27.492,1.40006,1.40015,1.54,1.87
2015.06.18 12:47:28.234,1.40004,1.40006,2.32,1.00
2015.06.18 12:47:28.285,1.40002,1.40007,1.09,1.37
2015.06.18 12:47:28.336,1.40002,1.40007,1.00,1.75
2015.06.18 12:47:28.387,1.39999,1.40006,1.20,1.37
2015.06.18 12:47:28.792,1.39998,1.40006,1.00,1.37
2015.06.18 12:47:33.018,1.39996,1.40004,1.57,1.12
2015.06.18 12:47:33.221,1.39996,1.40002,1.00,1.50
2015.06.18 12:47:34.306,1.39996,1.40004,1.00,2.29
2015.06.18 12:47:35.326,1.39996,1.40002,1.00,1.50
2015.06.18 12:47:35.690,1.39996,1.40004,1.00,1.50
2015.06.18 12:47:37.127,1.39995,1.40004,1.16,1.54
2015.06.18 12:47:37.648,1.39996,1.40004,1.05,1.16
2015.06.18 12:47:39.149,1.39996,1.40004,1.91,1.54
2015.06.18 12:47:40.091,1.39996,1.40004,1.91,1.54
2015.06.18 12:47:40.641,1.39996,1.40004,1.91,1.54
2015.06.18 12:47:41.993,1.39996,1.40004,1.54,1.16
2015.06.18 12:47:42.543,1.39996,1.40004,1.05,1.54
2015.06.18 12:47:42.644,1.39996,1.40003,1.00,1.42
2015.06.18 12:47:42.695,1.39994,1.40001,2.25,1.12
2015.06.18 12:47:42.746,1.39995,1.39997,1.00,1.00
2015.06.18 12:47:42.848,1.39988,1.39997,2.62,1.87
2015.06.18 12:47:43.353,1.3999,1.39999,1.12,2.62
2015.06.18 12:47:43.404,1.3999,1.39997,1.50,1.37
2015.06.18 12:47:43.557,1.39988,1.39995,1.50,1.12
2015.06.18 12:47:43.658,1.39986,1.39995,2.25,1.87
2015.06.18 12:47:43.810,1.39988,1.39997,1.00,1.91
2015.06.18 12:47:44.114,1.3999,1.4,1.54,3.00
2015.06.18 12:47:44.634,1.39991,1.4,1.00,2.62
2015.06.18 12:47:45.155,1.39992,1.4,2.25,1.37
2015.06.18 12:47:46.395,1.39992,1.40001,2.29,1.37
2015.06.18 12:47:46.698,1.39994,1.40001,1.00,1.37
2015.06.18 12:47:48.113,1.39993,1.39998,1.05,2.25
2015.06.18 12:47:48.316,1.39991,1.39995,1.54,1.50
2015.06.18 12:47:48.842,1.3999,1.39996,1.50,1.37
2015.06.18 12:47:48.894,1.39986,1.39995,1.05,1.91
2015.06.18 12:47:49.415,1.39985,1.39993,1.09,1.16
2015.06.18 12:47:49.922,1.39985,1.39993,1.00,1.16
2015.06.18 12:47:50.437,1.39983,1.3999,2.70,1.00
2015.06.18 12:47:51.576,1.39985,1.3999,1.00,1.50
2015.06.18 12:47:52.118,1.39986,1.3999,1.00,1.50
2015.06.18 12:47:52.626,1.39987,1.3999,1.00,1.50
2015.06.18 12:47:52.727,1.39985,1.3999,1.00,1.50
2015.06.18 12:47:54.038,1.39984,1.3999,1.54,1.54
2015.06.18 12:47:54.539,1.39984,1.3999,1.09,1.54
2015.06.18 12:47:56.049,1.39983,1.3999,1.05,1.50
2015.06.18 12:47:57.023,1.39982,1.39986,3.41,1.00
2015.06.18 12:47:57.327,1.39977,1.39981,2.25,1.50
2015.06.18 12:47:57.534,1.39972,1.39981,2.85,2.29
2015.06.18 12:47:57.585,1.39972,1.3998,2.10,1.00
2015.06.18 12:47:58.224,1.39972,1.3998,1.76,1.00
2015.06.18 12:47:58.756,1.39972,1.3998,2.10,1.00
2015.06.18 12:47:59.875,1.39972,1.39981,2.10,2.62
2015.06.18 12:48:00.689,1.39976,1.39981,1.00,2.29
2015.06.18 12:48:01.082,1.39982,1.39984,1.50,1.50
2015.06.18 12:48:01.335,1.39982,1.39987,1.50,1.00
2015.06.18 12:48:01.864,1.39982,1.39988,1.00,2.62
2015.06.18 12:48:02.383,1.39982,1.3999,1.37,3.37
2015.06.18 12:48:04.187,1.39982,1.3999,1.91,1.00
2015.06.18 12:48:04.793,1.39982,1.3999,1.57,1.50
2015.06.18 12:48:05.283,1.39982,1.3999,1.91,1.00
2015.06.18 12:48:05.435,1.39983,1.39992,1.50,1.00
2015.06.18 12:48:05.992,1.39983,1.39992,1.87,1.00
2015.06.18 12:48:06.881,1.39983,1.39992,1.57,1.37
2015.06.18 12:48:07.466,1.39983,1.39992,1.54,1.00
2015.06.18 12:48:08.106,1.39983,1.39993,2.70,1.00
2015.06.18 12:48:08.610,1.39983,1.39994,2.70,1.75
2015.06.18 12:48:09.209,1.39983,1.39993,2.70,1.00
2015.06.18 12:48:11.000,1.39983,1.39994,2.62,1.75
2015.06.18 12:48:11.503,1.39983,1.39994,3.00,1.75
2015.06.18 12:48:11.706,1.39983,1.3999,1.50,1.84
2015.06.18 12:48:11.809,1.39981,1.39989,1.50,1.87
2015.06.18 12:48:12.257,1.39982,1.3999,1.87,1.50
2015.06.18 12:48:12.359,1.39984,1.39991,1.00,1.50
2015.06.18 12:48:12.612,1.3999,1.39995,1.00,2.66
2015.06.18 12:48:13.131,1.39989,1.39996,1.00,1.37
2015.06.18 12:48:13.669,1.39989,1.39996,1.00,1.37
2015.06.18 12:48:13.972,1.39992,1.4,1.50,3.00
2015.06.18 12:48:14.459,1.39993,1.4,1.00,1.37
2015.06.18 12:48:14.976,1.39995,1.40001,1.00,1.00
2015.06.18 12:48:15.577,1.39995,1.40002,1.00,1.91
2015.06.18 12:48:16.304,1.39993,1.40002,6.37,1.50
2015.06.18 12:48:16.609,1.39998,1.40007,2.25,1.37
2015.06.18 12:48:17.148,1.39996,1.40004,1.50,1.12
2015.06.18 12:48:17.659,1.39996,1.40004,1.05,1.12
2015.06.18 12:48:18.167,1.39996,1.40004,1.00,1.50
2015.06.18 12:48:18.692,1.39995,1.40004,1.50,1.50
2015.06.18 12:48:19.238,1.39994,1.40004,1.00,2.25
2015.06.18 12:48:19.757,1.39992,1.40003,3.04,1.87
2015.06.18 12:48:22.562,1.39992,1.40003,3.45,2.29
2015.06.18 12:48:22.867,1.39989,1.39994,1.87,1.42
2015.06.18 12:48:23.125,1.39984,1.39993,1.00,1.87
2015.06.18 12:48:23.227,1.39983,1.39993,1.91,1.50
2015.06.18 12:48:23.968,1.39983,1.39993,1.54,1.87
2015.06.18 12:48:24.070,1.39983,1.39993,1.54,1.87
2015.06.18 12:48:24.840,1.39983,1.39993,1.42,1.50
2015.06.18 12:48:25.435,1.39984,1.39993,1.12,2.25
2015.06.18 12:48:25.757,1.39983,1.39993,1.37,2.25
2015.06.18 12:48:26.061,1.39991,1.39998,1.42,1.42
2015.06.18 12:48:26.618,1.3999,1.39998,1.37,1.37
2015.06.18 12:48:27.050,1.3999,1.39998,1.37,1.87
2015.06.18 12:48:27.151,1.3999,1.39995,1.87,1.00
2015.06.18 12:48:27.404,1.3999,1.39994,1.00,1.37
2015.06.18 12:48:27.773,1.39983,1.39992,2.29,1.87
2015.06.18 12:48:28.308,1.39984,1.3999,1.00,2.25
2015.06.18 12:48:28.359,1.39982,1.3999,1.00,2.25
2015.06.18 12:48:28.460,1.39982,1.39987,1.00,1.00
2015.06.18 12:48:28.798,1.39975,1.39982,1.12,1.42
2015.06.18 12:48:28.849,1.39972,1.39982,1.16,2.66
2015.06.18 12:48:28.900,1.39972,1.39982,1.12,2.66
2015.06.18 12:48:29.001,1.39972,1.39982,1.12,2.29
2015.06.18 12:48:29.204,1.39971,1.3998,2.66,1.50
2015.06.18 12:48:29.770,1.39971,1.3998,1.50,1.50
2015.06.18 12:48:30.076,1.39972,1.3998,1.37,1.50
2015.06.18 12:48:30.229,1.39971,1.3998,1.16,1.50
2015.06.18 12:48:30.774,1.3997,1.3998,3.82,1.87
2015.06.18 12:48:31.028,1.3997,1.3998,1.91,2.62
2015.06.18 12:48:31.362,1.39961,1.3997,1.42,1.91
2015.06.18 12:48:31.565,1.3996,1.3997,2.32,1.91
2015.06.18 12:48:32.071,1.3996,1.3997,2.25,1.91
2015.06.18 12:48:32.596,1.3996,1.3997,2.62,1.87
2015.06.18 12:48:32.832,1.3996,1.3997,2.62,2.29
2015.06.18 12:48:33.237,1.3996,1.3997,3.37,1.54
2015.06.18 12:48:33.339,1.3996,1.3997,4.72,1.50
2015.06.18 12:48:33.646,1.39968,1.39977,1.00,4.50
2015.06.18 12:48:33.951,1.39963,1.39973,2.44,1.87
2015.06.18 12:48:34.002,1.39963,1.39971,1.25,1.00
2015.06.18 12:48:34.306,1.39959,1.39968,1.50,1.50
2015.06.18 12:48:34.689,1.39961,1.39971,1.54,1.50
2015.06.18 12:48:34.741,1.3996,1.39969,1.09,1.00
2015.06.18 12:48:34.792,1.39959,1.39969,4.91,1.00
2015.06.18 12:48:35.451,1.3996,1.39969,1.12,1.12
2015.06.18 12:48:36.574,1.39959,1.39969,3.75,1.12
2015.06.18 12:48:37.170,1.3996,1.39969,1.00,1.16
2015.06.18 12:48:38.257,1.39961,1.39969,1.00,1.05
2015.06.18 12:48:38.906,1.39961,1.39969,1.00,1.37
2015.06.18 12:48:39.057,1.39961,1.39969,1.00,1.54
2015.06.18 12:48:39.159,1.39959,1.39969,2.62,1.50
2015.06.18 12:48:39.689,1.39959,1.39969,3.00,1.42
2015.06.18 12:48:40.210,1.39959,1.39969,3.00,1.42
2015.06.18 12:48:40.762,1.39959,1.39969,3.07,1.42
2015.06.18 12:48:41.356,1.39959,1.39969,3.82,1.42
2015.06.18 12:48:41.642,1.3996,1.39969,1.00,1.37
2015.06.18 12:48:42.164,1.39961,1.39971,1.12,2.29
2015.06.18 12:48:42.418,1.39963,1.39971,1.00,2.29
2015.06.18 12:48:43.101,1.39964,1.3997,1.00,1.37
2015.06.18 12:48:43.253,1.39966,1.3997,1.57,1.00
2015.06.18 12:48:43.305,1.39966,1.39974,1.95,1.87
2015.06.18 12:48:43.810,1.39967,1.39974,1.00,1.37
2015.06.18 12:48:44.310,1.39969,1.39974,1.00,1.37
2015.06.18 12:48:44.817,1.39969,1.39977,1.54,1.91
2015.06.18 12:48:45.072,1.39964,1.39972,1.69,1.12
2015.06.18 12:48:45.524,1.39968,1.39972,1.00,1.12
2015.06.18 12:48:45.829,1.39973,1.39977,1.00,1.42
2015.06.18 12:48:46.032,1.39977,1.39978,1.10,1.00
2015.06.18 12:48:46.084,1.3998,1.39981,2.29,1.50
2015.06.18 12:48:46.341,1.39983,1.39986,1.57,1.00
2015.06.18 12:48:46.798,1.3998,1.3999,3.82,1.87
2015.06.18 12:48:47.000,1.3998,1.3999,1.25,1.87
2015.06.18 12:48:47.509,1.3998,1.3999,1.29,3.37
2015.06.18 12:48:48.022,1.3998,1.3999,1.16,3.37
2015.06.18 12:48:49.212,1.39979,1.39984,1.10,1.00
2015.06.18 12:48:49.364,1.39977,1.39985,1.00,1.87
2015.06.18 12:48:49.415,1.39981,1.39985,1.50,1.87
2015.06.18 12:48:49.829,1.39984,1.39989,1.00,1.91
2015.06.18 12:48:50.849,1.39984,1.39989,1.00,1.87
2015.06.18 12:48:51.082,1.39981,1.39989,2.25,2.62
2015.06.18 12:48:51.132,1.39981,1.39989,1.00,2.62
2015.06.18 12:48:51.236,1.39979,1.39989,1.50,6.37
2015.06.18 12:48:51.441,1.39977,1.39985,1.00,1.42
2015.06.18 12:48:51.594,1.39976,1.39982,1.00,1.50
2015.06.18 12:48:52.225,1.39974,1.39982,1.12,1.50
2015.06.18 12:48:55.626,1.39974,1.39982,1.00,1.87
2015.06.18 12:48:56.031,1.39978,1.39982,1.00,1.50
2015.06.18 12:48:56.235,1.3998,1.39985,2.29,2.25
2015.06.18 12:48:56.286,1.3998,1.3999,3.79,2.62
2015.06.18 12:48:56.439,1.39981,1.3999,1.12,1.37
2015.06.18 12:48:56.541,1.39984,1.3999,1.00,1.37
2015.06.18 12:48:56.845,1.39982,1.3999,1.09,2.25
2015.06.18 12:48:57.361,1.39982,1.39988,1.00,1.87
2015.06.18 12:48:57.955,1.39981,1.39988,1.00,1.87
2015.06.18 12:48:58.006,1.39981,1.39988,1.00,1.87
2015.06.18 12:48:58.462,1.39984,1.3999,1.00,1.37
2015.06.18 12:48:59.555,1.39983,1.3999,1.00,1.37
2015.06.18 12:49:00.542,1.39981,1.3999,1.00,2.29
2015.06.18 12:49:02.020,1.39984,1.3999,1.00,1.54
2015.06.18 12:49:02.326,1.39996,1.4,1.00,1.57
2015.06.18 12:49:02.378,1.39997,1.40004,1.00,1.65
2015.06.18 12:49:02.479,1.39996,1.40005,1.12,3.00
2015.06.18 12:49:02.786,1.39994,1.40002,1.00,1.50
2015.06.18 12:49:03.132,1.39992,1.40001,1.50,2.62
2015.06.18 12:49:03.638,1.39993,1.40001,1.00,1.91
2015.06.18 12:49:04.384,1.39992,1.40002,2.25,1.37
2015.06.18 12:49:05.062,1.39993,1.40002,1.00,1.37
2015.06.18 12:49:05.945,1.39998,1.40002,1.00,1.37
2015.06.18 12:49:05.995,1.39998,1.40002,1.00,1.00
2015.06.18 12:49:06.097,1.39998,1.40005,2.25,1.00
2015.06.18 12:49:06.249,1.39996,1.40005,1.00,1.05
2015.06.18 12:49:06.517,1.39996,1.40003,1.00,1.00
2015.06.18 12:49:07.042,1.39997,1.40003,1.50,1.00
2015.06.18 12:49:08.658,1.39995,1.40003,1.00,1.00
2015.06.18 12:49:08.912,1.39997,1.40003,1.00,1.37
2015.06.18 12:49:09.162,1.40002,1.40009,1.00,1.12
2015.06.18 12:49:09.366,1.40003,1.40011,1.00,1.00
2015.06.18 12:49:09.568,1.4001,1.40013,1.00,1.00
2015.06.18 12:49:09.951,1.40006,1.40013,1.50,1.00
2015.06.18 12:49:10.132,1.40003,1.40009,1.50,1.00
2015.06.18 12:49:10.234,1.40004,1.40007,1.50,1.00
2015.06.18 12:49:10.336,1.40005,1.40009,1.00,1.00
2015.06.18 12:49:10.387,1.40003,1.40009,1.50,1.00
2015.06.18 12:49:10.590,1.40004,1.40012,1.00,1.57
2015.06.18 12:49:11.107,1.40005,1.40013,1.50,3.00
2015.06.18 12:49:11.661,1.40005,1.40013,2.29,2.29
2015.06.18 12:49:12.232,1.40006,1.40013,1.00,2.29
2015.06.18 12:49:12.385,1.40006,1.40011,1.00,1.00
2015.06.18 12:49:12.714,1.40004,1.40009,1.05,1.00
2015.06.18 12:49:13.054,1.40005,1.40011,1.00,1.05
2015.06.18 12:49:14.196,1.40006,1.40011,1.00,1.00
2015.06.18 12:49:14.883,1.40005,1.40011,1.50,1.00
2015.06.18 12:49:14.934,1.40003,1.40011,3.04,1.00
2015.06.18 12:49:15.447,1.40003,1.40009,1.00,1.00
2015.06.18 12:49:16.101,1.40003,1.40011,1.00,1.54
2015.06.18 12:49:16.305,1.40007,1.40011,1.00,1.00
2015.06.18 12:49:16.611,1.40012,1.40014,1.00,1.00
2015.06.18 12:49:17.132,1.40009,1.40014,3.07,1.00
2015.06.18 12:49:17.661,1.40009,1.40013,2.29,1.00
2015.06.18 12:49:18.464,1.40009,1.40014,2.62,1.00
2015.06.18 12:49:19.698,1.40009,1.40013,2.62,1.00
2015.06.18 12:49:19.834,1.40009,1.40019,2.62,1.50
2015.06.18 12:49:20.342,1.40009,1.40019,2.62,1.50
2015.06.18 12:49:20.835,1.40007,1.40014,1.57,1.00
2015.06.18 12:49:21.343,1.40007,1.40014,2.66,1.00
2015.06.18 12:49:21.981,1.40007,1.40014,4.16,1.00
2015.06.18 12:49:22.032,1.40008,1.40016,1.37,1.50
2015.06.18 12:49:22.906,1.40008,1.40016,1.12,1.50
2015.06.18 12:49:22.957,1.4001,1.40016,1.00,1.50
2015.06.18 12:49:23.269,1.40007,1.40016,1.12,1.87
2015.06.18 12:49:23.533,1.40007,1.40016,1.30,1.50
2015.06.18 12:49:23.685,1.40011,1.40017,1.00,1.12
2015.06.18 12:49:23.888,1.40008,1.40017,3.00,1.00
2015.06.18 12:49:24.327,1.40007,1.40012,1.00,1.05
2015.06.18 12:49:24.631,1.40017,1.40019,1.00,6.75
2015.06.18 12:49:24.683,1.40019,1.4002,1.00,1.00
2015.06.18 12:49:24.734,1.40019,1.40023,1.00,1.00
2015.06.18 12:49:24.937,1.40019,1.40024,1.87,1.00
2015.06.18 12:49:25.223,1.40021,1.40025,1.37,1.00
2015.06.18 12:49:25.325,1.40021,1.40028,1.37,1.05
2015.06.18 12:49:25.938,1.40024,1.40028,1.00,1.16
2015.06.18 12:49:26.216,1.40022,1.40028,1.12,1.16
2015.06.18 12:49:26.468,1.40021,1.40028,1.37,1.54
2015.06.18 12:49:26.722,1.40016,1.40021,1.50,1.05
2015.06.18 12:49:28.176,1.40016,1.40019,1.00,1.00
2015.06.18 12:49:28.278,1.40014,1.40019,1.50,1.00
2015.06.18 12:49:28.830,1.40014,1.4002,2.10,1.54
2015.06.18 12:49:28.932,1.40016,1.4002,1.00,1.50
2015.06.18 12:49:29.238,1.40018,1.40021,1.00,1.00
2015.06.18 12:49:29.601,1.4002,1.40022,1.00,1.00
2015.06.18 12:49:29.703,1.40021,1.40024,1.00,1.05
2015.06.18 12:49:30.003,1.4002,1.40021,1.00,1.50
2015.06.18 12:49:30.155,1.40013,1.40018,1.50,1.09
2015.06.18 12:49:30.206,1.40012,1.40014,1.00,1.00
2015.06.18 12:49:30.257,1.4001,1.40014,1.50,1.00
2015.06.18 12:49:30.784,1.40009,1.40015,2.47,1.05
2015.06.18 12:49:31.301,1.40009,1.40015,1.35,1.05
2015.06.18 12:49:31.810,1.40008,1.40015,2.10,1.00
2015.06.18 12:49:31.911,1.40008,1.40013,1.60,1.00
2015.06.18 12:49:32.367,1.40008,1.40012,1.00,1.00
2015.06.18 12:49:32.418,1.40007,1.40009,1.00,1.00
2015.06.18 12:49:32.470,1.40004,1.40008,1.50,1.00
2015.06.18 12:49:32.988,1.40001,1.40008,1.72,1.05
2015.06.18 12:49:33.090,1.40001,1.40008,2.10,1.05
2015.06.18 12:49:34.443,1.40003,1.4001,1.87,2.25
2015.06.18 12:49:34.792,1.40006,1.40011,1.57,1.00
2015.06.18 12:49:34.944,1.40005,1.40011,1.16,1.00
2015.06.18 12:49:35.601,1.40002,1.4001,3.79,1.00
2015.06.18 12:49:36.964,1.40003,1.4001,1.00,2.29
2015.06.18 12:49:37.015,1.40003,1.40008,1.00,1.00
2015.06.18 12:49:37.419,1.40002,1.40006,1.00,1.00
2015.06.18 12:49:37.470,1.4,1.40006,1.16,1.00
2015.06.18 12:49:37.572,1.39997,1.40006,1.05,1.54
2015.06.18 12:49:37.623,1.39997,1.40001,1.05,1.00
2015.06.18 12:49:38.044,1.3999,1.39995,1.50,1.54
2015.06.18 12:49:38.146,1.39991,1.39998,1.09,1.54
2015.06.18 12:49:38.247,1.39992,1.4,2.70,1.54
2015.06.18 12:49:38.501,1.39993,1.40002,1.35,2.29
2015.06.18 12:49:38.703,1.39995,1.40002,1.87,1.54
2015.06.18 12:49:38.857,1.40001,1.40007,1.37,1.50
2015.06.18 12:49:38.958,1.39999,1.40007,1.15,1.87
2015.06.18 12:49:39.225,1.40001,1.40007,1.50,1.12
2015.06.18 12:49:39.755,1.4,1.40008,1.50,1.37
2015.06.18 12:49:40.082,1.39998,1.40008,2.29,2.66
2015.06.18 12:49:40.133,1.39998,1.40005,1.05,1.00
2015.06.18 12:49:40.508,1.39996,1.40005,1.50,2.29
2015.06.18 12:49:41.023,1.39996,1.40005,1.00,1.57
2015.06.18 12:49:42.409,1.39996,1.40005,1.00,1.54
2015.06.18 12:49:42.713,1.39999,1.40005,1.12,1.09
2015.06.18 12:49:42.815,1.39998,1.40007,1.87,1.87
2015.06.18 12:49:43.146,1.39997,1.40004,2.25,1.00
2015.06.18 12:49:43.450,1.40002,1.40008,2.66,1.37
2015.06.18 12:49:43.653,1.40006,1.40011,1.05,1.05
2015.06.18 12:49:44.195,1.40005,1.40012,1.50,1.00
2015.06.18 12:49:44.548,1.40005,1.40007,1.00,1.00
2015.06.18 12:49:44.751,1.39996,1.40002,1.20,1.00
2015.06.18 12:49:44.802,1.39993,1.39999,2.62,1.00
2015.06.18 12:49:45.019,1.39993,1.39999,1.12,1.50
2015.06.18 12:49:45.694,1.39994,1.39999,1.00,1.50
2015.06.18 12:49:46.242,1.39993,1.39999,1.00,1.50
2015.06.18 12:49:46.675,1.39996,1.39999,1.00,1.50
2015.06.18 12:49:46.980,1.40004,1.40008,1.00,1.87
2015.06.18 12:49:47.082,1.40004,1.4001,1.12,1.50
2015.06.18 12:49:47.281,1.40006,1.4001,1.00,1.50
2015.06.18 12:49:47.738,1.40003,1.40009,1.09,4.50
2015.06.18 12:49:47.789,1.4,1.40005,2.29,1.46
2015.06.18 12:49:47.840,1.39998,1.39999,1.00,1.12
2015.06.18 12:49:47.891,1.39994,1.39995,1.50,1.00
2015.06.18 12:49:47.993,1.39989,1.39992,1.12,1.00
2015.06.18 12:49:48.045,1.39986,1.39992,1.50,1.00
2015.06.18 12:49:48.203,1.39985,1.39989,1.00,1.00
2015.06.18 12:49:48.255,1.39981,1.39992,2.25,3.37
2015.06.18 12:49:48.457,1.39981,1.39992,2.25,2.29
2015.06.18 12:49:48.613,1.39981,1.3999,1.50,1.00
2015.06.18 12:49:49.063,1.39983,1.39989,1.00,1.00
2015.06.18 12:49:49.586,1.39983,1.39991,1.00,1.37
2015.06.18 12:49:49.867,1.39981,1.39991,2.25,1.37
2015.06.18 12:49:49.968,1.39983,1.39991,1.00,1.37
2015.06.18 12:49:50.221,1.39975,1.39985,1.00,1.37
2015.06.18 12:49:50.323,1.39979,1.39985,1.00,1.87
2015.06.18 12:49:50.627,1.3998,1.3999,1.00,3.37
2015.06.18 12:49:50.932,1.39983,1.3999,1.00,1.87
2015.06.18 12:49:51.236,1.39983,1.39987,1.00,1.42
2015.06.18 12:49:51.288,1.39979,1.39988,1.37,2.70
2015.06.18 12:49:51.790,1.39978,1.39987,1.00,1.37
2015.06.18 12:49:52.075,1.3998,1.39987,1.00,1.80
2015.06.18 12:49:54.863,1.39982,1.39987,1.00,1.54
2015.06.18 12:49:54.915,1.39978,1.39987,1.87,1.50
2015.06.18 12:49:54.966,1.39979,1.39987,1.09,1.37
2015.06.18 12:49:55.069,1.3998,1.39988,1.00,1.54
2015.06.18 12:49:55.222,1.3998,1.39988,1.00,2.62
2015.06.18 12:49:55.273,1.39977,1.39988,3.00,2.70
2015.06.18 12:49:55.527,1.39977,1.39988,1.54,1.54
2015.06.18 12:49:56.051,1.39978,1.39987,1.00,1.00
2015.06.18 12:49:56.354,1.39981,1.39988,1.00,1.95
2015.06.18 12:49:56.607,1.39984,1.39992,1.00,1.00
2015.06.18 12:49:57.444,1.39982,1.39992,3.07,1.00
2015.06.18 12:49:57.646,1.3998,1.39991,1.87,2.66
2015.06.18 12:49:57.747,1.3998,1.39988,1.87,1.00
2015.06.18 12:49:58.094,1.39984,1.39988,1.12,1.50
2015.06.18 12:49:58.348,1.39991,1.39997,1.50,1.09
2015.06.18 12:49:58.450,1.39994,1.40001,2.25,1.12
2015.06.18 12:49:58.501,1.39994,1.40002,2.29,1.57
2015.06.18 12:49:58.935,1.39992,1.40003,2.62,3.04
2015.06.18 12:49:59.451,1.39992,1.40003,1.12,4.20
2015.06.18 12:49:59.669,1.39992,1.4,1.12,1.50
2015.06.18 12:50:00.166,1.39992,1.39999,1.00,1.91
2015.06.18 12:50:00.217,1.39991,1.39999,1.50,1.05
2015.06.18 12:50:00.572,1.39994,1.4,1.00,1.00
2015.06.18 12:50:01.220,1.39994,1.40002,1.00,1.91
2015.06.18 12:50:01.322,1.39994,1.40004,2.66,1.91
2015.06.18 12:50:01.423,1.39994,1.40004,2.66,1.91
2015.06.18 12:50:01.626,1.39996,1.40004,1.37,1.87
2015.06.18 12:50:02.166,1.39996,1.40004,1.42,1.87
2015.06.18 12:50:02.678,1.39994,1.40004,4.57,1.87
2015.06.18 12:50:02.730,1.39994,1.40004,5.32,1.87
2015.06.18 12:50:03.531,1.39994,1.40004,5.32,1.87
2015.06.18 12:50:04.065,1.39995,1.40003,1.05,1.00
2015.06.18 12:50:04.225,1.39995,1.39999,1.00,1.00
2015.06.18 12:50:04.276,1.3999,1.39999,1.00,1.00
2015.06.18 12:50:04.377,1.3999,1.39997,1.00,1.00
2015.06.18 12:50:06.071,1.3999,1.4,1.37,2.29
2015.06.18 12:50:06.579,1.3999,1.4,1.37,3.00
2015.06.18 12:50:07.371,1.39995,1.40004,1.20,1.87
2015.06.18 12:50:07.472,1.39998,1.40004,1.00,1.37
2015.06.18 12:50:07.624,1.39998,1.40008,1.00,4.16
2015.06.18 12:50:08.133,1.39997,1.40008,1.00,3.45
2015.06.18 12:50:08.437,1.4,1.40008,1.00,3.82
2015.06.18 12:50:08.689,1.39994,1.40003,1.57,1.12
2015.06.18 12:50:08.791,1.39993,1.40003,1.50,1.12
2015.06.18 12:50:08.842,1.39993,1.40003,1.87,1.16
2015.06.18 12:50:09.161,1.39997,1.40005,1.09,1.37
2015.06.18 12:50:09.416,1.39993,1.40004,3.19,1.50
2015.06.18 12:50:09.618,1.39995,1.40005,1.50,1.91
2015.06.18 12:50:10.132,1.39999,1.40003,1.54,1.50
2015.06.18 12:50:10.285,1.40002,1.40008,1.12,1.12
2015.06.18 12:50:10.791,1.40002,1.40012,1.00,2.66
2015.06.18 12:50:11.266,1.40004,1.40012,1.00,1.54
2015.06.18 12:50:11.318,1.40008,1.40014,1.00,1.87
2015.06.18 12:50:11.571,1.40017,1.40022,1.00,1.50
2015.06.18 12:50:11.724,1.40018,1.40026,1.00,2.62
2015.06.18 12:50:12.240,1.40017,1.40025,1.50,2.62
2015.06.18 12:50:12.291,1.40015,1.40021,1.05,1.00
2015.06.18 12:50:12.395,1.40012,1.40021,1.00,1.09
2015.06.18 12:50:12.446,1.40012,1.40021,1.12,1.95
2015.06.18 12:50:12.750,1.40004,1.40009,7.87,1.50
2015.06.18 12:50:12.960,1.39997,1.40005,2.25,1.42
2015.06.18 12:50:13.011,1.39997,1.40006,2.25,2.32
2015.06.18 12:50:13.214,1.39997,1.40005,2.62,1.00
2015.06.18 12:50:13.919,1.39991,1.39998,1.16,1.50
2015.06.18 12:50:13.970,1.3999,1.39993,1.09,1.37
2015.06.18 12:50:14.021,1.39986,1.39993,1.37,1.16
2015.06.18 12:50:14.072,1.39985,1.39993,1.12,1.16
2015.06.18 12:50:14.174,1.39985,1.39991,1.12,1.00
2015.06.18 12:50:14.478,1.39984,1.39987,1.00,1.12
2015.06.18 12:50:14.632,1.39982,1.39987,1.00,1.57
2015.06.18 12:50:14.991,1.39983,1.3999,1.00,5.25
2015.06.18 12:50:15.143,1.39985,1.3999,1.00,3.45
2015.06.18 12:50:15.447,1.39988,1.3999,1.00,1.00
2015.06.18 12:50:15.498,1.39986,1.39992,1.00,1.05
2015.06.18 12:50:15.549,1.39986,1.39994,1.50,1.05
2015.06.18 12:50:15.600,1.39988,1.3999,1.00,1.00
2015.06.18 12:50:15.773,1.39986,1.39995,1.50,1.87
2015.06.18 12:50:15.824,1.39987,1.39994,1.00,1.00
2015.06.18 12:50:16.179,1.39985,1.39992,2.32,1.00
2015.06.18 12:50:16.484,1.39981,1.39991,2.44,2.29
2015.06.18 12:50:17.382,1.39982,1.39991,1.00,1.16
2015.06.18 12:50:17.483,1.39985,1.39991,1.00,1.00
2015.06.18 12:50:17.585,1.39987,1.39994,1.00,1.87
2015.06.18 12:50:17.687,1.39989,1.39997,1.00,1.87
2015.06.18 12:50:18.262,1.39986,1.39994,3.04,1.16
2015.06.18 12:50:18.413,1.39986,1.39992,2.29,1.00
2015.06.18 12:50:19.157,1.39987,1.39992,1.00,1.00
2015.06.18 12:50:19.313,1.39992,1.39999,1.00,1.09
2015.06.18 12:50:19.364,1.39992,1.4,2.25,1.00
2015.06.18 12:50:19.516,1.39994,1.40002,1.00,1.37
2015.06.18 12:50:19.769,1.39994,1.40003,1.00,1.05
2015.06.18 12:50:20.278,1.39994,1.40003,1.05,1.46
2015.06.18 12:50:20.937,1.39996,1.40004,1.00,1.87
2015.06.18 12:50:21.038,1.39996,1.40004,2.25,1.50
2015.06.18 12:50:21.190,1.39998,1.40004,1.00,1.00
2015.06.18 12:50:21.241,1.39998,1.40006,1.50,1.00
2015.06.18 12:50:21.430,1.39999,1.40007,1.50,1.37
2015.06.18 12:50:21.941,1.39998,1.40005,1.50,1.37
2015.06.18 12:50:22.492,1.4,1.40006,1.00,1.37
2015.06.18 12:50:22.803,1.39998,1.40007,2.25,1.84
2015.06.18 12:50:22.905,1.39998,1.40007,2.25,3.37
2015.06.18 12:50:23.209,1.4,1.40007,1.00,1.42
2015.06.18 12:50:23.462,1.39999,1.40009,1.54,2.62
2015.06.18 12:50:23.513,1.40001,1.40009,1.50,1.37
2015.06.18 12:50:23.614,1.39999,1.40009,2.29,2.62
2015.06.18 12:50:24.018,1.40003,1.4001,1.00,1.37
2015.06.18 12:50:24.175,1.40005,1.40011,1.00,2.62
2015.06.18 12:50:24.531,1.40006,1.40013,1.00,1.87
2015.06.18 12:50:24.633,1.40008,1.40013,1.00,1.12
2015.06.18 12:50:24.734,1.40008,1.40015,1.00,1.12
2015.06.18 12:50:25.403,1.40009,1.40017,1.50,3.00
2015.06.18 12:50:25.904,1.4001,1.40017,1.00,2.62
2015.06.18 12:50:26.412,1.4001,1.40017,1.00,2.62
2015.06.18 12:50:26.615,1.40009,1.40016,1.50,1.50
2015.06.18 12:50:26.871,1.40002,1.40008,2.70,1.00
2015.06.18 12:50:27.394,1.4,1.40007,2.25,1.00
2015.06.18 12:50:27.646,1.4,1.40007,1.37,1.91
2015.06.18 12:50:27.902,1.4,1.40006,1.12,1.12
2015.06.18 12:50:28.498,1.4,1.40006,1.12,1.37
2015.06.18 12:50:28.651,1.4,1.40007,1.20,1.05
2015.06.18 12:50:28.702,1.40004,1.40007,1.00,1.00
2015.06.18 12:50:28.854,1.40008,1.40014,1.00,2.70
2015.06.18 12:50:29.138,1.40008,1.40015,1.00,1.16
2015.06.18 12:50:29.191,1.40012,1.40016,2.25,1.00
2015.06.18 12:50:29.344,1.40011,1.4002,2.77,1.05
2015.06.18 12:50:29.496,1.40012,1.40021,1.76,1.00
2015.06.18 12:50:29.597,1.40016,1.40021,1.00,1.00
2015.06.18 12:50:29.700,1.40013,1.40021,1.50,1.00
2015.06.18 12:50:29.919,1.40015,1.40021,1.00,1.00
2015.06.18 12:50:30.426,1.40015,1.40023,1.00,1.42
2015.06.18 12:50:31.276,1.40015,1.40023,1.00,1.91
2015.06.18 12:50:31.427,1.40013,1.40022,1.50,1.42
2015.06.18 12:50:31.973,1.40013,1.40022,1.00,3.41
2015.06.18 12:50:32.481,1.40014,1.40022,1.00,3.45
2015.06.18 12:50:33.299,1.40014,1.40022,1.00,3.82
2015.06.18 12:50:33.814,1.40014,1.40022,1.00,3.79
2015.06.18 12:50:34.178,1.40014,1.40021,1.00,1.37
2015.06.18 12:50:34.682,1.40014,1.40019,1.00,1.87
2015.06.18 12:50:35.184,1.40014,1.40019,1.00,1.87
2015.06.18 12:50:35.691,1.40014,1.40019,1.00,1.87
2015.06.18 12:50:36.212,1.40013,1.40022,1.00,4.20
2015.06.18 12:50:36.667,1.40013,1.40022,1.00,3.07
2015.06.18 12:50:37.207,1.40013,1.40022,1.00,1.95
2015.06.18 12:50:37.864,1.40013,1.40023,1.50,1.87
2015.06.18 12:50:38.269,1.40011,1.4002,1.05,1.87
2015.06.18 12:50:38.509,1.4001,1.40016,1.09,1.50
2015.06.18 12:50:38.917,1.40009,1.40018,1.05,3.22
2015.06.18 12:50:39.375,1.40011,1.40014,1.00,1.87
2015.06.18 12:50:39.629,1.40008,1.40019,1.05,4.20
2015.06.18 12:50:40.088,1.40008,1.40018,1.00,2.32
2015.06.18 12:50:40.402,1.40006,1.40016,2.25,1.37
2015.06.18 12:50:40.554,1.40006,1.40016,2.25,1.75
2015.06.18 12:50:40.958,1.40006,1.40014,1.50,1.12
2015.06.18 12:50:41.474,1.40006,1.40016,1.50,2.66
2015.06.18 12:50:42.010,1.40006,1.40016,1.50,2.66
2015.06.18 12:50:42.405,1.40006,1.40015,1.00,2.14
2015.06.18 12:50:42.709,1.40006,1.40014,1.00,1.91
2015.06.18 12:50:43.054,1.40006,1.40014,1.00,1.37
2015.06.18 12:50:43.364,1.40008,1.40015,1.00,1.16
2015.06.18 12:50:43.669,1.4001,1.40018,1.00,1.87
2015.06.18 12:50:43.720,1.40008,1.40018,3.00,1.87
2015.06.18 12:50:43.882,1.4001,1.40019,1.00,1.50
2015.06.18 12:50:44.406,1.4001,1.40017,1.00,1.37
2015.06.18 12:50:44.558,1.40008,1.40016,1.05,1.37
2015.06.18 12:50:44.761,1.4001,1.40018,1.00,1.37
2015.06.18 12:50:44.964,1.40008,1.40018,2.29,2.25
2015.06.18 12:50:45.015,1.40008,1.40017,1.54,4.12
2015.06.18 12:50:45.276,1.40006,1.40015,1.37,1.42
2015.06.18 12:50:45.479,1.40006,1.40014,1.00,1.50
2015.06.18 12:50:45.682,1.40003,1.40012,1.00,1.87
2015.06.18 12:50:46.289,1.40002,1.40011,1.91,1.37
2015.06.18 12:50:46.544,1.40003,1.40012,1.00,1.87
2015.06.18 12:50:46.696,1.40004,1.40012,1.00,1.05
2015.06.18 12:50:47.001,1.40004,1.40015,2.25,3.45
2015.06.18 12:50:47.285,1.40004,1.40014,2.29,1.42
2015.06.18 12:50:47.692,1.40002,1.40012,3.37,1.87
2015.06.18 12:50:48.099,1.40002,1.40011,3.37,1.00
2015.06.18 12:50:48.200,1.40002,1.40011,3.37,1.87
2015.06.18 12:50:48.523,1.40001,1.40012,1.39,3.49
2015.06.18 12:50:48.575,1.40001,1.40012,2.51,2.74
2015.06.18 12:50:48.930,1.40003,1.40012,1.00,2.29
2015.06.18 12:50:49.082,1.40004,1.40014,1.50,1.00
2015.06.18 12:50:49.133,1.4001,1.40014,2.25,1.00
2015.06.18 12:50:49.392,1.40005,1.40014,1.87,1.00
2015.06.18 12:50:49.898,1.40006,1.40016,1.50,3.37
2015.06.18 12:50:49.949,1.4001,1.40016,1.00,3.00
2015.06.18 12:50:50.101,1.40012,1.40019,1.87,1.50
2015.06.18 12:50:50.152,1.40014,1.40019,1.50,1.50
2015.06.18 12:50:50.203,1.40017,1.40024,1.00,1.12
2015.06.18 12:50:50.470,1.40019,1.40028,1.50,1.37
2015.06.18 12:50:50.825,1.40016,1.40024,2.32,2.92
2015.06.18 12:50:50.875,1.40015,1.40023,2.25,1.42
2015.06.18 12:50:50.926,1.40014,1.40023,1.54,1.46
2015.06.18 12:50:50.977,1.40014,1.40021,1.05,1.00
2015.06.18 12:50:51.529,1.40013,1.40022,1.00,1.00
2015.06.18 12:50:52.086,1.40013,1.40022,1.37,1.00
2015.06.18 12:50:52.265,1.40017,1.40022,1.00,1.00
2015.06.18 12:50:52.316,1.40017,1.40024,1.50,1.00
2015.06.18 12:50:52.367,1.40019,1.40024,1.00,1.00
2015.06.18 12:50:52.781,1.4002,1.40028,1.00,1.37
2015.06.18 12:50:52.883,1.4002,1.4003,2.66,1.37
2015.06.18 12:50:52.934,1.40022,1.4003,1.37,1.00
2015.06.18 12:50:53.087,1.40023,1.4003,2.36,1.00
2015.06.18 12:50:53.189,1.40024,1.40033,1.00,1.37
2015.06.18 12:50:53.624,1.40028,1.40032,1.00,1.12
2015.06.18 12:50:53.675,1.40024,1.40032,2.62,1.00
2015.06.18 12:50:53.726,1.40024,1.40032,3.00,1.00
2015.06.18 12:50:53.828,1.40027,1.40033,1.00,1.05
2015.06.18 12:50:54.133,1.40029,1.40034,1.00,1.00
2015.06.18 12:50:54.549,1.40032,1.40039,1.00,1.87
2015.06.18 12:50:55.099,1.40031,1.40037,1.00,1.12
2015.06.18 12:50:56.534,1.4003,1.40038,2.25,1.37
2015.06.18 12:50:56.838,1.40034,1.40039,1.00,3.37
2015.06.18 12:50:57.363,1.40035,1.40039,1.00,1.00
2015.06.18 12:50:57.969,1.40037,1.40044,1.50,1.76
2015.06.18 12:50:58.182,1.40043,1.40048,1.00,1.00
2015.06.18 12:50:58.385,1.40041,1.40051,1.00,2.62
2015.06.18 12:50:58.688,1.40041,1.40049,1.54,1.37
2015.06.18 12:51:00.214,1.40041,1.4005,1.00,1.37
2015.06.18 12:51:00.315,1.40041,1.40051,1.50,1.50
2015.06.18 12:51:00.466,1.40043,1.4005,1.00,1.00
2015.06.18 12:51:00.619,1.40039,1.40048,1.00,1.50
2015.06.18 12:51:00.670,1.40038,1.40042,1.54,5.47
2015.06.18 12:51:00.773,1.40037,1.40038,1.00,1.00
2015.06.18 12:51:00.874,1.40036,1.40039,1.00,1.00
2015.06.18 12:51:01.077,1.40036,1.40041,1.00,1.72
2015.06.18 12:51:01.178,1.40033,1.40041,1.12,1.37
2015.06.18 12:51:01.451,1.4003,1.40036,1.00,1.35
2015.06.18 12:51:01.553,1.40031,1.40036,1.00,1.87
2015.06.18 12:51:01.604,1.40037,1.40038,1.05,3.00
2015.06.18 12:51:01.706,1.40037,1.40041,1.09,1.12
2015.06.18 12:51:01.807,1.40039,1.40046,1.00,1.00
2015.06.18 12:51:01.909,1.40042,1.40047,1.00,1.00
2015.06.18 12:51:02.467,1.40041,1.40046,1.00,1.00
2015.06.18 12:51:02.721,1.40037,1.40044,1.50,1.12
2015.06.18 12:51:03.335,1.40039,1.40047,1.00,3.41
2015.06.18 12:51:03.849,1.4004,1.40047,1.00,1.37
2015.06.18 12:51:05.333,1.40038,1.40045,1.00,1.37
2015.06.18 12:51:05.485,1.40035,1.40042,1.00,1.50
2015.06.18 12:51:05.724,1.40033,1.4004,1.12,1.00
2015.06.18 12:51:06.230,1.40032,1.4004,1.50,1.50
2015.06.18 12:51:06.635,1.40035,1.4004,1.00,1.50
2015.06.18 12:51:07.011,1.40033,1.4004,1.54,1.50
2015.06.18 12:51:07.517,1.40031,1.40038,1.00,1.50
2015.06.18 12:51:07.824,1.40026,1.40035,2.29,1.12
2015.06.18 12:51:07.876,1.40026,1.40033,1.00,1.00
2015.06.18 12:51:08.331,1.40023,1.40033,1.57,1.50
2015.06.18 12:51:08.382,1.40022,1.40032,1.50,3.79
2015.06.18 12:51:08.736,1.40024,1.40029,1.00,1.00
2015.06.18 12:51:09.245,1.40023,1.40029,1.54,1.00
2015.06.18 12:51:09.781,1.40023,1.40029,1.87,1.00
2015.06.18 12:51:09.934,1.40023,1.40029,1.00,1.00
2015.06.18 12:51:10.036,1.40021,1.40029,1.50,1.09
2015.06.18 12:51:10.543,1.40021,1.40027,1.00,2.25
2015.06.18 12:51:10.933,1.4002,1.40029,2.10,1.12
2015.06.18 12:51:11.035,1.4002,1.40029,3.00,1.00
2015.06.18 12:51:11.964,1.4002,1.40024,1.91,1.50
2015.06.18 12:51:12.369,1.40022,1.40023,1.00,1.00
2015.06.18 12:51:12.420,1.40022,1.40029,1.00,4.50
2015.06.18 12:51:12.471,1.40019,1.40029,1.12,4.50
2015.06.18 12:51:12.522,1.40019,1.40029,1.37,5.25
2015.06.18 12:51:13.415,1.40017,1.40028,4.35,1.00
2015.06.18 12:51:13.932,1.40017,1.40029,3.26,5.29
2015.06.18 12:51:14.393,1.40017,1.40029,2.89,5.29
2015.06.18 12:51:14.595,1.40017,1.40029,2.66,4.91
2015.06.18 12:51:14.747,1.40017,1.40029,2.25,6.00
2015.06.18 12:51:14.848,1.40017,1.40026,1.42,1.87
2015.06.18 12:51:15.153,1.4002,1.40026,1.00,1.37
2015.06.18 12:51:15.506,1.40022,1.40031,1.12,5.70
2015.06.18 12:51:15.558,1.40025,1.40031,1.05,2.25
2015.06.18 12:51:16.107,1.40026,1.40032,1.00,1.37
2015.06.18 12:51:16.904,1.40025,1.40032,1.50,1.37
2015.06.18 12:51:17.261,1.40019,1.4003,4.12,1.37
2015.06.18 12:51:17.363,1.40019,1.40028,1.57,1.87
2015.06.18 12:51:17.819,1.40022,1.40029,1.05,1.00
2015.06.18 12:51:18.023,1.40023,1.40031,1.16,1.00
2015.06.18 12:51:18.125,1.40026,1.40034,1.00,3.00
2015.06.18 12:51:18.227,1.40027,1.40035,1.00,1.00
2015.06.18 12:51:18.530,1.40025,1.40034,1.05,1.50
2015.06.18 12:51:18.729,1.40023,1.40028,1.00,1.50
2015.06.18 12:51:18.780,1.40018,1.40028,2.32,2.25
2015.06.18 12:51:18.831,1.40018,1.40026,1.00,1.50
2015.06.18 12:51:18.932,1.40016,1.40026,3.04,2.25
2015.06.18 12:51:19.438,1.40016,1.40026,1.50,1.87
2015.06.18 12:51:19.897,1.40014,1.40024,1.50,3.41
2015.06.18 12:51:19.948,1.40012,1.40022,1.54,1.05
2015.06.18 12:51:20.253,1.40014,1.40022,1.72,1.05
2015.06.18 12:51:20.354,1.40015,1.40022,1.60,1.00
2015.06.18 12:51:20.558,1.40016,1.40022,1.97,1.00
2015.06.18 12:51:20.609,1.40016,1.40025,2.47,1.57
2015.06.18 12:51:21.127,1.40016,1.40024,2.47,1.00
2015.06.18 12:51:21.330,1.40016,1.40024,1.00,1.87
2015.06.18 12:51:21.432,1.40014,1.40023,2.66,1.00
2015.06.18 12:51:21.636,1.40011,1.40021,2.29,1.00
2015.06.18 12:51:22.041,1.40015,1.40021,1.00,1.00
2015.06.18 12:51:22.555,1.40016,1.40021,1.00,1.00
2015.06.18 12:51:23.084,1.40015,1.40021,1.00,1.00
2015.06.18 12:51:23.318,1.40013,1.40021,1.50,1.00
2015.06.18 12:51:23.421,1.40013,1.40021,1.87,1.00
2015.06.18 12:51:23.674,1.40015,1.40024,1.87,1.87
2015.06.18 12:51:24.181,1.40018,1.40024,1.00,1.12
2015.06.18 12:51:24.708,1.40017,1.40024,1.00,1.12
2015.06.18 12:51:25.164,1.40015,1.40023,1.00,1.00
2015.06.18 12:51:25.266,1.40017,1.40023,1.00,1.00
2015.06.18 12:51:25.788,1.40018,1.40022,1.00,1.00
2015.06.18 12:51:26.334,1.40017,1.40022,1.00,1.00
2015.06.18 12:51:26.827,1.40017,1.4002,1.00,1.50
2015.06.18 12:51:26.878,1.40015,1.4002,1.54,1.50
2015.06.18 12:51:27.423,1.40014,1.4002,1.00,1.50
2015.06.18 12:51:28.007,1.40013,1.4002,1.50,2.25
2015.06.18 12:51:28.778,1.40012,1.4002,1.54,3.00
2015.06.18 12:51:29.287,1.4001,1.40015,1.09,1.50
2015.06.18 12:51:29.490,1.40002,1.40011,1.05,1.87
2015.06.18 12:51:30.433,1.40004,1.40009,1.00,1.37
2015.06.18 12:51:30.937,1.40003,1.40009,1.00,1.37
2015.06.18 12:51:30.989,1.40001,1.40009,1.16,1.37
2015.06.18 12:51:31.574,1.40002,1.40009,1.00,1.37
2015.06.18 12:51:32.293,1.4,1.40009,1.00,1.37
2015.06.18 12:51:32.344,1.4,1.40005,1.00,1.00
2015.06.18 12:51:32.706,1.40005,1.40008,1.00,1.57
2015.06.18 12:51:32.762,1.40002,1.40012,2.25,1.37
2015.06.18 12:51:32.967,1.40005,1.4001,1.37,1.00
2015.06.18 12:51:33.070,1.40006,1.40012,1.37,1.54
2015.06.18 12:51:33.121,1.40003,1.40012,2.62,1.91
2015.06.18 12:51:33.791,1.40003,1.40011,1.00,1.91
2015.06.18 12:51:34.327,1.40002,1.40011,1.50,1.91
2015.06.18 12:51:34.380,1.40002,1.40011,1.50,1.91
2015.06.18 12:51:35.335,1.40002,1.40011,1.50,1.87
2015.06.18 12:51:35.743,1.40002,1.40011,1.50,1.91
2015.06.18 12:51:36.358,1.40002,1.40011,1.50,1.91
2015.06.18 12:51:36.859,1.40001,1.40011,5.70,1.91
2015.06.18 12:51:36.960,1.40001,1.40007,4.57,1.00
2015.06.18 12:51:38.750,1.40002,1.40009,1.12,1.46
2015.06.18 12:51:38.930,1.40001,1.40003,3.79,1.00
2015.06.18 12:51:39.094,1.39997,1.40002,1.87,1.12
2015.06.18 12:51:39.145,1.39997,1.40003,2.25,1.57
2015.06.18 12:51:39.248,1.39995,1.40003,1.46,1.05
2015.06.18 12:51:39.299,1.39995,1.40002,1.09,1.00
2015.06.18 12:51:39.401,1.39994,1.40004,1.54,1.50
2015.06.18 12:51:39.452,1.39994,1.40003,1.87,1.00
2015.06.18 12:51:39.554,1.39994,1.40003,1.95,1.50
2015.06.18 12:51:39.773,1.39999,1.40003,1.00,1.50
2015.06.18 12:51:39.828,1.39998,1.40007,1.57,1.00
2015.06.18 12:51:40.283,1.39998,1.40005,1.57,1.00
2015.06.18 12:51:40.536,1.39996,1.40005,1.20,1.00
2015.06.18 12:51:40.688,1.39996,1.40003,1.37,1.00
2015.06.18 12:51:41.206,1.39996,1.40003,1.87,1.00
2015.06.18 12:51:41.725,1.39995,1.40003,1.30,1.00
2015.06.18 12:51:42.597,1.39994,1.40002,3.26,1.00
2015.06.18 12:51:43.124,1.39994,1.40002,2.47,1.37
2015.06.18 12:51:43.727,1.39994,1.40002,3.26,1.12
2015.06.18 12:51:45.424,1.39994,1.40002,3.64,1.12
2015.06.18 12:51:46.241,1.39994,1.40002,2.47,1.00
2015.06.18 12:51:46.853,1.39994,1.40002,1.87,1.35
2015.06.18 12:51:46.904,1.39994,1.39996,1.91,1.00
2015.06.18 12:51:47.006,1.39989,1.39997,4.50,1.12
2015.06.18 12:51:47.057,1.39989,1.39997,3.75,1.12
2015.06.18 12:51:47.109,1.39991,1.39998,1.00,1.37
2015.06.18 12:51:47.414,1.39995,1.40001,2.10,1.57
2015.06.18 12:51:47.516,1.39997,1.40005,1.16,2.62
2015.06.18 12:51:47.823,1.39993,1.40002,3.75,1.42
2015.06.18 12:51:47.924,1.39993,1.4,2.62,1.42
2015.06.18 12:51:48.178,1.39995,1.40002,1.37,1.37
2015.06.18 12:51:48.583,1.39993,1.40003,1.20,2.66
2015.06.18 12:51:49.163,1.39991,1.4,2.44,1.87
2015.06.18 12:51:49.366,1.39992,1.4,1.00,3.00
2015.06.18 12:51:49.417,1.39992,1.39994,1.00,1.00
2015.06.18 12:51:49.569,1.39987,1.39995,2.62,1.37
2015.06.18 12:51:49.670,1.39983,1.39993,3.82,1.05
2015.06.18 12:51:49.873,1.39983,1.39991,2.32,1.00
2015.06.18 12:51:50.459,1.39985,1.39991,1.42,1.00
2015.06.18 12:51:51.356,1.39985,1.39993,1.50,1.87
2015.06.18 12:51:51.559,1.39984,1.39991,1.50,1.50
2015.06.18 12:51:52.069,1.39986,1.39992,1.00,1.54
2015.06.18 12:51:53.269,1.39986,1.39992,1.37,1.54
2015.06.18 12:51:53.598,1.39986,1.39992,1.37,1.54
2015.06.18 12:51:54.122,1.39987,1.39992,1.37,1.50
2015.06.18 12:51:54.428,1.39993,1.39995,1.00,3.75
2015.06.18 12:51:54.530,1.39994,1.39996,1.05,1.12
2015.06.18 12:51:54.632,1.39994,1.4,1.54,1.87
2015.06.18 12:51:55.137,1.39993,1.39999,1.00,1.87
2015.06.18 12:51:55.391,1.39995,1.39999,1.50,1.91
2015.06.18 12:51:55.865,1.39993,1.4,1.00,1.87
2015.06.18 12:51:56.170,1.39996,1.4,1.00,1.87
2015.06.18 12:51:56.272,1.39995,1.4,3.37,1.87
2015.06.18 12:51:56.575,1.39997,1.4,1.00,1.37
2015.06.18 12:51:56.830,1.40002,1.40007,1.50,1.87
2015.06.18 12:51:56.887,1.40002,1.40009,2.25,1.00
2015.06.18 12:51:57.040,1.39999,1.40009,2.29,1.00
2015.06.18 12:51:57.091,1.39999,1.40007,1.54,1.37
2015.06.18 12:51:57.143,1.39997,1.40007,3.00,1.87
2015.06.18 12:51:57.396,1.39997,1.40004,1.00,1.00
2015.06.18 12:51:57.897,1.39996,1.40004,1.00,1.00
2015.06.18 12:51:58.302,1.39996,1.40002,1.00,1.00
2015.06.18 12:51:58.455,1.39996,1.40004,1.91,1.00
2015.06.18 12:51:59.500,1.39994,1.40004,1.91,2.25
2015.06.18 12:51:59.551,1.39994,1.40004,1.05,2.25
2015.06.18 12:51:59.602,1.39994,1.40001,1.00,1.00
2015.06.18 12:52:00.126,1.39994,1.40002,1.12,3.37
2015.06.18 12:52:00.278,1.39994,1.40004,1.50,3.37
2015.06.18 12:52:00.329,1.40001,1.40004,1.00,2.62
2015.06.18 12:52:00.481,1.40004,1.40008,1.00,2.25
2015.06.18 12:52:00.583,1.40006,1.40011,1.00,1.50
2015.06.18 12:52:00.685,1.40006,1.40014,1.00,1.37
2015.06.18 12:52:01.211,1.40004,1.40014,1.87,1.12
2015.06.18 12:52:01.363,1.40008,1.40014,1.00,1.12
2015.06.18 12:52:01.901,1.40008,1.40018,2.25,1.95
2015.06.18 12:52:01.953,1.4001,1.40018,1.00,1.57
2015.06.18 12:52:02.004,1.40008,1.40018,3.00,1.50
2015.06.18 12:52:02.106,1.40008,1.40016,2.25,1.00
2015.06.18 12:52:02.613,1.40008,1.40015,1.50,1.00
2015.06.18 12:52:02.934,1.40007,1.40018,2.29,1.46
2015.06.18 12:52:03.239,1.40015,1.40019,1.00,2.25
2015.06.18 12:52:03.442,1.40015,1.40021,1.00,2.25
2015.06.18 12:52:04.077,1.40015,1.40021,1.50,1.87
2015.06.18 12:52:04.128,1.40016,1.40022,1.09,1.12
2015.06.18 12:52:04.433,1.40028,1.40033,1.54,2.62
2015.06.18 12:52:04.898,1.40028,1.40029,1.00,1.50
2015.06.18 12:52:04.950,1.40021,1.40024,1.00,1.00
2015.06.18 12:52:05.001,1.4002,1.40024,1.00,1.87
2015.06.18 12:52:05.052,1.40014,1.40022,1.00,1.16
2015.06.18 12:52:05.256,1.40015,1.40025,2.25,1.87
2015.06.18 12:52:05.510,1.40017,1.40025,1.00,1.87
2015.06.18 12:52:06.025,1.40016,1.40025,1.00,2.25
2015.06.18 12:52:06.535,1.40015,1.40025,3.04,2.25
2015.06.18 12:52:06.850,1.40015,1.40023,1.00,1.50
2015.06.18 12:52:07.205,1.40015,1.40023,1.50,1.37
2015.06.18 12:52:07.409,1.40009,1.40017,1.87,1.37
2015.06.18 12:52:07.460,1.40008,1.40015,3.41,1.00
2015.06.18 12:52:07.968,1.40008,1.40015,1.00,1.87
2015.06.18 12:52:08.424,1.40009,1.40017,1.50,1.87
2015.06.18 12:52:08.475,1.40011,1.40017,1.00,1.87
2015.06.18 12:52:08.789,1.40015,1.40017,1.00,1.00
2015.06.18 12:52:08.840,1.40017,1.4002,1.00,1.50
2015.06.18 12:52:09.043,1.40017,1.4002,1.00,1.50
2015.06.18 12:52:09.349,1.40019,1.4002,1.00,1.00
2015.06.18 12:52:10.137,1.40018,1.40019,1.00,1.00
2015.06.18 12:52:10.239,1.40015,1.4002,3.00,1.00
2015.06.18 12:52:10.341,1.40018,1.40023,1.00,1.00
2015.06.18 12:52:11.211,1.40017,1.40023,1.50,1.00
2015.06.18 12:52:11.262,1.40019,1.40024,1.87,1.05
2015.06.18 12:52:11.469,1.40019,1.40025,1.50,1.87
2015.06.18 12:52:11.520,1.40019,1.40024,1.50,1.00
2015.06.18 12:52:11.726,1.40021,1.40025,1.05,1.12
2015.06.18 12:52:11.828,1.40019,1.40026,1.00,1.87
2015.06.18 12:52:12.355,1.4002,1.40025,1.00,1.12
2015.06.18 12:52:12.826,1.4002,1.40023,1.00,1.00
2015.06.18 12:52:13.133,1.40015,1.4002,1.00,1.37
2015.06.18 12:52:13.235,1.40017,1.4002,1.00,1.00
2015.06.18 12:52:13.387,1.40017,1.40022,1.05,1.50
2015.06.18 12:52:13.792,1.40019,1.40022,1.00,1.50
2015.06.18 12:52:14.355,1.40018,1.4002,1.00,1.00
2015.06.18 12:52:14.608,1.40018,1.40022,1.00,2.25
2015.06.18 12:52:14.659,1.40016,1.40022,1.12,2.25
2015.06.18 12:52:15.114,1.40014,1.40022,1.50,2.25
2015.06.18 12:52:17.180,1.40015,1.40022,1.00,1.50
2015.06.18 12:52:17.543,1.40015,1.40022,1.37,1.50
2015.06.18 12:52:17.847,1.4002,1.40022,1.00,1.50
2015.06.18 12:52:17.898,1.40021,1.40024,1.00,1.00
2015.06.18 12:52:17.949,1.40024,1.40025,2.25,1.12
2015.06.18 12:52:18.128,1.4003,1.40032,1.00,5.21
2015.06.18 12:52:18.180,1.4003,1.40033,1.09,1.50
2015.06.18 12:52:18.282,1.40029,1.40032,1.00,1.00
2015.06.18 12:52:18.333,1.40029,1.40036,1.00,1.50
2015.06.18 12:52:18.847,1.4003,1.40038,1.50,1.37
2015.06.18 12:52:19.120,1.40028,1.40034,1.00,2.70
2015.06.18 12:52:19.300,1.40024,1.4003,1.00,1.12
2015.06.18 12:52:19.452,1.4002,1.4003,1.05,1.00
2015.06.18 12:52:19.504,1.40023,1.4003,1.00,1.00
2015.06.18 12:52:19.808,1.40029,1.40038,1.00,1.37
2015.06.18 12:52:20.176,1.4003,1.40038,1.00,1.37
2015.06.18 12:52:20.706,1.4003,1.40038,1.00,1.37
2015.06.18 12:52:20.858,1.4003,1.40038,1.87,1.37
2015.06.18 12:52:21.394,1.40031,1.4004,1.37,1.37
2015.06.18 12:52:21.931,1.40032,1.40041,1.37,2.47
2015.06.18 12:52:22.135,1.40032,1.40041,1.00,2.47
2015.06.18 12:52:22.460,1.40033,1.40035,1.00,1.00
2015.06.18 12:52:22.562,1.4003,1.40036,1.00,2.66
2015.06.18 12:52:22.714,1.40029,1.40032,1.09,1.50
2015.06.18 12:52:23.223,1.40029,1.40032,1.54,1.50
2015.06.18 12:52:23.788,1.4003,1.40032,1.00,1.50
2015.06.18 12:52:24.325,1.40029,1.40032,1.54,1.50
2015.06.18 12:52:24.855,1.4003,1.40032,1.50,1.50
2015.06.18 12:52:25.374,1.40029,1.4003,1.05,2.85
2015.06.18 12:52:25.828,1.40005,1.40012,1.05,1.54
2015.06.18 12:52:26.362,1.40004,1.40013,1.00,1.91
2015.06.18 12:52:26.463,1.40006,1.40013,1.00,1.91
2015.06.18 12:52:26.565,1.40004,1.40013,1.05,1.91
2015.06.18 12:52:26.819,1.40002,1.40008,1.00,1.00
2015.06.18 12:52:26.872,1.4,1.40006,1.50,1.00
2015.06.18 12:52:27.277,1.40001,1.40008,1.12,1.37
2015.06.18 12:52:27.327,1.40003,1.40008,1.76,1.12
2015.06.18 12:52:27.378,1.40003,1.4001,2.85,2.62
2015.06.18 12:52:27.430,1.40007,1.4001,1.87,2.25
2015.06.18 12:52:27.582,1.40008,1.40016,1.00,1.50
2015.06.18 12:52:28.102,1.40009,1.40016,1.05,1.37
2015.06.18 12:52:28.620,1.40007,1.40015,1.09,1.37
2015.06.18 12:52:28.721,1.40004,1.40008,6.75,7.08
2015.06.18 12:52:29.060,1.39979,1.39981,3.75,1.50
2015.06.18 12:52:29.214,1.39974,1.39984,1.87,3.45
2015.06.18 12:52:29.316,1.39976,1.39983,1.54,1.37
2015.06.18 12:52:29.827,1.39972,1.39982,3.00,1.37
2015.06.18 12:52:29.878,1.39977,1.39981,1.00,1.87
2015.06.18 12:52:30.031,1.39975,1.39981,1.05,1.87
2015.06.18 12:52:30.385,1.39977,1.39982,1.00,1.37
2015.06.18 12:52:30.712,1.39979,1.39985,1.09,1.87
2015.06.18 12:52:30.864,1.39978,1.39986,1.05,1.87
2015.06.18 12:52:31.371,1.39977,1.39984,1.00,1.37
2015.06.18 12:52:31.933,1.39976,1.39984,1.05,1.37
2015.06.18 12:52:32.484,1.39975,1.39984,3.00,1.37
2015.06.18 12:52:33.061,1.39975,1.39984,2.25,1.37
2015.06.18 12:52:33.163,1.39973,1.39983,1.54,1.87
2015.06.18 12:52:33.264,1.39976,1.39983,1.00,1.87
2015.06.18 12:52:33.770,1.39976,1.39984,1.00,1.37
2015.06.18 12:52:34.281,1.39975,1.39984,1.20,1.37
2015.06.18 12:52:34.806,1.39975,1.39984,1.12,1.37
2015.06.18 12:52:35.335,1.39976,1.39984,1.00,1.37
2015.06.18 12:52:36.101,1.39976,1.39984,1.05,1.37
2015.06.18 12:52:36.409,1.39975,1.39978,1.05,1.37
2015.06.18 12:52:36.635,1.39971,1.39975,1.15,2.47
2015.06.18 12:52:36.686,1.39969,1.39972,1.00,1.37
2015.06.18 12:52:36.737,1.39966,1.39972,1.00,1.37
2015.06.18 12:52:36.890,1.39962,1.39971,2.62,1.09
2015.06.18 12:52:36.992,1.39962,1.39968,1.00,1.00
2015.06.18 12:52:37.094,1.39959,1.39968,1.00,1.37
2015.06.18 12:52:37.196,1.39961,1.39968,1.00,1.37
2015.06.18 12:52:37.247,1.39961,1.39968,1.00,1.00
2015.06.18 12:52:37.752,1.3996,1.39969,1.16,1.54
2015.06.18 12:52:38.258,1.39961,1.39969,1.00,1.50
2015.06.18 12:52:38.359,1.39961,1.39969,1.00,2.66
2015.06.18 12:52:38.461,1.39961,1.3997,1.00,4.54
2015.06.18 12:52:39.412,1.39961,1.39969,1.50,1.37
2015.06.18 12:52:39.716,1.39959,1.39967,1.50,1.05
2015.06.18 12:52:40.265,1.39964,1.39968,1.00,1.95
2015.06.18 12:52:40.419,1.39964,1.39969,1.00,2.25
2015.06.18 12:52:40.521,1.39964,1.39972,1.00,1.00
2015.06.18 12:52:41.040,1.39964,1.39971,1.05,1.00
2015.06.18 12:52:41.452,1.39965,1.3997,1.00,2.25
2015.06.18 12:52:41.604,1.3996,1.39968,1.50,1.00
2015.06.18 12:52:42.269,1.3996,1.39969,2.62,1.42
2015.06.18 12:52:42.371,1.39964,1.3997,1.00,1.37
2015.06.18 12:52:42.877,1.39965,1.39971,1.00,1.37
2015.06.18 12:52:43.393,1.39964,1.39973,2.29,1.37
2015.06.18 12:52:43.899,1.39965,1.39973,1.05,1.42
2015.06.18 12:52:44.152,1.39966,1.39973,1.00,1.12
2015.06.18 12:52:44.203,1.39968,1.39973,1.00,1.00
2015.06.18 12:52:44.720,1.39966,1.39974,1.37,1.37
2015.06.18 12:52:45.480,1.39966,1.39974,1.37,1.00
2015.06.18 12:52:45.854,1.39967,1.39976,1.50,1.95
2015.06.18 12:52:47.033,1.39967,1.39976,1.37,1.91
2015.06.18 12:52:47.337,1.3997,1.39976,1.00,1.91
2015.06.18 12:52:47.641,1.39973,1.39982,1.50,1.15
2015.06.18 12:52:48.150,1.39972,1.39981,1.00,1.90
2015.06.18 12:52:48.690,1.39972,1.39981,1.00,2.65
2015.06.18 12:52:49.196,1.39972,1.39979,1.00,1.39
2015.06.18 12:52:49.733,1.39973,1.39981,1.12,2.08
2015.06.18 12:52:50.139,1.39973,1.39983,1.87,1.37
2015.06.18 12:52:50.645,1.39973,1.39981,1.37,1.12
2015.06.18 12:52:52.557,1.39974,1.39983,1.12,2.29
2015.06.18 12:52:52.760,1.39975,1.39985,1.50,1.50
2015.06.18 12:52:52.811,1.39977,1.39985,1.00,1.00
2015.06.18 12:52:53.547,1.39977,1.39985,1.50,1.12
2015.06.18 12:52:55.032,1.39977,1.39987,2.25,1.57
2015.06.18 12:52:55.383,1.3998,1.39987,1.87,1.84
2015.06.18 12:52:56.597,1.39979,1.39987,1.87,1.84
2015.06.18 12:52:57.102,1.39984,1.39987,1.30,1.09
2015.06.18 12:52:57.254,1.39985,1.39994,1.37,1.50
2015.06.18 12:52:57.615,1.39985,1.39994,1.91,1.95
2015.06.18 12:52:58.121,1.39982,1.39991,1.91,1.00
2015.06.18 12:52:58.431,1.39983,1.39993,1.37,1.46
2015.06.18 12:52:58.533,1.39984,1.39994,1.72,2.29
2015.06.18 12:52:58.635,1.39986,1.39996,1.87,4.87
2015.06.18 12:52:59.200,1.39986,1.39995,1.87,1.00
2015.06.18 12:52:59.438,1.39986,1.39993,1.87,1.00
2015.06.18 12:52:59.797,1.39986,1.39996,1.87,3.00
2015.06.18 12:53:00.257,1.39984,1.39992,2.62,1.50
2015.06.18 12:53:00.460,1.39982,1.3999,1.54,1.00
2015.06.18 12:53:01.292,1.39982,1.39992,1.37,2.25
2015.06.18 12:53:01.395,1.39982,1.3999,1.37,2.62
2015.06.18 12:53:01.693,1.39979,1.39984,1.12,1.00
2015.06.18 12:53:01.744,1.39982,1.39984,1.00,1.00
2015.06.18 12:53:01.897,1.39982,1.39989,1.16,1.05
2015.06.18 12:53:02.253,1.39979,1.39988,1.37,1.50
2015.06.18 12:53:02.304,1.39979,1.39984,1.12,1.00
2015.06.18 12:53:02.406,1.39979,1.39987,1.37,1.54
2015.06.18 12:53:02.776,1.39978,1.39986,1.91,1.09
2015.06.18 12:53:03.081,1.39976,1.39978,1.12,1.00
2015.06.18 12:53:03.184,1.39972,1.39977,1.00,1.00
2015.06.18 12:53:03.560,1.39971,1.3998,1.50,1.10
2015.06.18 12:53:03.612,1.39974,1.3998,1.37,1.00
2015.06.18 12:53:03.714,1.39973,1.3998,1.87,1.00
2015.06.18 12:53:04.222,1.39971,1.39981,1.95,1.87
2015.06.18 12:53:04.742,1.39971,1.3998,2.51,1.00
2015.06.18 12:53:05.410,1.39971,1.39981,2.92,1.12
2015.06.18 12:53:05.461,1.39973,1.39979,1.87,1.00
2015.06.18 12:53:06.023,1.39971,1.3998,1.50,1.54
2015.06.18 12:53:06.433,1.39976,1.39983,1.50,1.57
2015.06.18 12:53:06.534,1.39976,1.39984,1.50,1.05
2015.06.18 12:53:06.961,1.39978,1.39982,1.00,1.00
2015.06.18 12:53:07.063,1.39981,1.39986,1.00,1.00
2015.06.18 12:53:07.266,1.39983,1.39987,1.00,1.00
2015.06.18 12:53:07.367,1.39983,1.3999,1.00,1.00
2015.06.18 12:53:07.687,1.39982,1.39988,1.00,1.00
2015.06.18 12:53:08.774,1.39985,1.39989,1.00,2.62
2015.06.18 12:53:09.232,1.39991,1.39993,1.00,1.05
2015.06.18 12:53:09.588,1.39991,1.39994,1.57,1.46
2015.06.18 12:53:09.690,1.39989,1.39991,1.05,1.12
2015.06.18 12:53:09.793,1.39988,1.39989,1.00,1.00
2015.06.18 12:53:09.894,1.39987,1.3999,1.00,1.12
2015.06.18 12:53:10.211,1.39987,1.39992,1.00,1.50
2015.06.18 12:53:10.741,1.39986,1.39992,1.00,1.50
2015.06.18 12:53:11.151,1.39988,1.39992,1.00,1.50
2015.06.18 12:53:11.440,1.39991,1.39997,1.05,1.00
2015.06.18 12:53:12.004,1.39991,1.39995,1.00,1.00
2015.06.18 12:53:12.106,1.39991,1.39998,1.00,1.12
2015.06.18 12:53:12.157,1.39995,1.39998,1.00,1.00
2015.06.18 12:53:12.259,1.39992,1.4,1.00,1.05
2015.06.18 12:53:12.800,1.39993,1.39999,1.00,1.00
2015.06.18 12:53:12.851,1.39993,1.40003,2.25,1.54
2015.06.18 12:53:12.955,1.39993,1.4,2.29,1.00
2015.06.18 12:53:13.159,1.39993,1.40003,2.29,1.54
2015.06.18 12:53:13.414,1.39997,1.40004,1.09,1.05
2015.06.18 12:53:13.719,1.39999,1.40006,1.00,1.87
2015.06.18 12:53:13.770,1.40001,1.40007,1.00,1.87
2015.06.18 12:53:14.075,1.39996,1.40002,1.50,1.00
2015.06.18 12:53:14.126,1.39996,1.40002,1.00,1.00
2015.06.18 12:53:14.405,1.39995,1.4,1.12,1.00
2015.06.18 12:53:14.916,1.39994,1.4,1.00,1.00
2015.06.18 12:53:15.383,1.39988,1.39992,1.75,1.00
2015.06.18 12:53:15.435,1.39988,1.39991,1.00,1.00
2015.06.18 12:53:15.537,1.39986,1.39991,1.50,1.00
2015.06.18 12:53:15.589,1.39988,1.39991,1.00,1.00
2015.06.18 12:53:15.642,1.39988,1.39993,1.05,1.50
2015.06.18 12:53:15.693,1.3999,1.39993,1.00,1.50
2015.06.18 12:53:15.845,1.3999,1.39996,1.05,1.65
2015.06.18 12:53:15.947,1.39988,1.39996,1.00,1.54
2015.06.18 12:53:16.048,1.39988,1.39996,1.00,5.29
2015.06.18 12:53:16.715,1.39988,1.39995,1.00,1.12
2015.06.18 12:53:16.766,1.39991,1.39995,1.00,1.00
2015.06.18 12:53:17.020,1.39991,1.39998,1.00,1.50
2015.06.18 12:53:17.906,1.39991,1.39997,1.00,1.00
2015.06.18 12:53:19.934,1.39991,1.39997,1.00,1.37
2015.06.18 12:53:19.985,1.39993,1.39997,1.00,1.37
2015.06.18 12:53:20.276,1.39991,1.39995,1.00,1.00
2015.06.18 12:53:20.327,1.39991,1.39997,1.05,1.00
2015.06.18 12:53:20.429,1.39988,1.39997,1.54,1.54
2015.06.18 12:53:20.480,1.39988,1.39992,1.54,1.00
2015.06.18 12:53:20.683,1.39988,1.39996,1.54,1.50
2015.06.18 12:53:21.253,1.3999,1.39996,1.00,1.50
2015.06.18 12:53:21.760,1.3999,1.39991,1.00,1.00
2015.06.18 12:53:21.811,1.39987,1.39991,1.05,1.00
2015.06.18 12:53:21.863,1.39986,1.39992,1.20,1.91
2015.06.18 12:53:22.015,1.39982,1.39986,1.37,1.00
2015.06.18 12:53:22.116,1.39982,1.39985,1.00,1.00
2015.06.18 12:53:22.521,1.39981,1.39986,1.00,1.00
2015.06.18 12:53:22.674,1.39981,1.39985,1.00,1.00
2015.06.18 12:53:22.775,1.39982,1.39987,1.00,1.00
2015.06.18 12:53:23.406,1.39982,1.39986,1.00,1.00
2015.06.18 12:53:23.914,1.39981,1.39986,1.05,1.00
2015.06.18 12:53:24.084,1.3998,1.39984,1.57,1.00
2015.06.18 12:53:24.337,1.39978,1.39983,1.57,1.00
2015.06.18 12:53:24.440,1.39975,1.39983,2.25,1.00
2015.06.18 12:53:24.976,1.39975,1.39982,2.29,1.00
2015.06.18 12:53:25.486,1.39975,1.39983,1.54,1.00
2015.06.18 12:53:25.740,1.39975,1.39981,1.00,1.00
2015.06.18 12:53:25.990,1.3997,1.39977,2.25,1.00
2015.06.18 12:53:26.092,1.39975,1.39977,1.00,1.00
2015.06.18 12:53:26.245,1.39975,1.3998,1.00,1.54
2015.06.18 12:53:26.297,1.39977,1.3998,1.00,1.05
2015.06.18 12:53:26.399,1.39977,1.39983,1.50,1.00
2015.06.18 12:53:26.552,1.39977,1.39985,1.50,1.05
2015.06.18 12:53:26.602,1.39979,1.39985,1.00,1.00
2015.06.18 12:53:27.149,1.39979,1.39986,1.00,1.00
2015.06.18 12:53:27.708,1.39981,1.39986,1.00,1.00
2015.06.18 12:53:27.810,1.39979,1.39986,1.00,1.00
2015.06.18 12:53:31.699,1.39982,1.39986,1.00,1.00
2015.06.18 12:53:31.953,1.39984,1.3999,2.32,1.00
2015.06.18 12:53:32.004,1.39986,1.39993,1.00,1.50
2015.06.18 12:53:32.206,1.39986,1.39996,2.32,1.95
2015.06.18 12:53:32.594,1.39991,1.39996,1.00,1.87
2015.06.18 12:53:32.697,1.39989,1.39996,1.05,1.50
2015.06.18 12:53:32.850,1.39987,1.39996,1.00,1.95
2015.06.18 12:53:33.007,1.39986,1.39992,1.50,1.00
2015.06.18 12:53:33.313,1.39982,1.39987,1.00,1.00
2015.06.18 12:53:33.365,1.39979,1.39989,2.62,4.91
2015.06.18 12:53:33.875,1.39979,1.39987,1.50,1.05
2015.06.18 12:53:34.027,1.3998,1.3999,1.50,1.91
2015.06.18 12:53:34.078,1.3998,1.3999,1.50,2.25
2015.06.18 12:53:34.375,1.39978,1.39988,1.50,1.87
2015.06.18 12:53:34.577,1.39979,1.39988,1.12,2.25
2015.06.18 12:53:34.729,1.39981,1.39991,3.07,1.50
2015.06.18 12:53:35.134,1.39981,1.39989,1.57,1.00
2015.06.18 12:53:35.235,1.39978,1.39988,1.00,1.20
2015.06.18 12:53:35.498,1.39981,1.39988,1.50,1.09
2015.06.18 12:53:35.601,1.39982,1.39992,1.00,2.25
2015.06.18 12:53:35.702,1.39982,1.39992,1.05,1.00
2015.06.18 12:53:36.215,1.39985,1.39992,1.00,1.50
2015.06.18 12:53:36.528,1.39989,1.39992,1.57,1.12
2015.06.18 12:53:36.630,1.39986,1.39992,1.50,1.00
2015.06.18 12:53:36.681,1.39986,1.39992,1.00,1.00
2015.06.18 12:53:36.782,1.39984,1.39992,1.00,1.00
2015.06.18 12:53:37.299,1.39983,1.39993,3.75,1.50
2015.06.18 12:53:40.109,1.39983,1.39993,2.62,2.29
2015.06.18 12:53:40.719,1.39983,1.39993,2.25,2.25
2015.06.18 12:53:40.873,1.39984,1.39993,1.37,1.54
2015.06.18 12:53:41.181,1.3999,1.39993,1.00,1.50
2015.06.18 12:53:41.283,1.39993,1.4,1.00,1.54
2015.06.18 12:53:41.435,1.39993,1.40002,1.87,2.29
2015.06.18 12:53:41.587,1.39993,1.40002,1.87,2.25
2015.06.18 12:53:42.027,1.39994,1.39996,1.00,1.09
2015.06.18 12:53:42.179,1.39987,1.39993,2.62,1.00
2015.06.18 12:53:42.230,1.39987,1.3999,1.87,1.00
2015.06.18 12:53:42.332,1.39985,1.39989,1.50,1.00
2015.06.18 12:53:42.434,1.39982,1.39987,1.00,1.50
2015.06.18 12:53:42.587,1.39978,1.39987,1.12,1.57
2015.06.18 12:53:42.765,1.39978,1.3998,1.12,1.00
2015.06.18 12:53:42.922,1.39969,1.39972,1.05,1.00
2015.06.18 12:53:43.024,1.39967,1.3997,1.37,1.00
2015.06.18 12:53:43.125,1.39965,1.39971,2.47,1.00
2015.06.18 12:53:43.227,1.39968,1.39974,1.72,1.00
2015.06.18 12:53:43.278,1.3997,1.39976,1.00,1.00
2015.06.18 12:53:43.330,1.39971,1.39978,1.00,1.00
2015.06.18 12:53:43.542,1.39972,1.3998,1.00,1.00
2015.06.18 12:53:43.644,1.39972,1.39982,1.50,3.00
2015.06.18 12:53:43.898,1.39972,1.39978,1.50,1.00
2015.06.18 12:53:44.204,1.39972,1.39974,1.50,1.00
2015.06.18 12:53:44.356,1.39967,1.39971,1.57,1.00
2015.06.18 12:53:44.627,1.39961,1.3997,1.37,1.00
2015.06.18 12:53:45.433,1.3996,1.3997,3.41,1.00
2015.06.18 12:53:45.954,1.3996,1.39968,4.16,1.00
2015.06.18 12:53:46.473,1.3996,1.39968,3.04,1.05
2015.06.18 12:53:47.590,1.39963,1.39968,1.00,1.05
2015.06.18 12:53:48.141,1.39963,1.39969,1.12,1.00
2015.06.18 12:53:49.852,1.39963,1.3997,1.12,2.29
2015.06.18 12:53:50.617,1.39963,1.39971,1.37,1.05
2015.06.18 12:53:50.921,1.3997,1.39977,1.50,2.25
2015.06.18 12:53:50.972,1.39971,1.39977,1.37,1.00
2015.06.18 12:53:51.023,1.39971,1.39979,1.37,1.05
2015.06.18 12:53:51.646,1.39971,1.39975,1.50,1.00
2015.06.18 12:53:51.697,1.39971,1.39975,1.12,1.00
2015.06.18 12:53:51.748,1.39971,1.39977,1.00,1.05
2015.06.18 12:53:51.799,1.39971,1.3998,1.37,3.00
2015.06.18 12:53:51.850,1.39971,1.3998,1.37,2.25
2015.06.18 12:53:52.365,1.39972,1.39981,1.00,2.85
2015.06.18 12:53:52.880,1.39972,1.39981,1.00,2.85
2015.06.18 12:53:53.133,1.39971,1.39975,1.00,1.12
2015.06.18 12:53:53.436,1.39969,1.39977,1.00,1.50
2015.06.18 12:53:53.542,1.39971,1.39979,1.00,1.50
2015.06.18 12:53:53.644,1.39972,1.39982,1.50,1.12
2015.06.18 12:53:53.796,1.39976,1.39983,1.00,1.50
2015.06.18 12:53:54.105,1.39974,1.39984,1.50,2.25
2015.06.18 12:53:54.237,1.39976,1.39984,1.00,2.25
2015.06.18 12:53:54.837,1.39976,1.39985,2.25,1.00
2015.06.18 12:53:55.341,1.39976,1.39986,2.25,2.25
2015.06.18 12:53:55.746,1.39979,1.39986,1.00,2.62
2015.06.18 12:53:56.057,1.39982,1.39989,1.00,3.75
2015.06.18 12:53:56.395,1.39981,1.39983,1.50,1.72
2015.06.18 12:53:56.548,1.39977,1.39981,1.50,1.00
2015.06.18 12:53:56.801,1.39977,1.39984,1.50,1.16
2015.06.18 12:53:57.027,1.39981,1.3999,1.00,1.87
2015.06.18 12:53:57.281,1.39983,1.3999,1.00,1.00
2015.06.18 12:53:57.754,1.39985,1.39993,1.50,1.50
2015.06.18 12:53:58.006,1.39991,1.39995,1.00,1.00
2015.06.18 12:53:58.057,1.39991,1.39999,1.50,1.37
2015.06.18 12:53:58.159,1.39991,1.4,1.50,2.25
2015.06.18 12:53:58.768,1.39991,1.40001,1.50,1.12
2015.06.18 12:53:59.141,1.39994,1.40001,1.00,1.50
2015.06.18 12:54:00.504,1.39993,1.40001,1.16,1.50
2015.06.18 12:54:02.034,1.39996,1.40001,1.00,1.87
2015.06.18 12:54:02.337,1.40002,1.40012,1.00,1.87
2015.06.18 12:54:02.669,1.40002,1.40012,1.09,1.50
2015.06.18 12:54:02.874,1.40004,1.40014,1.00,1.50
2015.06.18 12:54:03.178,1.40004,1.40014,1.87,1.00
2015.06.18 12:54:04.040,1.40004,1.40014,1.87,1.50
2015.06.18 12:54:04.520,1.40004,1.40009,1.50,1.00
2015.06.18 12:54:04.722,1.40004,1.40012,1.50,1.00
2015.06.18 12:54:04.773,1.40007,1.40012,1.00,1.50
2015.06.18 12:54:05.164,1.40012,1.4002,1.57,1.87
2015.06.18 12:54:05.670,1.40012,1.40022,3.04,1.37
2015.06.18 12:54:05.873,1.40012,1.40022,3.04,1.00
2015.06.18 12:54:06.404,1.40013,1.40023,3.37,1.00
2015.06.18 12:54:06.456,1.40016,1.40021,1.37,1.00
2015.06.18 12:54:06.609,1.40017,1.40026,1.50,1.54
2015.06.18 12:54:06.710,1.40017,1.40022,1.50,1.00
2015.06.18 12:54:06.762,1.40015,1.40022,1.00,1.00
2015.06.18 12:54:07.286,1.40013,1.40023,1.05,2.62
2015.06.18 12:54:07.591,1.40011,1.40018,1.09,1.00
2015.06.18 12:54:07.744,1.4001,1.40017,1.50,1.00
2015.06.18 12:54:07.897,1.40009,1.40014,2.29,1.00
2015.06.18 12:54:08.210,1.40003,1.40009,2.70,1.00
2015.06.18 12:54:08.262,1.40003,1.40011,1.20,1.00
2015.06.18 12:54:08.790,1.40002,1.40011,2.10,1.00
2015.06.18 12:54:09.303,1.40003,1.40012,2.10,1.00
2015.06.18 12:54:09.558,1.40001,1.40011,2.25,2.25
2015.06.18 12:54:09.610,1.40004,1.40011,1.00,2.25
2015.06.18 12:54:09.965,1.40004,1.40014,1.50,1.05
2015.06.18 12:54:10.255,1.40003,1.40008,1.50,1.37
2015.06.18 12:54:10.306,1.4,1.40008,1.00,1.37
2015.06.18 12:54:10.408,1.39998,1.40007,1.00,1.16
2015.06.18 12:54:10.459,1.39995,1.40005,5.25,2.25
2015.06.18 12:54:10.510,1.39995,1.40005,4.12,2.29
2015.06.18 12:54:10.662,1.39995,1.40003,1.87,1.50
2015.06.18 12:54:10.967,1.39996,1.40004,1.12,1.42
2015.06.18 12:54:11.068,1.39998,1.40004,1.50,1.05
2015.06.18 12:54:11.119,1.39999,1.40006,1.00,1.00
2015.06.18 12:54:11.323,1.40001,1.40009,1.00,1.37
2015.06.18 12:54:11.374,1.40001,1.40009,1.00,1.00
2015.06.18 12:54:11.527,1.40001,1.40005,1.00,1.00
2015.06.18 12:54:11.874,1.40001,1.40009,1.00,1.00
2015.06.18 12:54:12.429,1.40001,1.40009,1.87,1.00
2015.06.18 12:54:12.532,1.40001,1.40009,1.87,1.00
2015.06.18 12:54:12.583,1.40002,1.40009,1.37,1.00
2015.06.18 12:54:13.010,1.40002,1.40009,1.50,1.00
2015.06.18 12:54:13.782,1.40004,1.40009,1.12,1.00
2015.06.18 12:54:13.833,1.40004,1.40012,1.87,1.00
2015.06.18 12:54:13.884,1.40006,1.40013,1.00,1.54
2015.06.18 12:54:14.037,1.40009,1.40017,1.50,1.00
2015.06.18 12:54:14.088,1.40011,1.40016,1.00,1.00
2015.06.18 12:54:14.456,1.40009,1.40012,1.09,1.37
2015.06.18 12:54:14.508,1.4001,1.40015,1.05,1.00
2015.06.18 12:54:14.661,1.40008,1.40014,1.00,1.00
2015.06.18 12:54:14.814,1.40008,1.40017,1.87,1.87
2015.06.18 12:54:15.691,1.40008,1.40017,2.25,1.50
2015.06.18 12:54:16.045,1.4001,1.40019,1.37,1.50
2015.06.18 12:54:16.249,1.40011,1.40018,1.75,1.12
2015.06.18 12:54:16.402,1.40014,1.40023,1.87,1.54
2015.06.18 12:54:16.700,1.40017,1.40025,1.00,1.00
2015.06.18 12:54:16.806,1.40015,1.40024,2.29,1.00
2015.06.18 12:54:17.363,1.40015,1.40024,1.50,1.09
2015.06.18 12:54:17.566,1.40015,1.40019,1.50,1.00
2015.06.18 12:54:17.805,1.40009,1.40017,1.50,1.87
2015.06.18 12:54:17.856,1.40011,1.40017,1.37,1.00
2015.06.18 12:54:17.907,1.40012,1.4002,1.87,2.25
2015.06.18 12:54:18.448,1.40013,1.40021,1.00,1.37
2015.06.18 12:54:19.379,1.40013,1.40023,1.00,3.37
2015.06.18 12:54:20.381,1.4001,1.40011,4.50,1.54
2015.06.18 12:54:20.432,1.40006,1.40011,1.09,1.01
2015.06.18 12:54:20.483,1.40004,1.40008,1.00,1.80
2015.06.18 12:54:20.687,1.39999,1.40001,1.50,1.00
2015.06.18 12:54:20.889,1.39997,1.4,1.50,1.00
2015.06.18 12:54:21.429,1.39997,1.40001,1.50,1.00
2015.06.18 12:54:22.610,1.39997,1.39998,1.50,1.00
2015.06.18 12:54:22.848,1.39992,1.39995,1.09,1.00
2015.06.18 12:54:22.950,1.3999,1.39997,1.37,1.00
2015.06.18 12:54:23.498,1.3999,1.39998,1.37,1.50
2015.06.18 12:54:26.059,1.39992,1.39998,1.50,1.00
2015.06.18 12:54:26.161,1.39995,1.40005,2.29,3.75
2015.06.18 12:54:26.212,1.39997,1.40005,1.00,3.75
2015.06.18 12:54:26.516,1.39998,1.40007,1.20,1.54
2015.06.18 12:54:27.038,1.39998,1.40007,1.16,1.50
2015.06.18 12:54:27.390,1.39999,1.40007,1.42,1.50
2015.06.18 12:54:27.693,1.4,1.40009,3.41,1.00
2015.06.18 12:54:28.199,1.4,1.40009,3.45,1.00
2015.06.18 12:54:28.401,1.40001,1.4001,1.91,2.29
2015.06.18 12:54:28.677,1.40002,1.40012,1.50,1.50
2015.06.18 12:54:29.285,1.40002,1.40012,1.87,1.50
2015.06.18 12:54:29.716,1.40002,1.4001,1.87,1.00
2015.06.18 12:54:30.147,1.40002,1.40004,1.00,1.37
2015.06.18 12:54:30.199,1.39993,1.40004,1.00,3.37
2015.06.18 12:54:30.402,1.39992,1.40004,3.60,5.29
2015.06.18 12:54:30.504,1.39993,1.40002,1.00,1.50
2015.06.18 12:54:30.605,1.39995,1.40002,1.00,1.50
2015.06.18 12:54:30.808,1.39995,1.40005,2.85,1.91
2015.06.18 12:54:31.112,1.39998,1.40007,1.50,1.00
2015.06.18 12:54:31.493,1.39998,1.40004,1.00,1.00
2015.06.18 12:54:31.595,1.39994,1.40002,1.87,1.00
2015.06.18 12:54:31.798,1.39996,1.40003,1.09,1.00
2015.06.18 12:54:31.849,1.39996,1.40005,1.46,1.91
2015.06.18 12:54:32.102,1.39995,1.40003,1.37,1.00
2015.06.18 12:54:32.406,1.39994,1.40003,1.00,1.54
2015.06.18 12:54:32.609,1.39994,1.40001,1.00,1.00
2015.06.18 12:54:33.105,1.39992,1.4,1.91,1.00
2015.06.18 12:54:33.257,1.39992,1.4,1.42,1.00
2015.06.18 12:54:33.409,1.39996,1.40002,1.05,1.00
2015.06.18 12:54:33.783,1.39995,1.40005,3.07,1.50
2015.06.18 12:54:35.400,1.39999,1.40005,1.00,1.50
2015.06.18 12:54:35.936,1.4,1.40005,1.50,1.50
2015.06.18 12:54:36.259,1.40002,1.40007,1.00,1.50
2015.06.18 12:54:37.146,1.40005,1.40007,1.00,1.50
2015.06.18 12:54:37.456,1.40005,1.40011,1.50,1.50
2015.06.18 12:54:38.228,1.40005,1.40013,1.50,1.00
2015.06.18 12:54:38.600,1.40005,1.40009,1.50,1.11
2015.06.18 12:54:39.128,1.40004,1.4001,1.05,1.87
2015.06.18 12:54:40.259,1.40004,1.40007,1.00,1.12
2015.06.18 12:54:40.411,1.40001,1.40006,1.00,2.25
2015.06.18 12:54:40.462,1.40003,1.40006,1.00,3.00
2015.06.18 12:54:40.828,1.40003,1.40008,1.00,1.00
2015.06.18 12:54:41.259,1.39999,1.40007,3.07,1.37
2015.06.18 12:54:41.462,1.39998,1.40003,1.00,2.25
2015.06.18 12:54:41.968,1.39998,1.40005,1.16,1.05
2015.06.18 12:54:42.019,1.40001,1.40006,1.00,3.82
2015.06.18 12:54:42.566,1.40001,1.40006,1.00,1.00
2015.06.18 12:54:43.247,1.39999,1.40006,1.09,1.12
2015.06.18 12:54:43.773,1.39999,1.40006,1.00,1.12
2015.06.18 12:54:44.652,1.39999,1.40005,1.00,1.37
2015.06.18 12:54:45.520,1.40001,1.40004,1.50,1.12
2015.06.18 12:54:45.828,1.40007,1.40009,1.00,1.12
2015.06.18 12:54:45.879,1.40008,1.40013,1.00,1.50
2015.06.18 12:54:45.931,1.40007,1.40016,1.05,3.37
2015.06.18 12:54:45.982,1.40007,1.40011,1.05,1.00
2015.06.18 12:54:46.287,1.40005,1.40006,1.50,1.00
2015.06.18 12:54:46.338,1.40001,1.40006,1.09,1.00
2015.06.18 12:54:46.440,1.4,1.40007,1.54,1.00
2015.06.18 12:54:48.193,1.4,1.40002,1.00,1.00
2015.06.18 12:54:48.552,1.39996,1.39998,1.12,1.00
2015.06.18 12:54:48.655,1.39995,1.39997,1.00,1.00
2015.06.18 12:54:48.758,1.39995,1.4,1.00,1.12
2015.06.18 12:54:49.065,1.39995,1.40003,1.00,1.57
2015.06.18 12:54:49.270,1.39997,1.40003,1.00,1.50
2015.06.18 12:54:49.613,1.4,1.40006,1.00,1.09
2015.06.18 12:54:49.874,1.40001,1.40008,1.00,1.05
2015.06.18 12:54:50.078,1.40001,1.4001,1.00,1.54
2015.06.18 12:54:50.784,1.40002,1.4001,1.00,1.50
2015.06.18 12:54:51.301,1.40002,1.40009,1.00,1.00
2015.06.18 12:54:51.452,1.40005,1.40009,1.00,1.00
2015.06.18 12:54:51.655,1.40005,1.40013,1.00,3.60
2015.06.18 12:54:51.706,1.40005,1.40013,1.09,2.89
2015.06.18 12:54:52.230,1.40005,1.40013,1.16,1.12
2015.06.18 12:54:52.756,1.40006,1.40013,1.00,1.00
2015.06.18 12:54:53.111,1.40006,1.40011,1.00,1.37
2015.06.18 12:54:53.213,1.40003,1.4001,1.00,1.91
2015.06.18 12:54:53.264,1.40002,1.40005,1.05,1.00
2015.06.18 12:54:53.568,1.4,1.40003,1.50,1.00
2015.06.18 12:54:53.841,1.39998,1.40003,1.12,1.00
2015.06.18 12:54:54.452,1.39997,1.40003,1.50,1.12
2015.06.18 12:54:55.434,1.39997,1.40004,1.00,2.25
2015.06.18 12:54:55.592,1.39997,1.40004,1.00,2.25
2015.06.18 12:54:55.997,1.39995,1.40004,1.50,1.54
2015.06.18 12:54:56.098,1.39995,1.40004,1.00,1.54
2015.06.18 12:54:56.966,1.39995,1.39998,1.00,1.00
2015.06.18 12:54:57.017,1.39993,1.39998,1.00,1.00
2015.06.18 12:54:57.530,1.39993,1.4,1.00,3.04
2015.06.18 12:54:57.683,1.39993,1.40002,1.12,1.50
2015.06.18 12:54:58.561,1.39994,1.40002,1.00,1.87
2015.06.18 12:54:58.612,1.39994,1.40002,1.95,1.50
2015.06.18 12:54:58.764,1.39996,1.40005,1.91,1.00
2015.06.18 12:54:58.815,1.39996,1.40005,1.91,1.12
2015.06.18 12:54:59.120,1.39995,1.39996,1.00,1.00
2015.06.18 12:54:59.323,1.39984,1.39989,1.50,1.00
2015.06.18 12:54:59.577,1.39984,1.39991,1.35,1.00
2015.06.18 12:55:00.047,1.39986,1.39991,1.00,1.00
2015.06.18 12:55:00.591,1.39985,1.39991,2.85,1.00
2015.06.18 12:55:01.850,1.39988,1.39993,1.37,1.50
2015.06.18 12:55:02.273,1.39988,1.39995,1.00,2.25
2015.06.18 12:55:03.406,1.39987,1.39995,2.25,1.00
2015.06.18 12:55:03.956,1.39987,1.39995,2.25,1.12
2015.06.18 12:55:04.477,1.39987,1.39995,1.87,1.37
2015.06.18 12:55:05.023,1.39989,1.39997,1.37,1.87
2015.06.18 12:55:05.125,1.39987,1.39994,1.87,1.00
2015.06.18 12:55:05.428,1.39986,1.39996,3.79,1.05
2015.06.18 12:55:05.581,1.39985,1.39994,3.45,1.00
2015.06.18 12:55:06.247,1.39987,1.39994,1.00,1.00
2015.06.18 12:55:06.769,1.39985,1.39994,1.37,1.50
2015.06.18 12:55:07.135,1.39986,1.39996,1.87,4.12
2015.06.18 12:55:07.490,1.39989,1.39996,1.00,2.25
2015.06.18 12:55:07.693,1.3999,1.39999,2.25,1.00
2015.06.18 12:55:08.313,1.39991,1.4,1.00,1.16
2015.06.18 12:55:08.415,1.39991,1.39994,1.05,1.00
2015.06.18 12:55:08.516,1.39987,1.39994,1.05,1.00
2015.06.18 12:55:08.668,1.39986,1.39991,1.00,1.12
2015.06.18 12:55:08.972,1.39986,1.39989,1.00,1.54
2015.06.18 12:55:09.124,1.39983,1.39991,2.47,1.91
2015.06.18 12:55:09.226,1.39983,1.39991,2.47,1.87
2015.06.18 12:55:09.653,1.39983,1.3999,1.72,1.00
2015.06.18 12:55:09.805,1.39983,1.39992,5.10,1.05
2015.06.18 12:55:09.958,1.39985,1.39995,1.35,2.70
2015.06.18 12:55:10.639,1.39985,1.39995,2.10,2.66
2015.06.18 12:55:11.307,1.39985,1.39995,1.50,1.87
2015.06.18 12:55:11.560,1.39985,1.39995,1.00,4.12
2015.06.18 12:55:12.486,1.39985,1.3999,1.00,1.00
2015.06.18 12:55:12.791,1.39994,1.39997,1.00,1.37
2015.06.18 12:55:12.893,1.39991,1.39999,1.50,1.95
2015.06.18 12:55:13.224,1.39994,1.39999,1.00,1.37
2015.06.18 12:55:13.528,1.39997,1.40001,1.00,1.09
2015.06.18 12:55:13.579,1.39997,1.40003,1.00,3.41
2015.06.18 12:55:13.833,1.39995,1.4,1.50,1.00
2015.06.18 12:55:14.141,1.39989,1.39994,1.09,1.37
2015.06.18 12:55:14.193,1.39988,1.39994,1.50,1.46
2015.06.18 12:55:14.296,1.39984,1.39993,1.09,1.50
2015.06.18 12:55:14.451,1.39984,1.39992,1.75,1.00
2015.06.18 12:55:14.755,1.39985,1.3999,1.50,1.09
2015.06.18 12:55:15.020,1.3998,1.39989,1.37,1.50
2015.06.18 12:55:16.081,1.39979,1.39984,3.82,1.00
2015.06.18 12:55:16.132,1.39979,1.39983,1.57,1.42
2015.06.18 12:55:16.183,1.39979,1.3998,1.50,1.50
2015.06.18 12:55:16.335,1.39972,1.39975,1.00,1.57
2015.06.18 12:55:16.386,1.39967,1.39975,1.00,1.61
2015.06.18 12:55:16.741,1.39964,1.39974,3.11,1.91
2015.06.18 12:55:16.792,1.39964,1.39974,1.69,3.37
2015.06.18 12:55:17.313,1.39965,1.39974,1.65,1.25
2015.06.18 12:55:17.415,1.39967,1.39976,1.10,1.00
2015.06.18 12:55:17.720,1.39968,1.39977,1.07,1.00
2015.06.18 12:55:18.141,1.39968,1.39975,1.07,1.00
2015.06.18 12:55:18.445,1.39959,1.39963,1.00,1.00
2015.06.18 12:55:18.547,1.39954,1.39963,2.70,1.57
2015.06.18 12:55:18.598,1.39954,1.39963,1.20,2.32
2015.06.18 12:55:18.651,1.39953,1.39961,2.59,1.00
2015.06.18 12:55:19.125,1.39952,1.39955,1.00,1.00
2015.06.18 12:55:19.277,1.39949,1.39956,1.37,1.00
2015.06.18 12:55:19.429,1.3995,1.39958,1.12,1.10
2015.06.18 12:55:19.531,1.3995,1.39956,1.12,1.00
2015.06.18 12:55:19.917,1.39947,1.39952,1.00,1.69
2015.06.18 12:55:19.968,1.39945,1.39952,1.00,1.69
2015.06.18 12:55:20.474,1.39943,1.39952,1.57,1.20
2015.06.18 12:55:21.035,1.39946,1.39952,1.10,1.10
2015.06.18 12:55:21.086,1.39946,1.39955,2.40,1.25
2015.06.18 12:55:21.591,1.39946,1.39956,3.07,5.32
2015.06.18 12:55:21.642,1.39946,1.39951,2.32,1.12
2015.06.18 12:55:21.795,1.39941,1.39949,1.50,1.16
2015.06.18 12:55:21.846,1.39941,1.39944,1.00,1.00
2015.06.18 12:55:22.135,1.39934,1.39942,1.82,1.15
2015.06.18 12:55:22.642,1.39938,1.39946,1.50,1.15
2015.06.18 12:55:22.693,1.39938,1.39948,2.32,1.10
2015.06.18 12:55:23.201,1.39938,1.39949,2.36,2.17
2015.06.18 12:55:23.702,1.39938,1.39947,2.40,1.00
2015.06.18 12:55:24.120,1.39941,1.39947,1.00,1.00
2015.06.18 12:55:24.833,1.39941,1.39945,1.54,1.00
2015.06.18 12:55:25.035,1.3994,1.39947,1.50,1.00
2015.06.18 12:55:25.330,1.3994,1.39945,1.50,1.00
2015.06.18 12:55:25.433,1.39937,1.39945,2.36,1.00
2015.06.18 12:55:25.941,1.39937,1.39946,1.69,1.00
2015.06.18 12:55:26.093,1.3994,1.39947,1.50,1.12
2015.06.18 12:55:26.437,1.39938,1.39946,1.00,1.00
2015.06.18 12:55:27.469,1.39941,1.39946,1.50,1.00
2015.06.18 12:55:27.975,1.39941,1.39948,1.50,1.00
2015.06.18 12:55:28.479,1.39941,1.39949,1.54,1.87
2015.06.18 12:55:29.334,1.39941,1.39949,1.54,1.50
2015.06.18 12:55:29.486,1.39944,1.39951,1.00,1.85
2015.06.18 12:55:30.384,1.39945,1.39951,1.00,1.72
2015.06.18 12:55:30.740,1.39944,1.39949,1.54,1.67
2015.06.18 12:55:30.892,1.39942,1.39949,1.00,1.42
2015.06.18 12:55:31.336,1.3994,1.39949,1.09,2.06
2015.06.18 12:55:31.844,1.39942,1.3995,1.50,1.37
2015.06.18 12:55:32.369,1.39942,1.39951,1.57,1.75
2015.06.18 12:55:32.894,1.39944,1.39952,1.50,1.99
2015.06.18 12:55:33.450,1.39944,1.39953,1.50,1.07
2015.06.18 12:55:33.980,1.39945,1.39952,1.54,1.00
2015.06.18 12:55:34.640,1.39945,1.39954,2.25,4.54
2015.06.18 12:55:34.742,1.39945,1.39954,1.61,4.54
2015.06.18 12:55:35.581,1.39945,1.39953,1.54,1.00
2015.06.18 12:55:35.783,1.39947,1.39954,1.00,1.00
2015.06.18 12:55:36.096,1.39947,1.39954,1.05,1.37
2015.06.18 12:55:36.402,1.39946,1.39952,1.72,1.37
2015.06.18 12:55:36.947,1.39946,1.39952,1.50,1.37
2015.06.18 12:55:38.064,1.39944,1.39953,2.47,1.37
2015.06.18 12:55:38.166,1.39944,1.39951,1.57,1.00
2015.06.18 12:55:38.318,1.39942,1.39948,1.50,1.00
2015.06.18 12:55:38.861,1.39941,1.39948,1.07,1.00
2015.06.18 12:55:39.064,1.39939,1.39948,2.32,1.00
2015.06.18 12:55:39.975,1.39938,1.39944,2.62,1.35
2015.06.18 12:55:40.279,1.39935,1.39943,1.07,1.50
2015.06.18 12:55:40.599,1.39935,1.39945,3.07,1.00
2015.06.18 12:55:41.004,1.39937,1.39941,1.25,1.00
2015.06.18 12:55:41.308,1.39933,1.39935,1.12,1.00
2015.06.18 12:55:41.584,1.39933,1.39941,1.87,3.00
2015.06.18 12:55:41.635,1.39934,1.39941,1.00,2.25
2015.06.18 12:55:41.686,1.39934,1.39938,1.12,1.00
2015.06.18 12:55:42.042,1.39933,1.39936,1.12,1.00
2015.06.18 12:55:42.093,1.39931,1.39936,1.00,1.10
2015.06.18 12:55:42.346,1.39928,1.39936,1.00,1.20
2015.06.18 12:55:42.397,1.39928,1.39936,1.00,1.57
2015.06.18 12:55:42.658,1.39926,1.39936,2.25,2.62
2015.06.18 12:55:42.812,1.39933,1.39936,2.10,1.80
2015.06.18 12:55:42.913,1.39932,1.39936,1.50,1.87
2015.06.18 12:55:43.066,1.39931,1.39938,2.29,1.00
2015.06.18 12:55:43.117,1.3993,1.39934,1.50,1.00
2015.06.18 12:55:43.220,1.39931,1.39938,1.00,1.12
2015.06.18 12:55:43.271,1.39935,1.39938,1.00,1.20
2015.06.18 12:55:43.474,1.39935,1.39942,1.50,1.87
2015.06.18 12:55:43.661,1.39935,1.39944,1.50,1.99
2015.06.18 12:55:44.018,1.39935,1.3994,1.00,1.00
2015.06.18 12:55:44.170,1.3993,1.39938,1.09,1.00
2015.06.18 12:55:44.272,1.3993,1.39937,1.00,1.87
2015.06.18 12:55:44.781,1.39931,1.39937,1.00,2.25
2015.06.18 12:55:45.447,1.39931,1.39934,1.00,1.00
2015.06.18 12:55:45.549,1.39926,1.39933,1.57,1.87
2015.06.18 12:55:45.814,1.39924,1.39929,1.00,1.12
2015.06.18 12:55:45.865,1.39922,1.39929,1.87,1.12
2015.06.18 12:55:46.017,1.39925,1.39932,1.00,1.50
2015.06.18 12:55:46.119,1.39925,1.39932,1.50,1.45
2015.06.18 12:55:46.473,1.39925,1.39935,1.54,2.25
2015.06.18 12:55:46.899,1.39926,1.39935,1.00,1.10
2015.06.18 12:55:47.582,1.39925,1.39935,1.54,1.47
2015.06.18 12:55:48.031,1.39919,1.39921,4.87,1.00
2015.06.18 12:55:48.085,1.39916,1.39921,2.62,1.20
2015.06.18 12:55:48.187,1.39916,1.39923,1.87,2.25
2015.06.18 12:55:48.288,1.39916,1.39919,1.50,1.00
2015.06.18 12:55:48.492,1.39913,1.39919,1.12,1.50
2015.06.18 12:55:48.644,1.39913,1.39919,1.37,1.12
2015.06.18 12:55:48.745,1.39913,1.39919,1.00,1.12
2015.06.18 12:55:48.796,1.39917,1.39921,1.00,1.20
2015.06.18 12:55:49.109,1.39923,1.39926,1.50,1.05
2015.06.18 12:55:49.211,1.39923,1.39929,1.05,2.32
2015.06.18 12:55:49.768,1.39925,1.3993,1.00,1.37
2015.06.18 12:55:49.920,1.39927,1.39933,1.00,1.12
2015.06.18 12:55:50.187,1.39927,1.39934,1.05,1.10
2015.06.18 12:55:50.238,1.3993,1.39934,1.00,1.10
2015.06.18 12:55:50.391,1.39925,1.39933,1.09,1.91
2015.06.18 12:55:50.443,1.39925,1.39932,1.09,1.12
2015.06.18 12:55:50.494,1.39923,1.39929,1.57,1.50
2015.06.18 12:55:50.596,1.39921,1.39925,1.00,1.00
2015.06.18 12:55:50.902,1.39926,1.39928,1.00,1.50
2015.06.18 12:55:50.953,1.39926,1.39931,1.00,1.37
2015.06.18 12:55:51.211,1.39924,1.39929,1.00,1.37
2015.06.18 12:55:51.565,1.39925,1.39926,1.00,1.00
2015.06.18 12:55:51.616,1.39919,1.39923,2.32,1.00
2015.06.18 12:55:51.718,1.39919,1.39924,1.00,1.00
2015.06.18 12:55:52.285,1.3992,1.39925,1.00,1.00
2015.06.18 12:55:52.393,1.39922,1.39929,1.50,1.50
2015.06.18 12:55:52.496,1.39923,1.39931,1.00,1.95
2015.06.18 12:55:52.699,1.39923,1.39927,1.00,1.00
2015.06.18 12:55:52.953,1.39921,1.39926,1.16,1.00
2015.06.18 12:55:53.484,1.39921,1.39927,1.12,1.00
2015.06.18 12:55:53.536,1.39921,1.39927,1.00,1.37
2015.06.18 12:55:53.587,1.39919,1.39924,1.57,1.00
2015.06.18 12:55:53.840,1.39917,1.39924,1.12,1.47
2015.06.18 12:55:54.298,1.39915,1.39924,2.70,1.95
2015.06.18 12:55:54.813,1.39915,1.39922,1.37,1.87
2015.06.18 12:55:55.332,1.39914,1.39924,1.99,2.70
2015.06.18 12:55:55.783,1.3991,1.39913,2.62,1.00
2015.06.18 12:55:55.837,1.39906,1.39915,1.97,3.49
2015.06.18 12:55:55.888,1.39905,1.3991,4.12,1.00
2015.06.18 12:55:56.244,1.39908,1.39915,1.87,2.29
2015.06.18 12:55:56.345,1.39908,1.39914,1.50,1.00
2015.06.18 12:55:56.447,1.39907,1.39917,1.75,2.70
2015.06.18 12:55:56.747,1.39908,1.39915,1.37,1.00
2015.06.18 12:55:56.901,1.39906,1.39914,1.20,1.00
2015.06.18 12:55:57.411,1.39911,1.39914,1.00,1.12
2015.06.18 12:55:57.709,1.39916,1.39922,1.00,1.12
2015.06.18 12:55:58.165,1.39915,1.39923,1.12,1.50
2015.06.18 12:55:59.361,1.39915,1.39921,1.00,1.37
2015.06.18 12:55:59.826,1.39913,1.39918,1.12,2.25
2015.06.18 12:55:59.978,1.3991,1.39916,1.29,1.37
2015.06.18 12:56:00.182,1.39908,1.39913,1.50,1.00
2015.06.18 12:56:00.334,1.39906,1.39912,1.50,1.00
2015.06.18 12:56:00.537,1.39903,1.39912,2.70,1.00
2015.06.18 12:56:00.690,1.39903,1.39908,2.70,1.00
2015.06.18 12:56:00.966,1.399,1.39908,4.87,1.00
2015.06.18 12:56:01.480,1.399,1.39908,5.29,1.00
2015.06.18 12:56:01.581,1.399,1.3991,3.41,1.05
2015.06.18 12:56:01.784,1.399,1.39905,4.50,1.00
2015.06.18 12:56:02.095,1.39899,1.39901,1.12,1.00
2015.06.18 12:56:02.602,1.399,1.39901,1.12,1.00
2015.06.18 12:56:03.232,1.39898,1.39901,1.87,1.76
2015.06.18 12:56:03.390,1.39894,1.39895,1.50,1.05
2015.06.18 12:56:03.492,1.39887,1.39894,1.20,1.09
2015.06.18 12:56:04.053,1.39884,1.39894,3.41,1.50
2015.06.18 12:56:04.104,1.39887,1.39892,1.07,1.00
2015.06.18 12:56:04.256,1.39887,1.39895,1.57,3.37
2015.06.18 12:56:04.764,1.39888,1.39896,1.50,1.42
2015.06.18 12:56:05.593,1.39888,1.39894,1.50,1.00
2015.06.18 12:56:05.847,1.39889,1.39892,1.00,1.00
2015.06.18 12:56:06.170,1.39893,1.39896,1.54,1.12
2015.06.18 12:56:06.373,1.39891,1.39895,1.54,1.00
2015.06.18 12:56:06.424,1.39891,1.39897,1.54,1.05
2015.06.18 12:56:06.930,1.39891,1.39895,1.50,1.37
2015.06.18 12:56:07.290,1.39888,1.39895,3.11,1.87
2015.06.18 12:56:07.801,1.39888,1.39895,1.15,1.50
2015.06.18 12:56:08.053,1.39887,1.39895,1.00,4.95
2015.06.18 12:56:08.436,1.39887,1.39895,1.00,3.82
2015.06.18 12:56:08.641,1.39888,1.39897,1.05,3.37
2015.06.18 12:56:09.200,1.39888,1.39896,1.65,1.05
2015.06.18 12:56:10.421,1.39888,1.39896,2.02,1.37
2015.06.18 12:56:10.762,1.39884,1.39888,1.47,1.00
2015.06.18 12:56:10.866,1.39882,1.39892,1.37,2.77
2015.06.18 12:56:11.777,1.39882,1.39892,2.62,1.65
2015.06.18 12:56:12.184,1.39886,1.39895,1.50,1.07
2015.06.18 12:56:12.235,1.39888,1.39892,1.00,1.00
2015.06.18 12:56:12.337,1.39888,1.39895,1.50,1.24
2015.06.18 12:56:12.439,1.39888,1.39892,1.54,1.00
2015.06.18 12:56:12.540,1.39888,1.39896,1.10,2.62
2015.06.18 12:56:12.643,1.39887,1.39897,2.70,1.57
2015.06.18 12:56:12.844,1.3989,1.39897,1.00,1.00
2015.06.18 12:56:13.387,1.39891,1.39897,1.05,1.00
2015.06.18 12:56:13.692,1.39894,1.39898,1.00,1.00
2015.06.18 12:56:14.004,1.39895,1.39905,1.87,2.70
2015.06.18 12:56:14.413,1.39896,1.39899,1.61,1.00
2015.06.18 12:56:14.718,1.39889,1.39891,1.57,1.00
2015.06.18 12:56:15.024,1.39884,1.39888,1.50,1.00
2015.06.18 12:56:15.075,1.39881,1.39888,1.25,1.00
2015.06.18 12:56:15.227,1.39881,1.39885,1.20,1.00
2015.06.18 12:56:15.329,1.3988,1.39887,2.25,1.00
2015.06.18 12:56:15.836,1.3988,1.39888,2.25,1.00
2015.06.18 12:56:16.360,1.39881,1.39888,3.04,1.05
2015.06.18 12:56:16.494,1.39881,1.39885,3.04,1.50
2015.06.18 12:56:16.798,1.39875,1.39878,1.27,1.00
2015.06.18 12:56:16.849,1.39874,1.39879,1.87,1.00
2015.06.18 12:56:16.950,1.39874,1.39877,1.45,1.00
2015.06.18 12:56:17.196,1.39871,1.3988,2.17,2.25
2015.06.18 12:56:17.550,1.39874,1.39882,1.05,1.00
2015.06.18 12:56:17.753,1.39879,1.39883,1.00,1.10
2015.06.18 12:56:17.804,1.39879,1.39886,1.00,1.50
2015.06.18 12:56:17.905,1.3988,1.3989,1.20,2.40
2015.06.18 12:56:18.434,1.3988,1.39884,1.20,1.00
2015.06.18 12:56:18.738,1.39875,1.39881,1.47,1.00
2015.06.18 12:56:19.251,1.39874,1.39882,5.25,1.00
2015.06.18 12:56:19.476,1.39877,1.39885,1.37,1.50
2015.06.18 12:56:19.679,1.39877,1.39885,1.37,1.91
2015.06.18 12:56:19.780,1.39875,1.39882,1.87,1.50
2015.06.18 12:56:19.882,1.39875,1.39882,1.37,1.57
2015.06.18 12:56:20.387,1.39874,1.39882,1.87,3.00
2015.06.18 12:56:21.049,1.39874,1.39882,1.37,3.00
2015.06.18 12:56:21.697,1.39876,1.39882,1.50,2.25
2015.06.18 12:56:21.996,1.39877,1.39886,1.42,1.75
2015.06.18 12:56:22.402,1.39878,1.39888,1.99,3.07
2015.06.18 12:56:22.503,1.39879,1.39888,1.00,3.07
2015.06.18 12:56:22.857,1.3988,1.39889,1.00,1.10
2015.06.18 12:56:23.216,1.3988,1.3989,1.37,1.95
2015.06.18 12:56:23.721,1.39881,1.39888,1.50,1.00
2015.06.18 12:56:24.025,1.39877,1.39884,1.85,1.57
2015.06.18 12:56:24.227,1.39877,1.39887,2.62,1.87
2015.06.18 12:56:24.532,1.39878,1.39884,1.87,1.00
2015.06.18 12:56:24.836,1.39875,1.39882,1.37,1.00
2015.06.18 12:56:25.670,1.3988,1.39889,1.50,1.57
2015.06.18 12:56:25.721,1.3988,1.39889,1.50,1.20
2015.06.18 12:56:26.226,1.39882,1.39889,1.00,1.45
2015.06.18 12:56:26.923,1.39881,1.39889,1.05,1.50
2015.06.18 12:56:27.239,1.39883,1.39889,1.00,1.50
2015.06.18 12:56:27.645,1.39885,1.39889,1.00,1.50
2015.06.18 12:56:28.128,1.3989,1.39894,1.50,1.66
2015.06.18 12:56:28.181,1.39891,1.39894,1.09,1.52
2015.06.18 12:56:28.334,1.39889,1.39894,1.09,1.42
2015.06.18 12:56:28.537,1.39888,1.39892,1.00,1.50
2015.06.18 12:56:28.740,1.39884,1.39891,3.75,1.00
2015.06.18 12:56:28.994,1.39884,1.39891,1.50,1.10
2015.06.18 12:56:29.195,1.3989,1.39892,1.00,1.99
2015.06.18 12:56:29.499,1.39885,1.39892,1.09,3.75
2015.06.18 12:56:29.601,1.39884,1.3989,1.00,4.16
2015.06.18 12:56:30.123,1.39883,1.3989,1.00,3.41
2015.06.18 12:56:30.874,1.39883,1.39887,1.00,1.00
2015.06.18 12:56:31.635,1.3988,1.39887,2.02,1.00
2015.06.18 12:56:32.141,1.39878,1.39886,1.52,1.50
2015.06.18 12:56:32.400,1.39877,1.39886,1.07,1.87
2015.06.18 12:56:33.383,1.39876,1.39884,3.37,1.00
2015.06.18 12:56:33.792,1.39876,1.39886,4.50,2.02
2015.06.18 12:56:34.307,1.39876,1.39885,3.75,1.00
2015.06.18 12:56:34.823,1.39876,1.39885,3.75,1.37
2015.06.18 12:56:35.086,1.39876,1.39886,4.50,3.15
2015.06.18 12:56:35.597,1.39877,1.39886,1.20,1.50
2015.06.18 12:56:36.567,1.39877,1.39886,1.10,2.25
2015.06.18 12:56:37.104,1.39876,1.39886,2.02,2.62
2015.06.18 12:56:37.303,1.39876,1.39885,2.02,3.90
2015.06.18 12:56:38.316,1.39876,1.39883,1.12,1.00
2015.06.18 12:56:38.863,1.39874,1.39884,3.41,1.20
2015.06.18 12:56:39.217,1.39875,1.39882,1.57,1.00
2015.06.18 12:56:39.522,1.39873,1.3988,1.95,1.57
2015.06.18 12:56:39.816,1.39875,1.39884,1.37,2.29
2015.06.18 12:56:40.322,1.39875,1.39882,1.37,1.00
2015.06.18 12:56:41.624,1.39873,1.39882,2.06,1.57
2015.06.18 12:56:42.140,1.39873,1.3988,1.91,1.12
2015.06.18 12:56:42.689,1.39877,1.3988,1.00,1.00
2015.06.18 12:56:42.790,1.39879,1.39882,1.00,1.16
2015.06.18 12:56:42.993,1.39879,1.39887,1.00,1.87
2015.06.18 12:56:43.571,1.39879,1.39888,1.00,2.62
2015.06.18 12:56:44.128,1.39878,1.39888,2.62,2.62
2015.06.18 12:56:44.231,1.39878,1.39888,2.62,3.37
2015.06.18 12:56:46.089,1.39879,1.39887,1.00,1.20
2015.06.18 12:56:46.591,1.3988,1.39887,1.00,1.00
2015.06.18 12:56:46.803,1.39881,1.39888,1.37,1.10
2015.06.18 12:56:47.005,1.39882,1.3989,1.57,1.50
2015.06.18 12:56:47.684,1.39881,1.3989,2.32,1.00
2015.06.18 12:56:47.836,1.39881,1.39888,1.57,1.50
2015.06.18 12:56:47.938,1.3988,1.39888,1.65,1.50
2015.06.18 12:56:48.448,1.39879,1.39889,2.06,3.00
2015.06.18 12:56:48.998,1.39886,1.39889,1.05,2.25
2015.06.18 12:56:49.151,1.39885,1.39892,1.00,1.10
2015.06.18 12:56:49.404,1.39884,1.3989,2.62,1.37
2015.06.18 12:56:49.709,1.3988,1.39887,1.07,1.00
2015.06.18 12:56:50.008,1.39879,1.39885,1.00,1.50
2015.06.18 12:56:50.312,1.39877,1.39884,3.11,1.37
2015.06.18 12:56:50.857,1.39877,1.39884,2.40,1.37
2015.06.18 12:56:51.239,1.39877,1.39883,1.27,1.00
2015.06.18 12:56:52.051,1.39877,1.39885,1.20,1.10
2015.06.18 12:56:52.357,1.39877,1.39883,2.32,1.00
2015.06.18 12:56:52.661,1.39873,1.3988,2.25,3.00
2015.06.18 12:56:52.813,1.39876,1.39882,1.87,1.20
2015.06.18 12:56:52.965,1.39877,1.39884,1.80,1.10
2015.06.18 12:56:53.426,1.39878,1.39886,1.57,1.12
2015.06.18 12:56:53.528,1.39878,1.39884,3.07,1.00
2015.06.18 12:56:53.579,1.39878,1.39886,3.07,2.62
2015.06.18 12:56:53.731,1.39878,1.39883,1.07,1.12
2015.06.18 12:56:53.884,1.39877,1.39884,1.00,1.52
2015.06.18 12:56:54.088,1.39878,1.39885,1.07,3.37
2015.06.18 12:56:54.414,1.39875,1.39883,2.29,2.02
2015.06.18 12:56:55.024,1.39875,1.39883,1.50,1.57
2015.06.18 12:56:55.576,1.39875,1.39883,1.50,3.37
2015.06.18 12:56:57.057,1.39873,1.39879,3.37,1.00
2015.06.18 12:56:57.361,1.39873,1.3988,1.37,2.62
2015.06.18 12:56:58.509,1.39876,1.3988,1.00,1.50
2015.06.18 12:56:58.611,1.39876,1.39882,1.54,1.50
2015.06.18 12:56:58.713,1.39877,1.39884,2.70,1.07
2015.06.18 12:56:58.815,1.39877,1.39886,4.20,1.65
2015.06.18 12:56:59.417,1.3988,1.39887,1.37,1.50
2015.06.18 12:56:59.569,1.39883,1.39887,3.00,1.07
2015.06.18 12:56:59.823,1.39884,1.39892,4.16,1.00
2015.06.18 12:57:00.583,1.39887,1.39894,1.10,1.95
2015.06.18 12:57:00.634,1.39888,1.39894,1.50,1.57
2015.06.18 12:57:00.786,1.39889,1.39899,1.37,2.70
2015.06.18 12:57:00.837,1.39889,1.39898,1.37,1.07
2015.06.18 12:57:01.057,1.39889,1.399,3.37,4.91
2015.06.18 12:57:01.617,1.39889,1.39896,3.04,1.00
2015.06.18 12:57:01.921,1.39886,1.39894,1.35,1.65
2015.06.18 12:57:02.225,1.39886,1.39894,1.45,1.10
2015.06.18 12:57:02.591,1.39887,1.39896,1.45,1.61
2015.06.18 12:57:02.692,1.39888,1.39891,1.45,1.35
2015.06.18 12:57:02.845,1.39881,1.39886,1.56,3.00
2015.06.18 12:57:02.896,1.3988,1.39885,1.50,3.37
2015.06.18 12:57:02.997,1.39876,1.39884,1.07,2.66
2015.06.18 12:57:03.504,1.39876,1.39882,1.07,1.00
2015.06.18 12:57:03.809,1.39874,1.39882,3.82,1.00
2015.06.18 12:57:05.372,1.39874,1.39882,1.47,2.32
2015.06.18 12:57:05.865,1.39874,1.39882,3.00,1.50
2015.06.18 12:57:05.966,1.39875,1.39883,1.57,2.25
2015.06.18 12:57:06.473,1.39875,1.39882,1.50,3.00
2015.06.18 12:57:07.820,1.39878,1.39882,1.05,3.00
2015.06.18 12:57:08.073,1.3988,1.39888,1.37,1.50
2015.06.18 12:57:08.577,1.3988,1.39889,1.57,3.04
2015.06.18 12:57:09.110,1.3988,1.39889,1.57,4.50
2015.06.18 12:57:11.442,1.39881,1.39889,1.87,2.62
2015.06.18 12:57:12.219,1.39881,1.39889,1.99,1.07
2015.06.18 12:57:12.404,1.39883,1.39891,1.00,2.62
2015.06.18 12:57:12.614,1.39881,1.39889,1.00,1.12
2015.06.18 12:57:12.715,1.3988,1.39884,1.20,1.00
2015.06.18 12:57:12.917,1.39877,1.39884,1.45,1.00
2015.06.18 12:57:13.324,1.39875,1.39882,1.47,1.00
2015.06.18 12:57:13.839,1.39878,1.39885,1.37,3.79
2015.06.18 12:57:13.992,1.39883,1.39886,1.12,1.07
2015.06.18 12:57:14.144,1.3988,1.39888,1.87,1.87
2015.06.18 12:57:14.195,1.3988,1.39888,1.50,1.07
2015.06.18 12:57:14.297,1.3988,1.39889,1.87,3.37
2015.06.18 12:57:14.450,1.3988,1.39889,1.50,1.87
2015.06.18 12:57:15.339,1.3988,1.39889,2.62,1.50
2015.06.18 12:57:16.249,1.3988,1.3989,3.45,3.82
2015.06.18 12:57:16.810,1.3988,1.3989,2.70,3.82
2015.06.18 12:57:17.113,1.3988,1.39887,1.07,1.87
2015.06.18 12:57:17.215,1.39878,1.39887,1.87,1.57
2015.06.18 12:57:17.266,1.39878,1.39887,1.45,2.02
2015.06.18 12:57:17.728,1.3988,1.39886,1.37,1.54
2015.06.18 12:57:18.083,1.39882,1.39887,1.50,1.07
2015.06.18 12:57:18.185,1.39882,1.39889,1.12,2.25
2015.06.18 12:57:18.611,1.39882,1.39891,2.62,2.32
2015.06.18 12:57:19.066,1.39884,1.39891,1.00,1.50
2015.06.18 12:57:20.221,1.39886,1.39891,1.00,1.50
2015.06.18 12:57:20.528,1.39891,1.399,1.00,5.29
2015.06.18 12:57:20.579,1.39891,1.39896,1.50,1.00
2015.06.18 12:57:20.630,1.39891,1.39898,1.50,1.00
2015.06.18 12:57:20.892,1.39891,1.39895,1.50,1.00
2015.06.18 12:57:21.348,1.3989,1.39892,1.07,1.50
2015.06.18 12:57:21.500,1.39886,1.3989,2.25,1.50
2015.06.18 12:57:21.602,1.39882,1.3989,1.25,2.25
2015.06.18 12:57:21.870,1.39881,1.3989,1.42,1.65
2015.06.18 12:57:22.123,1.39879,1.39888,1.95,2.25
2015.06.18 12:57:22.326,1.39879,1.39888,1.45,2.32
2015.06.18 12:57:22.479,1.39879,1.39888,1.95,1.57
2015.06.18 12:57:24.890,1.39878,1.39887,1.99,2.32
2015.06.18 12:57:25.194,1.39877,1.39886,2.62,2.32
2015.06.18 12:57:25.549,1.39875,1.39884,3.37,1.87
2015.06.18 12:57:25.651,1.39879,1.39884,1.00,1.50
2015.06.18 12:57:25.991,1.39886,1.39889,3.75,1.00
2015.06.18 12:57:26.042,1.39888,1.39897,1.37,1.91
2015.06.18 12:57:26.195,1.39887,1.39896,3.49,1.12
2015.06.18 12:57:26.752,1.39889,1.39897,1.00,1.87
2015.06.18 12:57:27.196,1.39894,1.39899,1.00,2.10
2015.06.18 12:57:27.248,1.39892,1.39899,1.12,1.50
2015.06.18 12:57:27.819,1.39891,1.39899,3.07,1.50
2015.06.18 12:57:28.487,1.39892,1.39899,1.87,1.50
2015.06.18 12:57:28.589,1.39894,1.39899,1.05,1.50
2015.06.18 12:57:29.138,1.39895,1.39899,1.00,1.50
2015.06.18 12:57:29.290,1.39895,1.39902,1.00,1.72
2015.06.18 12:57:29.594,1.39895,1.39902,1.87,2.47
2015.06.18 12:57:29.932,1.39898,1.39903,1.87,1.05
2015.06.18 12:57:30.034,1.39899,1.39905,1.00,1.00
2015.06.18 12:57:30.086,1.399,1.39908,1.50,2.25
2015.06.18 12:57:30.137,1.399,1.39905,2.25,1.09
2015.06.18 12:57:30.290,1.39897,1.39902,1.20,2.25
2015.06.18 12:57:30.695,1.39895,1.39902,1.05,1.54
2015.06.18 12:57:30.867,1.39894,1.399,1.20,1.00
2015.06.18 12:57:31.374,1.39894,1.39899,1.20,1.50
2015.06.18 12:57:31.678,1.39896,1.39899,1.00,1.50
2015.06.18 12:57:31.934,1.39893,1.39899,1.15,1.50
2015.06.18 12:57:32.543,1.39893,1.39901,1.20,1.54
2015.06.18 12:57:32.746,1.39894,1.39901,1.37,1.54
2015.06.18 12:57:32.948,1.39892,1.399,2.29,1.00
2015.06.18 12:57:33.461,1.39891,1.39899,2.32,1.50
2015.06.18 12:57:33.664,1.39891,1.39895,1.57,1.00
2015.06.18 12:57:34.251,1.39891,1.39898,1.12,1.87
2015.06.18 12:57:34.353,1.39891,1.39899,1.87,1.00
2015.06.18 12:57:35.779,1.39891,1.399,2.25,3.75
2015.06.18 12:57:36.083,1.39893,1.39901,1.12,1.10
2015.06.18 12:57:36.755,1.39893,1.39902,2.62,2.40
2015.06.18 12:57:37.262,1.39896,1.39903,1.37,1.07
2015.06.18 12:57:37.464,1.39897,1.39906,1.37,1.75
2015.06.18 12:57:37.983,1.39897,1.39906,1.37,1.60
2015.06.18 12:57:38.238,1.39897,1.39906,1.12,1.60
2015.06.18 12:57:38.744,1.39897,1.39904,1.00,1.00
2015.06.18 12:57:38.845,1.39899,1.39904,1.00,1.35
2015.06.18 12:57:39.385,1.39899,1.39906,1.50,2.10
2015.06.18 12:57:40.187,1.39899,1.39904,1.50,1.00
2015.06.18 12:57:40.645,1.39892,1.399,1.20,1.57
2015.06.18 12:57:40.797,1.39893,1.39903,1.57,1.75
2015.06.18 12:57:40.848,1.39893,1.39903,2.25,1.00
2015.06.18 12:57:41.465,1.39893,1.39903,4.12,1.00
2015.06.18 12:57:41.894,1.39894,1.39901,1.50,1.00
2015.06.18 12:57:42.046,1.39891,1.39901,3.90,3.04
2015.06.18 12:57:42.198,1.39891,1.39899,2.32,1.00
2015.06.18 12:57:42.984,1.3989,1.39894,1.00,2.50
2015.06.18 12:57:43.087,1.39888,1.39891,1.57,1.54
2015.06.18 12:57:43.188,1.39889,1.39891,1.07,1.00
2015.06.18 12:57:43.291,1.39884,1.3989,1.07,1.00
2015.06.18 12:57:43.392,1.39883,1.39886,1.07,1.00
2015.06.18 12:57:43.696,1.39883,1.39888,1.07,1.05
2015.06.18 12:57:44.318,1.39883,1.39889,1.07,1.00
2015.06.18 12:57:44.823,1.39883,1.3989,1.57,1.05
2015.06.18 12:57:46.617,1.39883,1.39892,1.57,1.15
2015.06.18 12:57:47.097,1.39885,1.3989,1.00,1.00
2015.06.18 12:57:47.603,1.39885,1.39889,1.00,1.00
2015.06.18 12:57:47.907,1.3988,1.39885,2.25,1.00
2015.06.18 12:57:48.236,1.39878,1.39883,1.00,1.09
2015.06.18 12:57:48.338,1.39875,1.39884,1.50,2.25
2015.06.18 12:57:48.592,1.39877,1.39884,1.00,1.50
2015.06.18 12:57:49.099,1.39877,1.39885,1.10,1.10
2015.06.18 12:57:49.617,1.39877,1.39886,1.85,1.00
2015.06.18 12:57:51.520,1.39879,1.39888,2.02,2.62
2015.06.18 12:57:51.899,1.39881,1.39885,1.09,1.00
2015.06.18 12:57:51.951,1.39881,1.3989,1.61,1.50
2015.06.18 12:57:52.002,1.39881,1.39887,1.61,1.00
2015.06.18 12:57:52.357,1.3988,1.39888,1.07,3.37
2015.06.18 12:57:52.663,1.39877,1.39879,1.07,1.12
2015.06.18 12:57:52.714,1.39877,1.3988,1.07,1.46
2015.06.18 12:57:52.936,1.39874,1.39881,1.50,2.25
2015.06.18 12:57:53.039,1.39875,1.39881,1.00,1.12
2015.06.18 12:57:53.192,1.39878,1.39882,1.00,1.91
2015.06.18 12:57:53.345,1.39878,1.39885,1.12,2.29
2015.06.18 12:57:53.599,1.39879,1.39887,1.50,1.54
2015.06.18 12:57:54.382,1.39879,1.39887,1.50,1.91
2015.06.18 12:57:54.754,1.39879,1.39886,1.50,3.37
2015.06.18 12:57:55.203,1.39877,1.39885,1.07,2.70
2015.06.18 12:57:55.961,1.39877,1.39885,1.57,3.41
2015.06.18 12:57:56.264,1.39879,1.39888,1.20,2.29
2015.06.18 12:57:56.578,1.39882,1.39889,1.50,2.66
2015.06.18 12:57:57.092,1.39882,1.39889,1.65,1.20
2015.06.18 12:57:57.769,1.39882,1.3989,3.37,1.57
2015.06.18 12:57:58.073,1.39886,1.39889,1.00,1.50
2015.06.18 12:57:58.935,1.39885,1.39887,4.04,2.62
2015.06.18 12:57:58.986,1.39883,1.39886,1.05,1.57
2015.06.18 12:57:59.291,1.39885,1.39886,1.00,1.00
2015.06.18 12:57:59.444,1.39885,1.39888,1.50,1.00
2015.06.18 12:57:59.598,1.39885,1.39888,1.05,1.87
2015.06.18 12:57:59.700,1.39883,1.39887,1.00,1.05
2015.06.18 12:57:59.751,1.39883,1.39885,1.00,1.00
2015.06.18 12:58:00.274,1.39883,1.39886,1.00,1.00
2015.06.18 12:58:00.788,1.39883,1.39884,1.00,1.00
2015.06.18 12:58:00.940,1.39883,1.39886,1.00,1.05
2015.06.18 12:58:01.291,1.39883,1.39891,3.37,1.00
2015.06.18 12:58:01.393,1.39884,1.3989,2.32,1.00
2015.06.18 12:58:01.697,1.39884,1.39887,2.36,1.00
2015.06.18 12:58:02.104,1.39879,1.39888,1.57,1.57
2015.06.18 12:58:02.610,1.39879,1.39887,1.57,1.09
2015.06.18 12:58:03.016,1.39879,1.39888,1.20,2.29
2015.06.18 12:58:03.269,1.3988,1.3989,1.00,3.19
2015.06.18 12:58:03.451,1.39883,1.3989,1.50,1.61
2015.06.18 12:58:03.503,1.39883,1.39892,1.50,1.20
2015.06.18 12:58:04.049,1.39883,1.39893,1.57,3.45
2015.06.18 12:58:04.409,1.39886,1.39893,1.00,1.95
2015.06.18 12:58:04.743,1.39893,1.39898,1.00,1.87
2015.06.18 12:58:04.799,1.39893,1.39898,1.00,1.12
2015.06.18 12:58:04.952,1.3989,1.39899,1.50,2.62
2015.06.18 12:58:05.205,1.3989,1.39896,1.50,1.00
2015.06.18 12:58:05.509,1.39885,1.39894,2.29,1.37
2015.06.18 12:58:06.017,1.39885,1.39895,3.79,1.37
2015.06.18 12:58:06.271,1.39888,1.39895,1.50,1.00
2015.06.18 12:58:06.323,1.39888,1.39897,1.50,1.50
2015.06.18 12:58:06.425,1.39888,1.39892,1.65,1.00
2015.06.18 12:58:06.680,1.39884,1.39891,1.50,1.00
2015.06.18 12:58:06.731,1.39884,1.39893,1.50,1.91
2015.06.18 12:58:06.782,1.39884,1.39891,1.50,1.00
2015.06.18 12:58:07.105,1.39879,1.39883,1.20,3.04
2015.06.18 12:58:07.156,1.39879,1.39882,1.07,1.50
2015.06.18 12:58:07.259,1.39876,1.39882,1.50,1.00
2015.06.18 12:58:07.766,1.39877,1.39882,1.07,1.00
2015.06.18 12:58:08.131,1.39875,1.39882,1.50,1.00
2015.06.18 12:58:08.182,1.39875,1.3988,1.50,1.00
2015.06.18 12:58:08.334,1.39873,1.3988,1.20,1.50
2015.06.18 12:58:08.588,1.39873,1.39878,1.07,1.00
2015.06.18 12:58:08.689,1.39869,1.39878,2.25,1.65
2015.06.18 12:58:09.249,1.39869,1.39878,1.47,2.32
2015.06.18 12:58:09.301,1.39873,1.39878,1.39,1.07
2015.06.18 12:58:09.453,1.39873,1.39881,1.50,1.50
2015.06.18 12:58:09.655,1.39872,1.3988,1.20,1.20
2015.06.18 12:58:09.909,1.39871,1.39878,1.50,1.00
2015.06.18 12:58:10.011,1.39868,1.39878,4.05,1.10
2015.06.18 12:58:10.535,1.3987,1.39878,1.60,1.10
2015.06.18 12:58:11.042,1.39872,1.3988,2.96,1.07
2015.06.18 12:58:11.595,1.39872,1.39881,3.04,1.50
2015.06.18 12:58:11.798,1.39872,1.39881,3.37,1.50
2015.06.18 12:58:12.408,1.39872,1.39882,5.10,3.00
2015.06.18 12:58:13.096,1.39874,1.39882,1.37,2.25
2015.06.18 12:58:13.942,1.39874,1.39883,2.70,1.07
2015.06.18 12:58:14.500,1.39874,1.39883,2.70,1.07
2015.06.18 12:58:14.846,1.39875,1.39884,1.95,1.10
2015.06.18 12:58:14.897,1.39875,1.39885,2.70,3.11
2015.06.18 12:58:15.402,1.39877,1.39886,1.47,1.57
2015.06.18 12:58:15.938,1.39877,1.39888,2.44,3.37
2015.06.18 12:58:16.491,1.39878,1.39888,1.50,3.00
2015.06.18 12:58:17.291,1.39878,1.39888,1.50,1.54
2015.06.18 12:58:17.793,1.39879,1.39888,1.50,1.57
2015.06.18 12:58:18.616,1.39879,1.39886,1.87,1.00
2015.06.18 12:58:19.926,1.39879,1.39888,2.25,3.07
2015.06.18 12:58:20.439,1.39879,1.39888,2.25,3.37
2015.06.18 12:58:20.880,1.39883,1.39888,1.00,3.45
2015.06.18 12:58:21.184,1.3988,1.39888,2.25,1.37
2015.06.18 12:58:21.336,1.39879,1.39887,1.20,1.87
2015.06.18 12:58:21.488,1.39879,1.39887,1.07,4.12
2015.06.18 12:58:21.728,1.39877,1.39882,1.50,1.50
2015.06.18 12:58:21.982,1.39874,1.39882,1.45,1.61
2015.06.18 12:58:22.489,1.39872,1.3988,2.32,1.50
2015.06.18 12:58:22.811,1.39868,1.39878,1.87,1.87
2015.06.18 12:58:23.318,1.39871,1.39878,1.00,1.57
2015.06.18 12:58:23.622,1.39877,1.39883,1.00,1.95
2015.06.18 12:58:24.136,1.39876,1.39884,1.17,1.75
2015.06.18 12:58:24.338,1.39875,1.39883,3.04,1.05
2015.06.18 12:58:24.540,1.39875,1.39882,1.50,2.62
2015.06.18 12:58:25.192,1.39875,1.39882,1.57,1.87
2015.06.18 12:58:25.851,1.39875,1.39884,1.57,7.54
2015.06.18 12:58:26.155,1.39873,1.39882,2.55,1.47
2015.06.18 12:58:26.738,1.39873,1.39882,2.59,1.47
2015.06.18 12:58:27.254,1.39874,1.39881,1.05,1.00
2015.06.18 12:58:27.755,1.39873,1.39882,1.95,2.36
2015.06.18 12:58:28.309,1.39873,1.39882,2.55,2.32
2015.06.18 12:58:28.461,1.39873,1.39881,1.95,1.46
2015.06.18 12:58:29.289,1.39873,1.3988,1.57,1.05
2015.06.18 12:58:29.610,1.39874,1.39881,1.95,1.12
2015.06.18 12:58:30.155,1.39874,1.39882,1.95,2.25
2015.06.18 12:58:30.707,1.39874,1.39881,1.95,1.12
2015.06.18 12:58:31.294,1.39876,1.39882,1.00,1.00
2015.06.18 12:58:31.445,1.39877,1.39884,1.10,1.12
2015.06.18 12:58:31.547,1.39878,1.39886,1.95,1.20
2015.06.18 12:58:32.062,1.3988,1.39887,1.10,1.75
2015.06.18 12:58:32.784,1.39879,1.39883,1.99,1.50
2015.06.18 12:58:32.987,1.39873,1.39883,2.62,2.62
2015.06.18 12:58:34.267,1.39873,1.39883,2.62,2.70
2015.06.18 12:58:35.223,1.39874,1.39883,1.27,2.25
2015.06.18 12:58:35.407,1.39874,1.39881,1.10,1.42
2015.06.18 12:58:35.926,1.39874,1.39881,1.10,2.29
2015.06.18 12:58:36.718,1.39874,1.39881,1.47,2.66
2015.06.18 12:58:39.220,1.39876,1.39881,1.12,1.50
2015.06.18 12:58:39.524,1.39878,1.39885,1.50,1.57
2015.06.18 12:58:40.043,1.39878,1.39885,1.37,1.87
2015.06.18 12:58:40.812,1.39878,1.39885,1.37,1.37
2015.06.18 12:58:41.315,1.39879,1.39888,1.57,4.20
2015.06.18 12:58:41.878,1.39879,1.39888,1.57,3.07
2015.06.18 12:58:42.387,1.39879,1.39888,1.57,3.07
2015.06.18 12:58:43.057,1.39879,1.39888,1.57,2.32
2015.06.18 12:58:43.584,1.3988,1.39889,1.20,2.70
2015.06.18 12:58:45.150,1.39879,1.39888,1.24,2.70
2015.06.18 12:58:45.453,1.39879,1.39888,1.24,3.45
2015.06.18 12:58:46.178,1.39879,1.39888,1.57,2.70
2015.06.18 12:58:46.705,1.39883,1.39888,1.00,1.99
2015.06.18 12:58:46.861,1.39881,1.3989,1.47,2.32
2015.06.18 12:58:47.165,1.39881,1.39889,1.45,1.75
2015.06.18 12:58:48.061,1.3988,1.39886,2.66,1.91
2015.06.18 12:58:48.365,1.39879,1.39884,1.50,1.50
2015.06.18 12:58:48.668,1.39875,1.39882,1.47,1.12
2015.06.18 12:58:48.991,1.39875,1.39879,1.37,1.00
2015.06.18 12:58:49.144,1.39874,1.39881,1.95,1.91
2015.06.18 12:58:49.296,1.39875,1.39881,1.37,1.42
2015.06.18 12:58:49.550,1.39874,1.39881,1.80,1.37
2015.06.18 12:58:49.803,1.39875,1.3988,1.37,2.25
2015.06.18 12:58:49.955,1.39873,1.39882,3.97,3.45
2015.06.18 12:58:50.272,1.39874,1.39882,1.37,2.02
2015.06.18 12:58:50.781,1.39877,1.39883,1.37,1.50
2015.06.18 12:58:51.135,1.39876,1.39883,1.87,1.50
2015.06.18 12:58:51.641,1.39876,1.39883,2.47,1.50
2015.06.18 12:58:51.865,1.39876,1.39883,2.10,4.12
2015.06.18 12:58:51.916,1.39876,1.39881,1.50,1.12
2015.06.18 12:58:52.118,1.39872,1.39879,1.87,1.87
2015.06.18 12:58:52.663,1.3987,1.39877,1.37,1.50
2015.06.18 12:58:53.170,1.39869,1.39877,1.42,1.87
2015.06.18 12:58:53.635,1.39869,1.39877,1.42,1.87
2015.06.18 12:58:53.685,1.39869,1.39877,1.70,1.87
2015.06.18 12:58:53.943,1.39868,1.39877,1.57,1.87
2015.06.18 12:58:56.231,1.39868,1.39877,1.57,1.50
2015.06.18 12:58:57.163,1.39867,1.39877,3.04,4.57
2015.06.18 12:58:57.214,1.39867,1.39873,1.99,1.50
2015.06.18 12:58:57.518,1.39864,1.39871,2.47,1.50
2015.06.18 12:58:57.670,1.39865,1.39874,1.05,1.57
2015.06.18 12:58:58.187,1.39866,1.39875,1.72,1.57
2015.06.18 12:58:58.689,1.39866,1.39875,3.00,1.20
2015.06.18 12:58:58.740,1.39867,1.39875,1.39,1.10
2015.06.18 12:58:58.994,1.39868,1.39875,1.37,1.00
2015.06.18 12:58:59.348,1.3987,1.39878,2.25,1.50
2015.06.18 12:58:59.399,1.3987,1.39878,2.32,1.00
2015.06.18 12:59:00.213,1.3987,1.39875,2.32,1.00
2015.06.18 12:59:00.365,1.3987,1.39877,2.32,1.12
2015.06.18 12:59:00.517,1.39868,1.39877,1.47,1.57
2015.06.18 12:59:00.822,1.39867,1.39875,1.82,1.50
2015.06.18 12:59:01.143,1.39864,1.39871,2.62,1.37
2015.06.18 12:59:01.448,1.39865,1.39873,2.17,1.37
2015.06.18 12:59:01.499,1.39865,1.39874,2.17,2.81
2015.06.18 12:59:02.278,1.39866,1.39874,2.85,1.91
2015.06.18 12:59:02.803,1.39867,1.39874,1.20,1.91
2015.06.18 12:59:03.578,1.39866,1.39874,3.64,1.91
2015.06.18 12:59:04.112,1.39867,1.39873,1.20,1.12
2015.06.18 12:59:04.387,1.39866,1.3987,2.25,1.00
2015.06.18 12:59:04.691,1.39865,1.39869,1.50,1.05
2015.06.18 12:59:04.742,1.39865,1.3987,1.50,1.05
2015.06.18 12:59:05.334,1.39862,1.39869,1.97,1.15
2015.06.18 12:59:05.841,1.39861,1.39866,2.62,1.00
2015.06.18 12:59:05.942,1.3986,1.39863,2.62,1.00
2015.06.18 12:59:06.044,1.39859,1.39862,1.72,1.05
2015.06.18 12:59:06.095,1.39856,1.39857,3.82,1.00
2015.06.18 12:59:06.146,1.39852,1.3986,1.87,2.62
2015.06.18 12:59:06.197,1.39852,1.3986,1.10,4.12
2015.06.18 12:59:06.403,1.3985,1.39857,1.07,1.50
2015.06.18 12:59:06.706,1.39844,1.3985,1.50,1.00
2015.06.18 12:59:06.759,1.39844,1.39847,1.50,1.00
2015.06.18 12:59:06.861,1.39841,1.39847,1.45,1.00
2015.06.18 12:59:07.327,1.39839,1.39845,1.87,1.00
2015.06.18 12:59:07.839,1.39841,1.39843,1.50,4.50
2015.06.18 12:59:08.185,1.39836,1.39841,1.20,1.09
2015.06.18 12:59:08.237,1.39835,1.39841,1.45,1.57
2015.06.18 12:59:08.288,1.39836,1.39841,1.20,1.50
2015.06.18 12:59:08.492,1.39836,1.39842,1.57,1.00
2015.06.18 12:59:08.797,1.39843,1.39848,1.01,1.16
2015.06.18 12:59:09.001,1.39842,1.39851,1.16,1.57
2015.06.18 12:59:09.419,1.39847,1.39854,1.00,1.05
2015.06.18 12:59:09.572,1.3985,1.39854,1.00,1.00
2015.06.18 12:59:09.976,1.39848,1.39854,1.05,1.05
2015.06.18 12:59:10.362,1.39846,1.39852,1.99,1.37
2015.06.18 12:59:10.616,1.39841,1.39847,1.00,1.50
2015.06.18 12:59:10.768,1.39843,1.39847,1.00,1.57
2015.06.18 12:59:11.388,1.3984,1.39847,1.52,3.79
2015.06.18 12:59:11.439,1.39838,1.39845,1.50,1.00
2015.06.18 12:59:11.946,1.39839,1.39846,1.12,1.16
2015.06.18 12:59:12.467,1.39837,1.39846,1.20,1.50
2015.06.18 12:59:12.669,1.39836,1.39844,1.57,1.00
2015.06.18 12:59:13.074,1.39835,1.3984,1.50,1.00
2015.06.18 12:59:13.277,1.39831,1.39839,2.70,1.00
2015.06.18 12:59:13.329,1.39831,1.39839,1.20,1.50
2015.06.18 12:59:13.509,1.39831,1.3984,2.06,1.20
2015.06.18 12:59:14.020,1.39831,1.39841,2.74,1.10
2015.06.18 12:59:14.273,1.39834,1.39842,1.12,1.61
2015.06.18 12:59:14.869,1.39834,1.39843,1.50,1.12
2015.06.18 12:59:15.173,1.39832,1.39841,1.87,1.00
2015.06.18 12:59:15.375,1.39833,1.39843,2.02,2.25
2015.06.18 12:59:16.106,1.39833,1.39843,2.81,2.25
2015.06.18 12:59:16.425,1.39836,1.39842,1.00,1.37
2015.06.18 12:59:16.729,1.39839,1.39845,1.50,2.32
2015.06.18 12:59:16.780,1.39839,1.39847,1.50,2.25
2015.06.18 12:59:17.067,1.39839,1.39847,1.50,1.50
2015.06.18 12:59:17.779,1.39839,1.39849,4.16,4.12
2015.06.18 12:59:17.930,1.3984,1.39849,1.95,2.92
2015.06.18 12:59:18.454,1.39842,1.39849,1.42,2.10
2015.06.18 12:59:18.960,1.39842,1.39849,1.12,2.10
2015.06.18 12:59:19.400,1.39839,1.39846,2.62,1.60
2015.06.18 12:59:19.452,1.39835,1.39845,1.10,1.35
2015.06.18 12:59:19.655,1.39835,1.39843,1.00,1.00
2015.06.18 12:59:20.191,1.39833,1.39842,3.37,1.00
2015.06.18 12:59:20.726,1.39833,1.39842,2.25,1.05
2015.06.18 12:59:21.787,1.39839,1.39842,1.00,1.00
2015.06.18 12:59:21.939,1.39837,1.39842,1.16,1.05
2015.06.18 12:59:21.990,1.39836,1.39844,1.37,1.50
2015.06.18 12:59:22.521,1.39836,1.39844,1.12,1.54
2015.06.18 12:59:23.448,1.39835,1.39844,1.00,1.54
2015.06.18 12:59:24.910,1.39833,1.39844,3.37,1.91
2015.06.18 12:59:25.264,1.39832,1.39841,2.25,1.54
2015.06.18 12:59:25.781,1.39833,1.39841,1.50,1.57
2015.06.18 12:59:26.337,1.39833,1.39841,1.00,1.61
2015.06.18 12:59:26.540,1.39831,1.39841,2.32,1.61
2015.06.18 12:59:27.040,1.39832,1.39842,2.70,1.99
2015.06.18 12:59:27.141,1.39832,1.39842,1.47,1.99
2015.06.18 12:59:27.667,1.39832,1.39842,1.95,1.10
2015.06.18 12:59:28.206,1.39832,1.39842,2.32,1.57
2015.06.18 12:59:29.489,1.39833,1.39842,1.10,1.57
2015.06.18 12:59:30.048,1.39832,1.39842,2.32,1.95
2015.06.18 12:59:30.452,1.39832,1.39842,1.85,1.95
2015.06.18 12:59:31.055,1.39832,1.39842,2.32,1.95
2015.06.18 12:59:31.494,1.39835,1.39842,1.37,1.20
2015.06.18 12:59:31.747,1.39838,1.39846,1.47,1.12
2015.06.18 12:59:32.294,1.39837,1.39846,1.10,1.60
2015.06.18 12:59:32.801,1.39835,1.39844,1.87,1.00
2015.06.18 12:59:33.474,1.3984,1.39844,1.00,1.00
2015.06.18 12:59:33.728,1.39841,1.39848,1.00,2.89
2015.06.18 12:59:33.981,1.39839,1.39846,1.00,2.10
2015.06.18 12:59:34.665,1.39837,1.39845,1.10,2.47
2015.06.18 12:59:34.919,1.39833,1.39841,1.12,1.65
2015.06.18 12:59:35.425,1.39833,1.39841,1.12,1.20
2015.06.18 12:59:35.577,1.39833,1.39841,3.00,1.24
2015.06.18 12:59:35.947,1.39835,1.39843,1.12,1.16
2015.06.18 12:59:36.517,1.39835,1.39843,2.25,1.50
2015.06.18 12:59:36.669,1.39838,1.39844,1.50,1.54
2015.06.18 12:59:36.923,1.39841,1.39848,1.00,1.46
2015.06.18 12:59:37.185,1.39839,1.39847,2.66,1.39
2015.06.18 12:59:37.287,1.3984,1.39848,1.00,1.56
2015.06.18 12:59:37.439,1.3984,1.39848,1.00,1.00
2015.06.18 12:59:37.877,1.3984,1.39846,1.00,1.00
2015.06.18 12:59:38.402,1.39839,1.39846,3.04,1.00
2015.06.18 12:59:38.908,1.39839,1.39845,1.00,1.72
2015.06.18 12:59:38.959,1.39837,1.39845,1.10,6.26
2015.06.18 12:59:39.061,1.39835,1.39842,2.29,2.85
2015.06.18 12:59:39.112,1.39834,1.39842,1.16,2.10
2015.06.18 12:59:39.453,1.39834,1.39842,2.25,1.85
2015.06.18 12:59:39.960,1.3983,1.39838,2.66,1.50
2015.06.18 12:59:40.522,1.3983,1.39837,2.62,1.05
2015.06.18 12:59:40.826,1.39825,1.39829,1.87,1.50
2015.06.18 12:59:41.725,1.39825,1.39828,1.37,1.00
2015.06.18 12:59:42.133,1.39825,1.39828,1.12,1.37
2015.06.18 12:59:42.501,1.39825,1.39829,1.37,1.50
2015.06.18 12:59:42.552,1.39825,1.39829,1.00,2.25
2015.06.18 12:59:42.603,1.39825,1.39829,1.37,1.95
2015.06.18 12:59:42.917,1.39825,1.39831,1.37,1.00
2015.06.18 12:59:43.171,1.39825,1.3983,1.87,1.00
2015.06.18 12:59:43.272,1.39825,1.39828,2.62,1.00
2015.06.18 12:59:44.044,1.39825,1.39827,1.37,1.50
2015.06.18 12:59:44.146,1.39813,1.39817,5.17,1.50
2015.06.18 12:59:44.298,1.39805,1.39807,1.50,4.50
2015.06.18 12:59:44.349,1.39805,1.39807,1.12,1.50
2015.06.18 12:59:44.451,1.398,1.39801,2.25,1.00
2015.06.18 12:59:44.502,1.39795,1.39798,1.57,1.00
2015.06.18 12:59:44.848,1.39788,1.39789,1.50,1.00
2015.06.18 12:59:44.950,1.39795,1.39796,1.00,5.25
2015.06.18 12:59:45.052,1.39791,1.39797,1.75,1.95
2015.06.18 12:59:45.153,1.3979,1.39797,1.37,1.50
2015.06.18 12:59:45.255,1.3979,1.39797,1.09,1.87
2015.06.18 12:59:45.358,1.39787,1.39794,1.29,1.00
2015.06.18 12:59:45.602,1.39786,1.39796,3.90,2.25
2015.06.18 12:59:45.654,1.39789,1.39796,1.00,1.50
2015.06.18 12:59:46.010,1.39787,1.39793,2.29,1.37
2015.06.18 12:59:46.395,1.39784,1.39792,1.07,4.54
2015.06.18 12:59:46.743,1.39783,1.39793,3.45,1.10
2015.06.18 12:59:46.845,1.39786,1.39794,1.09,1.07
2015.06.18 12:59:47.099,1.39788,1.39797,3.00,1.37
2015.06.18 12:59:47.200,1.39788,1.39798,3.75,1.65
2015.06.18 12:59:47.677,1.39791,1.39798,1.00,1.50
2015.06.18 12:59:47.881,1.39788,1.39798,2.81,1.50
2015.06.18 12:59:48.388,1.39789,1.39798,1.37,1.50
2015.06.18 12:59:48.780,1.39794,1.39802,1.00,1.91
2015.06.18 12:59:48.985,1.39791,1.39799,1.10,1.50
2015.06.18 12:59:49.036,1.3979,1.39797,1.10,1.00
2015.06.18 12:59:49.344,1.39786,1.39793,1.00,1.20
2015.06.18 12:59:49.806,1.39782,1.39792,3.07,1.15
2015.06.18 12:59:50.319,1.39782,1.39792,2.32,1.20
2015.06.18 12:59:50.940,1.39782,1.39792,3.04,1.20
2015.06.18 12:59:50.991,1.39782,1.39792,3.04,1.57
2015.06.18 12:59:51.496,1.39782,1.3979,1.07,1.87
2015.06.18 12:59:52.171,1.39781,1.3979,2.66,1.50
2015.06.18 12:59:52.678,1.39781,1.3979,1.12,1.50
2015.06.18 12:59:54.137,1.39781,1.3979,2.70,1.50
2015.06.18 12:59:54.353,1.39782,1.39792,2.29,3.79
2015.06.18 12:59:54.710,1.39782,1.39791,2.32,1.37
2015.06.18 12:59:55.066,1.39785,1.39792,1.00,2.25
2015.06.18 12:59:55.371,1.39791,1.39799,1.05,2.29
2015.06.18 12:59:55.473,1.39796,1.398,1.00,2.62
2015.06.18 12:59:55.778,1.39801,1.39804,1.00,1.37
2015.06.18 12:59:55.989,1.398,1.39804,1.00,1.00
2015.06.18 12:59:56.346,1.39802,1.39804,1.00,1.00
2015.06.18 12:59:56.447,1.398,1.39804,1.05,1.00
2015.06.18 12:59:57.182,1.39799,1.39804,1.00,1.87
2015.06.18 12:59:57.233,1.39794,1.39803,1.65,1.00
2015.06.18 12:59:57.285,1.39793,1.39801,1.50,1.50
2015.06.18 12:59:57.438,1.3979,1.39799,2.36,1.00
2015.06.18 12:59:57.540,1.39792,1.39799,1.00,1.00
2015.06.18 12:59:58.050,1.39791,1.39799,1.50,1.00
2015.06.18 12:59:58.359,1.39793,1.39799,1.12,1.00
2015.06.18 12:59:58.460,1.39791,1.39801,3.37,3.00
2015.06.18 12:59:58.966,1.39791,1.39801,2.62,1.50
2015.06.18 12:59:59.564,1.39793,1.39801,1.00,1.54
2015.06.18 12:59:59.772,1.39793,1.39803,2.29,1.54
